date,nav,cash,weights
2020-01-01,100000.0,0.0,"{'PKO': 0.1650506375355959, 'PKN': 0.1456109734466534, 'PZU': 0.11527576660519447, 'CDR': 0.09580309238874486, 'PEO': 0.08930119760742596, 'KGH': 0.06596083678472556, 'LPP': 0.06093669537814201, 'SPL': 0.052351861551123875, 'CPS': 0.04210661831049766, 'PGE': 0.03631224059541467, 'DNP': 0.03435143902149179, 'MBK': 0.027047398141749886, 'OPL': 0.022953041993283536, 'CCC': 0.016840666716548637, 'ALR': 0.014465037873619625, 'TPE': 0.009761094703855142, 'JSW': 0.005871401345932932}"
2020-01-02,102239.19152541162,0.0,"{'PKO': 0.1650506375355959, 'PKN': 0.1456109734466534, 'PZU': 0.11527576660519447, 'CDR': 0.09580309238874486, 'PEO': 0.08930119760742596, 'KGH': 0.06596083678472556, 'LPP': 0.06093669537814201, 'SPL': 0.052351861551123875, 'CPS': 0.04210661831049766, 'PGE': 0.03631224059541467, 'DNP': 0.03435143902149179, 'MBK': 0.027047398141749886, 'OPL': 0.022953041993283536, 'CCC': 0.016840666716548637, 'ALR': 0.014465037873619625, 'TPE': 0.009761094703855142, 'JSW': 0.005871401345932932}"
2020-01-03,101019.15637124656,0.0,"{'PKO': 0.1650506375355959, 'PKN': 0.1456109734466534, 'PZU': 0.11527576660519447, 'CDR': 0.09580309238874486, 'PEO': 0.08930119760742596, 'KGH': 0.06596083678472556, 'LPP': 0.06093669537814201, 'SPL': 0.052351861551123875, 'CPS': 0.04210661831049766, 'PGE': 0.03631224059541467, 'DNP': 0.03435143902149179, 'MBK': 0.027047398141749886, 'OPL': 0.022953041993283536, 'CCC': 0.016840666716548637, 'ALR': 0.014465037873619625, 'TPE': 0.009761094703855142, 'JSW': 0.005871401345932932}"
2020-01-06,101019.15637124656,0.0,"{'PKO': 0.1650506375355959, 'PKN': 0.1456109734466534, 'PZU': 0.11527576660519447, 'CDR': 0.09580309238874486, 'PEO': 0.08930119760742596, 'KGH': 0.06596083678472556, 'LPP': 0.06093669537814201, 'SPL': 0.052351861551123875, 'CPS': 0.04210661831049766, 'PGE': 0.03631224059541467, 'DNP': 0.03435143902149179, 'MBK': 0.027047398141749886, 'OPL': 0.022953041993283536, 'CCC': 0.016840666716548637, 'ALR': 0.014465037873619625, 'TPE': 0.009761094703855142, 'JSW': 0.005871401345932932}"
2020-01-07,99685.931917295,0.0,"{'PKO': 0.1650506375355959, 'PKN': 0.1456109734466534, 'PZU': 0.11527576660519447, 'CDR': 0.09580309238874486, 'PEO': 0.08930119760742596, 'KGH': 0.06596083678472556, 'LPP': 0.06093669537814201, 'SPL': 0.052351861551123875, 'CPS': 0.04210661831049766, 'PGE': 0.03631224059541467, 'DNP': 0.03435143902149179, 'MBK': 0.027047398141749886, 'OPL': 0.022953041993283536, 'CCC': 0.016840666716548637, 'ALR': 0.014465037873619625, 'TPE': 0.009761094703855142, 'JSW': 0.005871401345932932}"
2020-01-08,98386.6340532147,0.0,"{'PKO': 0.1650506375355959, 'PKN': 0.1456109734466534, 'PZU': 0.11527576660519447, 'CDR': 0.09580309238874486, 'PEO': 0.08930119760742596, 'KGH': 0.06596083678472556, 'LPP': 0.06093669537814201, 'SPL': 0.052351861551123875, 'CPS': 0.04210661831049766, 'PGE': 0.03631224059541467, 'DNP': 0.03435143902149179, 'MBK': 0.027047398141749886, 'OPL': 0.022953041993283536, 'CCC': 0.016840666716548637, 'ALR': 0.014465037873619625, 'TPE': 0.009761094703855142, 'JSW': 0.005871401345932932}"
2020-01-09,100318.76499601302,0.0,"{'PKO': 0.1650506375355959, 'PKN': 0.1456109734466534, 'PZU': 0.11527576660519447, 'CDR': 0.09580309238874486, 'PEO': 0.08930119760742596, 'KGH': 0.06596083678472556, 'LPP': 0.06093669537814201, 'SPL': 0.052351861551123875, 'CPS': 0.04210661831049766, 'PGE': 0.03631224059541467, 'DNP': 0.03435143902149179, 'MBK': 0.027047398141749886, 'OPL': 0.022953041993283536, 'CCC': 0.016840666716548637, 'ALR': 0.014465037873619625, 'TPE': 0.009761094703855142, 'JSW': 0.005871401345932932}"
2020-01-10,100810.3469920331,0.0,"{'PKO': 0.1650506375355959, 'PKN': 0.1456109734466534, 'PZU': 0.11527576660519447, 'CDR': 0.09580309238874486, 'PEO': 0.08930119760742596, 'KGH': 0.06596083678472556, 'LPP': 0.06093669537814201, 'SPL': 0.052351861551123875, 'CPS': 0.04210661831049766, 'PGE': 0.03631224059541467, 'DNP': 0.03435143902149179, 'MBK': 0.027047398141749886, 'OPL': 0.022953041993283536, 'CCC': 0.016840666716548637, 'ALR': 0.014465037873619625, 'TPE': 0.009761094703855142, 'JSW': 0.005871401345932932}"
2020-01-13,102064.01346935992,0.0,"{'PKO': 0.1650506375355959, 'PKN': 0.1456109734466534, 'PZU': 0.11527576660519447, 'CDR': 0.09580309238874486, 'PEO': 0.08930119760742596, 'KGH': 0.06596083678472556, 'LPP': 0.06093669537814201, 'SPL': 0.052351861551123875, 'CPS': 0.04210661831049766, 'PGE': 0.03631224059541467, 'DNP': 0.03435143902149179, 'MBK': 0.027047398141749886, 'OPL': 0.022953041993283536, 'CCC': 0.016840666716548637, 'ALR': 0.014465037873619625, 'TPE': 0.009761094703855142, 'JSW': 0.005871401345932932}"
2020-01-14,101533.01856965979,0.0,"{'PKO': 0.1650506375355959, 'PKN': 0.1456109734466534, 'PZU': 0.11527576660519447, 'CDR': 0.09580309238874486, 'PEO': 0.08930119760742596, 'KGH': 0.06596083678472556, 'LPP': 0.06093669537814201, 'SPL': 0.052351861551123875, 'CPS': 0.04210661831049766, 'PGE': 0.03631224059541467, 'DNP': 0.03435143902149179, 'MBK': 0.027047398141749886, 'OPL': 0.022953041993283536, 'CCC': 0.016840666716548637, 'ALR': 0.014465037873619625, 'TPE': 0.009761094703855142, 'JSW': 0.005871401345932932}"
2020-01-15,100637.17362245024,0.0,"{'PKO': 0.1650506375355959, 'PKN': 0.1456109734466534, 'PZU': 0.11527576660519447, 'CDR': 0.09580309238874486, 'PEO': 0.08930119760742596, 'KGH': 0.06596083678472556, 'LPP': 0.06093669537814201, 'SPL': 0.052351861551123875, 'CPS': 0.04210661831049766, 'PGE': 0.03631224059541467, 'DNP': 0.03435143902149179, 'MBK': 0.027047398141749886, 'OPL': 0.022953041993283536, 'CCC': 0.016840666716548637, 'ALR': 0.014465037873619625, 'TPE': 0.009761094703855142, 'JSW': 0.005871401345932932}"
2020-01-16,101036.70837005065,0.0,"{'PKO': 0.1650506375355959, 'PKN': 0.1456109734466534, 'PZU': 0.11527576660519447, 'CDR': 0.09580309238874486, 'PEO': 0.08930119760742596, 'KGH': 0.06596083678472556, 'LPP': 0.06093669537814201, 'SPL': 0.052351861551123875, 'CPS': 0.04210661831049766, 'PGE': 0.03631224059541467, 'DNP': 0.03435143902149179, 'MBK': 0.027047398141749886, 'OPL': 0.022953041993283536, 'CCC': 0.016840666716548637, 'ALR': 0.014465037873619625, 'TPE': 0.009761094703855142, 'JSW': 0.005871401345932932}"
2020-01-17,101173.50030184363,0.0,"{'PKO': 0.1650506375355959, 'PKN': 0.1456109734466534, 'PZU': 0.11527576660519447, 'CDR': 0.09580309238874486, 'PEO': 0.08930119760742596, 'KGH': 0.06596083678472556, 'LPP': 0.06093669537814201, 'SPL': 0.052351861551123875, 'CPS': 0.04210661831049766, 'PGE': 0.03631224059541467, 'DNP': 0.03435143902149179, 'MBK': 0.027047398141749886, 'OPL': 0.022953041993283536, 'CCC': 0.016840666716548637, 'ALR': 0.014465037873619625, 'TPE': 0.009761094703855142, 'JSW': 0.005871401345932932}"
2020-01-20,101213.65801164859,0.0,"{'PKO': 0.1650506375355959, 'PKN': 0.1456109734466534, 'PZU': 0.11527576660519447, 'CDR': 0.09580309238874486, 'PEO': 0.08930119760742596, 'KGH': 0.06596083678472556, 'LPP': 0.06093669537814201, 'SPL': 0.052351861551123875, 'CPS': 0.04210661831049766, 'PGE': 0.03631224059541467, 'DNP': 0.03435143902149179, 'MBK': 0.027047398141749886, 'OPL': 0.022953041993283536, 'CCC': 0.016840666716548637, 'ALR': 0.014465037873619625, 'TPE': 0.009761094703855142, 'JSW': 0.005871401345932932}"
2020-01-21,100332.8309932465,0.0,"{'PKO': 0.1650506375355959, 'PKN': 0.1456109734466534, 'PZU': 0.11527576660519447, 'CDR': 0.09580309238874486, 'PEO': 0.08930119760742596, 'KGH': 0.06596083678472556, 'LPP': 0.06093669537814201, 'SPL': 0.052351861551123875, 'CPS': 0.04210661831049766, 'PGE': 0.03631224059541467, 'DNP': 0.03435143902149179, 'MBK': 0.027047398141749886, 'OPL': 0.022953041993283536, 'CCC': 0.016840666716548637, 'ALR': 0.014465037873619625, 'TPE': 0.009761094703855142, 'JSW': 0.005871401345932932}"
2020-01-22,99802.3121151627,0.0,"{'PKO': 0.1650506375355959, 'PKN': 0.1456109734466534, 'PZU': 0.11527576660519447, 'CDR': 0.09580309238874486, 'PEO': 0.08930119760742596, 'KGH': 0.06596083678472556, 'LPP': 0.06093669537814201, 'SPL': 0.052351861551123875, 'CPS': 0.04210661831049766, 'PGE': 0.03631224059541467, 'DNP': 0.03435143902149179, 'MBK': 0.027047398141749886, 'OPL': 0.022953041993283536, 'CCC': 0.016840666716548637, 'ALR': 0.014465037873619625, 'TPE': 0.009761094703855142, 'JSW': 0.005871401345932932}"
2020-01-23,99992.49863641593,0.0,"{'PKO': 0.1650506375355959, 'PKN': 0.1456109734466534, 'PZU': 0.11527576660519447, 'CDR': 0.09580309238874486, 'PEO': 0.08930119760742596, 'KGH': 0.06596083678472556, 'LPP': 0.06093669537814201, 'SPL': 0.052351861551123875, 'CPS': 0.04210661831049766, 'PGE': 0.03631224059541467, 'DNP': 0.03435143902149179, 'MBK': 0.027047398141749886, 'OPL': 0.022953041993283536, 'CCC': 0.016840666716548637, 'ALR': 0.014465037873619625, 'TPE': 0.009761094703855142, 'JSW': 0.005871401345932932}"
2020-01-24,100255.1705808163,0.0,"{'PKO': 0.1650506375355959, 'PKN': 0.1456109734466534, 'PZU': 0.11527576660519447, 'CDR': 0.09580309238874486, 'PEO': 0.08930119760742596, 'KGH': 0.06596083678472556, 'LPP': 0.06093669537814201, 'SPL': 0.052351861551123875, 'CPS': 0.04210661831049766, 'PGE': 0.03631224059541467, 'DNP': 0.03435143902149179, 'MBK': 0.027047398141749886, 'OPL': 0.022953041993283536, 'CCC': 0.016840666716548637, 'ALR': 0.014465037873619625, 'TPE': 0.009761094703855142, 'JSW': 0.005871401345932932}"
2020-01-27,96973.11073923578,0.0,"{'PKO': 0.1650506375355959, 'PKN': 0.1456109734466534, 'PZU': 0.11527576660519447, 'CDR': 0.09580309238874486, 'PEO': 0.08930119760742596, 'KGH': 0.06596083678472556, 'LPP': 0.06093669537814201, 'SPL': 0.052351861551123875, 'CPS': 0.04210661831049766, 'PGE': 0.03631224059541467, 'DNP': 0.03435143902149179, 'MBK': 0.027047398141749886, 'OPL': 0.022953041993283536, 'CCC': 0.016840666716548637, 'ALR': 0.014465037873619625, 'TPE': 0.009761094703855142, 'JSW': 0.005871401345932932}"
2020-01-28,97719.73564171062,0.0,"{'PKO': 0.1650506375355959, 'PKN': 0.1456109734466534, 'PZU': 0.11527576660519447, 'CDR': 0.09580309238874486, 'PEO': 0.08930119760742596, 'KGH': 0.06596083678472556, 'LPP': 0.06093669537814201, 'SPL': 0.052351861551123875, 'CPS': 0.04210661831049766, 'PGE': 0.03631224059541467, 'DNP': 0.03435143902149179, 'MBK': 0.027047398141749886, 'OPL': 0.022953041993283536, 'CCC': 0.016840666716548637, 'ALR': 0.014465037873619625, 'TPE': 0.009761094703855142, 'JSW': 0.005871401345932932}"
2020-01-29,97887.17240639095,0.0,"{'PKO': 0.1650506375355959, 'PKN': 0.1456109734466534, 'PZU': 0.11527576660519447, 'CDR': 0.09580309238874486, 'PEO': 0.08930119760742596, 'KGH': 0.06596083678472556, 'LPP': 0.06093669537814201, 'SPL': 0.052351861551123875, 'CPS': 0.04210661831049766, 'PGE': 0.03631224059541467, 'DNP': 0.03435143902149179, 'MBK': 0.027047398141749886, 'OPL': 0.022953041993283536, 'CCC': 0.016840666716548637, 'ALR': 0.014465037873619625, 'TPE': 0.009761094703855142, 'JSW': 0.005871401345932932}"
2020-01-30,97097.51016038096,0.0,"{'PKO': 0.1650506375355959, 'PKN': 0.1456109734466534, 'PZU': 0.11527576660519447, 'CDR': 0.09580309238874486, 'PEO': 0.08930119760742596, 'KGH': 0.06596083678472556, 'LPP': 0.06093669537814201, 'SPL': 0.052351861551123875, 'CPS': 0.04210661831049766, 'PGE': 0.03631224059541467, 'DNP': 0.03435143902149179, 'MBK': 0.027047398141749886, 'OPL': 0.022953041993283536, 'CCC': 0.016840666716548637, 'ALR': 0.014465037873619625, 'TPE': 0.009761094703855142, 'JSW': 0.005871401345932932}"
2020-01-31,96444.0051983239,0.0,"{'PKO': 0.1650506375355959, 'PKN': 0.1456109734466534, 'PZU': 0.11527576660519447, 'CDR': 0.09580309238874486, 'PEO': 0.08930119760742596, 'KGH': 0.06596083678472556, 'LPP': 0.06093669537814201, 'SPL': 0.052351861551123875, 'CPS': 0.04210661831049766, 'PGE': 0.03631224059541467, 'DNP': 0.03435143902149179, 'MBK': 0.027047398141749886, 'OPL': 0.022953041993283536, 'CCC': 0.016840666716548637, 'ALR': 0.014465037873619625, 'TPE': 0.009761094703855142, 'JSW': 0.005871401345932932}"
2020-02-03,96921.70686085815,0.0,"{'PKO': 0.1650506375355959, 'PKN': 0.1456109734466534, 'PZU': 0.11527576660519447, 'CDR': 0.09580309238874486, 'PEO': 0.08930119760742596, 'KGH': 0.06596083678472556, 'LPP': 0.06093669537814201, 'SPL': 0.052351861551123875, 'CPS': 0.04210661831049766, 'PGE': 0.03631224059541467, 'DNP': 0.03435143902149179, 'MBK': 0.027047398141749886, 'OPL': 0.022953041993283536, 'CCC': 0.016840666716548637, 'ALR': 0.014465037873619625, 'TPE': 0.009761094703855142, 'JSW': 0.005871401345932932}"
2020-02-04,98490.51042412313,0.0,"{'PKO': 0.1650506375355959, 'PKN': 0.1456109734466534, 'PZU': 0.11527576660519447, 'CDR': 0.09580309238874486, 'PEO': 0.08930119760742596, 'KGH': 0.06596083678472556, 'LPP': 0.06093669537814201, 'SPL': 0.052351861551123875, 'CPS': 0.04210661831049766, 'PGE': 0.03631224059541467, 'DNP': 0.03435143902149179, 'MBK': 0.027047398141749886, 'OPL': 0.022953041993283536, 'CCC': 0.016840666716548637, 'ALR': 0.014465037873619625, 'TPE': 0.009761094703855142, 'JSW': 0.005871401345932932}"
2020-02-05,99295.86670332942,0.0,"{'PKO': 0.1650506375355959, 'PKN': 0.1456109734466534, 'PZU': 0.11527576660519447, 'CDR': 0.09580309238874486, 'PEO': 0.08930119760742596, 'KGH': 0.06596083678472556, 'LPP': 0.06093669537814201, 'SPL': 0.052351861551123875, 'CPS': 0.04210661831049766, 'PGE': 0.03631224059541467, 'DNP': 0.03435143902149179, 'MBK': 0.027047398141749886, 'OPL': 0.022953041993283536, 'CCC': 0.016840666716548637, 'ALR': 0.014465037873619625, 'TPE': 0.009761094703855142, 'JSW': 0.005871401345932932}"
2020-02-06,98803.83230584227,0.0,"{'PKO': 0.1650506375355959, 'PKN': 0.1456109734466534, 'PZU': 0.11527576660519447, 'CDR': 0.09580309238874486, 'PEO': 0.08930119760742596, 'KGH': 0.06596083678472556, 'LPP': 0.06093669537814201, 'SPL': 0.052351861551123875, 'CPS': 0.04210661831049766, 'PGE': 0.03631224059541467, 'DNP': 0.03435143902149179, 'MBK': 0.027047398141749886, 'OPL': 0.022953041993283536, 'CCC': 0.016840666716548637, 'ALR': 0.014465037873619625, 'TPE': 0.009761094703855142, 'JSW': 0.005871401345932932}"
2020-02-07,98813.73743043629,0.0,"{'PKO': 0.1650506375355959, 'PKN': 0.1456109734466534, 'PZU': 0.11527576660519447, 'CDR': 0.09580309238874486, 'PEO': 0.08930119760742596, 'KGH': 0.06596083678472556, 'LPP': 0.06093669537814201, 'SPL': 0.052351861551123875, 'CPS': 0.04210661831049766, 'PGE': 0.03631224059541467, 'DNP': 0.03435143902149179, 'MBK': 0.027047398141749886, 'OPL': 0.022953041993283536, 'CCC': 0.016840666716548637, 'ALR': 0.014465037873619625, 'TPE': 0.009761094703855142, 'JSW': 0.005871401345932932}"
2020-02-10,98023.82179707744,0.0,"{'PKO': 0.1650506375355959, 'PKN': 0.1456109734466534, 'PZU': 0.11527576660519447, 'CDR': 0.09580309238874486, 'PEO': 0.08930119760742596, 'KGH': 0.06596083678472556, 'LPP': 0.06093669537814201, 'SPL': 0.052351861551123875, 'CPS': 0.04210661831049766, 'PGE': 0.03631224059541467, 'DNP': 0.03435143902149179, 'MBK': 0.027047398141749886, 'OPL': 0.022953041993283536, 'CCC': 0.016840666716548637, 'ALR': 0.014465037873619625, 'TPE': 0.009761094703855142, 'JSW': 0.005871401345932932}"
2020-02-11,98620.3318890277,0.0,"{'PKO': 0.1650506375355959, 'PKN': 0.1456109734466534, 'PZU': 0.11527576660519447, 'CDR': 0.09580309238874486, 'PEO': 0.08930119760742596, 'KGH': 0.06596083678472556, 'LPP': 0.06093669537814201, 'SPL': 0.052351861551123875, 'CPS': 0.04210661831049766, 'PGE': 0.03631224059541467, 'DNP': 0.03435143902149179, 'MBK': 0.027047398141749886, 'OPL': 0.022953041993283536, 'CCC': 0.016840666716548637, 'ALR': 0.014465037873619625, 'TPE': 0.009761094703855142, 'JSW': 0.005871401345932932}"
2020-02-12,99672.44152839159,0.0,"{'PKO': 0.1650506375355959, 'PKN': 0.1456109734466534, 'PZU': 0.11527576660519447, 'CDR': 0.09580309238874486, 'PEO': 0.08930119760742596, 'KGH': 0.06596083678472556, 'LPP': 0.06093669537814201, 'SPL': 0.052351861551123875, 'CPS': 0.04210661831049766, 'PGE': 0.03631224059541467, 'DNP': 0.03435143902149179, 'MBK': 0.027047398141749886, 'OPL': 0.022953041993283536, 'CCC': 0.016840666716548637, 'ALR': 0.014465037873619625, 'TPE': 0.009761094703855142, 'JSW': 0.005871401345932932}"
2020-02-13,99142.88365674054,0.0,"{'PKO': 0.1650506375355959, 'PKN': 0.1456109734466534, 'PZU': 0.11527576660519447, 'CDR': 0.09580309238874486, 'PEO': 0.08930119760742596, 'KGH': 0.06596083678472556, 'LPP': 0.06093669537814201, 'SPL': 0.052351861551123875, 'CPS': 0.04210661831049766, 'PGE': 0.03631224059541467, 'DNP': 0.03435143902149179, 'MBK': 0.027047398141749886, 'OPL': 0.022953041993283536, 'CCC': 0.016840666716548637, 'ALR': 0.014465037873619625, 'TPE': 0.009761094703855142, 'JSW': 0.005871401345932932}"
2020-02-14,99003.23766275487,0.0,"{'PKO': 0.1650506375355959, 'PKN': 0.1456109734466534, 'PZU': 0.11527576660519447, 'CDR': 0.09580309238874486, 'PEO': 0.08930119760742596, 'KGH': 0.06596083678472556, 'LPP': 0.06093669537814201, 'SPL': 0.052351861551123875, 'CPS': 0.04210661831049766, 'PGE': 0.03631224059541467, 'DNP': 0.03435143902149179, 'MBK': 0.027047398141749886, 'OPL': 0.022953041993283536, 'CCC': 0.016840666716548637, 'ALR': 0.014465037873619625, 'TPE': 0.009761094703855142, 'JSW': 0.005871401345932932}"
2020-02-17,99124.32732204556,0.0,"{'PKO': 0.1650506375355959, 'PKN': 0.1456109734466534, 'PZU': 0.11527576660519447, 'CDR': 0.09580309238874486, 'PEO': 0.08930119760742596, 'KGH': 0.06596083678472556, 'LPP': 0.06093669537814201, 'SPL': 0.052351861551123875, 'CPS': 0.04210661831049766, 'PGE': 0.03631224059541467, 'DNP': 0.03435143902149179, 'MBK': 0.027047398141749886, 'OPL': 0.022953041993283536, 'CCC': 0.016840666716548637, 'ALR': 0.014465037873619625, 'TPE': 0.009761094703855142, 'JSW': 0.005871401345932932}"
2020-02-18,98724.60616971477,0.0,"{'PKO': 0.1650506375355959, 'PKN': 0.1456109734466534, 'PZU': 0.11527576660519447, 'CDR': 0.09580309238874486, 'PEO': 0.08930119760742596, 'KGH': 0.06596083678472556, 'LPP': 0.06093669537814201, 'SPL': 0.052351861551123875, 'CPS': 0.04210661831049766, 'PGE': 0.03631224059541467, 'DNP': 0.03435143902149179, 'MBK': 0.027047398141749886, 'OPL': 0.022953041993283536, 'CCC': 0.016840666716548637, 'ALR': 0.014465037873619625, 'TPE': 0.009761094703855142, 'JSW': 0.005871401345932932}"
2020-02-19,98741.49350126446,0.0,"{'PKO': 0.1650506375355959, 'PKN': 0.1456109734466534, 'PZU': 0.11527576660519447, 'CDR': 0.09580309238874486, 'PEO': 0.08930119760742596, 'KGH': 0.06596083678472556, 'LPP': 0.06093669537814201, 'SPL': 0.052351861551123875, 'CPS': 0.04210661831049766, 'PGE': 0.03631224059541467, 'DNP': 0.03435143902149179, 'MBK': 0.027047398141749886, 'OPL': 0.022953041993283536, 'CCC': 0.016840666716548637, 'ALR': 0.014465037873619625, 'TPE': 0.009761094703855142, 'JSW': 0.005871401345932932}"
2020-02-20,98025.9194821974,0.0,"{'PKO': 0.1650506375355959, 'PKN': 0.1456109734466534, 'PZU': 0.11527576660519447, 'CDR': 0.09580309238874486, 'PEO': 0.08930119760742596, 'KGH': 0.06596083678472556, 'LPP': 0.06093669537814201, 'SPL': 0.052351861551123875, 'CPS': 0.04210661831049766, 'PGE': 0.03631224059541467, 'DNP': 0.03435143902149179, 'MBK': 0.027047398141749886, 'OPL': 0.022953041993283536, 'CCC': 0.016840666716548637, 'ALR': 0.014465037873619625, 'TPE': 0.009761094703855142, 'JSW': 0.005871401345932932}"
2020-02-21,97534.25447201321,0.0,"{'PKO': 0.1650506375355959, 'PKN': 0.1456109734466534, 'PZU': 0.11527576660519447, 'CDR': 0.09580309238874486, 'PEO': 0.08930119760742596, 'KGH': 0.06596083678472556, 'LPP': 0.06093669537814201, 'SPL': 0.052351861551123875, 'CPS': 0.04210661831049766, 'PGE': 0.03631224059541467, 'DNP': 0.03435143902149179, 'MBK': 0.027047398141749886, 'OPL': 0.022953041993283536, 'CCC': 0.016840666716548637, 'ALR': 0.014465037873619625, 'TPE': 0.009761094703855142, 'JSW': 0.005871401345932932}"
2020-02-24,93444.39700685722,0.0,"{'PKO': 0.1650506375355959, 'PKN': 0.1456109734466534, 'PZU': 0.11527576660519447, 'CDR': 0.09580309238874486, 'PEO': 0.08930119760742596, 'KGH': 0.06596083678472556, 'LPP': 0.06093669537814201, 'SPL': 0.052351861551123875, 'CPS': 0.04210661831049766, 'PGE': 0.03631224059541467, 'DNP': 0.03435143902149179, 'MBK': 0.027047398141749886, 'OPL': 0.022953041993283536, 'CCC': 0.016840666716548637, 'ALR': 0.014465037873619625, 'TPE': 0.009761094703855142, 'JSW': 0.005871401345932932}"
2020-02-25,90850.74389368188,0.0,"{'PKO': 0.1650506375355959, 'PKN': 0.1456109734466534, 'PZU': 0.11527576660519447, 'CDR': 0.09580309238874486, 'PEO': 0.08930119760742596, 'KGH': 0.06596083678472556, 'LPP': 0.06093669537814201, 'SPL': 0.052351861551123875, 'CPS': 0.04210661831049766, 'PGE': 0.03631224059541467, 'DNP': 0.03435143902149179, 'MBK': 0.027047398141749886, 'OPL': 0.022953041993283536, 'CCC': 0.016840666716548637, 'ALR': 0.014465037873619625, 'TPE': 0.009761094703855142, 'JSW': 0.005871401345932932}"
2020-02-26,90355.73053633905,0.0,"{'PKO': 0.1650506375355959, 'PKN': 0.1456109734466534, 'PZU': 0.11527576660519447, 'CDR': 0.09580309238874486, 'PEO': 0.08930119760742596, 'KGH': 0.06596083678472556, 'LPP': 0.06093669537814201, 'SPL': 0.052351861551123875, 'CPS': 0.04210661831049766, 'PGE': 0.03631224059541467, 'DNP': 0.03435143902149179, 'MBK': 0.027047398141749886, 'OPL': 0.022953041993283536, 'CCC': 0.016840666716548637, 'ALR': 0.014465037873619625, 'TPE': 0.009761094703855142, 'JSW': 0.005871401345932932}"
2020-02-27,86641.81091466182,0.0,"{'PKO': 0.1650506375355959, 'PKN': 0.1456109734466534, 'PZU': 0.11527576660519447, 'CDR': 0.09580309238874486, 'PEO': 0.08930119760742596, 'KGH': 0.06596083678472556, 'LPP': 0.06093669537814201, 'SPL': 0.052351861551123875, 'CPS': 0.04210661831049766, 'PGE': 0.03631224059541467, 'DNP': 0.03435143902149179, 'MBK': 0.027047398141749886, 'OPL': 0.022953041993283536, 'CCC': 0.016840666716548637, 'ALR': 0.014465037873619625, 'TPE': 0.009761094703855142, 'JSW': 0.005871401345932932}"
2020-02-28,82688.26568433121,0.0,"{'PKO': 0.1650506375355959, 'PKN': 0.1456109734466534, 'PZU': 0.11527576660519447, 'CDR': 0.09580309238874486, 'PEO': 0.08930119760742596, 'KGH': 0.06596083678472556, 'LPP': 0.06093669537814201, 'SPL': 0.052351861551123875, 'CPS': 0.04210661831049766, 'PGE': 0.03631224059541467, 'DNP': 0.03435143902149179, 'MBK': 0.027047398141749886, 'OPL': 0.022953041993283536, 'CCC': 0.016840666716548637, 'ALR': 0.014465037873619625, 'TPE': 0.009761094703855142, 'JSW': 0.005871401345932932}"
2020-03-02,84689.12037238269,0.0,"{'PKO': 0.1650506375355959, 'PKN': 0.1456109734466534, 'PZU': 0.11527576660519447, 'CDR': 0.09580309238874486, 'PEO': 0.08930119760742596, 'KGH': 0.06596083678472556, 'LPP': 0.06093669537814201, 'SPL': 0.052351861551123875, 'CPS': 0.04210661831049766, 'PGE': 0.03631224059541467, 'DNP': 0.03435143902149179, 'MBK': 0.027047398141749886, 'OPL': 0.022953041993283536, 'CCC': 0.016840666716548637, 'ALR': 0.014465037873619625, 'TPE': 0.009761094703855142, 'JSW': 0.005871401345932932}"
2020-03-03,88684.76673365492,0.0,"{'PKO': 0.1650506375355959, 'PKN': 0.1456109734466534, 'PZU': 0.11527576660519447, 'CDR': 0.09580309238874486, 'PEO': 0.08930119760742596, 'KGH': 0.06596083678472556, 'LPP': 0.06093669537814201, 'SPL': 0.052351861551123875, 'CPS': 0.04210661831049766, 'PGE': 0.03631224059541467, 'DNP': 0.03435143902149179, 'MBK': 0.027047398141749886, 'OPL': 0.022953041993283536, 'CCC': 0.016840666716548637, 'ALR': 0.014465037873619625, 'TPE': 0.009761094703855142, 'JSW': 0.005871401345932932}"
2020-03-04,87208.64588374099,0.0,"{'PKO': 0.1650506375355959, 'PKN': 0.1456109734466534, 'PZU': 0.11527576660519447, 'CDR': 0.09580309238874486, 'PEO': 0.08930119760742596, 'KGH': 0.06596083678472556, 'LPP': 0.06093669537814201, 'SPL': 0.052351861551123875, 'CPS': 0.04210661831049766, 'PGE': 0.03631224059541467, 'DNP': 0.03435143902149179, 'MBK': 0.027047398141749886, 'OPL': 0.022953041993283536, 'CCC': 0.016840666716548637, 'ALR': 0.014465037873619625, 'TPE': 0.009761094703855142, 'JSW': 0.005871401345932932}"
2020-03-05,85413.25392189097,0.0,"{'PKO': 0.1650506375355959, 'PKN': 0.1456109734466534, 'PZU': 0.11527576660519447, 'CDR': 0.09580309238874486, 'PEO': 0.08930119760742596, 'KGH': 0.06596083678472556, 'LPP': 0.06093669537814201, 'SPL': 0.052351861551123875, 'CPS': 0.04210661831049766, 'PGE': 0.03631224059541467, 'DNP': 0.03435143902149179, 'MBK': 0.027047398141749886, 'OPL': 0.022953041993283536, 'CCC': 0.016840666716548637, 'ALR': 0.014465037873619625, 'TPE': 0.009761094703855142, 'JSW': 0.005871401345932932}"
2020-03-06,82747.47085215664,0.0,"{'PKO': 0.1650506375355959, 'PKN': 0.1456109734466534, 'PZU': 0.11527576660519447, 'CDR': 0.09580309238874486, 'PEO': 0.08930119760742596, 'KGH': 0.06596083678472556, 'LPP': 0.06093669537814201, 'SPL': 0.052351861551123875, 'CPS': 0.04210661831049766, 'PGE': 0.03631224059541467, 'DNP': 0.03435143902149179, 'MBK': 0.027047398141749886, 'OPL': 0.022953041993283536, 'CCC': 0.016840666716548637, 'ALR': 0.014465037873619625, 'TPE': 0.009761094703855142, 'JSW': 0.005871401345932932}"
2020-03-09,76189.30547922131,0.0,"{'PKO': 0.1650506375355959, 'PKN': 0.1456109734466534, 'PZU': 0.11527576660519447, 'CDR': 0.09580309238874486, 'PEO': 0.08930119760742596, 'KGH': 0.06596083678472556, 'LPP': 0.06093669537814201, 'SPL': 0.052351861551123875, 'CPS': 0.04210661831049766, 'PGE': 0.03631224059541467, 'DNP': 0.03435143902149179, 'MBK': 0.027047398141749886, 'OPL': 0.022953041993283536, 'CCC': 0.016840666716548637, 'ALR': 0.014465037873619625, 'TPE': 0.009761094703855142, 'JSW': 0.005871401345932932}"
2020-03-10,75044.02969484447,0.0,"{'PKO': 0.1650506375355959, 'PKN': 0.1456109734466534, 'PZU': 0.11527576660519447, 'CDR': 0.09580309238874486, 'PEO': 0.08930119760742596, 'KGH': 0.06596083678472556, 'LPP': 0.06093669537814201, 'SPL': 0.052351861551123875, 'CPS': 0.04210661831049766, 'PGE': 0.03631224059541467, 'DNP': 0.03435143902149179, 'MBK': 0.027047398141749886, 'OPL': 0.022953041993283536, 'CCC': 0.016840666716548637, 'ALR': 0.014465037873619625, 'TPE': 0.009761094703855142, 'JSW': 0.005871401345932932}"
2020-03-11,70629.63152813395,0.0,"{'PKO': 0.1650506375355959, 'PKN': 0.1456109734466534, 'PZU': 0.11527576660519447, 'CDR': 0.09580309238874486, 'PEO': 0.08930119760742596, 'KGH': 0.06596083678472556, 'LPP': 0.06093669537814201, 'SPL': 0.052351861551123875, 'CPS': 0.04210661831049766, 'PGE': 0.03631224059541467, 'DNP': 0.03435143902149179, 'MBK': 0.027047398141749886, 'OPL': 0.022953041993283536, 'CCC': 0.016840666716548637, 'ALR': 0.014465037873619625, 'TPE': 0.009761094703855142, 'JSW': 0.005871401345932932}"
2020-03-12,61057.950759950596,0.0,"{'PKO': 0.1650506375355959, 'PKN': 0.1456109734466534, 'PZU': 0.11527576660519447, 'CDR': 0.09580309238874486, 'PEO': 0.08930119760742596, 'KGH': 0.06596083678472556, 'LPP': 0.06093669537814201, 'SPL': 0.052351861551123875, 'CPS': 0.04210661831049766, 'PGE': 0.03631224059541467, 'DNP': 0.03435143902149179, 'MBK': 0.027047398141749886, 'OPL': 0.022953041993283536, 'CCC': 0.016840666716548637, 'ALR': 0.014465037873619625, 'TPE': 0.009761094703855142, 'JSW': 0.005871401345932932}"
2020-03-13,63687.51253928811,0.0,"{'PKO': 0.1650506375355959, 'PKN': 0.1456109734466534, 'PZU': 0.11527576660519447, 'CDR': 0.09580309238874486, 'PEO': 0.08930119760742596, 'KGH': 0.06596083678472556, 'LPP': 0.06093669537814201, 'SPL': 0.052351861551123875, 'CPS': 0.04210661831049766, 'PGE': 0.03631224059541467, 'DNP': 0.03435143902149179, 'MBK': 0.027047398141749886, 'OPL': 0.022953041993283536, 'CCC': 0.016840666716548637, 'ALR': 0.014465037873619625, 'TPE': 0.009761094703855142, 'JSW': 0.005871401345932932}"
2020-03-16,62325.11300296069,0.0,"{'PKO': 0.1650506375355959, 'PKN': 0.1456109734466534, 'PZU': 0.11527576660519447, 'CDR': 0.09580309238874486, 'PEO': 0.08930119760742596, 'KGH': 0.06596083678472556, 'LPP': 0.06093669537814201, 'SPL': 0.052351861551123875, 'CPS': 0.04210661831049766, 'PGE': 0.03631224059541467, 'DNP': 0.03435143902149179, 'MBK': 0.027047398141749886, 'OPL': 0.022953041993283536, 'CCC': 0.016840666716548637, 'ALR': 0.014465037873619625, 'TPE': 0.009761094703855142, 'JSW': 0.005871401345932932}"
2020-03-17,66411.61748320592,0.0,"{'PKO': 0.1650506375355959, 'PKN': 0.1456109734466534, 'PZU': 0.11527576660519447, 'CDR': 0.09580309238874486, 'PEO': 0.08930119760742596, 'KGH': 0.06596083678472556, 'LPP': 0.06093669537814201, 'SPL': 0.052351861551123875, 'CPS': 0.04210661831049766, 'PGE': 0.03631224059541467, 'DNP': 0.03435143902149179, 'MBK': 0.027047398141749886, 'OPL': 0.022953041993283536, 'CCC': 0.016840666716548637, 'ALR': 0.014465037873619625, 'TPE': 0.009761094703855142, 'JSW': 0.005871401345932932}"
2020-03-18,65024.97351205526,0.0,"{'PKO': 0.1650506375355959, 'PKN': 0.1456109734466534, 'PZU': 0.11527576660519447, 'CDR': 0.09580309238874486, 'PEO': 0.08930119760742596, 'KGH': 0.06596083678472556, 'LPP': 0.06093669537814201, 'SPL': 0.052351861551123875, 'CPS': 0.04210661831049766, 'PGE': 0.03631224059541467, 'DNP': 0.03435143902149179, 'MBK': 0.027047398141749886, 'OPL': 0.022953041993283536, 'CCC': 0.016840666716548637, 'ALR': 0.014465037873619625, 'TPE': 0.009761094703855142, 'JSW': 0.005871401345932932}"
2020-03-19,68106.47262881816,0.0,"{'PKO': 0.1650506375355959, 'PKN': 0.1456109734466534, 'PZU': 0.11527576660519447, 'CDR': 0.09580309238874486, 'PEO': 0.08930119760742596, 'KGH': 0.06596083678472556, 'LPP': 0.06093669537814201, 'SPL': 0.052351861551123875, 'CPS': 0.04210661831049766, 'PGE': 0.03631224059541467, 'DNP': 0.03435143902149179, 'MBK': 0.027047398141749886, 'OPL': 0.022953041993283536, 'CCC': 0.016840666716548637, 'ALR': 0.014465037873619625, 'TPE': 0.009761094703855142, 'JSW': 0.005871401345932932}"
2020-03-20,68931.42010793832,0.0,"{'PKO': 0.16074868954280752, 'PZU': 0.12283827656772936, 'CDR': 0.12143225102402441, 'PKN': 0.11541389536599683, 'PEO': 0.09689596173345197, 'KGH': 0.06752952272457473, 'LPP': 0.0583364463385069, 'SPL': 0.05372411622418429, 'DNP': 0.04355629711029622, 'CPS': 0.04286036347557316, 'MBK': 0.026534784157108922, 'OPL': 0.026253796867971912, 'PGE': 0.02457440772126932, 'CCC': 0.014150650572702192, 'ALR': 0.012885118673565739, 'TPE': 0.007674873746312041, 'JSW': 0.004590548153924401}"
2020-03-23,64961.970882067835,0.0,"{'PKO': 0.16074868954280752, 'PZU': 0.12283827656772936, 'CDR': 0.12143225102402441, 'PKN': 0.11541389536599683, 'PEO': 0.09689596173345197, 'KGH': 0.06752952272457473, 'LPP': 0.0583364463385069, 'SPL': 0.05372411622418429, 'DNP': 0.04355629711029622, 'CPS': 0.04286036347557316, 'MBK': 0.026534784157108922, 'OPL': 0.026253796867971912, 'PGE': 0.02457440772126932, 'CCC': 0.014150650572702192, 'ALR': 0.012885118673565739, 'TPE': 0.007674873746312041, 'JSW': 0.004590548153924401}"
2020-03-24,67150.12934197533,0.0,"{'PKO': 0.16074868954280752, 'PZU': 0.12283827656772936, 'CDR': 0.12143225102402441, 'PKN': 0.11541389536599683, 'PEO': 0.09689596173345197, 'KGH': 0.06752952272457473, 'LPP': 0.0583364463385069, 'SPL': 0.05372411622418429, 'DNP': 0.04355629711029622, 'CPS': 0.04286036347557316, 'MBK': 0.026534784157108922, 'OPL': 0.026253796867971912, 'PGE': 0.02457440772126932, 'CCC': 0.014150650572702192, 'ALR': 0.012885118673565739, 'TPE': 0.007674873746312041, 'JSW': 0.004590548153924401}"
2020-03-25,66669.99603464094,0.0,"{'PKO': 0.16074868954280752, 'PZU': 0.12283827656772936, 'CDR': 0.12143225102402441, 'PKN': 0.11541389536599683, 'PEO': 0.09689596173345197, 'KGH': 0.06752952272457473, 'LPP': 0.0583364463385069, 'SPL': 0.05372411622418429, 'DNP': 0.04355629711029622, 'CPS': 0.04286036347557316, 'MBK': 0.026534784157108922, 'OPL': 0.026253796867971912, 'PGE': 0.02457440772126932, 'CCC': 0.014150650572702192, 'ALR': 0.012885118673565739, 'TPE': 0.007674873746312041, 'JSW': 0.004590548153924401}"
2020-03-26,69029.93931076057,0.0,"{'PKO': 0.16074868954280752, 'PZU': 0.12283827656772936, 'CDR': 0.12143225102402441, 'PKN': 0.11541389536599683, 'PEO': 0.09689596173345197, 'KGH': 0.06752952272457473, 'LPP': 0.0583364463385069, 'SPL': 0.05372411622418429, 'DNP': 0.04355629711029622, 'CPS': 0.04286036347557316, 'MBK': 0.026534784157108922, 'OPL': 0.026253796867971912, 'PGE': 0.02457440772126932, 'CCC': 0.014150650572702192, 'ALR': 0.012885118673565739, 'TPE': 0.007674873746312041, 'JSW': 0.004590548153924401}"
2020-03-27,67950.72110636331,0.0,"{'PKO': 0.16074868954280752, 'PZU': 0.12283827656772936, 'CDR': 0.12143225102402441, 'PKN': 0.11541389536599683, 'PEO': 0.09689596173345197, 'KGH': 0.06752952272457473, 'LPP': 0.0583364463385069, 'SPL': 0.05372411622418429, 'DNP': 0.04355629711029622, 'CPS': 0.04286036347557316, 'MBK': 0.026534784157108922, 'OPL': 0.026253796867971912, 'PGE': 0.02457440772126932, 'CCC': 0.014150650572702192, 'ALR': 0.012885118673565739, 'TPE': 0.007674873746312041, 'JSW': 0.004590548153924401}"
2020-03-30,68154.75329099588,0.0,"{'PKO': 0.16074868954280752, 'PZU': 0.12283827656772936, 'CDR': 0.12143225102402441, 'PKN': 0.11541389536599683, 'PEO': 0.09689596173345197, 'KGH': 0.06752952272457473, 'LPP': 0.0583364463385069, 'SPL': 0.05372411622418429, 'DNP': 0.04355629711029622, 'CPS': 0.04286036347557316, 'MBK': 0.026534784157108922, 'OPL': 0.026253796867971912, 'PGE': 0.02457440772126932, 'CCC': 0.014150650572702192, 'ALR': 0.012885118673565739, 'TPE': 0.007674873746312041, 'JSW': 0.004590548153924401}"
2020-03-31,69483.58251939986,0.0,"{'PKO': 0.16074868954280752, 'PZU': 0.12283827656772936, 'CDR': 0.12143225102402441, 'PKN': 0.11541389536599683, 'PEO': 0.09689596173345197, 'KGH': 0.06752952272457473, 'LPP': 0.0583364463385069, 'SPL': 0.05372411622418429, 'DNP': 0.04355629711029622, 'CPS': 0.04286036347557316, 'MBK': 0.026534784157108922, 'OPL': 0.026253796867971912, 'PGE': 0.02457440772126932, 'CCC': 0.014150650572702192, 'ALR': 0.012885118673565739, 'TPE': 0.007674873746312041, 'JSW': 0.004590548153924401}"
2020-04-01,68082.26360739417,0.0,"{'PKO': 0.16074868954280752, 'PZU': 0.12283827656772936, 'CDR': 0.12143225102402441, 'PKN': 0.11541389536599683, 'PEO': 0.09689596173345197, 'KGH': 0.06752952272457473, 'LPP': 0.0583364463385069, 'SPL': 0.05372411622418429, 'DNP': 0.04355629711029622, 'CPS': 0.04286036347557316, 'MBK': 0.026534784157108922, 'OPL': 0.026253796867971912, 'PGE': 0.02457440772126932, 'CCC': 0.014150650572702192, 'ALR': 0.012885118673565739, 'TPE': 0.007674873746312041, 'JSW': 0.004590548153924401}"
2020-04-02,68247.85059545444,0.0,"{'PKO': 0.16074868954280752, 'PZU': 0.12283827656772936, 'CDR': 0.12143225102402441, 'PKN': 0.11541389536599683, 'PEO': 0.09689596173345197, 'KGH': 0.06752952272457473, 'LPP': 0.0583364463385069, 'SPL': 0.05372411622418429, 'DNP': 0.04355629711029622, 'CPS': 0.04286036347557316, 'MBK': 0.026534784157108922, 'OPL': 0.026253796867971912, 'PGE': 0.02457440772126932, 'CCC': 0.014150650572702192, 'ALR': 0.012885118673565739, 'TPE': 0.007674873746312041, 'JSW': 0.004590548153924401}"
2020-04-03,68599.41041954499,0.0,"{'PKO': 0.16074868954280752, 'PZU': 0.12283827656772936, 'CDR': 0.12143225102402441, 'PKN': 0.11541389536599683, 'PEO': 0.09689596173345197, 'KGH': 0.06752952272457473, 'LPP': 0.0583364463385069, 'SPL': 0.05372411622418429, 'DNP': 0.04355629711029622, 'CPS': 0.04286036347557316, 'MBK': 0.026534784157108922, 'OPL': 0.026253796867971912, 'PGE': 0.02457440772126932, 'CCC': 0.014150650572702192, 'ALR': 0.012885118673565739, 'TPE': 0.007674873746312041, 'JSW': 0.004590548153924401}"
2020-04-06,72226.65432586714,0.0,"{'PKO': 0.16074868954280752, 'PZU': 0.12283827656772936, 'CDR': 0.12143225102402441, 'PKN': 0.11541389536599683, 'PEO': 0.09689596173345197, 'KGH': 0.06752952272457473, 'LPP': 0.0583364463385069, 'SPL': 0.05372411622418429, 'DNP': 0.04355629711029622, 'CPS': 0.04286036347557316, 'MBK': 0.026534784157108922, 'OPL': 0.026253796867971912, 'PGE': 0.02457440772126932, 'CCC': 0.014150650572702192, 'ALR': 0.012885118673565739, 'TPE': 0.007674873746312041, 'JSW': 0.004590548153924401}"
2020-04-07,73683.61907279468,0.0,"{'PKO': 0.16074868954280752, 'PZU': 0.12283827656772936, 'CDR': 0.12143225102402441, 'PKN': 0.11541389536599683, 'PEO': 0.09689596173345197, 'KGH': 0.06752952272457473, 'LPP': 0.0583364463385069, 'SPL': 0.05372411622418429, 'DNP': 0.04355629711029622, 'CPS': 0.04286036347557316, 'MBK': 0.026534784157108922, 'OPL': 0.026253796867971912, 'PGE': 0.02457440772126932, 'CCC': 0.014150650572702192, 'ALR': 0.012885118673565739, 'TPE': 0.007674873746312041, 'JSW': 0.004590548153924401}"
2020-04-08,71904.5001804851,0.0,"{'PKO': 0.16074868954280752, 'PZU': 0.12283827656772936, 'CDR': 0.12143225102402441, 'PKN': 0.11541389536599683, 'PEO': 0.09689596173345197, 'KGH': 0.06752952272457473, 'LPP': 0.0583364463385069, 'SPL': 0.05372411622418429, 'DNP': 0.04355629711029622, 'CPS': 0.04286036347557316, 'MBK': 0.026534784157108922, 'OPL': 0.026253796867971912, 'PGE': 0.02457440772126932, 'CCC': 0.014150650572702192, 'ALR': 0.012885118673565739, 'TPE': 0.007674873746312041, 'JSW': 0.004590548153924401}"
2020-04-09,73695.94680974717,0.0,"{'PKO': 0.16074868954280752, 'PZU': 0.12283827656772936, 'CDR': 0.12143225102402441, 'PKN': 0.11541389536599683, 'PEO': 0.09689596173345197, 'KGH': 0.06752952272457473, 'LPP': 0.0583364463385069, 'SPL': 0.05372411622418429, 'DNP': 0.04355629711029622, 'CPS': 0.04286036347557316, 'MBK': 0.026534784157108922, 'OPL': 0.026253796867971912, 'PGE': 0.02457440772126932, 'CCC': 0.014150650572702192, 'ALR': 0.012885118673565739, 'TPE': 0.007674873746312041, 'JSW': 0.004590548153924401}"
2020-04-10,73695.94680974717,0.0,"{'PKO': 0.16074868954280752, 'PZU': 0.12283827656772936, 'CDR': 0.12143225102402441, 'PKN': 0.11541389536599683, 'PEO': 0.09689596173345197, 'KGH': 0.06752952272457473, 'LPP': 0.0583364463385069, 'SPL': 0.05372411622418429, 'DNP': 0.04355629711029622, 'CPS': 0.04286036347557316, 'MBK': 0.026534784157108922, 'OPL': 0.026253796867971912, 'PGE': 0.02457440772126932, 'CCC': 0.014150650572702192, 'ALR': 0.012885118673565739, 'TPE': 0.007674873746312041, 'JSW': 0.004590548153924401}"
2020-04-13,73695.94680974717,0.0,"{'PKO': 0.16074868954280752, 'PZU': 0.12283827656772936, 'CDR': 0.12143225102402441, 'PKN': 0.11541389536599683, 'PEO': 0.09689596173345197, 'KGH': 0.06752952272457473, 'LPP': 0.0583364463385069, 'SPL': 0.05372411622418429, 'DNP': 0.04355629711029622, 'CPS': 0.04286036347557316, 'MBK': 0.026534784157108922, 'OPL': 0.026253796867971912, 'PGE': 0.02457440772126932, 'CCC': 0.014150650572702192, 'ALR': 0.012885118673565739, 'TPE': 0.007674873746312041, 'JSW': 0.004590548153924401}"
2020-04-14,76242.50677536849,0.0,"{'PKO': 0.16074868954280752, 'PZU': 0.12283827656772936, 'CDR': 0.12143225102402441, 'PKN': 0.11541389536599683, 'PEO': 0.09689596173345197, 'KGH': 0.06752952272457473, 'LPP': 0.0583364463385069, 'SPL': 0.05372411622418429, 'DNP': 0.04355629711029622, 'CPS': 0.04286036347557316, 'MBK': 0.026534784157108922, 'OPL': 0.026253796867971912, 'PGE': 0.02457440772126932, 'CCC': 0.014150650572702192, 'ALR': 0.012885118673565739, 'TPE': 0.007674873746312041, 'JSW': 0.004590548153924401}"
2020-04-15,73473.56947912612,0.0,"{'PKO': 0.16074868954280752, 'PZU': 0.12283827656772936, 'CDR': 0.12143225102402441, 'PKN': 0.11541389536599683, 'PEO': 0.09689596173345197, 'KGH': 0.06752952272457473, 'LPP': 0.0583364463385069, 'SPL': 0.05372411622418429, 'DNP': 0.04355629711029622, 'CPS': 0.04286036347557316, 'MBK': 0.026534784157108922, 'OPL': 0.026253796867971912, 'PGE': 0.02457440772126932, 'CCC': 0.014150650572702192, 'ALR': 0.012885118673565739, 'TPE': 0.007674873746312041, 'JSW': 0.004590548153924401}"
2020-04-16,72869.55980035571,0.0,"{'PKO': 0.16074868954280752, 'PZU': 0.12283827656772936, 'CDR': 0.12143225102402441, 'PKN': 0.11541389536599683, 'PEO': 0.09689596173345197, 'KGH': 0.06752952272457473, 'LPP': 0.0583364463385069, 'SPL': 0.05372411622418429, 'DNP': 0.04355629711029622, 'CPS': 0.04286036347557316, 'MBK': 0.026534784157108922, 'OPL': 0.026253796867971912, 'PGE': 0.02457440772126932, 'CCC': 0.014150650572702192, 'ALR': 0.012885118673565739, 'TPE': 0.007674873746312041, 'JSW': 0.004590548153924401}"
2020-04-17,74114.55569705291,0.0,"{'PKO': 0.16074868954280752, 'PZU': 0.12283827656772936, 'CDR': 0.12143225102402441, 'PKN': 0.11541389536599683, 'PEO': 0.09689596173345197, 'KGH': 0.06752952272457473, 'LPP': 0.0583364463385069, 'SPL': 0.05372411622418429, 'DNP': 0.04355629711029622, 'CPS': 0.04286036347557316, 'MBK': 0.026534784157108922, 'OPL': 0.026253796867971912, 'PGE': 0.02457440772126932, 'CCC': 0.014150650572702192, 'ALR': 0.012885118673565739, 'TPE': 0.007674873746312041, 'JSW': 0.004590548153924401}"
2020-04-20,74733.83309370987,0.0,"{'PKO': 0.16074868954280752, 'PZU': 0.12283827656772936, 'CDR': 0.12143225102402441, 'PKN': 0.11541389536599683, 'PEO': 0.09689596173345197, 'KGH': 0.06752952272457473, 'LPP': 0.0583364463385069, 'SPL': 0.05372411622418429, 'DNP': 0.04355629711029622, 'CPS': 0.04286036347557316, 'MBK': 0.026534784157108922, 'OPL': 0.026253796867971912, 'PGE': 0.02457440772126932, 'CCC': 0.014150650572702192, 'ALR': 0.012885118673565739, 'TPE': 0.007674873746312041, 'JSW': 0.004590548153924401}"
2020-04-21,71627.48583072236,0.0,"{'PKO': 0.16074868954280752, 'PZU': 0.12283827656772936, 'CDR': 0.12143225102402441, 'PKN': 0.11541389536599683, 'PEO': 0.09689596173345197, 'KGH': 0.06752952272457473, 'LPP': 0.0583364463385069, 'SPL': 0.05372411622418429, 'DNP': 0.04355629711029622, 'CPS': 0.04286036347557316, 'MBK': 0.026534784157108922, 'OPL': 0.026253796867971912, 'PGE': 0.02457440772126932, 'CCC': 0.014150650572702192, 'ALR': 0.012885118673565739, 'TPE': 0.007674873746312041, 'JSW': 0.004590548153924401}"
2020-04-22,73028.62187934751,0.0,"{'PKO': 0.16074868954280752, 'PZU': 0.12283827656772936, 'CDR': 0.12143225102402441, 'PKN': 0.11541389536599683, 'PEO': 0.09689596173345197, 'KGH': 0.06752952272457473, 'LPP': 0.0583364463385069, 'SPL': 0.05372411622418429, 'DNP': 0.04355629711029622, 'CPS': 0.04286036347557316, 'MBK': 0.026534784157108922, 'OPL': 0.026253796867971912, 'PGE': 0.02457440772126932, 'CCC': 0.014150650572702192, 'ALR': 0.012885118673565739, 'TPE': 0.007674873746312041, 'JSW': 0.004590548153924401}"
2020-04-23,73899.67621670636,0.0,"{'PKO': 0.16074868954280752, 'PZU': 0.12283827656772936, 'CDR': 0.12143225102402441, 'PKN': 0.11541389536599683, 'PEO': 0.09689596173345197, 'KGH': 0.06752952272457473, 'LPP': 0.0583364463385069, 'SPL': 0.05372411622418429, 'DNP': 0.04355629711029622, 'CPS': 0.04286036347557316, 'MBK': 0.026534784157108922, 'OPL': 0.026253796867971912, 'PGE': 0.02457440772126932, 'CCC': 0.014150650572702192, 'ALR': 0.012885118673565739, 'TPE': 0.007674873746312041, 'JSW': 0.004590548153924401}"
2020-04-24,72873.48413067525,0.0,"{'PKO': 0.16074868954280752, 'PZU': 0.12283827656772936, 'CDR': 0.12143225102402441, 'PKN': 0.11541389536599683, 'PEO': 0.09689596173345197, 'KGH': 0.06752952272457473, 'LPP': 0.0583364463385069, 'SPL': 0.05372411622418429, 'DNP': 0.04355629711029622, 'CPS': 0.04286036347557316, 'MBK': 0.026534784157108922, 'OPL': 0.026253796867971912, 'PGE': 0.02457440772126932, 'CCC': 0.014150650572702192, 'ALR': 0.012885118673565739, 'TPE': 0.007674873746312041, 'JSW': 0.004590548153924401}"
2020-04-27,72166.15317901433,0.0,"{'PKO': 0.16074868954280752, 'PZU': 0.12283827656772936, 'CDR': 0.12143225102402441, 'PKN': 0.11541389536599683, 'PEO': 0.09689596173345197, 'KGH': 0.06752952272457473, 'LPP': 0.0583364463385069, 'SPL': 0.05372411622418429, 'DNP': 0.04355629711029622, 'CPS': 0.04286036347557316, 'MBK': 0.026534784157108922, 'OPL': 0.026253796867971912, 'PGE': 0.02457440772126932, 'CCC': 0.014150650572702192, 'ALR': 0.012885118673565739, 'TPE': 0.007674873746312041, 'JSW': 0.004590548153924401}"
2020-04-28,72412.86932243675,0.0,"{'PKO': 0.16074868954280752, 'PZU': 0.12283827656772936, 'CDR': 0.12143225102402441, 'PKN': 0.11541389536599683, 'PEO': 0.09689596173345197, 'KGH': 0.06752952272457473, 'LPP': 0.0583364463385069, 'SPL': 0.05372411622418429, 'DNP': 0.04355629711029622, 'CPS': 0.04286036347557316, 'MBK': 0.026534784157108922, 'OPL': 0.026253796867971912, 'PGE': 0.02457440772126932, 'CCC': 0.014150650572702192, 'ALR': 0.012885118673565739, 'TPE': 0.007674873746312041, 'JSW': 0.004590548153924401}"
2020-04-29,75550.67753731924,0.0,"{'PKO': 0.16074868954280752, 'PZU': 0.12283827656772936, 'CDR': 0.12143225102402441, 'PKN': 0.11541389536599683, 'PEO': 0.09689596173345197, 'KGH': 0.06752952272457473, 'LPP': 0.0583364463385069, 'SPL': 0.05372411622418429, 'DNP': 0.04355629711029622, 'CPS': 0.04286036347557316, 'MBK': 0.026534784157108922, 'OPL': 0.026253796867971912, 'PGE': 0.02457440772126932, 'CCC': 0.014150650572702192, 'ALR': 0.012885118673565739, 'TPE': 0.007674873746312041, 'JSW': 0.004590548153924401}"
2020-04-30,75471.03058930938,0.0,"{'PKO': 0.16074868954280752, 'PZU': 0.12283827656772936, 'CDR': 0.12143225102402441, 'PKN': 0.11541389536599683, 'PEO': 0.09689596173345197, 'KGH': 0.06752952272457473, 'LPP': 0.0583364463385069, 'SPL': 0.05372411622418429, 'DNP': 0.04355629711029622, 'CPS': 0.04286036347557316, 'MBK': 0.026534784157108922, 'OPL': 0.026253796867971912, 'PGE': 0.02457440772126932, 'CCC': 0.014150650572702192, 'ALR': 0.012885118673565739, 'TPE': 0.007674873746312041, 'JSW': 0.004590548153924401}"
2020-05-01,75471.03058930938,0.0,"{'PKO': 0.16074868954280752, 'PZU': 0.12283827656772936, 'CDR': 0.12143225102402441, 'PKN': 0.11541389536599683, 'PEO': 0.09689596173345197, 'KGH': 0.06752952272457473, 'LPP': 0.0583364463385069, 'SPL': 0.05372411622418429, 'DNP': 0.04355629711029622, 'CPS': 0.04286036347557316, 'MBK': 0.026534784157108922, 'OPL': 0.026253796867971912, 'PGE': 0.02457440772126932, 'CCC': 0.014150650572702192, 'ALR': 0.012885118673565739, 'TPE': 0.007674873746312041, 'JSW': 0.004590548153924401}"
2020-05-04,73140.86415953808,0.0,"{'PKO': 0.16074868954280752, 'PZU': 0.12283827656772936, 'CDR': 0.12143225102402441, 'PKN': 0.11541389536599683, 'PEO': 0.09689596173345197, 'KGH': 0.06752952272457473, 'LPP': 0.0583364463385069, 'SPL': 0.05372411622418429, 'DNP': 0.04355629711029622, 'CPS': 0.04286036347557316, 'MBK': 0.026534784157108922, 'OPL': 0.026253796867971912, 'PGE': 0.02457440772126932, 'CCC': 0.014150650572702192, 'ALR': 0.012885118673565739, 'TPE': 0.007674873746312041, 'JSW': 0.004590548153924401}"
2020-05-05,72913.6829471819,0.0,"{'PKO': 0.16074868954280752, 'PZU': 0.12283827656772936, 'CDR': 0.12143225102402441, 'PKN': 0.11541389536599683, 'PEO': 0.09689596173345197, 'KGH': 0.06752952272457473, 'LPP': 0.0583364463385069, 'SPL': 0.05372411622418429, 'DNP': 0.04355629711029622, 'CPS': 0.04286036347557316, 'MBK': 0.026534784157108922, 'OPL': 0.026253796867971912, 'PGE': 0.02457440772126932, 'CCC': 0.014150650572702192, 'ALR': 0.012885118673565739, 'TPE': 0.007674873746312041, 'JSW': 0.004590548153924401}"
2020-05-06,71539.74643512996,0.0,"{'PKO': 0.16074868954280752, 'PZU': 0.12283827656772936, 'CDR': 0.12143225102402441, 'PKN': 0.11541389536599683, 'PEO': 0.09689596173345197, 'KGH': 0.06752952272457473, 'LPP': 0.0583364463385069, 'SPL': 0.05372411622418429, 'DNP': 0.04355629711029622, 'CPS': 0.04286036347557316, 'MBK': 0.026534784157108922, 'OPL': 0.026253796867971912, 'PGE': 0.02457440772126932, 'CCC': 0.014150650572702192, 'ALR': 0.012885118673565739, 'TPE': 0.007674873746312041, 'JSW': 0.004590548153924401}"
2020-05-07,72471.20534676847,0.0,"{'PKO': 0.16074868954280752, 'PZU': 0.12283827656772936, 'CDR': 0.12143225102402441, 'PKN': 0.11541389536599683, 'PEO': 0.09689596173345197, 'KGH': 0.06752952272457473, 'LPP': 0.0583364463385069, 'SPL': 0.05372411622418429, 'DNP': 0.04355629711029622, 'CPS': 0.04286036347557316, 'MBK': 0.026534784157108922, 'OPL': 0.026253796867971912, 'PGE': 0.02457440772126932, 'CCC': 0.014150650572702192, 'ALR': 0.012885118673565739, 'TPE': 0.007674873746312041, 'JSW': 0.004590548153924401}"
2020-05-08,73336.78578038054,0.0,"{'PKO': 0.16074868954280752, 'PZU': 0.12283827656772936, 'CDR': 0.12143225102402441, 'PKN': 0.11541389536599683, 'PEO': 0.09689596173345197, 'KGH': 0.06752952272457473, 'LPP': 0.0583364463385069, 'SPL': 0.05372411622418429, 'DNP': 0.04355629711029622, 'CPS': 0.04286036347557316, 'MBK': 0.026534784157108922, 'OPL': 0.026253796867971912, 'PGE': 0.02457440772126932, 'CCC': 0.014150650572702192, 'ALR': 0.012885118673565739, 'TPE': 0.007674873746312041, 'JSW': 0.004590548153924401}"
2020-05-11,72393.89598858553,0.0,"{'PKO': 0.16074868954280752, 'PZU': 0.12283827656772936, 'CDR': 0.12143225102402441, 'PKN': 0.11541389536599683, 'PEO': 0.09689596173345197, 'KGH': 0.06752952272457473, 'LPP': 0.0583364463385069, 'SPL': 0.05372411622418429, 'DNP': 0.04355629711029622, 'CPS': 0.04286036347557316, 'MBK': 0.026534784157108922, 'OPL': 0.026253796867971912, 'PGE': 0.02457440772126932, 'CCC': 0.014150650572702192, 'ALR': 0.012885118673565739, 'TPE': 0.007674873746312041, 'JSW': 0.004590548153924401}"
2020-05-12,74048.7131235268,0.0,"{'PKO': 0.16074868954280752, 'PZU': 0.12283827656772936, 'CDR': 0.12143225102402441, 'PKN': 0.11541389536599683, 'PEO': 0.09689596173345197, 'KGH': 0.06752952272457473, 'LPP': 0.0583364463385069, 'SPL': 0.05372411622418429, 'DNP': 0.04355629711029622, 'CPS': 0.04286036347557316, 'MBK': 0.026534784157108922, 'OPL': 0.026253796867971912, 'PGE': 0.02457440772126932, 'CCC': 0.014150650572702192, 'ALR': 0.012885118673565739, 'TPE': 0.007674873746312041, 'JSW': 0.004590548153924401}"
2020-05-13,73767.73268417394,0.0,"{'PKO': 0.16074868954280752, 'PZU': 0.12283827656772936, 'CDR': 0.12143225102402441, 'PKN': 0.11541389536599683, 'PEO': 0.09689596173345197, 'KGH': 0.06752952272457473, 'LPP': 0.0583364463385069, 'SPL': 0.05372411622418429, 'DNP': 0.04355629711029622, 'CPS': 0.04286036347557316, 'MBK': 0.026534784157108922, 'OPL': 0.026253796867971912, 'PGE': 0.02457440772126932, 'CCC': 0.014150650572702192, 'ALR': 0.012885118673565739, 'TPE': 0.007674873746312041, 'JSW': 0.004590548153924401}"
2020-05-14,71977.40047386284,0.0,"{'PKO': 0.16074868954280752, 'PZU': 0.12283827656772936, 'CDR': 0.12143225102402441, 'PKN': 0.11541389536599683, 'PEO': 0.09689596173345197, 'KGH': 0.06752952272457473, 'LPP': 0.0583364463385069, 'SPL': 0.05372411622418429, 'DNP': 0.04355629711029622, 'CPS': 0.04286036347557316, 'MBK': 0.026534784157108922, 'OPL': 0.026253796867971912, 'PGE': 0.02457440772126932, 'CCC': 0.014150650572702192, 'ALR': 0.012885118673565739, 'TPE': 0.007674873746312041, 'JSW': 0.004590548153924401}"
2020-05-15,71763.2038237241,0.0,"{'PKO': 0.16074868954280752, 'PZU': 0.12283827656772936, 'CDR': 0.12143225102402441, 'PKN': 0.11541389536599683, 'PEO': 0.09689596173345197, 'KGH': 0.06752952272457473, 'LPP': 0.0583364463385069, 'SPL': 0.05372411622418429, 'DNP': 0.04355629711029622, 'CPS': 0.04286036347557316, 'MBK': 0.026534784157108922, 'OPL': 0.026253796867971912, 'PGE': 0.02457440772126932, 'CCC': 0.014150650572702192, 'ALR': 0.012885118673565739, 'TPE': 0.007674873746312041, 'JSW': 0.004590548153924401}"
2020-05-18,75063.30874223658,0.0,"{'PKO': 0.16074868954280752, 'PZU': 0.12283827656772936, 'CDR': 0.12143225102402441, 'PKN': 0.11541389536599683, 'PEO': 0.09689596173345197, 'KGH': 0.06752952272457473, 'LPP': 0.0583364463385069, 'SPL': 0.05372411622418429, 'DNP': 0.04355629711029622, 'CPS': 0.04286036347557316, 'MBK': 0.026534784157108922, 'OPL': 0.026253796867971912, 'PGE': 0.02457440772126932, 'CCC': 0.014150650572702192, 'ALR': 0.012885118673565739, 'TPE': 0.007674873746312041, 'JSW': 0.004590548153924401}"
2020-05-19,75113.79221001228,0.0,"{'PKO': 0.16074868954280752, 'PZU': 0.12283827656772936, 'CDR': 0.12143225102402441, 'PKN': 0.11541389536599683, 'PEO': 0.09689596173345197, 'KGH': 0.06752952272457473, 'LPP': 0.0583364463385069, 'SPL': 0.05372411622418429, 'DNP': 0.04355629711029622, 'CPS': 0.04286036347557316, 'MBK': 0.026534784157108922, 'OPL': 0.026253796867971912, 'PGE': 0.02457440772126932, 'CCC': 0.014150650572702192, 'ALR': 0.012885118673565739, 'TPE': 0.007674873746312041, 'JSW': 0.004590548153924401}"
2020-05-20,75638.63602665075,0.0,"{'PKO': 0.16074868954280752, 'PZU': 0.12283827656772936, 'CDR': 0.12143225102402441, 'PKN': 0.11541389536599683, 'PEO': 0.09689596173345197, 'KGH': 0.06752952272457473, 'LPP': 0.0583364463385069, 'SPL': 0.05372411622418429, 'DNP': 0.04355629711029622, 'CPS': 0.04286036347557316, 'MBK': 0.026534784157108922, 'OPL': 0.026253796867971912, 'PGE': 0.02457440772126932, 'CCC': 0.014150650572702192, 'ALR': 0.012885118673565739, 'TPE': 0.007674873746312041, 'JSW': 0.004590548153924401}"
2020-05-21,75045.22285915434,0.0,"{'PKO': 0.16074868954280752, 'PZU': 0.12283827656772936, 'CDR': 0.12143225102402441, 'PKN': 0.11541389536599683, 'PEO': 0.09689596173345197, 'KGH': 0.06752952272457473, 'LPP': 0.0583364463385069, 'SPL': 0.05372411622418429, 'DNP': 0.04355629711029622, 'CPS': 0.04286036347557316, 'MBK': 0.026534784157108922, 'OPL': 0.026253796867971912, 'PGE': 0.02457440772126932, 'CCC': 0.014150650572702192, 'ALR': 0.012885118673565739, 'TPE': 0.007674873746312041, 'JSW': 0.004590548153924401}"
2020-05-22,74608.22898233843,0.0,"{'PKO': 0.16074868954280752, 'PZU': 0.12283827656772936, 'CDR': 0.12143225102402441, 'PKN': 0.11541389536599683, 'PEO': 0.09689596173345197, 'KGH': 0.06752952272457473, 'LPP': 0.0583364463385069, 'SPL': 0.05372411622418429, 'DNP': 0.04355629711029622, 'CPS': 0.04286036347557316, 'MBK': 0.026534784157108922, 'OPL': 0.026253796867971912, 'PGE': 0.02457440772126932, 'CCC': 0.014150650572702192, 'ALR': 0.012885118673565739, 'TPE': 0.007674873746312041, 'JSW': 0.004590548153924401}"
2020-05-25,75217.1877930915,0.0,"{'PKO': 0.16074868954280752, 'PZU': 0.12283827656772936, 'CDR': 0.12143225102402441, 'PKN': 0.11541389536599683, 'PEO': 0.09689596173345197, 'KGH': 0.06752952272457473, 'LPP': 0.0583364463385069, 'SPL': 0.05372411622418429, 'DNP': 0.04355629711029622, 'CPS': 0.04286036347557316, 'MBK': 0.026534784157108922, 'OPL': 0.026253796867971912, 'PGE': 0.02457440772126932, 'CCC': 0.014150650572702192, 'ALR': 0.012885118673565739, 'TPE': 0.007674873746312041, 'JSW': 0.004590548153924401}"
2020-05-26,78483.71959010327,0.0,"{'PKO': 0.16074868954280752, 'PZU': 0.12283827656772936, 'CDR': 0.12143225102402441, 'PKN': 0.11541389536599683, 'PEO': 0.09689596173345197, 'KGH': 0.06752952272457473, 'LPP': 0.0583364463385069, 'SPL': 0.05372411622418429, 'DNP': 0.04355629711029622, 'CPS': 0.04286036347557316, 'MBK': 0.026534784157108922, 'OPL': 0.026253796867971912, 'PGE': 0.02457440772126932, 'CCC': 0.014150650572702192, 'ALR': 0.012885118673565739, 'TPE': 0.007674873746312041, 'JSW': 0.004590548153924401}"
2020-05-27,78580.79205889897,0.0,"{'PKO': 0.16074868954280752, 'PZU': 0.12283827656772936, 'CDR': 0.12143225102402441, 'PKN': 0.11541389536599683, 'PEO': 0.09689596173345197, 'KGH': 0.06752952272457473, 'LPP': 0.0583364463385069, 'SPL': 0.05372411622418429, 'DNP': 0.04355629711029622, 'CPS': 0.04286036347557316, 'MBK': 0.026534784157108922, 'OPL': 0.026253796867971912, 'PGE': 0.02457440772126932, 'CCC': 0.014150650572702192, 'ALR': 0.012885118673565739, 'TPE': 0.007674873746312041, 'JSW': 0.004590548153924401}"
2020-05-28,78916.04999355841,0.0,"{'PKO': 0.16074868954280752, 'PZU': 0.12283827656772936, 'CDR': 0.12143225102402441, 'PKN': 0.11541389536599683, 'PEO': 0.09689596173345197, 'KGH': 0.06752952272457473, 'LPP': 0.0583364463385069, 'SPL': 0.05372411622418429, 'DNP': 0.04355629711029622, 'CPS': 0.04286036347557316, 'MBK': 0.026534784157108922, 'OPL': 0.026253796867971912, 'PGE': 0.02457440772126932, 'CCC': 0.014150650572702192, 'ALR': 0.012885118673565739, 'TPE': 0.007674873746312041, 'JSW': 0.004590548153924401}"
2020-05-29,79050.90634607081,0.0,"{'PKO': 0.16074868954280752, 'PZU': 0.12283827656772936, 'CDR': 0.12143225102402441, 'PKN': 0.11541389536599683, 'PEO': 0.09689596173345197, 'KGH': 0.06752952272457473, 'LPP': 0.0583364463385069, 'SPL': 0.05372411622418429, 'DNP': 0.04355629711029622, 'CPS': 0.04286036347557316, 'MBK': 0.026534784157108922, 'OPL': 0.026253796867971912, 'PGE': 0.02457440772126932, 'CCC': 0.014150650572702192, 'ALR': 0.012885118673565739, 'TPE': 0.007674873746312041, 'JSW': 0.004590548153924401}"
2020-06-01,79517.5789732853,0.0,"{'PKO': 0.16074868954280752, 'PZU': 0.12283827656772936, 'CDR': 0.12143225102402441, 'PKN': 0.11541389536599683, 'PEO': 0.09689596173345197, 'KGH': 0.06752952272457473, 'LPP': 0.0583364463385069, 'SPL': 0.05372411622418429, 'DNP': 0.04355629711029622, 'CPS': 0.04286036347557316, 'MBK': 0.026534784157108922, 'OPL': 0.026253796867971912, 'PGE': 0.02457440772126932, 'CCC': 0.014150650572702192, 'ALR': 0.012885118673565739, 'TPE': 0.007674873746312041, 'JSW': 0.004590548153924401}"
2020-06-02,79731.51855012059,0.0,"{'PKO': 0.16074868954280752, 'PZU': 0.12283827656772936, 'CDR': 0.12143225102402441, 'PKN': 0.11541389536599683, 'PEO': 0.09689596173345197, 'KGH': 0.06752952272457473, 'LPP': 0.0583364463385069, 'SPL': 0.05372411622418429, 'DNP': 0.04355629711029622, 'CPS': 0.04286036347557316, 'MBK': 0.026534784157108922, 'OPL': 0.026253796867971912, 'PGE': 0.02457440772126932, 'CCC': 0.014150650572702192, 'ALR': 0.012885118673565739, 'TPE': 0.007674873746312041, 'JSW': 0.004590548153924401}"
2020-06-03,81297.26127865995,0.0,"{'PKO': 0.16074868954280752, 'PZU': 0.12283827656772936, 'CDR': 0.12143225102402441, 'PKN': 0.11541389536599683, 'PEO': 0.09689596173345197, 'KGH': 0.06752952272457473, 'LPP': 0.0583364463385069, 'SPL': 0.05372411622418429, 'DNP': 0.04355629711029622, 'CPS': 0.04286036347557316, 'MBK': 0.026534784157108922, 'OPL': 0.026253796867971912, 'PGE': 0.02457440772126932, 'CCC': 0.014150650572702192, 'ALR': 0.012885118673565739, 'TPE': 0.007674873746312041, 'JSW': 0.004590548153924401}"
2020-06-04,82488.51164333036,0.0,"{'PKO': 0.16074868954280752, 'PZU': 0.12283827656772936, 'CDR': 0.12143225102402441, 'PKN': 0.11541389536599683, 'PEO': 0.09689596173345197, 'KGH': 0.06752952272457473, 'LPP': 0.0583364463385069, 'SPL': 0.05372411622418429, 'DNP': 0.04355629711029622, 'CPS': 0.04286036347557316, 'MBK': 0.026534784157108922, 'OPL': 0.026253796867971912, 'PGE': 0.02457440772126932, 'CCC': 0.014150650572702192, 'ALR': 0.012885118673565739, 'TPE': 0.007674873746312041, 'JSW': 0.004590548153924401}"
2020-06-05,85250.3895669378,0.0,"{'PKO': 0.16074868954280752, 'PZU': 0.12283827656772936, 'CDR': 0.12143225102402441, 'PKN': 0.11541389536599683, 'PEO': 0.09689596173345197, 'KGH': 0.06752952272457473, 'LPP': 0.0583364463385069, 'SPL': 0.05372411622418429, 'DNP': 0.04355629711029622, 'CPS': 0.04286036347557316, 'MBK': 0.026534784157108922, 'OPL': 0.026253796867971912, 'PGE': 0.02457440772126932, 'CCC': 0.014150650572702192, 'ALR': 0.012885118673565739, 'TPE': 0.007674873746312041, 'JSW': 0.004590548153924401}"
2020-06-08,85286.66399932743,0.0,"{'PKO': 0.16074868954280752, 'PZU': 0.12283827656772936, 'CDR': 0.12143225102402441, 'PKN': 0.11541389536599683, 'PEO': 0.09689596173345197, 'KGH': 0.06752952272457473, 'LPP': 0.0583364463385069, 'SPL': 0.05372411622418429, 'DNP': 0.04355629711029622, 'CPS': 0.04286036347557316, 'MBK': 0.026534784157108922, 'OPL': 0.026253796867971912, 'PGE': 0.02457440772126932, 'CCC': 0.014150650572702192, 'ALR': 0.012885118673565739, 'TPE': 0.007674873746312041, 'JSW': 0.004590548153924401}"
2020-06-09,84818.38902942401,0.0,"{'PKO': 0.16074868954280752, 'PZU': 0.12283827656772936, 'CDR': 0.12143225102402441, 'PKN': 0.11541389536599683, 'PEO': 0.09689596173345197, 'KGH': 0.06752952272457473, 'LPP': 0.0583364463385069, 'SPL': 0.05372411622418429, 'DNP': 0.04355629711029622, 'CPS': 0.04286036347557316, 'MBK': 0.026534784157108922, 'OPL': 0.026253796867971912, 'PGE': 0.02457440772126932, 'CCC': 0.014150650572702192, 'ALR': 0.012885118673565739, 'TPE': 0.007674873746312041, 'JSW': 0.004590548153924401}"
2020-06-10,85020.29451931351,0.0,"{'PKO': 0.16074868954280752, 'PZU': 0.12283827656772936, 'CDR': 0.12143225102402441, 'PKN': 0.11541389536599683, 'PEO': 0.09689596173345197, 'KGH': 0.06752952272457473, 'LPP': 0.0583364463385069, 'SPL': 0.05372411622418429, 'DNP': 0.04355629711029622, 'CPS': 0.04286036347557316, 'MBK': 0.026534784157108922, 'OPL': 0.026253796867971912, 'PGE': 0.02457440772126932, 'CCC': 0.014150650572702192, 'ALR': 0.012885118673565739, 'TPE': 0.007674873746312041, 'JSW': 0.004590548153924401}"
2020-06-11,85020.29451931351,0.0,"{'PKO': 0.16074868954280752, 'PZU': 0.12283827656772936, 'CDR': 0.12143225102402441, 'PKN': 0.11541389536599683, 'PEO': 0.09689596173345197, 'KGH': 0.06752952272457473, 'LPP': 0.0583364463385069, 'SPL': 0.05372411622418429, 'DNP': 0.04355629711029622, 'CPS': 0.04286036347557316, 'MBK': 0.026534784157108922, 'OPL': 0.026253796867971912, 'PGE': 0.02457440772126932, 'CCC': 0.014150650572702192, 'ALR': 0.012885118673565739, 'TPE': 0.007674873746312041, 'JSW': 0.004590548153924401}"
2020-06-12,82536.43658839363,0.0,"{'PKO': 0.16074868954280752, 'PZU': 0.12283827656772936, 'CDR': 0.12143225102402441, 'PKN': 0.11541389536599683, 'PEO': 0.09689596173345197, 'KGH': 0.06752952272457473, 'LPP': 0.0583364463385069, 'SPL': 0.05372411622418429, 'DNP': 0.04355629711029622, 'CPS': 0.04286036347557316, 'MBK': 0.026534784157108922, 'OPL': 0.026253796867971912, 'PGE': 0.02457440772126932, 'CCC': 0.014150650572702192, 'ALR': 0.012885118673565739, 'TPE': 0.007674873746312041, 'JSW': 0.004590548153924401}"
2020-06-15,79805.962515345,0.0,"{'PKO': 0.16074868954280752, 'PZU': 0.12283827656772936, 'CDR': 0.12143225102402441, 'PKN': 0.11541389536599683, 'PEO': 0.09689596173345197, 'KGH': 0.06752952272457473, 'LPP': 0.0583364463385069, 'SPL': 0.05372411622418429, 'DNP': 0.04355629711029622, 'CPS': 0.04286036347557316, 'MBK': 0.026534784157108922, 'OPL': 0.026253796867971912, 'PGE': 0.02457440772126932, 'CCC': 0.014150650572702192, 'ALR': 0.012885118673565739, 'TPE': 0.007674873746312041, 'JSW': 0.004590548153924401}"
2020-06-16,82755.64497413198,0.0,"{'PKO': 0.16074868954280752, 'PZU': 0.12283827656772936, 'CDR': 0.12143225102402441, 'PKN': 0.11541389536599683, 'PEO': 0.09689596173345197, 'KGH': 0.06752952272457473, 'LPP': 0.0583364463385069, 'SPL': 0.05372411622418429, 'DNP': 0.04355629711029622, 'CPS': 0.04286036347557316, 'MBK': 0.026534784157108922, 'OPL': 0.026253796867971912, 'PGE': 0.02457440772126932, 'CCC': 0.014150650572702192, 'ALR': 0.012885118673565739, 'TPE': 0.007674873746312041, 'JSW': 0.004590548153924401}"
2020-06-17,82185.93813270527,0.0,"{'PKO': 0.16074868954280752, 'PZU': 0.12283827656772936, 'CDR': 0.12143225102402441, 'PKN': 0.11541389536599683, 'PEO': 0.09689596173345197, 'KGH': 0.06752952272457473, 'LPP': 0.0583364463385069, 'SPL': 0.05372411622418429, 'DNP': 0.04355629711029622, 'CPS': 0.04286036347557316, 'MBK': 0.026534784157108922, 'OPL': 0.026253796867971912, 'PGE': 0.02457440772126932, 'CCC': 0.014150650572702192, 'ALR': 0.012885118673565739, 'TPE': 0.007674873746312041, 'JSW': 0.004590548153924401}"
2020-06-18,82606.38677512357,0.0,"{'PKO': 0.16074868954280752, 'PZU': 0.12283827656772936, 'CDR': 0.12143225102402441, 'PKN': 0.11541389536599683, 'PEO': 0.09689596173345197, 'KGH': 0.06752952272457473, 'LPP': 0.0583364463385069, 'SPL': 0.05372411622418429, 'DNP': 0.04355629711029622, 'CPS': 0.04286036347557316, 'MBK': 0.026534784157108922, 'OPL': 0.026253796867971912, 'PGE': 0.02457440772126932, 'CCC': 0.014150650572702192, 'ALR': 0.012885118673565739, 'TPE': 0.007674873746312041, 'JSW': 0.004590548153924401}"
2020-06-19,83188.13049589448,1.4551915228366852e-11,"{'CDR': 0.16699416514607174, 'PKO': 0.13129812975174315, 'PKN': 0.13077264777232378, 'PZU': 0.11921983739004678, 'KGH': 0.07891692820157131, 'PEO': 0.06468104245827594, 'DNP': 0.06079225314871695, 'LPP': 0.058802769468161015, 'CPS': 0.049103619034471385, 'SPL': 0.035840765600524585, 'OPL': 0.03003819764134296, 'PGE': 0.02417217105329077, 'MBK': 0.017301939496093953, 'CCC': 0.009787101866685665, 'TPE': 0.008672679278976378, 'ALR': 0.008642619928458745, 'JSW': 0.004963132763244761}"
2020-06-22,82710.571378613,1.4551915228366852e-11,"{'CDR': 0.16699416514607174, 'PKO': 0.13129812975174315, 'PKN': 0.13077264777232378, 'PZU': 0.11921983739004678, 'KGH': 0.07891692820157131, 'PEO': 0.06468104245827594, 'DNP': 0.06079225314871695, 'LPP': 0.058802769468161015, 'CPS': 0.049103619034471385, 'SPL': 0.035840765600524585, 'OPL': 0.03003819764134296, 'PGE': 0.02417217105329077, 'MBK': 0.017301939496093953, 'CCC': 0.009787101866685665, 'TPE': 0.008672679278976378, 'ALR': 0.008642619928458745, 'JSW': 0.004963132763244761}"
2020-06-23,84292.97629370996,1.4551915228366852e-11,"{'CDR': 0.16699416514607174, 'PKO': 0.13129812975174315, 'PKN': 0.13077264777232378, 'PZU': 0.11921983739004678, 'KGH': 0.07891692820157131, 'PEO': 0.06468104245827594, 'DNP': 0.06079225314871695, 'LPP': 0.058802769468161015, 'CPS': 0.049103619034471385, 'SPL': 0.035840765600524585, 'OPL': 0.03003819764134296, 'PGE': 0.02417217105329077, 'MBK': 0.017301939496093953, 'CCC': 0.009787101866685665, 'TPE': 0.008672679278976378, 'ALR': 0.008642619928458745, 'JSW': 0.004963132763244761}"
2020-06-24,82360.30670442265,1.4551915228366852e-11,"{'CDR': 0.16699416514607174, 'PKO': 0.13129812975174315, 'PKN': 0.13077264777232378, 'PZU': 0.11921983739004678, 'KGH': 0.07891692820157131, 'PEO': 0.06468104245827594, 'DNP': 0.06079225314871695, 'LPP': 0.058802769468161015, 'CPS': 0.049103619034471385, 'SPL': 0.035840765600524585, 'OPL': 0.03003819764134296, 'PGE': 0.02417217105329077, 'MBK': 0.017301939496093953, 'CCC': 0.009787101866685665, 'TPE': 0.008672679278976378, 'ALR': 0.008642619928458745, 'JSW': 0.004963132763244761}"
2020-06-25,82794.72117544767,1.4551915228366852e-11,"{'CDR': 0.16699416514607174, 'PKO': 0.13129812975174315, 'PKN': 0.13077264777232378, 'PZU': 0.11921983739004678, 'KGH': 0.07891692820157131, 'PEO': 0.06468104245827594, 'DNP': 0.06079225314871695, 'LPP': 0.058802769468161015, 'CPS': 0.049103619034471385, 'SPL': 0.035840765600524585, 'OPL': 0.03003819764134296, 'PGE': 0.02417217105329077, 'MBK': 0.017301939496093953, 'CCC': 0.009787101866685665, 'TPE': 0.008672679278976378, 'ALR': 0.008642619928458745, 'JSW': 0.004963132763244761}"
2020-06-26,81105.85665950956,1.4551915228366852e-11,"{'CDR': 0.16699416514607174, 'PKO': 0.13129812975174315, 'PKN': 0.13077264777232378, 'PZU': 0.11921983739004678, 'KGH': 0.07891692820157131, 'PEO': 0.06468104245827594, 'DNP': 0.06079225314871695, 'LPP': 0.058802769468161015, 'CPS': 0.049103619034471385, 'SPL': 0.035840765600524585, 'OPL': 0.03003819764134296, 'PGE': 0.02417217105329077, 'MBK': 0.017301939496093953, 'CCC': 0.009787101866685665, 'TPE': 0.008672679278976378, 'ALR': 0.008642619928458745, 'JSW': 0.004963132763244761}"
2020-06-29,81517.62381396804,1.4551915228366852e-11,"{'CDR': 0.16699416514607174, 'PKO': 0.13129812975174315, 'PKN': 0.13077264777232378, 'PZU': 0.11921983739004678, 'KGH': 0.07891692820157131, 'PEO': 0.06468104245827594, 'DNP': 0.06079225314871695, 'LPP': 0.058802769468161015, 'CPS': 0.049103619034471385, 'SPL': 0.035840765600524585, 'OPL': 0.03003819764134296, 'PGE': 0.02417217105329077, 'MBK': 0.017301939496093953, 'CCC': 0.009787101866685665, 'TPE': 0.008672679278976378, 'ALR': 0.008642619928458745, 'JSW': 0.004963132763244761}"
2020-06-30,80895.64292538633,1.4551915228366852e-11,"{'CDR': 0.16699416514607174, 'PKO': 0.13129812975174315, 'PKN': 0.13077264777232378, 'PZU': 0.11921983739004678, 'KGH': 0.07891692820157131, 'PEO': 0.06468104245827594, 'DNP': 0.06079225314871695, 'LPP': 0.058802769468161015, 'CPS': 0.049103619034471385, 'SPL': 0.035840765600524585, 'OPL': 0.03003819764134296, 'PGE': 0.02417217105329077, 'MBK': 0.017301939496093953, 'CCC': 0.009787101866685665, 'TPE': 0.008672679278976378, 'ALR': 0.008642619928458745, 'JSW': 0.004963132763244761}"
2020-07-01,81504.24616058156,1.4551915228366852e-11,"{'CDR': 0.16699416514607174, 'PKO': 0.13129812975174315, 'PKN': 0.13077264777232378, 'PZU': 0.11921983739004678, 'KGH': 0.07891692820157131, 'PEO': 0.06468104245827594, 'DNP': 0.06079225314871695, 'LPP': 0.058802769468161015, 'CPS': 0.049103619034471385, 'SPL': 0.035840765600524585, 'OPL': 0.03003819764134296, 'PGE': 0.02417217105329077, 'MBK': 0.017301939496093953, 'CCC': 0.009787101866685665, 'TPE': 0.008672679278976378, 'ALR': 0.008642619928458745, 'JSW': 0.004963132763244761}"
2020-07-02,82877.4061264092,1.4551915228366852e-11,"{'CDR': 0.16699416514607174, 'PKO': 0.13129812975174315, 'PKN': 0.13077264777232378, 'PZU': 0.11921983739004678, 'KGH': 0.07891692820157131, 'PEO': 0.06468104245827594, 'DNP': 0.06079225314871695, 'LPP': 0.058802769468161015, 'CPS': 0.049103619034471385, 'SPL': 0.035840765600524585, 'OPL': 0.03003819764134296, 'PGE': 0.02417217105329077, 'MBK': 0.017301939496093953, 'CCC': 0.009787101866685665, 'TPE': 0.008672679278976378, 'ALR': 0.008642619928458745, 'JSW': 0.004963132763244761}"
2020-07-03,82793.18748762176,1.4551915228366852e-11,"{'CDR': 0.16699416514607174, 'PKO': 0.13129812975174315, 'PKN': 0.13077264777232378, 'PZU': 0.11921983739004678, 'KGH': 0.07891692820157131, 'PEO': 0.06468104245827594, 'DNP': 0.06079225314871695, 'LPP': 0.058802769468161015, 'CPS': 0.049103619034471385, 'SPL': 0.035840765600524585, 'OPL': 0.03003819764134296, 'PGE': 0.02417217105329077, 'MBK': 0.017301939496093953, 'CCC': 0.009787101866685665, 'TPE': 0.008672679278976378, 'ALR': 0.008642619928458745, 'JSW': 0.004963132763244761}"
2020-07-06,83590.35948127104,1.4551915228366852e-11,"{'CDR': 0.16699416514607174, 'PKO': 0.13129812975174315, 'PKN': 0.13077264777232378, 'PZU': 0.11921983739004678, 'KGH': 0.07891692820157131, 'PEO': 0.06468104245827594, 'DNP': 0.06079225314871695, 'LPP': 0.058802769468161015, 'CPS': 0.049103619034471385, 'SPL': 0.035840765600524585, 'OPL': 0.03003819764134296, 'PGE': 0.02417217105329077, 'MBK': 0.017301939496093953, 'CCC': 0.009787101866685665, 'TPE': 0.008672679278976378, 'ALR': 0.008642619928458745, 'JSW': 0.004963132763244761}"
2020-07-07,82824.86000760054,1.4551915228366852e-11,"{'CDR': 0.16699416514607174, 'PKO': 0.13129812975174315, 'PKN': 0.13077264777232378, 'PZU': 0.11921983739004678, 'KGH': 0.07891692820157131, 'PEO': 0.06468104245827594, 'DNP': 0.06079225314871695, 'LPP': 0.058802769468161015, 'CPS': 0.049103619034471385, 'SPL': 0.035840765600524585, 'OPL': 0.03003819764134296, 'PGE': 0.02417217105329077, 'MBK': 0.017301939496093953, 'CCC': 0.009787101866685665, 'TPE': 0.008672679278976378, 'ALR': 0.008642619928458745, 'JSW': 0.004963132763244761}"
2020-07-08,82173.8447430363,1.4551915228366852e-11,"{'CDR': 0.16699416514607174, 'PKO': 0.13129812975174315, 'PKN': 0.13077264777232378, 'PZU': 0.11921983739004678, 'KGH': 0.07891692820157131, 'PEO': 0.06468104245827594, 'DNP': 0.06079225314871695, 'LPP': 0.058802769468161015, 'CPS': 0.049103619034471385, 'SPL': 0.035840765600524585, 'OPL': 0.03003819764134296, 'PGE': 0.02417217105329077, 'MBK': 0.017301939496093953, 'CCC': 0.009787101866685665, 'TPE': 0.008672679278976378, 'ALR': 0.008642619928458745, 'JSW': 0.004963132763244761}"
2020-07-09,82138.99822147036,1.4551915228366852e-11,"{'CDR': 0.16699416514607174, 'PKO': 0.13129812975174315, 'PKN': 0.13077264777232378, 'PZU': 0.11921983739004678, 'KGH': 0.07891692820157131, 'PEO': 0.06468104245827594, 'DNP': 0.06079225314871695, 'LPP': 0.058802769468161015, 'CPS': 0.049103619034471385, 'SPL': 0.035840765600524585, 'OPL': 0.03003819764134296, 'PGE': 0.02417217105329077, 'MBK': 0.017301939496093953, 'CCC': 0.009787101866685665, 'TPE': 0.008672679278976378, 'ALR': 0.008642619928458745, 'JSW': 0.004963132763244761}"
2020-07-10,82363.0442382916,1.4551915228366852e-11,"{'CDR': 0.16699416514607174, 'PKO': 0.13129812975174315, 'PKN': 0.13077264777232378, 'PZU': 0.11921983739004678, 'KGH': 0.07891692820157131, 'PEO': 0.06468104245827594, 'DNP': 0.06079225314871695, 'LPP': 0.058802769468161015, 'CPS': 0.049103619034471385, 'SPL': 0.035840765600524585, 'OPL': 0.03003819764134296, 'PGE': 0.02417217105329077, 'MBK': 0.017301939496093953, 'CCC': 0.009787101866685665, 'TPE': 0.008672679278976378, 'ALR': 0.008642619928458745, 'JSW': 0.004963132763244761}"
2020-07-13,82689.70093572632,1.4551915228366852e-11,"{'CDR': 0.16699416514607174, 'PKO': 0.13129812975174315, 'PKN': 0.13077264777232378, 'PZU': 0.11921983739004678, 'KGH': 0.07891692820157131, 'PEO': 0.06468104245827594, 'DNP': 0.06079225314871695, 'LPP': 0.058802769468161015, 'CPS': 0.049103619034471385, 'SPL': 0.035840765600524585, 'OPL': 0.03003819764134296, 'PGE': 0.02417217105329077, 'MBK': 0.017301939496093953, 'CCC': 0.009787101866685665, 'TPE': 0.008672679278976378, 'ALR': 0.008642619928458745, 'JSW': 0.004963132763244761}"
2020-07-14,80778.97496034221,1.4551915228366852e-11,"{'CDR': 0.16699416514607174, 'PKO': 0.13129812975174315, 'PKN': 0.13077264777232378, 'PZU': 0.11921983739004678, 'KGH': 0.07891692820157131, 'PEO': 0.06468104245827594, 'DNP': 0.06079225314871695, 'LPP': 0.058802769468161015, 'CPS': 0.049103619034471385, 'SPL': 0.035840765600524585, 'OPL': 0.03003819764134296, 'PGE': 0.02417217105329077, 'MBK': 0.017301939496093953, 'CCC': 0.009787101866685665, 'TPE': 0.008672679278976378, 'ALR': 0.008642619928458745, 'JSW': 0.004963132763244761}"
2020-07-15,81925.42730759789,1.4551915228366852e-11,"{'CDR': 0.16699416514607174, 'PKO': 0.13129812975174315, 'PKN': 0.13077264777232378, 'PZU': 0.11921983739004678, 'KGH': 0.07891692820157131, 'PEO': 0.06468104245827594, 'DNP': 0.06079225314871695, 'LPP': 0.058802769468161015, 'CPS': 0.049103619034471385, 'SPL': 0.035840765600524585, 'OPL': 0.03003819764134296, 'PGE': 0.02417217105329077, 'MBK': 0.017301939496093953, 'CCC': 0.009787101866685665, 'TPE': 0.008672679278976378, 'ALR': 0.008642619928458745, 'JSW': 0.004963132763244761}"
2020-07-16,82355.44669743929,1.4551915228366852e-11,"{'CDR': 0.16699416514607174, 'PKO': 0.13129812975174315, 'PKN': 0.13077264777232378, 'PZU': 0.11921983739004678, 'KGH': 0.07891692820157131, 'PEO': 0.06468104245827594, 'DNP': 0.06079225314871695, 'LPP': 0.058802769468161015, 'CPS': 0.049103619034471385, 'SPL': 0.035840765600524585, 'OPL': 0.03003819764134296, 'PGE': 0.02417217105329077, 'MBK': 0.017301939496093953, 'CCC': 0.009787101866685665, 'TPE': 0.008672679278976378, 'ALR': 0.008642619928458745, 'JSW': 0.004963132763244761}"
2020-07-17,82202.00476973242,1.4551915228366852e-11,"{'CDR': 0.16699416514607174, 'PKO': 0.13129812975174315, 'PKN': 0.13077264777232378, 'PZU': 0.11921983739004678, 'KGH': 0.07891692820157131, 'PEO': 0.06468104245827594, 'DNP': 0.06079225314871695, 'LPP': 0.058802769468161015, 'CPS': 0.049103619034471385, 'SPL': 0.035840765600524585, 'OPL': 0.03003819764134296, 'PGE': 0.02417217105329077, 'MBK': 0.017301939496093953, 'CCC': 0.009787101866685665, 'TPE': 0.008672679278976378, 'ALR': 0.008642619928458745, 'JSW': 0.004963132763244761}"
2020-07-20,84165.49767078979,1.4551915228366852e-11,"{'CDR': 0.16699416514607174, 'PKO': 0.13129812975174315, 'PKN': 0.13077264777232378, 'PZU': 0.11921983739004678, 'KGH': 0.07891692820157131, 'PEO': 0.06468104245827594, 'DNP': 0.06079225314871695, 'LPP': 0.058802769468161015, 'CPS': 0.049103619034471385, 'SPL': 0.035840765600524585, 'OPL': 0.03003819764134296, 'PGE': 0.02417217105329077, 'MBK': 0.017301939496093953, 'CCC': 0.009787101866685665, 'TPE': 0.008672679278976378, 'ALR': 0.008642619928458745, 'JSW': 0.004963132763244761}"
2020-07-21,84487.53526815731,1.4551915228366852e-11,"{'CDR': 0.16699416514607174, 'PKO': 0.13129812975174315, 'PKN': 0.13077264777232378, 'PZU': 0.11921983739004678, 'KGH': 0.07891692820157131, 'PEO': 0.06468104245827594, 'DNP': 0.06079225314871695, 'LPP': 0.058802769468161015, 'CPS': 0.049103619034471385, 'SPL': 0.035840765600524585, 'OPL': 0.03003819764134296, 'PGE': 0.02417217105329077, 'MBK': 0.017301939496093953, 'CCC': 0.009787101866685665, 'TPE': 0.008672679278976378, 'ALR': 0.008642619928458745, 'JSW': 0.004963132763244761}"
2020-07-22,83730.77925273393,1.4551915228366852e-11,"{'CDR': 0.16699416514607174, 'PKO': 0.13129812975174315, 'PKN': 0.13077264777232378, 'PZU': 0.11921983739004678, 'KGH': 0.07891692820157131, 'PEO': 0.06468104245827594, 'DNP': 0.06079225314871695, 'LPP': 0.058802769468161015, 'CPS': 0.049103619034471385, 'SPL': 0.035840765600524585, 'OPL': 0.03003819764134296, 'PGE': 0.02417217105329077, 'MBK': 0.017301939496093953, 'CCC': 0.009787101866685665, 'TPE': 0.008672679278976378, 'ALR': 0.008642619928458745, 'JSW': 0.004963132763244761}"
2020-07-23,83303.44532401224,1.4551915228366852e-11,"{'CDR': 0.16699416514607174, 'PKO': 0.13129812975174315, 'PKN': 0.13077264777232378, 'PZU': 0.11921983739004678, 'KGH': 0.07891692820157131, 'PEO': 0.06468104245827594, 'DNP': 0.06079225314871695, 'LPP': 0.058802769468161015, 'CPS': 0.049103619034471385, 'SPL': 0.035840765600524585, 'OPL': 0.03003819764134296, 'PGE': 0.02417217105329077, 'MBK': 0.017301939496093953, 'CCC': 0.009787101866685665, 'TPE': 0.008672679278976378, 'ALR': 0.008642619928458745, 'JSW': 0.004963132763244761}"
2020-07-24,82903.28320700268,1.4551915228366852e-11,"{'CDR': 0.16699416514607174, 'PKO': 0.13129812975174315, 'PKN': 0.13077264777232378, 'PZU': 0.11921983739004678, 'KGH': 0.07891692820157131, 'PEO': 0.06468104245827594, 'DNP': 0.06079225314871695, 'LPP': 0.058802769468161015, 'CPS': 0.049103619034471385, 'SPL': 0.035840765600524585, 'OPL': 0.03003819764134296, 'PGE': 0.02417217105329077, 'MBK': 0.017301939496093953, 'CCC': 0.009787101866685665, 'TPE': 0.008672679278976378, 'ALR': 0.008642619928458745, 'JSW': 0.004963132763244761}"
2020-07-27,83842.20714051579,1.4551915228366852e-11,"{'CDR': 0.16699416514607174, 'PKO': 0.13129812975174315, 'PKN': 0.13077264777232378, 'PZU': 0.11921983739004678, 'KGH': 0.07891692820157131, 'PEO': 0.06468104245827594, 'DNP': 0.06079225314871695, 'LPP': 0.058802769468161015, 'CPS': 0.049103619034471385, 'SPL': 0.035840765600524585, 'OPL': 0.03003819764134296, 'PGE': 0.02417217105329077, 'MBK': 0.017301939496093953, 'CCC': 0.009787101866685665, 'TPE': 0.008672679278976378, 'ALR': 0.008642619928458745, 'JSW': 0.004963132763244761}"
2020-07-28,83545.27882878677,1.4551915228366852e-11,"{'CDR': 0.16699416514607174, 'PKO': 0.13129812975174315, 'PKN': 0.13077264777232378, 'PZU': 0.11921983739004678, 'KGH': 0.07891692820157131, 'PEO': 0.06468104245827594, 'DNP': 0.06079225314871695, 'LPP': 0.058802769468161015, 'CPS': 0.049103619034471385, 'SPL': 0.035840765600524585, 'OPL': 0.03003819764134296, 'PGE': 0.02417217105329077, 'MBK': 0.017301939496093953, 'CCC': 0.009787101866685665, 'TPE': 0.008672679278976378, 'ALR': 0.008642619928458745, 'JSW': 0.004963132763244761}"
2020-07-29,83806.45734107232,1.4551915228366852e-11,"{'CDR': 0.16699416514607174, 'PKO': 0.13129812975174315, 'PKN': 0.13077264777232378, 'PZU': 0.11921983739004678, 'KGH': 0.07891692820157131, 'PEO': 0.06468104245827594, 'DNP': 0.06079225314871695, 'LPP': 0.058802769468161015, 'CPS': 0.049103619034471385, 'SPL': 0.035840765600524585, 'OPL': 0.03003819764134296, 'PGE': 0.02417217105329077, 'MBK': 0.017301939496093953, 'CCC': 0.009787101866685665, 'TPE': 0.008672679278976378, 'ALR': 0.008642619928458745, 'JSW': 0.004963132763244761}"
2020-07-30,81090.05206896391,1.4551915228366852e-11,"{'CDR': 0.16699416514607174, 'PKO': 0.13129812975174315, 'PKN': 0.13077264777232378, 'PZU': 0.11921983739004678, 'KGH': 0.07891692820157131, 'PEO': 0.06468104245827594, 'DNP': 0.06079225314871695, 'LPP': 0.058802769468161015, 'CPS': 0.049103619034471385, 'SPL': 0.035840765600524585, 'OPL': 0.03003819764134296, 'PGE': 0.02417217105329077, 'MBK': 0.017301939496093953, 'CCC': 0.009787101866685665, 'TPE': 0.008672679278976378, 'ALR': 0.008642619928458745, 'JSW': 0.004963132763244761}"
2020-07-31,81404.05636702263,1.4551915228366852e-11,"{'CDR': 0.16699416514607174, 'PKO': 0.13129812975174315, 'PKN': 0.13077264777232378, 'PZU': 0.11921983739004678, 'KGH': 0.07891692820157131, 'PEO': 0.06468104245827594, 'DNP': 0.06079225314871695, 'LPP': 0.058802769468161015, 'CPS': 0.049103619034471385, 'SPL': 0.035840765600524585, 'OPL': 0.03003819764134296, 'PGE': 0.02417217105329077, 'MBK': 0.017301939496093953, 'CCC': 0.009787101866685665, 'TPE': 0.008672679278976378, 'ALR': 0.008642619928458745, 'JSW': 0.004963132763244761}"
2020-08-03,83295.3082708922,1.4551915228366852e-11,"{'CDR': 0.16699416514607174, 'PKO': 0.13129812975174315, 'PKN': 0.13077264777232378, 'PZU': 0.11921983739004678, 'KGH': 0.07891692820157131, 'PEO': 0.06468104245827594, 'DNP': 0.06079225314871695, 'LPP': 0.058802769468161015, 'CPS': 0.049103619034471385, 'SPL': 0.035840765600524585, 'OPL': 0.03003819764134296, 'PGE': 0.02417217105329077, 'MBK': 0.017301939496093953, 'CCC': 0.009787101866685665, 'TPE': 0.008672679278976378, 'ALR': 0.008642619928458745, 'JSW': 0.004963132763244761}"
2020-08-04,83726.33919011845,1.4551915228366852e-11,"{'CDR': 0.16699416514607174, 'PKO': 0.13129812975174315, 'PKN': 0.13077264777232378, 'PZU': 0.11921983739004678, 'KGH': 0.07891692820157131, 'PEO': 0.06468104245827594, 'DNP': 0.06079225314871695, 'LPP': 0.058802769468161015, 'CPS': 0.049103619034471385, 'SPL': 0.035840765600524585, 'OPL': 0.03003819764134296, 'PGE': 0.02417217105329077, 'MBK': 0.017301939496093953, 'CCC': 0.009787101866685665, 'TPE': 0.008672679278976378, 'ALR': 0.008642619928458745, 'JSW': 0.004963132763244761}"
2020-08-05,84548.02808773688,1.4551915228366852e-11,"{'CDR': 0.16699416514607174, 'PKO': 0.13129812975174315, 'PKN': 0.13077264777232378, 'PZU': 0.11921983739004678, 'KGH': 0.07891692820157131, 'PEO': 0.06468104245827594, 'DNP': 0.06079225314871695, 'LPP': 0.058802769468161015, 'CPS': 0.049103619034471385, 'SPL': 0.035840765600524585, 'OPL': 0.03003819764134296, 'PGE': 0.02417217105329077, 'MBK': 0.017301939496093953, 'CCC': 0.009787101866685665, 'TPE': 0.008672679278976378, 'ALR': 0.008642619928458745, 'JSW': 0.004963132763244761}"
2020-08-06,83950.58868448816,1.4551915228366852e-11,"{'CDR': 0.16699416514607174, 'PKO': 0.13129812975174315, 'PKN': 0.13077264777232378, 'PZU': 0.11921983739004678, 'KGH': 0.07891692820157131, 'PEO': 0.06468104245827594, 'DNP': 0.06079225314871695, 'LPP': 0.058802769468161015, 'CPS': 0.049103619034471385, 'SPL': 0.035840765600524585, 'OPL': 0.03003819764134296, 'PGE': 0.02417217105329077, 'MBK': 0.017301939496093953, 'CCC': 0.009787101866685665, 'TPE': 0.008672679278976378, 'ALR': 0.008642619928458745, 'JSW': 0.004963132763244761}"
2020-08-07,84016.28728420426,1.4551915228366852e-11,"{'CDR': 0.16699416514607174, 'PKO': 0.13129812975174315, 'PKN': 0.13077264777232378, 'PZU': 0.11921983739004678, 'KGH': 0.07891692820157131, 'PEO': 0.06468104245827594, 'DNP': 0.06079225314871695, 'LPP': 0.058802769468161015, 'CPS': 0.049103619034471385, 'SPL': 0.035840765600524585, 'OPL': 0.03003819764134296, 'PGE': 0.02417217105329077, 'MBK': 0.017301939496093953, 'CCC': 0.009787101866685665, 'TPE': 0.008672679278976378, 'ALR': 0.008642619928458745, 'JSW': 0.004963132763244761}"
2020-08-10,84344.93028851922,1.4551915228366852e-11,"{'CDR': 0.16699416514607174, 'PKO': 0.13129812975174315, 'PKN': 0.13077264777232378, 'PZU': 0.11921983739004678, 'KGH': 0.07891692820157131, 'PEO': 0.06468104245827594, 'DNP': 0.06079225314871695, 'LPP': 0.058802769468161015, 'CPS': 0.049103619034471385, 'SPL': 0.035840765600524585, 'OPL': 0.03003819764134296, 'PGE': 0.02417217105329077, 'MBK': 0.017301939496093953, 'CCC': 0.009787101866685665, 'TPE': 0.008672679278976378, 'ALR': 0.008642619928458745, 'JSW': 0.004963132763244761}"
2020-08-11,85476.52577953132,1.4551915228366852e-11,"{'CDR': 0.16699416514607174, 'PKO': 0.13129812975174315, 'PKN': 0.13077264777232378, 'PZU': 0.11921983739004678, 'KGH': 0.07891692820157131, 'PEO': 0.06468104245827594, 'DNP': 0.06079225314871695, 'LPP': 0.058802769468161015, 'CPS': 0.049103619034471385, 'SPL': 0.035840765600524585, 'OPL': 0.03003819764134296, 'PGE': 0.02417217105329077, 'MBK': 0.017301939496093953, 'CCC': 0.009787101866685665, 'TPE': 0.008672679278976378, 'ALR': 0.008642619928458745, 'JSW': 0.004963132763244761}"
2020-08-12,85978.7887624328,1.4551915228366852e-11,"{'CDR': 0.16699416514607174, 'PKO': 0.13129812975174315, 'PKN': 0.13077264777232378, 'PZU': 0.11921983739004678, 'KGH': 0.07891692820157131, 'PEO': 0.06468104245827594, 'DNP': 0.06079225314871695, 'LPP': 0.058802769468161015, 'CPS': 0.049103619034471385, 'SPL': 0.035840765600524585, 'OPL': 0.03003819764134296, 'PGE': 0.02417217105329077, 'MBK': 0.017301939496093953, 'CCC': 0.009787101866685665, 'TPE': 0.008672679278976378, 'ALR': 0.008642619928458745, 'JSW': 0.004963132763244761}"
2020-08-13,86026.38886934951,1.4551915228366852e-11,"{'CDR': 0.16699416514607174, 'PKO': 0.13129812975174315, 'PKN': 0.13077264777232378, 'PZU': 0.11921983739004678, 'KGH': 0.07891692820157131, 'PEO': 0.06468104245827594, 'DNP': 0.06079225314871695, 'LPP': 0.058802769468161015, 'CPS': 0.049103619034471385, 'SPL': 0.035840765600524585, 'OPL': 0.03003819764134296, 'PGE': 0.02417217105329077, 'MBK': 0.017301939496093953, 'CCC': 0.009787101866685665, 'TPE': 0.008672679278976378, 'ALR': 0.008642619928458745, 'JSW': 0.004963132763244761}"
2020-08-14,85915.63235475557,1.4551915228366852e-11,"{'CDR': 0.16699416514607174, 'PKO': 0.13129812975174315, 'PKN': 0.13077264777232378, 'PZU': 0.11921983739004678, 'KGH': 0.07891692820157131, 'PEO': 0.06468104245827594, 'DNP': 0.06079225314871695, 'LPP': 0.058802769468161015, 'CPS': 0.049103619034471385, 'SPL': 0.035840765600524585, 'OPL': 0.03003819764134296, 'PGE': 0.02417217105329077, 'MBK': 0.017301939496093953, 'CCC': 0.009787101866685665, 'TPE': 0.008672679278976378, 'ALR': 0.008642619928458745, 'JSW': 0.004963132763244761}"
2020-08-17,86283.35999522844,1.4551915228366852e-11,"{'CDR': 0.16699416514607174, 'PKO': 0.13129812975174315, 'PKN': 0.13077264777232378, 'PZU': 0.11921983739004678, 'KGH': 0.07891692820157131, 'PEO': 0.06468104245827594, 'DNP': 0.06079225314871695, 'LPP': 0.058802769468161015, 'CPS': 0.049103619034471385, 'SPL': 0.035840765600524585, 'OPL': 0.03003819764134296, 'PGE': 0.02417217105329077, 'MBK': 0.017301939496093953, 'CCC': 0.009787101866685665, 'TPE': 0.008672679278976378, 'ALR': 0.008642619928458745, 'JSW': 0.004963132763244761}"
2020-08-18,85207.34406076593,1.4551915228366852e-11,"{'CDR': 0.16699416514607174, 'PKO': 0.13129812975174315, 'PKN': 0.13077264777232378, 'PZU': 0.11921983739004678, 'KGH': 0.07891692820157131, 'PEO': 0.06468104245827594, 'DNP': 0.06079225314871695, 'LPP': 0.058802769468161015, 'CPS': 0.049103619034471385, 'SPL': 0.035840765600524585, 'OPL': 0.03003819764134296, 'PGE': 0.02417217105329077, 'MBK': 0.017301939496093953, 'CCC': 0.009787101866685665, 'TPE': 0.008672679278976378, 'ALR': 0.008642619928458745, 'JSW': 0.004963132763244761}"
2020-08-19,84982.23171827535,1.4551915228366852e-11,"{'CDR': 0.16699416514607174, 'PKO': 0.13129812975174315, 'PKN': 0.13077264777232378, 'PZU': 0.11921983739004678, 'KGH': 0.07891692820157131, 'PEO': 0.06468104245827594, 'DNP': 0.06079225314871695, 'LPP': 0.058802769468161015, 'CPS': 0.049103619034471385, 'SPL': 0.035840765600524585, 'OPL': 0.03003819764134296, 'PGE': 0.02417217105329077, 'MBK': 0.017301939496093953, 'CCC': 0.009787101866685665, 'TPE': 0.008672679278976378, 'ALR': 0.008642619928458745, 'JSW': 0.004963132763244761}"
2020-08-20,84085.96878556206,1.4551915228366852e-11,"{'CDR': 0.16699416514607174, 'PKO': 0.13129812975174315, 'PKN': 0.13077264777232378, 'PZU': 0.11921983739004678, 'KGH': 0.07891692820157131, 'PEO': 0.06468104245827594, 'DNP': 0.06079225314871695, 'LPP': 0.058802769468161015, 'CPS': 0.049103619034471385, 'SPL': 0.035840765600524585, 'OPL': 0.03003819764134296, 'PGE': 0.02417217105329077, 'MBK': 0.017301939496093953, 'CCC': 0.009787101866685665, 'TPE': 0.008672679278976378, 'ALR': 0.008642619928458745, 'JSW': 0.004963132763244761}"
2020-08-21,84442.61915964907,1.4551915228366852e-11,"{'CDR': 0.16699416514607174, 'PKO': 0.13129812975174315, 'PKN': 0.13077264777232378, 'PZU': 0.11921983739004678, 'KGH': 0.07891692820157131, 'PEO': 0.06468104245827594, 'DNP': 0.06079225314871695, 'LPP': 0.058802769468161015, 'CPS': 0.049103619034471385, 'SPL': 0.035840765600524585, 'OPL': 0.03003819764134296, 'PGE': 0.02417217105329077, 'MBK': 0.017301939496093953, 'CCC': 0.009787101866685665, 'TPE': 0.008672679278976378, 'ALR': 0.008642619928458745, 'JSW': 0.004963132763244761}"
2020-08-24,85401.06165586018,1.4551915228366852e-11,"{'CDR': 0.16699416514607174, 'PKO': 0.13129812975174315, 'PKN': 0.13077264777232378, 'PZU': 0.11921983739004678, 'KGH': 0.07891692820157131, 'PEO': 0.06468104245827594, 'DNP': 0.06079225314871695, 'LPP': 0.058802769468161015, 'CPS': 0.049103619034471385, 'SPL': 0.035840765600524585, 'OPL': 0.03003819764134296, 'PGE': 0.02417217105329077, 'MBK': 0.017301939496093953, 'CCC': 0.009787101866685665, 'TPE': 0.008672679278976378, 'ALR': 0.008642619928458745, 'JSW': 0.004963132763244761}"
2020-08-25,84344.57017754177,1.4551915228366852e-11,"{'CDR': 0.16699416514607174, 'PKO': 0.13129812975174315, 'PKN': 0.13077264777232378, 'PZU': 0.11921983739004678, 'KGH': 0.07891692820157131, 'PEO': 0.06468104245827594, 'DNP': 0.06079225314871695, 'LPP': 0.058802769468161015, 'CPS': 0.049103619034471385, 'SPL': 0.035840765600524585, 'OPL': 0.03003819764134296, 'PGE': 0.02417217105329077, 'MBK': 0.017301939496093953, 'CCC': 0.009787101866685665, 'TPE': 0.008672679278976378, 'ALR': 0.008642619928458745, 'JSW': 0.004963132763244761}"
2020-08-26,85830.28710999875,1.4551915228366852e-11,"{'CDR': 0.16699416514607174, 'PKO': 0.13129812975174315, 'PKN': 0.13077264777232378, 'PZU': 0.11921983739004678, 'KGH': 0.07891692820157131, 'PEO': 0.06468104245827594, 'DNP': 0.06079225314871695, 'LPP': 0.058802769468161015, 'CPS': 0.049103619034471385, 'SPL': 0.035840765600524585, 'OPL': 0.03003819764134296, 'PGE': 0.02417217105329077, 'MBK': 0.017301939496093953, 'CCC': 0.009787101866685665, 'TPE': 0.008672679278976378, 'ALR': 0.008642619928458745, 'JSW': 0.004963132763244761}"
2020-08-27,85943.34767935335,1.4551915228366852e-11,"{'CDR': 0.16699416514607174, 'PKO': 0.13129812975174315, 'PKN': 0.13077264777232378, 'PZU': 0.11921983739004678, 'KGH': 0.07891692820157131, 'PEO': 0.06468104245827594, 'DNP': 0.06079225314871695, 'LPP': 0.058802769468161015, 'CPS': 0.049103619034471385, 'SPL': 0.035840765600524585, 'OPL': 0.03003819764134296, 'PGE': 0.02417217105329077, 'MBK': 0.017301939496093953, 'CCC': 0.009787101866685665, 'TPE': 0.008672679278976378, 'ALR': 0.008642619928458745, 'JSW': 0.004963132763244761}"
2020-08-28,85101.4874711472,1.4551915228366852e-11,"{'CDR': 0.16699416514607174, 'PKO': 0.13129812975174315, 'PKN': 0.13077264777232378, 'PZU': 0.11921983739004678, 'KGH': 0.07891692820157131, 'PEO': 0.06468104245827594, 'DNP': 0.06079225314871695, 'LPP': 0.058802769468161015, 'CPS': 0.049103619034471385, 'SPL': 0.035840765600524585, 'OPL': 0.03003819764134296, 'PGE': 0.02417217105329077, 'MBK': 0.017301939496093953, 'CCC': 0.009787101866685665, 'TPE': 0.008672679278976378, 'ALR': 0.008642619928458745, 'JSW': 0.004963132763244761}"
2020-08-31,83834.15511201622,1.4551915228366852e-11,"{'CDR': 0.16699416514607174, 'PKO': 0.13129812975174315, 'PKN': 0.13077264777232378, 'PZU': 0.11921983739004678, 'KGH': 0.07891692820157131, 'PEO': 0.06468104245827594, 'DNP': 0.06079225314871695, 'LPP': 0.058802769468161015, 'CPS': 0.049103619034471385, 'SPL': 0.035840765600524585, 'OPL': 0.03003819764134296, 'PGE': 0.02417217105329077, 'MBK': 0.017301939496093953, 'CCC': 0.009787101866685665, 'TPE': 0.008672679278976378, 'ALR': 0.008642619928458745, 'JSW': 0.004963132763244761}"
2020-09-01,82647.785894299,1.4551915228366852e-11,"{'CDR': 0.16699416514607174, 'PKO': 0.13129812975174315, 'PKN': 0.13077264777232378, 'PZU': 0.11921983739004678, 'KGH': 0.07891692820157131, 'PEO': 0.06468104245827594, 'DNP': 0.06079225314871695, 'LPP': 0.058802769468161015, 'CPS': 0.049103619034471385, 'SPL': 0.035840765600524585, 'OPL': 0.03003819764134296, 'PGE': 0.02417217105329077, 'MBK': 0.017301939496093953, 'CCC': 0.009787101866685665, 'TPE': 0.008672679278976378, 'ALR': 0.008642619928458745, 'JSW': 0.004963132763244761}"
2020-09-02,83181.70207779725,1.4551915228366852e-11,"{'CDR': 0.16699416514607174, 'PKO': 0.13129812975174315, 'PKN': 0.13077264777232378, 'PZU': 0.11921983739004678, 'KGH': 0.07891692820157131, 'PEO': 0.06468104245827594, 'DNP': 0.06079225314871695, 'LPP': 0.058802769468161015, 'CPS': 0.049103619034471385, 'SPL': 0.035840765600524585, 'OPL': 0.03003819764134296, 'PGE': 0.02417217105329077, 'MBK': 0.017301939496093953, 'CCC': 0.009787101866685665, 'TPE': 0.008672679278976378, 'ALR': 0.008642619928458745, 'JSW': 0.004963132763244761}"
2020-09-03,82430.7282929849,1.4551915228366852e-11,"{'CDR': 0.16699416514607174, 'PKO': 0.13129812975174315, 'PKN': 0.13077264777232378, 'PZU': 0.11921983739004678, 'KGH': 0.07891692820157131, 'PEO': 0.06468104245827594, 'DNP': 0.06079225314871695, 'LPP': 0.058802769468161015, 'CPS': 0.049103619034471385, 'SPL': 0.035840765600524585, 'OPL': 0.03003819764134296, 'PGE': 0.02417217105329077, 'MBK': 0.017301939496093953, 'CCC': 0.009787101866685665, 'TPE': 0.008672679278976378, 'ALR': 0.008642619928458745, 'JSW': 0.004963132763244761}"
2020-09-04,81949.62218130917,1.4551915228366852e-11,"{'CDR': 0.16699416514607174, 'PKO': 0.13129812975174315, 'PKN': 0.13077264777232378, 'PZU': 0.11921983739004678, 'KGH': 0.07891692820157131, 'PEO': 0.06468104245827594, 'DNP': 0.06079225314871695, 'LPP': 0.058802769468161015, 'CPS': 0.049103619034471385, 'SPL': 0.035840765600524585, 'OPL': 0.03003819764134296, 'PGE': 0.02417217105329077, 'MBK': 0.017301939496093953, 'CCC': 0.009787101866685665, 'TPE': 0.008672679278976378, 'ALR': 0.008642619928458745, 'JSW': 0.004963132763244761}"
2020-09-07,82615.70683893371,1.4551915228366852e-11,"{'CDR': 0.16699416514607174, 'PKO': 0.13129812975174315, 'PKN': 0.13077264777232378, 'PZU': 0.11921983739004678, 'KGH': 0.07891692820157131, 'PEO': 0.06468104245827594, 'DNP': 0.06079225314871695, 'LPP': 0.058802769468161015, 'CPS': 0.049103619034471385, 'SPL': 0.035840765600524585, 'OPL': 0.03003819764134296, 'PGE': 0.02417217105329077, 'MBK': 0.017301939496093953, 'CCC': 0.009787101866685665, 'TPE': 0.008672679278976378, 'ALR': 0.008642619928458745, 'JSW': 0.004963132763244761}"
2020-09-08,80896.81472242529,1.4551915228366852e-11,"{'CDR': 0.16699416514607174, 'PKO': 0.13129812975174315, 'PKN': 0.13077264777232378, 'PZU': 0.11921983739004678, 'KGH': 0.07891692820157131, 'PEO': 0.06468104245827594, 'DNP': 0.06079225314871695, 'LPP': 0.058802769468161015, 'CPS': 0.049103619034471385, 'SPL': 0.035840765600524585, 'OPL': 0.03003819764134296, 'PGE': 0.02417217105329077, 'MBK': 0.017301939496093953, 'CCC': 0.009787101866685665, 'TPE': 0.008672679278976378, 'ALR': 0.008642619928458745, 'JSW': 0.004963132763244761}"
2020-09-09,82710.6215640629,1.4551915228366852e-11,"{'CDR': 0.16699416514607174, 'PKO': 0.13129812975174315, 'PKN': 0.13077264777232378, 'PZU': 0.11921983739004678, 'KGH': 0.07891692820157131, 'PEO': 0.06468104245827594, 'DNP': 0.06079225314871695, 'LPP': 0.058802769468161015, 'CPS': 0.049103619034471385, 'SPL': 0.035840765600524585, 'OPL': 0.03003819764134296, 'PGE': 0.02417217105329077, 'MBK': 0.017301939496093953, 'CCC': 0.009787101866685665, 'TPE': 0.008672679278976378, 'ALR': 0.008642619928458745, 'JSW': 0.004963132763244761}"
2020-09-10,82346.01552817645,1.4551915228366852e-11,"{'CDR': 0.16699416514607174, 'PKO': 0.13129812975174315, 'PKN': 0.13077264777232378, 'PZU': 0.11921983739004678, 'KGH': 0.07891692820157131, 'PEO': 0.06468104245827594, 'DNP': 0.06079225314871695, 'LPP': 0.058802769468161015, 'CPS': 0.049103619034471385, 'SPL': 0.035840765600524585, 'OPL': 0.03003819764134296, 'PGE': 0.02417217105329077, 'MBK': 0.017301939496093953, 'CCC': 0.009787101866685665, 'TPE': 0.008672679278976378, 'ALR': 0.008642619928458745, 'JSW': 0.004963132763244761}"
2020-09-11,82790.02052101221,1.4551915228366852e-11,"{'CDR': 0.16699416514607174, 'PKO': 0.13129812975174315, 'PKN': 0.13077264777232378, 'PZU': 0.11921983739004678, 'KGH': 0.07891692820157131, 'PEO': 0.06468104245827594, 'DNP': 0.06079225314871695, 'LPP': 0.058802769468161015, 'CPS': 0.049103619034471385, 'SPL': 0.035840765600524585, 'OPL': 0.03003819764134296, 'PGE': 0.02417217105329077, 'MBK': 0.017301939496093953, 'CCC': 0.009787101866685665, 'TPE': 0.008672679278976378, 'ALR': 0.008642619928458745, 'JSW': 0.004963132763244761}"
2020-09-14,82141.78887052553,1.4551915228366852e-11,"{'CDR': 0.16699416514607174, 'PKO': 0.13129812975174315, 'PKN': 0.13077264777232378, 'PZU': 0.11921983739004678, 'KGH': 0.07891692820157131, 'PEO': 0.06468104245827594, 'DNP': 0.06079225314871695, 'LPP': 0.058802769468161015, 'CPS': 0.049103619034471385, 'SPL': 0.035840765600524585, 'OPL': 0.03003819764134296, 'PGE': 0.02417217105329077, 'MBK': 0.017301939496093953, 'CCC': 0.009787101866685665, 'TPE': 0.008672679278976378, 'ALR': 0.008642619928458745, 'JSW': 0.004963132763244761}"
2020-09-15,81524.05535915255,1.4551915228366852e-11,"{'CDR': 0.16699416514607174, 'PKO': 0.13129812975174315, 'PKN': 0.13077264777232378, 'PZU': 0.11921983739004678, 'KGH': 0.07891692820157131, 'PEO': 0.06468104245827594, 'DNP': 0.06079225314871695, 'LPP': 0.058802769468161015, 'CPS': 0.049103619034471385, 'SPL': 0.035840765600524585, 'OPL': 0.03003819764134296, 'PGE': 0.02417217105329077, 'MBK': 0.017301939496093953, 'CCC': 0.009787101866685665, 'TPE': 0.008672679278976378, 'ALR': 0.008642619928458745, 'JSW': 0.004963132763244761}"
2020-09-16,81216.00660798194,1.4551915228366852e-11,"{'CDR': 0.16699416514607174, 'PKO': 0.13129812975174315, 'PKN': 0.13077264777232378, 'PZU': 0.11921983739004678, 'KGH': 0.07891692820157131, 'PEO': 0.06468104245827594, 'DNP': 0.06079225314871695, 'LPP': 0.058802769468161015, 'CPS': 0.049103619034471385, 'SPL': 0.035840765600524585, 'OPL': 0.03003819764134296, 'PGE': 0.02417217105329077, 'MBK': 0.017301939496093953, 'CCC': 0.009787101866685665, 'TPE': 0.008672679278976378, 'ALR': 0.008642619928458745, 'JSW': 0.004963132763244761}"
2020-09-17,81726.49381778472,1.4551915228366852e-11,"{'CDR': 0.16699416514607174, 'PKO': 0.13129812975174315, 'PKN': 0.13077264777232378, 'PZU': 0.11921983739004678, 'KGH': 0.07891692820157131, 'PEO': 0.06468104245827594, 'DNP': 0.06079225314871695, 'LPP': 0.058802769468161015, 'CPS': 0.049103619034471385, 'SPL': 0.035840765600524585, 'OPL': 0.03003819764134296, 'PGE': 0.02417217105329077, 'MBK': 0.017301939496093953, 'CCC': 0.009787101866685665, 'TPE': 0.008672679278976378, 'ALR': 0.008642619928458745, 'JSW': 0.004963132763244761}"
2020-09-18,81083.48653479434,-1.4551915228366852e-11,"{'CDR': 0.1661157125470249, 'PKO': 0.12020323839203349, 'KGH': 0.11579892777129923, 'PZU': 0.10160590667114074, 'PKN': 0.09719716626854003, 'DNP': 0.07245461965339173, 'LPP': 0.06001025494502087, 'PEO': 0.05940005249291511, 'CPS': 0.05011079991893499, 'PGE': 0.034059485325793844, 'SPL': 0.03281250173038354, 'OPL': 0.030956423128334104, 'TPE': 0.016692525518312167, 'MBK': 0.01586083397288309, 'CCC': 0.0137146046585801, 'ALR': 0.007892763840576581, 'JSW': 0.005114183164835506}"
2020-09-21,77888.75578858658,-1.4551915228366852e-11,"{'CDR': 0.1661157125470249, 'PKO': 0.12020323839203349, 'KGH': 0.11579892777129923, 'PZU': 0.10160590667114074, 'PKN': 0.09719716626854003, 'DNP': 0.07245461965339173, 'LPP': 0.06001025494502087, 'PEO': 0.05940005249291511, 'CPS': 0.05011079991893499, 'PGE': 0.034059485325793844, 'SPL': 0.03281250173038354, 'OPL': 0.030956423128334104, 'TPE': 0.016692525518312167, 'MBK': 0.01586083397288309, 'CCC': 0.0137146046585801, 'ALR': 0.007892763840576581, 'JSW': 0.005114183164835506}"
2020-09-22,78352.378629515,-1.4551915228366852e-11,"{'CDR': 0.1661157125470249, 'PKO': 0.12020323839203349, 'KGH': 0.11579892777129923, 'PZU': 0.10160590667114074, 'PKN': 0.09719716626854003, 'DNP': 0.07245461965339173, 'LPP': 0.06001025494502087, 'PEO': 0.05940005249291511, 'CPS': 0.05011079991893499, 'PGE': 0.034059485325793844, 'SPL': 0.03281250173038354, 'OPL': 0.030956423128334104, 'TPE': 0.016692525518312167, 'MBK': 0.01586083397288309, 'CCC': 0.0137146046585801, 'ALR': 0.007892763840576581, 'JSW': 0.005114183164835506}"
2020-09-23,77813.3948798284,-1.4551915228366852e-11,"{'CDR': 0.1661157125470249, 'PKO': 0.12020323839203349, 'KGH': 0.11579892777129923, 'PZU': 0.10160590667114074, 'PKN': 0.09719716626854003, 'DNP': 0.07245461965339173, 'LPP': 0.06001025494502087, 'PEO': 0.05940005249291511, 'CPS': 0.05011079991893499, 'PGE': 0.034059485325793844, 'SPL': 0.03281250173038354, 'OPL': 0.030956423128334104, 'TPE': 0.016692525518312167, 'MBK': 0.01586083397288309, 'CCC': 0.0137146046585801, 'ALR': 0.007892763840576581, 'JSW': 0.005114183164835506}"
2020-09-24,76753.61281011417,-1.4551915228366852e-11,"{'CDR': 0.1661157125470249, 'PKO': 0.12020323839203349, 'KGH': 0.11579892777129923, 'PZU': 0.10160590667114074, 'PKN': 0.09719716626854003, 'DNP': 0.07245461965339173, 'LPP': 0.06001025494502087, 'PEO': 0.05940005249291511, 'CPS': 0.05011079991893499, 'PGE': 0.034059485325793844, 'SPL': 0.03281250173038354, 'OPL': 0.030956423128334104, 'TPE': 0.016692525518312167, 'MBK': 0.01586083397288309, 'CCC': 0.0137146046585801, 'ALR': 0.007892763840576581, 'JSW': 0.005114183164835506}"
2020-09-25,77390.20214368115,-1.4551915228366852e-11,"{'CDR': 0.1661157125470249, 'PKO': 0.12020323839203349, 'KGH': 0.11579892777129923, 'PZU': 0.10160590667114074, 'PKN': 0.09719716626854003, 'DNP': 0.07245461965339173, 'LPP': 0.06001025494502087, 'PEO': 0.05940005249291511, 'CPS': 0.05011079991893499, 'PGE': 0.034059485325793844, 'SPL': 0.03281250173038354, 'OPL': 0.030956423128334104, 'TPE': 0.016692525518312167, 'MBK': 0.01586083397288309, 'CCC': 0.0137146046585801, 'ALR': 0.007892763840576581, 'JSW': 0.005114183164835506}"
2020-09-28,80524.61150687748,-1.4551915228366852e-11,"{'CDR': 0.1661157125470249, 'PKO': 0.12020323839203349, 'KGH': 0.11579892777129923, 'PZU': 0.10160590667114074, 'PKN': 0.09719716626854003, 'DNP': 0.07245461965339173, 'LPP': 0.06001025494502087, 'PEO': 0.05940005249291511, 'CPS': 0.05011079991893499, 'PGE': 0.034059485325793844, 'SPL': 0.03281250173038354, 'OPL': 0.030956423128334104, 'TPE': 0.016692525518312167, 'MBK': 0.01586083397288309, 'CCC': 0.0137146046585801, 'ALR': 0.007892763840576581, 'JSW': 0.005114183164835506}"
2020-09-29,79486.24394250753,-1.4551915228366852e-11,"{'CDR': 0.1661157125470249, 'PKO': 0.12020323839203349, 'KGH': 0.11579892777129923, 'PZU': 0.10160590667114074, 'PKN': 0.09719716626854003, 'DNP': 0.07245461965339173, 'LPP': 0.06001025494502087, 'PEO': 0.05940005249291511, 'CPS': 0.05011079991893499, 'PGE': 0.034059485325793844, 'SPL': 0.03281250173038354, 'OPL': 0.030956423128334104, 'TPE': 0.016692525518312167, 'MBK': 0.01586083397288309, 'CCC': 0.0137146046585801, 'ALR': 0.007892763840576581, 'JSW': 0.005114183164835506}"
2020-09-30,79201.68733593167,-1.4551915228366852e-11,"{'CDR': 0.1661157125470249, 'PKO': 0.12020323839203349, 'KGH': 0.11579892777129923, 'PZU': 0.10160590667114074, 'PKN': 0.09719716626854003, 'DNP': 0.07245461965339173, 'LPP': 0.06001025494502087, 'PEO': 0.05940005249291511, 'CPS': 0.05011079991893499, 'PGE': 0.034059485325793844, 'SPL': 0.03281250173038354, 'OPL': 0.030956423128334104, 'TPE': 0.016692525518312167, 'MBK': 0.01586083397288309, 'CCC': 0.0137146046585801, 'ALR': 0.007892763840576581, 'JSW': 0.005114183164835506}"
2020-10-01,78367.78582163251,-1.4551915228366852e-11,"{'CDR': 0.1661157125470249, 'PKO': 0.12020323839203349, 'KGH': 0.11579892777129923, 'PZU': 0.10160590667114074, 'PKN': 0.09719716626854003, 'DNP': 0.07245461965339173, 'LPP': 0.06001025494502087, 'PEO': 0.05940005249291511, 'CPS': 0.05011079991893499, 'PGE': 0.034059485325793844, 'SPL': 0.03281250173038354, 'OPL': 0.030956423128334104, 'TPE': 0.016692525518312167, 'MBK': 0.01586083397288309, 'CCC': 0.0137146046585801, 'ALR': 0.007892763840576581, 'JSW': 0.005114183164835506}"
2020-10-02,78622.5583536944,-1.4551915228366852e-11,"{'CDR': 0.1661157125470249, 'PKO': 0.12020323839203349, 'KGH': 0.11579892777129923, 'PZU': 0.10160590667114074, 'PKN': 0.09719716626854003, 'DNP': 0.07245461965339173, 'LPP': 0.06001025494502087, 'PEO': 0.05940005249291511, 'CPS': 0.05011079991893499, 'PGE': 0.034059485325793844, 'SPL': 0.03281250173038354, 'OPL': 0.030956423128334104, 'TPE': 0.016692525518312167, 'MBK': 0.01586083397288309, 'CCC': 0.0137146046585801, 'ALR': 0.007892763840576581, 'JSW': 0.005114183164835506}"
2020-10-05,80138.2844028906,-1.4551915228366852e-11,"{'CDR': 0.1661157125470249, 'PKO': 0.12020323839203349, 'KGH': 0.11579892777129923, 'PZU': 0.10160590667114074, 'PKN': 0.09719716626854003, 'DNP': 0.07245461965339173, 'LPP': 0.06001025494502087, 'PEO': 0.05940005249291511, 'CPS': 0.05011079991893499, 'PGE': 0.034059485325793844, 'SPL': 0.03281250173038354, 'OPL': 0.030956423128334104, 'TPE': 0.016692525518312167, 'MBK': 0.01586083397288309, 'CCC': 0.0137146046585801, 'ALR': 0.007892763840576581, 'JSW': 0.005114183164835506}"
2020-10-06,80297.04203614817,-1.4551915228366852e-11,"{'CDR': 0.1661157125470249, 'PKO': 0.12020323839203349, 'KGH': 0.11579892777129923, 'PZU': 0.10160590667114074, 'PKN': 0.09719716626854003, 'DNP': 0.07245461965339173, 'LPP': 0.06001025494502087, 'PEO': 0.05940005249291511, 'CPS': 0.05011079991893499, 'PGE': 0.034059485325793844, 'SPL': 0.03281250173038354, 'OPL': 0.030956423128334104, 'TPE': 0.016692525518312167, 'MBK': 0.01586083397288309, 'CCC': 0.0137146046585801, 'ALR': 0.007892763840576581, 'JSW': 0.005114183164835506}"
2020-10-07,80263.72050768888,-1.4551915228366852e-11,"{'CDR': 0.1661157125470249, 'PKO': 0.12020323839203349, 'KGH': 0.11579892777129923, 'PZU': 0.10160590667114074, 'PKN': 0.09719716626854003, 'DNP': 0.07245461965339173, 'LPP': 0.06001025494502087, 'PEO': 0.05940005249291511, 'CPS': 0.05011079991893499, 'PGE': 0.034059485325793844, 'SPL': 0.03281250173038354, 'OPL': 0.030956423128334104, 'TPE': 0.016692525518312167, 'MBK': 0.01586083397288309, 'CCC': 0.0137146046585801, 'ALR': 0.007892763840576581, 'JSW': 0.005114183164835506}"
2020-10-08,79423.7809268997,-1.4551915228366852e-11,"{'CDR': 0.1661157125470249, 'PKO': 0.12020323839203349, 'KGH': 0.11579892777129923, 'PZU': 0.10160590667114074, 'PKN': 0.09719716626854003, 'DNP': 0.07245461965339173, 'LPP': 0.06001025494502087, 'PEO': 0.05940005249291511, 'CPS': 0.05011079991893499, 'PGE': 0.034059485325793844, 'SPL': 0.03281250173038354, 'OPL': 0.030956423128334104, 'TPE': 0.016692525518312167, 'MBK': 0.01586083397288309, 'CCC': 0.0137146046585801, 'ALR': 0.007892763840576581, 'JSW': 0.005114183164835506}"
2020-10-09,78407.05954551465,-1.4551915228366852e-11,"{'CDR': 0.1661157125470249, 'PKO': 0.12020323839203349, 'KGH': 0.11579892777129923, 'PZU': 0.10160590667114074, 'PKN': 0.09719716626854003, 'DNP': 0.07245461965339173, 'LPP': 0.06001025494502087, 'PEO': 0.05940005249291511, 'CPS': 0.05011079991893499, 'PGE': 0.034059485325793844, 'SPL': 0.03281250173038354, 'OPL': 0.030956423128334104, 'TPE': 0.016692525518312167, 'MBK': 0.01586083397288309, 'CCC': 0.0137146046585801, 'ALR': 0.007892763840576581, 'JSW': 0.005114183164835506}"
2020-10-12,77787.7215528374,-1.4551915228366852e-11,"{'CDR': 0.1661157125470249, 'PKO': 0.12020323839203349, 'KGH': 0.11579892777129923, 'PZU': 0.10160590667114074, 'PKN': 0.09719716626854003, 'DNP': 0.07245461965339173, 'LPP': 0.06001025494502087, 'PEO': 0.05940005249291511, 'CPS': 0.05011079991893499, 'PGE': 0.034059485325793844, 'SPL': 0.03281250173038354, 'OPL': 0.030956423128334104, 'TPE': 0.016692525518312167, 'MBK': 0.01586083397288309, 'CCC': 0.0137146046585801, 'ALR': 0.007892763840576581, 'JSW': 0.005114183164835506}"
2020-10-13,76759.53057273288,-1.4551915228366852e-11,"{'CDR': 0.1661157125470249, 'PKO': 0.12020323839203349, 'KGH': 0.11579892777129923, 'PZU': 0.10160590667114074, 'PKN': 0.09719716626854003, 'DNP': 0.07245461965339173, 'LPP': 0.06001025494502087, 'PEO': 0.05940005249291511, 'CPS': 0.05011079991893499, 'PGE': 0.034059485325793844, 'SPL': 0.03281250173038354, 'OPL': 0.030956423128334104, 'TPE': 0.016692525518312167, 'MBK': 0.01586083397288309, 'CCC': 0.0137146046585801, 'ALR': 0.007892763840576581, 'JSW': 0.005114183164835506}"
2020-10-14,77414.08709324787,-1.4551915228366852e-11,"{'CDR': 0.1661157125470249, 'PKO': 0.12020323839203349, 'KGH': 0.11579892777129923, 'PZU': 0.10160590667114074, 'PKN': 0.09719716626854003, 'DNP': 0.07245461965339173, 'LPP': 0.06001025494502087, 'PEO': 0.05940005249291511, 'CPS': 0.05011079991893499, 'PGE': 0.034059485325793844, 'SPL': 0.03281250173038354, 'OPL': 0.030956423128334104, 'TPE': 0.016692525518312167, 'MBK': 0.01586083397288309, 'CCC': 0.0137146046585801, 'ALR': 0.007892763840576581, 'JSW': 0.005114183164835506}"
2020-10-15,74638.80091267962,-1.4551915228366852e-11,"{'CDR': 0.1661157125470249, 'PKO': 0.12020323839203349, 'KGH': 0.11579892777129923, 'PZU': 0.10160590667114074, 'PKN': 0.09719716626854003, 'DNP': 0.07245461965339173, 'LPP': 0.06001025494502087, 'PEO': 0.05940005249291511, 'CPS': 0.05011079991893499, 'PGE': 0.034059485325793844, 'SPL': 0.03281250173038354, 'OPL': 0.030956423128334104, 'TPE': 0.016692525518312167, 'MBK': 0.01586083397288309, 'CCC': 0.0137146046585801, 'ALR': 0.007892763840576581, 'JSW': 0.005114183164835506}"
2020-10-16,75775.02801709883,-1.4551915228366852e-11,"{'CDR': 0.1661157125470249, 'PKO': 0.12020323839203349, 'KGH': 0.11579892777129923, 'PZU': 0.10160590667114074, 'PKN': 0.09719716626854003, 'DNP': 0.07245461965339173, 'LPP': 0.06001025494502087, 'PEO': 0.05940005249291511, 'CPS': 0.05011079991893499, 'PGE': 0.034059485325793844, 'SPL': 0.03281250173038354, 'OPL': 0.030956423128334104, 'TPE': 0.016692525518312167, 'MBK': 0.01586083397288309, 'CCC': 0.0137146046585801, 'ALR': 0.007892763840576581, 'JSW': 0.005114183164835506}"
2020-10-19,75192.02104126527,-1.4551915228366852e-11,"{'CDR': 0.1661157125470249, 'PKO': 0.12020323839203349, 'KGH': 0.11579892777129923, 'PZU': 0.10160590667114074, 'PKN': 0.09719716626854003, 'DNP': 0.07245461965339173, 'LPP': 0.06001025494502087, 'PEO': 0.05940005249291511, 'CPS': 0.05011079991893499, 'PGE': 0.034059485325793844, 'SPL': 0.03281250173038354, 'OPL': 0.030956423128334104, 'TPE': 0.016692525518312167, 'MBK': 0.01586083397288309, 'CCC': 0.0137146046585801, 'ALR': 0.007892763840576581, 'JSW': 0.005114183164835506}"
2020-10-20,75117.1177900929,-1.4551915228366852e-11,"{'CDR': 0.1661157125470249, 'PKO': 0.12020323839203349, 'KGH': 0.11579892777129923, 'PZU': 0.10160590667114074, 'PKN': 0.09719716626854003, 'DNP': 0.07245461965339173, 'LPP': 0.06001025494502087, 'PEO': 0.05940005249291511, 'CPS': 0.05011079991893499, 'PGE': 0.034059485325793844, 'SPL': 0.03281250173038354, 'OPL': 0.030956423128334104, 'TPE': 0.016692525518312167, 'MBK': 0.01586083397288309, 'CCC': 0.0137146046585801, 'ALR': 0.007892763840576581, 'JSW': 0.005114183164835506}"
2020-10-21,74497.92956203435,-1.4551915228366852e-11,"{'CDR': 0.1661157125470249, 'PKO': 0.12020323839203349, 'KGH': 0.11579892777129923, 'PZU': 0.10160590667114074, 'PKN': 0.09719716626854003, 'DNP': 0.07245461965339173, 'LPP': 0.06001025494502087, 'PEO': 0.05940005249291511, 'CPS': 0.05011079991893499, 'PGE': 0.034059485325793844, 'SPL': 0.03281250173038354, 'OPL': 0.030956423128334104, 'TPE': 0.016692525518312167, 'MBK': 0.01586083397288309, 'CCC': 0.0137146046585801, 'ALR': 0.007892763840576581, 'JSW': 0.005114183164835506}"
2020-10-22,74437.59337249544,-1.4551915228366852e-11,"{'CDR': 0.1661157125470249, 'PKO': 0.12020323839203349, 'KGH': 0.11579892777129923, 'PZU': 0.10160590667114074, 'PKN': 0.09719716626854003, 'DNP': 0.07245461965339173, 'LPP': 0.06001025494502087, 'PEO': 0.05940005249291511, 'CPS': 0.05011079991893499, 'PGE': 0.034059485325793844, 'SPL': 0.03281250173038354, 'OPL': 0.030956423128334104, 'TPE': 0.016692525518312167, 'MBK': 0.01586083397288309, 'CCC': 0.0137146046585801, 'ALR': 0.007892763840576581, 'JSW': 0.005114183164835506}"
2020-10-23,74283.37249194844,-1.4551915228366852e-11,"{'CDR': 0.1661157125470249, 'PKO': 0.12020323839203349, 'KGH': 0.11579892777129923, 'PZU': 0.10160590667114074, 'PKN': 0.09719716626854003, 'DNP': 0.07245461965339173, 'LPP': 0.06001025494502087, 'PEO': 0.05940005249291511, 'CPS': 0.05011079991893499, 'PGE': 0.034059485325793844, 'SPL': 0.03281250173038354, 'OPL': 0.030956423128334104, 'TPE': 0.016692525518312167, 'MBK': 0.01586083397288309, 'CCC': 0.0137146046585801, 'ALR': 0.007892763840576581, 'JSW': 0.005114183164835506}"
2020-10-26,73213.19916429814,-1.4551915228366852e-11,"{'CDR': 0.1661157125470249, 'PKO': 0.12020323839203349, 'KGH': 0.11579892777129923, 'PZU': 0.10160590667114074, 'PKN': 0.09719716626854003, 'DNP': 0.07245461965339173, 'LPP': 0.06001025494502087, 'PEO': 0.05940005249291511, 'CPS': 0.05011079991893499, 'PGE': 0.034059485325793844, 'SPL': 0.03281250173038354, 'OPL': 0.030956423128334104, 'TPE': 0.016692525518312167, 'MBK': 0.01586083397288309, 'CCC': 0.0137146046585801, 'ALR': 0.007892763840576581, 'JSW': 0.005114183164835506}"
2020-10-27,72495.2941202494,-1.4551915228366852e-11,"{'CDR': 0.1661157125470249, 'PKO': 0.12020323839203349, 'KGH': 0.11579892777129923, 'PZU': 0.10160590667114074, 'PKN': 0.09719716626854003, 'DNP': 0.07245461965339173, 'LPP': 0.06001025494502087, 'PEO': 0.05940005249291511, 'CPS': 0.05011079991893499, 'PGE': 0.034059485325793844, 'SPL': 0.03281250173038354, 'OPL': 0.030956423128334104, 'TPE': 0.016692525518312167, 'MBK': 0.01586083397288309, 'CCC': 0.0137146046585801, 'ALR': 0.007892763840576581, 'JSW': 0.005114183164835506}"
2020-10-28,69136.64604915383,-1.4551915228366852e-11,"{'CDR': 0.1661157125470249, 'PKO': 0.12020323839203349, 'KGH': 0.11579892777129923, 'PZU': 0.10160590667114074, 'PKN': 0.09719716626854003, 'DNP': 0.07245461965339173, 'LPP': 0.06001025494502087, 'PEO': 0.05940005249291511, 'CPS': 0.05011079991893499, 'PGE': 0.034059485325793844, 'SPL': 0.03281250173038354, 'OPL': 0.030956423128334104, 'TPE': 0.016692525518312167, 'MBK': 0.01586083397288309, 'CCC': 0.0137146046585801, 'ALR': 0.007892763840576581, 'JSW': 0.005114183164835506}"
2020-10-29,69078.7022771861,-1.4551915228366852e-11,"{'CDR': 0.1661157125470249, 'PKO': 0.12020323839203349, 'KGH': 0.11579892777129923, 'PZU': 0.10160590667114074, 'PKN': 0.09719716626854003, 'DNP': 0.07245461965339173, 'LPP': 0.06001025494502087, 'PEO': 0.05940005249291511, 'CPS': 0.05011079991893499, 'PGE': 0.034059485325793844, 'SPL': 0.03281250173038354, 'OPL': 0.030956423128334104, 'TPE': 0.016692525518312167, 'MBK': 0.01586083397288309, 'CCC': 0.0137146046585801, 'ALR': 0.007892763840576581, 'JSW': 0.005114183164835506}"
2020-10-30,68302.03158593745,-1.4551915228366852e-11,"{'CDR': 0.1661157125470249, 'PKO': 0.12020323839203349, 'KGH': 0.11579892777129923, 'PZU': 0.10160590667114074, 'PKN': 0.09719716626854003, 'DNP': 0.07245461965339173, 'LPP': 0.06001025494502087, 'PEO': 0.05940005249291511, 'CPS': 0.05011079991893499, 'PGE': 0.034059485325793844, 'SPL': 0.03281250173038354, 'OPL': 0.030956423128334104, 'TPE': 0.016692525518312167, 'MBK': 0.01586083397288309, 'CCC': 0.0137146046585801, 'ALR': 0.007892763840576581, 'JSW': 0.005114183164835506}"
2020-11-02,70042.37146753153,-1.4551915228366852e-11,"{'CDR': 0.1661157125470249, 'PKO': 0.12020323839203349, 'KGH': 0.11579892777129923, 'PZU': 0.10160590667114074, 'PKN': 0.09719716626854003, 'DNP': 0.07245461965339173, 'LPP': 0.06001025494502087, 'PEO': 0.05940005249291511, 'CPS': 0.05011079991893499, 'PGE': 0.034059485325793844, 'SPL': 0.03281250173038354, 'OPL': 0.030956423128334104, 'TPE': 0.016692525518312167, 'MBK': 0.01586083397288309, 'CCC': 0.0137146046585801, 'ALR': 0.007892763840576581, 'JSW': 0.005114183164835506}"
2020-11-03,74532.102232791,-1.4551915228366852e-11,"{'CDR': 0.1661157125470249, 'PKO': 0.12020323839203349, 'KGH': 0.11579892777129923, 'PZU': 0.10160590667114074, 'PKN': 0.09719716626854003, 'DNP': 0.07245461965339173, 'LPP': 0.06001025494502087, 'PEO': 0.05940005249291511, 'CPS': 0.05011079991893499, 'PGE': 0.034059485325793844, 'SPL': 0.03281250173038354, 'OPL': 0.030956423128334104, 'TPE': 0.016692525518312167, 'MBK': 0.01586083397288309, 'CCC': 0.0137146046585801, 'ALR': 0.007892763840576581, 'JSW': 0.005114183164835506}"
2020-11-04,74315.35088530082,-1.4551915228366852e-11,"{'CDR': 0.1661157125470249, 'PKO': 0.12020323839203349, 'KGH': 0.11579892777129923, 'PZU': 0.10160590667114074, 'PKN': 0.09719716626854003, 'DNP': 0.07245461965339173, 'LPP': 0.06001025494502087, 'PEO': 0.05940005249291511, 'CPS': 0.05011079991893499, 'PGE': 0.034059485325793844, 'SPL': 0.03281250173038354, 'OPL': 0.030956423128334104, 'TPE': 0.016692525518312167, 'MBK': 0.01586083397288309, 'CCC': 0.0137146046585801, 'ALR': 0.007892763840576581, 'JSW': 0.005114183164835506}"
2020-11-05,75822.00089549343,-1.4551915228366852e-11,"{'CDR': 0.1661157125470249, 'PKO': 0.12020323839203349, 'KGH': 0.11579892777129923, 'PZU': 0.10160590667114074, 'PKN': 0.09719716626854003, 'DNP': 0.07245461965339173, 'LPP': 0.06001025494502087, 'PEO': 0.05940005249291511, 'CPS': 0.05011079991893499, 'PGE': 0.034059485325793844, 'SPL': 0.03281250173038354, 'OPL': 0.030956423128334104, 'TPE': 0.016692525518312167, 'MBK': 0.01586083397288309, 'CCC': 0.0137146046585801, 'ALR': 0.007892763840576581, 'JSW': 0.005114183164835506}"
2020-11-06,76759.98235745194,-1.4551915228366852e-11,"{'CDR': 0.1661157125470249, 'PKO': 0.12020323839203349, 'KGH': 0.11579892777129923, 'PZU': 0.10160590667114074, 'PKN': 0.09719716626854003, 'DNP': 0.07245461965339173, 'LPP': 0.06001025494502087, 'PEO': 0.05940005249291511, 'CPS': 0.05011079991893499, 'PGE': 0.034059485325793844, 'SPL': 0.03281250173038354, 'OPL': 0.030956423128334104, 'TPE': 0.016692525518312167, 'MBK': 0.01586083397288309, 'CCC': 0.0137146046585801, 'ALR': 0.007892763840576581, 'JSW': 0.005114183164835506}"
2020-11-09,80737.83922349602,-1.4551915228366852e-11,"{'CDR': 0.1661157125470249, 'PKO': 0.12020323839203349, 'KGH': 0.11579892777129923, 'PZU': 0.10160590667114074, 'PKN': 0.09719716626854003, 'DNP': 0.07245461965339173, 'LPP': 0.06001025494502087, 'PEO': 0.05940005249291511, 'CPS': 0.05011079991893499, 'PGE': 0.034059485325793844, 'SPL': 0.03281250173038354, 'OPL': 0.030956423128334104, 'TPE': 0.016692525518312167, 'MBK': 0.01586083397288309, 'CCC': 0.0137146046585801, 'ALR': 0.007892763840576581, 'JSW': 0.005114183164835506}"
2020-11-10,82723.57700155416,-1.4551915228366852e-11,"{'CDR': 0.1661157125470249, 'PKO': 0.12020323839203349, 'KGH': 0.11579892777129923, 'PZU': 0.10160590667114074, 'PKN': 0.09719716626854003, 'DNP': 0.07245461965339173, 'LPP': 0.06001025494502087, 'PEO': 0.05940005249291511, 'CPS': 0.05011079991893499, 'PGE': 0.034059485325793844, 'SPL': 0.03281250173038354, 'OPL': 0.030956423128334104, 'TPE': 0.016692525518312167, 'MBK': 0.01586083397288309, 'CCC': 0.0137146046585801, 'ALR': 0.007892763840576581, 'JSW': 0.005114183164835506}"
2020-11-11,82723.57700155416,-1.4551915228366852e-11,"{'CDR': 0.1661157125470249, 'PKO': 0.12020323839203349, 'KGH': 0.11579892777129923, 'PZU': 0.10160590667114074, 'PKN': 0.09719716626854003, 'DNP': 0.07245461965339173, 'LPP': 0.06001025494502087, 'PEO': 0.05940005249291511, 'CPS': 0.05011079991893499, 'PGE': 0.034059485325793844, 'SPL': 0.03281250173038354, 'OPL': 0.030956423128334104, 'TPE': 0.016692525518312167, 'MBK': 0.01586083397288309, 'CCC': 0.0137146046585801, 'ALR': 0.007892763840576581, 'JSW': 0.005114183164835506}"
2020-11-12,82915.36959737398,-1.4551915228366852e-11,"{'CDR': 0.1661157125470249, 'PKO': 0.12020323839203349, 'KGH': 0.11579892777129923, 'PZU': 0.10160590667114074, 'PKN': 0.09719716626854003, 'DNP': 0.07245461965339173, 'LPP': 0.06001025494502087, 'PEO': 0.05940005249291511, 'CPS': 0.05011079991893499, 'PGE': 0.034059485325793844, 'SPL': 0.03281250173038354, 'OPL': 0.030956423128334104, 'TPE': 0.016692525518312167, 'MBK': 0.01586083397288309, 'CCC': 0.0137146046585801, 'ALR': 0.007892763840576581, 'JSW': 0.005114183164835506}"
2020-11-13,82214.86212469121,-1.4551915228366852e-11,"{'CDR': 0.1661157125470249, 'PKO': 0.12020323839203349, 'KGH': 0.11579892777129923, 'PZU': 0.10160590667114074, 'PKN': 0.09719716626854003, 'DNP': 0.07245461965339173, 'LPP': 0.06001025494502087, 'PEO': 0.05940005249291511, 'CPS': 0.05011079991893499, 'PGE': 0.034059485325793844, 'SPL': 0.03281250173038354, 'OPL': 0.030956423128334104, 'TPE': 0.016692525518312167, 'MBK': 0.01586083397288309, 'CCC': 0.0137146046585801, 'ALR': 0.007892763840576581, 'JSW': 0.005114183164835506}"
2020-11-16,85495.927328206,-1.4551915228366852e-11,"{'CDR': 0.1661157125470249, 'PKO': 0.12020323839203349, 'KGH': 0.11579892777129923, 'PZU': 0.10160590667114074, 'PKN': 0.09719716626854003, 'DNP': 0.07245461965339173, 'LPP': 0.06001025494502087, 'PEO': 0.05940005249291511, 'CPS': 0.05011079991893499, 'PGE': 0.034059485325793844, 'SPL': 0.03281250173038354, 'OPL': 0.030956423128334104, 'TPE': 0.016692525518312167, 'MBK': 0.01586083397288309, 'CCC': 0.0137146046585801, 'ALR': 0.007892763840576581, 'JSW': 0.005114183164835506}"
2020-11-17,85612.87308370191,-1.4551915228366852e-11,"{'CDR': 0.1661157125470249, 'PKO': 0.12020323839203349, 'KGH': 0.11579892777129923, 'PZU': 0.10160590667114074, 'PKN': 0.09719716626854003, 'DNP': 0.07245461965339173, 'LPP': 0.06001025494502087, 'PEO': 0.05940005249291511, 'CPS': 0.05011079991893499, 'PGE': 0.034059485325793844, 'SPL': 0.03281250173038354, 'OPL': 0.030956423128334104, 'TPE': 0.016692525518312167, 'MBK': 0.01586083397288309, 'CCC': 0.0137146046585801, 'ALR': 0.007892763840576581, 'JSW': 0.005114183164835506}"
2020-11-18,86502.50581115537,-1.4551915228366852e-11,"{'CDR': 0.1661157125470249, 'PKO': 0.12020323839203349, 'KGH': 0.11579892777129923, 'PZU': 0.10160590667114074, 'PKN': 0.09719716626854003, 'DNP': 0.07245461965339173, 'LPP': 0.06001025494502087, 'PEO': 0.05940005249291511, 'CPS': 0.05011079991893499, 'PGE': 0.034059485325793844, 'SPL': 0.03281250173038354, 'OPL': 0.030956423128334104, 'TPE': 0.016692525518312167, 'MBK': 0.01586083397288309, 'CCC': 0.0137146046585801, 'ALR': 0.007892763840576581, 'JSW': 0.005114183164835506}"
2020-11-19,84872.19167009111,-1.4551915228366852e-11,"{'CDR': 0.1661157125470249, 'PKO': 0.12020323839203349, 'KGH': 0.11579892777129923, 'PZU': 0.10160590667114074, 'PKN': 0.09719716626854003, 'DNP': 0.07245461965339173, 'LPP': 0.06001025494502087, 'PEO': 0.05940005249291511, 'CPS': 0.05011079991893499, 'PGE': 0.034059485325793844, 'SPL': 0.03281250173038354, 'OPL': 0.030956423128334104, 'TPE': 0.016692525518312167, 'MBK': 0.01586083397288309, 'CCC': 0.0137146046585801, 'ALR': 0.007892763840576581, 'JSW': 0.005114183164835506}"
2020-11-20,85765.11355816817,-1.4551915228366852e-11,"{'CDR': 0.1661157125470249, 'PKO': 0.12020323839203349, 'KGH': 0.11579892777129923, 'PZU': 0.10160590667114074, 'PKN': 0.09719716626854003, 'DNP': 0.07245461965339173, 'LPP': 0.06001025494502087, 'PEO': 0.05940005249291511, 'CPS': 0.05011079991893499, 'PGE': 0.034059485325793844, 'SPL': 0.03281250173038354, 'OPL': 0.030956423128334104, 'TPE': 0.016692525518312167, 'MBK': 0.01586083397288309, 'CCC': 0.0137146046585801, 'ALR': 0.007892763840576581, 'JSW': 0.005114183164835506}"
2020-11-23,86588.74491335274,-1.4551915228366852e-11,"{'CDR': 0.1661157125470249, 'PKO': 0.12020323839203349, 'KGH': 0.11579892777129923, 'PZU': 0.10160590667114074, 'PKN': 0.09719716626854003, 'DNP': 0.07245461965339173, 'LPP': 0.06001025494502087, 'PEO': 0.05940005249291511, 'CPS': 0.05011079991893499, 'PGE': 0.034059485325793844, 'SPL': 0.03281250173038354, 'OPL': 0.030956423128334104, 'TPE': 0.016692525518312167, 'MBK': 0.01586083397288309, 'CCC': 0.0137146046585801, 'ALR': 0.007892763840576581, 'JSW': 0.005114183164835506}"
2020-11-24,87873.2983075725,-1.4551915228366852e-11,"{'CDR': 0.1661157125470249, 'PKO': 0.12020323839203349, 'KGH': 0.11579892777129923, 'PZU': 0.10160590667114074, 'PKN': 0.09719716626854003, 'DNP': 0.07245461965339173, 'LPP': 0.06001025494502087, 'PEO': 0.05940005249291511, 'CPS': 0.05011079991893499, 'PGE': 0.034059485325793844, 'SPL': 0.03281250173038354, 'OPL': 0.030956423128334104, 'TPE': 0.016692525518312167, 'MBK': 0.01586083397288309, 'CCC': 0.0137146046585801, 'ALR': 0.007892763840576581, 'JSW': 0.005114183164835506}"
2020-11-25,87612.47635766712,-1.4551915228366852e-11,"{'CDR': 0.1661157125470249, 'PKO': 0.12020323839203349, 'KGH': 0.11579892777129923, 'PZU': 0.10160590667114074, 'PKN': 0.09719716626854003, 'DNP': 0.07245461965339173, 'LPP': 0.06001025494502087, 'PEO': 0.05940005249291511, 'CPS': 0.05011079991893499, 'PGE': 0.034059485325793844, 'SPL': 0.03281250173038354, 'OPL': 0.030956423128334104, 'TPE': 0.016692525518312167, 'MBK': 0.01586083397288309, 'CCC': 0.0137146046585801, 'ALR': 0.007892763840576581, 'JSW': 0.005114183164835506}"
2020-11-26,87747.6329003613,-1.4551915228366852e-11,"{'CDR': 0.1661157125470249, 'PKO': 0.12020323839203349, 'KGH': 0.11579892777129923, 'PZU': 0.10160590667114074, 'PKN': 0.09719716626854003, 'DNP': 0.07245461965339173, 'LPP': 0.06001025494502087, 'PEO': 0.05940005249291511, 'CPS': 0.05011079991893499, 'PGE': 0.034059485325793844, 'SPL': 0.03281250173038354, 'OPL': 0.030956423128334104, 'TPE': 0.016692525518312167, 'MBK': 0.01586083397288309, 'CCC': 0.0137146046585801, 'ALR': 0.007892763840576581, 'JSW': 0.005114183164835506}"
2020-11-27,87809.56010450846,-1.4551915228366852e-11,"{'CDR': 0.1661157125470249, 'PKO': 0.12020323839203349, 'KGH': 0.11579892777129923, 'PZU': 0.10160590667114074, 'PKN': 0.09719716626854003, 'DNP': 0.07245461965339173, 'LPP': 0.06001025494502087, 'PEO': 0.05940005249291511, 'CPS': 0.05011079991893499, 'PGE': 0.034059485325793844, 'SPL': 0.03281250173038354, 'OPL': 0.030956423128334104, 'TPE': 0.016692525518312167, 'MBK': 0.01586083397288309, 'CCC': 0.0137146046585801, 'ALR': 0.007892763840576581, 'JSW': 0.005114183164835506}"
2020-11-30,86305.0141036514,-1.4551915228366852e-11,"{'CDR': 0.1661157125470249, 'PKO': 0.12020323839203349, 'KGH': 0.11579892777129923, 'PZU': 0.10160590667114074, 'PKN': 0.09719716626854003, 'DNP': 0.07245461965339173, 'LPP': 0.06001025494502087, 'PEO': 0.05940005249291511, 'CPS': 0.05011079991893499, 'PGE': 0.034059485325793844, 'SPL': 0.03281250173038354, 'OPL': 0.030956423128334104, 'TPE': 0.016692525518312167, 'MBK': 0.01586083397288309, 'CCC': 0.0137146046585801, 'ALR': 0.007892763840576581, 'JSW': 0.005114183164835506}"
2020-12-01,87952.12514283837,-1.4551915228366852e-11,"{'CDR': 0.1661157125470249, 'PKO': 0.12020323839203349, 'KGH': 0.11579892777129923, 'PZU': 0.10160590667114074, 'PKN': 0.09719716626854003, 'DNP': 0.07245461965339173, 'LPP': 0.06001025494502087, 'PEO': 0.05940005249291511, 'CPS': 0.05011079991893499, 'PGE': 0.034059485325793844, 'SPL': 0.03281250173038354, 'OPL': 0.030956423128334104, 'TPE': 0.016692525518312167, 'MBK': 0.01586083397288309, 'CCC': 0.0137146046585801, 'ALR': 0.007892763840576581, 'JSW': 0.005114183164835506}"
2020-12-02,90179.89899212342,-1.4551915228366852e-11,"{'CDR': 0.1661157125470249, 'PKO': 0.12020323839203349, 'KGH': 0.11579892777129923, 'PZU': 0.10160590667114074, 'PKN': 0.09719716626854003, 'DNP': 0.07245461965339173, 'LPP': 0.06001025494502087, 'PEO': 0.05940005249291511, 'CPS': 0.05011079991893499, 'PGE': 0.034059485325793844, 'SPL': 0.03281250173038354, 'OPL': 0.030956423128334104, 'TPE': 0.016692525518312167, 'MBK': 0.01586083397288309, 'CCC': 0.0137146046585801, 'ALR': 0.007892763840576581, 'JSW': 0.005114183164835506}"
2020-12-03,89877.02752358542,-1.4551915228366852e-11,"{'CDR': 0.1661157125470249, 'PKO': 0.12020323839203349, 'KGH': 0.11579892777129923, 'PZU': 0.10160590667114074, 'PKN': 0.09719716626854003, 'DNP': 0.07245461965339173, 'LPP': 0.06001025494502087, 'PEO': 0.05940005249291511, 'CPS': 0.05011079991893499, 'PGE': 0.034059485325793844, 'SPL': 0.03281250173038354, 'OPL': 0.030956423128334104, 'TPE': 0.016692525518312167, 'MBK': 0.01586083397288309, 'CCC': 0.0137146046585801, 'ALR': 0.007892763840576581, 'JSW': 0.005114183164835506}"
2020-12-04,92946.562751141,-1.4551915228366852e-11,"{'CDR': 0.1661157125470249, 'PKO': 0.12020323839203349, 'KGH': 0.11579892777129923, 'PZU': 0.10160590667114074, 'PKN': 0.09719716626854003, 'DNP': 0.07245461965339173, 'LPP': 0.06001025494502087, 'PEO': 0.05940005249291511, 'CPS': 0.05011079991893499, 'PGE': 0.034059485325793844, 'SPL': 0.03281250173038354, 'OPL': 0.030956423128334104, 'TPE': 0.016692525518312167, 'MBK': 0.01586083397288309, 'CCC': 0.0137146046585801, 'ALR': 0.007892763840576581, 'JSW': 0.005114183164835506}"
2020-12-07,93640.32879188543,-1.4551915228366852e-11,"{'CDR': 0.1661157125470249, 'PKO': 0.12020323839203349, 'KGH': 0.11579892777129923, 'PZU': 0.10160590667114074, 'PKN': 0.09719716626854003, 'DNP': 0.07245461965339173, 'LPP': 0.06001025494502087, 'PEO': 0.05940005249291511, 'CPS': 0.05011079991893499, 'PGE': 0.034059485325793844, 'SPL': 0.03281250173038354, 'OPL': 0.030956423128334104, 'TPE': 0.016692525518312167, 'MBK': 0.01586083397288309, 'CCC': 0.0137146046585801, 'ALR': 0.007892763840576581, 'JSW': 0.005114183164835506}"
2020-12-08,93584.83679887066,-1.4551915228366852e-11,"{'CDR': 0.1661157125470249, 'PKO': 0.12020323839203349, 'KGH': 0.11579892777129923, 'PZU': 0.10160590667114074, 'PKN': 0.09719716626854003, 'DNP': 0.07245461965339173, 'LPP': 0.06001025494502087, 'PEO': 0.05940005249291511, 'CPS': 0.05011079991893499, 'PGE': 0.034059485325793844, 'SPL': 0.03281250173038354, 'OPL': 0.030956423128334104, 'TPE': 0.016692525518312167, 'MBK': 0.01586083397288309, 'CCC': 0.0137146046585801, 'ALR': 0.007892763840576581, 'JSW': 0.005114183164835506}"
2020-12-09,95374.0197672,-1.4551915228366852e-11,"{'CDR': 0.1661157125470249, 'PKO': 0.12020323839203349, 'KGH': 0.11579892777129923, 'PZU': 0.10160590667114074, 'PKN': 0.09719716626854003, 'DNP': 0.07245461965339173, 'LPP': 0.06001025494502087, 'PEO': 0.05940005249291511, 'CPS': 0.05011079991893499, 'PGE': 0.034059485325793844, 'SPL': 0.03281250173038354, 'OPL': 0.030956423128334104, 'TPE': 0.016692525518312167, 'MBK': 0.01586083397288309, 'CCC': 0.0137146046585801, 'ALR': 0.007892763840576581, 'JSW': 0.005114183164835506}"
2020-12-10,94038.88229896649,-1.4551915228366852e-11,"{'CDR': 0.1661157125470249, 'PKO': 0.12020323839203349, 'KGH': 0.11579892777129923, 'PZU': 0.10160590667114074, 'PKN': 0.09719716626854003, 'DNP': 0.07245461965339173, 'LPP': 0.06001025494502087, 'PEO': 0.05940005249291511, 'CPS': 0.05011079991893499, 'PGE': 0.034059485325793844, 'SPL': 0.03281250173038354, 'OPL': 0.030956423128334104, 'TPE': 0.016692525518312167, 'MBK': 0.01586083397288309, 'CCC': 0.0137146046585801, 'ALR': 0.007892763840576581, 'JSW': 0.005114183164835506}"
2020-12-11,91908.94885832506,-1.4551915228366852e-11,"{'CDR': 0.1661157125470249, 'PKO': 0.12020323839203349, 'KGH': 0.11579892777129923, 'PZU': 0.10160590667114074, 'PKN': 0.09719716626854003, 'DNP': 0.07245461965339173, 'LPP': 0.06001025494502087, 'PEO': 0.05940005249291511, 'CPS': 0.05011079991893499, 'PGE': 0.034059485325793844, 'SPL': 0.03281250173038354, 'OPL': 0.030956423128334104, 'TPE': 0.016692525518312167, 'MBK': 0.01586083397288309, 'CCC': 0.0137146046585801, 'ALR': 0.007892763840576581, 'JSW': 0.005114183164835506}"
2020-12-14,90890.53459506028,-1.4551915228366852e-11,"{'CDR': 0.1661157125470249, 'PKO': 0.12020323839203349, 'KGH': 0.11579892777129923, 'PZU': 0.10160590667114074, 'PKN': 0.09719716626854003, 'DNP': 0.07245461965339173, 'LPP': 0.06001025494502087, 'PEO': 0.05940005249291511, 'CPS': 0.05011079991893499, 'PGE': 0.034059485325793844, 'SPL': 0.03281250173038354, 'OPL': 0.030956423128334104, 'TPE': 0.016692525518312167, 'MBK': 0.01586083397288309, 'CCC': 0.0137146046585801, 'ALR': 0.007892763840576581, 'JSW': 0.005114183164835506}"
2020-12-15,91506.1174533781,-1.4551915228366852e-11,"{'CDR': 0.1661157125470249, 'PKO': 0.12020323839203349, 'KGH': 0.11579892777129923, 'PZU': 0.10160590667114074, 'PKN': 0.09719716626854003, 'DNP': 0.07245461965339173, 'LPP': 0.06001025494502087, 'PEO': 0.05940005249291511, 'CPS': 0.05011079991893499, 'PGE': 0.034059485325793844, 'SPL': 0.03281250173038354, 'OPL': 0.030956423128334104, 'TPE': 0.016692525518312167, 'MBK': 0.01586083397288309, 'CCC': 0.0137146046585801, 'ALR': 0.007892763840576581, 'JSW': 0.005114183164835506}"
2020-12-16,93190.599586826,-1.4551915228366852e-11,"{'CDR': 0.1661157125470249, 'PKO': 0.12020323839203349, 'KGH': 0.11579892777129923, 'PZU': 0.10160590667114074, 'PKN': 0.09719716626854003, 'DNP': 0.07245461965339173, 'LPP': 0.06001025494502087, 'PEO': 0.05940005249291511, 'CPS': 0.05011079991893499, 'PGE': 0.034059485325793844, 'SPL': 0.03281250173038354, 'OPL': 0.030956423128334104, 'TPE': 0.016692525518312167, 'MBK': 0.01586083397288309, 'CCC': 0.0137146046585801, 'ALR': 0.007892763840576581, 'JSW': 0.005114183164835506}"
2020-12-17,92539.59341763471,-1.4551915228366852e-11,"{'CDR': 0.1661157125470249, 'PKO': 0.12020323839203349, 'KGH': 0.11579892777129923, 'PZU': 0.10160590667114074, 'PKN': 0.09719716626854003, 'DNP': 0.07245461965339173, 'LPP': 0.06001025494502087, 'PEO': 0.05940005249291511, 'CPS': 0.05011079991893499, 'PGE': 0.034059485325793844, 'SPL': 0.03281250173038354, 'OPL': 0.030956423128334104, 'TPE': 0.016692525518312167, 'MBK': 0.01586083397288309, 'CCC': 0.0137146046585801, 'ALR': 0.007892763840576581, 'JSW': 0.005114183164835506}"
2020-12-18,91218.62745521285,-2.9103830456733704e-11,"{'CDR': 0.1354010349083272, 'ALE': 0.1308811103320569, 'PKO': 0.1242862929109943, 'KGH': 0.10499782675596533, 'PZU': 0.08144007292793608, 'PKN': 0.07812891620161361, 'DNP': 0.07039830116826408, 'PEO': 0.054305719914846916, 'LPP': 0.04100504340671602, 'CPS': 0.03958582516119549, 'SPL': 0.03206143036471371, 'PGE': 0.02610748198745547, 'OPL': 0.022361676454196375, 'ACP': 0.020822956225260186, 'TPE': 0.012153245959405284, 'CCC': 0.011986154690558604, 'ALR': 0.00816314876093364, 'JSW': 0.005913761869560942}"
2020-12-21,88290.3970012178,-2.9103830456733704e-11,"{'CDR': 0.1354010349083272, 'ALE': 0.1308811103320569, 'PKO': 0.1242862929109943, 'KGH': 0.10499782675596533, 'PZU': 0.08144007292793608, 'PKN': 0.07812891620161361, 'DNP': 0.07039830116826408, 'PEO': 0.054305719914846916, 'LPP': 0.04100504340671602, 'CPS': 0.03958582516119549, 'SPL': 0.03206143036471371, 'PGE': 0.02610748198745547, 'OPL': 0.022361676454196375, 'ACP': 0.020822956225260186, 'TPE': 0.012153245959405284, 'CCC': 0.011986154690558604, 'ALR': 0.00816314876093364, 'JSW': 0.005913761869560942}"
2020-12-22,90192.36186204277,-2.9103830456733704e-11,"{'CDR': 0.1354010349083272, 'ALE': 0.1308811103320569, 'PKO': 0.1242862929109943, 'KGH': 0.10499782675596533, 'PZU': 0.08144007292793608, 'PKN': 0.07812891620161361, 'DNP': 0.07039830116826408, 'PEO': 0.054305719914846916, 'LPP': 0.04100504340671602, 'CPS': 0.03958582516119549, 'SPL': 0.03206143036471371, 'PGE': 0.02610748198745547, 'OPL': 0.022361676454196375, 'ACP': 0.020822956225260186, 'TPE': 0.012153245959405284, 'CCC': 0.011986154690558604, 'ALR': 0.00816314876093364, 'JSW': 0.005913761869560942}"
2020-12-23,91446.49526966555,-2.9103830456733704e-11,"{'CDR': 0.1354010349083272, 'ALE': 0.1308811103320569, 'PKO': 0.1242862929109943, 'KGH': 0.10499782675596533, 'PZU': 0.08144007292793608, 'PKN': 0.07812891620161361, 'DNP': 0.07039830116826408, 'PEO': 0.054305719914846916, 'LPP': 0.04100504340671602, 'CPS': 0.03958582516119549, 'SPL': 0.03206143036471371, 'PGE': 0.02610748198745547, 'OPL': 0.022361676454196375, 'ACP': 0.020822956225260186, 'TPE': 0.012153245959405284, 'CCC': 0.011986154690558604, 'ALR': 0.00816314876093364, 'JSW': 0.005913761869560942}"
2020-12-24,91446.49526966555,-2.9103830456733704e-11,"{'CDR': 0.1354010349083272, 'ALE': 0.1308811103320569, 'PKO': 0.1242862929109943, 'KGH': 0.10499782675596533, 'PZU': 0.08144007292793608, 'PKN': 0.07812891620161361, 'DNP': 0.07039830116826408, 'PEO': 0.054305719914846916, 'LPP': 0.04100504340671602, 'CPS': 0.03958582516119549, 'SPL': 0.03206143036471371, 'PGE': 0.02610748198745547, 'OPL': 0.022361676454196375, 'ACP': 0.020822956225260186, 'TPE': 0.012153245959405284, 'CCC': 0.011986154690558604, 'ALR': 0.00816314876093364, 'JSW': 0.005913761869560942}"
2020-12-25,91446.49526966555,-2.9103830456733704e-11,"{'CDR': 0.1354010349083272, 'ALE': 0.1308811103320569, 'PKO': 0.1242862929109943, 'KGH': 0.10499782675596533, 'PZU': 0.08144007292793608, 'PKN': 0.07812891620161361, 'DNP': 0.07039830116826408, 'PEO': 0.054305719914846916, 'LPP': 0.04100504340671602, 'CPS': 0.03958582516119549, 'SPL': 0.03206143036471371, 'PGE': 0.02610748198745547, 'OPL': 0.022361676454196375, 'ACP': 0.020822956225260186, 'TPE': 0.012153245959405284, 'CCC': 0.011986154690558604, 'ALR': 0.00816314876093364, 'JSW': 0.005913761869560942}"
2020-12-28,93615.83540887348,-2.9103830456733704e-11,"{'CDR': 0.1354010349083272, 'ALE': 0.1308811103320569, 'PKO': 0.1242862929109943, 'KGH': 0.10499782675596533, 'PZU': 0.08144007292793608, 'PKN': 0.07812891620161361, 'DNP': 0.07039830116826408, 'PEO': 0.054305719914846916, 'LPP': 0.04100504340671602, 'CPS': 0.03958582516119549, 'SPL': 0.03206143036471371, 'PGE': 0.02610748198745547, 'OPL': 0.022361676454196375, 'ACP': 0.020822956225260186, 'TPE': 0.012153245959405284, 'CCC': 0.011986154690558604, 'ALR': 0.00816314876093364, 'JSW': 0.005913761869560942}"
2020-12-29,94352.26285890932,-2.9103830456733704e-11,"{'CDR': 0.1354010349083272, 'ALE': 0.1308811103320569, 'PKO': 0.1242862929109943, 'KGH': 0.10499782675596533, 'PZU': 0.08144007292793608, 'PKN': 0.07812891620161361, 'DNP': 0.07039830116826408, 'PEO': 0.054305719914846916, 'LPP': 0.04100504340671602, 'CPS': 0.03958582516119549, 'SPL': 0.03206143036471371, 'PGE': 0.02610748198745547, 'OPL': 0.022361676454196375, 'ACP': 0.020822956225260186, 'TPE': 0.012153245959405284, 'CCC': 0.011986154690558604, 'ALR': 0.00816314876093364, 'JSW': 0.005913761869560942}"
2020-12-30,92751.63620579598,-2.9103830456733704e-11,"{'CDR': 0.1354010349083272, 'ALE': 0.1308811103320569, 'PKO': 0.1242862929109943, 'KGH': 0.10499782675596533, 'PZU': 0.08144007292793608, 'PKN': 0.07812891620161361, 'DNP': 0.07039830116826408, 'PEO': 0.054305719914846916, 'LPP': 0.04100504340671602, 'CPS': 0.03958582516119549, 'SPL': 0.03206143036471371, 'PGE': 0.02610748198745547, 'OPL': 0.022361676454196375, 'ACP': 0.020822956225260186, 'TPE': 0.012153245959405284, 'CCC': 0.011986154690558604, 'ALR': 0.00816314876093364, 'JSW': 0.005913761869560942}"
2020-12-31,92751.63620579598,-2.9103830456733704e-11,"{'CDR': 0.1354010349083272, 'ALE': 0.1308811103320569, 'PKO': 0.1242862929109943, 'KGH': 0.10499782675596533, 'PZU': 0.08144007292793608, 'PKN': 0.07812891620161361, 'DNP': 0.07039830116826408, 'PEO': 0.054305719914846916, 'LPP': 0.04100504340671602, 'CPS': 0.03958582516119549, 'SPL': 0.03206143036471371, 'PGE': 0.02610748198745547, 'OPL': 0.022361676454196375, 'ACP': 0.020822956225260186, 'TPE': 0.012153245959405284, 'CCC': 0.011986154690558604, 'ALR': 0.00816314876093364, 'JSW': 0.005913761869560942}"
2021-01-01,92751.63620579598,-2.9103830456733704e-11,"{'CDR': 0.1354010349083272, 'ALE': 0.1308811103320569, 'PKO': 0.1242862929109943, 'KGH': 0.10499782675596533, 'PZU': 0.08144007292793608, 'PKN': 0.07812891620161361, 'DNP': 0.07039830116826408, 'PEO': 0.054305719914846916, 'LPP': 0.04100504340671602, 'CPS': 0.03958582516119549, 'SPL': 0.03206143036471371, 'PGE': 0.02610748198745547, 'OPL': 0.022361676454196375, 'ACP': 0.020822956225260186, 'TPE': 0.012153245959405284, 'CCC': 0.011986154690558604, 'ALR': 0.00816314876093364, 'JSW': 0.005913761869560942}"
2021-01-04,93796.32918406605,-2.9103830456733704e-11,"{'CDR': 0.1354010349083272, 'ALE': 0.1308811103320569, 'PKO': 0.1242862929109943, 'KGH': 0.10499782675596533, 'PZU': 0.08144007292793608, 'PKN': 0.07812891620161361, 'DNP': 0.07039830116826408, 'PEO': 0.054305719914846916, 'LPP': 0.04100504340671602, 'CPS': 0.03958582516119549, 'SPL': 0.03206143036471371, 'PGE': 0.02610748198745547, 'OPL': 0.022361676454196375, 'ACP': 0.020822956225260186, 'TPE': 0.012153245959405284, 'CCC': 0.011986154690558604, 'ALR': 0.00816314876093364, 'JSW': 0.005913761869560942}"
2021-01-05,93648.630008952,-2.9103830456733704e-11,"{'CDR': 0.1354010349083272, 'ALE': 0.1308811103320569, 'PKO': 0.1242862929109943, 'KGH': 0.10499782675596533, 'PZU': 0.08144007292793608, 'PKN': 0.07812891620161361, 'DNP': 0.07039830116826408, 'PEO': 0.054305719914846916, 'LPP': 0.04100504340671602, 'CPS': 0.03958582516119549, 'SPL': 0.03206143036471371, 'PGE': 0.02610748198745547, 'OPL': 0.022361676454196375, 'ACP': 0.020822956225260186, 'TPE': 0.012153245959405284, 'CCC': 0.011986154690558604, 'ALR': 0.00816314876093364, 'JSW': 0.005913761869560942}"
2021-01-06,93648.630008952,-2.9103830456733704e-11,"{'CDR': 0.1354010349083272, 'ALE': 0.1308811103320569, 'PKO': 0.1242862929109943, 'KGH': 0.10499782675596533, 'PZU': 0.08144007292793608, 'PKN': 0.07812891620161361, 'DNP': 0.07039830116826408, 'PEO': 0.054305719914846916, 'LPP': 0.04100504340671602, 'CPS': 0.03958582516119549, 'SPL': 0.03206143036471371, 'PGE': 0.02610748198745547, 'OPL': 0.022361676454196375, 'ACP': 0.020822956225260186, 'TPE': 0.012153245959405284, 'CCC': 0.011986154690558604, 'ALR': 0.00816314876093364, 'JSW': 0.005913761869560942}"
2021-01-07,96000.70918286293,-2.9103830456733704e-11,"{'CDR': 0.1354010349083272, 'ALE': 0.1308811103320569, 'PKO': 0.1242862929109943, 'KGH': 0.10499782675596533, 'PZU': 0.08144007292793608, 'PKN': 0.07812891620161361, 'DNP': 0.07039830116826408, 'PEO': 0.054305719914846916, 'LPP': 0.04100504340671602, 'CPS': 0.03958582516119549, 'SPL': 0.03206143036471371, 'PGE': 0.02610748198745547, 'OPL': 0.022361676454196375, 'ACP': 0.020822956225260186, 'TPE': 0.012153245959405284, 'CCC': 0.011986154690558604, 'ALR': 0.00816314876093364, 'JSW': 0.005913761869560942}"
2021-01-08,95980.26390690617,-2.9103830456733704e-11,"{'CDR': 0.1354010349083272, 'ALE': 0.1308811103320569, 'PKO': 0.1242862929109943, 'KGH': 0.10499782675596533, 'PZU': 0.08144007292793608, 'PKN': 0.07812891620161361, 'DNP': 0.07039830116826408, 'PEO': 0.054305719914846916, 'LPP': 0.04100504340671602, 'CPS': 0.03958582516119549, 'SPL': 0.03206143036471371, 'PGE': 0.02610748198745547, 'OPL': 0.022361676454196375, 'ACP': 0.020822956225260186, 'TPE': 0.012153245959405284, 'CCC': 0.011986154690558604, 'ALR': 0.00816314876093364, 'JSW': 0.005913761869560942}"
2021-01-11,95802.10437570965,-2.9103830456733704e-11,"{'CDR': 0.1354010349083272, 'ALE': 0.1308811103320569, 'PKO': 0.1242862929109943, 'KGH': 0.10499782675596533, 'PZU': 0.08144007292793608, 'PKN': 0.07812891620161361, 'DNP': 0.07039830116826408, 'PEO': 0.054305719914846916, 'LPP': 0.04100504340671602, 'CPS': 0.03958582516119549, 'SPL': 0.03206143036471371, 'PGE': 0.02610748198745547, 'OPL': 0.022361676454196375, 'ACP': 0.020822956225260186, 'TPE': 0.012153245959405284, 'CCC': 0.011986154690558604, 'ALR': 0.00816314876093364, 'JSW': 0.005913761869560942}"
2021-01-12,94662.9914040706,-2.9103830456733704e-11,"{'CDR': 0.1354010349083272, 'ALE': 0.1308811103320569, 'PKO': 0.1242862929109943, 'KGH': 0.10499782675596533, 'PZU': 0.08144007292793608, 'PKN': 0.07812891620161361, 'DNP': 0.07039830116826408, 'PEO': 0.054305719914846916, 'LPP': 0.04100504340671602, 'CPS': 0.03958582516119549, 'SPL': 0.03206143036471371, 'PGE': 0.02610748198745547, 'OPL': 0.022361676454196375, 'ACP': 0.020822956225260186, 'TPE': 0.012153245959405284, 'CCC': 0.011986154690558604, 'ALR': 0.00816314876093364, 'JSW': 0.005913761869560942}"
2021-01-13,93646.21125806168,-2.9103830456733704e-11,"{'CDR': 0.1354010349083272, 'ALE': 0.1308811103320569, 'PKO': 0.1242862929109943, 'KGH': 0.10499782675596533, 'PZU': 0.08144007292793608, 'PKN': 0.07812891620161361, 'DNP': 0.07039830116826408, 'PEO': 0.054305719914846916, 'LPP': 0.04100504340671602, 'CPS': 0.03958582516119549, 'SPL': 0.03206143036471371, 'PGE': 0.02610748198745547, 'OPL': 0.022361676454196375, 'ACP': 0.020822956225260186, 'TPE': 0.012153245959405284, 'CCC': 0.011986154690558604, 'ALR': 0.00816314876093364, 'JSW': 0.005913761869560942}"
2021-01-14,94346.17437551673,-2.9103830456733704e-11,"{'CDR': 0.1354010349083272, 'ALE': 0.1308811103320569, 'PKO': 0.1242862929109943, 'KGH': 0.10499782675596533, 'PZU': 0.08144007292793608, 'PKN': 0.07812891620161361, 'DNP': 0.07039830116826408, 'PEO': 0.054305719914846916, 'LPP': 0.04100504340671602, 'CPS': 0.03958582516119549, 'SPL': 0.03206143036471371, 'PGE': 0.02610748198745547, 'OPL': 0.022361676454196375, 'ACP': 0.020822956225260186, 'TPE': 0.012153245959405284, 'CCC': 0.011986154690558604, 'ALR': 0.00816314876093364, 'JSW': 0.005913761869560942}"
2021-01-15,92178.77528501631,-2.9103830456733704e-11,"{'CDR': 0.1354010349083272, 'ALE': 0.1308811103320569, 'PKO': 0.1242862929109943, 'KGH': 0.10499782675596533, 'PZU': 0.08144007292793608, 'PKN': 0.07812891620161361, 'DNP': 0.07039830116826408, 'PEO': 0.054305719914846916, 'LPP': 0.04100504340671602, 'CPS': 0.03958582516119549, 'SPL': 0.03206143036471371, 'PGE': 0.02610748198745547, 'OPL': 0.022361676454196375, 'ACP': 0.020822956225260186, 'TPE': 0.012153245959405284, 'CCC': 0.011986154690558604, 'ALR': 0.00816314876093364, 'JSW': 0.005913761869560942}"
2021-01-18,93778.73234398557,-2.9103830456733704e-11,"{'CDR': 0.1354010349083272, 'ALE': 0.1308811103320569, 'PKO': 0.1242862929109943, 'KGH': 0.10499782675596533, 'PZU': 0.08144007292793608, 'PKN': 0.07812891620161361, 'DNP': 0.07039830116826408, 'PEO': 0.054305719914846916, 'LPP': 0.04100504340671602, 'CPS': 0.03958582516119549, 'SPL': 0.03206143036471371, 'PGE': 0.02610748198745547, 'OPL': 0.022361676454196375, 'ACP': 0.020822956225260186, 'TPE': 0.012153245959405284, 'CCC': 0.011986154690558604, 'ALR': 0.00816314876093364, 'JSW': 0.005913761869560942}"
2021-01-19,91782.93260813784,-2.9103830456733704e-11,"{'CDR': 0.1354010349083272, 'ALE': 0.1308811103320569, 'PKO': 0.1242862929109943, 'KGH': 0.10499782675596533, 'PZU': 0.08144007292793608, 'PKN': 0.07812891620161361, 'DNP': 0.07039830116826408, 'PEO': 0.054305719914846916, 'LPP': 0.04100504340671602, 'CPS': 0.03958582516119549, 'SPL': 0.03206143036471371, 'PGE': 0.02610748198745547, 'OPL': 0.022361676454196375, 'ACP': 0.020822956225260186, 'TPE': 0.012153245959405284, 'CCC': 0.011986154690558604, 'ALR': 0.00816314876093364, 'JSW': 0.005913761869560942}"
2021-01-20,92106.43976053508,-2.9103830456733704e-11,"{'CDR': 0.1354010349083272, 'ALE': 0.1308811103320569, 'PKO': 0.1242862929109943, 'KGH': 0.10499782675596533, 'PZU': 0.08144007292793608, 'PKN': 0.07812891620161361, 'DNP': 0.07039830116826408, 'PEO': 0.054305719914846916, 'LPP': 0.04100504340671602, 'CPS': 0.03958582516119549, 'SPL': 0.03206143036471371, 'PGE': 0.02610748198745547, 'OPL': 0.022361676454196375, 'ACP': 0.020822956225260186, 'TPE': 0.012153245959405284, 'CCC': 0.011986154690558604, 'ALR': 0.00816314876093364, 'JSW': 0.005913761869560942}"
2021-01-21,90630.75152614024,-2.9103830456733704e-11,"{'CDR': 0.1354010349083272, 'ALE': 0.1308811103320569, 'PKO': 0.1242862929109943, 'KGH': 0.10499782675596533, 'PZU': 0.08144007292793608, 'PKN': 0.07812891620161361, 'DNP': 0.07039830116826408, 'PEO': 0.054305719914846916, 'LPP': 0.04100504340671602, 'CPS': 0.03958582516119549, 'SPL': 0.03206143036471371, 'PGE': 0.02610748198745547, 'OPL': 0.022361676454196375, 'ACP': 0.020822956225260186, 'TPE': 0.012153245959405284, 'CCC': 0.011986154690558604, 'ALR': 0.00816314876093364, 'JSW': 0.005913761869560942}"
2021-01-22,90644.37591011374,-2.9103830456733704e-11,"{'CDR': 0.1354010349083272, 'ALE': 0.1308811103320569, 'PKO': 0.1242862929109943, 'KGH': 0.10499782675596533, 'PZU': 0.08144007292793608, 'PKN': 0.07812891620161361, 'DNP': 0.07039830116826408, 'PEO': 0.054305719914846916, 'LPP': 0.04100504340671602, 'CPS': 0.03958582516119549, 'SPL': 0.03206143036471371, 'PGE': 0.02610748198745547, 'OPL': 0.022361676454196375, 'ACP': 0.020822956225260186, 'TPE': 0.012153245959405284, 'CCC': 0.011986154690558604, 'ALR': 0.00816314876093364, 'JSW': 0.005913761869560942}"
2021-01-25,90772.96989110023,-2.9103830456733704e-11,"{'CDR': 0.1354010349083272, 'ALE': 0.1308811103320569, 'PKO': 0.1242862929109943, 'KGH': 0.10499782675596533, 'PZU': 0.08144007292793608, 'PKN': 0.07812891620161361, 'DNP': 0.07039830116826408, 'PEO': 0.054305719914846916, 'LPP': 0.04100504340671602, 'CPS': 0.03958582516119549, 'SPL': 0.03206143036471371, 'PGE': 0.02610748198745547, 'OPL': 0.022361676454196375, 'ACP': 0.020822956225260186, 'TPE': 0.012153245959405284, 'CCC': 0.011986154690558604, 'ALR': 0.00816314876093364, 'JSW': 0.005913761869560942}"
2021-01-26,92900.73264964484,-2.9103830456733704e-11,"{'CDR': 0.1354010349083272, 'ALE': 0.1308811103320569, 'PKO': 0.1242862929109943, 'KGH': 0.10499782675596533, 'PZU': 0.08144007292793608, 'PKN': 0.07812891620161361, 'DNP': 0.07039830116826408, 'PEO': 0.054305719914846916, 'LPP': 0.04100504340671602, 'CPS': 0.03958582516119549, 'SPL': 0.03206143036471371, 'PGE': 0.02610748198745547, 'OPL': 0.022361676454196375, 'ACP': 0.020822956225260186, 'TPE': 0.012153245959405284, 'CCC': 0.011986154690558604, 'ALR': 0.00816314876093364, 'JSW': 0.005913761869560942}"
2021-01-27,90883.08113713299,-2.9103830456733704e-11,"{'CDR': 0.1354010349083272, 'ALE': 0.1308811103320569, 'PKO': 0.1242862929109943, 'KGH': 0.10499782675596533, 'PZU': 0.08144007292793608, 'PKN': 0.07812891620161361, 'DNP': 0.07039830116826408, 'PEO': 0.054305719914846916, 'LPP': 0.04100504340671602, 'CPS': 0.03958582516119549, 'SPL': 0.03206143036471371, 'PGE': 0.02610748198745547, 'OPL': 0.022361676454196375, 'ACP': 0.020822956225260186, 'TPE': 0.012153245959405284, 'CCC': 0.011986154690558604, 'ALR': 0.00816314876093364, 'JSW': 0.005913761869560942}"
2021-01-28,94298.88446218842,-2.9103830456733704e-11,"{'CDR': 0.1354010349083272, 'ALE': 0.1308811103320569, 'PKO': 0.1242862929109943, 'KGH': 0.10499782675596533, 'PZU': 0.08144007292793608, 'PKN': 0.07812891620161361, 'DNP': 0.07039830116826408, 'PEO': 0.054305719914846916, 'LPP': 0.04100504340671602, 'CPS': 0.03958582516119549, 'SPL': 0.03206143036471371, 'PGE': 0.02610748198745547, 'OPL': 0.022361676454196375, 'ACP': 0.020822956225260186, 'TPE': 0.012153245959405284, 'CCC': 0.011986154690558604, 'ALR': 0.00816314876093364, 'JSW': 0.005913761869560942}"
2021-01-29,91494.15635547016,-2.9103830456733704e-11,"{'CDR': 0.1354010349083272, 'ALE': 0.1308811103320569, 'PKO': 0.1242862929109943, 'KGH': 0.10499782675596533, 'PZU': 0.08144007292793608, 'PKN': 0.07812891620161361, 'DNP': 0.07039830116826408, 'PEO': 0.054305719914846916, 'LPP': 0.04100504340671602, 'CPS': 0.03958582516119549, 'SPL': 0.03206143036471371, 'PGE': 0.02610748198745547, 'OPL': 0.022361676454196375, 'ACP': 0.020822956225260186, 'TPE': 0.012153245959405284, 'CCC': 0.011986154690558604, 'ALR': 0.00816314876093364, 'JSW': 0.005913761869560942}"
