date,nav,cash,weights
2020-01-01,100000.0,0.0,"{'PKO': 0.1650506375355959, 'PKN': 0.1456109734466534, 'PZU': 0.11527576660519447, 'CDR': 0.09580309238874486, 'PEO': 0.08930119760742596, 'KGH': 0.06596083678472556, 'LPP': 0.06093669537814201, 'SPL': 0.052351861551123875, 'CPS': 0.04210661831049766, 'PGE': 0.03631224059541467, 'DNP': 0.03435143902149179, 'MBK': 0.027047398141749886, 'OPL': 0.022953041993283536, 'CCC': 0.016840666716548637, 'ALR': 0.014465037873619625, 'TPE': 0.009761094703855142, 'JSW': 0.005871401345932932}"
2020-01-02,102239.19152541162,0.0,"{'PKO': 0.1650506375355959, 'PKN': 0.1456109734466534, 'PZU': 0.11527576660519447, 'CDR': 0.09580309238874486, 'PEO': 0.08930119760742596, 'KGH': 0.06596083678472556, 'LPP': 0.06093669537814201, 'SPL': 0.052351861551123875, 'CPS': 0.04210661831049766, 'PGE': 0.03631224059541467, 'DNP': 0.03435143902149179, 'MBK': 0.027047398141749886, 'OPL': 0.022953041993283536, 'CCC': 0.016840666716548637, 'ALR': 0.014465037873619625, 'TPE': 0.009761094703855142, 'JSW': 0.005871401345932932}"
2020-01-03,101023.64567588626,-1.4551915228366852e-11,"{'PKO': 0.1650506375355959, 'PKN': 0.1456109734466534, 'PZU': 0.11527576660519447, 'CDR': 0.09580309238874486, 'PEO': 0.08930119760742596, 'KGH': 0.06596083678472556, 'LPP': 0.06093669537814201, 'SPL': 0.052351861551123875, 'CPS': 0.04210661831049766, 'PGE': 0.03631224059541467, 'DNP': 0.03435143902149179, 'MBK': 0.027047398141749886, 'OPL': 0.022953041993283536, 'CCC': 0.016840666716548637, 'ALR': 0.014465037873619625, 'TPE': 0.009761094703855142, 'JSW': 0.005871401345932932}"
2020-01-06,101023.64567588626,-1.4551915228366852e-11,"{'PKO': 0.1650506375355959, 'PKN': 0.1456109734466534, 'PZU': 0.11527576660519447, 'CDR': 0.09580309238874486, 'PEO': 0.08930119760742596, 'KGH': 0.06596083678472556, 'LPP': 0.06093669537814201, 'SPL': 0.052351861551123875, 'CPS': 0.04210661831049766, 'PGE': 0.03631224059541467, 'DNP': 0.03435143902149179, 'MBK': 0.027047398141749886, 'OPL': 0.022953041993283536, 'CCC': 0.016840666716548637, 'ALR': 0.014465037873619625, 'TPE': 0.009761094703855142, 'JSW': 0.005871401345932932}"
2020-01-07,99685.55145379923,2.9103830456733704e-11,"{'PKO': 0.1650506375355959, 'PKN': 0.1456109734466534, 'PZU': 0.11527576660519447, 'CDR': 0.09580309238874486, 'PEO': 0.08930119760742596, 'KGH': 0.06596083678472556, 'LPP': 0.06093669537814201, 'SPL': 0.052351861551123875, 'CPS': 0.04210661831049766, 'PGE': 0.03631224059541467, 'DNP': 0.03435143902149179, 'MBK': 0.027047398141749886, 'OPL': 0.022953041993283536, 'CCC': 0.016840666716548637, 'ALR': 0.014465037873619625, 'TPE': 0.009761094703855142, 'JSW': 0.005871401345932932}"
2020-01-08,98395.37580451761,0.0,"{'PKO': 0.1650506375355959, 'PKN': 0.1456109734466534, 'PZU': 0.11527576660519447, 'CDR': 0.09580309238874486, 'PEO': 0.08930119760742596, 'KGH': 0.06596083678472556, 'LPP': 0.06093669537814201, 'SPL': 0.052351861551123875, 'CPS': 0.04210661831049766, 'PGE': 0.03631224059541467, 'DNP': 0.03435143902149179, 'MBK': 0.027047398141749886, 'OPL': 0.022953041993283536, 'CCC': 0.016840666716548637, 'ALR': 0.014465037873619625, 'TPE': 0.009761094703855142, 'JSW': 0.005871401345932932}"
2020-01-09,100341.1034091721,-1.4551915228366852e-11,"{'PKO': 0.1650506375355959, 'PKN': 0.1456109734466534, 'PZU': 0.11527576660519447, 'CDR': 0.09580309238874486, 'PEO': 0.08930119760742596, 'KGH': 0.06596083678472556, 'LPP': 0.06093669537814201, 'SPL': 0.052351861551123875, 'CPS': 0.04210661831049766, 'PGE': 0.03631224059541467, 'DNP': 0.03435143902149179, 'MBK': 0.027047398141749886, 'OPL': 0.022953041993283536, 'CCC': 0.016840666716548637, 'ALR': 0.014465037873619625, 'TPE': 0.009761094703855142, 'JSW': 0.005871401345932932}"
2020-01-10,100828.88365146668,0.0,"{'PKO': 0.1650506375355959, 'PKN': 0.1456109734466534, 'PZU': 0.11527576660519447, 'CDR': 0.09580309238874486, 'PEO': 0.08930119760742596, 'KGH': 0.06596083678472556, 'LPP': 0.06093669537814201, 'SPL': 0.052351861551123875, 'CPS': 0.04210661831049766, 'PGE': 0.03631224059541467, 'DNP': 0.03435143902149179, 'MBK': 0.027047398141749886, 'OPL': 0.022953041993283536, 'CCC': 0.016840666716548637, 'ALR': 0.014465037873619625, 'TPE': 0.009761094703855142, 'JSW': 0.005871401345932932}"
2020-01-13,102062.4855105145,1.4551915228366852e-11,"{'PKO': 0.1650506375355959, 'PKN': 0.1456109734466534, 'PZU': 0.11527576660519447, 'CDR': 0.09580309238874486, 'PEO': 0.08930119760742596, 'KGH': 0.06596083678472556, 'LPP': 0.06093669537814201, 'SPL': 0.052351861551123875, 'CPS': 0.04210661831049766, 'PGE': 0.03631224059541467, 'DNP': 0.03435143902149179, 'MBK': 0.027047398141749886, 'OPL': 0.022953041993283536, 'CCC': 0.016840666716548637, 'ALR': 0.014465037873619625, 'TPE': 0.009761094703855142, 'JSW': 0.005871401345932932}"
2020-01-14,101558.82368243906,0.0,"{'PKO': 0.1650506375355959, 'PKN': 0.1456109734466534, 'PZU': 0.11527576660519447, 'CDR': 0.09580309238874486, 'PEO': 0.08930119760742596, 'KGH': 0.06596083678472556, 'LPP': 0.06093669537814201, 'SPL': 0.052351861551123875, 'CPS': 0.04210661831049766, 'PGE': 0.03631224059541467, 'DNP': 0.03435143902149179, 'MBK': 0.027047398141749886, 'OPL': 0.022953041993283536, 'CCC': 0.016840666716548637, 'ALR': 0.014465037873619625, 'TPE': 0.009761094703855142, 'JSW': 0.005871401345932932}"
2020-01-15,100677.82114862034,1.4551915228366852e-11,"{'PKO': 0.1650506375355959, 'PKN': 0.1456109734466534, 'PZU': 0.11527576660519447, 'CDR': 0.09580309238874486, 'PEO': 0.08930119760742596, 'KGH': 0.06596083678472556, 'LPP': 0.06093669537814201, 'SPL': 0.052351861551123875, 'CPS': 0.04210661831049766, 'PGE': 0.03631224059541467, 'DNP': 0.03435143902149179, 'MBK': 0.027047398141749886, 'OPL': 0.022953041993283536, 'CCC': 0.016840666716548637, 'ALR': 0.014465037873619625, 'TPE': 0.009761094703855142, 'JSW': 0.005871401345932932}"
2020-01-16,101081.19982636954,1.4551915228366852e-11,"{'PKO': 0.1650506375355959, 'PKN': 0.1456109734466534, 'PZU': 0.11527576660519447, 'CDR': 0.09580309238874486, 'PEO': 0.08930119760742596, 'KGH': 0.06596083678472556, 'LPP': 0.06093669537814201, 'SPL': 0.052351861551123875, 'CPS': 0.04210661831049766, 'PGE': 0.03631224059541467, 'DNP': 0.03435143902149179, 'MBK': 0.027047398141749886, 'OPL': 0.022953041993283536, 'CCC': 0.016840666716548637, 'ALR': 0.014465037873619625, 'TPE': 0.009761094703855142, 'JSW': 0.005871401345932932}"
2020-01-17,101211.92774322417,0.0,"{'PKO': 0.1650506375355959, 'PKN': 0.1456109734466534, 'PZU': 0.11527576660519447, 'CDR': 0.09580309238874486, 'PEO': 0.08930119760742596, 'KGH': 0.06596083678472556, 'LPP': 0.06093669537814201, 'SPL': 0.052351861551123875, 'CPS': 0.04210661831049766, 'PGE': 0.03631224059541467, 'DNP': 0.03435143902149179, 'MBK': 0.027047398141749886, 'OPL': 0.022953041993283536, 'CCC': 0.016840666716548637, 'ALR': 0.014465037873619625, 'TPE': 0.009761094703855142, 'JSW': 0.005871401345932932}"
2020-01-20,101275.52113472133,1.4551915228366852e-11,"{'PKO': 0.1650506375355959, 'PKN': 0.1456109734466534, 'PZU': 0.11527576660519447, 'CDR': 0.09580309238874486, 'PEO': 0.08930119760742596, 'KGH': 0.06596083678472556, 'LPP': 0.06093669537814201, 'SPL': 0.052351861551123875, 'CPS': 0.04210661831049766, 'PGE': 0.03631224059541467, 'DNP': 0.03435143902149179, 'MBK': 0.027047398141749886, 'OPL': 0.022953041993283536, 'CCC': 0.016840666716548637, 'ALR': 0.014465037873619625, 'TPE': 0.009761094703855142, 'JSW': 0.005871401345932932}"
2020-01-21,100398.5565109998,1.4551915228366852e-11,"{'PKO': 0.1650506375355959, 'PKN': 0.1456109734466534, 'PZU': 0.11527576660519447, 'CDR': 0.09580309238874486, 'PEO': 0.08930119760742596, 'KGH': 0.06596083678472556, 'LPP': 0.06093669537814201, 'SPL': 0.052351861551123875, 'CPS': 0.04210661831049766, 'PGE': 0.03631224059541467, 'DNP': 0.03435143902149179, 'MBK': 0.027047398141749886, 'OPL': 0.022953041993283536, 'CCC': 0.016840666716548637, 'ALR': 0.014465037873619625, 'TPE': 0.009761094703855142, 'JSW': 0.005871401345932932}"
2020-01-22,99848.76136680982,1.4551915228366852e-11,"{'PKO': 0.1650506375355959, 'PKN': 0.1456109734466534, 'PZU': 0.11527576660519447, 'CDR': 0.09580309238874486, 'PEO': 0.08930119760742596, 'KGH': 0.06596083678472556, 'LPP': 0.06093669537814201, 'SPL': 0.052351861551123875, 'CPS': 0.04210661831049766, 'PGE': 0.03631224059541467, 'DNP': 0.03435143902149179, 'MBK': 0.027047398141749886, 'OPL': 0.022953041993283536, 'CCC': 0.016840666716548637, 'ALR': 0.014465037873619625, 'TPE': 0.009761094703855142, 'JSW': 0.005871401345932932}"
2020-01-23,100026.34362422,0.0,"{'PKO': 0.1650506375355959, 'PKN': 0.1456109734466534, 'PZU': 0.11527576660519447, 'CDR': 0.09580309238874486, 'PEO': 0.08930119760742596, 'KGH': 0.06596083678472556, 'LPP': 0.06093669537814201, 'SPL': 0.052351861551123875, 'CPS': 0.04210661831049766, 'PGE': 0.03631224059541467, 'DNP': 0.03435143902149179, 'MBK': 0.027047398141749886, 'OPL': 0.022953041993283536, 'CCC': 0.016840666716548637, 'ALR': 0.014465037873619625, 'TPE': 0.009761094703855142, 'JSW': 0.005871401345932932}"
2020-01-24,100318.16934343772,1.4551915228366852e-11,"{'PKO': 0.1650506375355959, 'PKN': 0.1456109734466534, 'PZU': 0.11527576660519447, 'CDR': 0.09580309238874486, 'PEO': 0.08930119760742596, 'KGH': 0.06596083678472556, 'LPP': 0.06093669537814201, 'SPL': 0.052351861551123875, 'CPS': 0.04210661831049766, 'PGE': 0.03631224059541467, 'DNP': 0.03435143902149179, 'MBK': 0.027047398141749886, 'OPL': 0.022953041993283536, 'CCC': 0.016840666716548637, 'ALR': 0.014465037873619625, 'TPE': 0.009761094703855142, 'JSW': 0.005871401345932932}"
2020-01-27,97032.82071466923,2.9103830456733704e-11,"{'PKO': 0.1650506375355959, 'PKN': 0.1456109734466534, 'PZU': 0.11527576660519447, 'CDR': 0.09580309238874486, 'PEO': 0.08930119760742596, 'KGH': 0.06596083678472556, 'LPP': 0.06093669537814201, 'SPL': 0.052351861551123875, 'CPS': 0.04210661831049766, 'PGE': 0.03631224059541467, 'DNP': 0.03435143902149179, 'MBK': 0.027047398141749886, 'OPL': 0.022953041993283536, 'CCC': 0.016840666716548637, 'ALR': 0.014465037873619625, 'TPE': 0.009761094703855142, 'JSW': 0.005871401345932932}"
2020-01-28,97781.57135785146,0.0,"{'PKO': 0.1650506375355959, 'PKN': 0.1456109734466534, 'PZU': 0.11527576660519447, 'CDR': 0.09580309238874486, 'PEO': 0.08930119760742596, 'KGH': 0.06596083678472556, 'LPP': 0.06093669537814201, 'SPL': 0.052351861551123875, 'CPS': 0.04210661831049766, 'PGE': 0.03631224059541467, 'DNP': 0.03435143902149179, 'MBK': 0.027047398141749886, 'OPL': 0.022953041993283536, 'CCC': 0.016840666716548637, 'ALR': 0.014465037873619625, 'TPE': 0.009761094703855142, 'JSW': 0.005871401345932932}"
2020-01-29,97951.22699257072,2.9103830456733704e-11,"{'PKO': 0.1650506375355959, 'PKN': 0.1456109734466534, 'PZU': 0.11527576660519447, 'CDR': 0.09580309238874486, 'PEO': 0.08930119760742596, 'KGH': 0.06596083678472556, 'LPP': 0.06093669537814201, 'SPL': 0.052351861551123875, 'CPS': 0.04210661831049766, 'PGE': 0.03631224059541467, 'DNP': 0.03435143902149179, 'MBK': 0.027047398141749886, 'OPL': 0.022953041993283536, 'CCC': 0.016840666716548637, 'ALR': 0.014465037873619625, 'TPE': 0.009761094703855142, 'JSW': 0.005871401345932932}"
2020-01-30,97162.02112333084,0.0,"{'PKO': 0.1650506375355959, 'PKN': 0.1456109734466534, 'PZU': 0.11527576660519447, 'CDR': 0.09580309238874486, 'PEO': 0.08930119760742596, 'KGH': 0.06596083678472556, 'LPP': 0.06093669537814201, 'SPL': 0.052351861551123875, 'CPS': 0.04210661831049766, 'PGE': 0.03631224059541467, 'DNP': 0.03435143902149179, 'MBK': 0.027047398141749886, 'OPL': 0.022953041993283536, 'CCC': 0.016840666716548637, 'ALR': 0.014465037873619625, 'TPE': 0.009761094703855142, 'JSW': 0.005871401345932932}"
2020-01-31,96491.85536254295,1.4551915228366852e-11,"{'PKO': 0.1650506375355959, 'PKN': 0.1456109734466534, 'PZU': 0.11527576660519447, 'CDR': 0.09580309238874486, 'PEO': 0.08930119760742596, 'KGH': 0.06596083678472556, 'LPP': 0.06093669537814201, 'SPL': 0.052351861551123875, 'CPS': 0.04210661831049766, 'PGE': 0.03631224059541467, 'DNP': 0.03435143902149179, 'MBK': 0.027047398141749886, 'OPL': 0.022953041993283536, 'CCC': 0.016840666716548637, 'ALR': 0.014465037873619625, 'TPE': 0.009761094703855142, 'JSW': 0.005871401345932932}"
2020-02-03,96879.10668688524,0.0,"{'PKO': 0.1650506375355959, 'PKN': 0.1456109734466534, 'PZU': 0.11527576660519447, 'CDR': 0.09580309238874486, 'PEO': 0.08930119760742596, 'KGH': 0.06596083678472556, 'LPP': 0.06093669537814201, 'SPL': 0.052351861551123875, 'CPS': 0.04210661831049766, 'PGE': 0.03631224059541467, 'DNP': 0.03435143902149179, 'MBK': 0.027047398141749886, 'OPL': 0.022953041993283536, 'CCC': 0.016840666716548637, 'ALR': 0.014465037873619625, 'TPE': 0.009761094703855142, 'JSW': 0.005871401345932932}"
2020-02-04,98447.19849070777,1.4551915228366852e-11,"{'PKO': 0.1650506375355959, 'PKN': 0.1456109734466534, 'PZU': 0.11527576660519447, 'CDR': 0.09580309238874486, 'PEO': 0.08930119760742596, 'KGH': 0.06596083678472556, 'LPP': 0.06093669537814201, 'SPL': 0.052351861551123875, 'CPS': 0.04210661831049766, 'PGE': 0.03631224059541467, 'DNP': 0.03435143902149179, 'MBK': 0.027047398141749886, 'OPL': 0.022953041993283536, 'CCC': 0.016840666716548637, 'ALR': 0.014465037873619625, 'TPE': 0.009761094703855142, 'JSW': 0.005871401345932932}"
2020-02-05,99313.76426331875,1.4551915228366852e-11,"{'PKO': 0.1650506375355959, 'PKN': 0.1456109734466534, 'PZU': 0.11527576660519447, 'CDR': 0.09580309238874486, 'PEO': 0.08930119760742596, 'KGH': 0.06596083678472556, 'LPP': 0.06093669537814201, 'SPL': 0.052351861551123875, 'CPS': 0.04210661831049766, 'PGE': 0.03631224059541467, 'DNP': 0.03435143902149179, 'MBK': 0.027047398141749886, 'OPL': 0.022953041993283536, 'CCC': 0.016840666716548637, 'ALR': 0.014465037873619625, 'TPE': 0.009761094703855142, 'JSW': 0.005871401345932932}"
2020-02-06,98735.48436202541,1.4551915228366852e-11,"{'PKO': 0.1650506375355959, 'PKN': 0.1456109734466534, 'PZU': 0.11527576660519447, 'CDR': 0.09580309238874486, 'PEO': 0.08930119760742596, 'KGH': 0.06596083678472556, 'LPP': 0.06093669537814201, 'SPL': 0.052351861551123875, 'CPS': 0.04210661831049766, 'PGE': 0.03631224059541467, 'DNP': 0.03435143902149179, 'MBK': 0.027047398141749886, 'OPL': 0.022953041993283536, 'CCC': 0.016840666716548637, 'ALR': 0.014465037873619625, 'TPE': 0.009761094703855142, 'JSW': 0.005871401345932932}"
2020-02-07,98806.03139859186,0.0,"{'PKO': 0.1650506375355959, 'PKN': 0.1456109734466534, 'PZU': 0.11527576660519447, 'CDR': 0.09580309238874486, 'PEO': 0.08930119760742596, 'KGH': 0.06596083678472556, 'LPP': 0.06093669537814201, 'SPL': 0.052351861551123875, 'CPS': 0.04210661831049766, 'PGE': 0.03631224059541467, 'DNP': 0.03435143902149179, 'MBK': 0.027047398141749886, 'OPL': 0.022953041993283536, 'CCC': 0.016840666716548637, 'ALR': 0.014465037873619625, 'TPE': 0.009761094703855142, 'JSW': 0.005871401345932932}"
2020-02-10,97975.48549714508,2.9103830456733704e-11,"{'PKO': 0.1650506375355959, 'PKN': 0.1456109734466534, 'PZU': 0.11527576660519447, 'CDR': 0.09580309238874486, 'PEO': 0.08930119760742596, 'KGH': 0.06596083678472556, 'LPP': 0.06093669537814201, 'SPL': 0.052351861551123875, 'CPS': 0.04210661831049766, 'PGE': 0.03631224059541467, 'DNP': 0.03435143902149179, 'MBK': 0.027047398141749886, 'OPL': 0.022953041993283536, 'CCC': 0.016840666716548637, 'ALR': 0.014465037873619625, 'TPE': 0.009761094703855142, 'JSW': 0.005871401345932932}"
2020-02-11,98638.21429020305,1.4551915228366852e-11,"{'PKO': 0.1650506375355959, 'PKN': 0.1456109734466534, 'PZU': 0.11527576660519447, 'CDR': 0.09580309238874486, 'PEO': 0.08930119760742596, 'KGH': 0.06596083678472556, 'LPP': 0.06093669537814201, 'SPL': 0.052351861551123875, 'CPS': 0.04210661831049766, 'PGE': 0.03631224059541467, 'DNP': 0.03435143902149179, 'MBK': 0.027047398141749886, 'OPL': 0.022953041993283536, 'CCC': 0.016840666716548637, 'ALR': 0.014465037873619625, 'TPE': 0.009761094703855142, 'JSW': 0.005871401345932932}"
2020-02-12,99659.38096008243,1.4551915228366852e-11,"{'PKO': 0.1650506375355959, 'PKN': 0.1456109734466534, 'PZU': 0.11527576660519447, 'CDR': 0.09580309238874486, 'PEO': 0.08930119760742596, 'KGH': 0.06596083678472556, 'LPP': 0.06093669537814201, 'SPL': 0.052351861551123875, 'CPS': 0.04210661831049766, 'PGE': 0.03631224059541467, 'DNP': 0.03435143902149179, 'MBK': 0.027047398141749886, 'OPL': 0.022953041993283536, 'CCC': 0.016840666716548637, 'ALR': 0.014465037873619625, 'TPE': 0.009761094703855142, 'JSW': 0.005871401345932932}"
2020-02-13,99099.5612991628,1.4551915228366852e-11,"{'PKO': 0.1650506375355959, 'PKN': 0.1456109734466534, 'PZU': 0.11527576660519447, 'CDR': 0.09580309238874486, 'PEO': 0.08930119760742596, 'KGH': 0.06596083678472556, 'LPP': 0.06093669537814201, 'SPL': 0.052351861551123875, 'CPS': 0.04210661831049766, 'PGE': 0.03631224059541467, 'DNP': 0.03435143902149179, 'MBK': 0.027047398141749886, 'OPL': 0.022953041993283536, 'CCC': 0.016840666716548637, 'ALR': 0.014465037873619625, 'TPE': 0.009761094703855142, 'JSW': 0.005871401345932932}"
2020-02-14,98963.16555529006,2.9103830456733704e-11,"{'PKO': 0.1650506375355959, 'PKN': 0.1456109734466534, 'PZU': 0.11527576660519447, 'CDR': 0.09580309238874486, 'PEO': 0.08930119760742596, 'KGH': 0.06596083678472556, 'LPP': 0.06093669537814201, 'SPL': 0.052351861551123875, 'CPS': 0.04210661831049766, 'PGE': 0.03631224059541467, 'DNP': 0.03435143902149179, 'MBK': 0.027047398141749886, 'OPL': 0.022953041993283536, 'CCC': 0.016840666716548637, 'ALR': 0.014465037873619625, 'TPE': 0.009761094703855142, 'JSW': 0.005871401345932932}"
2020-02-17,99064.68046802643,1.4551915228366852e-11,"{'PKO': 0.1650506375355959, 'PKN': 0.1456109734466534, 'PZU': 0.11527576660519447, 'CDR': 0.09580309238874486, 'PEO': 0.08930119760742596, 'KGH': 0.06596083678472556, 'LPP': 0.06093669537814201, 'SPL': 0.052351861551123875, 'CPS': 0.04210661831049766, 'PGE': 0.03631224059541467, 'DNP': 0.03435143902149179, 'MBK': 0.027047398141749886, 'OPL': 0.022953041993283536, 'CCC': 0.016840666716548637, 'ALR': 0.014465037873619625, 'TPE': 0.009761094703855142, 'JSW': 0.005871401345932932}"
2020-02-18,98625.39936021004,1.4551915228366852e-11,"{'PKO': 0.1650506375355959, 'PKN': 0.1456109734466534, 'PZU': 0.11527576660519447, 'CDR': 0.09580309238874486, 'PEO': 0.08930119760742596, 'KGH': 0.06596083678472556, 'LPP': 0.06093669537814201, 'SPL': 0.052351861551123875, 'CPS': 0.04210661831049766, 'PGE': 0.03631224059541467, 'DNP': 0.03435143902149179, 'MBK': 0.027047398141749886, 'OPL': 0.022953041993283536, 'CCC': 0.016840666716548637, 'ALR': 0.014465037873619625, 'TPE': 0.009761094703855142, 'JSW': 0.005871401345932932}"
2020-02-19,98548.2601812238,1.4551915228366852e-11,"{'PKO': 0.1650506375355959, 'PKN': 0.1456109734466534, 'PZU': 0.11527576660519447, 'CDR': 0.09580309238874486, 'PEO': 0.08930119760742596, 'KGH': 0.06596083678472556, 'LPP': 0.06093669537814201, 'SPL': 0.052351861551123875, 'CPS': 0.04210661831049766, 'PGE': 0.03631224059541467, 'DNP': 0.03435143902149179, 'MBK': 0.027047398141749886, 'OPL': 0.022953041993283536, 'CCC': 0.016840666716548637, 'ALR': 0.014465037873619625, 'TPE': 0.009761094703855142, 'JSW': 0.005871401345932932}"
2020-02-20,97800.23837300543,0.0,"{'PKO': 0.1650506375355959, 'PKN': 0.1456109734466534, 'PZU': 0.11527576660519447, 'CDR': 0.09580309238874486, 'PEO': 0.08930119760742596, 'KGH': 0.06596083678472556, 'LPP': 0.06093669537814201, 'SPL': 0.052351861551123875, 'CPS': 0.04210661831049766, 'PGE': 0.03631224059541467, 'DNP': 0.03435143902149179, 'MBK': 0.027047398141749886, 'OPL': 0.022953041993283536, 'CCC': 0.016840666716548637, 'ALR': 0.014465037873619625, 'TPE': 0.009761094703855142, 'JSW': 0.005871401345932932}"
2020-02-21,97328.6369663147,0.0,"{'PKO': 0.1650506375355959, 'PKN': 0.1456109734466534, 'PZU': 0.11527576660519447, 'CDR': 0.09580309238874486, 'PEO': 0.08930119760742596, 'KGH': 0.06596083678472556, 'LPP': 0.06093669537814201, 'SPL': 0.052351861551123875, 'CPS': 0.04210661831049766, 'PGE': 0.03631224059541467, 'DNP': 0.03435143902149179, 'MBK': 0.027047398141749886, 'OPL': 0.022953041993283536, 'CCC': 0.016840666716548637, 'ALR': 0.014465037873619625, 'TPE': 0.009761094703855142, 'JSW': 0.005871401345932932}"
2020-02-24,93199.79356059224,1.4551915228366852e-11,"{'PKO': 0.1650506375355959, 'PKN': 0.1456109734466534, 'PZU': 0.11527576660519447, 'CDR': 0.09580309238874486, 'PEO': 0.08930119760742596, 'KGH': 0.06596083678472556, 'LPP': 0.06093669537814201, 'SPL': 0.052351861551123875, 'CPS': 0.04210661831049766, 'PGE': 0.03631224059541467, 'DNP': 0.03435143902149179, 'MBK': 0.027047398141749886, 'OPL': 0.022953041993283536, 'CCC': 0.016840666716548637, 'ALR': 0.014465037873619625, 'TPE': 0.009761094703855142, 'JSW': 0.005871401345932932}"
2020-02-25,90622.40365887641,0.0,"{'PKO': 0.1650506375355959, 'PKN': 0.1456109734466534, 'PZU': 0.11527576660519447, 'CDR': 0.09580309238874486, 'PEO': 0.08930119760742596, 'KGH': 0.06596083678472556, 'LPP': 0.06093669537814201, 'SPL': 0.052351861551123875, 'CPS': 0.04210661831049766, 'PGE': 0.03631224059541467, 'DNP': 0.03435143902149179, 'MBK': 0.027047398141749886, 'OPL': 0.022953041993283536, 'CCC': 0.016840666716548637, 'ALR': 0.014465037873619625, 'TPE': 0.009761094703855142, 'JSW': 0.005871401345932932}"
2020-02-26,90066.70617649188,-2.9103830456733704e-11,"{'PKO': 0.1650506375355959, 'PKN': 0.1456109734466534, 'PZU': 0.11527576660519447, 'CDR': 0.09580309238874486, 'PEO': 0.08930119760742596, 'KGH': 0.06596083678472556, 'LPP': 0.06093669537814201, 'SPL': 0.052351861551123875, 'CPS': 0.04210661831049766, 'PGE': 0.03631224059541467, 'DNP': 0.03435143902149179, 'MBK': 0.027047398141749886, 'OPL': 0.022953041993283536, 'CCC': 0.016840666716548637, 'ALR': 0.014465037873619625, 'TPE': 0.009761094703855142, 'JSW': 0.005871401345932932}"
2020-02-27,86252.3300126788,1.4551915228366852e-11,"{'PKO': 0.1650506375355959, 'PKN': 0.1456109734466534, 'PZU': 0.11527576660519447, 'CDR': 0.09580309238874486, 'PEO': 0.08930119760742596, 'KGH': 0.06596083678472556, 'LPP': 0.06093669537814201, 'SPL': 0.052351861551123875, 'CPS': 0.04210661831049766, 'PGE': 0.03631224059541467, 'DNP': 0.03435143902149179, 'MBK': 0.027047398141749886, 'OPL': 0.022953041993283536, 'CCC': 0.016840666716548637, 'ALR': 0.014465037873619625, 'TPE': 0.009761094703855142, 'JSW': 0.005871401345932932}"
2020-02-28,82272.36691193502,1.4551915228366852e-11,"{'PKO': 0.1650506375355959, 'PKN': 0.1456109734466534, 'PZU': 0.11527576660519447, 'CDR': 0.09580309238874486, 'PEO': 0.08930119760742596, 'KGH': 0.06596083678472556, 'LPP': 0.06093669537814201, 'SPL': 0.052351861551123875, 'CPS': 0.04210661831049766, 'PGE': 0.03631224059541467, 'DNP': 0.03435143902149179, 'MBK': 0.027047398141749886, 'OPL': 0.022953041993283536, 'CCC': 0.016840666716548637, 'ALR': 0.014465037873619625, 'TPE': 0.009761094703855142, 'JSW': 0.005871401345932932}"
2020-03-02,84268.89056299682,1.4551915228366852e-11,"{'PKO': 0.1650506375355959, 'PKN': 0.1456109734466534, 'PZU': 0.11527576660519447, 'CDR': 0.09580309238874486, 'PEO': 0.08930119760742596, 'KGH': 0.06596083678472556, 'LPP': 0.06093669537814201, 'SPL': 0.052351861551123875, 'CPS': 0.04210661831049766, 'PGE': 0.03631224059541467, 'DNP': 0.03435143902149179, 'MBK': 0.027047398141749886, 'OPL': 0.022953041993283536, 'CCC': 0.016840666716548637, 'ALR': 0.014465037873619625, 'TPE': 0.009761094703855142, 'JSW': 0.005871401345932932}"
2020-03-03,88278.60469225924,0.0,"{'PKO': 0.1650506375355959, 'PKN': 0.1456109734466534, 'PZU': 0.11527576660519447, 'CDR': 0.09580309238874486, 'PEO': 0.08930119760742596, 'KGH': 0.06596083678472556, 'LPP': 0.06093669537814201, 'SPL': 0.052351861551123875, 'CPS': 0.04210661831049766, 'PGE': 0.03631224059541467, 'DNP': 0.03435143902149179, 'MBK': 0.027047398141749886, 'OPL': 0.022953041993283536, 'CCC': 0.016840666716548637, 'ALR': 0.014465037873619625, 'TPE': 0.009761094703855142, 'JSW': 0.005871401345932932}"
2020-03-04,86716.25545469865,0.0,"{'PKO': 0.1650506375355959, 'PKN': 0.1456109734466534, 'PZU': 0.11527576660519447, 'CDR': 0.09580309238874486, 'PEO': 0.08930119760742596, 'KGH': 0.06596083678472556, 'LPP': 0.06093669537814201, 'SPL': 0.052351861551123875, 'CPS': 0.04210661831049766, 'PGE': 0.03631224059541467, 'DNP': 0.03435143902149179, 'MBK': 0.027047398141749886, 'OPL': 0.022953041993283536, 'CCC': 0.016840666716548637, 'ALR': 0.014465037873619625, 'TPE': 0.009761094703855142, 'JSW': 0.005871401345932932}"
2020-03-05,84780.73711629685,0.0,"{'PKO': 0.1650506375355959, 'PKN': 0.1456109734466534, 'PZU': 0.11527576660519447, 'CDR': 0.09580309238874486, 'PEO': 0.08930119760742596, 'KGH': 0.06596083678472556, 'LPP': 0.06093669537814201, 'SPL': 0.052351861551123875, 'CPS': 0.04210661831049766, 'PGE': 0.03631224059541467, 'DNP': 0.03435143902149179, 'MBK': 0.027047398141749886, 'OPL': 0.022953041993283536, 'CCC': 0.016840666716548637, 'ALR': 0.014465037873619625, 'TPE': 0.009761094703855142, 'JSW': 0.005871401345932932}"
2020-03-06,81997.8020389322,-1.4551915228366852e-11,"{'PKO': 0.1650506375355959, 'PKN': 0.1456109734466534, 'PZU': 0.11527576660519447, 'CDR': 0.09580309238874486, 'PEO': 0.08930119760742596, 'KGH': 0.06596083678472556, 'LPP': 0.06093669537814201, 'SPL': 0.052351861551123875, 'CPS': 0.04210661831049766, 'PGE': 0.03631224059541467, 'DNP': 0.03435143902149179, 'MBK': 0.027047398141749886, 'OPL': 0.022953041993283536, 'CCC': 0.016840666716548637, 'ALR': 0.014465037873619625, 'TPE': 0.009761094703855142, 'JSW': 0.005871401345932932}"
2020-03-09,75679.30282389431,1.4551915228366852e-11,"{'PKO': 0.1650506375355959, 'PKN': 0.1456109734466534, 'PZU': 0.11527576660519447, 'CDR': 0.09580309238874486, 'PEO': 0.08930119760742596, 'KGH': 0.06596083678472556, 'LPP': 0.06093669537814201, 'SPL': 0.052351861551123875, 'CPS': 0.04210661831049766, 'PGE': 0.03631224059541467, 'DNP': 0.03435143902149179, 'MBK': 0.027047398141749886, 'OPL': 0.022953041993283536, 'CCC': 0.016840666716548637, 'ALR': 0.014465037873619625, 'TPE': 0.009761094703855142, 'JSW': 0.005871401345932932}"
2020-03-10,74389.5096933654,1.4551915228366852e-11,"{'PKO': 0.1650506375355959, 'PKN': 0.1456109734466534, 'PZU': 0.11527576660519447, 'CDR': 0.09580309238874486, 'PEO': 0.08930119760742596, 'KGH': 0.06596083678472556, 'LPP': 0.06093669537814201, 'SPL': 0.052351861551123875, 'CPS': 0.04210661831049766, 'PGE': 0.03631224059541467, 'DNP': 0.03435143902149179, 'MBK': 0.027047398141749886, 'OPL': 0.022953041993283536, 'CCC': 0.016840666716548637, 'ALR': 0.014465037873619625, 'TPE': 0.009761094703855142, 'JSW': 0.005871401345932932}"
2020-03-11,69821.8388417305,0.0,"{'PKO': 0.1650506375355959, 'PKN': 0.1456109734466534, 'PZU': 0.11527576660519447, 'CDR': 0.09580309238874486, 'PEO': 0.08930119760742596, 'KGH': 0.06596083678472556, 'LPP': 0.06093669537814201, 'SPL': 0.052351861551123875, 'CPS': 0.04210661831049766, 'PGE': 0.03631224059541467, 'DNP': 0.03435143902149179, 'MBK': 0.027047398141749886, 'OPL': 0.022953041993283536, 'CCC': 0.016840666716548637, 'ALR': 0.014465037873619625, 'TPE': 0.009761094703855142, 'JSW': 0.005871401345932932}"
2020-03-12,60377.22846237027,-7.275957614183426e-12,"{'PKO': 0.1650506375355959, 'PKN': 0.1456109734466534, 'PZU': 0.11527576660519447, 'CDR': 0.09580309238874486, 'PEO': 0.08930119760742596, 'KGH': 0.06596083678472556, 'LPP': 0.06093669537814201, 'SPL': 0.052351861551123875, 'CPS': 0.04210661831049766, 'PGE': 0.03631224059541467, 'DNP': 0.03435143902149179, 'MBK': 0.027047398141749886, 'OPL': 0.022953041993283536, 'CCC': 0.016840666716548637, 'ALR': 0.014465037873619625, 'TPE': 0.009761094703855142, 'JSW': 0.005871401345932932}"
2020-03-13,62847.29410946514,7.275957614183426e-12,"{'PKO': 0.1650506375355959, 'PKN': 0.1456109734466534, 'PZU': 0.11527576660519447, 'CDR': 0.09580309238874486, 'PEO': 0.08930119760742596, 'KGH': 0.06596083678472556, 'LPP': 0.06093669537814201, 'SPL': 0.052351861551123875, 'CPS': 0.04210661831049766, 'PGE': 0.03631224059541467, 'DNP': 0.03435143902149179, 'MBK': 0.027047398141749886, 'OPL': 0.022953041993283536, 'CCC': 0.016840666716548637, 'ALR': 0.014465037873619625, 'TPE': 0.009761094703855142, 'JSW': 0.005871401345932932}"
2020-03-16,61384.82284349666,0.0,"{'PKO': 0.1650506375355959, 'PKN': 0.1456109734466534, 'PZU': 0.11527576660519447, 'CDR': 0.09580309238874486, 'PEO': 0.08930119760742596, 'KGH': 0.06596083678472556, 'LPP': 0.06093669537814201, 'SPL': 0.052351861551123875, 'CPS': 0.04210661831049766, 'PGE': 0.03631224059541467, 'DNP': 0.03435143902149179, 'MBK': 0.027047398141749886, 'OPL': 0.022953041993283536, 'CCC': 0.016840666716548637, 'ALR': 0.014465037873619625, 'TPE': 0.009761094703855142, 'JSW': 0.005871401345932932}"
2020-03-17,65430.20603973912,1.4551915228366852e-11,"{'PKO': 0.1650506375355959, 'PKN': 0.1456109734466534, 'PZU': 0.11527576660519447, 'CDR': 0.09580309238874486, 'PEO': 0.08930119760742596, 'KGH': 0.06596083678472556, 'LPP': 0.06093669537814201, 'SPL': 0.052351861551123875, 'CPS': 0.04210661831049766, 'PGE': 0.03631224059541467, 'DNP': 0.03435143902149179, 'MBK': 0.027047398141749886, 'OPL': 0.022953041993283536, 'CCC': 0.016840666716548637, 'ALR': 0.014465037873619625, 'TPE': 0.009761094703855142, 'JSW': 0.005871401345932932}"
2020-03-18,63950.92105879554,1.4551915228366852e-11,"{'PKO': 0.1650506375355959, 'PKN': 0.1456109734466534, 'PZU': 0.11527576660519447, 'CDR': 0.09580309238874486, 'PEO': 0.08930119760742596, 'KGH': 0.06596083678472556, 'LPP': 0.06093669537814201, 'SPL': 0.052351861551123875, 'CPS': 0.04210661831049766, 'PGE': 0.03631224059541467, 'DNP': 0.03435143902149179, 'MBK': 0.027047398141749886, 'OPL': 0.022953041993283536, 'CCC': 0.016840666716548637, 'ALR': 0.014465037873619625, 'TPE': 0.009761094703855142, 'JSW': 0.005871401345932932}"
2020-03-19,67156.76254659737,1.4551915228366852e-11,"{'PKO': 0.1650506375355959, 'PKN': 0.1456109734466534, 'PZU': 0.11527576660519447, 'CDR': 0.09580309238874486, 'PEO': 0.08930119760742596, 'KGH': 0.06596083678472556, 'LPP': 0.06093669537814201, 'SPL': 0.052351861551123875, 'CPS': 0.04210661831049766, 'PGE': 0.03631224059541467, 'DNP': 0.03435143902149179, 'MBK': 0.027047398141749886, 'OPL': 0.022953041993283536, 'CCC': 0.016840666716548637, 'ALR': 0.014465037873619625, 'TPE': 0.009761094703855142, 'JSW': 0.005871401345932932}"
2020-03-20,68388.7303294771,0.0,"{'PKO': 0.16074868954280752, 'PZU': 0.12283827656772936, 'CDR': 0.12143225102402441, 'PKN': 0.11541389536599683, 'PEO': 0.09689596173345197, 'KGH': 0.06752952272457473, 'LPP': 0.0583364463385069, 'SPL': 0.05372411622418429, 'DNP': 0.04355629711029622, 'CPS': 0.04286036347557316, 'MBK': 0.026534784157108922, 'OPL': 0.026253796867971912, 'PGE': 0.02457440772126932, 'CCC': 0.014150650572702192, 'ALR': 0.012885118673565739, 'TPE': 0.007674873746312041, 'JSW': 0.004590548153924401}"
2020-03-23,64450.53215744575,-7.275957614183426e-12,"{'PKO': 0.16074868954280752, 'PZU': 0.12283827656772936, 'CDR': 0.12143225102402441, 'PKN': 0.11541389536599683, 'PEO': 0.09689596173345197, 'KGH': 0.06752952272457473, 'LPP': 0.0583364463385069, 'SPL': 0.05372411622418429, 'DNP': 0.04355629711029622, 'CPS': 0.04286036347557316, 'MBK': 0.026534784157108922, 'OPL': 0.026253796867971912, 'PGE': 0.02457440772126932, 'CCC': 0.014150650572702192, 'ALR': 0.012885118673565739, 'TPE': 0.007674873746312041, 'JSW': 0.004590548153924401}"
2020-03-24,66589.23196932583,0.0,"{'PKO': 0.16074868954280752, 'PZU': 0.12283827656772936, 'CDR': 0.12143225102402441, 'PKN': 0.11541389536599683, 'PEO': 0.09689596173345197, 'KGH': 0.06752952272457473, 'LPP': 0.0583364463385069, 'SPL': 0.05372411622418429, 'DNP': 0.04355629711029622, 'CPS': 0.04286036347557316, 'MBK': 0.026534784157108922, 'OPL': 0.026253796867971912, 'PGE': 0.02457440772126932, 'CCC': 0.014150650572702192, 'ALR': 0.012885118673565739, 'TPE': 0.007674873746312041, 'JSW': 0.004590548153924401}"
2020-03-25,66120.38800964512,0.0,"{'PKO': 0.16074868954280752, 'PZU': 0.12283827656772936, 'CDR': 0.12143225102402441, 'PKN': 0.11541389536599683, 'PEO': 0.09689596173345197, 'KGH': 0.06752952272457473, 'LPP': 0.0583364463385069, 'SPL': 0.05372411622418429, 'DNP': 0.04355629711029622, 'CPS': 0.04286036347557316, 'MBK': 0.026534784157108922, 'OPL': 0.026253796867971912, 'PGE': 0.02457440772126932, 'CCC': 0.014150650572702192, 'ALR': 0.012885118673565739, 'TPE': 0.007674873746312041, 'JSW': 0.004590548153924401}"
2020-03-26,68482.98856803542,0.0,"{'PKO': 0.16074868954280752, 'PZU': 0.12283827656772936, 'CDR': 0.12143225102402441, 'PKN': 0.11541389536599683, 'PEO': 0.09689596173345197, 'KGH': 0.06752952272457473, 'LPP': 0.0583364463385069, 'SPL': 0.05372411622418429, 'DNP': 0.04355629711029622, 'CPS': 0.04286036347557316, 'MBK': 0.026534784157108922, 'OPL': 0.026253796867971912, 'PGE': 0.02457440772126932, 'CCC': 0.014150650572702192, 'ALR': 0.012885118673565739, 'TPE': 0.007674873746312041, 'JSW': 0.004590548153924401}"
2020-03-27,67421.79100101664,1.4551915228366852e-11,"{'PKO': 0.16074868954280752, 'PZU': 0.12283827656772936, 'CDR': 0.12143225102402441, 'PKN': 0.11541389536599683, 'PEO': 0.09689596173345197, 'KGH': 0.06752952272457473, 'LPP': 0.0583364463385069, 'SPL': 0.05372411622418429, 'DNP': 0.04355629711029622, 'CPS': 0.04286036347557316, 'MBK': 0.026534784157108922, 'OPL': 0.026253796867971912, 'PGE': 0.02457440772126932, 'CCC': 0.014150650572702192, 'ALR': 0.012885118673565739, 'TPE': 0.007674873746312041, 'JSW': 0.004590548153924401}"
2020-03-30,67618.70268228225,-1.4551915228366852e-11,"{'PKO': 0.16074868954280752, 'PZU': 0.12283827656772936, 'CDR': 0.12143225102402441, 'PKN': 0.11541389536599683, 'PEO': 0.09689596173345197, 'KGH': 0.06752952272457473, 'LPP': 0.0583364463385069, 'SPL': 0.05372411622418429, 'DNP': 0.04355629711029622, 'CPS': 0.04286036347557316, 'MBK': 0.026534784157108922, 'OPL': 0.026253796867971912, 'PGE': 0.02457440772126932, 'CCC': 0.014150650572702192, 'ALR': 0.012885118673565739, 'TPE': 0.007674873746312041, 'JSW': 0.004590548153924401}"
2020-03-31,68913.9756229333,0.0,"{'PKO': 0.16074868954280752, 'PZU': 0.12283827656772936, 'CDR': 0.12143225102402441, 'PKN': 0.11541389536599683, 'PEO': 0.09689596173345197, 'KGH': 0.06752952272457473, 'LPP': 0.0583364463385069, 'SPL': 0.05372411622418429, 'DNP': 0.04355629711029622, 'CPS': 0.04286036347557316, 'MBK': 0.026534784157108922, 'OPL': 0.026253796867971912, 'PGE': 0.02457440772126932, 'CCC': 0.014150650572702192, 'ALR': 0.012885118673565739, 'TPE': 0.007674873746312041, 'JSW': 0.004590548153924401}"
2020-04-01,67505.06913106143,1.4551915228366852e-11,"{'PKO': 0.16074868954280752, 'PZU': 0.12283827656772936, 'CDR': 0.12143225102402441, 'PKN': 0.11541389536599683, 'PEO': 0.09689596173345197, 'KGH': 0.06752952272457473, 'LPP': 0.0583364463385069, 'SPL': 0.05372411622418429, 'DNP': 0.04355629711029622, 'CPS': 0.04286036347557316, 'MBK': 0.026534784157108922, 'OPL': 0.026253796867971912, 'PGE': 0.02457440772126932, 'CCC': 0.014150650572702192, 'ALR': 0.012885118673565739, 'TPE': 0.007674873746312041, 'JSW': 0.004590548153924401}"
2020-04-02,67590.32441642444,1.4551915228366852e-11,"{'PKO': 0.16074868954280752, 'PZU': 0.12283827656772936, 'CDR': 0.12143225102402441, 'PKN': 0.11541389536599683, 'PEO': 0.09689596173345197, 'KGH': 0.06752952272457473, 'LPP': 0.0583364463385069, 'SPL': 0.05372411622418429, 'DNP': 0.04355629711029622, 'CPS': 0.04286036347557316, 'MBK': 0.026534784157108922, 'OPL': 0.026253796867971912, 'PGE': 0.02457440772126932, 'CCC': 0.014150650572702192, 'ALR': 0.012885118673565739, 'TPE': 0.007674873746312041, 'JSW': 0.004590548153924401}"
2020-04-03,67870.58099422535,0.0,"{'PKO': 0.16074868954280752, 'PZU': 0.12283827656772936, 'CDR': 0.12143225102402441, 'PKN': 0.11541389536599683, 'PEO': 0.09689596173345197, 'KGH': 0.06752952272457473, 'LPP': 0.0583364463385069, 'SPL': 0.05372411622418429, 'DNP': 0.04355629711029622, 'CPS': 0.04286036347557316, 'MBK': 0.026534784157108922, 'OPL': 0.026253796867971912, 'PGE': 0.02457440772126932, 'CCC': 0.014150650572702192, 'ALR': 0.012885118673565739, 'TPE': 0.007674873746312041, 'JSW': 0.004590548153924401}"
2020-04-06,71528.8851545775,1.4551915228366852e-11,"{'PKO': 0.16074868954280752, 'PZU': 0.12283827656772936, 'CDR': 0.12143225102402441, 'PKN': 0.11541389536599683, 'PEO': 0.09689596173345197, 'KGH': 0.06752952272457473, 'LPP': 0.0583364463385069, 'SPL': 0.05372411622418429, 'DNP': 0.04355629711029622, 'CPS': 0.04286036347557316, 'MBK': 0.026534784157108922, 'OPL': 0.026253796867971912, 'PGE': 0.02457440772126932, 'CCC': 0.014150650572702192, 'ALR': 0.012885118673565739, 'TPE': 0.007674873746312041, 'JSW': 0.004590548153924401}"
2020-04-07,73083.44334675204,-1.4551915228366852e-11,"{'PKO': 0.16074868954280752, 'PZU': 0.12283827656772936, 'CDR': 0.12143225102402441, 'PKN': 0.11541389536599683, 'PEO': 0.09689596173345197, 'KGH': 0.06752952272457473, 'LPP': 0.0583364463385069, 'SPL': 0.05372411622418429, 'DNP': 0.04355629711029622, 'CPS': 0.04286036347557316, 'MBK': 0.026534784157108922, 'OPL': 0.026253796867971912, 'PGE': 0.02457440772126932, 'CCC': 0.014150650572702192, 'ALR': 0.012885118673565739, 'TPE': 0.007674873746312041, 'JSW': 0.004590548153924401}"
2020-04-08,71249.08643095428,-1.4551915228366852e-11,"{'PKO': 0.16074868954280752, 'PZU': 0.12283827656772936, 'CDR': 0.12143225102402441, 'PKN': 0.11541389536599683, 'PEO': 0.09689596173345197, 'KGH': 0.06752952272457473, 'LPP': 0.0583364463385069, 'SPL': 0.05372411622418429, 'DNP': 0.04355629711029622, 'CPS': 0.04286036347557316, 'MBK': 0.026534784157108922, 'OPL': 0.026253796867971912, 'PGE': 0.02457440772126932, 'CCC': 0.014150650572702192, 'ALR': 0.012885118673565739, 'TPE': 0.007674873746312041, 'JSW': 0.004590548153924401}"
2020-04-09,72994.8050992023,0.0,"{'PKO': 0.16074868954280752, 'PZU': 0.12283827656772936, 'CDR': 0.12143225102402441, 'PKN': 0.11541389536599683, 'PEO': 0.09689596173345197, 'KGH': 0.06752952272457473, 'LPP': 0.0583364463385069, 'SPL': 0.05372411622418429, 'DNP': 0.04355629711029622, 'CPS': 0.04286036347557316, 'MBK': 0.026534784157108922, 'OPL': 0.026253796867971912, 'PGE': 0.02457440772126932, 'CCC': 0.014150650572702192, 'ALR': 0.012885118673565739, 'TPE': 0.007674873746312041, 'JSW': 0.004590548153924401}"
2020-04-10,72994.8050992023,0.0,"{'PKO': 0.16074868954280752, 'PZU': 0.12283827656772936, 'CDR': 0.12143225102402441, 'PKN': 0.11541389536599683, 'PEO': 0.09689596173345197, 'KGH': 0.06752952272457473, 'LPP': 0.0583364463385069, 'SPL': 0.05372411622418429, 'DNP': 0.04355629711029622, 'CPS': 0.04286036347557316, 'MBK': 0.026534784157108922, 'OPL': 0.026253796867971912, 'PGE': 0.02457440772126932, 'CCC': 0.014150650572702192, 'ALR': 0.012885118673565739, 'TPE': 0.007674873746312041, 'JSW': 0.004590548153924401}"
2020-04-13,72994.8050992023,0.0,"{'PKO': 0.16074868954280752, 'PZU': 0.12283827656772936, 'CDR': 0.12143225102402441, 'PKN': 0.11541389536599683, 'PEO': 0.09689596173345197, 'KGH': 0.06752952272457473, 'LPP': 0.0583364463385069, 'SPL': 0.05372411622418429, 'DNP': 0.04355629711029622, 'CPS': 0.04286036347557316, 'MBK': 0.026534784157108922, 'OPL': 0.026253796867971912, 'PGE': 0.02457440772126932, 'CCC': 0.014150650572702192, 'ALR': 0.012885118673565739, 'TPE': 0.007674873746312041, 'JSW': 0.004590548153924401}"
2020-04-14,75530.68487628523,0.0,"{'PKO': 0.16074868954280752, 'PZU': 0.12283827656772936, 'CDR': 0.12143225102402441, 'PKN': 0.11541389536599683, 'PEO': 0.09689596173345197, 'KGH': 0.06752952272457473, 'LPP': 0.0583364463385069, 'SPL': 0.05372411622418429, 'DNP': 0.04355629711029622, 'CPS': 0.04286036347557316, 'MBK': 0.026534784157108922, 'OPL': 0.026253796867971912, 'PGE': 0.02457440772126932, 'CCC': 0.014150650572702192, 'ALR': 0.012885118673565739, 'TPE': 0.007674873746312041, 'JSW': 0.004590548153924401}"
2020-04-15,72692.00894197977,1.4551915228366852e-11,"{'PKO': 0.16074868954280752, 'PZU': 0.12283827656772936, 'CDR': 0.12143225102402441, 'PKN': 0.11541389536599683, 'PEO': 0.09689596173345197, 'KGH': 0.06752952272457473, 'LPP': 0.0583364463385069, 'SPL': 0.05372411622418429, 'DNP': 0.04355629711029622, 'CPS': 0.04286036347557316, 'MBK': 0.026534784157108922, 'OPL': 0.026253796867971912, 'PGE': 0.02457440772126932, 'CCC': 0.014150650572702192, 'ALR': 0.012885118673565739, 'TPE': 0.007674873746312041, 'JSW': 0.004590548153924401}"
2020-04-16,72196.81268774606,0.0,"{'PKO': 0.16074868954280752, 'PZU': 0.12283827656772936, 'CDR': 0.12143225102402441, 'PKN': 0.11541389536599683, 'PEO': 0.09689596173345197, 'KGH': 0.06752952272457473, 'LPP': 0.0583364463385069, 'SPL': 0.05372411622418429, 'DNP': 0.04355629711029622, 'CPS': 0.04286036347557316, 'MBK': 0.026534784157108922, 'OPL': 0.026253796867971912, 'PGE': 0.02457440772126932, 'CCC': 0.014150650572702192, 'ALR': 0.012885118673565739, 'TPE': 0.007674873746312041, 'JSW': 0.004590548153924401}"
2020-04-17,73331.0211451305,1.4551915228366852e-11,"{'PKO': 0.16074868954280752, 'PZU': 0.12283827656772936, 'CDR': 0.12143225102402441, 'PKN': 0.11541389536599683, 'PEO': 0.09689596173345197, 'KGH': 0.06752952272457473, 'LPP': 0.0583364463385069, 'SPL': 0.05372411622418429, 'DNP': 0.04355629711029622, 'CPS': 0.04286036347557316, 'MBK': 0.026534784157108922, 'OPL': 0.026253796867971912, 'PGE': 0.02457440772126932, 'CCC': 0.014150650572702192, 'ALR': 0.012885118673565739, 'TPE': 0.007674873746312041, 'JSW': 0.004590548153924401}"
2020-04-20,73949.48162101101,0.0,"{'PKO': 0.16074868954280752, 'PZU': 0.12283827656772936, 'CDR': 0.12143225102402441, 'PKN': 0.11541389536599683, 'PEO': 0.09689596173345197, 'KGH': 0.06752952272457473, 'LPP': 0.0583364463385069, 'SPL': 0.05372411622418429, 'DNP': 0.04355629711029622, 'CPS': 0.04286036347557316, 'MBK': 0.026534784157108922, 'OPL': 0.026253796867971912, 'PGE': 0.02457440772126932, 'CCC': 0.014150650572702192, 'ALR': 0.012885118673565739, 'TPE': 0.007674873746312041, 'JSW': 0.004590548153924401}"
2020-04-21,70855.7334160771,-1.4551915228366852e-11,"{'PKO': 0.16074868954280752, 'PZU': 0.12283827656772936, 'CDR': 0.12143225102402441, 'PKN': 0.11541389536599683, 'PEO': 0.09689596173345197, 'KGH': 0.06752952272457473, 'LPP': 0.0583364463385069, 'SPL': 0.05372411622418429, 'DNP': 0.04355629711029622, 'CPS': 0.04286036347557316, 'MBK': 0.026534784157108922, 'OPL': 0.026253796867971912, 'PGE': 0.02457440772126932, 'CCC': 0.014150650572702192, 'ALR': 0.012885118673565739, 'TPE': 0.007674873746312041, 'JSW': 0.004590548153924401}"
2020-04-22,72130.63569074743,-1.4551915228366852e-11,"{'PKO': 0.16074868954280752, 'PZU': 0.12283827656772936, 'CDR': 0.12143225102402441, 'PKN': 0.11541389536599683, 'PEO': 0.09689596173345197, 'KGH': 0.06752952272457473, 'LPP': 0.0583364463385069, 'SPL': 0.05372411622418429, 'DNP': 0.04355629711029622, 'CPS': 0.04286036347557316, 'MBK': 0.026534784157108922, 'OPL': 0.026253796867971912, 'PGE': 0.02457440772126932, 'CCC': 0.014150650572702192, 'ALR': 0.012885118673565739, 'TPE': 0.007674873746312041, 'JSW': 0.004590548153924401}"
2020-04-23,72861.73261899971,0.0,"{'PKO': 0.16074868954280752, 'PZU': 0.12283827656772936, 'CDR': 0.12143225102402441, 'PKN': 0.11541389536599683, 'PEO': 0.09689596173345197, 'KGH': 0.06752952272457473, 'LPP': 0.0583364463385069, 'SPL': 0.05372411622418429, 'DNP': 0.04355629711029622, 'CPS': 0.04286036347557316, 'MBK': 0.026534784157108922, 'OPL': 0.026253796867971912, 'PGE': 0.02457440772126932, 'CCC': 0.014150650572702192, 'ALR': 0.012885118673565739, 'TPE': 0.007674873746312041, 'JSW': 0.004590548153924401}"
2020-04-24,71746.81961306823,0.0,"{'PKO': 0.16074868954280752, 'PZU': 0.12283827656772936, 'CDR': 0.12143225102402441, 'PKN': 0.11541389536599683, 'PEO': 0.09689596173345197, 'KGH': 0.06752952272457473, 'LPP': 0.0583364463385069, 'SPL': 0.05372411622418429, 'DNP': 0.04355629711029622, 'CPS': 0.04286036347557316, 'MBK': 0.026534784157108922, 'OPL': 0.026253796867971912, 'PGE': 0.02457440772126932, 'CCC': 0.014150650572702192, 'ALR': 0.012885118673565739, 'TPE': 0.007674873746312041, 'JSW': 0.004590548153924401}"
2020-04-27,70938.77373164904,0.0,"{'PKO': 0.16074868954280752, 'PZU': 0.12283827656772936, 'CDR': 0.12143225102402441, 'PKN': 0.11541389536599683, 'PEO': 0.09689596173345197, 'KGH': 0.06752952272457473, 'LPP': 0.0583364463385069, 'SPL': 0.05372411622418429, 'DNP': 0.04355629711029622, 'CPS': 0.04286036347557316, 'MBK': 0.026534784157108922, 'OPL': 0.026253796867971912, 'PGE': 0.02457440772126932, 'CCC': 0.014150650572702192, 'ALR': 0.012885118673565739, 'TPE': 0.007674873746312041, 'JSW': 0.004590548153924401}"
2020-04-28,71303.47865139322,1.4551915228366852e-11,"{'PKO': 0.16074868954280752, 'PZU': 0.12283827656772936, 'CDR': 0.12143225102402441, 'PKN': 0.11541389536599683, 'PEO': 0.09689596173345197, 'KGH': 0.06752952272457473, 'LPP': 0.0583364463385069, 'SPL': 0.05372411622418429, 'DNP': 0.04355629711029622, 'CPS': 0.04286036347557316, 'MBK': 0.026534784157108922, 'OPL': 0.026253796867971912, 'PGE': 0.02457440772126932, 'CCC': 0.014150650572702192, 'ALR': 0.012885118673565739, 'TPE': 0.007674873746312041, 'JSW': 0.004590548153924401}"
2020-04-29,74624.23744615403,1.4551915228366852e-11,"{'PKO': 0.16074868954280752, 'PZU': 0.12283827656772936, 'CDR': 0.12143225102402441, 'PKN': 0.11541389536599683, 'PEO': 0.09689596173345197, 'KGH': 0.06752952272457473, 'LPP': 0.0583364463385069, 'SPL': 0.05372411622418429, 'DNP': 0.04355629711029622, 'CPS': 0.04286036347557316, 'MBK': 0.026534784157108922, 'OPL': 0.026253796867971912, 'PGE': 0.02457440772126932, 'CCC': 0.014150650572702192, 'ALR': 0.012885118673565739, 'TPE': 0.007674873746312041, 'JSW': 0.004590548153924401}"
2020-04-30,74570.52338522773,1.4551915228366852e-11,"{'PKO': 0.16074868954280752, 'PZU': 0.12283827656772936, 'CDR': 0.12143225102402441, 'PKN': 0.11541389536599683, 'PEO': 0.09689596173345197, 'KGH': 0.06752952272457473, 'LPP': 0.0583364463385069, 'SPL': 0.05372411622418429, 'DNP': 0.04355629711029622, 'CPS': 0.04286036347557316, 'MBK': 0.026534784157108922, 'OPL': 0.026253796867971912, 'PGE': 0.02457440772126932, 'CCC': 0.014150650572702192, 'ALR': 0.012885118673565739, 'TPE': 0.007674873746312041, 'JSW': 0.004590548153924401}"
2020-05-01,74570.52338522773,1.4551915228366852e-11,"{'PKO': 0.16074868954280752, 'PZU': 0.12283827656772936, 'CDR': 0.12143225102402441, 'PKN': 0.11541389536599683, 'PEO': 0.09689596173345197, 'KGH': 0.06752952272457473, 'LPP': 0.0583364463385069, 'SPL': 0.05372411622418429, 'DNP': 0.04355629711029622, 'CPS': 0.04286036347557316, 'MBK': 0.026534784157108922, 'OPL': 0.026253796867971912, 'PGE': 0.02457440772126932, 'CCC': 0.014150650572702192, 'ALR': 0.012885118673565739, 'TPE': 0.007674873746312041, 'JSW': 0.004590548153924401}"
2020-05-04,72213.89695790138,0.0,"{'PKO': 0.16074868954280752, 'PZU': 0.12283827656772936, 'CDR': 0.12143225102402441, 'PKN': 0.11541389536599683, 'PEO': 0.09689596173345197, 'KGH': 0.06752952272457473, 'LPP': 0.0583364463385069, 'SPL': 0.05372411622418429, 'DNP': 0.04355629711029622, 'CPS': 0.04286036347557316, 'MBK': 0.026534784157108922, 'OPL': 0.026253796867971912, 'PGE': 0.02457440772126932, 'CCC': 0.014150650572702192, 'ALR': 0.012885118673565739, 'TPE': 0.007674873746312041, 'JSW': 0.004590548153924401}"
2020-05-05,71916.76315279596,0.0,"{'PKO': 0.16074868954280752, 'PZU': 0.12283827656772936, 'CDR': 0.12143225102402441, 'PKN': 0.11541389536599683, 'PEO': 0.09689596173345197, 'KGH': 0.06752952272457473, 'LPP': 0.0583364463385069, 'SPL': 0.05372411622418429, 'DNP': 0.04355629711029622, 'CPS': 0.04286036347557316, 'MBK': 0.026534784157108922, 'OPL': 0.026253796867971912, 'PGE': 0.02457440772126932, 'CCC': 0.014150650572702192, 'ALR': 0.012885118673565739, 'TPE': 0.007674873746312041, 'JSW': 0.004590548153924401}"
2020-05-06,70500.4469433641,0.0,"{'PKO': 0.16074868954280752, 'PZU': 0.12283827656772936, 'CDR': 0.12143225102402441, 'PKN': 0.11541389536599683, 'PEO': 0.09689596173345197, 'KGH': 0.06752952272457473, 'LPP': 0.0583364463385069, 'SPL': 0.05372411622418429, 'DNP': 0.04355629711029622, 'CPS': 0.04286036347557316, 'MBK': 0.026534784157108922, 'OPL': 0.026253796867971912, 'PGE': 0.02457440772126932, 'CCC': 0.014150650572702192, 'ALR': 0.012885118673565739, 'TPE': 0.007674873746312041, 'JSW': 0.004590548153924401}"
2020-05-07,71463.4896971308,0.0,"{'PKO': 0.16074868954280752, 'PZU': 0.12283827656772936, 'CDR': 0.12143225102402441, 'PKN': 0.11541389536599683, 'PEO': 0.09689596173345197, 'KGH': 0.06752952272457473, 'LPP': 0.0583364463385069, 'SPL': 0.05372411622418429, 'DNP': 0.04355629711029622, 'CPS': 0.04286036347557316, 'MBK': 0.026534784157108922, 'OPL': 0.026253796867971912, 'PGE': 0.02457440772126932, 'CCC': 0.014150650572702192, 'ALR': 0.012885118673565739, 'TPE': 0.007674873746312041, 'JSW': 0.004590548153924401}"
2020-05-08,72321.38659929478,0.0,"{'PKO': 0.16074868954280752, 'PZU': 0.12283827656772936, 'CDR': 0.12143225102402441, 'PKN': 0.11541389536599683, 'PEO': 0.09689596173345197, 'KGH': 0.06752952272457473, 'LPP': 0.0583364463385069, 'SPL': 0.05372411622418429, 'DNP': 0.04355629711029622, 'CPS': 0.04286036347557316, 'MBK': 0.026534784157108922, 'OPL': 0.026253796867971912, 'PGE': 0.02457440772126932, 'CCC': 0.014150650572702192, 'ALR': 0.012885118673565739, 'TPE': 0.007674873746312041, 'JSW': 0.004590548153924401}"
2020-05-11,71255.74306356466,0.0,"{'PKO': 0.16074868954280752, 'PZU': 0.12283827656772936, 'CDR': 0.12143225102402441, 'PKN': 0.11541389536599683, 'PEO': 0.09689596173345197, 'KGH': 0.06752952272457473, 'LPP': 0.0583364463385069, 'SPL': 0.05372411622418429, 'DNP': 0.04355629711029622, 'CPS': 0.04286036347557316, 'MBK': 0.026534784157108922, 'OPL': 0.026253796867971912, 'PGE': 0.02457440772126932, 'CCC': 0.014150650572702192, 'ALR': 0.012885118673565739, 'TPE': 0.007674873746312041, 'JSW': 0.004590548153924401}"
2020-05-12,72991.96855895322,-1.4551915228366852e-11,"{'PKO': 0.16074868954280752, 'PZU': 0.12283827656772936, 'CDR': 0.12143225102402441, 'PKN': 0.11541389536599683, 'PEO': 0.09689596173345197, 'KGH': 0.06752952272457473, 'LPP': 0.0583364463385069, 'SPL': 0.05372411622418429, 'DNP': 0.04355629711029622, 'CPS': 0.04286036347557316, 'MBK': 0.026534784157108922, 'OPL': 0.026253796867971912, 'PGE': 0.02457440772126932, 'CCC': 0.014150650572702192, 'ALR': 0.012885118673565739, 'TPE': 0.007674873746312041, 'JSW': 0.004590548153924401}"
2020-05-13,72733.98367152823,1.4551915228366852e-11,"{'PKO': 0.16074868954280752, 'PZU': 0.12283827656772936, 'CDR': 0.12143225102402441, 'PKN': 0.11541389536599683, 'PEO': 0.09689596173345197, 'KGH': 0.06752952272457473, 'LPP': 0.0583364463385069, 'SPL': 0.05372411622418429, 'DNP': 0.04355629711029622, 'CPS': 0.04286036347557316, 'MBK': 0.026534784157108922, 'OPL': 0.026253796867971912, 'PGE': 0.02457440772126932, 'CCC': 0.014150650572702192, 'ALR': 0.012885118673565739, 'TPE': 0.007674873746312041, 'JSW': 0.004590548153924401}"
2020-05-14,70977.65669477839,-1.4551915228366852e-11,"{'PKO': 0.16074868954280752, 'PZU': 0.12283827656772936, 'CDR': 0.12143225102402441, 'PKN': 0.11541389536599683, 'PEO': 0.09689596173345197, 'KGH': 0.06752952272457473, 'LPP': 0.0583364463385069, 'SPL': 0.05372411622418429, 'DNP': 0.04355629711029622, 'CPS': 0.04286036347557316, 'MBK': 0.026534784157108922, 'OPL': 0.026253796867971912, 'PGE': 0.02457440772126932, 'CCC': 0.014150650572702192, 'ALR': 0.012885118673565739, 'TPE': 0.007674873746312041, 'JSW': 0.004590548153924401}"
2020-05-15,70728.07210377564,1.4551915228366852e-11,"{'PKO': 0.16074868954280752, 'PZU': 0.12283827656772936, 'CDR': 0.12143225102402441, 'PKN': 0.11541389536599683, 'PEO': 0.09689596173345197, 'KGH': 0.06752952272457473, 'LPP': 0.0583364463385069, 'SPL': 0.05372411622418429, 'DNP': 0.04355629711029622, 'CPS': 0.04286036347557316, 'MBK': 0.026534784157108922, 'OPL': 0.026253796867971912, 'PGE': 0.02457440772126932, 'CCC': 0.014150650572702192, 'ALR': 0.012885118673565739, 'TPE': 0.007674873746312041, 'JSW': 0.004590548153924401}"
2020-05-18,73891.59123930747,-2.9103830456733704e-11,"{'PKO': 0.16074868954280752, 'PZU': 0.12283827656772936, 'CDR': 0.12143225102402441, 'PKN': 0.11541389536599683, 'PEO': 0.09689596173345197, 'KGH': 0.06752952272457473, 'LPP': 0.0583364463385069, 'SPL': 0.05372411622418429, 'DNP': 0.04355629711029622, 'CPS': 0.04286036347557316, 'MBK': 0.026534784157108922, 'OPL': 0.026253796867971912, 'PGE': 0.02457440772126932, 'CCC': 0.014150650572702192, 'ALR': 0.012885118673565739, 'TPE': 0.007674873746312041, 'JSW': 0.004590548153924401}"
2020-05-19,73928.423401338,1.4551915228366852e-11,"{'PKO': 0.16074868954280752, 'PZU': 0.12283827656772936, 'CDR': 0.12143225102402441, 'PKN': 0.11541389536599683, 'PEO': 0.09689596173345197, 'KGH': 0.06752952272457473, 'LPP': 0.0583364463385069, 'SPL': 0.05372411622418429, 'DNP': 0.04355629711029622, 'CPS': 0.04286036347557316, 'MBK': 0.026534784157108922, 'OPL': 0.026253796867971912, 'PGE': 0.02457440772126932, 'CCC': 0.014150650572702192, 'ALR': 0.012885118673565739, 'TPE': 0.007674873746312041, 'JSW': 0.004590548153924401}"
2020-05-20,74336.85813296337,1.4551915228366852e-11,"{'PKO': 0.16074868954280752, 'PZU': 0.12283827656772936, 'CDR': 0.12143225102402441, 'PKN': 0.11541389536599683, 'PEO': 0.09689596173345197, 'KGH': 0.06752952272457473, 'LPP': 0.0583364463385069, 'SPL': 0.05372411622418429, 'DNP': 0.04355629711029622, 'CPS': 0.04286036347557316, 'MBK': 0.026534784157108922, 'OPL': 0.026253796867971912, 'PGE': 0.02457440772126932, 'CCC': 0.014150650572702192, 'ALR': 0.012885118673565739, 'TPE': 0.007674873746312041, 'JSW': 0.004590548153924401}"
2020-05-21,73794.59232775956,-1.4551915228366852e-11,"{'PKO': 0.16074868954280752, 'PZU': 0.12283827656772936, 'CDR': 0.12143225102402441, 'PKN': 0.11541389536599683, 'PEO': 0.09689596173345197, 'KGH': 0.06752952272457473, 'LPP': 0.0583364463385069, 'SPL': 0.05372411622418429, 'DNP': 0.04355629711029622, 'CPS': 0.04286036347557316, 'MBK': 0.026534784157108922, 'OPL': 0.026253796867971912, 'PGE': 0.02457440772126932, 'CCC': 0.014150650572702192, 'ALR': 0.012885118673565739, 'TPE': 0.007674873746312041, 'JSW': 0.004590548153924401}"
2020-05-22,73313.69564776936,0.0,"{'PKO': 0.16074868954280752, 'PZU': 0.12283827656772936, 'CDR': 0.12143225102402441, 'PKN': 0.11541389536599683, 'PEO': 0.09689596173345197, 'KGH': 0.06752952272457473, 'LPP': 0.0583364463385069, 'SPL': 0.05372411622418429, 'DNP': 0.04355629711029622, 'CPS': 0.04286036347557316, 'MBK': 0.026534784157108922, 'OPL': 0.026253796867971912, 'PGE': 0.02457440772126932, 'CCC': 0.014150650572702192, 'ALR': 0.012885118673565739, 'TPE': 0.007674873746312041, 'JSW': 0.004590548153924401}"
2020-05-25,73903.59102105224,1.4551915228366852e-11,"{'PKO': 0.16074868954280752, 'PZU': 0.12283827656772936, 'CDR': 0.12143225102402441, 'PKN': 0.11541389536599683, 'PEO': 0.09689596173345197, 'KGH': 0.06752952272457473, 'LPP': 0.0583364463385069, 'SPL': 0.05372411622418429, 'DNP': 0.04355629711029622, 'CPS': 0.04286036347557316, 'MBK': 0.026534784157108922, 'OPL': 0.026253796867971912, 'PGE': 0.02457440772126932, 'CCC': 0.014150650572702192, 'ALR': 0.012885118673565739, 'TPE': 0.007674873746312041, 'JSW': 0.004590548153924401}"
2020-05-26,77142.39204072236,0.0,"{'PKO': 0.16074868954280752, 'PZU': 0.12283827656772936, 'CDR': 0.12143225102402441, 'PKN': 0.11541389536599683, 'PEO': 0.09689596173345197, 'KGH': 0.06752952272457473, 'LPP': 0.0583364463385069, 'SPL': 0.05372411622418429, 'DNP': 0.04355629711029622, 'CPS': 0.04286036347557316, 'MBK': 0.026534784157108922, 'OPL': 0.026253796867971912, 'PGE': 0.02457440772126932, 'CCC': 0.014150650572702192, 'ALR': 0.012885118673565739, 'TPE': 0.007674873746312041, 'JSW': 0.004590548153924401}"
2020-05-27,77733.16503830392,2.9103830456733704e-11,"{'PKO': 0.16074868954280752, 'PZU': 0.12283827656772936, 'CDR': 0.12143225102402441, 'PKN': 0.11541389536599683, 'PEO': 0.09689596173345197, 'KGH': 0.06752952272457473, 'LPP': 0.0583364463385069, 'SPL': 0.05372411622418429, 'DNP': 0.04355629711029622, 'CPS': 0.04286036347557316, 'MBK': 0.026534784157108922, 'OPL': 0.026253796867971912, 'PGE': 0.02457440772126932, 'CCC': 0.014150650572702192, 'ALR': 0.012885118673565739, 'TPE': 0.007674873746312041, 'JSW': 0.004590548153924401}"
2020-05-28,77806.39513418102,1.4551915228366852e-11,"{'PKO': 0.16074868954280752, 'PZU': 0.12283827656772936, 'CDR': 0.12143225102402441, 'PKN': 0.11541389536599683, 'PEO': 0.09689596173345197, 'KGH': 0.06752952272457473, 'LPP': 0.0583364463385069, 'SPL': 0.05372411622418429, 'DNP': 0.04355629711029622, 'CPS': 0.04286036347557316, 'MBK': 0.026534784157108922, 'OPL': 0.026253796867971912, 'PGE': 0.02457440772126932, 'CCC': 0.014150650572702192, 'ALR': 0.012885118673565739, 'TPE': 0.007674873746312041, 'JSW': 0.004590548153924401}"
2020-05-29,77852.02083080789,1.4551915228366852e-11,"{'PKO': 0.16074868954280752, 'PZU': 0.12283827656772936, 'CDR': 0.12143225102402441, 'PKN': 0.11541389536599683, 'PEO': 0.09689596173345197, 'KGH': 0.06752952272457473, 'LPP': 0.0583364463385069, 'SPL': 0.05372411622418429, 'DNP': 0.04355629711029622, 'CPS': 0.04286036347557316, 'MBK': 0.026534784157108922, 'OPL': 0.026253796867971912, 'PGE': 0.02457440772126932, 'CCC': 0.014150650572702192, 'ALR': 0.012885118673565739, 'TPE': 0.007674873746312041, 'JSW': 0.004590548153924401}"
2020-06-01,78348.37522274838,0.0,"{'PKO': 0.16074868954280752, 'PZU': 0.12283827656772936, 'CDR': 0.12143225102402441, 'PKN': 0.11541389536599683, 'PEO': 0.09689596173345197, 'KGH': 0.06752952272457473, 'LPP': 0.0583364463385069, 'SPL': 0.05372411622418429, 'DNP': 0.04355629711029622, 'CPS': 0.04286036347557316, 'MBK': 0.026534784157108922, 'OPL': 0.026253796867971912, 'PGE': 0.02457440772126932, 'CCC': 0.014150650572702192, 'ALR': 0.012885118673565739, 'TPE': 0.007674873746312041, 'JSW': 0.004590548153924401}"
2020-06-02,78493.91902405984,-1.4551915228366852e-11,"{'PKO': 0.16074868954280752, 'PZU': 0.12283827656772936, 'CDR': 0.12143225102402441, 'PKN': 0.11541389536599683, 'PEO': 0.09689596173345197, 'KGH': 0.06752952272457473, 'LPP': 0.0583364463385069, 'SPL': 0.05372411622418429, 'DNP': 0.04355629711029622, 'CPS': 0.04286036347557316, 'MBK': 0.026534784157108922, 'OPL': 0.026253796867971912, 'PGE': 0.02457440772126932, 'CCC': 0.014150650572702192, 'ALR': 0.012885118673565739, 'TPE': 0.007674873746312041, 'JSW': 0.004590548153924401}"
2020-06-03,80134.80959827323,2.9103830456733704e-11,"{'PKO': 0.16074868954280752, 'PZU': 0.12283827656772936, 'CDR': 0.12143225102402441, 'PKN': 0.11541389536599683, 'PEO': 0.09689596173345197, 'KGH': 0.06752952272457473, 'LPP': 0.0583364463385069, 'SPL': 0.05372411622418429, 'DNP': 0.04355629711029622, 'CPS': 0.04286036347557316, 'MBK': 0.026534784157108922, 'OPL': 0.026253796867971912, 'PGE': 0.02457440772126932, 'CCC': 0.014150650572702192, 'ALR': 0.012885118673565739, 'TPE': 0.007674873746312041, 'JSW': 0.004590548153924401}"
2020-06-04,81269.09658408293,0.0,"{'PKO': 0.16074868954280752, 'PZU': 0.12283827656772936, 'CDR': 0.12143225102402441, 'PKN': 0.11541389536599683, 'PEO': 0.09689596173345197, 'KGH': 0.06752952272457473, 'LPP': 0.0583364463385069, 'SPL': 0.05372411622418429, 'DNP': 0.04355629711029622, 'CPS': 0.04286036347557316, 'MBK': 0.026534784157108922, 'OPL': 0.026253796867971912, 'PGE': 0.02457440772126932, 'CCC': 0.014150650572702192, 'ALR': 0.012885118673565739, 'TPE': 0.007674873746312041, 'JSW': 0.004590548153924401}"
2020-06-05,84104.0331420878,0.0,"{'PKO': 0.16074868954280752, 'PZU': 0.12283827656772936, 'CDR': 0.12143225102402441, 'PKN': 0.11541389536599683, 'PEO': 0.09689596173345197, 'KGH': 0.06752952272457473, 'LPP': 0.0583364463385069, 'SPL': 0.05372411622418429, 'DNP': 0.04355629711029622, 'CPS': 0.04286036347557316, 'MBK': 0.026534784157108922, 'OPL': 0.026253796867971912, 'PGE': 0.02457440772126932, 'CCC': 0.014150650572702192, 'ALR': 0.012885118673565739, 'TPE': 0.007674873746312041, 'JSW': 0.004590548153924401}"
2020-06-08,84478.0364026033,1.4551915228366852e-11,"{'PKO': 0.16074868954280752, 'PZU': 0.12283827656772936, 'CDR': 0.12143225102402441, 'PKN': 0.11541389536599683, 'PEO': 0.09689596173345197, 'KGH': 0.06752952272457473, 'LPP': 0.0583364463385069, 'SPL': 0.05372411622418429, 'DNP': 0.04355629711029622, 'CPS': 0.04286036347557316, 'MBK': 0.026534784157108922, 'OPL': 0.026253796867971912, 'PGE': 0.02457440772126932, 'CCC': 0.014150650572702192, 'ALR': 0.012885118673565739, 'TPE': 0.007674873746312041, 'JSW': 0.004590548153924401}"
2020-06-09,83897.67881562842,-2.9103830456733704e-11,"{'PKO': 0.16074868954280752, 'PZU': 0.12283827656772936, 'CDR': 0.12143225102402441, 'PKN': 0.11541389536599683, 'PEO': 0.09689596173345197, 'KGH': 0.06752952272457473, 'LPP': 0.0583364463385069, 'SPL': 0.05372411622418429, 'DNP': 0.04355629711029622, 'CPS': 0.04286036347557316, 'MBK': 0.026534784157108922, 'OPL': 0.026253796867971912, 'PGE': 0.02457440772126932, 'CCC': 0.014150650572702192, 'ALR': 0.012885118673565739, 'TPE': 0.007674873746312041, 'JSW': 0.004590548153924401}"
2020-06-10,83758.24943099942,2.9103830456733704e-11,"{'PKO': 0.16074868954280752, 'PZU': 0.12283827656772936, 'CDR': 0.12143225102402441, 'PKN': 0.11541389536599683, 'PEO': 0.09689596173345197, 'KGH': 0.06752952272457473, 'LPP': 0.0583364463385069, 'SPL': 0.05372411622418429, 'DNP': 0.04355629711029622, 'CPS': 0.04286036347557316, 'MBK': 0.026534784157108922, 'OPL': 0.026253796867971912, 'PGE': 0.02457440772126932, 'CCC': 0.014150650572702192, 'ALR': 0.012885118673565739, 'TPE': 0.007674873746312041, 'JSW': 0.004590548153924401}"
2020-06-11,83758.24943099942,2.9103830456733704e-11,"{'PKO': 0.16074868954280752, 'PZU': 0.12283827656772936, 'CDR': 0.12143225102402441, 'PKN': 0.11541389536599683, 'PEO': 0.09689596173345197, 'KGH': 0.06752952272457473, 'LPP': 0.0583364463385069, 'SPL': 0.05372411622418429, 'DNP': 0.04355629711029622, 'CPS': 0.04286036347557316, 'MBK': 0.026534784157108922, 'OPL': 0.026253796867971912, 'PGE': 0.02457440772126932, 'CCC': 0.014150650572702192, 'ALR': 0.012885118673565739, 'TPE': 0.007674873746312041, 'JSW': 0.004590548153924401}"
2020-06-12,81204.90090396236,0.0,"{'PKO': 0.16074868954280752, 'PZU': 0.12283827656772936, 'CDR': 0.12143225102402441, 'PKN': 0.11541389536599683, 'PEO': 0.09689596173345197, 'KGH': 0.06752952272457473, 'LPP': 0.0583364463385069, 'SPL': 0.05372411622418429, 'DNP': 0.04355629711029622, 'CPS': 0.04286036347557316, 'MBK': 0.026534784157108922, 'OPL': 0.026253796867971912, 'PGE': 0.02457440772126932, 'CCC': 0.014150650572702192, 'ALR': 0.012885118673565739, 'TPE': 0.007674873746312041, 'JSW': 0.004590548153924401}"
2020-06-15,78671.23116056624,2.9103830456733704e-11,"{'PKO': 0.16074868954280752, 'PZU': 0.12283827656772936, 'CDR': 0.12143225102402441, 'PKN': 0.11541389536599683, 'PEO': 0.09689596173345197, 'KGH': 0.06752952272457473, 'LPP': 0.0583364463385069, 'SPL': 0.05372411622418429, 'DNP': 0.04355629711029622, 'CPS': 0.04286036347557316, 'MBK': 0.026534784157108922, 'OPL': 0.026253796867971912, 'PGE': 0.02457440772126932, 'CCC': 0.014150650572702192, 'ALR': 0.012885118673565739, 'TPE': 0.007674873746312041, 'JSW': 0.004590548153924401}"
2020-06-16,81753.11132667676,0.0,"{'PKO': 0.16074868954280752, 'PZU': 0.12283827656772936, 'CDR': 0.12143225102402441, 'PKN': 0.11541389536599683, 'PEO': 0.09689596173345197, 'KGH': 0.06752952272457473, 'LPP': 0.0583364463385069, 'SPL': 0.05372411622418429, 'DNP': 0.04355629711029622, 'CPS': 0.04286036347557316, 'MBK': 0.026534784157108922, 'OPL': 0.026253796867971912, 'PGE': 0.02457440772126932, 'CCC': 0.014150650572702192, 'ALR': 0.012885118673565739, 'TPE': 0.007674873746312041, 'JSW': 0.004590548153924401}"
2020-06-17,81216.64206829363,1.4551915228366852e-11,"{'PKO': 0.16074868954280752, 'PZU': 0.12283827656772936, 'CDR': 0.12143225102402441, 'PKN': 0.11541389536599683, 'PEO': 0.09689596173345197, 'KGH': 0.06752952272457473, 'LPP': 0.0583364463385069, 'SPL': 0.05372411622418429, 'DNP': 0.04355629711029622, 'CPS': 0.04286036347557316, 'MBK': 0.026534784157108922, 'OPL': 0.026253796867971912, 'PGE': 0.02457440772126932, 'CCC': 0.014150650572702192, 'ALR': 0.012885118673565739, 'TPE': 0.007674873746312041, 'JSW': 0.004590548153924401}"
2020-06-18,81466.11922850576,0.0,"{'PKO': 0.16074868954280752, 'PZU': 0.12283827656772936, 'CDR': 0.12143225102402441, 'PKN': 0.11541389536599683, 'PEO': 0.09689596173345197, 'KGH': 0.06752952272457473, 'LPP': 0.0583364463385069, 'SPL': 0.05372411622418429, 'DNP': 0.04355629711029622, 'CPS': 0.04286036347557316, 'MBK': 0.026534784157108922, 'OPL': 0.026253796867971912, 'PGE': 0.02457440772126932, 'CCC': 0.014150650572702192, 'ALR': 0.012885118673565739, 'TPE': 0.007674873746312041, 'JSW': 0.004590548153924401}"
2020-06-19,81918.57643340739,0.0,"{'CDR': 0.16699416514607174, 'PKO': 0.13129812975174315, 'PKN': 0.13077264777232378, 'PZU': 0.11921983739004678, 'KGH': 0.07891692820157131, 'PEO': 0.06468104245827594, 'DNP': 0.06079225314871695, 'LPP': 0.058802769468161015, 'CPS': 0.049103619034471385, 'SPL': 0.035840765600524585, 'OPL': 0.03003819764134296, 'PGE': 0.02417217105329077, 'MBK': 0.017301939496093953, 'CCC': 0.009787101866685665, 'TPE': 0.008672679278976378, 'ALR': 0.008642619928458745, 'JSW': 0.004963132763244761}"
2020-06-22,81448.30546064611,1.4551915228366852e-11,"{'CDR': 0.16699416514607174, 'PKO': 0.13129812975174315, 'PKN': 0.13077264777232378, 'PZU': 0.11921983739004678, 'KGH': 0.07891692820157131, 'PEO': 0.06468104245827594, 'DNP': 0.06079225314871695, 'LPP': 0.058802769468161015, 'CPS': 0.049103619034471385, 'SPL': 0.035840765600524585, 'OPL': 0.03003819764134296, 'PGE': 0.02417217105329077, 'MBK': 0.017301939496093953, 'CCC': 0.009787101866685665, 'TPE': 0.008672679278976378, 'ALR': 0.008642619928458745, 'JSW': 0.004963132763244761}"
2020-06-23,83034.42428891653,0.0,"{'CDR': 0.16699416514607174, 'PKO': 0.13129812975174315, 'PKN': 0.13077264777232378, 'PZU': 0.11921983739004678, 'KGH': 0.07891692820157131, 'PEO': 0.06468104245827594, 'DNP': 0.06079225314871695, 'LPP': 0.058802769468161015, 'CPS': 0.049103619034471385, 'SPL': 0.035840765600524585, 'OPL': 0.03003819764134296, 'PGE': 0.02417217105329077, 'MBK': 0.017301939496093953, 'CCC': 0.009787101866685665, 'TPE': 0.008672679278976378, 'ALR': 0.008642619928458745, 'JSW': 0.004963132763244761}"
2020-06-24,81123.06439787502,1.4551915228366852e-11,"{'CDR': 0.16699416514607174, 'PKO': 0.13129812975174315, 'PKN': 0.13077264777232378, 'PZU': 0.11921983739004678, 'KGH': 0.07891692820157131, 'PEO': 0.06468104245827594, 'DNP': 0.06079225314871695, 'LPP': 0.058802769468161015, 'CPS': 0.049103619034471385, 'SPL': 0.035840765600524585, 'OPL': 0.03003819764134296, 'PGE': 0.02417217105329077, 'MBK': 0.017301939496093953, 'CCC': 0.009787101866685665, 'TPE': 0.008672679278976378, 'ALR': 0.008642619928458745, 'JSW': 0.004963132763244761}"
2020-06-25,81548.98831521792,1.4551915228366852e-11,"{'CDR': 0.16699416514607174, 'PKO': 0.13129812975174315, 'PKN': 0.13077264777232378, 'PZU': 0.11921983739004678, 'KGH': 0.07891692820157131, 'PEO': 0.06468104245827594, 'DNP': 0.06079225314871695, 'LPP': 0.058802769468161015, 'CPS': 0.049103619034471385, 'SPL': 0.035840765600524585, 'OPL': 0.03003819764134296, 'PGE': 0.02417217105329077, 'MBK': 0.017301939496093953, 'CCC': 0.009787101866685665, 'TPE': 0.008672679278976378, 'ALR': 0.008642619928458745, 'JSW': 0.004963132763244761}"
2020-06-26,79902.62563938138,1.4551915228366852e-11,"{'CDR': 0.16699416514607174, 'PKO': 0.13129812975174315, 'PKN': 0.13077264777232378, 'PZU': 0.11921983739004678, 'KGH': 0.07891692820157131, 'PEO': 0.06468104245827594, 'DNP': 0.06079225314871695, 'LPP': 0.058802769468161015, 'CPS': 0.049103619034471385, 'SPL': 0.035840765600524585, 'OPL': 0.03003819764134296, 'PGE': 0.02417217105329077, 'MBK': 0.017301939496093953, 'CCC': 0.009787101866685665, 'TPE': 0.008672679278976378, 'ALR': 0.008642619928458745, 'JSW': 0.004963132763244761}"
2020-06-29,80284.77984618444,1.4551915228366852e-11,"{'CDR': 0.16699416514607174, 'PKO': 0.13129812975174315, 'PKN': 0.13077264777232378, 'PZU': 0.11921983739004678, 'KGH': 0.07891692820157131, 'PEO': 0.06468104245827594, 'DNP': 0.06079225314871695, 'LPP': 0.058802769468161015, 'CPS': 0.049103619034471385, 'SPL': 0.035840765600524585, 'OPL': 0.03003819764134296, 'PGE': 0.02417217105329077, 'MBK': 0.017301939496093953, 'CCC': 0.009787101866685665, 'TPE': 0.008672679278976378, 'ALR': 0.008642619928458745, 'JSW': 0.004963132763244761}"
2020-06-30,79671.06063454734,0.0,"{'CDR': 0.16699416514607174, 'PKO': 0.13129812975174315, 'PKN': 0.13077264777232378, 'PZU': 0.11921983739004678, 'KGH': 0.07891692820157131, 'PEO': 0.06468104245827594, 'DNP': 0.06079225314871695, 'LPP': 0.058802769468161015, 'CPS': 0.049103619034471385, 'SPL': 0.035840765600524585, 'OPL': 0.03003819764134296, 'PGE': 0.02417217105329077, 'MBK': 0.017301939496093953, 'CCC': 0.009787101866685665, 'TPE': 0.008672679278976378, 'ALR': 0.008642619928458745, 'JSW': 0.004963132763244761}"
2020-07-01,80259.96259247708,0.0,"{'CDR': 0.16699416514607174, 'PKO': 0.13129812975174315, 'PKN': 0.13077264777232378, 'PZU': 0.11921983739004678, 'KGH': 0.07891692820157131, 'PEO': 0.06468104245827594, 'DNP': 0.06079225314871695, 'LPP': 0.058802769468161015, 'CPS': 0.049103619034471385, 'SPL': 0.035840765600524585, 'OPL': 0.03003819764134296, 'PGE': 0.02417217105329077, 'MBK': 0.017301939496093953, 'CCC': 0.009787101866685665, 'TPE': 0.008672679278976378, 'ALR': 0.008642619928458745, 'JSW': 0.004963132763244761}"
2020-07-02,81629.29185067571,-1.4551915228366852e-11,"{'CDR': 0.16699416514607174, 'PKO': 0.13129812975174315, 'PKN': 0.13077264777232378, 'PZU': 0.11921983739004678, 'KGH': 0.07891692820157131, 'PEO': 0.06468104245827594, 'DNP': 0.06079225314871695, 'LPP': 0.058802769468161015, 'CPS': 0.049103619034471385, 'SPL': 0.035840765600524585, 'OPL': 0.03003819764134296, 'PGE': 0.02417217105329077, 'MBK': 0.017301939496093953, 'CCC': 0.009787101866685665, 'TPE': 0.008672679278976378, 'ALR': 0.008642619928458745, 'JSW': 0.004963132763244761}"
2020-07-03,81570.38237373614,1.4551915228366852e-11,"{'CDR': 0.16699416514607174, 'PKO': 0.13129812975174315, 'PKN': 0.13077264777232378, 'PZU': 0.11921983739004678, 'KGH': 0.07891692820157131, 'PEO': 0.06468104245827594, 'DNP': 0.06079225314871695, 'LPP': 0.058802769468161015, 'CPS': 0.049103619034471385, 'SPL': 0.035840765600524585, 'OPL': 0.03003819764134296, 'PGE': 0.02417217105329077, 'MBK': 0.017301939496093953, 'CCC': 0.009787101866685665, 'TPE': 0.008672679278976378, 'ALR': 0.008642619928458745, 'JSW': 0.004963132763244761}"
2020-07-06,82358.93147091797,1.4551915228366852e-11,"{'CDR': 0.16699416514607174, 'PKO': 0.13129812975174315, 'PKN': 0.13077264777232378, 'PZU': 0.11921983739004678, 'KGH': 0.07891692820157131, 'PEO': 0.06468104245827594, 'DNP': 0.06079225314871695, 'LPP': 0.058802769468161015, 'CPS': 0.049103619034471385, 'SPL': 0.035840765600524585, 'OPL': 0.03003819764134296, 'PGE': 0.02417217105329077, 'MBK': 0.017301939496093953, 'CCC': 0.009787101866685665, 'TPE': 0.008672679278976378, 'ALR': 0.008642619928458745, 'JSW': 0.004963132763244761}"
2020-07-07,81593.13704498185,1.4551915228366852e-11,"{'CDR': 0.16699416514607174, 'PKO': 0.13129812975174315, 'PKN': 0.13077264777232378, 'PZU': 0.11921983739004678, 'KGH': 0.07891692820157131, 'PEO': 0.06468104245827594, 'DNP': 0.06079225314871695, 'LPP': 0.058802769468161015, 'CPS': 0.049103619034471385, 'SPL': 0.035840765600524585, 'OPL': 0.03003819764134296, 'PGE': 0.02417217105329077, 'MBK': 0.017301939496093953, 'CCC': 0.009787101866685665, 'TPE': 0.008672679278976378, 'ALR': 0.008642619928458745, 'JSW': 0.004963132763244761}"
2020-07-08,80948.53773189116,1.4551915228366852e-11,"{'CDR': 0.16699416514607174, 'PKO': 0.13129812975174315, 'PKN': 0.13077264777232378, 'PZU': 0.11921983739004678, 'KGH': 0.07891692820157131, 'PEO': 0.06468104245827594, 'DNP': 0.06079225314871695, 'LPP': 0.058802769468161015, 'CPS': 0.049103619034471385, 'SPL': 0.035840765600524585, 'OPL': 0.03003819764134296, 'PGE': 0.02417217105329077, 'MBK': 0.017301939496093953, 'CCC': 0.009787101866685665, 'TPE': 0.008672679278976378, 'ALR': 0.008642619928458745, 'JSW': 0.004963132763244761}"
2020-07-09,80893.13114014664,1.4551915228366852e-11,"{'CDR': 0.16699416514607174, 'PKO': 0.13129812975174315, 'PKN': 0.13077264777232378, 'PZU': 0.11921983739004678, 'KGH': 0.07891692820157131, 'PEO': 0.06468104245827594, 'DNP': 0.06079225314871695, 'LPP': 0.058802769468161015, 'CPS': 0.049103619034471385, 'SPL': 0.035840765600524585, 'OPL': 0.03003819764134296, 'PGE': 0.02417217105329077, 'MBK': 0.017301939496093953, 'CCC': 0.009787101866685665, 'TPE': 0.008672679278976378, 'ALR': 0.008642619928458745, 'JSW': 0.004963132763244761}"
2020-07-10,81104.67932633233,0.0,"{'CDR': 0.16699416514607174, 'PKO': 0.13129812975174315, 'PKN': 0.13077264777232378, 'PZU': 0.11921983739004678, 'KGH': 0.07891692820157131, 'PEO': 0.06468104245827594, 'DNP': 0.06079225314871695, 'LPP': 0.058802769468161015, 'CPS': 0.049103619034471385, 'SPL': 0.035840765600524585, 'OPL': 0.03003819764134296, 'PGE': 0.02417217105329077, 'MBK': 0.017301939496093953, 'CCC': 0.009787101866685665, 'TPE': 0.008672679278976378, 'ALR': 0.008642619928458745, 'JSW': 0.004963132763244761}"
2020-07-13,81369.81219268194,1.4551915228366852e-11,"{'CDR': 0.16699416514607174, 'PKO': 0.13129812975174315, 'PKN': 0.13077264777232378, 'PZU': 0.11921983739004678, 'KGH': 0.07891692820157131, 'PEO': 0.06468104245827594, 'DNP': 0.06079225314871695, 'LPP': 0.058802769468161015, 'CPS': 0.049103619034471385, 'SPL': 0.035840765600524585, 'OPL': 0.03003819764134296, 'PGE': 0.02417217105329077, 'MBK': 0.017301939496093953, 'CCC': 0.009787101866685665, 'TPE': 0.008672679278976378, 'ALR': 0.008642619928458745, 'JSW': 0.004963132763244761}"
2020-07-14,79450.97797526013,0.0,"{'CDR': 0.16699416514607174, 'PKO': 0.13129812975174315, 'PKN': 0.13077264777232378, 'PZU': 0.11921983739004678, 'KGH': 0.07891692820157131, 'PEO': 0.06468104245827594, 'DNP': 0.06079225314871695, 'LPP': 0.058802769468161015, 'CPS': 0.049103619034471385, 'SPL': 0.035840765600524585, 'OPL': 0.03003819764134296, 'PGE': 0.02417217105329077, 'MBK': 0.017301939496093953, 'CCC': 0.009787101866685665, 'TPE': 0.008672679278976378, 'ALR': 0.008642619928458745, 'JSW': 0.004963132763244761}"
2020-07-15,80557.41492097701,0.0,"{'CDR': 0.16699416514607174, 'PKO': 0.13129812975174315, 'PKN': 0.13077264777232378, 'PZU': 0.11921983739004678, 'KGH': 0.07891692820157131, 'PEO': 0.06468104245827594, 'DNP': 0.06079225314871695, 'LPP': 0.058802769468161015, 'CPS': 0.049103619034471385, 'SPL': 0.035840765600524585, 'OPL': 0.03003819764134296, 'PGE': 0.02417217105329077, 'MBK': 0.017301939496093953, 'CCC': 0.009787101866685665, 'TPE': 0.008672679278976378, 'ALR': 0.008642619928458745, 'JSW': 0.004963132763244761}"
2020-07-16,81009.21057364008,1.4551915228366852e-11,"{'CDR': 0.16699416514607174, 'PKO': 0.13129812975174315, 'PKN': 0.13077264777232378, 'PZU': 0.11921983739004678, 'KGH': 0.07891692820157131, 'PEO': 0.06468104245827594, 'DNP': 0.06079225314871695, 'LPP': 0.058802769468161015, 'CPS': 0.049103619034471385, 'SPL': 0.035840765600524585, 'OPL': 0.03003819764134296, 'PGE': 0.02417217105329077, 'MBK': 0.017301939496093953, 'CCC': 0.009787101866685665, 'TPE': 0.008672679278976378, 'ALR': 0.008642619928458745, 'JSW': 0.004963132763244761}"
2020-07-17,80863.00259645357,0.0,"{'CDR': 0.16699416514607174, 'PKO': 0.13129812975174315, 'PKN': 0.13077264777232378, 'PZU': 0.11921983739004678, 'KGH': 0.07891692820157131, 'PEO': 0.06468104245827594, 'DNP': 0.06079225314871695, 'LPP': 0.058802769468161015, 'CPS': 0.049103619034471385, 'SPL': 0.035840765600524585, 'OPL': 0.03003819764134296, 'PGE': 0.02417217105329077, 'MBK': 0.017301939496093953, 'CCC': 0.009787101866685665, 'TPE': 0.008672679278976378, 'ALR': 0.008642619928458745, 'JSW': 0.004963132763244761}"
2020-07-20,82821.5661720315,0.0,"{'CDR': 0.16699416514607174, 'PKO': 0.13129812975174315, 'PKN': 0.13077264777232378, 'PZU': 0.11921983739004678, 'KGH': 0.07891692820157131, 'PEO': 0.06468104245827594, 'DNP': 0.06079225314871695, 'LPP': 0.058802769468161015, 'CPS': 0.049103619034471385, 'SPL': 0.035840765600524585, 'OPL': 0.03003819764134296, 'PGE': 0.02417217105329077, 'MBK': 0.017301939496093953, 'CCC': 0.009787101866685665, 'TPE': 0.008672679278976378, 'ALR': 0.008642619928458745, 'JSW': 0.004963132763244761}"
2020-07-21,83134.45919697052,1.4551915228366852e-11,"{'CDR': 0.16699416514607174, 'PKO': 0.13129812975174315, 'PKN': 0.13077264777232378, 'PZU': 0.11921983739004678, 'KGH': 0.07891692820157131, 'PEO': 0.06468104245827594, 'DNP': 0.06079225314871695, 'LPP': 0.058802769468161015, 'CPS': 0.049103619034471385, 'SPL': 0.035840765600524585, 'OPL': 0.03003819764134296, 'PGE': 0.02417217105329077, 'MBK': 0.017301939496093953, 'CCC': 0.009787101866685665, 'TPE': 0.008672679278976378, 'ALR': 0.008642619928458745, 'JSW': 0.004963132763244761}"
2020-07-22,82364.4644164081,1.4551915228366852e-11,"{'CDR': 0.16699416514607174, 'PKO': 0.13129812975174315, 'PKN': 0.13077264777232378, 'PZU': 0.11921983739004678, 'KGH': 0.07891692820157131, 'PEO': 0.06468104245827594, 'DNP': 0.06079225314871695, 'LPP': 0.058802769468161015, 'CPS': 0.049103619034471385, 'SPL': 0.035840765600524585, 'OPL': 0.03003819764134296, 'PGE': 0.02417217105329077, 'MBK': 0.017301939496093953, 'CCC': 0.009787101866685665, 'TPE': 0.008672679278976378, 'ALR': 0.008642619928458745, 'JSW': 0.004963132763244761}"
2020-07-23,81849.78338809597,1.4551915228366852e-11,"{'CDR': 0.16699416514607174, 'PKO': 0.13129812975174315, 'PKN': 0.13077264777232378, 'PZU': 0.11921983739004678, 'KGH': 0.07891692820157131, 'PEO': 0.06468104245827594, 'DNP': 0.06079225314871695, 'LPP': 0.058802769468161015, 'CPS': 0.049103619034471385, 'SPL': 0.035840765600524585, 'OPL': 0.03003819764134296, 'PGE': 0.02417217105329077, 'MBK': 0.017301939496093953, 'CCC': 0.009787101866685665, 'TPE': 0.008672679278976378, 'ALR': 0.008642619928458745, 'JSW': 0.004963132763244761}"
2020-07-24,81445.6778753337,2.9103830456733704e-11,"{'CDR': 0.16699416514607174, 'PKO': 0.13129812975174315, 'PKN': 0.13077264777232378, 'PZU': 0.11921983739004678, 'KGH': 0.07891692820157131, 'PEO': 0.06468104245827594, 'DNP': 0.06079225314871695, 'LPP': 0.058802769468161015, 'CPS': 0.049103619034471385, 'SPL': 0.035840765600524585, 'OPL': 0.03003819764134296, 'PGE': 0.02417217105329077, 'MBK': 0.017301939496093953, 'CCC': 0.009787101866685665, 'TPE': 0.008672679278976378, 'ALR': 0.008642619928458745, 'JSW': 0.004963132763244761}"
2020-07-27,82130.00992706143,0.0,"{'CDR': 0.16699416514607174, 'PKO': 0.13129812975174315, 'PKN': 0.13077264777232378, 'PZU': 0.11921983739004678, 'KGH': 0.07891692820157131, 'PEO': 0.06468104245827594, 'DNP': 0.06079225314871695, 'LPP': 0.058802769468161015, 'CPS': 0.049103619034471385, 'SPL': 0.035840765600524585, 'OPL': 0.03003819764134296, 'PGE': 0.02417217105329077, 'MBK': 0.017301939496093953, 'CCC': 0.009787101866685665, 'TPE': 0.008672679278976378, 'ALR': 0.008642619928458745, 'JSW': 0.004963132763244761}"
2020-07-28,81908.81228070472,2.9103830456733704e-11,"{'CDR': 0.16699416514607174, 'PKO': 0.13129812975174315, 'PKN': 0.13077264777232378, 'PZU': 0.11921983739004678, 'KGH': 0.07891692820157131, 'PEO': 0.06468104245827594, 'DNP': 0.06079225314871695, 'LPP': 0.058802769468161015, 'CPS': 0.049103619034471385, 'SPL': 0.035840765600524585, 'OPL': 0.03003819764134296, 'PGE': 0.02417217105329077, 'MBK': 0.017301939496093953, 'CCC': 0.009787101866685665, 'TPE': 0.008672679278976378, 'ALR': 0.008642619928458745, 'JSW': 0.004963132763244761}"
2020-07-29,82091.95672806895,-1.4551915228366852e-11,"{'CDR': 0.16699416514607174, 'PKO': 0.13129812975174315, 'PKN': 0.13077264777232378, 'PZU': 0.11921983739004678, 'KGH': 0.07891692820157131, 'PEO': 0.06468104245827594, 'DNP': 0.06079225314871695, 'LPP': 0.058802769468161015, 'CPS': 0.049103619034471385, 'SPL': 0.035840765600524585, 'OPL': 0.03003819764134296, 'PGE': 0.02417217105329077, 'MBK': 0.017301939496093953, 'CCC': 0.009787101866685665, 'TPE': 0.008672679278976378, 'ALR': 0.008642619928458745, 'JSW': 0.004963132763244761}"
2020-07-30,79379.94222399102,-1.4551915228366852e-11,"{'CDR': 0.16699416514607174, 'PKO': 0.13129812975174315, 'PKN': 0.13077264777232378, 'PZU': 0.11921983739004678, 'KGH': 0.07891692820157131, 'PEO': 0.06468104245827594, 'DNP': 0.06079225314871695, 'LPP': 0.058802769468161015, 'CPS': 0.049103619034471385, 'SPL': 0.035840765600524585, 'OPL': 0.03003819764134296, 'PGE': 0.02417217105329077, 'MBK': 0.017301939496093953, 'CCC': 0.009787101866685665, 'TPE': 0.008672679278976378, 'ALR': 0.008642619928458745, 'JSW': 0.004963132763244761}"
2020-07-31,79689.40187164895,1.4551915228366852e-11,"{'CDR': 0.16699416514607174, 'PKO': 0.13129812975174315, 'PKN': 0.13077264777232378, 'PZU': 0.11921983739004678, 'KGH': 0.07891692820157131, 'PEO': 0.06468104245827594, 'DNP': 0.06079225314871695, 'LPP': 0.058802769468161015, 'CPS': 0.049103619034471385, 'SPL': 0.035840765600524585, 'OPL': 0.03003819764134296, 'PGE': 0.02417217105329077, 'MBK': 0.017301939496093953, 'CCC': 0.009787101866685665, 'TPE': 0.008672679278976378, 'ALR': 0.008642619928458745, 'JSW': 0.004963132763244761}"
2020-08-03,81421.47665113986,-1.4551915228366852e-11,"{'CDR': 0.16699416514607174, 'PKO': 0.13129812975174315, 'PKN': 0.13077264777232378, 'PZU': 0.11921983739004678, 'KGH': 0.07891692820157131, 'PEO': 0.06468104245827594, 'DNP': 0.06079225314871695, 'LPP': 0.058802769468161015, 'CPS': 0.049103619034471385, 'SPL': 0.035840765600524585, 'OPL': 0.03003819764134296, 'PGE': 0.02417217105329077, 'MBK': 0.017301939496093953, 'CCC': 0.009787101866685665, 'TPE': 0.008672679278976378, 'ALR': 0.008642619928458745, 'JSW': 0.004963132763244761}"
2020-08-04,81931.17380060376,1.4551915228366852e-11,"{'CDR': 0.16699416514607174, 'PKO': 0.13129812975174315, 'PKN': 0.13077264777232378, 'PZU': 0.11921983739004678, 'KGH': 0.07891692820157131, 'PEO': 0.06468104245827594, 'DNP': 0.06079225314871695, 'LPP': 0.058802769468161015, 'CPS': 0.049103619034471385, 'SPL': 0.035840765600524585, 'OPL': 0.03003819764134296, 'PGE': 0.02417217105329077, 'MBK': 0.017301939496093953, 'CCC': 0.009787101866685665, 'TPE': 0.008672679278976378, 'ALR': 0.008642619928458745, 'JSW': 0.004963132763244761}"
2020-08-05,82606.44059339729,2.9103830456733704e-11,"{'CDR': 0.16699416514607174, 'PKO': 0.13129812975174315, 'PKN': 0.13077264777232378, 'PZU': 0.11921983739004678, 'KGH': 0.07891692820157131, 'PEO': 0.06468104245827594, 'DNP': 0.06079225314871695, 'LPP': 0.058802769468161015, 'CPS': 0.049103619034471385, 'SPL': 0.035840765600524585, 'OPL': 0.03003819764134296, 'PGE': 0.02417217105329077, 'MBK': 0.017301939496093953, 'CCC': 0.009787101866685665, 'TPE': 0.008672679278976378, 'ALR': 0.008642619928458745, 'JSW': 0.004963132763244761}"
2020-08-06,81839.72472901054,2.9103830456733704e-11,"{'CDR': 0.16699416514607174, 'PKO': 0.13129812975174315, 'PKN': 0.13077264777232378, 'PZU': 0.11921983739004678, 'KGH': 0.07891692820157131, 'PEO': 0.06468104245827594, 'DNP': 0.06079225314871695, 'LPP': 0.058802769468161015, 'CPS': 0.049103619034471385, 'SPL': 0.035840765600524585, 'OPL': 0.03003819764134296, 'PGE': 0.02417217105329077, 'MBK': 0.017301939496093953, 'CCC': 0.009787101866685665, 'TPE': 0.008672679278976378, 'ALR': 0.008642619928458745, 'JSW': 0.004963132763244761}"
2020-08-07,81994.58458213256,2.9103830456733704e-11,"{'CDR': 0.16699416514607174, 'PKO': 0.13129812975174315, 'PKN': 0.13077264777232378, 'PZU': 0.11921983739004678, 'KGH': 0.07891692820157131, 'PEO': 0.06468104245827594, 'DNP': 0.06079225314871695, 'LPP': 0.058802769468161015, 'CPS': 0.049103619034471385, 'SPL': 0.035840765600524585, 'OPL': 0.03003819764134296, 'PGE': 0.02417217105329077, 'MBK': 0.017301939496093953, 'CCC': 0.009787101866685665, 'TPE': 0.008672679278976378, 'ALR': 0.008642619928458745, 'JSW': 0.004963132763244761}"
2020-08-10,82314.91454467994,1.4551915228366852e-11,"{'CDR': 0.16699416514607174, 'PKO': 0.13129812975174315, 'PKN': 0.13077264777232378, 'PZU': 0.11921983739004678, 'KGH': 0.07891692820157131, 'PEO': 0.06468104245827594, 'DNP': 0.06079225314871695, 'LPP': 0.058802769468161015, 'CPS': 0.049103619034471385, 'SPL': 0.035840765600524585, 'OPL': 0.03003819764134296, 'PGE': 0.02417217105329077, 'MBK': 0.017301939496093953, 'CCC': 0.009787101866685665, 'TPE': 0.008672679278976378, 'ALR': 0.008642619928458745, 'JSW': 0.004963132763244761}"
2020-08-11,83814.52849904381,2.9103830456733704e-11,"{'CDR': 0.16699416514607174, 'PKO': 0.13129812975174315, 'PKN': 0.13077264777232378, 'PZU': 0.11921983739004678, 'KGH': 0.07891692820157131, 'PEO': 0.06468104245827594, 'DNP': 0.06079225314871695, 'LPP': 0.058802769468161015, 'CPS': 0.049103619034471385, 'SPL': 0.035840765600524585, 'OPL': 0.03003819764134296, 'PGE': 0.02417217105329077, 'MBK': 0.017301939496093953, 'CCC': 0.009787101866685665, 'TPE': 0.008672679278976378, 'ALR': 0.008642619928458745, 'JSW': 0.004963132763244761}"
2020-08-12,84286.23574067204,1.4551915228366852e-11,"{'CDR': 0.16699416514607174, 'PKO': 0.13129812975174315, 'PKN': 0.13077264777232378, 'PZU': 0.11921983739004678, 'KGH': 0.07891692820157131, 'PEO': 0.06468104245827594, 'DNP': 0.06079225314871695, 'LPP': 0.058802769468161015, 'CPS': 0.049103619034471385, 'SPL': 0.035840765600524585, 'OPL': 0.03003819764134296, 'PGE': 0.02417217105329077, 'MBK': 0.017301939496093953, 'CCC': 0.009787101866685665, 'TPE': 0.008672679278976378, 'ALR': 0.008642619928458745, 'JSW': 0.004963132763244761}"
2020-08-13,84371.05730040115,1.4551915228366852e-11,"{'CDR': 0.16699416514607174, 'PKO': 0.13129812975174315, 'PKN': 0.13077264777232378, 'PZU': 0.11921983739004678, 'KGH': 0.07891692820157131, 'PEO': 0.06468104245827594, 'DNP': 0.06079225314871695, 'LPP': 0.058802769468161015, 'CPS': 0.049103619034471385, 'SPL': 0.035840765600524585, 'OPL': 0.03003819764134296, 'PGE': 0.02417217105329077, 'MBK': 0.017301939496093953, 'CCC': 0.009787101866685665, 'TPE': 0.008672679278976378, 'ALR': 0.008642619928458745, 'JSW': 0.004963132763244761}"
2020-08-14,84267.07026816941,0.0,"{'CDR': 0.16699416514607174, 'PKO': 0.13129812975174315, 'PKN': 0.13077264777232378, 'PZU': 0.11921983739004678, 'KGH': 0.07891692820157131, 'PEO': 0.06468104245827594, 'DNP': 0.06079225314871695, 'LPP': 0.058802769468161015, 'CPS': 0.049103619034471385, 'SPL': 0.035840765600524585, 'OPL': 0.03003819764134296, 'PGE': 0.02417217105329077, 'MBK': 0.017301939496093953, 'CCC': 0.009787101866685665, 'TPE': 0.008672679278976378, 'ALR': 0.008642619928458745, 'JSW': 0.004963132763244761}"
2020-08-17,84559.83891966163,2.9103830456733704e-11,"{'CDR': 0.16699416514607174, 'PKO': 0.13129812975174315, 'PKN': 0.13077264777232378, 'PZU': 0.11921983739004678, 'KGH': 0.07891692820157131, 'PEO': 0.06468104245827594, 'DNP': 0.06079225314871695, 'LPP': 0.058802769468161015, 'CPS': 0.049103619034471385, 'SPL': 0.035840765600524585, 'OPL': 0.03003819764134296, 'PGE': 0.02417217105329077, 'MBK': 0.017301939496093953, 'CCC': 0.009787101866685665, 'TPE': 0.008672679278976378, 'ALR': 0.008642619928458745, 'JSW': 0.004963132763244761}"
2020-08-18,83392.40314891654,0.0,"{'CDR': 0.16699416514607174, 'PKO': 0.13129812975174315, 'PKN': 0.13077264777232378, 'PZU': 0.11921983739004678, 'KGH': 0.07891692820157131, 'PEO': 0.06468104245827594, 'DNP': 0.06079225314871695, 'LPP': 0.058802769468161015, 'CPS': 0.049103619034471385, 'SPL': 0.035840765600524585, 'OPL': 0.03003819764134296, 'PGE': 0.02417217105329077, 'MBK': 0.017301939496093953, 'CCC': 0.009787101866685665, 'TPE': 0.008672679278976378, 'ALR': 0.008642619928458745, 'JSW': 0.004963132763244761}"
2020-08-19,83037.94811889948,1.4551915228366852e-11,"{'CDR': 0.16699416514607174, 'PKO': 0.13129812975174315, 'PKN': 0.13077264777232378, 'PZU': 0.11921983739004678, 'KGH': 0.07891692820157131, 'PEO': 0.06468104245827594, 'DNP': 0.06079225314871695, 'LPP': 0.058802769468161015, 'CPS': 0.049103619034471385, 'SPL': 0.035840765600524585, 'OPL': 0.03003819764134296, 'PGE': 0.02417217105329077, 'MBK': 0.017301939496093953, 'CCC': 0.009787101866685665, 'TPE': 0.008672679278976378, 'ALR': 0.008642619928458745, 'JSW': 0.004963132763244761}"
2020-08-20,82286.10049799217,0.0,"{'CDR': 0.16699416514607174, 'PKO': 0.13129812975174315, 'PKN': 0.13077264777232378, 'PZU': 0.11921983739004678, 'KGH': 0.07891692820157131, 'PEO': 0.06468104245827594, 'DNP': 0.06079225314871695, 'LPP': 0.058802769468161015, 'CPS': 0.049103619034471385, 'SPL': 0.035840765600524585, 'OPL': 0.03003819764134296, 'PGE': 0.02417217105329077, 'MBK': 0.017301939496093953, 'CCC': 0.009787101866685665, 'TPE': 0.008672679278976378, 'ALR': 0.008642619928458745, 'JSW': 0.004963132763244761}"
2020-08-21,82622.56524809702,1.4551915228366852e-11,"{'CDR': 0.16699416514607174, 'PKO': 0.13129812975174315, 'PKN': 0.13077264777232378, 'PZU': 0.11921983739004678, 'KGH': 0.07891692820157131, 'PEO': 0.06468104245827594, 'DNP': 0.06079225314871695, 'LPP': 0.058802769468161015, 'CPS': 0.049103619034471385, 'SPL': 0.035840765600524585, 'OPL': 0.03003819764134296, 'PGE': 0.02417217105329077, 'MBK': 0.017301939496093953, 'CCC': 0.009787101866685665, 'TPE': 0.008672679278976378, 'ALR': 0.008642619928458745, 'JSW': 0.004963132763244761}"
2020-08-24,83495.11134913494,1.4551915228366852e-11,"{'CDR': 0.16699416514607174, 'PKO': 0.13129812975174315, 'PKN': 0.13077264777232378, 'PZU': 0.11921983739004678, 'KGH': 0.07891692820157131, 'PEO': 0.06468104245827594, 'DNP': 0.06079225314871695, 'LPP': 0.058802769468161015, 'CPS': 0.049103619034471385, 'SPL': 0.035840765600524585, 'OPL': 0.03003819764134296, 'PGE': 0.02417217105329077, 'MBK': 0.017301939496093953, 'CCC': 0.009787101866685665, 'TPE': 0.008672679278976378, 'ALR': 0.008642619928458745, 'JSW': 0.004963132763244761}"
2020-08-25,82561.58059706223,1.4551915228366852e-11,"{'CDR': 0.16699416514607174, 'PKO': 0.13129812975174315, 'PKN': 0.13077264777232378, 'PZU': 0.11921983739004678, 'KGH': 0.07891692820157131, 'PEO': 0.06468104245827594, 'DNP': 0.06079225314871695, 'LPP': 0.058802769468161015, 'CPS': 0.049103619034471385, 'SPL': 0.035840765600524585, 'OPL': 0.03003819764134296, 'PGE': 0.02417217105329077, 'MBK': 0.017301939496093953, 'CCC': 0.009787101866685665, 'TPE': 0.008672679278976378, 'ALR': 0.008642619928458745, 'JSW': 0.004963132763244761}"
2020-08-26,83928.07176437453,1.4551915228366852e-11,"{'CDR': 0.16699416514607174, 'PKO': 0.13129812975174315, 'PKN': 0.13077264777232378, 'PZU': 0.11921983739004678, 'KGH': 0.07891692820157131, 'PEO': 0.06468104245827594, 'DNP': 0.06079225314871695, 'LPP': 0.058802769468161015, 'CPS': 0.049103619034471385, 'SPL': 0.035840765600524585, 'OPL': 0.03003819764134296, 'PGE': 0.02417217105329077, 'MBK': 0.017301939496093953, 'CCC': 0.009787101866685665, 'TPE': 0.008672679278976378, 'ALR': 0.008642619928458745, 'JSW': 0.004963132763244761}"
2020-08-27,84017.28258538933,0.0,"{'CDR': 0.16699416514607174, 'PKO': 0.13129812975174315, 'PKN': 0.13077264777232378, 'PZU': 0.11921983739004678, 'KGH': 0.07891692820157131, 'PEO': 0.06468104245827594, 'DNP': 0.06079225314871695, 'LPP': 0.058802769468161015, 'CPS': 0.049103619034471385, 'SPL': 0.035840765600524585, 'OPL': 0.03003819764134296, 'PGE': 0.02417217105329077, 'MBK': 0.017301939496093953, 'CCC': 0.009787101866685665, 'TPE': 0.008672679278976378, 'ALR': 0.008642619928458745, 'JSW': 0.004963132763244761}"
2020-08-28,83165.85645013355,0.0,"{'CDR': 0.16699416514607174, 'PKO': 0.13129812975174315, 'PKN': 0.13077264777232378, 'PZU': 0.11921983739004678, 'KGH': 0.07891692820157131, 'PEO': 0.06468104245827594, 'DNP': 0.06079225314871695, 'LPP': 0.058802769468161015, 'CPS': 0.049103619034471385, 'SPL': 0.035840765600524585, 'OPL': 0.03003819764134296, 'PGE': 0.02417217105329077, 'MBK': 0.017301939496093953, 'CCC': 0.009787101866685665, 'TPE': 0.008672679278976378, 'ALR': 0.008642619928458745, 'JSW': 0.004963132763244761}"
2020-08-31,81812.70213323655,0.0,"{'CDR': 0.16699416514607174, 'PKO': 0.13129812975174315, 'PKN': 0.13077264777232378, 'PZU': 0.11921983739004678, 'KGH': 0.07891692820157131, 'PEO': 0.06468104245827594, 'DNP': 0.06079225314871695, 'LPP': 0.058802769468161015, 'CPS': 0.049103619034471385, 'SPL': 0.035840765600524585, 'OPL': 0.03003819764134296, 'PGE': 0.02417217105329077, 'MBK': 0.017301939496093953, 'CCC': 0.009787101866685665, 'TPE': 0.008672679278976378, 'ALR': 0.008642619928458745, 'JSW': 0.004963132763244761}"
2020-09-01,80578.29358643857,1.4551915228366852e-11,"{'CDR': 0.16699416514607174, 'PKO': 0.13129812975174315, 'PKN': 0.13077264777232378, 'PZU': 0.11921983739004678, 'KGH': 0.07891692820157131, 'PEO': 0.06468104245827594, 'DNP': 0.06079225314871695, 'LPP': 0.058802769468161015, 'CPS': 0.049103619034471385, 'SPL': 0.035840765600524585, 'OPL': 0.03003819764134296, 'PGE': 0.02417217105329077, 'MBK': 0.017301939496093953, 'CCC': 0.009787101866685665, 'TPE': 0.008672679278976378, 'ALR': 0.008642619928458745, 'JSW': 0.004963132763244761}"
2020-09-02,81080.99165542582,0.0,"{'CDR': 0.16699416514607174, 'PKO': 0.13129812975174315, 'PKN': 0.13077264777232378, 'PZU': 0.11921983739004678, 'KGH': 0.07891692820157131, 'PEO': 0.06468104245827594, 'DNP': 0.06079225314871695, 'LPP': 0.058802769468161015, 'CPS': 0.049103619034471385, 'SPL': 0.035840765600524585, 'OPL': 0.03003819764134296, 'PGE': 0.02417217105329077, 'MBK': 0.017301939496093953, 'CCC': 0.009787101866685665, 'TPE': 0.008672679278976378, 'ALR': 0.008642619928458745, 'JSW': 0.004963132763244761}"
2020-09-03,80532.36442543735,1.4551915228366852e-11,"{'CDR': 0.16699416514607174, 'PKO': 0.13129812975174315, 'PKN': 0.13077264777232378, 'PZU': 0.11921983739004678, 'KGH': 0.07891692820157131, 'PEO': 0.06468104245827594, 'DNP': 0.06079225314871695, 'LPP': 0.058802769468161015, 'CPS': 0.049103619034471385, 'SPL': 0.035840765600524585, 'OPL': 0.03003819764134296, 'PGE': 0.02417217105329077, 'MBK': 0.017301939496093953, 'CCC': 0.009787101866685665, 'TPE': 0.008672679278976378, 'ALR': 0.008642619928458745, 'JSW': 0.004963132763244761}"
2020-09-04,79956.77872568942,0.0,"{'CDR': 0.16699416514607174, 'PKO': 0.13129812975174315, 'PKN': 0.13077264777232378, 'PZU': 0.11921983739004678, 'KGH': 0.07891692820157131, 'PEO': 0.06468104245827594, 'DNP': 0.06079225314871695, 'LPP': 0.058802769468161015, 'CPS': 0.049103619034471385, 'SPL': 0.035840765600524585, 'OPL': 0.03003819764134296, 'PGE': 0.02417217105329077, 'MBK': 0.017301939496093953, 'CCC': 0.009787101866685665, 'TPE': 0.008672679278976378, 'ALR': 0.008642619928458745, 'JSW': 0.004963132763244761}"
2020-09-07,80544.90628927013,1.4551915228366852e-11,"{'CDR': 0.16699416514607174, 'PKO': 0.13129812975174315, 'PKN': 0.13077264777232378, 'PZU': 0.11921983739004678, 'KGH': 0.07891692820157131, 'PEO': 0.06468104245827594, 'DNP': 0.06079225314871695, 'LPP': 0.058802769468161015, 'CPS': 0.049103619034471385, 'SPL': 0.035840765600524585, 'OPL': 0.03003819764134296, 'PGE': 0.02417217105329077, 'MBK': 0.017301939496093953, 'CCC': 0.009787101866685665, 'TPE': 0.008672679278976378, 'ALR': 0.008642619928458745, 'JSW': 0.004963132763244761}"
2020-09-08,78859.08667867565,0.0,"{'CDR': 0.16699416514607174, 'PKO': 0.13129812975174315, 'PKN': 0.13077264777232378, 'PZU': 0.11921983739004678, 'KGH': 0.07891692820157131, 'PEO': 0.06468104245827594, 'DNP': 0.06079225314871695, 'LPP': 0.058802769468161015, 'CPS': 0.049103619034471385, 'SPL': 0.035840765600524585, 'OPL': 0.03003819764134296, 'PGE': 0.02417217105329077, 'MBK': 0.017301939496093953, 'CCC': 0.009787101866685665, 'TPE': 0.008672679278976378, 'ALR': 0.008642619928458745, 'JSW': 0.004963132763244761}"
2020-09-09,80652.74816235609,2.9103830456733704e-11,"{'CDR': 0.16699416514607174, 'PKO': 0.13129812975174315, 'PKN': 0.13077264777232378, 'PZU': 0.11921983739004678, 'KGH': 0.07891692820157131, 'PEO': 0.06468104245827594, 'DNP': 0.06079225314871695, 'LPP': 0.058802769468161015, 'CPS': 0.049103619034471385, 'SPL': 0.035840765600524585, 'OPL': 0.03003819764134296, 'PGE': 0.02417217105329077, 'MBK': 0.017301939496093953, 'CCC': 0.009787101866685665, 'TPE': 0.008672679278976378, 'ALR': 0.008642619928458745, 'JSW': 0.004963132763244761}"
2020-09-10,80377.6774597618,1.4551915228366852e-11,"{'CDR': 0.16699416514607174, 'PKO': 0.13129812975174315, 'PKN': 0.13077264777232378, 'PZU': 0.11921983739004678, 'KGH': 0.07891692820157131, 'PEO': 0.06468104245827594, 'DNP': 0.06079225314871695, 'LPP': 0.058802769468161015, 'CPS': 0.049103619034471385, 'SPL': 0.035840765600524585, 'OPL': 0.03003819764134296, 'PGE': 0.02417217105329077, 'MBK': 0.017301939496093953, 'CCC': 0.009787101866685665, 'TPE': 0.008672679278976378, 'ALR': 0.008642619928458745, 'JSW': 0.004963132763244761}"
2020-09-11,80832.83743722587,0.0,"{'CDR': 0.16699416514607174, 'PKO': 0.13129812975174315, 'PKN': 0.13077264777232378, 'PZU': 0.11921983739004678, 'KGH': 0.07891692820157131, 'PEO': 0.06468104245827594, 'DNP': 0.06079225314871695, 'LPP': 0.058802769468161015, 'CPS': 0.049103619034471385, 'SPL': 0.035840765600524585, 'OPL': 0.03003819764134296, 'PGE': 0.02417217105329077, 'MBK': 0.017301939496093953, 'CCC': 0.009787101866685665, 'TPE': 0.008672679278976378, 'ALR': 0.008642619928458745, 'JSW': 0.004963132763244761}"
2020-09-14,80184.15021522887,0.0,"{'CDR': 0.16699416514607174, 'PKO': 0.13129812975174315, 'PKN': 0.13077264777232378, 'PZU': 0.11921983739004678, 'KGH': 0.07891692820157131, 'PEO': 0.06468104245827594, 'DNP': 0.06079225314871695, 'LPP': 0.058802769468161015, 'CPS': 0.049103619034471385, 'SPL': 0.035840765600524585, 'OPL': 0.03003819764134296, 'PGE': 0.02417217105329077, 'MBK': 0.017301939496093953, 'CCC': 0.009787101866685665, 'TPE': 0.008672679278976378, 'ALR': 0.008642619928458745, 'JSW': 0.004963132763244761}"
2020-09-15,79611.84160523987,-1.4551915228366852e-11,"{'CDR': 0.16699416514607174, 'PKO': 0.13129812975174315, 'PKN': 0.13077264777232378, 'PZU': 0.11921983739004678, 'KGH': 0.07891692820157131, 'PEO': 0.06468104245827594, 'DNP': 0.06079225314871695, 'LPP': 0.058802769468161015, 'CPS': 0.049103619034471385, 'SPL': 0.035840765600524585, 'OPL': 0.03003819764134296, 'PGE': 0.02417217105329077, 'MBK': 0.017301939496093953, 'CCC': 0.009787101866685665, 'TPE': 0.008672679278976378, 'ALR': 0.008642619928458745, 'JSW': 0.004963132763244761}"
2020-09-16,79228.25531960171,0.0,"{'CDR': 0.16699416514607174, 'PKO': 0.13129812975174315, 'PKN': 0.13077264777232378, 'PZU': 0.11921983739004678, 'KGH': 0.07891692820157131, 'PEO': 0.06468104245827594, 'DNP': 0.06079225314871695, 'LPP': 0.058802769468161015, 'CPS': 0.049103619034471385, 'SPL': 0.035840765600524585, 'OPL': 0.03003819764134296, 'PGE': 0.02417217105329077, 'MBK': 0.017301939496093953, 'CCC': 0.009787101866685665, 'TPE': 0.008672679278976378, 'ALR': 0.008642619928458745, 'JSW': 0.004963132763244761}"
2020-09-17,79954.89607191099,0.0,"{'CDR': 0.16699416514607174, 'PKO': 0.13129812975174315, 'PKN': 0.13077264777232378, 'PZU': 0.11921983739004678, 'KGH': 0.07891692820157131, 'PEO': 0.06468104245827594, 'DNP': 0.06079225314871695, 'LPP': 0.058802769468161015, 'CPS': 0.049103619034471385, 'SPL': 0.035840765600524585, 'OPL': 0.03003819764134296, 'PGE': 0.02417217105329077, 'MBK': 0.017301939496093953, 'CCC': 0.009787101866685665, 'TPE': 0.008672679278976378, 'ALR': 0.008642619928458745, 'JSW': 0.004963132763244761}"
2020-09-18,79143.37187328446,1.4551915228366852e-11,"{'CDR': 0.1661157125470249, 'PKO': 0.12020323839203349, 'KGH': 0.11579892777129923, 'PZU': 0.10160590667114074, 'PKN': 0.09719716626854003, 'DNP': 0.07245461965339173, 'LPP': 0.06001025494502087, 'PEO': 0.05940005249291511, 'CPS': 0.05011079991893499, 'PGE': 0.034059485325793844, 'SPL': 0.03281250173038354, 'OPL': 0.030956423128334104, 'TPE': 0.016692525518312167, 'MBK': 0.01586083397288309, 'CCC': 0.0137146046585801, 'ALR': 0.007892763840576581, 'JSW': 0.005114183164835506}"
2020-09-21,76025.08263477677,0.0,"{'CDR': 0.1661157125470249, 'PKO': 0.12020323839203349, 'KGH': 0.11579892777129923, 'PZU': 0.10160590667114074, 'PKN': 0.09719716626854003, 'DNP': 0.07245461965339173, 'LPP': 0.06001025494502087, 'PEO': 0.05940005249291511, 'CPS': 0.05011079991893499, 'PGE': 0.034059485325793844, 'SPL': 0.03281250173038354, 'OPL': 0.030956423128334104, 'TPE': 0.016692525518312167, 'MBK': 0.01586083397288309, 'CCC': 0.0137146046585801, 'ALR': 0.007892763840576581, 'JSW': 0.005114183164835506}"
2020-09-22,76481.70144341594,1.4551915228366852e-11,"{'CDR': 0.1661157125470249, 'PKO': 0.12020323839203349, 'KGH': 0.11579892777129923, 'PZU': 0.10160590667114074, 'PKN': 0.09719716626854003, 'DNP': 0.07245461965339173, 'LPP': 0.06001025494502087, 'PEO': 0.05940005249291511, 'CPS': 0.05011079991893499, 'PGE': 0.034059485325793844, 'SPL': 0.03281250173038354, 'OPL': 0.030956423128334104, 'TPE': 0.016692525518312167, 'MBK': 0.01586083397288309, 'CCC': 0.0137146046585801, 'ALR': 0.007892763840576581, 'JSW': 0.005114183164835506}"
2020-09-23,75941.749603734,-1.4551915228366852e-11,"{'CDR': 0.1661157125470249, 'PKO': 0.12020323839203349, 'KGH': 0.11579892777129923, 'PZU': 0.10160590667114074, 'PKN': 0.09719716626854003, 'DNP': 0.07245461965339173, 'LPP': 0.06001025494502087, 'PEO': 0.05940005249291511, 'CPS': 0.05011079991893499, 'PGE': 0.034059485325793844, 'SPL': 0.03281250173038354, 'OPL': 0.030956423128334104, 'TPE': 0.016692525518312167, 'MBK': 0.01586083397288309, 'CCC': 0.0137146046585801, 'ALR': 0.007892763840576581, 'JSW': 0.005114183164835506}"
2020-09-24,74891.03510961767,1.4551915228366852e-11,"{'CDR': 0.1661157125470249, 'PKO': 0.12020323839203349, 'KGH': 0.11579892777129923, 'PZU': 0.10160590667114074, 'PKN': 0.09719716626854003, 'DNP': 0.07245461965339173, 'LPP': 0.06001025494502087, 'PEO': 0.05940005249291511, 'CPS': 0.05011079991893499, 'PGE': 0.034059485325793844, 'SPL': 0.03281250173038354, 'OPL': 0.030956423128334104, 'TPE': 0.016692525518312167, 'MBK': 0.01586083397288309, 'CCC': 0.0137146046585801, 'ALR': 0.007892763840576581, 'JSW': 0.005114183164835506}"
2020-09-25,75527.82001165813,0.0,"{'CDR': 0.1661157125470249, 'PKO': 0.12020323839203349, 'KGH': 0.11579892777129923, 'PZU': 0.10160590667114074, 'PKN': 0.09719716626854003, 'DNP': 0.07245461965339173, 'LPP': 0.06001025494502087, 'PEO': 0.05940005249291511, 'CPS': 0.05011079991893499, 'PGE': 0.034059485325793844, 'SPL': 0.03281250173038354, 'OPL': 0.030956423128334104, 'TPE': 0.016692525518312167, 'MBK': 0.01586083397288309, 'CCC': 0.0137146046585801, 'ALR': 0.007892763840576581, 'JSW': 0.005114183164835506}"
2020-09-28,78567.83175326021,0.0,"{'CDR': 0.1661157125470249, 'PKO': 0.12020323839203349, 'KGH': 0.11579892777129923, 'PZU': 0.10160590667114074, 'PKN': 0.09719716626854003, 'DNP': 0.07245461965339173, 'LPP': 0.06001025494502087, 'PEO': 0.05940005249291511, 'CPS': 0.05011079991893499, 'PGE': 0.034059485325793844, 'SPL': 0.03281250173038354, 'OPL': 0.030956423128334104, 'TPE': 0.016692525518312167, 'MBK': 0.01586083397288309, 'CCC': 0.0137146046585801, 'ALR': 0.007892763840576581, 'JSW': 0.005114183164835506}"
2020-09-29,77540.56844236965,-1.4551915228366852e-11,"{'CDR': 0.1661157125470249, 'PKO': 0.12020323839203349, 'KGH': 0.11579892777129923, 'PZU': 0.10160590667114074, 'PKN': 0.09719716626854003, 'DNP': 0.07245461965339173, 'LPP': 0.06001025494502087, 'PEO': 0.05940005249291511, 'CPS': 0.05011079991893499, 'PGE': 0.034059485325793844, 'SPL': 0.03281250173038354, 'OPL': 0.030956423128334104, 'TPE': 0.016692525518312167, 'MBK': 0.01586083397288309, 'CCC': 0.0137146046585801, 'ALR': 0.007892763840576581, 'JSW': 0.005114183164835506}"
2020-09-30,77311.5604109729,0.0,"{'CDR': 0.1661157125470249, 'PKO': 0.12020323839203349, 'KGH': 0.11579892777129923, 'PZU': 0.10160590667114074, 'PKN': 0.09719716626854003, 'DNP': 0.07245461965339173, 'LPP': 0.06001025494502087, 'PEO': 0.05940005249291511, 'CPS': 0.05011079991893499, 'PGE': 0.034059485325793844, 'SPL': 0.03281250173038354, 'OPL': 0.030956423128334104, 'TPE': 0.016692525518312167, 'MBK': 0.01586083397288309, 'CCC': 0.0137146046585801, 'ALR': 0.007892763840576581, 'JSW': 0.005114183164835506}"
2020-10-01,76508.35732043885,-1.4551915228366852e-11,"{'CDR': 0.1661157125470249, 'PKO': 0.12020323839203349, 'KGH': 0.11579892777129923, 'PZU': 0.10160590667114074, 'PKN': 0.09719716626854003, 'DNP': 0.07245461965339173, 'LPP': 0.06001025494502087, 'PEO': 0.05940005249291511, 'CPS': 0.05011079991893499, 'PGE': 0.034059485325793844, 'SPL': 0.03281250173038354, 'OPL': 0.030956423128334104, 'TPE': 0.016692525518312167, 'MBK': 0.01586083397288309, 'CCC': 0.0137146046585801, 'ALR': 0.007892763840576581, 'JSW': 0.005114183164835506}"
2020-10-02,76781.47987106249,0.0,"{'CDR': 0.1661157125470249, 'PKO': 0.12020323839203349, 'KGH': 0.11579892777129923, 'PZU': 0.10160590667114074, 'PKN': 0.09719716626854003, 'DNP': 0.07245461965339173, 'LPP': 0.06001025494502087, 'PEO': 0.05940005249291511, 'CPS': 0.05011079991893499, 'PGE': 0.034059485325793844, 'SPL': 0.03281250173038354, 'OPL': 0.030956423128334104, 'TPE': 0.016692525518312167, 'MBK': 0.01586083397288309, 'CCC': 0.0137146046585801, 'ALR': 0.007892763840576581, 'JSW': 0.005114183164835506}"
2020-10-05,78316.06812993294,-2.9103830456733704e-11,"{'CDR': 0.1661157125470249, 'PKO': 0.12020323839203349, 'KGH': 0.11579892777129923, 'PZU': 0.10160590667114074, 'PKN': 0.09719716626854003, 'DNP': 0.07245461965339173, 'LPP': 0.06001025494502087, 'PEO': 0.05940005249291511, 'CPS': 0.05011079991893499, 'PGE': 0.034059485325793844, 'SPL': 0.03281250173038354, 'OPL': 0.030956423128334104, 'TPE': 0.016692525518312167, 'MBK': 0.01586083397288309, 'CCC': 0.0137146046585801, 'ALR': 0.007892763840576581, 'JSW': 0.005114183164835506}"
2020-10-06,78487.86031584431,-1.4551915228366852e-11,"{'CDR': 0.1661157125470249, 'PKO': 0.12020323839203349, 'KGH': 0.11579892777129923, 'PZU': 0.10160590667114074, 'PKN': 0.09719716626854003, 'DNP': 0.07245461965339173, 'LPP': 0.06001025494502087, 'PEO': 0.05940005249291511, 'CPS': 0.05011079991893499, 'PGE': 0.034059485325793844, 'SPL': 0.03281250173038354, 'OPL': 0.030956423128334104, 'TPE': 0.016692525518312167, 'MBK': 0.01586083397288309, 'CCC': 0.0137146046585801, 'ALR': 0.007892763840576581, 'JSW': 0.005114183164835506}"
2020-10-07,78483.35422718899,-1.4551915228366852e-11,"{'CDR': 0.1661157125470249, 'PKO': 0.12020323839203349, 'KGH': 0.11579892777129923, 'PZU': 0.10160590667114074, 'PKN': 0.09719716626854003, 'DNP': 0.07245461965339173, 'LPP': 0.06001025494502087, 'PEO': 0.05940005249291511, 'CPS': 0.05011079991893499, 'PGE': 0.034059485325793844, 'SPL': 0.03281250173038354, 'OPL': 0.030956423128334104, 'TPE': 0.016692525518312167, 'MBK': 0.01586083397288309, 'CCC': 0.0137146046585801, 'ALR': 0.007892763840576581, 'JSW': 0.005114183164835506}"
2020-10-08,77694.74228209395,0.0,"{'CDR': 0.1661157125470249, 'PKO': 0.12020323839203349, 'KGH': 0.11579892777129923, 'PZU': 0.10160590667114074, 'PKN': 0.09719716626854003, 'DNP': 0.07245461965339173, 'LPP': 0.06001025494502087, 'PEO': 0.05940005249291511, 'CPS': 0.05011079991893499, 'PGE': 0.034059485325793844, 'SPL': 0.03281250173038354, 'OPL': 0.030956423128334104, 'TPE': 0.016692525518312167, 'MBK': 0.01586083397288309, 'CCC': 0.0137146046585801, 'ALR': 0.007892763840576581, 'JSW': 0.005114183164835506}"
2020-10-09,76764.18758846073,0.0,"{'CDR': 0.1661157125470249, 'PKO': 0.12020323839203349, 'KGH': 0.11579892777129923, 'PZU': 0.10160590667114074, 'PKN': 0.09719716626854003, 'DNP': 0.07245461965339173, 'LPP': 0.06001025494502087, 'PEO': 0.05940005249291511, 'CPS': 0.05011079991893499, 'PGE': 0.034059485325793844, 'SPL': 0.03281250173038354, 'OPL': 0.030956423128334104, 'TPE': 0.016692525518312167, 'MBK': 0.01586083397288309, 'CCC': 0.0137146046585801, 'ALR': 0.007892763840576581, 'JSW': 0.005114183164835506}"
2020-10-12,76178.0284908995,2.9103830456733704e-11,"{'CDR': 0.1661157125470249, 'PKO': 0.12020323839203349, 'KGH': 0.11579892777129923, 'PZU': 0.10160590667114074, 'PKN': 0.09719716626854003, 'DNP': 0.07245461965339173, 'LPP': 0.06001025494502087, 'PEO': 0.05940005249291511, 'CPS': 0.05011079991893499, 'PGE': 0.034059485325793844, 'SPL': 0.03281250173038354, 'OPL': 0.030956423128334104, 'TPE': 0.016692525518312167, 'MBK': 0.01586083397288309, 'CCC': 0.0137146046585801, 'ALR': 0.007892763840576581, 'JSW': 0.005114183164835506}"
2020-10-13,75220.47673605176,0.0,"{'CDR': 0.1661157125470249, 'PKO': 0.12020323839203349, 'KGH': 0.11579892777129923, 'PZU': 0.10160590667114074, 'PKN': 0.09719716626854003, 'DNP': 0.07245461965339173, 'LPP': 0.06001025494502087, 'PEO': 0.05940005249291511, 'CPS': 0.05011079991893499, 'PGE': 0.034059485325793844, 'SPL': 0.03281250173038354, 'OPL': 0.030956423128334104, 'TPE': 0.016692525518312167, 'MBK': 0.01586083397288309, 'CCC': 0.0137146046585801, 'ALR': 0.007892763840576581, 'JSW': 0.005114183164835506}"
2020-10-14,75864.48888086584,1.4551915228366852e-11,"{'CDR': 0.1661157125470249, 'PKO': 0.12020323839203349, 'KGH': 0.11579892777129923, 'PZU': 0.10160590667114074, 'PKN': 0.09719716626854003, 'DNP': 0.07245461965339173, 'LPP': 0.06001025494502087, 'PEO': 0.05940005249291511, 'CPS': 0.05011079991893499, 'PGE': 0.034059485325793844, 'SPL': 0.03281250173038354, 'OPL': 0.030956423128334104, 'TPE': 0.016692525518312167, 'MBK': 0.01586083397288309, 'CCC': 0.0137146046585801, 'ALR': 0.007892763840576581, 'JSW': 0.005114183164835506}"
2020-10-15,73164.98211389428,1.4551915228366852e-11,"{'CDR': 0.1661157125470249, 'PKO': 0.12020323839203349, 'KGH': 0.11579892777129923, 'PZU': 0.10160590667114074, 'PKN': 0.09719716626854003, 'DNP': 0.07245461965339173, 'LPP': 0.06001025494502087, 'PEO': 0.05940005249291511, 'CPS': 0.05011079991893499, 'PGE': 0.034059485325793844, 'SPL': 0.03281250173038354, 'OPL': 0.030956423128334104, 'TPE': 0.016692525518312167, 'MBK': 0.01586083397288309, 'CCC': 0.0137146046585801, 'ALR': 0.007892763840576581, 'JSW': 0.005114183164835506}"
2020-10-16,74284.20045990669,2.9103830456733704e-11,"{'CDR': 0.1661157125470249, 'PKO': 0.12020323839203349, 'KGH': 0.11579892777129923, 'PZU': 0.10160590667114074, 'PKN': 0.09719716626854003, 'DNP': 0.07245461965339173, 'LPP': 0.06001025494502087, 'PEO': 0.05940005249291511, 'CPS': 0.05011079991893499, 'PGE': 0.034059485325793844, 'SPL': 0.03281250173038354, 'OPL': 0.030956423128334104, 'TPE': 0.016692525518312167, 'MBK': 0.01586083397288309, 'CCC': 0.0137146046585801, 'ALR': 0.007892763840576581, 'JSW': 0.005114183164835506}"
2020-10-19,73706.95826374865,-1.4551915228366852e-11,"{'CDR': 0.1661157125470249, 'PKO': 0.12020323839203349, 'KGH': 0.11579892777129923, 'PZU': 0.10160590667114074, 'PKN': 0.09719716626854003, 'DNP': 0.07245461965339173, 'LPP': 0.06001025494502087, 'PEO': 0.05940005249291511, 'CPS': 0.05011079991893499, 'PGE': 0.034059485325793844, 'SPL': 0.03281250173038354, 'OPL': 0.030956423128334104, 'TPE': 0.016692525518312167, 'MBK': 0.01586083397288309, 'CCC': 0.0137146046585801, 'ALR': 0.007892763840576581, 'JSW': 0.005114183164835506}"
2020-10-20,73630.22223517206,-1.4551915228366852e-11,"{'CDR': 0.1661157125470249, 'PKO': 0.12020323839203349, 'KGH': 0.11579892777129923, 'PZU': 0.10160590667114074, 'PKN': 0.09719716626854003, 'DNP': 0.07245461965339173, 'LPP': 0.06001025494502087, 'PEO': 0.05940005249291511, 'CPS': 0.05011079991893499, 'PGE': 0.034059485325793844, 'SPL': 0.03281250173038354, 'OPL': 0.030956423128334104, 'TPE': 0.016692525518312167, 'MBK': 0.01586083397288309, 'CCC': 0.0137146046585801, 'ALR': 0.007892763840576581, 'JSW': 0.005114183164835506}"
2020-10-21,73007.51728465913,-2.9103830456733704e-11,"{'CDR': 0.1661157125470249, 'PKO': 0.12020323839203349, 'KGH': 0.11579892777129923, 'PZU': 0.10160590667114074, 'PKN': 0.09719716626854003, 'DNP': 0.07245461965339173, 'LPP': 0.06001025494502087, 'PEO': 0.05940005249291511, 'CPS': 0.05011079991893499, 'PGE': 0.034059485325793844, 'SPL': 0.03281250173038354, 'OPL': 0.030956423128334104, 'TPE': 0.016692525518312167, 'MBK': 0.01586083397288309, 'CCC': 0.0137146046585801, 'ALR': 0.007892763840576581, 'JSW': 0.005114183164835506}"
2020-10-22,72964.42770550445,1.4551915228366852e-11,"{'CDR': 0.1661157125470249, 'PKO': 0.12020323839203349, 'KGH': 0.11579892777129923, 'PZU': 0.10160590667114074, 'PKN': 0.09719716626854003, 'DNP': 0.07245461965339173, 'LPP': 0.06001025494502087, 'PEO': 0.05940005249291511, 'CPS': 0.05011079991893499, 'PGE': 0.034059485325793844, 'SPL': 0.03281250173038354, 'OPL': 0.030956423128334104, 'TPE': 0.016692525518312167, 'MBK': 0.01586083397288309, 'CCC': 0.0137146046585801, 'ALR': 0.007892763840576581, 'JSW': 0.005114183164835506}"
2020-10-23,72805.09822777148,0.0,"{'CDR': 0.1661157125470249, 'PKO': 0.12020323839203349, 'KGH': 0.11579892777129923, 'PZU': 0.10160590667114074, 'PKN': 0.09719716626854003, 'DNP': 0.07245461965339173, 'LPP': 0.06001025494502087, 'PEO': 0.05940005249291511, 'CPS': 0.05011079991893499, 'PGE': 0.034059485325793844, 'SPL': 0.03281250173038354, 'OPL': 0.030956423128334104, 'TPE': 0.016692525518312167, 'MBK': 0.01586083397288309, 'CCC': 0.0137146046585801, 'ALR': 0.007892763840576581, 'JSW': 0.005114183164835506}"
2020-10-26,71738.51182329946,0.0,"{'CDR': 0.1661157125470249, 'PKO': 0.12020323839203349, 'KGH': 0.11579892777129923, 'PZU': 0.10160590667114074, 'PKN': 0.09719716626854003, 'DNP': 0.07245461965339173, 'LPP': 0.06001025494502087, 'PEO': 0.05940005249291511, 'CPS': 0.05011079991893499, 'PGE': 0.034059485325793844, 'SPL': 0.03281250173038354, 'OPL': 0.030956423128334104, 'TPE': 0.016692525518312167, 'MBK': 0.01586083397288309, 'CCC': 0.0137146046585801, 'ALR': 0.007892763840576581, 'JSW': 0.005114183164835506}"
2020-10-27,71041.38405875878,1.4551915228366852e-11,"{'CDR': 0.1661157125470249, 'PKO': 0.12020323839203349, 'KGH': 0.11579892777129923, 'PZU': 0.10160590667114074, 'PKN': 0.09719716626854003, 'DNP': 0.07245461965339173, 'LPP': 0.06001025494502087, 'PEO': 0.05940005249291511, 'CPS': 0.05011079991893499, 'PGE': 0.034059485325793844, 'SPL': 0.03281250173038354, 'OPL': 0.030956423128334104, 'TPE': 0.016692525518312167, 'MBK': 0.01586083397288309, 'CCC': 0.0137146046585801, 'ALR': 0.007892763840576581, 'JSW': 0.005114183164835506}"
2020-10-28,67765.82668206151,0.0,"{'CDR': 0.1661157125470249, 'PKO': 0.12020323839203349, 'KGH': 0.11579892777129923, 'PZU': 0.10160590667114074, 'PKN': 0.09719716626854003, 'DNP': 0.07245461965339173, 'LPP': 0.06001025494502087, 'PEO': 0.05940005249291511, 'CPS': 0.05011079991893499, 'PGE': 0.034059485325793844, 'SPL': 0.03281250173038354, 'OPL': 0.030956423128334104, 'TPE': 0.016692525518312167, 'MBK': 0.01586083397288309, 'CCC': 0.0137146046585801, 'ALR': 0.007892763840576581, 'JSW': 0.005114183164835506}"
2020-10-29,67831.61504885583,1.4551915228366852e-11,"{'CDR': 0.1661157125470249, 'PKO': 0.12020323839203349, 'KGH': 0.11579892777129923, 'PZU': 0.10160590667114074, 'PKN': 0.09719716626854003, 'DNP': 0.07245461965339173, 'LPP': 0.06001025494502087, 'PEO': 0.05940005249291511, 'CPS': 0.05011079991893499, 'PGE': 0.034059485325793844, 'SPL': 0.03281250173038354, 'OPL': 0.030956423128334104, 'TPE': 0.016692525518312167, 'MBK': 0.01586083397288309, 'CCC': 0.0137146046585801, 'ALR': 0.007892763840576581, 'JSW': 0.005114183164835506}"
2020-10-30,67076.46566638908,0.0,"{'CDR': 0.1661157125470249, 'PKO': 0.12020323839203349, 'KGH': 0.11579892777129923, 'PZU': 0.10160590667114074, 'PKN': 0.09719716626854003, 'DNP': 0.07245461965339173, 'LPP': 0.06001025494502087, 'PEO': 0.05940005249291511, 'CPS': 0.05011079991893499, 'PGE': 0.034059485325793844, 'SPL': 0.03281250173038354, 'OPL': 0.030956423128334104, 'TPE': 0.016692525518312167, 'MBK': 0.01586083397288309, 'CCC': 0.0137146046585801, 'ALR': 0.007892763840576581, 'JSW': 0.005114183164835506}"
2020-11-02,68773.20318356481,0.0,"{'CDR': 0.1661157125470249, 'PKO': 0.12020323839203349, 'KGH': 0.11579892777129923, 'PZU': 0.10160590667114074, 'PKN': 0.09719716626854003, 'DNP': 0.07245461965339173, 'LPP': 0.06001025494502087, 'PEO': 0.05940005249291511, 'CPS': 0.05011079991893499, 'PGE': 0.034059485325793844, 'SPL': 0.03281250173038354, 'OPL': 0.030956423128334104, 'TPE': 0.016692525518312167, 'MBK': 0.01586083397288309, 'CCC': 0.0137146046585801, 'ALR': 0.007892763840576581, 'JSW': 0.005114183164835506}"
2020-11-03,73335.30101810228,1.4551915228366852e-11,"{'CDR': 0.1661157125470249, 'PKO': 0.12020323839203349, 'KGH': 0.11579892777129923, 'PZU': 0.10160590667114074, 'PKN': 0.09719716626854003, 'DNP': 0.07245461965339173, 'LPP': 0.06001025494502087, 'PEO': 0.05940005249291511, 'CPS': 0.05011079991893499, 'PGE': 0.034059485325793844, 'SPL': 0.03281250173038354, 'OPL': 0.030956423128334104, 'TPE': 0.016692525518312167, 'MBK': 0.01586083397288309, 'CCC': 0.0137146046585801, 'ALR': 0.007892763840576581, 'JSW': 0.005114183164835506}"
2020-11-04,73100.10222310976,2.9103830456733704e-11,"{'CDR': 0.1661157125470249, 'PKO': 0.12020323839203349, 'KGH': 0.11579892777129923, 'PZU': 0.10160590667114074, 'PKN': 0.09719716626854003, 'DNP': 0.07245461965339173, 'LPP': 0.06001025494502087, 'PEO': 0.05940005249291511, 'CPS': 0.05011079991893499, 'PGE': 0.034059485325793844, 'SPL': 0.03281250173038354, 'OPL': 0.030956423128334104, 'TPE': 0.016692525518312167, 'MBK': 0.01586083397288309, 'CCC': 0.0137146046585801, 'ALR': 0.007892763840576581, 'JSW': 0.005114183164835506}"
2020-11-05,74562.66293652389,2.9103830456733704e-11,"{'CDR': 0.1661157125470249, 'PKO': 0.12020323839203349, 'KGH': 0.11579892777129923, 'PZU': 0.10160590667114074, 'PKN': 0.09719716626854003, 'DNP': 0.07245461965339173, 'LPP': 0.06001025494502087, 'PEO': 0.05940005249291511, 'CPS': 0.05011079991893499, 'PGE': 0.034059485325793844, 'SPL': 0.03281250173038354, 'OPL': 0.030956423128334104, 'TPE': 0.016692525518312167, 'MBK': 0.01586083397288309, 'CCC': 0.0137146046585801, 'ALR': 0.007892763840576581, 'JSW': 0.005114183164835506}"
2020-11-06,75376.71170494943,0.0,"{'CDR': 0.1661157125470249, 'PKO': 0.12020323839203349, 'KGH': 0.11579892777129923, 'PZU': 0.10160590667114074, 'PKN': 0.09719716626854003, 'DNP': 0.07245461965339173, 'LPP': 0.06001025494502087, 'PEO': 0.05940005249291511, 'CPS': 0.05011079991893499, 'PGE': 0.034059485325793844, 'SPL': 0.03281250173038354, 'OPL': 0.030956423128334104, 'TPE': 0.016692525518312167, 'MBK': 0.01586083397288309, 'CCC': 0.0137146046585801, 'ALR': 0.007892763840576581, 'JSW': 0.005114183164835506}"
2020-11-09,79696.9085812675,2.9103830456733704e-11,"{'CDR': 0.1661157125470249, 'PKO': 0.12020323839203349, 'KGH': 0.11579892777129923, 'PZU': 0.10160590667114074, 'PKN': 0.09719716626854003, 'DNP': 0.07245461965339173, 'LPP': 0.06001025494502087, 'PEO': 0.05940005249291511, 'CPS': 0.05011079991893499, 'PGE': 0.034059485325793844, 'SPL': 0.03281250173038354, 'OPL': 0.030956423128334104, 'TPE': 0.016692525518312167, 'MBK': 0.01586083397288309, 'CCC': 0.0137146046585801, 'ALR': 0.007892763840576581, 'JSW': 0.005114183164835506}"
2020-11-10,81659.78381561839,0.0,"{'CDR': 0.1661157125470249, 'PKO': 0.12020323839203349, 'KGH': 0.11579892777129923, 'PZU': 0.10160590667114074, 'PKN': 0.09719716626854003, 'DNP': 0.07245461965339173, 'LPP': 0.06001025494502087, 'PEO': 0.05940005249291511, 'CPS': 0.05011079991893499, 'PGE': 0.034059485325793844, 'SPL': 0.03281250173038354, 'OPL': 0.030956423128334104, 'TPE': 0.016692525518312167, 'MBK': 0.01586083397288309, 'CCC': 0.0137146046585801, 'ALR': 0.007892763840576581, 'JSW': 0.005114183164835506}"
2020-11-11,81659.78381561839,1.4551915228366852e-11,"{'CDR': 0.1661157125470249, 'PKO': 0.12020323839203349, 'KGH': 0.11579892777129923, 'PZU': 0.10160590667114074, 'PKN': 0.09719716626854003, 'DNP': 0.07245461965339173, 'LPP': 0.06001025494502087, 'PEO': 0.05940005249291511, 'CPS': 0.05011079991893499, 'PGE': 0.034059485325793844, 'SPL': 0.03281250173038354, 'OPL': 0.030956423128334104, 'TPE': 0.016692525518312167, 'MBK': 0.01586083397288309, 'CCC': 0.0137146046585801, 'ALR': 0.007892763840576581, 'JSW': 0.005114183164835506}"
2020-11-12,81863.43754395231,-1.4551915228366852e-11,"{'CDR': 0.1661157125470249, 'PKO': 0.12020323839203349, 'KGH': 0.11579892777129923, 'PZU': 0.10160590667114074, 'PKN': 0.09719716626854003, 'DNP': 0.07245461965339173, 'LPP': 0.06001025494502087, 'PEO': 0.05940005249291511, 'CPS': 0.05011079991893499, 'PGE': 0.034059485325793844, 'SPL': 0.03281250173038354, 'OPL': 0.030956423128334104, 'TPE': 0.016692525518312167, 'MBK': 0.01586083397288309, 'CCC': 0.0137146046585801, 'ALR': 0.007892763840576581, 'JSW': 0.005114183164835506}"
2020-11-13,81101.18092489026,-4.3655745685100555e-11,"{'CDR': 0.1661157125470249, 'PKO': 0.12020323839203349, 'KGH': 0.11579892777129923, 'PZU': 0.10160590667114074, 'PKN': 0.09719716626854003, 'DNP': 0.07245461965339173, 'LPP': 0.06001025494502087, 'PEO': 0.05940005249291511, 'CPS': 0.05011079991893499, 'PGE': 0.034059485325793844, 'SPL': 0.03281250173038354, 'OPL': 0.030956423128334104, 'TPE': 0.016692525518312167, 'MBK': 0.01586083397288309, 'CCC': 0.0137146046585801, 'ALR': 0.007892763840576581, 'JSW': 0.005114183164835506}"
2020-11-16,84279.69132824903,1.4551915228366852e-11,"{'CDR': 0.1661157125470249, 'PKO': 0.12020323839203349, 'KGH': 0.11579892777129923, 'PZU': 0.10160590667114074, 'PKN': 0.09719716626854003, 'DNP': 0.07245461965339173, 'LPP': 0.06001025494502087, 'PEO': 0.05940005249291511, 'CPS': 0.05011079991893499, 'PGE': 0.034059485325793844, 'SPL': 0.03281250173038354, 'OPL': 0.030956423128334104, 'TPE': 0.016692525518312167, 'MBK': 0.01586083397288309, 'CCC': 0.0137146046585801, 'ALR': 0.007892763840576581, 'JSW': 0.005114183164835506}"
2020-11-17,84467.62860814415,0.0,"{'CDR': 0.1661157125470249, 'PKO': 0.12020323839203349, 'KGH': 0.11579892777129923, 'PZU': 0.10160590667114074, 'PKN': 0.09719716626854003, 'DNP': 0.07245461965339173, 'LPP': 0.06001025494502087, 'PEO': 0.05940005249291511, 'CPS': 0.05011079991893499, 'PGE': 0.034059485325793844, 'SPL': 0.03281250173038354, 'OPL': 0.030956423128334104, 'TPE': 0.016692525518312167, 'MBK': 0.01586083397288309, 'CCC': 0.0137146046585801, 'ALR': 0.007892763840576581, 'JSW': 0.005114183164835506}"
2020-11-18,85348.11820747814,-1.4551915228366852e-11,"{'CDR': 0.1661157125470249, 'PKO': 0.12020323839203349, 'KGH': 0.11579892777129923, 'PZU': 0.10160590667114074, 'PKN': 0.09719716626854003, 'DNP': 0.07245461965339173, 'LPP': 0.06001025494502087, 'PEO': 0.05940005249291511, 'CPS': 0.05011079991893499, 'PGE': 0.034059485325793844, 'SPL': 0.03281250173038354, 'OPL': 0.030956423128334104, 'TPE': 0.016692525518312167, 'MBK': 0.01586083397288309, 'CCC': 0.0137146046585801, 'ALR': 0.007892763840576581, 'JSW': 0.005114183164835506}"
2020-11-19,83784.72663769397,-2.9103830456733704e-11,"{'CDR': 0.1661157125470249, 'PKO': 0.12020323839203349, 'KGH': 0.11579892777129923, 'PZU': 0.10160590667114074, 'PKN': 0.09719716626854003, 'DNP': 0.07245461965339173, 'LPP': 0.06001025494502087, 'PEO': 0.05940005249291511, 'CPS': 0.05011079991893499, 'PGE': 0.034059485325793844, 'SPL': 0.03281250173038354, 'OPL': 0.030956423128334104, 'TPE': 0.016692525518312167, 'MBK': 0.01586083397288309, 'CCC': 0.0137146046585801, 'ALR': 0.007892763840576581, 'JSW': 0.005114183164835506}"
2020-11-20,84671.57053403932,0.0,"{'CDR': 0.1661157125470249, 'PKO': 0.12020323839203349, 'KGH': 0.11579892777129923, 'PZU': 0.10160590667114074, 'PKN': 0.09719716626854003, 'DNP': 0.07245461965339173, 'LPP': 0.06001025494502087, 'PEO': 0.05940005249291511, 'CPS': 0.05011079991893499, 'PGE': 0.034059485325793844, 'SPL': 0.03281250173038354, 'OPL': 0.030956423128334104, 'TPE': 0.016692525518312167, 'MBK': 0.01586083397288309, 'CCC': 0.0137146046585801, 'ALR': 0.007892763840576581, 'JSW': 0.005114183164835506}"
2020-11-23,85437.55306147023,-1.4551915228366852e-11,"{'CDR': 0.1661157125470249, 'PKO': 0.12020323839203349, 'KGH': 0.11579892777129923, 'PZU': 0.10160590667114074, 'PKN': 0.09719716626854003, 'DNP': 0.07245461965339173, 'LPP': 0.06001025494502087, 'PEO': 0.05940005249291511, 'CPS': 0.05011079991893499, 'PGE': 0.034059485325793844, 'SPL': 0.03281250173038354, 'OPL': 0.030956423128334104, 'TPE': 0.016692525518312167, 'MBK': 0.01586083397288309, 'CCC': 0.0137146046585801, 'ALR': 0.007892763840576581, 'JSW': 0.005114183164835506}"
2020-11-24,86682.75383265494,-2.9103830456733704e-11,"{'CDR': 0.1661157125470249, 'PKO': 0.12020323839203349, 'KGH': 0.11579892777129923, 'PZU': 0.10160590667114074, 'PKN': 0.09719716626854003, 'DNP': 0.07245461965339173, 'LPP': 0.06001025494502087, 'PEO': 0.05940005249291511, 'CPS': 0.05011079991893499, 'PGE': 0.034059485325793844, 'SPL': 0.03281250173038354, 'OPL': 0.030956423128334104, 'TPE': 0.016692525518312167, 'MBK': 0.01586083397288309, 'CCC': 0.0137146046585801, 'ALR': 0.007892763840576581, 'JSW': 0.005114183164835506}"
2020-11-25,86404.2519594953,1.4551915228366852e-11,"{'CDR': 0.1661157125470249, 'PKO': 0.12020323839203349, 'KGH': 0.11579892777129923, 'PZU': 0.10160590667114074, 'PKN': 0.09719716626854003, 'DNP': 0.07245461965339173, 'LPP': 0.06001025494502087, 'PEO': 0.05940005249291511, 'CPS': 0.05011079991893499, 'PGE': 0.034059485325793844, 'SPL': 0.03281250173038354, 'OPL': 0.030956423128334104, 'TPE': 0.016692525518312167, 'MBK': 0.01586083397288309, 'CCC': 0.0137146046585801, 'ALR': 0.007892763840576581, 'JSW': 0.005114183164835506}"
2020-11-26,86477.9844833,0.0,"{'CDR': 0.1661157125470249, 'PKO': 0.12020323839203349, 'KGH': 0.11579892777129923, 'PZU': 0.10160590667114074, 'PKN': 0.09719716626854003, 'DNP': 0.07245461965339173, 'LPP': 0.06001025494502087, 'PEO': 0.05940005249291511, 'CPS': 0.05011079991893499, 'PGE': 0.034059485325793844, 'SPL': 0.03281250173038354, 'OPL': 0.030956423128334104, 'TPE': 0.016692525518312167, 'MBK': 0.01586083397288309, 'CCC': 0.0137146046585801, 'ALR': 0.007892763840576581, 'JSW': 0.005114183164835506}"
2020-11-27,86588.41430355985,-1.4551915228366852e-11,"{'CDR': 0.1661157125470249, 'PKO': 0.12020323839203349, 'KGH': 0.11579892777129923, 'PZU': 0.10160590667114074, 'PKN': 0.09719716626854003, 'DNP': 0.07245461965339173, 'LPP': 0.06001025494502087, 'PEO': 0.05940005249291511, 'CPS': 0.05011079991893499, 'PGE': 0.034059485325793844, 'SPL': 0.03281250173038354, 'OPL': 0.030956423128334104, 'TPE': 0.016692525518312167, 'MBK': 0.01586083397288309, 'CCC': 0.0137146046585801, 'ALR': 0.007892763840576581, 'JSW': 0.005114183164835506}"
2020-11-30,85409.86081571755,-1.4551915228366852e-11,"{'CDR': 0.1661157125470249, 'PKO': 0.12020323839203349, 'KGH': 0.11579892777129923, 'PZU': 0.10160590667114074, 'PKN': 0.09719716626854003, 'DNP': 0.07245461965339173, 'LPP': 0.06001025494502087, 'PEO': 0.05940005249291511, 'CPS': 0.05011079991893499, 'PGE': 0.034059485325793844, 'SPL': 0.03281250173038354, 'OPL': 0.030956423128334104, 'TPE': 0.016692525518312167, 'MBK': 0.01586083397288309, 'CCC': 0.0137146046585801, 'ALR': 0.007892763840576581, 'JSW': 0.005114183164835506}"
2020-12-01,87058.44802792573,1.4551915228366852e-11,"{'CDR': 0.1661157125470249, 'PKO': 0.12020323839203349, 'KGH': 0.11579892777129923, 'PZU': 0.10160590667114074, 'PKN': 0.09719716626854003, 'DNP': 0.07245461965339173, 'LPP': 0.06001025494502087, 'PEO': 0.05940005249291511, 'CPS': 0.05011079991893499, 'PGE': 0.034059485325793844, 'SPL': 0.03281250173038354, 'OPL': 0.030956423128334104, 'TPE': 0.016692525518312167, 'MBK': 0.01586083397288309, 'CCC': 0.0137146046585801, 'ALR': 0.007892763840576581, 'JSW': 0.005114183164835506}"
2020-12-02,89288.48611839392,0.0,"{'CDR': 0.1661157125470249, 'PKO': 0.12020323839203349, 'KGH': 0.11579892777129923, 'PZU': 0.10160590667114074, 'PKN': 0.09719716626854003, 'DNP': 0.07245461965339173, 'LPP': 0.06001025494502087, 'PEO': 0.05940005249291511, 'CPS': 0.05011079991893499, 'PGE': 0.034059485325793844, 'SPL': 0.03281250173038354, 'OPL': 0.030956423128334104, 'TPE': 0.016692525518312167, 'MBK': 0.01586083397288309, 'CCC': 0.0137146046585801, 'ALR': 0.007892763840576581, 'JSW': 0.005114183164835506}"
2020-12-03,88959.01289662645,0.0,"{'CDR': 0.1661157125470249, 'PKO': 0.12020323839203349, 'KGH': 0.11579892777129923, 'PZU': 0.10160590667114074, 'PKN': 0.09719716626854003, 'DNP': 0.07245461965339173, 'LPP': 0.06001025494502087, 'PEO': 0.05940005249291511, 'CPS': 0.05011079991893499, 'PGE': 0.034059485325793844, 'SPL': 0.03281250173038354, 'OPL': 0.030956423128334104, 'TPE': 0.016692525518312167, 'MBK': 0.01586083397288309, 'CCC': 0.0137146046585801, 'ALR': 0.007892763840576581, 'JSW': 0.005114183164835506}"
2020-12-04,91989.86937261373,-1.4551915228366852e-11,"{'CDR': 0.1661157125470249, 'PKO': 0.12020323839203349, 'KGH': 0.11579892777129923, 'PZU': 0.10160590667114074, 'PKN': 0.09719716626854003, 'DNP': 0.07245461965339173, 'LPP': 0.06001025494502087, 'PEO': 0.05940005249291511, 'CPS': 0.05011079991893499, 'PGE': 0.034059485325793844, 'SPL': 0.03281250173038354, 'OPL': 0.030956423128334104, 'TPE': 0.016692525518312167, 'MBK': 0.01586083397288309, 'CCC': 0.0137146046585801, 'ALR': 0.007892763840576581, 'JSW': 0.005114183164835506}"
2020-12-07,92687.44276383673,2.9103830456733704e-11,"{'CDR': 0.1661157125470249, 'PKO': 0.12020323839203349, 'KGH': 0.11579892777129923, 'PZU': 0.10160590667114074, 'PKN': 0.09719716626854003, 'DNP': 0.07245461965339173, 'LPP': 0.06001025494502087, 'PEO': 0.05940005249291511, 'CPS': 0.05011079991893499, 'PGE': 0.034059485325793844, 'SPL': 0.03281250173038354, 'OPL': 0.030956423128334104, 'TPE': 0.016692525518312167, 'MBK': 0.01586083397288309, 'CCC': 0.0137146046585801, 'ALR': 0.007892763840576581, 'JSW': 0.005114183164835506}"
2020-12-08,92487.5297375468,0.0,"{'CDR': 0.1661157125470249, 'PKO': 0.12020323839203349, 'KGH': 0.11579892777129923, 'PZU': 0.10160590667114074, 'PKN': 0.09719716626854003, 'DNP': 0.07245461965339173, 'LPP': 0.06001025494502087, 'PEO': 0.05940005249291511, 'CPS': 0.05011079991893499, 'PGE': 0.034059485325793844, 'SPL': 0.03281250173038354, 'OPL': 0.030956423128334104, 'TPE': 0.016692525518312167, 'MBK': 0.01586083397288309, 'CCC': 0.0137146046585801, 'ALR': 0.007892763840576581, 'JSW': 0.005114183164835506}"
2020-12-09,94204.59618411082,-4.3655745685100555e-11,"{'CDR': 0.1661157125470249, 'PKO': 0.12020323839203349, 'KGH': 0.11579892777129923, 'PZU': 0.10160590667114074, 'PKN': 0.09719716626854003, 'DNP': 0.07245461965339173, 'LPP': 0.06001025494502087, 'PEO': 0.05940005249291511, 'CPS': 0.05011079991893499, 'PGE': 0.034059485325793844, 'SPL': 0.03281250173038354, 'OPL': 0.030956423128334104, 'TPE': 0.016692525518312167, 'MBK': 0.01586083397288309, 'CCC': 0.0137146046585801, 'ALR': 0.007892763840576581, 'JSW': 0.005114183164835506}"
2020-12-10,92663.22157965267,1.4551915228366852e-11,"{'CDR': 0.1661157125470249, 'PKO': 0.12020323839203349, 'KGH': 0.11579892777129923, 'PZU': 0.10160590667114074, 'PKN': 0.09719716626854003, 'DNP': 0.07245461965339173, 'LPP': 0.06001025494502087, 'PEO': 0.05940005249291511, 'CPS': 0.05011079991893499, 'PGE': 0.034059485325793844, 'SPL': 0.03281250173038354, 'OPL': 0.030956423128334104, 'TPE': 0.016692525518312167, 'MBK': 0.01586083397288309, 'CCC': 0.0137146046585801, 'ALR': 0.007892763840576581, 'JSW': 0.005114183164835506}"
2020-12-11,90318.56612091385,1.4551915228366852e-11,"{'CDR': 0.1661157125470249, 'PKO': 0.12020323839203349, 'KGH': 0.11579892777129923, 'PZU': 0.10160590667114074, 'PKN': 0.09719716626854003, 'DNP': 0.07245461965339173, 'LPP': 0.06001025494502087, 'PEO': 0.05940005249291511, 'CPS': 0.05011079991893499, 'PGE': 0.034059485325793844, 'SPL': 0.03281250173038354, 'OPL': 0.030956423128334104, 'TPE': 0.016692525518312167, 'MBK': 0.01586083397288309, 'CCC': 0.0137146046585801, 'ALR': 0.007892763840576581, 'JSW': 0.005114183164835506}"
2020-12-14,89047.99293047124,0.0,"{'CDR': 0.1661157125470249, 'PKO': 0.12020323839203349, 'KGH': 0.11579892777129923, 'PZU': 0.10160590667114074, 'PKN': 0.09719716626854003, 'DNP': 0.07245461965339173, 'LPP': 0.06001025494502087, 'PEO': 0.05940005249291511, 'CPS': 0.05011079991893499, 'PGE': 0.034059485325793844, 'SPL': 0.03281250173038354, 'OPL': 0.030956423128334104, 'TPE': 0.016692525518312167, 'MBK': 0.01586083397288309, 'CCC': 0.0137146046585801, 'ALR': 0.007892763840576581, 'JSW': 0.005114183164835506}"
2020-12-15,89650.93703721187,-1.4551915228366852e-11,"{'CDR': 0.1661157125470249, 'PKO': 0.12020323839203349, 'KGH': 0.11579892777129923, 'PZU': 0.10160590667114074, 'PKN': 0.09719716626854003, 'DNP': 0.07245461965339173, 'LPP': 0.06001025494502087, 'PEO': 0.05940005249291511, 'CPS': 0.05011079991893499, 'PGE': 0.034059485325793844, 'SPL': 0.03281250173038354, 'OPL': 0.030956423128334104, 'TPE': 0.016692525518312167, 'MBK': 0.01586083397288309, 'CCC': 0.0137146046585801, 'ALR': 0.007892763840576581, 'JSW': 0.005114183164835506}"
2020-12-16,91222.88516974245,-1.4551915228366852e-11,"{'CDR': 0.1661157125470249, 'PKO': 0.12020323839203349, 'KGH': 0.11579892777129923, 'PZU': 0.10160590667114074, 'PKN': 0.09719716626854003, 'DNP': 0.07245461965339173, 'LPP': 0.06001025494502087, 'PEO': 0.05940005249291511, 'CPS': 0.05011079991893499, 'PGE': 0.034059485325793844, 'SPL': 0.03281250173038354, 'OPL': 0.030956423128334104, 'TPE': 0.016692525518312167, 'MBK': 0.01586083397288309, 'CCC': 0.0137146046585801, 'ALR': 0.007892763840576581, 'JSW': 0.005114183164835506}"
2020-12-17,90873.63441257663,0.0,"{'CDR': 0.1661157125470249, 'PKO': 0.12020323839203349, 'KGH': 0.11579892777129923, 'PZU': 0.10160590667114074, 'PKN': 0.09719716626854003, 'DNP': 0.07245461965339173, 'LPP': 0.06001025494502087, 'PEO': 0.05940005249291511, 'CPS': 0.05011079991893499, 'PGE': 0.034059485325793844, 'SPL': 0.03281250173038354, 'OPL': 0.030956423128334104, 'TPE': 0.016692525518312167, 'MBK': 0.01586083397288309, 'CCC': 0.0137146046585801, 'ALR': 0.007892763840576581, 'JSW': 0.005114183164835506}"
2020-12-18,89009.63634951663,-2.9103830456733704e-11,"{'CDR': 0.1354010349083272, 'ALE': 0.1308811103320569, 'PKO': 0.1242862929109943, 'KGH': 0.10499782675596533, 'PZU': 0.08144007292793608, 'PKN': 0.07812891620161361, 'DNP': 0.07039830116826408, 'PEO': 0.054305719914846916, 'LPP': 0.04100504340671602, 'CPS': 0.03958582516119549, 'SPL': 0.03206143036471371, 'PGE': 0.02610748198745547, 'OPL': 0.022361676454196375, 'ACP': 0.020822956225260186, 'TPE': 0.012153245959405284, 'CCC': 0.011986154690558604, 'ALR': 0.00816314876093364, 'JSW': 0.005913761869560942}"
2020-12-21,86152.31723467192,0.0,"{'CDR': 0.1354010349083272, 'ALE': 0.1308811103320569, 'PKO': 0.1242862929109943, 'KGH': 0.10499782675596533, 'PZU': 0.08144007292793608, 'PKN': 0.07812891620161361, 'DNP': 0.07039830116826408, 'PEO': 0.054305719914846916, 'LPP': 0.04100504340671602, 'CPS': 0.03958582516119549, 'SPL': 0.03206143036471371, 'PGE': 0.02610748198745547, 'OPL': 0.022361676454196375, 'ACP': 0.020822956225260186, 'TPE': 0.012153245959405284, 'CCC': 0.011986154690558604, 'ALR': 0.00816314876093364, 'JSW': 0.005913761869560942}"
2020-12-22,88025.40850947052,0.0,"{'CDR': 0.1354010349083272, 'ALE': 0.1308811103320569, 'PKO': 0.1242862929109943, 'KGH': 0.10499782675596533, 'PZU': 0.08144007292793608, 'PKN': 0.07812891620161361, 'DNP': 0.07039830116826408, 'PEO': 0.054305719914846916, 'LPP': 0.04100504340671602, 'CPS': 0.03958582516119549, 'SPL': 0.03206143036471371, 'PGE': 0.02610748198745547, 'OPL': 0.022361676454196375, 'ACP': 0.020822956225260186, 'TPE': 0.012153245959405284, 'CCC': 0.011986154690558604, 'ALR': 0.00816314876093364, 'JSW': 0.005913761869560942}"
2020-12-23,89262.51589121575,0.0,"{'CDR': 0.1354010349083272, 'ALE': 0.1308811103320569, 'PKO': 0.1242862929109943, 'KGH': 0.10499782675596533, 'PZU': 0.08144007292793608, 'PKN': 0.07812891620161361, 'DNP': 0.07039830116826408, 'PEO': 0.054305719914846916, 'LPP': 0.04100504340671602, 'CPS': 0.03958582516119549, 'SPL': 0.03206143036471371, 'PGE': 0.02610748198745547, 'OPL': 0.022361676454196375, 'ACP': 0.020822956225260186, 'TPE': 0.012153245959405284, 'CCC': 0.011986154690558604, 'ALR': 0.00816314876093364, 'JSW': 0.005913761869560942}"
2020-12-24,89262.51589121575,0.0,"{'CDR': 0.1354010349083272, 'ALE': 0.1308811103320569, 'PKO': 0.1242862929109943, 'KGH': 0.10499782675596533, 'PZU': 0.08144007292793608, 'PKN': 0.07812891620161361, 'DNP': 0.07039830116826408, 'PEO': 0.054305719914846916, 'LPP': 0.04100504340671602, 'CPS': 0.03958582516119549, 'SPL': 0.03206143036471371, 'PGE': 0.02610748198745547, 'OPL': 0.022361676454196375, 'ACP': 0.020822956225260186, 'TPE': 0.012153245959405284, 'CCC': 0.011986154690558604, 'ALR': 0.00816314876093364, 'JSW': 0.005913761869560942}"
2020-12-25,89262.51589121575,0.0,"{'CDR': 0.1354010349083272, 'ALE': 0.1308811103320569, 'PKO': 0.1242862929109943, 'KGH': 0.10499782675596533, 'PZU': 0.08144007292793608, 'PKN': 0.07812891620161361, 'DNP': 0.07039830116826408, 'PEO': 0.054305719914846916, 'LPP': 0.04100504340671602, 'CPS': 0.03958582516119549, 'SPL': 0.03206143036471371, 'PGE': 0.02610748198745547, 'OPL': 0.022361676454196375, 'ACP': 0.020822956225260186, 'TPE': 0.012153245959405284, 'CCC': 0.011986154690558604, 'ALR': 0.00816314876093364, 'JSW': 0.005913761869560942}"
2020-12-28,91377.4674845035,-2.9103830456733704e-11,"{'CDR': 0.1354010349083272, 'ALE': 0.1308811103320569, 'PKO': 0.1242862929109943, 'KGH': 0.10499782675596533, 'PZU': 0.08144007292793608, 'PKN': 0.07812891620161361, 'DNP': 0.07039830116826408, 'PEO': 0.054305719914846916, 'LPP': 0.04100504340671602, 'CPS': 0.03958582516119549, 'SPL': 0.03206143036471371, 'PGE': 0.02610748198745547, 'OPL': 0.022361676454196375, 'ACP': 0.020822956225260186, 'TPE': 0.012153245959405284, 'CCC': 0.011986154690558604, 'ALR': 0.00816314876093364, 'JSW': 0.005913761869560942}"
2020-12-29,92088.1779942332,0.0,"{'CDR': 0.1354010349083272, 'ALE': 0.1308811103320569, 'PKO': 0.1242862929109943, 'KGH': 0.10499782675596533, 'PZU': 0.08144007292793608, 'PKN': 0.07812891620161361, 'DNP': 0.07039830116826408, 'PEO': 0.054305719914846916, 'LPP': 0.04100504340671602, 'CPS': 0.03958582516119549, 'SPL': 0.03206143036471371, 'PGE': 0.02610748198745547, 'OPL': 0.022361676454196375, 'ACP': 0.020822956225260186, 'TPE': 0.012153245959405284, 'CCC': 0.011986154690558604, 'ALR': 0.00816314876093364, 'JSW': 0.005913761869560942}"
2020-12-30,90528.07710100843,0.0,"{'CDR': 0.1354010349083272, 'ALE': 0.1308811103320569, 'PKO': 0.1242862929109943, 'KGH': 0.10499782675596533, 'PZU': 0.08144007292793608, 'PKN': 0.07812891620161361, 'DNP': 0.07039830116826408, 'PEO': 0.054305719914846916, 'LPP': 0.04100504340671602, 'CPS': 0.03958582516119549, 'SPL': 0.03206143036471371, 'PGE': 0.02610748198745547, 'OPL': 0.022361676454196375, 'ACP': 0.020822956225260186, 'TPE': 0.012153245959405284, 'CCC': 0.011986154690558604, 'ALR': 0.00816314876093364, 'JSW': 0.005913761869560942}"
2020-12-31,90528.07710100843,0.0,"{'CDR': 0.1354010349083272, 'ALE': 0.1308811103320569, 'PKO': 0.1242862929109943, 'KGH': 0.10499782675596533, 'PZU': 0.08144007292793608, 'PKN': 0.07812891620161361, 'DNP': 0.07039830116826408, 'PEO': 0.054305719914846916, 'LPP': 0.04100504340671602, 'CPS': 0.03958582516119549, 'SPL': 0.03206143036471371, 'PGE': 0.02610748198745547, 'OPL': 0.022361676454196375, 'ACP': 0.020822956225260186, 'TPE': 0.012153245959405284, 'CCC': 0.011986154690558604, 'ALR': 0.00816314876093364, 'JSW': 0.005913761869560942}"
2021-01-01,90528.07710100843,0.0,"{'CDR': 0.1354010349083272, 'ALE': 0.1308811103320569, 'PKO': 0.1242862929109943, 'KGH': 0.10499782675596533, 'PZU': 0.08144007292793608, 'PKN': 0.07812891620161361, 'DNP': 0.07039830116826408, 'PEO': 0.054305719914846916, 'LPP': 0.04100504340671602, 'CPS': 0.03958582516119549, 'SPL': 0.03206143036471371, 'PGE': 0.02610748198745547, 'OPL': 0.022361676454196375, 'ACP': 0.020822956225260186, 'TPE': 0.012153245959405284, 'CCC': 0.011986154690558604, 'ALR': 0.00816314876093364, 'JSW': 0.005913761869560942}"
2021-01-04,91579.54781060717,-1.4551915228366852e-11,"{'CDR': 0.1354010349083272, 'ALE': 0.1308811103320569, 'PKO': 0.1242862929109943, 'KGH': 0.10499782675596533, 'PZU': 0.08144007292793608, 'PKN': 0.07812891620161361, 'DNP': 0.07039830116826408, 'PEO': 0.054305719914846916, 'LPP': 0.04100504340671602, 'CPS': 0.03958582516119549, 'SPL': 0.03206143036471371, 'PGE': 0.02610748198745547, 'OPL': 0.022361676454196375, 'ACP': 0.020822956225260186, 'TPE': 0.012153245959405284, 'CCC': 0.011986154690558604, 'ALR': 0.00816314876093364, 'JSW': 0.005913761869560942}"
2021-01-05,91444.65122739044,-1.4551915228366852e-11,"{'CDR': 0.1354010349083272, 'ALE': 0.1308811103320569, 'PKO': 0.1242862929109943, 'KGH': 0.10499782675596533, 'PZU': 0.08144007292793608, 'PKN': 0.07812891620161361, 'DNP': 0.07039830116826408, 'PEO': 0.054305719914846916, 'LPP': 0.04100504340671602, 'CPS': 0.03958582516119549, 'SPL': 0.03206143036471371, 'PGE': 0.02610748198745547, 'OPL': 0.022361676454196375, 'ACP': 0.020822956225260186, 'TPE': 0.012153245959405284, 'CCC': 0.011986154690558604, 'ALR': 0.00816314876093364, 'JSW': 0.005913761869560942}"
2021-01-06,91444.65122739044,-1.4551915228366852e-11,"{'CDR': 0.1354010349083272, 'ALE': 0.1308811103320569, 'PKO': 0.1242862929109943, 'KGH': 0.10499782675596533, 'PZU': 0.08144007292793608, 'PKN': 0.07812891620161361, 'DNP': 0.07039830116826408, 'PEO': 0.054305719914846916, 'LPP': 0.04100504340671602, 'CPS': 0.03958582516119549, 'SPL': 0.03206143036471371, 'PGE': 0.02610748198745547, 'OPL': 0.022361676454196375, 'ACP': 0.020822956225260186, 'TPE': 0.012153245959405284, 'CCC': 0.011986154690558604, 'ALR': 0.00816314876093364, 'JSW': 0.005913761869560942}"
2021-01-07,93629.70478023312,-2.9103830456733704e-11,"{'CDR': 0.1354010349083272, 'ALE': 0.1308811103320569, 'PKO': 0.1242862929109943, 'KGH': 0.10499782675596533, 'PZU': 0.08144007292793608, 'PKN': 0.07812891620161361, 'DNP': 0.07039830116826408, 'PEO': 0.054305719914846916, 'LPP': 0.04100504340671602, 'CPS': 0.03958582516119549, 'SPL': 0.03206143036471371, 'PGE': 0.02610748198745547, 'OPL': 0.022361676454196375, 'ACP': 0.020822956225260186, 'TPE': 0.012153245959405284, 'CCC': 0.011986154690558604, 'ALR': 0.00816314876093364, 'JSW': 0.005913761869560942}"
2021-01-08,93504.90363344712,-4.3655745685100555e-11,"{'CDR': 0.1354010349083272, 'ALE': 0.1308811103320569, 'PKO': 0.1242862929109943, 'KGH': 0.10499782675596533, 'PZU': 0.08144007292793608, 'PKN': 0.07812891620161361, 'DNP': 0.07039830116826408, 'PEO': 0.054305719914846916, 'LPP': 0.04100504340671602, 'CPS': 0.03958582516119549, 'SPL': 0.03206143036471371, 'PGE': 0.02610748198745547, 'OPL': 0.022361676454196375, 'ACP': 0.020822956225260186, 'TPE': 0.012153245959405284, 'CCC': 0.011986154690558604, 'ALR': 0.00816314876093364, 'JSW': 0.005913761869560942}"
2021-01-11,93393.92580169266,-1.4551915228366852e-11,"{'CDR': 0.1354010349083272, 'ALE': 0.1308811103320569, 'PKO': 0.1242862929109943, 'KGH': 0.10499782675596533, 'PZU': 0.08144007292793608, 'PKN': 0.07812891620161361, 'DNP': 0.07039830116826408, 'PEO': 0.054305719914846916, 'LPP': 0.04100504340671602, 'CPS': 0.03958582516119549, 'SPL': 0.03206143036471371, 'PGE': 0.02610748198745547, 'OPL': 0.022361676454196375, 'ACP': 0.020822956225260186, 'TPE': 0.012153245959405284, 'CCC': 0.011986154690558604, 'ALR': 0.00816314876093364, 'JSW': 0.005913761869560942}"
2021-01-12,92348.1115439481,-1.4551915228366852e-11,"{'CDR': 0.1354010349083272, 'ALE': 0.1308811103320569, 'PKO': 0.1242862929109943, 'KGH': 0.10499782675596533, 'PZU': 0.08144007292793608, 'PKN': 0.07812891620161361, 'DNP': 0.07039830116826408, 'PEO': 0.054305719914846916, 'LPP': 0.04100504340671602, 'CPS': 0.03958582516119549, 'SPL': 0.03206143036471371, 'PGE': 0.02610748198745547, 'OPL': 0.022361676454196375, 'ACP': 0.020822956225260186, 'TPE': 0.012153245959405284, 'CCC': 0.011986154690558604, 'ALR': 0.00816314876093364, 'JSW': 0.005913761869560942}"
2021-01-13,91357.06875836803,0.0,"{'CDR': 0.1354010349083272, 'ALE': 0.1308811103320569, 'PKO': 0.1242862929109943, 'KGH': 0.10499782675596533, 'PZU': 0.08144007292793608, 'PKN': 0.07812891620161361, 'DNP': 0.07039830116826408, 'PEO': 0.054305719914846916, 'LPP': 0.04100504340671602, 'CPS': 0.03958582516119549, 'SPL': 0.03206143036471371, 'PGE': 0.02610748198745547, 'OPL': 0.022361676454196375, 'ACP': 0.020822956225260186, 'TPE': 0.012153245959405284, 'CCC': 0.011986154690558604, 'ALR': 0.00816314876093364, 'JSW': 0.005913761869560942}"
2021-01-14,92139.97244947968,-1.4551915228366852e-11,"{'CDR': 0.1354010349083272, 'ALE': 0.1308811103320569, 'PKO': 0.1242862929109943, 'KGH': 0.10499782675596533, 'PZU': 0.08144007292793608, 'PKN': 0.07812891620161361, 'DNP': 0.07039830116826408, 'PEO': 0.054305719914846916, 'LPP': 0.04100504340671602, 'CPS': 0.03958582516119549, 'SPL': 0.03206143036471371, 'PGE': 0.02610748198745547, 'OPL': 0.022361676454196375, 'ACP': 0.020822956225260186, 'TPE': 0.012153245959405284, 'CCC': 0.011986154690558604, 'ALR': 0.00816314876093364, 'JSW': 0.005913761869560942}"
2021-01-15,90036.118710597,-1.4551915228366852e-11,"{'CDR': 0.1354010349083272, 'ALE': 0.1308811103320569, 'PKO': 0.1242862929109943, 'KGH': 0.10499782675596533, 'PZU': 0.08144007292793608, 'PKN': 0.07812891620161361, 'DNP': 0.07039830116826408, 'PEO': 0.054305719914846916, 'LPP': 0.04100504340671602, 'CPS': 0.03958582516119549, 'SPL': 0.03206143036471371, 'PGE': 0.02610748198745547, 'OPL': 0.022361676454196375, 'ACP': 0.020822956225260186, 'TPE': 0.012153245959405284, 'CCC': 0.011986154690558604, 'ALR': 0.00816314876093364, 'JSW': 0.005913761869560942}"
2021-01-18,91545.87733452552,-1.4551915228366852e-11,"{'CDR': 0.1354010349083272, 'ALE': 0.1308811103320569, 'PKO': 0.1242862929109943, 'KGH': 0.10499782675596533, 'PZU': 0.08144007292793608, 'PKN': 0.07812891620161361, 'DNP': 0.07039830116826408, 'PEO': 0.054305719914846916, 'LPP': 0.04100504340671602, 'CPS': 0.03958582516119549, 'SPL': 0.03206143036471371, 'PGE': 0.02610748198745547, 'OPL': 0.022361676454196375, 'ACP': 0.020822956225260186, 'TPE': 0.012153245959405284, 'CCC': 0.011986154690558604, 'ALR': 0.00816314876093364, 'JSW': 0.005913761869560942}"
2021-01-19,89595.01476613403,-2.9103830456733704e-11,"{'CDR': 0.1354010349083272, 'ALE': 0.1308811103320569, 'PKO': 0.1242862929109943, 'KGH': 0.10499782675596533, 'PZU': 0.08144007292793608, 'PKN': 0.07812891620161361, 'DNP': 0.07039830116826408, 'PEO': 0.054305719914846916, 'LPP': 0.04100504340671602, 'CPS': 0.03958582516119549, 'SPL': 0.03206143036471371, 'PGE': 0.02610748198745547, 'OPL': 0.022361676454196375, 'ACP': 0.020822956225260186, 'TPE': 0.012153245959405284, 'CCC': 0.011986154690558604, 'ALR': 0.00816314876093364, 'JSW': 0.005913761869560942}"
2021-01-20,89877.82710734969,-1.4551915228366852e-11,"{'CDR': 0.1354010349083272, 'ALE': 0.1308811103320569, 'PKO': 0.1242862929109943, 'KGH': 0.10499782675596533, 'PZU': 0.08144007292793608, 'PKN': 0.07812891620161361, 'DNP': 0.07039830116826408, 'PEO': 0.054305719914846916, 'LPP': 0.04100504340671602, 'CPS': 0.03958582516119549, 'SPL': 0.03206143036471371, 'PGE': 0.02610748198745547, 'OPL': 0.022361676454196375, 'ACP': 0.020822956225260186, 'TPE': 0.012153245959405284, 'CCC': 0.011986154690558604, 'ALR': 0.00816314876093364, 'JSW': 0.005913761869560942}"
2021-01-21,88523.51927665595,-2.9103830456733704e-11,"{'CDR': 0.1354010349083272, 'ALE': 0.1308811103320569, 'PKO': 0.1242862929109943, 'KGH': 0.10499782675596533, 'PZU': 0.08144007292793608, 'PKN': 0.07812891620161361, 'DNP': 0.07039830116826408, 'PEO': 0.054305719914846916, 'LPP': 0.04100504340671602, 'CPS': 0.03958582516119549, 'SPL': 0.03206143036471371, 'PGE': 0.02610748198745547, 'OPL': 0.022361676454196375, 'ACP': 0.020822956225260186, 'TPE': 0.012153245959405284, 'CCC': 0.011986154690558604, 'ALR': 0.00816314876093364, 'JSW': 0.005913761869560942}"
2021-01-22,88536.91821004776,-5.820766091346741e-11,"{'CDR': 0.1354010349083272, 'ALE': 0.1308811103320569, 'PKO': 0.1242862929109943, 'KGH': 0.10499782675596533, 'PZU': 0.08144007292793608, 'PKN': 0.07812891620161361, 'DNP': 0.07039830116826408, 'PEO': 0.054305719914846916, 'LPP': 0.04100504340671602, 'CPS': 0.03958582516119549, 'SPL': 0.03206143036471371, 'PGE': 0.02610748198745547, 'OPL': 0.022361676454196375, 'ACP': 0.020822956225260186, 'TPE': 0.012153245959405284, 'CCC': 0.011986154690558604, 'ALR': 0.00816314876093364, 'JSW': 0.005913761869560942}"
2021-01-25,88729.4932321459,-2.9103830456733704e-11,"{'CDR': 0.1354010349083272, 'ALE': 0.1308811103320569, 'PKO': 0.1242862929109943, 'KGH': 0.10499782675596533, 'PZU': 0.08144007292793608, 'PKN': 0.07812891620161361, 'DNP': 0.07039830116826408, 'PEO': 0.054305719914846916, 'LPP': 0.04100504340671602, 'CPS': 0.03958582516119549, 'SPL': 0.03206143036471371, 'PGE': 0.02610748198745547, 'OPL': 0.022361676454196375, 'ACP': 0.020822956225260186, 'TPE': 0.012153245959405284, 'CCC': 0.011986154690558604, 'ALR': 0.00816314876093364, 'JSW': 0.005913761869560942}"
2021-01-26,90909.14714263285,0.0,"{'CDR': 0.1354010349083272, 'ALE': 0.1308811103320569, 'PKO': 0.1242862929109943, 'KGH': 0.10499782675596533, 'PZU': 0.08144007292793608, 'PKN': 0.07812891620161361, 'DNP': 0.07039830116826408, 'PEO': 0.054305719914846916, 'LPP': 0.04100504340671602, 'CPS': 0.03958582516119549, 'SPL': 0.03206143036471371, 'PGE': 0.02610748198745547, 'OPL': 0.022361676454196375, 'ACP': 0.020822956225260186, 'TPE': 0.012153245959405284, 'CCC': 0.011986154690558604, 'ALR': 0.00816314876093364, 'JSW': 0.005913761869560942}"
2021-01-27,88841.1444163744,-4.3655745685100555e-11,"{'CDR': 0.1354010349083272, 'ALE': 0.1308811103320569, 'PKO': 0.1242862929109943, 'KGH': 0.10499782675596533, 'PZU': 0.08144007292793608, 'PKN': 0.07812891620161361, 'DNP': 0.07039830116826408, 'PEO': 0.054305719914846916, 'LPP': 0.04100504340671602, 'CPS': 0.03958582516119549, 'SPL': 0.03206143036471371, 'PGE': 0.02610748198745547, 'OPL': 0.022361676454196375, 'ACP': 0.020822956225260186, 'TPE': 0.012153245959405284, 'CCC': 0.011986154690558604, 'ALR': 0.00816314876093364, 'JSW': 0.005913761869560942}"
2021-01-28,91913.88038552187,-2.9103830456733704e-11,"{'CDR': 0.1354010349083272, 'ALE': 0.1308811103320569, 'PKO': 0.1242862929109943, 'KGH': 0.10499782675596533, 'PZU': 0.08144007292793608, 'PKN': 0.07812891620161361, 'DNP': 0.07039830116826408, 'PEO': 0.054305719914846916, 'LPP': 0.04100504340671602, 'CPS': 0.03958582516119549, 'SPL': 0.03206143036471371, 'PGE': 0.02610748198745547, 'OPL': 0.022361676454196375, 'ACP': 0.020822956225260186, 'TPE': 0.012153245959405284, 'CCC': 0.011986154690558604, 'ALR': 0.00816314876093364, 'JSW': 0.005913761869560942}"
2021-01-29,89846.48343288456,0.0,"{'CDR': 0.1354010349083272, 'ALE': 0.1308811103320569, 'PKO': 0.1242862929109943, 'KGH': 0.10499782675596533, 'PZU': 0.08144007292793608, 'PKN': 0.07812891620161361, 'DNP': 0.07039830116826408, 'PEO': 0.054305719914846916, 'LPP': 0.04100504340671602, 'CPS': 0.03958582516119549, 'SPL': 0.03206143036471371, 'PGE': 0.02610748198745547, 'OPL': 0.022361676454196375, 'ACP': 0.020822956225260186, 'TPE': 0.012153245959405284, 'CCC': 0.011986154690558604, 'ALR': 0.00816314876093364, 'JSW': 0.005913761869560942}"
