<TICKER>,<PER>,<DATE>,<TIME>,<OPEN>,<HIGH>,<LOW>,<CLOSE>,<VOL>,<OPENINT>
ABE_MV,D,20070813,000000,203.49,203.49,203.49,203.49,0,0
ABE_MV,D,20070814,000000,203.49,203.49,203.49,203.49,0,0
ABE_MV,D,20070816,000000,193.803,193.803,193.803,193.803,0,0
ABE_MV,D,20070817,000000,193.803,193.803,193.803,193.803,0,0
ABE_MV,D,20070820,000000,208.15,208.15,208.15,208.15,0,0
ABE_MV,D,20070821,000000,203.49,203.49,203.49,203.49,0,0
ABE_MV,D,20070822,000000,213.196,213.196,213.196,213.196,0,0
ABE_MV,D,20070823,000000,222.874,222.874,222.874,222.874,0,0
ABE_MV,D,20070824,000000,226.758,226.758,226.758,226.758,0,0
ABE_MV,D,20070827,000000,218.123,218.123,218.123,218.123,0,0
ABE_MV,D,20070828,000000,222.874,222.874,222.874,222.874,0,0
ABE_MV,D,20070829,000000,213.196,213.196,213.196,213.196,0,0
ABE_MV,D,20070830,000000,213.085,213.085,213.085,213.085,0,0
ABE_MV,D,20070831,000000,220.936,220.936,220.936,220.936,0,0
ABE_MV,D,20070903,000000,222.874,222.874,222.874,222.874,0,0
ABE_MV,D,20070904,000000,228.105,228.105,228.105,228.105,0,0
ABE_MV,D,20070905,000000,225.78,225.78,225.78,225.78,0,0
ABE_MV,D,20070906,000000,225.678,225.678,225.678,225.678,0,0
ABE_MV,D,20070907,000000,208.353,208.353,208.353,208.353,0,0
ABE_MV,D,20070910,000000,201.553,201.553,201.553,201.553,0,0
ABE_MV,D,20070911,000000,213.002,213.002,213.002,213.002,0,0
ABE_MV,D,20070912,000000,206.397,206.397,206.397,206.397,0,0
ABE_MV,D,20070913,000000,207.855,207.855,207.855,207.855,0,0
ABE_MV,D,20070914,000000,207.855,207.855,207.855,207.855,0,0
ABE_MV,D,20070917,000000,212.208,212.208,212.208,212.208,0,0
ABE_MV,D,20070918,000000,231.601,231.601,231.601,231.601,0,0
ABE_MV,D,20070919,000000,222.874,222.874,222.874,222.874,0,0
ABE_MV,D,20070920,000000,236.251,236.251,236.251,236.251,0,0
ABE_MV,D,20070921,000000,240.311,240.311,240.311,240.311,0,0
ABE_MV,D,20070924,000000,242.257,242.257,242.257,242.257,0,0
ABE_MV,D,20070925,000000,239.84,239.84,239.84,239.84,0,0
ABE_MV,D,20070926,000000,230.623,230.623,230.623,230.623,0,0
ABE_MV,D,20070927,000000,229.563,229.563,229.563,229.563,0,0
ABE_MV,D,20070928,000000,232.57,232.57,232.57,232.57,0,0
ABE_MV,D,20071001,000000,232.856,232.856,232.856,232.856,0,0
ABE_MV,D,20071002,000000,218.999,218.999,218.999,218.999,0,0
ABE_MV,D,20071003,000000,218.999,218.999,218.999,218.999,0,0
ABE_MV,D,20071004,000000,221.905,221.905,221.905,221.905,0,0
ABE_MV,D,20071005,000000,236.334,236.334,236.334,236.334,0,0
ABE_MV,D,20071008,000000,239.351,239.351,239.351,239.351,0,0
ABE_MV,D,20071009,000000,249.047,249.047,249.047,249.047,0,0
ABE_MV,D,20071010,000000,245.154,245.154,245.154,245.154,0,0
ABE_MV,D,20071011,000000,244.204,244.204,244.204,244.204,0,0
ABE_MV,D,20071012,000000,246.62,246.62,246.62,246.62,0,0
ABE_MV,D,20071015,000000,243.521,243.521,243.521,243.521,0,0
ABE_MV,D,20071016,000000,237.405,237.405,237.405,237.405,0,0
ABE_MV,D,20071017,000000,256.787,256.787,256.787,256.787,0,0
ABE_MV,D,20071018,000000,256.787,256.787,256.787,256.787,0,0
ABE_MV,D,20071019,000000,261.151,261.151,261.151,261.151,0,0
ABE_MV,D,20071022,000000,251.944,251.944,251.944,251.944,0,0
ABE_MV,D,20071023,000000,253.3,253.3,253.3,253.3,0,0
ABE_MV,D,20071024,000000,256.787,256.787,256.787,256.787,0,0
ABE_MV,D,20071025,000000,264.537,264.537,264.537,264.537,0,0
ABE_MV,D,20071026,000000,271.817,271.817,271.817,271.817,0,0
ABE_MV,D,20071029,000000,271.328,271.328,271.328,271.328,0,0
ABE_MV,D,20071030,000000,268.513,268.513,268.513,268.513,0,0
ABE_MV,D,20071031,000000,271.328,271.328,271.328,271.328,0,0
ABE_MV,D,20071102,000000,278.108,278.108,278.108,278.108,0,0
ABE_MV,D,20071105,000000,271.817,271.817,271.817,271.817,0,0
ABE_MV,D,20071106,000000,259.694,259.694,259.694,259.694,0,0
ABE_MV,D,20071107,000000,261.455,261.455,261.455,261.455,0,0
ABE_MV,D,20071108,000000,263.282,263.282,263.282,263.282,0,0
ABE_MV,D,20071109,000000,250.975,265.515,250.975,263.578,0,0
ABE_MV,D,20071112,000000,263.578,263.578,251.944,259.021,0,0
ABE_MV,D,20071113,000000,263.578,263.578,251.944,256.603,0,0
ABE_MV,D,20071114,000000,259.223,259.223,249.997,256.502,0,0
ABE_MV,D,20071115,000000,259.223,259.223,232.57,237.405,0,0
ABE_MV,D,20071116,000000,240.311,240.311,232.57,235.476,0,0
ABE_MV,D,20071119,000000,235.476,237.405,232.57,232.57,0,0
ABE_MV,D,20071120,000000,235.476,311.635,218.999,311.635,0,0
ABE_MV,D,20071121,000000,311.763,311.763,290.618,297.242,0,0
ABE_MV,D,20071122,000000,297.242,317.05,290.618,310.443,0,0
ABE_MV,D,20071123,000000,310.443,330.261,310.443,330.261,0,0
ABE_MV,D,20071126,000000,330.261,342.134,321.662,330.123,0,0
ABE_MV,D,20071127,000000,330.261,332.89,321.662,323.655,0,0
ABE_MV,D,20071128,000000,324.965,330.261,324.965,325.63,0,0
ABE_MV,D,20071129,000000,325.759,331.58,325.759,330.261,0,0
ABE_MV,D,20071130,000000,331.58,336.857,331.58,336.857,0,0
ABE_MV,D,20071203,000000,336.857,336.857,336.857,336.857,0,0
ABE_MV,D,20071204,000000,327.751,330.261,325.104,330.261,0,0
ABE_MV,D,20071205,000000,323.655,330.261,323.655,330.261,0,0
ABE_MV,D,20071206,000000,330.123,330.123,330.123,330.123,0,0
ABE_MV,D,20071207,000000,330.123,330.123,320.353,330.123,0,0
ABE_MV,D,20071210,000000,323.655,330.391,323.655,330.261,0,0
ABE_MV,D,20071211,000000,336.857,336.857,330.261,335.528,0,0
ABE_MV,D,20071212,000000,323.655,336.857,323.655,336.857,0,0
ABE_MV,D,20071213,000000,339.496,345.447,337.134,343.462,0,0
ABE_MV,D,20071214,000000,350.068,350.068,338.176,348.739,0,0
ABE_MV,D,20071217,000000,348.085,350.068,338.176,348.085,0,0
ABE_MV,D,20071218,000000,343.462,348.085,343.462,343.462,0,0
ABE_MV,D,20071219,000000,336.857,343.462,336.857,343.462,0,0
ABE_MV,D,20071220,000000,336.857,348.739,336.857,336.857,0,0
ABE_MV,D,20071221,000000,346.101,349.68,328.932,346.101,0,0
ABE_MV,D,20071227,000000,337.134,353.897,330.261,344.782,0,0
ABE_MV,D,20071228,000000,346.101,354.035,343.462,352.716,0,0
ABE_MV,D,20080102,000000,348.739,352.716,343.462,343.462,0,0
ABE_MV,D,20080103,000000,346.101,350.068,343.462,343.462,0,0
ABE_MV,D,20080104,000000,334.356,346.914,334.356,340.418,0,0
ABE_MV,D,20080107,000000,330.261,330.261,323.655,330.123,0,0
ABE_MV,D,20080108,000000,309.115,321.007,309.115,317.05,0,0
ABE_MV,D,20080109,000000,313.092,317.05,313.092,317.05,0,0
ABE_MV,D,20080110,000000,310.443,310.443,287.979,287.979,0,0
ABE_MV,D,20080111,000000,290.618,309.115,290.618,309.115,0,0
ABE_MV,D,20080114,000000,297.242,297.242,297.242,297.242,0,0
ABE_MV,D,20080115,000000,293.275,293.275,284.021,284.021,0,0
ABE_MV,D,20080116,000000,264.205,284.021,264.205,284.021,0,0
ABE_MV,D,20080117,000000,280.719,280.719,274.648,277.407,0,0
ABE_MV,D,20080118,000000,277.407,287.712,274.768,287.712,0,0
ABE_MV,D,20080121,000000,273.449,277.407,270.81,276.097,0,0
ABE_MV,D,20080122,000000,264.205,281.383,264.205,264.334,0,0
ABE_MV,D,20080123,000000,277.407,284.021,268.163,276.614,0,0
ABE_MV,D,20080124,000000,288.782,288.912,278.855,284.021,0,0
ABE_MV,D,20080125,000000,290.618,303.838,290.618,293.275,0,0
ABE_MV,D,20080128,000000,293.275,297.242,290.618,297.242,0,0
ABE_MV,D,20080129,000000,301.2,314.264,301.2,314.264,0,0
ABE_MV,D,20080130,000000,317.05,319.688,309.383,309.383,0,0
ABE_MV,D,20080131,000000,303.838,303.838,303.838,303.838,0,0
ABE_MV,D,20080201,000000,308.442,322.327,303.838,322.327,0,0
ABE_MV,D,20080204,000000,317.05,319.688,317.05,319.688,0,0
ABE_MV,D,20080205,000000,315.73,315.73,310.443,310.443,0,0
ABE_MV,D,20080207,000000,317.705,318.369,294.595,294.595,0,0
ABE_MV,D,20080208,000000,297.242,297.242,297.242,297.242,0,0
ABE_MV,D,20080211,000000,291.938,295.923,286.78,289.308,0,0
ABE_MV,D,20080212,000000,280.064,290.618,280.064,290.618,0,0
ABE_MV,D,20080213,000000,290.618,290.618,290.618,290.618,0,0
ABE_MV,D,20080214,000000,290.618,290.618,290.618,290.618,0,0
ABE_MV,D,20080215,000000,289.308,289.308,289.308,289.308,0,0
ABE_MV,D,20080218,000000,289.308,289.964,284.021,289.308,0,0
ABE_MV,D,20080219,000000,284.677,293.275,277.675,293.275,0,0
ABE_MV,D,20080220,000000,294.595,294.595,290.618,290.618,0,0
ABE_MV,D,20080221,000000,301.052,301.2,290.618,292.472,0,0
ABE_MV,D,20080222,000000,297.104,297.242,291.938,297.242,0,0
ABE_MV,D,20080225,000000,303.691,303.691,297.242,297.888,0,0
ABE_MV,D,20080226,000000,303.303,303.838,298.551,298.551,0,0
ABE_MV,D,20080227,000000,303.838,303.838,298.551,303.691,0,0
ABE_MV,D,20080228,000000,303.691,310.443,303.691,303.977,0,0
ABE_MV,D,20080229,000000,303.838,303.838,303.838,303.838,0,0
ABE_MV,D,20080303,000000,294.327,294.327,286.669,286.669,0,0
ABE_MV,D,20080304,000000,288.109,291.938,282.832,291.938,0,0
ABE_MV,D,20080310,000000,290.618,294.466,290.618,294.466,0,0
ABE_MV,D,20080311,000000,294.595,294.595,290.618,290.618,0,0
ABE_MV,D,20080312,000000,290.618,297.242,290.618,297.242,0,0
ABE_MV,D,20080313,000000,297.242,298.551,285.618,298.551,0,0
ABE_MV,D,20080314,000000,298.551,298.551,298.551,298.551,0,0
ABE_MV,D,20080317,000000,285.332,285.332,285.332,285.332,0,0
ABE_MV,D,20080318,000000,290.618,297.242,286.669,297.242,0,0
ABE_MV,D,20080320,000000,291.283,291.283,291.283,291.283,0,0
ABE_MV,D,20080325,000000,292.067,292.067,288.385,288.385,0,0
ABE_MV,D,20080326,000000,288.385,288.385,286.78,286.78,0,0
ABE_MV,D,20080327,000000,286.78,286.78,284.151,286.78,0,0
ABE_MV,D,20080328,000000,293.275,293.275,291.938,291.938,0,0
ABE_MV,D,20080331,000000,290.618,290.618,290.618,290.618,0,0
ABE_MV,D,20080401,000000,282.702,287.712,264.869,287.712,0,0
ABE_MV,D,20080402,000000,296.965,296.965,284.409,284.409,0,0
ABE_MV,D,20080403,000000,284.677,284.677,277.545,283.367,0,0
ABE_MV,D,20080404,000000,280.581,284.021,280.581,284.021,0,0
ABE_MV,D,20080408,000000,283.754,290.23,283.754,290.23,0,0
ABE_MV,D,20080409,000000,288.782,288.782,286.927,286.927,0,0
ABE_MV,D,20080410,000000,277.813,290.618,277.813,290.618,0,0
ABE_MV,D,20080411,000000,286.78,298.551,286.78,298.551,0,0
ABE_MV,D,20080414,000000,290.618,290.618,286.669,286.669,0,0
ABE_MV,D,20080415,000000,286.669,286.669,272.259,272.259,0,0
ABE_MV,D,20080416,000000,272.259,284.021,271.733,283.625,0,0
ABE_MV,D,20080417,000000,277.407,290.618,268.163,290.618,0,0
ABE_MV,D,20080418,000000,284.151,286.669,277.675,286.669,0,0
ABE_MV,D,20080421,000000,284.021,284.021,284.021,284.021,0,0
ABE_MV,D,20080422,000000,281.116,284.021,277.942,284.021,0,0
ABE_MV,D,20080423,000000,274.768,283.367,263.006,270.156,0,0
ABE_MV,D,20080424,000000,270.156,270.81,268.163,270.81,0,0
ABE_MV,D,20080425,000000,266.844,268.301,266.844,268.301,0,0
ABE_MV,D,20080428,000000,268.163,268.301,266.844,266.844,0,0
ABE_MV,D,20080429,000000,259.315,259.315,259.315,259.315,0,0
ABE_MV,D,20080430,000000,256.279,268.957,256.279,268.957,0,0
ABE_MV,D,20080505,000000,264.205,277.407,264.205,276.097,0,0
ABE_MV,D,20080506,000000,276.614,277.287,264.334,277.287,0,0
ABE_MV,D,20080507,000000,277.407,277.407,276.752,276.752,0,0
ABE_MV,D,20080508,000000,277.407,277.407,277.407,277.407,0,0
ABE_MV,D,20080509,000000,271.465,277.407,270.156,277.407,0,0
ABE_MV,D,20080513,000000,270.284,277.287,270.284,277.287,0,0
ABE_MV,D,20080515,000000,270.94,277.407,270.81,270.81,0,0
ABE_MV,D,20080516,000000,271.077,277.407,271.077,277.407,0,0
ABE_MV,D,20080519,000000,277.407,277.407,270.81,270.81,0,0
ABE_MV,D,20080520,000000,266.844,266.844,266.844,266.844,0,0
ABE_MV,D,20080521,000000,273.449,273.449,273.449,273.449,0,0
ABE_MV,D,20080523,000000,268.043,273.449,268.043,273.449,0,0
ABE_MV,D,20080526,000000,273.966,273.966,264.205,264.205,0,0
ABE_MV,D,20080527,000000,270.81,270.81,264.205,264.205,0,0
ABE_MV,D,20080528,000000,264.205,264.205,264.205,264.205,0,0
ABE_MV,D,20080529,000000,264.74,264.74,262.885,262.885,0,0
ABE_MV,D,20080530,000000,258.919,260.238,257.599,260.238,0,0
ABE_MV,D,20080602,000000,264.205,266.844,264.205,266.844,0,0
ABE_MV,D,20080604,000000,265.534,270.544,265.534,270.156,0,0
ABE_MV,D,20080605,000000,266.844,269.483,253.633,253.633,0,0
ABE_MV,D,20080606,000000,251.648,252.977,251.648,252.977,0,0
ABE_MV,D,20080609,000000,254.296,257.599,252.977,257.599,0,0
ABE_MV,D,20080610,000000,253.633,257.599,249.416,249.416,0,0
ABE_MV,D,20080611,000000,241.758,252.184,241.758,252.184,0,0
ABE_MV,D,20080612,000000,250.994,250.994,243.069,243.069,0,0
ABE_MV,D,20080613,000000,248.346,248.346,240.957,240.957,0,0
ABE_MV,D,20080616,000000,237.783,247.035,219.295,237.783,0,0
ABE_MV,D,20080617,000000,233.825,237.783,233.825,237.783,0,0
ABE_MV,D,20080618,000000,235.402,235.402,235.153,235.153,0,0
ABE_MV,D,20080619,000000,235.153,235.153,235.153,235.153,0,0
ABE_MV,D,20080620,000000,231.186,231.186,231.186,231.186,0,0
ABE_MV,D,20080623,000000,231.186,231.186,216.646,221.933,0,0
ABE_MV,D,20080624,000000,214.128,214.128,195.511,205.419,0,0
ABE_MV,D,20080625,000000,211.37,211.37,202.126,202.126,0,0
ABE_MV,D,20080626,000000,198.159,198.159,186.266,195.113,0,0
ABE_MV,D,20080627,000000,190.224,191.553,190.224,191.553,0,0
ABE_MV,D,20080630,000000,191.553,191.553,188.905,190.224,0,0
ABE_MV,D,20080701,000000,180.98,189.56,180.98,189.56,0,0
ABE_MV,D,20080702,000000,182.299,184.948,173.055,174.504,0,0
ABE_MV,D,20080703,000000,171.736,171.736,169.217,169.217,0,0
ABE_MV,D,20080704,000000,162.482,162.482,159.844,159.974,0,0
ABE_MV,D,20080707,000000,152.049,152.575,151.919,151.919,0,0
ABE_MV,D,20080708,000000,149.271,154.567,149.271,151.919,0,0
ABE_MV,D,20080709,000000,153.903,163.673,153.903,162.482,0,0
ABE_MV,D,20080710,000000,162.482,167.787,158.783,167.787,0,0
ABE_MV,D,20080711,000000,165.13,178.342,165.13,165.13,0,0
ABE_MV,D,20080714,000000,161.163,167.113,158.516,162.482,0,0
ABE_MV,D,20080715,000000,157.869,158.516,157.869,158.516,0,0
ABE_MV,D,20080716,000000,153.238,153.238,153.238,153.238,0,0
ABE_MV,D,20080717,000000,153.238,153.238,149.271,153.109,0,0
ABE_MV,D,20080718,000000,149.411,149.411,149.411,149.411,0,0
ABE_MV,D,20080721,000000,144.65,157.076,144.65,157.076,0,0
ABE_MV,D,20080722,000000,161.163,161.163,153.238,157.869,0,0
ABE_MV,D,20080723,000000,161.163,164.475,157.869,158.387,0,0
ABE_MV,D,20080724,000000,158.516,161.828,155.877,161.828,0,0
ABE_MV,D,20080725,000000,157.206,161.163,157.206,159.844,0,0
ABE_MV,D,20080728,000000,159.844,165.786,159.844,165.786,0,0
ABE_MV,D,20080729,000000,165,165.13,161.163,161.163,0,0
ABE_MV,D,20080731,000000,165.13,165.13,165.13,165.13,0,0
ABE_MV,D,20080804,000000,165.786,166.44,165.786,166.44,0,0
ABE_MV,D,20080805,000000,159.448,159.448,159.189,159.189,0,0
ABE_MV,D,20080806,000000,153.367,153.367,153.238,153.238,0,0
ABE_MV,D,20080807,000000,153.238,153.238,153.238,153.238,0,0
ABE_MV,D,20080808,000000,152.177,152.177,148.617,151.919,0,0
ABE_MV,D,20080811,000000,153.903,153.903,149.411,151.919,0,0
ABE_MV,D,20080812,000000,156.412,167.113,156.412,167.113,0,0
ABE_MV,D,20080813,000000,166.32,166.32,166.32,166.32,0,0
ABE_MV,D,20080814,000000,161.828,165.786,161.828,165.786,0,0
ABE_MV,D,20080818,000000,166.44,167.113,166.44,167.113,0,0
ABE_MV,D,20080819,000000,166.985,166.985,160.499,160.499,0,0
ABE_MV,D,20080820,000000,165,165,165,165,0,0
ABE_MV,D,20080821,000000,163.801,172.4,163.801,172.4,0,0
ABE_MV,D,20080822,000000,173.711,189.56,164.208,189.56,0,0
ABE_MV,D,20080825,000000,191.553,196.84,191.553,196.84,0,0
ABE_MV,D,20080826,000000,212.292,212.292,186.922,188.905,0,0
ABE_MV,D,20080827,000000,188.905,188.905,172.4,172.4,0,0
ABE_MV,D,20080828,000000,172.4,174.384,171.081,172.658,0,0
ABE_MV,D,20080829,000000,172.658,172.788,172.658,172.658,0,0
ABE_MV,D,20080901,000000,174.652,174.652,171.736,171.736,0,0
ABE_MV,D,20080902,000000,166.717,169.098,166.717,169.098,0,0
ABE_MV,D,20080903,000000,181.636,181.636,167.639,167.639,0,0
ABE_MV,D,20080904,000000,162.482,169.098,162.482,167.787,0,0
ABE_MV,D,20080905,000000,163.138,166.846,161.828,166.846,0,0
ABE_MV,D,20080908,000000,166.846,167.511,165.786,165.786,0,0
ABE_MV,D,20080909,000000,163.801,165.13,159.189,159.189,0,0
ABE_MV,D,20080910,000000,163.801,163.801,159.844,159.844,0,0
ABE_MV,D,20080911,000000,159.844,163.673,159.844,163.673,0,0
ABE_MV,D,20080912,000000,163.543,163.673,163.543,163.673,0,0
ABE_MV,D,20080915,000000,163.801,163.801,159.189,159.844,0,0
ABE_MV,D,20080917,000000,155.877,155.877,154.567,154.567,0,0
ABE_MV,D,20080919,000000,154.567,162.234,154.567,162.086,0,0
ABE_MV,D,20080922,000000,162.086,162.086,158.516,158.516,0,0
ABE_MV,D,20080923,000000,157.206,157.206,157.206,157.206,0,0
ABE_MV,D,20080925,000000,158.516,161.025,156.541,161.025,0,0
ABE_MV,D,20080926,000000,161.293,161.293,155.212,155.212,0,0
ABE_MV,D,20080930,000000,146.9,154.3,146.632,154.3,0,0
ABE_MV,D,20081001,000000,145.581,154.3,143.866,143.866,0,0
ABE_MV,D,20081002,000000,142.666,143.866,138.053,138.053,0,0
ABE_MV,D,20081003,000000,145.313,145.313,132.758,136.069,0,0
ABE_MV,D,20081006,000000,126.826,132.102,126.826,132.102,0,0
ABE_MV,D,20081007,000000,131.438,131.438,130.792,130.792,0,0
ABE_MV,D,20081008,000000,124.187,132.102,118.891,130.792,0,0
ABE_MV,D,20081009,000000,124.833,124.833,124.833,124.833,0,0
ABE_MV,D,20081010,000000,124.187,124.187,111.631,121.669,0,0
ABE_MV,D,20081013,000000,116.908,125.506,116.908,125.506,0,0
ABE_MV,D,20081014,000000,136.595,136.595,122.988,135.148,0,0
ABE_MV,D,20081015,000000,135.148,135.148,124.187,124.187,0,0
ABE_MV,D,20081016,000000,128.006,128.006,118.891,125.506,0,0
ABE_MV,D,20081017,000000,136.457,136.457,126.826,130.792,0,0
ABE_MV,D,20081020,000000,125.506,132.102,122.868,122.868,0,0
ABE_MV,D,20081021,000000,125.506,125.506,118.891,125.506,0,0
ABE_MV,D,20081022,000000,124.187,124.187,124.187,124.187,0,0
ABE_MV,D,20081023,000000,125.506,125.506,110.966,111.492,0,0
ABE_MV,D,20081024,000000,110.966,110.966,93.7974,109.251,0,0
ABE_MV,D,20081027,000000,105.679,109.518,105.679,109.518,0,0
ABE_MV,D,20081028,000000,109.647,111.492,106.345,111.492,0,0
ABE_MV,D,20081029,000000,116.243,116.243,112.285,114.269,0,0
ABE_MV,D,20081030,000000,114.934,114.934,107.008,110.828,0,0
ABE_MV,D,20081031,000000,109.518,113.338,109.518,113.338,0,0
ABE_MV,D,20081103,000000,105.809,116.243,105.809,116.243,0,0
ABE_MV,D,20081104,000000,125.506,125.506,116.243,116.243,0,0
ABE_MV,D,20081105,000000,121.539,121.539,109.767,115.985,0,0
ABE_MV,D,20081106,000000,115.579,115.985,114.934,114.934,0,0
ABE_MV,D,20081107,000000,114.934,114.934,97.8936,97.8936,0,0
ABE_MV,D,20081110,000000,105.679,105.679,105.025,105.025,0,0
ABE_MV,D,20081112,000000,105.025,105.025,97.7549,102.774,0,0
ABE_MV,D,20081113,000000,102.774,102.774,95.5044,101.593,0,0
ABE_MV,D,20081114,000000,99.0742,99.0742,93.5299,94.4525,0,0
ABE_MV,D,20081117,000000,93.1424,93.1424,85.2074,92.3398,0,0
ABE_MV,D,20081119,000000,89.8285,92.2014,89.8285,92.2014,0,0
ABE_MV,D,20081120,000000,93.1424,93.1424,93.1424,93.1424,0,0
ABE_MV,D,20081121,000000,93.7974,93.7974,79.2615,79.2615,0,0
ABE_MV,D,20081124,000000,79.2615,80.5863,72.6605,72.6605,0,0
ABE_MV,D,20081125,000000,75.3019,75.3019,65.5208,67.8991,0,0
ABE_MV,D,20081126,000000,66.0502,71.07,64.0714,64.7337,0,0
ABE_MV,D,20081127,000000,65.3879,66.0502,61.4301,61.4301,0,0
ABE_MV,D,20081128,000000,64.6018,64.6018,62.3489,64.0714,0,0
ABE_MV,D,20081201,000000,64.2043,65.6527,63.8067,63.8067,0,0
ABE_MV,D,20081202,000000,62.0925,63.8067,62.0925,63.2761,0,0
ABE_MV,D,20081203,000000,64.0714,65.5208,63.1443,63.1443,0,0
ABE_MV,D,20081204,000000,62.0925,62.0925,58.2574,58.2574,0,0
ABE_MV,D,20081205,000000,58.7869,58.7869,56.8089,56.8089,0,0
ABE_MV,D,20081208,000000,59.7077,59.7077,56.8089,56.8089,0,0
ABE_MV,D,20081209,000000,60.6339,60.6339,56.5423,56.8089,0,0
ABE_MV,D,20081210,000000,58.1245,58.1245,54.819,54.819,0,0
ABE_MV,D,20081211,000000,53.7691,53.7691,47.6884,48.6165,0,0
ABE_MV,D,20081212,000000,48.8813,48.8813,44.6495,47.8212,0,0
ABE_MV,D,20081215,000000,47.5565,48.0861,43.9871,46.2399,0,0
ABE_MV,D,20081216,000000,46.3636,46.3636,43.8551,46.2399,0,0
ABE_MV,D,20081217,000000,45.5776,45.5776,44.5176,45.3119,0,0
ABE_MV,D,20081218,000000,45.3119,45.3119,43.5977,44.9151,0,0
ABE_MV,D,20081219,000000,44.9151,45.4448,44.2528,45.4448,0,0
ABE_MV,D,20081222,000000,43.5977,43.8551,43.2002,43.8551,0,0
ABE_MV,D,20081223,000000,43.5977,44.3847,43.0673,44.3847,0,0
ABE_MV,D,20081229,000000,44.9151,45.5776,44.9151,45.5776,0,0
ABE_MV,D,20081230,000000,44.3847,46.2399,43.5977,46.2399,0,0
ABE_MV,D,20081231,000000,46.2399,46.2399,46.2399,46.2399,0,0
ABE_MV,D,20090105,000000,46.8932,50.4635,46.2399,50.1996,0,0
ABE_MV,D,20090106,000000,50.8612,52.1786,48.8813,50.1996,0,0
ABE_MV,D,20090107,000000,50.1996,50.1996,48.8813,48.8813,0,0
ABE_MV,D,20090108,000000,48.8813,48.8813,48.8813,48.8813,0,0
ABE_MV,D,20090109,000000,48.8813,48.8813,46.1071,46.2399,0,0
ABE_MV,D,20090112,000000,46.1071,47.4237,42.9353,46.1071,0,0
ABE_MV,D,20090113,000000,43.9871,44.2528,43.0673,43.2002,0,0
ABE_MV,D,20090114,000000,45.9752,45.9752,42.273,43.0673,0,0
ABE_MV,D,20090115,000000,43.5977,43.5977,42.273,42.5377,0,0
ABE_MV,D,20090116,000000,42.273,43.465,40.8236,43.3321,0,0
ABE_MV,D,20090119,000000,43.9871,45.3119,42.5377,42.5377,0,0
ABE_MV,D,20090120,000000,42.5377,42.5377,40.8236,41.7416,0,0
ABE_MV,D,20090121,000000,40.8236,48.7494,40.8236,48.7494,0,0
ABE_MV,D,20090122,000000,50.7283,50.7283,46.3636,48.8813,0,0
ABE_MV,D,20090123,000000,46.8932,47.5565,46.8932,47.5565,0,0
ABE_MV,D,20090126,000000,45.5776,46.2399,44.9151,46.2399,0,0
ABE_MV,D,20090127,000000,44.3847,47.2918,44.3847,44.9151,0,0
ABE_MV,D,20090128,000000,44.6495,45.9752,44.1208,44.1208,0,0
ABE_MV,D,20090129,000000,44.9151,44.9151,44.1208,44.1208,0,0
ABE_MV,D,20090130,000000,44.1208,44.1208,43.5977,43.5977,0,0
ABE_MV,D,20090202,000000,42.9353,42.9353,41.6088,41.6088,0,0
ABE_MV,D,20090203,000000,41.7416,41.7416,41.7416,41.7416,0,0
ABE_MV,D,20090204,000000,44.2528,44.2528,40.6908,40.8236,0,0
ABE_MV,D,20090205,000000,40.0275,40.0275,39.6307,39.6307,0,0
ABE_MV,D,20090206,000000,41.8744,41.8744,39.6307,39.6307,0,0
ABE_MV,D,20090209,000000,41.7416,41.7416,41.212,41.212,0,0
ABE_MV,D,20090210,000000,41.4768,41.4768,39.6307,39.6307,0,0
ABE_MV,D,20090211,000000,39.2331,39.2331,38.0486,39.2331,0,0
ABE_MV,D,20090212,000000,38.9683,38.9683,38.3143,38.3143,0,0
ABE_MV,D,20090213,000000,39.6307,39.6307,38.3143,38.5698,0,0
ABE_MV,D,20090216,000000,39.6307,39.6307,37.7847,37.7847,0,0
ABE_MV,D,20090217,000000,38.9683,40.9555,38.3143,38.3143,0,0
ABE_MV,D,20090218,000000,39.365,39.365,35.6702,35.6702,0,0
ABE_MV,D,20090219,000000,38.9683,38.9683,37.7847,38.3143,0,0
ABE_MV,D,20090220,000000,38.4378,45.4448,38.4378,42.6706,0,0
ABE_MV,D,20090223,000000,46.2399,46.2399,39.4979,39.8956,0,0
ABE_MV,D,20090224,000000,40.6908,40.6908,39.6307,40.425,0,0
ABE_MV,D,20090225,000000,41.212,41.212,40.425,40.6908,0,0
ABE_MV,D,20090226,000000,43.465,43.465,40.8236,40.9555,0,0
ABE_MV,D,20090227,000000,40.2922,41.7416,40.1603,41.6088,0,0
ABE_MV,D,20090302,000000,42.0063,42.0063,40.425,41.6088,0,0
ABE_MV,D,20090303,000000,40.425,41.7416,40.425,41.4768,0,0
ABE_MV,D,20090304,000000,41.4768,42.273,40.9555,42.273,0,0
ABE_MV,D,20090305,000000,42.1392,43.2002,42.1392,42.273,0,0
ABE_MV,D,20090306,000000,42.8034,44.7824,42.6706,43.5977,0,0
ABE_MV,D,20090309,000000,46.1071,50.1996,46.1071,48.219,0,0
ABE_MV,D,20090310,000000,48.4828,58.2574,48.4828,58.2574,0,0
ABE_MV,D,20090311,000000,60.6339,60.6339,54.4223,54.4223,0,0
ABE_MV,D,20090312,000000,53.901,56.5423,52.1786,55.0855,0,0
ABE_MV,D,20090313,000000,59.3174,59.3174,55.3513,56.8089,0,0
ABE_MV,D,20090316,000000,58.5221,60.7668,58.5221,60.6339,0,0
ABE_MV,D,20090317,000000,58.7869,58.7869,56.1456,56.4103,0,0
ABE_MV,D,20090318,000000,56.0137,57.3302,55.4833,55.4833,0,0
ABE_MV,D,20090319,000000,55.2184,61.9596,54.819,61.9596,0,0
ABE_MV,D,20090320,000000,62.2161,62.2161,58.3902,59.7077,0,0
ABE_MV,D,20090323,000000,63.2761,63.2761,59.8395,62.0925,0,0
ABE_MV,D,20090324,000000,64.2043,64.2043,59.4502,61.8269,0,0
ABE_MV,D,20090325,000000,61.694,62.7466,61.4301,61.9596,0,0
ABE_MV,D,20090326,000000,62.6137,64.6018,62.0925,62.0925,0,0
ABE_MV,D,20090327,000000,64.0714,67.6325,64.0714,64.0714,0,0
ABE_MV,D,20090330,000000,69.6216,69.6216,64.2043,66.0502,0,0
ABE_MV,D,20090331,000000,64.469,68.0311,64.469,66.0502,0,0
ABE_MV,D,20090401,000000,65.3879,65.3879,62.7466,62.7466,0,0
ABE_MV,D,20090402,000000,64.2043,66.0502,62.7466,64.7337,0,0
ABE_MV,D,20090403,000000,64.8583,66.0502,63.8067,64.3362,0,0
ABE_MV,D,20090406,000000,64.9902,66.7127,64.8583,66.5808,0,0
ABE_MV,D,20090407,000000,67.376,67.6325,66.1831,67.6325,0,0
ABE_MV,D,20090408,000000,64.7337,68.9583,64.7337,68.9583,0,0
ABE_MV,D,20090409,000000,72.6605,75.169,71.3348,75.169,0,0
ABE_MV,D,20090414,000000,78.5981,84.545,75.169,82.3004,0,0
ABE_MV,D,20090415,000000,83.7507,83.7507,80.3206,83.2285,0,0
ABE_MV,D,20090416,000000,81.9027,87.1909,81.3733,86.5221,0,0
ABE_MV,D,20090417,000000,87.7149,87.7149,82.4333,82.4333,0,0
ABE_MV,D,20090420,000000,76.6193,77.4145,73.3137,73.9761,0,0
ABE_MV,D,20090421,000000,72.7832,76.4864,71.9972,74.6394,0,0
ABE_MV,D,20090422,000000,75.3019,77.6802,73.9761,73.9761,0,0
ABE_MV,D,20090423,000000,77.1488,77.1488,75.3019,75.3019,0,0
ABE_MV,D,20090424,000000,75.5601,77.2825,75.5601,77.2825,0,0
ABE_MV,D,20090427,000000,79.3934,79.3934,76.6193,78.863,0,0
ABE_MV,D,20090428,000000,79.2615,79.2615,75.824,75.824,0,0
ABE_MV,D,20090429,000000,77.2825,92.3398,77.2825,86.5221,0,0
ABE_MV,D,20090430,000000,86.5221,88.3801,85.3448,85.473,0,0
ABE_MV,D,20090504,000000,88.3801,98.9548,88.3801,91.9431,0,0
ABE_MV,D,20090505,000000,93.7974,93.7974,89.8285,89.8285,0,0
ABE_MV,D,20090506,000000,89.8285,91.8139,87.1909,89.8285,0,0
ABE_MV,D,20090507,000000,91.5491,94.185,91.5491,93.5299,0,0
ABE_MV,D,20090508,000000,96.5656,101.722,94.4525,101.593,0,0
ABE_MV,D,20090511,000000,101.722,107.664,101.722,103.308,0,0
ABE_MV,D,20090512,000000,105.284,105.679,103.033,104.37,0,0
ABE_MV,D,20090513,000000,109.518,109.518,104.49,105.679,0,0
ABE_MV,D,20090514,000000,111.096,111.096,105.679,105.679,0,0
ABE_MV,D,20090515,000000,105.679,106.612,96.1683,96.1683,0,0
ABE_MV,D,20090518,000000,98.4194,102.515,97.1001,102.515,0,0
ABE_MV,D,20090519,000000,104.37,107.129,103.429,104.37,0,0
ABE_MV,D,20090520,000000,105.809,105.809,103.308,103.706,0,0
ABE_MV,D,20090521,000000,103.033,103.033,100.67,100.67,0,0
ABE_MV,D,20090522,000000,97.7549,101.058,97.7549,101.058,0,0
ABE_MV,D,20090525,000000,101.722,101.722,95.7721,95.7721,0,0
ABE_MV,D,20090526,000000,96.0397,96.436,92.4597,93.5299,0,0
ABE_MV,D,20090527,000000,96.436,98.9548,93.5299,98.6774,0,0
ABE_MV,D,20090528,000000,98.8161,98.8161,93.9174,96.1683,0,0
ABE_MV,D,20090529,000000,97.1001,97.2204,95.5044,95.5044,0,0
ABE_MV,D,20090601,000000,95.2462,97.7549,95.2462,97.4968,0,0
ABE_MV,D,20090602,000000,98.9548,99.0742,97.7549,98.6774,0,0
ABE_MV,D,20090603,000000,97.7549,100.8,97.2204,98.9548,0,0
ABE_MV,D,20090604,000000,100.264,100.264,97.1001,98.0226,0,0
ABE_MV,D,20090605,000000,99.0742,99.0742,96.1683,97.6259,0,0
ABE_MV,D,20090608,000000,97.6259,97.7549,96.3064,96.3064,0,0
ABE_MV,D,20090609,000000,96.0397,98.2719,95.7721,97.4968,0,0
ABE_MV,D,20090610,000000,99.4709,99.4709,97.1001,97.7549,0,0
ABE_MV,D,20090612,000000,97.7549,98.9548,97.1001,98.9548,0,0
ABE_MV,D,20090615,000000,99.2032,100.403,97.7549,97.8936,0,0
ABE_MV,D,20090616,000000,97.8936,104.102,97.8936,102.515,0,0
ABE_MV,D,20090617,000000,102.515,110.035,102.515,108.458,0,0
ABE_MV,D,20090618,000000,108.586,108.853,106.345,108.853,0,0
ABE_MV,D,20090619,000000,106.345,108.19,106.345,107.664,0,0
ABE_MV,D,20090622,000000,107.664,107.664,102.368,102.368,0,0
ABE_MV,D,20090623,000000,97.4968,103.033,97.4968,103.033,0,0
ABE_MV,D,20090624,000000,104.102,106.345,104.102,106.345,0,0
ABE_MV,D,20090625,000000,106.345,106.345,105.413,105.679,0,0
ABE_MV,D,20090626,000000,107.008,107.008,105.025,107.008,0,0
ABE_MV,D,20090629,000000,106.88,107.008,106.077,106.732,0,0
ABE_MV,D,20090630,000000,106.612,107.525,106.612,107.008,0,0
ABE_MV,D,20090701,000000,107.008,114.934,107.008,113.734,0,0
ABE_MV,D,20090702,000000,115.459,115.459,108.586,109.518,0,0
ABE_MV,D,20090703,000000,107.664,110.303,106.732,110.164,0,0
ABE_MV,D,20090706,000000,109.647,109.647,104.49,107.525,0,0
ABE_MV,D,20090707,000000,107.258,109.647,105.947,108.983,0,0
ABE_MV,D,20090708,000000,105.809,108.19,105.809,108.19,0,0
ABE_MV,D,20090709,000000,107.664,108.716,107.008,107.525,0,0
ABE_MV,D,20090710,000000,108.586,108.586,107.008,107.525,0,0
ABE_MV,D,20090713,000000,108.19,108.328,107.802,107.922,0,0
ABE_MV,D,20090714,000000,108.328,109.647,108.328,109.647,0,0
ABE_MV,D,20090715,000000,110.966,117.443,110.966,117.443,0,0
ABE_MV,D,20090716,000000,118.624,122.453,117.443,120.736,0,0
ABE_MV,D,20090717,000000,120.736,122.195,118.217,118.891,0,0
ABE_MV,D,20090720,000000,121.937,121.937,118.891,121.788,0,0
ABE_MV,D,20090721,000000,121.788,126.826,121.788,126.687,0,0
ABE_MV,D,20090722,000000,126.687,145.175,122.868,145.175,0,0
ABE_MV,D,20090723,000000,138.718,143.717,138.718,143.607,0,0
ABE_MV,D,20090724,000000,145.175,149.271,140.027,142.666,0,0
ABE_MV,D,20090727,000000,141.356,144.65,141.356,142.666,0,0
ABE_MV,D,20090728,000000,141.485,144.261,141.485,144.261,0,0
ABE_MV,D,20090729,000000,145.055,163.543,145.055,147.952,0,0
ABE_MV,D,20090730,000000,150.59,156.541,150.59,156.135,0,0
ABE_MV,D,20090731,000000,158.516,159.844,158.516,158.516,0,0
ABE_MV,D,20090803,000000,158.516,158.516,151.126,158.387,0,0
ABE_MV,D,20090804,000000,159.974,159.974,155.212,155.212,0,0
ABE_MV,D,20090805,000000,154.567,156.024,152.049,152.575,0,0
ABE_MV,D,20090806,000000,152.575,159.974,152.575,159.974,0,0
ABE_MV,D,20090807,000000,161.689,163.406,157.869,161.689,0,0
ABE_MV,D,20090810,000000,161.828,164.475,161.154,164.475,0,0
ABE_MV,D,20090811,000000,165.13,175.306,165.13,171.736,0,0
ABE_MV,D,20090812,000000,172.926,172.926,169.485,171.736,0,0
ABE_MV,D,20090813,000000,177.677,179.531,174.384,177.013,0,0
ABE_MV,D,20090814,000000,185.611,185.611,173.314,177.013,0,0
ABE_MV,D,20090817,000000,177.013,177.013,171.736,177.013,0,0
ABE_MV,D,20090818,000000,174.384,177.013,173.711,173.84,0,0
ABE_MV,D,20090819,000000,173.84,174.098,172.4,172.4,0,0
ABE_MV,D,20090820,000000,171.995,175.564,171.736,171.995,0,0
ABE_MV,D,20090821,000000,172.4,172.4,167.787,169.753,0,0
ABE_MV,D,20090824,000000,171.081,171.081,168.432,168.432,0,0
ABE_MV,D,20090825,000000,168.432,168.432,165.13,168.295,0,0
ABE_MV,D,20090826,000000,168.295,168.295,166.044,166.044,0,0
ABE_MV,D,20090827,000000,165.526,166.717,163.276,166.717,0,0
ABE_MV,D,20090828,000000,166.44,173.185,166.44,171.081,0,0
ABE_MV,D,20090831,000000,169.753,174.771,169.753,174.771,0,0
ABE_MV,D,20090901,000000,175.703,175.703,158.524,169.872,0,0
ABE_MV,D,20090902,000000,163.276,169.872,153.238,157.076,0,0
ABE_MV,D,20090903,000000,149.271,157.206,149.271,155.48,0,0
ABE_MV,D,20090904,000000,151.256,156.412,151.256,156.412,0,0
ABE_MV,D,20090907,000000,153.903,163.673,153.903,162.344,0,0
ABE_MV,D,20090908,000000,166.32,168.432,161.163,162.621,0,0
ABE_MV,D,20090909,000000,164.872,164.872,162.234,162.234,0,0
ABE_MV,D,20090910,000000,161.163,161.163,153.238,158.516,0,0
ABE_MV,D,20090911,000000,152.833,156.938,149.806,156.938,0,0
ABE_MV,D,20090914,000000,149.271,149.271,139.243,147.02,0,0
ABE_MV,D,20090915,000000,149.529,149.529,147.02,147.158,0,0
ABE_MV,D,20090916,000000,149.271,151.79,149.271,149.927,0,0
ABE_MV,D,20090917,000000,153.238,156.541,149.927,154.816,0,0
ABE_MV,D,20090918,000000,151.919,152.575,147.288,152.575,0,0
ABE_MV,D,20090921,000000,151.79,152.575,150.59,151.79,0,0
ABE_MV,D,20090922,000000,151.79,151.919,150.064,151.919,0,0
ABE_MV,D,20090923,000000,151.919,151.919,149.927,151.919,0,0
ABE_MV,D,20090924,000000,149.927,151.256,149.411,151.256,0,0
ABE_MV,D,20090925,000000,151.919,151.919,149.271,149.271,0,0
ABE_MV,D,20090928,000000,153.109,153.109,148.617,152.833,0,0
ABE_MV,D,20090929,000000,156.938,156.938,150.59,154.946,0,0
ABE_MV,D,20090930,000000,155.877,155.877,149.411,153.109,0,0
ABE_MV,D,20091001,000000,153.109,153.109,149.806,153.109,0,0
ABE_MV,D,20091002,000000,146.632,150.73,146.632,150.73,0,0
ABE_MV,D,20091005,000000,150.59,152.575,148.745,152.575,0,0
ABE_MV,D,20091006,000000,155.083,155.877,152.575,155.739,0,0
ABE_MV,D,20091007,000000,155.877,156.541,155.739,156.024,0,0
ABE_MV,D,20091008,000000,156.024,156.541,154.032,155.877,0,0
ABE_MV,D,20091009,000000,156.024,156.541,155.877,156.412,0,0
ABE_MV,D,20091012,000000,156.024,156.135,148.617,154.687,0,0
ABE_MV,D,20091013,000000,155.48,155.48,150.59,154.687,0,0
ABE_MV,D,20091014,000000,154.687,154.687,154.567,154.567,0,0
ABE_MV,D,20091015,000000,149.411,151.919,147.684,147.684,0,0
ABE_MV,D,20091016,000000,148.487,148.617,142.666,145.313,0,0
ABE_MV,D,20091019,000000,145.175,145.313,141.872,145.313,0,0
ABE_MV,D,20091020,000000,142.666,142.666,135.94,136.069,0,0
ABE_MV,D,20091021,000000,136.725,138.57,136.595,138.57,0,0
ABE_MV,D,20091022,000000,138.718,141.356,138.718,141.356,0,0
ABE_MV,D,20091023,000000,144.917,146.632,144.917,145.969,0,0
ABE_MV,D,20091026,000000,146.9,152.575,145.711,151.384,0,0
ABE_MV,D,20091027,000000,149.529,158.258,149.529,156.541,0,0
ABE_MV,D,20091028,000000,155.877,155.877,151.919,153.238,0,0
ABE_MV,D,20091029,000000,153.238,154.567,148.082,154.567,0,0
ABE_MV,D,20091030,000000,154.567,155.739,151.919,155.619,0,0
ABE_MV,D,20091102,000000,154.567,155.877,154.567,154.567,0,0
ABE_MV,D,20091103,000000,155.877,155.877,152.575,152.575,0,0
ABE_MV,D,20091104,000000,149.806,153.238,149.806,153.238,0,0
ABE_MV,D,20091105,000000,154.567,154.567,153.238,153.238,0,0
ABE_MV,D,20091106,000000,154.567,154.567,149.013,151.256,0,0
ABE_MV,D,20091109,000000,152.455,155.877,152.049,153.238,0,0
ABE_MV,D,20091110,000000,162.88,164.475,157.335,158.516,0,0
ABE_MV,D,20091112,000000,159.586,159.586,157.869,158.516,0,0
ABE_MV,D,20091113,000000,158.516,158.516,156.541,157.869,0,0
ABE_MV,D,20091116,000000,158.516,158.516,157.869,157.99,0,0
ABE_MV,D,20091117,000000,162.74,168.95,158.663,165.914,0,0
ABE_MV,D,20091118,000000,169.098,169.098,166.44,166.58,0,0
ABE_MV,D,20091119,000000,165.646,166.44,163.138,163.138,0,0
ABE_MV,D,20091120,000000,166.32,166.32,164.475,165.13,0,0
ABE_MV,D,20091123,000000,165.646,165.786,165.13,165.13,0,0
ABE_MV,D,20091124,000000,165.13,165.13,162.621,163.801,0,0
ABE_MV,D,20091125,000000,165.786,165.786,163.801,164.734,0,0
ABE_MV,D,20091126,000000,164.734,165.13,164.734,164.872,0,0
ABE_MV,D,20091127,000000,164.595,164.595,159.189,163.801,0,0
ABE_MV,D,20091130,000000,164.475,164.475,164.069,164.337,0,0
ABE_MV,D,20091201,000000,164.337,164.337,159.844,162.344,0,0
ABE_MV,D,20091202,000000,162.344,163.138,159.844,163.138,0,0
ABE_MV,D,20091203,000000,163.801,163.801,162.482,163.138,0,0
ABE_MV,D,20091204,000000,163.801,163.801,161.828,163.801,0,0
ABE_MV,D,20091207,000000,163.276,164.872,162.482,164.872,0,0
ABE_MV,D,20091208,000000,164.872,167.113,164.872,166.44,0,0
ABE_MV,D,20091209,000000,163.801,171.736,163.801,171.736,0,0
ABE_MV,D,20091210,000000,171.736,173.055,171.598,171.736,0,0
ABE_MV,D,20091211,000000,173.055,173.711,171.736,173.572,0,0
ABE_MV,D,20091214,000000,174.245,175.703,174.245,175.435,0,0
ABE_MV,D,20091215,000000,176.358,187.456,176.358,187.309,0,0
ABE_MV,D,20091216,000000,190.418,201.185,190.418,199.302,0,0
ABE_MV,D,20091217,000000,197.282,198.628,195.39,197.965,0,0
ABE_MV,D,20091218,000000,193.924,197.282,193.924,193.924,0,0
ABE_MV,D,20091221,000000,192.586,193.924,183.148,190.418,0,0
ABE_MV,D,20091222,000000,186.507,192.171,186.507,187.982,0,0
ABE_MV,D,20091223,000000,188.397,188.397,183.277,187.853,0,0
ABE_MV,D,20091228,000000,187.853,201.858,187.853,200.658,0,0
ABE_MV,D,20091229,000000,201.997,201.997,195.668,199.985,0,0
ABE_MV,D,20091230,000000,199.174,199.174,191.349,195.796,0,0
ABE_MV,D,20091231,000000,191.627,197.835,191.627,192.171,0,0
ABE_MV,D,20100104,000000,194.865,194.865,191.627,193.646,0,0
ABE_MV,D,20100105,000000,193.646,195.528,192.586,195.528,0,0
ABE_MV,D,20100106,000000,195.943,205.373,195.943,204.967,0,0
ABE_MV,D,20100107,000000,204.819,204.819,199.708,203.74,0,0
ABE_MV,D,20100108,000000,203.482,213.306,203.482,212.504,0,0
ABE_MV,D,20100111,000000,212.098,215.198,210.078,212.504,0,0
ABE_MV,D,20100112,000000,212.098,212.098,208.196,211.297,0,0
ABE_MV,D,20100113,000000,209.405,213.186,209.405,211.702,0,0
ABE_MV,D,20100114,000000,213.039,213.039,212.098,212.781,0,0
ABE_MV,D,20100115,000000,208.739,224.626,208.739,215.456,0,0
ABE_MV,D,20100118,000000,217.902,218.021,211.425,216.545,0,0
ABE_MV,D,20100119,000000,220.577,220.577,214.119,214.119,0,0
ABE_MV,D,20100120,000000,215.456,215.456,205.373,208.592,0,0
ABE_MV,D,20100121,000000,205.64,208.344,199.45,199.569,0,0
ABE_MV,D,20100122,000000,192.586,199.174,190.15,198.628,0,0
ABE_MV,D,20100125,000000,200.52,201.056,192.835,200.788,0,0
ABE_MV,D,20100126,000000,199.302,199.302,193.518,196.737,0,0
ABE_MV,D,20100127,000000,194.054,196.877,191.349,196.877,0,0
ABE_MV,D,20100128,000000,193.646,195.668,191.764,191.912,0,0
ABE_MV,D,20100129,000000,190.418,190.418,183.951,188.526,0,0
ABE_MV,D,20100201,000000,189.08,193.924,185.832,191.764,0,0
ABE_MV,D,20100202,000000,189.874,190.547,186.912,190.547,0,0
ABE_MV,D,20100203,000000,190.28,195.943,188.804,195.943,0,0
ABE_MV,D,20100204,000000,194.597,198.093,194.182,195.28,0,0
ABE_MV,D,20100205,000000,195.28,195.28,185.98,191.23,0,0
ABE_MV,D,20100208,000000,188.526,191.912,186.119,191.912,0,0
ABE_MV,D,20100209,000000,195.132,201.858,190.15,197.965,0,0
ABE_MV,D,20100210,000000,201.185,204.967,200.658,204.294,0,0
ABE_MV,D,20100211,000000,204.155,208.739,201.997,203.887,0,0
ABE_MV,D,20100212,000000,205.373,208.592,204.69,208.454,0,0
ABE_MV,D,20100215,000000,210.078,211.96,209.405,210.078,0,0
ABE_MV,D,20100216,000000,210.078,211.425,206.71,207.383,0,0
ABE_MV,D,20100217,000000,208.739,213.574,207.383,213.186,0,0
ABE_MV,D,20100218,000000,214.119,214.119,210.751,211.425,0,0
ABE_MV,D,20100219,000000,210.751,211.425,208.196,211.425,0,0
ABE_MV,D,20100222,000000,211.425,212.781,210.889,211.425,0,0
ABE_MV,D,20100223,000000,211.425,213.454,211.425,213.186,0,0
ABE_MV,D,20100224,000000,210.751,212.781,210.751,211.425,0,0
ABE_MV,D,20100225,000000,211.425,211.425,207.523,207.523,0,0
ABE_MV,D,20100226,000000,206.167,211.297,206.167,211.167,0,0
ABE_MV,D,20100301,000000,208.739,208.86,206.167,206.71,0,0
ABE_MV,D,20100302,000000,207.383,218.021,207.383,218.021,0,0
ABE_MV,D,20100303,000000,218.824,219.497,218.297,219.387,0,0
ABE_MV,D,20100304,000000,219.387,231.887,219.387,231.887,0,0
ABE_MV,D,20100305,000000,232.976,234.314,232.976,233.917,0,0
ABE_MV,D,20100308,000000,235.67,247.377,235.67,244.822,0,0
ABE_MV,D,20100309,000000,247.11,247.11,239.444,244.96,0,0
ABE_MV,D,20100310,000000,246.713,246.713,242.404,244.96,0,0
ABE_MV,D,20100311,000000,244.96,249.121,244.96,249.121,0,0
ABE_MV,D,20100312,000000,249.121,249.121,247.645,248.724,0,0
ABE_MV,D,20100315,000000,245.09,245.09,236.481,242.128,0,0
ABE_MV,D,20100316,000000,239.444,239.563,236.481,236.481,0,0
ABE_MV,D,20100317,000000,237.967,241.999,235.67,235.67,0,0
ABE_MV,D,20100318,000000,235.67,239.702,234.997,234.997,0,0
ABE_MV,D,20100319,000000,238.225,238.225,232.976,234.314,0,0
ABE_MV,D,20100322,000000,238.225,238.225,230.946,236.611,0,0
ABE_MV,D,20100323,000000,236.611,238.363,234.452,238.363,0,0
ABE_MV,D,20100324,000000,240.375,240.375,239.563,239.563,0,0
ABE_MV,D,20100325,000000,239.702,246.039,239.702,245.901,0,0
ABE_MV,D,20100326,000000,246.566,247.377,242.404,246.971,0,0
ABE_MV,D,20100329,000000,249.01,249.675,247.921,249.675,0,0
ABE_MV,D,20100330,000000,249.813,252.903,249.813,252.903,0,0
ABE_MV,D,20100331,000000,253.171,254.648,250.486,254.527,0,0
ABE_MV,D,20100401,000000,254.389,254.389,246.436,251.289,0,0
ABE_MV,D,20100406,000000,253.844,255.191,253.844,253.844,0,0
ABE_MV,D,20100407,000000,251.289,251.289,238.363,244.416,0,0
ABE_MV,D,20100408,000000,243.752,243.752,236.334,240.66,0,0
ABE_MV,D,20100409,000000,238.363,245.09,237.69,239.702,0,0
ABE_MV,D,20100412,000000,235.67,238.363,235.67,235.799,0,0
ABE_MV,D,20100413,000000,235.799,242.672,235.799,242.672,0,0
ABE_MV,D,20100414,000000,244.96,245.09,243.078,245.09,0,0
ABE_MV,D,20100415,000000,245.09,245.09,241.048,243.613,0,0
ABE_MV,D,20100416,000000,243.613,244.286,239.84,240.117,0,0
ABE_MV,D,20100419,000000,236.481,240.117,231.629,232.57,0,0
ABE_MV,D,20100420,000000,232.976,241.584,232.976,241.584,0,0
ABE_MV,D,20100421,000000,244.684,246.436,244.684,245.772,0,0
ABE_MV,D,20100422,000000,245.375,246.971,243.752,244.96,0,0
ABE_MV,D,20100423,000000,244.96,245.772,242.404,244.822,0,0
ABE_MV,D,20100426,000000,245.634,245.772,245.09,245.09,0,0
ABE_MV,D,20100427,000000,244.96,244.96,242.404,242.404,0,0
ABE_MV,D,20100428,000000,235.799,242.267,235.799,242.267,0,0
ABE_MV,D,20100429,000000,243.484,243.484,235.799,242.128,0,0
ABE_MV,D,20100430,000000,243.752,243.752,242.128,242.128,0,0
ABE_MV,D,20100504,000000,241.454,241.454,233.64,233.64,0,0
ABE_MV,D,20100505,000000,222.21,227.597,222.21,227.597,0,0
ABE_MV,D,20100506,000000,220.983,228.262,220.854,220.854,0,0
ABE_MV,D,20100507,000000,206.047,219.497,206.047,219.497,0,0
ABE_MV,D,20100510,000000,217.219,231.629,217.219,231.49,0,0
ABE_MV,D,20100511,000000,232.976,233.511,224.351,228.945,0,0
ABE_MV,D,20100512,000000,227.597,232.293,227.597,232.293,0,0
ABE_MV,D,20100513,000000,232.293,232.293,232.035,232.293,0,0
ABE_MV,D,20100514,000000,232.709,232.709,228.945,230.024,0,0
ABE_MV,D,20100517,000000,228.667,228.667,223.668,226.648,0,0
ABE_MV,D,20100518,000000,226.648,226.648,223.252,223.252,0,0
ABE_MV,D,20100519,000000,223.123,223.123,215.134,219.202,0,0
ABE_MV,D,20100520,000000,216.508,216.508,215.134,215.134,0,0
ABE_MV,D,20100521,000000,210.808,212.837,207.024,211.756,0,0
ABE_MV,D,20100524,000000,226.093,226.093,219.202,219.202,0,0
ABE_MV,D,20100525,000000,217.855,217.855,213.787,216.092,0,0
ABE_MV,D,20100526,000000,216.222,230.024,216.222,227.459,0,0
ABE_MV,D,20100527,000000,229.203,232.524,228.667,232.524,0,0
ABE_MV,D,20100528,000000,238.014,238.014,233.889,234.849,0,0
ABE_MV,D,20100531,000000,235.255,235.255,232.524,232.524,0,0
ABE_MV,D,20100601,000000,231.149,233.889,229.765,230.448,0,0
ABE_MV,D,20100602,000000,230.993,230.993,221.638,221.638,0,0
ABE_MV,D,20100604,000000,232.238,232.238,222.884,224.257,0,0
ABE_MV,D,20100607,000000,222.884,222.884,222.884,222.884,0,0
ABE_MV,D,20100608,000000,221.371,223.566,220.134,220.134,0,0
ABE_MV,D,20100609,000000,221.508,222.884,220.134,222.744,0,0
ABE_MV,D,20100610,000000,222.884,222.884,222.191,222.191,0,0
ABE_MV,D,20100611,000000,222.884,224.257,218.068,218.068,0,0
ABE_MV,D,20100614,000000,218.749,218.749,214.903,216.001,0,0
ABE_MV,D,20100615,000000,216.693,224.257,216.693,223.566,0,0
ABE_MV,D,20100616,000000,225.633,225.633,225.633,225.633,0,0
ABE_MV,D,20100617,000000,225.633,229.765,224.257,229.765,0,0
ABE_MV,D,20100618,000000,221.776,228.242,221.776,228.242,0,0
ABE_MV,D,20100621,000000,228.382,230.448,227.137,230.448,0,0
ABE_MV,D,20100622,000000,230.448,231.823,228.382,230.448,0,0
ABE_MV,D,20100623,000000,229.765,229.765,229.765,229.765,0,0
ABE_MV,D,20100624,000000,229.618,229.618,227.69,227.69,0,0
ABE_MV,D,20100625,000000,227.69,227.69,216.001,217.375,0,0
ABE_MV,D,20100628,000000,220.134,222.884,220.134,220.134,0,0
ABE_MV,D,20100629,000000,220.134,221.508,220.134,221.508,0,0
ABE_MV,D,20100630,000000,220.134,228.797,213.242,221.508,0,0
ABE_MV,D,20100701,000000,224.257,224.257,224.12,224.12,0,0
ABE_MV,D,20100702,000000,223.972,224.12,217.375,223.842,0,0
ABE_MV,D,20100705,000000,225.493,225.633,220.134,220.134,0,0
ABE_MV,D,20100706,000000,225.218,225.633,220.254,225.356,0,0
ABE_MV,D,20100707,000000,227.69,230.993,220.817,230.993,0,0
ABE_MV,D,20100708,000000,230.993,230.993,226.739,226.739,0,0
ABE_MV,D,20100709,000000,229.073,229.765,229.073,229.765,0,0
ABE_MV,D,20100712,000000,229.765,229.765,224.387,227.007,0,0
ABE_MV,D,20100713,000000,229.618,229.618,224.387,229.193,0,0
ABE_MV,D,20100714,000000,226.324,229.618,225.633,229.073,0,0
ABE_MV,D,20100715,000000,227.007,229.193,225.633,225.633,0,0
ABE_MV,D,20100716,000000,222.884,229.618,222.884,229.618,0,0
ABE_MV,D,20100719,000000,220.134,225.633,220.134,225.633,0,0
ABE_MV,D,20100720,000000,224.94,230.448,224.94,230.448,0,0
ABE_MV,D,20100721,000000,230.725,231.149,225.633,225.633,0,0
ABE_MV,D,20100722,000000,225.761,225.761,225.633,225.633,0,0
ABE_MV,D,20100723,000000,225.761,231.149,225.761,229.618,0,0
ABE_MV,D,20100726,000000,226.591,234.443,226.591,233.889,0,0
ABE_MV,D,20100727,000000,233.889,233.889,228.382,233.742,0,0
ABE_MV,D,20100728,000000,236.638,236.638,231.149,233.742,0,0
ABE_MV,D,20100729,000000,233.742,233.889,228.382,233.889,0,0
ABE_MV,D,20100730,000000,233.889,235.255,229.765,235.255,0,0
ABE_MV,D,20100802,000000,235.947,238.014,235.255,235.255,0,0
ABE_MV,D,20100803,000000,237.331,247.636,237.331,246.27,0,0
ABE_MV,D,20100804,000000,246.27,260.035,240.91,260.035,0,0
ABE_MV,D,20100805,000000,259.057,259.057,251.768,251.907,0,0
ABE_MV,D,20100806,000000,253.144,253.144,253.144,253.144,0,0
ABE_MV,D,20100809,000000,247.516,250.403,244.895,247.636,0,0
ABE_MV,D,20100810,000000,247.516,247.636,247.516,247.636,0,0
ABE_MV,D,20100811,000000,239.933,246.27,239.793,239.793,0,0
ABE_MV,D,20100812,000000,239.793,244.748,239.793,242.137,0,0
ABE_MV,D,20100813,000000,243.521,243.521,242.137,242.137,0,0
ABE_MV,D,20100816,000000,240.763,242.137,240.763,242.137,0,0
ABE_MV,D,20100817,000000,242.275,252.184,242.275,251.492,0,0
ABE_MV,D,20100818,000000,252.461,252.461,246.538,249.563,0,0
ABE_MV,D,20100819,000000,248.336,249.297,248.336,249.297,0,0
ABE_MV,D,20100820,000000,246.538,249.029,243.521,249.029,0,0
ABE_MV,D,20100823,000000,248.336,249.029,247.636,247.636,0,0
ABE_MV,D,20100824,000000,244.895,246.27,244.895,244.895,0,0
ABE_MV,D,20100825,000000,245.025,247.636,245.025,247.636,0,0
ABE_MV,D,20100826,000000,248.89,248.89,245.025,247.229,0,0
ABE_MV,D,20100827,000000,247.636,248.466,247.636,248.336,0,0
ABE_MV,D,20100830,000000,255.072,269.519,248.336,264.971,0,0
ABE_MV,D,20100831,000000,264.149,269.38,264.149,265.525,0,0
ABE_MV,D,20100901,000000,269.232,269.38,265.386,269.38,0,0
ABE_MV,D,20100902,000000,268.974,276.411,268.974,276.411,0,0
ABE_MV,D,20100903,000000,276.669,282.038,276.669,279.981,0,0
ABE_MV,D,20100906,000000,280.922,300.757,280.811,300.757,0,0
ABE_MV,D,20100907,000000,300.878,300.878,288.367,288.367,0,0
ABE_MV,D,20100908,000000,288.367,288.367,268.421,282.038,0,0
ABE_MV,D,20100909,000000,282.038,287.546,278.459,280.535,0,0
ABE_MV,D,20100910,000000,280.664,280.664,277.914,280.664,0,0
ABE_MV,D,20100913,000000,282.038,285.332,282.038,284.095,0,0
ABE_MV,D,20100914,000000,285.212,285.332,284.095,284.64,0,0
ABE_MV,D,20100915,000000,287.407,294.419,287.407,287.546,0,0
ABE_MV,D,20100916,000000,294.151,301.015,294.151,300.332,0,0
ABE_MV,D,20100917,000000,301.993,302.39,300.619,302.39,0,0
ABE_MV,D,20100920,000000,302.538,306.809,301.993,305.693,0,0
ABE_MV,D,20100921,000000,306.661,312.317,306.117,310.112,0,0
ABE_MV,D,20100922,000000,312.16,312.16,297.999,300.462,0,0
ABE_MV,D,20100923,000000,300.462,300.462,285.212,297.178,0,0
ABE_MV,D,20100924,000000,285.47,293.727,284.797,291.66,0,0
ABE_MV,D,20100927,000000,292.361,292.361,283.421,283.421,0,0
ABE_MV,D,20100928,000000,279.289,288.929,271.723,287.407,0,0
ABE_MV,D,20100929,000000,289.465,289.465,282.186,282.186,0,0
ABE_MV,D,20100930,000000,282.038,282.186,278.606,278.606,0,0
ABE_MV,D,20101001,000000,275.986,282.038,275.986,279.289,0,0
ABE_MV,D,20101004,000000,283.421,284.095,282.731,284.095,0,0
ABE_MV,D,20101005,000000,291.66,297.178,291.66,297.178,0,0
ABE_MV,D,20101006,000000,297.861,306.809,297.178,299.234,0,0
ABE_MV,D,20101007,000000,297.721,299.927,297.178,297.178,0,0
ABE_MV,D,20101008,000000,297.178,297.178,294.419,297.178,0,0
ABE_MV,D,20101011,000000,297.178,301.301,297.178,301.301,0,0
ABE_MV,D,20101012,000000,299.927,301.301,295.794,301.301,0,0
ABE_MV,D,20101013,000000,301.301,303.22,294.566,295.941,0,0
ABE_MV,D,20101014,000000,294.566,294.566,286.171,286.301,0,0
ABE_MV,D,20101015,000000,286.301,286.845,286.301,286.578,0,0
ABE_MV,D,20101018,000000,286.725,306.809,286.301,305.425,0,0
ABE_MV,D,20101019,000000,306.809,306.809,298.819,298.819,0,0
ABE_MV,D,20101020,000000,296.476,302.676,296.476,302.538,0,0
ABE_MV,D,20101021,000000,302.676,302.676,299.927,299.927,0,0
ABE_MV,D,20101022,000000,300.619,302.538,299.788,302.538,0,0
ABE_MV,D,20101025,000000,302.676,321.93,302.676,320.418,0,0
ABE_MV,D,20101026,000000,320.555,323.314,316.423,317.668,0,0
ABE_MV,D,20101027,000000,316.423,323.314,310.942,323.314,0,0
ABE_MV,D,20101028,000000,328.526,328.526,324.689,327.308,0,0
ABE_MV,D,20101029,000000,327.16,327.308,323.314,327.308,0,0
ABE_MV,D,20101102,000000,327.438,329.089,326.755,328.389,0,0
ABE_MV,D,20101103,000000,328.389,329.227,323.314,327.308,0,0
ABE_MV,D,20101104,000000,328.811,328.811,310.942,323.037,0,0
ABE_MV,D,20101105,000000,322.76,322.76,309.559,317.391,0,0
ABE_MV,D,20101108,000000,323.314,326.063,312.317,321.791,0,0
ABE_MV,D,20101109,000000,323.996,324.274,316.423,321.118,0,0
ABE_MV,D,20101110,000000,320.555,320.555,316.423,320.418,0,0
ABE_MV,D,20101112,000000,316.423,316.423,312.317,316.423,0,0
ABE_MV,D,20101115,000000,315.74,321.93,315.74,316.423,0,0
ABE_MV,D,20101116,000000,312.317,312.317,296.9,309.559,0,0
ABE_MV,D,20101117,000000,302.676,316.423,302.676,316.423,0,0
ABE_MV,D,20101118,000000,315.057,316.423,309.559,309.559,0,0
ABE_MV,D,20101119,000000,315.74,318.507,313.138,318.507,0,0
ABE_MV,D,20101122,000000,319.882,325.934,319.882,324.956,0,0
ABE_MV,D,20101123,000000,325.372,325.372,316.423,317.806,0,0
ABE_MV,D,20101124,000000,320.418,320.418,317.806,320.418,0,0
ABE_MV,D,20101125,000000,318.084,325.934,318.084,325.934,0,0
ABE_MV,D,20101126,000000,324.689,331.562,324.689,327.438,0,0
ABE_MV,D,20101129,000000,321.93,332.668,321.93,330.187,0,0
ABE_MV,D,20101130,000000,331.562,335.695,327.438,335.695,0,0
ABE_MV,D,20101201,000000,335.695,341.202,332.936,339.827,0,0
ABE_MV,D,20101202,000000,342.3,345.317,342.153,345.187,0,0
ABE_MV,D,20101203,000000,344.09,345.317,337.078,341.885,0,0
ABE_MV,D,20101206,000000,337.328,343.813,337.328,343.813,0,0
ABE_MV,D,20101207,000000,345.317,345.317,337.078,343.942,0,0
ABE_MV,D,20101208,000000,343.942,343.942,337.752,339.827,0,0
ABE_MV,D,20101209,000000,343.813,345.317,343.26,343.26,0,0
ABE_MV,D,20101210,000000,343.942,343.942,340.51,340.51,0,0
ABE_MV,D,20101213,000000,344.634,346.7,343.942,346.7,0,0
ABE_MV,D,20101214,000000,346.7,346.7,341.202,343.26,0,0
ABE_MV,D,20101215,000000,346.553,359.081,340.51,359.081,0,0
ABE_MV,D,20101216,000000,358.934,374.211,357.708,374.211,0,0
ABE_MV,D,20101217,000000,378.346,378.346,346.553,346.553,0,0
ABE_MV,D,20101220,000000,348.076,352.061,330.187,337.078,0,0
ABE_MV,D,20101221,000000,330.187,337.078,327.438,336.377,0,0
ABE_MV,D,20101222,000000,337.078,345.317,336.377,343.942,0,0
ABE_MV,D,20101223,000000,348.759,349.174,343.942,343.942,0,0
ABE_MV,D,20101227,000000,341.332,343.942,339.126,343.942,0,0
ABE_MV,D,20101228,000000,349.174,357.708,343.942,357.568,0,0
ABE_MV,D,20101229,000000,357.708,371.194,354.939,365.549,0,0
ABE_MV,D,20101230,000000,368.713,368.713,362.246,364.589,0,0
ABE_MV,D,20101231,000000,364.589,371.462,364.589,364.589,0,0
ABE_MV,D,20110103,000000,364.589,364.589,357.708,364.589,0,0
ABE_MV,D,20110104,000000,361.83,361.83,357.708,361.83,0,0
ABE_MV,D,20110105,000000,360.457,360.457,350.834,350.834,0,0
ABE_MV,D,20110107,000000,350.834,350.834,343.942,343.942,0,0
ABE_MV,D,20110110,000000,357.568,357.568,338.453,338.453,0,0
ABE_MV,D,20110111,000000,345.88,351.102,341.202,350.834,0,0
ABE_MV,D,20110112,000000,349.45,360.179,348.076,359.081,0,0
ABE_MV,D,20110113,000000,359.081,361.83,357.708,361.83,0,0
ABE_MV,D,20110114,000000,352.089,364.626,352.089,363.233,0,0
ABE_MV,D,20110117,000000,361.693,364.626,353.482,353.759,0,0
ABE_MV,D,20110118,000000,361.83,361.83,353.759,360.715,0,0
ABE_MV,D,20110119,000000,361.83,361.83,355.16,360.437,0,0
ABE_MV,D,20110120,000000,356.683,360.585,356.683,360.437,0,0
ABE_MV,D,20110121,000000,361.693,361.83,354.174,360.437,0,0
ABE_MV,D,20110124,000000,354.321,354.321,350.132,350.132,0,0
ABE_MV,D,20110125,000000,352.089,354.875,347.909,347.909,0,0
ABE_MV,D,20110126,000000,347.909,352.089,347.909,352.089,0,0
ABE_MV,D,20110127,000000,347.909,352.089,346.516,352.089,0,0
ABE_MV,D,20110128,000000,341.793,341.793,341.793,341.793,0,0
ABE_MV,D,20110131,000000,340.954,341.793,328.425,336.774,0,0
ABE_MV,D,20110201,000000,335.39,339.431,332.742,338.167,0,0
ABE_MV,D,20110202,000000,339.431,341.378,338.167,341.378,0,0
ABE_MV,D,20110203,000000,339.431,347.641,339.431,340.954,0,0
ABE_MV,D,20110204,000000,342.355,345.142,340.954,344.985,0,0
ABE_MV,D,20110207,000000,340.954,345.142,340.954,345.142,0,0
ABE_MV,D,20110208,000000,340.954,345.142,340.954,345.142,0,0
ABE_MV,D,20110209,000000,345.142,345.142,342.355,344.431,0,0
ABE_MV,D,20110210,000000,340.954,344.431,339.561,339.561,0,0
ABE_MV,D,20110211,000000,333.997,333.997,332.604,333.997,0,0
ABE_MV,D,20110214,000000,333.997,333.997,330.104,333.296,0,0
ABE_MV,D,20110215,000000,333.296,333.997,330.241,333.997,0,0
ABE_MV,D,20110216,000000,331.211,333.997,330.519,330.519,0,0
ABE_MV,D,20110217,000000,330.519,333.997,330.519,333.997,0,0
ABE_MV,D,20110218,000000,332.604,342.069,331.211,342.069,0,0
ABE_MV,D,20110221,000000,339.007,342.069,339.007,339.146,0,0
ABE_MV,D,20110222,000000,342.069,342.069,331.359,331.487,0,0
ABE_MV,D,20110223,000000,331.072,339.985,331.072,339.985,0,0
ABE_MV,D,20110225,000000,334.689,340.123,334.689,339.561,0,0
ABE_MV,D,20110228,000000,348.897,349.302,347.909,347.909,0,0
ABE_MV,D,20110301,000000,346.516,347.909,340.954,347.909,0,0
ABE_MV,D,20110302,000000,346.516,346.516,339.561,340.954,0,0
ABE_MV,D,20110303,000000,340.954,351.388,333.997,350.695,0,0
ABE_MV,D,20110304,000000,351.388,351.388,347.641,350.013,0,0
ABE_MV,D,20110307,000000,350.013,350.695,347.909,350.695,0,0
ABE_MV,D,20110308,000000,350.695,350.695,348.619,350.695,0,0
ABE_MV,D,20110309,000000,347.909,353.482,347.909,352.245,0,0
ABE_MV,D,20110310,000000,353.482,361.83,352.245,361.83,0,0
ABE_MV,D,20110311,000000,361.83,366.001,359.192,366.001,0,0
ABE_MV,D,20110314,000000,366.001,367.394,364.884,367.394,0,0
ABE_MV,D,20110315,000000,366.001,366.001,357.651,366.001,0,0
ABE_MV,D,20110316,000000,366.001,366.001,357.946,361.83,0,0
ABE_MV,D,20110317,000000,360.437,366.001,357.651,366.001,0,0
ABE_MV,D,20110318,000000,361.83,368.787,356.406,361.83,0,0
ABE_MV,D,20110321,000000,359.192,366.702,359.044,361.83,0,0
ABE_MV,D,20110322,000000,361.83,361.83,359.339,361.83,0,0
ABE_MV,D,20110323,000000,361.83,363.233,361.83,363.233,0,0
ABE_MV,D,20110324,000000,362.118,366.564,359.044,366.564,0,0
ABE_MV,D,20110325,000000,366.859,372.975,361.978,371.582,0,0
ABE_MV,D,20110328,000000,372.975,375.744,371.582,375.744,0,0
ABE_MV,D,20110329,000000,370.189,375.744,364.626,372.975,0,0
ABE_MV,D,20110330,000000,371.425,372.975,366.97,372.818,0,0
ABE_MV,D,20110331,000000,374.221,374.221,370.189,372.975,0,0
ABE_MV,D,20110401,000000,372.975,372.975,369.202,371.425,0,0
ABE_MV,D,20110404,000000,370.872,372.818,361.83,361.83,0,0
ABE_MV,D,20110405,000000,361.693,361.83,350.695,359.754,0,0
ABE_MV,D,20110406,000000,359.044,362.929,351.11,359.754,0,0
ABE_MV,D,20110407,000000,363.086,363.086,352.781,352.781,0,0
ABE_MV,D,20110408,000000,361.83,361.83,352.781,353.759,0,0
ABE_MV,D,20110411,000000,351.941,351.941,339.561,347.217,0,0
ABE_MV,D,20110412,000000,346.811,354.875,342.623,354.875,0,0
ABE_MV,D,20110413,000000,346.664,352.089,346.664,349.302,0,0
ABE_MV,D,20110414,000000,349.302,361.13,349.302,361.13,0,0
ABE_MV,D,20110415,000000,360.437,361.13,355.16,356.258,0,0
ABE_MV,D,20110418,000000,356.258,356.258,345.41,354.875,0,0
ABE_MV,D,20110419,000000,347.909,354.875,347.909,354.875,0,0
ABE_MV,D,20110420,000000,348.897,370.189,348.897,370.189,0,0
ABE_MV,D,20110421,000000,367.394,370.189,363.916,370.189,0,0
ABE_MV,D,20110426,000000,370.189,370.189,357.651,363.233,0,0
ABE_MV,D,20110427,000000,354.875,363.233,352.089,353.482,0,0
ABE_MV,D,20110428,000000,345.973,353.482,345.558,352.504,0,0
ABE_MV,D,20110429,000000,345.41,352.781,345.41,352.781,0,0
ABE_MV,D,20110502,000000,343.038,352.781,341.23,350.013,0,0
ABE_MV,D,20110504,000000,341.793,347.504,340.954,347.504,0,0
ABE_MV,D,20110505,000000,342.484,347.504,342.484,342.623,0,0
ABE_MV,D,20110506,000000,342.779,345.142,342.355,345.142,0,0
ABE_MV,D,20110509,000000,342.484,347.909,342.355,347.909,0,0
ABE_MV,D,20110510,000000,347.909,347.909,343.868,347.909,0,0
ABE_MV,D,20110511,000000,343.868,347.909,343.868,346.248,0,0
ABE_MV,D,20110512,000000,344.985,344.985,342.355,342.909,0,0
ABE_MV,D,20110513,000000,342.484,347.909,340.954,340.954,0,0
ABE_MV,D,20110516,000000,342.355,353.343,332.604,332.604,0,0
ABE_MV,D,20110517,000000,333.997,342.355,330.519,342.355,0,0
ABE_MV,D,20110518,000000,330.953,351.941,330.953,351.941,0,0
ABE_MV,D,20110519,000000,350.013,351.674,337.623,351.674,0,0
ABE_MV,D,20110520,000000,351.11,352.089,341.101,352.089,0,0
ABE_MV,D,20110523,000000,340.954,351.941,340.954,351.941,0,0
ABE_MV,D,20110524,000000,352.089,352.089,351.941,352.089,0,0
ABE_MV,D,20110525,000000,348.619,351.259,348.619,350.013,0,0
ABE_MV,D,20110526,000000,349.302,350.695,349.302,349.302,0,0
ABE_MV,D,20110527,000000,341.516,349.45,340.954,349.45,0,0
ABE_MV,D,20110530,000000,347.641,349.302,342.069,349.302,0,0
ABE_MV,D,20110531,000000,347.909,347.909,347.909,347.909,0,0
ABE_MV,D,20110601,000000,341.101,345.825,329.966,345.825,0,0
ABE_MV,D,20110602,000000,337.623,346.516,337.475,346.516,0,0
ABE_MV,D,20110603,000000,345.825,347.781,345.825,347.781,0,0
ABE_MV,D,20110606,000000,343.749,345.142,334.421,345.142,0,0
ABE_MV,D,20110607,000000,343.749,343.749,343.749,343.749,0,0
ABE_MV,D,20110608,000000,336.774,339.561,333.997,339.561,0,0
ABE_MV,D,20110609,000000,333.296,338.167,333.296,338.167,0,0
ABE_MV,D,20110610,000000,333.997,340.4,333.296,340.4,0,0
ABE_MV,D,20110613,000000,338.167,339.561,332.604,336.082,0,0
ABE_MV,D,20110614,000000,340.954,340.954,334.837,334.837,0,0
ABE_MV,D,20110615,000000,334.837,334.837,331.211,334.837,0,0
ABE_MV,D,20110616,000000,322.04,327.032,321.617,324.255,0,0
ABE_MV,D,20110617,000000,331.211,332.604,324.255,331.211,0,0
ABE_MV,D,20110620,000000,321.063,331.784,321.063,331.784,0,0
ABE_MV,D,20110621,000000,325.638,331.784,324.255,331.784,0,0
ABE_MV,D,20110622,000000,324.679,331.784,324.679,328.305,0,0
ABE_MV,D,20110624,000000,324.255,327.742,324.255,327.742,0,0
ABE_MV,D,20110627,000000,321.469,327.742,321.469,327.742,0,0
ABE_MV,D,20110628,000000,321.469,327.742,321.469,327.742,0,0
ABE_MV,D,20110629,000000,314.642,327.742,314.642,327.686,0,0
ABE_MV,D,20110630,000000,316.524,329.219,316.524,329.219,0,0
ABE_MV,D,20110701,000000,321.681,330.612,321.552,330.612,0,0
ABE_MV,D,20110704,000000,323.922,331.312,323.922,331.312,0,0
ABE_MV,D,20110705,000000,331.865,332.005,327.826,332.005,0,0
ABE_MV,D,20110706,000000,331.865,332.005,328.249,328.664,0,0
ABE_MV,D,20110707,000000,330.334,332.005,327.826,332.005,0,0
ABE_MV,D,20110708,000000,328.111,332.005,328.111,328.517,0,0
ABE_MV,D,20110711,000000,328.517,328.517,326.432,326.432,0,0
ABE_MV,D,20110712,000000,326.432,326.432,315.131,325.03,0,0
ABE_MV,D,20110713,000000,315.268,320.832,315.268,316.661,0,0
ABE_MV,D,20110714,000000,315.268,317.502,315.268,317.354,0,0
ABE_MV,D,20110715,000000,315.268,317.354,315.268,317.354,0,0
ABE_MV,D,20110718,000000,315.131,315.131,312.474,312.612,0,0
ABE_MV,D,20110719,000000,307.593,308.303,302.02,308.303,0,0
ABE_MV,D,20110720,000000,313.875,318.064,305.499,317.917,0,0
ABE_MV,D,20110721,000000,312.612,317.917,312.612,313.875,0,0
ABE_MV,D,20110722,000000,314.578,317.917,314.578,317.917,0,0
ABE_MV,D,20110725,000000,308.719,320.832,308.719,320.832,0,0
ABE_MV,D,20110726,000000,320.832,325.722,314.291,325.722,0,0
ABE_MV,D,20110727,000000,325.03,325.03,325.03,325.03,0,0
ABE_MV,D,20110728,000000,314.014,324.762,313.875,324.762,0,0
ABE_MV,D,20110729,000000,324.468,325.03,315.268,325.03,0,0
ABE_MV,D,20110801,000000,317.086,325.03,317.086,325.03,0,0
ABE_MV,D,20110802,000000,324.891,324.891,324.891,324.891,0,0
ABE_MV,D,20110803,000000,316.661,324.891,293.367,303.977,0,0
ABE_MV,D,20110804,000000,295.886,306.753,279.003,291.55,0,0
ABE_MV,D,20110805,000000,270.765,297.824,270.635,297.824,0,0
ABE_MV,D,20110808,000000,273.966,290.166,273.966,290.166,0,0
ABE_MV,D,20110809,000000,283.183,285.829,271.328,285.829,0,0
ABE_MV,D,20110810,000000,277.878,304.106,277.878,304.106,0,0
ABE_MV,D,20110811,000000,279.427,304.106,279.427,304.106,0,0
ABE_MV,D,20110812,000000,299.632,309.688,299.632,309.411,0,0
ABE_MV,D,20110816,000000,306.91,308.996,306.91,306.91,0,0
ABE_MV,D,20110817,000000,306.91,306.91,303.829,303.829,0,0
ABE_MV,D,20110818,000000,299.927,299.927,286.254,297.824,0,0
ABE_MV,D,20110819,000000,284.576,297.824,280.119,295.184,0,0
ABE_MV,D,20110822,000000,287.222,302.436,287.222,302.436,0,0
ABE_MV,D,20110823,000000,302.436,308.303,297.279,302.436,0,0
ABE_MV,D,20110824,000000,293.367,304.106,293.229,299.087,0,0
ABE_MV,D,20110825,000000,304.106,304.106,296.44,300.627,0,0
ABE_MV,D,20110826,000000,295.738,300.627,295.738,298.802,0,0
ABE_MV,D,20110829,000000,298.949,298.949,291.965,298.802,0,0
ABE_MV,D,20110830,000000,298.534,298.534,298.247,298.247,0,0
ABE_MV,D,20110831,000000,298.387,298.534,293.367,298.534,0,0
ABE_MV,D,20110901,000000,305.499,305.499,292.943,298.387,0,0
ABE_MV,D,20110902,000000,292.39,298.387,285.978,292.943,0,0
ABE_MV,D,20110905,000000,290.166,293.505,279.833,292.666,0,0
ABE_MV,D,20110906,000000,283.321,292.666,283.183,284.576,0,0
ABE_MV,D,20110907,000000,285.286,290.295,281.087,290.295,0,0
ABE_MV,D,20110908,000000,281.928,290.295,281.928,290.018,0,0
ABE_MV,D,20110909,000000,282.204,291.263,279.833,291.263,0,0
ABE_MV,D,20110912,000000,279.833,288.487,278.44,288.487,0,0
ABE_MV,D,20110913,000000,279.279,289.326,279.132,287.222,0,0
ABE_MV,D,20110914,000000,281.789,286.393,281.789,286.393,0,0
ABE_MV,D,20110915,000000,283.321,285.829,281.789,285.829,0,0
ABE_MV,D,20110916,000000,281.789,285.829,281.789,281.928,0,0
ABE_MV,D,20110919,000000,279.003,281.928,263.652,264.777,0,0
ABE_MV,D,20110920,000000,265.183,277.749,255.422,267.563,0,0
ABE_MV,D,20110921,000000,274.676,274.676,265.331,267.139,0,0
ABE_MV,D,20110922,000000,261.003,279.003,256.815,279.003,0,0
ABE_MV,D,20110923,000000,277.61,279.003,263.938,278.588,0,0
ABE_MV,D,20110926,000000,276.9,277.61,269.787,277.61,0,0
ABE_MV,D,20110927,000000,275.515,277.61,267.831,267.831,0,0
ABE_MV,D,20110928,000000,277.61,277.61,265.045,272.018,0,0
ABE_MV,D,20110929,000000,272.018,272.018,267.831,272.018,0,0
ABE_MV,D,20110930,000000,277.61,277.61,270.635,275.515,0,0
ABE_MV,D,20111003,000000,265.045,271.751,265.045,271.05,0,0
ABE_MV,D,20111004,000000,265.045,268.532,260.164,268.532,0,0
ABE_MV,D,20111005,000000,263.652,265.045,259.74,265.045,0,0
ABE_MV,D,20111006,000000,263.652,271.881,259.463,271.881,0,0
ABE_MV,D,20111007,000000,262.388,265.045,262.249,263.652,0,0
ABE_MV,D,20111010,000000,260.866,263.236,258.217,261.972,0,0
ABE_MV,D,20111011,000000,259.048,259.048,245.523,248.586,0,0
ABE_MV,D,20111012,000000,248.586,250.265,246.491,246.491,0,0
ABE_MV,D,20111013,000000,246.906,246.906,237.994,244.129,0,0
ABE_MV,D,20111014,000000,239.933,241.343,238.825,241.343,0,0
ABE_MV,D,20111017,000000,244.129,247.747,241.343,244.129,0,0
ABE_MV,D,20111018,000000,243.844,246.906,243.844,246.906,0,0
ABE_MV,D,20111019,000000,252.498,256.539,245.938,253.891,0,0
ABE_MV,D,20111020,000000,248.448,253.891,245.098,245.098,0,0
ABE_MV,D,20111021,000000,250.827,257.377,250.827,257.377,0,0
ABE_MV,D,20111024,000000,251.243,260.303,251.243,260.303,0,0
ABE_MV,D,20111025,000000,255.422,260.303,255.422,255.699,0,0
ABE_MV,D,20111026,000000,255.294,258.07,251.105,251.52,0,0
ABE_MV,D,20111027,000000,260.164,263.938,251.373,263.652,0,0
ABE_MV,D,20111028,000000,263.652,263.652,263.652,263.652,0,0
ABE_MV,D,20111031,000000,265.045,266.724,258.77,266.724,0,0
ABE_MV,D,20111102,000000,262.249,262.249,255.422,258.07,0,0
ABE_MV,D,20111103,000000,251.105,259.463,251.105,259.463,0,0
ABE_MV,D,20111104,000000,262.249,262.249,258.07,258.07,0,0
ABE_MV,D,20111107,000000,252.636,264.482,252.636,258.217,0,0
ABE_MV,D,20111108,000000,258.07,269.51,258.07,269.51,0,0
ABE_MV,D,20111109,000000,262.388,265.045,262.388,265.045,0,0
ABE_MV,D,20111110,000000,262.249,269.51,259.61,267.831,0,0
ABE_MV,D,20111114,000000,266.438,267.831,266.438,267.831,0,0
ABE_MV,D,20111115,000000,274.805,274.805,268.827,274.805,0,0
ABE_MV,D,20111116,000000,269.925,272.018,269.925,270.488,0,0
ABE_MV,D,20111117,000000,270.913,271.881,270.488,271.881,0,0
ABE_MV,D,20111118,000000,270.635,270.635,267.702,267.702,0,0
ABE_MV,D,20111121,000000,265.045,268.827,265.045,268.67,0,0
ABE_MV,D,20111122,000000,267.139,267.139,263.652,267.139,0,0
ABE_MV,D,20111123,000000,259.195,267.139,258.07,258.07,0,0
ABE_MV,D,20111124,000000,249.831,251.105,245.523,251.105,0,0
ABE_MV,D,20111125,000000,250.957,250.957,246.906,246.906,0,0
ABE_MV,D,20111128,000000,249.712,253.891,249.712,253.891,0,0
ABE_MV,D,20111129,000000,252.498,263.938,252.498,263.938,0,0
ABE_MV,D,20111130,000000,264.482,278.44,264.482,278.44,0,0
ABE_MV,D,20111201,000000,272.018,295.738,252.498,261.29,0,0
ABE_MV,D,20111202,000000,262.959,262.959,262.959,262.959,0,0
ABE_MV,D,20111205,000000,271.465,271.465,271.465,271.465,0,0
ABE_MV,D,20111206,000000,265.746,271.18,265.045,271.18,0,0
ABE_MV,D,20111207,000000,273.145,274.805,271.18,274.538,0,0
ABE_MV,D,20111208,000000,274.805,286.393,267.009,276.493,0,0
ABE_MV,D,20111209,000000,285.829,285.829,269.51,269.657,0,0
ABE_MV,D,20111212,000000,269.925,272.721,269.925,272.721,0,0
ABE_MV,D,20111213,000000,271.328,278.855,271.328,275.515,0,0
ABE_MV,D,20111214,000000,278.301,278.301,278.301,278.301,0,0
ABE_MV,D,20111215,000000,273.421,282.204,272.018,282.204,0,0
ABE_MV,D,20111216,000000,281.789,282.204,276.622,276.622,0,0
ABE_MV,D,20111219,000000,276.355,276.355,272.018,272.018,0,0
ABE_MV,D,20111220,000000,265.045,268.957,265.045,268.957,0,0
ABE_MV,D,20111221,000000,259.888,271.881,259.888,271.881,0,0
ABE_MV,D,20111222,000000,270.635,277.195,270.635,276.198,0,0
ABE_MV,D,20111223,000000,276.198,276.198,269.232,276.069,0,0
ABE_MV,D,20111227,000000,270.635,276.069,266.438,266.438,0,0
ABE_MV,D,20111228,000000,266.438,266.438,266.438,266.438,0,0
ABE_MV,D,20111229,000000,266.585,266.585,266.585,266.585,0,0
ABE_MV,D,20111230,000000,266.438,266.438,266.438,266.438,0,0
ABE_MV,D,20120102,000000,266.438,273.006,265.746,273.006,0,0
ABE_MV,D,20120103,000000,265.331,279.003,265.331,279.003,0,0
ABE_MV,D,20120104,000000,277.61,277.61,277.61,277.61,0,0
ABE_MV,D,20120105,000000,277.61,277.61,277.61,277.61,0,0
ABE_MV,D,20120109,000000,277.61,279.003,277.61,279.003,0,0
ABE_MV,D,20120110,000000,279.003,279.003,279.003,279.003,0,0
ABE_MV,D,20120111,000000,279.003,279.003,279.003,279.003,0,0
ABE_MV,D,20120112,000000,284.298,284.298,284.298,284.298,0,0
ABE_MV,D,20120113,000000,279.003,283.883,279.003,279.003,0,0
ABE_MV,D,20120116,000000,279.003,284.576,279.003,284.576,0,0
ABE_MV,D,20120117,000000,285.138,285.138,285.138,285.138,0,0
ABE_MV,D,20120118,000000,292.39,292.39,285.978,285.978,0,0
ABE_MV,D,20120119,000000,291.965,291.965,281.928,281.928,0,0
ABE_MV,D,20120120,000000,281.928,283.321,281.789,281.789,0,0
ABE_MV,D,20120123,000000,291.55,291.55,288.949,288.949,0,0
ABE_MV,D,20120124,000000,287.556,287.556,287.556,287.556,0,0
ABE_MV,D,20120125,000000,287.011,287.556,287.011,287.011,0,0
ABE_MV,D,20120126,000000,286.733,299.871,280.516,296.957,0,0
ABE_MV,D,20120127,000000,290.452,302.086,290.322,302.086,0,0
ABE_MV,D,20120130,000000,301.108,320.749,301.108,320.749,0,0
ABE_MV,D,20120131,000000,331.801,339.117,315.905,324.753,0,0
ABE_MV,D,20120201,000000,316.173,322.124,305.536,305.536,0,0
ABE_MV,D,20120202,000000,305.398,317.981,305.398,317.833,0,0
ABE_MV,D,20120203,000000,316.597,317.833,305.804,305.804,0,0
ABE_MV,D,20120206,000000,305.804,311.062,305.804,311.062,0,0
ABE_MV,D,20120207,000000,317.981,317.981,311.062,311.062,0,0
ABE_MV,D,20120208,000000,313.83,313.83,313.83,313.83,0,0
ABE_MV,D,20120209,000000,317.29,317.696,305.536,305.536,0,0
ABE_MV,D,20120210,000000,306.634,311.062,306.634,309.678,0,0
ABE_MV,D,20120213,000000,306.357,311.062,306.357,311.062,0,0
ABE_MV,D,20120214,000000,309.678,311.062,306.219,306.357,0,0
ABE_MV,D,20120215,000000,306.92,316.597,306.357,316.32,0,0
ABE_MV,D,20120216,000000,316.45,319.494,316.45,317.981,0,0
ABE_MV,D,20120217,000000,317.981,317.981,317.981,317.981,0,0
ABE_MV,D,20120220,000000,319.356,319.356,313.83,317.981,0,0
ABE_MV,D,20120221,000000,319.218,319.218,314.106,317.833,0,0
ABE_MV,D,20120222,000000,313.83,313.83,312.861,312.861,0,0
ABE_MV,D,20120223,000000,313,313.553,305.536,313.553,0,0
ABE_MV,D,20120224,000000,309.817,309.817,303.183,303.183,0,0
ABE_MV,D,20120227,000000,311.062,311.062,296.541,304.153,0,0
ABE_MV,D,20120228,000000,296.679,304.153,296.679,304.153,0,0
ABE_MV,D,20120229,000000,303.728,310.932,290.322,310.932,0,0
ABE_MV,D,20120301,000000,306.92,310.932,305.536,306.92,0,0
ABE_MV,D,20120302,000000,310.785,310.785,300.286,300.286,0,0
ABE_MV,D,20120305,000000,309.402,311.754,309.402,311.754,0,0
ABE_MV,D,20120306,000000,300.554,304.153,300.001,300.001,0,0
ABE_MV,D,20120307,000000,300.693,300.693,300.286,300.693,0,0
ABE_MV,D,20120308,000000,309.539,309.539,308.719,308.719,0,0
ABE_MV,D,20120309,000000,310.647,310.647,310.103,310.103,0,0
ABE_MV,D,20120312,000000,310.37,310.37,310.37,310.37,0,0
ABE_MV,D,20120314,000000,301.108,311.062,301.108,311.062,0,0
ABE_MV,D,20120315,000000,306.92,306.92,305.536,305.536,0,0
ABE_MV,D,20120316,000000,305.536,305.536,302.086,304.153,0,0
ABE_MV,D,20120319,000000,301.108,304.153,300.821,304.153,0,0
ABE_MV,D,20120320,000000,301.384,304.153,301.256,301.256,0,0
ABE_MV,D,20120321,000000,300.821,300.821,297.925,297.925,0,0
ABE_MV,D,20120322,000000,290.452,297.925,288.949,297.925,0,0
ABE_MV,D,20120323,000000,287.011,287.011,287.011,287.011,0,0
ABE_MV,D,20120326,000000,295.028,295.028,291.707,291.707,0,0
ABE_MV,D,20120327,000000,299.871,299.871,291.707,291.707,0,0
ABE_MV,D,20120328,000000,292.527,297.242,291.707,297.242,0,0
ABE_MV,D,20120329,000000,298.072,298.072,295.166,295.166,0,0
ABE_MV,D,20120330,000000,295.166,295.166,295.166,295.166,0,0
ABE_MV,D,20120403,000000,287.694,295.166,279.409,293.09,0,0
ABE_MV,D,20120405,000000,293.09,294.474,293.09,294.474,0,0
ABE_MV,D,20120411,000000,284.944,284.944,284.944,284.944,0,0
ABE_MV,D,20120413,000000,290.185,290.185,280.091,283.421,0,0
ABE_MV,D,20120417,000000,283.421,283.421,283.421,283.421,0,0
ABE_MV,D,20120418,000000,283.421,283.421,283.421,283.421,0,0
ABE_MV,D,20120420,000000,279.962,282.435,279.962,282.028,0,0
ABE_MV,D,20120423,000000,277.878,280.377,271.114,280.22,0,0
ABE_MV,D,20120424,000000,280.377,280.645,271.529,280.645,0,0
ABE_MV,D,20120425,000000,273.883,276.503,273.883,276.503,0,0
ABE_MV,D,20120426,000000,276.503,282.028,276.503,282.028,0,0
ABE_MV,D,20120507,000000,283.967,290.322,271.669,290.322,0,0
ABE_MV,D,20120511,000000,278.837,287.141,278.579,287.141,0,0
ABE_MV,D,20120514,000000,278.579,287.141,278.579,278.579,0,0
ABE_MV,D,20120516,000000,267.379,279.676,267.379,279.676,0,0
ABE_MV,D,20120517,000000,273.043,273.043,272.36,272.36,0,0
ABE_MV,D,20120518,000000,270.977,272.36,270.977,270.977,0,0
ABE_MV,D,20120521,000000,270.977,270.977,269.731,269.731,0,0
ABE_MV,D,20120522,000000,269.731,269.731,269.731,269.731,0,0
ABE_MV,D,20120525,000000,276.364,276.364,269.861,269.861,0,0
ABE_MV,D,20120528,000000,269.861,269.861,269.731,269.731,0,0
ABE_MV,D,20120530,000000,269.731,269.731,269.731,269.731,0,0
ABE_MV,D,20120601,000000,269.989,269.989,268.891,268.891,0,0
ABE_MV,D,20120604,000000,276.503,276.503,269.861,271.114,0,0
ABE_MV,D,20120605,000000,271.114,271.114,271.114,271.114,0,0
ABE_MV,D,20120606,000000,272.075,272.075,268.2,269.584,0,0
ABE_MV,D,20120611,000000,268.2,268.2,268.2,268.2,0,0
ABE_MV,D,20120612,000000,266.816,273.597,265.441,273.597,0,0
ABE_MV,D,20120613,000000,270.977,270.977,270.977,270.977,0,0
ABE_MV,D,20120614,000000,268.2,270.977,261.298,261.298,0,0
ABE_MV,D,20120615,000000,265.441,269.454,265.441,269.454,0,0
ABE_MV,D,20120619,000000,273.883,273.883,273.883,273.883,0,0
ABE_MV,D,20120620,000000,276.503,276.503,276.503,276.503,0,0
ABE_MV,D,20120621,000000,272.36,272.36,272.36,272.36,0,0
ABE_MV,D,20120622,000000,269.584,276.503,269.584,276.503,0,0
ABE_MV,D,20120625,000000,267.517,279.123,262.683,276.503,0,0
ABE_MV,D,20120626,000000,270.829,277.749,270.829,277.749,0,0
ABE_MV,D,20120628,000000,276.503,277.878,276.503,277.878,0,0
ABE_MV,D,20120629,000000,276.503,276.503,276.503,276.503,0,0
ABE_MV,D,20120703,000000,277.878,277.878,276.503,277.878,0,0
ABE_MV,D,20120704,000000,269.584,269.584,268.891,268.891,0,0
ABE_MV,D,20120706,000000,268.891,276.503,268.891,276.503,0,0
ABE_MV,D,20120709,000000,270.977,270.977,268.2,268.2,0,0
ABE_MV,D,20120710,000000,266.816,268.2,266.816,266.816,0,0
ABE_MV,D,20120711,000000,264.196,268.2,264.057,268.2,0,0
ABE_MV,D,20120712,000000,274.288,274.288,274.288,274.288,0,0
ABE_MV,D,20120717,000000,264.749,274.288,262.249,274.288,0,0
ABE_MV,D,20120718,000000,262.249,262.249,261.981,261.981,0,0
ABE_MV,D,20120719,000000,262.683,264.057,262.683,264.057,0,0
ABE_MV,D,20120723,000000,259.223,261.843,253.835,253.835,0,0
ABE_MV,D,20120724,000000,255.753,255.753,252.581,252.581,0,0
ABE_MV,D,20120725,000000,252.996,252.996,241.935,248.853,0,0
ABE_MV,D,20120726,000000,248.853,248.853,241.935,241.935,0,0
ABE_MV,D,20120727,000000,247.608,247.737,242.903,242.903,0,0
ABE_MV,D,20120802,000000,248.853,250.921,248.853,250.921,0,0
ABE_MV,D,20120806,000000,254.242,254.38,254.242,254.38,0,0
ABE_MV,D,20120808,000000,255.753,255.753,255.753,255.753,0,0
ABE_MV,D,20120809,000000,257.839,257.839,255.753,256.456,0,0
ABE_MV,D,20120810,000000,255.072,256.456,248.853,256.456,0,0
ABE_MV,D,20120814,000000,253.54,253.54,248.853,253.54,0,0
ABE_MV,D,20120822,000000,253.54,253.54,253.54,253.54,0,0
ABE_MV,D,20120824,000000,257.139,258.532,253.54,258.532,0,0
ABE_MV,D,20120828,000000,251.621,252.304,251.621,252.304,0,0
ABE_MV,D,20120830,000000,248.853,248.853,248.162,248.853,0,0
ABE_MV,D,20120831,000000,259.352,259.915,252.996,252.996,0,0
ABE_MV,D,20120903,000000,251.621,251.621,251.621,251.621,0,0
ABE_MV,D,20120904,000000,245.662,251.621,245.662,246.224,0,0
ABE_MV,D,20120906,000000,248.853,250.238,243.318,245.394,0,0
ABE_MV,D,20120907,000000,253.54,255.753,245.394,255.625,0,0
ABE_MV,D,20120910,000000,256.178,256.178,255.625,256.178,0,0
ABE_MV,D,20120911,000000,250.238,256.178,250.238,250.238,0,0
ABE_MV,D,20120912,000000,250.09,257.139,250.09,257.139,0,0
ABE_MV,D,20120914,000000,256.031,257.139,255.753,257.139,0,0
ABE_MV,D,20120917,000000,258.532,258.532,257.139,258.532,0,0
ABE_MV,D,20120918,000000,258.937,260.607,258.532,260.607,0,0
ABE_MV,D,20120919,000000,260.607,261.437,260.607,261.437,0,0
ABE_MV,D,20120920,000000,261.437,265.303,261.437,265.303,0,0
ABE_MV,D,20120921,000000,265.303,275.959,265.303,275.959,0,0
ABE_MV,D,20120924,000000,275.959,290.322,275.109,275.109,0,0
ABE_MV,D,20120925,000000,278.579,278.579,277.878,277.878,0,0
ABE_MV,D,20120926,000000,278.579,278.579,270.284,270.284,0,0
ABE_MV,D,20120927,000000,269.454,269.454,269.168,269.168,0,0
ABE_MV,D,20120928,000000,269.584,269.584,269.168,269.316,0,0
ABE_MV,D,20121001,000000,269.316,269.584,269.316,269.584,0,0
ABE_MV,D,20121002,000000,269.584,276.364,269.584,276.364,0,0
ABE_MV,D,20121003,000000,276.364,276.364,266.963,267.102,0,0
ABE_MV,D,20121004,000000,269.316,269.316,267.102,269.316,0,0
ABE_MV,D,20121005,000000,269.316,276.503,269.316,276.503,0,0
ABE_MV,D,20121008,000000,276.503,279.676,276.503,276.632,0,0
ABE_MV,D,20121009,000000,276.632,277.195,276.632,276.632,0,0
ABE_MV,D,20121010,000000,276.908,276.908,276.908,276.908,0,0
ABE_MV,D,20121011,000000,277.878,277.878,276.503,276.503,0,0
ABE_MV,D,20121012,000000,276.503,276.503,276.503,276.503,0,0
ABE_MV,D,20121016,000000,276.503,276.503,276.503,276.503,0,0
ABE_MV,D,20121017,000000,272.204,276.503,272.075,276.503,0,0
ABE_MV,D,20121018,000000,276.503,276.503,276.503,276.503,0,0
ABE_MV,D,20121019,000000,275.109,275.109,272.5,272.5,0,0
ABE_MV,D,20121022,000000,272.5,272.5,269.584,269.584,0,0
ABE_MV,D,20121025,000000,265.441,265.441,264.749,264.749,0,0
ABE_MV,D,20121026,000000,264.749,264.749,264.057,264.057,0,0
ABE_MV,D,20121031,000000,258.799,262.683,258.532,262.683,0,0
ABE_MV,D,20121105,000000,264.057,264.057,264.057,264.057,0,0
ABE_MV,D,20121106,000000,266.816,268.891,264.057,268.891,0,0
ABE_MV,D,20121107,000000,268.891,268.891,268.891,268.891,0,0
ABE_MV,D,20121109,000000,264.057,264.057,264.057,264.057,0,0
ABE_MV,D,20121112,000000,264.057,264.057,262.683,262.683,0,0
ABE_MV,D,20121113,000000,262.683,262.683,262.683,262.683,0,0
ABE_MV,D,20121114,000000,259.352,259.352,259.223,259.223,0,0
ABE_MV,D,20121115,000000,261.298,261.298,259.223,261.298,0,0
ABE_MV,D,20121116,000000,261.298,261.298,261.298,261.298,0,0
ABE_MV,D,20121120,000000,261.298,261.298,261.298,261.298,0,0
ABE_MV,D,20121122,000000,261.298,261.298,261.298,261.298,0,0
ABE_MV,D,20121126,000000,265.986,265.986,261.298,265.986,0,0
ABE_MV,D,20121129,000000,261.298,265.986,253.835,253.835,0,0
ABE_MV,D,20121130,000000,252.996,261.298,252.996,261.298,0,0
ABE_MV,D,20121203,000000,260.607,261.151,259.915,259.915,0,0
ABE_MV,D,20121204,000000,262.535,262.683,261.013,262.683,0,0
ABE_MV,D,20121205,000000,264.334,266.133,264.334,266.133,0,0
ABE_MV,D,20121206,000000,273.883,274.695,263.918,274.695,0,0
ABE_MV,D,20121210,000000,274.151,279.261,274.151,279.261,0,0
ABE_MV,D,20121211,000000,277.878,277.878,277.749,277.878,0,0
ABE_MV,D,20121212,000000,273.043,277.749,273.043,277.749,0,0
ABE_MV,D,20121213,000000,276.503,277.749,273.043,275.109,0,0
ABE_MV,D,20121217,000000,275.396,281.891,273.043,275.109,0,0
ABE_MV,D,20121219,000000,276.503,276.503,275.109,276.503,0,0
ABE_MV,D,20121220,000000,273.19,273.744,273.19,273.744,0,0
ABE_MV,D,20121221,000000,271.235,271.235,262.95,268.07,0,0
ABE_MV,D,20121227,000000,269.584,269.584,256.031,265.441,0,0
ABE_MV,D,20121228,000000,268.763,268.763,268.763,268.763,0,0
ABE_MV,D,20130102,000000,268.763,285.212,264.057,278.579,0,0
ABE_MV,D,20130103,000000,274.574,279.962,274.574,279.962,0,0
ABE_MV,D,20130104,000000,274.418,284.65,274.418,284.65,0,0
ABE_MV,D,20130107,000000,286.18,288.247,286.043,286.043,0,0
ABE_MV,D,20130108,000000,286.043,286.043,279.261,279.261,0,0
ABE_MV,D,20130109,000000,279.261,279.261,279.261,279.261,0,0
ABE_MV,D,20130110,000000,279.261,279.261,279.261,279.261,0,0
ABE_MV,D,20130115,000000,280.645,287.278,279.261,287.278,0,0
ABE_MV,D,20130116,000000,277.878,279.261,277.878,279.261,0,0
ABE_MV,D,20130117,000000,279.261,279.261,279.261,279.261,0,0
ABE_MV,D,20130118,000000,277.047,277.047,275.109,275.109,0,0
ABE_MV,D,20130121,000000,282.731,284.104,275.109,284.104,0,0
ABE_MV,D,20130122,000000,283.421,288.524,283.421,288.524,0,0
ABE_MV,D,20130123,000000,288.949,293.783,284.807,293.783,0,0
ABE_MV,D,20130124,000000,295.867,301.384,295.867,301.384,0,0
ABE_MV,D,20130125,000000,308.009,317.981,307.612,317.981,0,0
ABE_MV,D,20130128,000000,317.981,317.981,308.571,309.678,0,0
ABE_MV,D,20130129,000000,319.356,338.434,309.678,309.678,0,0
ABE_MV,D,20130130,000000,322.4,341.47,319.356,326.276,0,0
ABE_MV,D,20130131,000000,319.356,337.318,319.356,331.801,0,0
ABE_MV,D,20130201,000000,334.43,334.43,311.062,331.248,0,0
ABE_MV,D,20130204,000000,312.861,324.883,312.861,324.883,0,0
ABE_MV,D,20130205,000000,315.482,316.597,315.482,315.62,0,0
ABE_MV,D,20130206,000000,315.767,315.767,304.153,304.153,0,0
ABE_MV,D,20130207,000000,304.153,304.153,300.001,300.001,0,0
ABE_MV,D,20130211,000000,298.745,298.893,298.745,298.893,0,0
ABE_MV,D,20130212,000000,298.745,298.745,298.745,298.745,0,0
ABE_MV,D,20130213,000000,311.062,313.138,298.745,313.138,0,0
ABE_MV,D,20130214,000000,312.437,313.138,312.437,313.138,0,0
ABE_MV,D,20130215,000000,313.138,313.138,304.153,304.153,0,0
ABE_MV,D,20130218,000000,304.153,309.539,302.897,302.897,0,0
ABE_MV,D,20130219,000000,303.035,303.035,303.035,303.035,0,0
ABE_MV,D,20130220,000000,302.768,306.92,301.384,301.384,0,0
ABE_MV,D,20130221,000000,298.617,306.92,296.541,306.92,0,0
ABE_MV,D,20130222,000000,302.205,320.869,302.086,320.869,0,0
ABE_MV,D,20130225,000000,312.576,320.869,312.576,320.749,0,0
ABE_MV,D,20130226,000000,307.049,320.749,284.807,320.749,0,0
ABE_MV,D,20130227,000000,320.749,321.709,320.749,321.709,0,0
ABE_MV,D,20130228,000000,306.634,306.634,289.64,290.322,0,0
ABE_MV,D,20130301,000000,290.322,293.09,269.584,276.503,0,0
ABE_MV,D,20130304,000000,280.22,280.377,275.109,279.962,0,0
ABE_MV,D,20130305,000000,280.377,289.769,280.377,289.769,0,0
ABE_MV,D,20130306,000000,294.059,294.059,289.769,294.059,0,0
ABE_MV,D,20130307,000000,294.059,294.059,275.109,275.109,0,0
ABE_MV,D,20130308,000000,286.863,295.867,275.109,286.18,0,0
ABE_MV,D,20130311,000000,286.863,294.881,286.863,294.881,0,0
ABE_MV,D,20130312,000000,295.867,296.126,290.6,290.6,0,0
ABE_MV,D,20130313,000000,296.541,296.541,296.541,296.541,0,0
ABE_MV,D,20130314,000000,293.09,295.711,290.322,295.711,0,0
ABE_MV,D,20130315,000000,296.541,297.242,296.541,297.242,0,0
ABE_MV,D,20130318,000000,299.04,299.04,299.04,299.04,0,0
ABE_MV,D,20130322,000000,290.452,290.452,290.322,290.322,0,0
ABE_MV,D,20130325,000000,289.899,290.322,289.899,289.899,0,0
ABE_MV,D,20130327,000000,290.322,290.322,289.899,289.899,0,0
ABE_MV,D,20130328,000000,286.863,286.863,286.863,286.863,0,0
ABE_MV,D,20130402,000000,286.863,286.863,286.863,286.863,0,0
ABE_MV,D,20130403,000000,297.094,297.094,279.962,279.962,0,0
ABE_MV,D,20130408,000000,279.261,279.261,277.195,277.195,0,0
ABE_MV,D,20130409,000000,275.109,275.109,275.109,275.109,0,0
ABE_MV,D,20130410,000000,284.65,284.65,275.109,284.65,0,0
ABE_MV,D,20130411,000000,276.503,284.807,276.503,284.807,0,0
ABE_MV,D,20130412,000000,283.421,283.421,269.584,282.028,0,0
ABE_MV,D,20130415,000000,277.61,277.749,269.584,269.584,0,0
ABE_MV,D,20130417,000000,265.57,277.195,259.915,259.915,0,0
ABE_MV,D,20130418,000000,259.915,259.915,254.657,255.753,0,0
ABE_MV,D,20130419,000000,254.102,254.102,253.835,253.835,0,0
ABE_MV,D,20130422,000000,253.835,253.835,251.621,251.621,0,0
ABE_MV,D,20130424,000000,246.086,246.086,246.086,246.086,0,0
ABE_MV,D,20130425,000000,239.186,239.186,237.1,237.1,0,0
ABE_MV,D,20130426,000000,243.318,243.318,243.318,243.318,0,0
ABE_MV,D,20130429,000000,239.867,240.689,239.867,239.867,0,0
ABE_MV,D,20130430,000000,239.867,239.867,234.885,239.867,0,0
ABE_MV,D,20130502,000000,243.318,243.318,243.179,243.179,0,0
ABE_MV,D,20130506,000000,243.179,243.179,235.301,241.399,0,0
ABE_MV,D,20130507,000000,242.478,242.773,237.1,237.1,0,0
ABE_MV,D,20130508,000000,243.179,243.179,243.179,243.179,0,0
ABE_MV,D,20130509,000000,241.935,243.456,241.935,243.456,0,0
ABE_MV,D,20130510,000000,243.595,243.595,243.456,243.595,0,0
ABE_MV,D,20130513,000000,246.353,246.353,243.595,246.353,0,0
ABE_MV,D,20130514,000000,248.853,255.625,248.853,255.625,0,0
ABE_MV,D,20130515,000000,248.853,255.753,248.853,255.753,0,0
ABE_MV,D,20130517,000000,244.425,246.501,244.286,246.501,0,0
ABE_MV,D,20130520,000000,246.501,254.102,246.501,254.102,0,0
ABE_MV,D,20130521,000000,254.242,260.745,254.242,260.745,0,0
ABE_MV,D,20130522,000000,262.249,266.548,262.249,266.548,0,0
ABE_MV,D,20130523,000000,259.223,268.07,259.223,266.816,0,0
ABE_MV,D,20130524,000000,263.089,268.2,263.089,267.517,0,0
ABE_MV,D,20130527,000000,271.797,273.19,268.2,269.584,0,0
ABE_MV,D,20130528,000000,273.32,279.261,273.32,279.261,0,0
ABE_MV,D,20130529,000000,281.891,284.807,281.891,284.807,0,0
ABE_MV,D,20130531,000000,285.212,285.212,284.807,284.807,0,0
ABE_MV,D,20130603,000000,291.153,291.153,282.028,282.028,0,0
ABE_MV,D,20130604,000000,288.247,290.055,282.028,282.731,0,0
ABE_MV,D,20130605,000000,281.337,294.742,281.337,294.474,0,0
ABE_MV,D,20130606,000000,280.913,290.322,280.913,286.18,0,0
ABE_MV,D,20130607,000000,294.188,301.256,294.188,301.256,0,0
ABE_MV,D,20130610,000000,301.256,304.153,300.821,300.821,0,0
ABE_MV,D,20130611,000000,304.153,315.214,304.153,307.612,0,0
ABE_MV,D,20130612,000000,306.92,306.92,306.92,306.92,0,0
ABE_MV,D,20130613,000000,304.153,306.92,300.129,306.92,0,0
ABE_MV,D,20130614,000000,310.932,310.932,310.932,310.932,0,0
ABE_MV,D,20130617,000000,311.062,314.236,311.062,311.062,0,0
ABE_MV,D,20130619,000000,316.735,316.735,304.153,310.932,0,0
ABE_MV,D,20130620,000000,310.932,310.932,304.153,304.558,0,0
ABE_MV,D,20130621,000000,304.153,304.558,297.242,304.558,0,0
ABE_MV,D,20130624,000000,294.603,294.603,293.09,293.09,0,0
ABE_MV,D,20130625,000000,292.112,293.09,292.112,292.112,0,0
ABE_MV,D,20130626,000000,291.707,291.707,285.48,285.48,0,0
ABE_MV,D,20130627,000000,283.421,283.421,276.503,276.503,0,0
ABE_MV,D,20130628,000000,284.807,287.556,284.807,287.556,0,0
ABE_MV,D,20130701,000000,282.028,282.028,282.028,282.028,0,0
ABE_MV,D,20130702,000000,290.185,290.185,282.028,282.028,0,0
ABE_MV,D,20130704,000000,290.185,290.185,290.185,290.185,0,0
ABE_MV,D,20130708,000000,290.055,290.055,287.556,287.556,0,0
ABE_MV,D,20130710,000000,279.529,288.394,276.503,288.394,0,0
ABE_MV,D,20130711,000000,288.394,288.394,288.394,288.394,0,0
ABE_MV,D,20130712,000000,287.556,287.556,287.556,287.556,0,0
ABE_MV,D,20130716,000000,276.503,287.556,276.503,287.556,0,0
ABE_MV,D,20130718,000000,276.779,288.109,276.632,288.109,0,0
ABE_MV,D,20130719,000000,288.109,288.109,288.109,288.109,0,0
ABE_MV,D,20130725,000000,283.265,283.265,277.324,278.579,0,0
ABE_MV,D,20130729,000000,278.579,278.579,278.579,278.579,0,0
ABE_MV,D,20130801,000000,280.645,297.242,280.645,297.242,0,0
ABE_MV,D,20130802,000000,297.242,304.005,297.242,303.875,0,0
ABE_MV,D,20130805,000000,303.728,303.875,303.728,303.875,0,0
ABE_MV,D,20130806,000000,304.153,310.37,304.153,310.37,0,0
ABE_MV,D,20130807,000000,309.678,309.678,304.29,309.678,0,0
ABE_MV,D,20130808,000000,301.384,301.384,291.707,291.707,0,0
ABE_MV,D,20130809,000000,287.556,305.675,287.556,305.675,0,0
ABE_MV,D,20130812,000000,306.219,313.138,300.001,313.138,0,0
ABE_MV,D,20130813,000000,313,313.138,308.303,309.678,0,0
ABE_MV,D,20130814,000000,314.384,317.833,313.83,315.214,0,0
ABE_MV,D,20130816,000000,316.597,316.597,311.062,311.062,0,0
ABE_MV,D,20130819,000000,313.83,313.83,313.83,313.83,0,0
ABE_MV,D,20130821,000000,313.83,313.83,309.817,309.817,0,0
ABE_MV,D,20130822,000000,313.83,319.633,309.817,319.633,0,0
ABE_MV,D,20130823,000000,319.909,345.622,319.909,345.622,0,0
ABE_MV,D,20130826,000000,359.442,360.558,354.893,360.558,0,0
ABE_MV,D,20130827,000000,359.442,359.442,349.911,359.174,0,0
ABE_MV,D,20130828,000000,359.727,360.272,349.764,359.174,0,0
ABE_MV,D,20130829,000000,359.442,359.442,348.381,350.465,0,0
ABE_MV,D,20130830,000000,345.75,345.75,345.622,345.622,0,0
ABE_MV,D,20130902,000000,349.764,349.764,341.617,345.206,0,0
ABE_MV,D,20130903,000000,345.622,345.622,336.359,336.359,0,0
ABE_MV,D,20130904,000000,335.935,335.935,320.048,320.048,0,0
ABE_MV,D,20130905,000000,320.187,320.187,308.303,313.83,0,0
ABE_MV,D,20130906,000000,310.103,310.103,310.103,310.103,0,0
ABE_MV,D,20130909,000000,314.384,341.064,314.384,320.187,0,0
ABE_MV,D,20130910,000000,317.981,317.981,316.597,316.597,0,0
ABE_MV,D,20130911,000000,331.801,336.221,316.735,317.981,0,0
ABE_MV,D,20130912,000000,330.418,337.318,317.981,331.801,0,0
ABE_MV,D,20130913,000000,334.43,334.43,334.43,334.43,0,0
ABE_MV,D,20130916,000000,331.931,338.573,331.801,335.113,0,0
ABE_MV,D,20130917,000000,337.318,338.019,335.113,338.019,0,0
ABE_MV,D,20130918,000000,328.352,338.573,323.775,338.573,0,0
ABE_MV,D,20130919,000000,340.095,369.821,340.095,349.211,0,0
ABE_MV,D,20130920,000000,352.531,354.192,345.622,352.531,0,0
ABE_MV,D,20130923,000000,359.322,359.442,346.995,348.381,0,0
ABE_MV,D,20130924,000000,360.825,391.243,360.825,371.887,0,0
ABE_MV,D,20130925,000000,373.27,373.418,364.156,368.575,0,0
ABE_MV,D,20130926,000000,377.422,377.422,367.616,371.887,0,0
ABE_MV,D,20130927,000000,373.27,373.27,371.887,373.27,0,0
ABE_MV,D,20130930,000000,373.133,373.27,366.361,373.27,0,0
ABE_MV,D,20131001,000000,373.133,373.27,369.119,369.119,0,0
ABE_MV,D,20131002,000000,373.27,373.27,367.745,373.27,0,0
ABE_MV,D,20131003,000000,373.27,386.814,372.587,384.332,0,0
ABE_MV,D,20131004,000000,386.953,386.953,384.332,384.332,0,0
ABE_MV,D,20131007,000000,384.332,384.332,373.963,382.82,0,0
ABE_MV,D,20131008,000000,376.722,382.118,376.039,377.422,0,0
ABE_MV,D,20131009,000000,373.418,375.9,362.209,371.887,0,0
ABE_MV,D,20131010,000000,376.722,386.814,376.722,380.171,0,0
ABE_MV,D,20131011,000000,380.171,385.716,380.171,380.171,0,0
ABE_MV,D,20131014,000000,385.033,385.033,372.173,378.105,0,0
ABE_MV,D,20131015,000000,379.23,381.564,371.887,376.039,0,0
ABE_MV,D,20131016,000000,370.504,381.564,359.442,366.361,0,0
ABE_MV,D,20131017,000000,366.084,366.084,359.442,359.442,0,0
ABE_MV,D,20131018,000000,364.276,364.977,364.276,364.276,0,0
ABE_MV,D,20131021,000000,364.977,382.82,364.977,375.485,0,0
ABE_MV,D,20131022,000000,377.422,394.01,376.039,394.01,0,0
ABE_MV,D,20131023,000000,394.01,429.953,393.881,397.451,0,0
ABE_MV,D,20131024,000000,400.93,428.57,400.93,418.901,0,0
ABE_MV,D,20131025,000000,418.901,435.488,417.508,435.488,0,0
ABE_MV,D,20131028,000000,435.488,469.357,435.488,456.08,0,0
ABE_MV,D,20131029,000000,456.228,456.228,432.444,448.617,0,0
ABE_MV,D,20131030,000000,452.777,452.777,434.52,434.52,0,0
ABE_MV,D,20131031,000000,445.166,445.166,421.66,421.66,0,0
ABE_MV,D,20131104,000000,434.52,434.52,421.936,433.957,0,0
ABE_MV,D,20131105,000000,434.65,445.166,421.66,431.337,0,0
ABE_MV,D,20131106,000000,440.332,440.738,427.324,428.57,0,0
ABE_MV,D,20131107,000000,428.57,440.462,423.173,428.57,0,0
ABE_MV,D,20131108,000000,434.935,435.35,423.043,428.441,0,0
ABE_MV,D,20131112,000000,428.441,428.441,417.655,418.901,0,0
ABE_MV,D,20131113,000000,427.185,427.185,410.598,411.982,0,0
ABE_MV,D,20131114,000000,420.277,428.293,420.277,427.887,0,0
ABE_MV,D,20131115,000000,428.154,434.65,417.655,434.105,0,0
ABE_MV,D,20131118,000000,434.105,434.65,428.57,434.382,0,0
ABE_MV,D,20131119,000000,434.382,435.35,429.815,433.957,0,0
ABE_MV,D,20131120,000000,433.957,433.957,411.982,416.825,0,0
ABE_MV,D,20131121,000000,421.66,427.056,416.125,421.66,0,0
ABE_MV,D,20131122,000000,422.343,448.478,422.343,442.39,0,0
ABE_MV,D,20131125,000000,450.692,453.183,442.39,448.765,0,0
ABE_MV,D,20131126,000000,454.992,454.992,444.466,444.466,0,0
ABE_MV,D,20131127,000000,444.466,449.308,443.082,443.783,0,0
ABE_MV,D,20131128,000000,443.783,447.233,421.66,441.716,0,0
ABE_MV,D,20131129,000000,431.744,450.692,431.744,447.925,0,0
ABE_MV,D,20131202,000000,456.228,457.612,445.997,446.551,0,0
ABE_MV,D,20131203,000000,449.308,451.394,439.917,441.015,0,0
ABE_MV,D,20131204,000000,447.095,447.095,424.556,428.57,0,0
ABE_MV,D,20131205,000000,428.441,428.441,406.041,425.94,0,0
ABE_MV,D,20131206,000000,425.94,425.94,414.879,420.699,0,0
ABE_MV,D,20131209,000000,422.343,440.462,422.343,433.404,0,0
ABE_MV,D,20131210,000000,439.631,439.631,432.721,439.631,0,0
ABE_MV,D,20131211,000000,438.119,445.166,428.57,435.488,0,0
ABE_MV,D,20131212,000000,434.788,449.308,418.208,441.015,0,0
ABE_MV,D,20131213,000000,441.015,448.202,428.57,448.202,0,0
ABE_MV,D,20131216,000000,442.251,444.336,430.654,441.984,0,0
ABE_MV,D,20131217,000000,446.551,446.551,432.998,439.631,0,0
ABE_MV,D,20131218,000000,439.502,439.502,428.57,429.815,0,0
ABE_MV,D,20131219,000000,428.57,439.502,428.57,433.957,0,0
ABE_MV,D,20131220,000000,429.953,438.948,427.185,438.948,0,0
ABE_MV,D,20131223,000000,440.332,441.015,432.721,441.015,0,0
ABE_MV,D,20131227,000000,441.015,441.015,437.704,437.704,0,0
ABE_MV,D,20131230,000000,437.832,449.308,437.832,449.308,0,0
ABE_MV,D,20140102,000000,442.39,442.39,432.869,434.105,0,0
ABE_MV,D,20140103,000000,439.502,439.502,426.088,428.57,0,0
ABE_MV,D,20140107,000000,424.427,439.502,424.427,428.441,0,0
ABE_MV,D,20140108,000000,424.427,428.57,422.638,424.843,0,0
ABE_MV,D,20140109,000000,423.043,427.185,420.277,424.427,0,0
ABE_MV,D,20140110,000000,422.905,424.427,419.178,424.427,0,0
ABE_MV,D,20140113,000000,418.901,424.972,418.901,420.277,0,0
ABE_MV,D,20140114,000000,421.66,421.66,418.208,421.66,0,0
ABE_MV,D,20140115,000000,421.66,432.721,421.66,428.57,0,0
ABE_MV,D,20140116,000000,434.105,442.122,432.029,440.738,0,0
ABE_MV,D,20140117,000000,442.122,442.122,429.271,436.864,0,0
ABE_MV,D,20140120,000000,443.377,443.377,428.717,428.717,0,0
ABE_MV,D,20140121,000000,426.641,438.119,426.503,432.869,0,0
ABE_MV,D,20140122,000000,432.029,436.864,432.029,435.903,0,0
ABE_MV,D,20140123,000000,435.903,446.68,435.903,443.783,0,0
ABE_MV,D,20140124,000000,446.965,446.965,439.631,445.166,0,0
ABE_MV,D,20140127,000000,438.534,476.958,438.534,445.166,0,0
ABE_MV,D,20140128,000000,472.816,473.508,462.851,467.003,0,0
ABE_MV,D,20140129,000000,466.866,467.003,460.509,466.173,0,0
ABE_MV,D,20140130,000000,466.053,466.173,462.299,465.897,0,0
ABE_MV,D,20140131,000000,465.897,480.556,459.263,470.057,0,0
ABE_MV,D,20140203,000000,479.588,483.591,471.432,476.691,0,0
ABE_MV,D,20140204,000000,479.726,479.726,470.057,470.887,0,0
ABE_MV,D,20140205,000000,475.574,482.494,469.91,482.494,0,0
ABE_MV,D,20140206,000000,479.726,483.878,472.816,475.574,0,0
ABE_MV,D,20140207,000000,483.74,483.74,471.432,473.914,0,0
ABE_MV,D,20140210,000000,472.816,481.377,470.472,470.472,0,0
ABE_MV,D,20140211,000000,467.419,472.816,454.143,471.145,0,0
ABE_MV,D,20140212,000000,472.816,479.588,466.588,479.588,0,0
ABE_MV,D,20140213,000000,479.588,495.483,470.177,481.119,0,0
ABE_MV,D,20140214,000000,477.788,477.788,470.472,476.266,0,0
ABE_MV,D,20140217,000000,476.266,476.958,472.816,472.816,0,0
ABE_MV,D,20140218,000000,472.124,476.958,467.419,467.419,0,0
ABE_MV,D,20140219,000000,467.557,470.057,452.077,452.224,0,0
ABE_MV,D,20140220,000000,454.835,454.835,426.088,426.088,0,0
ABE_MV,D,20140221,000000,432.721,452.077,432.721,445.166,0,0
ABE_MV,D,20140224,000000,450.692,457.612,443.229,452.077,0,0
ABE_MV,D,20140225,000000,449.447,449.447,441.015,445.849,0,0
ABE_MV,D,20140226,000000,445.849,445.849,430.654,430.654,0,0
ABE_MV,D,20140227,000000,433.404,441.015,432.869,434.65,0,0
ABE_MV,D,20140228,000000,442.546,442.546,440.038,441.015,0,0
ABE_MV,D,20140303,000000,437.564,439.502,394.296,401.049,0,0
ABE_MV,D,20140304,000000,400.93,421.936,400.93,416.272,0,0
ABE_MV,D,20140305,000000,414.74,424.289,414.74,424.141,0,0
ABE_MV,D,20140306,000000,427.056,427.056,415.589,415.589,0,0
ABE_MV,D,20140307,000000,414.74,420.009,414.611,420.009,0,0
ABE_MV,D,20140310,000000,414.74,423.458,414.74,423.458,0,0
ABE_MV,D,20140311,000000,427.056,427.185,414.611,424.289,0,0
ABE_MV,D,20140312,000000,420.277,425.387,398.309,400.93,0,0
ABE_MV,D,20140313,000000,403.42,409.214,403.42,403.678,0,0
ABE_MV,D,20140314,000000,396.215,405.478,380.319,390.818,0,0
ABE_MV,D,20140317,000000,381.02,413.375,381.02,411.982,0,0
ABE_MV,D,20140318,000000,407.839,411.982,407.839,407.839,0,0
ABE_MV,D,20140319,000000,411.844,416.125,400.93,413.088,0,0
ABE_MV,D,20140320,000000,414.481,414.611,402.433,414.611,0,0
ABE_MV,D,20140321,000000,414.481,414.481,402.848,411.281,0,0
ABE_MV,D,20140324,000000,417.24,417.24,403.826,414.611,0,0
ABE_MV,D,20140325,000000,416.964,416.964,403.264,416.125,0,0
ABE_MV,D,20140326,000000,416.125,421.66,416.125,421.66,0,0
ABE_MV,D,20140327,000000,421.512,423.043,421.512,423.043,0,0
ABE_MV,D,20140328,000000,411.982,422.905,411.982,420.277,0,0
ABE_MV,D,20140331,000000,409.214,423.458,409.214,423.458,0,0
ABE_MV,D,20140401,000000,423.043,431.337,421.66,431.337,0,0
ABE_MV,D,20140402,000000,431.19,442.39,431.19,442.39,0,0
ABE_MV,D,20140403,000000,442.39,446.551,436.864,445.166,0,0
ABE_MV,D,20140404,000000,446.402,452.907,444.89,452.907,0,0
ABE_MV,D,20140407,000000,453.313,453.313,441.015,450.407,0,0
ABE_MV,D,20140408,000000,445.019,445.019,429.953,436.864,0,0
ABE_MV,D,20140409,000000,441.846,441.846,431.485,440.868,0,0
ABE_MV,D,20140410,000000,440.868,440.868,440.868,440.868,0,0
ABE_MV,D,20140411,000000,440.868,440.868,435.488,435.488,0,0
ABE_MV,D,20140414,000000,435.203,435.203,425.119,432.444,0,0
ABE_MV,D,20140415,000000,432.574,432.574,431.891,431.891,0,0
ABE_MV,D,20140416,000000,432.574,432.574,424.556,430.359,0,0
ABE_MV,D,20140417,000000,430.507,430.507,421.66,429.815,0,0
ABE_MV,D,20140422,000000,421.807,425.387,421.382,421.382,0,0
ABE_MV,D,20140423,000000,429.815,429.815,427.185,427.185,0,0
ABE_MV,D,20140424,000000,418.901,427.185,412.526,412.526,0,0
ABE_MV,D,20140425,000000,412.526,421.382,412.526,412.526,0,0
ABE_MV,D,20140428,000000,414.481,414.481,402.314,402.314,0,0
ABE_MV,D,20140429,000000,403.678,403.678,400.93,400.93,0,0
ABE_MV,D,20140430,000000,399.537,406.456,394.564,405.626,0,0
ABE_MV,D,20140502,000000,406.456,406.456,405.626,405.763,0,0
ABE_MV,D,20140505,000000,405.626,405.626,389.592,389.592,0,0
ABE_MV,D,20140506,000000,388.604,393.881,388.604,393.456,0,0
ABE_MV,D,20140507,000000,400.781,400.781,371.887,381.297,0,0
ABE_MV,D,20140508,000000,380.171,393.18,380.171,392.765,0,0
ABE_MV,D,20140509,000000,389.867,389.867,384.48,387.091,0,0
ABE_MV,D,20140512,000000,386.953,386.953,375.337,382.82,0,0
ABE_MV,D,20140513,000000,368.298,402.581,368.298,397.451,0,0
ABE_MV,D,20140514,000000,402.165,402.165,396.095,396.778,0,0
ABE_MV,D,20140515,000000,402.737,406.309,397.747,400.93,0,0
ABE_MV,D,20140516,000000,402.314,406.741,397.322,404.943,0,0
ABE_MV,D,20140519,000000,407.839,413.495,404.648,405.063,0,0
ABE_MV,D,20140520,000000,412.812,412.812,400.93,405.063,0,0
ABE_MV,D,20140521,000000,410.192,410.192,388.336,394.417,0,0
ABE_MV,D,20140522,000000,394.01,394.01,383.65,389.867,0,0
ABE_MV,D,20140523,000000,391.935,402.737,391.935,402.737,0,0
ABE_MV,D,20140526,000000,402.737,409.066,402.737,406.456,0,0
ABE_MV,D,20140527,000000,409.214,409.214,406.456,407.839,0,0
ABE_MV,D,20140528,000000,407.839,407.839,402.314,402.314,0,0
ABE_MV,D,20140529,000000,402.433,407.682,402.433,407.682,0,0
ABE_MV,D,20140530,000000,409.214,409.214,407.156,407.156,0,0
ABE_MV,D,20140602,000000,409.066,409.214,405.063,407.156,0,0
ABE_MV,D,20140603,000000,408.522,409.214,400.643,400.93,0,0
ABE_MV,D,20140604,000000,402.581,405.063,400.643,400.93,0,0
ABE_MV,D,20140605,000000,402.314,402.314,394.296,394.296,0,0
ABE_MV,D,20140606,000000,401.612,401.612,398.152,400.93,0,0
ABE_MV,D,20140609,000000,400.93,400.93,392.617,395.532,0,0
ABE_MV,D,20140610,000000,396.095,396.095,396.095,396.095,0,0
ABE_MV,D,20140611,000000,395.532,396.095,392.617,394.01,0,0
ABE_MV,D,20140612,000000,392.617,394.01,380.319,385.716,0,0
ABE_MV,D,20140613,000000,386.39,392.498,386.39,387.091,0,0
ABE_MV,D,20140616,000000,388.484,388.484,380.171,385.716,0,0
ABE_MV,D,20140617,000000,385.448,388.336,385.448,388.336,0,0
ABE_MV,D,20140618,000000,381.564,392.498,381.564,392.498,0,0
ABE_MV,D,20140620,000000,392.617,400.93,384.332,400.93,0,0
ABE_MV,D,20140623,000000,396.778,400.93,393.881,400.93,0,0
ABE_MV,D,20140624,000000,400.366,403.42,393.456,403.42,0,0
ABE_MV,D,20140625,000000,403.42,403.42,401.612,402.165,0,0
ABE_MV,D,20140626,000000,403.264,418.901,403.264,418.744,0,0
ABE_MV,D,20140627,000000,417.37,421.66,414.057,419.869,0,0
ABE_MV,D,20140630,000000,420.957,420.957,418.744,419.722,0,0
ABE_MV,D,20140701,000000,420.277,420.277,414.74,414.74,0,0
ABE_MV,D,20140702,000000,419.584,419.584,403.678,411.844,0,0
ABE_MV,D,20140703,000000,412.951,413.088,399.537,411.844,0,0
ABE_MV,D,20140704,000000,413.227,413.227,409.897,409.897,0,0
ABE_MV,D,20140707,000000,413.088,413.088,407.839,407.839,0,0
ABE_MV,D,20140708,000000,407.839,410.598,401.345,410.598,0,0
ABE_MV,D,20140709,000000,413.227,413.227,402.433,413.227,0,0
ABE_MV,D,20140710,000000,413.227,414.481,411.982,413.375,0,0
ABE_MV,D,20140711,000000,409.214,410.598,407.839,407.839,0,0
ABE_MV,D,20140714,000000,414.611,414.74,409.214,412.674,0,0
ABE_MV,D,20140715,000000,412.406,412.406,409.214,411.844,0,0
ABE_MV,D,20140716,000000,411.705,411.705,406.309,407.839,0,0
ABE_MV,D,20140717,000000,407.156,411.161,405.063,409.638,0,0
ABE_MV,D,20140718,000000,402.581,410.598,402.314,402.314,0,0
ABE_MV,D,20140721,000000,402.996,402.996,401.049,402.314,0,0
ABE_MV,D,20140722,000000,403.678,403.678,399.14,400.93,0,0
ABE_MV,D,20140723,000000,399.259,406.179,392.617,392.617,0,0
ABE_MV,D,20140724,000000,394.01,405.763,384.332,386.547,0,0
ABE_MV,D,20140725,000000,386.547,386.547,373.418,374.656,0,0
ABE_MV,D,20140728,000000,377.284,385.033,360.142,362.771,0,0
ABE_MV,D,20140729,000000,365.66,375.9,365.66,375.9,0,0
ABE_MV,D,20140730,000000,376.315,376.315,366.361,373.27,0,0
ABE_MV,D,20140731,000000,373.27,382.681,366.638,382.681,0,0
ABE_MV,D,20140801,000000,384.747,384.747,382.949,383.087,0,0
ABE_MV,D,20140804,000000,383.364,386.814,377.017,377.017,0,0
ABE_MV,D,20140805,000000,386.547,386.547,373.27,373.27,0,0
ABE_MV,D,20140806,000000,382.949,382.949,366.361,366.361,0,0
ABE_MV,D,20140807,000000,364.977,366.914,345.622,345.622,0,0
ABE_MV,D,20140808,000000,339.948,351.711,339.948,348.381,0,0
ABE_MV,D,20140811,000000,351.157,363.454,342.725,362.771,0,0
ABE_MV,D,20140812,000000,355.299,362.771,355.299,362.771,0,0
ABE_MV,D,20140813,000000,369.959,369.959,366.361,366.361,0,0
ABE_MV,D,20140814,000000,359.59,359.59,352.956,352.956,0,0
ABE_MV,D,20140818,000000,359.322,359.322,355.853,356.812,0,0
ABE_MV,D,20140819,000000,359.727,359.727,343.683,359.322,0,0
ABE_MV,D,20140820,000000,353.916,353.916,352.393,352.531,0,0
ABE_MV,D,20140821,000000,359.027,359.027,349.911,349.911,0,0
ABE_MV,D,20140822,000000,350.326,371.887,350.326,367.745,0,0
ABE_MV,D,20140825,000000,370.504,382.386,370.504,382.386,0,0
ABE_MV,D,20140826,000000,382.386,382.533,373.27,377.967,0,0
ABE_MV,D,20140827,000000,383.769,383.769,376.039,379.351,0,0
ABE_MV,D,20140828,000000,386.547,386.814,367.745,376.601,0,0
ABE_MV,D,20140829,000000,373.27,387.091,373.27,386.953,0,0
ABE_MV,D,20140901,000000,387.091,387.091,364.977,385.162,0,0
ABE_MV,D,20140902,000000,385.162,385.162,384.332,384.332,0,0
ABE_MV,D,20140903,000000,385.033,386.814,383.087,386.814,0,0
ABE_MV,D,20140904,000000,386.39,386.814,381.703,386.27,0,0
ABE_MV,D,20140905,000000,387.091,387.091,387.091,387.091,0,0
ABE_MV,D,20140908,000000,387.091,392.617,385.301,392.617,0,0
ABE_MV,D,20140909,000000,389.72,392.617,388.484,392.617,0,0
ABE_MV,D,20140910,000000,392.617,405.478,392.617,405.478,0,0
ABE_MV,D,20140911,000000,406.456,414.74,406.456,413.227,0,0
ABE_MV,D,20140912,000000,413.375,417.508,412.111,417.508,0,0
ABE_MV,D,20140915,000000,417.508,417.508,414.74,416.825,0,0
ABE_MV,D,20140916,000000,414.74,417.37,412.268,414.196,0,0
ABE_MV,D,20140917,000000,414.74,414.74,410.598,414.74,0,0
ABE_MV,D,20140918,000000,418.901,437.001,418.901,435.488,0,0
ABE_MV,D,20140919,000000,438.534,463.139,438.247,456.08,0,0
ABE_MV,D,20140922,000000,456.08,469.772,456.08,456.228,0,0
ABE_MV,D,20140923,000000,456.228,456.228,449.308,456.228,0,0
ABE_MV,D,20140924,000000,456.228,456.228,449.308,449.308,0,0
ABE_MV,D,20140925,000000,453.045,453.045,443.93,443.93,0,0
ABE_MV,D,20140926,000000,444.059,444.059,440.462,442.39,0,0
ABE_MV,D,20140929,000000,442.251,442.39,439.917,442.39,0,0
ABE_MV,D,20140930,000000,442.39,442.39,439.917,442.122,0,0
ABE_MV,D,20141001,000000,439.917,442.251,435.203,435.488,0,0
ABE_MV,D,20141002,000000,430.239,430.239,418.901,425.119,0,0
ABE_MV,D,20141003,000000,428.154,428.154,424.141,424.289,0,0
ABE_MV,D,20141006,000000,424.289,424.427,421.254,424.427,0,0
ABE_MV,D,20141007,000000,424.427,428.154,424.427,427.471,0,0
ABE_MV,D,20141008,000000,427.324,428.293,427.324,428.154,0,0
ABE_MV,D,20141009,000000,428.154,428.154,421.66,427.056,0,0
ABE_MV,D,20141010,000000,428.154,428.293,422.075,426.909,0,0
ABE_MV,D,20141013,000000,426.909,426.909,414.74,418.624,0,0
ABE_MV,D,20141014,000000,412.268,421.66,404.943,414.74,0,0
ABE_MV,D,20141015,000000,414.611,414.611,401.049,401.206,0,0
ABE_MV,D,20141016,000000,396.925,400.781,394.979,399.537,0,0
ABE_MV,D,20141017,000000,398.715,399.537,394.712,399.537,0,0
ABE_MV,D,20141020,000000,405.211,407.839,405.211,407.839,0,0
ABE_MV,D,20141021,000000,407.839,410.053,406.041,410.053,0,0
ABE_MV,D,20141022,000000,407.424,428.57,407.424,428.57,0,0
ABE_MV,D,20141023,000000,428.57,431.891,428.57,431.891,0,0
ABE_MV,D,20141024,000000,435.756,442.39,424.704,432.029,0,0
ABE_MV,D,20141027,000000,441.163,441.163,429.953,429.953,0,0
ABE_MV,D,20141028,000000,438.247,438.247,432.167,432.167,0,0
ABE_MV,D,20141029,000000,434.105,439.502,421.66,428.57,0,0
ABE_MV,D,20141030,000000,428.57,428.57,428.57,428.57,0,0
ABE_MV,D,20141031,000000,428.57,428.57,425.387,428.57,0,0
ABE_MV,D,20141103,000000,429.953,441.292,429.953,440.332,0,0
ABE_MV,D,20141104,000000,440.868,441.421,440.738,441.292,0,0
ABE_MV,D,20141105,000000,441.292,449.18,441.292,447.925,0,0
ABE_MV,D,20141106,000000,452.077,452.077,432.029,432.029,0,0
ABE_MV,D,20141107,000000,431.485,441.568,429.271,435.488,0,0
ABE_MV,D,20141110,000000,435.488,442.953,435.488,435.618,0,0
ABE_MV,D,20141112,000000,442.251,442.251,435.488,435.488,0,0
ABE_MV,D,20141113,000000,436.586,436.586,434.65,435.488,0,0
ABE_MV,D,20141114,000000,435.488,435.488,432.721,435.488,0,0
ABE_MV,D,20141117,000000,435.488,435.488,430.239,430.239,0,0
ABE_MV,D,20141118,000000,430.239,448.617,430.239,448.617,0,0
ABE_MV,D,20141119,000000,451.394,469.357,450.692,462.723,0,0
ABE_MV,D,20141120,000000,461.746,473.914,456.357,457.206,0,0
ABE_MV,D,20141121,000000,464.512,464.512,456.228,456.228,0,0
ABE_MV,D,20141124,000000,456.504,456.634,440.332,440.332,0,0
ABE_MV,D,20141125,000000,440.462,442.39,438.247,442.39,0,0
ABE_MV,D,20141126,000000,442.122,442.39,437.149,437.149,0,0
ABE_MV,D,20141127,000000,447.38,447.38,438.119,438.534,0,0
ABE_MV,D,20141128,000000,442.39,442.39,436.864,436.864,0,0
ABE_MV,D,20141201,000000,443.93,447.233,441.421,441.421,0,0
ABE_MV,D,20141202,000000,447.095,447.095,438.119,438.662,0,0
ABE_MV,D,20141203,000000,445.295,455.121,443.93,454.696,0,0
ABE_MV,D,20141204,000000,454.696,454.835,449.308,449.308,0,0
ABE_MV,D,20141205,000000,449.308,454.696,440.738,454.696,0,0
ABE_MV,D,20141208,000000,446.817,454.013,446.817,450.692,0,0
ABE_MV,D,20141209,000000,449.596,456.634,449.596,456.634,0,0
ABE_MV,D,20141210,000000,453.451,456.08,441.015,441.421,0,0
ABE_MV,D,20141211,000000,441.421,453.045,441.421,442.39,0,0
ABE_MV,D,20141212,000000,450.139,454.568,443.082,446.551,0,0
ABE_MV,D,20141215,000000,443.082,445.295,426.503,428.57,0,0
ABE_MV,D,20141216,000000,426.503,431.337,410.459,424.289,0,0
ABE_MV,D,20141217,000000,415.294,417.24,410.598,414.74,0,0
ABE_MV,D,20141218,000000,414.74,417.508,414.325,414.74,0,0
ABE_MV,D,20141219,000000,414.74,414.74,401.049,414.74,0,0
ABE_MV,D,20141222,000000,418.283,430.036,411.345,424.657,0,0
ABE_MV,D,20141223,000000,430.036,430.036,424.935,424.935,0,0
ABE_MV,D,20141229,000000,424.657,433.145,424.657,433.145,0,0
ABE_MV,D,20141230,000000,434.843,441.642,419.142,433.145,0,0
ABE_MV,D,20150102,000000,438.809,447.306,436.117,447.306,0,0
ABE_MV,D,20150105,000000,450.849,451.551,450.278,450.278,0,0
ABE_MV,D,20150107,000000,451.551,451.551,449.844,449.844,0,0
ABE_MV,D,20150108,000000,449.291,452.962,449.291,452.962,0,0
ABE_MV,D,20150109,000000,452.962,452.962,445.886,449.429,0,0
ABE_MV,D,20150112,000000,449.429,449.429,444.466,445.886,0,0
ABE_MV,D,20150113,000000,441.642,463.581,440.932,462.881,0,0
ABE_MV,D,20150114,000000,460.186,466.976,460.186,462.881,0,0
ABE_MV,D,20150115,000000,461.883,461.883,453.959,460.038,0,0
ABE_MV,D,20150116,000000,460.038,460.038,454.383,455.804,0,0
ABE_MV,D,20150119,000000,455.379,455.379,446.735,452.962,0,0
ABE_MV,D,20150120,000000,452.962,460.038,451.412,459.762,0,0
ABE_MV,D,20150121,000000,460.038,460.038,452.271,460.038,0,0
ABE_MV,D,20150122,000000,460.038,495.298,454.383,495.298,0,0
ABE_MV,D,20150123,000000,492.605,503.223,479.863,502.227,0,0
ABE_MV,D,20150126,000000,505.197,507.034,495.438,495.438,0,0
ABE_MV,D,20150127,000000,496.286,500.382,495.438,495.438,0,0
ABE_MV,D,20150128,000000,495.438,502.513,495.438,502.513,0,0
ABE_MV,D,20150129,000000,503.491,506.619,503.491,505.346,0,0
ABE_MV,D,20150130,000000,503.491,505.346,499.828,503.925,0,0
ABE_MV,D,20150202,000000,509.45,509.45,503.223,506.767,0,0
ABE_MV,D,20150203,000000,509.45,530.393,509.45,515.245,0,0
ABE_MV,D,20150204,000000,516.666,530.393,516.666,526.575,0,0
ABE_MV,D,20150205,000000,520.918,529.406,509.728,522.892,0,0
ABE_MV,D,20150206,000000,523.602,523.602,506.767,513.123,0,0
ABE_MV,D,20150209,000000,513.123,526.575,513.123,515.383,0,0
ABE_MV,D,20150210,000000,515.245,523.742,513.261,523.742,0,0
ABE_MV,D,20150211,000000,520.918,525.863,517.376,523.602,0,0
ABE_MV,D,20150212,000000,526.575,526.575,517.376,523.455,0,0
ABE_MV,D,20150213,000000,523.742,527.709,523.327,523.327,0,0
ABE_MV,D,20150216,000000,523.602,526.575,520.918,526.575,0,0
ABE_MV,D,20150217,000000,527.847,527.847,526.575,526.575,0,0
ABE_MV,D,20150218,000000,526.575,526.575,526.575,526.575,0,0
ABE_MV,D,20150219,000000,527.847,527.847,523.742,526.575,0,0
ABE_MV,D,20150220,000000,526.575,536.482,523.742,536.482,0,0
ABE_MV,D,20150223,000000,537.894,537.894,537.469,537.894,0,0
ABE_MV,D,20150224,000000,537.894,537.894,537.183,537.894,0,0
ABE_MV,D,20150225,000000,537.894,564.796,537.894,545.975,0,0
ABE_MV,D,20150226,000000,544.97,559.132,544.26,544.97,0,0
ABE_MV,D,20150227,000000,552.055,552.055,541.437,544.97,0,0
ABE_MV,D,20150302,000000,557.719,571.872,557.719,571.724,0,0
ABE_MV,D,20150303,000000,571.872,582.916,559.132,571.724,0,0
ABE_MV,D,20150304,000000,582.916,600.896,580.36,600.896,0,0
ABE_MV,D,20150305,000000,600.896,628.49,600.896,608.673,0,0
ABE_MV,D,20150306,000000,608.673,615.748,605.841,608.11,0,0
ABE_MV,D,20150309,000000,607.972,607.972,582.629,591.679,0,0
ABE_MV,D,20150310,000000,591.679,591.679,576.124,576.124,0,0
ABE_MV,D,20150311,000000,574.704,575.829,567.619,569.03,0,0
ABE_MV,D,20150312,000000,569.03,591.974,569.03,589.567,0,0
ABE_MV,D,20150313,000000,587.445,594.512,584.751,584.751,0,0
ABE_MV,D,20150316,000000,593.663,599.181,593.534,599.181,0,0
ABE_MV,D,20150317,000000,598.766,607.124,598.626,607.124,0,0
ABE_MV,D,20150318,000000,607.972,612.926,604.429,604.429,0,0
ABE_MV,D,20150319,000000,608.535,608.535,595.933,595.933,0,0
ABE_MV,D,20150320,000000,595.933,596.643,583.054,583.054,0,0
ABE_MV,D,20150323,000000,587.445,602.723,580.646,602.299,0,0
ABE_MV,D,20150324,000000,603.009,603.009,587.445,589.567,0,0
ABE_MV,D,20150325,000000,594.512,594.512,587.445,587.445,0,0
ABE_MV,D,20150326,000000,588.146,588.146,574.842,583.902,0,0
ABE_MV,D,20150327,000000,582.491,591.974,582.491,587.306,0,0
ABE_MV,D,20150330,000000,593.949,593.949,582.629,592.389,0,0
ABE_MV,D,20150331,000000,598.626,598.626,580.36,583.331,0,0
ABE_MV,D,20150401,000000,583.331,584.613,574.704,577.952,0,0
ABE_MV,D,20150402,000000,576.124,577.813,572.582,572.582,0,0
ABE_MV,D,20150407,000000,570.451,570.451,551.344,552.055,0,0
ABE_MV,D,20150408,000000,545.117,566.207,544.97,560.552,0,0
ABE_MV,D,20150409,000000,557.009,568.182,557.009,566.207,0,0
ABE_MV,D,20150410,000000,570.451,587.445,566.207,583.902,0,0
ABE_MV,D,20150413,000000,584.613,584.613,570.589,580.083,0,0
ABE_MV,D,20150414,000000,580.083,580.083,573.284,573.284,0,0
ABE_MV,D,20150415,000000,571.595,573.431,566.207,573.431,0,0
ABE_MV,D,20150416,000000,578.247,578.801,567.619,578.662,0,0
ABE_MV,D,20150417,000000,569.03,578.662,569.03,576.124,0,0
ABE_MV,D,20150420,000000,576.124,609.66,576.124,605.564,0,0
ABE_MV,D,20150421,000000,608.673,617.871,605.841,605.841,0,0
ABE_MV,D,20150422,000000,605.841,605.841,587.584,603.719,0,0
ABE_MV,D,20150423,000000,602.871,602.871,589.567,589.567,0,0
ABE_MV,D,20150424,000000,594.373,622.835,594.373,620.002,0,0
ABE_MV,D,20150427,000000,619.292,619.292,608.673,608.673,0,0
ABE_MV,D,20150428,000000,606.118,608.11,594.512,608.11,0,0
ABE_MV,D,20150429,000000,608.11,608.11,605.841,607.4,0,0
ABE_MV,D,20150430,000000,604.429,608.673,603.009,608.535,0,0
ABE_MV,D,20150504,000000,608.673,615.473,608.673,615.473,0,0
ABE_MV,D,20150505,000000,619.292,622.678,612.926,615.748,0,0
ABE_MV,D,20150506,000000,616.46,628.49,615.748,624.246,0,0
ABE_MV,D,20150507,000000,625.658,634.163,622.678,627.78,0,0
ABE_MV,D,20150508,000000,625.658,625.658,620.426,620.426,0,0
ABE_MV,D,20150511,000000,620.141,624.246,620.002,622.549,0,0
ABE_MV,D,20150512,000000,622.835,622.835,612.926,612.926,0,0
ABE_MV,D,20150513,000000,612.778,621.7,596.781,615.748,0,0
ABE_MV,D,20150514,000000,621.276,621.276,609.098,621.128,0,0
ABE_MV,D,20150515,000000,620.99,620.99,587.445,601.588,0,0
ABE_MV,D,20150518,000000,608.673,625.658,608.673,620.99,0,0
ABE_MV,D,20150519,000000,622.835,622.835,605.989,611.515,0,0
ABE_MV,D,20150520,000000,611.515,619.855,607.4,612.215,0,0
ABE_MV,D,20150521,000000,611.515,615.611,604.429,615.611,0,0
ABE_MV,D,20150522,000000,615.748,618.443,615.611,618.305,0,0
ABE_MV,D,20150525,000000,619.153,621.276,604.706,608.673,0,0
ABE_MV,D,20150526,000000,622.835,622.835,602.723,603.857,0,0
ABE_MV,D,20150527,000000,603.166,605.702,583.902,594.512,0,0
ABE_MV,D,20150528,000000,588.856,597.778,586.034,588.994,0,0
ABE_MV,D,20150529,000000,588.994,607.686,588.994,598.055,0,0
ABE_MV,D,20150601,000000,594.512,599.476,588.994,594.512,0,0
ABE_MV,D,20150602,000000,587.445,594.244,583.201,588.856,0,0
ABE_MV,D,20150603,000000,594.512,598.766,589.567,598.766,0,0
ABE_MV,D,20150605,000000,599.051,599.051,591.126,597.353,0,0
ABE_MV,D,20150608,000000,574.409,588.856,574.409,580.221,0,0
ABE_MV,D,20150609,000000,573.569,575.414,556.299,563.089,0,0
ABE_MV,D,20150610,000000,556.584,559.132,552.332,557.434,0,0
ABE_MV,D,20150611,000000,559.132,559.132,546.114,554.739,0,0
ABE_MV,D,20150612,000000,554.739,578.099,554.739,576.826,0,0
ABE_MV,D,20150615,000000,578.247,583.331,574.704,583.331,0,0
ABE_MV,D,20150616,000000,583.469,587.445,556.299,583.201,0,0
ABE_MV,D,20150617,000000,587.445,588.146,581.494,581.494,0,0
ABE_MV,D,20150618,000000,580.083,581.642,566.207,581.642,0,0
ABE_MV,D,20150619,000000,580.36,580.36,566.207,578.523,0,0
ABE_MV,D,20150622,000000,578.662,578.662,566.207,566.355,0,0
ABE_MV,D,20150623,000000,578.523,583.201,568.892,583.201,0,0
ABE_MV,D,20150624,000000,583.201,583.201,566.631,566.631,0,0
ABE_MV,D,20150625,000000,568.329,574.704,568.329,574.704,0,0
ABE_MV,D,20150626,000000,569.03,569.03,556.584,556.584,0,0
ABE_MV,D,20150629,000000,537.894,537.894,523.742,530.827,0,0
ABE_MV,D,20150630,000000,525.153,544.693,525.153,541.437,0,0
ABE_MV,D,20150701,000000,541.437,557.572,541.437,547.803,0,0
ABE_MV,D,20150702,000000,554.887,566.207,554.887,559.132,0,0
ABE_MV,D,20150703,000000,559.132,559.132,540.727,540.727,0,0
ABE_MV,D,20150706,000000,536.482,544.831,536.482,542.285,0,0
ABE_MV,D,20150707,000000,539.452,551.917,539.452,543.41,0,0
ABE_MV,D,20150708,000000,544.97,544.97,530.116,531.243,0,0
ABE_MV,D,20150709,000000,535.07,535.07,522.892,523.031,0,0
ABE_MV,D,20150710,000000,519.073,537.469,519.073,523.742,0,0
ABE_MV,D,20150713,000000,537.764,543.41,537.764,537.894,0,0
ABE_MV,D,20150714,000000,541.99,567.204,541.99,566.207,0,0
ABE_MV,D,20150715,000000,566.207,584.751,566.207,583.902,0,0
ABE_MV,D,20150716,000000,591.264,591.403,581.218,587.445,0,0
ABE_MV,D,20150717,000000,580.646,587.306,575.553,587.306,0,0
ABE_MV,D,20150720,000000,580.36,585.886,573.284,573.284,0,0
ABE_MV,D,20150721,000000,568.329,576.124,564.086,576.124,0,0
ABE_MV,D,20150722,000000,579.936,598.055,566.631,597.206,0,0
ABE_MV,D,20150723,000000,593.1,593.1,568.053,583.902,0,0
ABE_MV,D,20150724,000000,570.451,583.201,567.914,582.491,0,0
ABE_MV,D,20150727,000000,567.766,573.144,567.766,571.724,0,0
ABE_MV,D,20150728,000000,574.279,583.201,574.279,583.201,0,0
ABE_MV,D,20150729,000000,583.201,583.201,574.704,583.201,0,0
ABE_MV,D,20150730,000000,578.948,583.201,578.948,583.201,0,0
ABE_MV,D,20150731,000000,583.201,583.201,574.704,583.201,0,0
ABE_MV,D,20150803,000000,580.36,583.201,580.36,580.784,0,0
ABE_MV,D,20150804,000000,587.011,587.445,581.07,586.449,0,0
ABE_MV,D,20150805,000000,581.218,583.201,579.511,583.201,0,0
ABE_MV,D,20150806,000000,587.445,587.445,576.402,576.402,0,0
ABE_MV,D,20150807,000000,576.402,577.537,566.631,566.779,0,0
ABE_MV,D,20150810,000000,586.596,586.596,576.402,584.889,0,0
ABE_MV,D,20150811,000000,586.874,587.445,586.874,587.445,0,0
ABE_MV,D,20150812,000000,586.034,590.701,580.36,590.701,0,0
ABE_MV,D,20150813,000000,590.701,598.766,577.675,579.658,0,0
ABE_MV,D,20150814,000000,573.284,574.99,573.284,574.704,0,0
ABE_MV,D,20150817,000000,580.221,580.36,573.994,573.994,0,0
ABE_MV,D,20150818,000000,577.112,580.221,569.03,569.03,0,0
ABE_MV,D,20150819,000000,569.187,569.741,562.102,562.102,0,0
ABE_MV,D,20150820,000000,563.375,563.375,550.644,551.917,0,0
ABE_MV,D,20150821,000000,557.572,562.102,552.055,552.055,0,0
ABE_MV,D,20150824,000000,544.97,544.97,495.438,495.438,0,0
ABE_MV,D,20150825,000000,495.438,516.666,494.016,516.666,0,0
ABE_MV,D,20150826,000000,522.182,533.936,522.182,527.709,0,0
ABE_MV,D,20150827,000000,530.827,546.114,530.827,544.26,0,0
ABE_MV,D,20150828,000000,552.055,552.055,544.831,551.344,0,0
ABE_MV,D,20150831,000000,556.012,556.162,549.509,552.055,0,0
ABE_MV,D,20150901,000000,538.032,552.47,538.032,540.727,0,0
ABE_MV,D,20150902,000000,540.727,540.727,518.363,518.363,0,0
ABE_MV,D,20150903,000000,528.133,530.827,524.452,529.406,0,0
ABE_MV,D,20150904,000000,530.827,537.764,520.061,534.784,0,0
ABE_MV,D,20150907,000000,539.452,539.452,523.742,537.617,0,0
ABE_MV,D,20150908,000000,530.827,537.894,530.393,537.894,0,0
ABE_MV,D,20150909,000000,536.482,536.482,515.245,525.863,0,0
ABE_MV,D,20150910,000000,525.863,525.863,512.413,512.413,0,0
ABE_MV,D,20150911,000000,509.59,509.59,501.093,509.59,0,0
ABE_MV,D,20150914,000000,512.413,512.413,487.504,487.504,0,0
ABE_MV,D,20150915,000000,487.504,487.504,467.114,467.114,0,0
ABE_MV,D,20150916,000000,467.114,474.763,461.746,474.2,0,0
ABE_MV,D,20150917,000000,474.2,494.728,474.2,494.579,0,0
ABE_MV,D,20150918,000000,488.343,494.728,488.343,494.728,0,0
ABE_MV,D,20150921,000000,494.728,494.728,494.016,494.016,0,0
ABE_MV,D,20150922,000000,494.728,497.559,489.062,497.559,0,0
ABE_MV,D,20150924,000000,497.559,497.559,485.529,485.529,0,0
ABE_MV,D,20150925,000000,485.529,488.343,484.108,484.108,0,0
ABE_MV,D,20150928,000000,484.246,484.246,472.078,474.2,0,0
ABE_MV,D,20150929,000000,473.914,474.348,473.914,474.348,0,0
ABE_MV,D,20150930,000000,474.2,483.97,474.2,483.97,0,0
ABE_MV,D,20151001,000000,481.414,487.928,481.276,487.928,0,0
ABE_MV,D,20151002,000000,489.349,489.496,481.276,487.789,0,0
ABE_MV,D,20151005,000000,486.931,489.496,482.836,489.496,0,0
ABE_MV,D,20151006,000000,495.438,503.491,495.438,503.491,0,0
ABE_MV,D,20151007,000000,513.261,519.35,513.261,519.35,0,0
ABE_MV,D,20151008,000000,523.031,523.742,512.56,523.742,0,0
ABE_MV,D,20151009,000000,523.742,527.847,523.742,527.847,0,0
ABE_MV,D,20151012,000000,521.333,527.847,521.333,527.847,0,0
ABE_MV,D,20151013,000000,523.742,530.827,519.784,530.827,0,0
ABE_MV,D,20151014,000000,523.742,528.557,519.498,528.557,0,0
ABE_MV,D,20151015,000000,522.321,530.955,522.321,530.955,0,0
ABE_MV,D,20151016,000000,523.88,523.88,518.224,523.742,0,0
ABE_MV,D,20151019,000000,526.85,529.83,514.682,514.682,0,0
ABE_MV,D,20151020,000000,523.742,523.742,516.666,516.666,0,0
ABE_MV,D,20151021,000000,514.268,514.268,514.119,514.119,0,0
ABE_MV,D,20151022,000000,514.268,521.906,514.119,521.906,0,0
ABE_MV,D,20151023,000000,514.119,522.321,511.148,513.123,0,0
ABE_MV,D,20151026,000000,518.363,518.363,511.703,511.703,0,0
ABE_MV,D,20151027,000000,506.767,506.767,498.685,502.513,0,0
ABE_MV,D,20151028,000000,501.093,501.093,496.148,496.148,0,0
ABE_MV,D,20151029,000000,494.155,495.723,474.348,487.789,0,0
ABE_MV,D,20151030,000000,474.485,474.485,469.67,469.67,0,0
ABE_MV,D,20151102,000000,469.384,480.703,467.114,469.956,0,0
ABE_MV,D,20151103,000000,465.149,478.028,465.149,473.766,0,0
ABE_MV,D,20151104,000000,474.052,474.2,473.637,474.2,0,0
ABE_MV,D,20151105,000000,474.2,474.2,468.683,468.959,0,0
ABE_MV,D,20151106,000000,468.683,482.973,468.683,482.973,0,0
ABE_MV,D,20151109,000000,482.973,482.973,475.048,482.973,0,0
ABE_MV,D,20151110,000000,485.105,485.105,485.105,485.105,0,0
ABE_MV,D,20151112,000000,474.2,482.973,474.2,474.2,0,0
ABE_MV,D,20151113,000000,474.2,474.2,462.881,472.788,0,0
ABE_MV,D,20151116,000000,462.881,472.788,462.881,464.291,0,0
ABE_MV,D,20151117,000000,462.881,462.881,435.977,435.977,0,0
ABE_MV,D,20151118,000000,435.977,443.616,435.977,443.054,0,0
ABE_MV,D,20151119,000000,452.686,457.224,451.551,451.551,0,0
ABE_MV,D,20151120,000000,452.962,467.409,452.962,467.114,0,0
ABE_MV,D,20151123,000000,465.426,469.956,465.426,465.426,0,0
ABE_MV,D,20151124,000000,465.426,468.683,465.426,468.683,0,0
ABE_MV,D,20151125,000000,468.683,481.276,468.683,477.032,0,0
ABE_MV,D,20151126,000000,477.032,488.075,477.032,488.075,0,0
ABE_MV,D,20151127,000000,488.075,488.075,478.453,486.931,0,0
ABE_MV,D,20151130,000000,481.276,495.438,478.729,495.438,0,0
ABE_MV,D,20151201,000000,495.438,502.375,484.108,502.375,0,0
ABE_MV,D,20151202,000000,502.375,505.41,493.988,505.41,0,0
ABE_MV,D,20151203,000000,506.554,506.554,483.748,499.202,0,0
ABE_MV,D,20151204,000000,498.03,498.177,498.03,498.177,0,0
ABE_MV,D,20151207,000000,476.663,489.801,476.663,487.346,0,0
ABE_MV,D,20151208,000000,476.663,489.376,476.663,489.376,0,0
ABE_MV,D,20151209,000000,476.663,476.663,436.088,462.077,0,0
ABE_MV,D,20151210,000000,473.628,473.628,462.077,466.856,0,0
ABE_MV,D,20151211,000000,462.077,462.077,447.5,447.5,0,0
ABE_MV,D,20151214,000000,447.639,449.087,436.237,449.087,0,0
ABE_MV,D,20151215,000000,438.247,448.802,438.247,448.802,0,0
ABE_MV,D,20151216,000000,447.925,469.3,447.925,462.077,0,0
ABE_MV,D,20151217,000000,462.077,462.077,454.863,454.863,0,0
ABE_MV,D,20151218,000000,454.281,454.281,438.551,442.159,0,0
ABE_MV,D,20151221,000000,459.476,459.918,447.925,451.827,0,0
ABE_MV,D,20151222,000000,447.639,462.077,447.639,462.077,0,0
ABE_MV,D,20151223,000000,455.148,479.404,455.148,476.515,0,0
ABE_MV,D,20151228,000000,479.274,493.121,476.515,493.121,0,0
ABE_MV,D,20151229,000000,497.892,499.044,497.892,499.044,0,0
ABE_MV,D,20151230,000000,498.472,499.044,478.102,478.102,0,0
ABE_MV,D,20160104,000000,473.628,476.663,473.628,476.663,0,0
ABE_MV,D,20160105,000000,476.811,476.811,476.515,476.663,0,0
ABE_MV,D,20160107,000000,473.628,473.628,463.517,469.3,0,0
ABE_MV,D,20160108,000000,465.112,466.414,465.112,466.414,0,0
ABE_MV,D,20160111,000000,462.225,462.225,454.863,454.863,0,0
ABE_MV,D,20160112,000000,449.087,461.505,449.087,454.716,0,0
ABE_MV,D,20160113,000000,463.092,469.006,462.077,469.006,0,0
ABE_MV,D,20160114,000000,462.077,462.077,449.373,450.527,0,0
ABE_MV,D,20160115,000000,465.112,465.112,451.966,451.966,0,0
ABE_MV,D,20160118,000000,450.24,450.24,440.416,447.639,0,0
ABE_MV,D,20160119,000000,458.608,458.608,447.639,447.639,0,0
ABE_MV,D,20160120,000000,447.639,447.639,438.551,438.829,0,0
ABE_MV,D,20160121,000000,440.416,450.379,438.247,450.379,0,0
ABE_MV,D,20160122,000000,450.379,450.379,450.379,450.379,0,0
ABE_MV,D,20160125,000000,449.807,459.051,440.572,459.051,0,0
ABE_MV,D,20160126,000000,458.903,458.903,458.756,458.756,0,0
ABE_MV,D,20160127,000000,459.051,459.051,458.756,458.756,0,0
ABE_MV,D,20160128,000000,462.077,467.133,454.863,454.863,0,0
ABE_MV,D,20160129,000000,454.863,457.75,454.863,454.863,0,0
ABE_MV,D,20160201,000000,466.414,466.414,454.863,454.863,0,0
ABE_MV,D,20160202,000000,454.863,454.863,454.716,454.716,0,0
ABE_MV,D,20160203,000000,454.716,457.75,445.757,450.527,0,0
ABE_MV,D,20160204,000000,450.379,450.527,447.639,450.527,0,0
ABE_MV,D,20160205,000000,447.353,456.015,447.353,456.015,0,0
ABE_MV,D,20160208,000000,461.939,461.939,454.863,456.311,0,0
ABE_MV,D,20160209,000000,455.296,456.311,454.863,454.863,0,0
ABE_MV,D,20160210,000000,456.015,456.015,446.338,447.639,0,0
ABE_MV,D,20160211,000000,447.639,448.802,447.639,448.802,0,0
ABE_MV,D,20160212,000000,453.414,458.756,452.547,455.583,0,0
ABE_MV,D,20160215,000000,458.332,473.628,458.332,473.628,0,0
ABE_MV,D,20160216,000000,476.238,478.684,464.817,464.817,0,0
ABE_MV,D,20160217,000000,460.647,464.817,460.647,460.647,0,0
ABE_MV,D,20160218,000000,462.658,464.107,456.588,464.107,0,0
ABE_MV,D,20160219,000000,462.954,475.076,459.918,475.076,0,0
ABE_MV,D,20160222,000000,474.79,477.964,474.79,475.076,0,0
ABE_MV,D,20160223,000000,475.076,477.235,472.198,477.235,0,0
ABE_MV,D,20160224,000000,475.076,475.076,471.469,471.469,0,0
ABE_MV,D,20160225,000000,472.198,472.198,465.259,465.259,0,0
ABE_MV,D,20160226,000000,470.75,470.75,456.311,456.311,0,0
ABE_MV,D,20160229,000000,456.311,456.311,447.786,454.863,0,0
ABE_MV,D,20160301,000000,459.771,461.358,458.756,461.358,0,0
ABE_MV,D,20160302,000000,464.964,493.416,462.797,493.416,0,0
ABE_MV,D,20160303,000000,494.423,496.305,490.963,496.305,0,0
ABE_MV,D,20160304,000000,496.729,503.094,496.452,503.094,0,0
ABE_MV,D,20160307,000000,503.094,537.165,503.094,520.273,0,0
ABE_MV,D,20160308,000000,521.288,521.288,503.094,503.094,0,0
ABE_MV,D,20160309,000000,498.334,505.41,496.729,505.41,0,0
ABE_MV,D,20160310,000000,505.41,515.365,505.41,515.365,0,0
ABE_MV,D,20160311,000000,514.064,514.064,514.064,514.064,0,0
ABE_MV,D,20160314,000000,516.093,516.093,516.093,516.093,0,0
ABE_MV,D,20160315,000000,518.4,518.4,511.896,515.512,0,0
ABE_MV,D,20160316,000000,515.512,515.512,511.896,512.616,0,0
ABE_MV,D,20160317,000000,515.512,515.512,513.049,515.512,0,0
ABE_MV,D,20160318,000000,518.4,525.614,518.4,525.614,0,0
ABE_MV,D,20160321,000000,520.125,520.558,519.848,519.848,0,0
ABE_MV,D,20160322,000000,519.848,519.848,506.13,508.436,0,0
ABE_MV,D,20160323,000000,505.41,509.728,505.41,505.41,0,0
ABE_MV,D,20160324,000000,505.41,505.41,483.748,487.494,0,0
ABE_MV,D,20160329,000000,490.963,519.848,488.222,519.691,0,0
ABE_MV,D,20160330,000000,515.512,519.553,513.344,519.553,0,0
ABE_MV,D,20160331,000000,519.553,519.553,504.681,505.41,0,0
ABE_MV,D,20160401,000000,506.988,506.988,495.298,503.242,0,0
ABE_MV,D,20160404,000000,505.41,512.616,505.41,505.41,0,0
ABE_MV,D,20160405,000000,498.177,505.41,498.177,505.41,0,0
ABE_MV,D,20160406,000000,505.41,505.41,505.41,505.41,0,0
ABE_MV,D,20160407,000000,502.227,506.13,502.227,506.13,0,0
ABE_MV,D,20160408,000000,506.554,511.029,500.779,500.779,0,0
ABE_MV,D,20160411,000000,506.841,508.15,498.472,498.472,0,0
ABE_MV,D,20160412,000000,503.962,507.568,499.625,507.568,0,0
ABE_MV,D,20160413,000000,508.288,512.616,505.262,505.41,0,0
ABE_MV,D,20160414,000000,505.41,506.268,503.962,506.268,0,0
ABE_MV,D,20160415,000000,508.288,524.166,508.288,519.129,0,0
ABE_MV,D,20160418,000000,519.406,527.064,519.406,527.064,0,0
ABE_MV,D,20160419,000000,527.064,533.558,527.064,532.838,0,0
ABE_MV,D,20160420,000000,532.838,532.838,530.679,530.679,0,0
ABE_MV,D,20160421,000000,527.064,532.838,525.614,525.614,0,0
ABE_MV,D,20160422,000000,528.511,533.41,511.315,533.41,0,0
ABE_MV,D,20160425,000000,530.375,533.558,525.614,527.634,0,0
ABE_MV,D,20160426,000000,533.843,534.277,528.511,528.511,0,0
ABE_MV,D,20160427,000000,533.991,533.991,533.991,533.991,0,0
ABE_MV,D,20160428,000000,533.991,533.991,502.513,502.513,0,0
ABE_MV,D,20160429,000000,509.728,516.093,503.962,505.41,0,0
ABE_MV,D,20160502,000000,505.41,505.41,505.41,505.41,0,0
ABE_MV,D,20160504,000000,505.41,505.41,495.733,495.733,0,0
ABE_MV,D,20160505,000000,495.298,495.298,489.523,489.523,0,0
ABE_MV,D,20160506,000000,488.075,490.824,468.148,481.286,0,0
ABE_MV,D,20160509,000000,477.382,493.851,477.382,490.963,0,0
ABE_MV,D,20160510,000000,490.963,490.963,490.963,490.963,0,0
ABE_MV,D,20160511,000000,495.298,502.071,489.801,502.071,0,0
ABE_MV,D,20160512,000000,505.262,505.262,492.401,492.401,0,0
ABE_MV,D,20160513,000000,493.851,493.851,482.3,490.963,0,0
ABE_MV,D,20160516,000000,493.556,493.851,486.627,493.851,0,0
ABE_MV,D,20160517,000000,488.075,492.993,474.495,479.126,0,0
ABE_MV,D,20160518,000000,479.126,479.126,460.647,460.647,0,0
ABE_MV,D,20160519,000000,459.918,459.918,447.353,447.639,0,0
ABE_MV,D,20160520,000000,450.527,450.527,444.761,444.761,0,0
ABE_MV,D,20160523,000000,447.639,447.639,443.313,443.45,0,0
ABE_MV,D,20160524,000000,445.333,447.639,445.333,447.639,0,0
ABE_MV,D,20160525,000000,447.639,454.863,447.353,447.639,0,0
ABE_MV,D,20160527,000000,453.129,454.281,453.129,454.281,0,0
ABE_MV,D,20160530,000000,454.863,454.863,454.134,454.134,0,0
ABE_MV,D,20160531,000000,454.863,454.863,447.639,454.863,0,0
ABE_MV,D,20160601,000000,454.863,454.863,440.711,440.711,0,0
ABE_MV,D,20160602,000000,440.416,440.416,440.416,440.416,0,0
ABE_MV,D,20160603,000000,437.537,447.639,433.201,436.522,0,0
ABE_MV,D,20160606,000000,438.551,438.551,436.088,436.088,0,0
ABE_MV,D,20160607,000000,438.976,438.976,438.976,438.976,0,0
ABE_MV,D,20160608,000000,439.409,447.639,433.201,433.201,0,0
ABE_MV,D,20160609,000000,433.339,436.088,428.874,428.874,0,0
ABE_MV,D,20160610,000000,425.986,429.446,423.099,429.446,0,0
ABE_MV,D,20160613,000000,428.874,428.874,418.754,421.65,0,0
ABE_MV,D,20160614,000000,421.65,421.65,418.754,421.65,0,0
ABE_MV,D,20160615,000000,422.232,425.986,418.034,425.986,0,0
ABE_MV,D,20160616,000000,418.034,418.034,410.1,411.548,0,0
ABE_MV,D,20160617,000000,417.029,417.029,407.065,417.029,0,0
ABE_MV,D,20160620,000000,411.548,412.268,410.1,412.268,0,0
ABE_MV,D,20160621,000000,410.1,425.986,410.1,425.986,0,0
ABE_MV,D,20160622,000000,423.818,423.818,415.727,416.585,0,0
ABE_MV,D,20160623,000000,414.436,415.727,411.687,415.727,0,0
ABE_MV,D,20160624,000000,376.887,397.101,376.887,397.101,0,0
ABE_MV,D,20160627,000000,401.427,401.427,389.452,389.452,0,0
ABE_MV,D,20160628,000000,386.99,386.99,366.056,366.056,0,0
ABE_MV,D,20160629,000000,368.658,378.336,368.658,373.99,0,0
ABE_MV,D,20160630,000000,382.09,389.886,377.754,378.336,0,0
ABE_MV,D,20160701,000000,382.09,404.315,378.336,404.315,0,0
ABE_MV,D,20160704,000000,404.315,409.085,404.315,409.085,0,0
ABE_MV,D,20160705,000000,409.38,418.034,409.38,418.034,0,0
ABE_MV,D,20160706,000000,418.034,419.483,415.874,418.901,0,0
ABE_MV,D,20160707,000000,416.742,418.754,415.156,418.754,0,0
ABE_MV,D,20160708,000000,419.483,436.237,419.483,433.201,0,0
ABE_MV,D,20160711,000000,428.874,452.694,428.874,452.694,0,0
ABE_MV,D,20160712,000000,453.414,465.684,453.266,462.077,0,0
ABE_MV,D,20160713,000000,461.791,461.939,455.148,460.49,0,0
ABE_MV,D,20160714,000000,461.652,461.652,454.281,454.281,0,0
ABE_MV,D,20160715,000000,454.281,454.281,451.247,454.134,0,0
ABE_MV,D,20160718,000000,460.49,465.684,459.918,462.077,0,0
ABE_MV,D,20160719,000000,465.684,465.684,453.414,453.414,0,0
ABE_MV,D,20160720,000000,454.863,454.863,454.863,454.863,0,0
ABE_MV,D,20160721,000000,451.827,451.827,434.64,437.537,0,0
ABE_MV,D,20160722,000000,437.537,437.537,423.099,423.099,0,0
ABE_MV,D,20160725,000000,423.099,423.099,404.168,410.967,0,0
ABE_MV,D,20160726,000000,415.874,415.874,404.039,404.315,0,0
ABE_MV,D,20160727,000000,404.315,404.315,394.933,397.387,0,0
ABE_MV,D,20160728,000000,396.962,396.962,393.918,393.918,0,0
ABE_MV,D,20160729,000000,391.621,391.621,386.99,390.024,0,0
ABE_MV,D,20160801,000000,389.592,392.765,377.174,379.776,0,0
ABE_MV,D,20160802,000000,379.056,387.857,379.056,387.857,0,0
ABE_MV,D,20160803,000000,387.857,397.387,387.857,396.962,0,0
ABE_MV,D,20160804,000000,396.381,397.101,395.228,395.661,0,0
ABE_MV,D,20160805,000000,395.661,396.657,395.661,395.661,0,0
ABE_MV,D,20160808,000000,395.366,399.997,394.933,399.693,0,0
ABE_MV,D,20160809,000000,404.039,407.203,401.427,407.203,0,0
ABE_MV,D,20160810,000000,407.203,421.65,407.203,421.65,0,0
ABE_MV,D,20160811,000000,421.65,433.201,421.65,430.314,0,0
ABE_MV,D,20160812,000000,433.201,433.201,427.573,431.752,0,0
ABE_MV,D,20160816,000000,432.038,433.201,425.405,432.472,0,0
ABE_MV,D,20160817,000000,431.752,431.752,421.217,427.426,0,0
ABE_MV,D,20160818,000000,430.894,430.894,430.894,430.894,0,0
ABE_MV,D,20160819,000000,431.033,431.033,425.986,425.986,0,0
ABE_MV,D,20160822,000000,426.134,426.134,407.932,407.932,0,0
ABE_MV,D,20160823,000000,407.508,411.548,407.203,411.548,0,0
ABE_MV,D,20160824,000000,407.932,419.058,407.932,418.754,0,0
ABE_MV,D,20160825,000000,419.058,420.053,408.218,414.279,0,0
ABE_MV,D,20160826,000000,412.84,412.84,403.891,409.814,0,0
ABE_MV,D,20160829,000000,409.814,411.106,409.814,411.106,0,0
ABE_MV,D,20160830,000000,410.819,415.156,402.877,415.156,0,0
ABE_MV,D,20160831,000000,414.86,417.176,414.141,417.176,0,0
ABE_MV,D,20160901,000000,417.176,430.894,417.176,430.894,0,0
ABE_MV,D,20160902,000000,428.874,441.863,421.936,440.416,0,0
ABE_MV,D,20160905,000000,440.416,443.313,426.696,429.446,0,0
ABE_MV,D,20160906,000000,429.446,433.201,422.795,429.446,0,0
ABE_MV,D,20160907,000000,432.472,433.92,429.594,433.339,0,0
ABE_MV,D,20160908,000000,433.201,436.66,419.483,419.483,0,0
ABE_MV,D,20160909,000000,419.483,420.202,415.294,415.294,0,0
ABE_MV,D,20160912,000000,410.819,424.538,410.819,418.754,0,0
ABE_MV,D,20160913,000000,418.754,418.754,417.314,417.314,0,0
ABE_MV,D,20160914,000000,417.314,417.314,417.029,417.314,0,0
ABE_MV,D,20160915,000000,418.624,424.538,406.483,424.538,0,0
ABE_MV,D,20160916,000000,425.266,425.266,406.483,412.987,0,0
ABE_MV,D,20160919,000000,412.987,418.754,407.932,418.754,0,0
ABE_MV,D,20160920,000000,425.986,476.238,420.202,476.238,0,0
ABE_MV,D,20160921,000000,476.515,520.993,469.3,520.993,0,0
ABE_MV,D,20160922,000000,511.177,532.838,505.686,532.838,0,0
ABE_MV,D,20160923,000000,532.543,532.543,510.17,512.616,0,0
ABE_MV,D,20160926,000000,512.616,512.616,490.963,512.616,0,0
ABE_MV,D,20160927,000000,498.897,519.129,498.897,517.68,0,0
ABE_MV,D,20160928,000000,517.68,517.68,501.507,512.919,0,0
ABE_MV,D,20160929,000000,513.344,513.344,505.41,507.568,0,0
ABE_MV,D,20160930,000000,512.616,526.334,506.268,519.848,0,0
ABE_MV,D,20161003,000000,516.232,516.232,508.288,508.288,0,0
ABE_MV,D,20161004,000000,513.916,513.916,498.177,498.177,0,0
ABE_MV,D,20161005,000000,492.689,492.689,490.963,490.963,0,0
ABE_MV,D,20161006,000000,490.963,490.963,489.523,490.963,0,0
ABE_MV,D,20161007,000000,490.677,490.677,479.404,480.851,0,0
ABE_MV,D,20161010,000000,480.851,480.851,468.148,468.148,0,0
ABE_MV,D,20161011,000000,468.729,474.937,447.925,447.925,0,0
ABE_MV,D,20161012,000000,447.639,452.271,447.639,447.639,0,0
ABE_MV,D,20161013,000000,447.639,454.863,447.639,454.863,0,0
ABE_MV,D,20161014,000000,456.883,456.883,453.414,454.863,0,0
ABE_MV,D,20161017,000000,456.164,467.133,456.015,467.133,0,0
ABE_MV,D,20161018,000000,466.986,476.515,466.986,476.515,0,0
ABE_MV,D,20161019,000000,473.628,476.515,470.75,476.515,0,0
ABE_MV,D,20161020,000000,477.964,477.964,474.495,475.076,0,0
ABE_MV,D,20161021,000000,476.515,476.515,474.937,476.515,0,0
ABE_MV,D,20161024,000000,477.825,480.851,477.235,480.131,0,0
ABE_MV,D,20161025,000000,479.846,485.178,479.846,482.3,0,0
ABE_MV,D,20161026,000000,483.591,483.591,482.873,482.873,0,0
ABE_MV,D,20161027,000000,485.473,485.473,485.178,485.473,0,0
ABE_MV,D,20161028,000000,485.612,485.612,485.612,485.612,0,0
ABE_MV,D,20161031,000000,484.467,484.467,480.851,480.851,0,0
ABE_MV,D,20161102,000000,477.964,477.964,470.75,470.75,0,0
ABE_MV,D,20161103,000000,469.448,470.03,469.448,470.03,0,0
ABE_MV,D,20161104,000000,470.168,470.168,466.986,466.986,0,0
ABE_MV,D,20161107,000000,466.986,466.986,464.964,464.964,0,0
ABE_MV,D,20161108,000000,468.581,485.178,468.581,479.551,0,0
ABE_MV,D,20161109,000000,463.673,476.515,463.673,476.515,0,0
ABE_MV,D,20161110,000000,483.591,485.612,480.131,485.178,0,0
ABE_MV,D,20161114,000000,485.612,496.452,485.612,496.452,0,0
ABE_MV,D,20161115,000000,496.452,522.588,496.452,519.848,0,0
ABE_MV,D,20161116,000000,519.691,519.691,508.436,516.093,0,0
ABE_MV,D,20161117,000000,515.936,515.936,505.835,510.89,0,0
ABE_MV,D,20161118,000000,506.841,506.841,490.963,501.794,0,0
ABE_MV,D,20161121,000000,506.701,506.701,501.794,501.794,0,0
ABE_MV,D,20161122,000000,504.681,505.41,502.513,503.962,0,0
ABE_MV,D,20161123,000000,505.41,514.645,505.41,514.645,0,0
ABE_MV,D,20161124,000000,515.512,517.68,512.763,512.763,0,0
ABE_MV,D,20161125,000000,512.616,512.616,502.513,505.41,0,0
ABE_MV,D,20161128,000000,504.1,506.988,504.1,505.539,0,0
ABE_MV,D,20161129,000000,505.41,505.41,504.238,505.41,0,0
ABE_MV,D,20161130,000000,505.41,518.253,503.962,518.253,0,0
ABE_MV,D,20161201,000000,518.4,518.4,515.512,515.512,0,0
ABE_MV,D,20161202,000000,514.064,514.064,512.616,512.616,0,0
ABE_MV,D,20161205,000000,514.497,514.645,514.497,514.497,0,0
ABE_MV,D,20161206,000000,514.497,514.497,512.616,512.616,0,0
ABE_MV,D,20161207,000000,514.497,514.497,510.752,512.616,0,0
ABE_MV,D,20161208,000000,511.896,511.896,506.554,511.747,0,0
ABE_MV,D,20161209,000000,509.303,518.105,509.303,518.105,0,0
ABE_MV,D,20161212,000000,516.093,516.093,515.079,516.093,0,0
ABE_MV,D,20161213,000000,514.793,517.238,514.793,517.238,0,0
ABE_MV,D,20161214,000000,519.553,533.991,519.553,524.037,0,0
ABE_MV,D,20161215,000000,519.848,519.848,514.064,516.96,0,0
ABE_MV,D,20161216,000000,517.099,517.099,516.96,516.96,0,0
ABE_MV,D,20161219,000000,512.616,518.4,501.065,518.4,0,0
ABE_MV,D,20161220,000000,515.512,521.869,508.723,521.869,0,0
ABE_MV,D,20161221,000000,521.721,521.721,521.721,521.721,0,0
ABE_MV,D,20161222,000000,521.573,521.573,517.68,519.848,0,0
ABE_MV,D,20161223,000000,519.848,519.848,502.513,505.41,0,0
ABE_MV,D,20161227,000000,512.477,512.477,498.177,502.513,0,0
ABE_MV,D,20161228,000000,501.794,501.794,493.121,498.177,0,0
ABE_MV,D,20161229,000000,490.963,513.344,490.963,492.401,0,0
ABE_MV,D,20161230,000000,484.035,503.242,484.035,503.242,0,0
ABE_MV,D,20170102,000000,493.851,495.298,490.963,495.298,0,0
ABE_MV,D,20170103,000000,495.298,495.298,490.963,494.865,0,0
ABE_MV,D,20170104,000000,494.57,497.457,494.57,495.298,0,0
ABE_MV,D,20170105,000000,499.202,509.728,499.202,506.841,0,0
ABE_MV,D,20170109,000000,511.896,511.896,511.896,511.896,0,0
ABE_MV,D,20170110,000000,499.625,505.41,499.625,503.242,0,0
ABE_MV,D,20170111,000000,503.242,503.814,501.794,503.242,0,0
ABE_MV,D,20170112,000000,499.044,502.513,498.334,502.513,0,0
ABE_MV,D,20170113,000000,503.242,503.242,500.059,502.799,0,0
ABE_MV,D,20170116,000000,502.799,502.799,501.212,501.507,0,0
ABE_MV,D,20170117,000000,502.799,503.519,502.513,503.519,0,0
ABE_MV,D,20170118,000000,503.519,503.519,502.513,502.513,0,0
ABE_MV,D,20170119,000000,498.759,505.41,498.759,505.41,0,0
ABE_MV,D,20170120,000000,505.262,505.41,503.242,503.242,0,0
ABE_MV,D,20170123,000000,505.262,505.262,505.262,505.262,0,0
ABE_MV,D,20170124,000000,503.242,507.708,503.242,506.841,0,0
ABE_MV,D,20170125,000000,509.008,532.838,509.008,522.44,0,0
ABE_MV,D,20170126,000000,522.44,529.656,519.848,519.848,0,0
ABE_MV,D,20170127,000000,519.129,521.288,516.093,521.288,0,0
ABE_MV,D,20170130,000000,521.288,522.727,521.288,521.288,0,0
ABE_MV,D,20170131,000000,521.998,521.998,521.288,521.288,0,0
ABE_MV,D,20170201,000000,521.288,521.998,521.288,521.998,0,0
ABE_MV,D,20170202,000000,522.727,527.064,519.987,522.727,0,0
ABE_MV,D,20170203,000000,522.727,522.727,521.998,521.998,0,0
ABE_MV,D,20170206,000000,521.998,524.166,521.998,524.166,0,0
ABE_MV,D,20170207,000000,525.032,548.578,525.032,548.578,0,0
ABE_MV,D,20170208,000000,555.653,555.653,540.349,544.389,0,0
ABE_MV,D,20170209,000000,548.725,550.173,540.634,540.634,0,0
ABE_MV,D,20170210,000000,548.725,548.725,540.052,541.501,0,0
ABE_MV,D,20170213,000000,545.827,545.827,534.277,541.354,0,0
ABE_MV,D,20170214,000000,548.578,548.725,511.177,511.177,0,0
ABE_MV,D,20170215,000000,515.512,519.848,492.264,519.848,0,0
ABE_MV,D,20170216,000000,519.848,535.44,519.848,535.44,0,0
ABE_MV,D,20170217,000000,535.725,535.725,520.125,535.588,0,0
ABE_MV,D,20170220,000000,548.578,551.612,536.455,541.216,0,0
ABE_MV,D,20170221,000000,522.865,534.573,521.435,524.037,0,0
ABE_MV,D,20170222,000000,526.915,526.915,514.497,522.588,0,0
ABE_MV,D,20170223,000000,522.44,522.44,512.763,521.288,0,0
ABE_MV,D,20170224,000000,520.558,520.558,514.064,518.253,0,0
ABE_MV,D,20170227,000000,516.232,519.691,512.616,519.691,0,0
ABE_MV,D,20170228,000000,516.232,516.232,512.763,516.093,0,0
ABE_MV,D,20170301,000000,519.848,528.511,519.848,523.022,0,0
ABE_MV,D,20170302,000000,519.848,548.725,519.848,548.725,0,0
ABE_MV,D,20170303,000000,550.892,550.892,536.455,536.455,0,0
ABE_MV,D,20170306,000000,536.455,541.354,527.064,527.064,0,0
ABE_MV,D,20170307,000000,522.865,522.865,517.238,517.68,0,0
ABE_MV,D,20170308,000000,519.129,528.511,519.129,527.064,0,0
ABE_MV,D,20170309,000000,528.511,553.052,528.511,553.052,0,0
ABE_MV,D,20170310,000000,554.501,566.779,554.501,559.842,0,0
ABE_MV,D,20170313,000000,557.24,558.107,555.938,558.107,0,0
ABE_MV,D,20170314,000000,555.938,555.938,555.791,555.791,0,0
ABE_MV,D,20170315,000000,548.725,555.653,535.144,555.653,0,0
ABE_MV,D,20170316,000000,555.938,558.107,555.938,558.107,0,0
ABE_MV,D,20170317,000000,558.107,558.107,548.725,548.725,0,0
ABE_MV,D,20170320,000000,547.277,577.453,547.277,559.122,0,0
ABE_MV,D,20170321,000000,567.49,575.294,555.071,563.162,0,0
ABE_MV,D,20170322,000000,563.892,563.892,549.445,551.612,0,0
ABE_MV,D,20170323,000000,555.938,570.378,551.898,562.72,0,0
ABE_MV,D,20170324,000000,561.724,562.72,557.378,558.827,0,0
ABE_MV,D,20170327,000000,562.72,562.72,550.173,556.815,0,0
ABE_MV,D,20170328,000000,562.72,562.72,557.378,557.378,0,0
ABE_MV,D,20170329,000000,561.429,561.429,552.332,554.501,0,0
ABE_MV,D,20170330,000000,558.107,558.107,550.173,553.052,0,0
ABE_MV,D,20170331,000000,550.173,550.173,548.725,548.725,0,0
ABE_MV,D,20170403,000000,545.827,548.578,539.333,548.578,0,0
ABE_MV,D,20170404,000000,548.439,548.439,527.782,541.216,0,0
ABE_MV,D,20170405,000000,544.822,548.578,541.501,541.501,0,0
ABE_MV,D,20170406,000000,542.23,542.793,534.72,542.793,0,0
ABE_MV,D,20170407,000000,540.781,541.501,540.781,540.781,0,0
ABE_MV,D,20170410,000000,535.006,540.781,535.006,535.725,0,0
ABE_MV,D,20170411,000000,535.725,540.052,535.725,537.165,0,0
ABE_MV,D,20170412,000000,537.165,537.165,533.125,533.125,0,0
ABE_MV,D,20170413,000000,538.474,538.474,529.231,529.231,0,0
ABE_MV,D,20170418,000000,527.782,536.455,527.782,531.399,0,0
ABE_MV,D,20170419,000000,531.399,533.714,528.511,533.714,0,0
ABE_MV,D,20170420,000000,533.714,537.165,526.915,526.915,0,0
ABE_MV,D,20170421,000000,525.614,527.064,524.609,527.064,0,0
ABE_MV,D,20170424,000000,530.679,530.679,522.727,530.375,0,0
ABE_MV,D,20170425,000000,528.511,528.511,521.998,522.727,0,0
ABE_MV,D,20170426,000000,522.727,527.064,520.273,525.9,0,0
ABE_MV,D,20170427,000000,529.656,529.656,520.273,527.064,0,0
ABE_MV,D,20170428,000000,530.523,533.843,530.523,533.843,0,0
ABE_MV,D,20170502,000000,533.991,536.455,533.991,534.277,0,0
ABE_MV,D,20170504,000000,534.277,535.725,519.848,533.558,0,0
ABE_MV,D,20170505,000000,527.064,527.064,524.747,525.762,0,0
ABE_MV,D,20170508,000000,525.762,529.517,525.614,527.064,0,0
ABE_MV,D,20170509,000000,526.482,529.517,526.334,529.517,0,0
ABE_MV,D,20170510,000000,534.139,534.139,529.951,529.951,0,0
ABE_MV,D,20170511,000000,529.951,529.951,521.573,525.614,0,0
ABE_MV,D,20170512,000000,524.313,524.313,518.4,519.129,0,0
ABE_MV,D,20170515,000000,519.406,519.406,516.96,518.4,0,0
ABE_MV,D,20170516,000000,515.789,515.789,511.177,511.472,0,0
ABE_MV,D,20170517,000000,507.136,518.4,502.375,518.4,0,0
ABE_MV,D,20170518,000000,518.4,540.781,510.31,540.781,0,0
ABE_MV,D,20170519,000000,534.277,534.277,534.277,534.277,0,0
ABE_MV,D,20170522,000000,541.501,541.501,522.44,522.44,0,0
ABE_MV,D,20170523,000000,522.303,522.303,502.799,506.841,0,0
ABE_MV,D,20170524,000000,516.093,516.96,507.136,516.96,0,0
ABE_MV,D,20170525,000000,514.064,516.96,511.619,511.619,0,0
ABE_MV,D,20170526,000000,512.339,512.339,500.198,506.988,0,0
ABE_MV,D,20170529,000000,505.262,505.262,493.851,495.298,0,0
ABE_MV,D,20170530,000000,493.851,500.926,491.102,499.625,0,0
ABE_MV,D,20170531,000000,499.921,519.848,490.963,519.848,0,0
ABE_MV,D,20170601,000000,514.064,514.645,509.59,514.645,0,0
ABE_MV,D,20170602,000000,517.385,517.385,517.099,517.099,0,0
ABE_MV,D,20170605,000000,516.96,516.96,505.41,515.365,0,0
ABE_MV,D,20170606,000000,514.931,515.226,507.273,515.226,0,0
ABE_MV,D,20170607,000000,514.064,514.064,508.288,508.288,0,0
ABE_MV,D,20170608,000000,514.793,514.793,505.41,511.177,0,0
ABE_MV,D,20170609,000000,513.344,516.656,513.344,514.645,0,0
ABE_MV,D,20170612,000000,514.064,516.232,511.619,516.232,0,0
ABE_MV,D,20170613,000000,516.96,519.553,513.344,516.96,0,0
ABE_MV,D,20170614,000000,517.238,517.238,514.064,515.512,0,0
ABE_MV,D,20170616,000000,514.497,519.848,514.497,519.848,0,0
ABE_MV,D,20170619,000000,519.848,519.848,512.616,512.616,0,0
ABE_MV,D,20170620,000000,512.616,512.616,512.616,512.616,0,0
ABE_MV,D,20170621,000000,515.365,519.848,515.365,518.4,0,0
ABE_MV,D,20170622,000000,519.406,519.406,516.232,516.232,0,0
ABE_MV,D,20170623,000000,515.512,516.96,515.512,516.96,0,0
ABE_MV,D,20170626,000000,518.253,519.848,517.68,519.129,0,0
ABE_MV,D,20170627,000000,518.4,518.547,518.4,518.547,0,0
ABE_MV,D,20170628,000000,518.547,520.558,518.547,518.547,0,0
ABE_MV,D,20170629,000000,520.558,520.558,518.547,519.258,0,0
ABE_MV,D,20170630,000000,519.129,519.129,509.885,516.232,0,0
ABE_MV,D,20170703,000000,509.008,509.008,501.065,501.065,0,0
ABE_MV,D,20170704,000000,501.065,506.841,501.065,505.41,0,0
ABE_MV,D,20170705,000000,507.136,508.288,505.41,505.41,0,0
ABE_MV,D,20170706,000000,505.41,505.41,505.41,505.41,0,0
ABE_MV,D,20170707,000000,509.728,512.616,509.728,512.616,0,0
ABE_MV,D,20170710,000000,512.477,515.365,511.896,515.365,0,0
ABE_MV,D,20170711,000000,516.232,519.848,516.232,518.4,0,0
ABE_MV,D,20170712,000000,518.4,522.155,518.4,522.155,0,0
ABE_MV,D,20170713,000000,522.155,533.558,522.155,532.543,0,0
ABE_MV,D,20170714,000000,531.399,534.277,527.064,534.277,0,0
ABE_MV,D,20170717,000000,534.139,534.139,525.614,534.139,0,0
ABE_MV,D,20170718,000000,532.838,532.838,528.511,531.399,0,0
ABE_MV,D,20170719,000000,530.679,533.991,530.679,533.991,0,0
ABE_MV,D,20170720,000000,534.139,534.139,518.686,519.848,0,0
ABE_MV,D,20170721,000000,519.848,519.848,512.616,512.616,0,0
ABE_MV,D,20170724,000000,512.616,512.616,509.008,510.752,0,0
ABE_MV,D,20170725,000000,511.177,511.177,511.177,511.177,0,0
ABE_MV,D,20170726,000000,511.177,511.177,505.686,505.686,0,0
ABE_MV,D,20170727,000000,505.41,505.41,503.094,504.681,0,0
ABE_MV,D,20170728,000000,505.41,506.841,505.41,506.13,0,0
ABE_MV,D,20170731,000000,505.41,505.41,501.065,501.065,0,0
ABE_MV,D,20170801,000000,501.065,502.513,498.177,502.227,0,0
ABE_MV,D,20170802,000000,502.227,502.661,496.729,502.513,0,0
ABE_MV,D,20170803,000000,500.631,500.631,471.321,476.515,0,0
ABE_MV,D,20170804,000000,476.515,486.627,476.515,482.3,0,0
ABE_MV,D,20170807,000000,489.228,496.885,482.448,495.298,0,0
ABE_MV,D,20170808,000000,499.921,499.921,495.298,495.298,0,0
ABE_MV,D,20170809,000000,498.177,498.177,479.404,479.404,0,0
ABE_MV,D,20170810,000000,477.964,477.964,470.602,471.893,0,0
ABE_MV,D,20170811,000000,462.077,462.077,458.036,459.918,0,0
ABE_MV,D,20170814,000000,447.639,458.175,447.639,450.527,0,0
ABE_MV,D,20170816,000000,449.087,469.006,447.786,468.148,0,0
ABE_MV,D,20170817,000000,468.295,482.3,468.148,468.148,0,0
ABE_MV,D,20170818,000000,468.433,468.729,464.689,464.689,0,0
ABE_MV,D,20170821,000000,462.797,470.75,457.612,470.75,0,0
ABE_MV,D,20170822,000000,467.133,469.3,467.133,469.3,0,0
ABE_MV,D,20170823,000000,469.3,472.918,468.729,472.918,0,0
ABE_MV,D,20170824,000000,468.729,481.286,468.729,481.286,0,0
ABE_MV,D,20170825,000000,476.515,476.515,476.515,476.515,0,0
ABE_MV,D,20170828,000000,476.377,476.377,470.75,470.75,0,0
ABE_MV,D,20170829,000000,469.3,476.515,468.729,476.515,0,0
ABE_MV,D,20170830,000000,476.377,476.515,476.377,476.515,0,0
ABE_MV,D,20170831,000000,472.198,473.342,469.3,473.342,0,0
ABE_MV,D,20170901,000000,469.163,469.163,466.126,468.433,0,0
ABE_MV,D,20170904,000000,462.077,467.713,462.077,467.713,0,0
ABE_MV,D,20170905,000000,467.419,467.419,458.036,462.077,0,0
ABE_MV,D,20170906,000000,461.21,462.225,461.21,462.077,0,0
ABE_MV,D,20170907,000000,461.939,461.939,436.817,442.445,0,0
ABE_MV,D,20170908,000000,457.75,457.75,447.639,447.639,0,0
ABE_MV,D,20170911,000000,447.639,447.639,446.191,446.191,0,0
ABE_MV,D,20170912,000000,446.191,446.191,418.476,419.483,0,0
ABE_MV,D,20170913,000000,415.156,421.936,403.596,403.596,0,0
ABE_MV,D,20170914,000000,403.024,403.024,389.592,394.213,0,0
ABE_MV,D,20170915,000000,400.275,400.275,396.095,398.549,0,0
ABE_MV,D,20170918,000000,398.688,401.871,396.528,396.815,0,0
ABE_MV,D,20170919,000000,398.402,398.402,394.213,394.213,0,0
ABE_MV,D,20170920,000000,394.352,394.352,389.886,390.172,0,0
ABE_MV,D,20170921,000000,390.172,397.101,390.172,397.101,0,0
ABE_MV,D,20170922,000000,395.661,400.707,395.661,397.829,0,0
ABE_MV,D,20170925,000000,401.427,417.314,401.427,404.471,0,0
ABE_MV,D,20170926,000000,408.513,408.513,396.381,396.381,0,0
ABE_MV,D,20170927,000000,400.275,400.275,391.326,391.326,0,0
ABE_MV,D,20170928,000000,391.326,391.326,391.326,391.326,0,0
ABE_MV,D,20170929,000000,393.484,393.484,393.484,393.484,0,0
ABE_MV,D,20171002,000000,393.484,394.213,393.346,394.213,0,0
ABE_MV,D,20171003,000000,393.918,393.918,392.193,393.198,0,0
ABE_MV,D,20171004,000000,392.617,392.765,390.172,392.478,0,0
ABE_MV,D,20171005,000000,392.341,396.528,391.473,392.617,0,0
ABE_MV,D,20171006,000000,390.606,391.326,390.172,390.754,0,0
ABE_MV,D,20171009,000000,391.326,392.765,391.326,392.765,0,0
ABE_MV,D,20171010,000000,392.765,392.765,392.765,392.765,0,0
ABE_MV,D,20171011,000000,392.341,392.765,389.157,392.765,0,0
ABE_MV,D,20171012,000000,391.749,392.478,389.592,392.478,0,0
ABE_MV,D,20171013,000000,388.872,388.872,388.724,388.872,0,0
ABE_MV,D,20171016,000000,389.886,392.765,389.886,391.326,0,0
ABE_MV,D,20171017,000000,392.617,392.765,391.621,391.621,0,0
ABE_MV,D,20171018,000000,391.039,391.326,388.142,390.606,0,0
ABE_MV,D,20171019,000000,383.382,383.382,380.199,381.214,0,0
ABE_MV,D,20171020,000000,381.371,383.963,381.371,383.963,0,0
ABE_MV,D,20171023,000000,384.111,386.99,383.382,386.99,0,0
ABE_MV,D,20171024,000000,386.99,386.99,378.336,378.336,0,0
ABE_MV,D,20171025,000000,377.606,377.606,372.265,372.551,0,0
ABE_MV,D,20171026,000000,371.823,371.823,363.169,365.336,0,0
ABE_MV,D,20171027,000000,366.628,379.776,365.336,379.056,0,0
ABE_MV,D,20171030,000000,378.336,397.101,378.336,397.101,0,0
ABE_MV,D,20171031,000000,396.962,397.101,396.815,397.101,0,0
ABE_MV,D,20171102,000000,386.27,394.933,386.27,391.621,0,0
ABE_MV,D,20171103,000000,389.886,392.617,389.886,392.193,0,0
ABE_MV,D,20171106,000000,392.193,392.193,389.886,391.326,0,0
ABE_MV,D,20171107,000000,389.304,389.886,385.984,385.984,0,0
ABE_MV,D,20171108,000000,388.724,388.724,380.928,386.555,0,0
ABE_MV,D,20171109,000000,386.555,386.555,382.662,382.662,0,0
ABE_MV,D,20171110,000000,382.515,382.515,375.439,375.439,0,0
ABE_MV,D,20171113,000000,375.587,375.734,375.439,375.439,0,0
ABE_MV,D,20171114,000000,376.887,381.214,375.439,381.214,0,0
ABE_MV,D,20171115,000000,381.067,381.067,377.606,380.928,0,0
ABE_MV,D,20171116,000000,380.928,381.214,377.754,381.214,0,0
ABE_MV,D,20171117,000000,381.214,382.662,381.214,382.662,0,0
ABE_MV,D,20171120,000000,384.831,392.617,382.662,392.617,0,0
ABE_MV,D,20171121,000000,391.473,392.765,389.886,392.617,0,0
ABE_MV,D,20171122,000000,389.886,420.645,389.886,410.819,0,0
ABE_MV,D,20171123,000000,417.314,440.129,412.268,426.696,0,0
ABE_MV,D,20171124,000000,436.088,439.409,433.635,436.817,0,0
ABE_MV,D,20171127,000000,436.088,441.431,435.802,441.431,0,0
ABE_MV,D,20171128,000000,445.333,445.333,440.572,444.317,0,0
ABE_MV,D,20171129,000000,442.012,442.012,429.594,436.088,0,0
ABE_MV,D,20171130,000000,433.201,440.416,433.201,440.416,0,0
ABE_MV,D,20171201,000000,438.976,445.037,438.976,444.613,0,0
ABE_MV,D,20171204,000000,444.466,461.652,440.711,460.647,0,0
ABE_MV,D,20171205,000000,460.49,461.21,457.75,460.777,0,0
ABE_MV,D,20171206,000000,461.791,462.077,458.756,462.077,0,0
ABE_MV,D,20171207,000000,468.868,468.868,458.479,465.989,0,0
ABE_MV,D,20171208,000000,463.517,467.853,462.797,467.853,0,0
ABE_MV,D,20171211,000000,466.414,467.853,453.414,453.414,0,0
ABE_MV,D,20171212,000000,449.807,451.966,449.807,451.966,0,0
ABE_MV,D,20171213,000000,451.247,457.031,450.674,457.031,0,0
ABE_MV,D,20171214,000000,457.031,457.031,440.416,442.593,0,0
ABE_MV,D,20171215,000000,443.026,443.026,430.175,430.175,0,0
ABE_MV,D,20171218,000000,428.293,430.175,419.621,419.621,0,0
ABE_MV,D,20171219,000000,418.754,419.621,418.754,418.754,0,0
ABE_MV,D,20171220,000000,420.202,420.921,417.314,418.754,0,0
ABE_MV,D,20171221,000000,418.754,422.795,417.609,418.754,0,0
ABE_MV,D,20171222,000000,421.65,421.65,417.453,418.901,0,0
ABE_MV,D,20171227,000000,417.314,417.609,404.471,404.471,0,0
ABE_MV,D,20171228,000000,404.315,421.65,399.408,421.65,0,0
ABE_MV,D,20171229,000000,423.671,443.589,423.671,443.589,0,0
ABE_MV,D,20180103,000000,441.863,441.863,438.976,438.976,0,0
ABE_MV,D,20180104,000000,438.976,443.313,438.976,438.976,0,0
ABE_MV,D,20180105,000000,437.537,438.976,431.752,433.201,0,0
ABE_MV,D,20180108,000000,433.201,433.201,431.752,433.201,0,0
ABE_MV,D,20180109,000000,433.201,433.201,431.752,433.201,0,0
ABE_MV,D,20180110,000000,433.201,433.201,425.986,425.986,0,0
ABE_MV,D,20180111,000000,424.538,424.538,423.099,423.099,0,0
ABE_MV,D,20180112,000000,421.65,431.752,421.65,431.752,0,0
ABE_MV,D,20180115,000000,433.201,433.201,428.874,428.874,0,0
ABE_MV,D,20180116,000000,428.874,438.976,427.426,438.976,0,0
ABE_MV,D,20180117,000000,438.976,453.414,438.976,453.414,0,0
ABE_MV,D,20180118,000000,449.087,451.966,449.087,451.966,0,0
ABE_MV,D,20180119,000000,450.527,476.515,450.527,462.077,0,0
ABE_MV,D,20180122,000000,469.3,472.198,469.3,472.198,0,0
ABE_MV,D,20180123,000000,472.198,485.178,472.198,485.178,0,0
ABE_MV,D,20180124,000000,489.523,489.523,473.628,483.748,0,0
ABE_MV,D,20180125,000000,480.851,482.3,479.404,479.404,0,0
ABE_MV,D,20180126,000000,475.076,475.076,470.75,470.75,0,0
ABE_MV,D,20180129,000000,472.198,472.198,457.75,457.75,0,0
ABE_MV,D,20180130,000000,457.75,459.198,456.311,456.311,0,0
ABE_MV,D,20180131,000000,456.311,456.311,456.311,456.311,0,0
ABE_MV,D,20180201,000000,457.75,462.077,456.311,456.311,0,0
ABE_MV,D,20180202,000000,456.311,456.311,456.311,456.311,0,0
ABE_MV,D,20180205,000000,454.863,454.863,450.527,450.527,0,0
ABE_MV,D,20180206,000000,438.976,438.976,418.754,424.538,0,0
ABE_MV,D,20180207,000000,420.202,425.986,420.202,425.986,0,0
ABE_MV,D,20180208,000000,428.874,428.874,412.987,417.314,0,0
ABE_MV,D,20180209,000000,410.1,417.314,404.315,410.1,0,0
ABE_MV,D,20180212,000000,408.651,418.754,408.651,418.754,0,0
ABE_MV,D,20180213,000000,418.754,418.754,414.436,415.874,0,0
ABE_MV,D,20180214,000000,415.874,415.874,411.548,412.987,0,0
ABE_MV,D,20180215,000000,415.874,418.754,414.436,418.754,0,0
ABE_MV,D,20180216,000000,423.099,423.099,412.987,412.987,0,0
ABE_MV,D,20180219,000000,415.874,423.099,415.874,423.099,0,0
ABE_MV,D,20180220,000000,415.874,420.202,415.874,420.202,0,0
ABE_MV,D,20180221,000000,418.754,420.202,417.314,417.314,0,0
ABE_MV,D,20180222,000000,415.874,415.874,414.436,414.436,0,0
ABE_MV,D,20180223,000000,414.436,414.436,410.1,412.987,0,0
ABE_MV,D,20180226,000000,412.987,417.314,412.987,417.314,0,0
ABE_MV,D,20180227,000000,415.874,417.314,412.987,414.436,0,0
ABE_MV,D,20180228,000000,415.874,415.874,412.987,414.436,0,0
ABE_MV,D,20180301,000000,414.436,418.754,414.436,418.754,0,0
ABE_MV,D,20180302,000000,414.436,414.436,414.436,414.436,0,0
ABE_MV,D,20180305,000000,411.548,411.548,402.877,402.877,0,0
ABE_MV,D,20180306,000000,402.877,404.315,402.877,404.315,0,0
ABE_MV,D,20180307,000000,410.1,410.1,404.315,410.1,0,0
ABE_MV,D,20180308,000000,410.1,410.1,397.101,398.549,0,0
ABE_MV,D,20180309,000000,401.427,401.427,397.101,397.101,0,0
ABE_MV,D,20180312,000000,397.101,408.651,397.101,408.651,0,0
ABE_MV,D,20180313,000000,408.651,408.651,404.315,404.315,0,0
ABE_MV,D,20180314,000000,404.315,404.315,398.549,398.549,0,0
ABE_MV,D,20180315,000000,397.101,397.101,388.437,388.437,0,0
ABE_MV,D,20180316,000000,388.437,388.437,373.99,379.776,0,0
ABE_MV,D,20180319,000000,381.214,381.214,378.336,378.336,0,0
ABE_MV,D,20180320,000000,379.776,379.776,373.99,373.99,0,0
ABE_MV,D,20180321,000000,373.99,378.336,373.99,378.336,0,0
ABE_MV,D,20180322,000000,379.776,385.55,375.439,375.439,0,0
ABE_MV,D,20180323,000000,375.439,381.214,375.439,381.214,0,0
ABE_MV,D,20180326,000000,381.214,381.214,375.439,381.214,0,0
ABE_MV,D,20180327,000000,379.776,379.776,376.887,378.336,0,0
ABE_MV,D,20180328,000000,375.439,376.887,372.551,376.887,0,0
ABE_MV,D,20180329,000000,372.551,375.439,372.551,375.439,0,0
ABE_MV,D,20180403,000000,373.99,373.99,365.336,365.336,0,0
ABE_MV,D,20180404,000000,368.215,368.215,365.336,365.336,0,0
ABE_MV,D,20180405,000000,365.336,365.336,362.449,362.449,0,0
ABE_MV,D,20180406,000000,362.449,362.449,356.665,356.665,0,0
ABE_MV,D,20180409,000000,359.553,359.553,345.113,345.113,0,0
ABE_MV,D,20180410,000000,343.675,350.899,343.675,350.899,0,0
ABE_MV,D,20180411,000000,349.45,349.45,346.553,346.553,0,0
ABE_MV,D,20180412,000000,346.553,348.002,343.675,348.002,0,0
ABE_MV,D,20180413,000000,348.002,349.45,346.553,346.553,0,0
ABE_MV,D,20180416,000000,348.002,349.45,348.002,349.45,0,0
ABE_MV,D,20180417,000000,352.337,352.337,332.124,333.563,0,0
ABE_MV,D,20180418,000000,329.236,339.348,329.236,339.348,0,0
ABE_MV,D,20180419,000000,337.9,340.778,337.9,340.778,0,0
ABE_MV,D,20180420,000000,342.226,371.103,342.226,353.787,0,0
ABE_MV,D,20180423,000000,359.553,375.439,359.553,375.439,0,0
ABE_MV,D,20180424,000000,375.439,375.439,368.215,375.439,0,0
ABE_MV,D,20180425,000000,373.99,373.99,365.336,373.99,0,0
ABE_MV,D,20180426,000000,373.99,373.99,366.785,366.785,0,0
ABE_MV,D,20180427,000000,368.215,371.103,361,368.215,0,0
ABE_MV,D,20180430,000000,368.215,368.215,361,368.215,0,0
ABE_MV,D,20180502,000000,368.215,368.215,359.553,359.553,0,0
ABE_MV,D,20180504,000000,359.553,368.215,359.553,368.215,0,0
ABE_MV,D,20180507,000000,365.336,366.785,361,361,0,0
ABE_MV,D,20180508,000000,361,361,358.103,361,0,0
ABE_MV,D,20180509,000000,356.665,356.665,353.787,356.665,0,0
ABE_MV,D,20180510,000000,353.787,355.235,352.337,352.337,0,0
ABE_MV,D,20180511,000000,352.337,353.787,346.553,352.337,0,0
ABE_MV,D,20180514,000000,353.787,353.787,343.675,346.553,0,0
ABE_MV,D,20180515,000000,332.124,335.002,326.34,329.236,0,0
ABE_MV,D,20180516,000000,329.236,329.236,317.686,319.125,0,0
ABE_MV,D,20180517,000000,319.125,324.9,317.686,324.9,0,0
ABE_MV,D,20180518,000000,324.9,326.34,324.9,326.34,0,0
ABE_MV,D,20180521,000000,323.462,324.9,319.125,324.9,0,0
ABE_MV,D,20180522,000000,324.9,324.9,323.462,323.462,0,0
ABE_MV,D,20180523,000000,322.013,323.462,311.901,314.789,0,0
ABE_MV,D,20180524,000000,314.789,314.789,314.789,314.789,0,0
ABE_MV,D,20180525,000000,316.239,317.686,314.789,314.789,0,0
ABE_MV,D,20180528,000000,314.789,316.239,314.789,316.239,0,0
ABE_MV,D,20180529,000000,316.239,317.686,316.239,316.239,0,0
ABE_MV,D,20180530,000000,316.239,317.686,314.789,314.789,0,0
ABE_MV,D,20180601,000000,314.789,317.686,314.789,317.686,0,0
ABE_MV,D,20180604,000000,314.789,314.789,309.023,309.023,0,0
ABE_MV,D,20180605,000000,306.135,306.135,301.79,303.239,0,0
ABE_MV,D,20180606,000000,307.575,307.575,303.239,304.687,0,0
ABE_MV,D,20180607,000000,306.135,311.901,306.135,310.453,0,0
ABE_MV,D,20180608,000000,313.34,313.34,311.901,311.901,0,0
ABE_MV,D,20180611,000000,311.901,311.901,310.453,310.453,0,0
ABE_MV,D,20180612,000000,310.453,310.453,310.453,310.453,0,0
ABE_MV,D,20180613,000000,310.453,311.901,310.453,311.901,0,0
ABE_MV,D,20180614,000000,310.453,313.34,310.453,313.34,0,0
ABE_MV,D,20180615,000000,313.34,314.789,313.34,314.789,0,0
ABE_MV,D,20180618,000000,313.34,313.34,309.023,313.34,0,0
ABE_MV,D,20180619,000000,309.023,311.901,309.023,311.901,0,0
ABE_MV,D,20180620,000000,311.901,314.789,311.901,314.789,0,0
ABE_MV,D,20180621,000000,313.34,313.34,313.34,313.34,0,0
ABE_MV,D,20180622,000000,313.34,313.34,306.135,306.135,0,0
ABE_MV,D,20180625,000000,306.135,306.135,306.135,306.135,0,0
ABE_MV,D,20180626,000000,306.135,306.135,301.79,301.79,0,0
ABE_MV,D,20180627,000000,301.79,301.79,301.79,301.79,0,0
ABE_MV,D,20180628,000000,303.239,303.239,290.249,290.249,0,0
ABE_MV,D,20180629,000000,293.137,293.137,282.306,283.745,0,0
ABE_MV,D,20180702,000000,282.306,284.473,282.306,284.473,0,0
ABE_MV,D,20180703,000000,283.026,284.473,283.026,283.745,0,0
ABE_MV,D,20180704,000000,283.745,283.745,280.128,280.128,0,0
ABE_MV,D,20180705,000000,283.026,283.026,274.362,274.362,0,0
ABE_MV,D,20180706,000000,275.802,275.802,267.859,267.859,0,0
ABE_MV,D,20180709,000000,267.859,270.755,267.859,268.579,0,0
ABE_MV,D,20180710,000000,268.579,271.475,268.579,271.475,0,0
ABE_MV,D,20180711,000000,271.475,271.475,267.139,271.475,0,0
ABE_MV,D,20180712,000000,275.082,275.082,270.026,270.026,0,0
ABE_MV,D,20180713,000000,268.579,268.579,268.579,268.579,0,0
ABE_MV,D,20180716,000000,270.026,270.026,266.409,266.409,0,0
ABE_MV,D,20180717,000000,270.026,270.026,267.139,270.026,0,0
ABE_MV,D,20180718,000000,270.026,270.026,267.859,267.859,0,0
ABE_MV,D,20180719,000000,270.026,270.026,265.69,265.69,0,0
ABE_MV,D,20180720,000000,265.69,265.69,259.925,259.925,0,0
ABE_MV,D,20180723,000000,259.925,259.925,258.475,258.475,0,0
ABE_MV,D,20180724,000000,259.205,270.026,259.205,270.026,0,0
ABE_MV,D,20180725,000000,270.026,272.195,270.026,271.475,0,0
ABE_MV,D,20180726,000000,271.475,277.97,267.139,267.139,0,0
ABE_MV,D,20180727,000000,267.139,270.755,265.69,266.409,0,0
ABE_MV,D,20180730,000000,267.859,267.859,261.373,264.251,0,0
ABE_MV,D,20180731,000000,262.821,268.579,262.821,268.579,0,0
ABE_MV,D,20180801,000000,268.579,268.579,264.251,264.251,0,0
ABE_MV,D,20180802,000000,264.251,264.251,262.821,262.821,0,0
ABE_MV,D,20180803,000000,264.251,267.139,264.251,267.139,0,0
ABE_MV,D,20180806,000000,267.139,288.8,267.139,285.913,0,0
ABE_MV,D,20180807,000000,294.585,297.463,284.473,288.8,0,0
ABE_MV,D,20180808,000000,288.8,291.688,287.352,287.352,0,0
ABE_MV,D,20180809,000000,287.352,297.463,287.352,297.463,0,0
ABE_MV,D,20180810,000000,298.903,310.453,298.903,307.575,0,0
ABE_MV,D,20180813,000000,311.901,311.901,301.79,303.239,0,0
ABE_MV,D,20180814,000000,303.239,306.135,303.239,303.239,0,0
ABE_MV,D,20180816,000000,303.239,303.239,303.239,303.239,0,0
ABE_MV,D,20180817,000000,304.687,310.453,304.687,310.453,0,0
ABE_MV,D,20180820,000000,310.453,310.453,303.239,306.135,0,0
ABE_MV,D,20180821,000000,313.34,313.34,294.585,294.585,0,0
ABE_MV,D,20180822,000000,293.137,293.137,291.688,291.688,0,0
ABE_MV,D,20180823,000000,290.249,294.585,290.249,291.688,0,0
ABE_MV,D,20180824,000000,294.585,294.585,293.137,293.137,0,0
ABE_MV,D,20180827,000000,294.585,294.585,291.688,293.137,0,0
ABE_MV,D,20180828,000000,294.585,294.585,293.137,293.137,0,0
ABE_MV,D,20180829,000000,294.585,294.585,287.352,287.352,0,0
ABE_MV,D,20180830,000000,288.8,288.8,287.352,287.352,0,0
ABE_MV,D,20180831,000000,287.352,287.352,274.362,278.698,0,0
ABE_MV,D,20180903,000000,277.25,279.418,277.25,279.418,0,0
ABE_MV,D,20180904,000000,276.53,277.97,273.642,274.362,0,0
ABE_MV,D,20180905,000000,274.362,274.362,268.579,269.306,0,0
ABE_MV,D,20180906,000000,274.362,274.362,272.922,273.642,0,0
ABE_MV,D,20180907,000000,273.642,273.642,265.69,267.139,0,0
ABE_MV,D,20180910,000000,267.139,268.579,262.821,268.579,0,0
ABE_MV,D,20180911,000000,267.139,276.53,267.139,275.802,0,0
ABE_MV,D,20180912,000000,275.082,281.576,274.362,281.576,0,0
ABE_MV,D,20180913,000000,281.576,281.576,274.362,281.576,0,0
ABE_MV,D,20180914,000000,278.698,278.698,278.698,278.698,0,0
ABE_MV,D,20180917,000000,274.362,277.25,274.362,277.25,0,0
ABE_MV,D,20180918,000000,278.698,280.857,278.698,280.857,0,0
ABE_MV,D,20180919,000000,280.857,285.913,280.857,285.913,0,0
ABE_MV,D,20180920,000000,283.745,291.688,283.745,291.688,0,0
ABE_MV,D,20180921,000000,291.688,294.585,288.8,288.8,0,0
ABE_MV,D,20180924,000000,290.249,290.249,282.306,285.913,0,0
ABE_MV,D,20180925,000000,281.576,293.137,281.576,293.137,0,0
ABE_MV,D,20180926,000000,293.137,294.585,293.137,294.585,0,0
ABE_MV,D,20180927,000000,294.585,294.585,294.585,294.585,0,0
ABE_MV,D,20180928,000000,294.585,296.024,293.137,293.137,0,0
ABE_MV,D,20181001,000000,294.585,294.585,290.249,290.249,0,0
ABE_MV,D,20181002,000000,290.249,290.249,287.352,287.352,0,0
ABE_MV,D,20181003,000000,287.352,287.352,280.128,287.352,0,0
ABE_MV,D,20181004,000000,287.352,287.352,285.913,285.913,0,0
ABE_MV,D,20181005,000000,285.913,285.913,280.128,283.026,0,0
ABE_MV,D,20181008,000000,280.128,288.072,280.128,283.026,0,0
ABE_MV,D,20181010,000000,284.473,290.249,284.473,288.8,0,0
ABE_MV,D,20181011,000000,277.97,284.473,277.97,284.473,0,0
ABE_MV,D,20181012,000000,284.473,284.473,283.026,283.026,0,0
ABE_MV,D,20181015,000000,291.688,291.688,285.913,285.913,0,0
ABE_MV,D,20181016,000000,285.913,285.913,284.473,284.473,0,0
ABE_MV,D,20181017,000000,285.913,294.585,285.913,294.585,0,0
ABE_MV,D,20181018,000000,293.137,293.137,290.249,290.249,0,0
ABE_MV,D,20181019,000000,290.249,294.585,290.249,291.688,0,0
ABE_MV,D,20181022,000000,288.072,293.137,288.072,288.8,0,0
ABE_MV,D,20181023,000000,290.249,293.137,282.306,285.193,0,0
ABE_MV,D,20181024,000000,285.193,290.249,285.193,290.249,0,0
ABE_MV,D,20181025,000000,288.8,288.8,288.8,288.8,0,0
ABE_MV,D,20181026,000000,281.576,283.026,277.97,283.026,0,0
ABE_MV,D,20181029,000000,288.072,288.072,278.698,281.576,0,0
ABE_MV,D,20181030,000000,287.352,287.352,287.352,287.352,0,0
ABE_MV,D,20181031,000000,287.352,287.352,284.473,287.352,0,0
ABE_MV,D,20181102,000000,288.8,288.8,287.352,287.352,0,0
ABE_MV,D,20181105,000000,287.352,287.352,280.857,286.632,0,0
ABE_MV,D,20181106,000000,285.913,287.352,285.913,287.352,0,0
ABE_MV,D,20181107,000000,287.352,287.352,283.026,286.632,0,0
ABE_MV,D,20181108,000000,287.352,287.352,283.026,286.632,0,0
ABE_MV,D,20181109,000000,287.352,287.352,271.475,280.857,0,0
ABE_MV,D,20181113,000000,272.922,275.802,271.475,271.475,0,0
ABE_MV,D,20181114,000000,269.306,274.362,251.261,251.261,0,0
ABE_MV,D,20181115,000000,248.373,253.419,245.486,248.373,0,0
ABE_MV,D,20181116,000000,253.419,257.036,253.419,257.036,0,0
ABE_MV,D,20181119,000000,259.925,259.925,249.813,249.813,0,0
ABE_MV,D,20181120,000000,248.373,251.261,246.925,248.373,0,0
ABE_MV,D,20181121,000000,251.261,253.419,245.486,253.419,0,0
ABE_MV,D,20181122,000000,254.859,265.69,251.972,265.69,0,0
ABE_MV,D,20181123,000000,266.409,269.306,260.643,262.092,0,0
ABE_MV,D,20181126,000000,270.026,270.026,257.036,257.036,0,0
ABE_MV,D,20181127,000000,257.036,259.205,257.036,259.205,0,0
ABE_MV,D,20181128,000000,259.205,259.205,251.261,254.139,0,0
ABE_MV,D,20181129,000000,251.261,257.756,249.813,257.756,0,0
ABE_MV,D,20181130,000000,252.692,255.588,249.813,252.692,0,0
ABE_MV,D,20181203,000000,250.533,250.533,246.205,248.373,0,0
ABE_MV,D,20181204,000000,248.373,251.972,245.486,245.486,0,0
ABE_MV,D,20181205,000000,246.205,247.654,245.486,246.925,0,0
ABE_MV,D,20181206,000000,247.654,248.373,246.925,248.373,0,0
ABE_MV,D,20181207,000000,247.654,248.373,245.486,246.205,0,0
ABE_MV,D,20181210,000000,244.758,246.205,241.141,242.589,0,0
ABE_MV,D,20181211,000000,244.038,244.758,239.702,239.702,0,0
ABE_MV,D,20181212,000000,238.262,238.262,229.6,229.6,0,0
ABE_MV,D,20181213,000000,226.712,226.712,218.049,225.992,0,0
ABE_MV,D,20181214,000000,225.992,229.6,225.992,229.6,0,0
ABE_MV,D,20181217,000000,229.6,229.6,224.544,224.544,0,0
ABE_MV,D,20181218,000000,224.544,224.544,218.049,220.927,0,0
ABE_MV,D,20181219,000000,220.207,220.207,213.713,213.713,0,0
ABE_MV,D,20181220,000000,216.601,220.207,216.601,219.479,0,0
ABE_MV,D,20181221,000000,220.927,229.6,220.927,228.151,0,0
ABE_MV,D,20181227,000000,234.646,234.646,227.432,228.871,0,0
ABE_MV,D,20181228,000000,231.038,233.936,226.712,229.6,0,0
ABE_MV,D,20190102,000000,230.318,231.038,228.871,231.038,0,0
ABE_MV,D,20190103,000000,231.038,233.206,230.318,231.038,0,0
ABE_MV,D,20190104,000000,229.6,232.487,229.6,231.038,0,0
ABE_MV,D,20190107,000000,232.487,233.206,228.871,229.6,0,0
ABE_MV,D,20190108,000000,230.318,232.487,230.318,232.487,0,0
ABE_MV,D,20190109,000000,233.206,247.654,233.206,246.925,0,0
ABE_MV,D,20190110,000000,248.373,248.373,244.038,246.925,0,0
ABE_MV,D,20190111,000000,245.486,258.475,245.486,252.692,0,0
ABE_MV,D,20190114,000000,259.205,259.205,252.692,257.036,0,0
ABE_MV,D,20190115,000000,257.036,272.195,255.588,268.579,0,0
ABE_MV,D,20190116,000000,270.755,285.193,270.755,285.193,0,0
ABE_MV,D,20190117,000000,285.193,285.193,277.97,277.97,0,0
ABE_MV,D,20190118,000000,278.698,281.576,277.25,278.698,0,0
ABE_MV,D,20190121,000000,278.698,278.698,274.362,274.362,0,0
ABE_MV,D,20190122,000000,278.698,278.698,275.802,275.802,0,0
ABE_MV,D,20190123,000000,275.802,280.128,275.802,280.128,0,0
ABE_MV,D,20190124,000000,276.53,281.576,276.53,281.576,0,0
ABE_MV,D,20190125,000000,281.576,281.576,272.922,273.642,0,0
ABE_MV,D,20190128,000000,273.642,277.25,273.642,274.362,0,0
ABE_MV,D,20190129,000000,274.362,277.25,273.642,273.642,0,0
ABE_MV,D,20190130,000000,274.362,275.082,274.362,275.082,0,0
ABE_MV,D,20190131,000000,277.25,277.25,275.802,277.25,0,0
ABE_MV,D,20190201,000000,278.698,281.576,277.25,280.857,0,0
ABE_MV,D,20190204,000000,282.306,301.79,282.306,291.688,0,0
ABE_MV,D,20190205,000000,294.585,304.687,294.585,300.352,0,0
ABE_MV,D,20190206,000000,301.79,301.79,296.024,297.463,0,0
ABE_MV,D,20190207,000000,297.463,300.352,291.688,300.352,0,0
ABE_MV,D,20190208,000000,294.585,294.585,291.688,291.688,0,0
ABE_MV,D,20190211,000000,294.585,294.585,288.8,288.8,0,0
ABE_MV,D,20190212,000000,290.249,307.575,285.913,307.575,0,0
ABE_MV,D,20190213,000000,306.135,306.135,298.903,298.903,0,0
ABE_MV,D,20190214,000000,293.137,296.024,290.249,291.688,0,0
ABE_MV,D,20190215,000000,291.688,291.688,288.8,291.688,0,0
ABE_MV,D,20190218,000000,291.688,300.352,291.688,300.352,0,0
ABE_MV,D,20190219,000000,297.463,301.79,297.463,301.79,0,0
ABE_MV,D,20190220,000000,301.79,301.79,293.137,297.463,0,0
ABE_MV,D,20190221,000000,297.463,297.463,297.463,297.463,0,0
ABE_MV,D,20190222,000000,297.463,300.352,294.585,300.352,0,0
ABE_MV,D,20190225,000000,301.79,301.79,294.585,294.585,0,0
ABE_MV,D,20190226,000000,291.688,298.903,291.688,296.024,0,0
ABE_MV,D,20190227,000000,291.688,293.137,287.352,293.137,0,0
ABE_MV,D,20190228,000000,291.688,291.688,291.688,291.688,0,0
ABE_MV,D,20190301,000000,293.137,296.024,293.137,294.585,0,0
ABE_MV,D,20190304,000000,296.024,296.024,291.688,296.024,0,0
ABE_MV,D,20190305,000000,300.352,300.352,274.362,280.128,0,0
ABE_MV,D,20190306,000000,279.418,280.128,277.25,277.25,0,0
ABE_MV,D,20190307,000000,277.25,277.25,265.69,270.026,0,0
ABE_MV,D,20190308,000000,270.026,275.802,270.026,275.802,0,0
ABE_MV,D,20190311,000000,275.082,282.306,274.362,282.306,0,0
ABE_MV,D,20190312,000000,284.473,293.137,284.473,288.072,0,0
ABE_MV,D,20190313,000000,283.745,287.352,282.306,287.352,0,0
ABE_MV,D,20190314,000000,288.072,288.072,284.473,285.913,0,0
ABE_MV,D,20190315,000000,285.913,294.585,285.913,294.585,0,0
ABE_MV,D,20190318,000000,297.463,301.79,291.688,291.688,0,0
ABE_MV,D,20190319,000000,291.688,291.688,288.8,290.249,0,0
ABE_MV,D,20190320,000000,293.137,293.137,288.8,290.249,0,0
ABE_MV,D,20190321,000000,290.249,290.249,288.8,288.8,0,0
ABE_MV,D,20190322,000000,288.8,290.249,288.8,288.8,0,0
ABE_MV,D,20190325,000000,288.8,288.8,287.352,288.8,0,0
ABE_MV,D,20190326,000000,288.8,291.688,288.8,291.688,0,0
ABE_MV,D,20190327,000000,288.8,288.8,288.8,288.8,0,0
ABE_MV,D,20190328,000000,288.8,290.249,288.8,288.8,0,0
ABE_MV,D,20190329,000000,288.8,290.249,283.745,283.745,0,0
ABE_MV,D,20190401,000000,283.745,283.745,281.576,283.026,0,0
ABE_MV,D,20190402,000000,283.026,288.8,283.026,288.8,0,0
ABE_MV,D,20190403,000000,291.688,291.688,286.632,288.8,0,0
ABE_MV,D,20190404,000000,290.249,290.249,287.352,288.8,0,0
ABE_MV,D,20190405,000000,288.8,288.8,288.8,288.8,0,0
ABE_MV,D,20190408,000000,290.249,290.249,288.8,288.8,0,0
ABE_MV,D,20190409,000000,290.249,290.249,283.745,284.473,0,0
ABE_MV,D,20190410,000000,282.306,283.026,282.306,283.026,0,0
ABE_MV,D,20190411,000000,282.306,282.306,281.576,281.576,0,0
ABE_MV,D,20190412,000000,283.026,283.745,280.128,283.745,0,0
ABE_MV,D,20190415,000000,280.128,280.128,277.25,277.25,0,0
ABE_MV,D,20190416,000000,278.698,278.698,274.362,275.802,0,0
ABE_MV,D,20190417,000000,275.802,278.698,275.082,275.082,0,0
ABE_MV,D,20190418,000000,277.25,277.25,271.475,271.475,0,0
ABE_MV,D,20190423,000000,271.475,271.475,268.579,268.579,0,0
ABE_MV,D,20190424,000000,268.579,268.579,266.409,267.859,0,0
ABE_MV,D,20190425,000000,266.409,267.859,266.409,267.859,0,0
ABE_MV,D,20190426,000000,267.139,275.082,267.139,275.082,0,0
ABE_MV,D,20190429,000000,274.362,274.362,270.755,270.755,0,0
ABE_MV,D,20190430,000000,270.755,270.755,264.251,264.251,0,0
ABE_MV,D,20190502,000000,261.373,261.373,261.373,261.373,0,0
ABE_MV,D,20190506,000000,261.373,263.531,260.643,263.531,0,0
ABE_MV,D,20190507,000000,263.531,266.409,260.643,266.409,0,0
ABE_MV,D,20190508,000000,260.643,266.409,260.643,260.643,0,0
ABE_MV,D,20190509,000000,260.643,264.971,260.643,262.821,0,0
ABE_MV,D,20190510,000000,264.251,264.251,260.643,264.251,0,0
ABE_MV,D,20190513,000000,261.373,262.092,257.036,261.373,0,0
ABE_MV,D,20190514,000000,261.373,261.373,257.036,257.036,0,0
ABE_MV,D,20190515,000000,257.036,258.475,252.692,254.859,0,0
ABE_MV,D,20190516,000000,254.859,254.859,244.758,244.758,0,0
ABE_MV,D,20190517,000000,242.589,242.589,230.318,231.038,0,0
ABE_MV,D,20190520,000000,231.768,244.758,228.151,234.646,0,0
ABE_MV,D,20190521,000000,228.151,233.206,223.825,233.206,0,0
ABE_MV,D,20190522,000000,231.038,233.936,226.712,229.6,0,0
ABE_MV,D,20190523,000000,231.038,231.038,225.262,228.151,0,0
ABE_MV,D,20190524,000000,230.318,230.318,228.871,228.871,0,0
ABE_MV,D,20190527,000000,229.6,229.6,225.992,227.432,0,0
ABE_MV,D,20190528,000000,221.647,227.432,218.049,221.647,0,0
ABE_MV,D,20190529,000000,221.647,224.544,216.601,224.544,0,0
ABE_MV,D,20190530,000000,225.262,225.262,220.927,220.927,0,0
ABE_MV,D,20190531,000000,225.262,228.871,224.544,226.712,0,0
ABE_MV,D,20190603,000000,229.6,229.6,223.095,223.095,0,0
ABE_MV,D,20190604,000000,222.376,224.544,218.049,224.544,0,0
ABE_MV,D,20190605,000000,220.207,223.095,218.769,223.095,0,0
ABE_MV,D,20190606,000000,223.095,223.095,220.207,220.207,0,0
ABE_MV,D,20190607,000000,222.376,222.376,218.049,219.479,0,0
ABE_MV,D,20190610,000000,219.479,223.095,219.479,223.095,0,0
ABE_MV,D,20190611,000000,220.927,223.095,218.769,220.207,0,0
ABE_MV,D,20190612,000000,224.544,230.318,224.544,229.6,0,0
ABE_MV,D,20190613,000000,229.6,248.373,229.6,245.486,0,0
ABE_MV,D,20190614,000000,248.373,252.692,244.038,249.093,0,0
ABE_MV,D,20190617,000000,244.038,244.758,243.318,243.318,0,0
ABE_MV,D,20190618,000000,241.141,243.318,241.141,243.318,0,0
ABE_MV,D,20190619,000000,244.038,244.038,241.141,241.141,0,0
ABE_MV,D,20190621,000000,242.589,242.589,241.141,241.141,0,0
ABE_MV,D,20190624,000000,241.141,241.141,236.814,236.814,0,0
ABE_MV,D,20190625,000000,236.814,236.814,236.094,236.094,0,0
ABE_MV,D,20190626,000000,236.814,236.814,236.814,236.814,0,0
ABE_MV,D,20190627,000000,238.262,242.589,238.262,242.589,0,0
ABE_MV,D,20190628,000000,246.925,246.925,246.925,246.925,0,0
ABE_MV,D,20190701,000000,246.925,252.692,246.925,248.373,0,0
ABE_MV,D,20190702,000000,246.925,246.925,244.758,244.758,0,0
ABE_MV,D,20190703,000000,245.486,245.486,245.486,245.486,0,0
ABE_MV,D,20190704,000000,243.318,243.318,238.262,238.262,0,0
ABE_MV,D,20190705,000000,239.702,243.318,239.702,243.318,0,0
ABE_MV,D,20190708,000000,244.038,244.038,242.589,242.589,0,0
ABE_MV,D,20190709,000000,244.758,244.758,244.758,244.758,0,0
ABE_MV,D,20190710,000000,246.205,262.821,246.205,259.925,0,0
ABE_MV,D,20190711,000000,263.531,264.251,258.475,264.251,0,0
ABE_MV,D,20190712,000000,264.251,264.251,260.643,262.821,0,0
ABE_MV,D,20190715,000000,264.251,264.251,258.475,259.925,0,0
ABE_MV,D,20190716,000000,270.026,277.25,270.026,277.25,0,0
ABE_MV,D,20190717,000000,272.922,274.362,267.139,270.026,0,0
ABE_MV,D,20190718,000000,267.139,267.859,262.821,267.859,0,0
ABE_MV,D,20190719,000000,267.859,275.802,266.409,275.802,0,0
ABE_MV,D,20190722,000000,275.802,279.418,273.642,278.698,0,0
ABE_MV,D,20190723,000000,278.698,283.745,278.698,283.745,0,0
ABE_MV,D,20190724,000000,283.745,283.745,282.306,282.306,0,0
ABE_MV,D,20190725,000000,280.857,283.745,273.642,275.082,0,0
ABE_MV,D,20190726,000000,275.082,275.082,271.475,271.475,0,0
ABE_MV,D,20190729,000000,272.922,272.922,264.251,267.139,0,0
ABE_MV,D,20190730,000000,270.026,270.026,269.306,269.306,0,0
ABE_MV,D,20190731,000000,269.306,278.698,267.139,275.802,0,0
ABE_MV,D,20190801,000000,272.922,274.362,265.69,267.859,0,0
ABE_MV,D,20190802,000000,269.306,274.362,268.579,274.362,0,0
ABE_MV,D,20190805,000000,271.475,272.922,267.139,269.306,0,0
ABE_MV,D,20190806,000000,269.306,270.026,267.139,270.026,0,0
ABE_MV,D,20190807,000000,270.026,270.026,267.139,267.139,0,0
ABE_MV,D,20190808,000000,267.139,271.475,262.821,267.139,0,0
ABE_MV,D,20190809,000000,270.755,270.755,262.821,265.69,0,0
ABE_MV,D,20190812,000000,266.409,267.139,261.373,267.139,0,0
ABE_MV,D,20190813,000000,262.821,266.409,262.821,266.409,0,0
ABE_MV,D,20190814,000000,270.026,270.026,264.971,264.971,0,0
ABE_MV,D,20190816,000000,264.251,264.971,262.092,264.971,0,0
ABE_MV,D,20190819,000000,262.092,265.69,262.092,265.69,0,0
ABE_MV,D,20190820,000000,265.69,269.306,265.69,267.139,0,0
ABE_MV,D,20190821,000000,270.026,270.755,267.139,270.026,0,0
ABE_MV,D,20190822,000000,265.69,270.755,265.69,270.755,0,0
ABE_MV,D,20190823,000000,270.026,270.026,267.139,268.579,0,0
ABE_MV,D,20190826,000000,264.251,267.139,259.925,264.251,0,0
ABE_MV,D,20190827,000000,262.092,272.195,262.092,267.859,0,0
ABE_MV,D,20190828,000000,268.579,268.579,267.139,267.139,0,0
ABE_MV,D,20190829,000000,269.306,269.306,269.306,269.306,0,0
ABE_MV,D,20190830,000000,267.139,267.139,264.971,264.971,0,0
ABE_MV,D,20190902,000000,264.971,264.971,261.373,262.821,0,0
ABE_MV,D,20190903,000000,264.251,269.306,264.251,269.306,0,0
ABE_MV,D,20190904,000000,271.475,271.475,271.475,271.475,0,0
ABE_MV,D,20190905,000000,271.475,271.475,270.026,270.755,0,0
ABE_MV,D,20190906,000000,271.475,271.475,271.475,271.475,0,0
ABE_MV,D,20190909,000000,272.195,272.195,271.475,271.475,0,0
ABE_MV,D,20190910,000000,271.475,271.475,267.139,267.139,0,0
ABE_MV,D,20190911,000000,268.579,268.579,267.139,267.139,0,0
ABE_MV,D,20190912,000000,268.579,270.755,268.579,270.755,0,0
ABE_MV,D,20190913,000000,271.475,273.642,267.139,271.475,0,0
ABE_MV,D,20190916,000000,272.195,272.195,272.195,272.195,0,0
ABE_MV,D,20190917,000000,271.475,291.688,267.139,291.688,0,0
ABE_MV,D,20190918,000000,303.239,303.239,293.137,293.137,0,0
ABE_MV,D,20190919,000000,290.249,290.249,281.576,281.576,0,0
ABE_MV,D,20190920,000000,291.688,291.688,288.8,288.8,0,0
ABE_MV,D,20190923,000000,288.8,288.8,283.745,285.913,0,0
ABE_MV,D,20190924,000000,285.913,285.913,274.362,278.698,0,0
ABE_MV,D,20190925,000000,280.857,281.576,279.418,280.857,0,0
ABE_MV,D,20190926,000000,279.418,284.473,278.698,284.473,0,0
ABE_MV,D,20190927,000000,284.473,284.473,277.25,282.306,0,0
ABE_MV,D,20190930,000000,282.306,283.745,282.306,283.745,0,0
ABE_MV,D,20191001,000000,280.857,280.857,279.418,280.128,0,0
ABE_MV,D,20191002,000000,283.745,283.745,277.25,280.857,0,0
ABE_MV,D,20191003,000000,281.576,286.632,281.576,286.632,0,0
ABE_MV,D,20191004,000000,287.352,287.352,286.632,286.632,0,0
ABE_MV,D,20191007,000000,286.632,290.249,284.473,287.352,0,0
ABE_MV,D,20191008,000000,288.8,294.585,285.913,294.585,0,0
ABE_MV,D,20191009,000000,291.688,294.585,290.249,291.688,0,0
ABE_MV,D,20191010,000000,294.585,298.903,288.8,290.249,0,0
ABE_MV,D,20191011,000000,293.137,303.239,293.137,294.585,0,0
ABE_MV,D,20191014,000000,296.024,296.024,288.8,288.8,0,0
ABE_MV,D,20191015,000000,290.249,294.585,285.193,288.8,0,0
ABE_MV,D,20191016,000000,288.8,294.585,288.8,294.585,0,0
ABE_MV,D,20191017,000000,294.585,301.79,288.8,300.352,0,0
ABE_MV,D,20191018,000000,296.024,300.352,294.585,294.585,0,0
ABE_MV,D,20191021,000000,300.352,301.79,296.024,298.903,0,0
ABE_MV,D,20191022,000000,297.463,300.352,296.024,297.463,0,0
ABE_MV,D,20191023,000000,294.585,298.903,294.585,298.903,0,0
ABE_MV,D,20191024,000000,296.024,297.463,290.249,294.585,0,0
ABE_MV,D,20191025,000000,294.585,294.585,288.8,293.137,0,0
ABE_MV,D,20191028,000000,291.688,294.585,288.8,294.585,0,0
ABE_MV,D,20191029,000000,290.249,291.688,290.249,291.688,0,0
ABE_MV,D,20191030,000000,293.137,293.137,293.137,293.137,0,0
ABE_MV,D,20191031,000000,293.137,293.137,290.249,290.249,0,0
ABE_MV,D,20191104,000000,290.249,294.585,290.249,290.249,0,0
ABE_MV,D,20191105,000000,291.688,293.137,290.249,291.688,0,0
ABE_MV,D,20191106,000000,293.137,298.903,290.249,298.903,0,0
ABE_MV,D,20191107,000000,296.024,296.024,294.585,296.024,0,0
ABE_MV,D,20191108,000000,296.024,296.024,293.137,293.137,0,0
ABE_MV,D,20191112,000000,294.585,297.463,294.585,294.585,0,0
ABE_MV,D,20191113,000000,294.585,294.585,291.688,294.585,0,0
ABE_MV,D,20191114,000000,294.585,296.024,294.585,296.024,0,0
ABE_MV,D,20191115,000000,296.024,298.903,294.585,294.585,0,0
ABE_MV,D,20191118,000000,298.903,311.901,294.585,303.239,0,0
ABE_MV,D,20191119,000000,303.239,304.687,298.903,300.352,0,0
ABE_MV,D,20191120,000000,298.903,300.352,296.024,297.463,0,0
ABE_MV,D,20191121,000000,296.024,313.34,294.585,313.34,0,0
ABE_MV,D,20191122,000000,316.239,327.788,316.239,327.788,0,0
ABE_MV,D,20191125,000000,327.788,336.452,327.788,332.124,0,0
ABE_MV,D,20191126,000000,339.348,339.348,324.9,324.9,0,0
ABE_MV,D,20191127,000000,332.124,332.124,322.013,322.013,0,0
ABE_MV,D,20191128,000000,319.125,326.34,319.125,326.34,0,0
ABE_MV,D,20191129,000000,323.462,330.676,322.013,326.34,0,0
ABE_MV,D,20191202,000000,332.124,339.348,332.124,333.563,0,0
ABE_MV,D,20191203,000000,336.452,346.553,336.452,340.778,0,0
ABE_MV,D,20191204,000000,345.113,345.113,340.778,340.778,0,0
ABE_MV,D,20191205,000000,342.226,342.226,340.778,342.226,0,0
ABE_MV,D,20191206,000000,343.675,350.899,343.675,349.45,0,0
ABE_MV,D,20191209,000000,349.45,373.99,349.45,372.551,0,0
ABE_MV,D,20191210,000000,373.99,373.99,366.785,369.664,0,0
ABE_MV,D,20191211,000000,368.215,368.215,359.553,368.215,0,0
ABE_MV,D,20191212,000000,368.215,382.662,368.215,382.662,0,0
ABE_MV,D,20191213,000000,388.437,388.437,382.662,386.99,0,0
ABE_MV,D,20191216,000000,388.437,389.886,365.336,375.439,0,0
ABE_MV,D,20191217,000000,371.103,372.551,361,368.215,0,0
ABE_MV,D,20191218,000000,375.439,375.439,369.664,372.551,0,0
ABE_MV,D,20191219,000000,375.439,375.439,373.99,375.439,0,0
ABE_MV,D,20191220,000000,375.439,375.439,363.889,365.336,0,0
ABE_MV,D,20191223,000000,362.449,362.449,353.787,359.553,0,0
ABE_MV,D,20191227,000000,361,368.215,361,366.785,0,0
ABE_MV,D,20191230,000000,363.889,372.551,363.889,372.551,0,0
ABE_MV,D,20200102,000000,372.551,372.551,365.336,368.215,0,0
ABE_MV,D,20200103,000000,369.664,369.664,365.336,368.215,0,0
ABE_MV,D,20200107,000000,373.99,373.99,353.787,363.889,0,0
ABE_MV,D,20200108,000000,362.449,362.449,352.337,352.337,0,0
ABE_MV,D,20200109,000000,353.787,358.103,346.553,355.235,0,0
ABE_MV,D,20200110,000000,355.235,358.103,355.235,358.103,0,0
ABE_MV,D,20200113,000000,358.103,362.449,343.675,345.113,0,0
ABE_MV,D,20200114,000000,348.002,348.002,332.124,336.452,0,0
ABE_MV,D,20200115,000000,337.9,358.103,332.124,355.235,0,0
ABE_MV,D,20200116,000000,356.665,368.215,356.665,366.785,0,0
ABE_MV,D,20200117,000000,366.785,371.103,361,369.664,0,0
ABE_MV,D,20200120,000000,375.439,382.662,371.103,373.99,0,0
ABE_MV,D,20200121,000000,379.776,379.776,361,362.449,0,0
ABE_MV,D,20200122,000000,362.449,375.439,362.449,375.439,0,0
ABE_MV,D,20200123,000000,378.336,381.214,373.99,379.776,0,0
ABE_MV,D,20200124,000000,375.439,382.662,375.439,382.662,0,0
ABE_MV,D,20200127,000000,375.439,375.439,369.664,373.99,0,0
ABE_MV,D,20200128,000000,371.103,375.439,369.664,371.103,0,0
ABE_MV,D,20200129,000000,371.103,378.336,368.215,368.215,0,0
ABE_MV,D,20200130,000000,368.215,369.664,349.45,361,0,0
ABE_MV,D,20200131,000000,358.103,361,348.002,361,0,0
ABE_MV,D,20200203,000000,358.103,359.553,352.337,358.103,0,0
ABE_MV,D,20200204,000000,359.553,359.553,352.337,359.553,0,0
ABE_MV,D,20200205,000000,355.235,359.553,345.113,345.113,0,0
ABE_MV,D,20200206,000000,345.113,352.337,345.113,352.337,0,0
ABE_MV,D,20200207,000000,352.337,352.337,345.113,350.899,0,0
ABE_MV,D,20200210,000000,349.45,352.337,343.675,345.113,0,0
ABE_MV,D,20200211,000000,345.113,345.113,339.348,340.778,0,0
ABE_MV,D,20200212,000000,339.348,345.113,336.452,345.113,0,0
ABE_MV,D,20200213,000000,346.553,349.45,345.113,346.553,0,0
ABE_MV,D,20200214,000000,349.45,361,349.45,361,0,0
ABE_MV,D,20200217,000000,358.103,358.103,352.337,352.337,0,0
ABE_MV,D,20200218,000000,352.337,352.337,343.675,343.675,0,0
ABE_MV,D,20200219,000000,342.226,346.553,342.226,343.675,0,0
ABE_MV,D,20200220,000000,343.675,343.675,337.9,340.778,0,0
ABE_MV,D,20200221,000000,342.226,342.226,336.452,340.778,0,0
ABE_MV,D,20200224,000000,339.348,339.348,316.239,320.574,0,0
ABE_MV,D,20200225,000000,320.574,327.788,306.135,322.013,0,0
ABE_MV,D,20200226,000000,317.686,319.125,303.239,317.686,0,0
ABE_MV,D,20200227,000000,317.686,317.686,296.024,298.903,0,0
ABE_MV,D,20200228,000000,272.195,288.8,260.643,288.8,0,0
ABE_MV,D,20200302,000000,277.25,285.193,277.25,281.576,0,0
ABE_MV,D,20200303,000000,285.193,296.024,284.473,284.473,0,0
ABE_MV,D,20200304,000000,293.137,293.137,275.802,275.802,0,0
ABE_MV,D,20200305,000000,283.026,288.8,271.475,274.362,0,0
ABE_MV,D,20200306,000000,277.25,278.698,264.971,264.971,0,0
ABE_MV,D,20200309,000000,257.036,257.036,233.936,238.982,0,0
ABE_MV,D,20200310,000000,241.141,242.589,235.366,238.982,0,0
ABE_MV,D,20200311,000000,238.262,239.702,226.712,229.6,0,0
ABE_MV,D,20200312,000000,216.601,216.601,202.162,202.162,0,0
ABE_MV,D,20200313,000000,201.443,213.713,201.443,210.105,0,0
ABE_MV,D,20200316,000000,208.658,208.658,194.938,203.611,0,0
ABE_MV,D,20200317,000000,210.825,215.161,196.388,215.161,0,0
ABE_MV,D,20200318,000000,215.161,220.207,210.825,218.049,0,0
ABE_MV,D,20200319,000000,212.993,230.318,212.993,222.376,0,0
ABE_MV,D,20200320,000000,231.038,231.038,220.207,220.207,0,0
ABE_MV,D,20200323,000000,220.207,220.207,216.601,219.479,0,0
ABE_MV,D,20200324,000000,227.432,229.6,225.262,225.992,0,0
ABE_MV,D,20200325,000000,231.768,232.487,225.992,225.992,0,0
ABE_MV,D,20200326,000000,225.992,228.871,219.479,226.712,0,0
ABE_MV,D,20200327,000000,226.712,231.768,223.825,231.038,0,0
ABE_MV,D,20200330,000000,233.936,240.422,231.038,240.422,0,0
ABE_MV,D,20200331,000000,244.038,268.579,244.038,266.409,0,0
ABE_MV,D,20200401,000000,269.306,288.8,263.531,263.531,0,0
ABE_MV,D,20200402,000000,263.531,267.139,253.419,253.419,0,0
ABE_MV,D,20200403,000000,253.419,259.205,251.261,259.205,0,0
ABE_MV,D,20200406,000000,259.925,262.821,256.308,259.925,0,0
ABE_MV,D,20200407,000000,259.925,264.971,259.925,259.925,0,0
ABE_MV,D,20200408,000000,259.205,259.205,251.972,256.308,0,0
ABE_MV,D,20200409,000000,259.205,264.971,258.475,262.821,0,0
ABE_MV,D,20200414,000000,267.139,286.632,267.139,286.632,0,0
ABE_MV,D,20200415,000000,288.8,290.249,279.418,282.306,0,0
ABE_MV,D,20200416,000000,284.473,288.072,283.026,288.072,0,0
ABE_MV,D,20200417,000000,283.026,288.072,280.128,288.072,0,0
ABE_MV,D,20200420,000000,296.024,296.024,288.8,294.585,0,0
ABE_MV,D,20200421,000000,294.585,294.585,268.579,272.922,0,0
ABE_MV,D,20200422,000000,272.922,288.072,272.922,287.352,0,0
ABE_MV,D,20200423,000000,285.913,297.463,285.913,297.463,0,0
ABE_MV,D,20200424,000000,294.585,298.903,294.585,297.463,0,0
ABE_MV,D,20200427,000000,297.463,298.903,291.688,291.688,0,0
ABE_MV,D,20200428,000000,296.024,300.352,291.688,293.137,0,0
ABE_MV,D,20200429,000000,294.585,322.013,294.585,319.125,0,0
ABE_MV,D,20200430,000000,319.125,323.462,316.239,316.239,0,0
ABE_MV,D,20200504,000000,316.239,322.013,306.135,322.013,0,0
ABE_MV,D,20200505,000000,324.9,326.34,322.013,323.462,0,0
ABE_MV,D,20200506,000000,326.34,339.348,326.34,337.9,0,0
ABE_MV,D,20200507,000000,339.348,355.235,339.348,349.45,0,0
ABE_MV,D,20200508,000000,350.899,359.553,346.553,359.553,0,0
ABE_MV,D,20200511,000000,358.103,358.103,349.45,349.45,0,0
ABE_MV,D,20200512,000000,349.45,349.45,336.452,343.675,0,0
ABE_MV,D,20200513,000000,339.348,339.348,329.236,335.002,0,0
ABE_MV,D,20200514,000000,332.124,340.778,319.125,323.462,0,0
ABE_MV,D,20200515,000000,320.574,332.124,320.574,324.9,0,0
ABE_MV,D,20200518,000000,332.124,342.226,332.124,342.226,0,0
ABE_MV,D,20200519,000000,345.113,346.553,343.675,343.675,0,0
ABE_MV,D,20200520,000000,345.113,346.553,345.113,346.553,0,0
ABE_MV,D,20200521,000000,346.553,348.002,333.563,345.113,0,0
ABE_MV,D,20200522,000000,339.348,339.348,333.563,339.348,0,0
ABE_MV,D,20200525,000000,336.452,355.235,333.563,349.45,0,0
ABE_MV,D,20200526,000000,349.45,358.103,346.553,346.553,0,0
ABE_MV,D,20200527,000000,346.553,348.002,340.778,345.113,0,0
ABE_MV,D,20200528,000000,342.226,342.226,329.236,332.124,0,0
ABE_MV,D,20200529,000000,330.676,339.348,326.34,339.348,0,0
ABE_MV,D,20200601,000000,339.348,349.45,339.348,346.553,0,0
ABE_MV,D,20200602,000000,349.45,361,346.553,361,0,0
ABE_MV,D,20200603,000000,361,361,350.899,355.235,0,0
ABE_MV,D,20200604,000000,356.665,356.665,353.787,353.787,0,0
ABE_MV,D,20200605,000000,353.787,353.787,348.002,352.337,0,0
ABE_MV,D,20200608,000000,352.337,358.103,345.113,358.103,0,0
ABE_MV,D,20200609,000000,358.103,359.553,348.002,348.002,0,0
ABE_MV,D,20200610,000000,350.899,353.787,348.002,350.899,0,0
ABE_MV,D,20200612,000000,346.553,346.553,339.348,340.778,0,0
ABE_MV,D,20200615,000000,336.452,343.675,332.124,339.348,0,0
ABE_MV,D,20200616,000000,349.45,349.45,346.553,346.553,0,0
ABE_MV,D,20200617,000000,346.553,349.45,342.226,342.226,0,0
ABE_MV,D,20200618,000000,340.778,353.787,340.778,353.787,0,0
ABE_MV,D,20200619,000000,355.235,369.664,355.235,369.664,0,0
ABE_MV,D,20200622,000000,372.551,378.336,366.785,372.551,0,0
ABE_MV,D,20200623,000000,375.439,379.776,375.439,379.776,0,0
ABE_MV,D,20200624,000000,378.336,379.776,369.664,369.664,0,0
ABE_MV,D,20200625,000000,368.215,368.215,349.45,361,0,0
ABE_MV,D,20200626,000000,361,375.439,361,375.439,0,0
ABE_MV,D,20200629,000000,368.215,389.886,366.785,389.886,0,0
ABE_MV,D,20200630,000000,389.886,401.427,389.886,398.549,0,0
ABE_MV,D,20200701,000000,394.213,397.101,388.437,394.213,0,0
ABE_MV,D,20200702,000000,394.213,395.661,392.765,394.213,0,0
ABE_MV,D,20200703,000000,395.661,398.549,392.765,398.549,0,0
ABE_MV,D,20200706,000000,391.326,397.101,379.776,381.214,0,0
ABE_MV,D,20200707,000000,385.55,385.55,381.214,381.214,0,0
ABE_MV,D,20200708,000000,381.214,381.214,369.664,375.439,0,0
ABE_MV,D,20200709,000000,375.439,375.439,369.664,375.439,0,0
ABE_MV,D,20200710,000000,375.439,375.439,368.215,368.215,0,0
ABE_MV,D,20200713,000000,366.785,366.785,349.45,355.235,0,0
ABE_MV,D,20200714,000000,358.103,358.103,336.452,355.235,0,0
ABE_MV,D,20200715,000000,356.665,358.103,353.787,353.787,0,0
ABE_MV,D,20200716,000000,353.787,378.336,353.787,365.336,0,0
ABE_MV,D,20200717,000000,376.887,388.437,376.887,388.437,0,0
ABE_MV,D,20200720,000000,394.213,402.877,384.111,402.877,0,0
ABE_MV,D,20200721,000000,402.877,411.548,397.101,411.548,0,0
ABE_MV,D,20200722,000000,412.987,412.987,404.315,411.548,0,0
ABE_MV,D,20200723,000000,411.548,411.548,397.101,397.101,0,0
ABE_MV,D,20200724,000000,404.315,417.314,397.101,417.314,0,0
ABE_MV,D,20200727,000000,425.986,425.986,410.1,410.1,0,0
ABE_MV,D,20200728,000000,408.651,423.099,408.651,418.754,0,0
ABE_MV,D,20200729,000000,418.754,423.099,414.436,414.436,0,0
ABE_MV,D,20200730,000000,420.202,420.202,410.1,417.314,0,0
ABE_MV,D,20200731,000000,412.987,425.986,407.203,423.099,0,0
ABE_MV,D,20200803,000000,418.754,450.527,418.754,450.527,0,0
ABE_MV,D,20200804,000000,475.076,475.076,451.966,459.198,0,0
ABE_MV,D,20200805,000000,459.198,476.515,454.863,473.628,0,0
ABE_MV,D,20200806,000000,476.515,477.964,463.517,476.515,0,0
ABE_MV,D,20200807,000000,477.964,485.178,473.628,485.178,0,0
ABE_MV,D,20200810,000000,486.627,516.96,486.627,511.177,0,0
ABE_MV,D,20200811,000000,514.064,514.064,496.729,496.729,0,0
ABE_MV,D,20200812,000000,496.729,496.729,467.853,470.75,0,0
ABE_MV,D,20200813,000000,470.75,470.75,438.976,457.75,0,0
ABE_MV,D,20200814,000000,453.414,453.414,444.761,447.639,0,0
ABE_MV,D,20200817,000000,460.647,470.75,449.087,470.75,0,0
ABE_MV,D,20200818,000000,459.198,503.962,459.198,464.964,0,0
ABE_MV,D,20200819,000000,496.729,496.729,473.628,488.075,0,0
ABE_MV,D,20200820,000000,486.627,486.627,470.75,476.515,0,0
ABE_MV,D,20200821,000000,477.964,485.178,476.515,477.964,0,0
ABE_MV,D,20200824,000000,488.075,488.075,477.964,477.964,0,0
ABE_MV,D,20200825,000000,477.964,480.851,469.3,475.076,0,0
ABE_MV,D,20200826,000000,476.515,489.523,472.198,476.515,0,0
ABE_MV,D,20200827,000000,488.075,488.075,479.404,486.627,0,0
ABE_MV,D,20200828,000000,483.748,483.748,475.076,479.404,0,0
ABE_MV,D,20200831,000000,480.851,490.963,472.198,472.198,0,0
ABE_MV,D,20200901,000000,479.404,480.851,472.198,472.198,0,0
ABE_MV,D,20200902,000000,476.515,479.404,472.198,479.404,0,0
ABE_MV,D,20200903,000000,482.3,482.3,473.628,473.628,0,0
ABE_MV,D,20200904,000000,466.414,472.198,450.527,460.647,0,0
ABE_MV,D,20200907,000000,456.311,466.414,449.087,457.75,0,0
ABE_MV,D,20200908,000000,457.75,457.75,369.664,399.997,0,0
ABE_MV,D,20200909,000000,399.997,428.874,399.997,425.986,0,0
ABE_MV,D,20200910,000000,418.754,436.088,410.1,433.201,0,0
ABE_MV,D,20200911,000000,418.754,433.201,418.754,433.201,0,0
ABE_MV,D,20200914,000000,420.202,436.088,417.314,417.314,0,0
ABE_MV,D,20200915,000000,415.874,417.314,397.101,417.314,0,0
ABE_MV,D,20200916,000000,418.754,424.538,418.754,424.538,0,0
ABE_MV,D,20200917,000000,424.538,424.538,418.754,424.538,0,0
ABE_MV,D,20200918,000000,424.538,424.538,421.65,421.65,0,0
ABE_MV,D,20200921,000000,420.202,420.202,411.548,412.987,0,0
ABE_MV,D,20200922,000000,415.874,417.314,414.436,414.436,0,0
ABE_MV,D,20200923,000000,418.754,418.754,411.548,411.548,0,0
ABE_MV,D,20200924,000000,411.548,411.548,389.886,389.886,0,0
ABE_MV,D,20200925,000000,394.213,397.101,389.886,395.661,0,0
ABE_MV,D,20200928,000000,397.101,414.436,395.661,410.1,0,0
ABE_MV,D,20200929,000000,415.874,418.754,412.987,412.987,0,0
ABE_MV,D,20200930,000000,417.314,418.754,411.548,418.754,0,0
ABE_MV,D,20201001,000000,418.754,424.538,418.754,424.538,0,0
ABE_MV,D,20201002,000000,423.099,423.099,399.997,410.1,0,0
ABE_MV,D,20201005,000000,410.1,411.548,404.315,408.651,0,0
ABE_MV,D,20201006,000000,408.651,410.1,399.997,408.651,0,0
ABE_MV,D,20201007,000000,404.315,407.203,401.427,401.427,0,0
ABE_MV,D,20201008,000000,405.763,405.763,395.661,399.997,0,0
ABE_MV,D,20201009,000000,407.203,407.203,382.662,384.111,0,0
ABE_MV,D,20201012,000000,385.55,385.55,372.551,372.551,0,0
ABE_MV,D,20201013,000000,369.664,369.664,353.787,353.787,0,0
ABE_MV,D,20201014,000000,352.337,363.889,339.348,361,0,0
ABE_MV,D,20201015,000000,361,386.99,361,385.55,0,0
ABE_MV,D,20201016,000000,381.214,411.548,381.214,399.997,0,0
ABE_MV,D,20201019,000000,401.427,417.314,401.427,402.877,0,0
ABE_MV,D,20201020,000000,407.203,414.436,407.203,412.987,0,0
ABE_MV,D,20201021,000000,412.987,412.987,392.765,407.203,0,0
ABE_MV,D,20201022,000000,395.661,417.314,392.765,415.874,0,0
ABE_MV,D,20201023,000000,415.874,415.874,405.763,405.763,0,0
ABE_MV,D,20201026,000000,404.315,418.754,404.315,415.874,0,0
ABE_MV,D,20201027,000000,415.874,415.874,404.315,404.315,0,0
ABE_MV,D,20201028,000000,404.315,404.315,373.99,385.55,0,0
ABE_MV,D,20201029,000000,389.886,389.886,375.439,388.437,0,0
ABE_MV,D,20201030,000000,379.776,384.111,379.776,384.111,0,0
ABE_MV,D,20201102,000000,384.111,384.111,371.103,373.99,0,0
ABE_MV,D,20201103,000000,379.776,379.776,376.887,376.887,0,0
ABE_MV,D,20201104,000000,389.886,423.099,382.662,423.099,0,0
ABE_MV,D,20201105,000000,430.314,440.416,424.538,427.426,0,0
ABE_MV,D,20201106,000000,430.314,430.314,410.1,423.099,0,0
ABE_MV,D,20201109,000000,427.426,446.191,427.426,433.201,0,0
ABE_MV,D,20201110,000000,430.314,444.761,415.874,441.863,0,0
ABE_MV,D,20201112,000000,443.313,450.527,441.863,450.527,0,0
ABE_MV,D,20201113,000000,450.527,450.527,438.976,443.313,0,0
ABE_MV,D,20201116,000000,451.966,469.3,444.761,464.964,0,0
ABE_MV,D,20201117,000000,472.198,472.198,462.077,462.077,0,0
ABE_MV,D,20201118,000000,462.077,467.853,459.198,464.964,0,0
ABE_MV,D,20201119,000000,464.964,467.853,450.527,450.527,0,0
ABE_MV,D,20201120,000000,443.313,457.75,440.416,456.311,0,0
ABE_MV,D,20201123,000000,457.75,464.964,457.75,457.75,0,0
ABE_MV,D,20201124,000000,464.964,464.964,433.201,443.313,0,0
ABE_MV,D,20201125,000000,456.311,469.3,443.313,456.311,0,0
ABE_MV,D,20201126,000000,457.75,457.75,443.313,444.761,0,0
ABE_MV,D,20201127,000000,444.761,451.966,440.416,451.966,0,0
ABE_MV,D,20201130,000000,440.416,464.964,437.537,464.964,0,0
ABE_MV,D,20201201,000000,454.863,464.964,450.527,464.964,0,0
ABE_MV,D,20201202,000000,466.414,466.414,450.527,450.527,0,0
ABE_MV,D,20201203,000000,450.527,488.075,450.527,483.748,0,0
ABE_MV,D,20201204,000000,477.964,488.075,477.964,485.178,0,0
ABE_MV,D,20201207,000000,489.523,489.523,470.75,476.515,0,0
ABE_MV,D,20201208,000000,476.515,486.627,470.75,485.178,0,0
ABE_MV,D,20201209,000000,476.515,483.748,470.75,476.515,0,0
ABE_MV,D,20201210,000000,467.853,475.076,459.198,459.198,0,0
ABE_MV,D,20201211,000000,463.517,475.076,463.517,470.75,0,0
ABE_MV,D,20201214,000000,467.853,476.515,453.414,454.863,0,0
ABE_MV,D,20201215,000000,450.527,460.647,450.527,454.863,0,0
ABE_MV,D,20201216,000000,453.414,453.414,440.416,441.863,0,0
ABE_MV,D,20201217,000000,444.761,444.761,418.754,423.099,0,0
ABE_MV,D,20201218,000000,431.752,437.537,418.754,418.754,0,0
ABE_MV,D,20201221,000000,425.986,425.986,405.763,408.651,0,0
ABE_MV,D,20201222,000000,410.1,410.1,399.997,404.315,0,0
ABE_MV,D,20201223,000000,407.203,431.752,407.203,423.099,0,0
ABE_MV,D,20201228,000000,450.527,450.527,433.201,446.191,0,0
ABE_MV,D,20201229,000000,460.822,472.53,453.516,471.063,0,0
ABE_MV,D,20201230,000000,472.53,472.53,460.822,466.681,0,0
ABE_MV,D,20210104,000000,468.138,479.836,468.138,476.921,0,0
ABE_MV,D,20210105,000000,473.996,475.454,465.215,469.605,0,0
ABE_MV,D,20210107,000000,471.063,484.237,469.605,482.77,0,0
ABE_MV,D,20210108,000000,485.695,485.695,478.389,481.303,0,0
ABE_MV,D,20210111,000000,479.836,485.695,472.53,485.695,0,0
ABE_MV,D,20210112,000000,482.77,482.77,453.516,462.289,0,0
ABE_MV,D,20210113,000000,465.215,468.138,465.215,468.138,0,0
ABE_MV,D,20210114,000000,465.215,466.681,457.898,465.215,0,0
ABE_MV,D,20210115,000000,457.898,465.215,457.898,462.289,0,0
ABE_MV,D,20210118,000000,462.289,478.389,457.898,472.53,0,0
ABE_MV,D,20210119,000000,473.996,473.996,459.365,463.756,0,0
ABE_MV,D,20210120,000000,462.289,471.063,456.431,471.063,0,0
ABE_MV,D,20210121,000000,463.756,463.756,452.049,454.983,0,0
ABE_MV,D,20210122,000000,456.431,456.431,453.516,453.516,0,0
ABE_MV,D,20210125,000000,459.365,459.365,453.516,456.431,0,0
ABE_MV,D,20210126,000000,457.898,465.215,454.983,460.822,0,0
ABE_MV,D,20210127,000000,468.138,468.138,454.983,457.898,0,0
ABE_MV,D,20210128,000000,453.516,456.431,447.657,456.431,0,0
ABE_MV,D,20210129,000000,454.983,465.215,454.983,459.365,0,0
ABE_MV,D,20210201,000000,473.996,473.996,453.516,453.516,0,0
ABE_MV,D,20210202,000000,454.983,459.365,453.516,453.516,0,0
ABE_MV,D,20210203,000000,457.898,462.289,453.516,453.516,0,0
ABE_MV,D,20210204,000000,460.822,460.822,444.733,444.733,0,0
ABE_MV,D,20210205,000000,444.733,471.063,444.733,468.138,0,0
ABE_MV,D,20210208,000000,473.996,475.454,473.996,475.454,0,0
ABE_MV,D,20210209,000000,472.53,476.921,471.063,476.921,0,0
ABE_MV,D,20210210,000000,478.389,510.568,478.389,495.936,0,0
ABE_MV,D,20210211,000000,510.568,510.568,484.237,503.252,0,0
ABE_MV,D,20210212,000000,500.327,506.175,490.087,490.087,0,0
ABE_MV,D,20210215,000000,491.544,504.709,491.544,504.709,0,0
ABE_MV,D,20210216,000000,510.568,539.823,503.252,533.973,0,0
ABE_MV,D,20210217,000000,532.506,533.973,520.808,532.506,0,0
ABE_MV,D,20210218,000000,533.973,533.973,512.034,523.732,0,0
ABE_MV,D,20210219,000000,522.275,523.732,493.011,497.403,0,0
ABE_MV,D,20210222,000000,514.958,514.958,493.011,497.403,0,0
ABE_MV,D,20210223,000000,494.468,497.403,487.162,488.629,0,0
ABE_MV,D,20210224,000000,490.087,501.794,490.087,501.794,0,0
ABE_MV,D,20210225,000000,500.327,512.034,497.403,512.034,0,0
ABE_MV,D,20210226,000000,504.709,512.034,493.011,512.034,0,0
ABE_MV,D,20210301,000000,512.034,513.491,497.403,512.034,0,0
ABE_MV,D,20210302,000000,512.034,533.973,506.175,528.115,0,0
ABE_MV,D,20210303,000000,570.552,627.604,528.115,627.604,0,0
ABE_MV,D,20210304,000000,620.288,640.769,614.429,629.062,0,0
ABE_MV,D,20210305,000000,629.062,629.062,608.59,629.062,0,0
ABE_MV,D,20210308,000000,629.062,670.024,629.062,668.566,0,0
ABE_MV,D,20210309,000000,670.024,670.024,648.085,662.708,0,0
ABE_MV,D,20210310,000000,667.108,699.288,667.108,691.972,0,0
ABE_MV,D,20210311,000000,694.897,700.755,691.972,696.354,0,0
ABE_MV,D,20210312,000000,696.354,697.82,683.189,694.897,0,0
ABE_MV,D,20210315,000000,690.514,702.212,686.122,702.212,0,0
ABE_MV,D,20210316,000000,693.43,697.82,681.731,684.656,0,0
ABE_MV,D,20210317,000000,681.731,681.731,643.694,664.175,0,0
ABE_MV,D,20210318,000000,659.783,664.175,636.378,640.769,0,0
ABE_MV,D,20210319,000000,643.694,648.085,643.694,648.085,0,0
ABE_MV,D,20210322,000000,651.01,684.656,651.01,683.189,0,0
ABE_MV,D,20210323,000000,686.122,686.122,680.274,683.189,0,0
ABE_MV,D,20210324,000000,700.755,700.755,672.949,683.189,0,0
ABE_MV,D,20210325,000000,672.949,683.189,648.085,658.317,0,0
ABE_MV,D,20210326,000000,658.317,672.949,653.935,665.642,0,0
ABE_MV,D,20210329,000000,667.108,683.189,667.108,678.806,0,0
ABE_MV,D,20210330,000000,672.949,684.656,665.642,684.656,0,0
ABE_MV,D,20210331,000000,683.189,705.137,671.491,705.137,0,0
ABE_MV,D,20210401,000000,716.835,746.098,716.835,724.159,0,0
ABE_MV,D,20210406,000000,724.159,724.159,700.755,718.302,0,0
ABE_MV,D,20210407,000000,727.085,727.085,705.137,715.386,0,0
ABE_MV,D,20210408,000000,719.769,724.159,710.986,715.386,0,0
ABE_MV,D,20210409,000000,715.386,716.835,712.453,713.919,0,0
ABE_MV,D,20210412,000000,713.919,721.226,706.595,709.528,0,0
ABE_MV,D,20210413,000000,706.595,706.595,662.708,662.708,0,0
ABE_MV,D,20210414,000000,659.783,659.783,643.694,658.317,0,0
ABE_MV,D,20210415,000000,658.317,658.317,655.402,658.317,0,0
ABE_MV,D,20210416,000000,656.868,656.868,642.237,643.694,0,0
ABE_MV,D,20210419,000000,643.694,658.317,614.429,623.213,0,0
ABE_MV,D,20210420,000000,623.213,651.01,617.365,649.543,0,0
ABE_MV,D,20210421,000000,649.543,672.949,636.378,665.642,0,0
ABE_MV,D,20210422,000000,683.189,699.288,665.642,678.806,0,0
ABE_MV,D,20210423,000000,684.656,702.212,674.416,702.212,0,0
ABE_MV,D,20210426,000000,705.137,760.731,694.897,757.806,0,0
ABE_MV,D,20210427,000000,757.806,804.617,743.175,757.806,0,0
ABE_MV,D,20210428,000000,754.872,781.213,749.032,781.213,0,0
ABE_MV,D,20210429,000000,781.213,845.589,778.278,813.391,0,0
ABE_MV,D,20210430,000000,830.956,836.797,819.25,836.797,0,0
ABE_MV,D,20210504,000000,845.589,877.767,833.881,833.881,0,0
ABE_MV,D,20210505,000000,816.325,857.288,798.768,851.428,0,0
ABE_MV,D,20210506,000000,851.428,892.4,848.504,863.136,0,0
ABE_MV,D,20210507,000000,863.136,863.136,825.099,825.099,0,0
ABE_MV,D,20210510,000000,825.099,863.136,819.25,857.288,0,0
ABE_MV,D,20210511,000000,863.136,863.136,842.654,863.136,0,0
ABE_MV,D,20210512,000000,863.136,863.136,839.73,842.654,0,0
ABE_MV,D,20210513,000000,877.767,907.022,863.136,892.4,0,0
ABE_MV,D,20210514,000000,904.098,942.126,883.617,907.022,0,0
ABE_MV,D,20210517,000000,933.353,942.126,921.654,936.286,0,0
ABE_MV,D,20210518,000000,945.06,974.328,945.06,959.688,0,0
ABE_MV,D,20210519,000000,971.389,986.017,942.126,965.542,0,0
ABE_MV,D,20210520,000000,983.097,1009.43,983.097,988.947,0,0
ABE_MV,D,20210521,000000,988.947,1053.32,988.947,994.806,0,0
ABE_MV,D,20210524,000000,1018.21,1018.21,945.06,950.921,0,0
ABE_MV,D,20210525,000000,950.921,950.921,848.504,851.428,0,0
ABE_MV,D,20210526,000000,874.834,898.248,874.834,892.4,0,0
ABE_MV,D,20210527,000000,892.4,901.174,863.136,877.767,0,0
ABE_MV,D,20210528,000000,889.466,892.4,874.834,877.767,0,0
ABE_MV,D,20210531,000000,871.909,871.909,839.73,845.589,0,0
ABE_MV,D,20210601,000000,842.654,871.909,842.654,871.909,0,0
ABE_MV,D,20210602,000000,877.767,886.541,877.767,886.541,0,0
ABE_MV,D,20210604,000000,886.541,889.466,866.06,866.06,0,0
ABE_MV,D,20210607,000000,866.06,877.767,848.504,851.428,0,0
ABE_MV,D,20210608,000000,877.767,877.767,854.362,854.362,0,0
ABE_MV,D,20210609,000000,854.362,868.993,851.428,860.202,0,0
ABE_MV,D,20210610,000000,863.136,863.136,848.504,857.288,0,0
ABE_MV,D,20210611,000000,857.288,860.202,842.654,845.589,0,0
ABE_MV,D,20210614,000000,842.654,848.504,842.654,845.589,0,0
ABE_MV,D,20210615,000000,854.362,854.362,813.391,845.589,0,0
ABE_MV,D,20210616,000000,842.654,842.654,789.986,810.475,0,0
ABE_MV,D,20210617,000000,813.391,813.391,792.91,798.768,0,0
ABE_MV,D,20210618,000000,795.844,816.325,795.844,816.325,0,0
ABE_MV,D,20210621,000000,819.25,828.023,804.617,810.475,0,0
ABE_MV,D,20210622,000000,801.692,819.25,795.844,804.617,0,0
ABE_MV,D,20210623,000000,807.542,813.391,789.986,792.91,0,0
ABE_MV,D,20210624,000000,792.91,792.91,769.505,778.278,0,0
ABE_MV,D,20210625,000000,784.136,798.768,775.363,795.844,0,0
ABE_MV,D,20210628,000000,789.986,833.881,775.363,810.475,0,0
ABE_MV,D,20210629,000000,801.692,801.692,798.768,798.768,0,0
ABE_MV,D,20210630,000000,807.542,807.542,792.91,804.617,0,0
ABE_MV,D,20210701,000000,801.692,807.542,795.844,804.617,0,0
ABE_MV,D,20210702,000000,807.542,807.542,795.844,801.692,0,0
ABE_MV,D,20210705,000000,807.542,851.428,807.542,851.428,0,0
ABE_MV,D,20210706,000000,860.202,860.202,833.881,833.881,0,0
ABE_MV,D,20210707,000000,848.504,851.428,842.654,842.654,0,0
ABE_MV,D,20210708,000000,842.654,851.428,839.73,851.428,0,0
ABE_MV,D,20210709,000000,851.428,863.136,848.504,860.202,0,0
ABE_MV,D,20210712,000000,851.428,868.993,851.428,860.202,0,0
ABE_MV,D,20210713,000000,863.136,871.909,825.099,866.06,0,0
ABE_MV,D,20210714,000000,866.06,880.692,857.288,877.767,0,0
ABE_MV,D,20210715,000000,877.767,877.767,863.136,863.136,0,0
ABE_MV,D,20210716,000000,863.136,883.617,863.136,877.767,0,0
ABE_MV,D,20210719,000000,877.767,877.767,836.797,863.136,0,0
ABE_MV,D,20210720,000000,851.428,868.993,851.428,854.362,0,0
ABE_MV,D,20210721,000000,857.288,868.993,857.288,863.136,0,0
ABE_MV,D,20210722,000000,868.993,877.767,863.136,866.06,0,0
ABE_MV,D,20210723,000000,877.767,877.767,868.993,868.993,0,0
ABE_MV,D,20210726,000000,874.834,874.834,866.06,868.993,0,0
ABE_MV,D,20210727,000000,868.993,868.993,863.136,866.06,0,0
ABE_MV,D,20210728,000000,860.202,863.136,860.202,863.136,0,0
ABE_MV,D,20210729,000000,863.136,877.767,863.136,871.909,0,0
ABE_MV,D,20210730,000000,871.909,871.909,854.362,854.362,0,0
ABE_MV,D,20210802,000000,863.136,877.767,863.136,871.909,0,0
ABE_MV,D,20210803,000000,877.767,947.979,877.767,907.022,0,0
ABE_MV,D,20210804,000000,909.946,942.126,909.946,921.654,0,0
ABE_MV,D,20210805,000000,945.06,945.06,921.654,927.513,0,0
ABE_MV,D,20210806,000000,924.579,936.286,915.805,921.654,0,0
ABE_MV,D,20210809,000000,915.805,968.464,915.805,968.464,0,0
ABE_MV,D,20210810,000000,965.542,980.178,936.286,950.921,0,0
ABE_MV,D,20210811,000000,953.834,953.834,918.72,921.654,0,0
ABE_MV,D,20210812,000000,930.427,962.62,927.513,962.62,0,0
ABE_MV,D,20210813,000000,965.542,965.542,950.921,950.921,0,0
ABE_MV,D,20210816,000000,983.097,983.097,950.921,950.921,0,0
ABE_MV,D,20210817,000000,942.126,947.979,936.286,936.286,0,0
ABE_MV,D,20210818,000000,942.126,942.126,889.466,907.022,0,0
ABE_MV,D,20210819,000000,907.022,915.805,892.4,915.805,0,0
ABE_MV,D,20210820,000000,907.022,939.211,904.098,939.211,0,0
ABE_MV,D,20210823,000000,939.211,942.126,924.579,924.579,0,0
ABE_MV,D,20210824,000000,939.211,939.211,921.654,930.427,0,0
ABE_MV,D,20210825,000000,933.353,936.286,921.654,930.427,0,0
ABE_MV,D,20210826,000000,930.427,930.427,912.881,921.654,0,0
ABE_MV,D,20210827,000000,907.022,921.654,901.174,909.946,0,0
ABE_MV,D,20210830,000000,892.4,892.4,854.362,877.767,0,0
ABE_MV,D,20210831,000000,889.466,904.098,877.767,904.098,0,0
ABE_MV,D,20210901,000000,892.4,930.427,892.4,918.72,0,0
ABE_MV,D,20210902,000000,904.098,915.805,892.4,912.881,0,0
ABE_MV,D,20210903,000000,907.022,912.881,871.909,874.834,0,0
ABE_MV,D,20210906,000000,898.248,930.427,898.248,918.72,0,0
ABE_MV,D,20210907,000000,936.286,936.286,892.4,904.098,0,0
ABE_MV,D,20210908,000000,898.248,898.248,892.4,898.248,0,0
ABE_MV,D,20210909,000000,898.248,901.174,889.466,895.315,0,0
ABE_MV,D,20210910,000000,892.4,895.315,880.692,892.4,0,0
ABE_MV,D,20210913,000000,892.4,892.4,854.362,857.288,0,0
ABE_MV,D,20210914,000000,854.362,860.202,828.023,830.956,0,0
ABE_MV,D,20210915,000000,828.023,863.136,810.475,848.504,0,0
ABE_MV,D,20210916,000000,848.504,863.136,848.504,854.362,0,0
ABE_MV,D,20210917,000000,860.202,860.202,842.654,845.589,0,0
ABE_MV,D,20210920,000000,833.881,845.589,798.768,804.617,0,0
ABE_MV,D,20210921,000000,801.692,828.023,801.692,828.023,0,0
ABE_MV,D,20210922,000000,819.25,848.504,813.391,848.504,0,0
ABE_MV,D,20210923,000000,851.428,851.428,822.173,828.023,0,0
ABE_MV,D,20210924,000000,828.023,842.654,807.542,810.475,0,0
ABE_MV,D,20210927,000000,813.391,830.956,804.617,830.956,0,0
ABE_MV,D,20210928,000000,833.881,848.504,828.023,833.881,0,0
ABE_MV,D,20210929,000000,833.881,833.881,807.542,816.325,0,0
ABE_MV,D,20210930,000000,825.099,825.099,810.475,819.25,0,0
ABE_MV,D,20211001,000000,807.542,828.023,798.768,828.023,0,0
ABE_MV,D,20211004,000000,828.023,830.956,816.325,822.173,0,0
ABE_MV,D,20211005,000000,822.173,825.099,813.391,819.25,0,0
ABE_MV,D,20211006,000000,813.391,816.325,795.844,816.325,0,0
ABE_MV,D,20211007,000000,825.099,839.73,810.475,839.73,0,0
ABE_MV,D,20211008,000000,836.797,839.73,825.099,836.797,0,0
ABE_MV,D,20211011,000000,842.654,845.589,833.881,845.589,0,0
ABE_MV,D,20211012,000000,845.589,845.589,828.023,839.73,0,0
ABE_MV,D,20211013,000000,833.881,836.797,828.023,833.881,0,0
ABE_MV,D,20211014,000000,842.654,845.589,833.881,845.589,0,0
ABE_MV,D,20211015,000000,839.73,854.362,839.73,839.73,0,0
ABE_MV,D,20211018,000000,839.73,842.654,836.797,842.654,0,0
ABE_MV,D,20211019,000000,836.797,874.834,833.881,868.993,0,0
ABE_MV,D,20211020,000000,868.993,868.993,860.202,863.136,0,0
ABE_MV,D,20211021,000000,863.136,874.834,857.288,860.202,0,0
ABE_MV,D,20211022,000000,860.202,874.834,857.288,860.202,0,0
ABE_MV,D,20211025,000000,857.288,857.288,833.881,836.797,0,0
ABE_MV,D,20211026,000000,836.797,842.654,833.881,842.654,0,0
ABE_MV,D,20211027,000000,833.881,842.654,833.881,839.73,0,0
ABE_MV,D,20211028,000000,833.881,848.504,830.956,833.881,0,0
ABE_MV,D,20211029,000000,833.881,851.428,833.881,833.881,0,0
ABE_MV,D,20211102,000000,842.654,848.504,833.881,842.654,0,0
ABE_MV,D,20211103,000000,842.654,842.654,833.881,836.797,0,0
ABE_MV,D,20211104,000000,836.797,842.654,830.956,836.797,0,0
ABE_MV,D,20211105,000000,836.797,842.654,830.956,833.881,0,0
ABE_MV,D,20211108,000000,830.956,839.73,830.956,830.956,0,0
ABE_MV,D,20211109,000000,830.956,851.428,828.023,851.428,0,0
ABE_MV,D,20211110,000000,848.504,851.428,807.542,813.391,0,0
ABE_MV,D,20211112,000000,813.391,813.391,804.617,810.475,0,0
ABE_MV,D,20211115,000000,804.617,813.391,804.617,810.475,0,0
ABE_MV,D,20211116,000000,804.617,813.391,804.617,810.475,0,0
ABE_MV,D,20211117,000000,810.475,833.881,804.617,828.023,0,0
ABE_MV,D,20211118,000000,813.391,828.023,807.542,810.475,0,0
ABE_MV,D,20211119,000000,810.475,816.325,795.844,798.768,0,0
ABE_MV,D,20211122,000000,795.844,795.844,757.806,766.579,0,0
ABE_MV,D,20211123,000000,775.363,789.986,746.098,749.032,0,0
ABE_MV,D,20211124,000000,757.806,769.505,746.098,751.948,0,0
ABE_MV,D,20211125,000000,751.948,751.948,728.542,731.467,0,0
ABE_MV,D,20211126,000000,731.467,731.467,686.122,686.122,0,0
ABE_MV,D,20211129,000000,681.731,681.731,667.108,668.566,0,0
ABE_MV,D,20211130,000000,667.108,672.949,661.251,668.566,0,0
ABE_MV,D,20211201,000000,668.566,683.189,659.783,683.189,0,0
ABE_MV,D,20211202,000000,675.882,691.972,664.175,687.58,0,0
ABE_MV,D,20211203,000000,700.755,724.159,700.755,710.986,0,0
ABE_MV,D,20211206,000000,700.755,719.769,700.755,716.835,0,0
ABE_MV,D,20211207,000000,730.286,761.643,730.286,749.697,0,0
ABE_MV,D,20211208,000000,749.697,767.613,749.697,764.633,0,0
ABE_MV,D,20211209,000000,770.602,812.422,770.602,791.517,0,0
ABE_MV,D,20211210,000000,800.475,800.475,776.58,788.528,0,0
ABE_MV,D,20211213,000000,791.517,803.464,788.528,794.497,0,0
ABE_MV,D,20211214,000000,797.485,800.475,794.497,794.497,0,0
ABE_MV,D,20211215,000000,797.485,797.485,767.613,782.549,0,0
ABE_MV,D,20211216,000000,782.549,791.517,770.602,776.58,0,0
ABE_MV,D,20211217,000000,770.602,785.539,755.666,764.633,0,0
ABE_MV,D,20211220,000000,761.643,761.643,718.339,724.308,0,0
ABE_MV,D,20211221,000000,724.308,739.245,721.319,739.245,0,0
ABE_MV,D,20211222,000000,743.719,776.58,743.719,767.613,0,0
ABE_MV,D,20211223,000000,773.592,776.58,767.613,767.613,0,0
ABE_MV,D,20211227,000000,773.592,773.592,727.297,728.791,0,0
ABE_MV,D,20211228,000000,733.265,785.539,733.265,776.58,0,0
ABE_MV,D,20211229,000000,776.58,776.58,764.633,776.58,0,0
ABE_MV,D,20211230,000000,776.58,818.391,767.613,806.444,0,0
ABE_MV,D,20220103,000000,818.391,818.391,800.475,806.444,0,0
ABE_MV,D,20220104,000000,806.444,806.444,794.497,803.464,0,0
ABE_MV,D,20220105,000000,806.444,806.444,767.613,782.549,0,0
ABE_MV,D,20220107,000000,791.517,791.517,776.58,776.58,0,0
ABE_MV,D,20220110,000000,773.592,788.528,773.592,788.528,0,0
ABE_MV,D,20220111,000000,788.528,791.517,785.539,785.539,0,0
ABE_MV,D,20220112,000000,791.517,794.497,785.539,785.539,0,0
ABE_MV,D,20220113,000000,794.497,800.475,788.528,800.475,0,0
ABE_MV,D,20220114,000000,794.497,803.464,788.528,788.528,0,0
ABE_MV,D,20220117,000000,791.517,806.444,788.528,800.475,0,0
ABE_MV,D,20220118,000000,800.475,803.464,788.528,788.528,0,0
ABE_MV,D,20220119,000000,788.528,806.444,785.539,794.497,0,0
ABE_MV,D,20220120,000000,785.539,806.444,785.539,797.485,0,0
ABE_MV,D,20220121,000000,785.539,785.539,755.666,764.633,0,0
ABE_MV,D,20220124,000000,761.643,761.643,701.907,701.907,0,0
ABE_MV,D,20220125,000000,689.961,724.308,689.961,703.403,0,0
ABE_MV,D,20220126,000000,712.361,755.666,712.361,737.749,0,0
ABE_MV,D,20220127,000000,752.686,761.643,731.771,761.643,0,0
ABE_MV,D,20220128,000000,761.643,764.633,724.308,725.803,0,0
ABE_MV,D,20220131,000000,725.803,746.707,725.803,746.707,0,0
ABE_MV,D,20220201,000000,761.643,761.643,736.255,739.245,0,0
ABE_MV,D,20220202,000000,742.234,752.686,724.308,745.214,0,0
ABE_MV,D,20220203,000000,761.643,761.643,725.803,727.297,0,0
ABE_MV,D,20220204,000000,736.255,739.245,725.803,725.803,0,0
ABE_MV,D,20220207,000000,724.308,731.771,704.897,713.855,0,0
ABE_MV,D,20220208,000000,716.844,728.791,716.844,716.844,0,0
ABE_MV,D,20220209,000000,716.844,718.339,712.361,712.361,0,0
ABE_MV,D,20220210,000000,716.844,722.813,715.349,715.349,0,0
ABE_MV,D,20220211,000000,709.371,721.319,709.371,716.844,0,0
ABE_MV,D,20220214,000000,715.349,715.349,673.529,698.918,0,0
ABE_MV,D,20220215,000000,689.961,724.308,689.961,722.813,0,0
ABE_MV,D,20220216,000000,719.823,731.771,718.339,718.339,0,0
ABE_MV,D,20220217,000000,725.803,725.803,713.855,718.339,0,0
ABE_MV,D,20220218,000000,713.855,743.719,706.391,740.739,0,0
ABE_MV,D,20220221,000000,731.771,734.761,718.339,725.803,0,0
ABE_MV,D,20220222,000000,709.371,722.813,704.897,709.371,0,0
ABE_MV,D,20220223,000000,706.391,719.823,706.391,707.877,0,0
ABE_MV,D,20220224,000000,672.035,672.035,621.266,642.171,0,0
ABE_MV,D,20220225,000000,642.171,683.982,627.235,649.635,0,0
ABE_MV,D,20220228,000000,633.213,657.108,616.783,657.108,0,0
ABE_MV,D,20220301,000000,663.077,673.529,654.119,673.529,0,0
ABE_MV,D,20220302,000000,697.425,715.349,666.066,675.025,0,0
ABE_MV,D,20220303,000000,666.066,683.982,660.087,679.509,0,0
ABE_MV,D,20220304,000000,672.035,698.918,669.055,669.055,0,0
ABE_MV,D,20220307,000000,657.108,657.108,627.235,642.171,0,0
ABE_MV,D,20220308,000000,630.225,657.108,630.225,657.108,0,0
ABE_MV,D,20220309,000000,654.119,698.918,654.119,679.509,0,0
ABE_MV,D,20220310,000000,697.425,712.361,691.455,701.907,0,0
ABE_MV,D,20220311,000000,707.877,709.371,679.509,695.93,0,0
ABE_MV,D,20220314,000000,679.509,701.907,666.066,682.497,0,0
ABE_MV,D,20220315,000000,667.56,679.509,664.572,664.572,0,0
ABE_MV,D,20220316,000000,661.583,686.971,661.583,667.56,0,0
ABE_MV,D,20220317,000000,660.087,676.519,660.087,664.572,0,0
ABE_MV,D,20220318,000000,657.108,676.519,649.635,654.119,0,0
ABE_MV,D,20220321,000000,655.613,675.025,654.119,672.035,0,0
ABE_MV,D,20220322,000000,672.035,672.035,666.066,667.56,0,0
ABE_MV,D,20220323,000000,667.56,667.56,657.108,666.066,0,0
ABE_MV,D,20220324,000000,666.066,672.035,658.603,672.035,0,0
ABE_MV,D,20220325,000000,672.035,672.035,666.066,670.55,0,0
ABE_MV,D,20220328,000000,666.066,676.519,664.572,670.55,0,0
ABE_MV,D,20220329,000000,672.035,701.907,666.066,672.035,0,0
ABE_MV,D,20220330,000000,683.982,706.391,681.002,706.391,0,0
ABE_MV,D,20220331,000000,706.391,728.791,701.907,721.319,0,0
ABE_MV,D,20220401,000000,724.308,743.719,710.866,710.866,0,0
ABE_MV,D,20220404,000000,725.803,734.761,721.319,734.761,0,0
ABE_MV,D,20220405,000000,736.255,739.245,731.771,734.761,0,0
ABE_MV,D,20220406,000000,734.761,736.255,718.339,718.339,0,0
ABE_MV,D,20220407,000000,710.866,730.286,710.866,728.791,0,0
ABE_MV,D,20220408,000000,730.286,730.286,716.844,716.844,0,0
ABE_MV,D,20220411,000000,716.844,716.844,703.403,707.877,0,0
ABE_MV,D,20220412,000000,709.371,709.371,695.93,698.918,0,0
ABE_MV,D,20220413,000000,698.918,703.403,698.918,703.403,0,0
ABE_MV,D,20220414,000000,707.877,707.877,704.897,704.897,0,0
ABE_MV,D,20220419,000000,701.907,701.907,688.466,689.214,0,0
ABE_MV,D,20220420,000000,689.214,716.096,689.214,715.349,0,0
ABE_MV,D,20220421,000000,715.349,722.813,715.349,722.813,0,0
ABE_MV,D,20220422,000000,722.813,722.813,701.16,719.823,0,0
ABE_MV,D,20220425,000000,686.971,698.918,686.971,692.202,0,0
ABE_MV,D,20220426,000000,696.677,712.361,695.93,701.907,0,0
ABE_MV,D,20220427,000000,709.371,709.371,689.961,689.961,0,0
ABE_MV,D,20220428,000000,691.455,698.918,686.971,686.971,0,0
ABE_MV,D,20220429,000000,707.877,707.877,686.971,691.455,0,0
ABE_MV,D,20220502,000000,682.497,691.455,664.572,675.025,0,0
ABE_MV,D,20220504,000000,672.035,689.961,664.572,686.971,0,0
ABE_MV,D,20220505,000000,689.961,702.655,689.961,702.655,0,0
ABE_MV,D,20220506,000000,686.971,692.95,686.971,686.971,0,0
ABE_MV,D,20220509,000000,686.971,701.907,686.971,687.718,0,0
ABE_MV,D,20220510,000000,686.971,691.455,686.971,687.718,0,0
ABE_MV,D,20220511,000000,686.971,687.718,676.519,686.971,0,0
ABE_MV,D,20220512,000000,686.971,689.214,672.035,689.214,0,0
ABE_MV,D,20220513,000000,701.907,701.907,679.509,700.413,0,0
ABE_MV,D,20220516,000000,701.907,701.907,688.466,701.907,0,0
ABE_MV,D,20220517,000000,689.961,701.16,686.971,686.971,0,0
ABE_MV,D,20220518,000000,686.971,698.918,686.971,698.918,0,0
ABE_MV,D,20220519,000000,683.982,686.971,666.066,675.025,0,0
ABE_MV,D,20220520,000000,675.025,707.13,675.025,701.907,0,0
ABE_MV,D,20220523,000000,702.655,710.866,702.655,710.866,0,0
ABE_MV,D,20220524,000000,710.866,719.823,710.866,719.823,0,0
ABE_MV,D,20220525,000000,709.371,720.572,701.907,701.907,0,0
ABE_MV,D,20220526,000000,698.171,713.108,693.698,710.119,0,0
ABE_MV,D,20220527,000000,708.624,708.624,700.413,704.897,0,0
ABE_MV,D,20220530,000000,712.361,721.319,705.644,719.823,0,0
ABE_MV,D,20220531,000000,710.119,734.761,710.119,727.297,0,0
ABE_MV,D,20220601,000000,735.508,735.508,727.297,728.791,0,0
ABE_MV,D,20220602,000000,731.771,731.771,727.297,727.297,0,0
ABE_MV,D,20220603,000000,731.771,731.771,725.803,731.771,0,0
ABE_MV,D,20220606,000000,730.286,730.286,725.803,725.803,0,0
ABE_MV,D,20220607,000000,725.803,728.791,712.361,728.791,0,0
ABE_MV,D,20220608,000000,710.866,714.602,710.866,714.602,0,0
ABE_MV,D,20220609,000000,716.844,716.844,710.119,710.119,0,0
ABE_MV,D,20220610,000000,710.866,712.361,704.897,712.361,0,0
ABE_MV,D,20220613,000000,709.371,709.371,679.509,692.95,0,0
ABE_MV,D,20220614,000000,692.95,704.897,672.035,672.035,0,0
ABE_MV,D,20220615,000000,667.56,686.971,667.56,686.971,0,0
ABE_MV,D,20220617,000000,667.56,683.982,667.56,678.013,0,0
ABE_MV,D,20220620,000000,675.025,675.025,664.572,664.572,0,0
ABE_MV,D,20220621,000000,672.035,686.971,672.035,678.013,0,0
ABE_MV,D,20220622,000000,678.013,694.445,667.56,694.445,0,0
ABE_MV,D,20220623,000000,694.445,694.445,679.509,686.971,0,0
ABE_MV,D,20220624,000000,694.445,694.445,672.035,684.729,0,0
ABE_MV,D,20220627,000000,684.729,695.182,678.761,695.182,0,0
ABE_MV,D,20220628,000000,694.445,694.445,683.982,691.455,0,0
ABE_MV,D,20220629,000000,691.455,692.202,686.971,692.202,0,0
ABE_MV,D,20220630,000000,691.455,692.202,686.971,686.971,0,0
ABE_MV,D,20220701,000000,686.971,695.93,686.971,695.93,0,0
ABE_MV,D,20220704,000000,689.214,689.214,681.749,681.749,0,0
ABE_MV,D,20220705,000000,686.971,686.971,679.509,679.509,0,0
ABE_MV,D,20220706,000000,686.971,686.971,652.624,652.624,0,0
ABE_MV,D,20220707,000000,653.371,663.077,652.624,657.108,0,0
ABE_MV,D,20220708,000000,651.129,652.624,651.129,651.129,0,0
ABE_MV,D,20220711,000000,652.624,659.34,650.382,657.108,0,0
ABE_MV,D,20220712,000000,652.624,656.361,652.624,656.361,0,0
ABE_MV,D,20220713,000000,656.361,656.361,619.772,625.741,0,0
ABE_MV,D,20220714,000000,625.741,635.445,564.51,568.993,0,0
ABE_MV,D,20220715,000000,574.962,580.941,568.246,576.457,0,0
ABE_MV,D,20220718,000000,580.194,582.435,576.457,576.457,0,0
ABE_MV,D,20220719,000000,588.404,592.141,568.993,568.993,0,0
ABE_MV,D,20220720,000000,570.488,577.952,568.246,568.246,0,0
ABE_MV,D,20220721,000000,560.036,568.246,558.54,563.763,0,0
ABE_MV,D,20220722,000000,563.015,577.952,558.54,577.952,0,0
ABE_MV,D,20220725,000000,579.446,586.171,567.499,567.499,0,0
ABE_MV,D,20220726,000000,563.015,571.235,552.563,557.793,0,0
ABE_MV,D,20220727,000000,557.793,562.268,548.088,552.563,0,0
ABE_MV,D,20220728,000000,557.793,558.54,552.563,552.563,0,0
ABE_MV,D,20220729,000000,552.563,560.036,552.563,555.552,0,0
ABE_MV,D,20220801,000000,555.552,570.488,555.552,570.488,0,0
ABE_MV,D,20220802,000000,576.457,593.635,576.457,587.657,0,0
ABE_MV,D,20220803,000000,586.91,600.351,583.183,599.604,0,0
ABE_MV,D,20220804,000000,599.604,599.604,591.393,596.625,0,0
ABE_MV,D,20220805,000000,596.625,601.846,594.383,601.846,0,0
ABE_MV,D,20220808,000000,602.593,603.34,595.877,596.625,0,0
ABE_MV,D,20220809,000000,595.877,601.846,595.13,595.13,0,0
ABE_MV,D,20220810,000000,597.372,597.372,576.457,585.424,0,0
ABE_MV,D,20220811,000000,587.657,604.087,586.171,592.888,0,0
ABE_MV,D,20220812,000000,600.351,604.087,592.888,602.593,0,0
ABE_MV,D,20220816,000000,603.34,603.34,594.383,597.372,0,0
ABE_MV,D,20220817,000000,602.593,602.593,583.93,592.888,0,0
ABE_MV,D,20220818,000000,592.141,597.372,585.424,595.13,0,0
ABE_MV,D,20220819,000000,595.13,595.13,595.13,595.13,0,0
ABE_MV,D,20220822,000000,597.372,597.372,576.457,582.435,0,0
ABE_MV,D,20220823,000000,598.857,601.1,582.435,597.372,0,0
ABE_MV,D,20220824,000000,597.372,597.372,596.625,596.625,0,0
ABE_MV,D,20220825,000000,597.372,597.372,585.424,591.393,0,0
ABE_MV,D,20220826,000000,591.393,591.393,576.457,576.457,0,0
ABE_MV,D,20220829,000000,574.962,574.962,562.268,562.268,0,0
ABE_MV,D,20220830,000000,562.268,574.962,561.53,561.53,0,0
ABE_MV,D,20220831,000000,550.321,551.816,538.374,540.615,0,0
ABE_MV,D,20220901,000000,552.563,552.563,538.374,548.088,0,0
ABE_MV,D,20220902,000000,541.363,543.604,537.635,543.604,0,0
ABE_MV,D,20220905,000000,537.635,540.615,535.394,540.615,0,0
ABE_MV,D,20220906,000000,537.635,546.594,530.91,530.91,0,0
ABE_MV,D,20220907,000000,530.91,536.888,529.415,533.899,0,0
ABE_MV,D,20220908,000000,540.615,543.604,515.226,518.963,0,0
ABE_MV,D,20220909,000000,522.698,541.363,521.951,541.363,0,0
ABE_MV,D,20220912,000000,541.363,564.51,541.363,559.288,0,0
ABE_MV,D,20220913,000000,563.015,563.015,557.793,559.288,0,0
ABE_MV,D,20220914,000000,549.583,550.321,549.583,549.583,0,0
ABE_MV,D,20220915,000000,552.563,561.53,549.583,561.53,0,0
ABE_MV,D,20220916,000000,557.046,565.257,553.31,561.53,0,0
ABE_MV,D,20220919,000000,558.54,575.709,557.046,575.709,0,0
ABE_MV,D,20220920,000000,575.709,577.952,568.246,577.952,0,0
ABE_MV,D,20220921,000000,577.952,597.372,566.005,595.877,0,0
ABE_MV,D,20220922,000000,595.877,595.877,589.898,593.635,0,0
ABE_MV,D,20220923,000000,593.635,593.635,579.446,583.183,0,0
ABE_MV,D,20220926,000000,576.457,581.688,567.499,567.499,0,0
ABE_MV,D,20220927,000000,568.993,584.677,568.993,577.952,0,0
ABE_MV,D,20220928,000000,582.435,593.635,561.53,561.53,0,0
ABE_MV,D,20220929,000000,560.036,560.036,537.635,537.635,0,0
ABE_MV,D,20220930,000000,545.099,574.215,545.099,567.499,0,0
ABE_MV,D,20221003,000000,578.699,578.699,557.046,560.783,0,0
ABE_MV,D,20221004,000000,567.499,567.499,561.53,561.53,0,0
ABE_MV,D,20221005,000000,561.53,564.51,558.54,564.51,0,0
ABE_MV,D,20221006,000000,570.488,571.235,564.51,571.235,0,0
ABE_MV,D,20221007,000000,571.235,573.477,566.005,573.477,0,0
ABE_MV,D,20221010,000000,572.729,585.424,572.729,582.435,0,0
ABE_MV,D,20221011,000000,582.435,595.877,581.688,595.877,0,0
ABE_MV,D,20221012,000000,607.824,607.824,578.699,580.941,0,0
ABE_MV,D,20221013,000000,580.941,586.91,577.204,586.91,0,0
ABE_MV,D,20221014,000000,589.898,606.33,589.898,606.33,0,0
ABE_MV,D,20221017,000000,601.846,604.087,601.846,603.34,0,0
ABE_MV,D,20221018,000000,603.34,642.171,603.34,642.171,0,0
ABE_MV,D,20221019,000000,651.877,651.877,620.519,642.171,0,0
ABE_MV,D,20221020,000000,642.171,642.171,632.465,640.677,0,0
ABE_MV,D,20221021,000000,645.908,645.908,633.213,634.699,0,0
ABE_MV,D,20221024,000000,634.699,642.171,623.499,632.465,0,0
ABE_MV,D,20221025,000000,637.688,641.424,632.465,641.424,0,0
ABE_MV,D,20221026,000000,642.919,642.919,630.225,630.972,0,0
ABE_MV,D,20221027,000000,633.213,633.961,625.741,627.235,0,0
ABE_MV,D,20221028,000000,627.235,627.235,614.541,619.772,0,0
ABE_MV,D,20221031,000000,618.276,621.266,612.299,612.299,0,0
ABE_MV,D,20221102,000000,614.541,614.541,609.319,609.319,0,0
ABE_MV,D,20221103,000000,605.583,613.793,605.583,607.824,0,0
ABE_MV,D,20221104,000000,616.036,626.488,607.077,626.488,0,0
ABE_MV,D,20221107,000000,627.235,630.225,618.276,621.266,0,0
ABE_MV,D,20221108,000000,624.246,624.246,609.319,614.541,0,0
ABE_MV,D,20221109,000000,614.541,619.024,591.393,593.635,0,0
ABE_MV,D,20221110,000000,592.141,597.372,592.141,597.372,0,0
ABE_MV,D,20221114,000000,605.583,605.583,595.877,601.846,0,0
ABE_MV,D,20221115,000000,604.087,604.087,597.372,601.1,0,0
ABE_MV,D,20221116,000000,605.583,609.319,598.857,608.572,0,0
ABE_MV,D,20221117,000000,608.572,651.129,604.087,645.161,0,0
ABE_MV,D,20221118,000000,645.161,681.002,637.688,672.035,0,0
ABE_MV,D,20221121,000000,672.035,712.361,672.035,708.624,0,0
ABE_MV,D,20221122,000000,706.391,706.391,690.708,692.202,0,0
ABE_MV,D,20221123,000000,692.95,710.866,692.202,698.171,0,0
ABE_MV,D,20221124,000000,698.918,701.907,679.509,692.202,0,0
ABE_MV,D,20221125,000000,698.171,698.171,676.519,682.497,0,0
ABE_MV,D,20221128,000000,686.971,692.95,682.497,692.95,0,0
ABE_MV,D,20221129,000000,692.95,704.897,692.95,704.897,0,0
ABE_MV,D,20221130,000000,703.403,704.897,694.445,704.897,0,0
ABE_MV,D,20221201,000000,715.349,719.823,709.371,719.086,0,0
ABE_MV,D,20221202,000000,718.339,722.066,715.349,722.066,0,0
ABE_MV,D,20221205,000000,724.308,746.707,724.308,736.255,0,0
ABE_MV,D,20221206,000000,731.771,742.981,728.791,742.981,0,0
ABE_MV,D,20221207,000000,745.961,769.107,745.961,769.107,0,0
ABE_MV,D,20221208,000000,761.643,769.107,755.666,755.666,0,0
ABE_MV,D,20221209,000000,757.161,758.655,744.466,748.202,0,0
ABE_MV,D,20221212,000000,752.686,769.107,748.202,769.107,0,0
ABE_MV,D,20221213,000000,754.181,769.107,752.686,766.127,0,0
ABE_MV,D,20221214,000000,773.592,795.991,769.107,770.602,0,0
ABE_MV,D,20221215,000000,769.107,772.097,763.139,772.097,0,0
ABE_MV,D,20221216,000000,784.044,785.539,763.139,769.107,0,0
ABE_MV,D,20221219,000000,784.044,788.528,776.58,784.044,0,0
ABE_MV,D,20221220,000000,782.549,782.549,772.097,773.592,0,0
ABE_MV,D,20221221,000000,773.592,773.592,769.107,772.097,0,0
ABE_MV,D,20221222,000000,773.592,778.075,763.139,766.127,0,0
ABE_MV,D,20221223,000000,766.127,772.097,763.139,767.613,0,0
ABE_MV,D,20221227,000000,767.613,767.613,746.707,761.643,0,0
ABE_MV,D,20221228,000000,759.35,763.937,756.286,763.937,0,0
ABE_MV,D,20221229,000000,756.286,763.937,753.988,756.286,0,0
ABE_MV,D,20221230,000000,750.158,760.882,750.158,755.519,0,0
ABE_MV,D,20230102,000000,757.052,786.9,755.519,786.9,0,0
ABE_MV,D,20230103,000000,793.028,808.34,777.716,808.34,0,0
ABE_MV,D,20230104,000000,809.872,825.175,809.872,822.12,0,0
ABE_MV,D,20230105,000000,820.587,823.652,811.404,811.404,0,0
ABE_MV,D,20230109,000000,808.34,832.835,808.34,823.652,0,0
ABE_MV,D,20230110,000000,822.12,826.706,805.276,806.808,0,0
ABE_MV,D,20230111,000000,819.056,829.771,806.808,811.404,0,0
ABE_MV,D,20230112,000000,811.404,811.404,802.211,808.34,0,0
ABE_MV,D,20230113,000000,803.744,805.276,780.781,805.276,0,0
ABE_MV,D,20230116,000000,802.211,802.211,786.9,799.157,0,0
ABE_MV,D,20230117,000000,805.276,805.276,779.249,786.9,0,0
ABE_MV,D,20230118,000000,788.432,791.496,780.781,783.845,0,0
ABE_MV,D,20230119,000000,783.845,783.845,765.469,765.469,0,0
ABE_MV,D,20230120,000000,765.469,773.13,760.117,765.469,0,0
ABE_MV,D,20230123,000000,767.001,767.001,742.506,757.819,0,0
ABE_MV,D,20230124,000000,765.469,793.028,763.937,785.377,0,0
ABE_MV,D,20230125,000000,785.377,786.9,771.597,771.597,0,0
ABE_MV,D,20230126,000000,780.781,800.68,773.13,796.092,0,0
ABE_MV,D,20230127,000000,811.404,812.927,786.9,788.432,0,0
ABE_MV,D,20230130,000000,791.496,791.496,773.13,777.716,0,0
ABE_MV,D,20230131,000000,777.716,785.377,774.652,785.377,0,0
ABE_MV,D,20230201,000000,785.377,785.377,771.597,785.377,0,0
ABE_MV,D,20230202,000000,789.964,811.404,789.964,805.276,0,0
ABE_MV,D,20230203,000000,805.276,811.404,799.157,808.34,0,0
ABE_MV,D,20230206,000000,808.34,842.018,777.716,835.899,0,0
ABE_MV,D,20230207,000000,826.706,826.706,817.523,822.12,0,0
ABE_MV,D,20230208,000000,814.459,817.523,806.808,808.34,0,0
ABE_MV,D,20230209,000000,796.092,802.211,796.092,800.68,0,0
ABE_MV,D,20230210,000000,794.561,796.092,776.185,780.781,0,0
ABE_MV,D,20230213,000000,780.781,780.781,771.597,774.652,0,0
ABE_MV,D,20230214,000000,774.652,774.652,762.405,762.405,0,0
ABE_MV,D,20230215,000000,765.469,765.469,760.882,765.469,0,0
ABE_MV,D,20230216,000000,765.469,774.652,765.469,768.534,0,0
ABE_MV,D,20230217,000000,767.001,774.652,750.158,750.158,0,0
ABE_MV,D,20230220,000000,750.158,762.405,750.158,760.882,0,0
ABE_MV,D,20230221,000000,762.405,765.469,760.882,764.703,0,0
ABE_MV,D,20230222,000000,765.469,779.249,754.754,765.469,0,0
ABE_MV,D,20230223,000000,765.469,767.001,764.703,767.001,0,0
ABE_MV,D,20230224,000000,765.469,765.469,763.937,765.469,0,0
ABE_MV,D,20230227,000000,765.469,765.469,756.286,763.937,0,0
ABE_MV,D,20230228,000000,764.703,764.703,759.35,763.171,0,0
ABE_MV,D,20230301,000000,754.754,765.469,754.754,765.469,0,0
ABE_MV,D,20230302,000000,765.469,765.469,750.158,757.052,0,0
ABE_MV,D,20230303,000000,757.052,777.716,757.052,777.716,0,0
ABE_MV,D,20230306,000000,777.716,794.561,777.716,793.028,0,0
ABE_MV,D,20230307,000000,793.028,794.561,785.377,789.964,0,0
ABE_MV,D,20230308,000000,788.432,806.808,765.469,806.808,0,0
ABE_MV,D,20230309,000000,809.872,852.733,806.808,835.899,0,0
ABE_MV,D,20230310,000000,832.835,832.835,799.157,820.587,0,0
ABE_MV,D,20230313,000000,826.706,826.706,779.249,812.927,0,0
ABE_MV,D,20230314,000000,805.276,809.872,800.68,806.808,0,0
ABE_MV,D,20230315,000000,806.808,806.808,785.377,785.377,0,0
ABE_MV,D,20230316,000000,788.432,788.432,780.781,782.313,0,0
ABE_MV,D,20230317,000000,788.432,788.432,783.845,783.845,0,0
ABE_MV,D,20230320,000000,776.185,783.845,765.469,780.781,0,0
ABE_MV,D,20230321,000000,773.13,788.432,773.13,780.781,0,0
ABE_MV,D,20230322,000000,777.716,791.496,777.716,782.313,0,0
ABE_MV,D,20230323,000000,782.313,788.432,776.185,776.185,0,0
ABE_MV,D,20230324,000000,776.185,779.249,768.534,768.534,0,0
ABE_MV,D,20230327,000000,768.534,796.092,768.534,773.13,0,0
ABE_MV,D,20230328,000000,780.781,782.313,774.652,774.652,0,0
ABE_MV,D,20230329,000000,774.652,803.744,773.13,779.249,0,0
ABE_MV,D,20230330,000000,779.249,782.313,776.185,776.185,0,0
ABE_MV,D,20230331,000000,779.249,794.561,779.249,780.781,0,0
ABE_MV,D,20230403,000000,780.781,785.377,779.249,785.377,0,0
ABE_MV,D,20230404,000000,780.781,780.781,776.185,776.185,0,0
ABE_MV,D,20230405,000000,777.716,780.781,774.652,774.652,0,0
ABE_MV,D,20230406,000000,780.781,780.781,774.652,774.652,0,0
ABE_MV,D,20230411,000000,776.185,786.9,774.652,785.377,0,0
ABE_MV,D,20230412,000000,780.781,780.781,776.185,776.185,0,0
ABE_MV,D,20230413,000000,776.185,788.432,776.185,785.377,0,0
ABE_MV,D,20230414,000000,785.377,785.377,776.185,777.716,0,0
ABE_MV,D,20230417,000000,780.781,802.211,777.716,797.625,0,0
ABE_MV,D,20230418,000000,799.157,811.404,786.9,786.9,0,0
ABE_MV,D,20230419,000000,786.9,794.561,776.185,783.845,0,0
ABE_MV,D,20230420,000000,780.781,783.845,777.716,780.781,0,0
ABE_MV,D,20230421,000000,780.781,780.781,765.469,771.597,0,0
ABE_MV,D,20230424,000000,771.597,774.652,759.35,759.35,0,0
ABE_MV,D,20230425,000000,765.469,777.716,759.35,768.534,0,0
ABE_MV,D,20230426,000000,768.534,777.716,765.469,765.469,0,0
ABE_MV,D,20230427,000000,765.469,765.469,750.158,759.35,0,0
ABE_MV,D,20230428,000000,757.819,780.781,754.754,774.652,0,0
ABE_MV,D,20230502,000000,774.652,786.9,765.469,774.652,0,0
ABE_MV,D,20230504,000000,774.652,777.716,750.158,765.469,0,0
ABE_MV,D,20230505,000000,780.781,780.781,765.469,777.716,0,0
ABE_MV,D,20230508,000000,780.781,780.781,763.937,763.937,0,0
ABE_MV,D,20230509,000000,762.405,768.534,734.855,736.387,0,0
ABE_MV,D,20230510,000000,736.387,740.974,718.011,727.195,0,0
ABE_MV,D,20230511,000000,731.791,731.791,711.893,722.608,0,0
ABE_MV,D,20230512,000000,722.608,722.608,708.829,708.829,0,0
ABE_MV,D,20230515,000000,711.893,718.011,701.168,701.168,0,0
ABE_MV,D,20230516,000000,711.893,721.076,707.296,707.296,0,0
ABE_MV,D,20230517,000000,718.011,718.011,704.232,704.232,0,0
ABE_MV,D,20230518,000000,704.232,716.479,704.232,716.479,0,0
ABE_MV,D,20230519,000000,719.544,719.544,704.232,707.296,0,0
ABE_MV,D,20230522,000000,710.36,722.608,704.232,707.296,0,0
ABE_MV,D,20230523,000000,710.36,719.544,710.36,719.544,0,0
ABE_MV,D,20230524,000000,725.663,731.791,718.011,731.791,0,0
ABE_MV,D,20230525,000000,731.791,750.158,727.195,739.443,0,0
ABE_MV,D,20230526,000000,747.103,765.469,742.506,753.221,0,0
ABE_MV,D,20230529,000000,760.882,774.652,742.506,771.597,0,0
ABE_MV,D,20230530,000000,777.716,783.845,750.158,759.35,0,0
ABE_MV,D,20230531,000000,759.35,762.405,734.855,734.855,0,0
ABE_MV,D,20230601,000000,744.039,756.286,739.443,739.443,0,0
ABE_MV,D,20230602,000000,742.506,774.652,742.506,760.882,0,0
ABE_MV,D,20230605,000000,768.534,796.092,754.754,783.845,0,0
ABE_MV,D,20230606,000000,780.781,811.404,780.781,802.211,0,0
ABE_MV,D,20230607,000000,799.157,826.706,793.028,817.523,0,0
ABE_MV,D,20230609,000000,817.523,832.835,817.523,832.835,0,0
ABE_MV,D,20230612,000000,829.771,832.835,808.34,814.459,0,0
ABE_MV,D,20230613,000000,811.404,823.652,811.404,814.459,0,0
ABE_MV,D,20230614,000000,817.523,820.587,811.404,814.459,0,0
ABE_MV,D,20230615,000000,811.404,820.587,811.404,817.523,0,0
ABE_MV,D,20230616,000000,817.523,842.018,817.523,838.953,0,0
ABE_MV,D,20230619,000000,842.018,909.384,838.953,887.943,0,0
ABE_MV,D,20230620,000000,887.943,897.137,881.824,887.943,0,0
ABE_MV,D,20230621,000000,887.943,915.503,887.943,912.438,0,0
ABE_MV,D,20230622,000000,906.319,915.503,906.319,915.503,0,0
ABE_MV,D,20230623,000000,915.503,915.503,906.319,915.503,0,0
ABE_MV,D,20230626,000000,915.503,915.503,903.255,915.503,0,0
ABE_MV,D,20230627,000000,915.503,918.567,903.255,912.438,0,0
ABE_MV,D,20230628,000000,912.438,924.685,903.255,918.567,0,0
ABE_MV,D,20230629,000000,918.567,936.933,915.503,927.75,0,0
ABE_MV,D,20230630,000000,933.879,958.374,930.814,958.374,0,0
ABE_MV,D,20230703,000000,970.623,976.744,949.18,973.678,0,0
ABE_MV,D,20230704,000000,973.678,976.744,964.493,973.678,0,0
ABE_MV,D,20230705,000000,970.623,973.678,964.493,970.623,0,0
ABE_MV,D,20230706,000000,964.493,964.493,912.438,933.879,0,0
ABE_MV,D,20230707,000000,933.879,949.18,927.75,933.879,0,0
ABE_MV,D,20230710,000000,933.879,946.126,927.75,933.879,0,0
ABE_MV,D,20230711,000000,933.879,943.062,924.685,924.685,0,0
ABE_MV,D,20230712,000000,924.685,967.556,918.567,924.685,0,0
ABE_MV,D,20230713,000000,927.75,933.879,927.75,930.814,0,0
ABE_MV,D,20230714,000000,939.998,952.245,891.008,900.191,0,0
ABE_MV,D,20230717,000000,900.191,930.814,894.072,921.631,0,0
ABE_MV,D,20230718,000000,927.75,949.18,912.438,946.126,0,0
ABE_MV,D,20230719,000000,946.126,946.126,924.685,939.998,0,0
ABE_MV,D,20230720,000000,933.879,936.933,921.631,921.631,0,0
ABE_MV,D,20230721,000000,924.685,933.879,915.503,933.879,0,0
ABE_MV,D,20230724,000000,924.685,943.062,921.631,921.631,0,0
ABE_MV,D,20230725,000000,921.631,921.631,909.384,912.438,0,0
ABE_MV,D,20230726,000000,912.438,912.438,891.008,894.072,0,0
ABE_MV,D,20230727,000000,894.072,903.255,891.008,900.191,0,0
ABE_MV,D,20230728,000000,894.072,906.319,894.072,906.319,0,0
ABE_MV,D,20230731,000000,903.255,903.255,878.761,884.889,0,0
ABE_MV,D,20230801,000000,881.824,887.943,869.577,872.642,0,0
ABE_MV,D,20230802,000000,866.513,866.513,829.771,829.771,0,0
ABE_MV,D,20230803,000000,826.706,838.953,826.706,835.899,0,0
ABE_MV,D,20230804,000000,887.943,887.943,857.329,860.394,0,0
ABE_MV,D,20230807,000000,866.513,897.137,866.513,887.943,0,0
ABE_MV,D,20230808,000000,894.072,933.879,894.072,915.503,0,0
ABE_MV,D,20230809,000000,921.631,927.75,903.255,915.503,0,0
ABE_MV,D,20230810,000000,921.631,921.631,909.384,912.438,0,0
ABE_MV,D,20230811,000000,921.631,921.631,909.384,912.438,0,0
ABE_MV,D,20230814,000000,918.567,930.814,909.384,909.384,0,0
ABE_MV,D,20230816,000000,915.503,915.503,860.394,872.642,0,0
ABE_MV,D,20230817,000000,875.696,946.126,875.696,918.567,0,0
ABE_MV,D,20230818,000000,930.814,936.933,906.319,918.567,0,0
ABE_MV,D,20230821,000000,918.567,927.75,906.319,906.319,0,0
ABE_MV,D,20230822,000000,918.567,918.567,909.384,915.503,0,0
ABE_MV,D,20230823,000000,918.567,979.799,909.384,973.649,0,0
ABE_MV,D,20230824,000000,992.09,995.117,946.126,967.594,0,0
ABE_MV,D,20230825,000000,949.152,979.799,949.152,970.623,0,0
ABE_MV,D,20230828,000000,967.594,992.09,967.594,976.773,0,0
ABE_MV,D,20230829,000000,979.799,982.816,976.773,976.773,0,0
ABE_MV,D,20230830,000000,985.94,988.966,976.773,985.94,0,0
ABE_MV,D,20230831,000000,985.94,1016.58,985.94,998.143,0,0
ABE_MV,D,20230901,000000,995.117,1047.13,995.117,1025.76,0,0
ABE_MV,D,20230904,000000,1037.95,1050.25,1028.79,1037.95,0,0
ABE_MV,D,20230905,000000,1037.95,1037.95,1022.64,1028.79,0,0
ABE_MV,D,20230906,000000,1028.79,1028.79,1001.27,1025.76,0,0
ABE_MV,D,20230907,000000,1025.76,1025.76,995.117,1010.43,0,0
ABE_MV,D,20230908,000000,998.143,1034.93,992.09,1028.79,0,0
ABE_MV,D,20230911,000000,1028.79,1047.13,1028.79,1041.08,0,0
ABE_MV,D,20230912,000000,1041.08,1056.31,1028.79,1041.08,0,0
ABE_MV,D,20230913,000000,1041.08,1062.45,1028.79,1053.28,0,0
ABE_MV,D,20230914,000000,1056.31,1068.6,1034.93,1037.95,0,0
ABE_MV,D,20230915,000000,1031.81,1034.93,1007.32,1019.61,0,0
ABE_MV,D,20230918,000000,1019.61,1034.93,1016.58,1016.58,0,0
ABE_MV,D,20230919,000000,1022.64,1028.79,1013.46,1025.76,0,0
ABE_MV,D,20230920,000000,1025.76,1025.76,1019.61,1019.61,0,0
ABE_MV,D,20230921,000000,1019.61,1025.76,1013.46,1025.76,0,0
ABE_MV,D,20230922,000000,1025.76,1050.25,1022.64,1044.1,0,0
ABE_MV,D,20230925,000000,1056.31,1056.31,1037.95,1044.1,0,0
ABE_MV,D,20230926,000000,1041.08,1047.13,1019.61,1019.61,0,0
ABE_MV,D,20230927,000000,1019.61,1019.61,995.117,995.117,0,0
ABE_MV,D,20230928,000000,988.966,995.117,958.326,958.421,0,0
ABE_MV,D,20230929,000000,952.273,973.649,949.152,949.152,0,0
ABE_MV,D,20231002,000000,949.152,961.447,927.75,927.75,0,0
ABE_MV,D,20231003,000000,927.75,930.814,921.631,927.75,0,0
ABE_MV,D,20231004,000000,924.685,949.152,918.567,939.998,0,0
ABE_MV,D,20231005,000000,933.879,973.649,933.879,973.649,0,0
ABE_MV,D,20231006,000000,979.799,995.117,979.799,995.117,0,0
ABE_MV,D,20231009,000000,992.09,995.117,976.773,982.913,0,0
ABE_MV,D,20231010,000000,988.966,1004.29,988.966,995.117,0,0
ABE_MV,D,20231011,000000,992.09,1010.43,979.799,982.913,0,0
ABE_MV,D,20231012,000000,982.816,1037.95,982.816,1034.93,0,0
ABE_MV,D,20231013,000000,1034.93,1037.95,982.816,982.913,0,0
ABE_MV,D,20231016,000000,982.816,1022.64,982.816,1022.64,0,0
ABE_MV,D,20231017,000000,1019.61,1031.9,1013.46,1031.9,0,0
ABE_MV,D,20231018,000000,1028.79,1047.13,1022.64,1041.08,0,0
ABE_MV,D,20231019,000000,1022.64,1050.25,1022.64,1034.93,0,0
ABE_MV,D,20231020,000000,1034.93,1034.93,995.117,998.143,0,0
ABE_MV,D,20231023,000000,998.143,1007.32,995.117,1004.29,0,0
ABE_MV,D,20231024,000000,1007.32,1010.43,967.594,970.623,0,0
ABE_MV,D,20231025,000000,964.473,970.623,933.879,946.126,0,0
ABE_MV,D,20231026,000000,946.126,967.594,933.879,961.447,0,0
ABE_MV,D,20231027,000000,970.623,985.94,970.623,985.94,0,0
ABE_MV,D,20231030,000000,979.799,1025.76,979.799,1016.58,0,0
ABE_MV,D,20231031,000000,1010.43,1022.64,1001.27,1022.64,0,0
ABE_MV,D,20231102,000000,1022.64,1025.76,1004.29,1004.29,0,0
ABE_MV,D,20231103,000000,1004.29,1025.76,1004.29,1013.46,0,0
ABE_MV,D,20231106,000000,1022.64,1022.64,995.117,1016.58,0,0
ABE_MV,D,20231107,000000,1016.58,1016.58,979.799,979.799,0,0
ABE_MV,D,20231108,000000,992.09,1022.64,985.94,1001.27,0,0
ABE_MV,D,20231109,000000,998.143,1010.43,992.09,1004.29,0,0
ABE_MV,D,20231110,000000,1004.29,1022.64,995.117,998.143,0,0
ABE_MV,D,20231113,000000,998.143,998.143,985.94,988.966,0,0
ABE_MV,D,20231114,000000,992.09,1007.32,955.299,964.473,0,0
ABE_MV,D,20231115,000000,964.473,964.473,943.062,952.273,0,0
ABE_MV,D,20231116,000000,955.299,970.623,946.126,970.623,0,0
ABE_MV,D,20231117,000000,973.649,976.773,964.473,970.623,0,0
ABE_MV,D,20231120,000000,970.623,970.623,955.299,958.421,0,0
ABE_MV,D,20231121,000000,958.326,967.594,952.273,967.594,0,0
ABE_MV,D,20231122,000000,955.299,958.326,952.273,955.299,0,0
ABE_MV,D,20231123,000000,955.299,955.299,946.126,946.126,0,0
ABE_MV,D,20231124,000000,946.126,964.473,946.126,952.273,0,0
ABE_MV,D,20231127,000000,952.273,958.326,933.879,939.998,0,0
ABE_MV,D,20231128,000000,933.879,946.126,933.879,936.933,0,0
ABE_MV,D,20231129,000000,936.933,949.152,936.933,949.152,0,0
ABE_MV,D,20231130,000000,939.998,958.326,939.998,946.126,0,0
ABE_MV,D,20231201,000000,949.152,958.326,930.814,952.273,0,0
ABE_MV,D,20231204,000000,952.273,961.447,949.152,952.273,0,0
ABE_MV,D,20231205,000000,961.447,961.447,949.152,958.421,0,0
ABE_MV,D,20231206,000000,943.062,955.299,939.998,943.062,0,0
ABE_MV,D,20231207,000000,949.152,961.447,943.062,949.152,0,0
ABE_MV,D,20231208,000000,955.299,964.473,955.299,958.421,0,0
ABE_MV,D,20231211,000000,955.299,967.594,955.299,967.594,0,0
ABE_MV,D,20231212,000000,961.447,976.773,961.447,961.447,0,0
ABE_MV,D,20231213,000000,961.447,1004.29,961.447,992.09,0,0
ABE_MV,D,20231214,000000,988.966,1001.27,979.799,992.09,0,0
ABE_MV,D,20231215,000000,995.117,1004.29,992.09,1004.29,0,0
ABE_MV,D,20231218,000000,992.09,1004.29,976.773,992.09,0,0
ABE_MV,D,20231219,000000,979.799,1004.29,979.799,995.117,0,0
ABE_MV,D,20231220,000000,1013.46,1062.45,1013.46,1047.13,0,0
ABE_MV,D,20231221,000000,1047.13,1062.45,1047.13,1050.25,0,0
ABE_MV,D,20231222,000000,1056.31,1062.45,1044.1,1056.4,0,0
ABE_MV,D,20231227,000000,1074.75,1114.56,1074.75,1111.45,0,0
ABE_MV,D,20231228,000000,1111.45,1160.43,1111.45,1139.05,0,0
ABE_MV,D,20231229,000000,1139.05,1148.23,1135.94,1148.23,0,0
ABE_MV,D,20240102,000000,1148.23,1172.72,1132.91,1135.94,0,0
ABE_MV,D,20240103,000000,1142.08,1145.11,1105.3,1120.61,0,0
ABE_MV,D,20240104,000000,1108.42,1123.74,1105.3,1117.59,0,0
ABE_MV,D,20240105,000000,1126.76,1132.91,1093.09,1114.56,0,0
ABE_MV,D,20240108,000000,1099.24,1111.45,1099.24,1102.27,0,0
ABE_MV,D,20240109,000000,1114.56,1117.59,1099.24,1099.24,0,0
ABE_MV,D,20240110,000000,1111.45,1157.41,1111.45,1157.41,0,0
ABE_MV,D,20240111,000000,1157.41,1191.08,1157.41,1178.87,0,0
ABE_MV,D,20240112,000000,1188.05,1203.27,1184.93,1184.93,0,0
ABE_MV,D,20240115,000000,1184.93,1197.22,1172.72,1172.72,0,0
ABE_MV,D,20240116,000000,1163.56,1163.56,1114.56,1126.76,0,0
ABE_MV,D,20240117,000000,1132.91,1132.91,1086.95,1096.12,0,0
ABE_MV,D,20240118,000000,1083.93,1135.94,1083.93,1132.91,0,0
ABE_MV,D,20240119,000000,1129.79,1129.79,1114.56,1123.74,0,0
ABE_MV,D,20240122,000000,1123.74,1123.74,1102.27,1114.56,0,0
ABE_MV,D,20240123,000000,1099.24,1099.24,1086.95,1093.09,0,0
ABE_MV,D,20240124,000000,1090.07,1108.42,1086.95,1108.42,0,0
ABE_MV,D,20240125,000000,1111.45,1111.45,1102.27,1105.39,0,0
ABE_MV,D,20240126,000000,1108.42,1111.45,1102.27,1111.45,0,0
ABE_MV,D,20240129,000000,1111.45,1111.45,1093.09,1093.09,0,0
ABE_MV,D,20240130,000000,1093.09,1102.27,1086.95,1102.27,0,0
ABE_MV,D,20240131,000000,1105.3,1117.59,1105.3,1111.45,0,0
ABE_MV,D,20240201,000000,1108.42,1123.74,1108.42,1111.45,0,0
ABE_MV,D,20240202,000000,1111.45,1117.59,1105.3,1117.59,0,0
ABE_MV,D,20240205,000000,1111.45,1117.59,1105.3,1105.39,0,0
ABE_MV,D,20240206,000000,1114.56,1117.59,1108.42,1114.56,0,0
ABE_MV,D,20240207,000000,1120.61,1120.61,1108.42,1108.42,0,0
ABE_MV,D,20240208,000000,1108.42,1132.91,1105.3,1108.42,0,0
ABE_MV,D,20240209,000000,1108.42,1117.59,1108.42,1117.59,0,0
ABE_MV,D,20240212,000000,1120.61,1120.61,1111.45,1114.56,0,0
ABE_MV,D,20240213,000000,1114.56,1117.59,1105.3,1105.39,0,0
ABE_MV,D,20240214,000000,1105.3,1114.56,1102.27,1108.42,0,0
ABE_MV,D,20240215,000000,1114.56,1117.59,1105.3,1105.39,0,0
ABE_MV,D,20240216,000000,1117.59,1117.59,1111.45,1111.45,0,0
ABE_MV,D,20240219,000000,1111.45,1172.72,1111.45,1172.72,0,0
ABE_MV,D,20240220,000000,1166.58,1169.61,1132.91,1139.05,0,0
ABE_MV,D,20240221,000000,1126.76,1139.05,1126.76,1129.89,0,0
ABE_MV,D,20240222,000000,1108.42,1188.05,1077.78,1178.87,0,0
ABE_MV,D,20240223,000000,1200.25,1237.04,1188.05,1224.74,0,0
ABE_MV,D,20240226,000000,1224.74,1237.04,1218.6,1230.89,0,0
ABE_MV,D,20240227,000000,1230.89,1243.09,1218.6,1224.74,0,0
ABE_MV,D,20240228,000000,1221.71,1237.04,1194.1,1215.57,0,0
ABE_MV,D,20240229,000000,1209.42,1224.74,1209.42,1209.42,0,0
ABE_MV,D,20240301,000000,1209.42,1224.74,1206.4,1224.74,0,0
ABE_MV,D,20240304,000000,1224.74,1224.74,1209.42,1209.42,0,0
ABE_MV,D,20240305,000000,1218.6,1243.09,1206.4,1224.74,0,0
ABE_MV,D,20240306,000000,1218.6,1233.92,1215.57,1221.71,0,0
ABE_MV,D,20240307,000000,1224.74,1224.74,1212.55,1221.71,0,0
ABE_MV,D,20240308,000000,1221.71,1224.74,1221.71,1224.74,0,0
ABE_MV,D,20240311,000000,1227.77,1227.77,1212.55,1212.55,0,0
ABE_MV,D,20240312,000000,1215.57,1224.74,1212.55,1215.57,0,0
ABE_MV,D,20240313,000000,1218.6,1224.74,1218.6,1221.71,0,0
ABE_MV,D,20240314,000000,1240.51,1262.53,1231.1,1253.12,0,0
ABE_MV,D,20240315,000000,1256.23,1306.48,1240.51,1306.48,0,0
ABE_MV,D,20240318,000000,1259.33,1275.05,1249.92,1253.12,0,0
ABE_MV,D,20240319,000000,1256.23,1287.66,1243.71,1287.66,0,0
ABE_MV,D,20240320,000000,1287.66,1306.48,1262.53,1306.48,0,0
ABE_MV,D,20240321,000000,1303.37,1312.78,1297.07,1303.37,0,0
ABE_MV,D,20240322,000000,1312.78,1312.78,1284.46,1303.37,0,0
ABE_MV,D,20240325,000000,1312.78,1319.09,1297.07,1309.68,0,0
ABE_MV,D,20240326,000000,1319.09,1319.09,1309.58,1319.09,0,0
ABE_MV,D,20240327,000000,1319.09,1350.42,1319.09,1334.8,0,0
ABE_MV,D,20240328,000000,1347.32,1366.14,1344.21,1363.03,0,0
ABE_MV,D,20240402,000000,1394.46,1425.79,1366.14,1425.79,0,0
ABE_MV,D,20240403,000000,1425.79,1454.12,1419.59,1454.12,0,0
ABE_MV,D,20240404,000000,1444.71,1472.94,1425.79,1460.43,0,0
ABE_MV,D,20240405,000000,1457.22,1472.94,1441.51,1466.63,0,0
ABE_MV,D,20240408,000000,1466.63,1466.63,1429,1450.92,0,0
ABE_MV,D,20240409,000000,1463.53,1472.94,1457.22,1460.43,0,0
ABE_MV,D,20240410,000000,1460.43,1564.03,1460.43,1510.67,0,0
ABE_MV,D,20240411,000000,1538.9,1538.9,1466.63,1482.35,0,0
ABE_MV,D,20240412,000000,1485.55,1498.06,1419.59,1419.59,0,0
ABE_MV,D,20240415,000000,1413.28,1413.28,1359.83,1394.46,0,0
ABE_MV,D,20240416,000000,1394.46,1394.46,1378.75,1381.85,0,0
ABE_MV,D,20240417,000000,1381.85,1394.46,1356.73,1381.85,0,0
ABE_MV,D,20240418,000000,1381.85,1403.87,1353.62,1403.87,0,0
ABE_MV,D,20240419,000000,1381.85,1447.81,1381.85,1447.81,0,0
ABE_MV,D,20240422,000000,1447.81,1454.12,1429,1444.71,0,0
ABE_MV,D,20240423,000000,1413.28,1429,1375.54,1429,0,0
ABE_MV,D,20240424,000000,1403.87,1413.28,1400.67,1413.28,0,0
ABE_MV,D,20240425,000000,1394.46,1397.57,1378.75,1385.05,0,0
ABE_MV,D,20240426,000000,1385.05,1391.26,1381.85,1391.26,0,0
ABE_MV,D,20240429,000000,1381.85,1391.26,1378.75,1391.26,0,0
ABE_MV,D,20240430,000000,1391.26,1394.46,1375.54,1378.75,0,0
ABE_MV,D,20240502,000000,1378.75,1397.57,1359.83,1391.26,0,0
ABE_MV,D,20240506,000000,1397.57,1425.79,1381.85,1410.18,0,0
ABE_MV,D,20240507,000000,1419.59,1454.12,1419.59,1454.12,0,0
ABE_MV,D,20240508,000000,1444.71,1472.94,1444.71,1466.63,0,0
ABE_MV,D,20240509,000000,1482.35,1488.65,1460.43,1482.35,0,0
ABE_MV,D,20240510,000000,1488.65,1504.37,1463.53,1472.94,0,0
ABE_MV,D,20240513,000000,1494.96,1516.88,1491.76,1516.88,0,0
ABE_MV,D,20240514,000000,1504.37,1535.8,1504.37,1535.8,0,0
ABE_MV,D,20240515,000000,1532.6,1570.33,1523.19,1567.13,0,0
ABE_MV,D,20240516,000000,1567.13,1586.05,1567.13,1586.05,0,0
ABE_MV,D,20240517,000000,1586.05,1609.52,1557.72,1609.52,0,0
ABE_MV,D,20240520,000000,1609.52,1609.52,1554.62,1570.33,0,0
ABE_MV,D,20240521,000000,1570.33,1586.05,1564.03,1570.33,0,0
ABE_MV,D,20240522,000000,1586.05,1617.38,1570.33,1570.33,0,0
ABE_MV,D,20240523,000000,1578.19,1625.24,1578.19,1617.38,0,0
ABE_MV,D,20240524,000000,1601.67,1617.38,1516.88,1529.49,0,0
ABE_MV,D,20240527,000000,1532.6,1557.72,1529.49,1554.62,0,0
ABE_MV,D,20240528,000000,1557.72,1578.19,1554.62,1554.62,0,0
ABE_MV,D,20240529,000000,1554.62,1554.62,1516.88,1516.88,0,0
ABE_MV,D,20240531,000000,1498.06,1498.06,1444.71,1444.71,0,0
ABE_MV,D,20240603,000000,1429,1460.43,1429,1454.12,0,0
ABE_MV,D,20240604,000000,1454.12,1491.76,1454.12,1482.35,0,0
ABE_MV,D,20240605,000000,1491.76,1564.03,1491.76,1520.08,0,0
ABE_MV,D,20240606,000000,1548.31,1586.05,1548.31,1570.33,0,0
ABE_MV,D,20240607,000000,1557.72,1601.67,1551.42,1601.67,0,0
ABE_MV,D,20240610,000000,1586.05,1617.38,1526.29,1617.38,0,0
ABE_MV,D,20240611,000000,1633.1,1633.1,1601.67,1617.38,0,0
ABE_MV,D,20240612,000000,1617.38,1633.1,1586.05,1633.1,0,0
ABE_MV,D,20240613,000000,1633.1,1633.1,1586.05,1586.05,0,0
ABE_MV,D,20240614,000000,1586.05,1601.67,1532.6,1586.05,0,0
ABE_MV,D,20240617,000000,1586.05,1617.38,1570.33,1617.38,0,0
ABE_MV,D,20240618,000000,1617.38,1617.38,1601.67,1601.67,0,0
ABE_MV,D,20240619,000000,1609.52,1695.96,1586.05,1695.96,0,0
ABE_MV,D,20240620,000000,1672.38,1680.24,1617.38,1617.38,0,0
ABE_MV,D,20240621,000000,1617.38,1617.38,1560.92,1560.92,0,0
ABE_MV,D,20240624,000000,1560.92,1578.19,1538.9,1578.19,0,0
ABE_MV,D,20240625,000000,1578.19,1640.95,1578.19,1633.1,0,0
ABE_MV,D,20240626,000000,1640.95,1640.95,1593.81,1601.67,0,0
ABE_MV,D,20240627,000000,1609.52,1609.52,1570.33,1601.67,0,0
ABE_MV,D,20240628,000000,1601.67,1648.81,1578.19,1648.81,0,0
ABE_MV,D,20240701,000000,1609.52,1609.52,1570.33,1586.05,0,0
ABE_MV,D,20240702,000000,1586.05,1601.67,1578.19,1586.05,0,0
ABE_MV,D,20240703,000000,1570.33,1601.67,1570.33,1593.91,0,0
ABE_MV,D,20240704,000000,1586.05,1640.95,1586.05,1640.95,0,0
ABE_MV,D,20240705,000000,1633.1,1633.1,1570.33,1586.05,0,0
ABE_MV,D,20240708,000000,1593.81,1601.67,1567.13,1567.13,0,0
ABE_MV,D,20240709,000000,1570.33,1601.67,1567.13,1586.05,0,0
ABE_MV,D,20240710,000000,1570.33,1593.81,1560.92,1578.19,0,0
ABE_MV,D,20240711,000000,1578.19,1593.91,1564.03,1593.91,0,0
ABE_MV,D,20240712,000000,1586.05,1609.52,1491.76,1491.76,0,0
ABE_MV,D,20240715,000000,1510.67,1554.62,1501.17,1523.19,0,0
ABE_MV,D,20240716,000000,1523.19,1560.92,1523.19,1557.72,0,0
ABE_MV,D,20240717,000000,1557.72,1570.33,1557.72,1570.33,0,0
ABE_MV,D,20240718,000000,1578.19,1617.38,1548.31,1617.38,0,0
ABE_MV,D,20240719,000000,1564.03,1593.91,1557.72,1593.91,0,0
ABE_MV,D,20240722,000000,1554.62,1648.81,1554.62,1648.81,0,0
ABE_MV,D,20240723,000000,1648.81,1680.24,1617.38,1680.24,0,0
ABE_MV,D,20240724,000000,1664.53,1664.53,1617.38,1640.95,0,0
ABE_MV,D,20240725,000000,1617.38,1625.24,1586.05,1593.91,0,0
ABE_MV,D,20240726,000000,1593.81,1617.38,1548.31,1548.31,0,0
ABE_MV,D,20240729,000000,1545.21,1570.33,1538.9,1542.01,0,0
ABE_MV,D,20240730,000000,1538.9,1570.33,1538.9,1554.62,0,0
ABE_MV,D,20240731,000000,1551.42,1570.33,1551.42,1554.62,0,0
ABE_MV,D,20240801,000000,1570.33,1570.33,1529.49,1554.62,0,0
ABE_MV,D,20240802,000000,1538.9,1538.9,1491.76,1501.17,0,0
ABE_MV,D,20240805,000000,1476.04,1476.04,1334.71,1419.59,0,0
ABE_MV,D,20240806,000000,1422.69,1438.4,1422.69,1422.69,0,0
ABE_MV,D,20240807,000000,1438.4,1444.71,1413.28,1444.71,0,0
ABE_MV,D,20240808,000000,1429,1457.22,1413.28,1413.28,0,0
ABE_MV,D,20240809,000000,1413.28,1447.81,1413.28,1441.51,0,0
ABE_MV,D,20240812,000000,1444.71,1491.76,1432.1,1482.35,0,0
ABE_MV,D,20240813,000000,1482.35,1535.8,1472.94,1523.19,0,0
ABE_MV,D,20240814,000000,1523.19,1523.19,1476.04,1488.65,0,0
ABE_MV,D,20240816,000000,1488.65,1538.9,1488.65,1538.9,0,0
ABE_MV,D,20240819,000000,1510.67,1560.92,1498.06,1560.92,0,0
ABE_MV,D,20240820,000000,1560.92,1560.92,1529.49,1529.49,0,0
ABE_MV,D,20240821,000000,1538.9,1570.33,1529.49,1560.92,0,0
ABE_MV,D,20240822,000000,1564.03,1564.03,1498.06,1507.47,0,0
ABE_MV,D,20240823,000000,1507.47,1516.88,1454.12,1457.22,0,0
ABE_MV,D,20240826,000000,1472.94,1523.19,1460.43,1463.53,0,0
ABE_MV,D,20240827,000000,1463.53,1476.04,1425.79,1425.79,0,0
ABE_MV,D,20240828,000000,1441.51,1441.51,1422.69,1422.69,0,0
ABE_MV,D,20240829,000000,1419.59,1460.43,1391.26,1460.43,0,0
ABE_MV,D,20240830,000000,1463.53,1535.8,1444.71,1535.8,0,0
ABE_MV,D,20240902,000000,1476.04,1516.88,1476.04,1498.06,0,0
ABE_MV,D,20240903,000000,1507.47,1535.8,1472.94,1472.94,0,0
ABE_MV,D,20240904,000000,1476.04,1479.24,1463.53,1463.53,0,0
ABE_MV,D,20240905,000000,1460.43,1476.04,1454.12,1454.12,0,0
ABE_MV,D,20240906,000000,1450.92,1457.22,1432.1,1432.1,0,0
ABE_MV,D,20240909,000000,1444.71,1457.22,1397.57,1397.57,0,0
ABE_MV,D,20240910,000000,1394.46,1429,1385.05,1385.05,0,0
ABE_MV,D,20240911,000000,1369.34,1397.57,1366.14,1366.14,0,0
ABE_MV,D,20240912,000000,1366.14,1369.34,1334.71,1341.01,0,0
ABE_MV,D,20240913,000000,1350.42,1378.75,1341.01,1375.54,0,0
ABE_MV,D,20240916,000000,1372.44,1385.05,1359.83,1381.85,0,0
ABE_MV,D,20240917,000000,1381.85,1413.28,1381.85,1413.28,0,0
ABE_MV,D,20240918,000000,1391.26,1419.59,1391.26,1419.59,0,0
ABE_MV,D,20240919,000000,1419.59,1485.55,1419.59,1485.55,0,0
ABE_MV,D,20240920,000000,1485.55,1520.08,1460.43,1520.08,0,0
ABE_MV,D,20240923,000000,1520.08,1538.9,1469.83,1520.08,0,0
ABE_MV,D,20240924,000000,1538.9,1564.03,1526.29,1560.92,0,0
ABE_MV,D,20240925,000000,1560.92,1570.33,1560.92,1560.92,0,0
ABE_MV,D,20240926,000000,1560.92,1601.67,1560.92,1586.05,0,0
ABE_MV,D,20240927,000000,1586.05,1586.05,1535.8,1586.05,0,0
ABE_MV,D,20240930,000000,1586.05,1586.05,1557.72,1586.05,0,0
ABE_MV,D,20241001,000000,1633.1,1633.1,1510.67,1532.6,0,0
ABE_MV,D,20241002,000000,1548.31,1570.33,1538.9,1567.13,0,0
ABE_MV,D,20241003,000000,1567.13,1567.13,1538.9,1554.62,0,0
ABE_MV,D,20241004,000000,1551.42,1554.62,1526.29,1535.8,0,0
ABE_MV,D,20241007,000000,1538.9,1545.21,1494.96,1513.78,0,0
ABE_MV,D,20241008,000000,1498.06,1513.78,1498.06,1510.67,0,0
ABE_MV,D,20241009,000000,1516.88,1570.33,1513.78,1560.92,0,0
ABE_MV,D,20241010,000000,1570.33,1586.05,1542.01,1560.92,0,0
ABE_MV,D,20241011,000000,1557.72,1570.33,1554.62,1557.72,0,0
ABE_MV,D,20241014,000000,1557.72,1567.13,1507.47,1520.08,0,0
ABE_MV,D,20241015,000000,1520.08,1551.42,1520.08,1551.42,0,0
ABE_MV,D,20241016,000000,1551.42,1554.62,1529.49,1529.49,0,0
ABE_MV,D,20241017,000000,1532.6,1542.01,1450.92,1469.83,0,0
ABE_MV,D,20241018,000000,1491.76,1507.47,1476.04,1504.37,0,0
ABE_MV,D,20241021,000000,1510.67,1617.38,1466.63,1617.38,0,0
ABE_MV,D,20241022,000000,1601.67,1601.67,1504.37,1504.37,0,0
ABE_MV,D,20241023,000000,1504.37,1520.08,1494.96,1510.67,0,0
ABE_MV,D,20241024,000000,1520.08,1529.49,1457.22,1460.43,0,0
ABE_MV,D,20241025,000000,1466.63,1507.47,1454.12,1460.43,0,0
ABE_MV,D,20241028,000000,1457.22,1510.67,1450.92,1450.92,0,0
ABE_MV,D,20241029,000000,1450.92,1466.63,1397.57,1397.57,0,0
ABE_MV,D,20241030,000000,1406.97,1429,1385.05,1397.57,0,0
ABE_MV,D,20241031,000000,1397.57,1444.71,1385.05,1432.1,0,0
ABE_MV,D,20241104,000000,1432.1,1438.4,1381.85,1381.85,0,0
ABE_MV,D,20241105,000000,1363.03,1372.44,1350.42,1372.44,0,0
ABE_MV,D,20241106,000000,1359.83,1425.79,1359.83,1419.59,0,0
ABE_MV,D,20241107,000000,1429,1479.24,1429,1454.12,0,0
ABE_MV,D,20241108,000000,1413.28,1413.28,1381.85,1385.05,0,0
ABE_MV,D,20241112,000000,1375.54,1378.75,1356.73,1363.03,0,0
ABE_MV,D,20241113,000000,1363.03,1397.57,1363.03,1381.85,0,0
ABE_MV,D,20241114,000000,1381.85,1381.85,1350.42,1372.44,0,0
ABE_MV,D,20241115,000000,1356.73,1391.26,1356.73,1359.93,0,0
ABE_MV,D,20241118,000000,1359.83,1410.18,1359.83,1410.18,0,0
ABE_MV,D,20241119,000000,1410.18,1444.71,1410.18,1425.79,0,0
ABE_MV,D,20241120,000000,1438.4,1438.4,1400.67,1410.18,0,0
ABE_MV,D,20241121,000000,1425.79,1463.53,1419.59,1432.1,0,0
ABE_MV,D,20241122,000000,1460.43,1466.63,1441.51,1444.71,0,0
ABE_MV,D,20241125,000000,1432.1,1460.43,1432.1,1444.71,0,0
ABE_MV,D,20241126,000000,1435.3,1444.71,1425.79,1425.79,0,0
ABE_MV,D,20241127,000000,1441.51,1441.51,1403.87,1403.87,0,0
ABE_MV,D,20241128,000000,1397.57,1416.38,1397.57,1397.57,0,0
ABE_MV,D,20241129,000000,1397.57,1406.97,1397.57,1397.57,0,0
ABE_MV,D,20241202,000000,1413.28,1429,1410.18,1413.28,0,0
ABE_MV,D,20241203,000000,1425.79,1425.79,1410.18,1413.28,0,0
ABE_MV,D,20241204,000000,1429,1441.51,1413.28,1429,0,0
ABE_MV,D,20241205,000000,1469.83,1469.83,1403.87,1403.87,0,0
ABE_MV,D,20241206,000000,1406.97,1444.71,1403.87,1438.4,0,0
ABE_MV,D,20241209,000000,1444.71,1482.35,1444.71,1479.24,0,0
ABE_MV,D,20241210,000000,1479.24,1504.37,1479.24,1494.96,0,0
ABE_MV,D,20241211,000000,1501.17,1504.37,1460.43,1472.94,0,0
ABE_MV,D,20241212,000000,1476.04,1479.24,1444.71,1454.12,0,0
ABE_MV,D,20241213,000000,1463.53,1463.53,1416.38,1435.3,0,0
ABE_MV,D,20241216,000000,1438.4,1438.4,1400.67,1400.67,0,0
ABE_MV,D,20241217,000000,1406.97,1413.28,1381.85,1397.57,0,0
ABE_MV,D,20241218,000000,1391.26,1425.79,1391.26,1397.57,0,0
ABE_MV,D,20241219,000000,1397.57,1501.17,1391.26,1482.35,0,0
ABE_MV,D,20241220,000000,1494.96,1501.17,1457.22,1491.76,0,0
ABE_MV,D,20241223,000000,1494.96,1535.8,1485.55,1532.6,0,0
ABE_MV,D,20241227,000000,1535.8,1551.42,1535.8,1545.21,0,0
ABE_MV,D,20241230,000000,1542.01,1545.21,1523.19,1532.6,0,0
ABE_MV,D,20250102,000000,1513.78,1545.21,1513.78,1538.9,0,0
ABE_MV,D,20250103,000000,1538.9,1542.01,1529.49,1529.49,0,0
ABE_MV,D,20250107,000000,1545.21,1545.21,1523.19,1538.9,0,0
ABE_MV,D,20250108,000000,1532.6,1538.9,1507.47,1507.47,0,0
ABE_MV,D,20250109,000000,1529.49,1560.92,1526.29,1538.9,0,0
ABE_MV,D,20250110,000000,1538.9,1617.38,1538.9,1609.52,0,0
ABE_MV,D,20250113,000000,1617.38,1719.43,1609.52,1633.1,0,0
ABE_MV,D,20250114,000000,1648.81,1719.43,1648.81,1695.96,0,0
ABE_MV,D,20250115,000000,1711.67,1743,1672.38,1743,0,0
ABE_MV,D,20250116,000000,1758.72,1758.72,1672.38,1727.29,0,0
ABE_MV,D,20250117,000000,1727.29,1766.58,1672.38,1743,0,0
ABE_MV,D,20250120,000000,1743,1774.43,1719.43,1758.72,0,0
ABE_MV,D,20250121,000000,1758.72,1774.43,1750.86,1774.43,0,0
ABE_MV,D,20250122,000000,1774.43,1774.43,1743,1743,0,0
ABE_MV,D,20250123,000000,1743,1758.72,1711.67,1735.15,0,0
ABE_MV,D,20250124,000000,1735.15,1766.58,1727.29,1758.72,0,0
ABE_MV,D,20250127,000000,1743,1743,1695.96,1711.67,0,0
ABE_MV,D,20250128,000000,1695.96,1743,1695.96,1711.67,0,0
ABE_MV,D,20250129,000000,1719.43,1719.43,1688.1,1711.67,0,0
ABE_MV,D,20250130,000000,1711.67,1711.67,1633.1,1680.24,0,0
ABE_MV,D,20250131,000000,1688.1,1743,1664.53,1743,0,0
ABE_MV,D,20250203,000000,1727.29,1735.15,1680.24,1735.15,0,0
ABE_MV,D,20250204,000000,1735.15,1750.86,1703.81,1750.86,0,0
ABE_MV,D,20250205,000000,1758.72,1758.72,1735.15,1743,0,0
ABE_MV,D,20250206,000000,1735.15,1735.15,1703.81,1727.29,0,0
ABE_MV,D,20250207,000000,1703.81,1735.15,1680.24,1735.15,0,0
ABE_MV,D,20250210,000000,1750.86,1750.86,1680.24,1727.29,0,0
ABE_MV,D,20250211,000000,1735.15,1735.15,1695.96,1711.67,0,0
ABE_MV,D,20250212,000000,1688.1,1711.67,1640.95,1695.96,0,0
ABE_MV,D,20250213,000000,1680.24,1688.1,1640.95,1640.95,0,0
ABE_MV,D,20250214,000000,1640.95,1656.67,1586.05,1609.52,0,0
ABE_MV,D,20250217,000000,1609.52,1609.52,1557.72,1570.33,0,0
ABE_MV,D,20250218,000000,1586.05,1633.1,1586.05,1633.1,0,0
ABE_MV,D,20250219,000000,1640.95,1672.38,1633.1,1648.81,0,0
ABE_MV,D,20250220,000000,1648.81,1703.81,1648.81,1695.96,0,0
ABE_MV,D,20250221,000000,1695.96,1703.81,1656.67,1656.67,0,0
ABE_MV,D,20250224,000000,1695.96,1695.96,1593.81,1609.52,0,0
ABE_MV,D,20250225,000000,1617.38,1640.95,1593.81,1617.38,0,0
ABE_MV,D,20250226,000000,1640.95,1640.95,1554.62,1586.05,0,0
ABE_MV,D,20250227,000000,1609.52,1633.1,1586.05,1617.38,0,0
ABE_MV,D,20250228,000000,1586.05,1648.81,1564.03,1648.81,0,0
ABE_MV,D,20250303,000000,1609.52,1680.24,1609.52,1648.81,0,0
ABE_MV,D,20250304,000000,1648.81,1648.81,1548.31,1548.31,0,0
ABE_MV,D,20250305,000000,1578.19,1617.38,1578.19,1617.38,0,0
ABE_MV,D,20250306,000000,1609.52,1640.95,1601.67,1625.24,0,0
ABE_MV,D,20250307,000000,1633.1,1633.1,1570.33,1593.91,0,0
ABE_MV,D,20250310,000000,1617.38,1617.38,1570.33,1593.91,0,0
ABE_MV,D,20250311,000000,1609.52,1640.95,1570.33,1570.33,0,0
ABE_MV,D,20250312,000000,1578.19,1617.38,1578.19,1617.38,0,0
ABE_MV,D,20250313,000000,1601.67,1617.38,1578.19,1617.38,0,0
ABE_MV,D,20250314,000000,1633.1,1664.53,1625.24,1648.81,0,0
ABE_MV,D,20250317,000000,1648.81,1719.53,1648.81,1719.53,0,0
ABE_MV,D,20250318,000000,1727.29,1727.29,1680.24,1695.96,0,0
ABE_MV,D,20250319,000000,1672.38,1703.81,1633.1,1695.96,0,0
ABE_MV,D,20250320,000000,1695.96,1703.81,1648.81,1688.1,0,0
ABE_MV,D,20250321,000000,1680.24,1711.67,1593.81,1711.67,0,0
ABE_MV,D,20250324,000000,1711.67,1727.29,1672.38,1695.96,0,0
ABE_MV,D,20250325,000000,1719.43,1727.29,1688.1,1719.53,0,0
ABE_MV,D,20250326,000000,1695.96,1711.67,1672.38,1672.38,0,0
ABE_MV,D,20250327,000000,1695.96,1719.53,1648.81,1719.53,0,0
ABE_MV,D,20250328,000000,1719.43,1719.53,1648.81,1719.53,0,0
ABE_MV,D,20250331,000000,1711.67,1758.72,1664.53,1758.72,0,0
ABE_MV,D,20250401,000000,1702.16,1739.9,1692.75,1695.96,0,0
ABE_MV,D,20250402,000000,1705.37,1705.37,1692.75,1695.96,0,0
ABE_MV,D,20250403,000000,1695.96,1695.96,1614.28,1623.69,0,0
ABE_MV,D,20250404,000000,1623.69,1626.79,1573.44,1573.44,0,0
ABE_MV,D,20250407,000000,1497.4,1607.4,1434.2,1594.5,0,0
ABE_MV,D,20250408,000000,1699.7,1699.7,1602.6,1612.3,0,0
ABE_MV,D,20250409,000000,1596.1,1635,1575.1,1579.9,0,0
ABE_MV,D,20250410,000000,1638.2,1667.3,1602.6,1617.1,0,0
ABE_MV,D,20250411,000000,1618.8,1618.8,1573.4,1573.4,0,0
ABE_MV,D,20250414,000000,1578.3,1607.4,1575.1,1575.1,0,0
ABE_MV,D,20250415,000000,1586.4,1597.7,1554,1554,0,0
ABE_MV,D,20250416,000000,1570.2,1570.2,1537.8,1554,0,0
ABE_MV,D,20250417,000000,1560.5,1589.6,1549.2,1586.4,0,0
ABE_MV,D,20250422,000000,1594.5,1594.5,1557.3,1558.9,0,0
ABE_MV,D,20250423,000000,1557.3,1578.3,1557.3,1563.7,0,0
ABE_MV,D,20250424,000000,1573.4,1615.5,1558.9,1615.5,0,0
ABE_MV,D,20250425,000000,1576.7,1592.9,1576.7,1579.9,0,0
ABE_MV,D,20250428,000000,1579.9,1618.8,1579.9,1618.8,0,0
ABE_MV,D,20250429,000000,1618.8,1667.3,1612.3,1667.3,0,0
ABE_MV,D,20250430,000000,1667.3,1667.3,1635,1651.1,0,0
ABE_MV,D,20250502,000000,1651.1,1667.3,1638.2,1664.1,0,0
ABE_MV,D,20250505,000000,1667.3,1667.3,1562.1,1578.3,0,0
ABE_MV,D,20250506,000000,1584.8,1584.8,1563.7,1570.2,0,0
ABE_MV,D,20250507,000000,1576.7,1584.8,1571.8,1576.7,0,0
ABE_MV,D,20250508,000000,1571.8,1573.4,1555.6,1573.4,0,0
ABE_MV,D,20250509,000000,1570.2,1594.5,1570.2,1584.8,0,0
ABE_MV,D,20250512,000000,1588,1618.8,1588,1618.8,0,0
ABE_MV,D,20250513,000000,1605.8,1631.7,1591.2,1618.8,0,0
ABE_MV,D,20250514,000000,1625.2,1635,1601,1618.8,0,0
ABE_MV,D,20250515,000000,1618.8,1622,1604.2,1605.8,0,0
ABE_MV,D,20250516,000000,1605.8,1615.5,1594.5,1615.5,0,0
ABE_MV,D,20250519,000000,1615.5,1615.5,1596.1,1615.5,0,0
ABE_MV,D,20250520,000000,1628.5,1628.5,1604.2,1610.7,0,0
ABE_MV,D,20250521,000000,1609.1,1609.1,1576.7,1586.4,0,0
ABE_MV,D,20250522,000000,1596.1,1601,1579.9,1586.4,0,0
ABE_MV,D,20250523,000000,1588,1588,1557.3,1586.4,0,0
ABE_MV,D,20250526,000000,1597.7,1622,1589.6,1622,0,0
ABE_MV,D,20250527,000000,1625.2,1625.2,1602.6,1618.8,0,0
ABE_MV,D,20250528,000000,1618.8,1618.8,1586.4,1618.8,0,0
ABE_MV,D,20250529,000000,1602.6,1612.3,1570.2,1570.2,0,0
ABE_MV,D,20250530,000000,1570.2,1602.6,1570.2,1602.6,0,0
ABE_MV,D,20250602,000000,1601,1601,1578.3,1601,0,0
ABE_MV,D,20250603,000000,1602.6,1602.6,1571.8,1571.8,0,0
ABE_MV,D,20250604,000000,1573.4,1573.4,1557.3,1563.7,0,0
ABE_MV,D,20250605,000000,1557.3,1573.4,1557.3,1570.2,0,0
ABE_MV,D,20250606,000000,1560.5,1570.2,1557.3,1557.3,0,0
ABE_MV,D,20250609,000000,1573.4,1573.4,1560.5,1565.4,0,0
ABE_MV,D,20250610,000000,1565.3,1573.4,1555.6,1573.4,0,0
ABE_MV,D,20250611,000000,1571.8,1571.8,1558.9,1560.5,0,0
ABE_MV,D,20250612,000000,1563.7,1563.7,1549.2,1560.5,0,0
ABE_MV,D,20250613,000000,1537.8,1560.5,1537.8,1539.4,0,0
ABE_MV,D,20250616,000000,1537.8,1552.4,1524.9,1524.9,0,0
ABE_MV,D,20250617,000000,1524.9,1533,1507.1,1528.1,0,0
ABE_MV,D,20250618,000000,1526.5,1578.3,1510.3,1578.3,0,0
ABE_MV,D,20250620,000000,1578.3,1578.3,1494.1,1494.1,0,0
ABE_MV,D,20250623,000000,1477.9,1510.3,1469.8,1476.3,0,0
ABE_MV,D,20250624,000000,1479.6,1545.9,1479.6,1537.8,0,0
ABE_MV,D,20250625,000000,1545.9,1586.4,1541.1,1586.4,0,0
ABE_MV,D,20250626,000000,1617.1,1617.1,1586.4,1610.7,0,0
ABE_MV,D,20250627,000000,1613.9,1613.9,1588,1604.2,0,0
ABE_MV,D,20250630,000000,1604.2,1613.9,1570.2,1570.2,0,0
ABE_MV,D,20250701,000000,1571.8,1571.8,1565.3,1568.6,0,0
ABE_MV,D,20250702,000000,1571.8,1584.8,1571.8,1575.1,0,0
ABE_MV,D,20250703,000000,1575.1,1583.2,1562.1,1565.4,0,0
ABE_MV,D,20250704,000000,1565.3,1583.2,1565.3,1565.4,0,0
ABE_MV,D,20250707,000000,1581.5,1612.3,1570.2,1586.4,0,0
ABE_MV,D,20250708,000000,1592.9,1612.3,1578.3,1578.3,0,0
ABE_MV,D,20250709,000000,1596.1,1609.1,1589.6,1601,0,0
ABE_MV,D,20250710,000000,1610.7,1610.7,1586.4,1594.5,0,0
ABE_MV,D,20250711,000000,1586.4,1609.1,1584.8,1584.8,0,0
ABE_MV,D,20250714,000000,1594.5,1596.1,1563.7,1570.2,0,0
ABE_MV,D,20250715,000000,1583.2,1583.2,1560.5,1560.5,0,0
ABE_MV,D,20250716,000000,1567,1567,1554,1560.5,0,0
ABE_MV,D,20250717,000000,1560.5,1565.4,1558.9,1565.4,0,0
ABE_MV,D,20250718,000000,1567,1573.4,1557.3,1563.7,0,0
ABE_MV,D,20250721,000000,1562.1,1576.7,1562.1,1568.6,0,0
ABE_MV,D,20250722,000000,1568.6,1576.7,1565.3,1576.7,0,0
ABE_MV,D,20250723,000000,1576.7,1592.9,1563.7,1563.7,0,0
ABE_MV,D,20250724,000000,1560.5,1592.9,1560.5,1578.3,0,0
ABE_MV,D,20250725,000000,1570.2,1586.4,1557.3,1557.3,0,0
ABE_MV,D,20250728,000000,1557.3,1562.1,1529.7,1542.7,0,0
ABE_MV,D,20250729,000000,1531.4,1557.3,1531.4,1531.4,0,0
ABE_MV,D,20250730,000000,1531.4,1549.2,1529.7,1529.7,0,0
ABE_MV,D,20250731,000000,1523.3,1537.8,1502.2,1524.9,0,0
ABE_MV,D,20250801,000000,1521.6,1524.9,1492.5,1492.5,0,0
ABE_MV,D,20250804,000000,1494.1,1524.9,1494.1,1524.9,0,0
ABE_MV,D,20250805,000000,1545.9,1567,1537.8,1544.3,0,0
ABE_MV,D,20250806,000000,1565.3,1570.2,1545.9,1570.2,0,0
ABE_MV,D,20250807,000000,1570.2,1570.2,1549.2,1570.2,0,0
ABE_MV,D,20250808,000000,1570.2,1570.2,1554,1570.2,0,0
ABE_MV,D,20250811,000000,1563.7,1568.6,1542.7,1568.6,0,0
ABE_MV,D,20250812,000000,1568.6,1568.6,1555.6,1562.1,0,0
ABE_MV,D,20250813,000000,1562.1,1565.3,1547.5,1563.7,0,0
ABE_MV,D,20250814,000000,1554,1558.9,1539.4,1554,0,0
ABE_MV,D,20250818,000000,1542.7,1555.6,1529.7,1529.7,0,0
ABE_MV,D,20250819,000000,1529.7,1529.7,1497.4,1502.2,0,0
ABE_MV,D,20250820,000000,1502.2,1516.8,1492.5,1492.5,0,0
ABE_MV,D,20250821,000000,1510.3,1529.7,1508.7,1529.7,0,0
ABE_MV,D,20250822,000000,1529.7,1536.2,1518.4,1523.3,0,0
ABE_MV,D,20250825,000000,1523.3,1554,1518.4,1528.1,0,0
ABE_MV,D,20250826,000000,1547.5,1554,1524.9,1545.9,0,0
ABE_MV,D,20250827,000000,1545.9,1549.2,1521.6,1536.2,0,0
ABE_MV,D,20250828,000000,1541.1,1584.8,1521.6,1584.8,0,0
ABE_MV,D,20250829,000000,1588,1618.8,1576.7,1612.3,0,0
ABE_MV,D,20250901,000000,1612.3,1647.9,1594.5,1618.8,0,0
ABE_MV,D,20250902,000000,1618.8,1673.8,1618.8,1670.6,0,0
ABE_MV,D,20250903,000000,1699.7,1748.3,1699.7,1748.3,0,0
ABE_MV,D,20250904,000000,1748.3,1790.4,1686.8,1715.9,0,0
ABE_MV,D,20250905,000000,1706.2,1706.2,1660.9,1693.2,0,0
ABE_MV,D,20250908,000000,1690,1693.2,1670.6,1683.5,0,0
ABE_MV,D,20250909,000000,1683.5,1722.4,1683.5,1699.7,0,0
ABE_MV,D,20250910,000000,1699.7,1699.7,1631.7,1635,0,0
ABE_MV,D,20250911,000000,1486,1567,1463.4,1558.9,0,0
ABE_MV,D,20250912,000000,1565.3,1581.5,1524.9,1531.4,0,0
ABE_MV,D,20250915,000000,1544.3,1586.4,1531.4,1544.3,0,0
ABE_MV,D,20250916,000000,1544.3,1554,1523.3,1523.3,0,0
ABE_MV,D,20250917,000000,1531.4,1541.1,1521.6,1534.6,0,0
ABE_MV,D,20250918,000000,1534.6,1537.8,1523.3,1529.7,0,0
ABE_MV,D,20250919,000000,1534.6,1570.2,1526.5,1528.1,0,0
ABE_MV,D,20250922,000000,1537.8,1562.1,1537.8,1560.5,0,0
ABE_MV,D,20250923,000000,1560.5,1575.1,1560.5,1567,0,0
ABE_MV,D,20250924,000000,1568.6,1583.2,1542.7,1542.7,0,0
ABE_MV,D,20250925,000000,1552.4,1592.9,1552.4,1554,0,0
ABE_MV,D,20250926,000000,1554,1591.2,1554,1570.2,0,0
ABE_MV,D,20250929,000000,1588,1612.3,1578.3,1602.6,0,0
ABE_MV,D,20250930,000000,1613.9,1617.1,1570.2,1570.2,0,0
ABE_MV,D,20251001,000000,1560.5,1584.8,1558.9,1567,0,0
ABE_MV,D,20251002,000000,1592.9,1609.1,1586.4,1609.1,0,0
ABE_MV,D,20251003,000000,1613.9,1635,1579.9,1583.2,0,0
ABE_MV,D,20251006,000000,1594.5,1607.4,1584.8,1594.5,0,0
ABE_MV,D,20251007,000000,1594.5,1602.6,1581.5,1588,0,0
ABE_MV,D,20251008,000000,1594.5,1594.5,1584.8,1586.4,0,0
ABE_MV,D,20251009,000000,1592.9,1592.9,1578.3,1578.3,0,0
ABE_MV,D,20251010,000000,1592.9,1599.3,1586.4,1594.5,0,0
ABE_MV,D,20251013,000000,1586.4,1594.5,1583.2,1594.5,0,0
ABE_MV,D,20251014,000000,1602.6,1602.6,1524.9,1554,0,0
ABE_MV,D,20251015,000000,1560.5,1602.6,1560.5,1591.3,0,0
ABE_MV,D,20251016,000000,1586.4,1591.2,1570.2,1575.1,0,0
ABE_MV,D,20251017,000000,1588,1588,1552.4,1552.4,0,0
ABE_MV,D,20251020,000000,1549.2,1573.4,1541.1,1570.2,0,0
ABE_MV,D,20251021,000000,1576.7,1584.8,1557.3,1571.8,0,0
ABE_MV,D,20251022,000000,1576.7,1576.7,1563.7,1570.2,0,0
ABE_MV,D,20251023,000000,1575.1,1578.3,1555.6,1573.4,0,0
ABE_MV,D,20251024,000000,1573.4,1591.2,1570.2,1583.2,0,0
ABE_MV,D,20251027,000000,1589.6,1592.9,1576.7,1586.4,0,0
ABE_MV,D,20251028,000000,1597.7,1597.7,1557.3,1565.4,0,0
ABE_MV,D,20251029,000000,1588,1588,1570.2,1581.5,0,0
ABE_MV,D,20251030,000000,1586.4,1589.6,1555.6,1568.6,0,0
ABE_MV,D,20251031,000000,1578.3,1583.2,1563.7,1575.1,0,0
ABE_MV,D,20251103,000000,1578.3,1592.9,1537.8,1554,0,0
ABE_MV,D,20251104,000000,1567,1576.7,1534.6,1554,0,0
ABE_MV,D,20251105,000000,1565.3,1571.8,1554,1560.5,0,0
ABE_MV,D,20251106,000000,1560.5,1576.7,1549.2,1554,0,0
ABE_MV,D,20251107,000000,1555.6,1570.2,1554,1562.1,0,0
ABE_MV,D,20251110,000000,1567,1570.2,1557.3,1563.7,0,0
ABE_MV,D,20251112,000000,1578.3,1578.3,1557.3,1560.5,0,0
ABE_MV,D,20251113,000000,1570.2,1570.2,1549.2,1552.4,0,0
ABE_MV,D,20251114,000000,1549.2,1557.3,1542.7,1557.3,0,0
ABE_MV,D,20251117,000000,1567,1578.3,1550.8,1550.8,0,0
ABE_MV,D,20251118,000000,1552.4,1568.6,1547.5,1549.2,0,0
ABE_MV,D,20251119,000000,1563.7,1578.3,1537.8,1558.9,0,0
ABE_MV,D,20251120,000000,1571.8,1573.4,1562.1,1562.1,0,0
ABE_MV,D,20251121,000000,1558.9,1560.5,1545.9,1545.9,0,0
ABE_MV,D,20251124,000000,1552.4,1554,1529.7,1541.1,0,0
ABE_MV,D,20251125,000000,1541.1,1544.3,1516.8,1521.6,0,0
ABE_MV,D,20251126,000000,1523.3,1544.3,1523.3,1544.3,0,0
ABE_MV,D,20251127,000000,1547.5,1563.7,1544.3,1554,0,0
ABE_MV,D,20251128,000000,1545.9,1562.1,1534.6,1552.4,0,0
ABE_MV,D,20251201,000000,1560.5,1586.4,1555.6,1575.1,0,0
ABE_MV,D,20251202,000000,1583.2,1583.2,1541.1,1568.6,0,0
ABE_MV,D,20251203,000000,1547.5,1573.4,1547.5,1568.6,0,0
ABE_MV,D,20251204,000000,1575.1,1575.1,1558.9,1568.6,0,0
ABE_MV,D,20251205,000000,1570.2,1576.7,1565.3,1571.8,0,0
ABE_MV,D,20251208,000000,1575.1,1576.7,1563.7,1573.4,0,0
ABE_MV,D,20251209,000000,1576.7,1578.3,1555.6,1578.3,0,0
ABE_MV,D,20251210,000000,1581.5,1586.4,1571.8,1579.9,0,0
ABE_MV,D,20251211,000000,1581.5,1628.5,1576.7,1628.5,0,0
ABE_MV,D,20251212,000000,1618.8,1677,1615.5,1677,0,0
ABE_MV,D,20251215,000000,1667.3,1680.3,1628.5,1680.3,0,0
ABE_MV,D,20251216,000000,1677,1699.7,1667.3,1696.5,0,0
ABE_MV,D,20251217,000000,1696.5,1699.7,1683.5,1699.7,0,0
ABE_MV,D,20251218,000000,1699.7,1699.7,1654.4,1699.7,0,0
ABE_MV,D,20251219,000000,1699.7,1712.7,1638.2,1709.4,0,0
ABE_MV,D,20251222,000000,1709.4,1715.9,1699.7,1715.9,0,0
ABE_MV,D,20251223,000000,1715.9,1748.3,1712.7,1719.1,0,0
ABE_MV,D,20251229,000000,1738.6,1748.3,1715.9,1715.9,0,0
ABE_MV,D,20251230,000000,1735.3,1748.3,1722.4,1745,0,0
ABE_MV,D,20260102,000000,1770.9,1780.6,1761.2,1780.6,0,0
ABE_MV,D,20260105,000000,1780.6,1842.2,1780.6,1829.2,0,0
ABE_MV,D,20260107,000000,1829.2,1916.6,1829.2,1916.6,0,0
ABE_MV,D,20260108,000000,1903.7,1913.4,1864.8,1913.4,0,0
ABE_MV,D,20260109,000000,1913.4,1926.3,1894,1926.3,0,0
ABE_MV,D,20260112,000000,1939.3,1955.5,1903.7,1926.3,0,0
ABE_MV,D,20260113,000000,1936,1955.5,1906.9,1926.3,0,0
ABE_MV,D,20260114,000000,2072,2072,1871.3,1939.3,0,0
ABE_MV,D,20260115,000000,1945.8,1945.8,1874.5,1910.1,0,0
ABE_MV,D,20260116,000000,1910.1,1974.9,1910.1,1974.9,0,0
ABE_MV,D,20260119,000000,1974.9,1974.9,1955.5,1958.7,0,0
ABE_MV,D,20260120,000000,1942.5,1958.7,1884.2,1926.3,0,0
ABE_MV,D,20260121,000000,1929.6,1955.5,1906.9,1916.6,0,0
ABE_MV,D,20260122,000000,1910.1,1932.8,1900.4,1929.6,0,0
ABE_MV,D,20260123,000000,1929.6,1955.5,1929.6,1932.8,0,0
