<TICKER>,<PER>,<DATE>,<TIME>,<OPEN>,<HIGH>,<LOW>,<CLOSE>,<VOL>,<OPENINT>
ABE_PE,D,20070813,000000,19.7955,19.7955,19.7955,19.7955,0,0
ABE_PE,D,20070814,000000,19.7955,19.7955,19.7955,19.7955,0,0
ABE_PE,D,20070816,000000,18.8841,18.8841,18.8841,18.8841,0,0
ABE_PE,D,20070817,000000,18.8841,18.8841,18.8841,18.8841,0,0
ABE_PE,D,20070820,000000,20.2919,20.2919,20.2919,20.2919,0,0
ABE_PE,D,20070821,000000,19.7955,19.7955,19.7955,19.7955,0,0
ABE_PE,D,20070822,000000,20.7882,20.7882,20.7882,20.7882,0,0
ABE_PE,D,20070823,000000,21.6997,21.6997,21.6997,21.6997,0,0
ABE_PE,D,20070824,000000,22.114,22.114,22.114,22.114,0,0
ABE_PE,D,20070827,000000,21.2846,21.2846,21.2846,21.2846,0,0
ABE_PE,D,20070828,000000,21.6997,21.6997,21.6997,21.6997,0,0
ABE_PE,D,20070829,000000,20.7882,20.7882,20.7882,20.7882,0,0
ABE_PE,D,20070830,000000,13.8311,13.8311,13.8311,13.8311,0,0
ABE_PE,D,20070831,000000,14.3284,14.3284,14.3284,14.3284,0,0
ABE_PE,D,20070903,000000,14.4944,14.4944,14.4944,14.4944,0,0
ABE_PE,D,20070904,000000,14.8256,14.8256,14.8256,14.8256,0,0
ABE_PE,D,20070905,000000,14.6587,14.6587,14.6587,14.6587,0,0
ABE_PE,D,20070906,000000,14.6587,14.6587,14.6587,14.6587,0,0
ABE_PE,D,20070907,000000,13.4998,13.4998,13.4998,13.4998,0,0
ABE_PE,D,20070910,000000,13.0857,13.0857,13.0857,13.0857,0,0
ABE_PE,D,20070911,000000,13.8311,13.8311,13.8311,13.8311,0,0
ABE_PE,D,20070912,000000,13.416,13.416,13.416,13.416,0,0
ABE_PE,D,20070913,000000,13.4998,13.4998,13.4998,13.4998,0,0
ABE_PE,D,20070914,000000,13.4998,13.4998,13.4998,13.4998,0,0
ABE_PE,D,20070917,000000,13.8311,13.8311,13.8311,13.8311,0,0
ABE_PE,D,20070918,000000,15.0738,15.0738,15.0738,15.0738,0,0
ABE_PE,D,20070919,000000,14.4944,14.4944,14.4944,14.4944,0,0
ABE_PE,D,20070920,000000,15.322,15.322,15.322,15.322,0,0
ABE_PE,D,20070921,000000,15.6541,15.6541,15.6541,15.6541,0,0
ABE_PE,D,20070924,000000,15.7372,15.7372,15.7372,15.7372,0,0
ABE_PE,D,20070925,000000,15.5711,15.5711,15.5711,15.5711,0,0
ABE_PE,D,20070926,000000,14.9899,14.9899,14.9899,14.9899,0,0
ABE_PE,D,20070927,000000,14.9087,14.9087,14.9087,14.9087,0,0
ABE_PE,D,20070928,000000,15.0738,15.0738,15.0738,15.0738,0,0
ABE_PE,D,20071001,000000,15.1568,15.1568,15.1568,15.1568,0,0
ABE_PE,D,20071002,000000,21.3676,21.3676,21.3676,21.3676,0,0
ABE_PE,D,20071003,000000,21.3676,21.3676,21.3676,21.3676,0,0
ABE_PE,D,20071004,000000,21.6157,21.6157,21.6157,21.6157,0,0
ABE_PE,D,20071005,000000,23.0254,23.0254,23.0254,23.0254,0,0
ABE_PE,D,20071008,000000,23.3566,23.3566,23.3566,23.3566,0,0
ABE_PE,D,20071009,000000,24.2672,24.2672,24.2672,24.2672,0,0
ABE_PE,D,20071010,000000,23.852,23.852,23.852,23.852,0,0
ABE_PE,D,20071011,000000,23.77,23.77,23.77,23.77,0,0
ABE_PE,D,20071012,000000,24.0181,24.0181,24.0181,24.0181,0,0
ABE_PE,D,20071015,000000,23.6869,23.6869,23.6869,23.6869,0,0
ABE_PE,D,20071016,000000,23.1085,23.1085,23.1085,23.1085,0,0
ABE_PE,D,20071017,000000,25.0127,25.0127,25.0127,25.0127,0,0
ABE_PE,D,20071018,000000,25.0127,25.0127,25.0127,25.0127,0,0
ABE_PE,D,20071019,000000,25.4259,25.4259,25.4259,25.4259,0,0
ABE_PE,D,20071022,000000,24.5145,24.5145,24.5145,24.5145,0,0
ABE_PE,D,20071023,000000,24.6814,24.6814,24.6814,24.6814,0,0
ABE_PE,D,20071024,000000,25.0127,25.0127,25.0127,25.0127,0,0
ABE_PE,D,20071025,000000,25.7571,25.7571,25.7571,25.7571,0,0
ABE_PE,D,20071026,000000,26.5035,26.5035,26.5035,26.5035,0,0
ABE_PE,D,20071029,000000,26.4205,26.4205,26.4205,26.4205,0,0
ABE_PE,D,20071030,000000,26.1723,26.1723,26.1723,26.1723,0,0
ABE_PE,D,20071031,000000,26.4205,26.4205,26.4205,26.4205,0,0
ABE_PE,D,20071102,000000,27.0829,27.0829,27.0829,27.0829,0,0
ABE_PE,D,20071105,000000,26.5035,26.5035,26.5035,26.5035,0,0
ABE_PE,D,20071106,000000,28.5738,28.5738,28.5738,28.5738,0,0
ABE_PE,D,20071107,000000,28.7399,28.7399,28.7399,28.7399,0,0
ABE_PE,D,20071108,000000,28.905,28.905,28.905,28.905,0,0
ABE_PE,D,20071109,000000,27.5792,29.1531,27.5792,28.987,0,0
ABE_PE,D,20071112,000000,28.987,28.987,27.7444,28.4917,0,0
ABE_PE,D,20071113,000000,28.987,28.987,27.7444,28.2416,0,0
ABE_PE,D,20071114,000000,28.4917,28.4917,27.4971,28.1596,0,0
ABE_PE,D,20071115,000000,28.4917,28.4917,25.51,26.0893,0,0
ABE_PE,D,20071116,000000,26.4205,26.4205,25.593,25.8402,0,0
ABE_PE,D,20071119,000000,25.8402,26.0893,25.51,25.593,0,0
ABE_PE,D,20071120,000000,25.9242,34.2882,24.1011,34.2882,0,0
ABE_PE,D,20071121,000000,32.6313,32.6313,32.6313,32.6313,0,0
ABE_PE,D,20071122,000000,32.6313,34.7845,31.8867,34.123,0,0
ABE_PE,D,20071123,000000,34.123,36.2771,34.123,36.2771,0,0
ABE_PE,D,20071126,000000,36.2771,37.6019,35.3648,36.2771,0,0
ABE_PE,D,20071127,000000,36.2771,36.6075,35.3648,35.6138,0,0
ABE_PE,D,20071128,000000,35.779,36.3593,35.779,35.779,0,0
ABE_PE,D,20071129,000000,35.779,36.4415,35.779,36.2771,0,0
ABE_PE,D,20071130,000000,36.4415,37.0226,36.4415,37.0226,0,0
ABE_PE,D,20071203,000000,37.0226,37.0226,37.0226,37.0226,0,0
ABE_PE,D,20071204,000000,36.0272,36.2771,35.6968,36.2771,0,0
ABE_PE,D,20071205,000000,35.5309,36.2771,35.5309,36.2771,0,0
ABE_PE,D,20071206,000000,36.2771,36.2771,36.2771,36.2771,0,0
ABE_PE,D,20071207,000000,36.2771,36.2771,35.1987,36.2771,0,0
ABE_PE,D,20071210,000000,35.5309,36.2771,35.5309,36.2771,0,0
ABE_PE,D,20071211,000000,37.0226,37.0226,36.2771,36.8566,0,0
ABE_PE,D,20071212,000000,35.5309,37.0226,35.5309,37.0226,0,0
ABE_PE,D,20071213,000000,37.2699,37.9323,37.0226,37.7671,0,0
ABE_PE,D,20071214,000000,38.5117,38.5117,37.1869,38.3466,0,0
ABE_PE,D,20071217,000000,38.2644,38.5117,37.1869,38.2644,0,0
ABE_PE,D,20071218,000000,37.7671,38.2644,37.7671,37.7671,0,0
ABE_PE,D,20071219,000000,37.0226,37.7671,37.0226,37.7671,0,0
ABE_PE,D,20071220,000000,37.0226,38.3466,37.0226,37.0226,0,0
ABE_PE,D,20071221,000000,38.0153,38.4286,36.1111,38.0153,0,0
ABE_PE,D,20071227,000000,37.0226,38.8437,36.2771,37.9323,0,0
ABE_PE,D,20071228,000000,38.0983,38.9259,37.7671,38.7617,0,0
ABE_PE,D,20080102,000000,38.3466,38.7617,37.7671,37.7671,0,0
ABE_PE,D,20080103,000000,38.0153,38.5117,37.7671,37.7671,0,0
ABE_PE,D,20080104,000000,36.7735,38.1814,36.7735,37.4368,0,0
ABE_PE,D,20080107,000000,36.3593,36.3593,35.6138,36.2771,0,0
ABE_PE,D,20080108,000000,33.9569,35.2818,33.9569,34.8685,0,0
ABE_PE,D,20080109,000000,34.4542,34.8685,34.4542,34.8685,0,0
ABE_PE,D,20080110,000000,34.123,34.123,31.6386,31.6386,0,0
ABE_PE,D,20080111,000000,31.9698,33.9569,31.9698,33.9569,0,0
ABE_PE,D,20080114,000000,32.6313,32.6313,32.6313,32.6313,0,0
ABE_PE,D,20080115,000000,32.2169,32.2169,31.1413,31.2243,0,0
ABE_PE,D,20080116,000000,29.071,31.2243,29.071,31.2243,0,0
ABE_PE,D,20080117,000000,30.8921,30.8921,30.2298,30.4798,0,0
ABE_PE,D,20080118,000000,30.4798,31.6386,30.1477,31.6386,0,0
ABE_PE,D,20080121,000000,30.0656,30.4798,29.8156,30.3128,0,0
ABE_PE,D,20080122,000000,28.987,30.8921,28.987,29.071,0,0
ABE_PE,D,20080123,000000,30.4798,31.2243,29.4844,30.3968,0,0
ABE_PE,D,20080124,000000,31.7216,31.7216,30.645,31.2243,0,0
ABE_PE,D,20080125,000000,31.9698,33.3776,31.9698,32.2169,0,0
ABE_PE,D,20080128,000000,32.2169,32.6313,31.8867,32.6313,0,0
ABE_PE,D,20080129,000000,33.0464,34.5364,33.0464,34.5364,0,0
ABE_PE,D,20080130,000000,34.8685,35.1167,34.04,34.04,0,0
ABE_PE,D,20080131,000000,33.3776,33.3776,33.3776,33.3776,0,0
ABE_PE,D,20080201,000000,33.8748,35.4487,33.3776,35.4487,0,0
ABE_PE,D,20080204,000000,34.8685,35.1167,34.8685,35.1167,0,0
ABE_PE,D,20080205,000000,34.7015,34.7015,34.123,34.123,0,0
ABE_PE,D,20080207,000000,34.9515,35.0345,32.384,32.384,0,0
ABE_PE,D,20080208,000000,32.7143,32.7143,32.6313,32.6313,0,0
ABE_PE,D,20080211,000000,32.0518,32.467,31.4716,31.8037,0,0
ABE_PE,D,20080212,000000,30.8091,31.9698,30.8091,31.9698,0,0
ABE_PE,D,20080213,000000,31.9698,31.9698,31.9698,31.9698,0,0
ABE_PE,D,20080214,000000,31.9698,31.9698,31.9698,31.9698,0,0
ABE_PE,D,20080215,000000,31.8037,31.8037,31.8037,31.8037,0,0
ABE_PE,D,20080218,000000,31.8037,31.8867,20.54,20.54,0,0
ABE_PE,D,20080219,000000,20.2089,20.7882,19.7115,20.7882,0,0
ABE_PE,D,20080220,000000,20.9543,20.9543,20.6231,20.6231,0,0
ABE_PE,D,20080221,000000,21.3676,21.3676,20.6231,20.7052,0,0
ABE_PE,D,20080222,000000,21.0373,21.0373,20.7052,21.0373,0,0
ABE_PE,D,20080225,000000,21.5346,21.5346,21.0373,21.1203,0,0
ABE_PE,D,20080226,000000,21.5346,21.5346,21.1203,21.1203,0,0
ABE_PE,D,20080227,000000,21.5346,21.5346,21.1203,21.5346,0,0
ABE_PE,D,20080228,000000,21.5346,22.0309,21.5346,21.5346,0,0
ABE_PE,D,20080229,000000,21.5346,21.5346,21.5346,21.5346,0,0
ABE_PE,D,20080303,000000,20.8712,20.8712,20.2919,20.2919,0,0
ABE_PE,D,20080304,000000,20.3731,20.7052,20.0418,20.7052,0,0
ABE_PE,D,20080310,000000,20.6231,20.8712,20.6231,20.8712,0,0
ABE_PE,D,20080311,000000,20.8712,20.8712,20.6231,20.6231,0,0
ABE_PE,D,20080312,000000,20.6231,21.1203,20.6231,21.0373,0,0
ABE_PE,D,20080313,000000,21.0373,21.1203,20.2089,21.1203,0,0
ABE_PE,D,20080314,000000,21.1203,21.1203,21.1203,21.1203,0,0
ABE_PE,D,20080317,000000,20.2089,20.2089,20.2089,20.2089,0,0
ABE_PE,D,20080318,000000,20.6231,21.0373,20.2919,21.0373,0,0
ABE_PE,D,20080320,000000,20.6231,20.6231,20.6231,20.6231,0,0
ABE_PE,D,20080325,000000,20.7052,20.7052,20.457,20.457,0,0
ABE_PE,D,20080326,000000,20.457,20.457,20.2919,20.2919,0,0
ABE_PE,D,20080327,000000,20.2919,20.2919,20.1258,20.2919,0,0
ABE_PE,D,20080328,000000,20.7882,20.7882,20.6231,20.7052,0,0
ABE_PE,D,20080331,000000,20.6231,20.6231,20.6231,20.6231,0,0
ABE_PE,D,20080401,000000,20.0418,20.457,18.8001,20.3731,0,0
ABE_PE,D,20080402,000000,21.0373,21.0373,20.1258,20.1258,0,0
ABE_PE,D,20080403,000000,20.1258,20.1258,19.6295,20.0418,0,0
ABE_PE,D,20080404,000000,19.8776,20.1258,19.8776,20.1258,0,0
ABE_PE,D,20080408,000000,20.1258,20.54,20.1258,20.54,0,0
ABE_PE,D,20080409,000000,20.457,20.457,20.2919,20.3731,0,0
ABE_PE,D,20080410,000000,19.7115,20.6231,19.7115,20.6231,0,0
ABE_PE,D,20080411,000000,20.3731,21.2024,20.3731,21.1203,0,0
ABE_PE,D,20080414,000000,20.54,20.54,20.2919,20.2919,0,0
ABE_PE,D,20080415,000000,20.2919,20.2919,19.2983,19.2983,0,0
ABE_PE,D,20080416,000000,19.2983,20.1258,19.2983,20.1258,0,0
ABE_PE,D,20080417,000000,19.7115,20.6231,19.0501,20.6231,0,0
ABE_PE,D,20080418,000000,20.1258,20.3731,19.7115,20.2919,0,0
ABE_PE,D,20080421,000000,20.1258,20.1258,20.1258,20.1258,0,0
ABE_PE,D,20080422,000000,19.9598,20.1258,19.7115,20.1258,0,0
ABE_PE,D,20080423,000000,19.4634,20.0418,18.6358,19.1312,0,0
ABE_PE,D,20080424,000000,19.1312,19.2152,18.9671,19.2152,0,0
ABE_PE,D,20080425,000000,18.9671,19.0501,18.9671,19.0501,0,0
ABE_PE,D,20080428,000000,19.0501,19.0501,18.8841,18.8841,0,0
ABE_PE,D,20080429,000000,18.3867,18.3867,18.3867,18.3867,0,0
ABE_PE,D,20080430,000000,18.1376,19.0501,18.1376,19.0501,0,0
ABE_PE,D,20080505,000000,18.718,19.6295,18.718,19.5464,0,0
ABE_PE,D,20080506,000000,19.5464,19.6295,18.718,19.6295,0,0
ABE_PE,D,20080507,000000,19.6295,19.6295,19.6295,19.6295,0,0
ABE_PE,D,20080508,000000,19.7115,19.7115,19.6295,19.6295,0,0
ABE_PE,D,20080509,000000,19.2152,19.6295,19.1312,19.6295,0,0
ABE_PE,D,20080513,000000,19.1312,19.6295,19.1312,19.6295,0,0
ABE_PE,D,20080515,000000,19.2152,19.6295,19.1312,19.2152,0,0
ABE_PE,D,20080516,000000,19.2152,19.7115,19.2152,19.6295,0,0
ABE_PE,D,20080519,000000,19.6295,19.7115,19.1312,19.7115,0,0
ABE_PE,D,20080520,000000,19.4634,19.4634,19.3803,19.3803,0,0
ABE_PE,D,20080521,000000,19.8776,19.8776,19.8776,19.8776,0,0
ABE_PE,D,20080523,000000,19.4634,19.8776,19.4634,19.8776,0,0
ABE_PE,D,20080526,000000,19.8776,19.8776,19.2152,19.2152,0,0
ABE_PE,D,20080527,000000,19.7115,19.7115,19.2152,19.2152,0,0
ABE_PE,D,20080528,000000,19.2152,19.2152,19.2152,19.2152,0,0
ABE_PE,D,20080529,000000,19.2152,19.2152,19.1312,19.1312,0,0
ABE_PE,D,20080530,000000,18.8841,18.9671,18.718,18.8841,0,0
ABE_PE,D,20080602,000000,19.1312,19.3803,19.1312,19.3803,0,0
ABE_PE,D,20080604,000000,19.2983,19.6295,19.2983,19.6295,0,0
ABE_PE,D,20080605,000000,19.3803,19.5464,18.4689,18.4689,0,0
ABE_PE,D,20080606,000000,18.3037,18.3867,18.3037,18.3867,0,0
ABE_PE,D,20080609,000000,18.4689,18.718,18.3867,18.718,0,0
ABE_PE,D,20080610,000000,18.4689,18.718,18.1376,18.1376,0,0
ABE_PE,D,20080611,000000,17.5583,18.3037,17.5583,18.3037,0,0
ABE_PE,D,20080612,000000,18.2216,18.2216,17.6413,17.6413,0,0
ABE_PE,D,20080613,000000,18.0555,18.0555,17.4752,17.5583,0,0
ABE_PE,D,20080616,000000,17.3101,17.9725,15.9844,17.3101,0,0
ABE_PE,D,20080617,000000,17.061,17.3101,17.061,17.3101,0,0
ABE_PE,D,20080618,000000,17.1441,17.1441,17.061,17.061,0,0
ABE_PE,D,20080619,000000,17.061,17.061,17.061,17.061,0,0
ABE_PE,D,20080620,000000,16.8129,16.8129,16.8129,16.8129,0,0
ABE_PE,D,20080623,000000,16.8129,16.8129,15.7372,16.1514,0,0
ABE_PE,D,20080624,000000,15.5711,15.5711,14.2453,14.9087,0,0
ABE_PE,D,20080625,000000,15.322,15.322,14.6587,14.6587,0,0
ABE_PE,D,20080626,000000,14.4114,14.4114,13.4998,14.1624,0,0
ABE_PE,D,20080627,000000,13.8311,13.9142,13.8311,13.9142,0,0
ABE_PE,D,20080630,000000,13.9142,13.9142,13.7482,13.8311,0,0
ABE_PE,D,20080701,000000,13.1687,13.7482,13.1687,13.7482,0,0
ABE_PE,D,20080702,000000,13.2517,13.416,12.5893,12.6724,0,0
ABE_PE,D,20080703,000000,12.5073,12.5073,12.2582,12.3412,0,0
ABE_PE,D,20080704,000000,11.8438,11.8438,11.5948,11.5948,0,0
ABE_PE,D,20080707,000000,11.0155,11.0985,11.0155,11.0155,0,0
ABE_PE,D,20080708,000000,10.8503,11.1815,10.8503,11.0155,0,0
ABE_PE,D,20080709,000000,11.1815,11.8438,11.1815,11.8438,0,0
ABE_PE,D,20080710,000000,11.8438,12.2582,11.5948,12.1743,0,0
ABE_PE,D,20080711,000000,12.0099,12.9205,12.0099,12.0099,0,0
ABE_PE,D,20080714,000000,11.7608,12.1743,11.5118,11.8438,0,0
ABE_PE,D,20080715,000000,11.5118,11.5948,11.5118,11.5118,0,0
ABE_PE,D,20080716,000000,11.0985,11.1815,11.0985,11.1815,0,0
ABE_PE,D,20080717,000000,11.1815,11.1815,10.9315,11.0985,0,0
ABE_PE,D,20080718,000000,10.8503,10.8503,10.8503,10.8503,0,0
ABE_PE,D,20080721,000000,10.5183,11.4296,10.5183,11.4296,0,0
ABE_PE,D,20080722,000000,11.7608,11.7608,11.1815,11.5118,0,0
ABE_PE,D,20080723,000000,11.7608,12.0099,11.5118,11.5118,0,0
ABE_PE,D,20080724,000000,11.5118,11.7608,11.3467,11.7608,0,0
ABE_PE,D,20080725,000000,11.4296,11.6787,11.4296,11.5948,0,0
ABE_PE,D,20080728,000000,11.5948,12.093,11.5948,12.093,0,0
ABE_PE,D,20080729,000000,12.0099,12.0099,11.6787,11.6787,0,0
ABE_PE,D,20080731,000000,11.9269,12.0099,11.9269,12.0099,0,0
ABE_PE,D,20080804,000000,12.093,12.093,12.093,12.093,0,0
ABE_PE,D,20080805,000000,11.5948,11.5948,11.5948,11.5948,0,0
ABE_PE,D,20080806,000000,11.1815,11.1815,11.1815,11.1815,0,0
ABE_PE,D,20080807,000000,11.1815,11.1815,11.1815,11.1815,0,0
ABE_PE,D,20080808,000000,11.0985,11.0985,10.8503,11.0155,0,0
ABE_PE,D,20080811,000000,11.1815,11.1815,10.8503,11.0155,0,0
ABE_PE,D,20080812,000000,11.3467,12.1743,11.3467,12.1743,0,0
ABE_PE,D,20080813,000000,12.093,12.093,12.093,12.093,0,0
ABE_PE,D,20080814,000000,11.7608,12.093,11.7608,12.093,0,0
ABE_PE,D,20080818,000000,12.1743,12.1743,12.1743,12.1743,0,0
ABE_PE,D,20080819,000000,12.1743,12.1743,11.6787,11.6787,0,0
ABE_PE,D,20080820,000000,12.0099,12.0099,12.0099,12.0099,0,0
ABE_PE,D,20080821,000000,11.9269,12.5073,11.9269,12.5073,0,0
ABE_PE,D,20080822,000000,12.5893,13.7482,11.9269,13.7482,0,0
ABE_PE,D,20080825,000000,14.4114,14.8256,14.3284,14.3284,0,0
ABE_PE,D,20080826,000000,15.4881,15.4881,13.5829,13.7482,0,0
ABE_PE,D,20080827,000000,13.7482,13.7482,12.5073,12.5073,0,0
ABE_PE,D,20080828,000000,12.5073,12.6724,12.4242,12.5893,0,0
ABE_PE,D,20080829,000000,12.5893,12.5893,12.5893,12.5893,0,0
ABE_PE,D,20080901,000000,12.7554,12.7554,12.5073,12.5073,0,0
ABE_PE,D,20080902,000000,12.1743,12.3412,12.1743,12.2582,0,0
ABE_PE,D,20080903,000000,13.1687,13.1687,12.1743,12.1743,0,0
ABE_PE,D,20080904,000000,11.7608,12.2582,11.7608,12.1743,0,0
ABE_PE,D,20080905,000000,11.8438,12.093,11.7608,12.093,0,0
ABE_PE,D,20080908,000000,12.093,12.1743,12.0099,12.093,0,0
ABE_PE,D,20080909,000000,11.9269,12.0099,11.5948,11.5948,0,0
ABE_PE,D,20080910,000000,11.9269,11.9269,11.5948,11.5948,0,0
ABE_PE,D,20080911,000000,11.5948,11.9269,11.5948,11.9269,0,0
ABE_PE,D,20080912,000000,11.9269,11.9269,11.9269,11.9269,0,0
ABE_PE,D,20080915,000000,11.9269,11.9269,11.5948,11.5948,0,0
ABE_PE,D,20080917,000000,11.3467,11.3467,11.1815,11.2645,0,0
ABE_PE,D,20080919,000000,11.2645,11.8438,11.2645,11.7608,0,0
ABE_PE,D,20080922,000000,11.7608,11.7608,11.5118,11.5118,0,0
ABE_PE,D,20080923,000000,11.4296,11.4296,11.4296,11.4296,0,0
ABE_PE,D,20080925,000000,11.5118,11.6787,11.3467,11.6787,0,0
ABE_PE,D,20080926,000000,11.6787,11.6787,11.2645,11.2645,0,0
ABE_PE,D,20080930,000000,10.6843,11.1815,10.6013,11.1815,0,0
ABE_PE,D,20081001,000000,10.5183,11.1815,10.436,10.436,0,0
ABE_PE,D,20081002,000000,10.3522,10.436,10.0219,10.0219,0,0
ABE_PE,D,20081003,000000,10.5183,10.5183,9.60766,9.85581,0,0
ABE_PE,D,20081006,000000,9.19338,9.60766,9.19338,9.60766,0,0
ABE_PE,D,20081007,000000,9.52462,9.52462,9.52462,9.52462,0,0
ABE_PE,D,20081008,000000,9.02732,9.60766,8.69667,9.52462,0,0
ABE_PE,D,20081009,000000,9.11036,9.11036,9.11036,9.11036,0,0
ABE_PE,D,20081010,000000,9.02732,9.02732,8.11674,8.86219,0,0
ABE_PE,D,20081013,000000,8.53144,9.11036,8.53144,9.11036,0,0
ABE_PE,D,20081014,000000,9.93885,9.93885,8.94521,9.85581,0,0
ABE_PE,D,20081015,000000,9.85581,9.85581,9.02732,9.02732,0,0
ABE_PE,D,20081016,000000,9.27641,9.27641,8.61447,9.11036,0,0
ABE_PE,D,20081017,000000,9.93885,9.93885,9.19338,9.52462,0,0
ABE_PE,D,20081020,000000,9.11036,9.60766,8.94521,8.94521,0,0
ABE_PE,D,20081021,000000,9.11036,9.11036,8.69667,9.11036,0,0
ABE_PE,D,20081022,000000,9.02732,9.02732,9.02732,9.02732,0,0
ABE_PE,D,20081023,000000,9.11036,9.11036,8.03381,8.11674,0,0
ABE_PE,D,20081024,000000,8.11674,8.11674,6.79139,7.95105,0,0
ABE_PE,D,20081027,000000,7.70252,7.95105,7.70252,7.95105,0,0
ABE_PE,D,20081028,000000,7.95105,8.11674,7.70252,8.11674,0,0
ABE_PE,D,20081029,000000,8.44795,8.44795,8.1996,8.28254,0,0
ABE_PE,D,20081030,000000,8.36492,8.36492,7.78527,8.03381,0,0
ABE_PE,D,20081031,000000,7.95105,8.1996,7.95105,8.1996,0,0
ABE_PE,D,20081103,000000,7.61958,8.44795,7.61958,8.44795,0,0
ABE_PE,D,20081104,000000,9.11036,9.11036,8.44795,8.44795,0,0
ABE_PE,D,20081105,000000,8.86219,8.86219,7.95105,8.44795,0,0
ABE_PE,D,20081106,000000,8.44795,8.44795,8.36492,8.36492,0,0
ABE_PE,D,20081107,000000,8.36492,8.36492,7.12268,7.12268,0,0
ABE_PE,D,20081110,000000,7.70252,7.70252,7.61958,7.61958,0,0
ABE_PE,D,20081112,000000,7.61958,7.61958,7.12268,7.45398,0,0
ABE_PE,D,20081113,000000,7.45398,7.45398,6.95708,7.37103,0,0
ABE_PE,D,20081114,000000,7.20553,7.20553,6.79139,6.87423,0,0
ABE_PE,D,20081117,000000,6.79139,6.79139,6.21174,6.70863,0,0
ABE_PE,D,20081119,000000,6.54294,6.70863,6.54294,6.70863,0,0
ABE_PE,D,20081120,000000,6.79139,6.79139,6.79139,6.79139,0,0
ABE_PE,D,20081121,000000,6.87423,6.87423,5.7976,5.7976,0,0
ABE_PE,D,20081124,000000,5.7976,5.88044,5.30061,5.30061,0,0
ABE_PE,D,20081125,000000,5.46631,5.46631,4.80372,4.96941,0,0
ABE_PE,D,20081126,000000,4.80372,5.21777,4.72087,4.72087,0,0
ABE_PE,D,20081127,000000,4.80372,4.80372,4.47242,4.47242,0,0
ABE_PE,D,20081128,000000,4.72087,4.72087,4.55527,4.63812,0,0
ABE_PE,D,20081201,000000,4.63812,4.72087,4.63812,4.63812,0,0
ABE_PE,D,20081202,000000,4.47242,4.63812,4.47242,4.63812,0,0
ABE_PE,D,20081203,000000,4.72087,4.80372,4.55527,4.55527,0,0
ABE_PE,D,20081204,000000,4.47242,4.47242,4.22388,4.22388,0,0
ABE_PE,D,20081216,000000,2.7332,2.7332,2.7332,2.7332,0,0
ABE_PE,D,20081217,000000,2.7332,2.7332,2.65035,2.65035,0,0
ABE_PE,D,20081218,000000,2.65035,2.65035,2.56751,2.65035,0,0
ABE_PE,D,20081219,000000,2.65035,2.65035,2.65035,2.65035,0,0
ABE_PE,D,20081222,000000,2.56751,2.56751,2.48466,2.56751,0,0
ABE_PE,D,20081223,000000,2.56751,2.56751,2.48466,2.56751,0,0
ABE_PE,D,20081229,000000,2.56751,2.65035,2.56751,2.65035,0,0
ABE_PE,D,20081230,000000,2.56751,2.7332,2.56751,2.7332,0,0
ABE_PE,D,20081231,000000,2.7332,2.7332,2.7332,2.7332,0,0
ABE_PE,D,20090105,000000,2.7332,2.98156,2.7332,2.8987,0,0
ABE_PE,D,20090106,000000,2.8987,2.98156,2.81605,2.8987,0,0
ABE_PE,D,20090107,000000,2.8987,2.8987,2.81605,2.81605,0,0
ABE_PE,D,20090108,000000,2.81605,2.81605,2.81605,2.81605,0,0
ABE_PE,D,20090109,000000,2.81605,2.81605,2.65035,2.7332,0,0
ABE_PE,D,20090112,000000,2.7332,2.81605,2.56751,2.65035,0,0
ABE_PE,D,20090113,000000,2.56751,2.56751,2.48466,2.48466,0,0
ABE_PE,D,20090114,000000,2.65035,2.65035,2.40181,2.48466,0,0
ABE_PE,D,20090115,000000,2.48466,2.48466,2.40181,2.48466,0,0
ABE_PE,D,20090116,000000,2.48466,2.56751,2.40181,2.56751,0,0
ABE_PE,D,20090119,000000,2.56751,2.65035,2.48466,2.48466,0,0
ABE_PE,D,20090120,000000,2.48466,2.48466,2.40181,2.40181,0,0
ABE_PE,D,20090121,000000,2.31897,2.81605,2.31897,2.81605,0,0
ABE_PE,D,20090122,000000,2.8987,2.8987,2.65035,2.81605,0,0
ABE_PE,D,20090123,000000,2.7332,2.7332,2.7332,2.7332,0,0
ABE_PE,D,20090126,000000,2.65035,2.7332,2.56751,2.7332,0,0
ABE_PE,D,20090127,000000,2.65035,2.81605,2.65035,2.65035,0,0
ABE_PE,D,20090128,000000,2.65035,2.7332,2.56751,2.56751,0,0
ABE_PE,D,20090129,000000,2.65035,2.65035,2.56751,2.56751,0,0
ABE_PE,D,20090130,000000,2.56751,2.56751,2.56751,2.56751,0,0
ABE_PE,D,20090202,000000,2.56751,2.56751,2.40181,2.40181,0,0
ABE_PE,D,20090203,000000,2.40181,2.40181,2.40181,2.40181,0,0
ABE_PE,D,20090204,000000,2.56751,2.56751,2.31897,2.40181,0,0
ABE_PE,D,20090205,000000,2.31897,2.31897,2.31897,2.31897,0,0
ABE_PE,D,20090206,000000,2.48466,2.48466,2.31897,2.31897,0,0
ABE_PE,D,20090209,000000,2.40181,2.40181,2.40181,2.40181,0,0
ABE_PE,D,20090210,000000,2.40181,2.40181,2.31897,2.31897,0,0
ABE_PE,D,20090211,000000,2.31897,2.31897,2.23621,2.31897,0,0
ABE_PE,D,20090212,000000,2.31897,2.31897,2.23621,2.23621,0,0
ABE_PE,D,20090213,000000,2.31897,2.31897,2.23621,2.23621,0,0
ABE_PE,D,20090216,000000,2.31897,2.31897,2.15346,2.23621,0,0
ABE_PE,D,20090217,000000,2.31897,2.40181,2.23621,2.23621,0,0
ABE_PE,D,20090218,000000,2.31897,2.31897,2.07052,2.07052,0,0
ABE_PE,D,20090219,000000,2.23621,2.23621,2.15346,2.23621,0,0
ABE_PE,D,20090220,000000,2.23621,2.65035,2.23621,2.48466,0,0
ABE_PE,D,20090223,000000,2.7332,2.7332,2.31897,2.31897,0,0
ABE_PE,D,20090224,000000,2.40181,2.40181,2.31897,2.31897,0,0
ABE_PE,D,20090225,000000,2.40181,2.40181,2.31897,2.40181,0,0
ABE_PE,D,20090226,000000,2.56751,2.56751,2.40181,2.40181,0,0
ABE_PE,D,20090227,000000,2.40181,2.48466,2.31897,2.40181,0,0
ABE_PE,D,20090302,000000,2.40181,2.40181,2.31897,2.40181,0,0
ABE_PE,D,20090303,000000,2.31897,2.40181,2.31897,2.40181,0,0
ABE_PE,D,20090304,000000,2.40181,2.48466,2.40181,2.48466,0,0
ABE_PE,D,20090305,000000,2.48466,2.56751,2.48466,2.48466,0,0
ABE_PE,D,20090306,000000,2.48466,2.65035,2.48466,2.56751,0,0
ABE_PE,D,20090309,000000,2.7332,2.98156,2.7332,2.81605,0,0
ABE_PE,D,20090310,000000,2.81605,3.39561,2.81605,3.0644,0,0
ABE_PE,D,20090311,000000,3.2301,3.2301,2.81605,2.81605,0,0
ABE_PE,D,20090312,000000,2.81605,2.8987,2.7332,2.8987,0,0
ABE_PE,D,20090313,000000,3.14716,3.14716,2.8987,2.98156,0,0
ABE_PE,D,20090316,000000,3.0644,3.2301,3.0644,3.14716,0,0
ABE_PE,D,20090317,000000,3.0644,3.0644,2.8987,2.8987,0,0
ABE_PE,D,20090318,000000,2.8987,2.98156,2.81605,2.8987,0,0
ABE_PE,D,20090319,000000,2.8987,3.2301,2.8987,3.2301,0,0
ABE_PE,D,20090320,000000,3.2301,3.2301,3.0644,3.14716,0,0
ABE_PE,D,20090323,000000,3.31285,3.31285,3.14716,3.2301,0,0
ABE_PE,D,20090324,000000,3.31285,3.31285,3.0644,3.2301,0,0
ABE_PE,D,20090325,000000,3.2301,3.31285,3.2301,3.2301,0,0
ABE_PE,D,20090326,000000,3.2301,3.39561,3.2301,3.2301,0,0
ABE_PE,D,20090327,000000,3.31285,3.47845,3.31285,3.31285,0,0
ABE_PE,D,20090330,000000,3.56138,3.56138,3.31285,3.47845,0,0
ABE_PE,D,20090331,000000,3.39561,3.56138,3.39561,3.47845,0,0
ABE_PE,D,20090401,000000,3.47845,3.47845,3.31285,3.31285,0,0
ABE_PE,D,20090402,000000,3.39561,3.39561,3.39561,3.39561,0,0
ABE_PE,D,20090403,000000,3.39561,3.47845,3.31285,3.31285,0,0
ABE_PE,D,20090406,000000,3.31285,3.47845,3.31285,3.47845,0,0
ABE_PE,D,20090407,000000,3.56138,3.56138,3.47845,3.56138,0,0
ABE_PE,D,20090408,000000,3.39561,3.64415,3.39561,3.56138,0,0
ABE_PE,D,20090409,000000,3.7269,3.89259,3.64415,3.89259,0,0
ABE_PE,D,20090414,000000,4.05837,4.38967,3.89259,4.30673,0,0
ABE_PE,D,20090415,000000,4.38967,4.38967,4.22388,4.30673,0,0
ABE_PE,D,20090416,000000,4.22388,4.47242,4.22388,4.47242,0,0
ABE_PE,D,20090417,000000,4.55527,4.55527,4.22388,4.30673,0,0
ABE_PE,D,20090420,000000,3.97543,4.05837,3.80983,3.89259,0,0
ABE_PE,D,20090421,000000,3.80983,4.05837,3.80983,3.89259,0,0
ABE_PE,D,20090422,000000,3.89259,4.05837,3.89259,3.89259,0,0
ABE_PE,D,20090423,000000,4.05837,4.05837,3.89259,3.89259,0,0
ABE_PE,D,20090424,000000,3.89259,4.05837,3.89259,4.05837,0,0
ABE_PE,D,20090427,000000,4.14122,4.14122,4.05837,4.14122,0,0
ABE_PE,D,20090428,000000,4.14122,4.14122,3.97543,3.97543,0,0
ABE_PE,D,20090429,000000,4.05837,4.80372,4.05837,4.47242,0,0
ABE_PE,D,20090430,000000,4.47242,4.55527,4.38967,4.47242,0,0
ABE_PE,D,20090504,000000,4.63812,5.21777,4.63812,4.80372,0,0
ABE_PE,D,20090505,000000,4.88666,4.88666,4.72087,4.72087,0,0
ABE_PE,D,20090506,000000,4.72087,4.80372,4.55527,4.72087,0,0
ABE_PE,D,20090507,000000,4.80372,4.96941,3.7269,3.7269,0,0
ABE_PE,D,20090508,000000,3.80983,4.05837,3.7269,3.97543,0,0
ABE_PE,D,20090511,000000,3.97543,4.22388,3.97543,4.05837,0,0
ABE_PE,D,20090512,000000,4.14122,4.14122,4.05837,4.14122,0,0
ABE_PE,D,20090513,000000,4.30673,4.30673,4.14122,4.14122,0,0
ABE_PE,D,20090514,000000,4.38967,4.38967,4.14122,4.14122,0,0
ABE_PE,D,20090515,000000,4.14122,4.14122,3.39561,3.39561,0,0
ABE_PE,D,20090518,000000,3.47845,3.64415,3.39561,3.56138,0,0
ABE_PE,D,20090519,000000,3.64415,3.7269,3.56138,3.64415,0,0
ABE_PE,D,20090520,000000,3.7269,3.7269,3.64415,3.64415,0,0
ABE_PE,D,20090521,000000,3.64415,3.64415,3.56138,3.56138,0,0
ABE_PE,D,20090522,000000,3.47845,3.56138,3.47845,3.56138,0,0
ABE_PE,D,20090525,000000,3.56138,3.56138,3.39561,3.39561,0,0
ABE_PE,D,20090526,000000,3.39561,3.39561,3.31285,3.31285,0,0
ABE_PE,D,20090527,000000,3.39561,3.47845,3.31285,3.47845,0,0
ABE_PE,D,20090528,000000,3.47845,3.47845,3.31285,3.39561,0,0
ABE_PE,D,20090529,000000,3.39404,3.39404,3.30971,3.30971,0,0
ABE_PE,D,20090601,000000,3.31285,3.39561,3.31285,3.39561,0,0
ABE_PE,D,20090602,000000,3.47845,3.47845,3.39561,3.47845,0,0
ABE_PE,D,20090603,000000,3.47845,3.56138,3.39561,3.47845,0,0
ABE_PE,D,20090604,000000,3.56138,3.56138,3.39561,3.47845,0,0
ABE_PE,D,20090605,000000,3.47845,3.47845,3.39561,3.39561,0,0
ABE_PE,D,20090608,000000,3.39561,3.39561,3.31285,3.39561,0,0
ABE_PE,D,20090609,000000,3.39561,3.47845,3.39561,3.39561,0,0
ABE_PE,D,20090610,000000,3.47845,3.47845,3.39561,3.39561,0,0
ABE_PE,D,20090612,000000,3.39561,3.47845,3.39561,3.47845,0,0
ABE_PE,D,20090615,000000,3.47845,3.56138,3.39561,3.39561,0,0
ABE_PE,D,20090616,000000,3.39561,3.64415,3.39561,3.56138,0,0
ABE_PE,D,20090617,000000,3.56138,3.80983,3.56138,3.80983,0,0
ABE_PE,D,20090618,000000,3.80983,3.80983,3.7269,3.80983,0,0
ABE_PE,D,20090619,000000,3.7269,3.80983,3.7269,3.80983,0,0
ABE_PE,D,20090622,000000,3.80983,3.80983,3.56138,3.56138,0,0
ABE_PE,D,20090623,000000,3.39561,3.64415,3.39561,3.64415,0,0
ABE_PE,D,20090624,000000,3.64415,3.7269,3.64415,3.7269,0,0
ABE_PE,D,20090625,000000,3.7269,3.7269,3.7269,3.7269,0,0
ABE_PE,D,20090626,000000,3.80983,3.80983,3.7269,3.7269,0,0
ABE_PE,D,20090629,000000,3.7269,3.7269,3.7269,3.7269,0,0
ABE_PE,D,20090630,000000,3.7269,3.7269,3.7269,3.7269,0,0
ABE_PE,D,20090701,000000,3.7269,3.97543,3.7269,3.97543,0,0
ABE_PE,D,20090702,000000,4.05837,4.05837,3.80983,3.80983,0,0
ABE_PE,D,20090703,000000,3.7269,3.89259,3.7269,3.89259,0,0
ABE_PE,D,20090706,000000,3.89259,3.89259,3.7269,3.80983,0,0
ABE_PE,D,20090707,000000,3.80983,3.89259,3.7269,3.80983,0,0
ABE_PE,D,20090708,000000,3.7269,3.80983,3.7269,3.80983,0,0
ABE_PE,D,20090709,000000,3.80983,3.80983,3.7269,3.80983,0,0
ABE_PE,D,20090710,000000,3.80983,3.80983,3.80983,3.80983,0,0
ABE_PE,D,20090713,000000,3.80983,3.80983,3.80983,3.80983,0,0
ABE_PE,D,20090714,000000,3.80983,3.89259,3.80983,3.80983,0,0
ABE_PE,D,20090715,000000,3.89259,4.14122,3.89259,4.14122,0,0
ABE_PE,D,20090716,000000,4.22388,4.30673,4.14122,4.22388,0,0
ABE_PE,D,20090717,000000,4.22388,4.30673,4.14122,4.14122,0,0
ABE_PE,D,20090720,000000,4.22388,4.30673,4.14122,4.30673,0,0
ABE_PE,D,20090721,000000,4.30673,4.47242,4.30673,4.47242,0,0
ABE_PE,D,20090722,000000,4.47242,5.13491,4.30673,5.13491,0,0
ABE_PE,D,20090723,000000,4.88666,5.05217,4.88666,5.05217,0,0
ABE_PE,D,20090724,000000,5.13491,5.21777,4.88666,4.96941,0,0
ABE_PE,D,20090727,000000,4.88666,5.05217,4.88666,4.96941,0,0
ABE_PE,D,20090728,000000,4.96941,5.05217,4.96941,5.05217,0,0
ABE_PE,D,20090729,000000,5.05217,5.71476,5.05217,5.21777,0,0
ABE_PE,D,20090730,000000,5.30061,5.54906,5.30061,5.46631,0,0
ABE_PE,D,20090731,000000,5.54906,5.63191,5.54906,5.54906,0,0
ABE_PE,D,20090803,000000,5.54906,5.54906,5.30061,5.54906,0,0
ABE_PE,D,20090804,000000,5.63191,5.63191,5.46631,5.46631,0,0
ABE_PE,D,20090805,000000,5.46631,5.46631,5.38346,5.38346,0,0
ABE_PE,D,20090806,000000,5.38346,5.63191,5.38346,5.63191,0,0
ABE_PE,D,20090807,000000,5.71595,5.71595,5.54703,5.71595,0,0
ABE_PE,D,20090810,000000,5.71595,5.80027,5.71595,5.80027,0,0
ABE_PE,D,20090811,000000,5.7976,6.21174,5.7976,6.04605,0,0
ABE_PE,D,20090812,000000,6.12898,6.12898,5.9632,6.04605,0,0
ABE_PE,D,20090813,000000,6.29458,6.29458,6.12898,6.21174,0,0
ABE_PE,D,20090814,000000,6.54294,6.54294,6.04605,6.21174,0,0
ABE_PE,D,20090817,000000,6.21174,6.21174,6.04605,6.21174,0,0
ABE_PE,D,20090818,000000,6.12898,6.21174,6.12898,6.12898,0,0
ABE_PE,D,20090819,000000,6.12898,6.12898,6.04605,6.04605,0,0
ABE_PE,D,20090820,000000,6.04605,6.12898,6.04605,6.04605,0,0
ABE_PE,D,20090821,000000,6.04605,6.04605,5.88044,5.9632,0,0
ABE_PE,D,20090824,000000,6.04605,6.04605,5.88044,5.88044,0,0
ABE_PE,D,20090825,000000,5.88044,5.88044,5.7976,5.88044,0,0
ABE_PE,D,20090826,000000,5.87638,5.87638,5.80027,5.80027,0,0
ABE_PE,D,20090827,000000,5.7976,5.88044,5.71476,5.88044,0,0
ABE_PE,D,20090828,000000,5.88044,6.12898,5.88044,6.04605,0,0
ABE_PE,D,20090831,000000,5.9632,6.21174,5.9632,6.21174,0,0
ABE_PE,D,20090901,000000,6.21395,6.21395,5.63144,5.9608,0,0
ABE_PE,D,20090902,000000,5.71595,5.9608,5.38659,5.54703,0,0
ABE_PE,D,20090903,000000,5.30061,5.54906,5.30061,5.46631,0,0
ABE_PE,D,20090904,000000,5.30061,5.88044,5.30061,5.88044,0,0
ABE_PE,D,20090907,000000,5.7976,6.12898,5.7976,6.04605,0,0
ABE_PE,D,20090908,000000,6.21174,6.29458,5.9632,6.04605,0,0
ABE_PE,D,20090909,000000,6.12898,6.12898,6.04605,6.04605,0,0
ABE_PE,D,20090910,000000,6.04605,6.04605,5.71476,5.9632,0,0
ABE_PE,D,20090911,000000,5.71476,5.88044,5.63191,5.88044,0,0
ABE_PE,D,20090914,000000,5.63191,5.63191,5.21777,5.46631,0,0
ABE_PE,D,20090915,000000,5.54906,5.54906,5.46631,5.46631,0,0
ABE_PE,D,20090916,000000,5.54906,5.63191,5.54906,5.63191,0,0
ABE_PE,D,20090917,000000,5.71476,5.88044,5.63191,5.7976,0,0
ABE_PE,D,20090918,000000,5.71476,5.71476,5.54906,5.71476,0,0
ABE_PE,D,20090921,000000,5.71476,5.71476,5.63191,5.63191,0,0
ABE_PE,D,20090922,000000,5.63191,5.71476,5.54906,5.71476,0,0
ABE_PE,D,20090923,000000,5.71476,5.71476,5.63191,5.71476,0,0
ABE_PE,D,20090924,000000,5.63191,5.71476,5.63191,5.63191,0,0
ABE_PE,D,20090925,000000,5.63191,5.63191,5.54906,5.54906,0,0
ABE_PE,D,20090928,000000,5.71476,5.71476,5.54906,5.71476,0,0
ABE_PE,D,20090929,000000,5.88044,5.88044,5.63191,5.7976,0,0
ABE_PE,D,20090930,000000,5.80027,5.80027,5.54703,5.71595,0,0
ABE_PE,D,20091001,000000,5.71476,5.71476,5.63191,5.71476,0,0
ABE_PE,D,20091002,000000,5.46631,5.63191,5.46631,5.63191,0,0
ABE_PE,D,20091005,000000,5.63191,5.71476,5.54906,5.71476,0,0
ABE_PE,D,20091006,000000,5.7976,5.7976,5.71476,5.7976,0,0
ABE_PE,D,20091007,000000,5.7976,5.7976,5.7976,5.7976,0,0
ABE_PE,D,20091008,000000,5.7976,5.7976,5.71476,5.7976,0,0
ABE_PE,D,20091009,000000,5.7976,5.88044,5.7976,5.88044,0,0
ABE_PE,D,20091012,000000,5.88044,5.88044,5.54906,5.7976,0,0
ABE_PE,D,20091013,000000,5.7976,5.7976,5.63191,5.7976,0,0
ABE_PE,D,20091014,000000,5.7976,5.7976,5.7976,5.7976,0,0
ABE_PE,D,20091015,000000,5.63191,5.71476,5.54906,5.54906,0,0
ABE_PE,D,20091016,000000,5.54906,5.54906,5.38346,5.46631,0,0
ABE_PE,D,20091019,000000,5.46631,5.46631,5.30061,5.46631,0,0
ABE_PE,D,20091020,000000,5.38346,5.38346,5.05217,5.05217,0,0
ABE_PE,D,20091021,000000,5.05217,5.21777,5.05217,5.21777,0,0
ABE_PE,D,20091022,000000,5.21777,5.30061,5.21777,5.30061,0,0
ABE_PE,D,20091023,000000,5.46631,5.46631,5.46631,5.46631,0,0
ABE_PE,D,20091026,000000,5.46631,5.71476,5.46631,5.63191,0,0
ABE_PE,D,20091027,000000,5.54906,5.88044,5.54906,5.88044,0,0
ABE_PE,D,20091028,000000,5.88044,5.88044,5.71476,5.71476,0,0
ABE_PE,D,20091029,000000,5.71476,5.7976,5.54906,5.7976,0,0
ABE_PE,D,20091030,000000,5.7976,5.88044,5.71476,5.7976,0,0
ABE_PE,D,20091102,000000,5.7976,5.7976,5.7976,5.7976,0,0
ABE_PE,D,20091103,000000,5.88044,5.88044,5.71476,5.71476,0,0
ABE_PE,D,20091104,000000,5.63191,5.71476,5.63191,5.71476,0,0
ABE_PE,D,20091105,000000,5.7976,5.7976,5.71476,5.71476,0,0
ABE_PE,D,20091106,000000,5.7976,5.7976,5.54906,5.63191,0,0
ABE_PE,D,20091109,000000,5.71476,5.7976,5.63191,5.71476,0,0
ABE_PE,D,20091110,000000,6.04605,6.12898,5.88044,5.88044,0,0
ABE_PE,D,20091112,000000,5.88044,5.88044,5.88044,5.88044,0,0
ABE_PE,D,20091113,000000,5.88044,5.88044,5.7976,5.88044,0,0
ABE_PE,D,20091116,000000,5.88044,5.88044,5.88044,5.88044,0,0
ABE_PE,D,20091117,000000,6.04605,6.29458,5.88044,6.12898,0,0
ABE_PE,D,20091118,000000,6.21174,6.21174,5.9632,5.9632,0,0
ABE_PE,D,20091119,000000,5.9632,5.9632,5.7976,5.7976,0,0
ABE_PE,D,20091120,000000,5.88044,5.88044,5.88044,5.88044,0,0
ABE_PE,D,20091123,000000,5.88044,5.88044,5.88044,5.88044,0,0
ABE_PE,D,20091124,000000,5.88044,5.88044,5.7976,5.88044,0,0
ABE_PE,D,20091125,000000,5.9632,5.9632,5.88044,5.88044,0,0
ABE_PE,D,20091126,000000,5.88044,5.88044,5.88044,5.88044,0,0
ABE_PE,D,20091127,000000,5.88044,5.88044,5.71476,5.88044,0,0
ABE_PE,D,20091130,000000,5.87638,5.87638,5.87638,5.87638,0,0
ABE_PE,D,20091201,000000,5.88044,5.88044,5.71476,5.7976,0,0
ABE_PE,D,20091202,000000,5.7976,5.7976,5.71476,5.7976,0,0
ABE_PE,D,20091203,000000,5.7976,5.7976,5.7976,5.7976,0,0
ABE_PE,D,20091204,000000,5.7976,5.88044,5.71476,5.88044,0,0
ABE_PE,D,20091207,000000,5.87638,5.87638,5.80027,5.87638,0,0
ABE_PE,D,20091208,000000,5.87638,5.9608,5.87638,5.9608,0,0
ABE_PE,D,20091209,000000,5.87638,6.12954,5.87638,6.12954,0,0
ABE_PE,D,20091210,000000,6.12954,6.21395,6.12954,6.12954,0,0
ABE_PE,D,20091211,000000,6.21395,6.21395,6.12954,6.21395,0,0
ABE_PE,D,20091214,000000,6.21395,6.29846,6.21395,6.29846,0,0
ABE_PE,D,20091215,000000,6.29846,6.71215,6.29846,6.71215,0,0
ABE_PE,D,20091216,000000,6.8389,7.17646,6.8389,7.09206,0,0
ABE_PE,D,20091217,000000,7.00763,7.09206,6.92322,7.09206,0,0
ABE_PE,D,20091218,000000,6.92322,7.09206,6.92322,6.92322,0,0
ABE_PE,D,20091221,000000,6.8389,6.92322,6.50123,6.8389,0,0
ABE_PE,D,20091222,000000,6.67007,6.92322,6.67007,6.7544,0,0
ABE_PE,D,20091223,000000,6.7544,6.7544,6.58556,6.7544,0,0
ABE_PE,D,20091228,000000,6.7544,7.26088,6.7544,7.17646,0,0
ABE_PE,D,20091229,000000,7.26088,7.26088,7.00763,7.17646,0,0
ABE_PE,D,20091230,000000,7.17646,7.17646,6.8389,7.00763,0,0
ABE_PE,D,20091231,000000,6.8389,7.09206,6.8389,6.8389,0,0
ABE_PE,D,20100104,000000,6.92322,6.92322,6.8389,6.92322,0,0
ABE_PE,D,20100105,000000,6.92322,7.00763,6.92322,7.00763,0,0
ABE_PE,D,20100106,000000,7.00763,7.34539,7.00763,7.34539,0,0
ABE_PE,D,20100107,000000,7.34539,7.34539,7.17646,7.34539,0,0
ABE_PE,D,20100108,000000,7.34539,7.68314,7.34539,7.59863,0,0
ABE_PE,D,20100111,000000,7.59863,7.68314,7.51432,7.59863,0,0
ABE_PE,D,20100112,000000,7.59863,7.59863,7.42981,7.59863,0,0
ABE_PE,D,20100113,000000,7.51432,7.68314,7.51432,7.59863,0,0
ABE_PE,D,20100114,000000,7.68314,7.68314,7.59863,7.59863,0,0
ABE_PE,D,20100115,000000,7.42981,8.02089,7.42981,7.76765,0,0
ABE_PE,D,20100118,000000,7.85206,7.85206,7.59863,7.76765,0,0
ABE_PE,D,20100119,000000,7.93648,7.93648,7.68314,7.68314,0,0
ABE_PE,D,20100120,000000,7.76765,7.76765,7.34539,7.51432,0,0
ABE_PE,D,20100121,000000,7.42981,7.51432,7.17646,7.17646,0,0
ABE_PE,D,20100122,000000,6.92322,7.17646,6.8389,7.09206,0,0
ABE_PE,D,20100125,000000,7.17646,7.17646,6.92322,7.17646,0,0
ABE_PE,D,20100126,000000,7.09206,7.09206,6.92322,7.09206,0,0
ABE_PE,D,20100127,000000,7.00763,7.09206,6.92322,7.09206,0,0
ABE_PE,D,20100128,000000,7.00763,7.00763,6.92322,6.92322,0,0
ABE_PE,D,20100129,000000,6.8389,6.8389,6.67007,6.7544,0,0
ABE_PE,D,20100201,000000,6.7544,6.92322,6.67007,6.8389,0,0
ABE_PE,D,20100202,000000,6.7544,6.8389,6.67007,6.8389,0,0
ABE_PE,D,20100203,000000,6.8389,7.00763,6.7544,7.00763,0,0
ABE_PE,D,20100204,000000,6.92322,7.09206,6.92322,7.00763,0,0
ABE_PE,D,20100205,000000,7.00763,7.00763,6.67007,6.8389,0,0
ABE_PE,D,20100208,000000,6.7544,6.92322,6.67007,6.92322,0,0
ABE_PE,D,20100209,000000,7.00763,7.26088,6.8389,7.09206,0,0
ABE_PE,D,20100210,000000,7.17646,7.34539,7.17646,7.34539,0,0
ABE_PE,D,20100211,000000,7.34539,7.51432,7.26088,7.34539,0,0
ABE_PE,D,20100212,000000,7.42981,7.51432,7.34539,7.51432,0,0
ABE_PE,D,20100215,000000,7.59863,7.59863,7.51432,7.51432,0,0
ABE_PE,D,20100216,000000,7.51432,7.59863,7.42981,7.42981,0,0
ABE_PE,D,20100217,000000,7.51432,7.68314,7.42981,7.68314,0,0
ABE_PE,D,20100218,000000,7.68314,7.68314,7.59863,7.59863,0,0
ABE_PE,D,20100219,000000,7.59863,7.59863,7.51432,7.59863,0,0
ABE_PE,D,20100222,000000,7.59863,7.68314,7.59863,7.59863,0,0
ABE_PE,D,20100223,000000,7.59863,7.68314,7.59863,7.68314,0,0
ABE_PE,D,20100224,000000,7.59863,7.68314,7.59863,7.59863,0,0
ABE_PE,D,20100225,000000,7.59863,7.59863,7.42981,7.42981,0,0
ABE_PE,D,20100226,000000,7.34539,7.59863,7.34539,7.59863,0,0
ABE_PE,D,20100301,000000,7.51432,7.51432,7.42981,7.42981,0,0
ABE_PE,D,20100302,000000,7.42981,11.0607,7.42981,11.0607,0,0
ABE_PE,D,20100303,000000,11.0607,11.1446,7.59863,7.59863,0,0
ABE_PE,D,20100304,000000,7.59863,8.02089,7.59863,8.02089,0,0
ABE_PE,D,20100305,000000,8.02089,8.10539,8.02089,8.10539,0,0
ABE_PE,D,20100308,000000,8.18954,8.61263,8.18954,8.52784,0,0
ABE_PE,D,20100309,000000,8.61263,8.61263,8.35883,8.52784,0,0
ABE_PE,D,20100310,000000,8.61263,8.61263,8.44278,8.52784,0,0
ABE_PE,D,20100311,000000,8.52784,8.69667,8.52784,8.61263,0,0
ABE_PE,D,20100312,000000,8.61263,8.61263,8.52784,8.61263,0,0
ABE_PE,D,20100315,000000,8.52784,8.52784,8.18954,8.44278,0,0
ABE_PE,D,20100316,000000,8.35883,8.35883,8.18954,8.18954,0,0
ABE_PE,D,20100317,000000,8.27396,8.35883,8.18954,8.18954,0,0
ABE_PE,D,20100318,000000,8.18954,8.35883,8.18954,8.18954,0,0
ABE_PE,D,20100319,000000,8.27396,8.27396,8.10539,8.10539,0,0
ABE_PE,D,20100322,000000,8.27396,8.27396,8.02089,8.18954,0,0
ABE_PE,D,20100323,000000,8.18954,8.27396,8.10539,8.27396,0,0
ABE_PE,D,20100324,000000,8.35883,8.35883,8.27396,8.35883,0,0
ABE_PE,D,20100325,000000,8.35883,8.61263,8.35883,8.52784,0,0
ABE_PE,D,20100326,000000,8.52784,8.61263,8.44278,8.61263,0,0
ABE_PE,D,20100329,000000,8.69667,8.69667,8.61263,8.69667,0,0
ABE_PE,D,20100330,000000,8.69667,8.781,8.69667,8.781,0,0
ABE_PE,D,20100331,000000,8.781,8.86496,8.69667,8.86496,0,0
ABE_PE,D,20100401,000000,8.86496,8.86496,8.61263,8.69667,0,0
ABE_PE,D,20100406,000000,8.781,8.86496,8.781,8.781,0,0
ABE_PE,D,20100407,000000,8.69667,8.69667,8.27396,8.52784,0,0
ABE_PE,D,20100408,000000,8.52784,8.52784,8.27396,8.35883,0,0
ABE_PE,D,20100409,000000,8.27396,8.52784,8.27396,8.35883,0,0
ABE_PE,D,20100412,000000,8.18954,8.27396,8.18954,8.18954,0,0
ABE_PE,D,20100413,000000,8.18954,8.44278,8.18954,8.44278,0,0
ABE_PE,D,20100414,000000,8.52784,8.52784,8.44278,8.52784,0,0
ABE_PE,D,20100415,000000,8.52784,8.52784,8.35883,8.44278,0,0
ABE_PE,D,20100416,000000,8.44278,8.44278,8.27396,8.35883,0,0
ABE_PE,D,20100419,000000,8.27396,8.35883,8.10539,8.10539,0,0
ABE_PE,D,20100420,000000,8.10539,8.44278,8.10539,8.35883,0,0
ABE_PE,D,20100421,000000,8.44278,8.52784,8.44278,8.52784,0,0
ABE_PE,D,20100422,000000,8.52784,8.52784,8.44278,8.52784,0,0
ABE_PE,D,20100423,000000,8.52342,8.52342,8.44629,8.52342,0,0
ABE_PE,D,20100426,000000,8.52784,8.52784,8.52784,8.52784,0,0
ABE_PE,D,20100427,000000,8.52784,8.52784,8.44278,8.44278,0,0
ABE_PE,D,20100428,000000,8.18954,8.44278,8.18954,8.44278,0,0
ABE_PE,D,20100429,000000,8.52784,8.52784,8.18954,8.44278,0,0
ABE_PE,D,20100430,000000,8.52784,8.52784,8.44278,8.44278,0,0
ABE_PE,D,20100504,000000,8.44278,8.44278,8.10539,8.10539,0,0
ABE_PE,D,20100505,000000,7.68314,7.93648,7.68314,7.93648,0,0
ABE_PE,D,20100506,000000,7.68314,7.93648,7.68314,7.68314,0,0
ABE_PE,D,20100507,000000,7.17646,7.59863,7.17646,7.59863,0,0
ABE_PE,D,20100510,000000,7.51432,8.02089,7.51432,8.02089,0,0
ABE_PE,D,20100511,000000,8.10539,8.10539,7.76765,7.93648,0,0
ABE_PE,D,20100512,000000,7.85206,8.10539,7.85206,8.10539,0,0
ABE_PE,D,20100513,000000,8.10539,8.10539,8.10539,8.10539,0,0
ABE_PE,D,20100514,000000,8.10539,8.10539,8.02089,8.02089,0,0
ABE_PE,D,20100517,000000,7.93648,7.93648,7.76765,7.85206,0,0
ABE_PE,D,20100518,000000,7.85206,7.85206,7.76765,7.76765,0,0
ABE_PE,D,20100519,000000,7.76765,7.76765,7.26088,7.26088,0,0
ABE_PE,D,20100520,000000,7.17646,7.17646,7.09206,7.17646,0,0
ABE_PE,D,20100521,000000,7.00763,7.09206,6.92322,7.00763,0,0
ABE_PE,D,20100524,000000,7.51432,7.51432,7.26088,7.26088,0,0
ABE_PE,D,20100525,000000,7.17646,7.17646,7.09206,7.17646,0,0
ABE_PE,D,20100526,000000,7.17646,7.59863,7.17646,7.59863,0,0
ABE_PE,D,20100527,000000,7.68314,7.76765,7.59863,7.76765,0,0
ABE_PE,D,20100528,000000,7.93648,7.93648,7.76765,7.76765,0,0
ABE_PE,D,20100531,000000,7.7718,7.7718,7.68638,7.7718,0,0
ABE_PE,D,20100601,000000,7.68314,7.85206,7.68314,7.68314,0,0
ABE_PE,D,20100602,000000,7.68314,7.68314,7.34539,7.34539,0,0
ABE_PE,D,20100604,000000,7.68314,7.68314,7.34539,7.42981,0,0
ABE_PE,D,20100607,000000,7.34539,7.42981,7.34539,7.42981,0,0
ABE_PE,D,20100608,000000,7.34539,7.42981,7.34539,7.34539,0,0
ABE_PE,D,20100609,000000,7.42981,7.42981,7.34539,7.42981,0,0
ABE_PE,D,20100610,000000,7.42981,7.42981,7.34539,7.34539,0,0
ABE_PE,D,20100611,000000,7.34539,7.42981,7.17646,7.26088,0,0
ABE_PE,D,20100614,000000,7.26088,7.26088,7.17646,7.17646,0,0
ABE_PE,D,20100615,000000,7.17646,7.42981,7.17646,7.42981,0,0
ABE_PE,D,20100616,000000,7.51432,7.51432,7.51432,7.51432,0,0
ABE_PE,D,20100617,000000,7.51432,7.68314,7.42981,7.59863,0,0
ABE_PE,D,20100618,000000,7.34539,7.59863,7.34539,7.59863,0,0
ABE_PE,D,20100621,000000,7.59863,7.68314,7.59863,7.68314,0,0
ABE_PE,D,20100622,000000,7.68314,7.76765,7.59863,7.68314,0,0
ABE_PE,D,20100623,000000,7.68314,7.68314,7.59863,7.59863,0,0
ABE_PE,D,20100624,000000,7.59863,7.59863,7.51432,7.59863,0,0
ABE_PE,D,20100625,000000,7.59863,7.59863,7.17646,7.26088,0,0
ABE_PE,D,20100628,000000,7.34539,7.42981,7.34539,7.34539,0,0
ABE_PE,D,20100629,000000,7.34539,7.42981,7.34539,7.34539,0,0
ABE_PE,D,20100630,000000,7.2595,7.60103,7.08845,7.34465,0,0
ABE_PE,D,20100701,000000,7.42981,7.42981,7.42981,7.42981,0,0
ABE_PE,D,20100702,000000,7.42981,7.42981,7.17646,7.42981,0,0
ABE_PE,D,20100705,000000,7.51432,7.51432,7.34539,7.34539,0,0
ABE_PE,D,20100706,000000,7.51432,7.51432,7.34539,7.51432,0,0
ABE_PE,D,20100707,000000,7.59863,7.68314,7.34539,7.68314,0,0
ABE_PE,D,20100708,000000,7.68314,7.68314,7.51432,7.51432,0,0
ABE_PE,D,20100709,000000,7.59863,7.59863,7.59863,7.59863,0,0
ABE_PE,D,20100712,000000,7.59863,7.59863,7.42981,7.51432,0,0
ABE_PE,D,20100713,000000,7.59863,7.59863,7.42981,7.59863,0,0
ABE_PE,D,20100714,000000,7.51432,7.59863,7.51432,7.59863,0,0
ABE_PE,D,20100715,000000,7.51432,7.59863,7.51432,7.51432,0,0
ABE_PE,D,20100716,000000,7.42981,7.68314,7.42981,7.59863,0,0
ABE_PE,D,20100719,000000,7.26088,7.51432,7.26088,7.51432,0,0
ABE_PE,D,20100720,000000,7.51432,7.68314,7.51432,7.68314,0,0
ABE_PE,D,20100721,000000,7.68314,7.68314,7.51432,7.51432,0,0
ABE_PE,D,20100722,000000,7.51432,7.51432,7.51432,7.51432,0,0
ABE_PE,D,20100723,000000,7.51432,7.68314,7.51432,7.59863,0,0
ABE_PE,D,20100726,000000,7.51432,7.76765,7.51432,7.76765,0,0
ABE_PE,D,20100727,000000,7.76765,7.76765,7.59863,7.76765,0,0
ABE_PE,D,20100728,000000,7.85206,7.85206,7.68314,7.76765,0,0
ABE_PE,D,20100729,000000,7.76765,7.76765,7.59863,7.76765,0,0
ABE_PE,D,20100730,000000,7.76765,7.85206,7.59863,7.85206,0,0
ABE_PE,D,20100802,000000,7.85206,7.93648,7.85206,7.85206,0,0
ABE_PE,D,20100803,000000,7.85206,8.18954,7.85206,8.18954,0,0
ABE_PE,D,20100804,000000,8.18954,8.61263,8.02089,8.61263,0,0
ABE_PE,D,20100805,000000,8.61263,8.61263,8.35883,8.35883,0,0
ABE_PE,D,20100806,000000,8.35883,8.44278,8.35883,8.44278,0,0
ABE_PE,D,20100809,000000,8.27396,8.35883,8.18954,8.18954,0,0
ABE_PE,D,20100810,000000,8.18954,8.18954,8.18954,8.18954,0,0
ABE_PE,D,20100811,000000,7.93648,8.10539,7.93648,7.93648,0,0
ABE_PE,D,20100812,000000,7.93648,8.10539,7.93648,8.02089,0,0
ABE_PE,D,20100813,000000,8.10539,8.10539,8.02089,8.02089,0,0
ABE_PE,D,20100816,000000,7.93648,8.02089,7.93648,8.02089,0,0
ABE_PE,D,20100817,000000,8.02089,8.35883,8.02089,8.35883,0,0
ABE_PE,D,20100818,000000,8.35883,8.35883,8.18954,8.27396,0,0
ABE_PE,D,20100819,000000,8.27396,8.27396,8.27396,8.27396,0,0
ABE_PE,D,20100820,000000,8.18954,8.27396,8.10539,8.27396,0,0
ABE_PE,D,20100823,000000,8.27396,8.27396,8.18954,8.18954,0,0
ABE_PE,D,20100824,000000,8.10539,8.10539,8.10539,8.10539,0,0
ABE_PE,D,20100825,000000,8.10539,8.18954,8.10539,8.18954,0,0
ABE_PE,D,20100826,000000,8.18954,8.18954,8.10539,8.18954,0,0
ABE_PE,D,20100827,000000,8.18954,8.27396,8.18954,8.27396,0,0
ABE_PE,D,20100830,000000,8.52784,8.9489,8.27396,8.781,0,0
ABE_PE,D,20100831,000000,8.78007,12.7509,8.78007,12.7509,0,0
ABE_PE,D,20100901,000000,12.9187,12.9187,7.76765,7.76765,0,0
ABE_PE,D,20100902,000000,7.76765,7.93648,7.76765,7.93648,0,0
ABE_PE,D,20100903,000000,7.93648,8.10539,7.93648,8.10539,0,0
ABE_PE,D,20100906,000000,8.10539,8.69667,8.10539,8.69667,0,0
ABE_PE,D,20100907,000000,8.69667,8.69667,8.35883,8.35883,0,0
ABE_PE,D,20100908,000000,8.35883,8.35883,7.76765,8.10539,0,0
ABE_PE,D,20100909,000000,8.10539,8.27396,8.02089,8.10539,0,0
ABE_PE,D,20100910,000000,8.10539,8.10539,8.02089,8.10539,0,0
ABE_PE,D,20100913,000000,8.10539,8.27396,8.10539,8.18954,0,0
ABE_PE,D,20100914,000000,8.18954,8.18954,8.18954,8.18954,0,0
ABE_PE,D,20100915,000000,8.27396,8.44278,8.27396,8.27396,0,0
ABE_PE,D,20100916,000000,8.44278,8.69667,8.44278,8.69667,0,0
ABE_PE,D,20100917,000000,8.781,8.781,8.69667,8.69667,0,0
ABE_PE,D,20100920,000000,8.69667,8.86496,8.69667,8.86496,0,0
ABE_PE,D,20100921,000000,8.86496,9.03378,8.86496,8.9489,0,0
ABE_PE,D,20100922,000000,9.03378,9.03378,8.61263,8.69667,0,0
ABE_PE,D,20100923,000000,8.69667,8.69667,8.27396,8.61263,0,0
ABE_PE,D,20100924,000000,8.27396,8.52784,8.27396,8.44278,0,0
ABE_PE,D,20100927,000000,8.44278,8.44278,8.18954,8.18954,0,0
ABE_PE,D,20100928,000000,8.10539,8.35883,7.85206,8.27396,0,0
ABE_PE,D,20100929,000000,8.35883,8.35883,8.10539,8.10539,0,0
ABE_PE,D,20100930,000000,8.10495,8.10495,8.01942,8.01942,0,0
ABE_PE,D,20101001,000000,7.93648,8.10539,7.93648,8.02089,0,0
ABE_PE,D,20101004,000000,8.10539,8.18954,8.10539,8.18954,0,0
ABE_PE,D,20101005,000000,8.44278,8.61263,8.44278,8.61263,0,0
ABE_PE,D,20101006,000000,8.61263,8.86496,8.61263,8.61263,0,0
ABE_PE,D,20101007,000000,8.52784,8.61263,8.52784,8.61263,0,0
ABE_PE,D,20101008,000000,8.61263,8.61263,8.52784,8.61263,0,0
ABE_PE,D,20101011,000000,8.61263,8.69667,8.61263,8.69667,0,0
ABE_PE,D,20101012,000000,8.69667,8.69667,8.52784,8.69667,0,0
ABE_PE,D,20101013,000000,8.69667,8.781,8.52784,8.52784,0,0
ABE_PE,D,20101014,000000,8.52784,8.52784,8.27396,8.27396,0,0
ABE_PE,D,20101015,000000,8.27396,8.27396,8.27396,8.27396,0,0
ABE_PE,D,20101018,000000,8.27396,8.86496,8.27396,8.781,0,0
ABE_PE,D,20101019,000000,8.781,8.781,8.61263,8.61263,0,0
ABE_PE,D,20101020,000000,8.52784,8.69667,8.52784,8.69667,0,0
ABE_PE,D,20101021,000000,8.69667,8.69667,8.61263,8.69667,0,0
ABE_PE,D,20101022,000000,8.69667,8.781,8.69667,8.69667,0,0
ABE_PE,D,20101025,000000,8.69667,9.28749,8.69667,9.28749,0,0
ABE_PE,D,20101026,000000,9.28749,9.37144,9.20261,9.20261,0,0
ABE_PE,D,20101027,000000,9.20261,9.37144,9.03378,9.37144,0,0
ABE_PE,D,20101028,000000,9.54023,9.54023,9.36867,9.45447,0,0
ABE_PE,D,20101029,000000,9.45447,9.45447,9.36867,9.45447,0,0
ABE_PE,D,20101102,000000,9.45447,9.54023,9.45447,9.45447,0,0
ABE_PE,D,20101103,000000,9.45631,9.45631,9.28749,9.45631,0,0
ABE_PE,D,20101104,000000,9.54118,9.54118,8.9489,9.20261,0,0
ABE_PE,D,20101105,000000,9.20261,9.20261,8.781,9.03378,0,0
ABE_PE,D,20101108,000000,9.20261,9.28749,8.86496,9.20261,0,0
ABE_PE,D,20101109,000000,9.28749,9.28749,9.03378,9.11866,0,0
ABE_PE,D,20101110,000000,9.11866,9.11866,8.9489,9.11866,0,0
ABE_PE,D,20101112,000000,9.03378,9.03378,8.86496,9.03378,0,0
ABE_PE,D,20101115,000000,9.03378,9.20261,9.03378,9.03378,0,0
ABE_PE,D,20101116,000000,8.9489,8.9489,8.44278,8.781,0,0
ABE_PE,D,20101117,000000,8.61263,9.03378,8.61263,9.03378,0,0
ABE_PE,D,20101118,000000,9.03378,9.03378,8.10539,8.10539,0,0
ABE_PE,D,20101119,000000,8.27396,8.35883,8.18954,8.35883,0,0
ABE_PE,D,20101122,000000,8.35883,8.52784,8.35883,8.52784,0,0
ABE_PE,D,20101123,000000,8.52784,8.52784,8.27396,8.27396,0,0
ABE_PE,D,20101124,000000,8.35883,8.35883,8.27396,8.35883,0,0
ABE_PE,D,20101125,000000,8.27396,8.52784,8.27396,8.52784,0,0
ABE_PE,D,20101126,000000,8.52784,8.69667,8.52784,8.52784,0,0
ABE_PE,D,20101129,000000,8.35883,8.69667,8.35883,8.61263,0,0
ABE_PE,D,20101130,000000,8.60903,8.78007,8.52342,8.78007,0,0
ABE_PE,D,20101201,000000,8.781,8.9489,8.69667,8.86496,0,0
ABE_PE,D,20101202,000000,8.94983,9.03562,8.94983,9.03562,0,0
ABE_PE,D,20101203,000000,9.03378,9.03378,8.781,8.9489,0,0
ABE_PE,D,20101206,000000,8.86496,9.03378,8.86496,9.03378,0,0
ABE_PE,D,20101207,000000,9.03562,9.03562,8.78007,9.03562,0,0
ABE_PE,D,20101208,000000,9.03378,9.03378,8.86496,8.86496,0,0
ABE_PE,D,20101209,000000,9.03562,9.03562,8.94983,8.94983,0,0
ABE_PE,D,20101210,000000,9.03378,9.03378,8.9489,8.9489,0,0
ABE_PE,D,20101213,000000,9.03378,9.03378,9.03378,9.03378,0,0
ABE_PE,D,20101214,000000,9.03378,9.03378,8.9489,8.9489,0,0
ABE_PE,D,20101215,000000,9.03378,9.37144,8.9489,9.37144,0,0
ABE_PE,D,20101216,000000,9.36867,9.79586,9.36867,9.79586,0,0
ABE_PE,D,20101217,000000,9.88161,9.88161,9.03562,9.03562,0,0
ABE_PE,D,20101220,000000,9.03378,9.20261,8.61263,8.781,0,0
ABE_PE,D,20101221,000000,8.61263,8.781,8.52784,8.781,0,0
ABE_PE,D,20101222,000000,8.78007,9.03562,8.78007,8.94983,0,0
ABE_PE,D,20101223,000000,9.03378,9.11866,8.9489,8.9489,0,0
ABE_PE,D,20101227,000000,8.86496,8.9489,8.86496,8.9489,0,0
ABE_PE,D,20101228,000000,9.11866,9.37144,8.9489,9.37144,0,0
ABE_PE,D,20101229,000000,9.36867,9.71098,9.28287,9.54023,0,0
ABE_PE,D,20101230,000000,9.62516,9.62516,9.45447,9.54023,0,0
ABE_PE,D,20101231,000000,9.54023,9.71098,9.54023,9.54023,0,0
ABE_PE,D,20110103,000000,9.54118,9.54118,9.37144,9.54118,0,0
ABE_PE,D,20110104,000000,9.45631,9.45631,9.37144,9.45631,0,0
ABE_PE,D,20110105,000000,9.45631,9.45631,9.20261,9.20261,0,0
ABE_PE,D,20110107,000000,9.20537,9.20537,8.94983,8.94983,0,0
ABE_PE,D,20110110,000000,9.28287,9.28287,8.86496,8.86496,0,0
ABE_PE,D,20110111,000000,9.03562,9.20537,8.94983,9.20537,0,0
ABE_PE,D,20110112,000000,9.20537,9.45447,9.12142,9.36867,0,0
ABE_PE,D,20110113,000000,9.36867,9.45447,9.36867,9.45447,0,0
ABE_PE,D,20110114,000000,9.22383,9.5652,9.22383,9.47942,0,0
ABE_PE,D,20110117,000000,9.47942,9.47942,9.22383,9.22383,0,0
ABE_PE,D,20110118,000000,9.39451,9.39451,9.22383,9.39451,0,0
ABE_PE,D,20110119,000000,9.39451,9.39451,9.22383,9.39451,0,0
ABE_PE,D,20110120,000000,9.30963,9.39451,9.30963,9.39451,0,0
ABE_PE,D,20110121,000000,9.39451,9.39451,9.22383,9.39451,0,0
ABE_PE,D,20110124,000000,9.22383,9.22383,9.13803,9.13803,0,0
ABE_PE,D,20110125,000000,9.22383,9.22383,9.05407,9.05407,0,0
ABE_PE,D,20110126,000000,9.05407,9.22383,9.05407,9.22383,0,0
ABE_PE,D,20110127,000000,9.13803,9.22383,9.05407,9.22383,0,0
ABE_PE,D,20110128,000000,8.96735,8.96735,8.96735,8.96735,0,0
ABE_PE,D,20110131,000000,8.79668,8.79668,8.45506,8.79668,0,0
ABE_PE,D,20110201,000000,8.79668,8.88156,8.71209,8.79668,0,0
ABE_PE,D,20110202,000000,8.79668,8.88156,8.79668,8.88156,0,0
ABE_PE,D,20110203,000000,8.79668,9.05407,8.79668,8.88156,0,0
ABE_PE,D,20110204,000000,8.88156,9.05407,8.88156,9.05407,0,0
ABE_PE,D,20110207,000000,8.96735,9.05407,8.96735,9.05407,0,0
ABE_PE,D,20110208,000000,8.96735,9.05407,8.96735,9.05407,0,0
ABE_PE,D,20110209,000000,9.05407,9.05407,8.96735,8.96735,0,0
ABE_PE,D,20110210,000000,8.88156,8.96735,8.88156,8.88156,0,0
ABE_PE,D,20110211,000000,8.71209,8.71209,8.71209,8.71209,0,0
ABE_PE,D,20110214,000000,8.71209,8.71209,8.62527,8.71209,0,0
ABE_PE,D,20110215,000000,8.71209,8.71209,8.62527,8.71209,0,0
ABE_PE,D,20110216,000000,8.62527,8.71209,8.62527,8.62527,0,0
ABE_PE,D,20110217,000000,8.62527,8.71209,8.62527,8.71209,0,0
ABE_PE,D,20110218,000000,8.71209,8.96735,8.62527,8.96735,0,0
ABE_PE,D,20110221,000000,8.88156,8.96735,8.88156,8.88156,0,0
ABE_PE,D,20110222,000000,8.96735,8.96735,8.62527,8.62527,0,0
ABE_PE,D,20110223,000000,8.62527,8.88156,8.62527,8.88156,0,0
ABE_PE,D,20110225,000000,8.71209,8.88156,8.71209,8.88156,0,0
ABE_PE,D,20110228,000000,9.13803,9.13803,9.05407,9.05407,0,0
ABE_PE,D,20110301,000000,9.05407,9.05407,7.00321,7.00321,0,0
ABE_PE,D,20110302,000000,7.00321,7.00321,6.83235,6.83235,0,0
ABE_PE,D,20110303,000000,6.83235,7.08845,6.66149,7.08845,0,0
ABE_PE,D,20110304,000000,7.08845,7.08845,7.00321,7.08845,0,0
ABE_PE,D,20110307,000000,7.08845,7.08845,7.08845,7.08845,0,0
ABE_PE,D,20110308,000000,7.08845,7.08845,7.08845,7.08845,0,0
ABE_PE,D,20110309,000000,7.00321,7.17398,7.00321,7.08845,0,0
ABE_PE,D,20110310,000000,7.08845,7.2595,7.08845,7.2595,0,0
ABE_PE,D,20110311,000000,7.2595,7.34465,7.17398,7.34465,0,0
ABE_PE,D,20110314,000000,7.34465,7.43017,7.34465,7.43017,0,0
ABE_PE,D,20110315,000000,7.43017,7.43017,7.2595,7.34465,0,0
ABE_PE,D,20110316,000000,7.34465,7.34465,7.17398,7.2595,0,0
ABE_PE,D,20110317,000000,7.2595,7.34465,7.17398,7.34465,0,0
ABE_PE,D,20110318,000000,7.2595,7.43017,7.17398,7.2595,0,0
ABE_PE,D,20110321,000000,7.08845,7.2595,7.08845,7.2595,0,0
ABE_PE,D,20110322,000000,7.2595,7.2595,7.17398,7.2595,0,0
ABE_PE,D,20110323,000000,7.2595,7.34465,7.2595,7.34465,0,0
ABE_PE,D,20110324,000000,7.34465,7.43017,7.2595,7.34465,0,0
ABE_PE,D,20110325,000000,7.34465,7.5156,7.2595,7.5156,0,0
ABE_PE,D,20110328,000000,7.5156,7.60103,7.5156,7.60103,0,0
ABE_PE,D,20110329,000000,7.5156,7.60103,7.34465,7.5156,0,0
ABE_PE,D,20110330,000000,7.5156,7.5156,7.43017,7.5156,0,0
ABE_PE,D,20110331,000000,7.5156,7.5156,7.43017,7.5156,0,0
ABE_PE,D,20110401,000000,7.5156,7.5156,7.43017,7.5156,0,0
ABE_PE,D,20110404,000000,7.5156,7.5156,7.2595,7.2595,0,0
ABE_PE,D,20110405,000000,7.2595,7.2595,7.00321,7.2595,0,0
ABE_PE,D,20110406,000000,7.2595,7.34465,7.08845,7.2595,0,0
ABE_PE,D,20110407,000000,7.34465,7.34465,7.08845,7.08845,0,0
ABE_PE,D,20110408,000000,7.2595,7.2595,7.08845,7.08845,0,0
ABE_PE,D,20110411,000000,7.08845,7.08845,6.83235,7.00321,0,0
ABE_PE,D,20110412,000000,7.00321,7.17398,6.91779,7.17398,0,0
ABE_PE,D,20110413,000000,7.00321,7.08845,7.00321,7.00321,0,0
ABE_PE,D,20110414,000000,7.00321,7.2595,7.00321,7.2595,0,0
ABE_PE,D,20110415,000000,7.2595,7.2595,7.17398,7.17398,0,0
ABE_PE,D,20110418,000000,7.17398,7.17398,6.91779,7.17398,0,0
ABE_PE,D,20110419,000000,7.00321,7.17398,7.00321,7.17398,0,0
ABE_PE,D,20110420,000000,7.08845,7.5156,7.08845,7.43017,0,0
ABE_PE,D,20110421,000000,7.34465,7.43017,7.34465,7.43017,0,0
ABE_PE,D,20110426,000000,7.43017,7.43017,7.17398,7.34465,0,0
ABE_PE,D,20110427,000000,7.17398,7.34465,7.08845,7.08845,0,0
ABE_PE,D,20110428,000000,6.91779,7.08845,6.91779,7.08845,0,0
ABE_PE,D,20110429,000000,6.91779,7.08845,6.91779,7.08845,0,0
ABE_PE,D,20110502,000000,6.91779,7.08845,6.83235,7.08845,0,0
ABE_PE,D,20110504,000000,6.91779,7.00321,6.91779,7.00321,0,0
ABE_PE,D,20110505,000000,6.91779,7.00321,6.91779,6.91779,0,0
ABE_PE,D,20110506,000000,6.91779,7.00321,6.91779,6.91779,0,0
ABE_PE,D,20110509,000000,6.83235,7.00321,6.83235,7.00321,0,0
ABE_PE,D,20110510,000000,7.00321,7.00321,6.91779,7.00321,0,0
ABE_PE,D,20110511,000000,6.91779,7.00321,6.91779,7.00321,0,0
ABE_PE,D,20110512,000000,7.00321,7.00321,6.91779,6.91779,0,0
ABE_PE,D,20110513,000000,6.83235,7.00321,6.83235,6.83235,0,0
ABE_PE,D,20110516,000000,6.83235,7.08845,6.66149,6.66149,0,0
ABE_PE,D,20110517,000000,6.66149,6.83235,6.66149,6.66149,0,0
ABE_PE,D,20110518,000000,6.4053,6.83235,6.4053,6.83235,0,0
ABE_PE,D,20110519,000000,6.83235,6.83235,6.57615,6.83235,0,0
ABE_PE,D,20110520,000000,6.83235,6.83235,6.66149,6.83235,0,0
ABE_PE,D,20110523,000000,6.57615,6.83235,6.57615,6.83235,0,0
ABE_PE,D,20110524,000000,6.83235,6.83235,6.83235,6.83235,0,0
ABE_PE,D,20110525,000000,6.74691,6.83235,6.74691,6.83235,0,0
ABE_PE,D,20110526,000000,6.83235,6.83235,6.83235,6.83235,0,0
ABE_PE,D,20110527,000000,6.66149,6.83235,6.66149,6.83235,0,0
ABE_PE,D,20110530,000000,6.83235,6.83235,6.66149,6.83235,0,0
ABE_PE,D,20110531,000000,6.83235,6.83235,6.74691,6.74691,0,0
ABE_PE,D,20110601,000000,6.57615,6.74691,6.4053,6.74691,0,0
ABE_PE,D,20110602,000000,6.57615,6.74691,6.57615,6.74691,0,0
ABE_PE,D,20110603,000000,6.74691,6.74691,6.74691,6.74691,0,0
ABE_PE,D,20110606,000000,6.66149,6.74691,6.49072,6.74691,0,0
ABE_PE,D,20110607,000000,6.74691,6.74691,6.66149,6.66149,0,0
ABE_PE,D,20110608,000000,6.49072,6.57615,6.49072,6.57615,0,0
ABE_PE,D,20110609,000000,6.49072,6.57615,6.49072,6.57615,0,0
ABE_PE,D,20110610,000000,6.49072,6.66149,6.49072,6.66149,0,0
ABE_PE,D,20110613,000000,6.57615,6.66149,6.49072,6.57615,0,0
ABE_PE,D,20110614,000000,6.66149,6.66149,6.49072,6.49072,0,0
ABE_PE,D,20110615,000000,6.49072,6.49072,6.4053,6.49072,0,0
ABE_PE,D,20110616,000000,6.23453,6.31986,6.23453,6.31986,0,0
ABE_PE,D,20110617,000000,6.49072,6.49072,6.31986,6.4053,0,0
ABE_PE,D,20110620,000000,6.23453,6.49072,6.23453,6.49072,0,0
ABE_PE,D,20110621,000000,6.4053,6.49072,6.31986,6.49072,0,0
ABE_PE,D,20110622,000000,6.31986,6.49072,6.31986,6.4053,0,0
ABE_PE,D,20110624,000000,6.31986,6.4053,6.31986,6.4053,0,0
ABE_PE,D,20110627,000000,6.31986,6.4053,6.31986,6.4053,0,0
ABE_PE,D,20110628,000000,6.31986,6.4053,6.31986,6.4053,0,0
ABE_PE,D,20110629,000000,6.1491,6.4053,6.1491,6.4053,0,0
ABE_PE,D,20110630,000000,6.1491,6.4053,6.1491,6.4053,0,0
ABE_PE,D,20110701,000000,6.23453,6.4053,6.23453,6.4053,0,0
ABE_PE,D,20110704,000000,6.23453,6.4053,6.23453,6.4053,0,0
ABE_PE,D,20110705,000000,6.4053,6.49072,6.31986,6.49072,0,0
ABE_PE,D,20110706,000000,6.49072,6.49072,6.4053,6.4053,0,0
ABE_PE,D,20110707,000000,6.4053,6.49072,6.4053,6.49072,0,0
ABE_PE,D,20110708,000000,6.4053,6.49072,6.4053,6.4053,0,0
ABE_PE,D,20110711,000000,6.4053,6.4053,6.31986,6.31986,0,0
ABE_PE,D,20110712,000000,6.31986,6.31986,6.06367,6.31986,0,0
ABE_PE,D,20110713,000000,6.1491,6.23453,6.1491,6.1491,0,0
ABE_PE,D,20110714,000000,6.1491,6.1491,6.1491,6.1491,0,0
ABE_PE,D,20110715,000000,6.1491,6.1491,6.1491,6.1491,0,0
ABE_PE,D,20110718,000000,6.06367,6.06367,6.06367,6.06367,0,0
ABE_PE,D,20110719,000000,5.97832,5.97832,5.8929,5.97832,0,0
ABE_PE,D,20110720,000000,6.06367,6.1491,5.8929,6.1491,0,0
ABE_PE,D,20110721,000000,6.06367,6.1491,6.06367,6.1491,0,0
ABE_PE,D,20110722,000000,6.1491,6.23453,6.1491,6.1491,0,0
ABE_PE,D,20110725,000000,5.97832,6.23453,5.97832,6.23453,0,0
ABE_PE,D,20110726,000000,6.23453,6.31986,6.1491,6.31986,0,0
ABE_PE,D,20110727,000000,6.31986,6.31986,6.31986,6.31986,0,0
ABE_PE,D,20110728,000000,6.06367,6.31986,6.06367,6.31986,0,0
ABE_PE,D,20110729,000000,6.31986,6.31986,6.1491,6.31986,0,0
ABE_PE,D,20110801,000000,6.1491,6.31986,6.1491,6.31986,0,0
ABE_PE,D,20110802,000000,6.31986,6.31986,6.31986,6.31986,0,0
ABE_PE,D,20110803,000000,6.1491,6.31986,5.72213,5.8929,0,0
ABE_PE,D,20110804,000000,5.72213,5.8929,5.38042,5.63671,0,0
ABE_PE,D,20110805,000000,5.12422,5.80747,5.12422,5.80747,0,0
ABE_PE,D,20110808,000000,5.38042,5.63671,5.38042,5.63671,0,0
ABE_PE,D,20110809,000000,5.46594,5.55118,5.29508,5.55118,0,0
ABE_PE,D,20110810,000000,5.38042,5.8929,5.38042,5.8929,0,0
ABE_PE,D,20110811,000000,5.38042,5.8929,5.38042,5.8929,0,0
ABE_PE,D,20110812,000000,5.80747,5.97832,5.80747,5.97832,0,0
ABE_PE,D,20110816,000000,5.8929,5.97832,5.8929,5.97832,0,0
ABE_PE,D,20110817,000000,5.97832,5.97832,5.8929,5.8929,0,0
ABE_PE,D,20110818,000000,5.80747,5.80747,5.55118,5.80747,0,0
ABE_PE,D,20110819,000000,5.55118,5.80747,5.46594,5.72213,0,0
ABE_PE,D,20110822,000000,5.55118,5.8929,5.55118,5.8929,0,0
ABE_PE,D,20110823,000000,5.8929,5.97832,5.80747,5.8929,0,0
ABE_PE,D,20110824,000000,5.72213,5.8929,5.72213,5.80747,0,0
ABE_PE,D,20110825,000000,5.8929,5.8929,5.72213,5.80747,0,0
ABE_PE,D,20110826,000000,5.72213,5.80747,5.72213,5.80747,0,0
ABE_PE,D,20110829,000000,5.80747,5.80747,5.63671,5.80747,0,0
ABE_PE,D,20110830,000000,5.80747,5.80747,5.80747,5.80747,0,0
ABE_PE,D,20110831,000000,5.80747,5.80747,5.72213,5.80747,0,0
ABE_PE,D,20110901,000000,5.97832,5.97832,5.72213,5.80747,0,0
ABE_PE,D,20110902,000000,5.72213,5.80747,5.55118,5.63671,0,0
ABE_PE,D,20110905,000000,5.55118,5.63671,5.38042,5.63671,0,0
ABE_PE,D,20110906,000000,5.46594,5.63671,5.46594,5.55118,0,0
ABE_PE,D,20110907,000000,5.55118,5.63671,5.46594,5.63671,0,0
ABE_PE,D,20110908,000000,5.46594,5.63671,5.46594,5.63671,0,0
ABE_PE,D,20110909,000000,5.46594,5.63671,5.46594,5.63671,0,0
ABE_PE,D,20110912,000000,5.38042,5.55118,5.38042,5.55118,0,0
ABE_PE,D,20110913,000000,5.38042,5.55118,5.38042,5.55118,0,0
ABE_PE,D,20110914,000000,5.46594,5.55118,5.46594,5.55118,0,0
ABE_PE,D,20110915,000000,5.46594,5.55118,5.46594,5.55118,0,0
ABE_PE,D,20110916,000000,5.46594,5.55118,5.46594,5.46594,0,0
ABE_PE,D,20110919,000000,5.38042,5.46594,5.12422,5.12422,0,0
ABE_PE,D,20110920,000000,5.12422,5.38042,4.95345,5.20974,0,0
ABE_PE,D,20110921,000000,5.38042,5.38042,5.12422,5.20974,0,0
ABE_PE,D,20110922,000000,5.12422,5.38042,5.03878,5.38042,0,0
ABE_PE,D,20110923,000000,5.38042,5.38042,5.12422,5.38042,0,0
ABE_PE,D,20110926,000000,5.38042,5.38042,5.20974,5.38042,0,0
ABE_PE,D,20110927,000000,5.38042,5.38042,5.20974,5.20974,0,0
ABE_PE,D,20110928,000000,5.38042,5.38042,5.12422,5.29508,0,0
ABE_PE,D,20110929,000000,5.29508,5.29508,5.20974,5.29508,0,0
ABE_PE,D,20110930,000000,5.38042,5.38042,5.29508,5.29508,0,0
ABE_PE,D,20111003,000000,5.12422,5.20974,5.12422,5.20974,0,0
ABE_PE,D,20111004,000000,5.12422,5.20974,5.03878,5.20974,0,0
ABE_PE,D,20111005,000000,5.12422,5.12422,5.03878,5.12422,0,0
ABE_PE,D,20111006,000000,5.12422,5.29508,5.03878,5.29508,0,0
ABE_PE,D,20111007,000000,5.12422,5.12422,5.12422,5.12422,0,0
ABE_PE,D,20111010,000000,5.03878,5.12422,5.03878,5.03878,0,0
ABE_PE,D,20111011,000000,4.95345,4.95345,4.69716,4.78259,0,0
ABE_PE,D,20111012,000000,4.78259,4.78259,4.78259,4.78259,0,0
ABE_PE,D,20111013,000000,4.78259,4.78259,4.61192,4.69716,0,0
ABE_PE,D,20111014,000000,4.61192,4.69716,4.61192,4.69716,0,0
ABE_PE,D,20111017,000000,4.78259,4.78259,4.69716,4.69716,0,0
ABE_PE,D,20111018,000000,4.69716,4.78259,4.69716,4.78259,0,0
ABE_PE,D,20111019,000000,4.86811,4.95345,4.78259,4.95345,0,0
ABE_PE,D,20111020,000000,4.86811,4.95345,4.78259,4.78259,0,0
ABE_PE,D,20111021,000000,4.86811,4.95345,4.86811,4.95345,0,0
ABE_PE,D,20111024,000000,4.86811,5.03878,4.86811,5.03878,0,0
ABE_PE,D,20111025,000000,4.95345,5.03878,4.95345,4.95345,0,0
ABE_PE,D,20111026,000000,4.95345,5.03878,4.86811,4.86811,0,0
ABE_PE,D,20111027,000000,5.03878,5.12422,4.86811,5.12422,0,0
ABE_PE,D,20111028,000000,5.12422,5.12422,5.12422,5.12422,0,0
ABE_PE,D,20111031,000000,5.12422,5.20974,5.03878,5.12422,0,0
ABE_PE,D,20111102,000000,5.03878,5.03878,4.86811,5.03878,0,0
ABE_PE,D,20111103,000000,4.86811,5.03878,4.86811,5.03878,0,0
ABE_PE,D,20111104,000000,5.12422,5.12422,5.03878,5.03878,0,0
ABE_PE,D,20111107,000000,4.95345,5.12422,4.95345,5.03878,0,0
ABE_PE,D,20111108,000000,5.03878,5.20974,5.03878,5.20974,0,0
ABE_PE,D,20111109,000000,5.03878,5.12422,5.03878,5.12422,0,0
ABE_PE,D,20111110,000000,5.03878,5.20974,5.03878,5.20974,0,0
ABE_PE,D,20111114,000000,5.20974,5.20974,5.20974,5.20974,0,0
ABE_PE,D,20111115,000000,5.38042,5.38042,5.20974,5.20974,0,0
ABE_PE,D,20111116,000000,5.12422,5.12422,4.95345,4.95345,0,0
ABE_PE,D,20111117,000000,4.95345,4.95345,4.95345,4.95345,0,0
ABE_PE,D,20111118,000000,4.95345,4.95345,4.86811,4.86811,0,0
ABE_PE,D,20111121,000000,4.78259,4.86811,4.78259,4.86811,0,0
ABE_PE,D,20111122,000000,4.86811,4.86811,4.78259,4.86811,0,0
ABE_PE,D,20111123,000000,4.69716,4.86811,4.69716,4.69716,0,0
ABE_PE,D,20111124,000000,4.5264,4.61192,4.44105,4.61192,0,0
ABE_PE,D,20111125,000000,4.61192,4.61192,4.5264,4.5264,0,0
ABE_PE,D,20111128,000000,4.61192,4.61192,4.61192,4.61192,0,0
ABE_PE,D,20111129,000000,4.61192,4.78259,4.61192,4.78259,0,0
ABE_PE,D,20111130,000000,4.78259,5.12422,4.78259,5.12422,0,0
ABE_PE,D,20111201,000000,5.03878,5.46594,4.61192,4.78259,0,0
ABE_PE,D,20111202,000000,4.78259,4.78259,4.78259,4.78259,0,0
ABE_PE,D,20111205,000000,4.95345,4.95345,4.95345,4.95345,0,0
ABE_PE,D,20111206,000000,4.86811,4.95345,4.86811,4.95345,0,0
ABE_PE,D,20111207,000000,4.95345,5.03878,4.95345,5.03878,0,0
ABE_PE,D,20111208,000000,5.03878,5.29508,4.86811,5.03878,0,0
ABE_PE,D,20111209,000000,5.20974,5.20974,4.95345,4.95345,0,0
ABE_PE,D,20111212,000000,4.95345,5.03878,4.95345,4.95345,0,0
ABE_PE,D,20111213,000000,4.95345,5.03878,4.95345,5.03878,0,0
ABE_PE,D,20111214,000000,5.12422,5.12422,5.03878,5.03878,0,0
ABE_PE,D,20111215,000000,4.95345,5.12422,4.95345,5.12422,0,0
ABE_PE,D,20111216,000000,5.12422,5.12422,5.03878,5.03878,0,0
ABE_PE,D,20111219,000000,5.03878,5.03878,4.95345,4.95345,0,0
ABE_PE,D,20111220,000000,4.86811,4.86811,4.86811,4.86811,0,0
ABE_PE,D,20111221,000000,4.69716,4.95345,4.69716,4.95345,0,0
ABE_PE,D,20111222,000000,4.95345,5.03878,4.95345,5.03878,0,0
ABE_PE,D,20111223,000000,5.03878,5.03878,4.95345,5.03878,0,0
ABE_PE,D,20111227,000000,4.95345,5.03878,4.86811,4.86811,0,0
ABE_PE,D,20111228,000000,4.86811,4.86811,4.86811,4.86811,0,0
ABE_PE,D,20111229,000000,4.86811,4.86811,4.86811,4.86811,0,0
ABE_PE,D,20111230,000000,4.86811,4.86811,4.86811,4.86811,0,0
ABE_PE,D,20120102,000000,4.86811,4.95345,4.86811,4.95345,0,0
ABE_PE,D,20120103,000000,4.78259,5.12422,4.78259,5.12422,0,0
ABE_PE,D,20120104,000000,5.12422,5.12422,5.03878,5.03878,0,0
ABE_PE,D,20120105,000000,5.03878,5.03878,5.03878,5.03878,0,0
ABE_PE,D,20120109,000000,5.03878,5.12422,5.03878,5.12422,0,0
ABE_PE,D,20120110,000000,5.12422,5.12422,5.12422,5.12422,0,0
ABE_PE,D,20120111,000000,5.12422,5.12422,5.12422,5.12422,0,0
ABE_PE,D,20120112,000000,5.20974,5.20974,5.20974,5.20974,0,0
ABE_PE,D,20120113,000000,5.12422,5.20974,5.12422,5.12422,0,0
ABE_PE,D,20120116,000000,5.12422,5.20974,5.12422,5.20974,0,0
ABE_PE,D,20120117,000000,5.20974,5.20974,5.20974,5.20974,0,0
ABE_PE,D,20120118,000000,5.38042,5.38042,5.20974,5.20974,0,0
ABE_PE,D,20120119,000000,5.29508,5.29508,5.12422,5.12422,0,0
ABE_PE,D,20120120,000000,5.12422,5.12422,5.12422,5.12422,0,0
ABE_PE,D,20120123,000000,5.29508,5.29508,5.29508,5.29508,0,0
ABE_PE,D,20120124,000000,5.29508,5.29508,5.20974,5.20974,0,0
ABE_PE,D,20120125,000000,5.20974,5.20974,5.20974,5.20974,0,0
ABE_PE,D,20120126,000000,5.20974,5.46594,5.12422,5.38042,0,0
ABE_PE,D,20120127,000000,5.29508,5.55118,5.29508,5.55118,0,0
ABE_PE,D,20120130,000000,5.55118,5.8929,5.55118,5.8929,0,0
ABE_PE,D,20120131,000000,6.06367,6.23453,5.80747,5.8929,0,0
ABE_PE,D,20120201,000000,5.72213,5.80747,5.55118,5.55118,0,0
ABE_PE,D,20120202,000000,5.55118,5.80747,5.55118,5.80747,0,0
ABE_PE,D,20120203,000000,5.80747,5.80747,5.55118,5.55118,0,0
ABE_PE,D,20120206,000000,5.55118,5.63671,5.55118,5.63671,0,0
ABE_PE,D,20120207,000000,5.72213,5.72213,5.63671,5.63671,0,0
ABE_PE,D,20120208,000000,5.72213,5.72213,5.72213,5.72213,0,0
ABE_PE,D,20120209,000000,5.80747,5.80747,5.55118,5.55118,0,0
ABE_PE,D,20120210,000000,5.55118,5.63671,5.55118,5.63671,0,0
ABE_PE,D,20120213,000000,5.55118,5.63671,5.55118,5.63671,0,0
ABE_PE,D,20120214,000000,5.63671,5.63671,5.55118,5.55118,0,0
ABE_PE,D,20120215,000000,5.55118,5.80747,5.55118,5.80747,0,0
ABE_PE,D,20120216,000000,5.80747,5.8929,5.80747,5.80747,0,0
ABE_PE,D,20120217,000000,5.80747,5.80747,5.80747,5.80747,0,0
ABE_PE,D,20120220,000000,5.80747,5.80747,5.72213,5.80747,0,0
ABE_PE,D,20120221,000000,5.80747,5.80747,5.72213,5.80747,0,0
ABE_PE,D,20120222,000000,5.72213,5.72213,5.72213,5.72213,0,0
ABE_PE,D,20120223,000000,5.72213,5.72213,5.55118,5.72213,0,0
ABE_PE,D,20120224,000000,5.63671,5.63671,5.55118,5.55118,0,0
ABE_PE,D,20120227,000000,5.72213,5.72213,5.46594,5.55118,0,0
ABE_PE,D,20120228,000000,5.38042,5.55118,5.38042,5.55118,0,0
ABE_PE,D,20120229,000000,5.55118,5.63671,5.29508,5.63671,0,0
ABE_PE,D,20120301,000000,5.55118,5.63671,5.55118,5.63671,0,0
ABE_PE,D,20120302,000000,5.72213,6.1491,5.72213,6.1491,0,0
ABE_PE,D,20120305,000000,6.31986,6.4053,6.31986,6.4053,0,0
ABE_PE,D,20120306,000000,6.1491,6.23453,6.1491,6.1491,0,0
ABE_PE,D,20120307,000000,6.1491,6.1491,6.1491,6.1491,0,0
ABE_PE,D,20120308,000000,6.31986,6.31986,6.31986,6.31986,0,0
ABE_PE,D,20120309,000000,6.31986,6.4053,6.31986,6.4053,0,0
ABE_PE,D,20120312,000000,6.4053,6.4053,6.4053,6.4053,0,0
ABE_PE,D,20120314,000000,6.23453,6.4053,6.23453,6.4053,0,0
ABE_PE,D,20120315,000000,6.31986,6.31986,6.31986,6.31986,0,0
ABE_PE,D,20120316,000000,6.31986,6.31986,6.23453,6.23453,0,0
ABE_PE,D,20120319,000000,6.1491,6.23453,6.1491,6.23453,0,0
ABE_PE,D,20120320,000000,6.1491,6.23453,6.1491,6.23453,0,0
ABE_PE,D,20120321,000000,6.23453,6.23453,6.1491,6.1491,0,0
ABE_PE,D,20120322,000000,5.97832,6.1491,5.97832,6.1491,0,0
ABE_PE,D,20120323,000000,5.8929,5.8929,5.8929,5.8929,0,0
ABE_PE,D,20120326,000000,6.06367,6.06367,5.97832,5.97832,0,0
ABE_PE,D,20120327,000000,6.1491,6.1491,5.97832,5.97832,0,0
ABE_PE,D,20120328,000000,5.97832,6.1491,5.97832,6.1491,0,0
ABE_PE,D,20120329,000000,6.1491,6.1491,6.06367,6.06367,0,0
ABE_PE,D,20120330,000000,6.06367,6.06367,6.06367,6.06367,0,0
ABE_PE,D,20120403,000000,5.8929,6.06367,5.72213,6.06367,0,0
ABE_PE,D,20120405,000000,6.06367,6.06367,6.06367,6.06367,0,0
ABE_PE,D,20120411,000000,5.8929,5.8929,5.8929,5.8929,0,0
ABE_PE,D,20120413,000000,5.97832,5.97832,5.80747,5.80747,0,0
ABE_PE,D,20120417,000000,5.80747,5.80747,5.80747,5.80747,0,0
ABE_PE,D,20120418,000000,5.80747,5.80747,5.80747,5.80747,0,0
ABE_PE,D,20120420,000000,5.72213,5.80747,5.72213,5.80747,0,0
ABE_PE,D,20120423,000000,5.72213,5.80747,5.55118,5.72213,0,0
ABE_PE,D,20120424,000000,5.72213,5.80747,5.55118,5.80747,0,0
ABE_PE,D,20120425,000000,5.63671,5.72213,5.63671,5.72213,0,0
ABE_PE,D,20120426,000000,5.72213,5.80747,5.72213,5.80747,0,0
ABE_PE,D,20120507,000000,5.80747,5.97832,5.63671,5.97832,0,0
ABE_PE,D,20120511,000000,5.72213,5.8929,5.72213,5.8929,0,0
ABE_PE,D,20120514,000000,5.72213,5.8929,5.72213,5.72213,0,0
ABE_PE,D,20120516,000000,5.38042,5.63671,5.38042,5.63671,0,0
ABE_PE,D,20120517,000000,5.46594,5.55118,5.46594,5.55118,0,0
ABE_PE,D,20120518,000000,5.55118,5.55118,5.46594,5.46594,0,0
ABE_PE,D,20120521,000000,5.46594,5.46594,5.46594,5.46594,0,0
ABE_PE,D,20120522,000000,5.46594,5.46594,5.46594,5.46594,0,0
ABE_PE,D,20120525,000000,5.63671,5.63671,5.46594,5.46594,0,0
ABE_PE,D,20120528,000000,5.46594,5.46594,5.46594,5.46594,0,0
ABE_PE,D,20120530,000000,5.46594,5.46594,5.46594,5.46594,0,0
ABE_PE,D,20120601,000000,5.46594,5.46594,5.46594,5.46594,0,0
ABE_PE,D,20120604,000000,5.63671,5.63671,5.46594,5.46594,0,0
ABE_PE,D,20120605,000000,5.46594,5.46594,5.46594,5.46594,0,0
ABE_PE,D,20120606,000000,5.46594,5.46594,5.38042,5.46594,0,0
ABE_PE,D,20120611,000000,5.46594,5.46594,5.46594,5.46594,0,0
ABE_PE,D,20120612,000000,5.46594,5.55118,5.38042,5.55118,0,0
ABE_PE,D,20120613,000000,5.46594,5.46594,5.46594,5.46594,0,0
ABE_PE,D,20120614,000000,5.38042,5.46594,5.29508,5.29508,0,0
ABE_PE,D,20120615,000000,5.38042,5.46594,5.38042,5.46594,0,0
ABE_PE,D,20120619,000000,5.55118,5.55118,5.55118,5.55118,0,0
ABE_PE,D,20120620,000000,5.63671,5.63671,5.63671,5.63671,0,0
ABE_PE,D,20120621,000000,5.55118,5.55118,5.55118,5.55118,0,0
ABE_PE,D,20120622,000000,5.46594,5.63671,5.46594,5.63671,0,0
ABE_PE,D,20120625,000000,5.46594,5.72213,5.38042,5.63671,0,0
ABE_PE,D,20120626,000000,5.55118,5.63671,5.55118,5.63671,0,0
ABE_PE,D,20120628,000000,5.63671,5.63671,5.63671,5.63671,0,0
ABE_PE,D,20120629,000000,5.63671,5.63671,5.63671,5.63671,0,0
ABE_PE,D,20120703,000000,5.63671,5.63671,5.63671,5.63671,0,0
ABE_PE,D,20120704,000000,5.46594,5.46594,5.46594,5.46594,0,0
ABE_PE,D,20120706,000000,5.46594,5.63671,5.46594,5.63671,0,0
ABE_PE,D,20120709,000000,5.55118,5.55118,5.46594,5.46594,0,0
ABE_PE,D,20120710,000000,5.46594,5.46594,5.38042,5.38042,0,0
ABE_PE,D,20120711,000000,5.29508,5.46594,5.29508,5.46594,0,0
ABE_PE,D,20120712,000000,5.55118,5.55118,5.55118,5.55118,0,0
ABE_PE,D,20120717,000000,5.38042,5.55118,5.29508,5.55118,0,0
ABE_PE,D,20120718,000000,5.29508,5.29508,5.29508,5.29508,0,0
ABE_PE,D,20120719,000000,5.29508,5.38042,5.29508,5.38042,0,0
ABE_PE,D,20120723,000000,5.29508,5.29508,5.12422,5.12422,0,0
ABE_PE,D,20120724,000000,5.12422,5.12422,5.12422,5.12422,0,0
ABE_PE,D,20120725,000000,5.12422,5.12422,4.86811,5.03878,0,0
ABE_PE,D,20120726,000000,5.03878,5.03878,4.86811,4.86811,0,0
ABE_PE,D,20120727,000000,4.95345,4.95345,4.86811,4.95345,0,0
ABE_PE,D,20120802,000000,5.03878,5.12422,5.03878,5.12422,0,0
ABE_PE,D,20120806,000000,5.20974,5.20974,5.20974,5.20974,0,0
ABE_PE,D,20120808,000000,5.12422,5.20974,5.12422,5.20974,0,0
ABE_PE,D,20120809,000000,5.20974,5.20974,5.20974,5.20974,0,0
ABE_PE,D,20120810,000000,5.20974,5.20974,5.03878,5.20974,0,0
ABE_PE,D,20120814,000000,5.12422,5.12422,5.03878,5.12422,0,0
ABE_PE,D,20120822,000000,5.12422,5.12422,5.12422,5.12422,0,0
ABE_PE,D,20120824,000000,5.20974,5.20974,5.12422,5.20974,0,0
ABE_PE,D,20120828,000000,5.03878,5.12422,5.03878,5.12422,0,0
ABE_PE,D,20120830,000000,5.03878,5.03878,5.03878,5.03878,0,0
ABE_PE,D,20120831,000000,5.20974,5.29508,5.12422,5.29508,0,0
ABE_PE,D,20120903,000000,5.29508,5.29508,5.29508,5.29508,0,0
ABE_PE,D,20120904,000000,5.20974,5.29508,5.12422,5.12422,0,0
ABE_PE,D,20120906,000000,5.20974,5.20974,5.03878,5.12422,0,0
ABE_PE,D,20120907,000000,5.29508,5.38042,5.12422,5.38042,0,0
ABE_PE,D,20120910,000000,5.38042,5.38042,5.38042,5.38042,0,0
ABE_PE,D,20120911,000000,5.29508,5.38042,5.20974,5.20974,0,0
ABE_PE,D,20120912,000000,5.20974,5.38042,5.20974,5.38042,0,0
ABE_PE,D,20120914,000000,5.38042,5.38042,5.38042,5.38042,0,0
ABE_PE,D,20120917,000000,5.38042,5.38042,5.38042,5.38042,0,0
ABE_PE,D,20120918,000000,5.38042,5.46594,5.38042,5.46594,0,0
ABE_PE,D,20120919,000000,5.46594,5.46594,5.46594,5.46594,0,0
ABE_PE,D,20120920,000000,5.46594,5.55118,5.46594,5.55118,0,0
ABE_PE,D,20120921,000000,5.55118,5.80747,5.55118,5.72213,0,0
ABE_PE,D,20120924,000000,5.72213,5.97832,5.72213,5.72213,0,0
ABE_PE,D,20120925,000000,5.80747,5.80747,5.80747,5.80747,0,0
ABE_PE,D,20120926,000000,5.80747,5.80747,5.63671,5.63671,0,0
ABE_PE,D,20120927,000000,5.63671,5.63671,5.63671,5.63671,0,0
ABE_PE,D,20120928,000000,5.63671,5.63671,5.63671,5.63671,0,0
ABE_PE,D,20121001,000000,5.63671,5.63671,5.63671,5.63671,0,0
ABE_PE,D,20121002,000000,5.63671,5.80747,5.63671,5.80747,0,0
ABE_PE,D,20121003,000000,5.80747,5.80747,5.55118,5.55118,0,0
ABE_PE,D,20121004,000000,5.63671,5.63671,5.55118,5.63671,0,0
ABE_PE,D,20121005,000000,5.63671,5.80747,5.63671,5.80747,0,0
ABE_PE,D,20121008,000000,5.80747,5.8929,5.80747,5.80747,0,0
ABE_PE,D,20121009,000000,5.80747,5.80747,5.80747,5.80747,0,0
ABE_PE,D,20121010,000000,5.80747,5.80747,5.80747,5.80747,0,0
ABE_PE,D,20121011,000000,5.80747,5.80747,5.80747,5.80747,0,0
ABE_PE,D,20121012,000000,5.80747,5.80747,5.80747,5.80747,0,0
ABE_PE,D,20121016,000000,5.80747,5.80747,5.80747,5.80747,0,0
ABE_PE,D,20121017,000000,5.72213,5.80747,5.72213,5.80747,0,0
ABE_PE,D,20121018,000000,5.80747,5.80747,5.80747,5.80747,0,0
ABE_PE,D,20121019,000000,5.80747,5.80747,5.72213,5.72213,0,0
ABE_PE,D,20121022,000000,5.72213,5.72213,5.63671,5.63671,0,0
ABE_PE,D,20121025,000000,5.55118,5.55118,5.55118,5.55118,0,0
ABE_PE,D,20121026,000000,5.55118,5.55118,5.55118,5.55118,0,0
ABE_PE,D,20121031,000000,5.46594,5.55118,5.46594,5.46594,0,0
ABE_PE,D,20121105,000000,5.46594,5.55118,5.46594,5.55118,0,0
ABE_PE,D,20121106,000000,5.63671,5.63671,5.55118,5.63671,0,0
ABE_PE,D,20121107,000000,5.63671,5.63671,5.63671,5.63671,0,0
ABE_PE,D,20121109,000000,5.55118,5.55118,5.55118,5.55118,0,0
ABE_PE,D,20121112,000000,5.55118,5.55118,5.46594,5.46594,0,0
ABE_PE,D,20121113,000000,5.46594,5.46594,5.46594,5.46594,0,0
ABE_PE,D,20121114,000000,5.38042,5.46594,5.38042,5.46594,0,0
ABE_PE,D,20121115,000000,5.55118,5.55118,5.46594,5.55118,0,0
ABE_PE,D,20121116,000000,5.55118,5.55118,5.55118,5.55118,0,0
ABE_PE,D,20121120,000000,5.55118,5.55118,5.55118,5.55118,0,0
ABE_PE,D,20121122,000000,5.55118,5.55118,5.55118,5.55118,0,0
ABE_PE,D,20121126,000000,5.63671,5.63671,5.55118,5.63671,0,0
ABE_PE,D,20121129,000000,5.55118,5.63671,5.38042,5.38042,0,0
ABE_PE,D,20121130,000000,5.38042,5.55118,5.38042,5.55118,0,0
ABE_PE,D,20121203,000000,5.55118,5.55118,5.55118,5.55118,0,0
ABE_PE,D,20121204,000000,5.63671,5.63671,5.55118,5.63671,0,0
ABE_PE,D,20121205,000000,5.63671,5.72213,5.63671,5.63671,0,0
ABE_PE,D,20121206,000000,5.80747,5.8929,5.55118,5.8929,0,0
ABE_PE,D,20121210,000000,5.8929,5.97832,5.8929,5.97832,0,0
ABE_PE,D,20121211,000000,5.97832,5.97832,5.8929,5.8929,0,0
ABE_PE,D,20121212,000000,5.80747,5.8929,5.80747,5.8929,0,0
ABE_PE,D,20121213,000000,5.8929,5.8929,5.80747,5.8929,0,0
ABE_PE,D,20121217,000000,5.8929,6.06367,5.80747,5.8929,0,0
ABE_PE,D,20121219,000000,5.8929,5.8929,5.8929,5.8929,0,0
ABE_PE,D,20121220,000000,5.80747,5.80747,5.80747,5.80747,0,0
ABE_PE,D,20121221,000000,5.72213,5.72213,5.55118,5.72213,0,0
ABE_PE,D,20121227,000000,5.72213,5.72213,5.46594,5.63671,0,0
ABE_PE,D,20121228,000000,5.72213,5.72213,5.72213,5.72213,0,0
ABE_PE,D,20130102,000000,5.72213,6.06367,5.63671,5.97832,0,0
ABE_PE,D,20130103,000000,5.8929,5.97832,5.8929,5.97832,0,0
ABE_PE,D,20130104,000000,5.8929,6.06367,5.8929,6.06367,0,0
ABE_PE,D,20130107,000000,6.06367,6.1491,6.06367,6.06367,0,0
ABE_PE,D,20130108,000000,6.06367,6.06367,5.8929,5.97832,0,0
ABE_PE,D,20130109,000000,5.97832,5.97832,5.97832,5.97832,0,0
ABE_PE,D,20130110,000000,5.97832,5.97832,5.97832,5.97832,0,0
ABE_PE,D,20130115,000000,5.97832,6.1491,5.97832,6.1491,0,0
ABE_PE,D,20130116,000000,5.97832,5.97832,5.97832,5.97832,0,0
ABE_PE,D,20130117,000000,5.97832,5.97832,5.97832,5.97832,0,0
ABE_PE,D,20130118,000000,5.8929,5.8929,5.8929,5.8929,0,0
ABE_PE,D,20130121,000000,6.06367,6.06367,5.8929,6.06367,0,0
ABE_PE,D,20130122,000000,6.06367,6.1491,6.06367,6.1491,0,0
ABE_PE,D,20130123,000000,6.1491,6.23453,6.06367,6.23453,0,0
ABE_PE,D,20130124,000000,6.31986,6.4053,6.31986,6.4053,0,0
ABE_PE,D,20130125,000000,6.57615,6.74691,6.57615,6.74691,0,0
ABE_PE,D,20130128,000000,6.74691,6.74691,6.57615,6.57615,0,0
ABE_PE,D,20130129,000000,6.74691,7.17398,6.57615,6.57615,0,0
ABE_PE,D,20130130,000000,6.1491,6.91779,6.06367,6.91779,0,0
ABE_PE,D,20130131,000000,6.74691,7.17398,6.74691,7.08845,0,0
ABE_PE,D,20130201,000000,7.17398,7.17398,6.66149,7.08845,0,0
ABE_PE,D,20130204,000000,6.66149,6.91779,6.66149,6.91779,0,0
ABE_PE,D,20130205,000000,6.74691,6.74691,6.74691,6.74691,0,0
ABE_PE,D,20130206,000000,6.74691,6.74691,6.49072,6.49072,0,0
ABE_PE,D,20130207,000000,6.49072,6.49072,6.4053,6.4053,0,0
ABE_PE,D,20130211,000000,6.4053,6.4053,6.4053,6.4053,0,0
ABE_PE,D,20130212,000000,6.4053,6.4053,6.4053,6.4053,0,0
ABE_PE,D,20130213,000000,6.66149,6.74691,6.4053,6.66149,0,0
ABE_PE,D,20130214,000000,6.66149,6.66149,6.66149,6.66149,0,0
ABE_PE,D,20130215,000000,6.66149,6.66149,6.49072,6.49072,0,0
ABE_PE,D,20130218,000000,6.49072,6.57615,6.49072,6.49072,0,0
ABE_PE,D,20130219,000000,6.49072,6.49072,6.49072,6.49072,0,0
ABE_PE,D,20130220,000000,6.49072,6.57615,6.4053,6.4053,0,0
ABE_PE,D,20130221,000000,6.31986,6.57615,6.31986,6.57615,0,0
ABE_PE,D,20130222,000000,6.49072,6.91779,6.49072,6.83235,0,0
ABE_PE,D,20130225,000000,6.66149,6.83235,6.66149,6.83235,0,0
ABE_PE,D,20130226,000000,6.57615,6.83235,6.06367,6.83235,0,0
ABE_PE,D,20130227,000000,6.83235,6.83235,6.83235,6.83235,0,0
ABE_PE,D,20130228,000000,6.49072,6.49072,6.1491,6.1491,0,0
ABE_PE,D,20130301,000000,6.1491,6.57615,5.72213,6.57615,0,0
ABE_PE,D,20130304,000000,6.66149,6.66149,6.57615,6.66149,0,0
ABE_PE,D,20130305,000000,6.66149,6.91779,6.66149,6.91779,0,0
ABE_PE,D,20130306,000000,7.00321,7.00321,6.91779,7.00321,0,0
ABE_PE,D,20130307,000000,7.00321,7.00321,6.57615,6.57615,0,0
ABE_PE,D,20130308,000000,6.83235,7.08845,6.57615,6.83235,0,0
ABE_PE,D,20130311,000000,6.83235,7.00321,6.83235,7.00321,0,0
ABE_PE,D,20130312,000000,7.00321,7.00321,6.91779,6.91779,0,0
ABE_PE,D,20130313,000000,7.08845,7.08845,7.08845,7.08845,0,0
ABE_PE,D,20130314,000000,7.00321,7.08845,6.91779,7.08845,0,0
ABE_PE,D,20130315,000000,7.08845,7.08845,7.08845,7.08845,0,0
ABE_PE,D,20130318,000000,7.17398,7.17398,7.08845,7.08845,0,0
ABE_PE,D,20130322,000000,6.91779,6.91779,6.91779,6.91779,0,0
ABE_PE,D,20130325,000000,6.91779,6.91779,6.91779,6.91779,0,0
ABE_PE,D,20130327,000000,6.91779,6.91779,6.91779,6.91779,0,0
ABE_PE,D,20130328,000000,6.83235,6.83235,6.83235,6.83235,0,0
ABE_PE,D,20130402,000000,6.83235,6.83235,6.83235,6.83235,0,0
ABE_PE,D,20130403,000000,7.08845,7.08845,6.66149,6.66149,0,0
ABE_PE,D,20130408,000000,6.66149,6.66149,6.57615,6.57615,0,0
ABE_PE,D,20130409,000000,6.49072,6.57615,6.49072,6.57615,0,0
ABE_PE,D,20130410,000000,6.83235,6.83235,6.57615,6.74691,0,0
ABE_PE,D,20130411,000000,6.57615,6.74691,6.57615,6.74691,0,0
ABE_PE,D,20130412,000000,6.74691,6.74691,6.4053,6.74691,0,0
ABE_PE,D,20130415,000000,6.66149,6.66149,6.4053,6.4053,0,0
ABE_PE,D,20130417,000000,6.31986,6.57615,6.1491,6.1491,0,0
ABE_PE,D,20130418,000000,6.1491,6.1491,6.06367,6.06367,0,0
ABE_PE,D,20130419,000000,6.06367,6.06367,5.97832,6.06367,0,0
ABE_PE,D,20130422,000000,6.06367,6.06367,5.97832,5.97832,0,0
ABE_PE,D,20130424,000000,5.80747,5.8929,5.80747,5.8929,0,0
ABE_PE,D,20130425,000000,5.72213,5.72213,5.63671,5.63671,0,0
ABE_PE,D,20130426,000000,5.80747,5.80747,5.80747,5.80747,0,0
ABE_PE,D,20130429,000000,5.72213,5.72213,5.72213,5.72213,0,0
ABE_PE,D,20130430,000000,5.72213,5.72213,5.63671,5.72213,0,0
ABE_PE,D,20130502,000000,5.8929,5.8929,5.80747,5.80747,0,0
ABE_PE,D,20130506,000000,5.80747,5.80747,5.63671,5.72213,0,0
ABE_PE,D,20130507,000000,5.72213,5.72213,5.63671,5.63671,0,0
ABE_PE,D,20130508,000000,5.80747,5.80747,5.80747,5.80747,0,0
ABE_PE,D,20130509,000000,5.80747,5.80747,5.80747,5.80747,0,0
ABE_PE,D,20130510,000000,5.80747,5.80747,5.80747,5.80747,0,0
ABE_PE,D,20130513,000000,5.8929,5.8929,5.80747,5.8929,0,0
ABE_PE,D,20130514,000000,5.97832,6.1491,5.97832,6.06367,0,0
ABE_PE,D,20130515,000000,5.8929,6.06367,5.8929,6.06367,0,0
ABE_PE,D,20130517,000000,5.80747,5.8929,5.80747,5.8929,0,0
ABE_PE,D,20130520,000000,5.8929,6.06367,5.8929,6.06367,0,0
ABE_PE,D,20130521,000000,6.06367,6.23453,6.06367,6.23453,0,0
ABE_PE,D,20130522,000000,6.23453,6.4053,6.23453,6.31986,0,0
ABE_PE,D,20130523,000000,6.1491,6.31986,6.1491,6.31986,0,0
ABE_PE,D,20130524,000000,6.23453,6.31986,6.23453,6.31986,0,0
ABE_PE,D,20130527,000000,6.4053,6.74691,6.31986,6.74691,0,0
ABE_PE,D,20130528,000000,6.83235,7.00321,6.83235,7.00321,0,0
ABE_PE,D,20130529,000000,7.08845,7.17398,7.08845,7.08845,0,0
ABE_PE,D,20130531,000000,7.08845,7.08845,7.08845,7.08845,0,0
ABE_PE,D,20130603,000000,7.2595,7.2595,7.00321,7.08845,0,0
ABE_PE,D,20130604,000000,7.2595,7.2595,7.08845,7.08845,0,0
ABE_PE,D,20130605,000000,7.08845,7.43017,7.08845,7.34465,0,0
ABE_PE,D,20130606,000000,7.00321,7.2595,7.00321,7.17398,0,0
ABE_PE,D,20130607,000000,7.34465,7.5156,7.34465,7.5156,0,0
ABE_PE,D,20130610,000000,7.5156,7.60103,7.5156,7.5156,0,0
ABE_PE,D,20130611,000000,7.60103,7.85723,7.60103,7.68638,0,0
ABE_PE,D,20130612,000000,7.68638,7.68638,7.68638,7.68638,0,0
ABE_PE,D,20130613,000000,7.60103,7.68638,7.5156,7.68638,0,0
ABE_PE,D,20130614,000000,7.7718,7.7718,7.7718,7.7718,0,0
ABE_PE,D,20130617,000000,7.7718,7.85723,7.7718,7.7718,0,0
ABE_PE,D,20130619,000000,7.94247,7.94247,7.60103,7.7718,0,0
ABE_PE,D,20130620,000000,7.7718,7.7718,7.60103,7.60103,0,0
ABE_PE,D,20130621,000000,7.60103,7.60103,7.43017,7.60103,0,0
ABE_PE,D,20130624,000000,7.5156,7.5156,7.34465,7.34465,0,0
ABE_PE,D,20130625,000000,7.34465,7.34465,7.34465,7.34465,0,0
ABE_PE,D,20130626,000000,7.34465,7.34465,7.17398,7.17398,0,0
ABE_PE,D,20130627,000000,7.08845,7.08845,6.91779,6.91779,0,0
ABE_PE,D,20130628,000000,7.08845,7.17398,7.08845,7.17398,0,0
ABE_PE,D,20130701,000000,7.00321,7.08845,7.00321,7.08845,0,0
ABE_PE,D,20130702,000000,7.2595,7.2595,7.08845,7.08845,0,0
ABE_PE,D,20130704,000000,7.2595,7.2595,7.2595,7.2595,0,0
ABE_PE,D,20130708,000000,7.2595,7.2595,7.17398,7.17398,0,0
ABE_PE,D,20130710,000000,7.00321,7.2595,6.91779,7.2595,0,0
ABE_PE,D,20130711,000000,7.2595,7.2595,7.2595,7.2595,0,0
ABE_PE,D,20130712,000000,7.2595,7.2595,7.17398,7.17398,0,0
ABE_PE,D,20130716,000000,6.91779,7.17398,6.91779,7.17398,0,0
ABE_PE,D,20130718,000000,6.91779,7.17398,6.91779,7.17398,0,0
ABE_PE,D,20130719,000000,7.17398,7.17398,7.17398,7.17398,0,0
ABE_PE,D,20130725,000000,7.08845,7.08845,6.91779,7.00321,0,0
ABE_PE,D,20130729,000000,7.00321,7.00321,7.00321,7.00321,0,0
ABE_PE,D,20130801,000000,7.08845,7.43017,7.08845,7.43017,0,0
ABE_PE,D,20130802,000000,7.43017,7.60103,7.43017,7.60103,0,0
ABE_PE,D,20130805,000000,7.60103,7.60103,7.60103,7.60103,0,0
ABE_PE,D,20130806,000000,7.60103,7.7718,7.60103,7.7718,0,0
ABE_PE,D,20130807,000000,7.7718,7.7718,7.60103,7.7718,0,0
ABE_PE,D,20130808,000000,7.60103,7.60103,7.34465,7.34465,0,0
ABE_PE,D,20130809,000000,7.2595,7.68638,7.2595,7.68638,0,0
ABE_PE,D,20130812,000000,7.68638,7.85723,7.5156,7.85723,0,0
ABE_PE,D,20130813,000000,7.85723,7.85723,7.7718,7.7718,0,0
ABE_PE,D,20130814,000000,7.85723,7.94247,7.85723,7.85723,0,0
ABE_PE,D,20130816,000000,7.85723,7.85723,7.7718,7.7718,0,0
ABE_PE,D,20130819,000000,7.85723,7.85723,7.85723,7.85723,0,0
ABE_PE,D,20130821,000000,7.85723,7.85723,7.7718,7.7718,0,0
ABE_PE,D,20130822,000000,7.85723,8.028,7.7718,8.028,0,0
ABE_PE,D,20130823,000000,8.028,8.71209,8.028,8.62527,0,0
ABE_PE,D,20130826,000000,8.96735,9.05407,8.88156,9.05407,0,0
ABE_PE,D,20130827,000000,9.05407,9.05407,8.79668,8.96735,0,0
ABE_PE,D,20130828,000000,8.96735,8.96735,8.71209,8.96735,0,0
ABE_PE,D,20130829,000000,8.96735,8.96735,8.71209,8.79668,0,0
ABE_PE,D,20130830,000000,8.71209,8.71209,8.62527,8.62527,0,0
ABE_PE,D,20130902,000000,8.71209,8.71209,8.5404,8.62527,0,0
ABE_PE,D,20130903,000000,8.62527,8.62527,8.36925,8.45506,0,0
ABE_PE,D,20130904,000000,8.45506,8.45506,8.028,8.028,0,0
ABE_PE,D,20130905,000000,8.028,8.028,7.7718,7.85723,0,0
ABE_PE,D,20130906,000000,7.7718,7.7718,7.7718,7.7718,0,0
ABE_PE,D,20130909,000000,7.85723,8.5404,7.85723,8.028,0,0
ABE_PE,D,20130910,000000,7.94247,7.94247,7.94247,7.94247,0,0
ABE_PE,D,20130911,000000,8.28419,8.45506,7.94247,7.94247,0,0
ABE_PE,D,20130912,000000,8.28419,8.45506,7.94247,8.28419,0,0
ABE_PE,D,20130913,000000,8.36925,8.36925,8.36925,8.36925,0,0
ABE_PE,D,20130916,000000,8.28419,8.45506,8.28419,8.36925,0,0
ABE_PE,D,20130917,000000,8.45506,8.45506,8.36925,8.45506,0,0
ABE_PE,D,20130918,000000,8.19886,8.45506,8.11343,8.45506,0,0
ABE_PE,D,20130919,000000,8.45506,9.22383,8.45506,8.71209,0,0
ABE_PE,D,20130920,000000,8.79668,8.79668,8.45506,8.45506,0,0
ABE_PE,D,20130923,000000,8.62527,8.62527,8.28419,8.36925,0,0
ABE_PE,D,20130924,000000,8.71209,9.39451,8.71209,8.96735,0,0
ABE_PE,D,20130925,000000,8.96735,8.96735,8.79668,8.88156,0,0
ABE_PE,D,20130926,000000,9.05407,9.05407,8.88156,8.96735,0,0
ABE_PE,D,20130927,000000,8.96735,8.96735,8.96735,8.96735,0,0
ABE_PE,D,20130930,000000,8.96735,8.96735,8.79668,8.96735,0,0
ABE_PE,D,20131001,000000,8.96735,8.96735,8.88156,8.88156,0,0
ABE_PE,D,20131002,000000,8.96735,8.96735,8.88156,8.96735,0,0
ABE_PE,D,20131003,000000,8.96735,9.30963,8.96735,9.22383,0,0
ABE_PE,D,20131004,000000,9.30963,9.30963,9.22383,9.22383,0,0
ABE_PE,D,20131007,000000,9.22383,9.22383,8.96735,9.22383,0,0
ABE_PE,D,20131008,000000,9.05407,9.22383,9.05407,9.05407,0,0
ABE_PE,D,20131009,000000,8.96735,9.05407,8.71209,8.96735,0,0
ABE_PE,D,20131010,000000,9.05407,9.30963,9.05407,9.13803,0,0
ABE_PE,D,20131011,000000,9.13803,9.30963,9.13803,9.13803,0,0
ABE_PE,D,20131014,000000,9.22383,9.22383,8.96735,9.05407,0,0
ABE_PE,D,20131015,000000,9.05407,9.13803,8.88156,9.05407,0,0
ABE_PE,D,20131016,000000,8.88156,9.22383,8.62527,8.79668,0,0
ABE_PE,D,20131017,000000,8.79668,8.79668,8.62527,8.62527,0,0
ABE_PE,D,20131018,000000,8.71209,8.79668,8.71209,8.71209,0,0
ABE_PE,D,20131021,000000,8.71209,9.13803,8.71209,9.05407,0,0
ABE_PE,D,20131022,000000,9.13803,9.47942,9.05407,9.47942,0,0
ABE_PE,D,20131023,000000,9.47942,10.3345,9.47942,9.5652,0,0
ABE_PE,D,20131024,000000,9.65003,10.3345,9.65003,10.0781,0,0
ABE_PE,D,20131025,000000,10.0781,10.5053,10.0781,10.4195,0,0
ABE_PE,D,20131028,000000,10.4195,11.188,10.4195,10.9305,0,0
ABE_PE,D,20131029,000000,10.9305,10.9305,10.3345,10.7608,0,0
ABE_PE,D,20131030,000000,10.8466,10.8466,10.4195,10.4195,0,0
ABE_PE,D,20131031,000000,10.675,10.675,10.0781,10.0781,0,0
ABE_PE,D,20131104,000000,10.4195,10.4195,10.0781,10.4195,0,0
ABE_PE,D,20131105,000000,10.4195,10.675,10.163,10.3345,0,0
ABE_PE,D,20131106,000000,10.5902,10.5902,10.2488,10.2488,0,0
ABE_PE,D,20131107,000000,10.2488,10.5053,10.0781,10.2488,0,0
ABE_PE,D,20131108,000000,10.4195,10.4195,10.0781,10.2488,0,0
ABE_PE,D,20131112,000000,10.2488,10.2488,9.9923,10.0781,0,0
ABE_PE,D,20131113,000000,10.2488,10.2488,9.90654,9.90654,0,0
ABE_PE,D,20131114,000000,10.0781,10.3345,10.0781,10.2488,0,0
ABE_PE,D,20131115,000000,10.2488,10.4195,9.9923,10.4195,0,0
ABE_PE,D,20131118,000000,10.4195,10.4195,9.5652,9.5652,0,0
ABE_PE,D,20131119,000000,9.5652,9.5652,9.47942,9.5652,0,0
ABE_PE,D,20131120,000000,9.5652,9.5652,9.05407,9.13803,0,0
ABE_PE,D,20131121,000000,9.22383,9.39451,9.13803,9.22383,0,0
ABE_PE,D,20131122,000000,9.22383,9.82069,9.22383,9.73581,0,0
ABE_PE,D,20131125,000000,9.90654,9.9923,9.73581,9.90654,0,0
ABE_PE,D,20131126,000000,10.0781,10.0781,9.73581,9.73581,0,0
ABE_PE,D,20131127,000000,9.73581,9.82069,9.73581,9.73581,0,0
ABE_PE,D,20131128,000000,9.73581,9.82069,9.22383,9.73581,0,0
ABE_PE,D,20131129,000000,9.47942,9.90654,9.47942,9.82069,0,0
ABE_PE,D,20131202,000000,9.9923,9.9923,9.82069,9.82069,0,0
ABE_PE,D,20131203,000000,9.90654,9.90654,9.65003,9.73581,0,0
ABE_PE,D,20131204,000000,9.90654,9.90654,9.39451,9.39451,0,0
ABE_PE,D,20131205,000000,9.39451,9.39451,8.88156,9.39451,0,0
ABE_PE,D,20131206,000000,9.39451,9.39451,9.13803,9.22383,0,0
ABE_PE,D,20131209,000000,9.22383,9.65003,9.22383,9.5652,0,0
ABE_PE,D,20131210,000000,9.73581,9.73581,9.5652,9.65003,0,0
ABE_PE,D,20131211,000000,9.65003,9.73581,9.39451,9.5652,0,0
ABE_PE,D,20131212,000000,9.5652,9.90654,9.22383,9.73581,0,0
ABE_PE,D,20131213,000000,9.73581,9.90654,9.47942,9.82069,0,0
ABE_PE,D,20131216,000000,9.65003,9.73581,9.39451,9.73581,0,0
ABE_PE,D,20131217,000000,9.82069,9.82069,9.5652,9.65003,0,0
ABE_PE,D,20131218,000000,9.65003,9.65003,9.39451,9.47942,0,0
ABE_PE,D,20131219,000000,9.47942,9.65003,9.47942,9.5652,0,0
ABE_PE,D,20131220,000000,9.47942,9.65003,9.39451,9.65003,0,0
ABE_PE,D,20131223,000000,9.65003,9.73581,9.47942,9.73581,0,0
ABE_PE,D,20131227,000000,9.73581,9.73581,9.65003,9.65003,0,0
ABE_PE,D,20131230,000000,9.65003,9.90654,9.65003,9.90654,0,0
ABE_PE,D,20140102,000000,9.73581,9.73581,9.5652,9.5652,0,0
ABE_PE,D,20140103,000000,9.65003,9.65003,9.39451,9.39451,0,0
ABE_PE,D,20140107,000000,9.30963,9.65003,9.30963,9.39451,0,0
ABE_PE,D,20140108,000000,9.30963,9.39451,9.30963,9.30963,0,0
ABE_PE,D,20140109,000000,9.30963,9.39451,9.22383,9.30963,0,0
ABE_PE,D,20140110,000000,9.30963,9.30963,9.22383,9.30963,0,0
ABE_PE,D,20140113,000000,9.30963,9.39451,9.22383,9.22383,0,0
ABE_PE,D,20140114,000000,9.22383,9.30963,9.13803,9.30963,0,0
ABE_PE,D,20140115,000000,9.30963,9.5652,9.30963,9.39451,0,0
ABE_PE,D,20140116,000000,9.47942,9.73581,9.47942,9.73581,0,0
ABE_PE,D,20140117,000000,9.73581,9.73581,9.47942,9.65003,0,0
ABE_PE,D,20140120,000000,9.82069,9.82069,9.39451,9.39451,0,0
ABE_PE,D,20140121,000000,9.30963,9.5652,9.30963,9.5652,0,0
ABE_PE,D,20140122,000000,9.5652,9.65003,9.5652,9.5652,0,0
ABE_PE,D,20140123,000000,9.5652,9.82069,9.5652,9.73581,0,0
ABE_PE,D,20140124,000000,9.82069,9.82069,9.65003,9.82069,0,0
ABE_PE,D,20140127,000000,9.65003,10.5053,9.65003,9.82069,0,0
ABE_PE,D,20140128,000000,9.82069,10.2488,9.5652,10.2488,0,0
ABE_PE,D,20140129,000000,10.2488,10.2488,10.0781,10.2488,0,0
ABE_PE,D,20140130,000000,10.2488,10.2488,10.163,10.2488,0,0
ABE_PE,D,20140131,000000,10.2488,10.5902,10.0781,10.3345,0,0
ABE_PE,D,20140203,000000,10.5053,10.5902,10.3345,10.5053,0,0
ABE_PE,D,20140204,000000,10.5902,10.5902,10.3345,10.3345,0,0
ABE_PE,D,20140205,000000,10.4195,10.5902,10.3345,10.5902,0,0
ABE_PE,D,20140206,000000,10.5053,10.5902,10.4195,10.5053,0,0
ABE_PE,D,20140207,000000,10.675,10.675,10.4195,10.4195,0,0
ABE_PE,D,20140210,000000,10.4195,10.5902,10.3345,10.3345,0,0
ABE_PE,D,20140211,000000,10.2488,10.4195,9.9923,10.3345,0,0
ABE_PE,D,20140212,000000,10.3345,10.5902,10.2488,10.5902,0,0
ABE_PE,D,20140213,000000,10.5902,10.9305,10.4195,10.5902,0,0
ABE_PE,D,20140214,000000,10.5053,10.5053,10.3345,10.5053,0,0
ABE_PE,D,20140217,000000,10.5053,10.5053,10.4195,10.4195,0,0
ABE_PE,D,20140218,000000,10.4195,10.5053,10.2488,10.2488,0,0
ABE_PE,D,20140219,000000,10.2488,10.3345,9.90654,9.90654,0,0
ABE_PE,D,20140220,000000,9.9923,9.9923,9.30963,9.39451,0,0
ABE_PE,D,20140221,000000,9.5652,9.9923,9.5652,9.82069,0,0
ABE_PE,D,20140224,000000,9.90654,10.0781,9.82069,9.90654,0,0
ABE_PE,D,20140225,000000,9.82069,9.82069,9.65003,9.82069,0,0
ABE_PE,D,20140226,000000,9.82069,9.82069,9.47942,9.47942,0,0
ABE_PE,D,20140227,000000,9.5652,9.73581,9.5652,9.5652,0,0
ABE_PE,D,20140228,000000,9.73581,9.73581,9.65003,9.73581,0,0
ABE_PE,D,20140303,000000,9.65003,9.73581,8.028,8.028,0,0
ABE_PE,D,20140304,000000,8.028,8.45506,8.028,8.36925,0,0
ABE_PE,D,20140305,000000,8.36925,8.5404,8.36925,8.5404,0,0
ABE_PE,D,20140306,000000,8.62527,8.62527,8.28419,8.28419,0,0
ABE_PE,D,20140307,000000,8.28419,8.45506,8.28419,8.45506,0,0
ABE_PE,D,20140310,000000,8.36925,8.5404,8.36925,8.45506,0,0
ABE_PE,D,20140311,000000,8.5404,8.5404,8.28419,8.5404,0,0
ABE_PE,D,20140312,000000,8.45506,8.5404,8.028,8.028,0,0
ABE_PE,D,20140313,000000,8.11343,8.19886,8.11343,8.11343,0,0
ABE_PE,D,20140314,000000,7.94247,8.11343,7.68638,7.85723,0,0
ABE_PE,D,20140317,000000,7.68638,8.28419,7.68638,8.28419,0,0
ABE_PE,D,20140318,000000,8.19886,8.28419,8.19886,8.19886,0,0
ABE_PE,D,20140319,000000,8.28419,8.36925,8.028,8.28419,0,0
ABE_PE,D,20140320,000000,8.28419,8.28419,8.11343,8.28419,0,0
ABE_PE,D,20140321,000000,8.28419,8.28419,8.028,8.19886,0,0
ABE_PE,D,20140324,000000,8.28419,8.28419,8.028,8.28419,0,0
ABE_PE,D,20140325,000000,8.36925,8.36925,8.028,8.36925,0,0
ABE_PE,D,20140326,000000,8.36925,8.45506,8.36925,8.45506,0,0
ABE_PE,D,20140327,000000,8.45506,8.45506,8.45506,8.45506,0,0
ABE_PE,D,20140328,000000,8.19886,8.45506,8.19886,8.45506,0,0
ABE_PE,D,20140331,000000,8.19886,8.5404,8.19886,8.45506,0,0
ABE_PE,D,20140401,000000,8.45506,8.62527,8.45506,8.62527,0,0
ABE_PE,D,20140402,000000,8.62527,8.88156,8.62527,8.88156,0,0
ABE_PE,D,20140403,000000,8.88156,8.96735,8.79668,8.88156,0,0
ABE_PE,D,20140404,000000,8.88156,9.05407,8.88156,9.05407,0,0
ABE_PE,D,20140407,000000,9.05407,9.05407,8.79668,9.05407,0,0
ABE_PE,D,20140408,000000,8.96735,8.96735,8.62527,8.71209,0,0
ABE_PE,D,20140409,000000,8.79668,8.79668,8.62527,8.79668,0,0
ABE_PE,D,20140410,000000,8.79668,8.79668,8.79668,8.79668,0,0
ABE_PE,D,20140411,000000,8.79668,8.79668,8.71209,8.71209,0,0
ABE_PE,D,20140414,000000,8.71209,8.71209,8.5404,8.62527,0,0
ABE_PE,D,20140415,000000,8.62527,8.62527,8.62527,8.62527,0,0
ABE_PE,D,20140416,000000,8.62527,8.62527,8.45506,8.62527,0,0
ABE_PE,D,20140417,000000,8.62527,8.62527,8.45506,8.62527,0,0
ABE_PE,D,20140422,000000,8.45506,8.5404,8.45506,8.45506,0,0
ABE_PE,D,20140423,000000,8.62527,8.62527,8.5404,8.5404,0,0
ABE_PE,D,20140424,000000,8.36925,8.5404,8.28419,8.28419,0,0
ABE_PE,D,20140425,000000,8.28419,8.45506,8.28419,8.28419,0,0
ABE_PE,D,20140428,000000,8.28419,8.28419,8.028,8.028,0,0
ABE_PE,D,20140429,000000,8.028,8.028,8.028,8.028,0,0
ABE_PE,D,20140430,000000,8.028,8.11343,7.94247,8.11343,0,0
ABE_PE,D,20140502,000000,8.11343,8.11343,8.11343,8.11343,0,0
ABE_PE,D,20140505,000000,8.11343,8.11343,7.7718,7.7718,0,0
ABE_PE,D,20140506,000000,7.7718,7.85723,7.7718,7.85723,0,0
ABE_PE,D,20140507,000000,8.028,8.028,7.43017,7.60103,0,0
ABE_PE,D,20140508,000000,7.60103,7.85723,7.60103,7.85723,0,0
ABE_PE,D,20140509,000000,7.7718,7.7718,7.68638,7.7718,0,0
ABE_PE,D,20140512,000000,7.7718,7.7718,7.5156,7.68638,0,0
ABE_PE,D,20140513,000000,7.43017,8.11343,7.43017,7.94247,0,0
ABE_PE,D,20140514,000000,8.028,8.028,7.94247,7.94247,0,0
ABE_PE,D,20140515,000000,8.028,8.11343,7.94247,8.028,0,0
ABE_PE,D,20140516,000000,8.028,8.11343,7.94247,8.11343,0,0
ABE_PE,D,20140519,000000,8.19886,8.28419,8.11343,8.11343,0,0
ABE_PE,D,20140520,000000,8.28419,8.28419,8.028,8.11343,0,0
ABE_PE,D,20140521,000000,8.19886,8.19886,7.7718,7.94247,0,0
ABE_PE,D,20140522,000000,7.94247,7.94247,7.68638,7.7718,0,0
ABE_PE,D,20140523,000000,7.7718,8.028,7.7718,8.028,0,0
ABE_PE,D,20140526,000000,8.028,8.11343,8.028,8.11343,0,0
ABE_PE,D,20140527,000000,8.19886,8.19886,8.11343,8.19886,0,0
ABE_PE,D,20140528,000000,8.19886,8.19886,8.028,8.028,0,0
ABE_PE,D,20140529,000000,8.028,8.19886,8.028,8.19886,0,0
ABE_PE,D,20140530,000000,8.19886,8.19886,8.19886,8.19886,0,0
ABE_PE,D,20140602,000000,8.19886,8.19886,8.19886,8.19886,0,0
ABE_PE,D,20140603,000000,8.19886,8.19886,8.028,8.028,0,0
ABE_PE,D,20140604,000000,8.028,8.11343,8.028,8.028,0,0
ABE_PE,D,20140605,000000,8.028,8.028,7.85723,7.94247,0,0
ABE_PE,D,20140606,000000,8.11343,8.11343,8.028,8.028,0,0
ABE_PE,D,20140609,000000,8.028,8.028,7.85723,7.94247,0,0
ABE_PE,D,20140610,000000,7.2595,7.2595,7.2595,7.2595,0,0
ABE_PE,D,20140611,000000,7.2595,7.2595,7.17398,7.2595,0,0
ABE_PE,D,20140612,000000,7.2595,7.2595,7.00321,7.08845,0,0
ABE_PE,D,20140613,000000,7.08845,7.17398,7.08845,7.08845,0,0
ABE_PE,D,20140616,000000,7.08845,7.08845,7.00321,7.08845,0,0
ABE_PE,D,20140617,000000,7.08845,7.17398,7.08845,7.17398,0,0
ABE_PE,D,20140618,000000,7.08845,7.2595,7.08845,7.2595,0,0
ABE_PE,D,20140620,000000,7.2595,7.43017,7.08845,7.34465,0,0
ABE_PE,D,20140623,000000,7.2595,7.34465,7.17398,7.34465,0,0
ABE_PE,D,20140624,000000,7.34465,7.43017,7.2595,7.43017,0,0
ABE_PE,D,20140625,000000,7.43017,7.43017,7.43017,7.43017,0,0
ABE_PE,D,20140626,000000,7.43017,7.7718,7.43017,7.68638,0,0
ABE_PE,D,20140627,000000,7.68638,7.7718,7.60103,7.68638,0,0
ABE_PE,D,20140630,000000,7.68638,7.68638,7.68638,7.68638,0,0
ABE_PE,D,20140701,000000,7.68638,7.68638,7.60103,7.60103,0,0
ABE_PE,D,20140702,000000,7.68638,7.68638,7.43017,7.60103,0,0
ABE_PE,D,20140703,000000,7.60103,7.60103,7.34465,7.60103,0,0
ABE_PE,D,20140704,000000,7.60103,7.60103,7.5156,7.5156,0,0
ABE_PE,D,20140707,000000,7.60103,7.60103,7.5156,7.5156,0,0
ABE_PE,D,20140708,000000,7.5156,7.60103,7.43017,7.5156,0,0
ABE_PE,D,20140709,000000,7.60103,7.60103,7.34465,7.60103,0,0
ABE_PE,D,20140710,000000,7.60103,7.60103,7.60103,7.60103,0,0
ABE_PE,D,20140711,000000,7.5156,7.5156,7.5156,7.5156,0,0
ABE_PE,D,20140714,000000,7.60103,7.60103,7.5156,7.60103,0,0
ABE_PE,D,20140715,000000,7.60103,7.60103,7.5156,7.60103,0,0
ABE_PE,D,20140716,000000,7.60103,7.60103,7.5156,7.5156,0,0
ABE_PE,D,20140717,000000,7.5156,7.60103,7.43017,7.5156,0,0
ABE_PE,D,20140718,000000,7.34465,7.5156,7.34465,7.43017,0,0
ABE_PE,D,20140721,000000,7.43017,7.43017,7.43017,7.43017,0,0
ABE_PE,D,20140722,000000,7.43017,7.43017,7.34465,7.34465,0,0
ABE_PE,D,20140723,000000,7.34465,7.43017,7.17398,7.2595,0,0
ABE_PE,D,20140724,000000,7.2595,7.5156,7.08845,7.08845,0,0
ABE_PE,D,20140725,000000,7.08845,7.08845,6.83235,6.91779,0,0
ABE_PE,D,20140728,000000,7.00321,7.08845,6.66149,6.66149,0,0
ABE_PE,D,20140729,000000,6.74691,6.91779,6.74691,6.91779,0,0
ABE_PE,D,20140730,000000,6.91779,6.91779,6.74691,6.83235,0,0
ABE_PE,D,20140731,000000,6.83235,7.00321,6.74691,7.00321,0,0
ABE_PE,D,20140801,000000,7.00321,7.08845,7.00321,7.08845,0,0
ABE_PE,D,20140804,000000,7.08845,7.17398,6.91779,6.91779,0,0
ABE_PE,D,20140805,000000,7.08845,7.08845,6.83235,6.83235,0,0
ABE_PE,D,20140806,000000,7.00321,7.00321,6.74691,6.74691,0,0
ABE_PE,D,20140807,000000,6.74691,6.74691,6.31986,6.31986,0,0
ABE_PE,D,20140808,000000,6.23453,6.4053,6.23453,6.4053,0,0
ABE_PE,D,20140811,000000,6.49072,6.66149,6.31986,6.66149,0,0
ABE_PE,D,20140812,000000,6.49072,6.66149,6.49072,6.66149,0,0
ABE_PE,D,20140813,000000,6.83235,6.83235,6.74691,6.74691,0,0
ABE_PE,D,20140814,000000,6.66149,6.66149,6.49072,6.49072,0,0
ABE_PE,D,20140818,000000,6.57615,6.57615,6.57615,6.57615,0,0
ABE_PE,D,20140819,000000,6.66149,6.66149,6.31986,6.57615,0,0
ABE_PE,D,20140820,000000,6.49072,6.49072,6.49072,6.49072,0,0
ABE_PE,D,20140821,000000,6.57615,6.57615,6.4053,6.4053,0,0
ABE_PE,D,20140822,000000,6.4053,6.83235,6.4053,6.74691,0,0
ABE_PE,D,20140825,000000,6.83235,7.00321,6.83235,7.00321,0,0
ABE_PE,D,20140826,000000,7.00321,7.00321,6.83235,6.91779,0,0
ABE_PE,D,20140827,000000,7.00321,7.00321,6.91779,7.00321,0,0
ABE_PE,D,20140828,000000,7.17398,7.17398,6.74691,6.91779,0,0
ABE_PE,D,20140829,000000,6.83235,7.08845,6.83235,7.08845,0,0
ABE_PE,D,20140901,000000,7.08845,7.08845,6.66149,7.08845,0,0
ABE_PE,D,20140902,000000,7.08845,7.08845,7.08845,7.08845,0,0
ABE_PE,D,20140903,000000,7.08845,7.17398,7.08845,7.08845,0,0
ABE_PE,D,20140904,000000,7.08845,7.08845,7.00321,7.08845,0,0
ABE_PE,D,20140905,000000,7.08845,7.08845,7.08845,7.08845,0,0
ABE_PE,D,20140908,000000,7.08845,7.2595,7.08845,7.2595,0,0
ABE_PE,D,20140909,000000,7.17398,7.2595,7.17398,7.2595,0,0
ABE_PE,D,20140910,000000,7.2595,7.5156,7.2595,7.43017,0,0
ABE_PE,D,20140911,000000,7.43017,7.60103,7.43017,7.60103,0,0
ABE_PE,D,20140912,000000,7.60103,7.68638,7.60103,7.68638,0,0
ABE_PE,D,20140915,000000,7.68638,7.68638,7.60103,7.68638,0,0
ABE_PE,D,20140916,000000,7.68638,7.68638,7.60103,7.60103,0,0
ABE_PE,D,20140917,000000,7.60103,7.60103,7.5156,7.60103,0,0
ABE_PE,D,20140918,000000,7.68638,8.028,7.60103,7.60103,0,0
ABE_PE,D,20140919,000000,7.68638,8.11343,7.68638,7.94247,0,0
ABE_PE,D,20140922,000000,7.94247,8.19886,7.94247,7.94247,0,0
ABE_PE,D,20140923,000000,7.94247,7.94247,7.85723,7.94247,0,0
ABE_PE,D,20140924,000000,7.94247,7.94247,7.85723,7.85723,0,0
ABE_PE,D,20140925,000000,7.94247,7.94247,7.7718,7.7718,0,0
ABE_PE,D,20140926,000000,7.7718,7.7718,7.68638,7.68638,0,0
ABE_PE,D,20140929,000000,7.68638,7.68638,7.60103,7.68638,0,0
ABE_PE,D,20140930,000000,7.68638,7.68638,7.60103,7.68638,0,0
ABE_PE,D,20141001,000000,7.68638,7.68638,7.60103,7.60103,0,0
ABE_PE,D,20141002,000000,7.5156,7.5156,7.34465,7.43017,0,0
ABE_PE,D,20141003,000000,7.5156,7.5156,7.43017,7.43017,0,0
ABE_PE,D,20141006,000000,7.43017,7.43017,7.34465,7.43017,0,0
ABE_PE,D,20141007,000000,7.43017,7.5156,7.43017,7.43017,0,0
ABE_PE,D,20141008,000000,7.43017,7.43017,7.43017,7.43017,0,0
ABE_PE,D,20141009,000000,7.43017,7.43017,7.34465,7.43017,0,0
ABE_PE,D,20141010,000000,7.43017,7.43017,7.34465,7.43017,0,0
ABE_PE,D,20141013,000000,7.43017,7.43017,7.2595,7.34465,0,0
ABE_PE,D,20141014,000000,7.2595,7.43017,7.08845,7.2595,0,0
ABE_PE,D,20141015,000000,7.2595,7.2595,7.00321,7.00321,0,0
ABE_PE,D,20141016,000000,6.91779,7.00321,6.91779,7.00321,0,0
ABE_PE,D,20141017,000000,7.00321,7.00321,6.91779,7.00321,0,0
ABE_PE,D,20141020,000000,7.08845,7.17398,7.08845,7.08845,0,0
ABE_PE,D,20141021,000000,7.08845,7.17398,7.08845,7.17398,0,0
ABE_PE,D,20141022,000000,7.08845,7.5156,7.08845,7.5156,0,0
ABE_PE,D,20141023,000000,7.5156,7.60103,7.5156,7.60103,0,0
ABE_PE,D,20141024,000000,7.60103,7.7718,7.43017,7.60103,0,0
ABE_PE,D,20141027,000000,7.7718,7.7718,7.5156,7.5156,0,0
ABE_PE,D,20141028,000000,7.68638,7.68638,7.5156,7.5156,0,0
ABE_PE,D,20141029,000000,7.5156,7.60103,7.34465,7.43017,0,0
ABE_PE,D,20141030,000000,7.43017,7.5156,7.43017,7.5156,0,0
ABE_PE,D,20141031,000000,7.5156,7.5156,7.43017,7.5156,0,0
ABE_PE,D,20141103,000000,7.5156,7.7718,7.5156,7.68638,0,0
ABE_PE,D,20141104,000000,7.68638,7.68638,7.68638,7.68638,0,0
ABE_PE,D,20141105,000000,7.68638,7.85723,7.68638,7.85723,0,0
ABE_PE,D,20141106,000000,7.94247,7.94247,7.5156,7.5156,0,0
ABE_PE,D,20141107,000000,7.5156,7.68638,7.43017,7.60103,0,0
ABE_PE,D,20141110,000000,7.60103,7.7718,7.60103,7.60103,0,0
ABE_PE,D,20141112,000000,7.68638,7.68638,7.60103,7.60103,0,0
ABE_PE,D,20141113,000000,7.60103,7.60103,7.60103,7.60103,0,0
ABE_PE,D,20141114,000000,7.60103,7.60103,7.5156,7.60103,0,0
ABE_PE,D,20141117,000000,7.60103,7.60103,7.2595,7.2595,0,0
ABE_PE,D,20141118,000000,7.2595,7.60103,7.2595,7.60103,0,0
ABE_PE,D,20141119,000000,7.68638,7.94247,7.60103,7.7718,0,0
ABE_PE,D,20141120,000000,7.7718,7.94247,7.68638,7.68638,0,0
ABE_PE,D,20141121,000000,7.7718,7.7718,7.68638,7.68638,0,0
ABE_PE,D,20141124,000000,7.68638,7.68638,7.43017,7.43017,0,0
ABE_PE,D,20141125,000000,7.43017,7.43017,7.43017,7.43017,0,0
ABE_PE,D,20141126,000000,7.43017,7.43017,7.34465,7.34465,0,0
ABE_PE,D,20141127,000000,7.5156,7.5156,7.34465,7.43017,0,0
ABE_PE,D,20141128,000000,7.5156,7.5156,7.34465,7.34465,0,0
ABE_PE,D,20141201,000000,7.43017,7.5156,7.43017,7.43017,0,0
ABE_PE,D,20141202,000000,7.5156,7.5156,7.34465,7.43017,0,0
ABE_PE,D,20141203,000000,7.5156,7.68638,7.5156,7.68638,0,0
ABE_PE,D,20141204,000000,7.68638,7.68638,7.60103,7.60103,0,0
ABE_PE,D,20141205,000000,7.60103,7.68638,7.43017,7.68638,0,0
ABE_PE,D,20141208,000000,7.5156,7.68638,7.5156,7.60103,0,0
ABE_PE,D,20141209,000000,7.60103,7.68638,7.60103,7.68638,0,0
ABE_PE,D,20141210,000000,7.60103,7.68638,7.43017,7.43017,0,0
ABE_PE,D,20141211,000000,7.43017,7.60103,7.43017,7.43017,0,0
ABE_PE,D,20141212,000000,7.60103,7.60103,7.43017,7.5156,0,0
ABE_PE,D,20141215,000000,7.43017,7.5156,7.17398,7.2595,0,0
ABE_PE,D,20141216,000000,7.2595,7.34465,6.91779,7.17398,0,0
ABE_PE,D,20141217,000000,7.00321,7.08845,6.91779,7.00321,0,0
ABE_PE,D,20141218,000000,7.00321,7.08845,7.00321,7.00321,0,0
ABE_PE,D,20141219,000000,7.00321,7.00321,6.74691,7.00321,0,0
ABE_PE,D,20141222,000000,7.08302,7.25793,6.90818,7.17047,0,0
ABE_PE,D,20141223,000000,7.25793,7.25793,7.17047,7.17047,0,0
ABE_PE,D,20141229,000000,7.17047,7.3453,7.17047,7.25793,0,0
ABE_PE,D,20141230,000000,7.25793,7.43275,6.99556,7.25793,0,0
ABE_PE,D,20150102,000000,7.3453,7.52031,7.3453,7.52031,0,0
ABE_PE,D,20150105,000000,7.60768,7.60768,7.60768,7.60768,0,0
ABE_PE,D,20150107,000000,7.60768,7.60768,7.60768,7.60768,0,0
ABE_PE,D,20150108,000000,7.60768,7.69505,7.60768,7.60768,0,0
ABE_PE,D,20150109,000000,7.60768,7.60768,7.52031,7.60768,0,0
ABE_PE,D,20150112,000000,7.60768,7.60768,7.52031,7.52031,0,0
ABE_PE,D,20150113,000000,7.43275,7.78269,7.43275,7.78269,0,0
ABE_PE,D,20150114,000000,7.69505,7.87006,7.69505,7.78269,0,0
ABE_PE,D,20150115,000000,7.78269,7.78269,7.60768,7.78269,0,0
ABE_PE,D,20150116,000000,7.78269,7.78269,7.69505,7.69505,0,0
ABE_PE,D,20150119,000000,7.69505,7.69505,7.52031,7.60768,0,0
ABE_PE,D,20150120,000000,7.60768,7.78269,7.60768,7.78269,0,0
ABE_PE,D,20150121,000000,7.78269,7.78269,7.69505,7.78269,0,0
ABE_PE,D,20150122,000000,7.78269,8.39472,7.69505,8.30717,0,0
ABE_PE,D,20150123,000000,8.2198,8.48246,8.04488,8.48246,0,0
ABE_PE,D,20150126,000000,8.56983,8.56983,8.30717,8.30717,0,0
ABE_PE,D,20150127,000000,8.30717,8.39472,8.30717,8.30717,0,0
ABE_PE,D,20150128,000000,8.30717,8.48246,8.30717,8.48246,0,0
ABE_PE,D,20150129,000000,8.48246,8.56983,8.48246,8.48246,0,0
ABE_PE,D,20150130,000000,8.48246,8.48246,8.39472,8.48246,0,0
ABE_PE,D,20150202,000000,8.56983,8.56983,8.48246,8.56983,0,0
ABE_PE,D,20150203,000000,8.65691,9.00703,8.65691,8.65691,0,0
ABE_PE,D,20150204,000000,8.65691,8.9203,8.65691,8.83266,0,0
ABE_PE,D,20150205,000000,8.74456,8.9203,8.56983,8.83266,0,0
ABE_PE,D,20150206,000000,8.83266,8.83266,8.56983,8.65691,0,0
ABE_PE,D,20150209,000000,8.65691,8.9203,8.65691,8.65691,0,0
ABE_PE,D,20150210,000000,8.65691,8.83266,8.65691,8.83266,0,0
ABE_PE,D,20150211,000000,8.74456,8.83266,8.74456,8.83266,0,0
ABE_PE,D,20150212,000000,8.9203,8.9203,8.74456,8.83266,0,0
ABE_PE,D,20150213,000000,8.83266,8.9203,8.83266,8.83266,0,0
ABE_PE,D,20150216,000000,8.83266,8.9203,8.83266,8.83266,0,0
ABE_PE,D,20150217,000000,8.83266,8.83266,8.83266,8.83266,0,0
ABE_PE,D,20150218,000000,8.83266,8.83266,8.83266,8.83266,0,0
ABE_PE,D,20150219,000000,8.83266,8.83266,8.74456,8.83266,0,0
ABE_PE,D,20150220,000000,8.83266,9.00703,8.74456,9.00703,0,0
ABE_PE,D,20150223,000000,9.00703,9.09467,9.00703,9.09467,0,0
ABE_PE,D,20150224,000000,9.09467,9.09467,9.09467,9.09467,0,0
ABE_PE,D,20150225,000000,9.09467,9.532,9.09467,9.18232,0,0
ABE_PE,D,20150226,000000,9.18232,9.44432,9.18232,9.18232,0,0
ABE_PE,D,20150227,000000,9.26904,9.26904,9.09467,9.18232,0,0
ABE_PE,D,20150302,000000,9.35667,9.61873,9.00703,9.00703,0,0
ABE_PE,D,20150303,000000,9.00703,9.18232,8.83266,9.00703,0,0
ABE_PE,D,20150304,000000,9.18232,9.44432,9.18232,9.44432,0,0
ABE_PE,D,20150305,000000,9.44432,9.88161,9.44432,9.532,0,0
ABE_PE,D,20150306,000000,9.532,9.61873,9.44432,9.532,0,0
ABE_PE,D,20150309,000000,9.532,9.532,9.09467,9.26904,0,0
ABE_PE,D,20150310,000000,9.26904,9.26904,9.00703,9.00703,0,0
ABE_PE,D,20150311,000000,9.00703,9.00703,8.83266,8.9203,0,0
ABE_PE,D,20150312,000000,8.9203,9.26904,8.9203,9.26904,0,0
ABE_PE,D,20150313,000000,9.26904,9.35667,9.18232,9.18232,0,0
ABE_PE,D,20150316,000000,9.35667,9.44432,9.35667,9.44432,0,0
ABE_PE,D,20150317,000000,9.44432,9.532,9.44432,9.532,0,0
ABE_PE,D,20150318,000000,9.532,9.61873,9.44432,9.44432,0,0
ABE_PE,D,20150319,000000,9.532,9.532,9.26904,9.35667,0,0
ABE_PE,D,20150320,000000,9.35667,9.35667,9.18232,9.18232,0,0
ABE_PE,D,20150323,000000,9.18232,9.44432,9.09467,9.44432,0,0
ABE_PE,D,20150324,000000,9.44432,9.44432,9.18232,9.26904,0,0
ABE_PE,D,20150325,000000,9.35667,9.35667,9.18232,9.18232,0,0
ABE_PE,D,20150326,000000,9.18232,9.18232,9.00703,9.18232,0,0
ABE_PE,D,20150327,000000,9.18232,9.26904,9.18232,9.18232,0,0
ABE_PE,D,20150330,000000,9.26904,9.26904,9.09467,9.26904,0,0
ABE_PE,D,20150331,000000,9.35667,9.35667,9.09467,9.18232,0,0
ABE_PE,D,20150401,000000,9.18232,9.18232,9.00703,9.09467,0,0
ABE_PE,D,20150402,000000,9.09467,9.09467,9.00703,9.00703,0,0
ABE_PE,D,20150407,000000,9.00703,9.00703,8.65691,8.65691,0,0
ABE_PE,D,20150408,000000,8.56983,8.9203,8.56983,8.83266,0,0
ABE_PE,D,20150409,000000,8.74456,8.9203,8.74456,8.9203,0,0
ABE_PE,D,20150410,000000,9.00703,9.26904,8.9203,9.18232,0,0
ABE_PE,D,20150413,000000,9.18232,9.18232,9.00703,9.09467,0,0
ABE_PE,D,20150414,000000,9.09467,9.09467,9.00703,9.00703,0,0
ABE_PE,D,20150415,000000,9.00703,9.00703,8.9203,9.00703,0,0
ABE_PE,D,20150416,000000,9.09467,9.09467,8.9203,9.09467,0,0
ABE_PE,D,20150417,000000,8.9203,9.09467,8.9203,9.00703,0,0
ABE_PE,D,20150420,000000,9.00703,9.532,9.00703,9.532,0,0
ABE_PE,D,20150421,000000,9.61873,9.70632,9.532,9.532,0,0
ABE_PE,D,20150422,000000,9.532,9.532,9.26904,9.44432,0,0
ABE_PE,D,20150423,000000,9.44432,9.44432,9.18232,9.26904,0,0
ABE_PE,D,20150424,000000,9.35667,9.79402,9.35667,9.70632,0,0
ABE_PE,D,20150427,000000,9.70632,9.70632,9.532,9.532,0,0
ABE_PE,D,20150428,000000,9.532,9.532,9.26904,9.532,0,0
ABE_PE,D,20150429,000000,9.532,9.532,9.532,9.532,0,0
ABE_PE,D,20150430,000000,9.44432,9.532,9.44432,9.532,0,0
ABE_PE,D,20150504,000000,9.532,9.61873,9.532,9.61873,0,0
ABE_PE,D,20150505,000000,9.70632,9.70632,9.61873,9.70632,0,0
ABE_PE,D,20150506,000000,9.70632,9.88161,9.70632,9.79402,0,0
ABE_PE,D,20150507,000000,9.79402,9.96834,9.79402,9.88161,0,0
ABE_PE,D,20150508,000000,9.88161,9.88161,9.70632,9.70632,0,0
ABE_PE,D,20150511,000000,9.70632,9.79402,9.70632,9.79402,0,0
ABE_PE,D,20150512,000000,9.79402,9.79402,9.61873,9.61873,0,0
ABE_PE,D,20150513,000000,9.61873,9.79402,9.35667,9.70632,0,0
ABE_PE,D,20150514,000000,9.79402,9.79402,9.61873,9.70632,0,0
ABE_PE,D,20150515,000000,9.70632,9.70632,9.18232,9.44432,0,0
ABE_PE,D,20150518,000000,9.532,9.79402,9.35667,9.35667,0,0
ABE_PE,D,20150519,000000,9.35667,9.35667,9.09467,9.18232,0,0
ABE_PE,D,20150520,000000,9.18232,9.26904,9.09467,9.18232,0,0
ABE_PE,D,20150521,000000,9.18232,9.26904,9.09467,9.26904,0,0
ABE_PE,D,20150522,000000,9.26904,9.26904,9.26904,9.26904,0,0
ABE_PE,D,20150525,000000,9.26904,9.35667,9.09467,9.09467,0,0
ABE_PE,D,20150526,000000,9.26904,9.26904,9.00703,9.09467,0,0
ABE_PE,D,20150527,000000,9.09467,9.09467,8.83266,8.9203,0,0
ABE_PE,D,20150528,000000,8.83266,9.00703,8.83266,8.83266,0,0
ABE_PE,D,20150529,000000,8.83266,9.09467,8.83266,9.00703,0,0
ABE_PE,D,20150601,000000,8.9203,9.00703,8.83266,8.9203,0,0
ABE_PE,D,20150602,000000,8.83266,8.9203,8.74456,8.83266,0,0
ABE_PE,D,20150603,000000,8.9203,9.00703,8.83266,9.00703,0,0
ABE_PE,D,20150605,000000,9.00703,9.00703,8.9203,9.00703,0,0
ABE_PE,D,20150608,000000,8.65691,8.9203,8.65691,8.74456,0,0
ABE_PE,D,20150609,000000,8.65691,8.65691,8.39472,8.48246,0,0
ABE_PE,D,20150610,000000,8.39472,8.39472,8.30717,8.39472,0,0
ABE_PE,D,20150611,000000,8.39472,8.39472,8.2198,8.30717,0,0
ABE_PE,D,20150612,000000,8.30717,8.65691,8.30717,8.65691,0,0
ABE_PE,D,20150615,000000,8.65691,8.74456,8.65691,8.74456,0,0
ABE_PE,D,20150616,000000,8.74456,8.83266,8.30717,8.74456,0,0
ABE_PE,D,20150617,000000,8.83266,8.83266,8.74456,8.74456,0,0
ABE_PE,D,20150618,000000,8.74456,8.74456,8.48246,8.74456,0,0
ABE_PE,D,20150619,000000,8.74456,8.74456,8.48246,8.65691,0,0
ABE_PE,D,20150622,000000,8.65691,8.65691,8.48246,8.48246,0,0
ABE_PE,D,20150623,000000,8.65691,8.74456,8.48246,8.74456,0,0
ABE_PE,D,20150624,000000,8.74456,8.74456,8.48246,8.48246,0,0
ABE_PE,D,20150625,000000,8.48246,8.65691,8.48246,8.65691,0,0
ABE_PE,D,20150626,000000,8.56983,8.56983,8.39472,8.39472,0,0
ABE_PE,D,20150629,000000,8.13244,8.13244,7.87006,7.95743,0,0
ABE_PE,D,20150630,000000,7.87006,8.13244,7.87006,8.13244,0,0
ABE_PE,D,20150701,000000,8.13244,8.39472,8.13244,8.2198,0,0
ABE_PE,D,20150702,000000,8.30717,8.48246,8.30717,8.39472,0,0
ABE_PE,D,20150703,000000,8.39472,8.39472,8.13244,8.13244,0,0
ABE_PE,D,20150706,000000,8.04488,8.2198,8.04488,8.13244,0,0
ABE_PE,D,20150707,000000,8.13244,8.30717,8.13244,8.13244,0,0
ABE_PE,D,20150708,000000,8.13244,8.13244,7.95743,7.95743,0,0
ABE_PE,D,20150709,000000,8.04488,8.04488,7.87006,7.87006,0,0
ABE_PE,D,20150710,000000,7.78269,8.04488,7.78269,7.87006,0,0
ABE_PE,D,20150713,000000,8.04488,8.13244,8.04488,8.04488,0,0
ABE_PE,D,20150714,000000,8.13244,8.48246,8.13244,8.48246,0,0
ABE_PE,D,20150715,000000,8.48246,8.74456,8.48246,8.74456,0,0
ABE_PE,D,20150716,000000,8.83266,8.83266,8.74456,8.83266,0,0
ABE_PE,D,20150717,000000,8.74456,8.83266,8.65691,8.83266,0,0
ABE_PE,D,20150720,000000,8.74456,8.83266,8.56983,8.56983,0,0
ABE_PE,D,20150721,000000,8.48246,8.65691,8.39472,8.65691,0,0
ABE_PE,D,20150722,000000,8.74456,9.00703,8.48246,9.00703,0,0
ABE_PE,D,20150723,000000,8.9203,8.9203,8.56983,8.74456,0,0
ABE_PE,D,20150724,000000,8.56983,8.74456,8.48246,8.74456,0,0
ABE_PE,D,20150727,000000,8.48246,8.56983,8.48246,8.56983,0,0
ABE_PE,D,20150728,000000,8.65691,8.74456,8.65691,8.74456,0,0
ABE_PE,D,20150729,000000,8.74456,8.74456,8.65691,8.74456,0,0
ABE_PE,D,20150730,000000,8.65691,8.74456,8.65691,8.74456,0,0
ABE_PE,D,20150731,000000,8.74456,8.74456,8.65691,8.74456,0,0
ABE_PE,D,20150803,000000,8.74456,8.74456,8.74456,8.74456,0,0
ABE_PE,D,20150804,000000,8.83266,8.83266,8.74456,8.83266,0,0
ABE_PE,D,20150805,000000,8.74456,8.74456,8.74456,8.74456,0,0
ABE_PE,D,20150806,000000,8.83266,8.83266,8.65691,8.65691,0,0
ABE_PE,D,20150807,000000,8.65691,8.65691,8.48246,8.48246,0,0
ABE_PE,D,20150810,000000,8.74456,8.74456,8.65691,8.74456,0,0
ABE_PE,D,20150811,000000,8.74456,8.83266,8.74456,8.83266,0,0
ABE_PE,D,20150812,000000,8.83266,8.9203,8.74456,8.83266,0,0
ABE_PE,D,20150813,000000,8.83266,8.9203,8.65691,8.74456,0,0
ABE_PE,D,20150814,000000,8.65691,8.65691,8.65691,8.65691,0,0
ABE_PE,D,20150817,000000,8.74456,8.74456,8.65691,8.65691,0,0
ABE_PE,D,20150818,000000,8.74456,8.74456,8.56983,8.56983,0,0
ABE_PE,D,20150819,000000,8.56983,8.56983,8.39472,8.39472,0,0
ABE_PE,D,20150820,000000,8.39472,8.39472,8.2198,8.30717,0,0
ABE_PE,D,20150821,000000,8.39472,8.48246,8.30717,8.30717,0,0
ABE_PE,D,20150824,000000,8.2198,8.2198,7.43275,7.43275,0,0
ABE_PE,D,20150825,000000,7.43275,7.78269,7.43275,7.78269,0,0
ABE_PE,D,20150826,000000,7.87006,8.04488,7.87006,7.95743,0,0
ABE_PE,D,20150827,000000,8.04488,8.2198,8.04488,8.13244,0,0
ABE_PE,D,20150828,000000,8.2198,8.30717,8.13244,8.30717,0,0
ABE_PE,D,20150831,000000,8.39472,8.39472,8.30717,8.30717,0,0
ABE_PE,D,20150901,000000,8.13244,8.30717,8.13244,8.13244,0,0
ABE_PE,D,20150902,000000,8.13244,8.13244,7.60768,7.60768,0,0
ABE_PE,D,20150903,000000,7.78269,7.78269,7.69505,7.78269,0,0
ABE_PE,D,20150904,000000,7.78269,7.87006,7.60768,7.78269,0,0
ABE_PE,D,20150907,000000,7.87006,7.87006,7.60768,7.87006,0,0
ABE_PE,D,20150908,000000,7.78269,7.87006,7.78269,7.87006,0,0
ABE_PE,D,20150909,000000,7.87006,7.87006,7.52031,7.69505,0,0
ABE_PE,D,20150910,000000,7.69505,7.69505,7.52031,7.52031,0,0
ABE_PE,D,20150911,000000,7.52031,7.52031,7.3453,7.43275,0,0
ABE_PE,D,20150914,000000,7.43275,7.43275,7.08302,7.17047,0,0
ABE_PE,D,20150915,000000,7.17047,7.17047,6.82072,6.82072,0,0
ABE_PE,D,20150916,000000,6.82072,6.90818,6.73327,6.90818,0,0
ABE_PE,D,20150917,000000,6.90818,7.17047,6.90818,7.17047,0,0
ABE_PE,D,20150918,000000,7.08302,7.25793,7.08302,7.25793,0,0
ABE_PE,D,20150921,000000,7.25793,7.25793,7.25793,7.25793,0,0
ABE_PE,D,20150922,000000,7.25793,7.3453,7.17047,7.25793,0,0
ABE_PE,D,20150924,000000,7.25793,7.25793,7.08302,7.08302,0,0
ABE_PE,D,20150925,000000,7.08302,7.08302,7.08302,7.08302,0,0
ABE_PE,D,20150928,000000,7.08302,7.08302,6.90818,6.90818,0,0
ABE_PE,D,20150929,000000,6.90818,6.90818,6.90818,6.90818,0,0
ABE_PE,D,20150930,000000,6.90818,7.08302,6.90818,7.08302,0,0
ABE_PE,D,20151001,000000,7.08302,7.17047,7.08302,7.17047,0,0
ABE_PE,D,20151002,000000,7.17047,7.17047,7.08302,7.17047,0,0
ABE_PE,D,20151005,000000,7.17047,7.17047,7.08302,7.17047,0,0
ABE_PE,D,20151006,000000,7.25793,7.3453,7.25793,7.3453,0,0
ABE_PE,D,20151007,000000,7.52031,7.60768,7.52031,7.60768,0,0
ABE_PE,D,20151008,000000,7.69505,7.69505,7.52031,7.69505,0,0
ABE_PE,D,20151009,000000,7.69505,7.78269,7.69505,7.69505,0,0
ABE_PE,D,20151012,000000,7.60768,7.69505,7.60768,7.69505,0,0
ABE_PE,D,20151013,000000,7.60768,7.78269,7.60768,7.78269,0,0
ABE_PE,D,20151014,000000,7.69505,7.78269,7.60768,7.69505,0,0
ABE_PE,D,20151015,000000,7.60768,7.78269,7.60768,7.78269,0,0
ABE_PE,D,20151016,000000,7.69505,7.69505,7.60768,7.69505,0,0
ABE_PE,D,20151019,000000,7.78269,7.78269,7.52031,7.52031,0,0
ABE_PE,D,20151020,000000,7.69505,7.69505,7.52031,7.52031,0,0
ABE_PE,D,20151021,000000,7.52031,7.52031,7.52031,7.52031,0,0
ABE_PE,D,20151022,000000,7.52031,7.60768,7.52031,7.60768,0,0
ABE_PE,D,20151023,000000,7.52031,7.60768,7.43275,7.52031,0,0
ABE_PE,D,20151026,000000,7.60768,7.60768,7.52031,7.52031,0,0
ABE_PE,D,20151027,000000,7.43275,7.43275,7.3453,7.3453,0,0
ABE_PE,D,20151028,000000,7.3453,7.3453,7.25793,7.25793,0,0
ABE_PE,D,20151029,000000,7.25793,7.25793,6.90818,7.17047,0,0
ABE_PE,D,20151030,000000,6.99556,6.99556,6.90818,6.90818,0,0
ABE_PE,D,20151102,000000,6.90818,7.08302,6.90818,6.90818,0,0
ABE_PE,D,20151103,000000,6.82072,6.99556,6.82072,6.90818,0,0
ABE_PE,D,20151104,000000,6.90818,6.90818,6.90818,6.90818,0,0
ABE_PE,D,20151105,000000,6.90818,6.90818,6.82072,6.82072,0,0
ABE_PE,D,20151106,000000,6.82072,7.08302,6.82072,7.08302,0,0
ABE_PE,D,20151109,000000,7.08302,7.08302,6.99556,7.08302,0,0
ABE_PE,D,20151110,000000,7.08302,7.08302,7.08302,7.08302,0,0
ABE_PE,D,20151112,000000,6.90818,7.08302,6.90818,6.90818,0,0
ABE_PE,D,20151113,000000,6.90818,6.90818,6.73327,6.90818,0,0
ABE_PE,D,20151116,000000,6.73327,6.90818,6.73327,6.82072,0,0
ABE_PE,D,20151117,000000,6.82072,6.82072,6.38343,6.55834,0,0
ABE_PE,D,20151118,000000,6.55834,6.6458,6.55834,6.6458,0,0
ABE_PE,D,20151119,000000,6.82072,6.82072,6.73327,6.82072,0,0
ABE_PE,D,20151120,000000,6.82072,7.08302,6.82072,6.99556,0,0
ABE_PE,D,20151123,000000,6.99556,6.99556,6.99556,6.99556,0,0
ABE_PE,D,20151124,000000,6.99556,7.08302,6.99556,7.08302,0,0
ABE_PE,D,20151125,000000,7.08302,7.25793,7.08302,7.17047,0,0
ABE_PE,D,20151126,000000,7.17047,7.3453,7.17047,7.3453,0,0
ABE_PE,D,20151127,000000,7.3453,7.3453,7.17047,7.3453,0,0
ABE_PE,D,20151130,000000,7.25793,7.43275,7.25793,7.43275,0,0
ABE_PE,D,20151201,000000,7.43275,7.60768,7.25793,7.60768,0,0
ABE_PE,D,20151202,000000,7.5824,7.67161,7.49319,7.5824,0,0
ABE_PE,D,20151203,000000,7.5824,7.5824,7.22545,7.49319,0,0
ABE_PE,D,20151204,000000,7.49319,7.49319,7.49319,7.49319,0,0
ABE_PE,D,20151207,000000,7.13625,7.40397,7.13625,7.31477,0,0
ABE_PE,D,20151208,000000,7.13625,7.40397,7.13625,7.40397,0,0
ABE_PE,D,20151209,000000,7.22545,7.22545,6.60106,6.95791,0,0
ABE_PE,D,20151210,000000,7.13625,7.13625,6.95791,7.04713,0,0
ABE_PE,D,20151211,000000,6.95791,6.95791,6.77949,6.77949,0,0
ABE_PE,D,20151214,000000,6.77949,6.77949,6.60106,6.77949,0,0
ABE_PE,D,20151215,000000,6.60106,6.77949,6.60106,6.77949,0,0
ABE_PE,D,20151216,000000,6.77949,7.04713,6.77949,6.95791,0,0
ABE_PE,D,20151217,000000,6.95791,6.95791,6.8687,6.8687,0,0
ABE_PE,D,20151218,000000,6.8687,6.8687,6.60106,6.69028,0,0
ABE_PE,D,20151221,000000,6.95791,6.95791,6.77949,6.77949,0,0
ABE_PE,D,20151222,000000,6.69028,6.95791,6.69028,6.95791,0,0
ABE_PE,D,20151223,000000,6.8687,7.22545,6.8687,7.13625,0,0
ABE_PE,D,20151228,000000,7.13625,7.40397,7.13625,7.40397,0,0
ABE_PE,D,20151229,000000,7.49319,7.49319,7.49319,7.49319,0,0
ABE_PE,D,20151230,000000,7.49319,7.49319,7.13625,7.22545,0,0
ABE_PE,D,20160104,000000,7.13625,7.22545,7.13625,7.22545,0,0
ABE_PE,D,20160105,000000,7.22545,7.22545,7.22545,7.22545,0,0
ABE_PE,D,20160107,000000,7.13625,7.13625,7.04713,7.04713,0,0
ABE_PE,D,20160108,000000,6.95791,7.04713,6.95791,7.04713,0,0
ABE_PE,D,20160111,000000,6.95791,6.95791,6.8687,6.8687,0,0
ABE_PE,D,20160112,000000,6.77949,6.95791,6.77949,6.8687,0,0
ABE_PE,D,20160113,000000,6.95791,7.04713,6.95791,7.04713,0,0
ABE_PE,D,20160114,000000,6.95791,6.95791,6.77949,6.77949,0,0
ABE_PE,D,20160115,000000,6.95791,6.95791,6.77949,6.77949,0,0
ABE_PE,D,20160118,000000,6.77949,6.77949,6.60106,6.77949,0,0
ABE_PE,D,20160119,000000,6.95791,6.95791,6.77949,6.77949,0,0
ABE_PE,D,20160120,000000,6.77949,6.77949,6.60106,6.60106,0,0
ABE_PE,D,20160121,000000,6.60106,6.77949,6.60106,6.77949,0,0
ABE_PE,D,20160122,000000,6.77949,6.77949,6.77949,6.77949,0,0
ABE_PE,D,20160125,000000,6.77949,6.8687,6.60106,6.8687,0,0
ABE_PE,D,20160126,000000,6.8687,6.8687,6.8687,6.8687,0,0
ABE_PE,D,20160127,000000,6.8687,6.8687,6.8687,6.8687,0,0
ABE_PE,D,20160128,000000,6.95791,6.95791,6.77949,6.8687,0,0
ABE_PE,D,20160129,000000,6.8687,6.8687,6.8687,6.8687,0,0
ABE_PE,D,20160201,000000,7.04713,7.04713,6.8687,6.8687,0,0
ABE_PE,D,20160202,000000,6.8687,6.8687,6.8687,6.8687,0,0
ABE_PE,D,20160203,000000,6.8687,6.95791,6.69028,6.77949,0,0
ABE_PE,D,20160204,000000,6.77949,6.77949,6.77949,6.77949,0,0
ABE_PE,D,20160205,000000,6.69028,6.8687,6.69028,6.8687,0,0
ABE_PE,D,20160208,000000,6.95791,6.95791,6.8687,6.8687,0,0
ABE_PE,D,20160209,000000,6.8687,6.8687,6.8687,6.8687,0,0
ABE_PE,D,20160210,000000,6.8687,6.8687,6.77949,6.77949,0,0
ABE_PE,D,20160211,000000,6.77949,6.77949,6.77949,6.77949,0,0
ABE_PE,D,20160212,000000,6.8687,6.95791,6.8687,6.8687,0,0
ABE_PE,D,20160215,000000,6.8687,7.13625,6.8687,7.13625,0,0
ABE_PE,D,20160216,000000,7.13625,7.22545,7.04713,7.04713,0,0
ABE_PE,D,20160217,000000,6.95791,7.04713,6.95791,6.95791,0,0
ABE_PE,D,20160218,000000,6.95791,7.04713,6.8687,6.95791,0,0
ABE_PE,D,20160219,000000,6.95791,7.13625,6.8687,7.13625,0,0
ABE_PE,D,20160222,000000,7.13625,7.13625,7.13625,7.13625,0,0
ABE_PE,D,20160223,000000,7.13625,7.22545,7.13625,7.22545,0,0
ABE_PE,D,20160224,000000,7.22545,7.22545,7.13625,7.13625,0,0
ABE_PE,D,20160225,000000,7.13625,7.13625,7.04713,7.04713,0,0
ABE_PE,D,20160226,000000,7.13625,7.13625,6.8687,6.8687,0,0
ABE_PE,D,20160229,000000,6.8687,6.8687,6.77949,6.8687,0,0
ABE_PE,D,20160301,000000,6.95791,6.95791,6.95791,6.95791,0,0
ABE_PE,D,20160302,000000,7.04713,7.49319,6.95791,7.49319,0,0
ABE_PE,D,20160303,000000,7.49319,7.49319,7.49319,7.49319,0,0
ABE_PE,D,20160304,000000,7.49319,7.67161,7.49319,7.67161,0,0
ABE_PE,D,20160307,000000,7.67161,8.20679,7.67161,7.93915,0,0
ABE_PE,D,20160308,000000,7.93915,7.93915,7.67161,7.67161,0,0
ABE_PE,D,20160309,000000,7.5824,7.67161,7.5824,7.67161,0,0
ABE_PE,D,20160310,000000,7.67161,7.84994,7.67161,7.84994,0,0
ABE_PE,D,20160311,000000,7.84994,7.84994,7.76073,7.76073,0,0
ABE_PE,D,20160314,000000,7.76073,7.84994,7.76073,7.84994,0,0
ABE_PE,D,20160315,000000,7.84994,7.84994,7.76073,7.84994,0,0
ABE_PE,D,20160316,000000,7.84994,7.84994,7.76073,7.76073,0,0
ABE_PE,D,20160317,000000,7.76073,7.84994,7.76073,7.84994,0,0
ABE_PE,D,20160318,000000,7.84994,8.02837,7.84994,7.93915,0,0
ABE_PE,D,20160321,000000,7.84994,7.84994,7.84994,7.84994,0,0
ABE_PE,D,20160322,000000,7.84994,7.84994,7.67161,7.67161,0,0
ABE_PE,D,20160323,000000,7.67161,7.67161,7.67161,7.67161,0,0
ABE_PE,D,20160324,000000,7.67161,7.67161,7.31477,7.40397,0,0
ABE_PE,D,20160329,000000,7.40397,7.84994,7.40397,7.84994,0,0
ABE_PE,D,20160330,000000,7.76073,7.84994,7.76073,7.84994,0,0
ABE_PE,D,20160331,000000,7.84994,7.84994,7.5824,7.67161,0,0
ABE_PE,D,20160401,000000,7.67161,7.67161,7.49319,7.67161,0,0
ABE_PE,D,20160404,000000,7.67161,7.84994,7.67161,7.67161,0,0
ABE_PE,D,20160405,000000,7.5824,7.67161,7.5824,7.67161,0,0
ABE_PE,D,20160406,000000,7.67161,7.67161,7.67161,7.67161,0,0
ABE_PE,D,20160407,000000,7.5824,7.67161,7.5824,7.67161,0,0
ABE_PE,D,20160408,000000,7.67161,7.76073,7.5824,7.5824,0,0
ABE_PE,D,20160411,000000,7.67161,7.67161,7.5824,7.5824,0,0
ABE_PE,D,20160412,000000,7.67161,7.76073,7.5824,7.67161,0,0
ABE_PE,D,20160413,000000,7.67161,7.76073,7.67161,7.67161,0,0
ABE_PE,D,20160414,000000,7.67161,7.67161,7.67161,7.67161,0,0
ABE_PE,D,20160415,000000,7.67161,7.93915,7.67161,7.84994,0,0
ABE_PE,D,20160418,000000,7.84994,8.02837,7.84994,8.02837,0,0
ABE_PE,D,20160419,000000,8.02837,8.11758,8.02837,8.11758,0,0
ABE_PE,D,20160420,000000,8.11758,8.11758,8.02837,8.02837,0,0
ABE_PE,D,20160421,000000,7.93915,8.02837,7.93915,7.93915,0,0
ABE_PE,D,20160422,000000,7.93915,8.11758,7.76073,8.11758,0,0
ABE_PE,D,20160425,000000,8.02837,8.11758,8.02837,8.02837,0,0
ABE_PE,D,20160426,000000,8.11758,8.11758,8.02837,8.02837,0,0
ABE_PE,D,20160427,000000,8.11758,8.11758,8.11758,8.11758,0,0
ABE_PE,D,20160428,000000,8.11758,8.11758,7.67161,7.67161,0,0
ABE_PE,D,20160429,000000,7.76073,7.84994,7.67161,7.67161,0,0
ABE_PE,D,20160502,000000,7.67161,7.67161,7.67161,7.67161,0,0
ABE_PE,D,20160504,000000,7.67161,7.67161,7.49319,7.49319,0,0
ABE_PE,D,20160505,000000,7.49319,7.49319,7.40397,7.40397,0,0
ABE_PE,D,20160506,000000,7.40397,7.40397,7.04713,7.31477,0,0
ABE_PE,D,20160509,000000,7.22545,7.49319,7.22545,7.49319,0,0
ABE_PE,D,20160510,000000,7.49319,7.49319,7.49319,7.49319,0,0
ABE_PE,D,20160511,000000,7.5824,7.67161,7.49319,7.5824,0,0
ABE_PE,D,20160512,000000,7.67161,7.67161,7.40397,7.49319,0,0
ABE_PE,D,20160513,000000,7.49319,7.49319,7.31477,7.49319,0,0
ABE_PE,D,20160516,000000,7.49319,7.49319,7.40397,7.49319,0,0
ABE_PE,D,20160517,000000,7.40397,7.49319,7.22545,7.31477,0,0
ABE_PE,D,20160518,000000,7.31477,7.31477,7.04713,7.13625,0,0
ABE_PE,D,20160519,000000,7.13625,7.13625,6.95791,6.95791,0,0
ABE_PE,D,20160520,000000,7.04713,7.04713,6.8687,6.8687,0,0
ABE_PE,D,20160523,000000,6.95791,6.95791,6.8687,6.8687,0,0
ABE_PE,D,20160524,000000,6.8687,6.95791,6.8687,6.95791,0,0
ABE_PE,D,20160525,000000,6.95791,7.04713,6.95791,6.95791,0,0
ABE_PE,D,20160527,000000,7.04713,7.04713,7.04713,7.04713,0,0
ABE_PE,D,20160530,000000,7.04713,7.04713,7.04713,7.04713,0,0
ABE_PE,D,20160531,000000,7.04713,7.04713,6.95791,7.04713,0,0
ABE_PE,D,20160601,000000,7.04713,7.04713,6.77949,6.77949,0,0
ABE_PE,D,20160602,000000,6.77949,6.77949,6.77949,6.77949,0,0
ABE_PE,D,20160603,000000,6.77949,6.8687,6.69028,6.77949,0,0
ABE_PE,D,20160606,000000,6.77949,6.77949,6.77949,6.77949,0,0
ABE_PE,D,20160607,000000,6.8687,6.8687,6.77949,6.77949,0,0
ABE_PE,D,20160608,000000,6.77949,6.95791,6.69028,6.69028,0,0
ABE_PE,D,20160609,000000,6.69028,6.77949,6.60106,6.60106,0,0
ABE_PE,D,20160610,000000,6.60106,6.60106,6.51185,6.60106,0,0
ABE_PE,D,20160613,000000,6.60106,6.60106,6.42274,6.51185,0,0
ABE_PE,D,20160614,000000,6.51185,6.51185,6.51185,6.51185,0,0
ABE_PE,D,20160615,000000,6.51185,6.60106,6.42274,6.60106,0,0
ABE_PE,D,20160616,000000,6.51185,6.51185,6.33352,6.33352,0,0
ABE_PE,D,20160617,000000,6.42274,6.42274,6.2443,6.42274,0,0
ABE_PE,D,20160620,000000,6.33352,6.33352,6.33352,6.33352,0,0
ABE_PE,D,20160621,000000,6.33352,6.60106,6.33352,6.60106,0,0
ABE_PE,D,20160622,000000,6.60106,6.60106,6.42274,6.42274,0,0
ABE_PE,D,20160623,000000,6.42274,6.42274,6.33352,6.42274,0,0
ABE_PE,D,20160624,000000,5.79834,6.1551,5.79834,6.1551,0,0
ABE_PE,D,20160627,000000,6.2443,6.2443,5.97667,5.97667,0,0
ABE_PE,D,20160628,000000,5.97667,5.97667,5.61982,5.61982,0,0
ABE_PE,D,20160629,000000,5.61982,5.79834,5.61982,5.79834,0,0
ABE_PE,D,20160630,000000,5.88746,6.06588,5.88746,5.88746,0,0
ABE_PE,D,20160701,000000,5.97667,6.33352,5.88746,6.2443,0,0
ABE_PE,D,20160704,000000,6.2443,6.33352,6.2443,6.33352,0,0
ABE_PE,D,20160705,000000,6.33352,6.51185,6.33352,6.42274,0,0
ABE_PE,D,20160706,000000,6.42274,6.51185,6.42274,6.51185,0,0
ABE_PE,D,20160707,000000,6.51185,6.51185,6.42274,6.51185,0,0
ABE_PE,D,20160708,000000,6.51185,6.77949,6.51185,6.69028,0,0
ABE_PE,D,20160711,000000,6.60106,6.95791,6.60106,6.95791,0,0
ABE_PE,D,20160712,000000,6.95791,7.13625,6.95791,7.13625,0,0
ABE_PE,D,20160713,000000,7.13625,7.13625,7.04713,7.13625,0,0
ABE_PE,D,20160714,000000,7.13625,7.13625,7.04713,7.04713,0,0
ABE_PE,D,20160715,000000,7.04713,7.04713,6.95791,7.04713,0,0
ABE_PE,D,20160718,000000,7.13625,7.22545,7.13625,7.13625,0,0
ABE_PE,D,20160719,000000,7.22545,7.22545,7.04713,7.04713,0,0
ABE_PE,D,20160720,000000,7.04713,7.04713,7.04713,7.04713,0,0
ABE_PE,D,20160721,000000,6.95791,6.95791,6.69028,6.77949,0,0
ABE_PE,D,20160722,000000,6.77949,6.77949,6.51185,6.51185,0,0
ABE_PE,D,20160725,000000,6.51185,6.51185,6.2443,6.33352,0,0
ABE_PE,D,20160726,000000,6.42274,6.42274,6.2443,6.2443,0,0
ABE_PE,D,20160727,000000,6.2443,6.2443,6.06588,6.1551,0,0
ABE_PE,D,20160728,000000,6.1551,6.1551,6.06588,6.06588,0,0
ABE_PE,D,20160729,000000,6.06588,6.06588,5.97667,6.06588,0,0
ABE_PE,D,20160801,000000,6.06588,6.06588,5.88746,5.88746,0,0
ABE_PE,D,20160802,000000,5.88746,5.97667,5.88746,5.97667,0,0
ABE_PE,D,20160803,000000,5.97667,6.1551,5.97667,6.1551,0,0
ABE_PE,D,20160804,000000,6.1551,6.1551,6.1551,6.1551,0,0
ABE_PE,D,20160805,000000,6.1551,6.1551,6.1551,6.1551,0,0
ABE_PE,D,20160808,000000,6.1551,6.2443,6.1551,6.1551,0,0
ABE_PE,D,20160809,000000,6.2443,6.33352,6.1551,6.33352,0,0
ABE_PE,D,20160810,000000,6.33352,6.60106,6.33352,6.51185,0,0
ABE_PE,D,20160811,000000,6.51185,6.69028,6.51185,6.69028,0,0
ABE_PE,D,20160812,000000,6.77949,6.77949,6.69028,6.69028,0,0
ABE_PE,D,20160816,000000,6.69028,6.69028,6.60106,6.69028,0,0
ABE_PE,D,20160817,000000,6.69028,6.69028,6.51185,6.60106,0,0
ABE_PE,D,20160818,000000,6.69028,6.69028,6.69028,6.69028,0,0
ABE_PE,D,20160819,000000,6.69028,6.69028,6.60106,6.60106,0,0
ABE_PE,D,20160822,000000,6.60106,6.60106,6.33352,6.33352,0,0
ABE_PE,D,20160823,000000,6.33352,6.42274,6.33352,6.33352,0,0
ABE_PE,D,20160824,000000,6.2443,6.51185,6.2443,6.51185,0,0
ABE_PE,D,20160825,000000,6.51185,6.51185,6.33352,6.42274,0,0
ABE_PE,D,20160826,000000,6.42274,6.42274,6.2443,6.33352,0,0
ABE_PE,D,20160829,000000,6.33352,6.33352,6.33352,6.33352,0,0
ABE_PE,D,20160830,000000,6.33352,6.42274,6.2443,6.42274,0,0
ABE_PE,D,20160831,000000,6.42274,6.42274,6.42274,6.42274,0,0
ABE_PE,D,20160901,000000,6.42274,6.69028,6.42274,6.69028,0,0
ABE_PE,D,20160902,000000,6.69028,6.8687,6.51185,6.77949,0,0
ABE_PE,D,20160905,000000,6.77949,6.77949,6.60106,6.60106,0,0
ABE_PE,D,20160906,000000,6.60106,6.69028,6.51185,6.60106,0,0
ABE_PE,D,20160907,000000,6.69028,6.69028,6.60106,6.69028,0,0
ABE_PE,D,20160908,000000,6.69028,6.77949,6.51185,6.51185,0,0
ABE_PE,D,20160909,000000,6.51185,6.51185,6.42274,6.42274,0,0
ABE_PE,D,20160912,000000,6.33352,6.60106,6.33352,6.51185,0,0
ABE_PE,D,20160913,000000,6.51185,6.51185,6.42274,6.42274,0,0
ABE_PE,D,20160914,000000,6.42274,6.42274,6.42274,6.42274,0,0
ABE_PE,D,20160915,000000,6.42274,6.60106,6.2443,6.60106,0,0
ABE_PE,D,20160916,000000,6.60106,6.60106,6.33352,6.42274,0,0
ABE_PE,D,20160919,000000,6.42274,6.51185,6.33352,6.51185,0,0
ABE_PE,D,20160920,000000,6.60106,7.40397,6.51185,7.40397,0,0
ABE_PE,D,20160921,000000,7.40397,8.11758,7.31477,8.02837,0,0
ABE_PE,D,20160922,000000,7.84994,8.20679,7.76073,8.20679,0,0
ABE_PE,D,20160923,000000,8.20679,8.20679,7.84994,7.93915,0,0
ABE_PE,D,20160926,000000,7.93915,7.93915,7.5824,7.93915,0,0
ABE_PE,D,20160927,000000,7.76073,8.02837,7.76073,8.02837,0,0
ABE_PE,D,20160928,000000,8.02837,8.02837,7.76073,7.93915,0,0
ABE_PE,D,20160929,000000,7.93915,7.93915,7.84994,7.84994,0,0
ABE_PE,D,20160930,000000,7.93915,8.11758,7.84994,8.02837,0,0
ABE_PE,D,20161003,000000,7.93915,7.93915,7.84994,7.84994,0,0
ABE_PE,D,20161004,000000,7.93915,7.93915,7.67161,7.67161,0,0
ABE_PE,D,20161005,000000,7.5824,7.5824,7.5824,7.5824,0,0
ABE_PE,D,20161006,000000,7.5824,7.5824,7.5824,7.5824,0,0
ABE_PE,D,20161007,000000,7.5824,7.5824,7.40397,7.40397,0,0
ABE_PE,D,20161010,000000,7.40397,7.40397,7.22545,7.22545,0,0
ABE_PE,D,20161011,000000,7.22545,7.31477,6.95791,6.95791,0,0
ABE_PE,D,20161012,000000,6.95791,7.04713,6.95791,6.95791,0,0
ABE_PE,D,20161013,000000,6.95791,7.04713,6.95791,7.04713,0,0
ABE_PE,D,20161014,000000,7.04713,7.04713,7.04713,7.04713,0,0
ABE_PE,D,20161017,000000,7.04713,7.22545,7.04713,7.22545,0,0
ABE_PE,D,20161018,000000,7.22545,7.40397,7.22545,7.40397,0,0
ABE_PE,D,20161019,000000,7.31477,7.40397,7.31477,7.40397,0,0
ABE_PE,D,20161020,000000,7.40397,7.40397,7.31477,7.31477,0,0
ABE_PE,D,20161021,000000,7.31477,7.40397,7.31477,7.40397,0,0
ABE_PE,D,20161024,000000,7.40397,7.49319,7.40397,7.40397,0,0
ABE_PE,D,20161025,000000,7.40397,7.49319,7.40397,7.49319,0,0
ABE_PE,D,20161026,000000,7.49319,7.49319,7.49319,7.49319,0,0
ABE_PE,D,20161027,000000,7.49319,7.49319,7.49319,7.49319,0,0
ABE_PE,D,20161028,000000,7.49319,7.49319,7.49319,7.49319,0,0
ABE_PE,D,20161031,000000,7.49319,7.49319,7.40397,7.40397,0,0
ABE_PE,D,20161102,000000,7.40397,7.40397,7.22545,7.31477,0,0
ABE_PE,D,20161103,000000,7.31477,7.31477,7.31477,7.31477,0,0
ABE_PE,D,20161104,000000,7.31477,7.31477,7.22545,7.22545,0,0
ABE_PE,D,20161107,000000,7.22545,7.22545,7.22545,7.22545,0,0
ABE_PE,D,20161108,000000,7.31477,7.5824,7.31477,7.40397,0,0
ABE_PE,D,20161109,000000,7.13625,7.40397,7.13625,7.40397,0,0
ABE_PE,D,20161110,000000,7.49319,7.5824,7.49319,7.49319,0,0
ABE_PE,D,20161114,000000,7.49319,7.67161,7.49319,7.67161,0,0
ABE_PE,D,20161115,000000,7.67161,8.11758,7.67161,7.93915,0,0
ABE_PE,D,20161116,000000,7.93915,7.93915,7.76073,7.84994,0,0
ABE_PE,D,20161117,000000,7.84994,7.84994,7.67161,7.76073,0,0
ABE_PE,D,20161118,000000,7.67161,7.67161,7.49319,7.67161,0,0
ABE_PE,D,20161121,000000,7.76073,7.76073,7.67161,7.67161,0,0
ABE_PE,D,20161122,000000,7.67161,7.76073,7.67161,7.67161,0,0
ABE_PE,D,20161123,000000,7.67161,7.84994,7.67161,7.84994,0,0
ABE_PE,D,20161124,000000,7.84994,7.93915,7.84994,7.84994,0,0
ABE_PE,D,20161125,000000,7.84994,7.84994,7.67161,7.67161,0,0
ABE_PE,D,20161128,000000,7.67161,7.67161,7.67161,7.67161,0,0
ABE_PE,D,20161129,000000,7.67161,7.67161,7.67161,7.67161,0,0
ABE_PE,D,20161130,000000,7.67161,7.84994,7.67161,7.84994,0,0
ABE_PE,D,20161201,000000,7.84994,7.84994,7.84994,7.84994,0,0
ABE_PE,D,20161202,000000,7.84994,7.84994,7.76073,7.76073,0,0
ABE_PE,D,20161205,000000,7.76073,7.84994,7.76073,7.84994,0,0
ABE_PE,D,20161206,000000,7.84994,7.84994,7.76073,7.76073,0,0
ABE_PE,D,20161207,000000,7.76073,7.76073,7.76073,7.76073,0,0
ABE_PE,D,20161208,000000,7.76073,7.76073,7.67161,7.76073,0,0
ABE_PE,D,20161209,000000,7.76073,7.84994,7.76073,7.84994,0,0
ABE_PE,D,20161212,000000,7.84994,7.84994,7.76073,7.84994,0,0
ABE_PE,D,20161213,000000,7.84994,7.84994,7.84994,7.84994,0,0
ABE_PE,D,20161214,000000,7.84994,8.11758,7.84994,7.93915,0,0
ABE_PE,D,20161215,000000,7.84994,7.84994,7.76073,7.84994,0,0
ABE_PE,D,20161216,000000,7.84994,7.84994,7.84994,7.84994,0,0
ABE_PE,D,20161219,000000,7.76073,7.84994,7.5824,7.84994,0,0
ABE_PE,D,20161220,000000,7.84994,7.93915,7.67161,7.93915,0,0
ABE_PE,D,20161221,000000,7.93915,7.93915,7.93915,7.93915,0,0
ABE_PE,D,20161222,000000,7.93915,7.93915,7.84994,7.93915,0,0
ABE_PE,D,20161223,000000,7.93915,7.93915,7.67161,7.67161,0,0
ABE_PE,D,20161227,000000,7.76073,7.76073,7.5824,7.67161,0,0
ABE_PE,D,20161228,000000,7.67161,7.67161,7.49319,7.5824,0,0
ABE_PE,D,20161229,000000,7.49319,7.84994,7.49319,7.49319,0,0
ABE_PE,D,20161230,000000,7.40397,7.67161,7.40397,7.67161,0,0
ABE_PE,D,20170102,000000,7.49319,7.5824,7.49319,7.5824,0,0
ABE_PE,D,20170103,000000,7.5824,7.5824,7.49319,7.49319,0,0
ABE_PE,D,20170104,000000,7.49319,7.5824,7.49319,7.5824,0,0
ABE_PE,D,20170105,000000,7.67161,7.76073,7.67161,7.76073,0,0
ABE_PE,D,20170109,000000,7.84994,7.84994,7.76073,7.76073,0,0
ABE_PE,D,20170110,000000,7.5824,7.67161,7.5824,7.67161,0,0
ABE_PE,D,20170111,000000,7.67161,7.67161,7.67161,7.67161,0,0
ABE_PE,D,20170112,000000,7.5824,7.67161,7.5824,7.67161,0,0
ABE_PE,D,20170113,000000,7.67161,7.67161,7.67161,7.67161,0,0
ABE_PE,D,20170116,000000,7.67161,7.67161,7.67161,7.67161,0,0
ABE_PE,D,20170117,000000,7.67161,7.67161,7.67161,7.67161,0,0
ABE_PE,D,20170118,000000,7.67161,7.67161,7.67161,7.67161,0,0
ABE_PE,D,20170119,000000,7.5824,7.67161,7.5824,7.67161,0,0
ABE_PE,D,20170120,000000,7.67161,7.67161,7.67161,7.67161,0,0
ABE_PE,D,20170123,000000,7.67161,7.67161,7.67161,7.67161,0,0
ABE_PE,D,20170124,000000,7.67161,7.76073,7.67161,7.76073,0,0
ABE_PE,D,20170125,000000,7.76073,8.11758,7.76073,8.02837,0,0
ABE_PE,D,20170126,000000,8.02837,8.11758,7.93915,7.93915,0,0
ABE_PE,D,20170127,000000,7.93915,7.93915,7.84994,7.93915,0,0
ABE_PE,D,20170130,000000,7.93915,7.93915,7.93915,7.93915,0,0
ABE_PE,D,20170131,000000,7.93915,7.93915,7.93915,7.93915,0,0
ABE_PE,D,20170201,000000,7.93915,7.93915,7.93915,7.93915,0,0
ABE_PE,D,20170202,000000,7.93915,8.02837,7.93915,7.93915,0,0
ABE_PE,D,20170203,000000,7.93915,7.93915,7.93915,7.93915,0,0
ABE_PE,D,20170206,000000,7.93915,7.93915,7.93915,7.93915,0,0
ABE_PE,D,20170207,000000,8.02837,8.38512,8.02837,8.38512,0,0
ABE_PE,D,20170208,000000,8.83175,8.83175,8.296,8.296,0,0
ABE_PE,D,20170209,000000,8.38512,8.38512,8.20679,8.20679,0,0
ABE_PE,D,20170210,000000,8.296,8.296,8.20679,8.20679,0,0
ABE_PE,D,20170213,000000,8.296,8.296,8.11758,8.20679,0,0
ABE_PE,D,20170214,000000,8.296,8.296,7.76073,7.76073,0,0
ABE_PE,D,20170215,000000,7.84994,7.93915,7.49319,7.93915,0,0
ABE_PE,D,20170216,000000,7.93915,8.20679,7.93915,8.11758,0,0
ABE_PE,D,20170217,000000,8.11758,8.11758,7.84994,8.11758,0,0
ABE_PE,D,20170220,000000,8.296,8.38512,8.11758,8.20679,0,0
ABE_PE,D,20170221,000000,7.93915,8.11758,7.93915,7.93915,0,0
ABE_PE,D,20170222,000000,7.93915,7.93915,7.76073,7.93915,0,0
ABE_PE,D,20170223,000000,7.93915,7.93915,7.76073,7.93915,0,0
ABE_PE,D,20170224,000000,7.93915,7.93915,7.84994,7.84994,0,0
ABE_PE,D,20170227,000000,7.84994,7.93915,7.76073,7.93915,0,0
ABE_PE,D,20170228,000000,7.84994,7.84994,7.84994,7.84994,0,0
ABE_PE,D,20170301,000000,7.93915,8.02837,7.67161,7.67161,0,0
ABE_PE,D,20170302,000000,7.5824,8.02837,7.5824,8.02837,0,0
ABE_PE,D,20170303,000000,8.02837,8.02837,7.84994,7.84994,0,0
ABE_PE,D,20170306,000000,7.84994,7.93915,7.67161,7.67161,0,0
ABE_PE,D,20170307,000000,7.5824,7.5824,7.49319,7.5824,0,0
ABE_PE,D,20170308,000000,7.5824,7.76073,7.5824,7.67161,0,0
ABE_PE,D,20170309,000000,7.67161,8.11758,7.67161,8.11758,0,0
ABE_PE,D,20170310,000000,8.11758,8.296,8.11758,8.20679,0,0
ABE_PE,D,20170313,000000,8.20679,8.20679,8.11758,8.20679,0,0
ABE_PE,D,20170314,000000,8.20679,8.20679,8.11758,8.11758,0,0
ABE_PE,D,20170315,000000,8.02837,8.11758,7.84994,8.11758,0,0
ABE_PE,D,20170316,000000,8.11758,8.20679,8.11758,8.20679,0,0
ABE_PE,D,20170317,000000,8.20679,8.20679,8.02837,8.02837,0,0
ABE_PE,D,20170320,000000,8.02837,8.47434,8.02837,8.20679,0,0
ABE_PE,D,20170321,000000,8.296,8.47434,8.11758,8.20679,0,0
ABE_PE,D,20170322,000000,8.20679,8.20679,8.02837,8.02837,0,0
ABE_PE,D,20170323,000000,8.11758,8.296,8.02837,8.20679,0,0
ABE_PE,D,20170324,000000,8.20679,8.20679,8.11758,8.20679,0,0
ABE_PE,D,20170327,000000,8.296,8.296,8.11758,8.20679,0,0
ABE_PE,D,20170328,000000,8.296,8.296,8.11758,8.11758,0,0
ABE_PE,D,20170329,000000,8.20679,8.20679,8.02837,8.11758,0,0
ABE_PE,D,20170330,000000,8.20679,8.20679,8.02837,8.11758,0,0
ABE_PE,D,20170331,000000,8.11758,8.11758,8.02837,8.02837,0,0
ABE_PE,D,20170403,000000,8.02837,8.02837,7.84994,8.02837,0,0
ABE_PE,D,20170404,000000,8.02837,8.02837,7.76073,7.93915,0,0
ABE_PE,D,20170405,000000,8.02837,8.02837,7.93915,7.93915,0,0
ABE_PE,D,20170406,000000,7.93915,7.93915,7.84994,7.93915,0,0
ABE_PE,D,20170407,000000,7.93915,7.93915,7.93915,7.93915,0,0
ABE_PE,D,20170410,000000,7.84994,7.93915,7.84994,7.84994,0,0
ABE_PE,D,20170411,000000,7.84994,7.93915,7.84994,7.84994,0,0
ABE_PE,D,20170412,000000,7.84994,7.84994,7.76073,7.76073,0,0
ABE_PE,D,20170413,000000,7.84994,7.84994,7.67161,7.76073,0,0
ABE_PE,D,20170418,000000,7.76073,7.84994,7.76073,7.76073,0,0
ABE_PE,D,20170419,000000,7.76073,7.84994,7.76073,7.84994,0,0
ABE_PE,D,20170420,000000,7.84994,7.93915,7.67161,7.67161,0,0
ABE_PE,D,20170421,000000,7.67161,7.67161,7.67161,7.67161,0,0
ABE_PE,D,20170424,000000,7.76073,7.76073,7.5824,7.76073,0,0
ABE_PE,D,20170425,000000,7.76073,7.76073,7.67161,7.67161,0,0
ABE_PE,D,20170426,000000,7.67161,7.76073,7.67161,7.67161,0,0
ABE_PE,D,20170427,000000,7.76073,7.76073,7.5824,7.67161,0,0
ABE_PE,D,20170428,000000,7.76073,7.84994,7.76073,7.84994,0,0
ABE_PE,D,20170502,000000,7.84994,7.84994,7.84994,7.84994,0,0
ABE_PE,D,20170504,000000,7.84994,7.84994,7.67161,7.76073,0,0
ABE_PE,D,20170505,000000,7.67161,7.67161,7.67161,7.67161,0,0
ABE_PE,D,20170508,000000,7.67161,7.76073,7.67161,7.67161,0,0
ABE_PE,D,20170509,000000,7.67161,7.76073,7.67161,7.76073,0,0
ABE_PE,D,20170510,000000,7.84994,7.84994,7.76073,7.76073,0,0
ABE_PE,D,20170511,000000,7.76073,7.76073,7.67161,7.67161,0,0
ABE_PE,D,20170512,000000,7.67161,7.67161,7.5824,7.5824,0,0
ABE_PE,D,20170515,000000,7.5824,7.5824,7.5824,7.5824,0,0
ABE_PE,D,20170516,000000,7.5824,7.5824,7.49319,7.49319,0,0
ABE_PE,D,20170517,000000,7.40397,7.5824,7.40397,7.49319,0,0
ABE_PE,D,20170518,000000,7.49319,7.84994,7.40397,7.84994,0,0
ABE_PE,D,20170519,000000,7.76073,7.76073,7.76073,7.76073,0,0
ABE_PE,D,20170522,000000,7.84994,7.84994,7.5824,7.5824,0,0
ABE_PE,D,20170523,000000,7.5824,7.5824,7.31477,7.31477,0,0
ABE_PE,D,20170524,000000,7.40397,7.49319,7.31477,7.49319,0,0
ABE_PE,D,20170525,000000,7.49319,7.49319,7.40397,7.40397,0,0
ABE_PE,D,20170526,000000,7.40397,7.40397,7.22545,7.31477,0,0
ABE_PE,D,20170529,000000,7.31477,7.31477,7.13625,7.13625,0,0
ABE_PE,D,20170530,000000,7.13625,7.22545,7.04713,7.22545,0,0
ABE_PE,D,20170531,000000,7.22545,7.49319,7.13625,7.49319,0,0
ABE_PE,D,20170601,000000,7.40397,7.40397,7.31477,7.40397,0,0
ABE_PE,D,20170602,000000,7.40397,7.49319,7.40397,7.49319,0,0
ABE_PE,D,20170605,000000,7.49319,7.49319,7.31477,7.49319,0,0
ABE_PE,D,20170606,000000,7.49319,7.49319,7.40397,7.49319,0,0
ABE_PE,D,20170607,000000,7.49319,7.49319,7.31477,7.31477,0,0
ABE_PE,D,20170608,000000,7.40397,7.40397,7.31477,7.40397,0,0
ABE_PE,D,20170609,000000,7.40397,7.49319,7.40397,7.40397,0,0
ABE_PE,D,20170612,000000,7.40397,7.49319,7.40397,7.49319,0,0
ABE_PE,D,20170613,000000,7.49319,7.5824,7.49319,7.49319,0,0
ABE_PE,D,20170614,000000,7.49319,7.49319,7.49319,7.49319,0,0
ABE_PE,D,20170616,000000,7.49319,7.5824,7.49319,7.49319,0,0
ABE_PE,D,20170619,000000,7.49319,7.49319,7.40397,7.40397,0,0
ABE_PE,D,20170620,000000,7.40397,7.40397,7.40397,7.40397,0,0
ABE_PE,D,20170621,000000,7.40397,7.49319,7.40397,7.49319,0,0
ABE_PE,D,20170622,000000,7.49319,7.49319,7.49319,7.49319,0,0
ABE_PE,D,20170623,000000,7.49319,7.49319,7.49319,7.49319,0,0
ABE_PE,D,20170626,000000,7.49319,7.49319,7.49319,7.49319,0,0
ABE_PE,D,20170627,000000,7.49319,7.49319,7.49319,7.49319,0,0
ABE_PE,D,20170628,000000,7.49319,7.49319,7.49319,7.49319,0,0
ABE_PE,D,20170629,000000,7.49319,7.49319,7.49319,7.49319,0,0
ABE_PE,D,20170630,000000,7.49319,7.49319,7.31477,7.49319,0,0
ABE_PE,D,20170703,000000,7.40397,7.40397,7.22545,7.22545,0,0
ABE_PE,D,20170704,000000,7.22545,7.31477,7.22545,7.31477,0,0
ABE_PE,D,20170705,000000,7.31477,7.31477,7.31477,7.31477,0,0
ABE_PE,D,20170706,000000,7.31477,7.31477,7.31477,7.31477,0,0
ABE_PE,D,20170707,000000,7.40397,7.40397,7.40397,7.40397,0,0
ABE_PE,D,20170710,000000,7.40397,7.49319,7.40397,7.49319,0,0
ABE_PE,D,20170711,000000,7.49319,7.5824,7.49319,7.49319,0,0
ABE_PE,D,20170712,000000,7.49319,7.5824,7.49319,7.5824,0,0
ABE_PE,D,20170713,000000,7.5824,7.76073,7.5824,7.67161,0,0
ABE_PE,D,20170714,000000,7.67161,7.67161,7.5824,7.67161,0,0
ABE_PE,D,20170717,000000,7.67161,7.67161,7.5824,7.67161,0,0
ABE_PE,D,20170718,000000,7.67161,7.67161,7.5824,7.67161,0,0
ABE_PE,D,20170719,000000,7.67161,7.67161,7.67161,7.67161,0,0
ABE_PE,D,20170720,000000,7.67161,7.67161,7.49319,7.49319,0,0
ABE_PE,D,20170721,000000,7.49319,7.49319,7.40397,7.40397,0,0
ABE_PE,D,20170724,000000,7.40397,7.40397,7.31477,7.40397,0,0
ABE_PE,D,20170725,000000,7.40397,7.40397,7.40397,7.40397,0,0
ABE_PE,D,20170726,000000,7.40397,7.40397,7.31477,7.31477,0,0
ABE_PE,D,20170727,000000,7.31477,7.31477,7.31477,7.31477,0,0
ABE_PE,D,20170728,000000,7.31477,7.31477,7.31477,7.31477,0,0
ABE_PE,D,20170731,000000,7.31477,7.31477,7.22545,7.22545,0,0
ABE_PE,D,20170801,000000,7.22545,7.22545,7.22545,7.22545,0,0
ABE_PE,D,20170802,000000,7.22545,7.22545,7.13625,7.22545,0,0
ABE_PE,D,20170803,000000,7.22545,7.22545,6.77949,6.8687,0,0
ABE_PE,D,20170804,000000,6.8687,7.04713,6.8687,6.95791,0,0
ABE_PE,D,20170807,000000,7.04713,7.13625,6.95791,7.13625,0,0
ABE_PE,D,20170808,000000,7.22545,7.22545,7.13625,7.13625,0,0
ABE_PE,D,20170809,000000,7.13625,7.13625,6.8687,6.95791,0,0
ABE_PE,D,20170810,000000,6.95791,6.95791,6.8687,6.8687,0,0
ABE_PE,D,20170811,000000,6.69028,6.69028,6.69028,6.69028,0,0
ABE_PE,D,20170814,000000,6.51185,6.69028,6.51185,6.51185,0,0
ABE_PE,D,20170816,000000,6.51185,6.77949,6.51185,6.77949,0,0
ABE_PE,D,20170817,000000,6.77949,6.95791,6.77949,6.77949,0,0
ABE_PE,D,20170818,000000,6.77949,6.77949,6.69028,6.69028,0,0
ABE_PE,D,20170821,000000,6.69028,6.77949,6.60106,6.77949,0,0
ABE_PE,D,20170822,000000,6.69028,6.77949,6.69028,6.77949,0,0
ABE_PE,D,20170823,000000,6.77949,6.8687,6.77949,6.8687,0,0
ABE_PE,D,20170824,000000,6.77949,6.95791,6.77949,6.95791,0,0
ABE_PE,D,20170825,000000,6.8687,6.8687,6.8687,6.8687,0,0
ABE_PE,D,20170828,000000,6.8687,6.8687,6.77949,6.77949,0,0
ABE_PE,D,20170829,000000,6.77949,6.8687,6.77949,6.8687,0,0
ABE_PE,D,20170830,000000,6.8687,6.8687,6.8687,6.8687,0,0
ABE_PE,D,20170831,000000,6.77949,6.8687,6.77949,6.8687,0,0
ABE_PE,D,20170901,000000,6.77949,6.77949,6.77949,6.77949,0,0
ABE_PE,D,20170904,000000,6.69028,6.77949,6.69028,6.77949,0,0
ABE_PE,D,20170905,000000,6.77949,6.77949,6.60106,6.69028,0,0
ABE_PE,D,20170906,000000,6.69028,6.69028,6.69028,6.69028,0,0
ABE_PE,D,20170907,000000,6.69028,6.69028,6.33352,6.42274,0,0
ABE_PE,D,20170908,000000,6.60106,6.60106,6.51185,6.51185,0,0
ABE_PE,D,20170911,000000,6.51185,6.51185,6.42274,6.42274,0,0
ABE_PE,D,20170912,000000,6.42274,6.42274,6.06588,6.1551,0,0
ABE_PE,D,20170913,000000,6.06588,6.1551,5.88746,5.97667,0,0
ABE_PE,D,20170914,000000,5.97667,5.97667,5.79834,5.79834,0,0
ABE_PE,D,20170915,000000,5.88746,5.88746,5.79834,5.88746,0,0
ABE_PE,D,20170918,000000,5.88746,5.97667,5.88746,5.88746,0,0
ABE_PE,D,20170919,000000,5.88746,5.88746,5.79834,5.79834,0,0
ABE_PE,D,20170920,000000,5.79834,5.79834,5.70913,5.70913,0,0
ABE_PE,D,20170921,000000,5.70913,5.88746,5.70913,5.88746,0,0
ABE_PE,D,20170922,000000,5.88746,5.97667,5.88746,5.88746,0,0
ABE_PE,D,20170925,000000,5.97667,6.1551,5.97667,5.97667,0,0
ABE_PE,D,20170926,000000,6.06588,6.06588,5.79834,5.79834,0,0
ABE_PE,D,20170927,000000,5.88746,5.88746,5.70913,5.79834,0,0
ABE_PE,D,20170928,000000,5.79834,5.79834,5.79834,5.79834,0,0
ABE_PE,D,20170929,000000,5.79834,5.79834,5.79834,5.79834,0,0
ABE_PE,D,20171002,000000,5.79834,5.79834,5.79834,5.79834,0,0
ABE_PE,D,20171003,000000,5.79834,5.79834,5.79834,5.79834,0,0
ABE_PE,D,20171004,000000,5.79834,5.79834,5.70913,5.79834,0,0
ABE_PE,D,20171005,000000,5.79834,5.88746,5.79834,5.79834,0,0
ABE_PE,D,20171006,000000,5.79834,5.79834,5.79834,5.79834,0,0
ABE_PE,D,20171009,000000,5.79834,5.79834,5.79834,5.79834,0,0
ABE_PE,D,20171010,000000,5.79834,5.79834,5.79834,5.79834,0,0
ABE_PE,D,20171011,000000,5.79834,5.79834,5.70913,5.79834,0,0
ABE_PE,D,20171012,000000,5.79834,5.79834,5.70913,5.79834,0,0
ABE_PE,D,20171013,000000,5.70913,5.70913,5.70913,5.70913,0,0
ABE_PE,D,20171016,000000,5.70913,5.79834,5.70913,5.79834,0,0
ABE_PE,D,20171017,000000,5.79834,5.79834,5.79834,5.79834,0,0
ABE_PE,D,20171018,000000,5.79834,5.79834,5.70913,5.79834,0,0
ABE_PE,D,20171019,000000,5.70913,5.70913,5.61982,5.61982,0,0
ABE_PE,D,20171020,000000,5.61982,5.61982,5.61982,5.61982,0,0
ABE_PE,D,20171023,000000,5.61982,5.70913,5.61982,5.70913,0,0
ABE_PE,D,20171024,000000,5.70913,5.70913,5.61982,5.61982,0,0
ABE_PE,D,20171025,000000,5.61982,5.61982,5.53061,5.53061,0,0
ABE_PE,D,20171026,000000,5.53061,5.53061,5.35219,5.35219,0,0
ABE_PE,D,20171027,000000,5.35219,5.61982,5.35219,5.61982,0,0
ABE_PE,D,20171030,000000,5.61982,5.88746,5.61982,5.88746,0,0
ABE_PE,D,20171031,000000,5.88746,5.88746,5.88746,5.88746,0,0
ABE_PE,D,20171102,000000,5.70913,5.88746,5.70913,5.79834,0,0
ABE_PE,D,20171103,000000,5.79834,5.79834,5.79834,5.79834,0,0
ABE_PE,D,20171106,000000,5.79834,5.79834,5.79834,5.79834,0,0
ABE_PE,D,20171107,000000,5.79834,5.79834,5.70913,5.70913,0,0
ABE_PE,D,20171108,000000,5.70913,5.70913,5.61982,5.70913,0,0
ABE_PE,D,20171109,000000,5.70913,5.70913,5.61982,5.61982,0,0
ABE_PE,D,20171110,000000,5.61982,5.61982,5.53061,5.53061,0,0
ABE_PE,D,20171113,000000,5.53061,5.53061,5.53061,5.53061,0,0
ABE_PE,D,20171114,000000,5.53061,5.61982,5.53061,5.61982,0,0
ABE_PE,D,20171115,000000,5.61982,5.61982,5.53061,5.61982,0,0
ABE_PE,D,20171116,000000,5.61982,5.61982,5.53061,5.61982,0,0
ABE_PE,D,20171117,000000,5.61982,5.61982,5.61982,5.61982,0,0
ABE_PE,D,20171120,000000,5.61982,5.79834,5.61982,5.79834,0,0
ABE_PE,D,20171121,000000,5.79834,5.88746,5.79834,5.88746,0,0
ABE_PE,D,20171122,000000,5.88746,6.33352,5.88746,6.1551,0,0
ABE_PE,D,20171123,000000,6.2443,6.60106,6.1551,6.42274,0,0
ABE_PE,D,20171124,000000,6.60106,6.60106,6.51185,6.60106,0,0
ABE_PE,D,20171127,000000,6.60106,6.69028,6.60106,6.60106,0,0
ABE_PE,D,20171128,000000,6.69028,6.69028,6.60106,6.69028,0,0
ABE_PE,D,20171129,000000,6.69028,6.69028,6.51185,6.51185,0,0
ABE_PE,D,20171130,000000,6.51185,6.60106,6.51185,6.60106,0,0
ABE_PE,D,20171201,000000,6.60106,6.69028,6.60106,6.69028,0,0
ABE_PE,D,20171204,000000,6.69028,6.95791,6.60106,6.95791,0,0
ABE_PE,D,20171205,000000,6.95791,6.95791,6.95791,6.95791,0,0
ABE_PE,D,20171206,000000,6.95791,6.95791,6.95791,6.95791,0,0
ABE_PE,D,20171207,000000,7.04713,7.04713,6.8687,7.04713,0,0
ABE_PE,D,20171208,000000,7.04713,7.04713,6.95791,7.04713,0,0
ABE_PE,D,20171211,000000,7.04713,7.04713,6.77949,6.77949,0,0
ABE_PE,D,20171212,000000,6.69028,6.77949,6.69028,6.77949,0,0
ABE_PE,D,20171213,000000,6.77949,6.8687,6.77949,6.8687,0,0
ABE_PE,D,20171214,000000,6.8687,6.8687,6.60106,6.69028,0,0
ABE_PE,D,20171215,000000,6.69028,6.69028,6.42274,6.42274,0,0
ABE_PE,D,20171218,000000,6.42274,6.42274,6.2443,6.33352,0,0
ABE_PE,D,20171219,000000,6.33352,6.33352,6.33352,6.33352,0,0
ABE_PE,D,20171220,000000,6.33352,6.33352,6.33352,6.33352,0,0
ABE_PE,D,20171221,000000,6.33352,6.42274,6.33352,6.33352,0,0
ABE_PE,D,20171222,000000,6.33352,6.33352,6.33352,6.33352,0,0
ABE_PE,D,20171227,000000,6.33352,6.33352,6.06588,6.06588,0,0
ABE_PE,D,20171228,000000,6.06588,6.33352,5.97667,6.33352,0,0
ABE_PE,D,20171229,000000,6.33352,6.69028,6.33352,6.69028,0,0
ABE_PE,D,20180103,000000,6.69028,6.69028,6.60106,6.60106,0,0
ABE_PE,D,20180104,000000,6.60106,6.69028,6.60106,6.60106,0,0
ABE_PE,D,20180105,000000,6.60106,6.60106,6.51185,6.51185,0,0
ABE_PE,D,20180108,000000,6.51185,6.51185,6.51185,6.51185,0,0
ABE_PE,D,20180109,000000,6.51185,6.51185,6.51185,6.51185,0,0
ABE_PE,D,20180110,000000,6.51185,6.51185,6.42274,6.42274,0,0
ABE_PE,D,20180111,000000,6.42274,6.42274,6.33352,6.33352,0,0
ABE_PE,D,20180112,000000,6.33352,6.51185,6.33352,6.51185,0,0
ABE_PE,D,20180115,000000,6.51185,6.51185,6.42274,6.42274,0,0
ABE_PE,D,20180116,000000,6.42274,6.60106,6.42274,6.60106,0,0
ABE_PE,D,20180117,000000,6.60106,6.77949,6.60106,6.77949,0,0
ABE_PE,D,20180118,000000,6.69028,6.77949,6.69028,6.77949,0,0
ABE_PE,D,20180119,000000,6.77949,7.13625,6.77949,6.95791,0,0
ABE_PE,D,20180122,000000,7.04713,7.13625,7.04713,7.13625,0,0
ABE_PE,D,20180123,000000,7.13625,7.31477,7.13625,7.31477,0,0
ABE_PE,D,20180124,000000,7.40397,7.40397,7.13625,7.31477,0,0
ABE_PE,D,20180125,000000,7.31477,7.31477,7.22545,7.22545,0,0
ABE_PE,D,20180126,000000,7.13625,7.13625,7.04713,7.04713,0,0
ABE_PE,D,20180129,000000,7.04713,7.04713,6.8687,6.8687,0,0
ABE_PE,D,20180130,000000,6.8687,6.8687,6.8687,6.8687,0,0
ABE_PE,D,20180131,000000,6.8687,6.8687,6.8687,6.8687,0,0
ABE_PE,D,20180201,000000,6.8687,6.95791,6.8687,6.8687,0,0
ABE_PE,D,20180202,000000,6.8687,6.8687,6.8687,6.8687,0,0
ABE_PE,D,20180205,000000,6.8687,6.8687,6.77949,6.77949,0,0
ABE_PE,D,20180206,000000,6.60106,6.60106,6.33352,6.42274,0,0
ABE_PE,D,20180207,000000,6.33352,6.42274,6.33352,6.42274,0,0
ABE_PE,D,20180208,000000,6.42274,6.42274,6.2443,6.2443,0,0
ABE_PE,D,20180209,000000,6.1551,6.2443,6.06588,6.1551,0,0
ABE_PE,D,20180212,000000,6.1551,6.33352,6.1551,6.33352,0,0
ABE_PE,D,20180213,000000,6.33352,6.33352,6.2443,6.2443,0,0
ABE_PE,D,20180214,000000,6.2443,6.2443,6.1551,6.2443,0,0
ABE_PE,D,20180215,000000,6.2443,6.33352,6.2443,6.33352,0,0
ABE_PE,D,20180216,000000,6.42274,6.42274,6.2443,6.2443,0,0
ABE_PE,D,20180219,000000,6.2443,6.42274,6.2443,6.33352,0,0
ABE_PE,D,20180220,000000,6.2443,6.33352,6.2443,6.33352,0,0
ABE_PE,D,20180221,000000,6.33352,6.33352,6.2443,6.2443,0,0
ABE_PE,D,20180222,000000,6.2443,6.2443,6.2443,6.2443,0,0
ABE_PE,D,20180223,000000,6.2443,6.2443,6.1551,6.2443,0,0
ABE_PE,D,20180226,000000,6.2443,6.33352,6.2443,6.2443,0,0
ABE_PE,D,20180227,000000,6.2443,6.2443,6.1551,6.2443,0,0
ABE_PE,D,20180228,000000,6.2443,6.2443,6.2443,6.2443,0,0
ABE_PE,D,20180301,000000,6.2443,6.51185,6.2443,6.51185,0,0
ABE_PE,D,20180302,000000,6.42274,6.42274,6.42274,6.42274,0,0
ABE_PE,D,20180305,000000,6.33352,6.33352,6.2443,6.2443,0,0
ABE_PE,D,20180306,000000,6.2443,6.2443,6.2443,6.2443,0,0
ABE_PE,D,20180307,000000,6.33352,6.33352,6.2443,6.33352,0,0
ABE_PE,D,20180308,000000,6.33352,6.33352,6.1551,6.1551,0,0
ABE_PE,D,20180309,000000,6.2443,6.2443,6.1551,6.1551,0,0
ABE_PE,D,20180312,000000,6.1551,6.33352,6.1551,6.33352,0,0
ABE_PE,D,20180313,000000,6.33352,6.33352,6.2443,6.2443,0,0
ABE_PE,D,20180314,000000,6.2443,6.2443,6.1551,6.1551,0,0
ABE_PE,D,20180315,000000,6.1551,6.1551,5.97667,5.97667,0,0
ABE_PE,D,20180316,000000,5.97667,5.97667,5.79834,5.88746,0,0
ABE_PE,D,20180319,000000,5.88746,5.88746,5.88746,5.88746,0,0
ABE_PE,D,20180320,000000,5.88746,5.88746,5.79834,5.79834,0,0
ABE_PE,D,20180321,000000,5.79834,5.88746,5.79834,5.88746,0,0
ABE_PE,D,20180322,000000,5.88746,5.97667,5.79834,5.79834,0,0
ABE_PE,D,20180323,000000,5.79834,5.88746,5.79834,5.88746,0,0
ABE_PE,D,20180326,000000,5.88746,5.88746,5.79834,5.88746,0,0
ABE_PE,D,20180327,000000,5.88746,5.88746,5.79834,5.88746,0,0
ABE_PE,D,20180328,000000,5.79834,5.88746,5.79834,5.79834,0,0
ABE_PE,D,20180329,000000,5.70913,5.79834,5.70913,5.79834,0,0
ABE_PE,D,20180403,000000,5.79834,5.79834,5.61982,5.61982,0,0
ABE_PE,D,20180404,000000,5.61982,5.61982,5.61982,5.61982,0,0
ABE_PE,D,20180405,000000,5.61982,5.61982,5.61982,5.61982,0,0
ABE_PE,D,20180406,000000,5.61982,5.61982,5.53061,5.53061,0,0
ABE_PE,D,20180409,000000,5.53061,5.53061,5.26307,5.35219,0,0
ABE_PE,D,20180410,000000,5.35219,5.4414,5.35219,5.4414,0,0
ABE_PE,D,20180411,000000,5.4414,5.4414,5.35219,5.35219,0,0
ABE_PE,D,20180412,000000,5.35219,5.35219,5.26307,5.35219,0,0
ABE_PE,D,20180413,000000,5.35219,5.35219,5.35219,5.35219,0,0
ABE_PE,D,20180416,000000,5.35219,5.4414,5.35219,5.4414,0,0
ABE_PE,D,20180417,000000,5.53061,5.53061,5.17385,5.17385,0,0
ABE_PE,D,20180418,000000,5.08465,5.26307,5.08465,5.26307,0,0
ABE_PE,D,20180419,000000,5.26307,5.26307,5.26307,5.26307,0,0
ABE_PE,D,20180420,000000,5.26307,5.70913,5.26307,5.4414,0,0
ABE_PE,D,20180423,000000,5.53061,5.79834,5.53061,5.79834,0,0
ABE_PE,D,20180424,000000,5.79834,5.79834,5.70913,5.79834,0,0
ABE_PE,D,20180425,000000,5.79834,5.79834,5.61982,5.79834,0,0
ABE_PE,D,20180426,000000,5.79834,5.79834,5.70913,5.70913,0,0
ABE_PE,D,20180427,000000,5.70913,5.79834,5.61982,5.70913,0,0
ABE_PE,D,20180430,000000,5.70913,5.70913,5.61982,5.70913,0,0
ABE_PE,D,20180502,000000,5.70913,5.70913,5.53061,5.53061,0,0
ABE_PE,D,20180504,000000,5.53061,5.70913,5.53061,5.70913,0,0
ABE_PE,D,20180507,000000,5.61982,5.70913,5.61982,5.61982,0,0
ABE_PE,D,20180508,000000,5.61982,5.61982,5.53061,5.61982,0,0
ABE_PE,D,20180509,000000,5.53061,5.53061,5.53061,5.53061,0,0
ABE_PE,D,20180510,000000,5.4414,5.53061,5.4414,5.4414,0,0
ABE_PE,D,20180511,000000,5.4414,5.4414,5.35219,5.4414,0,0
ABE_PE,D,20180514,000000,5.4414,5.4414,5.35219,5.35219,0,0
ABE_PE,D,20180515,000000,5.17385,5.35219,5.08465,5.35219,0,0
ABE_PE,D,20180516,000000,5.35219,5.35219,5.17385,5.17385,0,0
ABE_PE,D,20180517,000000,5.17385,5.26307,5.17385,5.26307,0,0
ABE_PE,D,20180518,000000,5.26307,5.26307,5.26307,5.26307,0,0
ABE_PE,D,20180521,000000,5.17385,5.26307,5.17385,5.26307,0,0
ABE_PE,D,20180522,000000,5.26307,5.26307,5.26307,5.26307,0,0
ABE_PE,D,20180523,000000,5.26307,5.26307,5.08465,5.08465,0,0
ABE_PE,D,20180524,000000,5.08465,5.08465,5.08465,5.08465,0,0
ABE_PE,D,20180525,000000,5.08465,5.17385,5.08465,5.08465,0,0
ABE_PE,D,20180528,000000,5.08465,5.17385,5.08465,5.17385,0,0
ABE_PE,D,20180529,000000,5.17385,5.17385,5.17385,5.17385,0,0
ABE_PE,D,20180530,000000,5.17385,5.17385,5.08465,5.08465,0,0
ABE_PE,D,20180601,000000,5.08465,5.17385,5.08465,5.17385,0,0
ABE_PE,D,20180604,000000,5.08465,5.08465,4.99543,4.99543,0,0
ABE_PE,D,20180605,000000,4.90621,4.90621,4.90621,4.90621,0,0
ABE_PE,D,20180606,000000,4.99543,4.99543,4.90621,4.90621,0,0
ABE_PE,D,20180607,000000,4.90621,4.99543,4.90621,4.99543,0,0
ABE_PE,D,20180608,000000,5.08465,5.08465,4.99543,5.08465,0,0
ABE_PE,D,20180611,000000,5.08465,5.08465,4.99543,4.99543,0,0
ABE_PE,D,20180612,000000,4.99543,4.99543,4.99543,4.99543,0,0
ABE_PE,D,20180613,000000,4.99543,5.08465,4.99543,5.08465,0,0
ABE_PE,D,20180614,000000,5.08465,5.08465,5.08465,5.08465,0,0
ABE_PE,D,20180615,000000,5.08465,5.08465,5.08465,5.08465,0,0
ABE_PE,D,20180618,000000,5.08465,5.08465,4.99543,5.08465,0,0
ABE_PE,D,20180619,000000,4.99543,5.08465,4.99543,5.08465,0,0
ABE_PE,D,20180620,000000,5.08465,5.17385,5.08465,5.08465,0,0
ABE_PE,D,20180621,000000,5.08465,5.08465,5.08465,5.08465,0,0
ABE_PE,D,20180622,000000,5.08465,5.08465,4.99543,4.99543,0,0
ABE_PE,D,20180625,000000,4.99543,4.99543,4.99543,4.99543,0,0
ABE_PE,D,20180626,000000,4.99543,4.99543,4.90621,4.90621,0,0
ABE_PE,D,20180627,000000,4.90621,4.90621,4.90621,4.90621,0,0
ABE_PE,D,20180628,000000,4.90621,4.90621,4.72779,4.72779,0,0
ABE_PE,D,20180629,000000,4.81701,4.81701,4.63866,4.63866,0,0
ABE_PE,D,20180702,000000,4.63866,4.63866,4.63866,4.63866,0,0
ABE_PE,D,20180703,000000,4.63866,4.63866,4.63866,4.63866,0,0
ABE_PE,D,20180704,000000,4.63866,4.63866,4.54945,4.54945,0,0
ABE_PE,D,20180705,000000,4.63866,4.63866,4.46024,4.46024,0,0
ABE_PE,D,20180706,000000,4.46024,4.46024,4.37104,4.37104,0,0
ABE_PE,D,20180709,000000,4.37104,4.46024,4.37104,4.37104,0,0
ABE_PE,D,20180710,000000,4.37104,4.46024,4.37104,4.37104,0,0
ABE_PE,D,20180711,000000,4.37104,4.37104,4.28182,4.37104,0,0
ABE_PE,D,20180712,000000,4.46024,4.46024,4.37104,4.37104,0,0
ABE_PE,D,20180713,000000,4.37104,4.37104,4.37104,4.37104,0,0
ABE_PE,D,20180716,000000,4.37104,4.37104,4.28182,4.28182,0,0
ABE_PE,D,20180717,000000,4.37104,4.37104,4.28182,4.37104,0,0
ABE_PE,D,20180718,000000,4.37104,4.37104,4.37104,4.37104,0,0
ABE_PE,D,20180719,000000,4.37104,4.37104,4.28182,4.28182,0,0
ABE_PE,D,20180720,000000,4.28182,4.28182,4.19261,4.19261,0,0
ABE_PE,D,20180723,000000,4.19261,4.19261,4.19261,4.19261,0,0
ABE_PE,D,20180724,000000,4.19261,4.37104,4.19261,4.37104,0,0
ABE_PE,D,20180725,000000,4.37104,4.37104,4.37104,4.37104,0,0
ABE_PE,D,20180726,000000,4.37104,4.46024,4.28182,4.37104,0,0
ABE_PE,D,20180727,000000,4.37104,4.46024,4.28182,4.28182,0,0
ABE_PE,D,20180730,000000,4.28182,4.28182,4.19261,4.28182,0,0
ABE_PE,D,20180731,000000,4.28182,4.37104,4.28182,4.37104,0,0
ABE_PE,D,20180801,000000,4.37104,4.37104,4.28182,4.28182,0,0
ABE_PE,D,20180802,000000,4.28182,4.28182,4.28182,4.28182,0,0
ABE_PE,D,20180803,000000,4.28182,4.37104,4.28182,4.37104,0,0
ABE_PE,D,20180806,000000,4.37104,4.72779,4.37104,4.63866,0,0
ABE_PE,D,20180807,000000,4.81701,4.81701,4.63866,4.72779,0,0
ABE_PE,D,20180808,000000,4.72779,4.81701,4.63866,4.63866,0,0
ABE_PE,D,20180809,000000,4.63866,4.81701,4.63866,4.81701,0,0
ABE_PE,D,20180810,000000,4.81701,4.99543,4.81701,4.99543,0,0
ABE_PE,D,20180813,000000,5.08465,5.08465,4.90621,4.90621,0,0
ABE_PE,D,20180814,000000,4.90621,4.99543,4.90621,4.90621,0,0
ABE_PE,D,20180816,000000,4.90621,4.90621,4.90621,4.90621,0,0
ABE_PE,D,20180817,000000,4.90621,4.99543,4.90621,4.99543,0,0
ABE_PE,D,20180820,000000,4.99543,4.99543,4.90621,4.99543,0,0
ABE_PE,D,20180821,000000,5.08465,5.08465,4.81701,4.81701,0,0
ABE_PE,D,20180822,000000,4.81701,4.81701,4.72779,4.72779,0,0
ABE_PE,D,20180823,000000,4.72779,4.81701,4.72779,4.72779,0,0
ABE_PE,D,20180824,000000,4.81701,4.81701,4.72779,4.72779,0,0
ABE_PE,D,20180827,000000,4.72779,4.72779,4.72779,4.72779,0,0
ABE_PE,D,20180828,000000,4.72779,4.72779,4.72779,4.72779,0,0
ABE_PE,D,20180829,000000,4.72779,4.72779,4.63866,4.63866,0,0
ABE_PE,D,20180830,000000,4.63866,4.63866,4.63866,4.63866,0,0
ABE_PE,D,20180831,000000,4.63866,4.63866,4.46024,4.54945,0,0
ABE_PE,D,20180903,000000,4.54945,4.54945,4.54945,4.54945,0,0
ABE_PE,D,20180904,000000,4.46024,4.54945,4.46024,4.46024,0,0
ABE_PE,D,20180905,000000,4.46024,4.46024,4.37104,4.37104,0,0
ABE_PE,D,20180906,000000,4.46024,4.46024,4.46024,4.46024,0,0
ABE_PE,D,20180907,000000,4.46024,4.46024,4.37104,4.37104,0,0
ABE_PE,D,20180910,000000,4.37104,4.37104,4.28182,4.37104,0,0
ABE_PE,D,20180911,000000,4.37104,4.46024,4.37104,4.46024,0,0
ABE_PE,D,20180912,000000,4.46024,4.54945,4.46024,4.54945,0,0
ABE_PE,D,20180913,000000,4.54945,4.54945,4.46024,4.54945,0,0
ABE_PE,D,20180914,000000,4.46024,4.54945,4.46024,4.54945,0,0
ABE_PE,D,20180917,000000,4.46024,4.54945,4.46024,4.54945,0,0
ABE_PE,D,20180918,000000,4.54945,4.63866,4.54945,4.63866,0,0
ABE_PE,D,20180919,000000,4.63866,4.72779,4.63866,4.72779,0,0
ABE_PE,D,20180920,000000,4.72779,4.81701,4.72779,4.81701,0,0
ABE_PE,D,20180921,000000,4.81701,4.90621,4.72779,4.72779,0,0
ABE_PE,D,20180924,000000,4.72779,4.72779,4.63866,4.72779,0,0
ABE_PE,D,20180925,000000,4.63866,4.81701,4.63866,4.81701,0,0
ABE_PE,D,20180926,000000,4.81701,4.81701,4.81701,4.81701,0,0
ABE_PE,D,20180927,000000,4.81701,4.81701,4.81701,4.81701,0,0
ABE_PE,D,20180928,000000,4.81701,4.81701,4.81701,4.81701,0,0
ABE_PE,D,20181001,000000,4.81701,4.81701,4.72779,4.72779,0,0
ABE_PE,D,20181002,000000,4.72779,4.72779,4.63866,4.72779,0,0
ABE_PE,D,20181003,000000,4.72779,4.72779,4.63866,4.72779,0,0
ABE_PE,D,20181004,000000,4.72779,4.72779,4.72779,4.72779,0,0
ABE_PE,D,20181005,000000,4.72779,4.72779,4.63866,4.63866,0,0
ABE_PE,D,20181008,000000,4.54945,4.72779,4.54945,4.63866,0,0
ABE_PE,D,20181010,000000,4.63866,4.72779,4.63866,4.72779,0,0
ABE_PE,D,20181011,000000,4.54945,4.63866,4.54945,4.63866,0,0
ABE_PE,D,20181012,000000,4.63866,4.63866,4.63866,4.63866,0,0
ABE_PE,D,20181015,000000,4.81701,4.81701,4.72779,4.72779,0,0
ABE_PE,D,20181016,000000,4.72779,4.72779,4.63866,4.63866,0,0
ABE_PE,D,20181017,000000,4.63866,4.81701,4.63866,4.81701,0,0
ABE_PE,D,20181018,000000,4.81701,4.81701,4.72779,4.72779,0,0
ABE_PE,D,20181019,000000,4.72779,4.81701,4.72779,4.81701,0,0
ABE_PE,D,20181022,000000,4.72779,4.81701,4.72779,4.72779,0,0
ABE_PE,D,20181023,000000,4.72779,4.81701,4.63866,4.63866,0,0
ABE_PE,D,20181024,000000,4.63866,4.72779,4.63866,4.72779,0,0
ABE_PE,D,20181025,000000,4.72779,4.72779,4.72779,4.72779,0,0
ABE_PE,D,20181026,000000,4.63866,4.63866,4.54945,4.63866,0,0
ABE_PE,D,20181029,000000,4.72779,4.72779,4.54945,4.63866,0,0
ABE_PE,D,20181030,000000,4.72779,4.72779,4.72779,4.72779,0,0
ABE_PE,D,20181031,000000,4.72779,4.72779,4.63866,4.72779,0,0
ABE_PE,D,20181102,000000,4.72779,4.72779,4.72779,4.72779,0,0
ABE_PE,D,20181105,000000,4.72779,4.72779,4.63866,4.72779,0,0
ABE_PE,D,20181106,000000,4.72779,4.72779,4.72779,4.72779,0,0
ABE_PE,D,20181107,000000,4.72779,4.72779,4.63866,4.72779,0,0
ABE_PE,D,20181108,000000,4.72779,4.72779,4.63866,4.72779,0,0
ABE_PE,D,20181109,000000,4.72779,4.72779,4.46024,4.63866,0,0
ABE_PE,D,20181113,000000,4.54945,4.54945,4.46024,4.46024,0,0
ABE_PE,D,20181114,000000,4.46024,4.54945,4.1034,4.1034,0,0
ABE_PE,D,20181115,000000,4.01419,4.1034,4.01419,4.1034,0,0
ABE_PE,D,20181116,000000,4.19261,4.28182,4.19261,4.19261,0,0
ABE_PE,D,20181119,000000,4.28182,4.28182,4.1034,4.1034,0,0
ABE_PE,D,20181120,000000,4.1034,4.1034,4.01419,4.1034,0,0
ABE_PE,D,20181121,000000,4.19261,4.19261,4.01419,4.19261,0,0
ABE_PE,D,20181122,000000,4.19261,4.46024,4.19261,4.46024,0,0
ABE_PE,D,20181123,000000,4.46024,4.54945,4.37104,4.37104,0,0
ABE_PE,D,20181126,000000,4.46024,4.46024,4.28182,4.28182,0,0
ABE_PE,D,20181127,000000,4.28182,4.37104,4.28182,4.37104,0,0
ABE_PE,D,20181128,000000,4.37104,4.37104,4.19261,4.28182,0,0
ABE_PE,D,20181129,000000,4.19261,4.37104,4.19261,4.28182,0,0
ABE_PE,D,20181130,000000,4.19261,4.28182,4.19261,4.19261,0,0
ABE_PE,D,20181203,000000,4.19261,4.19261,4.1034,4.19261,0,0
ABE_PE,D,20181204,000000,4.19261,4.28182,4.1034,4.1034,0,0
ABE_PE,D,20181205,000000,4.1034,4.1034,4.1034,4.1034,0,0
ABE_PE,D,20181206,000000,4.1034,4.19261,4.1034,4.19261,0,0
ABE_PE,D,20181207,000000,4.19261,4.19261,4.1034,4.1034,0,0
ABE_PE,D,20181210,000000,4.1034,4.1034,4.01419,4.1034,0,0
ABE_PE,D,20181211,000000,4.1034,4.1034,4.01419,4.01419,0,0
ABE_PE,D,20181212,000000,4.01419,4.01419,3.83576,3.83576,0,0
ABE_PE,D,20181213,000000,3.74656,3.74656,3.65734,3.74656,0,0
ABE_PE,D,20181214,000000,3.74656,3.83576,3.74656,3.83576,0,0
ABE_PE,D,20181217,000000,3.83576,3.83576,3.74656,3.74656,0,0
ABE_PE,D,20181218,000000,3.74656,3.74656,3.65734,3.65734,0,0
ABE_PE,D,20181219,000000,3.65734,3.65734,3.56812,3.56812,0,0
ABE_PE,D,20181220,000000,3.65734,3.65734,3.65734,3.65734,0,0
ABE_PE,D,20181221,000000,3.65734,3.83576,3.65734,3.83576,0,0
ABE_PE,D,20181227,000000,3.92498,3.92498,3.74656,3.83576,0,0
ABE_PE,D,20181228,000000,3.83576,3.92498,3.83576,3.83576,0,0
ABE_PE,D,20190102,000000,3.83576,3.83576,3.83576,3.83576,0,0
ABE_PE,D,20190103,000000,3.83576,3.83576,3.83576,3.83576,0,0
ABE_PE,D,20190104,000000,3.83576,3.83576,3.83576,3.83576,0,0
ABE_PE,D,20190107,000000,3.83576,3.83576,3.83576,3.83576,0,0
ABE_PE,D,20190108,000000,3.83576,3.92498,3.83576,3.92498,0,0
ABE_PE,D,20190109,000000,3.92498,4.19261,3.92498,4.1034,0,0
ABE_PE,D,20190110,000000,4.1034,4.1034,4.01419,4.1034,0,0
ABE_PE,D,20190111,000000,4.1034,4.28182,4.1034,4.19261,0,0
ABE_PE,D,20190114,000000,4.28182,4.28182,4.19261,4.28182,0,0
ABE_PE,D,20190115,000000,4.28182,4.54945,4.28182,4.46024,0,0
ABE_PE,D,20190116,000000,4.46024,4.81701,4.46024,4.81701,0,0
ABE_PE,D,20190117,000000,4.81701,4.81701,4.63866,4.63866,0,0
ABE_PE,D,20190118,000000,4.63866,4.72779,4.63866,4.63866,0,0
ABE_PE,D,20190121,000000,4.63866,4.63866,4.54945,4.54945,0,0
ABE_PE,D,20190122,000000,4.63866,4.63866,4.54945,4.63866,0,0
ABE_PE,D,20190123,000000,4.63866,4.72779,4.63866,4.72779,0,0
ABE_PE,D,20190124,000000,4.63866,4.72779,4.63866,4.72779,0,0
ABE_PE,D,20190125,000000,4.72779,4.72779,4.54945,4.54945,0,0
ABE_PE,D,20190128,000000,4.54945,4.63866,4.54945,4.54945,0,0
ABE_PE,D,20190129,000000,4.54945,4.63866,4.54945,4.54945,0,0
ABE_PE,D,20190130,000000,4.54945,4.63866,4.54945,4.63866,0,0
ABE_PE,D,20190131,000000,4.63866,4.63866,4.63866,4.63866,0,0
ABE_PE,D,20190201,000000,4.63866,4.72779,4.63866,4.72779,0,0
ABE_PE,D,20190204,000000,4.72779,5.08465,4.72779,4.90621,0,0
ABE_PE,D,20190205,000000,4.99543,5.08465,4.99543,4.99543,0,0
ABE_PE,D,20190206,000000,4.99543,4.99543,4.90621,4.99543,0,0
ABE_PE,D,20190207,000000,4.99543,5.08465,4.90621,4.99543,0,0
ABE_PE,D,20190208,000000,4.90621,4.90621,4.81701,4.90621,0,0
ABE_PE,D,20190211,000000,4.99543,4.99543,4.81701,4.81701,0,0
ABE_PE,D,20190212,000000,4.81701,5.17385,4.72779,5.17385,0,0
ABE_PE,D,20190213,000000,5.17385,5.17385,4.99543,4.99543,0,0
ABE_PE,D,20190214,000000,4.90621,4.90621,4.81701,4.90621,0,0
ABE_PE,D,20190215,000000,4.90621,4.90621,4.81701,4.90621,0,0
ABE_PE,D,20190218,000000,4.90621,5.08465,4.90621,4.99543,0,0
ABE_PE,D,20190219,000000,4.90621,5.08465,4.90621,5.08465,0,0
ABE_PE,D,20190220,000000,5.08465,5.08465,4.90621,4.99543,0,0
ABE_PE,D,20190221,000000,4.99543,4.99543,4.99543,4.99543,0,0
ABE_PE,D,20190222,000000,4.99543,5.08465,4.90621,4.99543,0,0
ABE_PE,D,20190225,000000,4.99543,4.99543,4.90621,4.90621,0,0
ABE_PE,D,20190226,000000,4.81701,4.99543,4.81701,4.99543,0,0
ABE_PE,D,20190227,000000,4.90621,4.90621,4.81701,4.90621,0,0
ABE_PE,D,20190228,000000,4.90621,4.90621,4.90621,4.90621,0,0
ABE_PE,D,20190301,000000,4.90621,4.99543,4.90621,4.90621,0,0
ABE_PE,D,20190304,000000,4.90621,4.99543,4.81701,4.99543,0,0
ABE_PE,D,20190305,000000,5.08465,5.08465,4.63866,4.81701,0,0
ABE_PE,D,20190306,000000,4.81701,4.81701,4.72779,4.81701,0,0
ABE_PE,D,20190307,000000,4.81701,4.81701,4.63866,4.72779,0,0
ABE_PE,D,20190308,000000,4.72779,4.81701,4.72779,4.81701,0,0
ABE_PE,D,20190311,000000,4.81701,4.90621,4.81701,4.90621,0,0
ABE_PE,D,20190312,000000,4.90621,5.08465,4.90621,4.99543,0,0
ABE_PE,D,20190313,000000,4.90621,4.99543,4.90621,4.99543,0,0
ABE_PE,D,20190314,000000,4.99543,4.99543,4.90621,4.99543,0,0
ABE_PE,D,20190315,000000,4.99543,5.17385,4.99543,5.08465,0,0
ABE_PE,D,20190318,000000,5.17385,5.17385,4.99543,5.08465,0,0
ABE_PE,D,20190319,000000,5.08465,5.08465,4.99543,4.99543,0,0
ABE_PE,D,20190320,000000,5.08465,5.08465,4.99543,4.99543,0,0
ABE_PE,D,20190321,000000,4.99543,4.99543,4.99543,4.99543,0,0
ABE_PE,D,20190322,000000,4.99543,4.99543,4.99543,4.99543,0,0
ABE_PE,D,20190325,000000,4.99543,4.99543,4.99543,4.99543,0,0
ABE_PE,D,20190326,000000,4.99543,5.08465,4.99543,5.08465,0,0
ABE_PE,D,20190327,000000,4.99543,4.99543,4.99543,4.99543,0,0
ABE_PE,D,20190328,000000,4.99543,4.99543,4.99543,4.99543,0,0
ABE_PE,D,20190329,000000,4.99543,4.99543,4.90621,4.90621,0,0
ABE_PE,D,20190401,000000,4.90621,4.90621,4.90621,4.90621,0,0
ABE_PE,D,20190402,000000,4.90621,4.99543,4.90621,4.99543,0,0
ABE_PE,D,20190403,000000,5.08465,5.08465,4.99543,4.99543,0,0
ABE_PE,D,20190404,000000,4.99543,4.99543,4.99543,4.99543,0,0
ABE_PE,D,20190405,000000,4.99543,4.99543,4.99543,4.99543,0,0
ABE_PE,D,20190408,000000,4.99543,4.99543,4.99543,4.99543,0,0
ABE_PE,D,20190409,000000,4.99543,4.99543,4.90621,4.90621,0,0
ABE_PE,D,20190410,000000,4.90621,4.90621,4.90621,4.90621,0,0
ABE_PE,D,20190411,000000,4.90621,4.90621,4.90621,4.90621,0,0
ABE_PE,D,20190412,000000,4.90621,4.90621,4.90621,4.90621,0,0
ABE_PE,D,20190415,000000,4.81701,4.81701,4.81701,4.81701,0,0
ABE_PE,D,20190416,000000,4.81701,4.81701,4.72779,4.81701,0,0
ABE_PE,D,20190417,000000,4.81701,4.90621,4.81701,4.81701,0,0
ABE_PE,D,20190418,000000,4.81701,4.81701,4.72779,4.72779,0,0
ABE_PE,D,20190423,000000,4.72779,4.72779,4.63866,4.63866,0,0
ABE_PE,D,20190424,000000,4.63866,4.63866,4.63866,4.63866,0,0
ABE_PE,D,20190425,000000,4.63866,4.63866,4.63866,4.63866,0,0
ABE_PE,D,20190426,000000,4.63866,4.81701,4.63866,4.81701,0,0
ABE_PE,D,20190429,000000,4.81701,4.81701,4.72779,4.72779,0,0
ABE_PE,D,20190430,000000,4.72779,4.72779,4.54945,4.54945,0,0
ABE_PE,D,20190502,000000,4.46024,4.54945,4.46024,4.54945,0,0
ABE_PE,D,20190506,000000,4.54945,4.54945,4.54945,4.54945,0,0
ABE_PE,D,20190507,000000,4.54945,4.63866,4.46024,4.63866,0,0
ABE_PE,D,20190508,000000,4.54945,4.63866,4.54945,4.54945,0,0
ABE_PE,D,20190509,000000,4.54945,4.63866,4.54945,4.54945,0,0
ABE_PE,D,20190510,000000,4.54945,4.54945,4.54945,4.54945,0,0
ABE_PE,D,20190513,000000,4.54945,4.54945,4.46024,4.54945,0,0
ABE_PE,D,20190514,000000,4.54945,4.54945,4.46024,4.46024,0,0
ABE_PE,D,20190515,000000,4.46024,4.46024,4.37104,4.46024,0,0
ABE_PE,D,20190516,000000,4.46024,4.46024,4.28182,4.28182,0,0
ABE_PE,D,20190517,000000,4.28182,4.28182,4.01419,4.01419,0,0
ABE_PE,D,20190520,000000,4.01419,4.28182,3.92498,4.1034,0,0
ABE_PE,D,20190521,000000,4.01419,4.1034,3.92498,4.01419,0,0
ABE_PE,D,20190522,000000,4.01419,4.01419,3.92498,4.01419,0,0
ABE_PE,D,20190523,000000,4.01419,4.01419,3.92498,3.92498,0,0
ABE_PE,D,20190524,000000,3.92498,3.92498,3.92498,3.92498,0,0
ABE_PE,D,20190527,000000,3.92498,3.92498,3.83576,3.92498,0,0
ABE_PE,D,20190528,000000,3.83576,3.92498,3.74656,3.83576,0,0
ABE_PE,D,20190529,000000,3.83576,3.92498,3.74656,3.92498,0,0
ABE_PE,D,20190530,000000,3.92498,3.92498,3.83576,3.83576,0,0
ABE_PE,D,20190531,000000,3.92498,4.01419,3.92498,3.92498,0,0
ABE_PE,D,20190603,000000,4.01419,4.01419,3.83576,3.83576,0,0
ABE_PE,D,20190604,000000,3.83576,3.92498,3.74656,3.92498,0,0
ABE_PE,D,20190605,000000,3.83576,3.92498,3.83576,3.83576,0,0
ABE_PE,D,20190606,000000,3.83576,3.83576,3.74656,3.83576,0,0
ABE_PE,D,20190607,000000,3.83576,3.83576,3.83576,3.83576,0,0
ABE_PE,D,20190610,000000,3.83576,3.92498,3.83576,3.92498,0,0
ABE_PE,D,20190611,000000,3.83576,3.92498,3.83576,3.83576,0,0
ABE_PE,D,20190612,000000,3.92498,4.01419,3.92498,4.01419,0,0
ABE_PE,D,20190613,000000,4.01419,4.37104,4.01419,4.28182,0,0
ABE_PE,D,20190614,000000,4.37104,4.46024,4.28182,4.37104,0,0
ABE_PE,D,20190617,000000,4.28182,4.28182,4.19261,4.19261,0,0
ABE_PE,D,20190618,000000,4.19261,4.19261,4.19261,4.19261,0,0
ABE_PE,D,20190619,000000,4.19261,4.19261,4.19261,4.19261,0,0
ABE_PE,D,20190621,000000,4.19261,4.19261,4.19261,4.19261,0,0
ABE_PE,D,20190624,000000,4.19261,4.19261,4.1034,4.1034,0,0
ABE_PE,D,20190625,000000,4.1034,4.1034,4.1034,4.1034,0,0
ABE_PE,D,20190626,000000,4.1034,4.1034,4.1034,4.1034,0,0
ABE_PE,D,20190627,000000,4.1034,4.19261,4.1034,4.19261,0,0
ABE_PE,D,20190628,000000,4.28182,4.28182,4.28182,4.28182,0,0
ABE_PE,D,20190701,000000,4.28182,4.37104,4.28182,4.28182,0,0
ABE_PE,D,20190702,000000,4.28182,4.28182,4.19261,4.28182,0,0
ABE_PE,D,20190703,000000,4.28182,4.28182,4.28182,4.28182,0,0
ABE_PE,D,20190704,000000,4.28182,4.28182,4.1034,4.1034,0,0
ABE_PE,D,20190705,000000,4.1034,4.19261,4.1034,4.19261,0,0
ABE_PE,D,20190708,000000,4.19261,4.19261,4.19261,4.19261,0,0
ABE_PE,D,20190709,000000,4.19261,4.28182,4.19261,4.28182,0,0
ABE_PE,D,20190710,000000,4.28182,4.63866,4.28182,4.46024,0,0
ABE_PE,D,20190711,000000,4.54945,4.54945,4.46024,4.54945,0,0
ABE_PE,D,20190712,000000,4.54945,4.54945,4.46024,4.54945,0,0
ABE_PE,D,20190715,000000,4.54945,4.54945,4.46024,4.46024,0,0
ABE_PE,D,20190716,000000,4.63866,4.81701,4.63866,4.81701,0,0
ABE_PE,D,20190717,000000,4.72779,4.72779,4.63866,4.63866,0,0
ABE_PE,D,20190718,000000,4.54945,4.63866,4.54945,4.63866,0,0
ABE_PE,D,20190719,000000,4.63866,4.81701,4.63866,4.81701,0,0
ABE_PE,D,20190722,000000,4.81701,4.90621,4.81701,4.81701,0,0
ABE_PE,D,20190723,000000,4.81701,4.90621,4.81701,4.90621,0,0
ABE_PE,D,20190724,000000,4.90621,4.90621,4.90621,4.90621,0,0
ABE_PE,D,20190725,000000,4.90621,4.90621,4.72779,4.72779,0,0
ABE_PE,D,20190726,000000,4.72779,4.72779,4.63866,4.72779,0,0
ABE_PE,D,20190729,000000,4.72779,4.72779,4.63866,4.63866,0,0
ABE_PE,D,20190730,000000,4.72779,4.72779,4.63866,4.63866,0,0
ABE_PE,D,20190731,000000,4.63866,4.81701,4.63866,4.81701,0,0
ABE_PE,D,20190801,000000,4.72779,4.81701,4.63866,4.63866,0,0
ABE_PE,D,20190802,000000,4.63866,4.72779,4.63866,4.72779,0,0
ABE_PE,D,20190805,000000,4.63866,4.72779,4.63866,4.63866,0,0
ABE_PE,D,20190806,000000,4.63866,4.63866,4.63866,4.63866,0,0
ABE_PE,D,20190807,000000,4.63866,4.63866,4.54945,4.63866,0,0
ABE_PE,D,20190808,000000,4.63866,4.72779,4.54945,4.63866,0,0
ABE_PE,D,20190809,000000,4.72779,4.72779,4.54945,4.63866,0,0
ABE_PE,D,20190812,000000,4.63866,4.63866,4.54945,4.63866,0,0
ABE_PE,D,20190813,000000,4.54945,4.63866,4.54945,4.63866,0,0
ABE_PE,D,20190814,000000,4.72779,4.72779,4.54945,4.54945,0,0
ABE_PE,D,20190816,000000,4.54945,4.54945,4.46024,4.54945,0,0
ABE_PE,D,20190819,000000,4.46024,4.63866,4.46024,4.63866,0,0
ABE_PE,D,20190820,000000,4.63866,4.72779,4.63866,4.63866,0,0
ABE_PE,D,20190821,000000,4.72779,4.72779,4.63866,4.63866,0,0
ABE_PE,D,20190822,000000,4.54945,4.72779,4.54945,4.72779,0,0
ABE_PE,D,20190823,000000,4.72779,4.72779,4.63866,4.63866,0,0
ABE_PE,D,20190826,000000,4.54945,4.63866,4.46024,4.54945,0,0
ABE_PE,D,20190827,000000,4.54945,4.72779,4.54945,4.63866,0,0
ABE_PE,D,20190828,000000,4.63866,4.63866,4.63866,4.63866,0,0
ABE_PE,D,20190829,000000,4.63866,4.63866,4.63866,4.63866,0,0
ABE_PE,D,20190830,000000,4.63866,4.63866,4.54945,4.54945,0,0
ABE_PE,D,20190902,000000,4.54945,4.54945,4.46024,4.54945,0,0
ABE_PE,D,20190903,000000,4.54945,4.63866,4.54945,4.63866,0,0
ABE_PE,D,20190904,000000,4.63866,4.72779,4.63866,4.72779,0,0
ABE_PE,D,20190905,000000,4.72779,4.72779,4.72779,4.72779,0,0
ABE_PE,D,20190906,000000,4.72779,4.72779,4.72779,4.72779,0,0
ABE_PE,D,20190909,000000,4.72779,4.72779,4.72779,4.72779,0,0
ABE_PE,D,20190910,000000,4.72779,4.72779,4.63866,4.63866,0,0
ABE_PE,D,20190911,000000,4.63866,4.63866,4.63866,4.63866,0,0
ABE_PE,D,20190912,000000,4.63866,4.72779,4.63866,4.72779,0,0
ABE_PE,D,20190913,000000,4.72779,4.81701,4.63866,4.72779,0,0
ABE_PE,D,20190916,000000,4.72779,4.72779,4.72779,4.72779,0,0
ABE_PE,D,20190917,000000,4.72779,5.08465,4.63866,5.08465,0,0
ABE_PE,D,20190918,000000,5.26307,5.26307,5.08465,5.08465,0,0
ABE_PE,D,20190919,000000,4.99543,4.99543,4.90621,4.90621,0,0
ABE_PE,D,20190920,000000,5.08465,5.08465,4.99543,4.99543,0,0
ABE_PE,D,20190923,000000,4.99543,4.99543,4.90621,4.99543,0,0
ABE_PE,D,20190924,000000,4.99543,4.99543,4.81701,4.81701,0,0
ABE_PE,D,20190925,000000,4.81701,4.90621,4.81701,4.81701,0,0
ABE_PE,D,20190926,000000,4.81701,4.90621,4.81701,4.90621,0,0
ABE_PE,D,20190927,000000,4.90621,4.90621,4.81701,4.90621,0,0
ABE_PE,D,20190930,000000,4.90621,4.90621,4.90621,4.90621,0,0
ABE_PE,D,20191001,000000,4.81701,4.81701,4.81701,4.81701,0,0
ABE_PE,D,20191002,000000,4.90621,4.90621,4.72779,4.81701,0,0
ABE_PE,D,20191003,000000,4.81701,4.99543,4.81701,4.99543,0,0
ABE_PE,D,20191004,000000,4.99543,4.99543,4.99543,4.99543,0,0
ABE_PE,D,20191007,000000,4.99543,5.08465,4.99543,4.99543,0,0
ABE_PE,D,20191008,000000,4.99543,5.08465,4.99543,5.08465,0,0
ABE_PE,D,20191009,000000,4.99543,5.08465,4.99543,5.08465,0,0
ABE_PE,D,20191010,000000,5.17385,5.17385,4.99543,4.99543,0,0
ABE_PE,D,20191011,000000,5.08465,5.26307,5.08465,5.08465,0,0
ABE_PE,D,20191014,000000,5.08465,5.08465,4.99543,4.99543,0,0
ABE_PE,D,20191015,000000,4.99543,5.08465,4.90621,4.99543,0,0
ABE_PE,D,20191016,000000,4.99543,5.08465,4.99543,5.08465,0,0
ABE_PE,D,20191017,000000,5.08465,5.17385,4.99543,5.17385,0,0
ABE_PE,D,20191018,000000,5.08465,5.17385,5.08465,5.08465,0,0
ABE_PE,D,20191021,000000,5.17385,5.17385,5.08465,5.17385,0,0
ABE_PE,D,20191022,000000,5.17385,5.17385,5.08465,5.17385,0,0
ABE_PE,D,20191023,000000,5.08465,5.17385,5.08465,5.17385,0,0
ABE_PE,D,20191024,000000,5.08465,5.17385,4.99543,5.08465,0,0
ABE_PE,D,20191025,000000,5.08465,5.08465,4.99543,5.08465,0,0
ABE_PE,D,20191028,000000,5.08465,5.08465,4.99543,5.08465,0,0
ABE_PE,D,20191029,000000,4.99543,5.08465,4.99543,5.08465,0,0
ABE_PE,D,20191030,000000,5.08465,5.08465,5.08465,5.08465,0,0
ABE_PE,D,20191031,000000,5.08465,5.08465,4.99543,4.99543,0,0
ABE_PE,D,20191104,000000,4.99543,5.08465,4.99543,4.99543,0,0
ABE_PE,D,20191105,000000,4.99543,5.08465,4.99543,5.08465,0,0
ABE_PE,D,20191106,000000,5.08465,5.17385,5.08465,5.17385,0,0
ABE_PE,D,20191107,000000,5.08465,5.08465,5.08465,5.08465,0,0
ABE_PE,D,20191108,000000,5.08465,5.08465,4.99543,5.08465,0,0
ABE_PE,D,20191112,000000,5.08465,5.17385,5.08465,5.08465,0,0
ABE_PE,D,20191113,000000,5.08465,5.08465,4.99543,5.08465,0,0
ABE_PE,D,20191114,000000,5.08465,5.08465,5.08465,5.08465,0,0
ABE_PE,D,20191115,000000,5.08465,5.17385,5.08465,5.08465,0,0
ABE_PE,D,20191118,000000,5.17385,5.35219,5.08465,5.26307,0,0
ABE_PE,D,20191119,000000,5.26307,5.26307,5.17385,5.17385,0,0
ABE_PE,D,20191120,000000,5.17385,5.17385,5.08465,5.17385,0,0
ABE_PE,D,20191121,000000,5.17385,5.4414,5.08465,5.4414,0,0
ABE_PE,D,20191122,000000,5.53061,5.70913,5.53061,5.70913,0,0
ABE_PE,D,20191125,000000,5.70913,5.88746,5.70913,5.70913,0,0
ABE_PE,D,20191126,000000,5.79834,5.79834,5.61982,5.61982,0,0
ABE_PE,D,20191127,000000,5.70913,5.70913,5.53061,5.53061,0,0
ABE_PE,D,20191128,000000,5.53061,5.61982,5.53061,5.61982,0,0
ABE_PE,D,20191129,000000,5.53061,5.70913,5.53061,5.61982,0,0
ABE_PE,D,20191202,000000,5.70913,5.88746,5.70913,5.79834,0,0
ABE_PE,D,20191203,000000,5.88746,6.06588,5.88746,5.88746,0,0
ABE_PE,D,20191204,000000,5.97667,5.97667,5.88746,5.88746,0,0
ABE_PE,D,20191205,000000,5.88746,5.88746,5.88746,5.88746,0,0
ABE_PE,D,20191206,000000,5.88746,6.06588,5.88746,6.06588,0,0
ABE_PE,D,20191209,000000,6.06588,6.51185,6.06588,6.42274,0,0
ABE_PE,D,20191210,000000,6.42274,6.42274,6.33352,6.42274,0,0
ABE_PE,D,20191211,000000,6.42274,6.42274,6.2443,6.33352,0,0
ABE_PE,D,20191212,000000,6.33352,6.60106,6.33352,6.60106,0,0
ABE_PE,D,20191213,000000,6.69028,6.69028,6.60106,6.69028,0,0
ABE_PE,D,20191216,000000,6.69028,6.77949,6.33352,6.51185,0,0
ABE_PE,D,20191217,000000,6.42274,6.42274,6.2443,6.33352,0,0
ABE_PE,D,20191218,000000,6.42274,6.42274,6.33352,6.42274,0,0
ABE_PE,D,20191219,000000,6.51185,6.51185,6.42274,6.51185,0,0
ABE_PE,D,20191220,000000,6.51185,6.51185,6.33352,6.33352,0,0
ABE_PE,D,20191223,000000,6.2443,6.2443,6.1551,6.2443,0,0
ABE_PE,D,20191227,000000,6.2443,6.42274,6.2443,6.33352,0,0
ABE_PE,D,20191230,000000,6.2443,6.42274,6.2443,6.42274,0,0
ABE_PE,D,20200102,000000,6.42274,6.42274,6.33352,6.33352,0,0
ABE_PE,D,20200103,000000,6.33352,6.33352,6.2443,6.33352,0,0
ABE_PE,D,20200107,000000,6.42274,6.42274,6.06588,6.2443,0,0
ABE_PE,D,20200108,000000,6.2443,6.2443,6.06588,6.06588,0,0
ABE_PE,D,20200109,000000,6.06588,6.1551,5.97667,6.1551,0,0
ABE_PE,D,20200110,000000,6.1551,6.2443,6.1551,6.1551,0,0
ABE_PE,D,20200113,000000,6.1551,6.2443,5.88746,5.97667,0,0
ABE_PE,D,20200114,000000,6.06588,6.06588,5.70913,5.79834,0,0
ABE_PE,D,20200115,000000,5.79834,6.1551,5.70913,6.1551,0,0
ABE_PE,D,20200116,000000,6.1551,6.42274,6.1551,6.33352,0,0
ABE_PE,D,20200117,000000,6.33352,6.42274,6.2443,6.42274,0,0
ABE_PE,D,20200120,000000,6.51185,6.69028,6.42274,6.42274,0,0
ABE_PE,D,20200121,000000,6.51185,6.51185,6.1551,6.2443,0,0
ABE_PE,D,20200122,000000,6.2443,6.51185,6.2443,6.51185,0,0
ABE_PE,D,20200123,000000,6.60106,6.60106,6.51185,6.60106,0,0
ABE_PE,D,20200124,000000,6.51185,6.69028,6.51185,6.60106,0,0
ABE_PE,D,20200127,000000,6.51185,6.51185,6.33352,6.42274,0,0
ABE_PE,D,20200128,000000,6.33352,6.42274,6.33352,6.42274,0,0
ABE_PE,D,20200129,000000,6.42274,6.51185,6.33352,6.33352,0,0
ABE_PE,D,20200130,000000,6.33352,6.33352,5.97667,6.2443,0,0
ABE_PE,D,20200131,000000,6.1551,6.2443,5.97667,6.2443,0,0
ABE_PE,D,20200203,000000,6.1551,6.2443,6.06588,6.1551,0,0
ABE_PE,D,20200204,000000,6.1551,6.2443,6.06588,6.2443,0,0
ABE_PE,D,20200205,000000,6.1551,6.2443,5.97667,5.97667,0,0
ABE_PE,D,20200206,000000,5.97667,6.06588,5.97667,6.06588,0,0
ABE_PE,D,20200207,000000,6.06588,6.06588,5.97667,6.06588,0,0
ABE_PE,D,20200210,000000,6.06588,6.06588,5.97667,5.97667,0,0
ABE_PE,D,20200211,000000,5.97667,5.97667,5.88746,5.88746,0,0
ABE_PE,D,20200212,000000,5.88746,5.97667,5.79834,5.97667,0,0
ABE_PE,D,20200213,000000,5.97667,6.06588,5.97667,5.97667,0,0
ABE_PE,D,20200214,000000,6.06588,6.2443,6.06588,6.2443,0,0
ABE_PE,D,20200217,000000,6.1551,6.1551,6.06588,6.06588,0,0
ABE_PE,D,20200218,000000,6.06588,6.06588,5.88746,5.97667,0,0
ABE_PE,D,20200219,000000,5.97667,6.06588,5.97667,5.97667,0,0
ABE_PE,D,20200220,000000,5.97667,5.97667,5.88746,5.88746,0,0
ABE_PE,D,20200221,000000,5.88746,5.88746,5.79834,5.88746,0,0
ABE_PE,D,20200224,000000,5.88746,5.88746,5.4414,5.53061,0,0
ABE_PE,D,20200225,000000,5.53061,5.61982,5.26307,5.53061,0,0
ABE_PE,D,20200226,000000,5.4414,5.53061,5.17385,5.53061,0,0
ABE_PE,D,20200227,000000,5.53061,5.53061,5.17385,5.17385,0,0
ABE_PE,D,20200228,000000,4.72779,4.99543,4.54945,4.99543,0,0
ABE_PE,D,20200302,000000,4.81701,4.90621,4.81701,4.90621,0,0
ABE_PE,D,20200303,000000,4.99543,5.17385,4.90621,4.90621,0,0
ABE_PE,D,20200304,000000,5.08465,5.08465,4.72779,4.72779,0,0
ABE_PE,D,20200305,000000,4.81701,4.90621,4.46024,4.46024,0,0
ABE_PE,D,20200306,000000,4.54945,4.54945,4.28182,4.37104,0,0
ABE_PE,D,20200309,000000,4.19261,4.19261,3.83576,3.92498,0,0
ABE_PE,D,20200310,000000,3.92498,4.01419,3.83576,3.92498,0,0
ABE_PE,D,20200311,000000,3.92498,3.92498,3.74656,3.74656,0,0
ABE_PE,D,20200312,000000,3.56812,3.56812,3.30057,3.30057,0,0
ABE_PE,D,20200313,000000,3.30057,3.47892,3.30057,3.47892,0,0
ABE_PE,D,20200316,000000,3.47892,3.47892,3.21136,3.30057,0,0
ABE_PE,D,20200317,000000,3.38979,3.56812,3.21136,3.56812,0,0
ABE_PE,D,20200318,000000,3.56812,3.65734,3.47892,3.56812,0,0
ABE_PE,D,20200319,000000,3.47892,3.74656,3.47892,3.65734,0,0
ABE_PE,D,20200320,000000,3.83576,3.83576,3.65734,3.65734,0,0
ABE_PE,D,20200323,000000,3.65734,3.65734,3.56812,3.56812,0,0
ABE_PE,D,20200324,000000,3.65734,3.74656,3.65734,3.74656,0,0
ABE_PE,D,20200325,000000,3.83576,3.83576,3.74656,3.74656,0,0
ABE_PE,D,20200326,000000,3.74656,3.83576,3.65734,3.74656,0,0
ABE_PE,D,20200327,000000,3.74656,3.83576,3.65734,3.83576,0,0
ABE_PE,D,20200330,000000,3.92498,4.01419,3.83576,3.92498,0,0
ABE_PE,D,20200331,000000,4.01419,4.37104,4.01419,4.37104,0,0
ABE_PE,D,20200401,000000,4.46024,4.72779,4.28182,4.37104,0,0
ABE_PE,D,20200402,000000,4.37104,4.46024,4.19261,4.19261,0,0
ABE_PE,D,20200403,000000,4.19261,4.28182,4.19261,4.28182,0,0
ABE_PE,D,20200406,000000,4.28182,4.37104,4.19261,4.28182,0,0
ABE_PE,D,20200407,000000,4.28182,4.37104,4.28182,4.28182,0,0
ABE_PE,D,20200408,000000,4.28182,4.28182,4.19261,4.19261,0,0
ABE_PE,D,20200409,000000,4.28182,4.37104,4.19261,4.28182,0,0
ABE_PE,D,20200414,000000,4.37104,4.72779,4.37104,4.72779,0,0
ABE_PE,D,20200415,000000,4.72779,4.81701,4.63866,4.63866,0,0
ABE_PE,D,20200416,000000,4.63866,4.72779,4.63866,4.72779,0,0
ABE_PE,D,20200417,000000,4.63866,4.72779,4.63866,4.72779,0,0
ABE_PE,D,20200420,000000,4.81701,4.81701,4.72779,4.81701,0,0
ABE_PE,D,20200421,000000,4.81701,4.81701,4.37104,4.46024,0,0
ABE_PE,D,20200422,000000,4.46024,4.72779,4.46024,4.72779,0,0
ABE_PE,D,20200423,000000,4.72779,4.90621,4.72779,4.90621,0,0
ABE_PE,D,20200424,000000,4.81701,4.90621,4.81701,4.90621,0,0
ABE_PE,D,20200427,000000,4.90621,4.90621,4.81701,4.81701,0,0
ABE_PE,D,20200428,000000,4.90621,4.99543,4.81701,4.81701,0,0
ABE_PE,D,20200429,000000,4.81701,5.26307,4.81701,5.26307,0,0
ABE_PE,D,20200430,000000,5.26307,5.35219,5.17385,5.17385,0,0
ABE_PE,D,20200504,000000,5.17385,5.26307,4.99543,5.26307,0,0
ABE_PE,D,20200505,000000,5.35219,5.35219,5.26307,5.35219,0,0
ABE_PE,D,20200506,000000,5.4414,5.61982,5.4414,5.53061,0,0
ABE_PE,D,20200507,000000,5.53061,5.79834,5.53061,5.70913,0,0
ABE_PE,D,20200508,000000,5.70913,5.88746,5.61982,5.88746,0,0
ABE_PE,D,20200511,000000,5.88746,5.88746,5.70913,5.70913,0,0
ABE_PE,D,20200512,000000,5.70913,5.70913,5.53061,5.61982,0,0
ABE_PE,D,20200513,000000,5.53061,5.53061,5.35219,5.53061,0,0
ABE_PE,D,20200514,000000,5.4414,5.61982,5.26307,5.35219,0,0
ABE_PE,D,20200515,000000,5.26307,5.53061,5.26307,5.35219,0,0
ABE_PE,D,20200518,000000,5.4414,5.61982,5.4414,5.61982,0,0
ABE_PE,D,20200519,000000,5.70913,5.70913,5.61982,5.61982,0,0
ABE_PE,D,20200520,000000,5.61982,5.70913,5.61982,5.70913,0,0
ABE_PE,D,20200521,000000,5.70913,5.70913,5.53061,5.53061,0,0
ABE_PE,D,20200522,000000,5.4414,5.4414,5.35219,5.4414,0,0
ABE_PE,D,20200525,000000,5.35219,5.70913,5.35219,5.53061,0,0
ABE_PE,D,20200526,000000,5.53061,5.70913,5.4414,5.53061,0,0
ABE_PE,D,20200527,000000,5.53061,5.53061,5.4414,5.53061,0,0
ABE_PE,D,20200528,000000,5.4414,5.4414,5.26307,5.26307,0,0
ABE_PE,D,20200529,000000,5.26307,5.4414,5.17385,5.4414,0,0
ABE_PE,D,20200601,000000,5.4414,5.61982,5.4414,5.53061,0,0
ABE_PE,D,20200602,000000,5.61982,5.79834,5.53061,5.70913,0,0
ABE_PE,D,20200603,000000,5.70913,5.70913,5.53061,5.61982,0,0
ABE_PE,D,20200604,000000,5.61982,5.61982,5.61982,5.61982,0,0
ABE_PE,D,20200605,000000,5.61982,5.61982,5.53061,5.61982,0,0
ABE_PE,D,20200608,000000,5.61982,5.70913,5.53061,5.70913,0,0
ABE_PE,D,20200609,000000,5.70913,5.70913,5.53061,5.53061,0,0
ABE_PE,D,20200610,000000,5.61982,5.61982,5.53061,5.61982,0,0
ABE_PE,D,20200612,000000,5.53061,5.53061,5.4414,5.4414,0,0
ABE_PE,D,20200615,000000,5.35219,5.53061,5.26307,5.4414,0,0
ABE_PE,D,20200616,000000,5.61982,5.61982,5.53061,5.53061,0,0
ABE_PE,D,20200617,000000,5.53061,5.61982,5.4414,5.4414,0,0
ABE_PE,D,20200618,000000,5.4414,5.61982,5.4414,5.61982,0,0
ABE_PE,D,20200619,000000,5.61982,5.88746,5.61982,5.88746,0,0
ABE_PE,D,20200622,000000,5.97667,6.06588,5.79834,5.97667,0,0
ABE_PE,D,20200623,000000,6.06588,6.06588,6.06588,6.06588,0,0
ABE_PE,D,20200624,000000,6.06588,6.06588,5.88746,5.88746,0,0
ABE_PE,D,20200625,000000,5.88746,5.88746,5.53061,5.70913,0,0
ABE_PE,D,20200626,000000,5.70913,5.97667,5.70913,5.97667,0,0
ABE_PE,D,20200629,000000,5.88746,6.2443,5.79834,6.2443,0,0
ABE_PE,D,20200630,000000,6.2443,6.42274,6.2443,6.33352,0,0
ABE_PE,D,20200701,000000,6.2443,6.33352,6.1551,6.2443,0,0
ABE_PE,D,20200702,000000,6.2443,6.2443,6.2443,6.2443,0,0
ABE_PE,D,20200703,000000,6.2443,6.33352,6.2443,6.33352,0,0
ABE_PE,D,20200706,000000,6.2443,6.33352,6.06588,6.06588,0,0
ABE_PE,D,20200707,000000,6.1551,6.1551,6.06588,6.06588,0,0
ABE_PE,D,20200708,000000,6.06588,6.06588,5.88746,5.97667,0,0
ABE_PE,D,20200709,000000,5.97667,5.97667,5.88746,5.97667,0,0
ABE_PE,D,20200710,000000,5.97667,5.97667,5.88746,5.88746,0,0
ABE_PE,D,20200713,000000,5.88746,5.88746,5.61982,5.61982,0,0
ABE_PE,D,20200714,000000,5.70913,5.70913,5.35219,5.61982,0,0
ABE_PE,D,20200715,000000,5.61982,5.70913,5.61982,5.61982,0,0
ABE_PE,D,20200716,000000,5.61982,5.97667,5.61982,5.79834,0,0
ABE_PE,D,20200717,000000,5.97667,6.1551,5.97667,6.1551,0,0
ABE_PE,D,20200720,000000,6.2443,6.42274,6.06588,6.42274,0,0
ABE_PE,D,20200721,000000,6.42274,6.60106,6.33352,6.51185,0,0
ABE_PE,D,20200722,000000,6.51185,6.51185,6.42274,6.51185,0,0
ABE_PE,D,20200723,000000,6.51185,6.51185,6.2443,6.33352,0,0
ABE_PE,D,20200724,000000,6.42274,6.69028,6.33352,6.69028,0,0
ABE_PE,D,20200727,000000,6.8687,6.8687,6.51185,6.51185,0,0
ABE_PE,D,20200728,000000,6.51185,6.69028,6.51185,6.69028,0,0
ABE_PE,D,20200729,000000,6.69028,6.77949,6.60106,6.60106,0,0
ABE_PE,D,20200730,000000,6.69028,6.69028,6.51185,6.69028,0,0
ABE_PE,D,20200731,000000,6.60106,6.8687,6.51185,6.77949,0,0
ABE_PE,D,20200803,000000,6.69028,7.22545,6.69028,7.13625,0,0
ABE_PE,D,20200804,000000,7.49319,7.49319,7.13625,7.31477,0,0
ABE_PE,D,20200805,000000,7.31477,7.5824,7.22545,7.5824,0,0
ABE_PE,D,20200806,000000,7.67161,7.67161,7.40397,7.5824,0,0
ABE_PE,D,20200807,000000,7.5824,7.76073,7.49319,7.76073,0,0
ABE_PE,D,20200810,000000,7.76073,8.296,7.76073,8.11758,0,0
ABE_PE,D,20200811,000000,8.20679,8.20679,7.84994,7.93915,0,0
ABE_PE,D,20200812,000000,7.93915,7.93915,7.49319,7.49319,0,0
ABE_PE,D,20200813,000000,7.49319,7.49319,6.95791,7.31477,0,0
ABE_PE,D,20200814,000000,7.22545,7.22545,7.13625,7.13625,0,0
ABE_PE,D,20200817,000000,7.31477,7.49319,7.13625,7.49319,0,0
ABE_PE,D,20200818,000000,7.31477,8.02837,7.31477,7.40397,0,0
ABE_PE,D,20200819,000000,7.93915,7.93915,7.5824,7.76073,0,0
ABE_PE,D,20200820,000000,7.76073,7.76073,7.49319,7.5824,0,0
ABE_PE,D,20200821,000000,7.5824,7.76073,7.5824,7.5824,0,0
ABE_PE,D,20200824,000000,7.76073,7.76073,7.5824,7.5824,0,0
ABE_PE,D,20200825,000000,7.5824,7.67161,7.40397,7.5824,0,0
ABE_PE,D,20200826,000000,7.5824,7.84994,7.49319,7.5824,0,0
ABE_PE,D,20200827,000000,7.76073,7.76073,7.67161,7.76073,0,0
ABE_PE,D,20200828,000000,7.67161,7.67161,7.5824,7.67161,0,0
ABE_PE,D,20200831,000000,7.67161,7.84994,7.49319,7.49319,0,0
ABE_PE,D,20200901,000000,7.5824,7.67161,7.49319,7.49319,0,0
ABE_PE,D,20200902,000000,7.5824,7.67161,7.49319,7.67161,0,0
ABE_PE,D,20200903,000000,7.76073,7.76073,7.5824,7.5824,0,0
ABE_PE,D,20200904,000000,7.49319,7.5824,7.22545,7.31477,0,0
ABE_PE,D,20200907,000000,7.22545,7.40397,7.13625,7.31477,0,0
ABE_PE,D,20200908,000000,7.31477,7.31477,5.88746,6.33352,0,0
ABE_PE,D,20200909,000000,6.33352,6.77949,6.33352,6.77949,0,0
ABE_PE,D,20200910,000000,6.69028,6.95791,6.51185,6.8687,0,0
ABE_PE,D,20200911,000000,6.60106,6.8687,6.60106,6.8687,0,0
ABE_PE,D,20200914,000000,6.69028,6.95791,6.60106,6.69028,0,0
ABE_PE,D,20200915,000000,6.69028,6.69028,6.33352,6.69028,0,0
ABE_PE,D,20200916,000000,6.69028,6.77949,6.69028,6.77949,0,0
ABE_PE,D,20200917,000000,6.77949,6.77949,6.69028,6.77949,0,0
ABE_PE,D,20200918,000000,6.77949,6.77949,6.69028,6.69028,0,0
ABE_PE,D,20200921,000000,6.69028,6.69028,6.51185,6.60106,0,0
ABE_PE,D,20200922,000000,6.69028,6.69028,6.60106,6.60106,0,0
ABE_PE,D,20200923,000000,6.69028,6.69028,6.51185,6.51185,0,0
ABE_PE,D,20200924,000000,6.51185,6.51185,5.88746,5.88746,0,0
ABE_PE,D,20200925,000000,5.97667,5.97667,5.88746,5.97667,0,0
ABE_PE,D,20200928,000000,5.97667,6.2443,5.97667,6.1551,0,0
ABE_PE,D,20200929,000000,6.2443,6.2443,6.1551,6.2443,0,0
ABE_PE,D,20200930,000000,6.33352,6.33352,6.2443,6.33352,0,0
ABE_PE,D,20201001,000000,6.33352,6.42274,6.33352,6.42274,0,0
ABE_PE,D,20201002,000000,6.42274,6.42274,6.06588,6.1551,0,0
ABE_PE,D,20201005,000000,6.1551,6.1551,6.06588,6.1551,0,0
ABE_PE,D,20201006,000000,6.1551,6.1551,6.06588,6.1551,0,0
ABE_PE,D,20201007,000000,6.06588,6.1551,6.06588,6.06588,0,0
ABE_PE,D,20201008,000000,6.06588,6.06588,5.88746,6.06588,0,0
ABE_PE,D,20201009,000000,6.1551,6.1551,5.79834,5.79834,0,0
ABE_PE,D,20201012,000000,5.79834,5.79834,5.61982,5.61982,0,0
ABE_PE,D,20201013,000000,5.61982,5.61982,5.35219,5.35219,0,0
ABE_PE,D,20201014,000000,5.35219,5.53061,5.17385,5.4414,0,0
ABE_PE,D,20201015,000000,5.4414,5.79834,5.4414,5.79834,0,0
ABE_PE,D,20201016,000000,5.70913,6.1551,5.70913,6.06588,0,0
ABE_PE,D,20201019,000000,6.06588,6.33352,6.06588,6.06588,0,0
ABE_PE,D,20201020,000000,6.1551,6.2443,6.1551,6.2443,0,0
ABE_PE,D,20201021,000000,6.2443,6.2443,5.97667,6.1551,0,0
ABE_PE,D,20201022,000000,5.97667,6.33352,5.97667,6.2443,0,0
ABE_PE,D,20201023,000000,6.2443,6.2443,6.06588,6.1551,0,0
ABE_PE,D,20201026,000000,6.1551,6.33352,6.1551,6.2443,0,0
ABE_PE,D,20201027,000000,6.2443,6.2443,6.06588,6.06588,0,0
ABE_PE,D,20201028,000000,6.06588,6.06588,5.61982,5.79834,0,0
ABE_PE,D,20201029,000000,5.88746,5.88746,5.61982,5.88746,0,0
ABE_PE,D,20201030,000000,5.79834,5.79834,5.79834,5.79834,0,0
ABE_PE,D,20201102,000000,5.79834,5.79834,5.61982,5.61982,0,0
ABE_PE,D,20201103,000000,5.70913,5.70913,5.61982,5.70913,0,0
ABE_PE,D,20201104,000000,5.88746,6.42274,5.79834,6.33352,0,0
ABE_PE,D,20201105,000000,6.42274,6.60106,6.33352,6.42274,0,0
ABE_PE,D,20201106,000000,6.42274,6.42274,6.1551,6.33352,0,0
ABE_PE,D,20201109,000000,6.42274,6.69028,6.42274,6.51185,0,0
ABE_PE,D,20201110,000000,6.51185,6.69028,6.2443,6.69028,0,0
ABE_PE,D,20201112,000000,6.69028,6.77949,6.69028,6.77949,0,0
ABE_PE,D,20201113,000000,6.77949,6.77949,6.60106,6.69028,0,0
ABE_PE,D,20201116,000000,6.77949,7.04713,6.69028,7.04713,0,0
ABE_PE,D,20201117,000000,7.13625,7.13625,6.95791,6.95791,0,0
ABE_PE,D,20201118,000000,6.95791,7.04713,6.95791,7.04713,0,0
ABE_PE,D,20201119,000000,7.04713,7.04713,6.77949,6.77949,0,0
ABE_PE,D,20201120,000000,6.69028,6.8687,6.60106,6.8687,0,0
ABE_PE,D,20201123,000000,6.8687,6.95791,6.8687,6.8687,0,0
ABE_PE,D,20201124,000000,6.95791,6.95791,6.51185,6.69028,0,0
ABE_PE,D,20201125,000000,6.8687,7.04713,6.1551,6.1551,0,0
ABE_PE,D,20201126,000000,6.1551,6.1551,5.97667,6.06588,0,0
ABE_PE,D,20201127,000000,6.06588,6.1551,5.97667,6.1551,0,0
ABE_PE,D,20201130,000000,5.97667,6.33352,5.97667,6.33352,0,0
ABE_PE,D,20201201,000000,6.1551,6.33352,6.1551,6.33352,0,0
ABE_PE,D,20201202,000000,6.33352,6.33352,6.06588,6.06588,0,0
ABE_PE,D,20201203,000000,6.06588,6.60106,6.06588,6.60106,0,0
ABE_PE,D,20201204,000000,6.51185,6.69028,6.51185,6.60106,0,0
ABE_PE,D,20201207,000000,6.69028,6.69028,6.42274,6.42274,0,0
ABE_PE,D,20201208,000000,6.42274,6.60106,6.33352,6.60106,0,0
ABE_PE,D,20201209,000000,6.51185,6.60106,6.42274,6.42274,0,0
ABE_PE,D,20201210,000000,6.33352,6.42274,6.1551,6.2443,0,0
ABE_PE,D,20201211,000000,6.33352,6.42274,6.33352,6.42274,0,0
ABE_PE,D,20201214,000000,6.42274,6.51185,6.1551,6.1551,0,0
ABE_PE,D,20201215,000000,6.06588,6.2443,6.06588,6.1551,0,0
ABE_PE,D,20201216,000000,6.1551,6.1551,5.97667,5.97667,0,0
ABE_PE,D,20201217,000000,5.97667,5.97667,5.61982,5.70913,0,0
ABE_PE,D,20201218,000000,5.79834,5.88746,5.61982,5.70913,0,0
ABE_PE,D,20201221,000000,5.79834,5.79834,5.53061,5.53061,0,0
ABE_PE,D,20201222,000000,5.53061,5.53061,5.4414,5.4414,0,0
ABE_PE,D,20201223,000000,5.4414,5.79834,5.4414,5.70913,0,0
ABE_PE,D,20201228,000000,6.06588,6.06588,5.88746,6.06588,0,0
ABE_PE,D,20201229,000000,6.23582,6.50696,6.14541,6.41655,0,0
ABE_PE,D,20201230,000000,6.41655,6.41655,6.23582,6.32614,0,0
ABE_PE,D,20210104,000000,6.32614,6.50696,6.32614,6.50696,0,0
ABE_PE,D,20210105,000000,6.50696,6.50696,6.32614,6.32614,0,0
ABE_PE,D,20210107,000000,6.32614,6.50696,6.32614,6.50696,0,0
ABE_PE,D,20210108,000000,6.50696,6.50696,6.41655,6.50696,0,0
ABE_PE,D,20210111,000000,6.50696,6.59728,6.41655,6.59728,0,0
ABE_PE,D,20210112,000000,6.59728,6.59728,6.14541,6.23582,0,0
ABE_PE,D,20210113,000000,6.23582,6.32614,6.23582,6.32614,0,0
ABE_PE,D,20210114,000000,6.32614,6.32614,6.14541,6.32614,0,0
ABE_PE,D,20210115,000000,6.23582,6.32614,6.23582,6.23582,0,0
ABE_PE,D,20210118,000000,6.23582,6.41655,6.14541,6.41655,0,0
ABE_PE,D,20210119,000000,6.41655,6.41655,6.23582,6.32614,0,0
ABE_PE,D,20210120,000000,6.32614,6.41655,6.23582,6.41655,0,0
ABE_PE,D,20210121,000000,6.32614,6.32614,6.14541,6.14541,0,0
ABE_PE,D,20210122,000000,6.14541,6.14541,6.14541,6.14541,0,0
ABE_PE,D,20210125,000000,6.23582,6.23582,6.14541,6.14541,0,0
ABE_PE,D,20210126,000000,6.14541,6.23582,6.14541,6.23582,0,0
ABE_PE,D,20210127,000000,6.32614,6.32614,6.14541,6.23582,0,0
ABE_PE,D,20210128,000000,6.14541,6.23582,6.05508,6.14541,0,0
ABE_PE,D,20210129,000000,6.14541,6.23582,6.14541,6.23582,0,0
ABE_PE,D,20210201,000000,6.41655,6.41655,6.14541,6.14541,0,0
ABE_PE,D,20210202,000000,6.14541,6.23582,6.14541,6.14541,0,0
ABE_PE,D,20210203,000000,6.23582,6.23582,6.14541,6.14541,0,0
ABE_PE,D,20210204,000000,6.23582,6.23582,6.05508,6.05508,0,0
ABE_PE,D,20210205,000000,6.05508,6.41655,6.05508,6.32614,0,0
ABE_PE,D,20210208,000000,6.41655,6.41655,6.41655,6.41655,0,0
ABE_PE,D,20210209,000000,6.41655,6.50696,6.32614,6.50696,0,0
ABE_PE,D,20210210,000000,6.50696,6.95884,6.50696,6.68769,0,0
ABE_PE,D,20210211,000000,6.68769,6.86842,6.32614,6.86842,0,0
ABE_PE,D,20210212,000000,6.86842,6.86842,6.68769,6.68769,0,0
ABE_PE,D,20210215,000000,6.68769,6.86842,6.68769,6.86842,0,0
ABE_PE,D,20210216,000000,6.95884,7.32029,6.86842,7.22989,0,0
ABE_PE,D,20210217,000000,7.22989,7.22989,7.04915,7.22989,0,0
ABE_PE,D,20210218,000000,7.22989,7.22989,6.95884,7.13956,0,0
ABE_PE,D,20210219,000000,7.13956,7.13956,6.68769,6.77801,0,0
ABE_PE,D,20210222,000000,7.04915,7.04915,6.68769,6.77801,0,0
ABE_PE,D,20210223,000000,6.77801,6.77801,6.59728,6.59728,0,0
ABE_PE,D,20210224,000000,6.59728,6.77801,6.59728,6.77801,0,0
ABE_PE,D,20210225,000000,6.77801,6.95884,6.68769,6.95884,0,0
ABE_PE,D,20210226,000000,6.86842,6.95884,6.68769,6.95884,0,0
ABE_PE,D,20210301,000000,6.95884,6.95884,6.77801,6.95884,0,0
ABE_PE,D,20210302,000000,6.95884,7.22989,6.86842,7.13956,0,0
ABE_PE,D,20210303,000000,7.68176,8.49518,6.32614,6.32614,0,0
ABE_PE,D,20210304,000000,6.32614,6.50696,6.23582,6.32614,0,0
ABE_PE,D,20210305,000000,6.32614,6.32614,6.14541,6.32614,0,0
ABE_PE,D,20210308,000000,6.32614,6.77801,6.32614,6.68769,0,0
ABE_PE,D,20210309,000000,6.68769,6.68769,6.50696,6.59728,0,0
ABE_PE,D,20210310,000000,6.59728,6.95884,6.59728,6.95884,0,0
ABE_PE,D,20210311,000000,6.95884,7.04915,6.95884,6.95884,0,0
ABE_PE,D,20210312,000000,6.95884,6.95884,6.86842,6.95884,0,0
ABE_PE,D,20210315,000000,6.95884,7.04915,6.86842,7.04915,0,0
ABE_PE,D,20210316,000000,6.95884,7.04915,6.86842,6.86842,0,0
ABE_PE,D,20210317,000000,6.86842,6.86842,6.41655,6.68769,0,0
ABE_PE,D,20210318,000000,6.68769,6.68769,6.41655,6.41655,0,0
ABE_PE,D,20210319,000000,6.41655,6.50696,6.41655,6.50696,0,0
ABE_PE,D,20210322,000000,6.50696,6.86842,6.50696,6.86842,0,0
ABE_PE,D,20210323,000000,6.86842,6.86842,6.86842,6.86842,0,0
ABE_PE,D,20210324,000000,7.04915,7.04915,6.77801,6.86842,0,0
ABE_PE,D,20210325,000000,6.77801,6.86842,6.50696,6.59728,0,0
ABE_PE,D,20210326,000000,6.59728,6.77801,6.59728,6.68769,0,0
ABE_PE,D,20210329,000000,6.68769,6.86842,6.68769,6.77801,0,0
ABE_PE,D,20210330,000000,6.68769,6.86842,6.68769,6.86842,0,0
ABE_PE,D,20210331,000000,6.86842,7.04915,6.77801,7.04915,0,0
ABE_PE,D,20210401,000000,7.13956,7.50103,7.13956,7.22989,0,0
ABE_PE,D,20210406,000000,7.22989,7.22989,6.95884,7.22989,0,0
ABE_PE,D,20210407,000000,7.32029,7.32029,7.13956,7.13956,0,0
ABE_PE,D,20210408,000000,7.13956,7.22989,7.13956,7.13956,0,0
ABE_PE,D,20210409,000000,7.13956,7.13956,7.13956,7.13956,0,0
ABE_PE,D,20210412,000000,7.13956,7.22989,7.04915,7.04915,0,0
ABE_PE,D,20210413,000000,7.04915,7.04915,6.59728,6.59728,0,0
ABE_PE,D,20210414,000000,6.59728,6.59728,6.41655,6.59728,0,0
ABE_PE,D,20210415,000000,6.59728,6.59728,6.59728,6.59728,0,0
ABE_PE,D,20210416,000000,6.59728,6.59728,6.41655,6.41655,0,0
ABE_PE,D,20210419,000000,6.41655,6.59728,6.14541,6.23582,0,0
ABE_PE,D,20210420,000000,6.23582,6.50696,6.14541,6.50696,0,0
ABE_PE,D,20210421,000000,6.50696,6.77801,6.41655,6.68769,0,0
ABE_PE,D,20210422,000000,6.86842,7.04915,6.68769,6.77801,0,0
ABE_PE,D,20210423,000000,6.86842,7.04915,6.77801,7.04915,0,0
ABE_PE,D,20210426,000000,7.04915,7.68176,6.95884,7.59144,0,0
ABE_PE,D,20210427,000000,7.59144,8.04331,7.4107,7.59144,0,0
ABE_PE,D,20210428,000000,7.59144,7.86249,7.50103,7.86249,0,0
ABE_PE,D,20210429,000000,7.86249,8.49518,7.86249,8.13363,0,0
ABE_PE,D,20210430,000000,8.31436,8.40477,8.22404,8.40477,0,0
ABE_PE,D,20210504,000000,8.49518,8.85666,8.31436,8.31436,0,0
ABE_PE,D,20210505,000000,8.13363,8.58551,7.95291,8.49518,0,0
ABE_PE,D,20210506,000000,8.49518,8.94706,8.49518,8.67591,0,0
ABE_PE,D,20210507,000000,8.67591,8.67591,8.22404,8.22404,0,0
ABE_PE,D,20210510,000000,8.22404,8.58551,8.13363,8.58551,0,0
ABE_PE,D,20210511,000000,8.67591,8.67591,8.40477,8.67591,0,0
ABE_PE,D,20210512,000000,8.67591,8.67591,8.40477,8.40477,0,0
ABE_PE,D,20210513,000000,8.76624,9.03747,8.58551,8.94706,0,0
ABE_PE,D,20210514,000000,9.03747,9.48953,8.85666,9.03747,0,0
ABE_PE,D,20210517,000000,9.30871,9.39911,9.21829,9.39911,0,0
ABE_PE,D,20210518,000000,9.48953,9.76074,9.48953,9.57995,0,0
ABE_PE,D,20210519,000000,9.67036,9.85115,9.39911,9.67036,0,0
ABE_PE,D,20210520,000000,9.85115,10.1215,9.85115,9.94156,0,0
ABE_PE,D,20210521,000000,9.94156,10.5736,9.94156,9.94156,0,0
ABE_PE,D,20210524,000000,10.2119,10.2119,9.48953,9.48953,0,0
ABE_PE,D,20210525,000000,9.48953,9.48953,7.50103,7.50103,0,0
ABE_PE,D,20210526,000000,7.68176,7.95291,7.68176,7.86249,0,0
ABE_PE,D,20210527,000000,7.86249,7.95291,7.59144,7.77217,0,0
ABE_PE,D,20210528,000000,7.86249,7.86249,7.77217,7.77217,0,0
ABE_PE,D,20210531,000000,7.68176,7.68176,7.4107,7.50103,0,0
ABE_PE,D,20210601,000000,7.50103,7.77217,7.50103,7.68176,0,0
ABE_PE,D,20210602,000000,7.77217,7.86249,7.77217,7.86249,0,0
ABE_PE,D,20210604,000000,7.86249,7.86249,7.68176,7.68176,0,0
ABE_PE,D,20210607,000000,7.68176,7.77217,7.50103,7.50103,0,0
ABE_PE,D,20210608,000000,7.77217,7.77217,7.50103,7.50103,0,0
ABE_PE,D,20210609,000000,7.50103,7.68176,7.50103,7.59144,0,0
ABE_PE,D,20210610,000000,7.59144,7.59144,7.50103,7.59144,0,0
ABE_PE,D,20210611,000000,7.59144,7.59144,7.50103,7.50103,0,0
ABE_PE,D,20210614,000000,7.50103,7.50103,7.50103,7.50103,0,0
ABE_PE,D,20210615,000000,7.59144,7.59144,7.22989,7.50103,0,0
ABE_PE,D,20210616,000000,7.50103,7.50103,7.04915,7.13956,0,0
ABE_PE,D,20210617,000000,7.13956,7.13956,6.95884,7.04915,0,0
ABE_PE,D,20210618,000000,7.04915,7.22989,7.04915,7.22989,0,0
ABE_PE,D,20210621,000000,7.22989,7.32029,7.13956,7.13956,0,0
ABE_PE,D,20210622,000000,7.04915,7.22989,7.04915,7.13956,0,0
ABE_PE,D,20210623,000000,7.13956,7.22989,6.95884,6.95884,0,0
ABE_PE,D,20210624,000000,6.95884,6.95884,6.77801,6.86842,0,0
ABE_PE,D,20210625,000000,6.95884,7.04915,6.86842,7.04915,0,0
ABE_PE,D,20210628,000000,6.95884,7.4107,6.86842,7.13956,0,0
ABE_PE,D,20210629,000000,7.04915,7.04915,7.04915,7.04915,0,0
ABE_PE,D,20210630,000000,7.13956,7.13956,6.95884,7.13956,0,0
ABE_PE,D,20210701,000000,7.13956,7.13956,7.04915,7.13956,0,0
ABE_PE,D,20210702,000000,7.13956,7.13956,7.04915,7.04915,0,0
ABE_PE,D,20210705,000000,7.13956,7.50103,7.13956,7.50103,0,0
ABE_PE,D,20210706,000000,7.59144,7.59144,7.32029,7.32029,0,0
ABE_PE,D,20210707,000000,7.4107,7.50103,7.4107,7.4107,0,0
ABE_PE,D,20210708,000000,7.4107,7.50103,7.4107,7.50103,0,0
ABE_PE,D,20210709,000000,7.50103,7.59144,7.50103,7.59144,0,0
ABE_PE,D,20210712,000000,7.50103,7.68176,7.50103,7.59144,0,0
ABE_PE,D,20210713,000000,7.59144,7.68176,7.32029,7.68176,0,0
ABE_PE,D,20210714,000000,7.68176,7.77217,7.59144,7.77217,0,0
ABE_PE,D,20210715,000000,7.77217,7.77217,7.59144,7.59144,0,0
ABE_PE,D,20210716,000000,7.59144,7.77217,7.59144,7.77217,0,0
ABE_PE,D,20210719,000000,7.77217,7.77217,7.4107,7.59144,0,0
ABE_PE,D,20210720,000000,7.50103,7.68176,7.50103,7.50103,0,0
ABE_PE,D,20210721,000000,7.50103,7.59144,7.50103,7.59144,0,0
ABE_PE,D,20210722,000000,7.68176,7.68176,7.59144,7.68176,0,0
ABE_PE,D,20210723,000000,7.77217,7.77217,7.68176,7.68176,0,0
ABE_PE,D,20210726,000000,7.77217,7.77217,7.68176,7.68176,0,0
ABE_PE,D,20210727,000000,7.68176,7.68176,7.59144,7.68176,0,0
ABE_PE,D,20210728,000000,7.59144,7.68176,7.59144,7.59144,0,0
ABE_PE,D,20210729,000000,7.59144,7.68176,7.59144,7.68176,0,0
ABE_PE,D,20210730,000000,7.68176,7.68176,7.50103,7.50103,0,0
ABE_PE,D,20210802,000000,7.59144,7.68176,7.59144,7.68176,0,0
ABE_PE,D,20210803,000000,7.77217,8.31436,7.77217,8.04331,0,0
ABE_PE,D,20210804,000000,8.04331,8.31436,8.04331,8.13363,0,0
ABE_PE,D,20210805,000000,8.31436,8.31436,8.13363,8.22404,0,0
ABE_PE,D,20210806,000000,8.22404,8.31436,8.13363,8.13363,0,0
ABE_PE,D,20210809,000000,8.04331,8.58551,8.04331,8.58551,0,0
ABE_PE,D,20210810,000000,8.58551,8.67591,8.31436,8.40477,0,0
ABE_PE,D,20210811,000000,8.40477,8.40477,8.13363,8.13363,0,0
ABE_PE,D,20210812,000000,8.22404,8.49518,8.22404,8.49518,0,0
ABE_PE,D,20210813,000000,8.49518,8.49518,8.40477,8.40477,0,0
ABE_PE,D,20210816,000000,8.67591,8.67591,8.40477,8.40477,0,0
ABE_PE,D,20210817,000000,8.31436,8.40477,8.31436,8.31436,0,0
ABE_PE,D,20210818,000000,8.40477,8.40477,7.86249,8.04331,0,0
ABE_PE,D,20210819,000000,8.04331,8.13363,7.95291,8.13363,0,0
ABE_PE,D,20210820,000000,8.04331,8.31436,8.04331,8.31436,0,0
ABE_PE,D,20210823,000000,8.31436,8.31436,8.13363,8.13363,0,0
ABE_PE,D,20210824,000000,8.22404,8.22404,8.13363,8.22404,0,0
ABE_PE,D,20210825,000000,8.22404,8.31436,8.13363,8.22404,0,0
ABE_PE,D,20210826,000000,8.22404,8.22404,8.04331,8.13363,0,0
ABE_PE,D,20210827,000000,8.04331,8.13363,7.95291,8.04331,0,0
ABE_PE,D,20210830,000000,7.86249,7.86249,7.59144,7.77217,0,0
ABE_PE,D,20210831,000000,7.86249,8.04331,7.77217,7.95291,0,0
ABE_PE,D,20210901,000000,7.86249,8.22404,7.86249,8.13363,0,0
ABE_PE,D,20210902,000000,8.04331,8.13363,7.86249,8.04331,0,0
ABE_PE,D,20210903,000000,7.95291,8.04331,7.68176,7.68176,0,0
ABE_PE,D,20210906,000000,7.86249,8.13363,7.86249,8.13363,0,0
ABE_PE,D,20210907,000000,8.31436,8.31436,7.86249,7.95291,0,0
ABE_PE,D,20210908,000000,7.86249,7.95291,7.86249,7.95291,0,0
ABE_PE,D,20210909,000000,7.95291,7.95291,7.86249,7.86249,0,0
ABE_PE,D,20210910,000000,7.86249,7.86249,7.77217,7.86249,0,0
ABE_PE,D,20210913,000000,7.86249,7.86249,7.50103,7.59144,0,0
ABE_PE,D,20210914,000000,7.59144,7.59144,7.32029,7.32029,0,0
ABE_PE,D,20210915,000000,7.32029,7.59144,7.13956,7.50103,0,0
ABE_PE,D,20210916,000000,7.50103,7.59144,7.50103,7.50103,0,0
ABE_PE,D,20210917,000000,7.59144,7.59144,7.4107,7.50103,0,0
ABE_PE,D,20210920,000000,7.4107,7.50103,7.04915,7.13956,0,0
ABE_PE,D,20210921,000000,7.13956,7.32029,7.13956,7.32029,0,0
ABE_PE,D,20210922,000000,7.22989,7.50103,6.86842,6.86842,0,0
ABE_PE,D,20210923,000000,6.86842,6.86842,6.68769,6.68769,0,0
ABE_PE,D,20210924,000000,6.68769,6.77801,6.50696,6.50696,0,0
ABE_PE,D,20210927,000000,6.50696,6.68769,6.41655,6.68769,0,0
ABE_PE,D,20210928,000000,6.68769,6.86842,6.68769,6.77801,0,0
ABE_PE,D,20210929,000000,6.77801,6.77801,6.59728,6.59728,0,0
ABE_PE,D,20210930,000000,6.68769,6.68769,6.50696,6.59728,0,0
ABE_PE,D,20211001,000000,6.50696,6.68769,6.41655,6.68769,0,0
ABE_PE,D,20211004,000000,6.68769,6.68769,6.59728,6.68769,0,0
ABE_PE,D,20211005,000000,6.68769,6.68769,6.59728,6.59728,0,0
ABE_PE,D,20211006,000000,6.50696,6.59728,6.41655,6.59728,0,0
ABE_PE,D,20211007,000000,6.68769,6.77801,6.50696,6.77801,0,0
ABE_PE,D,20211008,000000,6.77801,6.77801,6.68769,6.77801,0,0
ABE_PE,D,20211011,000000,6.86842,6.86842,6.77801,6.86842,0,0
ABE_PE,D,20211012,000000,6.86842,6.86842,6.68769,6.77801,0,0
ABE_PE,D,20211013,000000,6.68769,6.77801,6.68769,6.77801,0,0
ABE_PE,D,20211014,000000,6.86842,6.86842,6.77801,6.86842,0,0
ABE_PE,D,20211015,000000,6.77801,6.95884,6.77801,6.77801,0,0
ABE_PE,D,20211018,000000,6.77801,6.77801,6.77801,6.77801,0,0
ABE_PE,D,20211019,000000,6.68769,7.04915,6.68769,7.04915,0,0
ABE_PE,D,20211020,000000,7.04915,7.04915,6.95884,6.95884,0,0
ABE_PE,D,20211021,000000,6.95884,7.04915,6.86842,6.95884,0,0
ABE_PE,D,20211022,000000,6.95884,7.04915,6.95884,6.95884,0,0
ABE_PE,D,20211025,000000,6.95884,6.95884,6.77801,6.77801,0,0
ABE_PE,D,20211026,000000,6.77801,6.86842,6.77801,6.77801,0,0
ABE_PE,D,20211027,000000,6.68769,6.77801,6.68769,6.77801,0,0
ABE_PE,D,20211028,000000,6.68769,6.86842,6.68769,6.77801,0,0
ABE_PE,D,20211029,000000,6.77801,6.95884,6.77801,6.77801,0,0
ABE_PE,D,20211102,000000,6.86842,6.86842,6.77801,6.77801,0,0
ABE_PE,D,20211103,000000,6.77801,6.77801,6.68769,6.77801,0,0
ABE_PE,D,20211104,000000,6.77801,6.86842,6.68769,6.77801,0,0
ABE_PE,D,20211105,000000,6.77801,6.86842,6.68769,6.77801,0,0
ABE_PE,D,20211108,000000,6.77801,6.86842,6.68769,6.68769,0,0
ABE_PE,D,20211109,000000,6.68769,6.86842,6.68769,6.86842,0,0
ABE_PE,D,20211110,000000,6.86842,6.86842,6.50696,6.59728,0,0
ABE_PE,D,20211112,000000,6.59728,6.59728,6.50696,6.50696,0,0
ABE_PE,D,20211115,000000,6.41655,6.50696,6.41655,6.50696,0,0
ABE_PE,D,20211116,000000,6.50696,6.59728,6.50696,6.50696,0,0
ABE_PE,D,20211117,000000,6.50696,6.68769,6.41655,6.68769,0,0
ABE_PE,D,20211118,000000,6.59728,6.68769,6.50696,6.50696,0,0
ABE_PE,D,20211119,000000,6.50696,6.59728,6.41655,6.41655,0,0
ABE_PE,D,20211122,000000,6.41655,6.41655,6.05508,6.23582,0,0
ABE_PE,D,20211123,000000,6.32614,6.41655,6.05508,6.05508,0,0
ABE_PE,D,20211124,000000,6.14541,6.23582,5.78394,5.78394,0,0
ABE_PE,D,20211125,000000,5.78394,5.78394,5.60321,5.60321,0,0
ABE_PE,D,20211126,000000,5.60321,5.60321,5.24166,5.33207,0,0
ABE_PE,D,20211129,000000,5.33207,5.33207,5.15134,5.15134,0,0
ABE_PE,D,20211130,000000,5.15134,5.15134,5.06093,5.15134,0,0
ABE_PE,D,20211201,000000,5.15134,5.24166,5.06093,5.24166,0,0
ABE_PE,D,20211202,000000,5.15134,5.33207,5.06093,5.33207,0,0
ABE_PE,D,20211203,000000,5.42248,5.60321,5.42248,5.5128,0,0
ABE_PE,D,20211206,000000,5.42248,5.60321,5.42248,5.5128,0,0
ABE_PE,D,20211207,000000,5.71992,5.9967,5.71992,5.81218,0,0
ABE_PE,D,20211208,000000,5.81218,5.9967,5.81218,5.90443,0,0
ABE_PE,D,20211209,000000,5.9967,6.27345,5.9967,6.08895,0,0
ABE_PE,D,20211210,000000,6.1812,6.1812,5.9967,6.08895,0,0
ABE_PE,D,20211213,000000,6.08895,6.1812,6.08895,6.08895,0,0
ABE_PE,D,20211214,000000,6.08895,6.08895,6.08895,6.08895,0,0
ABE_PE,D,20211215,000000,6.08895,6.08895,5.90443,5.9967,0,0
ABE_PE,D,20211216,000000,5.9967,6.08895,5.90443,5.9967,0,0
ABE_PE,D,20211217,000000,5.9967,6.08895,5.81218,5.90443,0,0
ABE_PE,D,20211220,000000,5.90443,5.90443,5.5354,5.62766,0,0
ABE_PE,D,20211221,000000,5.62766,5.71992,5.62766,5.71992,0,0
ABE_PE,D,20211222,000000,5.71992,5.9967,5.71992,5.90443,0,0
ABE_PE,D,20211223,000000,5.90443,5.9967,5.90443,5.90443,0,0
ABE_PE,D,20211227,000000,5.90443,5.90443,5.62766,5.62766,0,0
ABE_PE,D,20211228,000000,5.62766,6.08895,5.62766,5.9967,0,0
ABE_PE,D,20211229,000000,5.9967,5.9967,5.90443,5.9967,0,0
ABE_PE,D,20211230,000000,5.9967,6.36572,5.90443,6.1812,0,0
ABE_PE,D,20220103,000000,6.27345,6.27345,6.1812,6.1812,0,0
ABE_PE,D,20220104,000000,6.1812,6.1812,6.08895,6.1812,0,0
ABE_PE,D,20220105,000000,6.1812,6.1812,5.90443,5.9967,0,0
ABE_PE,D,20220107,000000,6.08895,6.08895,5.9967,5.9967,0,0
ABE_PE,D,20220110,000000,5.9967,6.08895,5.9967,6.08895,0,0
ABE_PE,D,20220111,000000,6.08895,6.08895,6.08895,6.08895,0,0
ABE_PE,D,20220112,000000,6.1812,6.1812,6.08895,6.08895,0,0
ABE_PE,D,20220113,000000,6.1812,6.1812,6.08895,6.1812,0,0
ABE_PE,D,20220114,000000,6.1812,6.1812,6.08895,6.08895,0,0
ABE_PE,D,20220117,000000,6.08895,6.27345,6.08895,6.1812,0,0
ABE_PE,D,20220118,000000,6.1812,6.1812,6.08895,6.08895,0,0
ABE_PE,D,20220119,000000,6.08895,6.27345,6.08895,6.08895,0,0
ABE_PE,D,20220120,000000,5.9967,6.1812,5.9967,6.1812,0,0
ABE_PE,D,20220121,000000,6.08895,6.08895,5.81218,5.90443,0,0
ABE_PE,D,20220124,000000,5.90443,5.90443,5.44314,5.44314,0,0
ABE_PE,D,20220125,000000,5.35089,5.62766,5.35089,5.44314,0,0
ABE_PE,D,20220126,000000,5.5354,5.81218,5.5354,5.71992,0,0
ABE_PE,D,20220127,000000,5.81218,5.90443,5.62766,5.90443,0,0
ABE_PE,D,20220128,000000,5.90443,5.90443,5.62766,5.62766,0,0
ABE_PE,D,20220131,000000,5.62766,5.81218,5.62766,5.71992,0,0
ABE_PE,D,20220201,000000,5.81218,5.81218,5.62766,5.71992,0,0
ABE_PE,D,20220202,000000,5.71992,5.81218,5.62766,5.71992,0,0
ABE_PE,D,20220203,000000,5.81218,5.81218,5.5354,5.62766,0,0
ABE_PE,D,20220204,000000,5.71992,5.71992,5.62766,5.62766,0,0
ABE_PE,D,20220207,000000,5.62766,5.71992,5.44314,5.5354,0,0
ABE_PE,D,20220208,000000,5.5354,5.62766,5.5354,5.5354,0,0
ABE_PE,D,20220209,000000,5.5354,5.5354,5.5354,5.5354,0,0
ABE_PE,D,20220210,000000,5.5354,5.62766,5.5354,5.5354,0,0
ABE_PE,D,20220211,000000,5.44314,5.62766,5.44314,5.5354,0,0
ABE_PE,D,20220214,000000,5.5354,5.5354,5.16638,5.35089,0,0
ABE_PE,D,20220215,000000,5.25863,5.5354,5.25863,5.5354,0,0
ABE_PE,D,20220216,000000,5.5354,5.62766,5.5354,5.5354,0,0
ABE_PE,D,20220217,000000,5.62766,5.62766,5.5354,5.5354,0,0
ABE_PE,D,20220218,000000,5.5354,5.71992,5.44314,5.71992,0,0
ABE_PE,D,20220221,000000,5.62766,5.71992,5.5354,5.62766,0,0
ABE_PE,D,20220222,000000,5.5354,5.62766,5.44314,5.44314,0,0
ABE_PE,D,20220223,000000,5.44314,5.5354,5.44314,5.44314,0,0
ABE_PE,D,20220224,000000,5.16638,5.16638,4.79735,4.98187,0,0
ABE_PE,D,20220225,000000,4.98187,5.35089,4.88961,4.98187,0,0
ABE_PE,D,20220228,000000,4.88961,5.07412,4.70509,5.07412,0,0
ABE_PE,D,20220301,000000,5.16638,5.16638,5.07412,5.16638,0,0
ABE_PE,D,20220302,000000,5.35089,5.44314,4.79735,4.79735,0,0
ABE_PE,D,20220303,000000,4.70509,4.88961,4.70509,4.79735,0,0
ABE_PE,D,20220304,000000,4.70509,4.88961,4.70509,4.70509,0,0
ABE_PE,D,20220307,000000,4.61284,4.61284,4.42832,4.52058,0,0
ABE_PE,D,20220308,000000,4.42832,4.61284,4.42832,4.61284,0,0
ABE_PE,D,20220309,000000,4.61284,4.88961,4.61284,4.79735,0,0
ABE_PE,D,20220310,000000,4.88961,5.07412,4.88961,4.98187,0,0
ABE_PE,D,20220311,000000,4.98187,5.07412,4.79735,4.88961,0,0
ABE_PE,D,20220314,000000,4.79735,4.88961,4.70509,4.79735,0,0
ABE_PE,D,20220315,000000,4.70509,4.79735,4.70509,4.70509,0,0
ABE_PE,D,20220316,000000,4.70509,4.88961,4.70509,4.70509,0,0
ABE_PE,D,20220317,000000,4.61284,4.79735,4.61284,4.70509,0,0
ABE_PE,D,20220318,000000,4.61284,4.79735,4.61284,4.61284,0,0
ABE_PE,D,20220321,000000,4.61284,4.79735,4.61284,4.70509,0,0
ABE_PE,D,20220322,000000,4.70509,4.70509,4.70509,4.70509,0,0
ABE_PE,D,20220323,000000,4.70509,4.70509,4.61284,4.70509,0,0
ABE_PE,D,20220324,000000,4.70509,4.70509,4.61284,4.70509,0,0
ABE_PE,D,20220325,000000,4.70509,4.70509,4.70509,4.70509,0,0
ABE_PE,D,20220328,000000,4.70509,4.70509,4.70509,4.70509,0,0
ABE_PE,D,20220329,000000,4.70509,4.88961,4.70509,4.70509,0,0
ABE_PE,D,20220330,000000,4.79735,4.98187,4.79735,4.98187,0,0
ABE_PE,D,20220331,000000,4.98187,5.16638,4.98187,5.07412,0,0
ABE_PE,D,20220401,000000,5.07412,5.25863,4.98187,4.98187,0,0
ABE_PE,D,20220404,000000,5.07412,5.16638,5.07412,5.16638,0,0
ABE_PE,D,20220405,000000,5.16638,5.16638,5.16638,5.16638,0,0
ABE_PE,D,20220406,000000,5.16638,5.16638,5.07412,5.07412,0,0
ABE_PE,D,20220407,000000,4.98187,5.16638,4.98187,5.16638,0,0
ABE_PE,D,20220408,000000,5.16638,5.16638,5.07412,5.07412,0,0
ABE_PE,D,20220411,000000,5.07412,5.07412,4.98187,4.98187,0,0
ABE_PE,D,20220412,000000,4.98187,4.98187,4.88961,4.88961,0,0
ABE_PE,D,20220413,000000,4.88961,4.98187,4.88961,4.98187,0,0
ABE_PE,D,20220414,000000,4.98187,4.98187,4.98187,4.98187,0,0
ABE_PE,D,20220419,000000,4.98187,4.98187,4.88961,4.88961,0,0
ABE_PE,D,20220420,000000,4.88961,5.07412,4.88961,5.07412,0,0
ABE_PE,D,20220421,000000,5.07412,5.16638,5.07412,5.07412,0,0
ABE_PE,D,20220422,000000,5.07412,5.07412,4.88961,5.07412,0,0
ABE_PE,D,20220425,000000,4.79735,4.88961,4.79735,4.88961,0,0
ABE_PE,D,20220426,000000,4.88961,5.07412,4.88961,4.98187,0,0
ABE_PE,D,20220427,000000,5.07412,5.07412,4.88961,4.88961,0,0
ABE_PE,D,20220428,000000,4.88961,4.98187,4.79735,4.79735,0,0
ABE_PE,D,20220429,000000,4.98187,4.98187,4.79735,4.88961,0,0
ABE_PE,D,20220502,000000,4.79735,4.88961,4.70509,4.79735,0,0
ABE_PE,D,20220504,000000,4.79735,4.88961,4.70509,4.79735,0,0
ABE_PE,D,20220505,000000,4.79735,4.98187,4.79735,4.98187,0,0
ABE_PE,D,20220506,000000,4.88961,4.98187,4.79735,4.79735,0,0
ABE_PE,D,20220509,000000,4.79735,4.88961,4.79735,4.79735,0,0
ABE_PE,D,20220510,000000,4.79735,4.79735,4.79735,4.79735,0,0
ABE_PE,D,20220511,000000,4.79735,4.79735,4.70509,4.79735,0,0
ABE_PE,D,20220512,000000,4.79735,4.88961,4.70509,4.88961,0,0
ABE_PE,D,20220513,000000,4.98187,4.98187,4.79735,4.88961,0,0
ABE_PE,D,20220516,000000,4.88961,4.98187,4.79735,4.98187,0,0
ABE_PE,D,20220517,000000,4.88961,4.98187,4.79735,4.79735,0,0
ABE_PE,D,20220518,000000,4.79735,4.88961,4.79735,4.88961,0,0
ABE_PE,D,20220519,000000,4.79735,4.79735,4.70509,4.79735,0,0
ABE_PE,D,20220520,000000,4.79735,4.98187,4.79735,4.98187,0,0
ABE_PE,D,20220523,000000,4.98187,5.07412,4.98187,4.98187,0,0
ABE_PE,D,20220524,000000,4.98187,5.07412,4.98187,5.07412,0,0
ABE_PE,D,20220525,000000,4.98187,5.07412,4.79735,4.79735,0,0
ABE_PE,D,20220526,000000,4.79735,4.88961,4.70509,4.79735,0,0
ABE_PE,D,20220527,000000,4.79735,4.79735,4.70509,4.79735,0,0
ABE_PE,D,20220530,000000,4.88961,4.88961,4.79735,4.88961,0,0
ABE_PE,D,20220531,000000,4.79735,4.98187,4.79735,4.98187,0,0
ABE_PE,D,20220601,000000,5.07412,5.07412,4.98187,4.98187,0,0
ABE_PE,D,20220602,000000,4.98187,4.98187,4.98187,4.98187,0,0
ABE_PE,D,20220603,000000,4.98187,4.98187,4.98187,4.98187,0,0
ABE_PE,D,20220606,000000,4.98187,4.98187,4.88961,4.88961,0,0
ABE_PE,D,20220607,000000,4.88961,4.98187,4.79735,4.98187,0,0
ABE_PE,D,20220608,000000,4.88961,4.88961,4.88961,4.88961,0,0
ABE_PE,D,20220609,000000,4.88961,4.88961,4.79735,4.79735,0,0
ABE_PE,D,20220610,000000,4.79735,4.79735,4.79735,4.79735,0,0
ABE_PE,D,20220613,000000,4.79735,4.79735,4.61284,4.70509,0,0
ABE_PE,D,20220614,000000,4.70509,4.79735,4.52058,4.52058,0,0
ABE_PE,D,20220615,000000,4.52058,4.70509,4.52058,4.70509,0,0
ABE_PE,D,20220617,000000,4.61284,4.70509,4.61284,4.61284,0,0
ABE_PE,D,20220620,000000,4.61284,4.61284,4.52058,4.52058,0,0
ABE_PE,D,20220621,000000,4.61284,4.70509,4.61284,4.61284,0,0
ABE_PE,D,20220622,000000,4.61284,4.70509,4.52058,4.70509,0,0
ABE_PE,D,20220623,000000,4.70509,4.70509,4.61284,4.70509,0,0
ABE_PE,D,20220624,000000,4.79735,4.79735,4.61284,4.61284,0,0
ABE_PE,D,20220627,000000,4.61284,4.70509,4.61284,4.70509,0,0
ABE_PE,D,20220628,000000,4.70509,4.70509,4.61284,4.70509,0,0
ABE_PE,D,20220629,000000,4.70509,4.70509,4.70509,4.70509,0,0
ABE_PE,D,20220630,000000,4.70509,4.70509,4.70509,4.70509,0,0
ABE_PE,D,20220701,000000,4.70509,4.79735,4.70509,4.70509,0,0
ABE_PE,D,20220704,000000,4.70509,4.70509,4.61284,4.61284,0,0
ABE_PE,D,20220705,000000,4.61284,4.61284,4.61284,4.61284,0,0
ABE_PE,D,20220706,000000,4.70509,4.70509,4.42832,4.42832,0,0
ABE_PE,D,20220707,000000,4.42832,4.52058,4.42832,4.42832,0,0
ABE_PE,D,20220708,000000,4.42832,4.42832,4.42832,4.42832,0,0
ABE_PE,D,20220711,000000,4.42832,4.52058,4.42832,4.42832,0,0
ABE_PE,D,20220712,000000,4.42832,4.42832,4.42832,4.42832,0,0
ABE_PE,D,20220713,000000,4.42832,4.42832,4.15156,4.24381,0,0
ABE_PE,D,20220714,000000,4.24381,4.33606,3.78253,3.87479,0,0
ABE_PE,D,20220715,000000,3.87479,3.96704,3.87479,3.87479,0,0
ABE_PE,D,20220718,000000,3.87479,3.87479,3.87479,3.87479,0,0
ABE_PE,D,20220719,000000,3.96704,3.96704,3.78253,3.87479,0,0
ABE_PE,D,20220720,000000,3.87479,3.96704,3.87479,3.87479,0,0
ABE_PE,D,20220721,000000,3.78253,3.87479,3.78253,3.78253,0,0
ABE_PE,D,20220722,000000,3.78253,3.96704,3.78253,3.96704,0,0
ABE_PE,D,20220725,000000,3.96704,4.0593,3.87479,3.87479,0,0
ABE_PE,D,20220726,000000,3.87479,3.87479,3.78253,3.78253,0,0
ABE_PE,D,20220727,000000,3.78253,3.78253,3.69027,3.78253,0,0
ABE_PE,D,20220728,000000,3.78253,3.78253,3.78253,3.78253,0,0
ABE_PE,D,20220729,000000,3.78253,3.87479,3.78253,3.78253,0,0
ABE_PE,D,20220801,000000,3.78253,3.87479,3.78253,3.87479,0,0
ABE_PE,D,20220802,000000,3.87479,4.0593,3.87479,3.96704,0,0
ABE_PE,D,20220803,000000,3.96704,4.0593,3.96704,4.0593,0,0
ABE_PE,D,20220804,000000,4.0593,4.0593,3.96704,4.0593,0,0
ABE_PE,D,20220805,000000,4.0593,4.0593,4.0593,4.0593,0,0
ABE_PE,D,20220808,000000,4.0593,4.0593,4.0593,4.0593,0,0
ABE_PE,D,20220809,000000,4.0593,4.0593,4.0593,4.0593,0,0
ABE_PE,D,20220810,000000,4.0593,4.0593,3.96704,3.96704,0,0
ABE_PE,D,20220811,000000,3.96704,4.0593,3.96704,4.0593,0,0
ABE_PE,D,20220812,000000,4.15156,4.15156,4.0593,4.0593,0,0
ABE_PE,D,20220816,000000,4.0593,4.0593,3.96704,4.0593,0,0
ABE_PE,D,20220817,000000,4.0593,4.0593,3.96704,4.0593,0,0
ABE_PE,D,20220818,000000,4.0593,4.0593,3.96704,4.0593,0,0
ABE_PE,D,20220819,000000,4.0593,4.0593,4.0593,4.0593,0,0
ABE_PE,D,20220822,000000,4.0593,4.0593,3.96704,3.96704,0,0
ABE_PE,D,20220823,000000,4.0593,4.0593,3.96704,4.0593,0,0
ABE_PE,D,20220824,000000,4.0593,4.0593,4.0593,4.0593,0,0
ABE_PE,D,20220825,000000,4.0593,4.0593,3.96704,4.0593,0,0
ABE_PE,D,20220826,000000,4.0593,4.0593,3.87479,3.87479,0,0
ABE_PE,D,20220829,000000,3.87479,3.87479,3.78253,3.78253,0,0
ABE_PE,D,20220830,000000,3.78253,3.87479,3.78253,3.78253,0,0
ABE_PE,D,20220831,000000,3.69027,3.69027,3.59801,3.69027,0,0
ABE_PE,D,20220901,000000,3.78253,3.78253,3.69027,3.69027,0,0
ABE_PE,D,20220902,000000,3.69027,3.69027,3.59801,3.69027,0,0
ABE_PE,D,20220905,000000,3.69027,3.69027,3.59801,3.69027,0,0
ABE_PE,D,20220906,000000,3.69027,3.69027,3.59801,3.59801,0,0
ABE_PE,D,20220907,000000,3.59801,3.59801,3.59801,3.59801,0,0
ABE_PE,D,20220908,000000,3.59801,3.69027,3.50576,3.50576,0,0
ABE_PE,D,20220909,000000,3.50576,3.69027,3.50576,3.69027,0,0
ABE_PE,D,20220912,000000,3.69027,3.87479,3.69027,3.78253,0,0
ABE_PE,D,20220913,000000,3.78253,3.78253,3.78253,3.78253,0,0
ABE_PE,D,20220914,000000,3.69027,3.69027,3.69027,3.69027,0,0
ABE_PE,D,20220915,000000,3.69027,3.78253,3.69027,3.78253,0,0
ABE_PE,D,20220916,000000,3.78253,3.78253,3.69027,3.78253,0,0
ABE_PE,D,20220919,000000,3.78253,3.87479,3.78253,3.87479,0,0
ABE_PE,D,20220920,000000,3.87479,3.96704,3.78253,3.96704,0,0
ABE_PE,D,20220921,000000,3.96704,4.0593,3.87479,3.96704,0,0
ABE_PE,D,20220922,000000,3.96704,3.96704,3.96704,3.96704,0,0
ABE_PE,D,20220923,000000,3.96704,3.96704,3.87479,3.87479,0,0
ABE_PE,D,20220926,000000,3.87479,3.87479,3.78253,3.78253,0,0
ABE_PE,D,20220927,000000,3.78253,3.87479,3.78253,3.87479,0,0
ABE_PE,D,20220928,000000,3.87479,3.96704,3.78253,3.78253,0,0
ABE_PE,D,20220929,000000,3.69027,3.69027,3.59801,3.59801,0,0
ABE_PE,D,20220930,000000,3.59801,3.78253,3.59801,3.78253,0,0
ABE_PE,D,20221003,000000,3.87479,3.87479,3.69027,3.69027,0,0
ABE_PE,D,20221004,000000,3.78253,3.78253,3.78253,3.78253,0,0
ABE_PE,D,20221005,000000,3.78253,3.78253,3.69027,3.78253,0,0
ABE_PE,D,20221006,000000,3.78253,3.78253,3.78253,3.78253,0,0
ABE_PE,D,20221007,000000,3.78253,3.78253,3.78253,3.78253,0,0
ABE_PE,D,20221010,000000,3.78253,3.87479,3.78253,3.87479,0,0
ABE_PE,D,20221011,000000,3.87479,3.96704,3.87479,3.96704,0,0
ABE_PE,D,20221012,000000,4.0593,4.0593,3.87479,3.87479,0,0
ABE_PE,D,20221013,000000,3.87479,3.87479,3.87479,3.87479,0,0
ABE_PE,D,20221014,000000,3.87479,3.96704,3.87479,3.96704,0,0
ABE_PE,D,20221017,000000,3.96704,3.96704,3.96704,3.96704,0,0
ABE_PE,D,20221018,000000,3.96704,4.24381,3.96704,4.24381,0,0
ABE_PE,D,20221019,000000,4.33606,4.33606,4.0593,4.24381,0,0
ABE_PE,D,20221020,000000,4.24381,4.24381,4.15156,4.24381,0,0
ABE_PE,D,20221021,000000,4.24381,4.24381,4.15156,4.24381,0,0
ABE_PE,D,20221024,000000,4.24381,4.33606,4.15156,4.15156,0,0
ABE_PE,D,20221025,000000,4.15156,4.24381,4.15156,4.24381,0,0
ABE_PE,D,20221026,000000,4.24381,4.24381,4.15156,4.15156,0,0
ABE_PE,D,20221027,000000,4.15156,4.15156,4.15156,4.15156,0,0
ABE_PE,D,20221028,000000,4.15156,4.15156,4.0593,4.0593,0,0
ABE_PE,D,20221031,000000,4.0593,4.0593,3.96704,4.0593,0,0
ABE_PE,D,20221102,000000,4.0593,4.0593,4.0593,4.0593,0,0
ABE_PE,D,20221103,000000,4.0593,4.0593,4.0593,4.0593,0,0
ABE_PE,D,20221104,000000,4.15156,4.15156,4.0593,4.15156,0,0
ABE_PE,D,20221107,000000,4.15156,4.15156,4.0593,4.15156,0,0
ABE_PE,D,20221108,000000,4.15156,4.15156,4.0593,4.0593,0,0
ABE_PE,D,20221109,000000,4.0593,4.0593,3.87479,3.96704,0,0
ABE_PE,D,20221110,000000,3.96704,3.96704,3.96704,3.96704,0,0
ABE_PE,D,20221114,000000,4.0593,4.0593,3.96704,3.96704,0,0
ABE_PE,D,20221115,000000,3.96704,3.96704,3.96704,3.96704,0,0
ABE_PE,D,20221116,000000,3.96704,4.0593,3.96704,4.0593,0,0
ABE_PE,D,20221117,000000,4.0593,4.33606,4.0593,4.24381,0,0
ABE_PE,D,20221118,000000,4.24381,4.52058,4.15156,4.42832,0,0
ABE_PE,D,20221121,000000,4.42832,4.70509,4.42832,4.70509,0,0
ABE_PE,D,20221122,000000,4.70509,4.70509,4.42832,4.42832,0,0
ABE_PE,D,20221123,000000,4.42832,4.52058,4.42832,4.42832,0,0
ABE_PE,D,20221124,000000,4.42832,4.42832,4.33606,4.42832,0,0
ABE_PE,D,20221125,000000,4.42832,4.42832,4.33606,4.33606,0,0
ABE_PE,D,20221128,000000,4.33606,4.42832,4.33606,4.42832,0,0
ABE_PE,D,20221129,000000,4.42832,4.52058,4.42832,4.52058,0,0
ABE_PE,D,20221130,000000,4.52058,4.52058,4.42832,4.52058,0,0
ABE_PE,D,20221201,000000,4.61284,4.61284,4.52058,4.61284,0,0
ABE_PE,D,20221202,000000,4.61284,4.61284,4.61284,4.61284,0,0
ABE_PE,D,20221205,000000,4.61284,4.79735,4.61284,4.70509,0,0
ABE_PE,D,20221206,000000,4.70509,4.70509,4.61284,4.70509,0,0
ABE_PE,D,20221207,000000,4.70509,4.88961,4.70509,4.88961,0,0
ABE_PE,D,20221208,000000,4.79735,4.88961,4.79735,4.79735,0,0
ABE_PE,D,20221209,000000,4.79735,4.79735,4.70509,4.79735,0,0
ABE_PE,D,20221212,000000,4.79735,4.88961,4.79735,4.88961,0,0
ABE_PE,D,20221213,000000,4.79735,4.88961,4.79735,4.88961,0,0
ABE_PE,D,20221214,000000,4.98187,5.07412,4.88961,4.88961,0,0
ABE_PE,D,20221215,000000,4.88961,4.88961,4.79735,4.88961,0,0
ABE_PE,D,20221216,000000,4.98187,4.98187,4.79735,4.88961,0,0
ABE_PE,D,20221219,000000,4.98187,4.98187,4.98187,4.98187,0,0
ABE_PE,D,20221220,000000,4.98187,4.98187,4.88961,4.88961,0,0
ABE_PE,D,20221221,000000,4.88961,4.88961,4.88961,4.88961,0,0
ABE_PE,D,20221222,000000,4.88961,4.88961,4.79735,4.88961,0,0
ABE_PE,D,20221223,000000,4.88961,4.88961,4.88961,4.88961,0,0
ABE_PE,D,20221227,000000,4.88961,4.88961,4.79735,4.79735,0,0
ABE_PE,D,20221228,000000,4.82331,4.91788,4.72874,4.82331,0,0
ABE_PE,D,20221229,000000,4.72874,4.82331,4.72874,4.82331,0,0
ABE_PE,D,20221230,000000,4.82331,4.82331,4.82331,4.82331,0,0
ABE_PE,D,20230102,000000,4.82331,5.01246,4.82331,5.01246,0,0
ABE_PE,D,20230103,000000,5.01246,5.10704,4.91788,5.10704,0,0
ABE_PE,D,20230104,000000,5.10704,5.20162,5.10704,5.20162,0,0
ABE_PE,D,20230105,000000,5.20162,5.20162,5.10704,5.20162,0,0
ABE_PE,D,20230109,000000,5.20162,5.29619,5.20162,5.20162,0,0
ABE_PE,D,20230110,000000,5.20162,5.20162,5.10704,5.10704,0,0
ABE_PE,D,20230111,000000,5.20162,5.29619,5.10704,5.20162,0,0
ABE_PE,D,20230112,000000,5.20162,5.20162,5.10704,5.10704,0,0
ABE_PE,D,20230113,000000,5.10704,5.10704,4.91788,5.10704,0,0
ABE_PE,D,20230116,000000,5.10704,5.10704,5.01246,5.10704,0,0
ABE_PE,D,20230117,000000,5.10704,5.10704,5.01246,5.01246,0,0
ABE_PE,D,20230118,000000,5.01246,5.01246,5.01246,5.01246,0,0
ABE_PE,D,20230119,000000,5.01246,5.01246,4.82331,4.82331,0,0
ABE_PE,D,20230120,000000,4.82331,4.91788,4.82331,4.82331,0,0
ABE_PE,D,20230123,000000,4.82331,4.82331,4.63416,4.82331,0,0
ABE_PE,D,20230124,000000,4.91788,5.01246,4.82331,5.01246,0,0
ABE_PE,D,20230125,000000,5.01246,5.01246,4.91788,4.91788,0,0
ABE_PE,D,20230126,000000,5.01246,5.10704,4.91788,5.10704,0,0
ABE_PE,D,20230127,000000,5.20162,5.20162,5.01246,5.01246,0,0
ABE_PE,D,20230130,000000,5.01246,5.01246,4.91788,4.91788,0,0
ABE_PE,D,20230131,000000,4.91788,5.01246,4.91788,5.01246,0,0
ABE_PE,D,20230201,000000,5.01246,5.01246,4.91788,5.01246,0,0
ABE_PE,D,20230202,000000,5.01246,5.20162,5.01246,5.10704,0,0
ABE_PE,D,20230203,000000,5.10704,5.10704,5.10704,5.10704,0,0
ABE_PE,D,20230206,000000,5.10704,5.29619,4.91788,5.29619,0,0
ABE_PE,D,20230207,000000,5.20162,5.20162,5.20162,5.20162,0,0
ABE_PE,D,20230208,000000,5.10704,5.20162,5.10704,5.10704,0,0
ABE_PE,D,20230209,000000,5.01246,5.10704,5.01246,5.10704,0,0
ABE_PE,D,20230210,000000,5.10704,5.10704,4.91788,4.91788,0,0
ABE_PE,D,20230213,000000,4.91788,4.91788,4.82331,4.91788,0,0
ABE_PE,D,20230214,000000,4.91788,4.91788,4.82331,4.82331,0,0
ABE_PE,D,20230215,000000,4.82331,4.82331,4.82331,4.82331,0,0
ABE_PE,D,20230216,000000,4.82331,4.91788,4.82331,4.91788,0,0
ABE_PE,D,20230217,000000,4.91788,4.91788,4.72874,4.72874,0,0
ABE_PE,D,20230220,000000,4.72874,4.82331,4.72874,4.82331,0,0
ABE_PE,D,20230221,000000,4.82331,4.82331,4.82331,4.82331,0,0
ABE_PE,D,20230222,000000,4.82331,4.91788,4.72874,4.82331,0,0
ABE_PE,D,20230223,000000,4.82331,4.91788,4.82331,4.91788,0,0
ABE_PE,D,20230224,000000,4.91788,4.91788,4.82331,4.82331,0,0
ABE_PE,D,20230227,000000,4.82331,4.82331,4.72874,4.82331,0,0
ABE_PE,D,20230228,000000,4.82331,4.82331,4.82331,4.82331,0,0
ABE_PE,D,20230301,000000,4.72874,4.82331,4.72874,4.82331,0,0
ABE_PE,D,20230302,000000,4.82331,4.82331,4.72874,4.82331,0,0
ABE_PE,D,20230303,000000,4.82331,4.91788,4.82331,4.91788,0,0
ABE_PE,D,20230306,000000,4.91788,5.01246,4.91788,5.01246,0,0
ABE_PE,D,20230307,000000,5.01246,5.01246,4.91788,5.01246,0,0
ABE_PE,D,20230308,000000,5.01246,5.10704,4.82331,5.10704,0,0
ABE_PE,D,20230309,000000,5.10704,5.39076,5.10704,5.20162,0,0
ABE_PE,D,20230310,000000,5.20162,5.20162,5.01246,5.10704,0,0
ABE_PE,D,20230313,000000,5.10704,5.10704,4.82331,5.01246,0,0
ABE_PE,D,20230314,000000,5.01246,5.01246,5.01246,5.01246,0,0
ABE_PE,D,20230315,000000,5.01246,5.01246,4.91788,4.91788,0,0
ABE_PE,D,20230316,000000,4.91788,4.91788,4.91788,4.91788,0,0
ABE_PE,D,20230317,000000,4.91788,4.91788,4.91788,4.91788,0,0
ABE_PE,D,20230320,000000,4.82331,4.91788,4.82331,4.91788,0,0
ABE_PE,D,20230321,000000,4.82331,5.01246,4.82331,4.91788,0,0
ABE_PE,D,20230322,000000,4.91788,5.01246,4.91788,4.91788,0,0
ABE_PE,D,20230323,000000,4.91788,4.91788,4.82331,4.82331,0,0
ABE_PE,D,20230324,000000,4.82331,4.82331,4.72874,4.82331,0,0
ABE_PE,D,20230327,000000,4.82331,5.01246,4.82331,4.82331,0,0
ABE_PE,D,20230328,000000,4.91788,4.91788,4.82331,4.82331,0,0
ABE_PE,D,20230329,000000,4.82331,5.01246,4.82331,4.91788,0,0
ABE_PE,D,20230330,000000,4.91788,4.91788,4.82331,4.82331,0,0
ABE_PE,D,20230331,000000,4.82331,4.91788,4.82331,4.91788,0,0
ABE_PE,D,20230403,000000,4.91788,4.91788,4.91788,4.91788,0,0
ABE_PE,D,20230404,000000,4.91788,4.91788,4.82331,4.82331,0,0
ABE_PE,D,20230405,000000,4.82331,4.82331,4.82331,4.82331,0,0
ABE_PE,D,20230406,000000,4.82331,4.82331,4.82331,4.82331,0,0
ABE_PE,D,20230411,000000,4.82331,4.91788,4.82331,4.91788,0,0
ABE_PE,D,20230412,000000,4.91788,4.91788,4.82331,4.82331,0,0
ABE_PE,D,20230413,000000,4.82331,4.91788,4.82331,4.91788,0,0
ABE_PE,D,20230414,000000,4.91788,4.91788,4.82331,4.82331,0,0
ABE_PE,D,20230417,000000,4.82331,5.01246,4.82331,5.01246,0,0
ABE_PE,D,20230418,000000,5.01246,5.10704,4.91788,4.91788,0,0
ABE_PE,D,20230419,000000,4.91788,5.01246,4.82331,4.91788,0,0
ABE_PE,D,20230420,000000,4.91788,4.91788,4.91788,4.91788,0,0
ABE_PE,D,20230421,000000,4.91788,4.91788,4.82331,4.82331,0,0
ABE_PE,D,20230424,000000,4.82331,4.82331,4.72874,4.72874,0,0
ABE_PE,D,20230425,000000,4.72874,4.82331,4.72874,4.82331,0,0
ABE_PE,D,20230426,000000,4.82331,4.91788,4.82331,4.82331,0,0
ABE_PE,D,20230427,000000,4.82331,4.82331,4.72874,4.72874,0,0
ABE_PE,D,20230428,000000,4.72874,4.82331,4.72874,4.82331,0,0
ABE_PE,D,20230502,000000,4.82331,4.91788,4.72874,4.82331,0,0
ABE_PE,D,20230504,000000,4.82331,4.82331,4.63416,4.82331,0,0
ABE_PE,D,20230505,000000,4.91788,4.91788,4.82331,4.82331,0,0
ABE_PE,D,20230508,000000,4.82331,4.82331,4.72874,4.82331,0,0
ABE_PE,D,20230509,000000,4.82331,4.82331,4.63416,4.63416,0,0
ABE_PE,D,20230510,000000,4.63416,4.63416,4.53959,4.53959,0,0
ABE_PE,D,20230511,000000,4.53959,4.53959,4.44502,4.53959,0,0
ABE_PE,D,20230512,000000,4.53959,4.53959,4.44502,4.44502,0,0
ABE_PE,D,20230515,000000,4.44502,4.53959,4.35044,4.35044,0,0
ABE_PE,D,20230516,000000,4.44502,4.44502,4.35044,4.44502,0,0
ABE_PE,D,20230517,000000,4.53959,4.53959,4.44502,4.44502,0,0
ABE_PE,D,20230518,000000,4.44502,4.53959,4.44502,4.44502,0,0
ABE_PE,D,20230519,000000,4.44502,4.44502,4.35044,4.44502,0,0
ABE_PE,D,20230522,000000,4.44502,4.53959,4.44502,4.44502,0,0
ABE_PE,D,20230523,000000,4.44502,4.53959,4.44502,4.53959,0,0
ABE_PE,D,20230524,000000,4.53959,4.63416,4.53959,4.53959,0,0
ABE_PE,D,20230525,000000,4.53959,4.63416,4.53959,4.63416,0,0
ABE_PE,D,20230526,000000,4.72874,4.82331,4.63416,4.63416,0,0
ABE_PE,D,20230529,000000,4.63416,4.82331,4.53959,4.82331,0,0
ABE_PE,D,20230530,000000,4.82331,4.91788,4.72874,4.72874,0,0
ABE_PE,D,20230531,000000,4.72874,4.72874,4.53959,4.53959,0,0
ABE_PE,D,20230601,000000,4.63416,4.63416,4.53959,4.63416,0,0
ABE_PE,D,20230602,000000,4.63416,4.82331,4.63416,4.72874,0,0
ABE_PE,D,20230605,000000,4.82331,4.91788,4.72874,4.82331,0,0
ABE_PE,D,20230606,000000,4.82331,5.01246,4.82331,5.01246,0,0
ABE_PE,D,20230607,000000,5.01246,5.20162,4.91788,5.10704,0,0
ABE_PE,D,20230609,000000,5.10704,5.20162,5.10704,5.20162,0,0
ABE_PE,D,20230612,000000,5.20162,5.20162,5.01246,5.10704,0,0
ABE_PE,D,20230613,000000,5.10704,5.20162,5.10704,5.10704,0,0
ABE_PE,D,20230614,000000,5.10704,5.10704,5.10704,5.10704,0,0
ABE_PE,D,20230615,000000,5.10704,5.10704,5.10704,5.10704,0,0
ABE_PE,D,20230616,000000,5.10704,5.29619,5.10704,5.20162,0,0
ABE_PE,D,20230619,000000,5.20162,5.67448,5.20162,5.48534,0,0
ABE_PE,D,20230620,000000,5.48534,5.57991,5.48534,5.48534,0,0
ABE_PE,D,20230621,000000,5.48534,5.67448,5.48534,5.67448,0,0
ABE_PE,D,20230622,000000,5.67448,5.67448,5.67448,5.67448,0,0
ABE_PE,D,20230623,000000,5.67448,5.67448,5.57991,5.67448,0,0
ABE_PE,D,20230626,000000,5.67448,5.67448,5.57991,5.67448,0,0
ABE_PE,D,20230627,000000,5.67448,5.67448,5.57991,5.67448,0,0
ABE_PE,D,20230628,000000,5.67448,5.76906,5.57991,5.67448,0,0
ABE_PE,D,20230629,000000,5.67448,5.76906,5.67448,5.76906,0,0
ABE_PE,D,20230630,000000,5.76906,5.95821,5.76906,5.95821,0,0
ABE_PE,D,20230703,000000,6.05279,6.05279,5.86363,6.05279,0,0
ABE_PE,D,20230704,000000,6.05279,6.05279,5.95821,6.05279,0,0
ABE_PE,D,20230705,000000,6.05279,6.05279,5.95821,6.05279,0,0
ABE_PE,D,20230706,000000,6.05279,6.05279,5.67448,5.76906,0,0
ABE_PE,D,20230707,000000,5.76906,5.86363,5.76906,5.76906,0,0
ABE_PE,D,20230710,000000,5.76906,5.86363,5.76906,5.76906,0,0
ABE_PE,D,20230711,000000,5.76906,5.86363,5.67448,5.76906,0,0
ABE_PE,D,20230712,000000,5.76906,6.05279,5.76906,5.76906,0,0
ABE_PE,D,20230713,000000,5.76906,5.86363,5.76906,5.76906,0,0
ABE_PE,D,20230714,000000,5.86363,5.86363,5.48534,5.57991,0,0
ABE_PE,D,20230717,000000,5.57991,5.76906,5.57991,5.76906,0,0
ABE_PE,D,20230718,000000,5.76906,5.95821,5.67448,5.86363,0,0
ABE_PE,D,20230719,000000,5.86363,5.86363,5.76906,5.86363,0,0
ABE_PE,D,20230720,000000,5.86363,5.86363,5.76906,5.76906,0,0
ABE_PE,D,20230721,000000,5.76906,5.86363,5.76906,5.76906,0,0
ABE_PE,D,20230724,000000,5.67448,5.86363,5.67448,5.76906,0,0
ABE_PE,D,20230725,000000,5.76906,5.76906,5.67448,5.67448,0,0
ABE_PE,D,20230726,000000,5.67448,5.67448,5.57991,5.57991,0,0
ABE_PE,D,20230727,000000,5.57991,5.67448,5.57991,5.57991,0,0
ABE_PE,D,20230728,000000,5.57991,5.67448,5.57991,5.67448,0,0
ABE_PE,D,20230731,000000,5.67448,5.67448,5.48534,5.48534,0,0
ABE_PE,D,20230801,000000,5.48534,5.48534,5.39076,5.39076,0,0
ABE_PE,D,20230802,000000,5.39076,5.39076,5.10704,5.20162,0,0
ABE_PE,D,20230803,000000,5.20162,5.29619,5.20162,5.20162,0,0
ABE_PE,D,20230804,000000,5.48534,5.48534,5.33496,5.39076,0,0
ABE_PE,D,20230807,000000,5.42954,5.62058,5.42954,5.48534,0,0
ABE_PE,D,20230808,000000,5.52316,5.76906,5.52316,5.67448,0,0
ABE_PE,D,20230809,000000,5.71231,5.75015,5.59883,5.67448,0,0
ABE_PE,D,20230810,000000,5.71231,5.71231,5.63666,5.67448,0,0
ABE_PE,D,20230811,000000,5.73123,5.73123,5.65558,5.67448,0,0
ABE_PE,D,20230814,000000,5.71231,5.78892,5.65558,5.67448,0,0
ABE_PE,D,20230816,000000,5.71231,5.71231,5.36901,5.39076,0,0
ABE_PE,D,20230817,000000,5.40967,5.84472,5.40967,5.67448,0,0
ABE_PE,D,20230818,000000,5.75015,5.78798,5.59883,5.67448,0,0
ABE_PE,D,20230821,000000,5.67448,5.73123,5.59883,5.67448,0,0
ABE_PE,D,20230822,000000,5.75109,5.75109,5.67448,5.67448,0,0
ABE_PE,D,20230823,000000,5.6934,6.14736,5.63666,6.14736,0,0
ABE_PE,D,20230824,000000,6.26369,6.2826,5.97334,6.14736,0,0
ABE_PE,D,20230825,000000,6.03104,6.22491,6.03104,6.14736,0,0
ABE_PE,D,20230828,000000,6.12844,6.28354,6.12844,6.14736,0,0
ABE_PE,D,20230829,000000,6.16627,6.18614,6.14736,6.14736,0,0
ABE_PE,D,20230830,000000,6.20505,6.24194,6.14736,6.24194,0,0
ABE_PE,D,20230831,000000,6.24194,6.43581,6.24194,6.33651,0,0
ABE_PE,D,20230901,000000,6.31665,6.64766,6.31665,6.52566,0,0
ABE_PE,D,20230904,000000,6.60321,6.6817,6.52566,6.52566,0,0
ABE_PE,D,20230905,000000,6.52566,6.52566,6.42919,6.52566,0,0
ABE_PE,D,20230906,000000,6.52566,6.52566,6.35069,6.52566,0,0
ABE_PE,D,20230907,000000,6.52566,6.52566,6.33083,6.43108,0,0
ABE_PE,D,20230908,000000,6.35353,6.58713,6.31381,6.52566,0,0
ABE_PE,D,20230911,000000,6.52566,6.64198,6.52566,6.62023,0,0
ABE_PE,D,20230912,000000,6.62023,6.71765,6.54269,6.62023,0,0
ABE_PE,D,20230913,000000,6.62023,6.75642,6.54269,6.62023,0,0
ABE_PE,D,20230914,000000,6.63915,6.7167,6.50485,6.52566,0,0
ABE_PE,D,20230915,000000,6.48689,6.50674,6.33273,6.43108,0,0
ABE_PE,D,20230918,000000,6.43108,6.52755,6.41217,6.43108,0,0
ABE_PE,D,20230919,000000,6.46986,6.52566,6.41217,6.52566,0,0
ABE_PE,D,20230920,000000,6.52566,6.52566,6.43108,6.43108,0,0
ABE_PE,D,20230921,000000,6.43108,6.52566,6.39231,6.52566,0,0
ABE_PE,D,20230922,000000,6.52566,6.6817,6.50579,6.62023,0,0
ABE_PE,D,20230925,000000,6.69779,6.69779,6.58146,6.62023,0,0
ABE_PE,D,20230926,000000,6.60037,6.63915,6.43108,6.43108,0,0
ABE_PE,D,20230927,000000,6.43108,6.43108,6.27693,6.33651,0,0
ABE_PE,D,20230928,000000,6.29774,6.33651,6.05279,6.05279,0,0
ABE_PE,D,20230929,000000,6.01401,6.14925,5.95821,5.95821,0,0
ABE_PE,D,20231002,000000,5.95821,6.03482,5.82391,5.86363,0,0
ABE_PE,D,20231003,000000,5.86363,5.88255,5.82486,5.86363,0,0
ABE_PE,D,20231004,000000,5.84472,5.99888,5.80594,5.95821,0,0
ABE_PE,D,20231005,000000,5.91943,6.17195,5.91943,6.14736,0,0
ABE_PE,D,20231006,000000,6.18614,6.33651,6.18614,6.33651,0,0
ABE_PE,D,20231009,000000,6.31665,6.33651,6.21924,6.24194,0,0
ABE_PE,D,20231010,000000,6.28071,6.37812,6.28071,6.33651,0,0
ABE_PE,D,20231011,000000,6.31665,6.43392,6.2391,6.24194,0,0
ABE_PE,D,20231012,000000,6.24194,6.59186,6.24194,6.52566,0,0
ABE_PE,D,20231013,000000,6.52566,6.54458,6.19748,6.24194,0,0
ABE_PE,D,20231016,000000,6.24194,6.49444,6.24194,6.43108,0,0
ABE_PE,D,20231017,000000,6.41217,6.52566,6.37339,6.52566,0,0
ABE_PE,D,20231018,000000,6.50674,6.62212,6.46797,6.62023,0,0
ABE_PE,D,20231019,000000,6.50296,6.67887,6.50296,6.52566,0,0
ABE_PE,D,20231020,000000,6.52566,6.52566,6.27504,6.33651,0,0
ABE_PE,D,20231023,000000,6.33651,6.39515,6.31665,6.33651,0,0
ABE_PE,D,20231024,000000,6.35542,6.37528,6.1048,6.14736,0,0
ABE_PE,D,20231025,000000,6.10858,6.14736,5.91471,5.95821,0,0
ABE_PE,D,20231026,000000,5.95821,6.09345,5.88066,6.05279,0,0
ABE_PE,D,20231027,000000,6.11048,6.24194,6.11048,6.24194,0,0
ABE_PE,D,20231030,000000,6.20315,6.4935,6.20315,6.43108,0,0
ABE_PE,D,20231031,000000,6.39231,6.46986,6.33462,6.43108,0,0
ABE_PE,D,20231102,000000,6.43108,6.45,6.3157,6.33651,0,0
ABE_PE,D,20231103,000000,6.33651,6.47175,6.33651,6.43108,0,0
ABE_PE,D,20231106,000000,6.48972,6.48972,6.31476,6.43108,0,0
ABE_PE,D,20231107,000000,6.43108,6.43108,6.19843,6.24194,0,0
ABE_PE,D,20231108,000000,6.31948,6.51525,6.28071,6.33651,0,0
ABE_PE,D,20231109,000000,6.31759,6.3942,6.27882,6.33651,0,0
ABE_PE,D,20231110,000000,6.33651,6.45284,6.27882,6.33651,0,0
ABE_PE,D,20231113,000000,6.33651,6.33651,6.24194,6.24194,0,0
ABE_PE,D,20231114,000000,6.26085,6.35826,6.02915,6.14736,0,0
ABE_PE,D,20231115,000000,6.14736,6.14736,6.01117,6.05279,0,0
ABE_PE,D,20231116,000000,6.07264,6.16912,6.01401,6.14736,0,0
ABE_PE,D,20231117,000000,6.16722,6.18614,6.10858,6.14736,0,0
ABE_PE,D,20231120,000000,6.14736,6.14736,6.05089,6.05279,0,0
ABE_PE,D,20231121,000000,6.05279,6.14736,6.01401,6.14736,0,0
ABE_PE,D,20231122,000000,6.06981,6.08873,6.04994,6.05279,0,0
ABE_PE,D,20231123,000000,6.05279,6.05279,5.95821,5.95821,0,0
ABE_PE,D,20231124,000000,5.95821,6.07359,5.95821,6.05279,0,0
ABE_PE,D,20231127,000000,6.05279,6.09156,5.93552,5.95821,0,0
ABE_PE,D,20231128,000000,5.91943,5.99699,5.91943,5.95821,0,0
ABE_PE,D,20231129,000000,5.95821,6.03576,5.95821,5.95821,0,0
ABE_PE,D,20231130,000000,5.90052,6.0159,5.90052,5.95821,0,0
ABE_PE,D,20231201,000000,5.97712,6.05279,5.86174,6.05279,0,0
ABE_PE,D,20231204,000000,6.05279,6.11143,6.03293,6.05279,0,0
ABE_PE,D,20231205,000000,6.11143,6.11143,6.03293,6.05279,0,0
ABE_PE,D,20231206,000000,5.95632,6.03387,5.93646,5.95821,0,0
ABE_PE,D,20231207,000000,5.99699,6.07453,5.95821,5.95821,0,0
ABE_PE,D,20231208,000000,5.99699,6.05468,5.99699,6.05279,0,0
ABE_PE,D,20231211,000000,6.03387,6.14736,6.03387,6.14736,0,0
ABE_PE,D,20231212,000000,6.10858,6.206,6.05279,6.05279,0,0
ABE_PE,D,20231213,000000,6.05279,6.32233,6.05279,6.24194,0,0
ABE_PE,D,20231214,000000,6.22302,6.29963,6.16533,6.24194,0,0
ABE_PE,D,20231215,000000,6.26085,6.33651,6.24194,6.33651,0,0
ABE_PE,D,20231218,000000,6.25896,6.33651,6.16249,6.24194,0,0
ABE_PE,D,20231219,000000,6.16533,6.33651,6.16533,6.33651,0,0
ABE_PE,D,20231220,000000,6.45378,6.80938,6.45378,6.80938,0,0
ABE_PE,D,20231221,000000,6.80938,6.90869,6.80938,6.90395,0,0
ABE_PE,D,20231222,000000,6.94462,6.98434,6.86329,6.90395,0,0
ABE_PE,D,20231227,000000,7.02407,7.28415,7.02407,7.28226,0,0
ABE_PE,D,20231228,000000,7.28226,7.60286,7.28226,7.47141,0,0
ABE_PE,D,20231229,000000,7.47141,7.53193,7.45154,7.47141,0,0
ABE_PE,D,20240102,000000,7.47141,7.63124,7.37211,7.37683,0,0
ABE_PE,D,20240103,000000,7.41655,7.43641,7.17822,7.28226,0,0
ABE_PE,D,20240104,000000,7.20281,7.30212,7.18295,7.28226,0,0
ABE_PE,D,20240105,000000,7.34184,7.38156,7.12242,7.28226,0,0
ABE_PE,D,20240108,000000,7.182,7.26239,7.182,7.18768,0,0
ABE_PE,D,20240109,000000,7.26713,7.28793,7.16782,7.18768,0,0
ABE_PE,D,20240110,000000,7.26807,7.56787,7.26807,7.56598,0,0
ABE_PE,D,20240111,000000,7.56598,7.78634,7.56598,7.66055,0,0
ABE_PE,D,20240112,000000,7.72013,7.81944,7.70028,7.75513,0,0
ABE_PE,D,20240115,000000,7.75513,7.83552,7.66055,7.66055,0,0
ABE_PE,D,20240116,000000,7.60097,7.60097,7.28037,7.37683,0,0
ABE_PE,D,20240117,000000,7.41655,7.41655,7.11581,7.18768,0,0
ABE_PE,D,20240118,000000,7.10729,7.44871,7.10729,7.37683,0,0
ABE_PE,D,20240119,000000,7.35697,7.37683,7.25672,7.37683,0,0
ABE_PE,D,20240122,000000,7.37683,7.37683,7.23592,7.28226,0,0
ABE_PE,D,20240123,000000,7.182,7.18768,7.10257,7.18768,0,0
ABE_PE,D,20240124,000000,7.16782,7.28793,7.14701,7.28226,0,0
ABE_PE,D,20240125,000000,7.30212,7.30212,7.18768,7.18768,0,0
ABE_PE,D,20240126,000000,7.20754,7.28226,7.16782,7.28226,0,0
ABE_PE,D,20240129,000000,7.28226,7.28226,7.16215,7.18768,0,0
ABE_PE,D,20240130,000000,7.18768,7.24821,7.14701,7.18768,0,0
ABE_PE,D,20240131,000000,7.20754,7.28793,7.20754,7.28226,0,0
ABE_PE,D,20240201,000000,7.26239,7.36265,7.26239,7.28226,0,0
ABE_PE,D,20240202,000000,7.28226,7.32197,7.24253,7.28226,0,0
ABE_PE,D,20240205,000000,7.24253,7.28226,7.18768,7.18768,0,0
ABE_PE,D,20240206,000000,7.24726,7.28226,7.20754,7.28226,0,0
ABE_PE,D,20240207,000000,7.32197,7.32197,7.24253,7.28226,0,0
ABE_PE,D,20240208,000000,7.28226,7.44304,7.26239,7.28226,0,0
ABE_PE,D,20240209,000000,7.28226,7.34278,7.28226,7.28226,0,0
ABE_PE,D,20240212,000000,7.30212,7.30212,7.24253,7.28226,0,0
ABE_PE,D,20240213,000000,7.28226,7.30212,7.18768,7.18768,0,0
ABE_PE,D,20240214,000000,7.18768,7.28226,7.16782,7.28226,0,0
ABE_PE,D,20240215,000000,7.32292,7.34278,7.18768,7.18768,0,0
ABE_PE,D,20240216,000000,7.26713,7.28226,7.2274,7.28226,0,0
ABE_PE,D,20240219,000000,7.28226,7.68325,7.28226,7.66055,0,0
ABE_PE,D,20240220,000000,7.62084,7.6407,7.40047,7.47141,0,0
ABE_PE,D,20240221,000000,7.39102,7.47141,7.37683,7.37683,0,0
ABE_PE,D,20240222,000000,7.23686,7.75703,6.43108,6.43108,0,0
ABE_PE,D,20240223,000000,6.54836,6.74885,6.48121,6.62023,0,0
ABE_PE,D,20240226,000000,6.62023,6.71481,6.58713,6.71481,0,0
ABE_PE,D,20240227,000000,6.71481,6.78196,6.62023,6.62023,0,0
ABE_PE,D,20240228,000000,6.60321,6.68644,6.45473,6.62023,0,0
ABE_PE,D,20240229,000000,6.58713,6.67035,6.58713,6.62023,0,0
ABE_PE,D,20240301,000000,6.62023,6.7044,6.60321,6.62023,0,0
ABE_PE,D,20240304,000000,6.62023,6.62023,6.53701,6.53701,0,0
ABE_PE,D,20240305,000000,6.58713,6.71954,6.52093,6.62023,0,0
ABE_PE,D,20240306,000000,6.58713,6.66941,6.57011,6.62023,0,0
ABE_PE,D,20240307,000000,6.63726,6.63726,6.57011,6.62023,0,0
ABE_PE,D,20240308,000000,6.62023,6.63726,6.62023,6.62023,0,0
ABE_PE,D,20240311,000000,6.63632,6.63632,6.55403,6.62023,0,0
ABE_PE,D,20240312,000000,6.63726,6.68738,6.62023,6.62023,0,0
ABE_PE,D,20240313,000000,6.63726,6.67035,6.62023,6.62023,0,0
ABE_PE,D,20240314,000000,6.72251,7.01741,6.68856,6.79042,0,0
ABE_PE,D,20240315,000000,6.80788,7.0795,6.72251,7.0795,0,0
ABE_PE,D,20240318,000000,6.82437,6.90974,6.77296,6.79042,0,0
ABE_PE,D,20240319,000000,6.80788,6.98443,6.73901,6.98443,0,0
ABE_PE,D,20240320,000000,6.98443,7.08629,6.84862,7.08144,0,0
ABE_PE,D,20240321,000000,7.06398,7.11539,7.03002,7.08144,0,0
ABE_PE,D,20240322,000000,7.13285,7.13285,6.97861,7.08144,0,0
ABE_PE,D,20240325,000000,7.13285,7.1668,7.04749,7.08144,0,0
ABE_PE,D,20240326,000000,7.13188,7.17844,7.08144,7.17844,0,0
ABE_PE,D,20240327,000000,7.17844,7.34917,7.17844,7.27545,0,0
ABE_PE,D,20240328,000000,7.34432,7.44618,7.32686,7.37246,0,0
ABE_PE,D,20240402,000000,7.54222,7.76048,7.38895,7.76048,0,0
ABE_PE,D,20240403,000000,7.76048,7.95449,7.72653,7.95449,0,0
ABE_PE,D,20240404,000000,7.90308,8.05732,7.80025,7.95449,0,0
ABE_PE,D,20240405,000000,7.93703,8.02337,7.85166,7.95449,0,0
ABE_PE,D,20240408,000000,7.95449,7.95449,7.74981,7.85749,0,0
ABE_PE,D,20240409,000000,7.92539,7.9768,7.89144,7.95449,0,0
ABE_PE,D,20240410,000000,7.95449,8.51907,7.95449,8.24551,0,0
ABE_PE,D,20240411,000000,8.39975,8.39975,8.0059,8.0515,0,0
ABE_PE,D,20240412,000000,8.06896,8.13686,7.71004,7.76048,0,0
ABE_PE,D,20240415,000000,7.72653,7.72653,7.43454,7.56647,0,0
ABE_PE,D,20240416,000000,7.56647,7.56647,7.4811,7.56647,0,0
ABE_PE,D,20240417,000000,7.56647,7.63534,7.42872,7.56647,0,0
ABE_PE,D,20240418,000000,7.56647,7.68675,7.41126,7.66347,0,0
ABE_PE,D,20240419,000000,7.54319,7.90308,7.54319,7.85749,0,0
ABE_PE,D,20240422,000000,7.85749,7.89144,7.75563,7.85749,0,0
ABE_PE,D,20240423,000000,7.68675,7.77212,7.48207,7.76048,0,0
ABE_PE,D,20240424,000000,7.6237,7.67511,7.60721,7.66347,0,0
ABE_PE,D,20240425,000000,7.56162,7.57811,7.47625,7.56647,0,0
ABE_PE,D,20240426,000000,7.56647,7.60042,7.54901,7.56647,0,0
ABE_PE,D,20240429,000000,7.51505,7.56647,7.49856,7.56647,0,0
ABE_PE,D,20240430,000000,7.56647,7.58393,7.46946,7.46946,0,0
ABE_PE,D,20240502,000000,7.46946,7.57132,7.3676,7.53737,0,0
ABE_PE,D,20240506,000000,7.57132,7.72459,7.48692,7.66347,0,0
ABE_PE,D,20240507,000000,7.71489,7.95449,7.71489,7.95449,0,0
ABE_PE,D,20240508,000000,7.90308,8.05732,7.90308,7.95449,0,0
ABE_PE,D,20240509,000000,8.03986,8.07381,7.92054,8.0515,0,0
ABE_PE,D,20240510,000000,8.08545,8.17081,7.94867,8.0515,0,0
ABE_PE,D,20240513,000000,8.17178,8.29207,8.15432,8.24551,0,0
ABE_PE,D,20240514,000000,8.1776,8.34834,8.1776,8.34251,0,0
ABE_PE,D,20240515,000000,8.32505,8.53653,8.27461,8.53653,0,0
ABE_PE,D,20240516,000000,8.53653,8.63935,8.53653,8.63353,0,0
ABE_PE,D,20240517,000000,8.63353,8.76158,8.47929,8.73054,0,0
ABE_PE,D,20240520,000000,8.73054,8.73054,8.43273,8.53653,0,0
ABE_PE,D,20240521,000000,8.53653,8.62189,8.50257,8.53653,0,0
ABE_PE,D,20240522,000000,8.62189,8.79262,8.53653,8.53653,0,0
ABE_PE,D,20240523,000000,8.57921,8.83531,8.57921,8.82754,0,0
ABE_PE,D,20240524,000000,8.74218,8.82754,8.27946,8.34251,0,0
ABE_PE,D,20240527,000000,8.35998,8.49675,8.34251,8.43952,0,0
ABE_PE,D,20240528,000000,8.45698,8.56757,8.43952,8.43952,0,0
ABE_PE,D,20240529,000000,8.43952,8.43952,8.23484,8.24551,0,0
ABE_PE,D,20240531,000000,8.14268,8.14268,7.85263,7.85749,0,0
ABE_PE,D,20240603,000000,7.77212,7.95449,7.77212,7.95449,0,0
ABE_PE,D,20240604,000000,7.95449,8.16111,7.95449,8.0515,0,0
ABE_PE,D,20240605,000000,8.10291,9.60359,8.10291,9.60359,0,0
ABE_PE,D,20240606,000000,9.78208,10.0207,9.78208,9.89461,0,0
ABE_PE,D,20240607,000000,9.81507,10.0925,9.77626,10.0886,0,0
ABE_PE,D,20240610,000000,9.98968,10.1876,9.61426,10.1856,0,0
ABE_PE,D,20240611,000000,10.2846,10.2846,10.0867,10.1856,0,0
ABE_PE,D,20240612,000000,10.1856,10.2846,9.98774,10.2826,0,0
ABE_PE,D,20240613,000000,10.2826,10.2826,9.9858,9.99162,0,0
ABE_PE,D,20240614,000000,9.99162,10.0906,9.65501,9.99162,0,0
ABE_PE,D,20240617,000000,9.99162,10.1895,9.89267,10.1856,0,0
ABE_PE,D,20240618,000000,10.1856,10.1856,10.0867,10.0867,0,0
ABE_PE,D,20240619,000000,10.1362,10.6804,9.98774,10.6707,0,0
ABE_PE,D,20240620,000000,10.5222,10.5717,10.1769,10.1856,0,0
ABE_PE,D,20240621,000000,10.1856,10.1856,9.7976,9.7976,0,0
ABE_PE,D,20240624,000000,9.7976,9.90625,9.65986,9.89461,0,0
ABE_PE,D,20240625,000000,9.89461,10.2885,9.89461,10.2826,0,0
ABE_PE,D,20240626,000000,10.3321,10.3321,10.0353,10.0886,0,0
ABE_PE,D,20240627,000000,10.1381,10.1381,9.89073,10.0886,0,0
ABE_PE,D,20240628,000000,10.0886,10.3855,9.9402,10.3796,0,0
ABE_PE,D,20240701,000000,10.1323,10.1323,9.88491,9.99162,0,0
ABE_PE,D,20240702,000000,9.99162,10.0906,9.94214,9.99162,0,0
ABE_PE,D,20240703,000000,9.89267,10.0906,9.89267,9.99162,0,0
ABE_PE,D,20240704,000000,9.94214,10.2865,9.94214,10.2826,0,0
ABE_PE,D,20240705,000000,10.2332,10.2332,9.84029,9.99162,0,0
ABE_PE,D,20240708,000000,10.0411,10.0906,9.87327,9.89461,0,0
ABE_PE,D,20240709,000000,9.91401,10.1129,9.89461,9.99162,0,0
ABE_PE,D,20240710,000000,9.89267,10.0411,9.8335,9.89461,0,0
ABE_PE,D,20240711,000000,9.89461,9.99162,9.80634,9.99162,0,0
ABE_PE,D,20240712,000000,9.99162,10.14,9.39794,9.40958,0,0
ABE_PE,D,20240715,000000,9.5289,9.80537,9.46875,9.60359,0,0
ABE_PE,D,20240716,000000,9.60359,9.84126,9.60359,9.7976,0,0
ABE_PE,D,20240717,000000,9.7976,9.89461,9.7976,9.89461,0,0
ABE_PE,D,20240718,000000,9.94408,10.1856,9.75589,10.1856,0,0
ABE_PE,D,20240719,000000,9.84902,10.0372,9.81022,9.99162,0,0
ABE_PE,D,20240722,000000,9.74522,10.3796,9.74522,10.3796,0,0
ABE_PE,D,20240723,000000,10.3796,10.5775,10.1817,10.5737,0,0
ABE_PE,D,20240724,000000,10.4747,10.4747,10.1788,10.2826,0,0
ABE_PE,D,20240725,000000,10.1352,10.1847,9.93826,9.99162,0,0
ABE_PE,D,20240726,000000,9.99162,10.1391,9.7006,9.7006,0,0
ABE_PE,D,20240729,000000,9.6812,9.83835,9.64143,9.7006,0,0
ABE_PE,D,20240730,000000,9.6812,9.87812,9.6812,9.7976,0,0
ABE_PE,D,20240731,000000,9.7782,9.89655,9.7782,9.7976,0,0
ABE_PE,D,20240801,000000,9.89655,9.89655,9.63949,9.7976,0,0
ABE_PE,D,20240802,000000,9.69866,9.69866,9.40182,9.40958,0,0
ABE_PE,D,20240805,000000,9.25243,9.25243,8.3658,8.92455,0,0
ABE_PE,D,20240806,000000,8.94395,9.0429,8.92455,8.92455,0,0
ABE_PE,D,20240807,000000,9.0235,9.11856,8.86538,9.11856,0,0
ABE_PE,D,20240808,000000,9.01962,9.19811,8.92067,8.92455,0,0
ABE_PE,D,20240809,000000,8.92455,9.14281,8.92455,9.11856,0,0
ABE_PE,D,20240812,000000,9.13796,9.43674,9.05939,9.31257,0,0
ABE_PE,D,20240813,000000,9.31257,9.64822,9.2534,9.60359,0,0
ABE_PE,D,20240814,000000,9.60359,9.60359,9.30675,9.40958,0,0
ABE_PE,D,20240816,000000,9.40958,9.72679,9.40958,9.7006,0,0
ABE_PE,D,20240819,000000,9.52211,9.83932,9.44353,9.7976,0,0
ABE_PE,D,20240820,000000,9.7976,9.7976,9.60068,9.60359,0,0
ABE_PE,D,20240821,000000,9.66277,9.85969,9.60359,9.7976,0,0
ABE_PE,D,20240822,000000,9.81701,9.81701,9.40376,9.50659,0,0
ABE_PE,D,20240823,000000,9.50659,9.56576,9.16998,9.21557,0,0
ABE_PE,D,20240826,000000,9.31451,9.63269,9.21557,9.21557,0,0
ABE_PE,D,20240827,000000,9.21557,9.29511,8.9779,9.02156,0,0
ABE_PE,D,20240828,000000,9.1205,9.1205,9.00216,9.02156,0,0
ABE_PE,D,20240829,000000,9.00216,9.26019,8.82269,9.21557,0,0
ABE_PE,D,20240830,000000,9.23497,9.7006,9.11662,9.7006,0,0
ABE_PE,D,20240902,000000,9.32325,9.58128,9.32325,9.46293,0,0
ABE_PE,D,20240903,000000,9.52211,9.7006,9.30384,9.31257,0,0
ABE_PE,D,20240904,000000,9.33295,9.35235,9.21557,9.21557,0,0
ABE_PE,D,20240905,000000,9.19617,9.29511,9.1564,9.21557,0,0
ABE_PE,D,20240906,000000,9.1952,9.23497,9.02156,9.02156,0,0
ABE_PE,D,20240909,000000,9.1011,9.17968,8.80426,8.82754,0,0
ABE_PE,D,20240910,000000,8.80814,9.02641,8.73054,8.73054,0,0
ABE_PE,D,20240911,000000,8.63159,8.81008,8.61219,8.63353,0,0
ABE_PE,D,20240912,000000,8.63353,8.65293,8.43467,8.43952,0,0
ABE_PE,D,20240913,000000,8.49869,8.73054,8.43952,8.73054,0,0
ABE_PE,D,20240916,000000,8.71017,8.79068,8.63062,8.73054,0,0
ABE_PE,D,20240917,000000,8.73054,8.9294,8.73054,8.92455,0,0
ABE_PE,D,20240918,000000,8.78583,9.02156,8.78583,9.02156,0,0
ABE_PE,D,20240919,000000,9.02156,9.44062,9.02156,9.40958,0,0
ABE_PE,D,20240920,000000,9.40958,9.62881,9.25049,9.60359,0,0
ABE_PE,D,20240923,000000,9.60359,9.72291,9.28638,9.60359,0,0
ABE_PE,D,20240924,000000,9.72291,9.89461,9.64337,9.89461,0,0
ABE_PE,D,20240925,000000,9.89461,9.95475,9.89461,9.89461,0,0
ABE_PE,D,20240926,000000,9.89461,10.1536,9.89461,9.99162,0,0
ABE_PE,D,20240927,000000,9.89364,9.99162,9.58031,9.99162,0,0
ABE_PE,D,20240930,000000,9.99162,9.99162,9.81313,9.99162,0,0
ABE_PE,D,20241001,000000,10.2885,10.2885,9.51726,9.7006,0,0
ABE_PE,D,20241002,000000,9.79954,9.93923,9.74037,9.89461,0,0
ABE_PE,D,20241003,000000,9.89461,9.89461,9.71612,9.7976,0,0
ABE_PE,D,20241004,000000,9.7782,9.7976,9.61911,9.7006,0,0
ABE_PE,D,20241007,000000,9.72,9.75977,9.44256,9.60359,0,0
ABE_PE,D,20241008,000000,9.50368,9.60359,9.50368,9.60359,0,0
ABE_PE,D,20241009,000000,9.64337,9.98289,9.62396,9.89461,0,0
ABE_PE,D,20241010,000000,9.95475,10.0537,9.77529,9.89461,0,0
ABE_PE,D,20241011,000000,9.87424,9.95475,9.85484,9.89461,0,0
ABE_PE,D,20241014,000000,9.89461,9.95475,9.57546,9.60359,0,0
ABE_PE,D,20241015,000000,9.60359,9.80246,9.60359,9.7976,0,0
ABE_PE,D,20241016,000000,9.7976,9.81701,9.65889,9.7006,0,0
ABE_PE,D,20241017,000000,9.72097,9.78014,9.20296,9.31257,0,0
ABE_PE,D,20241018,000000,9.45226,9.55121,9.35235,9.50659,0,0
ABE_PE,D,20241021,000000,9.54636,10.2826,9.26795,10.2826,0,0
ABE_PE,D,20241022,000000,10.1827,10.1827,9.50659,9.50659,0,0
ABE_PE,D,20241023,000000,9.50659,9.60553,9.44741,9.60359,0,0
ABE_PE,D,20241024,000000,9.66374,9.72291,9.21557,9.21557,0,0
ABE_PE,D,20241025,000000,9.25534,9.51241,9.1758,9.21557,0,0
ABE_PE,D,20241028,000000,9.19617,9.53278,9.1564,9.21557,0,0
ABE_PE,D,20241029,000000,9.21557,9.31549,8.82754,8.82754,0,0
ABE_PE,D,20241030,000000,8.88672,9.02641,8.748,8.82754,0,0
ABE_PE,D,20241031,000000,8.82754,9.12535,8.748,9.02156,0,0
ABE_PE,D,20241104,000000,9.02156,9.06133,8.70532,8.73054,0,0
ABE_PE,D,20241105,000000,8.61122,8.73054,8.53168,8.73054,0,0
ABE_PE,D,20241106,000000,8.65099,9.07006,8.65099,9.02156,0,0
ABE_PE,D,20241107,000000,9.0817,9.40085,9.0817,9.21557,0,0
ABE_PE,D,20241108,000000,8.95656,8.95656,8.73054,8.73054,0,0
ABE_PE,D,20241112,000000,8.67137,8.69077,8.55205,8.63353,0,0
ABE_PE,D,20241113,000000,8.63353,8.85277,8.63353,8.73054,0,0
ABE_PE,D,20241114,000000,8.73054,8.73054,8.53168,8.73054,0,0
ABE_PE,D,20241115,000000,8.63062,8.85083,8.63062,8.63353,0,0
ABE_PE,D,20241118,000000,8.63353,8.95268,8.63353,8.92455,0,0
ABE_PE,D,20241119,000000,8.92455,9.14281,8.92455,9.02156,0,0
ABE_PE,D,20241120,000000,9.1011,9.1011,8.86247,8.92455,0,0
ABE_PE,D,20241121,000000,9.0235,9.26213,8.98372,9.02156,0,0
ABE_PE,D,20241122,000000,9.20005,9.23885,9.08073,9.11856,0,0
ABE_PE,D,20241125,000000,9.03902,9.21751,9.03902,9.11856,0,0
ABE_PE,D,20241126,000000,9.05939,9.11856,8.99925,9.02156,0,0
ABE_PE,D,20241127,000000,9.1205,9.1205,8.88284,8.92455,0,0
ABE_PE,D,20241128,000000,8.88478,9.0041,8.82754,8.82754,0,0
ABE_PE,D,20241129,000000,8.82754,8.88672,8.82754,8.82754,0,0
ABE_PE,D,20241202,000000,8.92649,9.02641,8.90709,8.92455,0,0
ABE_PE,D,20241203,000000,9.0041,9.0041,8.90515,8.92455,0,0
ABE_PE,D,20241204,000000,9.0235,9.10304,8.92455,9.02156,0,0
ABE_PE,D,20241205,000000,9.27959,9.27959,8.86344,8.92455,0,0
ABE_PE,D,20241206,000000,8.94492,9.18453,8.92455,9.11856,0,0
ABE_PE,D,20241209,000000,9.15834,9.39697,9.15834,9.31257,0,0
ABE_PE,D,20241210,000000,9.31257,9.50659,9.31257,9.50659,0,0
ABE_PE,D,20241211,000000,9.54636,9.56673,9.28735,9.31257,0,0
ABE_PE,D,20241212,000000,9.33295,9.35235,9.13408,9.21557,0,0
ABE_PE,D,20241213,000000,9.27571,9.27571,8.97693,9.11856,0,0
ABE_PE,D,20241216,000000,9.13893,9.13893,8.82754,8.82754,0,0
ABE_PE,D,20241217,000000,8.86732,8.90709,8.7092,8.82754,0,0
ABE_PE,D,20241218,000000,8.78777,9.00604,8.78777,8.82754,0,0
ABE_PE,D,20241219,000000,8.82754,9.48234,8.78777,9.40958,0,0
ABE_PE,D,20241220,000000,9.48913,9.5289,9.25049,9.40958,0,0
ABE_PE,D,20241223,000000,9.42898,9.7006,9.36981,9.7006,0,0
ABE_PE,D,20241227,000000,9.72,9.81992,9.72,9.7976,0,0
ABE_PE,D,20241230,000000,9.77723,9.7976,9.65792,9.7006,0,0
ABE_PE,D,20250102,000000,9.58128,9.78014,9.58128,9.7006,0,0
ABE_PE,D,20250103,000000,9.7006,9.72,9.64143,9.7006,0,0
ABE_PE,D,20250107,000000,9.80051,9.80051,8.82754,8.82754,0,0
ABE_PE,D,20250108,000000,8.79165,8.82754,8.63353,8.63353,0,0
ABE_PE,D,20250109,000000,8.75964,8.9391,8.74121,8.82754,0,0
ABE_PE,D,20250110,000000,8.82754,9.27765,8.82754,9.21557,0,0
ABE_PE,D,20250113,000000,9.26019,9.84514,9.21557,9.31257,0,0
ABE_PE,D,20250114,000000,9.40182,9.80537,9.40182,9.7006,0,0
ABE_PE,D,20250115,000000,9.79081,9.99162,9.56576,9.99162,0,0
ABE_PE,D,20250116,000000,10.0818,10.0818,9.58613,9.89461,0,0
ABE_PE,D,20250117,000000,9.89461,10.1197,9.57934,9.99162,0,0
ABE_PE,D,20250120,000000,9.99162,10.172,9.85678,10.0886,0,0
ABE_PE,D,20250121,000000,10.0886,10.1856,10.044,10.1856,0,0
ABE_PE,D,20250122,000000,10.1856,10.1856,9.99162,9.99162,0,0
ABE_PE,D,20250123,000000,9.99162,10.0818,9.81119,9.89461,0,0
ABE_PE,D,20250124,000000,9.89461,10.0886,9.84999,10.0886,0,0
ABE_PE,D,20250127,000000,9.99841,9.99841,9.72873,9.7976,0,0
ABE_PE,D,20250128,000000,9.70739,9.97707,9.70739,9.7976,0,0
ABE_PE,D,20250129,000000,9.84223,9.84223,9.66277,9.7976,0,0
ABE_PE,D,20250130,000000,9.7976,9.7976,9.34847,9.60359,0,0
ABE_PE,D,20250131,000000,9.64822,9.99162,9.51338,9.99162,0,0
ABE_PE,D,20250203,000000,9.9014,9.94699,9.63172,9.89461,0,0
ABE_PE,D,20250204,000000,9.89461,9.99162,9.71515,9.99162,0,0
ABE_PE,D,20250205,000000,10.0362,10.0362,9.90237,9.99162,0,0
ABE_PE,D,20250206,000000,9.94699,9.94699,9.76656,9.89461,0,0
ABE_PE,D,20250207,000000,9.75977,9.89461,9.62493,9.89461,0,0
ABE_PE,D,20250210,000000,9.98386,9.98386,9.58128,9.89461,0,0
ABE_PE,D,20250211,000000,9.93923,9.93923,9.71515,9.7976,0,0
ABE_PE,D,20250212,000000,9.66277,9.7976,9.39309,9.7006,0,0
ABE_PE,D,20250213,000000,9.61038,9.65598,9.3863,9.40958,0,0
ABE_PE,D,20250214,000000,9.40958,9.4998,9.09431,9.21557,0,0
ABE_PE,D,20250217,000000,9.21557,9.21557,8.91873,9.02156,0,0
ABE_PE,D,20250218,000000,9.11177,9.38242,9.11177,9.31257,0,0
ABE_PE,D,20250219,000000,9.3572,9.53666,9.31257,9.40958,0,0
ABE_PE,D,20250220,000000,9.40958,9.72291,9.40958,9.7006,0,0
ABE_PE,D,20250221,000000,9.7006,9.74522,9.47651,9.50659,0,0
ABE_PE,D,20250224,000000,9.73164,9.73164,9.14572,9.21557,0,0
ABE_PE,D,20250225,000000,9.26019,9.39503,9.12535,9.21557,0,0
ABE_PE,D,20250226,000000,9.34944,9.34944,8.85762,9.21557,0,0
ABE_PE,D,20250227,000000,9.35235,9.48913,9.21557,9.40958,0,0
ABE_PE,D,20250228,000000,9.22721,9.60359,9.09916,9.60359,0,0
ABE_PE,D,20250303,000000,9.37466,9.78693,9.37466,9.60359,0,0
ABE_PE,D,20250304,000000,9.60359,9.60359,9.02156,9.02156,0,0
ABE_PE,D,20250305,000000,9.1952,9.40958,9.1952,9.40958,0,0
ABE_PE,D,20250306,000000,9.36399,9.54636,9.3184,9.40958,0,0
ABE_PE,D,20250307,000000,9.45517,9.45517,9.0914,9.31257,0,0
ABE_PE,D,20250310,000000,9.45032,9.45032,9.17483,9.31257,0,0
ABE_PE,D,20250311,000000,9.40473,9.58807,9.11856,9.11856,0,0
ABE_PE,D,20250312,000000,9.16416,9.40958,9.16416,9.40958,0,0
ABE_PE,D,20250313,000000,9.3184,9.40958,9.18162,9.40958,0,0
ABE_PE,D,20250314,000000,9.50077,9.68314,9.45517,9.60359,0,0
ABE_PE,D,20250317,000000,9.60359,10.0149,9.60359,9.99162,0,0
ABE_PE,D,20250318,000000,10.0372,10.0372,9.76365,9.89461,0,0
ABE_PE,D,20250319,000000,9.75686,9.9402,9.52793,9.89461,0,0
ABE_PE,D,20250320,000000,9.89461,9.9402,9.62008,9.7976,0,0
ABE_PE,D,20250321,000000,9.75201,9.99162,9.25049,9.99162,0,0
ABE_PE,D,20250324,000000,9.99162,10.0838,9.76268,9.89461,0,0
ABE_PE,D,20250325,000000,10.0324,10.078,9.84902,9.99162,0,0
ABE_PE,D,20250326,000000,9.85484,9.94602,9.7006,9.7006,0,0
ABE_PE,D,20250327,000000,9.83738,9.99162,9.56382,9.99162,0,0
ABE_PE,D,20250328,000000,9.99162,9.99162,9.58128,9.99162,0,0
ABE_PE,D,20250331,000000,9.94602,10.2196,9.67247,10.1856,0,0
ABE_PE,D,20250401,000000,9.85775,10.076,9.80343,9.89461,0,0
ABE_PE,D,20250402,000000,9.9499,9.9499,9.87618,9.89461,0,0
ABE_PE,D,20250403,000000,9.89461,9.89461,9.41831,9.4736,0,0
ABE_PE,D,20250404,000000,9.4736,9.49107,9.11856,9.11856,0,0
ABE_PE,D,20250407,000000,8.945,9.603,8.568,9.526,0,0
ABE_PE,D,20250408,000000,10.154,10.154,9.4,9.4,0,0
ABE_PE,D,20250409,000000,9.306,9.532,9.183,9.2,0,0
ABE_PE,D,20250410,000000,9.539,9.709,9.332,9.417,0,0
ABE_PE,D,20250411,000000,9.426,9.426,9.172,9.2,0,0
ABE_PE,D,20250414,000000,9.228,9.399,9.2,9.2,0,0
ABE_PE,D,20250415,000000,9.266,9.332,9,9,0,0
ABE_PE,D,20250416,000000,9.094,9.094,8.906,9,0,0
ABE_PE,D,20250417,000000,9.037,9.206,8.972,9.2,0,0
ABE_PE,D,20250422,000000,9.247,9.247,9.031,9.1,0,0
ABE_PE,D,20250423,000000,9.091,9.213,9.091,9.1,0,0
ABE_PE,D,20250424,000000,9.157,9.401,9.072,9.4,0,0
ABE_PE,D,20250425,000000,9.174,9.268,9.174,9.2,0,0
ABE_PE,D,20250428,000000,9.2,9.426,9.2,9.4,0,0
ABE_PE,D,20250429,000000,9.4,9.7,9.362,9.7,0,0
ABE_PE,D,20250430,000000,9.7,9.7,9.512,9.6,0,0
ABE_PE,D,20250502,000000,9.6,9.7,9.525,9.7,0,0
ABE_PE,D,20250505,000000,9.719,9.719,9.106,9.2,0,0
ABE_PE,D,20250506,000000,9.238,9.238,9.1,9.1,0,0
ABE_PE,D,20250507,000000,9.138,9.2,9.109,9.2,0,0
ABE_PE,D,20250508,000000,9.172,9.2,9.077,9.2,0,0
ABE_PE,D,20250509,000000,9.181,9.323,9.181,9.2,0,0
ABE_PE,D,20250512,000000,9.219,9.4,9.219,9.4,0,0
ABE_PE,D,20250513,000000,9.325,9.475,9.24,9.4,0,0
ABE_PE,D,20250514,000000,9.438,9.494,9.297,9.4,0,0
ABE_PE,D,20250515,000000,9.4,9.419,9.3,9.3,0,0
ABE_PE,D,20250516,000000,9.3,9.4,9.234,9.4,0,0
ABE_PE,D,20250519,000000,9.4,9.4,9.287,9.4,0,0
ABE_PE,D,20250520,000000,9.475,9.475,9.334,9.4,0,0
ABE_PE,D,20250521,000000,9.391,9.391,9.202,9.258,0,0
ABE_PE,D,20250522,000000,9.315,9.343,9.2,9.2,0,0
ABE_PE,D,20250523,000000,9.209,9.209,9.031,9.2,0,0
ABE_PE,D,20250526,000000,9.266,9.407,9.219,9.4,0,0
ABE_PE,D,20250527,000000,9.419,9.419,9.287,9.4,0,0
ABE_PE,D,20250528,000000,9.4,9.4,9.212,9.4,0,0
ABE_PE,D,20250529,000000,9.306,9.362,9.1,9.1,0,0
ABE_PE,D,20250530,000000,9.1,9.3,9.1,9.3,0,0
ABE_PE,D,20250602,000000,9.291,9.3,9.159,9.3,0,0
ABE_PE,D,20250603,000000,9.309,9.309,9.1,9.1,0,0
ABE_PE,D,20250604,000000,9.109,9.109,9.016,9.1,0,0
ABE_PE,D,20250605,000000,9.062,9.157,9.062,9.1,0,0
ABE_PE,D,20250606,000000,9.044,9.2,9.025,9.2,0,0
ABE_PE,D,20250609,000000,9.296,9.296,9.2,9.2,0,0
ABE_PE,D,20250610,000000,9.2,9.3,9.143,9.3,0,0
ABE_PE,D,20250611,000000,9.29,9.29,9.2,9.2,0,0
ABE_PE,D,20250612,000000,9.219,9.219,9.133,9.2,0,0
ABE_PE,D,20250613,000000,9.066,9.2,9.066,9.1,0,0
ABE_PE,D,20250616,000000,9.09,9.177,9,9,0,0
ABE_PE,D,20250617,000000,9,9.048,8.895,9,0,0
ABE_PE,D,20250618,000000,8.99,9.3,8.895,9.3,0,0
ABE_PE,D,20250620,000000,9.3,9.3,8.8,8.8,0,0
ABE_PE,D,20250623,000000,8.705,8.895,8.657,8.7,0,0
ABE_PE,D,20250624,000000,8.719,9.11,8.719,9.1,0,0
ABE_PE,D,20250625,000000,9.148,9.387,9.119,9.3,0,0
ABE_PE,D,20250626,000000,9.48,9.5,9.3,9.5,0,0
ABE_PE,D,20250627,000000,9.519,9.519,9.366,9.4,0,0
ABE_PE,D,20250630,000000,9.4,9.457,9.2,9.2,0,0
ABE_PE,D,20250701,000000,9.209,9.209,9.172,9.2,0,0
ABE_PE,D,20250702,000000,9.219,9.3,9.219,9.3,0,0
ABE_PE,D,20250703,000000,9.3,9.348,9.2,9.2,0,0
ABE_PE,D,20250704,000000,9.2,9.305,9.2,9.2,0,0
ABE_PE,D,20250707,000000,9.295,9.476,9.229,9.3,0,0
ABE_PE,D,20250708,000000,9.338,9.452,9.253,9.3,0,0
ABE_PE,D,20250709,000000,9.405,9.481,9.367,9.4,0,0
ABE_PE,D,20250710,000000,9.457,9.457,9.314,9.4,0,0
ABE_PE,D,20250711,000000,9.352,9.486,9.3,9.3,0,0
ABE_PE,D,20250714,000000,9.347,9.357,9.167,9.2,0,0
ABE_PE,D,20250715,000000,9.276,9.276,9.143,9.2,0,0
ABE_PE,D,20250716,000000,9.238,9.238,9.162,9.2,0,0
ABE_PE,D,20250717,000000,9.2,9.229,9.19,9.2,0,0
ABE_PE,D,20250718,000000,9.209,9.248,9.152,9.2,0,0
ABE_PE,D,20250721,000000,9.19,9.276,9.19,9.2,0,0
ABE_PE,D,20250722,000000,9.2,9.3,9.181,9.3,0,0
ABE_PE,D,20250723,000000,9.3,9.395,9.2,9.2,0,0
ABE_PE,D,20250724,000000,9.181,9.371,9.181,9.3,0,0
ABE_PE,D,20250725,000000,9.252,9.348,9.176,9.2,0,0
ABE_PE,D,20250728,000000,9.2,9.229,9.037,9.1,0,0
ABE_PE,D,20250729,000000,9.033,9.186,9,9,0,0
ABE_PE,D,20250730,000000,9,9.105,8.99,9,0,0
ABE_PE,D,20250731,000000,8.962,9.048,8.838,9,0,0
ABE_PE,D,20250801,000000,8.981,9,8.8,8.8,0,0
ABE_PE,D,20250804,000000,8.81,9,8.81,9,0,0
ABE_PE,D,20250805,000000,9.124,9.248,9.076,9.1,0,0
ABE_PE,D,20250806,000000,9.224,9.253,9.11,9.2,0,0
ABE_PE,D,20250807,000000,9.2,9.2,9.077,9.2,0,0
ABE_PE,D,20250808,000000,9.2,9.2,9.105,9.2,0,0
ABE_PE,D,20250811,000000,9.162,9.2,9.039,9.2,0,0
ABE_PE,D,20250812,000000,9.2,9.2,9.124,9.2,0,0
ABE_PE,D,20250813,000000,9.2,9.219,9.114,9.2,0,0
ABE_PE,D,20250814,000000,9.143,9.171,9.057,9.1,0,0
ABE_PE,D,20250818,000000,9.034,9.109,8.958,9,0,0
ABE_PE,D,20250819,000000,9,9,8.8,8.8,0,0
ABE_PE,D,20250820,000000,8.8,8.885,8.743,8.8,0,0
ABE_PE,D,20250821,000000,8.905,9.019,8.895,9,0,0
ABE_PE,D,20250822,000000,9,9.038,8.933,9,0,0
ABE_PE,D,20250825,000000,9,9.182,8.971,9,0,0
ABE_PE,D,20250826,000000,9.114,9.153,8.981,9.1,0,0
ABE_PE,D,20250827,000000,9.1,9.119,8.957,9,0,0
ABE_PE,D,20250828,000000,9.028,9.3,8.915,9.3,0,0
ABE_PE,D,20250829,000000,9.319,9.499,9.252,9.3,0,0
ABE_PE,D,20250901,000000,9.3,9.505,9.197,9.4,0,0
ABE_PE,D,20250902,000000,9.4,9.72,9.4,9.7,0,0
ABE_PE,D,20250903,000000,9.869,10.151,9.869,10.1,0,0
ABE_PE,D,20250904,000000,10.1,10.343,9.745,9.9,0,0
ABE_PE,D,20250905,000000,9.844,9.844,9.582,9.8,0,0
ABE_PE,D,20250908,000000,9.781,9.8,9.669,9.7,0,0
ABE_PE,D,20250909,000000,9.7,9.924,9.7,9.8,0,0
ABE_PE,D,20250910,000000,9.8,9.8,9.408,9.5,0,0
ABE_PE,D,20250911,000000,8.635,9.105,8.503,9,0,0
ABE_PE,D,20250912,000000,9.037,9.131,8.804,8.9,0,0
ABE_PE,D,20250915,000000,8.975,9.22,8.9,8.9,0,0
ABE_PE,D,20250916,000000,8.9,8.956,8.779,8.8,0,0
ABE_PE,D,20250917,000000,8.847,8.903,8.791,8.9,0,0
ABE_PE,D,20250918,000000,8.9,8.919,8.834,8.9,0,0
ABE_PE,D,20250919,000000,8.928,9.135,8.8,8.8,0,0
ABE_PE,D,20250922,000000,8.856,9,8.856,9,0,0
ABE_PE,D,20250923,000000,9,9.1,9,9.1,0,0
ABE_PE,D,20250924,000000,9.109,9.194,8.9,8.9,0,0
ABE_PE,D,20250925,000000,8.956,9.189,8.956,9,0,0
ABE_PE,D,20250926,000000,9,9.216,9,9.1,0,0
ABE_PE,D,20250929,000000,9.203,9.344,9.147,9.3,0,0
ABE_PE,D,20250930,000000,9.366,9.385,9.1,9.1,0,0
ABE_PE,D,20251001,000000,9.044,9.184,9.034,9.1,0,0
ABE_PE,D,20251002,000000,9.25,9.344,9.213,9.3,0,0
ABE_PE,D,20251003,000000,9.328,9.45,9.132,9.2,0,0
ABE_PE,D,20251006,000000,9.266,9.341,9.2,9.2,0,0
ABE_PE,D,20251007,000000,9.2,9.247,9.125,9.2,0,0
ABE_PE,D,20251008,000000,9.238,9.238,9.181,9.2,0,0
ABE_PE,D,20251009,000000,9.238,9.238,9.1,9.1,0,0
ABE_PE,D,20251010,000000,9.184,9.221,9.147,9.2,0,0
ABE_PE,D,20251013,000000,9.153,9.2,9.135,9.2,0,0
ABE_PE,D,20251014,000000,9.247,9.247,8.798,9,0,0
ABE_PE,D,20251015,000000,9.037,9.281,9.037,9.2,0,0
ABE_PE,D,20251016,000000,9.172,9.2,9.078,9.1,0,0
ABE_PE,D,20251017,000000,9.175,9.175,8.969,9,0,0
ABE_PE,D,20251020,000000,8.981,9.122,8.934,9.1,0,0
ABE_PE,D,20251021,000000,9.138,9.184,9.025,9.1,0,0
ABE_PE,D,20251022,000000,9.128,9.128,9.053,9.1,0,0
ABE_PE,D,20251023,000000,9.128,9.147,9.016,9.1,0,0
ABE_PE,D,20251024,000000,9.1,9.203,9.081,9.2,0,0
ABE_PE,D,20251027,000000,9.238,9.256,9.162,9.2,0,0
ABE_PE,D,20251028,000000,9.266,9.266,9.031,9.1,0,0
ABE_PE,D,20251029,000000,9.232,9.232,9.128,9.2,0,0
ABE_PE,D,20251030,000000,9.228,9.247,9.049,9.1,0,0
ABE_PE,D,20251031,000000,9.156,9.184,9.072,9.138,0,0
ABE_PE,D,20251103,000000,9.156,9.241,8.922,9,0,0
ABE_PE,D,20251104,000000,9.075,9.131,8.887,9,0,0
ABE_PE,D,20251105,000000,9.066,9.103,9,9,0,0
ABE_PE,D,20251106,000000,9,9.093,8.935,9,0,0
ABE_PE,D,20251107,000000,9.009,9.094,9,9,0,0
ABE_PE,D,20251110,000000,9.028,9.047,8.972,9,0,0
ABE_PE,D,20251112,000000,9.084,9.084,8.963,9,0,0
ABE_PE,D,20251113,000000,9.056,9.056,8.935,9,0,0
ABE_PE,D,20251114,000000,8.981,9.028,8.944,9,0,0
ABE_PE,D,20251117,000000,9.056,9.122,8.963,9,0,0
ABE_PE,D,20251118,000000,9.009,9.103,8.981,9,0,0
ABE_PE,D,20251119,000000,9.085,9.169,8.934,9,0,0
ABE_PE,D,20251120,000000,9.075,9.084,9,9,0,0
ABE_PE,D,20251121,000000,8.981,8.991,8.9,8.9,0,0
ABE_PE,D,20251124,000000,8.937,8.947,8.807,8.9,0,0
ABE_PE,D,20251125,000000,8.9,8.919,8.76,8.8,0,0
ABE_PE,D,20251126,000000,8.809,8.931,8.809,8.9,0,0
ABE_PE,D,20251127,000000,8.919,9.012,8.9,9,0,0
ABE_PE,D,20251128,000000,8.953,9.047,8.887,9,0,0
ABE_PE,D,20251201,000000,9.047,9.197,9.019,9.1,0,0
ABE_PE,D,20251202,000000,9.147,9.147,8.904,9.1,0,0
ABE_PE,D,20251203,000000,8.978,9.128,8.978,9.1,0,0
ABE_PE,D,20251204,000000,9.138,9.138,9.044,9.1,0,0
ABE_PE,D,20251205,000000,9.109,9.147,9.081,9.1,0,0
ABE_PE,D,20251208,000000,9.119,9.128,9.053,9.1,0,0
ABE_PE,D,20251209,000000,9.119,9.128,8.997,9.1,0,0
ABE_PE,D,20251210,000000,9.119,9.147,9.063,9.1,0,0
ABE_PE,D,20251211,000000,9.109,9.4,9.081,9.4,0,0
ABE_PE,D,20251212,000000,9.344,9.7,9.325,9.7,0,0
ABE_PE,D,20251215,000000,9.644,9.719,9.419,9.7,0,0
ABE_PE,D,20251216,000000,9.681,9.812,9.625,9.8,0,0
ABE_PE,D,20251217,000000,9.8,9.819,9.725,9.8,0,0
ABE_PE,D,20251218,000000,9.8,9.8,9.539,9.8,0,0
ABE_PE,D,20251219,000000,9.8,9.9,9.445,9.9,0,0
ABE_PE,D,20251222,000000,9.9,9.937,9.844,9.9,0,0
ABE_PE,D,20251223,000000,9.9,10.087,9.881,9.919,0,0
ABE_PE,D,20251229,000000,10.031,10.087,9.9,9.9,0,0
ABE_PE,D,20251230,000000,10.012,10.1,9.937,10.1,0,0
ABE_PE,D,20260102,000000,10.25,10.306,10.194,10.3,0,0
ABE_PE,D,20260105,000000,10.3,10.656,10.3,10.6,0,0
ABE_PE,D,20260107,000000,10.6,11.107,10.6,11.1,0,0
ABE_PE,D,20260108,000000,11.025,11.1,10.8,11.1,0,0
ABE_PE,D,20260109,000000,11.1,11.175,10.987,11.1,0,0
ABE_PE,D,20260112,000000,11.175,11.268,10.969,11.1,0,0
ABE_PE,D,20260113,000000,11.156,11.268,10.988,11.1,0,0
ABE_PE,D,20260114,000000,11.94,11.94,10.783,11.2,0,0
ABE_PE,D,20260115,000000,11.237,11.237,10.826,11.1,0,0
ABE_PE,D,20260116,000000,11.1,11.476,11.1,11.4,0,0
ABE_PE,D,20260119,000000,11.4,11.4,11.288,11.3,0,0
ABE_PE,D,20260120,000000,11.207,11.3,10.87,11.1,0,0
ABE_PE,D,20260121,000000,11.119,11.268,10.988,11.1,0,0
ABE_PE,D,20260122,000000,11.062,11.194,11.006,11.1,0,0
ABE_PE,D,20260123,000000,11.1,11.249,11.1,11.1,0,0
