<TICKER>,<PER>,<DATE>,<TIME>,<OPEN>,<HIGH>,<LOW>,<CLOSE>,<VOL>,<OPENINT>
ABS_PE,D,20071119,000000,16.5018,16.5018,16.5018,16.5018,0,0
ABS_PE,D,20071120,000000,16.7689,16.7689,16.7689,16.7689,0,0
ABS_PE,D,20071121,000000,16.9196,16.9196,16.6541,16.7689,0,0
ABS_PE,D,20071122,000000,16.7689,16.7689,16.01,16.01,0,0
ABS_PE,D,20071123,000000,16.01,33.0045,16.01,33.0045,0,0
ABS_PE,D,20071126,000000,33.0045,34.1429,17.185,17.185,0,0
ABS_PE,D,20071127,000000,17.185,17.185,17.185,17.185,0,0
ABS_PE,D,20071128,000000,17.185,17.4888,17.185,17.4888,0,0
ABS_PE,D,20071129,000000,17.4888,17.6403,17.4888,17.6403,0,0
ABS_PE,D,20071203,000000,16.5018,17.4888,16.199,17.4888,0,0
ABS_PE,D,20071205,000000,18.817,18.817,18.7788,18.7788,0,0
ABS_PE,D,20071206,000000,17.602,17.6403,17.602,17.6403,0,0
ABS_PE,D,20071207,000000,17.7918,17.7918,17.3381,17.3381,0,0
ABS_PE,D,20071210,000000,17.4888,17.6403,17.4888,17.6403,0,0
ABS_PE,D,20071211,000000,17.0328,17.6403,17.0328,17.6403,0,0
ABS_PE,D,20071212,000000,17.4888,22.2681,17.3381,22.2681,0,0
ABS_PE,D,20071213,000000,22.3447,22.3822,22.3447,22.3822,0,0
ABS_PE,D,20071214,000000,22.3822,22.3822,22.3822,22.3822,0,0
ABS_PE,D,20071217,000000,22.6476,22.6476,22.1167,22.4588,0,0
ABS_PE,D,20071219,000000,22.6476,22.6476,22.0793,22.6476,0,0
ABS_PE,D,20071220,000000,21.738,22.6476,21.738,21.738,0,0
ABS_PE,D,20071221,000000,22.571,22.571,21.738,22.5344,0,0
ABS_PE,D,20071227,000000,21.9262,21.9262,21.8895,21.9262,0,0
ABS_PE,D,20071228,000000,21.0181,23.0271,21.0181,22.6476,0,0
ABS_PE,D,20080102,000000,22.6476,22.6476,22.6476,22.6476,0,0
ABS_PE,D,20080103,000000,22.6476,22.6476,21.9262,21.9262,0,0
ABS_PE,D,20080104,000000,21.9262,21.9262,21.9262,21.9262,0,0
ABS_PE,D,20080107,000000,21.738,22.4588,21.738,22.4588,0,0
ABS_PE,D,20080108,000000,22.4588,22.7233,22.0793,22.6476,0,0
ABS_PE,D,20080109,000000,21.738,21.738,21.738,21.738,0,0
ABS_PE,D,20080110,000000,22.4205,22.4205,22.4205,22.4205,0,0
ABS_PE,D,20080114,000000,22.4588,22.4588,22.4588,22.4588,0,0
ABS_PE,D,20080116,000000,21.3577,21.3577,20.8267,20.8267,0,0
ABS_PE,D,20080117,000000,21.6997,21.6997,21.5474,21.5474,0,0
ABS_PE,D,20080121,000000,22.4588,22.4588,22.4588,22.4588,0,0
ABS_PE,D,20080122,000000,21.738,21.738,19.9163,21.3952,0,0
ABS_PE,D,20080123,000000,21.4734,21.738,21.4734,21.738,0,0
ABS_PE,D,20080125,000000,21.738,21.9262,21.738,21.9262,0,0
ABS_PE,D,20080128,000000,20.8267,22.3072,20.8267,22.2681,0,0
ABS_PE,D,20080129,000000,22.4588,22.6476,22.4588,22.6476,0,0
ABS_PE,D,20080201,000000,22.571,22.6476,22.571,22.6476,0,0
ABS_PE,D,20080204,000000,22.2681,23.3683,22.2681,22.6476,0,0
ABS_PE,D,20080205,000000,23.1036,23.3683,23.1036,23.3683,0,0
ABS_PE,D,20080206,000000,22.6476,22.6476,22.6476,22.6476,0,0
ABS_PE,D,20080207,000000,23.3683,23.5589,22.6476,22.6476,0,0
ABS_PE,D,20080208,000000,23.5206,23.5589,22.6476,23.5589,0,0
ABS_PE,D,20080213,000000,23.5589,23.5589,23.5589,23.5589,0,0
ABS_PE,D,20080214,000000,23.5589,23.5589,23.5589,23.5589,0,0
ABS_PE,D,20080215,000000,23.5589,23.5589,23.5589,23.5589,0,0
ABS_PE,D,20080219,000000,23.5589,23.5589,23.5589,23.5589,0,0
ABS_PE,D,20080220,000000,23.5589,24.0141,23.5589,24.0141,0,0
ABS_PE,D,20080221,000000,24.0141,24.4686,10.8494,10.8494,0,0
ABS_PE,D,20080222,000000,10.8494,11.2664,10.8494,10.8494,0,0
ABS_PE,D,20080225,000000,10.47,10.8494,10.47,10.8494,0,0
ABS_PE,D,20080226,000000,10.6598,10.6598,10.6222,10.6222,0,0
ABS_PE,D,20080227,000000,10.8129,11.0401,10.5474,10.5474,0,0
ABS_PE,D,20080228,000000,11.0017,11.0401,10.47,11.0401,0,0
ABS_PE,D,20080229,000000,11.0401,11.1915,11.0017,11.0017,0,0
ABS_PE,D,20080303,000000,11.0775,11.1915,10.8494,11.0017,0,0
ABS_PE,D,20080304,000000,11.1149,11.1149,10.5474,10.5474,0,0
ABS_PE,D,20080305,000000,10.4326,10.4326,10.4326,10.4326,0,0
ABS_PE,D,20080306,000000,10.2802,11.0775,10.2802,10.8129,0,0
ABS_PE,D,20080307,000000,10.2802,10.4326,9.93991,9.93991,0,0
ABS_PE,D,20080310,000000,10.8129,10.8494,10.8129,10.8494,0,0
ABS_PE,D,20080312,000000,10.3568,10.9261,10.3568,10.9261,0,0
ABS_PE,D,20080313,000000,10.8494,10.9261,10.6988,10.6988,0,0
ABS_PE,D,20080317,000000,10.47,10.47,10.4326,10.4326,0,0
ABS_PE,D,20080320,000000,9.75014,9.75014,9.71096,9.75014,0,0
ABS_PE,D,20080325,000000,9.75014,9.75014,9.75014,9.75014,0,0
ABS_PE,D,20080326,000000,9.75014,9.75014,9.75014,9.75014,0,0
ABS_PE,D,20080327,000000,9.75014,10.1296,9.75014,10.0147,0,0
ABS_PE,D,20080328,000000,10.2054,10.2054,10.1671,10.1671,0,0
ABS_PE,D,20080331,000000,10.1671,10.1671,10.1671,10.1671,0,0
ABS_PE,D,20080401,000000,9.75014,10.0906,9.75014,10.0906,0,0
ABS_PE,D,20080402,000000,10.2054,10.2437,10.2054,10.2437,0,0
ABS_PE,D,20080403,000000,9.78837,9.78837,9.75014,9.75014,0,0
ABS_PE,D,20080404,000000,9.86414,10.053,9.86414,10.053,0,0
ABS_PE,D,20080408,000000,10.1671,10.1671,10.1671,10.1671,0,0
ABS_PE,D,20080409,000000,9.93991,10.1296,9.93991,10.1296,0,0
ABS_PE,D,20080410,000000,9.97639,10.1296,9.97639,10.0906,0,0
ABS_PE,D,20080411,000000,9.75014,10.0906,9.75014,10.0906,0,0
ABS_PE,D,20080415,000000,9.82504,10.1296,9.82504,10.1296,0,0
ABS_PE,D,20080416,000000,9.82504,10.1296,9.82504,10.1296,0,0
ABS_PE,D,20080417,000000,9.82504,10.1296,9.71096,9.86414,0,0
ABS_PE,D,20080418,000000,9.82504,10.053,9.82504,10.053,0,0
ABS_PE,D,20080421,000000,9.75014,10.0147,9.75014,9.97639,0,0
ABS_PE,D,20080422,000000,9.93991,9.93991,9.93991,9.93991,0,0
ABS_PE,D,20080424,000000,9.93991,9.93991,9.5221,9.63529,0,0
ABS_PE,D,20080428,000000,9.63529,10.0906,9.40724,9.78837,0,0
ABS_PE,D,20080429,000000,9.78837,9.78837,9.78837,9.78837,0,0
ABS_PE,D,20080505,000000,9.75014,11.3804,9.63529,11.3804,0,0
ABS_PE,D,20080506,000000,11.2664,11.2664,11.2664,11.2664,0,0
ABS_PE,D,20080507,000000,11.8356,11.8356,11.2664,11.2664,0,0
ABS_PE,D,20080508,000000,11.3804,11.3804,11.3429,11.3429,0,0
ABS_PE,D,20080509,000000,11.3429,11.799,11.3429,11.7233,0,0
ABS_PE,D,20080512,000000,11.7233,12.1777,8.30873,8.30873,0,0
ABS_PE,D,20080513,000000,8.30873,8.38363,8.30873,8.34619,0,0
ABS_PE,D,20080514,000000,8.42191,8.42191,8.27046,8.30873,0,0
ABS_PE,D,20080515,000000,8.49765,8.49765,8.38363,8.4602,0,0
ABS_PE,D,20080519,000000,8.4602,8.4602,8.4602,8.4602,0,0
ABS_PE,D,20080520,000000,8.53676,8.57255,8.27046,8.49765,0,0
ABS_PE,D,20080521,000000,8.30873,8.4602,8.19389,8.30873,0,0
ABS_PE,D,20080523,000000,8.04159,8.30873,8.04159,8.30873,0,0
ABS_PE,D,20080526,000000,8.23218,8.27046,8.23218,8.27046,0,0
ABS_PE,D,20080527,000000,8.15643,8.30873,8.15643,8.27046,0,0
ABS_PE,D,20080528,000000,8.27046,8.27046,8.27046,8.27046,0,0
ABS_PE,D,20080529,000000,8.15643,8.27046,8.15643,8.15643,0,0
ABS_PE,D,20080530,000000,8.27046,8.27046,8.27046,8.27046,0,0
ABS_PE,D,20080602,000000,8.08071,8.34619,8.08071,8.34619,0,0
ABS_PE,D,20080603,000000,8.30873,8.30873,8.30873,8.30873,0,0
ABS_PE,D,20080604,000000,8.30873,8.30873,8.30873,8.30873,0,0
ABS_PE,D,20080606,000000,8.15643,8.15643,8.15643,8.15643,0,0
ABS_PE,D,20080609,000000,7.96586,8.15643,7.96586,8.08071,0,0
ABS_PE,D,20080610,000000,8.11815,8.11815,7.62583,7.77695,0,0
ABS_PE,D,20080611,000000,7.85336,7.92924,7.85336,7.92924,0,0
ABS_PE,D,20080613,000000,7.77695,7.77695,7.70056,7.70056,0,0
ABS_PE,D,20080616,000000,7.62583,7.70056,7.62583,7.70056,0,0
ABS_PE,D,20080617,000000,7.77695,7.77695,7.70056,7.73992,0,0
ABS_PE,D,20080618,000000,7.62583,7.6636,7.62583,7.6636,0,0
ABS_PE,D,20080624,000000,7.6636,7.6636,7.28421,7.43534,0,0
ABS_PE,D,20080625,000000,7.2461,7.28421,7.2461,7.28421,0,0
ABS_PE,D,20080701,000000,7.05676,7.20873,6.8284,7.20873,0,0
ABS_PE,D,20080703,000000,7.01765,7.05676,6.71481,6.71481,0,0
ABS_PE,D,20080704,000000,6.44976,6.44976,6.41122,6.44976,0,0
ABS_PE,D,20080707,000000,6.63883,6.63883,6.25985,6.25985,0,0
ABS_PE,D,20080708,000000,6.25985,6.25985,6.06943,6.06943,0,0
ABS_PE,D,20080709,000000,6.18428,6.52532,6.18428,6.48729,0,0
ABS_PE,D,20080710,000000,6.56336,6.56336,6.56336,6.56336,0,0
ABS_PE,D,20080711,000000,6.41122,6.63883,6.41122,6.63883,0,0
ABS_PE,D,20080714,000000,6.63883,6.63883,6.63883,6.63883,0,0
ABS_PE,D,20080716,000000,6.63883,6.63883,6.44976,6.44976,0,0
ABS_PE,D,20080717,000000,6.44976,6.44976,6.44976,6.44976,0,0
ABS_PE,D,20080718,000000,6.44976,6.48729,6.44976,6.48729,0,0
ABS_PE,D,20080723,000000,6.60138,6.60138,6.48729,6.56336,0,0
ABS_PE,D,20080728,000000,6.37269,6.63883,6.37269,6.63883,0,0
ABS_PE,D,20080730,000000,6.63883,6.63883,6.63883,6.63883,0,0
ABS_PE,D,20080801,000000,6.63883,6.63883,6.63883,6.63883,0,0
ABS_PE,D,20080804,000000,6.63883,6.63883,6.63883,6.63883,0,0
ABS_PE,D,20080807,000000,6.63883,7.20873,6.63883,7.20873,0,0
ABS_PE,D,20080808,000000,7.2461,7.32241,7.2461,7.28421,0,0
ABS_PE,D,20080811,000000,7.58805,7.62583,7.58805,7.62583,0,0
ABS_PE,D,20080812,000000,7.96586,7.96586,7.35978,7.96586,0,0
ABS_PE,D,20080813,000000,7.6636,7.77695,7.32241,7.32241,0,0
ABS_PE,D,20080814,000000,7.39639,7.39639,7.39639,7.39639,0,0
ABS_PE,D,20080818,000000,7.47337,7.47337,7.47337,7.47337,0,0
ABS_PE,D,20080819,000000,7.47337,7.47337,7.47337,7.47337,0,0
ABS_PE,D,20080820,000000,7.2461,7.47337,7.2461,7.43534,0,0
ABS_PE,D,20080821,000000,7.28421,7.28421,7.20873,7.28421,0,0
ABS_PE,D,20080822,000000,7.47337,7.47337,7.47337,7.47337,0,0
ABS_PE,D,20080825,000000,7.2461,7.47337,7.20873,7.43534,0,0
ABS_PE,D,20080826,000000,7.43534,7.51164,7.43534,7.47337,0,0
ABS_PE,D,20080827,000000,7.47337,7.47337,7.47337,7.47337,0,0
ABS_PE,D,20080828,000000,7.47337,7.47337,7.47337,7.47337,0,0
ABS_PE,D,20080829,000000,7.43534,7.47337,7.43534,7.47337,0,0
ABS_PE,D,20080901,000000,7.2461,7.43534,7.2461,7.43534,0,0
ABS_PE,D,20080902,000000,7.43534,7.43534,7.43534,7.43534,0,0
ABS_PE,D,20080903,000000,7.43534,7.43534,7.43534,7.43534,0,0
ABS_PE,D,20080904,000000,7.43534,7.43534,7.43534,7.43534,0,0
ABS_PE,D,20080905,000000,7.43534,7.43534,7.20873,7.39639,0,0
ABS_PE,D,20080908,000000,7.39639,7.39639,7.39639,7.39639,0,0
ABS_PE,D,20080909,000000,7.13249,7.20873,6.60138,7.01765,0,0
ABS_PE,D,20080910,000000,7.35978,7.39639,7.35978,7.39639,0,0
ABS_PE,D,20080911,000000,6.98137,6.98137,6.98137,6.98137,0,0
ABS_PE,D,20080912,000000,6.98137,7.01765,6.79013,7.01765,0,0
ABS_PE,D,20080915,000000,6.41122,6.98137,6.41122,6.98137,0,0
ABS_PE,D,20080916,000000,6.60138,6.71481,6.60138,6.71481,0,0
ABS_PE,D,20080917,000000,6.60138,6.60138,6.60138,6.60138,0,0
ABS_PE,D,20080918,000000,6.60138,6.60138,6.37269,6.37269,0,0
ABS_PE,D,20080919,000000,6.44976,6.60138,6.37269,6.60138,0,0
ABS_PE,D,20080922,000000,6.60138,6.60138,6.60138,6.60138,0,0
ABS_PE,D,20080923,000000,6.60138,6.60138,6.60138,6.60138,0,0
ABS_PE,D,20080925,000000,6.48729,6.48729,6.29772,6.48729,0,0
ABS_PE,D,20080926,000000,6.48729,6.48729,6.48729,6.48729,0,0
ABS_PE,D,20080930,000000,6.03216,6.29772,5.88028,5.88028,0,0
ABS_PE,D,20081001,000000,5.95601,6.06943,5.88028,5.99445,0,0
ABS_PE,D,20081002,000000,6.06943,6.10722,5.99445,6.10722,0,0
ABS_PE,D,20081003,000000,6.14566,6.14566,6.14566,6.14566,0,0
ABS_PE,D,20081007,000000,5.84208,5.84208,5.80405,5.80405,0,0
ABS_PE,D,20081008,000000,6.52532,6.52532,5.80405,6.52532,0,0
ABS_PE,D,20081009,000000,6.41122,6.41122,6.18428,6.18428,0,0
ABS_PE,D,20081010,000000,5.88028,5.99445,5.88028,5.99445,0,0
ABS_PE,D,20081013,000000,6.29772,6.29772,5.99445,5.99445,0,0
ABS_PE,D,20081014,000000,6.29772,6.29772,6.29772,6.29772,0,0
ABS_PE,D,20081015,000000,6.29772,6.29772,6.03216,6.03216,0,0
ABS_PE,D,20081016,000000,6.06943,6.10722,5.76643,6.10722,0,0
ABS_PE,D,20081017,000000,6.33549,6.33549,5.72824,5.72824,0,0
ABS_PE,D,20081020,000000,6.22115,6.25985,6.22115,6.25985,0,0
ABS_PE,D,20081021,000000,6.29772,6.29772,5.91881,6.25985,0,0
ABS_PE,D,20081022,000000,5.76643,6.29772,5.76643,6.18428,0,0
ABS_PE,D,20081023,000000,5.76643,6.18428,5.76643,6.06943,0,0
ABS_PE,D,20081024,000000,5.69071,5.69071,5.46276,5.46276,0,0
ABS_PE,D,20081027,000000,4.85584,5.34933,4.85584,5.04558,0,0
ABS_PE,D,20081028,000000,5.15934,5.15934,5.15934,5.15934,0,0
ABS_PE,D,20081029,000000,5.38669,5.38669,5.12148,5.12148,0,0
ABS_PE,D,20081030,000000,5.38669,5.50079,5.38669,5.50079,0,0
ABS_PE,D,20081031,000000,5.42481,5.50079,5.04558,5.50079,0,0
ABS_PE,D,20081103,000000,5.76643,5.76643,5.38669,5.76643,0,0
ABS_PE,D,20081104,000000,5.72824,5.72824,5.34933,5.34933,0,0
ABS_PE,D,20081105,000000,5.38669,5.53882,5.34933,5.34933,0,0
ABS_PE,D,20081106,000000,5.04558,5.34933,5.04558,5.34933,0,0
ABS_PE,D,20081107,000000,5.27335,5.34933,5.27335,5.27335,0,0
ABS_PE,D,20081110,000000,5.1972,5.27335,5.1972,5.27335,0,0
ABS_PE,D,20081112,000000,5.04558,5.38669,5.04558,5.1972,0,0
ABS_PE,D,20081114,000000,5.1972,5.1972,5.1972,5.1972,0,0
ABS_PE,D,20081117,000000,4.85584,5.1972,4.85584,5.1972,0,0
ABS_PE,D,20081118,000000,4.85584,5.04558,4.85584,5.04558,0,0
ABS_PE,D,20081119,000000,4.66609,5.04558,4.66609,5.04558,0,0
ABS_PE,D,20081120,000000,5.00771,5.00771,4.96976,4.96976,0,0
ABS_PE,D,20081121,000000,4.96976,4.96976,4.62822,4.62822,0,0
ABS_PE,D,20081124,000000,4.62822,4.96976,4.62822,4.96976,0,0
ABS_PE,D,20081125,000000,5.1972,5.3113,5.1972,5.3113,0,0
ABS_PE,D,20081126,000000,5.12148,5.12148,5.08344,5.08344,0,0
ABS_PE,D,20081127,000000,5.12148,5.15934,5.12148,5.15934,0,0
ABS_PE,D,20081128,000000,5.04558,5.04558,4.93182,4.96976,0,0
ABS_PE,D,20081201,000000,4.7801,4.96976,4.7801,4.7801,0,0
ABS_PE,D,20081202,000000,4.70412,5.1972,4.70412,5.1972,0,0
ABS_PE,D,20081203,000000,5.1972,5.1972,4.96976,5.1972,0,0
ABS_PE,D,20081204,000000,4.89386,5.04558,4.89386,5.04558,0,0
ABS_PE,D,20081205,000000,4.55241,5.08344,4.55241,5.04558,0,0
ABS_PE,D,20081208,000000,5.08344,5.08344,4.7801,4.7801,0,0
ABS_PE,D,20081209,000000,4.70412,4.70412,4.28677,4.32471,0,0
ABS_PE,D,20081210,000000,4.32471,4.36258,3.98343,3.98343,0,0
ABS_PE,D,20081211,000000,3.98343,3.98343,3.6419,3.6419,0,0
ABS_PE,D,20081212,000000,3.6419,3.67977,3.6419,3.6419,0,0
ABS_PE,D,20081215,000000,3.6419,3.6419,3.60387,3.60387,0,0
ABS_PE,D,20081216,000000,3.60387,3.60387,3.37634,3.56609,0,0
ABS_PE,D,20081217,000000,3.41429,3.41429,3.37634,3.41429,0,0
ABS_PE,D,20081218,000000,3.26258,3.41429,3.1866,3.41429,0,0
ABS_PE,D,20081219,000000,3.1866,3.22471,3.1866,3.22471,0,0
ABS_PE,D,20081222,000000,3.1866,3.1866,3.1866,3.1866,0,0
ABS_PE,D,20081223,000000,3.14873,3.1866,2.88317,2.92112,0,0
ABS_PE,D,20081229,000000,2.95908,2.95908,2.84531,2.84531,0,0
ABS_PE,D,20081230,000000,2.84531,2.84531,2.6177,2.80719,0,0
ABS_PE,D,20081231,000000,2.6177,2.84531,2.50377,2.50377,0,0
ABS_PE,D,20090105,000000,2.69352,2.88317,2.50377,2.88317,0,0
ABS_PE,D,20090106,000000,2.88317,2.99702,2.88317,2.99702,0,0
ABS_PE,D,20090107,000000,2.95908,3.03488,2.88317,2.99702,0,0
ABS_PE,D,20090108,000000,2.99702,3.03488,2.99702,3.03488,0,0
ABS_PE,D,20090109,000000,3.07283,3.07283,3.07283,3.07283,0,0
ABS_PE,D,20090112,000000,3.07283,3.11087,3.07283,3.11087,0,0
ABS_PE,D,20090113,000000,2.92112,3.14873,2.92112,3.14873,0,0
ABS_PE,D,20090114,000000,2.95908,3.1866,2.95908,3.1866,0,0
ABS_PE,D,20090115,000000,3.14873,3.26258,3.14873,3.26258,0,0
ABS_PE,D,20090116,000000,3.41429,3.75566,3.41429,3.75566,0,0
ABS_PE,D,20090119,000000,4.13506,4.17309,4.09711,4.17309,0,0
ABS_PE,D,20090120,000000,4.13506,4.13506,3.94541,3.94541,0,0
ABS_PE,D,20090121,000000,3.71779,3.8696,3.52805,3.8696,0,0
ABS_PE,D,20090122,000000,3.8696,3.8696,3.49027,3.75566,0,0
ABS_PE,D,20090123,000000,3.75566,3.75566,3.60387,3.71779,0,0
ABS_PE,D,20090126,000000,3.71779,3.71779,3.71779,3.71779,0,0
ABS_PE,D,20090127,000000,3.71779,3.71779,3.71779,3.71779,0,0
ABS_PE,D,20090128,000000,3.56609,3.71779,3.56609,3.71779,0,0
ABS_PE,D,20090129,000000,3.75566,3.75566,3.71779,3.71779,0,0
ABS_PE,D,20090130,000000,3.71779,3.71779,3.71779,3.71779,0,0
ABS_PE,D,20090202,000000,3.52805,3.52805,3.49027,3.49027,0,0
ABS_PE,D,20090203,000000,3.56609,3.56609,3.45231,3.56609,0,0
ABS_PE,D,20090204,000000,3.75566,3.75566,3.45231,3.75566,0,0
ABS_PE,D,20090205,000000,3.83157,3.83157,3.67977,3.71779,0,0
ABS_PE,D,20090206,000000,3.71779,3.71779,3.71779,3.71779,0,0
ABS_PE,D,20090209,000000,3.71779,3.71779,3.52805,3.52805,0,0
ABS_PE,D,20090210,000000,3.49027,3.49027,3.45231,3.49027,0,0
ABS_PE,D,20090211,000000,3.49027,3.49027,3.49027,3.49027,0,0
ABS_PE,D,20090212,000000,3.45231,3.49027,3.14873,3.49027,0,0
ABS_PE,D,20090213,000000,3.49027,3.60387,3.49027,3.56609,0,0
ABS_PE,D,20090216,000000,3.26258,3.49027,3.26258,3.49027,0,0
ABS_PE,D,20090217,000000,3.41429,3.41429,3.41429,3.41429,0,0
ABS_PE,D,20090218,000000,3.45231,3.45231,3.45231,3.45231,0,0
ABS_PE,D,20090219,000000,3.71779,3.71779,3.71779,3.71779,0,0
ABS_PE,D,20090220,000000,3.07283,3.67977,3.07283,3.67977,0,0
ABS_PE,D,20090223,000000,4.05924,4.05924,3.67977,4.05924,0,0
ABS_PE,D,20090224,000000,4.2489,4.2489,4.21105,4.21105,0,0
ABS_PE,D,20090225,000000,3.94541,3.94541,3.71779,3.71779,0,0
ABS_PE,D,20090226,000000,3.75566,3.75566,3.75566,3.75566,0,0
ABS_PE,D,20090302,000000,3.75566,3.75566,3.67977,3.67977,0,0
ABS_PE,D,20090303,000000,3.6419,3.75566,3.49027,3.75566,0,0
ABS_PE,D,20090304,000000,3.49027,3.52805,3.41429,3.49027,0,0
ABS_PE,D,20090305,000000,3.52805,3.52805,3.41429,3.41429,0,0
ABS_PE,D,20090306,000000,3.45231,3.45231,3.1866,3.30045,0,0
ABS_PE,D,20090309,000000,3.41429,3.41429,3.3384,3.3384,0,0
ABS_PE,D,20090310,000000,3.37634,3.37634,3.22471,3.22471,0,0
ABS_PE,D,20090311,000000,3.26258,3.26258,3.22471,3.22471,0,0
ABS_PE,D,20090312,000000,3.1866,3.26258,3.1866,3.26258,0,0
ABS_PE,D,20090313,000000,3.26258,3.3384,3.1866,3.1866,0,0
ABS_PE,D,20090316,000000,2.95908,3.26258,2.88317,3.22471,0,0
ABS_PE,D,20090317,000000,3.26258,3.26258,3.1866,3.1866,0,0
ABS_PE,D,20090318,000000,3.1866,3.1866,3.14873,3.1866,0,0
ABS_PE,D,20090319,000000,3.22471,3.22471,3.03488,3.1866,0,0
ABS_PE,D,20090320,000000,3.1866,3.1866,3.1866,3.1866,0,0
ABS_PE,D,20090323,000000,3.30045,3.30045,3.07283,3.1866,0,0
ABS_PE,D,20090324,000000,3.22471,3.22471,3.11087,3.22471,0,0
ABS_PE,D,20090325,000000,3.14873,3.22471,3.14873,3.22471,0,0
ABS_PE,D,20090326,000000,3.26258,3.26258,3.07283,3.11087,0,0
ABS_PE,D,20090327,000000,3.11087,3.14873,3.03488,3.14873,0,0
ABS_PE,D,20090330,000000,3.11087,3.11087,2.92112,3.03488,0,0
ABS_PE,D,20090331,000000,2.99702,2.99702,2.99702,2.99702,0,0
ABS_PE,D,20090401,000000,2.99702,3.03488,2.95908,2.99702,0,0
ABS_PE,D,20090402,000000,3.07283,3.07283,3.07283,3.07283,0,0
ABS_PE,D,20090403,000000,3.14873,3.14873,3.07283,3.14873,0,0
ABS_PE,D,20090406,000000,3.1866,3.1866,3.03488,3.03488,0,0
ABS_PE,D,20090407,000000,3.03488,3.07283,2.95908,2.99702,0,0
ABS_PE,D,20090408,000000,2.99702,3.07283,2.92112,2.95908,0,0
ABS_PE,D,20090409,000000,3.03488,3.14873,2.95908,2.95908,0,0
ABS_PE,D,20090414,000000,3.11087,3.11087,2.92112,2.95908,0,0
ABS_PE,D,20090415,000000,2.95908,2.99702,2.92112,2.95908,0,0
ABS_PE,D,20090416,000000,3.07283,3.26258,2.95908,3.26258,0,0
ABS_PE,D,20090417,000000,3.30045,3.60387,3.30045,3.45231,0,0
ABS_PE,D,20090420,000000,3.56609,3.67977,3.49027,3.52805,0,0
ABS_PE,D,20090421,000000,3.52805,3.52805,3.41429,3.41429,0,0
ABS_PE,D,20090422,000000,3.52805,3.6419,3.49027,3.60387,0,0
ABS_PE,D,20090423,000000,3.6419,3.6419,3.52805,3.52805,0,0
ABS_PE,D,20090424,000000,3.56609,3.56609,3.49027,3.56609,0,0
ABS_PE,D,20090427,000000,3.56609,3.56609,3.45231,3.56609,0,0
ABS_PE,D,20090428,000000,3.52805,3.56609,3.45231,3.45231,0,0
ABS_PE,D,20090429,000000,3.45364,3.56633,3.45364,3.52614,0,0
ABS_PE,D,20090430,000000,3.48985,3.52614,3.48985,3.52614,0,0
ABS_PE,D,20090504,000000,3.56609,3.56609,3.56609,3.56609,0,0
ABS_PE,D,20090505,000000,3.56609,3.56609,3.52805,3.52805,0,0
ABS_PE,D,20090506,000000,3.56609,3.56609,3.52805,3.52805,0,0
ABS_PE,D,20090507,000000,3.52805,3.56609,3.41429,3.52805,0,0
ABS_PE,D,20090508,000000,3.52805,3.90745,3.52805,3.90745,0,0
ABS_PE,D,20090511,000000,3.98343,3.98343,3.83157,3.8696,0,0
ABS_PE,D,20090512,000000,3.83157,3.90745,3.83157,3.8696,0,0
ABS_PE,D,20090513,000000,3.83197,3.83197,3.79186,3.79186,0,0
ABS_PE,D,20090514,000000,3.7936,3.8696,3.7936,3.8696,0,0
ABS_PE,D,20090515,000000,3.86825,3.86825,3.79186,3.86825,0,0
ABS_PE,D,20090518,000000,3.98509,4.32313,3.98509,4.02122,0,0
ABS_PE,D,20090519,000000,4.02122,4.13398,4.02122,4.13398,0,0
ABS_PE,D,20090520,000000,4.13398,4.13398,4.02122,4.13398,0,0
ABS_PE,D,20090521,000000,4.13398,4.17409,4.13398,4.13398,0,0
ABS_PE,D,20090522,000000,4.18633,4.18633,4.10576,4.14604,0,0
ABS_PE,D,20090525,000000,4.14604,4.14604,4.06557,4.06557,0,0
ABS_PE,D,20090526,000000,4.06557,4.06557,3.90454,3.90454,0,0
ABS_PE,D,20090527,000000,3.7436,3.90454,3.7436,3.90454,0,0
ABS_PE,D,20090528,000000,3.78362,3.98509,3.78362,3.94474,0,0
ABS_PE,D,20090529,000000,3.94474,3.94474,3.94474,3.94474,0,0
ABS_PE,D,20090601,000000,3.7436,3.98509,3.7436,3.98509,0,0
ABS_PE,D,20090602,000000,4.10576,4.10576,3.98509,3.98509,0,0
ABS_PE,D,20090603,000000,3.98509,4.02529,3.98509,3.98509,0,0
ABS_PE,D,20090604,000000,4.02529,4.02529,3.86419,3.90454,0,0
ABS_PE,D,20090605,000000,3.90454,4.02529,3.90454,4.02529,0,0
ABS_PE,D,20090608,000000,4.02529,4.02529,4.02529,4.02529,0,0
ABS_PE,D,20090609,000000,4.02529,4.02529,3.90454,3.98509,0,0
ABS_PE,D,20090610,000000,3.98509,4.02529,3.90454,4.02529,0,0
ABS_PE,D,20090612,000000,3.98509,4.02529,3.78362,3.90454,0,0
ABS_PE,D,20090615,000000,3.94474,3.94474,3.90454,3.94474,0,0
ABS_PE,D,20090616,000000,3.94474,3.94474,3.82415,3.94474,0,0
ABS_PE,D,20090617,000000,3.94474,3.94474,3.86419,3.90454,0,0
ABS_PE,D,20090618,000000,3.90454,3.90454,3.90454,3.90454,0,0
ABS_PE,D,20090619,000000,3.94474,3.94474,3.86419,3.90454,0,0
ABS_PE,D,20090622,000000,3.86419,3.86419,3.7436,3.7436,0,0
ABS_PE,D,20090623,000000,3.58256,3.70323,3.58256,3.62267,0,0
ABS_PE,D,20090624,000000,3.62267,3.66304,3.5422,3.62267,0,0
ABS_PE,D,20090625,000000,3.66304,3.66304,3.5422,3.5422,0,0
ABS_PE,D,20090626,000000,3.5422,3.7436,3.5422,3.7436,0,0
ABS_PE,D,20090629,000000,3.70323,3.7436,3.70323,3.70323,0,0
ABS_PE,D,20090630,000000,3.7436,3.7436,3.7436,3.7436,0,0
ABS_PE,D,20090701,000000,3.7436,3.7436,3.70323,3.70323,0,0
ABS_PE,D,20090702,000000,3.62267,3.7436,3.62267,3.7436,0,0
ABS_PE,D,20090703,000000,3.7436,3.7436,3.70323,3.7436,0,0
ABS_PE,D,20090706,000000,3.7436,3.7436,3.7436,3.7436,0,0
ABS_PE,D,20090707,000000,3.70323,3.7436,3.70323,3.7436,0,0
ABS_PE,D,20090708,000000,3.66304,3.7436,3.66304,3.7436,0,0
ABS_PE,D,20090709,000000,3.66304,3.7436,3.66304,3.7436,0,0
ABS_PE,D,20090710,000000,3.66304,3.66304,3.62267,3.62267,0,0
ABS_PE,D,20090713,000000,3.58256,3.66304,3.58256,3.62267,0,0
ABS_PE,D,20090714,000000,3.66304,3.7436,3.66304,3.70323,0,0
ABS_PE,D,20090715,000000,3.70323,3.7436,3.70323,3.70323,0,0
ABS_PE,D,20090716,000000,3.66304,3.70323,3.62267,3.70323,0,0
ABS_PE,D,20090717,000000,3.70323,3.70323,3.66304,3.66304,0,0
ABS_PE,D,20090720,000000,3.66304,3.86419,3.62267,3.78362,0,0
ABS_PE,D,20090721,000000,3.78362,3.82415,3.7436,3.7436,0,0
ABS_PE,D,20090722,000000,3.7436,3.7436,3.70323,3.70323,0,0
ABS_PE,D,20090723,000000,3.7436,3.78362,3.7436,3.78362,0,0
ABS_PE,D,20090724,000000,3.66304,3.82415,3.66304,3.78362,0,0
ABS_PE,D,20090727,000000,3.82415,3.82415,3.7436,3.78362,0,0
ABS_PE,D,20090728,000000,3.78362,3.78362,3.7436,3.7436,0,0
ABS_PE,D,20090729,000000,3.7436,3.78362,3.7436,3.78362,0,0
ABS_PE,D,20090730,000000,3.78362,3.90454,3.78362,3.90454,0,0
ABS_PE,D,20090731,000000,3.90454,3.94474,3.90454,3.94474,0,0
ABS_PE,D,20090803,000000,3.94474,3.94474,3.86419,3.94474,0,0
ABS_PE,D,20090804,000000,3.94474,3.94474,3.86419,3.90454,0,0
ABS_PE,D,20090805,000000,3.90454,3.90454,3.86419,3.86419,0,0
ABS_PE,D,20090806,000000,3.86419,3.86419,3.82415,3.86419,0,0
ABS_PE,D,20090807,000000,3.94474,3.94474,3.66304,3.94474,0,0
ABS_PE,D,20090810,000000,3.90454,3.94474,3.86419,3.86419,0,0
ABS_PE,D,20090811,000000,3.86419,3.98509,3.86419,3.90454,0,0
ABS_PE,D,20090812,000000,3.90454,3.90454,3.7436,3.86419,0,0
ABS_PE,D,20090813,000000,3.90454,3.90454,3.90454,3.90454,0,0
ABS_PE,D,20090814,000000,3.90454,3.94474,3.90454,3.90454,0,0
ABS_PE,D,20090817,000000,3.90454,3.90454,3.86419,3.86419,0,0
ABS_PE,D,20090818,000000,3.82415,3.90454,3.82415,3.90454,0,0
ABS_PE,D,20090819,000000,3.90454,3.90454,3.7436,3.7436,0,0
ABS_PE,D,20090820,000000,3.78362,3.82415,3.7436,3.78362,0,0
ABS_PE,D,20090821,000000,3.78362,3.90454,3.7436,3.86419,0,0
ABS_PE,D,20090824,000000,3.86419,4.2668,3.86419,4.2668,0,0
ABS_PE,D,20090825,000000,4.42792,4.74982,4.38747,4.62898,0,0
ABS_PE,D,20090826,000000,4.62898,4.62898,4.34727,4.34727,0,0
ABS_PE,D,20090827,000000,4.38747,4.50831,4.34727,4.42792,0,0
ABS_PE,D,20090828,000000,4.50831,4.50831,4.38747,4.38747,0,0
ABS_PE,D,20090831,000000,4.38747,4.38747,4.30708,4.38747,0,0
ABS_PE,D,20090901,000000,4.34727,4.34727,4.14604,4.18633,0,0
ABS_PE,D,20090902,000000,4.14604,4.18633,3.90454,3.94474,0,0
ABS_PE,D,20090903,000000,3.86419,4.02529,3.86419,4.02529,0,0
ABS_PE,D,20090904,000000,4.06557,4.22661,4.06557,4.22661,0,0
ABS_PE,D,20090907,000000,4.22661,4.34727,4.22661,4.34727,0,0
ABS_PE,D,20090908,000000,4.34727,4.42792,4.2668,4.42792,0,0
ABS_PE,D,20090909,000000,4.42792,4.42792,4.34727,4.38747,0,0
ABS_PE,D,20090910,000000,4.2668,4.38747,4.2668,4.38747,0,0
ABS_PE,D,20090911,000000,4.38747,4.38747,4.30708,4.34727,0,0
ABS_PE,D,20090914,000000,4.22661,4.22661,4.22661,4.22661,0,0
ABS_PE,D,20090915,000000,4.06557,4.22661,4.06557,4.22661,0,0
ABS_PE,D,20090916,000000,4.22661,4.2668,4.14604,4.14604,0,0
ABS_PE,D,20090917,000000,4.18633,4.2668,4.14604,4.2668,0,0
ABS_PE,D,20090918,000000,4.22661,4.38747,4.22661,4.38747,0,0
ABS_PE,D,20090921,000000,4.38747,4.66934,4.38747,4.66934,0,0
ABS_PE,D,20090922,000000,4.66934,4.70944,4.66934,4.66934,0,0
ABS_PE,D,20090923,000000,4.66934,4.74982,4.62898,4.70944,0,0
ABS_PE,D,20090924,000000,4.70944,4.79001,4.70944,4.79001,0,0
ABS_PE,D,20090925,000000,4.91084,4.91084,4.79001,4.83021,0,0
ABS_PE,D,20090928,000000,4.66934,4.91084,4.66934,4.91084,0,0
ABS_PE,D,20090929,000000,5.03151,5.03151,4.83021,4.83021,0,0
ABS_PE,D,20090930,000000,4.91084,4.99131,4.91084,4.99131,0,0
ABS_PE,D,20091001,000000,4.99131,5.15227,4.83021,5.15227,0,0
ABS_PE,D,20091002,000000,5.07179,5.07179,4.99131,5.03151,0,0
ABS_PE,D,20091005,000000,5.03151,5.07179,4.95096,4.95096,0,0
ABS_PE,D,20091006,000000,4.95096,4.95096,4.95096,4.95096,0,0
ABS_PE,D,20091007,000000,4.83021,4.83021,4.74982,4.74982,0,0
ABS_PE,D,20091008,000000,4.74982,4.74982,4.66934,4.74982,0,0
ABS_PE,D,20091009,000000,4.74982,4.74982,4.70944,4.70944,0,0
ABS_PE,D,20091012,000000,4.70944,4.70944,4.70944,4.70944,0,0
ABS_PE,D,20091013,000000,4.62898,4.70944,4.42792,4.66934,0,0
ABS_PE,D,20091014,000000,4.70944,4.70944,4.66934,4.66934,0,0
ABS_PE,D,20091016,000000,4.58878,4.58878,4.50831,4.5485,0,0
ABS_PE,D,20091019,000000,4.46794,4.46794,4.34727,4.34727,0,0
ABS_PE,D,20091020,000000,4.38747,4.38747,4.34727,4.38747,0,0
ABS_PE,D,20091021,000000,4.5485,4.5485,4.34727,4.34727,0,0
ABS_PE,D,20091022,000000,4.34727,4.42792,4.34727,4.42792,0,0
ABS_PE,D,20091023,000000,4.5485,4.58878,4.42792,4.42792,0,0
ABS_PE,D,20091026,000000,4.42792,4.5485,4.42792,4.5485,0,0
ABS_PE,D,20091027,000000,4.50831,4.50831,4.46794,4.46794,0,0
ABS_PE,D,20091028,000000,4.46794,4.46794,4.46794,4.46794,0,0
ABS_PE,D,20091029,000000,4.42792,4.46794,4.42792,4.46794,0,0
ABS_PE,D,20091102,000000,4.46794,4.46794,4.42792,4.42792,0,0
ABS_PE,D,20091103,000000,4.42792,4.46794,4.42792,4.46794,0,0
ABS_PE,D,20091104,000000,4.50831,4.5485,4.46794,4.46794,0,0
ABS_PE,D,20091105,000000,4.62898,4.62898,4.34727,4.46794,0,0
ABS_PE,D,20091106,000000,4.50831,4.66934,4.34727,4.34727,0,0
ABS_PE,D,20091109,000000,4.42792,4.50831,4.42792,4.50831,0,0
ABS_PE,D,20091110,000000,4.5485,4.58878,4.50831,4.58878,0,0
ABS_PE,D,20091112,000000,4.66934,4.66934,4.58878,4.58878,0,0
ABS_PE,D,20091113,000000,4.58878,4.58878,4.58878,4.58878,0,0
ABS_PE,D,20091116,000000,4.58878,4.62898,4.5485,4.5485,0,0
ABS_PE,D,20091117,000000,4.58878,4.66934,4.5485,4.62898,0,0
ABS_PE,D,20091118,000000,4.66934,4.66934,4.58878,4.62898,0,0
ABS_PE,D,20091119,000000,4.66934,4.66934,4.46794,4.46794,0,0
ABS_PE,D,20091125,000000,4.30708,4.38747,4.30708,4.30708,0,0
ABS_PE,D,20091126,000000,4.30708,4.34727,4.2668,4.34727,0,0
ABS_PE,D,20091127,000000,4.30708,4.34727,4.30708,4.34727,0,0
ABS_PE,D,20091130,000000,4.34727,4.34727,4.34727,4.34727,0,0
ABS_PE,D,20091201,000000,4.34727,4.34727,4.30708,4.34727,0,0
ABS_PE,D,20091202,000000,4.34727,4.38747,4.34727,4.34727,0,0
ABS_PE,D,20091203,000000,4.34727,4.38747,4.22661,4.22661,0,0
ABS_PE,D,20091204,000000,4.22661,4.22661,4.22661,4.22661,0,0
ABS_PE,D,20091207,000000,4.22661,4.22661,4.22661,4.22661,0,0
ABS_PE,D,20091208,000000,4.38747,4.38747,4.18633,4.38747,0,0
ABS_PE,D,20091209,000000,4.38747,4.38747,4.34727,4.34727,0,0
ABS_PE,D,20091210,000000,4.38747,4.42792,4.34727,4.34727,0,0
ABS_PE,D,20091211,000000,4.34727,4.42792,4.34727,4.42792,0,0
ABS_PE,D,20091214,000000,4.42792,4.5485,4.42792,4.42792,0,0
ABS_PE,D,20091215,000000,4.42792,4.42792,4.42792,4.42792,0,0
ABS_PE,D,20091216,000000,4.46794,4.50831,4.46794,4.50831,0,0
ABS_PE,D,20091217,000000,4.50831,4.62898,4.50831,4.58878,0,0
ABS_PE,D,20091218,000000,4.5485,4.70944,4.5485,4.70944,0,0
ABS_PE,D,20091221,000000,4.74982,4.74982,4.70944,4.70944,0,0
ABS_PE,D,20091222,000000,4.70944,5.03151,4.70944,4.79001,0,0
ABS_PE,D,20091223,000000,4.87056,4.91084,4.79001,4.91084,0,0
ABS_PE,D,20091228,000000,4.91084,4.95096,4.91084,4.95096,0,0
ABS_PE,D,20091229,000000,4.95096,5.11207,4.95096,5.07179,0,0
ABS_PE,D,20091230,000000,5.11207,5.11207,4.99131,5.07179,0,0
ABS_PE,D,20091231,000000,4.83021,5.11207,4.83021,4.99131,0,0
ABS_PE,D,20100104,000000,4.99131,4.99131,4.91084,4.91084,0,0
ABS_PE,D,20100105,000000,4.91084,5.11207,4.91084,5.11207,0,0
ABS_PE,D,20100106,000000,5.15227,5.15227,5.03151,5.03151,0,0
ABS_PE,D,20100107,000000,4.99131,5.07179,4.95096,5.03151,0,0
ABS_PE,D,20100108,000000,4.95096,5.11207,4.95096,4.99131,0,0
ABS_PE,D,20100111,000000,4.95096,4.99131,4.91084,4.91084,0,0
ABS_PE,D,20100112,000000,4.91084,4.95096,4.91084,4.91084,0,0
ABS_PE,D,20100114,000000,4.91084,5.07179,4.91084,5.03151,0,0
ABS_PE,D,20100115,000000,5.03151,5.03151,4.99131,5.03151,0,0
ABS_PE,D,20100119,000000,4.91084,4.99131,4.91084,4.99131,0,0
ABS_PE,D,20100120,000000,4.99131,4.99131,4.99131,4.99131,0,0
ABS_PE,D,20100122,000000,4.87056,4.95096,4.83021,4.95096,0,0
ABS_PE,D,20100125,000000,4.79001,4.95096,4.79001,4.95096,0,0
ABS_PE,D,20100126,000000,4.83021,4.83021,4.79001,4.83021,0,0
ABS_PE,D,20100127,000000,4.79001,4.83021,4.79001,4.83021,0,0
ABS_PE,D,20100128,000000,4.83021,4.87056,4.83021,4.87056,0,0
ABS_PE,D,20100129,000000,4.8694,4.99131,4.8694,4.99131,0,0
ABS_PE,D,20100202,000000,4.79001,4.91084,4.74982,4.91084,0,0
ABS_PE,D,20100203,000000,4.87056,4.91084,4.83021,4.87056,0,0
ABS_PE,D,20100205,000000,4.74982,4.83021,4.66934,4.70944,0,0
ABS_PE,D,20100208,000000,4.62898,4.83021,4.62898,4.70944,0,0
ABS_PE,D,20100209,000000,4.58878,4.74982,4.58878,4.74982,0,0
ABS_PE,D,20100210,000000,4.70944,4.74982,4.70944,4.74982,0,0
ABS_PE,D,20100211,000000,4.62898,4.70944,4.58878,4.70944,0,0
ABS_PE,D,20100212,000000,4.66934,4.74982,4.66934,4.70944,0,0
ABS_PE,D,20100215,000000,4.62898,4.79001,4.62898,4.79001,0,0
ABS_PE,D,20100216,000000,4.79001,4.79001,4.74982,4.74982,0,0
ABS_PE,D,20100217,000000,4.79001,4.83021,4.70944,4.83021,0,0
ABS_PE,D,20100218,000000,4.83021,4.87056,4.79001,4.87056,0,0
ABS_PE,D,20100219,000000,4.87056,4.91084,4.87056,4.91084,0,0
ABS_PE,D,20100222,000000,5.03151,5.03151,4.91084,4.99131,0,0
ABS_PE,D,20100223,000000,4.95096,5.07179,4.95096,5.07179,0,0
ABS_PE,D,20100224,000000,5.03151,5.07179,4.95096,5.07179,0,0
ABS_PE,D,20100226,000000,5.03151,5.15227,5.03151,5.15227,0,0
ABS_PE,D,20100301,000000,5.27335,5.27335,5.11207,5.15227,0,0
ABS_PE,D,20100302,000000,5.19263,5.27335,5.19263,5.23316,0,0
ABS_PE,D,20100303,000000,5.23316,5.23316,5.19263,5.23316,0,0
ABS_PE,D,20100305,000000,5.23316,5.27335,5.15227,5.23316,0,0
ABS_PE,D,20100308,000000,5.23316,5.23316,5.19263,5.23316,0,0
ABS_PE,D,20100309,000000,5.19263,5.27335,5.15227,5.23316,0,0
ABS_PE,D,20100310,000000,5.19263,5.31345,5.15227,5.23316,0,0
ABS_PE,D,20100311,000000,5.27335,5.31345,5.23316,5.31345,0,0
ABS_PE,D,20100312,000000,5.31345,5.47425,5.31345,5.47425,0,0
ABS_PE,D,20100315,000000,5.51453,6.03781,5.51453,6.03781,0,0
ABS_PE,D,20100316,000000,5.99753,6.03781,5.91748,5.99753,0,0
ABS_PE,D,20100317,000000,5.99753,5.99753,5.95725,5.99753,0,0
ABS_PE,D,20100318,000000,6.11846,6.27941,6.03781,6.03781,0,0
ABS_PE,D,20100319,000000,6.03781,6.27941,5.99753,5.99753,0,0
ABS_PE,D,20100322,000000,6.23963,6.23963,5.99753,5.99753,0,0
ABS_PE,D,20100323,000000,5.99753,6.11846,5.95725,6.03781,0,0
ABS_PE,D,20100324,000000,6.0776,6.0776,5.99753,5.99753,0,0
ABS_PE,D,20100325,000000,5.99753,6.11846,5.99753,5.99753,0,0
ABS_PE,D,20100326,000000,5.95725,6.15882,5.95725,5.99753,0,0
ABS_PE,D,20100329,000000,5.99753,6.0776,5.95725,5.99753,0,0
ABS_PE,D,20100330,000000,5.99753,5.99753,5.87686,5.87686,0,0
ABS_PE,D,20100331,000000,5.87911,5.87911,5.63486,5.87911,0,0
ABS_PE,D,20100401,000000,5.87686,5.87686,5.71592,5.75636,0,0
ABS_PE,D,20100406,000000,5.79647,5.79647,5.71592,5.71592,0,0
ABS_PE,D,20100407,000000,5.71592,5.83684,5.71592,5.71592,0,0
ABS_PE,D,20100408,000000,5.67588,5.87686,5.67588,5.79647,0,0
ABS_PE,D,20100409,000000,5.79647,5.87686,5.79647,5.83684,0,0
ABS_PE,D,20100412,000000,5.91748,5.91748,5.91748,5.91748,0,0
ABS_PE,D,20100413,000000,5.91748,6.0776,5.91748,5.99753,0,0
ABS_PE,D,20100414,000000,6.11846,6.15882,6.11846,6.11846,0,0
ABS_PE,D,20100415,000000,6.15882,6.19901,6.11846,6.11846,0,0
ABS_PE,D,20100416,000000,6.15882,6.15882,6.11846,6.15882,0,0
ABS_PE,D,20100419,000000,6.19901,6.19901,5.99753,6.0776,0,0
ABS_PE,D,20100420,000000,6.11846,6.15882,6.03781,6.0776,0,0
ABS_PE,D,20100421,000000,6.19901,6.19901,6.0776,6.0776,0,0
ABS_PE,D,20100422,000000,6.11846,6.11846,5.99753,5.99753,0,0
ABS_PE,D,20100423,000000,5.99687,6.11846,5.99687,5.99687,0,0
ABS_PE,D,20100426,000000,6.15757,6.15757,6.04023,6.04023,0,0
ABS_PE,D,20100427,000000,5.91881,6.04023,5.91881,5.95725,0,0
ABS_PE,D,20100428,000000,5.95725,5.99687,5.83568,5.99687,0,0
ABS_PE,D,20100429,000000,5.99687,6.07876,5.95725,5.99687,0,0
ABS_PE,D,20100430,000000,6.07876,6.15757,6.07876,6.11846,0,0
ABS_PE,D,20100504,000000,6.15757,6.24012,5.71817,5.95725,0,0
ABS_PE,D,20100505,000000,5.95725,6.07876,5.95725,5.99687,0,0
ABS_PE,D,20100506,000000,6.26634,6.26634,6.0924,6.17921,0,0
ABS_PE,D,20100507,000000,5.87436,6.04896,5.65725,6.00552,0,0
ABS_PE,D,20100510,000000,6.17921,6.17921,5.74405,5.74405,0,0
ABS_PE,D,20100511,000000,5.74405,5.74405,5.61372,5.61372,0,0
ABS_PE,D,20100512,000000,5.61372,5.61372,5.48315,5.61372,0,0
ABS_PE,D,20100513,000000,5.65725,5.65725,5.39618,5.43963,0,0
ABS_PE,D,20100514,000000,5.39618,5.39618,5.30914,5.30914,0,0
ABS_PE,D,20100517,000000,5.13496,5.1784,5.09136,5.13496,0,0
ABS_PE,D,20100518,000000,5.13496,5.13496,5.00438,5.09136,0,0
ABS_PE,D,20100519,000000,5.13496,5.13496,4.87372,4.87372,0,0
ABS_PE,D,20100520,000000,4.87372,4.96086,4.87372,4.96086,0,0
ABS_PE,D,20100521,000000,4.87372,5.04791,4.87372,5.00438,0,0
ABS_PE,D,20100524,000000,4.91743,5.04791,4.91743,4.96086,0,0
ABS_PE,D,20100525,000000,4.96086,4.96086,4.91743,4.96086,0,0
ABS_PE,D,20100526,000000,4.91743,5.13496,4.83021,5.00438,0,0
ABS_PE,D,20100527,000000,5.04791,5.13496,5.04791,5.13496,0,0
ABS_PE,D,20100528,000000,5.1784,5.30914,5.09136,5.30914,0,0
ABS_PE,D,20100531,000000,5.43963,5.43963,5.35266,5.35266,0,0
ABS_PE,D,20100601,000000,5.43963,5.5265,5.43963,5.5265,0,0
ABS_PE,D,20100602,000000,5.5265,5.5265,5.48315,5.48315,0,0
ABS_PE,D,20100604,000000,5.43963,5.48315,5.43963,5.48315,0,0
ABS_PE,D,20100607,000000,5.48315,5.48315,5.43963,5.43963,0,0
ABS_PE,D,20100608,000000,5.48315,5.48315,5.26553,5.48315,0,0
ABS_PE,D,20100609,000000,5.26553,5.48315,5.26553,5.48315,0,0
ABS_PE,D,20100610,000000,5.39618,5.48315,5.39618,5.48315,0,0
ABS_PE,D,20100611,000000,5.43963,5.48315,5.22185,5.43963,0,0
ABS_PE,D,20100614,000000,5.39618,5.43963,5.39618,5.43963,0,0
ABS_PE,D,20100615,000000,5.43963,5.5265,5.43963,5.5265,0,0
ABS_PE,D,20100616,000000,5.48315,5.48315,5.48315,5.48315,0,0
ABS_PE,D,20100617,000000,5.43963,5.48315,5.43963,5.48315,0,0
ABS_PE,D,20100618,000000,5.43963,5.43963,5.43963,5.43963,0,0
ABS_PE,D,20100621,000000,5.26553,5.48315,5.04791,5.48315,0,0
ABS_PE,D,20100622,000000,5.43963,5.5265,5.26553,5.5265,0,0
ABS_PE,D,20100623,000000,5.48315,5.5265,5.30914,5.48315,0,0
ABS_PE,D,20100624,000000,5.30914,5.39618,5.30914,5.35266,0,0
ABS_PE,D,20100625,000000,5.39618,5.39618,5.39618,5.39618,0,0
ABS_PE,D,20100628,000000,5.39618,5.39618,5.26553,5.39618,0,0
ABS_PE,D,20100629,000000,5.39618,5.39618,5.35266,5.35266,0,0
ABS_PE,D,20100630,000000,5.17997,5.44129,5.17997,5.44129,0,0
ABS_PE,D,20100701,000000,5.35266,5.35266,5.35266,5.35266,0,0
ABS_PE,D,20100702,000000,5.43963,5.43963,5.43963,5.43963,0,0
ABS_PE,D,20100705,000000,5.43963,5.43963,5.43963,5.43963,0,0
ABS_PE,D,20100706,000000,5.43963,5.61372,5.43963,5.48315,0,0
ABS_PE,D,20100707,000000,5.5265,5.61372,5.5265,5.57004,0,0
ABS_PE,D,20100708,000000,5.61372,5.65725,5.57004,5.57004,0,0
ABS_PE,D,20100709,000000,5.61372,5.65725,5.61372,5.61372,0,0
ABS_PE,D,20100712,000000,5.65725,5.7006,5.65725,5.65725,0,0
ABS_PE,D,20100713,000000,5.61372,5.61372,5.48315,5.61372,0,0
ABS_PE,D,20100714,000000,5.5265,5.61372,5.48315,5.61372,0,0
ABS_PE,D,20100715,000000,5.43963,5.57004,5.43963,5.57004,0,0
ABS_PE,D,20100716,000000,5.57004,5.61372,5.57004,5.57004,0,0
ABS_PE,D,20100719,000000,5.57004,5.57004,5.48315,5.57004,0,0
ABS_PE,D,20100720,000000,5.65725,5.65725,5.57004,5.57004,0,0
ABS_PE,D,20100721,000000,5.61372,5.61372,5.57004,5.57004,0,0
ABS_PE,D,20100723,000000,5.61372,5.61372,5.57004,5.57004,0,0
ABS_PE,D,20100726,000000,5.65725,5.65725,5.57004,5.57004,0,0
ABS_PE,D,20100727,000000,5.57004,5.57004,5.57004,5.57004,0,0
ABS_PE,D,20100728,000000,5.61372,5.61372,5.57004,5.57004,0,0
ABS_PE,D,20100729,000000,5.57004,5.57004,5.57004,5.57004,0,0
ABS_PE,D,20100730,000000,5.5265,5.61372,5.5265,5.61372,0,0
ABS_PE,D,20100802,000000,5.5265,5.7006,5.5265,5.61372,0,0
ABS_PE,D,20100803,000000,5.61372,5.65725,5.57004,5.65725,0,0
ABS_PE,D,20100804,000000,5.57004,5.7006,5.57004,5.65725,0,0
ABS_PE,D,20100805,000000,5.65725,5.65725,5.65725,5.65725,0,0
ABS_PE,D,20100806,000000,5.65725,5.7006,5.65725,5.65725,0,0
ABS_PE,D,20100809,000000,5.65725,5.65725,5.65725,5.65725,0,0
ABS_PE,D,20100810,000000,5.65725,5.65725,5.65725,5.65725,0,0
ABS_PE,D,20100811,000000,5.65725,5.65725,5.65725,5.65725,0,0
ABS_PE,D,20100812,000000,5.57004,5.57004,5.57004,5.57004,0,0
ABS_PE,D,20100813,000000,5.65725,5.7006,5.61372,5.7006,0,0
ABS_PE,D,20100816,000000,5.7006,5.74405,5.7006,5.74405,0,0
ABS_PE,D,20100817,000000,5.7006,5.74405,5.7006,5.74405,0,0
ABS_PE,D,20100818,000000,5.74405,5.78766,5.74405,5.74405,0,0
ABS_PE,D,20100819,000000,5.74405,5.78766,5.74405,5.78766,0,0
ABS_PE,D,20100820,000000,5.78766,6.00552,5.78766,6.00552,0,0
ABS_PE,D,20100823,000000,6.00552,6.00552,5.61372,5.61372,0,0
ABS_PE,D,20100824,000000,5.57004,5.61372,5.48315,5.61372,0,0
ABS_PE,D,20100825,000000,5.61372,5.61372,5.48315,5.5265,0,0
ABS_PE,D,20100826,000000,5.48315,5.5265,5.48315,5.5265,0,0
ABS_PE,D,20100827,000000,5.5265,5.57004,5.5265,5.57004,0,0
ABS_PE,D,20100830,000000,5.57004,5.61372,5.57004,5.61372,0,0
ABS_PE,D,20100831,000000,5.61372,5.61372,5.52485,5.61372,0,0
ABS_PE,D,20100901,000000,5.61372,5.61372,5.57004,5.57004,0,0
ABS_PE,D,20100902,000000,5.61372,5.65725,5.57004,5.61372,0,0
ABS_PE,D,20100903,000000,5.61372,5.74405,5.61372,5.74405,0,0
ABS_PE,D,20100906,000000,5.78766,5.96208,5.78766,5.96208,0,0
ABS_PE,D,20100907,000000,5.87436,6.00552,5.87436,5.96208,0,0
ABS_PE,D,20100908,000000,5.96208,6.00552,5.96208,6.00552,0,0
ABS_PE,D,20100909,000000,5.96208,5.96208,5.96208,5.96208,0,0
ABS_PE,D,20100910,000000,5.91881,6.00552,5.91881,6.00552,0,0
ABS_PE,D,20100913,000000,6.00552,6.00552,5.91881,5.91881,0,0
ABS_PE,D,20100914,000000,5.91881,5.91881,5.91881,5.91881,0,0
ABS_PE,D,20100915,000000,5.91881,5.96208,5.91881,5.96208,0,0
ABS_PE,D,20100916,000000,5.87436,5.91881,5.87436,5.87436,0,0
ABS_PE,D,20100917,000000,5.91881,5.96208,5.91881,5.91881,0,0
ABS_PE,D,20100920,000000,5.91881,5.96208,5.83101,5.96208,0,0
ABS_PE,D,20100921,000000,6.00552,6.0924,5.87436,6.0924,0,0
ABS_PE,D,20100922,000000,6.0924,6.0924,5.87436,5.87436,0,0
ABS_PE,D,20100923,000000,5.83101,6.04896,5.83101,5.87436,0,0
ABS_PE,D,20100924,000000,5.83101,6.00552,5.78766,5.78766,0,0
ABS_PE,D,20100927,000000,5.87436,5.96208,5.87436,5.96208,0,0
ABS_PE,D,20100928,000000,6.00552,6.00552,6.00552,6.00552,0,0
ABS_PE,D,20100929,000000,6.00552,6.00552,6.00552,6.00552,0,0
ABS_PE,D,20100930,000000,6.00552,6.04896,5.91881,6.00552,0,0
ABS_PE,D,20101001,000000,6.04896,6.04896,6.00552,6.00552,0,0
ABS_PE,D,20101004,000000,6.00552,6.04896,5.96208,6.04896,0,0
ABS_PE,D,20101005,000000,6.0924,6.0924,6.0924,6.0924,0,0
ABS_PE,D,20101006,000000,6.04896,6.0924,6.04896,6.0924,0,0
ABS_PE,D,20101007,000000,6.0924,6.22249,6.0924,6.17921,0,0
ABS_PE,D,20101008,000000,6.17921,6.22249,6.13585,6.17921,0,0
ABS_PE,D,20101011,000000,6.17921,6.22249,6.17921,6.22249,0,0
ABS_PE,D,20101012,000000,6.22249,6.22249,6.22249,6.22249,0,0
ABS_PE,D,20101013,000000,6.22249,6.30944,6.22249,6.30944,0,0
ABS_PE,D,20101014,000000,6.35314,6.35314,6.30944,6.30944,0,0
ABS_PE,D,20101015,000000,6.30944,6.30944,6.00552,6.0924,0,0
ABS_PE,D,20101018,000000,6.0924,6.17921,6.0924,6.13585,0,0
ABS_PE,D,20101019,000000,6.17921,6.26634,6.13585,6.17921,0,0
ABS_PE,D,20101020,000000,6.00552,6.22249,6.00552,6.22249,0,0
ABS_PE,D,20101021,000000,6.17921,6.22249,6.17921,6.17921,0,0
ABS_PE,D,20101022,000000,6.17921,6.22249,6.17921,6.22249,0,0
ABS_PE,D,20101025,000000,6.26634,6.26634,6.22249,6.22249,0,0
ABS_PE,D,20101026,000000,6.22249,6.22249,6.17921,6.17921,0,0
ABS_PE,D,20101027,000000,6.17921,6.17921,6.17921,6.17921,0,0
ABS_PE,D,20101028,000000,6.17921,6.17921,6.17921,6.17921,0,0
ABS_PE,D,20101029,000000,6.17737,6.22456,6.17737,6.17737,0,0
ABS_PE,D,20101102,000000,6.22249,6.26634,6.17921,6.17921,0,0
ABS_PE,D,20101103,000000,6.26634,6.26634,6.17921,6.26634,0,0
ABS_PE,D,20101104,000000,6.26634,6.30944,6.22249,6.30944,0,0
ABS_PE,D,20101105,000000,6.30944,6.35314,5.91881,5.91881,0,0
ABS_PE,D,20101108,000000,5.87436,5.87436,5.83101,5.87436,0,0
ABS_PE,D,20101109,000000,5.87436,5.91881,5.87436,5.91881,0,0
ABS_PE,D,20101110,000000,5.96208,5.96208,5.87436,5.91881,0,0
ABS_PE,D,20101112,000000,5.91881,5.91881,5.78766,5.78766,0,0
ABS_PE,D,20101115,000000,5.87436,5.87436,5.87436,5.87436,0,0
ABS_PE,D,20101116,000000,5.83101,5.83101,5.78766,5.78766,0,0
ABS_PE,D,20101117,000000,5.78766,5.78766,5.65725,5.78766,0,0
ABS_PE,D,20101118,000000,5.87436,5.87436,5.61372,5.78766,0,0
ABS_PE,D,20101119,000000,5.7006,5.83101,5.61372,5.61372,0,0
ABS_PE,D,20101122,000000,5.83101,5.83101,5.7006,5.78766,0,0
ABS_PE,D,20101123,000000,5.74405,5.74405,5.5265,5.7006,0,0
ABS_PE,D,20101124,000000,5.7006,5.7006,5.48315,5.57004,0,0
ABS_PE,D,20101125,000000,5.74405,5.74405,5.57004,5.65725,0,0
ABS_PE,D,20101126,000000,5.7006,5.74405,5.7006,5.74405,0,0
ABS_PE,D,20101129,000000,5.74405,5.74405,5.48315,5.48315,0,0
ABS_PE,D,20101130,000000,5.48315,5.61372,5.48315,5.48315,0,0
ABS_PE,D,20101201,000000,5.48315,5.74405,5.48315,5.74405,0,0
ABS_PE,D,20101202,000000,5.74405,5.91881,5.57004,5.57004,0,0
ABS_PE,D,20101203,000000,5.65725,5.65725,5.61372,5.61372,0,0
ABS_PE,D,20101206,000000,5.78766,5.78766,5.65725,5.7006,0,0
ABS_PE,D,20101208,000000,5.78766,5.78766,5.5265,5.61372,0,0
ABS_PE,D,20101209,000000,5.5265,5.78766,5.5265,5.78766,0,0
ABS_PE,D,20101210,000000,5.78766,5.78766,5.61372,5.7006,0,0
ABS_PE,D,20101213,000000,5.7006,5.7006,5.5265,5.61372,0,0
ABS_PE,D,20101214,000000,5.7006,5.78766,5.7006,5.74405,0,0
ABS_PE,D,20101215,000000,5.78766,5.87436,5.78766,5.87436,0,0
ABS_PE,D,20101216,000000,5.87436,6.0924,5.87436,5.96208,0,0
ABS_PE,D,20101217,000000,6.0924,6.17921,6.0924,6.13585,0,0
ABS_PE,D,20101220,000000,6.17921,6.17921,6.13585,6.13585,0,0
ABS_PE,D,20101221,000000,6.13585,6.13585,6.13585,6.13585,0,0
ABS_PE,D,20101222,000000,6.17921,6.17921,6.13585,6.13585,0,0
ABS_PE,D,20101223,000000,6.13585,6.30944,6.13585,6.30944,0,0
ABS_PE,D,20101227,000000,6.48396,6.5274,6.39624,6.5274,0,0
ABS_PE,D,20101228,000000,6.5274,6.57084,6.48396,6.57084,0,0
ABS_PE,D,20101229,000000,6.6157,6.6157,6.43926,6.5274,0,0
ABS_PE,D,20101230,000000,6.6157,6.74677,6.56951,6.69992,0,0
ABS_PE,D,20101231,000000,6.69992,6.83057,6.69992,6.78789,0,0
ABS_PE,D,20110103,000000,6.78789,7.0923,6.70125,6.78789,0,0
ABS_PE,D,20110104,000000,6.78789,6.78789,6.65781,6.65781,0,0
ABS_PE,D,20110105,000000,6.61436,6.70125,6.35314,6.5274,0,0
ABS_PE,D,20110107,000000,6.57084,6.70125,6.57084,6.70125,0,0
ABS_PE,D,20110110,000000,6.70125,6.70125,6.44069,6.61436,0,0
ABS_PE,D,20110111,000000,6.57084,6.57084,6.5274,6.5274,0,0
ABS_PE,D,20110112,000000,6.57084,6.57084,6.5274,6.5274,0,0
ABS_PE,D,20110113,000000,6.5274,6.70125,6.5274,6.57084,0,0
ABS_PE,D,20110114,000000,6.70125,6.70125,6.48396,6.57084,0,0
ABS_PE,D,20110117,000000,6.5274,6.5274,6.48396,6.48396,0,0
ABS_PE,D,20110118,000000,6.48396,6.61436,6.26634,6.5274,0,0
ABS_PE,D,20110119,000000,6.57084,6.57084,6.5274,6.5274,0,0
ABS_PE,D,20110120,000000,6.5274,6.57084,6.5274,6.5274,0,0
ABS_PE,D,20110121,000000,6.57084,6.57084,6.5274,6.57084,0,0
ABS_PE,D,20110124,000000,6.61436,6.70125,6.57084,6.65781,0,0
ABS_PE,D,20110125,000000,6.48396,6.61436,6.44069,6.44069,0,0
ABS_PE,D,20110126,000000,6.35314,6.44069,6.35314,6.44069,0,0
ABS_PE,D,20110127,000000,6.48396,6.48396,6.35314,6.39624,0,0
ABS_PE,D,20110128,000000,6.39624,6.39624,6.39624,6.39624,0,0
ABS_PE,D,20110131,000000,6.5274,6.5274,6.5274,6.5274,0,0
ABS_PE,D,20110201,000000,6.39624,6.5274,6.39624,6.48396,0,0
ABS_PE,D,20110202,000000,6.44069,6.44069,6.35314,6.35314,0,0
ABS_PE,D,20110203,000000,6.35314,6.35314,6.30944,6.30944,0,0
ABS_PE,D,20110204,000000,6.39624,6.39624,6.30944,6.30944,0,0
ABS_PE,D,20110207,000000,6.04896,6.35314,6.04896,6.35314,0,0
ABS_PE,D,20110208,000000,6.39624,6.39624,6.26634,6.30944,0,0
ABS_PE,D,20110209,000000,6.30944,6.30944,6.17921,6.30944,0,0
ABS_PE,D,20110210,000000,6.22249,6.30944,6.22249,6.30944,0,0
ABS_PE,D,20110211,000000,6.22249,6.39624,6.22249,6.39624,0,0
ABS_PE,D,20110214,000000,6.30944,6.30944,6.22249,6.22249,0,0
ABS_PE,D,20110215,000000,6.22249,6.44069,6.22249,6.39624,0,0
ABS_PE,D,20110216,000000,6.44069,6.5274,6.39624,6.39624,0,0
ABS_PE,D,20110217,000000,6.44069,6.44069,6.39624,6.39624,0,0
ABS_PE,D,20110218,000000,6.48396,6.48396,6.39624,6.39624,0,0
ABS_PE,D,20110221,000000,6.48396,6.48396,6.35314,6.35314,0,0
ABS_PE,D,20110222,000000,6.30944,6.35314,6.30944,6.30944,0,0
ABS_PE,D,20110223,000000,6.44069,6.44069,6.30944,6.30944,0,0
ABS_PE,D,20110224,000000,6.44069,6.44069,6.39624,6.39624,0,0
ABS_PE,D,20110225,000000,6.39624,6.39624,6.35314,6.39624,0,0
ABS_PE,D,20110228,000000,6.43926,6.43926,6.30737,6.30737,0,0
ABS_PE,D,20110301,000000,6.39624,6.44069,6.30944,6.44069,0,0
ABS_PE,D,20110302,000000,6.44069,6.44069,6.44069,6.44069,0,0
ABS_PE,D,20110303,000000,6.30944,6.44069,6.30944,6.35314,0,0
ABS_PE,D,20110304,000000,6.44069,6.44069,6.30944,6.30944,0,0
ABS_PE,D,20110307,000000,6.30944,6.44069,6.30944,6.30944,0,0
ABS_PE,D,20110308,000000,6.30944,6.30944,6.26634,6.30944,0,0
ABS_PE,D,20110309,000000,6.44069,6.44069,6.35314,6.35314,0,0
ABS_PE,D,20110310,000000,6.44069,6.70125,6.35314,6.61436,0,0
ABS_PE,D,20110311,000000,6.61436,6.70125,6.48396,6.61436,0,0
ABS_PE,D,20110314,000000,6.70125,6.70125,6.04896,6.04896,0,0
ABS_PE,D,20110315,000000,6.0924,6.22249,6.04896,6.13585,0,0
ABS_PE,D,20110316,000000,6.0924,6.0924,5.96208,6.00552,0,0
ABS_PE,D,20110317,000000,5.96341,6.04714,5.96341,6.00552,0,0
ABS_PE,D,20110318,000000,6.00552,6.00552,5.96208,6.00552,0,0
ABS_PE,D,20110321,000000,6.04896,6.0924,6.00552,6.00552,0,0
ABS_PE,D,20110322,000000,6.0924,6.0924,5.91881,5.96208,0,0
ABS_PE,D,20110323,000000,6.0924,6.0924,5.96208,5.96208,0,0
ABS_PE,D,20110324,000000,5.96208,6.04896,5.96208,6.00552,0,0
ABS_PE,D,20110325,000000,6.04896,6.04896,6.00552,6.04896,0,0
ABS_PE,D,20110328,000000,6.0924,6.0924,6.04896,6.04896,0,0
ABS_PE,D,20110329,000000,6.04896,6.04896,5.96208,6.00552,0,0
ABS_PE,D,20110330,000000,6.00552,6.00552,6.00552,6.00552,0,0
ABS_PE,D,20110331,000000,6.00552,6.09424,5.96341,6.04714,0,0
ABS_PE,D,20110401,000000,6.0924,6.0924,6.00552,6.0924,0,0
ABS_PE,D,20110404,000000,6.0924,6.13585,6.0924,6.0924,0,0
ABS_PE,D,20110405,000000,6.04714,6.13585,6.04714,6.09424,0,0
ABS_PE,D,20110406,000000,6.13585,6.13585,6.04896,6.13585,0,0
ABS_PE,D,20110407,000000,6.13585,6.13585,6.04714,6.09424,0,0
ABS_PE,D,20110408,000000,6.04896,6.13585,6.04896,6.0924,0,0
ABS_PE,D,20110411,000000,6.0924,6.17921,6.0924,6.13585,0,0
ABS_PE,D,20110412,000000,6.17737,6.17737,6.09424,6.13585,0,0
ABS_PE,D,20110413,000000,6.13585,6.17921,6.13585,6.17921,0,0
ABS_PE,D,20110414,000000,6.17921,6.35314,6.13585,6.35314,0,0
ABS_PE,D,20110415,000000,6.26634,6.35314,6.26634,6.35314,0,0
ABS_PE,D,20110418,000000,6.35314,6.39624,6.26634,6.26634,0,0
ABS_PE,D,20110419,000000,6.26634,6.35314,6.26634,6.35314,0,0
ABS_PE,D,20110420,000000,6.39624,6.39624,6.39624,6.39624,0,0
ABS_PE,D,20110421,000000,6.39624,6.48396,6.39624,6.39624,0,0
ABS_PE,D,20110426,000000,6.39624,6.48537,6.39624,6.48537,0,0
ABS_PE,D,20110427,000000,6.48396,6.5274,6.44069,6.5274,0,0
ABS_PE,D,20110428,000000,6.5274,6.57084,6.5274,6.5274,0,0
ABS_PE,D,20110429,000000,6.5274,6.5274,6.30737,6.39624,0,0
ABS_PE,D,20110502,000000,6.39624,6.48396,6.39624,6.48396,0,0
ABS_PE,D,20110504,000000,6.5274,6.5274,6.48537,6.5274,0,0
ABS_PE,D,20110505,000000,6.5274,6.6157,6.09424,6.09424,0,0
ABS_PE,D,20110506,000000,6.09424,6.17737,5.96341,5.96341,0,0
ABS_PE,D,20110509,000000,6.00552,6.09424,5.96341,6.09424,0,0
ABS_PE,D,20110510,000000,6.09424,6.17737,6.09424,6.13585,0,0
ABS_PE,D,20110511,000000,6.13585,6.17737,6.13585,6.13585,0,0
ABS_PE,D,20110512,000000,6.10722,6.10722,5.87436,6.01485,0,0
ABS_PE,D,20110513,000000,6.10722,6.10722,6.01485,6.01485,0,0
ABS_PE,D,20110516,000000,6.06145,6.06145,6.01485,6.01485,0,0
ABS_PE,D,20110517,000000,5.96783,5.96783,5.40826,5.40826,0,0
ABS_PE,D,20110518,000000,5.40826,5.64185,5.40826,5.64185,0,0
ABS_PE,D,20110519,000000,5.64185,5.64185,5.59483,5.59483,0,0
ABS_PE,D,20110520,000000,5.59483,5.87436,5.59483,5.87436,0,0
ABS_PE,D,20110523,000000,5.92114,5.92114,5.8281,5.8281,0,0
ABS_PE,D,20110524,000000,5.8281,6.01485,5.8281,5.87436,0,0
ABS_PE,D,20110525,000000,5.87436,5.96783,5.8281,5.8281,0,0
ABS_PE,D,20110526,000000,5.8281,5.92114,5.68829,5.87436,0,0
ABS_PE,D,20110527,000000,5.87436,5.96783,5.87436,5.96783,0,0
ABS_PE,D,20110530,000000,5.96783,6.01485,5.92114,6.01485,0,0
ABS_PE,D,20110531,000000,6.01485,6.01485,5.92114,5.92114,0,0
ABS_PE,D,20110601,000000,5.92114,5.92114,5.8281,5.87436,0,0
ABS_PE,D,20110602,000000,6.01485,6.01485,5.45494,5.96783,0,0
ABS_PE,D,20110603,000000,5.8281,5.96783,5.8281,5.92114,0,0
ABS_PE,D,20110606,000000,5.92114,5.92114,5.78166,5.87436,0,0
ABS_PE,D,20110607,000000,5.87436,5.87436,5.87436,5.87436,0,0
ABS_PE,D,20110608,000000,5.92114,5.92114,5.87436,5.92114,0,0
ABS_PE,D,20110609,000000,5.87436,5.87436,5.87436,5.87436,0,0
ABS_PE,D,20110613,000000,5.78166,5.87436,5.78166,5.87436,0,0
ABS_PE,D,20110614,000000,5.8281,5.87436,5.73465,5.8281,0,0
ABS_PE,D,20110615,000000,5.78166,5.8281,5.59483,5.59483,0,0
ABS_PE,D,20110616,000000,5.59483,5.73465,5.59483,5.73465,0,0
ABS_PE,D,20110617,000000,5.73465,5.78166,5.64185,5.78166,0,0
ABS_PE,D,20110620,000000,5.64185,5.87436,5.64185,5.87436,0,0
ABS_PE,D,20110621,000000,5.8281,5.87436,5.8281,5.87436,0,0
ABS_PE,D,20110622,000000,5.87436,5.92114,5.87436,5.87436,0,0
ABS_PE,D,20110627,000000,5.8281,5.8281,5.64185,5.68829,0,0
ABS_PE,D,20110628,000000,5.64185,5.73465,5.59483,5.73465,0,0
ABS_PE,D,20110629,000000,5.8281,5.92114,5.64185,5.92114,0,0
ABS_PE,D,20110630,000000,5.92114,5.92114,5.87436,5.87436,0,0
ABS_PE,D,20110701,000000,5.87436,5.87436,5.8281,5.87436,0,0
ABS_PE,D,20110704,000000,5.92114,5.92114,5.87436,5.87436,0,0
ABS_PE,D,20110705,000000,5.8281,5.92114,5.8281,5.92114,0,0
ABS_PE,D,20110706,000000,5.87436,5.87436,5.8281,5.8281,0,0
ABS_PE,D,20110707,000000,5.78166,5.87436,5.78166,5.87436,0,0
ABS_PE,D,20110708,000000,5.50179,5.68829,5.50179,5.59483,0,0
ABS_PE,D,20110711,000000,5.59483,5.64185,5.54807,5.59483,0,0
ABS_PE,D,20110712,000000,5.59483,5.59483,5.17532,5.45494,0,0
ABS_PE,D,20110713,000000,5.59483,5.59483,5.54807,5.54807,0,0
ABS_PE,D,20110714,000000,5.40826,5.59483,5.40826,5.50179,0,0
ABS_PE,D,20110715,000000,5.59483,5.59483,5.3619,5.3619,0,0
ABS_PE,D,20110718,000000,5.45494,5.45494,5.40826,5.45494,0,0
ABS_PE,D,20110719,000000,5.45494,5.45494,5.0355,5.31512,0,0
ABS_PE,D,20110720,000000,5.31512,5.45494,5.31512,5.40826,0,0
ABS_PE,D,20110721,000000,5.31512,5.45494,5.31512,5.40826,0,0
ABS_PE,D,20110722,000000,5.45494,5.45494,5.31512,5.3619,0,0
ABS_PE,D,20110725,000000,5.45494,5.45494,5.31512,5.31512,0,0
ABS_PE,D,20110726,000000,5.31512,5.31512,5.31512,5.31512,0,0
ABS_PE,D,20110727,000000,5.31512,5.31512,5.12863,5.17532,0,0
ABS_PE,D,20110728,000000,5.12863,5.45494,4.98882,5.45494,0,0
ABS_PE,D,20110729,000000,5.31512,5.45494,5.12863,5.22185,0,0
ABS_PE,D,20110801,000000,5.3619,5.3619,5.17532,5.17532,0,0
ABS_PE,D,20110802,000000,5.26836,5.26836,5.22185,5.22185,0,0
ABS_PE,D,20110803,000000,5.31512,5.31512,5.0355,5.0355,0,0
ABS_PE,D,20110804,000000,5.08211,5.08211,4.5693,4.61582,0,0
ABS_PE,D,20110805,000000,4.42932,4.61582,4.42932,4.52262,0,0
ABS_PE,D,20110808,000000,4.3362,4.38281,4.24283,4.24283,0,0
ABS_PE,D,20110809,000000,4.10302,4.10302,3.86984,3.86984,0,0
ABS_PE,D,20110810,000000,4.05633,4.38281,3.82315,3.86984,0,0
ABS_PE,D,20110811,000000,3.96321,4.24283,3.96321,4.24283,0,0
ABS_PE,D,20110812,000000,4.42932,4.42932,4.24283,4.42932,0,0
ABS_PE,D,20110816,000000,4.61582,4.66242,4.5693,4.61582,0,0
ABS_PE,D,20110817,000000,4.66242,4.66242,4.61582,4.66242,0,0
ABS_PE,D,20110818,000000,4.75572,4.75572,4.42932,4.5693,0,0
ABS_PE,D,20110819,000000,4.66242,4.66242,4.42932,4.61582,0,0
ABS_PE,D,20110822,000000,4.52262,4.61582,4.52262,4.52262,0,0
ABS_PE,D,20110823,000000,4.52262,4.5693,4.52262,4.5693,0,0
ABS_PE,D,20110824,000000,4.5693,4.5693,4.47602,4.47602,0,0
ABS_PE,D,20110825,000000,4.38281,4.47602,4.38281,4.47602,0,0
ABS_PE,D,20110826,000000,4.47602,4.47602,4.47602,4.47602,0,0
ABS_PE,D,20110829,000000,4.61582,4.70911,4.61582,4.70911,0,0
ABS_PE,D,20110830,000000,4.70911,4.80232,4.70911,4.80232,0,0
ABS_PE,D,20110831,000000,4.80232,4.80232,4.80232,4.80232,0,0
ABS_PE,D,20110901,000000,4.75572,4.80232,4.66242,4.66242,0,0
ABS_PE,D,20110902,000000,4.75572,4.75572,4.61582,4.61582,0,0
ABS_PE,D,20110905,000000,4.61582,4.61582,4.61582,4.61582,0,0
ABS_PE,D,20110907,000000,4.52262,4.61582,4.47602,4.5693,0,0
ABS_PE,D,20110908,000000,4.61582,4.61582,4.52262,4.52262,0,0
ABS_PE,D,20110909,000000,4.52262,4.5693,4.38281,4.38281,0,0
ABS_PE,D,20110912,000000,4.5693,4.80232,3.96321,4.38281,0,0
ABS_PE,D,20110913,000000,4.80232,4.80232,4.80232,4.80232,0,0
ABS_PE,D,20110914,000000,4.5693,4.5693,4.38281,4.38281,0,0
ABS_PE,D,20110915,000000,4.42932,4.47602,4.38281,4.47602,0,0
ABS_PE,D,20110920,000000,4.47602,4.47602,4.38281,4.38281,0,0
ABS_PE,D,20110921,000000,4.38281,4.42932,4.38281,4.42932,0,0
ABS_PE,D,20110922,000000,4.47602,4.47602,4.42932,4.42932,0,0
ABS_PE,D,20110923,000000,4.42932,4.42932,4.42932,4.42932,0,0
ABS_PE,D,20110927,000000,4.52262,4.52262,4.42932,4.47602,0,0
ABS_PE,D,20110928,000000,4.61582,4.61582,4.61582,4.61582,0,0
ABS_PE,D,20110929,000000,4.75572,4.80232,4.61582,4.80232,0,0
ABS_PE,D,20110930,000000,4.84892,4.98882,4.80232,4.98882,0,0
ABS_PE,D,20111003,000000,4.89552,4.89552,4.84892,4.84892,0,0
ABS_PE,D,20111004,000000,5.08211,5.08211,4.75572,4.75572,0,0
ABS_PE,D,20111005,000000,4.75572,4.75572,4.75572,4.75572,0,0
ABS_PE,D,20111006,000000,4.75572,4.98882,4.75572,4.98882,0,0
ABS_PE,D,20111007,000000,5.0355,5.08211,4.98882,5.0355,0,0
ABS_PE,D,20111010,000000,5.08211,5.12863,4.94214,5.12863,0,0
ABS_PE,D,20111011,000000,4.98882,5.12863,4.94214,4.94214,0,0
ABS_PE,D,20111012,000000,5.0355,5.0355,4.98882,4.98882,0,0
ABS_PE,D,20111013,000000,5.08211,5.12863,4.98882,5.12863,0,0
ABS_PE,D,20111014,000000,5.12863,5.12863,4.98882,4.98882,0,0
ABS_PE,D,20111017,000000,4.89552,4.89552,4.75572,4.84892,0,0
ABS_PE,D,20111018,000000,4.84892,4.84892,4.70911,4.70911,0,0
ABS_PE,D,20111019,000000,4.75572,4.75572,4.75572,4.75572,0,0
ABS_PE,D,20111020,000000,4.75572,4.84892,4.61582,4.75572,0,0
ABS_PE,D,20111021,000000,4.61582,4.75572,4.61582,4.75572,0,0
ABS_PE,D,20111024,000000,4.89552,4.89552,4.89552,4.89552,0,0
ABS_PE,D,20111025,000000,4.75572,4.89552,4.75572,4.89552,0,0
ABS_PE,D,20111026,000000,4.80232,4.89552,4.80232,4.84892,0,0
ABS_PE,D,20111027,000000,4.80232,4.84892,4.80232,4.84892,0,0
ABS_PE,D,20111028,000000,4.84892,4.84892,4.80232,4.84892,0,0
ABS_PE,D,20111031,000000,4.84892,4.84892,4.84892,4.84892,0,0
ABS_PE,D,20111102,000000,4.70911,4.84892,4.70911,4.80232,0,0
ABS_PE,D,20111103,000000,4.80232,4.84892,4.80232,4.84892,0,0
ABS_PE,D,20111104,000000,4.84892,4.89552,4.84892,4.84892,0,0
ABS_PE,D,20111107,000000,4.89552,4.98882,4.89552,4.98882,0,0
ABS_PE,D,20111108,000000,4.98882,5.22185,4.98882,5.17532,0,0
ABS_PE,D,20111109,000000,5.17532,5.17532,5.0355,5.08211,0,0
ABS_PE,D,20111110,000000,5.12863,5.12863,4.89552,5.08211,0,0
ABS_PE,D,20111114,000000,5.12863,5.12863,5.08211,5.08211,0,0
ABS_PE,D,20111115,000000,4.98882,5.17532,4.98882,5.17532,0,0
ABS_PE,D,20111116,000000,5.17532,5.17532,5.12863,5.17532,0,0
ABS_PE,D,20111117,000000,5.12863,5.17532,5.12863,5.12863,0,0
ABS_PE,D,20111118,000000,4.98882,4.98882,4.98882,4.98882,0,0
ABS_PE,D,20111121,000000,4.94214,4.98882,4.94214,4.98882,0,0
ABS_PE,D,20111122,000000,4.98882,4.98882,4.98882,4.98882,0,0
ABS_PE,D,20111123,000000,5.08211,5.08211,4.98882,4.98882,0,0
ABS_PE,D,20111124,000000,4.98882,4.98882,4.98882,4.98882,0,0
ABS_PE,D,20111128,000000,4.98882,5.08211,4.98882,5.0355,0,0
ABS_PE,D,20111129,000000,4.94214,5.0355,4.94214,5.0355,0,0
ABS_PE,D,20111130,000000,4.94396,5.08253,4.94396,5.08253,0,0
ABS_PE,D,20111201,000000,5.08211,5.08211,4.94214,4.98882,0,0
ABS_PE,D,20111202,000000,4.98882,5.0355,4.84892,5.0355,0,0
ABS_PE,D,20111205,000000,5.0355,5.0355,4.94214,4.94214,0,0
ABS_PE,D,20111206,000000,4.84892,4.94214,4.84892,4.94214,0,0
ABS_PE,D,20111207,000000,4.89552,4.94214,4.84892,4.84892,0,0
ABS_PE,D,20111208,000000,4.84892,4.84892,4.84892,4.84892,0,0
ABS_PE,D,20111209,000000,4.94214,4.94214,4.84892,4.84892,0,0
ABS_PE,D,20111213,000000,4.84892,4.84892,4.84892,4.84892,0,0
ABS_PE,D,20111214,000000,4.84892,4.84892,4.80232,4.80232,0,0
ABS_PE,D,20111215,000000,4.75572,4.80232,4.66242,4.66242,0,0
ABS_PE,D,20111216,000000,4.70911,4.70911,4.52262,4.66242,0,0
ABS_PE,D,20111219,000000,4.66242,4.66242,4.47602,4.47602,0,0
ABS_PE,D,20111220,000000,4.38281,4.38281,4.3362,4.3362,0,0
ABS_PE,D,20111221,000000,4.3362,4.3362,4.24283,4.28951,0,0
ABS_PE,D,20111222,000000,4.28951,4.42932,4.28951,4.28951,0,0
ABS_PE,D,20111223,000000,4.28951,4.66242,4.28951,4.66242,0,0
ABS_PE,D,20111227,000000,4.70911,4.70911,4.28951,4.66242,0,0
ABS_PE,D,20111228,000000,4.61582,4.66242,4.61582,4.66242,0,0
ABS_PE,D,20111229,000000,4.66242,4.70911,4.66242,4.66242,0,0
ABS_PE,D,20111230,000000,4.66201,4.70812,4.66201,4.70812,0,0
ABS_PE,D,20120102,000000,4.70911,4.70911,4.70911,4.70911,0,0
ABS_PE,D,20120103,000000,4.80232,5.08211,4.80232,5.0355,0,0
ABS_PE,D,20120104,000000,4.89552,4.89552,4.80232,4.84892,0,0
ABS_PE,D,20120105,000000,4.70911,4.80232,4.70911,4.75572,0,0
ABS_PE,D,20120109,000000,4.75572,4.80232,4.66242,4.80232,0,0
ABS_PE,D,20120110,000000,4.70911,5.0355,4.66242,4.84892,0,0
ABS_PE,D,20120111,000000,4.84892,4.98882,4.5693,4.5693,0,0
ABS_PE,D,20120112,000000,4.66242,4.66242,4.66242,4.66242,0,0
ABS_PE,D,20120113,000000,4.75572,4.75572,4.61582,4.70911,0,0
ABS_PE,D,20120116,000000,4.80232,4.80232,4.66242,4.70911,0,0
ABS_PE,D,20120117,000000,4.66242,4.66242,4.61582,4.66242,0,0
ABS_PE,D,20120118,000000,4.66242,4.66242,4.5693,4.5693,0,0
ABS_PE,D,20120119,000000,4.61582,4.66242,4.61582,4.66242,0,0
ABS_PE,D,20120120,000000,4.66242,4.66242,4.5693,4.5693,0,0
ABS_PE,D,20120123,000000,4.61582,4.75572,4.61582,4.75572,0,0
ABS_PE,D,20120124,000000,4.66242,4.80232,4.66242,4.75572,0,0
ABS_PE,D,20120125,000000,4.75572,4.89552,4.75572,4.80232,0,0
ABS_PE,D,20120126,000000,4.80232,4.98882,4.80232,4.98882,0,0
ABS_PE,D,20120127,000000,4.98882,4.98882,4.98882,4.98882,0,0
ABS_PE,D,20120130,000000,4.89552,5.0355,4.89552,5.0355,0,0
ABS_PE,D,20120131,000000,5.03633,5.1749,5.03633,5.1749,0,0
ABS_PE,D,20120201,000000,5.17532,5.26836,5.08211,5.12863,0,0
ABS_PE,D,20120202,000000,5.12863,5.12863,5.12863,5.12863,0,0
ABS_PE,D,20120203,000000,5.12863,5.17532,5.12863,5.17532,0,0
ABS_PE,D,20120206,000000,5.31512,5.31512,4.98882,5.31512,0,0
ABS_PE,D,20120207,000000,5.31512,5.45494,5.17532,5.3619,0,0
ABS_PE,D,20120208,000000,5.22185,5.26836,5.22185,5.26836,0,0
ABS_PE,D,20120209,000000,5.22185,5.26836,5.22185,5.22185,0,0
ABS_PE,D,20120210,000000,5.22185,5.45494,5.22185,5.40826,0,0
ABS_PE,D,20120213,000000,5.40826,5.40826,5.31512,5.40826,0,0
ABS_PE,D,20120214,000000,5.40826,5.40826,5.3619,5.3619,0,0
ABS_PE,D,20120215,000000,5.3619,5.45494,5.3619,5.40826,0,0
ABS_PE,D,20120216,000000,5.45494,5.45494,5.45494,5.45494,0,0
ABS_PE,D,20120217,000000,5.45494,5.45494,5.40826,5.40826,0,0
ABS_PE,D,20120220,000000,5.3619,5.3619,5.31512,5.3619,0,0
ABS_PE,D,20120221,000000,5.40826,5.40826,5.3619,5.40826,0,0
ABS_PE,D,20120222,000000,5.45494,5.45494,5.40826,5.40826,0,0
ABS_PE,D,20120223,000000,5.40826,5.40826,5.40826,5.40826,0,0
ABS_PE,D,20120224,000000,5.40826,5.40826,5.3619,5.3619,0,0
ABS_PE,D,20120227,000000,5.31512,5.3619,5.31512,5.3619,0,0
ABS_PE,D,20120228,000000,5.31512,5.31512,5.31512,5.31512,0,0
ABS_PE,D,20120229,000000,5.1749,5.31345,5.1749,5.31345,0,0
ABS_PE,D,20120301,000000,5.45494,5.45494,5.26836,5.26836,0,0
ABS_PE,D,20120302,000000,5.3619,5.3619,5.0355,5.0355,0,0
ABS_PE,D,20120305,000000,5.0355,5.17532,4.94214,4.94214,0,0
ABS_PE,D,20120306,000000,5.0355,5.26836,5.0355,5.26836,0,0
ABS_PE,D,20120307,000000,5.26836,5.40826,5.26836,5.26836,0,0
ABS_PE,D,20120308,000000,5.12863,5.26836,5.12863,5.26836,0,0
ABS_PE,D,20120309,000000,5.26836,5.26836,5.17532,5.17532,0,0
ABS_PE,D,20120312,000000,5.22185,5.3619,5.17532,5.3619,0,0
ABS_PE,D,20120313,000000,5.3619,5.50179,5.3619,5.3619,0,0
ABS_PE,D,20120314,000000,5.50179,5.59483,5.40826,5.59483,0,0
ABS_PE,D,20120315,000000,5.64185,5.64185,5.59483,5.64185,0,0
ABS_PE,D,20120316,000000,5.64185,5.64185,5.64185,5.64185,0,0
ABS_PE,D,20120319,000000,5.64185,5.64185,5.50179,5.50179,0,0
ABS_PE,D,20120320,000000,5.50179,5.64185,5.50179,5.59483,0,0
ABS_PE,D,20120322,000000,5.59483,5.59483,5.40826,5.40826,0,0
ABS_PE,D,20120323,000000,5.3619,5.59483,5.3619,5.59483,0,0
ABS_PE,D,20120326,000000,5.59483,5.59483,5.59483,5.59483,0,0
ABS_PE,D,20120327,000000,5.54807,5.59483,5.54807,5.59483,0,0
ABS_PE,D,20120328,000000,5.50179,5.59483,5.50179,5.54807,0,0
ABS_PE,D,20120329,000000,5.54807,5.54807,5.50179,5.50179,0,0
ABS_PE,D,20120330,000000,5.5955,5.5955,5.50288,5.5955,0,0
ABS_PE,D,20120402,000000,5.54807,5.54807,5.50179,5.50179,0,0
ABS_PE,D,20120403,000000,5.59483,5.59483,5.50179,5.59483,0,0
ABS_PE,D,20120404,000000,5.50288,5.54923,5.50288,5.54923,0,0
ABS_PE,D,20120405,000000,5.54923,5.54923,5.50288,5.54923,0,0
ABS_PE,D,20120410,000000,5.54807,5.54807,5.50179,5.50179,0,0
ABS_PE,D,20120411,000000,5.50179,5.59483,5.45494,5.59483,0,0
ABS_PE,D,20120412,000000,5.59483,5.59483,5.59483,5.59483,0,0
ABS_PE,D,20120413,000000,5.59483,5.59483,5.50179,5.50179,0,0
ABS_PE,D,20120416,000000,5.59483,5.59483,5.50179,5.54807,0,0
ABS_PE,D,20120417,000000,5.54923,5.5955,5.54923,5.5955,0,0
ABS_PE,D,20120418,000000,5.59483,5.64185,5.59483,5.59483,0,0
ABS_PE,D,20120419,000000,5.64185,5.64185,5.59483,5.59483,0,0
ABS_PE,D,20120420,000000,5.54923,5.54923,5.50288,5.50288,0,0
ABS_PE,D,20120423,000000,5.54807,5.54807,5.40826,5.50179,0,0
ABS_PE,D,20120424,000000,5.40826,5.40826,5.40826,5.40826,0,0
ABS_PE,D,20120425,000000,5.3619,5.3619,5.3619,5.3619,0,0
ABS_PE,D,20120426,000000,5.45494,5.50179,5.45494,5.50179,0,0
ABS_PE,D,20120427,000000,5.50288,5.50288,5.50288,5.50288,0,0
ABS_PE,D,20120430,000000,5.50288,5.50288,5.50288,5.50288,0,0
ABS_PE,D,20120502,000000,5.50288,5.50288,5.50288,5.50288,0,0
ABS_PE,D,20120504,000000,5.50288,5.50288,5.50288,5.50288,0,0
ABS_PE,D,20120507,000000,5.50288,5.5955,5.50288,5.54923,0,0
ABS_PE,D,20120508,000000,5.5955,5.5955,5.50288,5.54923,0,0
ABS_PE,D,20120509,000000,5.54923,5.5955,5.50288,5.50288,0,0
ABS_PE,D,20120510,000000,5.69287,5.94919,5.43622,5.94919,0,0
ABS_PE,D,20120511,000000,6.00062,6.20568,6.00062,6.15441,0,0
ABS_PE,D,20120514,000000,6.25644,6.25644,6.10355,6.20568,0,0
ABS_PE,D,20120515,000000,5.59075,6.15441,5.59075,6.10355,0,0
ABS_PE,D,20120516,000000,6.10355,6.10355,5.94919,5.94919,0,0
ABS_PE,D,20120517,000000,5.94919,5.94919,5.94919,5.94919,0,0
ABS_PE,D,20120518,000000,5.94919,6.00062,5.74405,5.74405,0,0
ABS_PE,D,20120521,000000,5.89759,5.89759,5.74405,5.79523,0,0
ABS_PE,D,20120522,000000,6.00062,6.00062,6.00062,6.00062,0,0
ABS_PE,D,20120523,000000,5.84683,5.84683,5.64185,5.84683,0,0
ABS_PE,D,20120524,000000,5.79523,5.84683,5.79523,5.84683,0,0
ABS_PE,D,20120525,000000,5.79523,5.84683,5.79523,5.79523,0,0
ABS_PE,D,20120528,000000,5.89759,5.89759,5.74405,5.89759,0,0
ABS_PE,D,20120529,000000,6.00062,6.00062,5.94919,5.94919,0,0
ABS_PE,D,20120530,000000,5.94919,5.94919,5.94919,5.94919,0,0
ABS_PE,D,20120531,000000,5.94919,5.94919,5.94919,5.94919,0,0
ABS_PE,D,20120601,000000,5.94919,5.94919,5.79523,5.79523,0,0
ABS_PE,D,20120604,000000,5.79523,5.79523,5.79523,5.79523,0,0
ABS_PE,D,20120605,000000,5.69287,5.79523,5.69287,5.69287,0,0
ABS_PE,D,20120606,000000,5.53882,5.84683,5.43622,5.84683,0,0
ABS_PE,D,20120608,000000,5.84683,5.84683,5.64185,5.84683,0,0
ABS_PE,D,20120611,000000,5.53882,6.05205,5.53882,5.84683,0,0
ABS_PE,D,20120612,000000,5.69287,5.69287,5.53882,5.69287,0,0
ABS_PE,D,20120613,000000,5.59075,5.94919,5.59075,5.94919,0,0
ABS_PE,D,20120614,000000,5.79523,5.94919,5.64185,5.79523,0,0
ABS_PE,D,20120615,000000,5.69287,5.94919,5.69287,5.89759,0,0
ABS_PE,D,20120618,000000,5.94919,5.94919,5.79523,5.79523,0,0
ABS_PE,D,20120619,000000,5.94919,5.94919,5.79523,5.89759,0,0
ABS_PE,D,20120620,000000,5.74405,5.89759,5.69287,5.89759,0,0
ABS_PE,D,20120621,000000,5.64185,5.79523,5.64185,5.79523,0,0
ABS_PE,D,20120622,000000,5.94919,5.94919,5.59075,5.89759,0,0
ABS_PE,D,20120625,000000,5.59075,5.79523,5.59075,5.79523,0,0
ABS_PE,D,20120626,000000,5.94919,5.94919,5.79523,5.79523,0,0
ABS_PE,D,20120627,000000,5.74405,5.89759,5.74405,5.84683,0,0
ABS_PE,D,20120628,000000,5.89759,5.89759,5.89759,5.89759,0,0
ABS_PE,D,20120629,000000,5.84683,5.84683,5.84683,5.84683,0,0
ABS_PE,D,20120702,000000,5.74405,5.84683,5.69287,5.69287,0,0
ABS_PE,D,20120703,000000,5.69287,5.69287,5.48765,5.48765,0,0
ABS_PE,D,20120704,000000,5.69287,5.69287,5.48765,5.48765,0,0
ABS_PE,D,20120705,000000,5.43622,5.74405,5.43622,5.74405,0,0
ABS_PE,D,20120706,000000,5.64185,5.74405,5.59075,5.74405,0,0
ABS_PE,D,20120709,000000,5.79523,5.79523,5.43622,5.43622,0,0
ABS_PE,D,20120710,000000,5.64185,5.64185,5.28266,5.28266,0,0
ABS_PE,D,20120711,000000,5.38512,5.64185,5.28266,5.64185,0,0
ABS_PE,D,20120712,000000,5.64185,5.64185,5.53882,5.53882,0,0
ABS_PE,D,20120713,000000,5.53882,5.53882,5.38512,5.48765,0,0
ABS_PE,D,20120716,000000,5.59075,5.59075,5.02618,5.43622,0,0
ABS_PE,D,20120717,000000,5.59075,5.59075,5.17997,5.59075,0,0
ABS_PE,D,20120718,000000,5.23133,5.53882,5.23133,5.53882,0,0
ABS_PE,D,20120719,000000,5.38512,5.53882,5.38512,5.53882,0,0
ABS_PE,D,20120720,000000,5.59075,5.59075,5.17997,5.48765,0,0
ABS_PE,D,20120723,000000,5.53882,5.53882,5.33393,5.38512,0,0
ABS_PE,D,20120724,000000,5.38512,5.38512,5.23133,5.38512,0,0
ABS_PE,D,20120725,000000,5.23133,5.33393,5.17997,5.33393,0,0
ABS_PE,D,20120726,000000,5.33393,5.33393,5.33393,5.33393,0,0
ABS_PE,D,20120727,000000,5.28266,5.28266,5.17997,5.17997,0,0
ABS_PE,D,20120731,000000,5.17997,5.17997,5.17997,5.17997,0,0
ABS_PE,D,20120801,000000,5.17997,5.33393,5.17997,5.23133,0,0
ABS_PE,D,20120802,000000,5.43622,5.43622,5.23133,5.23133,0,0
ABS_PE,D,20120803,000000,5.23133,5.23133,5.17997,5.23133,0,0
ABS_PE,D,20120806,000000,5.23133,5.53882,5.23133,5.53882,0,0
ABS_PE,D,20120807,000000,5.48765,5.48765,5.48765,5.48765,0,0
ABS_PE,D,20120808,000000,5.59075,5.59075,5.23133,5.23133,0,0
ABS_PE,D,20120809,000000,5.53882,5.53882,5.23133,5.38512,0,0
ABS_PE,D,20120810,000000,5.28266,5.59075,5.23133,5.38512,0,0
ABS_PE,D,20120813,000000,5.38512,5.59075,5.38512,5.59075,0,0
ABS_PE,D,20120814,000000,5.53882,5.59075,5.48765,5.48765,0,0
ABS_PE,D,20120816,000000,5.38512,5.74405,5.17997,5.74405,0,0
ABS_PE,D,20120817,000000,5.94919,5.94919,5.74405,5.89759,0,0
ABS_PE,D,20120820,000000,5.64185,5.84683,5.59075,5.59075,0,0
ABS_PE,D,20120821,000000,5.79523,5.79523,5.59075,5.79523,0,0
ABS_PE,D,20120822,000000,5.79523,5.84683,5.64185,5.84683,0,0
ABS_PE,D,20120823,000000,5.84683,5.84683,5.84683,5.84683,0,0
ABS_PE,D,20120824,000000,5.84683,5.84683,5.69287,5.84683,0,0
ABS_PE,D,20120827,000000,5.84683,5.84683,5.59075,5.59075,0,0
ABS_PE,D,20120828,000000,5.59075,5.59075,5.59075,5.59075,0,0
ABS_PE,D,20120829,000000,5.59075,5.59075,5.59075,5.59075,0,0
ABS_PE,D,20120830,000000,5.59075,5.64185,5.59075,5.64185,0,0
ABS_PE,D,20120831,000000,5.59075,6.10355,5.59075,6.10355,0,0
ABS_PE,D,20120903,000000,6.10355,6.20568,6.10355,6.20568,0,0
ABS_PE,D,20120904,000000,6.20568,6.25644,6.20568,6.25644,0,0
ABS_PE,D,20120905,000000,5.84683,6.25644,5.84683,6.25644,0,0
ABS_PE,D,20120906,000000,5.84683,6.25644,5.84683,5.84683,0,0
ABS_PE,D,20120907,000000,6.15441,6.20568,5.84683,6.20568,0,0
ABS_PE,D,20120910,000000,6.20568,6.20568,5.94919,6.20568,0,0
ABS_PE,D,20120911,000000,6.25644,6.25644,6.00062,6.00062,0,0
ABS_PE,D,20120912,000000,6.00062,6.00062,6.00062,6.00062,0,0
ABS_PE,D,20120913,000000,6.00062,6.25644,6.00062,6.25644,0,0
ABS_PE,D,20120914,000000,6.25644,6.25644,6.00062,6.20568,0,0
ABS_PE,D,20120917,000000,6.25644,6.25644,6.20568,6.25644,0,0
ABS_PE,D,20120918,000000,5.94919,6.25644,5.94919,6.25644,0,0
ABS_PE,D,20120919,000000,6.25644,6.25644,6.15441,6.25644,0,0
ABS_PE,D,20120920,000000,6.00062,6.25644,6.00062,6.25644,0,0
ABS_PE,D,20120921,000000,6.25644,6.25644,6.00062,6.25644,0,0
ABS_PE,D,20120924,000000,6.20568,6.20568,6.20568,6.20568,0,0
ABS_PE,D,20120925,000000,6.05205,6.05205,6.00062,6.00062,0,0
ABS_PE,D,20120926,000000,6.00062,6.10355,6.00062,6.10355,0,0
ABS_PE,D,20120927,000000,6.00062,6.00062,5.89759,6.00062,0,0
ABS_PE,D,20120928,000000,6.00062,6.00062,6.00062,6.00062,0,0
ABS_PE,D,20121001,000000,5.94919,5.94919,5.89759,5.89759,0,0
ABS_PE,D,20121002,000000,5.84683,5.84683,5.59075,5.79523,0,0
ABS_PE,D,20121003,000000,5.79523,5.79523,5.59075,5.59075,0,0
ABS_PE,D,20121004,000000,5.69287,5.69287,5.59075,5.64185,0,0
ABS_PE,D,20121005,000000,5.64185,5.64185,5.64185,5.64185,0,0
ABS_PE,D,20121008,000000,5.64185,5.64185,5.59075,5.59075,0,0
ABS_PE,D,20121009,000000,5.64185,5.64185,5.38512,5.43622,0,0
ABS_PE,D,20121010,000000,5.43622,5.59075,5.43622,5.59075,0,0
ABS_PE,D,20121011,000000,5.59075,5.59075,5.59075,5.59075,0,0
ABS_PE,D,20121012,000000,5.69287,5.69287,5.59075,5.69287,0,0
ABS_PE,D,20121015,000000,5.74405,5.74405,5.74405,5.74405,0,0
ABS_PE,D,20121016,000000,5.74405,5.94919,5.74405,5.89759,0,0
ABS_PE,D,20121017,000000,5.64185,5.89759,5.64185,5.89759,0,0
ABS_PE,D,20121018,000000,5.89759,5.89759,5.74405,5.79523,0,0
ABS_PE,D,20121019,000000,5.74405,5.74405,5.74405,5.74405,0,0
ABS_PE,D,20121022,000000,5.64185,5.74405,5.64185,5.64185,0,0
ABS_PE,D,20121023,000000,5.64185,5.79523,5.48765,5.64185,0,0
ABS_PE,D,20121024,000000,5.53882,5.64185,5.53882,5.64185,0,0
ABS_PE,D,20121025,000000,5.64185,5.89759,5.64185,5.89759,0,0
ABS_PE,D,20121026,000000,5.84683,6.10355,5.84683,5.84683,0,0
ABS_PE,D,20121029,000000,6.00062,6.00062,5.84683,6.00062,0,0
ABS_PE,D,20121030,000000,6.00062,6.15441,6.00062,6.10355,0,0
ABS_PE,D,20121031,000000,6.10355,6.30737,6.10355,6.30737,0,0
ABS_PE,D,20121102,000000,6.30737,6.30737,6.15441,6.30737,0,0
ABS_PE,D,20121105,000000,6.30737,6.35971,6.20568,6.20568,0,0
ABS_PE,D,20121106,000000,6.35971,6.51375,6.20568,6.51375,0,0
ABS_PE,D,20121107,000000,6.51375,6.51375,6.15441,6.15441,0,0
ABS_PE,D,20121108,000000,6.15441,6.30737,6.15441,6.30737,0,0
ABS_PE,D,20121112,000000,6.20568,6.30737,6.10355,6.10355,0,0
ABS_PE,D,20121113,000000,6.05205,6.05205,6.05205,6.05205,0,0
ABS_PE,D,20121114,000000,6.15441,6.15441,6.15441,6.15441,0,0
ABS_PE,D,20121115,000000,6.20568,6.30737,6.15441,6.30737,0,0
ABS_PE,D,20121116,000000,6.30737,6.30737,6.30737,6.30737,0,0
ABS_PE,D,20121119,000000,6.25644,6.30737,6.25644,6.30737,0,0
ABS_PE,D,20121120,000000,6.35971,6.35971,6.15441,6.20568,0,0
ABS_PE,D,20121121,000000,6.20568,6.35971,6.15441,6.35971,0,0
ABS_PE,D,20121122,000000,6.35971,6.35971,6.25644,6.25644,0,0
ABS_PE,D,20121123,000000,6.10355,6.35971,6.10355,6.35971,0,0
ABS_PE,D,20121126,000000,6.15441,6.41122,6.15441,6.41122,0,0
ABS_PE,D,20121127,000000,6.35971,6.41122,6.30737,6.35971,0,0
ABS_PE,D,20121128,000000,6.46224,6.51375,6.35971,6.46224,0,0
ABS_PE,D,20121129,000000,6.51375,6.6157,6.46224,6.6157,0,0
ABS_PE,D,20121130,000000,6.56476,6.71831,6.25644,6.51375,0,0
ABS_PE,D,20121203,000000,6.51375,6.56476,6.51375,6.56476,0,0
ABS_PE,D,20121204,000000,6.56476,6.77007,6.51375,6.71831,0,0
ABS_PE,D,20121205,000000,6.77007,6.77007,6.77007,6.77007,0,0
ABS_PE,D,20121206,000000,6.77007,6.87326,6.77007,6.87326,0,0
ABS_PE,D,20121207,000000,6.92378,6.92378,6.56476,6.92378,0,0
ABS_PE,D,20121210,000000,6.87326,6.92378,6.87326,6.87326,0,0
ABS_PE,D,20121211,000000,6.92378,6.92378,6.51375,6.87326,0,0
ABS_PE,D,20121212,000000,6.82134,6.87326,6.6157,6.87326,0,0
ABS_PE,D,20121213,000000,6.6157,6.92378,6.6157,6.92378,0,0
ABS_PE,D,20121214,000000,6.6673,7.23186,6.6673,7.12875,0,0
ABS_PE,D,20121217,000000,7.07732,7.07732,7.07732,7.07732,0,0
ABS_PE,D,20121218,000000,7.02547,7.02547,6.82134,6.82134,0,0
ABS_PE,D,20121219,000000,6.71831,7.07732,6.6673,7.07732,0,0
ABS_PE,D,20121220,000000,6.92378,7.02547,6.51375,7.02547,0,0
ABS_PE,D,20121221,000000,7.02547,7.02547,6.6673,7.02547,0,0
ABS_PE,D,20121228,000000,6.6673,7.02547,6.6673,6.97429,0,0
ABS_PE,D,20130102,000000,7.02547,7.02547,7.02547,7.02547,0,0
ABS_PE,D,20130103,000000,6.82134,6.82134,6.82134,6.82134,0,0
ABS_PE,D,20130104,000000,6.71831,6.82134,6.6673,6.6673,0,0
ABS_PE,D,20130108,000000,6.82134,6.87326,6.82134,6.87326,0,0
ABS_PE,D,20130109,000000,6.82134,6.87326,6.82134,6.87326,0,0
ABS_PE,D,20130110,000000,6.77007,7.02547,6.77007,7.02547,0,0
ABS_PE,D,20130111,000000,6.82134,7.07732,6.82134,7.02547,0,0
ABS_PE,D,20130114,000000,7.07732,7.12875,6.92378,7.12875,0,0
ABS_PE,D,20130115,000000,7.12875,7.12875,7.12875,7.12875,0,0
ABS_PE,D,20130116,000000,7.07732,7.07732,6.97429,6.97429,0,0
ABS_PE,D,20130117,000000,7.12875,7.23186,6.82134,7.02547,0,0
ABS_PE,D,20130118,000000,6.82134,7.07732,6.71831,6.87326,0,0
ABS_PE,D,20130121,000000,7.1796,7.1796,6.87326,6.87326,0,0
ABS_PE,D,20130122,000000,7.12875,7.12875,6.6673,6.6673,0,0
ABS_PE,D,20130123,000000,6.6673,6.71831,6.6673,6.71831,0,0
ABS_PE,D,20130124,000000,6.71831,7.1796,6.71831,7.12875,0,0
ABS_PE,D,20130125,000000,6.82134,7.1796,6.82134,7.12875,0,0
ABS_PE,D,20130128,000000,6.97429,7.1796,6.97429,7.12875,0,0
ABS_PE,D,20130129,000000,6.97429,7.12875,6.82134,7.12875,0,0
ABS_PE,D,20130130,000000,7.28271,7.28271,7.12875,7.12875,0,0
ABS_PE,D,20130131,000000,6.92378,7.12875,6.92378,7.12875,0,0
ABS_PE,D,20130201,000000,7.12875,7.1796,7.12875,7.12875,0,0
ABS_PE,D,20130204,000000,7.12875,7.12875,6.97429,7.12875,0,0
ABS_PE,D,20130205,000000,7.02547,7.12875,7.02547,7.12875,0,0
ABS_PE,D,20130206,000000,6.97429,7.1796,6.97429,7.12875,0,0
ABS_PE,D,20130207,000000,7.12875,7.12875,7.12875,7.12875,0,0
ABS_PE,D,20130208,000000,7.12875,7.12875,7.02547,7.02547,0,0
ABS_PE,D,20130211,000000,7.02547,7.02547,7.02547,7.02547,0,0
ABS_PE,D,20130212,000000,7.12875,7.1796,7.02547,7.12875,0,0
ABS_PE,D,20130213,000000,6.97429,7.12875,6.97429,7.02547,0,0
ABS_PE,D,20130214,000000,7.07732,7.07732,6.92378,6.92378,0,0
ABS_PE,D,20130215,000000,6.92378,7.1796,6.92378,7.12875,0,0
ABS_PE,D,20130218,000000,7.1796,7.1796,7.12875,7.1796,0,0
ABS_PE,D,20130219,000000,7.1796,7.1796,7.1796,7.1796,0,0
ABS_PE,D,20130220,000000,7.1796,7.1796,7.1796,7.1796,0,0
ABS_PE,D,20130221,000000,7.02547,7.12875,7.02547,7.12875,0,0
ABS_PE,D,20130222,000000,7.12875,7.12875,7.12875,7.12875,0,0
ABS_PE,D,20130225,000000,7.12875,7.12875,7.12875,7.12875,0,0
ABS_PE,D,20130226,000000,7.07732,7.1796,7.02547,7.1796,0,0
ABS_PE,D,20130227,000000,7.07732,7.12875,7.02547,7.12875,0,0
ABS_PE,D,20130228,000000,7.12577,7.12577,7.12577,7.12577,0,0
ABS_PE,D,20130301,000000,7.12875,7.12875,7.12875,7.12875,0,0
ABS_PE,D,20130304,000000,7.12875,7.12875,7.12875,7.12875,0,0
ABS_PE,D,20130305,000000,7.12875,7.12875,7.12875,7.12875,0,0
ABS_PE,D,20130306,000000,7.12875,7.12875,6.97429,7.02547,0,0
ABS_PE,D,20130307,000000,7.02547,7.23186,7.02547,7.12875,0,0
ABS_PE,D,20130308,000000,6.97429,7.12875,6.97429,6.97429,0,0
ABS_PE,D,20130311,000000,6.51375,7.07732,6.51375,7.07732,0,0
ABS_PE,D,20130312,000000,7.07732,7.23186,7.07732,7.1796,0,0
ABS_PE,D,20130313,000000,7.07732,7.1796,7.07732,7.1796,0,0
ABS_PE,D,20130314,000000,7.23186,7.23186,7.1796,7.1796,0,0
ABS_PE,D,20130315,000000,7.12875,7.28271,7.12875,7.28271,0,0
ABS_PE,D,20130318,000000,7.1796,7.1796,7.1796,7.1796,0,0
ABS_PE,D,20130319,000000,7.28271,7.33439,7.23186,7.23186,0,0
ABS_PE,D,20130320,000000,7.07732,7.28271,7.07732,7.12875,0,0
ABS_PE,D,20130321,000000,7.12875,7.28271,7.07732,7.23186,0,0
ABS_PE,D,20130322,000000,7.12875,7.23186,7.12875,7.12875,0,0
ABS_PE,D,20130325,000000,7.12875,7.48727,7.12875,7.48727,0,0
ABS_PE,D,20130326,000000,7.28271,7.48727,7.28271,7.33439,0,0
ABS_PE,D,20130327,000000,7.33439,7.43684,7.12875,7.33439,0,0
ABS_PE,D,20130328,000000,7.33439,7.33439,7.07732,7.28271,0,0
ABS_PE,D,20130402,000000,7.28055,7.4345,7.1811,7.4345,0,0
ABS_PE,D,20130403,000000,7.43684,7.43684,7.07732,7.43684,0,0
ABS_PE,D,20130404,000000,7.38516,7.38516,7.33505,7.33505,0,0
ABS_PE,D,20130405,000000,7.38516,7.38516,7.38516,7.38516,0,0
ABS_PE,D,20130408,000000,7.38516,7.43684,7.38516,7.43684,0,0
ABS_PE,D,20130409,000000,7.43684,7.48727,7.1796,7.43684,0,0
ABS_PE,D,20130411,000000,7.43684,7.43684,7.43684,7.43684,0,0
ABS_PE,D,20130412,000000,7.43684,7.43684,7.43684,7.43684,0,0
ABS_PE,D,20130415,000000,7.1796,7.23186,7.1796,7.23186,0,0
ABS_PE,D,20130417,000000,7.1811,7.1811,7.02689,7.1811,0,0
ABS_PE,D,20130418,000000,7.12875,7.23186,6.87326,7.23186,0,0
ABS_PE,D,20130419,000000,7.2312,7.2312,6.71889,7.1811,0,0
ABS_PE,D,20130422,000000,7.07732,7.1796,6.77007,7.1796,0,0
ABS_PE,D,20130423,000000,7.1796,7.23186,6.77007,6.92378,0,0
ABS_PE,D,20130424,000000,7.02547,7.43684,6.92378,7.43684,0,0
ABS_PE,D,20130425,000000,7.48727,7.48727,7.12875,7.43684,0,0
ABS_PE,D,20130426,000000,7.12577,7.4345,7.12577,7.4345,0,0
ABS_PE,D,20130429,000000,7.43684,7.43684,7.33439,7.43684,0,0
ABS_PE,D,20130430,000000,7.4345,7.4345,7.33505,7.4345,0,0
ABS_PE,D,20130502,000000,7.4345,7.4345,7.2312,7.4345,0,0
ABS_PE,D,20130506,000000,7.43684,7.43684,7.38516,7.38516,0,0
ABS_PE,D,20130507,000000,7.38516,7.38516,7.38516,7.38516,0,0
ABS_PE,D,20130508,000000,7.4345,7.4345,7.38516,7.4345,0,0
ABS_PE,D,20130509,000000,7.4345,7.48959,7.38516,7.38516,0,0
ABS_PE,D,20130510,000000,7.48959,7.48959,7.28055,7.28055,0,0
ABS_PE,D,20130513,000000,7.28055,7.4345,7.28055,7.4345,0,0
ABS_PE,D,20130514,000000,7.4345,7.87532,7.4345,7.87532,0,0
ABS_PE,D,20130515,000000,7.93091,7.93091,7.87532,7.87532,0,0
ABS_PE,D,20130516,000000,7.87532,7.93091,7.60061,7.93091,0,0
ABS_PE,D,20130517,000000,7.98584,8.09652,7.98584,8.09652,0,0
ABS_PE,D,20130520,000000,8.09652,8.09652,7.71005,8.09652,0,0
ABS_PE,D,20130521,000000,8.09652,8.09652,7.87532,7.98584,0,0
ABS_PE,D,20130522,000000,7.93091,7.93091,7.76597,7.93091,0,0
ABS_PE,D,20130523,000000,7.87532,8.09652,7.65571,8.09652,0,0
ABS_PE,D,20130524,000000,7.98584,8.09652,7.98584,8.04076,0,0
ABS_PE,D,20130527,000000,8.09652,8.15061,7.98584,8.09652,0,0
ABS_PE,D,20130528,000000,8.20637,8.20637,7.93091,7.93091,0,0
ABS_PE,D,20130529,000000,7.76597,7.87532,7.76597,7.82106,0,0
ABS_PE,D,20130531,000000,7.82106,7.98584,7.82106,7.98584,0,0
ABS_PE,D,20130603,000000,7.71005,7.98584,7.71005,7.71005,0,0
ABS_PE,D,20130604,000000,7.71005,7.82106,7.60061,7.65571,0,0
ABS_PE,D,20130605,000000,7.65571,8.09652,7.4345,7.93091,0,0
ABS_PE,D,20130606,000000,7.76597,7.76597,7.76597,7.76597,0,0
ABS_PE,D,20130607,000000,7.76597,7.76597,7.76597,7.76597,0,0
ABS_PE,D,20130610,000000,7.65571,7.98584,7.65571,7.98584,0,0
ABS_PE,D,20130611,000000,7.60061,7.98584,7.48959,7.98584,0,0
ABS_PE,D,20130612,000000,7.76597,8.20637,7.76597,7.87532,0,0
ABS_PE,D,20130613,000000,8.15061,8.15061,7.87532,7.93091,0,0
ABS_PE,D,20130614,000000,7.82106,8.15061,7.82106,8.09652,0,0
ABS_PE,D,20130617,000000,8.09652,8.15061,7.76597,8.15061,0,0
ABS_PE,D,20130618,000000,8.15061,8.15061,7.87532,7.87532,0,0
ABS_PE,D,20130619,000000,8.09652,8.15061,7.76597,8.15061,0,0
ABS_PE,D,20130620,000000,7.87532,8.20637,7.87532,8.20637,0,0
ABS_PE,D,20130621,000000,8.20637,8.20637,8.04076,8.20637,0,0
ABS_PE,D,20130624,000000,8.04076,8.04076,7.93091,7.93091,0,0
ABS_PE,D,20130625,000000,7.93091,8.31706,7.93091,7.98584,0,0
ABS_PE,D,20130626,000000,7.76597,8.20637,7.76597,7.98584,0,0
ABS_PE,D,20130627,000000,7.82106,8.04076,7.82106,7.98584,0,0
ABS_PE,D,20130628,000000,7.98584,7.98584,7.76597,7.98584,0,0
ABS_PE,D,20130701,000000,7.98584,7.98584,7.98584,7.98584,0,0
ABS_PE,D,20130702,000000,7.82106,7.82106,7.65571,7.65571,0,0
ABS_PE,D,20130703,000000,7.93091,7.93091,7.65571,7.76597,0,0
ABS_PE,D,20130704,000000,7.76597,7.87532,7.76597,7.87532,0,0
ABS_PE,D,20130705,000000,7.93091,7.93091,7.93091,7.93091,0,0
ABS_PE,D,20130708,000000,7.93091,7.93091,7.87532,7.87532,0,0
ABS_PE,D,20130709,000000,7.87532,7.87532,7.65571,7.76597,0,0
ABS_PE,D,20130710,000000,7.76597,7.76597,7.37915,7.37915,0,0
ABS_PE,D,20130711,000000,7.37915,7.5447,7.37915,7.5447,0,0
ABS_PE,D,20130712,000000,7.5447,7.5447,7.5447,7.5447,0,0
ABS_PE,D,20130715,000000,7.37915,7.65571,7.37915,7.65571,0,0
ABS_PE,D,20130716,000000,7.5447,7.71005,7.5447,7.71005,0,0
ABS_PE,D,20130717,000000,7.71005,7.76597,7.5447,7.71005,0,0
ABS_PE,D,20130718,000000,7.27006,7.71005,7.27006,7.71005,0,0
ABS_PE,D,20130719,000000,7.82106,7.82106,7.65571,7.65571,0,0
ABS_PE,D,20130722,000000,7.48959,7.76597,7.48959,7.76597,0,0
ABS_PE,D,20130723,000000,7.71005,7.71005,7.71005,7.71005,0,0
ABS_PE,D,20130724,000000,7.4345,7.4345,7.4345,7.4345,0,0
ABS_PE,D,20130725,000000,7.60061,7.76597,7.60061,7.76597,0,0
ABS_PE,D,20130726,000000,7.32466,7.76597,7.32466,7.76597,0,0
ABS_PE,D,20130729,000000,7.71005,7.71005,7.71005,7.71005,0,0
ABS_PE,D,20130730,000000,7.76597,7.76597,7.71005,7.76597,0,0
ABS_PE,D,20130731,000000,7.76597,7.76597,7.5447,7.5447,0,0
ABS_PE,D,20130801,000000,7.76597,7.76597,7.76597,7.76597,0,0
ABS_PE,D,20130802,000000,7.65571,7.76597,7.37915,7.76597,0,0
ABS_PE,D,20130805,000000,7.65571,7.76597,7.65571,7.65571,0,0
ABS_PE,D,20130806,000000,7.5447,7.76597,7.5447,7.76597,0,0
ABS_PE,D,20130807,000000,7.76597,7.76597,7.60061,7.60061,0,0
ABS_PE,D,20130808,000000,7.71005,7.76597,7.65571,7.65571,0,0
ABS_PE,D,20130809,000000,7.76597,7.76597,7.60061,7.60061,0,0
ABS_PE,D,20130812,000000,7.5447,7.71005,7.5447,7.71005,0,0
ABS_PE,D,20130813,000000,7.60061,7.71005,7.60061,7.71005,0,0
ABS_PE,D,20130814,000000,7.65571,7.93091,7.65571,7.76597,0,0
ABS_PE,D,20130816,000000,7.82106,7.82106,7.76597,7.82106,0,0
ABS_PE,D,20130819,000000,7.65571,7.93091,7.65571,7.93091,0,0
ABS_PE,D,20130820,000000,7.76597,7.93091,7.76597,7.93091,0,0
ABS_PE,D,20130821,000000,7.93091,8.09652,7.87532,7.87532,0,0
ABS_PE,D,20130822,000000,8.04076,8.04076,7.82106,7.93091,0,0
ABS_PE,D,20130823,000000,7.98584,7.98584,7.93091,7.93091,0,0
ABS_PE,D,20130826,000000,7.98584,8.04076,7.82106,8.04076,0,0
ABS_PE,D,20130827,000000,8.09652,8.15061,7.93091,8.15061,0,0
ABS_PE,D,20130828,000000,7.93091,8.15061,7.93091,8.15061,0,0
ABS_PE,D,20130829,000000,8.15061,8.31706,8.15061,8.31706,0,0
ABS_PE,D,20130830,000000,8.31706,8.31706,8.2613,8.2613,0,0
ABS_PE,D,20130902,000000,8.2613,8.48183,8.2613,8.48183,0,0
ABS_PE,D,20130903,000000,8.48183,8.48183,8.48183,8.48183,0,0
ABS_PE,D,20130904,000000,8.15061,8.53676,8.15061,8.53676,0,0
ABS_PE,D,20130905,000000,8.37115,8.37115,7.82106,8.37115,0,0
ABS_PE,D,20130906,000000,8.31706,8.31706,8.15061,8.31706,0,0
ABS_PE,D,20130909,000000,8.31706,8.48183,7.98584,8.48183,0,0
ABS_PE,D,20130910,000000,8.20637,8.53676,8.20637,8.48183,0,0
ABS_PE,D,20130911,000000,8.53676,8.53676,8.42524,8.53676,0,0
ABS_PE,D,20130912,000000,8.31706,8.53676,8.31706,8.53676,0,0
ABS_PE,D,20130913,000000,8.53676,8.53676,8.37115,8.48183,0,0
ABS_PE,D,20130916,000000,8.31706,8.48183,8.2613,8.48183,0,0
ABS_PE,D,20130917,000000,8.48183,8.48183,8.20637,8.31706,0,0
ABS_PE,D,20130918,000000,8.2613,8.42524,8.15061,8.42524,0,0
ABS_PE,D,20130919,000000,8.48183,8.48183,8.37115,8.37115,0,0
ABS_PE,D,20130920,000000,8.37115,8.37115,8.31706,8.31706,0,0
ABS_PE,D,20130923,000000,8.31706,8.37115,8.09652,8.37115,0,0
ABS_PE,D,20130924,000000,8.31706,8.37115,8.31706,8.31706,0,0
ABS_PE,D,20130925,000000,8.09652,8.37115,8.09652,8.37115,0,0
ABS_PE,D,20130926,000000,8.09652,8.31706,8.09652,8.20637,0,0
ABS_PE,D,20130927,000000,8.37115,8.37115,8.2613,8.2613,0,0
ABS_PE,D,20130930,000000,8.37115,8.37115,8.31706,8.31706,0,0
ABS_PE,D,20131001,000000,8.31706,8.31706,8.31706,8.31706,0,0
ABS_PE,D,20131002,000000,8.37115,8.37115,8.37115,8.37115,0,0
ABS_PE,D,20131003,000000,8.37115,8.37115,8.31706,8.31706,0,0
ABS_PE,D,20131004,000000,8.09652,8.31706,7.98584,8.31706,0,0
ABS_PE,D,20131007,000000,8.37115,8.37115,8.37115,8.37115,0,0
ABS_PE,D,20131008,000000,8.37115,8.37115,8.31706,8.31706,0,0
ABS_PE,D,20131009,000000,8.37115,8.37115,8.37115,8.37115,0,0
ABS_PE,D,20131010,000000,8.37115,8.53676,8.37115,8.53676,0,0
ABS_PE,D,20131011,000000,8.59169,8.59169,8.42524,8.42524,0,0
ABS_PE,D,20131014,000000,8.59169,8.59169,8.42524,8.42524,0,0
ABS_PE,D,20131015,000000,8.59169,8.64661,8.59169,8.64661,0,0
ABS_PE,D,20131016,000000,8.64661,8.64661,8.64661,8.64661,0,0
ABS_PE,D,20131017,000000,8.64661,8.64661,8.42524,8.64661,0,0
ABS_PE,D,20131018,000000,8.64661,8.64661,8.64661,8.64661,0,0
ABS_PE,D,20131021,000000,8.64661,8.64661,8.64661,8.64661,0,0
ABS_PE,D,20131022,000000,8.64661,8.75729,8.53676,8.75729,0,0
ABS_PE,D,20131023,000000,8.75729,8.75729,8.75729,8.75729,0,0
ABS_PE,D,20131024,000000,8.81138,8.97704,8.81138,8.97704,0,0
ABS_PE,D,20131025,000000,8.64661,8.97704,8.64661,8.97704,0,0
ABS_PE,D,20131028,000000,9.03276,9.25334,9.03276,9.25334,0,0
ABS_PE,D,20131029,000000,9.03276,9.30738,9.03276,9.30738,0,0
ABS_PE,D,20131030,000000,9.30738,9.30738,9.14182,9.14182,0,0
ABS_PE,D,20131031,000000,9.08768,9.19674,8.97704,9.19674,0,0
ABS_PE,D,20131104,000000,9.19674,9.19674,8.97704,8.97704,0,0
ABS_PE,D,20131105,000000,9.03276,9.03276,9.03276,9.03276,0,0
ABS_PE,D,20131106,000000,9.14182,9.14182,8.92044,9.08768,0,0
ABS_PE,D,20131107,000000,9.25334,9.25334,8.97704,8.97704,0,0
ABS_PE,D,20131108,000000,8.97704,9.14182,8.97704,9.14182,0,0
ABS_PE,D,20131112,000000,9.19674,9.19674,9.08768,9.19674,0,0
ABS_PE,D,20131113,000000,9.25334,9.25334,9.19674,9.25334,0,0
ABS_PE,D,20131114,000000,9.25334,9.25334,9.03276,9.25334,0,0
ABS_PE,D,20131115,000000,9.30738,9.41641,9.30738,9.41641,0,0
ABS_PE,D,20131118,000000,9.41641,9.69281,9.36153,9.69281,0,0
ABS_PE,D,20131119,000000,9.74763,9.74763,9.47379,9.63779,0,0
ABS_PE,D,20131120,000000,9.80333,9.80333,9.58291,9.58291,0,0
ABS_PE,D,20131121,000000,9.58291,9.58291,9.47379,9.47379,0,0
ABS_PE,D,20131122,000000,9.47379,9.52793,9.47379,9.47379,0,0
ABS_PE,D,20131125,000000,8.81138,9.47379,8.81138,9.47379,0,0
ABS_PE,D,20131126,000000,9.47379,9.58291,9.47379,9.58291,0,0
ABS_PE,D,20131127,000000,9.69281,9.69281,9.69281,9.69281,0,0
ABS_PE,D,20131128,000000,9.63779,9.63779,9.58291,9.58291,0,0
ABS_PE,D,20131129,000000,9.58291,9.58291,9.58291,9.58291,0,0
ABS_PE,D,20131202,000000,9.58291,9.58291,9.19674,9.25334,0,0
ABS_PE,D,20131203,000000,9.25334,9.47379,8.75729,9.08768,0,0
ABS_PE,D,20131204,000000,9.03276,9.03276,8.64661,8.75729,0,0
ABS_PE,D,20131205,000000,9.08768,9.08768,8.53676,8.53676,0,0
ABS_PE,D,20131206,000000,8.53676,9.03276,8.53676,8.75729,0,0
ABS_PE,D,20131209,000000,8.53676,8.81138,8.53676,8.75729,0,0
ABS_PE,D,20131210,000000,8.64661,9.08768,8.64661,9.08768,0,0
ABS_PE,D,20131211,000000,9.19674,9.19674,8.97704,9.03276,0,0
ABS_PE,D,20131212,000000,8.86718,9.03276,8.64661,8.97704,0,0
ABS_PE,D,20131213,000000,8.97704,9.19674,8.97704,9.19674,0,0
ABS_PE,D,20131216,000000,9.52793,9.52793,8.86718,9.14182,0,0
ABS_PE,D,20131217,000000,9.25334,9.25334,8.97704,9.19674,0,0
ABS_PE,D,20131218,000000,9.14182,9.14182,8.75729,8.97704,0,0
ABS_PE,D,20131219,000000,8.75729,9.14182,8.75729,9.08768,0,0
ABS_PE,D,20131220,000000,8.75729,8.97704,8.75729,8.97704,0,0
ABS_PE,D,20131223,000000,9.19674,9.25334,8.97704,9.25334,0,0
ABS_PE,D,20131227,000000,9.08768,9.14182,8.92044,8.92044,0,0
ABS_PE,D,20131230,000000,9.08768,9.36153,8.86718,9.08768,0,0
ABS_PE,D,20140102,000000,9.41641,9.41641,9.19674,9.19674,0,0
ABS_PE,D,20140103,000000,9.19674,9.19674,8.75729,9.14182,0,0
ABS_PE,D,20140107,000000,9.14182,9.14182,9.14182,9.14182,0,0
ABS_PE,D,20140108,000000,9.14182,9.14182,9.14182,9.14182,0,0
ABS_PE,D,20140109,000000,9.25334,9.25334,9.08768,9.25334,0,0
ABS_PE,D,20140110,000000,9.25334,9.25334,9.25334,9.25334,0,0
ABS_PE,D,20140113,000000,9.08768,9.25334,9.08768,9.25334,0,0
ABS_PE,D,20140114,000000,9.25334,9.25334,9.25334,9.25334,0,0
ABS_PE,D,20140115,000000,9.25334,9.25334,9.25334,9.25334,0,0
ABS_PE,D,20140116,000000,9.25334,9.36153,9.25334,9.36153,0,0
ABS_PE,D,20140117,000000,8.97704,9.36153,8.97704,9.30738,0,0
ABS_PE,D,20140120,000000,9.41641,9.41641,9.14182,9.36153,0,0
ABS_PE,D,20140121,000000,9.41641,9.41641,9.08768,9.30738,0,0
ABS_PE,D,20140122,000000,9.08768,9.30738,8.75729,9.03276,0,0
ABS_PE,D,20140123,000000,9.08768,9.08768,8.64661,9.08768,0,0
ABS_PE,D,20140124,000000,9.08768,9.08768,8.59169,8.59169,0,0
ABS_PE,D,20140127,000000,9.03276,9.03276,8.53676,8.59169,0,0
ABS_PE,D,20140128,000000,8.81138,8.81138,8.59169,8.70153,0,0
ABS_PE,D,20140129,000000,8.75729,8.75729,8.48183,8.48183,0,0
ABS_PE,D,20140130,000000,8.59169,8.59169,8.37115,8.42524,0,0
ABS_PE,D,20140131,000000,8.37115,8.64661,8.31706,8.31706,0,0
ABS_PE,D,20140203,000000,8.31706,8.53676,8.31706,8.48183,0,0
ABS_PE,D,20140204,000000,8.53676,8.81138,8.20637,8.20637,0,0
ABS_PE,D,20140205,000000,8.09652,8.48183,8.09652,8.42524,0,0
ABS_PE,D,20140206,000000,8.59169,8.59169,8.31706,8.53676,0,0
ABS_PE,D,20140207,000000,8.59169,8.59169,8.59169,8.59169,0,0
ABS_PE,D,20140210,000000,8.81138,8.81138,8.53676,8.53676,0,0
ABS_PE,D,20140211,000000,8.81138,8.81138,8.53676,8.81138,0,0
ABS_PE,D,20140212,000000,8.75729,8.75729,8.75729,8.75729,0,0
ABS_PE,D,20140213,000000,8.81138,8.81138,8.70153,8.70153,0,0
ABS_PE,D,20140214,000000,8.75729,8.75729,8.53676,8.53676,0,0
ABS_PE,D,20140217,000000,8.59169,8.59169,8.42524,8.48183,0,0
ABS_PE,D,20140218,000000,8.70153,8.70153,8.53676,8.53676,0,0
ABS_PE,D,20140219,000000,8.70153,9.03276,8.70153,8.92044,0,0
ABS_PE,D,20140220,000000,8.92044,8.92044,8.81138,8.81138,0,0
ABS_PE,D,20140224,000000,8.86718,8.86718,8.59169,8.59169,0,0
ABS_PE,D,20140225,000000,8.75729,8.81138,7.98584,8.59169,0,0
ABS_PE,D,20140226,000000,8.64661,8.64661,7.76597,7.76597,0,0
ABS_PE,D,20140227,000000,7.93091,8.37115,7.93091,8.09652,0,0
ABS_PE,D,20140228,000000,8.15061,8.42524,8.15061,8.37115,0,0
ABS_PE,D,20140303,000000,7.98584,8.09652,7.76597,7.87532,0,0
ABS_PE,D,20140304,000000,7.93091,8.31706,7.87532,8.09652,0,0
ABS_PE,D,20140305,000000,8.37115,8.37115,8.15061,8.15061,0,0
ABS_PE,D,20140306,000000,8.37115,8.48183,8.20637,8.2613,0,0
ABS_PE,D,20140307,000000,8.42524,8.42524,8.37115,8.37115,0,0
ABS_PE,D,20140310,000000,8.48183,8.48183,8.2613,8.31706,0,0
ABS_PE,D,20140311,000000,8.48183,8.48183,8.2613,8.48183,0,0
ABS_PE,D,20140312,000000,8.42524,8.42524,8.20637,8.20637,0,0
ABS_PE,D,20140313,000000,8.31706,8.37115,8.15061,8.37115,0,0
ABS_PE,D,20140314,000000,8.2613,8.59169,8.09652,8.42524,0,0
ABS_PE,D,20140317,000000,8.42524,8.48183,8.20637,8.48183,0,0
ABS_PE,D,20140318,000000,8.48183,8.48183,8.31706,8.31706,0,0
ABS_PE,D,20140319,000000,8.42524,8.59169,8.2613,8.59169,0,0
ABS_PE,D,20140320,000000,8.53676,8.59169,8.53676,8.53676,0,0
ABS_PE,D,20140321,000000,8.53676,8.53676,8.37115,8.53676,0,0
ABS_PE,D,20140324,000000,8.59169,8.59169,8.37115,8.59169,0,0
ABS_PE,D,20140325,000000,8.42524,8.59169,8.42524,8.59169,0,0
ABS_PE,D,20140326,000000,8.53676,8.64661,8.53676,8.59169,0,0
ABS_PE,D,20140327,000000,8.59169,8.59169,8.53676,8.59169,0,0
ABS_PE,D,20140328,000000,8.59169,8.59169,8.48183,8.59169,0,0
ABS_PE,D,20140331,000000,8.59169,8.59169,8.59169,8.59169,0,0
ABS_PE,D,20140401,000000,8.59169,8.59169,8.59169,8.59169,0,0
ABS_PE,D,20140402,000000,8.59169,8.70153,8.59169,8.64661,0,0
ABS_PE,D,20140403,000000,8.64661,8.64661,8.42524,8.48183,0,0
ABS_PE,D,20140404,000000,8.70153,8.70153,8.70153,8.70153,0,0
ABS_PE,D,20140407,000000,8.70153,8.70153,8.64661,8.64661,0,0
ABS_PE,D,20140408,000000,8.64661,8.70153,8.64661,8.70153,0,0
ABS_PE,D,20140409,000000,8.70153,8.70153,8.70153,8.70153,0,0
ABS_PE,D,20140410,000000,8.70153,8.70153,8.64661,8.64661,0,0
ABS_PE,D,20140411,000000,8.64661,8.64661,8.64661,8.64661,0,0
ABS_PE,D,20140414,000000,8.64661,8.64661,8.59169,8.59169,0,0
ABS_PE,D,20140415,000000,8.59169,8.59169,8.48183,8.48183,0,0
ABS_PE,D,20140416,000000,8.53676,8.59169,8.48183,8.48183,0,0
ABS_PE,D,20140417,000000,8.53676,8.53676,8.53676,8.53676,0,0
ABS_PE,D,20140422,000000,8.59169,8.64661,8.42524,8.59169,0,0
ABS_PE,D,20140423,000000,8.53676,8.64661,8.48183,8.64661,0,0
ABS_PE,D,20140424,000000,8.64661,8.64661,8.59169,8.64661,0,0
ABS_PE,D,20140425,000000,8.64661,8.64661,8.59169,8.64661,0,0
ABS_PE,D,20140428,000000,8.64661,8.64661,8.15061,8.31706,0,0
ABS_PE,D,20140429,000000,8.48183,8.64661,8.48183,8.64661,0,0
ABS_PE,D,20140430,000000,8.64661,8.86718,8.64661,8.86718,0,0
ABS_PE,D,20140502,000000,9.08768,9.08768,8.70153,8.70153,0,0
ABS_PE,D,20140505,000000,8.92044,8.97704,8.37115,8.97704,0,0
ABS_PE,D,20140506,000000,9.03276,9.08768,8.97704,9.03276,0,0
ABS_PE,D,20140507,000000,9.03276,9.08768,8.64661,8.75729,0,0
ABS_PE,D,20140508,000000,8.75729,8.86718,8.75729,8.81138,0,0
ABS_PE,D,20140509,000000,8.81138,8.86718,8.81138,8.81138,0,0
ABS_PE,D,20140512,000000,8.98536,8.98536,8.75063,8.75063,0,0
ABS_PE,D,20140513,000000,8.92623,8.92623,8.57255,8.57255,0,0
ABS_PE,D,20140514,000000,8.45604,8.51512,8.45604,8.51512,0,0
ABS_PE,D,20140515,000000,8.51512,8.51512,8.28044,8.45604,0,0
ABS_PE,D,20140516,000000,8.1631,8.51512,8.104,8.45604,0,0
ABS_PE,D,20140519,000000,8.45604,8.45604,8.04575,8.45604,0,0
ABS_PE,D,20140520,000000,8.45604,8.45604,8.45604,8.45604,0,0
ABS_PE,D,20140521,000000,8.45604,8.45604,8.104,8.39779,0,0
ABS_PE,D,20140522,000000,8.45604,8.45604,8.04575,8.39779,0,0
ABS_PE,D,20140523,000000,8.39779,8.39779,8.104,8.104,0,0
ABS_PE,D,20140526,000000,8.104,8.28044,8.04575,8.28044,0,0
ABS_PE,D,20140527,000000,8.33869,8.33869,8.104,8.33869,0,0
ABS_PE,D,20140528,000000,8.39779,8.39779,8.39779,8.39779,0,0
ABS_PE,D,20140529,000000,8.39779,8.39779,8.104,8.28044,0,0
ABS_PE,D,20140530,000000,8.28044,8.28044,7.98667,8.28044,0,0
ABS_PE,D,20140602,000000,8.28044,8.28044,8.104,8.104,0,0
ABS_PE,D,20140603,000000,8.104,8.1631,8.104,8.104,0,0
ABS_PE,D,20140604,000000,8.1631,8.1631,8.04575,8.04575,0,0
ABS_PE,D,20140605,000000,8.1631,8.1631,8.1631,8.1631,0,0
ABS_PE,D,20140606,000000,8.1631,8.28044,8.1631,8.28044,0,0
ABS_PE,D,20140609,000000,8.39779,8.39779,8.104,8.28044,0,0
ABS_PE,D,20140610,000000,8.33869,8.33869,8.33869,8.33869,0,0
ABS_PE,D,20140611,000000,8.33869,8.33869,8.1631,8.33869,0,0
ABS_PE,D,20140612,000000,8.1631,8.22135,8.1631,8.1631,0,0
ABS_PE,D,20140613,000000,8.1631,8.1631,8.1631,8.1631,0,0
ABS_PE,D,20140616,000000,8.1631,8.1631,8.1631,8.1631,0,0
ABS_PE,D,20140617,000000,7.75258,8.1631,7.75258,8.04575,0,0
ABS_PE,D,20140618,000000,8.104,8.104,7.81084,7.81084,0,0
ABS_PE,D,20140620,000000,7.98667,7.98667,7.98667,7.98667,0,0
ABS_PE,D,20140623,000000,7.98667,7.98667,7.98667,7.98667,0,0
ABS_PE,D,20140624,000000,8.104,8.104,7.81084,7.81084,0,0
ABS_PE,D,20140625,000000,7.81084,8.104,7.81084,8.104,0,0
ABS_PE,D,20140626,000000,8.104,8.104,8.104,8.104,0,0
ABS_PE,D,20140627,000000,8.104,8.104,7.86909,7.86909,0,0
ABS_PE,D,20140630,000000,7.81084,8.04575,7.81084,8.04575,0,0
ABS_PE,D,20140701,000000,7.81084,8.04575,7.81084,8.04575,0,0
ABS_PE,D,20140702,000000,8.104,8.104,7.92924,7.92924,0,0
ABS_PE,D,20140703,000000,7.86909,7.98667,7.86909,7.86909,0,0
ABS_PE,D,20140704,000000,7.86909,7.98667,7.86909,7.98667,0,0
ABS_PE,D,20140707,000000,7.98667,7.98667,7.75258,7.75258,0,0
ABS_PE,D,20140708,000000,7.75258,7.92924,7.75258,7.92924,0,0
ABS_PE,D,20140709,000000,7.92924,7.98667,7.75258,7.75258,0,0
ABS_PE,D,20140710,000000,7.75258,8.04575,7.75258,7.75258,0,0
ABS_PE,D,20140711,000000,7.75258,7.81084,7.75258,7.81084,0,0
ABS_PE,D,20140714,000000,7.92924,7.92924,7.75258,7.75258,0,0
ABS_PE,D,20140715,000000,7.86909,7.86909,7.75258,7.75258,0,0
ABS_PE,D,20140716,000000,7.75258,7.75258,7.69349,7.75258,0,0
ABS_PE,D,20140717,000000,7.69349,7.86909,7.69349,7.86909,0,0
ABS_PE,D,20140718,000000,7.86909,7.86909,7.75258,7.86909,0,0
ABS_PE,D,20140721,000000,8.04575,8.04575,7.81084,7.81084,0,0
ABS_PE,D,20140722,000000,7.75258,7.75258,7.69349,7.69349,0,0
ABS_PE,D,20140723,000000,7.92924,7.92924,7.69349,7.75258,0,0
ABS_PE,D,20140724,000000,8.104,8.104,7.75258,7.75258,0,0
ABS_PE,D,20140725,000000,7.69349,8.04575,7.69349,8.04575,0,0
ABS_PE,D,20140728,000000,8.104,8.104,7.92924,7.92924,0,0
ABS_PE,D,20140729,000000,8.104,8.104,8.104,8.104,0,0
ABS_PE,D,20140730,000000,8.104,8.104,7.92924,7.98667,0,0
ABS_PE,D,20140731,000000,7.92924,7.92924,7.92924,7.92924,0,0
ABS_PE,D,20140801,000000,7.92924,7.92924,7.86909,7.86909,0,0
ABS_PE,D,20140804,000000,7.86909,8.104,7.86909,7.92924,0,0
ABS_PE,D,20140805,000000,7.92924,7.92924,7.86909,7.92924,0,0
ABS_PE,D,20140806,000000,7.92924,7.92924,7.86909,7.86909,0,0
ABS_PE,D,20140807,000000,7.86909,7.86909,7.69349,7.69349,0,0
ABS_PE,D,20140808,000000,7.69349,7.69349,7.69349,7.69349,0,0
ABS_PE,D,20140811,000000,7.69349,7.75258,7.57622,7.75258,0,0
ABS_PE,D,20140812,000000,7.81084,7.81084,7.81084,7.81084,0,0
ABS_PE,D,20140813,000000,7.75258,7.75258,7.75258,7.75258,0,0
ABS_PE,D,20140814,000000,7.75258,7.75258,7.75258,7.75258,0,0
ABS_PE,D,20140818,000000,7.75258,7.86909,7.75258,7.86909,0,0
ABS_PE,D,20140819,000000,7.86909,7.86909,7.75258,7.75258,0,0
ABS_PE,D,20140820,000000,7.86909,7.86909,7.75258,7.81084,0,0
ABS_PE,D,20140821,000000,7.81084,7.81084,7.69349,7.69349,0,0
ABS_PE,D,20140822,000000,7.69349,7.75258,7.69349,7.75258,0,0
ABS_PE,D,20140825,000000,7.63364,7.63364,7.63364,7.63364,0,0
ABS_PE,D,20140826,000000,7.63364,7.63364,7.63364,7.63364,0,0
ABS_PE,D,20140827,000000,7.63364,7.63364,7.63364,7.63364,0,0
ABS_PE,D,20140828,000000,7.63364,7.69349,7.45772,7.51639,0,0
ABS_PE,D,20140829,000000,7.51639,7.75258,7.51639,7.75258,0,0
ABS_PE,D,20140901,000000,7.92924,7.92924,7.92924,7.92924,0,0
ABS_PE,D,20140902,000000,7.86909,7.86909,7.86909,7.86909,0,0
ABS_PE,D,20140903,000000,7.75258,7.86909,7.75258,7.86909,0,0
ABS_PE,D,20140905,000000,7.81084,7.81084,7.81084,7.81084,0,0
ABS_PE,D,20140908,000000,7.81084,7.81084,7.81084,7.81084,0,0
ABS_PE,D,20140909,000000,7.92924,7.92924,7.81084,7.81084,0,0
ABS_PE,D,20140910,000000,7.92924,8.04575,7.92924,8.04575,0,0
ABS_PE,D,20140911,000000,7.98667,8.22135,7.98667,8.22135,0,0
ABS_PE,D,20140912,000000,8.22135,8.22135,7.98667,7.98667,0,0
ABS_PE,D,20140915,000000,7.98667,8.04575,7.98667,8.04575,0,0
ABS_PE,D,20140916,000000,8.22135,8.22135,8.04575,8.04575,0,0
ABS_PE,D,20140917,000000,8.22135,8.22135,7.86909,8.04575,0,0
ABS_PE,D,20140918,000000,8.22135,8.22135,8.22135,8.22135,0,0
ABS_PE,D,20140919,000000,8.22135,8.22135,8.04575,8.04575,0,0
ABS_PE,D,20140922,000000,8.04575,8.104,8.04575,8.04575,0,0
ABS_PE,D,20140923,000000,8.1631,8.22135,8.1631,8.22135,0,0
ABS_PE,D,20140924,000000,8.22135,8.33869,8.22135,8.28044,0,0
ABS_PE,D,20140925,000000,8.28044,8.45604,8.28044,8.45604,0,0
ABS_PE,D,20140926,000000,8.51512,8.57255,8.51512,8.51512,0,0
ABS_PE,D,20140929,000000,8.57255,8.57255,8.51512,8.51512,0,0
ABS_PE,D,20140930,000000,8.45604,8.45604,8.1631,8.33869,0,0
ABS_PE,D,20141001,000000,8.33869,8.33869,8.1631,8.1631,0,0
ABS_PE,D,20141002,000000,8.1631,8.1631,8.04575,8.04575,0,0
ABS_PE,D,20141003,000000,8.1631,8.1631,8.04575,8.04575,0,0
ABS_PE,D,20141006,000000,8.28044,8.45604,7.92924,8.45604,0,0
ABS_PE,D,20141007,000000,8.45604,8.45604,8.22135,8.28044,0,0
ABS_PE,D,20141008,000000,8.1631,8.1631,7.92924,8.04575,0,0
ABS_PE,D,20141009,000000,7.98667,8.33869,7.98667,8.28044,0,0
ABS_PE,D,20141010,000000,8.22135,8.22135,8.1631,8.1631,0,0
ABS_PE,D,20141013,000000,8.1631,8.45604,8.1631,8.45604,0,0
ABS_PE,D,20141014,000000,8.45604,8.45604,8.45604,8.45604,0,0
ABS_PE,D,20141015,000000,8.45604,8.45604,8.45604,8.45604,0,0
ABS_PE,D,20141016,000000,8.45604,8.45604,8.45604,8.45604,0,0
ABS_PE,D,20141017,000000,8.45604,8.45604,8.33869,8.33869,0,0
ABS_PE,D,20141020,000000,8.45604,8.45604,8.39779,8.39779,0,0
ABS_PE,D,20141021,000000,8.45604,8.51512,8.33869,8.51512,0,0
ABS_PE,D,20141022,000000,8.57255,8.57255,8.57255,8.57255,0,0
ABS_PE,D,20141023,000000,8.57255,8.57255,8.57255,8.57255,0,0
ABS_PE,D,20141024,000000,8.57255,8.57255,8.45604,8.45604,0,0
ABS_PE,D,20141027,000000,8.45604,8.45604,8.45604,8.45604,0,0
ABS_PE,D,20141028,000000,8.45604,8.45604,8.39779,8.45604,0,0
ABS_PE,D,20141029,000000,8.39779,8.39779,8.39779,8.39779,0,0
ABS_PE,D,20141030,000000,8.45604,8.45604,8.45604,8.45604,0,0
ABS_PE,D,20141031,000000,8.45604,8.45604,8.39779,8.39779,0,0
ABS_PE,D,20141103,000000,8.39779,8.57255,8.22135,8.57255,0,0
ABS_PE,D,20141104,000000,8.33869,8.57255,8.33869,8.57255,0,0
ABS_PE,D,20141105,000000,8.57255,8.57255,8.51512,8.51512,0,0
ABS_PE,D,20141106,000000,8.57255,8.57255,8.57255,8.57255,0,0
ABS_PE,D,20141107,000000,8.51512,8.63246,8.51512,8.51512,0,0
ABS_PE,D,20141110,000000,8.51512,8.51512,8.51512,8.51512,0,0
ABS_PE,D,20141112,000000,8.45604,8.51512,8.45604,8.51512,0,0
ABS_PE,D,20141113,000000,8.45604,8.51512,8.45604,8.51512,0,0
ABS_PE,D,20141114,000000,8.51512,8.57255,8.45604,8.45604,0,0
ABS_PE,D,20141117,000000,8.39779,8.45604,8.28044,8.28044,0,0
ABS_PE,D,20141118,000000,8.28044,8.51512,8.28044,8.51512,0,0
ABS_PE,D,20141119,000000,8.57255,8.86885,8.57255,8.86885,0,0
ABS_PE,D,20141120,000000,8.86885,8.86885,8.80893,8.80893,0,0
ABS_PE,D,20141121,000000,8.86885,8.86885,8.86885,8.86885,0,0
ABS_PE,D,20141124,000000,8.86885,8.86885,8.80893,8.80893,0,0
ABS_PE,D,20141125,000000,8.86885,8.86885,8.86885,8.86885,0,0
ABS_PE,D,20141126,000000,8.80893,8.80893,8.45604,8.69155,0,0
ABS_PE,D,20141127,000000,8.57255,8.86885,8.57255,8.86885,0,0
ABS_PE,D,20141128,000000,8.80893,8.80893,8.80893,8.80893,0,0
ABS_PE,D,20141201,000000,8.75063,8.75063,8.63246,8.63246,0,0
ABS_PE,D,20141202,000000,8.86885,8.86885,8.39779,8.57255,0,0
ABS_PE,D,20141203,000000,8.57255,8.57255,8.57255,8.57255,0,0
ABS_PE,D,20141204,000000,8.75063,8.75063,8.75063,8.75063,0,0
ABS_PE,D,20141205,000000,8.57255,8.57255,8.51512,8.51512,0,0
ABS_PE,D,20141208,000000,8.51512,8.57255,8.51512,8.57255,0,0
ABS_PE,D,20141209,000000,8.51512,8.57255,8.51512,8.57255,0,0
ABS_PE,D,20141210,000000,8.57255,8.57255,8.45604,8.45604,0,0
ABS_PE,D,20141211,000000,8.45604,8.63246,8.45604,8.45604,0,0
ABS_PE,D,20141212,000000,8.28044,8.86885,8.28044,8.86885,0,0
ABS_PE,D,20141215,000000,8.33869,8.86885,8.33869,8.80893,0,0
ABS_PE,D,20141216,000000,8.45604,8.45604,8.28044,8.45604,0,0
ABS_PE,D,20141217,000000,8.28044,8.63246,8.28044,8.39779,0,0
ABS_PE,D,20141218,000000,8.39779,8.69155,8.39779,8.63246,0,0
ABS_PE,D,20141219,000000,8.63246,8.69155,8.33869,8.69155,0,0
ABS_PE,D,20141222,000000,8.69155,8.69155,8.45604,8.45604,0,0
ABS_PE,D,20141223,000000,8.45604,8.92623,8.45604,8.92623,0,0
ABS_PE,D,20141229,000000,8.86885,9.22005,8.45604,9.22005,0,0
ABS_PE,D,20141230,000000,8.92623,9.39651,8.92623,9.39651,0,0
ABS_PE,D,20150102,000000,9.51377,9.63112,9.16091,9.27999,0,0
ABS_PE,D,20150105,000000,9.22005,9.57291,9.22005,9.57291,0,0
ABS_PE,D,20150107,000000,9.27999,9.27999,9.22005,9.22005,0,0
ABS_PE,D,20150108,000000,9.22005,9.22005,8.86885,8.86885,0,0
ABS_PE,D,20150109,000000,8.86885,8.98536,8.86885,8.86885,0,0
ABS_PE,D,20150112,000000,8.92623,9.16091,8.92623,9.16091,0,0
ABS_PE,D,20150113,000000,9.16091,9.16091,8.92623,8.92623,0,0
ABS_PE,D,20150114,000000,8.80893,8.80893,8.80893,8.80893,0,0
ABS_PE,D,20150115,000000,9.10353,9.10353,8.69155,8.69155,0,0
ABS_PE,D,20150116,000000,8.69155,9.10353,8.69155,9.0444,0,0
ABS_PE,D,20150119,000000,9.22005,9.22005,9.22005,9.22005,0,0
ABS_PE,D,20150120,000000,9.22005,9.22005,8.86885,8.86885,0,0
ABS_PE,D,20150121,000000,8.86885,9.16091,8.86885,8.86885,0,0
ABS_PE,D,20150122,000000,8.86885,9.0444,8.86885,9.0444,0,0
ABS_PE,D,20150123,000000,9.16091,9.22005,8.98536,9.22005,0,0
ABS_PE,D,20150126,000000,9.22005,9.39651,9.22005,9.39651,0,0
ABS_PE,D,20150127,000000,9.45556,9.57291,9.39651,9.51377,0,0
ABS_PE,D,20150128,000000,9.3382,9.57291,9.3382,9.51377,0,0
ABS_PE,D,20150129,000000,9.57291,9.57291,9.57291,9.57291,0,0
ABS_PE,D,20150130,000000,9.63112,9.63112,9.57291,9.57291,0,0
ABS_PE,D,20150202,000000,9.51377,9.57291,9.51377,9.57291,0,0
ABS_PE,D,20150203,000000,9.57291,9.57291,9.45556,9.45556,0,0
ABS_PE,D,20150204,000000,9.45556,9.45556,9.16091,9.16091,0,0
ABS_PE,D,20150205,000000,9.45556,9.45556,9.45556,9.45556,0,0
ABS_PE,D,20150206,000000,9.45556,9.45556,9.16091,9.45556,0,0
ABS_PE,D,20150209,000000,9.45556,9.45556,9.3382,9.3382,0,0
ABS_PE,D,20150210,000000,9.27999,9.3382,9.27999,9.27999,0,0
ABS_PE,D,20150211,000000,9.51377,9.51377,9.0444,9.0444,0,0
ABS_PE,D,20150212,000000,9.27999,9.27999,8.86885,8.98536,0,0
ABS_PE,D,20150213,000000,8.98536,8.98536,8.86885,8.98536,0,0
ABS_PE,D,20150216,000000,8.98536,9.51377,8.98536,9.45556,0,0
ABS_PE,D,20150217,000000,8.92623,9.45556,8.92623,9.45556,0,0
ABS_PE,D,20150218,000000,9.45556,9.45556,9.45556,9.45556,0,0
ABS_PE,D,20150219,000000,9.45556,9.45556,9.45556,9.45556,0,0
ABS_PE,D,20150220,000000,9.3382,9.45556,9.27999,9.45556,0,0
ABS_PE,D,20150223,000000,9.45556,9.45556,9.22005,9.22005,0,0
ABS_PE,D,20150224,000000,9.45556,9.45556,9.45556,9.45556,0,0
ABS_PE,D,20150225,000000,9.39651,9.45556,9.39651,9.45556,0,0
ABS_PE,D,20150226,000000,9.51377,9.51377,9.45556,9.45556,0,0
ABS_PE,D,20150227,000000,9.45556,9.45556,9.45556,9.45556,0,0
ABS_PE,D,20150302,000000,9.45556,9.63112,9.45556,9.57291,0,0
ABS_PE,D,20150303,000000,9.57291,9.63112,9.57291,9.63112,0,0
ABS_PE,D,20150304,000000,9.63112,9.92485,9.63112,9.68943,0,0
ABS_PE,D,20150305,000000,9.80835,9.86655,9.68943,9.80835,0,0
ABS_PE,D,20150306,000000,9.80835,9.86655,9.80835,9.86655,0,0
ABS_PE,D,20150309,000000,9.86655,9.98402,9.86655,9.98402,0,0
ABS_PE,D,20150310,000000,9.98402,9.98402,9.86655,9.86655,0,0
ABS_PE,D,20150311,000000,9.86655,9.86655,9.86655,9.86655,0,0
ABS_PE,D,20150312,000000,9.7485,9.7485,9.7485,9.7485,0,0
ABS_PE,D,20150313,000000,9.7485,9.7485,9.7485,9.7485,0,0
ABS_PE,D,20150316,000000,9.7485,9.92485,9.7485,9.7485,0,0
ABS_PE,D,20150317,000000,9.7485,9.92485,9.7485,9.80835,0,0
ABS_PE,D,20150318,000000,9.80835,9.80835,9.80835,9.80835,0,0
ABS_PE,D,20150319,000000,9.80835,9.80835,9.80835,9.80835,0,0
ABS_PE,D,20150320,000000,9.7485,9.92485,9.7485,9.92485,0,0
ABS_PE,D,20150323,000000,9.92485,9.92485,9.63112,9.92485,0,0
ABS_PE,D,20150324,000000,9.86655,9.92485,9.80835,9.92485,0,0
ABS_PE,D,20150325,000000,9.92485,9.92485,9.92485,9.92485,0,0
ABS_PE,D,20150326,000000,9.86655,10.2188,9.86655,10.2188,0,0
ABS_PE,D,20150327,000000,10.1605,10.1605,9.92485,10.1605,0,0
ABS_PE,D,20150330,000000,10.1605,10.1605,9.86655,10.1005,0,0
ABS_PE,D,20150331,000000,9.98402,10.0431,9.98402,10.0431,0,0
ABS_PE,D,20150401,000000,10.0431,10.0431,9.80835,10.0431,0,0
ABS_PE,D,20150402,000000,10.0431,10.2188,10.0431,10.2188,0,0
ABS_PE,D,20150407,000000,10.2188,10.277,10.1605,10.2188,0,0
ABS_PE,D,20150408,000000,10.2188,10.3959,10.2188,10.3959,0,0
ABS_PE,D,20150409,000000,10.3959,10.3959,10.3959,10.3959,0,0
ABS_PE,D,20150410,000000,10.5707,10.5707,10.3959,10.3959,0,0
ABS_PE,D,20150413,000000,10.5124,10.5124,10.4533,10.4533,0,0
ABS_PE,D,20150414,000000,10.4533,10.4533,10.3959,10.3959,0,0
ABS_PE,D,20150415,000000,10.3959,10.3959,10.3959,10.3959,0,0
ABS_PE,D,20150416,000000,10.4533,10.4533,10.277,10.277,0,0
ABS_PE,D,20150417,000000,10.336,10.4533,10.336,10.4533,0,0
ABS_PE,D,20150420,000000,10.4533,10.4533,10.4533,10.4533,0,0
ABS_PE,D,20150421,000000,10.4533,10.5707,10.336,10.5124,0,0
ABS_PE,D,20150422,000000,10.5707,10.5707,10.4533,10.4533,0,0
ABS_PE,D,20150423,000000,10.4533,10.5707,10.4533,10.5707,0,0
ABS_PE,D,20150424,000000,10.5707,10.5707,10.4533,10.5707,0,0
ABS_PE,D,20150427,000000,10.5707,10.688,10.5707,10.688,0,0
ABS_PE,D,20150428,000000,10.688,10.7471,10.688,10.7471,0,0
ABS_PE,D,20150429,000000,10.688,10.8053,10.6298,10.6298,0,0
ABS_PE,D,20150430,000000,10.6298,10.688,10.5124,10.5124,0,0
ABS_PE,D,20150504,000000,10.688,10.688,10.5707,10.5707,0,0
ABS_PE,D,20150505,000000,10.5124,10.5124,10.336,10.336,0,0
ABS_PE,D,20150506,000000,10.5124,10.6298,10.5124,10.5707,0,0
ABS_PE,D,20150507,000000,10.5707,11.2756,10.5707,10.9228,0,0
ABS_PE,D,20150508,000000,10.9228,10.9819,10.688,10.7471,0,0
ABS_PE,D,20150511,000000,10.8053,11.0999,10.8053,11.0408,0,0
ABS_PE,D,20150512,000000,10.8645,10.9819,10.7471,10.8053,0,0
ABS_PE,D,20150513,000000,11.1025,11.1025,10.7912,10.8537,0,0
ABS_PE,D,20150514,000000,10.7912,10.9161,10.7297,10.7297,0,0
ABS_PE,D,20150515,000000,10.7297,10.7297,10.2336,10.2336,0,0
ABS_PE,D,20150518,000000,10.2336,10.6681,10.2336,10.4825,0,0
ABS_PE,D,20150519,000000,10.4201,10.4201,10.4201,10.4201,0,0
ABS_PE,D,20150520,000000,10.1106,10.3577,10.1106,10.3577,0,0
ABS_PE,D,20150521,000000,10.3577,10.3577,10.296,10.296,0,0
ABS_PE,D,20150522,000000,10.172,10.296,10.172,10.296,0,0
ABS_PE,D,20150525,000000,10.172,10.3577,10.172,10.3577,0,0
ABS_PE,D,20150526,000000,10.3577,10.3577,9.42807,10.296,0,0
ABS_PE,D,20150527,000000,9.79927,10.296,9.73769,9.73769,0,0
ABS_PE,D,20150528,000000,9.98566,9.98566,9.73769,9.73769,0,0
ABS_PE,D,20150529,000000,9.98566,9.98566,9.73769,9.86163,0,0
ABS_PE,D,20150601,000000,9.86163,9.98566,9.3656,9.42807,0,0
ABS_PE,D,20150602,000000,9.42807,9.79927,9.42807,9.48971,0,0
ABS_PE,D,20150603,000000,9.42807,9.48971,9.42807,9.48971,0,0
ABS_PE,D,20150605,000000,9.48971,9.92485,9.48971,9.92485,0,0
ABS_PE,D,20150608,000000,9.48971,9.92485,9.48971,9.92485,0,0
ABS_PE,D,20150609,000000,9.92485,9.92485,9.86163,9.86163,0,0
ABS_PE,D,20150610,000000,9.98566,9.98566,9.48971,9.98566,0,0
ABS_PE,D,20150611,000000,10.0472,10.2336,9.92485,9.92485,0,0
ABS_PE,D,20150612,000000,10.1106,10.1106,10.1106,10.1106,0,0
ABS_PE,D,20150615,000000,10.0472,10.1106,10.0472,10.0472,0,0
ABS_PE,D,20150616,000000,9.98566,9.98566,9.73769,9.73769,0,0
ABS_PE,D,20150617,000000,9.73769,9.73769,9.42807,9.48971,0,0
ABS_PE,D,20150618,000000,9.3656,9.73769,9.3656,9.73769,0,0
ABS_PE,D,20150619,000000,10.1106,10.1106,9.73769,9.98566,0,0
ABS_PE,D,20150623,000000,9.86163,9.86163,9.86163,9.86163,0,0
ABS_PE,D,20150624,000000,9.86163,9.86163,9.86163,9.86163,0,0
ABS_PE,D,20150625,000000,9.67611,9.86163,9.48971,9.48971,0,0
ABS_PE,D,20150626,000000,9.3656,9.61363,9.30322,9.61363,0,0
ABS_PE,D,20150629,000000,8.74564,9.1801,8.74564,9.11764,0,0
ABS_PE,D,20150630,000000,8.80726,9.11764,8.80726,8.9928,0,0
ABS_PE,D,20150701,000000,9.42807,9.42807,9.2408,9.2408,0,0
ABS_PE,D,20150702,000000,9.1801,9.1801,9.1801,9.1801,0,0
ABS_PE,D,20150703,000000,8.9928,9.1801,8.80726,8.86963,0,0
ABS_PE,D,20150706,000000,9.30322,9.30322,8.86963,9.11764,0,0
ABS_PE,D,20150707,000000,9.11764,9.11764,8.86963,8.86963,0,0
ABS_PE,D,20150708,000000,9.05439,9.1801,8.9928,8.9928,0,0
ABS_PE,D,20150709,000000,8.80726,9.30322,8.80726,9.30322,0,0
ABS_PE,D,20150710,000000,9.30322,9.30322,9.30322,9.30322,0,0
ABS_PE,D,20150713,000000,9.30322,9.42807,9.30322,9.3656,0,0
ABS_PE,D,20150714,000000,9.30322,9.30322,9.1801,9.2408,0,0
ABS_PE,D,20150715,000000,9.2408,9.42807,9.11764,9.42807,0,0
ABS_PE,D,20150716,000000,9.42807,9.79927,9.30322,9.79927,0,0
ABS_PE,D,20150717,000000,9.86163,10.172,9.86163,9.92485,0,0
ABS_PE,D,20150720,000000,9.86163,10.3577,9.86163,10.3577,0,0
ABS_PE,D,20150721,000000,10.3577,10.3577,10.1106,10.3577,0,0
ABS_PE,D,20150722,000000,10.3577,10.3577,10.3577,10.3577,0,0
ABS_PE,D,20150723,000000,10.3577,10.6065,10.3577,10.6065,0,0
ABS_PE,D,20150724,000000,10.544,10.9161,10.544,10.7297,0,0
ABS_PE,D,20150727,000000,10.8537,10.8537,10.7912,10.7912,0,0
ABS_PE,D,20150728,000000,10.8537,10.9161,10.8537,10.9161,0,0
ABS_PE,D,20150729,000000,10.8537,10.8537,10.8537,10.8537,0,0
ABS_PE,D,20150730,000000,10.7912,10.9161,10.7912,10.9161,0,0
ABS_PE,D,20150731,000000,10.9161,11.2889,10.9161,10.9785,0,0
ABS_PE,D,20150803,000000,11.1641,11.4121,11.1641,11.3505,0,0
ABS_PE,D,20150804,000000,11.3505,11.9081,11.3505,11.66,0,0
ABS_PE,D,20150805,000000,11.4121,11.5984,10.9161,10.9161,0,0
ABS_PE,D,20150806,000000,10.8537,10.8537,10.4825,10.4825,0,0
ABS_PE,D,20150807,000000,10.4825,10.4825,9.73769,10.172,0,0
ABS_PE,D,20150810,000000,10.172,11.0408,10.172,10.4825,0,0
ABS_PE,D,20150811,000000,10.4825,10.4825,10.4201,10.4201,0,0
ABS_PE,D,20150813,000000,10.4201,10.4201,10.4201,10.4201,0,0
ABS_PE,D,20150814,000000,10.4201,10.4201,10.4201,10.4201,0,0
ABS_PE,D,20150817,000000,10.3577,10.3577,10.296,10.296,0,0
ABS_PE,D,20150818,000000,10.0472,10.0472,9.86163,10.0472,0,0
ABS_PE,D,20150819,000000,10.0472,10.0472,10.0472,10.0472,0,0
ABS_PE,D,20150820,000000,10.0472,10.0472,9.67611,9.67611,0,0
ABS_PE,D,20150821,000000,9.73769,9.73769,9.73769,9.73769,0,0
ABS_PE,D,20150824,000000,9.67611,9.67611,8.86963,9.30322,0,0
ABS_PE,D,20150825,000000,9.42807,9.67611,9.11764,9.1801,0,0
ABS_PE,D,20150826,000000,9.11764,9.2408,9.11764,9.11764,0,0
ABS_PE,D,20150827,000000,9.67611,10.4825,9.67611,10.4201,0,0
ABS_PE,D,20150828,000000,9.92485,9.92485,9.61363,9.61363,0,0
ABS_PE,D,20150831,000000,9.48971,9.61363,9.05439,9.11764,0,0
ABS_PE,D,20150901,000000,9.61363,9.61363,9.30322,9.30322,0,0
ABS_PE,D,20150902,000000,9.3656,9.3656,9.3656,9.3656,0,0
ABS_PE,D,20150903,000000,9.79927,9.79927,9.48971,9.48971,0,0
ABS_PE,D,20150904,000000,9.48971,9.48971,9.30322,9.30322,0,0
ABS_PE,D,20150907,000000,9.55125,9.73769,9.30322,9.30322,0,0
ABS_PE,D,20150908,000000,8.86963,10.2336,8.86963,9.79927,0,0
ABS_PE,D,20150909,000000,9.86163,9.86163,9.86163,9.86163,0,0
ABS_PE,D,20150910,000000,9.48971,9.79927,9.48971,9.55125,0,0
ABS_PE,D,20150911,000000,9.86163,9.92485,9.86163,9.92485,0,0
ABS_PE,D,20150914,000000,9.55125,9.79927,9.42807,9.42807,0,0
ABS_PE,D,20150915,000000,9.30322,9.30322,9.05439,9.11764,0,0
ABS_PE,D,20150916,000000,9.67611,9.67611,9.2408,9.2408,0,0
ABS_PE,D,20150917,000000,9.1801,9.1801,9.11764,9.11764,0,0
ABS_PE,D,20150918,000000,9.48971,9.48971,9.11764,9.11764,0,0
ABS_PE,D,20150921,000000,9.2408,9.55125,9.2408,9.55125,0,0
ABS_PE,D,20150922,000000,9.42807,9.42807,8.86963,8.86963,0,0
ABS_PE,D,20150923,000000,9.11764,9.55125,9.11764,9.55125,0,0
ABS_PE,D,20150924,000000,9.11764,9.11764,9.11764,9.11764,0,0
ABS_PE,D,20150925,000000,9.2408,9.2408,9.2408,9.2408,0,0
ABS_PE,D,20150928,000000,9.1801,9.1801,9.1801,9.1801,0,0
ABS_PE,D,20150929,000000,8.9928,9.30322,8.9928,9.30322,0,0
ABS_PE,D,20150930,000000,9.2408,9.30322,9.2408,9.30322,0,0
ABS_PE,D,20151001,000000,9.73769,9.73769,9.3656,9.3656,0,0
ABS_PE,D,20151002,000000,9.67611,9.73769,9.61363,9.73769,0,0
ABS_PE,D,20151005,000000,9.73769,9.92485,9.73769,9.92485,0,0
ABS_PE,D,20151006,000000,9.79927,10.1106,9.79927,10.1106,0,0
ABS_PE,D,20151007,000000,10.1106,10.2336,9.92485,10.2336,0,0
ABS_PE,D,20151008,000000,10.172,10.172,10.172,10.172,0,0
ABS_PE,D,20151009,000000,9.73769,10.172,9.73769,9.92485,0,0
ABS_PE,D,20151012,000000,10.172,10.172,9.92485,9.92485,0,0
ABS_PE,D,20151013,000000,9.92485,9.92485,9.92485,9.92485,0,0
ABS_PE,D,20151014,000000,9.61363,9.92485,9.61363,9.92485,0,0
ABS_PE,D,20151015,000000,10.296,10.4825,10.0472,10.2336,0,0
ABS_PE,D,20151016,000000,10.4201,10.4201,10.3577,10.3577,0,0
ABS_PE,D,20151019,000000,10.2336,10.2336,10.2336,10.2336,0,0
ABS_PE,D,20151020,000000,10.8537,10.8537,10.2336,10.3577,0,0
ABS_PE,D,20151021,000000,10.4825,10.544,10.3577,10.4825,0,0
ABS_PE,D,20151022,000000,10.4825,10.4825,10.4825,10.4825,0,0
ABS_PE,D,20151023,000000,10.3577,10.4825,10.3577,10.4825,0,0
ABS_PE,D,20151026,000000,10.3577,10.8537,10.3577,10.6681,0,0
ABS_PE,D,20151027,000000,10.7912,10.9785,10.6681,10.9785,0,0
ABS_PE,D,20151028,000000,10.9785,11.2264,10.296,10.296,0,0
ABS_PE,D,20151029,000000,10.296,10.296,9.92485,10.172,0,0
ABS_PE,D,20151030,000000,10.172,10.4201,9.98566,10.4201,0,0
ABS_PE,D,20151102,000000,10.4201,10.544,10.4201,10.4201,0,0
ABS_PE,D,20151103,000000,10.4825,10.4825,10.4201,10.4825,0,0
ABS_PE,D,20151104,000000,10.6065,10.6065,10.4201,10.4825,0,0
ABS_PE,D,20151105,000000,10.4201,10.544,10.4201,10.4201,0,0
ABS_PE,D,20151106,000000,10.4201,10.4825,10.3577,10.3577,0,0
ABS_PE,D,20151109,000000,10.3577,10.4825,10.3577,10.4825,0,0
ABS_PE,D,20151110,000000,10.4201,10.4201,9.92485,10.3577,0,0
ABS_PE,D,20151112,000000,10.3577,10.3577,10.3577,10.3577,0,0
ABS_PE,D,20151113,000000,10.296,10.296,9.92485,10.172,0,0
ABS_PE,D,20151116,000000,10.172,10.2336,9.86163,10.172,0,0
ABS_PE,D,20151117,000000,10.2336,10.2336,10.2336,10.2336,0,0
ABS_PE,D,20151118,000000,10.3577,10.3577,10.3577,10.3577,0,0
ABS_PE,D,20151119,000000,10.3577,10.3577,10.0472,10.2336,0,0
ABS_PE,D,20151120,000000,9.98566,9.98566,9.98566,9.98566,0,0
ABS_PE,D,20151123,000000,9.98566,9.98566,9.92485,9.92485,0,0
ABS_PE,D,20151124,000000,9.92485,10.2336,9.92485,10.172,0,0
ABS_PE,D,20151125,000000,10.172,10.7297,10.172,10.6681,0,0
ABS_PE,D,20151126,000000,10.6065,10.9785,10.4825,10.8537,0,0
ABS_PE,D,20151127,000000,10.3577,10.7297,10.3577,10.7297,0,0
ABS_PE,D,20151130,000000,10.2336,10.7297,10.2336,10.6681,0,0
ABS_PE,D,20151201,000000,10.544,10.6681,10.544,10.6681,0,0
ABS_PE,D,20151202,000000,10.172,10.544,10.172,10.544,0,0
ABS_PE,D,20151203,000000,10.544,10.544,10.2336,10.2336,0,0
ABS_PE,D,20151204,000000,10.6681,10.6681,10.2336,10.2336,0,0
ABS_PE,D,20151207,000000,10.8537,10.8537,10.296,10.296,0,0
ABS_PE,D,20151208,000000,10.2336,10.2336,10.2336,10.2336,0,0
ABS_PE,D,20151209,000000,10.2336,10.2336,10.172,10.172,0,0
ABS_PE,D,20151210,000000,10.172,10.2336,10.172,10.2336,0,0
ABS_PE,D,20151211,000000,10.2336,10.2336,10.0472,10.0472,0,0
ABS_PE,D,20151214,000000,9.48971,10.172,9.30322,10.172,0,0
ABS_PE,D,20151215,000000,9.73769,10.1106,9.55125,10.0472,0,0
ABS_PE,D,20151216,000000,9.98566,9.98566,9.98566,9.98566,0,0
ABS_PE,D,20151217,000000,9.55125,9.86163,9.55125,9.73769,0,0
ABS_PE,D,20151218,000000,9.92485,9.92485,9.67611,9.73769,0,0
ABS_PE,D,20151221,000000,9.67611,9.67611,9.1801,9.42807,0,0
ABS_PE,D,20151222,000000,9.2408,9.79927,8.5584,9.73769,0,0
ABS_PE,D,20151223,000000,8.93209,9.73769,8.93209,9.73769,0,0
ABS_PE,D,20151228,000000,9.67611,9.79927,9.67611,9.73769,0,0
ABS_PE,D,20151229,000000,9.79927,10.0472,9.73769,9.98566,0,0
ABS_PE,D,20151230,000000,9.73769,10.172,9.73769,9.92485,0,0
ABS_PE,D,20160104,000000,9.92485,10.1106,9.55125,10.1106,0,0
ABS_PE,D,20160105,000000,10.0472,10.0472,10.0472,10.0472,0,0
ABS_PE,D,20160107,000000,9.55125,9.92485,9.55125,9.92485,0,0
ABS_PE,D,20160108,000000,9.61363,9.92485,9.55125,9.67611,0,0
ABS_PE,D,20160111,000000,9.92485,9.92485,9.55125,9.61363,0,0
ABS_PE,D,20160112,000000,9.92485,9.92485,9.30322,9.30322,0,0
ABS_PE,D,20160113,000000,9.30322,9.92485,9.30322,9.92485,0,0
ABS_PE,D,20160114,000000,9.55125,9.92485,9.48971,9.92485,0,0
ABS_PE,D,20160115,000000,9.86163,9.86163,9.86163,9.86163,0,0
ABS_PE,D,20160118,000000,9.79927,9.79927,9.79927,9.79927,0,0
ABS_PE,D,20160119,000000,9.86163,9.86163,9.42807,9.86163,0,0
ABS_PE,D,20160120,000000,9.3656,9.73769,9.30322,9.30322,0,0
ABS_PE,D,20160121,000000,9.55125,9.55125,9.05439,9.30322,0,0
ABS_PE,D,20160122,000000,9.48971,9.48971,9.2408,9.2408,0,0
ABS_PE,D,20160125,000000,9.05439,9.05439,9.05439,9.05439,0,0
ABS_PE,D,20160126,000000,9.05439,9.05439,8.62081,8.93209,0,0
ABS_PE,D,20160127,000000,8.62081,8.68406,8.62081,8.68406,0,0
ABS_PE,D,20160128,000000,8.93209,9.11764,8.62081,9.11764,0,0
ABS_PE,D,20160129,000000,9.05439,9.3656,9.05439,9.2408,0,0
ABS_PE,D,20160201,000000,9.2408,9.2408,9.1801,9.1801,0,0
ABS_PE,D,20160202,000000,9.1801,9.1801,8.74564,8.9928,0,0
ABS_PE,D,20160203,000000,8.9928,8.9928,8.68406,8.9928,0,0
ABS_PE,D,20160204,000000,8.9928,8.9928,8.80726,8.93209,0,0
ABS_PE,D,20160205,000000,8.9928,8.9928,8.9928,8.9928,0,0
ABS_PE,D,20160208,000000,8.9928,8.9928,8.9928,8.9928,0,0
ABS_PE,D,20160209,000000,8.9928,8.9928,8.74564,8.74564,0,0
ABS_PE,D,20160210,000000,8.9928,8.9928,8.74564,8.80726,0,0
ABS_PE,D,20160211,000000,8.80726,8.80726,8.74564,8.74564,0,0
ABS_PE,D,20160212,000000,8.74564,8.74564,8.49765,8.5584,0,0
ABS_PE,D,20160215,000000,8.9928,8.9928,8.62081,8.62081,0,0
ABS_PE,D,20160216,000000,8.86963,8.86963,8.62081,8.62081,0,0
ABS_PE,D,20160217,000000,8.86963,8.9928,8.62081,8.62081,0,0
ABS_PE,D,20160218,000000,8.86963,8.86963,8.49765,8.62081,0,0
ABS_PE,D,20160219,000000,8.62081,8.80726,8.62081,8.80726,0,0
ABS_PE,D,20160222,000000,8.86963,8.9928,8.62081,8.9928,0,0
ABS_PE,D,20160223,000000,8.9928,8.9928,8.93209,8.93209,0,0
ABS_PE,D,20160224,000000,8.9928,8.9928,8.9928,8.9928,0,0
ABS_PE,D,20160225,000000,8.9928,8.9928,8.93209,8.9928,0,0
ABS_PE,D,20160226,000000,8.9928,9.05439,8.9928,8.9928,0,0
ABS_PE,D,20160229,000000,9.1801,9.55125,9.05439,9.05439,0,0
ABS_PE,D,20160301,000000,9.61363,9.61363,9.30322,9.42807,0,0
ABS_PE,D,20160302,000000,9.55125,9.55125,9.42807,9.48971,0,0
ABS_PE,D,20160303,000000,9.48971,9.92485,9.48971,9.61363,0,0
ABS_PE,D,20160304,000000,9.73769,9.92485,9.73769,9.86163,0,0
ABS_PE,D,20160307,000000,9.92485,9.92485,9.73769,9.79927,0,0
ABS_PE,D,20160308,000000,9.79927,10.1106,9.79927,10.1106,0,0
ABS_PE,D,20160309,000000,10.2336,10.3577,10.172,10.172,0,0
ABS_PE,D,20160310,000000,9.98566,10.4201,9.92485,10.4201,0,0
ABS_PE,D,20160311,000000,10.4201,10.6681,10.0472,10.6065,0,0
ABS_PE,D,20160314,000000,10.2336,10.9785,10.2336,10.9785,0,0
ABS_PE,D,20160315,000000,10.9785,11.66,10.9785,11.1641,0,0
ABS_PE,D,20160316,000000,11.2264,11.2264,10.7297,11.1641,0,0
ABS_PE,D,20160317,000000,11.7233,11.7233,10.8537,11.1025,0,0
ABS_PE,D,20160318,000000,11.1025,11.66,11.1025,11.66,0,0
ABS_PE,D,20160321,000000,11.66,11.66,11.1025,11.3505,0,0
ABS_PE,D,20160322,000000,11.66,11.66,11.1641,11.1641,0,0
ABS_PE,D,20160323,000000,11.4736,11.4736,11.4121,11.4121,0,0
ABS_PE,D,20160324,000000,11.1641,11.4736,11.1641,11.4736,0,0
ABS_PE,D,20160329,000000,11.4736,11.537,11.3505,11.4121,0,0
ABS_PE,D,20160330,000000,11.4121,11.5984,11.1025,11.4121,0,0
ABS_PE,D,20160331,000000,11.4736,11.5984,11.4121,11.4121,0,0
ABS_PE,D,20160401,000000,11.66,11.66,11.3505,11.4121,0,0
ABS_PE,D,20160404,000000,11.4736,11.66,11.4736,11.66,0,0
ABS_PE,D,20160405,000000,11.66,11.66,11.4121,11.4121,0,0
ABS_PE,D,20160406,000000,11.4736,11.4736,11.4121,11.4736,0,0
ABS_PE,D,20160407,000000,11.537,11.537,11.4736,11.4736,0,0
ABS_PE,D,20160408,000000,11.537,11.537,11.4121,11.4121,0,0
ABS_PE,D,20160411,000000,11.4121,11.9704,11.4121,11.7233,0,0
ABS_PE,D,20160412,000000,11.9704,11.9704,11.4736,11.7233,0,0
ABS_PE,D,20160413,000000,11.7233,11.7233,11.4121,11.7233,0,0
ABS_PE,D,20160414,000000,11.66,11.66,11.4121,11.66,0,0
ABS_PE,D,20160415,000000,11.4736,11.66,11.4121,11.4121,0,0
ABS_PE,D,20160418,000000,11.4121,11.7233,11.4121,11.7233,0,0
ABS_PE,D,20160419,000000,11.7233,12.0329,11.7233,11.9704,0,0
ABS_PE,D,20160420,000000,11.9704,12.0329,11.9704,12.0329,0,0
ABS_PE,D,20160421,000000,12.0329,12.0329,11.8465,12.0329,0,0
ABS_PE,D,20160422,000000,11.9704,12.0329,11.9081,11.9704,0,0
ABS_PE,D,20160425,000000,11.9704,11.9704,11.66,11.9081,0,0
ABS_PE,D,20160426,000000,11.9081,12.0329,11.9081,12.0329,0,0
ABS_PE,D,20160427,000000,12.0329,12.0329,11.7849,11.7849,0,0
ABS_PE,D,20160428,000000,11.8465,12.2808,11.4736,11.4736,0,0
ABS_PE,D,20160429,000000,11.537,12.0945,11.2889,12.0329,0,0
ABS_PE,D,20160502,000000,11.9081,12.0329,11.8465,11.8465,0,0
ABS_PE,D,20160504,000000,11.8465,11.8465,11.4121,11.5984,0,0
ABS_PE,D,20160505,000000,11.2889,11.8465,11.2889,11.66,0,0
ABS_PE,D,20160506,000000,11.9081,11.9081,11.66,11.7233,0,0
ABS_PE,D,20160509,000000,11.7233,11.7233,11.5984,11.5984,0,0
ABS_PE,D,20160510,000000,11.5984,11.7233,11.2889,11.5984,0,0
ABS_PE,D,20160511,000000,11.8166,12.0786,11.2939,11.8822,0,0
ABS_PE,D,20160512,000000,12.4697,12.4697,11.2939,11.6208,0,0
ABS_PE,D,20160513,000000,11.0334,11.6208,11.0334,11.6208,0,0
ABS_PE,D,20160516,000000,11.7524,11.7524,10.837,11.4903,0,0
ABS_PE,D,20160517,000000,11.556,11.556,11.0334,11.2297,0,0
ABS_PE,D,20160518,000000,11.2297,11.556,11.0991,11.3604,0,0
ABS_PE,D,20160519,000000,11.3604,11.4254,11.3604,11.4254,0,0
ABS_PE,D,20160520,000000,11.3604,12.2742,11.3604,11.6208,0,0
ABS_PE,D,20160523,000000,11.6208,11.6208,11.0991,11.556,0,0
ABS_PE,D,20160524,000000,11.4903,11.6867,11.4903,11.4903,0,0
ABS_PE,D,20160525,000000,11.4903,12.0129,11.4903,11.6208,0,0
ABS_PE,D,20160527,000000,12.0786,12.0786,12.0129,12.0129,0,0
ABS_PE,D,20160530,000000,12.0129,12.0129,12.0129,12.0129,0,0
ABS_PE,D,20160531,000000,11.8822,11.8822,11.556,11.8822,0,0
ABS_PE,D,20160601,000000,11.8822,11.8822,11.2939,11.6867,0,0
ABS_PE,D,20160602,000000,11.2297,11.556,11.2297,11.3604,0,0
ABS_PE,D,20160603,000000,11.1641,11.2297,11.1641,11.2297,0,0
ABS_PE,D,20160606,000000,11.2297,11.6867,11.2297,11.6867,0,0
ABS_PE,D,20160607,000000,11.6867,11.6867,11.3604,11.6867,0,0
ABS_PE,D,20160608,000000,11.6867,12.0129,11.6867,12.0129,0,0
ABS_PE,D,20160609,000000,11.8822,11.8822,11.8166,11.8166,0,0
ABS_PE,D,20160610,000000,11.8166,11.8166,11.6867,11.7524,0,0
ABS_PE,D,20160613,000000,11.7524,11.7524,11.4254,11.6867,0,0
ABS_PE,D,20160614,000000,11.6867,11.6867,11.6867,11.6867,0,0
ABS_PE,D,20160615,000000,11.6867,11.6867,11.4254,11.6208,0,0
ABS_PE,D,20160616,000000,11.7524,11.7524,11.2297,11.6208,0,0
ABS_PE,D,20160617,000000,11.6208,11.7524,11.6208,11.6208,0,0
ABS_PE,D,20160620,000000,11.6208,11.6208,11.3604,11.556,0,0
ABS_PE,D,20160621,000000,11.6208,11.6208,11.6208,11.6208,0,0
ABS_PE,D,20160622,000000,11.6208,11.6208,11.6208,11.6208,0,0
ABS_PE,D,20160623,000000,11.6208,11.7524,11.2297,11.7524,0,0
ABS_PE,D,20160624,000000,11.1641,11.6208,11.1641,11.4903,0,0
ABS_PE,D,20160627,000000,11.6208,11.6208,10.9684,10.9684,0,0
ABS_PE,D,20160628,000000,10.9684,11.556,10.9684,11.0334,0,0
ABS_PE,D,20160629,000000,11.556,11.556,11.2939,11.556,0,0
ABS_PE,D,20160630,000000,11.556,11.6867,11.556,11.6208,0,0
ABS_PE,D,20160701,000000,11.948,11.948,11.6208,11.7524,0,0
ABS_PE,D,20160704,000000,11.6208,11.7524,11.6208,11.7524,0,0
ABS_PE,D,20160705,000000,11.7524,11.7524,11.7524,11.7524,0,0
ABS_PE,D,20160706,000000,11.7524,11.7524,11.6208,11.6208,0,0
ABS_PE,D,20160707,000000,11.7524,11.7524,11.6208,11.6208,0,0
ABS_PE,D,20160708,000000,11.1641,11.6867,11.1641,11.6867,0,0
ABS_PE,D,20160711,000000,11.6867,11.6867,11.6867,11.6867,0,0
ABS_PE,D,20160712,000000,11.556,11.8822,11.556,11.8822,0,0
ABS_PE,D,20160713,000000,11.8822,11.948,11.4254,11.8822,0,0
ABS_PE,D,20160714,000000,11.8822,11.8822,11.8822,11.8822,0,0
ABS_PE,D,20160715,000000,11.8822,11.8822,11.8822,11.8822,0,0
ABS_PE,D,20160718,000000,11.8822,11.8822,11.6867,11.8822,0,0
ABS_PE,D,20160719,000000,11.8822,11.8822,11.8822,11.8822,0,0
ABS_PE,D,20160720,000000,11.8822,11.8822,11.8166,11.8166,0,0
ABS_PE,D,20160721,000000,11.8166,11.8166,11.8166,11.8166,0,0
ABS_PE,D,20160722,000000,11.8166,12.9924,11.8166,12.0129,0,0
ABS_PE,D,20160725,000000,12.0129,12.0129,11.4903,12.0129,0,0
ABS_PE,D,20160726,000000,12.2102,12.2102,11.556,11.8166,0,0
ABS_PE,D,20160727,000000,12.1435,12.2102,11.8166,12.2102,0,0
ABS_PE,D,20160728,000000,12.2102,12.8618,12.2102,12.796,0,0
ABS_PE,D,20160729,000000,12.796,12.796,12.4049,12.796,0,0
ABS_PE,D,20160801,000000,12.6645,12.6645,12.4697,12.4697,0,0
ABS_PE,D,20160802,000000,12.8618,12.8618,12.4697,12.4697,0,0
ABS_PE,D,20160803,000000,12.4697,12.8618,11.6208,12.796,0,0
ABS_PE,D,20160804,000000,12.8618,13.7106,12.796,12.9275,0,0
ABS_PE,D,20160805,000000,12.9924,12.9924,12.9275,12.9924,0,0
ABS_PE,D,20160808,000000,12.9924,13.3186,12.6645,13.188,0,0
ABS_PE,D,20160809,000000,13.188,13.2529,12.6645,13.1222,0,0
ABS_PE,D,20160810,000000,13.3845,13.3845,12.9924,13.0573,0,0
ABS_PE,D,20160811,000000,13.0573,13.2529,13.0573,13.188,0,0
ABS_PE,D,20160812,000000,13.188,14.3631,12.732,14.1675,0,0
ABS_PE,D,20160816,000000,13.3186,14.0369,13.3186,13.5142,0,0
ABS_PE,D,20160817,000000,13.7763,13.7763,13.5142,13.644,0,0
ABS_PE,D,20160818,000000,13.7763,13.7763,13.644,13.644,0,0
ABS_PE,D,20160819,000000,13.644,13.644,13.644,13.644,0,0
ABS_PE,D,20160822,000000,13.7763,13.7763,13.7763,13.7763,0,0
ABS_PE,D,20160823,000000,13.8404,14.4287,13.8404,14.4287,0,0
ABS_PE,D,20160824,000000,14.5594,14.5594,13.7763,13.7763,0,0
ABS_PE,D,20160825,000000,13.7763,14.4937,13.7106,14.3631,0,0
ABS_PE,D,20160826,000000,13.8404,13.8404,13.7763,13.7763,0,0
ABS_PE,D,20160829,000000,14.0369,14.0369,13.5142,14.0369,0,0
ABS_PE,D,20160830,000000,14.0369,14.0369,14.0369,14.0369,0,0
ABS_PE,D,20160831,000000,13.9719,13.9719,13.7763,13.7763,0,0
ABS_PE,D,20160901,000000,14.0369,14.0369,13.188,13.5142,0,0
ABS_PE,D,20160902,000000,12.796,13.4493,12.796,13.188,0,0
ABS_PE,D,20160905,000000,13.4493,13.5142,13.3845,13.5142,0,0
ABS_PE,D,20160906,000000,13.5142,13.5142,13.4493,13.4493,0,0
ABS_PE,D,20160907,000000,13.4493,13.4493,13.3186,13.4493,0,0
ABS_PE,D,20160908,000000,13.4493,13.4493,13.3186,13.4493,0,0
ABS_PE,D,20160909,000000,13.4493,13.4493,13.0573,13.4493,0,0
ABS_PE,D,20160912,000000,13.3845,13.3845,12.4697,12.732,0,0
ABS_PE,D,20160913,000000,12.732,13.3186,12.732,13.3186,0,0
ABS_PE,D,20160914,000000,13.4493,13.4493,13.188,13.188,0,0
ABS_PE,D,20160915,000000,13.188,13.4493,13.188,13.188,0,0
ABS_PE,D,20160916,000000,13.3845,13.5142,13.3845,13.5142,0,0
ABS_PE,D,20160919,000000,13.5142,13.5142,12.796,12.796,0,0
ABS_PE,D,20160920,000000,12.796,13.3186,12.796,13.3186,0,0
ABS_PE,D,20160921,000000,12.732,13.4493,12.732,13.3845,0,0
ABS_PE,D,20160922,000000,13.3845,13.3845,12.732,13.3845,0,0
ABS_PE,D,20160923,000000,13.3845,13.3845,13.3845,13.3845,0,0
ABS_PE,D,20160926,000000,13.3845,13.3845,13.3845,13.3845,0,0
ABS_PE,D,20160927,000000,13.5142,13.5142,13.188,13.5142,0,0
ABS_PE,D,20160928,000000,13.5142,13.7763,13.3186,13.5142,0,0
ABS_PE,D,20160929,000000,13.5142,13.5142,13.3845,13.5142,0,0
ABS_PE,D,20160930,000000,13.5142,14.2332,13.5142,14.1675,0,0
ABS_PE,D,20161003,000000,14.1025,14.1025,13.9062,14.1025,0,0
ABS_PE,D,20161004,000000,13.9062,14.1025,13.8404,14.1025,0,0
ABS_PE,D,20161005,000000,14.1025,14.1025,13.7763,14.1025,0,0
ABS_PE,D,20161006,000000,13.3845,14.0369,13.3845,14.0369,0,0
ABS_PE,D,20161007,000000,14.0369,14.0369,13.3845,14.0369,0,0
ABS_PE,D,20161010,000000,14.3631,14.3631,13.3845,13.3845,0,0
ABS_PE,D,20161011,000000,13.7106,14.0369,13.7106,14.0369,0,0
ABS_PE,D,20161012,000000,13.4493,13.9062,13.2529,13.2529,0,0
ABS_PE,D,20161013,000000,13.7763,13.7763,13.188,13.188,0,0
ABS_PE,D,20161014,000000,13.5142,14.1025,13.5142,14.1025,0,0
ABS_PE,D,20161017,000000,14.1025,14.1025,13.4493,13.9719,0,0
ABS_PE,D,20161018,000000,13.5808,14.1025,13.5808,14.0369,0,0
ABS_PE,D,20161019,000000,14.0369,14.0369,13.7763,14.0369,0,0
ABS_PE,D,20161020,000000,14.1025,14.1025,13.9062,13.9062,0,0
ABS_PE,D,20161021,000000,14.1025,14.1025,14.0369,14.0369,0,0
ABS_PE,D,20161024,000000,14.1025,14.1025,13.644,13.644,0,0
ABS_PE,D,20161025,000000,14.0369,14.0369,13.644,13.644,0,0
ABS_PE,D,20161026,000000,13.9062,14.0369,13.2529,13.2529,0,0
ABS_PE,D,20161027,000000,13.8404,13.8404,12.4697,12.4697,0,0
ABS_PE,D,20161028,000000,12.6645,12.6645,12.3399,12.3399,0,0
ABS_PE,D,20161031,000000,12.3399,12.3399,12.3399,12.3399,0,0
ABS_PE,D,20161102,000000,12.2742,12.4697,12.2742,12.2742,0,0
ABS_PE,D,20161103,000000,12.4697,12.4697,12.2742,12.2742,0,0
ABS_PE,D,20161104,000000,12.4697,12.4697,12.2102,12.2102,0,0
ABS_PE,D,20161107,000000,12.2102,12.4697,12.2102,12.4697,0,0
ABS_PE,D,20161108,000000,12.4697,12.4697,12.0786,12.0786,0,0
ABS_PE,D,20161109,000000,12.2742,12.2742,12.0786,12.0786,0,0
ABS_PE,D,20161110,000000,12.2742,12.2742,12.0786,12.0786,0,0
ABS_PE,D,20161114,000000,12.2102,12.2742,11.948,12.0129,0,0
ABS_PE,D,20161115,000000,11.6208,11.948,11.6208,11.6208,0,0
ABS_PE,D,20161116,000000,11.948,11.948,11.556,11.6208,0,0
ABS_PE,D,20161117,000000,11.8166,11.8166,11.8166,11.8166,0,0
ABS_PE,D,20161118,000000,11.8166,12.0129,11.8166,12.0129,0,0
ABS_PE,D,20161121,000000,12.2742,12.2742,12.2102,12.2102,0,0
ABS_PE,D,20161122,000000,12.2742,12.2742,12.2742,12.2742,0,0
ABS_PE,D,20161123,000000,11.6208,12.2742,11.6208,12.2742,0,0
ABS_PE,D,20161124,000000,12.3399,12.3399,11.8166,11.8166,0,0
ABS_PE,D,20161125,000000,12.2742,12.2742,11.6208,11.6208,0,0
ABS_PE,D,20161128,000000,12.3399,12.3399,12.2102,12.2102,0,0
ABS_PE,D,20161129,000000,12.1435,12.1435,11.6867,12.0786,0,0
ABS_PE,D,20161130,000000,12.1435,12.1435,11.6867,11.8166,0,0
ABS_PE,D,20161201,000000,12.4697,12.4697,11.8822,12.3399,0,0
ABS_PE,D,20161202,000000,12.3399,12.3399,11.948,12.2742,0,0
ABS_PE,D,20161205,000000,12.2742,12.2742,12.2102,12.2102,0,0
ABS_PE,D,20161206,000000,12.2102,12.2102,12.1435,12.1435,0,0
ABS_PE,D,20161207,000000,12.2102,12.2102,11.7524,12.1435,0,0
ABS_PE,D,20161208,000000,11.8822,12.0786,11.6867,12.0786,0,0
ABS_PE,D,20161209,000000,11.8822,12.0786,11.7524,12.0129,0,0
ABS_PE,D,20161212,000000,11.7524,12.0129,11.556,11.556,0,0
ABS_PE,D,20161213,000000,11.556,11.6208,11.2939,11.556,0,0
ABS_PE,D,20161214,000000,11.556,11.948,11.2939,11.6208,0,0
ABS_PE,D,20161215,000000,11.6208,11.6867,11.6208,11.6867,0,0
ABS_PE,D,20161216,000000,11.6867,11.948,11.6867,11.948,0,0
ABS_PE,D,20161219,000000,11.948,11.948,11.6867,11.6867,0,0
ABS_PE,D,20161220,000000,11.6208,11.8822,11.6208,11.6867,0,0
ABS_PE,D,20161221,000000,11.6867,12.1435,11.6867,12.1435,0,0
ABS_PE,D,20161222,000000,12.1435,12.1435,11.948,11.948,0,0
ABS_PE,D,20161223,000000,12.1435,12.3399,12.1435,12.3399,0,0
ABS_PE,D,20161227,000000,12.4697,12.5346,12.2102,12.5346,0,0
ABS_PE,D,20161228,000000,12.5346,12.796,12.5346,12.796,0,0
ABS_PE,D,20161229,000000,12.796,12.796,12.5346,12.796,0,0
ABS_PE,D,20161230,000000,12.796,12.796,12.796,12.796,0,0
ABS_PE,D,20170102,000000,13.0573,13.0573,12.796,12.9275,0,0
ABS_PE,D,20170103,000000,12.9275,12.9275,12.796,12.796,0,0
ABS_PE,D,20170104,000000,12.796,12.796,12.796,12.796,0,0
ABS_PE,D,20170105,000000,12.9275,12.9275,12.796,12.796,0,0
ABS_PE,D,20170109,000000,13.0573,13.0573,12.8618,12.8618,0,0
ABS_PE,D,20170110,000000,12.8618,12.8618,12.5346,12.796,0,0
ABS_PE,D,20170111,000000,13.0573,13.0573,12.9275,12.9275,0,0
ABS_PE,D,20170112,000000,13.0573,13.0573,12.796,12.796,0,0
ABS_PE,D,20170113,000000,12.9275,12.9275,12.6645,12.6645,0,0
ABS_PE,D,20170116,000000,12.732,12.796,12.732,12.796,0,0
ABS_PE,D,20170117,000000,12.796,12.9275,12.796,12.8618,0,0
ABS_PE,D,20170118,000000,12.9924,12.9924,12.8618,12.8618,0,0
ABS_PE,D,20170119,000000,12.9924,12.9924,12.796,12.796,0,0
ABS_PE,D,20170120,000000,12.796,12.796,12.796,12.796,0,0
ABS_PE,D,20170123,000000,12.9924,12.9924,12.6645,12.6645,0,0
ABS_PE,D,20170124,000000,12.6645,13.1222,12.6645,12.9924,0,0
ABS_PE,D,20170125,000000,12.9924,12.9924,12.8618,12.9275,0,0
ABS_PE,D,20170126,000000,13.1222,13.1222,12.6645,12.6645,0,0
ABS_PE,D,20170127,000000,12.732,12.796,12.732,12.796,0,0
ABS_PE,D,20170130,000000,12.796,12.796,12.2742,12.2742,0,0
ABS_PE,D,20170131,000000,11.8822,12.796,11.8822,12.6645,0,0
ABS_PE,D,20170201,000000,12.732,12.732,12.2102,12.6013,0,0
ABS_PE,D,20170202,000000,12.6013,12.6013,12.5346,12.5346,0,0
ABS_PE,D,20170203,000000,12.5346,12.5346,12.4049,12.4697,0,0
ABS_PE,D,20170206,000000,12.4049,12.4697,12.2742,12.4697,0,0
ABS_PE,D,20170207,000000,12.4697,12.4697,12.4049,12.4049,0,0
ABS_PE,D,20170208,000000,12.3399,12.3399,12.2102,12.2742,0,0
ABS_PE,D,20170209,000000,12.2742,12.4049,12.0129,12.2742,0,0
ABS_PE,D,20170210,000000,12.3399,12.3399,12.2742,12.2742,0,0
ABS_PE,D,20170213,000000,12.2742,12.3399,12.2742,12.3399,0,0
ABS_PE,D,20170214,000000,12.3399,12.4697,12.3399,12.4697,0,0
ABS_PE,D,20170215,000000,12.4697,12.9275,12.4697,12.9275,0,0
ABS_PE,D,20170216,000000,12.9924,13.188,12.9924,13.1222,0,0
ABS_PE,D,20170217,000000,13.1222,13.1222,13.0573,13.1222,0,0
ABS_PE,D,20170220,000000,13.1222,13.1222,12.796,12.796,0,0
ABS_PE,D,20170221,000000,12.9924,12.9924,12.796,12.9924,0,0
ABS_PE,D,20170222,000000,13.188,13.188,12.9275,12.9275,0,0
ABS_PE,D,20170223,000000,12.9275,13.1222,12.9275,12.9924,0,0
ABS_PE,D,20170224,000000,13.1222,13.1222,12.9275,12.9275,0,0
ABS_PE,D,20170227,000000,12.9275,12.9275,12.8618,12.8618,0,0
ABS_PE,D,20170228,000000,13.1222,13.1222,12.8618,13.1222,0,0
ABS_PE,D,20170301,000000,13.1222,13.1222,12.9924,13.1222,0,0
ABS_PE,D,20170302,000000,13.1222,14.1675,12.9924,13.8404,0,0
ABS_PE,D,20170303,000000,13.5808,13.7106,13.5808,13.7106,0,0
ABS_PE,D,20170306,000000,14.3631,14.6894,13.9062,13.9062,0,0
ABS_PE,D,20170307,000000,13.9062,13.9062,13.1222,13.4493,0,0
ABS_PE,D,20170308,000000,13.8404,13.8404,13.8404,13.8404,0,0
ABS_PE,D,20170309,000000,13.8404,13.8404,13.4493,13.4493,0,0
ABS_PE,D,20170310,000000,13.7763,13.8404,13.5808,13.7763,0,0
ABS_PE,D,20170313,000000,13.9062,14.2973,13.9062,14.2973,0,0
ABS_PE,D,20170314,000000,14.2973,14.2973,14.1675,14.1675,0,0
ABS_PE,D,20170315,000000,14.2973,14.2973,14.2973,14.2973,0,0
ABS_PE,D,20170316,000000,14.2973,14.2973,14.1675,14.2332,0,0
ABS_PE,D,20170317,000000,14.2332,14.2332,14.1675,14.1675,0,0
ABS_PE,D,20170320,000000,14.1675,14.1675,13.9062,13.9062,0,0
ABS_PE,D,20170321,000000,13.7763,13.7763,13.644,13.7763,0,0
ABS_PE,D,20170322,000000,13.7763,13.9062,13.3845,13.3845,0,0
ABS_PE,D,20170323,000000,14.0369,14.0369,14.0369,14.0369,0,0
ABS_PE,D,20170324,000000,14.0369,14.0369,13.5808,13.9062,0,0
ABS_PE,D,20170327,000000,13.7106,13.7106,13.4493,13.4493,0,0
ABS_PE,D,20170328,000000,13.3186,13.7763,13.1222,13.7763,0,0
ABS_PE,D,20170329,000000,13.188,14.2332,13.188,14.0369,0,0
ABS_PE,D,20170330,000000,14.0369,14.0369,14.0369,14.0369,0,0
ABS_PE,D,20170331,000000,14.0369,14.2332,14.0369,14.2332,0,0
ABS_PE,D,20170403,000000,14.2332,14.2332,14.1675,14.1675,0,0
ABS_PE,D,20170404,000000,14.1675,14.1675,13.4493,14.1025,0,0
ABS_PE,D,20170405,000000,13.644,14.1675,13.644,14.1025,0,0
ABS_PE,D,20170406,000000,13.9719,14.1025,13.9719,14.1025,0,0
ABS_PE,D,20170407,000000,14.0369,14.1025,13.8404,13.9062,0,0
ABS_PE,D,20170410,000000,13.9719,14.1675,13.9719,13.9719,0,0
ABS_PE,D,20170411,000000,13.9719,13.9719,13.7106,13.7106,0,0
ABS_PE,D,20170412,000000,13.644,14.2332,13.644,14.2332,0,0
ABS_PE,D,20170413,000000,14.2332,14.2332,14.2332,14.2332,0,0
ABS_PE,D,20170418,000000,14.2332,14.2332,13.9719,13.9719,0,0
ABS_PE,D,20170419,000000,13.8404,14.0369,13.8404,14.0369,0,0
ABS_PE,D,20170420,000000,14.2973,14.2973,14.2332,14.2332,0,0
ABS_PE,D,20170421,000000,14.2973,14.2973,14.2332,14.2332,0,0
ABS_PE,D,20170424,000000,14.2332,14.2332,14.2332,14.2332,0,0
ABS_PE,D,20170425,000000,14.3631,14.4937,14.2973,14.2973,0,0
ABS_PE,D,20170426,000000,14.3631,14.8857,14.3631,14.8199,0,0
ABS_PE,D,20170427,000000,14.6894,14.8199,14.4287,14.8199,0,0
ABS_PE,D,20170428,000000,14.8199,16.1906,14.8199,14.8199,0,0
ABS_PE,D,20170502,000000,14.8199,14.8199,14.5594,14.8199,0,0
ABS_PE,D,20170504,000000,14.8199,15.0163,14.8199,15.0163,0,0
ABS_PE,D,20170505,000000,15.0163,15.5382,14.8857,14.8857,0,0
ABS_PE,D,20170508,000000,15.3425,15.4732,15.3425,15.3425,0,0
ABS_PE,D,20170509,000000,15.4732,16.6484,15.4732,15.7995,0,0
ABS_PE,D,20170510,000000,15.93,15.93,15.5382,15.668,0,0
ABS_PE,D,20170511,000000,15.0122,15.8277,15.0122,15.3526,0,0
ABS_PE,D,20170512,000000,15.0805,15.7595,15.0805,15.623,0,0
ABS_PE,D,20170515,000000,15.896,15.896,15.4882,15.7595,0,0
ABS_PE,D,20170516,000000,15.7595,15.7595,15.623,15.623,0,0
ABS_PE,D,20170517,000000,15.8277,15.8277,15.8277,15.8277,0,0
ABS_PE,D,20170518,000000,15.7595,15.7595,15.1486,15.2843,0,0
ABS_PE,D,20170519,000000,15.2843,15.4882,15.2843,15.4882,0,0
ABS_PE,D,20170522,000000,15.3526,15.3526,15.3526,15.3526,0,0
ABS_PE,D,20170523,000000,15.1486,15.3526,15.1486,15.216,0,0
ABS_PE,D,20170524,000000,15.2843,15.2843,15.0122,15.2843,0,0
ABS_PE,D,20170525,000000,15.4882,15.4882,15.0805,15.2843,0,0
ABS_PE,D,20170526,000000,15.4882,15.4882,15.1486,15.3526,0,0
ABS_PE,D,20170529,000000,15.3526,15.4882,15.216,15.216,0,0
ABS_PE,D,20170530,000000,15.3526,15.3526,15.0122,15.216,0,0
ABS_PE,D,20170531,000000,15.216,15.216,14.8083,15.216,0,0
ABS_PE,D,20170601,000000,14.7417,15.0122,14.7417,15.0122,0,0
ABS_PE,D,20170602,000000,15.0122,15.0122,14.6727,14.6727,0,0
ABS_PE,D,20170605,000000,14.4687,14.6727,14.1974,14.2649,0,0
ABS_PE,D,20170606,000000,14.2649,14.4687,13.857,13.857,0,0
ABS_PE,D,20170607,000000,13.9253,14.1292,13.7214,13.9936,0,0
ABS_PE,D,20170608,000000,13.9936,13.9936,13.7214,13.857,0,0
ABS_PE,D,20170609,000000,13.7905,14.6727,13.7905,14.4687,0,0
ABS_PE,D,20170612,000000,14.4687,14.4687,13.9936,13.9936,0,0
ABS_PE,D,20170613,000000,13.7905,14.2649,13.7905,14.1974,0,0
ABS_PE,D,20170614,000000,14.4014,14.4014,13.9936,14.1974,0,0
ABS_PE,D,20170616,000000,14.0609,14.1974,13.9936,14.1974,0,0
ABS_PE,D,20170619,000000,14.1292,14.1974,14.1292,14.1974,0,0
ABS_PE,D,20170620,000000,14.1974,14.6052,14.0609,14.1974,0,0
ABS_PE,D,20170621,000000,14.1974,14.5369,14.1974,14.3331,0,0
ABS_PE,D,20170622,000000,14.6052,14.6052,14.4687,14.6052,0,0
ABS_PE,D,20170623,000000,14.6052,14.6052,14.4687,14.4687,0,0
ABS_PE,D,20170626,000000,14.5369,14.6052,14.5369,14.6052,0,0
ABS_PE,D,20170627,000000,14.6052,14.8764,14.6052,14.6727,0,0
ABS_PE,D,20170628,000000,14.7417,14.7417,14.7417,14.7417,0,0
ABS_PE,D,20170629,000000,14.6727,14.8764,14.6727,14.8764,0,0
ABS_PE,D,20170630,000000,14.8764,14.8764,14.8083,14.8083,0,0
ABS_PE,D,20170703,000000,14.8083,14.8083,14.4014,14.6052,0,0
ABS_PE,D,20170704,000000,14.5369,14.6052,14.4014,14.6052,0,0
ABS_PE,D,20170705,000000,14.4687,14.6052,14.2649,14.2649,0,0
ABS_PE,D,20170706,000000,14.6052,14.6052,13.857,14.3331,0,0
ABS_PE,D,20170707,000000,14.4014,14.4014,14.4014,14.4014,0,0
ABS_PE,D,20170710,000000,14.4014,14.4014,14.4014,14.4014,0,0
ABS_PE,D,20170711,000000,14.4014,14.4014,14.0609,14.0609,0,0
ABS_PE,D,20170712,000000,14.3331,14.3331,14.1974,14.1974,0,0
ABS_PE,D,20170713,000000,14.1974,14.1974,14.1974,14.1974,0,0
ABS_PE,D,20170714,000000,14.0609,14.1974,13.857,13.857,0,0
ABS_PE,D,20170717,000000,14.1974,14.1974,13.0423,13.0423,0,0
ABS_PE,D,20170718,000000,13.178,13.5184,13.178,13.178,0,0
ABS_PE,D,20170719,000000,13.178,13.178,13.0423,13.0423,0,0
ABS_PE,D,20170720,000000,13.178,13.3145,13.0423,13.3145,0,0
ABS_PE,D,20170721,000000,13.3145,13.4493,13.3145,13.4493,0,0
ABS_PE,D,20170724,000000,13.4493,13.4493,13.4493,13.4493,0,0
ABS_PE,D,20170725,000000,13.5184,13.5184,13.3819,13.3819,0,0
ABS_PE,D,20170726,000000,13.4493,13.7214,13.4493,13.7214,0,0
ABS_PE,D,20170727,000000,13.6541,13.7214,13.6541,13.7214,0,0
ABS_PE,D,20170728,000000,13.5184,13.5184,13.5184,13.5184,0,0
ABS_PE,D,20170731,000000,13.5184,13.5858,13.5184,13.5858,0,0
ABS_PE,D,20170801,000000,13.5858,13.5858,13.5184,13.5184,0,0
ABS_PE,D,20170802,000000,13.5184,13.5184,13.178,13.178,0,0
ABS_PE,D,20170803,000000,13.0423,13.5184,13.0423,13.2463,0,0
ABS_PE,D,20170804,000000,13.3819,13.6541,12.0229,13.5184,0,0
ABS_PE,D,20170807,000000,13.3145,13.3145,13.1105,13.2463,0,0
ABS_PE,D,20170808,000000,13.0423,13.5184,13.0423,13.4493,0,0
ABS_PE,D,20170809,000000,13.3145,13.7214,13.3145,13.7214,0,0
ABS_PE,D,20170810,000000,13.3819,13.7214,13.3819,13.7214,0,0
ABS_PE,D,20170811,000000,13.7214,13.7214,13.7214,13.7214,0,0
ABS_PE,D,20170814,000000,13.3145,13.7214,13.3145,13.7214,0,0
ABS_PE,D,20170816,000000,13.7214,13.7214,13.7214,13.7214,0,0
ABS_PE,D,20170817,000000,13.7214,13.7905,13.7214,13.7905,0,0
ABS_PE,D,20170818,000000,13.7905,13.9253,13.7905,13.9253,0,0
ABS_PE,D,20170821,000000,13.9253,14.1974,13.7905,13.7905,0,0
ABS_PE,D,20170822,000000,14.2649,14.2649,13.7905,13.7905,0,0
ABS_PE,D,20170823,000000,13.857,13.857,13.7905,13.7905,0,0
ABS_PE,D,20170825,000000,14.1292,14.1292,13.7905,13.7905,0,0
ABS_PE,D,20170828,000000,13.7905,13.9253,13.7905,13.9253,0,0
ABS_PE,D,20170829,000000,13.9253,13.9253,13.7214,13.7214,0,0
ABS_PE,D,20170830,000000,13.7905,13.7905,13.7214,13.7214,0,0
ABS_PE,D,20170831,000000,13.7214,13.7214,13.0423,13.3145,0,0
ABS_PE,D,20170901,000000,13.857,13.857,13.5184,13.5858,0,0
ABS_PE,D,20170904,000000,13.7214,13.7214,13.7214,13.7214,0,0
ABS_PE,D,20170905,000000,13.3145,13.7214,13.3145,13.7214,0,0
ABS_PE,D,20170906,000000,13.7905,13.7905,13.7905,13.7905,0,0
ABS_PE,D,20170907,000000,13.3145,13.6541,13.178,13.178,0,0
ABS_PE,D,20170908,000000,13.3145,13.6541,13.178,13.6541,0,0
ABS_PE,D,20170911,000000,13.5858,13.5858,13.5858,13.5858,0,0
ABS_PE,D,20170912,000000,13.6541,13.7214,13.3145,13.7214,0,0
ABS_PE,D,20170913,000000,13.3145,13.3145,13.3145,13.3145,0,0
ABS_PE,D,20170914,000000,13.5184,13.7214,13.5184,13.7214,0,0
ABS_PE,D,20170915,000000,13.5858,13.7214,13.3819,13.7214,0,0
ABS_PE,D,20170918,000000,13.7214,13.7214,13.5858,13.5858,0,0
ABS_PE,D,20170919,000000,13.5858,13.7214,13.3819,13.3819,0,0
ABS_PE,D,20170920,000000,13.3819,13.3819,13.3819,13.3819,0,0
ABS_PE,D,20170921,000000,13.3819,13.5858,13.3819,13.5858,0,0
ABS_PE,D,20170922,000000,13.5858,13.5858,13.5858,13.5858,0,0
ABS_PE,D,20170925,000000,13.3819,13.3819,13.3819,13.3819,0,0
ABS_PE,D,20170926,000000,13.3819,13.3819,12.7703,12.8392,0,0
ABS_PE,D,20170927,000000,13.3145,13.3145,13.3145,13.3145,0,0
ABS_PE,D,20170928,000000,13.3145,13.3145,13.3145,13.3145,0,0
ABS_PE,D,20170929,000000,13.2463,13.2463,13.2463,13.2463,0,0
ABS_PE,D,20171002,000000,13.2463,13.3145,13.1105,13.3145,0,0
ABS_PE,D,20171003,000000,13.5184,13.5184,13.5184,13.5184,0,0
ABS_PE,D,20171004,000000,13.4493,13.4493,13.3145,13.3145,0,0
ABS_PE,D,20171005,000000,13.3145,13.3145,13.3145,13.3145,0,0
ABS_PE,D,20171006,000000,13.3145,13.3819,13.3145,13.3819,0,0
ABS_PE,D,20171009,000000,13.3145,13.3145,13.1105,13.1105,0,0
ABS_PE,D,20171010,000000,13.1105,13.1105,13.1105,13.1105,0,0
ABS_PE,D,20171011,000000,13.3145,13.3145,13.178,13.178,0,0
ABS_PE,D,20171012,000000,13.4493,13.4493,13.4493,13.4493,0,0
ABS_PE,D,20171016,000000,13.2463,13.3145,12.9741,13.3145,0,0
ABS_PE,D,20171017,000000,13.3145,13.3145,12.9741,13.2463,0,0
ABS_PE,D,20171018,000000,13.2463,13.2463,13.1105,13.1105,0,0
ABS_PE,D,20171019,000000,12.9741,12.9741,12.9067,12.9067,0,0
ABS_PE,D,20171020,000000,12.9067,13.2463,12.9067,12.9067,0,0
ABS_PE,D,20171023,000000,12.9067,13.0423,12.9067,13.0423,0,0
ABS_PE,D,20171024,000000,12.9067,13.178,12.5672,13.178,0,0
ABS_PE,D,20171025,000000,12.8392,13.1105,12.8392,13.1105,0,0
ABS_PE,D,20171026,000000,13.1105,13.1105,13.1105,13.1105,0,0
ABS_PE,D,20171027,000000,13.0423,13.1105,12.8392,13.1105,0,0
ABS_PE,D,20171030,000000,13.178,13.3819,13.1105,13.178,0,0
ABS_PE,D,20171031,000000,13.3819,13.3819,13.178,13.3145,0,0
ABS_PE,D,20171102,000000,13.3145,13.3145,13.0423,13.1105,0,0
ABS_PE,D,20171103,000000,13.2463,13.2463,13.2463,13.2463,0,0
ABS_PE,D,20171106,000000,13.3145,13.3819,13.0423,13.178,0,0
ABS_PE,D,20171108,000000,13.1105,13.3145,13.1105,13.3145,0,0
ABS_PE,D,20171109,000000,13.178,13.3145,13.1105,13.1105,0,0
ABS_PE,D,20171110,000000,13.1105,13.3145,13.1105,13.3145,0,0
ABS_PE,D,20171113,000000,13.3145,13.3145,13.2463,13.2463,0,0
ABS_PE,D,20171114,000000,13.2463,13.3145,12.9741,13.2463,0,0
ABS_PE,D,20171115,000000,13.1105,13.2463,13.0423,13.0423,0,0
ABS_PE,D,20171116,000000,13.1105,13.1105,13.1105,13.1105,0,0
ABS_PE,D,20171117,000000,12.8392,13.1105,12.8392,12.9067,0,0
ABS_PE,D,20171120,000000,11.6841,13.1105,11.6841,12.8392,0,0
ABS_PE,D,20171121,000000,12.8392,13.1105,12.6345,13.1105,0,0
ABS_PE,D,20171122,000000,13.1105,13.3145,13.1105,13.3145,0,0
ABS_PE,D,20171123,000000,13.0423,13.0423,13.0423,13.0423,0,0
ABS_PE,D,20171124,000000,13.1105,13.1105,13.0423,13.1105,0,0
ABS_PE,D,20171127,000000,13.1105,13.2463,13.0423,13.2463,0,0
ABS_PE,D,20171128,000000,12.7703,13.2463,12.7703,13.2463,0,0
ABS_PE,D,20171129,000000,13.3145,13.4493,12.7036,13.1105,0,0
ABS_PE,D,20171130,000000,12.7703,13.2463,12.7703,13.2463,0,0
ABS_PE,D,20171201,000000,13.0423,13.0423,13.0423,13.0423,0,0
ABS_PE,D,20171204,000000,13.3145,13.3145,13.1105,13.1105,0,0
ABS_PE,D,20171205,000000,13.3819,13.3819,12.8392,13.3145,0,0
ABS_PE,D,20171206,000000,13.3145,13.3145,12.9741,13.2463,0,0
ABS_PE,D,20171207,000000,13.1105,13.1105,13.1105,13.1105,0,0
ABS_PE,D,20171208,000000,13.178,13.178,13.1105,13.178,0,0
ABS_PE,D,20171211,000000,12.8392,13.3145,12.7703,12.8392,0,0
ABS_PE,D,20171212,000000,12.8392,12.8392,12.1594,12.7036,0,0
ABS_PE,D,20171213,000000,12.9067,12.9741,12.6345,12.6345,0,0
ABS_PE,D,20171214,000000,12.8392,13.1105,12.8392,13.1105,0,0
ABS_PE,D,20171215,000000,12.9741,13.1105,12.9741,12.9741,0,0
ABS_PE,D,20171218,000000,13.1105,13.1105,12.9741,13.1105,0,0
ABS_PE,D,20171219,000000,13.1105,13.1105,12.7703,12.7703,0,0
ABS_PE,D,20171220,000000,13.0423,13.3145,12.7703,13.3145,0,0
ABS_PE,D,20171221,000000,13.3145,13.3145,12.9067,13.3145,0,0
ABS_PE,D,20171222,000000,13.3145,13.3145,12.9067,13.0423,0,0
ABS_PE,D,20171227,000000,13.3819,13.3819,12.9067,12.9067,0,0
ABS_PE,D,20171228,000000,13.178,13.3145,13.1105,13.3145,0,0
ABS_PE,D,20171229,000000,13.5184,13.5858,13.5184,13.5858,0,0
ABS_PE,D,20180103,000000,13.857,13.857,13.3145,13.3145,0,0
ABS_PE,D,20180104,000000,13.5858,13.7905,13.2463,13.6541,0,0
ABS_PE,D,20180105,000000,13.857,13.857,13.5858,13.857,0,0
ABS_PE,D,20180108,000000,14.1292,14.1974,13.9253,14.1292,0,0
ABS_PE,D,20180109,000000,14.1974,14.1974,13.857,13.9253,0,0
ABS_PE,D,20180110,000000,13.9253,13.9253,13.9253,13.9253,0,0
ABS_PE,D,20180111,000000,13.9253,14.1974,13.9253,14.1292,0,0
ABS_PE,D,20180112,000000,14.1292,14.2649,14.1292,14.2649,0,0
ABS_PE,D,20180115,000000,14.3331,14.6052,14.3331,14.5369,0,0
ABS_PE,D,20180116,000000,14.5369,14.6052,14.5369,14.5369,0,0
ABS_PE,D,20180117,000000,14.6052,14.6727,14.6052,14.6727,0,0
ABS_PE,D,20180118,000000,14.7417,14.9448,14.6052,14.8764,0,0
ABS_PE,D,20180119,000000,14.8764,14.8764,14.6052,14.6727,0,0
ABS_PE,D,20180122,000000,14.8083,14.8764,14.6052,14.8764,0,0
ABS_PE,D,20180123,000000,14.8764,15.0805,14.8764,14.8764,0,0
ABS_PE,D,20180124,000000,14.7417,14.8764,14.6052,14.6052,0,0
ABS_PE,D,20180125,000000,14.7417,14.8764,14.5369,14.5369,0,0
ABS_PE,D,20180126,000000,14.0609,14.6052,14.0609,14.6052,0,0
ABS_PE,D,20180129,000000,14.6052,14.6052,14.4014,14.5369,0,0
ABS_PE,D,20180130,000000,14.4687,14.4687,14.2649,14.2649,0,0
ABS_PE,D,20180131,000000,14.4687,14.4687,14.1292,14.1292,0,0
ABS_PE,D,20180201,000000,14.1292,14.3331,14.1292,14.1292,0,0
ABS_PE,D,20180202,000000,14.1292,14.1292,14.1292,14.1292,0,0
ABS_PE,D,20180205,000000,14.0609,14.0609,14.0609,14.0609,0,0
ABS_PE,D,20180206,000000,13.9253,13.9253,13.6541,13.9253,0,0
ABS_PE,D,20180207,000000,13.9936,14.1974,13.2463,13.3145,0,0
ABS_PE,D,20180208,000000,13.5858,13.7905,13.3145,13.3145,0,0
ABS_PE,D,20180209,000000,12.9741,13.3145,12.5672,13.1105,0,0
ABS_PE,D,20180212,000000,13.1105,13.1105,13.0423,13.0423,0,0
ABS_PE,D,20180213,000000,13.0423,13.1105,12.9067,12.9067,0,0
ABS_PE,D,20180214,000000,12.9067,13.5858,12.9067,13.5858,0,0
ABS_PE,D,20180215,000000,13.5858,13.7905,13.5184,13.7905,0,0
ABS_PE,D,20180216,000000,13.7214,13.7214,13.5184,13.5184,0,0
ABS_PE,D,20180219,000000,13.3145,14.1974,13.3145,14.1292,0,0
ABS_PE,D,20180220,000000,14.0609,14.0609,13.9936,13.9936,0,0
ABS_PE,D,20180221,000000,14.1974,14.3331,13.9936,14.1292,0,0
ABS_PE,D,20180222,000000,14.2649,14.4014,14.0609,14.3331,0,0
ABS_PE,D,20180223,000000,13.9253,14.1292,13.7905,14.1292,0,0
ABS_PE,D,20180226,000000,14.1292,14.1292,14.1292,14.1292,0,0
ABS_PE,D,20180227,000000,14.1292,14.1292,14.1292,14.1292,0,0
ABS_PE,D,20180228,000000,13.6541,14.4014,13.6541,14.3331,0,0
ABS_PE,D,20180301,000000,14.2649,14.6052,14.2649,14.6052,0,0
ABS_PE,D,20180302,000000,14.6052,14.6052,13.857,14.4014,0,0
ABS_PE,D,20180305,000000,14.1292,14.4014,13.7905,13.9253,0,0
ABS_PE,D,20180306,000000,14.1292,14.4014,13.9253,14.1292,0,0
ABS_PE,D,20180307,000000,14.4687,14.5369,12.7036,12.7036,0,0
ABS_PE,D,20180308,000000,13.0423,13.1105,12.7036,12.9067,0,0
ABS_PE,D,20180309,000000,13.1105,13.1105,13.1105,13.1105,0,0
ABS_PE,D,20180312,000000,13.3819,13.3819,13.1105,13.1105,0,0
ABS_PE,D,20180313,000000,13.2463,13.2463,13.2463,13.2463,0,0
ABS_PE,D,20180314,000000,12.9067,12.9067,12.9067,12.9067,0,0
ABS_PE,D,20180315,000000,12.9067,12.9067,12.9067,12.9067,0,0
ABS_PE,D,20180316,000000,12.7703,12.8392,12.7703,12.8392,0,0
ABS_PE,D,20180319,000000,12.8392,12.8392,12.7703,12.7703,0,0
ABS_PE,D,20180320,000000,12.7703,12.7703,12.7703,12.7703,0,0
ABS_PE,D,20180321,000000,13.1105,13.2463,13.0423,13.0423,0,0
ABS_PE,D,20180322,000000,13.2463,13.2463,12.7703,12.7703,0,0
ABS_PE,D,20180323,000000,13.2463,13.2463,12.7703,13.1105,0,0
ABS_PE,D,20180326,000000,13.1105,13.1105,12.7036,12.9067,0,0
ABS_PE,D,20180327,000000,12.9067,12.9067,12.7036,12.7036,0,0
ABS_PE,D,20180328,000000,12.7036,13.2463,12.4989,12.4989,0,0
ABS_PE,D,20180329,000000,12.7036,13.1105,12.5672,12.7036,0,0
ABS_PE,D,20180403,000000,12.9067,12.9067,12.6345,12.7036,0,0
ABS_PE,D,20180404,000000,12.6345,12.6345,12.092,12.1594,0,0
ABS_PE,D,20180405,000000,12.6345,12.6345,12.6345,12.6345,0,0
ABS_PE,D,20180406,000000,12.6345,12.6345,12.4307,12.5672,0,0
ABS_PE,D,20180409,000000,12.4989,12.8392,12.3632,12.8392,0,0
ABS_PE,D,20180410,000000,12.8392,12.9067,12.4989,12.8392,0,0
ABS_PE,D,20180411,000000,12.6345,12.7036,12.2267,12.7036,0,0
ABS_PE,D,20180412,000000,12.7036,12.7036,12.7036,12.7036,0,0
ABS_PE,D,20180413,000000,12.8392,12.8392,12.7036,12.8392,0,0
ABS_PE,D,20180416,000000,13.178,13.178,12.8392,12.8392,0,0
ABS_PE,D,20180417,000000,12.9067,12.9067,12.3632,12.7703,0,0
ABS_PE,D,20180418,000000,12.7036,12.7036,12.7036,12.7036,0,0
ABS_PE,D,20180419,000000,12.9741,12.9741,12.7036,12.7036,0,0
ABS_PE,D,20180420,000000,12.3632,12.5672,12.2267,12.2267,0,0
ABS_PE,D,20180423,000000,12.0229,12.3632,12.0229,12.2267,0,0
ABS_PE,D,20180424,000000,12.2267,12.2958,12.1594,12.2958,0,0
ABS_PE,D,20180425,000000,12.2958,12.2958,11.8189,12.2958,0,0
ABS_PE,D,20180426,000000,12.2267,12.4307,12.2267,12.3632,0,0
ABS_PE,D,20180427,000000,12.0229,12.4307,12.0229,12.0229,0,0
ABS_PE,D,20180430,000000,11.9555,12.3632,11.9555,12.2958,0,0
ABS_PE,D,20180502,000000,12.2958,12.4989,12.1594,12.1594,0,0
ABS_PE,D,20180504,000000,12.1594,12.1594,11.8889,12.1594,0,0
ABS_PE,D,20180507,000000,12.1594,12.3632,12.0229,12.2267,0,0
ABS_PE,D,20180508,000000,12.4307,12.7036,12.2267,12.5672,0,0
ABS_PE,D,20180509,000000,12.7703,12.7703,12.6345,12.7703,0,0
ABS_PE,D,20180510,000000,12.7703,13.2463,12.4307,13.2463,0,0
ABS_PE,D,20180511,000000,13.178,13.178,13.1105,13.1105,0,0
ABS_PE,D,20180514,000000,13.4435,13.4435,12.1635,12.5905,0,0
ABS_PE,D,20180515,000000,12.5181,12.8742,12.5181,12.8742,0,0
ABS_PE,D,20180516,000000,12.4473,12.8742,12.2343,12.3766,0,0
ABS_PE,D,20180517,000000,12.3766,12.3766,12.2343,12.2343,0,0
ABS_PE,D,20180518,000000,12.2343,12.2343,12.1635,12.1635,0,0
ABS_PE,D,20180521,000000,12.0928,12.0928,11.3813,12.0928,0,0
ABS_PE,D,20180522,000000,11.452,11.8781,11.452,11.8781,0,0
ABS_PE,D,20180523,000000,11.8781,12.0928,11.665,12.0928,0,0
ABS_PE,D,20180524,000000,11.8781,11.8781,11.7367,11.8781,0,0
ABS_PE,D,20180525,000000,12.305,12.305,11.3813,11.3813,0,0
ABS_PE,D,20180528,000000,12.2343,12.305,10.8828,11.026,0,0
ABS_PE,D,20180529,000000,10.9535,11.026,10.6689,10.9535,0,0
ABS_PE,D,20180530,000000,10.9535,10.9535,10.7405,10.9535,0,0
ABS_PE,D,20180601,000000,10.9535,10.9535,10.8828,10.9535,0,0
ABS_PE,D,20180604,000000,11.026,11.9497,11.026,11.0966,0,0
ABS_PE,D,20180605,000000,11.8074,12.2343,11.8074,12.2343,0,0
ABS_PE,D,20180606,000000,12.2343,12.2343,11.8074,12.1635,0,0
ABS_PE,D,20180607,000000,12.1635,12.8035,12.1635,12.8035,0,0
ABS_PE,D,20180608,000000,12.8035,13.0165,12.4473,12.8035,0,0
ABS_PE,D,20180611,000000,12.8035,12.8035,12.8035,12.8035,0,0
ABS_PE,D,20180612,000000,12.8035,13.0881,12.8035,13.0881,0,0
ABS_PE,D,20180613,000000,13.2304,13.2304,11.8074,11.8074,0,0
ABS_PE,D,20180614,000000,12.2343,12.2343,11.8074,11.8074,0,0
ABS_PE,D,20180615,000000,12.5181,12.5181,11.9497,11.9497,0,0
ABS_PE,D,20180618,000000,11.8781,11.8781,11.8781,11.8781,0,0
ABS_PE,D,20180619,000000,11.8781,11.8781,11.8781,11.8781,0,0
ABS_PE,D,20180620,000000,12.0928,12.0928,11.8074,11.8781,0,0
ABS_PE,D,20180621,000000,11.8781,11.8781,11.452,11.452,0,0
ABS_PE,D,20180622,000000,12.0213,12.0213,11.8781,11.8781,0,0
ABS_PE,D,20180625,000000,12.0928,12.0928,11.9497,11.9497,0,0
ABS_PE,D,20180626,000000,11.5943,11.5943,11.3813,11.3813,0,0
ABS_PE,D,20180627,000000,11.3813,11.8074,11.3813,11.8074,0,0
ABS_PE,D,20180628,000000,11.3813,11.3813,11.3813,11.3813,0,0
ABS_PE,D,20180629,000000,11.452,11.8074,11.3813,11.8074,0,0
ABS_PE,D,20180702,000000,11.8074,11.8781,11.8074,11.8781,0,0
ABS_PE,D,20180703,000000,11.8781,12.0213,11.8781,12.0213,0,0
ABS_PE,D,20180704,000000,12.305,12.305,12.2343,12.2343,0,0
ABS_PE,D,20180705,000000,12.2343,12.2343,12.2343,12.2343,0,0
ABS_PE,D,20180706,000000,12.2343,12.2343,12.2343,12.2343,0,0
ABS_PE,D,20180709,000000,12.2343,12.2343,12.0213,12.1635,0,0
ABS_PE,D,20180710,000000,12.2343,12.305,11.452,12.2343,0,0
ABS_PE,D,20180711,000000,12.2343,12.2343,11.452,12.2343,0,0
ABS_PE,D,20180712,000000,12.2343,12.2343,12.2343,12.2343,0,0
ABS_PE,D,20180713,000000,12.2343,12.2343,12.2343,12.2343,0,0
ABS_PE,D,20180716,000000,12.2343,12.2343,12.2343,12.2343,0,0
ABS_PE,D,20180717,000000,12.1635,12.1635,12.1635,12.1635,0,0
ABS_PE,D,20180718,000000,11.665,12.1635,11.452,11.7367,0,0
ABS_PE,D,20180719,000000,11.7367,12.1635,11.7367,12.1635,0,0
ABS_PE,D,20180720,000000,11.665,12.1635,11.665,12.0213,0,0
ABS_PE,D,20180723,000000,11.5943,12.2343,11.5943,12.2343,0,0
ABS_PE,D,20180724,000000,11.8781,11.8781,11.8781,11.8781,0,0
ABS_PE,D,20180725,000000,12.0213,12.2343,12.0213,12.2343,0,0
ABS_PE,D,20180726,000000,12.2343,12.2343,12.1635,12.1635,0,0
ABS_PE,D,20180727,000000,11.8781,12.2343,11.8781,12.2343,0,0
ABS_PE,D,20180730,000000,12.1635,12.2343,11.8074,12.2343,0,0
ABS_PE,D,20180801,000000,12.2343,12.2343,12.2343,12.2343,0,0
ABS_PE,D,20180802,000000,11.8074,11.8074,11.8074,11.8074,0,0
ABS_PE,D,20180803,000000,12.2343,12.2343,11.1674,11.1674,0,0
ABS_PE,D,20180806,000000,11.2381,11.3089,11.2381,11.3089,0,0
ABS_PE,D,20180807,000000,11.1674,11.2381,11.1674,11.1674,0,0
ABS_PE,D,20180808,000000,11.2381,11.3813,10.812,11.3813,0,0
ABS_PE,D,20180809,000000,11.3089,11.3813,11.3089,11.3813,0,0
ABS_PE,D,20180810,000000,11.3089,11.3813,11.3089,11.3813,0,0
ABS_PE,D,20180813,000000,11.3813,11.5943,11.3813,11.5943,0,0
ABS_PE,D,20180814,000000,11.5943,11.5943,11.026,11.452,0,0
ABS_PE,D,20180816,000000,11.452,11.5943,11.452,11.5943,0,0
ABS_PE,D,20180817,000000,11.3813,11.3813,11.3813,11.3813,0,0
ABS_PE,D,20180821,000000,11.0966,11.0966,11.0966,11.0966,0,0
ABS_PE,D,20180823,000000,11.3813,11.452,11.3813,11.452,0,0
ABS_PE,D,20180824,000000,11.452,11.452,10.6689,10.6689,0,0
ABS_PE,D,20180827,000000,11.026,11.3813,10.9535,11.3813,0,0
ABS_PE,D,20180828,000000,11.3813,11.3813,10.7405,10.7405,0,0
ABS_PE,D,20180829,000000,11.3089,11.3089,10.812,10.812,0,0
ABS_PE,D,20180830,000000,10.812,10.812,10.812,10.812,0,0
ABS_PE,D,20180831,000000,11.0966,11.0966,10.9535,11.026,0,0
ABS_PE,D,20180903,000000,11.0966,11.1674,11.0966,11.0966,0,0
ABS_PE,D,20180904,000000,11.1674,11.1674,11.0966,11.0966,0,0
ABS_PE,D,20180905,000000,11.0966,11.1674,10.9535,11.1674,0,0
ABS_PE,D,20180906,000000,10.812,11.1674,10.812,11.0966,0,0
ABS_PE,D,20180907,000000,10.812,10.812,10.4558,10.5274,0,0
ABS_PE,D,20180910,000000,10.5274,10.5274,10.3136,10.3136,0,0
ABS_PE,D,20180911,000000,10.3136,10.5274,9.53209,10.4558,0,0
ABS_PE,D,20180912,000000,10.3852,10.3852,10.172,10.172,0,0
ABS_PE,D,20180913,000000,10.3852,10.3852,10.3852,10.3852,0,0
ABS_PE,D,20180914,000000,10.3136,10.3852,10.3136,10.3852,0,0
ABS_PE,D,20180917,000000,9.74512,10.2428,9.74512,10.2428,0,0
ABS_PE,D,20180918,000000,10.1005,10.4558,10.1005,10.4558,0,0
ABS_PE,D,20180919,000000,10.172,11.0966,10.172,11.026,0,0
ABS_PE,D,20180920,000000,10.5274,11.1674,10.5274,10.8828,0,0
ABS_PE,D,20180921,000000,10.9535,10.9535,10.812,10.8828,0,0
ABS_PE,D,20180924,000000,10.5274,10.5274,10.5274,10.5274,0,0
ABS_PE,D,20180925,000000,10.4558,10.8828,10.4558,10.812,0,0
ABS_PE,D,20180926,000000,10.3136,10.7405,10.2428,10.2428,0,0
ABS_PE,D,20180927,000000,10.812,10.812,10.812,10.812,0,0
ABS_PE,D,20180928,000000,10.3136,10.812,10.172,10.172,0,0
ABS_PE,D,20181001,000000,10.2428,10.5274,10.172,10.5274,0,0
ABS_PE,D,20181002,000000,10.5274,10.5274,10.5274,10.5274,0,0
ABS_PE,D,20181003,000000,10.5274,10.5274,10.5274,10.5274,0,0
ABS_PE,D,20181004,000000,10.172,10.5982,10.172,10.5982,0,0
ABS_PE,D,20181005,000000,10.4558,10.4558,10.4558,10.4558,0,0
ABS_PE,D,20181008,000000,10.3136,10.3136,10.3136,10.3136,0,0
ABS_PE,D,20181009,000000,10.4558,10.4558,10.4558,10.4558,0,0
ABS_PE,D,20181010,000000,10.4558,10.4558,10.3852,10.3852,0,0
ABS_PE,D,20181011,000000,10.5274,10.5274,10.172,10.172,0,0
ABS_PE,D,20181015,000000,10.172,10.172,10.1005,10.1005,0,0
ABS_PE,D,20181017,000000,10.1005,10.5982,10.1005,10.1005,0,0
ABS_PE,D,20181018,000000,10.3136,10.8828,10.3136,10.8828,0,0
ABS_PE,D,20181019,000000,10.812,10.812,10.1005,10.1005,0,0
ABS_PE,D,20181022,000000,10.1005,10.3852,9.95738,10.2428,0,0
ABS_PE,D,20181023,000000,10.2428,10.2428,10.2428,10.2428,0,0
ABS_PE,D,20181024,000000,10.2428,10.2428,10.1005,10.1005,0,0
ABS_PE,D,20181025,000000,10.2428,10.2428,10.2428,10.2428,0,0
ABS_PE,D,20181026,000000,10.2428,10.2428,9.6029,9.6029,0,0
ABS_PE,D,20181029,000000,9.6029,9.6029,9.45972,9.45972,0,0
ABS_PE,D,20181030,000000,9.6029,9.6029,9.6029,9.6029,0,0
ABS_PE,D,20181031,000000,9.53209,9.6029,9.53209,9.53209,0,0
ABS_PE,D,20181102,000000,9.38892,9.6029,9.38892,9.6029,0,0
ABS_PE,D,20181106,000000,9.6029,9.6029,9.53209,9.6029,0,0
ABS_PE,D,20181107,000000,9.45972,9.6029,9.45972,9.6029,0,0
ABS_PE,D,20181108,000000,9.31738,9.67351,9.24667,9.6029,0,0
ABS_PE,D,20181109,000000,9.6029,9.6029,9.53209,9.6029,0,0
ABS_PE,D,20181113,000000,9.6029,9.6029,9.6029,9.6029,0,0
ABS_PE,D,20181114,000000,9.67351,9.67351,9.6029,9.6029,0,0
ABS_PE,D,20181115,000000,9.6029,9.6029,9.6029,9.6029,0,0
ABS_PE,D,20181120,000000,9.45972,9.6029,9.24667,9.6029,0,0
ABS_PE,D,20181121,000000,9.6029,9.6029,9.6029,9.6029,0,0
ABS_PE,D,20181122,000000,9.6029,9.6029,9.6029,9.6029,0,0
ABS_PE,D,20181123,000000,9.6029,9.6029,9.6029,9.6029,0,0
ABS_PE,D,20181126,000000,9.6029,9.6029,9.24667,9.24667,0,0
ABS_PE,D,20181127,000000,9.38892,9.38892,9.38892,9.38892,0,0
ABS_PE,D,20181128,000000,9.45972,9.45972,9.45972,9.45972,0,0
ABS_PE,D,20181129,000000,9.6029,9.6029,9.24667,9.24667,0,0
ABS_PE,D,20181130,000000,9.53209,9.53209,9.24667,9.24667,0,0
ABS_PE,D,20181203,000000,9.53209,9.53209,9.53209,9.53209,0,0
ABS_PE,D,20181204,000000,9.6029,9.6029,9.6029,9.6029,0,0
ABS_PE,D,20181205,000000,9.6029,9.6029,9.6029,9.6029,0,0
ABS_PE,D,20181206,000000,9.38892,9.38892,9.38892,9.38892,0,0
ABS_PE,D,20181207,000000,9.53209,9.53209,9.53209,9.53209,0,0
ABS_PE,D,20181210,000000,9.53209,9.53209,9.53209,9.53209,0,0
ABS_PE,D,20181211,000000,9.53209,9.6029,9.53209,9.6029,0,0
ABS_PE,D,20181212,000000,9.67351,9.67351,9.6029,9.6029,0,0
ABS_PE,D,20181213,000000,9.74512,9.81587,9.74512,9.81587,0,0
ABS_PE,D,20181214,000000,10.0298,10.2428,10.0298,10.2428,0,0
ABS_PE,D,20181217,000000,10.2428,10.5982,10.2428,10.5982,0,0
ABS_PE,D,20181218,000000,10.5274,10.5274,10.4558,10.5274,0,0
ABS_PE,D,20181219,000000,10.5982,10.5982,10.5982,10.5982,0,0
ABS_PE,D,20181220,000000,10.6689,10.6689,10.5982,10.5982,0,0
ABS_PE,D,20181221,000000,10.6689,10.6689,10.6689,10.6689,0,0
ABS_PE,D,20181227,000000,10.6689,10.6689,10.6689,10.6689,0,0
ABS_PE,D,20181228,000000,10.6689,10.9535,10.6689,10.9535,0,0
ABS_PE,D,20190102,000000,11.1674,11.2381,11.026,11.2381,0,0
ABS_PE,D,20190103,000000,11.2381,11.2381,10.8828,11.0966,0,0
ABS_PE,D,20190104,000000,11.2381,11.2381,11.1674,11.1674,0,0
ABS_PE,D,20190107,000000,11.026,11.1674,10.8828,11.026,0,0
ABS_PE,D,20190108,000000,10.812,11.0966,10.812,11.026,0,0
ABS_PE,D,20190109,000000,11.026,11.026,10.9535,11.026,0,0
ABS_PE,D,20190110,000000,10.9535,10.9535,10.9535,10.9535,0,0
ABS_PE,D,20190111,000000,10.9535,10.9535,10.6689,10.7405,0,0
ABS_PE,D,20190114,000000,10.9535,11.026,10.9535,11.026,0,0
ABS_PE,D,20190115,000000,10.9535,10.9535,10.7405,10.9535,0,0
ABS_PE,D,20190116,000000,10.9535,10.9535,10.9535,10.9535,0,0
ABS_PE,D,20190117,000000,10.8828,10.8828,10.6689,10.812,0,0
ABS_PE,D,20190118,000000,10.9535,10.9535,10.9535,10.9535,0,0
ABS_PE,D,20190121,000000,10.9535,10.9535,10.9535,10.9535,0,0
ABS_PE,D,20190122,000000,10.9535,11.026,10.9535,11.026,0,0
ABS_PE,D,20190123,000000,11.0966,11.452,11.026,11.3813,0,0
ABS_PE,D,20190124,000000,11.3813,11.3813,10.7405,10.7405,0,0
ABS_PE,D,20190125,000000,11.3813,11.3813,11.3813,11.3813,0,0
ABS_PE,D,20190128,000000,11.3813,11.3813,10.9535,11.3813,0,0
ABS_PE,D,20190129,000000,11.3813,11.3813,11.2381,11.2381,0,0
ABS_PE,D,20190130,000000,11.2381,11.3813,11.0966,11.3813,0,0
ABS_PE,D,20190131,000000,11.3813,11.5943,11.3813,11.3813,0,0
ABS_PE,D,20190201,000000,11.5943,11.5943,11.5943,11.5943,0,0
ABS_PE,D,20190204,000000,11.5943,11.5943,11.452,11.5943,0,0
ABS_PE,D,20190205,000000,11.5236,11.665,11.3089,11.665,0,0
ABS_PE,D,20190206,000000,11.7367,12.3766,11.7367,12.3766,0,0
ABS_PE,D,20190207,000000,12.305,12.4473,12.305,12.4473,0,0
ABS_PE,D,20190208,000000,12.4473,12.4473,12.0213,12.0928,0,0
ABS_PE,D,20190211,000000,11.8074,12.305,11.8074,12.305,0,0
ABS_PE,D,20190212,000000,12.4473,12.4473,11.8781,12.305,0,0
ABS_PE,D,20190213,000000,12.0213,12.305,11.8074,12.305,0,0
ABS_PE,D,20190214,000000,12.305,12.305,11.9497,12.0213,0,0
ABS_PE,D,20190215,000000,12.305,12.305,11.5236,11.8781,0,0
ABS_PE,D,20190218,000000,11.8781,11.8781,11.8074,11.8074,0,0
ABS_PE,D,20190219,000000,12.0213,12.0213,11.8074,11.8074,0,0
ABS_PE,D,20190220,000000,11.3813,11.8074,11.3813,11.8074,0,0
ABS_PE,D,20190221,000000,11.3089,11.5943,10.5274,11.5943,0,0
ABS_PE,D,20190222,000000,11.5943,11.5943,11.5943,11.5943,0,0
ABS_PE,D,20190225,000000,11.5943,11.5943,11.5236,11.5943,0,0
ABS_PE,D,20190226,000000,11.5943,11.5943,11.5943,11.5943,0,0
ABS_PE,D,20190227,000000,11.5236,11.5236,10.4558,10.4558,0,0
ABS_PE,D,20190228,000000,11.1674,11.665,11.1674,11.2381,0,0
ABS_PE,D,20190301,000000,11.3813,11.3813,11.2381,11.3089,0,0
ABS_PE,D,20190304,000000,11.3089,11.3089,11.3089,11.3089,0,0
ABS_PE,D,20190305,000000,11.3813,11.3813,11.3089,11.3089,0,0
ABS_PE,D,20190306,000000,11.2381,11.2381,11.2381,11.2381,0,0
ABS_PE,D,20190307,000000,11.3089,11.3089,11.2381,11.2381,0,0
ABS_PE,D,20190308,000000,11.2381,11.2381,11.0966,11.0966,0,0
ABS_PE,D,20190311,000000,11.2381,11.2381,11.1674,11.1674,0,0
ABS_PE,D,20190312,000000,11.1674,11.1674,11.1674,11.1674,0,0
ABS_PE,D,20190313,000000,11.2381,11.2381,11.2381,11.2381,0,0
ABS_PE,D,20190314,000000,11.1674,11.8074,11.1674,11.8074,0,0
ABS_PE,D,20190315,000000,11.8074,11.8781,11.8074,11.8781,0,0
ABS_PE,D,20190318,000000,11.8781,12.0213,11.2381,11.2381,0,0
ABS_PE,D,20190319,000000,11.9497,11.9497,11.8781,11.8781,0,0
ABS_PE,D,20190320,000000,11.8781,11.8781,11.8074,11.8781,0,0
ABS_PE,D,20190321,000000,11.8781,11.9497,11.8781,11.8781,0,0
ABS_PE,D,20190322,000000,11.8074,11.8781,11.3813,11.8781,0,0
ABS_PE,D,20190325,000000,11.452,11.8074,11.3813,11.3813,0,0
ABS_PE,D,20190326,000000,11.452,11.665,11.3089,11.3089,0,0
ABS_PE,D,20190327,000000,11.7367,11.7367,11.3813,11.452,0,0
ABS_PE,D,20190328,000000,11.5943,11.5943,11.2381,11.2381,0,0
ABS_PE,D,20190329,000000,11.3089,11.452,11.3089,11.3813,0,0
ABS_PE,D,20190401,000000,11.3813,11.3813,11.3813,11.3813,0,0
ABS_PE,D,20190402,000000,11.3813,11.3813,11.3089,11.3089,0,0
ABS_PE,D,20190403,000000,11.3089,11.3089,11.026,11.2381,0,0
ABS_PE,D,20190404,000000,11.3089,11.3089,11.0966,11.0966,0,0
ABS_PE,D,20190405,000000,11.2381,11.2381,11.2381,11.2381,0,0
ABS_PE,D,20190408,000000,11.3089,11.3089,11.1674,11.1674,0,0
ABS_PE,D,20190409,000000,11.3089,11.3089,11.1674,11.1674,0,0
ABS_PE,D,20190410,000000,11.3089,11.3089,11.026,11.2381,0,0
ABS_PE,D,20190411,000000,11.2381,11.2381,10.9535,11.0966,0,0
ABS_PE,D,20190412,000000,11.0966,11.0966,10.6689,11.026,0,0
ABS_PE,D,20190415,000000,10.6689,11.2381,10.6689,11.2381,0,0
ABS_PE,D,20190416,000000,11.2381,11.2381,10.5274,11.1674,0,0
ABS_PE,D,20190417,000000,11.2381,11.2381,10.8828,11.1674,0,0
ABS_PE,D,20190418,000000,11.2381,11.2381,11.0966,11.0966,0,0
ABS_PE,D,20190423,000000,11.026,11.026,10.8828,10.8828,0,0
ABS_PE,D,20190424,000000,11.3813,11.3813,10.8828,10.8828,0,0
ABS_PE,D,20190425,000000,11.2381,11.3089,11.026,11.1674,0,0
ABS_PE,D,20190426,000000,11.3813,11.3813,11.026,11.026,0,0
ABS_PE,D,20190429,000000,11.026,11.0966,11.026,11.026,0,0
ABS_PE,D,20190430,000000,11.026,11.026,10.5274,10.5274,0,0
ABS_PE,D,20190502,000000,10.8828,10.8828,10.5274,10.8828,0,0
ABS_PE,D,20190506,000000,10.8828,10.8828,10.5982,10.7405,0,0
ABS_PE,D,20190507,000000,11.026,11.026,11.026,11.026,0,0
ABS_PE,D,20190508,000000,11.026,11.026,11.026,11.026,0,0
ABS_PE,D,20190509,000000,11.026,11.026,10.4558,10.7405,0,0
ABS_PE,D,20190510,000000,10.7405,10.7405,10.5274,10.5274,0,0
ABS_PE,D,20190513,000000,10.7405,10.7405,10.4558,10.4558,0,0
ABS_PE,D,20190514,000000,10.6689,10.6689,10.4558,10.5274,0,0
ABS_PE,D,20190515,000000,10.5274,10.5274,10.172,10.3136,0,0
ABS_PE,D,20190516,000000,10.5982,10.5982,10.3136,10.5982,0,0
ABS_PE,D,20190517,000000,10.5982,10.5982,10.5274,10.5274,0,0
ABS_PE,D,20190520,000000,10.5274,10.5274,10.5274,10.5274,0,0
ABS_PE,D,20190521,000000,11.026,11.026,10.5274,10.5274,0,0
ABS_PE,D,20190522,000000,11.026,11.0966,10.5982,11.0966,0,0
ABS_PE,D,20190523,000000,11.0966,11.0966,10.5274,10.812,0,0
ABS_PE,D,20190524,000000,10.812,10.812,10.7405,10.7405,0,0
ABS_PE,D,20190527,000000,10.812,10.812,10.5274,10.7405,0,0
ABS_PE,D,20190528,000000,10.812,10.812,10.2428,10.3852,0,0
ABS_PE,D,20190529,000000,10.812,10.812,10.7405,10.812,0,0
ABS_PE,D,20190530,000000,11.0651,11.0651,10.6914,11.0651,0,0
ABS_PE,D,20190531,000000,11.0651,11.0651,11.0651,11.0651,0,0
ABS_PE,D,20190603,000000,10.9152,10.9152,10.9152,10.9152,0,0
ABS_PE,D,20190604,000000,10.9152,10.9152,10.9152,10.9152,0,0
ABS_PE,D,20190605,000000,10.9152,10.9152,10.6914,10.6914,0,0
ABS_PE,D,20190606,000000,10.9152,10.9152,10.6914,10.6914,0,0
ABS_PE,D,20190607,000000,10.8411,10.8411,10.2428,10.2428,0,0
ABS_PE,D,20190610,000000,10.5415,10.5415,10.2428,10.2428,0,0
ABS_PE,D,20190611,000000,10.5415,10.5415,9.94319,10.2428,0,0
ABS_PE,D,20190612,000000,10.2428,10.2428,10.093,10.2428,0,0
ABS_PE,D,20190613,000000,10.2428,10.2428,10.0181,10.2428,0,0
ABS_PE,D,20190614,000000,10.2428,10.2428,10.2428,10.2428,0,0
ABS_PE,D,20190617,000000,10.2428,10.4667,10.2428,10.2428,0,0
ABS_PE,D,20190618,000000,10.4667,10.9152,10.4667,10.9152,0,0
ABS_PE,D,20190619,000000,10.3918,10.8411,10.3918,10.8411,0,0
ABS_PE,D,20190621,000000,10.6165,10.6914,10.3918,10.6914,0,0
ABS_PE,D,20190624,000000,10.6165,10.6914,10.6165,10.6165,0,0
ABS_PE,D,20190625,000000,10.9152,10.9152,10.6914,10.6914,0,0
ABS_PE,D,20190626,000000,10.5415,10.9152,10.4667,10.9152,0,0
ABS_PE,D,20190627,000000,10.8411,10.8411,10.8411,10.8411,0,0
ABS_PE,D,20190628,000000,10.8411,10.8411,10.8411,10.8411,0,0
ABS_PE,D,20190701,000000,10.8411,10.8411,10.7662,10.7662,0,0
ABS_PE,D,20190702,000000,10.6165,10.6914,10.6165,10.6914,0,0
ABS_PE,D,20190703,000000,10.8411,10.8411,10.6914,10.6914,0,0
ABS_PE,D,20190704,000000,10.8411,10.8411,10.6914,10.6914,0,0
ABS_PE,D,20190705,000000,10.6914,10.7662,10.6914,10.7662,0,0
ABS_PE,D,20190708,000000,10.7662,10.7662,10.4667,10.4667,0,0
ABS_PE,D,20190709,000000,10.6165,10.6914,10.6165,10.6914,0,0
ABS_PE,D,20190710,000000,10.6914,10.6914,10.6914,10.6914,0,0
ABS_PE,D,20190711,000000,10.6914,10.6914,10.6914,10.6914,0,0
ABS_PE,D,20190712,000000,10.6914,10.6914,10.6914,10.6914,0,0
ABS_PE,D,20190715,000000,10.6914,10.9152,10.4667,10.9152,0,0
ABS_PE,D,20190716,000000,10.6914,10.9152,10.6914,10.7662,0,0
ABS_PE,D,20190717,000000,10.6914,10.9152,10.6914,10.9152,0,0
ABS_PE,D,20190718,000000,10.7662,10.9152,10.6165,10.6165,0,0
ABS_PE,D,20190719,000000,10.8411,10.8411,10.8411,10.8411,0,0
ABS_PE,D,20190722,000000,10.8411,10.9152,10.8411,10.9152,0,0
ABS_PE,D,20190723,000000,10.9152,10.9152,10.8411,10.9152,0,0
ABS_PE,D,20190724,000000,10.9152,10.9152,10.6914,10.6914,0,0
ABS_PE,D,20190725,000000,10.8411,10.8411,10.8411,10.8411,0,0
ABS_PE,D,20190726,000000,10.8411,10.9152,10.6165,10.9152,0,0
ABS_PE,D,20190729,000000,10.6914,11.0651,10.6914,10.9152,0,0
ABS_PE,D,20190730,000000,10.9152,10.9152,10.6914,10.8411,0,0
ABS_PE,D,20190731,000000,10.8411,11.4395,10.8411,11.0651,0,0
ABS_PE,D,20190801,000000,11.3646,11.3646,11.0651,11.0651,0,0
ABS_PE,D,20190802,000000,11.1399,11.1399,10.9152,10.9902,0,0
ABS_PE,D,20190805,000000,11.1399,11.1399,10.9152,10.9152,0,0
ABS_PE,D,20190806,000000,10.9902,10.9902,10.7662,10.9152,0,0
ABS_PE,D,20190807,000000,10.9152,10.9152,10.7662,10.9152,0,0
ABS_PE,D,20190808,000000,10.9152,10.9902,10.6914,10.9902,0,0
ABS_PE,D,20190809,000000,10.9152,10.9152,10.9152,10.9152,0,0
ABS_PE,D,20190812,000000,10.9152,10.9152,10.8411,10.8411,0,0
ABS_PE,D,20190813,000000,10.9152,10.9152,10.6914,10.7662,0,0
ABS_PE,D,20190814,000000,10.7662,10.9152,10.7662,10.9152,0,0
ABS_PE,D,20190816,000000,10.8411,10.9152,10.8411,10.8411,0,0
ABS_PE,D,20190819,000000,10.9152,10.9152,10.9152,10.9152,0,0
ABS_PE,D,20190820,000000,10.9152,10.9152,10.7662,10.7662,0,0
ABS_PE,D,20190821,000000,10.9902,10.9902,10.9902,10.9902,0,0
ABS_PE,D,20190822,000000,10.7662,10.8411,10.5415,10.5415,0,0
ABS_PE,D,20190823,000000,10.6914,10.9902,10.6914,10.9902,0,0
ABS_PE,D,20190826,000000,10.9902,10.9902,10.8411,10.8411,0,0
ABS_PE,D,20190827,000000,10.6914,10.7662,10.6914,10.7662,0,0
ABS_PE,D,20190828,000000,10.9902,10.9902,10.8411,10.8411,0,0
ABS_PE,D,20190829,000000,10.9902,10.9902,10.7662,10.8411,0,0
ABS_PE,D,20190830,000000,10.9902,10.9902,10.9902,10.9902,0,0
ABS_PE,D,20190902,000000,10.9902,10.9902,10.9902,10.9902,0,0
ABS_PE,D,20190903,000000,10.9902,10.9902,10.9152,10.9152,0,0
ABS_PE,D,20190904,000000,10.9152,10.9152,10.9152,10.9152,0,0
ABS_PE,D,20190905,000000,10.9152,10.9152,10.9152,10.9152,0,0
ABS_PE,D,20190906,000000,10.9152,10.9152,10.8411,10.8411,0,0
ABS_PE,D,20190909,000000,10.7662,10.8411,10.6165,10.7662,0,0
ABS_PE,D,20190910,000000,10.6165,10.9902,10.6165,10.9902,0,0
ABS_PE,D,20190911,000000,10.9902,10.9902,10.9902,10.9902,0,0
ABS_PE,D,20190912,000000,11.1399,11.1399,10.9902,10.9902,0,0
ABS_PE,D,20190913,000000,11.3646,11.3646,11.3646,11.3646,0,0
ABS_PE,D,20190916,000000,11.3646,11.3646,11.2148,11.2148,0,0
ABS_PE,D,20190917,000000,11.3646,11.3646,11.2898,11.2898,0,0
ABS_PE,D,20190918,000000,11.3646,11.3646,11.3646,11.3646,0,0
ABS_PE,D,20190919,000000,11.3646,11.3646,11.3646,11.3646,0,0
ABS_PE,D,20190920,000000,11.3646,11.5885,11.0651,11.5885,0,0
ABS_PE,D,20190923,000000,11.5885,11.5885,11.5136,11.5885,0,0
ABS_PE,D,20190924,000000,11.7383,11.7383,11.7383,11.7383,0,0
ABS_PE,D,20190925,000000,11.7383,11.7383,11.7383,11.7383,0,0
ABS_PE,D,20190926,000000,11.7383,11.7383,11.3646,11.4395,0,0
ABS_PE,D,20190927,000000,11.5885,11.5885,11.5885,11.5885,0,0
ABS_PE,D,20190930,000000,11.5136,11.5885,10.8411,10.9152,0,0
ABS_PE,D,20191001,000000,11.6634,11.6634,11.2148,11.5136,0,0
ABS_PE,D,20191002,000000,11.5885,11.5885,11.2898,11.3646,0,0
ABS_PE,D,20191003,000000,11.5885,11.5885,10.9902,11.5885,0,0
ABS_PE,D,20191004,000000,11.5136,11.5885,10.7662,10.8411,0,0
ABS_PE,D,20191007,000000,10.8411,10.9902,10.8411,10.9152,0,0
ABS_PE,D,20191008,000000,11.6634,11.6634,11.5885,11.5885,0,0
ABS_PE,D,20191009,000000,11.4395,11.5885,10.9902,11.2148,0,0
ABS_PE,D,20191010,000000,11.4395,11.4395,11.4395,11.4395,0,0
ABS_PE,D,20191011,000000,11.3646,11.3646,11.1399,11.1399,0,0
ABS_PE,D,20191014,000000,11.1399,11.1399,11.1399,11.1399,0,0
ABS_PE,D,20191015,000000,11.1399,11.1399,11.0651,11.1399,0,0
ABS_PE,D,20191016,000000,11.1399,11.1399,11.1399,11.1399,0,0
ABS_PE,D,20191017,000000,11.1399,11.1399,10.9902,10.9902,0,0
ABS_PE,D,20191018,000000,10.9902,10.9902,10.9152,10.9902,0,0
ABS_PE,D,20191021,000000,10.9152,10.9902,10.9152,10.9902,0,0
ABS_PE,D,20191022,000000,10.9902,10.9902,10.9902,10.9902,0,0
ABS_PE,D,20191023,000000,10.9902,10.9902,10.7662,10.7662,0,0
ABS_PE,D,20191024,000000,10.9902,10.9902,10.7662,10.7662,0,0
ABS_PE,D,20191025,000000,10.9902,10.9902,10.6914,10.6914,0,0
ABS_PE,D,20191028,000000,10.6914,10.6914,10.5415,10.6914,0,0
ABS_PE,D,20191029,000000,10.6914,10.6914,10.6914,10.6914,0,0
ABS_PE,D,20191030,000000,10.6914,10.6914,10.6914,10.6914,0,0
ABS_PE,D,20191031,000000,10.6914,10.6914,10.4667,10.6914,0,0
ABS_PE,D,20191104,000000,10.6914,10.6914,10.5415,10.6914,0,0
ABS_PE,D,20191105,000000,10.6914,10.8411,10.6914,10.8411,0,0
ABS_PE,D,20191106,000000,10.8411,10.8411,10.8411,10.8411,0,0
ABS_PE,D,20191107,000000,10.8411,10.9152,10.6914,10.9152,0,0
ABS_PE,D,20191108,000000,10.9152,10.9152,10.6914,10.8411,0,0
ABS_PE,D,20191112,000000,10.9902,11.1399,10.5415,10.9902,0,0
ABS_PE,D,20191113,000000,11.1399,11.1399,10.9152,10.9152,0,0
ABS_PE,D,20191114,000000,11.1399,11.1399,10.7662,10.8411,0,0
ABS_PE,D,20191115,000000,11.0651,11.5136,10.6165,10.9152,0,0
ABS_PE,D,20191118,000000,10.9152,10.9152,10.5415,10.5415,0,0
ABS_PE,D,20191119,000000,10.5415,10.5415,10.5415,10.5415,0,0
ABS_PE,D,20191120,000000,10.5415,10.5415,10.5415,10.5415,0,0
ABS_PE,D,20191121,000000,10.4667,10.5415,10.4667,10.4667,0,0
ABS_PE,D,20191122,000000,10.4667,10.4667,10.3918,10.4667,0,0
ABS_PE,D,20191125,000000,10.4667,10.4667,10.3918,10.4667,0,0
ABS_PE,D,20191126,000000,10.5415,10.5415,10.4667,10.5415,0,0
ABS_PE,D,20191127,000000,10.5415,10.6914,10.4667,10.5415,0,0
ABS_PE,D,20191128,000000,10.6914,10.9152,10.4667,10.9152,0,0
ABS_PE,D,20191129,000000,10.9152,10.9152,10.8411,10.9152,0,0
ABS_PE,D,20191202,000000,10.9152,10.9152,10.9152,10.9152,0,0
ABS_PE,D,20191203,000000,10.9902,10.9902,10.8411,10.9152,0,0
ABS_PE,D,20191204,000000,10.9902,10.9902,10.6165,10.6914,0,0
ABS_PE,D,20191205,000000,10.9152,10.9152,10.5415,10.5415,0,0
ABS_PE,D,20191206,000000,10.8411,10.8411,10.4667,10.4667,0,0
ABS_PE,D,20191209,000000,10.8411,10.8411,10.4667,10.4667,0,0
ABS_PE,D,20191210,000000,10.7662,10.7662,10.3918,10.6165,0,0
ABS_PE,D,20191211,000000,10.6165,10.9152,10.6165,10.8411,0,0
ABS_PE,D,20191212,000000,10.9152,10.9902,10.8411,10.9152,0,0
ABS_PE,D,20191213,000000,10.9152,11.2898,10.9152,11.1399,0,0
ABS_PE,D,20191216,000000,11.2148,11.2148,10.9152,11.0651,0,0
ABS_PE,D,20191217,000000,11.1399,11.1399,11.1399,11.1399,0,0
ABS_PE,D,20191218,000000,11.2148,11.2898,11.1399,11.2898,0,0
ABS_PE,D,20191219,000000,11.2898,11.2898,11.2898,11.2898,0,0
ABS_PE,D,20191220,000000,11.3646,11.3646,11.2898,11.2898,0,0
ABS_PE,D,20191223,000000,11.2898,11.2898,11.1399,11.1399,0,0
ABS_PE,D,20191227,000000,11.2898,11.3646,10.5415,10.5415,0,0
ABS_PE,D,20191230,000000,10.8411,11.0651,10.8411,11.0651,0,0
ABS_PE,D,20200102,000000,10.9152,11.1399,10.6165,10.6165,0,0
ABS_PE,D,20200103,000000,10.6165,11.0651,10.6165,11.0651,0,0
ABS_PE,D,20200107,000000,11.0651,11.0651,10.9152,10.9902,0,0
ABS_PE,D,20200108,000000,11.0651,11.0651,10.9152,10.9902,0,0
ABS_PE,D,20200109,000000,11.0651,11.1399,10.9902,11.0651,0,0
ABS_PE,D,20200110,000000,11.2148,11.2148,11.2148,11.2148,0,0
ABS_PE,D,20200113,000000,11.2148,11.2898,11.2148,11.2898,0,0
ABS_PE,D,20200114,000000,11.2898,11.2898,11.0651,11.2148,0,0
ABS_PE,D,20200115,000000,11.2898,11.5885,11.2898,11.5136,0,0
ABS_PE,D,20200116,000000,11.5136,11.5885,11.5136,11.5885,0,0
ABS_PE,D,20200117,000000,11.5885,11.5885,11.5885,11.5885,0,0
ABS_PE,D,20200120,000000,11.5885,11.7383,11.4395,11.7383,0,0
ABS_PE,D,20200121,000000,11.7383,11.9629,11.7383,11.9629,0,0
ABS_PE,D,20200122,000000,11.9629,11.9629,11.8132,11.9629,0,0
ABS_PE,D,20200123,000000,11.9629,12.037,11.9629,12.037,0,0
ABS_PE,D,20200124,000000,12.037,12.037,11.8132,12.037,0,0
ABS_PE,D,20200127,000000,12.037,12.1112,11.9629,12.1112,0,0
ABS_PE,D,20200128,000000,11.8881,12.7843,11.8881,12.6345,0,0
ABS_PE,D,20200129,000000,12.6345,12.6345,12.6345,12.6345,0,0
ABS_PE,D,20200130,000000,12.6345,12.8592,12.6345,12.8592,0,0
ABS_PE,D,20200131,000000,12.9341,12.9341,12.8592,12.8592,0,0
ABS_PE,D,20200203,000000,12.8592,13.009,12.8592,13.009,0,0
ABS_PE,D,20200204,000000,13.009,13.0839,13.009,13.0839,0,0
ABS_PE,D,20200205,000000,13.0839,13.6073,13.0839,13.5325,0,0
ABS_PE,D,20200206,000000,13.5325,13.5325,13.0839,13.0839,0,0
ABS_PE,D,20200207,000000,13.3827,13.4576,12.9341,13.0839,0,0
ABS_PE,D,20200210,000000,12.5606,13.0839,12.5606,12.7843,0,0
ABS_PE,D,20200211,000000,12.7843,12.7843,12.037,12.037,0,0
ABS_PE,D,20200212,000000,12.037,12.037,11.8132,12.037,0,0
ABS_PE,D,20200213,000000,12.1112,12.5606,12.1112,12.4107,0,0
ABS_PE,D,20200214,000000,12.6345,12.8592,12.4107,12.8592,0,0
ABS_PE,D,20200217,000000,13.158,13.2329,12.9341,13.0839,0,0
ABS_PE,D,20200218,000000,13.0839,13.5325,13.0839,13.5325,0,0
ABS_PE,D,20200219,000000,13.6073,14.2057,13.6073,13.981,0,0
ABS_PE,D,20200220,000000,13.981,14.2799,13.6073,14.2799,0,0
ABS_PE,D,20200221,000000,14.2057,14.2057,14.1309,14.2057,0,0
ABS_PE,D,20200224,000000,14.7283,14.7283,13.7563,13.9062,0,0
ABS_PE,D,20200225,000000,13.6073,14.2057,13.6073,14.2057,0,0
ABS_PE,D,20200226,000000,14.2057,14.3547,13.6073,13.9062,0,0
ABS_PE,D,20200227,000000,14.2057,14.2057,13.6073,13.9062,0,0
ABS_PE,D,20200228,000000,13.7563,13.9062,11.9629,11.9629,0,0
ABS_PE,D,20200302,000000,11.6634,12.186,11.6634,12.037,0,0
ABS_PE,D,20200303,000000,12.037,12.1112,11.8881,12.1112,0,0
ABS_PE,D,20200304,000000,12.186,12.186,12.037,12.037,0,0
ABS_PE,D,20200305,000000,12.186,12.186,12.1112,12.1112,0,0
ABS_PE,D,20200306,000000,12.186,12.186,12.1112,12.1112,0,0
ABS_PE,D,20200309,000000,10.2428,11.6634,10.2428,10.9152,0,0
ABS_PE,D,20200310,000000,10.9902,11.5885,10.5415,11.0651,0,0
ABS_PE,D,20200311,000000,11.0651,11.2898,10.1679,10.7662,0,0
ABS_PE,D,20200312,000000,10.7662,10.7662,8.52344,8.52344,0,0
ABS_PE,D,20200313,000000,8.59834,10.2428,8.59834,9.49471,0,0
ABS_PE,D,20200316,000000,8.82225,9.41974,8.82225,9.41974,0,0
ABS_PE,D,20200317,000000,9.27073,10.0181,9.12184,10.0181,0,0
ABS_PE,D,20200318,000000,9.86829,10.3918,9.79425,9.79425,0,0
ABS_PE,D,20200319,000000,9.71935,10.3918,9.71935,9.79425,0,0
ABS_PE,D,20200320,000000,10.093,10.7662,9.64445,9.86829,0,0
ABS_PE,D,20200323,000000,9.41974,9.79425,9.41974,9.49471,0,0
ABS_PE,D,20200324,000000,10.3177,10.3177,9.86829,9.86829,0,0
ABS_PE,D,20200325,000000,10.2428,10.3177,9.86829,10.3177,0,0
ABS_PE,D,20200326,000000,10.3177,10.5415,10.3177,10.3177,0,0
ABS_PE,D,20200327,000000,10.5415,10.6165,10.2428,10.6165,0,0
ABS_PE,D,20200330,000000,10.5415,10.6165,10.3177,10.5415,0,0
ABS_PE,D,20200331,000000,10.5415,10.5415,10.2428,10.5415,0,0
ABS_PE,D,20200401,000000,10.5415,10.5415,9.86829,10.3918,0,0
ABS_PE,D,20200402,000000,10.3918,10.3918,10.0181,10.3918,0,0
ABS_PE,D,20200403,000000,10.3918,10.3918,10.1679,10.3177,0,0
ABS_PE,D,20200406,000000,10.6914,10.6914,10.3918,10.6914,0,0
ABS_PE,D,20200407,000000,10.8411,10.9152,10.5415,10.6914,0,0
ABS_PE,D,20200408,000000,10.6914,10.6914,10.4667,10.6914,0,0
ABS_PE,D,20200409,000000,10.8411,10.9152,10.8411,10.9152,0,0
ABS_PE,D,20200414,000000,11.2148,11.2148,11.0651,11.1399,0,0
ABS_PE,D,20200415,000000,11.1399,11.2148,10.9152,10.9902,0,0
ABS_PE,D,20200416,000000,11.2148,11.2148,10.9152,11.0651,0,0
ABS_PE,D,20200417,000000,11.0651,11.5885,11.0651,11.5885,0,0
ABS_PE,D,20200420,000000,11.7383,12.1112,11.7383,11.8881,0,0
ABS_PE,D,20200421,000000,11.8881,12.8592,11.3646,12.186,0,0
ABS_PE,D,20200422,000000,12.9341,12.9341,11.8132,12.186,0,0
ABS_PE,D,20200423,000000,12.261,12.4107,12.1112,12.1112,0,0
ABS_PE,D,20200424,000000,12.037,12.186,11.6634,12.037,0,0
ABS_PE,D,20200427,000000,12.037,12.037,11.8132,11.8881,0,0
ABS_PE,D,20200428,000000,12.037,12.186,11.8881,11.9629,0,0
ABS_PE,D,20200429,000000,12.3359,12.4856,12.186,12.186,0,0
ABS_PE,D,20200430,000000,12.6345,12.6345,12.186,12.261,0,0
ABS_PE,D,20200504,000000,12.3359,12.3359,11.8881,12.186,0,0
ABS_PE,D,20200505,000000,12.3359,12.3359,12.1112,12.186,0,0
ABS_PE,D,20200506,000000,12.037,12.261,12.037,12.186,0,0
ABS_PE,D,20200507,000000,12.3359,12.3359,11.8881,12.186,0,0
ABS_PE,D,20200508,000000,12.261,12.261,12.037,12.186,0,0
ABS_PE,D,20200511,000000,12.261,12.261,11.8881,12.261,0,0
ABS_PE,D,20200512,000000,12.261,12.261,12.186,12.261,0,0
ABS_PE,D,20200513,000000,12.3359,12.3359,11.9629,11.9629,0,0
ABS_PE,D,20200514,000000,12.261,12.261,11.8881,12.186,0,0
ABS_PE,D,20200515,000000,12.261,12.261,11.8881,12.186,0,0
ABS_PE,D,20200518,000000,12.2018,12.5172,12.0446,12.5172,0,0
ABS_PE,D,20200519,000000,12.6745,12.6745,12.2808,12.3591,0,0
ABS_PE,D,20200520,000000,12.3591,12.5172,12.2018,12.5172,0,0
ABS_PE,D,20200521,000000,12.5172,12.5172,12.2808,12.4381,0,0
ABS_PE,D,20200522,000000,12.5172,12.5172,12.1235,12.2018,0,0
ABS_PE,D,20200525,000000,12.1235,12.4381,12.1235,12.2808,0,0
ABS_PE,D,20200526,000000,12.4381,12.4381,12.1235,12.3591,0,0
ABS_PE,D,20200527,000000,12.1235,12.4381,12.1235,12.3591,0,0
ABS_PE,D,20200528,000000,12.2808,12.2808,12.0446,12.2018,0,0
ABS_PE,D,20200529,000000,12.1235,12.2808,11.9654,12.2018,0,0
ABS_PE,D,20200601,000000,12.2808,12.2808,11.9654,12.2808,0,0
ABS_PE,D,20200602,000000,12.2808,12.2808,12.0446,12.2018,0,0
ABS_PE,D,20200603,000000,12.2018,12.2018,12.0446,12.2018,0,0
ABS_PE,D,20200604,000000,12.2018,12.2018,12.0446,12.2018,0,0
ABS_PE,D,20200605,000000,12.2808,12.2808,12.0446,12.2018,0,0
ABS_PE,D,20200608,000000,12.2018,12.2018,11.8872,12.2018,0,0
ABS_PE,D,20200609,000000,12.2018,12.2018,12.0446,12.1235,0,0
ABS_PE,D,20200610,000000,11.9654,12.1235,11.4145,11.4145,0,0
ABS_PE,D,20200612,000000,11.3363,11.8872,11.3363,11.4145,0,0
ABS_PE,D,20200615,000000,11.4145,11.4145,11.1782,11.4145,0,0
ABS_PE,D,20200616,000000,11.4145,11.73,11.3363,11.73,0,0
ABS_PE,D,20200617,000000,11.8082,12.3591,11.8082,12.1235,0,0
ABS_PE,D,20200618,000000,12.1235,12.1235,11.8082,12.1235,0,0
ABS_PE,D,20200619,000000,12.1235,12.2018,11.8872,12.2018,0,0
ABS_PE,D,20200622,000000,12.3591,12.3591,11.9654,12.2018,0,0
ABS_PE,D,20200623,000000,12.2018,12.2018,12.0446,12.0446,0,0
ABS_PE,D,20200624,000000,12.1235,12.1235,11.73,11.8082,0,0
ABS_PE,D,20200625,000000,11.8082,12.1235,11.8082,12.1235,0,0
ABS_PE,D,20200626,000000,11.8872,11.8872,11.73,11.73,0,0
ABS_PE,D,20200629,000000,11.8082,11.8082,11.8082,11.8082,0,0
ABS_PE,D,20200630,000000,11.8082,11.8082,11.4936,11.4936,0,0
ABS_PE,D,20200701,000000,11.8872,11.8872,11.3363,11.4145,0,0
ABS_PE,D,20200702,000000,11.8082,11.8082,11.2572,11.3363,0,0
ABS_PE,D,20200703,000000,11.2572,11.2572,11.0209,11.1782,0,0
ABS_PE,D,20200706,000000,11.2572,11.2572,11.0999,11.1782,0,0
ABS_PE,D,20200707,000000,11.2572,11.2572,11.0209,11.2572,0,0
ABS_PE,D,20200708,000000,11.2572,11.5718,11.2572,11.4936,0,0
ABS_PE,D,20200709,000000,11.6508,11.6508,11.0999,11.4145,0,0
ABS_PE,D,20200710,000000,11.5718,11.5718,11.0999,11.4145,0,0
ABS_PE,D,20200713,000000,11.4145,11.73,11.2572,11.6508,0,0
ABS_PE,D,20200714,000000,11.73,11.73,11.4145,11.73,0,0
ABS_PE,D,20200715,000000,11.8082,11.8082,11.6508,11.73,0,0
ABS_PE,D,20200716,000000,11.73,11.8082,11.4936,11.8082,0,0
ABS_PE,D,20200717,000000,11.8082,11.8082,11.6508,11.6508,0,0
ABS_PE,D,20200720,000000,11.6508,11.73,11.6508,11.73,0,0
ABS_PE,D,20200721,000000,11.8082,11.8872,11.8082,11.8872,0,0
ABS_PE,D,20200722,000000,11.8872,11.8872,11.73,11.8872,0,0
ABS_PE,D,20200723,000000,12.0446,12.0446,11.6508,11.6508,0,0
ABS_PE,D,20200724,000000,11.9654,11.9654,11.6508,11.6508,0,0
ABS_PE,D,20200727,000000,11.9654,11.9654,11.4145,11.8082,0,0
ABS_PE,D,20200728,000000,11.8082,11.9654,11.4145,11.5718,0,0
ABS_PE,D,20200729,000000,11.5718,11.9654,11.0999,11.4145,0,0
ABS_PE,D,20200730,000000,11.0999,11.4145,10.7846,10.7846,0,0
ABS_PE,D,20200731,000000,11.0209,11.4936,11.0209,11.4936,0,0
ABS_PE,D,20200803,000000,11.5718,11.5718,11.1782,11.4936,0,0
ABS_PE,D,20200804,000000,11.4936,11.4936,11.1782,11.4145,0,0
ABS_PE,D,20200805,000000,11.3363,11.4936,11.3363,11.4936,0,0
ABS_PE,D,20200806,000000,11.3363,11.5718,11.1782,11.5718,0,0
ABS_PE,D,20200807,000000,11.4936,11.6508,11.1782,11.5718,0,0
ABS_PE,D,20200810,000000,11.5718,11.73,11.3363,11.73,0,0
ABS_PE,D,20200811,000000,11.73,11.8082,11.4936,11.6508,0,0
ABS_PE,D,20200812,000000,11.8082,11.8082,11.4936,11.73,0,0
ABS_PE,D,20200813,000000,11.73,11.73,11.5718,11.6508,0,0
ABS_PE,D,20200814,000000,11.6508,11.6508,11.4936,11.5718,0,0
ABS_PE,D,20200817,000000,11.2572,11.73,11.2572,11.4936,0,0
ABS_PE,D,20200818,000000,11.4936,12.2018,11.3363,12.2018,0,0
ABS_PE,D,20200819,000000,12.2018,12.2808,12.0446,12.2018,0,0
ABS_PE,D,20200820,000000,12.2018,12.2018,12.1235,12.1235,0,0
ABS_PE,D,20200821,000000,12.2018,12.3591,12.2018,12.2808,0,0
ABS_PE,D,20200824,000000,12.3591,12.5172,12.2808,12.2808,0,0
ABS_PE,D,20200825,000000,12.3591,12.3591,12.2808,12.2808,0,0
ABS_PE,D,20200826,000000,12.3591,12.3591,12.1235,12.3591,0,0
ABS_PE,D,20200827,000000,12.4381,12.4381,12.2018,12.3591,0,0
ABS_PE,D,20200828,000000,12.3591,12.4381,12.3591,12.3591,0,0
ABS_PE,D,20200831,000000,12.4381,12.6745,12.4381,12.6745,0,0
ABS_PE,D,20200901,000000,12.5954,12.9108,12.5172,12.5954,0,0
ABS_PE,D,20200902,000000,12.6745,12.7526,12.4381,12.7526,0,0
ABS_PE,D,20200903,000000,12.7526,12.7526,12.5954,12.7526,0,0
ABS_PE,D,20200904,000000,12.7526,12.7526,12.4381,12.5954,0,0
ABS_PE,D,20200907,000000,12.9108,12.9108,12.5954,12.6745,0,0
ABS_PE,D,20200908,000000,12.3591,12.6745,11.1782,12.1235,0,0
ABS_PE,D,20200909,000000,12.7526,12.7526,11.9654,12.2808,0,0
ABS_PE,D,20200910,000000,12.2808,12.2808,12.1235,12.2808,0,0
ABS_PE,D,20200911,000000,12.2808,12.2808,12.1235,12.2808,0,0
ABS_PE,D,20200914,000000,11.6508,12.1235,11.6508,11.9654,0,0
ABS_PE,D,20200915,000000,12.2808,12.2808,11.8872,12.2808,0,0
ABS_PE,D,20200916,000000,12.2808,12.2808,12.0446,12.0446,0,0
ABS_PE,D,20200917,000000,12.2808,12.2808,11.9654,12.2808,0,0
ABS_PE,D,20200918,000000,12.2808,12.4381,12.2808,12.3591,0,0
ABS_PE,D,20200921,000000,12.3591,12.3591,11.8872,11.9654,0,0
ABS_PE,D,20200922,000000,12.2808,12.2808,11.9654,11.9654,0,0
ABS_PE,D,20200923,000000,11.9654,12.1235,11.8872,11.8872,0,0
ABS_PE,D,20200924,000000,11.8872,11.8872,11.8082,11.8872,0,0
ABS_PE,D,20200925,000000,11.8872,12.1235,11.6508,12.0446,0,0
ABS_PE,D,20200928,000000,12.1235,12.2808,12.1235,12.2808,0,0
ABS_PE,D,20200929,000000,12.2018,12.3591,12.2018,12.2808,0,0
ABS_PE,D,20200930,000000,12.4381,12.4381,12.0446,12.1235,0,0
ABS_PE,D,20201001,000000,12.2808,12.2808,11.8872,11.8872,0,0
ABS_PE,D,20201002,000000,12.2018,12.2018,11.5718,11.8082,0,0
ABS_PE,D,20201005,000000,11.5718,11.8872,11.5718,11.8872,0,0
ABS_PE,D,20201006,000000,11.8872,12.2018,11.6508,12.2018,0,0
ABS_PE,D,20201007,000000,12.1235,12.1235,11.8872,11.8872,0,0
ABS_PE,D,20201008,000000,11.9654,12.1235,11.9654,11.9654,0,0
ABS_PE,D,20201009,000000,12.2018,12.2018,11.6508,11.8082,0,0
ABS_PE,D,20201012,000000,12.1235,12.1235,11.5718,11.9654,0,0
ABS_PE,D,20201013,000000,11.9654,11.9654,11.8872,11.9654,0,0
ABS_PE,D,20201014,000000,11.9654,11.9654,11.73,11.8872,0,0
ABS_PE,D,20201015,000000,11.8872,12.5954,11.8082,12.5954,0,0
ABS_PE,D,20201016,000000,12.2808,12.5172,12.1235,12.1235,0,0
ABS_PE,D,20201019,000000,12.4381,12.4381,12.2018,12.4381,0,0
ABS_PE,D,20201020,000000,12.4381,12.4381,12.0446,12.3591,0,0
ABS_PE,D,20201021,000000,12.3591,12.3591,12.1235,12.2018,0,0
ABS_PE,D,20201022,000000,12.2018,12.2018,11.8872,11.8872,0,0
ABS_PE,D,20201023,000000,12.2018,12.2018,11.5718,11.5718,0,0
ABS_PE,D,20201026,000000,11.4145,11.9654,11.3363,11.8872,0,0
ABS_PE,D,20201027,000000,12.1235,12.1235,11.73,11.8872,0,0
ABS_PE,D,20201028,000000,11.73,11.8082,11.5718,11.8082,0,0
ABS_PE,D,20201029,000000,11.4145,11.73,11.4145,11.4936,0,0
ABS_PE,D,20201030,000000,11.4936,11.5718,11.1782,11.4145,0,0
ABS_PE,D,20201102,000000,12.2808,12.2808,11.4145,11.4936,0,0
ABS_PE,D,20201103,000000,11.4936,11.5718,11.4145,11.4936,0,0
ABS_PE,D,20201104,000000,11.4936,11.4936,11.4936,11.4936,0,0
ABS_PE,D,20201105,000000,11.4936,11.4936,11.4145,11.4936,0,0
ABS_PE,D,20201106,000000,11.4936,11.4936,11.4145,11.4936,0,0
ABS_PE,D,20201109,000000,11.5718,11.5718,11.4936,11.5718,0,0
ABS_PE,D,20201110,000000,11.5718,11.5718,11.5718,11.5718,0,0
ABS_PE,D,20201112,000000,11.73,11.73,11.5718,11.5718,0,0
ABS_PE,D,20201113,000000,11.73,11.73,11.5718,11.5718,0,0
ABS_PE,D,20201116,000000,11.73,11.73,11.4936,11.5718,0,0
ABS_PE,D,20201117,000000,11.6508,11.6508,11.6508,11.6508,0,0
ABS_PE,D,20201118,000000,11.4936,11.6508,11.4145,11.5718,0,0
ABS_PE,D,20201119,000000,11.8082,11.9654,11.73,11.9654,0,0
ABS_PE,D,20201120,000000,11.9654,12.2018,11.9654,12.2018,0,0
ABS_PE,D,20201123,000000,12.2018,12.2018,11.8872,11.8872,0,0
ABS_PE,D,20201124,000000,12.1235,12.1235,11.8872,12.1235,0,0
ABS_PE,D,20201125,000000,12.1235,12.1235,12.0446,12.0446,0,0
ABS_PE,D,20201126,000000,12.1235,12.2018,12.0446,12.2018,0,0
ABS_PE,D,20201127,000000,12.2018,12.2018,12.0446,12.1235,0,0
ABS_PE,D,20201130,000000,12.0446,12.0446,11.73,11.73,0,0
ABS_PE,D,20201201,000000,11.6508,12.1235,11.6508,12.1235,0,0
ABS_PE,D,20201202,000000,12.1235,12.4381,12.1235,12.1235,0,0
ABS_PE,D,20201203,000000,12.2808,12.2808,12.1235,12.1235,0,0
ABS_PE,D,20201204,000000,12.3591,12.3591,11.8872,11.9654,0,0
ABS_PE,D,20201207,000000,12.2808,12.2808,11.9654,12.1235,0,0
ABS_PE,D,20201208,000000,12.1235,12.4381,11.9654,12.3591,0,0
ABS_PE,D,20201209,000000,12.5172,12.5172,12.0446,12.3591,0,0
ABS_PE,D,20201210,000000,12.3591,12.3591,12.1235,12.2018,0,0
ABS_PE,D,20201211,000000,12.5172,12.5954,12.2018,12.2018,0,0
ABS_PE,D,20201214,000000,12.5172,12.5172,12.2018,12.4381,0,0
ABS_PE,D,20201215,000000,12.4381,12.5172,12.2018,12.2808,0,0
ABS_PE,D,20201216,000000,12.2808,12.5954,12.2018,12.5954,0,0
ABS_PE,D,20201217,000000,12.5954,12.9108,12.4381,12.5954,0,0
ABS_PE,D,20201218,000000,12.5954,12.7526,12.5954,12.6745,0,0
ABS_PE,D,20201221,000000,12.6745,12.6745,12.3591,12.5954,0,0
ABS_PE,D,20201222,000000,12.7526,12.9108,12.5954,12.5954,0,0
ABS_PE,D,20201223,000000,12.5954,12.9108,12.5172,12.5172,0,0
ABS_PE,D,20201228,000000,12.5954,12.9108,12.5954,12.8318,0,0
ABS_PE,D,20201229,000000,13.0682,13.1464,12.8318,13.0682,0,0
ABS_PE,D,20201230,000000,13.1464,13.2254,12.8318,12.8318,0,0
ABS_PE,D,20210104,000000,12.8318,13.3036,12.8318,13.3036,0,0
ABS_PE,D,20210105,000000,13.3036,13.54,13.3036,13.3827,0,0
ABS_PE,D,20210107,000000,13.54,13.6973,13.3036,13.619,0,0
ABS_PE,D,20210108,000000,13.619,13.7763,13.3036,13.7763,0,0
ABS_PE,D,20210111,000000,13.7763,13.7763,13.4617,13.4617,0,0
ABS_PE,D,20210112,000000,13.3827,13.619,13.2254,13.3036,0,0
ABS_PE,D,20210113,000000,13.619,13.6973,13.3036,13.6973,0,0
ABS_PE,D,20210114,000000,13.6973,13.6973,13.619,13.6973,0,0
ABS_PE,D,20210115,000000,13.6973,13.6973,13.3036,13.3036,0,0
ABS_PE,D,20210118,000000,13.3827,13.6973,13.0682,13.6973,0,0
ABS_PE,D,20210119,000000,13.6973,13.6973,13.3827,13.54,0,0
ABS_PE,D,20210120,000000,13.6973,13.6973,13.4617,13.6973,0,0
ABS_PE,D,20210121,000000,13.7763,13.7763,13.3827,13.619,0,0
ABS_PE,D,20210122,000000,13.7763,13.7763,13.619,13.6973,0,0
ABS_PE,D,20210125,000000,13.6973,13.6973,13.3827,13.4617,0,0
ABS_PE,D,20210126,000000,13.54,13.54,13.2254,13.4617,0,0
ABS_PE,D,20210127,000000,13.7763,13.7763,13.2254,13.3036,0,0
ABS_PE,D,20210128,000000,13.619,13.619,13.0682,13.4617,0,0
ABS_PE,D,20210129,000000,13.4617,13.619,13.0682,13.54,0,0
ABS_PE,D,20210201,000000,13.54,13.54,13.3036,13.54,0,0
ABS_PE,D,20210202,000000,13.54,13.54,13.4617,13.4617,0,0
ABS_PE,D,20210203,000000,13.4617,13.4617,12.8318,12.8318,0,0
ABS_PE,D,20210204,000000,13.3827,13.3827,12.8318,13.3036,0,0
ABS_PE,D,20210205,000000,13.3036,13.3036,13.0682,13.3036,0,0
ABS_PE,D,20210208,000000,13.3036,13.54,13.0682,13.2254,0,0
ABS_PE,D,20210209,000000,13.3827,13.3827,13.1464,13.3036,0,0
ABS_PE,D,20210210,000000,13.3036,13.3827,13.2254,13.3827,0,0
ABS_PE,D,20210211,000000,13.54,13.54,13.3036,13.4617,0,0
ABS_PE,D,20210212,000000,13.54,13.54,13.3036,13.4617,0,0
ABS_PE,D,20210215,000000,13.619,13.7763,13.4617,13.6973,0,0
ABS_PE,D,20210216,000000,13.619,13.6973,13.4617,13.619,0,0
ABS_PE,D,20210217,000000,13.619,13.619,12.9108,13.2254,0,0
ABS_PE,D,20210218,000000,13.3827,13.619,13.3036,13.3036,0,0
ABS_PE,D,20210219,000000,13.619,13.619,13.2254,13.3827,0,0
ABS_PE,D,20210222,000000,13.619,13.619,13.1464,13.4617,0,0
ABS_PE,D,20210223,000000,13.54,13.54,13.1464,13.4617,0,0
ABS_PE,D,20210224,000000,13.54,13.619,13.2254,13.619,0,0
ABS_PE,D,20210225,000000,13.6973,13.6973,13.2254,13.54,0,0
ABS_PE,D,20210226,000000,13.54,13.54,13.1464,13.1464,0,0
ABS_PE,D,20210301,000000,13.3827,13.4617,13.3036,13.4617,0,0
ABS_PE,D,20210302,000000,13.54,13.54,13.2254,13.4617,0,0
ABS_PE,D,20210303,000000,13.4617,13.4617,13.2254,13.3827,0,0
ABS_PE,D,20210304,000000,13.3827,13.4617,13.2254,13.3036,0,0
ABS_PE,D,20210305,000000,13.3827,13.3827,13.1464,13.3036,0,0
ABS_PE,D,20210308,000000,13.4617,13.54,13.3036,13.4617,0,0
ABS_PE,D,20210309,000000,13.54,13.54,13.3036,13.4617,0,0
ABS_PE,D,20210310,000000,13.54,13.54,13.2254,13.3827,0,0
ABS_PE,D,20210311,000000,13.3036,13.4617,13.2254,13.3827,0,0
ABS_PE,D,20210312,000000,13.3827,13.3827,13.0682,13.0682,0,0
ABS_PE,D,20210315,000000,13.0682,13.0682,12.989,12.989,0,0
ABS_PE,D,20210316,000000,13.0682,13.0682,12.9108,13.0682,0,0
ABS_PE,D,20210317,000000,13.3036,13.3036,12.9108,13.0682,0,0
ABS_PE,D,20210318,000000,13.0682,13.1464,12.9108,12.989,0,0
ABS_PE,D,20210319,000000,13.0682,13.0682,12.9108,12.989,0,0
ABS_PE,D,20210322,000000,12.8318,13.0682,12.7526,12.9108,0,0
ABS_PE,D,20210323,000000,12.9108,12.9108,12.6745,12.6745,0,0
ABS_PE,D,20210324,000000,12.7526,12.8318,12.5172,12.7526,0,0
ABS_PE,D,20210325,000000,12.6745,12.8318,12.6745,12.7526,0,0
ABS_PE,D,20210326,000000,12.7526,12.7526,12.6745,12.7526,0,0
ABS_PE,D,20210329,000000,12.9108,12.9108,12.7526,12.9108,0,0
ABS_PE,D,20210330,000000,13.0682,13.0682,12.7526,12.9108,0,0
ABS_PE,D,20210331,000000,12.9108,12.9108,12.8318,12.8318,0,0
ABS_PE,D,20210401,000000,12.9108,12.9108,12.7526,12.9108,0,0
ABS_PE,D,20210406,000000,12.9108,12.9108,12.9108,12.9108,0,0
ABS_PE,D,20210407,000000,12.989,12.989,12.8318,12.8318,0,0
ABS_PE,D,20210408,000000,12.8318,12.8318,12.8318,12.8318,0,0
ABS_PE,D,20210409,000000,12.9108,12.9108,12.7526,12.8318,0,0
ABS_PE,D,20210412,000000,13.0682,13.0682,12.7526,12.8318,0,0
ABS_PE,D,20210413,000000,12.9108,12.9108,12.6745,12.8318,0,0
ABS_PE,D,20210414,000000,12.8318,12.8318,12.8318,12.8318,0,0
ABS_PE,D,20210415,000000,12.9108,12.9108,12.8318,12.9108,0,0
ABS_PE,D,20210416,000000,12.9108,12.9108,12.6745,12.9108,0,0
ABS_PE,D,20210419,000000,12.989,12.989,12.6745,12.8318,0,0
ABS_PE,D,20210420,000000,12.8318,12.8318,12.6745,12.6745,0,0
ABS_PE,D,20210421,000000,12.6745,12.7526,12.5954,12.6745,0,0
ABS_PE,D,20210422,000000,12.6745,12.6745,12.5954,12.6745,0,0
ABS_PE,D,20210423,000000,12.6745,12.6745,12.4381,12.5172,0,0
ABS_PE,D,20210426,000000,12.5172,12.5172,12.4381,12.4381,0,0
ABS_PE,D,20210427,000000,12.4381,12.5172,12.4381,12.4381,0,0
ABS_PE,D,20210428,000000,12.4381,12.5172,12.1235,12.1235,0,0
ABS_PE,D,20210429,000000,12.1235,12.1235,12.0446,12.1235,0,0
ABS_PE,D,20210430,000000,12.1235,12.1235,12.0446,12.1235,0,0
ABS_PE,D,20210504,000000,12.2808,12.4381,12.1235,12.2018,0,0
ABS_PE,D,20210505,000000,12.3591,12.3591,12.2018,12.2018,0,0
ABS_PE,D,20210506,000000,12.2808,12.4381,12.2018,12.2808,0,0
ABS_PE,D,20210507,000000,12.5172,12.5172,12.2808,12.3591,0,0
ABS_PE,D,20210510,000000,12.5954,12.5954,12.2808,12.5954,0,0
ABS_PE,D,20210511,000000,12.5954,12.5954,12.2808,12.3591,0,0
ABS_PE,D,20210512,000000,12.4381,12.4381,12.3591,12.3591,0,0
ABS_PE,D,20210513,000000,12.3591,12.5172,12.2808,12.5172,0,0
ABS_PE,D,20210514,000000,12.5172,12.5172,12.2808,12.3591,0,0
ABS_PE,D,20210517,000000,12.2808,12.3591,12.2018,12.2808,0,0
ABS_PE,D,20210518,000000,12.2808,12.3591,12.2808,12.2808,0,0
ABS_PE,D,20210519,000000,12.2808,12.4381,12.2018,12.3591,0,0
ABS_PE,D,20210520,000000,12.2808,12.2808,12.1235,12.2018,0,0
ABS_PE,D,20210521,000000,12.2018,12.2018,12.0446,12.2018,0,0
ABS_PE,D,20210524,000000,12.2808,12.2808,12.2018,12.2808,0,0
ABS_PE,D,20210525,000000,12.2808,12.2808,12.0446,12.1235,0,0
ABS_PE,D,20210526,000000,12.1235,12.2808,12.1235,12.2808,0,0
ABS_PE,D,20210527,000000,12.2808,12.2808,12.2018,12.2018,0,0
ABS_PE,D,20210528,000000,12.2018,12.2018,12.1235,12.2018,0,0
ABS_PE,D,20210531,000000,12.2018,12.2808,12.2018,12.2808,0,0
ABS_PE,D,20210601,000000,12.4381,12.6745,12.4381,12.5954,0,0
ABS_PE,D,20210602,000000,12.5954,12.7526,12.5954,12.6745,0,0
ABS_PE,D,20210604,000000,12.6745,12.8318,12.6745,12.7526,0,0
ABS_PE,D,20210607,000000,12.7526,12.8318,12.6745,12.6745,0,0
ABS_PE,D,20210608,000000,12.7526,12.7526,12.6745,12.6745,0,0
ABS_PE,D,20210609,000000,12.6745,12.6745,12.5954,12.5954,0,0
ABS_PE,D,20210610,000000,12.5954,12.6745,12.5954,12.6745,0,0
ABS_PE,D,20210611,000000,12.6745,12.6745,12.5954,12.5954,0,0
ABS_PE,D,20210614,000000,12.6745,12.6745,12.5954,12.5954,0,0
ABS_PE,D,20210615,000000,12.5954,12.5954,12.5172,12.5954,0,0
ABS_PE,D,20210616,000000,12.5954,12.5954,12.5172,12.5954,0,0
ABS_PE,D,20210617,000000,13.3985,13.4817,12.5663,12.5663,0,0
ABS_PE,D,20210618,000000,12.6495,12.6495,12.4831,12.5663,0,0
ABS_PE,D,20210621,000000,12.6495,12.6495,12.3167,12.3999,0,0
ABS_PE,D,20210622,000000,12.3999,12.3999,12.2334,12.2334,0,0
ABS_PE,D,20210623,000000,12.2334,12.2334,12.067,12.1502,0,0
ABS_PE,D,20210624,000000,12.1502,12.1502,12.067,12.067,0,0
ABS_PE,D,20210625,000000,12.2334,12.5663,12.2334,12.5663,0,0
ABS_PE,D,20210628,000000,12.5663,12.816,12.5663,12.816,0,0
ABS_PE,D,20210629,000000,12.8992,12.9824,12.4831,12.5663,0,0
ABS_PE,D,20210630,000000,12.5663,12.5663,12.3999,12.5663,0,0
ABS_PE,D,20210701,000000,12.5663,12.6495,12.5663,12.5663,0,0
ABS_PE,D,20210702,000000,12.7327,12.7327,12.5663,12.5663,0,0
ABS_PE,D,20210705,000000,12.5663,12.7327,12.5663,12.5663,0,0
ABS_PE,D,20210706,000000,12.5663,12.816,12.5663,12.816,0,0
ABS_PE,D,20210707,000000,12.816,12.816,12.5663,12.5663,0,0
ABS_PE,D,20210708,000000,12.816,12.816,12.5663,12.816,0,0
ABS_PE,D,20210709,000000,12.816,12.816,12.5663,12.5663,0,0
ABS_PE,D,20210712,000000,12.7327,12.8992,12.5663,12.8992,0,0
ABS_PE,D,20210713,000000,12.8992,13.0656,12.8992,12.9824,0,0
ABS_PE,D,20210714,000000,12.8992,13.4817,12.816,13.3153,0,0
ABS_PE,D,20210715,000000,13.3985,13.3985,12.8992,12.9824,0,0
ABS_PE,D,20210716,000000,13.2321,13.3153,12.816,13.3153,0,0
ABS_PE,D,20210719,000000,13.3153,13.3153,12.816,13.0656,0,0
ABS_PE,D,20210720,000000,13.0656,13.3153,12.816,13.1488,0,0
ABS_PE,D,20210721,000000,13.2321,13.2321,12.7327,13.1488,0,0
ABS_PE,D,20210722,000000,12.8992,13.1488,12.8992,12.9824,0,0
ABS_PE,D,20210723,000000,12.8992,13.1488,12.8992,12.8992,0,0
ABS_PE,D,20210726,000000,13.1488,13.1488,12.8992,13.0656,0,0
ABS_PE,D,20210727,000000,13.0656,13.0656,12.816,12.9824,0,0
ABS_PE,D,20210728,000000,12.9824,12.9824,12.816,12.816,0,0
ABS_PE,D,20210729,000000,12.9824,13.1488,12.7327,12.9824,0,0
ABS_PE,D,20210730,000000,12.9824,13.1488,12.7327,12.8992,0,0
ABS_PE,D,20210802,000000,12.9824,12.9824,12.816,12.816,0,0
ABS_PE,D,20210803,000000,12.9824,12.9824,12.7327,12.8992,0,0
ABS_PE,D,20210804,000000,12.9824,12.9824,12.7327,12.7327,0,0
ABS_PE,D,20210805,000000,12.816,12.816,12.816,12.816,0,0
ABS_PE,D,20210806,000000,12.816,12.8992,12.816,12.8992,0,0
ABS_PE,D,20210809,000000,12.8992,12.8992,12.7327,12.7327,0,0
ABS_PE,D,20210810,000000,12.816,12.9824,12.7327,12.816,0,0
ABS_PE,D,20210811,000000,12.8992,12.9824,12.7327,12.7327,0,0
ABS_PE,D,20210812,000000,12.8992,12.8992,12.7327,12.7327,0,0
ABS_PE,D,20210813,000000,12.8992,12.8992,12.7327,12.816,0,0
ABS_PE,D,20210816,000000,12.816,12.816,12.7327,12.7327,0,0
ABS_PE,D,20210817,000000,12.7327,12.7327,12.7327,12.7327,0,0
ABS_PE,D,20210818,000000,12.7327,13.1488,12.6495,12.8992,0,0
ABS_PE,D,20210819,000000,12.7327,12.8992,12.6495,12.7327,0,0
ABS_PE,D,20210820,000000,12.8992,12.8992,12.6495,12.7327,0,0
ABS_PE,D,20210823,000000,12.816,12.816,12.7327,12.7327,0,0
ABS_PE,D,20210824,000000,12.816,12.816,12.7327,12.816,0,0
ABS_PE,D,20210825,000000,12.6495,12.816,12.6495,12.7327,0,0
ABS_PE,D,20210826,000000,12.816,12.816,12.6495,12.6495,0,0
ABS_PE,D,20210827,000000,12.6495,12.816,12.5663,12.6495,0,0
ABS_PE,D,20210830,000000,12.6495,12.816,12.6495,12.6495,0,0
ABS_PE,D,20210831,000000,12.7327,12.816,12.6495,12.7327,0,0
ABS_PE,D,20210901,000000,12.7327,12.7327,12.5663,12.5663,0,0
ABS_PE,D,20210902,000000,12.6495,12.816,12.5663,12.816,0,0
ABS_PE,D,20210903,000000,12.816,12.816,12.6495,12.6495,0,0
ABS_PE,D,20210906,000000,12.7327,12.7327,12.6495,12.6495,0,0
ABS_PE,D,20210907,000000,12.5663,12.7327,12.5663,12.6495,0,0
ABS_PE,D,20210908,000000,12.816,12.816,12.6495,12.6495,0,0
ABS_PE,D,20210909,000000,12.816,12.816,12.4831,12.4831,0,0
ABS_PE,D,20210910,000000,12.5663,12.6495,12.3999,12.3999,0,0
ABS_PE,D,20210913,000000,12.4831,12.6495,12.3999,12.4831,0,0
ABS_PE,D,20210914,000000,12.5663,12.7327,12.4831,12.4831,0,0
ABS_PE,D,20210915,000000,12.6495,12.7327,12.4831,12.4831,0,0
ABS_PE,D,20210916,000000,12.6495,12.6495,12.4831,12.4831,0,0
ABS_PE,D,20210917,000000,12.4831,12.6495,12.3999,12.3999,0,0
ABS_PE,D,20210920,000000,12.3999,12.4831,12.2334,12.3999,0,0
ABS_PE,D,20210921,000000,12.3167,12.4831,12.3167,12.3167,0,0
ABS_PE,D,20210922,000000,12.3999,12.4831,12.3167,12.4831,0,0
ABS_PE,D,20210923,000000,12.4831,12.4831,12.3999,12.4831,0,0
ABS_PE,D,20210924,000000,12.5663,12.5663,12.3167,12.4831,0,0
ABS_PE,D,20210927,000000,12.4831,12.5663,12.4831,12.4831,0,0
ABS_PE,D,20210928,000000,12.4831,12.4831,12.3167,12.3167,0,0
ABS_PE,D,20210929,000000,12.3167,12.5663,12.3167,12.5663,0,0
ABS_PE,D,20210930,000000,12.5663,12.6495,12.5663,12.5663,0,0
ABS_PE,D,20211001,000000,12.5663,12.5663,12.3999,12.5663,0,0
ABS_PE,D,20211004,000000,12.5663,12.5663,12.3999,12.4831,0,0
ABS_PE,D,20211005,000000,12.4831,12.6495,12.3999,12.5663,0,0
ABS_PE,D,20211006,000000,12.5663,12.5663,12.3999,12.3999,0,0
ABS_PE,D,20211007,000000,12.3999,12.5663,12.3999,12.5663,0,0
ABS_PE,D,20211008,000000,12.4831,12.5663,12.4831,12.5663,0,0
ABS_PE,D,20211011,000000,12.5663,12.7327,12.5663,12.7327,0,0
ABS_PE,D,20211012,000000,12.5663,12.7327,12.5663,12.7327,0,0
ABS_PE,D,20211013,000000,12.7327,13.0656,12.7327,13.0656,0,0
ABS_PE,D,20211014,000000,13.0656,13.1488,13.0656,13.0656,0,0
ABS_PE,D,20211015,000000,13.0656,13.1488,13.0656,13.1488,0,0
ABS_PE,D,20211018,000000,13.1488,13.1488,13.0656,13.1488,0,0
ABS_PE,D,20211019,000000,13.1488,13.1488,12.9824,13.1488,0,0
ABS_PE,D,20211020,000000,13.1488,13.1488,13.0656,13.1488,0,0
ABS_PE,D,20211021,000000,13.1488,13.1488,13.0656,13.0656,0,0
ABS_PE,D,20211022,000000,13.0656,13.1488,12.9824,13.0656,0,0
ABS_PE,D,20211025,000000,13.1488,13.4817,13.1488,13.4817,0,0
ABS_PE,D,20211026,000000,13.4817,13.4817,13.0656,13.1488,0,0
ABS_PE,D,20211027,000000,13.4817,13.4817,13.0656,13.0656,0,0
ABS_PE,D,20211028,000000,13.0656,13.5649,12.9824,13.5649,0,0
ABS_PE,D,20211029,000000,13.5649,13.981,13.5649,13.8978,0,0
ABS_PE,D,20211102,000000,13.981,13.981,13.3153,13.7314,0,0
ABS_PE,D,20211103,000000,13.7314,13.8146,13.7314,13.7314,0,0
ABS_PE,D,20211104,000000,13.8146,13.8146,13.6482,13.7314,0,0
ABS_PE,D,20211105,000000,14.0642,14.3139,13.7314,14.0642,0,0
ABS_PE,D,20211108,000000,13.981,14.0642,13.7314,13.8978,0,0
ABS_PE,D,20211109,000000,14.0642,14.0642,13.6482,13.6482,0,0
ABS_PE,D,20211110,000000,13.6482,14.0642,13.6482,13.981,0,0
ABS_PE,D,20211112,000000,13.8146,13.981,13.8146,13.981,0,0
ABS_PE,D,20211115,000000,14.0642,14.0642,13.7314,13.981,0,0
ABS_PE,D,20211116,000000,13.981,14.0642,13.8978,13.8978,0,0
ABS_PE,D,20211117,000000,13.8978,14.0642,13.8978,13.981,0,0
ABS_PE,D,20211118,000000,13.981,13.981,13.5649,13.5649,0,0
ABS_PE,D,20211119,000000,13.5649,13.7314,13.5649,13.5649,0,0
ABS_PE,D,20211122,000000,13.7314,13.7314,13.6482,13.6482,0,0
ABS_PE,D,20211123,000000,13.6482,13.8146,13.6482,13.8146,0,0
ABS_PE,D,20211124,000000,13.8146,13.8146,13.6482,13.7314,0,0
ABS_PE,D,20211125,000000,13.8146,13.8978,13.7314,13.8978,0,0
ABS_PE,D,20211126,000000,13.7314,13.8978,13.6482,13.7314,0,0
ABS_PE,D,20211129,000000,13.8978,13.8978,13.0656,13.6482,0,0
ABS_PE,D,20211130,000000,13.6482,13.981,13.3985,13.981,0,0
ABS_PE,D,20211201,000000,13.981,13.981,13.4817,13.6482,0,0
ABS_PE,D,20211202,000000,13.8978,13.8978,13.4817,13.4817,0,0
ABS_PE,D,20211203,000000,13.8978,13.8978,13.5649,13.5649,0,0
ABS_PE,D,20211206,000000,13.7314,13.7314,13.3985,13.5649,0,0
ABS_PE,D,20211207,000000,13.7314,13.981,13.7314,13.981,0,0
ABS_PE,D,20211208,000000,13.981,14.1475,13.981,14.1475,0,0
ABS_PE,D,20211209,000000,14.3139,14.73,14.3139,14.5636,0,0
ABS_PE,D,20211210,000000,14.6468,15.0629,14.5636,15.0629,0,0
ABS_PE,D,20211213,000000,15.0629,15.1461,15.0629,15.1461,0,0
ABS_PE,D,20211214,000000,15.1461,15.1461,14.5636,14.5636,0,0
ABS_PE,D,20211215,000000,14.5636,15.0629,14.2307,14.2307,0,0
ABS_PE,D,20211216,000000,14.2307,14.4803,14.0642,14.1475,0,0
ABS_PE,D,20211217,000000,14.0642,14.8964,14.0642,14.2307,0,0
ABS_PE,D,20211220,000000,14.2307,14.2307,13.8146,13.8978,0,0
ABS_PE,D,20211221,000000,14.0642,14.0642,13.8978,14.0642,0,0
ABS_PE,D,20211222,000000,14.0642,14.3971,13.8978,14.0642,0,0
ABS_PE,D,20211223,000000,14.2307,15.0629,14.2307,14.5636,0,0
ABS_PE,D,20211227,000000,14.5636,14.73,13.981,14.73,0,0
ABS_PE,D,20211228,000000,15.0629,15.0629,14.8964,14.9796,0,0
ABS_PE,D,20211229,000000,14.8964,14.8964,14.3971,14.73,0,0
ABS_PE,D,20211230,000000,14.8964,14.8964,14.73,14.8964,0,0
ABS_PE,D,20220103,000000,14.8964,15.0629,14.8964,14.8964,0,0
ABS_PE,D,20220104,000000,15.0629,15.0629,14.73,14.9796,0,0
ABS_PE,D,20220105,000000,14.9796,14.9796,14.73,14.9796,0,0
ABS_PE,D,20220107,000000,14.9796,14.9796,14.73,14.9796,0,0
ABS_PE,D,20220110,000000,14.9796,14.9796,14.6468,14.8132,0,0
ABS_PE,D,20220111,000000,14.8964,14.8964,14.3971,14.8132,0,0
ABS_PE,D,20220112,000000,14.9796,14.9796,14.73,14.8964,0,0
ABS_PE,D,20220113,000000,15.0629,15.0629,14.6468,14.6468,0,0
ABS_PE,D,20220114,000000,14.6468,15.0629,14.6468,14.6468,0,0
ABS_PE,D,20220117,000000,14.6468,14.73,14.6468,14.73,0,0
ABS_PE,D,20220118,000000,14.6468,14.73,14.5636,14.5636,0,0
ABS_PE,D,20220119,000000,14.73,14.73,14.3971,14.73,0,0
ABS_PE,D,20220120,000000,14.4803,14.5636,14.2307,14.2307,0,0
ABS_PE,D,20220121,000000,14.0642,14.2307,13.8146,13.981,0,0
ABS_PE,D,20220124,000000,13.981,13.981,13.4817,13.4817,0,0
ABS_PE,D,20220125,000000,13.3985,13.981,13.3985,13.981,0,0
ABS_PE,D,20220126,000000,13.7314,13.981,13.7314,13.8146,0,0
ABS_PE,D,20220127,000000,13.981,13.981,13.8146,13.8978,0,0
ABS_PE,D,20220128,000000,13.7314,13.981,13.7314,13.981,0,0
ABS_PE,D,20220131,000000,13.7314,13.981,13.7314,13.981,0,0
ABS_PE,D,20220201,000000,13.981,13.981,13.981,13.981,0,0
ABS_PE,D,20220202,000000,14.0642,14.0642,13.8146,13.8146,0,0
ABS_PE,D,20220203,000000,14.0642,14.0642,13.8146,13.8978,0,0
ABS_PE,D,20220204,000000,14.0642,14.3139,13.7314,14.0642,0,0
ABS_PE,D,20220207,000000,14.3139,14.3139,14.0642,14.0642,0,0
ABS_PE,D,20220208,000000,14.1475,14.1475,13.8146,13.981,0,0
ABS_PE,D,20220209,000000,14.0642,14.0642,13.7314,13.7314,0,0
ABS_PE,D,20220210,000000,13.7314,13.8146,13.6482,13.8146,0,0
ABS_PE,D,20220211,000000,13.7314,13.981,13.7314,13.7314,0,0
ABS_PE,D,20220214,000000,13.4817,13.7314,13.1488,13.3985,0,0
ABS_PE,D,20220215,000000,13.4817,13.8978,13.3985,13.8146,0,0
ABS_PE,D,20220216,000000,13.8978,13.8978,13.5649,13.7314,0,0
ABS_PE,D,20220217,000000,13.8978,13.8978,13.5649,13.7314,0,0
ABS_PE,D,20220218,000000,13.8146,13.8146,13.3985,13.5649,0,0
ABS_PE,D,20220221,000000,13.4817,13.5649,13.3985,13.5649,0,0
ABS_PE,D,20220222,000000,13.1488,13.8978,13.1488,13.5649,0,0
ABS_PE,D,20220223,000000,13.7314,13.7314,13.4817,13.4817,0,0
ABS_PE,D,20220224,000000,12.9824,13.981,12.3167,13.4817,0,0
ABS_PE,D,20220225,000000,13.3153,13.7314,13.3153,13.3985,0,0
ABS_PE,D,20220228,000000,13.3985,13.3985,12.5663,12.8992,0,0
ABS_PE,D,20220301,000000,12.5663,12.9824,12.5663,12.6495,0,0
ABS_PE,D,20220302,000000,12.816,13.0656,12.6495,13.0656,0,0
ABS_PE,D,20220303,000000,13.2321,14.1475,13.2321,14.1475,0,0
ABS_PE,D,20220304,000000,14.1475,14.1475,13.4817,13.4817,0,0
ABS_PE,D,20220307,000000,13.6482,13.8978,13.2321,13.8978,0,0
ABS_PE,D,20220308,000000,13.8978,14.1475,13.3985,14.1475,0,0
ABS_PE,D,20220309,000000,14.1475,14.4803,14.0642,14.0642,0,0
ABS_PE,D,20220310,000000,14.3971,14.3971,13.7314,13.981,0,0
ABS_PE,D,20220311,000000,13.981,14.8132,13.981,14.8132,0,0
ABS_PE,D,20220314,000000,14.8132,14.8132,14.4803,14.8132,0,0
ABS_PE,D,20220315,000000,14.8132,14.8132,14.4803,14.6468,0,0
ABS_PE,D,20220316,000000,14.73,14.8132,14.1475,14.4803,0,0
ABS_PE,D,20220317,000000,14.4803,14.73,14.1475,14.73,0,0
ABS_PE,D,20220318,000000,14.73,14.73,14.3139,14.4803,0,0
ABS_PE,D,20220321,000000,14.6468,14.73,14.4803,14.73,0,0
ABS_PE,D,20220322,000000,14.73,14.9796,14.5636,14.9796,0,0
ABS_PE,D,20220323,000000,14.8964,14.9796,14.73,14.9796,0,0
ABS_PE,D,20220324,000000,14.9796,15.0629,14.73,14.9796,0,0
ABS_PE,D,20220325,000000,14.9796,14.9796,14.8132,14.8132,0,0
ABS_PE,D,20220328,000000,14.8132,15.0629,14.8132,15.0629,0,0
ABS_PE,D,20220329,000000,14.9796,14.9796,14.8132,14.8132,0,0
ABS_PE,D,20220330,000000,14.9796,14.9796,14.6468,14.73,0,0
ABS_PE,D,20220331,000000,14.73,14.8964,14.5636,14.8132,0,0
ABS_PE,D,20220401,000000,14.8964,14.8964,14.6468,14.73,0,0
ABS_PE,D,20220404,000000,14.8964,14.8964,14.5636,14.8132,0,0
ABS_PE,D,20220405,000000,14.8132,14.8132,14.6468,14.8132,0,0
ABS_PE,D,20220406,000000,14.8132,14.8132,14.4803,14.73,0,0
ABS_PE,D,20220407,000000,14.73,14.73,14.5636,14.73,0,0
ABS_PE,D,20220408,000000,14.73,14.73,14.5636,14.6468,0,0
ABS_PE,D,20220411,000000,14.5636,14.6468,14.4803,14.4803,0,0
ABS_PE,D,20220412,000000,14.6468,14.6468,14.4803,14.6468,0,0
ABS_PE,D,20220413,000000,14.6468,14.6468,14.2307,14.5636,0,0
ABS_PE,D,20220414,000000,14.5636,14.73,14.5636,14.73,0,0
ABS_PE,D,20220419,000000,14.73,14.73,14.1475,14.4803,0,0
ABS_PE,D,20220420,000000,14.73,14.73,14.2307,14.73,0,0
ABS_PE,D,20220421,000000,14.73,14.73,14.2307,14.3139,0,0
ABS_PE,D,20220422,000000,14.4803,14.73,14.2307,14.73,0,0
ABS_PE,D,20220425,000000,14.0642,14.3971,13.8146,14.3971,0,0
ABS_PE,D,20220426,000000,14.3971,14.3971,13.8978,13.8978,0,0
ABS_PE,D,20220427,000000,14.3139,14.3139,13.8978,14.3139,0,0
ABS_PE,D,20220428,000000,14.1475,14.4803,14.1475,14.4803,0,0
ABS_PE,D,20220429,000000,14.4803,14.4803,13.8978,13.8978,0,0
ABS_PE,D,20220502,000000,13.8978,14.3971,13.8978,14.3971,0,0
ABS_PE,D,20220504,000000,14.3971,14.3971,13.8978,14.2307,0,0
ABS_PE,D,20220505,000000,14.0642,14.3971,13.3153,13.3985,0,0
ABS_PE,D,20220506,000000,13.6482,14.0642,13.4817,13.981,0,0
ABS_PE,D,20220509,000000,13.981,13.981,13.3985,13.8146,0,0
ABS_PE,D,20220510,000000,13.5649,14.1475,13.5649,13.8146,0,0
ABS_PE,D,20220511,000000,13.8146,13.8146,13.5649,13.5649,0,0
ABS_PE,D,20220512,000000,13.8146,13.8146,13.0656,13.4817,0,0
ABS_PE,D,20220513,000000,13.4817,13.5649,13.0656,13.5649,0,0
ABS_PE,D,20220516,000000,13.5649,13.8146,13.3985,13.7314,0,0
ABS_PE,D,20220517,000000,13.8146,13.8146,13.3985,13.7314,0,0
ABS_PE,D,20220518,000000,13.8146,13.8146,13.3985,13.5649,0,0
ABS_PE,D,20220519,000000,13.5649,13.5649,13.3153,13.5649,0,0
ABS_PE,D,20220520,000000,13.5649,13.5649,13.3153,13.5649,0,0
ABS_PE,D,20220523,000000,13.5649,13.5649,13.3985,13.3985,0,0
ABS_PE,D,20220524,000000,13.7314,13.7314,13.3985,13.5649,0,0
ABS_PE,D,20220525,000000,13.7314,13.7314,13.3985,13.6482,0,0
ABS_PE,D,20220526,000000,13.6482,13.6482,13.3153,13.5649,0,0
ABS_PE,D,20220527,000000,13.6482,13.6482,13.3985,13.5649,0,0
ABS_PE,D,20220530,000000,13.7314,13.7314,13.3985,13.5649,0,0
ABS_PE,D,20220531,000000,13.5649,13.7314,13.3985,13.7314,0,0
ABS_PE,D,20220601,000000,13.3985,13.8146,13.3985,13.8146,0,0
ABS_PE,D,20220602,000000,13.8146,14.1475,13.8146,13.981,0,0
ABS_PE,D,20220603,000000,14.1475,14.2307,13.8978,13.8978,0,0
ABS_PE,D,20220606,000000,13.981,14.1475,13.8978,13.981,0,0
ABS_PE,D,20220607,000000,14.1475,14.2307,13.981,14.2307,0,0
ABS_PE,D,20220608,000000,14.0642,14.3139,13.981,14.2307,0,0
ABS_PE,D,20220609,000000,15.3302,15.3302,14.1913,14.1913,0,0
ABS_PE,D,20220610,000000,13.9285,14.1913,13.6657,14.1913,0,0
ABS_PE,D,20220613,000000,14.1913,14.1913,13.4028,13.6657,0,0
ABS_PE,D,20220614,000000,13.9285,13.9285,13.3153,13.8409,0,0
ABS_PE,D,20220615,000000,13.8409,13.8409,13.4028,13.8409,0,0
ABS_PE,D,20220617,000000,14.1913,14.1913,13.4028,13.8409,0,0
ABS_PE,D,20220620,000000,13.8409,14.0161,13.4028,14.0161,0,0
ABS_PE,D,20220621,000000,14.0161,14.0161,13.4028,13.7533,0,0
ABS_PE,D,20220622,000000,13.9285,13.9285,13.6657,13.6657,0,0
ABS_PE,D,20220623,000000,13.6657,13.9285,13.5781,13.9285,0,0
ABS_PE,D,20220624,000000,13.9285,13.9285,13.6657,13.6657,0,0
ABS_PE,D,20220627,000000,13.6657,13.8409,13.6657,13.8409,0,0
ABS_PE,D,20220628,000000,13.9285,13.9285,13.8409,13.8409,0,0
ABS_PE,D,20220629,000000,13.8409,14.454,13.7533,14.454,0,0
ABS_PE,D,20220630,000000,14.454,14.454,14.2788,14.3665,0,0
ABS_PE,D,20220701,000000,14.3665,14.3665,14.0161,14.1913,0,0
ABS_PE,D,20220704,000000,14.1913,14.3665,12.7897,12.7897,0,0
ABS_PE,D,20220705,000000,13.4028,13.4028,13.0524,13.4028,0,0
ABS_PE,D,20220706,000000,13.4028,14.0161,13.2276,13.7533,0,0
ABS_PE,D,20220707,000000,13.9285,14.1037,13.5781,14.1037,0,0
ABS_PE,D,20220708,000000,13.7533,14.1037,13.7533,13.7533,0,0
ABS_PE,D,20220711,000000,13.7533,14.2788,13.6657,14.1913,0,0
ABS_PE,D,20220712,000000,14.2788,14.2788,13.2276,13.2276,0,0
ABS_PE,D,20220713,000000,13.9285,13.9285,13.4905,13.5781,0,0
ABS_PE,D,20220714,000000,13.9285,13.9285,13.5781,13.7533,0,0
ABS_PE,D,20220715,000000,13.7533,13.7533,13.7533,13.7533,0,0
ABS_PE,D,20220718,000000,13.7533,13.7533,13.4028,13.7533,0,0
ABS_PE,D,20220719,000000,13.7533,13.7533,13.7533,13.7533,0,0
ABS_PE,D,20220720,000000,13.7533,13.7533,13.4905,13.6657,0,0
ABS_PE,D,20220721,000000,13.3153,13.6657,13.3153,13.6657,0,0
ABS_PE,D,20220722,000000,13.5781,13.5781,13.4028,13.5781,0,0
ABS_PE,D,20220725,000000,13.5781,13.7533,13.5781,13.5781,0,0
ABS_PE,D,20220726,000000,13.7533,13.7533,13.4028,13.7533,0,0
ABS_PE,D,20220727,000000,13.7533,13.7533,13.4028,13.6657,0,0
ABS_PE,D,20220728,000000,13.3153,13.6657,13.3153,13.4905,0,0
ABS_PE,D,20220729,000000,13.7533,13.9285,13.4905,13.5781,0,0
ABS_PE,D,20220801,000000,13.7533,13.8409,13.5781,13.8409,0,0
ABS_PE,D,20220802,000000,13.9285,13.9285,13.5781,13.7533,0,0
ABS_PE,D,20220803,000000,13.6657,13.9285,13.6657,13.9285,0,0
ABS_PE,D,20220804,000000,14.1037,14.1913,13.7533,14.1037,0,0
ABS_PE,D,20220805,000000,14.1037,14.1037,13.6657,14.0161,0,0
ABS_PE,D,20220808,000000,14.0161,14.1037,13.7533,14.0161,0,0
ABS_PE,D,20220809,000000,14.1037,14.1037,13.7533,13.8409,0,0
ABS_PE,D,20220810,000000,14.1037,14.1037,13.7533,13.7533,0,0
ABS_PE,D,20220811,000000,13.7533,14.0161,13.7533,13.7533,0,0
ABS_PE,D,20220812,000000,13.9285,13.9285,13.6657,13.9285,0,0
ABS_PE,D,20220816,000000,13.9285,13.9285,13.6657,13.8409,0,0
ABS_PE,D,20220817,000000,13.8409,13.8409,13.8409,13.8409,0,0
ABS_PE,D,20220818,000000,13.7533,13.8409,13.5781,13.7533,0,0
ABS_PE,D,20220819,000000,13.8409,13.8409,12.9649,13.3153,0,0
ABS_PE,D,20220822,000000,13.8409,13.8409,13.3153,13.3153,0,0
ABS_PE,D,20220823,000000,13.4028,13.4905,13.0524,13.0524,0,0
ABS_PE,D,20220824,000000,13.0524,13.2276,12.7897,12.9649,0,0
ABS_PE,D,20220825,000000,12.7897,12.9649,12.7897,12.7897,0,0
ABS_PE,D,20220826,000000,13.0524,13.0524,12.7897,13.0524,0,0
ABS_PE,D,20220829,000000,13.0524,13.0524,12.7897,12.8773,0,0
ABS_PE,D,20220830,000000,12.8773,12.8773,12.7021,12.7021,0,0
ABS_PE,D,20220831,000000,12.8773,12.8773,12.7021,12.7021,0,0
ABS_PE,D,20220901,000000,12.7897,12.7897,12.6145,12.7897,0,0
ABS_PE,D,20220902,000000,12.7897,12.8773,12.6145,12.7897,0,0
ABS_PE,D,20220905,000000,12.7897,13.0524,12.7897,12.7897,0,0
ABS_PE,D,20220906,000000,12.7897,13.0524,12.7897,12.9649,0,0
ABS_PE,D,20220907,000000,12.7897,13.2276,12.7897,13.2276,0,0
ABS_PE,D,20220908,000000,13.2276,13.3153,12.8773,13.3153,0,0
ABS_PE,D,20220909,000000,13.3153,13.3153,12.9649,12.9649,0,0
ABS_PE,D,20220912,000000,13.4028,13.4028,12.9649,13.3153,0,0
ABS_PE,D,20220913,000000,13.3153,13.4028,13.0524,13.0524,0,0
ABS_PE,D,20220914,000000,13.4028,13.4028,13.1401,13.3153,0,0
ABS_PE,D,20220915,000000,13.4028,13.4905,12.7021,12.7021,0,0
ABS_PE,D,20220916,000000,13.3153,13.4028,12.0889,12.0889,0,0
ABS_PE,D,20220919,000000,12.2641,12.4393,12.0889,12.0889,0,0
ABS_PE,D,20220920,000000,12.0889,12.1765,12.0012,12.1765,0,0
ABS_PE,D,20220921,000000,12.1765,12.1765,12.0012,12.0012,0,0
ABS_PE,D,20220922,000000,12.0012,12.0889,11.9137,12.0012,0,0
ABS_PE,D,20220923,000000,12.0012,12.0012,11.6508,11.826,0,0
ABS_PE,D,20220926,000000,11.9137,11.9137,11.4757,11.7385,0,0
ABS_PE,D,20220927,000000,11.6508,11.6508,11.3005,11.3005,0,0
ABS_PE,D,20220928,000000,11.3881,11.3881,11.1253,11.3005,0,0
ABS_PE,D,20220929,000000,11.3005,11.3005,11.1253,11.1253,0,0
ABS_PE,D,20220930,000000,11.0376,11.3005,10.8625,11.0376,0,0
ABS_PE,D,20221003,000000,10.8625,10.8625,10.7749,10.8625,0,0
ABS_PE,D,20221004,000000,10.8625,10.9501,10.8625,10.9501,0,0
ABS_PE,D,20221005,000000,10.9501,10.9501,10.512,10.5996,0,0
ABS_PE,D,20221006,000000,10.5996,10.9501,10.5996,10.9501,0,0
ABS_PE,D,20221007,000000,10.9501,10.9501,10.7749,10.7749,0,0
ABS_PE,D,20221010,000000,10.512,11.1253,10.512,10.512,0,0
ABS_PE,D,20221011,000000,10.3368,10.6872,10.3368,10.3368,0,0
ABS_PE,D,20221012,000000,10.512,10.512,10.3368,10.3368,0,0
ABS_PE,D,20221013,000000,10.512,10.512,9.89888,9.89888,0,0
ABS_PE,D,20221014,000000,10.3368,10.3368,9.98643,10.0741,0,0
ABS_PE,D,20221017,000000,10.2493,10.3368,10.1616,10.3368,0,0
ABS_PE,D,20221018,000000,10.3368,10.3368,9.98643,10.1616,0,0
ABS_PE,D,20221019,000000,10.1616,10.4244,9.81124,10.2493,0,0
ABS_PE,D,20221020,000000,10.2493,10.2493,9.98643,10.2493,0,0
ABS_PE,D,20221021,000000,10.512,10.512,10.4244,10.4244,0,0
ABS_PE,D,20221024,000000,10.4244,10.5996,10.2493,10.5996,0,0
ABS_PE,D,20221025,000000,10.5996,10.5996,10.3368,10.5996,0,0
ABS_PE,D,20221026,000000,10.5996,10.5996,10.3368,10.512,0,0
ABS_PE,D,20221027,000000,10.512,10.5996,9.98643,9.98643,0,0
ABS_PE,D,20221028,000000,10.0741,10.0741,9.81124,9.98643,0,0
ABS_PE,D,20221031,000000,9.98643,9.98643,9.81124,9.89888,0,0
ABS_PE,D,20221102,000000,9.89888,9.98643,9.89888,9.98643,0,0
ABS_PE,D,20221103,000000,10.0741,10.5996,9.98643,10.5996,0,0
ABS_PE,D,20221104,000000,10.5996,10.8625,10.3368,10.8625,0,0
ABS_PE,D,20221107,000000,10.9501,11.6508,10.9501,11.6508,0,0
ABS_PE,D,20221108,000000,11.6508,11.826,11.2128,11.5633,0,0
ABS_PE,D,20221109,000000,11.5633,11.5633,11.2128,11.2128,0,0
ABS_PE,D,20221110,000000,11.5633,11.5633,11.1253,11.2128,0,0
ABS_PE,D,20221114,000000,11.4757,11.5633,11.0376,11.0376,0,0
ABS_PE,D,20221115,000000,11.0376,11.5633,10.7749,11.5633,0,0
ABS_PE,D,20221116,000000,10.8625,11.4757,10.8625,11.3881,0,0
ABS_PE,D,20221117,000000,11.3881,11.3881,10.9501,11.3881,0,0
ABS_PE,D,20221118,000000,11.3881,11.3881,11.0376,11.3005,0,0
ABS_PE,D,20221121,000000,11.3005,11.3005,10.9501,11.0376,0,0
ABS_PE,D,20221122,000000,11.2128,11.2128,10.9501,10.9501,0,0
ABS_PE,D,20221123,000000,10.9501,11.3005,10.8625,11.3005,0,0
ABS_PE,D,20221124,000000,11.0376,11.0376,10.512,10.5996,0,0
ABS_PE,D,20221125,000000,10.6872,10.6872,9.98643,9.98643,0,0
ABS_PE,D,20221128,000000,10.0741,10.8625,10.0741,10.5996,0,0
ABS_PE,D,20221129,000000,10.6872,10.6872,10.4244,10.5996,0,0
ABS_PE,D,20221130,000000,10.5996,10.6872,10.512,10.5996,0,0
ABS_PE,D,20221201,000000,10.6872,10.7749,10.5996,10.7749,0,0
ABS_PE,D,20221202,000000,10.7749,10.9501,10.6872,10.9501,0,0
ABS_PE,D,20221205,000000,10.9501,11.1253,10.7749,11.0376,0,0
ABS_PE,D,20221206,000000,11.0376,11.0376,10.8625,10.8625,0,0
ABS_PE,D,20221207,000000,10.9501,11.0376,10.7749,10.8625,0,0
ABS_PE,D,20221208,000000,10.9501,11.3005,10.8625,11.2128,0,0
ABS_PE,D,20221209,000000,11.3005,11.3005,11.0376,11.2128,0,0
ABS_PE,D,20221212,000000,11.2128,11.3881,11.0376,11.2128,0,0
ABS_PE,D,20221213,000000,11.2128,11.2128,11.2128,11.2128,0,0
ABS_PE,D,20221214,000000,11.3881,11.3881,11.2128,11.2128,0,0
ABS_PE,D,20221215,000000,11.2128,11.2128,11.1253,11.2128,0,0
ABS_PE,D,20221216,000000,11.2128,11.4757,11.0376,11.3005,0,0
ABS_PE,D,20221219,000000,11.4757,11.4757,11.2128,11.3005,0,0
ABS_PE,D,20221220,000000,11.3005,11.3005,10.9501,11.0376,0,0
ABS_PE,D,20221221,000000,11.0376,11.1253,10.8625,10.9501,0,0
ABS_PE,D,20221222,000000,11.1253,11.1253,10.6872,10.9501,0,0
ABS_PE,D,20221223,000000,11.0376,11.0376,10.9501,11.0376,0,0
ABS_PE,D,20221227,000000,11.2128,11.5633,11.0376,11.0376,0,0
ABS_PE,D,20221228,000000,10.8625,11.4757,10.8625,11.4757,0,0
ABS_PE,D,20221229,000000,11.4757,11.4757,11.2128,11.4757,0,0
ABS_PE,D,20221230,000000,11.4757,11.4757,11.1253,11.4757,0,0
ABS_PE,D,20230102,000000,11.5633,11.7385,11.4757,11.7385,0,0
ABS_PE,D,20230103,000000,11.7385,11.9137,11.7385,11.7385,0,0
ABS_PE,D,20230104,000000,12.0012,12.0012,11.6508,11.826,0,0
ABS_PE,D,20230105,000000,12.0012,12.0889,11.826,12.0889,0,0
ABS_PE,D,20230109,000000,12.1765,12.6145,12.1765,12.1765,0,0
ABS_PE,D,20230110,000000,12.4393,12.5269,12.2641,12.5269,0,0
ABS_PE,D,20230111,000000,12.5269,12.5269,12.2641,12.5269,0,0
ABS_PE,D,20230112,000000,12.6145,12.7021,12.5269,12.6145,0,0
ABS_PE,D,20230113,000000,12.6145,12.6145,12.2641,12.4393,0,0
ABS_PE,D,20230116,000000,12.5269,12.7021,12.2641,12.2641,0,0
ABS_PE,D,20230117,000000,12.2641,12.3517,11.9137,12.0012,0,0
ABS_PE,D,20230118,000000,12.0012,12.1765,11.6508,11.7385,0,0
ABS_PE,D,20230119,000000,11.7385,11.9137,11.3881,11.6508,0,0
ABS_PE,D,20230120,000000,11.6508,11.6508,11.5633,11.5633,0,0
ABS_PE,D,20230123,000000,12.4393,12.4393,11.9137,12.0012,0,0
ABS_PE,D,20230124,000000,12.0012,12.3517,11.9137,12.1765,0,0
ABS_PE,D,20230125,000000,12.1765,12.1765,11.7385,12.1765,0,0
ABS_PE,D,20230126,000000,12.4393,12.4393,12.1765,12.3517,0,0
ABS_PE,D,20230127,000000,12.3517,12.5269,12.1765,12.5269,0,0
ABS_PE,D,20230130,000000,12.5269,12.5269,12.3517,12.4393,0,0
ABS_PE,D,20230131,000000,12.4393,12.4393,12.0889,12.3517,0,0
ABS_PE,D,20230201,000000,12.3517,12.3517,12.0012,12.2641,0,0
ABS_PE,D,20230202,000000,12.2641,12.4393,12.2641,12.3517,0,0
ABS_PE,D,20230203,000000,12.4393,12.5269,12.3517,12.5269,0,0
ABS_PE,D,20230206,000000,12.5269,13.4028,12.0889,12.8773,0,0
ABS_PE,D,20230207,000000,12.8773,12.8773,12.1765,12.3517,0,0
ABS_PE,D,20230208,000000,12.5269,13.2276,12.3517,12.6145,0,0
ABS_PE,D,20230209,000000,12.7021,13.4028,12.7021,13.4028,0,0
ABS_PE,D,20230210,000000,13.4905,13.6657,12.7897,13.1401,0,0
ABS_PE,D,20230213,000000,13.1401,13.6657,12.9649,13.4028,0,0
ABS_PE,D,20230214,000000,13.4028,13.4028,13.0524,13.1401,0,0
ABS_PE,D,20230215,000000,13.4028,13.4028,12.9649,12.9649,0,0
ABS_PE,D,20230216,000000,13.0524,13.0524,12.6145,12.7021,0,0
ABS_PE,D,20230217,000000,12.6145,12.6145,12.3517,12.5269,0,0
ABS_PE,D,20230220,000000,12.5269,12.6145,12.3517,12.6145,0,0
ABS_PE,D,20230221,000000,12.6145,12.7897,12.4393,12.6145,0,0
ABS_PE,D,20230222,000000,12.7021,12.7021,12.2641,12.3517,0,0
ABS_PE,D,20230223,000000,12.7021,12.7021,12.1765,12.5269,0,0
ABS_PE,D,20230224,000000,12.5269,12.7021,12.1765,12.1765,0,0
ABS_PE,D,20230227,000000,12.2641,12.3517,12.1765,12.3517,0,0
ABS_PE,D,20230228,000000,12.3517,12.9649,12.3517,12.9649,0,0
ABS_PE,D,20230301,000000,12.9649,13.1401,12.8773,13.0524,0,0
ABS_PE,D,20230302,000000,13.0524,13.2276,12.7897,13.1401,0,0
ABS_PE,D,20230303,000000,13.2276,13.4905,13.1401,13.4028,0,0
ABS_PE,D,20230306,000000,13.4028,13.4028,13.3153,13.4028,0,0
ABS_PE,D,20230307,000000,13.4028,13.5781,13.3153,13.5781,0,0
ABS_PE,D,20230308,000000,13.6657,13.7533,13.4028,13.7533,0,0
ABS_PE,D,20230309,000000,13.7533,13.7533,13.4028,13.4028,0,0
ABS_PE,D,20230310,000000,13.4028,13.4028,12.8773,13.0524,0,0
ABS_PE,D,20230313,000000,13.0524,13.3153,12.7021,13.2276,0,0
ABS_PE,D,20230314,000000,13.3153,13.5781,12.9649,13.5781,0,0
ABS_PE,D,20230315,000000,13.5781,13.5781,13.1401,13.4905,0,0
ABS_PE,D,20230316,000000,13.4905,13.5781,13.2276,13.4028,0,0
ABS_PE,D,20230317,000000,13.5781,13.5781,13.3153,13.3153,0,0
ABS_PE,D,20230320,000000,13.3153,13.4028,12.9649,13.4028,0,0
ABS_PE,D,20230321,000000,13.4905,13.4905,13.0524,13.1401,0,0
ABS_PE,D,20230322,000000,13.1401,13.2276,12.9649,13.0524,0,0
ABS_PE,D,20230323,000000,13.2276,13.4905,13.0524,13.4028,0,0
ABS_PE,D,20230324,000000,13.4905,13.5781,13.4028,13.4905,0,0
ABS_PE,D,20230327,000000,13.6657,13.6657,13.2276,13.5781,0,0
ABS_PE,D,20230328,000000,13.5781,13.5781,13.1401,13.2276,0,0
ABS_PE,D,20230329,000000,13.4028,14.1913,13.4028,13.9285,0,0
ABS_PE,D,20230330,000000,13.9285,13.9285,13.4028,13.4028,0,0
ABS_PE,D,20230331,000000,13.4028,13.6657,12.9649,13.0524,0,0
ABS_PE,D,20230403,000000,13.0524,13.6657,12.8773,13.6657,0,0
ABS_PE,D,20230404,000000,13.5781,13.6657,13.1401,13.1401,0,0
ABS_PE,D,20230405,000000,13.1401,13.1401,13.0524,13.1401,0,0
ABS_PE,D,20230406,000000,13.1401,13.1401,13.0524,13.1401,0,0
ABS_PE,D,20230411,000000,13.1401,13.1401,12.7021,12.8773,0,0
ABS_PE,D,20230412,000000,12.8773,12.9649,12.5269,12.6145,0,0
ABS_PE,D,20230413,000000,12.6145,12.7897,12.6145,12.7897,0,0
ABS_PE,D,20230414,000000,12.8773,13.0524,12.7897,12.9649,0,0
ABS_PE,D,20230417,000000,13.0524,13.4905,12.7897,13.3153,0,0
ABS_PE,D,20230418,000000,13.3153,13.4905,13.1401,13.4905,0,0
ABS_PE,D,20230419,000000,13.4905,13.8409,13.4028,13.7533,0,0
ABS_PE,D,20230420,000000,13.8409,13.9285,13.7533,13.7533,0,0
ABS_PE,D,20230421,000000,13.9285,13.9285,13.7533,13.8409,0,0
ABS_PE,D,20230424,000000,13.8409,13.8409,13.7533,13.7533,0,0
ABS_PE,D,20230425,000000,13.7533,13.7533,13.4905,13.6657,0,0
ABS_PE,D,20230426,000000,13.6657,13.6657,13.2276,13.4028,0,0
ABS_PE,D,20230427,000000,13.7533,13.7533,13.1401,13.3153,0,0
ABS_PE,D,20230428,000000,13.0524,13.3153,12.7897,12.7897,0,0
ABS_PE,D,20230502,000000,12.8773,12.9649,12.7897,12.7897,0,0
ABS_PE,D,20230504,000000,12.7897,12.7897,12.7021,12.7021,0,0
ABS_PE,D,20230505,000000,12.7021,12.8773,12.4393,12.8773,0,0
ABS_PE,D,20230508,000000,12.8773,13.0524,12.7021,12.8773,0,0
ABS_PE,D,20230509,000000,13.0524,13.0524,12.8773,13.0524,0,0
ABS_PE,D,20230510,000000,13.0524,13.3153,12.9649,13.2276,0,0
ABS_PE,D,20230511,000000,13.2276,13.2276,13.0524,13.1401,0,0
ABS_PE,D,20230512,000000,13.1401,13.1401,13.0524,13.1401,0,0
ABS_PE,D,20230515,000000,13.1401,13.2276,13.1401,13.1401,0,0
ABS_PE,D,20230516,000000,13.1401,13.2276,13.1401,13.2276,0,0
ABS_PE,D,20230517,000000,13.2276,13.2276,13.1401,13.1401,0,0
ABS_PE,D,20230518,000000,13.2276,13.3153,13.1401,13.1401,0,0
ABS_PE,D,20230519,000000,13.1401,13.4028,13.1401,13.3153,0,0
ABS_PE,D,20230522,000000,13.3153,13.3153,13.1401,13.3153,0,0
ABS_PE,D,20230523,000000,13.4905,13.4905,13.2276,13.3153,0,0
ABS_PE,D,20230524,000000,13.3153,13.4905,13.1401,13.4028,0,0
ABS_PE,D,20230525,000000,13.1401,13.5781,13.1401,13.5781,0,0
ABS_PE,D,20230526,000000,13.5781,13.5781,13.3153,13.4905,0,0
ABS_PE,D,20230529,000000,13.4905,13.6657,13.4905,13.5781,0,0
ABS_PE,D,20230530,000000,13.7533,13.8409,13.6657,13.6657,0,0
ABS_PE,D,20230531,000000,13.8409,13.8409,13.6657,13.6657,0,0
ABS_PE,D,20230601,000000,13.6657,13.8409,13.4905,13.8409,0,0
ABS_PE,D,20230602,000000,13.8409,14.2788,13.8409,14.2788,0,0
ABS_PE,D,20230605,000000,14.2788,14.454,13.9285,14.2788,0,0
ABS_PE,D,20230606,000000,14.2788,14.454,14.2788,14.2788,0,0
ABS_PE,D,20230607,000000,14.5305,14.5305,14.2529,14.3454,0,0
ABS_PE,D,20230609,000000,14.3454,14.5305,14.3454,14.3454,0,0
ABS_PE,D,20230612,000000,15.1783,15.2709,14.3454,14.3454,0,0
ABS_PE,D,20230613,000000,14.4379,14.4379,14.2529,14.3454,0,0
ABS_PE,D,20230614,000000,14.3454,14.623,14.3454,14.3454,0,0
ABS_PE,D,20230615,000000,14.5305,14.5305,14.3454,14.4379,0,0
ABS_PE,D,20230616,000000,14.623,14.623,14.0678,14.0678,0,0
ABS_PE,D,20230619,000000,14.0678,14.4379,13.6975,13.9752,0,0
ABS_PE,D,20230620,000000,13.9752,14.3454,13.7901,13.7901,0,0
ABS_PE,D,20230621,000000,14.0678,14.2529,13.6975,14.2529,0,0
ABS_PE,D,20230622,000000,14.0678,14.0678,13.7901,13.9752,0,0
ABS_PE,D,20230623,000000,14.0678,14.2529,13.9752,14.2529,0,0
ABS_PE,D,20230626,000000,13.7901,14.2529,13.7901,13.9752,0,0
ABS_PE,D,20230627,000000,13.9752,13.9752,13.605,13.6975,0,0
ABS_PE,D,20230628,000000,13.9752,13.9752,13.6975,13.6975,0,0
ABS_PE,D,20230629,000000,13.6975,13.6975,13.4199,13.4199,0,0
ABS_PE,D,20230630,000000,13.6975,13.8826,13.2348,13.8826,0,0
ABS_PE,D,20230703,000000,13.8826,14.0678,13.5125,13.5125,0,0
ABS_PE,D,20230704,000000,13.9752,13.9752,13.3273,13.605,0,0
ABS_PE,D,20230705,000000,13.605,13.6975,13.5125,13.6975,0,0
ABS_PE,D,20230706,000000,13.6975,13.6975,13.5125,13.605,0,0
ABS_PE,D,20230707,000000,13.605,14.0678,13.5125,14.0678,0,0
ABS_PE,D,20230710,000000,14.0678,14.0678,13.7901,14.0678,0,0
ABS_PE,D,20230711,000000,14.0678,14.1603,13.8826,14.1603,0,0
ABS_PE,D,20230712,000000,14.0678,14.1603,14.0678,14.0678,0,0
ABS_PE,D,20230713,000000,14.1603,14.2529,14.0678,14.1603,0,0
ABS_PE,D,20230714,000000,14.1603,14.4379,14.0678,14.3454,0,0
ABS_PE,D,20230717,000000,14.0678,14.3454,14.0678,14.3454,0,0
ABS_PE,D,20230718,000000,14.3454,14.3454,14.1603,14.2529,0,0
ABS_PE,D,20230719,000000,14.0678,14.4379,14.0678,14.2529,0,0
ABS_PE,D,20230720,000000,14.3454,14.3454,14.0678,14.3454,0,0
ABS_PE,D,20230721,000000,14.3454,14.3454,14.0678,14.1603,0,0
ABS_PE,D,20230724,000000,14.2529,14.2529,14.1603,14.2529,0,0
ABS_PE,D,20230725,000000,14.2529,14.2529,13.9752,14.1603,0,0
ABS_PE,D,20230726,000000,14.1603,14.1603,14.0678,14.1603,0,0
ABS_PE,D,20230727,000000,14.0678,14.2529,13.9752,14.1603,0,0
ABS_PE,D,20230728,000000,13.8826,14.2529,13.8826,14.2529,0,0
ABS_PE,D,20230731,000000,14.2529,14.4379,14.0678,14.3454,0,0
ABS_PE,D,20230801,000000,14.2529,14.3454,14.2529,14.2529,0,0
ABS_PE,D,20230802,000000,14.2529,14.3454,14.2529,14.2529,0,0
ABS_PE,D,20230803,000000,14.2529,14.2529,14.0678,14.0678,0,0
ABS_PE,D,20230804,000000,14.3454,14.3454,13.6975,13.6975,0,0
ABS_PE,D,20230807,000000,13.8003,13.8003,13.5264,13.6975,0,0
ABS_PE,D,20230808,000000,13.6291,13.8003,13.5948,13.6975,0,0
ABS_PE,D,20230809,000000,13.6975,13.8003,13.6975,13.6975,0,0
ABS_PE,D,20230810,000000,13.6975,13.6975,13.5605,13.6975,0,0
ABS_PE,D,20230811,000000,13.5948,13.7318,13.5948,13.6975,0,0
ABS_PE,D,20230814,000000,13.6975,13.9715,13.3551,13.8826,0,0
ABS_PE,D,20230816,000000,13.3699,13.8826,13.3356,13.6975,0,0
ABS_PE,D,20230817,000000,13.6633,13.6633,13.4236,13.5125,0,0
ABS_PE,D,20230818,000000,13.5125,13.9567,13.2384,13.605,0,0
ABS_PE,D,20230821,000000,13.7077,13.7077,13.3653,13.6975,0,0
ABS_PE,D,20230822,000000,13.3893,13.766,13.3893,13.4199,0,0
ABS_PE,D,20230823,000000,13.4199,13.8308,13.4199,13.7901,0,0
ABS_PE,D,20230824,000000,13.9956,13.9956,13.2348,13.2348,0,0
ABS_PE,D,20230825,000000,13.2348,13.605,13.2348,13.605,0,0
ABS_PE,D,20230828,000000,13.605,13.7077,13.1922,13.3273,0,0
ABS_PE,D,20230829,000000,13.6013,13.6013,13.3273,13.3273,0,0
ABS_PE,D,20230830,000000,13.6013,13.6346,13.3273,13.605,0,0
ABS_PE,D,20230831,000000,13.742,13.9141,13.7077,13.8826,0,0
ABS_PE,D,20230901,000000,13.8826,13.8826,13.3681,13.8826,0,0
ABS_PE,D,20230904,000000,13.6087,13.9853,13.6087,13.9752,0,0
ABS_PE,D,20230905,000000,14.0095,14.2149,13.9752,14.0678,0,0
ABS_PE,D,20230906,000000,13.9651,14.3417,13.9651,14.2529,0,0
ABS_PE,D,20230907,000000,14.3213,14.6305,14.0807,14.3454,0,0
ABS_PE,D,20230908,000000,14.3454,14.3454,13.9696,14.2529,0,0
ABS_PE,D,20230911,000000,13.9798,14.2529,13.9798,14.2529,0,0
ABS_PE,D,20230912,000000,14.3213,14.3213,14.1501,14.1603,0,0
ABS_PE,D,20230913,000000,14.3657,14.3657,14.0234,14.0678,0,0
ABS_PE,D,20230914,000000,14.4111,14.4111,14.0678,14.1603,0,0
ABS_PE,D,20230915,000000,14.1603,14.1603,13.9752,13.9752,0,0
ABS_PE,D,20230918,000000,13.9752,14.1807,13.9409,14.0678,0,0
ABS_PE,D,20230919,000000,14.0678,14.239,14.0678,14.0678,0,0
ABS_PE,D,20230920,000000,14.0678,14.1705,14.0678,14.1603,0,0
ABS_PE,D,20230921,000000,14.1603,14.3667,13.7836,14.0678,0,0
ABS_PE,D,20230922,000000,14.3759,14.3759,14.0678,14.2529,0,0
ABS_PE,D,20230925,000000,14.3898,14.3898,14.0807,14.3454,0,0
ABS_PE,D,20230926,000000,14.3454,14.3454,14.0678,14.0678,0,0
ABS_PE,D,20230927,000000,14.102,14.3759,14.0335,14.2529,0,0
ABS_PE,D,20230928,000000,14.3213,14.3213,14.0678,14.0678,0,0
ABS_PE,D,20230929,000000,14.0678,14.2047,14.0678,14.0678,0,0
ABS_PE,D,20231002,000000,14.1362,14.1362,14.0678,14.0678,0,0
ABS_PE,D,20231003,000000,14.1362,14.2047,14.0678,14.0678,0,0
ABS_PE,D,20231004,000000,14.1705,14.1705,13.8271,13.9752,0,0
ABS_PE,D,20231005,000000,13.7707,13.9752,13.7707,13.8826,0,0
ABS_PE,D,20231006,000000,14.0196,14.0196,13.8826,13.9752,0,0
ABS_PE,D,20231009,000000,13.9752,13.9752,13.7707,13.8826,0,0
ABS_PE,D,20231010,000000,13.8826,14.4324,13.8826,14.3454,0,0
ABS_PE,D,20231011,000000,14.3454,14.4814,14.3112,14.3454,0,0
ABS_PE,D,20231012,000000,14.4139,14.4139,14.1742,14.3454,0,0
ABS_PE,D,20231013,000000,14.3454,14.5305,14.3454,14.5305,0,0
ABS_PE,D,20231016,000000,14.5305,14.599,14.4268,14.5305,0,0
ABS_PE,D,20231017,000000,14.5647,14.9007,14.3935,14.9007,0,0
ABS_PE,D,20231018,000000,15.1061,15.1061,14.5573,14.9007,0,0
ABS_PE,D,20231019,000000,14.4889,14.8322,14.4889,14.7156,0,0
ABS_PE,D,20231020,000000,14.784,14.784,14.5444,14.623,0,0
ABS_PE,D,20231023,000000,14.6916,14.76,14.4379,14.4379,0,0
ABS_PE,D,20231024,000000,14.7119,14.9932,14.5407,14.9932,0,0
ABS_PE,D,20231025,000000,15.0275,15.0617,14.959,14.9932,0,0
ABS_PE,D,20231026,000000,15.096,15.096,14.7878,14.8082,0,0
ABS_PE,D,20231027,000000,15.0488,15.0488,14.1603,14.1603,0,0
ABS_PE,D,20231030,000000,14.3232,14.5305,14.1927,14.5305,0,0
ABS_PE,D,20231031,000000,14.5638,14.6286,14.4,14.4379,0,0
ABS_PE,D,20231102,000000,14.4379,14.6999,14.4056,14.623,0,0
ABS_PE,D,20231103,000000,14.623,14.7211,14.5906,14.623,0,0
ABS_PE,D,20231106,000000,14.623,14.6555,14.4925,14.623,0,0
ABS_PE,D,20231107,000000,14.5906,14.6555,14.4268,14.623,0,0
ABS_PE,D,20231108,000000,14.623,14.6563,14.4601,14.5305,0,0
ABS_PE,D,20231109,000000,14.5638,14.76,14.5305,14.7156,0,0
ABS_PE,D,20231110,000000,14.6174,14.6832,14.3565,14.5305,0,0
ABS_PE,D,20231113,000000,14.661,14.9932,14.5629,14.9932,0,0
ABS_PE,D,20231114,000000,14.9932,15.6448,14.8627,15.5486,0,0
ABS_PE,D,20231115,000000,15.3847,15.7124,15.0571,15.6411,0,0
ABS_PE,D,20231116,000000,15.4782,15.6411,15.2181,15.3635,0,0
ABS_PE,D,20231117,000000,15.3635,15.3635,15.0692,15.0858,0,0
ABS_PE,D,20231120,000000,15.1506,15.2811,15.0858,15.1783,0,0
ABS_PE,D,20231121,000000,15.3746,16.0289,15.3746,15.7336,0,0
ABS_PE,D,20231122,000000,15.7336,16.1251,15.7336,16.0113,0,0
ABS_PE,D,20231123,000000,15.9132,16.0113,15.8262,15.8262,0,0
ABS_PE,D,20231124,000000,15.8262,15.9243,15.4357,15.9188,0,0
ABS_PE,D,20231127,000000,15.9188,15.9188,15.7558,15.8262,0,0
ABS_PE,D,20231128,000000,15.2376,16.1205,15.2052,16.1039,0,0
ABS_PE,D,20231129,000000,16.1039,16.1964,16.0714,16.1964,0,0
ABS_PE,D,20231130,000000,16.2288,16.3602,16.163,16.1964,0,0
ABS_PE,D,20231201,000000,16.1964,16.2889,16.0011,16.2889,0,0
ABS_PE,D,20231204,000000,16.2889,16.2889,16.1908,16.2889,0,0
ABS_PE,D,20231205,000000,16.3213,16.3213,16.2241,16.2889,0,0
ABS_PE,D,20231206,000000,16.3213,16.3213,16.1908,16.1964,0,0
ABS_PE,D,20231207,000000,16.2945,16.2945,16.2612,16.2889,0,0
ABS_PE,D,20231208,000000,16.1585,16.3538,16.1585,16.2889,0,0
ABS_PE,D,20231211,000000,16.2889,16.2889,15.9632,16.2889,0,0
ABS_PE,D,20231212,000000,16.2241,16.5499,16.2241,16.2889,0,0
ABS_PE,D,20231213,000000,16.6148,16.6148,16.2889,16.5666,0,0
ABS_PE,D,20231214,000000,15.9123,16.3047,15.879,16.1964,0,0
ABS_PE,D,20231215,000000,16.2945,16.3269,16.1307,16.1964,0,0
ABS_PE,D,20231218,000000,16.2945,16.2945,16.0335,16.1964,0,0
ABS_PE,D,20231219,000000,16.164,16.1964,16.0335,16.1964,0,0
ABS_PE,D,20231220,000000,16.1964,16.3269,16.0002,16.2889,0,0
ABS_PE,D,20231221,000000,16.3213,16.3213,16.2241,16.2889,0,0
ABS_PE,D,20231222,000000,16.2889,16.2889,16.0613,16.1039,0,0
ABS_PE,D,20231227,000000,16.3324,16.5287,16.1362,16.2889,0,0
ABS_PE,D,20231228,000000,16.4528,16.4528,16.0603,16.1039,0,0
ABS_PE,D,20231229,000000,16.3657,16.562,15.6411,15.6411,0,0
ABS_PE,D,20240102,000000,16.2927,16.3584,15.9021,16.1964,0,0
ABS_PE,D,20240103,000000,16.1964,16.474,16.0659,16.474,0,0
ABS_PE,D,20240104,000000,16.474,16.474,16.2778,16.2889,0,0
ABS_PE,D,20240105,000000,16.3546,16.5666,16.1261,16.5666,0,0
ABS_PE,D,20240108,000000,16.5666,16.5666,16.4361,16.5666,0,0
ABS_PE,D,20240109,000000,16.6981,16.8942,16.6592,16.6592,0,0
ABS_PE,D,20240110,000000,16.6592,16.7517,16.5287,16.7517,0,0
ABS_PE,D,20240111,000000,16.8175,17.2756,16.8175,17.2145,0,0
ABS_PE,D,20240112,000000,17.2792,17.345,17.2145,17.307,0,0
ABS_PE,D,20240115,000000,17.307,17.307,16.8498,17.2145,0,0
ABS_PE,D,20240116,000000,17.2792,17.6069,17.2792,17.4922,0,0
ABS_PE,D,20240117,000000,17.4922,17.4922,17.2145,17.2145,0,0
ABS_PE,D,20240118,000000,17.2145,17.5402,17.1497,17.4922,0,0
ABS_PE,D,20240119,000000,17.4922,17.5847,17.4264,17.5847,0,0
ABS_PE,D,20240122,000000,17.5847,17.6495,17.258,17.5847,0,0
ABS_PE,D,20240123,000000,17.519,17.5847,17.1265,17.5847,0,0
ABS_PE,D,20240124,000000,17.6495,17.6495,17.5847,17.5847,0,0
ABS_PE,D,20240125,000000,17.5847,17.5847,17.258,17.4922,0,0
ABS_PE,D,20240126,000000,17.6226,17.6226,17.4264,17.4922,0,0
ABS_PE,D,20240129,000000,17.4922,17.4922,17.2312,17.4922,0,0
ABS_PE,D,20240130,000000,17.5569,17.6772,17.1654,17.6772,0,0
ABS_PE,D,20240131,000000,17.6772,17.6772,17.3496,17.3996,0,0
ABS_PE,D,20240201,000000,17.2043,17.3996,17.2043,17.3996,0,0
ABS_PE,D,20240202,000000,17.2691,17.3996,17.2691,17.3996,0,0
ABS_PE,D,20240205,000000,17.3996,17.3996,17.2691,17.307,0,0
ABS_PE,D,20240206,000000,17.307,17.307,16.9803,17.1219,0,0
ABS_PE,D,20240207,000000,17.2524,17.6448,17.1219,17.2145,0,0
ABS_PE,D,20240208,000000,17.606,17.7364,17.2802,17.6772,0,0
ABS_PE,D,20240209,000000,17.8734,18.0049,17.8734,17.9549,0,0
ABS_PE,D,20240212,000000,18.0196,18.1501,17.4319,17.4922,0,0
ABS_PE,D,20240213,000000,17.4922,17.9493,16.9044,17.6772,0,0
ABS_PE,D,20240214,000000,17.7429,17.7429,17.2191,17.307,0,0
ABS_PE,D,20240215,000000,17.2423,17.307,16.164,16.6592,0,0
ABS_PE,D,20240216,000000,16.7249,17.2478,16.7249,17.1219,0,0
ABS_PE,D,20240219,000000,17.2524,18.0372,17.1219,17.8623,0,0
ABS_PE,D,20240220,000000,17.8623,17.8623,17.1451,17.6772,0,0
ABS_PE,D,20240221,000000,17.6772,17.6772,16.8294,17.1219,0,0
ABS_PE,D,20240222,000000,17.1876,17.5847,16.8609,17.5847,0,0
ABS_PE,D,20240223,000000,17.5847,17.8457,17.1923,17.7697,0,0
ABS_PE,D,20240226,000000,17.9002,17.9002,17.443,17.6772,0,0
ABS_PE,D,20240227,000000,17.2848,17.8086,17.2848,17.307,0,0
ABS_PE,D,20240228,000000,17.307,17.83,17.1108,17.1219,0,0
ABS_PE,D,20240229,000000,17.1219,17.9067,17.1219,17.7697,0,0
ABS_PE,D,20240301,000000,17.7697,17.9002,17.443,17.8623,0,0
ABS_PE,D,20240304,000000,17.8623,18.1881,17.7318,18.1881,0,0
ABS_PE,D,20240305,000000,18.3186,18.6444,18.2529,18.5102,0,0
ABS_PE,D,20240306,000000,18.6407,18.6407,18.1187,18.4176,0,0
ABS_PE,D,20240307,000000,18.3528,18.4824,17.7022,18.0474,0,0
ABS_PE,D,20240308,000000,18.0474,18.2427,17.8522,18.2326,0,0
ABS_PE,D,20240311,000000,18.2326,18.6231,18.2326,18.5102,0,0
ABS_PE,D,20240312,000000,18.5102,18.6398,17.7957,18.2326,0,0
ABS_PE,D,20240313,000000,18.7536,18.8841,18.1677,18.2326,0,0
ABS_PE,D,20240314,000000,18.2326,18.2326,17.9067,18.2326,0,0
ABS_PE,D,20240315,000000,18.2326,18.2326,17.4514,18.2326,0,0
ABS_PE,D,20240318,000000,18.2326,18.2326,17.5819,17.6772,0,0
ABS_PE,D,20240319,000000,18.0021,18.0021,17.5467,17.6772,0,0
ABS_PE,D,20240320,000000,17.6772,17.8725,17.5467,17.5847,0,0
ABS_PE,D,20240321,000000,17.5847,17.5847,17.3894,17.5847,0,0
ABS_PE,D,20240322,000000,17.5847,17.5847,17.2589,17.4922,0,0
ABS_PE,D,20240325,000000,17.4922,17.4922,16.7119,16.9369,0,0
ABS_PE,D,20240326,000000,16.9369,16.9369,16.8064,16.8443,0,0
ABS_PE,D,20240327,000000,16.9091,16.9091,16.7786,16.8443,0,0
ABS_PE,D,20240328,000000,16.8443,17.494,16.8443,17.3996,0,0
ABS_PE,D,20240402,000000,17.5291,18.325,17.4644,18.325,0,0
ABS_PE,D,20240403,000000,18.325,18.7879,18.325,18.7879,0,0
ABS_PE,D,20240404,000000,18.7879,18.9729,18.7879,18.9729,0,0
ABS_PE,D,20240405,000000,19.0386,19.1034,18.6471,18.7879,0,0
ABS_PE,D,20240408,000000,18.8526,19.568,18.7879,19.5283,0,0
ABS_PE,D,20240409,000000,19.5283,19.854,19.1377,19.5283,0,0
ABS_PE,D,20240410,000000,19.5283,20.8305,19.5283,20.1761,0,0
ABS_PE,D,20240411,000000,20.0465,20.1761,19.5902,20.0836,0,0
ABS_PE,D,20240412,000000,20.1493,20.2141,20.0836,20.1761,0,0
ABS_PE,D,20240415,000000,20.1761,20.6972,20.1761,20.3612,0,0
ABS_PE,D,20240416,000000,20.3612,20.3612,19.5801,20.1761,0,0
ABS_PE,D,20240417,000000,19.4607,19.916,19.1997,19.8984,0,0
ABS_PE,D,20240418,000000,19.8984,19.8984,19.246,19.2506,0,0
ABS_PE,D,20240419,000000,19.706,19.706,19.0553,19.158,0,0
ABS_PE,D,20240422,000000,19.0285,19.158,18.7684,18.8804,0,0
ABS_PE,D,20240423,000000,18.9461,19.5319,18.8804,19.5283,0,0
ABS_PE,D,20240424,000000,19.7883,20.2687,19.5283,20.2687,0,0
ABS_PE,D,20240425,000000,20.203,20.203,19.7476,20.1761,0,0
ABS_PE,D,20240426,000000,20.0465,20.0465,18.8804,18.8804,0,0
ABS_PE,D,20240429,000000,18.9424,19.3801,18.9424,19.0655,0,0
ABS_PE,D,20240430,000000,19.4403,19.4403,19.0025,19.4357,0,0
ABS_PE,D,20240502,000000,19.4357,19.4357,18.997,19.4357,0,0
ABS_PE,D,20240506,000000,19.4986,19.4986,18.997,19.0655,0,0
ABS_PE,D,20240507,000000,18.8147,18.8147,18.2501,18.6953,0,0
ABS_PE,D,20240508,000000,18.7582,19.0701,18.5703,19.0655,0,0
ABS_PE,D,20240509,000000,19.0655,19.0655,18.7526,19.0655,0,0
ABS_PE,D,20240510,000000,18.438,18.7518,18.3131,18.4176,0,0
ABS_PE,D,20240513,000000,18.3547,18.5102,18.1668,18.5102,0,0
ABS_PE,D,20240514,000000,18.5102,18.5102,18.3223,18.5102,0,0
ABS_PE,D,20240515,000000,18.5102,18.636,18.2594,18.6027,0,0
ABS_PE,D,20240516,000000,18.6027,18.7286,18.227,18.6953,0,0
ABS_PE,D,20240517,000000,18.8212,19.009,18.6953,18.7879,0,0
ABS_PE,D,20240520,000000,18.7879,19.0378,18.662,18.9729,0,0
ABS_PE,D,20240521,000000,18.9729,18.9729,18.6602,18.8804,0,0
ABS_PE,D,20240522,000000,18.8804,18.8804,18.6305,18.7879,0,0
ABS_PE,D,20240523,000000,18.7249,18.9128,18.662,18.8804,0,0
ABS_PE,D,20240524,000000,18.8175,18.8175,18.3177,18.5102,0,0
ABS_PE,D,20240527,000000,18.5102,18.6981,18.4472,18.6027,0,0
ABS_PE,D,20240528,000000,18.6657,18.6953,18.4778,18.6953,0,0
ABS_PE,D,20240529,000000,18.6953,18.6953,18.3186,18.325,0,0
ABS_PE,D,20240531,000000,18.325,18.6953,18.325,18.6953,0,0
ABS_PE,D,20240603,000000,18.5074,18.7582,18.2556,18.325,0,0
ABS_PE,D,20240604,000000,18.1372,18.9507,18.0122,18.7879,0,0
ABS_PE,D,20240605,000000,18.7879,18.7879,18.1612,18.5102,0,0
ABS_PE,D,20240606,000000,18.5102,18.5102,18.1354,18.5102,0,0
ABS_PE,D,20240607,000000,18.5102,18.5102,18.1973,18.5102,0,0
ABS_PE,D,20240610,000000,18.5102,18.5731,18.1965,18.5102,0,0
ABS_PE,D,20240611,000000,18.4472,18.4472,18.1354,18.14,0,0
ABS_PE,D,20240612,000000,18.14,18.6027,17.8272,18.6027,0,0
ABS_PE,D,20240613,000000,18.6027,18.6027,17.9549,17.9549,0,0
ABS_PE,D,20240614,000000,18.0168,18.3297,17.2663,17.5847,0,0
ABS_PE,D,20240617,000000,17.3329,18.6518,17.3329,18.5102,0,0
ABS_PE,D,20240618,000000,18.5731,18.5731,18.3223,18.3853,0,0
ABS_PE,D,20240619,000000,18.5102,18.7601,18.4472,18.5102,0,0
ABS_PE,D,20240620,000000,18.823,18.8804,18.5102,18.8804,0,0
ABS_PE,D,20240621,000000,19.0683,19.382,18.8175,19.3431,0,0
ABS_PE,D,20240624,000000,19.3431,19.4061,18.9674,19.2506,0,0
ABS_PE,D,20240625,000000,19.3756,19.5283,19.0636,19.5283,0,0
ABS_PE,D,20240626,000000,19.5912,19.5912,19.4653,19.5283,0,0
ABS_PE,D,20240627,000000,19.4033,19.904,19.4033,19.8984,0,0
ABS_PE,D,20240628,000000,20.0243,20.2742,19.8365,20.1761,0,0
ABS_PE,D,20240701,000000,20.1761,20.302,20.0511,20.2687,0,0
ABS_PE,D,20240702,000000,20.3316,20.3316,19.5152,19.5283,0,0
ABS_PE,D,20240703,000000,19.5912,19.9678,19.5912,19.8059,0,0
ABS_PE,D,20240704,000000,20.3941,20.3941,19.4791,19.6904,0,0
ABS_PE,D,20240705,000000,19.7561,19.7561,19.2976,19.5939,0,0
ABS_PE,D,20240708,000000,19.5939,19.7242,19.4626,19.4974,0,0
ABS_PE,D,20240709,000000,19.563,19.5939,19.3671,19.5939,0,0
ABS_PE,D,20240710,000000,19.5939,19.5939,19.3323,19.4974,0,0
ABS_PE,D,20240711,000000,19.4974,19.4974,19.1065,19.4009,0,0
ABS_PE,D,20240712,000000,19.4665,19.4665,19.2049,19.4009,0,0
ABS_PE,D,20240715,000000,19.4009,19.4665,19.2706,19.3043,0,0
ABS_PE,D,20240716,000000,19.6316,19.6972,18.9771,19.0148,0,0
ABS_PE,D,20240717,000000,19.8304,20.2396,18.9183,18.9183,0,0
ABS_PE,D,20240718,000000,18.9183,18.9839,18.6287,18.6287,0,0
ABS_PE,D,20240719,000000,18.8246,18.8246,18.3015,18.5322,0,0
ABS_PE,D,20240722,000000,17.9453,18.5978,17.6191,17.76,0,0
ABS_PE,D,20240723,000000,17.8903,17.8903,17.1722,17.3739,0,0
ABS_PE,D,20240724,000000,17.3739,17.9617,17.3739,17.76,0,0
ABS_PE,D,20240725,000000,17.76,17.9559,17.1722,17.2774,0,0
ABS_PE,D,20240726,000000,17.343,17.9289,17.343,17.76,0,0
ABS_PE,D,20240729,000000,17.8256,17.9559,17.4338,17.76,0,0
ABS_PE,D,20240730,000000,17.6944,17.8903,17.6297,17.8565,0,0
ABS_PE,D,20240731,000000,17.9212,17.9868,17.6596,17.953,0,0
ABS_PE,D,20240801,000000,17.953,17.953,17.6635,17.6635,0,0
ABS_PE,D,20240802,000000,17.9241,17.9241,16.9878,16.9878,0,0
ABS_PE,D,20240805,000000,16.9878,16.9878,15.7292,16.2157,0,0
ABS_PE,D,20240806,000000,16.7205,17.1625,16.4048,16.7948,0,0
ABS_PE,D,20240807,000000,16.9212,17.3739,16.9212,17.3739,0,0
ABS_PE,D,20240808,000000,17.3102,17.3739,16.9946,17.3739,0,0
ABS_PE,D,20240809,000000,17.3739,17.3739,16.9946,17.3739,0,0
ABS_PE,D,20240812,000000,17.3739,17.4367,17.2475,17.3739,0,0
ABS_PE,D,20240813,000000,17.3739,18.1924,17.3739,17.8565,0,0
ABS_PE,D,20240814,000000,18.1084,18.1721,17.7928,18.0496,0,0
ABS_PE,D,20240816,000000,18.176,18.176,17.9868,18.0496,0,0
ABS_PE,D,20240819,000000,18.175,18.427,17.9868,18.2426,0,0
ABS_PE,D,20240820,000000,18.3681,18.4308,18.3053,18.3391,0,0
ABS_PE,D,20240821,000000,18.5911,18.5911,18.4019,18.4357,0,0
ABS_PE,D,20240822,000000,18.4357,18.7252,18.3092,18.7252,0,0
ABS_PE,D,20240823,000000,18.788,18.9144,18.5988,18.8217,0,0
ABS_PE,D,20240826,000000,18.8845,18.8845,18.6953,18.7252,0,0
ABS_PE,D,20240827,000000,18.7252,18.9144,17.9685,18.4357,0,0
ABS_PE,D,20240828,000000,18.9405,18.9405,18.4984,18.9183,0,0
ABS_PE,D,20240829,000000,18.6026,18.981,18.6026,18.9183,0,0
ABS_PE,D,20240830,000000,18.9183,19.0148,18.8555,19.0148,0,0
ABS_PE,D,20240902,000000,19.0785,19.1412,18.8256,19.1412,0,0
ABS_PE,D,20240903,000000,19.2049,19.2049,18.8883,19.0148,0,0
ABS_PE,D,20240904,000000,18.952,18.952,18.8883,18.9183,0,0
ABS_PE,D,20240905,000000,18.9183,19.0447,18.4357,18.4357,0,0
ABS_PE,D,20240906,000000,18.9385,19.065,18.3729,18.5322,0,0
ABS_PE,D,20240909,000000,18.9105,18.9105,18.5322,18.8217,0,0
ABS_PE,D,20240910,000000,18.8217,18.8845,18.3179,18.3391,0,0
ABS_PE,D,20240911,000000,18.3391,18.7165,18.3391,18.6287,0,0
ABS_PE,D,20240912,000000,18.6287,18.7542,18.0496,18.0496,0,0
ABS_PE,D,20240913,000000,18.3642,18.6161,18.0496,18.1461,0,0
ABS_PE,D,20240916,000000,18.1461,18.6499,18.1461,18.2426,0,0
ABS_PE,D,20240917,000000,18.2426,18.8111,18.2426,18.6287,0,0
ABS_PE,D,20240918,000000,18.6287,18.7551,18.6287,18.6287,0,0
ABS_PE,D,20240919,000000,18.7551,18.7551,18.3758,18.4357,0,0
ABS_PE,D,20240920,000000,18.6885,18.6885,18.3729,18.6287,0,0
ABS_PE,D,20240923,000000,18.2494,18.6287,18.0496,18.0496,0,0
ABS_PE,D,20240924,000000,18.0496,18.6287,18.0496,18.6287,0,0
ABS_PE,D,20240925,000000,18.3131,18.3758,18.0496,18.0496,0,0
ABS_PE,D,20240926,000000,18.175,18.3391,17.9868,18.3391,0,0
ABS_PE,D,20240927,000000,18.3391,18.6287,17.9608,18.6287,0,0
ABS_PE,D,20240930,000000,17.4917,18.5023,17.4917,18.4357,0,0
ABS_PE,D,20241001,000000,18.121,18.4357,17.9945,18.0496,0,0
ABS_PE,D,20241002,000000,18.0496,18.2387,17.6094,17.6635,0,0
ABS_PE,D,20241003,000000,17.6635,17.9781,17.567,17.567,0,0
ABS_PE,D,20241004,000000,17.6307,18.1992,17.5042,17.6635,0,0
ABS_PE,D,20241007,000000,17.7262,18.1036,17.2861,17.6635,0,0
ABS_PE,D,20241008,000000,17.6635,17.6635,17.2851,17.3739,0,0
ABS_PE,D,20241009,000000,17.3739,17.6258,17.3739,17.567,0,0
ABS_PE,D,20241010,000000,17.5042,17.6635,17.1896,17.6635,0,0
ABS_PE,D,20241011,000000,17.7262,17.7899,17.2851,17.6635,0,0
ABS_PE,D,20241014,000000,18.231,18.231,17.567,17.567,0,0
ABS_PE,D,20241015,000000,17.567,18.0708,17.567,18.0496,0,0
ABS_PE,D,20241016,000000,17.9868,17.9868,17.4839,17.76,0,0
ABS_PE,D,20241017,000000,17.5081,17.9492,17.1809,17.1809,0,0
ABS_PE,D,20241018,000000,17.3063,17.8729,17.2436,17.6635,0,0
ABS_PE,D,20241021,000000,17.6635,17.7262,17.1809,17.1809,0,0
ABS_PE,D,20241022,000000,17.4955,17.567,17.3063,17.567,0,0
ABS_PE,D,20241023,000000,17.567,17.6307,17.3141,17.567,0,0
ABS_PE,D,20241024,000000,17.8816,17.8816,17.2523,17.2774,0,0
ABS_PE,D,20241025,000000,17.7185,17.7812,17.1509,17.1809,0,0
ABS_PE,D,20241028,000000,17.1809,17.8729,17.1809,17.567,0,0
ABS_PE,D,20241029,000000,17.6905,17.8758,17.2571,17.8565,0,0
ABS_PE,D,20241030,000000,17.8565,17.8565,17.2774,17.2774,0,0
ABS_PE,D,20241031,000000,17.2774,17.7088,17.2774,17.6635,0,0
ABS_PE,D,20241104,000000,17.7253,17.7253,17.2774,17.2774,0,0
ABS_PE,D,20241105,000000,17.7088,17.7088,17.2774,17.3739,0,0
ABS_PE,D,20241106,000000,17.4357,17.8073,17.3739,17.6635,0,0
ABS_PE,D,20241107,000000,17.6635,17.787,17.2909,17.567,0,0
ABS_PE,D,20241108,000000,17.5052,17.8565,17.4434,17.8565,0,0
ABS_PE,D,20241112,000000,17.7947,17.9183,17.4849,17.8565,0,0
ABS_PE,D,20241113,000000,17.8565,17.8565,17.4241,17.8565,0,0
ABS_PE,D,20241114,000000,17.8565,17.8565,17.5477,17.8565,0,0
ABS_PE,D,20241115,000000,17.8565,17.8565,17.4241,17.4704,0,0
ABS_PE,D,20241118,000000,17.4704,17.4704,17.2224,17.4704,0,0
ABS_PE,D,20241119,000000,17.4704,17.4704,17.0371,17.2774,0,0
ABS_PE,D,20241120,000000,17.2774,17.5255,17.0293,17.2774,0,0
ABS_PE,D,20241121,000000,17.3392,17.3392,16.845,16.9878,0,0
ABS_PE,D,20241122,000000,17.1731,17.1731,16.679,16.8913,0,0
ABS_PE,D,20241125,000000,16.706,17.2629,16.706,16.9878,0,0
ABS_PE,D,20241126,000000,16.9878,16.9878,16.6172,16.6983,0,0
ABS_PE,D,20241127,000000,16.9454,17.0689,16.3267,16.4087,0,0
ABS_PE,D,20241128,000000,16.4087,16.5322,15.7301,15.733,0,0
ABS_PE,D,20241129,000000,15.9184,16.288,15.733,15.733,0,0
ABS_PE,D,20241202,000000,16.0419,16.1655,15.7948,16.1191,0,0
ABS_PE,D,20241203,000000,16.2427,16.3672,15.8711,16.2157,0,0
ABS_PE,D,20241204,000000,16.3402,16.5255,16.0921,16.1191,0,0
ABS_PE,D,20241205,000000,16.1809,16.7986,16.1809,16.7948,0,0
ABS_PE,D,20241206,000000,16.8566,17.567,16.7948,17.567,0,0
ABS_PE,D,20241209,000000,17.567,18.2474,17.567,17.953,0,0
ABS_PE,D,20241210,000000,17.953,18.2629,17.8913,18.2426,0,0
ABS_PE,D,20241211,000000,18.2426,18.4897,17.6239,17.953,0,0
ABS_PE,D,20241212,000000,17.705,18.0766,17.6432,18.0496,0,0
ABS_PE,D,20241213,000000,18.4202,18.4202,17.7407,17.953,0,0
ABS_PE,D,20241216,000000,18.2001,18.4482,17.705,18.2426,0,0
ABS_PE,D,20241217,000000,18.2426,18.3662,17.6857,18.1461,0,0
ABS_PE,D,20241218,000000,18.2696,18.3932,17.5901,18.0496,0,0
ABS_PE,D,20241219,000000,18.2976,18.2976,17.7397,18.1461,0,0
ABS_PE,D,20241220,000000,18.1461,18.2696,17.5264,18.0496,0,0
ABS_PE,D,20241223,000000,18.0496,18.0496,17.6171,17.953,0,0
ABS_PE,D,20241227,000000,17.953,18.0766,17.6432,18.0496,0,0
ABS_PE,D,20241230,000000,18.0496,18.0496,17.5554,17.567,0,0
ABS_PE,D,20250102,000000,17.6287,18.5563,17.6287,18.5322,0,0
ABS_PE,D,20250103,000000,18.5322,18.7252,18.2841,18.7252,0,0
ABS_PE,D,20250107,000000,18.8488,19.0968,18.787,19.0148,0,0
ABS_PE,D,20250108,000000,19.0766,19.0766,17.842,17.8565,0,0
ABS_PE,D,20250109,000000,17.9183,18.536,17.9183,18.1461,0,0
ABS_PE,D,20250110,000000,18.2696,18.9511,18.2696,18.9183,0,0
ABS_PE,D,20250113,000000,19.0418,19.1036,18.6094,18.9183,0,0
ABS_PE,D,20250114,000000,18.9183,19.0418,18.5476,19.0148,0,0
ABS_PE,D,20250115,000000,18.953,18.953,18.5814,18.7252,0,0
ABS_PE,D,20250116,000000,18.7252,18.7252,18.4163,18.5322,0,0
ABS_PE,D,20250117,000000,18.5939,18.5939,18.3469,18.5322,0,0
ABS_PE,D,20250120,000000,18.5939,18.7175,18.3469,18.5322,0,0
ABS_PE,D,20250121,000000,18.5939,18.5939,18.2851,18.3391,0,0
ABS_PE,D,20250122,000000,18.3391,18.649,18.3391,18.6287,0,0
ABS_PE,D,20250123,000000,18.5669,18.6287,18.0718,18.3391,0,0
ABS_PE,D,20250124,000000,18.2774,18.897,18.2774,18.8217,0,0
ABS_PE,D,20250127,000000,18.76,18.8217,18.5746,18.8217,0,0
ABS_PE,D,20250128,000000,18.8835,19.008,18.6364,18.8217,0,0
ABS_PE,D,20250129,000000,18.8835,19.0698,18.6364,19.0148,0,0
ABS_PE,D,20250130,000000,19.1383,19.1383,18.8903,19.0148,0,0
ABS_PE,D,20250131,000000,19.1383,19.2078,18.6432,19.2078,0,0
ABS_PE,D,20250203,000000,19.2078,19.7657,18.898,19.6904,0,0
ABS_PE,D,20250204,000000,19.6904,19.6904,19.4433,19.5939,0,0
ABS_PE,D,20250205,000000,19.7802,19.7802,19.4704,19.5939,0,0
ABS_PE,D,20250206,000000,19.7802,19.9655,19.5321,19.8835,0,0
ABS_PE,D,20250207,000000,19.8835,19.98,19.7599,19.98,0,0
ABS_PE,D,20250210,000000,19.98,20.1035,19.7947,20.0765,0,0
ABS_PE,D,20250211,000000,20.0765,20.2618,19.6441,20.0765,0,0
ABS_PE,D,20250212,000000,20.0147,20.3864,20.0147,20.173,0,0
ABS_PE,D,20250213,000000,20.3584,20.6682,20.3584,20.3661,0,0
ABS_PE,D,20250214,000000,20.6759,20.7522,20.3661,20.7522,0,0
ABS_PE,D,20250217,000000,20.7522,21.6817,20.2561,21.6209,0,0
ABS_PE,D,20250218,000000,21.6209,21.6209,21.0649,21.2348,0,0
ABS_PE,D,20250219,000000,21.2348,21.6054,20.2474,20.2696,0,0
ABS_PE,D,20250220,000000,20.0842,21.0109,20.0842,20.2696,0,0
ABS_PE,D,20250221,000000,20.0842,20.3931,20.0842,20.2696,0,0
ABS_PE,D,20250224,000000,20.2696,21.2579,20.2696,20.7522,0,0
ABS_PE,D,20250225,000000,21.2464,21.2464,20.5051,21.1383,0,0
ABS_PE,D,20250226,000000,21.1383,21.5089,20.6441,20.9452,0,0
ABS_PE,D,20250227,000000,20.9452,21.563,20.9452,21.1383,0,0
ABS_PE,D,20250228,000000,21.1383,21.5089,20.5823,21.2348,0,0
ABS_PE,D,20250303,000000,21.2348,21.3583,20.5553,21.1383,0,0
ABS_PE,D,20250304,000000,21.6325,22.4983,19.4974,19.4974,0,0
ABS_PE,D,20250305,000000,19.8902,20.3941,19.6904,19.6904,0,0
ABS_PE,D,20250306,000000,20.0273,20.1952,19.8024,20.173,0,0
ABS_PE,D,20250307,000000,20.173,20.173,19.4443,19.8835,0,0
ABS_PE,D,20250310,000000,20.2203,20.2203,19.6586,20.173,0,0
ABS_PE,D,20250311,000000,20.173,20.173,19.7802,20.173,0,0
ABS_PE,D,20250312,000000,20.229,20.229,19.8922,20.173,0,0
ABS_PE,D,20250313,000000,20.0051,20.173,19.7802,20.173,0,0
ABS_PE,D,20250314,000000,20.173,20.173,19.8922,20.173,0,0
ABS_PE,D,20250317,000000,20.0611,20.0611,19.8362,19.98,0,0
ABS_PE,D,20250318,000000,20.036,20.036,19.1383,19.4009,0,0
ABS_PE,D,20250319,000000,19.7937,19.7937,19.2889,19.4009,0,0
ABS_PE,D,20250320,000000,19.4009,19.6248,19.4009,19.5939,0,0
ABS_PE,D,20250321,000000,19.6499,19.6499,19.0891,19.1113,0,0
ABS_PE,D,20250324,000000,19.1113,19.5051,19.1113,19.4974,0,0
ABS_PE,D,20250325,000000,19.6103,19.6663,19.5534,19.5939,0,0
ABS_PE,D,20250326,000000,19.5939,19.5939,19.258,19.3043,0,0
ABS_PE,D,20250327,000000,19.6972,19.6972,19.3603,19.4974,0,0
ABS_PE,D,20250328,000000,19.3854,19.6103,19.0486,19.3043,0,0
ABS_PE,D,20250331,000000,19.3043,19.5292,18.8555,19.4974,0,0
ABS_PE,D,20250401,000000,19.4974,19.6663,19.3854,19.4974,0,0
ABS_PE,D,20250402,000000,19.2175,19.8902,19.2175,19.8835,0,0
ABS_PE,D,20250403,000000,19.4916,19.8835,19.4916,19.7715,0,0
ABS_PE,D,20250404,000000,19.7715,19.8275,19.4916,19.787,0,0
ABS_PE,D,20250407,000000,19.5621,19.5621,18.2696,19.1692,0,0
ABS_PE,D,20250408,000000,19.1692,19.8999,19.1692,19.8835,0,0
ABS_PE,D,20250409,000000,19.8275,19.9395,19.1528,19.5939,0,0
ABS_PE,D,20250410,000000,19.8738,20.2657,19.5379,20.0978,0,0
ABS_PE,D,20250411,000000,20.0978,20.2696,19.8178,20.2696,0,0
ABS_PE,D,20250414,000000,20.3815,20.7753,20.3815,20.7522,0,0
ABS_PE,D,20250415,000000,21.201,21.7618,21.145,21.2348,0,0
ABS_PE,D,20250416,000000,21.4597,21.7965,21.4027,21.4278,0,0
ABS_PE,D,20250417,000000,21.5967,21.9104,21.5398,21.9104,0,0
ABS_PE,D,20250422,000000,21.9104,24.1015,21.7985,23.4548,0,0
ABS_PE,D,20250423,000000,23.3428,23.3428,22.95,22.9722,0,0
ABS_PE,D,20250424,000000,23.0282,23.309,23.0282,23.2617,0,0
ABS_PE,D,20250425,000000,23.3737,23.3737,23.0368,23.2617,0,0
ABS_PE,D,20250428,000000,22.9818,23.2617,22.477,23.2617,0,0
ABS_PE,D,20250429,000000,22.589,23.3177,22.589,23.2617,0,0
ABS_PE,D,20250430,000000,23.5986,23.9355,22.8119,23.7443,0,0
ABS_PE,D,20250502,000000,23.7443,24.6401,23.2617,23.2617,0,0
ABS_PE,D,20250505,000000,23.477,23.6391,23.0996,23.4548,0,0
ABS_PE,D,20250506,000000,23.671,24.2656,23.6478,23.6478,0,0
ABS_PE,D,20250507,000000,23.4316,24.2414,23.4316,23.7443,0,0
ABS_PE,D,20250508,000000,23.9606,24.2299,23.7443,24.1304,0,0
ABS_PE,D,20250509,000000,24.1304,24.5619,24.1304,24.5165,0,0
ABS_PE,D,20250512,000000,24.5706,26.4605,24.5706,25.7713,0,0
ABS_PE,D,20250513,000000,25.9335,26.2037,24.9991,24.9991,0,0
ABS_PE,D,20250514,000000,24.6748,25.1072,24.5667,24.9026,0,0
ABS_PE,D,20250515,000000,24.9026,25.0107,24.2559,24.3235,0,0
ABS_PE,D,20250516,000000,24.4316,24.864,24.4316,24.8061,0,0
ABS_PE,D,20250519,000000,24.8061,24.8061,23.8891,24.8061,0,0
ABS_PE,D,20250520,000000,24.8061,24.8061,24.3206,24.8061,0,0
ABS_PE,D,20250521,000000,25.085,26.047,24.973,25.7,0,0
ABS_PE,D,20250522,000000,26.047,26.047,24.6,24.6,0,0
ABS_PE,D,20250523,000000,24.712,24.824,23.762,24,0,0
ABS_PE,D,20250526,000000,23.776,23.9,22.769,23.9,0,0
ABS_PE,D,20250527,000000,24.18,24.796,23.676,24.3,0,0
ABS_PE,D,20250528,000000,24.3,24.86,23.852,24.2,0,0
ABS_PE,D,20250529,000000,24.312,24.815,24.1,24.1,0,0
ABS_PE,D,20250530,000000,24.1,24.937,23.988,24.3,0,0
ABS_PE,D,20250602,000000,24.412,25.473,24.3,24.6,0,0
ABS_PE,D,20250603,000000,25.046,25.046,24.377,24.4,0,0
ABS_PE,D,20250604,000000,24.567,24.8,24.456,24.8,0,0
ABS_PE,D,20250605,000000,24.912,24.912,24.072,24.6,0,0
ABS_PE,D,20250606,000000,24.6,24.7,23.93,24.7,0,0
ABS_PE,D,20250609,000000,24.868,25.147,24.365,24.8,0,0
ABS_PE,D,20250610,000000,24.8,24.912,24.577,24.8,0,0
ABS_PE,D,20250611,000000,24.688,24.688,24.072,24.4,0,0
ABS_PE,D,20250612,000000,24.456,24.456,23.057,24,0,0
ABS_PE,D,20250613,000000,23.441,23.72,23.049,23.7,0,0
ABS_PE,D,20250616,000000,23.756,23.756,23.029,23.5,0,0
ABS_PE,D,20250617,000000,23.444,23.5,22.661,23.1,0,0
ABS_PE,D,20250618,000000,22.542,22.877,21.873,22.1,0,0
ABS_PE,D,20250620,000000,21.876,23.051,21.764,22.5,0,0
ABS_PE,D,20250623,000000,22.5,23.393,20.7,20.7,0,0
ABS_PE,D,20250624,000000,21.314,21.872,21.202,21.5,0,0
ABS_PE,D,20250625,000000,21.5,22.84,21.5,22.4,0,0
ABS_PE,D,20250626,000000,22.567,23.4,22.4,23.4,0,0
ABS_PE,D,20250627,000000,23.456,24.296,23.456,24,0,0
ABS_PE,D,20250630,000000,23.721,24.6,22.996,24.6,0,0
ABS_PE,D,20250701,000000,24.321,24.321,23.818,24.3,0,0
ABS_PE,D,20250702,000000,23.909,24.747,23.853,24.5,0,0
ABS_PE,D,20250703,000000,24.221,24.3,23.998,24.3,0,0
ABS_PE,D,20250704,000000,24.3,24.524,24.188,24.5,0,0
ABS_PE,D,20250707,000000,24.444,24.5,24.276,24.4,0,0
ABS_PE,D,20250708,000000,24.176,25.126,23.953,25,0,0
ABS_PE,D,20250709,000000,25,25.391,25,25,0,0
ABS_PE,D,20250710,000000,25,25.391,24.833,24.9,0,0
ABS_PE,D,20250711,000000,24.9,25.403,24.9,25.3,0,0
ABS_PE,D,20250714,000000,25.64,26.094,25.4,25.4,0,0
ABS_PE,D,20250715,000000,25.4,25.4,24.786,25.2,0,0
ABS_PE,D,20250716,000000,24.36,25.2,24.36,25.1,0,0
ABS_PE,D,20250717,000000,25.156,25.156,24.765,25.1,0,0
ABS_PE,D,20250718,000000,25.1,25.603,24.429,24.8,0,0
ABS_PE,D,20250721,000000,24.577,24.633,24.353,24.6,0,0
ABS_PE,D,20250722,000000,24.6,24.879,24.6,24.7,0,0
ABS_PE,D,20250723,000000,24.7,25.147,24.589,24.9,0,0
ABS_PE,D,20250724,000000,25.012,25.012,24.565,24.6,0,0
ABS_PE,D,20250725,000000,24.823,24.934,24.544,24.8,0,0
ABS_PE,D,20250728,000000,24.633,25.024,24.577,24.9,0,0
ABS_PE,D,20250729,000000,24.565,24.844,24.565,24.8,0,0
ABS_PE,D,20250730,000000,24.8,24.8,24.6,24.6,0,0
ABS_PE,D,20250731,000000,24.6,24.88,24.6,24.6,0,0
ABS_PE,D,20250801,000000,24.656,24.712,24.6,24.7,0,0
ABS_PE,D,20250804,000000,24.589,25.3,24.589,25.3,0,0
ABS_PE,D,20250805,000000,25.3,25.412,24.573,24.9,0,0
ABS_PE,D,20250806,000000,24.565,24.9,24.286,24.4,0,0
ABS_PE,D,20250807,000000,24.4,25.353,24.4,25.3,0,0
ABS_PE,D,20250808,000000,25.356,25.356,24.459,24.9,0,0
ABS_PE,D,20250811,000000,24.675,24.675,24.002,24.3,0,0
ABS_PE,D,20250812,000000,24.244,24.3,23.963,24.3,0,0
ABS_PE,D,20250813,000000,24.412,24.412,23.851,24.2,0,0
ABS_PE,D,20250814,000000,24.088,24.368,23.752,24.2,0,0
ABS_PE,D,20250818,000000,23.92,24.088,23.64,24,0,0
ABS_PE,D,20250819,000000,23.832,24,23.607,23.7,0,0
ABS_PE,D,20250820,000000,23.7,23.925,23.588,23.8,0,0
ABS_PE,D,20250821,000000,23.8,24.304,23.52,24,0,0
ABS_PE,D,20250822,000000,24,24.056,23.6,23.6,0,0
ABS_PE,D,20250825,000000,23.824,24,23.824,24,0,0
ABS_PE,D,20250826,000000,24,24.336,23.888,24.3,0,0
ABS_PE,D,20250827,000000,23.796,24.3,23.404,24.1,0,0
ABS_PE,D,20250828,000000,23.594,23.931,23.032,23.3,0,0
ABS_PE,D,20250829,000000,23.3,23.581,22.739,23,0,0
ABS_PE,D,20250901,000000,23.225,23.561,22.72,23.4,0,0
ABS_PE,D,20250902,000000,22.952,23.456,22.841,23.4,0,0
ABS_PE,D,20250903,000000,23.4,24.017,23.288,23.6,0,0
ABS_PE,D,20250904,000000,23.6,24.05,23.094,24,0,0
ABS_PE,D,20250905,000000,24,24,23.607,23.8,0,0
ABS_PE,D,20250908,000000,23.8,24.5,23.52,24.5,0,0
ABS_PE,D,20250909,000000,24.725,24.949,24.4,24.4,0,0
ABS_PE,D,20250910,000000,24.68,24.68,23.727,24.3,0,0
ABS_PE,D,20250911,000000,24.3,24.412,24.019,24.2,0,0
ABS_PE,D,20250912,000000,24.48,24.48,23.808,24.1,0,0
ABS_PE,D,20250915,000000,23.82,24.156,23.539,24.1,0,0
ABS_PE,D,20250916,000000,24.156,24.212,23.82,23.9,0,0
ABS_PE,D,20250917,000000,24.18,24.18,23.114,23.9,0,0
ABS_PE,D,20250918,000000,23.9,23.9,23.283,23.8,0,0
ABS_PE,D,20250919,000000,23.8,24.923,23.688,24.9,0,0
ABS_PE,D,20250922,000000,24.675,24.956,24.171,24.7,0,0
ABS_PE,D,20250923,000000,24.924,24.924,24.531,24.9,0,0
ABS_PE,D,20250924,000000,24.956,24.956,23.832,24,0,0
ABS_PE,D,20250925,000000,23.832,24.169,23.775,23.8,0,0
ABS_PE,D,20250926,000000,23.856,24.304,23.52,23.9,0,0
ABS_PE,D,20250929,000000,24.18,24.349,23.563,23.8,0,0
ABS_PE,D,20250930,000000,23.8,23.8,23.576,23.8,0,0
ABS_PE,D,20251001,000000,23.8,24.2,23.52,24.2,0,0
ABS_PE,D,20251002,000000,24.649,24.705,23.975,24.3,0,0
ABS_PE,D,20251003,000000,24.356,24.4,23.74,24.4,0,0
ABS_PE,D,20251006,000000,24.344,24.344,23.839,24.1,0,0
ABS_PE,D,20251007,000000,24.772,24.94,23.932,24.5,0,0
ABS_PE,D,20251008,000000,24.164,24.9,24.108,24.9,0,0
ABS_PE,D,20251009,000000,24.9,24.9,24.115,24.9,0,0
ABS_PE,D,20251010,000000,25.013,25.013,24.619,24.9,0,0
ABS_PE,D,20251013,000000,24.9,25.18,24.619,25,0,0
ABS_PE,D,20251014,000000,25,25.169,24.27,24.7,0,0
ABS_PE,D,20251015,000000,24.924,25.093,24.194,24.6,0,0
ABS_PE,D,20251016,000000,24.6,24.7,24.32,24.7,0,0
ABS_PE,D,20251017,000000,25.093,25.093,23.858,24.1,0,0
ABS_PE,D,20251020,000000,24.1,24.1,23.82,23.9,0,0
ABS_PE,D,20251021,000000,23.9,24.292,23.844,24,0,0
ABS_PE,D,20251022,000000,24.28,24.28,23.832,24,0,0
ABS_PE,D,20251023,000000,24.112,24.112,23.551,24,0,0
ABS_PE,D,20251024,000000,23.495,24,23.495,23.9,0,0
ABS_PE,D,20251027,000000,23.9,24.292,23.844,24.2,0,0
ABS_PE,D,20251028,000000,24.088,24.088,23.528,24,0,0
ABS_PE,D,20251029,000000,24,24.169,23.663,23.8,0,0
ABS_PE,D,20251030,000000,24.08,24.808,23,23,0,0
ABS_PE,D,20251031,000000,23.268,23.535,23.107,23.535,0,0
ABS_PE,D,20251103,000000,23.535,23.6,23.321,23.6,0,0
ABS_PE,D,20251104,000000,23.6,23.6,23.117,23.3,0,0
ABS_PE,D,20251105,000000,23.568,23.568,23.086,23.3,0,0
ABS_PE,D,20251106,000000,23.3,23.3,22.979,23.3,0,0
ABS_PE,D,20251107,000000,23.3,23.407,23.246,23.3,0,0
ABS_PE,D,20251110,000000,23.621,23.8,23.353,23.8,0,0
ABS_PE,D,20251112,000000,23.8,23.8,23.05,23.2,0,0
ABS_PE,D,20251113,000000,23.253,23.414,23.039,23.3,0,0
ABS_PE,D,20251114,000000,23.3,23.3,22.712,22.8,0,0
ABS_PE,D,20251117,000000,22.8,23.229,22.8,23,0,0
ABS_PE,D,20251118,000000,22.679,23,22.251,22.3,0,0
ABS_PE,D,20251119,000000,22.247,22.675,22.247,22.3,0,0
ABS_PE,D,20251120,000000,22.729,22.783,22.139,22.6,0,0
ABS_PE,D,20251121,000000,22.707,22.707,22,22,0,0
ABS_PE,D,20251124,000000,22.642,22.749,22.107,22.6,0,0
ABS_PE,D,20251125,000000,22.172,22.6,22.172,22.6,0,0
ABS_PE,D,20251126,000000,22.654,22.654,22.493,22.5,0,0
ABS_PE,D,20251127,000000,22.125,22.447,22.125,22.3,0,0
ABS_PE,D,20251128,000000,22.193,22.193,21.872,22.1,0,0
ABS_PE,D,20251201,000000,22.795,23.063,22.528,22.8,0,0
ABS_PE,D,20251202,000000,22.961,23.014,22.639,22.9,0,0
ABS_PE,D,20251203,000000,22.9,22.9,22.578,22.7,0,0
ABS_PE,D,20251204,000000,22.861,23.556,22.539,22.9,0,0
ABS_PE,D,20251205,000000,22.793,22.953,21.883,22.5,0,0
ABS_PE,D,20251208,000000,22.554,22.768,22.286,22.5,0,0
ABS_PE,D,20251209,000000,22.822,22.9,22.554,22.9,0,0
ABS_PE,D,20251210,000000,22.953,23.061,22.471,22.7,0,0
ABS_PE,D,20251211,000000,22.861,23.075,22.861,23,0,0
ABS_PE,D,20251212,000000,22.786,23,22.572,22.9,0,0
ABS_PE,D,20251215,000000,22.9,23.007,22.472,23,0,0
ABS_PE,D,20251216,000000,23,23,22.465,22.6,0,0
ABS_PE,D,20251217,000000,22.868,22.921,22.493,22.8,0,0
ABS_PE,D,20251218,000000,23.014,23.014,22.639,22.8,0,0
ABS_PE,D,20251219,000000,22.8,22.8,22.263,22.8,0,0
ABS_PE,D,20251222,000000,22.8,22.8,22.371,22.8,0,0
ABS_PE,D,20251223,000000,22.8,22.907,22.585,22.746,0,0
ABS_PE,D,20251229,000000,22.746,22.853,22.532,22.7,0,0
ABS_PE,D,20251230,000000,22.7,22.8,22.486,22.8,0,0
ABS_PE,D,20260102,000000,23.122,23.605,22.853,22.9,0,0
ABS_PE,D,20260105,000000,23.061,23.061,22.739,23,0,0
ABS_PE,D,20260107,000000,23.268,23.321,22.626,23.1,0,0
ABS_PE,D,20260108,000000,23.207,23.207,22.778,23.1,0,0
ABS_PE,D,20260109,000000,23.1,23.261,22.886,23.2,0,0
ABS_PE,D,20260112,000000,23.307,23.36,22.612,23.1,0,0
ABS_PE,D,20260113,000000,23.1,23.422,22.725,22.8,0,0
ABS_PE,D,20260114,000000,22.8,23.014,22.693,22.8,0,0
ABS_PE,D,20260115,000000,22.961,23.068,22.746,23,0,0
ABS_PE,D,20260116,000000,23,23.214,22.679,23,0,0
ABS_PE,D,20260119,000000,23,23.214,22.84,23.1,0,0
ABS_PE,D,20260120,000000,23.207,23.741,22.939,23.4,0,0
ABS_PE,D,20260121,000000,23.775,23.829,22.865,23.1,0,0
ABS_PE,D,20260122,000000,22.779,23.5,22.565,23.5,0,0
ABS_PE,D,20260123,000000,23.339,23.553,22.856,22.9,0,0
