<TICKER>,<PER>,<DATE>,<TIME>,<OPEN>,<HIGH>,<LOW>,<CLOSE>,<VOL>,<OPENINT>
ALR_PE,D,20121214,000000,9.21432,9.21432,9.21432,9.21432,0,0
ALR_PE,D,20121217,000000,9.12737,9.30119,9.12737,9.30119,0,0
ALR_PE,D,20121218,000000,9.38815,9.47511,9.38815,9.38815,0,0
ALR_PE,D,20121219,000000,9.38815,9.47511,9.38815,9.47511,0,0
ALR_PE,D,20121220,000000,9.38815,9.47511,9.38815,9.38815,0,0
ALR_PE,D,20121221,000000,9.38815,9.38815,9.38815,9.38815,0,0
ALR_PE,D,20121227,000000,9.38815,9.56198,9.38815,9.56198,0,0
ALR_PE,D,20121228,000000,9.56198,9.56198,9.38815,9.47511,0,0
ALR_PE,D,20130102,000000,9.47511,9.64893,9.47511,9.64893,0,0
ALR_PE,D,20130103,000000,9.56198,9.82276,9.56198,9.82276,0,0
ALR_PE,D,20130104,000000,9.82276,9.90972,9.82276,9.90972,0,0
ALR_PE,D,20130107,000000,9.90972,12.3437,9.90972,12.3437,0,0
ALR_PE,D,20130108,000000,12.3437,12.3437,11.909,11.996,0,0
ALR_PE,D,20130109,000000,11.996,12.083,11.8222,12.083,0,0
ALR_PE,D,20130110,000000,12.083,12.1698,11.8222,12.083,0,0
ALR_PE,D,20130111,000000,11.996,12.083,11.8222,12.083,0,0
ALR_PE,D,20130114,000000,12.1698,12.1698,11.8222,11.8222,0,0
ALR_PE,D,20130115,000000,11.8222,11.8222,11.6483,11.7352,0,0
ALR_PE,D,20130116,000000,11.8222,11.909,11.7352,11.8222,0,0
ALR_PE,D,20130117,000000,11.7352,12.083,11.7352,12.083,0,0
ALR_PE,D,20130118,000000,12.083,12.3437,12.083,12.2568,0,0
ALR_PE,D,20130121,000000,12.5176,13.0391,12.2568,13.0391,0,0
ALR_PE,D,20130122,000000,13.213,14.5169,13.213,13.6476,0,0
ALR_PE,D,20130123,000000,14.0823,14.1691,13.9084,14.0823,0,0
ALR_PE,D,20130124,000000,14.0823,14.0823,13.8215,13.9084,0,0
ALR_PE,D,20130125,000000,13.9084,14.1691,13.8215,13.9953,0,0
ALR_PE,D,20130128,000000,13.9953,14.2561,13.9953,14.1691,0,0
ALR_PE,D,20130129,000000,14.1691,14.2561,14.0823,14.1691,0,0
ALR_PE,D,20130130,000000,14.0823,14.1691,13.8215,13.8215,0,0
ALR_PE,D,20130131,000000,13.8215,13.8215,13.3868,13.4737,0,0
ALR_PE,D,20130201,000000,13.4737,13.6476,13.3868,13.5607,0,0
ALR_PE,D,20130204,000000,13.9084,13.9084,13.6476,13.7345,0,0
ALR_PE,D,20130205,000000,13.9084,13.9084,13.8215,13.8215,0,0
ALR_PE,D,20130206,000000,13.9084,13.9084,13.6476,13.6476,0,0
ALR_PE,D,20130207,000000,13.6476,13.6476,13.3868,13.5607,0,0
ALR_PE,D,20130208,000000,13.4737,13.7345,13.4737,13.7345,0,0
ALR_PE,D,20130211,000000,13.7345,13.8215,13.6476,13.7345,0,0
ALR_PE,D,20130212,000000,13.8215,13.8215,13.6476,13.6476,0,0
ALR_PE,D,20130213,000000,13.6476,13.7345,13.5607,13.6476,0,0
ALR_PE,D,20130214,000000,13.6476,13.8215,13.5607,13.8215,0,0
ALR_PE,D,20130215,000000,13.7345,13.7345,13.3868,13.7345,0,0
ALR_PE,D,20130218,000000,13.7345,13.7345,13.2999,13.2999,0,0
ALR_PE,D,20130219,000000,13.213,13.2999,12.9522,13.126,0,0
ALR_PE,D,20130220,000000,13.126,13.3868,13.126,13.3868,0,0
ALR_PE,D,20130221,000000,13.2999,13.2999,13.126,13.126,0,0
ALR_PE,D,20130222,000000,13.126,13.213,12.9522,13.126,0,0
ALR_PE,D,20130225,000000,13.126,13.3868,13.126,13.2999,0,0
ALR_PE,D,20130226,000000,13.126,13.2999,13.0391,13.213,0,0
ALR_PE,D,20130227,000000,13.213,13.3868,13.126,13.126,0,0
ALR_PE,D,20130228,000000,13.3868,13.3868,13.126,13.2999,0,0
ALR_PE,D,20130301,000000,13.2999,13.2999,13.126,13.126,0,0
ALR_PE,D,20130304,000000,13.2999,13.2999,13.0391,13.213,0,0
ALR_PE,D,20130305,000000,13.213,13.2999,13.213,13.2999,0,0
ALR_PE,D,20130306,000000,13.213,13.2999,13.0391,13.2999,0,0
ALR_PE,D,20130307,000000,12.9522,13.2999,12.6914,12.7783,0,0
ALR_PE,D,20130308,000000,12.7783,13.213,12.7783,13.126,0,0
ALR_PE,D,20130311,000000,13.213,13.213,13.0391,13.126,0,0
ALR_PE,D,20130312,000000,13.126,13.126,12.8652,13.0391,0,0
ALR_PE,D,20130313,000000,13.0391,13.126,12.9522,12.9522,0,0
ALR_PE,D,20130314,000000,12.9522,13.0391,12.8652,13.0391,0,0
ALR_PE,D,20130315,000000,12.9522,22.2535,12.9522,22.2535,0,0
ALR_PE,D,20130318,000000,22.1665,22.1665,21.6449,22.1665,0,0
ALR_PE,D,20130319,000000,21.9057,22.1665,21.2103,21.2103,0,0
ALR_PE,D,20130320,000000,21.0364,21.8188,21.0364,21.7319,0,0
ALR_PE,D,20130321,000000,21.7319,21.7319,21.2972,21.558,0,0
ALR_PE,D,20130322,000000,21.2972,21.7319,21.2103,21.2972,0,0
ALR_PE,D,20130325,000000,21.558,21.9057,21.1234,21.1234,0,0
ALR_PE,D,20130326,000000,21.1234,21.1234,20.9495,21.1234,0,0
ALR_PE,D,20130327,000000,21.1234,21.9927,21.1234,21.1234,0,0
ALR_PE,D,20130328,000000,20.9495,22.0795,20.6018,22.0795,0,0
ALR_PE,D,20130402,000000,22.0795,22.0795,21.7319,21.8188,0,0
ALR_PE,D,20130403,000000,21.8188,22.0795,21.8188,22.0795,0,0
ALR_PE,D,20130404,000000,22.0795,22.0795,21.8188,21.9057,0,0
ALR_PE,D,20130405,000000,21.9057,22.1665,21.8188,22.1665,0,0
ALR_PE,D,20130408,000000,22.1665,22.1665,21.7319,22.0795,0,0
ALR_PE,D,20130409,000000,21.8188,21.9927,21.7319,21.7319,0,0
ALR_PE,D,20130410,000000,21.9057,21.9057,21.2972,21.558,0,0
ALR_PE,D,20130411,000000,21.4711,21.7319,21.2972,21.7319,0,0
ALR_PE,D,20130412,000000,21.4711,21.7319,21.4711,21.6449,0,0
ALR_PE,D,20130415,000000,21.558,21.558,21.558,21.558,0,0
ALR_PE,D,20130417,000000,21.558,21.558,21.4711,21.558,0,0
ALR_PE,D,20130418,000000,21.558,21.6449,21.0364,21.2103,0,0
ALR_PE,D,20130419,000000,21.1234,21.6449,21.1234,21.2972,0,0
ALR_PE,D,20130422,000000,21.1234,21.2972,21.0364,21.2972,0,0
ALR_PE,D,20130423,000000,21.0364,21.2103,21.0364,21.2103,0,0
ALR_PE,D,20130424,000000,21.2972,21.2972,21.2103,21.2972,0,0
ALR_PE,D,20130425,000000,21.2972,21.3841,21.2103,21.2972,0,0
ALR_PE,D,20130426,000000,21.1234,21.7319,21.1234,21.558,0,0
ALR_PE,D,20130429,000000,21.7319,22.0795,21.6449,21.9927,0,0
ALR_PE,D,20130430,000000,22.0795,22.5142,21.8188,21.9927,0,0
ALR_PE,D,20130502,000000,21.9057,22.0795,21.4711,22.0795,0,0
ALR_PE,D,20130506,000000,22.1665,22.1665,22.0795,22.1665,0,0
ALR_PE,D,20130507,000000,22.2535,22.2535,21.9927,22.0795,0,0
ALR_PE,D,20130508,000000,22.2535,22.2535,21.9057,22.0795,0,0
ALR_PE,D,20130509,000000,22.2535,23.0357,22.0795,23.0357,0,0
ALR_PE,D,20130510,000000,22.775,23.5573,22.6881,23.4704,0,0
ALR_PE,D,20130513,000000,23.4704,23.4704,23.2096,23.2096,0,0
ALR_PE,D,20130514,000000,23.1227,23.4704,23.0357,23.3835,0,0
ALR_PE,D,20130515,000000,23.3835,23.8181,23.3835,23.8181,0,0
ALR_PE,D,20130516,000000,24.4266,25.3828,24.4266,25.3828,0,0
ALR_PE,D,20130517,000000,25.3828,25.3828,25.0351,25.209,0,0
ALR_PE,D,20130520,000000,24.9482,25.9913,24.9482,25.4697,0,0
ALR_PE,D,20130521,000000,25.4697,25.8175,25.209,25.7305,0,0
ALR_PE,D,20130522,000000,25.6436,26.6867,25.5567,26.6867,0,0
ALR_PE,D,20130523,000000,25.9043,26.7737,25.9043,26.5997,0,0
ALR_PE,D,20130524,000000,26.5997,26.6867,26.3391,26.3391,0,0
ALR_PE,D,20130527,000000,26.3391,26.4259,26.1651,26.1651,0,0
ALR_PE,D,20130528,000000,26.1651,26.6867,26.1651,26.6867,0,0
ALR_PE,D,20130529,000000,26.6867,26.7737,26.4259,26.6867,0,0
ALR_PE,D,20130531,000000,26.6867,26.9475,26.4259,26.5997,0,0
ALR_PE,D,20130603,000000,26.6867,26.6867,25.7305,26.5129,0,0
ALR_PE,D,20130604,000000,26.2521,27.3821,26.1651,27.2952,0,0
ALR_PE,D,20130605,000000,26.9475,28.3384,26.9475,28.0776,0,0
ALR_PE,D,20130606,000000,27.9037,28.0776,27.7298,28.0776,0,0
ALR_PE,D,20130607,000000,28.0776,28.0776,27.8168,27.9037,0,0
ALR_PE,D,20130610,000000,27.9906,29.1207,27.9037,28.8599,0,0
ALR_PE,D,20130611,000000,28.9468,29.0338,28.3384,28.773,0,0
ALR_PE,D,20130612,000000,28.9468,28.9468,28.1645,28.5122,0,0
ALR_PE,D,20130613,000000,28.5122,28.5122,22.6881,22.6881,0,0
ALR_PE,D,20130614,000000,22.5142,23.5573,22.3403,23.5573,0,0
ALR_PE,D,20130617,000000,23.8181,23.8181,23.4704,23.6442,0,0
ALR_PE,D,20130618,000000,23.8181,24.8612,23.8181,24.6004,0,0
ALR_PE,D,20130619,000000,24.6004,25.3828,24.4266,24.6004,0,0
ALR_PE,D,20130620,000000,24.4266,24.4266,23.6442,23.8181,0,0
ALR_PE,D,20130621,000000,23.6442,24.0789,23.3835,23.8181,0,0
ALR_PE,D,20130624,000000,23.5573,23.8181,23.2096,23.2096,0,0
ALR_PE,D,20130625,000000,23.2096,23.2965,22.775,22.8619,0,0
ALR_PE,D,20130626,000000,22.8619,22.8619,22.5142,22.6011,0,0
ALR_PE,D,20130627,000000,22.6881,22.6881,22.1665,22.2535,0,0
ALR_PE,D,20130628,000000,22.2535,23.5573,22.2535,23.4704,0,0
ALR_PE,D,20130701,000000,23.6442,23.6442,23.4704,23.5573,0,0
ALR_PE,D,20130702,000000,23.5573,23.5573,22.8619,23.4704,0,0
ALR_PE,D,20130703,000000,23.2965,23.4704,22.8619,22.9489,0,0
ALR_PE,D,20130704,000000,22.8619,22.9489,22.5142,22.6881,0,0
ALR_PE,D,20130705,000000,22.6881,22.8619,21.9927,21.9927,0,0
ALR_PE,D,20130708,000000,22.1665,22.6881,21.7319,22.4273,0,0
ALR_PE,D,20130709,000000,22.4273,22.775,22.3403,22.775,0,0
ALR_PE,D,20130710,000000,22.775,22.8619,22.775,22.775,0,0
ALR_PE,D,20130711,000000,23.0357,23.1227,22.775,22.775,0,0
ALR_PE,D,20130712,000000,23.0357,23.2965,22.8619,23.2096,0,0
ALR_PE,D,20130715,000000,23.2965,23.2965,22.8619,23.0357,0,0
ALR_PE,D,20130716,000000,23.2096,23.2096,22.4273,22.6881,0,0
ALR_PE,D,20130717,000000,22.5142,23.1227,22.5142,23.0357,0,0
ALR_PE,D,20130718,000000,22.8619,22.9489,22.6011,22.8619,0,0
ALR_PE,D,20130719,000000,22.8619,23.1227,22.8619,23.1227,0,0
ALR_PE,D,20130722,000000,23.1227,23.5573,22.5142,22.5142,0,0
ALR_PE,D,20130723,000000,22.6881,23.0357,22.6881,22.9489,0,0
ALR_PE,D,20130724,000000,22.9489,22.9489,22.8619,22.9489,0,0
ALR_PE,D,20130725,000000,22.8619,22.9489,22.775,22.775,0,0
ALR_PE,D,20130726,000000,22.775,22.775,22.5142,22.6011,0,0
ALR_PE,D,20130729,000000,22.6011,22.775,21.9927,22.1665,0,0
ALR_PE,D,20130730,000000,22.2535,22.4273,21.9057,22.4273,0,0
ALR_PE,D,20130731,000000,22.2535,22.6881,22.0795,22.2535,0,0
ALR_PE,D,20130801,000000,22.3403,22.775,22.3403,22.775,0,0
ALR_PE,D,20130802,000000,22.775,22.9489,22.775,22.9489,0,0
ALR_PE,D,20130805,000000,22.8619,23.1227,22.8619,23.0357,0,0
ALR_PE,D,20130806,000000,23.1227,23.5573,23.0357,23.5573,0,0
ALR_PE,D,20130807,000000,23.5573,25.0351,23.5573,24.8612,0,0
ALR_PE,D,20130808,000000,23.992,23.992,23.2965,23.2965,0,0
ALR_PE,D,20130809,000000,23.2965,23.6442,22.4273,23.0357,0,0
ALR_PE,D,20130812,000000,22.8619,23.4704,22.8619,23.2965,0,0
ALR_PE,D,20130813,000000,23.4704,23.5573,23.2965,23.5573,0,0
ALR_PE,D,20130814,000000,23.6442,24.6004,23.4704,24.6004,0,0
ALR_PE,D,20130816,000000,24.1658,24.6004,24.0789,24.1658,0,0
ALR_PE,D,20130819,000000,24.1658,24.6004,23.905,24.6004,0,0
ALR_PE,D,20130820,000000,24.2528,24.3396,24.0789,24.3396,0,0
ALR_PE,D,20130821,000000,24.5136,24.5136,24.1658,24.5136,0,0
ALR_PE,D,20130822,000000,24.2528,25.4697,24.2528,25.4697,0,0
ALR_PE,D,20130823,000000,25.209,25.3828,25.122,25.2959,0,0
ALR_PE,D,20130826,000000,25.209,25.209,24.9482,24.9482,0,0
ALR_PE,D,20130827,000000,24.7743,24.7743,24.1658,24.2528,0,0
ALR_PE,D,20130828,000000,24.1658,24.2528,23.5573,23.7312,0,0
ALR_PE,D,20130829,000000,23.7312,23.905,23.0357,23.2096,0,0
ALR_PE,D,20130830,000000,23.3835,24.1658,23.2965,23.992,0,0
ALR_PE,D,20130902,000000,23.992,23.992,23.5573,23.5573,0,0
ALR_PE,D,20130903,000000,23.5573,23.8181,23.3835,23.3835,0,0
ALR_PE,D,20130904,000000,23.8181,23.8181,22.8619,23.5573,0,0
ALR_PE,D,20130905,000000,23.3835,23.3835,22.2535,22.5142,0,0
ALR_PE,D,20130906,000000,22.3403,23.1227,22.3403,22.775,0,0
ALR_PE,D,20130909,000000,22.775,23.0357,22.5142,22.9489,0,0
ALR_PE,D,20130910,000000,23.2096,23.5573,23.0357,23.4704,0,0
ALR_PE,D,20130911,000000,23.6442,23.6442,23.2096,23.4704,0,0
ALR_PE,D,20130912,000000,23.4704,23.6442,23.3835,23.3835,0,0
ALR_PE,D,20130913,000000,23.3835,23.3835,23.0357,23.2096,0,0
ALR_PE,D,20130916,000000,23.2096,23.3835,23.2096,23.2096,0,0
ALR_PE,D,20130917,000000,23.2096,23.2096,22.8619,23.0357,0,0
ALR_PE,D,20130918,000000,23.1227,23.1227,23.0357,23.0357,0,0
ALR_PE,D,20130919,000000,23.2965,23.905,23.2965,23.6442,0,0
ALR_PE,D,20130920,000000,23.905,23.905,22.8619,23.1227,0,0
ALR_PE,D,20130923,000000,23.1227,23.3835,22.5142,22.6011,0,0
ALR_PE,D,20130924,000000,22.8619,22.8619,22.2535,22.3403,0,0
ALR_PE,D,20130925,000000,22.4273,23.0357,22.2535,23.0357,0,0
ALR_PE,D,20130926,000000,23.0357,23.1227,22.6881,23.1227,0,0
ALR_PE,D,20130927,000000,23.1227,23.1227,22.775,22.775,0,0
ALR_PE,D,20130930,000000,23.1227,23.5573,23.1227,23.3835,0,0
ALR_PE,D,20131001,000000,23.3835,23.6442,23.0357,23.3835,0,0
ALR_PE,D,20131002,000000,23.3835,23.6442,23.2965,23.5573,0,0
ALR_PE,D,20131003,000000,23.5573,23.905,23.5573,23.5573,0,0
ALR_PE,D,20131004,000000,23.5573,23.8181,23.3835,23.3835,0,0
ALR_PE,D,20131007,000000,23.3835,23.5573,23.3835,23.4704,0,0
ALR_PE,D,20131008,000000,23.905,23.905,23.3835,23.6442,0,0
ALR_PE,D,20131009,000000,23.6442,24.1658,23.5573,24.1658,0,0
ALR_PE,D,20131010,000000,24.1658,24.6874,24.1658,24.6874,0,0
ALR_PE,D,20131011,000000,24.7743,24.7743,24.4266,24.6874,0,0
ALR_PE,D,20131014,000000,24.4266,24.6004,24.4266,24.6004,0,0
ALR_PE,D,20131015,000000,24.6004,25.3828,24.6004,25.2959,0,0
ALR_PE,D,20131016,000000,25.209,25.9913,25.122,25.9043,0,0
ALR_PE,D,20131017,000000,25.9043,25.9913,24.3396,24.4266,0,0
ALR_PE,D,20131018,000000,19.4717,20.1672,18.9502,19.0371,0,0
ALR_PE,D,20131021,000000,19.3848,20.254,19.3848,20.254,0,0
ALR_PE,D,20131022,000000,20.6888,21.3841,20.5148,21.2103,0,0
ALR_PE,D,20131023,000000,21.2972,21.2972,20.6888,21.2103,0,0
ALR_PE,D,20131024,000000,21.2972,21.2972,21.0364,21.2103,0,0
ALR_PE,D,20131025,000000,21.2103,21.2103,20.8626,21.2103,0,0
ALR_PE,D,20131028,000000,21.2972,21.558,21.2103,21.2972,0,0
ALR_PE,D,20131029,000000,21.2972,21.4711,21.2972,21.2972,0,0
ALR_PE,D,20131030,000000,20.5148,21.1234,20.428,20.7756,0,0
ALR_PE,D,20131031,000000,20.7756,20.7756,20.254,20.254,0,0
ALR_PE,D,20131104,000000,20.254,20.6018,20.254,20.254,0,0
ALR_PE,D,20131105,000000,20.254,20.5148,19.7325,20.0802,0,0
ALR_PE,D,20131106,000000,20.1672,20.341,19.8194,20.254,0,0
ALR_PE,D,20131107,000000,20.341,20.341,19.8194,19.8194,0,0
ALR_PE,D,20131108,000000,19.8194,19.8194,19.6456,19.7325,0,0
ALR_PE,D,20131112,000000,19.7325,20.1672,19.5587,19.5587,0,0
ALR_PE,D,20131113,000000,19.5587,19.7325,19.5587,19.5587,0,0
ALR_PE,D,20131114,000000,20.254,20.6888,19.9064,19.9933,0,0
ALR_PE,D,20131115,000000,20.341,23.4704,19.9064,23.4704,0,0
ALR_PE,D,20131118,000000,23.6442,23.8181,23.5573,23.8181,0,0
ALR_PE,D,20131119,000000,23.905,23.905,23.1227,23.2965,0,0
ALR_PE,D,20131120,000000,23.2965,23.6442,23.1227,23.6442,0,0
ALR_PE,D,20131121,000000,23.3835,23.7312,23.1227,23.1227,0,0
ALR_PE,D,20131122,000000,23.2965,23.3835,23.0357,23.2965,0,0
ALR_PE,D,20131125,000000,23.2965,23.3835,23.0357,23.1227,0,0
ALR_PE,D,20131126,000000,23.0357,23.2096,22.4273,23.2096,0,0
ALR_PE,D,20131127,000000,22.8619,23.2096,22.6011,22.775,0,0
ALR_PE,D,20131128,000000,22.775,22.8619,22.4273,22.8619,0,0
ALR_PE,D,20131129,000000,22.5142,23.0357,22.5142,23.0357,0,0
ALR_PE,D,20131202,000000,23.0357,23.3835,22.775,22.8619,0,0
ALR_PE,D,20131203,000000,22.775,22.8619,22.775,22.8619,0,0
ALR_PE,D,20131204,000000,22.8619,22.9489,22.6011,22.6011,0,0
ALR_PE,D,20131205,000000,22.4273,22.9489,21.9057,22.8619,0,0
ALR_PE,D,20131206,000000,22.9489,23.7312,22.9489,23.5573,0,0
ALR_PE,D,20131209,000000,23.6442,23.992,23.6442,23.992,0,0
ALR_PE,D,20131210,000000,24.0789,24.4266,23.905,23.992,0,0
ALR_PE,D,20131211,000000,24.1658,24.1658,23.8181,23.8181,0,0
ALR_PE,D,20131212,000000,23.8181,23.992,23.8181,23.992,0,0
ALR_PE,D,20131213,000000,23.7312,23.992,23.6442,23.905,0,0
ALR_PE,D,20131216,000000,23.992,23.992,23.7312,23.992,0,0
ALR_PE,D,20131217,000000,23.992,24.0789,23.905,23.992,0,0
ALR_PE,D,20131218,000000,23.992,24.8612,23.8181,24.1658,0,0
ALR_PE,D,20131219,000000,24.1658,24.7743,24.1658,24.4266,0,0
ALR_PE,D,20131220,000000,24.3396,24.6874,24.0789,24.6874,0,0
ALR_PE,D,20131223,000000,24.5136,25.0351,24.4266,24.6004,0,0
ALR_PE,D,20131227,000000,24.7743,24.8612,24.6874,24.7743,0,0
ALR_PE,D,20131230,000000,24.6874,25.0351,24.3396,25.0351,0,0
ALR_PE,D,20140102,000000,24.9482,25.0351,24.7743,25.0351,0,0
ALR_PE,D,20140103,000000,24.8612,24.8612,24.6004,24.7743,0,0
ALR_PE,D,20140107,000000,24.4266,24.7743,24.2528,24.2528,0,0
ALR_PE,D,20140108,000000,24.2528,24.5136,24.2528,24.5136,0,0
ALR_PE,D,20140109,000000,24.2528,24.5136,24.1658,24.5136,0,0
ALR_PE,D,20140110,000000,24.5136,24.5136,23.6442,24.5136,0,0
ALR_PE,D,20140113,000000,24.0789,24.8612,24.0789,24.2528,0,0
ALR_PE,D,20140114,000000,24.2528,24.6004,24.1658,24.6004,0,0
ALR_PE,D,20140115,000000,24.5136,24.7743,24.5136,24.7743,0,0
ALR_PE,D,20140116,000000,24.7743,24.7743,24.6004,24.7743,0,0
ALR_PE,D,20140117,000000,24.7743,24.9482,24.6874,24.9482,0,0
ALR_PE,D,20140120,000000,24.9482,25.8175,24.9482,25.8175,0,0
ALR_PE,D,20140121,000000,25.8175,28.773,25.8175,28.773,0,0
ALR_PE,D,20140122,000000,28.773,29.2945,28.773,29.0338,0,0
ALR_PE,D,20140123,000000,29.1207,29.7292,29.0338,29.3815,0,0
ALR_PE,D,20140124,000000,29.3815,29.9031,28.8599,29.2945,0,0
ALR_PE,D,20140127,000000,28.8599,29.2945,28.0776,29.2945,0,0
ALR_PE,D,20140128,000000,29.2945,29.6423,29.1207,29.2945,0,0
ALR_PE,D,20140129,000000,29.3815,29.9031,28.9468,29.3815,0,0
ALR_PE,D,20140130,000000,28.9468,29.4684,28.9468,29.4684,0,0
ALR_PE,D,20140131,000000,29.2076,29.7292,29.1207,29.7292,0,0
ALR_PE,D,20140203,000000,29.7292,30.3377,29.5553,29.7292,0,0
ALR_PE,D,20140204,000000,29.2945,29.4684,29.2076,29.2945,0,0
ALR_PE,D,20140205,000000,29.3815,29.9031,29.3815,29.4684,0,0
ALR_PE,D,20140206,000000,29.9899,30.3377,29.7292,30.3377,0,0
ALR_PE,D,20140207,000000,30.2507,30.4246,30.1638,30.2507,0,0
ALR_PE,D,20140210,000000,30.0769,30.5985,30.0769,30.2507,0,0
ALR_PE,D,20140211,000000,30.3377,31.2069,30.2507,31.0331,0,0
ALR_PE,D,20140212,000000,31.0331,31.8154,31.0331,31.5546,0,0
ALR_PE,D,20140213,000000,31.5546,31.5546,30.9461,31.3808,0,0
ALR_PE,D,20140214,000000,31.2069,31.3808,31.2069,31.2069,0,0
ALR_PE,D,20140217,000000,31.2069,31.3808,30.9461,31.3808,0,0
ALR_PE,D,20140218,000000,31.2069,31.5546,31.0331,31.0331,0,0
ALR_PE,D,20140219,000000,31.0331,31.0331,30.3377,30.9461,0,0
ALR_PE,D,20140220,000000,30.6853,30.6853,30.4246,30.4246,0,0
ALR_PE,D,20140221,000000,30.4246,31.12,30.4246,31.0331,0,0
ALR_PE,D,20140224,000000,31.0331,31.3808,30.8593,31.3808,0,0
ALR_PE,D,20140225,000000,31.3808,31.3808,31.12,31.3808,0,0
ALR_PE,D,20140226,000000,31.12,31.9024,31.12,31.4677,0,0
ALR_PE,D,20140227,000000,31.2939,32.0762,31.12,31.9024,0,0
ALR_PE,D,20140228,000000,31.9024,32.7716,31.7285,32.7716,0,0
ALR_PE,D,20140303,000000,31.0331,31.7285,30.9461,31.3808,0,0
ALR_PE,D,20140304,000000,31.2939,32.424,31.2939,31.9893,0,0
ALR_PE,D,20140305,000000,32.25,32.424,31.3808,31.4677,0,0
ALR_PE,D,20140306,000000,31.9024,31.9024,24.4266,24.4266,0,0
ALR_PE,D,20140307,000000,24.5136,24.5136,23.6442,23.7312,0,0
ALR_PE,D,20140310,000000,23.4704,23.905,23.3835,23.905,0,0
ALR_PE,D,20140311,000000,23.992,23.992,23.6442,23.905,0,0
ALR_PE,D,20140312,000000,23.8181,23.905,23.2096,23.7312,0,0
ALR_PE,D,20140313,000000,23.7312,23.7312,23.4704,23.6442,0,0
ALR_PE,D,20140314,000000,23.4704,23.4704,22.4273,23.1227,0,0
ALR_PE,D,20140317,000000,22.8619,23.905,22.8619,23.6442,0,0
ALR_PE,D,20140318,000000,23.992,23.992,23.5573,23.6442,0,0
ALR_PE,D,20140319,000000,23.4704,23.6442,23.0357,23.2965,0,0
ALR_PE,D,20140320,000000,23.1227,23.6442,23.1227,23.3835,0,0
ALR_PE,D,20140321,000000,23.3835,23.4704,22.6881,22.775,0,0
ALR_PE,D,20140324,000000,22.8619,23.2096,22.6881,23.0357,0,0
ALR_PE,D,20140325,000000,23.1227,23.4704,23.1227,23.3835,0,0
ALR_PE,D,20140326,000000,23.6442,23.992,23.5573,23.7312,0,0
ALR_PE,D,20140327,000000,23.7312,23.992,23.4704,23.4704,0,0
ALR_PE,D,20140328,000000,23.7312,23.7312,23.2965,23.3835,0,0
ALR_PE,D,20140331,000000,22.775,23.3835,22.775,23.3835,0,0
ALR_PE,D,20140401,000000,23.4704,23.6442,23.3835,23.4704,0,0
ALR_PE,D,20140402,000000,23.6442,23.6442,23.4704,23.6442,0,0
ALR_PE,D,20140403,000000,23.7312,23.7312,23.4704,23.4704,0,0
ALR_PE,D,20140404,000000,23.4704,23.4704,23.2096,23.2096,0,0
ALR_PE,D,20140407,000000,23.2096,23.2965,23.0357,23.1227,0,0
ALR_PE,D,20140408,000000,23.0357,23.7312,23.0357,23.3835,0,0
ALR_PE,D,20140409,000000,23.6442,23.6442,23.1227,23.2096,0,0
ALR_PE,D,20140410,000000,23.4704,23.4704,22.3403,22.4273,0,0
ALR_PE,D,20140411,000000,22.4273,22.4273,21.558,21.9057,0,0
ALR_PE,D,20140414,000000,21.7319,22.0795,21.2972,21.4711,0,0
ALR_PE,D,20140415,000000,21.4711,21.4711,21.0364,21.0364,0,0
ALR_PE,D,20140416,000000,21.2103,21.6449,21.2103,21.4711,0,0
ALR_PE,D,20140417,000000,21.4711,22.3403,21.4711,22.3403,0,0
ALR_PE,D,20140422,000000,22.2535,22.6011,22.1665,22.6011,0,0
ALR_PE,D,20140423,000000,21.7319,21.9057,21.2972,21.9057,0,0
ALR_PE,D,20140424,000000,21.7319,21.9057,21.4711,21.558,0,0
ALR_PE,D,20140425,000000,21.4711,21.6449,21.4711,21.558,0,0
ALR_PE,D,20140428,000000,21.558,21.558,21.2103,21.2103,0,0
ALR_PE,D,20140429,000000,21.2972,21.3841,21.1234,21.2972,0,0
ALR_PE,D,20140430,000000,21.4711,21.4711,21.2103,21.2972,0,0
ALR_PE,D,20140502,000000,21.2972,21.2972,21.2103,21.2103,0,0
ALR_PE,D,20140505,000000,21.2103,21.2972,20.7756,20.7756,0,0
ALR_PE,D,20140506,000000,20.8626,21.0364,20.7756,21.0364,0,0
ALR_PE,D,20140507,000000,21.0364,21.1234,20.6888,21.0364,0,0
ALR_PE,D,20140508,000000,21.2103,21.3841,20.9495,21.2103,0,0
ALR_PE,D,20140509,000000,21.3841,21.3841,20.7756,20.8626,0,0
ALR_PE,D,20140512,000000,20.9495,21.1234,20.5148,20.7756,0,0
ALR_PE,D,20140513,000000,20.8626,21.0364,18.7763,18.7763,0,0
ALR_PE,D,20140514,000000,18.8633,19.0371,18.7763,18.8633,0,0
ALR_PE,D,20140515,000000,18.9502,18.9502,18.6025,18.6894,0,0
ALR_PE,D,20140516,000000,18.6894,18.8633,18.6894,18.6894,0,0
ALR_PE,D,20140519,000000,18.7763,19.124,18.6894,18.7763,0,0
ALR_PE,D,20140520,000000,19.0371,19.3848,18.9502,19.2979,0,0
ALR_PE,D,20140521,000000,19.4717,19.4717,19.124,19.2979,0,0
ALR_PE,D,20140522,000000,19.3848,19.7325,19.2979,19.7325,0,0
ALR_PE,D,20140523,000000,19.8194,19.8194,19.6456,19.8194,0,0
ALR_PE,D,20140526,000000,19.8194,19.9064,19.6456,19.8194,0,0
ALR_PE,D,20140527,000000,19.7325,19.9933,19.7325,19.9933,0,0
ALR_PE,D,20140528,000000,19.9933,19.9933,19.3848,19.7325,0,0
ALR_PE,D,20140529,000000,19.4717,19.8194,19.4717,19.8194,0,0
ALR_PE,D,20140530,000000,19.8194,20.1672,19.2979,20.1672,0,0
ALR_PE,D,20140602,000000,20.1672,20.1672,19.5587,19.9064,0,0
ALR_PE,D,20140603,000000,19.9933,19.9933,19.7325,19.8194,0,0
ALR_PE,D,20140604,000000,19.8194,19.8194,19.6456,19.8194,0,0
ALR_PE,D,20140605,000000,19.8194,20.0802,19.6456,19.9933,0,0
ALR_PE,D,20140606,000000,20.0802,20.5148,19.9933,20.5148,0,0
ALR_PE,D,20140609,000000,20.5148,20.5148,20.341,20.428,0,0
ALR_PE,D,20140610,000000,20.341,20.341,20.341,20.341,0,0
ALR_PE,D,20140611,000000,20.341,20.341,20.0802,20.254,0,0
ALR_PE,D,20140612,000000,20.0802,20.254,19.9933,20.0802,0,0
ALR_PE,D,20140613,000000,20.254,20.254,19.9064,20.0802,0,0
ALR_PE,D,20140616,000000,19.9064,20.0802,19.7325,20.0802,0,0
ALR_PE,D,20140617,000000,20.0802,20.254,19.9933,20.0802,0,0
ALR_PE,D,20140618,000000,19.9933,20.0802,19.9064,19.9933,0,0
ALR_PE,D,20140620,000000,19.9064,20.341,19.8194,20.254,0,0
ALR_PE,D,20140623,000000,20.254,20.428,20.0802,20.254,0,0
ALR_PE,D,20140624,000000,20.341,20.5148,20.0802,20.254,0,0
ALR_PE,D,20140625,000000,19.7325,20.341,19.7325,19.9933,0,0
ALR_PE,D,20140626,000000,19.9064,19.9933,19.6456,19.6456,0,0
ALR_PE,D,20140627,000000,19.5587,19.7325,19.124,19.6456,0,0
ALR_PE,D,20140630,000000,19.6456,20.0802,19.6456,20.0802,0,0
ALR_PE,D,20140701,000000,20.0802,20.0802,19.7325,19.7325,0,0
ALR_PE,D,20140702,000000,19.8194,19.9933,19.7325,19.9064,0,0
ALR_PE,D,20140703,000000,19.9933,19.9933,19.6456,19.8194,0,0
ALR_PE,D,20140704,000000,19.7325,19.8194,19.7325,19.7325,0,0
ALR_PE,D,20140707,000000,19.8194,19.8194,19.7325,19.8194,0,0
ALR_PE,D,20140708,000000,19.8194,19.8194,19.6456,19.7325,0,0
ALR_PE,D,20140709,000000,19.5587,19.7325,19.2979,19.5587,0,0
ALR_PE,D,20140710,000000,19.7325,19.7325,18.8633,19.0371,0,0
ALR_PE,D,20140711,000000,19.124,19.2979,19.0371,19.211,0,0
ALR_PE,D,20140714,000000,19.2979,19.4717,19.211,19.211,0,0
ALR_PE,D,20140715,000000,19.3848,19.6456,19.3848,19.4717,0,0
ALR_PE,D,20140716,000000,19.4717,19.5587,19.2979,19.2979,0,0
ALR_PE,D,20140717,000000,19.2979,19.3848,19.124,19.3848,0,0
ALR_PE,D,20140718,000000,19.211,19.5587,19.211,19.5587,0,0
ALR_PE,D,20140721,000000,19.5587,19.5587,19.2979,19.5587,0,0
ALR_PE,D,20140722,000000,19.5587,19.5587,19.3848,19.3848,0,0
ALR_PE,D,20140723,000000,19.4717,19.5587,19.211,19.211,0,0
ALR_PE,D,20140724,000000,19.4717,19.5587,19.211,19.211,0,0
ALR_PE,D,20140725,000000,19.124,19.5587,19.124,19.4717,0,0
ALR_PE,D,20140728,000000,19.4717,19.4717,19.211,19.4717,0,0
ALR_PE,D,20140729,000000,19.211,19.4717,19.211,19.2979,0,0
ALR_PE,D,20140730,000000,19.2979,19.2979,18.6025,18.6894,0,0
ALR_PE,D,20140731,000000,18.6894,18.8633,18.4286,18.6894,0,0
ALR_PE,D,20140801,000000,18.6025,19.2979,18.2547,19.211,0,0
ALR_PE,D,20140804,000000,19.124,19.4717,18.7763,19.4717,0,0
ALR_PE,D,20140805,000000,19.4717,19.7325,18.9502,18.9502,0,0
ALR_PE,D,20140806,000000,18.9502,19.0371,18.9502,18.9502,0,0
ALR_PE,D,20140807,000000,19.211,19.211,18.7763,19.0371,0,0
ALR_PE,D,20140808,000000,18.9502,18.9502,18.6025,18.6025,0,0
ALR_PE,D,20140811,000000,18.9502,18.9502,18.6894,18.9502,0,0
ALR_PE,D,20140812,000000,18.9502,19.0371,18.7763,19.0371,0,0
ALR_PE,D,20140813,000000,19.0371,19.0371,18.9502,19.0371,0,0
ALR_PE,D,20140814,000000,18.9502,19.0371,18.6894,18.8633,0,0
ALR_PE,D,20140818,000000,18.6894,19.211,18.6894,19.211,0,0
ALR_PE,D,20140819,000000,19.124,19.7325,18.9502,19.124,0,0
ALR_PE,D,20140820,000000,19.0371,19.211,19.0371,19.124,0,0
ALR_PE,D,20140821,000000,19.211,19.2979,19.0371,19.0371,0,0
ALR_PE,D,20140822,000000,19.0371,19.124,18.8633,18.8633,0,0
ALR_PE,D,20140825,000000,19.0371,19.0371,18.8633,18.8633,0,0
ALR_PE,D,20140826,000000,19.0371,19.2979,18.8633,19.2979,0,0
ALR_PE,D,20140827,000000,19.2979,19.2979,19.0371,19.0371,0,0
ALR_PE,D,20140828,000000,19.0371,19.0371,18.4286,18.4286,0,0
ALR_PE,D,20140829,000000,18.4286,18.6025,18.2547,18.4286,0,0
ALR_PE,D,20140901,000000,18.6025,18.6025,18.3417,18.4286,0,0
ALR_PE,D,20140902,000000,18.6025,18.7763,18.4286,18.6894,0,0
ALR_PE,D,20140903,000000,18.6894,19.5587,18.6894,19.5587,0,0
ALR_PE,D,20140904,000000,19.4717,20.5148,19.3848,20.5148,0,0
ALR_PE,D,20140905,000000,20.6018,20.6018,19.9933,20.6018,0,0
ALR_PE,D,20140908,000000,20.6018,20.6018,20.254,20.5148,0,0
ALR_PE,D,20140909,000000,20.428,20.6018,20.254,20.254,0,0
ALR_PE,D,20140910,000000,20.0802,20.5148,20.0802,20.5148,0,0
ALR_PE,D,20140911,000000,20.428,20.5148,20.0802,20.0802,0,0
ALR_PE,D,20140912,000000,20.254,20.6018,20.254,20.5148,0,0
ALR_PE,D,20140915,000000,20.5148,21.2972,20.428,21.0364,0,0
ALR_PE,D,20140916,000000,21.0364,21.2972,20.8626,21.0364,0,0
ALR_PE,D,20140917,000000,21.1234,21.2972,20.9495,21.2972,0,0
ALR_PE,D,20140918,000000,21.2972,21.2972,20.9495,20.9495,0,0
ALR_PE,D,20140919,000000,21.1234,21.2972,20.8626,21.0364,0,0
ALR_PE,D,20140922,000000,21.0364,21.1234,20.9495,21.0364,0,0
ALR_PE,D,20140923,000000,21.0364,21.1234,20.8626,20.9495,0,0
ALR_PE,D,20140924,000000,21.0364,21.0364,20.428,20.5148,0,0
ALR_PE,D,20140925,000000,20.5148,20.6018,20.0802,20.254,0,0
ALR_PE,D,20140926,000000,19.9933,20.1672,19.9933,19.9933,0,0
ALR_PE,D,20140929,000000,20.1672,20.254,19.9933,20.0802,0,0
ALR_PE,D,20140930,000000,20.0802,20.7756,19.9933,20.6018,0,0
ALR_PE,D,20141001,000000,20.341,20.6018,20.254,20.428,0,0
ALR_PE,D,20141002,000000,20.0802,20.254,19.9933,20.0802,0,0
ALR_PE,D,20141003,000000,20.1672,20.254,20.0802,20.0802,0,0
ALR_PE,D,20141006,000000,20.1672,20.5148,20.0802,20.254,0,0
ALR_PE,D,20141007,000000,19.9933,20.1672,19.8194,19.9064,0,0
ALR_PE,D,20141008,000000,19.8194,19.8194,19.0371,19.0371,0,0
ALR_PE,D,20141009,000000,19.211,19.211,18.7763,18.8633,0,0
ALR_PE,D,20141010,000000,18.6025,18.6025,18.2547,18.3417,0,0
ALR_PE,D,20141013,000000,18.3417,18.6025,18.3417,18.3417,0,0
ALR_PE,D,20141014,000000,18.5155,18.5155,18.2547,18.4286,0,0
ALR_PE,D,20141015,000000,18.4286,18.4286,17.7332,17.7332,0,0
ALR_PE,D,20141016,000000,17.8201,17.8201,17.2116,17.2986,0,0
ALR_PE,D,20141017,000000,17.3855,17.9071,17.3855,17.7332,0,0
ALR_PE,D,20141020,000000,17.9071,18.0809,17.4724,17.5593,0,0
ALR_PE,D,20141021,000000,17.7332,18.4286,17.6463,18.4286,0,0
ALR_PE,D,20141022,000000,18.5155,18.6025,18.1679,18.6025,0,0
ALR_PE,D,20141023,000000,18.6025,18.6894,18.3417,18.3417,0,0
ALR_PE,D,20141024,000000,18.5155,18.5155,18.1679,18.3417,0,0
ALR_PE,D,20141027,000000,18.4286,18.4286,18.0809,18.4286,0,0
ALR_PE,D,20141028,000000,18.4286,18.4286,18.1679,18.4286,0,0
ALR_PE,D,20141029,000000,18.4286,18.4286,18.2547,18.4286,0,0
ALR_PE,D,20141030,000000,18.5155,18.6025,17.9071,17.9071,0,0
ALR_PE,D,20141031,000000,17.9939,18.4286,17.9939,18.0809,0,0
ALR_PE,D,20141103,000000,18.1679,18.4286,17.9939,18.4286,0,0
ALR_PE,D,20141104,000000,18.4286,18.6025,18.3417,18.3417,0,0
ALR_PE,D,20141105,000000,18.4286,18.7763,18.2547,18.5155,0,0
ALR_PE,D,20141106,000000,18.6894,19.124,17.1247,17.1247,0,0
ALR_PE,D,20141107,000000,16.9508,17.2986,16.6032,16.777,0,0
ALR_PE,D,20141110,000000,16.777,16.8639,16.3424,16.3424,0,0
ALR_PE,D,20141112,000000,16.4292,16.69,16.2554,16.5162,0,0
ALR_PE,D,20141113,000000,16.69,16.8639,16.3424,16.5162,0,0
ALR_PE,D,20141114,000000,16.69,16.777,16.3424,16.777,0,0
ALR_PE,D,20141117,000000,16.777,17.2116,16.69,17.2116,0,0
ALR_PE,D,20141118,000000,17.2116,17.2986,16.9508,16.9508,0,0
ALR_PE,D,20141119,000000,16.9508,17.1247,16.9508,17.0378,0,0
ALR_PE,D,20141120,000000,16.8639,16.8639,16.6032,16.6032,0,0
ALR_PE,D,20141121,000000,16.777,16.8639,16.5162,16.777,0,0
ALR_PE,D,20141124,000000,16.777,17.1247,16.69,16.9508,0,0
ALR_PE,D,20141125,000000,16.9508,17.2116,16.8639,17.2116,0,0
ALR_PE,D,20141126,000000,17.0378,17.3855,17.0378,17.3855,0,0
ALR_PE,D,20141127,000000,17.2116,17.8201,17.2116,17.8201,0,0
ALR_PE,D,20141128,000000,17.6463,17.7332,17.2116,17.2116,0,0
ALR_PE,D,20141201,000000,17.1247,17.3855,17.1247,17.2986,0,0
ALR_PE,D,20141202,000000,17.5593,17.8201,17.2986,17.8201,0,0
ALR_PE,D,20141203,000000,17.9071,17.9939,17.7332,17.7332,0,0
ALR_PE,D,20141204,000000,17.9071,18.0809,17.3855,17.3855,0,0
ALR_PE,D,20141205,000000,17.5593,17.9071,17.5593,17.8201,0,0
ALR_PE,D,20141208,000000,17.6463,17.9071,17.6463,17.8201,0,0
ALR_PE,D,20141209,000000,17.7332,17.8201,17.2116,17.2986,0,0
ALR_PE,D,20141210,000000,17.2986,17.3855,16.9508,16.9508,0,0
ALR_PE,D,20141211,000000,17.0378,17.2986,16.777,16.9508,0,0
ALR_PE,D,20141212,000000,17.0378,17.2116,16.777,16.777,0,0
ALR_PE,D,20141215,000000,16.777,17.0378,16.5162,16.5162,0,0
ALR_PE,D,20141216,000000,16.3424,16.777,15.9078,16.1685,0,0
ALR_PE,D,20141217,000000,16.2554,16.6032,16.1685,16.4292,0,0
ALR_PE,D,20141218,000000,16.6032,16.777,16.5162,16.6032,0,0
ALR_PE,D,20141219,000000,16.6032,16.69,16.3424,16.69,0,0
ALR_PE,D,20141222,000000,16.5162,17.2986,16.5162,17.2986,0,0
ALR_PE,D,20141223,000000,17.2986,17.5593,17.0378,17.0378,0,0
ALR_PE,D,20141229,000000,17.0378,17.3855,16.9508,17.0378,0,0
ALR_PE,D,20141230,000000,16.9508,17.2116,16.9508,16.9508,0,0
ALR_PE,D,20150102,000000,16.9508,16.9508,16.6032,16.777,0,0
ALR_PE,D,20150105,000000,16.69,17.2986,16.4292,16.4292,0,0
ALR_PE,D,20150107,000000,16.5162,17.2116,16.5162,16.6032,0,0
ALR_PE,D,20150108,000000,16.777,17.2986,16.777,17.2986,0,0
ALR_PE,D,20150109,000000,17.2986,17.4724,17.2116,17.2116,0,0
ALR_PE,D,20150112,000000,17.2116,17.6463,17.1247,17.6463,0,0
ALR_PE,D,20150113,000000,17.7332,17.9071,17.2986,17.7332,0,0
ALR_PE,D,20150114,000000,17.6463,17.7332,17.3855,17.6463,0,0
ALR_PE,D,20150115,000000,17.6463,17.6463,16.69,16.9508,0,0
ALR_PE,D,20150116,000000,16.777,17.1247,16.6032,16.9508,0,0
ALR_PE,D,20150119,000000,16.777,17.2986,16.777,17.2116,0,0
ALR_PE,D,20150120,000000,17.2116,17.6463,17.0378,17.0378,0,0
ALR_PE,D,20150121,000000,17.2116,17.3855,17.2116,17.3855,0,0
ALR_PE,D,20150122,000000,17.4724,18.3417,17.3855,18.2547,0,0
ALR_PE,D,20150123,000000,18.1679,18.7763,17.9071,18.4286,0,0
ALR_PE,D,20150126,000000,18.4286,18.5155,18.0809,18.5155,0,0
ALR_PE,D,20150127,000000,18.5155,18.7763,18.5155,18.7763,0,0
ALR_PE,D,20150128,000000,18.8633,18.9502,18.4286,18.4286,0,0
ALR_PE,D,20150129,000000,18.3417,18.6894,18.1679,18.2547,0,0
ALR_PE,D,20150130,000000,18.4286,18.6894,18.1679,18.6894,0,0
ALR_PE,D,20150202,000000,18.5155,18.6025,17.9939,18.3417,0,0
ALR_PE,D,20150203,000000,18.3417,18.5155,18.1679,18.3417,0,0
ALR_PE,D,20150204,000000,18.2547,18.4286,17.8201,18.0809,0,0
ALR_PE,D,20150205,000000,18.0809,18.0809,17.8201,17.8201,0,0
ALR_PE,D,20150206,000000,17.9071,18.2547,17.8201,17.9939,0,0
ALR_PE,D,20150209,000000,18.0809,18.5155,17.7332,18.2547,0,0
ALR_PE,D,20150210,000000,18.4286,18.6894,18.2547,18.4286,0,0
ALR_PE,D,20150211,000000,18.3417,18.3417,18.0809,18.1679,0,0
ALR_PE,D,20150212,000000,18.1679,18.1679,17.9071,17.9071,0,0
ALR_PE,D,20150213,000000,17.9071,18.1679,17.7332,18.1679,0,0
ALR_PE,D,20150216,000000,18.2547,18.5155,18.1679,18.2547,0,0
ALR_PE,D,20150217,000000,18.1679,18.4286,18.0809,18.4286,0,0
ALR_PE,D,20150218,000000,18.4286,18.4286,18.1679,18.4286,0,0
ALR_PE,D,20150219,000000,18.1679,18.6025,18.0809,18.6025,0,0
ALR_PE,D,20150220,000000,18.6025,18.6025,18.4286,18.4286,0,0
ALR_PE,D,20150223,000000,18.5155,18.6025,18.1679,18.3417,0,0
ALR_PE,D,20150224,000000,18.2547,18.2547,17.7332,17.9071,0,0
ALR_PE,D,20150225,000000,17.9939,18.6894,17.9071,18.6894,0,0
ALR_PE,D,20150226,000000,18.6894,18.7763,18.5155,18.6025,0,0
ALR_PE,D,20150227,000000,18.8633,18.9502,16.1685,16.1685,0,0
ALR_PE,D,20150302,000000,16.1685,16.2554,15.8208,15.9946,0,0
ALR_PE,D,20150303,000000,15.9946,16.0816,15.647,16.0816,0,0
ALR_PE,D,20150304,000000,16.0816,16.0816,15.7338,15.8208,0,0
ALR_PE,D,20150305,000000,15.8208,15.9078,15.56,15.9078,0,0
ALR_PE,D,20150306,000000,15.9078,15.9946,15.7338,15.7338,0,0
ALR_PE,D,20150309,000000,15.647,15.8208,15.56,15.56,0,0
ALR_PE,D,20150310,000000,15.56,15.56,15.1254,15.1254,0,0
ALR_PE,D,20150311,000000,15.1254,15.2992,15.0385,15.2992,0,0
ALR_PE,D,20150312,000000,15.56,15.8208,15.2123,15.8208,0,0
ALR_PE,D,20150313,000000,15.7338,15.9078,15.4731,15.4731,0,0
ALR_PE,D,20150316,000000,15.4731,15.56,15.4731,15.4731,0,0
ALR_PE,D,20150317,000000,15.56,15.9078,15.4731,15.9078,0,0
ALR_PE,D,20150318,000000,15.9078,15.9078,15.56,15.56,0,0
ALR_PE,D,20150319,000000,15.56,16.1685,15.56,16.0816,0,0
ALR_PE,D,20150320,000000,16.0816,16.2554,15.8208,16.2554,0,0
ALR_PE,D,20150323,000000,16.2554,16.2554,15.9946,16.2554,0,0
ALR_PE,D,20150324,000000,16.1685,16.2554,15.9946,16.0816,0,0
ALR_PE,D,20150325,000000,15.9946,16.3424,15.9078,16.3424,0,0
ALR_PE,D,20150326,000000,16.1685,16.3424,16.0816,16.1685,0,0
ALR_PE,D,20150327,000000,16.2554,16.3424,16.2554,16.3424,0,0
ALR_PE,D,20150330,000000,16.3424,16.6032,16.3424,16.6032,0,0
ALR_PE,D,20150331,000000,16.6032,16.6032,16.0816,16.2554,0,0
ALR_PE,D,20150401,000000,16.0816,16.69,16.0816,16.69,0,0
ALR_PE,D,20150402,000000,16.6032,16.69,16.4292,16.6032,0,0
ALR_PE,D,20150407,000000,16.4292,16.69,16.4292,16.6032,0,0
ALR_PE,D,20150408,000000,16.69,16.69,16.5162,16.69,0,0
ALR_PE,D,20150409,000000,16.6032,16.69,16.4292,16.6032,0,0
ALR_PE,D,20150410,000000,16.6032,16.6032,16.4292,16.6032,0,0
ALR_PE,D,20150413,000000,16.6032,16.69,16.4292,16.5162,0,0
ALR_PE,D,20150414,000000,16.4292,16.5162,16.1685,16.1685,0,0
ALR_PE,D,20150415,000000,16.1685,16.3424,16.1685,16.2554,0,0
ALR_PE,D,20150416,000000,16.3424,16.777,16.3424,16.69,0,0
ALR_PE,D,20150417,000000,16.69,16.777,16.6032,16.6032,0,0
ALR_PE,D,20150420,000000,16.69,16.9508,16.5162,16.9508,0,0
ALR_PE,D,20150421,000000,16.9508,17.3855,16.8639,17.3855,0,0
ALR_PE,D,20150422,000000,17.2116,17.4724,17.0378,17.0378,0,0
ALR_PE,D,20150423,000000,17.2116,17.2116,17.1247,17.2116,0,0
ALR_PE,D,20150424,000000,17.2116,17.4724,17.2116,17.3855,0,0
ALR_PE,D,20150427,000000,17.2116,17.5593,17.2116,17.2986,0,0
ALR_PE,D,20150428,000000,17.2986,17.3855,16.9508,17.3855,0,0
ALR_PE,D,20150429,000000,17.3855,17.3855,17.1247,17.2986,0,0
ALR_PE,D,20150430,000000,17.1247,17.2116,17.0378,17.2116,0,0
ALR_PE,D,20150504,000000,17.3855,17.6463,17.0378,17.5593,0,0
ALR_PE,D,20150505,000000,17.3855,17.4724,17.2116,17.3855,0,0
ALR_PE,D,20150506,000000,17.4724,17.5593,17.2116,17.5593,0,0
ALR_PE,D,20150507,000000,17.5593,17.7332,17.3855,17.7332,0,0
ALR_PE,D,20150508,000000,17.5593,17.9071,17.5593,17.8201,0,0
ALR_PE,D,20150511,000000,17.8201,17.9939,17.8201,17.9071,0,0
ALR_PE,D,20150512,000000,17.7332,18.1679,17.6463,17.9939,0,0
ALR_PE,D,20150513,000000,18.0809,18.6894,18.0809,18.6025,0,0
ALR_PE,D,20150514,000000,18.6025,18.6894,18.2547,18.5155,0,0
ALR_PE,D,20150515,000000,18.6894,19.211,17.9939,17.9939,0,0
ALR_PE,D,20150518,000000,17.9071,18.2547,17.9071,17.9071,0,0
ALR_PE,D,20150519,000000,17.9071,17.9071,17.1247,17.1247,0,0
ALR_PE,D,20150520,000000,17.1247,17.4724,17.0378,17.2986,0,0
ALR_PE,D,20150521,000000,17.4724,17.4724,16.9508,17.1247,0,0
ALR_PE,D,20150522,000000,17.1247,17.1247,16.8639,16.8639,0,0
ALR_PE,D,20150525,000000,16.777,17.0378,16.69,16.9508,0,0
ALR_PE,D,20150526,000000,16.777,17.2116,16.777,17.1247,0,0
ALR_PE,D,20150527,000000,17.1247,17.2116,16.777,16.8639,0,0
ALR_PE,D,20150528,000000,16.777,16.777,16.5162,16.69,0,0
ALR_PE,D,20150529,000000,16.777,17.0378,16.69,16.9508,0,0
ALR_PE,D,20150601,000000,16.8639,16.8639,16.3424,16.777,0,0
ALR_PE,D,20150602,000000,16.8639,17.1247,16.777,17.1247,0,0
ALR_PE,D,20150603,000000,17.1247,17.1247,16.5162,16.69,0,0
ALR_PE,D,20150605,000000,16.3424,16.8639,16.3424,16.777,0,0
ALR_PE,D,20150608,000000,16.6032,16.8639,16.5162,16.8639,0,0
ALR_PE,D,20150609,000000,16.69,16.9508,16.4292,16.6032,0,0
ALR_PE,D,20150610,000000,16.6032,16.6032,16.3424,16.4292,0,0
ALR_PE,D,20150611,000000,16.4292,16.5162,16.2554,16.2554,0,0
ALR_PE,D,20150612,000000,16.3424,16.4292,15.9946,16.0816,0,0
ALR_PE,D,20150615,000000,15.9078,16.6032,15.8208,16.2554,0,0
ALR_PE,D,20150616,000000,16.1685,16.1685,15.7338,15.9078,0,0
ALR_PE,D,20150617,000000,15.8208,15.9078,15.647,15.8208,0,0
ALR_PE,D,20150618,000000,15.7338,16.1685,15.56,16.0816,0,0
ALR_PE,D,20150619,000000,16.0816,16.69,15.9946,16.69,0,0
ALR_PE,D,20150622,000000,16.69,16.8639,16.3424,16.4292,0,0
ALR_PE,D,20150623,000000,16.5162,16.5162,16.3424,16.3424,0,0
ALR_PE,D,20150624,000000,16.5162,16.777,15.9946,16.69,0,0
ALR_PE,D,20150625,000000,16.69,16.69,16.3424,16.4292,0,0
ALR_PE,D,20150626,000000,16.4292,16.6032,16.3424,16.3424,0,0
ALR_PE,D,20150629,000000,15.7338,16.4292,15.7338,16.2554,0,0
ALR_PE,D,20150630,000000,16.0816,16.5162,15.9946,16.3424,0,0
ALR_PE,D,20150701,000000,16.3424,16.6032,16.2554,16.3424,0,0
ALR_PE,D,20150702,000000,16.4292,16.4292,16.0816,16.0816,0,0
ALR_PE,D,20150703,000000,16.2554,16.2554,15.9946,16.0816,0,0
ALR_PE,D,20150706,000000,15.9078,16.3424,15.9078,16.0816,0,0
ALR_PE,D,20150707,000000,16.0816,16.0816,15.56,15.56,0,0
ALR_PE,D,20150708,000000,15.56,15.647,15.2123,15.4731,0,0
ALR_PE,D,20150709,000000,15.4731,15.4731,15.2992,15.3862,0,0
ALR_PE,D,20150710,000000,15.2992,15.9946,15.2992,15.9946,0,0
ALR_PE,D,20150713,000000,15.9946,16.0816,15.7338,15.8208,0,0
ALR_PE,D,20150714,000000,15.8208,15.9946,15.7338,15.9078,0,0
ALR_PE,D,20150715,000000,15.8208,15.8208,15.2992,15.3862,0,0
ALR_PE,D,20150716,000000,15.56,15.7338,15.4731,15.7338,0,0
ALR_PE,D,20150717,000000,15.8208,15.9078,15.647,15.7338,0,0
ALR_PE,D,20150720,000000,15.7338,15.7338,15.56,15.7338,0,0
ALR_PE,D,20150721,000000,15.7338,15.7338,15.3862,15.4731,0,0
ALR_PE,D,20150722,000000,15.2992,15.4731,15.2992,15.4731,0,0
ALR_PE,D,20150723,000000,15.3862,15.56,15.2992,15.4731,0,0
ALR_PE,D,20150724,000000,15.4731,15.647,15.3862,15.3862,0,0
ALR_PE,D,20150727,000000,15.3862,15.3862,15.2123,15.2123,0,0
ALR_PE,D,20150728,000000,15.2123,15.2992,14.9515,15.2123,0,0
ALR_PE,D,20150729,000000,15.1254,15.56,15.1254,15.56,0,0
ALR_PE,D,20150730,000000,15.7338,15.8208,15.3862,15.3862,0,0
ALR_PE,D,20150731,000000,15.3862,15.8208,15.1254,15.8208,0,0
ALR_PE,D,20150803,000000,15.8208,15.8208,15.4731,15.4731,0,0
ALR_PE,D,20150804,000000,15.3862,15.56,15.3862,15.56,0,0
ALR_PE,D,20150805,000000,15.56,15.8208,15.56,15.647,0,0
ALR_PE,D,20150806,000000,15.56,15.647,15.2992,15.56,0,0
ALR_PE,D,20150807,000000,15.4731,15.7338,15.3862,15.7338,0,0
ALR_PE,D,20150810,000000,15.7338,15.7338,15.4731,15.647,0,0
ALR_PE,D,20150811,000000,15.647,15.7338,15.3862,15.647,0,0
ALR_PE,D,20150812,000000,15.647,15.9078,15.3862,15.9078,0,0
ALR_PE,D,20150813,000000,15.9078,15.9946,15.9078,15.9078,0,0
ALR_PE,D,20150814,000000,15.9946,16.3424,15.9946,16.3424,0,0
ALR_PE,D,20150817,000000,16.3424,16.3424,15.9078,15.9078,0,0
ALR_PE,D,20150818,000000,15.9946,15.9946,15.647,15.9078,0,0
ALR_PE,D,20150819,000000,16.0816,16.2554,15.7338,16.2554,0,0
ALR_PE,D,20150820,000000,16.2554,16.2554,15.4731,15.4731,0,0
ALR_PE,D,20150821,000000,15.4731,15.4731,15.2123,15.3862,0,0
ALR_PE,D,20150824,000000,15.0385,15.2992,14.2561,14.8646,0,0
ALR_PE,D,20150825,000000,14.8646,15.2123,14.6907,15.1254,0,0
ALR_PE,D,20150826,000000,15.1254,15.2992,14.9515,15.2123,0,0
ALR_PE,D,20150827,000000,15.4731,15.4731,15.1254,15.2123,0,0
ALR_PE,D,20150828,000000,15.2992,15.56,15.1254,15.56,0,0
ALR_PE,D,20150831,000000,15.56,15.9078,15.56,15.8208,0,0
ALR_PE,D,20150901,000000,15.4731,15.8208,15.3862,15.4731,0,0
ALR_PE,D,20150902,000000,15.3862,15.8208,15.3862,15.7338,0,0
ALR_PE,D,20150903,000000,15.56,15.9078,15.56,15.7338,0,0
ALR_PE,D,20150904,000000,15.647,15.9078,15.56,15.8208,0,0
ALR_PE,D,20150907,000000,15.8208,16.0816,15.8208,15.9946,0,0
ALR_PE,D,20150908,000000,16.0816,16.0816,15.56,15.7338,0,0
ALR_PE,D,20150909,000000,15.9946,15.9946,15.2992,15.2992,0,0
ALR_PE,D,20150910,000000,15.3862,15.56,15.1254,15.56,0,0
ALR_PE,D,20150911,000000,15.647,15.8208,15.4731,15.8208,0,0
ALR_PE,D,20150914,000000,15.9078,15.9078,15.647,15.8208,0,0
ALR_PE,D,20150915,000000,15.8208,15.9078,15.647,15.7338,0,0
ALR_PE,D,20150916,000000,15.7338,15.9078,15.56,15.9078,0,0
ALR_PE,D,20150917,000000,15.9078,15.9078,15.3862,15.3862,0,0
ALR_PE,D,20150918,000000,15.4731,15.4731,15.0385,15.2123,0,0
ALR_PE,D,20150921,000000,15.1254,15.4731,14.9515,15.4731,0,0
ALR_PE,D,20150922,000000,15.4731,15.4731,14.8646,14.9515,0,0
ALR_PE,D,20150923,000000,14.9515,15.1254,14.7777,14.7777,0,0
ALR_PE,D,20150924,000000,14.9515,15.1254,14.5169,14.6038,0,0
ALR_PE,D,20150925,000000,14.7777,14.7777,14.6038,14.6038,0,0
ALR_PE,D,20150928,000000,14.6907,14.7777,14.4299,14.4299,0,0
ALR_PE,D,20150929,000000,14.4299,14.4299,14.1691,14.3431,0,0
ALR_PE,D,20150930,000000,14.5169,14.5169,14.2561,14.2561,0,0
ALR_PE,D,20151001,000000,14.4299,14.4299,13.8215,13.8215,0,0
ALR_PE,D,20151002,000000,13.9084,14.0823,13.7345,13.8215,0,0
ALR_PE,D,20151005,000000,13.9084,14.1691,13.9084,14.0823,0,0
ALR_PE,D,20151006,000000,14.1691,14.5169,14.0823,14.5169,0,0
ALR_PE,D,20151007,000000,14.6038,14.9515,14.6038,14.9515,0,0
ALR_PE,D,20151008,000000,14.8646,15.0385,14.8646,14.9515,0,0
ALR_PE,D,20151009,000000,15.0385,15.2123,14.9515,15.0385,0,0
ALR_PE,D,20151012,000000,14.8646,15.1254,14.8646,15.0385,0,0
ALR_PE,D,20151013,000000,15.0385,15.0385,14.8646,15.0385,0,0
ALR_PE,D,20151014,000000,15.0385,15.2123,15.0385,15.1254,0,0
ALR_PE,D,20151015,000000,15.2123,15.2123,15.0385,15.0385,0,0
ALR_PE,D,20151016,000000,15.1254,15.1254,14.9515,14.9515,0,0
ALR_PE,D,20151019,000000,14.9515,15.0385,14.8646,14.9515,0,0
ALR_PE,D,20151020,000000,14.8646,14.9515,14.6907,14.8646,0,0
ALR_PE,D,20151021,000000,14.7777,14.9515,14.6907,14.8646,0,0
ALR_PE,D,20151022,000000,14.8646,14.9515,14.7777,14.9515,0,0
ALR_PE,D,20151023,000000,15.0385,15.0385,14.7777,14.8646,0,0
ALR_PE,D,20151026,000000,14.6038,15.1254,14.6038,15.0385,0,0
ALR_PE,D,20151027,000000,14.9515,15.0385,14.7777,14.9515,0,0
ALR_PE,D,20151028,000000,14.9515,14.9515,14.8646,14.9515,0,0
ALR_PE,D,20151029,000000,14.9515,15.0385,14.6038,14.6038,0,0
ALR_PE,D,20151030,000000,14.6907,14.7777,14.5169,14.6907,0,0
ALR_PE,D,20151102,000000,14.6038,14.8646,14.6038,14.6907,0,0
ALR_PE,D,20151103,000000,14.5169,14.6907,14.5169,14.6038,0,0
ALR_PE,D,20151104,000000,14.6038,14.6907,14.4299,14.4299,0,0
ALR_PE,D,20151105,000000,14.5169,14.6038,13.5607,13.5607,0,0
ALR_PE,D,20151106,000000,13.5607,13.5607,12.7783,12.8652,0,0
ALR_PE,D,20151109,000000,12.9522,12.9522,12.6044,12.6914,0,0
ALR_PE,D,20151110,000000,12.7783,12.8652,12.6044,12.8652,0,0
ALR_PE,D,20151112,000000,13.0391,13.0391,12.8652,12.9522,0,0
ALR_PE,D,20151113,000000,12.9522,13.0391,12.8652,12.9522,0,0
ALR_PE,D,20151116,000000,12.9522,12.9522,12.3437,12.5176,0,0
ALR_PE,D,20151117,000000,12.5176,12.6914,12.4306,12.6044,0,0
ALR_PE,D,20151118,000000,12.6044,12.6044,12.4306,12.5176,0,0
ALR_PE,D,20151119,000000,12.5176,12.6914,12.5176,12.6914,0,0
ALR_PE,D,20151120,000000,12.7783,12.7783,12.5176,12.6044,0,0
ALR_PE,D,20151123,000000,12.6044,12.6044,12.1698,12.4306,0,0
ALR_PE,D,20151124,000000,12.4306,12.4306,12.1698,12.2568,0,0
ALR_PE,D,20151125,000000,12.4306,12.4306,12.1698,12.1698,0,0
ALR_PE,D,20151126,000000,12.1698,12.3437,12.083,12.3437,0,0
ALR_PE,D,20151127,000000,12.2568,12.3437,12.083,12.083,0,0
ALR_PE,D,20151130,000000,12.083,12.4306,12.083,12.4306,0,0
ALR_PE,D,20151201,000000,12.5176,12.5176,11.8222,11.909,0,0
ALR_PE,D,20151202,000000,11.996,11.996,10.8659,10.8659,0,0
ALR_PE,D,20151203,000000,11.0398,11.2136,10.8659,11.2136,0,0
ALR_PE,D,20151204,000000,11.3006,11.3875,11.0398,11.1267,0,0
ALR_PE,D,20151207,000000,11.1267,11.2136,11.1267,11.2136,0,0
ALR_PE,D,20151208,000000,11.3006,11.3006,10.6921,10.6921,0,0
ALR_PE,D,20151209,000000,10.6921,10.8659,10.2575,10.2575,0,0
ALR_PE,D,20151210,000000,10.4313,10.8659,10.4313,10.779,0,0
ALR_PE,D,20151211,000000,10.9529,10.9529,10.4313,10.5182,0,0
ALR_PE,D,20151214,000000,10.6051,10.6921,10.2575,10.6051,0,0
ALR_PE,D,20151215,000000,10.5182,10.8659,10.5182,10.5182,0,0
ALR_PE,D,20151216,000000,10.6921,10.6921,10.4313,10.5182,0,0
ALR_PE,D,20151217,000000,10.6051,11.0398,10.5182,10.8659,0,0
ALR_PE,D,20151218,000000,10.779,11.1267,10.779,11.0398,0,0
ALR_PE,D,20151221,000000,11.1267,11.2136,11.0398,11.1267,0,0
ALR_PE,D,20151222,000000,11.1267,11.3006,11.0398,11.2136,0,0
ALR_PE,D,20151223,000000,11.1267,11.3875,11.1267,11.2136,0,0
ALR_PE,D,20151228,000000,11.3006,11.4744,11.2136,11.2136,0,0
ALR_PE,D,20151229,000000,11.2136,11.3875,11.2136,11.3006,0,0
ALR_PE,D,20151230,000000,11.3875,11.4744,11.3006,11.3006,0,0
ALR_PE,D,20160104,000000,11.3006,11.3006,10.9529,10.9529,0,0
ALR_PE,D,20160105,000000,10.9529,11.1267,10.9529,10.9529,0,0
ALR_PE,D,20160107,000000,10.6051,10.6921,10.6051,10.6051,0,0
ALR_PE,D,20160108,000000,10.6051,10.6051,10.0835,10.1705,0,0
ALR_PE,D,20160111,000000,10.2575,10.2575,9.73589,9.73589,0,0
ALR_PE,D,20160112,000000,9.73589,10.2575,9.73589,10.0835,0,0
ALR_PE,D,20160113,000000,10.3443,10.3443,10.1705,10.1705,0,0
ALR_PE,D,20160114,000000,10.0835,10.0835,9.82276,9.99668,0,0
ALR_PE,D,20160115,000000,9.90972,10.0835,9.64893,9.64893,0,0
ALR_PE,D,20160118,000000,9.56198,9.73589,9.12737,9.21432,0,0
ALR_PE,D,20160119,000000,9.38815,9.47511,9.12737,9.38815,0,0
ALR_PE,D,20160120,000000,9.21432,9.73589,9.12737,9.64893,0,0
ALR_PE,D,20160121,000000,9.64893,9.64893,9.21432,9.38815,0,0
ALR_PE,D,20160122,000000,9.47511,9.47511,9.30119,9.47511,0,0
ALR_PE,D,20160125,000000,9.47511,9.64893,9.38815,9.64893,0,0
ALR_PE,D,20160126,000000,9.56198,9.56198,9.38815,9.47511,0,0
ALR_PE,D,20160127,000000,9.47511,9.90972,9.47511,9.90972,0,0
ALR_PE,D,20160128,000000,9.99668,10.2575,9.99668,10.1705,0,0
ALR_PE,D,20160129,000000,10.2575,10.2575,9.99668,10.2575,0,0
ALR_PE,D,20160201,000000,10.2575,10.4313,10.1705,10.2575,0,0
ALR_PE,D,20160202,000000,10.2575,10.3443,10.0835,10.0835,0,0
ALR_PE,D,20160203,000000,10.0835,10.2575,9.90972,10.2575,0,0
ALR_PE,D,20160204,000000,10.3443,10.6051,10.2575,10.6051,0,0
ALR_PE,D,20160205,000000,10.6921,10.6921,10.2575,10.3443,0,0
ALR_PE,D,20160208,000000,10.4313,10.5182,10.1705,10.2575,0,0
ALR_PE,D,20160209,000000,10.2575,10.4313,10.0835,10.4313,0,0
ALR_PE,D,20160210,000000,10.4313,10.5182,10.4313,10.5182,0,0
ALR_PE,D,20160211,000000,10.5182,10.5182,10.3443,10.3443,0,0
ALR_PE,D,20160212,000000,10.4313,10.4313,10.0835,10.0835,0,0
ALR_PE,D,20160215,000000,10.1705,10.3443,10.1705,10.1705,0,0
ALR_PE,D,20160216,000000,10.2575,10.2575,10.0835,10.0835,0,0
ALR_PE,D,20160217,000000,10.0835,10.6921,10.0835,10.6921,0,0
ALR_PE,D,20160218,000000,10.6921,11.0398,10.6051,10.779,0,0
ALR_PE,D,20160219,000000,10.779,10.779,10.4313,10.6051,0,0
ALR_PE,D,20160222,000000,10.779,10.779,10.6051,10.6051,0,0
ALR_PE,D,20160223,000000,10.6051,10.6051,10.5182,10.6051,0,0
ALR_PE,D,20160224,000000,10.6051,10.6051,10.4313,10.4313,0,0
ALR_PE,D,20160225,000000,10.4313,10.4313,10.3443,10.4313,0,0
ALR_PE,D,20160226,000000,10.5182,10.6921,10.1705,10.2575,0,0
ALR_PE,D,20160229,000000,10.1705,10.1705,10.0835,10.1705,0,0
ALR_PE,D,20160301,000000,10.1705,10.2575,10.0835,10.1705,0,0
ALR_PE,D,20160302,000000,10.1705,10.4313,10.0835,10.3443,0,0
ALR_PE,D,20160303,000000,10.3443,12.5176,10.1705,12.5176,0,0
ALR_PE,D,20160304,000000,12.4306,12.6914,12.4306,12.6044,0,0
ALR_PE,D,20160307,000000,12.6044,12.9522,12.5176,12.8652,0,0
ALR_PE,D,20160308,000000,12.8652,13.2999,12.8652,13.213,0,0
ALR_PE,D,20160309,000000,13.213,13.213,12.9522,13.213,0,0
ALR_PE,D,20160310,000000,13.2999,13.8215,13.213,13.6476,0,0
ALR_PE,D,20160311,000000,13.7345,14.1691,13.7345,14.1691,0,0
ALR_PE,D,20160314,000000,14.2561,14.2561,13.8215,13.8215,0,0
ALR_PE,D,20160315,000000,13.8215,13.8215,13.4737,13.4737,0,0
ALR_PE,D,20160316,000000,13.5607,13.8215,13.5607,13.7345,0,0
ALR_PE,D,20160317,000000,13.9953,14.0823,13.8215,13.9953,0,0
ALR_PE,D,20160318,000000,13.9084,14.0823,13.5607,14.0823,0,0
ALR_PE,D,20160321,000000,13.9084,14.0823,13.7345,13.9084,0,0
ALR_PE,D,20160322,000000,13.7345,13.7345,13.3868,13.6476,0,0
ALR_PE,D,20160323,000000,13.8215,13.8215,13.3868,13.4737,0,0
ALR_PE,D,20160324,000000,13.3868,13.6476,13.3868,13.4737,0,0
ALR_PE,D,20160329,000000,13.6476,13.6476,13.213,13.213,0,0
ALR_PE,D,20160330,000000,13.213,13.4737,13.213,13.3868,0,0
ALR_PE,D,20160331,000000,13.3868,13.3868,13.2999,13.2999,0,0
ALR_PE,D,20160401,000000,13.4737,14.1691,13.4737,13.9953,0,0
ALR_PE,D,20160404,000000,14.0823,14.9515,13.9084,14.9515,0,0
ALR_PE,D,20160405,000000,15.0385,15.2123,14.4299,14.6038,0,0
ALR_PE,D,20160406,000000,14.6907,14.6907,14.0823,14.1691,0,0
ALR_PE,D,20160407,000000,14.2561,14.3431,13.9953,14.0823,0,0
ALR_PE,D,20160408,000000,13.9953,14.3431,13.9953,14.2561,0,0
ALR_PE,D,20160411,000000,14.3431,14.4299,14.2561,14.2561,0,0
ALR_PE,D,20160412,000000,14.2561,14.2561,14.0823,14.2561,0,0
ALR_PE,D,20160413,000000,14.3431,14.3431,14.1691,14.2561,0,0
ALR_PE,D,20160414,000000,14.2561,14.4299,14.2561,14.3431,0,0
ALR_PE,D,20160415,000000,14.3431,14.4299,14.1691,14.4299,0,0
ALR_PE,D,20160418,000000,14.3431,14.3431,14.1691,14.3431,0,0
ALR_PE,D,20160419,000000,14.3431,14.3431,14.2561,14.2561,0,0
ALR_PE,D,20160420,000000,14.1691,14.4299,14.1691,14.4299,0,0
ALR_PE,D,20160421,000000,14.4299,14.7777,14.4299,14.6038,0,0
ALR_PE,D,20160422,000000,14.6038,14.6038,14.4299,14.6038,0,0
ALR_PE,D,20160425,000000,14.6038,14.6038,14.1691,14.4299,0,0
ALR_PE,D,20160426,000000,14.4299,14.5169,14.3431,14.4299,0,0
ALR_PE,D,20160427,000000,14.3431,14.5169,14.3431,14.5169,0,0
ALR_PE,D,20160428,000000,14.4299,14.4299,14.3431,14.3431,0,0
ALR_PE,D,20160429,000000,14.3431,14.4299,14.0823,14.0823,0,0
ALR_PE,D,20160502,000000,14.0823,14.1691,13.9084,13.9953,0,0
ALR_PE,D,20160504,000000,13.9953,14.1691,13.9953,14.1691,0,0
ALR_PE,D,20160505,000000,13.9953,14.0823,13.7345,13.9084,0,0
ALR_PE,D,20160506,000000,13.8215,13.9084,13.6476,13.7345,0,0
ALR_PE,D,20160509,000000,13.7345,13.7345,13.5607,13.6476,0,0
ALR_PE,D,20160510,000000,13.6476,13.6476,13.4737,13.6476,0,0
ALR_PE,D,20160511,000000,13.5607,13.6476,13.5607,13.5607,0,0
ALR_PE,D,20160512,000000,13.6476,14.2561,13.6476,14.2561,0,0
ALR_PE,D,20160513,000000,14.2561,14.3431,14.0823,14.2561,0,0
ALR_PE,D,20160516,000000,14.1691,14.5169,14.1691,14.3431,0,0
ALR_PE,D,20160517,000000,14.3431,14.5169,14.3431,14.5169,0,0
ALR_PE,D,20160518,000000,14.5169,14.6907,14.3431,14.6907,0,0
ALR_PE,D,20160519,000000,14.4299,14.4299,13.9084,14.2561,0,0
ALR_PE,D,20160520,000000,11.8222,11.8222,11.3875,11.4744,0,0
ALR_PE,D,20160523,000000,11.4744,11.8222,11.4744,11.7352,0,0
ALR_PE,D,20160524,000000,11.8222,12.2568,11.5614,11.5614,0,0
ALR_PE,D,20160525,000000,11.5614,11.5614,11.3006,11.3875,0,0
ALR_PE,D,20160527,000000,11.2136,11.4744,11.2136,11.3875,0,0
ALR_PE,D,20160530,000000,11.3875,11.3875,11.2136,11.3006,0,0
ALR_PE,D,20160531,000000,11.3875,11.3875,10.779,10.9529,0,0
ALR_PE,D,20160601,000000,10.9529,10.9529,10.4313,10.5182,0,0
ALR_PE,D,20160602,000000,10.5182,10.779,10.3443,10.6921,0,0
ALR_PE,D,20160603,000000,10.779,11.2136,10.779,11.2136,0,0
ALR_PE,D,20160606,000000,11.2136,11.2136,11.0398,11.0398,0,0
ALR_PE,D,20160607,000000,11.0398,11.3875,11.0398,11.3875,0,0
ALR_PE,D,20160608,000000,11.3006,11.5614,11.3006,11.3006,0,0
ALR_PE,D,20160609,000000,11.2136,11.3006,11.1267,11.2136,0,0
ALR_PE,D,20160610,000000,11.2136,11.3875,11.0398,11.1267,0,0
ALR_PE,D,20160613,000000,11.0398,11.0398,10.779,10.779,0,0
ALR_PE,D,20160614,000000,10.779,10.8659,10.4313,10.6051,0,0
ALR_PE,D,20160615,000000,10.779,10.779,10.5182,10.6051,0,0
ALR_PE,D,20160616,000000,10.3443,10.4313,10.1705,10.1705,0,0
ALR_PE,D,20160617,000000,10.1705,10.5182,10.1705,10.5182,0,0
ALR_PE,D,20160620,000000,10.8659,11.0398,10.6921,10.9529,0,0
ALR_PE,D,20160621,000000,10.9529,11.0398,10.8659,10.8659,0,0
ALR_PE,D,20160622,000000,10.9529,11.1267,10.8659,11.1267,0,0
ALR_PE,D,20160623,000000,11.1267,11.6483,11.1267,11.6483,0,0
ALR_PE,D,20160624,000000,10.5182,10.8659,10.5182,10.779,0,0
ALR_PE,D,20160627,000000,10.779,10.9529,10.3443,10.4313,0,0
ALR_PE,D,20160628,000000,10.6921,10.6921,10.5182,10.5182,0,0
ALR_PE,D,20160629,000000,10.6051,11.0398,10.6051,11.0398,0,0
ALR_PE,D,20160630,000000,11.0398,11.0398,10.8659,11.0398,0,0
ALR_PE,D,20160701,000000,11.1267,19.5587,10.8659,19.5587,0,0
ALR_PE,D,20160704,000000,19.211,19.4717,19.0371,19.4717,0,0
ALR_PE,D,20160705,000000,19.5587,19.7325,19.2979,19.4717,0,0
ALR_PE,D,20160706,000000,19.211,19.4717,18.3417,18.3417,0,0
ALR_PE,D,20160707,000000,18.6025,18.7763,18.4286,18.4286,0,0
ALR_PE,D,20160708,000000,18.6025,19.2979,18.6025,19.211,0,0
ALR_PE,D,20160711,000000,19.4717,19.4717,19.3848,19.3848,0,0
ALR_PE,D,20160712,000000,19.5587,19.5587,19.2979,19.4717,0,0
ALR_PE,D,20160713,000000,19.5587,20.0802,19.4717,19.9064,0,0
ALR_PE,D,20160714,000000,19.9064,19.9064,19.6456,19.7325,0,0
ALR_PE,D,20160715,000000,20.0802,20.0802,19.8194,19.9933,0,0
ALR_PE,D,20160718,000000,19.9933,20.341,19.9933,20.0802,0,0
ALR_PE,D,20160719,000000,20.1672,20.254,19.9933,20.254,0,0
ALR_PE,D,20160720,000000,20.254,20.6888,20.1672,20.6888,0,0
ALR_PE,D,20160721,000000,20.6888,20.6888,20.428,20.5148,0,0
ALR_PE,D,20160722,000000,20.5148,20.5148,20.254,20.341,0,0
ALR_PE,D,20160725,000000,20.428,20.5148,20.254,20.5148,0,0
ALR_PE,D,20160726,000000,20.5148,20.6018,20.1672,20.5148,0,0
ALR_PE,D,20160727,000000,20.341,20.428,20.0802,20.341,0,0
ALR_PE,D,20160728,000000,20.341,20.341,19.6456,19.7325,0,0
ALR_PE,D,20160729,000000,19.7325,19.7325,18.9502,19.0371,0,0
ALR_PE,D,20160801,000000,19.211,19.5587,18.9502,19.0371,0,0
ALR_PE,D,20160802,000000,19.4717,19.9933,19.211,19.6456,0,0
ALR_PE,D,20160803,000000,19.7325,19.9064,19.211,19.211,0,0
ALR_PE,D,20160804,000000,19.4717,19.9933,19.2979,19.9933,0,0
ALR_PE,D,20160805,000000,20.1672,21.0364,19.9064,21.0364,0,0
ALR_PE,D,20160808,000000,21.0364,21.558,21.0364,21.558,0,0
ALR_PE,D,20160809,000000,21.6449,21.6449,21.1234,21.2972,0,0
ALR_PE,D,20160810,000000,21.2972,21.4711,21.2103,21.2972,0,0
ALR_PE,D,20160811,000000,21.3841,21.7319,20.6888,21.7319,0,0
ALR_PE,D,20160812,000000,21.7319,21.9057,21.558,21.7319,0,0
ALR_PE,D,20160816,000000,21.558,21.8188,21.3841,21.558,0,0
ALR_PE,D,20160817,000000,21.3841,21.3841,20.7756,20.7756,0,0
ALR_PE,D,20160818,000000,20.7756,21.0364,20.6888,20.7756,0,0
ALR_PE,D,20160819,000000,21.0364,21.1234,20.428,20.428,0,0
ALR_PE,D,20160822,000000,20.428,20.7756,20.428,20.6018,0,0
ALR_PE,D,20160823,000000,20.428,20.6888,20.1672,20.5148,0,0
ALR_PE,D,20160824,000000,20.5148,20.5148,19.9933,20.254,0,0
ALR_PE,D,20160825,000000,20.428,20.428,19.9064,19.9933,0,0
ALR_PE,D,20160826,000000,19.9064,19.9064,19.5587,19.7325,0,0
ALR_PE,D,20160829,000000,19.6456,19.9933,19.6456,19.9933,0,0
ALR_PE,D,20160830,000000,19.9933,20.6888,19.9064,20.5148,0,0
ALR_PE,D,20160831,000000,20.5148,20.8626,20.254,20.428,0,0
ALR_PE,D,20160901,000000,20.6018,20.6018,19.8194,19.9064,0,0
ALR_PE,D,20160902,000000,19.9064,20.0802,19.7325,19.9064,0,0
ALR_PE,D,20160905,000000,20.254,20.254,19.8194,19.9064,0,0
ALR_PE,D,20160906,000000,19.9064,20.0802,19.2979,19.2979,0,0
ALR_PE,D,20160907,000000,19.2979,19.7325,19.124,19.4717,0,0
ALR_PE,D,20160908,000000,19.3848,19.6456,19.211,19.211,0,0
ALR_PE,D,20160909,000000,19.0371,19.0371,18.4286,18.4286,0,0
ALR_PE,D,20160912,000000,18.4286,18.4286,17.9071,18.3417,0,0
ALR_PE,D,20160913,000000,18.5155,18.8633,18.3417,18.3417,0,0
ALR_PE,D,20160914,000000,18.3417,18.6894,18.1679,18.1679,0,0
ALR_PE,D,20160915,000000,18.2547,18.2547,18.0809,18.2547,0,0
ALR_PE,D,20160916,000000,18.3417,18.3417,17.8201,17.8201,0,0
ALR_PE,D,20160919,000000,17.9939,18.5155,17.9939,18.2547,0,0
ALR_PE,D,20160920,000000,18.2547,18.6025,18.2547,18.6025,0,0
ALR_PE,D,20160921,000000,18.6025,19.0371,18.6025,19.0371,0,0
ALR_PE,D,20160922,000000,19.124,19.124,17.6463,17.9939,0,0
ALR_PE,D,20160923,000000,18.0809,18.1679,17.8201,18.1679,0,0
ALR_PE,D,20160926,000000,18.1679,18.1679,17.8201,17.9939,0,0
ALR_PE,D,20160927,000000,18.1679,18.3417,17.9071,18.1679,0,0
ALR_PE,D,20160928,000000,18.2547,18.3417,18.1679,18.1679,0,0
ALR_PE,D,20160929,000000,18.1679,18.1679,17.9939,18.1679,0,0
ALR_PE,D,20160930,000000,18.1679,18.2547,17.8201,17.8201,0,0
ALR_PE,D,20161003,000000,18.0809,18.0809,17.8201,17.9939,0,0
ALR_PE,D,20161004,000000,17.9939,18.6025,17.9939,18.5155,0,0
ALR_PE,D,20161005,000000,18.6025,18.6025,18.0809,18.0809,0,0
ALR_PE,D,20161006,000000,18.0809,18.4286,17.9939,18.2547,0,0
ALR_PE,D,20161007,000000,18.3417,18.9502,18.3417,18.9502,0,0
ALR_PE,D,20161010,000000,19.124,19.124,18.6894,18.6894,0,0
ALR_PE,D,20161011,000000,18.6894,18.8633,18.4286,18.5155,0,0
ALR_PE,D,20161012,000000,18.5155,18.8633,18.4286,18.6025,0,0
ALR_PE,D,20161013,000000,18.5155,18.5155,18.1679,18.3417,0,0
ALR_PE,D,20161014,000000,18.3417,18.5155,17.9939,18.0809,0,0
ALR_PE,D,20161017,000000,18.0809,18.0809,17.6463,17.6463,0,0
ALR_PE,D,20161018,000000,17.7332,17.9939,17.6463,17.9939,0,0
ALR_PE,D,20161019,000000,17.5593,17.9939,17.5593,17.7332,0,0
ALR_PE,D,20161020,000000,17.7332,18.2547,17.7332,18.1679,0,0
ALR_PE,D,20161021,000000,18.1679,18.4286,18.0809,18.0809,0,0
ALR_PE,D,20161024,000000,18.1679,18.6025,18.0809,18.6025,0,0
ALR_PE,D,20161025,000000,18.6025,18.8633,18.6025,18.7763,0,0
ALR_PE,D,20161026,000000,18.7763,18.7763,18.4286,18.6025,0,0
ALR_PE,D,20161027,000000,18.5155,18.8633,18.2547,18.4286,0,0
ALR_PE,D,20161028,000000,18.6025,18.7763,18.2547,18.6025,0,0
ALR_PE,D,20161031,000000,18.6025,18.6025,18.0809,18.0809,0,0
ALR_PE,D,20161102,000000,17.9939,18.0809,17.5593,17.6463,0,0
ALR_PE,D,20161103,000000,17.6463,17.7332,17.0378,17.1247,0,0
ALR_PE,D,20161104,000000,17.1247,17.1247,16.777,16.9508,0,0
ALR_PE,D,20161107,000000,17.1247,17.2116,16.9508,17.2116,0,0
ALR_PE,D,20161108,000000,17.2986,17.2986,17.1247,17.2986,0,0
ALR_PE,D,20161109,000000,16.9508,17.3855,16.8639,17.3855,0,0
ALR_PE,D,20161110,000000,17.5593,17.7332,17.2986,17.2986,0,0
ALR_PE,D,20161114,000000,17.6463,17.6463,17.0378,17.0378,0,0
ALR_PE,D,20161115,000000,17.0378,17.2116,17.0378,17.1247,0,0
ALR_PE,D,20161116,000000,17.1247,17.1247,16.777,16.8639,0,0
ALR_PE,D,20161117,000000,16.777,16.9508,16.6032,16.777,0,0
ALR_PE,D,20161118,000000,16.6032,16.6032,16.2554,16.4292,0,0
ALR_PE,D,20161121,000000,16.4292,16.777,16.2554,16.3424,0,0
ALR_PE,D,20161122,000000,16.5162,16.8639,16.4292,16.8639,0,0
ALR_PE,D,20161123,000000,16.6032,17.0378,16.6032,16.9508,0,0
ALR_PE,D,20161124,000000,17.0378,17.1247,16.8639,17.1247,0,0
ALR_PE,D,20161125,000000,17.1247,17.4724,17.0378,17.4724,0,0
ALR_PE,D,20161128,000000,17.3855,17.3855,17.1247,17.1247,0,0
ALR_PE,D,20161129,000000,17.1247,17.2986,16.9508,17.1247,0,0
ALR_PE,D,20161130,000000,17.2116,17.3855,17.1247,17.3855,0,0
ALR_PE,D,20161201,000000,17.2116,17.2986,17.1247,17.2116,0,0
ALR_PE,D,20161202,000000,17.2986,17.2986,16.777,16.8639,0,0
ALR_PE,D,20161205,000000,17.2116,17.6463,16.9508,17.6463,0,0
ALR_PE,D,20161206,000000,17.7332,18.5155,17.7332,18.5155,0,0
ALR_PE,D,20161207,000000,18.6894,18.6894,18.3417,18.5155,0,0
ALR_PE,D,20161208,000000,20.428,20.5148,20.0802,20.341,0,0
ALR_PE,D,20161209,000000,20.5148,20.5148,19.7325,20.1672,0,0
ALR_PE,D,20161212,000000,20.1672,20.254,19.9933,20.1672,0,0
ALR_PE,D,20161213,000000,20.1672,20.1672,19.8194,19.9933,0,0
ALR_PE,D,20161214,000000,20.0802,20.0802,19.9064,19.9064,0,0
ALR_PE,D,20161215,000000,20.0802,20.1672,19.9064,19.9933,0,0
ALR_PE,D,20161216,000000,19.9933,20.0802,19.8194,19.8194,0,0
ALR_PE,D,20161219,000000,19.7325,19.8194,19.3848,19.6456,0,0
ALR_PE,D,20161220,000000,19.8194,19.9933,19.8194,19.9933,0,0
ALR_PE,D,20161221,000000,20.0802,20.341,20.0802,20.254,0,0
ALR_PE,D,20161222,000000,20.1672,20.6888,20.1672,20.6018,0,0
ALR_PE,D,20161223,000000,20.6018,21.1234,20.6018,21.1234,0,0
ALR_PE,D,20161227,000000,21.1234,21.1234,21.0364,21.1234,0,0
ALR_PE,D,20161228,000000,21.0364,21.2103,20.8626,21.2103,0,0
ALR_PE,D,20161229,000000,21.1234,21.3841,20.9495,21.3841,0,0
ALR_PE,D,20161230,000000,21.558,21.558,21.0364,21.0364,0,0
ALR_PE,D,20170102,000000,21.1234,21.2103,21.0364,21.1234,0,0
ALR_PE,D,20170103,000000,21.1234,21.6449,21.1234,21.4711,0,0
ALR_PE,D,20170104,000000,21.4711,22.0795,21.4711,22.0795,0,0
ALR_PE,D,20170105,000000,22.0795,22.5142,21.9057,22.5142,0,0
ALR_PE,D,20170109,000000,22.6011,22.775,22.5142,22.6011,0,0
ALR_PE,D,20170110,000000,22.6011,23.2965,22.6011,23.1227,0,0
ALR_PE,D,20170111,000000,23.2096,23.2965,22.9489,23.2965,0,0
ALR_PE,D,20170112,000000,23.2965,23.4704,23.1227,23.2965,0,0
ALR_PE,D,20170113,000000,23.2965,23.2965,22.6881,23.2096,0,0
ALR_PE,D,20170116,000000,23.2096,23.2096,22.9489,23.1227,0,0
ALR_PE,D,20170117,000000,23.1227,23.1227,22.8619,23.0357,0,0
ALR_PE,D,20170118,000000,23.0357,23.0357,22.5142,22.6011,0,0
ALR_PE,D,20170119,000000,22.6011,23.0357,22.5142,23.0357,0,0
ALR_PE,D,20170120,000000,23.0357,23.5573,22.8619,23.3835,0,0
ALR_PE,D,20170123,000000,23.2965,23.3835,22.9489,23.1227,0,0
ALR_PE,D,20170124,000000,23.0357,23.2965,22.9489,23.2096,0,0
ALR_PE,D,20170125,000000,23.2965,24.4266,23.2965,24.3396,0,0
ALR_PE,D,20170126,000000,24.4266,24.4266,23.992,24.1658,0,0
ALR_PE,D,20170127,000000,24.1658,24.1658,23.8181,23.8181,0,0
ALR_PE,D,20170130,000000,23.8181,24.0789,23.4704,23.4704,0,0
ALR_PE,D,20170131,000000,23.4704,23.905,23.2096,23.7312,0,0
ALR_PE,D,20170201,000000,23.8181,24.0789,23.8181,24.0789,0,0
ALR_PE,D,20170202,000000,24.0789,24.0789,23.6442,23.6442,0,0
ALR_PE,D,20170203,000000,23.6442,23.992,23.6442,23.992,0,0
ALR_PE,D,20170206,000000,23.992,24.0789,23.7312,23.905,0,0
ALR_PE,D,20170207,000000,23.8181,24.1658,23.8181,24.1658,0,0
ALR_PE,D,20170208,000000,24.5136,24.6004,24.2528,24.2528,0,0
ALR_PE,D,20170209,000000,24.3396,25.9913,24.3396,25.8175,0,0
ALR_PE,D,20170210,000000,25.8175,26.4259,25.2959,25.8175,0,0
ALR_PE,D,20170213,000000,25.8175,26.2521,25.5567,26.2521,0,0
ALR_PE,D,20170214,000000,26.2521,26.2521,25.6436,25.7305,0,0
ALR_PE,D,20170215,000000,25.7305,26.0783,25.2959,25.2959,0,0
ALR_PE,D,20170216,000000,25.2959,25.5567,25.122,25.2959,0,0
ALR_PE,D,20170217,000000,25.4697,25.4697,24.6874,25.122,0,0
ALR_PE,D,20170220,000000,24.9482,25.5567,24.8612,25.5567,0,0
ALR_PE,D,20170221,000000,25.5567,25.7305,25.2959,25.7305,0,0
ALR_PE,D,20170222,000000,25.7305,25.7305,25.5567,25.7305,0,0
ALR_PE,D,20170223,000000,25.7305,26.2521,25.5567,25.8175,0,0
ALR_PE,D,20170224,000000,26.0783,26.0783,25.3828,25.9043,0,0
ALR_PE,D,20170227,000000,25.9913,25.9913,25.2959,25.3828,0,0
ALR_PE,D,20170228,000000,25.5567,25.5567,24.6874,25.4697,0,0
ALR_PE,D,20170301,000000,25.4697,26.5129,25.3828,26.5129,0,0
ALR_PE,D,20170302,000000,26.5129,26.6867,26.0783,26.5997,0,0
ALR_PE,D,20170303,000000,26.5129,26.5129,25.6436,25.6436,0,0
ALR_PE,D,20170306,000000,25.6436,25.9913,25.122,25.209,0,0
ALR_PE,D,20170307,000000,25.5567,25.5567,24.5136,24.6004,0,0
ALR_PE,D,20170308,000000,24.2528,25.7305,24.2528,25.7305,0,0
ALR_PE,D,20170309,000000,26.3391,26.3391,11.909,11.909,0,0
ALR_PE,D,20170310,000000,11.909,12.6914,11.909,12.6044,0,0
ALR_PE,D,20170313,000000,12.6044,13.2999,12.6044,13.2999,0,0
ALR_PE,D,20170314,000000,13.2999,13.6476,13.126,13.126,0,0
ALR_PE,D,20170315,000000,13.126,13.2999,12.9522,13.0391,0,0
ALR_PE,D,20170316,000000,13.213,13.5607,13.213,13.5607,0,0
ALR_PE,D,20170317,000000,13.6476,13.9084,13.6476,13.6476,0,0
ALR_PE,D,20170320,000000,13.7345,13.8215,13.5607,13.6476,0,0
ALR_PE,D,20170321,000000,13.6476,13.9953,13.4737,13.5607,0,0
ALR_PE,D,20170322,000000,13.5607,13.5607,13.126,13.2999,0,0
ALR_PE,D,20170323,000000,13.2999,13.4737,13.2999,13.3868,0,0
ALR_PE,D,20170324,000000,13.2999,13.5607,13.2999,13.4737,0,0
ALR_PE,D,20170327,000000,13.4737,13.4737,13.213,13.213,0,0
ALR_PE,D,20170328,000000,13.2999,13.4737,13.2999,13.3868,0,0
ALR_PE,D,20170329,000000,13.3868,13.5607,13.0391,13.126,0,0
ALR_PE,D,20170330,000000,13.126,13.213,12.6914,12.8652,0,0
ALR_PE,D,20170331,000000,12.6914,13.0391,12.6914,12.9522,0,0
ALR_PE,D,20170403,000000,13.126,13.126,12.7783,13.126,0,0
ALR_PE,D,20170404,000000,13.126,13.4737,13.0391,13.0391,0,0
ALR_PE,D,20170405,000000,13.0391,13.2999,13.0391,13.213,0,0
ALR_PE,D,20170406,000000,13.126,13.213,12.9522,13.213,0,0
ALR_PE,D,20170407,000000,13.126,13.2999,13.0391,13.126,0,0
ALR_PE,D,20170410,000000,13.213,13.213,12.9522,12.9522,0,0
ALR_PE,D,20170411,000000,12.8652,12.8652,12.5176,12.6914,0,0
ALR_PE,D,20170412,000000,12.6914,12.7783,12.6044,12.6044,0,0
ALR_PE,D,20170413,000000,12.6914,12.6914,12.5176,12.6044,0,0
ALR_PE,D,20170418,000000,12.6914,12.8652,12.6914,12.8652,0,0
ALR_PE,D,20170419,000000,12.8652,12.8652,12.7783,12.8652,0,0
ALR_PE,D,20170420,000000,12.9522,13.213,12.9522,13.213,0,0
ALR_PE,D,20170421,000000,13.213,13.3868,12.8652,12.9522,0,0
ALR_PE,D,20170424,000000,13.126,13.2999,12.9522,13.0391,0,0
ALR_PE,D,20170425,000000,13.126,13.5607,13.126,13.4737,0,0
ALR_PE,D,20170426,000000,13.5607,13.6476,13.4737,13.6476,0,0
ALR_PE,D,20170427,000000,13.6476,13.6476,13.5607,13.5607,0,0
ALR_PE,D,20170428,000000,13.5607,13.5607,13.4737,13.5607,0,0
ALR_PE,D,20170502,000000,13.7345,14.0823,13.6476,13.9953,0,0
ALR_PE,D,20170504,000000,13.9953,13.9953,13.213,13.2999,0,0
ALR_PE,D,20170505,000000,13.213,13.3868,13.126,13.213,0,0
ALR_PE,D,20170508,000000,13.4737,13.4737,13.213,13.2999,0,0
ALR_PE,D,20170509,000000,13.4737,13.7345,13.2999,13.3868,0,0
ALR_PE,D,20170510,000000,13.4737,13.4737,13.0391,13.213,0,0
ALR_PE,D,20170511,000000,13.2999,13.4737,13.213,13.2999,0,0
ALR_PE,D,20170512,000000,13.126,13.4737,13.126,13.2999,0,0
ALR_PE,D,20170515,000000,13.2999,13.5607,13.2999,13.5607,0,0
ALR_PE,D,20170516,000000,13.5607,13.5607,13.0391,13.126,0,0
ALR_PE,D,20170517,000000,13.0391,13.126,12.7783,12.9522,0,0
ALR_PE,D,20170518,000000,12.9522,12.9522,12.5176,12.6914,0,0
ALR_PE,D,20170519,000000,12.6914,13.213,12.6914,13.0391,0,0
ALR_PE,D,20170522,000000,13.0391,13.0391,12.6044,12.7783,0,0
ALR_PE,D,20170523,000000,12.8652,12.8652,12.5176,12.5176,0,0
ALR_PE,D,20170524,000000,12.5176,12.6914,12.4306,12.5176,0,0
ALR_PE,D,20170525,000000,12.6914,12.7783,12.6044,12.6914,0,0
ALR_PE,D,20170526,000000,12.6914,12.7783,12.6044,12.6044,0,0
ALR_PE,D,20170529,000000,12.6044,12.6914,12.6044,12.6914,0,0
ALR_PE,D,20170530,000000,12.6914,12.6914,12.4306,12.6044,0,0
ALR_PE,D,20170531,000000,12.6044,12.6914,12.3437,12.3437,0,0
ALR_PE,D,20170601,000000,12.3437,12.5176,11.996,12.083,0,0
ALR_PE,D,20170602,000000,11.3875,11.6483,11.3875,11.4744,0,0
ALR_PE,D,20170605,000000,11.5614,12.3437,11.5614,12.3437,0,0
ALR_PE,D,20170606,000000,12.2568,12.4306,11.996,12.3437,0,0
ALR_PE,D,20170607,000000,12.3437,12.6914,12.3437,12.6044,0,0
ALR_PE,D,20170608,000000,12.6044,12.6044,12.1698,12.1698,0,0
ALR_PE,D,20170609,000000,12.3437,12.3437,11.996,12.083,0,0
ALR_PE,D,20170612,000000,12.083,12.083,11.5614,11.5614,0,0
ALR_PE,D,20170613,000000,11.6483,11.7352,11.5614,11.6483,0,0
ALR_PE,D,20170614,000000,11.7352,11.7352,11.3875,11.5614,0,0
ALR_PE,D,20170616,000000,11.5614,11.5614,11.1267,11.1267,0,0
ALR_PE,D,20170619,000000,11.3006,11.3006,10.8659,10.9529,0,0
ALR_PE,D,20170620,000000,11.0398,11.0398,10.6051,10.6921,0,0
ALR_PE,D,20170621,000000,10.6921,11.1267,10.6051,11.0398,0,0
ALR_PE,D,20170622,000000,10.9529,11.1267,10.779,10.779,0,0
ALR_PE,D,20170623,000000,10.779,11.0398,10.779,10.9529,0,0
ALR_PE,D,20170626,000000,10.8659,11.1267,10.8659,11.0398,0,0
ALR_PE,D,20170627,000000,11.0398,11.1267,11.0398,11.0398,0,0
ALR_PE,D,20170628,000000,11.0398,11.0398,10.9529,10.9529,0,0
ALR_PE,D,20170629,000000,11.0398,11.1267,11.0398,11.0398,0,0
ALR_PE,D,20170630,000000,11.0398,11.2136,10.9529,11.2136,0,0
ALR_PE,D,20170703,000000,11.2136,11.2136,11.0398,11.2136,0,0
ALR_PE,D,20170704,000000,11.2136,11.3875,11.1267,11.2136,0,0
ALR_PE,D,20170705,000000,11.2136,11.2136,11.0398,11.1267,0,0
ALR_PE,D,20170706,000000,11.1267,11.2136,11.0398,11.2136,0,0
ALR_PE,D,20170707,000000,11.2136,11.3006,11.0398,11.3006,0,0
ALR_PE,D,20170710,000000,11.3875,11.3875,11.2136,11.3006,0,0
ALR_PE,D,20170711,000000,11.3006,11.3006,11.2136,11.3006,0,0
ALR_PE,D,20170712,000000,11.3006,11.3006,11.3006,11.3006,0,0
ALR_PE,D,20170713,000000,11.3006,11.3006,11.1267,11.2136,0,0
ALR_PE,D,20170714,000000,11.2136,11.2136,11.0398,11.0398,0,0
ALR_PE,D,20170717,000000,11.0398,11.1267,10.9529,11.0398,0,0
ALR_PE,D,20170718,000000,11.0398,11.0398,10.779,10.779,0,0
ALR_PE,D,20170719,000000,10.8659,10.9529,10.779,10.8659,0,0
ALR_PE,D,20170720,000000,10.9529,11.0398,10.9529,10.9529,0,0
ALR_PE,D,20170721,000000,10.9529,11.0398,10.8659,10.9529,0,0
ALR_PE,D,20170724,000000,10.8659,11.0398,10.6921,10.779,0,0
ALR_PE,D,20170725,000000,10.779,11.2136,10.6921,11.0398,0,0
ALR_PE,D,20170726,000000,11.0398,11.2136,11.0398,11.2136,0,0
ALR_PE,D,20170727,000000,11.2136,11.3006,11.1267,11.2136,0,0
ALR_PE,D,20170728,000000,11.1267,11.3006,11.0398,11.3006,0,0
ALR_PE,D,20170731,000000,11.3006,11.6483,11.3006,11.6483,0,0
ALR_PE,D,20170801,000000,11.6483,11.7352,11.5614,11.5614,0,0
ALR_PE,D,20170802,000000,11.6483,11.7352,11.3875,11.3875,0,0
ALR_PE,D,20170803,000000,11.3875,11.5614,11.3006,11.3006,0,0
ALR_PE,D,20170804,000000,11.3006,11.6483,11.3006,11.6483,0,0
ALR_PE,D,20170807,000000,11.7352,11.7352,11.5614,11.5614,0,0
ALR_PE,D,20170808,000000,11.6483,11.6483,11.5614,11.5614,0,0
ALR_PE,D,20170809,000000,11.5614,11.5614,11.4744,11.5614,0,0
ALR_PE,D,20170810,000000,11.7352,11.8222,11.3006,11.3006,0,0
ALR_PE,D,20170811,000000,11.3006,11.3006,11.1267,11.3006,0,0
ALR_PE,D,20170814,000000,11.3006,11.3006,11.1267,11.1267,0,0
ALR_PE,D,20170816,000000,11.0398,11.2136,10.9529,10.9529,0,0
ALR_PE,D,20170817,000000,10.9529,10.9529,10.779,10.8659,0,0
ALR_PE,D,20170818,000000,10.9529,10.9529,10.779,10.779,0,0
ALR_PE,D,20170821,000000,10.779,10.8659,10.779,10.8659,0,0
ALR_PE,D,20170822,000000,10.8659,11.0398,10.8659,10.9529,0,0
ALR_PE,D,20170823,000000,11.0398,11.1267,10.8659,10.9529,0,0
ALR_PE,D,20170824,000000,10.9529,11.2136,10.8659,11.2136,0,0
ALR_PE,D,20170825,000000,11.3006,11.3006,11.0398,11.0398,0,0
ALR_PE,D,20170828,000000,11.0398,11.4744,11.0398,11.4744,0,0
ALR_PE,D,20170829,000000,11.4744,11.4744,11.3006,11.3875,0,0
ALR_PE,D,20170830,000000,11.4744,11.8222,11.4744,11.6483,0,0
ALR_PE,D,20170831,000000,11.6483,11.6483,11.4744,11.6483,0,0
ALR_PE,D,20170901,000000,11.6483,11.7352,11.6483,11.6483,0,0
ALR_PE,D,20170904,000000,11.5614,11.7352,11.4744,11.6483,0,0
ALR_PE,D,20170905,000000,11.6483,11.8222,11.5614,11.6483,0,0
ALR_PE,D,20170906,000000,11.7352,11.7352,11.4744,11.5614,0,0
ALR_PE,D,20170907,000000,11.6483,11.7352,11.4744,11.4744,0,0
ALR_PE,D,20170908,000000,11.4744,11.5614,11.3875,11.4744,0,0
ALR_PE,D,20170911,000000,11.5614,11.5614,11.3875,11.3875,0,0
ALR_PE,D,20170912,000000,11.4744,11.6483,11.3875,11.3875,0,0
ALR_PE,D,20170913,000000,11.3875,11.4744,11.3006,11.3006,0,0
ALR_PE,D,20170914,000000,11.3006,11.3875,11.2136,11.2136,0,0
ALR_PE,D,20170915,000000,11.3006,11.3006,10.9529,11.0398,0,0
ALR_PE,D,20170918,000000,11.1267,11.2136,11.0398,11.1267,0,0
ALR_PE,D,20170919,000000,11.2136,11.5614,11.2136,11.5614,0,0
ALR_PE,D,20170920,000000,11.5614,11.6483,11.3006,11.4744,0,0
ALR_PE,D,20170921,000000,11.4744,11.6483,11.3875,11.4744,0,0
ALR_PE,D,20170922,000000,11.3875,11.5614,11.3875,11.5614,0,0
ALR_PE,D,20170925,000000,11.5614,11.6483,11.4744,11.4744,0,0
ALR_PE,D,20170926,000000,11.3875,11.5614,11.3875,11.4744,0,0
ALR_PE,D,20170927,000000,11.4744,11.7352,11.4744,11.6483,0,0
ALR_PE,D,20170928,000000,11.6483,11.6483,11.6483,11.6483,0,0
ALR_PE,D,20170929,000000,12.083,12.083,12.083,12.083,0,0
ALR_PE,D,20171002,000000,12.083,12.1698,11.996,12.083,0,0
ALR_PE,D,20171003,000000,12.083,12.4306,12.083,12.2568,0,0
ALR_PE,D,20171004,000000,12.5176,12.6914,12.3437,12.6044,0,0
ALR_PE,D,20171005,000000,12.6044,12.6044,12.4306,12.5176,0,0
ALR_PE,D,20171006,000000,12.5176,12.6044,12.3437,12.5176,0,0
ALR_PE,D,20171009,000000,12.6044,12.8652,12.6044,12.7783,0,0
ALR_PE,D,20171010,000000,12.7783,12.7783,12.6914,12.6914,0,0
ALR_PE,D,20171011,000000,12.6914,12.6914,12.6044,12.6914,0,0
ALR_PE,D,20171012,000000,12.6914,12.6914,12.6044,12.6044,0,0
ALR_PE,D,20171013,000000,12.6044,12.6044,12.5176,12.5176,0,0
ALR_PE,D,20171016,000000,12.6044,12.6044,12.3437,12.3437,0,0
ALR_PE,D,20171017,000000,12.3437,12.5176,12.2568,12.3437,0,0
ALR_PE,D,20171018,000000,12.3437,12.5176,12.3437,12.4306,0,0
ALR_PE,D,20171019,000000,12.4306,12.6044,12.2568,12.2568,0,0
ALR_PE,D,20171020,000000,12.3437,12.5176,12.3437,12.3437,0,0
ALR_PE,D,20171023,000000,12.4306,12.5176,12.3437,12.3437,0,0
ALR_PE,D,20171024,000000,12.2568,12.2568,11.5614,11.8222,0,0
ALR_PE,D,20171025,000000,11.7352,12.083,11.7352,12.083,0,0
ALR_PE,D,20171026,000000,11.996,12.1698,11.909,12.083,0,0
ALR_PE,D,20171027,000000,12.083,12.2568,11.996,12.2568,0,0
ALR_PE,D,20171030,000000,12.2568,12.6044,12.2568,12.5176,0,0
ALR_PE,D,20171031,000000,12.5176,12.6914,12.4306,12.6914,0,0
ALR_PE,D,20171102,000000,12.6914,12.6914,12.2568,12.3437,0,0
ALR_PE,D,20171103,000000,12.3437,12.5176,12.3437,12.5176,0,0
ALR_PE,D,20171106,000000,12.6044,12.9522,12.6044,12.8652,0,0
ALR_PE,D,20171107,000000,12.8652,13.2999,12.7783,12.7783,0,0
ALR_PE,D,20171108,000000,12.8652,13.0391,12.6914,12.6914,0,0
ALR_PE,D,20171109,000000,12.8652,12.8652,10.779,10.779,0,0
ALR_PE,D,20171110,000000,10.779,10.8659,10.6051,10.6051,0,0
ALR_PE,D,20171113,000000,10.6921,10.9529,10.6921,10.779,0,0
ALR_PE,D,20171114,000000,10.779,10.8659,10.6921,10.8659,0,0
ALR_PE,D,20171115,000000,10.8659,10.8659,10.6921,10.6921,0,0
ALR_PE,D,20171116,000000,10.8659,10.8659,10.6051,10.779,0,0
ALR_PE,D,20171117,000000,10.779,10.8659,10.779,10.8659,0,0
ALR_PE,D,20171120,000000,10.8659,11.1267,10.8659,11.1267,0,0
ALR_PE,D,20171121,000000,11.2136,11.2136,11.0398,11.1267,0,0
ALR_PE,D,20171122,000000,11.1267,11.3875,11.0398,11.3875,0,0
ALR_PE,D,20171123,000000,11.3875,11.3875,11.3006,11.3875,0,0
ALR_PE,D,20171124,000000,11.3875,11.3875,11.1267,11.1267,0,0
ALR_PE,D,20171127,000000,11.2136,11.3875,11.1267,11.3875,0,0
ALR_PE,D,20171128,000000,11.3006,11.3875,11.1267,11.2136,0,0
ALR_PE,D,20171129,000000,11.1267,11.3006,10.8659,10.8659,0,0
ALR_PE,D,20171130,000000,10.8659,11.1267,10.8659,10.9529,0,0
ALR_PE,D,20171201,000000,10.9529,11.1267,10.779,10.9529,0,0
ALR_PE,D,20171204,000000,10.9529,11.3875,10.8659,11.3875,0,0
ALR_PE,D,20171205,000000,11.3006,11.3875,11.2136,11.3875,0,0
ALR_PE,D,20171206,000000,11.3006,11.4744,11.3006,11.4744,0,0
ALR_PE,D,20171207,000000,11.4744,11.4744,11.0398,11.0398,0,0
ALR_PE,D,20171208,000000,11.2136,11.3006,11.0398,11.2136,0,0
ALR_PE,D,20171211,000000,11.3006,11.4744,11.2136,11.4744,0,0
ALR_PE,D,20171212,000000,11.4744,11.6483,11.3875,11.6483,0,0
ALR_PE,D,20171213,000000,11.6483,11.7352,11.3875,11.5614,0,0
ALR_PE,D,20171214,000000,11.5614,11.8222,11.5614,11.8222,0,0
ALR_PE,D,20171215,000000,11.8222,11.8222,11.4744,11.4744,0,0
ALR_PE,D,20171218,000000,11.5614,11.909,11.4744,11.909,0,0
ALR_PE,D,20171219,000000,11.8222,12.083,11.8222,11.996,0,0
ALR_PE,D,20171220,000000,12.083,12.083,11.909,11.909,0,0
ALR_PE,D,20171221,000000,11.909,11.996,11.8222,11.909,0,0
ALR_PE,D,20171222,000000,11.909,11.909,11.7352,11.909,0,0
ALR_PE,D,20171227,000000,11.8222,11.996,11.8222,11.996,0,0
ALR_PE,D,20171228,000000,11.996,12.083,11.909,12.083,0,0
ALR_PE,D,20171229,000000,12.083,12.083,11.909,12.083,0,0
ALR_PE,D,20180103,000000,11.8222,11.909,11.6483,11.8222,0,0
ALR_PE,D,20180104,000000,11.8222,11.909,11.8222,11.8222,0,0
ALR_PE,D,20180105,000000,11.8222,11.909,11.7352,11.8222,0,0
ALR_PE,D,20180108,000000,11.909,11.909,11.7352,11.7352,0,0
ALR_PE,D,20180109,000000,11.7352,11.8222,11.6483,11.6483,0,0
ALR_PE,D,20180110,000000,11.8222,11.8222,11.6483,11.6483,0,0
ALR_PE,D,20180111,000000,11.6483,11.8222,11.4744,11.7352,0,0
ALR_PE,D,20180112,000000,11.7352,12.1698,11.7352,12.083,0,0
ALR_PE,D,20180115,000000,12.083,12.083,11.909,11.996,0,0
ALR_PE,D,20180116,000000,12.083,12.083,11.996,12.083,0,0
ALR_PE,D,20180117,000000,12.083,12.9522,12.083,12.7783,0,0
ALR_PE,D,20180118,000000,12.7783,13.3868,12.7783,13.2999,0,0
ALR_PE,D,20180119,000000,13.2999,13.2999,13.126,13.213,0,0
ALR_PE,D,20180122,000000,13.213,13.2999,13.126,13.213,0,0
ALR_PE,D,20180123,000000,13.213,13.3868,13.0391,13.213,0,0
ALR_PE,D,20180124,000000,13.2999,13.2999,13.126,13.213,0,0
ALR_PE,D,20180125,000000,13.213,13.2999,13.0391,13.0391,0,0
ALR_PE,D,20180126,000000,13.0391,13.213,13.0391,13.213,0,0
ALR_PE,D,20180129,000000,13.213,13.213,12.9522,13.126,0,0
ALR_PE,D,20180130,000000,13.126,13.126,12.8652,12.8652,0,0
ALR_PE,D,20180131,000000,12.8652,13.213,12.8652,12.9522,0,0
ALR_PE,D,20180201,000000,13.0391,13.4737,13.0391,13.126,0,0
ALR_PE,D,20180202,000000,13.2999,13.2999,13.0391,13.126,0,0
ALR_PE,D,20180205,000000,12.9522,13.2999,12.9522,13.213,0,0
ALR_PE,D,20180206,000000,12.7783,12.8652,12.6044,12.6914,0,0
ALR_PE,D,20180207,000000,12.8652,12.8652,12.4306,12.6914,0,0
ALR_PE,D,20180208,000000,12.7783,12.7783,12.3437,12.3437,0,0
ALR_PE,D,20180209,000000,12.3437,12.5176,12.1698,12.5176,0,0
ALR_PE,D,20180212,000000,12.5176,12.6914,12.5176,12.6044,0,0
ALR_PE,D,20180213,000000,12.6914,12.6914,12.3437,12.5176,0,0
ALR_PE,D,20180214,000000,12.6914,12.6914,12.2568,12.6044,0,0
ALR_PE,D,20180215,000000,12.6914,12.6914,12.5176,12.5176,0,0
ALR_PE,D,20180216,000000,12.6044,12.6914,12.4306,12.6914,0,0
ALR_PE,D,20180219,000000,12.6914,12.8652,12.6914,12.8652,0,0
ALR_PE,D,20180220,000000,12.8652,12.8652,12.6914,12.6914,0,0
ALR_PE,D,20180221,000000,12.6914,12.7783,12.5176,12.6914,0,0
ALR_PE,D,20180222,000000,12.6044,12.6914,12.6044,12.6914,0,0
ALR_PE,D,20180223,000000,12.6914,12.8652,12.5176,12.6044,0,0
ALR_PE,D,20180226,000000,12.6044,12.6044,12.5176,12.5176,0,0
ALR_PE,D,20180227,000000,12.6044,12.7783,12.4306,12.6044,0,0
ALR_PE,D,20180228,000000,12.4306,12.6914,12.4306,12.6044,0,0
ALR_PE,D,20180301,000000,12.5176,12.5176,12.083,12.4306,0,0
ALR_PE,D,20180302,000000,12.2568,12.3437,12.083,12.2568,0,0
ALR_PE,D,20180305,000000,12.2568,12.4306,12.083,12.083,0,0
ALR_PE,D,20180306,000000,12.5176,12.5176,12.083,12.1698,0,0
ALR_PE,D,20180307,000000,12.083,12.4306,12.083,12.4306,0,0
ALR_PE,D,20180308,000000,12.1698,16.6032,11.5614,16.6032,0,0
ALR_PE,D,20180309,000000,16.6032,16.777,15.8208,16.69,0,0
ALR_PE,D,20180312,000000,16.777,17.0378,16.5162,17.0378,0,0
ALR_PE,D,20180313,000000,17.0378,17.1247,16.69,16.777,0,0
ALR_PE,D,20180314,000000,16.69,16.777,16.5162,16.69,0,0
ALR_PE,D,20180315,000000,16.69,16.777,16.4292,16.69,0,0
ALR_PE,D,20180316,000000,16.5162,16.777,16.5162,16.5162,0,0
ALR_PE,D,20180319,000000,16.5162,16.6032,16.2554,16.2554,0,0
ALR_PE,D,20180320,000000,16.2554,16.777,16.0816,16.6032,0,0
ALR_PE,D,20180321,000000,16.6032,16.777,16.5162,16.777,0,0
ALR_PE,D,20180322,000000,16.4292,16.69,16.3424,16.5162,0,0
ALR_PE,D,20180323,000000,16.1685,16.6032,16.1685,16.6032,0,0
ALR_PE,D,20180326,000000,16.6032,16.6032,16.2554,16.5162,0,0
ALR_PE,D,20180327,000000,16.6032,16.69,16.2554,16.2554,0,0
ALR_PE,D,20180328,000000,16.1685,16.1685,15.7338,15.9078,0,0
ALR_PE,D,20180329,000000,15.9946,16.3424,15.9946,16.1685,0,0
ALR_PE,D,20180403,000000,15.9078,16.3424,15.9078,16.3424,0,0
ALR_PE,D,20180404,000000,16.3424,16.3424,15.9078,15.9946,0,0
ALR_PE,D,20180405,000000,16.1685,16.1685,15.647,15.647,0,0
ALR_PE,D,20180406,000000,15.647,15.647,15.0385,15.2123,0,0
ALR_PE,D,20180409,000000,14.8646,15.4731,14.7777,15.4731,0,0
ALR_PE,D,20180410,000000,15.7338,16.0816,15.647,16.0816,0,0
ALR_PE,D,20180411,000000,16.0816,16.2554,15.8208,15.9946,0,0
ALR_PE,D,20180412,000000,16.0816,16.1685,15.9078,16.0816,0,0
ALR_PE,D,20180413,000000,16.1685,16.1685,15.8208,15.8208,0,0
ALR_PE,D,20180416,000000,15.7338,15.9078,15.647,15.8208,0,0
ALR_PE,D,20180417,000000,15.9946,15.9946,15.7338,15.9078,0,0
ALR_PE,D,20180418,000000,15.9078,15.9946,15.7338,15.8208,0,0
ALR_PE,D,20180419,000000,15.8208,15.9946,15.8208,15.9078,0,0
ALR_PE,D,20180420,000000,15.9946,16.1685,15.9078,15.9946,0,0
ALR_PE,D,20180423,000000,15.9078,15.9078,15.647,15.7338,0,0
ALR_PE,D,20180424,000000,15.7338,15.8208,15.647,15.647,0,0
ALR_PE,D,20180425,000000,15.647,15.7338,15.3862,15.647,0,0
ALR_PE,D,20180426,000000,15.56,15.7338,15.56,15.7338,0,0
ALR_PE,D,20180427,000000,15.7338,15.7338,15.4731,15.647,0,0
ALR_PE,D,20180430,000000,15.647,15.8208,15.56,15.647,0,0
ALR_PE,D,20180502,000000,15.56,15.647,15.4731,15.56,0,0
ALR_PE,D,20180504,000000,15.56,15.56,14.9515,15.1254,0,0
ALR_PE,D,20180507,000000,15.2123,15.3862,14.8646,14.9515,0,0
ALR_PE,D,20180508,000000,14.9515,15.0385,14.5169,14.5169,0,0
ALR_PE,D,20180509,000000,14.5169,15.0385,14.5169,15.0385,0,0
ALR_PE,D,20180510,000000,15.3862,16.1685,13.6476,13.6476,0,0
ALR_PE,D,20180511,000000,13.5607,13.8215,13.5607,13.6476,0,0
ALR_PE,D,20180514,000000,13.6476,13.6476,13.5607,13.6476,0,0
ALR_PE,D,20180515,000000,13.6476,13.7345,13.6476,13.7345,0,0
ALR_PE,D,20180516,000000,13.5607,13.8215,13.5607,13.8215,0,0
ALR_PE,D,20180517,000000,13.8215,13.8215,13.7345,13.7345,0,0
ALR_PE,D,20180518,000000,13.7345,13.7345,13.4737,13.5607,0,0
ALR_PE,D,20180521,000000,13.4737,13.8215,13.4737,13.7345,0,0
ALR_PE,D,20180522,000000,13.7345,13.9953,13.6476,13.6476,0,0
ALR_PE,D,20180523,000000,13.6476,13.7345,13.4737,13.5607,0,0
ALR_PE,D,20180524,000000,13.4737,13.8215,13.126,13.126,0,0
ALR_PE,D,20180525,000000,13.0391,13.4737,13.0391,13.2999,0,0
ALR_PE,D,20180528,000000,13.213,13.5607,13.213,13.3868,0,0
ALR_PE,D,20180529,000000,13.2999,13.3868,12.8652,13.0391,0,0
ALR_PE,D,20180530,000000,12.9522,13.126,12.6914,13.0391,0,0
ALR_PE,D,20180601,000000,12.8652,13.2999,12.8652,13.213,0,0
ALR_PE,D,20180604,000000,13.2999,13.3868,12.9522,12.9522,0,0
ALR_PE,D,20180605,000000,12.9522,13.3868,12.8652,13.3868,0,0
ALR_PE,D,20180606,000000,13.2999,13.2999,13.0391,13.126,0,0
ALR_PE,D,20180607,000000,13.126,13.213,13.126,13.213,0,0
ALR_PE,D,20180608,000000,13.126,13.213,13.0391,13.126,0,0
ALR_PE,D,20180611,000000,13.0391,13.213,13.0391,13.213,0,0
ALR_PE,D,20180612,000000,13.2999,13.2999,13.126,13.213,0,0
ALR_PE,D,20180613,000000,13.213,13.2999,13.126,13.213,0,0
ALR_PE,D,20180614,000000,13.126,13.2999,13.0391,13.126,0,0
ALR_PE,D,20180615,000000,13.126,13.126,12.6914,12.7783,0,0
ALR_PE,D,20180618,000000,12.6044,12.8652,12.6044,12.6914,0,0
ALR_PE,D,20180619,000000,12.6044,12.6914,12.4306,12.6914,0,0
ALR_PE,D,20180620,000000,12.7783,12.8652,12.6044,12.7783,0,0
ALR_PE,D,20180621,000000,12.7783,12.7783,12.6044,12.6914,0,0
ALR_PE,D,20180622,000000,12.6914,13.2999,12.6914,12.9522,0,0
ALR_PE,D,20180625,000000,12.7783,13.126,12.7783,12.9522,0,0
ALR_PE,D,20180626,000000,12.8652,12.9522,12.6914,12.7783,0,0
ALR_PE,D,20180627,000000,12.6914,12.7783,12.5176,12.6044,0,0
ALR_PE,D,20180628,000000,12.4306,12.6044,12.2568,12.3437,0,0
ALR_PE,D,20180629,000000,12.4306,12.6044,12.4306,12.6044,0,0
ALR_PE,D,20180702,000000,12.5176,12.6044,12.2568,12.2568,0,0
ALR_PE,D,20180703,000000,12.3437,12.7783,12.2568,12.7783,0,0
ALR_PE,D,20180704,000000,12.6044,13.126,12.6044,13.126,0,0
ALR_PE,D,20180705,000000,13.126,13.2999,13.0391,13.0391,0,0
ALR_PE,D,20180706,000000,13.126,13.213,12.9522,13.0391,0,0
ALR_PE,D,20180709,000000,13.126,13.126,12.6044,13.126,0,0
ALR_PE,D,20180710,000000,12.9522,13.126,12.7783,12.8652,0,0
ALR_PE,D,20180711,000000,12.7783,12.8652,12.6044,12.6044,0,0
ALR_PE,D,20180712,000000,12.6044,12.7783,12.6044,12.6914,0,0
ALR_PE,D,20180713,000000,12.7783,12.7783,12.5176,12.6044,0,0
ALR_PE,D,20180716,000000,12.6914,12.7783,12.6044,12.6914,0,0
ALR_PE,D,20180717,000000,12.7783,12.9522,12.4306,12.9522,0,0
ALR_PE,D,20180718,000000,12.9522,12.9522,12.5176,12.6044,0,0
ALR_PE,D,20180719,000000,12.6044,12.6914,12.4306,12.6914,0,0
ALR_PE,D,20180720,000000,12.6044,12.7783,12.5176,12.6914,0,0
ALR_PE,D,20180723,000000,12.6914,12.7783,12.6914,12.6914,0,0
ALR_PE,D,20180724,000000,12.7783,13.2999,12.7783,13.2999,0,0
ALR_PE,D,20180725,000000,13.2999,13.4737,13.126,13.213,0,0
ALR_PE,D,20180726,000000,13.2999,13.9084,13.2999,13.8215,0,0
ALR_PE,D,20180727,000000,13.8215,13.8215,13.2999,13.2999,0,0
ALR_PE,D,20180730,000000,13.3868,13.7345,13.3868,13.7345,0,0
ALR_PE,D,20180731,000000,13.6476,13.7345,13.5607,13.6476,0,0
ALR_PE,D,20180801,000000,13.8215,13.8215,13.5607,13.6476,0,0
ALR_PE,D,20180802,000000,13.6476,13.6476,13.3868,13.4737,0,0
ALR_PE,D,20180803,000000,13.4737,13.4737,13.2999,13.2999,0,0
ALR_PE,D,20180806,000000,13.3868,13.4737,13.213,13.4737,0,0
ALR_PE,D,20180807,000000,13.3868,13.7345,13.2999,13.7345,0,0
ALR_PE,D,20180808,000000,14.6907,14.6907,14.1691,14.3431,0,0
ALR_PE,D,20180809,000000,14.4299,14.4299,11.5614,11.5614,0,0
ALR_PE,D,20180810,000000,11.4744,11.4744,11.1267,11.1267,0,0
ALR_PE,D,20180813,000000,11.0398,11.1267,10.779,10.8659,0,0
ALR_PE,D,20180814,000000,10.8659,10.9529,10.6921,10.779,0,0
ALR_PE,D,20180816,000000,10.779,10.779,10.5182,10.5182,0,0
ALR_PE,D,20180817,000000,10.5182,10.6051,10.3443,10.4313,0,0
ALR_PE,D,20180820,000000,10.5182,10.6921,10.4313,10.5182,0,0
ALR_PE,D,20180821,000000,10.6051,10.8659,10.6051,10.779,0,0
ALR_PE,D,20180822,000000,10.8659,10.9529,10.6921,10.6921,0,0
ALR_PE,D,20180823,000000,10.6921,10.9529,10.6051,10.9529,0,0
ALR_PE,D,20180824,000000,11.0398,11.0398,10.6921,10.6921,0,0
ALR_PE,D,20180827,000000,10.6921,10.9529,10.6921,10.9529,0,0
ALR_PE,D,20180828,000000,10.9529,11.2136,10.9529,11.1267,0,0
ALR_PE,D,20180829,000000,11.1267,11.2136,11.1267,11.1267,0,0
ALR_PE,D,20180830,000000,11.1267,11.1267,10.9529,11.0398,0,0
ALR_PE,D,20180831,000000,11.0398,11.1267,10.8659,10.8659,0,0
ALR_PE,D,20180903,000000,10.779,11.0398,10.779,10.9529,0,0
ALR_PE,D,20180904,000000,10.9529,11.0398,10.6051,10.6051,0,0
ALR_PE,D,20180905,000000,10.4313,10.6051,9.82276,10.1705,0,0
ALR_PE,D,20180906,000000,10.0835,10.1705,9.90972,9.99668,0,0
ALR_PE,D,20180907,000000,9.90972,9.90972,9.64893,9.73589,0,0
ALR_PE,D,20180910,000000,9.73589,9.82276,9.56198,9.73589,0,0
ALR_PE,D,20180911,000000,9.73589,10.1705,9.73589,9.99668,0,0
ALR_PE,D,20180912,000000,10.2575,10.2575,9.47511,9.56198,0,0
ALR_PE,D,20180913,000000,9.73589,9.73589,9.38815,9.64893,0,0
ALR_PE,D,20180914,000000,9.73589,10.2575,9.73589,10.2575,0,0
ALR_PE,D,20180917,000000,10.2575,10.2575,9.73589,9.73589,0,0
ALR_PE,D,20180918,000000,9.73589,9.90972,9.73589,9.82276,0,0
ALR_PE,D,20180919,000000,9.90972,9.90972,9.64893,9.73589,0,0
ALR_PE,D,20180920,000000,9.82276,10.0835,9.73589,9.99668,0,0
ALR_PE,D,20180921,000000,10.0835,10.0835,9.90972,9.99668,0,0
ALR_PE,D,20180924,000000,9.82276,10.2575,9.82276,10.0835,0,0
ALR_PE,D,20180925,000000,10.0835,10.2575,9.99668,9.99668,0,0
ALR_PE,D,20180926,000000,10.0835,10.2575,9.99668,10.2575,0,0
ALR_PE,D,20180927,000000,10.1705,10.1705,10.0835,10.0835,0,0
ALR_PE,D,20180928,000000,10.0835,10.1705,9.99668,9.99668,0,0
ALR_PE,D,20181001,000000,9.99668,10.2575,9.99668,10.0835,0,0
ALR_PE,D,20181002,000000,9.99668,9.99668,9.73589,9.82276,0,0
ALR_PE,D,20181003,000000,9.90972,10.0835,9.82276,9.99668,0,0
ALR_PE,D,20181004,000000,9.99668,9.99668,9.82276,9.99668,0,0
ALR_PE,D,20181005,000000,9.99668,9.99668,9.64893,9.64893,0,0
ALR_PE,D,20181008,000000,9.73589,9.73589,9.64893,9.64893,0,0
ALR_PE,D,20181009,000000,9.64893,9.82276,9.64893,9.73589,0,0
ALR_PE,D,20181010,000000,9.82276,9.99668,9.82276,9.90972,0,0
ALR_PE,D,20181011,000000,9.64893,9.90972,9.64893,9.82276,0,0
ALR_PE,D,20181012,000000,9.82276,9.90972,9.82276,9.90972,0,0
ALR_PE,D,20181015,000000,9.99668,9.99668,9.73589,9.82276,0,0
ALR_PE,D,20181016,000000,9.90972,9.99668,9.82276,9.99668,0,0
ALR_PE,D,20181017,000000,9.99668,10.0835,9.73589,9.82276,0,0
ALR_PE,D,20181018,000000,9.82276,9.82276,9.64893,9.73589,0,0
ALR_PE,D,20181019,000000,9.73589,9.82276,9.64893,9.73589,0,0
ALR_PE,D,20181022,000000,9.73589,9.82276,9.56198,9.56198,0,0
ALR_PE,D,20181023,000000,9.47511,9.47511,9.30119,9.38815,0,0
ALR_PE,D,20181024,000000,9.38815,9.38815,9.30119,9.30119,0,0
ALR_PE,D,20181025,000000,9.30119,9.56198,9.21432,9.56198,0,0
ALR_PE,D,20181026,000000,9.56198,9.56198,9.04045,9.04045,0,0
ALR_PE,D,20181029,000000,9.12737,9.21432,9.04045,9.12737,0,0
ALR_PE,D,20181030,000000,9.04045,9.12737,9.04045,9.12737,0,0
ALR_PE,D,20181031,000000,9.12737,9.30119,9.12737,9.21432,0,0
ALR_PE,D,20181102,000000,9.30119,9.56198,9.30119,9.47511,0,0
ALR_PE,D,20181105,000000,9.47511,9.47511,9.21432,9.30119,0,0
ALR_PE,D,20181106,000000,9.21432,9.21432,8.8666,9.04045,0,0
ALR_PE,D,20181107,000000,8.95352,9.30119,8.95352,9.30119,0,0
ALR_PE,D,20181108,000000,9.38815,9.73589,9.38815,9.56198,0,0
ALR_PE,D,20181109,000000,9.21432,9.30119,8.8666,9.04045,0,0
ALR_PE,D,20181113,000000,9.04045,9.04045,8.51888,8.51888,0,0
ALR_PE,D,20181114,000000,8.43196,9.04045,8.34503,8.8666,0,0
ALR_PE,D,20181115,000000,8.8666,8.95352,8.60582,8.60582,0,0
ALR_PE,D,20181116,000000,8.69274,8.69274,7.99732,8.08425,0,0
ALR_PE,D,20181119,000000,8.17118,8.34503,8.08425,8.34503,0,0
ALR_PE,D,20181120,000000,8.25811,8.43196,8.25811,8.25811,0,0
ALR_PE,D,20181121,000000,8.34503,8.43196,7.91039,7.99732,0,0
ALR_PE,D,20181122,000000,8.08425,8.25811,7.99732,8.25811,0,0
ALR_PE,D,20181123,000000,8.25811,8.25811,8.17118,8.25811,0,0
ALR_PE,D,20181126,000000,8.34503,8.34503,7.99732,7.99732,0,0
ALR_PE,D,20181127,000000,7.99732,7.99732,7.73654,7.82347,0,0
ALR_PE,D,20181128,000000,7.82347,8.34503,7.82347,8.17118,0,0
ALR_PE,D,20181129,000000,8.25811,8.60582,8.25811,8.60582,0,0
ALR_PE,D,20181130,000000,8.51888,8.69274,8.43196,8.69274,0,0
ALR_PE,D,20181203,000000,8.8666,8.8666,8.69274,8.8666,0,0
ALR_PE,D,20181204,000000,8.8666,9.12737,8.8666,9.04045,0,0
ALR_PE,D,20181205,000000,8.8666,9.21432,8.8666,9.21432,0,0
ALR_PE,D,20181206,000000,9.12737,9.12737,8.8666,8.8666,0,0
ALR_PE,D,20181207,000000,9.04045,9.04045,8.77967,8.77967,0,0
ALR_PE,D,20181210,000000,8.69274,8.77967,8.51888,8.77967,0,0
ALR_PE,D,20181211,000000,8.8666,8.8666,8.51888,8.51888,0,0
ALR_PE,D,20181212,000000,8.60582,8.77967,8.51888,8.77967,0,0
ALR_PE,D,20181213,000000,8.8666,8.8666,8.69274,8.77967,0,0
ALR_PE,D,20181214,000000,8.69274,8.8666,8.69274,8.8666,0,0
ALR_PE,D,20181217,000000,8.8666,9.04045,8.8666,8.95352,0,0
ALR_PE,D,20181218,000000,8.8666,9.21432,8.8666,9.12737,0,0
ALR_PE,D,20181219,000000,9.12737,9.12737,8.95352,9.12737,0,0
ALR_PE,D,20181220,000000,9.04045,9.04045,8.95352,8.95352,0,0
ALR_PE,D,20181221,000000,8.95352,9.04045,8.69274,8.77967,0,0
ALR_PE,D,20181227,000000,8.8666,8.8666,8.51888,8.51888,0,0
ALR_PE,D,20181228,000000,8.60582,8.60582,8.51888,8.51888,0,0
ALR_PE,D,20190102,000000,8.51888,8.8666,8.51888,8.77967,0,0
ALR_PE,D,20190103,000000,8.77967,8.77967,8.51888,8.51888,0,0
ALR_PE,D,20190104,000000,8.60582,8.77967,8.60582,8.77967,0,0
ALR_PE,D,20190107,000000,8.8666,9.04045,8.77967,9.04045,0,0
ALR_PE,D,20190108,000000,8.95352,9.04045,8.8666,8.95352,0,0
ALR_PE,D,20190109,000000,9.04045,9.04045,8.95352,9.04045,0,0
ALR_PE,D,20190110,000000,8.8666,8.8666,8.69274,8.77967,0,0
ALR_PE,D,20190111,000000,8.8666,8.95352,8.77967,8.95352,0,0
ALR_PE,D,20190114,000000,8.8666,8.95352,8.77967,8.77967,0,0
ALR_PE,D,20190115,000000,8.8666,8.8666,8.69274,8.77967,0,0
ALR_PE,D,20190116,000000,8.77967,8.95352,8.77967,8.95352,0,0
ALR_PE,D,20190117,000000,8.95352,8.95352,8.77967,8.77967,0,0
ALR_PE,D,20190118,000000,8.8666,8.8666,8.69274,8.69274,0,0
ALR_PE,D,20190121,000000,8.69274,8.69274,8.51888,8.60582,0,0
ALR_PE,D,20190122,000000,8.60582,8.69274,8.60582,8.60582,0,0
ALR_PE,D,20190123,000000,8.60582,8.69274,8.60582,8.69274,0,0
ALR_PE,D,20190124,000000,8.77967,8.8666,8.77967,8.8666,0,0
ALR_PE,D,20190125,000000,8.8666,9.21432,8.8666,9.21432,0,0
ALR_PE,D,20190128,000000,9.21432,9.56198,9.12737,9.30119,0,0
ALR_PE,D,20190129,000000,9.30119,9.38815,9.21432,9.21432,0,0
ALR_PE,D,20190130,000000,9.21432,9.21432,9.04045,9.12737,0,0
ALR_PE,D,20190131,000000,9.30119,9.30119,9.12737,9.21432,0,0
ALR_PE,D,20190201,000000,9.30119,9.38815,9.21432,9.38815,0,0
ALR_PE,D,20190204,000000,9.38815,9.38815,9.30119,9.38815,0,0
ALR_PE,D,20190205,000000,9.47511,9.73589,9.38815,9.73589,0,0
ALR_PE,D,20190206,000000,9.73589,9.99668,9.64893,9.73589,0,0
ALR_PE,D,20190207,000000,9.73589,9.82276,9.64893,9.64893,0,0
ALR_PE,D,20190208,000000,9.56198,9.64893,9.38815,9.56198,0,0
ALR_PE,D,20190211,000000,9.56198,9.64893,9.38815,9.38815,0,0
ALR_PE,D,20190212,000000,9.47511,9.47511,9.47511,9.47511,0,0
ALR_PE,D,20190213,000000,9.56198,9.56198,9.21432,9.30119,0,0
ALR_PE,D,20190214,000000,9.30119,9.30119,9.12737,9.21432,0,0
ALR_PE,D,20190215,000000,9.21432,9.38815,9.12737,9.21432,0,0
ALR_PE,D,20190218,000000,9.30119,9.30119,9.21432,9.21432,0,0
ALR_PE,D,20190219,000000,9.21432,9.47511,9.21432,9.47511,0,0
ALR_PE,D,20190220,000000,9.47511,9.56198,9.38815,9.56198,0,0
ALR_PE,D,20190221,000000,9.56198,9.64893,9.47511,9.47511,0,0
ALR_PE,D,20190222,000000,9.56198,9.64893,9.47511,9.56198,0,0
ALR_PE,D,20190225,000000,9.64893,9.64893,9.47511,9.47511,0,0
ALR_PE,D,20190226,000000,9.47511,9.47511,9.38815,9.47511,0,0
ALR_PE,D,20190227,000000,9.56198,9.56198,9.30119,9.30119,0,0
ALR_PE,D,20190228,000000,9.47511,9.47511,9.30119,9.30119,0,0
ALR_PE,D,20190301,000000,9.38815,9.56198,9.30119,9.56198,0,0
ALR_PE,D,20190304,000000,9.56198,9.99668,9.56198,9.90972,0,0
ALR_PE,D,20190305,000000,9.90972,10.0835,9.90972,9.90972,0,0
ALR_PE,D,20190306,000000,9.90972,9.90972,9.73589,9.82276,0,0
ALR_PE,D,20190307,000000,9.82276,9.82276,9.56198,9.64893,0,0
ALR_PE,D,20190308,000000,9.64893,9.64893,9.56198,9.56198,0,0
ALR_PE,D,20190311,000000,9.64893,9.64893,9.56198,9.64893,0,0
ALR_PE,D,20190312,000000,9.73589,9.99668,9.64893,9.90972,0,0
ALR_PE,D,20190313,000000,9.90972,9.90972,9.64893,9.82276,0,0
ALR_PE,D,20190314,000000,9.73589,10.0835,9.73589,10.0835,0,0
ALR_PE,D,20190315,000000,10.0835,10.1705,9.90972,10.0835,0,0
ALR_PE,D,20190318,000000,10.0835,10.0835,9.90972,9.99668,0,0
ALR_PE,D,20190319,000000,9.99668,10.2575,9.99668,10.1705,0,0
ALR_PE,D,20190320,000000,10.1705,10.1705,10.0835,10.1705,0,0
ALR_PE,D,20190321,000000,10.2575,10.2575,9.99668,9.99668,0,0
ALR_PE,D,20190322,000000,9.99668,9.99668,9.73589,9.82276,0,0
ALR_PE,D,20190325,000000,9.73589,9.90972,9.73589,9.82276,0,0
ALR_PE,D,20190326,000000,9.82276,9.82276,9.73589,9.73589,0,0
ALR_PE,D,20190327,000000,9.73589,9.90972,9.73589,9.82276,0,0
ALR_PE,D,20190328,000000,9.82276,9.82276,9.64893,9.64893,0,0
ALR_PE,D,20190329,000000,9.73589,9.73589,9.47511,9.47511,0,0
ALR_PE,D,20190401,000000,9.56198,9.64893,9.56198,9.64893,0,0
ALR_PE,D,20190402,000000,9.64893,9.73589,9.56198,9.56198,0,0
ALR_PE,D,20190403,000000,9.64893,9.64893,9.56198,9.64893,0,0
ALR_PE,D,20190404,000000,9.64893,9.73589,9.64893,9.64893,0,0
ALR_PE,D,20190405,000000,9.64893,9.73589,9.56198,9.56198,0,0
ALR_PE,D,20190408,000000,9.56198,9.64893,9.47511,9.56198,0,0
ALR_PE,D,20190409,000000,9.56198,9.64893,9.56198,9.56198,0,0
ALR_PE,D,20190410,000000,9.56198,9.56198,9.47511,9.56198,0,0
ALR_PE,D,20190411,000000,9.56198,9.56198,9.47511,9.47511,0,0
ALR_PE,D,20190412,000000,9.47511,9.47511,9.21432,9.30119,0,0
ALR_PE,D,20190415,000000,9.30119,9.38815,9.12737,9.12737,0,0
ALR_PE,D,20190416,000000,9.12737,9.38815,9.12737,9.38815,0,0
ALR_PE,D,20190417,000000,9.38815,9.56198,9.38815,9.56198,0,0
ALR_PE,D,20190418,000000,9.56198,9.56198,9.47511,9.56198,0,0
ALR_PE,D,20190423,000000,9.56198,9.56198,9.38815,9.47511,0,0
ALR_PE,D,20190424,000000,9.38815,9.56198,9.38815,9.56198,0,0
ALR_PE,D,20190425,000000,9.56198,9.56198,9.30119,9.38815,0,0
ALR_PE,D,20190426,000000,9.38815,9.38815,9.30119,9.38815,0,0
ALR_PE,D,20190429,000000,9.38815,9.47511,9.38815,9.38815,0,0
ALR_PE,D,20190430,000000,9.21432,9.38815,9.21432,9.30119,0,0
ALR_PE,D,20190502,000000,9.30119,9.30119,9.12737,9.21432,0,0
ALR_PE,D,20190506,000000,9.04045,9.04045,8.69274,8.77967,0,0
ALR_PE,D,20190507,000000,8.8666,9.47511,8.77967,9.47511,0,0
ALR_PE,D,20190508,000000,9.47511,9.56198,9.21432,9.21432,0,0
ALR_PE,D,20190509,000000,9.12737,9.21432,8.95352,8.95352,0,0
ALR_PE,D,20190510,000000,8.95352,9.04045,8.95352,8.95352,0,0
ALR_PE,D,20190513,000000,8.95352,9.04045,8.8666,9.04045,0,0
ALR_PE,D,20190514,000000,9.04045,9.12737,9.04045,9.04045,0,0
ALR_PE,D,20190515,000000,9.04045,9.12737,9.04045,9.12737,0,0
ALR_PE,D,20190516,000000,9.12737,9.21432,9.04045,9.04045,0,0
ALR_PE,D,20190517,000000,9.04045,9.04045,8.95352,9.04045,0,0
ALR_PE,D,20190520,000000,9.04045,9.04045,8.8666,8.95352,0,0
ALR_PE,D,20190521,000000,9.04045,9.21432,9.04045,9.21432,0,0
ALR_PE,D,20190522,000000,9.12737,9.38815,9.12737,9.30119,0,0
ALR_PE,D,20190523,000000,9.30119,9.30119,8.8666,8.8666,0,0
ALR_PE,D,20190524,000000,8.8666,8.95352,8.69274,8.77967,0,0
ALR_PE,D,20190527,000000,8.77967,8.8666,8.60582,8.60582,0,0
ALR_PE,D,20190528,000000,8.60582,8.8666,8.60582,8.77967,0,0
ALR_PE,D,20190529,000000,8.69274,8.8666,8.69274,8.77967,0,0
ALR_PE,D,20190530,000000,8.77967,8.95352,8.77967,8.95352,0,0
ALR_PE,D,20190531,000000,8.8666,9.12737,8.77967,9.12737,0,0
ALR_PE,D,20190603,000000,9.12737,9.12737,8.8666,8.8666,0,0
ALR_PE,D,20190604,000000,8.8666,8.8666,8.60582,8.69274,0,0
ALR_PE,D,20190605,000000,8.69274,8.77967,8.43196,8.43196,0,0
ALR_PE,D,20190606,000000,8.43196,8.60582,8.25811,8.51888,0,0
ALR_PE,D,20190607,000000,8.51888,8.60582,8.51888,8.60582,0,0
ALR_PE,D,20190610,000000,8.69274,8.77967,8.69274,8.77967,0,0
ALR_PE,D,20190611,000000,8.77967,8.77967,8.60582,8.60582,0,0
ALR_PE,D,20190612,000000,8.60582,8.60582,8.43196,8.60582,0,0
ALR_PE,D,20190613,000000,8.60582,8.69274,8.60582,8.60582,0,0
ALR_PE,D,20190614,000000,8.60582,8.60582,8.60582,8.60582,0,0
ALR_PE,D,20190617,000000,8.60582,8.69274,8.51888,8.60582,0,0
ALR_PE,D,20190618,000000,8.60582,8.69274,8.60582,8.60582,0,0
ALR_PE,D,20190619,000000,8.60582,8.69274,8.51888,8.60582,0,0
ALR_PE,D,20190621,000000,8.69274,8.77967,8.43196,8.43196,0,0
ALR_PE,D,20190624,000000,8.43196,8.69274,8.43196,8.69274,0,0
ALR_PE,D,20190625,000000,8.60582,8.69274,8.51888,8.60582,0,0
ALR_PE,D,20190626,000000,8.60582,8.69274,8.51888,8.69274,0,0
ALR_PE,D,20190627,000000,8.69274,8.77967,8.60582,8.69274,0,0
ALR_PE,D,20190628,000000,8.60582,8.60582,8.51888,8.60582,0,0
ALR_PE,D,20190701,000000,8.60582,8.69274,8.51888,8.51888,0,0
ALR_PE,D,20190702,000000,8.51888,8.77967,8.43196,8.77967,0,0
ALR_PE,D,20190703,000000,8.77967,8.95352,8.77967,8.8666,0,0
ALR_PE,D,20190704,000000,8.8666,8.95352,8.77967,8.95352,0,0
ALR_PE,D,20190705,000000,8.95352,9.21432,8.95352,9.04045,0,0
ALR_PE,D,20190708,000000,9.04045,9.12737,9.04045,9.12737,0,0
ALR_PE,D,20190709,000000,9.12737,9.12737,8.8666,8.8666,0,0
ALR_PE,D,20190710,000000,8.77967,9.21432,8.77967,9.04045,0,0
ALR_PE,D,20190711,000000,9.12737,9.21432,9.04045,9.12737,0,0
ALR_PE,D,20190712,000000,9.21432,9.21432,8.95352,9.04045,0,0
ALR_PE,D,20190715,000000,9.12737,9.12737,9.04045,9.04045,0,0
ALR_PE,D,20190716,000000,9.04045,9.04045,8.95352,8.95352,0,0
ALR_PE,D,20190717,000000,8.95352,8.95352,8.8666,8.95352,0,0
ALR_PE,D,20190718,000000,8.8666,8.95352,8.69274,8.95352,0,0
ALR_PE,D,20190719,000000,8.95352,9.04045,8.8666,9.04045,0,0
ALR_PE,D,20190722,000000,8.95352,9.12737,8.95352,9.04045,0,0
ALR_PE,D,20190723,000000,9.04045,9.04045,9.04045,9.04045,0,0
ALR_PE,D,20190724,000000,9.04045,9.04045,8.8666,8.95352,0,0
ALR_PE,D,20190725,000000,8.95352,8.95352,8.8666,8.95352,0,0
ALR_PE,D,20190726,000000,8.95352,8.95352,8.69274,8.69274,0,0
ALR_PE,D,20190729,000000,8.69274,8.69274,8.25811,8.34503,0,0
ALR_PE,D,20190730,000000,8.43196,8.43196,8.17118,8.17118,0,0
ALR_PE,D,20190731,000000,8.17118,8.17118,7.99732,8.08425,0,0
ALR_PE,D,20190801,000000,8.08425,8.08425,7.64961,7.82347,0,0
ALR_PE,D,20190802,000000,7.73654,7.73654,7.56269,7.64961,0,0
ALR_PE,D,20190805,000000,7.64961,7.64961,7.38883,7.38883,0,0
ALR_PE,D,20190806,000000,7.38883,8.08425,7.38883,8.08425,0,0
ALR_PE,D,20190807,000000,7.99732,8.17118,7.73654,7.73654,0,0
ALR_PE,D,20190808,000000,7.73654,7.82347,7.56269,7.56269,0,0
ALR_PE,D,20190809,000000,7.56269,7.56269,7.38883,7.47576,0,0
ALR_PE,D,20190812,000000,7.47576,7.47576,7.21498,7.3019,0,0
ALR_PE,D,20190813,000000,7.21498,7.56269,7.21498,7.47576,0,0
ALR_PE,D,20190814,000000,7.47576,7.47576,7.21498,7.21498,0,0
ALR_PE,D,20190816,000000,7.3019,7.3019,6.9542,7.12805,0,0
ALR_PE,D,20190819,000000,7.21498,7.38883,7.21498,7.3019,0,0
ALR_PE,D,20190820,000000,7.3019,7.47576,7.21498,7.21498,0,0
ALR_PE,D,20190821,000000,7.21498,7.38883,7.21498,7.21498,0,0
ALR_PE,D,20190822,000000,7.3019,7.38883,7.21498,7.21498,0,0
ALR_PE,D,20190823,000000,7.3019,7.38883,7.04112,7.21498,0,0
ALR_PE,D,20190826,000000,7.12805,7.21498,7.04112,7.12805,0,0
ALR_PE,D,20190827,000000,7.12805,7.12805,6.86726,6.86726,0,0
ALR_PE,D,20190828,000000,6.86726,6.86726,6.69341,6.78034,0,0
ALR_PE,D,20190829,000000,6.78034,6.78034,6.60648,6.69341,0,0
ALR_PE,D,20190830,000000,6.69341,7.04112,6.69341,6.9542,0,0
ALR_PE,D,20190902,000000,7.04112,7.12805,6.9542,6.9542,0,0
ALR_PE,D,20190903,000000,6.9542,6.9542,6.78034,6.86726,0,0
ALR_PE,D,20190904,000000,6.9542,7.04112,6.86726,6.9542,0,0
ALR_PE,D,20190905,000000,6.9542,7.04112,6.86726,6.86726,0,0
ALR_PE,D,20190906,000000,6.9542,6.9542,6.86726,6.86726,0,0
ALR_PE,D,20190909,000000,6.9542,6.9542,6.86726,6.9542,0,0
ALR_PE,D,20190910,000000,6.9542,7.12805,6.9542,7.12805,0,0
ALR_PE,D,20190911,000000,7.21498,7.21498,7.04112,7.04112,0,0
ALR_PE,D,20190912,000000,7.04112,7.04112,6.9542,6.9542,0,0
ALR_PE,D,20190913,000000,6.9542,7.04112,6.9542,7.04112,0,0
ALR_PE,D,20190916,000000,7.04112,7.47576,7.04112,7.47576,0,0
ALR_PE,D,20190917,000000,7.47576,7.47576,7.21498,7.3019,0,0
ALR_PE,D,20190918,000000,7.38883,9.12737,7.12805,9.12737,0,0
ALR_PE,D,20190919,000000,9.12737,9.12737,8.95352,9.04045,0,0
ALR_PE,D,20190920,000000,9.04045,9.04045,8.69274,8.77967,0,0
ALR_PE,D,20190923,000000,8.77967,8.77967,8.60582,8.60582,0,0
ALR_PE,D,20190924,000000,8.60582,8.95352,8.60582,8.95352,0,0
ALR_PE,D,20190925,000000,8.77967,8.8666,8.69274,8.69274,0,0
ALR_PE,D,20190926,000000,8.69274,8.69274,8.51888,8.69274,0,0
ALR_PE,D,20190927,000000,8.77967,8.8666,8.60582,8.77967,0,0
ALR_PE,D,20190930,000000,8.77967,8.77967,8.51888,8.51888,0,0
ALR_PE,D,20191001,000000,8.60582,8.60582,8.34503,8.34503,0,0
ALR_PE,D,20191002,000000,8.34503,8.34503,7.82347,7.99732,0,0
ALR_PE,D,20191003,000000,7.99732,8.25811,7.91039,7.91039,0,0
ALR_PE,D,20191004,000000,7.91039,8.25811,7.82347,7.82347,0,0
ALR_PE,D,20191007,000000,7.73654,7.82347,7.47576,7.56269,0,0
ALR_PE,D,20191008,000000,7.47576,7.64961,7.3019,7.38883,0,0
ALR_PE,D,20191009,000000,7.38883,7.64961,7.3019,7.47576,0,0
ALR_PE,D,20191010,000000,7.47576,7.56269,7.3019,7.47576,0,0
ALR_PE,D,20191011,000000,7.56269,7.91039,7.56269,7.91039,0,0
ALR_PE,D,20191014,000000,8.08425,8.08425,7.91039,7.99732,0,0
ALR_PE,D,20191015,000000,8.08425,8.08425,7.82347,7.91039,0,0
ALR_PE,D,20191016,000000,7.99732,8.17118,7.91039,8.08425,0,0
ALR_PE,D,20191017,000000,8.17118,8.34503,8.08425,8.34503,0,0
ALR_PE,D,20191018,000000,8.34503,8.34503,8.17118,8.34503,0,0
ALR_PE,D,20191021,000000,8.43196,8.43196,8.25811,8.34503,0,0
ALR_PE,D,20191022,000000,8.34503,8.43196,8.25811,8.43196,0,0
ALR_PE,D,20191023,000000,8.34503,8.43196,8.34503,8.34503,0,0
ALR_PE,D,20191024,000000,8.34503,8.34503,7.91039,7.99732,0,0
ALR_PE,D,20191025,000000,7.3019,7.3019,6.69341,6.78034,0,0
ALR_PE,D,20191028,000000,6.78034,6.86726,6.60648,6.69341,0,0
ALR_PE,D,20191029,000000,6.69341,6.69341,6.51956,6.51956,0,0
ALR_PE,D,20191030,000000,6.51956,6.60648,6.43263,6.43263,0,0
ALR_PE,D,20191031,000000,6.51956,6.51956,5.91107,5.91107,0,0
ALR_PE,D,20191104,000000,5.99799,6.17185,5.91107,6.17185,0,0
ALR_PE,D,20191105,000000,6.43263,7.3019,6.25877,7.3019,0,0
ALR_PE,D,20191106,000000,7.3019,7.47576,7.3019,7.47576,0,0
ALR_PE,D,20191107,000000,7.56269,7.56269,7.47576,7.47576,0,0
ALR_PE,D,20191108,000000,7.47576,7.47576,7.04112,7.12805,0,0
ALR_PE,D,20191112,000000,7.21498,7.21498,6.9542,7.04112,0,0
ALR_PE,D,20191113,000000,7.04112,7.38883,7.04112,7.3019,0,0
ALR_PE,D,20191114,000000,7.38883,7.64961,7.38883,7.56269,0,0
ALR_PE,D,20191115,000000,7.56269,7.64961,7.47576,7.47576,0,0
ALR_PE,D,20191118,000000,7.47576,7.56269,7.38883,7.47576,0,0
ALR_PE,D,20191119,000000,7.56269,7.73654,7.47576,7.64961,0,0
ALR_PE,D,20191120,000000,7.56269,7.64961,7.47576,7.56269,0,0
ALR_PE,D,20191121,000000,7.56269,7.73654,7.47576,7.73654,0,0
ALR_PE,D,20191122,000000,7.73654,7.82347,7.56269,7.56269,0,0
ALR_PE,D,20191125,000000,7.56269,7.73654,7.56269,7.56269,0,0
ALR_PE,D,20191126,000000,7.56269,7.64961,7.56269,7.56269,0,0
ALR_PE,D,20191127,000000,7.64961,7.82347,7.64961,7.73654,0,0
ALR_PE,D,20191128,000000,7.73654,7.73654,7.47576,7.47576,0,0
ALR_PE,D,20191129,000000,7.47576,7.56269,7.38883,7.38883,0,0
ALR_PE,D,20191202,000000,7.47576,7.56269,7.3019,7.3019,0,0
ALR_PE,D,20191203,000000,7.3019,7.3019,7.04112,7.12805,0,0
ALR_PE,D,20191204,000000,7.12805,7.12805,6.86726,6.9542,0,0
ALR_PE,D,20191205,000000,7.04112,7.04112,6.86726,6.9542,0,0
ALR_PE,D,20191206,000000,6.9542,7.04112,6.86726,7.04112,0,0
ALR_PE,D,20191209,000000,7.04112,7.12805,6.9542,6.9542,0,0
ALR_PE,D,20191210,000000,6.9542,7.04112,6.9542,7.04112,0,0
ALR_PE,D,20191211,000000,7.04112,7.04112,6.86726,6.9542,0,0
ALR_PE,D,20191212,000000,6.9542,7.21498,6.86726,7.21498,0,0
ALR_PE,D,20191213,000000,7.21498,7.3019,7.12805,7.12805,0,0
ALR_PE,D,20191216,000000,7.12805,7.12805,7.04112,7.12805,0,0
ALR_PE,D,20191217,000000,7.12805,7.21498,7.04112,7.12805,0,0
ALR_PE,D,20191218,000000,7.12805,7.21498,6.9542,7.21498,0,0
ALR_PE,D,20191219,000000,7.21498,7.21498,7.12805,7.12805,0,0
ALR_PE,D,20191220,000000,7.12805,7.12805,7.04112,7.04112,0,0
ALR_PE,D,20191223,000000,7.04112,7.04112,6.9542,6.9542,0,0
ALR_PE,D,20191227,000000,6.9542,7.12805,6.9542,7.12805,0,0
ALR_PE,D,20191230,000000,7.12805,7.21498,7.12805,7.12805,0,0
ALR_PE,D,20200102,000000,7.12805,7.47576,7.12805,7.47576,0,0
ALR_PE,D,20200103,000000,7.47576,7.47576,7.21498,7.21498,0,0
ALR_PE,D,20200107,000000,7.3019,7.3019,7.04112,7.12805,0,0
ALR_PE,D,20200108,000000,7.12805,7.12805,6.9542,6.9542,0,0
ALR_PE,D,20200109,000000,7.04112,7.12805,7.04112,7.04112,0,0
ALR_PE,D,20200110,000000,7.12805,7.12805,6.9542,6.9542,0,0
ALR_PE,D,20200113,000000,6.9542,7.12805,6.86726,7.04112,0,0
ALR_PE,D,20200114,000000,7.04112,7.04112,7.04112,7.04112,0,0
ALR_PE,D,20200115,000000,7.04112,7.04112,7.04112,7.04112,0,0
ALR_PE,D,20200116,000000,7.12805,7.12805,6.9542,6.9542,0,0
ALR_PE,D,20200117,000000,6.9542,6.9542,6.9542,6.9542,0,0
ALR_PE,D,20200120,000000,6.9542,6.9542,6.78034,6.78034,0,0
ALR_PE,D,20200121,000000,6.78034,6.86726,6.69341,6.86726,0,0
ALR_PE,D,20200122,000000,6.9542,6.9542,6.78034,6.86726,0,0
ALR_PE,D,20200123,000000,6.86726,6.9542,6.86726,6.86726,0,0
ALR_PE,D,20200124,000000,6.9542,6.9542,6.86726,6.9542,0,0
ALR_PE,D,20200127,000000,6.86726,6.86726,6.78034,6.78034,0,0
ALR_PE,D,20200128,000000,6.78034,6.86726,6.69341,6.69341,0,0
ALR_PE,D,20200129,000000,6.69341,6.78034,6.43263,6.51956,0,0
ALR_PE,D,20200130,000000,6.43263,6.60648,6.43263,6.51956,0,0
ALR_PE,D,20200131,000000,6.51956,6.69341,6.51956,6.60648,0,0
ALR_PE,D,20200203,000000,6.69341,6.69341,6.51956,6.60648,0,0
ALR_PE,D,20200204,000000,6.60648,6.60648,6.43263,6.43263,0,0
ALR_PE,D,20200205,000000,6.3457,6.9542,6.3457,6.9542,0,0
ALR_PE,D,20200206,000000,7.04112,7.21498,6.9542,6.9542,0,0
ALR_PE,D,20200207,000000,6.9542,7.04112,6.86726,6.9542,0,0
ALR_PE,D,20200210,000000,6.9542,6.9542,6.69341,6.78034,0,0
ALR_PE,D,20200211,000000,6.86726,6.86726,6.78034,6.86726,0,0
ALR_PE,D,20200212,000000,6.86726,7.12805,6.86726,7.04112,0,0
ALR_PE,D,20200213,000000,7.04112,7.04112,6.78034,6.86726,0,0
ALR_PE,D,20200214,000000,6.86726,6.9542,6.86726,6.86726,0,0
ALR_PE,D,20200217,000000,6.9542,6.9542,6.86726,6.86726,0,0
ALR_PE,D,20200218,000000,6.86726,6.86726,6.78034,6.78034,0,0
ALR_PE,D,20200219,000000,6.78034,6.78034,6.60648,6.78034,0,0
ALR_PE,D,20200220,000000,6.78034,6.78034,6.60648,6.60648,0,0
ALR_PE,D,20200221,000000,6.60648,6.69341,6.51956,6.60648,0,0
ALR_PE,D,20200224,000000,6.3457,6.43263,6.25877,6.43263,0,0
ALR_PE,D,20200225,000000,6.43263,6.43263,6.17185,6.17185,0,0
ALR_PE,D,20200226,000000,6.17185,6.25877,6.17185,6.17185,0,0
ALR_PE,D,20200227,000000,6.17185,6.17185,5.99799,5.99799,0,0
ALR_PE,D,20200228,000000,5.73721,9.38815,5.21564,9.38815,0,0
ALR_PE,D,20200302,000000,9.82276,10.2575,9.82276,10.0835,0,0
ALR_PE,D,20200303,000000,10.3443,10.6921,10.1705,10.5182,0,0
ALR_PE,D,20200304,000000,10.4313,10.5182,10.2575,10.3443,0,0
ALR_PE,D,20200305,000000,10.5182,10.5182,9.90972,9.99668,0,0
ALR_PE,D,20200306,000000,9.82276,9.99668,9.21432,9.21432,0,0
ALR_PE,D,20200309,000000,8.43196,8.77967,8.08425,8.17118,0,0
ALR_PE,D,20200310,000000,8.34503,8.60582,8.25811,8.25811,0,0
ALR_PE,D,20200311,000000,8.43196,8.43196,7.38883,7.47576,0,0
ALR_PE,D,20200312,000000,7.12805,7.12805,5.99799,5.99799,0,0
ALR_PE,D,20200313,000000,6.08492,6.69341,5.82414,6.25877,0,0
ALR_PE,D,20200316,000000,6.25877,6.25877,5.56335,5.91107,0,0
ALR_PE,D,20200317,000000,5.91107,6.3457,5.82414,6.25877,0,0
ALR_PE,D,20200318,000000,6.08492,6.69341,6.08492,6.25877,0,0
ALR_PE,D,20200319,000000,6.43263,6.69341,6.25877,6.51956,0,0
ALR_PE,D,20200320,000000,6.78034,6.9542,6.3457,6.51956,0,0
ALR_PE,D,20200323,000000,6.3457,6.3457,5.91107,5.99799,0,0
ALR_PE,D,20200324,000000,6.3457,6.3457,5.82414,5.91107,0,0
ALR_PE,D,20200325,000000,6.17185,6.17185,5.73721,5.82414,0,0
ALR_PE,D,20200326,000000,5.73721,5.99799,5.73721,5.91107,0,0
ALR_PE,D,20200327,000000,5.91107,5.99799,5.73721,5.82414,0,0
ALR_PE,D,20200330,000000,5.82414,5.82414,5.73721,5.82414,0,0
ALR_PE,D,20200331,000000,5.91107,5.99799,5.73721,5.82414,0,0
ALR_PE,D,20200401,000000,5.73721,5.82414,5.56335,5.56335,0,0
ALR_PE,D,20200402,000000,5.65028,5.65028,5.30258,5.30258,0,0
ALR_PE,D,20200403,000000,5.3895,5.3895,5.12872,5.30258,0,0
ALR_PE,D,20200406,000000,5.56335,5.82414,5.56335,5.73721,0,0
ALR_PE,D,20200407,000000,5.99799,6.69341,5.91107,6.60648,0,0
ALR_PE,D,20200408,000000,6.60648,6.60648,5.91107,6.25877,0,0
ALR_PE,D,20200409,000000,6.3457,6.60648,6.25877,6.60648,0,0
ALR_PE,D,20200414,000000,6.86726,7.56269,6.86726,7.56269,0,0
ALR_PE,D,20200415,000000,7.56269,7.56269,6.9542,7.38883,0,0
ALR_PE,D,20200416,000000,7.56269,7.56269,7.12805,7.12805,0,0
ALR_PE,D,20200417,000000,7.12805,7.21498,6.9542,7.04112,0,0
ALR_PE,D,20200420,000000,7.12805,7.12805,6.69341,6.78034,0,0
ALR_PE,D,20200421,000000,6.60648,6.60648,6.17185,6.25877,0,0
ALR_PE,D,20200422,000000,6.3457,6.51956,6.17185,6.43263,0,0
ALR_PE,D,20200423,000000,6.51956,6.78034,6.51956,6.78034,0,0
ALR_PE,D,20200424,000000,6.60648,6.60648,6.3457,6.3457,0,0
ALR_PE,D,20200427,000000,6.51956,6.51956,6.08492,6.43263,0,0
ALR_PE,D,20200428,000000,6.25877,6.60648,6.25877,6.3457,0,0
ALR_PE,D,20200429,000000,6.43263,6.69341,6.3457,6.69341,0,0
ALR_PE,D,20200430,000000,6.69341,6.9542,6.60648,6.78034,0,0
ALR_PE,D,20200504,000000,6.60648,6.69341,6.51956,6.51956,0,0
ALR_PE,D,20200505,000000,6.69341,6.69341,6.25877,6.3457,0,0
ALR_PE,D,20200506,000000,6.60648,7.04112,6.17185,7.04112,0,0
ALR_PE,D,20200507,000000,7.12805,7.21498,6.86726,7.12805,0,0
ALR_PE,D,20200508,000000,7.12805,7.3019,7.04112,7.12805,0,0
ALR_PE,D,20200511,000000,7.12805,7.12805,6.9542,6.9542,0,0
ALR_PE,D,20200512,000000,6.9542,7.12805,6.86726,7.12805,0,0
ALR_PE,D,20200513,000000,7.04112,7.21498,6.9542,7.04112,0,0
ALR_PE,D,20200514,000000,6.9542,6.9542,6.60648,6.78034,0,0
ALR_PE,D,20200515,000000,6.86726,6.86726,6.69341,6.69341,0,0
ALR_PE,D,20200518,000000,6.86726,6.9542,6.69341,6.9542,0,0
ALR_PE,D,20200519,000000,7.04112,7.04112,6.86726,6.9542,0,0
ALR_PE,D,20200520,000000,6.86726,7.04112,6.86726,6.9542,0,0
ALR_PE,D,20200521,000000,6.86726,7.12805,6.86726,7.12805,0,0
ALR_PE,D,20200522,000000,7.04112,7.04112,6.86726,6.86726,0,0
ALR_PE,D,20200525,000000,6.9542,6.9542,6.78034,6.86726,0,0
ALR_PE,D,20200526,000000,6.9542,7.47576,6.9542,7.47576,0,0
ALR_PE,D,20200527,000000,7.56269,8.25811,7.56269,7.64961,0,0
ALR_PE,D,20200528,000000,7.82347,8.17118,7.21498,7.38883,0,0
ALR_PE,D,20200529,000000,7.3019,7.3019,7.12805,7.3019,0,0
ALR_PE,D,20200601,000000,7.47576,7.56269,7.3019,7.56269,0,0
ALR_PE,D,20200602,000000,7.56269,7.82347,7.56269,7.73654,0,0
ALR_PE,D,20200603,000000,7.82347,8.08425,7.82347,7.99732,0,0
ALR_PE,D,20200604,000000,7.99732,8.69274,7.91039,8.60582,0,0
ALR_PE,D,20200605,000000,8.95352,9.30119,8.69274,9.04045,0,0
ALR_PE,D,20200608,000000,9.30119,9.30119,8.8666,9.21432,0,0
ALR_PE,D,20200609,000000,9.21432,9.21432,8.95352,9.04045,0,0
ALR_PE,D,20200610,000000,9.12737,9.21432,8.8666,9.04045,0,0
ALR_PE,D,20200612,000000,8.51888,9.56198,8.51888,9.38815,0,0
ALR_PE,D,20200615,000000,9.12737,9.12737,8.8666,8.8666,0,0
ALR_PE,D,20200616,000000,9.21432,9.38815,9.21432,9.21432,0,0
ALR_PE,D,20200617,000000,9.21432,9.30119,9.12737,9.12737,0,0
ALR_PE,D,20200618,000000,9.04045,9.12737,8.8666,8.95352,0,0
ALR_PE,D,20200619,000000,9.12737,9.12737,8.95352,9.04045,0,0
ALR_PE,D,20200622,000000,9.04045,9.04045,8.77967,8.8666,0,0
ALR_PE,D,20200623,000000,8.95352,9.12737,8.8666,8.8666,0,0
ALR_PE,D,20200624,000000,8.95352,8.95352,8.60582,8.60582,0,0
ALR_PE,D,20200625,000000,8.51888,8.60582,8.34503,8.60582,0,0
ALR_PE,D,20200626,000000,8.60582,8.69274,8.34503,8.34503,0,0
ALR_PE,D,20200629,000000,8.25811,8.34503,7.99732,8.25811,0,0
ALR_PE,D,20200630,000000,8.43196,8.43196,8.17118,8.25811,0,0
ALR_PE,D,20200701,000000,8.25811,8.34503,8.08425,8.34503,0,0
ALR_PE,D,20200702,000000,8.43196,8.60582,8.34503,8.34503,0,0
ALR_PE,D,20200703,000000,8.43196,8.43196,8.25811,8.43196,0,0
ALR_PE,D,20200706,000000,8.43196,8.77967,8.43196,8.51888,0,0
ALR_PE,D,20200707,000000,8.51888,8.51888,8.43196,8.43196,0,0
ALR_PE,D,20200708,000000,8.43196,8.60582,8.34503,8.51888,0,0
ALR_PE,D,20200709,000000,8.51888,8.69274,8.43196,8.51888,0,0
ALR_PE,D,20200710,000000,8.43196,8.51888,8.34503,8.51888,0,0
ALR_PE,D,20200713,000000,8.60582,8.69274,8.51888,8.69274,0,0
ALR_PE,D,20200714,000000,8.60582,8.69274,8.51888,8.60582,0,0
ALR_PE,D,20200715,000000,8.60582,8.69274,8.51888,8.60582,0,0
ALR_PE,D,20200716,000000,8.60582,8.60582,8.51888,8.60582,0,0
ALR_PE,D,20200717,000000,8.60582,8.69274,8.51888,8.60582,0,0
ALR_PE,D,20200720,000000,8.51888,8.69274,8.51888,8.60582,0,0
ALR_PE,D,20200721,000000,8.69274,9.12737,8.69274,8.8666,0,0
ALR_PE,D,20200722,000000,8.8666,8.95352,8.60582,8.60582,0,0
ALR_PE,D,20200723,000000,8.69274,8.69274,8.34503,8.34503,0,0
ALR_PE,D,20200724,000000,8.25811,8.25811,8.17118,8.17118,0,0
ALR_PE,D,20200727,000000,8.25811,8.25811,7.99732,8.08425,0,0
ALR_PE,D,20200728,000000,8.08425,8.08425,7.91039,7.99732,0,0
ALR_PE,D,20200729,000000,7.99732,7.99732,7.82347,7.91039,0,0
ALR_PE,D,20200730,000000,7.82347,7.82347,7.38883,7.38883,0,0
ALR_PE,D,20200731,000000,7.38883,7.56269,7.3019,7.47576,0,0
ALR_PE,D,20200803,000000,7.56269,7.56269,7.3019,7.38883,0,0
ALR_PE,D,20200804,000000,7.38883,7.73654,7.38883,7.64961,0,0
ALR_PE,D,20200805,000000,7.82347,7.82347,7.64961,7.82347,0,0
ALR_PE,D,20200806,000000,7.91039,7.91039,7.64961,7.64961,0,0
ALR_PE,D,20200807,000000,7.64961,7.64961,7.38883,7.47576,0,0
ALR_PE,D,20200810,000000,7.21498,7.56269,7.21498,7.38883,0,0
ALR_PE,D,20200811,000000,7.47576,7.99732,7.47576,7.99732,0,0
ALR_PE,D,20200812,000000,7.99732,8.08425,7.82347,7.99732,0,0
ALR_PE,D,20200813,000000,8.08425,8.17118,7.99732,7.99732,0,0
ALR_PE,D,20200814,000000,7.99732,8.08425,7.91039,7.99732,0,0
ALR_PE,D,20200817,000000,7.91039,7.91039,7.82347,7.91039,0,0
ALR_PE,D,20200818,000000,7.91039,7.91039,7.73654,7.73654,0,0
ALR_PE,D,20200819,000000,7.64961,7.73654,7.56269,7.56269,0,0
ALR_PE,D,20210804,000000,9.82276,9.82276,9.82276,9.82276,0,0
ALR_PE,D,20210805,000000,9.47511,10.1705,9.47511,10.1705,0,0
ALR_PE,D,20210806,000000,10.2575,10.5182,10.2575,10.5182,0,0
ALR_PE,D,20210809,000000,10.5182,11.0398,10.5182,11.0398,0,0
ALR_PE,D,20210810,000000,11.0398,11.2136,10.6921,10.779,0,0
ALR_PE,D,20210811,000000,10.779,10.9529,10.779,10.8659,0,0
ALR_PE,D,20210812,000000,10.8659,10.9529,10.779,10.8659,0,0
ALR_PE,D,20210813,000000,10.8659,10.9529,10.779,10.9529,0,0
ALR_PE,D,20210816,000000,10.9529,11.1267,10.9529,11.0398,0,0
ALR_PE,D,20210817,000000,11.0398,11.0398,10.8659,11.0398,0,0
ALR_PE,D,20210818,000000,10.9529,11.0398,10.9529,10.9529,0,0
ALR_PE,D,20210819,000000,10.8659,10.8659,10.6051,10.779,0,0
ALR_PE,D,20210820,000000,10.779,10.779,10.5182,10.5182,0,0
ALR_PE,D,20210823,000000,10.6051,10.9529,10.6051,10.9529,0,0
ALR_PE,D,20210824,000000,11.0398,11.1267,10.8659,11.0398,0,0
ALR_PE,D,20210825,000000,11.0398,11.0398,10.8659,11.0398,0,0
ALR_PE,D,20210826,000000,10.9529,11.3875,10.9529,11.3006,0,0
ALR_PE,D,20210827,000000,11.2136,11.3875,11.2136,11.3006,0,0
ALR_PE,D,20210830,000000,11.3006,11.5614,11.3006,11.4744,0,0
ALR_PE,D,20210831,000000,11.4744,11.5614,11.3006,11.4744,0,0
ALR_PE,D,20210901,000000,11.5614,11.7352,11.4744,11.6483,0,0
ALR_PE,D,20210902,000000,11.6483,11.909,11.5614,11.8222,0,0
ALR_PE,D,20210903,000000,11.909,11.909,11.7352,11.8222,0,0
ALR_PE,D,20210906,000000,11.909,12.083,11.909,12.083,0,0
ALR_PE,D,20210907,000000,12.083,12.4306,12.083,12.3437,0,0
ALR_PE,D,20210908,000000,12.3437,12.3437,12.083,12.1698,0,0
ALR_PE,D,20210909,000000,12.083,12.083,11.996,11.996,0,0
ALR_PE,D,20210910,000000,11.996,12.083,11.8222,11.8222,0,0
ALR_PE,D,20210913,000000,11.8222,11.996,11.8222,11.996,0,0
ALR_PE,D,20210914,000000,11.996,12.083,11.909,11.996,0,0
ALR_PE,D,20210915,000000,11.996,12.2568,11.996,12.1698,0,0
ALR_PE,D,20210916,000000,12.1698,12.2568,11.996,12.1698,0,0
ALR_PE,D,20210917,000000,11.7352,12.1698,11.6483,11.6483,0,0
ALR_PE,D,20210920,000000,11.5614,11.5614,10.779,11.1267,0,0
ALR_PE,D,20210921,000000,11.1267,11.1267,11.1267,11.1267,0,0
ALR_PE,D,20210922,000000,11.2136,11.4744,11.2136,11.4744,0,0
ALR_PE,D,20210923,000000,11.5614,11.7352,11.5614,11.7352,0,0
ALR_PE,D,20210924,000000,11.7352,11.909,11.4744,11.4744,0,0
ALR_PE,D,20210927,000000,11.5614,11.909,11.5614,11.6483,0,0
ALR_PE,D,20210928,000000,11.7352,11.7352,11.2136,11.3006,0,0
ALR_PE,D,20210929,000000,11.2136,11.4744,11.2136,11.4744,0,0
ALR_PE,D,20210930,000000,11.5614,11.7352,11.2136,11.2136,0,0
ALR_PE,D,20211001,000000,11.0398,11.6483,11.0398,11.6483,0,0
ALR_PE,D,20211004,000000,11.6483,12.3437,11.6483,12.1698,0,0
ALR_PE,D,20211005,000000,12.1698,12.6044,12.1698,12.5176,0,0
ALR_PE,D,20211006,000000,12.5176,13.2999,12.1698,13.126,0,0
ALR_PE,D,20211007,000000,13.0391,13.2999,12.9522,13.2999,0,0
ALR_PE,D,20211008,000000,13.213,13.5607,13.213,13.4737,0,0
ALR_PE,D,20211011,000000,13.4737,13.7345,13.213,13.6476,0,0
ALR_PE,D,20211012,000000,13.5607,13.9953,13.4737,13.9953,0,0
ALR_PE,D,20211013,000000,13.9953,14.0823,13.3868,13.3868,0,0
ALR_PE,D,20211014,000000,13.3868,13.7345,13.3868,13.4737,0,0
ALR_PE,D,20211015,000000,13.5607,13.7345,13.2999,13.7345,0,0
ALR_PE,D,20211018,000000,13.7345,13.9953,13.6476,13.9953,0,0
ALR_PE,D,20211019,000000,13.9953,14.0823,13.6476,13.6476,0,0
ALR_PE,D,20211020,000000,13.6476,14.0823,13.5607,13.9953,0,0
ALR_PE,D,20211021,000000,13.9953,14.1691,13.8215,13.9084,0,0
ALR_PE,D,20211022,000000,13.9084,14.2561,13.8215,14.1691,0,0
ALR_PE,D,20211025,000000,14.1691,14.3431,14.0823,14.1691,0,0
ALR_PE,D,20211026,000000,14.2561,14.7777,14.0823,14.6038,0,0
ALR_PE,D,20211027,000000,14.8646,15.3862,12.8652,12.8652,0,0
ALR_PE,D,20211028,000000,13.0391,13.4737,12.7783,13.4737,0,0
ALR_PE,D,20211029,000000,13.3868,14.3431,13.3868,14.2561,0,0
ALR_PE,D,20211102,000000,14.3431,15.0385,14.3431,15.0385,0,0
ALR_PE,D,20211103,000000,15.0385,15.0385,13.9953,14.3431,0,0
ALR_PE,D,20211104,000000,14.3431,14.8646,14.3431,14.8646,0,0
ALR_PE,D,20211105,000000,14.9515,15.2992,14.8646,15.0385,0,0
ALR_PE,D,20211108,000000,15.1254,15.1254,14.7777,15.0385,0,0
ALR_PE,D,20211109,000000,14.9515,14.9515,14.3431,14.4299,0,0
ALR_PE,D,20211110,000000,14.2561,14.6907,14.0823,14.2561,0,0
ALR_PE,D,20211112,000000,14.2561,14.2561,13.7345,14.0823,0,0
ALR_PE,D,20211115,000000,13.9953,14.4299,13.9953,14.0823,0,0
ALR_PE,D,20211116,000000,14.0823,14.3431,13.7345,13.9953,0,0
ALR_PE,D,20211117,000000,14.0823,14.0823,13.8215,13.8215,0,0
ALR_PE,D,20211118,000000,13.7345,13.8215,12.7783,13.0391,0,0
ALR_PE,D,20211119,000000,12.8652,13.2999,12.5176,12.7783,0,0
ALR_PE,D,20211122,000000,12.7783,13.2999,12.5176,13.2999,0,0
ALR_PE,D,20211123,000000,13.126,13.4737,12.8652,13.3868,0,0
ALR_PE,D,20211124,000000,13.3868,13.7345,13.3868,13.3868,0,0
ALR_PE,D,20211125,000000,13.4737,13.4737,13.213,13.2999,0,0
ALR_PE,D,20211126,000000,12.7783,12.7783,12.083,12.1698,0,0
ALR_PE,D,20211129,000000,12.2568,12.5176,11.6483,12.4306,0,0
ALR_PE,D,20211130,000000,12.1698,13.2999,12.1698,13.0391,0,0
ALR_PE,D,20211201,000000,13.126,13.8215,12.7783,12.8652,0,0
ALR_PE,D,20211202,000000,12.6044,13.213,12.6044,13.126,0,0
ALR_PE,D,20211203,000000,13.213,13.2999,12.9522,13.126,0,0
ALR_PE,D,20211206,000000,13.126,13.126,12.7783,12.9522,0,0
ALR_PE,D,20211207,000000,13.0391,13.213,12.9522,13.213,0,0
ALR_PE,D,20211208,000000,13.4737,13.4737,13.0391,13.126,0,0
ALR_PE,D,20211209,000000,13.126,13.3868,12.5176,12.6914,0,0
ALR_PE,D,20211210,000000,12.6914,13.0391,12.6044,13.0391,0,0
ALR_PE,D,20211213,000000,13.126,13.126,12.6914,12.7783,0,0
ALR_PE,D,20211214,000000,12.7783,12.7783,12.3437,12.4306,0,0
ALR_PE,D,20211215,000000,12.4306,12.4306,11.909,11.996,0,0
ALR_PE,D,20211216,000000,12.083,12.6914,12.083,12.5176,0,0
ALR_PE,D,20211217,000000,12.4306,12.4306,11.909,11.996,0,0
ALR_PE,D,20211220,000000,11.7352,12.083,11.4744,11.909,0,0
ALR_PE,D,20211221,000000,11.996,12.5176,11.996,12.5176,0,0
ALR_PE,D,20211222,000000,12.4306,12.5176,12.2568,12.3437,0,0
ALR_PE,D,20211223,000000,12.4306,12.6914,12.2568,12.3437,0,0
ALR_PE,D,20211227,000000,12.4306,12.6044,12.3437,12.4306,0,0
ALR_PE,D,20211228,000000,12.4306,12.8652,12.2568,12.3437,0,0
ALR_PE,D,20211229,000000,12.4306,12.7783,12.1698,12.1698,0,0
ALR_PE,D,20211230,000000,11.996,12.5176,11.996,12.3437,0,0
ALR_PE,D,20220103,000000,12.4306,12.8652,12.4306,12.6914,0,0
ALR_PE,D,20220104,000000,12.8652,13.126,12.7783,12.9522,0,0
ALR_PE,D,20220105,000000,12.9522,12.9522,12.6914,12.8652,0,0
ALR_PE,D,20220107,000000,12.6914,12.8652,12.6914,12.8652,0,0
ALR_PE,D,20220110,000000,12.9522,13.0391,12.6914,12.6914,0,0
ALR_PE,D,20220111,000000,12.8652,13.5607,12.7783,13.5607,0,0
ALR_PE,D,20220112,000000,13.7345,14.0823,13.7345,13.9953,0,0
ALR_PE,D,20220113,000000,14.0823,14.0823,13.7345,13.9084,0,0
ALR_PE,D,20220114,000000,13.8215,13.8215,13.3868,13.6476,0,0
ALR_PE,D,20220117,000000,13.6476,13.7345,13.4737,13.5607,0,0
ALR_PE,D,20220118,000000,13.5607,13.5607,13.0391,13.126,0,0
ALR_PE,D,20220119,000000,12.8652,13.3868,12.8652,13.213,0,0
ALR_PE,D,20220120,000000,13.126,13.2999,12.8652,13.0391,0,0
ALR_PE,D,20220121,000000,12.9522,12.9522,12.6914,12.8652,0,0
ALR_PE,D,20220124,000000,12.6914,12.9522,11.5614,11.909,0,0
ALR_PE,D,20220125,000000,11.8222,12.2568,11.8222,12.083,0,0
ALR_PE,D,20220126,000000,12.2568,12.6044,12.2568,12.4306,0,0
ALR_PE,D,20220127,000000,12.3437,12.7783,12.3437,12.6914,0,0
ALR_PE,D,20220128,000000,12.6044,12.6044,12.1698,12.4306,0,0
ALR_PE,D,20220131,000000,12.6914,12.7783,12.4306,12.6914,0,0
ALR_PE,D,20220201,000000,12.7783,13.126,12.7783,13.126,0,0
ALR_PE,D,20220202,000000,13.213,13.3868,13.0391,13.2999,0,0
ALR_PE,D,20220203,000000,13.126,13.2999,12.8652,13.126,0,0
ALR_PE,D,20220204,000000,13.126,13.126,12.7783,13.0391,0,0
ALR_PE,D,20220207,000000,13.126,13.126,12.7783,12.9522,0,0
ALR_PE,D,20220208,000000,12.8652,13.126,12.8652,13.126,0,0
ALR_PE,D,20220209,000000,13.126,13.2999,12.8652,13.2999,0,0
ALR_PE,D,20220210,000000,13.2999,13.2999,13.0391,13.0391,0,0
ALR_PE,D,20220211,000000,12.8652,12.8652,12.6044,12.7783,0,0
ALR_PE,D,20220214,000000,12.4306,12.4306,11.909,12.083,0,0
ALR_PE,D,20220215,000000,11.996,12.8652,11.996,12.6044,0,0
ALR_PE,D,20220216,000000,12.8652,12.8652,12.4306,12.6044,0,0
ALR_PE,D,20220217,000000,12.6044,12.6044,12.083,12.1698,0,0
ALR_PE,D,20220218,000000,12.1698,12.2568,11.909,11.996,0,0
ALR_PE,D,20220221,000000,12.083,12.083,11.2136,11.2136,0,0
ALR_PE,D,20220222,000000,10.6051,11.3875,10.6051,11.3006,0,0
ALR_PE,D,20220223,000000,11.3875,11.5614,10.8659,10.9529,0,0
ALR_PE,D,20220224,000000,9.38815,9.99668,8.51888,9.04045,0,0
ALR_PE,D,20220225,000000,9.47511,10.6921,9.47511,10.6921,0,0
ALR_PE,D,20220228,000000,10.1705,10.6921,10.0835,10.6051,0,0
ALR_PE,D,20220301,000000,10.5182,10.9529,9.82276,9.82276,0,0
ALR_PE,D,20220302,000000,9.73589,10.6051,9.56198,10.6051,0,0
ALR_PE,D,20220303,000000,10.6051,10.6051,9.90972,9.90972,0,0
ALR_PE,D,20220304,000000,9.82276,9.82276,8.95352,8.95352,0,0
ALR_PE,D,20220307,000000,8.51888,9.30119,8.25811,8.95352,0,0
ALR_PE,D,20220308,000000,8.95352,9.56198,8.8666,8.95352,0,0
ALR_PE,D,20220309,000000,9.12737,9.90972,9.12737,9.90972,0,0
ALR_PE,D,20220310,000000,10.1705,10.1705,9.47511,9.73589,0,0
ALR_PE,D,20220311,000000,9.73589,10.0835,9.73589,9.73589,0,0
ALR_PE,D,20220314,000000,9.90972,10.1705,9.82276,9.99668,0,0
ALR_PE,D,20220315,000000,9.90972,10.1705,9.56198,10.0835,0,0
ALR_PE,D,20220316,000000,10.2575,10.6921,10.2575,10.6921,0,0
ALR_PE,D,20220317,000000,10.779,11.0398,10.6921,10.6921,0,0
ALR_PE,D,20220318,000000,10.4313,10.779,10.3443,10.3443,0,0
ALR_PE,D,20220321,000000,10.4313,10.6051,10.0835,10.1705,0,0
ALR_PE,D,20220322,000000,10.1705,10.5182,10.1705,10.4313,0,0
ALR_PE,D,20220323,000000,10.4313,10.6051,10.1705,10.2575,0,0
ALR_PE,D,20220324,000000,10.3443,10.3443,10.0835,10.2575,0,0
ALR_PE,D,20220325,000000,10.2575,10.2575,9.90972,10.0835,0,0
ALR_PE,D,20220328,000000,9.99668,10.4313,9.99668,10.1705,0,0
ALR_PE,D,20220329,000000,10.1705,11.0398,9.99668,10.8659,0,0
ALR_PE,D,20220330,000000,10.8659,10.9529,10.779,10.9529,0,0
ALR_PE,D,20220331,000000,10.9529,11.0398,10.6921,10.779,0,0
ALR_PE,D,20220401,000000,10.6921,11.0398,10.6921,11.0398,0,0
ALR_PE,D,20220404,000000,11.2136,11.4744,10.9529,10.9529,0,0
ALR_PE,D,20220405,000000,11.0398,11.1267,10.779,10.8659,0,0
ALR_PE,D,20220406,000000,10.9529,11.0398,10.6051,11.0398,0,0
ALR_PE,D,20220407,000000,11.0398,11.0398,10.779,10.779,0,0
ALR_PE,D,20220408,000000,10.9529,10.9529,10.4313,10.4313,0,0
ALR_PE,D,20220411,000000,10.3443,10.6921,10.2575,10.6051,0,0
ALR_PE,D,20220412,000000,10.6921,10.6921,10.3443,10.3443,0,0
ALR_PE,D,20220413,000000,10.4313,10.6051,10.3443,10.5182,0,0
ALR_PE,D,20220414,000000,10.6921,10.6921,10.2575,10.3443,0,0
ALR_PE,D,20220419,000000,10.4313,10.4313,10.0835,10.3443,0,0
ALR_PE,D,20220420,000000,10.3443,10.6051,10.2575,10.2575,0,0
ALR_PE,D,20220421,000000,10.3443,10.779,10.2575,10.6921,0,0
ALR_PE,D,20220422,000000,10.6051,10.6051,10.1705,10.2575,0,0
ALR_PE,D,20220425,000000,10.1705,10.1705,9.56198,9.56198,0,0
ALR_PE,D,20220426,000000,9.73589,9.90972,9.64893,9.73589,0,0
ALR_PE,D,20220427,000000,9.38815,9.73589,8.25811,8.34503,0,0
ALR_PE,D,20220428,000000,8.51888,8.51888,7.3019,7.3019,0,0
ALR_PE,D,20220429,000000,7.47576,7.73654,7.3019,7.56269,0,0
ALR_PE,D,20220502,000000,7.47576,7.56269,7.3019,7.38883,0,0
ALR_PE,D,20220504,000000,7.38883,7.38883,7.12805,7.21498,0,0
ALR_PE,D,20220505,000000,7.47576,7.47576,6.69341,6.69341,0,0
ALR_PE,D,20220506,000000,6.51956,6.78034,6.43263,6.69341,0,0
ALR_PE,D,20220509,000000,6.69341,6.69341,6.51956,6.51956,0,0
ALR_PE,D,20220510,000000,6.51956,6.51956,6.25877,6.43263,0,0
ALR_PE,D,20220511,000000,6.51956,6.51956,6.17185,6.17185,0,0
ALR_PE,D,20220512,000000,5.99799,6.08492,5.82414,5.91107,0,0
ALR_PE,D,20220513,000000,5.99799,6.43263,5.99799,6.43263,0,0
ALR_PE,D,20220516,000000,6.51956,6.86726,6.43263,6.51956,0,0
ALR_PE,D,20220517,000000,6.69341,6.9542,6.60648,6.86726,0,0
ALR_PE,D,20220518,000000,6.86726,7.21498,6.86726,6.86726,0,0
ALR_PE,D,20220519,000000,6.78034,6.78034,6.60648,6.78034,0,0
ALR_PE,D,20220520,000000,7.04112,7.04112,6.69341,6.69341,0,0
ALR_PE,D,20220523,000000,6.86726,7.04112,6.78034,7.04112,0,0
ALR_PE,D,20220524,000000,6.9542,7.12805,6.86726,6.86726,0,0
ALR_PE,D,20220525,000000,6.9542,6.9542,6.78034,6.9542,0,0
ALR_PE,D,20220526,000000,6.86726,7.12805,6.86726,7.12805,0,0
ALR_PE,D,20220527,000000,7.12805,7.12805,6.86726,6.86726,0,0
ALR_PE,D,20220530,000000,6.9542,7.12805,6.9542,7.12805,0,0
ALR_PE,D,20220531,000000,7.12805,7.12805,6.9542,6.9542,0,0
ALR_PE,D,20220601,000000,6.9542,7.12805,6.86726,7.04112,0,0
ALR_PE,D,20220602,000000,6.9542,7.12805,6.9542,7.12805,0,0
ALR_PE,D,20220603,000000,7.21498,7.21498,6.86726,6.86726,0,0
ALR_PE,D,20220606,000000,6.86726,7.04112,6.86726,6.9542,0,0
ALR_PE,D,20220607,000000,6.86726,6.9542,6.86726,6.9542,0,0
ALR_PE,D,20220608,000000,6.9542,6.9542,6.69341,6.78034,0,0
ALR_PE,D,20220609,000000,6.69341,6.78034,6.43263,6.43263,0,0
ALR_PE,D,20220610,000000,6.3457,6.3457,6.08492,6.17185,0,0
ALR_PE,D,20220613,000000,5.99799,5.99799,5.65028,5.73721,0,0
ALR_PE,D,20220614,000000,5.82414,5.91107,5.73721,5.73721,0,0
ALR_PE,D,20220615,000000,5.82414,5.99799,5.73721,5.99799,0,0
ALR_PE,D,20220617,000000,5.82414,6.17185,5.82414,5.99799,0,0
ALR_PE,D,20220620,000000,6.08492,6.17185,5.99799,6.08492,0,0
ALR_PE,D,20220621,000000,6.08492,6.25877,6.08492,6.17185,0,0
ALR_PE,D,20220622,000000,6.08492,6.17185,5.99799,6.17185,0,0
ALR_PE,D,20220623,000000,6.17185,6.17185,5.73721,5.82414,0,0
ALR_PE,D,20220624,000000,5.91107,5.99799,5.82414,5.91107,0,0
ALR_PE,D,20220627,000000,5.99799,6.08492,5.91107,5.91107,0,0
ALR_PE,D,20220628,000000,5.91107,6.17185,5.91107,6.08492,0,0
ALR_PE,D,20220629,000000,5.99799,5.99799,5.82414,5.91107,0,0
ALR_PE,D,20220630,000000,5.82414,5.82414,5.65028,5.65028,0,0
ALR_PE,D,20220701,000000,5.65028,5.73721,5.47643,5.56335,0,0
ALR_PE,D,20220704,000000,5.56335,5.56335,5.21564,5.21564,0,0
ALR_PE,D,20220705,000000,5.30258,5.3895,4.95486,5.12872,0,0
ALR_PE,D,20220706,000000,5.12872,5.30258,5.04179,5.21564,0,0
ALR_PE,D,20220707,000000,5.21564,5.47643,5.21564,5.3895,0,0
ALR_PE,D,20220708,000000,5.30258,5.56335,5.21564,5.56335,0,0
ALR_PE,D,20220711,000000,5.3895,5.56335,5.3895,5.3895,0,0
ALR_PE,D,20220712,000000,5.3895,5.3895,5.12872,5.12872,0,0
ALR_PE,D,20220713,000000,5.12872,5.21564,4.95486,5.12872,0,0
ALR_PE,D,20220714,000000,5.21564,5.21564,4.95486,4.95486,0,0
ALR_PE,D,20220715,000000,5.04179,5.04179,4.86794,4.95486,0,0
ALR_PE,D,20220718,000000,5.04179,5.12872,5.04179,5.12872,0,0
ALR_PE,D,20220719,000000,5.21564,5.21564,5.04179,5.12872,0,0
ALR_PE,D,20220720,000000,5.21564,5.3895,5.12872,5.21564,0,0
ALR_PE,D,20220721,000000,5.21564,5.21564,5.04179,5.12872,0,0
ALR_PE,D,20220722,000000,5.12872,5.21564,5.04179,5.12872,0,0
ALR_PE,D,20220725,000000,5.12872,5.30258,5.12872,5.21564,0,0
ALR_PE,D,20220726,000000,5.21564,5.21564,4.95486,4.95486,0,0
ALR_PE,D,20220727,000000,5.04179,5.04179,4.86794,4.86794,0,0
ALR_PE,D,20220728,000000,4.95486,5.04179,4.95486,5.04179,0,0
ALR_PE,D,20220729,000000,5.04179,5.21564,5.04179,5.21564,0,0
ALR_PE,D,20220801,000000,5.21564,5.3895,5.21564,5.30258,0,0
ALR_PE,D,20220802,000000,5.30258,5.3895,5.21564,5.21564,0,0
ALR_PE,D,20220803,000000,5.3895,5.47643,4.52022,4.52022,0,0
ALR_PE,D,20220804,000000,4.52022,4.69408,4.4333,4.60715,0,0
ALR_PE,D,20220805,000000,4.69408,4.69408,4.52022,4.52022,0,0
ALR_PE,D,20220808,000000,4.52022,4.86794,4.52022,4.86794,0,0
ALR_PE,D,20220809,000000,4.86794,5.04179,4.86794,5.04179,0,0
ALR_PE,D,20220810,000000,5.04179,5.12872,4.95486,5.04179,0,0
ALR_PE,D,20220811,000000,5.12872,5.12872,4.95486,5.04179,0,0
ALR_PE,D,20220812,000000,5.04179,5.21564,5.04179,5.12872,0,0
ALR_PE,D,20220816,000000,5.12872,5.30258,5.12872,5.21564,0,0
ALR_PE,D,20220817,000000,5.21564,5.21564,4.95486,4.95486,0,0
ALR_PE,D,20220818,000000,4.95486,5.12872,4.95486,5.12872,0,0
ALR_PE,D,20220819,000000,5.04179,5.12872,4.95486,5.04179,0,0
ALR_PE,D,20220822,000000,4.95486,5.04179,4.86794,4.95486,0,0
ALR_PE,D,20220823,000000,4.95486,4.95486,4.78101,4.78101,0,0
ALR_PE,D,20220824,000000,4.78101,4.78101,4.69408,4.78101,0,0
ALR_PE,D,20220825,000000,4.86794,4.95486,4.69408,4.78101,0,0
ALR_PE,D,20220826,000000,4.78101,4.86794,4.69408,4.78101,0,0
ALR_PE,D,20220829,000000,4.69408,4.69408,4.52022,4.60715,0,0
ALR_PE,D,20220830,000000,4.60715,4.69408,4.60715,4.60715,0,0
ALR_PE,D,20220831,000000,4.60715,4.69408,4.60715,4.69408,0,0
ALR_PE,D,20220901,000000,4.60715,4.60715,4.52022,4.52022,0,0
ALR_PE,D,20220902,000000,4.52022,4.69408,4.52022,4.69408,0,0
ALR_PE,D,20220905,000000,4.60715,4.69408,4.60715,4.69408,0,0
ALR_PE,D,20220906,000000,4.69408,4.78101,4.60715,4.69408,0,0
ALR_PE,D,20220907,000000,4.60715,4.69408,4.52022,4.60715,0,0
ALR_PE,D,20220908,000000,4.69408,4.86794,4.60715,4.86794,0,0
ALR_PE,D,20220909,000000,4.86794,5.12872,4.86794,5.04179,0,0
ALR_PE,D,20220912,000000,5.12872,5.21564,5.04179,5.21564,0,0
ALR_PE,D,20220913,000000,5.21564,5.30258,5.04179,5.04179,0,0
ALR_PE,D,20220914,000000,4.95486,5.12872,4.95486,5.12872,0,0
ALR_PE,D,20220915,000000,5.04179,5.21564,5.04179,5.04179,0,0
ALR_PE,D,20220916,000000,4.95486,4.95486,4.78101,4.86794,0,0
ALR_PE,D,20220919,000000,4.86794,5.04179,4.86794,5.04179,0,0
ALR_PE,D,20220920,000000,5.04179,5.12872,4.86794,4.86794,0,0
ALR_PE,D,20220921,000000,4.86794,4.86794,4.69408,4.78101,0,0
ALR_PE,D,20220922,000000,4.69408,4.78101,4.69408,4.69408,0,0
ALR_PE,D,20220923,000000,4.69408,4.69408,4.4333,4.4333,0,0
ALR_PE,D,20220926,000000,4.4333,4.4333,4.34637,4.4333,0,0
ALR_PE,D,20220927,000000,4.4333,4.60715,4.4333,4.60715,0,0
ALR_PE,D,20220928,000000,4.52022,4.52022,4.34637,4.4333,0,0
ALR_PE,D,20220929,000000,4.4333,4.4333,4.25945,4.25945,0,0
ALR_PE,D,20220930,000000,4.25945,4.25945,4.08558,4.17252,0,0
ALR_PE,D,20221003,000000,4.17252,4.17252,3.99866,4.17252,0,0
ALR_PE,D,20221004,000000,4.25945,4.4333,4.25945,4.4333,0,0
ALR_PE,D,20221005,000000,4.4333,4.4333,4.17252,4.17252,0,0
ALR_PE,D,20221006,000000,4.25945,4.34637,4.25945,4.34637,0,0
ALR_PE,D,20221007,000000,4.34637,4.34637,4.25945,4.25945,0,0
ALR_PE,D,20221010,000000,4.25945,4.25945,4.17252,4.17252,0,0
ALR_PE,D,20221011,000000,4.17252,4.25945,4.08558,4.25945,0,0
ALR_PE,D,20221012,000000,4.25945,4.25945,4.17252,4.25945,0,0
ALR_PE,D,20221013,000000,4.25945,4.4333,4.25945,4.34637,0,0
ALR_PE,D,20221014,000000,4.52022,4.52022,4.4333,4.4333,0,0
ALR_PE,D,20221017,000000,4.4333,4.52022,4.34637,4.52022,0,0
ALR_PE,D,20221018,000000,4.60715,4.78101,4.60715,4.60715,0,0
ALR_PE,D,20221019,000000,4.60715,4.69408,4.52022,4.69408,0,0
ALR_PE,D,20221020,000000,4.69408,4.86794,4.60715,4.78101,0,0
ALR_PE,D,20221021,000000,4.78101,4.86794,4.60715,4.69408,0,0
ALR_PE,D,20221024,000000,4.78101,4.86794,4.69408,4.86794,0,0
ALR_PE,D,20221025,000000,4.86794,4.95486,4.86794,4.86794,0,0
ALR_PE,D,20221026,000000,4.95486,5.12872,4.86794,5.12872,0,0
ALR_PE,D,20221027,000000,5.12872,5.21564,5.04179,5.21564,0,0
ALR_PE,D,20221028,000000,5.12872,5.21564,5.04179,5.21564,0,0
ALR_PE,D,20221031,000000,5.21564,5.30258,5.12872,5.21564,0,0
ALR_PE,D,20221102,000000,5.21564,5.30258,5.12872,5.30258,0,0
ALR_PE,D,20221103,000000,5.21564,5.3895,5.21564,5.21564,0,0
ALR_PE,D,20221104,000000,5.21564,7.99732,5.04179,7.99732,0,0
ALR_PE,D,20221107,000000,7.91039,8.77967,7.91039,8.60582,0,0
ALR_PE,D,20221108,000000,8.60582,8.77967,8.51888,8.77967,0,0
ALR_PE,D,20221109,000000,8.77967,9.12737,8.77967,9.04045,0,0
ALR_PE,D,20221110,000000,8.8666,9.21432,8.77967,9.12737,0,0
ALR_PE,D,20221114,000000,9.21432,9.38815,9.21432,9.21432,0,0
ALR_PE,D,20221115,000000,9.30119,9.30119,8.8666,9.21432,0,0
ALR_PE,D,20221116,000000,9.04045,9.04045,8.8666,9.04045,0,0
ALR_PE,D,20221117,000000,9.04045,9.04045,8.60582,8.77967,0,0
ALR_PE,D,20221118,000000,8.77967,9.04045,8.60582,8.8666,0,0
ALR_PE,D,20221121,000000,8.95352,8.95352,8.69274,8.69274,0,0
ALR_PE,D,20221122,000000,8.69274,8.8666,8.69274,8.77967,0,0
ALR_PE,D,20221123,000000,8.77967,8.8666,8.77967,8.8666,0,0
ALR_PE,D,20221124,000000,8.8666,9.12737,8.8666,9.12737,0,0
ALR_PE,D,20221125,000000,9.12737,9.12737,8.95352,9.12737,0,0
ALR_PE,D,20221128,000000,9.12737,9.38815,9.12737,9.38815,0,0
ALR_PE,D,20221129,000000,9.38815,9.38815,9.12737,9.38815,0,0
ALR_PE,D,20221130,000000,9.38815,9.82276,9.30119,9.64893,0,0
ALR_PE,D,20221201,000000,9.73589,9.73589,9.47511,9.64893,0,0
ALR_PE,D,20221202,000000,9.64893,9.64893,9.47511,9.56198,0,0
ALR_PE,D,20221205,000000,9.56198,9.73589,9.56198,9.64893,0,0
ALR_PE,D,20221206,000000,9.64893,9.64893,9.21432,9.21432,0,0
ALR_PE,D,20221207,000000,9.21432,9.38815,9.21432,9.30119,0,0
ALR_PE,D,20221208,000000,9.30119,9.38815,9.12737,9.21432,0,0
ALR_PE,D,20221209,000000,9.21432,9.21432,9.12737,9.12737,0,0
ALR_PE,D,20221212,000000,9.04045,9.21432,8.95352,9.21432,0,0
ALR_PE,D,20221213,000000,9.21432,9.47511,9.12737,9.38815,0,0
ALR_PE,D,20221214,000000,9.38815,9.47511,9.30119,9.38815,0,0
ALR_PE,D,20221215,000000,9.30119,9.30119,9.04045,9.04045,0,0
ALR_PE,D,20221216,000000,9.04045,9.04045,8.95352,8.95352,0,0
ALR_PE,D,20221219,000000,8.95352,9.04045,8.95352,8.95352,0,0
ALR_PE,D,20221220,000000,8.95352,9.04045,8.8666,9.04045,0,0
ALR_PE,D,20221221,000000,9.04045,9.12737,8.95352,9.12737,0,0
ALR_PE,D,20221222,000000,9.12737,9.38815,9.04045,9.04045,0,0
ALR_PE,D,20221223,000000,9.04045,9.04045,8.8666,8.95352,0,0
ALR_PE,D,20221227,000000,9.04045,9.04045,8.77967,8.8666,0,0
ALR_PE,D,20221228,000000,8.8666,9.12737,8.77967,8.95352,0,0
ALR_PE,D,20221229,000000,8.95352,9.21432,8.95352,9.21432,0,0
ALR_PE,D,20221230,000000,9.21432,9.30119,9.12737,9.21432,0,0
ALR_PE,D,20230102,000000,9.21432,9.38815,9.12737,9.30119,0,0
ALR_PE,D,20230103,000000,9.38815,10.6051,9.38815,10.3443,0,0
ALR_PE,D,20230104,000000,10.3443,11.0398,10.3443,11.0398,0,0
ALR_PE,D,20230105,000000,11.0398,11.3006,11.0398,11.2136,0,0
ALR_PE,D,20230109,000000,11.3006,11.6483,11.3006,11.5614,0,0
ALR_PE,D,20230110,000000,11.5614,11.7352,11.4744,11.6483,0,0
ALR_PE,D,20230111,000000,11.6483,11.8222,11.2136,11.2136,0,0
ALR_PE,D,20230112,000000,11.2136,11.5614,11.2136,11.3875,0,0
ALR_PE,D,20230113,000000,11.3875,11.4744,11.3006,11.3006,0,0
ALR_PE,D,20230116,000000,11.2136,11.4744,11.2136,11.3875,0,0
ALR_PE,D,20230117,000000,11.3875,11.3875,11.1267,11.3006,0,0
ALR_PE,D,20230118,000000,11.3006,11.3006,10.9529,10.9529,0,0
ALR_PE,D,20230119,000000,10.779,10.8659,10.5182,10.6921,0,0
ALR_PE,D,20230120,000000,10.779,10.9529,10.5182,10.8659,0,0
ALR_PE,D,20230123,000000,10.9529,10.9529,10.6921,10.8659,0,0
ALR_PE,D,20230124,000000,10.8659,11.0398,10.6921,10.8659,0,0
ALR_PE,D,20230125,000000,10.6921,10.8659,10.2575,10.3443,0,0
ALR_PE,D,20230126,000000,10.4313,10.4313,10.1705,10.4313,0,0
ALR_PE,D,20230127,000000,10.5182,10.5182,10.3443,10.4313,0,0
ALR_PE,D,20230130,000000,10.3443,10.3443,9.99668,9.99668,0,0
ALR_PE,D,20230131,000000,9.99668,10.6051,9.99668,10.5182,0,0
ALR_PE,D,20230201,000000,10.5182,10.779,10.3443,10.5182,0,0
ALR_PE,D,20230202,000000,10.6921,10.9529,10.6051,10.6921,0,0
ALR_PE,D,20230203,000000,10.6921,10.8659,10.6051,10.779,0,0
ALR_PE,D,20230206,000000,10.6921,10.779,10.4313,10.5182,0,0
ALR_PE,D,20230207,000000,10.5182,10.6051,10.3443,10.5182,0,0
ALR_PE,D,20230208,000000,10.6051,10.6051,10.4313,10.4313,0,0
ALR_PE,D,20230209,000000,10.5182,11.0398,10.5182,10.8659,0,0
ALR_PE,D,20230210,000000,10.6921,10.779,10.3443,10.4313,0,0
ALR_PE,D,20230213,000000,10.4313,10.5182,10.3443,10.4313,0,0
ALR_PE,D,20230214,000000,10.5182,10.779,10.4313,10.6051,0,0
ALR_PE,D,20230215,000000,10.6051,10.779,10.6051,10.6051,0,0
ALR_PE,D,20230216,000000,10.6051,10.9529,10.3443,10.9529,0,0
ALR_PE,D,20230217,000000,10.779,10.8659,10.6051,10.6921,0,0
ALR_PE,D,20230220,000000,10.6921,10.6921,10.4313,10.6051,0,0
ALR_PE,D,20230221,000000,10.6921,10.6921,10.3443,10.5182,0,0
ALR_PE,D,20230222,000000,10.4313,10.4313,10.1705,10.3443,0,0
ALR_PE,D,20230223,000000,10.2575,10.5182,10.2575,10.5182,0,0
ALR_PE,D,20230224,000000,10.6051,10.6921,10.5182,10.6921,0,0
ALR_PE,D,20230227,000000,10.6921,10.6921,10.6051,10.6921,0,0
ALR_PE,D,20230228,000000,10.6921,11.0398,10.6921,10.8659,0,0
ALR_PE,D,20230301,000000,10.9529,11.0398,10.779,10.779,0,0
ALR_PE,D,20230302,000000,10.6921,10.6921,10.5182,10.6051,0,0
ALR_PE,D,20230303,000000,10.779,10.779,6.51956,6.51956,0,0
ALR_PE,D,20230306,000000,6.60648,6.69341,6.60648,6.69341,0,0
ALR_PE,D,20230307,000000,6.69341,6.9542,6.69341,6.78034,0,0
ALR_PE,D,20230308,000000,6.78034,6.9542,6.78034,6.9542,0,0
ALR_PE,D,20230309,000000,7.04112,7.04112,6.78034,6.78034,0,0
ALR_PE,D,20230310,000000,6.60648,6.60648,6.43263,6.51956,0,0
ALR_PE,D,20230313,000000,6.51956,6.51956,6.17185,6.3457,0,0
ALR_PE,D,20230314,000000,6.3457,6.51956,6.25877,6.51956,0,0
ALR_PE,D,20230315,000000,6.51956,6.60648,6.08492,6.08492,0,0
ALR_PE,D,20230316,000000,6.17185,6.17185,5.91107,6.08492,0,0
ALR_PE,D,20230317,000000,6.25877,6.25877,5.65028,5.73721,0,0
ALR_PE,D,20230320,000000,5.73721,5.73721,5.3895,5.65028,0,0
ALR_PE,D,20230321,000000,5.73721,5.82414,5.73721,5.73721,0,0
ALR_PE,D,20230322,000000,5.82414,5.82414,5.65028,5.73721,0,0
ALR_PE,D,20230323,000000,5.73721,5.82414,5.56335,5.73721,0,0
ALR_PE,D,20230324,000000,5.82414,5.82414,5.65028,5.65028,0,0
ALR_PE,D,20230327,000000,5.65028,5.91107,5.65028,5.91107,0,0
ALR_PE,D,20230328,000000,5.99799,6.08492,5.99799,6.08492,0,0
ALR_PE,D,20230329,000000,6.17185,6.25877,6.08492,6.25877,0,0
ALR_PE,D,20230330,000000,6.3457,6.43263,6.25877,6.43263,0,0
ALR_PE,D,20230331,000000,6.43263,6.51956,6.3457,6.43263,0,0
ALR_PE,D,20230403,000000,6.51956,6.60648,6.43263,6.51956,0,0
ALR_PE,D,20230404,000000,6.60648,6.69341,6.60648,6.69341,0,0
ALR_PE,D,20230405,000000,6.69341,6.69341,6.43263,6.43263,0,0
ALR_PE,D,20230406,000000,6.43263,6.51956,6.43263,6.51956,0,0
ALR_PE,D,20230411,000000,6.51956,6.86726,6.51956,6.78034,0,0
ALR_PE,D,20230412,000000,6.78034,7.04112,6.78034,7.04112,0,0
ALR_PE,D,20230413,000000,7.04112,7.38883,7.04112,7.38883,0,0
ALR_PE,D,20230414,000000,7.38883,7.56269,7.3019,7.47576,0,0
ALR_PE,D,20230417,000000,7.47576,7.56269,7.38883,7.56269,0,0
ALR_PE,D,20230418,000000,7.47576,7.73654,7.47576,7.47576,0,0
ALR_PE,D,20230419,000000,7.47576,7.47576,7.21498,7.47576,0,0
ALR_PE,D,20230420,000000,7.47576,7.73654,7.47576,7.47576,0,0
ALR_PE,D,20230421,000000,7.47576,7.64961,7.38883,7.56269,0,0
ALR_PE,D,20230424,000000,7.56269,7.56269,7.47576,7.47576,0,0
ALR_PE,D,20230425,000000,7.47576,7.47576,7.38883,7.38883,0,0
ALR_PE,D,20230426,000000,7.38883,7.47576,5.65028,5.65028,0,0
ALR_PE,D,20230427,000000,5.65028,5.82414,5.65028,5.73721,0,0
ALR_PE,D,20230428,000000,5.73721,5.73721,5.56335,5.56335,0,0
ALR_PE,D,20230502,000000,5.56335,5.73721,5.47643,5.56335,0,0
ALR_PE,D,20230504,000000,5.65028,5.73721,5.3895,5.3895,0,0
ALR_PE,D,20230505,000000,5.3895,5.47643,5.3895,5.47643,0,0
ALR_PE,D,20230508,000000,5.47643,5.56335,5.47643,5.47643,0,0
ALR_PE,D,20230509,000000,5.47643,5.47643,5.3895,5.3895,0,0
ALR_PE,D,20230510,000000,5.47643,5.56335,5.3895,5.56335,0,0
ALR_PE,D,20230511,000000,5.56335,5.65028,5.47643,5.47643,0,0
ALR_PE,D,20230512,000000,5.47643,5.65028,5.47643,5.56335,0,0
ALR_PE,D,20230515,000000,5.56335,5.56335,5.3895,5.47643,0,0
ALR_PE,D,20230516,000000,5.47643,5.56335,5.47643,5.47643,0,0
ALR_PE,D,20230517,000000,5.47643,5.47643,5.3895,5.3895,0,0
ALR_PE,D,20230518,000000,5.3895,5.47643,5.3895,5.47643,0,0
ALR_PE,D,20230519,000000,5.56335,5.73721,5.47643,5.65028,0,0
ALR_PE,D,20230522,000000,5.65028,5.82414,5.65028,5.65028,0,0
ALR_PE,D,20230523,000000,5.65028,5.73721,5.65028,5.73721,0,0
ALR_PE,D,20230524,000000,5.65028,5.65028,5.47643,5.47643,0,0
ALR_PE,D,20230525,000000,5.56335,5.65028,5.47643,5.65028,0,0
ALR_PE,D,20230526,000000,5.65028,5.73721,5.65028,5.73721,0,0
ALR_PE,D,20230529,000000,5.73721,5.73721,5.65028,5.65028,0,0
ALR_PE,D,20230530,000000,5.65028,5.65028,5.47643,5.47643,0,0
ALR_PE,D,20230531,000000,5.3895,5.3895,5.21564,5.21564,0,0
ALR_PE,D,20230601,000000,5.21564,5.3895,5.21564,5.3895,0,0
ALR_PE,D,20230602,000000,5.47643,5.73721,5.47643,5.73721,0,0
ALR_PE,D,20230605,000000,5.73721,5.82414,5.73721,5.73721,0,0
ALR_PE,D,20230606,000000,5.73721,5.99799,5.73721,5.99799,0,0
ALR_PE,D,20230607,000000,5.99799,5.99799,5.82414,5.82414,0,0
ALR_PE,D,20230609,000000,5.91107,5.91107,5.82414,5.91107,0,0
ALR_PE,D,20230612,000000,5.99799,5.99799,5.73721,5.73721,0,0
ALR_PE,D,20230613,000000,5.73721,5.73721,5.56335,5.56335,0,0
ALR_PE,D,20230614,000000,5.56335,5.82414,5.56335,5.82414,0,0
ALR_PE,D,20230615,000000,5.82414,5.91107,5.65028,5.82414,0,0
ALR_PE,D,20230616,000000,5.82414,5.99799,5.82414,5.91107,0,0
ALR_PE,D,20230619,000000,5.91107,6.08492,5.91107,5.91107,0,0
ALR_PE,D,20230620,000000,5.91107,5.99799,5.91107,5.91107,0,0
ALR_PE,D,20230621,000000,5.91107,6.08492,5.91107,6.08492,0,0
ALR_PE,D,20230622,000000,6.08492,6.08492,5.99799,6.08492,0,0
ALR_PE,D,20230623,000000,6.08492,6.08492,5.82414,5.82414,0,0
ALR_PE,D,20230626,000000,5.82414,6.08492,5.73721,6.08492,0,0
ALR_PE,D,20230627,000000,6.08492,6.25877,5.99799,6.08492,0,0
ALR_PE,D,20230628,000000,6.08492,6.25877,6.08492,6.08492,0,0
ALR_PE,D,20230629,000000,6.08492,6.17185,6.08492,6.08492,0,0
ALR_PE,D,20230630,000000,6.08492,6.25877,6.08492,6.25877,0,0
ALR_PE,D,20230703,000000,6.25877,6.51956,6.25877,6.51956,0,0
ALR_PE,D,20230704,000000,6.51956,6.51956,6.3457,6.3457,0,0
ALR_PE,D,20230705,000000,6.3457,6.3457,6.17185,6.17185,0,0
ALR_PE,D,20230706,000000,6.17185,6.3457,6.17185,6.25877,0,0
ALR_PE,D,20230707,000000,6.25877,6.43263,6.25877,6.43263,0,0
ALR_PE,D,20230710,000000,6.43263,6.51956,6.3457,6.51956,0,0
ALR_PE,D,20230711,000000,6.60648,6.69341,6.51956,6.60648,0,0
ALR_PE,D,20230712,000000,6.69341,6.9542,6.69341,6.9542,0,0
ALR_PE,D,20230713,000000,6.9542,7.12805,6.9542,7.04112,0,0
ALR_PE,D,20230714,000000,7.04112,7.12805,7.04112,7.04112,0,0
ALR_PE,D,20230717,000000,7.04112,7.21498,6.9542,7.12805,0,0
ALR_PE,D,20230718,000000,7.12805,7.3019,7.12805,7.3019,0,0
ALR_PE,D,20230719,000000,7.38883,7.47576,7.38883,7.47576,0,0
ALR_PE,D,20230720,000000,7.47576,7.56269,7.38883,7.38883,0,0
ALR_PE,D,20230721,000000,7.3019,7.38883,7.21498,7.3019,0,0
ALR_PE,D,20230724,000000,7.3019,7.47576,7.3019,7.38883,0,0
ALR_PE,D,20230725,000000,7.38883,7.47576,7.3019,7.38883,0,0
ALR_PE,D,20230726,000000,7.38883,7.38883,7.3019,7.3019,0,0
ALR_PE,D,20230727,000000,7.3019,7.47576,7.3019,7.47576,0,0
ALR_PE,D,20230728,000000,7.47576,7.47576,7.47576,7.47576,0,0
ALR_PE,D,20230731,000000,7.47576,7.47576,7.38883,7.47576,0,0
ALR_PE,D,20230801,000000,7.47576,7.47576,7.38883,7.38883,0,0
ALR_PE,D,20230802,000000,7.38883,7.38883,5.56335,5.56335,0,0
ALR_PE,D,20230803,000000,5.56335,5.65028,5.56335,5.56335,0,0
ALR_PE,D,20230804,000000,5.56335,5.73721,5.56335,5.73721,0,0
ALR_PE,D,20230807,000000,5.73113,5.73113,5.65028,5.65028,0,0
ALR_PE,D,20230808,000000,5.65028,5.65028,5.33212,5.3895,0,0
ALR_PE,D,20230809,000000,5.42427,5.56335,5.42427,5.56335,0,0
ALR_PE,D,20230810,000000,5.56335,5.82153,5.56335,5.73721,0,0
ALR_PE,D,20230811,000000,5.73721,5.73721,5.58074,5.73721,0,0
ALR_PE,D,20230814,000000,5.65723,5.75286,5.56335,5.56335,0,0
ALR_PE,D,20230816,000000,5.56162,5.56162,5.33039,5.3895,0,0
ALR_PE,D,20230817,000000,5.32778,5.36256,5.17305,5.21564,0,0
ALR_PE,D,20230818,000000,5.17479,5.35995,5.17479,5.30258,0,0
ALR_PE,D,20230821,000000,5.24433,5.40254,5.24433,5.30258,0,0
ALR_PE,D,20230822,000000,5.30431,5.36603,5.18522,5.21564,0,0
ALR_PE,D,20230823,000000,5.21564,5.24433,5.05744,5.21564,0,0
ALR_PE,D,20230824,000000,5.28606,5.34604,5.18869,5.21564,0,0
ALR_PE,D,20230825,000000,5.18261,5.27997,5.12611,5.12872,0,0
ALR_PE,D,20230828,000000,5.1461,5.35212,5.1461,5.30258,0,0
ALR_PE,D,20230829,000000,5.33126,5.42514,5.33126,5.3895,0,0
ALR_PE,D,20230830,000000,5.41297,5.47643,5.39124,5.47643,0,0
ALR_PE,D,20230831,000000,5.46687,5.53466,5.39471,5.47643,0,0
ALR_PE,D,20230901,000000,5.50772,5.50772,5.3895,5.3895,0,0
ALR_PE,D,20230904,000000,5.42254,5.43818,5.21564,5.21564,0,0
ALR_PE,D,20230905,000000,5.21912,5.25389,5.14958,5.21564,0,0
ALR_PE,D,20230906,000000,5.20782,5.20782,4.66018,4.95486,0,0
ALR_PE,D,20230907,000000,4.91661,4.91661,4.65583,4.78101,0,0
ALR_PE,D,20230908,000000,4.82621,4.87662,4.78101,4.78101,0,0
ALR_PE,D,20230911,000000,4.78101,4.86794,4.72451,4.86794,0,0
ALR_PE,D,20230912,000000,4.85055,4.91835,4.81839,4.86794,0,0
ALR_PE,D,20230913,000000,4.88184,5.00962,4.85229,4.95486,0,0
ALR_PE,D,20230914,000000,4.99137,5.04179,4.9027,5.04179,0,0
ALR_PE,D,20230915,000000,5.04613,5.07917,4.99485,5.04179,0,0
ALR_PE,D,20230918,000000,4.99919,5.0105,4.86359,4.86794,0,0
ALR_PE,D,20230919,000000,4.91574,4.91574,4.81317,4.86794,0,0
ALR_PE,D,20230920,000000,4.86794,5.04701,4.84881,5.04179,0,0
ALR_PE,D,20230921,000000,4.94617,4.98963,4.86794,4.86794,0,0
ALR_PE,D,20230922,000000,4.83316,4.87923,4.76102,4.86794,0,0
ALR_PE,D,20230925,000000,4.85142,4.9027,4.77406,4.78101,0,0
ALR_PE,D,20230926,000000,4.76797,4.86794,4.7132,4.86794,0,0
ALR_PE,D,20230927,000000,4.86794,4.86794,4.69408,4.69408,0,0
ALR_PE,D,20230928,000000,4.69408,4.79578,4.66974,4.78101,0,0
ALR_PE,D,20230929,000000,4.8349,5.04179,4.81752,5.04179,0,0
ALR_PE,D,20231002,000000,5.00702,5.04179,4.86794,4.86794,0,0
ALR_PE,D,20231003,000000,4.86967,4.86967,4.73581,4.78101,0,0
ALR_PE,D,20231004,000000,4.76014,5.12872,4.76014,5.12872,0,0
ALR_PE,D,20231005,000000,5.13828,5.18957,5.10351,5.12872,0,0
ALR_PE,D,20231006,000000,5.09568,5.41036,5.09568,5.3895,0,0
ALR_PE,D,20231009,000000,5.32778,5.65028,5.32778,5.65028,0,0
ALR_PE,D,20231010,000000,5.65811,5.71982,5.51467,5.65028,0,0
ALR_PE,D,20231011,000000,5.66766,5.91107,5.66766,5.91107,0,0
ALR_PE,D,20231012,000000,5.93279,5.96409,5.80414,5.82414,0,0
ALR_PE,D,20231013,000000,5.78676,5.91367,5.70939,5.91107,0,0
ALR_PE,D,20231016,000000,6.08666,6.18228,5.95626,6.08492,0,0
ALR_PE,D,20231017,000000,6.04407,6.22139,6.0345,6.17185,0,0
ALR_PE,D,20231018,000000,6.10926,6.16403,6.03711,6.08492,0,0
ALR_PE,D,20231019,000000,6.0345,6.05536,5.9693,5.99799,0,0
ALR_PE,D,20231020,000000,5.92063,5.99799,5.86673,5.99799,0,0
ALR_PE,D,20231023,000000,5.9554,6.13186,5.9554,5.99799,0,0
ALR_PE,D,20231024,000000,6.05275,6.26051,6.05275,6.17185,0,0
ALR_PE,D,20231025,000000,6.19097,6.30484,6.05971,6.25877,0,0
ALR_PE,D,20231026,000000,6.25877,6.40133,4.17252,4.17252,0,0
ALR_PE,D,20231027,000000,4.17252,4.24553,4.08558,4.08558,0,0
ALR_PE,D,20231030,000000,4.14209,4.20468,4.08646,4.17252,0,0
ALR_PE,D,20231031,000000,4.17252,4.23945,4.17252,4.17252,0,0
ALR_PE,D,20231102,000000,4.22815,4.23076,4.12123,4.17252,0,0
ALR_PE,D,20231103,000000,4.17339,4.25336,4.17252,4.17252,0,0
ALR_PE,D,20231106,000000,4.18382,4.26988,4.18382,4.25945,0,0
ALR_PE,D,20231107,000000,4.26292,4.34637,4.25336,4.34637,0,0
ALR_PE,D,20231108,000000,4.35506,4.38549,4.24466,4.34637,0,0
ALR_PE,D,20231109,000000,4.34637,4.42113,4.30725,4.34637,0,0
ALR_PE,D,20231110,000000,4.35158,4.37854,4.25945,4.25945,0,0
ALR_PE,D,20231113,000000,4.26553,4.37071,4.26553,4.34637,0,0
ALR_PE,D,20231114,000000,4.39245,4.52022,4.38114,4.52022,0,0
ALR_PE,D,20231115,000000,4.5237,4.58977,4.4785,4.52022,0,0
ALR_PE,D,20231116,000000,4.5237,4.59846,4.5124,4.52022,0,0
ALR_PE,D,20231117,000000,4.53153,4.60715,4.4985,4.60715,0,0
ALR_PE,D,20231120,000000,4.60803,4.7645,4.60455,4.69408,0,0
ALR_PE,D,20231121,000000,4.68626,4.72799,4.5889,4.60715,0,0
ALR_PE,D,20231122,000000,4.57586,4.69408,4.57586,4.69408,0,0
ALR_PE,D,20231123,000000,4.68278,4.7558,4.68278,4.69408,0,0
ALR_PE,D,20231124,000000,4.69495,4.74363,4.68105,4.69408,0,0
ALR_PE,D,20231127,000000,4.71581,4.71581,4.60715,4.60715,0,0
ALR_PE,D,20231128,000000,4.63323,4.79578,4.63323,4.78101,0,0
ALR_PE,D,20231129,000000,4.7645,4.86794,4.7219,4.86794,0,0
ALR_PE,D,20231130,000000,4.84272,4.89575,4.80796,4.86794,0,0
ALR_PE,D,20231201,000000,4.91227,4.98268,4.86794,4.95486,0,0
ALR_PE,D,20231204,000000,4.95486,4.95486,4.84968,4.86794,0,0
ALR_PE,D,20231205,000000,4.85142,4.93574,4.8236,4.86794,0,0
ALR_PE,D,20231206,000000,4.8688,4.9366,4.85924,4.86794,0,0
ALR_PE,D,20231207,000000,4.86707,4.87402,4.77927,4.78101,0,0
ALR_PE,D,20231208,000000,4.78883,4.86794,4.7784,4.86794,0,0
ALR_PE,D,20231211,000000,4.86707,4.88184,4.78101,4.78101,0,0
ALR_PE,D,20231212,000000,4.78101,4.79317,4.69756,4.78101,0,0
ALR_PE,D,20231213,000000,4.79492,4.79492,4.72711,4.78101,0,0
ALR_PE,D,20231214,000000,4.83143,4.83143,4.7445,4.78101,0,0
ALR_PE,D,20231215,000000,4.78101,4.90184,4.69408,4.69408,0,0
ALR_PE,D,20231218,000000,4.66365,4.78101,4.66365,4.78101,0,0
ALR_PE,D,20231219,000000,4.78101,4.97399,4.76362,4.95486,0,0
ALR_PE,D,20231220,000000,4.90706,4.95834,4.80882,4.86794,0,0
ALR_PE,D,20231221,000000,4.88706,4.9227,4.78101,4.78101,0,0
ALR_PE,D,20231222,000000,4.78449,4.86794,4.75493,4.86794,0,0
ALR_PE,D,20231227,000000,4.86794,4.94096,4.86794,4.86794,0,0
ALR_PE,D,20231228,000000,4.89662,4.89662,4.81664,4.86794,0,0
ALR_PE,D,20231229,000000,4.8549,4.88706,4.78101,4.78101,0,0
ALR_PE,D,20240102,000000,4.76623,4.76623,4.54544,4.60715,0,0
ALR_PE,D,20240103,000000,4.60715,4.72451,4.60715,4.69408,0,0
ALR_PE,D,20240104,000000,4.63845,4.69408,4.56456,4.69408,0,0
ALR_PE,D,20240105,000000,4.66974,4.72538,4.54978,4.69408,0,0
ALR_PE,D,20240108,000000,4.68887,4.78101,4.62367,4.78101,0,0
ALR_PE,D,20240109,000000,4.82012,4.82012,4.69408,4.69408,0,0
ALR_PE,D,20240110,000000,4.67322,4.67322,4.58281,4.60715,0,0
ALR_PE,D,20240111,000000,4.64888,4.64888,4.40896,4.4333,0,0
ALR_PE,D,20240112,000000,4.4333,4.5576,4.4333,4.52022,0,0
ALR_PE,D,20240115,000000,4.49762,4.50545,4.4333,4.4333,0,0
ALR_PE,D,20240116,000000,4.46372,4.46372,4.32551,4.4333,0,0
ALR_PE,D,20240117,000000,4.34029,4.39679,4.30725,4.34637,0,0
ALR_PE,D,20240118,000000,4.34724,4.50023,4.34724,4.4333,0,0
ALR_PE,D,20240119,000000,4.41592,4.4333,4.35854,4.4333,0,0
ALR_PE,D,20240122,000000,4.4472,4.54022,4.4333,4.4333,0,0
ALR_PE,D,20240123,000000,4.42721,4.4333,4.33072,4.4333,0,0
ALR_PE,D,20240124,000000,4.46633,4.59324,4.43069,4.52022,0,0
ALR_PE,D,20240125,000000,4.53935,4.58629,4.44025,4.52022,0,0
ALR_PE,D,20240126,000000,4.5324,4.60715,4.46459,4.60715,0,0
ALR_PE,D,20240129,000000,4.62193,4.63845,4.52022,4.52022,0,0
ALR_PE,D,20240130,000000,4.52892,4.63062,4.52892,4.60715,0,0
ALR_PE,D,20240131,000000,4.60194,4.78101,4.60194,4.78101,0,0
ALR_PE,D,20240201,000000,4.70104,4.88619,4.70104,4.78101,0,0
ALR_PE,D,20240202,000000,4.81664,4.95747,4.78101,4.95486,0,0
ALR_PE,D,20240205,000000,4.95486,5.01658,4.86794,4.86794,0,0
ALR_PE,D,20240206,000000,4.87055,4.93921,4.79492,4.86794,0,0
ALR_PE,D,20240207,000000,4.88445,4.95486,4.84881,4.95486,0,0
ALR_PE,D,20240208,000000,4.94617,4.954,4.83664,4.86794,0,0
ALR_PE,D,20240209,000000,4.89749,4.89749,4.82882,4.86794,0,0
ALR_PE,D,20240212,000000,4.86272,4.95139,4.80448,4.86794,0,0
ALR_PE,D,20240213,000000,4.88706,4.88706,4.8036,4.86794,0,0
ALR_PE,D,20240214,000000,4.86794,5.12872,4.86794,5.12872,0,0
ALR_PE,D,20240215,000000,5.12263,5.15654,5.06526,5.12872,0,0
ALR_PE,D,20240216,000000,5.13914,5.2678,5.13914,5.21564,0,0
ALR_PE,D,20240219,000000,5.22608,5.24172,5.14175,5.21564,0,0
ALR_PE,D,20240220,000000,5.21564,5.35734,5.18261,5.30258,0,0
ALR_PE,D,20240221,000000,5.31301,5.3895,5.31301,5.3895,0,0
ALR_PE,D,20240222,000000,5.44165,5.53641,5.43383,5.47643,0,0
ALR_PE,D,20240223,000000,5.48252,5.58943,5.45557,5.56335,0,0
ALR_PE,D,20240226,000000,5.59464,5.69201,5.56335,5.56335,0,0
ALR_PE,D,20240227,000000,5.59117,5.65811,5.47209,5.47643,0,0
ALR_PE,D,20240228,000000,5.53554,5.67897,5.04179,5.04179,0,0
ALR_PE,D,20240229,000000,5.06439,5.39646,5.06439,5.3895,0,0
ALR_PE,D,20240301,000000,5.40602,5.42862,5.20434,5.30258,0,0
ALR_PE,D,20240304,000000,5.31301,5.31301,5.24259,5.2452,0,0
ALR_PE,D,20240305,000000,5.20087,5.2339,5.08352,5.12872,0,0
ALR_PE,D,20240306,000000,5.12872,5.12872,5.04179,5.04179,0,0
ALR_PE,D,20240307,000000,5.04179,5.04179,4.90358,4.95486,0,0
ALR_PE,D,20240308,000000,4.94964,5.04179,4.89314,5.04179,0,0
ALR_PE,D,20240311,000000,5.02702,5.12872,4.98355,5.12872,0,0
ALR_PE,D,20240312,000000,5.12959,5.41036,5.12959,5.3895,0,0
ALR_PE,D,20240313,000000,5.39471,5.48252,5.38081,5.3895,0,0
ALR_PE,D,20240314,000000,5.43558,5.43558,5.21912,5.30258,0,0
ALR_PE,D,20240315,000000,5.25303,5.43558,5.25303,5.3895,0,0
ALR_PE,D,20240318,000000,5.34256,5.34256,5.19391,5.30258,0,0
ALR_PE,D,20240319,000000,5.2765,5.30779,5.12959,5.30258,0,0
ALR_PE,D,20240320,000000,5.33821,5.33821,5.12351,5.21564,0,0
ALR_PE,D,20240321,000000,5.28258,5.43297,5.28258,5.3895,0,0
ALR_PE,D,20240322,000000,5.36863,5.44165,5.28606,5.30258,0,0
ALR_PE,D,20240325,000000,5.30258,5.3556,5.26432,5.30258,0,0
ALR_PE,D,20240326,000000,5.2991,5.39385,5.24433,5.3895,0,0
ALR_PE,D,20240327,000000,5.38255,5.46687,5.38255,5.3895,0,0
ALR_PE,D,20240328,000000,5.37299,5.47643,5.37299,5.47643,0,0
ALR_PE,D,20240402,000000,5.46861,5.59204,5.43818,5.47643,0,0
ALR_PE,D,20240403,000000,5.47991,5.56335,5.44861,5.56335,0,0
ALR_PE,D,20240404,000000,5.60161,5.74504,5.60161,5.73721,0,0
ALR_PE,D,20240405,000000,5.7007,5.99799,5.6894,5.91107,0,0
ALR_PE,D,20240408,000000,5.98061,6.04841,5.92758,5.99799,0,0
ALR_PE,D,20240409,000000,5.98148,6.0206,5.73721,5.73721,0,0
ALR_PE,D,20240410,000000,5.73721,5.91107,5.73721,5.91107,0,0
ALR_PE,D,20240411,000000,5.82674,5.84413,5.65028,5.65028,0,0
ALR_PE,D,20240412,000000,5.70331,5.74764,5.56944,5.65028,0,0
ALR_PE,D,20240415,000000,5.62508,5.72939,5.62508,5.65028,0,0
ALR_PE,D,20240416,000000,5.58596,5.60856,5.51902,5.56335,0,0
ALR_PE,D,20240417,000000,5.53032,5.66766,5.53032,5.65028,0,0
ALR_PE,D,20240418,000000,5.68679,5.82849,5.68679,5.82414,0,0
ALR_PE,D,20240419,000000,5.71809,5.82414,5.70417,5.82414,0,0
ALR_PE,D,20240422,000000,5.84673,5.95279,5.84065,5.91107,0,0
ALR_PE,D,20240423,000000,5.90585,5.95018,5.73721,5.73721,0,0
ALR_PE,D,20240424,000000,5.80154,5.80154,5.64246,5.73721,0,0
ALR_PE,D,20240425,000000,5.83978,5.83978,5.12872,5.12872,0,0
ALR_PE,D,20240426,000000,5.12351,5.16436,5.05831,5.12872,0,0
ALR_PE,D,20240429,000000,5.13914,5.30258,5.09568,5.30258,0,0
ALR_PE,D,20240430,000000,5.30258,5.31301,5.18348,5.21564,0,0
ALR_PE,D,20240502,000000,5.27128,5.30344,5.18522,5.22086,0,0
ALR_PE,D,20240506,000000,5.24085,5.47643,5.24085,5.47643,0,0
ALR_PE,D,20240507,000000,5.47643,5.47643,5.21564,5.21564,0,0
ALR_PE,D,20240508,000000,5.27302,5.27302,4.9566,5.12872,0,0
ALR_PE,D,20240509,000000,5.15572,5.45285,5.15572,5.27021,0,0
ALR_PE,D,20240510,000000,5.2375,5.2375,4.99761,4.99761,0,0
ALR_PE,D,20240513,000000,4.99761,5.12482,4.99307,5.08848,0,0
ALR_PE,D,20240514,000000,5.06213,5.11574,4.95763,5.08848,0,0
ALR_PE,D,20240515,000000,5.08848,5.17934,5.08848,5.17934,0,0
ALR_PE,D,20240516,000000,5.16935,5.17753,5.07939,5.08848,0,0
ALR_PE,D,20240517,000000,5.08939,5.08939,4.99579,4.99761,0,0
ALR_PE,D,20240520,000000,5.02941,5.12119,5.02941,5.08848,0,0
ALR_PE,D,20240521,000000,5.08848,5.08848,4.95218,4.99761,0,0
ALR_PE,D,20240522,000000,5.00216,5.00216,4.94309,4.99761,0,0
ALR_PE,D,20240523,000000,5.00397,5.14209,4.92492,5.08848,0,0
ALR_PE,D,20240524,000000,5.0694,5.1012,4.99761,4.99761,0,0
ALR_PE,D,20240527,000000,4.99216,5.08848,4.96853,5.08848,0,0
ALR_PE,D,20240528,000000,5.08848,5.08848,4.95945,4.99761,0,0
ALR_PE,D,20240529,000000,4.94491,4.9758,4.90402,4.90675,0,0
ALR_PE,D,20240531,000000,4.90675,5.08848,4.89948,5.08848,0,0
ALR_PE,D,20240603,000000,5.08939,5.14663,5.08848,5.08848,0,0
ALR_PE,D,20240604,000000,5.0703,5.0703,4.79407,4.81588,0,0
ALR_PE,D,20240605,000000,4.84859,4.90675,4.82133,4.90675,0,0
ALR_PE,D,20240606,000000,4.90675,4.99761,4.83405,4.99761,0,0
ALR_PE,D,20240607,000000,4.9749,4.9749,4.87403,4.90675,0,0
ALR_PE,D,20240610,000000,4.87767,4.91765,4.81588,4.81588,0,0
ALR_PE,D,20240611,000000,4.84041,4.84041,4.73592,4.81588,0,0
ALR_PE,D,20240612,000000,4.83315,5.0385,4.83315,4.99761,0,0
ALR_PE,D,20240613,000000,4.99761,4.99761,4.81225,4.81588,0,0
ALR_PE,D,20240614,000000,4.81679,4.83587,4.76318,4.81588,0,0
ALR_PE,D,20240617,000000,4.80498,4.90675,4.80498,4.90675,0,0
ALR_PE,D,20240618,000000,4.90675,4.97671,4.90675,4.9331,0,0
ALR_PE,D,20240619,000000,4.9331,5.12846,4.9331,5.08848,0,0
ALR_PE,D,20240620,000000,5.08848,5.14663,4.9858,5.08848,0,0
ALR_PE,D,20240621,000000,5.08848,5.15481,5.0703,5.08848,0,0
ALR_PE,D,20240624,000000,5.0694,5.17934,5.04123,5.17934,0,0
ALR_PE,D,20240625,000000,5.1639,5.30201,5.1639,5.27021,0,0
ALR_PE,D,20240626,000000,5.27475,5.36107,5.27475,5.36107,0,0
ALR_PE,D,20240627,000000,5.36107,5.47284,5.35017,5.45194,0,0
ALR_PE,D,20240628,000000,5.45739,5.45739,5.35108,5.45194,0,0
ALR_PE,D,20240701,000000,5.42832,5.54008,5.42832,5.45194,0,0
ALR_PE,D,20240702,000000,5.42832,5.42832,5.30474,5.36107,0,0
ALR_PE,D,20240703,000000,5.36107,5.41923,5.31292,5.36107,0,0
ALR_PE,D,20240704,000000,5.34563,5.37652,5.30565,5.36107,0,0
ALR_PE,D,20240705,000000,5.36107,5.40378,5.24568,5.27021,0,0
ALR_PE,D,20240708,000000,5.27021,5.36107,5.25931,5.36107,0,0
ALR_PE,D,20240709,000000,5.3747,5.39015,5.34018,5.36107,0,0
ALR_PE,D,20240710,000000,5.36107,5.43013,5.29202,5.36107,0,0
ALR_PE,D,20240711,000000,5.34018,5.47011,5.32382,5.36107,0,0
ALR_PE,D,20240712,000000,5.33472,5.37925,5.28202,5.36107,0,0
ALR_PE,D,20240715,000000,5.32655,5.36107,5.2693,5.36107,0,0
ALR_PE,D,20240716,000000,5.30019,5.30019,5.08848,5.08848,0,0
ALR_PE,D,20240717,000000,5.08757,5.14754,4.9649,4.99761,0,0
ALR_PE,D,20240718,000000,5.01488,5.17934,4.954,5.17934,0,0
ALR_PE,D,20240719,000000,5.06304,5.20569,5.06304,5.08848,0,0
ALR_PE,D,20240722,000000,5.11301,5.27021,5.11301,5.27021,0,0
ALR_PE,D,20240723,000000,5.27021,5.27021,5.08848,5.08848,0,0
ALR_PE,D,20240724,000000,5.08848,5.17934,5.07485,5.17934,0,0
ALR_PE,D,20240725,000000,5.08393,5.21569,5.05122,5.17934,0,0
ALR_PE,D,20240726,000000,5.10302,5.15481,5.03214,5.08848,0,0
ALR_PE,D,20240729,000000,5.13391,5.19661,5.08121,5.17934,0,0
ALR_PE,D,20240730,000000,5.11846,5.17934,4.99761,4.99761,0,0
ALR_PE,D,20240731,000000,5.08484,5.08484,4.98853,4.99761,0,0
ALR_PE,D,20240801,000000,5.00034,5.05577,4.89675,4.90675,0,0
ALR_PE,D,20240802,000000,4.88312,4.88312,4.54328,4.54328,0,0
ALR_PE,D,20240805,000000,4.36519,4.54328,4.30794,4.54328,0,0
ALR_PE,D,20240806,000000,4.5978,4.60235,4.39245,4.45242,0,0
ALR_PE,D,20240807,000000,4.45242,4.55055,4.44333,4.54328,0,0
ALR_PE,D,20240808,000000,4.54147,4.58054,4.39426,4.54328,0,0
ALR_PE,D,20240809,000000,4.54874,4.59508,4.50239,4.54328,0,0
ALR_PE,D,20240812,000000,4.54328,4.68322,4.53783,4.63415,0,0
ALR_PE,D,20240813,000000,4.93764,4.99761,4.91765,4.99761,0,0
ALR_PE,D,20240814,000000,4.99761,5.08848,4.97762,5.08848,0,0
ALR_PE,D,20240816,000000,5.12301,5.36925,5.12301,5.36107,0,0
ALR_PE,D,20240819,000000,5.34563,5.35108,5.27021,5.27021,0,0
ALR_PE,D,20240820,000000,5.26748,5.28838,5.07212,5.08848,0,0
ALR_PE,D,20240821,000000,5.10756,5.17934,5.07394,5.17934,0,0
ALR_PE,D,20240822,000000,5.18207,5.23841,5.16935,5.17934,0,0
ALR_PE,D,20240823,000000,5.13118,5.26839,5.13118,5.17934,0,0
ALR_PE,D,20240826,000000,5.17934,5.2275,5.13664,5.17934,0,0
ALR_PE,D,20240827,000000,5.1539,5.20024,5.07485,5.08848,0,0
ALR_PE,D,20240828,000000,5.07121,5.27021,5.05849,5.27021,0,0
ALR_PE,D,20240829,000000,5.2802,5.34744,5.19025,5.27021,0,0
ALR_PE,D,20240830,000000,5.31382,5.33927,5.22114,5.27021,0,0
ALR_PE,D,20240902,000000,5.19843,5.36834,5.19843,5.322,0,0
ALR_PE,D,20240903,000000,5.24931,5.31655,5.15935,5.17934,0,0
ALR_PE,D,20240904,000000,5.14391,5.25113,5.12028,5.17934,0,0
ALR_PE,D,20240905,000000,5.17934,5.21205,5.06849,5.08848,0,0
ALR_PE,D,20240906,000000,5.07121,5.07121,4.79044,4.81588,0,0
ALR_PE,D,20240909,000000,4.88494,4.90856,4.8386,4.90675,0,0
ALR_PE,D,20240910,000000,4.93673,4.94218,4.72501,4.72501,0,0
ALR_PE,D,20240911,000000,4.69139,4.69139,4.52238,4.54328,0,0
ALR_PE,D,20240912,000000,4.65141,4.69776,4.60416,4.63415,0,0
ALR_PE,D,20240913,000000,4.63597,4.81588,4.63597,4.81588,0,0
ALR_PE,D,20240916,000000,4.77227,4.77681,4.70593,4.72501,0,0
ALR_PE,D,20240917,000000,4.67867,4.81588,4.67867,4.81588,0,0
ALR_PE,D,20240918,000000,4.81679,4.83769,4.78044,4.81588,0,0
ALR_PE,D,20240919,000000,4.83315,4.95945,4.80316,4.90675,0,0
ALR_PE,D,20240920,000000,4.92946,4.92946,4.72501,4.72501,0,0
ALR_PE,D,20240923,000000,4.74501,4.74501,4.60507,4.72501,0,0
ALR_PE,D,20240924,000000,4.76954,4.81588,4.72501,4.72501,0,0
ALR_PE,D,20240925,000000,4.71956,4.7341,4.62415,4.72501,0,0
ALR_PE,D,20240926,000000,4.73592,4.99761,4.72501,4.99761,0,0
ALR_PE,D,20240927,000000,4.9967,4.9967,4.9022,4.90675,0,0
ALR_PE,D,20240930,000000,4.96672,4.96672,4.71411,4.72501,0,0
ALR_PE,D,20241001,000000,4.74046,4.74137,4.63415,4.63415,0,0
ALR_PE,D,20241002,000000,4.62415,4.71048,4.60053,4.63415,0,0
ALR_PE,D,20241003,000000,4.59326,4.59326,4.4924,4.54328,0,0
ALR_PE,D,20241004,000000,4.58781,4.58781,4.52602,4.54328,0,0
ALR_PE,D,20241007,000000,4.57781,4.61507,4.51784,4.54328,0,0
ALR_PE,D,20241008,000000,4.52875,4.59508,4.51421,4.54328,0,0
ALR_PE,D,20241009,000000,4.54237,4.79226,4.53692,4.72501,0,0
ALR_PE,D,20241010,000000,4.76045,4.81588,4.71139,4.81588,0,0
ALR_PE,D,20241011,000000,4.81679,4.96581,4.81588,4.81588,0,0
ALR_PE,D,20241014,000000,4.84223,4.90675,4.81861,4.90675,0,0
ALR_PE,D,20241015,000000,4.90675,4.91674,4.81497,4.90675,0,0
ALR_PE,D,20241016,000000,4.88948,5.02578,4.88948,4.90675,0,0
ALR_PE,D,20241017,000000,4.91492,4.93946,4.75591,4.81588,0,0
ALR_PE,D,20241018,000000,4.84132,4.91947,4.81588,4.81588,0,0
ALR_PE,D,20241021,000000,4.79226,4.84132,4.765,4.81588,0,0
ALR_PE,D,20241022,000000,4.81588,4.81588,4.63415,4.63415,0,0
ALR_PE,D,20241023,000000,4.64142,4.64142,4.58145,4.63415,0,0
ALR_PE,D,20241024,000000,4.69412,4.69412,4.36155,4.36155,0,0
ALR_PE,D,20241025,000000,4.35973,4.36155,4.2725,4.36155,0,0
ALR_PE,D,20241028,000000,4.37155,4.39608,4.27069,4.27069,0,0
ALR_PE,D,20241029,000000,4.29249,4.46787,4.27069,4.45242,0,0
ALR_PE,D,20241030,000000,4.45242,4.45242,4.32884,4.36155,0,0
ALR_PE,D,20241031,000000,4.31703,4.31975,4.27069,4.27069,0,0
ALR_PE,D,20241104,000000,4.33974,4.45696,4.30794,4.45242,0,0
ALR_PE,D,20241105,000000,4.44515,4.46514,4.41244,4.45242,0,0
ALR_PE,D,20241106,000000,4.41698,4.53692,4.40426,4.45242,0,0
ALR_PE,D,20241107,000000,4.5342,4.79044,4.5342,4.72501,0,0
ALR_PE,D,20241108,000000,4.74137,4.74137,4.64051,4.72501,0,0
ALR_PE,D,20241112,000000,4.69503,4.79498,4.63415,4.63415,0,0
ALR_PE,D,20241113,000000,4.61688,4.61688,4.37336,4.45242,0,0
ALR_PE,D,20241114,000000,4.45424,4.47332,4.37791,4.45242,0,0
ALR_PE,D,20241115,000000,4.43788,4.44151,4.36155,4.36155,0,0
ALR_PE,D,20241118,000000,4.34792,4.45787,4.33157,4.36155,0,0
ALR_PE,D,20241119,000000,4.38063,4.38063,4.1571,4.17982,0,0
ALR_PE,D,20241120,000000,4.19709,4.3352,4.19709,4.27069,0,0
ALR_PE,D,20241121,000000,4.29885,4.31885,4.18527,4.27069,0,0
ALR_PE,D,20241122,000000,4.27069,4.45242,4.21798,4.45242,0,0
ALR_PE,D,20241125,000000,4.45424,4.576,4.45424,4.54328,0,0
ALR_PE,D,20241126,000000,4.54147,4.54147,4.38881,4.45242,0,0
ALR_PE,D,20241127,000000,4.48604,4.51602,4.42425,4.45242,0,0
ALR_PE,D,20241128,000000,4.60507,4.60507,4.51148,4.54328,0,0
ALR_PE,D,20241129,000000,4.5242,4.57872,4.45242,4.45242,0,0
ALR_PE,D,20241202,000000,4.46968,4.54328,4.41698,4.54328,0,0
ALR_PE,D,20241203,000000,4.54237,4.54237,4.43788,4.45242,0,0
ALR_PE,D,20241204,000000,4.43424,4.49331,4.40426,4.45242,0,0
ALR_PE,D,20241205,000000,4.45878,4.54783,4.4397,4.45242,0,0
ALR_PE,D,20241206,000000,4.44878,4.51148,4.40517,4.45242,0,0
ALR_PE,D,20241209,000000,4.45514,4.45969,4.35792,4.36155,0,0
ALR_PE,D,20241210,000000,4.3661,4.38609,4.29159,4.36155,0,0
ALR_PE,D,20241211,000000,4.35156,4.36155,4.26705,4.36155,0,0
ALR_PE,D,20241212,000000,4.36337,4.39154,4.31975,4.36155,0,0
ALR_PE,D,20241213,000000,4.37064,4.45242,4.35428,4.45242,0,0
ALR_PE,D,20241216,000000,4.46332,4.52329,4.45242,4.45242,0,0
ALR_PE,D,20241217,000000,4.44878,4.44878,4.27069,4.27069,0,0
ALR_PE,D,20241218,000000,4.27523,4.36155,4.27523,4.36155,0,0
ALR_PE,D,20241219,000000,4.27614,4.36155,4.2716,4.36155,0,0
ALR_PE,D,20241220,000000,4.33793,4.33793,4.22889,4.27069,0,0
ALR_PE,D,20241223,000000,4.28523,4.30067,4.22435,4.27069,0,0
ALR_PE,D,20241227,000000,4.27069,4.27614,4.19436,4.27069,0,0
ALR_PE,D,20241230,000000,4.27069,4.27069,4.17982,4.17982,0,0
ALR_PE,D,20250102,000000,4.18164,4.27069,4.12894,4.27069,0,0
ALR_PE,D,20250103,000000,4.25615,4.31339,4.23979,4.27069,0,0
ALR_PE,D,20250107,000000,4.27069,4.44697,4.27069,4.36155,0,0
ALR_PE,D,20250108,000000,4.38609,4.41516,4.22616,4.27069,0,0
ALR_PE,D,20250109,000000,4.3243,4.3243,4.25978,4.27069,0,0
ALR_PE,D,20250110,000000,4.26614,4.36155,4.26614,4.36155,0,0
ALR_PE,D,20250113,000000,4.35973,4.35973,4.24434,4.27069,0,0
ALR_PE,D,20250114,000000,4.27069,4.36155,4.23707,4.36155,0,0
ALR_PE,D,20250115,000000,4.3452,4.46514,4.3452,4.45242,0,0
ALR_PE,D,20250116,000000,4.43243,4.47241,4.33429,4.36155,0,0
ALR_PE,D,20250117,000000,4.42698,4.47241,4.38336,4.45242,0,0
ALR_PE,D,20250120,000000,4.45605,4.5133,4.39699,4.45242,0,0
ALR_PE,D,20250121,000000,4.43334,4.54328,4.40426,4.54328,0,0
ALR_PE,D,20250122,000000,4.54601,4.61143,4.52965,4.54328,0,0
ALR_PE,D,20250123,000000,4.5451,4.5451,4.40335,4.45242,0,0
ALR_PE,D,20250124,000000,4.49603,4.54874,4.44424,4.54328,0,0
ALR_PE,D,20250127,000000,4.51057,4.55782,4.47059,4.54328,0,0
ALR_PE,D,20250128,000000,4.53874,4.57054,4.48149,4.54328,0,0
ALR_PE,D,20250129,000000,4.54237,4.59962,4.52057,4.54328,0,0
ALR_PE,D,20250130,000000,4.54874,4.63415,4.54874,4.63415,0,0
ALR_PE,D,20250131,000000,4.64596,4.68867,4.61598,4.63415,0,0
ALR_PE,D,20250203,000000,4.52693,4.54419,4.49967,4.54328,0,0
ALR_PE,D,20250204,000000,4.5551,4.57509,4.50966,4.54328,0,0
ALR_PE,D,20250205,000000,4.54147,4.57781,4.36155,4.36155,0,0
ALR_PE,D,20250206,000000,4.42243,4.54328,4.40244,4.54328,0,0
ALR_PE,D,20250207,000000,4.53147,4.65414,4.53147,4.63415,0,0
ALR_PE,D,20250210,000000,4.66959,4.67686,4.6187,4.63415,0,0
ALR_PE,D,20250211,000000,4.63051,4.73774,4.63051,4.72501,0,0
ALR_PE,D,20250212,000000,4.61234,4.76954,4.61234,4.72501,0,0
ALR_PE,D,20250213,000000,4.76409,4.85223,4.66413,4.72501,0,0
ALR_PE,D,20250214,000000,4.72501,4.72501,4.59235,4.63415,0,0
ALR_PE,D,20250217,000000,4.63142,4.6814,4.6078,4.63415,0,0
ALR_PE,D,20250218,000000,4.67958,4.83587,4.62234,4.81588,0,0
ALR_PE,D,20250219,000000,4.81134,4.83405,4.6923,4.81588,0,0
ALR_PE,D,20250220,000000,4.80498,4.9122,4.78226,4.81588,0,0
ALR_PE,D,20250221,000000,4.8177,4.86677,4.81134,4.81588,0,0
ALR_PE,D,20250224,000000,4.81497,4.81497,4.61961,4.63415,0,0
ALR_PE,D,20250225,000000,4.60325,4.72501,4.57327,4.72501,0,0
ALR_PE,D,20250226,000000,4.72501,4.81588,4.70321,4.81588,0,0
ALR_PE,D,20250227,000000,4.74864,4.83769,4.72501,4.72501,0,0
ALR_PE,D,20250228,000000,4.64324,4.65051,4.5869,4.63415,0,0
ALR_PE,D,20250303,000000,4.60325,4.72501,4.60235,4.72501,0,0
ALR_PE,D,20250304,000000,4.71956,4.71956,4.45242,4.45242,0,0
ALR_PE,D,20250305,000000,4.60871,4.77953,4.60871,4.72501,0,0
ALR_PE,D,20250306,000000,4.73501,4.82133,4.73501,4.81588,0,0
ALR_PE,D,20250307,000000,4.79044,4.8704,4.77953,4.81588,0,0
ALR_PE,D,20250310,000000,4.82769,4.82769,4.58236,4.63415,0,0
ALR_PE,D,20250311,000000,4.63869,4.71502,4.6078,4.63415,0,0
ALR_PE,D,20250312,000000,4.65777,4.90675,4.65777,4.90675,0,0
ALR_PE,D,20250313,000000,4.88766,5.09847,4.84314,4.99761,0,0
ALR_PE,D,20250314,000000,5.04304,5.27021,5.04304,5.27021,0,0
ALR_PE,D,20250317,000000,5.2802,5.39288,5.26748,5.36107,0,0
ALR_PE,D,20250318,000000,5.35381,5.52918,5.35381,5.36107,0,0
ALR_PE,D,20250319,000000,5.35653,5.38288,5.30746,5.36107,0,0
ALR_PE,D,20250320,000000,5.32745,5.38016,5.21024,5.27021,0,0
ALR_PE,D,20250321,000000,5.24568,5.24568,5.09484,5.17934,0,0
ALR_PE,D,20250324,000000,5.2693,5.28566,5.21296,5.27021,0,0
ALR_PE,D,20250325,000000,5.39379,5.6782,5.38652,5.63367,0,0
ALR_PE,D,20250326,000000,5.63367,5.66275,5.60732,5.63367,0,0
ALR_PE,D,20250327,000000,5.60914,5.8154,5.58279,5.8154,0,0
ALR_PE,D,20250328,000000,5.8154,5.92717,5.78905,5.90627,0,0
ALR_PE,D,20250331,000000,5.90627,5.90627,5.80359,5.8154,0,0
ALR_PE,D,20250401,000000,5.84721,6.00259,5.84721,5.99713,0,0
ALR_PE,D,20250402,000000,5.99986,5.99986,5.90627,5.90627,0,0
ALR_PE,D,20250403,000000,5.7309,5.85357,5.58824,5.65094,0,0
ALR_PE,D,20250404,000000,5.4901,5.4901,4.96036,5.08848,0,0
ALR_PE,D,20250407,000000,4.67504,4.97126,4.566,4.8913,0,0
ALR_PE,D,20250408,000000,4.99307,5.00034,4.76863,4.90675,0,0
ALR_PE,D,20250409,000000,4.68503,4.90675,4.68503,4.81588,0,0
ALR_PE,D,20250410,000000,5.25931,5.25931,5.03487,5.09575,0,0
ALR_PE,D,20250411,000000,5.07848,5.1857,5.04486,5.08848,0,0
ALR_PE,D,20250414,000000,5.19025,5.27021,5.19025,5.27021,0,0
ALR_PE,D,20250415,000000,5.29202,5.38197,5.16571,5.27021,0,0
ALR_PE,D,20250416,000000,5.18207,5.24568,4.99761,4.99761,0,0
ALR_PE,D,20250417,000000,4.99761,5.18298,4.99761,5.17934,0,0
ALR_PE,D,20250422,000000,5.21569,5.29383,5.16208,5.27021,0,0
ALR_PE,D,20250423,000000,5.36198,5.54281,5.33291,5.54281,0,0
ALR_PE,D,20250424,000000,5.53281,5.53281,5.37198,5.45194,0,0
ALR_PE,D,20250425,000000,5.34018,5.45194,5.20479,5.45194,0,0
ALR_PE,D,20250428,000000,5.45194,5.59733,5.45194,5.45194,0,0
ALR_PE,D,20250429,000000,5.44195,5.55553,5.36107,5.36107,0,0
ALR_PE,D,20250430,000000,5.37652,5.37652,5.08848,5.17934,0,0
ALR_PE,D,20250502,000000,5.19933,5.29111,5.17389,5.27021,0,0
ALR_PE,D,20250505,000000,5.27021,5.27021,5.13755,5.17934,0,0
ALR_PE,D,20250506,000000,5.17389,5.17389,5.01215,5.08848,0,0
ALR_PE,D,20250507,000000,5.11937,5.25658,5.11937,5.17934,0,0
ALR_PE,D,20250508,000000,5.23023,5.29111,5.17207,5.17934,0,0
ALR_PE,D,20250509,000000,5.22478,5.45194,5.2166,5.45194,0,0
ALR_PE,D,20250512,000000,5.45921,5.51827,5.38107,5.45194,0,0
ALR_PE,D,20250513,000000,5.45467,5.4901,5.42105,5.45194,0,0
ALR_PE,D,20250514,000000,5.45194,5.46194,5.3638,5.45194,0,0
ALR_PE,D,20250515,000000,5.45467,5.45467,5.332,5.36107,0,0
ALR_PE,D,20250516,000000,5.38379,5.45194,5.38379,5.45194,0,0
ALR_PE,D,20250519,000000,5.43195,5.43195,5.27657,5.36107,0,0
ALR_PE,D,20250520,000000,5.39651,5.47829,5.36107,5.36107,0,0
ALR_PE,D,20250521,000000,5.40106,5.40106,5.25567,5.29565,0,0
ALR_PE,D,20250522,000000,5.3111,5.3111,5.19025,5.27021,0,0
ALR_PE,D,20250523,000000,5.27021,5.33109,5.09302,5.27021,0,0
ALR_PE,D,20250526,000000,5.28838,5.46103,5.28838,5.36107,0,0
ALR_PE,D,20250527,000000,5.36107,5.45194,5.32836,5.45194,0,0
ALR_PE,D,20250528,000000,5.46194,5.47466,5.37561,5.45194,0,0
ALR_PE,D,20250529,000000,5.47466,5.47466,5.27021,5.27021,0,0
ALR_PE,D,20250530,000000,5.28747,5.28747,5.15663,5.27021,0,0
ALR_PE,D,20250602,000000,5.20206,5.22932,5.10574,5.17934,0,0
ALR_PE,D,20250603,000000,5.2275,5.2275,5.0703,5.08848,0,0
ALR_PE,D,20250604,000000,5.0912,5.13391,5.04941,5.08848,0,0
ALR_PE,D,20250605,000000,5.13118,5.13118,4.94854,4.99761,0,0
ALR_PE,D,20250606,000000,5.03668,5.03668,4.83587,4.90675,0,0
ALR_PE,D,20250609,000000,4.93128,4.95854,4.89221,4.90675,0,0
ALR_PE,D,20250610,000000,4.94128,5.10392,4.91038,5.08848,0,0
ALR_PE,D,20250611,000000,5.10029,5.10029,4.99761,4.99761,0,0
ALR_PE,D,20250612,000000,4.9758,5.00125,4.8913,4.99761,0,0
ALR_PE,D,20250613,000000,4.97126,4.97126,4.86949,4.90675,0,0
ALR_PE,D,20250616,000000,4.93219,4.97217,4.89857,4.90675,0,0
ALR_PE,D,20250617,000000,4.94218,5.04577,4.90039,4.99761,0,0
ALR_PE,D,20250618,000000,5.04304,5.04304,4.92492,4.99761,0,0
ALR_PE,D,20250620,000000,4.99761,4.99761,4.96763,4.99761,0,0
ALR_PE,D,20250623,000000,4.9967,4.9967,4.81588,4.81588,0,0
ALR_PE,D,20250624,000000,4.87131,5.08848,4.87131,5.08848,0,0
ALR_PE,D,20250625,000000,5.08121,5.08121,4.98126,4.99761,0,0
ALR_PE,D,20250626,000000,5.0276,5.11574,5.0276,5.08848,0,0
ALR_PE,D,20250627,000000,5.728,5.734,5.2,5.2,0,0
ALR_PE,D,20250630,000000,5.225,5.372,5.225,5.3,0,0
ALR_PE,D,20250701,000000,5.292,5.341,5.2,5.2,0,0
ALR_PE,D,20250702,000000,5.2,5.3,5.2,5.3,0,0
ALR_PE,D,20250703,000000,5.296,5.561,5.296,5.5,0,0
ALR_PE,D,20250704,000000,5.5,5.5,5.388,5.4,0,0
ALR_PE,D,20250707,000000,5.455,5.532,5.418,5.5,0,0
ALR_PE,D,20250708,000000,5.484,5.605,5.484,5.6,0,0
ALR_PE,D,20250709,000000,5.568,5.728,5.568,5.7,0,0
ALR_PE,D,20250710,000000,5.714,5.722,5.5,5.5,0,0
ALR_PE,D,20250711,000000,5.501,5.501,5.349,5.4,0,0
ALR_PE,D,20250714,000000,5.274,5.4,5.251,5.4,0,0
ALR_PE,D,20250715,000000,5.44,5.521,5.352,5.4,0,0
ALR_PE,D,20250716,000000,5.406,5.45,5.397,5.4,0,0
ALR_PE,D,20250717,000000,5.419,5.517,5.358,5.5,0,0
ALR_PE,D,20250718,000000,5.523,5.625,5.523,5.6,0,0
ALR_PE,D,20250721,000000,5.583,5.6,5.513,5.6,0,0
ALR_PE,D,20250722,000000,5.55,5.58,5.493,5.5,0,0
ALR_PE,D,20250723,000000,5.537,5.62,5.487,5.5,0,0
ALR_PE,D,20250724,000000,5.543,5.7,5.494,5.7,0,0
ALR_PE,D,20250725,000000,5.672,5.717,5.633,5.7,0,0
ALR_PE,D,20250728,000000,5.711,5.711,5.578,5.6,0,0
ALR_PE,D,20250729,000000,5.578,5.761,5.578,5.7,0,0
ALR_PE,D,20250730,000000,5.711,5.739,5.628,5.7,0,0
ALR_PE,D,20250731,000000,5.731,5.764,5.6,5.6,0,0
ALR_PE,D,20250801,000000,5.597,5.597,5.414,5.5,0,0
ALR_PE,D,20250804,000000,5.5,5.6,5.5,5.6,0,0
ALR_PE,D,20250805,000000,5.6,5.639,5.532,5.6,0,0
ALR_PE,D,20250806,000000,5.671,5.999,5.654,5.8,0,0
ALR_PE,D,20250807,000000,5.8,6.215,5.762,6.2,0,0
ALR_PE,D,20250808,000000,6.2,6.3,6.124,6.3,0,0
ALR_PE,D,20250811,000000,6.3,6.3,6.224,6.3,0,0
ALR_PE,D,20250812,000000,6.248,6.442,6.248,6.4,0,0
ALR_PE,D,20250813,000000,6.4,6.435,6.316,6.4,0,0
ALR_PE,D,20250814,000000,6.305,6.305,6.174,6.3,0,0
ALR_PE,D,20250818,000000,6.316,6.327,6.153,6.3,0,0
ALR_PE,D,20250819,000000,6.295,6.433,6.286,6.4,0,0
ALR_PE,D,20250820,000000,6.408,6.414,6.318,6.4,0,0
ALR_PE,D,20250821,000000,6.397,6.463,6.348,6.4,0,0
ALR_PE,D,20250822,000000,6.094,6.094,5.741,5.8,0,0
ALR_PE,D,20250825,000000,5.879,5.976,5.862,5.9,0,0
ALR_PE,D,20250826,000000,5.889,6,5.807,6,0,0
ALR_PE,D,20250827,000000,6,6.025,5.8,5.8,0,0
ALR_PE,D,20250828,000000,5.792,5.87,5.765,5.8,0,0
ALR_PE,D,20250829,000000,5.762,5.808,5.594,5.6,0,0
ALR_PE,D,20250901,000000,5.622,5.705,5.489,5.6,0,0
ALR_PE,D,20250902,000000,5.734,5.734,5.474,5.6,0,0
ALR_PE,D,20250903,000000,5.6,5.687,5.562,5.6,0,0
ALR_PE,D,20250904,000000,5.6,5.813,5.538,5.8,0,0
ALR_PE,D,20250905,000000,5.862,5.862,5.651,5.7,0,0
ALR_PE,D,20250908,000000,5.716,5.894,5.716,5.8,0,0
ALR_PE,D,20250909,000000,5.824,5.824,5.706,5.8,0,0
ALR_PE,D,20250910,000000,5.754,5.754,5.583,5.7,0,0
ALR_PE,D,20250911,000000,5.684,5.935,5.684,5.9,0,0
ALR_PE,D,20250912,000000,5.925,5.925,5.8,5.8,0,0
ALR_PE,D,20250915,000000,5.846,5.907,5.8,5.8,0,0
ALR_PE,D,20250916,000000,5.814,5.814,5.691,5.7,0,0
ALR_PE,D,20250917,000000,5.793,5.793,5.673,5.7,0,0
ALR_PE,D,20250918,000000,5.804,5.804,5.653,5.7,0,0
ALR_PE,D,20250919,000000,5.768,5.768,5.686,5.7,0,0
ALR_PE,D,20250922,000000,5.746,5.746,5.526,5.6,0,0
ALR_PE,D,20250923,000000,5.649,5.744,5.638,5.7,0,0
ALR_PE,D,20250924,000000,5.64,5.7,5.585,5.7,0,0
ALR_PE,D,20250925,000000,5.686,5.686,5.5,5.5,0,0
ALR_PE,D,20250926,000000,5.465,5.613,5.465,5.6,0,0
ALR_PE,D,20250929,000000,5.6,5.614,5.562,5.6,0,0
ALR_PE,D,20250930,000000,5.635,5.635,5.538,5.6,0,0
ALR_PE,D,20251001,000000,5.6,5.657,5.543,5.6,0,0
ALR_PE,D,20251002,000000,5.657,5.8,5.614,5.8,0,0
ALR_PE,D,20251003,000000,5.814,5.874,5.762,5.8,0,0
ALR_PE,D,20251006,000000,5.8,5.811,5.6,5.6,0,0
ALR_PE,D,20251007,000000,5.663,5.704,5.608,5.7,0,0
ALR_PE,D,20251008,000000,5.692,5.692,5.6,5.6,0,0
ALR_PE,D,20251009,000000,5.673,5.673,5.573,5.6,0,0
ALR_PE,D,20251010,000000,5.605,5.7,5.584,5.7,0,0
ALR_PE,D,20251013,000000,5.621,5.643,5.577,5.6,0,0
ALR_PE,D,20251014,000000,5.605,5.622,5.5,5.6,0,0
ALR_PE,D,20251015,000000,5.578,5.8,5.578,5.8,0,0
ALR_PE,D,20251016,000000,5.841,5.841,5.685,5.7,0,0
ALR_PE,D,20251017,000000,5.662,5.662,5.561,5.6,0,0
ALR_PE,D,20251020,000000,5.684,5.714,5.638,5.7,0,0
ALR_PE,D,20251021,000000,5.736,5.804,5.727,5.8,0,0
ALR_PE,D,20251022,000000,5.751,5.931,5.751,5.9,0,0
ALR_PE,D,20251023,000000,5.9,5.905,5.829,5.9,0,0
ALR_PE,D,20251024,000000,5.927,5.927,5.8,5.8,0,0
ALR_PE,D,20251027,000000,5.868,5.906,5.781,5.9,0,0
ALR_PE,D,20251028,000000,5.941,6.048,5.911,6,0,0
ALR_PE,D,20251029,000000,5.923,6.3,5.904,6.3,0,0
ALR_PE,D,20251030,000000,6.357,6.357,6,6,0,0
ALR_PE,D,20251031,000000,6.057,6.057,5.822,5.822,0,0
ALR_PE,D,20251103,000000,5.875,5.986,5.875,5.9,0,0
ALR_PE,D,20251104,000000,5.903,5.903,5.815,5.9,0,0
ALR_PE,D,20251105,000000,5.9,5.9,5.8,5.8,0,0
ALR_PE,D,20251106,000000,5.828,5.947,5.823,5.9,0,0
ALR_PE,D,20251107,000000,5.914,5.966,5.883,5.9,0,0
ALR_PE,D,20251110,000000,5.945,5.962,5.872,5.9,0,0
ALR_PE,D,20251112,000000,5.917,5.971,5.84,5.9,0,0
ALR_PE,D,20251113,000000,5.903,5.977,5.883,5.9,0,0
ALR_PE,D,20251114,000000,5.871,5.88,5.795,5.8,0,0
ALR_PE,D,20251117,000000,5.84,5.84,5.7,5.7,0,0
ALR_PE,D,20251118,000000,5.689,5.7,5.589,5.7,0,0
ALR_PE,D,20251119,000000,5.702,5.923,5.695,5.8,0,0
ALR_PE,D,20251120,000000,5.84,5.873,5.761,5.8,0,0
ALR_PE,D,20251121,000000,5.794,5.794,5.649,5.7,0,0
ALR_PE,D,20251124,000000,5.728,5.828,5.7,5.7,0,0
ALR_PE,D,20251125,000000,5.737,5.918,5.697,5.9,0,0
ALR_PE,D,20251126,000000,5.911,5.969,5.891,5.9,0,0
ALR_PE,D,20251127,000000,5.883,5.9,5.843,5.9,0,0
ALR_PE,D,20251128,000000,5.897,5.928,5.852,5.9,0,0
ALR_PE,D,20251201,000000,5.903,6,5.903,6,0,0
ALR_PE,D,20251202,000000,6,6,5.8,5.8,0,0
ALR_PE,D,20251203,000000,5.8,5.837,5.752,5.8,0,0
ALR_PE,D,20251204,000000,5.9,5.9,5.8,5.8,0,0
ALR_PE,D,20251205,000000,5.803,5.828,5.791,5.8,0,0
ALR_PE,D,20251208,000000,5.834,5.9,5.828,5.9,0,0
ALR_PE,D,20251209,000000,5.906,6.06,5.903,6,0,0
ALR_PE,D,20251210,000000,6,6.088,5.96,6,0,0
ALR_PE,D,20251211,000000,6.011,6.122,5.972,6.1,0,0
ALR_PE,D,20251212,000000,6.06,6.216,6.06,6.1,0,0
ALR_PE,D,20251215,000000,6.06,6.4,6.058,6.4,0,0
ALR_PE,D,20251216,000000,6.343,6.343,6.266,6.3,0,0
ALR_PE,D,20251217,000000,6.3,6.32,6.2,6.2,0,0
ALR_PE,D,20251218,000000,6.166,6.206,6.137,6.2,0,0
ALR_PE,D,20251219,000000,6.243,6.4,6.154,6.4,0,0
ALR_PE,D,20251222,000000,6.4,6.446,6.366,6.4,0,0
ALR_PE,D,20251223,000000,6.389,6.46,6.314,6.357,0,0
ALR_PE,D,20251229,000000,6.331,6.34,6.243,6.3,0,0
ALR_PE,D,20251230,000000,6.306,6.394,6.3,6.3,0,0
ALR_PE,D,20260102,000000,6.32,6.528,6.32,6.5,0,0
ALR_PE,D,20260105,000000,6.517,6.585,6.486,6.5,0,0
ALR_PE,D,20260107,000000,6.571,6.6,6.486,6.6,0,0
ALR_PE,D,20260108,000000,6.606,6.606,6.477,6.5,0,0
ALR_PE,D,20260109,000000,6.534,6.551,6.363,6.4,0,0
ALR_PE,D,20260112,000000,6.4,6.5,6.324,6.5,0,0
ALR_PE,D,20260113,000000,6.509,6.546,6.429,6.5,0,0
ALR_PE,D,20260114,000000,6.523,6.523,6.28,6.3,0,0
ALR_PE,D,20260115,000000,6.433,6.433,6.291,6.4,0,0
ALR_PE,D,20260116,000000,6.4,6.428,6.292,6.3,0,0
ALR_PE,D,20260119,000000,6.243,6.306,6.215,6.3,0,0
ALR_PE,D,20260120,000000,6.328,6.4,6.212,6.4,0,0
ALR_PE,D,20260121,000000,6.4,6.472,6.334,6.4,0,0
ALR_PE,D,20260122,000000,6.42,6.516,6.42,6.5,0,0
ALR_PE,D,20260123,000000,6.506,6.554,6.455,6.5,0,0
