<TICKER>,<PER>,<DATE>,<TIME>,<OPEN>,<HIGH>,<LOW>,<CLOSE>,<VOL>,<OPENINT>
AMC_PE,D,20071106,000000,18.7774,18.7774,18.7774,18.7774,0,0
AMC_PE,D,20071107,000000,18.7774,18.7774,18.7774,18.7774,0,0
AMC_PE,D,20071108,000000,18.4015,18.4015,18.4015,18.4015,0,0
AMC_PE,D,20071109,000000,18.1503,19.344,18.0239,19.344,0,0
AMC_PE,D,20071112,000000,19.2808,19.344,18.6528,19.2176,0,0
AMC_PE,D,20071113,000000,19.2808,19.2808,18.7151,19.092,0,0
AMC_PE,D,20071114,000000,19.344,19.344,19.0278,19.344,0,0
AMC_PE,D,20071115,000000,19.344,19.344,17.5856,17.7112,0,0
AMC_PE,D,20071116,000000,18.6528,18.6528,17.207,17.7727,0,0
AMC_PE,D,20071119,000000,17.7727,17.7727,16.7671,17.7727,0,0
AMC_PE,D,20080218,000000,11.3048,11.3048,11.3048,11.3048,0,0
AMC_PE,D,20080219,000000,11.3048,11.6183,10.9903,11.3048,0,0
AMC_PE,D,20080220,000000,11.3048,11.3048,10.9903,11.0527,0,0
AMC_PE,D,20080221,000000,11.0527,11.6183,11.0527,11.3048,0,0
AMC_PE,D,20080222,000000,11.3671,11.5551,11.0527,11.115,0,0
AMC_PE,D,20080225,000000,11.3048,11.3671,11.115,11.1792,0,0
AMC_PE,D,20080226,000000,11.115,11.2415,10.6127,11.115,0,0
AMC_PE,D,20080227,000000,11.0527,11.0527,10.5512,10.5512,0,0
AMC_PE,D,20080228,000000,10.4247,10.7391,10.4247,10.6127,0,0
AMC_PE,D,20080229,000000,10.2376,10.3,9.85993,10.3,0,0
AMC_PE,D,20080303,000000,10.1103,17.3968,9.7967,17.3968,0,0
AMC_PE,D,20080304,000000,17.207,17.5856,16.9567,17.5856,0,0
AMC_PE,D,20080305,000000,17.5856,17.5856,17.272,17.5856,0,0
AMC_PE,D,20080306,000000,17.4582,18.0239,17.4582,17.8983,0,0
AMC_PE,D,20080307,000000,17.3326,17.8983,17.3326,17.8983,0,0
AMC_PE,D,20080310,000000,17.8983,18.0862,17.7112,18.0239,0,0
AMC_PE,D,20080311,000000,18.2109,18.7774,18.0239,18.6528,0,0
AMC_PE,D,20080312,000000,18.7151,18.8407,18.1503,18.5895,0,0
AMC_PE,D,20080313,000000,18.5262,18.5895,18.0239,18.0239,0,0
AMC_PE,D,20080314,000000,18.2109,18.4639,17.9606,18.4639,0,0
AMC_PE,D,20080317,000000,18.4015,18.4015,17.9606,18.2759,0,0
AMC_PE,D,20080318,000000,18.2759,19.0278,18.2759,19.0278,0,0
AMC_PE,D,20080319,000000,19.1534,19.5934,19.0278,19.2808,0,0
AMC_PE,D,20080320,000000,19.4054,19.5934,19.1534,19.1534,0,0
AMC_PE,D,20080325,000000,19.6567,19.9079,19.6567,19.8463,0,0
AMC_PE,D,20080326,000000,20.0967,20.0967,19.5329,19.7823,0,0
AMC_PE,D,20080327,000000,19.8463,20.0335,19.6567,19.8463,0,0
AMC_PE,D,20080328,000000,19.6567,19.719,19.4054,19.6567,0,0
AMC_PE,D,20080331,000000,19.5329,19.5329,19.5329,19.5329,0,0
AMC_PE,D,20080401,000000,19.344,19.344,19.092,19.092,0,0
AMC_PE,D,20080402,000000,19.344,19.344,19.092,19.2808,0,0
AMC_PE,D,20080403,000000,19.1534,19.2176,18.8407,19.092,0,0
AMC_PE,D,20080404,000000,18.8407,19.0278,18.8407,19.0278,0,0
AMC_PE,D,20080407,000000,19.0278,19.0278,18.2109,18.9681,0,0
AMC_PE,D,20080408,000000,18.4639,18.9681,18.1503,18.5895,0,0
AMC_PE,D,20080409,000000,18.3375,18.6528,18.3375,18.5895,0,0
AMC_PE,D,20080410,000000,18.7151,18.8407,18.4639,18.7151,0,0
AMC_PE,D,20080411,000000,18.6528,18.6528,18.2759,18.5262,0,0
AMC_PE,D,20080414,000000,18.7774,18.7774,18.2759,18.3375,0,0
AMC_PE,D,20080415,000000,17.9606,17.9606,17.0814,17.3968,0,0
AMC_PE,D,20080416,000000,17.3968,17.3968,16.9567,17.3326,0,0
AMC_PE,D,20080417,000000,17.1447,17.1447,16.7065,16.7671,0,0
AMC_PE,D,20080418,000000,16.4543,16.9567,16.4543,16.8302,0,0
AMC_PE,D,20080421,000000,16.5167,17.0209,16.2031,16.2646,0,0
AMC_PE,D,20080422,000000,16.2031,16.7065,16.2031,16.2031,0,0
AMC_PE,D,20080423,000000,16.3279,16.3279,15.951,16.14,0,0
AMC_PE,D,20080424,000000,16.3279,16.5791,16.2031,16.4543,0,0
AMC_PE,D,20080425,000000,16.5791,16.5791,16.3279,16.5167,0,0
AMC_PE,D,20080428,000000,16.7065,16.7671,16.5167,16.7671,0,0
AMC_PE,D,20080429,000000,16.7671,16.7671,16.5167,16.6432,0,0
AMC_PE,D,20080430,000000,16.6432,16.8302,16.6432,16.8302,0,0
AMC_PE,D,20080505,000000,17.0814,17.5856,17.0814,17.5215,0,0
AMC_PE,D,20080506,000000,18.4639,18.4639,17.8983,18.2109,0,0
AMC_PE,D,20080507,000000,18.2109,18.7151,10.1103,10.1103,0,0
AMC_PE,D,20080508,000000,9.85993,10.0479,9.7967,9.7967,0,0
AMC_PE,D,20080509,000000,9.67206,9.9864,9.67206,9.85993,0,0
AMC_PE,D,20080512,000000,9.92143,10.1103,9.85993,9.9864,0,0
AMC_PE,D,20080513,000000,9.9864,9.9864,9.60873,9.73346,0,0
AMC_PE,D,20080514,000000,9.73346,9.92143,9.67206,9.85993,0,0
AMC_PE,D,20080515,000000,9.60873,9.7967,9.54551,9.54551,0,0
AMC_PE,D,20080516,000000,9.54551,9.60873,9.48314,9.48314,0,0
AMC_PE,D,20080519,000000,9.54551,11.4927,9.35847,11.4927,0,0
AMC_PE,D,20080520,000000,11.3048,11.4304,11.115,11.3048,0,0
AMC_PE,D,20080521,000000,11.3048,11.7439,11.3048,11.7439,0,0
AMC_PE,D,20080523,000000,11.4304,11.7439,11.3671,11.7439,0,0
AMC_PE,D,20080526,000000,11.6183,11.6183,11.3671,11.4927,0,0
AMC_PE,D,20080527,000000,11.4927,11.4927,11.3048,11.3671,0,0
AMC_PE,D,20080528,000000,11.3048,11.4927,11.2415,11.4927,0,0
AMC_PE,D,20080529,000000,11.5551,11.5551,10.8647,10.9903,0,0
AMC_PE,D,20080530,000000,10.9903,11.1792,10.8024,11.1792,0,0
AMC_PE,D,20080602,000000,11.115,11.3048,11.115,11.3048,0,0
AMC_PE,D,20080603,000000,11.4927,11.4927,11.1792,11.3048,0,0
AMC_PE,D,20080604,000000,11.3671,11.3671,11.115,11.3048,0,0
AMC_PE,D,20080605,000000,10.8647,11.3671,10.8647,11.0527,0,0
AMC_PE,D,20080606,000000,11.0527,11.3048,10.8647,11.3048,0,0
AMC_PE,D,20080609,000000,10.8647,11.3048,10.7391,11.1792,0,0
AMC_PE,D,20080610,000000,10.6768,11.1792,9.7967,10.6768,0,0
AMC_PE,D,20080611,000000,10.4871,10.4871,9.9864,10.3,0,0
AMC_PE,D,20080612,000000,9.9864,10.3,9.9864,10.3,0,0
AMC_PE,D,20080613,000000,10.2376,10.2376,10.1103,10.2376,0,0
AMC_PE,D,20080616,000000,10.2376,10.3624,9.85993,9.85993,0,0
AMC_PE,D,20080617,000000,9.85993,9.92143,9.85993,9.92143,0,0
AMC_PE,D,20080618,000000,10.1103,12.624,9.48314,12.624,0,0
AMC_PE,D,20080619,000000,12.3087,12.4344,11.9933,11.9933,0,0
AMC_PE,D,20080620,000000,12.1198,12.1839,11.7439,11.9933,0,0
AMC_PE,D,20080623,000000,12.3087,12.3087,11.0527,11.3671,0,0
AMC_PE,D,20080624,000000,11.3048,11.3048,10.5512,10.6127,0,0
AMC_PE,D,20080625,000000,10.1103,10.4871,9.9864,10.4871,0,0
AMC_PE,D,20080626,000000,10.2376,10.928,10.2376,10.928,0,0
AMC_PE,D,20080627,000000,10.8647,10.8647,10.5512,10.6127,0,0
AMC_PE,D,20080630,000000,10.6127,10.9903,10.6127,10.928,0,0
AMC_PE,D,20080701,000000,10.6127,10.8024,9.9864,10.3,0,0
AMC_PE,D,20080702,000000,9.9864,11.115,9.92143,11.0527,0,0
AMC_PE,D,20080703,000000,10.6768,10.6768,10.2376,10.4871,0,0
AMC_PE,D,20080704,000000,10.4871,10.6127,9.85993,10.3,0,0
AMC_PE,D,20080707,000000,9.92143,9.92143,9.29432,9.54551,0,0
AMC_PE,D,20080708,000000,9.48314,9.48314,8.72867,9.04401,0,0
AMC_PE,D,20080709,000000,9.04401,9.23196,9.04401,9.23196,0,0
AMC_PE,D,20080710,000000,9.23196,9.23196,8.79192,8.79192,0,0
AMC_PE,D,20080711,000000,8.72867,8.72867,7.97642,8.22725,0,0
AMC_PE,D,20080714,000000,8.22725,8.47925,7.84886,7.97642,0,0
AMC_PE,D,20080715,000000,7.84886,7.84886,7.41158,7.41158,0,0
AMC_PE,D,20080716,000000,7.34682,7.7246,7.34682,7.41158,0,0
AMC_PE,D,20080717,000000,7.53629,8.28997,7.53629,7.91344,0,0
AMC_PE,D,20080718,000000,7.97642,8.22725,7.91344,7.91344,0,0
AMC_PE,D,20080721,000000,8.03832,8.47925,7.97642,8.47925,0,0
AMC_PE,D,20080722,000000,8.54161,8.54161,8.28997,8.28997,0,0
AMC_PE,D,20080723,000000,8.41459,8.91753,8.28997,8.85428,0,0
AMC_PE,D,20080724,000000,9.10636,9.16871,8.91753,9.10636,0,0
AMC_PE,D,20080725,000000,8.72867,8.97987,8.54161,8.97987,0,0
AMC_PE,D,20080728,000000,9.10636,9.16871,8.91753,9.04401,0,0
AMC_PE,D,20080729,000000,8.85428,9.16871,8.79192,8.79192,0,0
AMC_PE,D,20080730,000000,8.91753,9.41898,8.91753,9.23196,0,0
AMC_PE,D,20080731,000000,8.97987,9.35847,8.97987,9.35847,0,0
AMC_PE,D,20080801,000000,9.16871,9.35847,8.97987,9.23196,0,0
AMC_PE,D,20080804,000000,9.23196,9.29432,8.97987,9.23196,0,0
AMC_PE,D,20080805,000000,9.23196,9.85993,9.23196,9.85993,0,0
AMC_PE,D,20080806,000000,10.0479,10.4247,9.85993,9.85993,0,0
AMC_PE,D,20080807,000000,9.9864,10.0479,5.02413,5.02413,0,0
AMC_PE,D,20080808,000000,5.02413,5.02413,4.71005,5.02413,0,0
AMC_PE,D,20080811,000000,4.96143,5.27534,4.96143,5.14983,0,0
AMC_PE,D,20080812,000000,5.27534,5.27534,5.14983,5.21253,0,0
AMC_PE,D,20080813,000000,5.21253,5.27534,5.21253,5.27534,0,0
AMC_PE,D,20080814,000000,5.27534,5.33813,4.96143,5.14983,0,0
AMC_PE,D,20080818,000000,5.08693,6.65691,4.96143,6.65691,0,0
AMC_PE,D,20080819,000000,6.59412,6.71971,6.40573,6.71971,0,0
AMC_PE,D,20080820,000000,6.71971,6.71971,6.46852,6.65691,0,0
AMC_PE,D,20080821,000000,6.59412,6.78261,6.53131,6.78261,0,0
AMC_PE,D,20080822,000000,6.78261,6.84567,6.53131,6.71971,0,0
AMC_PE,D,20080825,000000,6.53131,6.78261,6.53131,6.78261,0,0
AMC_PE,D,20080826,000000,6.78261,6.84567,6.78261,6.78261,0,0
AMC_PE,D,20080827,000000,6.84567,6.84567,6.71971,6.78261,0,0
AMC_PE,D,20080828,000000,6.71971,6.84567,6.65691,6.84567,0,0
AMC_PE,D,20080829,000000,6.84567,7.09669,6.78261,7.0338,0,0
AMC_PE,D,20080901,000000,7.0338,7.15949,6.84567,7.15949,0,0
AMC_PE,D,20080902,000000,7.0338,7.53629,7.0338,7.53629,0,0
AMC_PE,D,20080903,000000,7.47313,7.59838,7.34682,7.59838,0,0
AMC_PE,D,20080904,000000,7.59838,8.22725,7.59838,8.16303,0,0
AMC_PE,D,20080905,000000,7.91344,8.03832,7.7246,7.97642,0,0
AMC_PE,D,20080908,000000,7.91344,7.97642,7.84886,7.97642,0,0
AMC_PE,D,20080909,000000,7.97642,8.10157,7.84886,7.97642,0,0
AMC_PE,D,20080910,000000,7.84886,7.84886,7.47313,7.7246,0,0
AMC_PE,D,20080911,000000,7.7246,7.7246,7.47313,7.66189,0,0
AMC_PE,D,20080912,000000,7.78766,7.78766,7.66189,7.7246,0,0
AMC_PE,D,20080915,000000,7.78766,7.78766,7.09669,7.28465,0,0
AMC_PE,D,20080916,000000,7.22219,7.22219,6.90785,7.0338,0,0
AMC_PE,D,20080917,000000,7.0338,7.0338,6.97082,6.97082,0,0
AMC_PE,D,20080918,000000,6.59412,6.90785,6.53131,6.90785,0,0
AMC_PE,D,20080919,000000,6.90785,7.15949,6.90785,7.09669,0,0
AMC_PE,D,20080922,000000,7.09669,7.28465,7.09669,7.22219,0,0
AMC_PE,D,20080923,000000,7.15949,7.15949,7.09669,7.09669,0,0
AMC_PE,D,20080924,000000,7.09669,7.09669,6.84567,7.09669,0,0
AMC_PE,D,20080925,000000,7.09669,7.09669,6.90785,7.0338,0,0
AMC_PE,D,20080926,000000,6.97082,6.97082,6.53131,6.53131,0,0
AMC_PE,D,20080929,000000,6.71971,6.71971,6.53131,6.53131,0,0
AMC_PE,D,20080930,000000,6.21723,6.53131,6.09182,6.53131,0,0
AMC_PE,D,20081001,000000,6.59412,6.59412,6.40573,6.53131,0,0
AMC_PE,D,20081002,000000,6.40573,6.53131,6.21723,6.40573,0,0
AMC_PE,D,20081003,000000,6.34283,6.34283,6.09182,6.21723,0,0
AMC_PE,D,20081006,000000,6.02893,6.21723,5.84061,5.90323,0,0
AMC_PE,D,20081007,000000,5.90323,5.90323,5.58932,5.71511,0,0
AMC_PE,D,20081008,000000,5.71511,5.77772,5.27534,5.71511,0,0
AMC_PE,D,20081009,000000,5.71511,5.84061,5.65213,5.84061,0,0
AMC_PE,D,20081010,000000,5.58932,5.58932,5.27534,5.52644,0,0
AMC_PE,D,20081013,000000,5.65213,5.84061,5.52644,5.58932,0,0
AMC_PE,D,20081014,000000,5.96622,5.96622,5.77772,5.90323,0,0
AMC_PE,D,20081015,000000,5.90323,5.96622,5.58932,5.58932,0,0
AMC_PE,D,20081016,000000,5.33813,5.52644,5.27534,5.46364,0,0
AMC_PE,D,20081017,000000,5.58932,5.58932,5.33813,5.52644,0,0
AMC_PE,D,20081020,000000,5.65213,5.84061,5.58932,5.84061,0,0
AMC_PE,D,20081021,000000,5.90323,6.02893,5.90323,6.02893,0,0
AMC_PE,D,20081022,000000,5.90323,6.02893,5.71511,5.96622,0,0
AMC_PE,D,20081023,000000,5.71511,5.96622,5.52644,5.52644,0,0
AMC_PE,D,20081024,000000,5.52644,5.52644,5.27534,5.33813,0,0
AMC_PE,D,20081027,000000,5.27534,5.58932,5.08693,5.33813,0,0
AMC_PE,D,20081028,000000,5.52644,5.52644,5.33813,5.33813,0,0
AMC_PE,D,20081029,000000,5.58932,5.58932,5.33813,5.33813,0,0
AMC_PE,D,20081030,000000,5.52644,5.52644,5.27534,5.33813,0,0
AMC_PE,D,20081031,000000,5.27534,5.33813,5.14983,5.21253,0,0
AMC_PE,D,20081103,000000,5.27534,5.33813,5.02413,5.02413,0,0
AMC_PE,D,20081104,000000,5.02413,5.08693,4.96143,5.08693,0,0
AMC_PE,D,20081105,000000,5.65213,5.65213,5.08693,5.33813,0,0
AMC_PE,D,20081106,000000,5.21253,5.46364,5.21253,5.40102,0,0
AMC_PE,D,20081107,000000,5.46364,5.46364,3.14024,3.14024,0,0
AMC_PE,D,20081110,000000,3.14024,3.20295,3.07726,3.14024,0,0
AMC_PE,D,20081112,000000,3.14024,3.14024,2.95175,3.01446,0,0
AMC_PE,D,20081113,000000,3.01446,3.01446,2.95175,2.95175,0,0
AMC_PE,D,20081114,000000,3.01446,3.01446,2.88887,3.01446,0,0
AMC_PE,D,20081117,000000,3.01446,3.01446,2.63758,2.63758,0,0
AMC_PE,D,20081118,000000,2.63758,2.63758,2.57477,2.63758,0,0
AMC_PE,D,20081119,000000,2.63758,2.63758,2.57477,2.63758,0,0
AMC_PE,D,20081120,000000,2.38647,2.57477,2.38647,2.57477,0,0
AMC_PE,D,20081121,000000,2.57477,2.63758,2.51207,2.57477,0,0
AMC_PE,D,20081124,000000,2.57477,2.63758,2.51207,2.63758,0,0
AMC_PE,D,20081125,000000,2.63758,2.63758,2.57477,2.63758,0,0
AMC_PE,D,20081126,000000,2.63758,2.63758,2.63758,2.63758,0,0
AMC_PE,D,20081127,000000,2.57477,2.63758,2.57477,2.57477,0,0
AMC_PE,D,20081128,000000,2.57477,2.57477,2.57477,2.57477,0,0
AMC_PE,D,20081201,000000,2.57477,2.57477,2.51207,2.57477,0,0
AMC_PE,D,20081202,000000,2.51207,2.57477,2.51207,2.51207,0,0
AMC_PE,D,20081203,000000,2.51207,2.51207,2.51207,2.51207,0,0
AMC_PE,D,20081204,000000,2.51207,2.57477,2.51207,2.57477,0,0
AMC_PE,D,20081205,000000,2.57477,2.63758,2.57477,2.57477,0,0
AMC_PE,D,20081208,000000,2.63758,2.63758,2.57477,2.57477,0,0
AMC_PE,D,20081209,000000,2.57477,2.57477,2.44926,2.51207,0,0
AMC_PE,D,20081210,000000,2.51207,2.51207,2.44926,2.44926,0,0
AMC_PE,D,20081211,000000,2.44926,2.51207,2.44926,2.51207,0,0
AMC_PE,D,20081212,000000,2.44926,2.44926,2.32376,2.32376,0,0
AMC_PE,D,20081215,000000,2.32376,2.38647,2.32376,2.38647,0,0
AMC_PE,D,20081216,000000,2.38647,2.38647,2.32376,2.38647,0,0
AMC_PE,D,20081217,000000,2.38647,2.44926,2.38647,2.38647,0,0
AMC_PE,D,20081218,000000,2.32376,2.38647,2.32376,2.38647,0,0
AMC_PE,D,20081219,000000,2.38647,2.38647,2.26078,2.26078,0,0
AMC_PE,D,20081222,000000,2.26078,2.26078,2.26078,2.26078,0,0
AMC_PE,D,20081223,000000,2.19799,2.26078,2.19799,2.26078,0,0
AMC_PE,D,20081229,000000,2.26078,2.26078,2.26078,2.26078,0,0
AMC_PE,D,20081230,000000,2.32376,2.38647,2.26078,2.38647,0,0
AMC_PE,D,20081231,000000,2.44926,2.44926,2.38647,2.38647,0,0
AMC_PE,D,20090105,000000,2.38647,2.51207,2.38647,2.44926,0,0
AMC_PE,D,20090106,000000,2.44926,2.51207,2.44926,2.51207,0,0
AMC_PE,D,20090107,000000,2.51207,2.51207,2.44926,2.44926,0,0
AMC_PE,D,20090108,000000,2.51207,2.51207,2.38647,2.44926,0,0
AMC_PE,D,20090109,000000,2.44926,2.44926,2.38647,2.44926,0,0
AMC_PE,D,20090112,000000,2.38647,2.51207,2.38647,2.51207,0,0
AMC_PE,D,20090113,000000,2.57477,2.57477,2.44926,2.57477,0,0
AMC_PE,D,20090114,000000,2.57477,2.57477,2.51207,2.51207,0,0
AMC_PE,D,20090115,000000,2.51207,2.51207,2.51207,2.51207,0,0
AMC_PE,D,20090116,000000,2.57477,2.57477,2.51207,2.51207,0,0
AMC_PE,D,20090119,000000,2.57477,2.57477,2.44926,2.51207,0,0
AMC_PE,D,20090120,000000,2.51207,2.51207,2.44926,2.51207,0,0
AMC_PE,D,20090121,000000,2.38647,2.44926,2.38647,2.44926,0,0
AMC_PE,D,20090122,000000,2.44926,2.51207,2.38647,2.51207,0,0
AMC_PE,D,20090123,000000,2.44926,2.51207,2.44926,2.44926,0,0
AMC_PE,D,20090126,000000,2.44926,2.44926,2.38647,2.44926,0,0
AMC_PE,D,20090127,000000,2.38647,2.44926,2.38647,2.38647,0,0
AMC_PE,D,20090128,000000,2.38647,2.38647,2.26078,2.32376,0,0
AMC_PE,D,20090129,000000,2.38647,2.38647,2.26078,2.26078,0,0
AMC_PE,D,20090130,000000,2.32376,2.32376,2.19799,2.32376,0,0
AMC_PE,D,20090202,000000,2.32376,2.32376,2.19799,2.26078,0,0
AMC_PE,D,20090203,000000,2.19799,2.19799,2.13518,2.19799,0,0
AMC_PE,D,20090204,000000,2.19799,2.26078,2.13518,2.26078,0,0
AMC_PE,D,20090205,000000,2.26078,2.26078,2.19799,2.19799,0,0
AMC_PE,D,20090206,000000,2.07256,2.07256,2.00967,2.07256,0,0
AMC_PE,D,20090209,000000,2.13518,2.13518,2.07256,2.07256,0,0
AMC_PE,D,20090210,000000,2.07256,2.07256,2.00967,2.07256,0,0
AMC_PE,D,20090211,000000,2.07256,2.07256,2.00967,2.00967,0,0
AMC_PE,D,20090212,000000,2.00967,2.00967,2.00967,2.00967,0,0
AMC_PE,D,20090213,000000,2.00967,2.00967,2.00967,2.00967,0,0
AMC_PE,D,20090216,000000,2.00967,2.00967,1.69558,1.69558,0,0
AMC_PE,D,20090217,000000,1.63279,1.63279,1.44457,1.44457,0,0
AMC_PE,D,20090218,000000,1.44457,2.57477,1.38159,2.57477,0,0
AMC_PE,D,20090219,000000,2.70047,2.70047,2.57477,2.63758,0,0
AMC_PE,D,20090220,000000,2.63758,2.63758,2.44926,2.51207,0,0
AMC_PE,D,20090223,000000,2.63758,2.63758,2.51207,2.51207,0,0
AMC_PE,D,20090224,000000,2.63758,2.63758,2.32376,2.32376,0,0
AMC_PE,D,20090225,000000,2.32376,2.32376,2.26078,2.26078,0,0
AMC_PE,D,20090226,000000,2.19799,2.19799,2.00967,2.00967,0,0
AMC_PE,D,20090227,000000,2.00967,2.19799,2.00967,2.19799,0,0
AMC_PE,D,20090302,000000,2.19799,13.6279,2.07256,13.6279,0,0
AMC_PE,D,20090303,000000,13.8159,13.8159,13.0623,13.1246,0,0
AMC_PE,D,20090304,000000,13.1246,13.1246,12.371,12.6856,0,0
AMC_PE,D,20090305,000000,12.9367,12.9367,12.4993,12.7487,0,0
AMC_PE,D,20090306,000000,12.7487,13.4391,12.7487,13.1246,0,0
AMC_PE,D,20090309,000000,13.6279,13.6279,13.1246,13.4391,0,0
AMC_PE,D,20090310,000000,13.5023,13.6279,13.2502,13.2502,0,0
AMC_PE,D,20090311,000000,13.5656,14.5062,13.5023,14.5062,0,0
AMC_PE,D,20090312,000000,14.4457,15.2607,14.4457,15.0104,0,0
AMC_PE,D,20090313,000000,15.2607,16.2031,15.2607,15.8878,0,0
AMC_PE,D,20090316,000000,16.3279,16.3279,15.1974,15.511,0,0
AMC_PE,D,20090317,000000,15.5752,15.5752,14.7592,14.7592,0,0
AMC_PE,D,20090318,000000,14.5703,14.5703,14.0671,14.5062,0,0
AMC_PE,D,20090319,000000,14.256,15.1351,14.0671,15.1351,0,0
AMC_PE,D,20090320,000000,15.0104,15.1974,14.7592,15.0104,0,0
AMC_PE,D,20090323,000000,15.1974,15.6998,15.1974,15.3249,0,0
AMC_PE,D,20090324,000000,15.951,15.951,15.4486,15.511,0,0
AMC_PE,D,20090325,000000,16.0134,16.7065,15.6998,16.2646,0,0
AMC_PE,D,20090326,000000,16.6432,18.0862,16.6432,16.9567,0,0
AMC_PE,D,20090327,000000,17.3326,17.6462,16.3911,16.7671,0,0
AMC_PE,D,20090330,000000,16.5791,16.5791,15.7632,16.0134,0,0
AMC_PE,D,20090331,000000,15.8264,16.3911,15.8264,16.14,0,0
AMC_PE,D,20090401,000000,16.3911,16.3911,15.8264,16.0784,0,0
AMC_PE,D,20090402,000000,17.1447,17.1447,17.1447,17.1447,0,0
AMC_PE,D,20090403,000000,17.1447,18.0862,17.0209,17.7112,0,0
AMC_PE,D,20090406,000000,18.2759,19.092,17.8983,18.2109,0,0
AMC_PE,D,20090407,000000,18.7151,18.7151,17.9606,18.2109,0,0
AMC_PE,D,20090408,000000,18.0862,19.092,17.7727,19.092,0,0
AMC_PE,D,20090409,000000,19.092,20.2223,18.8407,20.0967,0,0
AMC_PE,D,20090414,000000,20.8503,22.1072,20.0967,21.1648,0,0
AMC_PE,D,20090415,000000,21.3518,22.6078,21.3518,22.6078,0,0
AMC_PE,D,20090416,000000,23.3631,23.3631,22.0431,22.9846,0,0
AMC_PE,D,20090417,000000,23.4879,23.4879,21.7927,22.0431,0,0
AMC_PE,D,20090420,000000,21.8542,21.8542,19.9079,20.2838,0,0
AMC_PE,D,20090421,000000,19.719,21.2894,19.719,20.5983,0,0
AMC_PE,D,20090422,000000,21.6039,21.9799,21.2271,21.7295,0,0
AMC_PE,D,20090423,000000,22.0431,22.4198,21.4774,21.9175,0,0
AMC_PE,D,20090424,000000,21.8542,21.9175,20.6614,21.5416,0,0
AMC_PE,D,20090427,000000,21.4774,21.4774,20.787,20.787,0,0
AMC_PE,D,20090428,000000,20.6614,20.6614,19.092,19.8463,0,0
AMC_PE,D,20090429,000000,19.8463,20.4735,19.8463,20.4735,0,0
AMC_PE,D,20090430,000000,20.5377,20.8503,20.5377,20.5983,0,0
AMC_PE,D,20090504,000000,20.5983,21.3518,20.5983,21.3518,0,0
AMC_PE,D,20090505,000000,21.5416,21.6039,9.16871,9.16871,0,0
AMC_PE,D,20090506,000000,9.10636,9.35847,9.10636,9.23196,0,0
AMC_PE,D,20090507,000000,9.23196,9.29432,9.10636,9.16871,0,0
AMC_PE,D,20090508,000000,9.10636,9.16871,9.10636,9.10636,0,0
AMC_PE,D,20090511,000000,9.10636,9.10636,8.97987,9.10636,0,0
AMC_PE,D,20090512,000000,8.97987,9.29432,8.97987,9.23196,0,0
AMC_PE,D,20090513,000000,9.41898,9.41898,9.10636,9.23196,0,0
AMC_PE,D,20090514,000000,9.10636,9.23196,9.04401,9.04401,0,0
AMC_PE,D,20090515,000000,9.10636,9.29432,9.10636,9.23196,0,0
AMC_PE,D,20090518,000000,9.16871,9.23196,9.10636,9.16871,0,0
AMC_PE,D,20100301,000000,30.6461,30.6461,30.6461,30.6461,0,0
AMC_PE,D,20100302,000000,30.3967,31.275,30.3967,30.8991,0,0
AMC_PE,D,20100303,000000,31.2118,34.2893,30.8367,33.9758,0,0
AMC_PE,D,20100304,000000,34.1637,36.0477,34.1637,35.9221,0,0
AMC_PE,D,20100305,000000,36.2366,38.1206,34.2893,36.4255,0,0
AMC_PE,D,20100308,000000,36.7372,36.7372,35.2327,36.299,0,0
AMC_PE,D,20100309,000000,35.9846,35.9846,34.9183,35.0439,0,0
AMC_PE,D,20100310,000000,34.1014,34.6047,33.5376,34.1014,0,0
AMC_PE,D,20100311,000000,34.0381,35.1054,33.7245,34.9798,0,0
AMC_PE,D,20100312,000000,35.0439,36.3622,35.0439,36.3622,0,0
AMC_PE,D,20100315,000000,35.3566,35.9846,35.0439,35.6085,0,0
AMC_PE,D,20100316,000000,35.9846,36.9902,35.9846,36.8022,0,0
AMC_PE,D,20100317,000000,38.2452,39.439,38.2452,39.439,0,0
AMC_PE,D,20100318,000000,39.8166,41.8894,39.8166,41.7648,0,0
AMC_PE,D,20100319,000000,41.9518,45.7198,41.1982,44.6509,0,0
AMC_PE,D,20100322,000000,46.2221,47.6037,43.0189,45.971,0,0
AMC_PE,D,20100323,000000,46.7246,47.667,45.2806,45.2806,0,0
AMC_PE,D,20100324,000000,46.1599,46.1599,44.4638,45.4686,0,0
AMC_PE,D,20100325,000000,45.6574,46.7246,44.8407,46.7246,0,0
AMC_PE,D,20100326,000000,46.7246,46.9749,45.4686,46.7869,0,0
AMC_PE,D,20100329,000000,46.2221,46.7869,44.7765,45.6574,0,0
AMC_PE,D,20100330,000000,44.9021,46.5357,44.5271,46.5357,0,0
AMC_PE,D,20100331,000000,46.4725,46.4725,44.8407,45.0285,0,0
AMC_PE,D,20100401,000000,44.4638,44.4638,36.927,36.9902,0,0
AMC_PE,D,20100406,000000,37.4944,39.251,37.4944,38.6247,0,0
AMC_PE,D,20100407,000000,39.251,39.251,37.3679,38.7495,0,0
AMC_PE,D,20100408,000000,37.3679,38.5588,37.3679,38.435,0,0
AMC_PE,D,20100409,000000,37.8694,38.7495,37.8694,38.7495,0,0
AMC_PE,D,20100412,000000,38.2452,38.7495,38.2452,38.7495,0,0
AMC_PE,D,20100413,000000,38.7495,38.7495,38.1206,38.6854,0,0
AMC_PE,D,20100414,000000,38.6247,39.1245,38.3077,39.1245,0,0
AMC_PE,D,20100415,000000,39.3142,41.0102,38.81,40.9471,0,0
AMC_PE,D,20100416,000000,41.3861,45.5309,41.3861,44.8407,0,0
AMC_PE,D,20100419,000000,44.0852,45.343,42.8942,44.6509,0,0
AMC_PE,D,20100420,000000,44.5902,46.0342,44.5902,45.2165,0,0
AMC_PE,D,20100421,000000,45.4062,45.4062,44.4638,45.0285,0,0
AMC_PE,D,20100422,000000,44.5902,44.7765,42.7678,42.7678,0,0
AMC_PE,D,20100423,000000,43.7111,44.5902,43.4598,43.7717,0,0
AMC_PE,D,20100426,000000,43.2069,44.1502,43.0189,43.0189,0,0
AMC_PE,D,20100427,000000,42.2021,42.9557,42.1398,42.9557,0,0
AMC_PE,D,20100428,000000,42.4542,42.5166,42.0132,42.5166,0,0
AMC_PE,D,20100429,000000,41.8252,42.5166,41.0717,42.5166,0,0
AMC_PE,D,20100430,000000,41.8894,43.4598,41.8894,43.4598,0,0
AMC_PE,D,20100504,000000,43.4598,43.5846,41.5126,41.5126,0,0
AMC_PE,D,20100505,000000,40.4437,41.0102,40.3814,40.8838,0,0
AMC_PE,D,20100506,000000,39.8781,41.0717,38.8733,40.5693,0,0
AMC_PE,D,20100507,000000,37.9326,39.691,37.9326,38.6854,0,0
AMC_PE,D,20100510,000000,39.0639,41.4485,39.0639,39.439,0,0
AMC_PE,D,20100511,000000,40.4437,40.4437,39.1878,39.691,0,0
AMC_PE,D,20100512,000000,39.1878,39.8166,39.1878,39.439,0,0
AMC_PE,D,20100513,000000,40.4437,40.4437,39.5663,39.8781,0,0
AMC_PE,D,20100514,000000,39.504,39.9412,39.504,39.9412,0,0
AMC_PE,D,20100517,000000,39.504,39.504,19.4688,19.4688,0,0
AMC_PE,D,20100518,000000,18.8407,19.4688,18.8407,19.2176,0,0
AMC_PE,D,20100519,000000,18.7151,18.7151,18.2759,18.4639,0,0
AMC_PE,D,20100520,000000,18.2109,18.4015,16.7671,17.8983,0,0
AMC_PE,D,20100521,000000,17.4582,17.6462,16.4543,17.6462,0,0
AMC_PE,D,20100524,000000,17.8983,18.4639,17.4582,17.7112,0,0
AMC_PE,D,20100525,000000,17.7112,17.7112,16.9567,17.3326,0,0
AMC_PE,D,20100526,000000,17.6462,17.9606,17.4582,17.9606,0,0
AMC_PE,D,20100527,000000,17.9606,18.5895,17.6462,18.4639,0,0
AMC_PE,D,20100528,000000,18.4639,18.9681,18.4639,18.5895,0,0
AMC_PE,D,20100531,000000,18.4639,18.4639,18.0862,18.4639,0,0
AMC_PE,D,20100601,000000,18.4015,18.4015,17.836,18.2109,0,0
AMC_PE,D,20100602,000000,18.4639,18.4639,17.836,17.836,0,0
AMC_PE,D,20100604,000000,17.836,17.9606,17.7112,17.836,0,0
AMC_PE,D,20100607,000000,17.7112,17.7112,17.272,17.4582,0,0
AMC_PE,D,20100608,000000,17.207,17.5856,17.207,17.5856,0,0
AMC_PE,D,20100609,000000,17.4582,17.5856,17.3968,17.5856,0,0
AMC_PE,D,20100610,000000,17.4582,17.6462,17.272,17.6462,0,0
AMC_PE,D,20100611,000000,17.6462,17.6462,17.4582,17.5856,0,0
AMC_PE,D,20100614,000000,17.9606,17.9606,17.5856,17.7112,0,0
AMC_PE,D,20100615,000000,17.5856,18.1503,17.5856,18.1503,0,0
AMC_PE,D,20100616,000000,18.2759,18.3375,18.2109,18.3375,0,0
AMC_PE,D,20100617,000000,17.836,18.8407,17.836,18.7774,0,0
AMC_PE,D,20100618,000000,18.8407,19.4688,18.8407,19.4688,0,0
AMC_PE,D,20100621,000000,19.5934,20.3471,19.5934,20.1591,0,0
AMC_PE,D,20100622,000000,20.2223,20.2223,19.2176,19.719,0,0
AMC_PE,D,20100623,000000,19.2808,19.8463,18.5895,18.903,0,0
AMC_PE,D,20100624,000000,19.2176,19.2176,18.2759,18.903,0,0
AMC_PE,D,20100625,000000,18.9681,19.1534,18.903,19.1534,0,0
AMC_PE,D,20100628,000000,19.1534,19.2176,18.7774,19.1534,0,0
AMC_PE,D,20100629,000000,18.7151,19.092,18.7151,18.7151,0,0
AMC_PE,D,20100630,000000,18.2119,18.2119,18.0247,18.2119,0,0
AMC_PE,D,20100701,000000,17.9606,18.0862,17.9606,18.0862,0,0
AMC_PE,D,20100702,000000,17.9606,18.4639,17.9606,18.4639,0,0
AMC_PE,D,20100705,000000,18.7151,18.7151,18.0239,18.2759,0,0
AMC_PE,D,20100706,000000,18.6528,18.6528,18.0862,18.4015,0,0
AMC_PE,D,20100707,000000,18.3375,18.3375,18.0862,18.1503,0,0
AMC_PE,D,20100708,000000,18.0239,18.5262,17.8983,18.1503,0,0
AMC_PE,D,20100709,000000,18.1503,18.5895,18.1503,18.4639,0,0
AMC_PE,D,20100712,000000,18.4639,18.4639,18.1503,18.4639,0,0
AMC_PE,D,20100713,000000,18.4639,18.4639,18.1503,18.4015,0,0
AMC_PE,D,20100714,000000,18.5262,18.7151,18.4639,18.4639,0,0
AMC_PE,D,20100715,000000,18.6528,18.6528,18.4639,18.4639,0,0
AMC_PE,D,20100716,000000,18.3375,18.6528,18.2109,18.6528,0,0
AMC_PE,D,20100719,000000,18.0862,18.9681,18.0862,18.9681,0,0
AMC_PE,D,20100720,000000,18.9681,18.9681,18.5895,18.903,0,0
AMC_PE,D,20100721,000000,18.9681,18.9681,18.7774,18.9681,0,0
AMC_PE,D,20100722,000000,18.5895,19.0278,18.5895,19.0278,0,0
AMC_PE,D,20100723,000000,19.0278,19.4688,18.9681,19.2808,0,0
AMC_PE,D,20100726,000000,19.4054,19.4688,18.9681,19.4688,0,0
AMC_PE,D,20100727,000000,19.4688,19.4688,19.1534,19.4054,0,0
AMC_PE,D,20100728,000000,19.4688,19.4688,19.2176,19.344,0,0
AMC_PE,D,20100729,000000,19.4688,19.4688,19.092,19.344,0,0
AMC_PE,D,20100730,000000,19.092,19.344,19.092,19.2176,0,0
AMC_PE,D,20100802,000000,19.092,19.4688,19.092,19.2176,0,0
AMC_PE,D,20100803,000000,19.2176,19.344,18.9681,19.344,0,0
AMC_PE,D,20100804,000000,19.4054,19.719,19.4054,19.4688,0,0
AMC_PE,D,20100805,000000,19.0278,19.6567,19.0278,19.4688,0,0
AMC_PE,D,20100806,000000,19.1534,19.5934,19.1534,19.4054,0,0
AMC_PE,D,20100809,000000,19.4054,19.5329,19.092,19.092,0,0
AMC_PE,D,20100810,000000,19.2808,19.9079,18.9681,19.9079,0,0
AMC_PE,D,20100811,000000,19.8463,20.9126,19.8463,20.4735,0,0
AMC_PE,D,20100812,000000,20.8503,22.4198,20.8503,22.4198,0,0
AMC_PE,D,20100813,000000,22.4198,23.9902,22.4198,23.9271,0,0
AMC_PE,D,20100816,000000,23.6135,24.4294,23.4879,23.5493,0,0
AMC_PE,D,20100817,000000,23.5493,23.6135,22.7342,23.5493,0,0
AMC_PE,D,20100818,000000,23.5493,23.9271,23.4879,23.74,0,0
AMC_PE,D,20100819,000000,23.74,23.8005,23.3631,23.3631,0,0
AMC_PE,D,20100820,000000,22.9846,23.1111,22.8599,22.9232,0,0
AMC_PE,D,20100823,000000,22.9232,22.9232,22.2942,22.3574,0,0
AMC_PE,D,20100824,000000,22.3574,22.3574,20.8503,20.9759,0,0
AMC_PE,D,20100825,000000,20.787,20.8503,20.2223,20.7247,0,0
AMC_PE,D,20100826,000000,20.7247,21.415,20.7247,21.2894,0,0
AMC_PE,D,20100827,000000,21.415,21.415,21.0392,21.415,0,0
AMC_PE,D,20100830,000000,21.6039,22.5454,21.415,22.5454,0,0
AMC_PE,D,20100831,000000,22.5454,22.5454,21.9175,21.9799,0,0
AMC_PE,D,20100901,000000,22.1072,22.1072,21.4774,21.9799,0,0
AMC_PE,D,20100902,000000,22.1072,22.1072,21.2894,21.9799,0,0
AMC_PE,D,20100903,000000,21.5416,21.9799,11.5551,11.5551,0,0
AMC_PE,D,20100906,000000,11.3671,11.6798,11.3671,11.5551,0,0
AMC_PE,D,20100907,000000,11.5551,12.1839,11.5551,12.1198,0,0
AMC_PE,D,20100908,000000,12.4344,12.624,12.3087,12.371,0,0
AMC_PE,D,20100909,000000,12.371,12.371,12.0584,12.1198,0,0
AMC_PE,D,20100910,000000,12.1198,12.4344,12.1198,12.3087,0,0
AMC_PE,D,20100913,000000,12.371,12.371,10.928,10.928,0,0
AMC_PE,D,20100914,000000,10.8024,10.928,10.6768,10.928,0,0
AMC_PE,D,20100915,000000,10.928,10.928,10.7391,10.8647,0,0
AMC_PE,D,20100916,000000,10.9903,10.9903,10.6768,10.8647,0,0
AMC_PE,D,20100917,000000,10.8647,11.4304,10.7391,11.2415,0,0
AMC_PE,D,20100920,000000,11.4304,11.5551,11.4304,11.5551,0,0
AMC_PE,D,20100921,000000,11.5551,11.6798,11.4927,11.5551,0,0
AMC_PE,D,20100922,000000,11.5551,11.5551,11.3048,11.3671,0,0
AMC_PE,D,20100923,000000,11.3671,11.3671,11.3048,11.3671,0,0
AMC_PE,D,20100924,000000,11.4927,11.5551,11.4304,11.4304,0,0
AMC_PE,D,20100927,000000,11.6798,11.8695,11.5551,11.6183,0,0
AMC_PE,D,20100928,000000,11.8072,11.8072,11.6183,11.6798,0,0
AMC_PE,D,20100929,000000,11.7439,11.7439,11.6183,11.6183,0,0
AMC_PE,D,20100930,000000,11.6798,11.8072,11.4927,11.6183,0,0
AMC_PE,D,20101001,000000,11.6798,11.6798,11.4304,11.4304,0,0
AMC_PE,D,20101004,000000,11.6183,11.6183,11.0527,11.115,0,0
AMC_PE,D,20101005,000000,11.1792,11.2415,11.115,11.2415,0,0
AMC_PE,D,20101006,000000,11.2415,11.4304,11.2415,11.3048,0,0
AMC_PE,D,20101007,000000,11.2415,11.8695,11.2415,11.6798,0,0
AMC_PE,D,20101008,000000,11.5551,11.7439,11.5551,11.6798,0,0
AMC_PE,D,20101011,000000,11.8072,11.8695,11.4927,11.8695,0,0
AMC_PE,D,20101012,000000,11.7439,11.9336,11.7439,11.8695,0,0
AMC_PE,D,20101013,000000,11.9336,12.1839,11.9336,12.1839,0,0
AMC_PE,D,20101014,000000,12.2454,12.371,12.1839,12.1839,0,0
AMC_PE,D,20101015,000000,12.1839,12.3087,12.1198,12.1198,0,0
AMC_PE,D,20101018,000000,12.3087,12.3087,12.1198,12.3087,0,0
AMC_PE,D,20101019,000000,12.3087,12.3087,12.1198,12.2454,0,0
AMC_PE,D,20101020,000000,12.2454,12.2454,11.9933,12.1198,0,0
AMC_PE,D,20101021,000000,12.1198,12.1839,11.6798,11.9336,0,0
AMC_PE,D,20101022,000000,11.9336,12.0584,11.8072,12.0584,0,0
AMC_PE,D,20101025,000000,11.9933,11.9933,11.6798,11.8695,0,0
AMC_PE,D,20101026,000000,11.6798,11.7439,11.4304,11.6798,0,0
AMC_PE,D,20101027,000000,11.6798,11.9933,11.6798,11.9933,0,0
AMC_PE,D,20101028,000000,11.9933,11.9933,11.7439,11.9933,0,0
AMC_PE,D,20101029,000000,12.0602,12.0602,11.8107,11.9319,0,0
AMC_PE,D,20101102,000000,11.9336,11.9336,11.7439,11.9336,0,0
AMC_PE,D,20101103,000000,11.9336,11.9336,11.8072,11.8695,0,0
AMC_PE,D,20101104,000000,11.9336,12.0584,11.9336,11.9336,0,0
AMC_PE,D,20101105,000000,11.9336,11.9933,11.8695,11.9336,0,0
AMC_PE,D,20101108,000000,11.8072,11.8695,11.6798,11.7439,0,0
AMC_PE,D,20101109,000000,11.7439,11.8072,11.6798,11.7439,0,0
AMC_PE,D,20101110,000000,11.9336,11.9336,11.6798,11.9336,0,0
AMC_PE,D,20101112,000000,11.6798,11.7439,11.6183,11.6798,0,0
AMC_PE,D,20101115,000000,11.4304,18.2109,11.3671,18.2109,0,0
AMC_PE,D,20101116,000000,17.9606,17.9606,17.5215,17.6462,0,0
AMC_PE,D,20101117,000000,17.0209,17.5856,16.7671,17.5856,0,0
AMC_PE,D,20101118,000000,17.7112,17.7727,17.5856,17.7112,0,0
AMC_PE,D,20101119,000000,17.8983,18.0239,17.7727,17.8983,0,0
AMC_PE,D,20101122,000000,17.9606,18.1503,17.7727,17.8983,0,0
AMC_PE,D,20101123,000000,17.7727,17.7727,17.272,17.5215,0,0
AMC_PE,D,20101124,000000,17.836,17.9606,17.3326,17.5856,0,0
AMC_PE,D,20101125,000000,17.4582,17.4582,15.6998,15.6998,0,0
AMC_PE,D,20101126,000000,15.951,15.951,15.2607,15.951,0,0
AMC_PE,D,20101129,000000,15.8264,15.8264,15.511,15.7632,0,0
AMC_PE,D,20101130,000000,15.6998,15.951,14.5703,15.6998,0,0
AMC_PE,D,20101201,000000,15.3249,15.6375,15.3249,15.511,0,0
AMC_PE,D,20101202,000000,15.511,15.6375,15.4486,15.511,0,0
AMC_PE,D,20101203,000000,15.511,15.511,15.3854,15.4486,0,0
AMC_PE,D,20101206,000000,15.3249,15.511,15.1974,15.3854,0,0
AMC_PE,D,20101207,000000,15.2607,15.3854,15.1974,15.1974,0,0
AMC_PE,D,20101208,000000,15.3249,15.3249,14.7592,14.8831,0,0
AMC_PE,D,20101209,000000,14.7592,15.1974,14.7592,15.1974,0,0
AMC_PE,D,20101210,000000,15.3249,16.8302,15.2607,16.7065,0,0
AMC_PE,D,20101213,000000,16.8935,17.5856,16.8935,17.272,0,0
AMC_PE,D,20101214,000000,17.3968,17.3968,16.5791,17.1447,0,0
AMC_PE,D,20101215,000000,16.7065,16.8302,16.4543,16.5791,0,0
AMC_PE,D,20101216,000000,16.6432,16.8302,16.4543,16.5791,0,0
AMC_PE,D,20101217,000000,16.6432,16.6432,16.4543,16.5167,0,0
AMC_PE,D,20101220,000000,16.5167,16.5167,16.3911,16.3911,0,0
AMC_PE,D,20101221,000000,16.3279,16.3911,16.2646,16.2646,0,0
AMC_PE,D,20101222,000000,16.2646,16.2646,16.2031,16.2646,0,0
AMC_PE,D,20101223,000000,16.14,16.2646,16.0784,16.2646,0,0
AMC_PE,D,20101227,000000,16.2646,16.5167,16.2031,16.5167,0,0
AMC_PE,D,20101228,000000,16.3279,16.6432,16.3279,16.5791,0,0
AMC_PE,D,20101229,000000,16.5167,16.5773,16.327,16.5167,0,0
AMC_PE,D,20101230,000000,16.4561,16.5167,16.327,16.5167,0,0
AMC_PE,D,20101231,000000,16.2004,16.327,16.2004,16.327,0,0
AMC_PE,D,20110103,000000,16.3279,16.5167,16.2031,16.5167,0,0
AMC_PE,D,20110104,000000,16.4543,16.7671,16.4543,16.7065,0,0
AMC_PE,D,20110105,000000,16.5791,17.0814,16.5167,17.0814,0,0
AMC_PE,D,20110107,000000,17.0814,17.272,17.0814,17.207,0,0
AMC_PE,D,20110110,000000,17.207,17.272,16.8935,17.0814,0,0
AMC_PE,D,20110111,000000,17.0814,17.1447,16.9567,16.9567,0,0
AMC_PE,D,20110112,000000,16.8302,17.0814,16.7065,17.0814,0,0
AMC_PE,D,20110113,000000,17.0814,17.0814,16.8935,17.0814,0,0
AMC_PE,D,20110114,000000,17.0814,17.207,16.8935,16.9567,0,0
AMC_PE,D,20110117,000000,16.8935,17.207,16.8935,17.1447,0,0
AMC_PE,D,20110118,000000,17.1447,17.3326,17.0814,17.207,0,0
AMC_PE,D,20110119,000000,17.0209,17.207,17.0209,17.0814,0,0
AMC_PE,D,20110120,000000,17.272,17.272,17.0209,17.1447,0,0
AMC_PE,D,20110121,000000,17.1447,17.1447,17.0814,17.1447,0,0
AMC_PE,D,20110124,000000,17.1447,17.1447,16.8302,17.1447,0,0
AMC_PE,D,20110125,000000,17.207,17.207,16.9567,17.0814,0,0
AMC_PE,D,20110126,000000,17.1447,17.3968,17.0814,17.3968,0,0
AMC_PE,D,20110127,000000,17.3968,17.3968,17.1447,17.272,0,0
AMC_PE,D,20110128,000000,17.4582,17.4582,17.4582,17.4582,0,0
AMC_PE,D,20110131,000000,17.5188,17.7094,17.272,17.5883,0,0
AMC_PE,D,20110201,000000,17.6462,17.7727,17.4582,17.7112,0,0
AMC_PE,D,20110202,000000,17.7112,17.7727,17.6462,17.7727,0,0
AMC_PE,D,20110203,000000,17.7112,17.8983,17.6462,17.7727,0,0
AMC_PE,D,20110204,000000,17.6462,17.7112,17.6462,17.7112,0,0
AMC_PE,D,20110207,000000,17.7112,17.7112,17.272,17.4582,0,0
AMC_PE,D,20110208,000000,17.5856,17.5856,17.3968,17.5856,0,0
AMC_PE,D,20110209,000000,17.5856,17.6462,17.3968,17.5856,0,0
AMC_PE,D,20110210,000000,17.5856,17.5856,17.3968,17.5215,0,0
AMC_PE,D,20110211,000000,17.4582,17.4582,17.207,17.4582,0,0
AMC_PE,D,20110214,000000,17.5215,17.5215,17.3326,17.5215,0,0
AMC_PE,D,20110215,000000,17.5215,17.5215,17.3326,17.4582,0,0
AMC_PE,D,20110216,000000,17.4582,17.4582,17.3968,17.4582,0,0
AMC_PE,D,20110217,000000,17.3968,17.4582,17.272,17.3326,0,0
AMC_PE,D,20110218,000000,17.3326,17.4582,17.3326,17.4582,0,0
AMC_PE,D,20110221,000000,17.4582,17.4582,17.272,17.4582,0,0
AMC_PE,D,20110222,000000,17.272,17.4582,16.6432,17.3326,0,0
AMC_PE,D,20110223,000000,16.8302,17.4582,16.8302,17.4582,0,0
AMC_PE,D,20110224,000000,17.4582,17.5215,17.1447,17.4582,0,0
AMC_PE,D,20110225,000000,17.207,17.5215,17.207,17.4582,0,0
AMC_PE,D,20110228,000000,17.5883,17.9633,17.3986,17.4582,0,0
AMC_PE,D,20110301,000000,17.3326,17.4582,17.272,17.272,0,0
AMC_PE,D,20110302,000000,17.272,22.9232,17.272,22.9232,0,0
AMC_PE,D,20110303,000000,22.7342,23.3631,22.7342,23.1734,0,0
AMC_PE,D,20110304,000000,23.4247,23.8647,23.1734,23.6767,0,0
AMC_PE,D,20110307,000000,23.74,23.8005,23.4879,23.8005,0,0
AMC_PE,D,20110308,000000,23.8005,23.8005,23.6135,23.6135,0,0
AMC_PE,D,20110309,000000,23.6135,23.6135,23.2376,23.4879,0,0
AMC_PE,D,20110310,000000,23.299,23.4879,22.9846,23.0478,0,0
AMC_PE,D,20110311,000000,23.0478,23.0478,22.2318,22.483,0,0
AMC_PE,D,20110314,000000,22.483,22.8599,22.2942,22.7984,0,0
AMC_PE,D,20110315,000000,22.7984,22.7984,22.2942,22.483,0,0
AMC_PE,D,20110316,000000,22.7984,22.7984,22.2942,22.6078,0,0
AMC_PE,D,20110317,000000,22.2925,22.7307,22.2925,22.671,0,0
AMC_PE,D,20110318,000000,22.3574,22.7342,22.2942,22.6078,0,0
AMC_PE,D,20110321,000000,22.672,22.672,22.2318,22.2318,0,0
AMC_PE,D,20110322,000000,22.2942,22.672,22.2318,22.2942,0,0
AMC_PE,D,20110323,000000,22.3574,22.4198,22.2318,22.4198,0,0
AMC_PE,D,20110324,000000,22.2318,22.6078,22.2318,22.6078,0,0
AMC_PE,D,20110325,000000,22.6078,22.7342,22.3574,22.672,0,0
AMC_PE,D,20110328,000000,22.672,22.7342,22.6078,22.7342,0,0
AMC_PE,D,20110329,000000,22.3574,22.7342,22.3574,22.7342,0,0
AMC_PE,D,20110330,000000,22.483,22.7984,22.483,22.7342,0,0
AMC_PE,D,20110331,000000,22.671,22.859,22.671,22.859,0,0
AMC_PE,D,20110401,000000,22.8599,22.8599,22.6078,22.7984,0,0
AMC_PE,D,20110404,000000,22.483,22.672,22.483,22.672,0,0
AMC_PE,D,20110405,000000,22.6078,22.7984,22.6078,22.7984,0,0
AMC_PE,D,20110406,000000,22.6078,22.672,22.6078,22.6078,0,0
AMC_PE,D,20110407,000000,22.4198,22.6078,22.2942,22.6078,0,0
AMC_PE,D,20110408,000000,22.672,22.672,22.3574,22.5454,0,0
AMC_PE,D,20110411,000000,22.2318,22.483,22.2318,22.483,0,0
AMC_PE,D,20110412,000000,22.3574,22.483,22.2942,22.2942,0,0
AMC_PE,D,20110413,000000,22.2942,22.483,22.2318,22.2942,0,0
AMC_PE,D,20110414,000000,22.4198,22.4198,22.2318,22.3574,0,0
AMC_PE,D,20110415,000000,22.483,22.483,22.2318,22.2942,0,0
AMC_PE,D,20110418,000000,22.2942,22.2942,22.2318,22.2942,0,0
AMC_PE,D,20110419,000000,22.1687,22.3574,22.1687,22.2942,0,0
AMC_PE,D,20110420,000000,22.2318,22.672,22.1687,22.672,0,0
AMC_PE,D,20110421,000000,22.672,22.7984,22.3574,22.672,0,0
AMC_PE,D,20110426,000000,22.672,22.7342,22.483,22.672,0,0
AMC_PE,D,20110427,000000,22.5454,22.672,22.1687,22.5454,0,0
AMC_PE,D,20110428,000000,22.2318,22.4198,22.2318,22.4198,0,0
AMC_PE,D,20110429,000000,22.2337,22.483,22.1722,22.483,0,0
AMC_PE,D,20110502,000000,22.2318,22.483,22.2318,22.3574,0,0
AMC_PE,D,20110504,000000,22.6078,22.672,15.1351,15.1351,0,0
AMC_PE,D,20110505,000000,14.9481,15.1368,14.9481,15.1368,0,0
AMC_PE,D,20110506,000000,15.1351,15.1351,14.9471,15.0727,0,0
AMC_PE,D,20110509,000000,14.9471,15.0727,14.9471,14.9471,0,0
AMC_PE,D,20110510,000000,14.9471,15.0104,14.9471,15.0104,0,0
AMC_PE,D,20110511,000000,14.9481,15.0087,14.9481,14.9481,0,0
AMC_PE,D,20110512,000000,14.9471,14.9471,14.5703,14.8831,0,0
AMC_PE,D,20110513,000000,14.9471,14.9471,14.6959,14.6959,0,0
AMC_PE,D,20110516,000000,14.6959,14.6959,12.559,12.559,0,0
AMC_PE,D,20110517,000000,12.559,12.559,12.1198,12.3087,0,0
AMC_PE,D,20110518,000000,12.1839,12.3087,12.0584,12.1198,0,0
AMC_PE,D,20110519,000000,12.1198,12.1198,11.9336,11.9933,0,0
AMC_PE,D,20110520,000000,11.8695,11.9969,11.6807,11.8107,0,0
AMC_PE,D,20110523,000000,11.8695,11.8695,11.6798,11.7439,0,0
AMC_PE,D,20110524,000000,11.6798,11.7439,11.6798,11.6798,0,0
AMC_PE,D,20110525,000000,11.7439,12.1198,11.7439,12.0584,0,0
AMC_PE,D,20110526,000000,12.1839,12.1839,11.9336,12.0584,0,0
AMC_PE,D,20110527,000000,12.0602,12.1812,11.9969,12.119,0,0
AMC_PE,D,20110530,000000,12.1839,12.3087,11.9933,12.0584,0,0
AMC_PE,D,20110531,000000,12.0602,12.746,11.9969,12.6846,0,0
AMC_PE,D,20110601,000000,12.6856,12.6856,12.4993,12.624,0,0
AMC_PE,D,20110602,000000,12.6249,12.6249,12.5563,12.6249,0,0
AMC_PE,D,20110603,000000,12.6249,12.6249,12.5563,12.6249,0,0
AMC_PE,D,20110606,000000,12.6249,12.6249,12.3693,12.4984,0,0
AMC_PE,D,20110607,000000,12.4984,12.4984,12.3693,12.4984,0,0
AMC_PE,D,20110608,000000,12.4984,12.4984,12.4361,12.4984,0,0
AMC_PE,D,20110609,000000,12.4984,12.4984,12.4361,12.4984,0,0
AMC_PE,D,20110610,000000,12.4984,12.5563,12.3693,12.4984,0,0
AMC_PE,D,20110613,000000,12.119,12.4556,12.119,12.3898,0,0
AMC_PE,D,20110614,000000,12.2544,12.6587,12.1866,12.6587,0,0
AMC_PE,D,20110615,000000,12.6587,12.6587,12.3898,12.592,0,0
AMC_PE,D,20110616,000000,12.3221,12.592,12.2544,12.592,0,0
AMC_PE,D,20110617,000000,12.592,12.592,12.3221,12.592,0,0
AMC_PE,D,20110620,000000,12.5243,12.592,12.3221,12.3898,0,0
AMC_PE,D,20110621,000000,12.4556,12.4556,12.0513,12.3221,0,0
AMC_PE,D,20110622,000000,12.119,12.3221,12.119,12.119,0,0
AMC_PE,D,20110624,000000,11.9845,12.119,11.7831,11.85,0,0
AMC_PE,D,20110627,000000,11.7154,11.7154,11.3787,11.7154,0,0
AMC_PE,D,20110628,000000,11.7154,11.7154,11.3787,11.3787,0,0
AMC_PE,D,20110629,000000,11.3787,11.5132,11.1774,11.3787,0,0
AMC_PE,D,20110630,000000,11.3787,11.5132,11.3787,11.4464,0,0
AMC_PE,D,20110701,000000,11.4464,11.4464,11.1774,11.3787,0,0
AMC_PE,D,20110704,000000,11.2451,11.3787,11.2451,11.3787,0,0
AMC_PE,D,20110705,000000,11.5132,11.5132,11.3787,11.4464,0,0
AMC_PE,D,20110706,000000,11.4464,11.4464,11.1096,11.3102,0,0
AMC_PE,D,20110707,000000,11.1774,11.1774,10.9066,10.9066,0,0
AMC_PE,D,20110708,000000,10.7721,10.7721,10.6376,10.6376,0,0
AMC_PE,D,20110711,000000,10.5708,10.5708,10.235,10.3027,0,0
AMC_PE,D,20110712,000000,9.82967,10.1655,9.36025,9.89735,0,0
AMC_PE,D,20110713,000000,9.62927,10.1655,9.62927,9.69701,0,0
AMC_PE,D,20110714,000000,9.89735,9.89735,9.62927,9.62927,0,0
AMC_PE,D,20110715,000000,9.89735,9.89735,9.62927,9.76286,0,0
AMC_PE,D,20110718,000000,9.76286,9.76286,9.49294,9.62927,0,0
AMC_PE,D,20110719,000000,9.36025,9.42525,9.36025,9.42525,0,0
AMC_PE,D,20110720,000000,9.36025,9.36025,9.15714,9.15714,0,0
AMC_PE,D,20110721,000000,9.29075,9.29075,9.09033,9.29075,0,0
AMC_PE,D,20110722,000000,9.49294,9.89735,9.49294,9.62927,0,0
AMC_PE,D,20110725,000000,9.76286,9.89735,9.62927,9.82967,0,0
AMC_PE,D,20110726,000000,9.96503,9.96503,9.82967,9.96503,0,0
AMC_PE,D,20110727,000000,9.89735,9.89735,9.76286,9.89735,0,0
AMC_PE,D,20110728,000000,9.76286,9.82967,9.76286,9.82967,0,0
AMC_PE,D,20110729,000000,9.69701,9.82967,9.56158,9.82967,0,0
AMC_PE,D,20110801,000000,9.89735,9.89735,9.56158,9.56158,0,0
AMC_PE,D,20110802,000000,9.56158,9.62927,9.56158,9.56158,0,0
AMC_PE,D,20110803,000000,9.36025,9.56158,8.82043,8.95582,0,0
AMC_PE,D,20110804,000000,8.95582,9.09033,8.5514,8.75362,0,0
AMC_PE,D,20110805,000000,8.3493,8.75362,7.74286,8.68503,0,0
AMC_PE,D,20110808,000000,8.07966,8.41628,8.01303,8.07966,0,0
AMC_PE,D,20110809,000000,7.54172,7.81056,6.80042,7.20474,0,0
AMC_PE,D,20110810,000000,7.54172,7.94533,6.93511,7.40695,0,0
AMC_PE,D,20110811,000000,7.54172,7.81056,7.40695,7.74286,0,0
AMC_PE,D,20110812,000000,8.01303,8.28142,7.74286,8.28142,0,0
AMC_PE,D,20110816,000000,8.75362,8.82043,8.41628,8.61822,0,0
AMC_PE,D,20110817,000000,8.88812,8.88812,8.5514,8.5514,0,0
AMC_PE,D,20110818,000000,8.5514,8.5514,7.54172,7.60871,0,0
AMC_PE,D,20110819,000000,7.54172,7.81056,7.20474,7.74286,0,0
AMC_PE,D,20110822,000000,7.74286,8.3493,7.74286,8.28142,0,0
AMC_PE,D,20110823,000000,8.48282,8.48282,8.14789,8.14789,0,0
AMC_PE,D,20110824,000000,8.14789,8.21523,8.14789,8.21523,0,0
AMC_PE,D,20110825,000000,8.41628,8.41628,8.07966,8.07966,0,0
AMC_PE,D,20110826,000000,8.28142,8.28142,7.81056,8.28142,0,0
AMC_PE,D,20110829,000000,8.28142,8.3493,7.87674,8.28142,0,0
AMC_PE,D,20110830,000000,8.07966,8.28142,8.07966,8.28142,0,0
AMC_PE,D,20110831,000000,8.41628,8.41628,8.01303,8.07966,0,0
AMC_PE,D,20110901,000000,8.21523,8.21523,7.81056,7.81056,0,0
AMC_PE,D,20110902,000000,7.74286,7.74286,7.13749,7.27182,0,0
AMC_PE,D,20110905,000000,7.27182,8.61822,6.73326,8.61822,0,0
AMC_PE,D,20110906,000000,9.42525,9.42525,8.61822,8.75362,0,0
AMC_PE,D,20110907,000000,8.88812,9.22394,8.75362,9.22394,0,0
AMC_PE,D,20110908,000000,9.29075,9.36025,9.15714,9.15714,0,0
AMC_PE,D,20110909,000000,9.15714,9.15714,8.75362,8.88812,0,0
AMC_PE,D,20110912,000000,8.82043,8.82043,8.3493,8.82043,0,0
AMC_PE,D,20110913,000000,8.82043,8.82043,8.48282,8.82043,0,0
AMC_PE,D,20110914,000000,8.82043,8.82043,8.3493,8.68503,0,0
AMC_PE,D,20110915,000000,8.88812,8.88812,8.5514,8.68503,0,0
AMC_PE,D,20110916,000000,8.75362,9.09033,8.68503,8.82043,0,0
AMC_PE,D,20110919,000000,8.82043,8.82043,8.48282,8.82043,0,0
AMC_PE,D,20110920,000000,8.82043,8.82043,8.75362,8.75362,0,0
AMC_PE,D,20110921,000000,8.82043,8.82043,8.82043,8.82043,0,0
AMC_PE,D,20110922,000000,8.3493,8.82043,8.3493,8.82043,0,0
AMC_PE,D,20110923,000000,8.82043,8.82043,8.3493,8.68503,0,0
AMC_PE,D,20110926,000000,8.3493,8.48282,8.3493,8.41628,0,0
AMC_PE,D,20110927,000000,8.48282,8.68503,8.41628,8.68503,0,0
AMC_PE,D,20110928,000000,8.82043,8.82043,8.68503,8.82043,0,0
AMC_PE,D,20110929,000000,8.88812,8.88812,8.5514,8.68503,0,0
AMC_PE,D,20110930,000000,8.68503,8.82043,8.28142,8.82043,0,0
AMC_PE,D,20111003,000000,8.82043,8.82043,8.61822,8.61822,0,0
AMC_PE,D,20111004,000000,8.41628,8.41628,8.14789,8.28142,0,0
AMC_PE,D,20111005,000000,9.02263,9.02263,8.28142,8.28142,0,0
AMC_PE,D,20111006,000000,8.48282,8.48282,8.14789,8.14789,0,0
AMC_PE,D,20111007,000000,8.14789,8.5514,8.14789,8.5514,0,0
AMC_PE,D,20111010,000000,8.68503,8.95582,8.5514,8.95582,0,0
AMC_PE,D,20111011,000000,9.09033,9.22394,8.95582,9.22394,0,0
AMC_PE,D,20111012,000000,9.56158,9.76286,9.15714,9.76286,0,0
AMC_PE,D,20111013,000000,9.96503,9.96503,9.69701,9.89735,0,0
AMC_PE,D,20111014,000000,9.89735,10.8406,9.89735,10.8406,0,0
AMC_PE,D,20111017,000000,10.9066,11.9845,10.7721,10.7721,0,0
AMC_PE,D,20111018,000000,10.7053,11.2451,10.7053,11.1774,0,0
AMC_PE,D,20111019,000000,11.5132,11.9177,11.5132,11.5132,0,0
AMC_PE,D,20111020,000000,11.1096,11.5132,11.1096,11.1774,0,0
AMC_PE,D,20111021,000000,11.1774,11.7831,11.1774,11.6495,0,0
AMC_PE,D,20111024,000000,11.7154,12.119,11.7154,12.0513,0,0
AMC_PE,D,20111025,000000,12.0513,12.0513,11.5132,11.7154,0,0
AMC_PE,D,20111026,000000,11.6495,11.7154,11.2451,11.3102,0,0
AMC_PE,D,20111027,000000,11.7154,11.7154,11.2451,11.7154,0,0
AMC_PE,D,20111028,000000,11.5132,11.6495,11.3787,11.6495,0,0
AMC_PE,D,20111031,000000,11.7154,11.85,11.5132,11.6495,0,0
AMC_PE,D,20111102,000000,11.1096,11.4464,11.0429,11.1774,0,0
AMC_PE,D,20111103,000000,11.1096,11.5132,11.1096,11.3102,0,0
AMC_PE,D,20111104,000000,11.5132,11.7154,11.3102,11.5132,0,0
AMC_PE,D,20111107,000000,11.9177,11.9177,11.6495,11.7831,0,0
AMC_PE,D,20111108,000000,11.7154,11.7154,11.5132,11.5132,0,0
AMC_PE,D,20111109,000000,11.581,11.85,11.3787,11.5132,0,0
AMC_PE,D,20111110,000000,11.5132,11.7154,11.4464,11.7154,0,0
AMC_PE,D,20111114,000000,11.9177,12.3898,11.9177,12.2544,0,0
AMC_PE,D,20111115,000000,12.3221,12.3221,12.119,12.3221,0,0
AMC_PE,D,20111116,000000,12.1866,12.4556,5.92514,5.92514,0,0
AMC_PE,D,20111117,000000,6.05974,6.12726,5.92514,5.99258,0,0
AMC_PE,D,20111118,000000,5.92514,5.99258,5.92514,5.92514,0,0
AMC_PE,D,20111121,000000,6.05974,6.05974,5.8578,5.8578,0,0
AMC_PE,D,20111122,000000,5.65578,5.79046,5.65578,5.65578,0,0
AMC_PE,D,20111123,000000,5.92514,5.92514,5.38659,5.45393,0,0
AMC_PE,D,20111124,000000,5.45393,5.65578,5.45393,5.52128,0,0
AMC_PE,D,20111125,000000,5.52128,5.52128,5.45393,5.52128,0,0
AMC_PE,D,20111128,000000,5.52128,5.65578,5.52128,5.65578,0,0
AMC_PE,D,20111129,000000,5.72312,5.72312,5.65578,5.65578,0,0
AMC_PE,D,20111130,000000,5.65578,5.79046,5.52128,5.79046,0,0
AMC_PE,D,20111201,000000,5.79046,5.92514,5.79046,5.79046,0,0
AMC_PE,D,20111202,000000,5.8578,5.8578,5.72312,5.8578,0,0
AMC_PE,D,20111205,000000,5.8578,5.8578,5.72312,5.8578,0,0
AMC_PE,D,20111206,000000,5.8578,5.8578,5.72312,5.8578,0,0
AMC_PE,D,20111207,000000,5.8578,5.8578,5.79046,5.79046,0,0
AMC_PE,D,20111208,000000,5.79046,5.8578,5.65578,5.79046,0,0
AMC_PE,D,20111209,000000,5.58844,5.79046,5.58844,5.79046,0,0
AMC_PE,D,20111212,000000,5.8578,5.8578,5.58844,5.65578,0,0
AMC_PE,D,20111213,000000,5.79046,5.8578,5.79046,5.8578,0,0
AMC_PE,D,20111214,000000,5.8578,5.92514,5.8578,5.8578,0,0
AMC_PE,D,20111215,000000,5.79046,5.8578,5.79046,5.8578,0,0
AMC_PE,D,20111216,000000,5.8578,5.8578,5.79046,5.79046,0,0
AMC_PE,D,20111219,000000,5.79046,5.8578,5.79046,5.79046,0,0
AMC_PE,D,20111220,000000,5.79046,5.79046,5.58844,5.58844,0,0
AMC_PE,D,20111221,000000,5.58844,5.72312,5.58844,5.65578,0,0
AMC_PE,D,20111222,000000,5.65578,5.72312,5.58844,5.72312,0,0
AMC_PE,D,20111223,000000,5.72312,5.79046,5.72312,5.79046,0,0
AMC_PE,D,20111227,000000,5.72312,5.79046,5.58844,5.65578,0,0
AMC_PE,D,20111228,000000,5.65578,5.79046,5.65578,5.65578,0,0
AMC_PE,D,20111229,000000,5.65578,5.79046,5.65578,5.79046,0,0
AMC_PE,D,20111230,000000,5.72312,5.8578,5.72312,5.8578,0,0
AMC_PE,D,20120102,000000,5.8578,5.8578,5.79046,5.8578,0,0
AMC_PE,D,20120103,000000,5.8578,5.8578,5.79046,5.79046,0,0
AMC_PE,D,20120104,000000,5.8578,5.8578,5.79046,5.79046,0,0
AMC_PE,D,20120105,000000,5.8578,5.8578,5.8578,5.8578,0,0
AMC_PE,D,20120109,000000,5.92514,5.92514,5.79046,5.79046,0,0
AMC_PE,D,20120110,000000,5.8578,5.92514,5.79046,5.92514,0,0
AMC_PE,D,20120111,000000,5.92514,6.26185,5.92514,6.12726,0,0
AMC_PE,D,20120112,000000,6.19452,6.39654,6.19452,6.32912,0,0
AMC_PE,D,20120113,000000,6.39654,6.39654,6.26185,6.26185,0,0
AMC_PE,D,20120116,000000,6.26185,6.32912,6.26185,6.26185,0,0
AMC_PE,D,20120117,000000,6.26185,6.39654,6.12726,6.32912,0,0
AMC_PE,D,20120118,000000,6.32912,6.39654,6.26185,6.32912,0,0
AMC_PE,D,20120119,000000,6.39654,6.39654,6.19452,6.32912,0,0
AMC_PE,D,20120120,000000,6.26185,6.32912,6.12726,6.26185,0,0
AMC_PE,D,20120123,000000,6.32912,6.32912,6.26185,6.32912,0,0
AMC_PE,D,20120124,000000,6.19452,6.32912,6.19452,6.26185,0,0
AMC_PE,D,20120125,000000,6.19452,6.26185,6.19452,6.19452,0,0
AMC_PE,D,20120126,000000,6.19452,6.26185,6.19452,6.26185,0,0
AMC_PE,D,20120127,000000,6.26185,6.26185,6.26185,6.26185,0,0
AMC_PE,D,20120130,000000,6.26185,6.26185,6.19452,6.19452,0,0
AMC_PE,D,20120131,000000,6.26185,6.26185,6.19452,6.19452,0,0
AMC_PE,D,20120201,000000,6.19452,6.53114,6.19452,6.53114,0,0
AMC_PE,D,20120202,000000,6.53114,6.66592,6.4638,6.59848,0,0
AMC_PE,D,20120203,000000,6.53114,6.80042,6.53114,6.80042,0,0
AMC_PE,D,20120206,000000,6.80042,6.93511,6.80042,6.86776,0,0
AMC_PE,D,20120207,000000,6.86776,6.93511,6.80042,6.86776,0,0
AMC_PE,D,20120208,000000,6.80042,7.00236,6.80042,7.00236,0,0
AMC_PE,D,20120209,000000,7.00236,7.20474,7.00236,7.20474,0,0
AMC_PE,D,20120210,000000,7.20474,7.27182,7.20474,7.27182,0,0
AMC_PE,D,20120213,000000,7.33996,7.33996,7.27182,7.33996,0,0
AMC_PE,D,20120214,000000,7.27182,7.47384,7.27182,7.33996,0,0
AMC_PE,D,20120215,000000,7.33996,7.47384,7.33996,7.33996,0,0
AMC_PE,D,20120216,000000,7.33996,7.40695,7.33996,7.40695,0,0
AMC_PE,D,20120217,000000,7.40695,7.74286,7.40695,7.74286,0,0
AMC_PE,D,20120220,000000,7.87674,7.87674,7.74286,7.87674,0,0
AMC_PE,D,20120221,000000,7.87674,7.94533,7.67462,7.67462,0,0
AMC_PE,D,20120222,000000,7.40695,7.54172,7.27182,7.27182,0,0
AMC_PE,D,20120223,000000,7.27182,7.33996,7.06935,7.27182,0,0
AMC_PE,D,20120224,000000,7.27182,7.27182,7.06935,7.27182,0,0
AMC_PE,D,20120227,000000,7.06935,7.20474,7.06935,7.20474,0,0
AMC_PE,D,20120228,000000,7.06935,7.33996,7.06935,7.13749,0,0
AMC_PE,D,20120229,000000,7.20474,7.20474,7.06935,7.13749,0,0
AMC_PE,D,20120301,000000,7.13749,7.47384,7.13749,7.47384,0,0
AMC_PE,D,20120302,000000,7.47384,7.74286,7.47384,7.67462,0,0
AMC_PE,D,20120305,000000,7.67462,7.67462,2.69325,2.69325,0,0
AMC_PE,D,20120306,000000,2.6259,2.6259,2.49131,2.55865,0,0
AMC_PE,D,20120307,000000,2.49131,2.6259,2.49131,2.6259,0,0
AMC_PE,D,20120308,000000,2.69325,2.69325,2.69325,2.69325,0,0
AMC_PE,D,20120309,000000,2.69325,2.69325,2.69325,2.69325,0,0
AMC_PE,D,20120312,000000,2.6259,2.96261,2.6259,2.89528,0,0
AMC_PE,D,20120313,000000,2.89528,2.96261,2.89528,2.89528,0,0
AMC_PE,D,20120314,000000,2.89528,2.96261,2.89528,2.96261,0,0
AMC_PE,D,20120315,000000,3.02988,3.02988,3.02988,3.02988,0,0
AMC_PE,D,20120316,000000,3.02988,3.02988,2.96261,3.02988,0,0
AMC_PE,D,20120319,000000,3.02988,3.02988,3.02988,3.02988,0,0
AMC_PE,D,20120320,000000,3.02988,3.02988,2.96261,3.02988,0,0
AMC_PE,D,20120321,000000,2.96261,3.02988,2.96261,3.02988,0,0
AMC_PE,D,20120322,000000,3.02988,3.02988,2.96261,3.02988,0,0
AMC_PE,D,20120323,000000,3.02988,3.02988,2.89528,2.96261,0,0
AMC_PE,D,20120326,000000,2.96261,2.96261,2.82802,2.96261,0,0
AMC_PE,D,20120327,000000,2.96261,3.02988,2.96261,3.02988,0,0
AMC_PE,D,20120328,000000,3.02988,3.02988,3.02988,3.02988,0,0
AMC_PE,D,20120329,000000,3.09739,3.09739,3.02988,3.02988,0,0
AMC_PE,D,20120330,000000,3.02988,3.02988,2.96261,3.02988,0,0
AMC_PE,D,20120402,000000,3.02988,3.02988,2.96261,2.96261,0,0
AMC_PE,D,20120403,000000,2.96261,3.02988,2.96261,3.02988,0,0
AMC_PE,D,20120404,000000,3.02988,3.09739,2.96261,3.09739,0,0
AMC_PE,D,20120405,000000,3.02988,3.232,3.02988,3.16455,0,0
AMC_PE,D,20120410,000000,3.09739,3.16455,3.09739,3.16455,0,0
AMC_PE,D,20120411,000000,3.16455,3.16455,3.16455,3.16455,0,0
AMC_PE,D,20120412,000000,3.16455,3.232,3.09739,3.16455,0,0
AMC_PE,D,20120413,000000,3.16455,3.29924,3.16455,3.29924,0,0
AMC_PE,D,20120416,000000,3.29924,3.36659,3.29924,3.29924,0,0
AMC_PE,D,20120417,000000,3.29924,3.43383,3.29924,3.43383,0,0
AMC_PE,D,20120418,000000,3.43383,3.43383,3.36659,3.36659,0,0
AMC_PE,D,20120419,000000,3.36659,3.43383,3.232,3.36659,0,0
AMC_PE,D,20120420,000000,3.36659,3.36659,3.29924,3.29924,0,0
AMC_PE,D,20120423,000000,3.29924,3.29924,3.02988,3.09739,0,0
AMC_PE,D,20120424,000000,3.02988,3.232,3.02988,3.16455,0,0
AMC_PE,D,20120425,000000,3.232,3.232,3.16455,3.16455,0,0
AMC_PE,D,20120426,000000,3.16455,3.232,3.09739,3.09739,0,0
AMC_PE,D,20120427,000000,3.09739,3.16455,3.09739,3.16455,0,0
AMC_PE,D,20120430,000000,3.232,3.232,3.16455,3.232,0,0
AMC_PE,D,20120502,000000,3.232,3.232,3.16455,3.16455,0,0
AMC_PE,D,20120504,000000,3.16455,3.16455,3.16455,3.16455,0,0
AMC_PE,D,20120507,000000,3.16455,3.16455,3.09739,3.16455,0,0
AMC_PE,D,20120508,000000,3.09739,3.16455,3.09739,3.09739,0,0
AMC_PE,D,20120509,000000,3.09739,3.09739,3.02988,3.02988,0,0
AMC_PE,D,20120510,000000,3.02988,3.02988,2.89528,2.89528,0,0
AMC_PE,D,20120511,000000,2.76059,2.96261,2.76059,2.96261,0,0
AMC_PE,D,20120514,000000,2.96261,2.96261,2.82802,2.96261,0,0
AMC_PE,D,20120515,000000,2.96261,2.96261,2.89528,2.96261,0,0
AMC_PE,D,20120516,000000,2.96261,3.02988,2.82802,2.96261,0,0
AMC_PE,D,20120517,000000,2.89528,2.96261,2.89528,2.89528,0,0
AMC_PE,D,20120518,000000,2.82802,2.89528,2.55865,2.55865,0,0
AMC_PE,D,20120521,000000,2.49131,2.55865,2.49131,2.55865,0,0
AMC_PE,D,20120522,000000,2.49131,2.55865,2.49131,2.55865,0,0
AMC_PE,D,20120523,000000,2.55865,2.55865,2.42397,2.42397,0,0
AMC_PE,D,20120524,000000,2.42397,2.42397,2.35672,2.42397,0,0
AMC_PE,D,20120525,000000,2.42397,2.42397,2.42397,2.42397,0,0
AMC_PE,D,20120528,000000,2.35672,2.42397,2.35672,2.42397,0,0
AMC_PE,D,20120529,000000,2.35672,2.55865,2.35672,2.55865,0,0
AMC_PE,D,20120530,000000,2.49131,2.55865,2.49131,2.55865,0,0
AMC_PE,D,20120531,000000,2.49131,2.55865,2.49131,2.55865,0,0
AMC_PE,D,20120601,000000,2.55865,2.55865,2.49131,2.55865,0,0
AMC_PE,D,20120604,000000,2.55865,2.55865,2.49131,2.49131,0,0
AMC_PE,D,20120605,000000,2.49131,2.55865,2.42397,2.49131,0,0
AMC_PE,D,20120606,000000,2.49131,2.55865,2.49131,2.55865,0,0
AMC_PE,D,20120608,000000,2.6259,2.6259,2.49131,2.6259,0,0
AMC_PE,D,20120611,000000,2.6259,2.6259,2.55865,2.6259,0,0
AMC_PE,D,20120612,000000,2.55865,2.6259,2.55865,2.6259,0,0
AMC_PE,D,20120613,000000,2.6259,2.6259,2.55865,2.55865,0,0
AMC_PE,D,20120614,000000,2.55865,2.6259,2.49131,2.55865,0,0
AMC_PE,D,20120615,000000,2.49131,2.55865,2.49131,2.55865,0,0
AMC_PE,D,20120618,000000,2.55865,2.55865,2.55865,2.55865,0,0
AMC_PE,D,20120619,000000,2.49131,2.55865,2.49131,2.55865,0,0
AMC_PE,D,20120620,000000,2.6259,2.6259,2.49131,2.55865,0,0
AMC_PE,D,20120621,000000,2.55865,2.55865,2.55865,2.55865,0,0
AMC_PE,D,20120622,000000,2.49131,2.55865,2.49131,2.55865,0,0
AMC_PE,D,20120625,000000,2.55865,2.55865,2.49131,2.55865,0,0
AMC_PE,D,20120626,000000,2.55865,2.6259,2.55865,2.55865,0,0
AMC_PE,D,20120627,000000,2.55865,2.6259,2.55865,2.55865,0,0
AMC_PE,D,20120628,000000,2.49131,2.55865,2.49131,2.55865,0,0
AMC_PE,D,20120629,000000,2.55865,2.6259,2.55865,2.6259,0,0
AMC_PE,D,20120702,000000,2.6259,2.6259,2.6259,2.6259,0,0
AMC_PE,D,20120703,000000,2.6259,2.6259,2.55865,2.55865,0,0
AMC_PE,D,20120704,000000,2.55865,2.55865,2.55865,2.55865,0,0
AMC_PE,D,20120705,000000,2.55865,2.55865,2.49131,2.55865,0,0
AMC_PE,D,20120706,000000,2.55865,2.55865,2.55865,2.55865,0,0
AMC_PE,D,20120709,000000,2.55865,2.55865,2.49131,2.49131,0,0
AMC_PE,D,20120710,000000,2.49131,2.49131,2.49131,2.49131,0,0
AMC_PE,D,20120711,000000,2.49131,2.49131,2.49131,2.49131,0,0
AMC_PE,D,20120712,000000,2.49131,2.55865,2.42397,2.55865,0,0
AMC_PE,D,20120713,000000,2.55865,2.55865,2.49131,2.55865,0,0
AMC_PE,D,20120716,000000,2.55865,2.55865,2.49131,2.49131,0,0
AMC_PE,D,20120717,000000,2.49131,2.49131,2.42397,2.49131,0,0
AMC_PE,D,20120718,000000,2.49131,2.55865,2.49131,2.49131,0,0
AMC_PE,D,20120719,000000,2.42397,2.49131,2.42397,2.49131,0,0
AMC_PE,D,20120720,000000,2.42397,2.42397,2.42397,2.42397,0,0
AMC_PE,D,20120723,000000,2.35672,2.42397,2.35672,2.42397,0,0
AMC_PE,D,20120724,000000,2.28919,2.42397,2.28919,2.42397,0,0
AMC_PE,D,20120725,000000,2.35672,2.35672,2.35672,2.35672,0,0
AMC_PE,D,20120726,000000,2.35672,2.42397,2.35672,2.42397,0,0
AMC_PE,D,20120727,000000,2.42397,2.55865,2.42397,2.49131,0,0
AMC_PE,D,20120730,000000,2.49131,2.49131,2.42397,2.49131,0,0
AMC_PE,D,20120731,000000,2.49131,2.55865,2.49131,2.55865,0,0
AMC_PE,D,20120801,000000,2.55865,2.6259,2.49131,2.6259,0,0
AMC_PE,D,20120802,000000,2.55865,2.6259,2.55865,2.55865,0,0
AMC_PE,D,20120803,000000,2.55865,2.6259,2.55865,2.6259,0,0
AMC_PE,D,20120806,000000,2.6259,2.6259,2.6259,2.6259,0,0
AMC_PE,D,20120807,000000,2.6259,2.6259,2.6259,2.6259,0,0
AMC_PE,D,20120808,000000,2.6259,2.6259,2.6259,2.6259,0,0
AMC_PE,D,20120809,000000,2.6259,2.69325,2.6259,2.6259,0,0
AMC_PE,D,20120810,000000,2.6259,2.69325,2.6259,2.6259,0,0
AMC_PE,D,20120813,000000,2.6259,2.69325,2.6259,2.6259,0,0
AMC_PE,D,20120814,000000,2.6259,2.69325,2.6259,2.69325,0,0
AMC_PE,D,20120816,000000,2.6259,2.69325,2.6259,2.69325,0,0
AMC_PE,D,20120817,000000,2.69325,2.69325,2.6259,2.6259,0,0
AMC_PE,D,20120820,000000,2.6259,2.69325,2.6259,2.69325,0,0
AMC_PE,D,20120821,000000,2.69325,2.76059,2.69325,2.69325,0,0
AMC_PE,D,20120822,000000,2.69325,2.69325,2.6259,2.69325,0,0
AMC_PE,D,20120823,000000,2.69325,2.76059,2.69325,2.76059,0,0
AMC_PE,D,20120824,000000,2.76059,2.76059,2.69325,2.69325,0,0
AMC_PE,D,20120827,000000,2.69325,2.69325,2.6259,2.69325,0,0
AMC_PE,D,20120828,000000,2.69325,2.69325,2.6259,2.69325,0,0
AMC_PE,D,20120829,000000,2.69325,2.69325,2.69325,2.69325,0,0
AMC_PE,D,20120830,000000,2.69325,2.69325,2.6259,2.69325,0,0
AMC_PE,D,20120831,000000,2.69325,2.69325,2.6259,2.6259,0,0
AMC_PE,D,20120903,000000,2.6259,2.6259,2.55865,2.6259,0,0
AMC_PE,D,20120904,000000,2.6259,2.6259,2.49131,2.49131,0,0
AMC_PE,D,20120905,000000,2.49131,2.55865,2.42397,2.55865,0,0
AMC_PE,D,20120906,000000,2.49131,2.55865,2.49131,2.55865,0,0
AMC_PE,D,20120907,000000,2.55865,2.55865,2.55865,2.55865,0,0
AMC_PE,D,20120910,000000,2.55865,2.55865,2.55865,2.55865,0,0
AMC_PE,D,20120911,000000,2.55865,2.55865,2.49131,2.49131,0,0
AMC_PE,D,20120912,000000,2.55865,2.55865,2.49131,2.55865,0,0
AMC_PE,D,20120913,000000,2.55865,2.6259,2.49131,2.6259,0,0
AMC_PE,D,20120914,000000,2.55865,2.6259,2.55865,2.6259,0,0
AMC_PE,D,20120917,000000,2.6259,2.6259,2.55865,2.55865,0,0
AMC_PE,D,20120918,000000,2.55865,2.55865,2.49131,2.49131,0,0
AMC_PE,D,20120919,000000,2.49131,2.49131,2.42397,2.42397,0,0
AMC_PE,D,20120920,000000,2.42397,2.42397,2.42397,2.42397,0,0
AMC_PE,D,20120921,000000,2.42397,2.42397,2.42397,2.42397,0,0
AMC_PE,D,20120924,000000,2.42397,2.42397,2.42397,2.42397,0,0
AMC_PE,D,20120925,000000,2.42397,2.42397,2.28919,2.35672,0,0
AMC_PE,D,20120926,000000,2.35672,2.42397,2.35672,2.42397,0,0
AMC_PE,D,20120927,000000,2.42397,2.42397,2.42397,2.42397,0,0
AMC_PE,D,20120928,000000,2.42397,2.42397,2.42397,2.42397,0,0
AMC_PE,D,20121001,000000,2.42397,2.49131,2.42397,2.49131,0,0
AMC_PE,D,20121002,000000,2.49131,2.55865,2.49131,2.49131,0,0
AMC_PE,D,20121003,000000,2.49131,2.49131,2.49131,2.49131,0,0
AMC_PE,D,20121004,000000,2.49131,2.49131,2.49131,2.49131,0,0
AMC_PE,D,20121005,000000,2.55865,2.55865,2.49131,2.55865,0,0
AMC_PE,D,20121008,000000,2.55865,2.55865,2.49131,2.49131,0,0
AMC_PE,D,20121009,000000,2.49131,2.49131,2.49131,2.49131,0,0
AMC_PE,D,20121010,000000,2.49131,2.49131,2.49131,2.49131,0,0
AMC_PE,D,20121011,000000,2.49131,2.49131,2.42397,2.42397,0,0
AMC_PE,D,20121012,000000,2.42397,2.42397,2.35672,2.42397,0,0
AMC_PE,D,20121015,000000,2.42397,2.42397,2.42397,2.42397,0,0
AMC_PE,D,20121016,000000,2.42397,2.42397,2.42397,2.42397,0,0
AMC_PE,D,20121017,000000,2.42397,2.42397,2.42397,2.42397,0,0
AMC_PE,D,20121018,000000,2.42397,2.42397,2.42397,2.42397,0,0
AMC_PE,D,20121019,000000,2.42397,2.49131,2.35672,2.49131,0,0
AMC_PE,D,20121022,000000,2.49131,2.49131,2.49131,2.49131,0,0
AMC_PE,D,20121023,000000,2.49131,2.49131,2.42397,2.49131,0,0
AMC_PE,D,20121024,000000,2.49131,2.49131,2.42397,2.42397,0,0
AMC_PE,D,20121025,000000,2.42397,2.42397,2.42397,2.42397,0,0
AMC_PE,D,20121026,000000,2.42397,2.42397,2.42397,2.42397,0,0
AMC_PE,D,20121029,000000,2.42397,2.49131,2.42397,2.42397,0,0
AMC_PE,D,20121030,000000,2.49131,2.49131,2.42397,2.42397,0,0
AMC_PE,D,20121031,000000,2.42397,2.55865,2.42397,2.49131,0,0
AMC_PE,D,20121102,000000,2.55865,2.6259,2.55865,2.55865,0,0
AMC_PE,D,20121105,000000,2.55865,2.55865,2.55865,2.55865,0,0
AMC_PE,D,20121106,000000,2.55865,2.55865,2.55865,2.55865,0,0
AMC_PE,D,20121107,000000,2.55865,2.55865,2.55865,2.55865,0,0
AMC_PE,D,20121108,000000,2.55865,2.55865,2.55865,2.55865,0,0
AMC_PE,D,20121109,000000,2.55865,2.55865,2.55865,2.55865,0,0
AMC_PE,D,20121112,000000,2.55865,2.55865,2.49131,2.55865,0,0
AMC_PE,D,20121113,000000,2.55865,2.55865,2.49131,2.49131,0,0
AMC_PE,D,20121114,000000,2.55865,2.69325,2.55865,2.69325,0,0
AMC_PE,D,20121115,000000,2.69325,2.69325,2.69325,2.69325,0,0
AMC_PE,D,20121116,000000,2.69325,2.69325,2.69325,2.69325,0,0
AMC_PE,D,20121119,000000,2.69325,2.76059,2.69325,2.76059,0,0
AMC_PE,D,20121120,000000,2.76059,2.82802,2.76059,2.76059,0,0
AMC_PE,D,20121121,000000,2.76059,2.82802,2.69325,2.82802,0,0
AMC_PE,D,20121122,000000,2.82802,2.82802,2.82802,2.82802,0,0
AMC_PE,D,20121123,000000,2.82802,2.82802,2.82802,2.82802,0,0
AMC_PE,D,20121126,000000,2.82802,2.82802,2.82802,2.82802,0,0
AMC_PE,D,20121127,000000,2.82802,2.82802,2.82802,2.82802,0,0
AMC_PE,D,20121128,000000,2.82802,2.82802,2.76059,2.76059,0,0
AMC_PE,D,20121129,000000,2.76059,2.82802,2.76059,2.82802,0,0
AMC_PE,D,20121130,000000,2.82802,2.89528,2.76059,2.89528,0,0
AMC_PE,D,20121203,000000,2.89528,2.96261,2.89528,2.96261,0,0
AMC_PE,D,20121204,000000,2.96261,3.09739,2.96261,2.96261,0,0
AMC_PE,D,20121205,000000,3.02988,3.02988,3.02988,3.02988,0,0
AMC_PE,D,20121206,000000,3.02988,3.02988,2.96261,3.02988,0,0
AMC_PE,D,20121207,000000,3.02988,3.02988,2.96261,2.96261,0,0
AMC_PE,D,20121210,000000,2.96261,2.96261,2.89528,2.96261,0,0
AMC_PE,D,20121211,000000,3.02988,3.02988,3.02988,3.02988,0,0
AMC_PE,D,20121212,000000,3.02988,3.02988,2.96261,3.02988,0,0
AMC_PE,D,20121213,000000,2.96261,3.02988,2.96261,3.02988,0,0
AMC_PE,D,20121214,000000,3.02988,3.02988,2.96261,3.02988,0,0
AMC_PE,D,20121217,000000,3.02988,3.02988,2.96261,3.02988,0,0
AMC_PE,D,20121218,000000,3.02988,3.02988,3.02988,3.02988,0,0
AMC_PE,D,20121219,000000,3.02988,3.09739,3.02988,3.09739,0,0
AMC_PE,D,20121220,000000,3.02988,3.09739,3.02988,3.09739,0,0
AMC_PE,D,20121221,000000,3.02988,3.09739,3.02988,3.09739,0,0
AMC_PE,D,20121227,000000,2.96261,3.16455,2.96261,3.16455,0,0
AMC_PE,D,20121228,000000,3.16455,3.16455,3.09739,3.16455,0,0
AMC_PE,D,20130102,000000,3.16455,3.16455,3.16455,3.16455,0,0
AMC_PE,D,20130103,000000,3.16455,3.16455,3.09739,3.09739,0,0
AMC_PE,D,20130104,000000,3.02988,3.09739,3.02988,3.09739,0,0
AMC_PE,D,20130107,000000,3.09739,3.16455,3.09739,3.09739,0,0
AMC_PE,D,20130108,000000,3.09739,3.09739,3.02988,3.09739,0,0
AMC_PE,D,20130109,000000,3.09739,3.09739,3.09739,3.09739,0,0
AMC_PE,D,20130110,000000,3.09739,3.16455,3.09739,3.16455,0,0
AMC_PE,D,20130111,000000,3.16455,3.232,3.16455,3.16455,0,0
AMC_PE,D,20130114,000000,3.16455,3.16455,3.09739,3.16455,0,0
AMC_PE,D,20130115,000000,3.16455,3.16455,3.09739,3.16455,0,0
AMC_PE,D,20130117,000000,3.16455,3.16455,3.16455,3.16455,0,0
AMC_PE,D,20130118,000000,3.16455,3.232,3.16455,3.16455,0,0
AMC_PE,D,20130121,000000,3.232,3.29924,3.16455,3.232,0,0
AMC_PE,D,20130122,000000,3.232,3.29924,3.232,3.29924,0,0
AMC_PE,D,20130123,000000,3.29924,3.36659,3.29924,3.36659,0,0
AMC_PE,D,20130124,000000,3.36659,3.43383,3.36659,3.43383,0,0
AMC_PE,D,20130125,000000,3.43383,3.43383,3.43383,3.43383,0,0
AMC_PE,D,20130128,000000,3.43383,3.56861,3.43383,3.43383,0,0
AMC_PE,D,20130129,000000,3.50127,3.56861,3.43383,3.43383,0,0
AMC_PE,D,20130130,000000,3.43383,3.56861,3.29924,3.50127,0,0
AMC_PE,D,20130131,000000,3.50127,3.63595,3.50127,3.63595,0,0
AMC_PE,D,20130201,000000,3.63595,3.63595,3.56861,3.63595,0,0
AMC_PE,D,20130204,000000,3.63595,3.63595,3.56861,3.63595,0,0
AMC_PE,D,20130205,000000,3.63595,3.63595,3.56861,3.56861,0,0
AMC_PE,D,20130206,000000,3.56861,3.56861,3.43383,3.50127,0,0
AMC_PE,D,20130207,000000,3.43383,3.56861,3.43383,3.56861,0,0
AMC_PE,D,20130208,000000,3.56861,3.63595,3.56861,3.56861,0,0
AMC_PE,D,20130211,000000,3.63595,3.63595,3.56861,3.63595,0,0
AMC_PE,D,20130212,000000,3.70329,3.70329,3.63595,3.63595,0,0
AMC_PE,D,20130213,000000,3.63595,3.70329,3.63595,3.70329,0,0
AMC_PE,D,20130214,000000,3.77054,3.83798,3.70329,3.83798,0,0
AMC_PE,D,20130215,000000,3.83798,3.83798,3.77054,3.77054,0,0
AMC_PE,D,20130218,000000,3.77054,3.90515,3.77054,3.83798,0,0
AMC_PE,D,20130219,000000,3.90515,3.90515,3.70329,3.77054,0,0
AMC_PE,D,20130220,000000,3.77054,3.77054,3.63595,3.63595,0,0
AMC_PE,D,20130221,000000,3.56861,3.63595,3.50127,3.63595,0,0
AMC_PE,D,20130222,000000,3.63595,3.70329,3.63595,3.70329,0,0
AMC_PE,D,20130225,000000,3.70329,3.83798,3.70329,3.77054,0,0
AMC_PE,D,20130226,000000,3.77054,3.77054,3.70329,3.77054,0,0
AMC_PE,D,20130227,000000,3.77054,3.83798,3.77054,3.83798,0,0
AMC_PE,D,20130228,000000,3.83798,3.83798,3.77054,3.77054,0,0
AMC_PE,D,20130301,000000,3.70329,3.77054,3.56861,3.77054,0,0
AMC_PE,D,20130304,000000,3.77054,7.20474,3.77054,7.20474,0,0
AMC_PE,D,20130305,000000,7.20474,7.20474,7.13749,7.13749,0,0
AMC_PE,D,20130306,000000,7.27182,7.27182,7.13749,7.20474,0,0
AMC_PE,D,20130307,000000,7.20474,7.20474,7.13749,7.20474,0,0
AMC_PE,D,20130308,000000,7.20474,7.20474,7.13749,7.20474,0,0
AMC_PE,D,20130311,000000,7.20474,7.20474,7.13749,7.20474,0,0
AMC_PE,D,20130312,000000,7.20474,7.20474,7.13749,7.20474,0,0
AMC_PE,D,20130313,000000,7.20474,7.40695,7.13749,7.40695,0,0
AMC_PE,D,20130314,000000,7.40695,7.67462,7.33996,7.67462,0,0
AMC_PE,D,20130315,000000,7.67462,7.87674,7.67462,7.81056,0,0
AMC_PE,D,20130318,000000,7.81056,7.81056,7.67462,7.67462,0,0
AMC_PE,D,20130319,000000,7.67462,7.87674,7.67462,7.74286,0,0
AMC_PE,D,20130320,000000,7.81056,8.21523,7.81056,8.14789,0,0
AMC_PE,D,20130321,000000,8.21523,8.28142,7.87674,8.01303,0,0
AMC_PE,D,20130322,000000,8.01303,8.01303,7.81056,7.87674,0,0
AMC_PE,D,20130325,000000,7.94533,8.21523,7.87674,8.14789,0,0
AMC_PE,D,20130326,000000,8.21523,8.21523,7.81056,8.07966,0,0
AMC_PE,D,20130327,000000,8.3493,8.3493,8.01303,8.07966,0,0
AMC_PE,D,20130328,000000,7.94533,8.28142,7.94533,8.28142,0,0
AMC_PE,D,20130402,000000,8.21523,8.28142,8.14789,8.21523,0,0
AMC_PE,D,20130403,000000,8.21523,8.21523,8.01303,8.01303,0,0
AMC_PE,D,20130404,000000,7.94533,8.01303,7.94533,8.01303,0,0
AMC_PE,D,20130405,000000,8.01303,8.07966,7.94533,7.94533,0,0
AMC_PE,D,20130408,000000,7.94533,8.01303,7.81056,7.94533,0,0
AMC_PE,D,20130409,000000,8.14789,8.14789,7.87674,7.94533,0,0
AMC_PE,D,20130410,000000,8.14789,8.14789,7.94533,8.07966,0,0
AMC_PE,D,20130411,000000,8.14789,8.14789,8.01303,8.07966,0,0
AMC_PE,D,20130412,000000,8.14789,8.14789,8.01303,8.07966,0,0
AMC_PE,D,20130415,000000,7.94533,8.01303,7.87674,8.01303,0,0
AMC_PE,D,20130417,000000,8.01303,8.07966,7.67462,7.74286,0,0
AMC_PE,D,20130418,000000,7.54172,7.67462,7.20474,7.54172,0,0
AMC_PE,D,20130419,000000,7.40695,7.54172,7.33996,7.40695,0,0
AMC_PE,D,20130422,000000,7.33996,7.40695,7.27182,7.40695,0,0
AMC_PE,D,20130423,000000,7.33996,7.33996,7.13749,7.33996,0,0
AMC_PE,D,20130424,000000,7.27182,7.54172,7.27182,7.54172,0,0
AMC_PE,D,20130425,000000,7.60871,7.67462,7.54172,7.67462,0,0
AMC_PE,D,20130426,000000,7.67462,8.01303,7.67462,8.01303,0,0
AMC_PE,D,20130429,000000,8.07966,8.07966,7.87674,7.94533,0,0
AMC_PE,D,20130430,000000,8.01392,8.07708,7.81296,7.94203,0,0
AMC_PE,D,20130502,000000,7.94533,8.01303,7.81056,8.01303,0,0
AMC_PE,D,20130506,000000,8.07966,8.07966,7.87674,8.07966,0,0
AMC_PE,D,20130507,000000,8.07966,8.14789,8.01303,8.07966,0,0
AMC_PE,D,20130508,000000,8.07966,8.14789,8.01303,8.07966,0,0
AMC_PE,D,20130509,000000,8.14789,8.14789,8.01303,8.01303,0,0
AMC_PE,D,20130510,000000,8.07966,8.07966,8.01303,8.01303,0,0
AMC_PE,D,20130513,000000,8.01303,8.07966,7.87674,8.07966,0,0
AMC_PE,D,20130514,000000,8.07966,8.28142,8.01303,8.28142,0,0
AMC_PE,D,20130515,000000,8.28142,8.28142,8.21523,8.28142,0,0
AMC_PE,D,20130516,000000,8.21523,8.21523,8.14789,8.21523,0,0
AMC_PE,D,20130517,000000,8.14789,8.21523,8.07966,8.14789,0,0
AMC_PE,D,20130520,000000,8.14789,8.14789,8.01303,8.14789,0,0
AMC_PE,D,20130521,000000,8.01303,8.14789,8.01303,8.14789,0,0
AMC_PE,D,20130522,000000,8.14789,8.21523,8.07966,8.07966,0,0
AMC_PE,D,20130523,000000,8.07966,8.21523,7.74286,8.14789,0,0
AMC_PE,D,20130524,000000,8.21523,8.21523,8.01303,8.01303,0,0
AMC_PE,D,20130527,000000,8.01303,8.28142,8.01303,8.14789,0,0
AMC_PE,D,20130528,000000,8.14789,8.14789,8.07966,8.07966,0,0
AMC_PE,D,20130529,000000,8.07708,8.07708,7.94203,8.07708,0,0
AMC_PE,D,20130531,000000,8.07708,8.284,8.07708,8.284,0,0
AMC_PE,D,20130603,000000,8.28142,8.3493,8.14789,8.3493,0,0
AMC_PE,D,20130604,000000,8.3493,8.68503,8.28142,8.61822,0,0
AMC_PE,D,20130605,000000,8.61822,8.88812,8.5514,8.82043,0,0
AMC_PE,D,20130606,000000,8.75362,8.82043,8.68503,8.68503,0,0
AMC_PE,D,20130607,000000,8.68503,8.82043,8.68503,8.82043,0,0
AMC_PE,D,20130610,000000,8.88812,8.88812,8.75362,8.82043,0,0
AMC_PE,D,20130611,000000,8.82043,9.02263,8.75362,8.95582,0,0
AMC_PE,D,20130612,000000,9.02263,9.09033,8.95582,8.95582,0,0
AMC_PE,D,20130613,000000,9.02263,9.02263,8.95582,9.02263,0,0
AMC_PE,D,20130614,000000,9.09033,9.15714,9.02263,9.09033,0,0
AMC_PE,D,20130617,000000,9.02263,9.09033,9.02263,9.09033,0,0
AMC_PE,D,20130618,000000,9.09033,9.09033,8.95582,8.95582,0,0
AMC_PE,D,20130619,000000,9.02263,9.09033,8.88812,8.95582,0,0
AMC_PE,D,20130620,000000,8.95582,8.95582,8.5514,8.88812,0,0
AMC_PE,D,20130621,000000,8.82043,8.88812,8.68503,8.88812,0,0
AMC_PE,D,20130624,000000,8.75362,8.88812,8.75362,8.88812,0,0
AMC_PE,D,20130625,000000,8.8222,8.88634,8.8222,8.88634,0,0
AMC_PE,D,20130626,000000,8.82043,8.88812,8.68503,8.88812,0,0
AMC_PE,D,20130627,000000,8.82043,8.88812,8.82043,8.88812,0,0
AMC_PE,D,20130628,000000,8.82043,8.88812,8.68503,8.88812,0,0
AMC_PE,D,20130701,000000,8.88812,8.88812,8.68503,8.82043,0,0
AMC_PE,D,20130702,000000,8.88634,8.88634,8.62089,8.62089,0,0
AMC_PE,D,20130703,000000,8.62089,8.8222,8.54963,8.68503,0,0
AMC_PE,D,20130704,000000,8.68503,8.68503,8.68503,8.68503,0,0
AMC_PE,D,20130705,000000,8.68503,8.68503,8.62089,8.68503,0,0
AMC_PE,D,20130708,000000,8.8222,8.8222,8.54963,8.62089,0,0
AMC_PE,D,20130709,000000,8.75095,8.75095,8.41369,8.4846,0,0
AMC_PE,D,20130710,000000,8.4846,8.54963,8.41369,8.41369,0,0
AMC_PE,D,20130711,000000,8.4846,8.68503,8.41369,8.68503,0,0
AMC_PE,D,20130712,000000,8.87209,8.87209,8.72867,8.72867,0,0
AMC_PE,D,20130715,000000,8.80171,8.80171,8.58615,8.80171,0,0
AMC_PE,D,20130716,000000,8.80171,8.80171,8.80171,8.80171,0,0
AMC_PE,D,20130717,000000,8.80171,8.80171,8.65652,8.80171,0,0
AMC_PE,D,20130718,000000,8.80171,8.87209,8.80171,8.87209,0,0
AMC_PE,D,20130719,000000,8.87209,9.15803,8.87209,9.15803,0,0
AMC_PE,D,20130722,000000,9.15803,9.5161,9.15803,9.44392,0,0
AMC_PE,D,20130723,000000,9.44392,9.44392,9.30145,9.37183,0,0
AMC_PE,D,20130724,000000,9.37183,9.5161,9.37183,9.44392,0,0
AMC_PE,D,20130725,000000,9.44392,9.65868,9.44392,9.58735,0,0
AMC_PE,D,20130726,000000,9.65868,9.65868,9.58735,9.65868,0,0
AMC_PE,D,20130729,000000,9.65868,9.65868,9.58735,9.58735,0,0
AMC_PE,D,20130730,000000,9.58735,9.80201,9.58735,9.80201,0,0
AMC_PE,D,20130731,000000,9.80201,10.0185,9.80201,10.0185,0,0
AMC_PE,D,20130801,000000,10.0889,10.1593,10.0185,10.0889,0,0
AMC_PE,D,20130802,000000,10.0889,10.3731,10.0889,10.3035,0,0
AMC_PE,D,20130805,000000,10.3731,10.4461,10.3035,10.3731,0,0
AMC_PE,D,20130806,000000,10.3731,10.3731,10.3035,10.3035,0,0
AMC_PE,D,20130807,000000,10.3035,10.3035,10.2323,10.3035,0,0
AMC_PE,D,20130808,000000,10.3035,10.6598,10.0889,10.6598,0,0
AMC_PE,D,20130809,000000,10.6598,10.8033,10.5887,10.7311,0,0
AMC_PE,D,20130812,000000,10.7311,10.8754,10.6598,10.7311,0,0
AMC_PE,D,20130813,000000,10.7311,11.018,10.6598,11.018,0,0
AMC_PE,D,20130814,000000,11.018,11.2335,11.018,11.2335,0,0
AMC_PE,D,20130816,000000,11.2335,11.2335,11.0901,11.1615,0,0
AMC_PE,D,20130819,000000,11.1615,11.1615,10.8754,11.1615,0,0
AMC_PE,D,20130820,000000,11.1615,11.1615,10.9458,11.0901,0,0
AMC_PE,D,20130821,000000,11.0901,11.1615,10.9458,11.0901,0,0
AMC_PE,D,20130822,000000,11.0901,11.3048,11.0901,11.3048,0,0
AMC_PE,D,20130823,000000,11.3751,11.734,11.3048,11.734,0,0
AMC_PE,D,20130826,000000,11.8054,12.0922,11.734,11.8054,0,0
AMC_PE,D,20130827,000000,11.8054,11.8054,11.0901,11.3048,0,0
AMC_PE,D,20130828,000000,11.3048,11.5186,10.9458,11.2335,0,0
AMC_PE,D,20130829,000000,11.3048,11.3048,11.0901,11.1615,0,0
AMC_PE,D,20130830,000000,11.1615,11.1615,11.018,11.0901,0,0
AMC_PE,D,20130902,000000,11.018,11.662,11.018,11.662,0,0
AMC_PE,D,20130903,000000,11.662,11.8054,11.662,11.662,0,0
AMC_PE,D,20130904,000000,11.662,11.734,11.5186,11.5186,0,0
AMC_PE,D,20130905,000000,11.2335,11.2335,10.3731,11.0901,0,0
AMC_PE,D,20130906,000000,10.9458,11.4481,10.9458,11.2335,0,0
AMC_PE,D,20130909,000000,11.2335,11.5908,11.2335,11.4481,0,0
AMC_PE,D,20130910,000000,11.4481,11.662,10.5887,10.5887,0,0
AMC_PE,D,20130911,000000,10.6598,10.6598,10.5174,10.5887,0,0
AMC_PE,D,20130912,000000,10.5887,10.5887,10.4461,10.5887,0,0
AMC_PE,D,20130913,000000,10.5887,10.6598,10.5174,10.6598,0,0
AMC_PE,D,20130916,000000,10.6598,10.6598,10.5174,10.5887,0,0
AMC_PE,D,20130917,000000,10.6598,10.6598,10.5174,10.5174,0,0
AMC_PE,D,20130918,000000,10.5174,10.5174,10.4461,10.5174,0,0
AMC_PE,D,20130919,000000,10.6598,10.6598,10.5174,10.5174,0,0
AMC_PE,D,20130920,000000,10.5887,10.5887,10.5174,10.5887,0,0
AMC_PE,D,20130923,000000,10.5887,10.5887,10.5887,10.5887,0,0
AMC_PE,D,20130924,000000,10.5887,10.5887,10.5174,10.5887,0,0
AMC_PE,D,20130925,000000,10.5887,10.6598,10.5174,10.6598,0,0
AMC_PE,D,20130926,000000,10.6598,11.3751,10.5887,11.3751,0,0
AMC_PE,D,20130927,000000,11.3751,11.5908,11.3048,11.5908,0,0
AMC_PE,D,20130930,000000,11.5186,11.5186,11.4481,11.5186,0,0
AMC_PE,D,20131001,000000,11.5186,11.5186,11.3048,11.3048,0,0
AMC_PE,D,20131002,000000,11.3751,11.5908,11.3751,11.3751,0,0
AMC_PE,D,20131003,000000,11.3751,11.5186,11.3048,11.3751,0,0
AMC_PE,D,20131004,000000,11.3751,11.3751,11.1615,11.2335,0,0
AMC_PE,D,20131007,000000,11.2335,11.2335,10.9458,11.0901,0,0
AMC_PE,D,20131008,000000,11.1615,11.3048,11.0901,11.3048,0,0
AMC_PE,D,20131009,000000,11.3751,11.3751,11.1615,11.1615,0,0
AMC_PE,D,20131010,000000,11.2335,11.5908,11.1615,11.3751,0,0
AMC_PE,D,20131011,000000,11.3751,11.5186,11.3751,11.4481,0,0
AMC_PE,D,20131014,000000,11.4481,11.4481,11.3751,11.4481,0,0
AMC_PE,D,20131015,000000,11.4481,11.8767,11.4481,11.734,0,0
AMC_PE,D,20131016,000000,11.8767,11.8767,11.5186,11.734,0,0
AMC_PE,D,20131017,000000,11.8054,11.8054,11.5186,11.662,0,0
AMC_PE,D,20131018,000000,11.5908,11.8767,11.4481,11.734,0,0
AMC_PE,D,20131021,000000,11.734,11.8767,11.5908,11.8767,0,0
AMC_PE,D,20131022,000000,11.947,11.947,11.8767,11.8767,0,0
AMC_PE,D,20131023,000000,11.8767,12.0209,11.8767,11.947,0,0
AMC_PE,D,20131024,000000,12.0209,12.1626,11.947,12.0922,0,0
AMC_PE,D,20131025,000000,12.0209,12.0922,11.8054,11.947,0,0
AMC_PE,D,20131028,000000,11.8767,12.0922,11.8767,12.0922,0,0
AMC_PE,D,20131029,000000,12.0922,12.1626,12.0209,12.1626,0,0
AMC_PE,D,20131030,000000,12.1626,12.2348,12.0922,12.1626,0,0
AMC_PE,D,20131031,000000,12.0922,12.1626,11.4481,11.4481,0,0
AMC_PE,D,20131104,000000,11.4481,11.734,11.4481,11.662,0,0
AMC_PE,D,20131105,000000,11.734,11.8054,11.5908,11.662,0,0
AMC_PE,D,20131106,000000,11.734,11.8767,11.662,11.8054,0,0
AMC_PE,D,20131107,000000,11.947,11.947,11.4481,11.734,0,0
AMC_PE,D,20131108,000000,11.662,11.734,11.5908,11.662,0,0
AMC_PE,D,20131112,000000,11.5908,11.5908,11.4481,11.5186,0,0
AMC_PE,D,20131113,000000,11.5186,11.5186,11.018,11.3048,0,0
AMC_PE,D,20131114,000000,11.3048,11.3048,11.018,11.3048,0,0
AMC_PE,D,20131115,000000,11.4481,11.734,11.4481,11.662,0,0
AMC_PE,D,20131118,000000,11.734,11.734,11.5186,11.662,0,0
AMC_PE,D,20131119,000000,11.734,11.734,11.3751,11.5908,0,0
AMC_PE,D,20131120,000000,11.662,12.0922,8.15627,8.15627,0,0
AMC_PE,D,20131121,000000,8.37076,8.37076,8.22725,8.29941,0,0
AMC_PE,D,20131122,000000,8.37076,8.44291,8.29941,8.44291,0,0
AMC_PE,D,20131125,000000,8.44291,8.72867,8.44291,8.58615,0,0
AMC_PE,D,20131126,000000,8.58615,8.72867,8.58615,8.65652,0,0
AMC_PE,D,20131127,000000,8.65652,8.72867,8.65652,8.72867,0,0
AMC_PE,D,20131128,000000,8.80171,8.80171,8.72867,8.80171,0,0
AMC_PE,D,20131129,000000,8.87209,8.87209,8.80171,8.80171,0,0
AMC_PE,D,20131202,000000,8.80171,8.80171,8.65652,8.72867,0,0
AMC_PE,D,20131203,000000,8.65652,8.65652,8.51311,8.65652,0,0
AMC_PE,D,20131204,000000,8.65652,8.65652,8.58615,8.58615,0,0
AMC_PE,D,20131205,000000,8.58615,8.65652,8.51311,8.58615,0,0
AMC_PE,D,20131206,000000,8.58615,8.65652,8.44291,8.44291,0,0
AMC_PE,D,20131209,000000,8.44291,8.65652,8.44291,8.65652,0,0
AMC_PE,D,20131210,000000,8.65652,8.65652,8.44291,8.65652,0,0
AMC_PE,D,20131211,000000,8.65652,8.65652,8.51311,8.51311,0,0
AMC_PE,D,20131212,000000,8.44291,8.44291,8.22725,8.44291,0,0
AMC_PE,D,20131213,000000,8.37076,8.58615,8.22725,8.51311,0,0
AMC_PE,D,20131216,000000,8.44291,8.58615,8.37076,8.37076,0,0
AMC_PE,D,20131217,000000,8.37076,8.58615,8.37076,8.37076,0,0
AMC_PE,D,20131218,000000,8.29941,8.44291,8.29941,8.44291,0,0
AMC_PE,D,20131219,000000,8.44291,8.65652,8.37076,8.37076,0,0
AMC_PE,D,20131220,000000,8.29941,8.51311,8.29941,8.44291,0,0
AMC_PE,D,20131223,000000,8.44291,8.58615,8.44291,8.51311,0,0
AMC_PE,D,20131227,000000,8.58615,8.58615,8.51311,8.51311,0,0
AMC_PE,D,20131230,000000,8.51311,8.51311,8.22725,8.22725,0,0
AMC_PE,D,20140102,000000,8.22725,8.51311,8.22725,8.29941,0,0
AMC_PE,D,20140103,000000,8.29941,8.51311,8.29941,8.51311,0,0
AMC_PE,D,20140107,000000,8.44291,8.44291,8.22725,8.22725,0,0
AMC_PE,D,20140108,000000,8.22725,8.22725,7.79827,8.01392,0,0
AMC_PE,D,20140109,000000,7.94203,7.94203,7.4408,7.4408,0,0
AMC_PE,D,20140110,000000,7.22576,7.51242,7.22576,7.4408,0,0
AMC_PE,D,20140113,000000,7.51242,7.94203,7.51242,7.51242,0,0
AMC_PE,D,20140114,000000,7.58492,7.72691,7.51242,7.72691,0,0
AMC_PE,D,20140115,000000,7.72691,7.87095,7.72691,7.79827,0,0
AMC_PE,D,20140116,000000,7.87095,8.01392,7.87095,7.94203,0,0
AMC_PE,D,20140117,000000,8.01392,8.01392,7.94203,7.94203,0,0
AMC_PE,D,20140120,000000,7.94203,7.94203,7.87095,7.94203,0,0
AMC_PE,D,20140121,000000,8.08385,8.22725,7.87095,8.22725,0,0
AMC_PE,D,20140122,000000,8.29941,8.44291,8.22725,8.29941,0,0
AMC_PE,D,20140123,000000,8.29941,8.44291,8.29941,8.29941,0,0
AMC_PE,D,20140124,000000,8.29941,8.44291,8.29941,8.29941,0,0
AMC_PE,D,20140127,000000,8.15627,8.29941,8.15627,8.29941,0,0
AMC_PE,D,20140128,000000,8.29941,8.44291,8.22725,8.22725,0,0
AMC_PE,D,20140129,000000,8.29941,8.29941,8.22725,8.29941,0,0
AMC_PE,D,20140130,000000,8.29941,8.29941,8.01392,8.15627,0,0
AMC_PE,D,20140131,000000,8.22725,8.29941,8.22725,8.29941,0,0
AMC_PE,D,20140203,000000,8.29941,8.37076,8.29941,8.29941,0,0
AMC_PE,D,20140204,000000,8.29941,8.29941,8.22725,8.29941,0,0
AMC_PE,D,20140205,000000,8.29941,8.29941,8.22725,8.29941,0,0
AMC_PE,D,20140206,000000,8.29941,8.72867,8.29941,8.72867,0,0
AMC_PE,D,20140207,000000,8.72867,8.72867,8.58615,8.65652,0,0
AMC_PE,D,20140210,000000,8.65652,8.65652,8.37076,8.65652,0,0
AMC_PE,D,20140211,000000,8.58615,8.65652,8.37076,8.58615,0,0
AMC_PE,D,20140212,000000,8.44291,8.58615,8.29941,8.29941,0,0
AMC_PE,D,20140213,000000,8.29941,8.29941,8.22725,8.22725,0,0
AMC_PE,D,20140214,000000,8.22725,8.37076,8.22725,8.29941,0,0
AMC_PE,D,20140217,000000,8.29941,8.44291,8.29941,8.37076,0,0
AMC_PE,D,20140218,000000,8.37076,8.37076,8.29941,8.37076,0,0
AMC_PE,D,20140219,000000,8.37076,8.37076,8.22725,8.29941,0,0
AMC_PE,D,20140220,000000,8.29941,8.29941,8.08385,8.08385,0,0
AMC_PE,D,20140221,000000,8.01392,8.08385,7.94203,7.94203,0,0
AMC_PE,D,20140224,000000,7.87095,8.01392,7.87095,8.01392,0,0
AMC_PE,D,20140225,000000,8.15627,8.29941,8.15627,8.22725,0,0
AMC_PE,D,20140226,000000,8.29941,8.29941,8.01392,8.01392,0,0
AMC_PE,D,20140227,000000,8.08385,8.08385,8.01392,8.01392,0,0
AMC_PE,D,20140228,000000,8.15627,8.15627,8.01392,8.01392,0,0
AMC_PE,D,20140303,000000,7.72691,7.72691,7.08342,7.29827,0,0
AMC_PE,D,20140304,000000,7.22576,7.58492,7.22576,7.51242,0,0
AMC_PE,D,20140305,000000,7.51242,7.87095,7.51242,7.65547,0,0
AMC_PE,D,20140306,000000,7.65547,7.79827,6.51083,6.51083,0,0
AMC_PE,D,20140307,000000,6.51083,6.58236,6.29625,6.36778,0,0
AMC_PE,D,20140310,000000,6.29625,6.43912,6.29625,6.29625,0,0
AMC_PE,D,20140311,000000,6.22453,6.43912,6.22453,6.29625,0,0
AMC_PE,D,20140312,000000,6.29625,6.29625,6.22453,6.29625,0,0
AMC_PE,D,20140313,000000,6.29625,6.29625,6.22453,6.29625,0,0
AMC_PE,D,20140314,000000,6.1531,6.22453,5.93843,6.22453,0,0
AMC_PE,D,20140317,000000,6.22453,6.36778,6.22453,6.29625,0,0
AMC_PE,D,20140318,000000,6.51083,6.51083,6.22453,6.29625,0,0
AMC_PE,D,20140319,000000,6.22453,6.29625,6.22453,6.22453,0,0
AMC_PE,D,20140320,000000,6.22453,6.36778,6.22453,6.36778,0,0
AMC_PE,D,20140321,000000,6.29625,6.43912,6.29625,6.43912,0,0
AMC_PE,D,20140324,000000,6.43912,6.51083,6.36778,6.43912,0,0
AMC_PE,D,20140325,000000,6.43912,6.43912,6.36778,6.43912,0,0
AMC_PE,D,20140326,000000,6.43912,6.72542,6.43912,6.51083,0,0
AMC_PE,D,20140327,000000,6.58236,6.58236,6.43912,6.43912,0,0
AMC_PE,D,20140328,000000,6.51083,6.51083,6.36778,6.43912,0,0
AMC_PE,D,20140331,000000,6.43912,6.43912,6.36778,6.43912,0,0
AMC_PE,D,20140401,000000,6.43912,6.43912,6.36778,6.43912,0,0
AMC_PE,D,20140402,000000,6.43912,6.51083,6.43912,6.43912,0,0
AMC_PE,D,20140403,000000,6.43912,6.43912,6.36778,6.43912,0,0
AMC_PE,D,20140404,000000,6.43912,6.43912,6.36778,6.36778,0,0
AMC_PE,D,20140407,000000,6.36778,6.43912,6.29625,6.36778,0,0
AMC_PE,D,20140408,000000,6.36778,6.51083,6.36778,6.43912,0,0
AMC_PE,D,20140409,000000,6.43912,6.43912,6.43912,6.43912,0,0
AMC_PE,D,20140410,000000,6.43912,6.43912,6.43912,6.43912,0,0
AMC_PE,D,20140411,000000,6.43912,6.43912,6.36778,6.36778,0,0
AMC_PE,D,20140414,000000,6.29625,6.29625,6.22453,6.22453,0,0
AMC_PE,D,20140415,000000,6.22453,6.22453,6.1531,6.1531,0,0
AMC_PE,D,20140416,000000,6.1531,6.22453,6.00995,6.1531,0,0
AMC_PE,D,20140417,000000,6.00995,6.1531,6.00995,6.1531,0,0
AMC_PE,D,20140422,000000,6.1531,6.22453,6.00995,6.08148,0,0
AMC_PE,D,20140423,000000,6.00995,6.08148,5.72374,5.8668,0,0
AMC_PE,D,20140424,000000,5.8668,6.00995,5.72374,6.00995,0,0
AMC_PE,D,20140425,000000,5.79536,6.00995,5.72374,6.00995,0,0
AMC_PE,D,20140428,000000,5.93843,6.00995,5.72374,5.72374,0,0
AMC_PE,D,20140429,000000,5.72374,5.8668,5.65221,5.79536,0,0
AMC_PE,D,20140430,000000,5.72374,5.8668,5.72374,5.8668,0,0
AMC_PE,D,20140502,000000,5.79536,5.8668,5.72374,5.8668,0,0
AMC_PE,D,20140505,000000,5.8668,5.8668,5.79536,5.79536,0,0
AMC_PE,D,20140506,000000,5.72374,5.8668,5.72374,5.79536,0,0
AMC_PE,D,20140507,000000,5.79536,5.79536,5.50899,5.79536,0,0
AMC_PE,D,20140508,000000,5.8668,6.08148,5.79536,6.00995,0,0
AMC_PE,D,20140509,000000,6.00995,6.00995,5.93843,6.00995,0,0
AMC_PE,D,20140512,000000,6.00995,6.00995,5.79536,6.00995,0,0
AMC_PE,D,20140513,000000,6.00995,6.1531,6.00995,6.1531,0,0
AMC_PE,D,20140514,000000,6.1531,6.22453,6.1531,6.22453,0,0
AMC_PE,D,20140515,000000,6.22453,6.22453,6.08148,6.1531,0,0
AMC_PE,D,20140516,000000,6.22453,6.43912,6.22453,6.29625,0,0
AMC_PE,D,20140519,000000,6.36778,6.43912,6.36778,6.43912,0,0
AMC_PE,D,20140520,000000,6.51083,6.51083,6.51083,6.51083,0,0
AMC_PE,D,20140521,000000,6.51083,6.58236,6.51083,6.51083,0,0
AMC_PE,D,20140522,000000,6.51083,6.58236,6.51083,6.58236,0,0
AMC_PE,D,20140523,000000,6.6539,6.6539,6.51083,6.51083,0,0
AMC_PE,D,20140526,000000,6.51083,6.58236,6.51083,6.51083,0,0
AMC_PE,D,20140527,000000,6.58236,6.58236,6.51083,6.58236,0,0
AMC_PE,D,20140528,000000,6.58236,6.58236,6.58236,6.58236,0,0
AMC_PE,D,20140529,000000,6.58236,6.58236,6.43912,6.43912,0,0
AMC_PE,D,20140530,000000,6.43912,6.43912,6.36778,6.36778,0,0
AMC_PE,D,20140602,000000,6.36778,6.58236,6.36778,6.51083,0,0
AMC_PE,D,20140603,000000,6.43912,6.51083,6.43912,6.43912,0,0
AMC_PE,D,20140604,000000,6.43912,6.51083,6.43912,6.51083,0,0
AMC_PE,D,20140605,000000,6.51083,6.58236,6.43912,6.43912,0,0
AMC_PE,D,20140606,000000,6.43912,6.43912,6.36778,6.36778,0,0
AMC_PE,D,20140609,000000,6.43912,6.43912,6.36778,6.43912,0,0
AMC_PE,D,20140610,000000,6.6539,6.6539,6.6539,6.6539,0,0
AMC_PE,D,20140611,000000,6.6539,6.79695,6.6539,6.72542,0,0
AMC_PE,D,20140612,000000,6.72542,6.79695,6.58236,6.6539,0,0
AMC_PE,D,20140613,000000,6.6539,6.6539,6.58236,6.6539,0,0
AMC_PE,D,20140616,000000,6.6539,6.6539,6.43912,6.58236,0,0
AMC_PE,D,20140617,000000,6.6539,6.72542,6.58236,6.58236,0,0
AMC_PE,D,20140618,000000,6.65807,6.80594,6.65807,6.73201,0,0
AMC_PE,D,20140620,000000,6.80594,6.87988,6.73201,6.80594,0,0
AMC_PE,D,20140623,000000,6.73201,6.80594,6.73201,6.80594,0,0
AMC_PE,D,20140624,000000,6.80594,6.87988,6.80594,6.80594,0,0
AMC_PE,D,20140625,000000,6.80594,6.80594,6.51002,6.58406,0,0
AMC_PE,D,20140626,000000,6.43618,6.58406,6.43618,6.58406,0,0
AMC_PE,D,20140627,000000,6.65807,6.65807,6.51002,6.58406,0,0
AMC_PE,D,20140630,000000,6.51002,6.58406,6.51002,6.51002,0,0
AMC_PE,D,20140701,000000,6.51002,6.73201,6.51002,6.58406,0,0
AMC_PE,D,20140702,000000,6.58406,6.58406,6.51002,6.51002,0,0
AMC_PE,D,20140703,000000,6.51002,6.51002,6.43618,6.51002,0,0
AMC_PE,D,20140704,000000,6.58406,6.58406,6.43618,6.43618,0,0
AMC_PE,D,20140707,000000,6.43618,6.43618,6.43618,6.43618,0,0
AMC_PE,D,20140708,000000,6.51002,6.51002,6.51002,6.51002,0,0
AMC_PE,D,20140709,000000,6.51002,6.51002,6.43618,6.43618,0,0
AMC_PE,D,20140710,000000,6.43618,6.51002,6.43618,6.51002,0,0
AMC_PE,D,20140711,000000,6.51002,6.58406,6.51002,6.58406,0,0
AMC_PE,D,20140714,000000,6.58406,6.58406,6.51002,6.51002,0,0
AMC_PE,D,20140715,000000,6.51002,6.51002,6.43618,6.51002,0,0
AMC_PE,D,20140716,000000,6.51002,6.51002,6.43618,6.43618,0,0
AMC_PE,D,20140717,000000,6.28814,6.36217,6.21411,6.36217,0,0
AMC_PE,D,20140718,000000,6.36217,6.36217,6.28814,6.28814,0,0
AMC_PE,D,20140721,000000,6.28814,6.28814,6.14018,6.14018,0,0
AMC_PE,D,20140722,000000,6.21411,6.21411,6.14018,6.14018,0,0
AMC_PE,D,20140723,000000,6.14018,6.21411,6.14018,6.14018,0,0
AMC_PE,D,20140724,000000,6.14018,6.28814,6.14018,6.28814,0,0
AMC_PE,D,20140725,000000,6.28814,6.28814,6.21411,6.28814,0,0
AMC_PE,D,20140728,000000,6.28814,6.28814,6.14018,6.14018,0,0
AMC_PE,D,20140729,000000,6.14018,6.28814,6.14018,6.14018,0,0
AMC_PE,D,20140730,000000,6.14018,6.14018,5.84436,5.84436,0,0
AMC_PE,D,20140731,000000,5.99222,5.99222,5.84436,5.9182,0,0
AMC_PE,D,20140801,000000,5.9182,6.14018,5.9182,6.14018,0,0
AMC_PE,D,20140804,000000,6.14018,6.36217,6.14018,6.21411,0,0
AMC_PE,D,20140805,000000,6.28814,6.36217,6.14018,6.21411,0,0
AMC_PE,D,20140806,000000,6.21411,6.21411,5.9182,5.9182,0,0
AMC_PE,D,20140807,000000,5.9182,5.9182,5.47441,5.62237,0,0
AMC_PE,D,20140808,000000,5.62237,5.69631,5.47441,5.54827,0,0
AMC_PE,D,20140811,000000,5.54827,5.62237,5.54827,5.62237,0,0
AMC_PE,D,20140812,000000,5.62237,5.77034,5.62237,5.69631,0,0
AMC_PE,D,20140813,000000,5.69631,5.69631,5.69631,5.69631,0,0
AMC_PE,D,20140814,000000,5.69631,5.9182,5.54827,5.9182,0,0
AMC_PE,D,20140818,000000,5.9182,5.9182,5.69631,5.84436,0,0
AMC_PE,D,20140819,000000,5.84436,5.9182,5.84436,5.9182,0,0
AMC_PE,D,20140820,000000,5.9182,6.06625,5.9182,6.06625,0,0
AMC_PE,D,20140821,000000,6.06625,6.21411,6.06625,6.14018,0,0
AMC_PE,D,20140822,000000,6.14018,6.28814,6.14018,6.28814,0,0
AMC_PE,D,20140825,000000,6.28814,6.36217,6.21411,6.36217,0,0
AMC_PE,D,20140826,000000,6.36217,6.43618,6.36217,6.36217,0,0
AMC_PE,D,20140827,000000,6.36217,6.43618,6.28814,6.43618,0,0
AMC_PE,D,20140828,000000,6.43618,6.43618,6.21411,6.21411,0,0
AMC_PE,D,20140829,000000,6.21411,6.51002,6.21411,6.43618,0,0
AMC_PE,D,20140901,000000,6.58406,6.58406,6.43618,6.58406,0,0
AMC_PE,D,20140902,000000,6.58406,6.58406,5.62237,5.62237,0,0
AMC_PE,D,20140903,000000,5.54827,5.84436,5.54827,5.77034,0,0
AMC_PE,D,20140904,000000,5.77034,5.9182,5.77034,5.84436,0,0
AMC_PE,D,20140905,000000,5.84436,5.9182,5.84436,5.9182,0,0
AMC_PE,D,20140908,000000,5.84436,5.9182,5.77034,5.9182,0,0
AMC_PE,D,20140909,000000,5.9182,5.99222,5.9182,5.99222,0,0
AMC_PE,D,20140910,000000,5.99222,5.99222,5.84436,5.9182,0,0
AMC_PE,D,20140911,000000,5.9182,5.9182,5.77034,5.77034,0,0
AMC_PE,D,20140912,000000,5.77034,5.84436,5.77034,5.84436,0,0
AMC_PE,D,20140915,000000,5.84436,5.99222,5.84436,5.84436,0,0
AMC_PE,D,20140916,000000,5.9182,5.9182,5.77034,5.84436,0,0
AMC_PE,D,20140917,000000,5.84436,5.99222,5.77034,5.9182,0,0
AMC_PE,D,20140918,000000,5.9182,5.9182,5.9182,5.9182,0,0
AMC_PE,D,20140919,000000,5.9182,5.9182,5.84436,5.84436,0,0
AMC_PE,D,20140922,000000,5.77034,5.77034,5.77034,5.77034,0,0
AMC_PE,D,20140923,000000,5.84436,5.84436,5.77034,5.84436,0,0
AMC_PE,D,20140924,000000,5.84436,5.9182,5.84436,5.9182,0,0
AMC_PE,D,20140925,000000,5.84436,5.84436,5.77034,5.77034,0,0
AMC_PE,D,20140926,000000,5.77034,5.84436,5.77034,5.84436,0,0
AMC_PE,D,20140929,000000,5.77034,5.9182,5.77034,5.9182,0,0
AMC_PE,D,20140930,000000,5.9182,5.9182,5.77034,5.9182,0,0
AMC_PE,D,20141001,000000,5.9182,5.9182,5.77034,5.84436,0,0
AMC_PE,D,20141002,000000,5.77034,5.77034,5.77034,5.77034,0,0
AMC_PE,D,20141003,000000,5.77034,5.99222,5.77034,5.9182,0,0
AMC_PE,D,20141006,000000,5.84436,6.21411,5.84436,6.06625,0,0
AMC_PE,D,20141007,000000,6.14018,6.14018,6.06625,6.06625,0,0
AMC_PE,D,20141008,000000,6.06625,6.06625,5.99222,5.99222,0,0
AMC_PE,D,20141009,000000,6.06625,6.06625,6.06625,6.06625,0,0
AMC_PE,D,20141010,000000,5.99222,5.99222,5.77034,5.77034,0,0
AMC_PE,D,20141013,000000,5.77034,5.77034,5.62237,5.69631,0,0
AMC_PE,D,20141014,000000,5.62237,5.69631,5.62237,5.69631,0,0
AMC_PE,D,20141015,000000,5.69631,5.69631,5.54827,5.69631,0,0
AMC_PE,D,20141016,000000,5.62237,5.77034,5.62237,5.77034,0,0
AMC_PE,D,20141017,000000,5.77034,5.77034,5.77034,5.77034,0,0
AMC_PE,D,20141020,000000,5.77034,5.77034,5.69631,5.77034,0,0
AMC_PE,D,20141021,000000,5.77034,5.84436,5.77034,5.84436,0,0
AMC_PE,D,20141022,000000,5.9182,5.9182,5.77034,5.77034,0,0
AMC_PE,D,20141023,000000,5.77034,5.77034,5.77034,5.77034,0,0
AMC_PE,D,20141024,000000,5.77034,5.77034,5.77034,5.77034,0,0
AMC_PE,D,20141027,000000,5.77034,5.77034,5.77034,5.77034,0,0
AMC_PE,D,20141028,000000,5.69631,5.84436,5.69631,5.84436,0,0
AMC_PE,D,20141029,000000,5.9182,5.9182,5.77034,5.9182,0,0
AMC_PE,D,20141030,000000,5.84436,5.9182,5.84436,5.84436,0,0
AMC_PE,D,20141031,000000,5.9182,5.9182,5.84436,5.9182,0,0
AMC_PE,D,20141103,000000,5.99222,6.21411,5.99222,6.21411,0,0
AMC_PE,D,20141104,000000,6.36217,6.36217,6.21411,6.36217,0,0
AMC_PE,D,20141105,000000,6.36217,6.36217,6.28814,6.28814,0,0
AMC_PE,D,20141106,000000,6.28814,6.28814,5.99222,5.99222,0,0
AMC_PE,D,20141107,000000,5.99222,5.99222,5.84436,5.9182,0,0
AMC_PE,D,20141110,000000,5.9182,5.9182,5.84436,5.9182,0,0
AMC_PE,D,20141112,000000,5.9182,6.06625,5.9182,6.06625,0,0
AMC_PE,D,20141113,000000,6.14018,6.21411,5.99222,6.06625,0,0
AMC_PE,D,20141114,000000,6.14018,6.21411,6.06625,6.21411,0,0
AMC_PE,D,20141117,000000,6.21411,7.69439,6.14018,7.69439,0,0
AMC_PE,D,20141118,000000,7.62047,7.84155,7.546,7.69439,0,0
AMC_PE,D,20141119,000000,7.69439,7.69439,7.62047,7.69439,0,0
AMC_PE,D,20141120,000000,7.69439,7.69439,7.546,7.69439,0,0
AMC_PE,D,20141121,000000,7.76726,7.76726,7.69439,7.69439,0,0
AMC_PE,D,20141124,000000,7.69439,7.69439,7.62047,7.69439,0,0
AMC_PE,D,20141125,000000,7.69439,7.69439,7.62047,7.69439,0,0
AMC_PE,D,20141126,000000,7.62047,7.62047,7.47162,7.47162,0,0
AMC_PE,D,20141127,000000,7.546,7.69439,7.546,7.62047,0,0
AMC_PE,D,20141128,000000,7.62047,7.62047,7.32375,7.546,0,0
AMC_PE,D,20141201,000000,7.546,7.546,7.47162,7.546,0,0
AMC_PE,D,20141202,000000,7.47162,7.62047,7.47162,7.62047,0,0
AMC_PE,D,20141203,000000,7.62047,7.62047,7.546,7.62047,0,0
AMC_PE,D,20141204,000000,7.62047,7.62047,7.47162,7.47162,0,0
AMC_PE,D,20141205,000000,7.546,7.546,7.47162,7.47162,0,0
AMC_PE,D,20141208,000000,7.47162,7.546,7.47162,7.546,0,0
AMC_PE,D,20141209,000000,7.47162,7.546,7.47162,7.47162,0,0
AMC_PE,D,20141210,000000,7.39768,7.546,7.39768,7.546,0,0
AMC_PE,D,20141211,000000,7.546,7.546,7.47162,7.47162,0,0
AMC_PE,D,20141212,000000,7.47162,7.47162,7.39768,7.39768,0,0
AMC_PE,D,20141215,000000,7.39768,7.47162,7.32375,7.39768,0,0
AMC_PE,D,20141216,000000,7.39768,7.39768,7.028,7.10194,0,0
AMC_PE,D,20141217,000000,6.95409,7.24999,6.87988,7.24999,0,0
AMC_PE,D,20141218,000000,7.24999,7.39768,7.24999,7.24999,0,0
AMC_PE,D,20141219,000000,7.32375,7.47162,7.32375,7.47162,0,0
AMC_PE,D,20141222,000000,7.39768,7.39768,7.24999,7.32375,0,0
AMC_PE,D,20141223,000000,7.24999,7.39768,7.17624,7.32375,0,0
AMC_PE,D,20141229,000000,7.24999,7.39768,7.24999,7.32375,0,0
AMC_PE,D,20141230,000000,7.39768,7.39768,7.32375,7.32375,0,0
AMC_PE,D,20150102,000000,7.32375,7.32375,7.24999,7.24999,0,0
AMC_PE,D,20150105,000000,7.24999,7.24999,7.17624,7.24999,0,0
AMC_PE,D,20150107,000000,7.32375,7.32375,7.028,7.17624,0,0
AMC_PE,D,20150108,000000,7.17624,7.24999,7.10194,7.24999,0,0
AMC_PE,D,20150109,000000,7.24999,7.24999,7.17624,7.24999,0,0
AMC_PE,D,20150112,000000,7.24999,7.24999,7.10194,7.17624,0,0
AMC_PE,D,20150113,000000,7.17624,7.17624,7.028,7.10194,0,0
AMC_PE,D,20150114,000000,7.10194,7.10194,6.80594,6.80594,0,0
AMC_PE,D,20150115,000000,6.80594,6.87988,6.58406,6.65807,0,0
AMC_PE,D,20150116,000000,6.65807,6.73201,6.58406,6.65807,0,0
AMC_PE,D,20150119,000000,6.73201,6.73201,6.65807,6.65807,0,0
AMC_PE,D,20150120,000000,6.65807,6.73201,6.65807,6.65807,0,0
AMC_PE,D,20150121,000000,6.73201,6.73201,6.58406,6.65807,0,0
AMC_PE,D,20150122,000000,6.73201,6.73201,6.65807,6.73201,0,0
AMC_PE,D,20150123,000000,6.73201,7.10194,6.73201,7.10194,0,0
AMC_PE,D,20150126,000000,7.10194,7.24999,7.10194,7.24999,0,0
AMC_PE,D,20150127,000000,7.24999,7.32375,7.10194,7.17624,0,0
AMC_PE,D,20150128,000000,7.10194,7.17624,7.028,7.17624,0,0
AMC_PE,D,20150129,000000,7.17624,7.24999,7.17624,7.24999,0,0
AMC_PE,D,20150130,000000,7.24999,7.24999,7.24999,7.24999,0,0
AMC_PE,D,20150202,000000,7.24999,7.24999,7.24999,7.24999,0,0
AMC_PE,D,20150203,000000,7.24999,7.546,7.24999,7.47162,0,0
AMC_PE,D,20150204,000000,7.47162,7.546,7.32375,7.47162,0,0
AMC_PE,D,20150205,000000,7.39768,7.47162,7.39768,7.39768,0,0
AMC_PE,D,20150206,000000,7.32375,7.39768,7.24999,7.39768,0,0
AMC_PE,D,20150209,000000,7.32375,7.39768,7.24999,7.39768,0,0
AMC_PE,D,20150210,000000,7.39768,7.47162,7.32375,7.39768,0,0
AMC_PE,D,20150211,000000,7.47162,7.47162,7.39768,7.47162,0,0
AMC_PE,D,20150212,000000,7.47162,7.47162,7.32375,7.39768,0,0
AMC_PE,D,20150213,000000,7.47162,7.47162,7.32375,7.39768,0,0
AMC_PE,D,20150216,000000,7.39768,7.39768,7.39768,7.39768,0,0
AMC_PE,D,20150217,000000,7.32375,7.546,7.32375,7.546,0,0
AMC_PE,D,20150218,000000,7.546,7.62047,7.546,7.546,0,0
AMC_PE,D,20150219,000000,7.546,7.546,7.39768,7.39768,0,0
AMC_PE,D,20150220,000000,7.39768,7.47162,7.39768,7.47162,0,0
AMC_PE,D,20150223,000000,7.47162,8.2848,7.47162,7.99014,0,0
AMC_PE,D,20150224,000000,7.99014,8.13693,7.99014,7.99014,0,0
AMC_PE,D,20150225,000000,7.99014,8.2848,7.91513,8.2848,0,0
AMC_PE,D,20150226,000000,8.36043,8.43347,8.2848,8.36043,0,0
AMC_PE,D,20150227,000000,8.36043,8.36043,8.13693,8.13693,0,0
AMC_PE,D,20150302,000000,8.43347,9.32105,8.43347,9.32105,0,0
AMC_PE,D,20150303,000000,9.32105,9.46801,9.32105,9.46801,0,0
AMC_PE,D,20150304,000000,9.46801,9.5428,9.39406,9.5428,0,0
AMC_PE,D,20150305,000000,9.5428,9.76469,9.46801,9.76469,0,0
AMC_PE,D,20150306,000000,9.6916,9.76469,9.6916,9.76469,0,0
AMC_PE,D,20150309,000000,9.76469,9.76469,9.6916,9.76469,0,0
AMC_PE,D,20150310,000000,9.76469,9.9134,9.6916,9.83943,0,0
AMC_PE,D,20150311,000000,9.83943,9.83943,9.6916,9.83943,0,0
AMC_PE,D,20150312,000000,9.76469,10.2831,9.76469,10.2831,0,0
AMC_PE,D,20150313,000000,10.2831,10.4309,10.1343,10.357,0,0
AMC_PE,D,20150316,000000,10.357,10.5048,10.357,10.5048,0,0
AMC_PE,D,20150317,000000,10.5048,10.7258,10.4309,10.6528,0,0
AMC_PE,D,20150318,000000,10.6528,10.9485,10.2831,10.9485,0,0
AMC_PE,D,20150319,000000,10.9485,11.0224,10.8006,10.9485,0,0
AMC_PE,D,20150320,000000,10.9485,10.9485,10.7258,10.9485,0,0
AMC_PE,D,20150323,000000,10.9485,10.9485,10.7258,10.8754,0,0
AMC_PE,D,20150324,000000,10.8754,10.9485,10.8006,10.8754,0,0
AMC_PE,D,20150325,000000,10.8006,10.8754,10.8006,10.8754,0,0
AMC_PE,D,20150326,000000,10.8754,10.8754,10.4309,10.8754,0,0
AMC_PE,D,20150327,000000,10.7258,10.8754,10.6528,10.8006,0,0
AMC_PE,D,20150330,000000,10.8006,10.8754,10.7258,10.8754,0,0
AMC_PE,D,20150331,000000,10.8006,10.9485,10.8006,10.9485,0,0
AMC_PE,D,20150401,000000,10.9485,11.0224,10.8754,10.8754,0,0
AMC_PE,D,20150402,000000,10.8754,10.8754,10.7258,10.8006,0,0
AMC_PE,D,20150407,000000,10.8006,10.8006,10.5048,10.6528,0,0
AMC_PE,D,20150408,000000,10.7258,10.7258,10.6528,10.6528,0,0
AMC_PE,D,20150409,000000,10.6528,10.8006,10.6528,10.6528,0,0
AMC_PE,D,20150410,000000,10.6528,10.8006,10.6528,10.7258,0,0
AMC_PE,D,20150413,000000,10.8754,10.8754,10.6528,10.6528,0,0
AMC_PE,D,20150414,000000,10.7258,10.8006,10.6528,10.8006,0,0
AMC_PE,D,20150415,000000,10.8006,10.8754,10.8006,10.8006,0,0
AMC_PE,D,20150416,000000,10.8754,10.9485,10.7258,10.8754,0,0
AMC_PE,D,20150417,000000,10.8754,10.8754,10.8006,10.8754,0,0
AMC_PE,D,20150420,000000,10.8754,11.54,10.8754,11.54,0,0
AMC_PE,D,20150421,000000,11.54,11.54,11.3921,11.4652,0,0
AMC_PE,D,20150422,000000,11.4652,11.6887,11.3921,11.54,0,0
AMC_PE,D,20150423,000000,11.54,11.6887,11.54,11.6147,0,0
AMC_PE,D,20150424,000000,11.54,11.6147,11.4652,11.6147,0,0
AMC_PE,D,20150427,000000,11.54,11.6147,11.3191,11.4652,0,0
AMC_PE,D,20150428,000000,11.4652,11.54,11.4652,11.4652,0,0
AMC_PE,D,20150429,000000,11.54,11.6147,11.3921,11.54,0,0
AMC_PE,D,20150430,000000,11.54,11.6147,11.4652,11.54,0,0
AMC_PE,D,20150504,000000,11.3921,11.6147,11.3921,11.6147,0,0
AMC_PE,D,20150505,000000,11.6147,11.6147,11.54,11.54,0,0
AMC_PE,D,20150506,000000,11.54,11.54,11.4652,11.54,0,0
AMC_PE,D,20150507,000000,11.54,11.54,11.4652,11.54,0,0
AMC_PE,D,20150508,000000,11.54,11.6147,11.3921,11.6147,0,0
AMC_PE,D,20150511,000000,11.6147,11.6887,11.54,11.6147,0,0
AMC_PE,D,20150512,000000,11.54,11.6147,11.4652,11.54,0,0
AMC_PE,D,20150513,000000,11.54,11.54,11.3191,11.4652,0,0
AMC_PE,D,20150514,000000,11.54,11.7627,11.54,11.7627,0,0
AMC_PE,D,20150515,000000,11.7627,11.9845,11.7627,11.8366,0,0
AMC_PE,D,20150518,000000,12.1332,12.1332,10.9485,10.9485,0,0
AMC_PE,D,20150519,000000,10.9485,11.1703,10.9485,11.0963,0,0
AMC_PE,D,20150520,000000,11.0963,11.0963,10.8754,11.0963,0,0
AMC_PE,D,20150521,000000,11.0963,11.0963,11.0224,11.0963,0,0
AMC_PE,D,20150522,000000,11.0963,11.1703,10.9485,11.0963,0,0
AMC_PE,D,20150525,000000,11.0963,11.0963,10.5048,10.8754,0,0
AMC_PE,D,20150526,000000,10.5788,10.8754,10.5788,10.8754,0,0
AMC_PE,D,20150527,000000,10.8754,10.8754,10.5788,10.8754,0,0
AMC_PE,D,20150528,000000,10.8754,10.9485,10.8006,10.9485,0,0
AMC_PE,D,20150529,000000,10.9485,11.0963,10.8006,11.0963,0,0
AMC_PE,D,20150601,000000,11.0963,11.54,11.0963,11.3921,0,0
AMC_PE,D,20150602,000000,11.4652,11.4652,11.3921,11.3921,0,0
AMC_PE,D,20150603,000000,11.4652,11.4652,11.2451,11.3191,0,0
AMC_PE,D,20150605,000000,11.3191,11.3921,11.2451,11.3921,0,0
AMC_PE,D,20150608,000000,11.3191,11.3191,11.2451,11.2451,0,0
AMC_PE,D,20150609,000000,11.2451,11.2451,11.0963,11.2451,0,0
AMC_PE,D,20150610,000000,11.1703,11.3921,11.1703,11.2451,0,0
AMC_PE,D,20150611,000000,11.3191,11.3191,11.2451,11.3191,0,0
AMC_PE,D,20150612,000000,11.3191,11.3921,11.2451,11.3191,0,0
AMC_PE,D,20150615,000000,11.3191,11.3191,11.2451,11.3191,0,0
AMC_PE,D,20150616,000000,11.3191,11.3191,10.8754,11.0224,0,0
AMC_PE,D,20150617,000000,11.0224,11.0224,10.5788,10.5788,0,0
AMC_PE,D,20150618,000000,10.4309,10.6528,10.2092,10.6528,0,0
AMC_PE,D,20150619,000000,10.6528,10.8006,10.5788,10.6528,0,0
AMC_PE,D,20150622,000000,10.6528,11.1703,10.6528,11.1703,0,0
AMC_PE,D,20150623,000000,11.0963,11.1703,11.0224,11.0963,0,0
AMC_PE,D,20150624,000000,11.0963,11.0963,10.7258,10.9485,0,0
AMC_PE,D,20150625,000000,11.0768,11.0768,10.8496,11.001,0,0
AMC_PE,D,20150626,000000,10.9262,11.1516,10.7739,10.8496,0,0
AMC_PE,D,20150629,000000,10.1717,10.7739,10.1717,10.7739,0,0
AMC_PE,D,20150630,000000,10.7,10.7739,10.5494,10.7739,0,0
AMC_PE,D,20150701,000000,10.7739,10.8496,10.7,10.7739,0,0
AMC_PE,D,20150702,000000,10.8496,11.001,10.7739,10.9262,0,0
AMC_PE,D,20150703,000000,11.001,11.001,10.7739,10.8496,0,0
AMC_PE,D,20150706,000000,10.5494,10.7,10.5494,10.6243,0,0
AMC_PE,D,20150707,000000,10.5494,10.6243,10.3232,10.3232,0,0
AMC_PE,D,20150708,000000,10.1717,10.3232,10.1717,10.2475,0,0
AMC_PE,D,20150709,000000,10.1717,10.2475,9.94637,10.2475,0,0
AMC_PE,D,20150710,000000,10.3232,10.8496,10.3232,10.6243,0,0
AMC_PE,D,20150713,000000,10.7739,11.001,10.6243,10.6243,0,0
AMC_PE,D,20150714,000000,10.8496,10.9262,10.7739,10.8496,0,0
AMC_PE,D,20150715,000000,10.8496,10.8496,10.7739,10.8496,0,0
AMC_PE,D,20150716,000000,11.0768,11.3778,11.0768,11.3778,0,0
AMC_PE,D,20150717,000000,11.4536,11.4536,11.4536,11.4536,0,0
AMC_PE,D,20150720,000000,11.6771,11.6771,11.6771,11.6771,0,0
AMC_PE,D,20150721,000000,11.8295,11.8295,11.4536,11.6031,0,0
AMC_PE,D,20150722,000000,11.6031,11.6031,11.0768,11.303,0,0
AMC_PE,D,20150723,000000,11.4536,11.5284,11.303,11.4536,0,0
AMC_PE,D,20150724,000000,11.4536,11.6031,11.2264,11.4536,0,0
AMC_PE,D,20150727,000000,11.4536,11.5284,11.303,11.5284,0,0
AMC_PE,D,20150728,000000,11.5284,11.6771,11.5284,11.6771,0,0
AMC_PE,D,20150729,000000,11.6771,11.8295,11.6771,11.8295,0,0
AMC_PE,D,20150730,000000,11.8295,11.8295,11.6031,11.7546,0,0
AMC_PE,D,20150731,000000,11.7546,11.8295,11.6771,11.7546,0,0
AMC_PE,D,20150803,000000,11.7546,11.7546,11.6771,11.7546,0,0
AMC_PE,D,20150804,000000,11.7546,11.7546,11.6771,11.6771,0,0
AMC_PE,D,20150805,000000,11.6771,11.7546,11.6771,11.6771,0,0
AMC_PE,D,20150806,000000,11.6771,11.6771,11.5284,11.6771,0,0
AMC_PE,D,20150807,000000,11.6771,11.6771,11.5284,11.6771,0,0
AMC_PE,D,20150810,000000,11.6771,11.6771,11.6031,11.6771,0,0
AMC_PE,D,20150811,000000,11.6771,11.6771,11.5284,11.5284,0,0
AMC_PE,D,20150812,000000,11.6031,11.6771,11.5284,11.6031,0,0
AMC_PE,D,20150813,000000,11.6771,11.6771,11.6031,11.6031,0,0
AMC_PE,D,20150814,000000,11.5284,11.6031,11.5284,11.5284,0,0
AMC_PE,D,20150817,000000,11.6031,11.6031,11.1516,11.303,0,0
AMC_PE,D,20150818,000000,11.2264,11.3778,11.2264,11.303,0,0
AMC_PE,D,20150819,000000,11.303,11.4536,11.303,11.4536,0,0
AMC_PE,D,20150820,000000,11.4536,11.4536,10.9262,11.3778,0,0
AMC_PE,D,20150821,000000,11.1516,11.3778,11.001,11.1516,0,0
AMC_PE,D,20150824,000000,10.7,10.7,9.94637,10.2475,0,0
AMC_PE,D,20150825,000000,9.94637,10.7739,9.94637,10.5494,0,0
AMC_PE,D,20150826,000000,10.5494,10.6243,10.0969,10.0969,0,0
AMC_PE,D,20150827,000000,10.3232,10.7,10.3232,10.6243,0,0
AMC_PE,D,20150828,000000,10.7739,11.1516,10.6243,10.7739,0,0
AMC_PE,D,20150831,000000,10.7739,10.7739,10.7,10.7,0,0
AMC_PE,D,20150901,000000,10.3989,11.1516,10.3989,11.1516,0,0
AMC_PE,D,20150902,000000,11.0768,11.1516,10.9262,11.001,0,0
AMC_PE,D,20150903,000000,11.1516,11.303,11.0768,11.0768,0,0
AMC_PE,D,20150904,000000,11.0768,11.6771,11.001,11.2264,0,0
AMC_PE,D,20150907,000000,11.303,11.4536,11.001,11.1516,0,0
AMC_PE,D,20150908,000000,11.4536,11.5284,11.303,11.5284,0,0
AMC_PE,D,20150909,000000,11.6771,11.6771,11.4536,11.6031,0,0
AMC_PE,D,20150910,000000,11.6031,11.6771,11.4536,11.6771,0,0
AMC_PE,D,20150911,000000,11.6771,11.6771,11.303,11.3778,0,0
AMC_PE,D,20150914,000000,11.3778,11.5284,11.3778,11.3778,0,0
AMC_PE,D,20150915,000000,11.3778,11.3778,11.2264,11.3778,0,0
AMC_PE,D,20150916,000000,11.3778,11.3778,11.2264,11.3778,0,0
AMC_PE,D,20150917,000000,11.303,11.3778,11.0768,11.1516,0,0
AMC_PE,D,20150918,000000,11.0768,11.303,11.001,11.0768,0,0
AMC_PE,D,20150921,000000,11.0768,11.1516,11.001,11.1516,0,0
AMC_PE,D,20150922,000000,11.0768,11.303,11.0768,11.1516,0,0
AMC_PE,D,20150923,000000,11.2264,11.6771,11.2264,11.303,0,0
AMC_PE,D,20150924,000000,11.303,11.5284,11.2264,11.3778,0,0
AMC_PE,D,20150925,000000,11.4536,11.4536,11.4536,11.4536,0,0
AMC_PE,D,20150928,000000,11.3778,11.4536,11.0768,11.1516,0,0
AMC_PE,D,20150929,000000,11.001,11.001,10.7739,10.8496,0,0
AMC_PE,D,20150930,000000,11.001,11.001,10.8496,10.9262,0,0
AMC_PE,D,20151001,000000,10.9262,11.0768,10.9262,11.0768,0,0
AMC_PE,D,20151002,000000,11.303,11.303,11.0768,11.1516,0,0
AMC_PE,D,20151005,000000,11.1516,11.3778,11.001,11.3778,0,0
AMC_PE,D,20151006,000000,11.3778,11.3778,11.1516,11.2264,0,0
AMC_PE,D,20151007,000000,11.2264,11.303,11.0768,11.303,0,0
AMC_PE,D,20151008,000000,11.303,11.3778,11.2264,11.3778,0,0
AMC_PE,D,20151009,000000,11.3778,11.6771,11.303,11.6771,0,0
AMC_PE,D,20151012,000000,11.6031,11.6031,11.4536,11.6031,0,0
AMC_PE,D,20151013,000000,11.6031,11.9052,11.6031,11.7546,0,0
AMC_PE,D,20151014,000000,11.7546,11.7546,11.5284,11.6031,0,0
AMC_PE,D,20151015,000000,11.5284,11.6031,11.4536,11.6031,0,0
AMC_PE,D,20151016,000000,11.5284,11.6031,11.4536,11.6031,0,0
AMC_PE,D,20151019,000000,11.4536,11.6031,11.4536,11.5284,0,0
AMC_PE,D,20151020,000000,11.6031,11.6771,11.5284,11.6031,0,0
AMC_PE,D,20151021,000000,11.6031,11.7546,11.6031,11.7546,0,0
AMC_PE,D,20151022,000000,11.7546,11.7546,11.6771,11.6771,0,0
AMC_PE,D,20151023,000000,11.6771,11.9799,11.6771,11.9799,0,0
AMC_PE,D,20151026,000000,11.9799,12.1314,11.9799,11.9799,0,0
AMC_PE,D,20151027,000000,11.9799,12.0557,11.9052,11.9799,0,0
AMC_PE,D,20151028,000000,11.9799,11.9799,11.9052,11.9052,0,0
AMC_PE,D,20151029,000000,11.9052,11.9052,11.7546,11.8295,0,0
AMC_PE,D,20151030,000000,11.8295,11.8295,11.7546,11.7546,0,0
AMC_PE,D,20151102,000000,11.9052,12.0557,11.7546,11.9799,0,0
AMC_PE,D,20151103,000000,12.0557,12.3568,12.0557,12.3568,0,0
AMC_PE,D,20151104,000000,12.4317,12.7345,12.4317,12.7345,0,0
AMC_PE,D,20151105,000000,12.7345,12.8084,12.4317,12.4317,0,0
AMC_PE,D,20151106,000000,12.5064,12.8084,12.4317,12.6587,0,0
AMC_PE,D,20151109,000000,12.5831,12.8084,12.5064,12.6587,0,0
AMC_PE,D,20151110,000000,12.8084,13.1861,12.5831,13.0346,0,0
AMC_PE,D,20151112,000000,13.1104,13.1104,12.8842,13.1104,0,0
AMC_PE,D,20151113,000000,13.1104,13.1104,12.8842,13.0346,0,0
AMC_PE,D,20151116,000000,13.1104,13.1104,11.4536,11.4536,0,0
AMC_PE,D,20151117,000000,11.4536,11.4536,11.2264,11.4536,0,0
AMC_PE,D,20151118,000000,11.4536,11.4536,11.3778,11.3778,0,0
AMC_PE,D,20151119,000000,11.4536,11.4536,11.1516,11.2264,0,0
AMC_PE,D,20151120,000000,11.303,11.303,11.001,11.1516,0,0
AMC_PE,D,20151123,000000,11.1516,11.2264,11.1516,11.1516,0,0
AMC_PE,D,20151124,000000,11.001,11.0768,11.001,11.0768,0,0
AMC_PE,D,20151125,000000,10.9262,11.001,10.7,10.7739,0,0
AMC_PE,D,20151126,000000,10.9262,11.0768,10.7,10.8496,0,0
AMC_PE,D,20151127,000000,11.001,11.001,10.6243,10.6243,0,0
AMC_PE,D,20151130,000000,10.6243,10.8496,10.6243,10.8496,0,0
AMC_PE,D,20151201,000000,10.8496,11.1516,10.8496,10.9262,0,0
AMC_PE,D,20151202,000000,11.001,11.0768,10.7,10.7739,0,0
AMC_PE,D,20151203,000000,10.7,11.001,10.6243,11.001,0,0
AMC_PE,D,20151204,000000,10.8496,10.9262,10.7,10.9262,0,0
AMC_PE,D,20151207,000000,11.0768,11.0768,10.7,10.7739,0,0
AMC_PE,D,20151208,000000,10.7739,10.8496,10.7739,10.8496,0,0
AMC_PE,D,20151209,000000,10.8496,10.9262,10.5494,10.7,0,0
AMC_PE,D,20151210,000000,10.6243,11.001,10.6243,10.9262,0,0
AMC_PE,D,20151211,000000,10.9262,11.001,10.7,10.9262,0,0
AMC_PE,D,20151214,000000,10.7739,10.7739,10.4746,10.5494,0,0
AMC_PE,D,20151215,000000,10.3232,10.7739,10.3232,10.7739,0,0
AMC_PE,D,20151216,000000,10.9262,11.001,10.8496,10.8496,0,0
AMC_PE,D,20151217,000000,10.9262,10.9262,10.7739,10.8496,0,0
AMC_PE,D,20151218,000000,10.8496,10.8496,10.7,10.8496,0,0
AMC_PE,D,20151221,000000,10.8496,10.9262,10.8496,10.9262,0,0
AMC_PE,D,20151222,000000,10.9262,11.001,10.8496,10.8496,0,0
AMC_PE,D,20151223,000000,10.9262,11.001,10.9262,11.001,0,0
AMC_PE,D,20151228,000000,11.001,11.001,10.8496,11.001,0,0
AMC_PE,D,20151229,000000,11.001,11.5284,11.001,11.4536,0,0
AMC_PE,D,20151230,000000,11.5284,11.5284,10.9262,11.0768,0,0
AMC_PE,D,20160104,000000,10.9262,10.9262,10.7739,10.7739,0,0
AMC_PE,D,20160105,000000,10.7739,10.8496,10.7739,10.8496,0,0
AMC_PE,D,20160107,000000,10.7739,10.7739,10.5494,10.7,0,0
AMC_PE,D,20160108,000000,10.7,10.8496,10.7,10.7739,0,0
AMC_PE,D,20160111,000000,10.8496,10.8496,10.3232,10.4746,0,0
AMC_PE,D,20160112,000000,10.4746,10.7,10.4746,10.7,0,0
AMC_PE,D,20160113,000000,10.7,10.8496,10.7,10.8496,0,0
AMC_PE,D,20160114,000000,10.8496,10.8496,10.6243,10.7,0,0
AMC_PE,D,20160115,000000,10.8496,10.8496,10.6243,10.7,0,0
AMC_PE,D,20160118,000000,10.7,10.7739,10.3989,10.4746,0,0
AMC_PE,D,20160119,000000,10.6243,10.6243,10.3989,10.4746,0,0
AMC_PE,D,20160120,000000,10.4746,10.4746,9.94637,10.0221,0,0
AMC_PE,D,20160121,000000,10.0221,10.1717,10.0221,10.0969,0,0
AMC_PE,D,20160122,000000,10.1717,10.3232,10.0221,10.2475,0,0
AMC_PE,D,20160125,000000,10.3989,10.6243,10.3232,10.4746,0,0
AMC_PE,D,20160126,000000,10.1717,10.5494,10.1717,10.3989,0,0
AMC_PE,D,20160127,000000,10.3232,10.4746,10.2475,10.2475,0,0
AMC_PE,D,20160128,000000,10.2475,10.3989,10.1717,10.3989,0,0
AMC_PE,D,20160129,000000,10.3989,10.6243,10.3989,10.5494,0,0
AMC_PE,D,20160201,000000,10.4746,10.7,10.4746,10.6243,0,0
AMC_PE,D,20160202,000000,10.7,10.7,10.6243,10.7,0,0
AMC_PE,D,20160203,000000,10.7,10.7,10.6243,10.6243,0,0
AMC_PE,D,20160204,000000,10.6243,10.6243,10.5494,10.6243,0,0
AMC_PE,D,20160205,000000,10.7,10.7739,10.6243,10.7,0,0
AMC_PE,D,20160208,000000,10.7,10.7,10.4746,10.5494,0,0
AMC_PE,D,20160209,000000,10.4746,10.5494,10.4746,10.5494,0,0
AMC_PE,D,20160210,000000,10.5494,10.5494,10.3989,10.3989,0,0
AMC_PE,D,20160211,000000,10.3232,10.3989,10.1717,10.2475,0,0
AMC_PE,D,20160212,000000,10.1717,10.2475,10.0969,10.0969,0,0
AMC_PE,D,20160215,000000,10.2475,10.3232,10.1717,10.2475,0,0
AMC_PE,D,20160216,000000,10.3232,10.3232,10.0969,10.2475,0,0
AMC_PE,D,20160217,000000,10.2475,10.4746,10.2475,10.4746,0,0
AMC_PE,D,20160218,000000,10.4746,10.4746,10.4746,10.4746,0,0
AMC_PE,D,20160219,000000,10.4746,10.4746,10.3232,10.3989,0,0
AMC_PE,D,20160222,000000,10.5494,10.5494,10.3989,10.3989,0,0
AMC_PE,D,20160223,000000,10.3989,10.5494,10.3989,10.5494,0,0
AMC_PE,D,20160224,000000,10.5494,10.6243,10.3989,10.6243,0,0
AMC_PE,D,20160225,000000,10.5494,10.6243,10.4746,10.5494,0,0
AMC_PE,D,20160226,000000,10.6243,11.001,10.6243,10.9262,0,0
AMC_PE,D,20160229,000000,10.9262,11.303,10.9262,11.1516,0,0
AMC_PE,D,20160301,000000,11.001,11.0768,10.6243,10.6243,0,0
AMC_PE,D,20160302,000000,10.6243,10.6243,10.4746,10.4746,0,0
AMC_PE,D,20160303,000000,10.4746,10.6243,10.3232,10.4746,0,0
AMC_PE,D,20160304,000000,10.5494,10.7,10.4746,10.7,0,0
AMC_PE,D,20160307,000000,10.6243,10.7,10.5494,10.6243,0,0
AMC_PE,D,20160308,000000,10.4746,10.7,10.4746,10.7,0,0
AMC_PE,D,20160309,000000,10.7,10.7739,10.5494,10.7,0,0
AMC_PE,D,20160310,000000,10.7,10.7739,10.7,10.7739,0,0
AMC_PE,D,20160311,000000,10.7739,10.7739,10.7,10.7739,0,0
AMC_PE,D,20160314,000000,10.7739,10.7739,10.7,10.7739,0,0
AMC_PE,D,20160315,000000,10.7739,10.7739,10.7,10.7,0,0
AMC_PE,D,20160316,000000,10.7,10.7,10.5494,10.6243,0,0
AMC_PE,D,20160317,000000,10.6243,10.6243,10.5494,10.6243,0,0
AMC_PE,D,20160318,000000,10.6243,10.6243,10.4746,10.6243,0,0
AMC_PE,D,20160321,000000,10.6243,10.6243,10.4746,10.5494,0,0
AMC_PE,D,20160322,000000,10.4746,10.5494,10.4746,10.5494,0,0
AMC_PE,D,20160323,000000,10.5494,10.5494,10.4746,10.5494,0,0
AMC_PE,D,20160324,000000,10.5494,10.5494,10.3989,10.4746,0,0
AMC_PE,D,20160329,000000,10.5494,10.6243,10.3989,10.6243,0,0
AMC_PE,D,20160330,000000,10.5494,10.6243,10.5494,10.6243,0,0
AMC_PE,D,20160331,000000,10.5494,10.6243,10.4746,10.6243,0,0
AMC_PE,D,20160401,000000,10.5494,10.6243,10.3232,10.6243,0,0
AMC_PE,D,20160404,000000,10.6243,10.7739,10.5494,10.7,0,0
AMC_PE,D,20160405,000000,10.7,10.7,10.5494,10.7,0,0
AMC_PE,D,20160406,000000,10.6243,10.6243,10.5494,10.5494,0,0
AMC_PE,D,20160407,000000,10.4746,10.6243,10.4746,10.5494,0,0
AMC_PE,D,20160408,000000,10.4746,10.6243,10.3989,10.4746,0,0
AMC_PE,D,20160411,000000,10.4746,10.4746,10.4746,10.4746,0,0
AMC_PE,D,20160412,000000,10.4746,10.5494,10.4746,10.4746,0,0
AMC_PE,D,20160413,000000,10.4746,10.6243,10.4746,10.4746,0,0
AMC_PE,D,20160414,000000,10.6243,10.6243,10.4746,10.5494,0,0
AMC_PE,D,20160415,000000,10.5494,10.6243,10.5494,10.6243,0,0
AMC_PE,D,20160418,000000,10.6243,10.7,10.5494,10.7,0,0
AMC_PE,D,20160419,000000,10.7,10.9262,10.7,10.7739,0,0
AMC_PE,D,20160420,000000,10.8496,11.0768,10.7739,11.0768,0,0
AMC_PE,D,20160421,000000,11.0768,11.2264,11.001,11.0768,0,0
AMC_PE,D,20160422,000000,11.0768,11.303,11.0768,11.2264,0,0
AMC_PE,D,20160425,000000,11.303,11.303,11.2264,11.2264,0,0
AMC_PE,D,20160426,000000,11.2264,11.2264,10.9262,11.0768,0,0
AMC_PE,D,20160427,000000,11.0768,11.0768,10.6243,10.6243,0,0
AMC_PE,D,20160428,000000,10.7,11.001,10.7,11.001,0,0
AMC_PE,D,20160429,000000,11.001,11.001,10.9262,11.001,0,0
AMC_PE,D,20160502,000000,11.0768,11.0768,10.9262,11.001,0,0
AMC_PE,D,20160504,000000,11.001,11.001,10.7739,10.7739,0,0
AMC_PE,D,20160505,000000,10.7739,10.8496,10.6243,10.6243,0,0
AMC_PE,D,20160506,000000,10.5494,10.7,10.5494,10.7,0,0
AMC_PE,D,20160509,000000,10.7,10.7,10.7,10.7,0,0
AMC_PE,D,20160510,000000,10.6243,10.7739,10.6243,10.7,0,0
AMC_PE,D,20160511,000000,10.7,11.001,10.7,11.001,0,0
AMC_PE,D,20160512,000000,11.001,11.0768,10.8496,10.8496,0,0
AMC_PE,D,20160513,000000,11.001,11.001,10.8496,10.9262,0,0
AMC_PE,D,20160516,000000,10.9262,11.2264,10.4746,10.4746,0,0
AMC_PE,D,20160517,000000,10.5494,10.7739,10.5494,10.7739,0,0
AMC_PE,D,20160518,000000,10.7739,10.7739,10.6243,10.7739,0,0
AMC_PE,D,20160519,000000,10.7,10.7739,10.5494,10.5494,0,0
AMC_PE,D,20160520,000000,10.4746,10.6243,10.4746,10.5494,0,0
AMC_PE,D,20160523,000000,10.5494,10.5494,10.4746,10.5494,0,0
AMC_PE,D,20160524,000000,10.6243,10.7739,10.6243,10.7,0,0
AMC_PE,D,20160525,000000,10.6243,10.7739,10.6243,10.7739,0,0
AMC_PE,D,20160527,000000,10.7739,10.7739,10.7,10.7739,0,0
AMC_PE,D,20160530,000000,10.7,10.7,10.6243,10.6243,0,0
AMC_PE,D,20160531,000000,10.6243,10.7739,10.5494,10.7,0,0
AMC_PE,D,20160601,000000,10.7,10.7,10.3989,10.3989,0,0
AMC_PE,D,20160602,000000,10.2475,10.7739,10.2475,10.7,0,0
AMC_PE,D,20160603,000000,10.6243,11.303,10.6243,11.2264,0,0
AMC_PE,D,20160606,000000,11.303,11.303,11.1516,11.1516,0,0
AMC_PE,D,20160607,000000,11.0768,11.303,11.0768,11.303,0,0
AMC_PE,D,20160608,000000,11.2264,11.303,11.1516,11.1516,0,0
AMC_PE,D,20160609,000000,11.1516,11.2264,11.0768,11.0768,0,0
AMC_PE,D,20160610,000000,11.001,11.0768,10.8496,10.8496,0,0
AMC_PE,D,20160613,000000,10.7739,10.7739,10.3989,10.5494,0,0
AMC_PE,D,20160614,000000,10.3944,10.7792,10.3944,10.626,0,0
AMC_PE,D,20160615,000000,10.5485,10.7027,10.5485,10.7027,0,0
AMC_PE,D,20160616,000000,10.626,10.7792,10.626,10.7027,0,0
AMC_PE,D,20160617,000000,10.626,10.7792,10.626,10.7027,0,0
AMC_PE,D,20160620,000000,10.626,10.9333,10.626,10.9333,0,0
AMC_PE,D,20160621,000000,10.7792,11.0875,10.7027,11.0108,0,0
AMC_PE,D,20160622,000000,11.0108,11.0108,10.855,10.855,0,0
AMC_PE,D,20160623,000000,10.855,11.1632,10.7792,11.1632,0,0
AMC_PE,D,20160624,000000,10.0096,10.4719,10.0096,10.4719,0,0
AMC_PE,D,20160627,000000,10.4719,10.4719,9.93303,9.93303,0,0
AMC_PE,D,20160628,000000,9.93303,10.1629,9.93303,10.0862,0,0
AMC_PE,D,20160629,000000,10.3178,10.3178,10.1629,10.2394,0,0
AMC_PE,D,20160630,000000,10.2394,10.4719,10.1629,10.4719,0,0
AMC_PE,D,20160701,000000,10.4719,10.855,10.3944,10.7027,0,0
AMC_PE,D,20160704,000000,10.5485,10.7027,10.3944,10.626,0,0
AMC_PE,D,20160705,000000,10.5485,10.7027,10.5485,10.7027,0,0
AMC_PE,D,20160706,000000,10.855,10.855,10.626,10.626,0,0
AMC_PE,D,20160707,000000,10.7027,10.7027,10.3178,10.3944,0,0
AMC_PE,D,20160708,000000,10.3944,10.3944,10.1629,10.1629,0,0
AMC_PE,D,20160711,000000,10.2394,10.3944,10.1629,10.1629,0,0
AMC_PE,D,20160712,000000,10.2394,10.4719,10.2394,10.4719,0,0
AMC_PE,D,20160713,000000,10.4719,10.5485,10.2394,10.3944,0,0
AMC_PE,D,20160714,000000,10.2394,10.3944,10.2394,10.2394,0,0
AMC_PE,D,20160715,000000,10.2394,10.2394,10.2394,10.2394,0,0
AMC_PE,D,20160718,000000,10.1629,10.5485,10.1629,10.5485,0,0
AMC_PE,D,20160719,000000,10.5485,10.626,10.5485,10.626,0,0
AMC_PE,D,20160720,000000,10.7027,10.7792,10.5485,10.626,0,0
AMC_PE,D,20160721,000000,10.626,11.0108,10.5485,11.0108,0,0
AMC_PE,D,20160722,000000,11.0108,11.0108,10.7792,10.9333,0,0
AMC_PE,D,20160725,000000,10.9333,11.0108,10.9333,11.0108,0,0
AMC_PE,D,20160726,000000,11.0108,11.1632,11.0108,11.0875,0,0
AMC_PE,D,20160727,000000,11.0875,11.0875,11.0108,11.0108,0,0
AMC_PE,D,20160728,000000,11.0108,11.0108,10.855,10.855,0,0
AMC_PE,D,20160729,000000,10.855,10.9333,10.7027,10.855,0,0
AMC_PE,D,20160801,000000,10.855,10.9333,10.7792,10.7792,0,0
AMC_PE,D,20160802,000000,11.0108,11.0108,10.855,11.0108,0,0
AMC_PE,D,20160803,000000,10.9333,11.0108,10.626,10.7792,0,0
AMC_PE,D,20160804,000000,10.855,10.855,10.5485,10.7027,0,0
AMC_PE,D,20160805,000000,10.7792,11.0108,10.7792,11.0108,0,0
AMC_PE,D,20160808,000000,11.0108,11.0108,10.9333,11.0108,0,0
AMC_PE,D,20160809,000000,11.0875,11.2406,10.9333,11.2406,0,0
AMC_PE,D,20160810,000000,11.2406,11.4723,11.2406,11.4723,0,0
AMC_PE,D,20160811,000000,11.4723,11.4723,11.3182,11.3948,0,0
AMC_PE,D,20160812,000000,11.4723,11.4723,11.3182,11.4723,0,0
AMC_PE,D,20160816,000000,11.3948,11.4723,11.3182,11.3948,0,0
AMC_PE,D,20160817,000000,11.3948,11.3948,11.1632,11.2406,0,0
AMC_PE,D,20160818,000000,11.2406,11.2406,10.9333,11.0875,0,0
AMC_PE,D,20160819,000000,11.0875,11.1632,10.9333,10.9333,0,0
AMC_PE,D,20160822,000000,11.0108,11.2406,10.855,11.2406,0,0
AMC_PE,D,20160823,000000,11.2406,11.2406,11.1632,11.2406,0,0
AMC_PE,D,20160824,000000,11.2406,11.2406,11.0108,11.0875,0,0
AMC_PE,D,20160825,000000,11.0875,11.0875,10.9333,11.0875,0,0
AMC_PE,D,20160826,000000,11.1632,11.1632,11.0108,11.0875,0,0
AMC_PE,D,20160829,000000,11.2406,11.2406,11.0108,11.0108,0,0
AMC_PE,D,20160830,000000,11.0108,11.0108,10.855,10.855,0,0
AMC_PE,D,20160831,000000,10.855,11.1632,10.855,11.1632,0,0
AMC_PE,D,20160901,000000,11.2406,11.4723,11.0875,11.0875,0,0
AMC_PE,D,20160902,000000,11.0108,11.0875,10.9333,11.0108,0,0
AMC_PE,D,20160905,000000,11.0108,11.3948,11.0108,11.3182,0,0
AMC_PE,D,20160906,000000,11.3182,11.3948,11.3182,11.3948,0,0
AMC_PE,D,20160907,000000,11.3948,11.5488,11.3182,11.4723,0,0
AMC_PE,D,20160908,000000,11.5488,11.5488,11.3948,11.4723,0,0
AMC_PE,D,20160909,000000,11.4723,11.5488,11.3182,11.3948,0,0
AMC_PE,D,20160912,000000,11.3182,11.3948,11.1632,11.1632,0,0
AMC_PE,D,20160913,000000,11.1632,11.2406,11.0875,11.2406,0,0
AMC_PE,D,20160914,000000,11.3182,11.3948,11.2406,11.3948,0,0
AMC_PE,D,20160915,000000,11.4723,11.4723,11.3948,11.3948,0,0
AMC_PE,D,20160916,000000,11.3948,11.3948,11.1632,11.3182,0,0
AMC_PE,D,20160919,000000,11.3182,11.4723,11.2406,11.3948,0,0
AMC_PE,D,20160920,000000,11.3948,11.3948,11.0108,11.2406,0,0
AMC_PE,D,20160921,000000,11.2406,11.3182,11.1632,11.2406,0,0
AMC_PE,D,20160922,000000,11.1632,11.3948,11.1632,11.3948,0,0
AMC_PE,D,20160923,000000,11.3948,11.4723,11.3948,11.4723,0,0
AMC_PE,D,20160926,000000,11.4723,11.7805,11.2406,11.703,0,0
AMC_PE,D,20160927,000000,11.703,11.857,11.5488,11.703,0,0
AMC_PE,D,20160928,000000,11.7805,11.7805,11.5488,11.6263,0,0
AMC_PE,D,20160929,000000,11.7805,11.7805,11.6263,11.7805,0,0
AMC_PE,D,20160930,000000,11.7805,11.857,11.703,11.857,0,0
AMC_PE,D,20161003,000000,11.9355,11.9355,11.7805,11.7805,0,0
AMC_PE,D,20161004,000000,11.857,11.857,11.6263,11.6263,0,0
AMC_PE,D,20161005,000000,11.703,11.703,11.3182,11.3182,0,0
AMC_PE,D,20161006,000000,11.3182,11.4723,11.3182,11.3948,0,0
AMC_PE,D,20161007,000000,11.6263,11.6263,11.2406,11.2406,0,0
AMC_PE,D,20161010,000000,11.0875,11.1632,10.9333,11.1632,0,0
AMC_PE,D,20161011,000000,11.2406,11.2406,10.855,11.0108,0,0
AMC_PE,D,20161012,000000,10.9333,11.1632,10.9333,11.0875,0,0
AMC_PE,D,20161013,000000,11.1632,11.1632,10.9333,10.9333,0,0
AMC_PE,D,20161014,000000,10.9333,11.0875,10.855,11.0875,0,0
AMC_PE,D,20161017,000000,11.3182,11.4723,11.1632,11.4723,0,0
AMC_PE,D,20161018,000000,11.4723,11.4723,11.3182,11.3948,0,0
AMC_PE,D,20161019,000000,11.3948,11.4723,11.3948,11.3948,0,0
AMC_PE,D,20161020,000000,11.3948,11.3948,11.1632,11.2406,0,0
AMC_PE,D,20161021,000000,11.2406,11.3948,11.0875,11.1632,0,0
AMC_PE,D,20161024,000000,11.1632,11.1632,11.0875,11.0875,0,0
AMC_PE,D,20161025,000000,11.1632,11.1632,11.1632,11.1632,0,0
AMC_PE,D,20161026,000000,11.2406,11.2406,11.1632,11.2406,0,0
AMC_PE,D,20161027,000000,11.2406,11.2406,11.0108,11.0875,0,0
AMC_PE,D,20161028,000000,11.0875,11.0875,10.7027,10.7027,0,0
AMC_PE,D,20161031,000000,10.7027,10.9333,10.7027,10.9333,0,0
AMC_PE,D,20161102,000000,10.9333,10.9333,10.3944,10.626,0,0
AMC_PE,D,20161103,000000,10.626,10.626,10.5485,10.5485,0,0
AMC_PE,D,20161104,000000,10.626,10.626,10.4719,10.5485,0,0
AMC_PE,D,20161107,000000,10.5485,10.7027,10.5485,10.5485,0,0
AMC_PE,D,20161108,000000,10.5485,10.5485,10.3944,10.3944,0,0
AMC_PE,D,20161109,000000,10.3178,10.3178,10.0862,10.1629,0,0
AMC_PE,D,20161110,000000,10.2394,11.0108,10.1629,10.4719,0,0
AMC_PE,D,20161114,000000,10.5485,10.855,10.3944,10.5485,0,0
AMC_PE,D,20161115,000000,10.5485,10.5485,10.0862,10.0862,0,0
AMC_PE,D,20161116,000000,10.0862,10.0862,9.77804,9.93303,0,0
AMC_PE,D,20161117,000000,9.93303,10.0096,9.85461,9.85461,0,0
AMC_PE,D,20161118,000000,9.85461,9.85461,9.46978,9.62479,0,0
AMC_PE,D,20161121,000000,9.77804,10.0096,9.62479,10.0096,0,0
AMC_PE,D,20161122,000000,10.0096,10.0096,10.0096,10.0096,0,0
AMC_PE,D,20161123,000000,10.0096,10.3178,10.0096,10.3178,0,0
AMC_PE,D,20161124,000000,10.3944,10.3944,10.2394,10.3944,0,0
AMC_PE,D,20161125,000000,10.3944,10.3944,10.0862,10.0862,0,0
AMC_PE,D,20161128,000000,10.2394,10.2394,10.0096,10.0862,0,0
AMC_PE,D,20161129,000000,10.0096,10.0862,10.0096,10.0096,0,0
AMC_PE,D,20161130,000000,10.0096,10.0096,9.85461,9.85461,0,0
AMC_PE,D,20161201,000000,9.85461,9.93303,9.85461,9.93303,0,0
AMC_PE,D,20161202,000000,9.93303,10.0862,9.85461,10.0862,0,0
AMC_PE,D,20161205,000000,10.2394,10.2394,10.0862,10.1629,0,0
AMC_PE,D,20161206,000000,10.1629,10.2394,10.0862,10.2394,0,0
AMC_PE,D,20161207,000000,10.2394,10.2394,10.0862,10.2394,0,0
AMC_PE,D,20161208,000000,10.1629,10.2394,10.1629,10.1629,0,0
AMC_PE,D,20161209,000000,10.1629,10.1629,10.0096,10.0862,0,0
AMC_PE,D,20161212,000000,10.0862,10.1629,9.93303,10.1629,0,0
AMC_PE,D,20161213,000000,10.1629,10.1629,10.0862,10.1629,0,0
AMC_PE,D,20161214,000000,10.1629,10.1629,10.0096,10.0862,0,0
AMC_PE,D,20161215,000000,10.0862,10.0862,9.93303,10.0096,0,0
AMC_PE,D,20161216,000000,10.0862,10.0862,9.93303,10.0096,0,0
AMC_PE,D,20161219,000000,9.93303,9.93303,9.85461,9.85461,0,0
AMC_PE,D,20161220,000000,9.85461,9.93303,9.77804,9.77804,0,0
AMC_PE,D,20161221,000000,9.77804,9.85461,9.77804,9.85461,0,0
AMC_PE,D,20161222,000000,9.85461,9.85461,9.77804,9.85461,0,0
AMC_PE,D,20161223,000000,9.85461,9.85461,9.85461,9.85461,0,0
AMC_PE,D,20161227,000000,9.85461,9.93303,9.77804,9.77804,0,0
AMC_PE,D,20161228,000000,9.77804,9.77804,9.70233,9.77804,0,0
AMC_PE,D,20161229,000000,9.77804,10.0862,9.77804,10.0096,0,0
AMC_PE,D,20161230,000000,10.0096,10.0862,9.93303,10.0096,0,0
AMC_PE,D,20170102,000000,10.0862,10.0862,9.62479,10.0096,0,0
AMC_PE,D,20170103,000000,10.0096,10.0096,9.93303,9.93303,0,0
AMC_PE,D,20170104,000000,9.93303,9.93303,9.70233,9.77804,0,0
AMC_PE,D,20170105,000000,9.77804,9.77804,9.70233,9.70233,0,0
AMC_PE,D,20170109,000000,9.77804,9.85461,9.62479,9.85461,0,0
AMC_PE,D,20170110,000000,9.85461,9.85461,9.70233,9.70233,0,0
AMC_PE,D,20170111,000000,9.70233,9.77804,9.70233,9.70233,0,0
AMC_PE,D,20170112,000000,9.70233,9.70233,9.62479,9.70233,0,0
AMC_PE,D,20170113,000000,9.70233,9.70233,9.62479,9.62479,0,0
AMC_PE,D,20170116,000000,9.62479,9.77804,9.62479,9.62479,0,0
AMC_PE,D,20170117,000000,9.62479,9.70233,9.54645,9.62479,0,0
AMC_PE,D,20170118,000000,9.70233,9.70233,9.62479,9.70233,0,0
AMC_PE,D,20170119,000000,9.70233,9.70233,9.62479,9.62479,0,0
AMC_PE,D,20170120,000000,9.62479,9.70233,9.54645,9.70233,0,0
AMC_PE,D,20170123,000000,9.70233,10.0096,9.70233,10.0096,0,0
AMC_PE,D,20170124,000000,10.0096,10.0096,9.93303,10.0096,0,0
AMC_PE,D,20170125,000000,10.0862,10.4719,10.0862,10.3944,0,0
AMC_PE,D,20170126,000000,10.4719,10.4719,10.0096,10.0096,0,0
AMC_PE,D,20170127,000000,10.1629,10.1629,9.85461,10.0096,0,0
AMC_PE,D,20170130,000000,10.0862,10.0862,10.0096,10.0096,0,0
AMC_PE,D,20170131,000000,10.0096,10.2394,9.93303,10.0862,0,0
AMC_PE,D,20170201,000000,10.0862,10.3944,10.0862,10.3944,0,0
AMC_PE,D,20170202,000000,10.3944,10.3944,10.1629,10.1629,0,0
AMC_PE,D,20170203,000000,10.1629,10.1629,10.0862,10.1629,0,0
AMC_PE,D,20170206,000000,10.2394,10.2394,10.0862,10.1629,0,0
AMC_PE,D,20170207,000000,10.1629,10.1629,10.0096,10.0096,0,0
AMC_PE,D,20170208,000000,9.77804,9.85461,9.70233,9.85461,0,0
AMC_PE,D,20170209,000000,9.85461,10.0862,9.85461,10.0862,0,0
AMC_PE,D,20170210,000000,10.0862,10.2394,9.93303,10.2394,0,0
AMC_PE,D,20170213,000000,10.2394,10.3178,10.1629,10.2394,0,0
AMC_PE,D,20170214,000000,10.2394,10.3178,10.1629,10.3178,0,0
AMC_PE,D,20170215,000000,10.3178,10.3944,10.3178,10.3944,0,0
AMC_PE,D,20170216,000000,10.3944,10.9333,10.3944,10.855,0,0
AMC_PE,D,20170217,000000,10.855,11.0108,10.7027,10.7027,0,0
AMC_PE,D,20170220,000000,10.7027,10.7027,10.3944,10.4719,0,0
AMC_PE,D,20170221,000000,10.4719,10.5485,10.3944,10.3944,0,0
AMC_PE,D,20170222,000000,10.3944,10.5485,10.3944,10.5485,0,0
AMC_PE,D,20170223,000000,10.5485,10.626,10.4719,10.5485,0,0
AMC_PE,D,20170224,000000,10.5485,10.5485,10.3944,10.3944,0,0
AMC_PE,D,20170227,000000,10.5485,10.5485,10.4719,10.5485,0,0
AMC_PE,D,20170228,000000,10.3944,10.3944,10.0096,10.0096,0,0
AMC_PE,D,20170301,000000,10.0096,10.0096,9.85461,9.93303,0,0
AMC_PE,D,20170302,000000,9.85461,9.93303,9.85461,9.93303,0,0
AMC_PE,D,20170303,000000,9.85461,9.93303,9.85461,9.85461,0,0
AMC_PE,D,20170306,000000,9.85461,9.85461,9.62479,9.62479,0,0
AMC_PE,D,20170307,000000,9.54645,9.54645,9.46978,9.46978,0,0
AMC_PE,D,20170308,000000,9.46978,9.54645,9.08587,9.31569,0,0
AMC_PE,D,20170309,000000,9.31569,9.46978,9.16248,9.16248,0,0
AMC_PE,D,20170310,000000,9.16248,9.23998,9.08587,9.08587,0,0
AMC_PE,D,20170313,000000,9.16248,9.23998,9.08587,9.23998,0,0
AMC_PE,D,20170314,000000,9.31569,9.46978,9.31569,9.39228,0,0
AMC_PE,D,20170315,000000,9.46978,9.46978,9.31569,9.39228,0,0
AMC_PE,D,20170316,000000,9.39228,9.62479,9.39228,9.62479,0,0
AMC_PE,D,20170317,000000,9.70233,9.70233,9.46978,9.62479,0,0
AMC_PE,D,20170320,000000,9.62479,9.62479,9.54645,9.62479,0,0
AMC_PE,D,20170321,000000,9.62479,9.62479,9.39228,9.54645,0,0
AMC_PE,D,20170322,000000,9.39228,9.62479,9.31569,9.46978,0,0
AMC_PE,D,20170323,000000,9.46978,9.46978,9.39228,9.39228,0,0
AMC_PE,D,20170324,000000,9.31569,9.46978,9.31569,9.46978,0,0
AMC_PE,D,20170327,000000,9.16248,9.31569,9.16248,9.31569,0,0
AMC_PE,D,20170328,000000,9.39228,9.62479,9.39228,9.54645,0,0
AMC_PE,D,20170329,000000,9.70233,9.93303,9.62479,9.93303,0,0
AMC_PE,D,20170330,000000,9.93303,10.0862,9.93303,10.0862,0,0
AMC_PE,D,20170331,000000,9.93303,10.0862,9.93303,10.0862,0,0
AMC_PE,D,20170403,000000,10.0862,10.0862,10.0096,10.0862,0,0
AMC_PE,D,20170404,000000,10.0862,10.1629,10.0862,10.0862,0,0
AMC_PE,D,20170405,000000,10.0862,10.1629,10.0862,10.1629,0,0
AMC_PE,D,20170406,000000,10.1629,10.1629,10.1629,10.1629,0,0
AMC_PE,D,20170407,000000,10.1629,10.1629,10.1629,10.1629,0,0
AMC_PE,D,20170410,000000,10.1629,10.1629,10.1629,10.1629,0,0
AMC_PE,D,20170411,000000,10.1629,10.1629,10.1629,10.1629,0,0
AMC_PE,D,20170412,000000,10.1629,10.2394,10.1629,10.1629,0,0
AMC_PE,D,20170413,000000,10.1629,10.1629,10.0862,10.1629,0,0
AMC_PE,D,20170418,000000,10.1629,10.1629,10.0862,10.1629,0,0
AMC_PE,D,20170419,000000,10.1629,10.1629,10.1629,10.1629,0,0
AMC_PE,D,20170420,000000,10.1629,10.2394,10.1629,10.2394,0,0
AMC_PE,D,20170421,000000,10.2394,10.2394,10.1629,10.1629,0,0
AMC_PE,D,20170424,000000,10.1629,10.2394,10.1629,10.1629,0,0
AMC_PE,D,20170425,000000,10.1629,10.1629,10.1629,10.1629,0,0
AMC_PE,D,20170426,000000,10.1629,10.2394,10.0862,10.2394,0,0
AMC_PE,D,20170427,000000,10.2394,10.3944,10.1629,10.3178,0,0
AMC_PE,D,20170428,000000,10.3944,10.3944,10.2394,10.3944,0,0
AMC_PE,D,20170502,000000,10.3944,10.3944,10.3178,10.3944,0,0
AMC_PE,D,20170504,000000,10.3944,10.7792,10.3178,10.7792,0,0
AMC_PE,D,20170505,000000,10.7792,10.7792,10.7027,10.7792,0,0
AMC_PE,D,20170508,000000,10.7792,10.7792,10.7027,10.7792,0,0
AMC_PE,D,20170509,000000,10.7792,10.855,10.7792,10.855,0,0
AMC_PE,D,20170510,000000,10.855,11.0108,10.855,10.9333,0,0
AMC_PE,D,20170511,000000,10.9333,11.0108,10.855,10.855,0,0
AMC_PE,D,20170512,000000,10.855,10.855,10.7027,10.7792,0,0
AMC_PE,D,20170515,000000,10.7792,10.7792,10.626,10.7027,0,0
AMC_PE,D,20170516,000000,10.7027,10.7027,10.2394,10.3944,0,0
AMC_PE,D,20170517,000000,10.3178,10.3178,10.1629,10.1629,0,0
AMC_PE,D,20170518,000000,10.0096,10.1629,9.93303,10.1629,0,0
AMC_PE,D,20170519,000000,10.1629,10.4719,10.0862,10.4719,0,0
AMC_PE,D,20170522,000000,10.4719,10.7027,10.4719,10.626,0,0
AMC_PE,D,20170523,000000,10.5485,10.626,10.4719,10.626,0,0
AMC_PE,D,20170524,000000,10.7027,10.7027,10.5485,10.626,0,0
AMC_PE,D,20170525,000000,10.626,10.626,10.4719,10.5485,0,0
AMC_PE,D,20170526,000000,10.5485,10.5485,10.4719,10.4719,0,0
AMC_PE,D,20170529,000000,10.4719,10.626,10.3944,10.626,0,0
AMC_PE,D,20170530,000000,10.626,10.626,10.3944,10.626,0,0
AMC_PE,D,20170531,000000,10.4719,10.7027,10.3178,10.7027,0,0
AMC_PE,D,20170601,000000,10.7027,10.7027,10.5485,10.5485,0,0
AMC_PE,D,20170602,000000,10.5485,10.626,10.4719,10.4719,0,0
AMC_PE,D,20170605,000000,10.5485,10.5485,10.4719,10.5485,0,0
AMC_PE,D,20170606,000000,10.4719,10.4719,10.3944,10.3944,0,0
AMC_PE,D,20170607,000000,10.3944,10.4719,10.2394,10.3944,0,0
AMC_PE,D,20170608,000000,10.4719,10.4719,10.3944,10.3944,0,0
AMC_PE,D,20170609,000000,10.3944,10.4719,10.3944,10.3944,0,0
AMC_PE,D,20170612,000000,10.3944,10.4719,10.3178,10.3944,0,0
AMC_PE,D,20170613,000000,10.3944,10.4719,10.3944,10.3944,0,0
AMC_PE,D,20170614,000000,10.3944,10.4719,10.3944,10.3944,0,0
AMC_PE,D,20170616,000000,10.3944,10.4719,10.3178,10.3944,0,0
AMC_PE,D,20170619,000000,10.3944,10.3944,10.3944,10.3944,0,0
AMC_PE,D,20170620,000000,10.3944,10.4719,10.3944,10.3944,0,0
AMC_PE,D,20170621,000000,10.4719,10.4719,10.3178,10.3944,0,0
AMC_PE,D,20170622,000000,10.3178,10.3944,10.3178,10.3178,0,0
AMC_PE,D,20170623,000000,10.3178,10.3178,10.3178,10.3178,0,0
AMC_PE,D,20170626,000000,10.3944,10.3944,10.2394,10.2394,0,0
AMC_PE,D,20170627,000000,10.2394,10.2394,10.0862,10.1629,0,0
AMC_PE,D,20170628,000000,10.2394,10.4719,10.2394,10.3944,0,0
AMC_PE,D,20170629,000000,10.3944,10.3944,10.1629,10.2394,0,0
AMC_PE,D,20170630,000000,10.3178,10.3944,10.3178,10.3178,0,0
AMC_PE,D,20170703,000000,10.3178,10.626,10.3178,10.4719,0,0
AMC_PE,D,20170704,000000,10.4719,10.4719,10.2394,10.2394,0,0
AMC_PE,D,20170705,000000,10.2394,10.2394,10.0862,10.2394,0,0
AMC_PE,D,20170706,000000,10.2394,10.3178,10.2394,10.2394,0,0
AMC_PE,D,20170707,000000,10.4034,10.5619,10.2439,10.2439,0,0
AMC_PE,D,20170710,000000,10.4034,10.4034,10.1646,10.2439,0,0
AMC_PE,D,20170711,000000,10.2439,10.2439,10.0853,10.0853,0,0
AMC_PE,D,20170712,000000,10.1646,10.2439,10.1646,10.2439,0,0
AMC_PE,D,20170713,000000,10.324,10.324,10.1646,10.1646,0,0
AMC_PE,D,20170714,000000,10.2439,10.2439,10.2439,10.2439,0,0
AMC_PE,D,20170717,000000,10.2439,10.2439,10.1646,10.1646,0,0
AMC_PE,D,20170718,000000,10.1646,10.1646,10.006,10.006,0,0
AMC_PE,D,20170719,000000,10.0853,10.0853,10.006,10.0853,0,0
AMC_PE,D,20170720,000000,10.0853,10.1646,10.0853,10.0853,0,0
AMC_PE,D,20170721,000000,10.0853,10.1646,9.92674,9.92674,0,0
AMC_PE,D,20170724,000000,9.92674,9.92674,9.60873,9.92674,0,0
AMC_PE,D,20170725,000000,9.92674,9.92674,9.7673,9.84833,0,0
AMC_PE,D,20170726,000000,9.84833,9.84833,9.84833,9.84833,0,0
AMC_PE,D,20170727,000000,9.84833,9.84833,9.68802,9.7673,0,0
AMC_PE,D,20170728,000000,9.7673,9.7673,9.53039,9.60873,0,0
AMC_PE,D,20170731,000000,9.68802,9.68802,9.45017,9.53039,0,0
AMC_PE,D,20170801,000000,9.53039,9.60873,9.53039,9.53039,0,0
AMC_PE,D,20170802,000000,9.60873,9.84833,9.60873,9.84833,0,0
AMC_PE,D,20170803,000000,9.92674,10.006,9.84833,9.92674,0,0
AMC_PE,D,20170804,000000,10.006,10.006,9.92674,9.92674,0,0
AMC_PE,D,20170807,000000,10.0853,10.0853,10.006,10.006,0,0
AMC_PE,D,20170808,000000,10.006,10.006,10.006,10.006,0,0
AMC_PE,D,20170809,000000,10.006,10.006,9.84833,9.84833,0,0
AMC_PE,D,20170810,000000,9.84833,9.84833,9.7673,9.7673,0,0
AMC_PE,D,20170811,000000,9.7673,9.84833,9.68802,9.68802,0,0
AMC_PE,D,20170814,000000,9.7673,9.92674,9.7673,9.92674,0,0
AMC_PE,D,20170816,000000,9.7673,9.84833,9.7673,9.7673,0,0
AMC_PE,D,20170817,000000,9.7673,9.7673,9.68802,9.68802,0,0
AMC_PE,D,20170818,000000,9.60873,9.68802,9.60873,9.60873,0,0
AMC_PE,D,20170821,000000,9.60873,9.68802,9.60873,9.60873,0,0
AMC_PE,D,20170822,000000,9.60873,9.7673,9.60873,9.7673,0,0
AMC_PE,D,20170823,000000,9.7673,9.7673,9.60873,9.7673,0,0
AMC_PE,D,20170824,000000,9.84833,9.84833,9.7673,9.7673,0,0
AMC_PE,D,20170825,000000,9.84833,9.84833,9.68802,9.7673,0,0
AMC_PE,D,20170828,000000,9.7673,9.84833,9.60873,9.68802,0,0
AMC_PE,D,20170829,000000,9.68802,9.7673,9.60873,9.60873,0,0
AMC_PE,D,20170830,000000,9.60873,9.60873,9.53039,9.53039,0,0
AMC_PE,D,20170831,000000,9.53039,9.60873,9.53039,9.53039,0,0
AMC_PE,D,20170901,000000,9.53039,9.60873,9.45017,9.45017,0,0
AMC_PE,D,20170904,000000,9.60873,9.60873,9.45017,9.45017,0,0
AMC_PE,D,20170905,000000,9.45017,9.45017,9.37006,9.37006,0,0
AMC_PE,D,20170906,000000,9.45017,9.45017,9.37006,9.37006,0,0
AMC_PE,D,20170907,000000,9.68802,9.7673,6.35317,6.35317,0,0
AMC_PE,D,20170908,000000,6.35317,6.35317,6.27371,6.27371,0,0
AMC_PE,D,20170911,000000,6.27371,6.27371,6.11497,6.19425,0,0
AMC_PE,D,20170912,000000,6.11497,6.11497,6.11497,6.11497,0,0
AMC_PE,D,20170913,000000,6.11497,6.43253,6.11497,6.35317,0,0
AMC_PE,D,20170914,000000,6.43253,6.67082,6.43253,6.5119,0,0
AMC_PE,D,20170915,000000,6.59136,6.59136,6.35317,6.35317,0,0
AMC_PE,D,20170918,000000,6.35317,6.43253,6.35317,6.35317,0,0
AMC_PE,D,20170919,000000,6.43253,6.43253,6.27371,6.27371,0,0
AMC_PE,D,20170920,000000,6.27371,6.27371,6.19425,6.19425,0,0
AMC_PE,D,20170921,000000,6.19425,6.27371,6.19425,6.27371,0,0
AMC_PE,D,20170922,000000,6.35317,6.35317,6.27371,6.27371,0,0
AMC_PE,D,20170925,000000,6.27371,6.35317,6.27371,6.35317,0,0
AMC_PE,D,20170926,000000,6.35317,6.35317,6.27371,6.27371,0,0
AMC_PE,D,20170927,000000,6.27371,6.27371,6.27371,6.27371,0,0
AMC_PE,D,20170928,000000,6.27371,6.27371,6.27371,6.27371,0,0
AMC_PE,D,20170929,000000,6.11497,6.11497,6.11497,6.11497,0,0
AMC_PE,D,20171002,000000,6.19425,6.43253,6.19425,6.35317,0,0
AMC_PE,D,20171003,000000,6.43253,6.67082,6.43253,6.59136,0,0
AMC_PE,D,20171004,000000,6.67082,6.67082,6.59136,6.59136,0,0
AMC_PE,D,20171005,000000,6.59136,6.67082,6.5119,6.59136,0,0
AMC_PE,D,20171006,000000,6.59136,6.59136,6.5119,6.5119,0,0
AMC_PE,D,20171009,000000,6.5119,6.5119,6.5119,6.5119,0,0
AMC_PE,D,20171010,000000,6.59136,6.59136,6.43253,6.43253,0,0
AMC_PE,D,20171011,000000,6.43253,6.5119,6.43253,6.5119,0,0
AMC_PE,D,20171012,000000,6.5119,6.5119,6.35317,6.35317,0,0
AMC_PE,D,20171013,000000,6.35317,6.35317,6.27371,6.27371,0,0
AMC_PE,D,20171016,000000,6.27371,6.35317,6.27371,6.35317,0,0
AMC_PE,D,20171017,000000,6.35317,6.35317,6.19425,6.19425,0,0
AMC_PE,D,20171018,000000,6.19425,6.27371,6.11497,6.19425,0,0
AMC_PE,D,20171019,000000,6.19425,6.27371,6.11497,6.11497,0,0
AMC_PE,D,20171020,000000,6.11497,6.27371,6.03543,6.11497,0,0
AMC_PE,D,20171023,000000,6.11497,6.27371,6.11497,6.11497,0,0
AMC_PE,D,20171024,000000,6.27371,6.27371,5.79722,5.79722,0,0
AMC_PE,D,20171025,000000,5.79722,5.79722,5.63841,5.63841,0,0
AMC_PE,D,20171026,000000,5.63841,5.79722,5.63841,5.71786,0,0
AMC_PE,D,20171027,000000,5.79722,5.79722,5.71786,5.79722,0,0
AMC_PE,D,20171030,000000,5.79722,5.8766,5.71786,5.71786,0,0
AMC_PE,D,20171031,000000,5.71786,5.71786,5.63841,5.63841,0,0
AMC_PE,D,20171102,000000,5.63841,5.71786,5.63841,5.63841,0,0
AMC_PE,D,20171103,000000,5.63841,5.71786,5.55904,5.55904,0,0
AMC_PE,D,20171106,000000,5.4795,5.4795,5.32076,5.32076,0,0
AMC_PE,D,20171107,000000,5.32076,5.40013,5.24139,5.32076,0,0
AMC_PE,D,20171108,000000,5.32076,5.32076,5.16193,5.16193,0,0
AMC_PE,D,20171109,000000,5.16193,5.24139,5.16193,5.16193,0,0
AMC_PE,D,20171110,000000,5.16193,5.24139,5.16193,5.24139,0,0
AMC_PE,D,20171113,000000,5.32076,5.40013,5.32076,5.32076,0,0
AMC_PE,D,20171114,000000,5.32076,5.4795,5.32076,5.40013,0,0
AMC_PE,D,20171115,000000,5.40013,5.4795,5.16193,5.24139,0,0
AMC_PE,D,20171116,000000,5.32076,5.32076,5.08248,5.08248,0,0
AMC_PE,D,20171117,000000,5.08248,5.24139,5.08248,5.16193,0,0
AMC_PE,D,20171120,000000,5.16193,5.32076,5.16193,5.32076,0,0
AMC_PE,D,20171121,000000,5.32076,5.40013,5.32076,5.40013,0,0
AMC_PE,D,20171122,000000,5.4795,5.71786,5.40013,5.4795,0,0
AMC_PE,D,20171123,000000,5.55904,5.55904,5.4795,5.4795,0,0
AMC_PE,D,20171124,000000,5.55904,5.55904,5.4795,5.55904,0,0
AMC_PE,D,20171127,000000,5.55904,5.55904,5.4795,5.4795,0,0
AMC_PE,D,20171128,000000,5.4795,5.4795,5.32076,5.32076,0,0
AMC_PE,D,20171129,000000,5.32076,5.40013,5.24139,5.32076,0,0
AMC_PE,D,20171130,000000,5.00302,5.63841,5.00302,5.63841,0,0
AMC_PE,D,20171201,000000,5.63841,5.63841,5.55904,5.63841,0,0
AMC_PE,D,20171204,000000,5.71786,5.8766,5.71786,5.79722,0,0
AMC_PE,D,20171205,000000,5.79722,5.8766,5.63841,5.63841,0,0
AMC_PE,D,20171206,000000,5.63841,5.79722,5.63841,5.63841,0,0
AMC_PE,D,20171207,000000,5.63841,5.71786,5.55904,5.63841,0,0
AMC_PE,D,20171208,000000,5.63841,5.71786,5.55904,5.55904,0,0
AMC_PE,D,20171211,000000,5.55904,5.63841,5.55904,5.63841,0,0
AMC_PE,D,20171212,000000,5.63841,5.63841,5.55904,5.55904,0,0
AMC_PE,D,20171213,000000,5.63841,5.63841,5.4795,5.4795,0,0
AMC_PE,D,20171214,000000,5.4795,5.4795,5.40013,5.40013,0,0
AMC_PE,D,20171215,000000,5.40013,5.4795,5.40013,5.40013,0,0
AMC_PE,D,20171218,000000,5.40013,5.40013,5.24139,5.32076,0,0
AMC_PE,D,20171219,000000,5.32076,5.32076,5.24139,5.24139,0,0
AMC_PE,D,20171220,000000,5.24139,5.24139,5.16193,5.16193,0,0
AMC_PE,D,20171221,000000,5.16193,5.16193,5.08248,5.08248,0,0
AMC_PE,D,20171222,000000,5.08248,5.16193,5.00302,5.08248,0,0
AMC_PE,D,20171227,000000,5.08248,5.08248,5.00302,5.08248,0,0
AMC_PE,D,20171228,000000,5.08248,5.32076,5.08248,5.32076,0,0
AMC_PE,D,20171229,000000,5.32076,5.4795,5.32076,5.4795,0,0
AMC_PE,D,20180103,000000,5.71786,5.79722,5.63841,5.63841,0,0
AMC_PE,D,20180104,000000,5.71786,5.71786,5.55904,5.63841,0,0
AMC_PE,D,20180105,000000,5.63841,5.79722,5.63841,5.79722,0,0
AMC_PE,D,20180108,000000,5.8766,5.8766,5.79722,5.8766,0,0
AMC_PE,D,20180109,000000,5.95606,6.03543,5.8766,5.95606,0,0
AMC_PE,D,20180110,000000,6.03543,6.03543,5.95606,5.95606,0,0
AMC_PE,D,20180111,000000,5.95606,5.95606,5.8766,5.95606,0,0
AMC_PE,D,20180112,000000,5.95606,5.95606,5.79722,5.8766,0,0
AMC_PE,D,20180115,000000,5.8766,5.8766,5.63841,5.63841,0,0
AMC_PE,D,20180116,000000,5.63841,5.63841,5.63841,5.63841,0,0
AMC_PE,D,20180117,000000,5.71786,5.71786,5.63841,5.63841,0,0
AMC_PE,D,20180118,000000,5.63841,5.79722,5.63841,5.63841,0,0
AMC_PE,D,20180119,000000,5.63841,5.63841,5.63841,5.63841,0,0
AMC_PE,D,20180122,000000,5.71786,5.71786,5.55904,5.63841,0,0
AMC_PE,D,20180123,000000,5.63841,5.71786,5.55904,5.55904,0,0
AMC_PE,D,20180124,000000,5.55904,5.63841,5.55904,5.55904,0,0
AMC_PE,D,20180125,000000,5.55904,5.63841,5.40013,5.4795,0,0
AMC_PE,D,20180126,000000,5.55904,5.55904,5.55904,5.55904,0,0
AMC_PE,D,20180129,000000,5.55904,5.63841,5.55904,5.55904,0,0
AMC_PE,D,20180130,000000,5.55904,5.55904,5.55904,5.55904,0,0
AMC_PE,D,20180131,000000,5.55904,5.63841,5.55904,5.55904,0,0
AMC_PE,D,20180201,000000,5.55904,5.55904,5.4795,5.4795,0,0
AMC_PE,D,20180202,000000,5.4795,5.4795,5.24139,5.40013,0,0
AMC_PE,D,20180205,000000,5.40013,5.40013,5.24139,5.32076,0,0
AMC_PE,D,20180206,000000,5.24139,5.24139,5.16193,5.24139,0,0
AMC_PE,D,20180207,000000,5.32076,5.32076,5.24139,5.24139,0,0
AMC_PE,D,20180208,000000,5.24139,5.4795,5.24139,5.4795,0,0
AMC_PE,D,20180209,000000,5.32076,5.4795,5.32076,5.40013,0,0
AMC_PE,D,20180212,000000,5.40013,5.63841,5.40013,5.63841,0,0
AMC_PE,D,20180213,000000,5.63841,5.79722,5.63841,5.63841,0,0
AMC_PE,D,20180214,000000,5.63841,5.63841,5.4795,5.63841,0,0
AMC_PE,D,20180215,000000,5.63841,5.71786,5.63841,5.63841,0,0
AMC_PE,D,20180216,000000,5.71786,5.71786,5.55904,5.55904,0,0
AMC_PE,D,20180219,000000,5.55904,5.63841,5.55904,5.63841,0,0
AMC_PE,D,20180220,000000,5.71786,5.71786,5.63841,5.71786,0,0
AMC_PE,D,20180221,000000,5.71786,5.71786,5.63841,5.63841,0,0
AMC_PE,D,20180222,000000,5.55904,5.71786,5.55904,5.63841,0,0
AMC_PE,D,20180223,000000,5.63841,5.63841,5.55904,5.63841,0,0
AMC_PE,D,20180226,000000,5.63841,5.71786,5.63841,5.63841,0,0
AMC_PE,D,20180227,000000,5.71786,5.71786,5.55904,5.55904,0,0
AMC_PE,D,20180228,000000,5.55904,5.63841,5.55904,5.63841,0,0
AMC_PE,D,20180301,000000,5.63841,5.63841,5.4795,5.63841,0,0
AMC_PE,D,20180302,000000,5.63841,5.63841,5.55904,5.55904,0,0
AMC_PE,D,20180305,000000,5.55904,5.71786,5.55904,5.63841,0,0
AMC_PE,D,20180306,000000,5.71786,5.8766,5.63841,5.8766,0,0
AMC_PE,D,20180307,000000,5.8766,6.11497,5.8766,6.11497,0,0
AMC_PE,D,20180308,000000,6.11497,6.11497,5.95606,5.95606,0,0
AMC_PE,D,20180309,000000,6.03543,6.03543,5.79722,5.95606,0,0
AMC_PE,D,20180312,000000,6.03543,6.11497,6.03543,6.03543,0,0
AMC_PE,D,20180313,000000,6.03543,6.03543,5.8766,5.8766,0,0
AMC_PE,D,20180314,000000,5.95606,5.95606,5.79722,5.8766,0,0
AMC_PE,D,20180315,000000,5.8766,5.8766,5.79722,5.79722,0,0
AMC_PE,D,20180316,000000,5.79722,5.79722,5.79722,5.79722,0,0
AMC_PE,D,20180319,000000,5.79722,5.8766,5.79722,5.8766,0,0
AMC_PE,D,20180320,000000,5.8766,5.8766,5.63841,5.79722,0,0
AMC_PE,D,20180321,000000,5.79722,5.79722,5.71786,5.71786,0,0
AMC_PE,D,20180322,000000,5.71786,5.71786,5.63841,5.71786,0,0
AMC_PE,D,20180323,000000,5.71786,5.71786,5.55904,5.63841,0,0
AMC_PE,D,20180326,000000,5.63841,5.63841,5.55904,5.55904,0,0
AMC_PE,D,20180327,000000,5.55904,5.63841,5.32076,5.32076,0,0
AMC_PE,D,20180328,000000,5.32076,5.40013,5.24139,5.24139,0,0
AMC_PE,D,20180329,000000,5.32076,5.40013,5.32076,5.40013,0,0
AMC_PE,D,20180403,000000,5.40013,5.4795,5.40013,5.40013,0,0
AMC_PE,D,20180404,000000,5.40013,5.40013,5.32076,5.32076,0,0
AMC_PE,D,20180405,000000,5.32076,5.4795,5.32076,5.4795,0,0
AMC_PE,D,20180406,000000,5.55904,5.63841,5.55904,5.63841,0,0
AMC_PE,D,20180409,000000,5.71786,5.8766,5.63841,5.63841,0,0
AMC_PE,D,20180410,000000,5.63841,5.63841,5.55904,5.55904,0,0
AMC_PE,D,20180411,000000,5.55904,5.55904,5.40013,5.40013,0,0
AMC_PE,D,20180412,000000,5.40013,5.4795,5.32076,5.4795,0,0
AMC_PE,D,20180413,000000,5.55904,5.55904,5.4795,5.4795,0,0
AMC_PE,D,20180416,000000,5.55904,5.55904,5.40013,5.40013,0,0
AMC_PE,D,20180417,000000,5.40013,5.4795,5.32076,5.40013,0,0
AMC_PE,D,20180418,000000,5.40013,5.4795,5.32076,5.32076,0,0
AMC_PE,D,20180419,000000,5.32076,5.4795,5.32076,5.32076,0,0
AMC_PE,D,20180420,000000,5.32076,5.40013,5.32076,5.40013,0,0
AMC_PE,D,20180423,000000,5.40013,5.40013,5.32076,5.32076,0,0
AMC_PE,D,20180424,000000,5.40013,5.40013,5.16193,5.32076,0,0
AMC_PE,D,20180425,000000,5.32076,5.32076,5.24139,5.32076,0,0
AMC_PE,D,20180426,000000,5.24139,5.24139,5.24139,5.24139,0,0
AMC_PE,D,20180427,000000,5.24139,5.32076,5.08248,5.08248,0,0
AMC_PE,D,20180430,000000,5.00302,5.16193,4.92374,4.92374,0,0
AMC_PE,D,20180502,000000,4.92374,5.16193,4.92374,5.08248,0,0
AMC_PE,D,20180504,000000,5.16193,5.32076,5.16193,5.24139,0,0
AMC_PE,D,20180507,000000,5.24139,5.24139,5.16193,5.16193,0,0
AMC_PE,D,20180508,000000,5.16193,5.24139,5.16193,5.16193,0,0
AMC_PE,D,20180509,000000,5.16193,5.16193,5.08248,5.08248,0,0
AMC_PE,D,20180510,000000,5.16193,5.16193,5.08248,5.08248,0,0
AMC_PE,D,20180511,000000,5.16193,5.16193,5.08248,5.08248,0,0
AMC_PE,D,20180514,000000,5.08248,5.08248,5.00302,5.08248,0,0
AMC_PE,D,20180515,000000,5.08248,5.16193,5.00302,5.00302,0,0
AMC_PE,D,20180516,000000,5.00302,5.00302,4.92374,5.00302,0,0
AMC_PE,D,20180517,000000,5.00302,5.00302,4.92374,5.00302,0,0
AMC_PE,D,20180518,000000,4.92374,5.00302,4.92374,4.92374,0,0
AMC_PE,D,20180521,000000,5.00302,5.08248,5.00302,5.00302,0,0
AMC_PE,D,20180522,000000,5.08248,5.08248,4.92374,5.00302,0,0
AMC_PE,D,20180523,000000,5.00302,5.00302,4.92374,4.92374,0,0
AMC_PE,D,20180524,000000,4.92374,4.92374,4.84428,4.92374,0,0
AMC_PE,D,20180525,000000,5.00302,5.00302,4.92374,4.92374,0,0
AMC_PE,D,20180528,000000,4.92374,5.00302,4.92374,4.92374,0,0
AMC_PE,D,20180529,000000,4.92374,5.08248,4.92374,5.00302,0,0
AMC_PE,D,20180530,000000,4.92374,4.92374,4.92374,4.92374,0,0
AMC_PE,D,20180601,000000,4.84428,4.92374,4.84428,4.84428,0,0
AMC_PE,D,20180604,000000,4.84428,5.00302,4.76483,5.00302,0,0
AMC_PE,D,20180605,000000,5.00302,5.16193,5.00302,5.16193,0,0
AMC_PE,D,20180606,000000,5.16193,5.16193,5.00302,5.00302,0,0
AMC_PE,D,20180607,000000,5.00302,5.00302,5.00302,5.00302,0,0
AMC_PE,D,20180608,000000,5.00302,5.08248,5.00302,5.08248,0,0
AMC_PE,D,20180611,000000,5.08248,5.16193,5.00302,5.00302,0,0
AMC_PE,D,20180612,000000,5.00302,5.08248,4.92374,5.00302,0,0
AMC_PE,D,20180613,000000,5.00302,5.00302,5.00302,5.00302,0,0
AMC_PE,D,20180614,000000,5.00302,5.08248,5.00302,5.00302,0,0
AMC_PE,D,20180615,000000,5.00302,5.08248,4.76483,4.76483,0,0
AMC_PE,D,20180618,000000,4.76483,4.92374,4.76483,4.92374,0,0
AMC_PE,D,20180619,000000,4.84428,5.00302,4.76483,4.92374,0,0
AMC_PE,D,20180620,000000,4.92374,4.92374,4.84428,4.92374,0,0
AMC_PE,D,20180621,000000,4.92374,4.92374,4.76483,4.84428,0,0
AMC_PE,D,20180622,000000,4.84428,4.84428,4.76483,4.84428,0,0
AMC_PE,D,20180625,000000,4.84428,4.84428,4.76483,4.76483,0,0
AMC_PE,D,20180626,000000,4.76483,4.76483,4.76483,4.76483,0,0
AMC_PE,D,20180627,000000,4.76483,4.76483,4.606,4.606,0,0
AMC_PE,D,20180628,000000,4.606,4.606,4.44709,4.52663,0,0
AMC_PE,D,20180629,000000,4.52663,4.68537,4.52663,4.606,0,0
AMC_PE,D,20180702,000000,4.606,4.76483,4.606,4.76483,0,0
AMC_PE,D,20180703,000000,4.76483,4.76483,4.76483,4.76483,0,0
AMC_PE,D,20180704,000000,4.76483,4.76483,4.606,4.606,0,0
AMC_PE,D,20180705,000000,4.65598,4.81934,4.65598,4.81934,0,0
AMC_PE,D,20180706,000000,4.81934,4.90103,4.65598,4.65598,0,0
AMC_PE,D,20180709,000000,4.65598,4.90103,4.65598,4.90103,0,0
AMC_PE,D,20180710,000000,4.90103,4.90103,4.81934,4.90103,0,0
AMC_PE,D,20180711,000000,4.81934,4.98272,4.81934,4.90103,0,0
AMC_PE,D,20180712,000000,4.90103,4.90103,4.90103,4.90103,0,0
AMC_PE,D,20180713,000000,4.90103,4.90103,4.81934,4.90103,0,0
AMC_PE,D,20180716,000000,4.90103,4.90103,4.81934,4.90103,0,0
AMC_PE,D,20180717,000000,4.90103,4.90103,4.90103,4.90103,0,0
AMC_PE,D,20180718,000000,4.90103,4.90103,4.90103,4.90103,0,0
AMC_PE,D,20180719,000000,4.90103,4.90103,4.90103,4.90103,0,0
AMC_PE,D,20180720,000000,4.90103,4.90103,4.90103,4.90103,0,0
AMC_PE,D,20180723,000000,4.90103,5.0643,4.90103,5.0643,0,0
AMC_PE,D,20180724,000000,5.0643,5.22777,5.0643,5.0643,0,0
AMC_PE,D,20180725,000000,5.0643,5.14599,5.0643,5.14599,0,0
AMC_PE,D,20180726,000000,5.14599,5.14599,5.14599,5.14599,0,0
AMC_PE,D,20180727,000000,5.22777,5.39104,5.14599,5.30936,0,0
AMC_PE,D,20180730,000000,5.30936,5.5545,5.30936,5.47273,0,0
AMC_PE,D,20180731,000000,5.47273,5.5545,5.47273,5.47273,0,0
AMC_PE,D,20180801,000000,5.47273,5.63609,5.47273,5.63609,0,0
AMC_PE,D,20180802,000000,5.63609,5.63609,5.39104,5.39104,0,0
AMC_PE,D,20180803,000000,5.47273,5.5545,5.22777,5.39104,0,0
AMC_PE,D,20180806,000000,5.39104,5.47273,5.39104,5.47273,0,0
AMC_PE,D,20180807,000000,5.47273,5.5545,5.39104,5.39104,0,0
AMC_PE,D,20180808,000000,5.39104,5.47273,5.39104,5.47273,0,0
AMC_PE,D,20180809,000000,5.47273,5.47273,5.39104,5.39104,0,0
AMC_PE,D,20180810,000000,5.47273,5.47273,5.39104,5.39104,0,0
AMC_PE,D,20180813,000000,5.47273,5.47273,5.22777,5.30936,0,0
AMC_PE,D,20180814,000000,5.30936,5.47273,5.30936,5.30936,0,0
AMC_PE,D,20180816,000000,5.30936,5.39104,5.22777,5.30936,0,0
AMC_PE,D,20180817,000000,5.30936,5.47273,5.30936,5.39104,0,0
AMC_PE,D,20180820,000000,5.39104,5.47273,5.39104,5.39104,0,0
AMC_PE,D,20180821,000000,5.39104,5.39104,5.30936,5.39104,0,0
AMC_PE,D,20180822,000000,5.47273,5.47273,5.30936,5.39104,0,0
AMC_PE,D,20180823,000000,5.47273,5.47273,5.39104,5.39104,0,0
AMC_PE,D,20180824,000000,5.39104,5.47273,5.30936,5.47273,0,0
AMC_PE,D,20180827,000000,5.47273,5.63609,5.47273,5.5545,0,0
AMC_PE,D,20180828,000000,5.5545,5.63609,5.5545,5.63609,0,0
AMC_PE,D,20180829,000000,5.63609,5.63609,5.5545,5.5545,0,0
AMC_PE,D,20180830,000000,5.47273,5.5545,5.47273,5.5545,0,0
AMC_PE,D,20180831,000000,5.5545,7.92333,5.39104,7.92333,0,0
AMC_PE,D,20180903,000000,7.92333,7.92333,7.59651,7.59651,0,0
AMC_PE,D,20180904,000000,7.59651,7.59651,7.35145,7.51491,0,0
AMC_PE,D,20180905,000000,7.35145,7.35145,7.18817,7.18817,0,0
AMC_PE,D,20180906,000000,7.18817,7.18817,6.86135,7.1064,0,0
AMC_PE,D,20180907,000000,7.02472,7.1064,6.94303,7.02472,0,0
AMC_PE,D,20180910,000000,7.02472,7.02472,6.86135,6.86135,0,0
AMC_PE,D,20180911,000000,6.94303,6.94303,6.86135,6.94303,0,0
AMC_PE,D,20180912,000000,6.94303,7.1064,6.94303,7.02472,0,0
AMC_PE,D,20180913,000000,7.02472,7.02472,6.86135,6.94303,0,0
AMC_PE,D,20180914,000000,6.94303,6.94303,6.86135,6.86135,0,0
AMC_PE,D,20180917,000000,6.86135,6.86135,6.77966,6.77966,0,0
AMC_PE,D,20180918,000000,6.77966,6.86135,6.77966,6.86135,0,0
AMC_PE,D,20180919,000000,6.77966,6.86135,6.69807,6.77966,0,0
AMC_PE,D,20180920,000000,6.86135,6.94303,6.77966,6.86135,0,0
AMC_PE,D,20180921,000000,6.86135,6.86135,6.77966,6.77966,0,0
AMC_PE,D,20180924,000000,6.86135,6.86135,6.77966,6.77966,0,0
AMC_PE,D,20180925,000000,6.77966,6.86135,6.77966,6.77966,0,0
AMC_PE,D,20180926,000000,6.86135,6.94303,6.86135,6.94303,0,0
AMC_PE,D,20180927,000000,7.1064,7.1064,6.86135,6.86135,0,0
AMC_PE,D,20180928,000000,6.86135,6.94303,6.86135,6.86135,0,0
AMC_PE,D,20181001,000000,7.02472,7.02472,6.94303,6.94303,0,0
AMC_PE,D,20181002,000000,7.02472,7.02472,6.86135,6.94303,0,0
AMC_PE,D,20181003,000000,6.94303,7.02472,6.94303,6.94303,0,0
AMC_PE,D,20181004,000000,6.94303,6.94303,6.86135,6.94303,0,0
AMC_PE,D,20181005,000000,6.94303,6.94303,6.86135,6.86135,0,0
AMC_PE,D,20181008,000000,6.77966,6.86135,6.77966,6.86135,0,0
AMC_PE,D,20181009,000000,6.86135,6.94303,6.86135,6.94303,0,0
AMC_PE,D,20181010,000000,6.94303,7.02472,6.86135,6.86135,0,0
AMC_PE,D,20181011,000000,6.77966,6.94303,6.69807,6.94303,0,0
AMC_PE,D,20181012,000000,6.94303,7.02472,6.94303,6.94303,0,0
AMC_PE,D,20181015,000000,6.86135,6.94303,6.77966,6.86135,0,0
AMC_PE,D,20181016,000000,6.86135,6.86135,6.77966,6.86135,0,0
AMC_PE,D,20181017,000000,6.86135,6.94303,6.86135,6.86135,0,0
AMC_PE,D,20181018,000000,6.86135,6.94303,6.77966,6.94303,0,0
AMC_PE,D,20181019,000000,6.86135,6.94303,6.86135,6.94303,0,0
AMC_PE,D,20181022,000000,6.94303,6.94303,6.86135,6.94303,0,0
AMC_PE,D,20181023,000000,6.94303,6.94303,6.77966,6.94303,0,0
AMC_PE,D,20181024,000000,6.94303,6.94303,6.86135,6.86135,0,0
AMC_PE,D,20181025,000000,6.77966,6.77966,6.53461,6.69807,0,0
AMC_PE,D,20181026,000000,6.77966,6.77966,6.61629,6.69807,0,0
AMC_PE,D,20181029,000000,6.61629,6.69807,6.53461,6.61629,0,0
AMC_PE,D,20181030,000000,6.53461,6.61629,6.53461,6.53461,0,0
AMC_PE,D,20181031,000000,6.53461,6.61629,6.53461,6.61629,0,0
AMC_PE,D,20181102,000000,6.61629,6.61629,6.61629,6.61629,0,0
AMC_PE,D,20181105,000000,6.61629,6.61629,6.61629,6.61629,0,0
AMC_PE,D,20181106,000000,6.61629,6.61629,6.37125,6.45302,0,0
AMC_PE,D,20181107,000000,6.45302,6.45302,6.28965,6.37125,0,0
AMC_PE,D,20181108,000000,6.37125,6.45302,6.1262,6.45302,0,0
AMC_PE,D,20181109,000000,6.53461,6.61629,6.45302,6.61629,0,0
AMC_PE,D,20181113,000000,6.53461,6.53461,6.37125,6.37125,0,0
AMC_PE,D,20181114,000000,6.45302,6.45302,6.28965,6.45302,0,0
AMC_PE,D,20181115,000000,6.45302,6.45302,6.28965,6.28965,0,0
AMC_PE,D,20181116,000000,6.28965,6.37125,6.20787,6.28965,0,0
AMC_PE,D,20181119,000000,6.28965,6.77966,6.28965,6.37125,0,0
AMC_PE,D,20181120,000000,6.45302,6.45302,6.20787,6.37125,0,0
AMC_PE,D,20181121,000000,6.28965,6.37125,6.28965,6.37125,0,0
AMC_PE,D,20181122,000000,6.37125,6.37125,6.28965,6.28965,0,0
AMC_PE,D,20181123,000000,6.28965,6.45302,6.28965,6.45302,0,0
AMC_PE,D,20181126,000000,6.53461,6.61629,6.45302,6.45302,0,0
AMC_PE,D,20181127,000000,6.53461,6.53461,6.45302,6.53461,0,0
AMC_PE,D,20181128,000000,6.45302,6.53461,6.45302,6.53461,0,0
AMC_PE,D,20181129,000000,6.53461,6.77966,6.53461,6.77966,0,0
AMC_PE,D,20181130,000000,6.77966,6.86135,6.69807,6.69807,0,0
AMC_PE,D,20181203,000000,6.77966,6.94303,6.77966,6.86135,0,0
AMC_PE,D,20181204,000000,6.86135,6.86135,6.77966,6.86135,0,0
AMC_PE,D,20181205,000000,6.86135,6.94303,6.77966,6.94303,0,0
AMC_PE,D,20181206,000000,6.94303,6.94303,6.77966,6.77966,0,0
AMC_PE,D,20181207,000000,6.77966,6.86135,6.77966,6.86135,0,0
AMC_PE,D,20181210,000000,6.86135,6.86135,6.69807,6.77966,0,0
AMC_PE,D,20181211,000000,6.77966,6.77966,6.61629,6.61629,0,0
AMC_PE,D,20181212,000000,6.61629,6.86135,6.53461,6.86135,0,0
AMC_PE,D,20181213,000000,6.94303,6.94303,6.86135,6.86135,0,0
AMC_PE,D,20181214,000000,6.86135,6.86135,6.77966,6.86135,0,0
AMC_PE,D,20181217,000000,6.77966,6.77966,6.61629,6.61629,0,0
AMC_PE,D,20181218,000000,6.61629,6.61629,6.53461,6.53461,0,0
AMC_PE,D,20181219,000000,6.45302,6.61629,6.37125,6.61629,0,0
AMC_PE,D,20181220,000000,6.61629,6.69807,6.61629,6.61629,0,0
AMC_PE,D,20181221,000000,6.61629,6.61629,6.37125,6.45302,0,0
AMC_PE,D,20181227,000000,6.45302,6.61629,6.37125,6.53461,0,0
AMC_PE,D,20181228,000000,6.61629,6.77966,6.53461,6.77966,0,0
AMC_PE,D,20190102,000000,6.77966,6.77966,6.69807,6.69807,0,0
AMC_PE,D,20190103,000000,6.69807,6.69807,6.53461,6.61629,0,0
AMC_PE,D,20190104,000000,6.61629,6.69807,6.53461,6.53461,0,0
AMC_PE,D,20190107,000000,6.61629,6.77966,6.53461,6.77966,0,0
AMC_PE,D,20190108,000000,6.77966,6.86135,6.61629,6.69807,0,0
AMC_PE,D,20190109,000000,6.77966,6.86135,6.77966,6.86135,0,0
AMC_PE,D,20190110,000000,6.86135,7.02472,6.77966,7.02472,0,0
AMC_PE,D,20190111,000000,7.02472,7.26978,7.02472,7.26978,0,0
AMC_PE,D,20190114,000000,7.26978,7.26978,7.18817,7.26978,0,0
AMC_PE,D,20190115,000000,7.35145,7.35145,7.1064,7.1064,0,0
AMC_PE,D,20190116,000000,7.26978,7.26978,7.18817,7.18817,0,0
AMC_PE,D,20190117,000000,7.18817,7.26978,7.18817,7.26978,0,0
AMC_PE,D,20190118,000000,7.35145,7.35145,7.26978,7.26978,0,0
AMC_PE,D,20190121,000000,7.35145,7.35145,7.26978,7.35145,0,0
AMC_PE,D,20190122,000000,7.35145,7.35145,7.26978,7.26978,0,0
AMC_PE,D,20190123,000000,7.26978,7.26978,7.18817,7.26978,0,0
AMC_PE,D,20190124,000000,7.26978,7.35145,7.1064,7.18817,0,0
AMC_PE,D,20190125,000000,7.18817,7.26978,7.1064,7.26978,0,0
AMC_PE,D,20190128,000000,7.26978,7.26978,7.18817,7.26978,0,0
AMC_PE,D,20190129,000000,7.26978,7.26978,7.18817,7.18817,0,0
AMC_PE,D,20190130,000000,7.26978,7.35145,7.18817,7.18817,0,0
AMC_PE,D,20190131,000000,7.18817,7.26978,7.18817,7.18817,0,0
AMC_PE,D,20190201,000000,7.1064,7.18817,7.1064,7.18817,0,0
AMC_PE,D,20190204,000000,7.18817,7.35145,7.18817,7.35145,0,0
AMC_PE,D,20190205,000000,7.35145,7.51491,7.35145,7.51491,0,0
AMC_PE,D,20190206,000000,7.51491,7.67819,7.51491,7.67819,0,0
AMC_PE,D,20190207,000000,7.67819,7.67819,7.43322,7.43322,0,0
AMC_PE,D,20190208,000000,7.43322,7.67819,7.43322,7.67819,0,0
AMC_PE,D,20190211,000000,7.59651,7.67819,7.51491,7.59651,0,0
AMC_PE,D,20190212,000000,7.59651,7.59651,7.51491,7.59651,0,0
AMC_PE,D,20190213,000000,7.59651,7.59651,7.51491,7.59651,0,0
AMC_PE,D,20190214,000000,7.59651,7.67819,7.51491,7.51491,0,0
AMC_PE,D,20190215,000000,7.59651,7.59651,7.43322,7.43322,0,0
AMC_PE,D,20190218,000000,7.51491,7.59651,7.43322,7.51491,0,0
AMC_PE,D,20190219,000000,7.59651,7.59651,7.43322,7.59651,0,0
AMC_PE,D,20190220,000000,7.59651,7.67819,7.51491,7.67819,0,0
AMC_PE,D,20190221,000000,7.75987,7.75987,7.67819,7.67819,0,0
AMC_PE,D,20190222,000000,7.67819,7.75987,7.67819,7.67819,0,0
AMC_PE,D,20190225,000000,7.67819,7.84155,7.59651,7.84155,0,0
AMC_PE,D,20190226,000000,7.84155,7.92333,7.75987,7.84155,0,0
AMC_PE,D,20190227,000000,8.16794,8.24962,7.92333,8.16794,0,0
AMC_PE,D,20190228,000000,8.16794,8.41369,8.16794,8.41369,0,0
AMC_PE,D,20190301,000000,8.41369,8.41369,8.33121,8.41369,0,0
AMC_PE,D,20190304,000000,8.41369,8.41369,7.92333,8.16794,0,0
AMC_PE,D,20190305,000000,8.16794,8.24962,8.08634,8.08634,0,0
AMC_PE,D,20190306,000000,8.08634,8.16794,8.00493,8.08634,0,0
AMC_PE,D,20190307,000000,8.08634,8.08634,8.00493,8.08634,0,0
AMC_PE,D,20190308,000000,8.08634,8.16794,8.00493,8.08634,0,0
AMC_PE,D,20190311,000000,8.08634,8.24962,8.08634,8.08634,0,0
AMC_PE,D,20190312,000000,8.08634,8.16794,8.08634,8.16794,0,0
AMC_PE,D,20190313,000000,8.16794,8.16794,8.08634,8.08634,0,0
AMC_PE,D,20190314,000000,8.08634,8.16794,8.08634,8.16794,0,0
AMC_PE,D,20190315,000000,8.16794,8.4953,8.16794,8.4953,0,0
AMC_PE,D,20190318,000000,8.4953,8.6583,8.4953,8.6583,0,0
AMC_PE,D,20190319,000000,8.6583,8.74026,8.57725,8.6583,0,0
AMC_PE,D,20190320,000000,8.6583,8.6583,8.57725,8.57725,0,0
AMC_PE,D,20190321,000000,8.57725,8.6583,8.4953,8.6583,0,0
AMC_PE,D,20190322,000000,8.6583,8.6583,8.41369,8.4953,0,0
AMC_PE,D,20190325,000000,8.41369,8.41369,8.24962,8.41369,0,0
AMC_PE,D,20190326,000000,8.41369,8.57725,8.33121,8.4953,0,0
AMC_PE,D,20190327,000000,8.57725,8.57725,8.33121,8.57725,0,0
AMC_PE,D,20190328,000000,8.57725,8.57725,8.41369,8.41369,0,0
AMC_PE,D,20190329,000000,8.4953,8.74026,8.4953,8.57725,0,0
AMC_PE,D,20190401,000000,8.6583,8.6583,7.92333,7.92333,0,0
AMC_PE,D,20190402,000000,7.92333,7.92333,7.84155,7.92333,0,0
AMC_PE,D,20190403,000000,7.92333,8.08634,7.92333,8.08634,0,0
AMC_PE,D,20190404,000000,8.08634,8.08634,7.92333,8.00493,0,0
AMC_PE,D,20190405,000000,8.00493,8.00493,7.67819,7.75987,0,0
AMC_PE,D,20190408,000000,7.75987,7.84155,7.75987,7.84155,0,0
AMC_PE,D,20190409,000000,7.84155,7.84155,7.67819,7.75987,0,0
AMC_PE,D,20190410,000000,7.75987,8.00493,7.75987,7.92333,0,0
AMC_PE,D,20190411,000000,7.92333,8.00493,7.92333,8.00493,0,0
AMC_PE,D,20190412,000000,8.00493,8.00493,7.92333,8.00493,0,0
AMC_PE,D,20190415,000000,8.00493,8.00493,7.92333,7.92333,0,0
AMC_PE,D,20190416,000000,7.92333,7.92333,7.84155,7.92333,0,0
AMC_PE,D,20190417,000000,7.92333,7.92333,7.84155,7.92333,0,0
AMC_PE,D,20190418,000000,7.92333,7.92333,7.84155,7.92333,0,0
AMC_PE,D,20190423,000000,7.92333,7.92333,7.67819,7.75987,0,0
AMC_PE,D,20190424,000000,7.67819,7.67819,7.51491,7.59651,0,0
AMC_PE,D,20190425,000000,7.59651,7.59651,7.26978,7.26978,0,0
AMC_PE,D,20190426,000000,7.26978,7.26978,7.1064,7.26978,0,0
AMC_PE,D,20190429,000000,7.26978,7.35145,7.18817,7.35145,0,0
AMC_PE,D,20190430,000000,7.26978,7.43322,7.18817,7.26978,0,0
AMC_PE,D,20190502,000000,7.18817,7.26978,7.02472,7.02472,0,0
AMC_PE,D,20190506,000000,7.02472,7.18817,6.94303,7.18817,0,0
AMC_PE,D,20190507,000000,7.18817,7.59651,7.18817,7.26978,0,0
AMC_PE,D,20190508,000000,7.51491,7.51491,7.35145,7.43322,0,0
AMC_PE,D,20190509,000000,7.51491,7.51491,7.26978,7.35145,0,0
AMC_PE,D,20190510,000000,7.26978,7.35145,7.18817,7.18817,0,0
AMC_PE,D,20190513,000000,7.18817,7.26978,7.18817,7.26978,0,0
AMC_PE,D,20190514,000000,7.26978,7.26978,7.18817,7.18817,0,0
AMC_PE,D,20190515,000000,7.18817,7.18817,7.1064,7.18817,0,0
AMC_PE,D,20190516,000000,7.18817,7.26978,7.1064,7.26978,0,0
AMC_PE,D,20190517,000000,7.26978,7.26978,7.18817,7.26978,0,0
AMC_PE,D,20190520,000000,7.26978,7.26978,7.18817,7.26978,0,0
AMC_PE,D,20190521,000000,7.35145,7.43322,7.35145,7.35145,0,0
AMC_PE,D,20190522,000000,7.43322,7.51491,7.35145,7.43322,0,0
AMC_PE,D,20190523,000000,7.51491,7.59651,7.51491,7.51491,0,0
AMC_PE,D,20190524,000000,7.51491,7.67819,7.51491,7.59651,0,0
AMC_PE,D,20190527,000000,7.59651,7.59651,6.86135,7.26978,0,0
AMC_PE,D,20190528,000000,7.24705,7.49986,7.24705,7.49986,0,0
AMC_PE,D,20190529,000000,7.58412,7.58412,6.90999,7.16279,0,0
AMC_PE,D,20190530,000000,7.24705,7.49986,6.90999,7.49986,0,0
AMC_PE,D,20190531,000000,7.49986,7.49986,7.16279,7.24705,0,0
AMC_PE,D,20190603,000000,7.24705,7.33132,6.99416,7.16279,0,0
AMC_PE,D,20190604,000000,7.16279,7.24705,6.99416,7.07852,0,0
AMC_PE,D,20190605,000000,7.07852,7.07852,6.82571,6.90999,0,0
AMC_PE,D,20190606,000000,6.90999,6.90999,6.90999,6.90999,0,0
AMC_PE,D,20190607,000000,6.90999,6.90999,6.74145,6.82571,0,0
AMC_PE,D,20190610,000000,6.82571,6.99416,6.74145,6.82571,0,0
AMC_PE,D,20190611,000000,6.90999,7.07852,6.82571,7.07852,0,0
AMC_PE,D,20190612,000000,7.07852,7.07852,6.90999,6.90999,0,0
AMC_PE,D,20190613,000000,6.99416,6.99416,6.90999,6.90999,0,0
AMC_PE,D,20190614,000000,6.99416,6.99416,6.90999,6.99416,0,0
AMC_PE,D,20190617,000000,6.90999,6.99416,6.90999,6.99416,0,0
AMC_PE,D,20190618,000000,7.07852,7.07852,6.82571,6.99416,0,0
AMC_PE,D,20190619,000000,6.99416,6.99416,6.90999,6.99416,0,0
AMC_PE,D,20190621,000000,6.99416,6.99416,6.90999,6.90999,0,0
AMC_PE,D,20190624,000000,6.90999,6.99416,6.90999,6.90999,0,0
AMC_PE,D,20190625,000000,6.99416,7.16279,6.90999,7.07852,0,0
AMC_PE,D,20190626,000000,7.07852,7.16279,7.07852,7.16279,0,0
AMC_PE,D,20190627,000000,7.16279,7.24705,7.16279,7.24705,0,0
AMC_PE,D,20190628,000000,7.24705,7.24705,7.16279,7.16279,0,0
AMC_PE,D,20190701,000000,7.16279,7.24705,6.99416,7.07852,0,0
AMC_PE,D,20190702,000000,7.07852,7.16279,6.99416,7.07852,0,0
AMC_PE,D,20190703,000000,6.99416,7.07852,6.99416,7.07852,0,0
AMC_PE,D,20190704,000000,7.07852,7.07852,6.90999,7.07852,0,0
AMC_PE,D,20190705,000000,7.07852,7.33132,6.99416,7.33132,0,0
AMC_PE,D,20190708,000000,7.33132,7.33132,7.33132,7.33132,0,0
AMC_PE,D,20190709,000000,7.33132,7.41559,7.24705,7.24705,0,0
AMC_PE,D,20190710,000000,7.33132,7.49986,7.16279,7.49986,0,0
AMC_PE,D,20190711,000000,7.49986,7.49986,7.41559,7.41559,0,0
AMC_PE,D,20190712,000000,7.41559,7.41559,7.33132,7.33132,0,0
AMC_PE,D,20190715,000000,7.33132,7.33132,7.16279,7.24705,0,0
AMC_PE,D,20190716,000000,7.33132,7.33132,7.24705,7.24705,0,0
AMC_PE,D,20190717,000000,7.24705,7.33132,7.16279,7.16279,0,0
AMC_PE,D,20190718,000000,7.16279,7.24705,6.90999,6.99416,0,0
AMC_PE,D,20190719,000000,6.99416,7.07852,6.82571,7.07852,0,0
AMC_PE,D,20190722,000000,7.07852,7.16279,7.07852,7.16279,0,0
AMC_PE,D,20190723,000000,7.16279,7.16279,7.16279,7.16279,0,0
AMC_PE,D,20190724,000000,7.16279,7.24705,7.16279,7.16279,0,0
AMC_PE,D,20190725,000000,7.16279,7.16279,6.99416,6.99416,0,0
AMC_PE,D,20190726,000000,7.07852,7.07852,6.99416,7.07852,0,0
AMC_PE,D,20190729,000000,7.07852,7.16279,6.90999,7.07852,0,0
AMC_PE,D,20190730,000000,6.99416,7.07852,6.99416,6.99416,0,0
AMC_PE,D,20190731,000000,6.99416,7.07852,6.99416,7.07852,0,0
AMC_PE,D,20190801,000000,7.07852,7.07852,6.99416,7.07852,0,0
AMC_PE,D,20190802,000000,7.07852,7.07852,6.99416,7.07852,0,0
AMC_PE,D,20190805,000000,6.99416,7.07852,6.82571,6.82571,0,0
AMC_PE,D,20190806,000000,6.82571,6.82571,6.65718,6.65718,0,0
AMC_PE,D,20190807,000000,6.74145,6.90999,6.74145,6.90999,0,0
AMC_PE,D,20190808,000000,6.99416,6.99416,6.82571,6.90999,0,0
AMC_PE,D,20190809,000000,6.90999,6.90999,6.82571,6.90999,0,0
AMC_PE,D,20190812,000000,6.90999,6.90999,6.65718,6.74145,0,0
AMC_PE,D,20190813,000000,6.74145,6.74145,6.65718,6.65718,0,0
AMC_PE,D,20190814,000000,6.65718,6.65718,6.57283,6.65718,0,0
AMC_PE,D,20190816,000000,6.65718,6.65718,6.48866,6.57283,0,0
AMC_PE,D,20190819,000000,6.57283,6.57283,6.48866,6.57283,0,0
AMC_PE,D,20190820,000000,6.57283,6.57283,6.48866,6.57283,0,0
AMC_PE,D,20190821,000000,6.57283,6.57283,6.48866,6.48866,0,0
AMC_PE,D,20190822,000000,6.48866,6.57283,6.48866,6.48866,0,0
AMC_PE,D,20190823,000000,6.48866,6.57283,6.48866,6.48866,0,0
AMC_PE,D,20190826,000000,6.48866,6.82571,6.48866,6.82571,0,0
AMC_PE,D,20190827,000000,6.82571,6.90999,6.74145,6.90999,0,0
AMC_PE,D,20190828,000000,6.82571,6.90999,6.74145,6.74145,0,0
AMC_PE,D,20190829,000000,6.74145,6.74145,6.57283,6.65718,0,0
AMC_PE,D,20190830,000000,6.65718,6.74145,6.57283,6.65718,0,0
AMC_PE,D,20190902,000000,6.65718,6.82571,6.57283,6.82571,0,0
AMC_PE,D,20190903,000000,6.82571,6.82571,6.74145,6.82571,0,0
AMC_PE,D,20190904,000000,6.74145,6.82571,6.74145,6.82571,0,0
AMC_PE,D,20190905,000000,6.90999,7.16279,6.82571,7.16279,0,0
AMC_PE,D,20190906,000000,7.24705,7.58412,7.24705,7.49986,0,0
AMC_PE,D,20190909,000000,7.58412,7.58412,7.33132,7.33132,0,0
AMC_PE,D,20190910,000000,7.41559,7.41559,7.24705,7.24705,0,0
AMC_PE,D,20190911,000000,7.41559,7.41559,7.24705,7.24705,0,0
AMC_PE,D,20190912,000000,7.24705,7.33132,7.16279,7.16279,0,0
AMC_PE,D,20190913,000000,7.16279,7.16279,7.07852,7.16279,0,0
AMC_PE,D,20190916,000000,7.24705,7.41559,7.16279,7.41559,0,0
AMC_PE,D,20190917,000000,7.41559,7.41559,7.33132,7.41559,0,0
AMC_PE,D,20190918,000000,7.41559,7.41559,7.33132,7.41559,0,0
AMC_PE,D,20190919,000000,7.33132,7.41559,7.24705,7.41559,0,0
AMC_PE,D,20190920,000000,7.41559,7.41559,7.07852,7.16279,0,0
AMC_PE,D,20190923,000000,7.16279,7.16279,6.99416,7.16279,0,0
AMC_PE,D,20190924,000000,7.07852,7.33132,7.07852,7.33132,0,0
AMC_PE,D,20190925,000000,7.33132,7.41559,7.33132,7.41559,0,0
AMC_PE,D,20190926,000000,7.33132,7.33132,7.16279,7.16279,0,0
AMC_PE,D,20190927,000000,7.16279,7.16279,7.07852,7.07852,0,0
AMC_PE,D,20190930,000000,7.16279,7.16279,7.07852,7.07852,0,0
AMC_PE,D,20191001,000000,6.99416,7.07852,6.99416,6.99416,0,0
AMC_PE,D,20191002,000000,6.90999,7.07852,6.90999,7.07852,0,0
AMC_PE,D,20191003,000000,7.07852,7.33132,7.07852,7.16279,0,0
AMC_PE,D,20191004,000000,7.16279,7.16279,7.07852,7.07852,0,0
AMC_PE,D,20191007,000000,7.07852,7.07852,6.99416,6.99416,0,0
AMC_PE,D,20191008,000000,7.07852,7.07852,6.99416,6.99416,0,0
AMC_PE,D,20191009,000000,7.07852,7.07852,6.90999,6.99416,0,0
AMC_PE,D,20191010,000000,6.99416,6.99416,6.99416,6.99416,0,0
AMC_PE,D,20191011,000000,7.07852,7.07852,6.99416,6.99416,0,0
AMC_PE,D,20191014,000000,6.99416,6.99416,6.99416,6.99416,0,0
AMC_PE,D,20191015,000000,6.99416,6.99416,6.99416,6.99416,0,0
AMC_PE,D,20191016,000000,6.99416,6.99416,6.99416,6.99416,0,0
AMC_PE,D,20191017,000000,6.99416,6.99416,6.90999,6.99416,0,0
AMC_PE,D,20191018,000000,6.99416,6.99416,6.90999,6.99416,0,0
AMC_PE,D,20191021,000000,6.99416,6.99416,6.99416,6.99416,0,0
AMC_PE,D,20191022,000000,6.99416,7.33132,6.90999,7.33132,0,0
AMC_PE,D,20191023,000000,7.33132,7.33132,7.24705,7.33132,0,0
AMC_PE,D,20191024,000000,7.33132,7.41559,7.24705,7.41559,0,0
AMC_PE,D,20191025,000000,7.33132,7.41559,7.33132,7.41559,0,0
AMC_PE,D,20191028,000000,7.41559,7.41559,7.33132,7.41559,0,0
AMC_PE,D,20191029,000000,7.41559,7.41559,7.33132,7.33132,0,0
AMC_PE,D,20191030,000000,7.33132,7.33132,7.33132,7.33132,0,0
AMC_PE,D,20191031,000000,7.33132,7.33132,7.24705,7.33132,0,0
AMC_PE,D,20191104,000000,7.33132,7.49986,7.24705,7.49986,0,0
AMC_PE,D,20191105,000000,7.58412,7.75266,7.58412,7.75266,0,0
AMC_PE,D,20191106,000000,7.75266,7.75266,7.6683,7.75266,0,0
AMC_PE,D,20191107,000000,7.75266,7.83692,7.75266,7.83692,0,0
AMC_PE,D,20191108,000000,7.83692,7.9212,7.83692,7.9212,0,0
AMC_PE,D,20191112,000000,7.9212,7.9212,7.9212,7.9212,0,0
AMC_PE,D,20191113,000000,7.9212,7.9212,7.75266,7.75266,0,0
AMC_PE,D,20191114,000000,7.75266,7.75266,7.75266,7.75266,0,0
AMC_PE,D,20191115,000000,7.6683,7.6683,7.49986,7.58412,0,0
AMC_PE,D,20191118,000000,7.6683,7.83692,7.58412,7.6683,0,0
AMC_PE,D,20191119,000000,7.6683,7.6683,7.58412,7.6683,0,0
AMC_PE,D,20191120,000000,7.6683,7.6683,7.49986,7.49986,0,0
AMC_PE,D,20191121,000000,7.49986,7.58412,7.49986,7.58412,0,0
AMC_PE,D,20191122,000000,7.58412,7.6683,7.58412,7.58412,0,0
AMC_PE,D,20191125,000000,7.58412,7.6683,7.49986,7.6683,0,0
AMC_PE,D,20191126,000000,7.58412,7.6683,7.58412,7.58412,0,0
AMC_PE,D,20191127,000000,7.58412,7.58412,7.58412,7.58412,0,0
AMC_PE,D,20191128,000000,7.58412,8.00546,7.58412,7.6683,0,0
AMC_PE,D,20191129,000000,7.6683,8.08972,7.6683,8.08972,0,0
AMC_PE,D,20191202,000000,8.08972,8.25818,8.00546,8.00546,0,0
AMC_PE,D,20191203,000000,8.174,8.174,8.08972,8.08972,0,0
AMC_PE,D,20191204,000000,8.08972,8.08972,8.00546,8.00546,0,0
AMC_PE,D,20191205,000000,8.00546,8.08972,8.00546,8.00546,0,0
AMC_PE,D,20191206,000000,8.00546,8.00546,7.9212,8.00546,0,0
AMC_PE,D,20191209,000000,8.00546,8.08972,8.00546,8.00546,0,0
AMC_PE,D,20191210,000000,8.00546,8.08972,8.00546,8.00546,0,0
AMC_PE,D,20191211,000000,8.00546,8.25818,8.00546,8.25818,0,0
AMC_PE,D,20191212,000000,8.25818,8.34244,8.25818,8.25818,0,0
AMC_PE,D,20191213,000000,8.25818,8.42662,8.25818,8.42662,0,0
AMC_PE,D,20191216,000000,8.42662,8.42662,8.34244,8.34244,0,0
AMC_PE,D,20191217,000000,8.34244,8.42662,8.34244,8.34244,0,0
AMC_PE,D,20191218,000000,8.34244,8.42662,8.34244,8.42662,0,0
AMC_PE,D,20191219,000000,8.34244,8.51044,8.34244,8.51044,0,0
AMC_PE,D,20191220,000000,8.51044,8.51044,8.34244,8.51044,0,0
AMC_PE,D,20191223,000000,8.51044,8.59506,8.34244,8.51044,0,0
AMC_PE,D,20191227,000000,8.51044,8.59506,8.34244,8.42662,0,0
AMC_PE,D,20191230,000000,8.51044,8.51044,8.174,8.25818,0,0
AMC_PE,D,20200102,000000,8.25818,8.34244,8.25818,8.34244,0,0
AMC_PE,D,20200103,000000,8.34244,8.51044,8.34244,8.42662,0,0
AMC_PE,D,20200107,000000,8.42662,8.59506,8.34244,8.59506,0,0
AMC_PE,D,20200108,000000,8.59506,8.67968,8.51044,8.59506,0,0
AMC_PE,D,20200109,000000,8.59506,8.59506,8.51044,8.59506,0,0
AMC_PE,D,20200110,000000,8.59506,8.67968,8.59506,8.59506,0,0
AMC_PE,D,20200113,000000,8.67968,8.67968,8.59506,8.67968,0,0
AMC_PE,D,20200114,000000,8.67968,8.67968,8.59506,8.67968,0,0
AMC_PE,D,20200115,000000,8.67968,8.93266,8.59506,8.59506,0,0
AMC_PE,D,20200116,000000,8.67968,8.84892,8.67968,8.76341,0,0
AMC_PE,D,20200117,000000,8.67968,8.93266,8.67968,8.84892,0,0
AMC_PE,D,20200120,000000,8.84892,9.01729,8.76341,9.01729,0,0
AMC_PE,D,20200121,000000,9.01729,9.01729,8.84892,8.84892,0,0
AMC_PE,D,20200122,000000,8.84892,8.93266,8.51044,8.59506,0,0
AMC_PE,D,20200123,000000,8.67968,8.67968,8.59506,8.59506,0,0
AMC_PE,D,20200124,000000,8.59506,8.67968,8.59506,8.67968,0,0
AMC_PE,D,20200127,000000,8.84892,8.84892,8.59506,8.67968,0,0
AMC_PE,D,20200128,000000,8.67968,8.67968,8.34244,8.51044,0,0
AMC_PE,D,20200129,000000,8.51044,8.67968,8.51044,8.67968,0,0
AMC_PE,D,20200130,000000,8.67968,8.67968,8.51044,8.59506,0,0
AMC_PE,D,20200131,000000,8.59506,8.76341,8.59506,8.76341,0,0
AMC_PE,D,20200203,000000,8.84892,8.84892,8.76341,8.76341,0,0
AMC_PE,D,20200204,000000,8.67968,8.84892,8.67968,8.84892,0,0
AMC_PE,D,20200205,000000,8.84892,9.01729,8.84892,8.93266,0,0
AMC_PE,D,20200206,000000,8.93266,9.01729,8.84892,9.01729,0,0
AMC_PE,D,20200207,000000,9.01729,9.01729,8.93266,9.01729,0,0
AMC_PE,D,20200210,000000,8.93266,9.01729,8.51044,8.51044,0,0
AMC_PE,D,20200211,000000,8.51044,8.59506,8.25818,8.51044,0,0
AMC_PE,D,20200212,000000,8.59506,8.59506,8.51044,8.51044,0,0
AMC_PE,D,20200213,000000,8.51044,8.59506,8.42662,8.59506,0,0
AMC_PE,D,20200214,000000,8.51044,8.59506,8.51044,8.51044,0,0
AMC_PE,D,20200217,000000,8.51044,8.59506,8.51044,8.51044,0,0
AMC_PE,D,20200218,000000,8.51044,8.51044,8.34244,8.34244,0,0
AMC_PE,D,20200219,000000,8.34244,8.34244,7.9212,8.00546,0,0
AMC_PE,D,20200220,000000,7.9212,8.08972,7.9212,8.08972,0,0
AMC_PE,D,20200221,000000,8.08972,8.08972,8.00546,8.00546,0,0
AMC_PE,D,20200224,000000,7.9212,7.9212,7.58412,7.75266,0,0
AMC_PE,D,20200225,000000,7.75266,7.75266,7.49986,7.6683,0,0
AMC_PE,D,20200226,000000,7.58412,7.58412,7.33132,7.58412,0,0
AMC_PE,D,20200227,000000,7.58412,7.58412,6.90999,6.90999,0,0
AMC_PE,D,20200228,000000,6.82571,6.82571,6.40439,6.74145,0,0
AMC_PE,D,20200302,000000,6.74145,7.24705,6.74145,6.99416,0,0
AMC_PE,D,20200303,000000,7.16279,7.6683,7.16279,7.58412,0,0
AMC_PE,D,20200304,000000,7.6683,7.6683,7.33132,7.41559,0,0
AMC_PE,D,20200305,000000,7.41559,7.58412,6.99416,6.99416,0,0
AMC_PE,D,20200306,000000,6.90999,6.99416,6.65718,6.82571,0,0
AMC_PE,D,20200309,000000,6.65718,6.65718,6.32012,6.40439,0,0
AMC_PE,D,20200310,000000,6.40439,6.48866,6.32012,6.40439,0,0
AMC_PE,D,20200311,000000,6.40439,6.40439,6.32012,6.32012,0,0
AMC_PE,D,20200312,000000,5.98305,5.98305,5.39317,5.47736,0,0
AMC_PE,D,20200313,000000,5.47736,5.98305,5.47736,5.56171,0,0
AMC_PE,D,20200316,000000,5.22456,5.39317,4.88758,5.39317,0,0
AMC_PE,D,20200317,000000,5.39317,5.56171,5.14037,5.22456,0,0
AMC_PE,D,20200318,000000,5.14037,5.14037,5.05603,5.05603,0,0
AMC_PE,D,20200319,000000,5.22456,5.22456,4.88758,5.05603,0,0
AMC_PE,D,20200320,000000,5.05603,5.22456,4.88758,4.88758,0,0
AMC_PE,D,20200323,000000,4.88758,4.88758,4.38189,4.46625,0,0
AMC_PE,D,20200324,000000,4.71905,4.71905,4.38189,4.38189,0,0
AMC_PE,D,20200325,000000,4.80322,4.80322,4.38189,4.38189,0,0
AMC_PE,D,20200326,000000,4.29771,4.38189,4.21335,4.29771,0,0
AMC_PE,D,20200327,000000,4.29771,4.63469,4.29771,4.63469,0,0
AMC_PE,D,20200330,000000,4.71905,4.80322,4.46625,4.80322,0,0
AMC_PE,D,20200331,000000,4.88758,5.22456,4.88758,5.05603,0,0
AMC_PE,D,20200401,000000,5.05603,5.05603,4.97185,5.05603,0,0
AMC_PE,D,20200402,000000,5.05603,5.05603,4.97185,4.97185,0,0
AMC_PE,D,20200403,000000,4.97185,5.14037,4.80322,5.05603,0,0
AMC_PE,D,20200406,000000,5.14037,5.39317,5.14037,5.30891,0,0
AMC_PE,D,20200407,000000,5.39317,5.81451,5.39317,5.47736,0,0
AMC_PE,D,20200408,000000,5.56171,5.56171,5.14037,5.39317,0,0
AMC_PE,D,20200409,000000,5.47736,5.47736,5.47736,5.47736,0,0
AMC_PE,D,20200414,000000,5.47736,6.06732,5.47736,5.98305,0,0
AMC_PE,D,20200415,000000,6.48866,6.48866,6.06732,6.06732,0,0
AMC_PE,D,20200416,000000,6.06732,6.23585,6.06732,6.06732,0,0
AMC_PE,D,20200417,000000,6.15149,6.23585,6.15149,6.15149,0,0
AMC_PE,D,20200420,000000,6.23585,6.23585,6.15149,6.15149,0,0
AMC_PE,D,20200421,000000,6.15149,6.15149,5.81451,5.81451,0,0
AMC_PE,D,20200422,000000,5.81451,5.98305,5.64597,5.98305,0,0
AMC_PE,D,20200423,000000,6.06732,6.06732,5.89869,5.98305,0,0
AMC_PE,D,20200424,000000,5.98305,5.98305,5.89869,5.98305,0,0
AMC_PE,D,20200427,000000,5.98305,5.98305,5.89869,5.98305,0,0
AMC_PE,D,20200428,000000,5.98305,5.98305,5.98305,5.98305,0,0
AMC_PE,D,20200429,000000,5.98305,5.98305,5.89869,5.89869,0,0
AMC_PE,D,20200430,000000,5.81451,5.89869,5.81451,5.89869,0,0
AMC_PE,D,20200504,000000,5.89869,5.89869,5.64597,5.73025,0,0
AMC_PE,D,20200505,000000,5.73025,5.81451,5.64597,5.64597,0,0
AMC_PE,D,20200506,000000,5.64597,5.64597,5.56171,5.56171,0,0
AMC_PE,D,20200507,000000,5.56171,5.89869,5.39317,5.81451,0,0
AMC_PE,D,20200508,000000,5.89869,5.98305,5.81451,5.89869,0,0
AMC_PE,D,20200511,000000,5.89869,5.89869,5.81451,5.81451,0,0
AMC_PE,D,20200512,000000,5.81451,5.89869,5.73025,5.81451,0,0
AMC_PE,D,20200513,000000,5.81451,5.89869,5.73025,5.81451,0,0
AMC_PE,D,20200514,000000,5.73025,5.81451,5.73025,5.81451,0,0
AMC_PE,D,20200515,000000,5.81451,5.89869,5.81451,5.81451,0,0
AMC_PE,D,20200518,000000,5.81451,5.89869,5.81451,5.89869,0,0
AMC_PE,D,20200519,000000,5.89869,5.89869,5.81451,5.81451,0,0
AMC_PE,D,20200520,000000,5.81451,5.81451,5.81451,5.81451,0,0
AMC_PE,D,20200521,000000,5.81451,5.81451,5.64597,5.81451,0,0
AMC_PE,D,20200522,000000,5.81451,5.81451,5.73025,5.73025,0,0
AMC_PE,D,20200525,000000,5.73025,5.81451,5.73025,5.81451,0,0
AMC_PE,D,20200526,000000,5.81451,5.89869,5.81451,5.89869,0,0
AMC_PE,D,20200527,000000,5.89869,6.23585,5.89869,6.23585,0,0
AMC_PE,D,20200528,000000,6.23585,6.48866,6.06732,6.15149,0,0
AMC_PE,D,20200529,000000,6.23585,6.40439,6.15149,6.15149,0,0
AMC_PE,D,20200601,000000,6.23585,6.40439,6.06732,6.40439,0,0
AMC_PE,D,20200602,000000,6.48866,6.82571,6.48866,6.74145,0,0
AMC_PE,D,20200603,000000,6.82571,7.24705,6.82571,7.24705,0,0
AMC_PE,D,20200604,000000,7.24705,7.24705,7.16279,7.24705,0,0
AMC_PE,D,20200605,000000,7.24705,7.24705,7.07852,7.24705,0,0
AMC_PE,D,20200608,000000,7.24705,7.24705,6.82571,6.99416,0,0
AMC_PE,D,20200609,000000,6.90999,6.90999,6.65718,6.74145,0,0
AMC_PE,D,20200610,000000,6.74145,6.99416,6.74145,6.99416,0,0
AMC_PE,D,20200612,000000,6.65718,6.99416,6.65718,6.99416,0,0
AMC_PE,D,20200615,000000,6.90999,6.90999,6.74145,6.74145,0,0
AMC_PE,D,20200616,000000,6.74145,6.99416,6.74145,6.82571,0,0
AMC_PE,D,20200617,000000,6.99416,6.99416,6.82571,6.90999,0,0
AMC_PE,D,20200618,000000,6.82571,6.90999,6.82571,6.82571,0,0
AMC_PE,D,20200619,000000,6.82571,6.90999,6.74145,6.90999,0,0
AMC_PE,D,20200622,000000,6.99416,7.33132,6.99416,7.33132,0,0
AMC_PE,D,20200623,000000,7.41559,7.83692,7.41559,7.75266,0,0
AMC_PE,D,20200624,000000,7.75266,7.75266,7.49986,7.49986,0,0
AMC_PE,D,20200625,000000,7.49986,7.49986,7.24705,7.24705,0,0
AMC_PE,D,20200626,000000,7.33132,7.49986,6.99416,6.99416,0,0
AMC_PE,D,20200629,000000,6.99416,7.24705,6.99416,7.16279,0,0
AMC_PE,D,20200630,000000,7.33132,7.33132,7.16279,7.16279,0,0
AMC_PE,D,20200701,000000,7.24705,7.33132,7.07852,7.24705,0,0
AMC_PE,D,20200702,000000,7.24705,7.33132,7.16279,7.33132,0,0
AMC_PE,D,20200703,000000,7.33132,7.41559,7.24705,7.33132,0,0
AMC_PE,D,20200706,000000,7.41559,7.49986,7.24705,7.41559,0,0
AMC_PE,D,20200707,000000,7.41559,7.41559,7.24705,7.33132,0,0
AMC_PE,D,20200708,000000,7.41559,7.58412,7.33132,7.58412,0,0
AMC_PE,D,20200709,000000,7.58412,7.58412,7.41559,7.58412,0,0
AMC_PE,D,20200710,000000,7.49986,7.58412,7.33132,7.49986,0,0
AMC_PE,D,20200713,000000,7.41559,7.41559,7.33132,7.33132,0,0
AMC_PE,D,20200714,000000,7.33132,7.41559,7.24705,7.33132,0,0
AMC_PE,D,20200715,000000,7.33132,7.41559,7.24705,7.41559,0,0
AMC_PE,D,20200716,000000,7.49986,7.49986,7.33132,7.41559,0,0
AMC_PE,D,20200717,000000,7.49986,7.49986,7.33132,7.41559,0,0
AMC_PE,D,20200720,000000,7.41559,7.58412,7.33132,7.58412,0,0
AMC_PE,D,20200721,000000,7.58412,8.174,7.58412,8.08972,0,0
AMC_PE,D,20200722,000000,8.00546,8.174,7.9212,8.00546,0,0
AMC_PE,D,20200723,000000,8.00546,8.25818,7.9212,8.174,0,0
AMC_PE,D,20200724,000000,8.174,8.174,7.75266,7.83692,0,0
AMC_PE,D,20200727,000000,7.83692,7.9212,7.83692,7.9212,0,0
AMC_PE,D,20200728,000000,7.83692,8.51044,7.83692,8.42662,0,0
AMC_PE,D,20200729,000000,8.51044,8.51044,8.174,8.42662,0,0
AMC_PE,D,20200730,000000,8.34244,8.51044,8.174,8.34244,0,0
AMC_PE,D,20200731,000000,8.174,8.67968,8.174,8.67968,0,0
AMC_PE,D,20200803,000000,8.67968,8.76341,8.59506,8.67968,0,0
AMC_PE,D,20200804,000000,8.51044,8.67968,8.51044,8.67968,0,0
AMC_PE,D,20200805,000000,8.67968,9.01729,8.59506,9.01729,0,0
AMC_PE,D,20200806,000000,9.10102,9.18564,9.10102,9.18564,0,0
AMC_PE,D,20200807,000000,9.18564,9.52235,9.18564,9.52235,0,0
AMC_PE,D,20200810,000000,9.52235,9.52235,9.26938,9.354,0,0
AMC_PE,D,20200811,000000,9.43776,9.43776,9.10102,9.354,0,0
AMC_PE,D,20200812,000000,9.354,9.43776,9.18564,9.18564,0,0
AMC_PE,D,20200813,000000,9.26938,9.354,9.26938,9.354,0,0
AMC_PE,D,20200814,000000,9.354,9.52235,9.26938,9.52235,0,0
AMC_PE,D,20200817,000000,9.52235,9.52235,9.43776,9.43776,0,0
AMC_PE,D,20200818,000000,9.43776,9.43776,9.26938,9.26938,0,0
AMC_PE,D,20200819,000000,9.18564,9.354,9.10102,9.26938,0,0
AMC_PE,D,20200820,000000,9.18564,9.18564,8.67968,8.76341,0,0
AMC_PE,D,20200821,000000,8.76341,8.84892,8.76341,8.76341,0,0
AMC_PE,D,20200824,000000,8.84892,9.26938,8.84892,9.18564,0,0
AMC_PE,D,20200825,000000,9.354,9.354,9.01729,9.01729,0,0
AMC_PE,D,20200826,000000,9.10102,9.52235,8.84892,9.18564,0,0
AMC_PE,D,20200827,000000,9.18564,9.26938,9.01729,9.10102,0,0
AMC_PE,D,20200828,000000,9.18564,9.26938,9.18564,9.26938,0,0
AMC_PE,D,20200831,000000,9.26938,9.26938,9.18564,9.18564,0,0
AMC_PE,D,20200901,000000,9.26938,9.26938,9.01729,9.10102,0,0
AMC_PE,D,20200902,000000,9.18564,9.18564,9.01729,9.01729,0,0
AMC_PE,D,20200903,000000,9.10904,9.10904,9.02263,9.02263,0,0
AMC_PE,D,20200904,000000,9.02263,9.02263,8.50776,8.50776,0,0
AMC_PE,D,20200907,000000,8.50776,8.50776,8.07771,8.07771,0,0
AMC_PE,D,20200908,000000,7.99183,8.16365,7.64808,7.90587,0,0
AMC_PE,D,20200909,000000,7.81991,8.24962,7.81991,8.24962,0,0
AMC_PE,D,20200910,000000,8.24962,8.24962,8.16365,8.16365,0,0
AMC_PE,D,20200911,000000,8.24962,8.76519,8.16365,8.76519,0,0
AMC_PE,D,20200914,000000,8.76519,8.93711,8.67968,8.67968,0,0
AMC_PE,D,20200915,000000,8.67968,8.67968,8.42144,8.59328,0,0
AMC_PE,D,20200916,000000,8.76519,8.76519,8.33549,8.33549,0,0
AMC_PE,D,20200917,000000,8.33549,8.33549,8.24962,8.24962,0,0
AMC_PE,D,20200918,000000,8.33549,8.93711,8.33549,8.93711,0,0
AMC_PE,D,20200921,000000,8.93711,8.93711,8.50776,8.50776,0,0
AMC_PE,D,20200922,000000,8.59328,8.59328,8.42144,8.50776,0,0
AMC_PE,D,20200923,000000,8.50776,8.59328,8.42144,8.42144,0,0
AMC_PE,D,20200924,000000,8.42144,8.42144,7.99183,8.16365,0,0
AMC_PE,D,20200925,000000,8.16365,8.16365,7.99183,8.07771,0,0
AMC_PE,D,20200928,000000,8.07771,8.24962,8.07771,8.16365,0,0
AMC_PE,D,20200929,000000,8.16365,8.24962,7.99183,8.24962,0,0
AMC_PE,D,20200930,000000,8.16365,8.59328,8.16365,8.24962,0,0
AMC_PE,D,20201001,000000,8.33549,8.33549,7.99183,8.07771,0,0
AMC_PE,D,20201002,000000,8.07771,8.16365,7.99183,8.07771,0,0
AMC_PE,D,20201005,000000,8.07771,8.16365,7.99183,7.99183,0,0
AMC_PE,D,20201006,000000,8.16365,8.33549,8.16365,8.24962,0,0
AMC_PE,D,20201007,000000,8.33549,8.33549,8.16365,8.33549,0,0
AMC_PE,D,20201008,000000,8.33549,8.33549,8.07771,8.07771,0,0
AMC_PE,D,20201009,000000,8.07771,8.24962,7.90587,7.90587,0,0
AMC_PE,D,20201012,000000,7.90587,8.07771,7.90587,7.99183,0,0
AMC_PE,D,20201013,000000,8.07771,8.07771,7.90587,8.07771,0,0
AMC_PE,D,20201014,000000,8.07771,8.07771,7.73404,7.73404,0,0
AMC_PE,D,20201015,000000,7.73404,7.81991,7.47616,7.81991,0,0
AMC_PE,D,20201016,000000,7.81991,8.33549,7.81991,8.24962,0,0
AMC_PE,D,20201019,000000,8.24962,8.59328,8.16365,8.50776,0,0
AMC_PE,D,20201020,000000,8.50776,8.67968,8.42144,8.67968,0,0
AMC_PE,D,20201021,000000,8.76519,8.85071,8.67968,8.76519,0,0
AMC_PE,D,20201022,000000,8.76519,8.76519,8.42144,8.67968,0,0
AMC_PE,D,20201023,000000,8.59328,8.76519,8.50776,8.76519,0,0
AMC_PE,D,20201026,000000,8.76519,8.85071,8.76519,8.76519,0,0
AMC_PE,D,20201027,000000,8.76519,8.76519,8.67968,8.76519,0,0
AMC_PE,D,20201028,000000,8.67968,8.67968,8.24962,8.50776,0,0
AMC_PE,D,20201029,000000,8.50776,8.50776,8.24962,8.24962,0,0
AMC_PE,D,20201030,000000,8.24962,8.42144,7.81991,8.42144,0,0
AMC_PE,D,20201102,000000,8.42144,8.67968,8.33549,8.67968,0,0
AMC_PE,D,20201103,000000,8.67968,8.93711,8.59328,8.85071,0,0
AMC_PE,D,20201104,000000,8.85071,9.10904,8.85071,9.10904,0,0
AMC_PE,D,20201105,000000,9.45288,9.45288,8.93711,9.36651,0,0
AMC_PE,D,20201106,000000,9.28096,9.36651,8.93711,9.02263,0,0
AMC_PE,D,20201109,000000,9.10904,9.19455,9.02263,9.02263,0,0
AMC_PE,D,20201110,000000,9.10904,9.19455,9.02263,9.19455,0,0
AMC_PE,D,20201112,000000,9.28096,9.36651,9.10904,9.10904,0,0
AMC_PE,D,20201113,000000,9.19455,9.28096,9.02263,9.02263,0,0
AMC_PE,D,20201116,000000,8.93711,9.02263,8.76519,8.85071,0,0
AMC_PE,D,20201117,000000,8.85071,9.02263,8.76519,9.02263,0,0
AMC_PE,D,20201118,000000,9.02263,9.19455,8.93711,8.93711,0,0
AMC_PE,D,20201119,000000,8.93711,9.02263,8.76519,8.85071,0,0
AMC_PE,D,20201120,000000,8.85071,9.10904,8.85071,8.85071,0,0
AMC_PE,D,20201123,000000,8.85071,8.93711,8.67968,8.93711,0,0
AMC_PE,D,20201124,000000,8.93711,9.02263,8.85071,8.85071,0,0
AMC_PE,D,20201125,000000,8.76519,8.85071,8.76519,8.76519,0,0
AMC_PE,D,20201126,000000,8.85071,8.93711,8.76519,8.85071,0,0
AMC_PE,D,20201127,000000,8.85071,8.93711,8.76519,8.85071,0,0
AMC_PE,D,20201130,000000,9.10904,9.10904,6.96058,6.96058,0,0
AMC_PE,D,20201201,000000,7.04655,7.1325,6.87462,6.87462,0,0
AMC_PE,D,20201202,000000,6.87462,6.96058,6.87462,6.96058,0,0
AMC_PE,D,20201203,000000,6.96058,6.96058,6.87462,6.87462,0,0
AMC_PE,D,20201204,000000,6.87462,6.96058,6.87462,6.96058,0,0
AMC_PE,D,20201207,000000,6.96058,7.1325,6.96058,7.1325,0,0
AMC_PE,D,20201208,000000,7.04655,7.1325,7.04655,7.04655,0,0
AMC_PE,D,20201209,000000,7.04655,7.1325,7.04655,7.1325,0,0
AMC_PE,D,20201210,000000,7.1325,7.1325,6.96058,6.96058,0,0
AMC_PE,D,20201211,000000,6.96058,6.96058,6.70279,6.70279,0,0
AMC_PE,D,20201214,000000,6.70279,6.70279,6.61684,6.70279,0,0
AMC_PE,D,20201215,000000,6.70279,6.87462,6.70279,6.70279,0,0
AMC_PE,D,20201216,000000,6.78875,6.87462,6.61684,6.70279,0,0
AMC_PE,D,20201217,000000,6.70279,6.70279,6.44501,6.44501,0,0
AMC_PE,D,20201218,000000,6.35904,6.70279,6.35904,6.70279,0,0
AMC_PE,D,20201221,000000,6.70279,6.70279,6.35904,6.35904,0,0
AMC_PE,D,20201222,000000,6.44501,6.53096,6.44501,6.53096,0,0
AMC_PE,D,20201223,000000,6.53096,6.53096,6.44501,6.53096,0,0
AMC_PE,D,20201228,000000,6.53096,6.61684,6.44501,6.61684,0,0
AMC_PE,D,20201229,000000,6.70279,6.87462,6.70279,6.78875,0,0
AMC_PE,D,20201230,000000,6.78875,6.96058,6.78875,6.96058,0,0
AMC_PE,D,20210104,000000,6.96058,7.04655,6.87462,6.96058,0,0
AMC_PE,D,20210105,000000,6.96058,6.96058,6.87462,6.96058,0,0
AMC_PE,D,20210107,000000,6.96058,6.96058,6.96058,6.96058,0,0
AMC_PE,D,20210108,000000,7.04655,7.04655,6.96058,6.96058,0,0
AMC_PE,D,20210111,000000,6.96058,6.96058,6.87462,6.96058,0,0
AMC_PE,D,20210112,000000,6.96058,6.96058,6.87462,6.87462,0,0
AMC_PE,D,20210113,000000,6.87462,6.96058,6.87462,6.87462,0,0
AMC_PE,D,20210114,000000,6.87462,6.96058,6.87462,6.87462,0,0
AMC_PE,D,20210115,000000,6.87462,6.96058,6.87462,6.87462,0,0
AMC_PE,D,20210118,000000,6.87462,6.87462,6.87462,6.87462,0,0
AMC_PE,D,20210119,000000,6.87462,6.96058,6.78875,6.78875,0,0
AMC_PE,D,20210120,000000,6.78875,6.78875,6.70279,6.78875,0,0
AMC_PE,D,20210121,000000,6.78875,6.78875,6.78875,6.78875,0,0
AMC_PE,D,20210122,000000,6.78875,6.87462,6.70279,6.78875,0,0
AMC_PE,D,20210125,000000,6.87462,6.87462,6.70279,6.78875,0,0
AMC_PE,D,20210126,000000,6.78875,6.78875,6.70279,6.70279,0,0
AMC_PE,D,20210127,000000,6.70279,6.70279,6.53096,6.61684,0,0
AMC_PE,D,20210128,000000,6.61684,6.70279,6.44501,6.53096,0,0
AMC_PE,D,20210129,000000,6.61684,6.70279,6.53096,6.61684,0,0
AMC_PE,D,20210201,000000,6.61684,7.04655,6.61684,7.04655,0,0
AMC_PE,D,20210202,000000,7.1325,7.30433,7.1325,7.21837,0,0
AMC_PE,D,20210203,000000,7.21837,7.30433,7.04655,7.04655,0,0
AMC_PE,D,20210204,000000,7.04655,7.21837,6.96058,7.1325,0,0
AMC_PE,D,20210205,000000,7.1325,7.21837,7.1325,7.21837,0,0
AMC_PE,D,20210208,000000,7.21837,7.21837,7.1325,7.1325,0,0
AMC_PE,D,20210209,000000,7.1325,7.21837,7.1325,7.21837,0,0
AMC_PE,D,20210210,000000,7.21837,7.21837,7.1325,7.21837,0,0
AMC_PE,D,20210211,000000,7.21837,7.47616,7.21837,7.47616,0,0
AMC_PE,D,20210212,000000,7.47616,7.64808,7.21837,7.21837,0,0
AMC_PE,D,20210215,000000,7.30433,7.30433,7.1325,7.1325,0,0
AMC_PE,D,20210216,000000,7.1325,7.1325,7.04655,7.1325,0,0
AMC_PE,D,20210217,000000,7.1325,7.30433,7.04655,7.21837,0,0
AMC_PE,D,20210218,000000,7.21837,7.30433,7.04655,7.21837,0,0
AMC_PE,D,20210219,000000,7.1325,7.21837,7.04655,7.1325,0,0
AMC_PE,D,20210222,000000,6.87462,7.04655,6.87462,6.96058,0,0
AMC_PE,D,20210223,000000,6.96058,6.96058,6.78875,6.87462,0,0
AMC_PE,D,20210224,000000,6.87462,6.87462,6.78875,6.87462,0,0
AMC_PE,D,20210225,000000,6.87462,6.87462,6.78875,6.87462,0,0
AMC_PE,D,20210226,000000,6.78875,6.87462,6.70279,6.70279,0,0
AMC_PE,D,20210301,000000,6.70279,6.87462,6.70279,6.87462,0,0
AMC_PE,D,20210302,000000,6.87462,7.1325,6.87462,6.96058,0,0
AMC_PE,D,20210303,000000,7.04655,7.21837,6.96058,7.21837,0,0
AMC_PE,D,20210304,000000,7.21837,7.21837,7.1325,7.1325,0,0
AMC_PE,D,20210305,000000,7.1325,7.1325,7.04655,7.1325,0,0
AMC_PE,D,20210308,000000,7.1325,7.30433,7.1325,7.30433,0,0
AMC_PE,D,20210309,000000,7.21837,7.21837,6.96058,6.96058,0,0
AMC_PE,D,20210310,000000,6.96058,7.04655,6.87462,6.96058,0,0
AMC_PE,D,20210311,000000,6.96058,6.96058,6.87462,6.87462,0,0
AMC_PE,D,20210312,000000,6.87462,6.87462,6.87462,6.87462,0,0
AMC_PE,D,20210315,000000,6.96058,6.96058,6.87462,6.87462,0,0
AMC_PE,D,20210316,000000,6.87462,6.96058,6.87462,6.96058,0,0
AMC_PE,D,20210317,000000,7.04655,7.04655,6.78875,6.78875,0,0
AMC_PE,D,20210318,000000,6.78875,6.96058,6.78875,6.96058,0,0
AMC_PE,D,20210319,000000,6.96058,6.96058,6.70279,6.70279,0,0
AMC_PE,D,20210322,000000,6.70279,6.78875,6.70279,6.78875,0,0
AMC_PE,D,20210323,000000,6.87462,6.96058,6.78875,6.96058,0,0
AMC_PE,D,20210324,000000,6.96058,6.96058,6.87462,6.87462,0,0
AMC_PE,D,20210325,000000,6.87462,6.87462,6.70279,6.78875,0,0
AMC_PE,D,20210326,000000,6.78875,6.96058,6.78875,6.87462,0,0
AMC_PE,D,20210329,000000,6.87462,7.1325,6.87462,7.04655,0,0
AMC_PE,D,20210330,000000,7.04655,7.04655,6.96058,6.96058,0,0
AMC_PE,D,20210331,000000,7.04655,7.04655,6.87462,7.04655,0,0
AMC_PE,D,20210401,000000,7.1325,7.21837,6.70279,6.70279,0,0
AMC_PE,D,20210406,000000,6.70279,6.78875,6.70279,6.70279,0,0
AMC_PE,D,20210407,000000,6.70279,6.78875,6.61684,6.78875,0,0
AMC_PE,D,20210408,000000,6.78875,6.87462,6.78875,6.87462,0,0
AMC_PE,D,20210409,000000,6.87462,6.87462,6.78875,6.87462,0,0
AMC_PE,D,20210412,000000,6.87462,6.87462,6.78875,6.78875,0,0
AMC_PE,D,20210413,000000,6.87462,6.87462,6.70279,6.78875,0,0
AMC_PE,D,20210414,000000,6.78875,6.78875,6.61684,6.61684,0,0
AMC_PE,D,20210415,000000,6.70279,6.70279,6.53096,6.53096,0,0
AMC_PE,D,20210416,000000,6.35904,6.53096,6.35904,6.44501,0,0
AMC_PE,D,20210419,000000,6.44501,6.61684,6.44501,6.53096,0,0
AMC_PE,D,20210420,000000,6.53096,6.53096,6.44501,6.44501,0,0
AMC_PE,D,20210421,000000,6.44501,6.44501,6.35904,6.35904,0,0
AMC_PE,D,20210422,000000,6.35904,6.53096,6.35904,6.53096,0,0
AMC_PE,D,20210423,000000,6.53096,6.53096,6.44501,6.53096,0,0
AMC_PE,D,20210426,000000,6.53096,6.78875,6.53096,6.78875,0,0
AMC_PE,D,20210427,000000,6.78875,6.87462,6.78875,6.78875,0,0
AMC_PE,D,20210428,000000,6.78875,6.87462,6.78875,6.78875,0,0
AMC_PE,D,20210429,000000,6.87462,6.96058,6.70279,6.78875,0,0
AMC_PE,D,20210430,000000,6.78875,6.78875,6.70279,6.70279,0,0
AMC_PE,D,20210504,000000,6.78875,6.87462,6.78875,6.87462,0,0
AMC_PE,D,20210505,000000,6.87462,6.87462,6.78875,6.78875,0,0
AMC_PE,D,20210506,000000,6.87462,6.87462,6.78875,6.78875,0,0
AMC_PE,D,20210507,000000,6.78875,6.96058,6.78875,6.87462,0,0
AMC_PE,D,20210510,000000,6.96058,7.04655,6.87462,7.04655,0,0
AMC_PE,D,20210511,000000,7.04655,7.04655,6.96058,6.96058,0,0
AMC_PE,D,20210512,000000,6.96058,6.96058,6.87462,6.87462,0,0
AMC_PE,D,20210513,000000,6.96058,6.96058,6.78875,6.87462,0,0
AMC_PE,D,20210514,000000,6.87462,6.87462,6.70279,6.78875,0,0
AMC_PE,D,20210517,000000,6.87462,6.96058,6.87462,6.87462,0,0
AMC_PE,D,20210518,000000,6.87462,7.1325,6.87462,7.1325,0,0
AMC_PE,D,20210519,000000,7.1325,7.21837,7.04655,7.1325,0,0
AMC_PE,D,20210520,000000,7.1325,7.39029,7.1325,7.21837,0,0
AMC_PE,D,20210521,000000,7.30433,7.56212,7.30433,7.56212,0,0
AMC_PE,D,20210524,000000,7.56212,7.64808,7.56212,7.64808,0,0
AMC_PE,D,20210525,000000,7.64808,7.81991,7.64808,7.73404,0,0
AMC_PE,D,20210526,000000,7.73404,7.81991,7.73404,7.73404,0,0
AMC_PE,D,20210527,000000,7.73404,7.73404,7.56212,7.64808,0,0
AMC_PE,D,20210528,000000,7.56212,7.64808,7.56212,7.64808,0,0
AMC_PE,D,20210531,000000,7.73404,7.73404,6.78875,6.78875,0,0
AMC_PE,D,20210601,000000,6.78875,6.78875,6.61684,6.70279,0,0
AMC_PE,D,20210602,000000,6.70279,6.70279,6.61684,6.61684,0,0
AMC_PE,D,20210604,000000,6.61684,6.61684,6.53096,6.53096,0,0
AMC_PE,D,20210607,000000,6.61684,6.70279,6.53096,6.61684,0,0
AMC_PE,D,20210608,000000,6.70279,6.78875,6.53096,6.70279,0,0
AMC_PE,D,20210609,000000,6.70279,6.78875,6.70279,6.78875,0,0
AMC_PE,D,20210610,000000,6.78875,6.87462,6.70279,6.70279,0,0
AMC_PE,D,20210611,000000,6.78875,6.78875,6.61684,6.70279,0,0
AMC_PE,D,20210614,000000,6.78875,6.78875,6.70279,6.70279,0,0
AMC_PE,D,20210615,000000,6.70279,6.70279,6.70279,6.70279,0,0
AMC_PE,D,20210616,000000,6.70279,6.87462,6.61684,6.87462,0,0
AMC_PE,D,20210617,000000,6.96058,6.96058,6.87462,6.87462,0,0
AMC_PE,D,20210618,000000,6.87462,6.96058,6.70279,6.70279,0,0
AMC_PE,D,20210621,000000,7.03709,7.12617,6.85894,6.85894,0,0
AMC_PE,D,20210622,000000,6.94802,6.94802,6.76987,6.85894,0,0
AMC_PE,D,20210623,000000,6.85894,6.85894,6.76987,6.85894,0,0
AMC_PE,D,20210624,000000,6.85894,7.03709,6.85894,7.03709,0,0
AMC_PE,D,20210625,000000,7.03709,7.03709,6.76987,6.85894,0,0
AMC_PE,D,20210628,000000,6.94802,6.94802,6.76987,6.85894,0,0
AMC_PE,D,20210629,000000,6.76987,6.85894,6.76987,6.85894,0,0
AMC_PE,D,20210630,000000,6.85894,6.85894,6.76987,6.76987,0,0
AMC_PE,D,20210701,000000,6.76987,6.76987,6.6808,6.76987,0,0
AMC_PE,D,20210702,000000,6.76987,6.85894,6.76987,6.85894,0,0
AMC_PE,D,20210705,000000,6.85894,6.94802,6.76987,6.85894,0,0
AMC_PE,D,20210706,000000,6.85894,6.85894,6.85894,6.85894,0,0
AMC_PE,D,20210707,000000,6.85894,6.85894,6.76987,6.76987,0,0
AMC_PE,D,20210708,000000,6.76987,6.76987,6.41356,6.50264,0,0
AMC_PE,D,20210709,000000,6.50264,6.59172,6.41356,6.59172,0,0
AMC_PE,D,20210712,000000,6.59172,6.6808,6.59172,6.6808,0,0
AMC_PE,D,20210713,000000,6.6808,6.76987,6.59172,6.59172,0,0
AMC_PE,D,20210714,000000,6.59172,6.59172,6.50264,6.59172,0,0
AMC_PE,D,20210715,000000,6.59172,6.59172,6.41356,6.41356,0,0
AMC_PE,D,20210716,000000,6.50264,6.50264,6.32449,6.32449,0,0
AMC_PE,D,20210719,000000,6.2354,6.32449,6.2354,6.32449,0,0
AMC_PE,D,20210720,000000,6.32449,6.41356,6.14633,6.14633,0,0
AMC_PE,D,20210721,000000,6.2354,6.2354,6.14633,6.2354,0,0
AMC_PE,D,20210722,000000,6.2354,6.32449,6.2354,6.2354,0,0
AMC_PE,D,20210723,000000,6.2354,6.50264,6.2354,6.41356,0,0
AMC_PE,D,20210726,000000,6.41356,6.41356,6.32449,6.32449,0,0
AMC_PE,D,20210727,000000,6.32449,6.41356,6.2354,6.2354,0,0
AMC_PE,D,20210728,000000,6.2354,6.32449,6.14633,6.14633,0,0
AMC_PE,D,20210729,000000,6.14633,6.14633,6.05725,6.14633,0,0
AMC_PE,D,20210730,000000,6.14633,6.2354,6.14633,6.14633,0,0
AMC_PE,D,20210802,000000,6.14633,6.32449,6.14633,6.32449,0,0
AMC_PE,D,20210803,000000,6.32449,6.41356,6.32449,6.41356,0,0
AMC_PE,D,20210804,000000,6.41356,6.41356,6.41356,6.41356,0,0
AMC_PE,D,20210805,000000,6.41356,6.41356,6.41356,6.41356,0,0
AMC_PE,D,20210806,000000,6.41356,6.41356,6.41356,6.41356,0,0
AMC_PE,D,20210809,000000,6.50264,6.50264,6.50264,6.50264,0,0
AMC_PE,D,20210810,000000,6.50264,6.59172,6.50264,6.50264,0,0
AMC_PE,D,20210811,000000,6.59172,6.59172,6.50264,6.59172,0,0
AMC_PE,D,20210812,000000,6.59172,6.6808,6.59172,6.6808,0,0
AMC_PE,D,20210813,000000,6.85894,6.85894,6.76987,6.76987,0,0
AMC_PE,D,20210816,000000,6.85894,6.85894,6.59172,6.59172,0,0
AMC_PE,D,20210817,000000,6.59172,6.6808,6.59172,6.59172,0,0
AMC_PE,D,20210818,000000,6.59172,6.59172,6.50264,6.50264,0,0
AMC_PE,D,20210819,000000,6.50264,6.50264,6.32449,6.41356,0,0
AMC_PE,D,20210820,000000,6.41356,6.50264,6.41356,6.50264,0,0
AMC_PE,D,20210823,000000,6.50264,6.59172,6.32449,6.50264,0,0
AMC_PE,D,20210824,000000,6.50264,6.50264,6.41356,6.41356,0,0
AMC_PE,D,20210825,000000,6.50264,6.50264,6.32449,6.41356,0,0
AMC_PE,D,20210826,000000,6.41356,6.50264,6.41356,6.41356,0,0
AMC_PE,D,20210827,000000,6.41356,6.50264,6.41356,6.50264,0,0
AMC_PE,D,20210830,000000,6.50264,6.59172,6.50264,6.59172,0,0
AMC_PE,D,20210831,000000,6.59172,6.59172,6.50264,6.50264,0,0
AMC_PE,D,20210901,000000,6.50264,6.59172,6.50264,6.59172,0,0
AMC_PE,D,20210902,000000,6.59172,6.59172,6.59172,6.59172,0,0
AMC_PE,D,20210903,000000,6.59172,6.59172,6.50264,6.50264,0,0
AMC_PE,D,20210906,000000,6.50264,6.59172,6.50264,6.50264,0,0
AMC_PE,D,20210907,000000,6.50264,6.59172,6.50264,6.59172,0,0
AMC_PE,D,20210908,000000,6.59172,6.59172,6.50264,6.50264,0,0
AMC_PE,D,20210909,000000,6.50264,6.50264,6.50264,6.50264,0,0
AMC_PE,D,20210910,000000,6.50264,6.59172,6.50264,6.50264,0,0
AMC_PE,D,20210913,000000,6.59172,6.6808,6.50264,6.59172,0,0
AMC_PE,D,20210914,000000,6.59172,6.59172,6.50264,6.50264,0,0
AMC_PE,D,20210915,000000,6.50264,6.50264,6.50264,6.50264,0,0
AMC_PE,D,20210916,000000,6.50264,6.59172,6.50264,6.50264,0,0
AMC_PE,D,20210917,000000,6.41356,6.50264,6.14633,6.32449,0,0
AMC_PE,D,20210920,000000,6.32449,6.32449,6.2354,6.2354,0,0
AMC_PE,D,20210921,000000,6.2354,6.2354,6.14633,6.2354,0,0
AMC_PE,D,20210922,000000,6.2354,6.32449,6.2354,6.32449,0,0
AMC_PE,D,20210923,000000,6.41356,6.41356,6.2354,6.32449,0,0
AMC_PE,D,20210924,000000,6.32449,6.32449,6.2354,6.2354,0,0
AMC_PE,D,20210927,000000,6.2354,6.32449,6.2354,6.32449,0,0
AMC_PE,D,20210928,000000,6.41356,6.41356,6.05725,6.05725,0,0
AMC_PE,D,20210929,000000,6.05725,6.05725,5.79002,5.87909,0,0
AMC_PE,D,20210930,000000,5.87909,5.87909,5.79002,5.79002,0,0
AMC_PE,D,20211001,000000,5.79002,5.79002,5.79002,5.79002,0,0
AMC_PE,D,20211004,000000,5.87909,5.87909,5.79002,5.79002,0,0
AMC_PE,D,20211005,000000,5.87909,5.87909,5.79002,5.87909,0,0
AMC_PE,D,20211006,000000,5.87909,5.96817,5.79002,5.79002,0,0
AMC_PE,D,20211007,000000,5.79002,5.87909,5.79002,5.87909,0,0
AMC_PE,D,20211008,000000,5.87909,5.87909,5.79002,5.79002,0,0
AMC_PE,D,20211011,000000,5.87909,5.87909,5.79002,5.79002,0,0
AMC_PE,D,20211012,000000,5.79002,5.79002,5.70094,5.79002,0,0
AMC_PE,D,20211013,000000,5.79002,5.79002,5.79002,5.79002,0,0
AMC_PE,D,20211014,000000,5.79002,5.79002,5.61186,5.61186,0,0
AMC_PE,D,20211015,000000,5.61186,5.61186,5.43371,5.43371,0,0
AMC_PE,D,20211018,000000,5.43371,5.43371,5.34462,5.34462,0,0
AMC_PE,D,20211019,000000,5.34462,5.34462,5.25556,5.25556,0,0
AMC_PE,D,20211020,000000,5.25556,5.25556,5.16648,5.16648,0,0
AMC_PE,D,20211021,000000,5.16648,5.52278,5.16648,5.43371,0,0
AMC_PE,D,20211022,000000,5.43371,5.43371,5.34462,5.34462,0,0
AMC_PE,D,20211025,000000,5.34462,5.43371,5.16648,5.16648,0,0
AMC_PE,D,20211026,000000,5.16648,5.16648,5.16648,5.16648,0,0
AMC_PE,D,20211027,000000,5.25556,5.25556,5.16648,5.16648,0,0
AMC_PE,D,20211028,000000,5.16648,5.16648,5.16648,5.16648,0,0
AMC_PE,D,20211029,000000,5.16648,5.25556,5.0774,5.0774,0,0
AMC_PE,D,20211102,000000,5.0774,5.0774,4.98833,5.0774,0,0
AMC_PE,D,20211103,000000,5.0774,5.0774,5.0774,5.0774,0,0
AMC_PE,D,20211104,000000,5.0774,5.16648,5.0774,5.0774,0,0
AMC_PE,D,20211105,000000,5.16648,5.16648,5.0774,5.0774,0,0
AMC_PE,D,20211108,000000,5.16648,5.16648,5.0774,5.0774,0,0
AMC_PE,D,20211109,000000,5.16648,5.16648,4.98833,5.0774,0,0
AMC_PE,D,20211110,000000,5.0774,5.34462,5.0774,5.25556,0,0
AMC_PE,D,20211112,000000,5.34462,5.34462,5.25556,5.25556,0,0
AMC_PE,D,20211115,000000,5.25556,5.61186,5.25556,5.25556,0,0
AMC_PE,D,20211116,000000,5.25556,5.43371,5.0774,5.43371,0,0
AMC_PE,D,20211117,000000,5.43371,5.43371,5.25556,5.34462,0,0
AMC_PE,D,20211118,000000,5.34462,5.34462,5.34462,5.34462,0,0
AMC_PE,D,20211119,000000,5.34462,5.34462,5.0774,5.0774,0,0
AMC_PE,D,20211122,000000,5.0774,5.16648,5.0774,5.0774,0,0
AMC_PE,D,20211123,000000,5.0774,5.0774,4.98833,4.98833,0,0
AMC_PE,D,20211124,000000,5.0774,5.0774,4.98833,5.0774,0,0
AMC_PE,D,20211125,000000,5.16648,5.16648,5.0774,5.0774,0,0
AMC_PE,D,20211126,000000,5.0774,5.0774,4.81017,4.81017,0,0
AMC_PE,D,20211129,000000,4.81017,4.81017,4.63202,4.72109,0,0
AMC_PE,D,20211130,000000,4.72109,4.89925,4.63202,4.89925,0,0
AMC_PE,D,20211201,000000,4.89925,6.32449,4.81017,6.32449,0,0
AMC_PE,D,20211202,000000,6.32449,6.32449,6.14633,6.32449,0,0
AMC_PE,D,20211203,000000,6.2354,6.32449,6.2354,6.2354,0,0
AMC_PE,D,20211206,000000,6.2354,6.2354,6.14633,6.14633,0,0
AMC_PE,D,20211207,000000,6.14633,6.41356,6.14633,6.32449,0,0
AMC_PE,D,20211208,000000,6.41356,6.41356,6.2354,6.2354,0,0
AMC_PE,D,20211209,000000,6.2354,6.32449,6.14633,6.2354,0,0
AMC_PE,D,20211210,000000,6.32449,6.32449,6.2354,6.32449,0,0
AMC_PE,D,20211213,000000,6.41356,6.41356,6.2354,6.2354,0,0
AMC_PE,D,20211214,000000,6.2354,6.2354,6.14633,6.14633,0,0
AMC_PE,D,20211215,000000,6.2354,6.2354,5.96817,6.05725,0,0
AMC_PE,D,20211216,000000,6.05725,6.32449,6.05725,6.2354,0,0
AMC_PE,D,20211217,000000,6.32449,6.32449,5.96817,5.96817,0,0
AMC_PE,D,20211220,000000,6.05725,6.14633,5.96817,6.14633,0,0
AMC_PE,D,20211221,000000,6.14633,6.14633,6.05725,6.05725,0,0
AMC_PE,D,20211222,000000,6.05725,6.05725,5.96817,6.05725,0,0
AMC_PE,D,20211223,000000,6.05725,6.05725,5.96817,5.96817,0,0
AMC_PE,D,20211227,000000,5.96817,6.14633,5.96817,6.14633,0,0
AMC_PE,D,20211228,000000,5.96817,6.05725,5.96817,6.05725,0,0
AMC_PE,D,20211229,000000,6.05725,6.2354,6.05725,6.14633,0,0
AMC_PE,D,20211230,000000,6.14633,6.14633,6.05725,6.14633,0,0
AMC_PE,D,20220103,000000,6.2354,6.41356,6.2354,6.32449,0,0
AMC_PE,D,20220104,000000,6.41356,6.41356,6.32449,6.32449,0,0
AMC_PE,D,20220105,000000,6.32449,6.32449,6.32449,6.32449,0,0
AMC_PE,D,20220107,000000,6.32449,6.32449,6.2354,6.2354,0,0
AMC_PE,D,20220110,000000,6.2354,6.2354,6.14633,6.2354,0,0
AMC_PE,D,20220111,000000,6.32449,6.32449,6.2354,6.2354,0,0
AMC_PE,D,20220112,000000,6.32449,6.76987,6.2354,6.6808,0,0
AMC_PE,D,20220113,000000,6.85894,6.94802,6.76987,6.76987,0,0
AMC_PE,D,20220114,000000,6.76987,6.76987,6.6808,6.6808,0,0
AMC_PE,D,20220117,000000,6.6808,6.85894,6.6808,6.76987,0,0
AMC_PE,D,20220118,000000,6.76987,6.76987,6.50264,6.59172,0,0
AMC_PE,D,20220119,000000,6.59172,6.59172,6.41356,6.41356,0,0
AMC_PE,D,20220120,000000,6.41356,6.50264,6.32449,6.32449,0,0
AMC_PE,D,20220121,000000,6.32449,6.32449,6.05725,6.14633,0,0
AMC_PE,D,20220124,000000,6.14633,6.14633,5.79002,5.79002,0,0
AMC_PE,D,20220125,000000,5.79002,5.96817,5.79002,5.79002,0,0
AMC_PE,D,20220126,000000,5.87909,6.05725,5.79002,5.79002,0,0
AMC_PE,D,20220127,000000,5.87909,5.96817,5.79002,5.96817,0,0
AMC_PE,D,20220128,000000,5.96817,5.96817,5.79002,5.87909,0,0
AMC_PE,D,20220131,000000,5.96817,6.05725,5.87909,5.87909,0,0
AMC_PE,D,20220201,000000,6.05725,6.05725,5.96817,5.96817,0,0
AMC_PE,D,20220202,000000,5.96817,6.2354,5.96817,6.14633,0,0
AMC_PE,D,20220203,000000,6.14633,6.14633,5.96817,6.05725,0,0
AMC_PE,D,20220204,000000,6.05725,6.05725,5.96817,5.96817,0,0
AMC_PE,D,20220207,000000,5.96817,6.05725,5.96817,5.96817,0,0
AMC_PE,D,20220208,000000,5.96817,5.96817,5.87909,5.87909,0,0
AMC_PE,D,20220209,000000,5.87909,5.96817,5.87909,5.87909,0,0
AMC_PE,D,20220210,000000,5.87909,5.87909,5.79002,5.79002,0,0
AMC_PE,D,20220211,000000,5.79002,5.79002,5.70094,5.70094,0,0
AMC_PE,D,20220214,000000,5.70094,5.70094,5.43371,5.61186,0,0
AMC_PE,D,20220215,000000,5.61186,5.79002,5.61186,5.70094,0,0
AMC_PE,D,20220216,000000,5.70094,5.79002,5.70094,5.70094,0,0
AMC_PE,D,20220217,000000,5.79002,5.79002,5.61186,5.61186,0,0
AMC_PE,D,20220218,000000,5.70094,5.70094,5.61186,5.61186,0,0
AMC_PE,D,20220221,000000,5.61186,5.70094,5.43371,5.52278,0,0
AMC_PE,D,20220222,000000,5.43371,5.70094,5.43371,5.61186,0,0
AMC_PE,D,20220223,000000,5.70094,5.79002,5.61186,5.61186,0,0
AMC_PE,D,20220224,000000,5.52278,5.52278,4.89925,4.98833,0,0
AMC_PE,D,20220225,000000,4.98833,5.43371,4.98833,5.25556,0,0
AMC_PE,D,20220228,000000,5.0774,5.34462,5.0774,5.25556,0,0
AMC_PE,D,20220301,000000,5.25556,5.43371,5.25556,5.43371,0,0
AMC_PE,D,20220302,000000,5.43371,5.43371,5.16648,5.16648,0,0
AMC_PE,D,20220303,000000,5.16648,5.16648,4.98833,4.98833,0,0
AMC_PE,D,20220304,000000,4.98833,4.98833,4.72109,4.81017,0,0
AMC_PE,D,20220307,000000,4.72109,4.72109,4.36478,4.63202,0,0
AMC_PE,D,20220308,000000,4.63202,4.63202,4.54294,4.63202,0,0
AMC_PE,D,20220309,000000,4.63202,5.25556,4.63202,5.16648,0,0
AMC_PE,D,20220310,000000,5.43371,5.43371,5.0774,5.16648,0,0
AMC_PE,D,20220311,000000,5.25556,5.43371,5.25556,5.25556,0,0
AMC_PE,D,20220314,000000,5.34462,5.43371,5.25556,5.34462,0,0
AMC_PE,D,20220315,000000,5.34462,5.34462,5.25556,5.25556,0,0
AMC_PE,D,20220316,000000,5.25556,5.25556,5.16648,5.25556,0,0
AMC_PE,D,20220317,000000,5.34462,5.34462,5.25556,5.25556,0,0
AMC_PE,D,20220318,000000,5.34462,5.34462,5.16648,5.16648,0,0
AMC_PE,D,20220321,000000,5.25556,5.25556,5.16648,5.25556,0,0
AMC_PE,D,20220322,000000,5.25556,5.34462,5.25556,5.34462,0,0
AMC_PE,D,20220323,000000,5.43371,5.61186,5.43371,5.52278,0,0
AMC_PE,D,20220324,000000,5.52278,5.52278,5.43371,5.43371,0,0
AMC_PE,D,20220325,000000,5.52278,5.70094,5.43371,5.52278,0,0
AMC_PE,D,20220328,000000,5.61186,5.70094,5.52278,5.70094,0,0
AMC_PE,D,20220329,000000,5.70094,5.70094,5.61186,5.61186,0,0
AMC_PE,D,20220330,000000,5.61186,5.70094,5.52278,5.61186,0,0
AMC_PE,D,20220331,000000,5.61186,5.79002,5.52278,5.52278,0,0
AMC_PE,D,20220401,000000,5.61186,5.70094,5.52278,5.61186,0,0
AMC_PE,D,20220404,000000,5.70094,6.32449,5.61186,6.32449,0,0
AMC_PE,D,20220405,000000,6.41356,6.41356,6.14633,6.2354,0,0
AMC_PE,D,20220406,000000,6.2354,6.2354,6.05725,6.05725,0,0
AMC_PE,D,20220407,000000,6.05725,6.14633,6.05725,6.14633,0,0
AMC_PE,D,20220408,000000,6.14633,6.32449,6.14633,6.32449,0,0
AMC_PE,D,20220411,000000,6.32449,6.41356,6.2354,6.2354,0,0
AMC_PE,D,20220412,000000,6.2354,6.2354,6.14633,6.2354,0,0
AMC_PE,D,20220413,000000,6.2354,6.2354,6.05725,6.14633,0,0
AMC_PE,D,20220414,000000,6.14633,6.2354,6.05725,6.05725,0,0
AMC_PE,D,20220419,000000,6.05725,6.14633,5.96817,6.05725,0,0
AMC_PE,D,20220420,000000,6.05725,6.05725,5.96817,5.96817,0,0
AMC_PE,D,20220421,000000,5.96817,6.05725,5.96817,5.96817,0,0
AMC_PE,D,20220422,000000,6.05725,6.05725,5.96817,5.96817,0,0
AMC_PE,D,20220425,000000,5.96817,5.96817,5.79002,5.79002,0,0
AMC_PE,D,20220426,000000,5.79002,5.79002,5.61186,5.70094,0,0
AMC_PE,D,20220427,000000,5.79002,5.79002,5.52278,5.61186,0,0
AMC_PE,D,20220428,000000,5.61186,5.79002,5.61186,5.79002,0,0
AMC_PE,D,20220429,000000,5.87909,5.87909,5.61186,5.70094,0,0
AMC_PE,D,20220502,000000,5.79002,5.79002,5.61186,5.61186,0,0
AMC_PE,D,20220504,000000,5.61186,5.70094,5.61186,5.61186,0,0
AMC_PE,D,20220505,000000,5.70094,5.87909,5.70094,5.79002,0,0
AMC_PE,D,20220506,000000,5.87909,5.87909,5.61186,5.61186,0,0
AMC_PE,D,20220509,000000,5.70094,5.70094,5.52278,5.52278,0,0
AMC_PE,D,20220510,000000,5.52278,5.52278,5.34462,5.43371,0,0
AMC_PE,D,20220511,000000,5.43371,5.61186,5.43371,5.43371,0,0
AMC_PE,D,20220512,000000,5.43371,5.43371,5.25556,5.25556,0,0
AMC_PE,D,20220513,000000,5.25556,5.52278,5.25556,5.43371,0,0
AMC_PE,D,20220516,000000,5.52278,5.61186,5.52278,5.61186,0,0
AMC_PE,D,20220517,000000,5.61186,5.61186,5.52278,5.52278,0,0
AMC_PE,D,20220518,000000,5.61186,5.61186,5.52278,5.52278,0,0
AMC_PE,D,20220519,000000,5.52278,5.61186,5.43371,5.43371,0,0
AMC_PE,D,20220520,000000,5.52278,5.52278,5.34462,5.34462,0,0
AMC_PE,D,20220523,000000,5.52278,5.61186,5.52278,5.52278,0,0
AMC_PE,D,20220524,000000,5.61186,5.61186,5.52278,5.52278,0,0
AMC_PE,D,20220525,000000,5.52278,5.52278,5.43371,5.43371,0,0
AMC_PE,D,20220526,000000,5.52278,5.61186,5.43371,5.52278,0,0
AMC_PE,D,20220527,000000,5.52278,5.52278,5.16648,5.16648,0,0
AMC_PE,D,20220530,000000,5.16648,5.16648,4.98833,5.0774,0,0
AMC_PE,D,20220531,000000,5.0774,5.16648,5.0774,5.0774,0,0
AMC_PE,D,20220601,000000,5.0774,5.0774,4.98833,4.98833,0,0
AMC_PE,D,20220602,000000,4.98833,4.98833,4.89925,4.89925,0,0
AMC_PE,D,20220603,000000,4.89925,6.85894,4.89925,6.85894,0,0
AMC_PE,D,20220606,000000,6.85894,6.94802,6.85894,6.85894,0,0
AMC_PE,D,20220607,000000,6.85894,6.85894,6.59172,6.6808,0,0
AMC_PE,D,20220608,000000,6.6808,6.76987,6.59172,6.6808,0,0
AMC_PE,D,20220609,000000,6.76987,6.76987,6.59172,6.59172,0,0
AMC_PE,D,20220610,000000,6.59172,6.6808,6.50264,6.59172,0,0
AMC_PE,D,20220613,000000,6.50264,6.59172,6.41356,6.50264,0,0
AMC_PE,D,20220614,000000,6.41356,6.50264,6.32449,6.32449,0,0
AMC_PE,D,20220615,000000,6.41356,6.41356,6.32449,6.32449,0,0
AMC_PE,D,20220617,000000,6.41356,6.41356,6.05725,6.14633,0,0
AMC_PE,D,20220620,000000,6.2354,6.32449,6.05725,6.05725,0,0
AMC_PE,D,20220621,000000,6.32449,6.32449,5.96817,5.96817,0,0
AMC_PE,D,20220622,000000,5.96817,5.96817,5.87909,5.87909,0,0
AMC_PE,D,20220623,000000,5.96817,5.96817,5.70094,5.70094,0,0
AMC_PE,D,20220624,000000,5.87909,5.87909,5.70094,5.70094,0,0
AMC_PE,D,20220627,000000,5.79002,6.14633,5.79002,6.14633,0,0
AMC_PE,D,20220628,000000,6.2354,6.59172,6.2354,6.32449,0,0
AMC_PE,D,20220629,000000,6.32449,6.6808,6.32449,6.6808,0,0
AMC_PE,D,20220630,000000,6.6808,6.6808,6.41356,6.41356,0,0
AMC_PE,D,20220701,000000,6.50264,6.6808,6.50264,6.59172,0,0
AMC_PE,D,20220704,000000,6.59172,6.6808,6.50264,6.6808,0,0
AMC_PE,D,20220705,000000,6.76987,6.76987,6.41356,6.50264,0,0
AMC_PE,D,20220706,000000,7.09669,7.09669,6.44305,6.44305,0,0
AMC_PE,D,20220707,000000,6.6298,6.81656,6.6298,6.72317,0,0
AMC_PE,D,20220708,000000,6.72317,6.72317,6.53642,6.6298,0,0
AMC_PE,D,20220711,000000,6.72317,6.72317,6.44305,6.44305,0,0
AMC_PE,D,20220712,000000,6.44305,6.44305,6.16291,6.16291,0,0
AMC_PE,D,20220713,000000,6.16291,6.34967,6.16291,6.16291,0,0
AMC_PE,D,20220714,000000,6.16291,6.34967,6.16291,6.34967,0,0
AMC_PE,D,20220715,000000,6.16291,6.25629,6.16291,6.16291,0,0
AMC_PE,D,20220718,000000,6.25629,6.25629,6.06954,6.06954,0,0
AMC_PE,D,20220719,000000,6.06954,6.25629,6.06954,6.16291,0,0
AMC_PE,D,20220720,000000,6.25629,6.25629,6.16291,6.16291,0,0
AMC_PE,D,20220721,000000,6.16291,6.16291,6.16291,6.16291,0,0
AMC_PE,D,20220722,000000,6.16291,6.16291,6.06954,6.16291,0,0
AMC_PE,D,20220725,000000,6.25629,6.25629,6.16291,6.16291,0,0
AMC_PE,D,20220726,000000,6.16291,6.25629,6.16291,6.16291,0,0
AMC_PE,D,20220727,000000,6.06954,6.53642,6.06954,6.25629,0,0
AMC_PE,D,20220728,000000,6.25629,6.44305,6.25629,6.34967,0,0
AMC_PE,D,20220729,000000,6.53642,6.53642,6.34967,6.34967,0,0
AMC_PE,D,20220801,000000,6.44305,6.44305,6.25629,6.44305,0,0
AMC_PE,D,20220802,000000,6.44305,6.44305,6.34967,6.44305,0,0
AMC_PE,D,20220803,000000,6.44305,6.44305,6.34967,6.44305,0,0
AMC_PE,D,20220804,000000,6.44305,6.44305,6.44305,6.44305,0,0
AMC_PE,D,20220805,000000,6.44305,6.44305,6.44305,6.44305,0,0
AMC_PE,D,20220808,000000,6.44305,6.44305,6.44305,6.44305,0,0
AMC_PE,D,20220809,000000,6.44305,6.44305,6.25629,6.25629,0,0
AMC_PE,D,20220810,000000,6.25629,6.25629,6.16291,6.16291,0,0
AMC_PE,D,20220811,000000,6.16291,6.25629,6.16291,6.25629,0,0
AMC_PE,D,20220812,000000,6.25629,6.44305,6.25629,6.44305,0,0
AMC_PE,D,20220816,000000,6.44305,6.44305,6.34967,6.34967,0,0
AMC_PE,D,20220817,000000,6.34967,6.44305,6.34967,6.34967,0,0
AMC_PE,D,20220818,000000,6.34967,6.34967,6.34967,6.34967,0,0
AMC_PE,D,20220819,000000,6.34967,6.34967,6.16291,6.34967,0,0
AMC_PE,D,20220822,000000,6.34967,6.34967,6.06954,6.06954,0,0
AMC_PE,D,20220823,000000,6.06954,6.25629,6.06954,6.25629,0,0
AMC_PE,D,20220824,000000,6.25629,6.34967,6.25629,6.34967,0,0
AMC_PE,D,20220825,000000,6.34967,6.34967,6.25629,6.34967,0,0
AMC_PE,D,20220826,000000,6.25629,6.34967,6.16291,6.16291,0,0
AMC_PE,D,20220829,000000,6.16291,6.16291,6.06954,6.16291,0,0
AMC_PE,D,20220830,000000,6.16291,6.34967,6.06954,6.06954,0,0
AMC_PE,D,20220831,000000,6.06954,6.16291,5.97616,5.97616,0,0
AMC_PE,D,20220901,000000,5.97616,6.06954,5.97616,5.97616,0,0
AMC_PE,D,20220902,000000,5.97616,6.16291,5.97616,6.06954,0,0
AMC_PE,D,20220905,000000,6.06954,6.06954,5.97616,6.06954,0,0
AMC_PE,D,20220906,000000,6.06954,6.16291,6.06954,6.06954,0,0
AMC_PE,D,20220907,000000,6.06954,6.06954,6.06954,6.06954,0,0
AMC_PE,D,20220908,000000,6.06954,6.25629,6.06954,6.25629,0,0
AMC_PE,D,20220909,000000,6.25629,6.44305,6.25629,6.44305,0,0
AMC_PE,D,20220912,000000,6.44305,6.44305,6.34967,6.34967,0,0
AMC_PE,D,20220913,000000,6.44305,6.44305,6.16291,6.16291,0,0
AMC_PE,D,20220914,000000,6.06954,6.25629,6.06954,6.25629,0,0
AMC_PE,D,20220915,000000,6.25629,6.34967,6.25629,6.34967,0,0
AMC_PE,D,20220916,000000,6.25629,6.34967,6.06954,6.34967,0,0
AMC_PE,D,20220919,000000,6.25629,9.61788,6.06954,9.61788,0,0
AMC_PE,D,20220920,000000,9.61788,9.61788,9.33774,9.43113,0,0
AMC_PE,D,20220921,000000,9.43113,9.43113,9.24437,9.33774,0,0
AMC_PE,D,20220922,000000,9.33774,9.43113,9.24437,9.33774,0,0
AMC_PE,D,20220923,000000,9.33774,9.33774,9.24437,9.33774,0,0
AMC_PE,D,20220926,000000,9.24437,9.33774,9.24437,9.33774,0,0
AMC_PE,D,20220927,000000,9.33774,9.43113,9.24437,9.24437,0,0
AMC_PE,D,20220928,000000,9.24437,9.24437,9.24437,9.24437,0,0
AMC_PE,D,20220929,000000,9.24437,9.33774,9.24437,9.24437,0,0
AMC_PE,D,20220930,000000,9.24437,9.33774,9.05762,9.05762,0,0
AMC_PE,D,20221003,000000,9.05762,9.24437,9.05762,9.24437,0,0
AMC_PE,D,20221004,000000,9.24437,9.61788,9.24437,9.43113,0,0
AMC_PE,D,20221005,000000,9.43113,9.43113,9.24437,9.33774,0,0
AMC_PE,D,20221006,000000,9.33774,9.33774,9.24437,9.33774,0,0
AMC_PE,D,20221007,000000,9.33774,9.33774,9.33774,9.33774,0,0
AMC_PE,D,20221010,000000,9.33774,9.33774,9.24437,9.24437,0,0
AMC_PE,D,20221011,000000,9.33774,9.43113,9.24437,9.43113,0,0
AMC_PE,D,20221012,000000,9.43113,9.61788,9.43113,9.61788,0,0
AMC_PE,D,20221013,000000,9.61788,9.61788,9.43113,9.43113,0,0
AMC_PE,D,20221014,000000,9.5245,9.5245,9.33774,9.5245,0,0
AMC_PE,D,20221017,000000,9.5245,9.5245,9.43113,9.5245,0,0
AMC_PE,D,20221018,000000,9.43113,9.71122,9.43113,9.71122,0,0
AMC_PE,D,20221019,000000,9.71122,9.80463,9.43113,9.61788,0,0
AMC_PE,D,20221020,000000,9.71122,9.71122,9.5245,9.61788,0,0
AMC_PE,D,20221021,000000,9.5245,9.5245,9.43113,9.5245,0,0
AMC_PE,D,20221024,000000,9.5245,9.5245,9.33774,9.43113,0,0
AMC_PE,D,20221025,000000,9.43113,9.43113,9.33774,9.33774,0,0
AMC_PE,D,20221026,000000,9.43113,9.43113,9.33774,9.43113,0,0
AMC_PE,D,20221027,000000,9.5245,9.61788,9.43113,9.5245,0,0
AMC_PE,D,20221028,000000,9.5245,9.61788,9.43113,9.61788,0,0
AMC_PE,D,20221031,000000,9.71122,9.99143,9.61788,9.89803,0,0
AMC_PE,D,20221102,000000,10.0847,10.2715,10.0847,10.2715,0,0
AMC_PE,D,20221103,000000,10.2715,10.2715,9.89803,10.0847,0,0
AMC_PE,D,20221104,000000,10.2715,10.4582,10.0847,10.4582,0,0
AMC_PE,D,20221107,000000,10.4582,10.645,9.80463,9.89803,0,0
AMC_PE,D,20221108,000000,9.99143,10.2715,9.99143,10.2715,0,0
AMC_PE,D,20221109,000000,10.2715,10.2715,10.0847,10.2715,0,0
AMC_PE,D,20221110,000000,10.2715,10.2715,10.0847,10.1781,0,0
AMC_PE,D,20221114,000000,10.3649,10.5516,10.2715,10.2715,0,0
AMC_PE,D,20221115,000000,10.4582,10.7384,10.2715,10.5516,0,0
AMC_PE,D,20221116,000000,10.4582,10.645,10.3649,10.645,0,0
AMC_PE,D,20221117,000000,10.8317,10.8317,10.5516,10.5516,0,0
AMC_PE,D,20221118,000000,10.5516,10.5516,10.3649,10.4582,0,0
AMC_PE,D,20221121,000000,10.4582,10.4582,10.2715,10.3649,0,0
AMC_PE,D,20221122,000000,10.3649,10.4582,10.2715,10.4582,0,0
AMC_PE,D,20221123,000000,10.4582,10.4582,10.3649,10.4582,0,0
AMC_PE,D,20221124,000000,10.4582,10.5516,10.3649,10.5516,0,0
AMC_PE,D,20221125,000000,10.5516,27.5463,10.2715,27.5463,0,0
AMC_PE,D,20221128,000000,27.453,29.3206,26.9861,29.1338,0,0
AMC_PE,D,20221129,000000,29.1338,29.4139,28.4802,28.7603,0,0
AMC_PE,D,20221130,000000,28.6669,28.6669,27.8265,28.2933,0,0
AMC_PE,D,20221201,000000,28.4802,29.1338,28.4802,29.1338,0,0
AMC_PE,D,20221202,000000,29.1338,29.1338,28.4802,28.7603,0,0
AMC_PE,D,20221205,000000,28.7603,29.1338,28.4802,28.9471,0,0
AMC_PE,D,20221206,000000,28.8537,28.8537,27.8265,28.3868,0,0
AMC_PE,D,20221207,000000,28.1066,28.3868,27.7331,28.3868,0,0
AMC_PE,D,20221208,000000,28.4802,28.6669,28.2933,28.5736,0,0
AMC_PE,D,20221209,000000,28.5736,28.6669,28.2933,28.6669,0,0
AMC_PE,D,20221212,000000,28.5736,28.6669,28.1066,28.6669,0,0
AMC_PE,D,20221213,000000,28.6669,29.1338,28.2933,29.1338,0,0
AMC_PE,D,20221214,000000,29.1338,29.1338,28.7603,28.9471,0,0
AMC_PE,D,20221215,000000,28.8537,28.8537,27.6397,27.7331,0,0
AMC_PE,D,20221216,000000,27.5463,27.7331,26.7993,27.5463,0,0
AMC_PE,D,20221219,000000,27.3596,27.6397,26.6126,26.8927,0,0
AMC_PE,D,20221220,000000,26.7993,26.7993,26.2391,26.2391,0,0
AMC_PE,D,20221221,000000,26.2391,26.8927,25.9589,26.0523,0,0
AMC_PE,D,20221222,000000,26.0523,26.0523,25.4921,25.7722,0,0
AMC_PE,D,20221223,000000,25.8656,26.0523,25.7722,25.8656,0,0
AMC_PE,D,20221227,000000,25.8656,25.8656,25.0252,25.3987,0,0
AMC_PE,D,20221228,000000,24.9318,24.9318,24.4649,24.8384,0,0
AMC_PE,D,20221229,000000,24.7451,25.7722,24.7451,25.6788,0,0
AMC_PE,D,20221230,000000,25.6788,25.9589,25.6788,25.9589,0,0
AMC_PE,D,20230102,000000,26.0523,26.7059,25.9589,26.7059,0,0
AMC_PE,D,20230103,000000,26.7059,27.6397,26.7059,27.6397,0,0
AMC_PE,D,20230104,000000,27.6397,27.9198,27.6397,27.6397,0,0
AMC_PE,D,20230105,000000,27.7331,29.0404,27.7331,29.0404,0,0
AMC_PE,D,20230109,000000,29.1338,30.7212,29.1338,30.6278,0,0
AMC_PE,D,20230110,000000,30.8146,31.6549,30.8146,31.4682,0,0
AMC_PE,D,20230111,000000,31.8417,32.3086,29.5073,30.4411,0,0
AMC_PE,D,20230112,000000,30.1609,31.1881,30.0676,30.1609,0,0
AMC_PE,D,20230113,000000,30.2543,30.8146,30.2543,30.6278,0,0
AMC_PE,D,20230116,000000,30.5344,30.5344,29.5073,30.4411,0,0
AMC_PE,D,20230117,000000,30.3477,30.4411,29.6941,29.6941,0,0
AMC_PE,D,20230118,000000,30.3477,30.3477,28.9471,29.4139,0,0
AMC_PE,D,20230119,000000,29.3206,29.3206,28.4802,28.8537,0,0
AMC_PE,D,20230120,000000,28.7603,29.6007,28.4802,29.6007,0,0
AMC_PE,D,20230123,000000,29.7874,30.4411,29.7874,30.4411,0,0
AMC_PE,D,20230124,000000,30.4411,30.7212,29.7874,30.2543,0,0
AMC_PE,D,20230125,000000,30.2543,30.3477,29.5073,29.6007,0,0
AMC_PE,D,20230126,000000,29.6007,30.0676,29.6007,29.9742,0,0
AMC_PE,D,20230127,000000,30.0676,30.3477,29.6007,29.9742,0,0
AMC_PE,D,20230130,000000,29.8808,29.8808,29.2272,29.4139,0,0
AMC_PE,D,20230131,000000,29.2272,29.9742,29.0404,29.9742,0,0
AMC_PE,D,20230201,000000,29.9742,30.6278,29.9742,30.5344,0,0
AMC_PE,D,20230202,000000,30.6278,30.6278,30.0676,30.6278,0,0
AMC_PE,D,20230203,000000,30.7212,31.0947,30.0676,30.6278,0,0
AMC_PE,D,20230206,000000,30.6278,30.6278,29.8808,29.9742,0,0
AMC_PE,D,20230207,000000,29.9742,29.9742,29.4139,29.7874,0,0
AMC_PE,D,20230208,000000,29.8808,30.6278,29.7874,30.3477,0,0
AMC_PE,D,20230209,000000,30.3477,30.8146,30.0676,30.4411,0,0
AMC_PE,D,20230210,000000,30.1609,30.3477,29.3206,29.3206,0,0
AMC_PE,D,20230213,000000,29.4139,29.4139,28.3868,29.4139,0,0
AMC_PE,D,20230214,000000,28.7603,29.3206,28.7603,28.8537,0,0
AMC_PE,D,20230215,000000,28.8537,29.2272,28.7603,28.9471,0,0
AMC_PE,D,20230216,000000,28.8537,29.1338,28.6669,29.0404,0,0
AMC_PE,D,20230217,000000,29.1338,29.1338,28.6669,28.9471,0,0
AMC_PE,D,20230220,000000,28.8537,28.9471,28.6669,28.6669,0,0
AMC_PE,D,20230221,000000,28.6669,28.9471,28.2933,28.2933,0,0
AMC_PE,D,20230222,000000,28.1066,28.1066,27.7331,28.1066,0,0
AMC_PE,D,20230223,000000,28.1066,28.4802,27.7331,28.3868,0,0
AMC_PE,D,20230224,000000,28.3868,28.3868,28.2,28.2933,0,0
AMC_PE,D,20230227,000000,28.4802,28.6669,28.3868,28.6669,0,0
AMC_PE,D,20230228,000000,28.3868,28.4802,28.1066,28.2,0,0
AMC_PE,D,20230301,000000,28.2,28.2,26.8927,27.3596,0,0
AMC_PE,D,20230302,000000,27.3596,27.5463,26.9861,27.0794,0,0
AMC_PE,D,20230303,000000,27.3596,27.7331,27.3596,27.7331,0,0
AMC_PE,D,20230306,000000,27.7331,28.7603,27.7331,28.5736,0,0
AMC_PE,D,20230307,000000,28.8537,29.1338,28.8537,29.0404,0,0
AMC_PE,D,20230308,000000,29.0404,29.0404,28.2,28.7603,0,0
AMC_PE,D,20230309,000000,28.7603,28.7603,28.1066,28.3868,0,0
AMC_PE,D,20230310,000000,28.3868,28.3868,27.9198,28.1066,0,0
AMC_PE,D,20230313,000000,28.1066,28.1066,27.0794,27.453,0,0
AMC_PE,D,20230314,000000,27.1728,27.8265,27.1728,27.7331,0,0
AMC_PE,D,20230315,000000,27.7331,27.8265,26.8927,27.3596,0,0
AMC_PE,D,20230316,000000,26.9861,27.3596,26.6126,26.9861,0,0
AMC_PE,D,20230317,000000,26.9861,27.7331,26.9861,27.3596,0,0
AMC_PE,D,20230320,000000,27.0794,27.6397,26.7993,27.6397,0,0
AMC_PE,D,20230321,000000,27.3596,27.5463,27.2662,27.453,0,0
AMC_PE,D,20230322,000000,27.453,27.6397,27.3596,27.6397,0,0
AMC_PE,D,20230323,000000,27.6397,27.6397,27.0794,27.2662,0,0
AMC_PE,D,20230324,000000,27.1728,27.1728,26.4258,26.7993,0,0
AMC_PE,D,20230327,000000,26.7993,26.7993,26.2391,26.7059,0,0
AMC_PE,D,20230328,000000,26.6126,26.7993,26.2391,26.2391,0,0
AMC_PE,D,20230329,000000,26.3324,26.3324,25.9589,25.9589,0,0
AMC_PE,D,20230330,000000,25.9589,26.4258,25.8656,26.3324,0,0
AMC_PE,D,20230331,000000,26.5192,27.6397,26.5192,27.1728,0,0
AMC_PE,D,20230403,000000,27.0794,27.3596,26.0523,26.4258,0,0
AMC_PE,D,20231128,000000,283.12,283.12,283.12,283.12,0,0
AMC_PE,D,20231129,000000,290.059,290.059,282.304,282.374,0,0
AMC_PE,D,20231130,000000,282.349,284.641,279.292,281.626,0,0
AMC_PE,D,20231201,000000,280.82,281.626,275.471,278.919,0,0
AMC_PE,D,20231204,000000,280.438,286.17,279.292,285.455,0,0
AMC_PE,D,20231205,000000,286.17,302.216,286.17,301.889,0,0
AMC_PE,D,20231206,000000,299.924,306.801,298.013,301.516,0,0
AMC_PE,D,20231207,000000,301.576,301.576,293.549,299.181,0,0
AMC_PE,D,20231208,000000,298.013,306.419,298.013,304.131,0,0
AMC_PE,D,20231211,000000,305.272,309.476,301.834,308.333,0,0
AMC_PE,D,20231212,000000,310.239,311.787,305.654,311.787,0,0
AMC_PE,D,20231213,000000,311.004,311.004,306.419,309.546,0,0
AMC_PE,D,20231214,000000,309.602,315.718,309.602,313.375,0,0
AMC_PE,D,20231215,000000,313.424,321.069,312.278,316.363,0,0
AMC_PE,D,20231218,000000,318.645,324.758,317.117,323.273,0,0
AMC_PE,D,20231219,000000,323.229,328.578,323.229,325.981,0,0
AMC_PE,D,20231220,000000,325.273,327.566,323.745,327.475,0,0
AMC_PE,D,20231221,000000,327.05,327.05,315.206,315.242,0,0
AMC_PE,D,20231222,000000,314.824,320.937,314.061,320.565,0,0
AMC_PE,D,20231227,000000,320.555,322.466,313.297,315.616,0,0
AMC_PE,D,20231228,000000,313.297,319.071,313.297,319.071,0,0
AMC_PE,D,20231229,000000,317.882,319.027,313.679,317.203,0,0
AMC_PE,D,20240102,000000,313.424,317.629,308.073,309.173,0,0
AMC_PE,D,20240103,000000,309.219,316.864,300.046,302.637,0,0
AMC_PE,D,20240104,000000,304.127,309.857,304.127,307.958,0,0
AMC_PE,D,20240105,000000,309.857,313.297,308.329,311.414,0,0
AMC_PE,D,20240108,000000,309.857,311.386,305.654,310.294,0,0
AMC_PE,D,20240109,000000,311.386,317.95,311.386,317.95,0,0
AMC_PE,D,20240110,000000,318.011,326.419,316.1,324.394,0,0
AMC_PE,D,20240111,000000,327.05,327.05,320.174,320.192,0,0
AMC_PE,D,20240112,000000,324.758,324.758,318.645,320.565,0,0
AMC_PE,D,20240115,000000,320.555,324.375,312.15,318.324,0,0
AMC_PE,D,20240116,000000,318.264,318.264,311.768,311.787,0,0
AMC_PE,D,20240117,000000,311.768,311.768,303.362,303.757,0,0
AMC_PE,D,20240118,000000,305.654,305.654,294.574,299.928,0,0
AMC_PE,D,20240119,000000,300.687,305.654,300.687,301.889,0,0
AMC_PE,D,20240122,000000,302.216,303.744,300.687,301.142,0,0
AMC_PE,D,20240123,000000,301.193,305.779,298.808,298.808,0,0
AMC_PE,D,20240124,000000,298.777,304.971,298.777,304.971,0,0
AMC_PE,D,20240125,000000,305.779,307.309,302.263,302.263,0,0
AMC_PE,D,20240126,000000,302.598,306.801,302.216,304.131,0,0
AMC_PE,D,20240129,000000,305.654,306.419,303.744,303.757,0,0
AMC_PE,D,20240130,000000,303.744,305.718,302.98,305.718,0,0
AMC_PE,D,20240131,000000,305.397,305.779,294.313,296.567,0,0
AMC_PE,D,20240201,000000,295.078,299.283,294.313,298.808,0,0
AMC_PE,D,20240202,000000,298.013,298.808,292.664,298.06,0,0
AMC_PE,D,20240205,000000,295.339,295.339,289.608,292.739,0,0
AMC_PE,D,20240206,000000,293.166,293.166,289.657,289.657,0,0
AMC_PE,D,20240207,000000,289.608,292.664,288.462,291.524,0,0
AMC_PE,D,20240208,000000,291.136,295.339,288.844,292.365,0,0
AMC_PE,D,20240209,000000,291.255,292.402,288.962,291.524,0,0
AMC_PE,D,20240212,000000,291.518,292.281,288.844,291.151,0,0
AMC_PE,D,20240213,000000,291.136,298.013,291.136,296.1,0,0
AMC_PE,D,20240214,000000,296.103,304.509,296.103,303.01,0,0
AMC_PE,D,20240215,000000,302.98,303.01,299.542,301.889,0,0
AMC_PE,D,20240216,000000,301.834,301.889,299.159,301.889,0,0
AMC_PE,D,20240219,000000,301.834,301.834,298.013,299.555,0,0
AMC_PE,D,20240220,000000,299.542,301.834,296.103,298.06,0,0
AMC_PE,D,20240221,000000,297.631,297.631,296.1,296.1,0,0
AMC_PE,D,20240222,000000,295.721,301.069,295.721,298.06,0,0
AMC_PE,D,20240223,000000,298.013,301.451,296.103,298.435,0,0
AMC_PE,D,20240226,000000,297.249,299.924,295.721,295.726,0,0
AMC_PE,D,20240227,000000,295.721,296.103,290.754,292.365,0,0
AMC_PE,D,20240228,000000,292.402,294.313,280.171,281.626,0,0
AMC_PE,D,20240229,000000,281.585,292.739,281.585,292.739,0,0
AMC_PE,D,20240301,000000,287.051,296.224,286.669,296.1,0,0
AMC_PE,D,20240304,000000,296.103,297.631,291.899,297.631,0,0
AMC_PE,D,20240305,000000,294.574,294.574,287.315,292.739,0,0
AMC_PE,D,20240306,000000,291.637,293.549,288.962,290.03,0,0
AMC_PE,D,20240307,000000,289.608,290.372,287.315,289.657,0,0
AMC_PE,D,20240308,000000,289.99,291.899,286.934,288.91,0,0
AMC_PE,D,20240311,000000,289.344,290.109,283.228,283.961,0,0
AMC_PE,D,20240312,000000,283.992,286.669,282.846,283.494,0,0
AMC_PE,D,20240313,000000,283.112,286.17,281.203,285.082,0,0
AMC_PE,D,20240314,000000,285.904,289.344,285.904,288.537,0,0
AMC_PE,D,20240315,000000,283.992,290.491,281.318,284.757,0,0
AMC_PE,D,20240318,000000,284.757,286.669,272.144,277.424,0,0
AMC_PE,D,20240319,000000,278.91,278.91,275.089,276.304,0,0
AMC_PE,D,20240320,000000,275.966,282.083,274.056,282,0,0
AMC_PE,D,20240321,000000,282.349,286.552,282.349,285.082,0,0
AMC_PE,D,20240322,000000,282.846,284.375,276.349,277.798,0,0
AMC_PE,D,20240325,000000,277.764,278.91,271.268,271.728,0,0
AMC_PE,D,20240326,000000,271.762,280.936,271.379,280.88,0,0
AMC_PE,D,20240327,000000,279.024,279.024,275.93,275.93,0,0
AMC_PE,D,20240328,000000,277.113,284.757,277.113,283.961,0,0
AMC_PE,D,20240402,000000,280.936,280.936,275.966,277.424,0,0
AMC_PE,D,20240403,000000,277,280.82,272.033,275.089,0,0
AMC_PE,D,20250414,000000,36.0649,36.0649,36.0649,36.0649,0,0
AMC_PE,D,20250415,000000,37.3596,37.6545,36.0649,36.0649,0,0
AMC_PE,D,20250416,000000,36.0659,36.0659,35.3832,35.3881,0,0
AMC_PE,D,20250417,000000,35.7284,36.355,35.6714,36.355,0,0
AMC_PE,D,20250422,000000,36.355,36.5832,35.1019,35.6781,0,0
AMC_PE,D,20250423,000000,35.6772,35.6772,34.6513,34.8079,0,0
AMC_PE,D,20250424,000000,34.8079,35.3765,34.8079,35.0013,0,0
AMC_PE,D,20250425,000000,35.1164,35.8715,34.66,35.8715,0,0
AMC_PE,D,20250428,000000,35.0738,36.2138,35.0738,36.1616,0,0
AMC_PE,D,20250429,000000,36.1606,36.2747,35.9334,36.1616,0,0
AMC_PE,D,20250430,000000,34.9646,35.8764,34.9646,35.2914,0,0
AMC_PE,D,20250502,000000,35.4055,36.9999,35.4055,36.0649,0,0
AMC_PE,D,20250505,000000,36.3501,36.5774,35.4403,35.7748,0,0
AMC_PE,D,20250506,000000,36.4014,36.4014,34.1224,34.6146,0,0
AMC_PE,D,20250507,000000,35.1841,35.2982,34.7857,35.098,0,0
AMC_PE,D,20250508,000000,35.099,35.3881,35.0419,35.3881,0,0
AMC_PE,D,20250509,000000,35.5012,36.0127,35.4442,35.8715,0,0
AMC_PE,D,20250512,000000,35.7014,36.5551,35.7014,36.0649,0,0
AMC_PE,D,20250513,000000,36.5203,36.5203,36.0659,36.1616,0,0
AMC_PE,D,20250514,000000,36.1606,37.2996,35.9334,37.0318,0,0
AMC_PE,D,20250515,000000,37.2029,37.2029,36.2921,36.7417,0,0
AMC_PE,D,20250516,000000,36.7408,36.7408,36.0001,36.1616,0,0
AMC_PE,D,20250519,000000,36.3888,36.3888,35.3069,36.2583,0,0
AMC_PE,D,20250520,000000,36.3153,36.3153,35.6308,35.8715,0,0
AMC_PE,D,20250521,000000,35.8715,36.3849,35.8715,36.2138,0,0
AMC_PE,D,20250522,000000,35.9286,36.3849,35.3591,35.6781,0,0
AMC_PE,D,20250523,000000,35.507,35.7352,34.9955,35.4848,0,0
AMC_PE,D,20250526,000000,34.6881,34.6881,32.9225,33.4543,0,0
AMC_PE,D,20250527,000000,33.5114,130.24,32.8287,130.24,0,0
AMC_PE,D,20250528,000000,128.24,130.23,128.24,129.37,0,0
AMC_PE,D,20250529,000000,130.039,130.039,125.837,126.082,0,0
AMC_PE,D,20250530,000000,126.087,127.635,124.538,126.952,0,0
AMC_PE,D,20250602,000000,126.501,128.269,126.058,127.146,0,0
AMC_PE,D,20250603,000000,128.019,128.462,126.469,126.469,0,0
AMC_PE,D,20250604,000000,126.25,128.24,126.25,128.209,0,0
AMC_PE,D,20250605,000000,128.211,132.464,128.211,132.464,0,0
AMC_PE,D,20250606,000000,132.471,132.693,130.26,132.27,0,0
AMC_PE,D,20250609,000000,128.299,132.281,128.299,132.27,0,0
AMC_PE,D,20250610,000000,132.281,134.714,132.059,132.657,0,0
AMC_PE,D,20250611,000000,133.989,133.989,132.663,133.527,0,0
AMC_PE,D,20250612,000000,133.958,134.842,133.517,134.687,0,0
AMC_PE,D,20250613,000000,133.577,134.904,133.577,134.881,0,0
AMC_PE,D,20250616,000000,133.546,135.094,132.883,133.527,0,0
AMC_PE,D,20250617,000000,134.305,139.98,132.6,132.6,0,0
AMC_PE,D,20250618,000000,132.602,133.973,131.916,132.4,0,0
AMC_PE,D,20250620,000000,132.861,137.206,132.861,137.2,0,0
AMC_PE,D,20250623,000000,136.977,136.977,133.089,133.8,0,0
AMC_PE,D,20250624,000000,134.263,135.636,133.806,134,0,0
AMC_PE,D,20250625,000000,135.376,136.291,134.004,134.9,0,0
AMC_PE,D,20250626,000000,133.973,136.26,133.973,136.1,0,0
AMC_PE,D,20250627,000000,136.093,136.1,134.95,136.1,0,0
AMC_PE,D,20250630,000000,136.322,136.322,134.035,134.2,0,0
AMC_PE,D,20250701,000000,135.574,136.488,133.973,135.4,0,0
AMC_PE,D,20250702,000000,135.407,136.093,134.492,134.7,0,0
AMC_PE,D,20250703,000000,135.605,136.977,134.004,136.8,0,0
AMC_PE,D,20250704,000000,137.497,141.158,137.497,140.2,0,0
AMC_PE,D,20250707,000000,140.21,140.668,138.152,140,0,0
AMC_PE,D,20250708,000000,140.014,140.014,137.955,138.4,0,0
AMC_PE,D,20250709,000000,139.556,139.556,137.726,137.9,0,0
AMC_PE,D,20250710,000000,137.892,138.12,137.434,138.1,0,0
AMC_PE,D,20250711,000000,138.089,139.46,137.403,138.6,0,0
AMC_PE,D,20250714,000000,139.743,142.726,137.678,142.2,0,0
AMC_PE,D,20250715,000000,142.204,144.033,138.546,140,0,0
AMC_PE,D,20250716,000000,141.844,141.844,138.183,138.4,0,0
AMC_PE,D,20250717,000000,138.412,139.556,137.268,138.4,0,0
AMC_PE,D,20250718,000000,137.268,139.556,137.268,139.3,0,0
AMC_PE,D,20250721,000000,137.466,138.838,137.4,137.4,0,0
AMC_PE,D,20250722,000000,137.174,138.089,137.174,137.7,0,0
AMC_PE,D,20250723,000000,137.466,138.381,137.2,137.2,0,0
AMC_PE,D,20250724,000000,137.206,138.12,135.376,137.7,0,0
AMC_PE,D,20250725,000000,138.152,138.152,135.407,136.5,0,0
AMC_PE,D,20250728,000000,136.488,136.488,131.916,132.9,0,0
AMC_PE,D,20250729,000000,132.205,132.205,131.29,132.2,0,0
AMC_PE,D,20250730,000000,130.604,134.721,130.604,134.7,0,0
AMC_PE,D,20250731,000000,134.919,134.919,131.7,131.7,0,0
AMC_PE,D,20250801,000000,131.459,134.202,131.459,132.2,0,0
AMC_PE,D,20250804,000000,131.976,132.891,131.061,132.6,0,0
AMC_PE,D,20250805,000000,133.059,133.745,128.029,128.3,0,0
AMC_PE,D,20250806,000000,129.202,131.489,129.202,129.4,0,0
AMC_PE,D,20250807,000000,130.316,131.001,129.401,129.9,0,0
AMC_PE,D,20250808,000000,130.117,130.574,129.431,129.7,0,0
AMC_PE,D,20250811,000000,129.46,131.29,129.46,129.7,0,0
AMC_PE,D,20250812,000000,129.918,132.662,129.918,132.6,0,0
AMC_PE,D,20250813,000000,130.773,130.8,130.316,130.8,0,0
AMC_PE,D,20250814,000000,130.803,130.803,129.888,130.8,0,0
AMC_PE,D,20250818,000000,131.489,131.717,129.659,129.7,0,0
AMC_PE,D,20250819,000000,129.689,134.035,129.46,132,0,0
AMC_PE,D,20250820,000000,132.693,133.608,132.006,132.2,0,0
AMC_PE,D,20250821,000000,132.205,133.349,131.976,132,0,0
AMC_PE,D,20250822,000000,131.778,132.922,128.803,129.2,0,0
AMC_PE,D,20250825,000000,130.117,130.117,128.745,129.2,0,0
AMC_PE,D,20250826,000000,129.202,129.431,128.516,128.7,0,0
AMC_PE,D,20250827,000000,128.457,128.686,127.314,127.4,0,0
AMC_PE,D,20250828,000000,127.402,128.545,123.971,124.6,0,0
AMC_PE,D,20250829,000000,123.914,126.658,123.914,124.9,0,0
AMC_PE,D,20250901,000000,124.685,127.202,124.457,125.8,0,0
AMC_PE,D,20250902,000000,126.944,126.944,122.827,124.9,0,0
AMC_PE,D,20250903,000000,123.77,125.601,123.542,124.2,0,0
AMC_PE,D,20250904,000000,124.657,124.886,123.9,123.9,0,0
AMC_PE,D,20250905,000000,124.371,126.2,123.914,124.6,0,0
AMC_PE,D,20250908,000000,124.6,125.286,123.685,124.6,0,0
AMC_PE,D,20250909,000000,124.829,124.829,123.914,124.6,0,0
AMC_PE,D,20250910,000000,123.685,124.6,123.228,124.2,0,0
AMC_PE,D,20250911,000000,124.199,124.199,123.5,123.5,0,0
AMC_PE,D,20250912,000000,123.513,123.971,123.513,123.9,0,0
AMC_PE,D,20250915,000000,123.914,124.6,123.457,123.7,0,0
AMC_PE,D,20250916,000000,123.714,123.714,123.028,123.5,0,0
AMC_PE,D,20250917,000000,123.513,123.513,122.141,123,0,0
AMC_PE,D,20250918,000000,123.457,123.685,121.856,122.6,0,0
AMC_PE,D,20250919,000000,122.37,124.657,122.141,124.6,0,0
AMC_PE,D,20250922,000000,129.172,134.7,129.172,134.7,0,0
AMC_PE,D,20250923,000000,134.69,136.748,34.8,34.8,0,0
AMC_PE,D,20250924,000000,34.976,34.976,33.681,34.4,0,0
AMC_PE,D,20250925,000000,34.399,34.812,33.987,34.8,0,0
AMC_PE,D,20250926,000000,35.094,35.094,34.682,34.9,0,0
AMC_PE,D,20250929,000000,34.783,34.842,34.43,34.7,0,0
AMC_PE,D,20250930,000000,34.347,34.7,34.17,34.5,0,0
AMC_PE,D,20251001,000000,34.617,34.617,34.264,34.3,0,0
AMC_PE,D,20251002,000000,34.3,34.418,34.182,34.3,0,0
AMC_PE,D,20251003,000000,34.182,34.889,34.182,34.4,0,0
AMC_PE,D,20251006,000000,34.399,34.812,34.399,34.8,0,0
AMC_PE,D,20251007,000000,34.859,34.859,34.21,34.8,0,0
AMC_PE,D,20251008,000000,34.8,34.859,34.21,34.5,0,0
AMC_PE,D,20251009,000000,34.44,34.499,33.616,34.2,0,0
AMC_PE,D,20251010,000000,34.377,34.908,34.141,34.7,0,0
AMC_PE,D,20251013,000000,34.347,34.347,33.64,34.1,0,0
AMC_PE,D,20251014,000000,33.806,33.983,33.63,33.9,0,0
AMC_PE,D,20251015,000000,34.136,34.371,34.018,34.2,0,0
AMC_PE,D,20251016,000000,34.436,34.907,34.024,34.5,0,0
AMC_PE,D,20251017,000000,34.499,34.499,34.028,34.3,0,0
AMC_PE,D,20251020,000000,34.182,34.653,33.769,34.5,0,0
AMC_PE,D,20251021,000000,34.322,34.676,34.146,34.2,0,0
AMC_PE,D,20251022,000000,34.2,34.5,34.023,34.5,0,0
AMC_PE,D,20251023,000000,34.499,34.617,34.145,34.3,0,0
AMC_PE,D,20251024,000000,34.359,34.595,34,34,0,0
AMC_PE,D,20251027,000000,33.882,34,33.824,33.9,0,0
AMC_PE,D,20251028,000000,33.899,34.017,33.31,34,0,0
AMC_PE,D,20251029,000000,33.41,33.881,33.233,33.6,0,0
AMC_PE,D,20251030,000000,33.601,34.131,33.424,33.9,0,0
AMC_PE,D,20251031,000000,33.958,34.017,33.781,34.017,0,0
AMC_PE,D,20251103,000000,34.076,34.194,33.781,34,0,0
AMC_PE,D,20251104,000000,33.647,33.941,33.353,33.7,0,0
AMC_PE,D,20251105,000000,33.583,33.818,33.17,33.6,0,0
AMC_PE,D,20251106,000000,33.6,33.6,33.247,33.6,0,0
AMC_PE,D,20251107,000000,33.306,33.542,32.422,33,0,0
AMC_PE,D,20251110,000000,32.647,33,32.647,33,0,0
AMC_PE,D,20251112,000000,32.999,33.117,32.882,32.9,0,0
AMC_PE,D,20251113,000000,32.901,32.901,32.429,32.8,0,0
AMC_PE,D,20251114,000000,32.682,32.741,32.4,32.4,0,0
AMC_PE,D,20251117,000000,32.695,32.754,32.342,32.7,0,0
AMC_PE,D,20251118,000000,32.701,32.76,32.347,32.4,0,0
AMC_PE,D,20251119,000000,32.518,32.636,32.401,32.6,0,0
AMC_PE,D,20251120,000000,32.424,32.718,32.365,32.7,0,0
AMC_PE,D,20251121,000000,32.465,32.76,32.171,32.7,0,0
AMC_PE,D,20251124,000000,32.406,33.054,15.4,15.4,0,0
AMC_PE,D,20251125,000000,15.538,16.199,15.538,15.9,0,0
AMC_PE,D,20251126,000000,16.065,16.339,15.982,16.1,0,0
AMC_PE,D,20251127,000000,16.292,16.292,16,16,0,0
AMC_PE,D,20251128,000000,16.055,16.274,16.055,16.1,0,0
AMC_PE,D,20251201,000000,16.429,17.005,16.347,17,0,0
AMC_PE,D,20251202,000000,17.302,17.796,17.302,17.5,0,0
AMC_PE,D,20251203,000000,17.692,18.57,17.692,18.4,0,0
AMC_PE,D,20251204,000000,18.565,18.565,17.822,18.2,0,0
AMC_PE,D,20251205,000000,18.2,18.2,17.432,17.5,0,0
AMC_PE,D,20251208,000000,17.61,17.72,17.472,17.6,0,0
AMC_PE,D,20251209,000000,17.6,17.737,17.407,17.6,0,0
AMC_PE,D,20251210,000000,17.6,17.6,17.187,17.3,0,0
AMC_PE,D,20251211,000000,17.19,17.327,17.1,17.1,0,0
AMC_PE,D,20251212,000000,17.237,17.4,17.045,17.4,0,0
AMC_PE,D,20251215,000000,17.51,17.951,17.51,17.7,0,0
AMC_PE,D,20251216,000000,17.59,17.975,17.59,17.7,0,0
AMC_PE,D,20251217,000000,17.7,17.755,17.37,17.4,0,0
AMC_PE,D,20251218,000000,17.428,17.428,16.795,17,0,0
AMC_PE,D,20251219,000000,17,17.329,16.863,17,0,0
AMC_PE,D,20251222,000000,17.055,17.193,16.7,16.7,0,0
AMC_PE,D,20251223,000000,16.7,16.7,16.508,16.7,0,0
AMC_PE,D,20251229,000000,16.727,17.523,16.727,17.1,0,0
AMC_PE,D,20251230,000000,17.32,17.567,17.183,17.2,0,0
AMC_PE,D,20260102,000000,17.2,17.64,17.2,17.6,0,0
AMC_PE,D,20260105,000000,17.93,18.534,17.93,18.1,0,0
AMC_PE,D,20260107,000000,18.511,18.978,18.1,18.1,0,0
AMC_PE,D,20260108,000000,18.1,18.1,17.552,17.6,0,0
AMC_PE,D,20260109,000000,17.82,17.875,17.573,17.6,0,0
AMC_PE,D,20260112,000000,17.6,17.6,17.161,17.3,0,0
AMC_PE,D,20260113,000000,17.3,17.437,17.163,17.3,0,0
AMC_PE,D,20260114,000000,17.493,17.493,17.108,17.2,0,0
AMC_PE,D,20260115,000000,17.228,17.723,17.2,17.4,0,0
AMC_PE,D,20260116,000000,17.592,17.729,17.318,17.4,0,0
AMC_PE,D,20260119,000000,17.4,17.4,17.043,17.1,0,0
AMC_PE,D,20260120,000000,17.128,17.128,16.716,16.8,0,0
AMC_PE,D,20260121,000000,16.8,16.937,16.69,16.9,0,0
AMC_PE,D,20260122,000000,16.928,17.175,16.9,16.9,0,0
AMC_PE,D,20260123,000000,17.037,17.12,16.817,16.9,0,0
