<TICKER>,<PER>,<DATE>,<TIME>,<OPEN>,<HIGH>,<LOW>,<CLOSE>,<VOL>,<OPENINT>
AST_PE,D,20070813,000000,13.8141,13.8141,13.8141,13.8141,0,0
AST_PE,D,20070814,000000,11.2585,11.2585,11.2585,11.2585,0,0
AST_PE,D,20070816,000000,10.9393,10.9393,10.9393,10.9393,0,0
AST_PE,D,20070817,000000,10.7793,10.7793,10.7793,10.7793,0,0
AST_PE,D,20070820,000000,11.0193,11.0193,11.0193,11.0193,0,0
AST_PE,D,20070821,000000,11.3384,11.3384,11.3384,11.3384,0,0
AST_PE,D,20070822,000000,11.8976,11.8976,11.8976,11.8976,0,0
AST_PE,D,20070823,000000,12.3767,12.3767,12.3767,12.3767,0,0
AST_PE,D,20070824,000000,11.9776,11.9776,11.9776,11.9776,0,0
AST_PE,D,20070827,000000,12.4567,12.4567,12.4567,12.4567,0,0
AST_PE,D,20070828,000000,12.2967,12.2967,12.2967,12.2967,0,0
AST_PE,D,20070829,000000,12.3767,12.3767,12.3767,12.3767,0,0
AST_PE,D,20071119,000000,9.82195,9.82195,9.82195,9.82195,0,0
AST_PE,D,20071120,000000,9.90098,9.90098,9.58191,9.82195,0,0
AST_PE,D,20071121,000000,9.34271,9.34271,8.38446,9.0228,0,0
AST_PE,D,20071122,000000,8.70362,9.50191,8.38446,9.50191,0,0
AST_PE,D,20071123,000000,9.50191,9.74195,8.86361,9.10271,0,0
AST_PE,D,20071126,000000,9.18271,9.50191,8.78361,8.78361,0,0
AST_PE,D,20071127,000000,8.62362,9.10271,8.38446,8.70362,0,0
AST_PE,D,20071128,000000,8.70362,9.0228,8.70362,9.0228,0,0
AST_PE,D,20071129,000000,9.18271,9.50191,9.0228,9.50191,0,0
AST_PE,D,20071130,000000,9.58191,9.82195,9.58191,9.82195,0,0
AST_PE,D,20071203,000000,9.98097,9.98097,9.74195,9.82195,0,0
AST_PE,D,20071204,000000,9.82195,9.98097,9.74195,9.74195,0,0
AST_PE,D,20071205,000000,9.74195,9.74195,9.50191,9.66186,0,0
AST_PE,D,20071206,000000,9.66186,10.061,9.66186,9.90098,0,0
AST_PE,D,20071207,000000,9.74195,9.74195,9.34271,9.34271,0,0
AST_PE,D,20071210,000000,9.4219,9.4219,9.18271,9.4219,0,0
AST_PE,D,20071211,000000,9.4219,9.82195,9.18271,9.82195,0,0
AST_PE,D,20071212,000000,9.18271,10.7001,9.18271,10.7001,0,0
AST_PE,D,20071213,000000,10.7793,11.0993,10.7001,10.7793,0,0
AST_PE,D,20071214,000000,10.7793,11.2585,10.7001,11.1793,0,0
AST_PE,D,20071217,000000,10.7793,11.7376,10.221,10.7001,0,0
AST_PE,D,20071218,000000,10.6202,11.6584,10.3802,11.4984,0,0
AST_PE,D,20071219,000000,11.6584,13.0158,11.6584,12.5367,0,0
AST_PE,D,20071220,000000,12.6959,12.6959,12.1367,12.6959,0,0
AST_PE,D,20071221,000000,12.6959,13.4941,12.6959,13.4941,0,0
AST_PE,D,20071227,000000,13.6541,14.0533,12.7758,13.415,0,0
AST_PE,D,20071228,000000,13.8941,13.8941,12.7758,13.6541,0,0
AST_PE,D,20080102,000000,13.335,13.6541,13.0158,13.0158,0,0
AST_PE,D,20080103,000000,12.8558,13.175,12.2967,13.095,0,0
AST_PE,D,20080104,000000,13.415,13.415,12.7758,13.095,0,0
AST_PE,D,20080107,000000,12.7758,13.0158,12.5367,12.6159,0,0
AST_PE,D,20080108,000000,12.6959,13.175,12.6959,13.095,0,0
AST_PE,D,20080109,000000,12.7758,12.7758,12.3767,12.7758,0,0
AST_PE,D,20080110,000000,12.2967,12.7758,12.2967,12.3767,0,0
AST_PE,D,20080111,000000,12.3767,12.4567,11.8976,12.4567,0,0
AST_PE,D,20080114,000000,12.4567,12.4567,12.4567,12.4567,0,0
AST_PE,D,20080115,000000,12.8558,14.2133,12.8558,12.8558,0,0
AST_PE,D,20080116,000000,12.8558,14.0533,12.8558,13.6541,0,0
AST_PE,D,20080117,000000,14.0533,14.9315,13.255,13.255,0,0
AST_PE,D,20080118,000000,13.255,13.6541,12.4567,12.6959,0,0
AST_PE,D,20080121,000000,11.9776,12.2967,11.8976,12.2167,0,0
AST_PE,D,20080122,000000,12.2167,13.095,11.5784,12.1367,0,0
AST_PE,D,20080123,000000,12.1367,12.9358,11.7376,11.8976,0,0
AST_PE,D,20080124,000000,12.0576,12.2967,11.8976,12.2967,0,0
AST_PE,D,20080125,000000,12.5367,12.8558,12.5367,12.8558,0,0
AST_PE,D,20080128,000000,12.3767,12.8558,12.3767,12.6959,0,0
AST_PE,D,20080129,000000,12.6959,14.3732,12.6959,14.1333,0,0
AST_PE,D,20080130,000000,14.1333,14.6124,13.5741,14.6124,0,0
AST_PE,D,20080131,000000,14.8524,15.0915,14.1333,14.1333,0,0
AST_PE,D,20080201,000000,14.6924,14.6924,13.5741,14.0533,0,0
AST_PE,D,20080204,000000,14.5324,14.5324,13.6541,14.2133,0,0
AST_PE,D,20080205,000000,13.5741,14.1333,13.5741,13.5741,0,0
AST_PE,D,20080206,000000,13.415,14.0533,13.415,13.8941,0,0
AST_PE,D,20080207,000000,14.1333,14.4524,12.9358,13.0158,0,0
AST_PE,D,20080208,000000,12.9358,13.175,12.7758,13.175,0,0
AST_PE,D,20080211,000000,13.175,13.8141,13.175,13.7341,0,0
AST_PE,D,20080212,000000,13.415,13.7341,13.415,13.7341,0,0
AST_PE,D,20080213,000000,14.2133,14.2133,13.7341,13.8941,0,0
AST_PE,D,20080214,000000,14.3732,14.4524,13.8941,14.0533,0,0
AST_PE,D,20080215,000000,14.2932,14.2932,13.8941,13.8941,0,0
AST_PE,D,20080218,000000,14.1333,14.1333,13.335,13.8941,0,0
AST_PE,D,20080219,000000,13.8941,13.9733,13.4941,13.4941,0,0
AST_PE,D,20080220,000000,13.6541,13.8141,13.4941,13.7341,0,0
AST_PE,D,20080221,000000,14.1333,14.3732,13.7341,14.1333,0,0
AST_PE,D,20080222,000000,14.1333,14.7724,14.1333,14.6124,0,0
AST_PE,D,20080225,000000,14.7724,16.1298,14.7724,15.2515,0,0
AST_PE,D,20080226,000000,15.2515,15.4907,14.9315,15.4107,0,0
AST_PE,D,20080227,000000,15.4107,15.5707,15.1715,15.4107,0,0
AST_PE,D,20080228,000000,15.4107,15.6507,9.90098,9.90098,0,0
AST_PE,D,20080229,000000,9.90098,10.061,9.18271,9.4219,0,0
AST_PE,D,20080303,000000,9.34271,9.34271,8.86361,9.10271,0,0
AST_PE,D,20080304,000000,9.10271,9.66186,9.10271,9.4219,0,0
AST_PE,D,20080305,000000,9.82195,10.7001,9.82195,10.6202,0,0
AST_PE,D,20080306,000000,10.3802,10.4602,10.3002,10.3802,0,0
AST_PE,D,20080307,000000,10.3802,10.4602,10.221,10.3002,0,0
AST_PE,D,20080310,000000,10.3002,11.1793,10.3002,11.1793,0,0
AST_PE,D,20080311,000000,11.1793,11.7376,11.1793,11.5784,0,0
AST_PE,D,20080312,000000,11.7376,11.8176,11.4184,11.4984,0,0
AST_PE,D,20080313,000000,11.4984,11.4984,10.7001,11.2585,0,0
AST_PE,D,20080314,000000,11.3384,12.2167,11.2585,11.9776,0,0
AST_PE,D,20080317,000000,11.7376,11.8176,11.3384,11.7376,0,0
AST_PE,D,20080318,000000,12.2967,12.2967,10.6202,11.2585,0,0
AST_PE,D,20080319,000000,11.3384,11.3384,10.8594,11.0993,0,0
AST_PE,D,20080320,000000,10.7001,10.7001,10.061,10.221,0,0
AST_PE,D,20080325,000000,10.221,10.5402,10.221,10.5402,0,0
AST_PE,D,20080326,000000,10.7793,11.0193,10.5402,10.5402,0,0
AST_PE,D,20080327,000000,10.6202,11.4984,10.5402,11.4984,0,0
AST_PE,D,20080328,000000,11.4984,11.4984,11.1793,11.2585,0,0
AST_PE,D,20080331,000000,11.3384,11.3384,11.3384,11.3384,0,0
AST_PE,D,20080401,000000,11.3384,11.3384,10.9393,10.9393,0,0
AST_PE,D,20080402,000000,11.0193,11.0193,10.6202,10.6202,0,0
AST_PE,D,20080403,000000,10.6202,10.9393,10.6202,10.7001,0,0
AST_PE,D,20080404,000000,10.9393,10.9393,10.5402,10.7001,0,0
AST_PE,D,20080407,000000,10.4602,10.9393,10.4602,10.9393,0,0
AST_PE,D,20080408,000000,11.0193,11.6584,10.9393,11.5784,0,0
AST_PE,D,20080409,000000,11.5784,11.8976,11.5784,11.5784,0,0
AST_PE,D,20080410,000000,11.4984,11.5784,10.9393,10.9393,0,0
AST_PE,D,20080411,000000,11.1793,11.3384,10.8594,11.0993,0,0
AST_PE,D,20080414,000000,11.0993,11.4984,11.0993,11.3384,0,0
AST_PE,D,20080415,000000,11.6584,11.7376,11.4984,11.5784,0,0
AST_PE,D,20080416,000000,11.5784,11.5784,11.1793,11.4984,0,0
AST_PE,D,20080417,000000,11.2585,11.5784,11.1793,11.5784,0,0
AST_PE,D,20080418,000000,11.6584,11.6584,11.2585,11.4184,0,0
AST_PE,D,20080421,000000,11.1793,11.5784,11.1793,11.5784,0,0
AST_PE,D,20080422,000000,11.5784,11.5784,10.5402,11.0993,0,0
AST_PE,D,20080423,000000,11.4184,11.4184,10.8594,10.8594,0,0
AST_PE,D,20080424,000000,10.8594,11.2585,10.8594,11.2585,0,0
AST_PE,D,20080425,000000,11.2585,11.4984,11.2585,11.4984,0,0
AST_PE,D,20080428,000000,11.6584,12.2167,11.4984,12.2167,0,0
AST_PE,D,20080429,000000,12.3767,12.6959,12.2967,12.4567,0,0
AST_PE,D,20080430,000000,12.4567,12.4567,12.2167,12.2967,0,0
AST_PE,D,20080505,000000,13.0158,13.0158,12.7758,12.8558,0,0
AST_PE,D,20080506,000000,13.095,13.095,12.5367,12.5367,0,0
AST_PE,D,20080507,000000,12.9358,12.9358,12.2967,12.2967,0,0
AST_PE,D,20080508,000000,12.6159,12.6159,12.1367,12.1367,0,0
AST_PE,D,20080509,000000,12.2167,12.6159,12.1367,12.6159,0,0
AST_PE,D,20080512,000000,12.6959,13.255,12.6959,12.7758,0,0
AST_PE,D,20080513,000000,13.0158,13.0158,12.8558,12.8558,0,0
AST_PE,D,20080514,000000,13.0158,13.0158,12.7758,13.0158,0,0
AST_PE,D,20080515,000000,12.9358,13.0158,12.6959,13.0158,0,0
AST_PE,D,20080516,000000,13.0158,13.0158,12.5367,12.5367,0,0
AST_PE,D,20080519,000000,12.5367,12.7758,11.8976,11.8976,0,0
AST_PE,D,20080520,000000,11.8976,11.8976,11.6584,11.8176,0,0
AST_PE,D,20080521,000000,11.6584,11.6584,11.4984,11.5784,0,0
AST_PE,D,20080523,000000,11.6584,11.6584,11.0193,11.2585,0,0
AST_PE,D,20080526,000000,11.2585,11.3384,11.2585,11.3384,0,0
AST_PE,D,20080527,000000,11.3384,11.6584,11.3384,11.5784,0,0
AST_PE,D,20080528,000000,11.8976,11.8976,11.5784,11.8176,0,0
AST_PE,D,20080529,000000,11.8176,11.8176,11.6584,11.8176,0,0
AST_PE,D,20080530,000000,11.7376,11.7376,11.5784,11.6584,0,0
AST_PE,D,20080602,000000,11.4184,11.6584,11.4184,11.5784,0,0
AST_PE,D,20080603,000000,11.4984,11.6584,11.4984,11.5784,0,0
AST_PE,D,20080604,000000,11.4184,11.5784,11.4184,11.4984,0,0
AST_PE,D,20080605,000000,11.4184,11.4984,11.4184,11.4984,0,0
AST_PE,D,20080606,000000,11.4984,11.7376,11.4984,11.7376,0,0
AST_PE,D,20080609,000000,11.4184,11.7376,11.4184,11.5784,0,0
AST_PE,D,20080610,000000,11.5784,11.5784,10.9393,11.0993,0,0
AST_PE,D,20080611,000000,11.0193,11.0193,10.221,10.5402,0,0
AST_PE,D,20080612,000000,10.5402,11.0193,10.221,11.0193,0,0
AST_PE,D,20080613,000000,11.0193,11.0193,10.8594,10.8594,0,0
AST_PE,D,20080616,000000,11.0993,11.5784,11.0193,11.0993,0,0
AST_PE,D,20080617,000000,11.0993,11.4984,11.0993,11.0993,0,0
AST_PE,D,20080618,000000,11.2585,11.2585,11.0993,11.0993,0,0
AST_PE,D,20080619,000000,11.0993,11.3384,10.5402,11.0993,0,0
AST_PE,D,20080620,000000,11.3384,11.3384,11.0993,11.0993,0,0
AST_PE,D,20080623,000000,11.0993,11.0993,10.6202,10.6202,0,0
AST_PE,D,20080624,000000,10.5402,10.5402,9.4219,9.4219,0,0
AST_PE,D,20080625,000000,9.4219,9.82195,9.18271,9.82195,0,0
AST_PE,D,20080626,000000,9.66186,9.66186,8.86361,8.86361,0,0
AST_PE,D,20080627,000000,9.10271,9.10271,8.94277,9.10271,0,0
AST_PE,D,20080630,000000,9.4219,9.4219,8.78361,9.10271,0,0
AST_PE,D,20080701,000000,9.4219,9.4219,8.70362,8.70362,0,0
AST_PE,D,20080702,000000,9.0228,9.0228,8.70362,8.78361,0,0
AST_PE,D,20080703,000000,9.0228,9.26272,9.0228,9.26272,0,0
AST_PE,D,20080704,000000,9.34271,9.58191,8.94277,8.94277,0,0
AST_PE,D,20080707,000000,9.10271,9.10271,8.30448,8.78361,0,0
AST_PE,D,20080708,000000,8.78361,8.78361,8.54362,8.54362,0,0
AST_PE,D,20080709,000000,9.26272,9.26272,8.78361,8.94277,0,0
AST_PE,D,20080710,000000,9.34271,9.34271,8.86361,9.0228,0,0
AST_PE,D,20080711,000000,9.26272,9.26272,8.70362,8.78361,0,0
AST_PE,D,20080714,000000,9.26272,9.26272,8.70362,9.0228,0,0
AST_PE,D,20080715,000000,9.26272,9.26272,8.78361,9.0228,0,0
AST_PE,D,20080716,000000,9.18271,9.18271,8.70362,8.70362,0,0
AST_PE,D,20080717,000000,8.70362,9.0228,8.70362,9.0228,0,0
AST_PE,D,20080718,000000,8.70362,8.78361,8.06449,8.22448,0,0
AST_PE,D,20080721,000000,7.58569,7.66552,7.34612,7.66552,0,0
AST_PE,D,20080722,000000,6.94689,7.58569,6.94689,7.34612,0,0
AST_PE,D,20080723,000000,7.34612,7.98533,7.34612,7.98533,0,0
AST_PE,D,20080724,000000,7.98533,7.98533,7.90508,7.90508,0,0
AST_PE,D,20080725,000000,7.82525,7.98533,7.42603,7.98533,0,0
AST_PE,D,20080728,000000,8.30448,8.30448,7.98533,8.06449,0,0
AST_PE,D,20080729,000000,8.06449,8.38446,7.98533,8.06449,0,0
AST_PE,D,20080730,000000,8.46363,8.54362,7.98533,8.54362,0,0
AST_PE,D,20080731,000000,8.54362,8.54362,8.06449,8.46363,0,0
AST_PE,D,20080801,000000,8.22448,8.46363,8.22448,8.30448,0,0
AST_PE,D,20080804,000000,8.06449,8.30448,8.06449,8.30448,0,0
AST_PE,D,20080805,000000,8.14448,8.46363,8.14448,8.46363,0,0
AST_PE,D,20080806,000000,8.38446,8.46363,8.30448,8.30448,0,0
AST_PE,D,20080807,000000,8.14448,8.14448,7.66552,8.06449,0,0
AST_PE,D,20080808,000000,7.90508,8.30448,7.74542,8.30448,0,0
AST_PE,D,20080811,000000,8.54362,8.54362,8.06449,8.30448,0,0
AST_PE,D,20080812,000000,8.30448,8.94277,8.30448,8.78361,0,0
AST_PE,D,20080813,000000,8.86361,8.86361,8.62362,8.86361,0,0
AST_PE,D,20080814,000000,8.86361,8.86361,8.62362,8.86361,0,0
AST_PE,D,20080818,000000,8.38446,9.0228,6.70733,6.70733,0,0
AST_PE,D,20080819,000000,6.38792,6.70733,5.82905,5.82905,0,0
AST_PE,D,20080820,000000,6.06854,6.06854,5.98871,6.06854,0,0
AST_PE,D,20080821,000000,6.06854,6.06854,5.82905,5.98871,0,0
AST_PE,D,20080822,000000,5.98871,6.06854,5.82905,5.98871,0,0
AST_PE,D,20080825,000000,6.30809,6.30809,5.98871,5.98871,0,0
AST_PE,D,20080826,000000,5.98871,6.30809,5.98871,6.30809,0,0
AST_PE,D,20080827,000000,6.22827,6.22827,6.22827,6.22827,0,0
AST_PE,D,20080828,000000,6.38792,6.38792,6.14844,6.30809,0,0
AST_PE,D,20080829,000000,6.38792,6.54767,6.22827,6.46784,0,0
AST_PE,D,20080901,000000,6.54767,6.54767,6.54767,6.54767,0,0
AST_PE,D,20080902,000000,6.30809,6.54767,6.22827,6.54767,0,0
AST_PE,D,20080903,000000,6.54767,6.54767,6.38792,6.54767,0,0
AST_PE,D,20080904,000000,6.54767,6.54767,6.54767,6.54767,0,0
AST_PE,D,20080905,000000,6.54767,6.54767,6.38792,6.38792,0,0
AST_PE,D,20080908,000000,6.38792,6.38792,5.90888,6.06854,0,0
AST_PE,D,20080909,000000,6.06854,6.06854,5.98871,5.98871,0,0
AST_PE,D,20080910,000000,5.90888,5.90888,5.58947,5.82905,0,0
AST_PE,D,20080911,000000,5.90888,5.90888,5.82905,5.82905,0,0
AST_PE,D,20080912,000000,5.82905,5.82905,5.6693,5.6693,0,0
AST_PE,D,20080915,000000,5.6693,5.6693,4.87085,4.87085,0,0
AST_PE,D,20080916,000000,4.87085,4.87085,4.47155,4.55138,0,0
AST_PE,D,20080917,000000,4.87085,4.87085,4.39172,4.87085,0,0
AST_PE,D,20080918,000000,4.47155,4.87085,4.39172,4.71111,0,0
AST_PE,D,20080919,000000,4.87085,5.11034,4.71111,4.87085,0,0
AST_PE,D,20080922,000000,5.19026,5.19026,4.87085,5.11034,0,0
AST_PE,D,20080923,000000,4.87085,5.03051,4.71111,4.79094,0,0
AST_PE,D,20080924,000000,5.03051,5.03051,4.79094,4.79094,0,0
AST_PE,D,20080925,000000,5.03051,5.11034,4.95068,5.11034,0,0
AST_PE,D,20080926,000000,5.19026,5.19026,4.95068,5.03051,0,0
AST_PE,D,20080929,000000,4.87085,4.87085,4.79094,4.79094,0,0
AST_PE,D,20080930,000000,4.79094,5.11034,4.63129,5.11034,0,0
AST_PE,D,20081001,000000,5.11034,5.11034,5.11034,5.11034,0,0
AST_PE,D,20081002,000000,5.11034,5.19026,5.03051,5.19026,0,0
AST_PE,D,20081003,000000,5.19026,5.19026,4.79094,4.79094,0,0
AST_PE,D,20081006,000000,4.15215,4.55138,4.15215,4.47155,0,0
AST_PE,D,20081007,000000,4.47155,4.47155,3.6731,3.6731,0,0
AST_PE,D,20081008,000000,3.43353,3.6731,3.3537,3.43353,0,0
AST_PE,D,20081009,000000,3.43353,3.6731,3.3537,3.6731,0,0
AST_PE,D,20081010,000000,3.59319,4.23198,3.3537,3.43353,0,0
AST_PE,D,20081013,000000,3.51336,3.6731,3.43353,3.6731,0,0
AST_PE,D,20081014,000000,4.07232,4.07232,3.75293,3.99249,0,0
AST_PE,D,20081015,000000,3.99249,3.99249,3.6731,3.6731,0,0
AST_PE,D,20081016,000000,3.43353,3.51336,3.43353,3.43353,0,0
AST_PE,D,20081017,000000,3.43353,3.51336,3.2738,3.3537,0,0
AST_PE,D,20081020,000000,3.59319,3.59319,3.43353,3.43353,0,0
AST_PE,D,20081021,000000,3.43353,3.51336,3.3537,3.43353,0,0
AST_PE,D,20081022,000000,3.2738,3.3537,3.2738,3.2738,0,0
AST_PE,D,20081023,000000,3.3537,3.3537,2.95439,3.19397,0,0
AST_PE,D,20081024,000000,3.11414,3.11414,2.87457,2.87457,0,0
AST_PE,D,20081027,000000,2.79474,2.79474,2.3156,2.47535,0,0
AST_PE,D,20081028,000000,2.3156,2.635,2.3156,2.47535,0,0
AST_PE,D,20081029,000000,2.55517,2.635,2.55517,2.55517,0,0
AST_PE,D,20081030,000000,2.635,2.71491,2.55517,2.71491,0,0
AST_PE,D,20081031,000000,2.71491,3.19397,2.71491,3.11414,0,0
AST_PE,D,20081103,000000,3.2738,3.2738,3.11414,3.11414,0,0
AST_PE,D,20081104,000000,3.11414,3.51336,3.11414,3.43353,0,0
AST_PE,D,20081105,000000,3.43353,3.43353,3.11414,3.19397,0,0
AST_PE,D,20081106,000000,3.11414,3.19397,2.79474,2.79474,0,0
AST_PE,D,20081107,000000,2.79474,2.95439,2.79474,2.87457,0,0
AST_PE,D,20081110,000000,3.03431,3.03431,2.87457,3.03431,0,0
AST_PE,D,20081112,000000,3.03431,3.03431,2.71491,2.71491,0,0
AST_PE,D,20081113,000000,2.71491,2.87457,2.71491,2.71491,0,0
AST_PE,D,20081114,000000,2.71491,2.71491,2.23577,2.39552,0,0
AST_PE,D,20081117,000000,2.39552,3.19397,2.39552,3.19397,0,0
AST_PE,D,20081118,000000,3.03431,3.03431,3.03431,3.03431,0,0
AST_PE,D,20081119,000000,2.95439,3.11414,2.95439,3.11414,0,0
AST_PE,D,20081120,000000,2.95439,3.2738,2.95439,3.11414,0,0
AST_PE,D,20081121,000000,3.19397,3.3537,3.11414,3.3537,0,0
AST_PE,D,20081124,000000,3.3537,3.3537,3.11414,3.3537,0,0
AST_PE,D,20081125,000000,3.43353,3.51336,3.2738,3.43353,0,0
AST_PE,D,20081126,000000,3.2738,3.51336,3.2738,3.43353,0,0
AST_PE,D,20081127,000000,3.43353,3.75293,3.43353,3.6731,0,0
AST_PE,D,20081128,000000,3.6731,3.6731,3.6731,3.6731,0,0
AST_PE,D,20081201,000000,3.75293,3.75293,3.51336,3.51336,0,0
AST_PE,D,20081202,000000,3.51336,3.51336,3.43353,3.43353,0,0
AST_PE,D,20081203,000000,3.43353,3.43353,3.19397,3.3537,0,0
AST_PE,D,20081204,000000,3.3537,3.59319,3.3537,3.59319,0,0
AST_PE,D,20081205,000000,3.2738,3.51336,3.2738,3.2738,0,0
AST_PE,D,20081208,000000,3.2738,3.59319,3.2738,3.59319,0,0
AST_PE,D,20081209,000000,3.51336,3.51336,3.43353,3.43353,0,0
AST_PE,D,20081210,000000,3.2738,3.51336,3.2738,3.51336,0,0
AST_PE,D,20081211,000000,3.51336,3.51336,3.51336,3.51336,0,0
AST_PE,D,20081215,000000,3.51336,3.51336,3.2738,3.2738,0,0
AST_PE,D,20081216,000000,3.2738,3.43353,3.2738,3.2738,0,0
AST_PE,D,20081217,000000,3.3537,3.3537,3.2738,3.2738,0,0
AST_PE,D,20081218,000000,3.2738,3.3537,3.2738,3.3537,0,0
AST_PE,D,20081219,000000,3.3537,3.51336,3.3537,3.3537,0,0
AST_PE,D,20081222,000000,3.3537,3.3537,3.19397,3.19397,0,0
AST_PE,D,20081223,000000,3.19397,3.19397,2.87457,3.03431,0,0
AST_PE,D,20081229,000000,2.79474,3.03431,2.79474,2.95439,0,0
AST_PE,D,20081230,000000,2.87457,2.87457,2.87457,2.87457,0,0
AST_PE,D,20081231,000000,3.11414,3.11414,2.79474,2.87457,0,0
AST_PE,D,20090105,000000,2.87457,2.87457,2.87457,2.87457,0,0
AST_PE,D,20090106,000000,3.03431,3.03431,2.87457,2.95439,0,0
AST_PE,D,20090107,000000,2.95439,2.95439,2.87457,2.87457,0,0
AST_PE,D,20090108,000000,2.87457,2.87457,2.79474,2.79474,0,0
AST_PE,D,20090109,000000,2.79474,2.79474,2.71491,2.79474,0,0
AST_PE,D,20090112,000000,2.79474,2.79474,2.71491,2.79474,0,0
AST_PE,D,20090113,000000,2.79474,2.79474,2.55517,2.71491,0,0
AST_PE,D,20090114,000000,2.71491,2.71491,2.55517,2.635,0,0
AST_PE,D,20090115,000000,2.39552,2.635,2.39552,2.635,0,0
AST_PE,D,20090116,000000,2.55517,2.55517,2.55517,2.55517,0,0
AST_PE,D,20090119,000000,2.55517,2.55517,2.47535,2.47535,0,0
AST_PE,D,20090120,000000,2.39552,2.39552,2.3156,2.3156,0,0
AST_PE,D,20090121,000000,2.39552,2.39552,2.3156,2.3156,0,0
AST_PE,D,20090122,000000,2.39552,2.39552,2.23577,2.23577,0,0
AST_PE,D,20090123,000000,2.15594,2.15594,2.15594,2.15594,0,0
AST_PE,D,20090126,000000,2.15594,2.15594,2.07612,2.15594,0,0
AST_PE,D,20090127,000000,2.15594,2.15594,2.15594,2.15594,0,0
AST_PE,D,20090128,000000,2.15594,2.15594,2.07612,2.07612,0,0
AST_PE,D,20090129,000000,2.07612,2.15594,2.07612,2.15594,0,0
AST_PE,D,20090130,000000,2.15594,2.15594,2.07612,2.15594,0,0
AST_PE,D,20090202,000000,2.15594,2.15594,2.15594,2.15594,0,0
AST_PE,D,20090203,000000,2.15594,2.15594,2.07612,2.15594,0,0
AST_PE,D,20090204,000000,2.15594,2.15594,2.07612,2.07612,0,0
AST_PE,D,20090205,000000,2.07612,2.07612,1.99621,2.07612,0,0
AST_PE,D,20090206,000000,2.07612,2.07612,2.07612,2.07612,0,0
AST_PE,D,20090209,000000,2.07612,2.07612,2.07612,2.07612,0,0
AST_PE,D,20090210,000000,2.07612,2.07612,2.07612,2.07612,0,0
AST_PE,D,20090211,000000,2.07612,2.15594,2.07612,2.07612,0,0
AST_PE,D,20090212,000000,2.15594,2.55517,2.15594,2.55517,0,0
AST_PE,D,20090213,000000,2.635,2.71491,2.39552,2.47535,0,0
AST_PE,D,20090216,000000,2.635,2.635,2.3156,2.39552,0,0
AST_PE,D,20090217,000000,2.39552,2.39552,2.23577,2.23577,0,0
AST_PE,D,20090218,000000,2.15594,2.23577,2.15594,2.15594,0,0
AST_PE,D,20090219,000000,2.23577,2.39552,2.15594,2.15594,0,0
AST_PE,D,20090220,000000,2.15594,2.23577,2.15594,2.23577,0,0
AST_PE,D,20090223,000000,2.23577,2.55517,2.23577,2.39552,0,0
AST_PE,D,20090224,000000,2.39552,2.47535,2.3156,2.39552,0,0
AST_PE,D,20090225,000000,2.39552,2.39552,2.39552,2.39552,0,0
AST_PE,D,20090226,000000,2.39552,2.47535,2.39552,2.39552,0,0
AST_PE,D,20090227,000000,2.39552,2.39552,2.3156,2.39552,0,0
AST_PE,D,20090302,000000,2.39552,2.39552,2.39552,2.39552,0,0
AST_PE,D,20090303,000000,2.39552,2.39552,2.39552,2.39552,0,0
AST_PE,D,20090304,000000,2.39552,2.39552,2.39552,2.39552,0,0
AST_PE,D,20090305,000000,2.39552,2.47535,2.39552,2.39552,0,0
AST_PE,D,20090306,000000,2.3156,2.3156,2.3156,2.3156,0,0
AST_PE,D,20090309,000000,2.39552,2.47535,2.3156,2.3156,0,0
AST_PE,D,20090310,000000,2.23577,2.3156,2.15594,2.15594,0,0
AST_PE,D,20090311,000000,2.15594,2.23577,2.15594,2.23577,0,0
AST_PE,D,20090312,000000,2.15594,2.23577,2.15594,2.23577,0,0
AST_PE,D,20090313,000000,2.23577,2.3156,2.23577,2.3156,0,0
AST_PE,D,20090316,000000,2.23577,2.3156,2.23577,2.3156,0,0
AST_PE,D,20090317,000000,2.3156,2.55517,2.23577,2.47535,0,0
AST_PE,D,20090318,000000,2.47535,2.55517,2.47535,2.47535,0,0
AST_PE,D,20090319,000000,2.47535,2.47535,2.47535,2.47535,0,0
AST_PE,D,20090320,000000,2.39552,2.47535,2.39552,2.47535,0,0
AST_PE,D,20090323,000000,2.39552,2.635,2.39552,2.635,0,0
AST_PE,D,20090324,000000,2.71491,2.87457,2.71491,2.79474,0,0
AST_PE,D,20090325,000000,2.79474,2.79474,2.71491,2.79474,0,0
AST_PE,D,20090326,000000,2.79474,3.03431,2.79474,2.95439,0,0
AST_PE,D,20090327,000000,2.87457,3.11414,2.87457,2.87457,0,0
AST_PE,D,20090330,000000,3.11414,3.11414,2.79474,2.87457,0,0
AST_PE,D,20090331,000000,2.87457,3.03431,2.79474,2.79474,0,0
AST_PE,D,20090401,000000,2.79474,2.95439,2.79474,2.79474,0,0
AST_PE,D,20090402,000000,3.03431,3.03431,3.03431,3.03431,0,0
AST_PE,D,20090403,000000,2.95439,3.03431,2.95439,3.03431,0,0
AST_PE,D,20090406,000000,3.03431,3.11414,3.03431,3.11414,0,0
AST_PE,D,20090407,000000,3.11414,3.19397,3.11414,3.11414,0,0
AST_PE,D,20090408,000000,3.11414,3.2738,3.11414,3.2738,0,0
AST_PE,D,20090409,000000,3.3537,3.3537,3.2738,3.3537,0,0
AST_PE,D,20090414,000000,3.43353,3.6731,3.3537,3.51336,0,0
AST_PE,D,20090415,000000,3.6731,3.6731,3.43353,3.43353,0,0
AST_PE,D,20090416,000000,3.59319,3.59319,3.43353,3.59319,0,0
AST_PE,D,20090417,000000,3.6731,3.6731,3.43353,3.43353,0,0
AST_PE,D,20090420,000000,3.43353,3.43353,3.19397,3.19397,0,0
AST_PE,D,20090421,000000,3.19397,3.19397,3.03431,3.11414,0,0
AST_PE,D,20090422,000000,3.2738,3.2738,3.11414,3.2738,0,0
AST_PE,D,20090423,000000,3.2738,3.3537,3.19397,3.2738,0,0
AST_PE,D,20090427,000000,3.2738,3.2738,3.19397,3.19397,0,0
AST_PE,D,20090428,000000,3.11414,3.19397,3.11414,3.19397,0,0
AST_PE,D,20090429,000000,3.19397,3.43353,3.19397,3.2738,0,0
AST_PE,D,20090430,000000,3.51336,3.51336,3.3537,3.3537,0,0
AST_PE,D,20090504,000000,3.43353,3.51336,3.43353,3.51336,0,0
AST_PE,D,20090505,000000,3.3537,3.43353,3.3537,3.43353,0,0
AST_PE,D,20090506,000000,3.43353,3.51336,3.43353,3.43353,0,0
AST_PE,D,20090507,000000,3.43353,4.23198,3.43353,3.99249,0,0
AST_PE,D,20090508,000000,4.15215,4.15215,3.6731,3.6731,0,0
AST_PE,D,20090511,000000,3.6731,3.99249,3.6731,3.99249,0,0
AST_PE,D,20090512,000000,4.07232,4.23198,3.99249,4.23198,0,0
AST_PE,D,20090513,000000,4.31189,4.79094,4.07232,4.15215,0,0
AST_PE,D,20090514,000000,4.15215,4.39172,4.15215,4.15215,0,0
AST_PE,D,20090515,000000,4.23198,4.55138,4.23198,4.39172,0,0
AST_PE,D,20090518,000000,4.23198,4.39172,4.23198,4.39172,0,0
AST_PE,D,20090519,000000,4.63129,4.63129,4.23198,4.23198,0,0
AST_PE,D,20090520,000000,4.31189,4.55138,4.31189,4.47155,0,0
AST_PE,D,20090521,000000,4.47155,4.47155,4.31189,4.47155,0,0
AST_PE,D,20090522,000000,4.47155,4.47155,4.15215,4.23198,0,0
AST_PE,D,20090525,000000,4.15215,4.39172,4.15215,4.31189,0,0
AST_PE,D,20090526,000000,4.47155,4.47155,4.23198,4.39172,0,0
AST_PE,D,20090527,000000,4.47155,4.47155,4.39172,4.39172,0,0
AST_PE,D,20090528,000000,4.23198,4.39172,4.23198,4.39172,0,0
AST_PE,D,20090529,000000,4.47155,4.55138,4.39172,4.47155,0,0
AST_PE,D,20090601,000000,4.71111,4.79094,4.47155,4.79094,0,0
AST_PE,D,20090602,000000,5.03051,5.03051,4.79094,4.95068,0,0
AST_PE,D,20090603,000000,5.03051,5.03051,4.63129,4.63129,0,0
AST_PE,D,20090604,000000,4.71111,4.95068,4.63129,4.71111,0,0
AST_PE,D,20090605,000000,4.71111,4.71111,4.23198,4.23198,0,0
AST_PE,D,20090608,000000,4.23198,4.39172,4.23198,4.31189,0,0
AST_PE,D,20090609,000000,4.39172,4.55138,4.23198,4.47155,0,0
AST_PE,D,20090610,000000,4.47155,4.71111,4.47155,4.71111,0,0
AST_PE,D,20090612,000000,4.71111,4.95068,4.63129,4.95068,0,0
AST_PE,D,20090615,000000,4.79094,4.87085,4.79094,4.79094,0,0
AST_PE,D,20090616,000000,4.71111,4.79094,4.55138,4.79094,0,0
AST_PE,D,20100428,000000,9.74195,9.74195,9.74195,9.74195,0,0
AST_PE,D,20100429,000000,9.74195,9.82195,9.4219,9.82195,0,0
AST_PE,D,20100430,000000,9.82195,10.061,9.74195,10.061,0,0
AST_PE,D,20100504,000000,9.74195,10.061,9.74195,9.90098,0,0
AST_PE,D,20100505,000000,9.74195,9.74195,9.50191,9.58191,0,0
AST_PE,D,20100506,000000,9.26272,9.50191,9.26272,9.34271,0,0
AST_PE,D,20100507,000000,9.10271,9.4219,8.78361,9.26272,0,0
AST_PE,D,20100510,000000,9.58191,10.061,9.58191,9.66186,0,0
AST_PE,D,20100511,000000,9.98097,9.98097,9.18271,9.18271,0,0
AST_PE,D,20100512,000000,9.10271,9.4219,9.10271,9.26272,0,0
AST_PE,D,20100513,000000,9.58191,9.58191,9.4219,9.4219,0,0
AST_PE,D,20100514,000000,9.74195,9.74195,9.50191,9.74195,0,0
AST_PE,D,20100517,000000,9.74195,9.74195,6.46784,6.46784,0,0
AST_PE,D,20100518,000000,6.46784,6.54767,6.46784,6.54767,0,0
AST_PE,D,20100519,000000,6.54767,6.54767,6.38792,6.38792,0,0
AST_PE,D,20100520,000000,6.46784,6.54767,6.38792,6.38792,0,0
AST_PE,D,20100521,000000,6.06854,6.38792,6.06854,6.38792,0,0
AST_PE,D,20100524,000000,6.30809,6.38792,6.22827,6.38792,0,0
AST_PE,D,20100525,000000,6.38792,6.46784,6.22827,6.38792,0,0
AST_PE,D,20100526,000000,6.54767,6.54767,6.38792,6.38792,0,0
AST_PE,D,20100527,000000,6.46784,6.46784,6.22827,6.22827,0,0
AST_PE,D,20100528,000000,6.38792,6.46784,6.38792,6.46784,0,0
AST_PE,D,20100531,000000,6.46784,6.54767,6.46784,6.54767,0,0
AST_PE,D,20100601,000000,6.6275,6.6275,6.54767,6.54767,0,0
AST_PE,D,20100602,000000,6.54767,6.6275,6.54767,6.6275,0,0
AST_PE,D,20100604,000000,6.6275,6.6275,6.6275,6.6275,0,0
AST_PE,D,20100607,000000,6.6275,6.6275,6.30809,6.6275,0,0
AST_PE,D,20100608,000000,6.6275,6.6275,6.6275,6.6275,0,0
AST_PE,D,20100609,000000,6.6275,6.6275,6.54767,6.54767,0,0
AST_PE,D,20100610,000000,6.46784,6.6275,6.46784,6.6275,0,0
AST_PE,D,20100611,000000,6.6275,6.78723,6.6275,6.78723,0,0
AST_PE,D,20100614,000000,6.94689,6.94689,6.86706,6.86706,0,0
AST_PE,D,20100615,000000,6.86706,6.86706,6.70733,6.86706,0,0
AST_PE,D,20100616,000000,6.86706,6.86706,6.78723,6.78723,0,0
AST_PE,D,20100617,000000,6.78723,6.78723,6.54767,6.54767,0,0
AST_PE,D,20100618,000000,6.54767,6.6275,6.46784,6.54767,0,0
AST_PE,D,20100621,000000,6.78723,6.78723,6.70733,6.70733,0,0
AST_PE,D,20100622,000000,6.70733,6.70733,6.6275,6.6275,0,0
AST_PE,D,20100623,000000,6.6275,6.6275,6.54767,6.6275,0,0
AST_PE,D,20100624,000000,6.54767,6.6275,6.54767,6.6275,0,0
AST_PE,D,20100625,000000,6.54767,6.6275,6.54767,6.6275,0,0
AST_PE,D,20100628,000000,6.54767,6.54767,6.54767,6.54767,0,0
AST_PE,D,20100629,000000,6.70733,6.70733,6.54767,6.54767,0,0
AST_PE,D,20100630,000000,6.46784,6.6275,6.46784,6.54767,0,0
AST_PE,D,20100701,000000,6.46784,6.6275,6.46784,6.6275,0,0
AST_PE,D,20100702,000000,6.46784,6.54767,6.46784,6.54767,0,0
AST_PE,D,20100705,000000,6.6275,6.6275,6.54767,6.54767,0,0
AST_PE,D,20100706,000000,6.54767,6.70733,6.54767,6.70733,0,0
AST_PE,D,20100707,000000,6.70733,6.70733,6.6275,6.70733,0,0
AST_PE,D,20100708,000000,6.70733,6.78723,6.70733,6.70733,0,0
AST_PE,D,20100709,000000,6.70733,6.70733,6.6275,6.70733,0,0
AST_PE,D,20100712,000000,6.70733,6.70733,6.70733,6.70733,0,0
AST_PE,D,20100713,000000,6.70733,6.78723,6.6275,6.6275,0,0
AST_PE,D,20100714,000000,6.6275,6.70733,6.54767,6.70733,0,0
AST_PE,D,20100715,000000,6.70733,6.70733,6.54767,6.54767,0,0
AST_PE,D,20100716,000000,6.54767,6.54767,6.38792,6.54767,0,0
AST_PE,D,20100719,000000,6.70733,6.70733,6.6275,6.6275,0,0
AST_PE,D,20100720,000000,6.54767,6.6275,6.54767,6.6275,0,0
AST_PE,D,20100721,000000,6.54767,6.6275,6.46784,6.6275,0,0
AST_PE,D,20100722,000000,6.70733,6.70733,6.54767,6.6275,0,0
AST_PE,D,20100723,000000,6.54767,6.94689,6.54767,6.70733,0,0
AST_PE,D,20100726,000000,6.70733,6.78723,6.70733,6.78723,0,0
AST_PE,D,20100727,000000,6.86706,6.86706,6.70733,6.86706,0,0
AST_PE,D,20100728,000000,6.94689,6.94689,6.70733,6.94689,0,0
AST_PE,D,20100729,000000,6.94689,7.34612,6.94689,7.18646,0,0
AST_PE,D,20100730,000000,7.26629,7.26629,7.02672,7.10663,0,0
AST_PE,D,20100802,000000,7.10663,7.10663,6.86706,7.10663,0,0
AST_PE,D,20100803,000000,7.10663,7.18646,7.02672,7.02672,0,0
AST_PE,D,20100804,000000,7.02672,7.10663,6.94689,6.94689,0,0
AST_PE,D,20100805,000000,6.94689,7.02672,6.94689,7.02672,0,0
AST_PE,D,20100806,000000,7.02672,7.02672,7.02672,7.02672,0,0
AST_PE,D,20100809,000000,7.02672,7.26629,7.02672,7.10663,0,0
AST_PE,D,20100810,000000,7.10663,7.10663,6.94689,7.02672,0,0
AST_PE,D,20100811,000000,7.02672,7.10663,6.94689,7.02672,0,0
AST_PE,D,20100812,000000,7.02672,7.10663,6.94689,7.02672,0,0
AST_PE,D,20100813,000000,7.02672,7.26629,7.02672,7.18646,0,0
AST_PE,D,20100816,000000,7.18646,7.18646,7.10663,7.18646,0,0
AST_PE,D,20100817,000000,6.94689,7.18646,6.94689,7.18646,0,0
AST_PE,D,20100818,000000,6.94689,7.26629,6.94689,7.18646,0,0
AST_PE,D,20100819,000000,7.26629,7.50586,7.26629,7.42603,0,0
AST_PE,D,20100820,000000,7.42603,7.74542,7.42603,7.58569,0,0
AST_PE,D,20100823,000000,7.66552,7.66552,7.58569,7.66552,0,0
AST_PE,D,20100824,000000,7.66552,7.66552,7.26629,7.26629,0,0
AST_PE,D,20100825,000000,7.10663,7.18646,7.10663,7.18646,0,0
AST_PE,D,20100826,000000,7.26629,7.50586,7.26629,7.42603,0,0
AST_PE,D,20100827,000000,7.58569,7.66552,7.58569,7.66552,0,0
AST_PE,D,20100830,000000,7.74542,7.82525,7.66552,7.82525,0,0
AST_PE,D,20100831,000000,7.82525,7.82525,7.66552,7.74542,0,0
AST_PE,D,20100901,000000,7.74542,7.74542,6.38792,6.38792,0,0
AST_PE,D,20100902,000000,6.46784,6.6275,6.30809,6.6275,0,0
AST_PE,D,20100903,000000,6.6275,7.18646,6.6275,6.94689,0,0
AST_PE,D,20100906,000000,7.26629,7.82525,7.18646,7.18646,0,0
AST_PE,D,20100907,000000,7.18646,7.50586,7.10663,7.50586,0,0
AST_PE,D,20100908,000000,7.74542,8.22448,7.66552,8.14448,0,0
AST_PE,D,20100909,000000,8.38446,8.38446,7.98533,8.38446,0,0
AST_PE,D,20100910,000000,8.46363,8.62362,8.22448,8.38446,0,0
AST_PE,D,20100913,000000,8.38446,8.38446,8.06449,8.30448,0,0
AST_PE,D,20100914,000000,8.30448,8.30448,7.90508,7.90508,0,0
AST_PE,D,20100915,000000,8.06449,8.06449,7.58569,7.58569,0,0
AST_PE,D,20100916,000000,7.66552,7.98533,7.66552,7.82525,0,0
AST_PE,D,20100917,000000,7.98533,7.98533,7.82525,7.90508,0,0
AST_PE,D,20100920,000000,7.90508,7.90508,7.74542,7.82525,0,0
AST_PE,D,20100921,000000,7.90508,7.90508,7.58569,7.58569,0,0
AST_PE,D,20100922,000000,7.58569,7.58569,7.10663,7.26629,0,0
AST_PE,D,20100923,000000,7.42603,7.42603,7.10663,7.18646,0,0
AST_PE,D,20100924,000000,7.18646,7.50586,7.18646,7.42603,0,0
AST_PE,D,20100927,000000,7.42603,7.58569,7.26629,7.34612,0,0
AST_PE,D,20100928,000000,7.10663,7.18646,7.10663,7.18646,0,0
AST_PE,D,20100929,000000,7.26629,7.26629,7.02672,7.18646,0,0
AST_PE,D,20100930,000000,7.26629,7.26629,7.02672,7.10663,0,0
AST_PE,D,20101001,000000,7.02672,7.18646,7.02672,7.10663,0,0
AST_PE,D,20101004,000000,7.26629,7.26629,6.94689,7.10663,0,0
AST_PE,D,20101005,000000,7.10663,7.10663,7.02672,7.02672,0,0
AST_PE,D,20101006,000000,7.02672,7.10663,7.02672,7.10663,0,0
AST_PE,D,20101007,000000,7.02672,7.10663,6.78723,6.86706,0,0
AST_PE,D,20101008,000000,6.94689,6.94689,6.6275,6.70733,0,0
AST_PE,D,20101011,000000,6.70733,6.70733,6.54767,6.6275,0,0
AST_PE,D,20101012,000000,6.6275,6.94689,6.6275,6.94689,0,0
AST_PE,D,20101013,000000,7.10663,7.34612,7.10663,7.18646,0,0
AST_PE,D,20101014,000000,7.50586,7.50586,7.02672,7.18646,0,0
AST_PE,D,20101015,000000,7.18646,7.18646,6.86706,6.94689,0,0
AST_PE,D,20101018,000000,6.94689,7.02672,6.70733,6.70733,0,0
AST_PE,D,20101019,000000,6.94689,6.94689,6.70733,6.70733,0,0
AST_PE,D,20101020,000000,6.78723,6.78723,6.6275,6.78723,0,0
AST_PE,D,20101021,000000,6.78723,6.78723,6.6275,6.78723,0,0
AST_PE,D,20101022,000000,6.86706,6.86706,6.78723,6.78723,0,0
AST_PE,D,20101025,000000,6.78723,6.94689,6.78723,6.94689,0,0
AST_PE,D,20101026,000000,6.94689,7.10663,6.86706,7.02672,0,0
AST_PE,D,20101027,000000,7.10663,7.26629,7.10663,7.18646,0,0
AST_PE,D,20101028,000000,7.26629,7.26629,7.18646,7.26629,0,0
AST_PE,D,20101029,000000,7.26629,7.26629,7.26629,7.26629,0,0
AST_PE,D,20101102,000000,7.26629,7.50586,7.18646,7.26629,0,0
AST_PE,D,20101103,000000,7.26629,7.26629,7.10663,7.26629,0,0
AST_PE,D,20101104,000000,7.26629,7.42603,7.18646,7.34612,0,0
AST_PE,D,20101105,000000,7.42603,7.42603,7.26629,7.42603,0,0
AST_PE,D,20101108,000000,7.50586,7.50586,7.26629,7.42603,0,0
AST_PE,D,20101109,000000,7.50586,7.50586,7.42603,7.50586,0,0
AST_PE,D,20101110,000000,7.50586,7.50586,7.50586,7.50586,0,0
AST_PE,D,20101112,000000,7.50586,7.50586,7.34612,7.34612,0,0
AST_PE,D,20101115,000000,7.58569,7.74542,7.50586,7.50586,0,0
AST_PE,D,20101116,000000,7.66552,7.66552,7.34612,7.34612,0,0
AST_PE,D,20101117,000000,7.42603,7.42603,7.26629,7.26629,0,0
AST_PE,D,20101118,000000,7.42603,7.42603,7.10663,7.26629,0,0
AST_PE,D,20101119,000000,7.34612,7.42603,7.02672,7.02672,0,0
AST_PE,D,20101122,000000,7.02672,7.18646,6.86706,7.18646,0,0
AST_PE,D,20101123,000000,7.18646,7.42603,7.02672,7.34612,0,0
AST_PE,D,20101124,000000,7.34612,7.74542,7.34612,7.66552,0,0
AST_PE,D,20101125,000000,7.66552,7.82525,7.66552,7.82525,0,0
AST_PE,D,20101126,000000,7.82525,7.82525,7.58569,7.74542,0,0
AST_PE,D,20101129,000000,7.74542,7.74542,7.50586,7.50586,0,0
AST_PE,D,20101130,000000,7.42603,7.74542,4.87085,4.87085,0,0
AST_PE,D,20101201,000000,4.87085,4.95068,4.87085,4.95068,0,0
AST_PE,D,20101202,000000,4.95068,5.11034,4.95068,5.03051,0,0
AST_PE,D,20101203,000000,5.03051,5.03051,4.95068,5.03051,0,0
AST_PE,D,20101206,000000,5.11034,5.11034,5.03051,5.03051,0,0
AST_PE,D,20101207,000000,4.95068,4.95068,4.87085,4.95068,0,0
AST_PE,D,20101208,000000,4.87085,5.03051,4.87085,4.95068,0,0
AST_PE,D,20101209,000000,4.95068,5.03051,4.95068,5.03051,0,0
AST_PE,D,20101210,000000,5.03051,5.03051,4.79094,4.79094,0,0
AST_PE,D,20101213,000000,4.87085,4.87085,4.71111,4.87085,0,0
AST_PE,D,20101214,000000,4.87085,4.87085,4.79094,4.87085,0,0
AST_PE,D,20101215,000000,4.87085,5.03051,4.71111,5.03051,0,0
AST_PE,D,20101216,000000,5.03051,5.03051,4.95068,5.03051,0,0
AST_PE,D,20101217,000000,5.03051,5.03051,4.95068,4.95068,0,0
AST_PE,D,20101220,000000,4.95068,5.03051,4.87085,5.03051,0,0
AST_PE,D,20101221,000000,5.03051,5.27009,5.03051,5.11034,0,0
AST_PE,D,20101222,000000,5.11034,5.19026,5.11034,5.19026,0,0
AST_PE,D,20101223,000000,5.19026,5.34992,5.19026,5.34992,0,0
AST_PE,D,20101227,000000,5.27009,5.42974,5.19026,5.42974,0,0
AST_PE,D,20101228,000000,5.34992,5.50965,5.34992,5.42974,0,0
AST_PE,D,20101229,000000,5.42974,5.50965,5.34992,5.50965,0,0
AST_PE,D,20101230,000000,5.50965,5.50965,5.50965,5.50965,0,0
AST_PE,D,20101231,000000,5.42974,5.50965,5.34992,5.50965,0,0
AST_PE,D,20110103,000000,5.50965,5.50965,5.42974,5.42974,0,0
AST_PE,D,20110104,000000,5.50965,5.50965,5.34992,5.34992,0,0
AST_PE,D,20110105,000000,5.34992,5.34992,5.19026,5.19026,0,0
AST_PE,D,20110107,000000,5.19026,5.19026,5.03051,5.11034,0,0
AST_PE,D,20110110,000000,5.11034,5.27009,5.11034,5.27009,0,0
AST_PE,D,20110111,000000,5.27009,5.42974,5.27009,5.42974,0,0
AST_PE,D,20110112,000000,5.42974,5.50965,5.34992,5.50965,0,0
AST_PE,D,20110113,000000,5.50965,5.6693,5.50965,5.6693,0,0
AST_PE,D,20110114,000000,5.6693,5.98871,5.6693,5.90888,0,0
AST_PE,D,20110117,000000,5.98871,6.06854,5.98871,5.98871,0,0
AST_PE,D,20110118,000000,5.98871,6.06854,5.98871,6.06854,0,0
AST_PE,D,20110119,000000,6.06854,6.06854,5.90888,6.06854,0,0
AST_PE,D,20110120,000000,5.98871,6.06854,5.90888,5.98871,0,0
AST_PE,D,20110121,000000,5.98871,5.98871,5.82905,5.90888,0,0
AST_PE,D,20110124,000000,5.98871,5.98871,5.82905,5.82905,0,0
AST_PE,D,20110125,000000,5.90888,5.90888,5.82905,5.82905,0,0
AST_PE,D,20110126,000000,5.74913,5.82905,5.58947,5.6693,0,0
AST_PE,D,20110127,000000,5.58947,5.98871,5.58947,5.90888,0,0
AST_PE,D,20110128,000000,5.82905,5.82905,5.82905,5.82905,0,0
AST_PE,D,20110131,000000,5.58947,5.74913,5.58947,5.6693,0,0
AST_PE,D,20110201,000000,5.6693,5.74913,5.58947,5.58947,0,0
AST_PE,D,20110202,000000,5.58947,5.6693,5.50965,5.58947,0,0
AST_PE,D,20110203,000000,5.58947,5.74913,5.58947,5.6693,0,0
AST_PE,D,20110204,000000,5.6693,5.82905,5.6693,5.82905,0,0
AST_PE,D,20110207,000000,5.82905,6.14844,5.82905,5.82905,0,0
AST_PE,D,20110208,000000,5.90888,6.06854,5.82905,6.06854,0,0
AST_PE,D,20110209,000000,6.14844,6.22827,5.6693,5.6693,0,0
AST_PE,D,20110210,000000,5.74913,5.82905,5.6693,5.6693,0,0
AST_PE,D,20110211,000000,5.6693,5.82905,5.6693,5.74913,0,0
AST_PE,D,20110214,000000,5.6693,5.6693,5.58947,5.6693,0,0
AST_PE,D,20110215,000000,5.6693,5.82905,5.6693,5.6693,0,0
AST_PE,D,20110216,000000,5.6693,5.82905,5.6693,5.74913,0,0
AST_PE,D,20110217,000000,5.74913,5.82905,5.74913,5.74913,0,0
AST_PE,D,20110218,000000,5.74913,5.90888,5.74913,5.82905,0,0
AST_PE,D,20110221,000000,5.82905,5.82905,5.50965,5.50965,0,0
AST_PE,D,20110222,000000,5.50965,5.50965,5.27009,5.27009,0,0
AST_PE,D,20110223,000000,5.27009,5.34992,5.19026,5.27009,0,0
AST_PE,D,20110224,000000,5.34992,5.34992,5.11034,5.27009,0,0
AST_PE,D,20110225,000000,5.27009,5.58947,5.27009,5.58947,0,0
AST_PE,D,20110228,000000,5.50965,5.6693,5.50965,5.58947,0,0
AST_PE,D,20110301,000000,5.6693,5.6693,5.50965,5.58947,0,0
AST_PE,D,20110302,000000,5.58947,5.58947,5.50965,5.58947,0,0
AST_PE,D,20110303,000000,5.58947,5.6693,5.50965,5.6693,0,0
AST_PE,D,20110304,000000,5.6693,5.74913,5.58947,5.6693,0,0
AST_PE,D,20110307,000000,5.6693,5.74913,5.58947,5.74913,0,0
AST_PE,D,20110308,000000,5.6693,5.74913,5.6693,5.6693,0,0
AST_PE,D,20110309,000000,5.6693,5.6693,5.34992,5.34992,0,0
AST_PE,D,20110310,000000,5.42974,5.42974,4.79094,4.79094,0,0
AST_PE,D,20110311,000000,4.87085,4.87085,4.55138,4.71111,0,0
AST_PE,D,20110314,000000,4.71111,4.71111,4.55138,4.71111,0,0
AST_PE,D,20110315,000000,4.63129,4.71111,4.47155,4.71111,0,0
AST_PE,D,20110316,000000,4.71111,4.87085,4.71111,4.79094,0,0
AST_PE,D,20110317,000000,4.79094,4.95068,4.79094,4.87085,0,0
AST_PE,D,20110318,000000,4.87085,4.87085,4.87085,4.87085,0,0
AST_PE,D,20110321,000000,4.87085,4.87085,4.79094,4.87085,0,0
AST_PE,D,20110322,000000,4.87085,4.87085,4.87085,4.87085,0,0
AST_PE,D,20110323,000000,4.87085,4.87085,4.87085,4.87085,0,0
AST_PE,D,20110324,000000,4.87085,4.87085,4.87085,4.87085,0,0
AST_PE,D,20110325,000000,4.87085,4.95068,4.87085,4.87085,0,0
AST_PE,D,20110328,000000,4.87085,4.87085,4.79094,4.87085,0,0
AST_PE,D,20110329,000000,4.87085,4.87085,4.79094,4.87085,0,0
AST_PE,D,20110330,000000,4.87085,4.87085,4.79094,4.87085,0,0
AST_PE,D,20110331,000000,4.87085,4.87085,4.79094,4.79094,0,0
AST_PE,D,20110401,000000,4.79094,4.87085,4.79094,4.87085,0,0
AST_PE,D,20110404,000000,4.87085,4.87085,4.79094,4.79094,0,0
AST_PE,D,20110405,000000,4.79094,4.79094,4.63129,4.79094,0,0
AST_PE,D,20110406,000000,4.79094,4.79094,4.71111,4.79094,0,0
AST_PE,D,20110407,000000,4.79094,4.79094,4.71111,4.71111,0,0
AST_PE,D,20110408,000000,4.71111,4.79094,4.55138,4.71111,0,0
AST_PE,D,20110411,000000,4.71111,4.71111,4.63129,4.63129,0,0
AST_PE,D,20110412,000000,4.63129,4.63129,4.55138,4.63129,0,0
AST_PE,D,20110413,000000,4.55138,4.63129,4.55138,4.63129,0,0
AST_PE,D,20110414,000000,4.63129,4.79094,4.63129,4.71111,0,0
AST_PE,D,20110415,000000,4.71111,4.79094,4.71111,4.79094,0,0
AST_PE,D,20110418,000000,4.79094,4.87085,4.63129,4.63129,0,0
AST_PE,D,20110419,000000,4.63129,4.63129,4.63129,4.63129,0,0
AST_PE,D,20110420,000000,4.63129,4.71111,4.63129,4.63129,0,0
AST_PE,D,20110421,000000,4.63129,4.71111,4.55138,4.71111,0,0
AST_PE,D,20110426,000000,4.79094,4.79094,4.63129,4.63129,0,0
AST_PE,D,20110427,000000,4.63129,4.63129,4.55138,4.55138,0,0
AST_PE,D,20110428,000000,4.63129,4.87085,4.55138,4.87085,0,0
AST_PE,D,20110429,000000,4.87085,4.87085,4.87085,4.87085,0,0
AST_PE,D,20110502,000000,4.87085,4.95068,4.79094,4.87085,0,0
AST_PE,D,20110504,000000,4.95068,4.95068,4.79094,4.79094,0,0
AST_PE,D,20110505,000000,4.79094,4.79094,4.71111,4.71111,0,0
AST_PE,D,20110506,000000,4.71111,4.71111,4.55138,4.63129,0,0
AST_PE,D,20110509,000000,4.55138,4.55138,4.39172,4.55138,0,0
AST_PE,D,20110510,000000,4.47155,4.55138,4.47155,4.47155,0,0
AST_PE,D,20110511,000000,4.39172,4.47155,4.39172,4.47155,0,0
AST_PE,D,20110512,000000,4.47155,4.55138,4.31189,4.31189,0,0
AST_PE,D,20110513,000000,4.47155,4.47155,4.31189,4.31189,0,0
AST_PE,D,20110516,000000,4.31189,4.39172,4.31189,4.31189,0,0
AST_PE,D,20110517,000000,4.31189,4.63129,4.31189,4.55138,0,0
AST_PE,D,20110518,000000,4.55138,4.71111,4.55138,4.71111,0,0
AST_PE,D,20110519,000000,4.79094,4.87085,4.79094,4.79094,0,0
AST_PE,D,20110520,000000,4.71111,4.79094,4.71111,4.79094,0,0
AST_PE,D,20110523,000000,4.79094,4.79094,4.39172,4.55138,0,0
AST_PE,D,20110524,000000,4.55138,4.71111,4.55138,4.71111,0,0
AST_PE,D,20110525,000000,4.71111,4.95068,4.63129,4.95068,0,0
AST_PE,D,20110526,000000,5.03051,5.11034,4.95068,5.03051,0,0
AST_PE,D,20110527,000000,5.03051,5.27009,5.03051,5.11034,0,0
AST_PE,D,20110530,000000,5.27009,5.27009,5.11034,5.19026,0,0
AST_PE,D,20110531,000000,5.19026,5.27009,5.03051,5.27009,0,0
AST_PE,D,20110601,000000,5.27009,5.34992,5.27009,5.34992,0,0
AST_PE,D,20110602,000000,5.34992,5.34992,5.27009,5.27009,0,0
AST_PE,D,20110603,000000,5.27009,5.27009,5.19026,5.19026,0,0
AST_PE,D,20110606,000000,5.11034,5.19026,5.03051,5.19026,0,0
AST_PE,D,20110607,000000,5.19026,5.34992,5.19026,5.27009,0,0
AST_PE,D,20110608,000000,5.27009,5.42974,5.27009,5.34992,0,0
AST_PE,D,20110609,000000,5.42974,5.50965,5.42974,5.50965,0,0
AST_PE,D,20110610,000000,5.50965,5.50965,5.34992,5.34992,0,0
AST_PE,D,20110613,000000,5.19026,5.27009,5.19026,5.27009,0,0
AST_PE,D,20110614,000000,5.34992,5.34992,5.27009,5.27009,0,0
AST_PE,D,20110615,000000,5.27009,5.42974,5.27009,5.42974,0,0
AST_PE,D,20110616,000000,5.42974,5.42974,5.34992,5.42974,0,0
AST_PE,D,20110617,000000,5.42974,5.58947,5.42974,5.58947,0,0
AST_PE,D,20110620,000000,5.58947,5.58947,5.50965,5.58947,0,0
AST_PE,D,20110621,000000,5.58947,5.58947,5.50965,5.58947,0,0
AST_PE,D,20110622,000000,5.58947,5.58947,5.50965,5.58947,0,0
AST_PE,D,20110624,000000,5.50965,5.58947,5.50965,5.50965,0,0
AST_PE,D,20110627,000000,5.42974,5.42974,5.19026,5.27009,0,0
AST_PE,D,20110628,000000,5.34992,5.34992,5.27009,5.27009,0,0
AST_PE,D,20110629,000000,5.34992,5.34992,5.34992,5.34992,0,0
AST_PE,D,20110630,000000,5.34992,5.42974,5.34992,5.42974,0,0
AST_PE,D,20110701,000000,5.42974,5.42974,5.42974,5.42974,0,0
AST_PE,D,20110704,000000,5.42974,5.42974,5.34992,5.34992,0,0
AST_PE,D,20110705,000000,5.34992,5.34992,5.34992,5.34992,0,0
AST_PE,D,20110706,000000,5.34992,5.34992,5.19026,5.19026,0,0
AST_PE,D,20110707,000000,5.19026,5.50965,5.03051,5.42974,0,0
AST_PE,D,20110708,000000,5.42974,5.42974,5.27009,5.42974,0,0
AST_PE,D,20110711,000000,5.42974,5.42974,5.27009,5.34992,0,0
AST_PE,D,20110712,000000,5.27009,5.27009,5.03051,5.27009,0,0
AST_PE,D,20110713,000000,5.27009,5.34992,5.27009,5.34992,0,0
AST_PE,D,20110714,000000,5.34992,5.42974,5.27009,5.42974,0,0
AST_PE,D,20110715,000000,5.27009,5.42974,5.27009,5.42974,0,0
AST_PE,D,20110718,000000,5.19026,5.42974,5.19026,5.34992,0,0
AST_PE,D,20110719,000000,5.34992,5.34992,5.27009,5.34992,0,0
AST_PE,D,20110720,000000,5.34992,5.34992,5.27009,5.27009,0,0
AST_PE,D,20110721,000000,5.27009,5.34992,5.27009,5.27009,0,0
AST_PE,D,20110722,000000,5.34992,5.42974,5.27009,5.34992,0,0
AST_PE,D,20110725,000000,5.34992,5.34992,5.34992,5.34992,0,0
AST_PE,D,20110726,000000,5.42974,5.6693,5.42974,5.6693,0,0
AST_PE,D,20110727,000000,5.6693,5.6693,5.50965,5.6693,0,0
AST_PE,D,20110728,000000,5.6693,5.6693,5.50965,5.6693,0,0
AST_PE,D,20110729,000000,5.6693,5.74913,5.6693,5.74913,0,0
AST_PE,D,20110801,000000,5.74913,5.90888,5.74913,5.90888,0,0
AST_PE,D,20110802,000000,5.98871,5.98871,5.82905,5.82905,0,0
AST_PE,D,20110803,000000,5.98871,5.98871,5.42974,5.6693,0,0
AST_PE,D,20110804,000000,5.82905,5.82905,5.27009,5.27009,0,0
AST_PE,D,20110805,000000,5.03051,5.27009,4.79094,4.95068,0,0
AST_PE,D,20110808,000000,4.79094,4.95068,4.39172,4.55138,0,0
AST_PE,D,20110809,000000,4.47155,4.47155,3.91259,4.31189,0,0
AST_PE,D,20110810,000000,4.55138,4.55138,4.15215,4.15215,0,0
AST_PE,D,20110811,000000,4.07232,4.31189,3.83276,4.15215,0,0
AST_PE,D,20110812,000000,4.31189,4.47155,4.15215,4.31189,0,0
AST_PE,D,20110816,000000,4.47155,4.63129,4.31189,4.47155,0,0
AST_PE,D,20110817,000000,4.55138,4.79094,4.47155,4.79094,0,0
AST_PE,D,20110818,000000,4.71111,4.71111,4.23198,4.63129,0,0
AST_PE,D,20110819,000000,4.31189,4.71111,4.23198,4.71111,0,0
AST_PE,D,20110822,000000,4.71111,4.95068,4.63129,4.71111,0,0
AST_PE,D,20110823,000000,4.71111,4.95068,4.71111,4.87085,0,0
AST_PE,D,20110824,000000,5.03051,5.03051,4.07232,4.07232,0,0
AST_PE,D,20110825,000000,4.15215,4.15215,3.91259,4.07232,0,0
AST_PE,D,20110826,000000,4.07232,4.07232,3.91259,3.99249,0,0
AST_PE,D,20110829,000000,3.99249,4.07232,3.99249,4.07232,0,0
AST_PE,D,20110830,000000,4.15215,4.31189,4.15215,4.23198,0,0
AST_PE,D,20110831,000000,4.31189,4.39172,4.23198,4.31189,0,0
AST_PE,D,20110901,000000,4.31189,4.31189,4.07232,4.23198,0,0
AST_PE,D,20110902,000000,4.07232,4.07232,3.99249,4.07232,0,0
AST_PE,D,20110905,000000,3.91259,4.07232,3.75293,3.83276,0,0
AST_PE,D,20110906,000000,3.83276,3.83276,3.75293,3.75293,0,0
AST_PE,D,20110907,000000,3.83276,3.83276,3.75293,3.75293,0,0
AST_PE,D,20110908,000000,3.75293,3.83276,3.59319,3.83276,0,0
AST_PE,D,20110909,000000,3.6731,3.75293,3.6731,3.75293,0,0
AST_PE,D,20110912,000000,3.59319,3.6731,3.59319,3.6731,0,0
AST_PE,D,20110913,000000,3.75293,4.07232,3.59319,3.99249,0,0
AST_PE,D,20110914,000000,3.99249,3.99249,3.83276,3.91259,0,0
AST_PE,D,20110915,000000,3.91259,3.99249,3.91259,3.99249,0,0
AST_PE,D,20110916,000000,3.99249,3.99249,3.83276,3.91259,0,0
AST_PE,D,20110919,000000,3.91259,3.91259,3.75293,3.91259,0,0
AST_PE,D,20110920,000000,3.91259,3.99249,3.91259,3.91259,0,0
AST_PE,D,20110921,000000,3.91259,3.99249,3.91259,3.99249,0,0
AST_PE,D,20110922,000000,3.99249,3.99249,3.83276,3.83276,0,0
AST_PE,D,20110923,000000,3.83276,3.83276,3.75293,3.75293,0,0
AST_PE,D,20110926,000000,3.6731,3.75293,3.6731,3.75293,0,0
AST_PE,D,20110927,000000,3.75293,3.91259,3.75293,3.83276,0,0
AST_PE,D,20110928,000000,3.83276,3.83276,3.6731,3.6731,0,0
AST_PE,D,20110929,000000,3.75293,3.75293,3.59319,3.6731,0,0
AST_PE,D,20110930,000000,3.59319,3.6731,3.51336,3.51336,0,0
AST_PE,D,20111003,000000,3.51336,3.51336,3.43353,3.51336,0,0
AST_PE,D,20111004,000000,3.43353,3.43353,3.3537,3.3537,0,0
AST_PE,D,20111005,000000,3.3537,3.43353,3.3537,3.43353,0,0
AST_PE,D,20111006,000000,3.43353,3.59319,3.43353,3.51336,0,0
AST_PE,D,20111007,000000,3.59319,3.6731,3.59319,3.6731,0,0
AST_PE,D,20111010,000000,3.6731,3.6731,3.6731,3.6731,0,0
AST_PE,D,20111011,000000,3.6731,3.6731,3.59319,3.59319,0,0
AST_PE,D,20111012,000000,3.59319,3.6731,3.59319,3.6731,0,0
AST_PE,D,20111013,000000,3.59319,3.59319,3.59319,3.59319,0,0
AST_PE,D,20111014,000000,3.59319,3.6731,3.59319,3.6731,0,0
AST_PE,D,20111017,000000,3.6731,3.6731,3.59319,3.59319,0,0
AST_PE,D,20111018,000000,3.59319,3.59319,3.59319,3.59319,0,0
AST_PE,D,20111019,000000,3.59319,3.59319,3.51336,3.51336,0,0
AST_PE,D,20111020,000000,3.51336,3.51336,3.43353,3.43353,0,0
AST_PE,D,20111021,000000,3.43353,3.43353,3.3537,3.3537,0,0
AST_PE,D,20111024,000000,3.43353,3.43353,3.43353,3.43353,0,0
AST_PE,D,20111025,000000,3.43353,3.51336,3.19397,3.2738,0,0
AST_PE,D,20111026,000000,3.3537,3.43353,3.2738,3.3537,0,0
AST_PE,D,20111027,000000,3.3537,3.43353,3.3537,3.43353,0,0
AST_PE,D,20111028,000000,3.51336,3.51336,3.3537,3.43353,0,0
AST_PE,D,20111031,000000,3.43353,3.43353,3.3537,3.3537,0,0
AST_PE,D,20111102,000000,3.19397,3.2738,3.19397,3.2738,0,0
AST_PE,D,20111103,000000,3.2738,3.2738,3.2738,3.2738,0,0
AST_PE,D,20111104,000000,3.43353,3.43353,3.2738,3.2738,0,0
AST_PE,D,20111107,000000,3.2738,3.3537,3.2738,3.2738,0,0
AST_PE,D,20111108,000000,3.2738,3.3537,3.2738,3.3537,0,0
AST_PE,D,20111109,000000,3.3537,3.3537,3.2738,3.2738,0,0
AST_PE,D,20111110,000000,3.2738,3.3537,3.2738,3.2738,0,0
AST_PE,D,20111114,000000,3.3537,3.3537,3.2738,3.2738,0,0
AST_PE,D,20111115,000000,3.2738,3.2738,3.03431,3.03431,0,0
AST_PE,D,20111116,000000,3.03431,3.03431,2.95439,3.03431,0,0
AST_PE,D,20111117,000000,3.03431,3.03431,2.95439,2.95439,0,0
AST_PE,D,20111118,000000,2.95439,2.95439,2.87457,2.87457,0,0
AST_PE,D,20111121,000000,2.87457,2.87457,2.635,2.71491,0,0
AST_PE,D,20111122,000000,2.71491,2.71491,2.47535,2.71491,0,0
AST_PE,D,20111123,000000,2.635,2.71491,2.635,2.71491,0,0
AST_PE,D,20111124,000000,2.635,2.71491,2.55517,2.55517,0,0
AST_PE,D,20111125,000000,2.55517,2.635,2.55517,2.55517,0,0
AST_PE,D,20111128,000000,2.55517,2.635,2.55517,2.635,0,0
AST_PE,D,20111129,000000,2.635,2.635,2.55517,2.55517,0,0
AST_PE,D,20111130,000000,2.55517,2.635,2.55517,2.635,0,0
AST_PE,D,20111201,000000,2.635,2.635,2.55517,2.635,0,0
AST_PE,D,20111202,000000,2.635,2.635,2.635,2.635,0,0
AST_PE,D,20111205,000000,2.635,2.79474,2.635,2.79474,0,0
AST_PE,D,20111206,000000,2.87457,2.87457,2.71491,2.71491,0,0
AST_PE,D,20111207,000000,2.79474,2.79474,2.635,2.71491,0,0
AST_PE,D,20111208,000000,2.71491,2.71491,2.71491,2.71491,0,0
AST_PE,D,20111209,000000,2.71491,2.71491,2.635,2.71491,0,0
AST_PE,D,20111212,000000,2.71491,2.71491,2.635,2.71491,0,0
AST_PE,D,20111213,000000,2.635,2.635,2.635,2.635,0,0
AST_PE,D,20111214,000000,2.635,2.635,2.47535,2.47535,0,0
AST_PE,D,20111215,000000,2.47535,2.47535,2.3156,2.3156,0,0
AST_PE,D,20111216,000000,2.3156,2.3156,2.23577,2.23577,0,0
AST_PE,D,20111219,000000,2.23577,2.23577,2.07612,2.15594,0,0
AST_PE,D,20111220,000000,2.15594,2.23577,2.15594,2.23577,0,0
AST_PE,D,20111221,000000,2.23577,2.55517,2.23577,2.47535,0,0
AST_PE,D,20111222,000000,2.55517,2.55517,2.47535,2.47535,0,0
AST_PE,D,20111223,000000,2.55517,2.55517,2.47535,2.55517,0,0
AST_PE,D,20111227,000000,2.55517,2.635,2.55517,2.55517,0,0
AST_PE,D,20111228,000000,2.55517,2.55517,2.47535,2.47535,0,0
AST_PE,D,20111229,000000,2.39552,2.55517,2.39552,2.39552,0,0
AST_PE,D,20111230,000000,2.39552,2.47535,2.39552,2.47535,0,0
AST_PE,D,20120102,000000,2.47535,2.47535,2.47535,2.47535,0,0
AST_PE,D,20120103,000000,2.55517,2.55517,2.47535,2.47535,0,0
AST_PE,D,20120104,000000,2.47535,2.47535,2.47535,2.47535,0,0
AST_PE,D,20120105,000000,2.39552,2.39552,2.39552,2.39552,0,0
AST_PE,D,20120109,000000,2.39552,2.39552,2.3156,2.3156,0,0
AST_PE,D,20120110,000000,2.3156,2.3156,2.23577,2.3156,0,0
AST_PE,D,20120111,000000,2.3156,2.3156,2.23577,2.23577,0,0
AST_PE,D,20120112,000000,2.23577,2.3156,2.23577,2.23577,0,0
AST_PE,D,20120113,000000,2.23577,2.23577,2.23577,2.23577,0,0
AST_PE,D,20120116,000000,2.23577,2.23577,2.15594,2.23577,0,0
AST_PE,D,20120117,000000,2.23577,2.3156,2.23577,2.3156,0,0
AST_PE,D,20120118,000000,2.3156,2.3156,2.23577,2.23577,0,0
AST_PE,D,20120119,000000,2.23577,2.3156,2.23577,2.3156,0,0
AST_PE,D,20120120,000000,2.23577,2.39552,2.23577,2.3156,0,0
AST_PE,D,20120123,000000,2.3156,2.47535,2.3156,2.47535,0,0
AST_PE,D,20120124,000000,2.47535,2.71491,2.47535,2.635,0,0
AST_PE,D,20120125,000000,2.635,2.79474,2.635,2.71491,0,0
AST_PE,D,20120126,000000,2.79474,2.79474,2.71491,2.71491,0,0
AST_PE,D,20120127,000000,2.79474,2.79474,2.635,2.635,0,0
AST_PE,D,20120130,000000,2.635,2.635,2.47535,2.635,0,0
AST_PE,D,20120131,000000,2.635,2.71491,2.635,2.71491,0,0
AST_PE,D,20120201,000000,2.71491,2.79474,2.635,2.71491,0,0
AST_PE,D,20120202,000000,2.71491,2.79474,2.71491,2.79474,0,0
AST_PE,D,20120203,000000,2.79474,2.87457,2.71491,2.87457,0,0
AST_PE,D,20120206,000000,3.03431,3.11414,2.87457,3.11414,0,0
AST_PE,D,20120207,000000,3.19397,3.2738,3.11414,3.2738,0,0
AST_PE,D,20120208,000000,3.2738,3.3537,3.2738,3.2738,0,0
AST_PE,D,20120209,000000,3.3537,3.3537,3.11414,3.19397,0,0
AST_PE,D,20120210,000000,3.19397,3.19397,3.03431,3.03431,0,0
AST_PE,D,20120213,000000,3.03431,3.11414,2.87457,3.03431,0,0
AST_PE,D,20120214,000000,3.03431,3.03431,3.03431,3.03431,0,0
AST_PE,D,20120215,000000,3.03431,3.19397,3.03431,3.19397,0,0
AST_PE,D,20120216,000000,3.19397,3.19397,3.11414,3.11414,0,0
AST_PE,D,20120217,000000,3.11414,3.11414,3.11414,3.11414,0,0
AST_PE,D,20120220,000000,3.19397,3.19397,3.11414,3.11414,0,0
AST_PE,D,20120221,000000,3.11414,3.11414,3.11414,3.11414,0,0
AST_PE,D,20120222,000000,3.11414,3.11414,3.03431,3.03431,0,0
AST_PE,D,20120223,000000,2.95439,3.03431,2.95439,3.03431,0,0
AST_PE,D,20120224,000000,3.03431,3.03431,3.03431,3.03431,0,0
AST_PE,D,20120227,000000,3.03431,3.11414,3.03431,3.03431,0,0
AST_PE,D,20120228,000000,3.11414,3.2738,3.11414,3.2738,0,0
AST_PE,D,20120229,000000,3.2738,3.2738,3.19397,3.19397,0,0
AST_PE,D,20120301,000000,3.19397,3.19397,3.11414,3.11414,0,0
AST_PE,D,20120302,000000,3.11414,3.2738,3.11414,3.2738,0,0
AST_PE,D,20120305,000000,3.2738,3.2738,3.19397,3.19397,0,0
AST_PE,D,20120306,000000,3.11414,3.19397,3.11414,3.19397,0,0
AST_PE,D,20120307,000000,3.11414,3.2738,3.11414,3.19397,0,0
AST_PE,D,20120308,000000,3.19397,3.19397,3.11414,3.11414,0,0
AST_PE,D,20120309,000000,2.95439,3.11414,2.95439,3.11414,0,0
AST_PE,D,20120312,000000,3.11414,3.11414,3.03431,3.03431,0,0
AST_PE,D,20120313,000000,3.03431,3.03431,3.03431,3.03431,0,0
AST_PE,D,20120314,000000,3.03431,3.19397,3.03431,3.11414,0,0
AST_PE,D,20120315,000000,3.19397,3.19397,3.11414,3.11414,0,0
AST_PE,D,20120316,000000,3.11414,3.11414,3.11414,3.11414,0,0
AST_PE,D,20120319,000000,3.19397,3.19397,3.11414,3.11414,0,0
AST_PE,D,20120320,000000,3.11414,3.11414,3.11414,3.11414,0,0
AST_PE,D,20120321,000000,3.11414,3.11414,3.11414,3.11414,0,0
AST_PE,D,20120322,000000,3.11414,3.19397,2.87457,3.03431,0,0
AST_PE,D,20120323,000000,2.95439,3.11414,2.95439,3.03431,0,0
AST_PE,D,20120326,000000,3.03431,3.03431,3.03431,3.03431,0,0
AST_PE,D,20120327,000000,3.03431,3.11414,3.03431,3.03431,0,0
AST_PE,D,20120328,000000,3.03431,3.03431,2.95439,3.03431,0,0
AST_PE,D,20120329,000000,3.03431,3.03431,2.95439,2.95439,0,0
AST_PE,D,20120330,000000,2.95439,2.95439,2.87457,2.95439,0,0
AST_PE,D,20120402,000000,2.95439,2.95439,2.87457,2.95439,0,0
AST_PE,D,20120403,000000,2.95439,3.03431,2.87457,2.95439,0,0
AST_PE,D,20120404,000000,2.95439,2.95439,2.87457,2.87457,0,0
AST_PE,D,20120405,000000,2.79474,2.95439,2.79474,2.95439,0,0
AST_PE,D,20120410,000000,2.95439,2.95439,2.87457,2.87457,0,0
AST_PE,D,20120411,000000,2.87457,3.03431,2.87457,3.03431,0,0
AST_PE,D,20120412,000000,3.03431,3.03431,2.95439,2.95439,0,0
AST_PE,D,20120413,000000,3.03431,3.11414,2.95439,3.11414,0,0
AST_PE,D,20120416,000000,3.19397,3.19397,3.03431,3.11414,0,0
AST_PE,D,20120417,000000,3.03431,3.03431,3.03431,3.03431,0,0
AST_PE,D,20120418,000000,3.03431,3.11414,3.03431,3.11414,0,0
AST_PE,D,20120419,000000,3.11414,3.11414,3.11414,3.11414,0,0
AST_PE,D,20120420,000000,3.03431,3.03431,2.95439,3.03431,0,0
AST_PE,D,20120423,000000,3.03431,3.03431,2.87457,2.87457,0,0
AST_PE,D,20120424,000000,2.635,2.87457,2.635,2.87457,0,0
AST_PE,D,20120425,000000,2.95439,3.03431,2.87457,2.95439,0,0
AST_PE,D,20120426,000000,3.03431,3.03431,2.79474,2.95439,0,0
AST_PE,D,20120427,000000,2.95439,3.11414,2.95439,3.11414,0,0
AST_PE,D,20120430,000000,3.11414,3.11414,3.11414,3.11414,0,0
AST_PE,D,20120502,000000,3.11414,3.11414,3.11414,3.11414,0,0
AST_PE,D,20120504,000000,3.2738,3.2738,3.11414,3.19397,0,0
AST_PE,D,20120507,000000,3.19397,3.19397,3.19397,3.19397,0,0
AST_PE,D,20120508,000000,3.19397,3.2738,3.19397,3.19397,0,0
AST_PE,D,20120509,000000,3.19397,3.19397,3.11414,3.11414,0,0
AST_PE,D,20120510,000000,3.11414,3.11414,3.03431,3.03431,0,0
AST_PE,D,20120511,000000,2.95439,2.95439,2.87457,2.87457,0,0
AST_PE,D,20120514,000000,2.79474,3.19397,2.55517,3.19397,0,0
AST_PE,D,20120515,000000,3.19397,3.19397,3.11414,3.19397,0,0
AST_PE,D,20120516,000000,3.19397,3.19397,3.03431,3.11414,0,0
AST_PE,D,20120517,000000,3.03431,3.11414,3.03431,3.03431,0,0
AST_PE,D,20120518,000000,2.95439,3.03431,2.95439,3.03431,0,0
AST_PE,D,20120521,000000,3.03431,3.19397,3.03431,3.11414,0,0
AST_PE,D,20120522,000000,3.11414,3.2738,3.11414,3.2738,0,0
AST_PE,D,20120523,000000,3.19397,3.19397,3.11414,3.19397,0,0
AST_PE,D,20120524,000000,3.19397,3.19397,3.19397,3.19397,0,0
AST_PE,D,20120525,000000,3.19397,3.19397,3.11414,3.19397,0,0
AST_PE,D,20120528,000000,3.19397,3.19397,3.11414,3.19397,0,0
AST_PE,D,20120529,000000,3.2738,3.2738,3.19397,3.19397,0,0
AST_PE,D,20120530,000000,3.19397,3.19397,3.19397,3.19397,0,0
AST_PE,D,20120531,000000,3.11414,3.2738,3.11414,3.2738,0,0
AST_PE,D,20120601,000000,3.2738,3.2738,3.19397,3.19397,0,0
AST_PE,D,20120604,000000,3.19397,3.3537,3.19397,3.2738,0,0
AST_PE,D,20120605,000000,3.19397,3.2738,3.19397,3.19397,0,0
AST_PE,D,20120606,000000,3.19397,3.19397,3.19397,3.19397,0,0
AST_PE,D,20120608,000000,3.2738,3.3537,3.2738,3.3537,0,0
AST_PE,D,20120611,000000,3.43353,3.51336,3.43353,3.43353,0,0
AST_PE,D,20120612,000000,3.43353,3.6731,3.43353,3.59319,0,0
AST_PE,D,20120613,000000,3.6731,3.6731,3.6731,3.6731,0,0
AST_PE,D,20120614,000000,3.6731,3.83276,3.6731,3.75293,0,0
AST_PE,D,20120615,000000,3.83276,3.83276,3.59319,3.75293,0,0
AST_PE,D,20120618,000000,3.75293,3.83276,3.75293,3.75293,0,0
AST_PE,D,20120619,000000,3.75293,3.83276,3.75293,3.75293,0,0
AST_PE,D,20120620,000000,3.75293,3.83276,3.6731,3.6731,0,0
AST_PE,D,20120621,000000,3.59319,3.59319,3.51336,3.51336,0,0
AST_PE,D,20120622,000000,3.51336,3.51336,3.51336,3.51336,0,0
AST_PE,D,20120625,000000,3.51336,3.51336,3.43353,3.43353,0,0
AST_PE,D,20120626,000000,3.51336,3.51336,3.43353,3.43353,0,0
AST_PE,D,20120627,000000,3.43353,3.43353,3.3537,3.3537,0,0
AST_PE,D,20120628,000000,3.3537,3.43353,3.3537,3.43353,0,0
AST_PE,D,20120629,000000,3.3537,3.43353,3.3537,3.3537,0,0
AST_PE,D,20120702,000000,3.3537,3.43353,3.3537,3.43353,0,0
AST_PE,D,20120703,000000,3.43353,3.6731,3.43353,3.6731,0,0
AST_PE,D,20120704,000000,3.6731,3.6731,3.59319,3.59319,0,0
AST_PE,D,20120705,000000,3.59319,3.6731,3.59319,3.6731,0,0
AST_PE,D,20120706,000000,3.6731,3.75293,3.6731,3.75293,0,0
AST_PE,D,20120709,000000,3.83276,3.83276,3.6731,3.75293,0,0
AST_PE,D,20120710,000000,3.75293,3.75293,3.6731,3.75293,0,0
AST_PE,D,20120711,000000,3.75293,3.75293,3.6731,3.6731,0,0
AST_PE,D,20120712,000000,3.6731,3.6731,3.51336,3.59319,0,0
AST_PE,D,20120713,000000,3.6731,3.6731,3.59319,3.6731,0,0
AST_PE,D,20120716,000000,3.6731,3.75293,3.6731,3.75293,0,0
AST_PE,D,20120717,000000,3.75293,3.83276,3.75293,3.83276,0,0
AST_PE,D,20120718,000000,3.83276,4.07232,3.83276,4.07232,0,0
AST_PE,D,20120719,000000,3.99249,4.15215,3.99249,3.99249,0,0
AST_PE,D,20120720,000000,3.99249,4.07232,3.83276,3.99249,0,0
AST_PE,D,20120723,000000,3.91259,3.99249,3.75293,3.91259,0,0
AST_PE,D,20120724,000000,3.91259,3.91259,3.83276,3.91259,0,0
AST_PE,D,20120725,000000,3.83276,3.91259,3.83276,3.91259,0,0
AST_PE,D,20120726,000000,3.91259,3.91259,3.83276,3.83276,0,0
AST_PE,D,20120727,000000,3.91259,3.99249,3.75293,3.99249,0,0
AST_PE,D,20120730,000000,3.91259,3.91259,3.83276,3.83276,0,0
AST_PE,D,20120731,000000,3.75293,3.91259,3.75293,3.75293,0,0
AST_PE,D,20120801,000000,3.6731,3.83276,3.6731,3.83276,0,0
AST_PE,D,20120802,000000,3.83276,3.83276,3.6731,3.6731,0,0
AST_PE,D,20120803,000000,3.6731,3.75293,3.6731,3.6731,0,0
AST_PE,D,20120806,000000,3.6731,3.83276,3.59319,3.83276,0,0
AST_PE,D,20120807,000000,3.83276,3.99249,3.83276,3.99249,0,0
AST_PE,D,20120808,000000,3.99249,3.99249,3.99249,3.99249,0,0
AST_PE,D,20120809,000000,4.07232,4.07232,3.99249,4.07232,0,0
AST_PE,D,20120810,000000,4.07232,4.07232,3.91259,4.07232,0,0
AST_PE,D,20120813,000000,4.07232,4.15215,3.99249,3.99249,0,0
AST_PE,D,20120814,000000,4.07232,4.07232,3.99249,3.99249,0,0
AST_PE,D,20120816,000000,3.99249,4.07232,3.99249,4.07232,0,0
AST_PE,D,20120817,000000,4.07232,4.07232,4.07232,4.07232,0,0
AST_PE,D,20120820,000000,4.07232,4.07232,3.99249,3.99249,0,0
AST_PE,D,20120821,000000,3.99249,4.07232,3.99249,4.07232,0,0
AST_PE,D,20120822,000000,4.07232,4.23198,4.07232,4.15215,0,0
AST_PE,D,20120823,000000,4.15215,4.23198,3.83276,3.83276,0,0
AST_PE,D,20120824,000000,3.83276,3.83276,3.83276,3.83276,0,0
AST_PE,D,20120827,000000,3.83276,3.83276,3.75293,3.75293,0,0
AST_PE,D,20120828,000000,3.75293,3.75293,3.6731,3.6731,0,0
AST_PE,D,20120829,000000,3.6731,3.91259,3.6731,3.91259,0,0
AST_PE,D,20120830,000000,3.91259,3.91259,3.83276,3.83276,0,0
AST_PE,D,20120831,000000,3.83276,3.83276,3.83276,3.83276,0,0
AST_PE,D,20120903,000000,3.83276,3.99249,3.83276,3.99249,0,0
AST_PE,D,20120904,000000,3.99249,4.07232,3.91259,3.91259,0,0
AST_PE,D,20120905,000000,3.91259,4.23198,3.91259,3.99249,0,0
AST_PE,D,20120906,000000,4.15215,4.15215,3.99249,3.99249,0,0
AST_PE,D,20120907,000000,3.91259,4.07232,3.91259,3.99249,0,0
AST_PE,D,20120910,000000,3.99249,3.99249,3.91259,3.91259,0,0
AST_PE,D,20120911,000000,3.99249,3.99249,3.75293,3.75293,0,0
AST_PE,D,20120912,000000,3.75293,3.83276,3.75293,3.83276,0,0
AST_PE,D,20120913,000000,3.83276,3.83276,3.75293,3.83276,0,0
AST_PE,D,20120914,000000,3.83276,3.91259,3.59319,3.6731,0,0
AST_PE,D,20120917,000000,3.6731,3.83276,3.6731,3.75293,0,0
AST_PE,D,20120918,000000,3.75293,3.75293,3.6731,3.6731,0,0
AST_PE,D,20120919,000000,3.75293,3.75293,3.6731,3.75293,0,0
AST_PE,D,20120920,000000,3.75293,3.75293,3.59319,3.6731,0,0
AST_PE,D,20120921,000000,3.59319,3.75293,3.59319,3.6731,0,0
AST_PE,D,20120924,000000,3.75293,3.75293,3.6731,3.6731,0,0
AST_PE,D,20120925,000000,3.6731,3.6731,3.6731,3.6731,0,0
AST_PE,D,20120926,000000,3.6731,3.6731,3.59319,3.6731,0,0
AST_PE,D,20120927,000000,3.6731,3.75293,3.59319,3.6731,0,0
AST_PE,D,20120928,000000,3.6731,3.75293,3.6731,3.75293,0,0
AST_PE,D,20121001,000000,3.75293,3.83276,3.75293,3.83276,0,0
AST_PE,D,20121002,000000,3.83276,3.83276,3.83276,3.83276,0,0
AST_PE,D,20121003,000000,3.83276,3.91259,3.83276,3.83276,0,0
AST_PE,D,20121004,000000,3.83276,3.83276,3.75293,3.75293,0,0
AST_PE,D,20121005,000000,3.75293,3.83276,3.75293,3.83276,0,0
AST_PE,D,20121008,000000,3.83276,3.83276,3.75293,3.75293,0,0
AST_PE,D,20121009,000000,3.75293,3.75293,3.75293,3.75293,0,0
AST_PE,D,20121010,000000,3.75293,3.75293,3.59319,3.6731,0,0
AST_PE,D,20121011,000000,3.59319,3.75293,3.51336,3.6731,0,0
AST_PE,D,20121012,000000,3.6731,3.6731,3.59319,3.6731,0,0
AST_PE,D,20121015,000000,3.59319,3.6731,3.59319,3.6731,0,0
AST_PE,D,20121016,000000,3.75293,3.83276,3.6731,3.75293,0,0
AST_PE,D,20121017,000000,3.75293,3.75293,3.75293,3.75293,0,0
AST_PE,D,20121018,000000,3.6731,3.75293,3.59319,3.59319,0,0
AST_PE,D,20121019,000000,3.59319,3.6731,3.51336,3.6731,0,0
AST_PE,D,20121022,000000,3.6731,3.6731,3.59319,3.6731,0,0
AST_PE,D,20121023,000000,3.6731,3.6731,3.59319,3.6731,0,0
AST_PE,D,20121024,000000,3.6731,3.6731,3.59319,3.59319,0,0
AST_PE,D,20121025,000000,3.6731,3.6731,3.59319,3.59319,0,0
AST_PE,D,20121026,000000,3.59319,3.59319,3.59319,3.59319,0,0
AST_PE,D,20121029,000000,3.59319,3.59319,3.43353,3.43353,0,0
AST_PE,D,20121030,000000,3.51336,3.51336,3.43353,3.51336,0,0
AST_PE,D,20121031,000000,3.51336,3.59319,3.51336,3.59319,0,0
AST_PE,D,20121102,000000,3.59319,3.59319,3.51336,3.51336,0,0
AST_PE,D,20121105,000000,3.51336,3.59319,3.51336,3.59319,0,0
AST_PE,D,20121106,000000,3.59319,3.6731,3.59319,3.59319,0,0
AST_PE,D,20121107,000000,3.6731,3.6731,3.59319,3.59319,0,0
AST_PE,D,20121108,000000,3.59319,3.59319,3.51336,3.51336,0,0
AST_PE,D,20121109,000000,3.59319,3.59319,3.43353,3.43353,0,0
AST_PE,D,20121112,000000,3.3537,3.3537,3.2738,3.3537,0,0
AST_PE,D,20121113,000000,3.3537,3.3537,3.2738,3.3537,0,0
AST_PE,D,20121114,000000,3.3537,3.3537,3.2738,3.3537,0,0
AST_PE,D,20121115,000000,3.2738,3.59319,3.11414,3.59319,0,0
AST_PE,D,20121116,000000,3.59319,3.59319,3.51336,3.59319,0,0
AST_PE,D,20121119,000000,3.59319,3.59319,3.51336,3.51336,0,0
AST_PE,D,20121120,000000,3.51336,3.51336,3.51336,3.51336,0,0
AST_PE,D,20121121,000000,3.51336,3.51336,3.43353,3.51336,0,0
AST_PE,D,20121122,000000,3.51336,3.59319,3.43353,3.59319,0,0
AST_PE,D,20121123,000000,3.59319,3.59319,3.59319,3.59319,0,0
AST_PE,D,20121126,000000,3.59319,3.75293,3.59319,3.6731,0,0
AST_PE,D,20121127,000000,3.83276,3.91259,3.75293,3.83276,0,0
AST_PE,D,20121128,000000,3.91259,3.91259,3.75293,3.75293,0,0
AST_PE,D,20121129,000000,3.91259,3.91259,3.6731,3.6731,0,0
AST_PE,D,20121130,000000,3.6731,3.75293,3.59319,3.75293,0,0
AST_PE,D,20121203,000000,3.6731,3.75293,3.51336,3.51336,0,0
AST_PE,D,20121204,000000,3.51336,3.51336,3.3537,3.51336,0,0
AST_PE,D,20121205,000000,3.59319,3.59319,3.51336,3.59319,0,0
AST_PE,D,20121206,000000,3.6731,3.6731,3.59319,3.59319,0,0
AST_PE,D,20121207,000000,3.51336,3.59319,3.51336,3.59319,0,0
AST_PE,D,20121210,000000,3.59319,3.59319,3.51336,3.51336,0,0
AST_PE,D,20121211,000000,3.51336,3.6731,3.51336,3.6731,0,0
AST_PE,D,20121212,000000,3.6731,3.6731,3.59319,3.59319,0,0
AST_PE,D,20121213,000000,3.59319,3.59319,3.51336,3.59319,0,0
AST_PE,D,20121214,000000,3.59319,3.6731,3.59319,3.6731,0,0
AST_PE,D,20121217,000000,3.6731,3.6731,3.59319,3.6731,0,0
AST_PE,D,20121218,000000,3.6731,3.6731,3.59319,3.59319,0,0
AST_PE,D,20121219,000000,3.6731,3.6731,3.59319,3.59319,0,0
AST_PE,D,20121220,000000,3.59319,3.59319,3.51336,3.59319,0,0
AST_PE,D,20121221,000000,3.59319,3.59319,3.43353,3.43353,0,0
AST_PE,D,20121227,000000,3.43353,3.51336,3.2738,3.43353,0,0
AST_PE,D,20121228,000000,3.43353,3.43353,3.3537,3.43353,0,0
AST_PE,D,20130102,000000,3.43353,3.59319,3.43353,3.43353,0,0
AST_PE,D,20130103,000000,3.51336,3.51336,3.51336,3.51336,0,0
AST_PE,D,20130104,000000,3.51336,3.59319,3.51336,3.59319,0,0
AST_PE,D,20130107,000000,3.59319,3.75293,3.59319,3.75293,0,0
AST_PE,D,20130108,000000,3.75293,3.75293,3.6731,3.75293,0,0
AST_PE,D,20130109,000000,3.83276,3.83276,3.6731,3.6731,0,0
AST_PE,D,20130110,000000,3.75293,3.75293,3.59319,3.59319,0,0
AST_PE,D,20130111,000000,3.59319,3.59319,3.51336,3.51336,0,0
AST_PE,D,20130114,000000,3.59319,3.59319,3.51336,3.59319,0,0
AST_PE,D,20130115,000000,3.59319,3.59319,3.51336,3.51336,0,0
AST_PE,D,20130116,000000,3.51336,3.51336,3.43353,3.51336,0,0
AST_PE,D,20130117,000000,3.51336,3.59319,3.51336,3.51336,0,0
AST_PE,D,20130118,000000,3.51336,3.51336,3.51336,3.51336,0,0
AST_PE,D,20130121,000000,3.51336,3.6731,3.51336,3.59319,0,0
AST_PE,D,20130122,000000,3.59319,3.6731,3.59319,3.6731,0,0
AST_PE,D,20130123,000000,3.6731,3.75293,3.6731,3.75293,0,0
AST_PE,D,20130124,000000,3.75293,3.83276,3.75293,3.75293,0,0
AST_PE,D,20130125,000000,3.75293,3.83276,3.75293,3.83276,0,0
AST_PE,D,20130128,000000,3.83276,3.83276,3.75293,3.75293,0,0
AST_PE,D,20130129,000000,3.75293,3.75293,3.75293,3.75293,0,0
AST_PE,D,20130130,000000,3.75293,3.75293,3.75293,3.75293,0,0
AST_PE,D,20130131,000000,3.83276,3.83276,3.75293,3.75293,0,0
AST_PE,D,20130201,000000,3.75293,4.07232,3.75293,4.07232,0,0
AST_PE,D,20130204,000000,4.07232,4.07232,3.91259,3.91259,0,0
AST_PE,D,20130205,000000,3.91259,3.91259,3.91259,3.91259,0,0
AST_PE,D,20130206,000000,3.91259,3.99249,3.91259,3.99249,0,0
AST_PE,D,20130207,000000,3.91259,3.99249,3.91259,3.91259,0,0
AST_PE,D,20130208,000000,3.99249,3.99249,3.91259,3.91259,0,0
AST_PE,D,20130211,000000,3.91259,4.07232,3.91259,3.99249,0,0
AST_PE,D,20130212,000000,3.99249,4.23198,3.91259,4.15215,0,0
AST_PE,D,20130213,000000,4.23198,4.31189,4.15215,4.23198,0,0
AST_PE,D,20130214,000000,4.15215,4.31189,4.15215,4.15215,0,0
AST_PE,D,20130215,000000,4.15215,4.15215,4.07232,4.07232,0,0
AST_PE,D,20130218,000000,4.07232,4.07232,3.83276,3.91259,0,0
AST_PE,D,20130219,000000,3.99249,3.99249,3.75293,3.83276,0,0
AST_PE,D,20130220,000000,3.91259,4.07232,3.91259,3.99249,0,0
AST_PE,D,20130221,000000,4.07232,4.07232,3.99249,4.07232,0,0
AST_PE,D,20130222,000000,4.07232,4.15215,3.91259,4.07232,0,0
AST_PE,D,20130225,000000,4.07232,4.23198,4.07232,4.15215,0,0
AST_PE,D,20130226,000000,3.99249,4.23198,3.99249,4.15215,0,0
AST_PE,D,20130227,000000,4.15215,4.39172,4.15215,4.31189,0,0
AST_PE,D,20130228,000000,4.31189,4.39172,4.07232,4.15215,0,0
AST_PE,D,20130301,000000,4.15215,4.15215,3.91259,3.91259,0,0
AST_PE,D,20130304,000000,3.91259,3.91259,3.83276,3.91259,0,0
AST_PE,D,20130305,000000,3.91259,3.99249,3.75293,3.91259,0,0
AST_PE,D,20130306,000000,3.99249,3.99249,3.83276,3.91259,0,0
AST_PE,D,20130307,000000,3.83276,3.91259,3.75293,3.91259,0,0
AST_PE,D,20130308,000000,3.99249,3.99249,3.83276,3.83276,0,0
AST_PE,D,20130311,000000,3.83276,3.91259,3.83276,3.91259,0,0
AST_PE,D,20130312,000000,3.91259,3.91259,3.83276,3.83276,0,0
AST_PE,D,20130313,000000,3.91259,3.91259,3.75293,3.75293,0,0
AST_PE,D,20130314,000000,3.75293,3.75293,3.6731,3.75293,0,0
AST_PE,D,20130315,000000,3.75293,3.75293,3.6731,3.6731,0,0
AST_PE,D,20130318,000000,3.6731,3.6731,3.6731,3.6731,0,0
AST_PE,D,20130319,000000,3.6731,3.6731,3.6731,3.6731,0,0
AST_PE,D,20130320,000000,3.6731,3.6731,3.59319,3.59319,0,0
AST_PE,D,20130321,000000,3.59319,3.6731,3.59319,3.59319,0,0
AST_PE,D,20130322,000000,3.59319,3.6731,3.51336,3.51336,0,0
AST_PE,D,20130325,000000,3.51336,3.6731,3.51336,3.59319,0,0
AST_PE,D,20130326,000000,3.6731,3.75293,3.59319,3.75293,0,0
AST_PE,D,20130327,000000,3.83276,3.83276,3.75293,3.75293,0,0
AST_PE,D,20130328,000000,3.75293,3.83276,3.75293,3.75293,0,0
AST_PE,D,20130402,000000,3.6731,3.91259,3.6731,3.91259,0,0
AST_PE,D,20130403,000000,3.91259,3.91259,3.83276,3.91259,0,0
AST_PE,D,20130404,000000,3.91259,3.99249,3.75293,3.99249,0,0
AST_PE,D,20130405,000000,3.99249,3.99249,3.91259,3.99249,0,0
AST_PE,D,20130408,000000,3.99249,3.99249,3.83276,3.83276,0,0
AST_PE,D,20130409,000000,3.83276,3.91259,3.75293,3.91259,0,0
AST_PE,D,20130410,000000,3.91259,3.91259,3.75293,3.91259,0,0
AST_PE,D,20130411,000000,3.91259,3.91259,3.91259,3.91259,0,0
AST_PE,D,20130412,000000,3.91259,3.91259,3.83276,3.91259,0,0
AST_PE,D,20130415,000000,3.83276,3.83276,3.75293,3.75293,0,0
AST_PE,D,20130417,000000,3.91259,3.91259,3.59319,3.59319,0,0
AST_PE,D,20130418,000000,3.51336,5.42974,3.11414,5.42974,0,0
AST_PE,D,20130419,000000,5.27009,5.42974,4.95068,5.03051,0,0
AST_PE,D,20130422,000000,5.03051,5.50965,5.03051,5.34992,0,0
AST_PE,D,20130423,000000,5.42974,5.50965,5.27009,5.27009,0,0
AST_PE,D,20130424,000000,5.11034,5.11034,4.95068,5.11034,0,0
AST_PE,D,20130425,000000,5.11034,5.11034,5.03051,5.03051,0,0
AST_PE,D,20130426,000000,5.03051,5.50965,5.03051,5.42974,0,0
AST_PE,D,20130429,000000,5.42974,5.50965,5.19026,5.42974,0,0
AST_PE,D,20130430,000000,5.27009,5.50965,5.27009,5.42974,0,0
AST_PE,D,20130502,000000,5.42974,5.42974,5.27009,5.42974,0,0
AST_PE,D,20130506,000000,5.27009,5.42974,5.27009,5.42974,0,0
AST_PE,D,20130507,000000,5.58947,5.58947,5.42974,5.42974,0,0
AST_PE,D,20130508,000000,5.6693,5.6693,5.34992,5.58947,0,0
AST_PE,D,20130509,000000,5.58947,5.6693,5.42974,5.6693,0,0
AST_PE,D,20130510,000000,5.82905,5.82905,5.6693,5.82905,0,0
AST_PE,D,20130513,000000,5.82905,5.90888,5.74913,5.90888,0,0
AST_PE,D,20130514,000000,5.82905,5.82905,5.82905,5.82905,0,0
AST_PE,D,20130515,000000,5.90888,6.14844,5.90888,5.98871,0,0
AST_PE,D,20130516,000000,6.14844,6.22827,6.06854,6.22827,0,0
AST_PE,D,20130517,000000,6.22827,6.22827,6.14844,6.22827,0,0
AST_PE,D,20130520,000000,6.22827,6.30809,6.22827,6.22827,0,0
AST_PE,D,20130521,000000,6.14844,6.22827,6.14844,6.22827,0,0
AST_PE,D,20130522,000000,6.30809,6.30809,5.6693,5.6693,0,0
AST_PE,D,20130523,000000,5.6693,5.74913,5.6693,5.74913,0,0
AST_PE,D,20130524,000000,5.74913,5.74913,5.74913,5.74913,0,0
AST_PE,D,20130527,000000,5.6693,5.6693,5.58947,5.58947,0,0
AST_PE,D,20130528,000000,5.58947,5.74913,5.58947,5.6693,0,0
AST_PE,D,20130529,000000,5.6693,5.74913,5.6693,5.74913,0,0
AST_PE,D,20130531,000000,5.82905,5.82905,5.74913,5.74913,0,0
AST_PE,D,20130603,000000,5.74913,5.74913,5.74913,5.74913,0,0
AST_PE,D,20130604,000000,5.74913,5.98871,5.74913,5.98871,0,0
AST_PE,D,20130605,000000,5.98871,6.22827,5.98871,6.14844,0,0
AST_PE,D,20130606,000000,6.22827,6.30809,6.14844,6.30809,0,0
AST_PE,D,20130607,000000,6.30809,6.46784,6.30809,6.46784,0,0
AST_PE,D,20130610,000000,6.46784,6.54767,6.46784,6.54767,0,0
AST_PE,D,20130611,000000,6.6275,6.6275,6.46784,6.54767,0,0
AST_PE,D,20130612,000000,6.6275,6.6275,6.46784,6.46784,0,0
AST_PE,D,20130613,000000,6.46784,6.46784,6.30809,6.46784,0,0
AST_PE,D,20130614,000000,6.38792,6.54767,6.38792,6.54767,0,0
AST_PE,D,20130617,000000,6.46784,6.54767,6.46784,6.46784,0,0
AST_PE,D,20130618,000000,6.46784,6.54767,6.46784,6.54767,0,0
AST_PE,D,20130619,000000,6.54767,6.54767,6.46784,6.46784,0,0
AST_PE,D,20130620,000000,6.38792,6.54767,6.38792,6.46784,0,0
AST_PE,D,20130621,000000,6.38792,6.46784,5.98871,6.46784,0,0
AST_PE,D,20130624,000000,6.46784,6.6275,6.22827,6.22827,0,0
AST_PE,D,20130625,000000,6.22827,6.22827,6.06854,6.14844,0,0
AST_PE,D,20130626,000000,6.14844,6.14844,6.06854,6.14844,0,0
AST_PE,D,20130627,000000,6.22827,6.22827,6.06854,6.06854,0,0
AST_PE,D,20130628,000000,6.06854,6.06854,5.98871,6.06854,0,0
AST_PE,D,20130701,000000,6.06854,6.22827,6.06854,6.14844,0,0
AST_PE,D,20130702,000000,6.14844,6.30809,5.98871,6.14844,0,0
AST_PE,D,20130703,000000,6.14844,6.14844,5.98871,6.06854,0,0
AST_PE,D,20130704,000000,6.06854,6.14844,5.98871,6.14844,0,0
AST_PE,D,20130705,000000,6.14844,6.22827,6.06854,6.14844,0,0
AST_PE,D,20130708,000000,6.14844,6.30809,6.14844,6.30809,0,0
AST_PE,D,20130709,000000,6.14844,6.38792,6.14844,6.30809,0,0
AST_PE,D,20130710,000000,6.30809,6.30809,6.22827,6.30809,0,0
AST_PE,D,20130711,000000,6.38792,6.38792,6.22827,6.30809,0,0
AST_PE,D,20130712,000000,6.30809,6.30809,6.22827,6.30809,0,0
AST_PE,D,20130715,000000,6.30809,6.46784,6.30809,6.38792,0,0
AST_PE,D,20130716,000000,6.38792,6.38792,6.30809,6.38792,0,0
AST_PE,D,20130717,000000,6.38792,6.46784,6.38792,6.46784,0,0
AST_PE,D,20130718,000000,6.46784,6.6275,6.38792,6.54767,0,0
AST_PE,D,20130719,000000,6.6275,6.70733,6.54767,6.70733,0,0
AST_PE,D,20130722,000000,6.78723,6.78723,6.78723,6.78723,0,0
AST_PE,D,20130723,000000,6.78723,7.18646,6.78723,7.18646,0,0
AST_PE,D,20130724,000000,7.18646,7.42603,7.10663,7.34612,0,0
AST_PE,D,20130725,000000,7.34612,7.34612,7.18646,7.34612,0,0
AST_PE,D,20130726,000000,7.26629,7.26629,7.18646,7.18646,0,0
AST_PE,D,20130729,000000,7.10663,7.50586,7.10663,7.34612,0,0
AST_PE,D,20130730,000000,7.42603,7.42603,7.34612,7.42603,0,0
AST_PE,D,20130731,000000,7.26629,7.42603,7.26629,7.34612,0,0
AST_PE,D,20130801,000000,7.42603,7.42603,7.18646,7.26629,0,0
AST_PE,D,20130802,000000,7.10663,7.26629,7.10663,7.26629,0,0
AST_PE,D,20130805,000000,7.18646,7.34612,7.18646,7.26629,0,0
AST_PE,D,20130806,000000,7.26629,7.42603,7.26629,7.26629,0,0
AST_PE,D,20130807,000000,7.26629,7.34612,7.26629,7.26629,0,0
AST_PE,D,20130808,000000,7.26629,7.34612,7.26629,7.26629,0,0
AST_PE,D,20130809,000000,7.26629,7.42603,7.26629,7.42603,0,0
AST_PE,D,20130812,000000,7.34612,7.50586,7.34612,7.50586,0,0
AST_PE,D,20130813,000000,7.50586,7.58569,7.50586,7.58569,0,0
AST_PE,D,20130814,000000,7.58569,7.66552,7.58569,7.66552,0,0
AST_PE,D,20130816,000000,7.58569,7.66552,7.50586,7.66552,0,0
AST_PE,D,20130819,000000,7.66552,7.66552,7.34612,7.42603,0,0
AST_PE,D,20130820,000000,7.26629,7.42603,7.26629,7.42603,0,0
AST_PE,D,20130821,000000,7.34612,7.58569,7.34612,7.58569,0,0
AST_PE,D,20130822,000000,7.50586,7.58569,7.34612,7.42603,0,0
AST_PE,D,20130823,000000,7.42603,7.42603,7.18646,7.18646,0,0
AST_PE,D,20130826,000000,7.26629,7.34612,7.18646,7.26629,0,0
AST_PE,D,20130827,000000,7.26629,7.42603,7.10663,7.42603,0,0
AST_PE,D,20130828,000000,7.26629,7.42603,7.10663,7.10663,0,0
AST_PE,D,20130829,000000,7.10663,7.10663,6.86706,7.10663,0,0
AST_PE,D,20130830,000000,7.02672,7.18646,6.94689,6.94689,0,0
AST_PE,D,20130902,000000,6.94689,7.02672,6.94689,6.94689,0,0
AST_PE,D,20130903,000000,6.94689,7.10663,6.94689,7.10663,0,0
AST_PE,D,20130904,000000,7.26629,7.26629,7.02672,7.02672,0,0
AST_PE,D,20130905,000000,7.02672,7.02672,6.54767,6.70733,0,0
AST_PE,D,20130906,000000,6.78723,6.78723,6.6275,6.6275,0,0
AST_PE,D,20130909,000000,6.6275,6.86706,6.6275,6.86706,0,0
AST_PE,D,20130910,000000,6.94689,7.42603,6.94689,7.26629,0,0
AST_PE,D,20130911,000000,7.26629,7.34612,7.18646,7.26629,0,0
AST_PE,D,20130912,000000,7.18646,7.26629,7.10663,7.10663,0,0
AST_PE,D,20130913,000000,7.02672,7.10663,7.02672,7.02672,0,0
AST_PE,D,20130916,000000,7.02672,7.26629,7.02672,7.26629,0,0
AST_PE,D,20130917,000000,7.26629,7.26629,7.18646,7.26629,0,0
AST_PE,D,20130918,000000,7.26629,7.26629,7.10663,7.26629,0,0
AST_PE,D,20130919,000000,7.26629,7.50586,7.26629,7.34612,0,0
AST_PE,D,20130920,000000,7.50586,7.50586,7.18646,7.26629,0,0
AST_PE,D,20130923,000000,7.26629,7.42603,7.10663,7.10663,0,0
AST_PE,D,20130924,000000,7.18646,7.26629,7.02672,7.26629,0,0
AST_PE,D,20130925,000000,7.26629,7.26629,7.26629,7.26629,0,0
AST_PE,D,20130926,000000,7.18646,7.50586,7.10663,7.50586,0,0
AST_PE,D,20130927,000000,7.58569,7.58569,7.34612,7.34612,0,0
AST_PE,D,20130930,000000,7.26629,7.42603,7.10663,7.42603,0,0
AST_PE,D,20131001,000000,7.26629,7.42603,7.26629,7.34612,0,0
AST_PE,D,20131002,000000,7.34612,7.34612,7.26629,7.26629,0,0
AST_PE,D,20131003,000000,7.26629,7.26629,7.18646,7.26629,0,0
AST_PE,D,20131004,000000,7.18646,7.26629,7.18646,7.18646,0,0
AST_PE,D,20131007,000000,7.18646,7.18646,7.02672,7.02672,0,0
AST_PE,D,20131008,000000,7.02672,7.34612,6.94689,7.34612,0,0
AST_PE,D,20131009,000000,7.26629,7.42603,7.26629,7.42603,0,0
AST_PE,D,20131010,000000,7.26629,7.42603,7.26629,7.34612,0,0
AST_PE,D,20131011,000000,7.42603,7.42603,7.34612,7.42603,0,0
AST_PE,D,20131014,000000,7.34612,7.34612,7.18646,7.26629,0,0
AST_PE,D,20131015,000000,7.26629,7.26629,7.26629,7.26629,0,0
AST_PE,D,20131016,000000,7.26629,7.26629,7.02672,7.02672,0,0
AST_PE,D,20131017,000000,7.02672,7.26629,6.94689,7.26629,0,0
AST_PE,D,20131018,000000,7.10663,7.50586,7.10663,7.50586,0,0
AST_PE,D,20131021,000000,7.50586,7.82525,7.50586,7.58569,0,0
AST_PE,D,20131022,000000,7.58569,7.66552,7.50586,7.58569,0,0
AST_PE,D,20131023,000000,7.58569,7.58569,7.26629,7.34612,0,0
AST_PE,D,20131024,000000,7.50586,7.50586,7.34612,7.34612,0,0
AST_PE,D,20131025,000000,7.34612,7.34612,7.26629,7.26629,0,0
AST_PE,D,20131028,000000,7.18646,7.26629,7.10663,7.26629,0,0
AST_PE,D,20131029,000000,7.18646,7.18646,7.02672,7.10663,0,0
AST_PE,D,20131030,000000,7.18646,7.26629,6.70733,6.70733,0,0
AST_PE,D,20131031,000000,6.70733,6.70733,6.46784,6.54767,0,0
AST_PE,D,20131104,000000,6.46784,6.6275,6.46784,6.54767,0,0
AST_PE,D,20131105,000000,6.54767,6.54767,6.54767,6.54767,0,0
AST_PE,D,20131106,000000,6.54767,6.54767,6.54767,6.54767,0,0
AST_PE,D,20131107,000000,6.54767,6.70733,6.54767,6.70733,0,0
AST_PE,D,20131108,000000,6.70733,6.94689,6.70733,6.70733,0,0
AST_PE,D,20131112,000000,6.70733,6.86706,6.70733,6.86706,0,0
AST_PE,D,20131113,000000,6.86706,6.86706,6.70733,6.78723,0,0
AST_PE,D,20131114,000000,6.6275,6.86706,6.6275,6.86706,0,0
AST_PE,D,20131115,000000,6.6275,6.94689,6.6275,6.78723,0,0
AST_PE,D,20131118,000000,6.86706,6.94689,6.78723,6.78723,0,0
AST_PE,D,20131119,000000,6.78723,6.78723,6.78723,6.78723,0,0
AST_PE,D,20131120,000000,6.78723,6.94689,6.78723,6.94689,0,0
AST_PE,D,20131121,000000,6.94689,6.94689,6.94689,6.94689,0,0
AST_PE,D,20131122,000000,6.94689,7.34612,6.86706,7.34612,0,0
AST_PE,D,20131125,000000,7.42603,7.42603,7.34612,7.34612,0,0
AST_PE,D,20131126,000000,7.26629,7.26629,7.18646,7.18646,0,0
AST_PE,D,20131127,000000,7.18646,7.18646,7.10663,7.18646,0,0
AST_PE,D,20131128,000000,7.26629,7.26629,7.26629,7.26629,0,0
AST_PE,D,20131129,000000,7.18646,7.26629,6.94689,7.18646,0,0
AST_PE,D,20131202,000000,7.02672,7.02672,6.94689,6.94689,0,0
AST_PE,D,20131203,000000,6.94689,7.26629,6.86706,7.26629,0,0
AST_PE,D,20131204,000000,7.26629,7.26629,6.94689,6.94689,0,0
AST_PE,D,20131205,000000,7.18646,7.18646,6.86706,6.94689,0,0
AST_PE,D,20131206,000000,6.94689,7.18646,6.94689,7.18646,0,0
AST_PE,D,20131209,000000,7.02672,7.18646,7.02672,7.02672,0,0
AST_PE,D,20131210,000000,7.10663,7.18646,6.94689,7.18646,0,0
AST_PE,D,20131211,000000,7.10663,7.10663,7.10663,7.10663,0,0
AST_PE,D,20131212,000000,7.10663,7.10663,6.94689,6.94689,0,0
AST_PE,D,20131213,000000,6.94689,7.02672,6.94689,6.94689,0,0
AST_PE,D,20131216,000000,6.94689,6.94689,6.78723,6.78723,0,0
AST_PE,D,20131217,000000,6.70733,6.78723,6.30809,6.30809,0,0
AST_PE,D,20131218,000000,6.46784,7.02672,6.38792,6.78723,0,0
AST_PE,D,20131219,000000,6.86706,6.94689,6.78723,6.94689,0,0
AST_PE,D,20131220,000000,7.02672,7.02672,6.46784,6.46784,0,0
AST_PE,D,20131223,000000,6.86706,6.94689,6.46784,6.86706,0,0
AST_PE,D,20131227,000000,7.10663,7.10663,7.02672,7.10663,0,0
AST_PE,D,20131230,000000,7.26629,7.34612,6.94689,7.26629,0,0
AST_PE,D,20140102,000000,7.50586,7.50586,7.26629,7.42603,0,0
AST_PE,D,20140103,000000,7.26629,7.42603,7.26629,7.42603,0,0
AST_PE,D,20140107,000000,7.42603,7.42603,7.34612,7.34612,0,0
AST_PE,D,20140108,000000,7.34612,7.34612,7.18646,7.34612,0,0
AST_PE,D,20140109,000000,7.34612,7.34612,6.94689,6.94689,0,0
AST_PE,D,20140110,000000,6.94689,7.10663,6.78723,7.10663,0,0
AST_PE,D,20140113,000000,6.94689,6.94689,6.94689,6.94689,0,0
AST_PE,D,20140114,000000,6.94689,7.18646,6.94689,7.18646,0,0
AST_PE,D,20140115,000000,7.02672,7.18646,7.02672,7.02672,0,0
AST_PE,D,20140116,000000,6.86706,7.42603,6.86706,7.10663,0,0
AST_PE,D,20140117,000000,7.18646,7.42603,7.10663,7.10663,0,0
AST_PE,D,20140120,000000,7.10663,7.34612,7.10663,7.34612,0,0
AST_PE,D,20140122,000000,7.18646,7.34612,7.10663,7.18646,0,0
AST_PE,D,20140123,000000,7.18646,7.18646,7.18646,7.18646,0,0
AST_PE,D,20140124,000000,7.18646,7.18646,7.18646,7.18646,0,0
AST_PE,D,20140127,000000,7.10663,7.18646,7.10663,7.18646,0,0
AST_PE,D,20140128,000000,7.26629,7.34612,7.26629,7.26629,0,0
AST_PE,D,20140129,000000,7.26629,7.26629,7.18646,7.26629,0,0
AST_PE,D,20140130,000000,7.26629,7.34612,7.18646,7.18646,0,0
AST_PE,D,20140131,000000,7.26629,7.34612,7.18646,7.18646,0,0
AST_PE,D,20140203,000000,7.18646,7.26629,7.18646,7.26629,0,0
AST_PE,D,20140204,000000,7.26629,7.26629,7.18646,7.26629,0,0
AST_PE,D,20140205,000000,7.34612,7.42603,7.26629,7.26629,0,0
AST_PE,D,20140206,000000,7.34612,7.34612,7.18646,7.26629,0,0
AST_PE,D,20140207,000000,7.18646,7.18646,6.94689,6.94689,0,0
AST_PE,D,20140210,000000,6.94689,6.94689,6.6275,6.78723,0,0
AST_PE,D,20140211,000000,6.78723,6.78723,6.70733,6.70733,0,0
AST_PE,D,20140212,000000,6.70733,6.70733,6.46784,6.54767,0,0
AST_PE,D,20140213,000000,6.6275,6.6275,6.38792,6.38792,0,0
AST_PE,D,20140214,000000,6.54767,6.54767,6.46784,6.46784,0,0
AST_PE,D,20140217,000000,6.54767,6.6275,6.54767,6.54767,0,0
AST_PE,D,20140218,000000,6.54767,6.54767,6.30809,6.38792,0,0
AST_PE,D,20140219,000000,6.38792,6.38792,5.98871,5.98871,0,0
AST_PE,D,20140220,000000,5.98871,5.98871,5.6693,5.6693,0,0
AST_PE,D,20140221,000000,5.74913,6.22827,5.58947,6.14844,0,0
AST_PE,D,20140224,000000,6.38792,6.46784,6.30809,6.38792,0,0
AST_PE,D,20140225,000000,6.6275,6.6275,6.30809,6.30809,0,0
AST_PE,D,20140226,000000,6.30809,6.30809,6.06854,6.14844,0,0
AST_PE,D,20140227,000000,6.06854,6.14844,5.98871,6.14844,0,0
AST_PE,D,20140228,000000,6.14844,6.14844,5.82905,5.90888,0,0
AST_PE,D,20140303,000000,5.42974,5.42974,4.95068,5.11034,0,0
AST_PE,D,20140304,000000,5.11034,5.42974,5.11034,5.27009,0,0
AST_PE,D,20140305,000000,5.34992,5.34992,4.95068,5.11034,0,0
AST_PE,D,20140306,000000,5.19026,5.19026,4.95068,5.03051,0,0
AST_PE,D,20140307,000000,5.03051,5.03051,4.87085,4.87085,0,0
AST_PE,D,20140310,000000,5.03051,5.03051,4.47155,4.47155,0,0
AST_PE,D,20140311,000000,4.39172,4.55138,4.15215,4.39172,0,0
AST_PE,D,20140312,000000,4.39172,4.47155,4.07232,4.15215,0,0
AST_PE,D,20140313,000000,4.15215,4.15215,4.07232,4.07232,0,0
AST_PE,D,20140314,000000,4.15215,4.15215,3.99249,4.07232,0,0
AST_PE,D,20140317,000000,4.07232,4.63129,4.07232,4.47155,0,0
AST_PE,D,20140318,000000,4.63129,5.03051,4.63129,4.71111,0,0
AST_PE,D,20140319,000000,4.79094,4.79094,4.55138,4.79094,0,0
AST_PE,D,20140320,000000,4.79094,4.79094,4.63129,4.79094,0,0
AST_PE,D,20140321,000000,4.79094,4.87085,4.79094,4.87085,0,0
AST_PE,D,20140324,000000,4.87085,4.87085,4.71111,4.79094,0,0
AST_PE,D,20140325,000000,4.71111,4.95068,4.71111,4.87085,0,0
AST_PE,D,20140326,000000,4.87085,4.87085,4.71111,4.79094,0,0
AST_PE,D,20140327,000000,4.87085,4.87085,4.71111,4.71111,0,0
AST_PE,D,20140328,000000,4.79094,4.79094,4.55138,4.55138,0,0
AST_PE,D,20140331,000000,4.55138,4.79094,4.55138,4.79094,0,0
AST_PE,D,20140401,000000,4.87085,5.03051,4.87085,4.87085,0,0
AST_PE,D,20140402,000000,4.95068,5.27009,4.95068,5.27009,0,0
AST_PE,D,20140403,000000,5.34992,5.34992,5.11034,5.11034,0,0
AST_PE,D,20140404,000000,5.19026,5.19026,4.87085,5.11034,0,0
AST_PE,D,20140407,000000,5.03051,5.03051,4.79094,4.79094,0,0
AST_PE,D,20140408,000000,4.79094,4.79094,4.55138,4.71111,0,0
AST_PE,D,20140409,000000,4.79094,4.87085,4.71111,4.79094,0,0
AST_PE,D,20140410,000000,4.63129,4.87085,4.63129,4.79094,0,0
AST_PE,D,20140411,000000,4.79094,4.79094,4.79094,4.79094,0,0
AST_PE,D,20140414,000000,4.71111,4.71111,4.55138,4.71111,0,0
AST_PE,D,20140415,000000,4.63129,4.63129,4.47155,4.47155,0,0
AST_PE,D,20140416,000000,4.47155,7.34612,4.23198,7.34612,0,0
AST_PE,D,20140417,000000,7.34612,7.50586,7.34612,7.42603,0,0
AST_PE,D,20140422,000000,7.50586,7.74542,7.42603,7.66552,0,0
AST_PE,D,20140423,000000,7.90508,7.90508,7.50586,7.66552,0,0
AST_PE,D,20140424,000000,7.50586,7.58569,7.50586,7.50586,0,0
AST_PE,D,20140425,000000,7.50586,7.50586,7.50586,7.50586,0,0
AST_PE,D,20140428,000000,7.26629,7.50586,7.26629,7.50586,0,0
AST_PE,D,20140429,000000,7.34612,7.42603,7.34612,7.42603,0,0
AST_PE,D,20140430,000000,7.42603,7.74542,7.42603,7.66552,0,0
AST_PE,D,20140502,000000,7.66552,7.66552,7.34612,7.66552,0,0
AST_PE,D,20140505,000000,7.50586,7.66552,7.50586,7.50586,0,0
AST_PE,D,20140506,000000,7.34612,7.50586,7.26629,7.26629,0,0
AST_PE,D,20140507,000000,7.10663,7.18646,6.94689,7.10663,0,0
AST_PE,D,20140508,000000,7.26629,7.42603,7.10663,7.18646,0,0
AST_PE,D,20140509,000000,7.10663,7.34612,7.10663,7.18646,0,0
AST_PE,D,20140512,000000,7.18646,7.26629,6.78723,7.26629,0,0
AST_PE,D,20140513,000000,7.34612,7.34612,7.10663,7.34612,0,0
AST_PE,D,20160330,000000,11.0193,11.0193,11.0193,11.0193,0,0
AST_PE,D,20160331,000000,10.7001,11.2585,10.7001,11.0993,0,0
AST_PE,D,20160401,000000,10.9393,10.9393,10.6202,10.7793,0,0
AST_PE,D,20160404,000000,10.7793,11.3384,10.7793,11.3384,0,0
AST_PE,D,20160405,000000,11.3384,11.3384,10.9393,11.2585,0,0
AST_PE,D,20160406,000000,11.1793,11.1793,10.9393,11.1793,0,0
AST_PE,D,20160407,000000,11.0993,11.3384,11.0993,11.2585,0,0
AST_PE,D,20160408,000000,11.2585,11.3384,11.1793,11.3384,0,0
AST_PE,D,20160411,000000,11.3384,12.0576,11.3384,11.8176,0,0
AST_PE,D,20160412,000000,11.8176,12.2167,11.8176,12.1367,0,0
AST_PE,D,20160413,000000,12.2967,12.8558,12.2967,12.7758,0,0
AST_PE,D,20160414,000000,12.7758,12.9358,12.6159,12.9358,0,0
AST_PE,D,20160415,000000,13.0158,13.0158,12.6159,12.7758,0,0
AST_PE,D,20160418,000000,12.6159,12.6159,12.2167,12.4567,0,0
AST_PE,D,20160419,000000,12.0576,13.095,12.0576,13.095,0,0
AST_PE,D,20160420,000000,13.255,13.8941,13.175,13.5741,0,0
AST_PE,D,20160421,000000,13.9733,13.9733,13.5741,13.6541,0,0
AST_PE,D,20160422,000000,13.6541,13.6541,13.5741,13.5741,0,0
AST_PE,D,20160425,000000,13.8941,14.1333,13.6541,13.6541,0,0
AST_PE,D,20160426,000000,13.6541,14.0533,13.255,13.8941,0,0
AST_PE,D,20160427,000000,13.6541,13.9733,13.6541,13.9733,0,0
AST_PE,D,20160428,000000,13.8941,13.9733,13.415,13.415,0,0
AST_PE,D,20160429,000000,13.5741,13.7341,13.095,13.415,0,0
AST_PE,D,20160502,000000,13.7341,13.7341,13.4941,13.5741,0,0
AST_PE,D,20160504,000000,13.335,13.4941,13.0158,13.255,0,0
AST_PE,D,20160505,000000,13.255,13.255,12.9358,13.255,0,0
AST_PE,D,20160506,000000,13.4941,13.5741,13.095,13.095,0,0
AST_PE,D,20160509,000000,12.9358,12.9358,12.6159,12.6159,0,0
AST_PE,D,20160510,000000,12.6959,12.6959,12.0576,12.6959,0,0
AST_PE,D,20160511,000000,12.6959,12.6959,12.6159,12.6159,0,0
AST_PE,D,20160512,000000,12.6959,12.6959,3.11414,3.11414,0,0
AST_PE,D,20160513,000000,3.03431,3.19397,3.03431,3.03431,0,0
AST_PE,D,20160516,000000,2.95439,3.11414,2.87457,2.95439,0,0
AST_PE,D,20160517,000000,2.87457,3.19397,2.87457,3.19397,0,0
AST_PE,D,20160518,000000,3.19397,3.19397,3.03431,3.11414,0,0
AST_PE,D,20160519,000000,3.11414,3.19397,3.11414,3.11414,0,0
AST_PE,D,20160520,000000,3.03431,3.03431,2.95439,3.03431,0,0
AST_PE,D,20160523,000000,3.03431,3.03431,2.95439,2.95439,0,0
AST_PE,D,20160524,000000,2.87457,2.95439,2.79474,2.79474,0,0
AST_PE,D,20160525,000000,2.79474,2.87457,2.79474,2.79474,0,0
AST_PE,D,20160527,000000,2.79474,2.87457,2.79474,2.87457,0,0
AST_PE,D,20160530,000000,2.87457,2.95439,2.87457,2.95439,0,0
AST_PE,D,20160531,000000,2.95439,3.03431,2.95439,3.03431,0,0
AST_PE,D,20160601,000000,3.03431,3.03431,2.95439,2.95439,0,0
AST_PE,D,20160602,000000,2.95439,2.95439,2.87457,2.95439,0,0
AST_PE,D,20160603,000000,3.03431,3.19397,3.03431,3.11414,0,0
AST_PE,D,20160606,000000,3.19397,3.2738,3.19397,3.19397,0,0
AST_PE,D,20160607,000000,3.2738,3.3537,3.2738,3.3537,0,0
AST_PE,D,20160608,000000,3.3537,3.43353,3.3537,3.43353,0,0
AST_PE,D,20160609,000000,3.43353,3.43353,3.3537,3.3537,0,0
AST_PE,D,20160610,000000,3.3537,3.3537,3.19397,3.3537,0,0
AST_PE,D,20160613,000000,3.2738,3.3537,3.2738,3.3537,0,0
AST_PE,D,20160614,000000,3.3537,3.3537,3.19397,3.19397,0,0
AST_PE,D,20160615,000000,3.19397,3.19397,3.19397,3.19397,0,0
AST_PE,D,20160616,000000,3.19397,3.2738,3.19397,3.19397,0,0
AST_PE,D,20160617,000000,3.2738,3.2738,3.19397,3.2738,0,0
AST_PE,D,20160620,000000,3.2738,3.2738,3.2738,3.2738,0,0
AST_PE,D,20160621,000000,3.2738,3.2738,3.2738,3.2738,0,0
AST_PE,D,20160622,000000,3.2738,3.2738,3.2738,3.2738,0,0
AST_PE,D,20160623,000000,3.2738,3.3537,3.2738,3.2738,0,0
AST_PE,D,20160624,000000,3.2738,3.2738,3.11414,3.19397,0,0
AST_PE,D,20160627,000000,3.19397,3.2738,3.11414,3.11414,0,0
AST_PE,D,20160628,000000,3.11414,3.19397,3.11414,3.19397,0,0
AST_PE,D,20160629,000000,3.19397,3.2738,3.19397,3.2738,0,0
AST_PE,D,20160630,000000,3.2738,3.3537,3.2738,3.3537,0,0
AST_PE,D,20160701,000000,3.3537,3.3537,3.2738,3.2738,0,0
AST_PE,D,20160704,000000,3.2738,3.2738,3.19397,3.19397,0,0
AST_PE,D,20160705,000000,3.19397,3.19397,3.19397,3.19397,0,0
AST_PE,D,20160706,000000,3.19397,3.19397,3.19397,3.19397,0,0
AST_PE,D,20160707,000000,3.19397,3.19397,3.19397,3.19397,0,0
AST_PE,D,20160708,000000,3.19397,3.19397,3.19397,3.19397,0,0
AST_PE,D,20160711,000000,3.19397,3.19397,3.19397,3.19397,0,0
AST_PE,D,20160712,000000,3.19397,3.2738,3.19397,3.2738,0,0
AST_PE,D,20160713,000000,3.2738,3.2738,3.19397,3.19397,0,0
AST_PE,D,20160714,000000,3.19397,3.2738,3.19397,3.2738,0,0
AST_PE,D,20160715,000000,3.2738,3.3537,3.2738,3.3537,0,0
AST_PE,D,20160718,000000,3.3537,3.43353,3.3537,3.3537,0,0
AST_PE,D,20160719,000000,3.3537,3.43353,3.2738,3.3537,0,0
AST_PE,D,20160720,000000,3.43353,3.43353,3.3537,3.43353,0,0
AST_PE,D,20160721,000000,3.3537,3.3537,3.3537,3.3537,0,0
AST_PE,D,20160722,000000,3.43353,3.43353,3.3537,3.43353,0,0
AST_PE,D,20160725,000000,3.43353,3.51336,3.43353,3.51336,0,0
AST_PE,D,20160726,000000,3.51336,3.51336,3.43353,3.51336,0,0
AST_PE,D,20160727,000000,3.51336,3.59319,3.51336,3.51336,0,0
AST_PE,D,20160728,000000,3.59319,3.59319,3.51336,3.51336,0,0
AST_PE,D,20160729,000000,3.51336,3.59319,3.43353,3.51336,0,0
AST_PE,D,20160801,000000,3.59319,3.91259,3.59319,3.6731,0,0
AST_PE,D,20160802,000000,3.6731,3.6731,3.6731,3.6731,0,0
AST_PE,D,20160803,000000,3.6731,3.75293,3.6731,3.75293,0,0
AST_PE,D,20160804,000000,3.75293,3.91259,3.75293,3.83276,0,0
AST_PE,D,20160805,000000,3.91259,3.91259,3.83276,3.83276,0,0
AST_PE,D,20160808,000000,3.83276,3.91259,3.83276,3.83276,0,0
AST_PE,D,20160809,000000,3.83276,3.91259,3.83276,3.91259,0,0
AST_PE,D,20160810,000000,3.91259,3.99249,3.91259,3.99249,0,0
AST_PE,D,20160811,000000,3.99249,3.99249,3.75293,3.75293,0,0
AST_PE,D,20160812,000000,3.91259,3.91259,3.3537,3.3537,0,0
AST_PE,D,20160816,000000,3.43353,3.43353,3.3537,3.43353,0,0
AST_PE,D,20160817,000000,3.43353,3.43353,3.43353,3.43353,0,0
AST_PE,D,20160818,000000,3.51336,3.51336,3.43353,3.43353,0,0
AST_PE,D,20160819,000000,3.43353,3.43353,3.3537,3.3537,0,0
AST_PE,D,20160822,000000,3.3537,3.43353,3.3537,3.43353,0,0
AST_PE,D,20160823,000000,3.43353,3.43353,3.3537,3.3537,0,0
AST_PE,D,20160824,000000,3.43353,3.43353,3.3537,3.43353,0,0
AST_PE,D,20160825,000000,3.51336,3.51336,3.3537,3.3537,0,0
AST_PE,D,20160826,000000,3.51336,3.51336,3.43353,3.51336,0,0
AST_PE,D,20160829,000000,3.51336,3.51336,3.51336,3.51336,0,0
AST_PE,D,20160830,000000,3.51336,3.51336,3.43353,3.51336,0,0
AST_PE,D,20160831,000000,3.51336,3.51336,3.3537,3.43353,0,0
AST_PE,D,20160901,000000,3.43353,3.43353,3.3537,3.43353,0,0
AST_PE,D,20160902,000000,3.2738,3.59319,3.2738,3.59319,0,0
AST_PE,D,20160905,000000,3.59319,3.6731,3.59319,3.59319,0,0
AST_PE,D,20160906,000000,3.59319,3.59319,3.51336,3.59319,0,0
AST_PE,D,20160907,000000,3.59319,3.59319,3.59319,3.59319,0,0
AST_PE,D,20160908,000000,3.59319,3.6731,3.59319,3.6731,0,0
AST_PE,D,20160909,000000,3.6731,3.6731,3.43353,3.51336,0,0
AST_PE,D,20160912,000000,3.59319,3.59319,3.51336,3.51336,0,0
AST_PE,D,20160913,000000,3.59319,3.6731,3.51336,3.59319,0,0
AST_PE,D,20160914,000000,3.59319,3.59319,3.59319,3.59319,0,0
AST_PE,D,20160915,000000,3.59319,3.59319,3.59319,3.59319,0,0
AST_PE,D,20160916,000000,3.59319,3.59319,3.59319,3.59319,0,0
AST_PE,D,20160919,000000,3.6731,3.6731,3.59319,3.6731,0,0
AST_PE,D,20160920,000000,3.59319,3.6731,3.59319,3.59319,0,0
AST_PE,D,20160921,000000,3.51336,3.59319,3.51336,3.51336,0,0
AST_PE,D,20160922,000000,3.43353,3.59319,3.43353,3.59319,0,0
AST_PE,D,20160923,000000,3.59319,3.59319,3.51336,3.51336,0,0
AST_PE,D,20160926,000000,3.51336,3.59319,3.51336,3.59319,0,0
AST_PE,D,20160927,000000,3.51336,3.59319,3.51336,3.59319,0,0
AST_PE,D,20160928,000000,3.59319,3.59319,3.59319,3.59319,0,0
AST_PE,D,20160929,000000,3.59319,3.59319,3.59319,3.59319,0,0
AST_PE,D,20160930,000000,3.59319,3.59319,3.51336,3.59319,0,0
AST_PE,D,20161003,000000,3.59319,3.59319,3.59319,3.59319,0,0
AST_PE,D,20161004,000000,3.6731,3.6731,3.59319,3.59319,0,0
AST_PE,D,20161005,000000,3.59319,3.6731,3.59319,3.59319,0,0
AST_PE,D,20161006,000000,3.59319,3.59319,3.59319,3.59319,0,0
AST_PE,D,20161007,000000,3.59319,3.59319,3.51336,3.59319,0,0
AST_PE,D,20161010,000000,3.59319,3.6731,3.59319,3.6731,0,0
AST_PE,D,20161011,000000,3.6731,3.75293,3.6731,3.6731,0,0
AST_PE,D,20161012,000000,3.6731,3.6731,3.6731,3.6731,0,0
AST_PE,D,20161013,000000,3.6731,3.75293,3.6731,3.6731,0,0
AST_PE,D,20161014,000000,3.59319,3.6731,3.59319,3.6731,0,0
AST_PE,D,20161017,000000,3.59319,3.75293,3.59319,3.59319,0,0
AST_PE,D,20161018,000000,3.59319,3.6731,3.59319,3.59319,0,0
AST_PE,D,20161019,000000,3.59319,3.59319,3.59319,3.59319,0,0
AST_PE,D,20161020,000000,3.59319,3.6731,3.59319,3.59319,0,0
AST_PE,D,20161021,000000,3.59319,3.59319,3.59319,3.59319,0,0
AST_PE,D,20161024,000000,3.6731,3.6731,3.6731,3.6731,0,0
AST_PE,D,20161025,000000,3.6731,3.6731,3.6731,3.6731,0,0
AST_PE,D,20161026,000000,3.6731,3.75293,3.6731,3.75293,0,0
AST_PE,D,20161027,000000,3.75293,3.75293,3.6731,3.6731,0,0
AST_PE,D,20161028,000000,3.59319,3.6731,3.59319,3.59319,0,0
AST_PE,D,20161031,000000,3.59319,3.6731,3.51336,3.59319,0,0
AST_PE,D,20161102,000000,3.51336,3.51336,3.43353,3.43353,0,0
AST_PE,D,20161103,000000,3.3537,3.43353,3.2738,3.43353,0,0
AST_PE,D,20161104,000000,3.3537,3.43353,3.3537,3.3537,0,0
AST_PE,D,20161107,000000,3.3537,3.3537,3.3537,3.3537,0,0
AST_PE,D,20161108,000000,3.3537,3.43353,3.3537,3.43353,0,0
AST_PE,D,20161109,000000,3.3537,3.43353,3.3537,3.3537,0,0
AST_PE,D,20161110,000000,3.43353,3.51336,3.3537,3.51336,0,0
AST_PE,D,20161114,000000,3.43353,3.43353,3.43353,3.43353,0,0
AST_PE,D,20161115,000000,3.43353,3.51336,3.43353,3.43353,0,0
AST_PE,D,20161116,000000,3.43353,3.51336,3.43353,3.51336,0,0
AST_PE,D,20161117,000000,3.51336,3.59319,3.43353,3.43353,0,0
AST_PE,D,20161118,000000,3.43353,3.51336,3.43353,3.43353,0,0
AST_PE,D,20161121,000000,3.51336,3.51336,3.43353,3.51336,0,0
AST_PE,D,20161122,000000,3.51336,3.51336,3.43353,3.51336,0,0
AST_PE,D,20161123,000000,3.43353,3.51336,3.43353,3.43353,0,0
AST_PE,D,20161124,000000,3.43353,3.43353,3.3537,3.43353,0,0
AST_PE,D,20161125,000000,3.43353,3.51336,3.3537,3.43353,0,0
AST_PE,D,20161128,000000,3.51336,3.51336,3.43353,3.51336,0,0
AST_PE,D,20161129,000000,3.51336,3.51336,3.51336,3.51336,0,0
AST_PE,D,20161130,000000,3.43353,3.51336,3.43353,3.51336,0,0
AST_PE,D,20161201,000000,3.51336,3.59319,3.51336,3.51336,0,0
AST_PE,D,20161202,000000,3.51336,3.51336,3.51336,3.51336,0,0
AST_PE,D,20161205,000000,3.51336,3.59319,3.51336,3.59319,0,0
AST_PE,D,20161206,000000,3.59319,3.59319,3.51336,3.51336,0,0
AST_PE,D,20161207,000000,3.51336,3.59319,3.43353,3.43353,0,0
AST_PE,D,20161208,000000,3.43353,3.59319,3.43353,3.59319,0,0
AST_PE,D,20161209,000000,3.59319,3.59319,3.51336,3.51336,0,0
AST_PE,D,20161212,000000,3.51336,3.59319,3.51336,3.59319,0,0
AST_PE,D,20161213,000000,3.59319,3.6731,3.51336,3.51336,0,0
AST_PE,D,20161214,000000,3.59319,3.59319,3.43353,3.51336,0,0
AST_PE,D,20161215,000000,3.59319,3.6731,3.51336,3.59319,0,0
AST_PE,D,20161216,000000,3.51336,3.59319,3.51336,3.59319,0,0
AST_PE,D,20161219,000000,3.51336,3.59319,3.51336,3.51336,0,0
AST_PE,D,20161220,000000,3.43353,3.51336,3.43353,3.51336,0,0
AST_PE,D,20161221,000000,3.51336,3.51336,3.51336,3.51336,0,0
AST_PE,D,20161222,000000,3.51336,3.51336,3.43353,3.51336,0,0
AST_PE,D,20161223,000000,3.51336,3.59319,3.51336,3.59319,0,0
AST_PE,D,20161227,000000,3.59319,3.59319,3.51336,3.51336,0,0
AST_PE,D,20161228,000000,3.59319,3.59319,3.59319,3.59319,0,0
AST_PE,D,20161229,000000,3.59319,3.59319,3.51336,3.59319,0,0
AST_PE,D,20161230,000000,3.59319,3.59319,3.59319,3.59319,0,0
AST_PE,D,20170102,000000,3.75293,3.75293,3.59319,3.6731,0,0
AST_PE,D,20170103,000000,3.6731,3.6731,3.6731,3.6731,0,0
AST_PE,D,20170104,000000,3.6731,3.6731,3.6731,3.6731,0,0
AST_PE,D,20170105,000000,3.6731,3.83276,3.6731,3.75293,0,0
AST_PE,D,20170109,000000,3.83276,3.83276,3.83276,3.83276,0,0
AST_PE,D,20170110,000000,3.83276,3.83276,3.83276,3.83276,0,0
AST_PE,D,20170111,000000,3.83276,3.91259,3.83276,3.91259,0,0
AST_PE,D,20170112,000000,3.91259,3.91259,3.91259,3.91259,0,0
AST_PE,D,20170113,000000,3.91259,4.07232,3.91259,4.07232,0,0
AST_PE,D,20170116,000000,4.07232,4.31189,4.07232,4.15215,0,0
AST_PE,D,20170117,000000,4.15215,4.39172,4.15215,4.31189,0,0
AST_PE,D,20170118,000000,4.31189,4.47155,4.31189,4.39172,0,0
AST_PE,D,20170119,000000,4.39172,4.39172,4.31189,4.31189,0,0
AST_PE,D,20170120,000000,4.31189,4.31189,4.23198,4.31189,0,0
AST_PE,D,20170123,000000,4.23198,4.31189,4.23198,4.23198,0,0
AST_PE,D,20170124,000000,4.31189,4.31189,4.23198,4.31189,0,0
AST_PE,D,20170125,000000,4.31189,4.31189,4.15215,4.23198,0,0
AST_PE,D,20170126,000000,4.23198,4.31189,4.23198,4.23198,0,0
AST_PE,D,20170127,000000,4.31189,4.31189,4.23198,4.31189,0,0
AST_PE,D,20170130,000000,4.39172,4.39172,4.31189,4.31189,0,0
AST_PE,D,20170131,000000,4.31189,4.31189,4.23198,4.23198,0,0
AST_PE,D,20170201,000000,4.23198,4.31189,4.15215,4.15215,0,0
AST_PE,D,20170202,000000,4.15215,4.23198,4.15215,4.23198,0,0
AST_PE,D,20170203,000000,4.23198,4.23198,4.15215,4.23198,0,0
AST_PE,D,20170206,000000,4.23198,4.23198,4.15215,4.23198,0,0
AST_PE,D,20170207,000000,4.15215,4.23198,4.15215,4.23198,0,0
AST_PE,D,20170208,000000,4.31189,4.31189,4.23198,4.23198,0,0
AST_PE,D,20170209,000000,4.31189,4.31189,4.15215,4.23198,0,0
AST_PE,D,20170210,000000,4.23198,4.31189,4.23198,4.23198,0,0
AST_PE,D,20170213,000000,4.23198,4.31189,4.23198,4.23198,0,0
AST_PE,D,20170214,000000,4.23198,4.23198,4.23198,4.23198,0,0
AST_PE,D,20170215,000000,4.23198,4.23198,4.23198,4.23198,0,0
AST_PE,D,20170216,000000,4.23198,4.23198,4.15215,4.15215,0,0
AST_PE,D,20170217,000000,4.15215,4.15215,4.15215,4.15215,0,0
AST_PE,D,20170220,000000,4.23198,4.31189,4.23198,4.23198,0,0
AST_PE,D,20170221,000000,4.23198,4.23198,4.15215,4.15215,0,0
AST_PE,D,20170222,000000,4.15215,4.23198,4.15215,4.23198,0,0
AST_PE,D,20170223,000000,4.23198,4.23198,4.23198,4.23198,0,0
AST_PE,D,20170224,000000,4.23198,4.23198,4.23198,4.23198,0,0
AST_PE,D,20170227,000000,4.23198,4.63129,4.23198,4.47155,0,0
AST_PE,D,20170228,000000,4.55138,4.55138,4.39172,4.47155,0,0
AST_PE,D,20170301,000000,4.47155,4.47155,4.39172,4.47155,0,0
AST_PE,D,20170302,000000,4.47155,4.71111,4.47155,4.71111,0,0
AST_PE,D,20170303,000000,4.71111,4.79094,4.71111,4.71111,0,0
AST_PE,D,20170306,000000,4.71111,4.71111,4.63129,4.63129,0,0
AST_PE,D,20170307,000000,4.63129,4.79094,4.63129,4.79094,0,0
AST_PE,D,20170308,000000,4.79094,4.79094,4.55138,4.63129,0,0
AST_PE,D,20170309,000000,4.55138,4.63129,4.55138,4.63129,0,0
AST_PE,D,20170310,000000,4.63129,4.71111,4.55138,4.55138,0,0
AST_PE,D,20170313,000000,4.63129,4.63129,4.63129,4.63129,0,0
AST_PE,D,20170314,000000,4.63129,4.63129,4.47155,4.55138,0,0
AST_PE,D,20170315,000000,4.55138,4.55138,4.39172,4.47155,0,0
AST_PE,D,20170316,000000,4.47155,4.63129,4.47155,4.63129,0,0
AST_PE,D,20170317,000000,4.71111,4.71111,4.55138,4.71111,0,0
AST_PE,D,20170320,000000,4.71111,4.71111,4.55138,4.71111,0,0
AST_PE,D,20170321,000000,4.71111,4.71111,4.63129,4.71111,0,0
AST_PE,D,20170322,000000,4.71111,4.71111,4.63129,4.71111,0,0
AST_PE,D,20170323,000000,4.71111,4.71111,4.63129,4.63129,0,0
AST_PE,D,20170324,000000,4.71111,4.71111,4.63129,4.63129,0,0
AST_PE,D,20170327,000000,4.71111,4.71111,4.55138,4.71111,0,0
AST_PE,D,20170328,000000,4.71111,4.71111,4.55138,4.63129,0,0
AST_PE,D,20170329,000000,4.63129,4.71111,4.63129,4.71111,0,0
AST_PE,D,20170330,000000,4.63129,4.71111,4.55138,4.63129,0,0
AST_PE,D,20170331,000000,4.71111,4.71111,4.63129,4.71111,0,0
AST_PE,D,20170403,000000,4.71111,4.79094,4.71111,4.79094,0,0
AST_PE,D,20170404,000000,4.79094,4.79094,4.71111,4.71111,0,0
AST_PE,D,20170405,000000,4.71111,4.71111,4.71111,4.71111,0,0
AST_PE,D,20170406,000000,4.71111,4.71111,4.71111,4.71111,0,0
AST_PE,D,20170407,000000,4.71111,4.71111,4.71111,4.71111,0,0
AST_PE,D,20170410,000000,4.79094,4.87085,3.99249,3.99249,0,0
AST_PE,D,20170411,000000,3.91259,3.91259,3.91259,3.91259,0,0
AST_PE,D,20170412,000000,3.91259,3.91259,3.83276,3.83276,0,0
AST_PE,D,20170413,000000,3.83276,3.83276,3.83276,3.83276,0,0
AST_PE,D,20170418,000000,3.83276,3.91259,3.83276,3.91259,0,0
AST_PE,D,20170419,000000,3.91259,3.91259,3.83276,3.83276,0,0
AST_PE,D,20170420,000000,3.83276,3.83276,3.83276,3.83276,0,0
AST_PE,D,20170421,000000,3.83276,3.83276,3.83276,3.83276,0,0
AST_PE,D,20170424,000000,3.83276,3.83276,3.83276,3.83276,0,0
AST_PE,D,20170425,000000,3.83276,3.83276,3.83276,3.83276,0,0
AST_PE,D,20170426,000000,3.99249,4.15215,3.99249,3.99249,0,0
AST_PE,D,20170427,000000,3.99249,4.07232,3.99249,4.07232,0,0
AST_PE,D,20170428,000000,4.07232,4.15215,4.07232,4.07232,0,0
AST_PE,D,20170502,000000,3.99249,3.99249,3.99249,3.99249,0,0
AST_PE,D,20170504,000000,3.99249,4.15215,3.99249,4.15215,0,0
AST_PE,D,20170505,000000,4.15215,4.15215,4.15215,4.15215,0,0
AST_PE,D,20170508,000000,4.15215,4.15215,4.07232,4.07232,0,0
AST_PE,D,20170509,000000,4.07232,4.07232,4.07232,4.07232,0,0
AST_PE,D,20170510,000000,4.07232,4.07232,4.07232,4.07232,0,0
AST_PE,D,20170511,000000,4.15215,4.15215,3.51336,3.51336,0,0
AST_PE,D,20170512,000000,3.51336,3.51336,3.43353,3.43353,0,0
AST_PE,D,20170515,000000,3.43353,3.51336,3.43353,3.51336,0,0
AST_PE,D,20170516,000000,3.51336,3.59319,3.51336,3.59319,0,0
AST_PE,D,20170517,000000,3.59319,3.59319,3.51336,3.51336,0,0
AST_PE,D,20170518,000000,3.51336,3.51336,3.43353,3.51336,0,0
AST_PE,D,20170519,000000,3.51336,3.59319,3.51336,3.51336,0,0
AST_PE,D,20170522,000000,3.51336,3.51336,3.43353,3.51336,0,0
AST_PE,D,20170523,000000,3.51336,3.59319,3.51336,3.59319,0,0
AST_PE,D,20170524,000000,3.59319,3.59319,3.51336,3.51336,0,0
AST_PE,D,20170525,000000,3.51336,3.51336,3.43353,3.43353,0,0
AST_PE,D,20170526,000000,3.43353,3.43353,3.19397,3.43353,0,0
AST_PE,D,20170529,000000,3.3537,3.43353,3.3537,3.3537,0,0
AST_PE,D,20170530,000000,3.3537,3.43353,3.3537,3.3537,0,0
AST_PE,D,20170531,000000,3.43353,3.43353,3.3537,3.3537,0,0
AST_PE,D,20170601,000000,3.3537,3.3537,3.3537,3.3537,0,0
AST_PE,D,20170602,000000,3.3537,3.3537,3.2738,3.2738,0,0
AST_PE,D,20170605,000000,3.2738,3.2738,3.2738,3.2738,0,0
AST_PE,D,20170606,000000,3.19397,3.2738,3.19397,3.2738,0,0
AST_PE,D,20170607,000000,3.2738,3.2738,3.2738,3.2738,0,0
AST_PE,D,20170608,000000,3.3537,3.3537,3.2738,3.2738,0,0
AST_PE,D,20170609,000000,3.2738,3.3537,3.2738,3.3537,0,0
AST_PE,D,20170612,000000,3.3537,3.3537,3.3537,3.3537,0,0
AST_PE,D,20170613,000000,3.43353,3.43353,3.3537,3.3537,0,0
AST_PE,D,20170614,000000,3.3537,3.3537,3.3537,3.3537,0,0
AST_PE,D,20170616,000000,3.3537,3.3537,3.3537,3.3537,0,0
AST_PE,D,20170619,000000,3.3537,3.3537,3.3537,3.3537,0,0
AST_PE,D,20170620,000000,3.3537,3.3537,3.3537,3.3537,0,0
AST_PE,D,20170621,000000,3.3537,3.3537,3.2738,3.2738,0,0
AST_PE,D,20170622,000000,3.2738,3.2738,3.2738,3.2738,0,0
AST_PE,D,20170623,000000,3.3537,3.3537,3.2738,3.2738,0,0
AST_PE,D,20170626,000000,3.2738,3.3537,3.2738,3.2738,0,0
AST_PE,D,20170627,000000,3.2738,3.2738,3.19397,3.2738,0,0
AST_PE,D,20170628,000000,3.2738,3.2738,3.2738,3.2738,0,0
AST_PE,D,20170629,000000,3.2738,3.3537,3.19397,3.2738,0,0
AST_PE,D,20170630,000000,3.2738,3.3537,3.2738,3.3537,0,0
AST_PE,D,20170703,000000,3.3537,3.3537,3.2738,3.2738,0,0
AST_PE,D,20170704,000000,3.2738,3.2738,3.2738,3.2738,0,0
AST_PE,D,20170705,000000,3.3537,3.3537,3.2738,3.2738,0,0
AST_PE,D,20170706,000000,3.3537,3.3537,3.2738,3.2738,0,0
AST_PE,D,20170707,000000,3.2738,3.2738,3.2738,3.2738,0,0
AST_PE,D,20170710,000000,3.19397,3.2738,3.19397,3.2738,0,0
AST_PE,D,20170711,000000,3.19397,3.2738,3.19397,3.19397,0,0
AST_PE,D,20170712,000000,3.19397,3.19397,3.19397,3.19397,0,0
AST_PE,D,20170713,000000,3.19397,3.19397,3.19397,3.19397,0,0
AST_PE,D,20170714,000000,3.19397,3.19397,3.11414,3.19397,0,0
AST_PE,D,20170717,000000,3.19397,3.19397,3.11414,3.11414,0,0
AST_PE,D,20170718,000000,3.11414,3.11414,3.03431,3.03431,0,0
AST_PE,D,20170719,000000,3.03431,3.11414,3.03431,3.11414,0,0
AST_PE,D,20170720,000000,3.03431,3.19397,3.03431,3.19397,0,0
AST_PE,D,20170721,000000,3.19397,3.43353,3.19397,3.2738,0,0
AST_PE,D,20170724,000000,3.2738,3.43353,3.2738,3.3537,0,0
AST_PE,D,20170725,000000,3.3537,3.43353,3.3537,3.43353,0,0
AST_PE,D,20170726,000000,3.43353,3.43353,3.3537,3.3537,0,0
AST_PE,D,20170727,000000,3.3537,3.43353,3.3537,3.43353,0,0
AST_PE,D,20170728,000000,3.43353,3.43353,3.43353,3.43353,0,0
AST_PE,D,20170731,000000,3.43353,3.43353,3.3537,3.43353,0,0
AST_PE,D,20170801,000000,3.43353,3.43353,3.3537,3.3537,0,0
AST_PE,D,20170802,000000,3.3537,3.43353,3.2738,3.2738,0,0
AST_PE,D,20170803,000000,3.2738,3.2738,3.19397,3.2738,0,0
AST_PE,D,20170804,000000,3.3537,3.3537,3.19397,3.19397,0,0
AST_PE,D,20170807,000000,3.2738,3.2738,3.19397,3.2738,0,0
AST_PE,D,20170808,000000,3.2738,3.2738,3.19397,3.19397,0,0
AST_PE,D,20170809,000000,3.2738,3.2738,3.19397,3.19397,0,0
AST_PE,D,20170810,000000,3.19397,3.19397,3.19397,3.19397,0,0
AST_PE,D,20170811,000000,3.19397,3.2738,3.19397,3.2738,0,0
AST_PE,D,20170814,000000,3.2738,3.2738,3.19397,3.19397,0,0
AST_PE,D,20170816,000000,3.19397,3.2738,3.19397,3.19397,0,0
AST_PE,D,20170817,000000,3.19397,3.19397,3.19397,3.19397,0,0
AST_PE,D,20170818,000000,3.19397,3.19397,3.11414,3.19397,0,0
AST_PE,D,20170821,000000,3.19397,3.19397,3.19397,3.19397,0,0
AST_PE,D,20170822,000000,3.11414,3.75293,3.11414,3.75293,0,0
AST_PE,D,20170823,000000,3.6731,3.6731,3.6731,3.6731,0,0
AST_PE,D,20170824,000000,3.6731,3.6731,3.59319,3.59319,0,0
AST_PE,D,20170825,000000,3.59319,3.59319,3.43353,3.51336,0,0
AST_PE,D,20170828,000000,3.51336,3.51336,3.43353,3.43353,0,0
AST_PE,D,20170829,000000,3.43353,3.43353,3.19397,3.19397,0,0
AST_PE,D,20170830,000000,3.19397,3.2738,3.11414,3.19397,0,0
AST_PE,D,20170831,000000,3.19397,3.3537,3.19397,3.3537,0,0
AST_PE,D,20170901,000000,3.51336,3.51336,3.43353,3.43353,0,0
AST_PE,D,20170904,000000,3.43353,3.6731,3.43353,3.6731,0,0
AST_PE,D,20170905,000000,3.6731,3.75293,3.6731,3.6731,0,0
AST_PE,D,20170906,000000,3.6731,3.75293,3.59319,3.6731,0,0
AST_PE,D,20170907,000000,3.59319,3.59319,3.51336,3.51336,0,0
AST_PE,D,20170908,000000,3.51336,3.51336,3.51336,3.51336,0,0
AST_PE,D,20170911,000000,3.59319,3.59319,3.43353,3.43353,0,0
AST_PE,D,20170912,000000,3.43353,3.51336,3.43353,3.51336,0,0
AST_PE,D,20170913,000000,3.51336,3.51336,3.43353,3.43353,0,0
AST_PE,D,20170914,000000,3.3537,3.43353,3.3537,3.43353,0,0
AST_PE,D,20170915,000000,3.43353,3.43353,3.3537,3.3537,0,0
AST_PE,D,20170918,000000,3.43353,3.43353,3.2738,3.2738,0,0
AST_PE,D,20170919,000000,3.2738,3.2738,3.19397,3.19397,0,0
AST_PE,D,20170920,000000,3.19397,3.19397,3.03431,3.19397,0,0
AST_PE,D,20170921,000000,3.19397,3.19397,3.03431,3.11414,0,0
AST_PE,D,20170922,000000,3.11414,3.11414,2.87457,2.95439,0,0
AST_PE,D,20170925,000000,3.03431,3.03431,2.95439,2.95439,0,0
AST_PE,D,20170926,000000,3.03431,3.11414,2.95439,3.03431,0,0
AST_PE,D,20170927,000000,3.03431,3.03431,3.03431,3.03431,0,0
AST_PE,D,20170928,000000,3.03431,3.03431,3.03431,3.03431,0,0
AST_PE,D,20170929,000000,3.03431,3.03431,3.03431,3.03431,0,0
AST_PE,D,20171002,000000,3.03431,3.03431,3.03431,3.03431,0,0
AST_PE,D,20171003,000000,3.03431,3.03431,3.03431,3.03431,0,0
AST_PE,D,20171004,000000,3.03431,3.03431,2.95439,2.95439,0,0
AST_PE,D,20171005,000000,2.95439,2.95439,2.87457,2.87457,0,0
AST_PE,D,20171006,000000,2.87457,2.95439,2.87457,2.95439,0,0
AST_PE,D,20171009,000000,2.95439,2.95439,2.95439,2.95439,0,0
AST_PE,D,20171010,000000,2.95439,3.03431,2.95439,3.03431,0,0
AST_PE,D,20171011,000000,3.03431,3.03431,2.95439,3.03431,0,0
AST_PE,D,20171012,000000,3.03431,3.11414,3.03431,3.11414,0,0
AST_PE,D,20171013,000000,3.03431,3.11414,3.03431,3.11414,0,0
AST_PE,D,20171016,000000,3.11414,3.19397,3.11414,3.11414,0,0
AST_PE,D,20171017,000000,3.11414,3.19397,3.11414,3.19397,0,0
AST_PE,D,20171018,000000,3.11414,3.11414,3.11414,3.11414,0,0
AST_PE,D,20171019,000000,3.19397,3.19397,3.03431,3.03431,0,0
AST_PE,D,20171020,000000,3.03431,3.11414,3.03431,3.03431,0,0
AST_PE,D,20171023,000000,3.03431,3.03431,3.03431,3.03431,0,0
AST_PE,D,20171024,000000,3.11414,3.11414,2.87457,2.87457,0,0
AST_PE,D,20171025,000000,2.87457,2.87457,2.87457,2.87457,0,0
AST_PE,D,20171026,000000,2.87457,2.95439,2.87457,2.95439,0,0
AST_PE,D,20171027,000000,2.95439,2.95439,2.87457,2.87457,0,0
AST_PE,D,20171030,000000,2.87457,2.87457,2.87457,2.87457,0,0
AST_PE,D,20171031,000000,2.87457,2.87457,2.87457,2.87457,0,0
AST_PE,D,20171102,000000,2.87457,2.87457,2.87457,2.87457,0,0
AST_PE,D,20171103,000000,2.87457,2.95439,2.87457,2.95439,0,0
AST_PE,D,20171106,000000,2.95439,3.03431,2.95439,2.95439,0,0
AST_PE,D,20171107,000000,2.95439,2.95439,2.95439,2.95439,0,0
AST_PE,D,20171108,000000,2.95439,3.03431,2.87457,3.03431,0,0
AST_PE,D,20171109,000000,3.03431,3.03431,3.03431,3.03431,0,0
AST_PE,D,20171110,000000,3.03431,3.03431,3.03431,3.03431,0,0
AST_PE,D,20171113,000000,3.03431,3.11414,3.03431,3.11414,0,0
AST_PE,D,20171114,000000,3.11414,3.11414,3.03431,3.03431,0,0
AST_PE,D,20171115,000000,2.95439,3.03431,2.95439,3.03431,0,0
AST_PE,D,20171116,000000,3.03431,3.03431,2.95439,2.95439,0,0
AST_PE,D,20171117,000000,2.95439,3.03431,2.95439,3.03431,0,0
AST_PE,D,20171120,000000,3.03431,3.03431,2.95439,3.03431,0,0
AST_PE,D,20171121,000000,3.03431,3.03431,3.03431,3.03431,0,0
AST_PE,D,20171122,000000,3.03431,3.03431,3.03431,3.03431,0,0
AST_PE,D,20171123,000000,3.03431,3.03431,3.03431,3.03431,0,0
AST_PE,D,20171124,000000,3.03431,3.03431,3.03431,3.03431,0,0
AST_PE,D,20171127,000000,3.03431,3.03431,3.03431,3.03431,0,0
AST_PE,D,20171128,000000,3.03431,3.11414,3.03431,3.11414,0,0
AST_PE,D,20171129,000000,3.11414,3.2738,3.11414,3.19397,0,0
AST_PE,D,20171130,000000,3.19397,3.19397,3.03431,3.03431,0,0
AST_PE,D,20171201,000000,3.11414,3.11414,3.03431,3.03431,0,0
AST_PE,D,20171204,000000,3.03431,3.11414,3.03431,3.11414,0,0
AST_PE,D,20171205,000000,3.11414,3.11414,3.11414,3.11414,0,0
AST_PE,D,20171206,000000,3.11414,3.11414,2.95439,3.11414,0,0
AST_PE,D,20171207,000000,3.03431,3.11414,3.03431,3.03431,0,0
AST_PE,D,20171208,000000,2.95439,3.03431,2.95439,3.03431,0,0
AST_PE,D,20171211,000000,3.03431,3.03431,3.03431,3.03431,0,0
AST_PE,D,20171212,000000,3.03431,3.03431,3.03431,3.03431,0,0
AST_PE,D,20171213,000000,3.03431,3.11414,3.03431,3.11414,0,0
AST_PE,D,20171214,000000,3.11414,3.11414,3.11414,3.11414,0,0
AST_PE,D,20171215,000000,3.11414,3.11414,3.03431,3.11414,0,0
AST_PE,D,20171218,000000,3.11414,3.19397,3.11414,3.11414,0,0
AST_PE,D,20171219,000000,3.11414,3.19397,3.11414,3.19397,0,0
AST_PE,D,20171220,000000,3.19397,3.19397,3.19397,3.19397,0,0
AST_PE,D,20171221,000000,3.19397,3.19397,3.03431,3.19397,0,0
AST_PE,D,20171222,000000,3.19397,3.19397,3.11414,3.11414,0,0
AST_PE,D,20171227,000000,3.11414,3.11414,3.03431,3.03431,0,0
AST_PE,D,20171228,000000,3.03431,3.11414,3.03431,3.11414,0,0
AST_PE,D,20171229,000000,3.11414,3.11414,3.03431,3.11414,0,0
AST_PE,D,20180103,000000,3.11414,3.19397,3.11414,3.19397,0,0
AST_PE,D,20180104,000000,3.19397,3.2738,3.19397,3.2738,0,0
AST_PE,D,20180105,000000,3.2738,3.51336,3.2738,3.3537,0,0
AST_PE,D,20180108,000000,3.43353,3.43353,3.3537,3.3537,0,0
AST_PE,D,20180109,000000,3.3537,3.3537,3.3537,3.3537,0,0
AST_PE,D,20180110,000000,3.3537,3.3537,3.2738,3.2738,0,0
AST_PE,D,20180111,000000,3.2738,3.3537,3.19397,3.3537,0,0
AST_PE,D,20180112,000000,3.2738,3.3537,3.2738,3.3537,0,0
AST_PE,D,20180115,000000,3.3537,3.3537,3.2738,3.3537,0,0
AST_PE,D,20180116,000000,3.3537,3.43353,3.3537,3.3537,0,0
AST_PE,D,20180117,000000,3.3537,3.43353,3.3537,3.3537,0,0
AST_PE,D,20180118,000000,3.3537,3.43353,3.3537,3.3537,0,0
AST_PE,D,20180119,000000,3.3537,3.3537,3.3537,3.3537,0,0
AST_PE,D,20180122,000000,3.3537,3.3537,3.2738,3.3537,0,0
AST_PE,D,20180123,000000,3.3537,3.43353,3.3537,3.43353,0,0
AST_PE,D,20180124,000000,3.43353,3.43353,3.3537,3.3537,0,0
AST_PE,D,20180125,000000,3.3537,3.3537,3.3537,3.3537,0,0
AST_PE,D,20180126,000000,3.3537,3.43353,3.3537,3.43353,0,0
AST_PE,D,20180129,000000,3.43353,3.51336,3.43353,3.51336,0,0
AST_PE,D,20180130,000000,3.51336,3.59319,3.51336,3.51336,0,0
AST_PE,D,20180131,000000,3.51336,3.51336,3.43353,3.51336,0,0
AST_PE,D,20180201,000000,3.51336,3.51336,3.51336,3.51336,0,0
AST_PE,D,20180202,000000,3.51336,3.51336,3.43353,3.43353,0,0
AST_PE,D,20180205,000000,3.43353,3.43353,3.2738,3.3537,0,0
AST_PE,D,20180206,000000,3.19397,3.19397,3.19397,3.19397,0,0
AST_PE,D,20180207,000000,3.19397,3.2738,3.11414,3.19397,0,0
AST_PE,D,20180208,000000,3.2738,3.2738,3.19397,3.19397,0,0
AST_PE,D,20180209,000000,3.11414,3.19397,3.03431,3.19397,0,0
AST_PE,D,20180212,000000,3.19397,3.2738,3.19397,3.19397,0,0
AST_PE,D,20180213,000000,3.11414,3.2738,3.11414,3.2738,0,0
AST_PE,D,20180214,000000,3.2738,3.2738,3.2738,3.2738,0,0
AST_PE,D,20180215,000000,3.2738,3.2738,3.2738,3.2738,0,0
AST_PE,D,20180216,000000,3.2738,3.2738,3.2738,3.2738,0,0
AST_PE,D,20180219,000000,3.2738,3.2738,3.2738,3.2738,0,0
AST_PE,D,20180220,000000,3.2738,3.3537,3.2738,3.2738,0,0
AST_PE,D,20180221,000000,3.2738,3.2738,3.2738,3.2738,0,0
AST_PE,D,20180222,000000,3.2738,3.2738,3.2738,3.2738,0,0
AST_PE,D,20180223,000000,3.2738,3.2738,3.2738,3.2738,0,0
AST_PE,D,20180226,000000,3.2738,3.2738,3.2738,3.2738,0,0
AST_PE,D,20180227,000000,3.2738,3.2738,3.19397,3.19397,0,0
AST_PE,D,20180228,000000,3.19397,3.19397,3.19397,3.19397,0,0
AST_PE,D,20180301,000000,3.11414,3.19397,3.11414,3.19397,0,0
AST_PE,D,20180302,000000,3.19397,3.19397,3.19397,3.19397,0,0
AST_PE,D,20180305,000000,3.19397,3.19397,3.19397,3.19397,0,0
AST_PE,D,20180306,000000,3.19397,3.19397,3.19397,3.19397,0,0
AST_PE,D,20180307,000000,3.19397,3.19397,3.11414,3.11414,0,0
AST_PE,D,20180308,000000,3.11414,3.19397,3.11414,3.19397,0,0
AST_PE,D,20180309,000000,3.19397,3.19397,3.11414,3.11414,0,0
AST_PE,D,20180312,000000,3.03431,3.11414,3.03431,3.11414,0,0
AST_PE,D,20180313,000000,3.11414,3.11414,3.11414,3.11414,0,0
AST_PE,D,20180314,000000,3.11414,3.11414,3.11414,3.11414,0,0
AST_PE,D,20180315,000000,3.11414,3.11414,3.11414,3.11414,0,0
AST_PE,D,20180319,000000,3.11414,3.11414,3.11414,3.11414,0,0
AST_PE,D,20180320,000000,3.11414,3.11414,3.11414,3.11414,0,0
AST_PE,D,20180321,000000,3.11414,3.11414,3.11414,3.11414,0,0
AST_PE,D,20180322,000000,3.11414,3.83276,3.03431,3.83276,0,0
AST_PE,D,20180323,000000,3.83276,3.83276,3.75293,3.75293,0,0
AST_PE,D,20180326,000000,3.83276,3.83276,3.59319,3.83276,0,0
AST_PE,D,20180327,000000,3.59319,3.83276,3.59319,3.6731,0,0
AST_PE,D,20180328,000000,3.6731,3.75293,3.6731,3.75293,0,0
AST_PE,D,20180329,000000,3.75293,3.75293,3.6731,3.6731,0,0
AST_PE,D,20180403,000000,3.59319,3.6731,3.59319,3.6731,0,0
AST_PE,D,20180404,000000,3.75293,3.75293,3.6731,3.6731,0,0
AST_PE,D,20180405,000000,3.6731,3.6731,3.6731,3.6731,0,0
AST_PE,D,20180409,000000,3.51336,3.6731,3.51336,3.51336,0,0
AST_PE,D,20180410,000000,3.59319,3.59319,3.51336,3.59319,0,0
AST_PE,D,20180411,000000,3.59319,3.59319,3.59319,3.59319,0,0
AST_PE,D,20180412,000000,3.51336,3.59319,3.51336,3.51336,0,0
AST_PE,D,20180413,000000,3.59319,3.59319,3.51336,3.59319,0,0
AST_PE,D,20180416,000000,3.59319,3.59319,3.51336,3.59319,0,0
AST_PE,D,20180417,000000,3.51336,3.59319,3.51336,3.59319,0,0
AST_PE,D,20180418,000000,3.59319,3.59319,3.59319,3.59319,0,0
AST_PE,D,20180419,000000,3.59319,3.59319,3.51336,3.59319,0,0
AST_PE,D,20180420,000000,3.59319,3.59319,3.59319,3.59319,0,0
AST_PE,D,20180423,000000,3.59319,3.59319,3.59319,3.59319,0,0
AST_PE,D,20180424,000000,3.59319,3.59319,3.59319,3.59319,0,0
AST_PE,D,20180425,000000,3.59319,3.59319,3.59319,3.59319,0,0
AST_PE,D,20180426,000000,3.59319,3.59319,3.51336,3.51336,0,0
AST_PE,D,20180427,000000,3.51336,3.51336,3.51336,3.51336,0,0
AST_PE,D,20180430,000000,3.43353,3.59319,3.43353,3.51336,0,0
AST_PE,D,20180502,000000,3.51336,3.51336,3.51336,3.51336,0,0
AST_PE,D,20180504,000000,3.51336,3.51336,3.51336,3.51336,0,0
AST_PE,D,20180507,000000,3.51336,3.51336,3.51336,3.51336,0,0
AST_PE,D,20180508,000000,3.51336,3.51336,3.51336,3.51336,0,0
AST_PE,D,20180509,000000,3.51336,3.51336,3.51336,3.51336,0,0
AST_PE,D,20180510,000000,3.51336,3.59319,3.51336,3.51336,0,0
AST_PE,D,20180511,000000,3.43353,5.98871,3.2738,5.98871,0,0
AST_PE,D,20180514,000000,5.90888,5.90888,5.74913,5.82905,0,0
AST_PE,D,20180515,000000,5.74913,5.82905,5.74913,5.82905,0,0
AST_PE,D,20180516,000000,5.82905,5.90888,5.6693,5.6693,0,0
AST_PE,D,20180517,000000,5.6693,5.6693,5.6693,5.6693,0,0
AST_PE,D,20180518,000000,5.6693,5.6693,5.50965,5.58947,0,0
AST_PE,D,20180521,000000,5.6693,5.74913,5.6693,5.6693,0,0
AST_PE,D,20180522,000000,5.6693,5.6693,5.58947,5.58947,0,0
AST_PE,D,20180523,000000,5.58947,5.6693,5.58947,5.58947,0,0
AST_PE,D,20180524,000000,5.50965,5.58947,5.19026,5.42974,0,0
AST_PE,D,20180525,000000,5.34992,5.58947,5.34992,5.58947,0,0
AST_PE,D,20180528,000000,5.58947,5.58947,5.42974,5.58947,0,0
AST_PE,D,20180530,000000,5.42974,5.50965,5.42974,5.50965,0,0
AST_PE,D,20180601,000000,5.42974,5.42974,5.42974,5.42974,0,0
AST_PE,D,20180604,000000,5.42974,5.42974,5.42974,5.42974,0,0
AST_PE,D,20180605,000000,5.50965,5.50965,5.42974,5.50965,0,0
AST_PE,D,20180606,000000,5.50965,5.50965,5.42974,5.42974,0,0
AST_PE,D,20180607,000000,5.50965,5.50965,5.50965,5.50965,0,0
AST_PE,D,20180608,000000,5.34992,5.58947,5.34992,5.58947,0,0
AST_PE,D,20180611,000000,5.58947,5.58947,5.50965,5.50965,0,0
AST_PE,D,20180612,000000,5.50965,5.50965,5.42974,5.50965,0,0
AST_PE,D,20180613,000000,5.58947,5.58947,5.42974,5.58947,0,0
AST_PE,D,20180614,000000,5.58947,5.58947,5.42974,5.58947,0,0
AST_PE,D,20180615,000000,5.42974,5.50965,5.42974,5.50965,0,0
AST_PE,D,20180618,000000,5.42974,5.42974,5.42974,5.42974,0,0
AST_PE,D,20180619,000000,5.42974,5.42974,5.11034,5.11034,0,0
AST_PE,D,20180620,000000,5.11034,5.11034,4.87085,5.03051,0,0
AST_PE,D,20180621,000000,4.95068,4.95068,4.87085,4.95068,0,0
AST_PE,D,20180622,000000,4.79094,5.03051,4.79094,4.87085,0,0
AST_PE,D,20180625,000000,4.79094,4.79094,4.71111,4.79094,0,0
AST_PE,D,20180626,000000,4.63129,4.63129,4.31189,4.47155,0,0
AST_PE,D,20180627,000000,4.47155,4.55138,4.23198,4.47155,0,0
AST_PE,D,20180628,000000,4.47155,4.47155,4.39172,4.39172,0,0
AST_PE,D,20180629,000000,4.39172,4.39172,4.39172,4.39172,0,0
AST_PE,D,20180702,000000,4.39172,4.39172,4.39172,4.39172,0,0
AST_PE,D,20180703,000000,4.39172,4.47155,4.15215,4.15215,0,0
AST_PE,D,20180704,000000,4.31189,4.39172,4.31189,4.39172,0,0
AST_PE,D,20180705,000000,4.39172,4.39172,4.39172,4.39172,0,0
AST_PE,D,20180706,000000,4.39172,4.39172,4.39172,4.39172,0,0
AST_PE,D,20180709,000000,4.39172,4.39172,4.39172,4.39172,0,0
AST_PE,D,20180710,000000,4.39172,4.39172,4.31189,4.39172,0,0
AST_PE,D,20180711,000000,4.31189,4.39172,4.31189,4.39172,0,0
AST_PE,D,20180712,000000,4.39172,4.47155,4.39172,4.39172,0,0
AST_PE,D,20180713,000000,4.39172,4.39172,4.23198,4.23198,0,0
AST_PE,D,20180717,000000,4.39172,4.39172,4.15215,4.23198,0,0
AST_PE,D,20180718,000000,4.15215,4.31189,4.15215,4.31189,0,0
AST_PE,D,20180719,000000,4.39172,4.47155,4.31189,4.31189,0,0
AST_PE,D,20180720,000000,4.31189,4.39172,4.31189,4.31189,0,0
AST_PE,D,20180723,000000,4.63129,4.63129,4.31189,4.31189,0,0
AST_PE,D,20180724,000000,4.39172,4.39172,4.23198,4.23198,0,0
AST_PE,D,20180725,000000,4.23198,4.39172,4.23198,4.39172,0,0
AST_PE,D,20180726,000000,4.39172,4.39172,4.23198,4.31189,0,0
AST_PE,D,20180727,000000,4.39172,4.39172,4.31189,4.31189,0,0
AST_PE,D,20180730,000000,4.47155,4.47155,4.39172,4.39172,0,0
AST_PE,D,20180731,000000,4.39172,4.47155,4.23198,4.31189,0,0
AST_PE,D,20180801,000000,4.31189,4.31189,4.31189,4.31189,0,0
AST_PE,D,20180802,000000,4.23198,4.39172,4.23198,4.39172,0,0
AST_PE,D,20180803,000000,4.39172,4.39172,4.39172,4.39172,0,0
AST_PE,D,20180806,000000,4.39172,4.71111,4.39172,4.63129,0,0
AST_PE,D,20180807,000000,4.71111,4.71111,4.39172,4.47155,0,0
AST_PE,D,20180808,000000,4.63129,4.63129,4.47155,4.55138,0,0
AST_PE,D,20180809,000000,4.55138,4.71111,4.47155,4.47155,0,0
AST_PE,D,20180810,000000,4.47155,4.47155,4.47155,4.47155,0,0
AST_PE,D,20180813,000000,4.47155,4.47155,4.39172,4.47155,0,0
AST_PE,D,20180814,000000,4.39172,4.47155,4.39172,4.39172,0,0
AST_PE,D,20180816,000000,4.39172,5.74913,4.31189,5.74913,0,0
AST_PE,D,20180817,000000,5.74913,5.74913,5.6693,5.6693,0,0
AST_PE,D,20180820,000000,5.74913,5.74913,5.6693,5.6693,0,0
AST_PE,D,20180821,000000,5.74913,5.74913,5.6693,5.6693,0,0
AST_PE,D,20180822,000000,5.6693,5.6693,5.6693,5.6693,0,0
AST_PE,D,20180823,000000,5.6693,5.6693,5.58947,5.6693,0,0
AST_PE,D,20180824,000000,5.6693,5.6693,5.6693,5.6693,0,0
AST_PE,D,20180827,000000,5.6693,5.6693,5.6693,5.6693,0,0
AST_PE,D,20180828,000000,5.74913,5.82905,5.74913,5.82905,0,0
AST_PE,D,20180829,000000,5.82905,5.90888,5.74913,5.74913,0,0
AST_PE,D,20180831,000000,5.6693,5.74913,5.6693,5.74913,0,0
AST_PE,D,20180903,000000,5.6693,5.6693,5.6693,5.6693,0,0
AST_PE,D,20180904,000000,5.6693,5.6693,5.58947,5.58947,0,0
AST_PE,D,20180905,000000,5.58947,5.58947,5.58947,5.58947,0,0
AST_PE,D,20180906,000000,5.58947,5.58947,5.50965,5.50965,0,0
AST_PE,D,20180907,000000,5.58947,5.58947,5.34992,5.42974,0,0
AST_PE,D,20180910,000000,5.58947,5.58947,5.58947,5.58947,0,0
AST_PE,D,20180911,000000,5.50965,5.58947,5.50965,5.50965,0,0
AST_PE,D,20180912,000000,5.42974,5.58947,5.42974,5.58947,0,0
AST_PE,D,20180913,000000,5.58947,5.58947,5.42974,5.42974,0,0
AST_PE,D,20180917,000000,5.42974,5.42974,5.34992,5.34992,0,0
AST_PE,D,20180918,000000,5.34992,5.34992,5.19026,5.27009,0,0
AST_PE,D,20180919,000000,5.19026,5.27009,5.19026,5.19026,0,0
AST_PE,D,20180920,000000,5.03051,5.11034,4.87085,5.11034,0,0
AST_PE,D,20180921,000000,5.27009,5.27009,5.27009,5.27009,0,0
AST_PE,D,20180924,000000,5.27009,5.27009,5.27009,5.27009,0,0
AST_PE,D,20180925,000000,5.27009,5.27009,5.19026,5.19026,0,0
AST_PE,D,20180926,000000,5.19026,5.19026,5.19026,5.19026,0,0
AST_PE,D,20180927,000000,5.19026,5.19026,5.19026,5.19026,0,0
AST_PE,D,20180928,000000,5.11034,5.27009,5.11034,5.27009,0,0
AST_PE,D,20181001,000000,5.34992,5.34992,5.19026,5.19026,0,0
AST_PE,D,20181002,000000,5.42974,5.42974,5.19026,5.27009,0,0
AST_PE,D,20181003,000000,5.27009,5.58947,5.27009,5.27009,0,0
AST_PE,D,20181004,000000,5.34992,5.34992,5.19026,5.27009,0,0
AST_PE,D,20181005,000000,5.27009,5.27009,5.27009,5.27009,0,0
AST_PE,D,20181008,000000,5.27009,5.27009,5.27009,5.27009,0,0
AST_PE,D,20181009,000000,5.19026,5.27009,5.19026,5.19026,0,0
AST_PE,D,20181010,000000,5.19026,5.19026,5.19026,5.19026,0,0
AST_PE,D,20181011,000000,5.11034,5.19026,5.11034,5.19026,0,0
AST_PE,D,20181012,000000,5.19026,5.19026,5.19026,5.19026,0,0
AST_PE,D,20181015,000000,5.03051,5.27009,5.03051,5.27009,0,0
AST_PE,D,20181016,000000,5.34992,5.34992,5.34992,5.34992,0,0
AST_PE,D,20181017,000000,5.50965,5.50965,5.34992,5.34992,0,0
AST_PE,D,20181018,000000,5.42974,5.42974,5.27009,5.27009,0,0
AST_PE,D,20181019,000000,5.27009,5.34992,5.27009,5.34992,0,0
AST_PE,D,20181022,000000,5.34992,5.34992,5.27009,5.27009,0,0
AST_PE,D,20181023,000000,5.50965,5.50965,5.19026,5.19026,0,0
AST_PE,D,20181024,000000,5.19026,5.27009,5.19026,5.27009,0,0
AST_PE,D,20181025,000000,5.27009,5.34992,5.27009,5.27009,0,0
AST_PE,D,20181026,000000,5.27009,5.27009,5.27009,5.27009,0,0
AST_PE,D,20181030,000000,5.19026,5.19026,5.19026,5.19026,0,0
AST_PE,D,20181031,000000,5.19026,5.27009,5.19026,5.19026,0,0
AST_PE,D,20181102,000000,5.19026,5.19026,5.19026,5.19026,0,0
AST_PE,D,20181105,000000,5.34992,5.34992,5.11034,5.27009,0,0
AST_PE,D,20181106,000000,5.27009,5.27009,5.19026,5.27009,0,0
AST_PE,D,20181107,000000,5.27009,5.27009,5.27009,5.27009,0,0
AST_PE,D,20181108,000000,5.34992,5.34992,5.27009,5.27009,0,0
AST_PE,D,20181109,000000,5.27009,61.5636,5.19026,61.5636,0,0
AST_PE,D,20181113,000000,61.5636,61.5636,60.1271,60.1271,0,0
AST_PE,D,20181115,000000,60.2862,60.2862,59.2479,59.328,0,0
AST_PE,D,20181116,000000,59.0888,59.0888,59.0888,59.0888,0,0
AST_PE,D,20181119,000000,60.2862,60.2862,59.0888,60.1271,0,0
AST_PE,D,20181120,000000,60.2862,60.2862,59.9671,59.9671,0,0
AST_PE,D,20181121,000000,59.9671,59.9671,58.8488,58.8488,0,0
AST_PE,D,20181122,000000,59.8871,60.2062,59.6479,60.2062,0,0
AST_PE,D,20181126,000000,58.3696,58.4496,58.3696,58.4496,0,0
AST_PE,D,20181127,000000,58.2105,59.0088,58.2105,59.0088,0,0
AST_PE,D,20181128,000000,58.6097,58.6097,53.6591,55.4956,0,0
AST_PE,D,20181129,000000,56.693,56.933,56.693,56.853,0,0
AST_PE,D,20181130,000000,57.2522,57.2522,55.8147,55.8947,0,0
AST_PE,D,20181203,000000,55.8947,56.2939,55.8947,55.8947,0,0
AST_PE,D,20181204,000000,55.6548,55.8147,54.2974,55.8147,0,0
AST_PE,D,20181205,000000,58.2905,58.2905,55.1756,55.2556,0,0
AST_PE,D,20181206,000000,57.0922,57.0922,53.8983,53.8983,0,0
AST_PE,D,20181207,000000,54.2974,55.4956,54.0582,54.0582,0,0
AST_PE,D,20181210,000000,55.0965,55.0965,54.4573,54.5373,0,0
AST_PE,D,20181211,000000,55.1756,55.3356,54.6966,54.6966,0,0
AST_PE,D,20181212,000000,54.9365,54.9365,54.3774,54.3774,0,0
AST_PE,D,20181213,000000,54.3774,55.0165,54.1382,54.6173,0,0
AST_PE,D,20181214,000000,55.2556,55.2556,54.6173,54.6173,0,0
AST_PE,D,20181217,000000,53.8183,53.8183,53.1,53.1,0,0
AST_PE,D,20181218,000000,53.3392,53.3392,47.9894,49.826,0,0
AST_PE,D,20181219,000000,47.3504,50.6242,46.9513,50.066,0,0
AST_PE,D,20181220,000000,50.7042,50.7042,47.0312,47.9894,0,0
AST_PE,D,20181221,000000,47.5903,47.9894,46.9513,47.9894,0,0
AST_PE,D,20181227,000000,48.2294,50.4651,46.9513,50.4651,0,0
AST_PE,D,20181228,000000,50.7042,50.7042,46.9513,46.9513,0,0
AST_PE,D,20190102,000000,48.7877,48.7877,47.1111,47.8295,0,0
AST_PE,D,20190103,000000,48.4686,48.4686,47.0312,47.5903,0,0
AST_PE,D,20190104,000000,47.5903,47.5903,47.1911,47.5903,0,0
AST_PE,D,20190107,000000,47.5903,48.6285,47.5903,47.8295,0,0
AST_PE,D,20190108,000000,47.8295,48.6285,47.8295,48.0694,0,0
AST_PE,D,20190109,000000,48.7085,48.7085,47.8295,47.8295,0,0
AST_PE,D,20190110,000000,48.6285,48.7085,48.6285,48.7085,0,0
AST_PE,D,20190111,000000,48.7085,50.3051,48.7085,49.1868,0,0
AST_PE,D,20190114,000000,50.2251,50.2251,49.5868,49.906,0,0
AST_PE,D,20190115,000000,49.906,49.906,48.4686,48.5485,0,0
AST_PE,D,20190116,000000,49.986,49.986,49.746,49.746,0,0
AST_PE,D,20190117,000000,48.9477,49.746,48.9477,49.5868,0,0
AST_PE,D,20190118,000000,49.826,51.0234,49.826,50.8643,0,0
AST_PE,D,20190121,000000,50.8643,51.1034,50.2251,50.3051,0,0
AST_PE,D,20190122,000000,50.9443,51.0234,50.7042,51.0234,0,0
AST_PE,D,20190123,000000,50.3851,51.0234,48.9477,49.0277,0,0
AST_PE,D,20190124,000000,49.0277,49.826,49.0277,49.826,0,0
AST_PE,D,20190125,000000,49.5868,49.826,49.5868,49.746,0,0
AST_PE,D,20190128,000000,49.1077,49.1077,49.1077,49.1077,0,0
AST_PE,D,20190129,000000,49.1077,49.5868,49.1077,49.5868,0,0
AST_PE,D,20190130,000000,49.5868,49.5868,49.5068,49.5068,0,0
AST_PE,D,20190131,000000,49.5068,49.5068,48.3086,49.5068,0,0
AST_PE,D,20190201,000000,49.5068,49.746,49.5068,49.746,0,0
AST_PE,D,20190204,000000,49.5868,49.5868,48.9477,49.1868,0,0
AST_PE,D,20190205,000000,49.986,49.986,48.9477,49.5068,0,0
AST_PE,D,20190206,000000,49.5068,50.1451,49.5068,49.826,0,0
AST_PE,D,20190207,000000,49.826,50.8643,49.1868,49.986,0,0
AST_PE,D,20190208,000000,50.7842,50.7842,49.3468,49.4268,0,0
AST_PE,D,20190211,000000,49.826,49.826,49.0277,49.826,0,0
AST_PE,D,20190212,000000,49.826,49.826,49.1077,49.1077,0,0
AST_PE,D,20190213,000000,48.8677,49.746,48.7085,49.1868,0,0
AST_PE,D,20190214,000000,49.4268,49.4268,48.5485,49.1077,0,0
AST_PE,D,20190215,000000,48.4686,49.1077,48.4686,49.0277,0,0
AST_PE,D,20190218,000000,49.0277,51.4235,49.0277,49.5868,0,0
AST_PE,D,20190219,000000,50.3851,50.6242,49.5868,50.5443,0,0
AST_PE,D,20190220,000000,50.5443,55.5748,50.5443,54.6173,0,0
AST_PE,D,20190221,000000,56.2139,56.4539,54.2974,54.2974,0,0
AST_PE,D,20190222,000000,53.4992,54.5373,52.86,54.5373,0,0
AST_PE,D,20190225,000000,54.9365,55.5748,54.5373,55.4956,0,0
AST_PE,D,20190226,000000,57.4913,59.328,55.6548,58.5297,0,0
AST_PE,D,20190227,000000,58.5297,59.7271,57.3322,59.1688,0,0
AST_PE,D,20190228,000000,58.7697,59.5679,58.7697,59.5679,0,0
AST_PE,D,20190301,000000,60.6054,68.9098,60.4462,66.195,0,0
AST_PE,D,20190304,000000,66.435,66.8341,63.8001,64.4384,0,0
AST_PE,D,20190305,000000,64.4384,67.3133,64.0392,66.8341,0,0
AST_PE,D,20190306,000000,66.8341,68.8306,66.195,66.7541,0,0
AST_PE,D,20190307,000000,66.5942,66.5942,63.8792,65.1576,0,0
AST_PE,D,20190308,000000,65.5567,67.1533,64.3584,66.355,0,0
AST_PE,D,20190311,000000,66.355,66.355,63.4801,64.2784,0,0
AST_PE,D,20190312,000000,65.0776,65.4767,63.6401,63.9592,0,0
AST_PE,D,20190313,000000,63.9592,63.9592,61.7235,62.3627,0,0
AST_PE,D,20190314,000000,62.3627,62.3627,61.0845,61.0845,0,0
AST_PE,D,20190315,000000,60.6854,61.4844,60.6854,61.4844,0,0
AST_PE,D,20190318,000000,61.4844,64.7575,61.4844,64.6784,0,0
AST_PE,D,20190319,000000,63.4801,64.2784,62.2027,62.2827,0,0
AST_PE,D,20190320,000000,63.0809,63.0809,61.4844,62.2027,0,0
AST_PE,D,20190321,000000,62.2027,62.2027,61.1645,61.2445,0,0
AST_PE,D,20190322,000000,61.2445,61.2445,58.2105,58.2105,0,0
AST_PE,D,20190325,000000,57.4113,58.4496,56.613,58.3696,0,0
AST_PE,D,20190326,000000,58.3696,59.0088,57.7314,58.8488,0,0
AST_PE,D,20190327,000000,59.4879,59.4879,55.0165,58.0504,0,0
AST_PE,D,20190328,000000,57.0122,57.0122,54.1382,54.1382,0,0
AST_PE,D,20190329,000000,53.9783,56.773,51.2635,55.4156,0,0
AST_PE,D,20190401,000000,55.0165,57.6513,55.0165,56.613,0,0
AST_PE,D,20190402,000000,57.6513,58.2105,56.613,56.773,0,0
AST_PE,D,20190403,000000,56.773,57.5713,55.1756,56.3739,0,0
AST_PE,D,20190404,000000,55.5748,55.5748,53.4992,54.2175,0,0
AST_PE,D,20190405,000000,54.6173,54.6173,51.7426,53.4192,0,0
AST_PE,D,20190408,000000,53.6591,53.6591,51.9817,52.86,0,0
AST_PE,D,20190409,000000,51.6626,51.6626,46.3129,46.9513,0,0
AST_PE,D,20200415,000000,33.7762,33.7762,33.7762,33.7762,0,0
AST_PE,D,20200416,000000,32.9779,33.377,30.9013,33.377,0,0
AST_PE,D,20200417,000000,33.617,34.6544,33.617,34.3353,0,0
AST_PE,D,20200420,000000,34.7344,36.411,34.7344,35.5327,0,0
AST_PE,D,20200421,000000,35.9319,35.9319,32.0996,33.457,0,0
AST_PE,D,20200422,000000,33.297,34.0161,32.6587,32.8979,0,0
AST_PE,D,20200423,000000,33.2171,33.2171,31.5406,32.2589,0,0
AST_PE,D,20200424,000000,32.2589,32.6587,32.0996,32.2589,0,0
AST_PE,D,20200427,000000,32.818,33.537,32.818,32.818,0,0
AST_PE,D,20200428,000000,33.377,33.537,32.818,33.2171,0,0
AST_PE,D,20200429,000000,33.377,34.5744,32.6587,34.3353,0,0
AST_PE,D,20200430,000000,35.6927,35.6927,34.0161,35.4527,0,0
AST_PE,D,20200504,000000,35.2136,35.2136,34.0953,34.1753,0,0
AST_PE,D,20200505,000000,34.3353,34.3353,33.617,34.0161,0,0
AST_PE,D,20200506,000000,34.4153,34.4153,33.457,33.457,0,0
AST_PE,D,20200507,000000,34.1753,34.1753,32.0996,32.4987,0,0
AST_PE,D,20200508,000000,32.4987,32.4987,32.0996,32.4987,0,0
AST_PE,D,20200511,000000,32.6587,33.7762,32.3389,33.2171,0,0
AST_PE,D,20200512,000000,33.2171,36.0119,33.2171,35.4527,0,0
AST_PE,D,20200513,000000,35.4527,38.4876,35.2136,37.0501,0,0
AST_PE,D,20200514,000000,37.2893,40.4833,37.0501,37.9285,0,0
AST_PE,D,20200515,000000,38.6476,39.765,37.9285,38.5676,0,0
AST_PE,D,20200518,000000,38.4076,39.9249,38.0085,39.8449,0,0
AST_PE,D,20200519,000000,40.2441,43.438,39.6851,43.438,0,0
AST_PE,D,20200520,000000,43.1989,47.5903,43.1989,47.4304,0,0
AST_PE,D,20200521,000000,47.5903,47.5903,42.8789,43.2781,0,0
AST_PE,D,20200522,000000,44.2363,44.2363,41.3623,43.438,0,0
AST_PE,D,20210414,000000,18.8446,18.8446,18.8446,18.8446,0,0
AST_PE,D,20210415,000000,18.5247,19.0838,18.5247,18.7646,0,0
AST_PE,D,20210416,000000,19.1638,19.4038,18.8446,19.3238,0,0
AST_PE,D,20210419,000000,19.4038,19.4038,17.0882,17.3273,0,0
AST_PE,D,20210420,000000,17.4073,18.1256,17.3273,17.8065,0,0
AST_PE,D,20210421,000000,17.8065,17.9663,17.4873,17.5672,0,0
AST_PE,D,20210422,000000,17.5672,19.5629,17.4073,18.9246,0,0
AST_PE,D,20210423,000000,19.2438,19.4829,18.8446,19.4038,0,0
AST_PE,D,20210426,000000,19.6429,20.8403,19.6429,20.6812,0,0
AST_PE,D,20210427,000000,20.9203,21.7194,20.7612,21.5594,0,0
AST_PE,D,20210428,000000,21.7986,22.1186,21.3195,22.0386,0,0
AST_PE,D,20210429,000000,22.0386,22.2777,21.3195,22.2777,0,0
AST_PE,D,20210430,000000,22.0386,22.2777,21.3995,22.2777,0,0
AST_PE,D,20210504,000000,22.2777,22.9169,22.0386,22.4377,0,0
AST_PE,D,20210505,000000,22.4377,23.236,22.4377,22.8369,0,0
AST_PE,D,20210506,000000,22.9969,23.0769,22.1186,22.1186,0,0
AST_PE,D,20210507,000000,22.4377,22.6769,22.1977,22.6769,0,0
AST_PE,D,20210510,000000,23.156,23.8752,23.156,23.396,0,0
AST_PE,D,20210511,000000,23.316,23.396,22.0386,22.7569,0,0
AST_PE,D,20210512,000000,22.8369,23.156,22.5977,22.6769,0,0
AST_PE,D,20210513,000000,22.9169,22.9169,22.1977,22.1977,0,0
AST_PE,D,20210514,000000,22.1977,22.5977,22.0386,22.4377,0,0
AST_PE,D,20210517,000000,22.2777,23.316,22.2777,22.5977,0,0
AST_PE,D,20210518,000000,22.9169,23.156,22.5177,23.156,0,0
AST_PE,D,20210519,000000,22.8369,23.7151,22.8369,23.156,0,0
AST_PE,D,20210520,000000,21.7986,22.7569,7.50586,7.50586,0,0
AST_PE,D,20210521,000000,7.66552,7.66552,7.34612,7.50586,0,0
AST_PE,D,20210524,000000,7.42603,7.50586,7.18646,7.18646,0,0
AST_PE,D,20210525,000000,7.18646,7.34612,7.10663,7.34612,0,0
AST_PE,D,20210526,000000,7.34612,7.42603,7.26629,7.26629,0,0
AST_PE,D,20210527,000000,7.18646,7.26629,7.18646,7.18646,0,0
AST_PE,D,20210528,000000,7.26629,7.58569,7.18646,7.58569,0,0
AST_PE,D,20210531,000000,7.58569,7.82525,7.58569,7.74542,0,0
AST_PE,D,20210601,000000,7.74542,7.82525,7.50586,7.58569,0,0
AST_PE,D,20210602,000000,7.58569,7.66552,7.58569,7.66552,0,0
AST_PE,D,20210604,000000,8.22448,9.82195,8.06449,9.18271,0,0
AST_PE,D,20210607,000000,9.83275,9.9994,9.16607,9.16607,0,0
AST_PE,D,20210608,000000,9.16607,9.16607,8.83277,8.83277,0,0
AST_PE,D,20210609,000000,8.83277,9.4994,8.83277,9.24938,0,0
AST_PE,D,20210610,000000,9.24938,9.33278,9.08275,9.08275,0,0
AST_PE,D,20210611,000000,9.16607,9.41609,9.16607,9.41609,0,0
AST_PE,D,20210614,000000,9.33278,10.166,9.33278,9.74938,0,0
AST_PE,D,20210615,000000,9.83275,9.83275,9.41609,9.41609,0,0
AST_PE,D,20210616,000000,9.66601,9.66601,9.4994,9.4994,0,0
AST_PE,D,20210617,000000,9.58271,9.58271,9.24938,9.24938,0,0
AST_PE,D,20210618,000000,9.24938,9.66601,9.24938,9.33278,0,0
AST_PE,D,20210621,000000,9.33278,9.33278,9.08275,9.24938,0,0
AST_PE,D,20210622,000000,9.24938,9.4994,9.16607,9.4994,0,0
AST_PE,D,20210623,000000,9.4994,9.4994,9.33278,9.4994,0,0
AST_PE,D,20210624,000000,9.33278,9.4994,9.24938,9.33278,0,0
AST_PE,D,20210625,000000,9.41609,9.41609,9.16607,9.41609,0,0
AST_PE,D,20210628,000000,9.41609,9.41609,9.24938,9.33278,0,0
AST_PE,D,20210629,000000,9.24938,9.33278,9.08275,9.24938,0,0
AST_PE,D,20210630,000000,9.24938,9.24938,8.9161,8.9161,0,0
AST_PE,D,20210701,000000,8.9161,9.16607,8.9161,9.16607,0,0
AST_PE,D,20210702,000000,9.16607,9.16607,8.99945,9.16607,0,0
AST_PE,D,20210705,000000,9.16607,9.16607,8.99945,9.08275,0,0
AST_PE,D,20210706,000000,9.16607,9.24938,8.9161,8.9161,0,0
AST_PE,D,20210707,000000,8.9161,9.08275,8.74944,8.74944,0,0
AST_PE,D,20210708,000000,8.83277,8.83277,8.49947,8.49947,0,0
AST_PE,D,20210709,000000,8.58279,8.74944,8.49947,8.58279,0,0
AST_PE,D,20210712,000000,8.41613,8.74944,8.41613,8.66611,0,0
AST_PE,D,20210713,000000,8.58279,8.66611,8.49947,8.49947,0,0
AST_PE,D,20210714,000000,8.49947,8.58279,8.41613,8.41613,0,0
AST_PE,D,20210715,000000,8.41613,8.49947,8.24948,8.33281,0,0
AST_PE,D,20210716,000000,8.24948,8.41613,8.24948,8.24948,0,0
AST_PE,D,20210719,000000,8.24948,8.33281,7.99949,8.08282,0,0
AST_PE,D,20210720,000000,7.99949,8.41613,7.99949,7.99949,0,0
AST_PE,D,20210721,000000,8.16615,8.16615,7.91617,8.08282,0,0
AST_PE,D,20210722,000000,8.08282,8.16615,7.99949,8.08282,0,0
AST_PE,D,20210723,000000,8.08282,8.16615,7.83284,7.99949,0,0
AST_PE,D,20210726,000000,7.99949,8.16615,7.99949,8.08282,0,0
AST_PE,D,20210727,000000,8.16615,8.49947,8.08282,8.33281,0,0
AST_PE,D,20210728,000000,8.33281,8.33281,8.24948,8.33281,0,0
AST_PE,D,20210729,000000,8.24948,8.58279,8.24948,8.41613,0,0
AST_PE,D,20210730,000000,8.49947,8.49947,8.49947,8.49947,0,0
AST_PE,D,20210802,000000,8.49947,8.58279,8.49947,8.58279,0,0
AST_PE,D,20210803,000000,8.83277,8.9161,8.58279,8.58279,0,0
AST_PE,D,20210804,000000,8.74944,8.83277,8.66611,8.74944,0,0
AST_PE,D,20210805,000000,8.74944,8.74944,8.66611,8.66611,0,0
AST_PE,D,20210806,000000,8.66611,9.08275,8.66611,9.08275,0,0
AST_PE,D,20210809,000000,9.08275,9.24938,9.08275,9.16607,0,0
AST_PE,D,20210810,000000,9.24938,9.24938,8.9161,9.24938,0,0
AST_PE,D,20210811,000000,9.33278,9.33278,9.16607,9.24938,0,0
AST_PE,D,20210812,000000,10.0827,10.0827,2.74983,2.74983,0,0
AST_PE,D,20210813,000000,2.74983,2.74983,2.74983,2.74983,0,0
AST_PE,D,20210816,000000,2.74983,2.83316,2.6665,2.74983,0,0
AST_PE,D,20210817,000000,2.74983,2.91648,2.74983,2.83316,0,0
AST_PE,D,20210818,000000,2.83316,2.83316,2.74983,2.83316,0,0
AST_PE,D,20210819,000000,2.83316,2.83316,2.6665,2.6665,0,0
AST_PE,D,20210820,000000,2.6665,2.74983,2.6665,2.74983,0,0
AST_PE,D,20210823,000000,2.74983,2.83316,2.6665,2.6665,0,0
AST_PE,D,20210824,000000,2.74983,2.74983,2.6665,2.6665,0,0
AST_PE,D,20210825,000000,2.6665,2.74983,2.6665,2.74983,0,0
AST_PE,D,20210826,000000,2.74983,2.74983,2.6665,2.6665,0,0
AST_PE,D,20210827,000000,2.6665,2.6665,2.58317,2.6665,0,0
AST_PE,D,20210830,000000,2.6665,2.6665,2.58317,2.58317,0,0
AST_PE,D,20210831,000000,2.58317,2.58317,2.58317,2.58317,0,0
AST_PE,D,20210901,000000,2.58317,2.58317,2.49985,2.58317,0,0
AST_PE,D,20210902,000000,2.58317,2.58317,2.49985,2.49985,0,0
AST_PE,D,20210903,000000,2.49985,2.58317,2.49985,2.49985,0,0
AST_PE,D,20210906,000000,2.49985,2.49985,2.49985,2.49985,0,0
AST_PE,D,20210907,000000,2.49985,2.49985,2.41651,2.49985,0,0
AST_PE,D,20210908,000000,2.49985,2.49985,2.49985,2.49985,0,0
AST_PE,D,20210909,000000,2.49985,2.6665,2.49985,2.49985,0,0
AST_PE,D,20210910,000000,2.49985,2.58317,2.49985,2.49985,0,0
AST_PE,D,20210913,000000,2.49985,2.49985,2.49985,2.49985,0,0
AST_PE,D,20210914,000000,2.49985,2.58317,2.49985,2.49985,0,0
AST_PE,D,20210915,000000,2.49985,2.58317,2.49985,2.58317,0,0
AST_PE,D,20210916,000000,2.58317,2.6665,2.58317,2.58317,0,0
AST_PE,D,20210917,000000,2.58317,2.58317,2.49985,2.49985,0,0
AST_PE,D,20210920,000000,2.49985,2.49985,2.33319,2.33319,0,0
AST_PE,D,20210921,000000,2.33319,2.33319,2.24986,2.33319,0,0
AST_PE,D,20210922,000000,2.33319,2.49985,2.33319,2.41651,0,0
AST_PE,D,20210923,000000,2.41651,2.49985,2.41651,2.49985,0,0
AST_PE,D,20210924,000000,2.49985,2.49985,2.33319,2.33319,0,0
AST_PE,D,20210927,000000,2.33319,2.41651,2.33319,2.41651,0,0
AST_PE,D,20210928,000000,2.41651,2.41651,2.33319,2.33319,0,0
AST_PE,D,20210929,000000,2.33319,2.33319,2.33319,2.33319,0,0
AST_PE,D,20210930,000000,2.33319,2.41651,2.33319,2.41651,0,0
AST_PE,D,20211001,000000,2.41651,2.49985,2.41651,2.49985,0,0
AST_PE,D,20211004,000000,2.49985,2.58317,2.49985,2.58317,0,0
AST_PE,D,20211005,000000,2.58317,2.58317,2.49985,2.58317,0,0
AST_PE,D,20211006,000000,2.58317,2.58317,2.49985,2.58317,0,0
AST_PE,D,20211007,000000,2.58317,2.74983,2.58317,2.74983,0,0
AST_PE,D,20211008,000000,2.74983,2.83316,2.6665,2.6665,0,0
AST_PE,D,20211011,000000,2.6665,2.74983,2.6665,2.74983,0,0
AST_PE,D,20211012,000000,2.74983,2.74983,2.6665,2.6665,0,0
AST_PE,D,20211013,000000,2.6665,2.6665,2.58317,2.6665,0,0
AST_PE,D,20211014,000000,2.6665,2.6665,2.58317,2.58317,0,0
AST_PE,D,20211015,000000,2.58317,2.6665,2.58317,2.58317,0,0
AST_PE,D,20211018,000000,2.58317,2.58317,2.49985,2.58317,0,0
AST_PE,D,20211019,000000,2.58317,2.6665,2.49985,2.49985,0,0
AST_PE,D,20211020,000000,2.49985,2.58317,2.41651,2.58317,0,0
AST_PE,D,20211021,000000,2.58317,2.58317,2.49985,2.49985,0,0
AST_PE,D,20211022,000000,2.49985,2.58317,2.49985,2.58317,0,0
AST_PE,D,20211025,000000,2.58317,2.83316,2.58317,2.83316,0,0
AST_PE,D,20211026,000000,2.83316,2.83316,2.6665,2.6665,0,0
AST_PE,D,20211027,000000,2.6665,2.83316,2.6665,2.74983,0,0
AST_PE,D,20211028,000000,2.74983,2.83316,2.74983,2.74983,0,0
AST_PE,D,20211029,000000,2.74983,2.74983,2.6665,2.6665,0,0
AST_PE,D,20211102,000000,2.6665,2.6665,2.58317,2.6665,0,0
AST_PE,D,20211103,000000,2.6665,2.74983,2.6665,2.74983,0,0
AST_PE,D,20211104,000000,2.74983,2.83316,2.74983,2.74983,0,0
AST_PE,D,20211105,000000,2.74983,2.74983,2.74983,2.74983,0,0
AST_PE,D,20211108,000000,2.74983,2.74983,2.6665,2.6665,0,0
AST_PE,D,20211109,000000,2.6665,2.6665,2.58317,2.6665,0,0
AST_PE,D,20211110,000000,2.6665,2.6665,1.99987,1.99987,0,0
AST_PE,D,20211112,000000,1.99987,1.99987,1.91654,1.99987,0,0
AST_PE,D,20211115,000000,1.99987,1.99987,1.83322,1.99987,0,0
AST_PE,D,20211116,000000,1.99987,2.0832,1.91654,1.91654,0,0
AST_PE,D,20211117,000000,1.91654,1.91654,1.83322,1.83322,0,0
AST_PE,D,20211118,000000,1.83322,1.83322,1.83322,1.83322,0,0
AST_PE,D,20211119,000000,1.83322,1.83322,1.74988,1.74988,0,0
AST_PE,D,20211122,000000,1.74988,1.74988,1.58324,1.66657,0,0
AST_PE,D,20211123,000000,1.66657,1.66657,1.58324,1.66657,0,0
AST_PE,D,20211124,000000,1.66657,1.74988,1.66657,1.74988,0,0
AST_PE,D,20211125,000000,1.74988,1.74988,1.74988,1.74988,0,0
AST_PE,D,20211126,000000,1.74988,1.74988,1.58324,1.58324,0,0
AST_PE,D,20211129,000000,1.58324,1.66657,1.49991,1.66657,0,0
AST_PE,D,20211130,000000,1.66657,1.74988,1.66657,1.74988,0,0
AST_PE,D,20211201,000000,1.74988,1.83322,1.74988,1.74988,0,0
AST_PE,D,20211202,000000,1.74988,1.74988,1.66657,1.74988,0,0
AST_PE,D,20211203,000000,1.74988,1.83322,1.74988,1.74988,0,0
AST_PE,D,20211206,000000,1.74988,1.74988,1.66657,1.66657,0,0
AST_PE,D,20211207,000000,1.66657,1.74988,1.66657,1.74988,0,0
AST_PE,D,20211208,000000,1.74988,1.74988,1.74988,1.74988,0,0
AST_PE,D,20211209,000000,1.74988,1.74988,1.66657,1.66657,0,0
AST_PE,D,20211210,000000,1.66657,1.66657,1.66657,1.66657,0,0
AST_PE,D,20211213,000000,1.66657,1.66657,1.66657,1.66657,0,0
AST_PE,D,20211214,000000,1.66657,1.66657,1.58324,1.58324,0,0
AST_PE,D,20211215,000000,1.58324,1.58324,1.49991,1.49991,0,0
AST_PE,D,20211216,000000,1.49991,1.58324,1.49991,1.58324,0,0
AST_PE,D,20211217,000000,1.58324,1.58324,1.49991,1.49991,0,0
AST_PE,D,20211220,000000,1.41658,1.41658,1.41658,1.41658,0,0
AST_PE,D,20211221,000000,1.41658,1.41658,1.33325,1.41658,0,0
AST_PE,D,20211222,000000,1.41658,1.49991,1.41658,1.49991,0,0
AST_PE,D,20211223,000000,1.49991,1.58324,1.49991,1.49991,0,0
AST_PE,D,20211227,000000,1.49991,1.49991,1.41658,1.41658,0,0
AST_PE,D,20211228,000000,1.41658,1.49991,1.41658,1.49991,0,0
AST_PE,D,20211229,000000,1.49991,1.66657,1.49991,1.66657,0,0
AST_PE,D,20211230,000000,1.66657,1.66657,1.66657,1.66657,0,0
AST_PE,D,20220103,000000,1.66657,1.74988,1.66657,1.66657,0,0
AST_PE,D,20220104,000000,1.66657,1.66657,1.58324,1.58324,0,0
AST_PE,D,20220105,000000,1.58324,1.58324,1.58324,1.58324,0,0
AST_PE,D,20220107,000000,1.58324,1.66657,1.58324,1.66657,0,0
AST_PE,D,20220110,000000,1.66657,1.66657,1.66657,1.66657,0,0
AST_PE,D,20220111,000000,1.66657,1.74988,1.66657,1.74988,0,0
AST_PE,D,20220112,000000,1.74988,1.74988,1.66657,1.66657,0,0
AST_PE,D,20220113,000000,1.66657,1.66657,1.66657,1.66657,0,0
AST_PE,D,20220114,000000,1.66657,1.66657,1.58324,1.58324,0,0
AST_PE,D,20220117,000000,1.58324,1.66657,1.49991,1.58324,0,0
AST_PE,D,20220118,000000,1.58324,1.58324,1.49991,1.49991,0,0
AST_PE,D,20220119,000000,1.41658,1.41658,1.33325,1.41658,0,0
AST_PE,D,20220120,000000,1.41658,1.41658,1.33325,1.33325,0,0
AST_PE,D,20220121,000000,1.33325,1.41658,1.33325,1.33325,0,0
AST_PE,D,20220124,000000,1.33325,1.33325,1.1666,1.24992,0,0
AST_PE,D,20220125,000000,1.24992,1.33325,1.24992,1.24992,0,0
AST_PE,D,20220126,000000,1.24992,1.33325,1.24992,1.24992,0,0
AST_PE,D,20220127,000000,1.24992,1.33325,1.24992,1.33325,0,0
AST_PE,D,20220128,000000,1.33325,1.33325,1.33325,1.33325,0,0
AST_PE,D,20220131,000000,1.33325,1.33325,1.33325,1.33325,0,0
AST_PE,D,20220201,000000,1.33325,1.33325,1.33325,1.33325,0,0
AST_PE,D,20220202,000000,1.33325,1.33325,1.33325,1.33325,0,0
AST_PE,D,20220203,000000,1.33325,1.33325,1.33325,1.33325,0,0
AST_PE,D,20220204,000000,1.33325,1.33325,1.33325,1.33325,0,0
AST_PE,D,20220207,000000,1.33325,1.33325,1.24992,1.33325,0,0
AST_PE,D,20220208,000000,1.33325,1.41658,1.33325,1.33325,0,0
AST_PE,D,20220209,000000,1.33325,1.41658,1.33325,1.41658,0,0
AST_PE,D,20220210,000000,1.41658,1.49991,1.33325,1.49991,0,0
AST_PE,D,20220211,000000,1.49991,1.49991,1.33325,1.33325,0,0
AST_PE,D,20220214,000000,1.24992,1.24992,1.1666,1.24992,0,0
AST_PE,D,20220215,000000,1.24992,1.49991,1.24992,1.49991,0,0
AST_PE,D,20220216,000000,1.49991,1.58324,1.49991,1.49991,0,0
AST_PE,D,20220217,000000,1.49991,1.49991,1.33325,1.33325,0,0
AST_PE,D,20220218,000000,1.33325,1.41658,1.33325,1.33325,0,0
AST_PE,D,20220221,000000,1.33325,1.33325,1.1666,1.24992,0,0
AST_PE,D,20220222,000000,1.1666,1.24992,1.1666,1.24992,0,0
AST_PE,D,20220223,000000,1.24992,1.24992,1.1666,1.1666,0,0
AST_PE,D,20220224,000000,0.666624,0.833281,0.666624,0.666624,0,0
AST_PE,D,20220225,000000,0.666624,0.833281,0.666624,0.749952,0,0
AST_PE,D,20220228,000000,0.749952,0.916607,0.666624,0.916607,0,0
AST_PE,D,20220301,000000,0.916607,0.916607,0.666624,0.666624,0,0
AST_PE,D,20220302,000000,0.666624,0.666624,0.499969,0.499969,0,0
AST_PE,D,20220303,000000,0.499969,0.666624,0.499969,0.583297,0,0
AST_PE,D,20220304,000000,0.583297,0.583297,0.499969,0.583297,0,0
AST_PE,D,20220307,000000,0.583297,0.583297,0.499969,0.499969,0,0
AST_PE,D,20220308,000000,0.499969,0.583297,0.499969,0.583297,0,0
AST_PE,D,20220309,000000,0.583297,0.666624,0.583297,0.666624,0,0
AST_PE,D,20220310,000000,0.666624,0.749952,0.666624,0.666624,0,0
AST_PE,D,20220311,000000,0.666624,0.749952,0.666624,0.749952,0,0
AST_PE,D,20220314,000000,0.749952,0.833281,0.749952,0.749952,0,0
AST_PE,D,20220315,000000,0.749952,0.833281,0.749952,0.833281,0,0
AST_PE,D,20220316,000000,0.833281,0.916607,0.833281,0.916607,0,0
AST_PE,D,20220317,000000,0.916607,0.99994,0.916607,0.99994,0,0
AST_PE,D,20220318,000000,0.99994,0.99994,0.916607,0.99994,0,0
AST_PE,D,20220321,000000,0.99994,0.99994,0.916607,0.916607,0,0
AST_PE,D,20220322,000000,0.916607,0.916607,0.833281,0.833281,0,0
AST_PE,D,20220323,000000,0.833281,0.833281,0.833281,0.833281,0,0
AST_PE,D,20220324,000000,0.833281,0.916607,0.833281,0.916607,0,0
AST_PE,D,20220325,000000,0.916607,0.916607,0.916607,0.916607,0,0
AST_PE,D,20220328,000000,0.916607,0.916607,0.916607,0.916607,0,0
AST_PE,D,20220329,000000,0.916607,1.08326,0.916607,1.08326,0,0
AST_PE,D,20220330,000000,1.08326,1.08326,0.99994,1.08326,0,0
AST_PE,D,20220331,000000,1.08326,1.08326,0.99994,0.99994,0,0
AST_PE,D,20220401,000000,0.99994,1.08326,0.99994,1.08326,0,0
AST_PE,D,20220404,000000,1.08326,1.1666,1.08326,1.08326,0,0
AST_PE,D,20220405,000000,1.08326,1.08326,0.99994,1.08326,0,0
AST_PE,D,20220406,000000,1.08326,1.08326,0.99994,0.99994,0,0
AST_PE,D,20220407,000000,0.99994,1.08326,0.99994,0.99994,0,0
AST_PE,D,20220408,000000,0.99994,1.08326,0.916607,1.08326,0,0
AST_PE,D,20220411,000000,1.1666,1.1666,1.08326,1.08326,0,0
AST_PE,D,20220412,000000,1.08326,1.08326,1.08326,1.08326,0,0
AST_PE,D,20220413,000000,1.08326,1.08326,0.99994,0.99994,0,0
AST_PE,D,20220414,000000,0.99994,1.08326,0.99994,1.08326,0,0
AST_PE,D,20220419,000000,1.08326,1.08326,0.99994,0.99994,0,0
AST_PE,D,20220420,000000,0.99994,1.08326,0.99994,1.08326,0,0
AST_PE,D,20220421,000000,1.08326,1.08326,1.08326,1.08326,0,0
AST_PE,D,20220422,000000,1.08326,1.08326,0.99994,1.08326,0,0
AST_PE,D,20220425,000000,0.99994,0.99994,0.916607,0.916607,0,0
AST_PE,D,20220426,000000,0.916607,0.99994,0.916607,0.99994,0,0
AST_PE,D,20220427,000000,0.99994,0.99994,0.833281,0.833281,0,0
AST_PE,D,20220428,000000,0.833281,0.833281,0.833281,0.833281,0,0
AST_PE,D,20220429,000000,0.833281,0.916607,0.833281,0.833281,0,0
AST_PE,D,20220502,000000,0.833281,0.833281,0.833281,0.833281,0,0
AST_PE,D,20220504,000000,0.833281,0.833281,0.833281,0.833281,0,0
AST_PE,D,20220505,000000,0.833281,0.833281,0.749952,0.833281,0,0
AST_PE,D,20220506,000000,0.833281,0.916607,0.833281,0.833281,0,0
AST_PE,D,20220509,000000,0.833281,0.916607,0.833281,0.833281,0,0
AST_PE,D,20220510,000000,0.833281,0.833281,0.833281,0.833281,0,0
AST_PE,D,20220511,000000,0.833281,0.833281,0.833281,0.833281,0,0
AST_PE,D,20220512,000000,0.833281,0.833281,0.749952,0.749952,0,0
AST_PE,D,20220513,000000,0.749952,0.749952,0.749952,0.749952,0,0
AST_PE,D,20220516,000000,0.749952,0.916607,0.749952,0.916607,0,0
AST_PE,D,20220517,000000,0.916607,1.08326,0.916607,0.99994,0,0
AST_PE,D,20220518,000000,0.99994,0.99994,0.916607,0.99994,0,0
AST_PE,D,20220519,000000,0.99994,0.99994,0.916607,0.916607,0,0
AST_PE,D,20220520,000000,0.916607,0.99994,0.916607,0.99994,0,0
AST_PE,D,20220523,000000,0.99994,0.99994,0.99994,0.99994,0,0
AST_PE,D,20220524,000000,0.99994,0.99994,0.99994,0.99994,0,0
AST_PE,D,20220525,000000,0.99994,1.08326,0.99994,0.99994,0,0
AST_PE,D,20220526,000000,0.99994,0.99994,0.99994,0.99994,0,0
AST_PE,D,20220527,000000,0.99994,0.99994,0.916607,0.99994,0,0
AST_PE,D,20220530,000000,0.99994,0.99994,0.99994,0.99994,0,0
AST_PE,D,20220531,000000,0.99994,0.99994,0.99994,0.99994,0,0
AST_PE,D,20220601,000000,0.99994,0.99994,0.99994,0.99994,0,0
AST_PE,D,20220602,000000,0.99994,0.99994,0.99994,0.99994,0,0
AST_PE,D,20220603,000000,0.99994,0.99994,0.99994,0.99994,0,0
AST_PE,D,20220606,000000,0.99994,0.99994,0.99994,0.99994,0,0
AST_PE,D,20220607,000000,0.99994,0.99994,0.99994,0.99994,0,0
AST_PE,D,20220608,000000,0.99994,0.99994,0.916607,0.916607,0,0
AST_PE,D,20220609,000000,0.916607,0.916607,0.916607,0.916607,0,0
AST_PE,D,20220610,000000,0.916607,0.916607,0.916607,0.916607,0,0
AST_PE,D,20220613,000000,0.916607,0.916607,0.833281,0.833281,0,0
AST_PE,D,20220614,000000,0.833281,0.833281,0.833281,0.833281,0,0
AST_PE,D,20220615,000000,0.833281,0.833281,0.833281,0.833281,0,0
AST_PE,D,20220617,000000,0.833281,0.833281,0.749952,0.749952,0,0
AST_PE,D,20220620,000000,0.749952,0.833281,0.749952,0.833281,0,0
AST_PE,D,20220621,000000,0.833281,0.833281,0.749952,0.749952,0,0
AST_PE,D,20220622,000000,0.749952,0.749952,0.749952,0.749952,0,0
AST_PE,D,20220623,000000,0.749952,0.749952,0.749952,0.749952,0,0
AST_PE,D,20220624,000000,0.749952,0.833281,0.749952,0.749952,0,0
AST_PE,D,20220627,000000,0.749952,0.749952,0.749952,0.749952,0,0
AST_PE,D,20220628,000000,0.749952,0.749952,0.749952,0.749952,0,0
AST_PE,D,20220629,000000,0.749952,0.749952,0.749952,0.749952,0,0
AST_PE,D,20220630,000000,0.749952,0.749952,0.749952,0.749952,0,0
AST_PE,D,20220701,000000,0.749952,0.749952,0.666624,0.666624,0,0
AST_PE,D,20220704,000000,0.666624,0.666624,0.666624,0.666624,0,0
AST_PE,D,20220705,000000,0.666624,0.666624,0.583297,0.583297,0,0
AST_PE,D,20220706,000000,0.583297,0.666624,0.583297,0.666624,0,0
AST_PE,D,20220707,000000,0.666624,0.666624,0.666624,0.666624,0,0
AST_PE,D,20220708,000000,0.666624,0.666624,0.666624,0.666624,0,0
AST_PE,D,20220711,000000,0.666624,0.666624,0.666624,0.666624,0,0
AST_PE,D,20220712,000000,0.666624,0.749952,0.666624,0.666624,0,0
AST_PE,D,20220713,000000,0.666624,0.916607,0.666624,0.833281,0,0
AST_PE,D,20220714,000000,0.916607,0.916607,0.833281,0.833281,0,0
AST_PE,D,20220715,000000,0.833281,0.833281,0.749952,0.833281,0,0
AST_PE,D,20220718,000000,0.833281,0.833281,0.833281,0.833281,0,0
AST_PE,D,20220719,000000,0.916607,0.916607,0.916607,0.916607,0,0
AST_PE,D,20220720,000000,0.916607,0.916607,0.833281,0.916607,0,0
AST_PE,D,20220721,000000,0.916607,0.916607,0.916607,0.916607,0,0
AST_PE,D,20220722,000000,0.99994,0.99994,0.916607,0.916607,0,0
AST_PE,D,20220725,000000,0.916607,0.916607,0.833281,0.916607,0,0
AST_PE,D,20220726,000000,0.916607,0.916607,0.833281,0.833281,0,0
AST_PE,D,20220727,000000,0.833281,0.833281,0.833281,0.833281,0,0
AST_PE,D,20220728,000000,0.833281,0.916607,0.833281,0.833281,0,0
AST_PE,D,20220729,000000,0.833281,0.833281,0.833281,0.833281,0,0
AST_PE,D,20220801,000000,0.833281,0.833281,0.833281,0.833281,0,0
AST_PE,D,20220802,000000,0.833281,0.833281,0.833281,0.833281,0,0
AST_PE,D,20220803,000000,0.833281,0.833281,0.833281,0.833281,0,0
AST_PE,D,20220804,000000,0.833281,0.833281,0.833281,0.833281,0,0
AST_PE,D,20220805,000000,0.833281,0.833281,0.833281,0.833281,0,0
AST_PE,D,20220808,000000,0.833281,0.916607,0.833281,0.916607,0,0
AST_PE,D,20220809,000000,0.916607,0.916607,0.833281,0.833281,0,0
AST_PE,D,20220810,000000,0.833281,0.833281,0.833281,0.833281,0,0
AST_PE,D,20220811,000000,0.833281,0.833281,0.833281,0.833281,0,0
AST_PE,D,20220812,000000,0.833281,0.833281,0.833281,0.833281,0,0
AST_PE,D,20220816,000000,0.833281,0.833281,0.833281,0.833281,0,0
AST_PE,D,20220817,000000,0.833281,0.833281,0.833281,0.833281,0,0
AST_PE,D,20220818,000000,0.833281,0.833281,0.833281,0.833281,0,0
AST_PE,D,20220819,000000,0.833281,0.833281,0.749952,0.749952,0,0
AST_PE,D,20220822,000000,0.749952,0.749952,0.749952,0.749952,0,0
AST_PE,D,20220823,000000,0.749952,0.749952,0.749952,0.749952,0,0
AST_PE,D,20220824,000000,0.749952,0.833281,0.749952,0.749952,0,0
AST_PE,D,20220825,000000,0.749952,0.833281,0.749952,0.833281,0,0
AST_PE,D,20220826,000000,0.833281,0.833281,0.749952,0.749952,0,0
AST_PE,D,20220829,000000,0.833281,0.833281,0.749952,0.749952,0,0
AST_PE,D,20220830,000000,0.749952,1.58324,0.749952,1.58324,0,0
AST_PE,D,20220831,000000,1.58324,1.58324,1.49991,1.58324,0,0
AST_PE,D,20220901,000000,1.58324,1.58324,1.49991,1.49991,0,0
AST_PE,D,20220902,000000,1.49991,1.58324,1.49991,1.58324,0,0
AST_PE,D,20220905,000000,1.58324,1.58324,1.49991,1.49991,0,0
AST_PE,D,20220906,000000,1.49991,1.58324,1.41658,1.49991,0,0
AST_PE,D,20220907,000000,1.49991,1.58324,1.49991,1.49991,0,0
AST_PE,D,20220908,000000,1.49991,1.49991,1.49991,1.49991,0,0
AST_PE,D,20220909,000000,1.49991,1.58324,1.49991,1.58324,0,0
AST_PE,D,20220912,000000,1.74988,1.83322,1.66657,1.66657,0,0
AST_PE,D,20220913,000000,1.66657,1.83322,1.66657,1.74988,0,0
AST_PE,D,20220914,000000,1.74988,1.91654,1.74988,1.91654,0,0
AST_PE,D,20220915,000000,1.91654,1.91654,1.74988,1.74988,0,0
AST_PE,D,20220916,000000,1.74988,1.83322,1.66657,1.74988,0,0
AST_PE,D,20220919,000000,1.74988,1.83322,1.74988,1.83322,0,0
AST_PE,D,20220920,000000,1.83322,1.91654,1.74988,1.74988,0,0
AST_PE,D,20220921,000000,1.74988,1.74988,1.58324,1.66657,0,0
AST_PE,D,20220922,000000,1.66657,1.74988,1.66657,1.74988,0,0
AST_PE,D,20220923,000000,1.74988,1.74988,1.66657,1.74988,0,0
AST_PE,D,20220926,000000,1.74988,1.74988,1.58324,1.58324,0,0
AST_PE,D,20220927,000000,1.58324,1.66657,1.58324,1.66657,0,0
AST_PE,D,20220928,000000,1.66657,1.66657,1.58324,1.58324,0,0
AST_PE,D,20220929,000000,1.58324,1.66657,1.58324,1.58324,0,0
AST_PE,D,20220930,000000,1.58324,1.58324,1.49991,1.49991,0,0
AST_PE,D,20221003,000000,1.49991,1.58324,1.49991,1.58324,0,0
AST_PE,D,20221004,000000,1.66657,1.66657,1.49991,1.58324,0,0
AST_PE,D,20221005,000000,1.58324,1.58324,1.49991,1.58324,0,0
AST_PE,D,20221006,000000,1.58324,1.66657,1.58324,1.58324,0,0
AST_PE,D,20221007,000000,1.58324,1.66657,1.58324,1.58324,0,0
AST_PE,D,20221010,000000,1.58324,1.58324,1.49991,1.58324,0,0
AST_PE,D,20221011,000000,1.58324,1.58324,1.58324,1.58324,0,0
AST_PE,D,20221012,000000,1.58324,1.58324,1.58324,1.58324,0,0
AST_PE,D,20221013,000000,1.58324,1.66657,1.58324,1.58324,0,0
AST_PE,D,20221014,000000,1.58324,1.58324,1.58324,1.58324,0,0
AST_PE,D,20221017,000000,1.58324,1.58324,1.49991,1.58324,0,0
AST_PE,D,20221018,000000,1.58324,1.58324,1.49991,1.49991,0,0
AST_PE,D,20221019,000000,1.49991,1.49991,1.41658,1.49991,0,0
AST_PE,D,20221020,000000,1.49991,1.49991,1.41658,1.41658,0,0
AST_PE,D,20221021,000000,1.41658,1.41658,1.33325,1.41658,0,0
AST_PE,D,20221024,000000,1.41658,1.41658,1.41658,1.41658,0,0
AST_PE,D,20221025,000000,1.41658,1.41658,1.41658,1.41658,0,0
AST_PE,D,20221026,000000,1.41658,1.49991,1.41658,1.49991,0,0
AST_PE,D,20221027,000000,1.49991,1.49991,1.41658,1.49991,0,0
AST_PE,D,20221028,000000,1.49991,1.49991,1.49991,1.49991,0,0
AST_PE,D,20221031,000000,1.41658,1.41658,1.33325,1.41658,0,0
AST_PE,D,20221102,000000,1.41658,1.49991,1.41658,1.41658,0,0
AST_PE,D,20221103,000000,1.41658,1.49991,1.41658,1.41658,0,0
AST_PE,D,20221104,000000,1.41658,1.41658,1.41658,1.41658,0,0
AST_PE,D,20221107,000000,1.41658,1.41658,1.33325,1.41658,0,0
AST_PE,D,20221108,000000,1.41658,1.41658,1.41658,1.41658,0,0
AST_PE,D,20221109,000000,1.41658,1.49991,1.41658,1.49991,0,0
AST_PE,D,20221110,000000,1.58324,1.58324,1.08326,1.08326,0,0
AST_PE,D,20221114,000000,1.1666,1.33325,1.1666,1.33325,0,0
AST_PE,D,20221115,000000,1.33325,1.33325,1.24992,1.33325,0,0
AST_PE,D,20221116,000000,1.24992,1.33325,1.24992,1.24992,0,0
AST_PE,D,20221117,000000,1.24992,1.24992,1.1666,1.1666,0,0
AST_PE,D,20221118,000000,1.1666,1.24992,1.1666,1.1666,0,0
AST_PE,D,20221121,000000,1.1666,1.1666,1.1666,1.1666,0,0
AST_PE,D,20221122,000000,1.1666,1.1666,1.1666,1.1666,0,0
AST_PE,D,20221123,000000,1.1666,1.1666,1.08326,1.08326,0,0
AST_PE,D,20221124,000000,1.08326,1.08326,1.08326,1.08326,0,0
AST_PE,D,20221125,000000,1.08326,1.1666,1.08326,1.1666,0,0
AST_PE,D,20221128,000000,1.1666,1.1666,1.08326,1.08326,0,0
AST_PE,D,20221129,000000,1.08326,1.08326,1.08326,1.08326,0,0
AST_PE,D,20221130,000000,1.08326,1.08326,1.08326,1.08326,0,0
AST_PE,D,20221201,000000,1.08326,1.08326,1.08326,1.08326,0,0
AST_PE,D,20221202,000000,1.08326,1.1666,1.08326,1.1666,0,0
AST_PE,D,20221205,000000,1.1666,1.24992,1.1666,1.1666,0,0
AST_PE,D,20221206,000000,1.1666,1.1666,1.1666,1.1666,0,0
AST_PE,D,20221207,000000,1.1666,1.1666,1.1666,1.1666,0,0
AST_PE,D,20221208,000000,1.1666,1.1666,1.08326,1.08326,0,0
AST_PE,D,20221209,000000,1.08326,1.08326,1.08326,1.08326,0,0
AST_PE,D,20221212,000000,1.08326,1.1666,1.08326,1.1666,0,0
AST_PE,D,20221213,000000,1.1666,1.1666,1.1666,1.1666,0,0
AST_PE,D,20221214,000000,1.1666,1.1666,1.1666,1.1666,0,0
AST_PE,D,20221215,000000,1.1666,1.1666,1.1666,1.1666,0,0
AST_PE,D,20221216,000000,1.1666,1.1666,1.08326,1.08326,0,0
AST_PE,D,20221219,000000,1.08326,1.08326,1.08326,1.08326,0,0
AST_PE,D,20221220,000000,1.08326,1.08326,1.08326,1.08326,0,0
AST_PE,D,20221221,000000,1.08326,1.08326,1.08326,1.08326,0,0
AST_PE,D,20221222,000000,1.08326,1.08326,1.08326,1.08326,0,0
AST_PE,D,20221223,000000,1.08326,1.1666,1.08326,1.1666,0,0
AST_PE,D,20221227,000000,1.1666,1.1666,1.08326,1.08326,0,0
AST_PE,D,20221228,000000,1.08326,1.08326,1.08326,1.08326,0,0
AST_PE,D,20221229,000000,1.08326,1.08326,1.08326,1.08326,0,0
AST_PE,D,20221230,000000,1.08326,1.08326,1.08326,1.08326,0,0
AST_PE,D,20230102,000000,1.08326,1.1666,1.08326,1.1666,0,0
AST_PE,D,20230103,000000,1.1666,1.1666,1.1666,1.1666,0,0
AST_PE,D,20230104,000000,1.1666,1.24992,1.1666,1.1666,0,0
AST_PE,D,20230105,000000,1.1666,1.1666,1.1666,1.1666,0,0
AST_PE,D,20230109,000000,1.1666,1.24992,1.1666,1.24992,0,0
AST_PE,D,20230110,000000,1.24992,1.24992,1.24992,1.24992,0,0
AST_PE,D,20230111,000000,1.24992,1.24992,1.24992,1.24992,0,0
AST_PE,D,20230112,000000,1.24992,1.24992,1.24992,1.24992,0,0
AST_PE,D,20230113,000000,1.24992,1.24992,1.24992,1.24992,0,0
AST_PE,D,20230116,000000,1.24992,1.24992,1.1666,1.1666,0,0
AST_PE,D,20230117,000000,1.1666,1.1666,1.1666,1.1666,0,0
AST_PE,D,20230118,000000,1.1666,1.24992,1.1666,1.24992,0,0
AST_PE,D,20230119,000000,1.24992,1.24992,1.1666,1.1666,0,0
AST_PE,D,20230120,000000,1.1666,1.1666,1.1666,1.1666,0,0
AST_PE,D,20230123,000000,1.1666,1.24992,1.1666,1.24992,0,0
AST_PE,D,20230124,000000,1.24992,1.24992,1.1666,1.1666,0,0
AST_PE,D,20230125,000000,1.1666,1.24992,1.1666,1.24992,0,0
AST_PE,D,20230126,000000,1.24992,1.33325,1.24992,1.24992,0,0
AST_PE,D,20230127,000000,1.24992,1.24992,1.24992,1.24992,0,0
AST_PE,D,20230130,000000,1.24992,1.24992,1.24992,1.24992,0,0
AST_PE,D,20230131,000000,1.24992,1.24992,1.24992,1.24992,0,0
AST_PE,D,20230201,000000,1.24992,1.24992,1.24992,1.24992,0,0
AST_PE,D,20230202,000000,1.24992,1.24992,1.24992,1.24992,0,0
AST_PE,D,20230203,000000,1.24992,1.24992,1.24992,1.24992,0,0
AST_PE,D,20230206,000000,1.24992,1.24992,1.1666,1.1666,0,0
AST_PE,D,20230207,000000,1.1666,1.1666,1.1666,1.1666,0,0
AST_PE,D,20230208,000000,1.1666,1.1666,1.1666,1.1666,0,0
AST_PE,D,20230209,000000,1.1666,1.1666,1.1666,1.1666,0,0
AST_PE,D,20230210,000000,1.1666,1.1666,1.1666,1.1666,0,0
AST_PE,D,20230213,000000,1.1666,1.24992,1.1666,1.1666,0,0
AST_PE,D,20230214,000000,1.1666,1.1666,1.1666,1.1666,0,0
AST_PE,D,20230215,000000,1.1666,1.1666,1.1666,1.1666,0,0
AST_PE,D,20230216,000000,1.1666,1.1666,1.1666,1.1666,0,0
AST_PE,D,20230217,000000,1.1666,1.1666,1.1666,1.1666,0,0
AST_PE,D,20230220,000000,1.1666,1.24992,1.1666,1.24992,0,0
AST_PE,D,20230221,000000,1.24992,1.33325,1.24992,1.24992,0,0
AST_PE,D,20230222,000000,1.24992,1.24992,1.1666,1.24992,0,0
AST_PE,D,20230223,000000,1.24992,1.24992,1.24992,1.24992,0,0
AST_PE,D,20230224,000000,1.24992,1.24992,1.24992,1.24992,0,0
AST_PE,D,20230227,000000,1.24992,1.33325,1.24992,1.33325,0,0
AST_PE,D,20230228,000000,1.33325,1.41658,1.33325,1.33325,0,0
AST_PE,D,20230301,000000,1.33325,1.33325,1.33325,1.33325,0,0
AST_PE,D,20230302,000000,1.33325,1.33325,1.33325,1.33325,0,0
AST_PE,D,20230303,000000,1.33325,1.33325,1.33325,1.33325,0,0
AST_PE,D,20230306,000000,1.33325,1.41658,1.33325,1.41658,0,0
AST_PE,D,20230307,000000,1.41658,1.41658,1.41658,1.41658,0,0
AST_PE,D,20230308,000000,1.41658,1.41658,1.33325,1.41658,0,0
AST_PE,D,20230309,000000,1.41658,1.41658,1.33325,1.41658,0,0
AST_PE,D,20230310,000000,1.41658,1.41658,1.33325,1.33325,0,0
AST_PE,D,20230313,000000,1.33325,1.33325,1.24992,1.33325,0,0
AST_PE,D,20230314,000000,1.24992,1.33325,1.24992,1.24992,0,0
AST_PE,D,20230315,000000,1.24992,1.24992,1.1666,1.24992,0,0
AST_PE,D,20230316,000000,1.24992,1.24992,1.1666,1.1666,0,0
AST_PE,D,20230317,000000,1.1666,1.24992,1.1666,1.24992,0,0
AST_PE,D,20230320,000000,1.24992,1.33325,1.24992,1.24992,0,0
AST_PE,D,20230321,000000,1.24992,1.33325,1.24992,1.33325,0,0
AST_PE,D,20230322,000000,1.33325,1.33325,1.24992,1.24992,0,0
AST_PE,D,20230323,000000,1.24992,1.24992,1.24992,1.24992,0,0
AST_PE,D,20230324,000000,1.24992,1.24992,1.24992,1.24992,0,0
AST_PE,D,20230327,000000,1.24992,1.24992,1.24992,1.24992,0,0
AST_PE,D,20230328,000000,1.24992,1.24992,1.24992,1.24992,0,0
AST_PE,D,20230329,000000,1.24992,1.24992,1.24992,1.24992,0,0
AST_PE,D,20230330,000000,1.24992,1.33325,1.24992,1.33325,0,0
AST_PE,D,20230331,000000,1.33325,1.33325,1.33325,1.33325,0,0
AST_PE,D,20230403,000000,1.33325,1.41658,1.33325,1.33325,0,0
AST_PE,D,20230404,000000,1.33325,1.33325,1.33325,1.33325,0,0
AST_PE,D,20230405,000000,1.33325,1.41658,1.33325,1.41658,0,0
AST_PE,D,20230406,000000,1.41658,1.41658,1.41658,1.41658,0,0
AST_PE,D,20230411,000000,1.41658,1.49991,1.41658,1.49991,0,0
AST_PE,D,20230412,000000,1.49991,1.49991,1.41658,1.41658,0,0
AST_PE,D,20230413,000000,1.41658,1.49991,1.41658,1.49991,0,0
AST_PE,D,20230414,000000,1.49991,1.49991,1.49991,1.49991,0,0
AST_PE,D,20230417,000000,1.49991,1.49991,1.41658,1.49991,0,0
AST_PE,D,20230418,000000,1.49991,1.49991,1.49991,1.49991,0,0
AST_PE,D,20230419,000000,1.49991,1.49991,1.41658,1.41658,0,0
AST_PE,D,20230420,000000,1.41658,1.58324,1.41658,1.58324,0,0
AST_PE,D,20230421,000000,1.58324,1.66657,1.58324,1.58324,0,0
AST_PE,D,20230424,000000,1.66657,1.83322,1.66657,1.74988,0,0
AST_PE,D,20230425,000000,1.58324,2.16653,1.58324,2.16653,0,0
AST_PE,D,20230426,000000,2.16653,2.24986,2.0832,2.0832,0,0
AST_PE,D,20230427,000000,2.0832,2.0832,2.0832,2.0832,0,0
AST_PE,D,20230428,000000,2.0832,2.0832,2.0832,2.0832,0,0
AST_PE,D,20230502,000000,2.0832,2.24986,2.0832,2.24986,0,0
AST_PE,D,20230504,000000,2.24986,2.41651,2.24986,2.33319,0,0
AST_PE,D,20230505,000000,2.33319,2.41651,2.24986,2.33319,0,0
AST_PE,D,20230508,000000,2.33319,2.41651,2.24986,2.41651,0,0
AST_PE,D,20230509,000000,2.33319,2.41651,2.33319,2.41651,0,0
AST_PE,D,20230510,000000,2.41651,2.41651,2.33319,2.41651,0,0
AST_PE,D,20230511,000000,2.41651,2.41651,2.41651,2.41651,0,0
AST_PE,D,20230512,000000,2.41651,2.41651,2.33319,2.41651,0,0
AST_PE,D,20230515,000000,2.41651,2.41651,2.33319,2.33319,0,0
AST_PE,D,20230516,000000,2.33319,2.41651,2.33319,2.41651,0,0
AST_PE,D,20230517,000000,2.41651,2.41651,2.41651,2.41651,0,0
AST_PE,D,20230518,000000,2.58317,2.6665,1.91654,1.91654,0,0
AST_PE,D,20230519,000000,1.91654,1.91654,1.83322,1.91654,0,0
AST_PE,D,20230522,000000,1.91654,1.91654,1.83322,1.91654,0,0
AST_PE,D,20230523,000000,1.91654,1.99987,1.91654,1.91654,0,0
AST_PE,D,20230524,000000,1.91654,1.91654,1.91654,1.91654,0,0
AST_PE,D,20230525,000000,1.91654,1.91654,1.91654,1.91654,0,0
AST_PE,D,20230526,000000,1.91654,1.99987,1.91654,1.91654,0,0
AST_PE,D,20230529,000000,1.99987,1.99987,1.91654,1.91654,0,0
AST_PE,D,20230530,000000,1.91654,1.99987,1.91654,1.99987,0,0
AST_PE,D,20230531,000000,1.99987,1.99987,1.91654,1.91654,0,0
AST_PE,D,20230601,000000,1.96867,2.05816,1.96867,2.05816,0,0
AST_PE,D,20230602,000000,2.05816,2.05816,2.05816,2.05816,0,0
AST_PE,D,20230605,000000,2.05816,2.23713,2.05816,2.05816,0,0
AST_PE,D,20230606,000000,2.05816,2.05816,2.05816,2.05816,0,0
AST_PE,D,20230607,000000,2.05816,2.05816,2.05816,2.05816,0,0
AST_PE,D,20230609,000000,2.05816,2.05816,2.05816,2.05816,0,0
AST_PE,D,20230612,000000,2.05816,2.05816,2.05816,2.05816,0,0
AST_PE,D,20230613,000000,2.05816,2.05816,1.96867,1.96867,0,0
AST_PE,D,20230614,000000,1.96867,1.96867,1.96867,1.96867,0,0
AST_PE,D,20230615,000000,1.96867,1.96867,1.96867,1.96867,0,0
AST_PE,D,20230616,000000,1.96867,1.96867,1.96867,1.96867,0,0
AST_PE,D,20230619,000000,1.96867,1.96867,1.87919,1.87919,0,0
AST_PE,D,20230620,000000,1.87919,1.87919,1.87919,1.87919,0,0
AST_PE,D,20230621,000000,1.87919,1.87919,1.87919,1.87919,0,0
AST_PE,D,20230622,000000,1.87919,1.96867,1.87919,1.87919,0,0
AST_PE,D,20230623,000000,1.87919,1.87919,1.87919,1.87919,0,0
AST_PE,D,20230626,000000,1.96867,1.96867,1.87919,1.87919,0,0
AST_PE,D,20230627,000000,1.87919,1.96867,1.87919,1.96867,0,0
AST_PE,D,20230628,000000,1.96867,1.96867,1.87919,1.87919,0,0
AST_PE,D,20230629,000000,1.87919,1.87919,1.87919,1.87919,0,0
AST_PE,D,20230630,000000,1.87919,1.87919,1.87919,1.87919,0,0
AST_PE,D,20230703,000000,1.87919,1.96867,1.87919,1.96867,0,0
AST_PE,D,20230704,000000,1.96867,2.05816,1.96867,2.05816,0,0
AST_PE,D,20230705,000000,2.05816,2.05816,1.96867,1.96867,0,0
AST_PE,D,20230706,000000,1.96867,1.96867,1.96867,1.96867,0,0
AST_PE,D,20230707,000000,1.96867,1.96867,1.96867,1.96867,0,0
AST_PE,D,20230710,000000,1.96867,2.05816,1.96867,2.05816,0,0
AST_PE,D,20230711,000000,2.05816,2.14765,2.05816,2.14765,0,0
AST_PE,D,20230712,000000,2.14765,2.14765,2.14765,2.14765,0,0
AST_PE,D,20230713,000000,2.14765,2.14765,2.14765,2.14765,0,0
AST_PE,D,20230714,000000,2.14765,2.41611,2.14765,2.41611,0,0
AST_PE,D,20230717,000000,2.41611,2.41611,2.32662,2.32662,0,0
AST_PE,D,20230718,000000,2.32662,2.32662,2.23713,2.32662,0,0
AST_PE,D,20230719,000000,2.32662,2.41611,2.32662,2.41611,0,0
AST_PE,D,20230720,000000,2.41611,2.41611,2.32662,2.32662,0,0
AST_PE,D,20230721,000000,2.32662,2.32662,2.23713,2.23713,0,0
AST_PE,D,20230724,000000,2.23713,2.23713,2.14765,2.23713,0,0
AST_PE,D,20230725,000000,2.23713,2.23713,2.14765,2.14765,0,0
AST_PE,D,20230726,000000,2.14765,2.14765,2.14765,2.14765,0,0
AST_PE,D,20230727,000000,2.14765,2.23713,2.14765,2.23713,0,0
AST_PE,D,20230728,000000,2.23713,2.23713,2.14765,2.14765,0,0
AST_PE,D,20230731,000000,2.14765,2.14765,2.05816,2.05816,0,0
AST_PE,D,20230801,000000,2.05816,2.05816,2.05816,2.05816,0,0
AST_PE,D,20230802,000000,2.05816,2.14765,2.05816,2.05816,0,0
AST_PE,D,20230803,000000,2.05816,2.05816,2.05816,2.05816,0,0
AST_PE,D,20230804,000000,2.05816,2.14765,2.05816,2.14765,0,0
AST_PE,D,20230807,000000,2.15749,2.15749,2.05816,2.05816,0,0
AST_PE,D,20230808,000000,2.0519,2.08948,2.0331,2.05816,0,0
AST_PE,D,20230809,000000,2.08679,2.08679,2.05458,2.05816,0,0
AST_PE,D,20230810,000000,2.08053,2.08053,2.0519,2.05816,0,0
AST_PE,D,20230811,000000,2.08053,2.08322,2.04832,2.05816,0,0
AST_PE,D,20230814,000000,2.05816,2.14765,2.05816,2.14765,0,0
AST_PE,D,20230816,000000,2.14765,2.14765,2.05816,2.05816,0,0
AST_PE,D,20230817,000000,2.0331,2.07427,2.01432,2.05816,0,0
AST_PE,D,20230818,000000,2.04564,2.04564,1.86935,1.96867,0,0
AST_PE,D,20230821,000000,1.94989,1.98747,1.94989,1.96867,0,0
AST_PE,D,20230822,000000,1.96867,1.96867,1.87919,1.87919,0,0
AST_PE,D,20230823,000000,1.89798,1.89798,1.87024,1.87919,0,0
AST_PE,D,20230824,000000,1.91946,2.05816,1.88188,2.05816,0,0
AST_PE,D,20230825,000000,2.00984,2.05816,2.00984,2.05816,0,0
AST_PE,D,20230828,000000,2.07158,2.13959,2.05816,2.05816,0,0
AST_PE,D,20230829,000000,2.06442,2.07069,2.03668,2.05816,0,0
AST_PE,D,20230830,000000,2.18254,2.18254,1.87919,1.87919,0,0
AST_PE,D,20230831,000000,1.88456,1.8953,1.84071,1.87919,0,0
AST_PE,D,20230901,000000,1.87919,1.90693,1.78971,1.78971,0,0
AST_PE,D,20230904,000000,1.78971,1.87024,1.72796,1.78971,0,0
AST_PE,D,20230905,000000,1.75034,1.78971,1.71543,1.78971,0,0
AST_PE,D,20230906,000000,1.78702,1.78971,1.68233,1.70022,0,0
AST_PE,D,20230907,000000,1.69753,1.69753,1.61074,1.61074,0,0
AST_PE,D,20230908,000000,1.62416,1.70022,1.62148,1.70022,0,0
AST_PE,D,20230911,000000,1.70291,1.70291,1.61074,1.61074,0,0
AST_PE,D,20230912,000000,1.62863,1.634,1.59284,1.61074,0,0
AST_PE,D,20230913,000000,1.62684,1.65011,1.59194,1.61074,0,0
AST_PE,D,20230914,000000,1.61342,1.61879,1.5821,1.61074,0,0
AST_PE,D,20230915,000000,1.60805,1.70022,1.60268,1.70022,0,0
AST_PE,D,20230918,000000,1.71096,1.78344,1.70022,1.70022,0,0
AST_PE,D,20230919,000000,1.7208,1.7208,1.61074,1.61074,0,0
AST_PE,D,20230920,000000,1.62326,1.64653,1.56778,1.61074,0,0
AST_PE,D,20230921,000000,1.59732,1.634,1.5821,1.61074,0,0
AST_PE,D,20230922,000000,1.6,1.70022,1.6,1.70022,0,0
AST_PE,D,20230925,000000,1.68411,1.69217,1.61074,1.61074,0,0
AST_PE,D,20230926,000000,1.62684,1.6349,1.60536,1.61074,0,0
AST_PE,D,20230927,000000,1.63221,1.63758,1.61074,1.61074,0,0
AST_PE,D,20230928,000000,1.60536,1.61074,1.58926,1.61074,0,0
AST_PE,D,20230929,000000,1.61074,1.64563,1.59732,1.61074,0,0
AST_PE,D,20231002,000000,1.61074,1.61074,1.52125,1.52125,0,0
AST_PE,D,20231003,000000,1.52125,1.52125,1.47204,1.52125,0,0
AST_PE,D,20231004,000000,1.53199,1.56331,1.52125,1.52125,0,0
AST_PE,D,20231005,000000,1.52125,1.61074,1.52125,1.61074,0,0
AST_PE,D,20231006,000000,1.63758,1.64295,1.61074,1.61074,0,0
AST_PE,D,20231009,000000,1.61074,1.62684,1.58389,1.61074,0,0
AST_PE,D,20231010,000000,1.6161,1.63221,1.61074,1.61074,0,0
AST_PE,D,20231011,000000,1.61342,1.62684,1.60536,1.61074,0,0
AST_PE,D,20231012,000000,1.6161,1.70022,1.6161,1.70022,0,0
AST_PE,D,20231013,000000,1.70559,1.71364,1.65995,1.70022,0,0
AST_PE,D,20231016,000000,1.66801,1.71364,1.66801,1.70022,0,0
AST_PE,D,20231017,000000,1.67337,1.78971,1.67069,1.78971,0,0
AST_PE,D,20231018,000000,1.74228,1.74764,1.66979,1.70022,0,0
AST_PE,D,20231019,000000,1.69485,1.69485,1.61074,1.61074,0,0
AST_PE,D,20231020,000000,1.6161,1.62416,1.59462,1.61074,0,0
AST_PE,D,20231023,000000,1.58926,1.61074,1.58926,1.61074,0,0
AST_PE,D,20231024,000000,1.61342,1.61342,1.57315,1.61074,0,0
AST_PE,D,20231025,000000,1.6161,1.62148,1.60268,1.61074,0,0
AST_PE,D,20231026,000000,1.60805,1.62148,1.60805,1.61074,0,0
AST_PE,D,20231027,000000,1.63579,1.63579,1.61074,1.61074,0,0
AST_PE,D,20231030,000000,1.6,1.6349,1.59462,1.61074,0,0
AST_PE,D,20231031,000000,1.63848,1.63848,1.60536,1.61074,0,0
AST_PE,D,20231102,000000,1.60536,1.62684,1.60536,1.61074,0,0
AST_PE,D,20231103,000000,1.59194,1.61074,1.58389,1.61074,0,0
AST_PE,D,20231106,000000,1.61074,1.64563,1.61074,1.61074,0,0
AST_PE,D,20231107,000000,1.6,1.65369,1.6,1.61074,0,0
AST_PE,D,20231108,000000,1.64295,1.64295,1.60805,1.61074,0,0
AST_PE,D,20231109,000000,1.6161,1.6161,1.59194,1.61074,0,0
AST_PE,D,20231110,000000,1.59732,2.50559,1.56778,2.50559,0,0
AST_PE,D,20231113,000000,2.49664,2.49664,2.36957,2.41611,0,0
AST_PE,D,20231114,000000,2.41611,2.45906,2.38567,2.41611,0,0
AST_PE,D,20231115,000000,2.41611,2.43311,2.39911,2.41611,0,0
AST_PE,D,20231116,000000,2.40715,2.41611,2.39463,2.41611,0,0
AST_PE,D,20231117,000000,2.42058,2.51991,2.41163,2.50559,0,0
AST_PE,D,20231120,000000,2.52796,2.58881,2.50559,2.50559,0,0
AST_PE,D,20231121,000000,2.53959,2.59508,2.47964,2.59508,0,0
AST_PE,D,20231122,000000,2.59508,2.59954,2.50559,2.50559,0,0
AST_PE,D,20231123,000000,2.47158,2.51811,2.46264,2.50559,0,0
AST_PE,D,20231124,000000,2.47964,2.50559,2.45816,2.50559,0,0
AST_PE,D,20231127,000000,2.50559,2.52707,2.46264,2.50559,0,0
AST_PE,D,20231128,000000,2.51006,2.54943,2.48322,2.50559,0,0
AST_PE,D,20231129,000000,2.49664,2.51006,2.48411,2.50559,0,0
AST_PE,D,20231130,000000,2.49216,2.56286,2.49216,2.50559,0,0
AST_PE,D,20231201,000000,2.50111,2.52707,2.49664,2.50559,0,0
AST_PE,D,20231204,000000,2.49306,2.50559,2.47068,2.50559,0,0
AST_PE,D,20231205,000000,2.50111,2.51901,2.48411,2.50559,0,0
AST_PE,D,20231206,000000,2.51454,2.52707,2.46174,2.50559,0,0
AST_PE,D,20231207,000000,2.50559,2.50559,2.47964,2.50559,0,0
AST_PE,D,20231208,000000,2.52707,2.54497,2.49216,2.50559,0,0
AST_PE,D,20231211,000000,2.50111,2.50111,2.41611,2.41611,0,0
AST_PE,D,20231212,000000,2.42058,2.42863,2.36062,2.41611,0,0
AST_PE,D,20231213,000000,2.41163,2.44653,2.39015,2.41611,0,0
AST_PE,D,20231214,000000,2.42058,2.50559,2.42058,2.50559,0,0
AST_PE,D,20231215,000000,2.48411,2.51901,2.47964,2.50559,0,0
AST_PE,D,20231218,000000,2.49664,2.54497,2.49664,2.50559,0,0
AST_PE,D,20231219,000000,2.54049,2.54049,2.50111,2.50559,0,0
AST_PE,D,20231220,000000,2.51454,2.52349,2.47068,2.50559,0,0
AST_PE,D,20231221,000000,2.50559,2.51006,2.41611,2.41611,0,0
AST_PE,D,20231222,000000,2.41611,2.46353,2.41611,2.41611,0,0
AST_PE,D,20231227,000000,2.42505,2.43758,2.39015,2.41611,0,0
AST_PE,D,20231228,000000,2.42953,2.50559,2.42953,2.50559,0,0
AST_PE,D,20231229,000000,2.51006,2.53691,2.50559,2.50559,0,0
AST_PE,D,20240102,000000,2.48769,2.50559,2.44474,2.50559,0,0
AST_PE,D,20240103,000000,2.50111,2.51006,2.41611,2.41611,0,0
AST_PE,D,20240104,000000,2.41611,2.50559,2.39911,2.50559,0,0
AST_PE,D,20240105,000000,2.50559,2.52349,2.49664,2.50559,0,0
AST_PE,D,20240108,000000,2.48411,2.56197,2.48411,2.50559,0,0
AST_PE,D,20240109,000000,2.54407,2.59508,2.51811,2.59508,0,0
AST_PE,D,20240110,000000,2.59508,2.66845,2.59508,2.59508,0,0
AST_PE,D,20240111,000000,2.6076,2.61655,2.53869,2.59508,0,0
AST_PE,D,20240112,000000,2.59954,2.66935,2.5736,2.59508,0,0
AST_PE,D,20240115,000000,2.59954,2.6246,2.56912,2.59508,0,0
AST_PE,D,20240116,000000,2.63802,2.6425,2.59508,2.59508,0,0
AST_PE,D,20240117,000000,2.5906,2.77404,2.56912,2.77404,0,0
AST_PE,D,20240118,000000,2.77404,2.77404,2.68455,2.68455,0,0
AST_PE,D,20240119,000000,2.70156,2.87248,2.70156,2.86353,0,0
AST_PE,D,20240122,000000,2.87248,2.9199,2.82415,2.86353,0,0
AST_PE,D,20240123,000000,2.86353,2.86353,2.77226,2.86353,0,0
AST_PE,D,20240124,000000,2.81521,2.87248,2.77404,2.77404,0,0
AST_PE,D,20240125,000000,2.77404,2.81252,2.73109,2.77404,0,0
AST_PE,D,20240126,000000,2.81699,2.85995,2.68009,2.68455,0,0
AST_PE,D,20240129,000000,2.68903,2.80894,2.68455,2.77404,0,0
AST_PE,D,20240130,000000,2.78657,2.86353,2.77852,2.86353,0,0
AST_PE,D,20240131,000000,2.86353,2.88142,2.80179,2.86353,0,0
AST_PE,D,20240201,000000,2.85458,2.88142,2.81073,2.86353,0,0
AST_PE,D,20240202,000000,2.86353,2.89485,2.83669,2.86353,0,0
AST_PE,D,20240205,000000,2.83221,2.85458,2.77404,2.77404,0,0
AST_PE,D,20240206,000000,2.79194,2.79552,2.7481,2.77404,0,0
AST_PE,D,20240207,000000,2.77404,2.77404,2.68455,2.68455,0,0
AST_PE,D,20240208,000000,2.71498,2.72304,2.59418,2.68455,0,0
AST_PE,D,20240209,000000,2.70603,2.70603,2.6067,2.68455,0,0
AST_PE,D,20240212,000000,2.68455,2.72483,2.68009,2.68455,0,0
AST_PE,D,20240213,000000,2.68455,2.68455,2.47426,2.50559,0,0
AST_PE,D,20240214,000000,2.48858,2.50559,2.44921,2.50559,0,0
AST_PE,D,20240215,000000,2.54497,2.62013,2.50559,2.59508,0,0
AST_PE,D,20240216,000000,2.61655,2.61655,2.50559,2.50559,0,0
AST_PE,D,20240219,000000,2.50111,2.59508,2.47964,2.59508,0,0
AST_PE,D,20240220,000000,2.59508,2.61297,2.50559,2.50559,0,0
AST_PE,D,20240221,000000,2.54049,2.56197,2.47964,2.50559,0,0
AST_PE,D,20240222,000000,2.51901,2.54497,2.49216,2.50559,0,0
AST_PE,D,20240223,000000,2.50559,2.50559,2.42774,2.50559,0,0
AST_PE,D,20240226,000000,2.53154,2.61476,2.53154,2.59508,0,0
AST_PE,D,20240227,000000,2.59508,2.59508,2.5557,2.59508,0,0
AST_PE,D,20240228,000000,2.59508,2.59508,2.50559,2.50559,0,0
AST_PE,D,20240229,000000,2.50559,2.60492,2.50559,2.59508,0,0
AST_PE,D,20240301,000000,2.60402,2.63982,2.59508,2.59508,0,0
AST_PE,D,20240304,000000,2.57807,2.57807,2.52975,2.53423,0,0
AST_PE,D,20240305,000000,2.53423,2.59508,2.52975,2.59508,0,0
AST_PE,D,20240306,000000,2.56912,2.61297,2.5557,2.59508,0,0
AST_PE,D,20240307,000000,2.59508,2.6085,2.50559,2.50559,0,0
AST_PE,D,20240308,000000,2.50111,2.51454,2.49216,2.50559,0,0
AST_PE,D,20240311,000000,2.50559,2.53601,2.49664,2.50559,0,0
AST_PE,D,20240312,000000,2.50111,2.50559,2.44026,2.50559,0,0
AST_PE,D,20240313,000000,2.48769,2.55481,2.48769,2.50559,0,0
AST_PE,D,20240314,000000,2.52349,2.59508,2.52349,2.59508,0,0
AST_PE,D,20240315,000000,2.55928,2.66577,2.55928,2.66577,0,0
AST_PE,D,20240318,000000,2.63086,2.66129,2.59508,2.59508,0,0
AST_PE,D,20240319,000000,2.60402,2.62102,2.5727,2.59508,0,0
AST_PE,D,20240320,000000,2.59508,2.61297,2.58612,2.59508,0,0
AST_PE,D,20240321,000000,2.56912,2.62998,2.56912,2.59508,0,0
AST_PE,D,20240322,000000,2.60402,2.60402,2.49932,2.59508,0,0
AST_PE,D,20240325,000000,2.61297,2.63086,2.5727,2.59508,0,0
AST_PE,D,20240326,000000,2.60402,2.64876,2.59508,2.59508,0,0
AST_PE,D,20240327,000000,2.56465,2.59508,2.50559,2.50559,0,0
AST_PE,D,20240328,000000,2.53154,2.53154,2.49306,2.50559,0,0
AST_PE,D,20240402,000000,2.50559,2.59508,2.50559,2.59508,0,0
AST_PE,D,20240403,000000,2.60402,2.62192,2.56823,2.59508,0,0
AST_PE,D,20240404,000000,2.59508,2.59508,2.55123,2.59508,0,0
AST_PE,D,20240405,000000,2.62192,2.64429,2.59508,2.59508,0,0
AST_PE,D,20240408,000000,2.5906,2.61297,2.5727,2.59508,0,0
AST_PE,D,20240409,000000,2.63982,2.63982,2.59508,2.59508,0,0
AST_PE,D,20240410,000000,2.58165,2.59508,2.55928,2.59508,0,0
AST_PE,D,20240411,000000,2.59954,2.59954,2.50559,2.50559,0,0
AST_PE,D,20240412,000000,2.50559,2.51901,2.44384,2.50559,0,0
AST_PE,D,20240415,000000,2.50559,2.63982,2.50559,2.50559,0,0
AST_PE,D,20240416,000000,2.54497,2.58523,2.41611,2.41611,0,0
AST_PE,D,20240417,000000,2.42505,2.45995,2.40715,2.41611,0,0
AST_PE,D,20240418,000000,2.45995,2.45995,2.23713,2.23713,0,0
AST_PE,D,20240419,000000,2.22461,2.32662,2.22461,2.32662,0,0
AST_PE,D,20240422,000000,2.35973,2.3642,2.29709,2.32662,0,0
AST_PE,D,20240423,000000,2.31409,2.31409,2.23713,2.23713,0,0
AST_PE,D,20240424,000000,2.23713,2.27024,2.21208,2.23713,0,0
AST_PE,D,20240425,000000,2.24161,2.26219,2.23713,2.23713,0,0
AST_PE,D,20240426,000000,2.22461,2.32662,2.22461,2.32662,0,0
AST_PE,D,20240429,000000,2.31409,2.32662,2.28903,2.32662,0,0
AST_PE,D,20240430,000000,2.32662,2.36062,2.27561,2.32662,0,0
AST_PE,D,20240502,000000,2.32662,2.37763,2.30962,2.31409,0,0
AST_PE,D,20240506,000000,2.31856,2.33467,2.23713,2.23713,0,0
AST_PE,D,20240507,000000,2.24161,2.29888,2.21655,2.23713,0,0
AST_PE,D,20240508,000000,2.28635,2.28635,2.1915,2.23713,0,0
AST_PE,D,20240509,000000,2.25413,2.3123,2.22461,2.23713,0,0
AST_PE,D,20240510,000000,2.23713,2.25324,2.19597,2.23713,0,0
AST_PE,D,20240513,000000,2.24161,2.29082,2.17896,2.23713,0,0
AST_PE,D,20240514,000000,2.26667,2.26667,2.23266,2.23713,0,0
AST_PE,D,20240515,000000,2.24519,2.29977,2.23713,2.23713,0,0
AST_PE,D,20240516,000000,2.25771,2.27471,2.17896,2.23713,0,0
AST_PE,D,20240517,000000,2.24966,2.25413,2.16554,2.23713,0,0
AST_PE,D,20240520,000000,2.27113,2.32662,2.23713,2.32662,0,0
AST_PE,D,20240521,000000,2.31409,2.32214,2.23713,2.23713,0,0
AST_PE,D,20240522,000000,2.24161,2.32662,2.23713,2.32662,0,0
AST_PE,D,20240523,000000,2.32662,2.32662,2.23713,2.23713,0,0
AST_PE,D,20240524,000000,2.21208,2.59508,2.18254,2.59508,0,0
AST_PE,D,20240527,000000,2.59508,2.62371,2.57539,2.59508,0,0
AST_PE,D,20240528,000000,2.5906,2.66219,2.5906,2.59508,0,0
AST_PE,D,20240529,000000,2.59954,2.7293,2.55212,2.68455,0,0
AST_PE,D,20240531,000000,2.73288,2.78568,2.69441,2.77404,0,0
AST_PE,D,20240603,000000,2.78389,2.80268,2.75972,2.77404,0,0
AST_PE,D,20240604,000000,2.77404,2.77404,2.70693,2.77404,0,0
AST_PE,D,20240605,000000,2.79373,2.82684,2.77404,2.77404,0,0
AST_PE,D,20240606,000000,2.78836,2.80268,2.74094,2.77404,0,0
AST_PE,D,20240607,000000,2.74004,2.80268,2.74004,2.77404,0,0
AST_PE,D,20240610,000000,2.74988,2.74988,2.68455,2.68455,0,0
AST_PE,D,20240611,000000,2.68455,2.68455,2.59508,2.59508,0,0
AST_PE,D,20240612,000000,2.59508,2.68455,2.55301,2.68455,0,0
AST_PE,D,20240613,000000,2.68455,2.71319,2.61834,2.68455,0,0
AST_PE,D,20240614,000000,2.69441,2.74094,2.68455,2.68455,0,0
AST_PE,D,20240617,000000,2.7123,2.74988,2.68455,2.68455,0,0
AST_PE,D,20240618,000000,2.69351,2.69351,2.63802,2.65682,0,0
AST_PE,D,20240619,000000,2.67024,2.80447,2.66577,2.77404,0,0
AST_PE,D,20240620,000000,2.78836,2.87158,2.78836,2.86353,0,0
AST_PE,D,20240621,000000,2.87785,2.902,2.77404,2.77404,0,0
AST_PE,D,20240624,000000,3.07334,3.22001,2.99132,2.99132,0,0
AST_PE,D,20240625,000000,3.03667,3.03667,2.91991,2.99132,0,0
AST_PE,D,20240626,000000,3.0222,3.0222,2.94983,2.99132,0,0
AST_PE,D,20240627,000000,2.99614,3.00193,2.97588,2.99132,0,0
AST_PE,D,20240628,000000,2.99132,2.99132,2.96044,2.99132,0,0
AST_PE,D,20240701,000000,2.9807,2.9807,2.89289,2.89482,0,0
AST_PE,D,20240702,000000,2.9257,2.94018,2.89482,2.89482,0,0
AST_PE,D,20240703,000000,2.89482,2.99132,2.83982,2.99132,0,0
AST_PE,D,20240704,000000,2.99132,2.99132,2.96527,2.99132,0,0
AST_PE,D,20240705,000000,2.99614,3.04825,2.95465,2.99132,0,0
AST_PE,D,20240708,000000,2.93535,3.00193,2.93535,2.99132,0,0
AST_PE,D,20240709,000000,3.01737,3.01737,2.95562,2.99132,0,0
AST_PE,D,20240710,000000,2.99132,3.00676,2.945,2.99132,0,0
AST_PE,D,20240711,000000,3.00193,3.03281,2.96527,2.99132,0,0
AST_PE,D,20240712,000000,2.99132,3.01737,2.94983,2.99132,0,0
AST_PE,D,20240715,000000,3.00193,3.00193,2.945,2.99132,0,0
AST_PE,D,20240716,000000,2.99132,2.99132,2.88614,2.89482,0,0
AST_PE,D,20240717,000000,2.85333,2.89,2.79833,2.79833,0,0
AST_PE,D,20240718,000000,2.78772,2.81859,2.77324,2.79833,0,0
AST_PE,D,20240719,000000,2.85526,2.86009,2.79833,2.79833,0,0
AST_PE,D,20240722,000000,2.79833,2.89482,2.76745,2.89482,0,0
AST_PE,D,20240723,000000,2.89965,2.90544,2.86395,2.89482,0,0
AST_PE,D,20240724,000000,2.89482,2.89482,2.8736,2.89482,0,0
AST_PE,D,20240725,000000,2.90544,3.04632,2.90544,2.99132,0,0
AST_PE,D,20240726,000000,2.99132,3.18431,2.99132,3.18431,0,0
AST_PE,D,20240729,000000,3.21519,3.35607,3.18431,3.18431,0,0
AST_PE,D,20240730,000000,3.19975,3.19975,3.12834,3.18431,0,0
AST_PE,D,20240731,000000,3.16404,3.18431,3.13895,3.18431,0,0
AST_PE,D,20240801,000000,3.18431,3.23062,3.06658,3.08781,0,0
AST_PE,D,20240802,000000,3.06755,3.06755,2.88421,2.99132,0,0
AST_PE,D,20240805,000000,2.90833,2.90833,2.7578,2.79833,0,0
AST_PE,D,20240806,000000,2.8543,2.97684,2.84947,2.89482,0,0
AST_PE,D,20240807,000000,2.90447,2.99132,2.86491,2.99132,0,0
AST_PE,D,20240808,000000,3.00193,3.00193,2.94983,2.99132,0,0
AST_PE,D,20240809,000000,3.00193,3.05308,2.99132,2.99132,0,0
AST_PE,D,20240812,000000,2.99614,3.08781,2.99614,3.08781,0,0
AST_PE,D,20240813,000000,3.08781,3.19106,3.07237,3.08781,0,0
AST_PE,D,20240814,000000,3.09843,3.09843,3.03667,3.08781,0,0
AST_PE,D,20240816,000000,3.08781,3.10325,3.00483,3.08781,0,0
AST_PE,D,20240819,000000,3.11869,3.16018,3.08299,3.08781,0,0
AST_PE,D,20240820,000000,3.08781,3.12448,3.08299,3.08781,0,0
AST_PE,D,20240821,000000,3.08781,3.09843,3.06658,3.08781,0,0
AST_PE,D,20240822,000000,3.07237,3.08299,2.96816,2.99132,0,0
AST_PE,D,20240823,000000,3.00676,3.08781,2.9807,3.08781,0,0
AST_PE,D,20240826,000000,3.06658,3.09264,2.89482,2.89482,0,0
AST_PE,D,20240827,000000,2.89965,2.99132,2.89965,2.99132,0,0
AST_PE,D,20240828,000000,2.99132,3.00676,2.89482,2.89482,0,0
AST_PE,D,20240829,000000,2.89482,2.99132,2.86491,2.99132,0,0
AST_PE,D,20240830,000000,2.99614,3.08781,2.97588,3.08781,0,0
AST_PE,D,20240902,000000,3.04053,3.06176,3.01448,3.05693,0,0
AST_PE,D,20240903,000000,3.05693,3.06658,2.99132,2.99132,0,0
AST_PE,D,20240904,000000,3.00676,3.03764,2.96527,2.99132,0,0
AST_PE,D,20240905,000000,3.01158,3.01158,2.95562,2.99132,0,0
AST_PE,D,20240906,000000,2.98649,2.99132,2.945,2.99132,0,0
AST_PE,D,20240909,000000,2.99132,3.03378,2.89482,2.89482,0,0
AST_PE,D,20240910,000000,2.91026,2.93053,2.89,2.89482,0,0
AST_PE,D,20240911,000000,2.93053,2.99132,2.89482,2.99132,0,0
AST_PE,D,20240912,000000,2.99132,3.10711,2.99132,3.08781,0,0
AST_PE,D,20240913,000000,3.07237,3.08781,3.02509,3.08781,0,0
AST_PE,D,20240916,000000,3.09264,3.09264,3.05597,3.08781,0,0
AST_PE,D,20240917,000000,3.04053,3.08781,3.04053,3.08781,0,0
AST_PE,D,20240918,000000,3.08299,3.15053,3.08299,3.08781,0,0
AST_PE,D,20240919,000000,3.10325,3.10325,3.06176,3.08781,0,0
AST_PE,D,20240920,000000,3.09264,3.14378,3.0772,3.08781,0,0
AST_PE,D,20240923,000000,3.12931,3.12931,3.01544,3.08781,0,0
AST_PE,D,20240924,000000,3.10808,3.18431,3.10808,3.18431,0,0
AST_PE,D,20240925,000000,3.18431,3.21615,3.16887,3.18431,0,0
AST_PE,D,20240926,000000,3.18431,3.24703,3.16887,3.18431,0,0
AST_PE,D,20240927,000000,3.20457,3.2808,3.20457,3.2808,0,0
AST_PE,D,20240930,000000,3.32712,3.33291,3.21905,3.2808,0,0
AST_PE,D,20241001,000000,3.2808,3.2808,3.15536,3.18431,0,0
AST_PE,D,20241002,000000,3.18913,3.22097,3.04922,3.08781,0,0
AST_PE,D,20241003,000000,3.08781,3.18431,3.08781,3.18431,0,0
AST_PE,D,20241004,000000,3.18431,3.18913,3.1322,3.18431,0,0
AST_PE,D,20241007,000000,3.18431,3.18431,3.08781,3.08781,0,0
AST_PE,D,20241008,000000,3.09843,3.18431,3.05211,3.18431,0,0
AST_PE,D,20241009,000000,3.15825,3.18913,3.15343,3.18431,0,0
AST_PE,D,20241010,000000,3.18431,3.20554,3.16887,3.18431,0,0
AST_PE,D,20241011,000000,3.18913,3.21519,3.17948,3.18431,0,0
AST_PE,D,20241014,000000,3.16404,3.18431,3.10711,3.18431,0,0
AST_PE,D,20241015,000000,3.18431,3.18431,3.08781,3.08781,0,0
AST_PE,D,20241016,000000,3.09264,3.10808,3.05693,3.08781,0,0
AST_PE,D,20241017,000000,3.09264,3.10808,3.06755,3.08781,0,0
AST_PE,D,20241018,000000,3.0772,3.1901,3.05693,3.18431,0,0
AST_PE,D,20241021,000000,3.16404,3.19975,3.09746,3.18431,0,0
AST_PE,D,20241022,000000,3.18431,3.18431,3.08781,3.08781,0,0
AST_PE,D,20241023,000000,3.09843,3.10808,3.06176,3.08781,0,0
AST_PE,D,20241024,000000,3.08781,3.11387,3.06176,3.08781,0,0
AST_PE,D,20241025,000000,3.09264,3.13895,3.08781,3.08781,0,0
AST_PE,D,20241028,000000,3.08781,3.10808,3.0579,3.08781,0,0
AST_PE,D,20241029,000000,3.08299,3.09264,3.04729,3.08781,0,0
AST_PE,D,20241030,000000,3.08781,3.09264,3.05693,3.08781,0,0
AST_PE,D,20241031,000000,3.07237,3.08781,3.05211,3.08781,0,0
AST_PE,D,20241104,000000,3.10808,3.32326,3.0772,3.2808,0,0
AST_PE,D,20241105,000000,3.2808,3.30685,3.23448,3.2808,0,0
AST_PE,D,20241106,000000,3.27598,3.38405,3.19299,3.2808,0,0
AST_PE,D,20241107,000000,3.2808,3.3773,3.22966,3.3773,0,0
AST_PE,D,20241108,000000,3.3773,3.54327,3.34063,3.47379,0,0
AST_PE,D,20241112,000000,3.46896,3.47379,3.42844,3.47379,0,0
AST_PE,D,20241113,000000,3.47861,3.76327,3.47379,3.76327,0,0
AST_PE,D,20241114,000000,3.75266,3.75266,3.63879,3.66678,0,0
AST_PE,D,20241115,000000,3.6716,3.75459,3.66195,3.66678,0,0
AST_PE,D,20241118,000000,3.66678,3.76327,3.66678,3.76327,0,0
AST_PE,D,20241119,000000,3.76327,3.76327,3.59248,3.66678,0,0
AST_PE,D,20241120,000000,3.66678,3.75459,3.66678,3.66678,0,0
AST_PE,D,20241121,000000,3.65134,3.70248,3.62625,3.66678,0,0
AST_PE,D,20241122,000000,3.70827,3.90801,3.70827,3.85977,0,0
AST_PE,D,20241125,000000,3.84915,4.18688,3.84915,4.05275,0,0
AST_PE,D,20241126,000000,4.07881,4.1039,3.81152,3.85977,0,0
AST_PE,D,20241127,000000,3.90029,3.97749,3.80862,3.85977,0,0
AST_PE,D,20241128,000000,3.85977,3.95337,3.82889,3.85977,0,0
AST_PE,D,20241129,000000,3.88582,3.89547,3.82889,3.85977,0,0
AST_PE,D,20241202,000000,3.9167,4.01416,3.87521,3.95626,0,0
AST_PE,D,20241203,000000,3.98714,3.98714,2.70184,2.70184,0,0
AST_PE,D,20241204,000000,2.72307,2.79833,2.71921,2.79833,0,0
AST_PE,D,20241205,000000,2.78386,2.79833,2.70184,2.70184,0,0
AST_PE,D,20241206,000000,2.68833,2.79833,2.67482,2.79833,0,0
AST_PE,D,20241209,000000,2.8128,2.91412,2.8128,2.89482,0,0
AST_PE,D,20241210,000000,2.89482,2.93053,2.82438,2.89482,0,0
AST_PE,D,20241211,000000,2.89096,2.89096,2.79833,2.79833,0,0
AST_PE,D,20241212,000000,2.79833,2.82535,2.75008,2.79833,0,0
AST_PE,D,20241213,000000,2.80219,2.80219,2.74043,2.79833,0,0
AST_PE,D,20241216,000000,2.79833,2.79833,2.71535,2.79833,0,0
AST_PE,D,20241217,000000,2.80219,2.90447,2.79833,2.79833,0,0
AST_PE,D,20241218,000000,2.8157,2.89482,2.79447,2.89482,0,0
AST_PE,D,20241219,000000,2.87746,2.92281,2.77807,2.79833,0,0
AST_PE,D,20241220,000000,2.79447,2.79833,2.65841,2.79833,0,0
AST_PE,D,20241223,000000,2.79447,2.79447,2.70184,2.70184,0,0
AST_PE,D,20241227,000000,2.73271,2.90737,2.71245,2.79833,0,0
AST_PE,D,20241230,000000,2.82535,2.83982,2.78482,2.79833,0,0
AST_PE,D,20250102,000000,2.8157,2.99421,2.8157,2.99132,0,0
AST_PE,D,20250103,000000,2.99132,3.0193,2.95658,2.99132,0,0
AST_PE,D,20250107,000000,3.01255,3.07237,2.99132,2.99132,0,0
AST_PE,D,20250108,000000,2.99132,3.08492,2.99132,2.99132,0,0
AST_PE,D,20250109,000000,2.99132,2.99132,2.84561,2.89482,0,0
AST_PE,D,20250110,000000,2.89482,2.93246,2.74333,2.79833,0,0
AST_PE,D,20250113,000000,2.7771,2.82631,2.7607,2.79833,0,0
AST_PE,D,20250114,000000,2.79833,2.89289,2.79833,2.79833,0,0
AST_PE,D,20250115,000000,2.79447,2.89482,2.79447,2.89482,0,0
AST_PE,D,20250116,000000,2.89482,2.9479,2.79833,2.79833,0,0
AST_PE,D,20250117,000000,2.8157,2.89482,2.8157,2.89482,0,0
AST_PE,D,20250120,000000,2.9479,2.9479,2.89096,2.89482,0,0
AST_PE,D,20250121,000000,2.92281,2.94404,2.89482,2.89482,0,0
AST_PE,D,20250122,000000,2.93728,2.93728,2.88807,2.89482,0,0
AST_PE,D,20250123,000000,2.89482,2.89482,2.79833,2.79833,0,0
AST_PE,D,20250124,000000,2.79833,2.89482,2.77807,2.89482,0,0
AST_PE,D,20250127,000000,2.89096,2.94114,2.86298,2.89482,0,0
AST_PE,D,20250128,000000,2.91219,2.91219,2.86684,2.89482,0,0
AST_PE,D,20250129,000000,2.89482,2.9093,2.8736,2.89482,0,0
AST_PE,D,20250130,000000,2.89868,2.91219,2.8736,2.89482,0,0
AST_PE,D,20250131,000000,2.85623,2.92956,2.85623,2.89482,0,0
AST_PE,D,20250203,000000,2.91219,2.99132,2.89096,2.99132,0,0
AST_PE,D,20250204,000000,2.97395,3.10422,2.97395,3.08781,0,0
AST_PE,D,20250205,000000,3.10518,3.10518,3.02799,3.08781,0,0
AST_PE,D,20250206,000000,3.13027,3.54423,3.10904,3.47379,0,0
AST_PE,D,20250207,000000,3.54809,3.54809,3.39949,3.47379,0,0
AST_PE,D,20250210,000000,3.47379,3.78354,3.47379,3.66678,0,0
AST_PE,D,20250211,000000,3.72274,3.76327,3.61081,3.76327,0,0
AST_PE,D,20250212,000000,3.7488,3.76327,3.66678,3.66678,0,0
AST_PE,D,20250213,000000,3.73046,3.9688,3.73046,3.95626,0,0
AST_PE,D,20250214,000000,3.9138,4.14732,3.82213,3.85977,0,0
AST_PE,D,20250217,000000,3.85301,4.08074,3.85301,3.95626,0,0
AST_PE,D,20250218,000000,3.95626,4.02091,3.76327,3.76327,0,0
AST_PE,D,20250219,000000,3.76327,3.76327,3.42554,3.47379,0,0
AST_PE,D,20250220,000000,3.47379,3.73625,3.28273,3.3773,0,0
AST_PE,D,20250221,000000,3.37054,3.83564,3.37054,3.76327,0,0
AST_PE,D,20250224,000000,3.79897,4.06337,3.79897,3.95626,0,0
AST_PE,D,20250225,000000,4.00547,4.00547,3.82889,3.95626,0,0
AST_PE,D,20250226,000000,3.99872,4.02091,3.90608,3.95626,0,0
AST_PE,D,20250227,000000,3.95626,3.95626,3.81924,3.85977,0,0
AST_PE,D,20250228,000000,3.78836,3.9881,3.73818,3.85977,0,0
AST_PE,D,20250303,000000,3.49116,3.64748,3.4101,3.47379,0,0
AST_PE,D,20250304,000000,3.38984,3.47379,3.34063,3.47379,0,0
AST_PE,D,20250305,000000,3.66581,3.79415,3.64458,3.66678,0,0
AST_PE,D,20250306,000000,3.71695,3.88099,3.66002,3.76327,0,0
AST_PE,D,20250307,000000,3.71406,3.83468,3.71406,3.76327,0,0
AST_PE,D,20250310,000000,3.74204,3.74204,3.52397,3.66678,0,0
AST_PE,D,20250311,000000,3.66002,3.82213,3.59634,3.66678,0,0
AST_PE,D,20250312,000000,3.88775,3.88775,3.68125,3.76327,0,0
AST_PE,D,20250313,000000,3.77775,3.7845,3.66678,3.66678,0,0
AST_PE,D,20250314,000000,3.68801,3.80862,3.68801,3.76327,0,0
AST_PE,D,20250317,000000,3.85494,3.99679,3.72757,3.95626,0,0
AST_PE,D,20250318,000000,3.97749,4.11065,3.97749,4.05275,0,0
AST_PE,D,20250319,000000,4.05951,4.06723,3.93117,3.95626,0,0
AST_PE,D,20250320,000000,3.97749,3.991,3.89354,3.95626,0,0
AST_PE,D,20250321,000000,3.95626,4.14925,3.95626,4.14925,0,0
AST_PE,D,20250324,000000,4.21293,4.24767,4.14925,4.14925,0,0
AST_PE,D,20250325,000000,4.17723,4.20522,4.07881,4.14925,0,0
AST_PE,D,20250326,000000,4.19943,4.19943,4.05275,4.05275,0,0
AST_PE,D,20250327,000000,4.05275,4.06723,3.98907,4.05275,0,0
AST_PE,D,20250328,000000,4.05275,4.05275,3.85977,3.85977,0,0
AST_PE,D,20250331,000000,3.85977,3.85977,3.7131,3.76327,0,0
AST_PE,D,20250401,000000,3.76327,3.82696,3.76327,3.76327,0,0
AST_PE,D,20250402,000000,3.76327,3.77775,3.67932,3.76327,0,0
AST_PE,D,20250403,000000,3.72081,3.7488,3.69187,3.69187,0,0
AST_PE,D,20250404,000000,3.65713,3.67064,3.3773,3.3773,0,0
AST_PE,D,20250407,000000,3.23255,3.41203,3.18431,3.41203,0,0
AST_PE,D,20250408,000000,3.4873,3.68704,3.47379,3.57028,0,0
AST_PE,D,20250409,000000,3.52879,3.52879,3.40624,3.47379,0,0
AST_PE,D,20250410,000000,3.69573,3.69573,3.4873,3.4873,0,0
AST_PE,D,20250411,000000,3.51528,3.59923,3.47379,3.47379,0,0
AST_PE,D,20250414,000000,3.49405,3.49405,3.38502,3.47379,0,0
AST_PE,D,20250415,000000,3.50177,3.61853,3.45353,3.57028,0,0
AST_PE,D,20250416,000000,3.50853,3.52204,3.45353,3.47379,0,0
AST_PE,D,20250417,000000,3.48054,3.48054,3.44002,3.47379,0,0
AST_PE,D,20250422,000000,3.49405,3.76327,3.49405,3.76327,0,0
AST_PE,D,20250423,000000,3.83275,3.83275,3.65134,3.66678,0,0
AST_PE,D,20250424,000000,3.65327,3.66678,3.57028,3.57028,0,0
AST_PE,D,20250425,000000,3.57028,3.64651,3.55677,3.57028,0,0
AST_PE,D,20250428,000000,3.57028,3.68029,3.57028,3.66678,0,0
AST_PE,D,20250429,000000,3.63976,3.66002,3.57028,3.57028,0,0
AST_PE,D,20250430,000000,3.55002,3.60406,3.523,3.57028,0,0
AST_PE,D,20250502,000000,3.66485,3.81248,3.63783,3.76327,0,0
AST_PE,D,20250505,000000,3.76327,3.79029,3.7295,3.76327,0,0
AST_PE,D,20250506,000000,3.77678,3.77678,3.73625,3.76327,0,0
AST_PE,D,20250507,000000,3.77003,3.85977,3.77003,3.85977,0,0
AST_PE,D,20250508,000000,3.85977,4.14925,3.85977,4.14925,0,0
AST_PE,D,20250509,000000,4.18399,4.18399,4.05275,4.05275,0,0
AST_PE,D,20250512,000000,4.08653,4.34224,4.08653,4.34224,0,0
AST_PE,D,20250513,000000,4.31425,4.40399,4.28724,4.34224,0,0
AST_PE,D,20250514,000000,4.33548,4.36926,4.28145,4.34224,0,0
AST_PE,D,20250515,000000,4.34224,4.35575,4.31522,4.34224,0,0
AST_PE,D,20250516,000000,4.33548,4.33548,4.12609,4.24574,0,0
AST_PE,D,20250519,000000,4.21776,4.23899,4.14925,4.14925,0,0
AST_PE,D,20250520,000000,4.20425,4.20425,3.88968,3.95626,0,0
AST_PE,D,20250521,000000,3.94951,3.94951,3.6359,3.64941,0,0
AST_PE,D,20250522,000000,3.6359,3.85977,3.62915,3.85977,0,0
AST_PE,D,20250523,000000,3.80476,4.06626,3.80476,4.05275,0,0
AST_PE,D,20250526,000000,4.05275,4.14925,4.05275,4.14925,0,0
AST_PE,D,20250527,000000,4.14925,4.19171,4.05275,4.05275,0,0
AST_PE,D,20250528,000000,4.05275,4.10872,4.05275,4.05275,0,0
AST_PE,D,20250529,000000,4.046,4.22065,4.046,4.14925,0,0
AST_PE,D,20250530,000000,4.17048,4.25443,4.12802,4.14925,0,0
AST_PE,D,20250602,000000,4.13477,4.26215,4.11451,4.14925,0,0
AST_PE,D,20250603,000000,4.10776,4.20522,4.05275,4.05275,0,0
AST_PE,D,20250604,000000,4.08749,4.16372,4.06626,4.14925,0,0
AST_PE,D,20250605,000000,4.14925,4.23416,4.11355,4.14925,0,0
AST_PE,D,20250606,000000,4.14925,4.3461,4.14925,4.14925,0,0
AST_PE,D,20250609,000000,4.14925,4.156,4.101,4.14925,0,0
AST_PE,D,20250610,000000,4.12127,4.24574,4.12127,4.24574,0,0
AST_PE,D,20250611,000000,4.23899,4.24574,4.14925,4.14925,0,0
AST_PE,D,20250612,000000,4.17048,4.17723,4.07977,4.14925,0,0
AST_PE,D,20250613,000000,4.10679,4.19846,4.05275,4.05275,0,0
AST_PE,D,20250616,000000,4.03925,4.16372,4.03925,4.14925,0,0
AST_PE,D,20250617,000000,4.14925,4.27469,4.14249,4.24574,0,0
AST_PE,D,20250618,000000,4.24574,4.24574,4.14635,4.14925,0,0
AST_PE,D,20250620,000000,4.17048,4.21293,4.12802,4.14925,0,0
AST_PE,D,20250623,000000,4.14249,4.14925,4.04504,4.14925,0,0
AST_PE,D,20250624,000000,4.14249,4.24574,4.14249,4.24574,0,0
AST_PE,D,20250625,000000,4.26022,4.29495,4.24574,4.24574,0,0
AST_PE,D,20250626,000000,4.24574,4.2525,4.11837,4.14925,0,0
AST_PE,D,20250627,000000,4.14925,4.21969,4.14925,4.14925,0,0
AST_PE,D,20250630,000000,4.18399,4.24574,4.18399,4.24574,0,0
AST_PE,D,20250701,000000,4.415,4.469,4.2,4.2,0,0
AST_PE,D,20250702,000000,4.2,4.2,4.075,4.1,0,0
AST_PE,D,20250703,000000,4.18,4.18,4.093,4.1,0,0
AST_PE,D,20250704,000000,4.1,4.166,3.902,4,0,0
AST_PE,D,20250707,000000,3.964,3.964,3.738,3.8,0,0
AST_PE,D,20250708,000000,3.807,3.807,3.712,3.8,0,0
AST_PE,D,20250709,000000,3.778,3.815,3.7,3.7,0,0
AST_PE,D,20250710,000000,3.707,3.817,3.707,3.8,0,0
AST_PE,D,20250711,000000,3.815,3.932,3.815,3.9,0,0
AST_PE,D,20250714,000000,3.975,4.043,3.9,3.9,0,0
AST_PE,D,20250715,000000,3.907,3.988,3.8,3.8,0,0
AST_PE,D,20250716,000000,3.8,3.8,3.692,3.8,0,0
AST_PE,D,20250717,000000,3.8,3.8,3.7,3.7,0,0
AST_PE,D,20250718,000000,3.729,3.773,3.623,3.7,0,0
AST_PE,D,20250721,000000,3.685,3.825,3.678,3.7,0,0
AST_PE,D,20250722,000000,3.664,3.7,3.664,3.7,0,0
AST_PE,D,20250723,000000,3.7,3.7,3.616,3.7,0,0
AST_PE,D,20250724,000000,3.7,3.7,3.6,3.6,0,0
AST_PE,D,20250725,000000,3.503,3.557,3.47,3.5,0,0
AST_PE,D,20250728,000000,3.478,3.5,3.413,3.5,0,0
AST_PE,D,20250729,000000,3.5,3.559,3.4,3.4,0,0
AST_PE,D,20250730,000000,3.418,3.5,3.418,3.5,0,0
AST_PE,D,20250731,000000,3.515,3.515,3.442,3.5,0,0
AST_PE,D,20250801,000000,3.515,3.515,3.4,3.4,0,0
AST_PE,D,20250804,000000,3.386,3.5,3.386,3.5,0,0
AST_PE,D,20250805,000000,3.5,3.529,3.4,3.4,0,0
AST_PE,D,20250806,000000,3.371,3.5,3.371,3.5,0,0
AST_PE,D,20250807,000000,3.507,3.882,3.507,3.8,0,0
AST_PE,D,20250808,000000,3.807,3.807,3.6,3.6,0,0
AST_PE,D,20250811,000000,3.687,3.8,3.687,3.8,0,0
AST_PE,D,20250812,000000,3.815,3.822,3.7,3.7,0,0
AST_PE,D,20250813,000000,3.7,3.794,3.671,3.7,0,0
AST_PE,D,20250814,000000,3.685,3.744,3.671,3.7,0,0
AST_PE,D,20250818,000000,3.715,3.766,3.613,3.7,0,0
AST_PE,D,20250819,000000,3.715,3.765,3.7,3.7,0,0
AST_PE,D,20250820,000000,3.729,3.736,3.686,3.7,0,0
AST_PE,D,20250821,000000,3.707,3.707,3.6,3.6,0,0
AST_PE,D,20250822,000000,3.56,3.615,3.542,3.6,0,0
AST_PE,D,20250825,000000,3.6,3.7,3.545,3.7,0,0
AST_PE,D,20250826,000000,3.7,3.7,3.576,3.6,0,0
AST_PE,D,20250827,000000,3.622,3.7,3.549,3.7,0,0
AST_PE,D,20250828,000000,3.693,3.707,3.6,3.6,0,0
AST_PE,D,20250829,000000,3.55,3.7,3.506,3.7,0,0
AST_PE,D,20250901,000000,3.7,3.707,3.644,3.7,0,0
AST_PE,D,20250902,000000,3.719,3.737,3.655,3.7,0,0
AST_PE,D,20250903,000000,3.715,3.767,3.645,3.7,0,0
AST_PE,D,20250904,000000,3.645,3.7,3.626,3.7,0,0
AST_PE,D,20250905,000000,3.711,3.711,3.659,3.7,0,0
AST_PE,D,20250908,000000,3.734,3.734,3.541,3.6,0,0
AST_PE,D,20250909,000000,3.585,3.585,3.459,3.5,0,0
AST_PE,D,20250910,000000,3.5,3.5,3.355,3.4,0,0
AST_PE,D,20250911,000000,3.4,3.489,3.355,3.4,0,0
AST_PE,D,20250912,000000,3.393,3.404,3.34,3.4,0,0
AST_PE,D,20250915,000000,3.4,3.4,3.284,3.4,0,0
AST_PE,D,20250916,000000,3.362,3.389,3.3,3.3,0,0
AST_PE,D,20250917,000000,3.281,3.45,3.188,3.2,0,0
AST_PE,D,20250918,000000,3.208,3.373,3.208,3.3,0,0
AST_PE,D,20250919,000000,3.3,3.517,3.3,3.5,0,0
AST_PE,D,20250922,000000,3.5,3.597,3.433,3.5,0,0
AST_PE,D,20250923,000000,3.5,3.545,3.425,3.5,0,0
AST_PE,D,20250924,000000,3.5,3.549,3.38,3.4,0,0
AST_PE,D,20250925,000000,3.453,3.5,3.4,3.5,0,0
AST_PE,D,20250926,000000,3.47,3.47,3.3,3.3,0,0
AST_PE,D,20250929,000000,3.289,3.326,3.259,3.3,0,0
AST_PE,D,20250930,000000,3.3,3.3,3.241,3.3,0,0
AST_PE,D,20251001,000000,3.322,3.4,3.307,3.4,0,0
AST_PE,D,20251002,000000,3.396,3.396,3.3,3.3,0,0
AST_PE,D,20251003,000000,3.33,3.36,3.3,3.3,0,0
AST_PE,D,20251006,000000,3.326,3.326,3.267,3.3,0,0
AST_PE,D,20251007,000000,3.3,3.315,3.263,3.3,0,0
AST_PE,D,20251008,000000,3.296,3.361,3.296,3.3,0,0
AST_PE,D,20251009,000000,3.236,3.3,3.222,3.3,0,0
AST_PE,D,20251010,000000,3.323,3.323,3.296,3.3,0,0
AST_PE,D,20251013,000000,3.304,3.334,3.198,3.2,0,0
AST_PE,D,20251014,000000,3.2,3.23,3.073,3.2,0,0
AST_PE,D,20251015,000000,3.223,3.329,3.2,3.2,0,0
AST_PE,D,20251016,000000,3.2,3.305,3.2,3.3,0,0
AST_PE,D,20251017,000000,3.368,3.52,3.3,3.3,0,0
AST_PE,D,20251020,000000,3.368,3.518,3.364,3.5,0,0
AST_PE,D,20251021,000000,3.5,3.609,3.459,3.5,0,0
AST_PE,D,20251022,000000,3.463,3.463,3.373,3.4,0,0
AST_PE,D,20251023,000000,3.374,3.441,3.374,3.4,0,0
AST_PE,D,20251024,000000,3.422,3.5,3.415,3.5,0,0
AST_PE,D,20251027,000000,3.523,3.534,3.44,3.5,0,0
AST_PE,D,20251028,000000,3.5,3.508,3.44,3.5,0,0
AST_PE,D,20251029,000000,3.542,3.561,3.5,3.5,0,0
AST_PE,D,20251030,000000,3.492,3.538,3.4,3.4,0,0
AST_PE,D,20251031,000000,3.444,3.456,3.4,3.411,0,0
AST_PE,D,20251103,000000,3.389,3.5,3.389,3.5,0,0
AST_PE,D,20251104,000000,3.489,3.489,3.4,3.4,0,0
AST_PE,D,20251105,000000,3.415,3.415,3.348,3.4,0,0
AST_PE,D,20251106,000000,3.453,3.453,3.393,3.4,0,0
AST_PE,D,20251107,000000,3.438,3.441,3.332,3.4,0,0
AST_PE,D,20251110,000000,3.453,3.453,3.374,3.4,0,0
AST_PE,D,20251112,000000,3.4,3.408,3.35,3.4,0,0
AST_PE,D,20251113,000000,3.438,3.476,3.381,3.4,0,0
AST_PE,D,20251114,000000,3.438,3.461,3.354,3.4,0,0
AST_PE,D,20251117,000000,3.366,3.48,3.366,3.4,0,0
AST_PE,D,20251118,000000,3.461,3.461,3.3,3.3,0,0
AST_PE,D,20251119,000000,3.3,3.356,3.255,3.3,0,0
AST_PE,D,20251120,000000,3.399,3.399,3.3,3.3,0,0
AST_PE,D,20251121,000000,3.353,5.1,3.33,5.1,0,0
AST_PE,D,20251124,000000,5.244,5.399,5.198,5.3,0,0
AST_PE,D,20251125,000000,5.306,5.49,5.26,5.3,0,0
AST_PE,D,20251126,000000,5.334,5.4,5.254,5.4,0,0
AST_PE,D,20251127,000000,5.383,5.515,5.36,5.4,0,0
AST_PE,D,20251128,000000,5.417,5.51,5.377,5.4,0,0
AST_PE,D,20251201,000000,5.452,5.5,5.331,5.5,0,0
AST_PE,D,20251202,000000,5.5,5.523,5.4,5.4,0,0
AST_PE,D,20251203,000000,5.377,5.411,5.183,5.2,0,0
AST_PE,D,20251204,000000,5.177,5.223,5.166,5.2,0,0
AST_PE,D,20251205,000000,5.2,5.269,5.096,5.1,0,0
AST_PE,D,20251208,000000,5.1,5.203,5.089,5.2,0,0
AST_PE,D,20251209,000000,5.194,5.275,5.16,5.2,0,0
AST_PE,D,20251210,000000,5.223,5.356,5.212,5.3,0,0
AST_PE,D,20251211,000000,5.289,5.289,5.174,5.2,0,0
AST_PE,D,20251212,000000,5.263,5.286,5.2,5.2,0,0
AST_PE,D,20251215,000000,5.297,5.303,5.246,5.3,0,0
AST_PE,D,20251216,000000,5.381,5.381,5.3,5.3,0,0
AST_PE,D,20251217,000000,5.294,5.357,5.197,5.2,0,0
AST_PE,D,20251218,000000,5.2,5.2,5.097,5.1,0,0
AST_PE,D,20251219,000000,5.1,5.2,5.043,5.2,0,0
AST_PE,D,20251222,000000,5.159,5.194,5.1,5.1,0,0
AST_PE,D,20251223,000000,5.065,5.1,4.991,5.031,0,0
AST_PE,D,20251229,000000,5.261,5.261,5.042,5.1,0,0
AST_PE,D,20251230,000000,5.181,5.2,5.158,5.2,0,0
AST_PE,D,20260102,000000,5.165,5.27,5.142,5.2,0,0
AST_PE,D,20260105,000000,5.223,5.299,5.154,5.2,0,0
AST_PE,D,20260107,000000,5.282,5.41,5.2,5.2,0,0
AST_PE,D,20260108,000000,5.2,5.2,5.143,5.2,0,0
AST_PE,D,20260109,000000,5.212,5.264,5.2,5.2,0,0
AST_PE,D,20260112,000000,5.252,5.252,5.131,5.2,0,0
AST_PE,D,20260113,000000,5.212,5.223,5.16,5.2,0,0
AST_PE,D,20260114,000000,5.2,5.258,5.16,5.2,0,0
AST_PE,D,20260115,000000,5.2,5.275,5.194,5.2,0,0
AST_PE,D,20260116,000000,5.258,5.333,5.235,5.3,0,0
AST_PE,D,20260119,000000,5.329,5.329,5.219,5.3,0,0
AST_PE,D,20260120,000000,5.271,5.271,5.172,5.2,0,0
AST_PE,D,20260121,000000,5.2,5.2,5.038,5.1,0,0
AST_PE,D,20260122,000000,5.071,5.338,5.071,5.3,0,0
AST_PE,D,20260123,000000,5.306,5.635,5.306,5.6,0,0
