<TICKER>,<PER>,<DATE>,<TIME>,<OPEN>,<HIGH>,<LOW>,<CLOSE>,<VOL>,<OPENINT>
DVL_PB,D,20070813,000000,2.70615,2.70615,2.70615,2.70615,0,0
DVL_PB,D,20070814,000000,2.66694,2.66694,2.66694,2.66694,0,0
DVL_PB,D,20070816,000000,2.40586,2.40586,2.40586,2.40586,0,0
DVL_PB,D,20070817,000000,0.961512,0.961512,0.961512,0.961512,0,0
DVL_PB,D,20070820,000000,0.978926,0.978926,0.978926,0.978926,0,0
DVL_PB,D,20070821,000000,0.97458,0.97458,0.97458,0.97458,0,0
DVL_PB,D,20070822,000000,1.005,1.005,1.005,1.005,0,0
DVL_PB,D,20070823,000000,1.00932,1.00932,1.00932,1.00932,0,0
DVL_PB,D,20070824,000000,1.0268,1.0268,1.0268,1.0268,0,0
DVL_PB,D,20070827,000000,1.05721,1.05721,1.05721,1.05721,0,0
DVL_PB,D,20070828,000000,1.06596,1.06596,1.06596,1.06596,0,0
DVL_PB,D,20070829,000000,1.05721,1.05721,1.05721,1.05721,0,0
DVL_PB,D,20070830,000000,2.73223,2.73223,2.73223,2.73223,0,0
DVL_PB,D,20070831,000000,2.83227,2.83227,2.83227,2.83227,0,0
DVL_PB,D,20070903,000000,2.80619,2.80619,2.80619,2.80619,0,0
DVL_PB,D,20070904,000000,2.75404,2.75404,2.75404,2.75404,0,0
DVL_PB,D,20070905,000000,2.59305,2.59305,2.59305,2.59305,0,0
DVL_PB,D,20070906,000000,2.59305,2.59305,2.59305,2.59305,0,0
DVL_PB,D,20070907,000000,2.49721,2.49721,2.49721,2.49721,0,0
DVL_PB,D,20070910,000000,2.432,2.432,2.432,2.432,0,0
DVL_PB,D,20070911,000000,2.50603,2.50603,2.50603,2.50603,0,0
DVL_PB,D,20070912,000000,2.48421,2.48421,2.48421,2.48421,0,0
DVL_PB,D,20070913,000000,2.66694,2.66694,2.66694,2.66694,0,0
DVL_PB,D,20070914,000000,2.5495,2.5495,2.5495,2.5495,0,0
DVL_PB,D,20070917,000000,2.5321,2.5321,2.5321,2.5321,0,0
DVL_PB,D,20070918,000000,2.52337,2.52337,2.52337,2.52337,0,0
DVL_PB,D,20070919,000000,2.57992,2.57992,2.57992,2.57992,0,0
DVL_PB,D,20070920,000000,2.52337,2.52337,2.52337,2.52337,0,0
DVL_PB,D,20070921,000000,2.53643,2.53643,2.53643,2.53643,0,0
DVL_PB,D,20070924,000000,2.51895,2.51895,2.51895,2.51895,0,0
DVL_PB,D,20070925,000000,2.62339,2.62339,2.62339,2.62339,0,0
DVL_PB,D,20070926,000000,2.99765,2.99765,2.99765,2.99765,0,0
DVL_PB,D,20070927,000000,2.8584,2.8584,2.8584,2.8584,0,0
DVL_PB,D,20070928,000000,2.80619,2.80619,2.80619,2.80619,0,0
DVL_PB,D,20071001,000000,2.76704,2.76704,2.76704,2.76704,0,0
DVL_PB,D,20071002,000000,2.75825,2.75825,2.75825,2.75825,0,0
DVL_PB,D,20071003,000000,0.991919,0.991919,0.991919,0.991919,0,0
DVL_PB,D,20071004,000000,1.02234,1.02234,1.02234,1.02234,0,0
DVL_PB,D,20071005,000000,1.04849,1.04849,1.04849,1.04849,0,0
DVL_PB,D,20071008,000000,1.03541,1.03541,1.03541,1.03541,0,0
DVL_PB,D,20071009,000000,1.04849,1.04849,1.04849,1.04849,0,0
DVL_PB,D,20071010,000000,1.03541,1.03541,1.03541,1.03541,0,0
DVL_PB,D,20071011,000000,1.03541,1.03541,1.03541,1.03541,0,0
DVL_PB,D,20071012,000000,1.04849,1.04849,1.04849,1.04849,0,0
DVL_PB,D,20071015,000000,1.06596,1.06596,1.06596,1.06596,0,0
DVL_PB,D,20071016,000000,1.03981,1.03981,1.03981,1.03981,0,0
DVL_PB,D,20071017,000000,1.05721,1.05721,1.05721,1.05721,0,0
DVL_PB,D,20071018,000000,1.03541,1.03541,1.03541,1.03541,0,0
DVL_PB,D,20071019,000000,1.03114,1.03114,1.03114,1.03114,0,0
DVL_PB,D,20071022,000000,1.01366,1.01366,1.01366,1.01366,0,0
DVL_PB,D,20071023,000000,1.01366,1.01366,1.01366,1.01366,0,0
DVL_PB,D,20071024,000000,1.01366,1.01366,1.01366,1.01366,0,0
DVL_PB,D,20071025,000000,1.01366,1.01366,1.01366,1.01366,0,0
DVL_PB,D,20071026,000000,1.00932,1.00932,1.00932,1.00932,0,0
DVL_PB,D,20071029,000000,1.03541,1.03541,1.03541,1.03541,0,0
DVL_PB,D,20071030,000000,1.01807,1.01807,1.01807,1.01807,0,0
DVL_PB,D,20071031,000000,1.01807,1.01807,1.01807,1.01807,0,0
DVL_PB,D,20071102,000000,0.996396,0.996396,0.996396,0.996396,0,0
DVL_PB,D,20071105,000000,0.983189,0.983189,0.983189,0.983189,0,0
DVL_PB,D,20071106,000000,0.978926,0.978926,0.978926,0.978926,0,0
DVL_PB,D,20071107,000000,0.891967,0.891967,0.891967,0.891967,0,0
DVL_PB,D,20071108,000000,0.913562,0.913562,0.913562,0.913562,0,0
DVL_PB,D,20071109,000000,0.917968,0.95711,0.887493,0.913562,0,0
DVL_PB,D,20071112,000000,0.887493,0.913562,0.887493,0.913562,0,0
DVL_PB,D,20071113,000000,0.922366,0.922366,0.887493,0.904963,0,0
DVL_PB,D,20071114,000000,0.939844,0.948454,0.913562,0.926768,0,0
DVL_PB,D,20071115,000000,0.917968,0.926768,0.770053,0.770053,0,0
DVL_PB,D,20071116,000000,0.765719,0.770053,0.739509,0.739509,0,0
DVL_PB,D,20071119,000000,0.752715,0.752715,0.717904,0.717904,0,0
DVL_PB,D,20071120,000000,0.713501,0.713501,0.665685,0.678757,0,0
DVL_PB,D,20071121,000000,0.656949,0.665685,0.626473,0.639475,0,0
DVL_PB,D,20071122,000000,0.635142,0.678757,0.600397,0.674287,0,0
DVL_PB,D,20071123,000000,0.687426,0.687426,0.665685,0.665685,0,0
DVL_PB,D,20071126,000000,0.678757,0.678757,0.635142,0.643878,0,0
DVL_PB,D,20071127,000000,0.622205,0.661284,0.622205,0.652547,0,0
DVL_PB,D,20071128,000000,0.661284,0.687426,0.652547,0.674287,0,0
DVL_PB,D,20071129,000000,0.687426,0.691761,0.669953,0.669953,0,0
DVL_PB,D,20071130,000000,0.674287,0.709166,0.674287,0.691761,0,0
DVL_PB,D,20071203,000000,0.696095,0.696095,0.678757,0.691761,0,0
DVL_PB,D,20071204,000000,0.687426,0.696095,0.683092,0.691761,0,0
DVL_PB,D,20071205,000000,0.696095,0.73531,0.696095,0.73084,0,0
DVL_PB,D,20071206,000000,0.73531,0.739509,0.717904,0.717904,0,0
DVL_PB,D,20071207,000000,0.717904,0.726572,0.713501,0.722237,0,0
DVL_PB,D,20071210,000000,0.709166,0.722237,0.700431,0.713501,0,0
DVL_PB,D,20071211,000000,0.713501,0.713501,0.687426,0.696095,0,0
DVL_PB,D,20071212,000000,0.678757,0.691761,0.674287,0.683092,0,0
DVL_PB,D,20071213,000000,0.678757,0.678757,0.661284,0.665685,0,0
DVL_PB,D,20071214,000000,0.665685,0.669953,0.64828,0.656949,0,0
DVL_PB,D,20071217,000000,0.652547,0.652547,0.622205,0.622205,0,0
DVL_PB,D,20071218,000000,0.613469,0.64828,0.596063,0.64828,0,0
DVL_PB,D,20071219,000000,0.656949,0.656949,0.630943,0.643878,0,0
DVL_PB,D,20071220,000000,0.635142,0.64828,0.630943,0.639475,0,0
DVL_PB,D,20071221,000000,0.639475,0.64828,0.639475,0.643878,0,0
DVL_PB,D,20071227,000000,0.64828,0.674287,0.64828,0.656949,0,0
DVL_PB,D,20071228,000000,0.661284,0.678757,0.661284,0.661284,0,0
DVL_PB,D,20080102,000000,0.669953,0.669953,0.661284,0.661284,0,0
DVL_PB,D,20080103,000000,0.656949,0.683092,0.64828,0.683092,0,0
DVL_PB,D,20080104,000000,0.687426,0.717904,0.683092,0.696095,0,0
DVL_PB,D,20080107,000000,0.674287,0.691761,0.665685,0.665685,0,0
DVL_PB,D,20080108,000000,0.665685,0.669953,0.652547,0.669953,0,0
DVL_PB,D,20080109,000000,0.656949,0.661284,0.652547,0.656949,0,0
DVL_PB,D,20080110,000000,0.661284,0.661284,0.643878,0.643878,0,0
DVL_PB,D,20080111,000000,0.64828,0.661284,0.64828,0.656949,0,0
DVL_PB,D,20080114,000000,0.661284,0.661284,0.661284,0.661284,0,0
DVL_PB,D,20080115,000000,0.656949,0.669953,0.64828,0.656949,0,0
DVL_PB,D,20080116,000000,0.622205,0.639475,0.613469,0.635142,0,0
DVL_PB,D,20080117,000000,0.643878,0.643878,0.613469,0.626473,0,0
DVL_PB,D,20080118,000000,0.622205,0.643878,0.622205,0.626473,0,0
DVL_PB,D,20080121,000000,0.613469,0.622205,0.578658,0.578658,0,0
DVL_PB,D,20080122,000000,0.543913,0.582992,0.543913,0.574323,0,0
DVL_PB,D,20080123,000000,0.582992,0.591661,0.552514,0.56992,0,0
DVL_PB,D,20080124,000000,0.596063,0.609135,0.582992,0.609135,0,0
DVL_PB,D,20080125,000000,0.622205,0.626473,0.604664,0.609135,0,0
DVL_PB,D,20080128,000000,0.587327,0.591661,0.582992,0.582992,0,0
DVL_PB,D,20080129,000000,0.596063,0.604664,0.587327,0.596063,0,0
DVL_PB,D,20080130,000000,0.596063,0.622205,0.596063,0.613469,0,0
DVL_PB,D,20080131,000000,0.613469,0.622205,0.609135,0.609135,0,0
DVL_PB,D,20080201,000000,0.622205,0.635142,0.622205,0.630943,0,0
DVL_PB,D,20080204,000000,0.643878,0.643878,0.626473,0.635142,0,0
DVL_PB,D,20080205,000000,0.635142,0.635142,0.600397,0.604664,0,0
DVL_PB,D,20080206,000000,0.587327,0.600397,0.582992,0.596063,0,0
DVL_PB,D,20080207,000000,0.600397,0.604664,0.582992,0.587327,0,0
DVL_PB,D,20080208,000000,0.587327,0.604664,0.582992,0.604664,0,0
DVL_PB,D,20080211,000000,0.609135,0.626473,0.609135,0.626473,0,0
DVL_PB,D,20080212,000000,0.635142,0.635142,0.630943,0.635142,0,0
DVL_PB,D,20080213,000000,0.635142,0.635142,0.613469,0.617735,0,0
DVL_PB,D,20080214,000000,0.630943,0.635142,0.617735,0.622205,0,0
DVL_PB,D,20080215,000000,0.617735,0.617735,0.604664,0.604664,0,0
DVL_PB,D,20080218,000000,0.609135,0.617735,0.600397,0.600397,0,0
DVL_PB,D,20080219,000000,0.609135,0.626473,0.600397,0.617735,0,0
DVL_PB,D,20080220,000000,0.609135,0.617735,0.604664,0.617735,0,0
DVL_PB,D,20080221,000000,0.617735,0.622205,0.609135,0.617735,0,0
DVL_PB,D,20080222,000000,0.617735,0.617735,0.609135,0.609135,0,0
DVL_PB,D,20080225,000000,0.613469,0.613469,0.609135,0.609135,0,0
DVL_PB,D,20080226,000000,0.609135,0.613469,0.604664,0.604664,0,0
DVL_PB,D,20080227,000000,0.613469,0.622205,0.604664,0.613469,0,0
DVL_PB,D,20080228,000000,0.613469,0.617735,0.582992,0.582992,0,0
DVL_PB,D,20080229,000000,0.587327,0.591661,0.56992,0.574323,0,0
DVL_PB,D,20080303,000000,0.561251,0.561251,0.539511,0.54818,0,0
DVL_PB,D,20080304,000000,0.552514,0.552514,0.539511,0.539511,0,0
DVL_PB,D,20080305,000000,0.543913,0.54818,0.539511,0.54818,0,0
DVL_PB,D,20080306,000000,0.552514,0.552514,0.539511,0.539511,0,0
DVL_PB,D,20080307,000000,0.535108,0.535108,0.530774,0.535108,0,0
DVL_PB,D,20080310,000000,0.535108,0.54818,0.517636,0.517636,0,0
DVL_PB,D,20080311,000000,0.513368,0.535108,0.513368,0.530774,0,0
DVL_PB,D,20080312,000000,0.543913,0.543913,0.526439,0.530774,0,0
DVL_PB,D,20080313,000000,0.517636,0.530774,0.513368,0.513368,0,0
DVL_PB,D,20080314,000000,0.513368,0.517636,0.509101,0.509101,0,0
DVL_PB,D,20080317,000000,0.500297,0.500297,0.47429,0.478557,0,0
DVL_PB,D,20080318,000000,0.482891,0.500297,0.478557,0.500297,0,0
DVL_PB,D,20080319,000000,0.504699,0.504699,0.495963,0.500297,0,0
DVL_PB,D,20080320,000000,0.495963,0.530774,0.495963,0.530774,0,0
DVL_PB,D,20080325,000000,0.552514,0.556848,0.552514,0.556848,0,0
DVL_PB,D,20080326,000000,0.561251,0.574323,0.552514,0.561251,0,0
DVL_PB,D,20080327,000000,0.587327,0.630943,0.561251,0.617735,0,0
DVL_PB,D,20080328,000000,0.626473,0.639475,0.617735,0.635142,0,0
DVL_PB,D,20080331,000000,0.622205,0.622205,0.622205,0.622205,0,0
DVL_PB,D,20080401,000000,0.622205,0.622205,0.600397,0.617735,0,0
DVL_PB,D,20080402,000000,0.626473,0.700431,0.622205,0.683092,0,0
DVL_PB,D,20080403,000000,0.683092,0.683092,0.64828,0.661284,0,0
DVL_PB,D,20080404,000000,0.656949,0.691761,0.656949,0.674287,0,0
DVL_PB,D,20080407,000000,0.683092,0.713501,0.683092,0.696095,0,0
DVL_PB,D,20080408,000000,0.687426,0.687426,0.678757,0.687426,0,0
DVL_PB,D,20080409,000000,0.683092,0.709166,0.683092,0.709166,0,0
DVL_PB,D,20080410,000000,0.713501,0.713501,0.691761,0.709166,0,0
DVL_PB,D,20080411,000000,0.713501,0.713501,0.683092,0.700431,0,0
DVL_PB,D,20080414,000000,0.683092,0.696095,0.661284,0.696095,0,0
DVL_PB,D,20080415,000000,0.691761,0.691761,0.665685,0.678757,0,0
DVL_PB,D,20080416,000000,0.669953,0.669953,0.64828,0.656949,0,0
DVL_PB,D,20080417,000000,0.665685,0.665685,0.639475,0.652547,0,0
DVL_PB,D,20080418,000000,0.64828,0.64828,0.635142,0.635142,0,0
DVL_PB,D,20080421,000000,0.639475,0.639475,0.613469,0.630943,0,0
DVL_PB,D,20080422,000000,0.622205,0.622205,0.587327,0.604664,0,0
DVL_PB,D,20080423,000000,0.596063,0.604664,0.582992,0.604664,0,0
DVL_PB,D,20080424,000000,0.604664,0.635142,0.604664,0.635142,0,0
DVL_PB,D,20080425,000000,0.643878,0.678757,0.643878,0.661284,0,0
DVL_PB,D,20080428,000000,0.656949,0.683092,0.643878,0.683092,0,0
DVL_PB,D,20080429,000000,0.674287,0.691761,0.674287,0.691761,0,0
DVL_PB,D,20080430,000000,0.696095,0.696095,0.674287,0.683092,0,0
DVL_PB,D,20080505,000000,0.687426,0.696095,0.683092,0.691761,0,0
DVL_PB,D,20080506,000000,0.691761,0.691761,0.674287,0.674287,0,0
DVL_PB,D,20080507,000000,0.674287,0.683092,0.665685,0.674287,0,0
DVL_PB,D,20080508,000000,0.665685,0.674287,0.652547,0.674287,0,0
DVL_PB,D,20080509,000000,0.665685,0.674287,0.652547,0.665685,0,0
DVL_PB,D,20080512,000000,0.656949,0.678757,0.656949,0.669953,0,0
DVL_PB,D,20080513,000000,0.678757,0.683092,0.665685,0.678757,0,0
DVL_PB,D,20080514,000000,0.678757,0.704765,0.678757,0.691761,0,0
DVL_PB,D,20080515,000000,0.696095,0.700431,0.683092,0.696095,0,0
DVL_PB,D,20080516,000000,0.696095,0.700431,0.687426,0.700431,0,0
DVL_PB,D,20080519,000000,0.700431,0.743979,0.691761,0.739509,0,0
DVL_PB,D,20080520,000000,0.739509,0.748381,0.722237,0.726572,0,0
DVL_PB,D,20080521,000000,0.726572,0.739509,0.717904,0.717904,0,0
DVL_PB,D,20080523,000000,0.717904,0.739509,0.709166,0.722237,0,0
DVL_PB,D,20080526,000000,0.726572,0.73531,0.717904,0.726572,0,0
DVL_PB,D,20080527,000000,0.726572,0.726572,0.717904,0.722237,0,0
DVL_PB,D,20080528,000000,0.722237,0.722237,0.696095,0.696095,0,0
DVL_PB,D,20080529,000000,0.704765,0.704765,0.665685,0.665685,0,0
DVL_PB,D,20080530,000000,0.665685,0.687426,0.665685,0.674287,0,0
DVL_PB,D,20080602,000000,0.674287,0.674287,0.656949,0.656949,0,0
DVL_PB,D,20080603,000000,0.652547,0.678757,0.652547,0.678757,0,0
DVL_PB,D,20080604,000000,0.683092,0.683092,0.656949,0.661284,0,0
DVL_PB,D,20080605,000000,0.652547,0.661284,0.643878,0.643878,0,0
DVL_PB,D,20080606,000000,0.64828,0.656949,0.626473,0.626473,0,0
DVL_PB,D,20080609,000000,0.617735,0.643878,0.604664,0.643878,0,0
DVL_PB,D,20080610,000000,0.635142,0.643878,0.604664,0.613469,0,0
DVL_PB,D,20080611,000000,0.613469,0.617735,0.600397,0.604664,0,0
DVL_PB,D,20080612,000000,0.600397,0.617735,0.600397,0.609135,0,0
DVL_PB,D,20080613,000000,0.609135,0.609135,0.596063,0.609135,0,0
DVL_PB,D,20080616,000000,0.617735,0.630943,0.609135,0.609135,0,0
DVL_PB,D,20080617,000000,0.617735,0.617735,0.600397,0.600397,0,0
DVL_PB,D,20080618,000000,0.604664,0.604664,0.578658,0.578658,0,0
DVL_PB,D,20080619,000000,0.574323,0.587327,0.565518,0.56992,0,0
DVL_PB,D,20080620,000000,0.578658,0.587327,0.578658,0.578658,0,0
DVL_PB,D,20080623,000000,0.582992,0.591661,0.552514,0.552514,0,0
DVL_PB,D,20080624,000000,0.552514,0.552514,0.517636,0.517636,0,0
DVL_PB,D,20080625,000000,0.522037,0.522037,0.504699,0.509101,0,0
DVL_PB,D,20080626,000000,0.509101,0.526439,0.504699,0.504699,0,0
DVL_PB,D,20080627,000000,0.500297,0.526439,0.491628,0.526439,0,0
DVL_PB,D,20080630,000000,0.530774,0.530774,0.509101,0.517636,0,0
DVL_PB,D,20080701,000000,0.509101,0.509101,0.469821,0.469821,0,0
DVL_PB,D,20080702,000000,0.478557,0.491628,0.469821,0.469821,0,0
DVL_PB,D,20080703,000000,0.461151,0.465486,0.452482,0.452482,0,0
DVL_PB,D,20080704,000000,0.456817,0.456817,0.42634,0.42634,0,0
DVL_PB,D,20080707,000000,0.430674,0.435077,0.395862,0.409001,0,0
DVL_PB,D,20080708,000000,0.404667,0.430674,0.395862,0.404667,0,0
DVL_PB,D,20080709,000000,0.409001,0.417671,0.391529,0.391529,0,0
DVL_PB,D,20080710,000000,0.38286,0.395862,0.38286,0.38286,0,0
DVL_PB,D,20080711,000000,0.387262,0.387262,0.352451,0.352451,0,0
DVL_PB,D,20080714,000000,0.356717,0.361119,0.335065,0.356717,0,0
DVL_PB,D,20080715,000000,0.339311,0.343578,0.330689,0.335065,0,0
DVL_PB,D,20080716,000000,0.335065,0.339311,0.32632,0.339311,0,0
DVL_PB,D,20080717,000000,0.352451,0.374122,0.348049,0.365453,0,0
DVL_PB,D,20080718,000000,0.365453,0.369923,0.356717,0.361119,0,0
DVL_PB,D,20080721,000000,0.365453,0.374122,0.356717,0.365453,0,0
DVL_PB,D,20080722,000000,0.369923,0.38286,0.361119,0.38286,0,0
DVL_PB,D,20080723,000000,0.391529,0.404667,0.38286,0.400264,0,0
DVL_PB,D,20080724,000000,0.404667,0.409001,0.369923,0.369923,0,0
DVL_PB,D,20080725,000000,0.365453,0.387262,0.365453,0.387262,0,0
DVL_PB,D,20080728,000000,0.387262,0.395862,0.387262,0.395862,0,0
DVL_PB,D,20080729,000000,0.38286,0.400264,0.38286,0.391529,0,0
DVL_PB,D,20080730,000000,0.404667,0.4132,0.404667,0.4132,0,0
DVL_PB,D,20080731,000000,0.4132,0.4132,0.395862,0.404667,0,0
DVL_PB,D,20080801,000000,0.395862,0.400264,0.391529,0.391529,0,0
DVL_PB,D,20080804,000000,0.395862,0.395862,0.369923,0.369923,0,0
DVL_PB,D,20080805,000000,0.374122,0.387262,0.374122,0.38286,0,0
DVL_PB,D,20080806,000000,0.387262,0.387262,0.374122,0.378457,0,0
DVL_PB,D,20080807,000000,0.378457,0.378457,0.365453,0.365453,0,0
DVL_PB,D,20080808,000000,0.365453,0.369923,0.352451,0.365453,0,0
DVL_PB,D,20080811,000000,0.369923,0.369923,0.361119,0.365453,0,0
DVL_PB,D,20080812,000000,0.38286,0.439478,0.38286,0.422006,0,0
DVL_PB,D,20080813,000000,0.4132,0.4132,0.38286,0.38286,0,0
DVL_PB,D,20080814,000000,0.387262,0.391529,0.378457,0.378457,0,0
DVL_PB,D,20080818,000000,0.38286,0.387262,0.369923,0.369923,0,0
DVL_PB,D,20080819,000000,0.361119,0.361119,0.348049,0.352451,0,0
DVL_PB,D,20080820,000000,0.352451,0.369923,0.352451,0.365453,0,0
DVL_PB,D,20080821,000000,0.361119,0.365453,0.361119,0.361119,0,0
DVL_PB,D,20080822,000000,0.369923,0.38286,0.365453,0.38286,0,0
DVL_PB,D,20080825,000000,0.38286,0.391529,0.369923,0.369923,0,0
DVL_PB,D,20080826,000000,0.365453,0.374122,0.365453,0.374122,0,0
DVL_PB,D,20080827,000000,0.374122,0.387262,0.369923,0.369923,0,0
DVL_PB,D,20080828,000000,0.374122,0.378457,0.369923,0.369923,0,0
DVL_PB,D,20080829,000000,0.369923,0.374122,0.365453,0.374122,0,0
DVL_PB,D,20080901,000000,0.369923,0.38286,0.369923,0.38286,0,0
DVL_PB,D,20080902,000000,0.38286,0.409001,0.378457,0.400264,0,0
DVL_PB,D,20080903,000000,0.395862,0.404667,0.395862,0.395862,0,0
DVL_PB,D,20080904,000000,0.395862,0.400264,0.387262,0.387262,0,0
DVL_PB,D,20080905,000000,0.38286,0.38286,0.365453,0.365453,0,0
DVL_PB,D,20080908,000000,0.374122,0.374122,0.361119,0.361119,0,0
DVL_PB,D,20080909,000000,0.361119,0.365453,0.361119,0.361119,0,0
DVL_PB,D,20080910,000000,0.356717,0.356717,0.348049,0.356717,0,0
DVL_PB,D,20080911,000000,0.356717,0.356717,0.352451,0.352451,0,0
DVL_PB,D,20080912,000000,0.361119,0.361119,0.352451,0.352451,0,0
DVL_PB,D,20080915,000000,0.348049,0.348049,0.330689,0.330689,0,0
DVL_PB,D,20080916,000000,0.32632,0.335065,0.321954,0.32632,0,0
DVL_PB,D,20080917,000000,0.330689,0.330689,0.321954,0.321954,0,0
DVL_PB,D,20080918,000000,0.313284,0.317645,0.313284,0.313284,0,0
DVL_PB,D,20080919,000000,0.330689,0.339311,0.313284,0.330689,0,0
DVL_PB,D,20080922,000000,0.335065,0.343578,0.32632,0.32632,0,0
DVL_PB,D,20080923,000000,0.32632,0.32632,0.317645,0.321954,0,0
DVL_PB,D,20080924,000000,0.32632,0.32632,0.321954,0.321954,0,0
DVL_PB,D,20080925,000000,0.321954,0.330689,0.317645,0.330689,0,0
DVL_PB,D,20080926,000000,0.32632,0.32632,0.317645,0.317645,0,0
DVL_PB,D,20080929,000000,0.321954,0.321954,0.30886,0.30886,0,0
DVL_PB,D,20080930,000000,0.295838,0.30886,0.295838,0.304499,0,0
DVL_PB,D,20081001,000000,0.30886,0.313284,0.304499,0.304499,0,0
DVL_PB,D,20081002,000000,0.30886,0.30886,0.295838,0.295838,0,0
DVL_PB,D,20081003,000000,0.291483,0.295838,0.282786,0.287141,0,0
DVL_PB,D,20081006,000000,0.274043,0.274043,0.261053,0.261053,0,0
DVL_PB,D,20081007,000000,0.265421,0.265421,0.239285,0.239285,0,0
DVL_PB,D,20081008,000000,0.221887,0.261053,0.217538,0.261053,0,0
DVL_PB,D,20081009,000000,0.265421,0.265421,0.248002,0.252323,0,0
DVL_PB,D,20081010,000000,0.226234,0.239285,0.213177,0.230583,0,0
DVL_PB,D,20081013,000000,0.24364,0.24364,0.230583,0.234937,0,0
DVL_PB,D,20081014,000000,0.248002,0.248002,0.239285,0.24364,0,0
DVL_PB,D,20081015,000000,0.24364,0.24364,0.208835,0.208835,0,0
DVL_PB,D,20081016,000000,0.191428,0.204481,0.191428,0.195778,0,0
DVL_PB,D,20081017,000000,0.208835,0.208835,0.182733,0.182733,0,0
DVL_PB,D,20081020,000000,0.191428,0.195778,0.187075,0.187075,0,0
DVL_PB,D,20081021,000000,0.191428,0.195778,0.182733,0.187075,0,0
DVL_PB,D,20081022,000000,0.182733,0.182733,0.165328,0.165328,0,0
DVL_PB,D,20081023,000000,0.165328,0.165328,0.147921,0.152263,0,0
DVL_PB,D,20081024,000000,0.143574,0.143574,0.130517,0.134864,0,0
DVL_PB,D,20081027,000000,0.126167,0.139226,0.121821,0.134864,0,0
DVL_PB,D,20081028,000000,0.139226,0.139226,0.134864,0.134864,0,0
DVL_PB,D,20081029,000000,0.143574,0.174024,0.143574,0.174024,0,0
DVL_PB,D,20081030,000000,0.182733,0.204481,0.182733,0.195778,0,0
DVL_PB,D,20081031,000000,0.182733,0.182733,0.174024,0.178371,0,0
DVL_PB,D,20081103,000000,0.178371,0.187075,0.165328,0.174024,0,0
DVL_PB,D,20081104,000000,0.182733,0.200133,0.178371,0.191428,0,0
DVL_PB,D,20081105,000000,0.191428,0.191428,0.187075,0.191428,0,0
DVL_PB,D,20081106,000000,0.178371,0.191428,0.178371,0.187075,0,0
DVL_PB,D,20081107,000000,0.182733,0.191428,0.182733,0.191428,0,0
DVL_PB,D,20081110,000000,0.191428,0.191428,0.191428,0.191428,0,0
DVL_PB,D,20081112,000000,0.187075,0.187075,0.174024,0.178371,0,0
DVL_PB,D,20081113,000000,0.169675,0.169675,0.160973,0.165328,0,0
DVL_PB,D,20081114,000000,0.165328,0.169675,0.160973,0.165328,0,0
DVL_PB,D,20081117,000000,0.165328,0.165328,0.152263,0.152263,0,0
DVL_PB,D,20081118,000000,0.152263,0.152263,0.143574,0.143574,0,0
DVL_PB,D,20081119,000000,0.147921,0.147921,0.139226,0.147921,0,0
DVL_PB,D,20081120,000000,0.134864,0.139226,0.134864,0.134864,0,0
DVL_PB,D,20081121,000000,0.134864,0.147921,0.134864,0.139226,0,0
DVL_PB,D,20081124,000000,0.147921,0.147921,0.143574,0.147921,0,0
DVL_PB,D,20081125,000000,0.152263,0.152263,0.143574,0.147921,0,0
DVL_PB,D,20081126,000000,0.143574,0.147921,0.139226,0.143574,0,0
DVL_PB,D,20081127,000000,0.147921,0.156625,0.143574,0.147921,0,0
DVL_PB,D,20081128,000000,0.147921,0.147921,0.139226,0.143574,0,0
DVL_PB,D,20081201,000000,0.139226,0.143574,0.134864,0.134864,0,0
DVL_PB,D,20081202,000000,0.126167,0.139226,0.126167,0.134864,0,0
DVL_PB,D,20081203,000000,0.139226,0.139226,0.134864,0.134864,0,0
DVL_PB,D,20081204,000000,0.139226,0.139226,0.134864,0.134864,0,0
DVL_PB,D,20081205,000000,0.134864,0.139226,0.130517,0.130517,0,0
DVL_PB,D,20081208,000000,0.134864,0.147921,0.134864,0.147921,0,0
DVL_PB,D,20081209,000000,0.147921,0.156625,0.147921,0.147921,0,0
DVL_PB,D,20081210,000000,0.147921,0.147921,0.143574,0.143574,0,0
DVL_PB,D,20081211,000000,0.147921,0.147921,0.139226,0.143574,0,0
DVL_PB,D,20081212,000000,0.139226,0.143574,0.139226,0.139226,0,0
DVL_PB,D,20081215,000000,0.139226,0.143574,0.139226,0.139226,0,0
DVL_PB,D,20081216,000000,0.139226,0.139226,0.134864,0.139226,0,0
DVL_PB,D,20081217,000000,0.139226,0.139226,0.134864,0.134864,0,0
DVL_PB,D,20081218,000000,0.130517,0.134864,0.126167,0.126167,0,0
DVL_PB,D,20081219,000000,0.126167,0.126167,0.121821,0.126167,0,0
DVL_PB,D,20081222,000000,0.126167,0.126167,0.121821,0.126167,0,0
DVL_PB,D,20081223,000000,0.126167,0.126167,0.121821,0.121821,0,0
DVL_PB,D,20081229,000000,0.126167,0.126167,0.121821,0.121821,0,0
DVL_PB,D,20081230,000000,0.121821,0.126167,0.121821,0.121821,0,0
DVL_PB,D,20081231,000000,0.121821,0.121821,0.121821,0.121821,0,0
DVL_PB,D,20090105,000000,0.126167,0.130517,0.121821,0.126167,0,0
DVL_PB,D,20090106,000000,0.126167,0.143574,0.126167,0.139226,0,0
DVL_PB,D,20090107,000000,0.139226,0.139226,0.130517,0.130517,0,0
DVL_PB,D,20090108,000000,0.130517,0.134864,0.130517,0.130517,0,0
DVL_PB,D,20090109,000000,0.134864,0.134864,0.126167,0.126167,0,0
DVL_PB,D,20090112,000000,0.126167,0.126167,0.121821,0.126167,0,0
DVL_PB,D,20090113,000000,0.126167,0.126167,0.121821,0.126167,0,0
DVL_PB,D,20090114,000000,0.126167,0.134864,0.126167,0.126167,0,0
DVL_PB,D,20090115,000000,0.126167,0.130517,0.121821,0.126167,0,0
DVL_PB,D,20090116,000000,0.130517,0.139226,0.130517,0.134864,0,0
DVL_PB,D,20090119,000000,0.139226,0.139226,0.130517,0.134864,0,0
DVL_PB,D,20090120,000000,0.134864,0.134864,0.126167,0.126167,0,0
DVL_PB,D,20090121,000000,0.126167,0.126167,0.121821,0.126167,0,0
DVL_PB,D,20090122,000000,0.130517,0.130517,0.121821,0.121821,0,0
DVL_PB,D,20090123,000000,0.121821,0.126167,0.121821,0.121821,0,0
DVL_PB,D,20090126,000000,0.121821,0.130517,0.121821,0.130517,0,0
DVL_PB,D,20090127,000000,0.134864,0.134864,0.126167,0.130517,0,0
DVL_PB,D,20090128,000000,0.134864,0.134864,0.130517,0.130517,0,0
DVL_PB,D,20090129,000000,0.130517,0.130517,0.126167,0.126167,0,0
DVL_PB,D,20090130,000000,0.121821,0.126167,0.121821,0.121821,0,0
DVL_PB,D,20090202,000000,0.121821,0.126167,0.117465,0.117465,0,0
DVL_PB,D,20090203,000000,0.117465,0.117465,0.108763,0.108763,0,0
DVL_PB,D,20090204,000000,0.113118,0.113118,0.108763,0.113118,0,0
DVL_PB,D,20090205,000000,0.113118,0.117465,0.113118,0.113118,0,0
DVL_PB,D,20090206,000000,0.117465,0.117465,0.113118,0.117465,0,0
DVL_PB,D,20090209,000000,0.117465,0.126167,0.113118,0.121821,0,0
DVL_PB,D,20090210,000000,0.121821,0.126167,0.121821,0.121821,0,0
DVL_PB,D,20090211,000000,0.121821,0.121821,0.121821,0.121821,0,0
DVL_PB,D,20090212,000000,0.121821,0.121821,0.117465,0.121821,0,0
DVL_PB,D,20090213,000000,0.121821,0.121821,0.117465,0.121821,0,0
DVL_PB,D,20090216,000000,0.121821,0.121821,0.121821,0.121821,0,0
DVL_PB,D,20090217,000000,0.117465,0.117465,0.108763,0.108763,0,0
DVL_PB,D,20090218,000000,0.108763,0.108763,0.104422,0.108763,0,0
DVL_PB,D,20090219,000000,0.108763,0.113118,0.108763,0.108763,0,0
DVL_PB,D,20090220,000000,0.108763,0.117465,0.108763,0.108763,0,0
DVL_PB,D,20090223,000000,0.113118,0.113118,0.108763,0.108763,0,0
DVL_PB,D,20090224,000000,0.108763,0.108763,0.104422,0.108763,0,0
DVL_PB,D,20090225,000000,0.108763,0.113118,0.108763,0.108763,0,0
DVL_PB,D,20090226,000000,0.108763,0.113118,0.108763,0.113118,0,0
DVL_PB,D,20090227,000000,0.108763,0.130517,0.108763,0.117465,0,0
DVL_PB,D,20090302,000000,0.113118,0.113118,0.108763,0.113118,0,0
DVL_PB,D,20090303,000000,0.113118,0.117465,0.108763,0.113118,0,0
DVL_PB,D,20090304,000000,0.113118,0.113118,0.113118,0.113118,0,0
DVL_PB,D,20090305,000000,0.113118,0.113118,0.108763,0.108763,0,0
DVL_PB,D,20090306,000000,0.108763,0.113118,0.108763,0.113118,0,0
DVL_PB,D,20090309,000000,0.113118,0.113118,0.108763,0.113118,0,0
DVL_PB,D,20090310,000000,0.113118,0.121821,0.113118,0.113118,0,0
DVL_PB,D,20090311,000000,0.117465,0.117465,0.113118,0.113118,0,0
DVL_PB,D,20090312,000000,0.113118,0.113118,0.108763,0.113118,0,0
DVL_PB,D,20090313,000000,0.113118,0.113118,0.113118,0.113118,0,0
DVL_PB,D,20090316,000000,0.113118,0.117465,0.113118,0.113118,0,0
DVL_PB,D,20090317,000000,0.117465,0.121821,0.117465,0.117465,0,0
DVL_PB,D,20090318,000000,0.121821,0.121821,0.117465,0.117465,0,0
DVL_PB,D,20090319,000000,0.117465,0.121821,0.113118,0.121821,0,0
DVL_PB,D,20090320,000000,0.121821,0.121821,0.117465,0.117465,0,0
DVL_PB,D,20090323,000000,0.121821,0.126167,0.121821,0.126167,0,0
DVL_PB,D,20090324,000000,0.130517,0.152263,0.130517,0.152263,0,0
DVL_PB,D,20090325,000000,0.152263,0.160973,0.152263,0.156625,0,0
DVL_PB,D,20090326,000000,0.152263,0.156625,0.143574,0.143574,0,0
DVL_PB,D,20090327,000000,0.147921,0.152263,0.139226,0.143574,0,0
DVL_PB,D,20090330,000000,0.139226,0.143574,0.139226,0.139226,0,0
DVL_PB,D,20090331,000000,0.139226,0.143574,0.139226,0.143574,0,0
DVL_PB,D,20090401,000000,0.143574,0.152263,0.139226,0.147921,0,0
DVL_PB,D,20090402,000000,0.152263,0.156625,0.147921,0.152263,0,0
DVL_PB,D,20090403,000000,0.152263,0.156625,0.147921,0.147921,0,0
DVL_PB,D,20090406,000000,0.147921,0.156625,0.147921,0.152263,0,0
DVL_PB,D,20090407,000000,0.152263,0.152263,0.147921,0.152263,0,0
DVL_PB,D,20090408,000000,0.152263,0.187075,0.152263,0.182733,0,0
DVL_PB,D,20090409,000000,0.187075,0.200133,0.178371,0.195778,0,0
DVL_PB,D,20090414,000000,0.191428,0.226234,0.191428,0.217538,0,0
DVL_PB,D,20090415,000000,0.213177,0.221887,0.213177,0.221887,0,0
DVL_PB,D,20090416,000000,0.226234,0.226234,0.217538,0.221887,0,0
DVL_PB,D,20090417,000000,0.226234,0.226234,0.217538,0.217538,0,0
DVL_PB,D,20090420,000000,0.217538,0.217538,0.195778,0.200133,0,0
DVL_PB,D,20090421,000000,0.195778,0.208835,0.195778,0.204481,0,0
DVL_PB,D,20090422,000000,0.204481,0.213177,0.204481,0.213177,0,0
DVL_PB,D,20090423,000000,0.213177,0.213177,0.204481,0.204481,0,0
DVL_PB,D,20090424,000000,0.204481,0.208835,0.195778,0.204481,0,0
DVL_PB,D,20090427,000000,0.200133,0.204481,0.200133,0.200133,0,0
DVL_PB,D,20090428,000000,0.195778,0.200133,0.195778,0.200133,0,0
DVL_PB,D,20090429,000000,0.200133,0.208835,0.200133,0.204481,0,0
DVL_PB,D,20090430,000000,0.213177,0.213177,0.208835,0.213177,0,0
DVL_PB,D,20090504,000000,0.217538,0.217538,0.208835,0.213177,0,0
DVL_PB,D,20090505,000000,0.208835,0.213177,0.208835,0.213177,0,0
DVL_PB,D,20090506,000000,0.213177,0.248002,0.213177,0.24364,0,0
DVL_PB,D,20090507,000000,0.252323,0.278452,0.252323,0.261053,0,0
DVL_PB,D,20090508,000000,0.274043,0.274043,0.265421,0.274043,0,0
DVL_PB,D,20090511,000000,0.274043,0.291483,0.265421,0.278452,0,0
DVL_PB,D,20090512,000000,0.278452,0.300179,0.278452,0.287141,0,0
DVL_PB,D,20090513,000000,0.291483,0.291483,0.265421,0.265421,0,0
DVL_PB,D,20090514,000000,0.256684,0.278452,0.256684,0.278452,0,0
DVL_PB,D,20090515,000000,0.282786,0.282786,0.269742,0.274043,0,0
DVL_PB,D,20090518,000000,0.265421,0.274043,0.265421,0.269742,0,0
DVL_PB,D,20090519,000000,0.287141,0.291483,0.269742,0.274043,0,0
DVL_PB,D,20090520,000000,0.274043,0.282786,0.274043,0.278452,0,0
DVL_PB,D,20090521,000000,0.269742,0.274043,0.269742,0.269742,0,0
DVL_PB,D,20090522,000000,0.265421,0.269742,0.265421,0.269742,0,0
DVL_PB,D,20090525,000000,0.269742,0.269742,0.265421,0.269742,0,0
DVL_PB,D,20090526,000000,0.265421,0.269742,0.261053,0.269742,0,0
DVL_PB,D,20090527,000000,0.274043,0.278452,0.269742,0.269742,0,0
DVL_PB,D,20090528,000000,0.269742,0.274043,0.269742,0.269742,0,0
DVL_PB,D,20090529,000000,0.269742,0.274043,0.265421,0.265421,0,0
DVL_PB,D,20090601,000000,0.269742,0.274043,0.265421,0.274043,0,0
DVL_PB,D,20090602,000000,0.278452,0.295838,0.278452,0.287141,0,0
DVL_PB,D,20090603,000000,0.295838,0.295838,0.287141,0.291483,0,0
DVL_PB,D,20090604,000000,0.287141,0.30886,0.287141,0.300179,0,0
DVL_PB,D,20090605,000000,0.304499,0.30886,0.291483,0.291483,0,0
DVL_PB,D,20090608,000000,0.291483,0.291483,0.274043,0.278452,0,0
DVL_PB,D,20090609,000000,0.278452,0.282786,0.278452,0.278452,0,0
DVL_PB,D,20090610,000000,0.282786,0.291483,0.278452,0.282786,0,0
DVL_PB,D,20090612,000000,0.282786,0.282786,0.278452,0.278452,0,0
DVL_PB,D,20090615,000000,0.282786,0.282786,0.269742,0.269742,0,0
DVL_PB,D,20090616,000000,0.265421,0.269742,0.265421,0.265421,0,0
DVL_PB,D,20090617,000000,0.265421,0.265421,0.248002,0.248002,0,0
DVL_PB,D,20090618,000000,0.24364,0.256684,0.24364,0.252323,0,0
DVL_PB,D,20090619,000000,0.252323,0.265421,0.252323,0.261053,0,0
DVL_PB,D,20090622,000000,0.265421,0.265421,0.24364,0.24364,0,0
DVL_PB,D,20090623,000000,0.24364,0.24364,0.234937,0.24364,0,0
DVL_PB,D,20090624,000000,0.24364,0.256684,0.24364,0.256684,0,0
DVL_PB,D,20090625,000000,0.261053,0.261053,0.248002,0.256684,0,0
DVL_PB,D,20090626,000000,0.261053,0.261053,0.256684,0.261053,0,0
DVL_PB,D,20090629,000000,0.256684,0.261053,0.256684,0.256684,0,0
DVL_PB,D,20090630,000000,0.261053,0.265421,0.252323,0.252323,0,0
DVL_PB,D,20090701,000000,0.261053,0.261053,0.256684,0.256684,0,0
DVL_PB,D,20090702,000000,0.261053,0.261053,0.248002,0.248002,0,0
DVL_PB,D,20090703,000000,0.252323,0.252323,0.248002,0.248002,0,0
DVL_PB,D,20090706,000000,0.24364,0.24364,0.239285,0.24364,0,0
DVL_PB,D,20090707,000000,0.24364,0.24364,0.239285,0.24364,0,0
DVL_PB,D,20090708,000000,0.234937,0.24364,0.234937,0.24364,0,0
DVL_PB,D,20090709,000000,0.24364,0.248002,0.24364,0.24364,0,0
DVL_PB,D,20090710,000000,0.239285,0.24364,0.239285,0.24364,0,0
DVL_PB,D,20090713,000000,0.24364,0.24364,0.239285,0.239285,0,0
DVL_PB,D,20090714,000000,0.24364,0.24364,0.239285,0.24364,0,0
DVL_PB,D,20090715,000000,0.24364,0.248002,0.24364,0.248002,0,0
DVL_PB,D,20090716,000000,0.248002,0.248002,0.24364,0.24364,0,0
DVL_PB,D,20090717,000000,0.24364,0.24364,0.24364,0.24364,0,0
DVL_PB,D,20090720,000000,0.252323,0.265421,0.252323,0.261053,0,0
DVL_PB,D,20090721,000000,0.265421,0.269742,0.256684,0.256684,0,0
DVL_PB,D,20090722,000000,0.261053,0.261053,0.252323,0.256684,0,0
DVL_PB,D,20090723,000000,0.256684,0.261053,0.252323,0.252323,0,0
DVL_PB,D,20090724,000000,0.256684,0.261053,0.256684,0.256684,0,0
DVL_PB,D,20090727,000000,0.261053,0.269742,0.261053,0.269742,0,0
DVL_PB,D,20090728,000000,0.269742,0.282786,0.269742,0.278452,0,0
DVL_PB,D,20090729,000000,0.278452,0.282786,0.278452,0.278452,0,0
DVL_PB,D,20090730,000000,0.282786,0.287141,0.274043,0.287141,0,0
DVL_PB,D,20090731,000000,0.287141,0.287141,0.274043,0.274043,0,0
DVL_PB,D,20090803,000000,0.278452,0.278452,0.269742,0.274043,0,0
DVL_PB,D,20090804,000000,0.274043,0.274043,0.265421,0.269742,0,0
DVL_PB,D,20090805,000000,0.265421,0.274043,0.265421,0.269742,0,0
DVL_PB,D,20090806,000000,0.274043,0.278452,0.269742,0.274043,0,0
DVL_PB,D,20090807,000000,0.274043,0.274043,0.269742,0.274043,0,0
DVL_PB,D,20090810,000000,0.274043,0.282786,0.274043,0.278452,0,0
DVL_PB,D,20090811,000000,0.282786,0.291483,0.274043,0.274043,0,0
DVL_PB,D,20090812,000000,0.269742,0.274043,0.269742,0.274043,0,0
DVL_PB,D,20090813,000000,0.278452,0.282786,0.278452,0.278452,0,0
DVL_PB,D,20090814,000000,0.282786,0.282786,0.278452,0.278452,0,0
DVL_PB,D,20090817,000000,0.269742,0.269742,0.269742,0.269742,0,0
DVL_PB,D,20090818,000000,0.265421,0.269742,0.265421,0.265421,0,0
DVL_PB,D,20090819,000000,0.261053,0.265421,0.261053,0.265421,0,0
DVL_PB,D,20090820,000000,0.269742,0.269742,0.265421,0.269742,0,0
DVL_PB,D,20090821,000000,0.274043,0.291483,0.269742,0.291483,0,0
DVL_PB,D,20090824,000000,0.300179,0.30886,0.295838,0.30886,0,0
DVL_PB,D,20090825,000000,0.30886,0.361119,0.304499,0.356717,0,0
DVL_PB,D,20090826,000000,0.343578,0.348049,0.339311,0.343578,0,0
DVL_PB,D,20090827,000000,0.339311,0.343578,0.335065,0.335065,0,0
DVL_PB,D,20090828,000000,0.335065,0.343578,0.335065,0.343578,0,0
DVL_PB,D,20090831,000000,0.339311,0.339311,0.32632,0.330689,0,0
DVL_PB,D,20090901,000000,0.32632,0.32632,0.304499,0.313284,0,0
DVL_PB,D,20090902,000000,0.300179,0.313284,0.282786,0.282786,0,0
DVL_PB,D,20090903,000000,0.287141,0.295838,0.287141,0.291483,0,0
DVL_PB,D,20090904,000000,0.291483,0.304499,0.291483,0.300179,0,0
DVL_PB,D,20090907,000000,0.304499,0.30886,0.304499,0.30886,0,0
DVL_PB,D,20090908,000000,0.30886,0.30886,0.300179,0.300179,0,0
DVL_PB,D,20090909,000000,0.300179,0.300179,0.291483,0.291483,0,0
DVL_PB,D,20090910,000000,0.300179,0.300179,0.287141,0.287141,0,0
DVL_PB,D,20090911,000000,0.291483,0.291483,0.282786,0.287141,0,0
DVL_PB,D,20090914,000000,0.278452,0.282786,0.278452,0.282786,0,0
DVL_PB,D,20090915,000000,0.282786,0.295838,0.282786,0.295838,0,0
DVL_PB,D,20090916,000000,0.300179,0.304499,0.291483,0.295838,0,0
DVL_PB,D,20090917,000000,0.300179,0.30886,0.295838,0.30886,0,0
DVL_PB,D,20090918,000000,0.317645,0.321954,0.317645,0.317645,0,0
DVL_PB,D,20090921,000000,0.321954,0.339311,0.317645,0.335065,0,0
DVL_PB,D,20090922,000000,0.339311,0.352451,0.339311,0.339311,0,0
DVL_PB,D,20090923,000000,0.339311,0.339311,0.32632,0.330689,0,0
DVL_PB,D,20090924,000000,0.321954,0.335065,0.321954,0.335065,0,0
DVL_PB,D,20090925,000000,0.330689,0.335065,0.32632,0.32632,0,0
DVL_PB,D,20090928,000000,0.321954,0.330689,0.317645,0.330689,0,0
DVL_PB,D,20090929,000000,0.330689,0.330689,0.321954,0.32632,0,0
DVL_PB,D,20090930,000000,0.32632,0.32632,0.313284,0.313284,0,0
DVL_PB,D,20091001,000000,0.30886,0.317645,0.30886,0.317645,0,0
DVL_PB,D,20091002,000000,0.313284,0.313284,0.304499,0.30886,0,0
DVL_PB,D,20091005,000000,0.30886,0.313284,0.30886,0.30886,0,0
DVL_PB,D,20091006,000000,0.313284,0.317645,0.30886,0.317645,0,0
DVL_PB,D,20091007,000000,0.317645,0.317645,0.313284,0.313284,0,0
DVL_PB,D,20091008,000000,0.317645,0.317645,0.30886,0.313284,0,0
DVL_PB,D,20091009,000000,0.313284,0.313284,0.30886,0.313284,0,0
DVL_PB,D,20091012,000000,0.30886,0.30886,0.30886,0.30886,0,0
DVL_PB,D,20091013,000000,0.30886,0.313284,0.304499,0.313284,0,0
DVL_PB,D,20091014,000000,0.313284,0.321954,0.313284,0.317645,0,0
DVL_PB,D,20091015,000000,0.321954,0.321954,0.313284,0.313284,0,0
DVL_PB,D,20091016,000000,0.313284,0.313284,0.30886,0.30886,0,0
DVL_PB,D,20091019,000000,0.313284,0.313284,0.30886,0.30886,0,0
DVL_PB,D,20091020,000000,0.30886,0.30886,0.304499,0.304499,0,0
DVL_PB,D,20091021,000000,0.300179,0.30886,0.300179,0.30886,0,0
DVL_PB,D,20091022,000000,0.300179,0.304499,0.300179,0.304499,0,0
DVL_PB,D,20091023,000000,0.30886,0.317645,0.30886,0.317645,0,0
DVL_PB,D,20091026,000000,0.317645,0.335065,0.313284,0.335065,0,0
DVL_PB,D,20091027,000000,0.32632,0.32632,0.317645,0.321954,0,0
DVL_PB,D,20091028,000000,0.321954,0.321954,0.313284,0.313284,0,0
DVL_PB,D,20091029,000000,0.30886,0.335065,0.30886,0.335065,0,0
DVL_PB,D,20091030,000000,0.335065,0.339311,0.330689,0.330689,0,0
DVL_PB,D,20091102,000000,0.317645,0.335065,0.317645,0.330689,0,0
DVL_PB,D,20091103,000000,0.330689,0.330689,0.317645,0.317645,0,0
DVL_PB,D,20091104,000000,0.321954,0.330689,0.321954,0.330689,0,0
DVL_PB,D,20091105,000000,0.32632,0.348049,0.32632,0.348049,0,0
DVL_PB,D,20091106,000000,0.348049,0.348049,0.335065,0.343578,0,0
DVL_PB,D,20091109,000000,0.343578,0.38286,0.343578,0.38286,0,0
DVL_PB,D,20091110,000000,0.378457,0.387262,0.369923,0.378457,0,0
DVL_PB,D,20091112,000000,0.378457,0.38286,0.378457,0.38286,0,0
DVL_PB,D,20091113,000000,0.378457,0.409001,0.378457,0.400264,0,0
DVL_PB,D,20091116,000000,0.404667,0.404667,0.365453,0.365453,0,0
DVL_PB,D,20091117,000000,0.361119,0.361119,0.352451,0.361119,0,0
DVL_PB,D,20091118,000000,0.361119,0.361119,0.348049,0.348049,0,0
DVL_PB,D,20091119,000000,0.348049,0.348049,0.335065,0.335065,0,0
DVL_PB,D,20091120,000000,0.339311,0.348049,0.335065,0.343578,0,0
DVL_PB,D,20091123,000000,0.352451,0.352451,0.348049,0.352451,0,0
DVL_PB,D,20091124,000000,0.348049,0.348049,0.343578,0.348049,0,0
DVL_PB,D,20091125,000000,0.348049,0.348049,0.339311,0.348049,0,0
DVL_PB,D,20091126,000000,0.348049,0.348049,0.339311,0.339311,0,0
DVL_PB,D,20091127,000000,0.335065,0.348049,0.330689,0.348049,0,0
DVL_PB,D,20091130,000000,0.348049,0.348049,0.339311,0.348049,0,0
DVL_PB,D,20091201,000000,0.339311,0.343578,0.335065,0.339311,0,0
DVL_PB,D,20091202,000000,0.339311,0.339311,0.335065,0.335065,0,0
DVL_PB,D,20091203,000000,0.339311,0.339311,0.335065,0.339311,0,0
DVL_PB,D,20091204,000000,0.339311,0.348049,0.335065,0.348049,0,0
DVL_PB,D,20091207,000000,0.348049,0.348049,0.339311,0.339311,0,0
DVL_PB,D,20091208,000000,0.339311,0.343578,0.335065,0.335065,0,0
DVL_PB,D,20091209,000000,0.330689,0.339311,0.330689,0.330689,0,0
DVL_PB,D,20091210,000000,0.335065,0.335065,0.330689,0.335065,0,0
DVL_PB,D,20091211,000000,0.335065,0.343578,0.330689,0.339311,0,0
DVL_PB,D,20091214,000000,0.339311,0.348049,0.339311,0.339311,0,0
DVL_PB,D,20091215,000000,0.348049,0.348049,0.330689,0.335065,0,0
DVL_PB,D,20091216,000000,0.335065,0.335065,0.335065,0.335065,0,0
DVL_PB,D,20091217,000000,0.330689,0.335065,0.330689,0.335065,0,0
DVL_PB,D,20091218,000000,0.330689,0.335065,0.330689,0.330689,0,0
DVL_PB,D,20091221,000000,0.321954,0.330689,0.30886,0.313284,0,0
DVL_PB,D,20091222,000000,0.313284,0.313284,0.304499,0.313284,0,0
DVL_PB,D,20091223,000000,0.304499,0.313284,0.300179,0.304499,0,0
DVL_PB,D,20091228,000000,0.300179,0.30886,0.300179,0.30886,0,0
DVL_PB,D,20091229,000000,0.30886,0.321954,0.30886,0.321954,0,0
DVL_PB,D,20091230,000000,0.321954,0.321954,0.313284,0.317645,0,0
DVL_PB,D,20091231,000000,0.317645,0.317645,0.30886,0.313284,0,0
DVL_PB,D,20100104,000000,0.317645,0.321954,0.313284,0.321954,0,0
DVL_PB,D,20100105,000000,0.321954,0.321954,0.321954,0.321954,0,0
DVL_PB,D,20100106,000000,0.321954,0.321954,0.313284,0.317645,0,0
DVL_PB,D,20100107,000000,0.317645,0.317645,0.313284,0.317645,0,0
DVL_PB,D,20100108,000000,0.313284,0.321954,0.313284,0.321954,0,0
DVL_PB,D,20100111,000000,0.321954,0.321954,0.317645,0.317645,0,0
DVL_PB,D,20100112,000000,0.313284,0.317645,0.30886,0.313284,0,0
DVL_PB,D,20100113,000000,0.313284,0.313284,0.30886,0.30886,0,0
DVL_PB,D,20100114,000000,0.313284,0.321954,0.30886,0.317645,0,0
DVL_PB,D,20100115,000000,0.317645,0.321954,0.313284,0.313284,0,0
DVL_PB,D,20100118,000000,0.313284,0.317645,0.313284,0.317645,0,0
DVL_PB,D,20100119,000000,0.317645,0.317645,0.313284,0.317645,0,0
DVL_PB,D,20100120,000000,0.317645,0.321954,0.313284,0.317645,0,0
DVL_PB,D,20100121,000000,0.313284,0.317645,0.30886,0.30886,0,0
DVL_PB,D,20100122,000000,0.304499,0.304499,0.300179,0.304499,0,0
DVL_PB,D,20100125,000000,0.304499,0.304499,0.295838,0.300179,0,0
DVL_PB,D,20100126,000000,0.300179,0.300179,0.282786,0.287141,0,0
DVL_PB,D,20100127,000000,0.287141,0.291483,0.282786,0.282786,0,0
DVL_PB,D,20100128,000000,0.287141,0.295838,0.287141,0.291483,0,0
DVL_PB,D,20100129,000000,0.291483,0.295838,0.287141,0.295838,0,0
DVL_PB,D,20100201,000000,0.291483,0.300179,0.291483,0.300179,0,0
DVL_PB,D,20100202,000000,0.300179,0.300179,0.300179,0.300179,0,0
DVL_PB,D,20100203,000000,0.300179,0.304499,0.300179,0.300179,0,0
DVL_PB,D,20100204,000000,0.300179,0.300179,0.295838,0.295838,0,0
DVL_PB,D,20100205,000000,0.282786,0.287141,0.278452,0.287141,0,0
DVL_PB,D,20100208,000000,0.282786,0.287141,0.278452,0.278452,0,0
DVL_PB,D,20100209,000000,0.278452,0.287141,0.278452,0.282786,0,0
DVL_PB,D,20100210,000000,0.287141,0.287141,0.278452,0.278452,0,0
DVL_PB,D,20100211,000000,0.282786,0.282786,0.274043,0.274043,0,0
DVL_PB,D,20100212,000000,0.278452,0.282786,0.274043,0.278452,0,0
DVL_PB,D,20100215,000000,0.282786,0.282786,0.278452,0.282786,0,0
DVL_PB,D,20100216,000000,0.287141,0.287141,0.282786,0.287141,0,0
DVL_PB,D,20100217,000000,0.287141,0.295838,0.287141,0.291483,0,0
DVL_PB,D,20100218,000000,0.295838,0.295838,0.287141,0.295838,0,0
DVL_PB,D,20100219,000000,0.287141,0.295838,0.287141,0.295838,0,0
DVL_PB,D,20100222,000000,0.295838,0.304499,0.291483,0.300179,0,0
DVL_PB,D,20100223,000000,0.304499,0.313284,0.300179,0.304499,0,0
DVL_PB,D,20100224,000000,0.304499,0.304499,0.300179,0.300179,0,0
DVL_PB,D,20100225,000000,0.300179,0.300179,0.295838,0.295838,0,0
DVL_PB,D,20100226,000000,0.295838,0.300179,0.291483,0.295838,0,0
DVL_PB,D,20100301,000000,0.295838,0.295838,0.295838,0.295838,0,0
DVL_PB,D,20100302,000000,0.295838,0.30886,0.295838,0.304499,0,0
DVL_PB,D,20100303,000000,0.30886,0.321954,0.304499,0.321954,0,0
DVL_PB,D,20100304,000000,0.317645,0.335065,0.317645,0.335065,0,0
DVL_PB,D,20100305,000000,0.335065,0.335065,0.32632,0.335065,0,0
DVL_PB,D,20100308,000000,0.339311,0.339311,0.32632,0.330689,0,0
DVL_PB,D,20100309,000000,0.32632,0.32632,0.321954,0.32632,0,0
DVL_PB,D,20100310,000000,0.32632,0.330689,0.321954,0.330689,0,0
DVL_PB,D,20100311,000000,0.330689,0.335065,0.321954,0.32632,0,0
DVL_PB,D,20100312,000000,0.317645,0.330689,0.313284,0.321954,0,0
DVL_PB,D,20100315,000000,0.321954,0.321954,0.317645,0.321954,0,0
DVL_PB,D,20100316,000000,0.321954,0.335065,0.321954,0.335065,0,0
DVL_PB,D,20100317,000000,0.343578,0.352451,0.335065,0.335065,0,0
DVL_PB,D,20100318,000000,0.339311,0.343578,0.32632,0.32632,0,0
DVL_PB,D,20100319,000000,0.321954,0.321954,0.317645,0.321954,0,0
DVL_PB,D,20100322,000000,0.317645,0.343578,0.317645,0.343578,0,0
DVL_PB,D,20100323,000000,0.343578,0.348049,0.343578,0.343578,0,0
DVL_PB,D,20100324,000000,0.343578,0.348049,0.339311,0.339311,0,0
DVL_PB,D,20100325,000000,0.343578,0.348049,0.335065,0.348049,0,0
DVL_PB,D,20100326,000000,0.348049,0.348049,0.339311,0.343578,0,0
DVL_PB,D,20100329,000000,0.343578,0.352451,0.335065,0.348049,0,0
DVL_PB,D,20100330,000000,0.348049,0.356717,0.343578,0.356717,0,0
DVL_PB,D,20100331,000000,0.356717,0.356717,0.343578,0.348049,0,0
DVL_PB,D,20100401,000000,0.348049,0.352451,0.343578,0.348049,0,0
DVL_PB,D,20100406,000000,0.348049,0.348049,0.339311,0.348049,0,0
DVL_PB,D,20100407,000000,0.343578,0.348049,0.343578,0.348049,0,0
DVL_PB,D,20100408,000000,0.343578,0.343578,0.335065,0.339311,0,0
DVL_PB,D,20100409,000000,0.343578,0.343578,0.339311,0.339311,0,0
DVL_PB,D,20100412,000000,0.339311,0.343578,0.335065,0.343578,0,0
DVL_PB,D,20100413,000000,0.339311,0.343578,0.335065,0.339311,0,0
DVL_PB,D,20100414,000000,0.343578,0.365453,0.343578,0.365453,0,0
DVL_PB,D,20100415,000000,0.374122,0.378457,0.361119,0.365453,0,0
DVL_PB,D,20100416,000000,0.365453,0.365453,0.352451,0.352451,0,0
DVL_PB,D,20100419,000000,0.348049,0.348049,0.335065,0.335065,0,0
DVL_PB,D,20100420,000000,0.339311,0.343578,0.339311,0.343578,0,0
DVL_PB,D,20100421,000000,0.343578,0.348049,0.335065,0.335065,0,0
DVL_PB,D,20100422,000000,0.335065,0.339311,0.317645,0.321954,0,0
DVL_PB,D,20100423,000000,0.321954,0.330689,0.317645,0.321954,0,0
DVL_PB,D,20100426,000000,0.32632,0.330689,0.32632,0.330689,0,0
DVL_PB,D,20100427,000000,0.32632,0.330689,0.32632,0.32632,0,0
DVL_PB,D,20100428,000000,0.317645,0.32632,0.313284,0.321954,0,0
DVL_PB,D,20100429,000000,0.321954,0.32632,0.317645,0.317645,0,0
DVL_PB,D,20100430,000000,0.321954,0.32632,0.321954,0.32632,0,0
DVL_PB,D,20100504,000000,0.32632,0.32632,0.313284,0.317645,0,0
DVL_PB,D,20100505,000000,0.313284,0.317645,0.30886,0.317645,0,0
DVL_PB,D,20100506,000000,0.313284,0.317645,0.313284,0.313284,0,0
DVL_PB,D,20100507,000000,0.304499,0.30886,0.300179,0.30886,0,0
DVL_PB,D,20100510,000000,0.317645,0.32632,0.317645,0.32632,0,0
DVL_PB,D,20100511,000000,0.321954,0.321954,0.317645,0.317645,0,0
DVL_PB,D,20100512,000000,0.317645,0.321954,0.317645,0.321954,0,0
DVL_PB,D,20100513,000000,0.321954,0.321954,0.317645,0.321954,0,0
DVL_PB,D,20100514,000000,0.330689,0.330689,0.321954,0.32632,0,0
DVL_PB,D,20100517,000000,0.321954,0.32632,0.321954,0.321954,0,0
DVL_PB,D,20100518,000000,0.321954,0.321954,0.317645,0.321954,0,0
DVL_PB,D,20100519,000000,0.317645,0.317645,0.30886,0.30886,0,0
DVL_PB,D,20100520,000000,0.30886,0.30886,0.291483,0.295838,0,0
DVL_PB,D,20100521,000000,0.295838,0.300179,0.291483,0.300179,0,0
DVL_PB,D,20100524,000000,0.304499,0.30886,0.300179,0.304499,0,0
DVL_PB,D,20100525,000000,0.295838,0.295838,0.291483,0.295838,0,0
DVL_PB,D,20100526,000000,0.300179,0.30886,0.300179,0.304499,0,0
DVL_PB,D,20100527,000000,0.30886,0.30886,0.300179,0.30886,0,0
DVL_PB,D,20100528,000000,0.30886,0.317645,0.30886,0.317645,0,0
DVL_PB,D,20100531,000000,0.313284,0.317645,0.30886,0.313284,0,0
DVL_PB,D,20100601,000000,0.30886,0.317645,0.30886,0.317645,0,0
DVL_PB,D,20100602,000000,0.30886,0.313284,0.30886,0.30886,0,0
DVL_PB,D,20100604,000000,0.313284,0.313284,0.300179,0.300179,0,0
DVL_PB,D,20100607,000000,0.300179,0.300179,0.295838,0.300179,0,0
DVL_PB,D,20100608,000000,0.304499,0.304499,0.300179,0.300179,0,0
DVL_PB,D,20100609,000000,0.300179,0.304499,0.300179,0.304499,0,0
DVL_PB,D,20100610,000000,0.304499,0.30886,0.300179,0.304499,0,0
DVL_PB,D,20100611,000000,0.30886,0.30886,0.300179,0.304499,0,0
DVL_PB,D,20100614,000000,0.300179,0.30886,0.300179,0.30886,0,0
DVL_PB,D,20100615,000000,0.304499,0.317645,0.304499,0.317645,0,0
DVL_PB,D,20100616,000000,0.317645,0.32632,0.317645,0.32632,0,0
DVL_PB,D,20100617,000000,0.32632,0.330689,0.321954,0.32632,0,0
DVL_PB,D,20100618,000000,0.321954,0.32632,0.317645,0.321954,0,0
DVL_PB,D,20100621,000000,0.321954,0.321954,0.317645,0.317645,0,0
DVL_PB,D,20100622,000000,0.321954,0.321954,0.313284,0.313284,0,0
DVL_PB,D,20100623,000000,0.313284,0.313284,0.30886,0.30886,0,0
DVL_PB,D,20100624,000000,0.30886,0.313284,0.300179,0.304499,0,0
DVL_PB,D,20100625,000000,0.300179,0.304499,0.300179,0.304499,0,0
DVL_PB,D,20100628,000000,0.304499,0.30886,0.295838,0.295838,0,0
DVL_PB,D,20100629,000000,0.295838,0.300179,0.291483,0.291483,0,0
DVL_PB,D,20100630,000000,0.291483,0.295838,0.291483,0.291483,0,0
DVL_PB,D,20100701,000000,0.291483,0.295838,0.291483,0.295838,0,0
DVL_PB,D,20100702,000000,0.295838,0.313284,0.295838,0.304499,0,0
DVL_PB,D,20100705,000000,0.313284,0.313284,0.300179,0.304499,0,0
DVL_PB,D,20100706,000000,0.30886,0.30886,0.300179,0.304499,0,0
DVL_PB,D,20100707,000000,0.304499,0.304499,0.295838,0.304499,0,0
DVL_PB,D,20100708,000000,0.30886,0.30886,0.304499,0.304499,0,0
DVL_PB,D,20100709,000000,0.304499,0.304499,0.300179,0.304499,0,0
DVL_PB,D,20100712,000000,0.304499,0.30886,0.300179,0.30886,0,0
DVL_PB,D,20100713,000000,0.304499,0.30886,0.300179,0.30886,0,0
DVL_PB,D,20100714,000000,0.304499,0.30886,0.304499,0.304499,0,0
DVL_PB,D,20100715,000000,0.304499,0.30886,0.300179,0.30886,0,0
DVL_PB,D,20100716,000000,0.304499,0.30886,0.300179,0.304499,0,0
DVL_PB,D,20100719,000000,0.304499,0.304499,0.295838,0.300179,0,0
DVL_PB,D,20100720,000000,0.300179,0.300179,0.295838,0.300179,0,0
DVL_PB,D,20100721,000000,0.300179,0.30886,0.300179,0.30886,0,0
DVL_PB,D,20100722,000000,0.30886,0.30886,0.304499,0.30886,0,0
DVL_PB,D,20100723,000000,0.30886,0.317645,0.30886,0.317645,0,0
DVL_PB,D,20100726,000000,0.317645,0.321954,0.313284,0.317645,0,0
DVL_PB,D,20100727,000000,0.317645,0.321954,0.313284,0.313284,0,0
DVL_PB,D,20100728,000000,0.313284,0.317645,0.30886,0.30886,0,0
DVL_PB,D,20100729,000000,0.30886,0.313284,0.304499,0.30886,0,0
DVL_PB,D,20100730,000000,0.304499,0.30886,0.300179,0.304499,0,0
DVL_PB,D,20100802,000000,0.304499,0.313284,0.304499,0.304499,0,0
DVL_PB,D,20100803,000000,0.313284,0.313284,0.30886,0.30886,0,0
DVL_PB,D,20100804,000000,0.30886,0.313284,0.30886,0.313284,0,0
DVL_PB,D,20100805,000000,0.313284,0.313284,0.30886,0.313284,0,0
DVL_PB,D,20100806,000000,0.313284,0.313284,0.304499,0.304499,0,0
DVL_PB,D,20100809,000000,0.313284,0.313284,0.30886,0.313284,0,0
DVL_PB,D,20100810,000000,0.30886,0.30886,0.304499,0.30886,0,0
DVL_PB,D,20100811,000000,0.30886,0.30886,0.304499,0.304499,0,0
DVL_PB,D,20100812,000000,0.304499,0.304499,0.300179,0.304499,0,0
DVL_PB,D,20100813,000000,0.304499,0.313284,0.304499,0.30886,0,0
DVL_PB,D,20100816,000000,0.30886,0.30886,0.300179,0.30886,0,0
DVL_PB,D,20100817,000000,0.304499,0.30886,0.304499,0.30886,0,0
DVL_PB,D,20100818,000000,0.304499,0.304499,0.304499,0.304499,0,0
DVL_PB,D,20100819,000000,0.304499,0.30886,0.304499,0.304499,0,0
DVL_PB,D,20100820,000000,0.300179,0.304499,0.300179,0.304499,0,0
DVL_PB,D,20100823,000000,0.300179,0.304499,0.300179,0.304499,0,0
DVL_PB,D,20100824,000000,0.304499,0.304499,0.295838,0.295838,0,0
DVL_PB,D,20100825,000000,0.295838,0.300179,0.295838,0.295838,0,0
DVL_PB,D,20100826,000000,0.300179,0.304499,0.300179,0.304499,0,0
DVL_PB,D,20100827,000000,0.304499,0.304499,0.300179,0.304499,0,0
DVL_PB,D,20100830,000000,0.300179,0.30886,0.300179,0.304499,0,0
DVL_PB,D,20100831,000000,0.304499,0.348049,0.304499,0.348049,0,0
DVL_PB,D,20100901,000000,0.348049,0.348049,0.335065,0.339311,0,0
DVL_PB,D,20100902,000000,0.335065,0.365453,0.32632,0.352451,0,0
DVL_PB,D,20100903,000000,0.356717,0.356717,0.339311,0.343578,0,0
DVL_PB,D,20100906,000000,0.348049,0.348049,0.335065,0.335065,0,0
DVL_PB,D,20100907,000000,0.330689,0.339311,0.32632,0.330689,0,0
DVL_PB,D,20100908,000000,0.330689,0.335065,0.32632,0.335065,0,0
DVL_PB,D,20100909,000000,0.330689,0.330689,0.321954,0.321954,0,0
DVL_PB,D,20100910,000000,0.330689,0.330689,0.321954,0.32632,0,0
DVL_PB,D,20100913,000000,0.32632,0.335065,0.32632,0.330689,0,0
DVL_PB,D,20100914,000000,0.335065,0.335065,0.330689,0.330689,0,0
DVL_PB,D,20100915,000000,0.330689,0.339311,0.330689,0.339311,0,0
DVL_PB,D,20100916,000000,0.339311,0.339311,0.335065,0.339311,0,0
DVL_PB,D,20100917,000000,0.339311,0.339311,0.330689,0.335065,0,0
DVL_PB,D,20100920,000000,0.335065,0.335065,0.32632,0.330689,0,0
DVL_PB,D,20100921,000000,0.330689,0.330689,0.32632,0.32632,0,0
DVL_PB,D,20100922,000000,0.330689,0.330689,0.32632,0.330689,0,0
DVL_PB,D,20100923,000000,0.330689,0.330689,0.317645,0.32632,0,0
DVL_PB,D,20100924,000000,0.32632,0.330689,0.321954,0.330689,0,0
DVL_PB,D,20100927,000000,0.330689,0.330689,0.32632,0.32632,0,0
DVL_PB,D,20100928,000000,0.32632,0.330689,0.321954,0.321954,0,0
DVL_PB,D,20100929,000000,0.330689,0.339311,0.32632,0.339311,0,0
DVL_PB,D,20100930,000000,0.339311,0.352451,0.339311,0.339311,0,0
DVL_PB,D,20101001,000000,0.339311,0.343578,0.335065,0.339311,0,0
DVL_PB,D,20101004,000000,0.335065,0.335065,0.32632,0.330689,0,0
DVL_PB,D,20101005,000000,0.330689,0.339311,0.330689,0.335065,0,0
DVL_PB,D,20101006,000000,0.335065,0.343578,0.335065,0.339311,0,0
DVL_PB,D,20101007,000000,0.339311,0.343578,0.335065,0.339311,0,0
DVL_PB,D,20101008,000000,0.339311,0.339311,0.335065,0.339311,0,0
DVL_PB,D,20101011,000000,0.339311,0.343578,0.335065,0.339311,0,0
DVL_PB,D,20101012,000000,0.343578,0.343578,0.335065,0.335065,0,0
DVL_PB,D,20101013,000000,0.335065,0.348049,0.335065,0.339311,0,0
DVL_PB,D,20101014,000000,0.343578,0.343578,0.339311,0.339311,0,0
DVL_PB,D,20101015,000000,0.343578,0.343578,0.335065,0.339311,0,0
DVL_PB,D,20101018,000000,0.335065,0.343578,0.335065,0.339311,0,0
DVL_PB,D,20101019,000000,0.339311,0.339311,0.335065,0.339311,0,0
DVL_PB,D,20101020,000000,0.335065,0.339311,0.330689,0.335065,0,0
DVL_PB,D,20101021,000000,0.335065,0.335065,0.330689,0.335065,0,0
DVL_PB,D,20101022,000000,0.330689,0.335065,0.32632,0.32632,0,0
DVL_PB,D,20101025,000000,0.32632,0.330689,0.32632,0.330689,0,0
DVL_PB,D,20101026,000000,0.330689,0.330689,0.32632,0.330689,0,0
DVL_PB,D,20101027,000000,0.330689,0.335065,0.32632,0.335065,0,0
DVL_PB,D,20101028,000000,0.335065,0.339311,0.335065,0.335065,0,0
DVL_PB,D,20101029,000000,0.330689,0.339311,0.330689,0.339311,0,0
DVL_PB,D,20101102,000000,0.339311,0.339311,0.335065,0.339311,0,0
DVL_PB,D,20101103,000000,0.343578,0.343578,0.339311,0.339311,0,0
DVL_PB,D,20101104,000000,0.339311,0.343578,0.335065,0.343578,0,0
DVL_PB,D,20101105,000000,0.343578,0.343578,0.335065,0.335065,0,0
DVL_PB,D,20101108,000000,0.339311,0.339311,0.335065,0.335065,0,0
DVL_PB,D,20101109,000000,0.335065,0.339311,0.335065,0.335065,0,0
DVL_PB,D,20101110,000000,0.343578,0.352451,0.343578,0.343578,0,0
DVL_PB,D,20101112,000000,0.339311,0.339311,0.335065,0.335065,0,0
DVL_PB,D,20101115,000000,0.335065,0.339311,0.330689,0.335065,0,0
DVL_PB,D,20101116,000000,0.335065,0.335065,0.32632,0.32632,0,0
DVL_PB,D,20101117,000000,0.32632,0.330689,0.32632,0.330689,0,0
DVL_PB,D,20101118,000000,0.330689,0.330689,0.32632,0.330689,0,0
DVL_PB,D,20101119,000000,0.330689,0.335065,0.32632,0.32632,0,0
DVL_PB,D,20101122,000000,0.32632,0.330689,0.317645,0.321954,0,0
DVL_PB,D,20101123,000000,0.321954,0.321954,0.317645,0.321954,0,0
DVL_PB,D,20101124,000000,0.321954,0.321954,0.317645,0.321954,0,0
DVL_PB,D,20101125,000000,0.321954,0.321954,0.317645,0.321954,0,0
DVL_PB,D,20101126,000000,0.32632,0.32632,0.313284,0.313284,0,0
DVL_PB,D,20101129,000000,0.317645,0.317645,0.304499,0.304499,0,0
DVL_PB,D,20101130,000000,0.30886,0.30886,0.300179,0.30886,0,0
DVL_PB,D,20101201,000000,0.30886,0.317645,0.30886,0.317645,0,0
DVL_PB,D,20101202,000000,0.313284,0.321954,0.304499,0.304499,0,0
DVL_PB,D,20101203,000000,0.313284,0.313284,0.30886,0.313284,0,0
DVL_PB,D,20101206,000000,0.317645,0.317645,0.30886,0.313284,0,0
DVL_PB,D,20101207,000000,0.313284,0.317645,0.30886,0.30886,0,0
DVL_PB,D,20101208,000000,0.313284,0.313284,0.30886,0.313284,0,0
DVL_PB,D,20101209,000000,0.313284,0.313284,0.30886,0.30886,0,0
DVL_PB,D,20101210,000000,0.313284,0.317645,0.30886,0.313284,0,0
DVL_PB,D,20101213,000000,0.313284,0.313284,0.30886,0.313284,0,0
DVL_PB,D,20101214,000000,0.313284,0.313284,0.30886,0.313284,0,0
DVL_PB,D,20101215,000000,0.30886,0.30886,0.304499,0.30886,0,0
DVL_PB,D,20101216,000000,0.30886,0.313284,0.304499,0.30886,0,0
DVL_PB,D,20101217,000000,0.30886,0.30886,0.304499,0.304499,0,0
DVL_PB,D,20101220,000000,0.30886,0.30886,0.300179,0.304499,0,0
DVL_PB,D,20101221,000000,0.30886,0.30886,0.304499,0.304499,0,0
DVL_PB,D,20101222,000000,0.304499,0.313284,0.304499,0.304499,0,0
DVL_PB,D,20101223,000000,0.304499,0.304499,0.300179,0.304499,0,0
DVL_PB,D,20101227,000000,0.304499,0.304499,0.300179,0.300179,0,0
DVL_PB,D,20101228,000000,0.300179,0.300179,0.291483,0.295838,0,0
DVL_PB,D,20101229,000000,0.295838,0.300179,0.295838,0.300179,0,0
DVL_PB,D,20101230,000000,0.295838,0.300179,0.295838,0.295838,0,0
DVL_PB,D,20101231,000000,0.295838,0.304499,0.295838,0.304499,0,0
DVL_PB,D,20110103,000000,0.300179,0.304499,0.295838,0.295838,0,0
DVL_PB,D,20110104,000000,0.300179,0.300179,0.300179,0.300179,0,0
DVL_PB,D,20110105,000000,0.304499,0.304499,0.295838,0.300179,0,0
DVL_PB,D,20110107,000000,0.300179,0.300179,0.300179,0.300179,0,0
DVL_PB,D,20110110,000000,0.304499,0.304499,0.291483,0.300179,0,0
DVL_PB,D,20110111,000000,0.295838,0.300179,0.295838,0.300179,0,0
DVL_PB,D,20110112,000000,0.295838,0.313284,0.295838,0.30886,0,0
DVL_PB,D,20110113,000000,0.313284,0.313284,0.304499,0.304499,0,0
DVL_PB,D,20110114,000000,0.304499,0.304499,0.300179,0.304499,0,0
DVL_PB,D,20110117,000000,0.300179,0.30886,0.300179,0.30886,0,0
DVL_PB,D,20110118,000000,0.30886,0.313284,0.304499,0.30886,0,0
DVL_PB,D,20110119,000000,0.313284,0.313284,0.304499,0.304499,0,0
DVL_PB,D,20110120,000000,0.304499,0.30886,0.304499,0.304499,0,0
DVL_PB,D,20110121,000000,0.304499,0.30886,0.304499,0.30886,0,0
DVL_PB,D,20110124,000000,0.30886,0.30886,0.304499,0.30886,0,0
DVL_PB,D,20110125,000000,0.30886,0.313284,0.304499,0.313284,0,0
DVL_PB,D,20110126,000000,0.304499,0.30886,0.304499,0.304499,0,0
DVL_PB,D,20110127,000000,0.304499,0.30886,0.304499,0.30886,0,0
DVL_PB,D,20110128,000000,0.304499,0.304499,0.304499,0.304499,0,0
DVL_PB,D,20110131,000000,0.30886,0.30886,0.304499,0.30886,0,0
DVL_PB,D,20110201,000000,0.304499,0.30886,0.304499,0.30886,0,0
DVL_PB,D,20110202,000000,0.30886,0.30886,0.304499,0.304499,0,0
DVL_PB,D,20110203,000000,0.304499,0.30886,0.304499,0.30886,0,0
DVL_PB,D,20110204,000000,0.30886,0.30886,0.304499,0.30886,0,0
DVL_PB,D,20110207,000000,0.304499,0.30886,0.304499,0.30886,0,0
DVL_PB,D,20110208,000000,0.30886,0.30886,0.304499,0.30886,0,0
DVL_PB,D,20110209,000000,0.30886,0.30886,0.304499,0.304499,0,0
DVL_PB,D,20110210,000000,0.304499,0.30886,0.304499,0.304499,0,0
DVL_PB,D,20110211,000000,0.304499,0.30886,0.304499,0.30886,0,0
DVL_PB,D,20110214,000000,0.30886,0.30886,0.304499,0.30886,0,0
DVL_PB,D,20110215,000000,0.30886,0.30886,0.30886,0.30886,0,0
DVL_PB,D,20110216,000000,0.30886,0.330689,0.30886,0.321954,0,0
DVL_PB,D,20110217,000000,0.321954,0.32632,0.321954,0.32632,0,0
DVL_PB,D,20110218,000000,0.321954,0.32632,0.321954,0.32632,0,0
DVL_PB,D,20110221,000000,0.330689,0.339311,0.32632,0.335065,0,0
DVL_PB,D,20110222,000000,0.335065,0.335065,0.321954,0.32632,0,0
DVL_PB,D,20110223,000000,0.32632,0.348049,0.32632,0.343578,0,0
DVL_PB,D,20110224,000000,0.343578,0.343578,0.339311,0.343578,0,0
DVL_PB,D,20110225,000000,0.343578,0.348049,0.335065,0.339311,0,0
DVL_PB,D,20110228,000000,0.339311,0.343578,0.330689,0.343578,0,0
DVL_PB,D,20110301,000000,0.339311,0.343578,0.32632,0.330689,0,0
DVL_PB,D,20110302,000000,0.330689,0.339311,0.330689,0.339311,0,0
DVL_PB,D,20110303,000000,0.339311,0.343578,0.330689,0.343578,0,0
DVL_PB,D,20110304,000000,0.339311,0.343578,0.335065,0.339311,0,0
DVL_PB,D,20110307,000000,0.339311,0.339311,0.330689,0.339311,0,0
DVL_PB,D,20110308,000000,0.339311,0.343578,0.335065,0.339311,0,0
DVL_PB,D,20110309,000000,0.339311,0.339311,0.335065,0.335065,0,0
DVL_PB,D,20110310,000000,0.335065,0.335065,0.330689,0.335065,0,0
DVL_PB,D,20110311,000000,0.330689,0.335065,0.330689,0.330689,0,0
DVL_PB,D,20110314,000000,0.32632,0.330689,0.317645,0.317645,0,0
DVL_PB,D,20110315,000000,0.317645,0.317645,0.30886,0.313284,0,0
DVL_PB,D,20110316,000000,0.313284,0.317645,0.30886,0.313284,0,0
DVL_PB,D,20110317,000000,0.313284,0.321954,0.30886,0.317645,0,0
DVL_PB,D,20110318,000000,0.317645,0.321954,0.313284,0.313284,0,0
DVL_PB,D,20110321,000000,0.321954,0.32632,0.321954,0.321954,0,0
DVL_PB,D,20110322,000000,0.321954,0.321954,0.30886,0.30886,0,0
DVL_PB,D,20110323,000000,0.317645,0.317645,0.30886,0.30886,0,0
DVL_PB,D,20110324,000000,0.30886,0.317645,0.30886,0.313284,0,0
DVL_PB,D,20110325,000000,0.313284,0.317645,0.30886,0.317645,0,0
DVL_PB,D,20110328,000000,0.317645,0.317645,0.30886,0.313284,0,0
DVL_PB,D,20110329,000000,0.30886,0.313284,0.304499,0.313284,0,0
DVL_PB,D,20110330,000000,0.313284,0.313284,0.304499,0.313284,0,0
DVL_PB,D,20110331,000000,0.30886,0.30886,0.304499,0.30886,0,0
DVL_PB,D,20110401,000000,0.30886,0.313284,0.304499,0.313284,0,0
DVL_PB,D,20110404,000000,0.313284,0.313284,0.304499,0.304499,0,0
DVL_PB,D,20110405,000000,0.30886,0.313284,0.304499,0.30886,0,0
DVL_PB,D,20110406,000000,0.30886,0.313284,0.30886,0.313284,0,0
DVL_PB,D,20110407,000000,0.313284,0.32632,0.313284,0.32632,0,0
DVL_PB,D,20110408,000000,0.321954,0.32632,0.317645,0.317645,0,0
DVL_PB,D,20110411,000000,0.317645,0.321954,0.317645,0.317645,0,0
DVL_PB,D,20110412,000000,0.317645,0.321954,0.317645,0.317645,0,0
DVL_PB,D,20110413,000000,0.317645,0.317645,0.317645,0.317645,0,0
DVL_PB,D,20110414,000000,0.317645,0.321954,0.317645,0.317645,0,0
DVL_PB,D,20110415,000000,0.317645,0.321954,0.317645,0.321954,0,0
DVL_PB,D,20110418,000000,0.321954,0.321954,0.30886,0.313284,0,0
DVL_PB,D,20110419,000000,0.313284,0.317645,0.313284,0.317645,0,0
DVL_PB,D,20110420,000000,0.313284,0.321954,0.313284,0.317645,0,0
DVL_PB,D,20110421,000000,0.313284,0.321954,0.313284,0.321954,0,0
DVL_PB,D,20110426,000000,0.313284,0.321954,0.313284,0.313284,0,0
DVL_PB,D,20110427,000000,0.313284,0.317645,0.30886,0.313284,0,0
DVL_PB,D,20110428,000000,0.317645,0.317645,0.30886,0.313284,0,0
DVL_PB,D,20110429,000000,0.30886,0.317645,0.30886,0.317645,0,0
DVL_PB,D,20110502,000000,0.317645,0.317645,0.313284,0.317645,0,0
DVL_PB,D,20110504,000000,0.313284,0.32632,0.313284,0.313284,0,0
DVL_PB,D,20110505,000000,0.313284,0.317645,0.30886,0.313284,0,0
DVL_PB,D,20110506,000000,0.313284,0.317645,0.30886,0.313284,0,0
DVL_PB,D,20110509,000000,0.313284,0.317645,0.313284,0.313284,0,0
DVL_PB,D,20110510,000000,0.313284,0.313284,0.30886,0.313284,0,0
DVL_PB,D,20110511,000000,0.313284,0.317645,0.30886,0.313284,0,0
DVL_PB,D,20110512,000000,0.313284,0.313284,0.304499,0.304499,0,0
DVL_PB,D,20110513,000000,0.304499,0.304499,0.304499,0.304499,0,0
DVL_PB,D,20110516,000000,0.304499,0.304499,0.300179,0.304499,0,0
DVL_PB,D,20110517,000000,0.300179,0.304499,0.291483,0.291483,0,0
DVL_PB,D,20110518,000000,0.291483,0.291483,0.291483,0.291483,0,0
DVL_PB,D,20110519,000000,0.295838,0.300179,0.291483,0.295838,0,0
DVL_PB,D,20110520,000000,0.300179,0.304499,0.295838,0.304499,0,0
DVL_PB,D,20110523,000000,0.295838,0.300179,0.295838,0.300179,0,0
DVL_PB,D,20110524,000000,0.295838,0.300179,0.295838,0.295838,0,0
DVL_PB,D,20110525,000000,0.295838,0.304499,0.295838,0.304499,0,0
DVL_PB,D,20110526,000000,0.304499,0.304499,0.295838,0.300179,0,0
DVL_PB,D,20110527,000000,0.300179,0.304499,0.300179,0.304499,0,0
DVL_PB,D,20110530,000000,0.300179,0.300179,0.295838,0.295838,0,0
DVL_PB,D,20110531,000000,0.300179,0.30886,0.295838,0.30886,0,0
DVL_PB,D,20110601,000000,0.30886,0.30886,0.304499,0.304499,0,0
DVL_PB,D,20110602,000000,0.300179,0.304499,0.295838,0.300179,0,0
DVL_PB,D,20110603,000000,0.295838,0.300179,0.295838,0.295838,0,0
DVL_PB,D,20110606,000000,0.295838,0.295838,0.287141,0.295838,0,0
DVL_PB,D,20110607,000000,0.295838,0.295838,0.291483,0.295838,0,0
DVL_PB,D,20110608,000000,0.295838,0.295838,0.287141,0.287141,0,0
DVL_PB,D,20110609,000000,0.291483,0.291483,0.287141,0.291483,0,0
DVL_PB,D,20110610,000000,0.291483,0.291483,0.287141,0.291483,0,0
DVL_PB,D,20110613,000000,0.287141,0.295838,0.287141,0.295838,0,0
DVL_PB,D,20110614,000000,0.295838,0.295838,0.291483,0.295838,0,0
DVL_PB,D,20110615,000000,0.295838,0.295838,0.287141,0.291483,0,0
DVL_PB,D,20110616,000000,0.287141,0.291483,0.282786,0.287141,0,0
DVL_PB,D,20110617,000000,0.287141,0.287141,0.282786,0.282786,0,0
DVL_PB,D,20110620,000000,0.282786,0.282786,0.278452,0.278452,0,0
DVL_PB,D,20110621,000000,0.282786,0.282786,0.269742,0.274043,0,0
DVL_PB,D,20110622,000000,0.274043,0.274043,0.269742,0.269742,0,0
DVL_PB,D,20110624,000000,0.265421,0.282786,0.265421,0.278452,0,0
DVL_PB,D,20110627,000000,0.278452,0.282786,0.265421,0.269742,0,0
DVL_PB,D,20110628,000000,0.269742,0.274043,0.256684,0.265421,0,0
DVL_PB,D,20110629,000000,0.269742,0.274043,0.269742,0.269742,0,0
DVL_PB,D,20110630,000000,0.269742,0.274043,0.269742,0.274043,0,0
DVL_PB,D,20110701,000000,0.274043,0.274043,0.269742,0.274043,0,0
DVL_PB,D,20110704,000000,0.278452,0.282786,0.278452,0.278452,0,0
DVL_PB,D,20110705,000000,0.278452,0.278452,0.274043,0.278452,0,0
DVL_PB,D,20110706,000000,0.274043,0.274043,0.269742,0.274043,0,0
DVL_PB,D,20110707,000000,0.274043,0.278452,0.265421,0.274043,0,0
DVL_PB,D,20110708,000000,0.269742,0.269742,0.265421,0.269742,0,0
DVL_PB,D,20110711,000000,0.265421,0.269742,0.261053,0.261053,0,0
DVL_PB,D,20110712,000000,0.261053,0.261053,0.248002,0.256684,0,0
DVL_PB,D,20110713,000000,0.256684,0.256684,0.252323,0.256684,0,0
DVL_PB,D,20110714,000000,0.256684,0.256684,0.252323,0.252323,0,0
DVL_PB,D,20110715,000000,0.248002,0.252323,0.248002,0.252323,0,0
DVL_PB,D,20110718,000000,0.248002,0.252323,0.24364,0.24364,0,0
DVL_PB,D,20110719,000000,0.248002,0.248002,0.239285,0.24364,0,0
DVL_PB,D,20110720,000000,0.239285,0.248002,0.234937,0.234937,0,0
DVL_PB,D,20110721,000000,0.230583,0.234937,0.226234,0.230583,0,0
DVL_PB,D,20110722,000000,0.230583,0.234937,0.230583,0.234937,0,0
DVL_PB,D,20110725,000000,0.234937,0.234937,0.226234,0.234937,0,0
DVL_PB,D,20110726,000000,0.234937,0.239285,0.230583,0.239285,0,0
DVL_PB,D,20110727,000000,0.239285,0.239285,0.234937,0.234937,0,0
DVL_PB,D,20110728,000000,0.234937,0.234937,0.230583,0.234937,0,0
DVL_PB,D,20110729,000000,0.230583,0.234937,0.230583,0.234937,0,0
DVL_PB,D,20110801,000000,0.234937,0.24364,0.234937,0.239285,0,0
DVL_PB,D,20110802,000000,0.239285,0.239285,0.230583,0.234937,0,0
DVL_PB,D,20110803,000000,0.226234,0.234937,0.213177,0.213177,0,0
DVL_PB,D,20110804,000000,0.217538,0.217538,0.187075,0.187075,0,0
DVL_PB,D,20110805,000000,0.178371,0.195778,0.178371,0.187075,0,0
DVL_PB,D,20110808,000000,0.178371,0.182733,0.169675,0.178371,0,0
DVL_PB,D,20110809,000000,0.174024,0.174024,0.160973,0.174024,0,0
DVL_PB,D,20110810,000000,0.178371,0.187075,0.169675,0.169675,0,0
DVL_PB,D,20110811,000000,0.174024,0.182733,0.169675,0.182733,0,0
DVL_PB,D,20110812,000000,0.187075,0.208835,0.182733,0.204481,0,0
DVL_PB,D,20110816,000000,0.208835,0.208835,0.204481,0.208835,0,0
DVL_PB,D,20110817,000000,0.208835,0.208835,0.200133,0.204481,0,0
DVL_PB,D,20110818,000000,0.200133,0.200133,0.174024,0.174024,0,0
DVL_PB,D,20110819,000000,0.174024,0.174024,0.165328,0.174024,0,0
DVL_PB,D,20110822,000000,0.169675,0.174024,0.169675,0.169675,0,0
DVL_PB,D,20110823,000000,0.169675,0.174024,0.169675,0.174024,0,0
DVL_PB,D,20110824,000000,0.174024,0.174024,0.169675,0.174024,0,0
DVL_PB,D,20110825,000000,0.174024,0.174024,0.169675,0.169675,0,0
DVL_PB,D,20110826,000000,0.169675,0.174024,0.169675,0.174024,0,0
DVL_PB,D,20110829,000000,0.174024,0.182733,0.169675,0.178371,0,0
DVL_PB,D,20110830,000000,0.182733,0.182733,0.178371,0.178371,0,0
DVL_PB,D,20110831,000000,0.182733,0.191428,0.182733,0.191428,0,0
DVL_PB,D,20110901,000000,0.191428,0.195778,0.178371,0.182733,0,0
DVL_PB,D,20110902,000000,0.182733,0.182733,0.169675,0.174024,0,0
DVL_PB,D,20110905,000000,0.169675,0.174024,0.169675,0.169675,0,0
DVL_PB,D,20110906,000000,0.169675,0.174024,0.169675,0.169675,0,0
DVL_PB,D,20110907,000000,0.174024,0.178371,0.169675,0.178371,0,0
DVL_PB,D,20110908,000000,0.178371,0.187075,0.178371,0.187075,0,0
DVL_PB,D,20110909,000000,0.182733,0.182733,0.182733,0.182733,0,0
DVL_PB,D,20110912,000000,0.182733,0.182733,0.174024,0.182733,0,0
DVL_PB,D,20110913,000000,0.182733,0.182733,0.174024,0.178371,0,0
DVL_PB,D,20110914,000000,0.174024,0.182733,0.174024,0.178371,0,0
DVL_PB,D,20110915,000000,0.178371,0.182733,0.178371,0.182733,0,0
DVL_PB,D,20110916,000000,0.187075,0.191428,0.182733,0.187075,0,0
DVL_PB,D,20110919,000000,0.187075,0.187075,0.178371,0.182733,0,0
DVL_PB,D,20110920,000000,0.182733,0.191428,0.182733,0.191428,0,0
DVL_PB,D,20110921,000000,0.195778,0.200133,0.195778,0.200133,0,0
DVL_PB,D,20110922,000000,0.187075,0.191428,0.187075,0.191428,0,0
DVL_PB,D,20110923,000000,0.191428,0.191428,0.178371,0.187075,0,0
DVL_PB,D,20110926,000000,0.182733,0.195778,0.182733,0.191428,0,0
DVL_PB,D,20110927,000000,0.195778,0.195778,0.187075,0.195778,0,0
DVL_PB,D,20110928,000000,0.191428,0.195778,0.191428,0.191428,0,0
DVL_PB,D,20110929,000000,0.195778,0.195778,0.191428,0.191428,0,0
DVL_PB,D,20110930,000000,0.195778,0.195778,0.191428,0.195778,0,0
DVL_PB,D,20111003,000000,0.191428,0.191428,0.182733,0.191428,0,0
DVL_PB,D,20111004,000000,0.191428,0.191428,0.182733,0.191428,0,0
DVL_PB,D,20111005,000000,0.195778,0.204481,0.191428,0.204481,0,0
DVL_PB,D,20111006,000000,0.204481,0.204481,0.200133,0.200133,0,0
DVL_PB,D,20111007,000000,0.204481,0.204481,0.200133,0.204481,0,0
DVL_PB,D,20111010,000000,0.204481,0.217538,0.204481,0.213177,0,0
DVL_PB,D,20111011,000000,0.208835,0.213177,0.208835,0.208835,0,0
DVL_PB,D,20111012,000000,0.208835,0.217538,0.208835,0.213177,0,0
DVL_PB,D,20111013,000000,0.213177,0.217538,0.213177,0.213177,0,0
DVL_PB,D,20111014,000000,0.213177,0.213177,0.208835,0.208835,0,0
DVL_PB,D,20111017,000000,0.213177,0.217538,0.208835,0.208835,0,0
DVL_PB,D,20111018,000000,0.200133,0.204481,0.195778,0.204481,0,0
DVL_PB,D,20111019,000000,0.208835,0.213177,0.204481,0.213177,0,0
DVL_PB,D,20111020,000000,0.204481,0.213177,0.204481,0.208835,0,0
DVL_PB,D,20111021,000000,0.204481,0.208835,0.204481,0.204481,0,0
DVL_PB,D,20111024,000000,0.208835,0.213177,0.208835,0.208835,0,0
DVL_PB,D,20111025,000000,0.208835,0.213177,0.208835,0.208835,0,0
DVL_PB,D,20111026,000000,0.204481,0.208835,0.204481,0.208835,0,0
DVL_PB,D,20111027,000000,0.208835,0.213177,0.208835,0.213177,0,0
DVL_PB,D,20111028,000000,0.213177,0.213177,0.208835,0.208835,0,0
DVL_PB,D,20111031,000000,0.208835,0.217538,0.208835,0.208835,0,0
DVL_PB,D,20111102,000000,0.200133,0.208835,0.200133,0.208835,0,0
DVL_PB,D,20111103,000000,0.208835,0.221887,0.208835,0.217538,0,0
DVL_PB,D,20111104,000000,0.221887,0.221887,0.208835,0.213177,0,0
DVL_PB,D,20111107,000000,0.213177,0.217538,0.213177,0.217538,0,0
DVL_PB,D,20111108,000000,0.213177,0.217538,0.213177,0.213177,0,0
DVL_PB,D,20111109,000000,0.213177,0.217538,0.208835,0.208835,0,0
DVL_PB,D,20111110,000000,0.208835,0.208835,0.204481,0.208835,0,0
DVL_PB,D,20111114,000000,0.213177,0.213177,0.208835,0.208835,0,0
DVL_PB,D,20111115,000000,0.208835,0.208835,0.200133,0.200133,0,0
DVL_PB,D,20111116,000000,0.200133,0.200133,0.200133,0.200133,0,0
DVL_PB,D,20111117,000000,0.200133,0.200133,0.195778,0.195778,0,0
DVL_PB,D,20111118,000000,0.195778,0.195778,0.182733,0.187075,0,0
DVL_PB,D,20111121,000000,0.187075,0.187075,0.178371,0.178371,0,0
DVL_PB,D,20111122,000000,0.182733,0.182733,0.178371,0.182733,0,0
DVL_PB,D,20111123,000000,0.182733,0.182733,0.169675,0.169675,0,0
DVL_PB,D,20111124,000000,0.169675,0.169675,0.165328,0.169675,0,0
DVL_PB,D,20111125,000000,0.169675,0.169675,0.165328,0.165328,0,0
DVL_PB,D,20111128,000000,0.169675,0.169675,0.169675,0.169675,0,0
DVL_PB,D,20111129,000000,0.169675,0.174024,0.169675,0.174024,0,0
DVL_PB,D,20111130,000000,0.169675,0.178371,0.169675,0.178371,0,0
DVL_PB,D,20111201,000000,0.178371,0.178371,0.169675,0.174024,0,0
DVL_PB,D,20111202,000000,0.174024,0.174024,0.169675,0.174024,0,0
DVL_PB,D,20111205,000000,0.174024,0.174024,0.169675,0.174024,0,0
DVL_PB,D,20111206,000000,0.169675,0.174024,0.169675,0.169675,0,0
DVL_PB,D,20111207,000000,0.169675,0.169675,0.165328,0.169675,0,0
DVL_PB,D,20111208,000000,0.169675,0.169675,0.165328,0.169675,0,0
DVL_PB,D,20111209,000000,0.165328,0.169675,0.165328,0.169675,0,0
DVL_PB,D,20111212,000000,0.169675,0.169675,0.165328,0.165328,0,0
DVL_PB,D,20111213,000000,0.165328,0.169675,0.165328,0.169675,0,0
DVL_PB,D,20111214,000000,0.165328,0.169675,0.165328,0.165328,0,0
DVL_PB,D,20111215,000000,0.165328,0.169675,0.160973,0.165328,0,0
DVL_PB,D,20111216,000000,0.169675,0.169675,0.160973,0.165328,0,0
DVL_PB,D,20111219,000000,0.165328,0.165328,0.160973,0.165328,0,0
DVL_PB,D,20111220,000000,0.160973,0.165328,0.160973,0.165328,0,0
DVL_PB,D,20111221,000000,0.165328,0.165328,0.160973,0.160973,0,0
DVL_PB,D,20111222,000000,0.160973,0.174024,0.160973,0.169675,0,0
DVL_PB,D,20111223,000000,0.169675,0.169675,0.169675,0.169675,0,0
DVL_PB,D,20111227,000000,0.169675,0.169675,0.165328,0.165328,0,0
DVL_PB,D,20111228,000000,0.165328,0.169675,0.165328,0.165328,0,0
DVL_PB,D,20111229,000000,0.165328,0.169675,0.165328,0.165328,0,0
DVL_PB,D,20111230,000000,0.165328,0.165328,0.165328,0.165328,0,0
DVL_PB,D,20120102,000000,0.169675,0.169675,0.165328,0.165328,0,0
DVL_PB,D,20120103,000000,0.169675,0.169675,0.165328,0.169675,0,0
DVL_PB,D,20120104,000000,0.169675,0.169675,0.165328,0.169675,0,0
DVL_PB,D,20120105,000000,0.169675,0.169675,0.165328,0.169675,0,0
DVL_PB,D,20120109,000000,0.169675,0.169675,0.165328,0.165328,0,0
DVL_PB,D,20120110,000000,0.169675,0.174024,0.169675,0.174024,0,0
DVL_PB,D,20120111,000000,0.174024,0.174024,0.169675,0.169675,0,0
DVL_PB,D,20120112,000000,0.174024,0.182733,0.169675,0.182733,0,0
DVL_PB,D,20120113,000000,0.182733,0.187075,0.178371,0.178371,0,0
DVL_PB,D,20120116,000000,0.174024,0.182733,0.174024,0.182733,0,0
DVL_PB,D,20120117,000000,0.178371,0.191428,0.178371,0.191428,0,0
DVL_PB,D,20120118,000000,0.191428,0.191428,0.187075,0.187075,0,0
DVL_PB,D,20120119,000000,0.191428,0.195778,0.191428,0.191428,0,0
DVL_PB,D,20120120,000000,0.195778,0.195778,0.182733,0.191428,0,0
DVL_PB,D,20120123,000000,0.187075,0.200133,0.187075,0.195778,0,0
DVL_PB,D,20120124,000000,0.195778,0.195778,0.195778,0.195778,0,0
DVL_PB,D,20120125,000000,0.195778,0.200133,0.195778,0.200133,0,0
DVL_PB,D,20120126,000000,0.204481,0.213177,0.204481,0.213177,0,0
DVL_PB,D,20120127,000000,0.213177,0.217538,0.208835,0.217538,0,0
DVL_PB,D,20120130,000000,0.213177,0.213177,0.204481,0.208835,0,0
DVL_PB,D,20120131,000000,0.213177,0.221887,0.208835,0.217538,0,0
DVL_PB,D,20120201,000000,0.217538,0.221887,0.208835,0.221887,0,0
DVL_PB,D,20120202,000000,0.221887,0.221887,0.213177,0.217538,0,0
DVL_PB,D,20120203,000000,0.217538,0.221887,0.213177,0.217538,0,0
DVL_PB,D,20120206,000000,0.217538,0.234937,0.217538,0.230583,0,0
DVL_PB,D,20120207,000000,0.234937,0.248002,0.234937,0.239285,0,0
DVL_PB,D,20120208,000000,0.24364,0.24364,0.239285,0.239285,0,0
DVL_PB,D,20120209,000000,0.239285,0.24364,0.230583,0.234937,0,0
DVL_PB,D,20120210,000000,0.234937,0.234937,0.226234,0.230583,0,0
DVL_PB,D,20120213,000000,0.230583,0.234937,0.230583,0.230583,0,0
DVL_PB,D,20120214,000000,0.230583,0.230583,0.230583,0.230583,0,0
DVL_PB,D,20120215,000000,0.230583,0.234937,0.230583,0.230583,0,0
DVL_PB,D,20120216,000000,0.230583,0.230583,0.226234,0.226234,0,0
DVL_PB,D,20120217,000000,0.230583,0.239285,0.230583,0.234937,0,0
DVL_PB,D,20120220,000000,0.239285,0.239285,0.217538,0.230583,0,0
DVL_PB,D,20120221,000000,0.230583,0.230583,0.226234,0.230583,0,0
DVL_PB,D,20120222,000000,0.221887,0.226234,0.221887,0.226234,0,0
DVL_PB,D,20120223,000000,0.226234,0.230583,0.221887,0.226234,0,0
DVL_PB,D,20120224,000000,0.226234,0.226234,0.221887,0.226234,0,0
DVL_PB,D,20120227,000000,0.226234,0.230583,0.226234,0.226234,0,0
DVL_PB,D,20120228,000000,0.230583,0.230583,0.226234,0.230583,0,0
DVL_PB,D,20120229,000000,0.230583,0.234937,0.226234,0.234937,0,0
DVL_PB,D,20120301,000000,0.230583,0.24364,0.230583,0.239285,0,0
DVL_PB,D,20120302,000000,0.239285,0.24364,0.234937,0.239285,0,0
DVL_PB,D,20120305,000000,0.24364,0.24364,0.239285,0.239285,0,0
DVL_PB,D,20120306,000000,0.239285,0.239285,0.234937,0.239285,0,0
DVL_PB,D,20120307,000000,0.234937,0.239285,0.234937,0.239285,0,0
DVL_PB,D,20120308,000000,0.239285,0.248002,0.239285,0.24364,0,0
DVL_PB,D,20120309,000000,0.248002,0.252323,0.248002,0.248002,0,0
DVL_PB,D,20120312,000000,0.248002,0.256684,0.248002,0.248002,0,0
DVL_PB,D,20120313,000000,0.248002,0.252323,0.248002,0.248002,0,0
DVL_PB,D,20120314,000000,0.248002,0.252323,0.248002,0.252323,0,0
DVL_PB,D,20120315,000000,0.252323,0.252323,0.24364,0.252323,0,0
DVL_PB,D,20120316,000000,0.252323,0.261053,0.248002,0.261053,0,0
DVL_PB,D,20120319,000000,0.265421,0.269742,0.261053,0.269742,0,0
DVL_PB,D,20120320,000000,0.269742,0.269742,0.261053,0.265421,0,0
DVL_PB,D,20120321,000000,0.265421,0.269742,0.261053,0.265421,0,0
DVL_PB,D,20120322,000000,0.265421,0.265421,0.24364,0.256684,0,0
DVL_PB,D,20120323,000000,0.256684,0.265421,0.252323,0.265421,0,0
DVL_PB,D,20120326,000000,0.261053,0.269742,0.256684,0.269742,0,0
DVL_PB,D,20120327,000000,0.269742,0.269742,0.265421,0.269742,0,0
DVL_PB,D,20120328,000000,0.269742,0.269742,0.265421,0.269742,0,0
DVL_PB,D,20120329,000000,0.265421,0.274043,0.265421,0.269742,0,0
DVL_PB,D,20120330,000000,0.269742,0.278452,0.269742,0.278452,0,0
DVL_PB,D,20120402,000000,0.274043,0.278452,0.265421,0.269742,0,0
DVL_PB,D,20120403,000000,0.274043,0.274043,0.265421,0.274043,0,0
DVL_PB,D,20120404,000000,0.265421,0.269742,0.261053,0.265421,0,0
DVL_PB,D,20120405,000000,0.265421,0.269742,0.265421,0.265421,0,0
DVL_PB,D,20120410,000000,0.261053,0.265421,0.261053,0.265421,0,0
DVL_PB,D,20120411,000000,0.261053,0.265421,0.252323,0.265421,0,0
DVL_PB,D,20120412,000000,0.265421,0.265421,0.256684,0.265421,0,0
DVL_PB,D,20120413,000000,0.265421,0.269742,0.261053,0.265421,0,0
DVL_PB,D,20120416,000000,0.265421,0.265421,0.261053,0.265421,0,0
DVL_PB,D,20120417,000000,0.261053,0.269742,0.261053,0.265421,0,0
DVL_PB,D,20120418,000000,0.265421,0.269742,0.261053,0.265421,0,0
DVL_PB,D,20120419,000000,0.261053,0.269742,0.261053,0.265421,0,0
DVL_PB,D,20120420,000000,0.265421,0.269742,0.265421,0.265421,0,0
DVL_PB,D,20120423,000000,0.261053,0.265421,0.252323,0.265421,0,0
DVL_PB,D,20120424,000000,0.265421,0.265421,0.252323,0.265421,0,0
DVL_PB,D,20120425,000000,0.265421,0.265421,0.252323,0.265421,0,0
DVL_PB,D,20120426,000000,0.265421,0.265421,0.261053,0.265421,0,0
DVL_PB,D,20120427,000000,0.265421,0.269742,0.261053,0.265421,0,0
DVL_PB,D,20120430,000000,0.278452,0.282786,0.265421,0.274043,0,0
DVL_PB,D,20120502,000000,0.278452,0.282786,0.278452,0.278452,0,0
DVL_PB,D,20120504,000000,0.278452,0.282786,0.269742,0.269742,0,0
DVL_PB,D,20120507,000000,0.265421,0.282786,0.265421,0.274043,0,0
DVL_PB,D,20120508,000000,0.269742,0.274043,0.269742,0.269742,0,0
DVL_PB,D,20120509,000000,0.269742,0.274043,0.265421,0.274043,0,0
DVL_PB,D,20120510,000000,0.269742,0.274043,0.265421,0.274043,0,0
DVL_PB,D,20120511,000000,0.274043,0.274043,0.265421,0.274043,0,0
DVL_PB,D,20120514,000000,0.269742,0.274043,0.248002,0.256684,0,0
DVL_PB,D,20120515,000000,0.252323,0.252323,0.24364,0.24364,0,0
DVL_PB,D,20120516,000000,0.239285,0.24364,0.226234,0.24364,0,0
DVL_PB,D,20120517,000000,0.24364,0.248002,0.234937,0.248002,0,0
DVL_PB,D,20120518,000000,0.230583,0.252323,0.230583,0.248002,0,0
DVL_PB,D,20120521,000000,0.24364,0.256684,0.24364,0.256684,0,0
DVL_PB,D,20120522,000000,0.261053,0.261053,0.252323,0.261053,0,0
DVL_PB,D,20120523,000000,0.256684,0.256684,0.252323,0.256684,0,0
DVL_PB,D,20120524,000000,0.256684,0.256684,0.239285,0.248002,0,0
DVL_PB,D,20120525,000000,0.239285,0.252323,0.239285,0.252323,0,0
DVL_PB,D,20120528,000000,0.248002,0.256684,0.239285,0.24364,0,0
DVL_PB,D,20120529,000000,0.24364,0.248002,0.239285,0.248002,0,0
DVL_PB,D,20120530,000000,0.239285,0.248002,0.239285,0.248002,0,0
DVL_PB,D,20120531,000000,0.239285,0.256684,0.239285,0.256684,0,0
DVL_PB,D,20120601,000000,0.248002,0.252323,0.239285,0.24364,0,0
DVL_PB,D,20120604,000000,0.234937,0.24364,0.234937,0.24364,0,0
DVL_PB,D,20120605,000000,0.239285,0.24364,0.234937,0.24364,0,0
DVL_PB,D,20120606,000000,0.24364,0.248002,0.239285,0.239285,0,0
DVL_PB,D,20120608,000000,0.24364,0.248002,0.24364,0.248002,0,0
DVL_PB,D,20120611,000000,0.248002,0.252323,0.239285,0.248002,0,0
DVL_PB,D,20120612,000000,0.24364,0.248002,0.24364,0.248002,0,0
DVL_PB,D,20120613,000000,0.24364,0.248002,0.24364,0.248002,0,0
DVL_PB,D,20120614,000000,0.24364,0.248002,0.24364,0.24364,0,0
DVL_PB,D,20120615,000000,0.24364,0.248002,0.24364,0.248002,0,0
DVL_PB,D,20120618,000000,0.239285,0.24364,0.226234,0.24364,0,0
DVL_PB,D,20120619,000000,0.239285,0.248002,0.239285,0.24364,0,0
DVL_PB,D,20120620,000000,0.239285,0.24364,0.239285,0.24364,0,0
DVL_PB,D,20120621,000000,0.239285,0.24364,0.239285,0.24364,0,0
DVL_PB,D,20120622,000000,0.239285,0.24364,0.239285,0.24364,0,0
DVL_PB,D,20120625,000000,0.24364,0.24364,0.239285,0.24364,0,0
DVL_PB,D,20120626,000000,0.239285,0.24364,0.239285,0.24364,0,0
DVL_PB,D,20120627,000000,0.239285,0.24364,0.239285,0.24364,0,0
DVL_PB,D,20120628,000000,0.239285,0.24364,0.239285,0.24364,0,0
DVL_PB,D,20120629,000000,0.24364,0.248002,0.24364,0.24364,0,0
DVL_PB,D,20120702,000000,0.248002,0.248002,0.24364,0.24364,0,0
DVL_PB,D,20120703,000000,0.24364,0.24364,0.239285,0.239285,0,0
DVL_PB,D,20120704,000000,0.239285,0.239285,0.230583,0.230583,0,0
DVL_PB,D,20120705,000000,0.239285,0.239285,0.230583,0.239285,0,0
DVL_PB,D,20120706,000000,0.239285,0.239285,0.234937,0.234937,0,0
DVL_PB,D,20120709,000000,0.234937,0.239285,0.234937,0.239285,0,0
DVL_PB,D,20120710,000000,0.230583,0.239285,0.230583,0.230583,0,0
DVL_PB,D,20120711,000000,0.230583,0.234937,0.230583,0.234937,0,0
DVL_PB,D,20120712,000000,0.234937,0.234937,0.226234,0.234937,0,0
DVL_PB,D,20120713,000000,0.226234,0.234937,0.226234,0.234937,0,0
DVL_PB,D,20120716,000000,0.230583,0.234937,0.221887,0.234937,0,0
DVL_PB,D,20120717,000000,0.234937,0.234937,0.221887,0.226234,0,0
DVL_PB,D,20120718,000000,0.226234,0.230583,0.221887,0.230583,0,0
DVL_PB,D,20120719,000000,0.226234,0.230583,0.226234,0.230583,0,0
DVL_PB,D,20120720,000000,0.234937,0.234937,0.226234,0.234937,0,0
DVL_PB,D,20120723,000000,0.234937,0.234937,0.226234,0.234937,0,0
DVL_PB,D,20120724,000000,0.234937,0.234937,0.226234,0.234937,0,0
DVL_PB,D,20120725,000000,0.234937,0.234937,0.226234,0.226234,0,0
DVL_PB,D,20120726,000000,0.226234,0.230583,0.226234,0.230583,0,0
DVL_PB,D,20120727,000000,0.234937,0.234937,0.217538,0.226234,0,0
DVL_PB,D,20120730,000000,0.226234,0.226234,0.213177,0.226234,0,0
DVL_PB,D,20120731,000000,0.221887,0.234937,0.221887,0.234937,0,0
DVL_PB,D,20120801,000000,0.234937,0.234937,0.221887,0.221887,0,0
DVL_PB,D,20120802,000000,0.226234,0.226234,0.217538,0.221887,0,0
DVL_PB,D,20120803,000000,0.226234,0.226234,0.221887,0.226234,0,0
DVL_PB,D,20120806,000000,0.226234,0.226234,0.226234,0.226234,0,0
DVL_PB,D,20120807,000000,0.226234,0.226234,0.217538,0.226234,0,0
DVL_PB,D,20120808,000000,0.226234,0.226234,0.217538,0.226234,0,0
DVL_PB,D,20120809,000000,0.226234,0.226234,0.213177,0.213177,0,0
DVL_PB,D,20120810,000000,0.213177,0.217538,0.213177,0.213177,0,0
DVL_PB,D,20120813,000000,0.221887,0.221887,0.208835,0.217538,0,0
DVL_PB,D,20120814,000000,0.217538,0.217538,0.208835,0.213177,0,0
DVL_PB,D,20120816,000000,0.213177,0.213177,0.208835,0.213177,0,0
DVL_PB,D,20120817,000000,0.213177,0.213177,0.208835,0.213177,0,0
DVL_PB,D,20120820,000000,0.213177,0.213177,0.208835,0.208835,0,0
DVL_PB,D,20120821,000000,0.208835,0.208835,0.200133,0.208835,0,0
DVL_PB,D,20120822,000000,0.208835,0.208835,0.200133,0.208835,0,0
DVL_PB,D,20120823,000000,0.208835,0.208835,0.200133,0.200133,0,0
DVL_PB,D,20120824,000000,0.200133,0.204481,0.195778,0.200133,0,0
DVL_PB,D,20120827,000000,0.195778,0.195778,0.182733,0.182733,0,0
DVL_PB,D,20120828,000000,0.182733,0.182733,0.174024,0.178371,0,0
DVL_PB,D,20120829,000000,0.174024,0.178371,0.174024,0.174024,0,0
DVL_PB,D,20120830,000000,0.178371,0.178371,0.169675,0.174024,0,0
DVL_PB,D,20120831,000000,0.174024,0.178371,0.169675,0.174024,0,0
DVL_PB,D,20120903,000000,0.178371,0.178371,0.174024,0.174024,0,0
DVL_PB,D,20120904,000000,0.174024,0.174024,0.169675,0.169675,0,0
DVL_PB,D,20120905,000000,0.174024,0.174024,0.169675,0.169675,0,0
DVL_PB,D,20120906,000000,0.169675,0.169675,0.165328,0.165328,0,0
DVL_PB,D,20120907,000000,0.165328,0.165328,0.165328,0.165328,0,0
DVL_PB,D,20120910,000000,0.165328,0.165328,0.165328,0.165328,0,0
DVL_PB,D,20120911,000000,0.165328,0.165328,0.160973,0.165328,0,0
DVL_PB,D,20120912,000000,0.160973,0.165328,0.160973,0.160973,0,0
DVL_PB,D,20120913,000000,0.165328,0.174024,0.160973,0.169675,0,0
DVL_PB,D,20120914,000000,0.174024,0.178371,0.174024,0.178371,0,0
DVL_PB,D,20120917,000000,0.178371,0.182733,0.178371,0.182733,0,0
DVL_PB,D,20120918,000000,0.182733,0.204481,0.182733,0.204481,0,0
DVL_PB,D,20120919,000000,0.204481,0.221887,0.200133,0.221887,0,0
DVL_PB,D,20120920,000000,0.221887,0.221887,0.217538,0.221887,0,0
DVL_PB,D,20120921,000000,0.217538,0.221887,0.217538,0.221887,0,0
DVL_PB,D,20120924,000000,0.221887,0.221887,0.217538,0.217538,0,0
DVL_PB,D,20120925,000000,0.217538,0.226234,0.217538,0.221887,0,0
DVL_PB,D,20120926,000000,0.221887,0.226234,0.217538,0.221887,0,0
DVL_PB,D,20120927,000000,0.226234,0.230583,0.217538,0.217538,0,0
DVL_PB,D,20120928,000000,0.226234,0.226234,0.217538,0.221887,0,0
DVL_PB,D,20121001,000000,0.221887,0.221887,0.217538,0.221887,0,0
DVL_PB,D,20121002,000000,0.221887,0.221887,0.217538,0.217538,0,0
DVL_PB,D,20121003,000000,0.217538,0.217538,0.217538,0.217538,0,0
DVL_PB,D,20121004,000000,0.217538,0.217538,0.217538,0.217538,0,0
DVL_PB,D,20121005,000000,0.217538,0.217538,0.217538,0.217538,0,0
DVL_PB,D,20121008,000000,0.213177,0.217538,0.213177,0.213177,0,0
DVL_PB,D,20121009,000000,0.217538,0.217538,0.213177,0.213177,0,0
DVL_PB,D,20121010,000000,0.213177,0.217538,0.208835,0.213177,0,0
DVL_PB,D,20121011,000000,0.213177,0.213177,0.208835,0.213177,0,0
DVL_PB,D,20121012,000000,0.213177,0.213177,0.208835,0.208835,0,0
DVL_PB,D,20121015,000000,0.204481,0.208835,0.204481,0.204481,0,0
DVL_PB,D,20121016,000000,0.204481,0.217538,0.204481,0.217538,0,0
DVL_PB,D,20121017,000000,0.217538,0.217538,0.217538,0.217538,0,0
DVL_PB,D,20121018,000000,0.217538,0.221887,0.213177,0.221887,0,0
DVL_PB,D,20121019,000000,0.226234,0.226234,0.221887,0.221887,0,0
DVL_PB,D,20121022,000000,0.221887,0.221887,0.221887,0.221887,0,0
DVL_PB,D,20121023,000000,0.217538,0.221887,0.217538,0.221887,0,0
DVL_PB,D,20121024,000000,0.221887,0.221887,0.213177,0.217538,0,0
DVL_PB,D,20121025,000000,0.217538,0.217538,0.217538,0.217538,0,0
DVL_PB,D,20121026,000000,0.213177,0.217538,0.213177,0.217538,0,0
DVL_PB,D,20121029,000000,0.213177,0.217538,0.208835,0.217538,0,0
DVL_PB,D,20121030,000000,0.213177,0.213177,0.213177,0.213177,0,0
DVL_PB,D,20121031,000000,0.213177,0.213177,0.208835,0.213177,0,0
DVL_PB,D,20121102,000000,0.208835,0.217538,0.208835,0.217538,0,0
DVL_PB,D,20121105,000000,0.217538,0.217538,0.204481,0.208835,0,0
DVL_PB,D,20121106,000000,0.204481,0.208835,0.204481,0.204481,0,0
DVL_PB,D,20121107,000000,0.204481,0.204481,0.200133,0.200133,0,0
DVL_PB,D,20121108,000000,0.195778,0.195778,0.191428,0.195778,0,0
DVL_PB,D,20121109,000000,0.191428,0.191428,0.191428,0.191428,0,0
DVL_PB,D,20121112,000000,0.191428,0.191428,0.187075,0.191428,0,0
DVL_PB,D,20121113,000000,0.191428,0.191428,0.191428,0.191428,0,0
DVL_PB,D,20121114,000000,0.191428,0.191428,0.187075,0.191428,0,0
DVL_PB,D,20121115,000000,0.187075,0.191428,0.187075,0.187075,0,0
DVL_PB,D,20121116,000000,0.187075,0.187075,0.187075,0.187075,0,0
DVL_PB,D,20121119,000000,0.191428,0.195778,0.191428,0.195778,0,0
DVL_PB,D,20121120,000000,0.195778,0.195778,0.195778,0.195778,0,0
DVL_PB,D,20121121,000000,0.195778,0.195778,0.191428,0.191428,0,0
DVL_PB,D,20121122,000000,0.191428,0.200133,0.191428,0.200133,0,0
DVL_PB,D,20121123,000000,0.200133,0.208835,0.200133,0.208835,0,0
DVL_PB,D,20121126,000000,0.208835,0.217538,0.208835,0.213177,0,0
DVL_PB,D,20121127,000000,0.217538,0.217538,0.213177,0.213177,0,0
DVL_PB,D,20121128,000000,0.208835,0.213177,0.204481,0.208835,0,0
DVL_PB,D,20121129,000000,0.204481,0.208835,0.204481,0.208835,0,0
DVL_PB,D,20121130,000000,0.204481,0.208835,0.204481,0.208835,0,0
DVL_PB,D,20121203,000000,0.208835,0.213177,0.208835,0.213177,0,0
DVL_PB,D,20121204,000000,0.217538,0.217538,0.208835,0.208835,0,0
DVL_PB,D,20121205,000000,0.208835,0.213177,0.208835,0.213177,0,0
DVL_PB,D,20121206,000000,0.213177,0.221887,0.208835,0.221887,0,0
DVL_PB,D,20121207,000000,0.226234,0.230583,0.221887,0.226234,0,0
DVL_PB,D,20121210,000000,0.230583,0.230583,0.217538,0.221887,0,0
DVL_PB,D,20121211,000000,0.221887,0.234937,0.217538,0.234937,0,0
DVL_PB,D,20121212,000000,0.234937,0.239285,0.226234,0.226234,0,0
DVL_PB,D,20121213,000000,0.226234,0.226234,0.221887,0.226234,0,0
DVL_PB,D,20121214,000000,0.221887,0.226234,0.221887,0.221887,0,0
DVL_PB,D,20121217,000000,0.221887,0.221887,0.221887,0.221887,0,0
DVL_PB,D,20121218,000000,0.217538,0.221887,0.217538,0.217538,0,0
DVL_PB,D,20121219,000000,0.217538,0.217538,0.208835,0.208835,0,0
DVL_PB,D,20121220,000000,0.208835,0.213177,0.208835,0.213177,0,0
DVL_PB,D,20121221,000000,0.208835,0.208835,0.208835,0.208835,0,0
DVL_PB,D,20121227,000000,0.208835,0.208835,0.208835,0.208835,0,0
DVL_PB,D,20121228,000000,0.208835,0.217538,0.208835,0.217538,0,0
DVL_PB,D,20130102,000000,0.221887,0.221887,0.213177,0.217538,0,0
DVL_PB,D,20130103,000000,0.217538,0.221887,0.213177,0.221887,0,0
DVL_PB,D,20130104,000000,0.217538,0.221887,0.208835,0.217538,0,0
DVL_PB,D,20130107,000000,0.217538,0.217538,0.213177,0.213177,0,0
DVL_PB,D,20130108,000000,0.213177,0.217538,0.213177,0.217538,0,0
DVL_PB,D,20130109,000000,0.217538,0.217538,0.213177,0.213177,0,0
DVL_PB,D,20130110,000000,0.213177,0.213177,0.213177,0.213177,0,0
DVL_PB,D,20130111,000000,0.213177,0.217538,0.213177,0.217538,0,0
DVL_PB,D,20130114,000000,0.213177,0.217538,0.213177,0.213177,0,0
DVL_PB,D,20130115,000000,0.213177,0.213177,0.213177,0.213177,0,0
DVL_PB,D,20130116,000000,0.217538,0.221887,0.217538,0.217538,0,0
DVL_PB,D,20130117,000000,0.217538,0.217538,0.217538,0.217538,0,0
DVL_PB,D,20130118,000000,0.221887,0.221887,0.217538,0.221887,0,0
DVL_PB,D,20130121,000000,0.217538,0.226234,0.217538,0.221887,0,0
DVL_PB,D,20130122,000000,0.226234,0.234937,0.226234,0.234937,0,0
DVL_PB,D,20130123,000000,0.234937,0.234937,0.230583,0.230583,0,0
DVL_PB,D,20130124,000000,0.230583,0.230583,0.230583,0.230583,0,0
DVL_PB,D,20130125,000000,0.230583,0.234937,0.230583,0.230583,0,0
DVL_PB,D,20130128,000000,0.230583,0.239285,0.230583,0.239285,0,0
DVL_PB,D,20130129,000000,0.239285,0.239285,0.230583,0.239285,0,0
DVL_PB,D,20130130,000000,0.230583,0.234937,0.226234,0.234937,0,0
DVL_PB,D,20130131,000000,0.234937,0.239285,0.230583,0.239285,0,0
DVL_PB,D,20130201,000000,0.239285,0.248002,0.234937,0.234937,0,0
DVL_PB,D,20130204,000000,0.234937,0.239285,0.230583,0.230583,0,0
DVL_PB,D,20130205,000000,0.230583,0.230583,0.217538,0.221887,0,0
DVL_PB,D,20130206,000000,0.217538,0.221887,0.213177,0.213177,0,0
DVL_PB,D,20130207,000000,0.213177,0.217538,0.213177,0.213177,0,0
DVL_PB,D,20130208,000000,0.213177,0.217538,0.213177,0.213177,0,0
DVL_PB,D,20130211,000000,0.213177,0.213177,0.213177,0.213177,0,0
DVL_PB,D,20130212,000000,0.213177,0.213177,0.208835,0.213177,0,0
DVL_PB,D,20130213,000000,0.208835,0.217538,0.208835,0.213177,0,0
DVL_PB,D,20130214,000000,0.208835,0.213177,0.208835,0.208835,0,0
DVL_PB,D,20130215,000000,0.208835,0.217538,0.208835,0.217538,0,0
DVL_PB,D,20130218,000000,0.217538,0.217538,0.213177,0.213177,0,0
DVL_PB,D,20130219,000000,0.213177,0.213177,0.213177,0.213177,0,0
DVL_PB,D,20130220,000000,0.213177,0.213177,0.208835,0.208835,0,0
DVL_PB,D,20130221,000000,0.208835,0.208835,0.195778,0.195778,0,0
DVL_PB,D,20130222,000000,0.195778,0.200133,0.191428,0.195778,0,0
DVL_PB,D,20130225,000000,0.195778,0.200133,0.191428,0.195778,0,0
DVL_PB,D,20130226,000000,0.195778,0.195778,0.195778,0.195778,0,0
DVL_PB,D,20130227,000000,0.195778,0.200133,0.195778,0.195778,0,0
DVL_PB,D,20130228,000000,0.195778,0.200133,0.195778,0.195778,0,0
DVL_PB,D,20130301,000000,0.195778,0.195778,0.195778,0.195778,0,0
DVL_PB,D,20130304,000000,0.200133,0.200133,0.195778,0.200133,0,0
DVL_PB,D,20130305,000000,0.204481,0.208835,0.204481,0.208835,0,0
DVL_PB,D,20130306,000000,0.213177,0.226234,0.208835,0.226234,0,0
DVL_PB,D,20130307,000000,0.226234,0.226234,0.217538,0.221887,0,0
DVL_PB,D,20130308,000000,0.217538,0.221887,0.213177,0.221887,0,0
DVL_PB,D,20130311,000000,0.221887,0.226234,0.221887,0.221887,0,0
DVL_PB,D,20130312,000000,0.221887,0.230583,0.221887,0.230583,0,0
DVL_PB,D,20130313,000000,0.226234,0.234937,0.226234,0.234937,0,0
DVL_PB,D,20130314,000000,0.234937,0.24364,0.230583,0.24364,0,0
DVL_PB,D,20130315,000000,0.239285,0.248002,0.239285,0.248002,0,0
DVL_PB,D,20130318,000000,0.239285,0.248002,0.239285,0.24364,0,0
DVL_PB,D,20130319,000000,0.239285,0.24364,0.234937,0.24364,0,0
DVL_PB,D,20130320,000000,0.239285,0.256684,0.234937,0.252323,0,0
DVL_PB,D,20130321,000000,0.252323,0.252323,0.234937,0.239285,0,0
DVL_PB,D,20130322,000000,0.230583,0.24364,0.230583,0.234937,0,0
DVL_PB,D,20130325,000000,0.239285,0.239285,0.230583,0.230583,0,0
DVL_PB,D,20130326,000000,0.230583,0.230583,0.226234,0.226234,0,0
DVL_PB,D,20130327,000000,0.221887,0.226234,0.213177,0.226234,0,0
DVL_PB,D,20130328,000000,0.217538,0.221887,0.217538,0.217538,0,0
DVL_PB,D,20130402,000000,0.217538,0.217538,0.217538,0.217538,0,0
DVL_PB,D,20130403,000000,0.217538,0.221887,0.217538,0.217538,0,0
DVL_PB,D,20130404,000000,0.217538,0.221887,0.217538,0.217538,0,0
DVL_PB,D,20130405,000000,0.217538,0.221887,0.217538,0.217538,0,0
DVL_PB,D,20130408,000000,0.217538,0.221887,0.217538,0.217538,0,0
DVL_PB,D,20130409,000000,0.217538,0.217538,0.217538,0.217538,0,0
DVL_PB,D,20130410,000000,0.217538,0.217538,0.213177,0.213177,0,0
DVL_PB,D,20130411,000000,0.217538,0.221887,0.213177,0.221887,0,0
DVL_PB,D,20130412,000000,0.221887,0.226234,0.217538,0.226234,0,0
DVL_PB,D,20130415,000000,0.217538,0.221887,0.217538,0.221887,0,0
DVL_PB,D,20130417,000000,0.213177,0.217538,0.213177,0.217538,0,0
DVL_PB,D,20130418,000000,0.213177,0.217538,0.213177,0.213177,0,0
DVL_PB,D,20130419,000000,0.213177,0.221887,0.208835,0.221887,0,0
DVL_PB,D,20130422,000000,0.221887,0.234937,0.213177,0.226234,0,0
DVL_PB,D,20130423,000000,0.226234,0.226234,0.217538,0.221887,0,0
DVL_PB,D,20130424,000000,0.221887,0.226234,0.213177,0.213177,0,0
DVL_PB,D,20130425,000000,0.213177,0.217538,0.213177,0.213177,0,0
DVL_PB,D,20130426,000000,0.217538,0.221887,0.213177,0.213177,0,0
DVL_PB,D,20130429,000000,0.217538,0.221887,0.217538,0.221887,0,0
DVL_PB,D,20130430,000000,0.217538,0.221887,0.213177,0.221887,0,0
DVL_PB,D,20130502,000000,0.213177,0.213177,0.213177,0.213177,0,0
DVL_PB,D,20130506,000000,0.208835,0.213177,0.204481,0.204481,0,0
DVL_PB,D,20130507,000000,0.200133,0.204481,0.200133,0.200133,0,0
DVL_PB,D,20130508,000000,0.200133,0.204481,0.195778,0.195778,0,0
DVL_PB,D,20130509,000000,0.195778,0.200133,0.191428,0.195778,0,0
DVL_PB,D,20130510,000000,0.200133,0.213177,0.195778,0.213177,0,0
DVL_PB,D,20130513,000000,0.213177,0.213177,0.208835,0.213177,0,0
DVL_PB,D,20130514,000000,0.213177,0.221887,0.213177,0.217538,0,0
DVL_PB,D,20130515,000000,0.221887,0.230583,0.221887,0.226234,0,0
DVL_PB,D,20130516,000000,0.226234,0.226234,0.221887,0.221887,0,0
DVL_PB,D,20130517,000000,0.221887,0.221887,0.221887,0.221887,0,0
DVL_PB,D,20130520,000000,0.221887,0.230583,0.221887,0.230583,0,0
DVL_PB,D,20130521,000000,0.230583,0.239285,0.230583,0.230583,0,0
DVL_PB,D,20130522,000000,0.230583,0.234937,0.230583,0.230583,0,0
DVL_PB,D,20130523,000000,0.230583,0.230583,0.221887,0.230583,0,0
DVL_PB,D,20130524,000000,0.230583,0.234937,0.226234,0.230583,0,0
DVL_PB,D,20130527,000000,0.234937,0.248002,0.234937,0.248002,0,0
DVL_PB,D,20130528,000000,0.248002,0.248002,0.24364,0.248002,0,0
DVL_PB,D,20130529,000000,0.248002,0.248002,0.239285,0.24364,0,0
DVL_PB,D,20130531,000000,0.248002,0.248002,0.239285,0.248002,0,0
DVL_PB,D,20130603,000000,0.248002,0.248002,0.24364,0.248002,0,0
DVL_PB,D,20130604,000000,0.248002,0.261053,0.248002,0.261053,0,0
DVL_PB,D,20130605,000000,0.252323,0.261053,0.248002,0.248002,0,0
DVL_PB,D,20130606,000000,0.248002,0.252323,0.248002,0.252323,0,0
DVL_PB,D,20130607,000000,0.248002,0.252323,0.248002,0.252323,0,0
DVL_PB,D,20130610,000000,0.252323,0.256684,0.252323,0.256684,0,0
DVL_PB,D,20130611,000000,0.256684,0.274043,0.252323,0.261053,0,0
DVL_PB,D,20130612,000000,0.261053,0.278452,0.261053,0.278452,0,0
DVL_PB,D,20130613,000000,0.269742,0.274043,0.261053,0.261053,0,0
DVL_PB,D,20130614,000000,0.261053,0.269742,0.256684,0.256684,0,0
DVL_PB,D,20130617,000000,0.265421,0.265421,0.256684,0.261053,0,0
DVL_PB,D,20130618,000000,0.261053,0.265421,0.261053,0.261053,0,0
DVL_PB,D,20130619,000000,0.261053,0.269742,0.261053,0.269742,0,0
DVL_PB,D,20130620,000000,0.269742,0.269742,0.256684,0.261053,0,0
DVL_PB,D,20130621,000000,0.256684,0.261053,0.256684,0.261053,0,0
DVL_PB,D,20130624,000000,0.261053,0.274043,0.261053,0.274043,0,0
DVL_PB,D,20130625,000000,0.274043,0.291483,0.274043,0.278452,0,0
DVL_PB,D,20130626,000000,0.278452,0.278452,0.261053,0.261053,0,0
DVL_PB,D,20130627,000000,0.265421,0.274043,0.261053,0.265421,0,0
DVL_PB,D,20130628,000000,0.261053,0.269742,0.261053,0.265421,0,0
DVL_PB,D,20130701,000000,0.265421,0.278452,0.265421,0.278452,0,0
DVL_PB,D,20130702,000000,0.278452,0.295838,0.274043,0.291483,0,0
DVL_PB,D,20130703,000000,0.291483,0.291483,0.282786,0.282786,0,0
DVL_PB,D,20130704,000000,0.287141,0.291483,0.282786,0.291483,0,0
DVL_PB,D,20130705,000000,0.287141,0.287141,0.278452,0.287141,0,0
DVL_PB,D,20130708,000000,0.278452,0.278452,0.274043,0.278452,0,0
DVL_PB,D,20130709,000000,0.278452,0.291483,0.274043,0.282786,0,0
DVL_PB,D,20130710,000000,0.282786,0.291483,0.282786,0.291483,0,0
DVL_PB,D,20130711,000000,0.291483,0.291483,0.287141,0.291483,0,0
DVL_PB,D,20130712,000000,0.291483,0.300179,0.291483,0.291483,0,0
DVL_PB,D,20130715,000000,0.291483,0.300179,0.287141,0.295838,0,0
DVL_PB,D,20130716,000000,0.300179,0.300179,0.300179,0.300179,0,0
DVL_PB,D,20130717,000000,0.300179,0.300179,0.291483,0.291483,0,0
DVL_PB,D,20130718,000000,0.295838,0.313284,0.295838,0.30886,0,0
DVL_PB,D,20130719,000000,0.313284,0.317645,0.30886,0.30886,0,0
DVL_PB,D,20130722,000000,0.313284,0.317645,0.300179,0.30886,0,0
DVL_PB,D,20130723,000000,0.313284,0.317645,0.30886,0.313284,0,0
DVL_PB,D,20130724,000000,0.317645,0.317645,0.30886,0.313284,0,0
DVL_PB,D,20130725,000000,0.30886,0.313284,0.300179,0.300179,0,0
DVL_PB,D,20130726,000000,0.30886,0.313284,0.300179,0.313284,0,0
DVL_PB,D,20130729,000000,0.317645,0.317645,0.313284,0.317645,0,0
DVL_PB,D,20130730,000000,0.317645,0.321954,0.317645,0.317645,0,0
DVL_PB,D,20130731,000000,0.317645,0.317645,0.317645,0.317645,0,0
DVL_PB,D,20130801,000000,0.321954,0.321954,0.30886,0.317645,0,0
DVL_PB,D,20130802,000000,0.317645,0.317645,0.278452,0.278452,0,0
DVL_PB,D,20130805,000000,0.252323,0.278452,0.248002,0.256684,0,0
DVL_PB,D,20130806,000000,0.256684,0.261053,0.252323,0.256684,0,0
DVL_PB,D,20130807,000000,0.261053,0.261053,0.252323,0.256684,0,0
DVL_PB,D,20130808,000000,0.256684,0.256684,0.24364,0.24364,0,0
DVL_PB,D,20130809,000000,0.24364,0.256684,0.24364,0.256684,0,0
DVL_PB,D,20130812,000000,0.256684,0.256684,0.252323,0.256684,0,0
DVL_PB,D,20130813,000000,0.256684,0.274043,0.252323,0.274043,0,0
DVL_PB,D,20130814,000000,0.274043,0.278452,0.269742,0.274043,0,0
DVL_PB,D,20130816,000000,0.269742,0.274043,0.261053,0.261053,0,0
DVL_PB,D,20130819,000000,0.265421,0.265421,0.252323,0.261053,0,0
DVL_PB,D,20130820,000000,0.261053,0.261053,0.252323,0.261053,0,0
DVL_PB,D,20130821,000000,0.261053,0.261053,0.256684,0.256684,0,0
DVL_PB,D,20130822,000000,0.265421,0.265421,0.256684,0.256684,0,0
DVL_PB,D,20130823,000000,0.261053,0.261053,0.24364,0.24364,0,0
DVL_PB,D,20130826,000000,0.248002,0.252323,0.24364,0.24364,0,0
DVL_PB,D,20130827,000000,0.24364,0.24364,0.230583,0.230583,0,0
DVL_PB,D,20130828,000000,0.230583,0.230583,0.226234,0.230583,0,0
DVL_PB,D,20130829,000000,0.230583,0.261053,0.230583,0.256684,0,0
DVL_PB,D,20130830,000000,0.256684,0.256684,0.239285,0.24364,0,0
DVL_PB,D,20130902,000000,0.24364,0.252323,0.24364,0.248002,0,0
DVL_PB,D,20130903,000000,0.252323,0.252323,0.248002,0.248002,0,0
DVL_PB,D,20130904,000000,0.248002,0.256684,0.248002,0.248002,0,0
DVL_PB,D,20130905,000000,0.248002,0.248002,0.230583,0.239285,0,0
DVL_PB,D,20130906,000000,0.24364,0.265421,0.24364,0.265421,0,0
DVL_PB,D,20130909,000000,0.261053,0.269742,0.256684,0.261053,0,0
DVL_PB,D,20130910,000000,0.265421,0.265421,0.256684,0.261053,0,0
DVL_PB,D,20130911,000000,0.261053,0.265421,0.256684,0.261053,0,0
DVL_PB,D,20130912,000000,0.261053,0.261053,0.252323,0.261053,0,0
DVL_PB,D,20130913,000000,0.256684,0.256684,0.248002,0.248002,0,0
DVL_PB,D,20130916,000000,0.252323,0.252323,0.239285,0.24364,0,0
DVL_PB,D,20130917,000000,0.24364,0.24364,0.239285,0.24364,0,0
DVL_PB,D,20130918,000000,0.24364,0.248002,0.239285,0.248002,0,0
DVL_PB,D,20130919,000000,0.248002,0.252323,0.24364,0.248002,0,0
DVL_PB,D,20130920,000000,0.248002,0.248002,0.24364,0.24364,0,0
DVL_PB,D,20130923,000000,0.24364,0.248002,0.239285,0.239285,0,0
DVL_PB,D,20130924,000000,0.239285,0.24364,0.239285,0.239285,0,0
DVL_PB,D,20130925,000000,0.24364,0.24364,0.239285,0.239285,0,0
DVL_PB,D,20130926,000000,0.239285,0.248002,0.239285,0.239285,0,0
DVL_PB,D,20130927,000000,0.24364,0.248002,0.239285,0.239285,0,0
DVL_PB,D,20130930,000000,0.24364,0.24364,0.239285,0.239285,0,0
DVL_PB,D,20131001,000000,0.24364,0.24364,0.239285,0.239285,0,0
DVL_PB,D,20131002,000000,0.24364,0.261053,0.239285,0.256684,0,0
DVL_PB,D,20131003,000000,0.252323,0.265421,0.252323,0.256684,0,0
DVL_PB,D,20131004,000000,0.261053,0.261053,0.252323,0.256684,0,0
DVL_PB,D,20131007,000000,0.256684,0.256684,0.248002,0.256684,0,0
DVL_PB,D,20131008,000000,0.252323,0.256684,0.24364,0.256684,0,0
DVL_PB,D,20131009,000000,0.252323,0.252323,0.248002,0.248002,0,0
DVL_PB,D,20131010,000000,0.248002,0.274043,0.248002,0.269742,0,0
DVL_PB,D,20131011,000000,0.269742,0.274043,0.265421,0.269742,0,0
DVL_PB,D,20131014,000000,0.269742,0.287141,0.265421,0.287141,0,0
DVL_PB,D,20131015,000000,0.291483,0.295838,0.282786,0.282786,0,0
DVL_PB,D,20131016,000000,0.282786,0.30886,0.282786,0.304499,0,0
DVL_PB,D,20131017,000000,0.30886,0.30886,0.300179,0.30886,0,0
DVL_PB,D,20131018,000000,0.300179,0.30886,0.300179,0.30886,0,0
DVL_PB,D,20131021,000000,0.30886,0.30886,0.30886,0.30886,0,0
DVL_PB,D,20131022,000000,0.313284,0.313284,0.300179,0.304499,0,0
DVL_PB,D,20131023,000000,0.304499,0.304499,0.295838,0.295838,0,0
DVL_PB,D,20131024,000000,0.300179,0.304499,0.300179,0.304499,0,0
DVL_PB,D,20131025,000000,0.30886,0.339311,0.300179,0.330689,0,0
DVL_PB,D,20131028,000000,0.330689,0.330689,0.330689,0.330689,0,0
DVL_PB,D,20131029,000000,0.330689,0.339311,0.330689,0.335065,0,0
DVL_PB,D,20131030,000000,0.339311,0.348049,0.321954,0.321954,0,0
DVL_PB,D,20131031,000000,0.321954,0.32632,0.317645,0.321954,0,0
DVL_PB,D,20131104,000000,0.321954,0.330689,0.321954,0.330689,0,0
DVL_PB,D,20131105,000000,0.330689,0.330689,0.321954,0.321954,0,0
DVL_PB,D,20131106,000000,0.330689,0.330689,0.32632,0.330689,0,0
DVL_PB,D,20131107,000000,0.339311,0.339311,0.330689,0.335065,0,0
DVL_PB,D,20131108,000000,0.339311,0.339311,0.32632,0.32632,0,0
DVL_PB,D,20131112,000000,0.32632,0.335065,0.321954,0.335065,0,0
DVL_PB,D,20131113,000000,0.335065,0.335065,0.30886,0.30886,0,0
DVL_PB,D,20131114,000000,0.321954,0.321954,0.313284,0.317645,0,0
DVL_PB,D,20131115,000000,0.317645,0.321954,0.313284,0.321954,0,0
DVL_PB,D,20131118,000000,0.321954,0.321954,0.313284,0.317645,0,0
DVL_PB,D,20131119,000000,0.317645,0.321954,0.313284,0.321954,0,0
DVL_PB,D,20131120,000000,0.321954,0.330689,0.317645,0.317645,0,0
DVL_PB,D,20131121,000000,0.317645,0.317645,0.313284,0.317645,0,0
DVL_PB,D,20131122,000000,0.317645,0.317645,0.317645,0.317645,0,0
DVL_PB,D,20131125,000000,0.32632,0.32632,0.313284,0.317645,0,0
DVL_PB,D,20131126,000000,0.313284,0.313284,0.282786,0.282786,0,0
DVL_PB,D,20131127,000000,0.287141,0.295838,0.287141,0.287141,0,0
DVL_PB,D,20131128,000000,0.291483,0.291483,0.282786,0.282786,0,0
DVL_PB,D,20131129,000000,0.287141,0.287141,0.274043,0.287141,0,0
DVL_PB,D,20131202,000000,0.287141,0.291483,0.282786,0.282786,0,0
DVL_PB,D,20131203,000000,0.282786,0.287141,0.269742,0.269742,0,0
DVL_PB,D,20131204,000000,0.269742,0.278452,0.265421,0.278452,0,0
DVL_PB,D,20131205,000000,0.278452,0.278452,0.274043,0.274043,0,0
DVL_PB,D,20131206,000000,0.274043,0.287141,0.274043,0.287141,0,0
DVL_PB,D,20131209,000000,0.278452,0.291483,0.278452,0.287141,0,0
DVL_PB,D,20131210,000000,0.287141,0.287141,0.278452,0.278452,0,0
DVL_PB,D,20131211,000000,0.278452,0.282786,0.269742,0.269742,0,0
DVL_PB,D,20131212,000000,0.274043,0.274043,0.256684,0.256684,0,0
DVL_PB,D,20131213,000000,0.261053,0.265421,0.261053,0.265421,0,0
DVL_PB,D,20131216,000000,0.265421,0.265421,0.252323,0.256684,0,0
DVL_PB,D,20131217,000000,0.256684,0.256684,0.248002,0.248002,0,0
DVL_PB,D,20131218,000000,0.248002,0.265421,0.248002,0.265421,0,0
DVL_PB,D,20131219,000000,0.269742,0.269742,0.252323,0.265421,0,0
DVL_PB,D,20131220,000000,0.265421,0.265421,0.256684,0.265421,0,0
DVL_PB,D,20131223,000000,0.265421,0.269742,0.265421,0.269742,0,0
DVL_PB,D,20131227,000000,0.269742,0.269742,0.269742,0.269742,0,0
DVL_PB,D,20131230,000000,0.269742,0.282786,0.269742,0.282786,0,0
DVL_PB,D,20140102,000000,0.287141,0.291483,0.278452,0.291483,0,0
DVL_PB,D,20140103,000000,0.287141,0.291483,0.282786,0.291483,0,0
DVL_PB,D,20140107,000000,0.291483,0.291483,0.278452,0.287141,0,0
DVL_PB,D,20140108,000000,0.282786,0.291483,0.278452,0.291483,0,0
DVL_PB,D,20140109,000000,0.291483,0.295838,0.287141,0.291483,0,0
DVL_PB,D,20140110,000000,0.287141,0.291483,0.282786,0.291483,0,0
DVL_PB,D,20140113,000000,0.291483,0.295838,0.287141,0.291483,0,0
DVL_PB,D,20140114,000000,0.291483,0.291483,0.287141,0.287141,0,0
DVL_PB,D,20140115,000000,0.291483,0.300179,0.287141,0.300179,0,0
DVL_PB,D,20140116,000000,0.300179,0.304499,0.295838,0.300179,0,0
DVL_PB,D,20140117,000000,0.300179,0.304499,0.295838,0.304499,0,0
DVL_PB,D,20140120,000000,0.304499,0.304499,0.295838,0.295838,0,0
DVL_PB,D,20140121,000000,0.304499,0.304499,0.291483,0.295838,0,0
DVL_PB,D,20140122,000000,0.295838,0.300179,0.291483,0.300179,0,0
DVL_PB,D,20140123,000000,0.300179,0.304499,0.291483,0.291483,0,0
DVL_PB,D,20140124,000000,0.291483,0.295838,0.291483,0.291483,0,0
DVL_PB,D,20140127,000000,0.291483,0.291483,0.278452,0.291483,0,0
DVL_PB,D,20140128,000000,0.274043,0.282786,0.274043,0.282786,0,0
DVL_PB,D,20140129,000000,0.287141,0.287141,0.274043,0.278452,0,0
DVL_PB,D,20140130,000000,0.274043,0.278452,0.269742,0.274043,0,0
DVL_PB,D,20140131,000000,0.278452,0.278452,0.269742,0.278452,0,0
DVL_PB,D,20140203,000000,0.274043,0.278452,0.274043,0.278452,0,0
DVL_PB,D,20140204,000000,0.274043,0.287141,0.269742,0.287141,0,0
DVL_PB,D,20140205,000000,0.287141,0.287141,0.282786,0.287141,0,0
DVL_PB,D,20140206,000000,0.291483,0.295838,0.287141,0.291483,0,0
DVL_PB,D,20140207,000000,0.291483,0.291483,0.282786,0.287141,0,0
DVL_PB,D,20140210,000000,0.291483,0.291483,0.282786,0.282786,0,0
DVL_PB,D,20140211,000000,0.282786,0.287141,0.282786,0.287141,0,0
DVL_PB,D,20140212,000000,0.287141,0.291483,0.282786,0.287141,0,0
DVL_PB,D,20140213,000000,0.287141,0.287141,0.278452,0.287141,0,0
DVL_PB,D,20140214,000000,0.287141,0.287141,0.282786,0.287141,0,0
DVL_PB,D,20140217,000000,0.287141,0.313284,0.282786,0.30886,0,0
DVL_PB,D,20140218,000000,0.30886,0.317645,0.304499,0.313284,0,0
DVL_PB,D,20140219,000000,0.30886,0.313284,0.304499,0.30886,0,0
DVL_PB,D,20140220,000000,0.30886,0.30886,0.295838,0.295838,0,0
DVL_PB,D,20140221,000000,0.304499,0.30886,0.300179,0.30886,0,0
DVL_PB,D,20140224,000000,0.30886,0.313284,0.304499,0.30886,0,0
DVL_PB,D,20140225,000000,0.30886,0.313284,0.304499,0.304499,0,0
DVL_PB,D,20140226,000000,0.304499,0.30886,0.295838,0.295838,0,0
DVL_PB,D,20140227,000000,0.295838,0.300179,0.295838,0.295838,0,0
DVL_PB,D,20140228,000000,0.295838,0.304499,0.291483,0.304499,0,0
DVL_PB,D,20140303,000000,0.291483,0.291483,0.278452,0.278452,0,0
DVL_PB,D,20140304,000000,0.278452,0.295838,0.278452,0.295838,0,0
DVL_PB,D,20140305,000000,0.295838,0.295838,0.287141,0.287141,0,0
DVL_PB,D,20140306,000000,0.291483,0.295838,0.282786,0.295838,0,0
DVL_PB,D,20140307,000000,0.295838,0.295838,0.287141,0.291483,0,0
DVL_PB,D,20140310,000000,0.287141,0.291483,0.282786,0.282786,0,0
DVL_PB,D,20140311,000000,0.287141,0.287141,0.278452,0.282786,0,0
DVL_PB,D,20140312,000000,0.282786,0.282786,0.265421,0.269742,0,0
DVL_PB,D,20140313,000000,0.269742,0.269742,0.261053,0.265421,0,0
DVL_PB,D,20140314,000000,0.261053,0.261053,0.248002,0.256684,0,0
DVL_PB,D,20140317,000000,0.256684,0.278452,0.256684,0.278452,0,0
DVL_PB,D,20140318,000000,0.278452,0.282786,0.269742,0.269742,0,0
DVL_PB,D,20140319,000000,0.278452,0.282786,0.269742,0.282786,0,0
DVL_PB,D,20140320,000000,0.278452,0.282786,0.278452,0.278452,0,0
DVL_PB,D,20140321,000000,0.278452,0.287141,0.278452,0.278452,0,0
DVL_PB,D,20140324,000000,0.282786,0.282786,0.274043,0.274043,0,0
DVL_PB,D,20140325,000000,0.278452,0.287141,0.274043,0.274043,0,0
DVL_PB,D,20140326,000000,0.274043,0.287141,0.274043,0.282786,0,0
DVL_PB,D,20140327,000000,0.282786,0.282786,0.278452,0.282786,0,0
DVL_PB,D,20140328,000000,0.278452,0.287141,0.278452,0.287141,0,0
DVL_PB,D,20140331,000000,0.291483,0.304499,0.287141,0.304499,0,0
DVL_PB,D,20140401,000000,0.304499,0.313284,0.304499,0.313284,0,0
DVL_PB,D,20140402,000000,0.313284,0.313284,0.304499,0.313284,0,0
DVL_PB,D,20140403,000000,0.313284,0.313284,0.30886,0.30886,0,0
DVL_PB,D,20140404,000000,0.30886,0.313284,0.304499,0.30886,0,0
DVL_PB,D,20140407,000000,0.30886,0.30886,0.304499,0.304499,0,0
DVL_PB,D,20140408,000000,0.304499,0.30886,0.304499,0.304499,0,0
DVL_PB,D,20140409,000000,0.304499,0.32632,0.304499,0.32632,0,0
DVL_PB,D,20140410,000000,0.32632,0.335065,0.321954,0.335065,0,0
DVL_PB,D,20140411,000000,0.330689,0.335065,0.32632,0.330689,0,0
DVL_PB,D,20140414,000000,0.32632,0.32632,0.313284,0.317645,0,0
DVL_PB,D,20140415,000000,0.317645,0.317645,0.304499,0.30886,0,0
DVL_PB,D,20140416,000000,0.30886,0.30886,0.300179,0.300179,0,0
DVL_PB,D,20140417,000000,0.304499,0.30886,0.300179,0.300179,0,0
DVL_PB,D,20140422,000000,0.304499,0.321954,0.304499,0.321954,0,0
DVL_PB,D,20140423,000000,0.321954,0.32632,0.317645,0.321954,0,0
DVL_PB,D,20140424,000000,0.321954,0.321954,0.304499,0.30886,0,0
DVL_PB,D,20140425,000000,0.313284,0.313284,0.304499,0.30886,0,0
DVL_PB,D,20140428,000000,0.30886,0.30886,0.304499,0.304499,0,0
DVL_PB,D,20140429,000000,0.304499,0.30886,0.304499,0.304499,0,0
DVL_PB,D,20140430,000000,0.30886,0.321954,0.304499,0.317645,0,0
DVL_PB,D,20140502,000000,0.317645,0.32632,0.30886,0.32632,0,0
DVL_PB,D,20140505,000000,0.317645,0.321954,0.313284,0.317645,0,0
DVL_PB,D,20140506,000000,0.317645,0.317645,0.304499,0.304499,0,0
DVL_PB,D,20140507,000000,0.304499,0.304499,0.287141,0.291483,0,0
DVL_PB,D,20140508,000000,0.295838,0.300179,0.295838,0.300179,0,0
DVL_PB,D,20140509,000000,0.300179,0.300179,0.287141,0.287141,0,0
DVL_PB,D,20140512,000000,0.287141,0.295838,0.278452,0.282786,0,0
DVL_PB,D,20140513,000000,0.282786,0.291483,0.282786,0.282786,0,0
DVL_PB,D,20140514,000000,0.287141,0.291483,0.287141,0.291483,0,0
DVL_PB,D,20140515,000000,0.291483,0.30886,0.282786,0.304499,0,0
DVL_PB,D,20140516,000000,0.300179,0.30886,0.300179,0.304499,0,0
DVL_PB,D,20140519,000000,0.300179,0.30886,0.300179,0.304499,0,0
DVL_PB,D,20140520,000000,0.30886,0.313284,0.300179,0.313284,0,0
DVL_PB,D,20140521,000000,0.313284,0.313284,0.304499,0.304499,0,0
DVL_PB,D,20140522,000000,0.30886,0.30886,0.300179,0.300179,0,0
DVL_PB,D,20140523,000000,0.304499,0.304499,0.300179,0.304499,0,0
DVL_PB,D,20140526,000000,0.304499,0.304499,0.300179,0.304499,0,0
DVL_PB,D,20140527,000000,0.304499,0.304499,0.300179,0.300179,0,0
DVL_PB,D,20140528,000000,0.295838,0.300179,0.291483,0.295838,0,0
DVL_PB,D,20140529,000000,0.300179,0.300179,0.291483,0.295838,0,0
DVL_PB,D,20140530,000000,0.295838,0.313284,0.291483,0.313284,0,0
DVL_PB,D,20140602,000000,0.313284,0.317645,0.30886,0.317645,0,0
DVL_PB,D,20140603,000000,0.313284,0.317645,0.313284,0.317645,0,0
DVL_PB,D,20140604,000000,0.317645,0.32632,0.317645,0.32632,0,0
DVL_PB,D,20140605,000000,0.32632,0.343578,0.32632,0.343578,0,0
DVL_PB,D,20140606,000000,0.348049,0.348049,0.343578,0.343578,0,0
DVL_PB,D,20140609,000000,0.348049,0.356717,0.348049,0.356717,0,0
DVL_PB,D,20140610,000000,0.356717,0.356717,0.356717,0.356717,0,0
DVL_PB,D,20140611,000000,0.352451,0.356717,0.348049,0.352451,0,0
DVL_PB,D,20140612,000000,0.352451,0.352451,0.343578,0.343578,0,0
DVL_PB,D,20140613,000000,0.343578,0.352451,0.343578,0.352451,0,0
DVL_PB,D,20140616,000000,0.352451,0.356717,0.352451,0.356717,0,0
DVL_PB,D,20140617,000000,0.356717,0.356717,0.352451,0.356717,0,0
DVL_PB,D,20140618,000000,0.356717,0.356717,0.356717,0.356717,0,0
DVL_PB,D,20140620,000000,0.352451,0.352451,0.348049,0.348049,0,0
DVL_PB,D,20140623,000000,0.343578,0.348049,0.335065,0.348049,0,0
DVL_PB,D,20140624,000000,0.339311,0.339311,0.330689,0.339311,0,0
DVL_PB,D,20140625,000000,0.339311,0.339311,0.317645,0.317645,0,0
DVL_PB,D,20140626,000000,0.321954,0.330689,0.313284,0.313284,0,0
DVL_PB,D,20140627,000000,0.317645,0.317645,0.313284,0.313284,0,0
DVL_PB,D,20140630,000000,0.317645,0.321954,0.317645,0.317645,0,0
DVL_PB,D,20140701,000000,0.317645,0.317645,0.300179,0.300179,0,0
DVL_PB,D,20140702,000000,0.300179,0.304499,0.291483,0.291483,0,0
DVL_PB,D,20140703,000000,0.295838,0.295838,0.282786,0.287141,0,0
DVL_PB,D,20140704,000000,0.291483,0.295838,0.287141,0.291483,0,0
DVL_PB,D,20140707,000000,0.291483,0.30886,0.291483,0.300179,0,0
DVL_PB,D,20140708,000000,0.304499,0.304499,0.282786,0.282786,0,0
DVL_PB,D,20140709,000000,0.282786,0.287141,0.282786,0.282786,0,0
DVL_PB,D,20140710,000000,0.287141,0.287141,0.278452,0.278452,0,0
DVL_PB,D,20140711,000000,0.278452,0.295838,0.278452,0.291483,0,0
DVL_PB,D,20140714,000000,0.291483,0.300179,0.291483,0.291483,0,0
DVL_PB,D,20140715,000000,0.295838,0.300179,0.291483,0.291483,0,0
DVL_PB,D,20140716,000000,0.295838,0.295838,0.287141,0.287141,0,0
DVL_PB,D,20140717,000000,0.295838,0.295838,0.282786,0.291483,0,0
DVL_PB,D,20140718,000000,0.287141,0.291483,0.287141,0.287141,0,0
DVL_PB,D,20140721,000000,0.287141,0.287141,0.278452,0.278452,0,0
DVL_PB,D,20140722,000000,0.282786,0.30886,0.282786,0.30886,0,0
DVL_PB,D,20140723,000000,0.304499,0.313284,0.300179,0.30886,0,0
DVL_PB,D,20140724,000000,0.313284,0.313284,0.304499,0.304499,0,0
DVL_PB,D,20140725,000000,0.304499,0.30886,0.300179,0.304499,0,0
DVL_PB,D,20140728,000000,0.304499,0.304499,0.295838,0.304499,0,0
DVL_PB,D,20140729,000000,0.304499,0.304499,0.291483,0.295838,0,0
DVL_PB,D,20140730,000000,0.295838,0.295838,0.287141,0.287141,0,0
DVL_PB,D,20140731,000000,0.287141,0.291483,0.282786,0.282786,0,0
DVL_PB,D,20140801,000000,0.282786,0.287141,0.274043,0.287141,0,0
DVL_PB,D,20140804,000000,0.291483,0.300179,0.287141,0.295838,0,0
DVL_PB,D,20140805,000000,0.295838,0.300179,0.287141,0.291483,0,0
DVL_PB,D,20140806,000000,0.291483,0.291483,0.282786,0.287141,0,0
DVL_PB,D,20140807,000000,0.287141,0.287141,0.269742,0.274043,0,0
DVL_PB,D,20140808,000000,0.269742,0.274043,0.265421,0.269742,0,0
DVL_PB,D,20140811,000000,0.274043,0.278452,0.274043,0.278452,0,0
DVL_PB,D,20140812,000000,0.278452,0.278452,0.269742,0.269742,0,0
DVL_PB,D,20140813,000000,0.274043,0.278452,0.269742,0.278452,0,0
DVL_PB,D,20140814,000000,0.278452,0.282786,0.274043,0.278452,0,0
DVL_PB,D,20140818,000000,0.278452,0.282786,0.274043,0.282786,0,0
DVL_PB,D,20140819,000000,0.282786,0.287141,0.278452,0.282786,0,0
DVL_PB,D,20140820,000000,0.282786,0.287141,0.278452,0.287141,0,0
DVL_PB,D,20140821,000000,0.282786,0.287141,0.282786,0.282786,0,0
DVL_PB,D,20140822,000000,0.287141,0.287141,0.287141,0.287141,0,0
DVL_PB,D,20140825,000000,0.291483,0.291483,0.287141,0.287141,0,0
DVL_PB,D,20140826,000000,0.291483,0.291483,0.282786,0.291483,0,0
DVL_PB,D,20140827,000000,0.291483,0.291483,0.287141,0.287141,0,0
DVL_PB,D,20140828,000000,0.287141,0.287141,0.269742,0.274043,0,0
DVL_PB,D,20140829,000000,0.269742,0.282786,0.269742,0.274043,0,0
DVL_PB,D,20140901,000000,0.282786,0.282786,0.278452,0.278452,0,0
DVL_PB,D,20140902,000000,0.278452,0.291483,0.278452,0.287141,0,0
DVL_PB,D,20140903,000000,0.287141,0.291483,0.287141,0.287141,0,0
DVL_PB,D,20140904,000000,0.287141,0.291483,0.287141,0.291483,0,0
DVL_PB,D,20140905,000000,0.287141,0.295838,0.287141,0.295838,0,0
DVL_PB,D,20140908,000000,0.295838,0.295838,0.287141,0.295838,0,0
DVL_PB,D,20140909,000000,0.291483,0.291483,0.287141,0.287141,0,0
DVL_PB,D,20140910,000000,0.282786,0.287141,0.282786,0.282786,0,0
DVL_PB,D,20140911,000000,0.287141,0.300179,0.282786,0.300179,0,0
DVL_PB,D,20140912,000000,0.300179,0.300179,0.291483,0.291483,0,0
DVL_PB,D,20140915,000000,0.295838,0.295838,0.287141,0.295838,0,0
DVL_PB,D,20140916,000000,0.291483,0.295838,0.291483,0.291483,0,0
DVL_PB,D,20140917,000000,0.295838,0.300179,0.295838,0.295838,0,0
DVL_PB,D,20140918,000000,0.295838,0.304499,0.295838,0.300179,0,0
DVL_PB,D,20140919,000000,0.300179,0.304499,0.300179,0.304499,0,0
DVL_PB,D,20140922,000000,0.304499,0.313284,0.304499,0.313284,0,0
DVL_PB,D,20140923,000000,0.313284,0.313284,0.300179,0.304499,0,0
DVL_PB,D,20140924,000000,0.304499,0.304499,0.295838,0.300179,0,0
DVL_PB,D,20140925,000000,0.300179,0.304499,0.287141,0.287141,0,0
DVL_PB,D,20140926,000000,0.291483,0.295838,0.291483,0.295838,0,0
DVL_PB,D,20140929,000000,0.295838,0.300179,0.295838,0.295838,0,0
DVL_PB,D,20140930,000000,0.295838,0.295838,0.291483,0.295838,0,0
DVL_PB,D,20141001,000000,0.291483,0.291483,0.287141,0.287141,0,0
DVL_PB,D,20141002,000000,0.291483,0.291483,0.282786,0.282786,0,0
DVL_PB,D,20141003,000000,0.287141,0.287141,0.282786,0.282786,0,0
DVL_PB,D,20141006,000000,0.282786,0.295838,0.282786,0.295838,0,0
DVL_PB,D,20141007,000000,0.295838,0.295838,0.295838,0.295838,0,0
DVL_PB,D,20141008,000000,0.291483,0.295838,0.291483,0.291483,0,0
DVL_PB,D,20141009,000000,0.291483,0.304499,0.291483,0.300179,0,0
DVL_PB,D,20141010,000000,0.295838,0.300179,0.295838,0.300179,0,0
DVL_PB,D,20141013,000000,0.300179,0.30886,0.300179,0.30886,0,0
DVL_PB,D,20141014,000000,0.304499,0.304499,0.287141,0.287141,0,0
DVL_PB,D,20141015,000000,0.287141,0.291483,0.274043,0.278452,0,0
DVL_PB,D,20141016,000000,0.282786,0.282786,0.269742,0.274043,0,0
DVL_PB,D,20141017,000000,0.274043,0.282786,0.274043,0.282786,0,0
DVL_PB,D,20141020,000000,0.282786,0.282786,0.274043,0.278452,0,0
DVL_PB,D,20141021,000000,0.278452,0.291483,0.278452,0.291483,0,0
DVL_PB,D,20141022,000000,0.291483,0.291483,0.282786,0.282786,0,0
DVL_PB,D,20141023,000000,0.282786,0.282786,0.274043,0.278452,0,0
DVL_PB,D,20141024,000000,0.282786,0.287141,0.278452,0.282786,0,0
DVL_PB,D,20141027,000000,0.282786,0.291483,0.278452,0.287141,0,0
DVL_PB,D,20141028,000000,0.287141,0.287141,0.287141,0.287141,0,0
DVL_PB,D,20141029,000000,0.287141,0.287141,0.282786,0.287141,0,0
DVL_PB,D,20141030,000000,0.287141,0.287141,0.282786,0.282786,0,0
DVL_PB,D,20141031,000000,0.282786,0.291483,0.282786,0.291483,0,0
DVL_PB,D,20141103,000000,0.291483,0.295838,0.282786,0.287141,0,0
DVL_PB,D,20141104,000000,0.282786,0.291483,0.282786,0.282786,0,0
DVL_PB,D,20141105,000000,0.282786,0.287141,0.282786,0.282786,0,0
DVL_PB,D,20141106,000000,0.287141,0.287141,0.278452,0.278452,0,0
DVL_PB,D,20141107,000000,0.282786,0.287141,0.282786,0.282786,0,0
DVL_PB,D,20141110,000000,0.282786,0.282786,0.278452,0.278452,0,0
DVL_PB,D,20141112,000000,0.282786,0.282786,0.274043,0.274043,0,0
DVL_PB,D,20141113,000000,0.278452,0.278452,0.274043,0.274043,0,0
DVL_PB,D,20141114,000000,0.274043,0.282786,0.274043,0.278452,0,0
DVL_PB,D,20141117,000000,0.278452,0.278452,0.261053,0.261053,0,0
DVL_PB,D,20141118,000000,0.265421,0.265421,0.261053,0.265421,0,0
DVL_PB,D,20141119,000000,0.265421,0.265421,0.248002,0.252323,0,0
DVL_PB,D,20141120,000000,0.256684,0.256684,0.252323,0.256684,0,0
DVL_PB,D,20141121,000000,0.256684,0.261053,0.256684,0.256684,0,0
DVL_PB,D,20141124,000000,0.256684,0.261053,0.252323,0.252323,0,0
DVL_PB,D,20141125,000000,0.252323,0.261053,0.239285,0.239285,0,0
DVL_PB,D,20141126,000000,0.239285,0.252323,0.239285,0.24364,0,0
DVL_PB,D,20141127,000000,0.24364,0.256684,0.24364,0.256684,0,0
DVL_PB,D,20141128,000000,0.256684,0.261053,0.256684,0.261053,0,0
DVL_PB,D,20141201,000000,0.261053,0.261053,0.248002,0.248002,0,0
DVL_PB,D,20141202,000000,0.256684,0.256684,0.248002,0.248002,0,0
DVL_PB,D,20141203,000000,0.248002,0.248002,0.248002,0.248002,0,0
DVL_PB,D,20141204,000000,0.248002,0.261053,0.248002,0.256684,0,0
DVL_PB,D,20141205,000000,0.256684,0.265421,0.256684,0.265421,0,0
DVL_PB,D,20141208,000000,0.265421,0.269742,0.261053,0.265421,0,0
DVL_PB,D,20141209,000000,0.269742,0.274043,0.261053,0.265421,0,0
DVL_PB,D,20141210,000000,0.265421,0.274043,0.261053,0.274043,0,0
DVL_PB,D,20141211,000000,0.269742,0.274043,0.265421,0.274043,0,0
DVL_PB,D,20141212,000000,0.269742,0.274043,0.265421,0.274043,0,0
DVL_PB,D,20141215,000000,0.274043,0.278452,0.269742,0.278452,0,0
DVL_PB,D,20141216,000000,0.274043,0.274043,0.265421,0.274043,0,0
DVL_PB,D,20141217,000000,0.269742,0.278452,0.265421,0.278452,0,0
DVL_PB,D,20141218,000000,0.278452,0.282786,0.269742,0.282786,0,0
DVL_PB,D,20141219,000000,0.282786,0.287141,0.274043,0.287141,0,0
DVL_PB,D,20141222,000000,0.282786,0.287141,0.278452,0.287141,0,0
DVL_PB,D,20141223,000000,0.282786,0.291483,0.278452,0.291483,0,0
DVL_PB,D,20141229,000000,0.291483,0.295838,0.282786,0.295838,0,0
DVL_PB,D,20141230,000000,0.300179,0.300179,0.295838,0.300179,0,0
DVL_PB,D,20150102,000000,0.295838,0.300179,0.295838,0.300179,0,0
DVL_PB,D,20150105,000000,0.295838,0.295838,0.282786,0.282786,0,0
DVL_PB,D,20150107,000000,0.278452,0.282786,0.278452,0.282786,0,0
DVL_PB,D,20150108,000000,0.282786,0.291483,0.282786,0.287141,0,0
DVL_PB,D,20150109,000000,0.287141,0.295838,0.287141,0.291483,0,0
DVL_PB,D,20150112,000000,0.291483,0.295838,0.291483,0.291483,0,0
DVL_PB,D,20150113,000000,0.295838,0.295838,0.291483,0.291483,0,0
DVL_PB,D,20150114,000000,0.291483,0.291483,0.287141,0.291483,0,0
DVL_PB,D,20150115,000000,0.291483,0.295838,0.274043,0.282786,0,0
DVL_PB,D,20150116,000000,0.278452,0.282786,0.278452,0.282786,0,0
DVL_PB,D,20150119,000000,0.282786,0.282786,0.278452,0.282786,0,0
DVL_PB,D,20150120,000000,0.282786,0.282786,0.278452,0.282786,0,0
DVL_PB,D,20150121,000000,0.278452,0.282786,0.278452,0.282786,0,0
DVL_PB,D,20150122,000000,0.282786,0.291483,0.282786,0.291483,0,0
DVL_PB,D,20150123,000000,0.291483,0.291483,0.287141,0.287141,0,0
DVL_PB,D,20150126,000000,0.291483,0.291483,0.282786,0.287141,0,0
DVL_PB,D,20150127,000000,0.282786,0.291483,0.282786,0.291483,0,0
DVL_PB,D,20150128,000000,0.291483,0.295838,0.287141,0.295838,0,0
DVL_PB,D,20150129,000000,0.291483,0.295838,0.291483,0.295838,0,0
DVL_PB,D,20150130,000000,0.295838,0.295838,0.291483,0.291483,0,0
DVL_PB,D,20150202,000000,0.287141,0.291483,0.287141,0.291483,0,0
DVL_PB,D,20150203,000000,0.291483,0.291483,0.287141,0.291483,0,0
DVL_PB,D,20150204,000000,0.291483,0.291483,0.287141,0.291483,0,0
DVL_PB,D,20150205,000000,0.282786,0.287141,0.282786,0.282786,0,0
DVL_PB,D,20150206,000000,0.282786,0.291483,0.282786,0.291483,0,0
DVL_PB,D,20150209,000000,0.291483,0.291483,0.282786,0.282786,0,0
DVL_PB,D,20150210,000000,0.282786,0.287141,0.282786,0.287141,0,0
DVL_PB,D,20150211,000000,0.282786,0.287141,0.282786,0.287141,0,0
DVL_PB,D,20150212,000000,0.282786,0.287141,0.282786,0.287141,0,0
DVL_PB,D,20150213,000000,0.287141,0.287141,0.282786,0.287141,0,0
DVL_PB,D,20150216,000000,0.287141,0.287141,0.287141,0.287141,0,0
DVL_PB,D,20150217,000000,0.287141,0.300179,0.287141,0.287141,0,0
DVL_PB,D,20150218,000000,0.291483,0.295838,0.291483,0.291483,0,0
DVL_PB,D,20150219,000000,0.295838,0.295838,0.291483,0.291483,0,0
DVL_PB,D,20150220,000000,0.291483,0.295838,0.291483,0.295838,0,0
DVL_PB,D,20150223,000000,0.295838,0.300179,0.295838,0.295838,0,0
DVL_PB,D,20150224,000000,0.295838,0.30886,0.295838,0.30886,0,0
DVL_PB,D,20150225,000000,0.30886,0.313284,0.304499,0.304499,0,0
DVL_PB,D,20150226,000000,0.30886,0.313284,0.30886,0.313284,0,0
DVL_PB,D,20150227,000000,0.313284,0.317645,0.30886,0.313284,0,0
DVL_PB,D,20150302,000000,0.317645,0.321954,0.313284,0.321954,0,0
DVL_PB,D,20150303,000000,0.321954,0.321954,0.313284,0.321954,0,0
DVL_PB,D,20150304,000000,0.317645,0.317645,0.304499,0.313284,0,0
DVL_PB,D,20150305,000000,0.313284,0.317645,0.313284,0.317645,0,0
DVL_PB,D,20150306,000000,0.313284,0.317645,0.313284,0.317645,0,0
DVL_PB,D,20150309,000000,0.317645,0.317645,0.317645,0.317645,0,0
DVL_PB,D,20150310,000000,0.317645,0.317645,0.30886,0.30886,0,0
DVL_PB,D,20150311,000000,0.30886,0.313284,0.30886,0.313284,0,0
DVL_PB,D,20150312,000000,0.313284,0.313284,0.30886,0.30886,0,0
DVL_PB,D,20150313,000000,0.313284,0.317645,0.313284,0.317645,0,0
DVL_PB,D,20150316,000000,0.313284,0.317645,0.313284,0.313284,0,0
DVL_PB,D,20150317,000000,0.313284,0.317645,0.30886,0.313284,0,0
DVL_PB,D,20150318,000000,0.313284,0.313284,0.304499,0.313284,0,0
DVL_PB,D,20150319,000000,0.313284,0.313284,0.30886,0.30886,0,0
DVL_PB,D,20150320,000000,0.30886,0.30886,0.30886,0.30886,0,0
DVL_PB,D,20150323,000000,0.313284,0.317645,0.30886,0.317645,0,0
DVL_PB,D,20150324,000000,0.317645,0.317645,0.30886,0.30886,0,0
DVL_PB,D,20150325,000000,0.30886,0.317645,0.30886,0.313284,0,0
DVL_PB,D,20150326,000000,0.313284,0.313284,0.30886,0.313284,0,0
DVL_PB,D,20150327,000000,0.30886,0.313284,0.304499,0.304499,0,0
DVL_PB,D,20150330,000000,0.304499,0.30886,0.304499,0.30886,0,0
DVL_PB,D,20150331,000000,0.304499,0.30886,0.304499,0.30886,0,0
DVL_PB,D,20150401,000000,0.304499,0.30886,0.304499,0.30886,0,0
DVL_PB,D,20150402,000000,0.313284,0.313284,0.313284,0.313284,0,0
DVL_PB,D,20150407,000000,0.313284,0.317645,0.313284,0.317645,0,0
DVL_PB,D,20150408,000000,0.317645,0.32632,0.317645,0.321954,0,0
DVL_PB,D,20150409,000000,0.321954,0.32632,0.317645,0.317645,0,0
DVL_PB,D,20150410,000000,0.321954,0.321954,0.317645,0.317645,0,0
DVL_PB,D,20150413,000000,0.317645,0.321954,0.317645,0.317645,0,0
DVL_PB,D,20150414,000000,0.317645,0.317645,0.317645,0.317645,0,0
DVL_PB,D,20150415,000000,0.317645,0.32632,0.317645,0.32632,0,0
DVL_PB,D,20150416,000000,0.32632,0.335065,0.32632,0.330689,0,0
DVL_PB,D,20150417,000000,0.330689,0.330689,0.32632,0.32632,0,0
DVL_PB,D,20150420,000000,0.32632,0.32632,0.32632,0.32632,0,0
DVL_PB,D,20150421,000000,0.32632,0.32632,0.32632,0.32632,0,0
DVL_PB,D,20150422,000000,0.32632,0.32632,0.317645,0.32632,0,0
DVL_PB,D,20150423,000000,0.32632,0.32632,0.321954,0.32632,0,0
DVL_PB,D,20150424,000000,0.32632,0.32632,0.321954,0.321954,0,0
DVL_PB,D,20150427,000000,0.321954,0.321954,0.317645,0.321954,0,0
DVL_PB,D,20150428,000000,0.317645,0.317645,0.317645,0.317645,0,0
DVL_PB,D,20150429,000000,0.321954,0.321954,0.313284,0.313284,0,0
DVL_PB,D,20150430,000000,0.313284,0.313284,0.304499,0.304499,0,0
DVL_PB,D,20150504,000000,0.304499,0.304499,0.295838,0.304499,0,0
DVL_PB,D,20150505,000000,0.300179,0.30886,0.295838,0.300179,0,0
DVL_PB,D,20150506,000000,0.300179,0.317645,0.300179,0.313284,0,0
DVL_PB,D,20150507,000000,0.313284,0.313284,0.30886,0.30886,0,0
DVL_PB,D,20150508,000000,0.30886,0.32632,0.30886,0.32632,0,0
DVL_PB,D,20150511,000000,0.32632,0.32632,0.317645,0.317645,0,0
DVL_PB,D,20150512,000000,0.317645,0.317645,0.313284,0.317645,0,0
DVL_PB,D,20150513,000000,0.313284,0.321954,0.313284,0.317645,0,0
DVL_PB,D,20150514,000000,0.321954,0.321954,0.313284,0.313284,0,0
DVL_PB,D,20150515,000000,0.317645,0.317645,0.30886,0.30886,0,0
DVL_PB,D,20150518,000000,0.30886,0.317645,0.304499,0.313284,0,0
DVL_PB,D,20150519,000000,0.30886,0.30886,0.304499,0.304499,0,0
DVL_PB,D,20150520,000000,0.304499,0.30886,0.304499,0.30886,0,0
DVL_PB,D,20150521,000000,0.304499,0.317645,0.304499,0.317645,0,0
DVL_PB,D,20150522,000000,0.317645,0.321954,0.313284,0.317645,0,0
DVL_PB,D,20150525,000000,0.321954,0.321954,0.30886,0.30886,0,0
DVL_PB,D,20150526,000000,0.30886,0.313284,0.30886,0.30886,0,0
DVL_PB,D,20150527,000000,0.30886,0.313284,0.30886,0.30886,0,0
DVL_PB,D,20150528,000000,0.30886,0.313284,0.30886,0.30886,0,0
DVL_PB,D,20150529,000000,0.30886,0.30886,0.300179,0.300179,0,0
DVL_PB,D,20150601,000000,0.300179,0.304499,0.300179,0.304499,0,0
DVL_PB,D,20150602,000000,0.300179,0.304499,0.300179,0.300179,0,0
DVL_PB,D,20150603,000000,0.300179,0.300179,0.300179,0.300179,0,0
DVL_PB,D,20150605,000000,0.300179,0.300179,0.300179,0.300179,0,0
DVL_PB,D,20150608,000000,0.300179,0.304499,0.295838,0.300179,0,0
DVL_PB,D,20150609,000000,0.300179,0.300179,0.300179,0.300179,0,0
DVL_PB,D,20150610,000000,0.300179,0.300179,0.291483,0.300179,0,0
DVL_PB,D,20150611,000000,0.295838,0.295838,0.295838,0.295838,0,0
DVL_PB,D,20150612,000000,0.295838,0.300179,0.295838,0.295838,0,0
DVL_PB,D,20150615,000000,0.295838,0.295838,0.295838,0.295838,0,0
DVL_PB,D,20150616,000000,0.295838,0.300179,0.295838,0.300179,0,0
DVL_PB,D,20150617,000000,0.300179,0.300179,0.295838,0.295838,0,0
DVL_PB,D,20150618,000000,0.295838,0.295838,0.291483,0.295838,0,0
DVL_PB,D,20150619,000000,0.295838,0.295838,0.291483,0.295838,0,0
DVL_PB,D,20150622,000000,0.291483,0.295838,0.291483,0.295838,0,0
DVL_PB,D,20150623,000000,0.295838,0.295838,0.295838,0.295838,0,0
DVL_PB,D,20150624,000000,0.295838,0.295838,0.291483,0.291483,0,0
DVL_PB,D,20150625,000000,0.291483,0.295838,0.291483,0.291483,0,0
DVL_PB,D,20150626,000000,0.295838,0.295838,0.291483,0.291483,0,0
DVL_PB,D,20150629,000000,0.287141,0.287141,0.274043,0.287141,0,0
DVL_PB,D,20150630,000000,0.282786,0.287141,0.278452,0.282786,0,0
DVL_PB,D,20150701,000000,0.287141,0.291483,0.282786,0.291483,0,0
DVL_PB,D,20150702,000000,0.287141,0.287141,0.287141,0.287141,0,0
DVL_PB,D,20150703,000000,0.291483,0.295838,0.291483,0.291483,0,0
DVL_PB,D,20150706,000000,0.291483,0.295838,0.287141,0.295838,0,0
DVL_PB,D,20150707,000000,0.295838,0.295838,0.291483,0.295838,0,0
DVL_PB,D,20150708,000000,0.295838,0.300179,0.291483,0.295838,0,0
DVL_PB,D,20150709,000000,0.291483,0.300179,0.291483,0.300179,0,0
DVL_PB,D,20150710,000000,0.291483,0.300179,0.291483,0.295838,0,0
DVL_PB,D,20150713,000000,0.295838,0.300179,0.295838,0.300179,0,0
DVL_PB,D,20150714,000000,0.295838,0.304499,0.295838,0.300179,0,0
DVL_PB,D,20150715,000000,0.304499,0.317645,0.304499,0.317645,0,0
DVL_PB,D,20150716,000000,0.317645,0.321954,0.317645,0.321954,0,0
DVL_PB,D,20150717,000000,0.321954,0.321954,0.304499,0.304499,0,0
DVL_PB,D,20150720,000000,0.313284,0.313284,0.30886,0.30886,0,0
DVL_PB,D,20150721,000000,0.30886,0.30886,0.300179,0.304499,0,0
DVL_PB,D,20150722,000000,0.304499,0.30886,0.300179,0.300179,0,0
DVL_PB,D,20150723,000000,0.300179,0.300179,0.300179,0.300179,0,0
DVL_PB,D,20150724,000000,0.300179,0.304499,0.291483,0.304499,0,0
DVL_PB,D,20150727,000000,0.295838,0.300179,0.291483,0.295838,0,0
DVL_PB,D,20150728,000000,0.295838,0.30886,0.295838,0.300179,0,0
DVL_PB,D,20150729,000000,0.304499,0.313284,0.304499,0.30886,0,0
DVL_PB,D,20150730,000000,0.313284,0.317645,0.30886,0.30886,0,0
DVL_PB,D,20150731,000000,0.30886,0.313284,0.30886,0.30886,0,0
DVL_PB,D,20150803,000000,0.30886,0.313284,0.304499,0.313284,0,0
DVL_PB,D,20150804,000000,0.313284,0.313284,0.30886,0.313284,0,0
DVL_PB,D,20150805,000000,0.30886,0.317645,0.30886,0.313284,0,0
DVL_PB,D,20150806,000000,0.317645,0.317645,0.30886,0.30886,0,0
DVL_PB,D,20150807,000000,0.30886,0.313284,0.304499,0.30886,0,0
DVL_PB,D,20150810,000000,0.30886,0.317645,0.30886,0.317645,0,0
DVL_PB,D,20150811,000000,0.313284,0.313284,0.30886,0.30886,0,0
DVL_PB,D,20150812,000000,0.30886,0.30886,0.30886,0.30886,0,0
DVL_PB,D,20150813,000000,0.313284,0.313284,0.30886,0.30886,0,0
DVL_PB,D,20150814,000000,0.313284,0.313284,0.30886,0.313284,0,0
DVL_PB,D,20150817,000000,0.313284,0.317645,0.30886,0.30886,0,0
DVL_PB,D,20150818,000000,0.30886,0.30886,0.30886,0.30886,0,0
DVL_PB,D,20150819,000000,0.30886,0.30886,0.30886,0.30886,0,0
DVL_PB,D,20150820,000000,0.30886,0.30886,0.30886,0.30886,0,0
DVL_PB,D,20150821,000000,0.30886,0.30886,0.295838,0.300179,0,0
DVL_PB,D,20150824,000000,0.291483,0.295838,0.269742,0.278452,0,0
DVL_PB,D,20150825,000000,0.269742,0.287141,0.265421,0.265421,0,0
DVL_PB,D,20150826,000000,0.265421,0.278452,0.265421,0.278452,0,0
DVL_PB,D,20150827,000000,0.278452,0.282786,0.274043,0.278452,0,0
DVL_PB,D,20150828,000000,0.278452,0.287141,0.278452,0.287141,0,0
DVL_PB,D,20150831,000000,0.287141,0.295838,0.278452,0.278452,0,0
DVL_PB,D,20150901,000000,0.278452,0.278452,0.269742,0.278452,0,0
DVL_PB,D,20150902,000000,0.278452,0.287141,0.278452,0.282786,0,0
DVL_PB,D,20150903,000000,0.282786,0.295838,0.282786,0.287141,0,0
DVL_PB,D,20150904,000000,0.287141,0.291483,0.278452,0.282786,0,0
DVL_PB,D,20150907,000000,0.287141,0.287141,0.278452,0.282786,0,0
DVL_PB,D,20150908,000000,0.287141,0.287141,0.287141,0.287141,0,0
DVL_PB,D,20150909,000000,0.287141,0.287141,0.282786,0.287141,0,0
DVL_PB,D,20150910,000000,0.287141,0.287141,0.282786,0.287141,0,0
DVL_PB,D,20150911,000000,0.287141,0.287141,0.287141,0.287141,0,0
DVL_PB,D,20150914,000000,0.282786,0.287141,0.282786,0.287141,0,0
DVL_PB,D,20150915,000000,0.287141,0.287141,0.274043,0.274043,0,0
DVL_PB,D,20150916,000000,0.278452,0.287141,0.274043,0.287141,0,0
DVL_PB,D,20150917,000000,0.278452,0.282786,0.278452,0.282786,0,0
DVL_PB,D,20150918,000000,0.282786,0.287141,0.278452,0.282786,0,0
DVL_PB,D,20150921,000000,0.287141,0.287141,0.282786,0.287141,0,0
DVL_PB,D,20150922,000000,0.278452,0.287141,0.278452,0.282786,0,0
DVL_PB,D,20150923,000000,0.282786,0.282786,0.278452,0.278452,0,0
DVL_PB,D,20150924,000000,0.278452,0.278452,0.274043,0.274043,0,0
DVL_PB,D,20150925,000000,0.274043,0.274043,0.274043,0.274043,0,0
DVL_PB,D,20150928,000000,0.278452,0.278452,0.274043,0.274043,0,0
DVL_PB,D,20150929,000000,0.269742,0.274043,0.269742,0.274043,0,0
DVL_PB,D,20150930,000000,0.274043,0.274043,0.274043,0.274043,0,0
DVL_PB,D,20151001,000000,0.274043,0.278452,0.274043,0.278452,0,0
DVL_PB,D,20151002,000000,0.278452,0.278452,0.274043,0.278452,0,0
DVL_PB,D,20151005,000000,0.278452,0.278452,0.278452,0.278452,0,0
DVL_PB,D,20151006,000000,0.278452,0.287141,0.278452,0.287141,0,0
DVL_PB,D,20151007,000000,0.287141,0.295838,0.287141,0.295838,0,0
DVL_PB,D,20151008,000000,0.300179,0.300179,0.295838,0.295838,0,0
DVL_PB,D,20151009,000000,0.300179,0.300179,0.295838,0.300179,0,0
DVL_PB,D,20151012,000000,0.300179,0.300179,0.295838,0.300179,0,0
DVL_PB,D,20151013,000000,0.300179,0.300179,0.295838,0.300179,0,0
DVL_PB,D,20151014,000000,0.295838,0.300179,0.295838,0.295838,0,0
DVL_PB,D,20151015,000000,0.300179,0.300179,0.300179,0.300179,0,0
DVL_PB,D,20151016,000000,0.300179,0.300179,0.295838,0.300179,0,0
DVL_PB,D,20151019,000000,0.300179,0.300179,0.295838,0.300179,0,0
DVL_PB,D,20151020,000000,0.300179,0.300179,0.295838,0.300179,0,0
DVL_PB,D,20151021,000000,0.300179,0.300179,0.295838,0.295838,0,0
DVL_PB,D,20151022,000000,0.300179,0.300179,0.295838,0.295838,0,0
DVL_PB,D,20151023,000000,0.300179,0.300179,0.291483,0.295838,0,0
DVL_PB,D,20151026,000000,0.291483,0.295838,0.291483,0.291483,0,0
DVL_PB,D,20151027,000000,0.291483,0.291483,0.287141,0.287141,0,0
DVL_PB,D,20151028,000000,0.287141,0.304499,0.287141,0.300179,0,0
DVL_PB,D,20151029,000000,0.300179,0.304499,0.295838,0.300179,0,0
DVL_PB,D,20151030,000000,0.300179,0.300179,0.295838,0.295838,0,0
DVL_PB,D,20151102,000000,0.295838,0.300179,0.295838,0.295838,0,0
DVL_PB,D,20151103,000000,0.300179,0.300179,0.295838,0.295838,0,0
DVL_PB,D,20151104,000000,0.295838,0.300179,0.295838,0.295838,0,0
DVL_PB,D,20151105,000000,0.295838,0.300179,0.295838,0.300179,0,0
DVL_PB,D,20151106,000000,0.300179,0.300179,0.295838,0.295838,0,0
DVL_PB,D,20151109,000000,0.300179,0.300179,0.295838,0.295838,0,0
DVL_PB,D,20151110,000000,0.295838,0.295838,0.287141,0.291483,0,0
DVL_PB,D,20151112,000000,0.287141,0.291483,0.287141,0.291483,0,0
DVL_PB,D,20151113,000000,0.291483,0.291483,0.278452,0.282786,0,0
DVL_PB,D,20151116,000000,0.282786,0.282786,0.269742,0.269742,0,0
DVL_PB,D,20151117,000000,0.269742,0.274043,0.269742,0.274043,0,0
DVL_PB,D,20151118,000000,0.274043,0.274043,0.269742,0.269742,0,0
DVL_PB,D,20151119,000000,0.269742,0.278452,0.269742,0.274043,0,0
DVL_PB,D,20151120,000000,0.278452,0.291483,0.278452,0.282786,0,0
DVL_PB,D,20151123,000000,0.282786,0.282786,0.274043,0.278452,0,0
DVL_PB,D,20151124,000000,0.278452,0.278452,0.261053,0.265421,0,0
DVL_PB,D,20151125,000000,0.265421,0.269742,0.261053,0.261053,0,0
DVL_PB,D,20151126,000000,0.261053,0.265421,0.256684,0.261053,0,0
DVL_PB,D,20151127,000000,0.256684,0.261053,0.252323,0.261053,0,0
DVL_PB,D,20151130,000000,0.261053,0.274043,0.252323,0.256684,0,0
DVL_PB,D,20151201,000000,0.256684,0.261053,0.256684,0.256684,0,0
DVL_PB,D,20151202,000000,0.256684,0.256684,0.256684,0.256684,0,0
DVL_PB,D,20151203,000000,0.256684,0.261053,0.252323,0.252323,0,0
DVL_PB,D,20151204,000000,0.252323,0.252323,0.239285,0.239285,0,0
DVL_PB,D,20151207,000000,0.239285,0.248002,0.239285,0.24364,0,0
DVL_PB,D,20151208,000000,0.24364,0.248002,0.24364,0.24364,0,0
DVL_PB,D,20151209,000000,0.24364,0.256684,0.24364,0.252323,0,0
DVL_PB,D,20151210,000000,0.252323,0.269742,0.252323,0.269742,0,0
DVL_PB,D,20151211,000000,0.269742,0.274043,0.261053,0.265421,0,0
DVL_PB,D,20151214,000000,0.261053,0.261053,0.252323,0.252323,0,0
DVL_PB,D,20151215,000000,0.248002,0.256684,0.248002,0.252323,0,0
DVL_PB,D,20151216,000000,0.252323,0.252323,0.248002,0.248002,0,0
DVL_PB,D,20151217,000000,0.248002,0.256684,0.248002,0.248002,0,0
DVL_PB,D,20151218,000000,0.248002,0.252323,0.24364,0.24364,0,0
DVL_PB,D,20151221,000000,0.24364,0.248002,0.230583,0.239285,0,0
DVL_PB,D,20151222,000000,0.234937,0.248002,0.234937,0.24364,0,0
DVL_PB,D,20151223,000000,0.248002,0.248002,0.24364,0.24364,0,0
DVL_PB,D,20151228,000000,0.24364,0.252323,0.24364,0.252323,0,0
DVL_PB,D,20151229,000000,0.256684,0.261053,0.252323,0.256684,0,0
DVL_PB,D,20151230,000000,0.261053,0.265421,0.256684,0.261053,0,0
DVL_PB,D,20160104,000000,0.256684,0.256684,0.239285,0.252323,0,0
DVL_PB,D,20160105,000000,0.256684,0.261053,0.252323,0.256684,0,0
DVL_PB,D,20160107,000000,0.252323,0.265421,0.252323,0.265421,0,0
DVL_PB,D,20160108,000000,0.269742,0.274043,0.269742,0.274043,0,0
DVL_PB,D,20160111,000000,0.274043,0.278452,0.269742,0.278452,0,0
DVL_PB,D,20160112,000000,0.278452,0.282786,0.278452,0.278452,0,0
DVL_PB,D,20160113,000000,0.278452,0.282786,0.278452,0.278452,0,0
DVL_PB,D,20160114,000000,0.278452,0.278452,0.265421,0.269742,0,0
DVL_PB,D,20160115,000000,0.265421,0.265421,0.265421,0.265421,0,0
DVL_PB,D,20160118,000000,0.265421,0.265421,0.252323,0.252323,0,0
DVL_PB,D,20160119,000000,0.261053,0.261053,0.252323,0.252323,0,0
DVL_PB,D,20160120,000000,0.252323,0.252323,0.24364,0.248002,0,0
DVL_PB,D,20160121,000000,0.248002,0.256684,0.24364,0.24364,0,0
DVL_PB,D,20160122,000000,0.252323,0.256684,0.252323,0.256684,0,0
DVL_PB,D,20160125,000000,0.252323,0.256684,0.252323,0.256684,0,0
DVL_PB,D,20160126,000000,0.252323,0.252323,0.248002,0.252323,0,0
DVL_PB,D,20160127,000000,0.252323,0.252323,0.252323,0.252323,0,0
DVL_PB,D,20160128,000000,0.248002,0.256684,0.248002,0.252323,0,0
DVL_PB,D,20160129,000000,0.252323,0.252323,0.248002,0.252323,0,0
DVL_PB,D,20160201,000000,0.248002,0.256684,0.248002,0.256684,0,0
DVL_PB,D,20160202,000000,0.256684,0.256684,0.256684,0.256684,0,0
DVL_PB,D,20160203,000000,0.252323,0.256684,0.252323,0.256684,0,0
DVL_PB,D,20160204,000000,0.256684,0.256684,0.252323,0.256684,0,0
DVL_PB,D,20160205,000000,0.256684,0.256684,0.24364,0.252323,0,0
DVL_PB,D,20160208,000000,0.252323,0.256684,0.252323,0.256684,0,0
DVL_PB,D,20160209,000000,0.256684,0.256684,0.252323,0.252323,0,0
DVL_PB,D,20160210,000000,0.256684,0.261053,0.252323,0.256684,0,0
DVL_PB,D,20160211,000000,0.256684,0.261053,0.256684,0.261053,0,0
DVL_PB,D,20160212,000000,0.256684,0.261053,0.252323,0.256684,0,0
DVL_PB,D,20160215,000000,0.256684,0.256684,0.252323,0.256684,0,0
DVL_PB,D,20160216,000000,0.256684,0.256684,0.252323,0.256684,0,0
DVL_PB,D,20160217,000000,0.256684,0.256684,0.256684,0.256684,0,0
DVL_PB,D,20160218,000000,0.256684,0.261053,0.256684,0.256684,0,0
DVL_PB,D,20160219,000000,0.256684,0.265421,0.256684,0.261053,0,0
DVL_PB,D,20160222,000000,0.265421,0.269742,0.265421,0.269742,0,0
DVL_PB,D,20160223,000000,0.269742,0.274043,0.269742,0.269742,0,0
DVL_PB,D,20160224,000000,0.269742,0.274043,0.269742,0.269742,0,0
DVL_PB,D,20160225,000000,0.265421,0.269742,0.256684,0.256684,0,0
DVL_PB,D,20160226,000000,0.261053,0.269742,0.261053,0.269742,0,0
DVL_PB,D,20160229,000000,0.274043,0.278452,0.274043,0.274043,0,0
DVL_PB,D,20160301,000000,0.278452,0.278452,0.274043,0.274043,0,0
DVL_PB,D,20160302,000000,0.269742,0.274043,0.269742,0.274043,0,0
DVL_PB,D,20160303,000000,0.274043,0.274043,0.269742,0.274043,0,0
DVL_PB,D,20160304,000000,0.274043,0.274043,0.265421,0.265421,0,0
DVL_PB,D,20160307,000000,0.265421,0.274043,0.265421,0.274043,0,0
DVL_PB,D,20160308,000000,0.274043,0.282786,0.269742,0.269742,0,0
DVL_PB,D,20160309,000000,0.269742,0.278452,0.269742,0.278452,0,0
DVL_PB,D,20160310,000000,0.278452,0.295838,0.278452,0.295838,0,0
DVL_PB,D,20160311,000000,0.291483,0.295838,0.291483,0.295838,0,0
DVL_PB,D,20160314,000000,0.295838,0.295838,0.282786,0.291483,0,0
DVL_PB,D,20160315,000000,0.291483,0.291483,0.282786,0.282786,0,0
DVL_PB,D,20160316,000000,0.282786,0.282786,0.278452,0.278452,0,0
DVL_PB,D,20160317,000000,0.282786,0.282786,0.269742,0.274043,0,0
DVL_PB,D,20160318,000000,0.287141,0.335065,0.287141,0.32632,0,0
DVL_PB,D,20160321,000000,0.32632,0.32632,0.30886,0.313284,0,0
DVL_PB,D,20160322,000000,0.313284,0.317645,0.300179,0.30886,0,0
DVL_PB,D,20160323,000000,0.313284,0.313284,0.304499,0.30886,0,0
DVL_PB,D,20160324,000000,0.30886,0.313284,0.304499,0.30886,0,0
DVL_PB,D,20160329,000000,0.313284,0.313284,0.30886,0.313284,0,0
DVL_PB,D,20160330,000000,0.313284,0.313284,0.30886,0.30886,0,0
DVL_PB,D,20160331,000000,0.313284,0.313284,0.300179,0.30886,0,0
DVL_PB,D,20160401,000000,0.300179,0.304499,0.300179,0.304499,0,0
DVL_PB,D,20160404,000000,0.30886,0.321954,0.304499,0.321954,0,0
DVL_PB,D,20160405,000000,0.321954,0.321954,0.313284,0.321954,0,0
DVL_PB,D,20160406,000000,0.317645,0.321954,0.30886,0.313284,0,0
DVL_PB,D,20160407,000000,0.30886,0.317645,0.304499,0.304499,0,0
DVL_PB,D,20160408,000000,0.30886,0.321954,0.30886,0.321954,0,0
DVL_PB,D,20160411,000000,0.321954,0.321954,0.30886,0.313284,0,0
DVL_PB,D,20160412,000000,0.313284,0.313284,0.304499,0.30886,0,0
DVL_PB,D,20160413,000000,0.30886,0.313284,0.30886,0.30886,0,0
DVL_PB,D,20160414,000000,0.30886,0.30886,0.304499,0.304499,0,0
DVL_PB,D,20160415,000000,0.30886,0.30886,0.30886,0.30886,0,0
DVL_PB,D,20160418,000000,0.30886,0.32632,0.30886,0.317645,0,0
DVL_PB,D,20160419,000000,0.321954,0.321954,0.30886,0.313284,0,0
DVL_PB,D,20160420,000000,0.313284,0.313284,0.30886,0.30886,0,0
DVL_PB,D,20160421,000000,0.30886,0.30886,0.30886,0.30886,0,0
DVL_PB,D,20160422,000000,0.30886,0.317645,0.30886,0.313284,0,0
DVL_PB,D,20160425,000000,0.313284,0.313284,0.30886,0.30886,0,0
DVL_PB,D,20160426,000000,0.313284,0.313284,0.30886,0.30886,0,0
DVL_PB,D,20160427,000000,0.30886,0.313284,0.30886,0.313284,0,0
DVL_PB,D,20160428,000000,0.313284,0.313284,0.30886,0.30886,0,0
DVL_PB,D,20160429,000000,0.30886,0.313284,0.30886,0.313284,0,0
DVL_PB,D,20160502,000000,0.313284,0.32632,0.313284,0.321954,0,0
DVL_PB,D,20160504,000000,0.321954,0.321954,0.317645,0.317645,0,0
DVL_PB,D,20160505,000000,0.321885,0.321885,0.312376,0.312376,0,0
DVL_PB,D,20160506,000000,0.312376,0.312376,0.312376,0.312376,0,0
DVL_PB,D,20160509,000000,0.317096,0.317096,0.298166,0.298166,0,0
DVL_PB,D,20160510,000000,0.302901,0.307649,0.302901,0.302901,0,0
DVL_PB,D,20160511,000000,0.302901,0.307649,0.302901,0.302901,0,0
DVL_PB,D,20160512,000000,0.302901,0.307649,0.302901,0.302901,0,0
DVL_PB,D,20160513,000000,0.302901,0.302901,0.302901,0.302901,0,0
DVL_PB,D,20160516,000000,0.307649,0.307649,0.298166,0.298166,0,0
DVL_PB,D,20160517,000000,0.298166,0.307649,0.298166,0.302901,0,0
DVL_PB,D,20160518,000000,0.302901,0.302901,0.298166,0.298166,0,0
DVL_PB,D,20160519,000000,0.298166,0.298166,0.298166,0.298166,0,0
DVL_PB,D,20160520,000000,0.298166,0.302901,0.298166,0.298166,0,0
DVL_PB,D,20160523,000000,0.293446,0.298166,0.288665,0.298166,0,0
DVL_PB,D,20160524,000000,0.298166,0.298166,0.298166,0.298166,0,0
DVL_PB,D,20160525,000000,0.298166,0.317096,0.298166,0.302901,0,0
DVL_PB,D,20160527,000000,0.298166,0.307649,0.298166,0.298166,0,0
DVL_PB,D,20160530,000000,0.298166,0.302901,0.298166,0.298166,0,0
DVL_PB,D,20160531,000000,0.298166,0.302901,0.298166,0.302901,0,0
DVL_PB,D,20160601,000000,0.298166,0.298166,0.288665,0.288665,0,0
DVL_PB,D,20160602,000000,0.288665,0.298166,0.288665,0.298166,0,0
DVL_PB,D,20160603,000000,0.298166,0.298166,0.293446,0.293446,0,0
DVL_PB,D,20160606,000000,0.293446,0.293446,0.288665,0.288665,0,0
DVL_PB,D,20160607,000000,0.293446,0.293446,0.288665,0.293446,0,0
DVL_PB,D,20160608,000000,0.288665,0.293446,0.288665,0.293446,0,0
DVL_PB,D,20160609,000000,0.288665,0.288665,0.279204,0.279204,0,0
DVL_PB,D,20160610,000000,0.279204,0.283986,0.279204,0.279204,0,0
DVL_PB,D,20160613,000000,0.279204,0.279204,0.274476,0.274476,0,0
DVL_PB,D,20160614,000000,0.274476,0.274476,0.269742,0.269742,0,0
DVL_PB,D,20160615,000000,0.269742,0.269742,0.269742,0.269742,0,0
DVL_PB,D,20160616,000000,0.269742,0.269742,0.265028,0.265028,0,0
DVL_PB,D,20160617,000000,0.260315,0.279204,0.260315,0.279204,0,0
DVL_PB,D,20160620,000000,0.283986,0.283986,0.274476,0.274476,0,0
DVL_PB,D,20160621,000000,0.283986,0.283986,0.274476,0.274476,0,0
DVL_PB,D,20160622,000000,0.274476,0.279204,0.274476,0.274476,0,0
DVL_PB,D,20160623,000000,0.279204,0.283986,0.279204,0.279204,0,0
DVL_PB,D,20160624,000000,0.260315,0.274476,0.260315,0.274476,0,0
DVL_PB,D,20160627,000000,0.274476,0.279204,0.274476,0.274476,0,0
DVL_PB,D,20160628,000000,0.274476,0.274476,0.269742,0.269742,0,0
DVL_PB,D,20160629,000000,0.274476,0.288665,0.274476,0.288665,0,0
DVL_PB,D,20160630,000000,0.288665,0.302901,0.283986,0.298166,0,0
DVL_PB,D,20160701,000000,0.298166,0.298166,0.293446,0.293446,0,0
DVL_PB,D,20160704,000000,0.293446,0.293446,0.283986,0.288665,0,0
DVL_PB,D,20160705,000000,0.288665,0.288665,0.279204,0.279204,0,0
DVL_PB,D,20160706,000000,0.279204,0.283986,0.274476,0.274476,0,0
DVL_PB,D,20160707,000000,0.274476,0.283986,0.274476,0.279204,0,0
DVL_PB,D,20160708,000000,0.279204,0.283986,0.279204,0.283986,0,0
DVL_PB,D,20160711,000000,0.283986,0.298166,0.283986,0.293446,0,0
DVL_PB,D,20160712,000000,0.298166,0.298166,0.298166,0.298166,0,0
DVL_PB,D,20160713,000000,0.302901,0.307649,0.298166,0.307649,0,0
DVL_PB,D,20160714,000000,0.307649,0.307649,0.302901,0.302901,0,0
DVL_PB,D,20160715,000000,0.307649,0.307649,0.302901,0.302901,0,0
DVL_PB,D,20160718,000000,0.302901,0.307649,0.298166,0.298166,0,0
DVL_PB,D,20160719,000000,0.298166,0.302901,0.298166,0.298166,0,0
DVL_PB,D,20160720,000000,0.302901,0.302901,0.302901,0.302901,0,0
DVL_PB,D,20160721,000000,0.302901,0.302901,0.298166,0.298166,0,0
DVL_PB,D,20160722,000000,0.298166,0.302901,0.298166,0.302901,0,0
DVL_PB,D,20160725,000000,0.302901,0.302901,0.298166,0.298166,0,0
DVL_PB,D,20160726,000000,0.298166,0.307649,0.298166,0.307649,0,0
DVL_PB,D,20160727,000000,0.302901,0.307649,0.302901,0.302901,0,0
DVL_PB,D,20160728,000000,0.302901,0.307649,0.302901,0.307649,0,0
DVL_PB,D,20160729,000000,0.298166,0.307649,0.298166,0.307649,0,0
DVL_PB,D,20160801,000000,0.307649,0.317096,0.307649,0.312376,0,0
DVL_PB,D,20160802,000000,0.312376,0.326578,0.307649,0.317096,0,0
DVL_PB,D,20160803,000000,0.321885,0.321885,0.317096,0.317096,0,0
DVL_PB,D,20160804,000000,0.321885,0.321885,0.317096,0.321885,0,0
DVL_PB,D,20160805,000000,0.321885,0.321885,0.317096,0.321885,0,0
DVL_PB,D,20160808,000000,0.321885,0.321885,0.317096,0.321885,0,0
DVL_PB,D,20160809,000000,0.321885,0.321885,0.312376,0.317096,0,0
DVL_PB,D,20160810,000000,0.317096,0.317096,0.312376,0.312376,0,0
DVL_PB,D,20160811,000000,0.317096,0.317096,0.312376,0.317096,0,0
DVL_PB,D,20160812,000000,0.317096,0.317096,0.312376,0.312376,0,0
DVL_PB,D,20160816,000000,0.317096,0.317096,0.307649,0.317096,0,0
DVL_PB,D,20160817,000000,0.307649,0.312376,0.307649,0.312376,0,0
DVL_PB,D,20160818,000000,0.307649,0.317096,0.307649,0.317096,0,0
DVL_PB,D,20160819,000000,0.317096,0.317096,0.312376,0.317096,0,0
DVL_PB,D,20160822,000000,0.312376,0.312376,0.307649,0.312376,0,0
DVL_PB,D,20160823,000000,0.317096,0.321885,0.312376,0.321885,0,0
DVL_PB,D,20160824,000000,0.321885,0.326578,0.321885,0.326578,0,0
DVL_PB,D,20160825,000000,0.326578,0.326578,0.326578,0.326578,0,0
DVL_PB,D,20160826,000000,0.326578,0.326578,0.321885,0.326578,0,0
DVL_PB,D,20160829,000000,0.326578,0.331332,0.321885,0.331332,0,0
DVL_PB,D,20160830,000000,0.336093,0.336093,0.321885,0.326578,0,0
DVL_PB,D,20160831,000000,0.326578,0.326578,0.321885,0.321885,0,0
DVL_PB,D,20160901,000000,0.326578,0.331332,0.312376,0.312376,0,0
DVL_PB,D,20160902,000000,0.307649,0.321885,0.307649,0.321885,0,0
DVL_PB,D,20160905,000000,0.321885,0.326578,0.317096,0.321885,0,0
DVL_PB,D,20160906,000000,0.321885,0.321885,0.317096,0.317096,0,0
DVL_PB,D,20160907,000000,0.317096,0.321885,0.312376,0.321885,0,0
DVL_PB,D,20160908,000000,0.321885,0.321885,0.317096,0.317096,0,0
DVL_PB,D,20160909,000000,0.321885,0.321885,0.312376,0.312376,0,0
DVL_PB,D,20160912,000000,0.312376,0.317096,0.312376,0.317096,0,0
DVL_PB,D,20160913,000000,0.317096,0.317096,0.307649,0.312376,0,0
DVL_PB,D,20160914,000000,0.312376,0.317096,0.307649,0.317096,0,0
DVL_PB,D,20160915,000000,0.312376,0.317096,0.312376,0.317096,0,0
DVL_PB,D,20160916,000000,0.312376,0.317096,0.312376,0.312376,0,0
DVL_PB,D,20160919,000000,0.312376,0.312376,0.312376,0.312376,0,0
DVL_PB,D,20160920,000000,0.312376,0.312376,0.298166,0.302901,0,0
DVL_PB,D,20160921,000000,0.302901,0.302901,0.302901,0.302901,0,0
DVL_PB,D,20160922,000000,0.302901,0.307649,0.302901,0.302901,0,0
DVL_PB,D,20160923,000000,0.307649,0.312376,0.307649,0.307649,0,0
DVL_PB,D,20160926,000000,0.302901,0.302901,0.298166,0.298166,0,0
DVL_PB,D,20160927,000000,0.298166,0.298166,0.293446,0.293446,0,0
DVL_PB,D,20160928,000000,0.293446,0.307649,0.288665,0.302901,0,0
DVL_PB,D,20160929,000000,0.302901,0.302901,0.298166,0.302901,0,0
DVL_PB,D,20160930,000000,0.302901,0.302901,0.293446,0.298166,0,0
DVL_PB,D,20161003,000000,0.293446,0.298166,0.293446,0.298166,0,0
DVL_PB,D,20161004,000000,0.302901,0.302901,0.298166,0.298166,0,0
DVL_PB,D,20161005,000000,0.293446,0.298166,0.293446,0.298166,0,0
DVL_PB,D,20161006,000000,0.298166,0.298166,0.293446,0.298166,0,0
DVL_PB,D,20161007,000000,0.298166,0.298166,0.293446,0.298166,0,0
DVL_PB,D,20161010,000000,0.298166,0.298166,0.298166,0.298166,0,0
DVL_PB,D,20161011,000000,0.298166,0.298166,0.298166,0.298166,0,0
DVL_PB,D,20161012,000000,0.298166,0.298166,0.298166,0.298166,0,0
DVL_PB,D,20161013,000000,0.298166,0.298166,0.293446,0.293446,0,0
DVL_PB,D,20161014,000000,0.298166,0.302901,0.298166,0.298166,0,0
DVL_PB,D,20161017,000000,0.298166,0.307649,0.298166,0.302901,0,0
DVL_PB,D,20161018,000000,0.307649,0.307649,0.298166,0.298166,0,0
DVL_PB,D,20161019,000000,0.302901,0.302901,0.298166,0.298166,0,0
DVL_PB,D,20161020,000000,0.302901,0.302901,0.298166,0.298166,0,0
DVL_PB,D,20161021,000000,0.298166,0.298166,0.298166,0.298166,0,0
DVL_PB,D,20161024,000000,0.298166,0.298166,0.293446,0.293446,0,0
DVL_PB,D,20161025,000000,0.288665,0.298166,0.288665,0.293446,0,0
DVL_PB,D,20161026,000000,0.293446,0.293446,0.288665,0.293446,0,0
DVL_PB,D,20161027,000000,0.298166,0.298166,0.288665,0.288665,0,0
DVL_PB,D,20161028,000000,0.288665,0.288665,0.283986,0.288665,0,0
DVL_PB,D,20161031,000000,0.288665,0.298166,0.288665,0.298166,0,0
DVL_PB,D,20161102,000000,0.298166,0.298166,0.288665,0.293446,0,0
DVL_PB,D,20161103,000000,0.288665,0.288665,0.283986,0.283986,0,0
DVL_PB,D,20161104,000000,0.283986,0.288665,0.279204,0.279204,0,0
DVL_PB,D,20161107,000000,0.279204,0.283986,0.279204,0.279204,0,0
DVL_PB,D,20161108,000000,0.279204,0.279204,0.274476,0.274476,0,0
DVL_PB,D,20161109,000000,0.269742,0.279204,0.269742,0.279204,0,0
DVL_PB,D,20161110,000000,0.283986,0.283986,0.279204,0.279204,0,0
DVL_PB,D,20161114,000000,0.279204,0.279204,0.274476,0.274476,0,0
DVL_PB,D,20161115,000000,0.279204,0.293446,0.274476,0.293446,0,0
DVL_PB,D,20161116,000000,0.298166,0.298166,0.288665,0.298166,0,0
DVL_PB,D,20161117,000000,0.298166,0.302901,0.288665,0.302901,0,0
DVL_PB,D,20161118,000000,0.293446,0.307649,0.293446,0.307649,0,0
DVL_PB,D,20161121,000000,0.302901,0.307649,0.298166,0.302901,0,0
DVL_PB,D,20161122,000000,0.307649,0.312376,0.307649,0.312376,0,0
DVL_PB,D,20161123,000000,0.312376,0.312376,0.302901,0.312376,0,0
DVL_PB,D,20161124,000000,0.312376,0.317096,0.302901,0.317096,0,0
DVL_PB,D,20161125,000000,0.312376,0.317096,0.307649,0.317096,0,0
DVL_PB,D,20161128,000000,0.312376,0.312376,0.307649,0.312376,0,0
DVL_PB,D,20161129,000000,0.312376,0.312376,0.302901,0.307649,0,0
DVL_PB,D,20161130,000000,0.307649,0.312376,0.307649,0.312376,0,0
DVL_PB,D,20161201,000000,0.307649,0.312376,0.307649,0.312376,0,0
DVL_PB,D,20161202,000000,0.312376,0.312376,0.307649,0.312376,0,0
DVL_PB,D,20161205,000000,0.312376,0.312376,0.307649,0.307649,0,0
DVL_PB,D,20161206,000000,0.312376,0.312376,0.302901,0.307649,0,0
DVL_PB,D,20161207,000000,0.307649,0.312376,0.302901,0.312376,0,0
DVL_PB,D,20161208,000000,0.312376,0.312376,0.307649,0.307649,0,0
DVL_PB,D,20161209,000000,0.312376,0.312376,0.307649,0.312376,0,0
DVL_PB,D,20161212,000000,0.312376,0.312376,0.307649,0.307649,0,0
DVL_PB,D,20161213,000000,0.307649,0.312376,0.307649,0.312376,0,0
DVL_PB,D,20161214,000000,0.317096,0.321885,0.312376,0.317096,0,0
DVL_PB,D,20161215,000000,0.317096,0.321885,0.312376,0.321885,0,0
DVL_PB,D,20161216,000000,0.321885,0.321885,0.317096,0.317096,0,0
DVL_PB,D,20161219,000000,0.321885,0.321885,0.312376,0.312376,0,0
DVL_PB,D,20161220,000000,0.312376,0.317096,0.307649,0.312376,0,0
DVL_PB,D,20161221,000000,0.312376,0.317096,0.307649,0.307649,0,0
DVL_PB,D,20161222,000000,0.307649,0.307649,0.302901,0.302901,0,0
DVL_PB,D,20161223,000000,0.307649,0.307649,0.302901,0.307649,0,0
DVL_PB,D,20161227,000000,0.302901,0.307649,0.302901,0.302901,0,0
DVL_PB,D,20161228,000000,0.302901,0.307649,0.302901,0.302901,0,0
DVL_PB,D,20161229,000000,0.302901,0.307649,0.302901,0.302901,0,0
DVL_PB,D,20161230,000000,0.302901,0.307649,0.302901,0.302901,0,0
DVL_PB,D,20170102,000000,0.312376,0.312376,0.302901,0.307649,0,0
DVL_PB,D,20170103,000000,0.312376,0.312376,0.307649,0.307649,0,0
DVL_PB,D,20170104,000000,0.312376,0.312376,0.307649,0.312376,0,0
DVL_PB,D,20170105,000000,0.312376,0.312376,0.307649,0.307649,0,0
DVL_PB,D,20170109,000000,0.307649,0.312376,0.307649,0.307649,0,0
DVL_PB,D,20170110,000000,0.312376,0.312376,0.307649,0.312376,0,0
DVL_PB,D,20170111,000000,0.312376,0.312376,0.307649,0.307649,0,0
DVL_PB,D,20170112,000000,0.307649,0.312376,0.307649,0.307649,0,0
DVL_PB,D,20170113,000000,0.307649,0.307649,0.307649,0.307649,0,0
DVL_PB,D,20170116,000000,0.307649,0.307649,0.302901,0.307649,0,0
DVL_PB,D,20170117,000000,0.307649,0.312376,0.307649,0.312376,0,0
DVL_PB,D,20170118,000000,0.312376,0.312376,0.307649,0.312376,0,0
DVL_PB,D,20170119,000000,0.307649,0.312376,0.307649,0.307649,0,0
DVL_PB,D,20170120,000000,0.307649,0.312376,0.307649,0.307649,0,0
DVL_PB,D,20170123,000000,0.312376,0.321885,0.312376,0.317096,0,0
DVL_PB,D,20170124,000000,0.317096,0.321885,0.317096,0.317096,0,0
DVL_PB,D,20170125,000000,0.321885,0.321885,0.312376,0.317096,0,0
DVL_PB,D,20170126,000000,0.317096,0.317096,0.307649,0.307649,0,0
DVL_PB,D,20170127,000000,0.307649,0.307649,0.302901,0.307649,0,0
DVL_PB,D,20170130,000000,0.307649,0.307649,0.307649,0.307649,0,0
DVL_PB,D,20170131,000000,0.307649,0.317096,0.307649,0.317096,0,0
DVL_PB,D,20170201,000000,0.317096,0.317096,0.312376,0.317096,0,0
DVL_PB,D,20170202,000000,0.317096,0.321885,0.312376,0.317096,0,0
DVL_PB,D,20170203,000000,0.317096,0.321885,0.317096,0.317096,0,0
DVL_PB,D,20170206,000000,0.317096,0.321885,0.312376,0.321885,0,0
DVL_PB,D,20170207,000000,0.321885,0.321885,0.321885,0.321885,0,0
DVL_PB,D,20170208,000000,0.321885,0.326578,0.317096,0.317096,0,0
DVL_PB,D,20170209,000000,0.321885,0.326578,0.317096,0.321885,0,0
DVL_PB,D,20170210,000000,0.321885,0.326578,0.321885,0.321885,0,0
DVL_PB,D,20170213,000000,0.321885,0.326578,0.321885,0.326578,0,0
DVL_PB,D,20170214,000000,0.326578,0.326578,0.321885,0.326578,0,0
DVL_PB,D,20170215,000000,0.326578,0.326578,0.321885,0.321885,0,0
DVL_PB,D,20170216,000000,0.321885,0.321885,0.321885,0.321885,0,0
DVL_PB,D,20170217,000000,0.321885,0.321885,0.312376,0.312376,0,0
DVL_PB,D,20170220,000000,0.312376,0.317096,0.312376,0.317096,0,0
DVL_PB,D,20170221,000000,0.317096,0.321885,0.312376,0.317096,0,0
DVL_PB,D,20170222,000000,0.321885,0.321885,0.312376,0.317096,0,0
DVL_PB,D,20170223,000000,0.317096,0.321885,0.312376,0.312376,0,0
DVL_PB,D,20170224,000000,0.317096,0.321885,0.307649,0.317096,0,0
DVL_PB,D,20170227,000000,0.321885,0.321885,0.317096,0.317096,0,0
DVL_PB,D,20170228,000000,0.317096,0.321885,0.317096,0.321885,0,0
DVL_PB,D,20170301,000000,0.321885,0.326578,0.321885,0.321885,0,0
DVL_PB,D,20170302,000000,0.326578,0.326578,0.321885,0.326578,0,0
DVL_PB,D,20170303,000000,0.326578,0.326578,0.312376,0.321885,0,0
DVL_PB,D,20170306,000000,0.317096,0.321885,0.317096,0.321885,0,0
DVL_PB,D,20170307,000000,0.321885,0.321885,0.317096,0.321885,0,0
DVL_PB,D,20170308,000000,0.321885,0.321885,0.317096,0.317096,0,0
DVL_PB,D,20170309,000000,0.321885,0.321885,0.307649,0.312376,0,0
DVL_PB,D,20170310,000000,0.317096,0.321885,0.317096,0.321885,0,0
DVL_PB,D,20170313,000000,0.321885,0.321885,0.312376,0.317096,0,0
DVL_PB,D,20170314,000000,0.317096,0.317096,0.317096,0.317096,0,0
DVL_PB,D,20170315,000000,0.317096,0.321885,0.312376,0.317096,0,0
DVL_PB,D,20170316,000000,0.317096,0.321885,0.317096,0.317096,0,0
DVL_PB,D,20170317,000000,0.321885,0.321885,0.312376,0.317096,0,0
DVL_PB,D,20170320,000000,0.317096,0.317096,0.312376,0.312376,0,0
DVL_PB,D,20170321,000000,0.317096,0.317096,0.302901,0.302901,0,0
DVL_PB,D,20170322,000000,0.298166,0.307649,0.293446,0.302901,0,0
DVL_PB,D,20170323,000000,0.298166,0.298166,0.288665,0.288665,0,0
DVL_PB,D,20170324,000000,0.293446,0.293446,0.288665,0.293446,0,0
DVL_PB,D,20170327,000000,0.293446,0.293446,0.288665,0.288665,0,0
DVL_PB,D,20170328,000000,0.293446,0.298166,0.293446,0.293446,0,0
DVL_PB,D,20170329,000000,0.293446,0.298166,0.293446,0.293446,0,0
DVL_PB,D,20170330,000000,0.293446,0.293446,0.288665,0.293446,0,0
DVL_PB,D,20170331,000000,0.293446,0.293446,0.288665,0.293446,0,0
DVL_PB,D,20170403,000000,0.293446,0.293446,0.288665,0.293446,0,0
DVL_PB,D,20170404,000000,0.293446,0.293446,0.288665,0.288665,0,0
DVL_PB,D,20170405,000000,0.293446,0.302901,0.293446,0.302901,0,0
DVL_PB,D,20170406,000000,0.302901,0.312376,0.302901,0.307649,0,0
DVL_PB,D,20170407,000000,0.312376,0.312376,0.307649,0.312376,0,0
DVL_PB,D,20170410,000000,0.312376,0.312376,0.307649,0.312376,0,0
DVL_PB,D,20170411,000000,0.312376,0.312376,0.302901,0.312376,0,0
DVL_PB,D,20170412,000000,0.312376,0.312376,0.307649,0.307649,0,0
DVL_PB,D,20170413,000000,0.307649,0.307649,0.302901,0.307649,0,0
DVL_PB,D,20170418,000000,0.307649,0.312376,0.307649,0.307649,0,0
DVL_PB,D,20170419,000000,0.302901,0.307649,0.302901,0.302901,0,0
DVL_PB,D,20170420,000000,0.307649,0.307649,0.302901,0.307649,0,0
DVL_PB,D,20170421,000000,0.307649,0.307649,0.302901,0.307649,0,0
DVL_PB,D,20170424,000000,0.307649,0.307649,0.302901,0.307649,0,0
DVL_PB,D,20170425,000000,0.307649,0.307649,0.302901,0.307649,0,0
DVL_PB,D,20170426,000000,0.307649,0.307649,0.302901,0.302901,0,0
DVL_PB,D,20170427,000000,0.302901,0.302901,0.298166,0.298166,0,0
DVL_PB,D,20170428,000000,0.302901,0.302901,0.298166,0.298166,0,0
DVL_PB,D,20170502,000000,0.302901,0.302901,0.298166,0.302901,0,0
DVL_PB,D,20170504,000000,0.298166,0.298166,0.298166,0.298166,0,0
DVL_PB,D,20170505,000000,0.298166,0.298166,0.298166,0.298166,0,0
DVL_PB,D,20170508,000000,0.302901,0.302901,0.298166,0.298166,0,0
DVL_PB,D,20170509,000000,0.298166,0.298166,0.298166,0.298166,0,0
DVL_PB,D,20170510,000000,0.298166,0.298166,0.298166,0.298166,0,0
DVL_PB,D,20170511,000000,0.298166,0.298166,0.298166,0.298166,0,0
DVL_PB,D,20170512,000000,0.298166,0.298166,0.298166,0.298166,0,0
DVL_PB,D,20170515,000000,0.298166,0.298166,0.298166,0.298166,0,0
DVL_PB,D,20170516,000000,0.293446,0.298166,0.293446,0.293446,0,0
DVL_PB,D,20170517,000000,0.298166,0.298166,0.293446,0.293446,0,0
DVL_PB,D,20170518,000000,0.293446,0.298166,0.293446,0.298166,0,0
DVL_PB,D,20170519,000000,0.298166,0.298166,0.293446,0.298166,0,0
DVL_PB,D,20170522,000000,0.298166,0.302901,0.298166,0.302901,0,0
DVL_PB,D,20170523,000000,0.302901,0.302901,0.293446,0.298166,0,0
DVL_PB,D,20170524,000000,0.298166,0.302901,0.298166,0.302901,0,0
DVL_PB,D,20170525,000000,0.298166,0.302901,0.298166,0.302901,0,0
DVL_PB,D,20170526,000000,0.302901,0.307649,0.302901,0.307649,0,0
DVL_PB,D,20170529,000000,0.307649,0.307649,0.302901,0.307649,0,0
DVL_PB,D,20170530,000000,0.307649,0.307649,0.302901,0.302901,0,0
DVL_PB,D,20170531,000000,0.302901,0.307649,0.302901,0.307649,0,0
DVL_PB,D,20170601,000000,0.302901,0.302901,0.302901,0.302901,0,0
DVL_PB,D,20170602,000000,0.302901,0.307649,0.302901,0.307649,0,0
DVL_PB,D,20170605,000000,0.307649,0.307649,0.307649,0.307649,0,0
DVL_PB,D,20170606,000000,0.302901,0.307649,0.302901,0.307649,0,0
DVL_PB,D,20170607,000000,0.307649,0.307649,0.307649,0.307649,0,0
DVL_PB,D,20170608,000000,0.307649,0.307649,0.302901,0.307649,0,0
DVL_PB,D,20170609,000000,0.302901,0.302901,0.302901,0.302901,0,0
DVL_PB,D,20170612,000000,0.307649,0.307649,0.298166,0.298166,0,0
DVL_PB,D,20170613,000000,0.298166,0.302901,0.298166,0.302901,0,0
DVL_PB,D,20170614,000000,0.302901,0.302901,0.298166,0.302901,0,0
DVL_PB,D,20170616,000000,0.302901,0.302901,0.302901,0.302901,0,0
DVL_PB,D,20170619,000000,0.302901,0.302901,0.302901,0.302901,0,0
DVL_PB,D,20170620,000000,0.302901,0.302901,0.298166,0.298166,0,0
DVL_PB,D,20170621,000000,0.298166,0.302901,0.298166,0.302901,0,0
DVL_PB,D,20170622,000000,0.298166,0.302901,0.298166,0.302901,0,0
DVL_PB,D,20170623,000000,0.302901,0.307649,0.298166,0.307649,0,0
DVL_PB,D,20170626,000000,0.302901,0.307649,0.302901,0.307649,0,0
DVL_PB,D,20170627,000000,0.302901,0.312376,0.302901,0.312376,0,0
DVL_PB,D,20170628,000000,0.312376,0.312376,0.302901,0.307649,0,0
DVL_PB,D,20170629,000000,0.302901,0.312376,0.302901,0.307649,0,0
DVL_PB,D,20170630,000000,0.307649,0.312376,0.307649,0.307649,0,0
DVL_PB,D,20170703,000000,0.307649,0.307649,0.307649,0.307649,0,0
DVL_PB,D,20170704,000000,0.307649,0.307649,0.307649,0.307649,0,0
DVL_PB,D,20170705,000000,0.307649,0.307649,0.307649,0.307649,0,0
DVL_PB,D,20170706,000000,0.307649,0.307649,0.307649,0.307649,0,0
DVL_PB,D,20170707,000000,0.307649,0.312376,0.302901,0.302901,0,0
DVL_PB,D,20170710,000000,0.312376,0.312376,0.298166,0.302901,0,0
DVL_PB,D,20170711,000000,0.302901,0.302901,0.298166,0.298166,0,0
DVL_PB,D,20170712,000000,0.298166,0.302901,0.298166,0.302901,0,0
DVL_PB,D,20170713,000000,0.302901,0.302901,0.302901,0.302901,0,0
DVL_PB,D,20170714,000000,0.302901,0.302901,0.302901,0.302901,0,0
DVL_PB,D,20170717,000000,0.298166,0.298166,0.293446,0.298166,0,0
DVL_PB,D,20170718,000000,0.298166,0.302901,0.298166,0.302901,0,0
DVL_PB,D,20170719,000000,0.298166,0.298166,0.298166,0.298166,0,0
DVL_PB,D,20170720,000000,0.298166,0.302901,0.298166,0.302901,0,0
DVL_PB,D,20170721,000000,0.302901,0.302901,0.293446,0.298166,0,0
DVL_PB,D,20170724,000000,0.304195,0.304195,0.299257,0.299257,0,0
DVL_PB,D,20170725,000000,0.304195,0.304195,0.299257,0.299257,0,0
DVL_PB,D,20170726,000000,0.299257,0.299257,0.294368,0.299257,0,0
DVL_PB,D,20170727,000000,0.299257,0.299257,0.294368,0.299257,0,0
DVL_PB,D,20170728,000000,0.294368,0.299257,0.294368,0.299257,0,0
DVL_PB,D,20170731,000000,0.304195,0.304195,0.294368,0.299257,0,0
DVL_PB,D,20170801,000000,0.299257,0.304195,0.299257,0.304195,0,0
DVL_PB,D,20170802,000000,0.309105,0.309105,0.304195,0.309105,0,0
DVL_PB,D,20170803,000000,0.304195,0.304195,0.304195,0.304195,0,0
DVL_PB,D,20170804,000000,0.304195,0.304195,0.299257,0.304195,0,0
DVL_PB,D,20170807,000000,0.299257,0.309105,0.299257,0.304195,0,0
DVL_PB,D,20170808,000000,0.304195,0.304195,0.304195,0.304195,0,0
DVL_PB,D,20170809,000000,0.304195,0.309105,0.304195,0.309105,0,0
DVL_PB,D,20170810,000000,0.309105,0.314015,0.304195,0.314015,0,0
DVL_PB,D,20170811,000000,0.309105,0.314015,0.309105,0.314015,0,0
DVL_PB,D,20170814,000000,0.314015,0.314015,0.314015,0.314015,0,0
DVL_PB,D,20170816,000000,0.314015,0.318858,0.314015,0.314015,0,0
DVL_PB,D,20170817,000000,0.314015,0.318858,0.314015,0.318858,0,0
DVL_PB,D,20170818,000000,0.314015,0.323815,0.314015,0.318858,0,0
DVL_PB,D,20170821,000000,0.318858,0.328766,0.318858,0.323815,0,0
DVL_PB,D,20170822,000000,0.323815,0.323815,0.314015,0.318858,0,0
DVL_PB,D,20170823,000000,0.323815,0.323815,0.314015,0.314015,0,0
DVL_PB,D,20170824,000000,0.318858,0.318858,0.314015,0.318858,0,0
DVL_PB,D,20170825,000000,0.318858,0.318858,0.314015,0.318858,0,0
DVL_PB,D,20170828,000000,0.318858,0.318858,0.314015,0.314015,0,0
DVL_PB,D,20170829,000000,0.314015,0.314015,0.314015,0.314015,0,0
DVL_PB,D,20170830,000000,0.314015,0.314015,0.309105,0.314015,0,0
DVL_PB,D,20170831,000000,0.314015,0.314015,0.309105,0.314015,0,0
DVL_PB,D,20170901,000000,0.314015,0.314015,0.314015,0.314015,0,0
DVL_PB,D,20170904,000000,0.309105,0.314015,0.309105,0.314015,0,0
DVL_PB,D,20170905,000000,0.314015,0.318858,0.309105,0.314015,0,0
DVL_PB,D,20170906,000000,0.314015,0.314015,0.314015,0.314015,0,0
DVL_PB,D,20170907,000000,0.314015,0.314015,0.314015,0.314015,0,0
DVL_PB,D,20170908,000000,0.314015,0.314015,0.309105,0.314015,0,0
DVL_PB,D,20170911,000000,0.314015,0.348318,0.314015,0.338532,0,0
DVL_PB,D,20170912,000000,0.338532,0.338532,0.323815,0.338532,0,0
DVL_PB,D,20170913,000000,0.333582,0.338532,0.323815,0.323815,0,0
DVL_PB,D,20170914,000000,0.328766,0.343509,0.328766,0.343509,0,0
DVL_PB,D,20170915,000000,0.348318,0.402297,0.338532,0.402297,0,0
DVL_PB,D,20170918,000000,0.392544,0.426881,0.392544,0.421869,0,0
DVL_PB,D,20170919,000000,0.416994,0.426881,0.412117,0.426881,0,0
DVL_PB,D,20170920,000000,0.421869,0.421869,0.416994,0.421869,0,0
DVL_PB,D,20170921,000000,0.421869,0.421869,0.40724,0.412117,0,0
DVL_PB,D,20170922,000000,0.412117,0.416994,0.412117,0.416994,0,0
DVL_PB,D,20170925,000000,0.416994,0.416994,0.412117,0.416994,0,0
DVL_PB,D,20170926,000000,0.412117,0.421869,0.412117,0.421869,0,0
DVL_PB,D,20170927,000000,0.421869,0.431758,0.416994,0.431758,0,0
DVL_PB,D,20170928,000000,0.431758,0.431758,0.431758,0.431758,0,0
DVL_PB,D,20170929,000000,0.441646,0.441646,0.441646,0.441646,0,0
DVL_PB,D,20171002,000000,0.441646,0.441646,0.426881,0.431758,0,0
DVL_PB,D,20171003,000000,0.436634,0.441646,0.431758,0.436634,0,0
DVL_PB,D,20171004,000000,0.441646,0.441646,0.436634,0.436634,0,0
DVL_PB,D,20171005,000000,0.441646,0.441646,0.426881,0.431758,0,0
DVL_PB,D,20171006,000000,0.436634,0.436634,0.421869,0.421869,0,0
DVL_PB,D,20171009,000000,0.421869,0.431758,0.421869,0.431758,0,0
DVL_PB,D,20171010,000000,0.431758,0.436634,0.416994,0.426881,0,0
DVL_PB,D,20171011,000000,0.426881,0.426881,0.426881,0.426881,0,0
DVL_PB,D,20171012,000000,0.426881,0.436634,0.426881,0.436634,0,0
DVL_PB,D,20171013,000000,0.431758,0.431758,0.421869,0.426881,0,0
DVL_PB,D,20171016,000000,0.431758,0.431758,0.421869,0.431758,0,0
DVL_PB,D,20171017,000000,0.426881,0.431758,0.426881,0.431758,0,0
DVL_PB,D,20171018,000000,0.431758,0.431758,0.426881,0.431758,0,0
DVL_PB,D,20171019,000000,0.431758,0.431758,0.416994,0.421869,0,0
DVL_PB,D,20171020,000000,0.416994,0.421869,0.416994,0.421869,0,0
DVL_PB,D,20171023,000000,0.421869,0.421869,0.40724,0.416994,0,0
DVL_PB,D,20171024,000000,0.421869,0.421869,0.40724,0.421869,0,0
DVL_PB,D,20171025,000000,0.416994,0.421869,0.412117,0.412117,0,0
DVL_PB,D,20171026,000000,0.40724,0.416994,0.40724,0.416994,0,0
DVL_PB,D,20171027,000000,0.412117,0.426881,0.412117,0.426881,0,0
DVL_PB,D,20171030,000000,0.426881,0.431758,0.421869,0.431758,0,0
DVL_PB,D,20171031,000000,0.431758,0.431758,0.426881,0.431758,0,0
DVL_PB,D,20171102,000000,0.421869,0.421869,0.412117,0.416994,0,0
DVL_PB,D,20171103,000000,0.412117,0.412117,0.40724,0.412117,0,0
DVL_PB,D,20171106,000000,0.40724,0.40724,0.40724,0.40724,0,0
DVL_PB,D,20171107,000000,0.40724,0.40724,0.402297,0.402297,0,0
DVL_PB,D,20171108,000000,0.40724,0.40724,0.402297,0.402297,0,0
DVL_PB,D,20171109,000000,0.40724,0.40724,0.392544,0.402297,0,0
DVL_PB,D,20171110,000000,0.397353,0.402297,0.392544,0.402297,0,0
DVL_PB,D,20171113,000000,0.402297,0.402297,0.382655,0.382655,0,0
DVL_PB,D,20171114,000000,0.3876,0.397353,0.382655,0.3876,0,0
DVL_PB,D,20171115,000000,0.3876,0.3876,0.37778,0.37778,0,0
DVL_PB,D,20171116,000000,0.37778,0.382655,0.37778,0.382655,0,0
DVL_PB,D,20171117,000000,0.382655,0.397353,0.382655,0.397353,0,0
DVL_PB,D,20171120,000000,0.392544,0.397353,0.3876,0.397353,0,0
DVL_PB,D,20171121,000000,0.397353,0.397353,0.392544,0.397353,0,0
DVL_PB,D,20171122,000000,0.392544,0.397353,0.392544,0.397353,0,0
DVL_PB,D,20171123,000000,0.397353,0.397353,0.392544,0.397353,0,0
DVL_PB,D,20171124,000000,0.392544,0.392544,0.3876,0.392544,0,0
DVL_PB,D,20171127,000000,0.3876,0.397353,0.382655,0.397353,0,0
DVL_PB,D,20171128,000000,0.392544,0.392544,0.382655,0.3876,0,0
DVL_PB,D,20171129,000000,0.3876,0.392544,0.382655,0.392544,0,0
DVL_PB,D,20171130,000000,0.397353,0.397353,0.3876,0.392544,0,0
DVL_PB,D,20171201,000000,0.392544,0.402297,0.382655,0.3876,0,0
DVL_PB,D,20171204,000000,0.3876,0.397353,0.3876,0.3876,0,0
DVL_PB,D,20171205,000000,0.392544,0.392544,0.382655,0.3876,0,0
DVL_PB,D,20171206,000000,0.382655,0.3876,0.382655,0.3876,0,0
DVL_PB,D,20171207,000000,0.3876,0.397353,0.3876,0.392544,0,0
DVL_PB,D,20171208,000000,0.392544,0.40724,0.392544,0.397353,0,0
DVL_PB,D,20171211,000000,0.402297,0.40724,0.397353,0.397353,0,0
DVL_PB,D,20171212,000000,0.397353,0.402297,0.397353,0.402297,0,0
DVL_PB,D,20171213,000000,0.402297,0.402297,0.397353,0.402297,0,0
DVL_PB,D,20171214,000000,0.402297,0.416994,0.402297,0.416994,0,0
DVL_PB,D,20171215,000000,0.416994,0.426881,0.412117,0.426881,0,0
DVL_PB,D,20171218,000000,0.426881,0.426881,0.421869,0.421869,0,0
DVL_PB,D,20171219,000000,0.421869,0.426881,0.416994,0.416994,0,0
DVL_PB,D,20171220,000000,0.421869,0.421869,0.421869,0.421869,0,0
DVL_PB,D,20171221,000000,0.421869,0.426881,0.416994,0.421869,0,0
DVL_PB,D,20171222,000000,0.421869,0.421869,0.421869,0.421869,0,0
DVL_PB,D,20171227,000000,0.421869,0.426881,0.416994,0.416994,0,0
DVL_PB,D,20171228,000000,0.416994,0.416994,0.402297,0.412117,0,0
DVL_PB,D,20171229,000000,0.412117,0.412117,0.40724,0.412117,0,0
DVL_PB,D,20180103,000000,0.412117,0.412117,0.40724,0.412117,0,0
DVL_PB,D,20180104,000000,0.412117,0.412117,0.40724,0.412117,0,0
DVL_PB,D,20180105,000000,0.412117,0.412117,0.40724,0.412117,0,0
DVL_PB,D,20180108,000000,0.40724,0.412117,0.40724,0.412117,0,0
DVL_PB,D,20180109,000000,0.416994,0.446455,0.416994,0.446455,0,0
DVL_PB,D,20180110,000000,0.446455,0.451331,0.441646,0.446455,0,0
DVL_PB,D,20180111,000000,0.446455,0.446455,0.436634,0.446455,0,0
DVL_PB,D,20180112,000000,0.446455,0.446455,0.441646,0.441646,0,0
DVL_PB,D,20180115,000000,0.441646,0.446455,0.441646,0.441646,0,0
DVL_PB,D,20180116,000000,0.446455,0.446455,0.431758,0.436634,0,0
DVL_PB,D,20180117,000000,0.436634,0.441646,0.431758,0.431758,0,0
DVL_PB,D,20180118,000000,0.431758,0.446455,0.431758,0.446455,0,0
DVL_PB,D,20180119,000000,0.446455,0.466028,0.446455,0.461151,0,0
DVL_PB,D,20180122,000000,0.466028,0.466028,0.446455,0.446455,0,0
DVL_PB,D,20180123,000000,0.446455,0.466028,0.446455,0.461151,0,0
DVL_PB,D,20180124,000000,0.461151,0.461151,0.456275,0.461151,0,0
DVL_PB,D,20180125,000000,0.461151,0.475916,0.461151,0.475916,0,0
DVL_PB,D,20180126,000000,0.475916,0.475916,0.466028,0.466028,0,0
DVL_PB,D,20180129,000000,0.466028,0.470971,0.466028,0.466028,0,0
DVL_PB,D,20180130,000000,0.466028,0.470971,0.461151,0.466028,0,0
DVL_PB,D,20180131,000000,0.466028,0.470971,0.466028,0.470971,0,0
DVL_PB,D,20180201,000000,0.470971,0.470971,0.461151,0.466028,0,0
DVL_PB,D,20180202,000000,0.461151,0.470971,0.461151,0.470971,0,0
DVL_PB,D,20180205,000000,0.466028,0.470971,0.461151,0.470971,0,0
DVL_PB,D,20180206,000000,0.446455,0.451331,0.441646,0.446455,0,0
DVL_PB,D,20180207,000000,0.456275,0.456275,0.441646,0.446455,0,0
DVL_PB,D,20180208,000000,0.446455,0.451331,0.446455,0.446455,0,0
DVL_PB,D,20180209,000000,0.446455,0.446455,0.431758,0.441646,0,0
DVL_PB,D,20180212,000000,0.441646,0.446455,0.441646,0.446455,0,0
DVL_PB,D,20180213,000000,0.451331,0.451331,0.446455,0.446455,0,0
DVL_PB,D,20180214,000000,0.456275,0.456275,0.446455,0.446455,0,0
DVL_PB,D,20180215,000000,0.446455,0.451331,0.441646,0.441646,0,0
DVL_PB,D,20180216,000000,0.436634,0.446455,0.431758,0.431758,0,0
DVL_PB,D,20180219,000000,0.426881,0.431758,0.416994,0.416994,0,0
DVL_PB,D,20180220,000000,0.416994,0.426881,0.416994,0.426881,0,0
DVL_PB,D,20180221,000000,0.426881,0.426881,0.416994,0.426881,0,0
DVL_PB,D,20180222,000000,0.421869,0.421869,0.412117,0.421869,0,0
DVL_PB,D,20180223,000000,0.421869,0.431758,0.421869,0.426881,0,0
DVL_PB,D,20180226,000000,0.431758,0.431758,0.416994,0.416994,0,0
DVL_PB,D,20180227,000000,0.416994,0.416994,0.40724,0.412117,0,0
DVL_PB,D,20180228,000000,0.40724,0.412117,0.402297,0.412117,0,0
DVL_PB,D,20180301,000000,0.412117,0.416994,0.402297,0.416994,0,0
DVL_PB,D,20180302,000000,0.416994,0.421869,0.416994,0.416994,0,0
DVL_PB,D,20180305,000000,0.416994,0.416994,0.40724,0.416994,0,0
DVL_PB,D,20180306,000000,0.412117,0.416994,0.412117,0.416994,0,0
DVL_PB,D,20180307,000000,0.416994,0.426881,0.416994,0.426881,0,0
DVL_PB,D,20180308,000000,0.416994,0.426881,0.416994,0.426881,0,0
DVL_PB,D,20180309,000000,0.426881,0.426881,0.416994,0.416994,0,0
DVL_PB,D,20180312,000000,0.416994,0.426881,0.416994,0.416994,0,0
DVL_PB,D,20180313,000000,0.426881,0.426881,0.421869,0.426881,0,0
DVL_PB,D,20180314,000000,0.421869,0.421869,0.416994,0.421869,0,0
DVL_PB,D,20180315,000000,0.421869,0.421869,0.412117,0.412117,0,0
DVL_PB,D,20180316,000000,0.412117,0.421869,0.412117,0.416994,0,0
DVL_PB,D,20180319,000000,0.416994,0.416994,0.412117,0.416994,0,0
DVL_PB,D,20180320,000000,0.412117,0.416994,0.412117,0.412117,0,0
DVL_PB,D,20180321,000000,0.421869,0.426881,0.412117,0.426881,0,0
DVL_PB,D,20180322,000000,0.426881,0.426881,0.416994,0.416994,0,0
DVL_PB,D,20180323,000000,0.412117,0.416994,0.40724,0.416994,0,0
DVL_PB,D,20180326,000000,0.416994,0.421869,0.416994,0.416994,0,0
DVL_PB,D,20180327,000000,0.416994,0.426881,0.412117,0.412117,0,0
DVL_PB,D,20180328,000000,0.412117,0.416994,0.40724,0.416994,0,0
DVL_PB,D,20180329,000000,0.416994,0.416994,0.40724,0.416994,0,0
DVL_PB,D,20180403,000000,0.40724,0.412117,0.40724,0.40724,0,0
DVL_PB,D,20180404,000000,0.416994,0.416994,0.402297,0.402297,0,0
DVL_PB,D,20180405,000000,0.40724,0.40724,0.402297,0.40724,0,0
DVL_PB,D,20180406,000000,0.40724,0.412117,0.40724,0.40724,0,0
DVL_PB,D,20180409,000000,0.40724,0.416994,0.40724,0.40724,0,0
DVL_PB,D,20180410,000000,0.40724,0.40724,0.402297,0.40724,0,0
DVL_PB,D,20180411,000000,0.412117,0.412117,0.40724,0.40724,0,0
DVL_PB,D,20180412,000000,0.402297,0.40724,0.402297,0.40724,0,0
DVL_PB,D,20180413,000000,0.402297,0.40724,0.402297,0.402297,0,0
DVL_PB,D,20180416,000000,0.392544,0.40724,0.392544,0.40724,0,0
DVL_PB,D,20180417,000000,0.40724,0.40724,0.402297,0.402297,0,0
DVL_PB,D,20180418,000000,0.402297,0.40724,0.397353,0.40724,0,0
DVL_PB,D,20180419,000000,0.402297,0.40724,0.402297,0.40724,0,0
DVL_PB,D,20180420,000000,0.40724,0.412117,0.40724,0.40724,0,0
DVL_PB,D,20180423,000000,0.40724,0.412117,0.40724,0.412117,0,0
DVL_PB,D,20180424,000000,0.412117,0.416994,0.412117,0.416994,0,0
DVL_PB,D,20180425,000000,0.416994,0.416994,0.40724,0.40724,0,0
DVL_PB,D,20180426,000000,0.40724,0.416994,0.40724,0.416994,0,0
DVL_PB,D,20180427,000000,0.416994,0.416994,0.412117,0.416994,0,0
DVL_PB,D,20180430,000000,0.416994,0.421869,0.412117,0.416994,0,0
DVL_PB,D,20180502,000000,0.416994,0.421869,0.416994,0.416994,0,0
DVL_PB,D,20180504,000000,0.416994,0.416994,0.40724,0.412117,0,0
DVL_PB,D,20180507,000000,0.412117,0.416994,0.40724,0.416994,0,0
DVL_PB,D,20180508,000000,0.416994,0.416994,0.40724,0.40724,0,0
DVL_PB,D,20180509,000000,0.40724,0.40724,0.402297,0.40724,0,0
DVL_PB,D,20180510,000000,0.40724,0.40724,0.40724,0.40724,0,0
DVL_PB,D,20180511,000000,0.40724,0.416994,0.40724,0.416994,0,0
DVL_PB,D,20180514,000000,0.416994,0.421869,0.412117,0.412117,0,0
DVL_PB,D,20180515,000000,0.412117,0.416994,0.412117,0.416994,0,0
DVL_PB,D,20180516,000000,0.421869,0.446455,0.412117,0.412117,0,0
DVL_PB,D,20180517,000000,0.412117,0.416994,0.40724,0.416994,0,0
DVL_PB,D,20180518,000000,0.416994,0.416994,0.412117,0.412117,0,0
DVL_PB,D,20180521,000000,0.412117,0.412117,0.412117,0.412117,0,0
DVL_PB,D,20180522,000000,0.412117,0.412117,0.402297,0.402297,0,0
DVL_PB,D,20180523,000000,0.402297,0.402297,0.3876,0.397353,0,0
DVL_PB,D,20180524,000000,0.397353,0.397353,0.392544,0.397353,0,0
DVL_PB,D,20180525,000000,0.397353,0.397353,0.392544,0.397353,0,0
DVL_PB,D,20180528,000000,0.397353,0.397353,0.392544,0.397353,0,0
DVL_PB,D,20180529,000000,0.397353,0.397353,0.3876,0.397353,0,0
DVL_PB,D,20180530,000000,0.392544,0.397353,0.3876,0.392544,0,0
DVL_PB,D,20180601,000000,0.3876,0.392544,0.3876,0.392544,0,0
DVL_PB,D,20180604,000000,0.3876,0.392544,0.3876,0.3876,0,0
DVL_PB,D,20180605,000000,0.382655,0.392544,0.382655,0.392544,0,0
DVL_PB,D,20180606,000000,0.392544,0.392544,0.3876,0.3876,0,0
DVL_PB,D,20180607,000000,0.3876,0.392544,0.3876,0.392544,0,0
DVL_PB,D,20180608,000000,0.3876,0.3876,0.382655,0.3876,0,0
DVL_PB,D,20180611,000000,0.3876,0.3876,0.3876,0.3876,0,0
DVL_PB,D,20180612,000000,0.3876,0.392544,0.3876,0.3876,0,0
DVL_PB,D,20180613,000000,0.3876,0.3876,0.3876,0.3876,0,0
DVL_PB,D,20180614,000000,0.3876,0.3876,0.382655,0.382655,0,0
DVL_PB,D,20180615,000000,0.382655,0.382655,0.372903,0.372903,0,0
DVL_PB,D,20180618,000000,0.372903,0.372903,0.348318,0.348318,0,0
DVL_PB,D,20180619,000000,0.343509,0.353195,0.338532,0.348318,0,0
DVL_PB,D,20180620,000000,0.338532,0.358206,0.338532,0.353195,0,0
DVL_PB,D,20180621,000000,0.353195,0.353195,0.338532,0.343509,0,0
DVL_PB,D,20180622,000000,0.343509,0.363083,0.343509,0.353195,0,0
DVL_PB,D,20180625,000000,0.353195,0.353195,0.333582,0.333582,0,0
DVL_PB,D,20180626,000000,0.338532,0.338532,0.328766,0.333582,0,0
DVL_PB,D,20180627,000000,0.333582,0.348318,0.328766,0.338532,0,0
DVL_PB,D,20180628,000000,0.353195,0.353195,0.338532,0.353195,0,0
DVL_PB,D,20180629,000000,0.353195,0.358206,0.348318,0.353195,0,0
DVL_PB,D,20180702,000000,0.353195,0.353195,0.348318,0.353195,0,0
DVL_PB,D,20180703,000000,0.358206,0.372903,0.353195,0.367892,0,0
DVL_PB,D,20180704,000000,0.372903,0.37778,0.367892,0.37778,0,0
DVL_PB,D,20180705,000000,0.37778,0.37778,0.367892,0.367892,0,0
DVL_PB,D,20180706,000000,0.372903,0.372903,0.358206,0.358206,0,0
DVL_PB,D,20180709,000000,0.363083,0.363083,0.353195,0.363083,0,0
DVL_PB,D,20180710,000000,0.358206,0.363083,0.358206,0.358206,0,0
DVL_PB,D,20180711,000000,0.358206,0.358206,0.343509,0.348318,0,0
DVL_PB,D,20180712,000000,0.348318,0.353195,0.343509,0.343509,0,0
DVL_PB,D,20180713,000000,0.343509,0.358206,0.343509,0.358206,0,0
DVL_PB,D,20180716,000000,0.363083,0.363083,0.353195,0.358206,0,0
DVL_PB,D,20180717,000000,0.358206,0.358206,0.353195,0.353195,0,0
DVL_PB,D,20180718,000000,0.353195,0.358206,0.353195,0.353195,0,0
DVL_PB,D,20180719,000000,0.353195,0.353195,0.348318,0.353195,0,0
DVL_PB,D,20180720,000000,0.353195,0.369517,0.353195,0.364099,0,0
DVL_PB,D,20180723,000000,0.369517,0.369517,0.353195,0.353195,0,0
DVL_PB,D,20180724,000000,0.347709,0.364099,0.347709,0.35868,0,0
DVL_PB,D,20180725,000000,0.35868,0.364099,0.35868,0.364099,0,0
DVL_PB,D,20180726,000000,0.369517,0.375003,0.364099,0.375003,0,0
DVL_PB,D,20180727,000000,0.375003,0.375003,0.369517,0.375003,0,0
DVL_PB,D,20180730,000000,0.375003,0.375003,0.369517,0.375003,0,0
DVL_PB,D,20180731,000000,0.375003,0.391257,0.369517,0.391257,0,0
DVL_PB,D,20180801,000000,0.385771,0.391257,0.375003,0.391257,0,0
DVL_PB,D,20180802,000000,0.385771,0.385771,0.375003,0.380421,0,0
DVL_PB,D,20180803,000000,0.375003,0.375003,0.369517,0.375003,0,0
DVL_PB,D,20180806,000000,0.375003,0.375003,0.364099,0.364099,0,0
DVL_PB,D,20180807,000000,0.364099,0.375003,0.364099,0.375003,0,0
DVL_PB,D,20180808,000000,0.375003,0.385771,0.375003,0.385771,0,0
DVL_PB,D,20180809,000000,0.380421,0.385771,0.380421,0.385771,0,0
DVL_PB,D,20180810,000000,0.385771,0.385771,0.375003,0.380421,0,0
DVL_PB,D,20180813,000000,0.380421,0.380421,0.375003,0.375003,0,0
DVL_PB,D,20180814,000000,0.380421,0.380421,0.375003,0.380421,0,0
DVL_PB,D,20180816,000000,0.375003,0.380421,0.375003,0.375003,0,0
DVL_PB,D,20180817,000000,0.380421,0.380421,0.375003,0.380421,0,0
DVL_PB,D,20180820,000000,0.380421,0.380421,0.369517,0.369517,0,0
DVL_PB,D,20180821,000000,0.364099,0.375003,0.364099,0.369517,0,0
DVL_PB,D,20180822,000000,0.369517,0.380421,0.364099,0.380421,0,0
DVL_PB,D,20180823,000000,0.375003,0.380421,0.375003,0.375003,0,0
DVL_PB,D,20180824,000000,0.380421,0.380421,0.375003,0.380421,0,0
DVL_PB,D,20180827,000000,0.380421,0.380421,0.375003,0.375003,0,0
DVL_PB,D,20180828,000000,0.375003,0.375003,0.375003,0.375003,0,0
DVL_PB,D,20180829,000000,0.375003,0.375003,0.369517,0.369517,0,0
DVL_PB,D,20180830,000000,0.369517,0.375003,0.369517,0.369517,0,0
DVL_PB,D,20180831,000000,0.364099,0.364099,0.342359,0.35868,0,0
DVL_PB,D,20180903,000000,0.35868,0.364099,0.347709,0.347709,0,0
DVL_PB,D,20180904,000000,0.347709,0.347709,0.326064,0.331461,0,0
DVL_PB,D,20180905,000000,0.331461,0.347709,0.331461,0.336927,0,0
DVL_PB,D,20180906,000000,0.336927,0.347709,0.336927,0.342359,0,0
DVL_PB,D,20180907,000000,0.347709,0.35868,0.342359,0.35868,0,0
DVL_PB,D,20180910,000000,0.35868,0.369517,0.35868,0.364099,0,0
DVL_PB,D,20180911,000000,0.364099,0.369517,0.364099,0.364099,0,0
DVL_PB,D,20180912,000000,0.369517,0.375003,0.364099,0.375003,0,0
DVL_PB,D,20180913,000000,0.375003,0.385771,0.369517,0.385771,0,0
DVL_PB,D,20180914,000000,0.380421,0.391257,0.380421,0.391257,0,0
DVL_PB,D,20180917,000000,0.385771,0.391257,0.380421,0.385771,0,0
DVL_PB,D,20180918,000000,0.385771,0.385771,0.380421,0.385771,0,0
DVL_PB,D,20180919,000000,0.380421,0.391257,0.380421,0.391257,0,0
DVL_PB,D,20180920,000000,0.391257,0.412998,0.391257,0.407579,0,0
DVL_PB,D,20180921,000000,0.402093,0.402093,0.396676,0.402093,0,0
DVL_PB,D,20180924,000000,0.402093,0.412998,0.391257,0.412998,0,0
DVL_PB,D,20180925,000000,0.412998,0.412998,0.407579,0.407579,0,0
DVL_PB,D,20180926,000000,0.402093,0.407579,0.402093,0.402093,0,0
DVL_PB,D,20180927,000000,0.402093,0.412998,0.402093,0.412998,0,0
DVL_PB,D,20180928,000000,0.412998,0.412998,0.402093,0.407579,0,0
DVL_PB,D,20181001,000000,0.402093,0.412998,0.402093,0.407579,0,0
DVL_PB,D,20181002,000000,0.407579,0.407579,0.402093,0.407579,0,0
DVL_PB,D,20181003,000000,0.407579,0.407579,0.396676,0.402093,0,0
DVL_PB,D,20181004,000000,0.402093,0.407579,0.402093,0.407579,0,0
DVL_PB,D,20181005,000000,0.407579,0.407579,0.402093,0.407579,0,0
DVL_PB,D,20181008,000000,0.402093,0.407579,0.402093,0.407579,0,0
DVL_PB,D,20181009,000000,0.407579,0.407579,0.402093,0.402093,0,0
DVL_PB,D,20181010,000000,0.402093,0.407579,0.385771,0.385771,0,0
DVL_PB,D,20181011,000000,0.380421,0.407579,0.380421,0.407579,0,0
DVL_PB,D,20181012,000000,0.407579,0.423834,0.407579,0.418415,0,0
DVL_PB,D,20181015,000000,0.423834,0.423834,0.412998,0.423834,0,0
DVL_PB,D,20181016,000000,0.418415,0.423834,0.418415,0.423834,0,0
DVL_PB,D,20181017,000000,0.423834,0.423834,0.418415,0.423834,0,0
DVL_PB,D,20181018,000000,0.423834,0.423834,0.418415,0.418415,0,0
DVL_PB,D,20181019,000000,0.412998,0.412998,0.385771,0.385771,0,0
DVL_PB,D,20181022,000000,0.391257,0.402093,0.391257,0.402093,0,0
DVL_PB,D,20181023,000000,0.402093,0.402093,0.380421,0.380421,0,0
DVL_PB,D,20181024,000000,0.396676,0.396676,0.385771,0.385771,0,0
DVL_PB,D,20181025,000000,0.385771,0.385771,0.375003,0.385771,0,0
DVL_PB,D,20181026,000000,0.380421,0.396676,0.380421,0.391257,0,0
DVL_PB,D,20181029,000000,0.385771,0.402093,0.385771,0.402093,0,0
DVL_PB,D,20181030,000000,0.402093,0.402093,0.391257,0.396676,0,0
DVL_PB,D,20181031,000000,0.402093,0.402093,0.385771,0.391257,0,0
DVL_PB,D,20181102,000000,0.440156,0.456478,0.440156,0.445642,0,0
DVL_PB,D,20181105,000000,0.445642,0.456478,0.445642,0.45106,0,0
DVL_PB,D,20181106,000000,0.445642,0.445642,0.440156,0.440156,0,0
DVL_PB,D,20181107,000000,0.440156,0.440156,0.423834,0.423834,0,0
DVL_PB,D,20181108,000000,0.423834,0.445642,0.423834,0.440156,0,0
DVL_PB,D,20181109,000000,0.440156,0.440156,0.434737,0.440156,0,0
DVL_PB,D,20181113,000000,0.440156,0.440156,0.434737,0.440156,0,0
DVL_PB,D,20181114,000000,0.440156,0.440156,0.42932,0.434737,0,0
DVL_PB,D,20181115,000000,0.42932,0.434737,0.423834,0.434737,0,0
DVL_PB,D,20181116,000000,0.42932,0.434737,0.423834,0.42932,0,0
DVL_PB,D,20181119,000000,0.423834,0.42932,0.412998,0.418415,0,0
DVL_PB,D,20181120,000000,0.418415,0.418415,0.402093,0.407579,0,0
DVL_PB,D,20181121,000000,0.402093,0.418415,0.402093,0.412998,0,0
DVL_PB,D,20181122,000000,0.418415,0.42932,0.412998,0.423834,0,0
DVL_PB,D,20181123,000000,0.418415,0.434737,0.418415,0.42932,0,0
DVL_PB,D,20181126,000000,0.440156,0.445642,0.434737,0.445642,0,0
DVL_PB,D,20181127,000000,0.445642,0.445642,0.42932,0.440156,0,0
DVL_PB,D,20181128,000000,0.440156,0.445642,0.434737,0.440156,0,0
DVL_PB,D,20181129,000000,0.440156,0.445642,0.440156,0.440156,0,0
DVL_PB,D,20181130,000000,0.434737,0.45106,0.434737,0.440156,0,0
DVL_PB,D,20181203,000000,0.445642,0.45106,0.440156,0.445642,0,0
DVL_PB,D,20181204,000000,0.407579,0.418415,0.407579,0.418415,0,0
DVL_PB,D,20181205,000000,0.418415,0.423834,0.412998,0.418415,0,0
DVL_PB,D,20181206,000000,0.412998,0.412998,0.402093,0.402093,0,0
DVL_PB,D,20181207,000000,0.402093,0.407579,0.402093,0.402093,0,0
DVL_PB,D,20181210,000000,0.402093,0.402093,0.391257,0.396676,0,0
DVL_PB,D,20181211,000000,0.396676,0.396676,0.385771,0.385771,0,0
DVL_PB,D,20181212,000000,0.396676,0.407579,0.385771,0.407579,0,0
DVL_PB,D,20181213,000000,0.407579,0.407579,0.402093,0.402093,0,0
DVL_PB,D,20181214,000000,0.402093,0.402093,0.391257,0.391257,0,0
DVL_PB,D,20181217,000000,0.402093,0.402093,0.385771,0.385771,0,0
DVL_PB,D,20181218,000000,0.396676,0.396676,0.375003,0.375003,0,0
DVL_PB,D,20181219,000000,0.375003,0.385771,0.375003,0.385771,0,0
DVL_PB,D,20181220,000000,0.385771,0.391257,0.385771,0.391257,0,0
DVL_PB,D,20181221,000000,0.385771,0.391257,0.380421,0.380421,0,0
DVL_PB,D,20181227,000000,0.391257,0.391257,0.380421,0.380421,0,0
DVL_PB,D,20181228,000000,0.385771,0.402093,0.385771,0.402093,0,0
DVL_PB,D,20190102,000000,0.402093,0.402093,0.385771,0.391257,0,0
DVL_PB,D,20190103,000000,0.396676,0.396676,0.385771,0.385771,0,0
DVL_PB,D,20190104,000000,0.391257,0.391257,0.385771,0.385771,0,0
DVL_PB,D,20190107,000000,0.385771,0.391257,0.385771,0.391257,0,0
DVL_PB,D,20190108,000000,0.391257,0.402093,0.391257,0.402093,0,0
DVL_PB,D,20190109,000000,0.402093,0.407579,0.402093,0.407579,0,0
DVL_PB,D,20190110,000000,0.402093,0.402093,0.391257,0.396676,0,0
DVL_PB,D,20190111,000000,0.402093,0.402093,0.391257,0.391257,0,0
DVL_PB,D,20190114,000000,0.391257,0.396676,0.385771,0.385771,0,0
DVL_PB,D,20190115,000000,0.385771,0.391257,0.380421,0.380421,0,0
DVL_PB,D,20190116,000000,0.385771,0.396676,0.385771,0.391257,0,0
DVL_PB,D,20190117,000000,0.396676,0.396676,0.385771,0.391257,0,0
DVL_PB,D,20190118,000000,0.391257,0.396676,0.391257,0.396676,0,0
DVL_PB,D,20190121,000000,0.396676,0.396676,0.391257,0.391257,0,0
DVL_PB,D,20190122,000000,0.391257,0.396676,0.385771,0.391257,0,0
DVL_PB,D,20190123,000000,0.391257,0.391257,0.385771,0.391257,0,0
DVL_PB,D,20190124,000000,0.391257,0.396676,0.385771,0.396676,0,0
DVL_PB,D,20190125,000000,0.396676,0.396676,0.391257,0.396676,0,0
DVL_PB,D,20190128,000000,0.396676,0.396676,0.391257,0.391257,0,0
DVL_PB,D,20190129,000000,0.396676,0.396676,0.391257,0.391257,0,0
DVL_PB,D,20190130,000000,0.396676,0.396676,0.391257,0.396676,0,0
DVL_PB,D,20190131,000000,0.396676,0.402093,0.391257,0.391257,0,0
DVL_PB,D,20190201,000000,0.402093,0.402093,0.396676,0.402093,0,0
DVL_PB,D,20190204,000000,0.407579,0.418415,0.402093,0.418415,0,0
DVL_PB,D,20190205,000000,0.418415,0.418415,0.412998,0.418415,0,0
DVL_PB,D,20190206,000000,0.412998,0.418415,0.412998,0.418415,0,0
DVL_PB,D,20190207,000000,0.418415,0.418415,0.412998,0.412998,0,0
DVL_PB,D,20190208,000000,0.412998,0.418415,0.407579,0.418415,0,0
DVL_PB,D,20190211,000000,0.418415,0.423834,0.418415,0.423834,0,0
DVL_PB,D,20190212,000000,0.42932,0.42932,0.412998,0.418415,0,0
DVL_PB,D,20190213,000000,0.412998,0.418415,0.412998,0.418415,0,0
DVL_PB,D,20190214,000000,0.418415,0.418415,0.412998,0.412998,0,0
DVL_PB,D,20190215,000000,0.418415,0.418415,0.402093,0.412998,0,0
DVL_PB,D,20190218,000000,0.418415,0.418415,0.402093,0.407579,0,0
DVL_PB,D,20190219,000000,0.407579,0.418415,0.402093,0.418415,0,0
DVL_PB,D,20190220,000000,0.418415,0.418415,0.412998,0.418415,0,0
DVL_PB,D,20190221,000000,0.412998,0.423834,0.407579,0.423834,0,0
DVL_PB,D,20190222,000000,0.423834,0.423834,0.407579,0.407579,0,0
DVL_PB,D,20190225,000000,0.407579,0.418415,0.407579,0.412998,0,0
DVL_PB,D,20190226,000000,0.407579,0.423834,0.407579,0.423834,0,0
DVL_PB,D,20190227,000000,0.423834,0.440156,0.423834,0.423834,0,0
DVL_PB,D,20190228,000000,0.42932,0.42932,0.418415,0.418415,0,0
DVL_PB,D,20190301,000000,0.418415,0.42932,0.418415,0.42932,0,0
DVL_PB,D,20190304,000000,0.42932,0.42932,0.418415,0.418415,0,0
DVL_PB,D,20190305,000000,0.418415,0.418415,0.407579,0.412998,0,0
DVL_PB,D,20190306,000000,0.407579,0.412998,0.402093,0.407579,0,0
DVL_PB,D,20190307,000000,0.402093,0.407579,0.402093,0.407579,0,0
DVL_PB,D,20190308,000000,0.402093,0.412998,0.402093,0.412998,0,0
DVL_PB,D,20190311,000000,0.407579,0.418415,0.407579,0.412998,0,0
DVL_PB,D,20190312,000000,0.412998,0.418415,0.412998,0.418415,0,0
DVL_PB,D,20190313,000000,0.412998,0.423834,0.412998,0.423834,0,0
DVL_PB,D,20190314,000000,0.418415,0.42932,0.418415,0.42932,0,0
DVL_PB,D,20190315,000000,0.418415,0.434737,0.418415,0.434737,0,0
DVL_PB,D,20190318,000000,0.42932,0.434737,0.418415,0.418415,0,0
DVL_PB,D,20190319,000000,0.418415,0.423834,0.418415,0.423834,0,0
DVL_PB,D,20190320,000000,0.423834,0.42932,0.423834,0.42932,0,0
DVL_PB,D,20190321,000000,0.423834,0.445642,0.423834,0.440156,0,0
DVL_PB,D,20190322,000000,0.440156,0.440156,0.434737,0.434737,0,0
DVL_PB,D,20190325,000000,0.434737,0.434737,0.42932,0.42932,0,0
DVL_PB,D,20190326,000000,0.42932,0.42932,0.42932,0.42932,0,0
DVL_PB,D,20190327,000000,0.42932,0.42932,0.412998,0.418415,0,0
DVL_PB,D,20190328,000000,0.423834,0.423834,0.418415,0.423834,0,0
DVL_PB,D,20190329,000000,0.418415,0.440156,0.407579,0.440156,0,0
DVL_PB,D,20190401,000000,0.434737,0.434737,0.423834,0.42932,0,0
DVL_PB,D,20190402,000000,0.423834,0.42932,0.423834,0.42932,0,0
DVL_PB,D,20190403,000000,0.423834,0.434737,0.423834,0.42932,0,0
DVL_PB,D,20190404,000000,0.423834,0.42932,0.423834,0.423834,0,0
DVL_PB,D,20190405,000000,0.423834,0.423834,0.418415,0.418415,0,0
DVL_PB,D,20190408,000000,0.418415,0.418415,0.412998,0.418415,0,0
DVL_PB,D,20190409,000000,0.418415,0.42932,0.418415,0.42932,0,0
DVL_PB,D,20190410,000000,0.42932,0.42932,0.423834,0.42932,0,0
DVL_PB,D,20190411,000000,0.445642,0.445642,0.418415,0.418415,0,0
DVL_PB,D,20190412,000000,0.423834,0.423834,0.412998,0.412998,0,0
DVL_PB,D,20190415,000000,0.407579,0.412998,0.396676,0.396676,0,0
DVL_PB,D,20190416,000000,0.402093,0.402093,0.396676,0.402093,0,0
DVL_PB,D,20190417,000000,0.402093,0.402093,0.396676,0.396676,0,0
DVL_PB,D,20190418,000000,0.396676,0.412998,0.396676,0.407579,0,0
DVL_PB,D,20190423,000000,0.407579,0.407579,0.402093,0.402093,0,0
DVL_PB,D,20190424,000000,0.402093,0.412998,0.402093,0.407579,0,0
DVL_PB,D,20190425,000000,0.407579,0.412998,0.402093,0.402093,0,0
DVL_PB,D,20190426,000000,0.407579,0.412998,0.402093,0.412998,0,0
DVL_PB,D,20190429,000000,0.407579,0.412998,0.407579,0.412998,0,0
DVL_PB,D,20190430,000000,0.412998,0.412998,0.407579,0.412998,0,0
DVL_PB,D,20190502,000000,0.412998,0.412998,0.407579,0.407579,0,0
DVL_PB,D,20190506,000000,0.407579,0.412998,0.407579,0.407579,0,0
DVL_PB,D,20190507,000000,0.407579,0.407579,0.402093,0.402093,0,0
DVL_PB,D,20190508,000000,0.402093,0.407579,0.402093,0.402093,0,0
DVL_PB,D,20190509,000000,0.402093,0.407579,0.385771,0.407579,0,0
DVL_PB,D,20190510,000000,0.396676,0.402093,0.391257,0.396676,0,0
DVL_PB,D,20190513,000000,0.391257,0.391257,0.385771,0.391257,0,0
DVL_PB,D,20190514,000000,0.396676,0.407579,0.396676,0.402093,0,0
DVL_PB,D,20190515,000000,0.412998,0.412998,0.380421,0.380421,0,0
DVL_PB,D,20190516,000000,0.380421,0.391257,0.380421,0.385771,0,0
DVL_PB,D,20190517,000000,0.380421,0.385771,0.380421,0.385771,0,0
DVL_PB,D,20190520,000000,0.385771,0.385771,0.380421,0.385771,0,0
DVL_PB,D,20190521,000000,0.385771,0.385771,0.380421,0.385771,0,0
DVL_PB,D,20190522,000000,0.380421,0.385771,0.380421,0.385771,0,0
DVL_PB,D,20190523,000000,0.385771,0.385771,0.380421,0.380421,0,0
DVL_PB,D,20190524,000000,0.380421,0.385771,0.380421,0.385771,0,0
DVL_PB,D,20190527,000000,0.385771,0.385771,0.380421,0.385771,0,0
DVL_PB,D,20190528,000000,0.385771,0.385771,0.385771,0.385771,0,0
DVL_PB,D,20190529,000000,0.385771,0.385771,0.380421,0.380421,0,0
DVL_PB,D,20190530,000000,0.385771,0.385771,0.375003,0.380421,0,0
DVL_PB,D,20190531,000000,0.375003,0.380421,0.375003,0.380421,0,0
DVL_PB,D,20190603,000000,0.380421,0.380421,0.375003,0.375003,0,0
DVL_PB,D,20190604,000000,0.375003,0.380421,0.375003,0.380421,0,0
DVL_PB,D,20190605,000000,0.380421,0.380421,0.380421,0.380421,0,0
DVL_PB,D,20190606,000000,0.380421,0.385771,0.380421,0.385771,0,0
DVL_PB,D,20190607,000000,0.380421,0.385771,0.380421,0.385771,0,0
DVL_PB,D,20190610,000000,0.385771,0.385771,0.380421,0.380421,0,0
DVL_PB,D,20190611,000000,0.380421,0.385771,0.380421,0.385771,0,0
DVL_PB,D,20190612,000000,0.385771,0.385771,0.380421,0.385771,0,0
DVL_PB,D,20190613,000000,0.385771,0.396676,0.385771,0.396676,0,0
DVL_PB,D,20190614,000000,0.396676,0.402093,0.396676,0.402093,0,0
DVL_PB,D,20190617,000000,0.402093,0.407579,0.402093,0.407579,0,0
DVL_PB,D,20190618,000000,0.407579,0.407579,0.402093,0.402093,0,0
DVL_PB,D,20190619,000000,0.407579,0.407579,0.396676,0.402093,0,0
DVL_PB,D,20190621,000000,0.402093,0.407579,0.396676,0.402093,0,0
DVL_PB,D,20190624,000000,0.402093,0.402093,0.391257,0.396676,0,0
DVL_PB,D,20190625,000000,0.396676,0.396676,0.391257,0.396676,0,0
DVL_PB,D,20190626,000000,0.396676,0.396676,0.391257,0.396676,0,0
DVL_PB,D,20190627,000000,0.396676,0.402093,0.391257,0.402093,0,0
DVL_PB,D,20190628,000000,0.402093,0.402093,0.396676,0.402093,0,0
DVL_PB,D,20190701,000000,0.402093,0.402093,0.396676,0.396676,0,0
DVL_PB,D,20190702,000000,0.402093,0.402093,0.396676,0.396676,0,0
DVL_PB,D,20190703,000000,0.396676,0.412998,0.396676,0.407579,0,0
DVL_PB,D,20190704,000000,0.407579,0.407579,0.407579,0.407579,0,0
DVL_PB,D,20190705,000000,0.407579,0.412998,0.402093,0.402093,0,0
DVL_PB,D,20190708,000000,0.407579,0.412998,0.402093,0.407579,0,0
DVL_PB,D,20190709,000000,0.407579,0.407579,0.407579,0.407579,0,0
DVL_PB,D,20190710,000000,0.407579,0.412998,0.407579,0.412998,0,0
DVL_PB,D,20190711,000000,0.412998,0.418415,0.407579,0.407579,0,0
DVL_PB,D,20190712,000000,0.407579,0.412998,0.407579,0.412998,0,0
DVL_PB,D,20190715,000000,0.412998,0.412998,0.412998,0.412998,0,0
DVL_PB,D,20190716,000000,0.412998,0.412998,0.407579,0.412998,0,0
DVL_PB,D,20190717,000000,0.407579,0.423834,0.407579,0.418415,0,0
DVL_PB,D,20190718,000000,0.423834,0.423834,0.418415,0.418415,0,0
DVL_PB,D,20190719,000000,0.423834,0.423834,0.412998,0.418415,0,0
DVL_PB,D,20190722,000000,0.418415,0.418415,0.418415,0.418415,0,0
DVL_PB,D,20190723,000000,0.418415,0.418415,0.412998,0.418415,0,0
DVL_PB,D,20190724,000000,0.423834,0.423834,0.412998,0.418415,0,0
DVL_PB,D,20190725,000000,0.418415,0.418415,0.412998,0.418415,0,0
DVL_PB,D,20190726,000000,0.418415,0.418415,0.418415,0.418415,0,0
DVL_PB,D,20190729,000000,0.418415,0.418415,0.412998,0.418415,0,0
DVL_PB,D,20190730,000000,0.418415,0.418415,0.412998,0.418415,0,0
DVL_PB,D,20190731,000000,0.418415,0.423834,0.412998,0.418415,0,0
DVL_PB,D,20190801,000000,0.423834,0.423834,0.412998,0.418415,0,0
DVL_PB,D,20190802,000000,0.412998,0.423834,0.412998,0.418415,0,0
DVL_PB,D,20190805,000000,0.418415,0.418415,0.407579,0.407579,0,0
DVL_PB,D,20190806,000000,0.407579,0.412998,0.407579,0.412998,0,0
DVL_PB,D,20190807,000000,0.412998,0.412998,0.402093,0.407579,0,0
DVL_PB,D,20190808,000000,0.407579,0.407579,0.402093,0.407579,0,0
DVL_PB,D,20190809,000000,0.407579,0.407579,0.402093,0.407579,0,0
DVL_PB,D,20190812,000000,0.412998,0.412998,0.402093,0.402093,0,0
DVL_PB,D,20190813,000000,0.402093,0.407579,0.396676,0.402093,0,0
DVL_PB,D,20190814,000000,0.402093,0.407579,0.396676,0.396676,0,0
DVL_PB,D,20190816,000000,0.405885,0.405885,0.399859,0.405885,0,0
DVL_PB,D,20190819,000000,0.405885,0.405885,0.399859,0.405885,0,0
DVL_PB,D,20190820,000000,0.399859,0.405885,0.399859,0.399859,0,0
DVL_PB,D,20190821,000000,0.399859,0.399859,0.393831,0.393831,0,0
DVL_PB,D,20190822,000000,0.393831,0.399859,0.387735,0.387735,0,0
DVL_PB,D,20190823,000000,0.387735,0.387735,0.381641,0.387735,0,0
DVL_PB,D,20190826,000000,0.393831,0.393831,0.387735,0.387735,0,0
DVL_PB,D,20190827,000000,0.387735,0.387735,0.387735,0.387735,0,0
DVL_PB,D,20190828,000000,0.387735,0.387735,0.381641,0.387735,0,0
DVL_PB,D,20190829,000000,0.387735,0.399859,0.381641,0.399859,0,0
DVL_PB,D,20190830,000000,0.399859,0.399859,0.393831,0.399859,0,0
DVL_PB,D,20190902,000000,0.393831,0.393831,0.393831,0.393831,0,0
DVL_PB,D,20190903,000000,0.393831,0.399859,0.387735,0.387735,0,0
DVL_PB,D,20190904,000000,0.387735,0.393831,0.387735,0.387735,0,0
DVL_PB,D,20190905,000000,0.387735,0.418009,0.387735,0.418009,0,0
DVL_PB,D,20190906,000000,0.411982,0.411982,0.399859,0.405885,0,0
DVL_PB,D,20190909,000000,0.399859,0.418009,0.399859,0.418009,0,0
DVL_PB,D,20190910,000000,0.418009,0.418009,0.387735,0.387735,0,0
DVL_PB,D,20190911,000000,0.387735,0.418009,0.387735,0.418009,0,0
DVL_PB,D,20190912,000000,0.418009,0.424105,0.411982,0.411982,0,0
DVL_PB,D,20190913,000000,0.411982,0.418009,0.411982,0.418009,0,0
DVL_PB,D,20190916,000000,0.418009,0.424105,0.411982,0.411982,0,0
DVL_PB,D,20190917,000000,0.411982,0.411982,0.405885,0.411982,0,0
DVL_PB,D,20190918,000000,0.418009,0.418009,0.405885,0.411982,0,0
DVL_PB,D,20190919,000000,0.411982,0.424105,0.411982,0.424105,0,0
DVL_PB,D,20190920,000000,0.430132,0.430132,0.405885,0.405885,0,0
DVL_PB,D,20190923,000000,0.405885,0.418009,0.399859,0.405885,0,0
DVL_PB,D,20190924,000000,0.405885,0.436229,0.405885,0.436229,0,0
DVL_PB,D,20190925,000000,0.436229,0.436229,0.424105,0.424105,0,0
DVL_PB,D,20190926,000000,0.418009,0.424105,0.418009,0.418009,0,0
DVL_PB,D,20190927,000000,0.418009,0.424105,0.418009,0.418009,0,0
DVL_PB,D,20190930,000000,0.418009,0.424105,0.418009,0.424105,0,0
DVL_PB,D,20191001,000000,0.430132,0.430132,0.418009,0.418009,0,0
DVL_PB,D,20191002,000000,0.418009,0.418009,0.411982,0.411982,0,0
DVL_PB,D,20191003,000000,0.411982,0.418009,0.411982,0.418009,0,0
DVL_PB,D,20191004,000000,0.418009,0.418009,0.411982,0.418009,0,0
DVL_PB,D,20191007,000000,0.424105,0.424105,0.418009,0.424105,0,0
DVL_PB,D,20191008,000000,0.424105,0.430132,0.418009,0.430132,0,0
DVL_PB,D,20191009,000000,0.430132,0.430132,0.424105,0.424105,0,0
DVL_PB,D,20191010,000000,0.430132,0.430132,0.424105,0.430132,0,0
DVL_PB,D,20191011,000000,0.424105,0.424105,0.424105,0.424105,0,0
DVL_PB,D,20191014,000000,0.418009,0.424105,0.418009,0.424105,0,0
DVL_PB,D,20191015,000000,0.424105,0.424105,0.418009,0.418009,0,0
DVL_PB,D,20191016,000000,0.418009,0.418009,0.411982,0.418009,0,0
DVL_PB,D,20191017,000000,0.424105,0.424105,0.418009,0.418009,0,0
DVL_PB,D,20191018,000000,0.418009,0.418009,0.418009,0.418009,0,0
DVL_PB,D,20191021,000000,0.418009,0.418009,0.411982,0.418009,0,0
DVL_PB,D,20191022,000000,0.418009,0.418009,0.418009,0.418009,0,0
DVL_PB,D,20191023,000000,0.418009,0.430132,0.418009,0.430132,0,0
DVL_PB,D,20191024,000000,0.430132,0.436229,0.430132,0.436229,0,0
DVL_PB,D,20191025,000000,0.436229,0.448283,0.436229,0.448283,0,0
DVL_PB,D,20191028,000000,0.448283,0.454379,0.448283,0.454379,0,0
DVL_PB,D,20191029,000000,0.454379,0.454379,0.442255,0.448283,0,0
DVL_PB,D,20191030,000000,0.442255,0.460474,0.436229,0.442255,0,0
DVL_PB,D,20191031,000000,0.436229,0.448283,0.436229,0.442255,0,0
DVL_PB,D,20191104,000000,0.448283,0.454379,0.442255,0.454379,0,0
DVL_PB,D,20191105,000000,0.460474,0.460474,0.448283,0.448283,0,0
DVL_PB,D,20191106,000000,0.460474,0.460474,0.448283,0.448283,0,0
DVL_PB,D,20191107,000000,0.454379,0.454379,0.454379,0.454379,0,0
DVL_PB,D,20191108,000000,0.454379,0.454379,0.448283,0.454379,0,0
DVL_PB,D,20191112,000000,0.454379,0.454379,0.448283,0.448283,0,0
DVL_PB,D,20191113,000000,0.448283,0.454379,0.442255,0.448283,0,0
DVL_PB,D,20191114,000000,0.448283,0.454379,0.442255,0.442255,0,0
DVL_PB,D,20191115,000000,0.442255,0.448283,0.442255,0.448283,0,0
DVL_PB,D,20191118,000000,0.448283,0.448283,0.442255,0.442255,0,0
DVL_PB,D,20191119,000000,0.448283,0.454379,0.442255,0.454379,0,0
DVL_PB,D,20191120,000000,0.454379,0.460474,0.442255,0.448283,0,0
DVL_PB,D,20191121,000000,0.442255,0.454379,0.442255,0.448283,0,0
DVL_PB,D,20191122,000000,0.448283,0.454379,0.442255,0.448283,0,0
DVL_PB,D,20191125,000000,0.442255,0.448283,0.442255,0.448283,0,0
DVL_PB,D,20191126,000000,0.442255,0.448283,0.442255,0.448283,0,0
DVL_PB,D,20191127,000000,0.448283,0.448283,0.442255,0.442255,0,0
DVL_PB,D,20191128,000000,0.442255,0.448283,0.442255,0.448283,0,0
DVL_PB,D,20191129,000000,0.448283,0.448283,0.442255,0.442255,0,0
DVL_PB,D,20191202,000000,0.448283,0.448283,0.442255,0.448283,0,0
DVL_PB,D,20191203,000000,0.448283,0.448283,0.442255,0.448283,0,0
DVL_PB,D,20191204,000000,0.442255,0.454379,0.442255,0.448283,0,0
DVL_PB,D,20191205,000000,0.448283,0.454379,0.442255,0.448283,0,0
DVL_PB,D,20191206,000000,0.454379,0.454379,0.442255,0.442255,0,0
DVL_PB,D,20191209,000000,0.448283,0.448283,0.442255,0.442255,0,0
DVL_PB,D,20191210,000000,0.442255,0.448283,0.442255,0.442255,0,0
DVL_PB,D,20191211,000000,0.442255,0.448283,0.442255,0.448283,0,0
DVL_PB,D,20191212,000000,0.442255,0.448283,0.442255,0.442255,0,0
DVL_PB,D,20191213,000000,0.442255,0.448283,0.436229,0.442255,0,0
DVL_PB,D,20191216,000000,0.442255,0.442255,0.436229,0.436229,0,0
DVL_PB,D,20191217,000000,0.436229,0.448283,0.436229,0.436229,0,0
DVL_PB,D,20191218,000000,0.436229,0.442255,0.436229,0.442255,0,0
DVL_PB,D,20191219,000000,0.442255,0.448283,0.436229,0.442255,0,0
DVL_PB,D,20191220,000000,0.448283,0.448283,0.436229,0.442255,0,0
DVL_PB,D,20191223,000000,0.442255,0.442255,0.436229,0.442255,0,0
DVL_PB,D,20191227,000000,0.442255,0.460474,0.442255,0.460474,0,0
DVL_PB,D,20191230,000000,0.454379,0.460474,0.448283,0.448283,0,0
DVL_PB,D,20200102,000000,0.460474,0.460474,0.448283,0.460474,0,0
DVL_PB,D,20200103,000000,0.460474,0.460474,0.448283,0.448283,0,0
DVL_PB,D,20200107,000000,0.454379,0.460474,0.448283,0.460474,0,0
DVL_PB,D,20200108,000000,0.466501,0.472529,0.454379,0.460474,0,0
DVL_PB,D,20200109,000000,0.460474,0.472529,0.454379,0.466501,0,0
DVL_PB,D,20200110,000000,0.460474,0.472529,0.460474,0.472529,0,0
DVL_PB,D,20200113,000000,0.466501,0.472529,0.466501,0.472529,0,0
DVL_PB,D,20200114,000000,0.472529,0.472529,0.466501,0.472529,0,0
DVL_PB,D,20200115,000000,0.472529,0.472529,0.460474,0.460474,0,0
DVL_PB,D,20200116,000000,0.466501,0.472529,0.460474,0.466501,0,0
DVL_PB,D,20200117,000000,0.466501,0.472529,0.460474,0.472529,0,0
DVL_PB,D,20200120,000000,0.472529,0.472529,0.466501,0.472529,0,0
DVL_PB,D,20200121,000000,0.466501,0.472529,0.460474,0.460474,0,0
DVL_PB,D,20200122,000000,0.460474,0.466501,0.460474,0.460474,0,0
DVL_PB,D,20200123,000000,0.460474,0.472529,0.460474,0.460474,0,0
DVL_PB,D,20200124,000000,0.466501,0.472529,0.460474,0.466501,0,0
DVL_PB,D,20200127,000000,0.466501,0.466501,0.460474,0.460474,0,0
DVL_PB,D,20200128,000000,0.466501,0.472529,0.460474,0.472529,0,0
DVL_PB,D,20200129,000000,0.472529,0.478557,0.472529,0.478557,0,0
DVL_PB,D,20200130,000000,0.478557,0.478557,0.472529,0.472529,0,0
DVL_PB,D,20200131,000000,0.472529,0.48472,0.472529,0.48472,0,0
DVL_PB,D,20200203,000000,0.478557,0.48472,0.472529,0.48472,0,0
DVL_PB,D,20200204,000000,0.48472,0.490748,0.478557,0.490748,0,0
DVL_PB,D,20200205,000000,0.490748,0.502871,0.48472,0.502871,0,0
DVL_PB,D,20200206,000000,0.502871,0.502871,0.490748,0.496776,0,0
DVL_PB,D,20200207,000000,0.496776,0.502871,0.490748,0.490748,0,0
DVL_PB,D,20200210,000000,0.490748,0.496776,0.490748,0.490748,0,0
DVL_PB,D,20200211,000000,0.490748,0.502871,0.490748,0.502871,0,0
DVL_PB,D,20200212,000000,0.496776,0.496776,0.490748,0.496776,0,0
DVL_PB,D,20200213,000000,0.496776,0.496776,0.478557,0.490748,0,0
DVL_PB,D,20200214,000000,0.48472,0.490748,0.48472,0.490748,0,0
DVL_PB,D,20200217,000000,0.490748,0.496776,0.490748,0.490748,0,0
DVL_PB,D,20200218,000000,0.490748,0.490748,0.478557,0.478557,0,0
DVL_PB,D,20200219,000000,0.478557,0.48472,0.478557,0.48472,0,0
DVL_PB,D,20200220,000000,0.490748,0.496776,0.48472,0.490748,0,0
DVL_PB,D,20200221,000000,0.48472,0.490748,0.478557,0.48472,0,0
DVL_PB,D,20200224,000000,0.478557,0.478557,0.472529,0.472529,0,0
DVL_PB,D,20200225,000000,0.466501,0.472529,0.460474,0.466501,0,0
DVL_PB,D,20200226,000000,0.466501,0.472529,0.460474,0.472529,0,0
DVL_PB,D,20200227,000000,0.472529,0.472529,0.436229,0.448283,0,0
DVL_PB,D,20200228,000000,0.430132,0.466501,0.424105,0.448283,0,0
DVL_PB,D,20200302,000000,0.442255,0.460474,0.442255,0.454379,0,0
DVL_PB,D,20200303,000000,0.454379,0.478557,0.454379,0.472529,0,0
DVL_PB,D,20200304,000000,0.466501,0.472529,0.460474,0.466501,0,0
DVL_PB,D,20200305,000000,0.472529,0.472529,0.460474,0.460474,0,0
DVL_PB,D,20200306,000000,0.454379,0.48472,0.448283,0.478557,0,0
DVL_PB,D,20200309,000000,0.460474,0.460474,0.442255,0.448283,0,0
DVL_PB,D,20200310,000000,0.436229,0.448283,0.436229,0.442255,0,0
DVL_PB,D,20200311,000000,0.442255,0.448283,0.424105,0.424105,0,0
DVL_PB,D,20200312,000000,0.418009,0.418009,0.375612,0.393831,0,0
DVL_PB,D,20200313,000000,0.411982,0.411982,0.387735,0.399859,0,0
DVL_PB,D,20200316,000000,0.387735,0.387735,0.363557,0.369585,0,0
DVL_PB,D,20200317,000000,0.369585,0.381641,0.369585,0.375612,0,0
DVL_PB,D,20200318,000000,0.375612,0.381641,0.363557,0.363557,0,0
DVL_PB,D,20200319,000000,0.363557,0.375612,0.363557,0.375612,0,0
DVL_PB,D,20200320,000000,0.375612,0.375612,0.308983,0.327155,0,0
DVL_PB,D,20200323,000000,0.315037,0.315037,0.302928,0.308983,0,0
DVL_PB,D,20200324,000000,0.315037,0.315037,0.28475,0.296867,0,0
DVL_PB,D,20200325,000000,0.308983,0.321099,0.296867,0.315037,0,0
DVL_PB,D,20200326,000000,0.315037,0.327155,0.308983,0.327155,0,0
DVL_PB,D,20200327,000000,0.327155,0.339311,0.327155,0.327155,0,0
DVL_PB,D,20200330,000000,0.333195,0.333195,0.327155,0.333195,0,0
DVL_PB,D,20200331,000000,0.327155,0.345339,0.327155,0.345339,0,0
DVL_PB,D,20200401,000000,0.345339,0.345339,0.333195,0.339311,0,0
DVL_PB,D,20200402,000000,0.333195,0.339311,0.321099,0.321099,0,0
DVL_PB,D,20200403,000000,0.327155,0.333195,0.321099,0.327155,0,0
DVL_PB,D,20200406,000000,0.333195,0.339311,0.327155,0.339311,0,0
DVL_PB,D,20200407,000000,0.339311,0.351366,0.339311,0.345339,0,0
DVL_PB,D,20200408,000000,0.333195,0.357462,0.333195,0.351366,0,0
DVL_PB,D,20200409,000000,0.357462,0.357462,0.345339,0.357462,0,0
DVL_PB,D,20200414,000000,0.357462,0.387735,0.351366,0.387735,0,0
DVL_PB,D,20200415,000000,0.387735,0.387735,0.363557,0.369585,0,0
DVL_PB,D,20200416,000000,0.369585,0.375612,0.363557,0.375612,0,0
DVL_PB,D,20200417,000000,0.375612,0.387735,0.375612,0.387735,0,0
DVL_PB,D,20200420,000000,0.393831,0.405885,0.387735,0.387735,0,0
DVL_PB,D,20200421,000000,0.387735,0.393831,0.363557,0.363557,0,0
DVL_PB,D,20200422,000000,0.363557,0.369585,0.357462,0.363557,0,0
DVL_PB,D,20200423,000000,0.375612,0.375612,0.363557,0.363557,0,0
DVL_PB,D,20200424,000000,0.363557,0.363557,0.357462,0.363557,0,0
DVL_PB,D,20200427,000000,0.363557,0.369585,0.357462,0.357462,0,0
DVL_PB,D,20200428,000000,0.357462,0.375612,0.357462,0.357462,0,0
DVL_PB,D,20200429,000000,0.363557,0.369585,0.357462,0.363557,0,0
DVL_PB,D,20200430,000000,0.369585,0.375612,0.357462,0.357462,0,0
DVL_PB,D,20200504,000000,0.357462,0.363557,0.345339,0.351366,0,0
DVL_PB,D,20200505,000000,0.345339,0.363557,0.345339,0.357462,0,0
DVL_PB,D,20200506,000000,0.357462,0.363557,0.351366,0.357462,0,0
DVL_PB,D,20200507,000000,0.351366,0.375612,0.351366,0.369585,0,0
DVL_PB,D,20200508,000000,0.363557,0.375612,0.363557,0.363557,0,0
DVL_PB,D,20200511,000000,0.363557,0.363557,0.345339,0.351366,0,0
DVL_PB,D,20200512,000000,0.351366,0.357462,0.351366,0.357462,0,0
DVL_PB,D,20200513,000000,0.357462,0.357462,0.351366,0.351366,0,0
DVL_PB,D,20200514,000000,0.357462,0.363557,0.333195,0.333195,0,0
DVL_PB,D,20200515,000000,0.333195,0.333195,0.327155,0.327155,0,0
DVL_PB,D,20200518,000000,0.333195,0.333195,0.327155,0.327155,0,0
DVL_PB,D,20200519,000000,0.327155,0.333195,0.327155,0.327155,0,0
DVL_PB,D,20200520,000000,0.327155,0.327155,0.321099,0.321099,0,0
DVL_PB,D,20200521,000000,0.327155,0.327155,0.321099,0.327155,0,0
DVL_PB,D,20200522,000000,0.321099,0.327155,0.315037,0.321099,0,0
DVL_PB,D,20200525,000000,0.321099,0.321099,0.315037,0.315037,0,0
DVL_PB,D,20200526,000000,0.315037,0.315037,0.302928,0.308983,0,0
DVL_PB,D,20200527,000000,0.321099,0.333195,0.315037,0.321099,0,0
DVL_PB,D,20200528,000000,0.327155,0.327155,0.315037,0.315037,0,0
DVL_PB,D,20200529,000000,0.321099,0.339311,0.321099,0.339311,0,0
DVL_PB,D,20200601,000000,0.345339,0.375612,0.339311,0.375612,0,0
DVL_PB,D,20200602,000000,0.381641,0.393831,0.369585,0.381641,0,0
DVL_PB,D,20200603,000000,0.381641,0.381641,0.375612,0.381641,0,0
DVL_PB,D,20200604,000000,0.375612,0.381641,0.363557,0.369585,0,0
DVL_PB,D,20200605,000000,0.375612,0.381641,0.369585,0.381641,0,0
DVL_PB,D,20200608,000000,0.381641,0.381641,0.369585,0.375612,0,0
DVL_PB,D,20200609,000000,0.369585,0.369585,0.363557,0.363557,0,0
DVL_PB,D,20200610,000000,0.363557,0.369585,0.357462,0.357462,0,0
DVL_PB,D,20200612,000000,0.345339,0.357462,0.345339,0.345339,0,0
DVL_PB,D,20200615,000000,0.345339,0.345339,0.339311,0.339311,0,0
DVL_PB,D,20200616,000000,0.357462,0.357462,0.333195,0.345339,0,0
DVL_PB,D,20200617,000000,0.351366,0.351366,0.345339,0.345339,0,0
DVL_PB,D,20200618,000000,0.351366,0.351366,0.345339,0.351366,0,0
DVL_PB,D,20200619,000000,0.345339,0.345339,0.333195,0.345339,0,0
DVL_PB,D,20200622,000000,0.339311,0.345339,0.339311,0.345339,0,0
DVL_PB,D,20200623,000000,0.345339,0.357462,0.345339,0.351366,0,0
DVL_PB,D,20200624,000000,0.351366,0.357462,0.351366,0.351366,0,0
DVL_PB,D,20200625,000000,0.351366,0.351366,0.345339,0.345339,0,0
DVL_PB,D,20200626,000000,0.345339,0.345339,0.345339,0.345339,0,0
DVL_PB,D,20200629,000000,0.345339,0.345339,0.339311,0.345339,0,0
DVL_PB,D,20200630,000000,0.339311,0.345339,0.333195,0.333195,0,0
DVL_PB,D,20200701,000000,0.345339,0.351366,0.333195,0.345339,0,0
DVL_PB,D,20200702,000000,0.345339,0.357462,0.345339,0.357462,0,0
DVL_PB,D,20200703,000000,0.363557,0.363557,0.345339,0.357462,0,0
DVL_PB,D,20200706,000000,0.345339,0.363557,0.345339,0.357462,0,0
DVL_PB,D,20200707,000000,0.345339,0.357462,0.345339,0.345339,0,0
DVL_PB,D,20200708,000000,0.351366,0.351366,0.339311,0.345339,0,0
DVL_PB,D,20200709,000000,0.345339,0.351366,0.339311,0.345339,0,0
DVL_PB,D,20200710,000000,0.345339,0.351366,0.345339,0.345339,0,0
DVL_PB,D,20200713,000000,0.345339,0.351366,0.345339,0.345339,0,0
DVL_PB,D,20200714,000000,0.345339,0.345339,0.339311,0.345339,0,0
DVL_PB,D,20200715,000000,0.345339,0.345339,0.339311,0.345339,0,0
DVL_PB,D,20200716,000000,0.339311,0.339311,0.339311,0.339311,0,0
DVL_PB,D,20200717,000000,0.345339,0.345339,0.321099,0.339311,0,0
DVL_PB,D,20200720,000000,0.339311,0.339311,0.333195,0.333195,0,0
DVL_PB,D,20200721,000000,0.339311,0.345339,0.333195,0.339311,0,0
DVL_PB,D,20200722,000000,0.345339,0.351366,0.345339,0.345339,0,0
DVL_PB,D,20200723,000000,0.345339,0.345339,0.339311,0.339311,0,0
DVL_PB,D,20200724,000000,0.339311,0.345339,0.339311,0.339311,0,0
DVL_PB,D,20200727,000000,0.345339,0.345339,0.333195,0.333195,0,0
DVL_PB,D,20200728,000000,0.339311,0.339311,0.333195,0.339311,0,0
DVL_PB,D,20200729,000000,0.339311,0.339311,0.333195,0.339311,0,0
DVL_PB,D,20200730,000000,0.333195,0.333195,0.321099,0.321099,0,0
DVL_PB,D,20200731,000000,0.321099,0.339311,0.321099,0.333195,0,0
DVL_PB,D,20200803,000000,0.333195,0.345339,0.333195,0.345339,0,0
DVL_PB,D,20200804,000000,0.345339,0.351366,0.345339,0.345339,0,0
DVL_PB,D,20200805,000000,0.351366,0.357462,0.339311,0.345339,0,0
DVL_PB,D,20200806,000000,0.339311,0.345339,0.327155,0.339311,0,0
DVL_PB,D,20200807,000000,0.339311,0.339311,0.321099,0.333195,0,0
DVL_PB,D,20200810,000000,0.333195,0.333195,0.327155,0.333195,0,0
DVL_PB,D,20200811,000000,0.333195,0.345339,0.333195,0.339311,0,0
DVL_PB,D,20200812,000000,0.333195,0.339311,0.333195,0.339311,0,0
DVL_PB,D,20200813,000000,0.333195,0.339311,0.327155,0.327155,0,0
DVL_PB,D,20200814,000000,0.327155,0.333195,0.321099,0.333195,0,0
DVL_PB,D,20200817,000000,0.327155,0.333195,0.327155,0.333195,0,0
DVL_PB,D,20200818,000000,0.333195,0.333195,0.327155,0.333195,0,0
DVL_PB,D,20200819,000000,0.333195,0.333195,0.327155,0.333195,0,0
DVL_PB,D,20200820,000000,0.333195,0.333195,0.327155,0.333195,0,0
DVL_PB,D,20200821,000000,0.327155,0.327155,0.327155,0.327155,0,0
DVL_PB,D,20200824,000000,0.327155,0.327155,0.321099,0.321099,0,0
DVL_PB,D,20200825,000000,0.321099,0.327155,0.321099,0.321099,0,0
DVL_PB,D,20200826,000000,0.321099,0.327155,0.321099,0.327155,0,0
DVL_PB,D,20200827,000000,0.327155,0.327155,0.327155,0.327155,0,0
DVL_PB,D,20200828,000000,0.327155,0.327155,0.321099,0.327155,0,0
DVL_PB,D,20200831,000000,0.327155,0.327155,0.321099,0.321099,0,0
DVL_PB,D,20200901,000000,0.327155,0.327155,0.321099,0.321099,0,0
DVL_PB,D,20200902,000000,0.321099,0.321099,0.321099,0.321099,0,0
DVL_PB,D,20200903,000000,0.321099,0.321099,0.321099,0.321099,0,0
DVL_PB,D,20200904,000000,0.321099,0.321099,0.308983,0.315037,0,0
DVL_PB,D,20200907,000000,0.315037,0.321099,0.315037,0.315037,0,0
DVL_PB,D,20200908,000000,0.315037,0.315037,0.302928,0.302928,0,0
DVL_PB,D,20200909,000000,0.308983,0.321099,0.296867,0.321099,0,0
DVL_PB,D,20200910,000000,0.321099,0.321099,0.315037,0.315037,0,0
DVL_PB,D,20200911,000000,0.315037,0.321099,0.315037,0.315037,0,0
DVL_PB,D,20200914,000000,0.315037,0.315037,0.315037,0.315037,0,0
DVL_PB,D,20200915,000000,0.315037,0.315037,0.315037,0.315037,0,0
DVL_PB,D,20200916,000000,0.315037,0.315037,0.315037,0.315037,0,0
DVL_PB,D,20200917,000000,0.327797,0.327797,0.314943,0.314943,0,0
DVL_PB,D,20200918,000000,0.32137,0.32137,0.308516,0.308516,0,0
DVL_PB,D,20200921,000000,0.314943,0.314943,0.302088,0.308516,0,0
DVL_PB,D,20200922,000000,0.308516,0.308516,0.302088,0.308516,0,0
DVL_PB,D,20200923,000000,0.308516,0.314943,0.308516,0.308516,0,0
DVL_PB,D,20200924,000000,0.308516,0.314943,0.308516,0.314943,0,0
DVL_PB,D,20200925,000000,0.314943,0.314943,0.308516,0.308516,0,0
DVL_PB,D,20200928,000000,0.308516,0.3471,0.308516,0.3471,0,0
DVL_PB,D,20200929,000000,0.3471,0.3471,0.314943,0.32137,0,0
DVL_PB,D,20200930,000000,0.334225,0.334225,0.32137,0.334225,0,0
DVL_PB,D,20201001,000000,0.334225,0.353533,0.334225,0.3471,0,0
DVL_PB,D,20201002,000000,0.353533,0.353533,0.3471,0.353533,0,0
DVL_PB,D,20201005,000000,0.353533,0.353533,0.340665,0.3471,0,0
DVL_PB,D,20201006,000000,0.3471,0.353533,0.3471,0.3471,0,0
DVL_PB,D,20201007,000000,0.3471,0.353533,0.3471,0.353533,0,0
DVL_PB,D,20201008,000000,0.353533,0.353533,0.334225,0.340665,0,0
DVL_PB,D,20201009,000000,0.340665,0.340665,0.327797,0.327797,0,0
DVL_PB,D,20201012,000000,0.327797,0.334225,0.327797,0.327797,0,0
DVL_PB,D,20201013,000000,0.327797,0.340665,0.327797,0.340665,0,0
DVL_PB,D,20201014,000000,0.340665,0.340665,0.327797,0.327797,0,0
DVL_PB,D,20201015,000000,0.32137,0.334225,0.32137,0.32137,0,0
DVL_PB,D,20201016,000000,0.32137,0.334225,0.314943,0.327797,0,0
DVL_PB,D,20201019,000000,0.327797,0.334225,0.32137,0.327797,0,0
DVL_PB,D,20201020,000000,0.32137,0.32137,0.314943,0.32137,0,0
DVL_PB,D,20201021,000000,0.32137,0.32137,0.314943,0.32137,0,0
DVL_PB,D,20201022,000000,0.32137,0.32137,0.314943,0.32137,0,0
DVL_PB,D,20201023,000000,0.32137,0.32137,0.314943,0.32137,0,0
DVL_PB,D,20201026,000000,0.32137,0.32137,0.314943,0.32137,0,0
DVL_PB,D,20201027,000000,0.32137,0.32137,0.314943,0.32137,0,0
DVL_PB,D,20201028,000000,0.314943,0.314943,0.302088,0.308516,0,0
DVL_PB,D,20201029,000000,0.308516,0.32137,0.302088,0.314943,0,0
DVL_PB,D,20201030,000000,0.314943,0.314943,0.302088,0.302088,0,0
DVL_PB,D,20201102,000000,0.302088,0.314943,0.302088,0.314943,0,0
DVL_PB,D,20201103,000000,0.314943,0.334225,0.314943,0.334225,0,0
DVL_PB,D,20201104,000000,0.334225,0.340665,0.32137,0.334225,0,0
DVL_PB,D,20201105,000000,0.334225,0.334225,0.327797,0.334225,0,0
DVL_PB,D,20201106,000000,0.327797,0.334225,0.327797,0.334225,0,0
DVL_PB,D,20201109,000000,0.334225,0.3471,0.334225,0.3471,0,0
DVL_PB,D,20201110,000000,0.3471,0.3471,0.340665,0.340665,0,0
DVL_PB,D,20201112,000000,0.3471,0.3471,0.340665,0.3471,0,0
DVL_PB,D,20201113,000000,0.3471,0.3471,0.340665,0.3471,0,0
DVL_PB,D,20201116,000000,0.3471,0.366334,0.3471,0.366334,0,0
DVL_PB,D,20201117,000000,0.366334,0.366334,0.353533,0.359968,0,0
DVL_PB,D,20201118,000000,0.359968,0.372767,0.359968,0.366334,0,0
DVL_PB,D,20201119,000000,0.372767,0.372767,0.359968,0.359968,0,0
DVL_PB,D,20201120,000000,0.359968,0.366334,0.353533,0.353533,0,0
DVL_PB,D,20201123,000000,0.353533,0.359968,0.3471,0.353533,0,0
DVL_PB,D,20201124,000000,0.353533,0.359968,0.3471,0.3471,0,0
DVL_PB,D,20201125,000000,0.3471,0.353533,0.340665,0.340665,0,0
DVL_PB,D,20201126,000000,0.340665,0.353533,0.340665,0.353533,0,0
DVL_PB,D,20201127,000000,0.353533,0.353533,0.3471,0.353533,0,0
DVL_PB,D,20201130,000000,0.353533,0.359968,0.3471,0.3471,0,0
DVL_PB,D,20201201,000000,0.353533,0.353533,0.353533,0.353533,0,0
DVL_PB,D,20201202,000000,0.353533,0.359968,0.353533,0.359968,0,0
DVL_PB,D,20201203,000000,0.359968,0.359968,0.353533,0.359968,0,0
DVL_PB,D,20201204,000000,0.359968,0.366334,0.359968,0.366334,0,0
DVL_PB,D,20201207,000000,0.366334,0.372767,0.366334,0.372767,0,0
DVL_PB,D,20201208,000000,0.372767,0.372767,0.366334,0.366334,0,0
DVL_PB,D,20201209,000000,0.366334,0.372767,0.366334,0.372767,0,0
DVL_PB,D,20201210,000000,0.372767,0.385635,0.372767,0.372767,0,0
DVL_PB,D,20201211,000000,0.372767,0.379201,0.372767,0.379201,0,0
DVL_PB,D,20201214,000000,0.379201,0.379201,0.366334,0.379201,0,0
DVL_PB,D,20201215,000000,0.372767,0.379201,0.366334,0.372767,0,0
DVL_PB,D,20201216,000000,0.372767,0.398505,0.372767,0.385635,0,0
DVL_PB,D,20201217,000000,0.385635,0.39207,0.385635,0.385635,0,0
DVL_PB,D,20201218,000000,0.385635,0.385635,0.372767,0.372767,0,0
DVL_PB,D,20201221,000000,0.372767,0.379201,0.353533,0.359968,0,0
DVL_PB,D,20201222,000000,0.366334,0.372767,0.359968,0.372767,0,0
DVL_PB,D,20201223,000000,0.366334,0.379201,0.366334,0.379201,0,0
DVL_PB,D,20201228,000000,0.379201,0.385635,0.379201,0.385635,0,0
DVL_PB,D,20201229,000000,0.385635,0.385635,0.385635,0.385635,0,0
DVL_PB,D,20201230,000000,0.385635,0.385635,0.385635,0.385635,0,0
DVL_PB,D,20210104,000000,0.385635,0.411373,0.385635,0.404938,0,0
DVL_PB,D,20210105,000000,0.404938,0.404938,0.39207,0.398505,0,0
DVL_PB,D,20210107,000000,0.404938,0.417806,0.404938,0.417806,0,0
DVL_PB,D,20210108,000000,0.411373,0.424241,0.411373,0.411373,0,0
DVL_PB,D,20210111,000000,0.411373,0.424241,0.398505,0.424241,0,0
DVL_PB,D,20210112,000000,0.417806,0.430607,0.417806,0.417806,0,0
DVL_PB,D,20210113,000000,0.417806,0.417806,0.417806,0.417806,0,0
DVL_PB,D,20210114,000000,0.424241,0.424241,0.417806,0.417806,0,0
DVL_PB,D,20210115,000000,0.417806,0.424241,0.417806,0.417806,0,0
DVL_PB,D,20210118,000000,0.417806,0.43704,0.417806,0.430607,0,0
DVL_PB,D,20210119,000000,0.430607,0.43704,0.424241,0.430607,0,0
DVL_PB,D,20210120,000000,0.430607,0.449909,0.424241,0.443475,0,0
DVL_PB,D,20210121,000000,0.449909,0.462777,0.43704,0.43704,0,0
DVL_PB,D,20210122,000000,0.443475,0.449909,0.43704,0.449909,0,0
DVL_PB,D,20210125,000000,0.449909,0.449909,0.443475,0.443475,0,0
DVL_PB,D,20210126,000000,0.443475,0.449909,0.443475,0.449909,0,0
DVL_PB,D,20210127,000000,0.449909,0.449909,0.430607,0.430607,0,0
DVL_PB,D,20210128,000000,0.430607,0.43704,0.417806,0.43704,0,0
DVL_PB,D,20210129,000000,0.443475,0.443475,0.430607,0.43704,0,0
DVL_PB,D,20210201,000000,0.43704,0.443475,0.43704,0.443475,0,0
DVL_PB,D,20210202,000000,0.449909,0.449909,0.443475,0.443475,0,0
DVL_PB,D,20210203,000000,0.449909,0.449909,0.443475,0.443475,0,0
DVL_PB,D,20210204,000000,0.443475,0.449909,0.443475,0.449909,0,0
DVL_PB,D,20210205,000000,0.449909,0.449909,0.443475,0.449909,0,0
DVL_PB,D,20210208,000000,0.449909,0.456343,0.449909,0.456343,0,0
DVL_PB,D,20210209,000000,0.449909,0.462777,0.449909,0.462777,0,0
DVL_PB,D,20210210,000000,0.462777,0.475645,0.462777,0.475645,0,0
DVL_PB,D,20210211,000000,0.475645,0.48208,0.469211,0.475645,0,0
DVL_PB,D,20210212,000000,0.475645,0.48208,0.475645,0.48208,0,0
DVL_PB,D,20210215,000000,0.48208,0.48208,0.462777,0.475645,0,0
DVL_PB,D,20210216,000000,0.475645,0.48208,0.475645,0.475645,0,0
DVL_PB,D,20210217,000000,0.48208,0.48208,0.469211,0.475645,0,0
DVL_PB,D,20210218,000000,0.469211,0.48208,0.456343,0.456343,0,0
DVL_PB,D,20210219,000000,0.430607,0.475645,0.424241,0.469211,0,0
DVL_PB,D,20210222,000000,0.469211,0.494879,0.462777,0.488513,0,0
DVL_PB,D,20210223,000000,0.494879,0.494879,0.475645,0.475645,0,0
DVL_PB,D,20210224,000000,0.507748,0.507748,0.488513,0.488513,0,0
DVL_PB,D,20210225,000000,0.494879,0.494879,0.488513,0.488513,0,0
DVL_PB,D,20210226,000000,0.494879,0.494879,0.475645,0.488513,0,0
DVL_PB,D,20210301,000000,0.488513,0.494879,0.48208,0.494879,0,0
DVL_PB,D,20210302,000000,0.488513,0.501314,0.488513,0.488513,0,0
DVL_PB,D,20210303,000000,0.488513,0.494879,0.48208,0.488513,0,0
DVL_PB,D,20210304,000000,0.488513,0.494879,0.48208,0.488513,0,0
DVL_PB,D,20210305,000000,0.475645,0.48208,0.475645,0.475645,0,0
DVL_PB,D,20210308,000000,0.475645,0.48208,0.475645,0.475645,0,0
DVL_PB,D,20210309,000000,0.475645,0.475645,0.462777,0.469211,0,0
DVL_PB,D,20210310,000000,0.462777,0.469211,0.462777,0.462777,0,0
DVL_PB,D,20210311,000000,0.456343,0.469211,0.456343,0.462777,0,0
DVL_PB,D,20210312,000000,0.475645,0.475645,0.462777,0.475645,0,0
DVL_PB,D,20210315,000000,0.475645,0.475645,0.469211,0.475645,0,0
DVL_PB,D,20210316,000000,0.475645,0.48208,0.475645,0.475645,0,0
DVL_PB,D,20210317,000000,0.475645,0.475645,0.449909,0.462777,0,0
DVL_PB,D,20210318,000000,0.469211,0.469211,0.456343,0.456343,0,0
DVL_PB,D,20210319,000000,0.456343,0.469211,0.443475,0.443475,0,0
DVL_PB,D,20210322,000000,0.443475,0.456343,0.443475,0.443475,0,0
DVL_PB,D,20210323,000000,0.443475,0.449909,0.443475,0.443475,0,0
DVL_PB,D,20210324,000000,0.443475,0.443475,0.43704,0.443475,0,0
DVL_PB,D,20210325,000000,0.43704,0.443475,0.417806,0.424241,0,0
DVL_PB,D,20210326,000000,0.417806,0.449909,0.417806,0.449909,0,0
DVL_PB,D,20210329,000000,0.449909,0.462777,0.449909,0.462777,0,0
DVL_PB,D,20210330,000000,0.462777,0.469211,0.456343,0.456343,0,0
DVL_PB,D,20210331,000000,0.462777,0.462777,0.456343,0.462777,0,0
DVL_PB,D,20210401,000000,0.462777,0.462777,0.449909,0.462777,0,0
DVL_PB,D,20210406,000000,0.462777,0.48208,0.462777,0.48208,0,0
DVL_PB,D,20210407,000000,0.48208,0.488513,0.475645,0.48208,0,0
DVL_PB,D,20210408,000000,0.469211,0.494879,0.469211,0.488513,0,0
DVL_PB,D,20210409,000000,0.488513,0.507748,0.475645,0.507748,0,0
DVL_PB,D,20210412,000000,0.507748,0.533484,0.507748,0.533484,0,0
DVL_PB,D,20210413,000000,0.539917,0.539917,0.520616,0.533484,0,0
DVL_PB,D,20210414,000000,0.533484,0.60419,0.52705,0.60419,0,0
DVL_PB,D,20210415,000000,0.60419,0.60419,0.597756,0.60419,0,0
DVL_PB,D,20210416,000000,0.60419,0.610624,0.60419,0.610624,0,0
DVL_PB,D,20210419,000000,0.610624,0.629859,0.610624,0.617058,0,0
DVL_PB,D,20210420,000000,0.617058,0.623492,0.617058,0.623492,0,0
DVL_PB,D,20210421,000000,0.629859,0.629859,0.623492,0.623492,0,0
DVL_PB,D,20210422,000000,0.629859,0.629859,0.617058,0.623492,0,0
DVL_PB,D,20210423,000000,0.623492,0.629859,0.610624,0.617058,0,0
DVL_PB,D,20210426,000000,0.610624,0.623492,0.610624,0.623492,0,0
DVL_PB,D,20210427,000000,0.623492,0.636293,0.623492,0.636293,0,0
DVL_PB,D,20210428,000000,0.636293,0.655595,0.636293,0.649161,0,0
DVL_PB,D,20210429,000000,0.649161,0.649161,0.636293,0.649161,0,0
DVL_PB,D,20210430,000000,0.649161,0.668463,0.649161,0.668463,0,0
DVL_PB,D,20210504,000000,0.674897,0.681331,0.649161,0.662029,0,0
DVL_PB,D,20210505,000000,0.662029,0.668463,0.642726,0.655595,0,0
DVL_PB,D,20210506,000000,0.649161,0.649161,0.610624,0.610624,0,0
DVL_PB,D,20210507,000000,0.610624,0.629859,0.610624,0.617058,0,0
DVL_PB,D,20210510,000000,0.610624,0.623492,0.610624,0.623492,0,0
DVL_PB,D,20210511,000000,0.623492,0.629859,0.610624,0.623492,0,0
DVL_PB,D,20210512,000000,0.629859,0.629859,0.610624,0.623492,0,0
DVL_PB,D,20210513,000000,0.617058,0.623492,0.610624,0.610624,0,0
DVL_PB,D,20210514,000000,0.610624,0.617058,0.610624,0.617058,0,0
DVL_PB,D,20210517,000000,0.629859,0.655595,0.629859,0.636293,0,0
DVL_PB,D,20210518,000000,0.636293,0.642726,0.629859,0.642726,0,0
DVL_PB,D,20210519,000000,0.642726,0.642726,0.629859,0.636293,0,0
DVL_PB,D,20210520,000000,0.636293,0.636293,0.617058,0.617058,0,0
DVL_PB,D,20210521,000000,0.610624,0.636293,0.610624,0.636293,0,0
DVL_PB,D,20210524,000000,0.636293,0.668463,0.623492,0.668463,0,0
DVL_PB,D,20210525,000000,0.668463,0.668463,0.642726,0.649161,0,0
DVL_PB,D,20210526,000000,0.649161,0.655595,0.642726,0.649161,0,0
DVL_PB,D,20210527,000000,0.642726,0.649161,0.636293,0.649161,0,0
DVL_PB,D,20210528,000000,0.655595,0.668463,0.649161,0.668463,0,0
DVL_PB,D,20210531,000000,0.668463,0.694131,0.662029,0.694131,0,0
DVL_PB,D,20210601,000000,0.681331,0.73917,0.681331,0.732736,0,0
DVL_PB,D,20210602,000000,0.732736,0.73917,0.726301,0.732736,0,0
DVL_PB,D,20210604,000000,0.732736,0.732736,0.726301,0.732736,0,0
DVL_PB,D,20210607,000000,0.732736,0.732736,0.707,0.719868,0,0
DVL_PB,D,20210608,000000,0.726301,0.777705,0.726301,0.752038,0,0
DVL_PB,D,20210609,000000,0.758472,0.758472,0.752038,0.752038,0,0
DVL_PB,D,20210610,000000,0.752038,0.752038,0.732736,0.745604,0,0
DVL_PB,D,20210611,000000,0.745604,0.745604,0.732736,0.73917,0,0
DVL_PB,D,20210614,000000,0.745604,0.745604,0.732736,0.73917,0,0
DVL_PB,D,20210615,000000,0.732736,0.752038,0.726301,0.732736,0,0
DVL_PB,D,20210616,000000,0.726301,0.73917,0.700565,0.700565,0,0
DVL_PB,D,20210617,000000,0.719868,0.719868,0.681331,0.687765,0,0
DVL_PB,D,20210618,000000,0.681331,0.707,0.674897,0.674897,0,0
DVL_PB,D,20210621,000000,0.726301,0.726301,0.681331,0.687765,0,0
DVL_PB,D,20210622,000000,0.687765,0.707,0.687765,0.700565,0,0
DVL_PB,D,20210623,000000,0.700565,0.707,0.694131,0.707,0,0
DVL_PB,D,20210624,000000,0.713433,0.713433,0.687765,0.707,0,0
DVL_PB,D,20210625,000000,0.707,0.713433,0.707,0.713433,0,0
DVL_PB,D,20210628,000000,0.713433,0.732736,0.713433,0.713433,0,0
DVL_PB,D,20210629,000000,0.73917,0.73917,0.719868,0.732736,0,0
DVL_PB,D,20210630,000000,0.732736,0.732736,0.707,0.713433,0,0
DVL_PB,D,20210701,000000,0.713433,0.726301,0.713433,0.719868,0,0
DVL_PB,D,20210702,000000,0.719868,0.719868,0.674897,0.707,0,0
DVL_PB,D,20210705,000000,0.717904,0.717904,0.697585,0.704357,0,0
DVL_PB,D,20210706,000000,0.717904,0.717904,0.690813,0.690813,0,0
DVL_PB,D,20210707,000000,0.690813,0.697585,0.677267,0.684041,0,0
DVL_PB,D,20210708,000000,0.677267,0.690813,0.677267,0.690813,0,0
DVL_PB,D,20210709,000000,0.690813,0.697585,0.684041,0.690813,0,0
DVL_PB,D,20210712,000000,0.684041,0.704357,0.684041,0.690813,0,0
DVL_PB,D,20210713,000000,0.690813,0.71113,0.690813,0.71113,0,0
DVL_PB,D,20210714,000000,0.71113,0.75854,0.71113,0.751766,0,0
DVL_PB,D,20210715,000000,0.751766,0.75854,0.751766,0.75854,0,0
DVL_PB,D,20210716,000000,0.75854,0.785633,0.75854,0.785633,0,0
DVL_PB,D,20210719,000000,0.792399,0.792399,0.751766,0.751766,0,0
DVL_PB,D,20210720,000000,0.765313,0.772085,0.751766,0.751766,0,0
DVL_PB,D,20210721,000000,0.751766,0.765313,0.751766,0.765313,0,0
DVL_PB,D,20210722,000000,0.772085,0.772085,0.75854,0.772085,0,0
DVL_PB,D,20210723,000000,0.765313,0.772085,0.75854,0.772085,0,0
DVL_PB,D,20210726,000000,0.772085,0.772085,0.765313,0.765313,0,0
DVL_PB,D,20210727,000000,0.765313,0.765313,0.744994,0.744994,0,0
DVL_PB,D,20210728,000000,0.744994,0.75854,0.744994,0.75854,0,0
DVL_PB,D,20210729,000000,0.75854,0.772085,0.751766,0.751766,0,0
DVL_PB,D,20210730,000000,0.765313,0.772085,0.751766,0.75854,0,0
DVL_PB,D,20210802,000000,0.765313,0.772085,0.751766,0.772085,0,0
DVL_PB,D,20210803,000000,0.765313,0.772085,0.75854,0.75854,0,0
DVL_PB,D,20210804,000000,0.751766,0.772085,0.751766,0.765313,0,0
DVL_PB,D,20210805,000000,0.765313,0.772085,0.75854,0.772085,0,0
DVL_PB,D,20210806,000000,0.772085,0.772085,0.765313,0.772085,0,0
DVL_PB,D,20210809,000000,0.772085,0.772085,0.75854,0.772085,0,0
DVL_PB,D,20210810,000000,0.765313,0.765313,0.751766,0.765313,0,0
DVL_PB,D,20210811,000000,0.751766,0.75854,0.751766,0.75854,0,0
DVL_PB,D,20210812,000000,0.751766,0.75854,0.751766,0.75854,0,0
DVL_PB,D,20210813,000000,0.751766,0.75854,0.751766,0.75854,0,0
DVL_PB,D,20210816,000000,0.75854,0.772085,0.751766,0.75854,0,0
DVL_PB,D,20210817,000000,0.75854,0.75854,0.751766,0.75854,0,0
DVL_PB,D,20210818,000000,0.75854,0.765313,0.751766,0.751766,0,0
DVL_PB,D,20210819,000000,0.751766,0.751766,0.738221,0.744994,0,0
DVL_PB,D,20210820,000000,0.744994,0.75854,0.738221,0.75854,0,0
DVL_PB,D,20210823,000000,0.75854,0.75854,0.731449,0.731449,0,0
DVL_PB,D,20210824,000000,0.738221,0.751766,0.731449,0.738221,0,0
DVL_PB,D,20210825,000000,0.731449,0.751766,0.731449,0.744994,0,0
DVL_PB,D,20210826,000000,0.738221,0.744994,0.738221,0.738221,0,0
DVL_PB,D,20210827,000000,0.731449,0.738221,0.731449,0.731449,0,0
DVL_PB,D,20210830,000000,0.731449,0.765313,0.731449,0.765313,0,0
DVL_PB,D,20210831,000000,0.75854,0.785633,0.75854,0.778857,0,0
DVL_PB,D,20210901,000000,0.778857,0.812721,0.778857,0.792399,0,0
DVL_PB,D,20210902,000000,0.792399,0.799173,0.785633,0.792399,0,0
DVL_PB,D,20210903,000000,0.785633,0.812721,0.785633,0.792399,0,0
DVL_PB,D,20210906,000000,0.792399,0.812721,0.778857,0.805947,0,0
DVL_PB,D,20210907,000000,0.819495,0.819495,0.785633,0.785633,0,0
DVL_PB,D,20210908,000000,0.785633,0.799173,0.778857,0.778857,0,0
DVL_PB,D,20210909,000000,0.772085,0.805947,0.772085,0.805947,0,0
DVL_PB,D,20210910,000000,0.812721,0.819495,0.792399,0.792399,0,0
DVL_PB,D,20210913,000000,0.792399,0.805947,0.792399,0.799173,0,0
DVL_PB,D,20210914,000000,0.819495,0.846583,0.819495,0.839809,0,0
DVL_PB,D,20210915,000000,0.839809,0.839809,0.826269,0.839809,0,0
DVL_PB,D,20210916,000000,0.839809,0.914311,0.839809,0.893991,0,0
DVL_PB,D,20210917,000000,0.880441,0.893991,0.866901,0.880441,0,0
DVL_PB,D,20210920,000000,0.87368,0.893991,0.87368,0.893991,0,0
DVL_PB,D,20210921,000000,0.887221,0.893991,0.880441,0.893991,0,0
DVL_PB,D,20210922,000000,0.893991,0.921081,0.893991,0.914311,0,0
DVL_PB,D,20210923,000000,0.921081,0.934627,0.921081,0.927852,0,0
DVL_PB,D,20210924,000000,0.927852,0.927852,0.90077,0.90077,0,0
DVL_PB,D,20210927,000000,0.914311,0.921081,0.90077,0.921081,0,0
DVL_PB,D,20210928,000000,0.921081,0.921081,0.90077,0.90754,0,0
DVL_PB,D,20210929,000000,0.90077,0.921081,0.90077,0.914311,0,0
DVL_PB,D,20210930,000000,0.914311,0.914311,0.90077,0.90077,0,0
DVL_PB,D,20211001,000000,0.887221,0.921081,0.866901,0.90077,0,0
DVL_PB,D,20211004,000000,0.914311,0.914311,0.90077,0.914311,0,0
DVL_PB,D,20211005,000000,0.914311,0.921081,0.90077,0.921081,0,0
DVL_PB,D,20211006,000000,0.914311,0.921081,0.90077,0.914311,0,0
DVL_PB,D,20211007,000000,0.914311,0.921081,0.887221,0.90077,0,0
DVL_PB,D,20211008,000000,0.914311,0.921081,0.90754,0.921081,0,0
DVL_PB,D,20211011,000000,0.921081,0.921081,0.887221,0.90077,0,0
DVL_PB,D,20211012,000000,0.921081,0.921081,0.90077,0.914311,0,0
DVL_PB,D,20211013,000000,0.914311,0.921081,0.90077,0.90754,0,0
DVL_PB,D,20211014,000000,0.914311,0.914311,0.90077,0.914311,0,0
DVL_PB,D,20211015,000000,0.90754,0.90754,0.90077,0.90754,0,0
DVL_PB,D,20211018,000000,0.90754,0.90754,0.893991,0.90077,0,0
DVL_PB,D,20211019,000000,0.893991,0.893991,0.887221,0.887221,0,0
DVL_PB,D,20211020,000000,0.880441,0.887221,0.866901,0.887221,0,0
DVL_PB,D,20211021,000000,0.893991,0.893991,0.87368,0.880441,0,0
DVL_PB,D,20211022,000000,0.87368,0.880441,0.85336,0.85336,0,0
DVL_PB,D,20211025,000000,0.839809,0.86013,0.826269,0.839809,0,0
DVL_PB,D,20211026,000000,0.839809,0.866901,0.839809,0.86013,0,0
DVL_PB,D,20211027,000000,0.866901,0.87368,0.846583,0.86013,0,0
DVL_PB,D,20211028,000000,0.86013,0.86013,0.86013,0.86013,0,0
DVL_PB,D,20211029,000000,0.86013,0.86013,0.839809,0.839809,0,0
DVL_PB,D,20211102,000000,0.833035,0.86013,0.826269,0.826269,0,0
DVL_PB,D,20211103,000000,0.826269,0.826269,0.799173,0.805947,0,0
DVL_PB,D,20211104,000000,0.792399,0.805947,0.765313,0.772085,0,0
DVL_PB,D,20211105,000000,0.772085,0.778857,0.744994,0.75854,0,0
DVL_PB,D,20211108,000000,0.75854,0.765313,0.751766,0.75854,0,0
DVL_PB,D,20211109,000000,0.75854,0.765313,0.751766,0.75854,0,0
DVL_PB,D,20211110,000000,0.751766,0.75854,0.738221,0.751766,0,0
DVL_PB,D,20211112,000000,0.738221,0.738221,0.724676,0.731449,0,0
DVL_PB,D,20211115,000000,0.724676,0.744994,0.724676,0.731449,0,0
DVL_PB,D,20211116,000000,0.731449,0.75854,0.731449,0.738221,0,0
DVL_PB,D,20211117,000000,0.738221,0.738221,0.704357,0.704357,0,0
DVL_PB,D,20211118,000000,0.704357,0.724676,0.656949,0.656949,0,0
DVL_PB,D,20211119,000000,0.656949,0.663722,0.636631,0.663722,0,0
DVL_PB,D,20211122,000000,0.643404,0.656949,0.636631,0.643404,0,0
DVL_PB,D,20211123,000000,0.636631,0.636631,0.629859,0.629859,0,0
DVL_PB,D,20211124,000000,0.629859,0.636631,0.629859,0.629859,0,0
DVL_PB,D,20211125,000000,0.636631,0.636631,0.629859,0.629859,0,0
DVL_PB,D,20211126,000000,0.623085,0.629859,0.609541,0.616313,0,0
DVL_PB,D,20211129,000000,0.616313,0.636631,0.616313,0.629859,0,0
DVL_PB,D,20211130,000000,0.616313,0.636631,0.616313,0.636631,0,0
DVL_PB,D,20211201,000000,0.629859,0.643404,0.629859,0.636631,0,0
DVL_PB,D,20211202,000000,0.629859,0.636631,0.629859,0.636631,0,0
DVL_PB,D,20211203,000000,0.636631,0.636631,0.629859,0.636631,0,0
DVL_PB,D,20211206,000000,0.636631,0.636631,0.629859,0.636631,0,0
DVL_PB,D,20211207,000000,0.636631,0.636631,0.636631,0.636631,0,0
DVL_PB,D,20211208,000000,0.636631,0.636631,0.629859,0.636631,0,0
DVL_PB,D,20211209,000000,0.636631,0.636631,0.629859,0.636631,0,0
DVL_PB,D,20211210,000000,0.629859,0.636631,0.629859,0.636631,0,0
DVL_PB,D,20211213,000000,0.636631,0.636631,0.629859,0.636631,0,0
DVL_PB,D,20211214,000000,0.636631,0.636631,0.609541,0.636631,0,0
DVL_PB,D,20211215,000000,0.623085,0.629859,0.602769,0.602769,0,0
DVL_PB,D,20211216,000000,0.616313,0.623085,0.609541,0.609541,0,0
DVL_PB,D,20211217,000000,0.616313,0.629859,0.575677,0.575677,0,0
DVL_PB,D,20211220,000000,0.575677,0.595994,0.575677,0.575677,0,0
DVL_PB,D,20211221,000000,0.555359,0.595994,0.555359,0.58245,0,0
DVL_PB,D,20211222,000000,0.595994,0.602769,0.58245,0.58245,0,0
DVL_PB,D,20211223,000000,0.589222,0.602769,0.58245,0.602769,0,0
DVL_PB,D,20211227,000000,0.616313,0.636631,0.602769,0.629859,0,0
DVL_PB,D,20211228,000000,0.636631,0.677267,0.636631,0.663722,0,0
DVL_PB,D,20211229,000000,0.684041,0.684041,0.663722,0.677267,0,0
DVL_PB,D,20211230,000000,0.684041,0.690813,0.677267,0.677267,0,0
DVL_PB,D,20220103,000000,0.677267,0.704357,0.670494,0.697585,0,0
DVL_PB,D,20220104,000000,0.697585,0.704357,0.677267,0.684041,0,0
DVL_PB,D,20220105,000000,0.684041,0.684041,0.684041,0.684041,0,0
DVL_PB,D,20220107,000000,0.684041,0.684041,0.684041,0.684041,0,0
DVL_PB,D,20220110,000000,0.684041,0.704357,0.684041,0.684041,0,0
DVL_PB,D,20220111,000000,0.684041,0.690813,0.677267,0.684041,0,0
DVL_PB,D,20220112,000000,0.684041,0.690813,0.684041,0.684041,0,0
DVL_PB,D,20220113,000000,0.792399,0.792399,0.778857,0.778857,0,0
DVL_PB,D,20220114,000000,0.778857,0.792399,0.778857,0.792399,0,0
DVL_PB,D,20220117,000000,0.792399,0.799173,0.778857,0.799173,0,0
DVL_PB,D,20220118,000000,0.799173,0.805947,0.792399,0.805947,0,0
DVL_PB,D,20220119,000000,0.799173,0.799173,0.792399,0.792399,0,0
DVL_PB,D,20220120,000000,0.792399,0.792399,0.785633,0.785633,0,0
DVL_PB,D,20220121,000000,0.778857,0.778857,0.772085,0.778857,0,0
DVL_PB,D,20220124,000000,0.772085,0.778857,0.772085,0.778857,0,0
DVL_PB,D,20220125,000000,0.778857,0.778857,0.765313,0.765313,0,0
DVL_PB,D,20220126,000000,0.765313,0.778857,0.75854,0.75854,0,0
DVL_PB,D,20220127,000000,0.75854,0.765313,0.751766,0.75854,0,0
DVL_PB,D,20220128,000000,0.765313,0.778857,0.765313,0.765313,0,0
DVL_PB,D,20220131,000000,0.772085,0.792399,0.765313,0.772085,0,0
DVL_PB,D,20220201,000000,0.772085,0.785633,0.772085,0.772085,0,0
DVL_PB,D,20220202,000000,0.772085,0.785633,0.772085,0.785633,0,0
DVL_PB,D,20220203,000000,0.778857,0.785633,0.778857,0.778857,0,0
DVL_PB,D,20220204,000000,0.778857,0.778857,0.778857,0.778857,0,0
DVL_PB,D,20220207,000000,0.785633,0.792399,0.778857,0.792399,0,0
DVL_PB,D,20220208,000000,0.799173,0.812721,0.799173,0.812721,0,0
DVL_PB,D,20220209,000000,0.812721,0.819495,0.805947,0.812721,0,0
DVL_PB,D,20220210,000000,0.86013,0.866901,0.812721,0.846583,0,0
DVL_PB,D,20220211,000000,0.85336,0.85336,0.826269,0.826269,0,0
DVL_PB,D,20220214,000000,0.819495,0.826269,0.799173,0.805947,0,0
DVL_PB,D,20220215,000000,0.826269,0.833035,0.805947,0.819495,0,0
DVL_PB,D,20220216,000000,0.914311,0.914311,0.893991,0.893991,0,0
DVL_PB,D,20220217,000000,0.90077,0.90077,0.880441,0.893991,0,0
DVL_PB,D,20220218,000000,0.893991,0.893991,0.880441,0.893991,0,0
DVL_PB,D,20220221,000000,0.893991,0.893991,0.880441,0.880441,0,0
DVL_PB,D,20220222,000000,0.880441,0.90754,0.85336,0.85336,0,0
DVL_PB,D,20220223,000000,0.846583,0.846583,0.792399,0.792399,0,0
DVL_PB,D,20220224,000000,0.684041,0.684041,0.616313,0.629859,0,0
DVL_PB,D,20220225,000000,0.636631,0.684041,0.629859,0.670494,0,0
DVL_PB,D,20220228,000000,0.650177,0.670494,0.643404,0.670494,0,0
DVL_PB,D,20220301,000000,0.670494,0.670494,0.663722,0.663722,0,0
DVL_PB,D,20220302,000000,0.663722,0.731449,0.650177,0.731449,0,0
DVL_PB,D,20220303,000000,0.738221,0.738221,0.71113,0.717904,0,0
DVL_PB,D,20220304,000000,0.717904,0.717904,0.670494,0.670494,0,0
DVL_PB,D,20220307,000000,0.704357,0.704357,0.623085,0.636631,0,0
DVL_PB,D,20220308,000000,0.656949,0.663722,0.636631,0.636631,0,0
DVL_PB,D,20220309,000000,0.643404,0.656949,0.636631,0.643404,0,0
DVL_PB,D,20220310,000000,0.643404,0.670494,0.643404,0.650177,0,0
DVL_PB,D,20220311,000000,0.656949,0.684041,0.643404,0.684041,0,0
DVL_PB,D,20220314,000000,0.684041,0.684041,0.670494,0.684041,0,0
DVL_PB,D,20220315,000000,0.684041,0.71113,0.684041,0.704357,0,0
DVL_PB,D,20220316,000000,0.71113,0.724676,0.704357,0.717904,0,0
DVL_PB,D,20220317,000000,0.717904,0.724676,0.71113,0.717904,0,0
DVL_PB,D,20220318,000000,0.717904,0.724676,0.697585,0.724676,0,0
DVL_PB,D,20220321,000000,0.717904,0.717904,0.704357,0.71113,0,0
DVL_PB,D,20220322,000000,0.704357,0.704357,0.690813,0.697585,0,0
DVL_PB,D,20220323,000000,0.71113,0.71113,0.697585,0.704357,0,0
DVL_PB,D,20220324,000000,0.704357,0.744994,0.704357,0.738221,0,0
DVL_PB,D,20220325,000000,0.751766,0.765313,0.738221,0.765313,0,0
DVL_PB,D,20220328,000000,0.772085,0.792399,0.75854,0.792399,0,0
DVL_PB,D,20220329,000000,0.792399,0.799173,0.785633,0.785633,0,0
DVL_PB,D,20220330,000000,0.792399,0.799173,0.778857,0.778857,0,0
DVL_PB,D,20220331,000000,0.799173,0.799173,0.744994,0.75854,0,0
DVL_PB,D,20220401,000000,0.778857,0.778857,0.75854,0.765313,0,0
DVL_PB,D,20220404,000000,0.765313,0.778857,0.765313,0.772085,0,0
DVL_PB,D,20220405,000000,0.772085,0.772085,0.765313,0.765313,0,0
DVL_PB,D,20220406,000000,0.765313,0.765313,0.738221,0.738221,0,0
DVL_PB,D,20220407,000000,0.75854,0.765313,0.731449,0.75854,0,0
DVL_PB,D,20220408,000000,0.75854,0.772085,0.738221,0.751766,0,0
DVL_PB,D,20220411,000000,0.731449,0.751766,0.731449,0.751766,0,0
DVL_PB,D,20220412,000000,0.744994,0.75854,0.738221,0.751766,0,0
DVL_PB,D,20220413,000000,0.738221,0.751766,0.697585,0.697585,0,0
DVL_PB,D,20220414,000000,0.690813,0.690813,0.677267,0.690813,0,0
DVL_PB,D,20220419,000000,0.690813,0.690813,0.677267,0.677267,0,0
DVL_PB,D,20220420,000000,0.75854,0.765313,0.724676,0.724676,0,0
DVL_PB,D,20220421,000000,0.731449,0.744994,0.731449,0.738221,0,0
DVL_PB,D,20220422,000000,0.738221,0.738221,0.717904,0.717904,0,0
DVL_PB,D,20220425,000000,0.717904,0.724676,0.71113,0.717904,0,0
DVL_PB,D,20220426,000000,0.738221,0.738221,0.717904,0.731449,0,0
DVL_PB,D,20220427,000000,0.738221,0.744994,0.717904,0.744994,0,0
DVL_PB,D,20220428,000000,0.744994,0.751766,0.738221,0.751766,0,0
DVL_PB,D,20220429,000000,0.751766,0.765313,0.738221,0.765313,0,0
DVL_PB,D,20220502,000000,0.75854,0.778857,0.75854,0.765313,0,0
DVL_PB,D,20220504,000000,0.765313,0.778857,0.765313,0.765313,0,0
DVL_PB,D,20220505,000000,0.772085,0.785633,0.75854,0.75854,0,0
DVL_PB,D,20220506,000000,0.765313,0.765313,0.71113,0.731449,0,0
DVL_PB,D,20220509,000000,0.738221,0.738221,0.704357,0.704357,0,0
DVL_PB,D,20220510,000000,0.71113,0.717904,0.704357,0.71113,0,0
DVL_PB,D,20220511,000000,0.724676,0.724676,0.704357,0.704357,0,0
DVL_PB,D,20220512,000000,0.71113,0.71113,0.704357,0.71113,0,0
DVL_PB,D,20220513,000000,0.717904,0.717904,0.71113,0.71113,0,0
DVL_PB,D,20220516,000000,0.71113,0.717904,0.71113,0.71113,0,0
DVL_PB,D,20220517,000000,0.71113,0.75854,0.71113,0.71113,0,0
DVL_PB,D,20220518,000000,0.717904,0.738221,0.717904,0.738221,0,0
DVL_PB,D,20220519,000000,0.744994,0.744994,0.724676,0.724676,0,0
DVL_PB,D,20220520,000000,0.724676,0.731449,0.717904,0.731449,0,0
DVL_PB,D,20220523,000000,0.741384,0.749189,0.717972,0.73358,0,0
DVL_PB,D,20220524,000000,0.73358,0.73358,0.717972,0.73358,0,0
DVL_PB,D,20220525,000000,0.73358,0.73358,0.725776,0.725776,0,0
DVL_PB,D,20220526,000000,0.717972,0.717972,0.710168,0.710168,0,0
DVL_PB,D,20220527,000000,0.710168,0.710168,0.69456,0.702364,0,0
DVL_PB,D,20220530,000000,0.702364,0.702364,0.678952,0.686756,0,0
DVL_PB,D,20220531,000000,0.678952,0.686756,0.65554,0.678952,0,0
DVL_PB,D,20220601,000000,0.686756,0.686756,0.678952,0.686756,0,0
DVL_PB,D,20220602,000000,0.686756,0.686756,0.686756,0.686756,0,0
DVL_PB,D,20220603,000000,0.686756,0.686756,0.678952,0.678952,0,0
DVL_PB,D,20220606,000000,0.686756,0.686756,0.663344,0.686756,0,0
DVL_PB,D,20220607,000000,0.686756,0.686756,0.678952,0.686756,0,0
DVL_PB,D,20220608,000000,0.686756,0.686756,0.65554,0.663344,0,0
DVL_PB,D,20220609,000000,0.65554,0.663344,0.647736,0.647736,0,0
DVL_PB,D,20220610,000000,0.639931,0.639931,0.608716,0.608716,0,0
DVL_PB,D,20220613,000000,0.616519,0.616519,0.585303,0.585303,0,0
DVL_PB,D,20220614,000000,0.5775,0.585303,0.569695,0.5775,0,0
DVL_PB,D,20220615,000000,0.585303,0.585303,0.554087,0.561892,0,0
DVL_PB,D,20220617,000000,0.554087,0.5775,0.507264,0.507264,0,0
DVL_PB,D,20220620,000000,0.515067,0.530676,0.507264,0.522871,0,0
DVL_PB,D,20220621,000000,0.530676,0.569695,0.522871,0.554087,0,0
DVL_PB,D,20220622,000000,0.561892,0.561892,0.530676,0.554087,0,0
DVL_PB,D,20220623,000000,0.538479,0.561892,0.538479,0.554087,0,0
DVL_PB,D,20220624,000000,0.538479,0.554087,0.538479,0.554087,0,0
DVL_PB,D,20220627,000000,0.546283,0.554087,0.538479,0.554087,0,0
DVL_PB,D,20220628,000000,0.538479,0.561892,0.538479,0.561892,0,0
DVL_PB,D,20220629,000000,0.561892,0.608716,0.561892,0.608716,0,0
DVL_PB,D,20220630,000000,0.608716,0.608716,0.569695,0.569695,0,0
DVL_PB,D,20220701,000000,0.585303,0.616519,0.585303,0.585303,0,0
DVL_PB,D,20220704,000000,0.585303,0.608716,0.585303,0.600912,0,0
DVL_PB,D,20220705,000000,0.600912,0.600912,0.561892,0.561892,0,0
DVL_PB,D,20220706,000000,0.593108,0.593108,0.546283,0.546283,0,0
DVL_PB,D,20220707,000000,0.561892,0.5775,0.554087,0.5775,0,0
DVL_PB,D,20220708,000000,0.5775,0.585303,0.554087,0.585303,0,0
DVL_PB,D,20220711,000000,0.5775,0.593108,0.5775,0.593108,0,0
DVL_PB,D,20220712,000000,0.585303,0.600912,0.585303,0.593108,0,0
DVL_PB,D,20220713,000000,0.593108,0.600912,0.569695,0.593108,0,0
DVL_PB,D,20220714,000000,0.600912,0.600912,0.561892,0.569695,0,0
DVL_PB,D,20220715,000000,0.569695,0.585303,0.569695,0.585303,0,0
DVL_PB,D,20220718,000000,0.585303,0.600912,0.585303,0.593108,0,0
DVL_PB,D,20220719,000000,0.600912,0.600912,0.5775,0.593108,0,0
DVL_PB,D,20220720,000000,0.593108,0.593108,0.585303,0.593108,0,0
DVL_PB,D,20220721,000000,0.593108,0.593108,0.585303,0.585303,0,0
DVL_PB,D,20220722,000000,0.593108,0.593108,0.585303,0.593108,0,0
DVL_PB,D,20220725,000000,0.5775,0.593108,0.5775,0.593108,0,0
DVL_PB,D,20220726,000000,0.593108,0.593108,0.585303,0.585303,0,0
DVL_PB,D,20220727,000000,0.593108,0.593108,0.5775,0.5775,0,0
DVL_PB,D,20220728,000000,0.5775,0.585303,0.561892,0.569695,0,0
DVL_PB,D,20220729,000000,0.5775,0.593108,0.569695,0.593108,0,0
DVL_PB,D,20220801,000000,0.593108,0.593108,0.585303,0.585303,0,0
DVL_PB,D,20220802,000000,0.585303,0.593108,0.585303,0.585303,0,0
DVL_PB,D,20220803,000000,0.593108,0.593108,0.569695,0.593108,0,0
DVL_PB,D,20220804,000000,0.585303,0.585303,0.569695,0.5775,0,0
DVL_PB,D,20220805,000000,0.585303,0.593108,0.5775,0.593108,0,0
DVL_PB,D,20220808,000000,0.593108,0.647736,0.585303,0.647736,0,0
DVL_PB,D,20220809,000000,0.647736,0.647736,0.632128,0.639931,0,0
DVL_PB,D,20220810,000000,0.639931,0.639931,0.632128,0.639931,0,0
DVL_PB,D,20220811,000000,0.647736,0.647736,0.639931,0.647736,0,0
DVL_PB,D,20220812,000000,0.639931,0.65554,0.639931,0.647736,0,0
DVL_PB,D,20220816,000000,0.647736,0.678952,0.647736,0.671148,0,0
DVL_PB,D,20220817,000000,0.671148,0.686756,0.647736,0.678952,0,0
DVL_PB,D,20220818,000000,0.663344,0.671148,0.65554,0.663344,0,0
DVL_PB,D,20220819,000000,0.686756,0.686756,0.663344,0.686756,0,0
DVL_PB,D,20220822,000000,0.671148,0.686756,0.647736,0.663344,0,0
DVL_PB,D,20220823,000000,0.65554,0.663344,0.632128,0.647736,0,0
DVL_PB,D,20220824,000000,0.65554,0.65554,0.639931,0.647736,0,0
DVL_PB,D,20220825,000000,0.647736,0.647736,0.639931,0.639931,0,0
DVL_PB,D,20220826,000000,0.639931,0.639931,0.616519,0.616519,0,0
DVL_PB,D,20220829,000000,0.624324,0.624324,0.585303,0.585303,0,0
DVL_PB,D,20220830,000000,0.593108,0.639931,0.554087,0.554087,0,0
DVL_PB,D,20220831,000000,0.546283,0.546283,0.538479,0.546283,0,0
DVL_PB,D,20220901,000000,0.538479,0.546283,0.538479,0.538479,0,0
DVL_PB,D,20220902,000000,0.546283,0.554087,0.538479,0.538479,0,0
DVL_PB,D,20220905,000000,0.538479,0.5775,0.538479,0.5775,0,0
DVL_PB,D,20220906,000000,0.593108,0.600912,0.585303,0.600912,0,0
DVL_PB,D,20220907,000000,0.600912,0.600912,0.569695,0.600912,0,0
DVL_PB,D,20220908,000000,0.600912,0.600912,0.569695,0.585303,0,0
DVL_PB,D,20220909,000000,0.585303,0.585303,0.5775,0.5775,0,0
DVL_PB,D,20220912,000000,0.585303,0.585303,0.554087,0.569695,0,0
DVL_PB,D,20220913,000000,0.569695,0.5775,0.530676,0.530676,0,0
DVL_PB,D,20220914,000000,0.522871,0.616519,0.499458,0.616519,0,0
DVL_PB,D,20220915,000000,0.624324,0.639931,0.616519,0.639931,0,0
DVL_PB,D,20220916,000000,0.647736,0.647736,0.632128,0.632128,0,0
DVL_PB,D,20220919,000000,0.616519,0.69456,0.616519,0.69456,0,0
DVL_PB,D,20220920,000000,0.69456,0.69456,0.647736,0.65554,0,0
DVL_PB,D,20220921,000000,0.671148,0.671148,0.639931,0.671148,0,0
DVL_PB,D,20220922,000000,0.671148,0.671148,0.647736,0.647736,0,0
DVL_PB,D,20220923,000000,0.647736,0.678952,0.608716,0.616519,0,0
DVL_PB,D,20220926,000000,0.624324,0.632128,0.585303,0.608716,0,0
DVL_PB,D,20220927,000000,0.585303,0.624324,0.585303,0.624324,0,0
DVL_PB,D,20220928,000000,0.624324,0.624324,0.569695,0.569695,0,0
DVL_PB,D,20220929,000000,0.585303,0.585303,0.546283,0.554087,0,0
DVL_PB,D,20220930,000000,0.561892,0.569695,0.546283,0.554087,0,0
DVL_PB,D,20221003,000000,0.561892,0.561892,0.546283,0.554087,0,0
DVL_PB,D,20221004,000000,0.569695,0.593108,0.569695,0.593108,0,0
DVL_PB,D,20221005,000000,0.593108,0.593108,0.5775,0.5775,0,0
DVL_PB,D,20221006,000000,0.585303,0.600912,0.585303,0.585303,0,0
DVL_PB,D,20221007,000000,0.600912,0.600912,0.554087,0.554087,0,0
DVL_PB,D,20221010,000000,0.554087,0.569695,0.530676,0.530676,0,0
DVL_PB,D,20221011,000000,0.530676,0.554087,0.530676,0.554087,0,0
DVL_PB,D,20221012,000000,0.554087,0.585303,0.554087,0.585303,0,0
DVL_PB,D,20221013,000000,0.569695,0.569695,0.546283,0.569695,0,0
DVL_PB,D,20221014,000000,0.585303,0.593108,0.561892,0.561892,0,0
DVL_PB,D,20221017,000000,0.569695,0.585303,0.561892,0.585303,0,0
DVL_PB,D,20221018,000000,0.585303,0.585303,0.569695,0.569695,0,0
DVL_PB,D,20221019,000000,0.569695,0.569695,0.554087,0.561892,0,0
DVL_PB,D,20221020,000000,0.561892,0.561892,0.546283,0.554087,0,0
DVL_PB,D,20221021,000000,0.554087,0.554087,0.530676,0.538479,0,0
DVL_PB,D,20221024,000000,0.538479,0.538479,0.515067,0.515067,0,0
DVL_PB,D,20221025,000000,0.530676,0.538479,0.515067,0.530676,0,0
DVL_PB,D,20221026,000000,0.530676,0.530676,0.522871,0.530676,0,0
DVL_PB,D,20221027,000000,0.538479,0.554087,0.530676,0.538479,0,0
DVL_PB,D,20221028,000000,0.546283,0.569695,0.538479,0.554087,0,0
DVL_PB,D,20221031,000000,0.5775,0.5775,0.554087,0.569695,0,0
DVL_PB,D,20221102,000000,0.569695,0.569695,0.554087,0.554087,0,0
DVL_PB,D,20221103,000000,0.554087,0.569695,0.546283,0.546283,0,0
DVL_PB,D,20221104,000000,0.569695,0.600912,0.554087,0.600912,0,0
DVL_PB,D,20221107,000000,0.600912,0.616519,0.593108,0.608716,0,0
DVL_PB,D,20221108,000000,0.600912,0.608716,0.593108,0.608716,0,0
DVL_PB,D,20221109,000000,0.616519,0.616519,0.585303,0.585303,0,0
DVL_PB,D,20221110,000000,0.585303,0.593108,0.5775,0.585303,0,0
DVL_PB,D,20221114,000000,0.585303,0.585303,0.569695,0.569695,0,0
DVL_PB,D,20221115,000000,0.569695,0.5775,0.561892,0.569695,0,0
DVL_PB,D,20221116,000000,0.569695,0.608716,0.569695,0.600912,0,0
DVL_PB,D,20221117,000000,0.608716,0.624324,0.593108,0.616519,0,0
DVL_PB,D,20221118,000000,0.624324,0.632128,0.624324,0.624324,0,0
DVL_PB,D,20221121,000000,0.624324,0.624324,0.600912,0.600912,0,0
DVL_PB,D,20221122,000000,0.600912,0.600912,0.5775,0.5775,0,0
DVL_PB,D,20221123,000000,0.608716,0.608716,0.5775,0.5775,0,0
DVL_PB,D,20221124,000000,0.5775,0.585303,0.5775,0.585303,0,0
DVL_PB,D,20221125,000000,0.585303,0.593108,0.5775,0.585303,0,0
DVL_PB,D,20221128,000000,0.585303,0.585303,0.5775,0.5775,0,0
DVL_PB,D,20221129,000000,0.585303,0.593108,0.5775,0.593108,0,0
DVL_PB,D,20221130,000000,0.608716,0.608716,0.600912,0.600912,0,0
DVL_PB,D,20221201,000000,0.608716,0.632128,0.600912,0.632128,0,0
DVL_PB,D,20221202,000000,0.632128,0.639931,0.624324,0.632128,0,0
DVL_PB,D,20221205,000000,0.639931,0.639931,0.632128,0.632128,0,0
DVL_PB,D,20221206,000000,0.632128,0.632128,0.608716,0.616519,0,0
DVL_PB,D,20221207,000000,0.616519,0.616519,0.600912,0.608716,0,0
DVL_PB,D,20221208,000000,0.616519,0.639931,0.608716,0.632128,0,0
DVL_PB,D,20221209,000000,0.624324,0.647736,0.624324,0.647736,0,0
DVL_PB,D,20221212,000000,0.647736,0.671148,0.647736,0.663344,0,0
DVL_PB,D,20221213,000000,0.65554,0.686756,0.65554,0.678952,0,0
DVL_PB,D,20221214,000000,0.663344,0.686756,0.663344,0.686756,0,0
DVL_PB,D,20221215,000000,0.686756,0.686756,0.671148,0.678952,0,0
DVL_PB,D,20221216,000000,0.678952,0.678952,0.647736,0.663344,0,0
DVL_PB,D,20221219,000000,0.678952,0.710168,0.678952,0.710168,0,0
DVL_PB,D,20221220,000000,0.702364,0.702364,0.686756,0.69456,0,0
DVL_PB,D,20221221,000000,0.702364,0.710168,0.69456,0.710168,0,0
DVL_PB,D,20221222,000000,0.710168,0.710168,0.686756,0.69456,0,0
DVL_PB,D,20221223,000000,0.702364,0.702364,0.686756,0.69456,0,0
DVL_PB,D,20221227,000000,0.69456,0.702364,0.686756,0.69456,0,0
DVL_PB,D,20221228,000000,0.702364,0.702364,0.671148,0.678952,0,0
DVL_PB,D,20221229,000000,0.678952,0.678952,0.671148,0.678952,0,0
DVL_PB,D,20221230,000000,0.678952,0.678952,0.671148,0.678952,0,0
DVL_PB,D,20230102,000000,0.69456,0.717972,0.678952,0.702364,0,0
DVL_PB,D,20230103,000000,0.710168,0.73358,0.710168,0.725776,0,0
DVL_PB,D,20230104,000000,0.73358,0.749189,0.725776,0.725776,0,0
DVL_PB,D,20230105,000000,0.749189,0.749189,0.717972,0.717972,0,0
DVL_PB,D,20230109,000000,0.73358,0.749189,0.725776,0.741384,0,0
DVL_PB,D,20230110,000000,0.741384,0.764796,0.717972,0.717972,0,0
DVL_PB,D,20230111,000000,0.725776,0.73358,0.710168,0.717972,0,0
DVL_PB,D,20230112,000000,0.717972,0.717972,0.702364,0.702364,0,0
DVL_PB,D,20230113,000000,0.725776,0.725776,0.686756,0.710168,0,0
DVL_PB,D,20230116,000000,0.702364,0.717972,0.69456,0.702364,0,0
DVL_PB,D,20230117,000000,0.69456,0.69456,0.686756,0.686756,0,0
DVL_PB,D,20230118,000000,0.69456,0.702364,0.663344,0.663344,0,0
DVL_PB,D,20230119,000000,0.671148,0.671148,0.639931,0.639931,0,0
DVL_PB,D,20230120,000000,0.647736,0.678952,0.632128,0.647736,0,0
DVL_PB,D,20230123,000000,0.65554,0.678952,0.65554,0.678952,0,0
DVL_PB,D,20230124,000000,0.678952,0.69456,0.678952,0.686756,0,0
DVL_PB,D,20230125,000000,0.69456,0.69456,0.686756,0.686756,0,0
DVL_PB,D,20230126,000000,0.710168,0.73358,0.710168,0.725776,0,0
DVL_PB,D,20230127,000000,0.725776,0.73358,0.725776,0.73358,0,0
DVL_PB,D,20230130,000000,0.73358,0.741384,0.725776,0.73358,0,0
DVL_PB,D,20230131,000000,0.73358,0.73358,0.725776,0.725776,0,0
DVL_PB,D,20230201,000000,0.725776,0.741384,0.725776,0.73358,0,0
DVL_PB,D,20230202,000000,0.741384,0.764796,0.73358,0.764796,0,0
DVL_PB,D,20230203,000000,0.764796,0.772601,0.741384,0.764796,0,0
DVL_PB,D,20230206,000000,0.780405,0.780405,0.764796,0.764796,0,0
DVL_PB,D,20230207,000000,0.772601,0.772601,0.749189,0.764796,0,0
DVL_PB,D,20230208,000000,0.756992,0.772601,0.756992,0.764796,0,0
DVL_PB,D,20230209,000000,0.764796,0.772601,0.764796,0.764796,0,0
DVL_PB,D,20230210,000000,0.772601,0.796013,0.764796,0.796013,0,0
DVL_PB,D,20230213,000000,0.796013,0.827228,0.788208,0.81162,0,0
DVL_PB,D,20230214,000000,0.796013,0.803817,0.788208,0.796013,0,0
DVL_PB,D,20230215,000000,0.780405,0.803817,0.780405,0.780405,0,0
DVL_PB,D,20230216,000000,0.780405,0.796013,0.780405,0.788208,0,0
DVL_PB,D,20230217,000000,0.780405,0.788208,0.780405,0.780405,0,0
DVL_PB,D,20230220,000000,0.796013,0.819425,0.788208,0.803817,0,0
DVL_PB,D,20230221,000000,0.827228,0.842837,0.788208,0.827228,0,0
DVL_PB,D,20230222,000000,0.835033,0.835033,0.803817,0.81162,0,0
DVL_PB,D,20230223,000000,0.827228,0.827228,0.819425,0.819425,0,0
DVL_PB,D,20230224,000000,0.819425,0.819425,0.803817,0.803817,0,0
DVL_PB,D,20230227,000000,0.803817,0.835033,0.796013,0.803817,0,0
DVL_PB,D,20230228,000000,0.796013,0.835033,0.796013,0.803817,0,0
DVL_PB,D,20230301,000000,0.796013,0.819425,0.788208,0.819425,0,0
DVL_PB,D,20230302,000000,0.819425,0.819425,0.803817,0.803817,0,0
DVL_PB,D,20230303,000000,0.796013,0.827228,0.788208,0.819425,0,0
DVL_PB,D,20230306,000000,0.827228,0.866246,0.827228,0.866246,0,0
DVL_PB,D,20230307,000000,0.866246,0.874054,0.842837,0.858446,0,0
DVL_PB,D,20230308,000000,0.842837,0.858446,0.827228,0.850638,0,0
DVL_PB,D,20230309,000000,0.858446,0.866246,0.850638,0.850638,0,0
DVL_PB,D,20230310,000000,0.850638,0.850638,0.827228,0.842837,0,0
DVL_PB,D,20230313,000000,0.835033,0.842837,0.81162,0.835033,0,0
DVL_PB,D,20230314,000000,0.858446,0.889662,0.835033,0.858446,0,0
DVL_PB,D,20230315,000000,0.881854,0.881854,0.835033,0.850638,0,0
DVL_PB,D,20230316,000000,0.874054,0.874054,0.835033,0.858446,0,0
DVL_PB,D,20230317,000000,0.842837,0.866246,0.842837,0.850638,0,0
DVL_PB,D,20230320,000000,0.850638,0.858446,0.842837,0.858446,0,0
DVL_PB,D,20230321,000000,0.866246,0.874054,0.842837,0.842837,0,0
DVL_PB,D,20230322,000000,0.842837,0.874054,0.819425,0.866246,0,0
DVL_PB,D,20230323,000000,0.866246,0.881854,0.850638,0.866246,0,0
DVL_PB,D,20230324,000000,0.866246,0.866246,0.850638,0.858446,0,0
DVL_PB,D,20230327,000000,0.842837,0.866246,0.842837,0.858446,0,0
DVL_PB,D,20230328,000000,0.858446,0.858446,0.842837,0.842837,0,0
DVL_PB,D,20230329,000000,0.842837,0.874054,0.842837,0.866246,0,0
DVL_PB,D,20230330,000000,0.874054,0.874054,0.858446,0.858446,0,0
DVL_PB,D,20230331,000000,0.897461,0.905269,0.756992,0.756992,0,0
DVL_PB,D,20230403,000000,0.772601,0.772601,0.741384,0.749189,0,0
DVL_PB,D,20230404,000000,0.749189,0.764796,0.749189,0.764796,0,0
DVL_PB,D,20230405,000000,0.772601,0.772601,0.756992,0.764796,0,0
DVL_PB,D,20230406,000000,0.756992,0.772601,0.756992,0.764796,0,0
DVL_PB,D,20230411,000000,0.764796,0.796013,0.764796,0.796013,0,0
DVL_PB,D,20230412,000000,0.796013,0.819425,0.796013,0.819425,0,0
DVL_PB,D,20230413,000000,0.819425,0.827228,0.81162,0.827228,0,0
DVL_PB,D,20230414,000000,0.827228,0.842837,0.827228,0.842837,0,0
DVL_PB,D,20230417,000000,0.842837,0.842837,0.827228,0.842837,0,0
DVL_PB,D,20230418,000000,0.842837,0.866246,0.842837,0.850638,0,0
DVL_PB,D,20230419,000000,0.842837,0.866246,0.842837,0.858446,0,0
DVL_PB,D,20230420,000000,0.850638,0.866246,0.842837,0.866246,0,0
DVL_PB,D,20230421,000000,0.866246,0.874054,0.842837,0.842837,0,0
DVL_PB,D,20230424,000000,0.842837,0.866246,0.819425,0.835033,0,0
DVL_PB,D,20230425,000000,0.835033,0.850638,0.827228,0.835033,0,0
DVL_PB,D,20230426,000000,0.835033,0.866246,0.81162,0.866246,0,0
DVL_PB,D,20230427,000000,0.866246,0.866246,0.858446,0.866246,0,0
DVL_PB,D,20230428,000000,0.874054,0.889662,0.866246,0.881854,0,0
DVL_PB,D,20230502,000000,0.881854,0.881854,0.858446,0.881854,0,0
DVL_PB,D,20230504,000000,0.881854,0.881854,0.850638,0.850638,0,0
DVL_PB,D,20230505,000000,0.850638,0.874054,0.803817,0.819425,0,0
DVL_PB,D,20230508,000000,0.819425,0.850638,0.819425,0.827228,0,0
DVL_PB,D,20230509,000000,0.842837,0.850638,0.819425,0.850638,0,0
DVL_PB,D,20230510,000000,0.858446,0.858446,0.842837,0.850638,0,0
DVL_PB,D,20230511,000000,0.858446,0.874054,0.858446,0.866246,0,0
DVL_PB,D,20230512,000000,0.866246,0.881854,0.866246,0.881854,0,0
DVL_PB,D,20230515,000000,0.881854,0.897461,0.874054,0.897461,0,0
DVL_PB,D,20230516,000000,0.881854,0.897461,0.874054,0.889662,0,0
DVL_PB,D,20230517,000000,0.881854,0.897461,0.866246,0.881854,0,0
DVL_PB,D,20230518,000000,0.913077,0.913077,0.866246,0.866246,0,0
DVL_PB,D,20230519,000000,0.866246,0.889662,0.866246,0.889662,0,0
DVL_PB,D,20230522,000000,0.881854,0.889662,0.866246,0.889662,0,0
DVL_PB,D,20230523,000000,0.889662,0.920877,0.889662,0.920877,0,0
DVL_PB,D,20230524,000000,0.913077,0.913077,0.897461,0.897461,0,0
DVL_PB,D,20230525,000000,0.928686,0.928686,0.897461,0.913077,0,0
DVL_PB,D,20230526,000000,0.905269,0.913077,0.905269,0.905269,0,0
DVL_PB,D,20230529,000000,0.905269,0.913077,0.897461,0.905269,0,0
DVL_PB,D,20230530,000000,0.897461,0.913077,0.897461,0.905269,0,0
DVL_PB,D,20230531,000000,0.905269,0.905269,0.874054,0.905269,0,0
DVL_PB,D,20230601,000000,0.905269,0.905269,0.858446,0.874054,0,0
DVL_PB,D,20230602,000000,0.897461,0.920877,0.897461,0.920877,0,0
DVL_PB,D,20230605,000000,0.928686,0.975506,0.928686,0.952096,0,0
DVL_PB,D,20230606,000000,0.975506,0.975506,0.944293,0.952096,0,0
DVL_PB,D,20230607,000000,0.9599,0.9599,0.920877,0.944293,0,0
DVL_PB,D,20230609,000000,0.952096,0.9599,0.93648,0.952096,0,0
DVL_PB,D,20230612,000000,0.952096,0.952096,0.944293,0.952096,0,0
DVL_PB,D,20230613,000000,0.952096,0.952096,0.928686,0.928686,0,0
DVL_PB,D,20230614,000000,0.928686,0.9599,0.928686,0.9599,0,0
DVL_PB,D,20230615,000000,0.9599,0.9599,0.928686,0.952096,0,0
DVL_PB,D,20230616,000000,0.9599,0.9599,0.944293,0.952096,0,0
DVL_PB,D,20230619,000000,0.952096,0.967703,0.952096,0.9599,0,0
DVL_PB,D,20230620,000000,0.952096,0.9599,0.944293,0.952096,0,0
DVL_PB,D,20230621,000000,0.952096,0.952096,0.944293,0.952096,0,0
DVL_PB,D,20230622,000000,0.952096,0.967703,0.952096,0.952096,0,0
DVL_PB,D,20230623,000000,0.952096,0.967703,0.944293,0.944293,0,0
DVL_PB,D,20230626,000000,0.944293,0.967703,0.920877,0.920877,0,0
DVL_PB,D,20230627,000000,0.928686,0.9599,0.913077,0.952096,0,0
DVL_PB,D,20230628,000000,0.98331,0.991113,0.975506,0.98331,0,0
DVL_PB,D,20230629,000000,0.98331,0.991113,0.975506,0.991113,0,0
DVL_PB,D,20230630,000000,0.991113,0.998917,0.9599,0.998917,0,0
DVL_PB,D,20230703,000000,1.00672,1.05355,1.00672,1.05355,0,0
DVL_PB,D,20230704,000000,1.05355,1.13158,1.05355,1.10817,0,0
DVL_PB,D,20230705,000000,1.11598,1.14719,1.07696,1.09257,0,0
DVL_PB,D,20230706,000000,1.09257,1.10817,1.06916,1.10037,0,0
DVL_PB,D,20230707,000000,1.10037,1.12379,1.08476,1.12379,0,0
DVL_PB,D,20230710,000000,1.12379,1.14719,1.11598,1.13158,0,0
DVL_PB,D,20230711,000000,1.1394,1.14719,1.12379,1.14719,0,0
DVL_PB,D,20230712,000000,1.14719,1.14719,1.13158,1.13158,0,0
DVL_PB,D,20230713,000000,1.16526,1.16526,1.11422,1.13123,0,0
DVL_PB,D,20230714,000000,1.13123,1.2248,1.13123,1.19078,0,0
DVL_PB,D,20230717,000000,1.19078,1.27583,1.19078,1.2248,0,0
DVL_PB,D,20230718,000000,1.23331,1.25031,1.23331,1.2418,0,0
DVL_PB,D,20230719,000000,1.23331,1.23331,1.21629,1.21629,0,0
DVL_PB,D,20230720,000000,1.21629,1.21629,1.17376,1.19928,0,0
DVL_PB,D,20230721,000000,1.19928,1.2248,1.18227,1.2248,0,0
DVL_PB,D,20230724,000000,1.25031,1.25882,1.15675,1.16526,0,0
DVL_PB,D,20230725,000000,1.17376,1.17376,1.14825,1.16526,0,0
DVL_PB,D,20230726,000000,1.17376,1.17376,1.13974,1.13974,0,0
DVL_PB,D,20230727,000000,1.13974,1.19928,1.13974,1.19078,0,0
DVL_PB,D,20230728,000000,1.19928,1.19928,1.18227,1.19928,0,0
DVL_PB,D,20230731,000000,1.19928,1.25031,1.19928,1.25031,0,0
DVL_PB,D,20230801,000000,1.25031,1.25031,1.23331,1.25031,0,0
DVL_PB,D,20230802,000000,1.2418,1.2418,1.19928,1.19928,0,0
DVL_PB,D,20230803,000000,1.19928,1.20778,1.18227,1.18227,0,0
DVL_PB,D,20230804,000000,1.18227,1.19163,1.17887,1.19163,0,0
DVL_PB,D,20230807,000000,1.18397,1.18397,1.17292,1.17376,0,0
DVL_PB,D,20230808,000000,1.15845,1.17801,1.15845,1.16781,0,0
DVL_PB,D,20230809,000000,1.16356,1.19332,1.16356,1.17292,0,0
DVL_PB,D,20230810,000000,1.18057,1.18907,1.16611,1.18652,0,0
DVL_PB,D,20230811,000000,1.18652,1.24011,1.17376,1.24011,0,0
DVL_PB,D,20230814,000000,1.22394,1.23415,1.19078,1.19078,0,0
DVL_PB,D,20230816,000000,1.19332,1.20863,1.18142,1.18142,0,0
DVL_PB,D,20230817,000000,1.17376,1.19587,1.17376,1.17887,0,0
DVL_PB,D,20230818,000000,1.18397,1.21459,1.17547,1.20609,0,0
DVL_PB,D,20230821,000000,1.19673,1.22225,1.19332,1.20949,0,0
DVL_PB,D,20230822,000000,1.20949,1.20949,1.17887,1.19163,0,0
DVL_PB,D,20230823,000000,1.19163,1.19673,1.16356,1.17292,0,0
DVL_PB,D,20230824,000000,1.17121,1.19418,1.17121,1.18397,0,0
DVL_PB,D,20230825,000000,1.18652,1.19418,1.17376,1.18907,0,0
DVL_PB,D,20230828,000000,1.18142,1.18907,1.18142,1.18907,0,0
DVL_PB,D,20230829,000000,1.18823,1.20438,1.17887,1.18907,0,0
DVL_PB,D,20230830,000000,1.18397,1.19673,1.18397,1.18907,0,0
DVL_PB,D,20230831,000000,1.19163,1.20438,1.18397,1.20438,0,0
DVL_PB,D,20230901,000000,1.2214,1.235,1.20949,1.20949,0,0
DVL_PB,D,20230904,000000,1.2248,1.23415,1.21884,1.23245,0,0
DVL_PB,D,20230905,000000,1.235,1.235,1.21629,1.21629,0,0
DVL_PB,D,20230906,000000,1.22225,1.25797,1.22225,1.24266,0,0
DVL_PB,D,20230907,000000,1.26307,1.27328,1.24521,1.24521,0,0
DVL_PB,D,20230908,000000,1.25797,1.31921,1.25711,1.31155,0,0
DVL_PB,D,20230911,000000,1.34983,1.36769,1.31666,1.33197,0,0
DVL_PB,D,20230912,000000,1.33707,1.33962,1.29879,1.31155,0,0
DVL_PB,D,20230913,000000,1.33197,1.33197,1.29369,1.29879,0,0
DVL_PB,D,20230914,000000,1.34472,1.34472,1.29114,1.31155,0,0
DVL_PB,D,20230915,000000,1.32431,1.32431,1.28604,1.309,0,0
DVL_PB,D,20230918,000000,1.28859,1.28859,1.26477,1.27328,0,0
DVL_PB,D,20230919,000000,1.28348,1.28348,1.25542,1.26988,0,0
DVL_PB,D,20230920,000000,1.27073,1.27838,1.20438,1.20438,0,0
DVL_PB,D,20230921,000000,1.19928,1.22225,1.19587,1.20694,0,0
DVL_PB,D,20230922,000000,1.21714,1.21714,1.20438,1.20609,0,0
DVL_PB,D,20230925,000000,1.19673,1.21629,1.16101,1.17121,0,0
DVL_PB,D,20230926,000000,1.17632,1.17632,1.12443,1.12868,0,0
DVL_PB,D,20230927,000000,1.12868,1.1457,1.11337,1.12613,0,0
DVL_PB,D,20230928,000000,1.12613,1.12868,1.10062,1.11082,0,0
DVL_PB,D,20230929,000000,1.11082,1.14485,1.11082,1.12188,0,0
DVL_PB,D,20231002,000000,1.1457,1.26052,1.12188,1.235,0,0
DVL_PB,D,20231003,000000,1.20949,1.235,1.18652,1.19673,0,0
DVL_PB,D,20231004,000000,1.19673,1.26052,1.19673,1.2418,0,0
DVL_PB,D,20231005,000000,1.24436,1.37534,1.21969,1.37534,0,0
DVL_PB,D,20231006,000000,1.37534,1.39831,1.32857,1.34557,0,0
DVL_PB,D,20231009,000000,1.34388,1.35578,1.33281,1.35578,0,0
DVL_PB,D,20231010,000000,1.36088,1.3898,1.35153,1.3881,0,0
DVL_PB,D,20231011,000000,1.39831,1.42723,1.39831,1.41022,0,0
DVL_PB,D,20231012,000000,1.42978,1.47911,1.42978,1.46125,0,0
DVL_PB,D,20231013,000000,1.46975,1.47571,1.43318,1.43318,0,0
DVL_PB,D,20231016,000000,1.4502,1.47911,1.44424,1.47316,0,0
DVL_PB,D,20231017,000000,1.47571,1.49017,1.47316,1.48762,0,0
DVL_PB,D,20231018,000000,1.48762,1.49017,1.46465,1.48422,0,0
DVL_PB,D,20231019,000000,1.48166,1.48166,1.42553,1.43318,0,0
DVL_PB,D,20231020,000000,1.43318,1.43318,1.37874,1.40427,0,0
DVL_PB,D,20231023,000000,1.40171,1.40171,1.33707,1.34728,0,0
DVL_PB,D,20231024,000000,1.34728,1.40427,1.34728,1.35408,0,0
DVL_PB,D,20231025,000000,1.36514,1.39236,1.35834,1.3813,0,0
DVL_PB,D,20231026,000000,1.36684,1.40171,1.36684,1.37874,0,0
DVL_PB,D,20231027,000000,1.38725,1.42467,1.38725,1.40852,0,0
DVL_PB,D,20231030,000000,1.40171,1.44424,1.40171,1.43318,0,0
DVL_PB,D,20231031,000000,1.43829,1.43829,1.40427,1.41702,0,0
DVL_PB,D,20231102,000000,1.41702,1.42553,1.3915,1.40852,0,0
DVL_PB,D,20231103,000000,1.40852,1.47911,1.40852,1.46125,0,0
DVL_PB,D,20231106,000000,1.47316,1.53015,1.47316,1.49017,0,0
DVL_PB,D,20231107,000000,1.48762,1.49613,1.46465,1.48422,0,0
DVL_PB,D,20231108,000000,1.49017,1.49017,1.42553,1.42978,0,0
DVL_PB,D,20231109,000000,1.43149,1.43149,1.41276,1.42042,0,0
DVL_PB,D,20231110,000000,1.42723,1.42723,1.40596,1.42467,0,0
DVL_PB,D,20231113,000000,1.42723,1.42723,1.3796,1.39576,0,0
DVL_PB,D,20231114,000000,1.3898,1.41872,1.3898,1.41872,0,0
DVL_PB,D,20231115,000000,1.42723,1.43318,1.38725,1.39576,0,0
DVL_PB,D,20231116,000000,1.40171,1.40171,1.3813,1.38555,0,0
DVL_PB,D,20231117,000000,1.39831,1.41702,1.3881,1.3898,0,0
DVL_PB,D,20231120,000000,1.3898,1.39831,1.32516,1.32516,0,0
DVL_PB,D,20231121,000000,1.32941,1.34217,1.31751,1.33962,0,0
DVL_PB,D,20231122,000000,1.33962,1.35748,1.33622,1.35153,0,0
DVL_PB,D,20231123,000000,1.35153,1.37194,1.34643,1.37194,0,0
DVL_PB,D,20231124,000000,1.37194,1.37534,1.36003,1.37109,0,0
DVL_PB,D,20231127,000000,1.37109,1.37109,1.31835,1.33962,0,0
DVL_PB,D,20231128,000000,1.32431,1.36259,1.32431,1.36259,0,0
DVL_PB,D,20231129,000000,1.36259,1.36259,1.33792,1.35408,0,0
DVL_PB,D,20231130,000000,1.34898,1.36003,1.33197,1.36003,0,0
DVL_PB,D,20231201,000000,1.36514,1.37109,1.34898,1.36259,0,0
DVL_PB,D,20231204,000000,1.36259,1.36939,1.33197,1.34472,0,0
DVL_PB,D,20231205,000000,1.33622,1.34643,1.30645,1.34303,0,0
DVL_PB,D,20231206,000000,1.34898,1.36939,1.32686,1.33197,0,0
DVL_PB,D,20231207,000000,1.32686,1.33197,1.31326,1.31751,0,0
DVL_PB,D,20231208,000000,1.31751,1.33792,1.31326,1.33792,0,0
DVL_PB,D,20231211,000000,1.32686,1.35748,1.32686,1.35748,0,0
DVL_PB,D,20231212,000000,1.35748,1.35748,1.32431,1.32686,0,0
DVL_PB,D,20231213,000000,1.32431,1.32686,1.3022,1.32516,0,0
DVL_PB,D,20231214,000000,1.32686,1.36514,1.32686,1.34217,0,0
DVL_PB,D,20231215,000000,1.34217,1.36088,1.29624,1.29624,0,0
DVL_PB,D,20231218,000000,1.30475,1.33197,1.30475,1.30645,0,0
DVL_PB,D,20231219,000000,1.30645,1.31581,1.28689,1.29114,0,0
DVL_PB,D,20231220,000000,1.31835,1.31835,1.26647,1.27158,0,0
DVL_PB,D,20231221,000000,1.26902,1.309,1.26902,1.3073,0,0
DVL_PB,D,20231222,000000,1.3107,1.3107,1.27583,1.28519,0,0
DVL_PB,D,20231227,000000,1.28264,1.28264,1.25287,1.26393,0,0
DVL_PB,D,20231228,000000,1.26647,1.27838,1.24946,1.25287,0,0
DVL_PB,D,20231229,000000,1.26052,1.27753,1.24266,1.24946,0,0
DVL_PB,D,20240102,000000,1.2384,1.24862,1.22054,1.23331,0,0
DVL_PB,D,20240103,000000,1.2316,1.26052,1.2316,1.2384,0,0
DVL_PB,D,20240104,000000,1.25287,1.36429,1.25287,1.35068,0,0
DVL_PB,D,20240105,000000,1.35068,1.35068,1.32176,1.33367,0,0
DVL_PB,D,20240108,000000,1.34303,1.34303,1.31751,1.32686,0,0
DVL_PB,D,20240109,000000,1.33792,1.35153,1.32176,1.32941,0,0
DVL_PB,D,20240110,000000,1.33197,1.33537,1.32431,1.33112,0,0
DVL_PB,D,20240111,000000,1.33962,1.33962,1.29964,1.29964,0,0
DVL_PB,D,20240112,000000,1.29964,1.32516,1.29624,1.3107,0,0
DVL_PB,D,20240115,000000,1.30304,1.3141,1.28859,1.3141,0,0
DVL_PB,D,20240116,000000,1.3073,1.35748,1.3073,1.34898,0,0
DVL_PB,D,20240117,000000,1.35493,1.37705,1.34812,1.37705,0,0
DVL_PB,D,20240118,000000,1.37705,1.37705,1.34898,1.36003,0,0
DVL_PB,D,20240119,000000,1.36174,1.36854,1.34217,1.35919,0,0
DVL_PB,D,20240122,000000,1.37109,1.37534,1.35068,1.37109,0,0
DVL_PB,D,20240123,000000,1.37705,1.37705,1.34643,1.35238,0,0
DVL_PB,D,20240124,000000,1.36854,1.37705,1.34812,1.35919,0,0
DVL_PB,D,20240125,000000,1.35919,1.36769,1.34047,1.34047,0,0
DVL_PB,D,20240126,000000,1.34047,1.35748,1.33112,1.33537,0,0
DVL_PB,D,20240129,000000,1.33537,1.36343,1.32686,1.34217,0,0
DVL_PB,D,20240130,000000,1.34217,1.36854,1.33537,1.35748,0,0
DVL_PB,D,20240131,000000,1.36854,1.40171,1.35919,1.3745,0,0
DVL_PB,D,20240201,000000,1.3745,1.39065,1.36429,1.37024,0,0
DVL_PB,D,20240202,000000,1.37705,1.3898,1.37024,1.37705,0,0
DVL_PB,D,20240205,000000,1.37705,1.41618,1.37705,1.40767,0,0
DVL_PB,D,20240206,000000,1.40511,1.42467,1.39065,1.41618,0,0
DVL_PB,D,20240207,000000,1.41618,1.42467,1.38215,1.39661,0,0
DVL_PB,D,20240208,000000,1.3898,1.39405,1.3813,1.38555,0,0
DVL_PB,D,20240209,000000,1.38555,1.38555,1.35323,1.36599,0,0
DVL_PB,D,20240212,000000,1.36599,1.39065,1.35493,1.37705,0,0
DVL_PB,D,20240213,000000,1.36343,1.36343,1.32176,1.33281,0,0
DVL_PB,D,20240214,000000,1.33281,1.36003,1.33281,1.36003,0,0
DVL_PB,D,20240215,000000,1.36003,1.36343,1.34217,1.35493,0,0
DVL_PB,D,20240216,000000,1.34898,1.35493,1.33962,1.35238,0,0
DVL_PB,D,20240219,000000,1.35238,1.35238,1.33367,1.34047,0,0
DVL_PB,D,20240220,000000,1.34047,1.35748,1.33281,1.35578,0,0
DVL_PB,D,20240221,000000,1.35493,1.35578,1.34047,1.34217,0,0
DVL_PB,D,20240222,000000,1.35238,1.35323,1.33962,1.35238,0,0
DVL_PB,D,20240223,000000,1.35068,1.35919,1.33962,1.34472,0,0
DVL_PB,D,20240226,000000,1.34472,1.35238,1.33537,1.33537,0,0
DVL_PB,D,20240227,000000,1.34898,1.36343,1.32431,1.33537,0,0
DVL_PB,D,20240228,000000,1.33537,1.35238,1.33537,1.35238,0,0
DVL_PB,D,20240229,000000,1.34047,1.34898,1.32941,1.32941,0,0
DVL_PB,D,20240301,000000,1.33707,1.37534,1.33707,1.3745,0,0
DVL_PB,D,20240304,000000,1.37705,1.43573,1.37705,1.42978,0,0
DVL_PB,D,20240305,000000,1.42978,1.45785,1.41362,1.44339,0,0
DVL_PB,D,20240306,000000,1.45785,1.46295,1.43829,1.46295,0,0
DVL_PB,D,20240307,000000,1.46635,1.47146,1.44934,1.4604,0,0
DVL_PB,D,20240308,000000,1.4604,1.46891,1.40511,1.40767,0,0
DVL_PB,D,20240311,000000,1.40767,1.44339,1.40767,1.44339,0,0
DVL_PB,D,20240312,000000,1.4468,1.46891,1.43829,1.46891,0,0
DVL_PB,D,20240313,000000,1.47401,1.48847,1.47401,1.48847,0,0
DVL_PB,D,20240314,000000,1.49102,1.49102,1.46891,1.46891,0,0
DVL_PB,D,20240315,000000,1.46891,1.47741,1.40767,1.44084,0,0
DVL_PB,D,20240318,000000,1.43233,1.47996,1.43233,1.46891,0,0
DVL_PB,D,20240319,000000,1.46891,1.47741,1.44339,1.47401,0,0
DVL_PB,D,20240320,000000,1.4468,1.47401,1.4468,1.47146,0,0
DVL_PB,D,20240321,000000,1.47401,1.55481,1.46295,1.55481,0,0
DVL_PB,D,20240322,000000,1.55226,1.59138,1.54716,1.59138,0,0
DVL_PB,D,20240325,000000,1.58288,1.60499,1.56077,1.59989,0,0
DVL_PB,D,20240326,000000,1.60499,1.60499,1.58883,1.59649,0,0
DVL_PB,D,20240327,000000,1.60499,1.65518,1.60245,1.65518,0,0
DVL_PB,D,20240328,000000,1.65518,1.66624,1.64412,1.65773,0,0
DVL_PB,D,20240402,000000,1.68324,1.70281,1.66113,1.6858,0,0
DVL_PB,D,20240403,000000,1.67219,1.70536,1.52419,1.52419,0,0
DVL_PB,D,20240404,000000,1.52419,1.53185,1.51739,1.5293,0,0
DVL_PB,D,20240405,000000,1.50463,1.52164,1.47231,1.47231,0,0
DVL_PB,D,20240408,000000,1.47231,1.48932,1.44764,1.44764,0,0
DVL_PB,D,20240409,000000,1.4672,1.4672,1.43233,1.43233,0,0
DVL_PB,D,20240410,000000,1.42978,1.44254,1.40256,1.41787,0,0
DVL_PB,D,20240411,000000,1.42978,1.42978,1.36769,1.37279,0,0
DVL_PB,D,20240412,000000,1.38045,1.41787,1.38045,1.40256,0,0
DVL_PB,D,20240415,000000,1.43489,1.45955,1.41787,1.41787,0,0
DVL_PB,D,20240416,000000,1.41532,1.42723,1.383,1.38725,0,0
DVL_PB,D,20240417,000000,1.42212,1.48251,1.42212,1.48251,0,0
DVL_PB,D,20240418,000000,1.48251,1.49953,1.46975,1.49442,0,0
DVL_PB,D,20240419,000000,1.49442,1.55141,1.49442,1.51484,0,0
DVL_PB,D,20240422,000000,1.51484,1.56161,1.51484,1.56161,0,0
DVL_PB,D,20240423,000000,1.56672,1.6118,1.55141,1.6118,0,0
DVL_PB,D,20240424,000000,1.61435,1.64922,1.58373,1.59138,0,0
DVL_PB,D,20240425,000000,1.56672,1.65093,1.56672,1.65093,0,0
DVL_PB,D,20240426,000000,1.65093,1.65093,1.59138,1.62371,0,0
DVL_PB,D,20240429,000000,1.64157,1.64157,1.57183,1.59138,0,0
DVL_PB,D,20240430,000000,1.60159,1.65093,1.60159,1.65093,0,0
DVL_PB,D,20240502,000000,1.66368,1.66368,1.64157,1.64667,0,0
DVL_PB,D,20240506,000000,1.66624,1.696,1.65858,1.696,0,0
DVL_PB,D,20240507,000000,1.68155,1.69855,1.65858,1.66878,0,0
DVL_PB,D,20240508,000000,1.67133,1.71812,1.65347,1.6909,0,0
DVL_PB,D,20240509,000000,1.696,1.70876,1.68155,1.68324,0,0
DVL_PB,D,20240510,000000,1.66624,1.6858,1.65858,1.66624,0,0
DVL_PB,D,20240513,000000,1.66624,1.6858,1.64667,1.64922,0,0
DVL_PB,D,20240514,000000,1.64667,1.64667,1.61435,1.62881,0,0
DVL_PB,D,20240515,000000,1.62881,1.63136,1.6118,1.62881,0,0
DVL_PB,D,20240516,000000,1.62881,1.64157,1.6118,1.63647,0,0
DVL_PB,D,20240517,000000,1.66624,1.70876,1.66624,1.70366,0,0
DVL_PB,D,20240520,000000,1.71131,1.72577,1.6909,1.69855,0,0
DVL_PB,D,20240521,000000,1.70111,1.72066,1.69345,1.69855,0,0
DVL_PB,D,20240522,000000,1.69855,1.70876,1.64157,1.65347,0,0
DVL_PB,D,20240523,000000,1.64922,1.66624,1.64157,1.65093,0,0
DVL_PB,D,20240524,000000,1.66624,1.70366,1.57608,1.57608,0,0
DVL_PB,D,20240527,000000,1.57608,1.57608,1.52419,1.52419,0,0
DVL_PB,D,20240528,000000,1.52164,1.52164,1.48422,1.48422,0,0
DVL_PB,D,20240529,000000,1.47231,1.49613,1.43233,1.44849,0,0
DVL_PB,D,20240531,000000,1.44849,1.47486,1.42978,1.44169,0,0
DVL_PB,D,20240603,000000,1.44849,1.52164,1.44849,1.52164,0,0
DVL_PB,D,20240604,000000,1.53099,1.53099,1.48677,1.48677,0,0
DVL_PB,D,20240605,000000,1.48677,1.50803,1.48422,1.48847,0,0
DVL_PB,D,20240606,000000,1.48677,1.48847,1.46975,1.47486,0,0
DVL_PB,D,20240607,000000,1.48422,1.48422,1.4604,1.47486,0,0
DVL_PB,D,20240610,000000,1.46975,1.48166,1.45615,1.45615,0,0
DVL_PB,D,20240611,000000,1.45615,1.46806,1.40171,1.42042,0,0
DVL_PB,D,20240612,000000,1.42042,1.43914,1.40681,1.41618,0,0
DVL_PB,D,20240613,000000,1.42042,1.43914,1.41107,1.43233,0,0
DVL_PB,D,20240614,000000,1.49395,1.49395,1.37347,1.37347,0,0
DVL_PB,D,20240617,000000,1.37347,1.41981,1.35771,1.3883,0,0
DVL_PB,D,20240618,000000,1.3883,1.43278,1.3883,1.39386,0,0
DVL_PB,D,20240619,000000,1.40127,1.45781,1.40127,1.45503,0,0
DVL_PB,D,20240620,000000,1.45503,1.45781,1.43464,1.45039,0,0
DVL_PB,D,20240621,000000,1.45039,1.47078,1.40127,1.41981,0,0
DVL_PB,D,20240624,000000,1.42722,1.45781,1.42722,1.45781,0,0
DVL_PB,D,20240625,000000,1.46337,1.46615,1.43742,1.43742,0,0
DVL_PB,D,20240626,000000,1.44761,1.44761,1.41147,1.41147,0,0
DVL_PB,D,20240627,000000,1.41425,1.41425,1.40127,1.40683,0,0
DVL_PB,D,20240628,000000,1.42444,1.44483,1.40683,1.4402,0,0
DVL_PB,D,20240701,000000,1.45039,1.48839,1.43,1.48839,0,0
DVL_PB,D,20240702,000000,1.49395,1.49673,1.46337,1.49395,0,0
DVL_PB,D,20240703,000000,1.50136,1.51434,1.45503,1.50414,0,0
DVL_PB,D,20240704,000000,1.50414,1.50414,1.46337,1.48839,0,0
DVL_PB,D,20240705,000000,1.49395,1.52453,1.47078,1.47078,0,0
DVL_PB,D,20240708,000000,1.5097,1.5097,1.46059,1.48097,0,0
DVL_PB,D,20240709,000000,1.48376,1.50414,1.468,1.50136,0,0
DVL_PB,D,20240710,000000,1.47634,1.51156,1.47634,1.50136,0,0
DVL_PB,D,20240711,000000,1.50414,1.5199,1.50414,1.51434,0,0
DVL_PB,D,20240712,000000,1.5097,1.57087,1.50692,1.56624,0,0
DVL_PB,D,20240715,000000,1.56346,1.56346,1.55048,1.55512,0,0
DVL_PB,D,20240716,000000,1.55326,1.5579,1.5199,1.52453,0,0
DVL_PB,D,20240717,000000,1.52453,1.52453,1.47634,1.51156,0,0
DVL_PB,D,20240718,000000,1.51156,1.54029,1.50692,1.5097,0,0
DVL_PB,D,20240719,000000,1.51712,1.51712,1.47819,1.48839,0,0
DVL_PB,D,20240722,000000,1.46337,1.54029,1.46337,1.53473,0,0
DVL_PB,D,20240723,000000,1.53473,1.53473,1.48376,1.48839,0,0
DVL_PB,D,20240724,000000,1.48097,1.48654,1.468,1.47078,0,0
DVL_PB,D,20240725,000000,1.45781,1.47078,1.42166,1.47078,0,0
DVL_PB,D,20240726,000000,1.47078,1.47634,1.46337,1.46337,0,0
DVL_PB,D,20240729,000000,1.468,1.47634,1.45039,1.45039,0,0
DVL_PB,D,20240730,000000,1.44761,1.48376,1.43742,1.43742,0,0
DVL_PB,D,20240731,000000,1.43742,1.47356,1.43742,1.46059,0,0
DVL_PB,D,20240801,000000,1.42444,1.45039,1.40961,1.41703,0,0
DVL_PB,D,20240802,000000,1.43742,1.43742,1.3883,1.3883,0,0
DVL_PB,D,20240805,000000,1.36328,1.36328,1.29655,1.31416,0,0
DVL_PB,D,20240806,000000,1.29377,1.3503,1.29377,1.33733,0,0
DVL_PB,D,20240807,000000,1.33455,1.3503,1.31416,1.33177,0,0
DVL_PB,D,20240808,000000,1.33733,1.33733,1.2984,1.31694,0,0
DVL_PB,D,20240809,000000,1.31138,1.35493,1.31138,1.32991,0,0
DVL_PB,D,20240812,000000,1.32157,1.39386,1.32157,1.39386,0,0
DVL_PB,D,20240813,000000,1.39108,1.40961,1.36513,1.39942,0,0
DVL_PB,D,20240814,000000,1.40127,1.44483,1.39942,1.42444,0,0
DVL_PB,D,20240816,000000,1.42444,1.46059,1.42444,1.46059,0,0
DVL_PB,D,20240819,000000,1.43742,1.45039,1.41703,1.45039,0,0
DVL_PB,D,20240820,000000,1.45039,1.45039,1.39108,1.39664,0,0
DVL_PB,D,20240821,000000,1.39664,1.43464,1.39664,1.43464,0,0
DVL_PB,D,20240822,000000,1.43742,1.43742,1.39108,1.40405,0,0
DVL_PB,D,20240823,000000,1.41147,1.41147,1.3781,1.3883,0,0
DVL_PB,D,20240826,000000,1.38366,1.40405,1.37069,1.37069,0,0
DVL_PB,D,20240827,000000,1.40405,1.40683,1.37347,1.39664,0,0
DVL_PB,D,20240828,000000,1.3883,1.41703,1.36049,1.41703,0,0
DVL_PB,D,20240829,000000,1.41703,1.41981,1.39108,1.41147,0,0
DVL_PB,D,20240830,000000,1.42166,1.42166,1.39386,1.40405,0,0
DVL_PB,D,20240902,000000,1.38644,1.40127,1.37347,1.40127,0,0
DVL_PB,D,20240903,000000,1.40405,1.40683,1.34752,1.34752,0,0
DVL_PB,D,20240904,000000,1.33455,1.37625,1.33455,1.37347,0,0
DVL_PB,D,20240905,000000,1.3781,1.3781,1.33455,1.33455,0,0
DVL_PB,D,20240906,000000,1.36049,1.36049,1.31416,1.31416,0,0
DVL_PB,D,20240909,000000,1.3503,1.3503,1.30674,1.31416,0,0
DVL_PB,D,20240910,000000,1.31416,1.33455,1.27801,1.28357,0,0
DVL_PB,D,20240911,000000,1.28357,1.28635,1.2465,1.25762,0,0
DVL_PB,D,20240912,000000,1.31416,1.43278,1.30118,1.43,0,0
DVL_PB,D,20240913,000000,1.39386,1.56346,1.39386,1.56346,0,0
DVL_PB,D,20240916,000000,1.57458,1.58107,1.54678,1.56346,0,0
DVL_PB,D,20240917,000000,1.56346,1.5718,1.54678,1.5718,0,0
DVL_PB,D,20240918,000000,1.58107,1.67189,1.5579,1.67189,0,0
DVL_PB,D,20240919,000000,1.65428,1.70618,1.6515,1.67189,0,0
DVL_PB,D,20240920,000000,1.69506,1.69506,1.65428,1.66633,0,0
DVL_PB,D,20240923,000000,1.65428,1.7034,1.65428,1.69506,0,0
DVL_PB,D,20240924,000000,1.69506,1.69506,1.66633,1.66633,0,0
DVL_PB,D,20240925,000000,1.6515,1.68579,1.6515,1.67467,0,0
DVL_PB,D,20240926,000000,1.68857,1.73491,1.67467,1.71452,0,0
DVL_PB,D,20240927,000000,1.71174,1.71452,1.69506,1.69506,0,0
DVL_PB,D,20240930,000000,1.67745,1.70896,1.67745,1.70618,0,0
DVL_PB,D,20241001,000000,1.70896,1.72286,1.70062,1.71174,0,0
DVL_PB,D,20241002,000000,1.71174,1.73769,1.70618,1.7312,0,0
DVL_PB,D,20241003,000000,1.7312,1.7312,1.68301,1.68301,0,0
DVL_PB,D,20241004,000000,1.70062,1.70062,1.65428,1.68023,0,0
DVL_PB,D,20241007,000000,1.69506,1.69506,1.6515,1.65799,0,0
DVL_PB,D,20241008,000000,1.6376,1.66633,1.62648,1.66633,0,0
DVL_PB,D,20241009,000000,1.66355,1.68857,1.6515,1.68301,0,0
DVL_PB,D,20241010,000000,1.69135,1.69135,1.64316,1.64594,0,0
DVL_PB,D,20241011,000000,1.64594,1.69506,1.64594,1.69506,0,0
DVL_PB,D,20241014,000000,1.69506,1.69506,1.63204,1.64594,0,0
DVL_PB,D,20241015,000000,1.64316,1.68301,1.64038,1.67189,0,0
DVL_PB,D,20241016,000000,1.68023,1.69506,1.66077,1.66077,0,0
DVL_PB,D,20241017,000000,1.66355,1.67745,1.64594,1.66911,0,0
DVL_PB,D,20241018,000000,1.67189,1.72008,1.67189,1.72008,0,0
DVL_PB,D,20241021,000000,1.72008,1.73769,1.67745,1.67745,0,0
DVL_PB,D,20241022,000000,1.72008,1.72008,1.61165,1.61165,0,0
DVL_PB,D,20241023,000000,1.59497,1.63482,1.59497,1.63482,0,0
DVL_PB,D,20241024,000000,1.63482,1.64872,1.60053,1.64872,0,0
DVL_PB,D,20241025,000000,1.6515,1.69784,1.6515,1.68023,0,0
DVL_PB,D,20241028,000000,1.68023,1.69784,1.66911,1.66911,0,0
DVL_PB,D,20241029,000000,1.67189,1.68579,1.64594,1.64594,0,0
DVL_PB,D,20241030,000000,1.64594,1.67467,1.61721,1.61721,0,0
DVL_PB,D,20241031,000000,1.60516,1.63389,1.60516,1.63389,0,0
DVL_PB,D,20241104,000000,1.61721,1.65706,1.6135,1.65706,0,0
DVL_PB,D,20241105,000000,1.65984,1.67189,1.64594,1.67189,0,0
DVL_PB,D,20241106,000000,1.67189,1.70618,1.67189,1.67745,0,0
DVL_PB,D,20241107,000000,1.68301,1.70618,1.68023,1.70618,0,0
DVL_PB,D,20241108,000000,1.70618,1.70896,1.67467,1.67467,0,0
DVL_PB,D,20241112,000000,1.67467,1.70062,1.66262,1.67745,0,0
DVL_PB,D,20241113,000000,1.67745,1.67745,1.63111,1.63667,0,0
DVL_PB,D,20241114,000000,1.63667,1.68023,1.63667,1.67467,0,0
DVL_PB,D,20241115,000000,1.67467,1.69135,1.64316,1.69135,0,0
DVL_PB,D,20241118,000000,1.69135,1.70062,1.65984,1.70062,0,0
DVL_PB,D,20241119,000000,1.70062,1.70062,1.63111,1.67189,0,0
DVL_PB,D,20241120,000000,1.67467,1.73769,1.67467,1.71174,0,0
DVL_PB,D,20241121,000000,1.70062,1.70062,1.65706,1.6654,0,0
DVL_PB,D,20241122,000000,1.71452,1.73213,1.64594,1.65521,0,0
DVL_PB,D,20241125,000000,1.65521,1.66355,1.62277,1.64501,0,0
DVL_PB,D,20241126,000000,1.65335,1.66077,1.63945,1.65799,0,0
DVL_PB,D,20241127,000000,1.66077,1.66077,1.63667,1.64779,0,0
DVL_PB,D,20241128,000000,1.65799,1.65799,1.61165,1.62833,0,0
DVL_PB,D,20241129,000000,1.63111,1.64501,1.59775,1.63111,0,0
DVL_PB,D,20241202,000000,1.63111,1.65335,1.60331,1.63111,0,0
DVL_PB,D,20241203,000000,1.63389,1.64779,1.61443,1.63389,0,0
DVL_PB,D,20241204,000000,1.64223,1.64223,1.60331,1.60331,0,0
DVL_PB,D,20241205,000000,1.60331,1.62555,1.58107,1.60887,0,0
DVL_PB,D,20241206,000000,1.60887,1.62277,1.60609,1.60609,0,0
DVL_PB,D,20241209,000000,1.61443,1.63945,1.60609,1.61999,0,0
DVL_PB,D,20241210,000000,1.61999,1.61999,1.58941,1.59775,0,0
DVL_PB,D,20241211,000000,1.59775,1.60609,1.58663,1.59775,0,0
DVL_PB,D,20241212,000000,1.60053,1.60053,1.57272,1.57551,0,0
DVL_PB,D,20241213,000000,1.56994,1.59775,1.5616,1.59497,0,0
DVL_PB,D,20241216,000000,1.59497,1.63111,1.59497,1.63111,0,0
DVL_PB,D,20241217,000000,1.63111,1.63111,1.56994,1.57272,0,0
DVL_PB,D,20241218,000000,1.57272,1.58941,1.54029,1.55141,0,0
DVL_PB,D,20241219,000000,1.53751,1.54029,1.50692,1.52917,0,0
DVL_PB,D,20241220,000000,1.52917,1.56438,1.51248,1.56438,0,0
DVL_PB,D,20241223,000000,1.56994,1.56994,1.54307,1.54585,0,0
DVL_PB,D,20241227,000000,1.54307,1.55419,1.51805,1.51805,0,0
DVL_PB,D,20241230,000000,1.51805,1.53751,1.51527,1.51805,0,0
DVL_PB,D,20250102,000000,1.52361,1.59219,1.5097,1.59219,0,0
DVL_PB,D,20250103,000000,1.59775,1.63667,1.59775,1.61443,0,0
DVL_PB,D,20250107,000000,1.63667,1.63667,1.59219,1.61165,0,0
DVL_PB,D,20250108,000000,1.61165,1.61721,1.59775,1.59775,0,0
DVL_PB,D,20250109,000000,1.59775,1.63389,1.59775,1.62555,0,0
DVL_PB,D,20250110,000000,1.61999,1.63111,1.58941,1.61721,0,0
DVL_PB,D,20250113,000000,1.61999,1.61999,1.59219,1.59775,0,0
DVL_PB,D,20250114,000000,1.60331,1.61165,1.60053,1.60331,0,0
DVL_PB,D,20250115,000000,1.59775,1.61165,1.59775,1.61165,0,0
DVL_PB,D,20250116,000000,1.61165,1.61443,1.59219,1.59775,0,0
DVL_PB,D,20250117,000000,1.60053,1.60887,1.58107,1.58663,0,0
DVL_PB,D,20250120,000000,1.59775,1.60887,1.58941,1.59497,0,0
DVL_PB,D,20250121,000000,1.60609,1.61443,1.58941,1.61443,0,0
DVL_PB,D,20250122,000000,1.61721,1.61721,1.59497,1.61443,0,0
DVL_PB,D,20250123,000000,1.60887,1.60887,1.58385,1.60053,0,0
DVL_PB,D,20250124,000000,1.60053,1.60887,1.59219,1.59219,0,0
DVL_PB,D,20250127,000000,1.58941,1.58941,1.56531,1.57551,0,0
DVL_PB,D,20250128,000000,1.57551,1.58385,1.54863,1.55697,0,0
DVL_PB,D,20250129,000000,1.54307,1.57272,1.54307,1.57272,0,0
DVL_PB,D,20250130,000000,1.56531,1.58385,1.55697,1.57551,0,0
DVL_PB,D,20250131,000000,1.55697,1.55975,1.54585,1.54585,0,0
DVL_PB,D,20250203,000000,1.54585,1.55975,1.52639,1.54307,0,0
DVL_PB,D,20250204,000000,1.52083,1.56809,1.52083,1.56253,0,0
DVL_PB,D,20250205,000000,1.54585,1.57551,1.54585,1.56531,0,0
DVL_PB,D,20250206,000000,1.56531,1.62833,1.56531,1.62833,0,0
DVL_PB,D,20250207,000000,1.62555,1.63111,1.60609,1.62555,0,0
DVL_PB,D,20250210,000000,1.62555,1.63389,1.59775,1.63389,0,0
DVL_PB,D,20250211,000000,1.61443,1.63389,1.60331,1.60331,0,0
DVL_PB,D,20250212,000000,1.61999,1.62833,1.58385,1.60053,0,0
DVL_PB,D,20250213,000000,1.60331,1.60887,1.57829,1.59219,0,0
DVL_PB,D,20250214,000000,1.59219,1.62277,1.58385,1.60887,0,0
DVL_PB,D,20250217,000000,1.60887,1.61443,1.56531,1.57087,0,0
DVL_PB,D,20250218,000000,1.57829,1.62833,1.57829,1.60609,0,0
DVL_PB,D,20250219,000000,1.62555,1.62833,1.59219,1.61443,0,0
DVL_PB,D,20250220,000000,1.61443,1.61443,1.58941,1.60331,0,0
DVL_PB,D,20250221,000000,1.61165,1.61165,1.58941,1.60053,0,0
DVL_PB,D,20250224,000000,1.60053,1.60609,1.58385,1.58663,0,0
DVL_PB,D,20250225,000000,1.58385,1.59775,1.57551,1.58941,0,0
DVL_PB,D,20250226,000000,1.58941,1.60053,1.58385,1.58663,0,0
DVL_PB,D,20250227,000000,1.60053,1.60053,1.58385,1.59497,0,0
DVL_PB,D,20250228,000000,1.58385,1.59219,1.56809,1.56809,0,0
DVL_PB,D,20250303,000000,1.57829,1.58941,1.57087,1.58385,0,0
DVL_PB,D,20250304,000000,1.58385,1.58663,1.52917,1.52917,0,0
DVL_PB,D,20250305,000000,1.54307,1.58385,1.54307,1.58385,0,0
DVL_PB,D,20250306,000000,1.58385,1.58941,1.57087,1.57551,0,0
DVL_PB,D,20250307,000000,1.57087,1.57829,1.55975,1.57829,0,0
DVL_PB,D,20250310,000000,1.57829,1.61443,1.57272,1.61443,0,0
DVL_PB,D,20250311,000000,1.61443,1.62833,1.59775,1.59775,0,0
DVL_PB,D,20250312,000000,1.59775,1.62277,1.59775,1.62277,0,0
DVL_PB,D,20250313,000000,1.61999,1.62833,1.61165,1.61999,0,0
DVL_PB,D,20250314,000000,1.61999,1.62555,1.60887,1.61165,0,0
DVL_PB,D,20250317,000000,1.62277,1.69135,1.62277,1.69135,0,0
DVL_PB,D,20250318,000000,1.69135,1.77476,1.69135,1.77198,0,0
DVL_PB,D,20250319,000000,1.77661,1.77939,1.74418,1.74418,0,0
DVL_PB,D,20250320,000000,1.76364,1.78217,1.73028,1.75808,0,0
DVL_PB,D,20250321,000000,1.75252,1.81276,1.74696,1.80998,0,0
DVL_PB,D,20250324,000000,1.80998,1.84334,1.80998,1.81832,0,0
DVL_PB,D,20250325,000000,1.81832,1.86836,1.81554,1.85724,0,0
DVL_PB,D,20250326,000000,1.86002,1.86002,1.7933,1.79608,0,0
DVL_PB,D,20250327,000000,1.81832,1.81832,1.7933,1.80164,0,0
DVL_PB,D,20250328,000000,1.80164,1.80164,1.7553,1.75808,0,0
DVL_PB,D,20250331,000000,1.77939,1.80164,1.76642,1.79608,0,0
DVL_PB,D,20250401,000000,1.79608,1.85168,1.78495,1.84334,0,0
DVL_PB,D,20250402,000000,1.84612,1.84612,1.81832,1.83778,0,0
DVL_PB,D,20250403,000000,1.83222,1.83222,1.78495,1.7933,0,0
DVL_PB,D,20250404,000000,1.8072,1.8869,1.53287,1.53287,0,0
DVL_PB,D,20250407,000000,1.50878,1.54863,1.46151,1.51619,0,0
DVL_PB,D,20250408,000000,1.55326,1.56809,1.55048,1.56809,0,0
DVL_PB,D,20250409,000000,1.56253,1.6274,1.56253,1.61999,0,0
DVL_PB,D,20250410,000000,1.65706,1.65706,1.61536,1.61536,0,0
DVL_PB,D,20250411,000000,1.63018,1.66447,1.61536,1.65706,0,0
DVL_PB,D,20250414,000000,1.66911,1.70896,1.66911,1.70896,0,0
DVL_PB,D,20250415,000000,1.71359,1.80071,1.71359,1.7933,0,0
DVL_PB,D,20250416,000000,1.7933,1.7933,1.73398,1.76827,0,0
DVL_PB,D,20250417,000000,1.76827,1.76827,1.74881,1.76086,0,0
DVL_PB,D,20250422,000000,1.74603,1.82759,1.74603,1.79515,0,0
DVL_PB,D,20250423,000000,1.80534,1.83037,1.80071,1.80071,0,0
DVL_PB,D,20250424,000000,1.79052,1.82759,1.79052,1.80256,0,0
DVL_PB,D,20250425,000000,1.80534,1.84241,1.80071,1.83037,0,0
DVL_PB,D,20250428,000000,1.83037,1.83963,1.80256,1.81554,0,0
DVL_PB,D,20250429,000000,1.82759,1.83963,1.80534,1.83037,0,0
DVL_PB,D,20250430,000000,1.83037,1.84519,1.78032,1.84519,0,0
DVL_PB,D,20250502,000000,1.86466,1.9286,1.86466,1.92119,0,0
DVL_PB,D,20250505,000000,1.92397,1.94621,1.91192,1.94621,0,0
DVL_PB,D,20250506,000000,1.95363,1.97123,1.93602,1.96382,0,0
DVL_PB,D,20250507,000000,1.97309,1.98792,1.96382,1.97587,0,0
DVL_PB,D,20250508,000000,1.95641,2.05742,1.95641,1.95641,0,0
DVL_PB,D,20250509,000000,1.95363,2.04074,1.95363,1.99811,0,0
DVL_PB,D,20250512,000000,1.99811,2.05557,1.99811,2.02777,0,0
DVL_PB,D,20250513,000000,2.02035,2.05742,1.96567,2.03796,0,0
DVL_PB,D,20250514,000000,2.05742,2.09728,2.05742,2.07781,0,0
DVL_PB,D,20250515,000000,2.08708,2.09728,2.0426,2.09728,0,0
DVL_PB,D,20250516,000000,2.09728,2.09728,2.05557,2.07781,0,0
DVL_PB,D,20250519,000000,2.07781,2.07967,1.99811,2.0185,0,0
DVL_PB,D,20250520,000000,1.99348,2.02777,1.96567,2.01294,0,0
DVL_PB,D,20250521,000000,2.00089,2.00831,1.96567,1.98606,0,0
DVL_PB,D,20250522,000000,1.9907,2.04538,1.97587,2.02777,0,0
DVL_PB,D,20250523,000000,1.96845,2.02313,1.93138,1.93138,0,0
DVL_PB,D,20250526,000000,1.92397,1.93324,1.89061,1.89061,0,0
DVL_PB,D,20250527,000000,1.89987,1.89987,1.83593,1.83593,0,0
DVL_PB,D,20250528,000000,1.85539,1.85539,1.8072,1.81461,0,0
DVL_PB,D,20250529,000000,1.81924,1.88319,1.81646,1.81646,0,0
DVL_PB,D,20250530,000000,1.80998,1.86466,1.80998,1.85539,0,0
DVL_PB,D,20250602,000000,1.83129,1.89061,1.83129,1.88597,0,0
DVL_PB,D,20250603,000000,1.88597,1.90265,1.84334,1.88319,0,0
DVL_PB,D,20250604,000000,1.88134,1.89061,1.85261,1.85724,0,0
DVL_PB,D,20250605,000000,1.85539,1.89524,1.84056,1.87114,0,0
DVL_PB,D,20250606,000000,1.88597,1.88597,1.84334,1.85539,0,0
DVL_PB,D,20250609,000000,1.86002,1.93138,1.86002,1.93138,0,0
DVL_PB,D,20250610,000000,1.94065,1.94992,1.89987,1.89987,0,0
DVL_PB,D,20250611,000000,1.93602,1.93602,1.89061,1.89987,0,0
DVL_PB,D,20250612,000000,1.90265,1.90265,1.84334,1.88319,0,0
DVL_PB,D,20250613,000000,1.881,1.935,1.848,1.848,0,0
DVL_PB,D,20250616,000000,1.871,1.891,1.845,1.845,0,0
DVL_PB,D,20250617,000000,1.817,1.85,1.804,1.835,0,0
DVL_PB,D,20250618,000000,1.835,1.86,1.812,1.812,0,0
DVL_PB,D,20250620,000000,1.801,1.881,1.783,1.783,0,0
DVL_PB,D,20250623,000000,1.783,1.881,1.783,1.873,0,0
DVL_PB,D,20250624,000000,1.891,1.917,1.871,1.886,0,0
DVL_PB,D,20250625,000000,1.904,1.904,1.853,1.853,0,0
DVL_PB,D,20250626,000000,1.853,1.989,1.853,1.989,0,0
DVL_PB,D,20250627,000000,1.989,1.989,1.955,1.955,0,0
DVL_PB,D,20250630,000000,2.014,2.022,1.973,1.976,0,0
DVL_PB,D,20250701,000000,1.976,2.007,1.901,1.963,0,0
DVL_PB,D,20250702,000000,1.95,1.973,1.904,1.904,0,0
DVL_PB,D,20250703,000000,1.919,1.95,1.912,1.937,0,0
DVL_PB,D,20250704,000000,1.963,2.002,1.925,1.935,0,0
DVL_PB,D,20250707,000000,1.904,1.922,1.863,1.878,0,0
DVL_PB,D,20250708,000000,1.876,1.922,1.848,1.848,0,0
DVL_PB,D,20250709,000000,1.842,1.937,1.842,1.919,0,0
DVL_PB,D,20250710,000000,1.93,1.963,1.896,1.932,0,0
DVL_PB,D,20250711,000000,1.925,1.927,1.896,1.912,0,0
DVL_PB,D,20250714,000000,1.925,1.999,1.925,1.999,0,0
DVL_PB,D,20250715,000000,2.002,2.125,2.002,2.114,0,0
DVL_PB,D,20250716,000000,2.114,2.114,2.04,2.078,0,0
DVL_PB,D,20250717,000000,2.078,2.112,2.055,2.112,0,0
DVL_PB,D,20250718,000000,2.114,2.14,2.102,2.102,0,0
DVL_PB,D,20250721,000000,2.104,2.125,2.053,2.089,0,0
DVL_PB,D,20250722,000000,2.089,2.12,2.053,2.12,0,0
DVL_PB,D,20250723,000000,2.12,2.166,2.107,2.143,0,0
DVL_PB,D,20250724,000000,2.155,2.186,2.143,2.15,0,0
DVL_PB,D,20250725,000000,2.15,2.232,2.15,2.232,0,0
DVL_PB,D,20250728,000000,2.232,2.232,2.181,2.181,0,0
DVL_PB,D,20250729,000000,2.207,2.217,2.094,2.13,0,0
DVL_PB,D,20250730,000000,2.13,2.15,2.12,2.12,0,0
DVL_PB,D,20250731,000000,2.112,2.148,2.112,2.148,0,0
DVL_PB,D,20250801,000000,2.148,2.148,2.099,2.099,0,0
DVL_PB,D,20250804,000000,2.15,2.155,2.094,2.135,0,0
DVL_PB,D,20250805,000000,2.104,2.127,2.066,2.068,0,0
DVL_PB,D,20250806,000000,2.068,2.114,2.068,2.104,0,0
DVL_PB,D,20250807,000000,2.13,2.247,2.125,2.247,0,0
DVL_PB,D,20250808,000000,2.234,2.234,2.169,2.205,0,0
DVL_PB,D,20250811,000000,2.197,2.197,2.133,2.143,0,0
DVL_PB,D,20250812,000000,2.14,2.143,2.078,2.101,0,0
DVL_PB,D,20250813,000000,2.096,2.156,2.096,2.156,0,0
DVL_PB,D,20250814,000000,2.156,2.156,2.094,2.138,0,0
DVL_PB,D,20250818,000000,2.117,2.174,2.109,2.146,0,0
DVL_PB,D,20250819,000000,2.146,2.161,2.117,2.156,0,0
DVL_PB,D,20250820,000000,2.156,2.156,2.094,2.14,0,0
DVL_PB,D,20250821,000000,2.14,2.153,2.112,2.146,0,0
DVL_PB,D,20250822,000000,2.143,2.143,2.096,2.114,0,0
DVL_PB,D,20250825,000000,2.114,2.125,2.101,2.125,0,0
DVL_PB,D,20250826,000000,2.104,2.138,2.104,2.138,0,0
DVL_PB,D,20250827,000000,2.13,2.138,2.099,2.12,0,0
DVL_PB,D,20250828,000000,2.138,2.158,2.086,2.158,0,0
DVL_PB,D,20250829,000000,2.156,2.166,2.135,2.156,0,0
DVL_PB,D,20250901,000000,2.156,2.156,2.083,2.083,0,0
DVL_PB,D,20250902,000000,2.101,2.101,2.055,2.081,0,0
DVL_PB,D,20250903,000000,2.112,2.117,2.068,2.117,0,0
DVL_PB,D,20250904,000000,2.125,2.151,2.083,2.094,0,0
DVL_PB,D,20250905,000000,2.14,2.14,2.047,2.068,0,0
DVL_PB,D,20250908,000000,2.068,2.091,2.06,2.091,0,0
DVL_PB,D,20250909,000000,2.099,2.099,2.023,2.049,0,0
DVL_PB,D,20250910,000000,2.049,2.049,1.966,2.005,0,0
DVL_PB,D,20250911,000000,2.003,2.016,1.992,2.005,0,0
DVL_PB,D,20250912,000000,2.036,2.083,2.005,2.081,0,0
DVL_PB,D,20250915,000000,2.052,2.321,2.052,2.321,0,0
DVL_PB,D,20250916,000000,2.338,2.338,2.272,2.309,0,0
DVL_PB,D,20250917,000000,2.315,2.315,2.267,2.312,0,0
DVL_PB,D,20250918,000000,2.286,2.303,2.258,2.301,0,0
DVL_PB,D,20250919,000000,2.272,2.301,2.249,2.249,0,0
DVL_PB,D,20250922,000000,2.269,2.281,2.244,2.278,0,0
DVL_PB,D,20250923,000000,2.272,2.306,2.272,2.272,0,0
DVL_PB,D,20250924,000000,2.301,2.301,2.232,2.272,0,0
DVL_PB,D,20250925,000000,2.278,2.329,2.278,2.306,0,0
DVL_PB,D,20250926,000000,2.315,2.332,2.295,2.323,0,0
DVL_PB,D,20250929,000000,2.335,2.335,2.267,2.275,0,0
DVL_PB,D,20250930,000000,2.272,2.295,2.249,2.295,0,0
DVL_PB,D,20251001,000000,2.295,2.335,2.275,2.329,0,0
DVL_PB,D,20251002,000000,2.343,2.357,2.329,2.329,0,0
DVL_PB,D,20251003,000000,2.355,2.355,2.303,2.343,0,0
DVL_PB,D,20251006,000000,2.343,2.349,2.303,2.303,0,0
DVL_PB,D,20251007,000000,2.326,2.357,2.295,2.318,0,0
DVL_PB,D,20251008,000000,2.315,2.315,2.241,2.244,0,0
DVL_PB,D,20251009,000000,2.241,2.292,2.241,2.247,0,0
DVL_PB,D,20251010,000000,2.258,2.272,2.244,2.261,0,0
DVL_PB,D,20251013,000000,2.252,2.272,2.232,2.252,0,0
DVL_PB,D,20251014,000000,2.269,2.269,2.213,2.247,0,0
DVL_PB,D,20251015,000000,2.247,2.255,2.21,2.255,0,0
DVL_PB,D,20251016,000000,2.23,2.252,2.218,2.218,0,0
DVL_PB,D,20251017,000000,2.241,2.306,2.21,2.303,0,0
DVL_PB,D,20251020,000000,2.303,2.355,2.298,2.332,0,0
DVL_PB,D,20251021,000000,2.329,2.383,2.329,2.383,0,0
DVL_PB,D,20251022,000000,2.383,2.414,2.377,2.406,0,0
DVL_PB,D,20251023,000000,2.414,2.417,2.374,2.386,0,0
DVL_PB,D,20251024,000000,2.403,2.403,2.338,2.386,0,0
DVL_PB,D,20251027,000000,2.363,2.386,2.329,2.332,0,0
DVL_PB,D,20251028,000000,2.332,2.383,2.329,2.352,0,0
DVL_PB,D,20251029,000000,2.369,2.386,2.352,2.386,0,0
DVL_PB,D,20251030,000000,2.386,2.386,2.321,2.321,0,0
DVL_PB,D,20251031,000000,2.343,2.369,2.321,2.321,0,0
DVL_PB,D,20251103,000000,2.321,2.372,2.321,2.349,0,0
DVL_PB,D,20251104,000000,2.355,2.374,2.306,2.372,0,0
DVL_PB,D,20251105,000000,2.332,2.38,2.332,2.372,0,0
DVL_PB,D,20251106,000000,2.386,2.423,2.372,2.392,0,0
DVL_PB,D,20251107,000000,2.414,2.414,2.36,2.383,0,0
DVL_PB,D,20251110,000000,2.383,2.445,2.374,2.445,0,0
DVL_PB,D,20251112,000000,2.465,2.499,2.451,2.499,0,0
DVL_PB,D,20251113,000000,2.482,2.525,2.477,2.499,0,0
DVL_PB,D,20251114,000000,2.497,2.497,2.428,2.465,0,0
DVL_PB,D,20251117,000000,2.488,2.491,2.44,2.443,0,0
DVL_PB,D,20251118,000000,2.443,2.443,2.329,2.397,0,0
DVL_PB,D,20251119,000000,2.397,2.397,2.36,2.377,0,0
DVL_PB,D,20251120,000000,2.383,2.406,2.355,2.406,0,0
DVL_PB,D,20251121,000000,2.377,2.377,2.198,2.215,0,0
DVL_PB,D,20251124,000000,2.247,2.247,2.19,2.196,0,0
DVL_PB,D,20251125,000000,2.201,2.201,2.016,2.016,0,0
DVL_PB,D,20251126,000000,2.037,2.065,2.018,2.039,0,0
DVL_PB,D,20251127,000000,2.037,2.037,2.023,2.029,0,0
DVL_PB,D,20251128,000000,2.034,2.037,2.026,2.034,0,0
DVL_PB,D,20251201,000000,2.034,2.06,2.034,2.047,0,0
DVL_PB,D,20251202,000000,2.037,2.047,2.026,2.042,0,0
DVL_PB,D,20251203,000000,2.039,2.11,2.034,2.091,0,0
DVL_PB,D,20251204,000000,2.096,2.162,2.096,2.146,0,0
DVL_PB,D,20251205,000000,2.156,2.172,2.11,2.143,0,0
DVL_PB,D,20251208,000000,2.172,2.172,2.107,2.138,0,0
DVL_PB,D,20251209,000000,2.159,2.159,2.073,2.133,0,0
DVL_PB,D,20251210,000000,2.138,2.156,2.096,2.112,0,0
DVL_PB,D,20251211,000000,2.13,2.159,2.089,2.159,0,0
DVL_PB,D,20251212,000000,2.146,2.19,2.138,2.138,0,0
DVL_PB,D,20251215,000000,2.138,2.138,2.107,2.117,0,0
DVL_PB,D,20251216,000000,2.128,2.17,2.102,2.17,0,0
DVL_PB,D,20251217,000000,2.175,2.201,2.156,2.172,0,0
DVL_PB,D,20251218,000000,2.17,2.17,2.136,2.149,0,0
DVL_PB,D,20251219,000000,2.172,2.237,2.117,2.117,0,0
DVL_PB,D,20251222,000000,2.133,2.164,2.123,2.164,0,0
DVL_PB,D,20251223,000000,2.188,2.201,2.146,2.18,0,0
DVL_PB,D,20251229,000000,2.201,2.211,2.17,2.196,0,0
DVL_PB,D,20251230,000000,2.196,2.216,2.188,2.203,0,0
DVL_PB,D,20260102,000000,2.269,2.269,2.214,2.229,0,0
DVL_PB,D,20260105,000000,2.24,2.24,2.19,2.203,0,0
DVL_PB,D,20260107,000000,2.227,2.237,2.201,2.232,0,0
DVL_PB,D,20260108,000000,2.25,2.256,2.235,2.243,0,0
DVL_PB,D,20260109,000000,2.253,2.263,2.229,2.263,0,0
DVL_PB,D,20260112,000000,2.295,2.295,2.287,2.295,0,0
DVL_PB,D,20260113,000000,2.31,2.313,2.271,2.308,0,0
DVL_PB,D,20260114,000000,2.321,2.321,2.261,2.305,0,0
DVL_PB,D,20260115,000000,2.321,2.344,2.284,2.342,0,0
DVL_PB,D,20260116,000000,2.344,2.344,2.305,2.334,0,0
DVL_PB,D,20260119,000000,2.334,2.347,2.292,2.347,0,0
DVL_PB,D,20260120,000000,2.347,2.347,2.3,2.342,0,0
DVL_PB,D,20260121,000000,2.336,2.375,2.326,2.375,0,0
DVL_PB,D,20260122,000000,2.375,2.438,2.368,2.383,0,0
DVL_PB,D,20260123,000000,2.381,2.425,2.381,2.396,0,0
