<TICKER>,<PER>,<DATE>,<TIME>,<OPEN>,<HIGH>,<LOW>,<CLOSE>,<VOL>,<OPENINT>
FMG_MV,D,20100120,000000,55.86,55.86,55.86,55.86,0,0
FMG_MV,D,20100121,000000,59.09,59.98,54.1,59.98,0,0
FMG_MV,D,20100122,000000,60.27,66.15,57.33,61.74,0,0
FMG_MV,D,20100125,000000,61.74,61.74,55.86,58.8,0,0
FMG_MV,D,20100126,000000,58.51,58.8,57.92,58.8,0,0
FMG_MV,D,20100127,000000,58.8,58.8,58.8,58.8,0,0
FMG_MV,D,20100128,000000,57.92,57.92,57.62,57.92,0,0
FMG_MV,D,20100129,000000,61.74,62.92,60.27,61.74,0,0
FMG_MV,D,20100201,000000,64.39,68.8,64.39,67.62,0,0
FMG_MV,D,20100202,000000,69.97,75.56,67.62,75.56,0,0
FMG_MV,D,20100203,000000,77.62,94.08,77.62,89.96,0,0
FMG_MV,D,20100204,000000,89.96,99.96,83.79,83.79,0,0
FMG_MV,D,20100205,000000,87.91,92.32,82.32,88.2,0,0
FMG_MV,D,20100208,000000,94.08,96.14,81.73,81.73,0,0
FMG_MV,D,20100209,000000,83.79,97.02,83.79,92.61,0,0
FMG_MV,D,20100210,000000,94.37,99.67,85.26,92.61,0,0
FMG_MV,D,20100211,000000,90.55,92.32,73.5,78.79,0,0
FMG_MV,D,20100212,000000,80.56,80.56,73.5,77.91,0,0
FMG_MV,D,20100215,000000,77.91,79.97,77.91,79.97,0,0
FMG_MV,D,20100216,000000,79.09,79.09,68.8,69.09,0,0
FMG_MV,D,20100217,000000,67.62,73.5,67.62,73.21,0,0
FMG_MV,D,20100218,000000,72.62,72.91,67.91,72.03,0,0
FMG_MV,D,20100222,000000,72.03,76.44,72.03,76.44,0,0
FMG_MV,D,20100223,000000,67.91,73.5,61.15,71.74,0,0
FMG_MV,D,20100224,000000,71.15,71.15,71.15,71.15,0,0
FMG_MV,D,20100225,000000,67.91,67.91,67.62,67.62,0,0
FMG_MV,D,20100226,000000,70.56,73.5,70.56,73.5,0,0
FMG_MV,D,20100301,000000,70.56,73.21,70.56,73.21,0,0
FMG_MV,D,20100302,000000,67.62,70.56,65.56,69.09,0,0
FMG_MV,D,20100304,000000,67.62,69.09,66.15,66.15,0,0
FMG_MV,D,20100305,000000,72.62,73.21,72.62,72.91,0,0
FMG_MV,D,20100309,000000,68.5,68.5,67.62,68.5,0,0
FMG_MV,D,20100310,000000,67.62,67.62,65.27,65.27,0,0
FMG_MV,D,20100311,000000,65.27,67.62,63.8,67.62,0,0
FMG_MV,D,20100312,000000,65.27,67.62,63.5,67.62,0,0
FMG_MV,D,20100315,000000,63.8,66.15,62.33,65.27,0,0
FMG_MV,D,20100316,000000,63.5,66.74,63.21,66.74,0,0
FMG_MV,D,20100317,000000,63.21,68.21,63.21,68.21,0,0
FMG_MV,D,20100318,000000,65.56,68.5,62.33,68.5,0,0
FMG_MV,D,20100319,000000,67.91,67.91,63.8,67.62,0,0
FMG_MV,D,20100322,000000,62.33,68.8,61.15,61.15,0,0
FMG_MV,D,20100323,000000,63.21,63.21,61.15,61.45,0,0
FMG_MV,D,20100324,000000,63.21,63.21,61.15,61.15,0,0
FMG_MV,D,20100325,000000,63.21,63.21,63.21,63.21,0,0
FMG_MV,D,20100326,000000,64.39,65.86,59.39,65.56,0,0
FMG_MV,D,20100329,000000,60.27,63.21,59.68,61.15,0,0
FMG_MV,D,20100330,000000,64.09,64.09,64.09,64.09,0,0
FMG_MV,D,20100331,000000,62.03,62.03,61.74,61.74,0,0
FMG_MV,D,20100401,000000,61.74,62.62,59.68,62.62,0,0
FMG_MV,D,20100406,000000,59.39,59.68,59.39,59.68,0,0
FMG_MV,D,20100407,000000,59.98,60.27,56.74,58.8,0,0
FMG_MV,D,20100408,000000,61.15,61.15,61.15,61.15,0,0
FMG_MV,D,20100409,000000,61.15,61.15,61.15,61.15,0,0
FMG_MV,D,20100412,000000,58.8,62.62,58.8,62.62,0,0
FMG_MV,D,20100413,000000,60.27,62.62,60.27,62.62,0,0
FMG_MV,D,20100414,000000,62.62,64.09,62.62,64.09,0,0
FMG_MV,D,20100415,000000,63.5,65.56,63.5,65.56,0,0
FMG_MV,D,20100416,000000,60.86,65.56,60.86,65.56,0,0
FMG_MV,D,20100419,000000,61.15,64.09,54.39,61.74,0,0
FMG_MV,D,20100420,000000,61.74,63.8,61.74,63.8,0,0
FMG_MV,D,20100421,000000,59.09,62.33,58.8,62.33,0,0
FMG_MV,D,20100422,000000,62.33,62.33,61.74,61.74,0,0
FMG_MV,D,20100423,000000,58.8,61.74,58.21,61.74,0,0
FMG_MV,D,20100427,000000,61.15,61.15,56.45,56.45,0,0
FMG_MV,D,20100428,000000,60.27,60.27,60.27,60.27,0,0
FMG_MV,D,20100429,000000,61.15,63.8,60.27,62.62,0,0
FMG_MV,D,20100430,000000,65.56,65.56,65.56,65.56,0,0
FMG_MV,D,20100504,000000,63.21,64.09,62.62,62.62,0,0
FMG_MV,D,20100505,000000,64.09,64.39,64.09,64.39,0,0
FMG_MV,D,20100506,000000,66.74,66.74,66.74,66.74,0,0
FMG_MV,D,20100507,000000,62.62,66.74,62.62,66.74,0,0
FMG_MV,D,20100510,000000,63.21,63.21,63.21,63.21,0,0
FMG_MV,D,20100512,000000,63.21,63.21,60.86,60.86,0,0
FMG_MV,D,20100513,000000,62.92,66.74,60.86,66.74,0,0
FMG_MV,D,20100517,000000,66.15,66.15,66.15,66.15,0,0
FMG_MV,D,20100518,000000,64.39,64.39,64.39,64.39,0,0
FMG_MV,D,20100519,000000,67.03,67.03,67.03,67.03,0,0
FMG_MV,D,20100520,000000,66.74,66.74,66.44,66.44,0,0
FMG_MV,D,20100521,000000,65.86,65.86,65.86,65.86,0,0
FMG_MV,D,20100525,000000,60.56,64.97,57.92,62.92,0,0
FMG_MV,D,20100526,000000,58.8,58.8,58.8,58.8,0,0
FMG_MV,D,20100527,000000,59.09,62.33,58.51,62.33,0,0
FMG_MV,D,20100528,000000,58.8,63.21,58.8,63.21,0,0
FMG_MV,D,20100531,000000,59.09,63.21,59.09,63.21,0,0
FMG_MV,D,20100601,000000,58.8,61.74,58.8,61.74,0,0
FMG_MV,D,20100602,000000,58.51,61.74,58.51,61.74,0,0
FMG_MV,D,20100604,000000,58.51,61.74,58.51,61.74,0,0
FMG_MV,D,20100607,000000,58.51,61.15,58.51,61.15,0,0
FMG_MV,D,20100608,000000,58.51,61.15,58.51,61.15,0,0
FMG_MV,D,20100610,000000,61.15,61.15,61.15,61.15,0,0
FMG_MV,D,20100611,000000,58.51,58.51,58.51,58.51,0,0
FMG_MV,D,20100614,000000,61.15,61.15,61.15,61.15,0,0
FMG_MV,D,20100615,000000,61.15,61.15,61.15,61.15,0,0
FMG_MV,D,20100618,000000,58.51,64.39,55.86,64.39,0,0
FMG_MV,D,20100621,000000,56.15,64.09,56.15,64.09,0,0
FMG_MV,D,20100622,000000,57.04,57.04,57.04,57.04,0,0
FMG_MV,D,20100623,000000,57.04,57.04,57.04,57.04,0,0
FMG_MV,D,20100625,000000,63.21,63.21,57.62,63.21,0,0
FMG_MV,D,20100629,000000,57.62,63.21,57.62,63.21,0,0
FMG_MV,D,20100702,000000,55.86,55.86,55.27,55.27,0,0
FMG_MV,D,20100706,000000,58.8,62.62,58.8,62.62,0,0
FMG_MV,D,20100707,000000,59.39,59.39,59.39,59.39,0,0
FMG_MV,D,20100708,000000,59.39,61.45,59.39,61.45,0,0
FMG_MV,D,20100715,000000,56.74,60.86,50.57,60.86,0,0
FMG_MV,D,20100720,000000,55.86,58.51,52.04,52.04,0,0
FMG_MV,D,20100721,000000,58.51,58.51,58.51,58.51,0,0
FMG_MV,D,20100726,000000,58.51,59.98,52.92,59.98,0,0
FMG_MV,D,20100727,000000,59.98,59.98,59.98,59.98,0,0
FMG_MV,D,20100730,000000,58.8,58.8,58.8,58.8,0,0
FMG_MV,D,20100802,000000,58.8,59.98,58.8,59.98,0,0
FMG_MV,D,20100806,000000,59.09,59.09,59.09,59.09,0,0
FMG_MV,D,20100810,000000,59.98,70.85,59.98,69.97,0,0
FMG_MV,D,20100811,000000,73.21,73.5,73.21,73.21,0,0
FMG_MV,D,20100812,000000,72.03,72.32,65.27,65.27,0,0
FMG_MV,D,20100813,000000,61.74,71.15,61.74,71.15,0,0
FMG_MV,D,20100816,000000,59.98,67.62,59.98,67.62,0,0
FMG_MV,D,20100817,000000,64.68,64.68,64.68,64.68,0,0
FMG_MV,D,20100820,000000,59.39,59.39,59.39,59.39,0,0
FMG_MV,D,20100824,000000,59.39,63.21,59.39,63.21,0,0
FMG_MV,D,20100825,000000,60.27,63.21,58.8,63.21,0,0
FMG_MV,D,20100827,000000,58.8,58.8,58.8,58.8,0,0
FMG_MV,D,20100830,000000,63.21,63.21,63.21,63.21,0,0
FMG_MV,D,20100831,000000,59.09,59.09,58.51,58.51,0,0
FMG_MV,D,20100902,000000,57.33,62.33,57.33,62.33,0,0
FMG_MV,D,20100903,000000,58.51,62.33,58.51,62.33,0,0
FMG_MV,D,20100906,000000,54.39,54.39,53.21,53.21,0,0
FMG_MV,D,20100907,000000,53.21,53.21,53.21,53.21,0,0
FMG_MV,D,20100908,000000,51.45,57.04,51.45,55.57,0,0
FMG_MV,D,20100909,000000,56.15,56.15,56.15,56.15,0,0
FMG_MV,D,20100910,000000,57.04,57.04,57.04,57.04,0,0
FMG_MV,D,20100913,000000,55.57,55.57,55.57,55.57,0,0
FMG_MV,D,20100915,000000,53.8,53.8,52.92,52.92,0,0
FMG_MV,D,20100916,000000,56.74,56.74,56.74,56.74,0,0
FMG_MV,D,20100917,000000,53.51,58.21,53.51,58.21,0,0
FMG_MV,D,20100922,000000,54.1,58.21,54.1,58.21,0,0
FMG_MV,D,20100923,000000,57.92,61.74,57.92,61.74,0,0
FMG_MV,D,20100928,000000,55.27,61.74,55.27,61.74,0,0
FMG_MV,D,20100930,000000,54.98,61.74,54.98,61.74,0,0
FMG_MV,D,20101001,000000,55.57,62.33,55.57,62.33,0,0
FMG_MV,D,20101014,000000,58.8,62.33,58.8,62.33,0,0
FMG_MV,D,20101018,000000,62.33,62.33,58.8,62.33,0,0
FMG_MV,D,20101020,000000,56.45,56.45,52.92,55.57,0,0
FMG_MV,D,20101021,000000,52.92,55.57,52.63,53.51,0,0
FMG_MV,D,20101022,000000,53.51,53.8,53.51,53.8,0,0
FMG_MV,D,20101025,000000,54.68,55.57,54.68,55.57,0,0
FMG_MV,D,20101026,000000,55.57,55.57,55.57,55.57,0,0
FMG_MV,D,20101027,000000,54.39,57.62,53.8,57.62,0,0
FMG_MV,D,20101029,000000,57.62,57.62,52.04,56.15,0,0
FMG_MV,D,20101102,000000,55.86,61.45,55.86,61.45,0,0
FMG_MV,D,20101103,000000,55.57,64.68,55.57,63.21,0,0
FMG_MV,D,20101104,000000,62.92,73.5,62.92,70.85,0,0
FMG_MV,D,20101105,000000,73.21,73.21,61.74,70.56,0,0
FMG_MV,D,20101108,000000,63.21,63.21,58.21,59.98,0,0
FMG_MV,D,20101109,000000,59.98,61.74,55.86,61.74,0,0
FMG_MV,D,20101110,000000,59.68,66.15,58.8,59.39,0,0
FMG_MV,D,20101112,000000,59.68,63.21,59.68,63.21,0,0
FMG_MV,D,20101115,000000,62.92,64.68,58.8,63.21,0,0
FMG_MV,D,20101116,000000,61.74,64.68,58.8,64.68,0,0
FMG_MV,D,20101117,000000,62.33,62.33,61.74,61.74,0,0
FMG_MV,D,20101118,000000,61.74,70.27,59.39,68.8,0,0
FMG_MV,D,20101119,000000,69.68,69.68,64.68,68.21,0,0
FMG_MV,D,20101122,000000,63.8,68.8,61.74,68.8,0,0
FMG_MV,D,20101123,000000,69.09,69.09,69.09,69.09,0,0
FMG_MV,D,20101126,000000,63.5,66.44,63.5,66.44,0,0
FMG_MV,D,20101129,000000,63.5,66.44,62.03,66.44,0,0
FMG_MV,D,20101130,000000,66.15,66.44,66.15,66.44,0,0
FMG_MV,D,20101201,000000,66.15,66.15,66.15,66.15,0,0
FMG_MV,D,20101202,000000,64.68,69.09,64.68,69.09,0,0
FMG_MV,D,20101207,000000,62.62,69.68,62.33,65.27,0,0
FMG_MV,D,20101208,000000,67.62,67.62,67.62,67.62,0,0
FMG_MV,D,20101209,000000,62.92,65.86,62.33,65.86,0,0
FMG_MV,D,20101213,000000,60.86,63.21,58.8,63.21,0,0
FMG_MV,D,20101214,000000,59.39,61.74,59.09,61.74,0,0
FMG_MV,D,20101216,000000,63.21,63.21,63.21,63.21,0,0
FMG_MV,D,20101220,000000,59.68,59.68,59.68,59.68,0,0
FMG_MV,D,20101221,000000,59.68,59.68,59.68,59.68,0,0
FMG_MV,D,20101222,000000,59.68,59.68,58.8,59.39,0,0
FMG_MV,D,20101223,000000,59.39,59.68,59.39,59.68,0,0
FMG_MV,D,20101228,000000,59.68,59.98,59.68,59.98,0,0
FMG_MV,D,20101230,000000,59.68,62.33,59.68,62.33,0,0
FMG_MV,D,20101231,000000,62.03,62.03,59.09,59.09,0,0
FMG_MV,D,20110103,000000,63.8,63.8,61.45,61.45,0,0
FMG_MV,D,20110104,000000,62.92,66.15,61.45,63.21,0,0
FMG_MV,D,20110105,000000,62.92,63.5,62.92,63.5,0,0
FMG_MV,D,20110107,000000,60.27,63.21,59.68,63.21,0,0
FMG_MV,D,20110110,000000,60.27,62.33,59.68,62.33,0,0
FMG_MV,D,20110111,000000,62.03,62.03,59.68,61.74,0,0
FMG_MV,D,20110112,000000,59.09,59.09,59.09,59.09,0,0
FMG_MV,D,20110114,000000,57.62,60.27,57.62,57.62,0,0
FMG_MV,D,20110117,000000,57.92,61.45,57.62,61.45,0,0
FMG_MV,D,20110119,000000,60.27,60.27,60.27,60.27,0,0
FMG_MV,D,20110120,000000,59.68,59.68,59.68,59.68,0,0
FMG_MV,D,20110124,000000,56.74,58.8,54.68,58.8,0,0
FMG_MV,D,20110125,000000,58.51,58.51,58.51,58.51,0,0
FMG_MV,D,20110126,000000,58.51,58.51,56.15,58.51,0,0
FMG_MV,D,20110127,000000,56.45,58.21,56.45,58.21,0,0
FMG_MV,D,20110128,000000,58.21,58.21,58.21,58.21,0,0
FMG_MV,D,20110131,000000,58.21,58.21,57.04,57.04,0,0
FMG_MV,D,20110201,000000,56.45,57.92,55.27,57.92,0,0
FMG_MV,D,20110202,000000,55.86,57.92,53.21,53.21,0,0
FMG_MV,D,20110203,000000,56.15,56.15,52.92,56.15,0,0
FMG_MV,D,20110207,000000,54.68,54.68,54.68,54.68,0,0
FMG_MV,D,20110208,000000,56.15,61.45,56.15,61.45,0,0
FMG_MV,D,20110209,000000,59.39,59.39,59.39,59.39,0,0
FMG_MV,D,20110210,000000,58.21,58.21,54.39,58.21,0,0
FMG_MV,D,20110214,000000,58.21,61.45,58.21,59.39,0,0
FMG_MV,D,20110215,000000,61.15,61.45,58.8,60.27,0,0
FMG_MV,D,20110216,000000,57.92,58.21,55.86,58.21,0,0
FMG_MV,D,20110217,000000,57.62,57.62,57.62,57.62,0,0
FMG_MV,D,20110218,000000,54.68,54.68,52.92,53.8,0,0
FMG_MV,D,20110221,000000,53.8,53.8,49.98,49.98,0,0
FMG_MV,D,20110222,000000,51.45,55.86,51.45,55.86,0,0
FMG_MV,D,20110223,000000,52.04,54.1,48.8,54.1,0,0
FMG_MV,D,20110224,000000,49.98,54.39,49.98,54.39,0,0
FMG_MV,D,20110225,000000,49.39,54.39,48.51,54.39,0,0
FMG_MV,D,20110228,000000,49.69,49.98,48.22,49.98,0,0
FMG_MV,D,20110301,000000,49.98,49.98,49.98,49.98,0,0
FMG_MV,D,20110302,000000,52.04,52.04,47.04,49.98,0,0
FMG_MV,D,20110303,000000,47.04,49.98,45.57,49.98,0,0
FMG_MV,D,20110304,000000,47.04,49.98,47.04,49.98,0,0
FMG_MV,D,20110307,000000,47.04,49.39,47.04,49.39,0,0
FMG_MV,D,20110309,000000,45.86,49.39,45.57,49.39,0,0
FMG_MV,D,20110310,000000,49.39,49.98,47.04,49.98,0,0
FMG_MV,D,20110311,000000,47.04,47.04,45.57,45.57,0,0
FMG_MV,D,20110314,000000,45.57,49.1,45.57,49.1,0,0
FMG_MV,D,20110315,000000,48.8,48.8,45.57,45.57,0,0
FMG_MV,D,20110316,000000,44.69,44.69,43.22,43.22,0,0
FMG_MV,D,20110317,000000,47.33,47.33,46.75,46.75,0,0
FMG_MV,D,20110322,000000,47.33,49.98,47.33,49.98,0,0
FMG_MV,D,20110325,000000,49.39,49.98,49.39,49.98,0,0
FMG_MV,D,20110328,000000,48.51,48.51,48.51,48.51,0,0
FMG_MV,D,20110330,000000,48.51,49.98,48.51,49.98,0,0
FMG_MV,D,20110404,000000,49.69,51.45,49.69,51.45,0,0
FMG_MV,D,20110406,000000,49.1,51.45,49.1,51.45,0,0
FMG_MV,D,20110408,000000,49.1,51.16,48.8,51.16,0,0
FMG_MV,D,20110412,000000,51.45,54.1,51.45,54.1,0,0
FMG_MV,D,20110413,000000,54.1,54.1,54.1,54.1,0,0
FMG_MV,D,20110415,000000,48.8,49.98,42.63,44.98,0,0
FMG_MV,D,20110418,000000,44.98,49.39,41.16,44.39,0,0
FMG_MV,D,20110419,000000,44.69,45.57,41.16,43.81,0,0
FMG_MV,D,20110420,000000,43.51,44.98,42.34,44.98,0,0
FMG_MV,D,20110421,000000,43.22,44.1,42.34,44.1,0,0
FMG_MV,D,20110426,000000,42.34,42.34,39.1,42.34,0,0
FMG_MV,D,20110427,000000,41.75,42.04,41.16,42.04,0,0
FMG_MV,D,20110428,000000,40.87,40.87,38.22,40.87,0,0
FMG_MV,D,20110429,000000,41.45,41.75,41.45,41.75,0,0
FMG_MV,D,20110502,000000,39.4,39.4,38.22,38.51,0,0
FMG_MV,D,20110504,000000,39.98,40.28,38.51,39.69,0,0
FMG_MV,D,20110509,000000,39.4,39.4,39.4,39.4,0,0
FMG_MV,D,20110510,000000,38.81,40.28,38.51,39.98,0,0
FMG_MV,D,20110512,000000,39.69,47.04,39.69,43.51,0,0
FMG_MV,D,20110513,000000,44.39,47.33,42.34,44.1,0,0
FMG_MV,D,20110516,000000,42.34,43.81,41.16,43.81,0,0
FMG_MV,D,20110518,000000,41.75,41.75,41.75,41.75,0,0
FMG_MV,D,20110519,000000,41.75,49.1,41.75,49.1,0,0
FMG_MV,D,20110520,000000,44.39,46.75,41.75,46.75,0,0
FMG_MV,D,20110523,000000,46.75,46.75,46.75,46.75,0,0
FMG_MV,D,20110524,000000,46.45,46.45,41.45,41.45,0,0
FMG_MV,D,20110525,000000,43.81,43.81,42.04,42.04,0,0
FMG_MV,D,20110526,000000,42.63,43.81,42.04,42.04,0,0
FMG_MV,D,20110527,000000,42.63,42.63,41.75,41.75,0,0
FMG_MV,D,20110530,000000,43.81,46.45,43.81,46.45,0,0
FMG_MV,D,20110531,000000,45.57,46.45,45.57,46.45,0,0
FMG_MV,D,20110601,000000,45.57,45.57,45.57,45.57,0,0
FMG_MV,D,20110602,000000,45.57,45.57,44.1,44.1,0,0
FMG_MV,D,20110603,000000,42.92,43.51,42.92,43.51,0,0
FMG_MV,D,20110608,000000,44.98,45.57,44.98,45.57,0,0
FMG_MV,D,20110609,000000,46.16,46.16,43.81,43.81,0,0
FMG_MV,D,20110610,000000,43.81,44.69,43.81,44.69,0,0
FMG_MV,D,20110613,000000,42.04,45.57,42.04,45.57,0,0
FMG_MV,D,20110614,000000,46.16,46.16,45.57,46.16,0,0
FMG_MV,D,20110615,000000,46.16,46.16,46.16,46.16,0,0
FMG_MV,D,20110616,000000,46.16,46.75,44.1,46.75,0,0
FMG_MV,D,20110617,000000,46.75,46.75,46.75,46.75,0,0
FMG_MV,D,20110620,000000,46.75,46.75,46.75,46.75,0,0
FMG_MV,D,20110621,000000,46.45,46.45,44.39,46.16,0,0
FMG_MV,D,20110622,000000,43.81,46.16,43.81,46.16,0,0
FMG_MV,D,20110624,000000,43.22,46.75,42.04,46.75,0,0
FMG_MV,D,20110627,000000,46.75,46.75,43.81,44.98,0,0
FMG_MV,D,20110628,000000,44.98,45.57,44.98,45.57,0,0
FMG_MV,D,20110629,000000,45.57,45.57,45.57,45.57,0,0
FMG_MV,D,20110630,000000,45.57,45.57,45.57,45.57,0,0
FMG_MV,D,20110701,000000,46.45,46.45,46.45,46.45,0,0
FMG_MV,D,20110704,000000,46.45,46.45,46.45,46.45,0,0
FMG_MV,D,20110705,000000,46.45,46.45,46.45,46.45,0,0
FMG_MV,D,20110706,000000,46.45,46.45,46.45,46.45,0,0
FMG_MV,D,20110707,000000,45.57,45.57,42.63,44.98,0,0
FMG_MV,D,20110708,000000,44.98,44.98,44.98,44.98,0,0
FMG_MV,D,20110711,000000,44.69,44.69,44.69,44.69,0,0
FMG_MV,D,20110712,000000,44.69,44.69,44.69,44.69,0,0
FMG_MV,D,20110713,000000,44.69,44.69,44.69,44.69,0,0
FMG_MV,D,20110714,000000,44.69,46.75,44.69,46.75,0,0
FMG_MV,D,20110715,000000,46.75,46.75,45.57,45.57,0,0
FMG_MV,D,20110718,000000,44.39,44.98,44.39,44.98,0,0
FMG_MV,D,20110719,000000,45.57,45.57,45.28,45.28,0,0
FMG_MV,D,20110720,000000,45.28,45.57,44.1,45.57,0,0
FMG_MV,D,20110721,000000,45.57,45.57,45.57,45.57,0,0
FMG_MV,D,20110722,000000,45.86,45.86,45.28,45.28,0,0
FMG_MV,D,20110725,000000,45.28,46.45,45.28,46.45,0,0
FMG_MV,D,20110726,000000,46.45,46.45,45.57,45.57,0,0
FMG_MV,D,20110727,000000,46.45,47.04,46.45,47.04,0,0
FMG_MV,D,20110728,000000,45.57,47.04,45.57,47.04,0,0
FMG_MV,D,20110729,000000,49.39,49.39,49.39,49.39,0,0
FMG_MV,D,20110801,000000,49.39,49.39,49.39,49.39,0,0
FMG_MV,D,20110803,000000,45.57,46.75,45.57,46.75,0,0
FMG_MV,D,20110804,000000,45.57,45.86,45.57,45.86,0,0
FMG_MV,D,20110805,000000,47.92,47.92,47.92,47.92,0,0
FMG_MV,D,20110808,000000,47.92,47.92,44.98,44.98,0,0
FMG_MV,D,20110809,000000,44.1,44.1,42.92,42.92,0,0
FMG_MV,D,20110810,000000,42.92,42.92,42.92,42.92,0,0
FMG_MV,D,20110811,000000,40.57,42.04,37.04,42.04,0,0
FMG_MV,D,20110812,000000,37.04,42.04,35.28,42.04,0,0
FMG_MV,D,20110816,000000,37.63,39.4,37.63,37.93,0,0
FMG_MV,D,20110817,000000,37.63,37.63,36.75,36.75,0,0
FMG_MV,D,20110818,000000,37.34,37.63,37.34,37.63,0,0
FMG_MV,D,20110819,000000,37.34,37.34,37.34,37.34,0,0
FMG_MV,D,20110822,000000,38.81,38.81,38.81,38.81,0,0
FMG_MV,D,20110823,000000,38.81,38.81,38.81,38.81,0,0
FMG_MV,D,20110824,000000,38.81,38.81,32.63,35.28,0,0
FMG_MV,D,20110825,000000,34.4,34.4,33.81,33.81,0,0
FMG_MV,D,20110826,000000,35.87,35.87,35.87,35.87,0,0
FMG_MV,D,20110829,000000,34.99,34.99,33.52,33.52,0,0
FMG_MV,D,20110830,000000,34.1,37.93,33.52,37.93,0,0
FMG_MV,D,20110831,000000,35.28,35.28,32.93,32.93,0,0
FMG_MV,D,20110901,000000,31.46,37.34,31.46,36.16,0,0
FMG_MV,D,20110902,000000,37.34,37.34,35.87,35.87,0,0
FMG_MV,D,20110905,000000,35.87,36.46,35.87,36.46,0,0
FMG_MV,D,20110908,000000,37.93,37.93,37.93,37.93,0,0
FMG_MV,D,20110909,000000,37.93,37.93,35.57,35.57,0,0
FMG_MV,D,20110912,000000,37.93,37.93,37.93,37.93,0,0
FMG_MV,D,20110913,000000,38.51,38.51,38.51,38.51,0,0
FMG_MV,D,20110914,000000,38.51,38.51,36.75,36.75,0,0
FMG_MV,D,20110915,000000,32.93,38.51,32.93,38.51,0,0
FMG_MV,D,20110916,000000,38.51,38.51,38.51,38.51,0,0
FMG_MV,D,20110919,000000,38.51,38.51,38.51,38.51,0,0
FMG_MV,D,20110920,000000,38.51,38.51,38.51,38.51,0,0
FMG_MV,D,20110921,000000,38.51,38.51,38.51,38.51,0,0
FMG_MV,D,20110922,000000,36.46,36.46,36.46,36.46,0,0
FMG_MV,D,20110923,000000,34.1,34.1,34.1,34.1,0,0
FMG_MV,D,20110926,000000,32.93,32.93,31.16,31.16,0,0
FMG_MV,D,20110927,000000,34.4,34.4,32.05,32.05,0,0
FMG_MV,D,20110928,000000,31.16,31.16,31.16,31.16,0,0
FMG_MV,D,20110929,000000,31.16,31.16,31.16,31.16,0,0
FMG_MV,D,20110930,000000,33.22,33.22,29.69,31.16,0,0
FMG_MV,D,20111003,000000,31.16,31.16,31.16,31.16,0,0
FMG_MV,D,20111004,000000,31.16,31.16,31.16,31.16,0,0
FMG_MV,D,20111005,000000,31.16,31.46,30.87,31.46,0,0
FMG_MV,D,20111006,000000,29.69,29.69,29.69,29.69,0,0
FMG_MV,D,20111007,000000,32.93,32.93,32.93,32.93,0,0
FMG_MV,D,20111010,000000,32.93,32.93,30.87,30.87,0,0
FMG_MV,D,20111011,000000,32.93,32.93,32.93,32.93,0,0
FMG_MV,D,20111012,000000,32.93,32.93,30.58,30.58,0,0
FMG_MV,D,20111013,000000,32.93,32.93,32.93,32.93,0,0
FMG_MV,D,20111014,000000,32.93,32.93,29.99,29.99,0,0
FMG_MV,D,20111017,000000,32.93,32.93,32.93,32.93,0,0
FMG_MV,D,20111018,000000,32.93,32.93,32.63,32.93,0,0
FMG_MV,D,20111019,000000,32.93,32.93,32.63,32.63,0,0
FMG_MV,D,20111020,000000,32.93,33.52,32.93,33.52,0,0
FMG_MV,D,20111021,000000,34.4,34.4,34.4,34.4,0,0
FMG_MV,D,20111024,000000,34.4,34.4,34.4,34.4,0,0
FMG_MV,D,20111025,000000,34.4,34.4,34.4,34.4,0,0
FMG_MV,D,20111026,000000,34.4,35.28,34.4,35.28,0,0
FMG_MV,D,20111027,000000,36.16,36.16,32.34,32.34,0,0
FMG_MV,D,20111028,000000,33.81,33.81,33.81,33.81,0,0
FMG_MV,D,20111031,000000,33.81,33.81,32.34,32.34,0,0
FMG_MV,D,20111102,000000,33.81,33.81,33.81,33.81,0,0
FMG_MV,D,20111103,000000,33.81,33.81,33.81,33.81,0,0
FMG_MV,D,20111104,000000,33.81,33.81,33.81,33.81,0,0
FMG_MV,D,20111107,000000,33.81,33.81,33.81,33.81,0,0
FMG_MV,D,20111108,000000,33.81,33.81,33.81,33.81,0,0
FMG_MV,D,20111109,000000,33.81,33.81,30.87,30.87,0,0
FMG_MV,D,20111110,000000,32.34,32.34,29.69,29.69,0,0
FMG_MV,D,20111114,000000,32.34,32.34,32.34,32.34,0,0
FMG_MV,D,20111115,000000,32.34,32.34,27.93,27.93,0,0
FMG_MV,D,20111116,000000,30.87,30.87,29.11,29.11,0,0
FMG_MV,D,20111117,000000,30.87,30.87,29.4,29.4,0,0
FMG_MV,D,20111118,000000,30.87,30.87,30.87,30.87,0,0
FMG_MV,D,20111121,000000,30.87,30.87,30.87,30.87,0,0
FMG_MV,D,20111122,000000,30.87,30.87,29.4,29.4,0,0
FMG_MV,D,20111123,000000,30.87,30.87,29.4,30.87,0,0
FMG_MV,D,20111124,000000,32.34,32.34,32.34,32.34,0,0
FMG_MV,D,20111125,000000,32.34,32.34,30.58,30.58,0,0
FMG_MV,D,20111128,000000,32.34,32.34,32.34,32.34,0,0
FMG_MV,D,20111129,000000,32.34,32.34,29.69,29.69,0,0
FMG_MV,D,20111130,000000,31.16,31.16,31.16,31.16,0,0
FMG_MV,D,20111201,000000,31.16,31.16,30.28,31.16,0,0
FMG_MV,D,20111202,000000,32.34,33.52,30.58,30.58,0,0
FMG_MV,D,20111205,000000,32.34,34.99,32.34,32.34,0,0
FMG_MV,D,20111206,000000,33.81,36.16,32.93,36.16,0,0
FMG_MV,D,20111207,000000,35.87,37.93,33.81,37.93,0,0
FMG_MV,D,20111208,000000,37.93,37.93,37.93,37.93,0,0
FMG_MV,D,20111209,000000,33.81,35.57,33.81,35.57,0,0
FMG_MV,D,20111212,000000,34.99,42.34,34.99,36.75,0,0
FMG_MV,D,20111213,000000,44.1,44.1,43.51,43.51,0,0
FMG_MV,D,20111214,000000,47.04,47.04,47.04,47.04,0,0
FMG_MV,D,20111215,000000,43.51,43.51,43.51,43.51,0,0
FMG_MV,D,20111216,000000,49.39,49.39,49.39,49.39,0,0
FMG_MV,D,20111219,000000,49.39,49.39,49.39,49.39,0,0
FMG_MV,D,20111220,000000,49.39,49.98,49.39,49.98,0,0
FMG_MV,D,20111221,000000,49.98,49.98,48.8,48.8,0,0
FMG_MV,D,20111222,000000,48.51,48.51,48.51,48.51,0,0
FMG_MV,D,20111227,000000,38.22,38.22,38.22,38.22,0,0
FMG_MV,D,20120102,000000,40.87,40.87,40.87,40.87,0,0
FMG_MV,D,20120103,000000,40.87,40.87,40.87,40.87,0,0
FMG_MV,D,20120104,000000,38.51,38.51,38.51,38.51,0,0
FMG_MV,D,20120105,000000,37.93,37.93,37.93,37.93,0,0
FMG_MV,D,20120109,000000,37.93,43.22,37.93,43.22,0,0
FMG_MV,D,20120110,000000,43.22,47.92,43.22,47.92,0,0
FMG_MV,D,20120111,000000,44.1,44.1,40.57,40.57,0,0
FMG_MV,D,20120112,000000,40.57,45.57,40.57,45.57,0,0
FMG_MV,D,20120113,000000,45.57,45.57,45.57,45.57,0,0
FMG_MV,D,20120116,000000,42.34,42.34,42.34,42.34,0,0
FMG_MV,D,20120118,000000,44.98,44.98,44.98,44.98,0,0
FMG_MV,D,20120120,000000,42.34,42.34,42.34,42.34,0,0
FMG_MV,D,20120123,000000,42.34,45.57,42.34,45.57,0,0
FMG_MV,D,20120124,000000,45.57,47.04,45.57,47.04,0,0
FMG_MV,D,20120125,000000,47.63,47.63,47.63,47.63,0,0
FMG_MV,D,20120126,000000,47.92,47.92,44.1,44.1,0,0
FMG_MV,D,20120127,000000,47.63,47.63,47.63,47.63,0,0
FMG_MV,D,20120130,000000,47.63,47.63,47.63,47.63,0,0
FMG_MV,D,20120201,000000,47.63,47.63,47.63,47.63,0,0
FMG_MV,D,20120202,000000,47.63,47.63,47.63,47.63,0,0
FMG_MV,D,20120203,000000,42.92,46.45,42.92,45.57,0,0
FMG_MV,D,20120206,000000,45.57,45.57,45.57,45.57,0,0
FMG_MV,D,20120207,000000,43.51,43.51,43.51,43.51,0,0
FMG_MV,D,20120208,000000,44.98,44.98,44.98,44.98,0,0
FMG_MV,D,20120209,000000,44.1,44.1,44.1,44.1,0,0
FMG_MV,D,20120213,000000,44.1,44.1,44.1,44.1,0,0
FMG_MV,D,20120214,000000,44.1,44.1,44.1,44.1,0,0
FMG_MV,D,20120215,000000,44.1,44.1,44.1,44.1,0,0
FMG_MV,D,20120216,000000,40.87,42.04,40.57,40.87,0,0
FMG_MV,D,20120217,000000,37.93,37.93,37.93,37.93,0,0
FMG_MV,D,20120220,000000,35.57,35.57,35.57,35.57,0,0
FMG_MV,D,20120221,000000,38.22,38.22,38.22,38.22,0,0
FMG_MV,D,20120222,000000,35.28,35.28,35.28,35.28,0,0
FMG_MV,D,20120223,000000,35.28,35.28,35.28,35.28,0,0
FMG_MV,D,20120224,000000,35.28,36.75,35.28,36.75,0,0
FMG_MV,D,20120227,000000,36.75,36.75,36.75,36.75,0,0
FMG_MV,D,20120228,000000,36.75,38.22,36.75,38.22,0,0
FMG_MV,D,20120229,000000,37.93,37.93,37.93,37.93,0,0
FMG_MV,D,20120302,000000,38.22,38.22,38.22,38.22,0,0
FMG_MV,D,20120305,000000,38.22,38.22,38.22,38.22,0,0
FMG_MV,D,20120306,000000,38.22,38.22,34.69,34.69,0,0
FMG_MV,D,20120307,000000,37.63,37.63,34.69,34.69,0,0
FMG_MV,D,20120308,000000,34.69,36.46,34.69,36.46,0,0
FMG_MV,D,20120309,000000,36.46,36.46,36.46,36.46,0,0
FMG_MV,D,20120314,000000,36.16,36.16,36.16,36.16,0,0
FMG_MV,D,20120315,000000,36.46,38.22,36.46,38.22,0,0
FMG_MV,D,20120320,000000,38.22,38.22,38.22,38.22,0,0
FMG_MV,D,20120405,000000,38.22,38.22,38.22,38.22,0,0
FMG_MV,D,20120412,000000,32.05,38.22,32.05,38.22,0,0
FMG_MV,D,20120413,000000,37.93,37.93,37.93,37.93,0,0
FMG_MV,D,20120419,000000,38.22,38.22,38.22,38.22,0,0
FMG_MV,D,20120420,000000,38.22,38.22,38.22,38.22,0,0
FMG_MV,D,20120425,000000,32.63,38.22,32.63,38.22,0,0
FMG_MV,D,20120427,000000,32.63,32.63,32.63,32.63,0,0
FMG_MV,D,20120430,000000,38.22,38.22,38.22,38.22,0,0
FMG_MV,D,20120504,000000,38.22,38.22,38.22,38.22,0,0
FMG_MV,D,20120517,000000,40.28,40.87,40.28,40.87,0,0
FMG_MV,D,20120614,000000,38.22,38.22,38.22,38.22,0,0
FMG_MV,D,20120622,000000,37.63,37.63,37.63,37.63,0,0
FMG_MV,D,20120626,000000,36.75,36.75,36.75,36.75,0,0
FMG_MV,D,20120627,000000,37.63,38.22,37.63,38.22,0,0
FMG_MV,D,20120628,000000,38.22,38.22,38.22,38.22,0,0
FMG_MV,D,20120703,000000,36.16,38.22,36.16,38.22,0,0
FMG_MV,D,20120719,000000,35.87,35.87,35.87,35.87,0,0
FMG_MV,D,20120720,000000,35.28,35.28,35.28,35.28,0,0
FMG_MV,D,20120725,000000,37.63,38.22,37.63,38.22,0,0
FMG_MV,D,20120806,000000,38.22,38.22,38.22,38.22,0,0
FMG_MV,D,20120807,000000,37.93,38.22,37.93,38.22,0,0
FMG_MV,D,20120809,000000,36.75,36.75,36.75,36.75,0,0
FMG_MV,D,20120810,000000,35.57,39.98,35.28,39.98,0,0
FMG_MV,D,20120816,000000,36.75,36.75,36.75,36.75,0,0
FMG_MV,D,20120821,000000,38.22,38.22,38.22,38.22,0,0
FMG_MV,D,20120828,000000,37.93,39.4,37.93,39.4,0,0
FMG_MV,D,20120905,000000,39.1,45.28,39.1,45.28,0,0
FMG_MV,D,20120907,000000,40.28,40.28,40.28,40.28,0,0
FMG_MV,D,20120912,000000,40.28,44.1,40.28,44.1,0,0
FMG_MV,D,20120920,000000,44.1,44.1,44.1,44.1,0,0
FMG_MV,D,20120921,000000,41.16,41.16,41.16,41.16,0,0
FMG_MV,D,20120924,000000,44.1,44.1,44.1,44.1,0,0
FMG_MV,D,20121003,000000,44.1,44.1,39.98,39.98,0,0
FMG_MV,D,20121004,000000,39.98,42.63,39.98,42.63,0,0
FMG_MV,D,20121008,000000,38.22,41.16,38.22,41.16,0,0
FMG_MV,D,20121009,000000,41.16,42.63,41.16,42.63,0,0
FMG_MV,D,20121012,000000,39.69,42.63,39.69,42.63,0,0
FMG_MV,D,20121016,000000,38.22,41.45,38.22,41.45,0,0
FMG_MV,D,20121017,000000,38.22,38.22,36.75,36.75,0,0
FMG_MV,D,20121024,000000,41.75,41.75,41.75,41.75,0,0
FMG_MV,D,20121105,000000,38.22,44.1,38.22,43.81,0,0
FMG_MV,D,20121106,000000,42.92,44.69,42.92,44.39,0,0
FMG_MV,D,20121107,000000,45.28,49.98,45.28,49.98,0,0
FMG_MV,D,20121108,000000,49.98,50.57,47.92,50.27,0,0
FMG_MV,D,20121109,000000,51.16,51.16,48.51,51.16,0,0
FMG_MV,D,20121112,000000,49.98,49.98,48.22,49.39,0,0
FMG_MV,D,20121113,000000,50.57,57.62,50.57,57.33,0,0
FMG_MV,D,20121114,000000,59.98,63.21,57.33,63.21,0,0
FMG_MV,D,20121115,000000,64.68,67.03,62.33,64.68,0,0
FMG_MV,D,20121116,000000,65.56,69.68,65.56,69.09,0,0
FMG_MV,D,20121119,000000,70.27,72.62,70.27,72.03,0,0
FMG_MV,D,20121120,000000,67.62,69.38,67.62,68.21,0,0
FMG_MV,D,20121121,000000,72.91,87.32,72.91,87.32,0,0
FMG_MV,D,20121122,000000,88.49,94.08,80.85,80.85,0,0
FMG_MV,D,20121123,000000,87.32,95.26,82.32,94.08,0,0
FMG_MV,D,20121126,000000,94.08,99.67,83.79,85.26,0,0
FMG_MV,D,20121127,000000,86.44,94.08,86.44,89.38,0,0
FMG_MV,D,20121128,000000,88.2,91.73,85.26,85.55,0,0
FMG_MV,D,20121129,000000,85.85,85.85,82.32,85.55,0,0
FMG_MV,D,20121130,000000,88.79,88.79,82.32,86.44,0,0
FMG_MV,D,20121203,000000,91.14,102.02,88.49,88.49,0,0
FMG_MV,D,20121204,000000,92.32,101.72,89.08,93.79,0,0
FMG_MV,D,20121205,000000,97.9,97.9,87.91,88.2,0,0
FMG_MV,D,20121206,000000,86.14,86.14,78.2,78.2,0,0
FMG_MV,D,20121207,000000,76.73,82.32,68.8,68.8,0,0
FMG_MV,D,20121210,000000,64.68,67.62,64.68,67.62,0,0
FMG_MV,D,20121211,000000,60.56,67.33,60.56,67.33,0,0
FMG_MV,D,20121212,000000,64.09,64.09,64.09,64.09,0,0
FMG_MV,D,20121213,000000,64.97,64.97,59.98,59.98,0,0
FMG_MV,D,20121214,000000,62.92,62.92,62.92,62.92,0,0
FMG_MV,D,20121218,000000,62.62,62.62,60.27,60.27,0,0
FMG_MV,D,20121219,000000,57.92,59.68,56.74,57.92,0,0
FMG_MV,D,20121220,000000,57.92,57.92,54.1,57.33,0,0
FMG_MV,D,20121221,000000,57.33,59.68,54.98,59.68,0,0
FMG_MV,D,20121227,000000,59.68,59.68,59.68,59.68,0,0
FMG_MV,D,20121228,000000,59.68,62.92,59.68,62.92,0,0
FMG_MV,D,20130102,000000,75.26,75.26,67.91,67.91,0,0
FMG_MV,D,20130103,000000,69.09,69.09,60.27,63.21,0,0
FMG_MV,D,20130104,000000,61.45,61.45,59.68,59.68,0,0
FMG_MV,D,20130107,000000,59.68,61.45,59.68,61.45,0,0
FMG_MV,D,20130108,000000,60.86,60.86,54.98,58.8,0,0
FMG_MV,D,20130109,000000,59.98,61.15,59.98,61.15,0,0
FMG_MV,D,20130110,000000,61.15,61.15,61.15,61.15,0,0
FMG_MV,D,20130111,000000,61.15,61.15,55.86,55.86,0,0
FMG_MV,D,20130114,000000,55.86,61.15,55.86,61.15,0,0
FMG_MV,D,20130115,000000,61.15,61.15,61.15,61.15,0,0
FMG_MV,D,20130117,000000,61.15,61.15,61.15,61.15,0,0
FMG_MV,D,20130118,000000,61.15,61.15,59.39,59.39,0,0
FMG_MV,D,20130121,000000,61.15,61.15,56.45,59.39,0,0
FMG_MV,D,20130122,000000,59.39,59.39,58.8,58.8,0,0
FMG_MV,D,20130123,000000,59.39,59.39,58.8,58.8,0,0
FMG_MV,D,20130124,000000,58.21,58.51,55.86,58.51,0,0
FMG_MV,D,20130125,000000,57.33,57.33,57.33,57.33,0,0
FMG_MV,D,20130128,000000,57.04,57.33,57.04,57.33,0,0
FMG_MV,D,20130129,000000,57.33,57.33,57.33,57.33,0,0
FMG_MV,D,20130130,000000,59.09,59.09,57.33,57.33,0,0
FMG_MV,D,20130131,000000,59.09,59.09,57.33,59.09,0,0
FMG_MV,D,20130201,000000,59.09,59.09,59.09,59.09,0,0
FMG_MV,D,20130204,000000,59.09,59.09,55.27,55.27,0,0
FMG_MV,D,20130205,000000,59.09,59.09,59.09,59.09,0,0
FMG_MV,D,20130206,000000,59.09,59.09,59.09,59.09,0,0
FMG_MV,D,20130207,000000,59.09,59.09,59.09,59.09,0,0
FMG_MV,D,20130208,000000,59.09,59.09,59.09,59.09,0,0
FMG_MV,D,20130211,000000,59.09,59.09,59.09,59.09,0,0
FMG_MV,D,20130212,000000,59.09,59.09,54.39,58.8,0,0
FMG_MV,D,20130213,000000,59.09,59.09,59.09,59.09,0,0
FMG_MV,D,20130214,000000,59.09,59.09,58.8,58.8,0,0
FMG_MV,D,20130215,000000,58.8,58.8,53.8,57.04,0,0
FMG_MV,D,20130218,000000,57.04,62.92,57.04,62.62,0,0
FMG_MV,D,20130219,000000,60.86,66.74,60.86,65.27,0,0
FMG_MV,D,20130220,000000,67.03,69.09,67.03,69.09,0,0
FMG_MV,D,20130221,000000,70.56,70.56,69.97,69.97,0,0
FMG_MV,D,20130222,000000,70.56,72.62,69.38,72.62,0,0
FMG_MV,D,20130225,000000,70.56,72.32,70.56,71.44,0,0
FMG_MV,D,20130226,000000,68.21,71.15,66.74,66.74,0,0
FMG_MV,D,20130227,000000,68.21,68.5,68.21,68.5,0,0
FMG_MV,D,20130228,000000,67.62,67.62,67.62,67.62,0,0
FMG_MV,D,20130301,000000,67.62,74.97,67.62,74.97,0,0
FMG_MV,D,20130304,000000,73.21,75.85,73.21,74.38,0,0
FMG_MV,D,20130305,000000,74.09,74.09,68.5,68.5,0,0
FMG_MV,D,20130306,000000,72.91,72.91,72.62,72.62,0,0
FMG_MV,D,20130307,000000,72.03,72.03,68.21,71.15,0,0
FMG_MV,D,20130308,000000,71.15,71.15,71.15,71.15,0,0
FMG_MV,D,20130311,000000,61.15,69.68,61.15,64.97,0,0
FMG_MV,D,20130312,000000,69.09,69.68,64.39,66.44,0,0
FMG_MV,D,20130313,000000,63.8,69.68,63.8,64.39,0,0
FMG_MV,D,20130314,000000,63.21,67.91,63.21,67.33,0,0
FMG_MV,D,20130315,000000,69.68,69.68,64.39,66.74,0,0
FMG_MV,D,20130318,000000,68.8,68.8,61.74,61.74,0,0
FMG_MV,D,20130319,000000,67.91,67.91,67.91,67.91,0,0
FMG_MV,D,20130320,000000,64.09,71.15,64.09,71.15,0,0
FMG_MV,D,20130321,000000,76.44,76.44,69.38,69.38,0,0
FMG_MV,D,20130322,000000,76.44,76.44,70.27,76.44,0,0
FMG_MV,D,20130325,000000,75.56,79.38,70.27,70.27,0,0
FMG_MV,D,20130326,000000,77.91,77.91,69.97,69.97,0,0
FMG_MV,D,20130327,000000,77.62,82.03,73.21,82.03,0,0
FMG_MV,D,20130328,000000,81.44,81.44,69.97,77.62,0,0
FMG_MV,D,20130402,000000,76.15,81.73,71.15,81.73,0,0
FMG_MV,D,20130403,000000,81.14,81.73,72.91,72.91,0,0
FMG_MV,D,20130404,000000,81.73,81.73,72.32,73.5,0,0
FMG_MV,D,20130405,000000,81.73,81.73,71.15,71.15,0,0
FMG_MV,D,20130408,000000,81.44,81.44,81.44,81.44,0,0
FMG_MV,D,20130409,000000,81.73,81.73,74.38,74.38,0,0
FMG_MV,D,20130410,000000,74.97,81.73,74.97,76.44,0,0
FMG_MV,D,20130411,000000,72.62,80.56,72.62,80.56,0,0
FMG_MV,D,20130412,000000,80.56,80.56,80.56,80.56,0,0
FMG_MV,D,20130415,000000,81.73,81.73,81.73,81.73,0,0
FMG_MV,D,20130417,000000,67.91,74.38,67.91,74.38,0,0
FMG_MV,D,20130418,000000,81.73,81.73,81.73,81.73,0,0
FMG_MV,D,20130419,000000,67.91,77.91,67.62,72.91,0,0
FMG_MV,D,20130422,000000,67.62,72.62,67.62,72.62,0,0
FMG_MV,D,20130423,000000,72.62,81.14,70.56,81.14,0,0
FMG_MV,D,20130424,000000,81.44,81.44,70.27,73.5,0,0
FMG_MV,D,20130425,000000,73.21,73.21,67.62,71.44,0,0
FMG_MV,D,20130426,000000,71.15,71.44,71.15,71.44,0,0
FMG_MV,D,20130429,000000,71.44,71.44,71.44,71.44,0,0
FMG_MV,D,20130430,000000,71.15,71.44,71.15,71.44,0,0
FMG_MV,D,20130502,000000,71.44,71.44,71.44,71.44,0,0
FMG_MV,D,20130506,000000,70.56,70.56,70.56,70.56,0,0
FMG_MV,D,20130507,000000,70.27,70.56,64.68,70.56,0,0
FMG_MV,D,20130508,000000,64.39,70.56,64.39,70.56,0,0
FMG_MV,D,20130509,000000,64.39,70.27,64.39,64.39,0,0
FMG_MV,D,20130510,000000,70.27,70.27,70.27,70.27,0,0
FMG_MV,D,20130513,000000,69.97,69.97,69.97,69.97,0,0
FMG_MV,D,20130514,000000,71.44,71.44,71.15,71.15,0,0
FMG_MV,D,20130515,000000,71.44,71.44,70.56,70.56,0,0
FMG_MV,D,20130516,000000,71.44,71.44,70.56,70.56,0,0
FMG_MV,D,20130517,000000,71.44,71.44,64.39,71.44,0,0
FMG_MV,D,20130520,000000,71.44,71.44,70.56,70.56,0,0
FMG_MV,D,20130521,000000,70.56,70.56,70.56,70.56,0,0
FMG_MV,D,20130522,000000,70.27,70.27,70.27,70.27,0,0
FMG_MV,D,20130523,000000,71.44,71.44,71.44,71.44,0,0
FMG_MV,D,20130524,000000,69.97,69.97,67.33,67.33,0,0
FMG_MV,D,20130527,000000,68.5,68.5,68.5,68.5,0,0
FMG_MV,D,20130528,000000,68.5,68.5,68.5,68.5,0,0
FMG_MV,D,20130529,000000,68.5,68.5,68.5,68.5,0,0
FMG_MV,D,20130531,000000,68.5,68.5,68.5,68.5,0,0
FMG_MV,D,20130603,000000,68.5,68.5,68.5,68.5,0,0
FMG_MV,D,20130604,000000,68.5,68.5,68.5,68.5,0,0
FMG_MV,D,20130605,000000,71.44,71.44,71.44,71.44,0,0
FMG_MV,D,20130606,000000,69.09,69.09,64.09,64.09,0,0
FMG_MV,D,20130607,000000,71.44,71.44,62.33,65.56,0,0
FMG_MV,D,20130610,000000,65.56,65.56,64.68,64.68,0,0
FMG_MV,D,20130611,000000,64.68,64.68,64.68,64.68,0,0
FMG_MV,D,20130612,000000,64.68,64.68,64.68,64.68,0,0
FMG_MV,D,20130613,000000,64.68,64.68,61.74,64.68,0,0
FMG_MV,D,20130614,000000,64.68,64.68,64.68,64.68,0,0
FMG_MV,D,20130617,000000,64.68,64.68,64.68,64.68,0,0
FMG_MV,D,20130618,000000,64.68,64.68,64.68,64.68,0,0
FMG_MV,D,20130619,000000,64.68,64.68,64.68,64.68,0,0
FMG_MV,D,20130620,000000,64.68,64.68,64.68,64.68,0,0
FMG_MV,D,20130621,000000,65.56,68.21,64.97,68.21,0,0
FMG_MV,D,20130624,000000,66.74,70.56,66.74,70.56,0,0
FMG_MV,D,20130625,000000,69.09,69.09,69.09,69.09,0,0
FMG_MV,D,20130626,000000,69.09,69.09,68.5,69.09,0,0
FMG_MV,D,20130627,000000,69.09,69.09,62.62,62.62,0,0
FMG_MV,D,20130628,000000,64.97,64.97,64.97,64.97,0,0
FMG_MV,D,20130701,000000,64.97,64.97,64.97,64.97,0,0
FMG_MV,D,20130702,000000,64.97,64.97,64.97,64.97,0,0
FMG_MV,D,20130703,000000,64.97,64.97,64.97,64.97,0,0
FMG_MV,D,20130704,000000,64.97,64.97,64.97,64.97,0,0
FMG_MV,D,20130705,000000,64.97,64.97,64.97,64.97,0,0
FMG_MV,D,20130708,000000,65.27,68.5,65.27,68.5,0,0
FMG_MV,D,20130709,000000,68.5,68.5,68.5,68.5,0,0
FMG_MV,D,20130710,000000,68.5,68.5,68.5,68.5,0,0
FMG_MV,D,20130711,000000,68.5,68.5,68.5,68.5,0,0
FMG_MV,D,20130712,000000,68.5,68.5,68.5,68.5,0,0
FMG_MV,D,20130715,000000,68.5,68.5,61.74,61.74,0,0
FMG_MV,D,20130716,000000,61.74,61.74,61.74,61.74,0,0
FMG_MV,D,20130717,000000,61.74,61.74,61.74,61.74,0,0
FMG_MV,D,20130718,000000,61.74,61.74,61.74,61.74,0,0
FMG_MV,D,20130719,000000,60.27,60.27,58.8,60.27,0,0
FMG_MV,D,20130722,000000,53.51,60.27,53.51,60.27,0,0
FMG_MV,D,20130723,000000,60.27,60.27,60.27,60.27,0,0
FMG_MV,D,20130724,000000,60.27,60.27,60.27,60.27,0,0
FMG_MV,D,20130725,000000,60.27,60.27,60.27,60.27,0,0
FMG_MV,D,20130726,000000,60.27,60.27,60.27,60.27,0,0
FMG_MV,D,20130729,000000,64.39,64.39,64.39,64.39,0,0
FMG_MV,D,20130730,000000,64.39,64.39,64.39,64.39,0,0
FMG_MV,D,20130731,000000,64.39,64.39,60.56,63.5,0,0
FMG_MV,D,20130801,000000,63.5,63.5,63.5,63.5,0,0
FMG_MV,D,20130802,000000,63.5,63.5,63.5,63.5,0,0
FMG_MV,D,20130805,000000,63.5,63.5,60.56,60.56,0,0
FMG_MV,D,20130806,000000,63.5,63.5,60.56,63.5,0,0
FMG_MV,D,20130807,000000,63.5,63.5,53.51,53.51,0,0
FMG_MV,D,20130808,000000,53.51,61.15,53.51,53.51,0,0
FMG_MV,D,20130809,000000,63.5,63.5,63.5,63.5,0,0
FMG_MV,D,20130812,000000,63.5,63.5,63.5,63.5,0,0
FMG_MV,D,20130813,000000,63.5,63.5,57.04,63.5,0,0
FMG_MV,D,20130814,000000,63.5,64.39,63.5,64.39,0,0
FMG_MV,D,20130816,000000,64.39,64.39,64.39,64.39,0,0
FMG_MV,D,20130819,000000,64.39,64.39,60.56,60.56,0,0
FMG_MV,D,20130820,000000,64.39,64.39,59.68,59.68,0,0
FMG_MV,D,20130821,000000,64.39,64.39,59.68,59.68,0,0
FMG_MV,D,20130822,000000,59.68,64.39,58.8,58.8,0,0
FMG_MV,D,20130823,000000,53.51,56.45,53.51,56.45,0,0
FMG_MV,D,20130826,000000,61.74,64.39,53.51,53.51,0,0
FMG_MV,D,20130827,000000,62.03,62.03,62.03,62.03,0,0
FMG_MV,D,20130828,000000,62.03,62.03,62.03,62.03,0,0
FMG_MV,D,20130829,000000,62.03,62.03,62.03,62.03,0,0
FMG_MV,D,20130830,000000,62.03,62.03,56.45,62.03,0,0
FMG_MV,D,20130902,000000,62.03,62.03,62.03,62.03,0,0
FMG_MV,D,20130903,000000,62.03,62.03,56.74,59.39,0,0
FMG_MV,D,20130904,000000,62.03,62.03,62.03,62.03,0,0
FMG_MV,D,20130905,000000,62.03,62.03,62.03,62.03,0,0
FMG_MV,D,20130906,000000,61.74,61.74,61.74,61.74,0,0
FMG_MV,D,20130909,000000,61.74,61.74,61.74,61.74,0,0
FMG_MV,D,20130910,000000,59.98,59.98,59.98,59.98,0,0
FMG_MV,D,20130911,000000,61.74,61.74,57.62,57.62,0,0
FMG_MV,D,20130912,000000,62.03,62.03,62.03,62.03,0,0
FMG_MV,D,20130913,000000,62.03,62.03,62.03,62.03,0,0
FMG_MV,D,20130916,000000,61.74,61.74,61.74,61.74,0,0
FMG_MV,D,20130917,000000,62.03,62.03,62.03,62.03,0,0
FMG_MV,D,20130918,000000,58.8,58.8,58.8,58.8,0,0
FMG_MV,D,20130919,000000,58.8,58.8,55.86,55.86,0,0
FMG_MV,D,20130920,000000,62.03,62.03,62.03,62.03,0,0
FMG_MV,D,20130923,000000,62.03,62.03,62.03,62.03,0,0
FMG_MV,D,20130924,000000,62.03,62.03,62.03,62.03,0,0
FMG_MV,D,20130925,000000,62.03,62.03,57.04,62.03,0,0
FMG_MV,D,20130926,000000,62.03,62.03,62.03,62.03,0,0
FMG_MV,D,20130927,000000,62.03,62.03,57.04,62.03,0,0
FMG_MV,D,20130930,000000,62.03,62.03,62.03,62.03,0,0
FMG_MV,D,20131001,000000,59.09,59.09,59.09,59.09,0,0
FMG_MV,D,20131002,000000,59.09,59.09,59.09,59.09,0,0
FMG_MV,D,20131003,000000,59.09,59.09,59.09,59.09,0,0
FMG_MV,D,20131004,000000,59.09,59.09,59.09,59.09,0,0
FMG_MV,D,20131007,000000,59.09,59.09,59.09,59.09,0,0
FMG_MV,D,20131008,000000,59.09,59.09,59.09,59.09,0,0
FMG_MV,D,20131009,000000,59.09,59.09,59.09,59.09,0,0
FMG_MV,D,20131010,000000,59.09,59.09,59.09,59.09,0,0
FMG_MV,D,20131011,000000,59.09,59.09,59.09,59.09,0,0
FMG_MV,D,20131014,000000,59.09,59.09,59.09,59.09,0,0
FMG_MV,D,20131015,000000,59.09,59.09,59.09,59.09,0,0
FMG_MV,D,20131016,000000,59.09,59.09,59.09,59.09,0,0
FMG_MV,D,20131017,000000,59.09,59.09,59.09,59.09,0,0
FMG_MV,D,20131018,000000,59.09,59.09,59.09,59.09,0,0
FMG_MV,D,20131021,000000,61.74,65.56,61.74,65.56,0,0
FMG_MV,D,20131022,000000,67.62,67.62,64.68,64.68,0,0
FMG_MV,D,20131023,000000,64.68,64.68,64.68,64.68,0,0
FMG_MV,D,20131024,000000,64.68,64.68,64.68,64.68,0,0
FMG_MV,D,20131025,000000,64.68,67.62,64.68,67.62,0,0
FMG_MV,D,20131028,000000,67.62,67.62,67.62,67.62,0,0
FMG_MV,D,20131029,000000,67.62,67.62,67.33,67.33,0,0
FMG_MV,D,20131030,000000,67.62,67.62,67.62,67.62,0,0
FMG_MV,D,20131031,000000,67.62,67.62,63.5,67.62,0,0
FMG_MV,D,20131104,000000,67.62,67.62,63.5,67.62,0,0
FMG_MV,D,20131105,000000,67.62,67.62,67.62,67.62,0,0
FMG_MV,D,20131106,000000,67.62,72.91,67.62,70.85,0,0
FMG_MV,D,20131107,000000,71.74,84.97,71.74,76.44,0,0
FMG_MV,D,20131108,000000,81.73,82.03,73.5,76.73,0,0
FMG_MV,D,20131112,000000,76.15,76.15,68.21,68.5,0,0
FMG_MV,D,20131113,000000,74.68,74.68,70.56,73.5,0,0
FMG_MV,D,20131114,000000,74.68,75.26,73.21,73.21,0,0
FMG_MV,D,20131115,000000,72.91,72.91,68.21,72.91,0,0
FMG_MV,D,20131118,000000,71.74,83.2,71.74,73.79,0,0
FMG_MV,D,20131119,000000,78.79,78.79,71.44,72.62,0,0
FMG_MV,D,20131120,000000,72.03,72.03,61.74,62.03,0,0
FMG_MV,D,20131121,000000,69.38,69.38,65.86,67.03,0,0
FMG_MV,D,20131122,000000,67.62,67.62,63.5,63.8,0,0
FMG_MV,D,20131125,000000,66.15,66.15,61.74,62.62,0,0
FMG_MV,D,20131126,000000,62.62,62.62,62.62,62.62,0,0
FMG_MV,D,20131127,000000,66.15,66.15,66.15,66.15,0,0
FMG_MV,D,20131128,000000,64.97,64.97,62.33,62.33,0,0
FMG_MV,D,20131129,000000,66.15,66.15,62.92,66.15,0,0
FMG_MV,D,20131202,000000,66.15,66.15,66.15,66.15,0,0
FMG_MV,D,20131203,000000,66.15,66.15,66.15,66.15,0,0
FMG_MV,D,20131204,000000,66.15,66.15,60.86,64.09,0,0
FMG_MV,D,20131205,000000,64.09,66.15,64.09,66.15,0,0
FMG_MV,D,20131206,000000,66.15,66.15,59.98,64.09,0,0
FMG_MV,D,20131209,000000,64.09,64.09,64.09,64.09,0,0
FMG_MV,D,20131210,000000,64.09,70.56,64.09,70.56,0,0
FMG_MV,D,20131211,000000,70.27,70.27,64.97,70.27,0,0
FMG_MV,D,20131212,000000,70.56,70.56,70.27,70.27,0,0
FMG_MV,D,20131213,000000,69.09,69.09,63.8,68.8,0,0
FMG_MV,D,20131216,000000,68.8,68.8,68.8,68.8,0,0
FMG_MV,D,20131217,000000,68.5,68.5,68.5,68.5,0,0
FMG_MV,D,20131218,000000,68.5,68.5,63.5,66.44,0,0
FMG_MV,D,20131219,000000,66.44,66.44,66.44,66.44,0,0
FMG_MV,D,20131220,000000,66.44,66.44,62.03,66.44,0,0
FMG_MV,D,20131223,000000,66.15,66.44,60.86,66.44,0,0
FMG_MV,D,20131227,000000,66.15,66.15,66.15,66.15,0,0
FMG_MV,D,20131230,000000,66.15,66.15,66.15,66.15,0,0
FMG_MV,D,20140102,000000,68.8,68.8,68.5,68.5,0,0
FMG_MV,D,20140103,000000,68.21,68.21,67.91,67.91,0,0
FMG_MV,D,20140107,000000,67.62,67.62,62.03,67.33,0,0
FMG_MV,D,20140108,000000,66.74,66.74,61.45,66.15,0,0
FMG_MV,D,20140109,000000,66.44,66.44,61.74,66.15,0,0
FMG_MV,D,20140110,000000,65.27,65.27,65.27,65.27,0,0
FMG_MV,D,20140113,000000,64.68,64.68,64.68,64.68,0,0
FMG_MV,D,20140114,000000,67.62,67.62,67.33,67.33,0,0
FMG_MV,D,20140115,000000,67.03,67.03,66.74,66.74,0,0
FMG_MV,D,20140116,000000,66.44,66.44,66.44,66.44,0,0
FMG_MV,D,20140117,000000,65.86,65.86,65.86,65.86,0,0
FMG_MV,D,20140120,000000,65.86,65.86,65.86,65.86,0,0
FMG_MV,D,20140121,000000,65.86,65.86,60.56,65.86,0,0
FMG_MV,D,20140122,000000,65.86,65.86,65.86,65.86,0,0
FMG_MV,D,20140123,000000,65.27,65.27,60.56,64.97,0,0
FMG_MV,D,20140124,000000,64.68,64.68,64.68,64.68,0,0
FMG_MV,D,20140127,000000,64.09,64.09,64.09,64.09,0,0
FMG_MV,D,20140128,000000,66.44,66.44,66.15,66.15,0,0
FMG_MV,D,20140129,000000,65.86,65.86,65.86,65.86,0,0
FMG_MV,D,20140130,000000,65.86,65.86,65.86,65.86,0,0
FMG_MV,D,20140131,000000,65.27,65.27,65.27,65.27,0,0
FMG_MV,D,20140203,000000,66.44,66.74,63.21,66.74,0,0
FMG_MV,D,20140204,000000,66.44,66.44,66.15,66.15,0,0
FMG_MV,D,20140205,000000,65.86,65.86,61.74,65.86,0,0
FMG_MV,D,20140206,000000,66.15,66.15,66.15,66.15,0,0
FMG_MV,D,20140207,000000,65.86,65.86,63.21,65.86,0,0
FMG_MV,D,20140210,000000,65.86,66.44,65.86,66.44,0,0
FMG_MV,D,20140211,000000,66.44,66.44,66.44,66.44,0,0
FMG_MV,D,20140212,000000,66.44,66.74,65.56,66.15,0,0
FMG_MV,D,20140213,000000,65.86,65.86,64.39,65.86,0,0
FMG_MV,D,20140214,000000,66.44,66.44,66.44,66.44,0,0
FMG_MV,D,20140217,000000,65.86,65.86,62.33,62.33,0,0
FMG_MV,D,20140218,000000,63.21,66.74,62.92,64.09,0,0
FMG_MV,D,20140219,000000,65.86,65.86,62.62,65.86,0,0
FMG_MV,D,20140220,000000,70.27,74.97,70.27,70.56,0,0
FMG_MV,D,20140221,000000,70.85,75.26,70.85,75.26,0,0
FMG_MV,D,20140224,000000,79.09,79.09,73.5,78.2,0,0
FMG_MV,D,20140225,000000,78.79,78.79,78.2,78.5,0,0
FMG_MV,D,20140226,000000,77.91,77.91,74.38,77.03,0,0
FMG_MV,D,20140227,000000,77.91,77.91,77.91,77.91,0,0
FMG_MV,D,20140228,000000,76.44,77.91,76.44,77.91,0,0
FMG_MV,D,20140303,000000,68.5,79.09,68.5,79.09,0,0
FMG_MV,D,20140304,000000,74.97,79.09,74.97,79.09,0,0
FMG_MV,D,20140305,000000,80.85,80.85,80.85,80.85,0,0
FMG_MV,D,20140306,000000,80.85,83.79,80.56,83.79,0,0
FMG_MV,D,20140307,000000,83.79,83.79,83.79,83.79,0,0
FMG_MV,D,20140310,000000,83.5,83.5,83.5,83.5,0,0
FMG_MV,D,20140311,000000,83.79,83.79,82.32,82.32,0,0
FMG_MV,D,20140312,000000,82.32,82.32,76.73,82.03,0,0
FMG_MV,D,20140313,000000,80.56,80.56,76.15,80.56,0,0
FMG_MV,D,20140314,000000,80.56,80.56,73.21,78.5,0,0
FMG_MV,D,20140317,000000,78.5,78.5,72.32,74.97,0,0
FMG_MV,D,20140318,000000,74.68,74.68,69.38,72.91,0,0
FMG_MV,D,20140319,000000,72.91,72.91,72.91,72.91,0,0
FMG_MV,D,20140320,000000,74.68,74.68,74.68,74.68,0,0
FMG_MV,D,20140321,000000,74.68,74.68,74.68,74.68,0,0
FMG_MV,D,20140324,000000,74.68,74.68,70.56,74.38,0,0
FMG_MV,D,20140325,000000,74.38,74.38,68.8,74.38,0,0
FMG_MV,D,20140326,000000,74.38,74.38,69.09,69.09,0,0
FMG_MV,D,20140327,000000,74.09,74.09,74.09,74.09,0,0
FMG_MV,D,20140328,000000,74.38,77.03,74.38,77.03,0,0
FMG_MV,D,20140331,000000,77.03,77.03,77.03,77.03,0,0
FMG_MV,D,20140401,000000,77.03,77.03,77.03,77.03,0,0
FMG_MV,D,20140402,000000,77.03,77.03,77.03,77.03,0,0
FMG_MV,D,20140403,000000,76.44,76.44,76.44,76.44,0,0
FMG_MV,D,20140404,000000,77.03,77.03,77.03,77.03,0,0
FMG_MV,D,20140407,000000,75.85,75.85,75.85,75.85,0,0
FMG_MV,D,20140408,000000,75.85,75.85,75.85,75.85,0,0
FMG_MV,D,20140409,000000,75.85,75.85,75.85,75.85,0,0
FMG_MV,D,20140410,000000,75.85,75.85,75.85,75.85,0,0
FMG_MV,D,20140411,000000,74.97,74.97,74.97,74.97,0,0
FMG_MV,D,20140414,000000,74.38,74.38,74.38,74.38,0,0
FMG_MV,D,20140415,000000,74.38,74.38,74.38,74.38,0,0
FMG_MV,D,20140416,000000,74.38,74.38,74.38,74.38,0,0
FMG_MV,D,20140417,000000,74.38,74.38,74.38,74.38,0,0
FMG_MV,D,20140422,000000,74.38,74.38,74.38,74.38,0,0
FMG_MV,D,20140423,000000,74.38,74.38,74.38,74.38,0,0
FMG_MV,D,20140424,000000,74.38,74.38,68.8,74.38,0,0
FMG_MV,D,20140425,000000,74.38,74.38,74.38,74.38,0,0
FMG_MV,D,20140428,000000,74.38,74.38,74.38,74.38,0,0
FMG_MV,D,20140429,000000,74.38,74.38,74.38,74.38,0,0
FMG_MV,D,20140430,000000,74.38,74.38,74.38,74.38,0,0
FMG_MV,D,20140502,000000,74.38,74.38,74.38,74.38,0,0
FMG_MV,D,20140505,000000,74.38,74.38,67.62,73.79,0,0
FMG_MV,D,20140506,000000,73.79,73.79,67.33,73.79,0,0
FMG_MV,D,20140507,000000,73.79,73.79,73.79,73.79,0,0
FMG_MV,D,20140508,000000,73.79,73.79,73.79,73.79,0,0
FMG_MV,D,20140509,000000,73.79,73.79,73.79,73.79,0,0
FMG_MV,D,20140512,000000,73.79,73.79,73.79,73.79,0,0
FMG_MV,D,20140513,000000,73.79,73.79,73.79,73.79,0,0
FMG_MV,D,20140514,000000,73.79,73.79,68.8,73.5,0,0
FMG_MV,D,20140515,000000,73.5,73.5,70.56,73.5,0,0
FMG_MV,D,20140516,000000,73.5,73.5,73.5,73.5,0,0
FMG_MV,D,20140519,000000,73.5,73.5,73.5,73.5,0,0
FMG_MV,D,20140520,000000,67.62,67.62,67.62,67.62,0,0
FMG_MV,D,20140521,000000,71.15,71.15,64.39,64.39,0,0
FMG_MV,D,20140522,000000,71.15,71.15,71.15,71.15,0,0
FMG_MV,D,20140523,000000,71.15,71.15,71.15,71.15,0,0
FMG_MV,D,20140526,000000,71.15,71.15,71.15,71.15,0,0
FMG_MV,D,20140527,000000,71.15,71.15,71.15,71.15,0,0
FMG_MV,D,20140528,000000,71.15,71.15,71.15,71.15,0,0
FMG_MV,D,20140529,000000,71.15,71.15,71.15,71.15,0,0
FMG_MV,D,20140530,000000,71.15,73.5,71.15,73.5,0,0
FMG_MV,D,20140602,000000,73.5,73.5,73.5,73.5,0,0
FMG_MV,D,20140603,000000,73.5,73.5,73.5,73.5,0,0
FMG_MV,D,20140604,000000,73.5,73.5,73.5,73.5,0,0
FMG_MV,D,20140605,000000,68.21,73.5,68.21,73.5,0,0
FMG_MV,D,20140606,000000,73.5,73.5,73.5,73.5,0,0
FMG_MV,D,20140609,000000,59.68,67.33,59.68,65.27,0,0
FMG_MV,D,20140610,000000,65.27,65.27,65.27,65.27,0,0
FMG_MV,D,20140611,000000,65.27,65.27,65.27,65.27,0,0
FMG_MV,D,20140612,000000,65.27,65.27,65.27,65.27,0,0
FMG_MV,D,20140613,000000,65.27,66.15,65.27,66.15,0,0
FMG_MV,D,20140616,000000,66.15,66.15,66.15,66.15,0,0
FMG_MV,D,20140617,000000,66.15,66.15,66.15,66.15,0,0
FMG_MV,D,20140618,000000,66.15,66.15,66.15,66.15,0,0
FMG_MV,D,20140620,000000,66.15,66.15,66.15,66.15,0,0
FMG_MV,D,20140623,000000,66.15,66.15,66.15,66.15,0,0
FMG_MV,D,20140624,000000,66.15,66.15,66.15,66.15,0,0
FMG_MV,D,20140625,000000,66.15,66.15,66.15,66.15,0,0
FMG_MV,D,20140626,000000,63.5,66.15,63.5,66.15,0,0
FMG_MV,D,20140627,000000,66.15,66.15,66.15,66.15,0,0
FMG_MV,D,20140630,000000,66.15,66.15,66.15,66.15,0,0
FMG_MV,D,20140701,000000,66.15,66.15,66.15,66.15,0,0
FMG_MV,D,20140702,000000,66.15,66.15,66.15,66.15,0,0
FMG_MV,D,20140703,000000,66.15,66.15,63.21,63.21,0,0
FMG_MV,D,20140704,000000,63.21,63.21,63.21,63.21,0,0
FMG_MV,D,20140707,000000,63.21,63.21,60.86,63.21,0,0
FMG_MV,D,20140708,000000,63.21,63.21,59.39,63.21,0,0
FMG_MV,D,20140709,000000,63.21,63.21,63.21,63.21,0,0
FMG_MV,D,20140710,000000,63.21,63.21,58.21,58.21,0,0
FMG_MV,D,20140711,000000,63.21,63.21,63.21,63.21,0,0
FMG_MV,D,20140714,000000,61.74,61.74,61.74,61.74,0,0
FMG_MV,D,20140715,000000,61.74,61.74,61.74,61.74,0,0
FMG_MV,D,20140716,000000,61.74,61.74,61.74,61.74,0,0
FMG_MV,D,20140717,000000,61.74,61.74,61.74,61.74,0,0
FMG_MV,D,20140718,000000,63.21,63.21,63.21,63.21,0,0
FMG_MV,D,20140721,000000,63.21,63.21,63.21,63.21,0,0
FMG_MV,D,20140722,000000,63.21,63.21,63.21,63.21,0,0
FMG_MV,D,20140723,000000,63.21,63.21,63.21,63.21,0,0
FMG_MV,D,20140724,000000,63.21,63.21,63.21,63.21,0,0
FMG_MV,D,20140725,000000,63.21,63.21,63.21,63.21,0,0
FMG_MV,D,20140728,000000,63.21,63.21,63.21,63.21,0,0
FMG_MV,D,20140729,000000,63.21,63.21,63.21,63.21,0,0
FMG_MV,D,20140730,000000,63.21,63.21,62.33,63.21,0,0
FMG_MV,D,20140731,000000,63.21,67.33,58.8,67.33,0,0
FMG_MV,D,20140801,000000,67.33,67.33,67.33,67.33,0,0
FMG_MV,D,20140805,000000,62.92,62.92,62.92,62.92,0,0
FMG_MV,D,20140814,000000,67.33,67.33,67.33,67.33,0,0
FMG_MV,D,20140818,000000,67.62,69.09,67.62,69.09,0,0
FMG_MV,D,20140819,000000,73.5,73.5,61.74,61.74,0,0
FMG_MV,D,20140820,000000,64.68,64.68,64.68,64.68,0,0
FMG_MV,D,20140821,000000,64.68,64.68,64.68,64.68,0,0
FMG_MV,D,20140822,000000,64.68,64.68,64.68,64.68,0,0
FMG_MV,D,20140825,000000,55.57,59.12,52.92,59.12,0,0
FMG_MV,D,20140826,000000,59.12,59.12,59.12,59.12,0,0
FMG_MV,D,20140827,000000,60.07,60.07,56.28,56.28,0,0
FMG_MV,D,20140828,000000,58.49,58.49,58.49,58.49,0,0
FMG_MV,D,20140829,000000,59.75,60.07,59.75,60.07,0,0
FMG_MV,D,20140901,000000,57.54,61.65,57.54,61.65,0,0
FMG_MV,D,20140902,000000,61.65,61.65,61.65,61.65,0,0
FMG_MV,D,20140903,000000,57.54,57.54,53.12,57.54,0,0
FMG_MV,D,20140904,000000,59.44,59.44,59.44,59.44,0,0
FMG_MV,D,20140905,000000,58.49,58.49,58.49,58.49,0,0
FMG_MV,D,20140908,000000,58.49,58.49,56.91,58.17,0,0
FMG_MV,D,20140909,000000,58.17,58.17,53.75,57.23,0,0
FMG_MV,D,20140910,000000,47.74,52.48,47.74,50.59,0,0
FMG_MV,D,20140911,000000,55.01,57.86,50.59,56.91,0,0
FMG_MV,D,20140912,000000,56.91,56.91,56.91,56.91,0,0
FMG_MV,D,20140915,000000,56.91,56.91,50.9,50.9,0,0
FMG_MV,D,20140916,000000,50.27,50.27,50.27,50.27,0,0
FMG_MV,D,20140917,000000,50.27,50.27,47.42,47.42,0,0
FMG_MV,D,20140918,000000,47.74,52.17,47.74,52.17,0,0
FMG_MV,D,20140919,000000,55.33,55.33,54.06,54.06,0,0
FMG_MV,D,20140922,000000,55.33,55.33,55.33,55.33,0,0
FMG_MV,D,20140923,000000,53.75,53.75,53.75,53.75,0,0
FMG_MV,D,20140924,000000,53.75,53.75,53.75,53.75,0,0
FMG_MV,D,20140925,000000,55.33,55.33,55.33,55.33,0,0
FMG_MV,D,20140926,000000,54.38,54.38,54.38,54.38,0,0
FMG_MV,D,20140929,000000,53.75,53.75,51.85,53.75,0,0
FMG_MV,D,20140930,000000,52.17,55.33,52.17,55.33,0,0
FMG_MV,D,20141001,000000,55.33,55.33,48.06,48.06,0,0
FMG_MV,D,20141002,000000,48.06,48.06,48.06,48.06,0,0
FMG_MV,D,20141007,000000,51.53,51.53,51.53,51.53,0,0
FMG_MV,D,20141008,000000,54.06,54.06,54.06,54.06,0,0
FMG_MV,D,20141009,000000,54.06,54.06,54.06,54.06,0,0
FMG_MV,D,20141010,000000,53.75,53.75,48.37,48.37,0,0
FMG_MV,D,20141013,000000,48.37,48.37,48.37,48.37,0,0
FMG_MV,D,20141014,000000,48.37,48.37,48.37,48.37,0,0
FMG_MV,D,20141015,000000,50.9,53.75,50.9,53.75,0,0
FMG_MV,D,20141016,000000,53.75,53.75,48.37,53.12,0,0
FMG_MV,D,20141017,000000,53.12,53.12,53.12,53.12,0,0
FMG_MV,D,20141020,000000,52.48,52.48,48.06,48.06,0,0
FMG_MV,D,20141021,000000,49.32,49.32,49.32,49.32,0,0
FMG_MV,D,20141022,000000,46.79,49.32,46.79,49.32,0,0
FMG_MV,D,20141023,000000,49.32,49.32,49.32,49.32,0,0
FMG_MV,D,20141024,000000,49.32,49.32,49.32,49.32,0,0
FMG_MV,D,20141027,000000,49.32,49.32,45.84,45.84,0,0
FMG_MV,D,20141028,000000,46.48,46.48,46.48,46.48,0,0
FMG_MV,D,20141029,000000,46.48,46.48,45.53,45.53,0,0
FMG_MV,D,20141030,000000,45.53,45.53,45.53,45.53,0,0
FMG_MV,D,20141031,000000,45.84,47.11,45.84,47.11,0,0
FMG_MV,D,20141103,000000,47.11,47.11,42.68,45.84,0,0
FMG_MV,D,20141104,000000,45.84,45.84,42.68,42.68,0,0
FMG_MV,D,20141105,000000,44.26,47.42,44.26,44.26,0,0
FMG_MV,D,20141106,000000,48.06,48.06,47.42,47.42,0,0
FMG_MV,D,20141107,000000,47.42,47.42,47.42,47.42,0,0
FMG_MV,D,20141110,000000,48.06,49.95,48.06,49.32,0,0
FMG_MV,D,20141112,000000,44.58,47.42,42.68,42.68,0,0
FMG_MV,D,20141113,000000,46.48,46.48,43,43,0,0
FMG_MV,D,20141114,000000,42.05,42.05,39.52,39.52,0,0
FMG_MV,D,20141117,000000,39.52,39.52,37.62,37.62,0,0
FMG_MV,D,20141118,000000,37.31,37.31,36.36,37.31,0,0
FMG_MV,D,20141119,000000,37.31,40.78,37.31,40.78,0,0
FMG_MV,D,20141120,000000,40.78,40.78,40.78,40.78,0,0
FMG_MV,D,20141121,000000,40.78,40.78,37.94,37.94,0,0
FMG_MV,D,20141124,000000,37.94,39.52,37.94,39.52,0,0
FMG_MV,D,20141125,000000,39.52,39.52,39.52,39.52,0,0
FMG_MV,D,20141126,000000,39.52,39.52,37.62,37.62,0,0
FMG_MV,D,20141127,000000,37.31,37.31,33.83,37.31,0,0
FMG_MV,D,20141128,000000,37.31,39.52,37.31,39.2,0,0
FMG_MV,D,20141201,000000,39.2,39.2,37.31,37.31,0,0
FMG_MV,D,20141202,000000,39.2,39.2,39.2,39.2,0,0
FMG_MV,D,20141203,000000,39.2,39.2,39.2,39.2,0,0
FMG_MV,D,20141204,000000,39.2,39.2,39.2,39.2,0,0
FMG_MV,D,20141205,000000,39.2,39.2,35.09,36.36,0,0
FMG_MV,D,20141208,000000,39.2,39.2,39.2,39.2,0,0
FMG_MV,D,20141209,000000,33.51,36.67,33.51,34.78,0,0
FMG_MV,D,20141210,000000,37.94,37.94,35.41,35.41,0,0
FMG_MV,D,20141211,000000,37.31,37.31,35.73,35.73,0,0
FMG_MV,D,20141212,000000,36.36,36.36,36.36,36.36,0,0
FMG_MV,D,20141215,000000,36.04,36.04,36.04,36.04,0,0
FMG_MV,D,20141216,000000,36.04,36.04,36.04,36.04,0,0
FMG_MV,D,20141217,000000,36.36,36.36,36.04,36.04,0,0
FMG_MV,D,20141218,000000,36.04,36.04,36.04,36.04,0,0
FMG_MV,D,20141219,000000,35.73,35.73,35.73,35.73,0,0
FMG_MV,D,20141222,000000,33.2,34.46,31.62,34.46,0,0
FMG_MV,D,20141223,000000,33.83,33.83,29.72,31.62,0,0
FMG_MV,D,20141229,000000,31.62,31.62,28.45,29.4,0,0
FMG_MV,D,20141230,000000,30.04,30.04,28.14,29.4,0,0
FMG_MV,D,20150102,000000,31.3,31.3,29.72,29.72,0,0
FMG_MV,D,20150105,000000,29.72,29.72,29.72,29.72,0,0
FMG_MV,D,20150107,000000,31.93,31.93,31.93,31.93,0,0
FMG_MV,D,20150108,000000,28.45,28.45,28.45,28.45,0,0
FMG_MV,D,20150109,000000,31.3,31.3,28.45,28.45,0,0
FMG_MV,D,20150112,000000,30.04,30.04,26.87,26.87,0,0
FMG_MV,D,20150113,000000,28.45,28.45,26.87,26.87,0,0
FMG_MV,D,20150114,000000,25.29,26.87,25.29,26.87,0,0
FMG_MV,D,20150115,000000,25.29,25.29,25.29,25.29,0,0
FMG_MV,D,20150116,000000,26.87,26.87,25.29,25.29,0,0
FMG_MV,D,20150119,000000,28.45,28.45,28.45,28.45,0,0
FMG_MV,D,20150120,000000,28.45,28.45,28.45,28.45,0,0
FMG_MV,D,20150121,000000,22.13,22.13,22.13,22.13,0,0
FMG_MV,D,20150122,000000,22.76,23.71,22.76,23.71,0,0
FMG_MV,D,20150123,000000,24.03,24.03,24.03,24.03,0,0
FMG_MV,D,20150126,000000,23.08,25.29,23.08,25.29,0,0
FMG_MV,D,20150128,000000,24.98,24.98,24.98,24.98,0,0
FMG_MV,D,20150129,000000,24.98,24.98,24.98,24.98,0,0
FMG_MV,D,20150130,000000,24.98,24.98,24.98,24.98,0,0
FMG_MV,D,20150205,000000,25.61,25.61,25.61,25.61,0,0
FMG_MV,D,20150206,000000,22.13,24.98,22.13,24.98,0,0
FMG_MV,D,20150216,000000,24.98,27.19,24.98,27.19,0,0
FMG_MV,D,20150217,000000,26.87,26.87,26.87,26.87,0,0
FMG_MV,D,20150218,000000,26.87,26.87,26.87,26.87,0,0
FMG_MV,D,20150219,000000,26.87,26.87,26.87,26.87,0,0
FMG_MV,D,20150220,000000,22.45,22.45,22.45,22.45,0,0
FMG_MV,D,20150225,000000,22.45,22.45,22.45,22.45,0,0
FMG_MV,D,20150226,000000,22.76,22.76,22.76,22.76,0,0
FMG_MV,D,20150227,000000,23.08,23.71,23.08,23.71,0,0
FMG_MV,D,20150302,000000,28.14,28.14,28.14,28.14,0,0
FMG_MV,D,20150303,000000,28.14,28.14,26.87,26.87,0,0
FMG_MV,D,20150304,000000,28.14,28.14,28.14,28.14,0,0
FMG_MV,D,20150305,000000,28.14,28.14,24.03,24.03,0,0
FMG_MV,D,20150306,000000,27.51,27.51,26.24,26.24,0,0
FMG_MV,D,20150309,000000,27.82,27.82,27.82,27.82,0,0
FMG_MV,D,20150310,000000,27.82,28.77,27.82,28.77,0,0
FMG_MV,D,20150311,000000,30.04,30.04,30.04,30.04,0,0
FMG_MV,D,20150312,000000,30.04,30.04,30.04,30.04,0,0
FMG_MV,D,20150316,000000,28.45,28.45,28.45,28.45,0,0
FMG_MV,D,20150319,000000,26.56,26.56,26.56,26.56,0,0
FMG_MV,D,20150320,000000,26.56,26.56,26.24,26.24,0,0
FMG_MV,D,20150323,000000,25.29,25.61,25.29,25.61,0,0
FMG_MV,D,20150324,000000,25.29,25.29,25.29,25.29,0,0
FMG_MV,D,20150325,000000,25.29,27.51,25.29,27.51,0,0
FMG_MV,D,20150327,000000,27.19,27.19,27.19,27.19,0,0
FMG_MV,D,20150330,000000,25.29,25.29,25.29,25.29,0,0
FMG_MV,D,20150331,000000,27.82,27.82,27.82,27.82,0,0
FMG_MV,D,20150407,000000,25.29,25.29,25.29,25.29,0,0
FMG_MV,D,20150408,000000,27.82,27.82,27.82,27.82,0,0
FMG_MV,D,20150409,000000,29.72,29.72,29.72,29.72,0,0
FMG_MV,D,20150410,000000,29.72,29.72,29.72,29.72,0,0
FMG_MV,D,20150413,000000,29.72,29.72,29.72,29.72,0,0
FMG_MV,D,20150414,000000,27.19,29.72,27.19,29.72,0,0
FMG_MV,D,20150415,000000,29.72,29.72,27.19,27.19,0,0
FMG_MV,D,20150416,000000,28.45,28.45,28.45,28.45,0,0
FMG_MV,D,20150417,000000,27.19,27.19,27.19,27.19,0,0
FMG_MV,D,20150420,000000,29.72,29.72,29.72,29.72,0,0
FMG_MV,D,20150421,000000,29.72,29.72,29.72,29.72,0,0
FMG_MV,D,20150423,000000,27.82,29.4,27.82,29.4,0,0
FMG_MV,D,20150424,000000,26.56,29.09,26.56,29.09,0,0
FMG_MV,D,20150427,000000,29.09,29.09,29.09,29.09,0,0
FMG_MV,D,20150430,000000,27.82,27.82,27.82,27.82,0,0
FMG_MV,D,20150504,000000,28.45,28.45,28.45,28.45,0,0
FMG_MV,D,20150505,000000,28.14,28.14,26.24,26.24,0,0
FMG_MV,D,20150506,000000,26.24,26.24,26.24,26.24,0,0
FMG_MV,D,20150507,000000,26.24,26.24,26.24,26.24,0,0
FMG_MV,D,20150508,000000,25.29,25.29,25.29,25.29,0,0
FMG_MV,D,20150511,000000,24.98,24.98,24.98,24.98,0,0
FMG_MV,D,20150512,000000,22.76,22.76,22.76,22.76,0,0
FMG_MV,D,20150515,000000,24.98,24.98,24.98,24.98,0,0
FMG_MV,D,20150518,000000,27.19,27.19,27.19,27.19,0,0
FMG_MV,D,20150519,000000,26.87,27.19,26.87,27.19,0,0
FMG_MV,D,20150520,000000,27.19,27.19,27.19,27.19,0,0
FMG_MV,D,20150521,000000,27.19,27.19,27.19,27.19,0,0
FMG_MV,D,20150522,000000,25.61,27.19,25.61,27.19,0,0
FMG_MV,D,20150525,000000,28.77,28.77,28.77,28.77,0,0
FMG_MV,D,20150526,000000,28.77,28.77,28.77,28.77,0,0
FMG_MV,D,20150527,000000,28.77,28.77,28.77,28.77,0,0
FMG_MV,D,20150528,000000,28.45,28.45,28.45,28.45,0,0
FMG_MV,D,20150529,000000,28.45,28.45,28.45,28.45,0,0
FMG_MV,D,20150601,000000,28.45,28.45,28.45,28.45,0,0
FMG_MV,D,20150602,000000,28.14,28.14,28.14,28.14,0,0
FMG_MV,D,20150603,000000,26.87,26.87,26.87,26.87,0,0
FMG_MV,D,20150608,000000,26.87,26.87,26.87,26.87,0,0
FMG_MV,D,20150609,000000,26.87,26.87,26.87,26.87,0,0
FMG_MV,D,20150610,000000,26.87,26.87,26.87,26.87,0,0
FMG_MV,D,20150611,000000,26.87,26.87,26.87,26.87,0,0
FMG_MV,D,20150612,000000,28.45,28.45,28.45,28.45,0,0
FMG_MV,D,20150615,000000,28.45,28.45,28.45,28.45,0,0
FMG_MV,D,20150616,000000,28.45,28.45,28.45,28.45,0,0
FMG_MV,D,20150617,000000,28.45,28.45,28.45,28.45,0,0
FMG_MV,D,20150619,000000,28.45,28.45,28.45,28.45,0,0
FMG_MV,D,20150622,000000,28.45,28.45,28.45,28.45,0,0
FMG_MV,D,20150629,000000,28.45,28.45,28.45,28.45,0,0
FMG_MV,D,20150630,000000,28.45,28.45,28.45,28.45,0,0
FMG_MV,D,20150701,000000,28.77,28.77,28.77,28.77,0,0
FMG_MV,D,20150702,000000,28.77,28.77,28.77,28.77,0,0
FMG_MV,D,20150703,000000,28.77,28.77,28.77,28.77,0,0
FMG_MV,D,20150706,000000,28.77,28.77,28.77,28.77,0,0
FMG_MV,D,20150707,000000,28.77,28.77,28.77,28.77,0,0
FMG_MV,D,20150708,000000,28.77,28.77,28.77,28.77,0,0
FMG_MV,D,20150709,000000,28.77,28.77,28.77,28.77,0,0
FMG_MV,D,20150710,000000,28.45,28.45,27.19,27.19,0,0
FMG_MV,D,20150713,000000,28.14,28.14,28.14,28.14,0,0
FMG_MV,D,20150714,000000,28.45,28.45,28.14,28.14,0,0
FMG_MV,D,20150715,000000,28.14,28.14,28.14,28.14,0,0
FMG_MV,D,20150716,000000,28.14,28.14,28.14,28.14,0,0
FMG_MV,D,20150717,000000,28.14,28.14,28.14,28.14,0,0
FMG_MV,D,20150720,000000,28.14,28.14,28.14,28.14,0,0
FMG_MV,D,20150721,000000,28.14,28.14,28.14,28.14,0,0
FMG_MV,D,20150722,000000,28.14,28.14,28.14,28.14,0,0
FMG_MV,D,20150723,000000,28.14,28.14,28.14,28.14,0,0
FMG_MV,D,20150724,000000,28.14,28.14,26.56,26.56,0,0
FMG_MV,D,20150727,000000,27.19,27.19,27.19,27.19,0,0
FMG_MV,D,20150728,000000,27.19,27.19,27.19,27.19,0,0
FMG_MV,D,20150729,000000,28.14,28.14,28.14,28.14,0,0
FMG_MV,D,20150730,000000,28.14,28.14,28.14,28.14,0,0
FMG_MV,D,20150731,000000,26.24,26.24,26.24,26.24,0,0
FMG_MV,D,20150803,000000,28.14,28.14,28.14,28.14,0,0
FMG_MV,D,20150804,000000,28.14,28.14,28.14,28.14,0,0
FMG_MV,D,20150805,000000,28.14,28.14,28.14,28.14,0,0
FMG_MV,D,20150806,000000,28.14,28.14,26.24,26.24,0,0
FMG_MV,D,20150807,000000,26.24,26.24,26.24,26.24,0,0
FMG_MV,D,20150810,000000,28.14,28.14,28.14,28.14,0,0
FMG_MV,D,20150811,000000,27.51,28.14,27.51,28.14,0,0
FMG_MV,D,20150812,000000,28.14,28.14,28.14,28.14,0,0
FMG_MV,D,20150813,000000,28.14,28.14,28.14,28.14,0,0
FMG_MV,D,20150814,000000,28.14,28.14,28.14,28.14,0,0
FMG_MV,D,20150817,000000,25.29,25.29,25.29,25.29,0,0
FMG_MV,D,20150818,000000,28.14,28.14,28.14,28.14,0,0
FMG_MV,D,20150819,000000,27.82,27.82,27.82,27.82,0,0
FMG_MV,D,20150820,000000,27.51,27.51,27.51,27.51,0,0
FMG_MV,D,20150821,000000,27.51,27.51,27.51,27.51,0,0
FMG_MV,D,20150824,000000,27.51,27.51,27.51,27.51,0,0
FMG_MV,D,20150825,000000,27.51,27.51,27.51,27.51,0,0
FMG_MV,D,20150826,000000,27.51,27.51,27.51,27.51,0,0
FMG_MV,D,20150827,000000,27.51,27.51,27.51,27.51,0,0
FMG_MV,D,20150831,000000,25.93,25.93,25.93,25.93,0,0
FMG_MV,D,20150901,000000,27.19,27.19,27.19,27.19,0,0
FMG_MV,D,20150902,000000,27.19,27.19,27.19,27.19,0,0
FMG_MV,D,20150903,000000,27.19,27.19,27.19,27.19,0,0
FMG_MV,D,20150904,000000,27.19,27.19,27.19,27.19,0,0
FMG_MV,D,20150907,000000,27.19,27.19,25.61,25.61,0,0
FMG_MV,D,20150908,000000,24.98,24.98,23.4,23.4,0,0
FMG_MV,D,20150909,000000,23.4,23.4,21.18,21.18,0,0
FMG_MV,D,20150910,000000,22.13,22.13,22.13,22.13,0,0
FMG_MV,D,20150911,000000,22.13,22.13,22.13,22.13,0,0
FMG_MV,D,20150914,000000,22.13,22.13,22.13,22.13,0,0
FMG_MV,D,20150915,000000,24.03,24.03,24.03,24.03,0,0
FMG_MV,D,20150916,000000,23.71,23.71,23.71,23.71,0,0
FMG_MV,D,20150917,000000,23.71,23.71,23.71,23.71,0,0
FMG_MV,D,20150918,000000,23.71,23.71,23.71,23.71,0,0
FMG_MV,D,20150921,000000,20.87,20.87,20.87,20.87,0,0
FMG_MV,D,20150922,000000,21.5,21.5,21.5,21.5,0,0
FMG_MV,D,20150923,000000,22.76,22.76,22.76,22.76,0,0
FMG_MV,D,20150924,000000,21.5,21.5,21.5,21.5,0,0
FMG_MV,D,20150925,000000,21.5,21.5,21.5,21.5,0,0
FMG_MV,D,20150930,000000,21.18,21.18,21.18,21.18,0,0
FMG_MV,D,20151001,000000,20.87,20.87,20.87,20.87,0,0
FMG_MV,D,20151002,000000,20.87,20.87,20.87,20.87,0,0
FMG_MV,D,20151006,000000,20.87,20.87,20.55,20.55,0,0
FMG_MV,D,20151007,000000,20.55,23.71,20.55,23.71,0,0
FMG_MV,D,20151009,000000,23.71,23.71,23.71,23.71,0,0
FMG_MV,D,20151012,000000,23.4,23.71,23.4,23.71,0,0
FMG_MV,D,20151014,000000,25.93,25.93,25.93,25.93,0,0
FMG_MV,D,20151015,000000,25.93,25.93,25.93,25.93,0,0
FMG_MV,D,20151016,000000,25.93,25.93,25.93,25.93,0,0
FMG_MV,D,20151019,000000,21.5,23.08,21.5,21.5,0,0
FMG_MV,D,20151020,000000,21.82,21.82,21.18,21.82,0,0
FMG_MV,D,20151021,000000,21.82,21.82,21.18,21.18,0,0
FMG_MV,D,20151022,000000,21.82,21.82,20.87,20.87,0,0
FMG_MV,D,20151023,000000,20.87,21.5,18.97,21.5,0,0
FMG_MV,D,20151026,000000,20.87,20.87,20.23,20.87,0,0
FMG_MV,D,20151027,000000,20.87,20.87,19.6,19.92,0,0
FMG_MV,D,20151028,000000,20.87,20.87,19.6,20.23,0,0
FMG_MV,D,20151029,000000,20.87,20.87,20.23,20.87,0,0
FMG_MV,D,20151030,000000,20.87,20.87,20.87,20.87,0,0
FMG_MV,D,20151102,000000,22.45,22.45,20.87,20.87,0,0
FMG_MV,D,20151103,000000,20.87,20.87,20.55,20.55,0,0
FMG_MV,D,20151104,000000,20.55,22.13,19.29,22.13,0,0
FMG_MV,D,20151105,000000,22.13,22.13,19.6,19.6,0,0
FMG_MV,D,20151106,000000,20.55,22.13,18.65,18.65,0,0
FMG_MV,D,20151109,000000,19.29,19.92,19.29,19.92,0,0
FMG_MV,D,20151110,000000,19.29,19.29,18.97,18.97,0,0
FMG_MV,D,20151112,000000,19.6,19.6,19.6,19.6,0,0
FMG_MV,D,20151113,000000,19.6,19.6,19.29,19.29,0,0
FMG_MV,D,20151116,000000,19.29,19.29,19.29,19.29,0,0
FMG_MV,D,20151117,000000,19.29,19.29,19.29,19.29,0,0
FMG_MV,D,20151118,000000,19.29,19.29,19.29,19.29,0,0
FMG_MV,D,20151119,000000,19.6,19.6,19.6,19.6,0,0
FMG_MV,D,20151120,000000,19.6,19.6,19.6,19.6,0,0
FMG_MV,D,20151123,000000,19.6,19.6,19.6,19.6,0,0
FMG_MV,D,20151124,000000,19.6,19.6,18.97,19.29,0,0
FMG_MV,D,20151125,000000,19.29,19.29,19.29,19.29,0,0
FMG_MV,D,20151126,000000,19.29,19.6,19.29,19.29,0,0
FMG_MV,D,20151127,000000,19.29,19.29,19.29,19.29,0,0
FMG_MV,D,20151130,000000,19.29,19.29,19.29,19.29,0,0
FMG_MV,D,20151201,000000,19.29,19.29,18.34,18.34,0,0
FMG_MV,D,20151202,000000,18.34,18.34,18.34,18.34,0,0
FMG_MV,D,20151203,000000,18.34,18.34,18.34,18.34,0,0
FMG_MV,D,20151204,000000,18.34,18.34,17.07,18.34,0,0
FMG_MV,D,20151207,000000,18.34,18.34,17.39,18.34,0,0
FMG_MV,D,20151208,000000,18.34,18.34,18.02,18.02,0,0
FMG_MV,D,20151209,000000,18.34,18.34,17.07,18.02,0,0
FMG_MV,D,20151210,000000,18.02,18.02,15.49,16.12,0,0
FMG_MV,D,20151214,000000,15.81,15.81,15.49,15.49,0,0
FMG_MV,D,20151215,000000,15.49,15.49,14.23,15.49,0,0
FMG_MV,D,20151216,000000,16.44,16.44,14.86,14.86,0,0
FMG_MV,D,20151217,000000,15.81,15.81,15.81,15.81,0,0
FMG_MV,D,20151218,000000,16.44,16.44,16.44,16.44,0,0
FMG_MV,D,20151221,000000,16.12,16.12,14.54,14.54,0,0
FMG_MV,D,20151222,000000,15.81,15.81,15.49,15.49,0,0
FMG_MV,D,20151223,000000,15.49,15.49,14.54,14.86,0,0
FMG_MV,D,20151228,000000,14.86,15.49,14.54,14.86,0,0
FMG_MV,D,20151229,000000,15.49,15.49,15.49,15.49,0,0
FMG_MV,D,20151230,000000,16.12,16.12,15.49,15.49,0,0
FMG_MV,D,20160104,000000,16.76,17.39,16.76,17.39,0,0
FMG_MV,D,20160105,000000,17.39,17.39,17.39,17.39,0,0
FMG_MV,D,20160107,000000,16.44,16.76,16.44,16.76,0,0
FMG_MV,D,20160108,000000,16.44,16.44,16.44,16.44,0,0
FMG_MV,D,20160111,000000,16.12,16.12,15.81,15.81,0,0
FMG_MV,D,20160112,000000,16.44,17.71,16.44,17.71,0,0
FMG_MV,D,20160113,000000,17.39,17.39,16.44,17.07,0,0
FMG_MV,D,20160114,000000,17.07,17.07,17.07,17.07,0,0
FMG_MV,D,20160119,000000,17.07,17.07,16.44,16.76,0,0
FMG_MV,D,20160120,000000,16.44,16.44,16.44,16.44,0,0
FMG_MV,D,20160121,000000,17.07,17.07,17.07,17.07,0,0
FMG_MV,D,20160122,000000,16.44,16.44,15.81,15.81,0,0
FMG_MV,D,20160125,000000,15.81,17.39,15.81,17.39,0,0
FMG_MV,D,20160127,000000,16.44,17.39,15.81,17.39,0,0
FMG_MV,D,20160128,000000,17.07,17.07,15.81,16.44,0,0
FMG_MV,D,20160129,000000,17.39,17.39,15.81,16.44,0,0
FMG_MV,D,20160201,000000,16.44,16.44,16.44,16.44,0,0
FMG_MV,D,20160202,000000,17.39,17.39,16.44,17.39,0,0
FMG_MV,D,20160203,000000,17.39,17.39,17.39,17.39,0,0
FMG_MV,D,20160204,000000,17.39,17.39,16.44,16.44,0,0
FMG_MV,D,20160205,000000,16.76,16.76,16.44,16.44,0,0
FMG_MV,D,20160208,000000,16.76,16.76,16.44,16.44,0,0
FMG_MV,D,20160209,000000,16.44,16.44,16.12,16.12,0,0
FMG_MV,D,20160210,000000,16.44,16.44,16.44,16.44,0,0
FMG_MV,D,20160211,000000,16.12,16.12,16.12,16.12,0,0
FMG_MV,D,20160212,000000,16.44,16.44,16.44,16.44,0,0
FMG_MV,D,20160215,000000,16.12,16.12,15.81,15.81,0,0
FMG_MV,D,20160216,000000,16.12,16.12,16.12,16.12,0,0
FMG_MV,D,20160217,000000,16.12,16.12,16.12,16.12,0,0
FMG_MV,D,20160218,000000,16.12,16.12,16.12,16.12,0,0
FMG_MV,D,20160219,000000,16.12,16.12,16.12,16.12,0,0
FMG_MV,D,20160222,000000,14.54,15.49,14.54,15.18,0,0
FMG_MV,D,20160223,000000,16.12,16.12,16.12,16.12,0,0
FMG_MV,D,20160224,000000,16.12,16.44,16.12,16.12,0,0
FMG_MV,D,20160225,000000,16.12,16.12,16.12,16.12,0,0
FMG_MV,D,20160226,000000,16.12,17.07,16.12,17.07,0,0
FMG_MV,D,20160229,000000,16.44,16.44,16.44,16.44,0,0
FMG_MV,D,20160301,000000,16.44,16.44,15.18,15.49,0,0
FMG_MV,D,20160302,000000,15.49,15.81,14.86,15.81,0,0
FMG_MV,D,20160303,000000,15.49,15.49,15.49,15.49,0,0
FMG_MV,D,20160304,000000,15.49,15.49,15.18,15.18,0,0
FMG_MV,D,20160307,000000,15.18,15.81,15.18,15.18,0,0
FMG_MV,D,20160308,000000,15.49,15.81,15.49,15.81,0,0
FMG_MV,D,20160309,000000,15.81,15.81,15.81,15.81,0,0
FMG_MV,D,20160310,000000,15.81,15.81,15.81,15.81,0,0
FMG_MV,D,20160311,000000,15.49,15.81,14.86,15.81,0,0
FMG_MV,D,20160314,000000,15.49,15.49,14.23,14.23,0,0
FMG_MV,D,20160315,000000,15.81,16.44,15.18,15.18,0,0
FMG_MV,D,20160316,000000,15.81,15.81,15.81,15.81,0,0
FMG_MV,D,20160317,000000,15.81,15.81,15.81,15.81,0,0
FMG_MV,D,20160318,000000,15.18,15.18,15.18,15.18,0,0
FMG_MV,D,20160321,000000,14.86,14.86,14.54,14.86,0,0
FMG_MV,D,20160322,000000,14.54,15.81,14.54,15.18,0,0
FMG_MV,D,20160323,000000,15.81,15.81,15.18,15.18,0,0
FMG_MV,D,20160324,000000,14.23,15.18,14.23,15.18,0,0
FMG_MV,D,20160329,000000,15.18,15.18,14.54,14.86,0,0
FMG_MV,D,20160330,000000,15.49,15.49,14.23,14.86,0,0
FMG_MV,D,20160331,000000,15.49,15.49,13.91,14.54,0,0
FMG_MV,D,20160401,000000,15.18,15.18,15.18,15.18,0,0
FMG_MV,D,20160404,000000,15.49,15.49,14.23,15.18,0,0
FMG_MV,D,20160405,000000,15.18,15.18,14.86,15.18,0,0
FMG_MV,D,20160406,000000,15.18,15.18,14.54,14.54,0,0
FMG_MV,D,20160407,000000,14.54,14.54,14.23,14.54,0,0
FMG_MV,D,20160408,000000,15.18,15.18,14.86,14.86,0,0
FMG_MV,D,20160411,000000,14.86,15.18,14.23,15.18,0,0
FMG_MV,D,20160412,000000,15.18,15.18,15.18,15.18,0,0
FMG_MV,D,20160413,000000,14.86,14.86,14.86,14.86,0,0
FMG_MV,D,20160414,000000,14.23,14.23,14.23,14.23,0,0
FMG_MV,D,20160415,000000,14.86,14.86,14.23,14.86,0,0
FMG_MV,D,20160418,000000,14.86,15.18,14.86,15.18,0,0
FMG_MV,D,20160419,000000,15.49,15.49,15.18,15.18,0,0
FMG_MV,D,20160420,000000,15.49,15.49,14.54,15.18,0,0
FMG_MV,D,20160421,000000,15.18,15.18,15.18,15.18,0,0
FMG_MV,D,20160422,000000,14.54,15.18,14.54,15.18,0,0
FMG_MV,D,20160425,000000,15.18,15.18,14.54,15.18,0,0
FMG_MV,D,20160426,000000,14.54,15.18,14.54,15.18,0,0
FMG_MV,D,20160427,000000,15.18,15.18,14.86,15.18,0,0
FMG_MV,D,20160428,000000,15.18,16.12,14.86,15.18,0,0
FMG_MV,D,20160429,000000,15.81,15.81,14.86,15.81,0,0
FMG_MV,D,20160502,000000,15.81,15.81,15.18,15.18,0,0
FMG_MV,D,20160504,000000,15.81,15.81,15.49,15.49,0,0
FMG_MV,D,20160505,000000,15.81,15.81,15.18,15.81,0,0
FMG_MV,D,20160506,000000,15.81,15.81,15.81,15.81,0,0
FMG_MV,D,20160509,000000,15.81,15.81,15.81,15.81,0,0
FMG_MV,D,20160510,000000,15.81,15.81,15.81,15.81,0,0
FMG_MV,D,20160511,000000,15.81,15.81,15.81,15.81,0,0
FMG_MV,D,20160512,000000,15.81,15.81,15.81,15.81,0,0
FMG_MV,D,20160513,000000,15.18,15.49,15.18,15.49,0,0
FMG_MV,D,20160516,000000,15.49,15.49,14.54,14.86,0,0
FMG_MV,D,20160517,000000,15.49,15.49,14.23,15.49,0,0
FMG_MV,D,20160518,000000,15.49,15.49,14.23,14.23,0,0
FMG_MV,D,20160519,000000,15.18,15.18,14.86,14.86,0,0
FMG_MV,D,20160520,000000,14.54,14.54,14.23,14.23,0,0
FMG_MV,D,20160523,000000,14.23,14.54,14.23,14.54,0,0
FMG_MV,D,20160524,000000,14.54,14.54,14.54,14.54,0,0
FMG_MV,D,20160525,000000,14.54,14.54,14.54,14.54,0,0
FMG_MV,D,20160527,000000,14.54,14.54,14.54,14.54,0,0
FMG_MV,D,20160530,000000,14.54,14.54,14.54,14.54,0,0
FMG_MV,D,20160531,000000,14.54,14.54,14.54,14.54,0,0
FMG_MV,D,20160602,000000,14.54,14.54,14.23,14.23,0,0
FMG_MV,D,20160603,000000,14.23,14.23,14.23,14.23,0,0
FMG_MV,D,20160606,000000,14.54,14.54,14.54,14.54,0,0
FMG_MV,D,20160607,000000,14.54,14.54,14.54,14.54,0,0
FMG_MV,D,20160608,000000,14.54,14.54,14.54,14.54,0,0
FMG_MV,D,20160609,000000,14.54,14.54,14.54,14.54,0,0
FMG_MV,D,20160610,000000,14.54,14.54,14.54,14.54,0,0
FMG_MV,D,20160613,000000,14.54,14.54,14.54,14.54,0,0
FMG_MV,D,20160614,000000,14.54,14.54,14.54,14.54,0,0
FMG_MV,D,20160615,000000,14.54,14.54,14.54,14.54,0,0
FMG_MV,D,20160616,000000,14.54,14.54,13.59,13.59,0,0
FMG_MV,D,20160617,000000,13.28,13.28,12.96,12.96,0,0
FMG_MV,D,20160620,000000,12.96,12.96,12.96,12.96,0,0
FMG_MV,D,20160621,000000,12.96,12.96,12.96,12.96,0,0
FMG_MV,D,20160622,000000,12.33,12.65,11.7,11.7,0,0
FMG_MV,D,20160623,000000,12.33,12.33,11.38,12.33,0,0
FMG_MV,D,20160624,000000,11.7,11.7,11.7,11.7,0,0
FMG_MV,D,20160627,000000,10.75,11.7,10.75,11.7,0,0
FMG_MV,D,20160628,000000,11.7,11.7,11.7,11.7,0,0
FMG_MV,D,20160629,000000,11.7,12.33,11.7,12.33,0,0
FMG_MV,D,20160630,000000,12.33,12.33,12.33,12.33,0,0
FMG_MV,D,20160701,000000,12.33,12.33,12.33,12.33,0,0
FMG_MV,D,20160704,000000,12.33,12.33,12.33,12.33,0,0
FMG_MV,D,20160705,000000,12.33,12.33,12.33,12.33,0,0
FMG_MV,D,20160706,000000,12.33,12.33,12.33,12.33,0,0
FMG_MV,D,20160707,000000,12.33,12.33,12.33,12.33,0,0
FMG_MV,D,20160708,000000,12.33,12.33,12.33,12.33,0,0
FMG_MV,D,20160711,000000,12.33,12.33,12.33,12.33,0,0
FMG_MV,D,20160712,000000,11.7,12.33,11.7,12.33,0,0
FMG_MV,D,20160713,000000,12.33,12.33,12.33,12.33,0,0
FMG_MV,D,20160714,000000,11.7,11.7,11.7,11.7,0,0
FMG_MV,D,20160715,000000,11.7,11.7,11.7,11.7,0,0
FMG_MV,D,20160718,000000,11.7,11.7,11.7,11.7,0,0
FMG_MV,D,20160719,000000,11.7,11.7,11.7,11.7,0,0
FMG_MV,D,20160720,000000,11.7,11.7,11.7,11.7,0,0
FMG_MV,D,20160721,000000,11.7,11.7,11.7,11.7,0,0
FMG_MV,D,20160722,000000,11.7,11.7,11.7,11.7,0,0
FMG_MV,D,20160725,000000,11.7,11.7,11.7,11.7,0,0
FMG_MV,D,20160726,000000,11.7,11.7,11.7,11.7,0,0
FMG_MV,D,20160727,000000,10.43,10.43,10.43,10.43,0,0
FMG_MV,D,20160729,000000,10.43,10.43,10.43,10.43,0,0
FMG_MV,D,20160801,000000,10.43,10.43,10.43,10.43,0,0
FMG_MV,D,20160802,000000,9.48,10.43,9.48,10.43,0,0
FMG_MV,D,20160803,000000,10.43,10.43,10.43,10.43,0,0
FMG_MV,D,20160804,000000,10.43,10.43,10.43,10.43,0,0
FMG_MV,D,20160805,000000,10.43,10.43,10.43,10.43,0,0
FMG_MV,D,20160808,000000,10.12,10.12,10.12,10.12,0,0
FMG_MV,D,20160809,000000,10.12,10.12,10.12,10.12,0,0
FMG_MV,D,20160810,000000,10.12,10.12,10.12,10.12,0,0
FMG_MV,D,20160811,000000,10.12,10.12,10.12,10.12,0,0
FMG_MV,D,20160812,000000,10.12,10.12,10.12,10.12,0,0
FMG_MV,D,20160816,000000,10.12,10.12,10.12,10.12,0,0
FMG_MV,D,20160817,000000,10.12,10.12,10.12,10.12,0,0
FMG_MV,D,20160818,000000,11.07,11.07,11.07,11.07,0,0
FMG_MV,D,20160819,000000,11.38,11.38,11.38,11.38,0,0
FMG_MV,D,20160822,000000,10.12,10.12,10.12,10.12,0,0
FMG_MV,D,20160824,000000,11.07,11.07,11.07,11.07,0,0
FMG_MV,D,20160825,000000,11.07,11.07,11.07,11.07,0,0
FMG_MV,D,20160826,000000,10.12,10.12,10.12,10.12,0,0
FMG_MV,D,20160829,000000,11.07,11.38,11.07,11.38,0,0
FMG_MV,D,20160830,000000,11.38,11.38,11.38,11.38,0,0
FMG_MV,D,20160831,000000,11.07,11.38,11.07,11.38,0,0
FMG_MV,D,20160901,000000,11.38,11.38,11.38,11.38,0,0
FMG_MV,D,20160902,000000,11.38,11.38,11.38,11.38,0,0
FMG_MV,D,20160905,000000,11.38,11.38,11.38,11.38,0,0
FMG_MV,D,20160906,000000,11.38,11.38,10.12,10.12,0,0
FMG_MV,D,20160913,000000,10.12,10.12,10.12,10.12,0,0
FMG_MV,D,20160914,000000,10.12,10.12,10.12,10.12,0,0
FMG_MV,D,20160915,000000,10.75,10.75,10.75,10.75,0,0
FMG_MV,D,20160916,000000,10.75,10.75,10.75,10.75,0,0
FMG_MV,D,20160919,000000,10.75,10.75,10.75,10.75,0,0
FMG_MV,D,20160920,000000,10.75,10.75,10.75,10.75,0,0
FMG_MV,D,20160921,000000,10.75,10.75,10.75,10.75,0,0
FMG_MV,D,20160922,000000,10.75,10.75,10.75,10.75,0,0
FMG_MV,D,20160923,000000,10.75,10.75,10.75,10.75,0,0
FMG_MV,D,20160926,000000,10.75,10.75,10.75,10.75,0,0
FMG_MV,D,20160927,000000,10.75,10.75,10.75,10.75,0,0
FMG_MV,D,20160928,000000,10.75,10.75,10.75,10.75,0,0
FMG_MV,D,20160929,000000,10.75,10.75,10.75,10.75,0,0
FMG_MV,D,20160930,000000,10.75,10.75,10.75,10.75,0,0
FMG_MV,D,20161003,000000,10.75,10.75,10.75,10.75,0,0
FMG_MV,D,20161004,000000,10.75,10.75,10.75,10.75,0,0
FMG_MV,D,20161005,000000,10.75,10.75,10.75,10.75,0,0
FMG_MV,D,20161006,000000,10.75,10.75,10.75,10.75,0,0
FMG_MV,D,20161007,000000,10.75,10.75,10.75,10.75,0,0
FMG_MV,D,20161010,000000,10.75,10.75,10.75,10.75,0,0
FMG_MV,D,20161011,000000,10.75,10.75,10.75,10.75,0,0
FMG_MV,D,20161012,000000,10.75,10.75,10.75,10.75,0,0
FMG_MV,D,20161013,000000,10.75,10.75,10.75,10.75,0,0
FMG_MV,D,20161014,000000,10.75,10.75,10.75,10.75,0,0
FMG_MV,D,20161017,000000,10.75,10.75,10.75,10.75,0,0
FMG_MV,D,20161018,000000,10.75,10.75,10.75,10.75,0,0
FMG_MV,D,20161019,000000,10.75,10.75,10.75,10.75,0,0
FMG_MV,D,20161020,000000,10.43,10.43,10.43,10.43,0,0
FMG_MV,D,20161021,000000,10.43,10.43,10.43,10.43,0,0
FMG_MV,D,20161024,000000,10.43,10.43,10.43,10.43,0,0
FMG_MV,D,20161025,000000,10.43,10.43,10.43,10.43,0,0
FMG_MV,D,20161027,000000,10.43,10.43,10.43,10.43,0,0
FMG_MV,D,20161028,000000,10.43,10.43,10.43,10.43,0,0
FMG_MV,D,20161031,000000,10.75,10.75,10.75,10.75,0,0
FMG_MV,D,20161102,000000,10.75,10.75,10.75,10.75,0,0
FMG_MV,D,20161103,000000,9.48,9.48,9.48,9.48,0,0
FMG_MV,D,20161104,000000,10.75,10.75,10.75,10.75,0,0
FMG_MV,D,20161107,000000,10.75,10.75,10.75,10.75,0,0
FMG_MV,D,20161108,000000,10.75,10.75,10.75,10.75,0,0
FMG_MV,D,20161109,000000,10.75,10.75,10.75,10.75,0,0
FMG_MV,D,20161110,000000,10.75,10.75,10.75,10.75,0,0
FMG_MV,D,20161114,000000,10.75,10.75,10.75,10.75,0,0
FMG_MV,D,20161115,000000,10.75,10.75,10.75,10.75,0,0
FMG_MV,D,20161116,000000,10.75,10.75,10.75,10.75,0,0
FMG_MV,D,20161117,000000,10.75,10.75,10.75,10.75,0,0
FMG_MV,D,20161118,000000,10.75,10.75,10.75,10.75,0,0
FMG_MV,D,20161121,000000,10.75,10.75,10.75,10.75,0,0
FMG_MV,D,20161122,000000,10.75,10.75,10.75,10.75,0,0
FMG_MV,D,20161123,000000,10.75,10.75,10.75,10.75,0,0
FMG_MV,D,20161124,000000,10.75,10.75,10.75,10.75,0,0
FMG_MV,D,20161125,000000,10.75,10.75,10.75,10.75,0,0
FMG_MV,D,20161128,000000,10.75,10.75,10.75,10.75,0,0
FMG_MV,D,20161129,000000,10.75,10.75,10.75,10.75,0,0
FMG_MV,D,20161130,000000,10.75,10.75,10.75,10.75,0,0
FMG_MV,D,20161201,000000,10.75,10.75,10.75,10.75,0,0
FMG_MV,D,20161202,000000,10.75,10.75,10.75,10.75,0,0
FMG_MV,D,20161205,000000,10.75,10.75,10.75,10.75,0,0
FMG_MV,D,20161206,000000,10.75,10.75,10.75,10.75,0,0
FMG_MV,D,20161207,000000,10.75,10.75,10.75,10.75,0,0
FMG_MV,D,20161208,000000,10.75,10.75,10.75,10.75,0,0
FMG_MV,D,20161209,000000,10.75,10.75,10.75,10.75,0,0
FMG_MV,D,20161212,000000,10.75,10.75,10.75,10.75,0,0
FMG_MV,D,20161213,000000,10.75,10.75,10.75,10.75,0,0
FMG_MV,D,20161214,000000,10.75,10.75,10.75,10.75,0,0
FMG_MV,D,20161215,000000,10.75,10.75,9.48,9.48,0,0
FMG_MV,D,20161216,000000,9.48,9.48,9.48,9.48,0,0
FMG_MV,D,20161219,000000,10.12,10.12,10.12,10.12,0,0
FMG_MV,D,20161220,000000,10.12,10.12,10.12,10.12,0,0
FMG_MV,D,20161221,000000,10.12,10.12,9.48,9.48,0,0
FMG_MV,D,20161222,000000,10.12,10.12,9.48,9.48,0,0
FMG_MV,D,20161223,000000,9.48,9.48,9.48,9.48,0,0
FMG_MV,D,20161227,000000,10.12,10.12,10.12,10.12,0,0
FMG_MV,D,20161228,000000,9.48,9.8,9.48,9.8,0,0
FMG_MV,D,20161229,000000,9.48,9.48,9.48,9.48,0,0
FMG_MV,D,20161230,000000,9.48,9.48,9.48,9.48,0,0
FMG_MV,D,20170102,000000,10.12,10.12,10.12,10.12,0,0
FMG_MV,D,20170103,000000,10.12,10.12,10.12,10.12,0,0
FMG_MV,D,20170105,000000,9.8,9.8,9.8,9.8,0,0
FMG_MV,D,20170109,000000,9.8,9.8,9.8,9.8,0,0
FMG_MV,D,20170110,000000,9.8,9.8,9.8,9.8,0,0
FMG_MV,D,20170111,000000,10.12,10.12,10.12,10.12,0,0
FMG_MV,D,20170112,000000,10.12,10.12,10.12,10.12,0,0
FMG_MV,D,20170113,000000,10.12,10.12,10.12,10.12,0,0
FMG_MV,D,20170116,000000,9.8,9.8,9.8,9.8,0,0
FMG_MV,D,20170117,000000,9.8,9.8,9.8,9.8,0,0
FMG_MV,D,20170118,000000,9.8,9.8,9.8,9.8,0,0
FMG_MV,D,20170119,000000,9.8,9.8,9.8,9.8,0,0
FMG_MV,D,20170120,000000,9.48,9.8,9.48,9.8,0,0
FMG_MV,D,20170123,000000,9.8,9.8,9.8,9.8,0,0
FMG_MV,D,20170124,000000,9.8,9.8,9.48,9.48,0,0
FMG_MV,D,20170125,000000,9.17,9.17,9.17,9.17,0,0
FMG_MV,D,20170126,000000,9.17,9.17,9.17,9.17,0,0
FMG_MV,D,20170127,000000,9.17,9.17,8.85,8.85,0,0
FMG_MV,D,20170130,000000,9.17,9.17,9.17,9.17,0,0
FMG_MV,D,20170131,000000,9.17,9.17,8.85,8.85,0,0
FMG_MV,D,20170201,000000,9.17,9.17,9.17,9.17,0,0
FMG_MV,D,20170202,000000,9.17,9.17,9.17,9.17,0,0
FMG_MV,D,20170203,000000,9.17,9.17,9.17,9.17,0,0
FMG_MV,D,20170206,000000,8.85,8.85,8.85,8.85,0,0
FMG_MV,D,20170207,000000,8.85,8.85,8.85,8.85,0,0
FMG_MV,D,20170209,000000,8.54,8.54,8.54,8.54,0,0
FMG_MV,D,20170210,000000,8.85,8.85,8.85,8.85,0,0
FMG_MV,D,20170213,000000,8.85,8.85,8.85,8.85,0,0
FMG_MV,D,20170214,000000,8.85,8.85,8.85,8.85,0,0
FMG_MV,D,20170215,000000,8.85,9.17,8.85,9.17,0,0
FMG_MV,D,20170217,000000,9.17,9.48,9.17,9.48,0,0
FMG_MV,D,20170220,000000,9.48,9.48,9.48,9.48,0,0
FMG_MV,D,20170221,000000,9.48,9.48,9.48,9.48,0,0
FMG_MV,D,20170222,000000,9.17,9.17,9.17,9.17,0,0
FMG_MV,D,20170223,000000,9.17,9.48,9.17,9.48,0,0
FMG_MV,D,20170224,000000,9.48,9.8,9.48,9.8,0,0
FMG_MV,D,20170227,000000,9.8,9.8,9.8,9.8,0,0
FMG_MV,D,20170228,000000,9.8,9.8,9.8,9.8,0,0
FMG_MV,D,20170301,000000,9.8,9.8,9.8,9.8,0,0
FMG_MV,D,20170302,000000,9.8,9.8,9.8,9.8,0,0
FMG_MV,D,20170303,000000,9.8,9.8,9.8,9.8,0,0
FMG_MV,D,20170306,000000,9.8,9.8,9.8,9.8,0,0
FMG_MV,D,20170307,000000,9.8,9.8,9.8,9.8,0,0
FMG_MV,D,20170308,000000,9.8,9.8,9.8,9.8,0,0
FMG_MV,D,20170309,000000,9.8,9.8,9.8,9.8,0,0
FMG_MV,D,20170310,000000,9.8,9.8,9.8,9.8,0,0
FMG_MV,D,20170313,000000,9.8,9.8,9.8,9.8,0,0
FMG_MV,D,20170314,000000,8.54,9.48,8.54,9.48,0,0
FMG_MV,D,20170320,000000,9.17,9.48,9.17,9.48,0,0
FMG_MV,D,20170321,000000,9.48,9.48,8.54,8.54,0,0
FMG_MV,D,20170322,000000,9.48,9.48,9.48,9.48,0,0
FMG_MV,D,20170323,000000,9.48,9.48,9.48,9.48,0,0
FMG_MV,D,20170324,000000,9.48,9.48,9.48,9.48,0,0
FMG_MV,D,20170327,000000,9.48,9.48,9.48,9.48,0,0
FMG_MV,D,20170328,000000,9.48,9.48,9.48,9.48,0,0
FMG_MV,D,20170329,000000,9.48,9.48,9.48,9.48,0,0
FMG_MV,D,20170330,000000,9.48,9.48,9.48,9.48,0,0
FMG_MV,D,20170331,000000,9.48,9.48,9.48,9.48,0,0
FMG_MV,D,20170403,000000,9.48,9.48,9.48,9.48,0,0
FMG_MV,D,20170404,000000,9.48,9.48,9.48,9.48,0,0
FMG_MV,D,20170405,000000,9.48,9.48,9.48,9.48,0,0
FMG_MV,D,20170407,000000,9.48,9.48,9.48,9.48,0,0
FMG_MV,D,20170410,000000,9.48,9.48,9.48,9.48,0,0
FMG_MV,D,20170411,000000,9.48,9.48,9.48,9.48,0,0
FMG_MV,D,20170412,000000,9.48,9.48,9.48,9.48,0,0
FMG_MV,D,20170413,000000,9.48,9.48,9.48,9.48,0,0
FMG_MV,D,20170418,000000,9.17,9.17,9.17,9.17,0,0
FMG_MV,D,20170419,000000,9.48,9.48,9.48,9.48,0,0
FMG_MV,D,20170420,000000,9.48,9.48,9.48,9.48,0,0
FMG_MV,D,20170421,000000,9.48,9.48,9.48,9.48,0,0
FMG_MV,D,20170424,000000,9.48,9.48,9.48,9.48,0,0
FMG_MV,D,20170425,000000,9.48,9.48,9.48,9.48,0,0
FMG_MV,D,20170426,000000,9.48,9.48,9.48,9.48,0,0
FMG_MV,D,20170427,000000,9.48,9.48,9.48,9.48,0,0
FMG_MV,D,20170428,000000,9.48,9.48,9.48,9.48,0,0
FMG_MV,D,20170502,000000,9.48,9.48,9.48,9.48,0,0
FMG_MV,D,20170504,000000,9.48,9.48,9.48,9.48,0,0
FMG_MV,D,20170505,000000,9.48,9.48,9.48,9.48,0,0
FMG_MV,D,20170508,000000,8.85,8.85,8.85,8.85,0,0
FMG_MV,D,20170509,000000,8.85,8.85,8.85,8.85,0,0
FMG_MV,D,20170510,000000,8.85,8.85,8.85,8.85,0,0
FMG_MV,D,20170511,000000,8.85,8.85,8.85,8.85,0,0
FMG_MV,D,20170512,000000,8.54,9.48,8.54,9.48,0,0
FMG_MV,D,20170515,000000,9.48,9.48,9.48,9.48,0,0
FMG_MV,D,20170517,000000,9.17,9.17,9.17,9.17,0,0
FMG_MV,D,20170518,000000,9.17,9.17,8.85,8.85,0,0
FMG_MV,D,20170519,000000,9.48,9.48,9.48,9.48,0,0
FMG_MV,D,20170522,000000,8.54,8.54,8.54,8.54,0,0
FMG_MV,D,20170523,000000,9.48,9.48,9.48,9.48,0,0
FMG_MV,D,20170524,000000,9.17,9.17,9.17,9.17,0,0
FMG_MV,D,20170525,000000,9.48,9.48,8.85,8.85,0,0
FMG_MV,D,20170526,000000,8.85,8.85,8.85,8.85,0,0
FMG_MV,D,20170529,000000,9.17,9.17,9.17,9.17,0,0
FMG_MV,D,20170530,000000,9.17,9.17,9.17,9.17,0,0
FMG_MV,D,20170531,000000,9.17,9.17,9.17,9.17,0,0
FMG_MV,D,20170602,000000,9.17,9.17,9.17,9.17,0,0
FMG_MV,D,20170605,000000,9.17,9.17,8.54,8.54,0,0
FMG_MV,D,20170606,000000,9.17,9.17,9.17,9.17,0,0
FMG_MV,D,20170607,000000,9.17,9.17,9.17,9.17,0,0
FMG_MV,D,20170608,000000,9.17,9.17,9.17,9.17,0,0
FMG_MV,D,20170609,000000,9.17,9.17,9.17,9.17,0,0
FMG_MV,D,20170612,000000,8.54,9.17,8.54,9.17,0,0
FMG_MV,D,20170613,000000,9.17,9.17,9.17,9.17,0,0
FMG_MV,D,20170614,000000,9.17,9.17,9.17,9.17,0,0
FMG_MV,D,20170616,000000,8.85,8.85,8.85,8.85,0,0
FMG_MV,D,20170619,000000,9.17,9.17,9.17,9.17,0,0
FMG_MV,D,20170620,000000,9.17,9.17,9.17,9.17,0,0
FMG_MV,D,20170621,000000,9.17,9.17,8.22,8.22,0,0
FMG_MV,D,20170622,000000,8.22,8.22,8.22,8.22,0,0
FMG_MV,D,20170623,000000,9.17,9.17,9.17,9.17,0,0
FMG_MV,D,20170626,000000,9.17,9.17,9.17,9.17,0,0
FMG_MV,D,20170627,000000,9.17,9.17,9.17,9.17,0,0
FMG_MV,D,20170628,000000,9.17,9.17,9.17,9.17,0,0
FMG_MV,D,20170629,000000,9.17,9.17,9.17,9.17,0,0
FMG_MV,D,20170630,000000,9.17,9.17,9.17,9.17,0,0
FMG_MV,D,20170703,000000,9.17,9.17,9.17,9.17,0,0
FMG_MV,D,20170704,000000,9.17,9.17,9.17,9.17,0,0
FMG_MV,D,20170705,000000,9.17,9.17,9.17,9.17,0,0
FMG_MV,D,20170706,000000,9.17,9.17,9.17,9.17,0,0
FMG_MV,D,20170707,000000,9.17,9.17,9.17,9.17,0,0
FMG_MV,D,20170710,000000,9.17,9.17,9.17,9.17,0,0
FMG_MV,D,20170711,000000,9.17,9.17,9.17,9.17,0,0
FMG_MV,D,20170712,000000,9.17,9.17,9.17,9.17,0,0
FMG_MV,D,20170713,000000,9.17,9.17,9.17,9.17,0,0
FMG_MV,D,20170714,000000,9.17,9.17,9.17,9.17,0,0
FMG_MV,D,20170717,000000,9.17,9.17,9.17,9.17,0,0
FMG_MV,D,20170718,000000,9.17,9.17,9.17,9.17,0,0
FMG_MV,D,20170731,000000,8.85,8.85,8.85,8.85,0,0
FMG_MV,D,20170807,000000,8.85,8.85,8.85,8.85,0,0
FMG_MV,D,20170818,000000,8.85,8.85,8.85,8.85,0,0
FMG_MV,D,20170824,000000,8.85,8.85,8.85,8.85,0,0
FMG_MV,D,20170831,000000,7.59,7.59,7.59,7.59,0,0
FMG_MV,D,20170901,000000,7.59,7.9,7.59,7.9,0,0
FMG_MV,D,20170904,000000,8.22,8.22,8.22,8.22,0,0
FMG_MV,D,20170905,000000,8.22,8.22,8.22,8.22,0,0
FMG_MV,D,20170907,000000,8.22,8.22,8.22,8.22,0,0
FMG_MV,D,20170912,000000,7.27,7.27,7.27,7.27,0,0
FMG_MV,D,20170913,000000,8.22,8.22,8.22,8.22,0,0
FMG_MV,D,20170914,000000,8.22,8.22,8.22,8.22,0,0
FMG_MV,D,20170918,000000,8.22,8.22,8.22,8.22,0,0
FMG_MV,D,20170920,000000,8.22,8.22,8.22,8.22,0,0
FMG_MV,D,20170921,000000,8.22,8.22,8.22,8.22,0,0
FMG_MV,D,20170922,000000,8.22,8.22,8.22,8.22,0,0
FMG_MV,D,20170926,000000,8.22,8.22,8.22,8.22,0,0
FMG_MV,D,20170928,000000,8.22,8.22,8.22,8.22,0,0
FMG_MV,D,20170929,000000,8.22,8.22,8.22,8.22,0,0
FMG_MV,D,20171002,000000,8.85,8.85,8.85,8.85,0,0
FMG_MV,D,20171013,000000,8.22,8.22,8.22,8.22,0,0
FMG_MV,D,20171023,000000,7.27,7.27,7.27,7.27,0,0
FMG_MV,D,20171024,000000,8.22,8.22,8.22,8.22,0,0
FMG_MV,D,20171027,000000,6.96,8.22,6.96,6.96,0,0
FMG_MV,D,20171030,000000,7.59,7.59,6.96,6.96,0,0
FMG_MV,D,20171031,000000,7.59,7.59,6.96,7.59,0,0
FMG_MV,D,20171106,000000,7.59,7.59,7.59,7.59,0,0
FMG_MV,D,20171124,000000,6.64,6.64,6.64,6.64,0,0
FMG_MV,D,20171127,000000,6.64,6.64,6.64,6.64,0,0
FMG_MV,D,20171204,000000,6.64,6.64,6.64,6.64,0,0
FMG_MV,D,20180122,000000,6.64,6.64,6.64,6.64,0,0
FMG_MV,D,20180123,000000,6.64,6.64,6.64,6.64,0,0
FMG_MV,D,20180130,000000,5.37,5.37,5.37,5.37,0,0
FMG_MV,D,20180131,000000,5.37,5.37,5.37,5.37,0,0
FMG_MV,D,20180208,000000,5.37,5.37,5.37,5.37,0,0
FMG_MV,D,20180212,000000,5.37,6.01,5.37,6.01,0,0
FMG_MV,D,20180214,000000,6.64,6.64,6.64,6.64,0,0
FMG_MV,D,20180226,000000,5.37,5.37,5.37,5.37,0,0
FMG_MV,D,20180301,000000,6.64,6.64,6.64,6.64,0,0
FMG_MV,D,20180302,000000,6.64,6.64,6.64,6.64,0,0
FMG_MV,D,20180323,000000,5.69,6.64,5.69,5.69,0,0
FMG_MV,D,20180326,000000,6.32,6.32,6.32,6.32,0,0
FMG_MV,D,20180329,000000,5.69,5.69,5.69,5.69,0,0
FMG_MV,D,20180404,000000,5.37,5.37,5.37,5.37,0,0
FMG_MV,D,20180406,000000,5.37,5.37,5.37,5.37,0,0
FMG_MV,D,20180412,000000,5.06,5.06,5.06,5.06,0,0
FMG_MV,D,20180528,000000,4.74,5.06,4.74,4.74,0,0
FMG_MV,D,20180605,000000,4.74,5.37,4.74,5.37,0,0
FMG_MV,D,20180607,000000,5.37,5.37,5.37,5.37,0,0
FMG_MV,D,20180612,000000,5.37,5.37,5.06,5.06,0,0
FMG_MV,D,20180626,000000,5.06,5.06,5.06,5.06,0,0
FMG_MV,D,20180629,000000,4.74,4.74,4.74,4.74,0,0
FMG_MV,D,20180702,000000,4.74,4.74,4.74,4.74,0,0
FMG_MV,D,20180713,000000,4.74,4.74,4.74,4.74,0,0
FMG_MV,D,20180717,000000,4.74,4.74,4.74,4.74,0,0
FMG_MV,D,20180723,000000,4.74,4.74,4.74,4.74,0,0
FMG_MV,D,20180731,000000,4.74,4.74,4.74,4.74,0,0
FMG_MV,D,20180810,000000,5.37,5.37,5.37,5.37,0,0
FMG_MV,D,20180823,000000,4.74,4.74,4.74,4.74,0,0
FMG_MV,D,20180829,000000,4.74,4.74,4.74,4.74,0,0
FMG_MV,D,20180907,000000,4.74,4.74,4.74,4.74,0,0
FMG_MV,D,20180921,000000,4.74,4.74,4.74,4.74,0,0
FMG_MV,D,20180924,000000,5.06,5.06,5.06,5.06,0,0
FMG_MV,D,20181011,000000,4.74,4.74,4.74,4.74,0,0
FMG_MV,D,20190319,000000,4.59,4.59,4.59,4.59,0,0
FMG_MV,D,20190402,000000,4.1,4.1,4.1,4.1,0,0
FMG_MV,D,20190416,000000,3.7,3.7,3.7,3.7,0,0
FMG_MV,D,20190424,000000,3.34,3.34,3.34,3.34,0,0
FMG_MV,D,20190506,000000,3.34,3.34,3.34,3.34,0,0
FMG_MV,D,20190507,000000,3.34,3.34,3.34,3.34,0,0
FMG_MV,D,20190612,000000,3.34,3.34,3.34,3.34,0,0
FMG_MV,D,20190618,000000,2.64,2.64,2.64,2.64,0,0
FMG_MV,D,20190619,000000,2.65,2.65,2.65,2.65,0,0
FMG_MV,D,20190621,000000,2.65,2.65,2.65,2.65,0,0
FMG_MV,D,20190624,000000,2.65,2.65,2.62,2.62,0,0
FMG_MV,D,20190701,000000,2.29,2.29,2.29,2.29,0,0
FMG_MV,D,20190702,000000,2.92,2.92,2.92,2.92,0,0
FMG_MV,D,20190703,000000,2.92,2.92,2.92,2.92,0,0
FMG_MV,D,20190711,000000,2.62,2.62,2.62,2.62,0,0
FMG_MV,D,20190924,000000,2.36,2.75,2.36,2.75,0,0
FMG_MV,D,20190926,000000,2.77,2.77,2.77,2.77,0,0
FMG_MV,D,20190927,000000,2.77,2.77,2.77,2.77,0,0
FMG_MV,D,20191004,000000,2.51,2.77,2.51,2.51,0,0
FMG_MV,D,20191009,000000,2.06,2.51,2.06,2.06,0,0
FMG_MV,D,20191010,000000,1.72,1.72,1.72,1.72,0,0
FMG_MV,D,20191011,000000,1.8,1.8,1.8,1.8,0,0
FMG_MV,D,20191014,000000,1.72,1.8,1.72,1.72,0,0
FMG_MV,D,20191018,000000,1.67,1.67,1.47,1.47,0,0
FMG_MV,D,20191022,000000,1.47,1.47,1.47,1.47,0,0
FMG_MV,D,20191108,000000,1.48,1.48,1.48,1.48,0,0
FMG_MV,D,20191113,000000,1.64,1.64,1.64,1.64,0,0
FMG_MV,D,20191118,000000,1.74,1.74,1.74,1.74,0,0
FMG_MV,D,20191122,000000,1.47,1.47,1.47,1.47,0,0
FMG_MV,D,20191125,000000,1.47,1.47,1.47,1.47,0,0
FMG_MV,D,20200110,000000,1.33,1.33,1.33,1.33,0,0
FMG_MV,D,20200113,000000,1.33,1.33,1.33,1.33,0,0
FMG_MV,D,20200114,000000,1.33,1.33,1.33,1.33,0,0
FMG_MV,D,20200128,000000,1.56,1.56,1.56,1.56,0,0
FMG_MV,D,20200207,000000,1.39,1.39,1.39,1.39,0,0
FMG_MV,D,20200217,000000,1.39,1.39,1.39,1.39,0,0
FMG_MV,D,20200219,000000,1.39,1.39,1.39,1.39,0,0
FMG_MV,D,20200226,000000,1.44,1.44,1.44,1.44,0,0
FMG_MV,D,20200228,000000,1.47,1.47,1.47,1.47,0,0
FMG_MV,D,20200302,000000,1.54,1.54,1.54,1.54,0,0
FMG_MV,D,20200305,000000,1.7,1.72,1.7,1.72,0,0
FMG_MV,D,20200306,000000,1.88,1.88,1.72,1.88,0,0
FMG_MV,D,20200309,000000,1.87,1.87,1.87,1.87,0,0
FMG_MV,D,20200409,000000,2,2,2,2,0,0
FMG_MV,D,20200414,000000,2.2,2.2,2.2,2.2,0,0
FMG_MV,D,20200422,000000,2.36,2.36,2.36,2.36,0,0
FMG_MV,D,20200423,000000,2.36,2.36,2.36,2.36,0,0
FMG_MV,D,20200508,000000,2.36,2.36,2.36,2.36,0,0
FMG_MV,D,20200513,000000,2.13,2.13,2.13,2.13,0,0
FMG_MV,D,20200529,000000,2.16,2.16,2.16,2.16,0,0
FMG_MV,D,20200615,000000,2.16,2.16,2.16,2.16,0,0
FMG_MV,D,20200618,000000,2.46,2.46,2.46,2.46,0,0
FMG_MV,D,20200619,000000,2.72,2.72,2.72,2.72,0,0
FMG_MV,D,20200622,000000,3.24,3.24,3.24,3.24,0,0
FMG_MV,D,20200623,000000,3.24,3.54,3.24,3.54,0,0
FMG_MV,D,20200624,000000,4.06,4.06,4.06,4.06,0,0
FMG_MV,D,20200630,000000,4.46,4.59,4.46,4.59,0,0
FMG_MV,D,20200701,000000,4.59,4.59,4.59,4.59,0,0
FMG_MV,D,20200723,000000,4.91,4.91,4.42,4.42,0,0
FMG_MV,D,20200724,000000,4.42,4.42,4.42,4.42,0,0
FMG_MV,D,20200728,000000,4.1,4.1,4.1,4.1,0,0
FMG_MV,D,20200729,000000,4.1,4.1,4.1,4.1,0,0
FMG_MV,D,20200730,000000,4.1,4.1,3.6,3.6,0,0
FMG_MV,D,20200731,000000,3.28,3.28,3.28,3.28,0,0
FMG_MV,D,20200803,000000,3.28,3.28,3.28,3.28,0,0
FMG_MV,D,20200804,000000,3.28,3.28,3.28,3.28,0,0
FMG_MV,D,20200805,000000,3.28,3.28,3.28,3.28,0,0
FMG_MV,D,20200807,000000,2.95,2.95,2.8,2.8,0,0
FMG_MV,D,20200810,000000,2.8,2.95,2.8,2.95,0,0
FMG_MV,D,20200811,000000,3.19,3.19,3.19,3.19,0,0
FMG_MV,D,20200812,000000,3.34,3.34,3.34,3.34,0,0
FMG_MV,D,20200813,000000,3.34,3.34,3.01,3.01,0,0
FMG_MV,D,20200814,000000,3.31,3.31,3.31,3.31,0,0
FMG_MV,D,20200817,000000,2.8,2.8,2.78,2.78,0,0
FMG_MV,D,20200821,000000,2.46,2.46,2.46,2.46,0,0
FMG_MV,D,20200824,000000,2.46,2.46,2.46,2.46,0,0
FMG_MV,D,20200825,000000,2.46,2.46,2.46,2.46,0,0
FMG_MV,D,20200904,000000,2.46,2.46,2.46,2.46,0,0
FMG_MV,D,20200909,000000,2.46,2.46,2.46,2.46,0,0
FMG_MV,D,20200910,000000,2.46,2.46,2.46,2.46,0,0
FMG_MV,D,20200911,000000,2.46,2.46,2.46,2.46,0,0
FMG_MV,D,20200918,000000,2.46,2.46,2.46,2.46,0,0
FMG_MV,D,20200921,000000,2.62,2.62,2.62,2.62,0,0
FMG_MV,D,20200923,000000,2.62,2.62,2.62,2.62,0,0
FMG_MV,D,20200924,000000,2.62,2.62,2.62,2.62,0,0
FMG_MV,D,20200928,000000,2.62,2.62,2.62,2.62,0,0
FMG_MV,D,20200929,000000,2.62,2.62,2.62,2.62,0,0
FMG_MV,D,20201001,000000,2.62,2.62,2.62,2.62,0,0
FMG_MV,D,20201006,000000,2.62,2.62,2.38,2.38,0,0
FMG_MV,D,20201007,000000,2.7,2.7,2.7,2.7,0,0
FMG_MV,D,20201009,000000,2.7,2.7,2.7,2.7,0,0
FMG_MV,D,20201015,000000,2.6,2.6,2.6,2.6,0,0
FMG_MV,D,20201023,000000,2.6,2.6,2.29,2.29,0,0
FMG_MV,D,20201026,000000,2.31,2.31,2.31,2.31,0,0
FMG_MV,D,20201027,000000,2.31,2.31,2.31,2.31,0,0
FMG_MV,D,20201028,000000,2.31,2.31,2.31,2.31,0,0
FMG_MV,D,20201029,000000,2.29,2.29,2.29,2.29,0,0
FMG_MV,D,20201113,000000,2.46,2.46,2.38,2.38,0,0
FMG_MV,D,20201116,000000,2.38,2.38,2.38,2.38,0,0
FMG_MV,D,20201117,000000,2.38,2.38,2.38,2.38,0,0
FMG_MV,D,20201118,000000,2.15,2.15,2.15,2.15,0,0
FMG_MV,D,20201119,000000,2.29,2.29,2.29,2.29,0,0
FMG_MV,D,20201120,000000,2.46,2.46,2.46,2.46,0,0
FMG_MV,D,20201124,000000,2.54,2.54,2.46,2.54,0,0
FMG_MV,D,20201125,000000,2.54,2.54,2.54,2.54,0,0
FMG_MV,D,20201207,000000,2.77,2.77,2.77,2.77,0,0
FMG_MV,D,20201209,000000,2.51,2.51,2.51,2.51,0,0
FMG_MV,D,20201210,000000,2.77,2.77,2.77,2.77,0,0
FMG_MV,D,20201211,000000,2.77,2.77,2.77,2.77,0,0
FMG_MV,D,20201218,000000,2.31,2.31,2.31,2.31,0,0
FMG_MV,D,20201223,000000,2.33,2.33,2.33,2.33,0,0
FMG_MV,D,20201228,000000,2.56,2.56,2.56,2.56,0,0
FMG_MV,D,20201230,000000,2.29,2.29,2.29,2.29,0,0
FMG_MV,D,20210105,000000,2.13,2.13,2.13,2.13,0,0
FMG_MV,D,20210119,000000,2.57,2.57,2.57,2.57,0,0
FMG_MV,D,20210121,000000,3.1,3.1,3.1,3.1,0,0
FMG_MV,D,20210122,000000,3.51,3.6,3.1,3.6,0,0
FMG_MV,D,20210125,000000,3.83,3.83,3.83,3.83,0,0
FMG_MV,D,20210126,000000,4.19,4.19,4.19,4.19,0,0
FMG_MV,D,20210128,000000,5.01,5.5,5.01,5.5,0,0
FMG_MV,D,20210129,000000,5.9,6.06,5.9,6.06,0,0
FMG_MV,D,20210201,000000,5.96,6.55,5.96,6.55,0,0
FMG_MV,D,20210202,000000,8.13,8.13,8.13,8.13,0,0
FMG_MV,D,20210204,000000,9.01,9.01,8.13,9.01,0,0
FMG_MV,D,20210205,000000,10.81,10.81,10.81,10.81,0,0
FMG_MV,D,20210208,000000,10.73,10.73,10.73,10.73,0,0
FMG_MV,D,20210209,000000,9.83,9.83,9.83,9.83,0,0
FMG_MV,D,20210210,000000,9.01,9.01,9.01,9.01,0,0
FMG_MV,D,20210215,000000,8.6,8.6,8.6,8.6,0,0
FMG_MV,D,20210216,000000,8.6,8.6,8.6,8.6,0,0
FMG_MV,D,20210217,000000,7.76,7.76,7.76,7.76,0,0
FMG_MV,D,20210219,000000,7.37,7.76,7.37,7.37,0,0
FMG_MV,D,20210222,000000,7.37,7.37,7.37,7.37,0,0
FMG_MV,D,20210223,000000,8.03,8.03,8.03,8.03,0,0
FMG_MV,D,20210224,000000,7.54,7.54,7.54,7.54,0,0
FMG_MV,D,20210226,000000,7.54,7.54,7.54,7.54,0,0
FMG_MV,D,20210301,000000,8.03,8.03,8.03,8.03,0,0
FMG_MV,D,20210308,000000,8.03,8.03,8.03,8.03,0,0
FMG_MV,D,20210309,000000,8.03,8.03,8.03,8.03,0,0
FMG_MV,D,20210315,000000,7.24,7.24,7.24,7.24,0,0
FMG_MV,D,20210316,000000,7.21,7.21,7.21,7.21,0,0
FMG_MV,D,20210317,000000,7.21,7.21,7.21,7.21,0,0
FMG_MV,D,20210322,000000,5.73,5.73,5.73,5.73,0,0
FMG_MV,D,20210407,000000,6.88,6.88,6.88,6.88,0,0
FMG_MV,D,20210408,000000,7.21,7.21,7.21,7.21,0,0
FMG_MV,D,20210419,000000,7.01,7.01,7.01,7.01,0,0
FMG_MV,D,20210420,000000,7.01,7.01,7.01,7.01,0,0
FMG_MV,D,20210504,000000,7.85,7.85,7.85,7.85,0,0
FMG_MV,D,20210601,000000,7.46,7.46,7.46,7.46,0,0
FMG_MV,D,20210604,000000,6.71,6.71,6.71,6.71,0,0
FMG_MV,D,20210607,000000,6.44,6.44,6.44,6.44,0,0
FMG_MV,D,20210610,000000,5.81,5.81,5.81,5.81,0,0
FMG_MV,D,20210611,000000,5.81,5.81,5.81,5.81,0,0
FMG_MV,D,20210623,000000,5.54,5.54,5.54,5.54,0,0
FMG_MV,D,20210624,000000,5.54,5.54,5.54,5.54,0,0
FMG_MV,D,20210628,000000,5.54,5.54,5.54,5.54,0,0
FMG_MV,D,20210629,000000,5.54,5.54,5.54,5.54,0,0
FMG_MV,D,20210709,000000,5.03,5.03,5.03,5.03,0,0
FMG_MV,D,20210715,000000,5.03,5.03,5.03,5.03,0,0
FMG_MV,D,20210716,000000,5.03,5.03,5.03,5.03,0,0
FMG_MV,D,20210730,000000,5.3,5.3,5.3,5.3,0,0
FMG_MV,D,20210803,000000,5.69,5.69,5.3,5.3,0,0
FMG_MV,D,20210805,000000,5.1,5.1,5.1,5.1,0,0
FMG_MV,D,20210809,000000,5.1,5.1,5.1,5.1,0,0
FMG_MV,D,20210813,000000,5.5,5.5,5.5,5.5,0,0
FMG_MV,D,20210817,000000,5.69,5.69,5.69,5.69,0,0
FMG_MV,D,20210818,000000,5.69,5.69,5.69,5.69,0,0
FMG_MV,D,20210906,000000,5.81,5.81,5.81,5.81,0,0
FMG_MV,D,20210917,000000,6.01,6.01,5.81,6.01,0,0
FMG_MV,D,20210923,000000,6.01,6.01,6.01,6.01,0,0
FMG_MV,D,20210924,000000,5.61,5.61,5.61,5.61,0,0
FMG_MV,D,20210928,000000,5.14,5.14,5.14,5.14,0,0
FMG_MV,D,20211001,000000,4.91,4.91,4.91,4.91,0,0
FMG_MV,D,20211008,000000,4.59,4.59,4.59,4.59,0,0
FMG_MV,D,20211011,000000,4.59,4.59,4.59,4.59,0,0
FMG_MV,D,20211012,000000,4.59,4.59,4.59,4.59,0,0
FMG_MV,D,20211021,000000,5.1,5.1,4.91,5.1,0,0
FMG_MV,D,20211026,000000,4.32,4.32,4.32,4.32,0,0
FMG_MV,D,20211029,000000,4.55,4.55,4.55,4.55,0,0
FMG_MV,D,20211103,000000,4.32,4.32,4.32,4.32,0,0
FMG_MV,D,20211110,000000,3.93,4.32,3.93,3.93,0,0
FMG_MV,D,20211117,000000,4.08,4.08,3.93,3.93,0,0
FMG_MV,D,20211118,000000,3.93,3.93,3.93,3.93,0,0
FMG_MV,D,20211203,000000,3.77,3.77,3.77,3.77,0,0
FMG_MV,D,20211207,000000,3.53,3.53,3.53,3.53,0,0
FMG_MV,D,20211213,000000,3.53,3.53,3.53,3.53,0,0
FMG_MV,D,20211216,000000,3.22,3.22,3.22,3.22,0,0
FMG_MV,D,20211217,000000,3.22,3.22,3.22,3.22,0,0
FMG_MV,D,20211220,000000,3.22,3.22,3.22,3.22,0,0
FMG_MV,D,20211222,000000,2.98,2.98,2.98,2.98,0,0
FMG_MV,D,20220103,000000,2.98,2.98,2.98,2.98,0,0
FMG_MV,D,20220104,000000,2.55,2.55,2.55,2.55,0,0
FMG_MV,D,20220107,000000,2.75,2.75,2.75,2.75,0,0
FMG_MV,D,20220110,000000,2.79,2.79,2.79,2.79,0,0
FMG_MV,D,20220114,000000,2.81,2.81,2.81,2.81,0,0
FMG_MV,D,20220204,000000,2.92,2.92,2.81,2.92,0,0
FMG_MV,D,20220208,000000,2.92,2.92,2.92,2.92,0,0
FMG_MV,D,20220209,000000,2.91,2.91,2.91,2.91,0,0
FMG_MV,D,20220321,000000,2.65,2.65,2.65,2.65,0,0
FMG_MV,D,20220519,000000,2.73,2.73,2.73,2.73,0,0
FMG_MV,D,20220603,000000,2.85,2.85,2.85,2.85,0,0
FMG_MV,D,20220607,000000,2.57,2.85,2.57,2.57,0,0
FMG_MV,D,20220609,000000,2.83,2.83,2.57,2.83,0,0
FMG_MV,D,20220621,000000,3.57,3.57,3.57,3.57,0,0
FMG_MV,D,20220622,000000,3.71,3.93,3.71,3.93,0,0
FMG_MV,D,20220624,000000,4.32,4.32,4.32,4.32,0,0
FMG_MV,D,20220627,000000,4.87,4.91,4.87,4.91,0,0
FMG_MV,D,20220628,000000,4.91,4.91,4.91,4.91,0,0
FMG_MV,D,20220630,000000,4.87,4.87,4.87,4.87,0,0
FMG_MV,D,20220810,000000,4.36,4.36,4.36,4.36,0,0
FMG_MV,D,20220819,000000,4.71,4.71,4.71,4.71,0,0
FMG_MV,D,20220829,000000,4.32,4.32,4.28,4.28,0,0
FMG_MV,D,20220907,000000,4.2,4.2,4.2,4.2,0,0
FMG_MV,D,20220912,000000,3.93,3.93,3.93,3.93,0,0
FMG_MV,D,20220914,000000,3,3,3,3,0,0
FMG_MV,D,20220915,000000,2.96,3,2.96,2.96,0,0
FMG_MV,D,20220916,000000,2.75,2.75,2.75,2.75,0,0
FMG_MV,D,20220919,000000,3.02,3.02,3.02,3.02,0,0
FMG_MV,D,20220922,000000,3.06,3.69,3.06,3.69,0,0
FMG_MV,D,20220923,000000,3.65,3.65,3.55,3.55,0,0
FMG_MV,D,20220927,000000,3.02,3.02,3.02,3.02,0,0
FMG_MV,D,20221010,000000,0.82,0.82,0.82,0.82,0,0
FMG_MV,D,20221011,000000,2.06,2.06,2.06,2.06,0,0
FMG_MV,D,20221018,000000,3.49,3.49,3.49,3.49,0,0
FMG_MV,D,20221019,000000,3.42,3.42,3.34,3.34,0,0
FMG_MV,D,20221020,000000,2.36,2.36,2.36,2.36,0,0
FMG_MV,D,20221021,000000,2.24,2.59,2.24,2.59,0,0
FMG_MV,D,20221024,000000,2.65,2.94,2.65,2.94,0,0
FMG_MV,D,20221025,000000,3.2,3.34,3.2,3.34,0,0
FMG_MV,D,20221026,000000,3.93,4.32,3.93,4.32,0,0
FMG_MV,D,20221027,000000,4.91,4.91,4.32,4.91,0,0
FMG_MV,D,20221028,000000,5.54,5.81,5.54,5.81,0,0
FMG_MV,D,20221031,000000,5.81,5.81,5.81,5.81,0,0
FMG_MV,D,20221102,000000,5.81,5.81,5.81,5.81,0,0
FMG_MV,D,20221103,000000,4.99,4.99,4.87,4.87,0,0
FMG_MV,D,20221104,000000,4.91,4.91,4.48,4.48,0,0
FMG_MV,D,20221107,000000,4.48,4.83,4.48,4.83,0,0
FMG_MV,D,20221108,000000,4.91,5.46,4.91,5.46,0,0
FMG_MV,D,20221109,000000,5.81,5.81,5.3,5.3,0,0
FMG_MV,D,20221110,000000,4.44,4.44,4.44,4.44,0,0
FMG_MV,D,20221114,000000,4.12,4.12,4.12,4.12,0,0
FMG_MV,D,20221115,000000,4.51,4.71,4.51,4.71,0,0
FMG_MV,D,20221116,000000,4.71,4.71,4.71,4.71,0,0
FMG_MV,D,20221117,000000,4.24,4.24,4.24,4.24,0,0
FMG_MV,D,20221118,000000,4.24,4.24,4.24,4.24,0,0
FMG_MV,D,20221122,000000,3.55,3.73,3.55,3.73,0,0
FMG_MV,D,20221123,000000,4.51,4.51,4.51,4.51,0,0
FMG_MV,D,20221124,000000,5.06,5.06,4.91,4.91,0,0
FMG_MV,D,20221125,000000,4.12,4.32,4.12,4.32,0,0
FMG_MV,D,20221128,000000,4.71,4.91,4.71,4.91,0,0
FMG_MV,D,20221130,000000,4.91,5.69,4.91,5.69,0,0
FMG_MV,D,20221201,000000,5.61,5.61,5.61,5.61,0,0
FMG_MV,D,20221202,000000,5.69,5.73,5.69,5.73,0,0
FMG_MV,D,20221205,000000,5.89,6.48,5.89,6.48,0,0
FMG_MV,D,20221206,000000,6.63,6.87,6.63,6.87,0,0
FMG_MV,D,20221207,000000,6.87,6.87,6.83,6.83,0,0
FMG_MV,D,20221208,000000,6.87,7.26,6.83,7.26,0,0
FMG_MV,D,20221209,000000,7.85,7.85,7.26,7.85,0,0
FMG_MV,D,20221212,000000,7.85,7.85,7.77,7.77,0,0
FMG_MV,D,20221213,000000,6.48,7.77,6.48,6.87,0,0
FMG_MV,D,20221214,000000,7.07,7.07,7.07,7.07,0,0
FMG_MV,D,20221215,000000,6.48,7.07,6.48,7.07,0,0
FMG_MV,D,20221216,000000,6.28,7.07,6.28,7.07,0,0
FMG_MV,D,20221219,000000,7.26,7.26,7.07,7.07,0,0
FMG_MV,D,20221220,000000,6.36,7.03,6.36,7.03,0,0
FMG_MV,D,20221222,000000,6.87,6.87,6.87,6.87,0,0
FMG_MV,D,20221227,000000,7.22,7.22,5.93,5.93,0,0
FMG_MV,D,20221228,000000,5.93,5.93,5.93,5.93,0,0
FMG_MV,D,20230102,000000,5.97,5.97,5.89,5.89,0,0
FMG_MV,D,20230103,000000,5.93,5.93,5.89,5.89,0,0
FMG_MV,D,20230104,000000,5.34,6.28,5.34,6.28,0,0
FMG_MV,D,20230109,000000,6.28,6.28,6.28,6.28,0,0
FMG_MV,D,20230116,000000,6.28,6.28,6.28,6.28,0,0
FMG_MV,D,20230127,000000,5.3,6.28,5.3,5.34,0,0
FMG_MV,D,20230130,000000,5.34,5.34,5.3,5.3,0,0
FMG_MV,D,20230203,000000,5.5,5.81,5.5,5.81,0,0
FMG_MV,D,20230206,000000,5.81,5.81,5.81,5.81,0,0
FMG_MV,D,20230207,000000,5.38,5.38,5.1,5.1,0,0
FMG_MV,D,20230208,000000,4.95,4.95,4.95,4.95,0,0
FMG_MV,D,20230209,000000,4.59,4.99,4.59,4.99,0,0
FMG_MV,D,20230210,000000,4.91,5.1,4.59,5.1,0,0
FMG_MV,D,20230213,000000,4.83,4.83,4.59,4.83,0,0
FMG_MV,D,20230214,000000,4.44,4.44,4.08,4.08,0,0
FMG_MV,D,20230215,000000,4.4,4.4,4,4.4,0,0
FMG_MV,D,20230220,000000,4.4,4.83,4.32,4.48,0,0
FMG_MV,D,20230221,000000,4.48,4.48,4.44,4.44,0,0
FMG_MV,D,20230224,000000,4,4.04,3.93,4.04,0,0
FMG_MV,D,20230228,000000,4.16,4.16,4.16,4.16,0,0
FMG_MV,D,20230301,000000,4.36,4.36,3.93,3.93,0,0
FMG_MV,D,20230302,000000,3.91,4.2,3.53,3.77,0,0
FMG_MV,D,20230303,000000,3.91,3.91,3.57,3.69,0,0
FMG_MV,D,20230306,000000,3.73,3.73,3.71,3.71,0,0
FMG_MV,D,20230307,000000,3.71,3.79,3.71,3.79,0,0
FMG_MV,D,20230308,000000,3.93,4.2,3.93,3.93,0,0
FMG_MV,D,20230309,000000,3.93,3.97,3.93,3.97,0,0
FMG_MV,D,20230310,000000,3.97,4.12,3.97,4.12,0,0
FMG_MV,D,20230313,000000,4.12,4.12,4.12,4.12,0,0
FMG_MV,D,20230314,000000,4.36,4.4,3.93,4.4,0,0
FMG_MV,D,20230315,000000,4.28,4.28,3.97,4.12,0,0
FMG_MV,D,20230316,000000,4.2,4.2,4.16,4.16,0,0
FMG_MV,D,20230317,000000,4.4,4.4,4.4,4.4,0,0
FMG_MV,D,20230320,000000,4.12,5.61,4.12,5.61,0,0
FMG_MV,D,20230321,000000,5.97,6.56,5.85,6.56,0,0
FMG_MV,D,20230322,000000,6.87,8.28,6.87,8.28,0,0
FMG_MV,D,20230323,000000,8.6,9.81,8.6,9.81,0,0
FMG_MV,D,20230327,000000,11.97,11.97,11.97,11.97,0,0
FMG_MV,D,20230328,000000,11.97,11.97,9.74,9.74,0,0
FMG_MV,D,20230329,000000,9.19,9.62,7.46,7.46,0,0
FMG_MV,D,20230330,000000,7.58,8.83,7.46,8.28,0,0
FMG_MV,D,20230331,000000,8.32,8.32,6.83,7.69,0,0
FMG_MV,D,20230403,000000,6.95,6.95,6.95,6.95,0,0
FMG_MV,D,20230404,000000,6.95,6.95,6.87,6.87,0,0
FMG_MV,D,20230405,000000,6.2,6.2,5.73,5.73,0,0
FMG_MV,D,20230406,000000,5.93,5.97,5.93,5.97,0,0
FMG_MV,D,20230411,000000,6.28,6.28,6.28,6.28,0,0
FMG_MV,D,20230412,000000,6.01,6.01,6.01,6.01,0,0
FMG_MV,D,20230413,000000,5.38,5.81,5.38,5.81,0,0
FMG_MV,D,20230414,000000,5.65,5.65,5.5,5.5,0,0
FMG_MV,D,20230417,000000,5.46,5.46,5.46,5.46,0,0
FMG_MV,D,20230418,000000,5.3,5.3,5.3,5.3,0,0
FMG_MV,D,20230419,000000,5.3,5.81,5.3,5.81,0,0
FMG_MV,D,20230420,000000,5.77,5.77,5.77,5.77,0,0
FMG_MV,D,20230421,000000,5.69,5.69,5.61,5.61,0,0
FMG_MV,D,20230424,000000,5.65,5.65,5.46,5.46,0,0
FMG_MV,D,20230425,000000,5.34,5.46,5.26,5.26,0,0
FMG_MV,D,20230426,000000,5.1,5.34,5.1,5.34,0,0
FMG_MV,D,20230427,000000,5.42,5.42,5.14,5.14,0,0
FMG_MV,D,20230428,000000,5.1,5.14,4.91,4.91,0,0
FMG_MV,D,20230502,000000,5.65,5.65,5.5,5.5,0,0
FMG_MV,D,20230504,000000,5.5,5.57,5.5,5.5,0,0
FMG_MV,D,20230505,000000,5.1,5.1,5.1,5.1,0,0
FMG_MV,D,20230508,000000,5.42,5.54,5.22,5.54,0,0
FMG_MV,D,20230509,000000,5.5,5.89,5.5,5.77,0,0
FMG_MV,D,20230510,000000,5.81,5.89,5.26,5.26,0,0
FMG_MV,D,20230511,000000,5.3,5.89,5.14,5.89,0,0
FMG_MV,D,20230512,000000,5.89,6.24,5.42,5.81,0,0
FMG_MV,D,20230515,000000,5.89,6.24,5.54,5.54,0,0
FMG_MV,D,20230516,000000,5.57,5.57,4.79,4.79,0,0
FMG_MV,D,20230517,000000,5.06,5.06,4.71,4.79,0,0
FMG_MV,D,20230518,000000,4.79,5.03,4.79,5.03,0,0
FMG_MV,D,20230519,000000,5.03,5.03,4.79,5.03,0,0
FMG_MV,D,20230522,000000,5.03,5.03,4.79,4.79,0,0
FMG_MV,D,20230523,000000,4.79,4.79,4.71,4.71,0,0
FMG_MV,D,20230524,000000,4.63,4.63,4.63,4.63,0,0
FMG_MV,D,20230525,000000,4.71,4.91,4.51,4.51,0,0
FMG_MV,D,20230526,000000,4.48,4.91,4.48,4.75,0,0
FMG_MV,D,20230529,000000,6.48,7.11,6.36,7.11,0,0
FMG_MV,D,20230530,000000,8.64,9.5,8.28,8.64,0,0
FMG_MV,D,20230531,000000,8.6,8.6,7.18,7.18,0,0
FMG_MV,D,20230601,000000,7.58,9.81,7.58,9.81,0,0
FMG_MV,D,20230602,000000,10.6,12.27,10.6,12.27,0,0
FMG_MV,D,20230605,000000,13.54,13.54,11.09,11.78,0,0
FMG_MV,D,20230606,000000,11.97,11.97,10.21,10.5,0,0
FMG_MV,D,20230607,000000,10.31,10.99,8.87,9.3,0,0
FMG_MV,D,20230609,000000,9.3,10.21,8.83,10.21,0,0
FMG_MV,D,20230612,000000,10.21,10.21,9.26,9.62,0,0
FMG_MV,D,20230613,000000,9.58,9.78,8.87,9.66,0,0
FMG_MV,D,20230614,000000,9.74,10.6,9.11,9.78,0,0
FMG_MV,D,20230615,000000,10.31,10.31,9.42,9.81,0,0
FMG_MV,D,20230616,000000,9.81,9.81,9.23,9.78,0,0
FMG_MV,D,20230619,000000,9.78,9.91,9.26,9.62,0,0
FMG_MV,D,20230620,000000,9.78,10.21,9.74,10.21,0,0
FMG_MV,D,20230621,000000,10.6,13.35,9.5,9.62,0,0
FMG_MV,D,20230622,000000,9.62,9.62,8.68,9.3,0,0
FMG_MV,D,20230623,000000,9.38,9.62,9.07,9.58,0,0
FMG_MV,D,20230626,000000,9.15,9.46,8.83,9.38,0,0
FMG_MV,D,20230627,000000,8.91,9.19,8.24,8.24,0,0
FMG_MV,D,20230628,000000,8.64,8.99,8.52,8.68,0,0
FMG_MV,D,20230629,000000,8.83,10.89,8.83,10.89,0,0
FMG_MV,D,20230630,000000,13.35,13.35,11.19,11.97,0,0
FMG_MV,D,20230703,000000,12.96,15.8,12.96,15.8,0,0
FMG_MV,D,20230704,000000,18.84,20.61,18.84,20.61,0,0
FMG_MV,D,20230705,000000,24.73,27.09,24.73,27.09,0,0
FMG_MV,D,20230706,000000,29.44,29.44,21.2,21.4,0,0
FMG_MV,D,20230707,000000,20.61,22.38,18.55,20.61,0,0
FMG_MV,D,20230710,000000,19.63,19.63,16.1,17.08,0,0
FMG_MV,D,20230711,000000,16.98,19.04,16.49,17.86,0,0
FMG_MV,D,20230712,000000,17.08,17.86,16.68,17.57,0,0
FMG_MV,D,20230713,000000,18.06,18.06,16.1,16.39,0,0
FMG_MV,D,20230714,000000,16.19,16.68,14.92,15.9,0,0
FMG_MV,D,20230717,000000,16.29,16.29,14.72,15.41,0,0
FMG_MV,D,20230718,000000,16.1,16.1,14.62,15.9,0,0
FMG_MV,D,20230719,000000,15.8,16.1,14.62,16,0,0
FMG_MV,D,20230720,000000,16.19,20.02,16.19,18.94,0,0
FMG_MV,D,20230721,000000,20.41,22.38,16.98,17.47,0,0
FMG_MV,D,20230724,000000,17.08,20.61,17.08,19.04,0,0
FMG_MV,D,20230725,000000,20.41,20.41,16.98,17.86,0,0
FMG_MV,D,20230726,000000,17.86,18.45,16.88,17.47,0,0
FMG_MV,D,20230727,000000,18.45,19.14,17.86,18.55,0,0
FMG_MV,D,20230728,000000,17.96,18.35,17.67,18.35,0,0
FMG_MV,D,20230731,000000,17.76,18.35,17.47,18.06,0,0
FMG_MV,D,20230801,000000,17.57,18.45,17.57,18.16,0,0
FMG_MV,D,20230802,000000,18.45,18.45,17.57,18.16,0,0
FMG_MV,D,20230803,000000,17.57,18.16,16,16.98,0,0
FMG_MV,D,20230804,000000,17.47,17.961,16.979,17.96,0,0
FMG_MV,D,20230807,000000,17.47,17.47,17.077,17.37,0,0
FMG_MV,D,20230808,000000,17.077,17.077,15.9,16.49,0,0
FMG_MV,D,20230809,000000,17.372,17.372,16.489,17.08,0,0
FMG_MV,D,20230810,000000,16.489,17.18,16.489,17.18,0,0
FMG_MV,D,20230811,000000,16.489,17.863,16.489,17.47,0,0
FMG_MV,D,20230814,000000,16.489,17.961,16.489,16.78,0,0
FMG_MV,D,20230816,000000,16.292,17.077,16.096,16.49,0,0
FMG_MV,D,20230817,000000,16.685,20.611,16.685,18.65,0,0
FMG_MV,D,20230818,000000,20.022,20.022,18.059,18.84,0,0
FMG_MV,D,20230821,000000,18.353,19.237,16.489,16.49,0,0
FMG_MV,D,20230822,000000,16.783,16.783,15.311,16.39,0,0
FMG_MV,D,20230823,000000,15.9,16.39,14.918,15.61,0,0
FMG_MV,D,20230824,000000,15.703,16.881,14.918,14.92,0,0
FMG_MV,D,20230825,000000,14.918,15.703,14.427,15.7,0,0
FMG_MV,D,20230828,000000,15.703,15.802,15.114,15.61,0,0
FMG_MV,D,20230829,000000,15.311,15.409,14.918,15.11,0,0
FMG_MV,D,20230830,000000,15.703,15.703,14.722,15.11,0,0
FMG_MV,D,20230831,000000,15.114,15.507,13.74,14.72,0,0
FMG_MV,D,20230901,000000,14.918,14.918,13.937,14.13,0,0
FMG_MV,D,20230904,000000,14.624,14.722,13.348,13.35,0,0
FMG_MV,D,20230905,000000,14.329,14.918,14.035,14.72,0,0
FMG_MV,D,20230906,000000,14.526,15.9,13.642,14.23,0,0
FMG_MV,D,20230907,000000,14.526,14.526,13.348,14.23,0,0
FMG_MV,D,20230908,000000,14.329,14.526,13.64,13.64,0,0
FMG_MV,D,20230911,000000,14.722,14.722,13.74,14.13,0,0
FMG_MV,D,20230912,000000,14.329,14.329,14.13,14.13,0,0
FMG_MV,D,20230913,000000,15.016,15.703,14.231,15.11,0,0
FMG_MV,D,20230914,000000,14.526,15.41,14.526,15.41,0,0
FMG_MV,D,20230915,000000,15.605,15.703,15.311,15.51,0,0
FMG_MV,D,20230918,000000,15.605,15.605,14.133,14.33,0,0
FMG_MV,D,20230919,000000,14.82,14.82,13.446,14.53,0,0
FMG_MV,D,20230920,000000,15.114,15.507,14.82,15.31,0,0
FMG_MV,D,20230921,000000,15.409,15.409,14.231,14.92,0,0
FMG_MV,D,20230922,000000,14.329,14.329,13.446,14.13,0,0
FMG_MV,D,20230925,000000,13.937,14.526,13.152,13.94,0,0
FMG_MV,D,20230926,000000,13.937,14.035,13.446,13.74,0,0
FMG_MV,D,20230927,000000,13.446,14.624,13.446,14.23,0,0
FMG_MV,D,20230928,000000,14.329,14.722,13.544,14.62,0,0
FMG_MV,D,20230929,000000,14.722,15.311,13.937,14.13,0,0
FMG_MV,D,20231002,000000,12.366,14.13,11.581,12.17,0,0
FMG_MV,D,20231003,000000,12.366,12.661,12.17,12.46,0,0
FMG_MV,D,20231004,000000,11.974,12.465,11.876,11.88,0,0
FMG_MV,D,20231005,000000,12.17,12.563,12.17,12.27,0,0
FMG_MV,D,20231006,000000,11.581,12.268,11.385,11.97,0,0
FMG_MV,D,20231009,000000,11.09,12.072,10.894,11.68,0,0
FMG_MV,D,20231010,000000,10.992,11.581,10.698,10.99,0,0
FMG_MV,D,20231011,000000,10.011,11.385,10.011,10.8,0,0
FMG_MV,D,20231012,000000,10.698,10.698,9.9127,10.11,0,0
FMG_MV,D,20231013,000000,10.109,10.207,9.1472,9.62,0,0
FMG_MV,D,20231016,000000,9.6183,10.502,9.4613,9.54,0,0
FMG_MV,D,20231017,000000,10.011,10.6,9.6968,10.31,0,0
FMG_MV,D,20231018,000000,10.305,10.403,9.4613,9.81,0,0
FMG_MV,D,20231019,000000,9.9127,10.207,9.3828,9.42,0,0
FMG_MV,D,20231020,000000,9.422,9.8146,9.265,9.81,0,0
FMG_MV,D,20231023,000000,9.5398,9.8146,9.265,9.81,0,0
FMG_MV,D,20231024,000000,9.2257,9.7753,9.2257,9.74,0,0
FMG_MV,D,20231025,000000,9.265,9.7753,9.2257,9.26,0,0
FMG_MV,D,20231026,000000,9.2257,9.66,9.0294,9.66,0,0
FMG_MV,D,20231027,000000,9.2257,9.8146,9.2257,9.38,0,0
FMG_MV,D,20231030,000000,9.2257,9.2257,8.6368,8.72,0,0
FMG_MV,D,20231031,000000,9.0687,10.403,9.0687,10.21,0,0
FMG_MV,D,20231102,000000,10.207,10.21,9.2257,9.81,0,0
FMG_MV,D,20231103,000000,9.8146,10.011,9.81,9.81,0,0
FMG_MV,D,20231106,000000,10.011,10.109,9.3435,10.01,0,0
FMG_MV,D,20231107,000000,10.011,10.109,9.26,9.26,0,0
FMG_MV,D,20231108,000000,9.8146,9.8146,9.422,9.78,0,0
FMG_MV,D,20231109,000000,9.4613,10.403,9.1472,10.4,0,0
FMG_MV,D,20231110,000000,10.502,10.502,9.5398,10.31,0,0
FMG_MV,D,20231113,000000,10.305,10.6,10.207,10.4,0,0
FMG_MV,D,20231114,000000,10.6,10.6,10.5,10.5,0,0
FMG_MV,D,20231115,000000,10.6,11.287,10.207,10.6,0,0
FMG_MV,D,20231116,000000,10.698,11.09,9.8146,10.7,0,0
FMG_MV,D,20231117,000000,10.796,10.8,10.796,10.8,0,0
FMG_MV,D,20231120,000000,10.207,11.581,10.207,11.19,0,0
FMG_MV,D,20231121,000000,11.189,11.385,10.796,11.29,0,0
FMG_MV,D,20231122,000000,10.796,11.189,10.6,10.6,0,0
FMG_MV,D,20231123,000000,11.189,11.78,10.992,11.78,0,0
FMG_MV,D,20231124,000000,12.17,12.17,11.189,11.97,0,0
FMG_MV,D,20231127,000000,11.974,11.974,11.287,11.78,0,0
FMG_MV,D,20231128,000000,11.778,12.17,11.483,12.17,0,0
FMG_MV,D,20231129,000000,12.268,12.268,10.502,10.6,0,0
FMG_MV,D,20231130,000000,10.502,11.189,10.305,10.8,0,0
FMG_MV,D,20231201,000000,10.796,11.09,9.5005,10.01,0,0
FMG_MV,D,20231204,000000,9.8146,9.8146,9.5398,9.78,0,0
FMG_MV,D,20231205,000000,9.7753,10.403,8.9902,9.78,0,0
FMG_MV,D,20231206,000000,9.7361,9.7753,9.265,9.42,0,0
FMG_MV,D,20231207,000000,9.3828,9.5005,9.3828,9.5,0,0
FMG_MV,D,20231208,000000,9.2257,9.5005,9.2257,9.3,0,0
FMG_MV,D,20231211,000000,9.5005,9.6183,9.1472,9.23,0,0
FMG_MV,D,20231212,000000,9.2257,9.6183,9.1865,9.58,0,0
FMG_MV,D,20231213,000000,9.2257,9.422,8.9509,9.42,0,0
FMG_MV,D,20231214,000000,9.0294,9.23,9.0294,9.23,0,0
FMG_MV,D,20231215,000000,9.265,9.3435,8.8331,9.26,0,0
FMG_MV,D,20231218,000000,9.2257,9.2257,8.87,8.87,0,0
FMG_MV,D,20231219,000000,8.8331,9.2257,8.7546,9.19,0,0
FMG_MV,D,20231220,000000,8.7939,9.1865,8.7546,8.79,0,0
FMG_MV,D,20231221,000000,9.1865,9.1865,8.95,8.95,0,0
FMG_MV,D,20231222,000000,9.1865,9.1865,8.7939,9.15,0,0
FMG_MV,D,20231227,000000,8.7546,9.2257,8.7546,9.19,0,0
FMG_MV,D,20231228,000000,8.4013,8.9902,8.4013,8.79,0,0
FMG_MV,D,20231229,000000,8.9509,9.8146,8.4406,9.74,0,0
FMG_MV,D,20240102,000000,9.422,9.579,9.0294,9.03,0,0
FMG_MV,D,20240103,000000,9.5005,9.5005,8.5976,9.15,0,0
FMG_MV,D,20240104,000000,8.5583,9.0294,8.5583,8.99,0,0
FMG_MV,D,20240105,000000,8.9509,8.9509,8.95,8.95,0,0
FMG_MV,D,20240108,000000,8.9902,8.9902,8.87,8.87,0,0
FMG_MV,D,20240109,000000,8.9509,8.9902,8.9509,8.99,0,0
FMG_MV,D,20240110,000000,8.7154,9.3435,8.4798,8.68,0,0
FMG_MV,D,20240111,000000,8.5191,8.9117,8.4798,8.91,0,0
FMG_MV,D,20240112,000000,8.9117,10.894,8.9117,10.8,0,0
FMG_MV,D,20240115,000000,10.992,12.268,10.992,11.48,0,0
FMG_MV,D,20240116,000000,11.876,11.876,10.698,11.38,0,0
FMG_MV,D,20240117,000000,11.09,11.09,10.109,10.7,0,0
FMG_MV,D,20240118,000000,10.305,10.7,10.109,10.7,0,0
FMG_MV,D,20240119,000000,10.109,10.403,10.109,10.11,0,0
FMG_MV,D,20240122,000000,10.207,10.305,9.8146,10.21,0,0
FMG_MV,D,20240123,000000,9.7361,10.011,9.6968,10.01,0,0
FMG_MV,D,20240124,000000,10.109,10.305,9.422,10.01,0,0
FMG_MV,D,20240125,000000,9.422,10.31,9.3828,10.31,0,0
FMG_MV,D,20240126,000000,9.6576,10.403,9.6576,10.4,0,0
FMG_MV,D,20240130,000000,10.403,10.6,9.7753,10.6,0,0
FMG_MV,D,20240131,000000,10.502,10.502,10.5,10.5,0,0
FMG_MV,D,20240201,000000,9.9127,10.403,9.81,9.81,0,0
FMG_MV,D,20240202,000000,9.9127,9.9127,9.42,9.42,0,0
FMG_MV,D,20240205,000000,10.011,10.109,9.6183,9.91,0,0
FMG_MV,D,20240206,000000,9.9127,10.207,9.3,9.3,0,0
FMG_MV,D,20240207,000000,9.3435,9.6183,9.26,9.26,0,0
FMG_MV,D,20240208,000000,9.5398,9.5398,8.8724,9.34,0,0
FMG_MV,D,20240209,000000,9.3435,9.579,9.3042,9.34,0,0
FMG_MV,D,20240212,000000,9.0687,9.9127,8.8724,9.91,0,0
FMG_MV,D,20240213,000000,10.207,10.207,9.4613,10.11,0,0
FMG_MV,D,20240215,000000,10.207,10.21,10.11,10.21,0,0
FMG_MV,D,20240216,000000,10.207,10.207,9.6968,10.11,0,0
FMG_MV,D,20240219,000000,10.6,10.6,9.6183,10.31,0,0
FMG_MV,D,20240220,000000,10.207,10.21,9.6968,10.21,0,0
FMG_MV,D,20240221,000000,10.305,10.305,9.5398,9.7,0,0
FMG_MV,D,20240222,000000,9.1079,9.6183,9.1079,9.58,0,0
FMG_MV,D,20240223,000000,9.6968,9.8146,9.6968,9.81,0,0
FMG_MV,D,20240226,000000,9.6183,9.6183,9.3,9.3,0,0
FMG_MV,D,20240227,000000,9.6576,9.6576,9.422,9.58,0,0
FMG_MV,D,20240228,000000,9.6183,9.62,9.6183,9.62,0,0
FMG_MV,D,20240229,000000,9.6183,11.78,9.6183,11.78,0,0
FMG_MV,D,20240301,000000,13.74,15.213,13.74,15.21,0,0
FMG_MV,D,20240304,000000,16.096,20.218,16.096,20.218,0,0
FMG_MV,D,20240305,000000,20.807,26.892,20.807,26.89,0,0
FMG_MV,D,20240306,000000,30.425,33.37,29.836,31.41,0,0
FMG_MV,D,20240307,000000,33.762,33.762,24.733,28.07,0,0
FMG_MV,D,20240308,000000,26.499,31.014,24.733,29.44,0,0
FMG_MV,D,20240311,000000,27.088,27.677,26.107,26.89,0,0
FMG_MV,D,20240312,000000,25.518,27.088,24.733,25.32,0,0
FMG_MV,D,20240313,000000,25.322,25.714,21.592,21.98,0,0
FMG_MV,D,20240314,000000,21.592,25.911,20.218,24.73,0,0
FMG_MV,D,20240315,000000,24.733,24.733,19.04,19.237,0,0
FMG_MV,D,20240318,000000,20.022,24.144,18.844,24.14,0,0
FMG_MV,D,20240319,000000,24.929,24.929,22.18,22.18,0,0
FMG_MV,D,20240320,000000,22.77,22.77,20.611,21.2,0,0
FMG_MV,D,20240321,000000,22.377,22.377,20.807,22.18,0,0
FMG_MV,D,20240322,000000,21.788,21.985,21.003,21.59,0,0
FMG_MV,D,20240325,000000,20.807,20.807,19.237,20.41,0,0
FMG_MV,D,20240326,000000,19.825,20.611,19.237,20.02,0,0
FMG_MV,D,20240327,000000,20.022,21.985,20.022,20.81,0,0
FMG_MV,D,20240328,000000,21.003,21.003,20.022,20.41,0,0
FMG_MV,D,20240402,000000,20.414,21.788,20.414,21,0,0
FMG_MV,D,20240403,000000,21.101,21.592,20.611,21.2,0,0
FMG_MV,D,20240404,000000,21.396,21.4,20.807,21.4,0,0
FMG_MV,D,20240405,000000,20.807,21.396,20.807,21.3,0,0
FMG_MV,D,20240408,000000,21.298,22.181,21.298,21.49,0,0
FMG_MV,D,20240409,000000,21.494,21.592,21.494,21.59,0,0
FMG_MV,D,20240410,000000,21.592,21.592,20.218,21.4,0,0
FMG_MV,D,20240411,000000,20.218,21.396,19.629,21.3,0,0
FMG_MV,D,20240412,000000,21.2,21.2,19.472,20.12,0,0
FMG_MV,D,20240415,000000,20.12,21.985,20.12,21.98,0,0
FMG_MV,D,20240416,000000,22.279,25.714,22.279,23.75,0,0
FMG_MV,D,20240417,000000,23.948,24.537,22.77,23.36,0,0
FMG_MV,D,20240418,000000,23.653,23.849,22.67,22.67,0,0
FMG_MV,D,20240419,000000,21.003,22.377,21.003,21.59,0,0
FMG_MV,D,20240422,000000,21.396,21.396,19.276,20.12,0,0
FMG_MV,D,20240423,000000,20.709,20.709,19.276,19.28,0,0
FMG_MV,D,20240424,000000,19.433,23.064,19.433,22.38,0,0
FMG_MV,D,20240425,000000,22.475,22.475,21.69,22.28,0,0
FMG_MV,D,20240426,000000,22.377,22.97,22.181,22.97,0,0
FMG_MV,D,20240429,000000,22.966,22.966,21.298,22.57,0,0
FMG_MV,D,20240430,000000,22.574,22.574,21.396,22.18,0,0
FMG_MV,D,20240502,000000,22.377,22.377,21.101,22.181,0,0
FMG_MV,D,20240506,000000,22.377,22.475,21.69,21.89,0,0
FMG_MV,D,20240507,000000,21.887,21.887,19.551,20.22,0,0
FMG_MV,D,20240508,000000,20.12,20.709,19.433,20.22,0,0
FMG_MV,D,20240509,000000,20.414,21.396,20.218,21.1,0,0
FMG_MV,D,20240510,000000,20.905,20.905,20.218,20.41,0,0
FMG_MV,D,20240513,000000,20.905,20.905,19.629,20.61,0,0
FMG_MV,D,20240514,000000,20.414,20.611,19.629,20.32,0,0
FMG_MV,D,20240515,000000,19.629,20.611,19.433,20.12,0,0
FMG_MV,D,20240516,000000,19.433,19.924,19.237,19.83,0,0
FMG_MV,D,20240517,000000,20.12,23.751,19.92,19.92,0,0
FMG_MV,D,20240520,000000,20.316,20.316,19.237,20.22,0,0
FMG_MV,D,20240521,000000,20.218,20.414,19.354,20.22,0,0
FMG_MV,D,20240522,000000,19.629,20.513,19.629,20.41,0,0
FMG_MV,D,20240523,000000,20.513,24.242,20.513,22.38,0,0
FMG_MV,D,20240524,000000,22.377,22.574,20.513,20.61,0,0
FMG_MV,D,20240527,000000,20.709,21.788,20.12,21,0,0
FMG_MV,D,20240528,000000,21.2,21.69,21.2,21.4,0,0
FMG_MV,D,20240529,000000,20.709,21.298,20.316,20.61,0,0
FMG_MV,D,20240531,000000,21.396,21.4,21.396,21.4,0,0
FMG_MV,D,20240603,000000,21.396,21.4,21.003,21.4,0,0
FMG_MV,D,20240604,000000,21.298,21.298,20.513,20.81,0,0
FMG_MV,D,20240605,000000,20.513,20.709,20.316,20.51,0,0
FMG_MV,D,20240606,000000,20.414,20.414,20.41,20.41,0,0
FMG_MV,D,20240607,000000,20.414,20.414,20.41,20.41,0,0
FMG_MV,D,20240610,000000,20.513,20.513,20.316,20.32,0,0
FMG_MV,D,20240611,000000,20.414,20.513,19.924,20.02,0,0
FMG_MV,D,20240612,000000,20.022,20.513,20.022,20.41,0,0
FMG_MV,D,20240613,000000,20.611,20.611,19.35,19.35,0,0
FMG_MV,D,20240614,000000,19.511,19.511,19.04,19.35,0,0
FMG_MV,D,20240617,000000,19.04,19.472,19.04,19.35,0,0
FMG_MV,D,20240618,000000,19.354,20.414,19.354,19.924,0,0
FMG_MV,D,20240619,000000,19.629,20.414,19.237,19.63,0,0
FMG_MV,D,20240620,000000,19.825,19.825,19.727,19.73,0,0
FMG_MV,D,20240621,000000,19.237,19.825,19.237,19.59,0,0
FMG_MV,D,20240624,000000,19.59,19.63,19.59,19.63,0,0
FMG_MV,D,20240625,000000,19.825,20.022,19.825,20.02,0,0
FMG_MV,D,20240626,000000,20.022,20.022,19.237,19.92,0,0
FMG_MV,D,20240627,000000,19.825,19.83,19.727,19.83,0,0
FMG_MV,D,20240628,000000,19.727,19.825,19.727,19.73,0,0
FMG_MV,D,20240701,000000,19.08,19.629,19.08,19.59,0,0
FMG_MV,D,20240702,000000,19.59,19.59,18.962,19.47,0,0
FMG_MV,D,20240703,000000,18.962,19.433,18.923,19.28,0,0
FMG_MV,D,20240704,000000,18.844,19.276,18.844,19.2,0,0
FMG_MV,D,20240705,000000,18.844,19.16,18.844,19.16,0,0
FMG_MV,D,20240708,000000,18.805,20.022,18.805,19.92,0,0
FMG_MV,D,20240709,000000,19.629,21.298,19.394,20.81,0,0
FMG_MV,D,20240710,000000,20.807,20.807,19.825,20.32,0,0
FMG_MV,D,20240711,000000,20.513,20.807,20.12,20.71,0,0
FMG_MV,D,20240712,000000,20.513,20.807,20.414,20.71,0,0
FMG_MV,D,20240715,000000,20.513,20.611,20.513,20.61,0,0
FMG_MV,D,20240716,000000,21.101,21.101,20.51,20.51,0,0
FMG_MV,D,20240717,000000,20.316,20.316,20.218,20.22,0,0
FMG_MV,D,20240718,000000,20.12,20.22,20.022,20.22,0,0
FMG_MV,D,20240719,000000,20.12,20.218,19.92,19.92,0,0
FMG_MV,D,20240722,000000,19.59,19.924,19.59,19.92,0,0
FMG_MV,D,20240723,000000,19.924,19.924,19.825,19.83,0,0
FMG_MV,D,20240724,000000,19.119,20.218,19.001,20.12,0,0
FMG_MV,D,20240725,000000,20.414,20.414,19.394,19.73,0,0
FMG_MV,D,20240730,000000,19.354,19.73,18.92,18.92,0,0
FMG_MV,D,20240731,000000,19.001,19.237,17.706,18.06,0,0
FMG_MV,D,20240801,000000,17.784,18.255,16.685,17.63,0,0
FMG_MV,D,20240802,000000,16.685,17.82,16.606,17.82,0,0
FMG_MV,D,20240805,000000,17.823,17.823,15.9,16.57,0,0
FMG_MV,D,20240806,000000,16.567,17.863,16.567,17.51,0,0
FMG_MV,D,20240807,000000,16.881,16.96,16.449,16.45,0,0
FMG_MV,D,20240808,000000,17.863,17.863,16.29,16.29,0,0
FMG_MV,D,20240809,000000,17.195,17.195,15.939,16.49,0,0
FMG_MV,D,20240812,000000,16.842,17.55,16.685,17.55,0,0
FMG_MV,D,20240813,000000,17.549,18.451,17.352,18.02,0,0
FMG_MV,D,20240814,000000,16.881,18.02,16.646,17.23,0,0
FMG_MV,D,20240816,000000,17.234,17.274,17.234,17.27,0,0
FMG_MV,D,20240819,000000,16.724,17.274,16.253,17.12,0,0
FMG_MV,D,20240820,000000,17.077,17.08,16.881,17.08,0,0
FMG_MV,D,20240821,000000,17.038,17.274,17.038,17.27,0,0
FMG_MV,D,20240822,000000,17.274,17.627,17.077,17.23,0,0
FMG_MV,D,20240823,000000,17.627,17.823,17.627,17.78,0,0
FMG_MV,D,20240826,000000,17.784,17.784,16.567,17.47,0,0
FMG_MV,D,20240827,000000,17.745,17.745,16.76,16.76,0,0
FMG_MV,D,20240828,000000,16.763,17.706,16.724,17.63,0,0
FMG_MV,D,20240829,000000,17.627,17.627,16.96,17.39,0,0
FMG_MV,D,20240830,000000,17.391,17.391,16.96,17.23,0,0
FMG_MV,D,20240902,000000,17.234,17.627,17.038,17.234,0,0
FMG_MV,D,20240903,000000,17.234,17.666,17.234,17.63,0,0
FMG_MV,D,20240904,000000,17.47,21.101,17.47,20.71,0,0
FMG_MV,D,20240905,000000,20.611,21.592,18.255,18.26,0,0
FMG_MV,D,20240906,000000,18.255,19.237,17.784,18.14,0,0
FMG_MV,D,20240909,000000,18.726,18.726,17.706,18.53,0,0
FMG_MV,D,20240910,000000,18.412,18.451,18.412,18.45,0,0
FMG_MV,D,20240911,000000,18.334,18.491,17.706,18.37,0,0
FMG_MV,D,20240912,000000,17.706,18.53,17.706,18.53,0,0
FMG_MV,D,20240913,000000,18.687,19.394,18.451,18.61,0,0
FMG_MV,D,20240916,000000,18.569,19.001,18.137,18.14,0,0
FMG_MV,D,20240917,000000,17.784,17.784,17.509,17.63,0,0
FMG_MV,D,20240918,000000,18.608,18.608,17.745,18.06,0,0
FMG_MV,D,20240919,000000,18.098,18.1,16.724,18.1,0,0
FMG_MV,D,20240923,000000,16.96,17.627,16.96,17.55,0,0
FMG_MV,D,20240924,000000,16.96,17.59,16.92,17.59,0,0
FMG_MV,D,20240925,000000,16.763,17.47,16.763,17.47,0,0
FMG_MV,D,20240926,000000,16.999,17.59,16.999,17.59,0,0
FMG_MV,D,20240927,000000,17.549,17.784,17.549,17.78,0,0
FMG_MV,D,20240930,000000,17.352,17.745,17.352,17.67,0,0
FMG_MV,D,20241001,000000,18.255,21.985,18.255,20.51,0,0
FMG_MV,D,20241002,000000,20.807,20.807,20.51,20.51,0,0
FMG_MV,D,20241003,000000,20.414,21.003,19.825,19.83,0,0
FMG_MV,D,20241004,000000,19.825,19.83,19.04,19.73,0,0
FMG_MV,D,20241007,000000,19.727,21.788,19.727,21,0,0
FMG_MV,D,20241008,000000,21.003,21.003,19.727,20.41,0,0
FMG_MV,D,20241009,000000,20.807,20.807,20.61,20.61,0,0
FMG_MV,D,20241010,000000,20.709,22.77,20.611,22.57,0,0
FMG_MV,D,20241011,000000,22.574,22.77,20.807,22.57,0,0
FMG_MV,D,20241014,000000,22.672,22.77,21.788,22.67,0,0
FMG_MV,D,20241015,000000,22.77,22.77,22.574,22.67,0,0
FMG_MV,D,20241016,000000,22.77,22.77,22.181,22.57,0,0
FMG_MV,D,20241017,000000,22.574,22.672,21.101,22.57,0,0
FMG_MV,D,20241018,000000,22.574,22.574,21.2,22.38,0,0
FMG_MV,D,20241021,000000,22.377,22.574,22.377,22.48,0,0
FMG_MV,D,20241022,000000,22.574,22.574,22.57,22.57,0,0
FMG_MV,D,20241023,000000,22.672,22.672,22.475,22.48,0,0
FMG_MV,D,20241024,000000,22.475,22.475,22.377,22.38,0,0
FMG_MV,D,20241025,000000,22.377,22.377,21.494,21.59,0,0
FMG_MV,D,20241028,000000,22.475,22.574,21.396,21.4,0,0
FMG_MV,D,20241029,000000,22.574,22.574,21.4,22.48,0,0
FMG_MV,D,20241030,000000,22.475,22.475,21.887,21.89,0,0
FMG_MV,D,20241031,000000,21.788,21.985,20.41,20.41,0,0
FMG_MV,D,20241104,000000,21.69,21.69,21.49,21.49,0,0
FMG_MV,D,20241105,000000,21.298,21.298,21.2,21.2,0,0
FMG_MV,D,20241106,000000,21.101,21.396,21.101,21.3,0,0
FMG_MV,D,20241107,000000,21.2,21.592,20.807,21.59,0,0
FMG_MV,D,20241108,000000,21.298,21.298,21.1,21.1,0,0
FMG_MV,D,20241112,000000,21.298,21.3,21.298,21.3,0,0
FMG_MV,D,20241113,000000,21.101,21.494,21.101,21.49,0,0
FMG_MV,D,20241114,000000,21.003,21.2,21.003,21.2,0,0
FMG_MV,D,20241115,000000,21.2,21.2,20.41,20.41,0,0
FMG_MV,D,20241118,000000,21.396,21.396,21.1,21.1,0,0
FMG_MV,D,20241119,000000,21.2,21.2,20.905,20.91,0,0
FMG_MV,D,20241120,000000,20.807,21.494,20.807,21.49,0,0
FMG_MV,D,20241121,000000,21.396,21.49,21.298,21.49,0,0
FMG_MV,D,20241122,000000,21.494,21.494,21.49,21.49,0,0
FMG_MV,D,20241125,000000,21.396,21.4,21.298,21.4,0,0
FMG_MV,D,20241127,000000,21.298,21.298,21.2,21.2,0,0
FMG_MV,D,20241128,000000,21.298,21.494,21.298,21.49,0,0
FMG_MV,D,20241129,000000,21.494,21.494,20.807,21.2,0,0
FMG_MV,D,20241202,000000,21.101,21.4,21.101,21.4,0,0
FMG_MV,D,20241203,000000,20.218,21.003,20.218,20.81,0,0
FMG_MV,D,20241204,000000,20.12,20.513,20.12,20.51,0,0
FMG_MV,D,20241205,000000,20.12,20.12,20.02,20.02,0,0
FMG_MV,D,20241206,000000,19.924,20.32,19.924,20.32,0,0
FMG_MV,D,20241209,000000,19.472,22.44,18.53,22.44,0,0
FMG_MV,D,20241210,000000,24.488,25.201,23.774,24.25,0,0
FMG_MV,D,20241211,000000,23.109,24.25,23.109,24.25,0,0
FMG_MV,D,20241212,000000,24.131,24.131,24.01,24.01,0,0
FMG_MV,D,20241213,000000,23.774,23.774,23.77,23.77,0,0
FMG_MV,D,20241216,000000,22.681,22.681,20.684,21.4,0,0
FMG_MV,D,20241217,000000,22.253,22.253,19.495,21.06,0,0
FMG_MV,D,20241218,000000,20.731,20.731,19.733,20.59,0,0
FMG_MV,D,20241219,000000,19.78,19.78,19.73,19.73,0,0
FMG_MV,D,20241220,000000,19.257,20.826,19.067,20.73,0,0
FMG_MV,D,20241223,000000,20.731,20.779,19.97,20.16,0,0
FMG_MV,D,20241227,000000,19.067,20.779,19.067,20.49,0,0
FMG_MV,D,20241230,000000,20.541,20.921,20.541,20.87,0,0
FMG_MV,D,20250102,000000,21.016,22.3,21.016,22.16,0,0
FMG_MV,D,20250103,000000,22.158,22.16,21.254,22.16,0,0
FMG_MV,D,20250107,000000,22.158,22.158,20.921,21.87,0,0
FMG_MV,D,20250108,000000,21.777,22.11,20.208,22.11,0,0
FMG_MV,D,20250110,000000,20.969,22.06,20.684,22.06,0,0
FMG_MV,D,20250113,000000,22.11,22.11,22.11,22.11,0,0
FMG_MV,D,20250114,000000,22.11,22.16,22.11,22.16,0,0
FMG_MV,D,20250115,000000,20.636,22.063,20.636,22.06,0,0
FMG_MV,D,20250117,000000,20.541,21.682,20.541,21.54,0,0
FMG_MV,D,20250120,000000,22.253,23.061,22.253,22.97,0,0
FMG_MV,D,20250121,000000,23.061,23.061,22.158,23.06,0,0
FMG_MV,D,20250123,000000,22.776,22.78,22.776,22.78,0,0
FMG_MV,D,20250124,000000,21.92,23.014,21.777,22.87,0,0
FMG_MV,D,20250128,000000,21.397,22.681,21.397,22.68,0,0
FMG_MV,D,20250130,000000,21.349,22.443,21.349,22.44,0,0
FMG_MV,D,20250203,000000,21.397,22.348,21.302,22.25,0,0
FMG_MV,D,20250204,000000,21.492,22.253,21.492,22.25,0,0
FMG_MV,D,20250205,000000,21.54,22.205,21.397,22.16,0,0
FMG_MV,D,20250207,000000,22.063,22.11,21.92,21.92,0,0
FMG_MV,D,20250210,000000,21.92,24.131,21.92,23.89,0,0
FMG_MV,D,20250211,000000,23.537,23.774,23.537,23.77,0,0
FMG_MV,D,20250212,000000,23.774,23.89,23.061,23.89,0,0
FMG_MV,D,20250213,000000,23.893,23.893,23.89,23.89,0,0
FMG_MV,D,20250214,000000,22.871,24.012,22.871,24.01,0,0
FMG_MV,D,20250217,000000,24.012,24.012,24.01,24.01,0,0
FMG_MV,D,20250218,000000,23.299,23.893,23.299,23.89,0,0
FMG_MV,D,20250219,000000,22.918,23.893,22.918,23.49,0,0
FMG_MV,D,20250220,000000,23.061,23.893,23.061,23.89,0,0
FMG_MV,D,20250221,000000,22.966,23.774,22.871,23.77,0,0
FMG_MV,D,20250224,000000,22.918,23.73,22.871,23.73,0,0
FMG_MV,D,20250225,000000,22.871,23.774,22.205,23.49,0,0
FMG_MV,D,20250226,000000,23.441,23.441,21.92,23.44,0,0
FMG_MV,D,20250228,000000,23.014,23.49,23.014,23.49,0,0
FMG_MV,D,20250303,000000,23.489,26.865,23.489,25.44,0,0
FMG_MV,D,20250304,000000,25.676,25.914,24.963,25.68,0,0
FMG_MV,D,20250305,000000,26.865,26.865,25.676,26.15,0,0
FMG_MV,D,20250306,000000,26.152,26.152,26.15,26.15,0,0
FMG_MV,D,20250307,000000,25.914,26.152,24.012,26.15,0,0
FMG_MV,D,20250310,000000,25.795,25.795,23.06,23.06,0,0
FMG_MV,D,20250311,000000,22.823,22.823,20.68,20.68,0,0
FMG_MV,D,20250312,000000,21.777,23.73,21.777,23.73,0,0
FMG_MV,D,20250313,000000,23.727,25.32,23.727,24.73,0,0
FMG_MV,D,20250314,000000,25.914,26.865,25.32,25.32,0,0
FMG_MV,D,20250317,000000,25.795,25.795,23.727,23.73,0,0
FMG_MV,D,20250318,000000,24.488,24.488,23.774,24.25,0,0
FMG_MV,D,20250319,000000,24.25,24.25,23.537,23.54,0,0
FMG_MV,D,20250320,000000,22.633,24.25,22.633,24.25,0,0
FMG_MV,D,20250321,000000,23.679,23.68,23.679,23.68,0,0
FMG_MV,D,20250324,000000,22.871,23.251,22.871,23.25,0,0
FMG_MV,D,20250325,000000,22.823,23.251,22.823,23.25,0,0
FMG_MV,D,20250326,000000,23.251,35.04,23.251,35.04,0,0
FMG_MV,D,20250327,000000,35.038,36.927,34.351,35.73,0,0
FMG_MV,D,20250328,000000,35.897,36.584,33.321,36.24,0,0
FMG_MV,D,20250331,000000,36.412,36.412,34.351,36.07,0,0
FMG_MV,D,20250401,000000,36.069,36.756,36.069,36.24,0,0
FMG_MV,D,20250402,000000,36.584,36.584,36.58,36.58,0,0
FMG_MV,D,20250403,000000,36.584,36.584,33.046,33.046,0,0
FMG_MV,D,20250404,000000,34.351,34.351,33.66,33.66,0,0
FMG_MV,D,20250407,000000,32.29,32.29,30.916,30.916,0,0
FMG_MV,D,20250408,000000,32.634,34.351,32.634,34.35,0,0
FMG_MV,D,20250409,000000,34.351,34.351,34.35,34.35,0,0
FMG_MV,D,20250410,000000,33.664,34.351,33.664,34.351,0,0
FMG_MV,D,20250411,000000,31.878,33.94,31.878,33.94,0,0
FMG_MV,D,20250414,000000,32.084,34.351,32.084,34.35,0,0
FMG_MV,D,20250415,000000,32.359,34.28,32.359,34.28,0,0
FMG_MV,D,20250416,000000,32.496,34.214,32.496,32.98,0,0
FMG_MV,D,20250417,000000,34.076,34.076,32.221,32.91,0,0
FMG_MV,D,20250422,000000,32.221,32.221,32.22,32.22,0,0
FMG_MV,D,20250423,000000,32.84,32.98,32.84,32.98,0,0
FMG_MV,D,20250424,000000,32.634,32.98,32.634,32.98,0,0
FMG_MV,D,20250425,000000,31.878,32.977,29.885,31.6,0,0
FMG_MV,D,20250428,000000,31.603,32.565,31.603,32.5,0,0
FMG_MV,D,20250429,000000,32.427,32.634,31.74,32.43,0,0
FMG_MV,D,20250430,000000,32.634,32.771,32.634,32.7,0,0
FMG_MV,D,20250502,000000,30.366,32.771,30.366,32.77,0,0
FMG_MV,D,20250505,000000,31.397,32.634,31.397,32.29,0,0
FMG_MV,D,20250506,000000,32.221,32.496,32.221,32.43,0,0
FMG_MV,D,20250507,000000,32.427,32.43,32.427,32.43,0,0
FMG_MV,D,20250508,000000,30.71,32.221,30.71,32.22,0,0
FMG_MV,D,20250509,000000,30.71,32.02,30.71,32.02,0,0
FMG_MV,D,20250512,000000,31.947,31.95,31.947,31.95,0,0
FMG_MV,D,20250513,000000,31.534,31.534,31.53,31.53,0,0
FMG_MV,D,20250514,000000,30.298,31.534,30.229,31.4,0,0
FMG_MV,D,20250515,000000,31.397,31.878,31.397,31.81,0,0
FMG_MV,D,20250516,000000,31.878,31.88,31.878,31.88,0,0
FMG_MV,D,20250520,000000,31.672,31.672,30.16,31.6,0,0
FMG_MV,D,20250521,000000,30.916,30.916,30.916,30.916,0,0
FMG_MV,D,20250522,000000,30.916,31.603,30.916,31.6,0,0
FMG_MV,D,20250523,000000,31.603,31.603,30.916,31.6,0,0
FMG_MV,D,20250526,000000,30.916,32.43,30.229,32.43,0,0
FMG_MV,D,20250527,000000,32.427,40.88,32.427,40.88,0,0
FMG_MV,D,20250528,000000,40.878,42.424,39.504,39.85,0,0
FMG_MV,D,20250529,000000,40.363,40.363,36.412,38.99,0,0
FMG_MV,D,20250530,000000,37.099,37.614,35.382,37.61,0,0
FMG_MV,D,20250602,000000,38.645,38.817,38.47,38.47,0,0
FMG_MV,D,20250603,000000,38.473,46.374,38.473,46.37,0,0
FMG_MV,D,20250604,000000,51.011,54.618,42.08,46.37,0,0
FMG_MV,D,20250605,000000,47.061,47.061,43.282,45.69,0,0
FMG_MV,D,20250606,000000,44.656,45.515,43.454,45.17,0,0
FMG_MV,D,20250609,000000,43.626,47.405,43.626,45.34,0,0
FMG_MV,D,20250610,000000,46.202,46.202,41.737,43.97,0,0
FMG_MV,D,20250611,000000,42.939,42.939,38.645,40.02,0,0
FMG_MV,D,20250612,000000,40.019,40.019,36.069,37.79,0,0
FMG_MV,D,20250613,000000,37.443,42.252,35.21,40.88,0,0
FMG_MV,D,20250616,000000,40.878,43.282,39.847,39.85,0,0
FMG_MV,D,20250617,000000,42.595,42.595,38.988,41.22,0,0
FMG_MV,D,20250618,000000,39.847,42.252,39.33,39.33,0,0
FMG_MV,D,20250620,000000,42.08,42.08,40.19,40.19,0,0
FMG_MV,D,20250623,000000,41.05,41.565,39.676,40.53,0,0
FMG_MV,D,20250624,000000,40.534,40.534,38.13,38.13,0,0
FMG_MV,D,20250625,000000,38.13,39.504,38.13,39.5,0,0
FMG_MV,D,20250626,000000,39.504,40.019,37.099,37.1,0,0
FMG_MV,D,20250627,000000,39.16,42.94,37.958,42.94,0,0
FMG_MV,D,20250630,000000,42.767,42.767,39.676,39.68,0,0
FMG_MV,D,20250701,000000,39.847,42.252,39.847,42.25,0,0
FMG_MV,D,20250702,000000,42.595,43.8,42.424,43.8,0,0
FMG_MV,D,20250703,000000,43.969,44.313,41.737,42.77,0,0
FMG_MV,D,20250704,000000,43.626,43.798,42.252,43.28,0,0
FMG_MV,D,20250707,000000,43.282,43.626,41.05,42.25,0,0
FMG_MV,D,20250708,000000,42.08,42.08,41.05,41.05,0,0
FMG_MV,D,20250709,000000,41.05,42.08,40.706,41.74,0,0
FMG_MV,D,20250710,000000,41.737,44.485,41.221,42.42,0,0
FMG_MV,D,20250711,000000,42.595,43.626,42.42,42.42,0,0
FMG_MV,D,20250714,000000,42.595,42.767,41.737,42.08,0,0
FMG_MV,D,20250715,000000,43.282,43.282,41.221,42.77,0,0
FMG_MV,D,20250716,000000,43.454,43.454,42.08,42.94,0,0
FMG_MV,D,20250717,000000,41.565,42.6,41.565,42.6,0,0
FMG_MV,D,20250718,000000,42.939,42.939,41.393,42.42,0,0
FMG_MV,D,20250721,000000,42.424,42.424,40.534,41.91,0,0
FMG_MV,D,20250722,000000,41.737,41.737,41.221,41.56,0,0
FMG_MV,D,20250723,000000,41.565,41.565,41.393,41.56,0,0
FMG_MV,D,20250724,000000,41.393,41.393,40.191,41.22,0,0
FMG_MV,D,20250725,000000,41.05,42.252,40.191,41.05,0,0
FMG_MV,D,20250728,000000,41.05,42.595,40.191,41.39,0,0
FMG_MV,D,20250729,000000,41.737,41.737,41.56,41.56,0,0
FMG_MV,D,20250730,000000,41.221,41.393,39.847,41.39,0,0
FMG_MV,D,20250731,000000,40.706,41.221,39.676,40.71,0,0
FMG_MV,D,20250801,000000,40.706,41.221,37.786,38.99,0,0
FMG_MV,D,20250804,000000,39.332,40.363,37.958,37.96,0,0
FMG_MV,D,20250805,000000,40.191,40.191,35.897,35.9,0,0
FMG_MV,D,20250806,000000,35.725,38.988,35.725,38.13,0,0
FMG_MV,D,20250807,000000,38.817,38.817,35.725,36.07,0,0
FMG_MV,D,20250808,000000,35.553,38.13,35.553,37.79,0,0
FMG_MV,D,20250811,000000,37.786,37.786,36.069,37.44,0,0
FMG_MV,D,20250812,000000,37.099,37.099,36.927,36.93,0,0
FMG_MV,D,20250813,000000,35.897,36.584,33.73,33.73,0,0
FMG_MV,D,20250814,000000,35.725,35.725,32.084,34.52,0,0
FMG_MV,D,20250818,000000,32.634,35.553,32.153,35.38,0,0
FMG_MV,D,20250819,000000,34.866,37.79,34.866,37.79,0,0
FMG_MV,D,20250820,000000,35.725,37.614,34.351,35.38,0,0
FMG_MV,D,20250821,000000,35.382,35.553,33.8,33.8,0,0
FMG_MV,D,20250822,000000,35.382,35.382,34.866,34.87,0,0
FMG_MV,D,20250825,000000,35.038,35.382,33.939,35.38,0,0
FMG_MV,D,20250826,000000,35.038,36.93,35.038,36.93,0,0
FMG_MV,D,20250827,000000,33.389,36.24,33.389,36.24,0,0
FMG_MV,D,20250828,000000,36.069,36.24,36.069,36.24,0,0
FMG_MV,D,20250901,000000,33.664,35.21,33.11,33.11,0,0
FMG_MV,D,20250902,000000,33.114,35.04,33.114,35.04,0,0
FMG_MV,D,20250903,000000,35.038,35.04,35.038,35.04,0,0
FMG_MV,D,20250904,000000,35.553,35.553,33.939,35.38,0,0
FMG_MV,D,20250905,000000,34.351,35.553,34.351,35.55,0,0
FMG_MV,D,20250908,000000,33.801,36.412,33.801,36.41,0,0
FMG_MV,D,20250909,000000,36.412,36.412,36.41,36.41,0,0
FMG_MV,D,20250910,000000,34.214,35.9,34.145,35.9,0,0
FMG_MV,D,20250911,000000,34.351,34.351,34.35,34.35,0,0
FMG_MV,D,20250912,000000,34.866,34.866,34.35,34.35,0,0
FMG_MV,D,20250915,000000,35.897,37.271,34.145,34.69,0,0
FMG_MV,D,20250916,000000,34.695,34.695,33.389,33.66,0,0
FMG_MV,D,20250917,000000,34.145,34.145,34.14,34.14,0,0
FMG_MV,D,20250918,000000,34.695,36.24,34.695,35.38,0,0
FMG_MV,D,20250919,000000,34.076,34.076,34.008,34.01,0,0
FMG_MV,D,20250922,000000,34.008,35.21,33.458,33.46,0,0
FMG_MV,D,20250924,000000,35.382,35.382,33.73,33.73,0,0
FMG_MV,D,20250925,000000,33.664,33.664,33.389,33.39,0,0
FMG_MV,D,20250926,000000,34.282,34.282,33.32,33.32,0,0
FMG_MV,D,20250929,000000,34.695,34.695,33.32,33.32,0,0
FMG_MV,D,20250930,000000,33.321,33.321,33.32,33.32,0,0
FMG_MV,D,20251001,000000,33.114,33.114,32.22,32.22,0,0
FMG_MV,D,20251002,000000,34.214,34.214,31.05,31.05,0,0
FMG_MV,D,20251003,000000,31.26,33.321,31.053,33.32,0,0
FMG_MV,D,20251006,000000,32.015,32.634,31.947,32.63,0,0
FMG_MV,D,20251007,000000,32.084,33.321,31.26,31.26,0,0
FMG_MV,D,20251008,000000,31.328,31.328,30.71,30.71,0,0
FMG_MV,D,20251009,000000,32.153,32.153,31.947,31.95,0,0
FMG_MV,D,20251010,000000,31.26,31.88,31.26,31.88,0,0
FMG_MV,D,20251013,000000,31.878,31.88,31.878,31.88,0,0
FMG_MV,D,20251014,000000,32.153,32.153,32.15,32.15,0,0
FMG_MV,D,20251015,000000,32.359,33.595,30.847,31.26,0,0
FMG_MV,D,20251016,000000,33.114,33.114,31.466,31.47,0,0
FMG_MV,D,20251020,000000,31.397,31.397,31.328,31.33,0,0
FMG_MV,D,20251021,000000,31.122,31.95,30.504,31.95,0,0
FMG_MV,D,20251022,000000,30.985,30.985,30.916,30.92,0,0
FMG_MV,D,20251023,000000,30.641,30.641,30.57,30.57,0,0
FMG_MV,D,20251024,000000,30.435,30.435,30.16,30.16,0,0
FMG_MV,D,20251027,000000,30.16,30.572,30.16,30.57,0,0
FMG_MV,D,20251028,000000,30.16,30.92,30.16,30.92,0,0
FMG_MV,D,20251029,000000,31.26,31.26,30.5,30.5,0,0
FMG_MV,D,20251030,000000,30.572,30.85,30.572,30.85,0,0
FMG_MV,D,20251103,000000,30.779,30.779,29.75,29.75,0,0
FMG_MV,D,20251104,000000,30.229,30.23,30.229,30.23,0,0
FMG_MV,D,20251106,000000,29.885,29.885,29.54,29.54,0,0
FMG_MV,D,20251107,000000,29.336,29.336,28.58,28.58,0,0
FMG_MV,D,20251110,000000,28.924,30.092,28.924,29.89,0,0
FMG_MV,D,20251112,000000,29.198,29.2,29.198,29.2,0,0
FMG_MV,D,20251113,000000,28.992,29.75,26.107,29.75,0,0
FMG_MV,D,20251114,000000,29.336,29.954,29.336,29.95,0,0
FMG_MV,D,20251117,000000,27,30.023,27,30.02,0,0
FMG_MV,D,20251118,000000,27.275,28.305,27.275,27.41,0,0
FMG_MV,D,20251119,000000,29.748,29.75,29.748,29.75,0,0
FMG_MV,D,20251126,000000,27.481,27.481,27.48,27.48,0,0
FMG_MV,D,20251127,000000,27.481,29.473,27.481,29.2,0,0
FMG_MV,D,20251128,000000,29.679,29.679,27.893,29.61,0,0
FMG_MV,D,20251201,000000,28.992,29.542,28.992,29.54,0,0
FMG_MV,D,20251204,000000,27.824,27.824,27.82,27.82,0,0
FMG_MV,D,20251205,000000,27.824,27.824,27.343,27.48,0,0
FMG_MV,D,20251208,000000,27.481,29.473,27.481,29.06,0,0
FMG_MV,D,20251209,000000,28.58,28.58,26.725,26.79,0,0
FMG_MV,D,20251210,000000,26.794,26.931,26.725,26.73,0,0
FMG_MV,D,20251211,000000,26.656,26.656,21.641,25.42,0,0
FMG_MV,D,20251212,000000,24.87,24.87,22.466,22.53,0,0
FMG_MV,D,20251215,000000,22.878,22.878,22.053,22.81,0,0
FMG_MV,D,20251216,000000,22.053,22.603,21.71,22.33,0,0
FMG_MV,D,20251217,000000,21.71,21.71,21.298,21.3,0,0
FMG_MV,D,20251218,000000,21.023,21.023,20.13,20.27,0,0
FMG_MV,D,20251219,000000,20.13,20.13,17.93,17.93,0,0
FMG_MV,D,20251222,000000,17.244,20.817,17.244,19.99,0,0
FMG_MV,D,20251223,000000,20.748,21.985,19.924,21.572,0,0
FMG_MV,D,20251229,000000,21.641,21.641,19.992,21.44,0,0
FMG_MV,D,20251230,000000,21.298,21.85,20.267,21.85,0,0
FMG_MV,D,20260102,000000,21.847,22.672,21.847,22.67,0,0
FMG_MV,D,20260105,000000,22.672,23.02,22.672,23.02,0,0
FMG_MV,D,20260107,000000,22.328,22.33,22.328,22.33,0,0
FMG_MV,D,20260108,000000,22.466,22.47,22.466,22.47,0,0
FMG_MV,D,20260109,000000,22.397,22.4,22.397,22.4,0,0
FMG_MV,D,20260112,000000,22.397,22.4,22.397,22.4,0,0
FMG_MV,D,20260113,000000,22.397,22.4,22.397,22.4,0,0
FMG_MV,D,20260114,000000,22.466,22.47,22.466,22.47,0,0
FMG_MV,D,20260115,000000,22.122,22.122,21.98,21.98,0,0
FMG_MV,D,20260116,000000,21.985,21.985,21.366,21.37,0,0
FMG_MV,D,20260119,000000,21.435,21.435,21.366,21.37,0,0
FMG_MV,D,20260122,000000,18.893,18.893,18.89,18.89,0,0
FMG_MV,D,20260123,000000,19.992,19.992,19.99,19.99,0,0
