<TICKER>,<PER>,<DATE>,<TIME>,<OPEN>,<HIGH>,<LOW>,<CLOSE>,<VOL>,<OPENINT>
GTN_MV,D,20070813,000000,137.767,137.767,137.767,137.767,0,0
GTN_MV,D,20070814,000000,135.796,135.796,135.796,135.796,0,0
GTN_MV,D,20070816,000000,119.923,119.923,119.923,119.923,0,0
GTN_MV,D,20070817,000000,124.488,124.488,124.488,124.488,0,0
GTN_MV,D,20070820,000000,126.563,126.563,126.563,126.563,0,0
GTN_MV,D,20070821,000000,123.554,123.554,123.554,123.554,0,0
GTN_MV,D,20070822,000000,134.758,134.758,134.758,134.758,0,0
GTN_MV,D,20070823,000000,135.9,135.9,135.9,135.9,0,0
GTN_MV,D,20070824,000000,140.049,140.049,140.049,140.049,0,0
GTN_MV,D,20070827,000000,137.974,137.974,137.974,137.974,0,0
GTN_MV,D,20070828,000000,137.767,137.767,137.767,137.767,0,0
GTN_MV,D,20070829,000000,139.219,139.219,139.219,139.219,0,0
GTN_MV,D,20070830,000000,134.862,134.862,134.862,134.862,0,0
GTN_MV,D,20070831,000000,136.937,136.937,136.937,136.937,0,0
GTN_MV,D,20070903,000000,136.73,136.73,136.73,136.73,0,0
GTN_MV,D,20070904,000000,135.174,135.174,135.174,135.174,0,0
GTN_MV,D,20070905,000000,134.862,134.862,134.862,134.862,0,0
GTN_MV,D,20070906,000000,134.447,134.447,134.447,134.447,0,0
GTN_MV,D,20070907,000000,130.712,130.712,130.712,130.712,0,0
GTN_MV,D,20070910,000000,128.118,128.118,128.118,128.118,0,0
GTN_MV,D,20070911,000000,131.231,131.231,131.231,131.231,0,0
GTN_MV,D,20070912,000000,129.675,129.675,129.675,129.675,0,0
GTN_MV,D,20070913,000000,130.712,130.712,130.712,130.712,0,0
GTN_MV,D,20070914,000000,131.542,131.542,131.542,131.542,0,0
GTN_MV,D,20070917,000000,129.052,129.052,129.052,129.052,0,0
GTN_MV,D,20070918,000000,129.675,129.675,129.675,129.675,0,0
GTN_MV,D,20070919,000000,137.248,137.248,137.248,137.248,0,0
GTN_MV,D,20070920,000000,136.211,136.211,136.211,136.211,0,0
GTN_MV,D,20070921,000000,136.937,136.937,136.937,136.937,0,0
GTN_MV,D,20070924,000000,136.314,136.314,136.314,136.314,0,0
GTN_MV,D,20070925,000000,135.9,135.9,135.9,135.9,0,0
GTN_MV,D,20070926,000000,139.011,139.011,139.011,139.011,0,0
GTN_MV,D,20070927,000000,140.982,140.982,140.982,140.982,0,0
GTN_MV,D,20070928,000000,138.493,138.493,138.493,138.493,0,0
GTN_MV,D,20071001,000000,141.086,141.086,141.086,141.086,0,0
GTN_MV,D,20071002,000000,145.859,145.859,145.859,145.859,0,0
GTN_MV,D,20071003,000000,146.792,146.792,146.792,146.792,0,0
GTN_MV,D,20071004,000000,147.726,147.726,147.726,147.726,0,0
GTN_MV,D,20071005,000000,156.647,156.647,156.647,156.647,0,0
GTN_MV,D,20071008,000000,154.572,154.572,154.572,154.572,0,0
GTN_MV,D,20071009,000000,155.092,155.092,155.092,155.092,0,0
GTN_MV,D,20071010,000000,155.61,155.61,155.61,155.61,0,0
GTN_MV,D,20071011,000000,160.901,160.901,160.901,160.901,0,0
GTN_MV,D,20071012,000000,161.834,161.834,161.834,161.834,0,0
GTN_MV,D,20071015,000000,162.871,162.871,162.871,162.871,0,0
GTN_MV,D,20071016,000000,160.797,160.797,160.797,160.797,0,0
GTN_MV,D,20071017,000000,164.636,164.636,164.636,164.636,0,0
GTN_MV,D,20071018,000000,160.797,160.797,160.797,160.797,0,0
GTN_MV,D,20071019,000000,160.797,160.797,160.797,160.797,0,0
GTN_MV,D,20071022,000000,155.61,155.61,155.61,155.61,0,0
GTN_MV,D,20071023,000000,157.684,157.684,157.684,157.684,0,0
GTN_MV,D,20071024,000000,158.722,158.722,158.722,158.722,0,0
GTN_MV,D,20071025,000000,159.759,159.759,159.759,159.759,0,0
GTN_MV,D,20071026,000000,158.203,158.203,158.203,158.203,0,0
GTN_MV,D,20071029,000000,160.071,160.071,160.071,160.071,0,0
GTN_MV,D,20071030,000000,160.249,160.249,160.249,160.249,0,0
GTN_MV,D,20071031,000000,157.654,157.654,157.654,157.654,0,0
GTN_MV,D,20071102,000000,155.784,155.784,155.784,155.784,0,0
GTN_MV,D,20071105,000000,153.706,153.706,153.706,153.706,0,0
GTN_MV,D,20071106,000000,151.63,151.63,151.63,151.63,0,0
GTN_MV,D,20071107,000000,147.268,147.268,147.268,147.268,0,0
GTN_MV,D,20071108,000000,145.294,145.294,145.294,145.294,0,0
GTN_MV,D,20071109,000000,145.606,146.437,144.463,144.463,0,0
GTN_MV,D,20071112,000000,142.594,145.398,140.205,140.205,0,0
GTN_MV,D,20071113,000000,142.075,145.086,137.297,141.763,0,0
GTN_MV,D,20071114,000000,147.164,147.164,142.802,142.802,0,0
GTN_MV,D,20071115,000000,143.737,143.737,130.858,136.051,0,0
GTN_MV,D,20071116,000000,135.947,145.503,132.208,144.36,0,0
GTN_MV,D,20071119,000000,146.022,146.022,138.752,142.075,0,0
GTN_MV,D,20071120,000000,141.556,141.556,138.544,139.686,0,0
GTN_MV,D,20071121,000000,139.167,139.167,133.974,135.013,0,0
GTN_MV,D,20071122,000000,133.04,139.167,131.378,139.167,0,0
GTN_MV,D,20071123,000000,140.205,143.01,139.167,142.802,0,0
GTN_MV,D,20071126,000000,143.84,144.048,137.921,139.167,0,0
GTN_MV,D,20071127,000000,137.089,138.128,135.532,136.155,0,0
GTN_MV,D,20071128,000000,139.686,139.686,136.57,139.063,0,0
GTN_MV,D,20071129,000000,143.217,143.217,139.686,140.828,0,0
GTN_MV,D,20071130,000000,142.49,150.072,142.49,150.072,0,0
GTN_MV,D,20071203,000000,150.072,150.072,145.813,148.307,0,0
GTN_MV,D,20071204,000000,147.891,147.891,145.294,145.294,0,0
GTN_MV,D,20071205,000000,146.333,147.684,146.229,147.684,0,0
GTN_MV,D,20071206,000000,150.591,150.798,147.995,149.552,0,0
GTN_MV,D,20071207,000000,150.798,151.007,149.552,150.591,0,0
GTN_MV,D,20071210,000000,151.422,152.669,149.552,149.552,0,0
GTN_MV,D,20071211,000000,151.63,151.63,148.515,148.722,0,0
GTN_MV,D,20071212,000000,146.333,148.515,145.918,148.515,0,0
GTN_MV,D,20071213,000000,146.333,146.333,143.321,143.321,0,0
GTN_MV,D,20071214,000000,143.633,145.086,142.594,142.698,0,0
GTN_MV,D,20071217,000000,142.283,146.333,142.283,145.918,0,0
GTN_MV,D,20071218,000000,146.437,147.475,146.229,147.475,0,0
GTN_MV,D,20071219,000000,148.515,148.515,146.229,148.515,0,0
GTN_MV,D,20071220,000000,149.032,155.784,149.032,152.669,0,0
GTN_MV,D,20071221,000000,154.017,154.017,149.864,152.357,0,0
GTN_MV,D,20071227,000000,152.669,153.188,149.76,150.591,0,0
GTN_MV,D,20071228,000000,152.669,153.188,148.515,152.669,0,0
GTN_MV,D,20080102,000000,153.292,159.003,152.357,159.003,0,0
GTN_MV,D,20080103,000000,156.096,159.626,156.096,159.003,0,0
GTN_MV,D,20080104,000000,159.418,160.353,156.511,156.511,0,0
GTN_MV,D,20080107,000000,151.63,152.669,150.175,150.591,0,0
GTN_MV,D,20080108,000000,147.579,152.669,147.579,152.669,0,0
GTN_MV,D,20080109,000000,148.515,148.929,145.918,148.929,0,0
GTN_MV,D,20080110,000000,146.956,146.956,145.503,145.503,0,0
GTN_MV,D,20080111,000000,145.503,146.022,141.348,141.348,0,0
GTN_MV,D,20080114,000000,138.544,138.544,138.544,138.544,0,0
GTN_MV,D,20080115,000000,136.57,141.867,136.051,137.505,0,0
GTN_MV,D,20080116,000000,125.666,135.22,125.666,133.974,0,0
GTN_MV,D,20080117,000000,135.532,135.532,129.924,129.924,0,0
GTN_MV,D,20080118,000000,130.754,131.897,124.627,125.666,0,0
GTN_MV,D,20080121,000000,122.55,124.627,117.357,118.395,0,0
GTN_MV,D,20080122,000000,110.71,122.238,110.71,119.434,0,0
GTN_MV,D,20080123,000000,124.731,124.731,115.592,119.123,0,0
GTN_MV,D,20080124,000000,124.627,124.627,123.069,123.588,0,0
GTN_MV,D,20080125,000000,126.704,127.535,122.965,124.627,0,0
GTN_MV,D,20080128,000000,120.057,121.512,120.057,121.512,0,0
GTN_MV,D,20080129,000000,122.55,126.6,122.55,125.666,0,0
GTN_MV,D,20080130,000000,127.327,129.82,124.627,127.223,0,0
GTN_MV,D,20080131,000000,123.692,125.146,123.588,124.627,0,0
GTN_MV,D,20080201,000000,126.289,128.158,124.627,126.704,0,0
GTN_MV,D,20080204,000000,129.301,129.924,129.301,129.82,0,0
GTN_MV,D,20080205,000000,128.262,129.301,126.393,126.912,0,0
GTN_MV,D,20080206,000000,122.654,127.639,122.654,127.639,0,0
GTN_MV,D,20080207,000000,127.742,127.742,122.031,123.692,0,0
GTN_MV,D,20080208,000000,127.327,127.639,126.704,127.639,0,0
GTN_MV,D,20080211,000000,128.782,132.935,128.782,131.066,0,0
GTN_MV,D,20080212,000000,132.935,133.351,131.481,132.416,0,0
GTN_MV,D,20080213,000000,132.416,133.247,131.689,132.416,0,0
GTN_MV,D,20080214,000000,133.663,133.974,130.339,130.339,0,0
GTN_MV,D,20080215,000000,129.301,129.82,127.639,129.82,0,0
GTN_MV,D,20080218,000000,129.924,131.378,128.782,128.782,0,0
GTN_MV,D,20080219,000000,128.782,130.235,126.912,129.82,0,0
GTN_MV,D,20080220,000000,129.508,129.508,127.846,128.573,0,0
GTN_MV,D,20080221,000000,129.82,129.82,123.9,123.9,0,0
GTN_MV,D,20080222,000000,125.458,125.666,124.524,124.524,0,0
GTN_MV,D,20080225,000000,124.42,125.873,123.069,123.277,0,0
GTN_MV,D,20080226,000000,124.627,125.666,122.238,122.55,0,0
GTN_MV,D,20080227,000000,124.107,124.107,122.238,122.55,0,0
GTN_MV,D,20080228,000000,122.861,123.069,122.238,122.55,0,0
GTN_MV,D,20080229,000000,123.588,124.627,120.473,120.473,0,0
GTN_MV,D,20080303,000000,119.434,120.473,116.319,117.876,0,0
GTN_MV,D,20080304,000000,118.915,118.915,117.773,117.773,0,0
GTN_MV,D,20080305,000000,119.33,119.33,118.395,118.915,0,0
GTN_MV,D,20080306,000000,120.473,124.42,119.434,123.588,0,0
GTN_MV,D,20080307,000000,121.927,124.211,120.473,123.588,0,0
GTN_MV,D,20080310,000000,123.588,125.666,122.446,125.146,0,0
GTN_MV,D,20080311,000000,125.354,131.897,125.354,131.897,0,0
GTN_MV,D,20080312,000000,133.974,133.974,131.378,132.312,0,0
GTN_MV,D,20080313,000000,130.754,132.312,128.47,129.82,0,0
GTN_MV,D,20080314,000000,131.585,134.909,131.585,132.935,0,0
GTN_MV,D,20080317,000000,130.858,133.87,127.327,133.87,0,0
GTN_MV,D,20080318,000000,132.001,141.763,132.001,137.089,0,0
GTN_MV,D,20080319,000000,138.648,142.283,138.648,140.205,0,0
GTN_MV,D,20080320,000000,138.128,143.01,138.128,139.167,0,0
GTN_MV,D,20080325,000000,144.36,144.36,139.167,140.101,0,0
GTN_MV,D,20080326,000000,140.621,140.621,136.778,138.544,0,0
GTN_MV,D,20080327,000000,139.271,139.271,135.013,135.013,0,0
GTN_MV,D,20080328,000000,135.013,135.013,130.858,131.897,0,0
GTN_MV,D,20080331,000000,129.197,129.197,129.197,129.197,0,0
GTN_MV,D,20080401,000000,129.197,131.793,128.782,129.82,0,0
GTN_MV,D,20080402,000000,131.378,131.378,128.989,129.716,0,0
GTN_MV,D,20080403,000000,127.846,128.782,126.704,127.223,0,0
GTN_MV,D,20080404,000000,128.158,128.158,125.666,127.327,0,0
GTN_MV,D,20080407,000000,128.989,130.858,128.989,129.612,0,0
GTN_MV,D,20080408,000000,129.301,131.793,129.093,129.197,0,0
GTN_MV,D,20080409,000000,130.754,131.689,128.782,130.962,0,0
GTN_MV,D,20080410,000000,131.378,131.481,128.885,129.301,0,0
GTN_MV,D,20080411,000000,130.754,130.858,123.796,128.782,0,0
GTN_MV,D,20080414,000000,124.939,128.262,124.524,127.742,0,0
GTN_MV,D,20080415,000000,127.016,127.223,124.627,126.081,0,0
GTN_MV,D,20080416,000000,125.146,127.742,124.107,127.223,0,0
GTN_MV,D,20080417,000000,126.808,126.808,124.524,126.808,0,0
GTN_MV,D,20080418,000000,125.666,127.119,125.043,126.704,0,0
GTN_MV,D,20080421,000000,126.704,126.704,123.692,125.666,0,0
GTN_MV,D,20080422,000000,124.107,125.666,119.642,122.446,0,0
GTN_MV,D,20080423,000000,120.473,120.473,119.123,120.473,0,0
GTN_MV,D,20080424,000000,121.927,124.627,120.265,124.627,0,0
GTN_MV,D,20080425,000000,125.666,126.081,124.627,124.939,0,0
GTN_MV,D,20080428,000000,126.497,126.497,124.627,125.873,0,0
GTN_MV,D,20080429,000000,124.835,124.835,120.681,120.681,0,0
GTN_MV,D,20080430,000000,120.888,126.6,119.434,126.6,0,0
GTN_MV,D,20080505,000000,126.185,130.858,126.185,130.339,0,0
GTN_MV,D,20080506,000000,131.481,131.481,128.782,130.339,0,0
GTN_MV,D,20080507,000000,130.339,133.87,129.405,131.897,0,0
GTN_MV,D,20080508,000000,129.612,132.935,129.301,130.858,0,0
GTN_MV,D,20080509,000000,132.001,133.455,129.82,133.455,0,0
GTN_MV,D,20080512,000000,134.39,136.57,134.39,136.051,0,0
GTN_MV,D,20080513,000000,136.986,136.986,135.013,136.57,0,0
GTN_MV,D,20080514,000000,136.051,137.713,134.597,135.013,0,0
GTN_MV,D,20080515,000000,133.04,133.663,130.443,131.897,0,0
GTN_MV,D,20080516,000000,132.624,132.624,128.782,131.378,0,0
GTN_MV,D,20080519,000000,131.17,131.17,126.497,129.301,0,0
GTN_MV,D,20080520,000000,129.301,129.301,126.289,127.742,0,0
GTN_MV,D,20080521,000000,126.704,126.704,123.069,126.704,0,0
GTN_MV,D,20080523,000000,124.627,128.782,124.627,128.158,0,0
GTN_MV,D,20080526,000000,128.158,128.158,125.666,126.497,0,0
GTN_MV,D,20080527,000000,126.704,127.742,125.354,126.704,0,0
GTN_MV,D,20080528,000000,125.873,127.742,125.873,126.185,0,0
GTN_MV,D,20080529,000000,127.639,127.639,123.796,127.223,0,0
GTN_MV,D,20080530,000000,127.223,130.651,127.223,128.782,0,0
GTN_MV,D,20080602,000000,129.716,129.716,124.731,125.146,0,0
GTN_MV,D,20080603,000000,124.627,126.704,124.107,126.704,0,0
GTN_MV,D,20080604,000000,125.354,125.977,123.588,123.692,0,0
GTN_MV,D,20080605,000000,125.146,126.6,122.55,124.107,0,0
GTN_MV,D,20080606,000000,125.769,125.769,121.096,122.031,0,0
GTN_MV,D,20080609,000000,119.434,122.031,116.215,120.681,0,0
GTN_MV,D,20080610,000000,115.799,120.681,115.592,117.357,0,0
GTN_MV,D,20080611,000000,118.292,118.292,109.048,109.048,0,0
GTN_MV,D,20080612,000000,109.152,114.241,107.491,114.241,0,0
GTN_MV,D,20080613,000000,111.645,114.138,110.191,113.203,0,0
GTN_MV,D,20080616,000000,114.241,114.241,107.179,109.048,0,0
GTN_MV,D,20080617,000000,109.672,109.672,105.102,106.037,0,0
GTN_MV,D,20080618,000000,105.413,106.972,101.259,102.818,0,0
GTN_MV,D,20080619,000000,100.221,107.283,99.3902,107.283,0,0
GTN_MV,D,20080620,000000,107.906,110.191,104.687,104.687,0,0
GTN_MV,D,20080623,000000,106.037,106.972,103.96,104.998,0,0
GTN_MV,D,20080624,000000,105.517,109.983,102.818,109.983,0,0
GTN_MV,D,20080625,000000,108.322,109.048,106.14,106.972,0,0
GTN_MV,D,20080626,000000,105.933,107.906,103.233,104.687,0,0
GTN_MV,D,20080627,000000,101.882,102.818,100.013,100.013,0,0
GTN_MV,D,20080630,000000,100.636,100.636,94.4046,94.4046,0,0
GTN_MV,D,20080701,000000,94.4046,94.4046,85.4738,88.2772,0,0
GTN_MV,D,20080702,000000,88.7964,90.4586,88.2772,88.2772,0,0
GTN_MV,D,20080703,000000,87.239,92.224,87.239,90.3548,0,0
GTN_MV,D,20080704,000000,90.3548,93.4698,89.5236,91.3931,0,0
GTN_MV,D,20080707,000000,92.4316,93.5739,90.3548,93.4698,0,0
GTN_MV,D,20080708,000000,91.3931,94.6129,90.5624,92.9507,0,0
GTN_MV,D,20080709,000000,95.5474,95.5474,91.7046,93.3669,0,0
GTN_MV,D,20080710,000000,93.3669,93.6776,91.2893,93.4698,0,0
GTN_MV,D,20080711,000000,93.6776,93.6776,90.5624,91.6009,0,0
GTN_MV,D,20080714,000000,92.4316,92.4316,89.8357,90.8739,0,0
GTN_MV,D,20080715,000000,90.8739,90.8739,86.2005,87.239,0,0
GTN_MV,D,20080716,000000,88.0697,88.485,84.8506,87.6541,0,0
GTN_MV,D,20080717,000000,90.3548,91.2893,87.9656,89.7311,0,0
GTN_MV,D,20080718,000000,90.6664,93.1585,89.4195,92.4316,0,0
GTN_MV,D,20080721,000000,92.4316,96.5859,92.4316,96.5859,0,0
GTN_MV,D,20080722,000000,97.6242,98.6632,96.5859,97.6242,0,0
GTN_MV,D,20080723,000000,99.1826,101.467,97.6242,101.467,0,0
GTN_MV,D,20080724,000000,101.986,101.986,99.3902,100.013,0,0
GTN_MV,D,20080725,000000,96.5859,101.675,96.5859,101.155,0,0
GTN_MV,D,20080728,000000,101.675,101.779,99.7015,101.259,0,0
GTN_MV,D,20080729,000000,98.6632,100.74,98.6632,100.221,0,0
GTN_MV,D,20080730,000000,101.571,103.545,101.363,102.818,0,0
GTN_MV,D,20080731,000000,102.818,103.337,100.221,102.506,0,0
GTN_MV,D,20080801,000000,101.467,101.467,99.8055,100.221,0,0
GTN_MV,D,20080804,000000,99.2864,100.013,97.6242,99.5977,0,0
GTN_MV,D,20080805,000000,99.0786,102.714,99.0786,101.986,0,0
GTN_MV,D,20080806,000000,101.779,102.194,98.0403,98.0403,0,0
GTN_MV,D,20080807,000000,97.1051,100.74,97.1051,98.8711,0,0
GTN_MV,D,20080808,000000,99.3902,100.636,98.0403,99.7015,0,0
GTN_MV,D,20080811,000000,101.986,102.09,101.363,102.09,0,0
GTN_MV,D,20080812,000000,101.259,103.856,100.429,103.233,0,0
GTN_MV,D,20080813,000000,102.818,105.413,102.298,103.233,0,0
GTN_MV,D,20080814,000000,104.375,107.283,104.375,107.283,0,0
GTN_MV,D,20080818,000000,106.14,106.556,103.233,105.933,0,0
GTN_MV,D,20080819,000000,103.856,104.687,99.7015,99.7015,0,0
GTN_MV,D,20080820,000000,99.5977,100.636,98.8711,100.636,0,0
GTN_MV,D,20080821,000000,101.155,101.155,98.8711,100.74,0,0
GTN_MV,D,20080822,000000,99.7015,103.233,99.7015,103.233,0,0
GTN_MV,D,20080825,000000,102.194,103.337,100.221,100.74,0,0
GTN_MV,D,20080826,000000,99.7015,101.155,99.7015,99.7015,0,0
GTN_MV,D,20080827,000000,99.8055,100.221,96.1703,98.6632,0,0
GTN_MV,D,20080828,000000,97.6242,101.467,96.5859,101.467,0,0
GTN_MV,D,20080829,000000,101.155,101.675,99.1826,101.052,0,0
GTN_MV,D,20080901,000000,99.2864,101.259,99.2864,100.74,0,0
GTN_MV,D,20080902,000000,99.8055,106.452,99.8055,106.452,0,0
GTN_MV,D,20080903,000000,106.452,106.452,102.298,102.298,0,0
GTN_MV,D,20080904,000000,103.337,104.998,102.298,104.375,0,0
GTN_MV,D,20080905,000000,103.233,103.233,100.221,100.221,0,0
GTN_MV,D,20080908,000000,101.779,104.583,101.259,103.856,0,0
GTN_MV,D,20080909,000000,102.818,103.025,101.779,101.986,0,0
GTN_MV,D,20080910,000000,101.779,103.648,100.74,103.648,0,0
GTN_MV,D,20080911,000000,102.61,102.61,100.429,101.779,0,0
GTN_MV,D,20080912,000000,102.402,102.402,100.429,100.74,0,0
GTN_MV,D,20080915,000000,98.6632,98.6632,93.2623,97.6242,0,0
GTN_MV,D,20080916,000000,94.7167,97.1051,92.8469,93.6776,0,0
GTN_MV,D,20080917,000000,94.5092,94.5092,89.3158,90.3548,0,0
GTN_MV,D,20080918,000000,88.2772,91.3931,86.7196,90.8739,0,0
GTN_MV,D,20080919,000000,92.4316,97.6242,90.8739,97.5204,0,0
GTN_MV,D,20080922,000000,98.0403,98.1441,94.1976,95.859,0,0
GTN_MV,D,20080923,000000,94.8207,96.4819,93.4698,93.8855,0,0
GTN_MV,D,20080924,000000,95.1321,95.2358,93.2623,95.0283,0,0
GTN_MV,D,20080925,000000,95.1321,100.74,94.8207,100.74,0,0
GTN_MV,D,20080926,000000,99.9093,100.74,98.6632,100.636,0,0
GTN_MV,D,20080929,000000,100.636,100.636,95.1321,95.1321,0,0
GTN_MV,D,20080930,000000,90.7702,94.5092,90.7702,93.4698,0,0
GTN_MV,D,20081001,000000,94.5092,95.5474,92.3275,94.5092,0,0
GTN_MV,D,20081002,000000,95.2358,95.2358,92.0162,93.4698,0,0
GTN_MV,D,20081003,000000,92.9507,94.5092,90.3548,94.5092,0,0
GTN_MV,D,20081006,000000,89.3158,90.0432,85.1622,87.239,0,0
GTN_MV,D,20081007,000000,88.485,88.485,80.4879,85.6813,0,0
GTN_MV,D,20081008,000000,80.9041,88.5888,78.6187,86.7196,0,0
GTN_MV,D,20081009,000000,87.239,87.239,84.1229,86.2005,0,0
GTN_MV,D,20081010,000000,81.527,81.527,71.6604,75.8144,0,0
GTN_MV,D,20081013,000000,79.2419,79.2419,74.6722,74.7759,0,0
GTN_MV,D,20081014,000000,78.9303,79.9688,77.3726,79.2419,0,0
GTN_MV,D,20081015,000000,78.4111,78.4111,68.2335,68.2335,0,0
GTN_MV,D,20081016,000000,65.4292,68.2335,63.3519,68.2335,0,0
GTN_MV,D,20081017,000000,71.6604,71.6604,58.1593,65.4292,0,0
GTN_MV,D,20081020,000000,65.9486,66.2602,62.1059,66.2602,0,0
GTN_MV,D,20081021,000000,66.1562,69.272,64.0791,66.4678,0,0
GTN_MV,D,20081022,000000,64.2867,65.4292,58.7822,58.7822,0,0
GTN_MV,D,20081023,000000,58.5747,58.7822,50.0584,54.9397,0,0
GTN_MV,D,20081024,000000,50.8894,55.0435,50.4738,55.0435,0,0
GTN_MV,D,20081027,000000,52.1355,58.99,51.7204,56.0823,0,0
GTN_MV,D,20081028,000000,59.821,59.821,57.5359,58.1593,0,0
GTN_MV,D,20081029,000000,62.3134,62.3134,59.1978,59.5094,0,0
GTN_MV,D,20081030,000000,61.1711,61.1711,58.99,59.9248,0,0
GTN_MV,D,20081031,000000,58.4709,60.2364,57.2246,59.5094,0,0
GTN_MV,D,20081103,000000,59.717,59.717,57.1208,59.0941,0,0
GTN_MV,D,20081104,000000,58.0555,61.7943,58.0555,61.7943,0,0
GTN_MV,D,20081105,000000,61.2749,61.7943,58.99,60.5482,0,0
GTN_MV,D,20081106,000000,58.6784,60.5482,57.4321,59.5094,0,0
GTN_MV,D,20081107,000000,58.2631,59.5094,55.3551,55.9782,0,0
GTN_MV,D,20081110,000000,57.3283,57.3283,55.6667,56.186,0,0
GTN_MV,D,20081112,000000,56.0823,56.0823,49.9547,55.0435,0,0
GTN_MV,D,20081113,000000,50.37,52.2395,49.8509,51.7204,0,0
GTN_MV,D,20081114,000000,53.4856,53.4856,49.3315,52.2395,0,0
GTN_MV,D,20081117,000000,50.8894,51.2007,49.3315,50.4738,0,0
GTN_MV,D,20081118,000000,49.7468,49.7468,46.4237,49.0199,0,0
GTN_MV,D,20081119,000000,48.8124,49.1237,47.4623,49.1237,0,0
GTN_MV,D,20081120,000000,45.489,46.7351,44.9696,46.7351,0,0
GTN_MV,D,20081121,000000,46.6313,46.9429,45.0734,46.7351,0,0
GTN_MV,D,20081124,000000,46.7351,51.8242,46.7351,51.8242,0,0
GTN_MV,D,20081125,000000,51.9279,53.5896,51.8242,52.6551,0,0
GTN_MV,D,20081126,000000,52.0317,53.9012,52.0317,53.9012,0,0
GTN_MV,D,20081127,000000,54.5244,55.2516,52.6551,52.6551,0,0
GTN_MV,D,20081128,000000,52.5511,52.9664,49.5393,51.4088,0,0
GTN_MV,D,20081201,000000,51.0969,51.4088,48.8124,50.6816,0,0
GTN_MV,D,20081202,000000,48.293,51.2007,48.293,51.2007,0,0
GTN_MV,D,20081203,000000,51.4088,52.7589,49.7468,51.4088,0,0
GTN_MV,D,20081204,000000,52.0317,52.8627,50.6816,51.4916,0,0
GTN_MV,D,20081205,000000,51.4916,51.5954,49.5149,50.4512,0,0
GTN_MV,D,20081208,000000,52.2196,52.9479,51.6994,52.9479,0,0
GTN_MV,D,20081209,000000,52.0115,52.4277,51.8035,52.4277,0,0
GTN_MV,D,20081210,000000,52.5317,52.5317,50.2431,50.4512,0,0
GTN_MV,D,20081211,000000,50.9714,50.9714,48.8909,50.3472,0,0
GTN_MV,D,20081212,000000,48.8909,49.4111,47.8505,49.4111,0,0
GTN_MV,D,20081215,000000,49.4111,51.3876,49.4111,51.3876,0,0
GTN_MV,D,20081216,000000,51.3876,52.0115,50.8671,50.9714,0,0
GTN_MV,D,20081217,000000,51.2833,51.2833,49.4111,49.9313,0,0
GTN_MV,D,20081218,000000,49.9313,50.4512,48.4748,49.9313,0,0
GTN_MV,D,20081219,000000,50.1391,50.4512,49.099,49.4111,0,0
GTN_MV,D,20081222,000000,49.4111,49.7232,48.2667,49.7232,0,0
GTN_MV,D,20081223,000000,48.5788,49.6192,48.5788,49.6192,0,0
GTN_MV,D,20081229,000000,49.4111,50.8671,49.4111,50.2431,0,0
GTN_MV,D,20081230,000000,50.4512,51.3876,49.9313,51.3876,0,0
GTN_MV,D,20081231,000000,51.4916,52.0115,50.9714,51.6994,0,0
GTN_MV,D,20090105,000000,52.2196,53.8839,51.6994,53.3638,0,0
GTN_MV,D,20090106,000000,53.5718,57.2129,52.9479,57.2129,0,0
GTN_MV,D,20090107,000000,57.1089,57.1089,54.6119,54.6119,0,0
GTN_MV,D,20090108,000000,53.5718,53.5718,51.9075,52.2196,0,0
GTN_MV,D,20090109,000000,52.5317,52.5317,50.9714,50.9714,0,0
GTN_MV,D,20090112,000000,50.5553,50.7631,48.8909,49.6192,0,0
GTN_MV,D,20090113,000000,48.8909,48.8909,46.9145,47.3304,0,0
GTN_MV,D,20090114,000000,47.8505,47.8505,45.042,45.7703,0,0
GTN_MV,D,20090115,000000,45.3542,45.7703,43.4817,44.2097,0,0
GTN_MV,D,20090116,000000,44.3138,45.2501,44.1057,45.2501,0,0
GTN_MV,D,20090119,000000,45.2501,45.4582,42.3376,42.9613,0,0
GTN_MV,D,20090120,000000,42.6494,42.6494,41.5053,42.3376,0,0
GTN_MV,D,20090121,000000,40.8811,41.2972,39.0086,40.5689,0,0
GTN_MV,D,20090122,000000,41.6093,41.6093,39.2167,40.4649,0,0
GTN_MV,D,20090123,000000,40.1528,40.1528,37.1362,39.4248,0,0
GTN_MV,D,20090126,000000,38.8006,41.2972,38.8006,40.2568,0,0
GTN_MV,D,20090127,000000,40.3609,40.4649,39.0086,40.0488,0,0
GTN_MV,D,20090128,000000,40.2568,40.5689,39.5288,39.5288,0,0
GTN_MV,D,20090129,000000,40.0488,40.0488,38.0726,38.1763,0,0
GTN_MV,D,20090130,000000,38.0726,38.4885,35.3678,38.4885,0,0
GTN_MV,D,20090202,000000,37.7605,37.7605,34.3277,34.8479,0,0
GTN_MV,D,20090203,000000,34.8479,35.4719,33.3914,34.3277,0,0
GTN_MV,D,20090204,000000,34.8479,35.3678,33.7035,34.3277,0,0
GTN_MV,D,20090205,000000,34.3277,35.784,34.3277,35.2638,0,0
GTN_MV,D,20090206,000000,35.8878,39.2167,35.5757,39.2167,0,0
GTN_MV,D,20090209,000000,39.5288,40.2568,37.6564,40.2568,0,0
GTN_MV,D,20090210,000000,39.1129,40.3609,38.6965,38.6965,0,0
GTN_MV,D,20090211,000000,37.4483,38.3844,37.4483,37.8645,0,0
GTN_MV,D,20090212,000000,37.9685,37.9685,35.784,36.9282,0,0
GTN_MV,D,20090213,000000,36.7201,37.2403,35.68,36.408,0,0
GTN_MV,D,20090216,000000,36.1999,36.1999,34.3277,34.3277,0,0
GTN_MV,D,20090217,000000,33.2874,33.2874,29.9587,30.5829,0,0
GTN_MV,D,20090218,000000,30.5829,30.5829,27.0461,29.2304,0,0
GTN_MV,D,20090219,000000,29.2304,30.6867,28.8143,30.0627,0,0
GTN_MV,D,20090220,000000,28.7105,28.7105,27.8782,28.5021,0,0
GTN_MV,D,20090223,000000,29.5425,29.5425,27.6698,27.982,0,0
GTN_MV,D,20090224,000000,27.0461,27.1499,26.5259,27.1499,0,0
GTN_MV,D,20090225,000000,28.086,28.5021,26.9421,27.0461,0,0
GTN_MV,D,20090226,000000,26.8378,29.9587,26.8378,29.9587,0,0
GTN_MV,D,20090227,000000,28.9183,30.6867,28.5021,29.9587,0,0
GTN_MV,D,20090302,000000,29.3344,30.5829,28.8143,30.0627,0,0
GTN_MV,D,20090303,000000,29.9587,31.9351,29.9587,31.8311,0,0
GTN_MV,D,20090304,000000,32.7672,33.5995,32.7672,33.0793,0,0
GTN_MV,D,20090305,000000,33.2874,33.2874,32.5594,32.7672,0,0
GTN_MV,D,20090306,000000,32.351,34.0156,32.351,33.9116,0,0
GTN_MV,D,20090309,000000,34.1197,34.1197,32.6631,33.1833,0,0
GTN_MV,D,20090310,000000,33.2874,33.8075,33.0793,33.1833,0,0
GTN_MV,D,20090311,000000,34.1197,34.1197,33.4954,33.5995,0,0
GTN_MV,D,20090312,000000,33.7035,34.6396,32.9752,33.9116,0,0
GTN_MV,D,20090313,000000,35.2638,36.5123,35.2638,35.784,0,0
GTN_MV,D,20090316,000000,36.3039,39.0086,36.3039,39.0086,0,0
GTN_MV,D,20090317,000000,39.0086,39.2167,38.2806,38.4885,0,0
GTN_MV,D,20090318,000000,39.1129,39.1129,36.408,36.9282,0,0
GTN_MV,D,20090319,000000,36.9282,37.5524,36.7201,37.4483,0,0
GTN_MV,D,20090320,000000,36.8241,38.2806,36.8241,37.4483,0,0
GTN_MV,D,20090323,000000,38.2806,39.8407,38.1763,39.7366,0,0
GTN_MV,D,20090324,000000,41.0891,41.0891,39.6326,40.0488,0,0
GTN_MV,D,20090325,000000,39.6326,43.0656,39.6326,43.0656,0,0
GTN_MV,D,20090326,000000,43.1696,44.7299,42.3376,43.2734,0,0
GTN_MV,D,20090327,000000,43.2734,43.7936,41.9214,43.1696,0,0
GTN_MV,D,20090330,000000,41.7134,41.7134,40.3609,41.2972,0,0
GTN_MV,D,20090331,000000,40.9851,41.8174,40.5689,41.8174,0,0
GTN_MV,D,20090401,000000,42.2336,42.2336,41.0891,42.0255,0,0
GTN_MV,D,20090402,000000,43.2734,45.6663,42.0255,45.042,0,0
GTN_MV,D,20090403,000000,45.3542,48.8909,45.3542,47.0188,0,0
GTN_MV,D,20090406,000000,47.9546,50.1391,47.3304,48.2667,0,0
GTN_MV,D,20090407,000000,48.6828,49.099,47.3304,48.1627,0,0
GTN_MV,D,20090408,000000,47.3304,51.1792,47.3304,51.1792,0,0
GTN_MV,D,20090409,000000,51.4916,52.1156,49.9313,51.6994,0,0
GTN_MV,D,20090414,000000,51.4916,51.6994,49.9313,50.9714,0,0
GTN_MV,D,20090415,000000,50.6593,50.6593,48.8909,50.1391,0,0
GTN_MV,D,20090416,000000,50.7631,50.7631,48.6828,49.3071,0,0
GTN_MV,D,20090417,000000,49.4111,49.4111,46.8104,47.8505,0,0
GTN_MV,D,20090420,000000,47.5384,47.5384,45.042,46.8104,0,0
GTN_MV,D,20090421,000000,45.4582,47.3304,45.4582,47.3304,0,0
GTN_MV,D,20090422,000000,47.7465,50.0353,47.7465,50.0353,0,0
GTN_MV,D,20090423,000000,50.6593,52.1156,50.2431,51.1792,0,0
GTN_MV,D,20090424,000000,51.1792,52.2196,51.1792,52.2196,0,0
GTN_MV,D,20090427,000000,50.9714,52.0115,50.4512,50.7631,0,0
GTN_MV,D,20090428,000000,50.1391,50.1391,48.1627,49.4111,0,0
GTN_MV,D,20090429,000000,49.9313,52.6358,49.9313,52.6358,0,0
GTN_MV,D,20090430,000000,53.0519,56.9008,53.0519,54.3001,0,0
GTN_MV,D,20090504,000000,57.3169,57.8366,56.6927,57.6288,0,0
GTN_MV,D,20090505,000000,57.7328,58.9813,56.7967,58.9813,0,0
GTN_MV,D,20090506,000000,57.7328,61.2696,57.7328,60.7496,0,0
GTN_MV,D,20090507,000000,61.3739,61.3739,59.5012,59.5012,0,0
GTN_MV,D,20090508,000000,59.5012,59.5012,57.7328,58.357,0,0
GTN_MV,D,20090511,000000,58.4611,60.6456,57.2129,58.9813,0,0
GTN_MV,D,20090512,000000,59.9173,61.2696,59.9173,60.7496,0,0
GTN_MV,D,20090513,000000,61.3739,61.3739,58.2527,58.2527,0,0
GTN_MV,D,20090514,000000,58.2527,59.9173,57.2129,59.9173,0,0
GTN_MV,D,20090515,000000,61.3739,61.3739,58.8772,59.1891,0,0
GTN_MV,D,20090518,000000,59.3972,60.7496,59.3972,60.7496,0,0
GTN_MV,D,20090519,000000,61.5817,61.7898,60.3335,61.2696,0,0
GTN_MV,D,20090520,000000,61.5817,62.1016,60.7496,61.7898,0,0
GTN_MV,D,20090521,000000,59.8133,60.5416,58.9813,59.9173,0,0
GTN_MV,D,20090522,000000,59.9173,59.9173,57.6288,58.4611,0,0
GTN_MV,D,20090525,000000,58.357,58.4611,56.2765,56.2765,0,0
GTN_MV,D,20090526,000000,56.0685,58.7732,55.7564,58.7732,0,0
GTN_MV,D,20090527,000000,60.3335,60.3335,58.7732,59.3972,0,0
GTN_MV,D,20090528,000000,59.3972,59.7093,59.085,59.3972,0,0
GTN_MV,D,20090529,000000,59.5012,59.6052,58.6689,59.2931,0,0
GTN_MV,D,20090601,000000,60.3335,63.6622,59.2931,63.6622,0,0
GTN_MV,D,20090602,000000,63.8703,68.4474,63.8703,67.1989,0,0
GTN_MV,D,20090603,000000,68.3434,68.3434,66.1588,66.1588,0,0
GTN_MV,D,20090604,000000,66.2629,68.3434,66.1588,68.3434,0,0
GTN_MV,D,20090605,000000,69.0711,70.0077,67.9275,67.9275,0,0
GTN_MV,D,20090608,000000,68.0312,68.0312,66.2629,67.5111,0,0
GTN_MV,D,20090609,000000,68.1353,70.0077,68.1353,70.0077,0,0
GTN_MV,D,20090610,000000,71.6718,71.6718,70.1115,70.6322,0,0
GTN_MV,D,20090612,000000,70.5276,70.736,68.0312,70.736,0,0
GTN_MV,D,20090615,000000,70.0077,70.0077,68.6549,69.0711,0,0
GTN_MV,D,20090616,000000,67.7191,68.6549,67.6151,67.8232,0,0
GTN_MV,D,20090617,000000,68.6549,68.6549,66.7828,67.0949,0,0
GTN_MV,D,20090618,000000,67.6151,67.6151,65.0144,67.303,0,0
GTN_MV,D,20090619,000000,67.7191,68.3434,66.1588,68.3434,0,0
GTN_MV,D,20090622,000000,68.1353,68.1353,65.4306,65.4306,0,0
GTN_MV,D,20090623,000000,64.4945,64.7026,62.4137,64.7026,0,0
GTN_MV,D,20090624,000000,63.6622,66.3669,63.6622,65.9507,0,0
GTN_MV,D,20090625,000000,66.6787,66.6787,65.0144,65.9507,0,0
GTN_MV,D,20090626,000000,66.2629,66.9909,65.2225,66.4707,0,0
GTN_MV,D,20090629,000000,65.5346,66.8868,65.5346,65.5346,0,0
GTN_MV,D,20090630,000000,66.1588,66.1588,64.4945,65.5346,0,0
GTN_MV,D,20090701,000000,64.5985,65.6386,64.5985,64.7026,0,0
GTN_MV,D,20090702,000000,64.7026,64.7026,63.038,63.5581,0,0
GTN_MV,D,20090703,000000,62.6218,63.5581,62.4137,63.5581,0,0
GTN_MV,D,20090706,000000,62.5178,62.9339,61.9976,62.9339,0,0
GTN_MV,D,20090707,000000,63.4541,64.7026,62.8299,63.4541,0,0
GTN_MV,D,20090708,000000,62.5178,62.5178,61.6857,62.1016,0,0
GTN_MV,D,20090709,000000,62.4137,62.4137,61.3739,61.6857,0,0
GTN_MV,D,20090710,000000,61.8941,61.8941,59.5012,61.7898,0,0
GTN_MV,D,20090713,000000,59.2931,60.7496,59.2931,60.7496,0,0
GTN_MV,D,20090714,000000,61.3739,61.8941,61.2696,61.8941,0,0
GTN_MV,D,20090715,000000,63.7662,64.4945,63.142,64.4945,0,0
GTN_MV,D,20090716,000000,64.7026,65.8467,63.8703,65.8467,0,0
GTN_MV,D,20090717,000000,66.1588,66.5747,65.3265,65.3265,0,0
GTN_MV,D,20090720,000000,67.0949,70.1115,67.0949,67.7191,0,0
GTN_MV,D,20090721,000000,67.7191,70.2155,67.7191,70.0077,0,0
GTN_MV,D,20090722,000000,70.1115,70.1115,68.7595,69.1757,0,0
GTN_MV,D,20090723,000000,70.4236,72.8159,70.4236,72.8159,0,0
GTN_MV,D,20090724,000000,73.1283,75.833,72.8159,73.8566,0,0
GTN_MV,D,20090727,000000,75.9368,76.6648,73.5442,75.729,0,0
GTN_MV,D,20090728,000000,75.729,76.4573,75.4169,75.4169,0,0
GTN_MV,D,20090729,000000,74.8969,75.3128,74.0641,74.3765,0,0
GTN_MV,D,20090730,000000,75.729,75.9368,74.8969,75.9368,0,0
GTN_MV,D,20090731,000000,75.9368,76.1451,74.3765,75.833,0,0
GTN_MV,D,20090803,000000,75.4169,78.6413,75.4169,77.8092,0,0
GTN_MV,D,20090804,000000,77.1855,77.8092,75.5206,77.3931,0,0
GTN_MV,D,20090805,000000,76.9772,78.4334,72.8159,75.9368,0,0
GTN_MV,D,20090806,000000,75.4169,76.6648,73.5442,74.8969,0,0
GTN_MV,D,20090807,000000,74.8969,77.4968,73.2321,77.4968,0,0
GTN_MV,D,20090810,000000,77.4968,81.1382,76.1451,81.1382,0,0
GTN_MV,D,20090811,000000,81.1382,81.1382,76.7694,78.745,0,0
GTN_MV,D,20090812,000000,77.913,78.745,76.0411,77.3931,0,0
GTN_MV,D,20090813,000000,81.0341,81.0341,75.9368,76.9772,0,0
GTN_MV,D,20090814,000000,77.913,79.3695,76.561,76.9772,0,0
GTN_MV,D,20090817,000000,74.8969,76.9772,73.9603,76.4573,0,0
GTN_MV,D,20090818,000000,75.729,78.0176,75.729,77.8092,0,0
GTN_MV,D,20090819,000000,77.8092,81.4503,77.0809,81.4503,0,0
GTN_MV,D,20090820,000000,83.0106,92.4762,83.0106,92.4762,0,0
GTN_MV,D,20090821,000000,91.0199,95.597,91.0199,95.597,0,0
GTN_MV,D,20090824,000000,96.0137,98.094,94.3489,98.094,0,0
GTN_MV,D,20090825,000000,96.1175,101.734,95.7013,101.734,0,0
GTN_MV,D,20090826,000000,100.278,100.278,94.661,94.661,0,0
GTN_MV,D,20090827,000000,93.7252,96.7412,91.8525,93.1007,0,0
GTN_MV,D,20090828,000000,95.1809,96.9495,93.5168,93.5168,0,0
GTN_MV,D,20090831,000000,94.661,94.661,91.0199,92.5807,0,0
GTN_MV,D,20090901,000000,92.5807,92.5807,85.9228,91.9565,0,0
GTN_MV,D,20090902,000000,87.3794,91.9565,84.6749,87.3794,0,0
GTN_MV,D,20090903,000000,87.3794,89.8763,86.7557,87.3794,0,0
GTN_MV,D,20090904,000000,88.3152,88.3152,84.0504,84.6749,0,0
GTN_MV,D,20090907,000000,85.8191,88.3152,85.8191,88.3152,0,0
GTN_MV,D,20090908,000000,90.2924,90.9161,86.5473,88.1076,0,0
GTN_MV,D,20090909,000000,88.0036,89.9801,86.5473,89.5642,0,0
GTN_MV,D,20090910,000000,91.5404,91.8525,88.3152,89.4596,0,0
GTN_MV,D,20090911,000000,91.5404,91.5404,88.3152,88.4198,0,0
GTN_MV,D,20090914,000000,86.339,87.6915,84.987,87.6915,0,0
GTN_MV,D,20090915,000000,87.7955,87.8993,85.8191,87.3794,0,0
GTN_MV,D,20090916,000000,88.3152,88.9397,87.3794,88.9397,0,0
GTN_MV,D,20090917,000000,90.5,90.5,88.0036,90.5,0,0
GTN_MV,D,20090918,000000,89.7717,90.5,87.8993,88.9397,0,0
GTN_MV,D,20090921,000000,88.9397,89.3556,86.9632,88.3152,0,0
GTN_MV,D,20090922,000000,88.3152,97.6778,88.3152,97.6778,0,0
GTN_MV,D,20090923,000000,98.5098,98.5098,96.5336,96.9495,0,0
GTN_MV,D,20090924,000000,93.8289,97.7816,93.8289,96.7412,0,0
GTN_MV,D,20090925,000000,95.7013,96.5336,95.2847,95.597,0,0
GTN_MV,D,20090928,000000,96.7412,97.0533,94.661,95.7013,0,0
GTN_MV,D,20090929,000000,95.7013,95.9092,93.6206,95.7013,0,0
GTN_MV,D,20090930,000000,94.4526,95.7013,94.0367,94.661,0,0
GTN_MV,D,20091001,000000,93.7252,97.1579,93.7252,97.1579,0,0
GTN_MV,D,20091002,000000,94.661,94.661,92.7885,93.6206,0,0
GTN_MV,D,20091005,000000,94.4526,94.9731,92.5807,93.5168,0,0
GTN_MV,D,20091006,000000,94.4526,96.0137,94.4526,96.0137,0,0
GTN_MV,D,20091007,000000,96.6374,96.7412,94.0367,94.661,0,0
GTN_MV,D,20091008,000000,95.7013,96.4296,94.2451,95.7013,0,0
GTN_MV,D,20091009,000000,96.7412,97.1579,94.765,95.7013,0,0
GTN_MV,D,20091012,000000,96.6374,97.3657,95.7013,95.7013,0,0
GTN_MV,D,20091013,000000,95.8054,95.8054,94.1413,95.7013,0,0
GTN_MV,D,20091014,000000,95.8054,96.325,94.661,95.597,0,0
GTN_MV,D,20091015,000000,96.2215,96.2215,93.309,94.3489,0,0
GTN_MV,D,20091016,000000,94.3489,94.3489,91.2282,92.5807,0,0
GTN_MV,D,20091019,000000,92.7885,94.1413,90.7083,94.1413,0,0
GTN_MV,D,20091020,000000,95.3892,95.3892,92.6848,93.8289,0,0
GTN_MV,D,20091021,000000,92.8923,93.8289,92.2686,93.8289,0,0
GTN_MV,D,20091022,000000,93.1007,93.1007,91.2282,92.5807,0,0
GTN_MV,D,20091023,000000,92.5807,93.413,92.5807,92.9969,0,0
GTN_MV,D,20091026,000000,92.9969,92.9969,88.6276,89.3556,0,0
GTN_MV,D,20091027,000000,87.8993,87.8993,87.0673,87.5877,0,0
GTN_MV,D,20091028,000000,87.3794,88.1076,86.235,87.0673,0,0
GTN_MV,D,20091029,000000,86.235,87.0673,86.235,86.6511,0,0
GTN_MV,D,20091030,000000,86.8595,86.8595,84.2588,86.7557,0,0
GTN_MV,D,20091102,000000,86.235,86.235,84.3625,85.4032,0,0
GTN_MV,D,20091103,000000,84.2588,84.2588,81.3457,81.3457,0,0
GTN_MV,D,20091104,000000,81.3457,83.9467,81.3457,83.5305,0,0
GTN_MV,D,20091105,000000,83.2184,85.4032,82.3861,85.2991,0,0
GTN_MV,D,20091106,000000,85.4032,85.4032,81.2419,81.2419,0,0
GTN_MV,D,20091109,000000,82.6985,83.4267,82.6985,83.2184,0,0
GTN_MV,D,20091110,000000,83.7388,83.7388,81.9702,83.2184,0,0
GTN_MV,D,20091112,000000,83.1144,84.2588,82.178,83.9467,0,0
GTN_MV,D,20091113,000000,85.6113,85.6113,83.4267,83.7388,0,0
GTN_MV,D,20091116,000000,86.0269,87.2756,86.0269,87.2756,0,0
GTN_MV,D,20091117,000000,87.3794,87.4831,86.9632,87.4831,0,0
GTN_MV,D,20091118,000000,87.2756,87.2756,84.8825,86.1312,0,0
GTN_MV,D,20091119,000000,84.0504,84.7787,84.0504,84.5709,0,0
GTN_MV,D,20091120,000000,84.4663,84.4663,82.3861,83.2184,0,0
GTN_MV,D,20091123,000000,84.7787,84.7787,83.2184,84.7787,0,0
GTN_MV,D,20091124,000000,84.0504,84.987,83.2184,84.2588,0,0
GTN_MV,D,20091125,000000,83.8426,84.6749,83.6343,84.5709,0,0
GTN_MV,D,20091126,000000,84.4663,84.4663,82.4901,82.4901,0,0
GTN_MV,D,20091127,000000,80.0978,82.2823,79.6816,81.9702,0,0
GTN_MV,D,20091130,000000,82.6985,83.2184,81.6578,83.2184,0,0
GTN_MV,D,20091201,000000,83.8426,86.0269,83.8426,85.8191,0,0
GTN_MV,D,20091202,000000,85.9228,87.3794,85.6113,87.3794,0,0
GTN_MV,D,20091203,000000,87.5877,87.5877,86.1312,87.5877,0,0
GTN_MV,D,20091204,000000,86.5473,89.4596,85.7153,89.4596,0,0
GTN_MV,D,20091207,000000,88.4198,90.5,87.8993,90.5,0,0
GTN_MV,D,20091208,000000,88.6276,91.0199,87.6915,88.8359,0,0
GTN_MV,D,20091209,000000,88.4198,89.9801,87.5877,87.5877,0,0
GTN_MV,D,20091210,000000,87.6915,89.148,87.6915,88.9397,0,0
GTN_MV,D,20091211,000000,89.0435,90.9161,88.9397,90.9161,0,0
GTN_MV,D,20091214,000000,91.5404,91.5404,90.2924,91.5404,0,0
GTN_MV,D,20091215,000000,91.5404,91.7482,90.6038,91.5404,0,0
GTN_MV,D,20091216,000000,91.4366,92.0603,91.332,91.9401,0,0
GTN_MV,D,20091217,000000,91.3145,92.1487,90.4809,91.732,0,0
GTN_MV,D,20091218,000000,91.5228,92.9826,90.272,91.5228,0,0
GTN_MV,D,20091221,000000,91.2107,92.5653,91.2107,91.732,0,0
GTN_MV,D,20091222,000000,91.732,92.878,91.732,92.7742,0,0
GTN_MV,D,20091223,000000,91.9401,93.3992,91.6274,92.6699,0,0
GTN_MV,D,20091228,000000,92.6699,93.8159,92.6699,93.6078,0,0
GTN_MV,D,20091229,000000,93.8159,94.0253,93.1909,93.2955,0,0
GTN_MV,D,20091230,000000,93.5038,93.9208,93.2955,93.2955,0,0
GTN_MV,D,20091231,000000,93.7122,93.7122,92.3567,92.3567,0,0
GTN_MV,D,20100104,000000,92.3567,93.8159,92.3567,93.2955,0,0
GTN_MV,D,20100105,000000,93.2955,93.9208,92.7742,93.1909,0,0
GTN_MV,D,20100106,000000,92.7742,93.2955,91.2107,93.2955,0,0
GTN_MV,D,20100107,000000,92.7742,92.7742,91.1062,91.4188,0,0
GTN_MV,D,20100108,000000,93.1909,93.1909,90.272,91.9401,0,0
GTN_MV,D,20100111,000000,92.253,93.2955,92.253,93.2955,0,0
GTN_MV,D,20100112,000000,93.6078,93.6078,91.9401,92.7742,0,0
GTN_MV,D,20100113,000000,92.6699,92.6699,91.8358,92.1487,0,0
GTN_MV,D,20100114,000000,92.4613,92.6699,91.6274,92.253,0,0
GTN_MV,D,20100115,000000,92.253,92.253,89.9599,91.1062,0,0
GTN_MV,D,20100118,000000,91.1062,91.732,90.1682,91.732,0,0
GTN_MV,D,20100119,000000,91.6274,92.6699,91.0021,92.6699,0,0
GTN_MV,D,20100120,000000,92.7742,95.5888,92.6699,95.3799,0,0
GTN_MV,D,20100121,000000,94.5463,95.3799,94.5463,94.8587,0,0
GTN_MV,D,20100122,000000,92.7742,93.7122,92.253,92.878,0,0
GTN_MV,D,20100125,000000,92.7742,95.5888,92.7742,95.5888,0,0
GTN_MV,D,20100126,000000,94.1288,96.3184,93.8159,96.3184,0,0
GTN_MV,D,20100127,000000,95.7972,98.1943,95.6926,97.9859,0,0
GTN_MV,D,20100128,000000,98.2988,99.6543,96.5267,96.6305,0,0
GTN_MV,D,20100129,000000,96.9434,96.9434,94.9633,95.9012,0,0
GTN_MV,D,20100201,000000,95.1713,95.9012,94.3374,94.3374,0,0
GTN_MV,D,20100202,000000,94.3374,94.442,93.6078,94.3374,0,0
GTN_MV,D,20100203,000000,94.8587,97.4647,94.8587,96.9434,0,0
GTN_MV,D,20100204,000000,96.8397,96.9434,93.8159,93.8159,0,0
GTN_MV,D,20100205,000000,93.6078,93.6078,90.8978,92.4613,0,0
GTN_MV,D,20100208,000000,91.5228,92.7742,88.6045,91.732,0,0
GTN_MV,D,20100209,000000,91.3145,92.7742,91.3145,92.7742,0,0
GTN_MV,D,20100210,000000,92.7742,95.9012,92.7742,93.6078,0,0
GTN_MV,D,20100211,000000,95.2759,95.2759,92.9826,92.9826,0,0
GTN_MV,D,20100212,000000,94.7547,94.8587,93.2955,94.8587,0,0
GTN_MV,D,20100215,000000,94.8587,94.8587,93.8159,94.442,0,0
GTN_MV,D,20100216,000000,94.442,94.442,91.732,92.9826,0,0
GTN_MV,D,20100217,000000,93.6078,94.2334,93.6078,94.1288,0,0
GTN_MV,D,20100218,000000,93.2955,94.3374,92.7742,94.3374,0,0
GTN_MV,D,20100219,000000,93.8159,93.8159,92.6699,93.1909,0,0
GTN_MV,D,20100222,000000,93.8159,93.8159,92.9826,93.8159,0,0
GTN_MV,D,20100223,000000,93.8159,93.8159,92.7742,93.0866,0,0
GTN_MV,D,20100224,000000,93.5038,94.5463,92.3567,93.8159,0,0
GTN_MV,D,20100225,000000,93.8159,93.8159,91.2107,91.2107,0,0
GTN_MV,D,20100226,000000,91.2107,94.1288,89.9599,94.1288,0,0
GTN_MV,D,20100301,000000,94.5463,96.4222,94.2334,96.4222,0,0
GTN_MV,D,20100302,000000,98.1943,101.113,95.5888,101.113,0,0
GTN_MV,D,20100303,000000,101.113,102.26,99.8626,100.592,0,0
GTN_MV,D,20100304,000000,99.2368,102.677,99.2368,100.592,0,0
GTN_MV,D,20100305,000000,102.051,103.719,100.905,103.719,0,0
GTN_MV,D,20100308,000000,104.241,105.908,101.843,102.156,0,0
GTN_MV,D,20100309,000000,101.635,101.948,100.279,101.009,0,0
GTN_MV,D,20100310,000000,101.113,103.094,100.801,102.677,0,0
GTN_MV,D,20100311,000000,102.99,102.99,102.156,102.886,0,0
GTN_MV,D,20100312,000000,102.781,105.179,102.469,104.241,0,0
GTN_MV,D,20100315,000000,104.032,104.032,101.635,102.99,0,0
GTN_MV,D,20100316,000000,103.198,106.013,102.677,106.013,0,0
GTN_MV,D,20100317,000000,107.472,107.472,104.866,105.908,0,0
GTN_MV,D,20100318,000000,104.241,106.117,103.719,104.241,0,0
GTN_MV,D,20100319,000000,103.928,111.433,102.677,102.677,0,0
GTN_MV,D,20100322,000000,103.094,105.7,102.156,104.241,0,0
GTN_MV,D,20100323,000000,105.492,108.723,105.492,108.202,0,0
GTN_MV,D,20100324,000000,107.68,108.827,106.846,108.723,0,0
GTN_MV,D,20100325,000000,108.931,112.059,108.931,109.452,0,0
GTN_MV,D,20100326,000000,110.599,111.85,110.599,111.746,0,0
GTN_MV,D,20100329,000000,112.163,112.163,111.12,111.433,0,0
GTN_MV,D,20100330,000000,111.433,112.267,111.433,112.267,0,0
GTN_MV,D,20100331,000000,112.267,114.456,112.059,112.059,0,0
GTN_MV,D,20100401,000000,113.205,114.247,113.205,114.247,0,0
GTN_MV,D,20100406,000000,114.247,118.521,114.039,118.521,0,0
GTN_MV,D,20100407,000000,119.355,119.355,115.394,116.124,0,0
GTN_MV,D,20100408,000000,115.186,115.707,113.309,114.665,0,0
GTN_MV,D,20100409,000000,114.665,116.228,114.665,114.977,0,0
GTN_MV,D,20100412,000000,114.977,116.228,114.665,115.394,0,0
GTN_MV,D,20100413,000000,115.394,116.437,114.247,116.437,0,0
GTN_MV,D,20100414,000000,115.186,116.958,115.186,116.958,0,0
GTN_MV,D,20100415,000000,116.958,116.958,115.082,115.603,0,0
GTN_MV,D,20100416,000000,114.665,116.749,114.56,115.29,0,0
GTN_MV,D,20100419,000000,113.622,114.039,110.495,113.935,0,0
GTN_MV,D,20100420,000000,113.726,116.332,113.309,115.394,0,0
GTN_MV,D,20100421,000000,116.749,116.749,113.101,114.144,0,0
GTN_MV,D,20100422,000000,114.144,114.352,109.974,109.974,0,0
GTN_MV,D,20100423,000000,111.12,112.059,109.869,112.059,0,0
GTN_MV,D,20100426,000000,113.622,114.769,113.622,114.56,0,0
GTN_MV,D,20100427,000000,114.873,114.873,112.163,112.163,0,0
GTN_MV,D,20100428,000000,110.078,110.287,108.41,109.452,0,0
GTN_MV,D,20100429,000000,110.078,113.101,110.078,113.101,0,0
GTN_MV,D,20100430,000000,115.082,115.082,113.831,113.831,0,0
GTN_MV,D,20100504,000000,114.665,114.665,107.367,107.472,0,0
GTN_MV,D,20100505,000000,107.472,107.472,104.345,106.221,0,0
GTN_MV,D,20100506,000000,106.534,106.534,104.241,105.179,0,0
GTN_MV,D,20100507,000000,101.635,103.407,100.176,100.176,0,0
GTN_MV,D,20100510,000000,103.719,106.221,103.719,106.221,0,0
GTN_MV,D,20100511,000000,106.117,106.117,103.823,103.823,0,0
GTN_MV,D,20100512,000000,104.136,107.889,104.136,107.264,0,0
GTN_MV,D,20100513,000000,108.41,108.41,105.283,106.742,0,0
GTN_MV,D,20100514,000000,106.221,106.325,103.823,104.241,0,0
GTN_MV,D,20100517,000000,102.677,104.449,100.697,103.719,0,0
GTN_MV,D,20100518,000000,104.762,104.762,103.511,104.241,0,0
GTN_MV,D,20100519,000000,102.677,102.677,98.1943,102.677,0,0
GTN_MV,D,20100520,000000,101.635,103.094,98.0905,99.0284,0,0
GTN_MV,D,20100521,000000,97.9859,102.051,95.4842,102.051,0,0
GTN_MV,D,20100524,000000,101.635,103.198,100.071,103.198,0,0
GTN_MV,D,20100525,000000,99.4451,101.948,97.8822,101.948,0,0
GTN_MV,D,20100526,000000,101.948,106.534,101.948,106.534,0,0
GTN_MV,D,20100527,000000,106.429,106.534,104.241,106.221,0,0
GTN_MV,D,20100528,000000,106.846,106.846,105.283,106.221,0,0
GTN_MV,D,20100531,000000,105.804,106.742,105.283,106.742,0,0
GTN_MV,D,20100601,000000,106.117,106.117,102.781,104.136,0,0
GTN_MV,D,20100602,000000,103.198,105.283,103.198,104.97,0,0
GTN_MV,D,20100604,000000,106.013,106.221,101.426,103.198,0,0
GTN_MV,D,20100607,000000,101.218,103.719,101.113,103.719,0,0
GTN_MV,D,20100608,000000,104.241,104.449,101.53,104.241,0,0
GTN_MV,D,20100609,000000,104.657,104.657,102.469,104.136,0,0
GTN_MV,D,20100610,000000,103.511,104.657,102.781,104.241,0,0
GTN_MV,D,20100611,000000,104.762,104.762,103.198,104.241,0,0
GTN_MV,D,20100614,000000,104.866,105.596,104.241,104.241,0,0
GTN_MV,D,20100615,000000,104.136,105.074,104.136,105.074,0,0
GTN_MV,D,20100616,000000,105.7,105.7,103.823,104.241,0,0
GTN_MV,D,20100617,000000,104.345,104.866,102.886,103.615,0,0
GTN_MV,D,20100618,000000,102.677,107.055,102.26,107.055,0,0
GTN_MV,D,20100621,000000,105.804,106.325,104.97,105.283,0,0
GTN_MV,D,20100622,000000,104.449,105.492,103.719,104.136,0,0
GTN_MV,D,20100623,000000,103.407,103.719,101.426,102.156,0,0
GTN_MV,D,20100624,000000,102.99,102.99,99.4451,102.26,0,0
GTN_MV,D,20100625,000000,101.635,102.886,99.8626,102.886,0,0
GTN_MV,D,20100628,000000,102.26,102.677,101.113,101.635,0,0
GTN_MV,D,20100629,000000,101.426,101.426,97.9859,98.4034,0,0
GTN_MV,D,20100630,000000,97.7776,98.8201,95.7972,98.8201,0,0
GTN_MV,D,20100701,000000,96.3184,98.9239,95.3799,97.9859,0,0
GTN_MV,D,20100702,000000,97.6733,98.2988,95.3799,97.9859,0,0
GTN_MV,D,20100705,000000,97.8822,97.8822,96.2138,97.4647,0,0
GTN_MV,D,20100706,000000,97.8822,99.758,97.4647,98.5072,0,0
GTN_MV,D,20100707,000000,98.5072,98.5072,96.6305,97.9859,0,0
GTN_MV,D,20100708,000000,98.9239,98.9239,97.9859,97.9859,0,0
GTN_MV,D,20100709,000000,98.7155,98.7155,97.2563,97.9859,0,0
GTN_MV,D,20100712,000000,97.5693,99.4451,97.5693,99.4451,0,0
GTN_MV,D,20100713,000000,99.3413,99.6543,98.6118,99.5497,0,0
GTN_MV,D,20100714,000000,100.279,100.697,99.4451,99.4451,0,0
GTN_MV,D,20100715,000000,100.071,102.469,99.5497,102.469,0,0
GTN_MV,D,20100716,000000,102.156,102.677,101.218,101.53,0,0
GTN_MV,D,20100719,000000,100.592,102.051,99.758,102.051,0,0
GTN_MV,D,20100720,000000,102.051,102.364,100.592,101.426,0,0
GTN_MV,D,20100721,000000,102.469,104.241,102.469,104.241,0,0
GTN_MV,D,20100722,000000,103.823,106.117,103.823,105.074,0,0
GTN_MV,D,20100723,000000,104.97,105.283,104.345,105.283,0,0
GTN_MV,D,20100726,000000,106.013,106.013,103.928,104.241,0,0
GTN_MV,D,20100727,000000,104.866,104.97,103.823,104.241,0,0
GTN_MV,D,20100728,000000,104.553,104.553,103.615,104.241,0,0
GTN_MV,D,20100729,000000,105.074,107.264,105.074,107.264,0,0
GTN_MV,D,20100730,000000,107.264,107.472,106.117,107.055,0,0
GTN_MV,D,20100802,000000,107.055,108.202,106.846,107.055,0,0
GTN_MV,D,20100803,000000,108.305,108.931,106.534,106.846,0,0
GTN_MV,D,20100804,000000,107.367,107.367,106.221,106.742,0,0
GTN_MV,D,20100805,000000,106.325,107.264,105.179,105.179,0,0
GTN_MV,D,20100806,000000,106.221,106.221,104.241,105.596,0,0
GTN_MV,D,20100809,000000,106.846,106.951,104.241,105.283,0,0
GTN_MV,D,20100810,000000,105.179,106.325,104.345,106.325,0,0
GTN_MV,D,20100811,000000,105.596,105.7,104.345,105.283,0,0
GTN_MV,D,20100812,000000,104.449,105.283,102.364,105.283,0,0
GTN_MV,D,20100813,000000,105.387,105.7,103.823,105.283,0,0
GTN_MV,D,20100816,000000,104.241,105.7,103.823,105.7,0,0
GTN_MV,D,20100817,000000,104.762,105.7,104.345,105.7,0,0
GTN_MV,D,20100818,000000,105.908,105.908,103.928,104.241,0,0
GTN_MV,D,20100819,000000,104.866,104.866,102.469,104.241,0,0
GTN_MV,D,20100820,000000,102.469,104.449,102.156,103.719,0,0
GTN_MV,D,20100823,000000,102.781,106.013,102.781,106.013,0,0
GTN_MV,D,20100824,000000,104.449,104.553,102.156,102.99,0,0
GTN_MV,D,20100825,000000,102.156,102.26,99.9664,100.071,0,0
GTN_MV,D,20100826,000000,100.592,101.113,99.2368,100.263,0,0
GTN_MV,D,20100827,000000,101.621,101.621,99.9502,100.577,0,0
GTN_MV,D,20100830,000000,101.307,101.307,99.2185,100.159,0,0
GTN_MV,D,20100831,000000,99.0101,100.368,97.1303,100.263,0,0
GTN_MV,D,20100901,000000,100.681,100.89,99.0101,100.577,0,0
GTN_MV,D,20100902,000000,100.681,102.352,100.681,102.352,0,0
GTN_MV,D,20100903,000000,102.248,103.396,102.038,103.396,0,0
GTN_MV,D,20100906,000000,104.441,104.441,103.501,103.501,0,0
GTN_MV,D,20100907,000000,104.127,104.336,103.396,104.232,0,0
GTN_MV,D,20100908,000000,104.232,106.53,104.023,106.53,0,0
GTN_MV,D,20100909,000000,106.948,107.574,106.007,106.321,0,0
GTN_MV,D,20100910,000000,106.007,106.53,104.441,104.441,0,0
GTN_MV,D,20100913,000000,105.381,106.948,105.277,106.948,0,0
GTN_MV,D,20100914,000000,106.948,106.948,105.277,105.59,0,0
GTN_MV,D,20100915,000000,105.172,106.948,105.172,106.948,0,0
GTN_MV,D,20100916,000000,106.007,106.843,105.798,105.798,0,0
GTN_MV,D,20100917,000000,106.948,106.948,104.336,104.336,0,0
GTN_MV,D,20100920,000000,105.277,105.381,104.336,104.65,0,0
GTN_MV,D,20100921,000000,104.858,106.843,104.858,106.53,0,0
GTN_MV,D,20100922,000000,106.53,108.514,106.53,108.514,0,0
GTN_MV,D,20100923,000000,108.409,108.409,106.007,106.53,0,0
GTN_MV,D,20100924,000000,106.53,109.558,106.53,109.558,0,0
GTN_MV,D,20100927,000000,110.707,110.812,110.185,110.812,0,0
GTN_MV,D,20100928,000000,110.707,110.707,108.827,109.141,0,0
GTN_MV,D,20100929,000000,109.454,109.663,107.052,109.663,0,0
GTN_MV,D,20100930,000000,108.096,112.796,108.096,112.796,0,0
GTN_MV,D,20101001,000000,111.752,111.752,109.141,109.141,0,0
GTN_MV,D,20101004,000000,108.932,108.932,106.948,108.514,0,0
GTN_MV,D,20101005,000000,107.574,109.872,107.574,109.663,0,0
GTN_MV,D,20101006,000000,109.767,112.274,109.767,111.021,0,0
GTN_MV,D,20101007,000000,111.229,111.229,107.887,109.141,0,0
GTN_MV,D,20101008,000000,109.349,109.976,108.305,109.141,0,0
GTN_MV,D,20101011,000000,110.185,110.394,109.141,109.663,0,0
GTN_MV,D,20101012,000000,108.932,110.707,108.305,109.663,0,0
GTN_MV,D,20101013,000000,110.498,113.632,109.663,112.796,0,0
GTN_MV,D,20101014,000000,112.796,113.005,111.647,112.796,0,0
GTN_MV,D,20101015,000000,112.796,113.84,110.394,110.394,0,0
GTN_MV,D,20101018,000000,109.767,112.587,109.767,111.229,0,0
GTN_MV,D,20101019,000000,110.916,111.961,108.723,110.707,0,0
GTN_MV,D,20101020,000000,109.245,110.707,108.096,110.707,0,0
GTN_MV,D,20101021,000000,109.872,111.752,109.663,111.752,0,0
GTN_MV,D,20101022,000000,110.603,111.752,110.185,111.752,0,0
GTN_MV,D,20101025,000000,111.752,111.752,110.498,111.647,0,0
GTN_MV,D,20101026,000000,110.812,110.812,109.454,110.289,0,0
GTN_MV,D,20101027,000000,110.289,112.483,110.185,111.543,0,0
GTN_MV,D,20101028,000000,111.752,111.752,110.289,111.438,0,0
GTN_MV,D,20101029,000000,110.498,111.647,109.872,111.647,0,0
GTN_MV,D,20101102,000000,110.916,113.318,110.916,112.692,0,0
GTN_MV,D,20101103,000000,112.587,114.78,111.961,113.318,0,0
GTN_MV,D,20101104,000000,113.84,119.585,113.84,119.585,0,0
GTN_MV,D,20101105,000000,118.54,118.54,116.869,117.809,0,0
GTN_MV,D,20101108,000000,116.974,118.018,116.66,117.392,0,0
GTN_MV,D,20101109,000000,116.974,118.123,115.929,115.929,0,0
GTN_MV,D,20101110,000000,114.885,114.885,113.84,114.885,0,0
GTN_MV,D,20101112,000000,113.632,115.929,113.11,115.929,0,0
GTN_MV,D,20101115,000000,115.929,116.347,114.258,114.885,0,0
GTN_MV,D,20101116,000000,114.885,115.303,112.796,114.885,0,0
GTN_MV,D,20101117,000000,114.049,114.78,113.214,114.78,0,0
GTN_MV,D,20101118,000000,114.154,114.885,114.154,114.885,0,0
GTN_MV,D,20101119,000000,115.929,115.929,110.603,110.603,0,0
GTN_MV,D,20101122,000000,110.707,112.065,110.707,111.229,0,0
GTN_MV,D,20101123,000000,111.752,112.169,111.021,111.752,0,0
GTN_MV,D,20101124,000000,111.229,113.214,110.812,112.587,0,0
GTN_MV,D,20101125,000000,113.318,113.84,112.274,113.84,0,0
GTN_MV,D,20101126,000000,112.274,113.84,111.021,113.84,0,0
GTN_MV,D,20101129,000000,112.274,114.154,112.274,114.154,0,0
GTN_MV,D,20101130,000000,114.049,115.198,112.796,115.198,0,0
GTN_MV,D,20101201,000000,115.198,116.556,114.049,115.72,0,0
GTN_MV,D,20101202,000000,115.72,116.66,114.258,115.407,0,0
GTN_MV,D,20101203,000000,115.929,117.183,115.929,116.452,0,0
GTN_MV,D,20101206,000000,116.974,116.974,115.929,116.765,0,0
GTN_MV,D,20101207,000000,116.869,118.854,116.034,118.854,0,0
GTN_MV,D,20101208,000000,117.183,118.958,117.183,118.854,0,0
GTN_MV,D,20101209,000000,118.958,120.107,118.018,119.898,0,0
GTN_MV,D,20101210,000000,119.376,120.316,118.645,119.689,0,0
GTN_MV,D,20101213,000000,119.689,119.689,117.6,119.585,0,0
GTN_MV,D,20101214,000000,118.645,118.749,118.332,118.54,0,0
GTN_MV,D,20101215,000000,118.018,119.48,117.809,119.376,0,0
GTN_MV,D,20101216,000000,119.376,119.376,116.66,118.54,0,0
GTN_MV,D,20101217,000000,119.48,120.003,118.332,118.332,0,0
GTN_MV,D,20101220,000000,117.496,118.54,117.496,118.018,0,0
GTN_MV,D,20101221,000000,119.585,119.898,118.018,119.689,0,0
GTN_MV,D,20101222,000000,119.063,119.794,119.063,119.794,0,0
GTN_MV,D,20101223,000000,120.003,120.003,119.167,119.689,0,0
GTN_MV,D,20101227,000000,119.794,120.316,119.585,119.689,0,0
GTN_MV,D,20101228,000000,119.689,121.674,119.689,120.629,0,0
GTN_MV,D,20101229,000000,122.092,122.092,120.629,121.778,0,0
GTN_MV,D,20101230,000000,121.883,121.883,120.42,120.629,0,0
GTN_MV,D,20101231,000000,120.734,120.838,119.167,120.107,0,0
GTN_MV,D,20110103,000000,119.063,120.629,119.063,119.689,0,0
GTN_MV,D,20110104,000000,120.107,120.42,118.854,119.585,0,0
GTN_MV,D,20110105,000000,120.316,120.316,118.436,120.107,0,0
GTN_MV,D,20110107,000000,120.525,120.525,118.645,119.898,0,0
GTN_MV,D,20110110,000000,119.898,122.092,118.227,122.092,0,0
GTN_MV,D,20110111,000000,121.674,121.674,119.689,120.734,0,0
GTN_MV,D,20110112,000000,120.107,122.195,120.107,122.195,0,0
GTN_MV,D,20110113,000000,122.195,123.763,121.256,123.763,0,0
GTN_MV,D,20110114,000000,122.823,123.24,122.195,122.718,0,0
GTN_MV,D,20110117,000000,123.24,124.389,121.987,124.389,0,0
GTN_MV,D,20110118,000000,124.598,129.507,124.598,129.507,0,0
GTN_MV,D,20110119,000000,129.715,130.446,127.418,127.418,0,0
GTN_MV,D,20110120,000000,128.358,129.507,126.895,126.895,0,0
GTN_MV,D,20110121,000000,127.94,128.984,126.895,127.418,0,0
GTN_MV,D,20110124,000000,127.418,127.418,124.494,127.418,0,0
GTN_MV,D,20110125,000000,128.984,128.984,127.313,128.88,0,0
GTN_MV,D,20110126,000000,128.984,130.969,127.835,129.925,0,0
GTN_MV,D,20110127,000000,130.76,130.969,128.149,130.029,0,0
GTN_MV,D,20110128,000000,131.073,131.073,131.073,131.073,0,0
GTN_MV,D,20110131,000000,127.731,130.029,127,130.029,0,0
GTN_MV,D,20110201,000000,131.073,132.744,129.507,132.744,0,0
GTN_MV,D,20110202,000000,133.371,133.789,132.222,132.64,0,0
GTN_MV,D,20110203,000000,132.64,133.162,132.118,133.162,0,0
GTN_MV,D,20110204,000000,134.624,135.773,133.998,134.833,0,0
GTN_MV,D,20110207,000000,136.4,137.654,134.833,137.548,0,0
GTN_MV,D,20110208,000000,137.966,139.324,137.548,138.384,0,0
GTN_MV,D,20110209,000000,138.384,138.488,134.833,136.818,0,0
GTN_MV,D,20110210,000000,135.773,136.818,133.162,135.46,0,0
GTN_MV,D,20110211,000000,135.773,136.504,134.729,135.773,0,0
GTN_MV,D,20110214,000000,135.878,136.504,133.998,135.773,0,0
GTN_MV,D,20110215,000000,134.207,136.086,133.266,135.251,0,0
GTN_MV,D,20110216,000000,135.251,135.355,125.851,125.851,0,0
GTN_MV,D,20110217,000000,131.7,134.102,125.851,130.551,0,0
GTN_MV,D,20110218,000000,130.551,133.162,127.523,133.162,0,0
GTN_MV,D,20110221,000000,133.057,133.162,130.134,131.386,0,0
GTN_MV,D,20110222,000000,131.073,132.64,130.76,132.64,0,0
GTN_MV,D,20110223,000000,131.073,133.162,130.342,132.64,0,0
GTN_MV,D,20110224,000000,130.76,132.222,130.76,131.282,0,0
GTN_MV,D,20110225,000000,133.162,135.773,131.282,135.773,0,0
GTN_MV,D,20110228,000000,134.833,136.609,134.102,136.609,0,0
GTN_MV,D,20110301,000000,137.026,137.026,135.564,137.026,0,0
GTN_MV,D,20110302,000000,136.818,136.818,134.833,135.773,0,0
GTN_MV,D,20110303,000000,136.086,136.818,135.669,136.296,0,0
GTN_MV,D,20110304,000000,136.609,137.757,136.296,137.34,0,0
GTN_MV,D,20110307,000000,137.34,137.966,137.235,137.654,0,0
GTN_MV,D,20110308,000000,137.654,140.16,137.444,139.742,0,0
GTN_MV,D,20110309,000000,140.368,140.891,139.637,140.682,0,0
GTN_MV,D,20110310,000000,140.682,142.04,139.428,139.846,0,0
GTN_MV,D,20110311,000000,139.011,139.846,137.235,139.637,0,0
GTN_MV,D,20110314,000000,139.637,140.473,138.488,139.951,0,0
GTN_MV,D,20110315,000000,138.384,139.846,135.982,139.846,0,0
GTN_MV,D,20110316,000000,139.428,139.428,137.654,138.906,0,0
GTN_MV,D,20110317,000000,137.026,138.906,137.026,138.906,0,0
GTN_MV,D,20110318,000000,138.906,140.264,137.444,139.011,0,0
GTN_MV,D,20110321,000000,138.906,139.011,137.757,138.906,0,0
GTN_MV,D,20110322,000000,138.071,139.428,137.862,139.428,0,0
GTN_MV,D,20110323,000000,139.324,139.637,137.235,138.593,0,0
GTN_MV,D,20110324,000000,138.593,139.428,137.757,139.428,0,0
GTN_MV,D,20110325,000000,139.324,139.637,138.071,139.428,0,0
GTN_MV,D,20110328,000000,139.428,141.204,139.115,140.995,0,0
GTN_MV,D,20110329,000000,140.995,140.995,139.637,140.264,0,0
GTN_MV,D,20110330,000000,142.144,148.201,140.264,145.277,0,0
GTN_MV,D,20110331,000000,146.112,148.306,146.112,148.306,0,0
GTN_MV,D,20110401,000000,149.142,153.006,147.784,153.006,0,0
GTN_MV,D,20110404,000000,153.214,153.424,150.5,151.44,0,0
GTN_MV,D,20110405,000000,151.44,153.319,150.708,152.901,0,0
GTN_MV,D,20110406,000000,153.11,156.661,152.797,156.661,0,0
GTN_MV,D,20110407,000000,156.871,159.69,155.094,159.69,0,0
GTN_MV,D,20110408,000000,159.69,159.69,155.199,155.303,0,0
GTN_MV,D,20110411,000000,154.677,155.617,152.483,155.408,0,0
GTN_MV,D,20110412,000000,155.199,155.408,154.05,155.094,0,0
GTN_MV,D,20110413,000000,154.572,156.766,154.572,155.93,0,0
GTN_MV,D,20110414,000000,156.139,156.139,153.946,154.05,0,0
GTN_MV,D,20110415,000000,154.05,156.557,154.05,156.557,0,0
GTN_MV,D,20110418,000000,156.661,156.661,152.797,155.617,0,0
GTN_MV,D,20110419,000000,154.572,155.617,153.632,155.617,0,0
GTN_MV,D,20110420,000000,155.826,156.661,155.408,155.617,0,0
GTN_MV,D,20110421,000000,155.721,156.452,155.094,155.617,0,0
GTN_MV,D,20110426,000000,155.617,156.139,154.572,156.139,0,0
GTN_MV,D,20110427,000000,155.617,156.139,154.782,155.721,0,0
GTN_MV,D,20110428,000000,157.288,157.288,153.946,156.139,0,0
GTN_MV,D,20110429,000000,156.452,156.452,155.094,155.721,0,0
GTN_MV,D,20110502,000000,156.034,156.348,154.05,155.094,0,0
GTN_MV,D,20110504,000000,151.857,154.363,149.246,149.246,0,0
GTN_MV,D,20110505,000000,148.62,149.246,146.322,147.575,0,0
GTN_MV,D,20110506,000000,148.828,148.828,146.948,147.784,0,0
GTN_MV,D,20110509,000000,148.62,148.62,146.112,146.217,0,0
GTN_MV,D,20110510,000000,147.157,148.306,147.053,148.306,0,0
GTN_MV,D,20110511,000000,149.351,149.351,143.502,146.217,0,0
GTN_MV,D,20110512,000000,145.173,145.695,141.1,141.1,0,0
GTN_MV,D,20110513,000000,136.818,141.1,136.818,140.891,0,0
GTN_MV,D,20110516,000000,138.384,144.651,138.384,144.651,0,0
GTN_MV,D,20110517,000000,144.442,146.692,142.771,146.692,0,0
GTN_MV,D,20110518,000000,148.62,149.797,146.692,147.763,0,0
GTN_MV,D,20110519,000000,147.763,151.832,147.763,150.654,0,0
GTN_MV,D,20110520,000000,151.51,151.832,150.44,150.44,0,0
GTN_MV,D,20110523,000000,146.906,149.905,146.906,148.941,0,0
GTN_MV,D,20110524,000000,148.833,149.262,147.335,148.833,0,0
GTN_MV,D,20110525,000000,146.157,149.476,146.157,149.369,0,0
GTN_MV,D,20110526,000000,149.369,149.369,148.299,149.369,0,0
GTN_MV,D,20110527,000000,149.369,150.868,147.871,148.833,0,0
GTN_MV,D,20110530,000000,149.905,150.547,147.228,150.547,0,0
GTN_MV,D,20110531,000000,150.547,150.975,148.299,148.405,0,0
GTN_MV,D,20110601,000000,149.69,149.797,147.871,148.833,0,0
GTN_MV,D,20110602,000000,148.727,150.119,148.405,149.905,0,0
GTN_MV,D,20110603,000000,150.119,150.119,147.977,148.299,0,0
GTN_MV,D,20110606,000000,148.084,148.62,145.621,146.585,0,0
GTN_MV,D,20110607,000000,146.157,146.692,143.052,143.373,0,0
GTN_MV,D,20110608,000000,141.874,143.373,140.911,143.373,0,0
GTN_MV,D,20110609,000000,141.445,143.373,140.054,140.054,0,0
GTN_MV,D,20110610,000000,140.482,143.373,140.054,142.945,0,0
GTN_MV,D,20110613,000000,141.339,143.373,141.339,143.159,0,0
GTN_MV,D,20110614,000000,142.945,143.159,140.375,141.339,0,0
GTN_MV,D,20110615,000000,140.268,141.339,138.983,139.732,0,0
GTN_MV,D,20110616,000000,139.197,141.66,139.197,141.339,0,0
GTN_MV,D,20110617,000000,140.268,142.945,139.947,140.482,0,0
GTN_MV,D,20110620,000000,140.161,141.66,139.839,139.839,0,0
GTN_MV,D,20110621,000000,141.017,142.731,140.375,142.195,0,0
GTN_MV,D,20110622,000000,142.409,143.373,141.339,142.838,0,0
GTN_MV,D,20110624,000000,142.409,144.229,141.874,143.48,0,0
GTN_MV,D,20110627,000000,141.981,143.587,141.124,142.838,0,0
GTN_MV,D,20110628,000000,140.696,142.838,135.984,135.984,0,0
GTN_MV,D,20110629,000000,137.912,138.127,134.271,138.127,0,0
GTN_MV,D,20110630,000000,137.27,139.197,135.556,136.842,0,0
GTN_MV,D,20110701,000000,136.52,138.127,135.771,137.484,0,0
GTN_MV,D,20110704,000000,138.127,138.127,135.556,135.984,0,0
GTN_MV,D,20110705,000000,137.056,143.052,137.056,140.054,0,0
GTN_MV,D,20110706,000000,140.696,140.803,138.662,139.197,0,0
GTN_MV,D,20110707,000000,139.947,141.767,139.304,140.161,0,0
GTN_MV,D,20110708,000000,140.268,144.765,140.268,142.409,0,0
GTN_MV,D,20110711,000000,141.445,141.981,137.163,137.163,0,0
GTN_MV,D,20110712,000000,133.415,134.7,132.237,133.95,0,0
GTN_MV,D,20110713,000000,133.094,133.843,131.274,132.773,0,0
GTN_MV,D,20110714,000000,131.809,132.773,130.952,132.344,0,0
GTN_MV,D,20110715,000000,132.558,132.558,130.095,131.595,0,0
GTN_MV,D,20110718,000000,130.095,130.631,125.063,125.277,0,0
GTN_MV,D,20110719,000000,125.491,126.883,124.956,125.706,0,0
GTN_MV,D,20110720,000000,125.385,127.847,125.385,126.776,0,0
GTN_MV,D,20110721,000000,127.419,133.843,126.348,133.843,0,0
GTN_MV,D,20110722,000000,134.379,135.235,131.487,135.235,0,0
GTN_MV,D,20110725,000000,135.235,135.556,132.987,133.63,0,0
GTN_MV,D,20110726,000000,134.379,134.379,129.453,129.453,0,0
GTN_MV,D,20110727,000000,127.847,127.954,123.136,123.136,0,0
GTN_MV,D,20110728,000000,120.459,122.6,119.389,122.6,0,0
GTN_MV,D,20110729,000000,121.958,121.958,119.495,121.53,0,0
GTN_MV,D,20110801,000000,125.063,125.063,116.926,116.926,0,0
GTN_MV,D,20110802,000000,117.354,117.354,107.932,107.932,0,0
GTN_MV,D,20110803,000000,104.933,110.608,104.505,106.753,0,0
GTN_MV,D,20110804,000000,107.182,109.216,103.969,104.077,0,0
GTN_MV,D,20110805,000000,97.4376,106.968,97.4376,101.721,0,0
GTN_MV,D,20110808,000000,98.5085,101.507,92.8334,94.2254,0,0
GTN_MV,D,20110809,000000,94.2254,96.3672,87.8008,91.0138,0,0
GTN_MV,D,20110810,000000,94.3327,95.0819,82.6618,85.4456,0,0
GTN_MV,D,20110811,000000,84.6959,93.1551,80.7342,91.5486,0,0
GTN_MV,D,20110812,000000,92.0842,97.9732,89.8357,91.0138,0,0
GTN_MV,D,20110816,000000,94.2254,94.2254,91.0138,92.6195,0,0
GTN_MV,D,20110817,000000,92.0842,96.1528,91.1205,95.8319,0,0
GTN_MV,D,20110818,000000,96.3672,96.3672,86.7305,89.5145,0,0
GTN_MV,D,20110819,000000,86.8377,93.6907,84.0539,88.8717,0,0
GTN_MV,D,20110822,000000,89.9429,92.405,89.9429,91.0138,0,0
GTN_MV,D,20110823,000000,91.9769,95.2963,90.5849,92.2984,0,0
GTN_MV,D,20110824,000000,91.8703,92.2984,91.0138,91.0138,0,0
GTN_MV,D,20110825,000000,92.6195,92.6195,90.371,92.0842,0,0
GTN_MV,D,20110826,000000,92.0842,93.1551,89.4073,93.1551,0,0
GTN_MV,D,20110829,000000,94.2254,97.3309,94.2254,97.1167,0,0
GTN_MV,D,20110830,000000,98.0804,99.9005,96.7956,98.1876,0,0
GTN_MV,D,20110831,000000,98.5085,104.826,98.5085,104.826,0,0
GTN_MV,D,20110901,000000,103.969,104.826,97.4376,97.8665,0,0
GTN_MV,D,20110902,000000,96.3672,96.3672,91.5486,92.6195,0,0
GTN_MV,D,20110905,000000,90.7994,92.6195,86.4096,86.7305,0,0
GTN_MV,D,20110906,000000,87.3727,91.9769,84.3747,85.9812,0,0
GTN_MV,D,20110907,000000,88.7645,89.9429,85.9812,89.3001,0,0
GTN_MV,D,20110908,000000,89.621,91.9769,89.0864,90.0493,0,0
GTN_MV,D,20110909,000000,89.621,89.621,84.0539,84.0539,0,0
GTN_MV,D,20110912,000000,79.8778,79.8778,76.1303,76.5584,0,0
GTN_MV,D,20110913,000000,78.0576,78.6996,72.7034,74.9527,0,0
GTN_MV,D,20110914,000000,73.3459,77.9504,73.3459,76.0228,0,0
GTN_MV,D,20110915,000000,77.522,79.7705,76.7728,77.736,0,0
GTN_MV,D,20110916,000000,79.128,81.4835,77.736,81.377,0,0
GTN_MV,D,20110919,000000,78.0576,79.2352,75.7019,77.094,0,0
GTN_MV,D,20110920,000000,76.0228,82.4474,76.0228,81.377,0,0
GTN_MV,D,20110921,000000,82.5546,82.983,80.627,81.8054,0,0
GTN_MV,D,20110922,000000,77.6293,78.9141,73.3459,73.3459,0,0
GTN_MV,D,20110923,000000,73.9887,74.0954,67.1358,73.6671,0,0
GTN_MV,D,20110926,000000,71.8469,76.8792,71.7402,72.3823,0,0
GTN_MV,D,20110927,000000,76.0228,77.2012,72.3823,76.6656,0,0
GTN_MV,D,20110928,000000,75.1663,81.1626,75.1663,77.2012,0,0
GTN_MV,D,20110929,000000,77.8432,81.6982,77.2012,80.5198,0,0
GTN_MV,D,20110930,000000,80.3059,80.5198,77.3076,77.8432,0,0
GTN_MV,D,20111003,000000,74.9527,76.4511,74.9527,75.5944,0,0
GTN_MV,D,20111004,000000,74.738,74.9527,73.1318,74.2027,0,0
GTN_MV,D,20111005,000000,77.094,78.1641,75.8091,78.1641,0,0
GTN_MV,D,20111006,000000,79.3422,81.0554,77.736,78.1641,0,0
GTN_MV,D,20111007,000000,79.7705,80.3059,78.1641,79.4494,0,0
GTN_MV,D,20111010,000000,80.4133,84.7203,80.4133,84.7203,0,0
GTN_MV,D,20111011,000000,85.5776,90.2898,85.5776,88.683,0,0
GTN_MV,D,20111012,000000,89.4325,93.9316,87.9333,93.2888,0,0
GTN_MV,D,20111013,000000,93.1813,94.1453,89.9686,91.1468,0,0
GTN_MV,D,20111014,000000,91.3604,94.8953,91.1468,92.646,0,0
GTN_MV,D,20111017,000000,94.8953,94.8953,88.8969,89.2186,0,0
GTN_MV,D,20111018,000000,86.434,91.0395,86.434,90.7179,0,0
GTN_MV,D,20111019,000000,92.646,92.646,89.4325,90.7179,0,0
GTN_MV,D,20111020,000000,87.3977,90.7179,87.3977,88.8969,0,0
GTN_MV,D,20111021,000000,89.8614,93.6097,88.3614,93.3961,0,0
GTN_MV,D,20111024,000000,95.0023,96.2879,94.3597,96.2879,0,0
GTN_MV,D,20111025,000000,95.7518,96.609,92.1107,94.5742,0,0
GTN_MV,D,20111026,000000,93.5033,94.6809,92.3249,94.1453,0,0
GTN_MV,D,20111027,000000,96.3943,96.3943,93.7169,93.7169,0,0
GTN_MV,D,20111028,000000,94.6809,94.6809,91.4676,93.6097,0,0
GTN_MV,D,20111031,000000,92.1107,93.6097,91.7888,91.7888,0,0
GTN_MV,D,20111102,000000,86.8621,90.3967,86.8621,88.3614,0,0
GTN_MV,D,20111103,000000,87.184,89.1114,87.184,87.2905,0,0
GTN_MV,D,20111104,000000,88.3614,88.3614,83.7566,85.7912,0,0
GTN_MV,D,20111107,000000,84.6131,88.1477,84.0775,86.9693,0,0
GTN_MV,D,20111108,000000,87.2905,87.6121,85.684,86.8621,0,0
GTN_MV,D,20111109,000000,86.8621,87.2905,82.1496,82.471,0,0
GTN_MV,D,20111110,000000,81.2929,84.1847,81.2929,82.7922,0,0
GTN_MV,D,20111114,000000,86.7549,86.7549,84.0775,84.8275,0,0
GTN_MV,D,20111115,000000,83.435,84.2919,80.1148,81.0784,0,0
GTN_MV,D,20111116,000000,81.1857,83.221,80.5429,82.8994,0,0
GTN_MV,D,20111117,000000,81.9357,82.8994,80.3292,80.3292,0,0
GTN_MV,D,20111118,000000,80.1148,82.3638,79.3647,79.3647,0,0
GTN_MV,D,20111121,000000,79.7936,79.7936,76.6874,77.651,0,0
GTN_MV,D,20111122,000000,77.5443,78.9364,75.5092,75.5092,0,0
GTN_MV,D,20111123,000000,74.9736,75.6165,71.5462,71.5462,0,0
GTN_MV,D,20111124,000000,71.7607,73.5816,70.7962,72.8318,0,0
GTN_MV,D,20111125,000000,71.7607,74.2236,71.7607,72.8318,0,0
GTN_MV,D,20111128,000000,73.9025,73.9025,71.9746,72.8318,0,0
GTN_MV,D,20111129,000000,72.7244,72.8318,66.9407,66.9407,0,0
GTN_MV,D,20111130,000000,64.9056,71.7607,64.9056,71.7607,0,0
GTN_MV,D,20111201,000000,71.7607,71.7607,70.5826,71.439,0,0
GTN_MV,D,20111202,000000,71.8679,73.2599,68.7616,68.9753,0,0
GTN_MV,D,20111205,000000,69.5114,70.047,68.44,69.5114,0,0
GTN_MV,D,20111206,000000,69.19,69.4042,68.1188,68.1188,0,0
GTN_MV,D,20111207,000000,68.5469,69.0825,68.1188,68.6544,0,0
GTN_MV,D,20111208,000000,68.8689,69.2969,67.6905,67.9044,0,0
GTN_MV,D,20111209,000000,65.7626,68.5469,65.7626,68.5469,0,0
GTN_MV,D,20111212,000000,68.3333,68.5469,66.084,66.084,0,0
GTN_MV,D,20111213,000000,66.1909,67.4763,65.4412,67.4763,0,0
GTN_MV,D,20111214,000000,70.3678,74.3308,70.3678,73.0452,0,0
GTN_MV,D,20111215,000000,73.3672,75.6165,72.8318,74.1172,0,0
GTN_MV,D,20111216,000000,74.3308,74.4381,72.7244,73.3672,0,0
GTN_MV,D,20111219,000000,72.2963,73.3672,69.9398,70.9034,0,0
GTN_MV,D,20111220,000000,70.7962,74.4381,70.2606,73.5816,0,0
GTN_MV,D,20111221,000000,74.9736,76.259,74.5453,75.7234,0,0
GTN_MV,D,20111222,000000,74.9736,76.3662,74.9736,75.5092,0,0
GTN_MV,D,20111223,000000,75.9373,77.651,75.5092,77.651,0,0
GTN_MV,D,20111227,000000,77.5443,77.8655,76.259,77.1155,0,0
GTN_MV,D,20111228,000000,75.8301,77.1155,75.402,76.259,0,0
GTN_MV,D,20111229,000000,75.6165,76.0445,74.1172,76.0445,0,0
GTN_MV,D,20111230,000000,75.2945,76.4729,75.2945,75.5092,0,0
GTN_MV,D,20120102,000000,74.9736,78.6155,74.9736,77.3302,0,0
GTN_MV,D,20120103,000000,78.1866,79.0439,74.0097,74.7592,0,0
GTN_MV,D,20120104,000000,73.6883,73.6883,71.5462,72.9388,0,0
GTN_MV,D,20120105,000000,29.6681,29.6681,27.3118,27.8474,0,0
GTN_MV,D,20120109,000000,28.0616,28.1688,25.9196,26.3479,0,0
GTN_MV,D,20120110,000000,26.6693,26.7765,26.1337,26.1337,0,0
GTN_MV,D,20120111,000000,26.2408,26.3479,24.7413,24.8484,0,0
GTN_MV,D,20120112,000000,24.527,25.8123,24.527,24.7413,0,0
GTN_MV,D,20120113,000000,24.9555,25.384,24.2057,24.6342,0,0
GTN_MV,D,20120116,000000,24.0987,24.8484,24.0987,24.2057,0,0
GTN_MV,D,20120117,000000,24.6342,25.4911,24.527,24.7413,0,0
GTN_MV,D,20120118,000000,24.9555,25.1698,24.7413,25.0628,0,0
GTN_MV,D,20120119,000000,25.1698,25.4911,25.0628,25.4911,0,0
GTN_MV,D,20120120,000000,25.5982,25.5982,23.6703,23.6703,0,0
GTN_MV,D,20120123,000000,23.7772,24.313,23.4562,23.7772,0,0
GTN_MV,D,20120124,000000,23.8845,23.8845,22.9206,22.9206,0,0
GTN_MV,D,20120125,000000,23.1347,23.1347,21.6352,21.7423,0,0
GTN_MV,D,20120126,000000,21.8496,23.8845,21.5282,23.7772,0,0
GTN_MV,D,20120127,000000,23.9916,25.0628,23.9916,25.0628,0,0
GTN_MV,D,20120130,000000,24.9555,24.9555,24.7413,24.7413,0,0
GTN_MV,D,20120131,000000,24.9555,26.7765,24.7413,26.1337,0,0
GTN_MV,D,20120201,000000,26.6693,27.8474,26.6693,27.3118,0,0
GTN_MV,D,20120202,000000,28.0616,28.0616,26.3479,26.8835,0,0
GTN_MV,D,20120203,000000,26.9907,27.2049,26.1337,26.8835,0,0
GTN_MV,D,20120206,000000,26.9907,26.9907,26.3479,26.3479,0,0
GTN_MV,D,20120207,000000,26.455,26.6693,26.0267,26.0267,0,0
GTN_MV,D,20120208,000000,26.2408,26.3479,25.9196,26.0267,0,0
GTN_MV,D,20120209,000000,26.2408,26.2408,25.5982,25.5982,0,0
GTN_MV,D,20120210,000000,24.9555,25.0628,24.313,25.0628,0,0
GTN_MV,D,20120213,000000,24.8484,25.8123,24.8484,25.7052,0,0
GTN_MV,D,20120214,000000,25.384,25.8123,25.2769,25.7052,0,0
GTN_MV,D,20120215,000000,25.9196,26.0267,25.4911,25.9196,0,0
GTN_MV,D,20120216,000000,25.8123,26.0267,25.4911,26.0267,0,0
GTN_MV,D,20120217,000000,26.1337,26.1337,25.5982,26.0267,0,0
GTN_MV,D,20120220,000000,25.9196,26.1337,25.7052,25.7052,0,0
GTN_MV,D,20120221,000000,25.9196,25.9196,25.5982,25.9196,0,0
GTN_MV,D,20120222,000000,25.9196,25.9196,25.4911,25.5982,0,0
GTN_MV,D,20120223,000000,25.5982,25.8123,25.2769,25.2769,0,0
GTN_MV,D,20120224,000000,25.5982,25.5982,24.9555,25.2769,0,0
GTN_MV,D,20120227,000000,25.1698,25.2769,24.7413,24.9555,0,0
GTN_MV,D,20120228,000000,25.1698,25.384,25.1698,25.1698,0,0
GTN_MV,D,20120229,000000,25.4911,25.5982,25.1698,25.1698,0,0
GTN_MV,D,20120301,000000,25.1698,25.1698,24.9555,25.0628,0,0
GTN_MV,D,20120302,000000,24.9555,25.384,24.9555,24.9555,0,0
GTN_MV,D,20120305,000000,25.384,25.4911,24.8484,25.4911,0,0
GTN_MV,D,20120306,000000,25.384,25.384,24.8484,25.0628,0,0
GTN_MV,D,20120307,000000,24.8484,25.2769,24.8484,25.1698,0,0
GTN_MV,D,20120308,000000,25.384,26.1337,25.1698,25.4911,0,0
GTN_MV,D,20120309,000000,25.9196,27.2049,25.9196,26.562,0,0
GTN_MV,D,20120312,000000,26.7765,27.2049,26.3479,26.455,0,0
GTN_MV,D,20120313,000000,26.6693,26.8835,26.562,26.8835,0,0
GTN_MV,D,20120314,000000,27.3118,28.0616,27.2049,28.0616,0,0
GTN_MV,D,20120315,000000,27.9546,28.7041,27.9546,28.276,0,0
GTN_MV,D,20120316,000000,28.276,28.4902,26.3479,26.3479,0,0
GTN_MV,D,20120319,000000,26.8835,26.8835,25.384,25.384,0,0
GTN_MV,D,20120320,000000,25.5982,25.5982,25.2769,25.384,0,0
GTN_MV,D,20120321,000000,25.4911,25.7052,25.2769,25.384,0,0
GTN_MV,D,20120322,000000,25.4911,25.5982,24.8484,25.0628,0,0
GTN_MV,D,20120323,000000,24.8484,25.2769,24.8484,24.9555,0,0
GTN_MV,D,20120326,000000,25.1698,25.4911,25.0628,25.2769,0,0
GTN_MV,D,20120327,000000,25.7052,25.7052,25.2769,25.384,0,0
GTN_MV,D,20120328,000000,25.4911,25.4911,25.2769,25.4911,0,0
GTN_MV,D,20120329,000000,25.4911,25.4911,25.0628,25.1698,0,0
GTN_MV,D,20120330,000000,25.1698,25.4911,25.1698,25.4911,0,0
GTN_MV,D,20120402,000000,25.384,25.384,25.2769,25.2769,0,0
GTN_MV,D,20120403,000000,25.2769,25.384,24.9555,25.384,0,0
GTN_MV,D,20120404,000000,25.1698,25.2769,24.9555,24.9555,0,0
GTN_MV,D,20120405,000000,25.0628,25.1698,24.8484,25.1698,0,0
GTN_MV,D,20120410,000000,24.8484,25.0628,24.8484,24.8484,0,0
GTN_MV,D,20120411,000000,24.8484,25.0628,24.6342,24.8484,0,0
GTN_MV,D,20120412,000000,24.8484,25.1698,24.7413,25.1698,0,0
GTN_MV,D,20120413,000000,25.1698,25.1698,25.0628,25.0628,0,0
GTN_MV,D,20120416,000000,24.8484,25.0628,24.7413,25.0628,0,0
GTN_MV,D,20120417,000000,24.6342,25.1698,24.6342,25.1698,0,0
GTN_MV,D,20120418,000000,25.1698,25.384,25.0628,25.2769,0,0
GTN_MV,D,20120419,000000,25.0628,25.384,25.0628,25.2769,0,0
GTN_MV,D,20120420,000000,25.2769,25.2769,25.0628,25.0628,0,0
GTN_MV,D,20120423,000000,24.9555,24.9555,24.2057,24.2057,0,0
GTN_MV,D,20120424,000000,23.9916,24.4201,23.9916,24.313,0,0
GTN_MV,D,20120425,000000,24.2057,24.4201,24.2057,24.2057,0,0
GTN_MV,D,20120426,000000,24.2057,24.4201,24.2057,24.313,0,0
GTN_MV,D,20120427,000000,24.2057,24.527,24.2057,24.527,0,0
GTN_MV,D,20120430,000000,24.527,24.527,24.2057,24.527,0,0
GTN_MV,D,20120502,000000,24.313,24.527,24.0987,24.313,0,0
GTN_MV,D,20120504,000000,23.8845,24.313,23.8845,23.8845,0,0
GTN_MV,D,20120507,000000,23.5632,23.6703,23.2418,23.4562,0,0
GTN_MV,D,20120508,000000,23.3489,23.9916,23.3489,23.9916,0,0
GTN_MV,D,20120509,000000,23.9916,24.2057,23.8845,23.8845,0,0
GTN_MV,D,20120510,000000,24.4201,25.0628,24.2057,24.2057,0,0
GTN_MV,D,20120511,000000,23.9916,24.8484,23.9916,24.6342,0,0
GTN_MV,D,20120514,000000,24.8484,24.9555,23.7772,23.8845,0,0
GTN_MV,D,20120515,000000,23.7772,23.8845,22.9206,23.2418,0,0
GTN_MV,D,20120516,000000,22.9206,22.9206,21.8496,22.2779,0,0
GTN_MV,D,20120517,000000,22.2779,22.4921,21.0998,21.0998,0,0
GTN_MV,D,20120518,000000,20.8855,21.0998,20.3501,20.8855,0,0
GTN_MV,D,20120521,000000,21.0998,21.2069,20.9926,21.0998,0,0
GTN_MV,D,20120522,000000,21.2069,21.7423,20.7784,21.314,0,0
GTN_MV,D,20120523,000000,20.9926,20.9926,19.8143,19.8143,0,0
GTN_MV,D,20120524,000000,20.0287,20.243,18.9576,19.0647,0,0
GTN_MV,D,20120525,000000,18.9576,19.2789,18.5291,18.7435,0,0
GTN_MV,D,20120528,000000,18.8506,19.2789,18.7435,19.2789,0,0
GTN_MV,D,20120529,000000,19.2789,19.6003,18.8506,19.6003,0,0
GTN_MV,D,20120530,000000,19.2789,19.2789,18.8506,18.9576,0,0
GTN_MV,D,20120531,000000,18.8506,19.2789,18.8506,18.9576,0,0
GTN_MV,D,20120601,000000,19.0647,19.0647,17.7794,17.7794,0,0
GTN_MV,D,20120604,000000,17.6724,17.6724,15.9587,16.6012,0,0
GTN_MV,D,20120605,000000,16.7084,16.7084,15.7444,16.387,0,0
GTN_MV,D,20120606,000000,16.6012,18.4221,16.6012,18.4221,0,0
GTN_MV,D,20120608,000000,18.4221,18.4221,17.351,17.7794,0,0
GTN_MV,D,20120611,000000,18.1008,18.5291,17.7794,18.2077,0,0
GTN_MV,D,20120612,000000,17.7794,18.315,17.7794,18.1008,0,0
GTN_MV,D,20120613,000000,18.2077,18.315,17.1369,17.4582,0,0
GTN_MV,D,20120614,000000,17.351,17.4582,16.4941,16.4941,0,0
GTN_MV,D,20120615,000000,16.4941,16.4941,15.4232,15.4232,0,0
GTN_MV,D,20120618,000000,15.9587,16.28,15.4232,15.4232,0,0
GTN_MV,D,20120619,000000,15.7444,15.9587,15.3159,15.8516,0,0
GTN_MV,D,20120620,000000,16.0658,17.0298,15.8516,16.7084,0,0
GTN_MV,D,20120621,000000,16.6012,17.1369,16.4941,16.6012,0,0
GTN_MV,D,20120622,000000,16.6012,16.9225,16.6012,16.9225,0,0
GTN_MV,D,20120625,000000,16.7084,16.9225,16.7084,16.8155,0,0
GTN_MV,D,20120626,000000,16.7084,17.9937,16.7084,17.8866,0,0
GTN_MV,D,20120627,000000,18.1008,18.7435,17.5653,18.315,0,0
GTN_MV,D,20120628,000000,18.315,18.315,17.6724,17.6724,0,0
GTN_MV,D,20120629,000000,17.9937,18.6364,17.9937,18.6364,0,0
GTN_MV,D,20120702,000000,18.6364,19.7074,18.6364,19.0647,0,0
GTN_MV,D,20120703,000000,19.0647,19.0647,18.4221,18.5291,0,0
GTN_MV,D,20120704,000000,18.4221,18.5291,17.7794,18.315,0,0
GTN_MV,D,20120705,000000,18.2077,18.7435,17.9937,18.5291,0,0
GTN_MV,D,20120706,000000,18.7435,18.7435,17.8866,17.9937,0,0
GTN_MV,D,20120709,000000,17.8866,18.1008,17.4582,17.4582,0,0
GTN_MV,D,20120710,000000,17.4582,17.7794,17.4582,17.4582,0,0
GTN_MV,D,20120711,000000,17.4582,17.6724,17.2439,17.4582,0,0
GTN_MV,D,20120712,000000,17.5653,17.6724,17.1369,17.1369,0,0
GTN_MV,D,20120713,000000,17.5653,17.5653,17.1369,17.351,0,0
GTN_MV,D,20120716,000000,17.4582,17.4582,17.1369,17.351,0,0
GTN_MV,D,20120717,000000,17.1369,17.7794,17.1369,17.6724,0,0
GTN_MV,D,20120718,000000,17.8866,18.315,17.8866,18.315,0,0
GTN_MV,D,20120719,000000,18.2077,18.6364,17.9937,18.2077,0,0
GTN_MV,D,20120720,000000,18.2077,18.5291,18.1008,18.1008,0,0
GTN_MV,D,20120723,000000,17.9937,17.9937,17.2439,17.351,0,0
GTN_MV,D,20120724,000000,17.1369,17.4582,17.1369,17.2439,0,0
GTN_MV,D,20120725,000000,17.1369,17.5653,17.1369,17.5653,0,0
GTN_MV,D,20120726,000000,17.351,17.7794,17.351,17.351,0,0
GTN_MV,D,20120727,000000,17.6724,17.7794,17.351,17.351,0,0
GTN_MV,D,20120730,000000,17.5653,17.5653,17.351,17.4582,0,0
GTN_MV,D,20120731,000000,17.4582,17.7794,17.351,17.6724,0,0
GTN_MV,D,20120801,000000,17.6724,17.6724,17.5653,17.6724,0,0
GTN_MV,D,20120802,000000,17.5653,17.7794,17.5653,17.5653,0,0
GTN_MV,D,20120803,000000,17.5653,17.7794,17.5653,17.6724,0,0
GTN_MV,D,20120806,000000,17.5653,17.8866,17.5653,17.8866,0,0
GTN_MV,D,20120807,000000,18.1008,18.1008,17.5653,17.7911,0,0
GTN_MV,D,20120808,000000,17.5766,17.7911,17.5766,17.6838,0,0
GTN_MV,D,20120809,000000,17.6838,18.2197,17.6838,18.2197,0,0
GTN_MV,D,20120810,000000,18.3268,18.3268,17.8981,18.2197,0,0
GTN_MV,D,20120813,000000,18.1126,18.1126,17.7911,17.8981,0,0
GTN_MV,D,20120814,000000,17.8981,17.8981,17.5766,17.5766,0,0
GTN_MV,D,20120816,000000,17.4694,17.8981,17.4694,17.8981,0,0
GTN_MV,D,20120817,000000,17.7911,17.8981,17.6838,17.6838,0,0
GTN_MV,D,20120820,000000,17.5766,17.7911,17.5766,17.6838,0,0
GTN_MV,D,20120821,000000,17.6838,17.8981,17.5766,17.6838,0,0
GTN_MV,D,20120822,000000,17.6838,17.6838,17.5766,17.6838,0,0
GTN_MV,D,20120823,000000,17.6838,17.6838,17.3623,17.5766,0,0
GTN_MV,D,20120824,000000,17.3623,17.6838,17.2551,17.6838,0,0
GTN_MV,D,20120827,000000,17.3623,17.4694,17.2551,17.4694,0,0
GTN_MV,D,20120828,000000,17.2551,17.2551,17.0407,17.0407,0,0
GTN_MV,D,20120829,000000,17.0407,17.1479,16.6121,16.8264,0,0
GTN_MV,D,20120830,000000,16.8264,16.9336,16.3978,16.9336,0,0
GTN_MV,D,20120831,000000,16.8264,17.1479,16.6121,17.1479,0,0
GTN_MV,D,20120903,000000,16.8264,17.2551,16.8264,17.1479,0,0
GTN_MV,D,20120904,000000,17.1479,17.1479,17.0407,17.1479,0,0
GTN_MV,D,20120905,000000,17.0407,17.1479,16.6121,16.6121,0,0
GTN_MV,D,20120906,000000,16.7191,16.9336,16.6121,16.9336,0,0
GTN_MV,D,20120907,000000,17.0407,17.4694,16.9336,17.4694,0,0
GTN_MV,D,20120910,000000,17.3623,17.5766,16.9336,17.2551,0,0
GTN_MV,D,20120911,000000,17.2551,17.3623,17.0407,17.3623,0,0
GTN_MV,D,20120912,000000,17.2551,17.7911,17.1479,17.7911,0,0
GTN_MV,D,20120913,000000,17.7911,18.0054,17.5766,17.6838,0,0
GTN_MV,D,20120914,000000,18.3268,19.5058,18.3268,19.5058,0,0
GTN_MV,D,20120917,000000,19.2913,19.8272,18.9698,19.2913,0,0
GTN_MV,D,20120918,000000,19.1844,20.1488,19.1844,20.1488,0,0
GTN_MV,D,20120919,000000,20.2559,20.3633,19.8272,20.0417,0,0
GTN_MV,D,20120920,000000,19.8272,19.8272,18.8626,19.1844,0,0
GTN_MV,D,20120921,000000,19.1844,20.0417,19.1844,20.0417,0,0
GTN_MV,D,20120924,000000,20.2559,20.792,20.1488,20.792,0,0
GTN_MV,D,20120925,000000,20.8989,21.0062,20.3633,20.792,0,0
GTN_MV,D,20120926,000000,20.4702,20.4702,19.8272,19.9345,0,0
GTN_MV,D,20120927,000000,19.9345,20.792,19.9345,20.792,0,0
GTN_MV,D,20120928,000000,21.0062,22.1852,20.792,21.435,0,0
GTN_MV,D,20121001,000000,21.435,23.6854,21.435,23.6854,0,0
GTN_MV,D,20121002,000000,24.1142,26.1506,24.1142,25.7219,0,0
GTN_MV,D,20121003,000000,25.7219,25.9361,24.9716,25.1861,0,0
GTN_MV,D,20121004,000000,24.9716,25.4003,24.6502,24.6502,0,0
GTN_MV,D,20121005,000000,24.7573,26.901,24.5429,26.901,0,0
GTN_MV,D,20121008,000000,27.2224,27.5438,26.2578,26.7937,0,0
GTN_MV,D,20121009,000000,26.4722,27.4368,26.3647,26.4722,0,0
GTN_MV,D,20121010,000000,26.4722,26.4722,25.7219,25.7219,0,0
GTN_MV,D,20121011,000000,25.5075,25.7219,24.8645,25.1861,0,0
GTN_MV,D,20121012,000000,25.1861,25.293,24.6502,24.7573,0,0
GTN_MV,D,20121015,000000,24.4358,24.6502,24.2215,24.5429,0,0
GTN_MV,D,20121016,000000,25.1861,26.1506,24.5429,25.6148,0,0
GTN_MV,D,20121017,000000,26.0435,26.5793,24.7573,24.8645,0,0
GTN_MV,D,20121018,000000,25.293,25.9361,24.8645,25.293,0,0
GTN_MV,D,20121019,000000,25.5075,25.5075,24.6502,24.6502,0,0
GTN_MV,D,20121022,000000,24.8645,24.9716,24.3286,24.4358,0,0
GTN_MV,D,20121023,000000,24.6502,24.6502,23.6854,24.4358,0,0
GTN_MV,D,20121024,000000,23.6854,24.6502,23.5785,24.6502,0,0
GTN_MV,D,20121025,000000,24.6502,25.0789,24.6502,24.6502,0,0
GTN_MV,D,20121026,000000,24.4358,24.8645,23.8999,24.2215,0,0
GTN_MV,D,20121029,000000,24.2215,24.3286,24.1142,24.1142,0,0
GTN_MV,D,20121030,000000,24.1142,24.4358,24.0071,24.3286,0,0
GTN_MV,D,20121031,000000,24.3286,25.0789,24.3286,24.6502,0,0
GTN_MV,D,20121102,000000,25.0789,25.0789,24.5429,24.6502,0,0
GTN_MV,D,20121105,000000,24.6502,24.7573,24.5429,24.5429,0,0
GTN_MV,D,20121106,000000,24.5429,24.7573,24.4358,24.6502,0,0
GTN_MV,D,20121107,000000,24.6502,24.7573,24.1142,24.1142,0,0
GTN_MV,D,20121108,000000,24.3286,24.4358,24.0071,24.2215,0,0
GTN_MV,D,20121109,000000,24.3286,24.6502,24.2215,24.4358,0,0
GTN_MV,D,20121112,000000,24.5429,25.9361,24.5429,25.5075,0,0
GTN_MV,D,20121113,000000,25.5075,25.6148,25.293,25.4003,0,0
GTN_MV,D,20121114,000000,25.4003,26.3647,25.4003,26.1506,0,0
GTN_MV,D,20121115,000000,26.0435,26.6865,26.0435,26.1506,0,0
GTN_MV,D,20121116,000000,26.2578,26.4722,26.1506,26.1506,0,0
GTN_MV,D,20121119,000000,26.2578,26.5793,26.0435,26.3647,0,0
GTN_MV,D,20121120,000000,26.2578,26.4722,26.0435,26.4722,0,0
GTN_MV,D,20121121,000000,26.4722,26.6865,26.1506,26.2578,0,0
GTN_MV,D,20121122,000000,26.2578,26.4722,26.1506,26.2578,0,0
GTN_MV,D,20121123,000000,26.2578,26.3647,26.1506,26.2578,0,0
GTN_MV,D,20121126,000000,26.2578,26.3647,26.1506,26.2578,0,0
GTN_MV,D,20121127,000000,26.2578,26.7937,26.2578,26.3647,0,0
GTN_MV,D,20121128,000000,26.5793,26.5793,26.2578,26.3647,0,0
GTN_MV,D,20121129,000000,26.7937,27.1151,26.3647,27.0079,0,0
GTN_MV,D,20121130,000000,27.3296,28.0796,27.3296,27.8654,0,0
GTN_MV,D,20121203,000000,27.8654,27.8654,27.651,27.7582,0,0
GTN_MV,D,20121204,000000,27.8654,29.0444,27.4368,29.0444,0,0
GTN_MV,D,20121205,000000,29.4733,30.3302,28.9371,29.4733,0,0
GTN_MV,D,20121206,000000,29.4733,29.4733,28.9371,29.2721,0,0
GTN_MV,D,20121207,000000,28.8429,29.0574,28.6287,28.9504,0,0
GTN_MV,D,20121210,000000,28.9504,28.9504,28.0924,28.3068,0,0
GTN_MV,D,20121211,000000,28.4143,29.0574,28.4143,28.736,0,0
GTN_MV,D,20121212,000000,28.9504,29.1649,28.736,28.9504,0,0
GTN_MV,D,20121213,000000,28.9504,29.0574,28.4143,29.0574,0,0
GTN_MV,D,20121214,000000,28.8429,29.4863,28.8429,29.1649,0,0
GTN_MV,D,20121217,000000,29.379,29.379,28.736,29.2721,0,0
GTN_MV,D,20121218,000000,29.0574,29.4863,28.9504,29.4863,0,0
GTN_MV,D,20121219,000000,29.4863,30.8802,29.4863,30.5587,0,0
GTN_MV,D,20121220,000000,30.5587,30.6657,30.1299,30.4513,0,0
GTN_MV,D,20121221,000000,30.2368,30.2368,29.4863,30.0226,0,0
GTN_MV,D,20121227,000000,29.701,30.2368,29.4863,30.0226,0,0
GTN_MV,D,20121228,000000,30.5587,30.6657,29.4863,30.2368,0,0
GTN_MV,D,20130102,000000,30.2368,30.5587,29.9151,30.0226,0,0
GTN_MV,D,20130103,000000,30.0226,30.1299,29.2721,29.5937,0,0
GTN_MV,D,20130104,000000,29.379,29.5937,28.9504,29.1649,0,0
GTN_MV,D,20130107,000000,28.9504,29.1649,27.6635,27.8779,0,0
GTN_MV,D,20130108,000000,27.8779,28.0924,26.5915,26.9132,0,0
GTN_MV,D,20130109,000000,27.2346,27.6635,26.9132,27.2346,0,0
GTN_MV,D,20130110,000000,27.2346,27.6635,27.2346,27.5562,0,0
GTN_MV,D,20130111,000000,27.4493,27.5562,27.3418,27.5562,0,0
GTN_MV,D,20130114,000000,27.7707,28.1998,27.5562,27.8779,0,0
GTN_MV,D,20130115,000000,27.8779,27.8779,27.3418,27.4493,0,0
GTN_MV,D,20130116,000000,28.0924,28.5213,28.0924,28.5213,0,0
GTN_MV,D,20130117,000000,28.5213,29.9151,28.4143,29.9151,0,0
GTN_MV,D,20130118,000000,29.9151,30.5587,29.9151,30.5587,0,0
GTN_MV,D,20130121,000000,30.4513,30.8802,30.4513,30.7729,0,0
GTN_MV,D,20130122,000000,30.5587,30.7729,30.1299,30.4513,0,0
GTN_MV,D,20130123,000000,30.5587,30.5587,30.0226,30.344,0,0
GTN_MV,D,20130124,000000,30.0226,30.2368,29.8079,29.8079,0,0
GTN_MV,D,20130125,000000,29.8079,29.8079,29.1649,29.4863,0,0
GTN_MV,D,20130128,000000,29.4863,29.4863,28.6287,28.9504,0,0
GTN_MV,D,20130129,000000,28.9504,28.9504,28.1998,28.9504,0,0
GTN_MV,D,20130130,000000,28.5213,29.5937,28.5213,28.9504,0,0
GTN_MV,D,20130131,000000,28.5213,29.1649,28.4143,29.1649,0,0
GTN_MV,D,20130201,000000,29.0574,29.701,29.0574,29.701,0,0
GTN_MV,D,20130204,000000,30.0226,30.344,28.736,28.736,0,0
GTN_MV,D,20130205,000000,29.0574,29.0574,27.6635,27.8779,0,0
GTN_MV,D,20130206,000000,28.1998,29.0574,27.8779,28.0924,0,0
GTN_MV,D,20130207,000000,27.8779,28.3068,27.8779,27.9854,0,0
GTN_MV,D,20130208,000000,27.9854,28.9504,27.9854,28.9504,0,0
GTN_MV,D,20130211,000000,29.1649,29.2721,28.9504,29.2721,0,0
GTN_MV,D,20130212,000000,29.2721,29.2721,28.6287,28.9504,0,0
GTN_MV,D,20130213,000000,29.1649,29.2721,28.6287,28.9504,0,0
GTN_MV,D,20130214,000000,28.8429,28.8429,28.3068,28.8429,0,0
GTN_MV,D,20130215,000000,28.5213,29.0574,28.5213,28.9504,0,0
GTN_MV,D,20130218,000000,28.9504,29.4863,28.6287,29.379,0,0
GTN_MV,D,20130219,000000,29.379,29.379,28.8429,28.8429,0,0
GTN_MV,D,20130220,000000,28.9504,29.0574,28.736,28.8429,0,0
GTN_MV,D,20130221,000000,28.736,28.736,27.8779,28.1998,0,0
GTN_MV,D,20130222,000000,28.3068,28.4143,27.9854,28.3068,0,0
GTN_MV,D,20130225,000000,28.4143,29.379,28.3068,29.1649,0,0
GTN_MV,D,20130226,000000,28.9504,29.379,28.8429,29.0574,0,0
GTN_MV,D,20130227,000000,29.2721,30.5587,29.2721,30.344,0,0
GTN_MV,D,20130228,000000,30.4513,30.5587,30.1299,30.4513,0,0
GTN_MV,D,20130301,000000,30.4513,30.6657,30.344,30.344,0,0
GTN_MV,D,20130304,000000,30.4513,30.7729,30.1299,30.344,0,0
GTN_MV,D,20130305,000000,30.0226,30.5587,29.701,30.2368,0,0
GTN_MV,D,20130306,000000,30.2368,30.7729,30.2368,30.344,0,0
GTN_MV,D,20130307,000000,30.2368,30.7729,30.2368,30.7729,0,0
GTN_MV,D,20130308,000000,31.0946,33.6679,30.7729,33.4538,0,0
GTN_MV,D,20130311,000000,33.7752,34.7402,33.4538,34.0971,0,0
GTN_MV,D,20130312,000000,33.9899,34.0971,31.4165,31.4165,0,0
GTN_MV,D,20130313,000000,31.309,31.309,29.9151,30.344,0,0
GTN_MV,D,20130314,000000,30.6657,30.9876,30.2368,30.2368,0,0
GTN_MV,D,20130315,000000,30.4513,30.6657,29.9151,29.9151,0,0
GTN_MV,D,20130318,000000,29.701,29.701,28.0924,29.379,0,0
GTN_MV,D,20130319,000000,29.379,29.379,28.736,29.2721,0,0
GTN_MV,D,20130320,000000,29.379,29.8079,28.9504,28.9504,0,0
GTN_MV,D,20130321,000000,29.1649,29.379,27.5562,27.8779,0,0
GTN_MV,D,20130322,000000,27.6635,27.6635,26.2697,27.5562,0,0
GTN_MV,D,20130325,000000,28.1998,28.736,26.9132,26.9132,0,0
GTN_MV,D,20130326,000000,27.2346,27.8779,26.5915,27.8779,0,0
GTN_MV,D,20130327,000000,27.9854,29.0574,27.8779,27.8779,0,0
GTN_MV,D,20130328,000000,28.9504,29.1649,28.4143,29.1649,0,0
GTN_MV,D,20130402,000000,29.0574,29.1649,28.5213,28.9504,0,0
GTN_MV,D,20130403,000000,28.8429,28.8429,27.4493,27.6635,0,0
GTN_MV,D,20130404,000000,27.6635,27.8779,26.9132,27.3418,0,0
GTN_MV,D,20130405,000000,27.0204,27.9854,27.0204,27.6635,0,0
GTN_MV,D,20130408,000000,27.7707,28.0924,27.5562,27.5562,0,0
GTN_MV,D,20130409,000000,27.7707,27.7707,27.1274,27.1274,0,0
GTN_MV,D,20130410,000000,27.2346,27.8779,27.0204,27.6635,0,0
GTN_MV,D,20130411,000000,27.5562,27.9854,27.5562,27.6635,0,0
GTN_MV,D,20130412,000000,27.7707,27.7707,27.2346,27.3418,0,0
GTN_MV,D,20130415,000000,27.0204,27.0204,26.6985,26.9132,0,0
GTN_MV,D,20130417,000000,27.0204,27.0204,24.6613,24.6613,0,0
GTN_MV,D,20130418,000000,24.6613,24.9831,23.9106,24.0179,0,0
GTN_MV,D,20130419,000000,24.554,24.554,23.0531,23.2674,0,0
GTN_MV,D,20130422,000000,23.6963,23.6963,21.3374,21.4445,0,0
GTN_MV,D,20130423,000000,21.7663,21.9807,21.1229,21.4445,0,0
GTN_MV,D,20130424,000000,21.7663,23.589,21.5518,23.589,0,0
GTN_MV,D,20130425,000000,23.6963,23.6963,23.0531,23.2674,0,0
GTN_MV,D,20130426,000000,23.6046,25.4032,23.6046,25.0658,0,0
GTN_MV,D,20130429,000000,25.0658,25.9651,25.0658,25.1782,0,0
GTN_MV,D,20130430,000000,25.2907,25.2907,24.7286,25.1782,0,0
GTN_MV,D,20130502,000000,24.2792,24.9535,24.2792,24.7286,0,0
GTN_MV,D,20130506,000000,24.7286,25.6279,24.7286,25.6279,0,0
GTN_MV,D,20130507,000000,25.7402,26.3022,25.7402,25.9651,0,0
GTN_MV,D,20130508,000000,26.0775,27.2014,26.0775,27.2014,0,0
GTN_MV,D,20130509,000000,27.4262,27.4262,26.9769,27.0891,0,0
GTN_MV,D,20130510,000000,27.0891,27.2014,26.7521,27.0891,0,0
GTN_MV,D,20130513,000000,27.0891,27.5387,26.9769,27.4262,0,0
GTN_MV,D,20130514,000000,27.0891,29.4496,27.0891,29.4496,0,0
GTN_MV,D,20130515,000000,29.2248,29.2248,27.3139,27.9883,0,0
GTN_MV,D,20130516,000000,28.1009,28.4379,27.7635,28.4379,0,0
GTN_MV,D,20130517,000000,28.4379,28.6627,28.1009,28.5502,0,0
GTN_MV,D,20130520,000000,28.4379,29,28.4379,28.6627,0,0
GTN_MV,D,20130521,000000,28.6627,28.7752,28.3256,28.3256,0,0
GTN_MV,D,20130522,000000,28.2134,28.4379,28.2134,28.4379,0,0
GTN_MV,D,20130523,000000,28.1009,28.1009,27.2014,28.1009,0,0
GTN_MV,D,20130524,000000,28.4379,28.5502,27.9883,28.5502,0,0
GTN_MV,D,20130527,000000,28.5502,30.3488,28.5502,30.124,0,0
GTN_MV,D,20130528,000000,30.124,31.0232,30.124,30.3488,0,0
GTN_MV,D,20130529,000000,30.124,30.3488,29.8992,30.124,0,0
GTN_MV,D,20130531,000000,30.124,31.3603,30.0118,30.727,0,0
GTN_MV,D,20130603,000000,30.2785,30.839,29.942,30.6147,0,0
GTN_MV,D,20130604,000000,30.839,30.839,30.2785,30.727,0,0
GTN_MV,D,20130605,000000,30.2785,31.1755,30.2785,31.1755,0,0
GTN_MV,D,20130606,000000,31.1755,31.2875,30.5027,31.0635,0,0
GTN_MV,D,20130607,000000,30.839,31.2875,30.6147,31.2875,0,0
GTN_MV,D,20130610,000000,31.3998,32.1849,31.3998,32.0726,0,0
GTN_MV,D,20130611,000000,32.0726,32.7454,31.1755,32.7454,0,0
GTN_MV,D,20130612,000000,32.6334,32.7454,32.1849,32.1849,0,0
GTN_MV,D,20130613,000000,31.9606,32.6334,31.9606,32.5211,0,0
GTN_MV,D,20130614,000000,32.7454,33.4185,32.7454,33.4185,0,0
GTN_MV,D,20130617,000000,33.5305,33.6425,32.8577,33.1942,0,0
GTN_MV,D,20130618,000000,33.1942,33.1942,32.7454,32.7454,0,0
GTN_MV,D,20130619,000000,32.7454,33.1942,32.7454,33.1942,0,0
GTN_MV,D,20130620,000000,32.6334,32.6334,31.1755,31.6241,0,0
GTN_MV,D,20130621,000000,31.0635,32.5211,30.054,31.6241,0,0
GTN_MV,D,20130624,000000,32.2971,32.2971,30.9513,31.3998,0,0
GTN_MV,D,20130625,000000,31.3998,31.8486,31.1755,31.3998,0,0
GTN_MV,D,20130626,000000,30.839,31.8486,30.2785,31.8486,0,0
GTN_MV,D,20130627,000000,31.8486,31.9606,30.839,30.9513,0,0
GTN_MV,D,20130628,000000,30.9513,31.6241,30.839,31.3998,0,0
GTN_MV,D,20130701,000000,31.3998,31.7363,30.839,31.7363,0,0
GTN_MV,D,20130702,000000,31.3998,33.0822,31.3998,32.5211,0,0
GTN_MV,D,20130703,000000,32.8577,32.8577,31.6241,31.6241,0,0
GTN_MV,D,20130704,000000,31.8486,31.9606,31.3998,31.7363,0,0
GTN_MV,D,20130705,000000,31.5121,31.8486,31.0635,31.0635,0,0
GTN_MV,D,20130708,000000,30.9513,31.3998,29.942,30.5027,0,0
GTN_MV,D,20130709,000000,30.6147,30.6147,29.942,30.1662,0,0
GTN_MV,D,20130710,000000,30.2785,30.727,30.054,30.6147,0,0
GTN_MV,D,20130711,000000,30.727,31.1755,30.6147,30.839,0,0
GTN_MV,D,20130712,000000,31.1755,32.1849,30.6147,31.8486,0,0
GTN_MV,D,20130715,000000,31.8486,32.1849,31.7363,31.8486,0,0
GTN_MV,D,20130716,000000,31.9606,32.2971,31.7363,31.9606,0,0
GTN_MV,D,20130717,000000,32.1849,32.7454,31.6241,32.7454,0,0
GTN_MV,D,20130718,000000,32.9699,32.9699,32.4091,32.6334,0,0
GTN_MV,D,20130719,000000,32.5211,32.9699,32.4091,32.4091,0,0
GTN_MV,D,20130722,000000,32.7454,32.7454,32.4091,32.7454,0,0
GTN_MV,D,20130723,000000,32.6334,33.6425,32.5211,32.5211,0,0
GTN_MV,D,20130724,000000,32.8577,32.9699,32.2971,32.9699,0,0
GTN_MV,D,20130725,000000,32.8577,32.8577,32.4091,32.6334,0,0
GTN_MV,D,20130726,000000,32.8577,32.8577,32.4091,32.5241,0,0
GTN_MV,D,20130729,000000,32.4121,32.8609,32.2998,32.8609,0,0
GTN_MV,D,20130730,000000,32.9729,32.9729,32.4121,32.8609,0,0
GTN_MV,D,20130731,000000,32.5241,35.44,32.5241,35.44,0,0
GTN_MV,D,20130801,000000,35.44,37.0102,35.2158,37.0102,0,0
GTN_MV,D,20130802,000000,37.2344,38.244,36.4494,37.7952,0,0
GTN_MV,D,20130805,000000,37.7952,38.6925,37.459,38.4683,0,0
GTN_MV,D,20130806,000000,38.5803,38.6925,38.1318,38.1318,0,0
GTN_MV,D,20130807,000000,38.1318,40.5992,37.2344,40.3747,0,0
GTN_MV,D,20130808,000000,39.9261,41.272,39.9261,40.5992,0,0
GTN_MV,D,20130809,000000,40.7112,41.272,40.5992,41.0477,0,0
GTN_MV,D,20130812,000000,41.0477,41.0477,40.1504,40.5992,0,0
GTN_MV,D,20130813,000000,40.4869,40.4869,39.9261,40.3747,0,0
GTN_MV,D,20130814,000000,39.8141,40.2627,39.7021,40.1504,0,0
GTN_MV,D,20130816,000000,39.7021,40.1504,39.0291,39.5899,0,0
GTN_MV,D,20130819,000000,39.5899,39.5899,38.9171,39.1411,0,0
GTN_MV,D,20130820,000000,39.1411,39.1411,38.8045,39.0291,0,0
GTN_MV,D,20130821,000000,39.0291,40.2627,39.0291,39.8141,0,0
GTN_MV,D,20130822,000000,39.8141,40.8232,39.8141,40.4869,0,0
GTN_MV,D,20130823,000000,40.7112,41.9448,40.7112,41.6085,0,0
GTN_MV,D,20130826,000000,41.4963,43.4029,41.4963,42.6179,0,0
GTN_MV,D,20130827,000000,42.8421,42.8421,40.4869,40.7112,0,0
GTN_MV,D,20130828,000000,40.3747,41.9448,39.8141,41.4963,0,0
GTN_MV,D,20130829,000000,41.6085,42.0571,40.9357,41.3843,0,0
GTN_MV,D,20130830,000000,41.4963,42.0571,40.1504,40.1504,0,0
GTN_MV,D,20130902,000000,40.8232,42.1693,40.8232,41.8328,0,0
GTN_MV,D,20130903,000000,42.2816,42.2816,41.0477,41.0477,0,0
GTN_MV,D,20130904,000000,41.0477,41.3843,38.8045,40.3747,0,0
GTN_MV,D,20130905,000000,39.2533,39.4773,35.8886,37.6832,0,0
GTN_MV,D,20130906,000000,37.5712,40.9357,37.5712,39.8141,0,0
GTN_MV,D,20130909,000000,40.3747,41.272,40.3747,41.272,0,0
GTN_MV,D,20130910,000000,41.4963,43.1787,41.3843,42.7301,0,0
GTN_MV,D,20130911,000000,42.7301,44.4122,42.7301,44.4122,0,0
GTN_MV,D,20130912,000000,44.4122,45.4216,44.4122,45.1973,0,0
GTN_MV,D,20130913,000000,44.8608,45.0853,43.7395,43.7395,0,0
GTN_MV,D,20130916,000000,43.8515,45.1973,43.7395,44.3002,0,0
GTN_MV,D,20130917,000000,44.6365,44.7488,43.7395,44.3002,0,0
GTN_MV,D,20130918,000000,44.8608,45.1973,44.0757,45.1973,0,0
GTN_MV,D,20130919,000000,45.7584,46.5432,44.5245,44.8608,0,0
GTN_MV,D,20130920,000000,45.3096,45.3096,44.6365,44.6365,0,0
GTN_MV,D,20130923,000000,44.8608,45.0853,44.5245,44.5245,0,0
GTN_MV,D,20130924,000000,44.3002,44.7488,43.1787,43.1787,0,0
GTN_MV,D,20130925,000000,42.9544,44.6365,42.0571,43.8515,0,0
GTN_MV,D,20130926,000000,43.8515,45.0853,43.8515,45.0853,0,0
GTN_MV,D,20130927,000000,45.3096,45.5336,44.188,45.0853,0,0
GTN_MV,D,20130930,000000,44.8608,44.8608,43.8515,44.7488,0,0
GTN_MV,D,20131001,000000,44.0757,44.6365,43.8515,44.188,0,0
GTN_MV,D,20131002,000000,44.188,44.7488,43.9637,44.6365,0,0
GTN_MV,D,20131003,000000,44.5245,45.6461,44.5245,45.3096,0,0
GTN_MV,D,20131004,000000,45.5336,45.7584,44.8608,44.9733,0,0
GTN_MV,D,20131007,000000,44.8608,44.8608,44.6365,44.7488,0,0
GTN_MV,D,20131008,000000,44.7488,44.7488,44.4122,44.5245,0,0
GTN_MV,D,20131009,000000,44.188,44.5245,44.188,44.3002,0,0
GTN_MV,D,20131010,000000,44.4122,48.0013,44.4122,48.0013,0,0
GTN_MV,D,20131011,000000,48.0013,49.1226,47.2162,47.889,0,0
GTN_MV,D,20131014,000000,47.889,49.2349,47.3282,49.2349,0,0
GTN_MV,D,20131015,000000,49.6837,51.0295,49.6837,50.2442,0,0
GTN_MV,D,20131016,000000,50.1319,50.2442,48.7864,49.3469,0,0
GTN_MV,D,20131017,000000,50.4685,50.4685,48.5618,48.5618,0,0
GTN_MV,D,20131018,000000,48.5618,48.5618,45.4216,46.2066,0,0
GTN_MV,D,20131021,000000,46.8794,49.3469,46.8794,49.3469,0,0
GTN_MV,D,20131022,000000,49.7957,49.9077,48.7864,48.7864,0,0
GTN_MV,D,20131023,000000,49.2349,49.2349,47.6648,48.7864,0,0
GTN_MV,D,20131024,000000,48.8984,49.5714,48.8984,49.4591,0,0
GTN_MV,D,20131025,000000,49.6837,49.6837,48.8984,49.5714,0,0
GTN_MV,D,20131028,000000,49.3469,50.2442,49.3469,49.3469,0,0
GTN_MV,D,20131029,000000,49.3469,49.4591,49.3469,49.4591,0,0
GTN_MV,D,20131030,000000,50.0199,50.2442,49.2349,50.2442,0,0
GTN_MV,D,20131031,000000,50.2442,50.2442,49.0106,49.0106,0,0
GTN_MV,D,20131104,000000,48.3378,50.2442,47.104,50.2442,0,0
GTN_MV,D,20131105,000000,49.9077,50.1319,49.3469,49.4591,0,0
GTN_MV,D,20131106,000000,49.1226,49.3469,48.3378,49.0106,0,0
GTN_MV,D,20131107,000000,48.7864,49.3469,48.5618,49.3469,0,0
GTN_MV,D,20131108,000000,48.4498,49.3469,47.6648,47.6648,0,0
GTN_MV,D,20131112,000000,47.6648,49.6837,47.6648,49.6837,0,0
GTN_MV,D,20131113,000000,48.7864,49.1226,48.0013,48.2256,0,0
GTN_MV,D,20131114,000000,49.0106,49.4591,48.3378,48.7864,0,0
GTN_MV,D,20131115,000000,49.0106,49.1226,48.2256,49.1226,0,0
GTN_MV,D,20131118,000000,49.1226,49.3469,48.2256,49.2349,0,0
GTN_MV,D,20131119,000000,49.1226,49.2349,48.6741,49.1226,0,0
GTN_MV,D,20131120,000000,49.2349,49.2349,48.2256,49.2349,0,0
GTN_MV,D,20131121,000000,49.2349,50.0199,48.7864,49.6837,0,0
GTN_MV,D,20131122,000000,49.7957,50.5807,48.8984,48.8984,0,0
GTN_MV,D,20131125,000000,48.8984,49.6837,48.6741,49.6837,0,0
GTN_MV,D,20131126,000000,49.5714,49.5714,48.4498,49.1226,0,0
GTN_MV,D,20131127,000000,49.2349,49.2349,48.6741,48.7864,0,0
GTN_MV,D,20131128,000000,48.7864,48.7864,48.2256,48.7864,0,0
GTN_MV,D,20131129,000000,48.3378,49.9077,48.2256,49.7957,0,0
GTN_MV,D,20131202,000000,49.2349,49.4591,48.8984,49.3469,0,0
GTN_MV,D,20131203,000000,49.2349,49.2349,48.3378,48.3378,0,0
GTN_MV,D,20131204,000000,48.7864,48.7864,48.2256,48.6741,0,0
GTN_MV,D,20131205,000000,48.3378,48.6741,48.1133,48.2256,0,0
GTN_MV,D,20131206,000000,48.2256,49.2349,47.6648,49.2349,0,0
GTN_MV,D,20131209,000000,49.2349,49.3469,48.7864,48.7864,0,0
GTN_MV,D,20131210,000000,48.7864,49.0106,48.5618,49.0106,0,0
GTN_MV,D,20131211,000000,48.4498,49.0106,48.4498,49.0106,0,0
GTN_MV,D,20131212,000000,49.0106,49.0106,47.5525,47.889,0,0
GTN_MV,D,20131213,000000,47.6648,48.0013,47.5525,48.0013,0,0
GTN_MV,D,20131216,000000,47.6648,47.889,47.104,47.4405,0,0
GTN_MV,D,20131217,000000,47.2162,47.4405,44.4122,44.4122,0,0
GTN_MV,D,20131218,000000,44.4122,44.8608,42.8421,43.7395,0,0
GTN_MV,D,20131219,000000,44.5245,44.8608,43.2907,43.2907,0,0
GTN_MV,D,20131220,000000,43.2907,44.3002,43.2907,43.7395,0,0
GTN_MV,D,20131223,000000,43.9637,44.7488,43.7395,43.7434,0,0
GTN_MV,D,20131227,000000,44.4165,44.8653,42.6218,42.6218,0,0
GTN_MV,D,20131230,000000,43.1826,44.3045,42.2853,42.2853,0,0
GTN_MV,D,20140102,000000,42.7341,45.7626,42.7341,44.6408,0,0
GTN_MV,D,20140103,000000,45.5381,45.5381,44.6408,44.6408,0,0
GTN_MV,D,20140107,000000,44.4165,44.4165,42.7341,44.1922,0,0
GTN_MV,D,20140108,000000,43.4072,43.6312,42.8464,43.0704,0,0
GTN_MV,D,20140109,000000,42.6218,43.2949,42.6218,42.8464,0,0
GTN_MV,D,20140110,000000,42.6218,44.1922,42.6218,42.8464,0,0
GTN_MV,D,20140113,000000,44.1922,45.0896,44.1922,44.5285,0,0
GTN_MV,D,20140114,000000,44.753,44.753,43.7434,44.5285,0,0
GTN_MV,D,20140115,000000,44.753,46.5477,44.3045,46.5477,0,0
GTN_MV,D,20140116,000000,46.6599,48.7909,46.6599,48.1178,0,0
GTN_MV,D,20140117,000000,48.2301,48.2301,46.5477,46.6599,0,0
GTN_MV,D,20140120,000000,47.1085,47.1085,45.4258,46.3234,0,0
GTN_MV,D,20140121,000000,46.3234,46.9962,46.3234,46.7719,0,0
GTN_MV,D,20140122,000000,46.8839,47.2205,45.6504,45.8746,0,0
GTN_MV,D,20140123,000000,45.6504,46.4354,45.6504,46.4354,0,0
GTN_MV,D,20140124,000000,46.4354,46.4354,45.2018,45.9866,0,0
GTN_MV,D,20140127,000000,44.8653,45.9866,43.7434,45.9866,0,0
GTN_MV,D,20140128,000000,44.3045,46.6599,44.3045,46.6599,0,0
GTN_MV,D,20140129,000000,46.6599,47.8935,46.2111,46.4354,0,0
GTN_MV,D,20140130,000000,45.0896,46.7719,45.0896,45.9866,0,0
GTN_MV,D,20140131,000000,46.3234,46.3234,45.4258,45.4258,0,0
GTN_MV,D,20140203,000000,45.7626,46.3234,45.0896,45.0896,0,0
GTN_MV,D,20140204,000000,44.6408,45.9866,44.5285,45.9866,0,0
GTN_MV,D,20140205,000000,45.5381,46.5477,45.4258,46.5477,0,0
GTN_MV,D,20140206,000000,46.5477,47.6693,46.5477,47.2205,0,0
GTN_MV,D,20140207,000000,47.1085,47.2205,46.8839,47.2205,0,0
GTN_MV,D,20140210,000000,47.2205,49.3517,46.8839,49.3517,0,0
GTN_MV,D,20140211,000000,49.3517,49.5762,48.9029,49.0154,0,0
GTN_MV,D,20140212,000000,49.2394,49.9127,48.9029,49.9127,0,0
GTN_MV,D,20140213,000000,49.8002,49.9127,48.7909,49.6882,0,0
GTN_MV,D,20140214,000000,49.1274,49.6882,48.3421,48.9029,0,0
GTN_MV,D,20140217,000000,48.4543,49.1274,48.4543,48.6786,0,0
GTN_MV,D,20140218,000000,48.6786,48.6786,48.2301,48.2301,0,0
GTN_MV,D,20140219,000000,47.8935,48.0058,46.6599,46.8839,0,0
GTN_MV,D,20140220,000000,46.4354,46.4354,45.3138,45.6504,0,0
GTN_MV,D,20140221,000000,46.4354,46.7719,46.3234,46.4354,0,0
GTN_MV,D,20140224,000000,48.2301,48.2301,46.9962,47.1085,0,0
GTN_MV,D,20140225,000000,46.7719,46.9962,45.8746,45.9866,0,0
GTN_MV,D,20140226,000000,45.9866,45.9866,45.2018,45.2018,0,0
GTN_MV,D,20140227,000000,45.2018,45.7626,44.08,44.6408,0,0
GTN_MV,D,20140228,000000,45.4258,45.4258,44.6408,44.8653,0,0
GTN_MV,D,20140303,000000,43.1826,43.1826,38.472,38.6963,0,0
GTN_MV,D,20140304,000000,40.2664,42.6218,38.6963,41.5005,0,0
GTN_MV,D,20140305,000000,41.5005,42.7341,40.0421,40.2664,0,0
GTN_MV,D,20140306,000000,40.2664,41.2757,39.7056,39.8176,0,0
GTN_MV,D,20140307,000000,39.9299,39.9299,38.0232,38.1355,0,0
GTN_MV,D,20140310,000000,38.1355,38.1355,35.219,36.9016,0,0
GTN_MV,D,20140311,000000,37.0139,37.9109,36.3408,36.4528,0,0
GTN_MV,D,20140312,000000,36.2285,36.2285,33.6491,34.3219,0,0
GTN_MV,D,20140313,000000,34.6584,34.8827,32.7518,32.7518,0,0
GTN_MV,D,20140314,000000,31.4056,31.6299,30.5083,30.8449,0,0
GTN_MV,D,20140317,000000,31.8542,36.4528,31.8542,36.4528,0,0
GTN_MV,D,20140318,000000,37.0139,37.4624,34.8827,37.1259,0,0
GTN_MV,D,20140319,000000,35.107,37.1259,34.4342,34.4342,0,0
GTN_MV,D,20140320,000000,34.2096,34.9947,33.8731,33.9854,0,0
GTN_MV,D,20140321,000000,34.5462,34.6584,34.2096,34.4342,0,0
GTN_MV,D,20140324,000000,34.9947,35.107,33.4246,33.5368,0,0
GTN_MV,D,20140325,000000,33.6491,33.8731,33.5368,33.5368,0,0
GTN_MV,D,20140326,000000,33.6491,37.3501,33.6491,36.9016,0,0
GTN_MV,D,20140327,000000,36.5651,36.7896,35.892,36.2285,0,0
GTN_MV,D,20140328,000000,36.6773,36.6773,35.5558,35.5558,0,0
GTN_MV,D,20140331,000000,36.1165,36.7896,36.0043,36.4528,0,0
GTN_MV,D,20140401,000000,36.6773,38.6963,36.6773,38.472,0,0
GTN_MV,D,20140402,000000,38.584,39.8176,38.584,39.7056,0,0
GTN_MV,D,20140403,000000,39.8176,40.0421,38.8083,39.4813,0,0
GTN_MV,D,20140404,000000,39.3691,39.8176,38.6963,39.7056,0,0
GTN_MV,D,20140407,000000,39.1448,39.1448,38.2477,38.2477,0,0
GTN_MV,D,20140408,000000,37.7989,37.7989,36.1165,37.2381,0,0
GTN_MV,D,20140409,000000,37.2381,37.7989,37.2381,37.4624,0,0
GTN_MV,D,20140410,000000,37.5747,38.584,36.5651,36.5651,0,0
GTN_MV,D,20140411,000000,36.5651,36.9016,36.2285,36.5651,0,0
GTN_MV,D,20140414,000000,36.1165,36.1165,34.8827,35.219,0,0
GTN_MV,D,20140415,000000,35.3312,35.892,34.9947,35.3312,0,0
GTN_MV,D,20140416,000000,35.4435,35.78,34.7704,34.7704,0,0
GTN_MV,D,20140417,000000,34.9947,35.4435,34.6584,35.219,0,0
GTN_MV,D,20140422,000000,35.6678,37.5747,35.6678,37.3501,0,0
GTN_MV,D,20140423,000000,37.3501,37.3501,36.3408,36.3408,0,0
GTN_MV,D,20140424,000000,36.9016,37.1259,34.9947,34.9947,0,0
GTN_MV,D,20140425,000000,34.8827,36.1165,34.8827,34.9947,0,0
GTN_MV,D,20140428,000000,35.3312,36.0043,35.219,35.4435,0,0
GTN_MV,D,20140429,000000,35.4435,36.0043,35.3312,35.3312,0,0
GTN_MV,D,20140430,000000,35.78,36.3408,35.219,35.78,0,0
GTN_MV,D,20140502,000000,36.0043,36.9016,35.78,36.9016,0,0
GTN_MV,D,20140505,000000,36.7896,36.7896,35.3312,35.3312,0,0
GTN_MV,D,20140506,000000,35.4435,35.78,35.3312,35.6678,0,0
GTN_MV,D,20140507,000000,35.5558,36.3408,35.4435,36.2285,0,0
GTN_MV,D,20140508,000000,36.4528,37.1259,36.4528,36.9016,0,0
GTN_MV,D,20140509,000000,36.6773,36.7896,35.892,35.892,0,0
GTN_MV,D,20140512,000000,36.3408,36.5651,35.107,35.219,0,0
GTN_MV,D,20140513,000000,36.3408,37.0139,35.78,36.0043,0,0
GTN_MV,D,20140514,000000,36.0043,36.1165,35.4435,35.892,0,0
GTN_MV,D,20140515,000000,35.892,36.3408,35.5558,35.892,0,0
GTN_MV,D,20140516,000000,35.5558,36.1165,35.107,35.3312,0,0
GTN_MV,D,20140519,000000,35.4435,35.6678,35.4435,35.4435,0,0
GTN_MV,D,20140520,000000,35.4435,35.78,35.219,35.4435,0,0
GTN_MV,D,20140521,000000,35.4435,36.4528,35.3312,35.892,0,0
GTN_MV,D,20140522,000000,36.1165,36.7896,36.0043,36.5651,0,0
GTN_MV,D,20140523,000000,36.6773,37.7989,36.6773,37.3501,0,0
GTN_MV,D,20140526,000000,37.6867,38.8083,37.5747,37.6867,0,0
GTN_MV,D,20140527,000000,37.6867,37.6867,36.7896,37.5747,0,0
GTN_MV,D,20140528,000000,37.6867,38.0232,37.4624,37.6867,0,0
GTN_MV,D,20140529,000000,37.7989,37.7989,37.2381,37.3501,0,0
GTN_MV,D,20140530,000000,37.5747,37.6867,36.9016,36.9016,0,0
GTN_MV,D,20140602,000000,37.0139,37.2381,36.5651,36.7896,0,0
GTN_MV,D,20140603,000000,36.7896,37.4624,36.7896,37.0139,0,0
GTN_MV,D,20140604,000000,37.2381,37.2381,36.3408,36.5651,0,0
GTN_MV,D,20140605,000000,36.3408,37.3501,36.3408,37.3501,0,0
GTN_MV,D,20140606,000000,37.5747,38.0232,37.2381,37.9109,0,0
GTN_MV,D,20140609,000000,37.4624,38.472,37.4624,37.9109,0,0
GTN_MV,D,20140610,000000,37.7989,37.7989,37.7989,37.7989,0,0
GTN_MV,D,20140611,000000,37.7989,38.0232,36.4528,37.3501,0,0
GTN_MV,D,20140612,000000,37.4624,37.4624,36.7896,37.0139,0,0
GTN_MV,D,20140613,000000,36.9016,37.1259,36.5651,37.0139,0,0
GTN_MV,D,20140616,000000,36.4528,36.4528,35.6678,36.3408,0,0
GTN_MV,D,20140617,000000,36.3408,36.4528,35.5558,35.78,0,0
GTN_MV,D,20140618,000000,36.2285,36.4528,35.6678,35.78,0,0
GTN_MV,D,20140620,000000,36.3408,36.4528,35.6678,36.4528,0,0
GTN_MV,D,20140623,000000,35.892,36.4528,35.5558,36.4528,0,0
GTN_MV,D,20140624,000000,35.4435,35.892,35.4435,35.892,0,0
GTN_MV,D,20140625,000000,35.4435,35.4435,34.5462,34.5462,0,0
GTN_MV,D,20140626,000000,34.5462,34.9947,34.5462,34.6584,0,0
GTN_MV,D,20140627,000000,34.6584,34.9947,34.2096,34.2096,0,0
GTN_MV,D,20140630,000000,34.7704,35.5558,34.6584,34.9947,0,0
GTN_MV,D,20140701,000000,35.219,35.219,33.8731,33.8731,0,0
GTN_MV,D,20140702,000000,33.7611,34.6584,33.2003,33.2003,0,0
GTN_MV,D,20140703,000000,33.4246,33.6491,32.303,32.9758,0,0
GTN_MV,D,20140704,000000,32.9758,33.2003,32.5272,33.2003,0,0
GTN_MV,D,20140707,000000,33.3123,33.4246,32.8638,32.9758,0,0
GTN_MV,D,20140708,000000,32.7518,32.7518,31.6299,31.6299,0,0
GTN_MV,D,20140709,000000,31.5176,31.8542,30.9569,30.9569,0,0
GTN_MV,D,20140710,000000,30.8449,31.4056,30.3963,30.8449,0,0
GTN_MV,D,20140711,000000,31.2936,32.9758,31.2936,32.9758,0,0
GTN_MV,D,20140714,000000,32.9758,34.6584,32.9758,34.6584,0,0
GTN_MV,D,20140715,000000,34.7704,34.7704,33.9854,34.5462,0,0
GTN_MV,D,20140716,000000,34.7704,34.7704,34.0974,34.4342,0,0
GTN_MV,D,20140717,000000,34.0974,34.6584,33.9854,34.6584,0,0
GTN_MV,D,20140718,000000,34.3219,34.5462,34.2096,34.4342,0,0
GTN_MV,D,20140721,000000,34.2096,34.5462,34.0974,34.3219,0,0
GTN_MV,D,20140722,000000,34.0974,34.5462,34.0974,34.0974,0,0
GTN_MV,D,20140723,000000,34.0974,34.0974,33.2003,33.5368,0,0
GTN_MV,D,20140724,000000,33.5368,34.0974,33.5368,34.0974,0,0
GTN_MV,D,20140725,000000,34.0974,34.5462,33.5368,33.9854,0,0
GTN_MV,D,20140728,000000,34.2096,34.3219,33.4246,34.0974,0,0
GTN_MV,D,20140729,000000,33.6491,33.7611,33.3123,33.3123,0,0
GTN_MV,D,20140730,000000,33.6491,33.6491,30.8449,31.1814,0,0
GTN_MV,D,20140731,000000,31.7422,31.7422,30.8449,31.0691,0,0
GTN_MV,D,20140801,000000,31.5176,32.303,29.8355,31.6299,0,0
GTN_MV,D,20140804,000000,31.7422,32.5272,31.7422,32.0787,0,0
GTN_MV,D,20140805,000000,32.0787,32.6392,30.8449,31.0691,0,0
GTN_MV,D,20140806,000000,31.4056,31.4056,30.3963,30.5083,0,0
GTN_MV,D,20140807,000000,30.5083,30.5083,29.3867,29.3867,0,0
GTN_MV,D,20140808,000000,29.2745,29.2745,28.2651,28.2651,0,0
GTN_MV,D,20140811,000000,28.9382,30.8449,28.9382,30.3963,0,0
GTN_MV,D,20140812,000000,30.5083,31.6299,30.2841,31.0691,0,0
GTN_MV,D,20140813,000000,31.0691,31.6323,30.7326,31.6323,0,0
GTN_MV,D,20140814,000000,31.6323,31.6323,31.2958,31.52,0,0
GTN_MV,D,20140818,000000,31.2958,31.7446,31.2958,31.6323,0,0
GTN_MV,D,20140819,000000,31.408,31.52,31.0712,31.408,0,0
GTN_MV,D,20140820,000000,31.408,31.408,31.0712,31.2958,0,0
GTN_MV,D,20140821,000000,31.2958,31.2958,30.9592,31.2958,0,0
GTN_MV,D,20140822,000000,31.2958,31.2958,30.5107,30.5107,0,0
GTN_MV,D,20140825,000000,30.8472,30.8472,30.5107,30.8472,0,0
GTN_MV,D,20140826,000000,30.8472,31.408,30.6227,31.408,0,0
GTN_MV,D,20140827,000000,31.408,32.0811,31.408,31.7446,0,0
GTN_MV,D,20140828,000000,31.52,31.52,29.2769,29.6131,0,0
GTN_MV,D,20140829,000000,29.8376,30.5107,29.8376,29.9496,0,0
GTN_MV,D,20140901,000000,29.9496,30.2864,29.9496,30.0619,0,0
GTN_MV,D,20140902,000000,30.0619,30.1739,29.3889,29.3889,0,0
GTN_MV,D,20140903,000000,29.2769,31.52,29.2769,31.0712,0,0
GTN_MV,D,20140904,000000,31.0712,31.408,30.5107,31.2958,0,0
GTN_MV,D,20140905,000000,31.2958,31.2958,30.3984,30.3984,0,0
GTN_MV,D,20140908,000000,30.6227,30.9592,30.6227,30.6227,0,0
GTN_MV,D,20140909,000000,30.6227,30.9592,30.3984,30.3984,0,0
GTN_MV,D,20140910,000000,30.3984,31.1835,30.3984,30.9592,0,0
GTN_MV,D,20140911,000000,31.0712,31.52,30.6227,30.6227,0,0
GTN_MV,D,20140912,000000,30.8472,30.9592,30.5107,30.6227,0,0
GTN_MV,D,20140915,000000,30.5107,32.4176,30.2864,32.3054,0,0
GTN_MV,D,20140916,000000,32.5296,33.427,32.5296,33.427,0,0
GTN_MV,D,20140917,000000,33.5392,34.1,33.427,34.1,0,0
GTN_MV,D,20140918,000000,34.1,34.1,33.0904,33.0904,0,0
GTN_MV,D,20140919,000000,33.2027,33.7635,33.2027,33.7635,0,0
GTN_MV,D,20140922,000000,33.7635,33.8758,33.427,33.427,0,0
GTN_MV,D,20140923,000000,33.8758,33.8758,33.0904,33.2027,0,0
GTN_MV,D,20140924,000000,33.0904,33.8758,33.0904,33.6512,0,0
GTN_MV,D,20140925,000000,33.6512,34.1,32.5296,32.5296,0,0
GTN_MV,D,20140926,000000,32.0811,32.4176,31.6323,32.4176,0,0
GTN_MV,D,20140929,000000,32.5296,32.9784,32.0811,32.5296,0,0
GTN_MV,D,20140930,000000,32.9784,32.9784,32.0811,32.9784,0,0
GTN_MV,D,20141001,000000,32.8662,32.8662,31.6323,31.6323,0,0
GTN_MV,D,20141002,000000,31.52,31.52,30.2864,30.2864,0,0
GTN_MV,D,20141003,000000,30.6227,30.8472,30.6227,30.735,0,0
GTN_MV,D,20141006,000000,30.8472,31.52,30.8472,31.2958,0,0
GTN_MV,D,20141007,000000,31.1835,31.1835,30.3984,30.5107,0,0
GTN_MV,D,20141008,000000,30.1739,30.2864,29.5009,29.6131,0,0
GTN_MV,D,20141009,000000,30.2864,30.8472,29.6131,29.6131,0,0
GTN_MV,D,20141010,000000,29.3889,29.7254,28.6035,29.0523,0,0
GTN_MV,D,20141013,000000,29.0523,29.3889,28.7158,28.7158,0,0
GTN_MV,D,20141014,000000,28.6035,28.9403,28.2673,28.3793,0,0
GTN_MV,D,20141015,000000,28.8281,28.8281,27.3699,27.3699,0,0
GTN_MV,D,20141016,000000,27.4819,28.0427,26.8089,27.1454,0,0
GTN_MV,D,20141017,000000,27.1454,27.4819,25.7994,25.7994,0,0
GTN_MV,D,20141020,000000,26.2482,26.4724,25.3507,25.463,0,0
GTN_MV,D,20141021,000000,25.3507,26.9209,25.1263,26.9209,0,0
GTN_MV,D,20141022,000000,27.2577,27.2577,26.5846,27.0334,0,0
GTN_MV,D,20141023,000000,26.6966,27.1454,26.1359,26.3603,0,0
GTN_MV,D,20141024,000000,26.9209,27.1454,26.2482,26.4724,0,0
GTN_MV,D,20141027,000000,27.0334,27.3699,26.5846,27.2577,0,0
GTN_MV,D,20141028,000000,27.2577,27.3699,26.8089,27.0334,0,0
GTN_MV,D,20141029,000000,27.1454,27.7062,27.0334,27.4819,0,0
GTN_MV,D,20141030,000000,27.4819,27.4819,27.0334,27.0334,0,0
GTN_MV,D,20141031,000000,27.1454,27.4819,26.9209,27.3699,0,0
GTN_MV,D,20141103,000000,27.3699,27.3699,27.0334,27.0334,0,0
GTN_MV,D,20141104,000000,28.155,28.3793,27.7062,27.8185,0,0
GTN_MV,D,20141105,000000,27.9307,28.0427,27.5939,27.7062,0,0
GTN_MV,D,20141106,000000,27.9307,27.9307,26.9209,27.0334,0,0
GTN_MV,D,20141107,000000,26.9209,27.0334,26.8089,26.8089,0,0
GTN_MV,D,20141110,000000,26.8089,27.0334,26.8089,26.8089,0,0
GTN_MV,D,20141112,000000,26.8089,27.2577,26.2482,26.3603,0,0
GTN_MV,D,20141113,000000,26.3603,26.3603,25.9115,25.9115,0,0
GTN_MV,D,20141114,000000,25.7994,26.4724,25.6871,26.4724,0,0
GTN_MV,D,20141117,000000,26.5846,26.6966,26.3603,26.5846,0,0
GTN_MV,D,20141118,000000,26.5846,26.9209,26.0238,26.9209,0,0
GTN_MV,D,20141119,000000,26.9209,26.9209,26.5846,26.8089,0,0
GTN_MV,D,20141120,000000,26.8089,26.8089,26.4724,26.5846,0,0
GTN_MV,D,20141121,000000,26.8089,27.0334,26.6966,27.0334,0,0
GTN_MV,D,20141124,000000,27.1454,27.4819,26.5846,26.8089,0,0
GTN_MV,D,20141125,000000,26.8089,26.8089,26.3603,26.4724,0,0
GTN_MV,D,20141126,000000,26.2482,27.3699,26.2482,27.3699,0,0
GTN_MV,D,20141127,000000,27.1454,27.4819,26.8089,26.9209,0,0
GTN_MV,D,20141128,000000,27.0334,27.0334,26.5846,26.5846,0,0
GTN_MV,D,20141201,000000,26.6966,26.8089,26.3603,26.4724,0,0
GTN_MV,D,20141202,000000,26.3603,26.6966,26.2482,26.5846,0,0
GTN_MV,D,20141203,000000,26.5846,26.8089,26.5846,26.5846,0,0
GTN_MV,D,20141204,000000,26.6966,26.6966,25.463,25.6871,0,0
GTN_MV,D,20141205,000000,25.7994,26.0238,25.5751,25.5751,0,0
GTN_MV,D,20141208,000000,25.5751,25.9115,25.5751,25.5751,0,0
GTN_MV,D,20141209,000000,25.7994,25.7994,25.0142,25.1263,0,0
GTN_MV,D,20141210,000000,24.902,25.1263,24.0047,24.1167,0,0
GTN_MV,D,20141211,000000,24.0047,24.6778,24.0047,24.6778,0,0
GTN_MV,D,20141212,000000,24.6778,24.6778,24.4532,24.4532,0,0
GTN_MV,D,20141215,000000,24.5655,24.5655,24.1167,24.1167,0,0
GTN_MV,D,20141216,000000,24.1167,24.1167,22.3221,22.4342,0,0
GTN_MV,D,20141217,000000,22.6584,23.2194,22.4342,22.9951,0,0
GTN_MV,D,20141218,000000,23.1074,23.5561,22.9951,22.9951,0,0
GTN_MV,D,20141219,000000,23.3315,23.4438,22.4342,22.4342,0,0
GTN_MV,D,20141222,000000,22.4342,22.6584,21.4246,21.7611,0,0
GTN_MV,D,20141223,000000,21.9855,22.4342,21.7611,21.8734,0,0
GTN_MV,D,20141229,000000,21.9855,21.9855,20.5273,20.6395,0,0
GTN_MV,D,20141230,000000,20.1907,20.9761,20.0786,20.864,0,0
GTN_MV,D,20150102,000000,20.9761,21.4246,20.9761,21.2005,0,0
GTN_MV,D,20150105,000000,21.0882,21.3126,21.0882,21.0882,0,0
GTN_MV,D,20150107,000000,21.3126,23.2194,21.0882,23.1074,0,0
GTN_MV,D,20150108,000000,23.5561,24.902,23.5561,24.902,0,0
GTN_MV,D,20150109,000000,24.902,24.902,24.3411,24.7898,0,0
GTN_MV,D,20150112,000000,24.6778,24.7898,24.229,24.4532,0,0
GTN_MV,D,20150113,000000,24.6778,24.6778,24.229,24.229,0,0
GTN_MV,D,20150114,000000,24.1167,24.1167,23.3315,23.4438,0,0
GTN_MV,D,20150115,000000,23.6682,23.6682,21.649,21.649,0,0
GTN_MV,D,20150116,000000,21.8734,22.3221,21.649,22.0978,0,0
GTN_MV,D,20150119,000000,22.0978,22.9951,21.8734,22.5463,0,0
GTN_MV,D,20150120,000000,22.5463,22.9951,22.0978,22.0978,0,0
GTN_MV,D,20150121,000000,22.0978,22.4342,21.9855,22.2099,0,0
GTN_MV,D,20150122,000000,22.4342,22.4342,22.0978,22.4342,0,0
GTN_MV,D,20150123,000000,22.4342,22.4342,21.9855,22.2099,0,0
GTN_MV,D,20150126,000000,22.0978,22.0978,21.0882,21.0882,0,0
GTN_MV,D,20150127,000000,21.4246,21.7611,20.9761,21.2005,0,0
GTN_MV,D,20150128,000000,21.5369,22.2099,21.4246,22.0978,0,0
GTN_MV,D,20150129,000000,22.2099,22.2099,21.8734,22.2099,0,0
GTN_MV,D,20150130,000000,22.2099,22.6584,21.9855,21.9855,0,0
GTN_MV,D,20150202,000000,22.3221,22.6584,22.2099,22.2099,0,0
GTN_MV,D,20150203,000000,22.4342,22.6584,21.7611,21.9855,0,0
GTN_MV,D,20150204,000000,21.8734,21.9855,21.3126,21.5369,0,0
GTN_MV,D,20150205,000000,21.5369,21.7611,21.2005,21.2005,0,0
GTN_MV,D,20150206,000000,21.3126,21.649,21.3126,21.649,0,0
GTN_MV,D,20150209,000000,21.649,21.7611,21.5369,21.5369,0,0
GTN_MV,D,20150210,000000,21.7611,21.7611,21.5369,21.5369,0,0
GTN_MV,D,20150211,000000,21.7611,21.8734,21.3126,21.649,0,0
GTN_MV,D,20150212,000000,21.649,22.4342,21.649,22.0978,0,0
GTN_MV,D,20150213,000000,22.2099,22.9951,22.2099,22.9951,0,0
GTN_MV,D,20150216,000000,23.3315,23.8925,22.9951,23.5561,0,0
GTN_MV,D,20150217,000000,23.7803,23.7803,22.9951,23.5561,0,0
GTN_MV,D,20150218,000000,23.5561,23.5561,22.883,23.4438,0,0
GTN_MV,D,20150219,000000,23.4438,23.4438,23.1074,23.3315,0,0
GTN_MV,D,20150220,000000,23.3315,23.4438,23.2194,23.2194,0,0
GTN_MV,D,20150223,000000,23.4438,23.5561,22.9951,23.1074,0,0
GTN_MV,D,20150224,000000,23.3315,23.3315,22.7709,22.9951,0,0
GTN_MV,D,20150225,000000,22.7709,23.2194,21.649,21.649,0,0
GTN_MV,D,20150226,000000,21.7611,21.9855,21.4246,21.5369,0,0
GTN_MV,D,20150227,000000,21.649,22.7709,21.649,22.4342,0,0
GTN_MV,D,20150302,000000,22.9951,23.5561,22.9951,23.4438,0,0
GTN_MV,D,20150303,000000,23.6682,23.6682,22.9951,22.9951,0,0
GTN_MV,D,20150304,000000,23.2194,23.3315,22.7709,22.9951,0,0
GTN_MV,D,20150305,000000,23.2194,23.2194,22.6584,22.883,0,0
GTN_MV,D,20150306,000000,23.1074,23.3315,22.7709,23.1074,0,0
GTN_MV,D,20150309,000000,23.3315,23.6682,23.2194,23.6682,0,0
GTN_MV,D,20150310,000000,23.7803,24.7898,23.7803,24.6778,0,0
GTN_MV,D,20150311,000000,24.4532,25.3507,24.4532,25.1263,0,0
GTN_MV,D,20150312,000000,25.3507,25.5751,25.0142,25.0142,0,0
GTN_MV,D,20150313,000000,25.2386,25.6871,25.1263,25.5751,0,0
GTN_MV,D,20150316,000000,25.9115,27.2577,25.7994,26.6966,0,0
GTN_MV,D,20150317,000000,26.8089,26.8089,26.3603,26.5846,0,0
GTN_MV,D,20150318,000000,26.5846,26.6966,25.463,26.3603,0,0
GTN_MV,D,20150319,000000,26.3603,26.6966,25.3507,25.9115,0,0
GTN_MV,D,20150320,000000,26.0238,26.0238,25.463,25.6871,0,0
GTN_MV,D,20150323,000000,25.5751,25.7994,25.463,25.5751,0,0
GTN_MV,D,20150324,000000,25.5751,25.5751,24.902,25.1263,0,0
GTN_MV,D,20150325,000000,25.0142,25.0142,24.4532,24.5655,0,0
GTN_MV,D,20150326,000000,24.3411,24.3411,23.6682,23.7803,0,0
GTN_MV,D,20150327,000000,23.6682,24.0047,23.3315,23.4438,0,0
GTN_MV,D,20150330,000000,23.5561,23.5561,22.9951,23.3315,0,0
GTN_MV,D,20150331,000000,23.6682,23.6682,22.883,23.3315,0,0
GTN_MV,D,20150401,000000,23.2194,23.2194,22.0978,22.0978,0,0
GTN_MV,D,20150402,000000,22.3221,22.3221,21.649,21.7611,0,0
GTN_MV,D,20150407,000000,21.7611,22.9951,21.7611,22.883,0,0
GTN_MV,D,20150408,000000,23.1074,24.0047,23.1074,23.5561,0,0
GTN_MV,D,20150409,000000,23.5561,24.5655,23.3315,24.5655,0,0
GTN_MV,D,20150410,000000,24.3411,24.4532,23.4438,23.4438,0,0
GTN_MV,D,20150413,000000,23.5561,24.1167,23.5561,24.0047,0,0
GTN_MV,D,20150414,000000,24.0047,24.0047,23.6682,23.8925,0,0
GTN_MV,D,20150415,000000,23.8925,24.3411,23.8925,24.229,0,0
GTN_MV,D,20150416,000000,24.3411,25.0142,24.3411,24.5655,0,0
GTN_MV,D,20150417,000000,24.6778,24.902,24.4532,24.5655,0,0
GTN_MV,D,20150420,000000,24.4532,24.7898,24.4532,24.6778,0,0
GTN_MV,D,20150421,000000,24.7898,25.1263,24.4532,24.6778,0,0
GTN_MV,D,20150422,000000,24.6778,24.7898,24.4532,24.5655,0,0
GTN_MV,D,20150423,000000,24.5655,24.7898,24.4532,24.5655,0,0
GTN_MV,D,20150424,000000,24.6778,24.6778,24.3411,24.4532,0,0
GTN_MV,D,20150427,000000,24.3411,24.5655,23.6682,24.0047,0,0
GTN_MV,D,20150428,000000,23.7803,24.229,23.6682,23.7803,0,0
GTN_MV,D,20150429,000000,24.0047,24.3411,23.6682,24.3411,0,0
GTN_MV,D,20150430,000000,24.3411,24.4532,24.0047,24.1167,0,0
GTN_MV,D,20150504,000000,24.229,24.229,23.7803,24.229,0,0
GTN_MV,D,20150505,000000,24.229,24.3411,24.229,24.229,0,0
GTN_MV,D,20150506,000000,23.8925,24.3411,23.8925,24.229,0,0
GTN_MV,D,20150507,000000,24.229,24.229,23.8925,24.229,0,0
GTN_MV,D,20150508,000000,24.6778,24.6778,24.4532,24.5655,0,0
GTN_MV,D,20150511,000000,24.5655,24.902,24.1167,24.229,0,0
GTN_MV,D,20150512,000000,24.229,24.229,23.8925,24.229,0,0
GTN_MV,D,20150513,000000,24.229,24.229,23.5561,23.6682,0,0
GTN_MV,D,20150514,000000,23.6682,23.8925,23.3315,23.4438,0,0
GTN_MV,D,20150515,000000,23.5561,23.6682,23.4438,23.6682,0,0
GTN_MV,D,20150518,000000,23.6682,23.6682,22.9951,23.3315,0,0
GTN_MV,D,20150519,000000,23.2194,23.2194,22.9951,23.1074,0,0
GTN_MV,D,20150520,000000,22.9951,22.9951,22.883,22.9951,0,0
GTN_MV,D,20150521,000000,23.1074,23.1074,22.5463,22.883,0,0
GTN_MV,D,20150522,000000,22.9951,22.9951,22.4342,22.4342,0,0
GTN_MV,D,20150525,000000,22.5463,22.5463,21.4246,21.649,0,0
GTN_MV,D,20150526,000000,21.7611,22.3221,21.7611,21.8734,0,0
GTN_MV,D,20150527,000000,21.9855,22.6584,21.9855,22.5463,0,0
GTN_MV,D,20150528,000000,22.7709,22.7709,22.4342,22.4342,0,0
GTN_MV,D,20150529,000000,22.4342,22.7709,21.9855,21.9855,0,0
GTN_MV,D,20150601,000000,21.8734,22.4342,21.8734,22.3221,0,0
GTN_MV,D,20150602,000000,22.4342,22.4342,21.8734,21.9855,0,0
GTN_MV,D,20150603,000000,22.2099,22.2099,21.8734,22.0978,0,0
GTN_MV,D,20150605,000000,21.8734,21.9855,21.7611,21.9855,0,0
GTN_MV,D,20150608,000000,21.7611,22.0978,21.5369,21.649,0,0
GTN_MV,D,20150609,000000,21.649,21.649,21.2005,21.5369,0,0
GTN_MV,D,20150610,000000,21.5369,21.9855,21.5369,21.8734,0,0
GTN_MV,D,20150611,000000,21.7611,21.8734,21.649,21.8734,0,0
GTN_MV,D,20150612,000000,21.8734,21.8734,21.4246,21.649,0,0
GTN_MV,D,20150615,000000,21.5369,21.649,21.2005,21.3126,0,0
GTN_MV,D,20150616,000000,21.3126,21.3126,20.864,20.9761,0,0
GTN_MV,D,20150617,000000,21.3126,21.3126,20.4152,20.6395,0,0
GTN_MV,D,20150618,000000,20.4152,20.4152,19.9665,19.9665,0,0
GTN_MV,D,20150619,000000,19.7421,20.4152,19.2934,19.4057,0,0
GTN_MV,D,20150622,000000,19.5178,19.9665,19.2934,19.63,0,0
GTN_MV,D,20150623,000000,19.7421,19.9665,19.63,19.9665,0,0
GTN_MV,D,20150624,000000,19.9665,20.0786,19.8542,19.8542,0,0
GTN_MV,D,20150625,000000,19.8542,20.0786,19.63,19.8542,0,0
GTN_MV,D,20150626,000000,19.8542,19.8542,19.2934,19.63,0,0
GTN_MV,D,20150629,000000,18.9569,19.069,18.3959,18.7326,0,0
GTN_MV,D,20150630,000000,18.5084,18.8448,18.5084,18.6205,0,0
GTN_MV,D,20150701,000000,18.6205,19.069,18.6205,18.8448,0,0
GTN_MV,D,20150702,000000,18.8448,19.069,18.6205,19.069,0,0
GTN_MV,D,20150703,000000,19.069,19.1813,18.3959,18.3959,0,0
GTN_MV,D,20150706,000000,18.0596,18.0596,17.6108,17.8353,0,0
GTN_MV,D,20150707,000000,17.8353,18.7326,16.8256,17.3866,0,0
GTN_MV,D,20150708,000000,17.2745,17.2745,16.1527,16.7135,0,0
GTN_MV,D,20150709,000000,16.7135,16.9379,16.2648,16.9379,0,0
GTN_MV,D,20150710,000000,17.1622,17.7231,17.05,17.6108,0,0
GTN_MV,D,20150713,000000,17.8353,18.6205,17.8353,18.2838,0,0
GTN_MV,D,20150714,000000,18.5084,18.8448,18.5084,18.5084,0,0
GTN_MV,D,20150715,000000,18.9569,18.9569,18.2838,18.3959,0,0
GTN_MV,D,20150716,000000,18.5084,18.7326,18.3959,18.3959,0,0
GTN_MV,D,20150717,000000,18.7326,18.7326,18.2838,18.2838,0,0
GTN_MV,D,20150720,000000,18.0596,18.0596,17.4987,17.4987,0,0
GTN_MV,D,20150721,000000,17.2745,17.3866,17.05,17.2745,0,0
GTN_MV,D,20150722,000000,17.1622,17.1622,15.5918,16.1527,0,0
GTN_MV,D,20150723,000000,16.4893,16.6014,16.1527,16.2648,0,0
GTN_MV,D,20150724,000000,16.2648,16.3769,15.3675,15.704,0,0
GTN_MV,D,20150727,000000,15.704,15.704,14.47,15.4796,0,0
GTN_MV,D,20150728,000000,15.704,16.7135,15.5918,16.6014,0,0
GTN_MV,D,20150729,000000,16.8256,18.1717,16.8256,16.8256,0,0
GTN_MV,D,20150730,000000,17.1622,17.4987,16.9379,17.1622,0,0
GTN_MV,D,20150731,000000,17.2745,17.8353,17.05,17.8353,0,0
GTN_MV,D,20150803,000000,17.9473,18.0596,17.4987,17.9473,0,0
GTN_MV,D,20150804,000000,17.9473,17.9473,17.4987,17.6108,0,0
GTN_MV,D,20150805,000000,17.7231,17.7231,17.1622,17.4987,0,0
GTN_MV,D,20150806,000000,17.2745,17.2745,15.704,16.3769,0,0
GTN_MV,D,20150807,000000,16.7135,16.9379,16.4893,16.4893,0,0
GTN_MV,D,20150810,000000,16.9379,17.05,16.6014,16.6014,0,0
GTN_MV,D,20150811,000000,16.8256,16.8256,16.3769,16.4893,0,0
GTN_MV,D,20150812,000000,16.3769,16.6014,16.3769,16.4893,0,0
GTN_MV,D,20150813,000000,16.4893,16.8256,16.4893,16.7135,0,0
GTN_MV,D,20150814,000000,16.7135,16.7135,16.0404,16.0404,0,0
GTN_MV,D,20150817,000000,15.8162,16.1527,15.5918,16.1527,0,0
GTN_MV,D,20150818,000000,16.1527,17.1622,16.0404,17.1622,0,0
GTN_MV,D,20150819,000000,16.9379,18.6205,16.9379,18.3959,0,0
GTN_MV,D,20150820,000000,18.5084,18.5084,18.1717,18.3959,0,0
GTN_MV,D,20150821,000000,18.1717,18.3959,18.0596,18.1717,0,0
GTN_MV,D,20150824,000000,17.9473,17.9473,16.7135,17.2745,0,0
GTN_MV,D,20150825,000000,16.8256,17.6108,16.8256,17.2745,0,0
GTN_MV,D,20150826,000000,17.2745,17.4987,16.8256,16.8256,0,0
GTN_MV,D,20150827,000000,17.1622,17.3866,17.05,17.3866,0,0
GTN_MV,D,20150828,000000,17.7231,17.7231,17.1622,17.2745,0,0
GTN_MV,D,20150831,000000,17.2745,17.3866,17.1622,17.3866,0,0
GTN_MV,D,20150901,000000,17.3866,17.3866,16.8256,17.05,0,0
GTN_MV,D,20150902,000000,17.1622,17.2745,16.9379,17.2745,0,0
GTN_MV,D,20150903,000000,17.2745,17.8353,17.2745,17.4987,0,0
GTN_MV,D,20150904,000000,17.4987,17.4987,16.8256,16.8256,0,0
GTN_MV,D,20150907,000000,16.9379,17.05,15.9283,16.2648,0,0
GTN_MV,D,20150908,000000,16.2648,16.7135,16.2648,16.3769,0,0
GTN_MV,D,20150909,000000,16.7135,16.7135,16.0404,16.0404,0,0
GTN_MV,D,20150910,000000,16.1527,16.2648,15.8162,16.1527,0,0
GTN_MV,D,20150911,000000,16.3769,16.4893,16.2648,16.3769,0,0
GTN_MV,D,20150914,000000,16.3769,16.3769,15.9283,16.2648,0,0
GTN_MV,D,20150915,000000,16.1527,16.3769,15.9283,15.9283,0,0
GTN_MV,D,20150916,000000,16.2648,16.6014,16.0404,16.4893,0,0
GTN_MV,D,20150917,000000,16.7135,17.6108,16.7135,17.3866,0,0
GTN_MV,D,20150918,000000,17.4987,17.4987,16.6014,16.6014,0,0
GTN_MV,D,20150921,000000,16.7135,16.9379,16.7135,16.8256,0,0
GTN_MV,D,20150922,000000,17.05,17.05,16.7135,16.9379,0,0
GTN_MV,D,20150923,000000,16.9379,16.9379,16.6014,16.7135,0,0
GTN_MV,D,20150924,000000,16.7135,17.05,16.7135,16.8256,0,0
GTN_MV,D,20150925,000000,16.8256,17.05,16.8256,16.9379,0,0
GTN_MV,D,20150928,000000,16.8256,16.8256,16.4893,16.4893,0,0
GTN_MV,D,20150929,000000,16.4893,16.7135,16.2648,16.7135,0,0
GTN_MV,D,20150930,000000,16.7135,16.8256,16.4893,16.7135,0,0
GTN_MV,D,20151001,000000,16.7135,16.7135,16.0404,16.4893,0,0
GTN_MV,D,20151002,000000,16.6014,16.6014,16.1527,16.2648,0,0
GTN_MV,D,20151005,000000,16.3769,16.6014,16.2648,16.4893,0,0
GTN_MV,D,20151006,000000,16.4893,17.1622,16.4893,16.8256,0,0
GTN_MV,D,20151007,000000,16.9379,16.9379,16.7135,16.8256,0,0
GTN_MV,D,20151008,000000,16.9379,16.9379,16.6014,16.9379,0,0
GTN_MV,D,20151009,000000,17.1622,18.5084,17.1622,18.5084,0,0
GTN_MV,D,20151012,000000,18.5084,18.5084,18.0596,18.5084,0,0
GTN_MV,D,20151013,000000,18.7326,18.9569,18.1717,18.5084,0,0
GTN_MV,D,20151014,000000,18.5084,18.5084,17.7231,17.7231,0,0
GTN_MV,D,20151015,000000,17.8353,18.3959,17.8353,18.3959,0,0
GTN_MV,D,20151016,000000,18.5084,18.9569,18.5084,18.7326,0,0
GTN_MV,D,20151019,000000,18.7326,18.7326,18.5084,18.6205,0,0
GTN_MV,D,20151020,000000,18.6205,18.6205,18.1717,18.6205,0,0
GTN_MV,D,20151021,000000,18.3959,18.7326,18.1717,18.6205,0,0
GTN_MV,D,20151022,000000,18.7326,18.7326,18.1717,18.1717,0,0
GTN_MV,D,20151023,000000,18.0596,18.3959,17.9473,18.1717,0,0
GTN_MV,D,20151026,000000,17.9473,18.0596,17.6108,17.8353,0,0
GTN_MV,D,20151027,000000,17.8353,17.8353,17.7231,17.7231,0,0
GTN_MV,D,20151028,000000,17.8353,18.3959,17.8353,18.3959,0,0
GTN_MV,D,20151029,000000,18.3959,18.3959,18.0596,18.1717,0,0
GTN_MV,D,20151030,000000,18.0596,18.0596,17.7231,17.9473,0,0
GTN_MV,D,20151102,000000,17.7231,18.5084,17.7231,18.1717,0,0
GTN_MV,D,20151103,000000,18.5084,18.5084,18.0596,18.0596,0,0
GTN_MV,D,20151104,000000,18.3959,18.3959,18.0596,18.2838,0,0
GTN_MV,D,20151105,000000,18.2838,18.2838,18.0596,18.1717,0,0
GTN_MV,D,20151106,000000,18.0596,18.2838,18.0596,18.1717,0,0
GTN_MV,D,20151109,000000,18.1717,18.2838,18.0596,18.1717,0,0
GTN_MV,D,20151110,000000,18.0596,18.1717,18.0596,18.0596,0,0
GTN_MV,D,20151112,000000,18.1717,18.2838,18.0596,18.0596,0,0
GTN_MV,D,20151113,000000,17.9473,18.0596,16.8256,17.2745,0,0
GTN_MV,D,20151116,000000,17.1622,17.1622,16.2648,16.2648,0,0
GTN_MV,D,20151117,000000,16.2648,16.8256,16.2648,16.4893,0,0
GTN_MV,D,20151118,000000,16.7135,16.7135,15.5918,15.9283,0,0
GTN_MV,D,20151119,000000,15.9283,16.2648,15.8162,16.0404,0,0
GTN_MV,D,20151120,000000,16.2648,16.2648,15.5918,15.704,0,0
GTN_MV,D,20151123,000000,15.5918,15.5918,14.5823,14.6945,0,0
GTN_MV,D,20151124,000000,15.031,15.031,14.5823,14.5823,0,0
GTN_MV,D,20151125,000000,14.9187,14.9187,14.2458,14.47,0,0
GTN_MV,D,20151126,000000,14.47,14.5823,14.0214,14.3579,0,0
GTN_MV,D,20151127,000000,14.47,14.5823,14.2458,14.2458,0,0
GTN_MV,D,20151130,000000,14.47,14.6945,13.9092,14.6945,0,0
GTN_MV,D,20151201,000000,14.8066,14.9187,13.5727,13.5727,0,0
GTN_MV,D,20151202,000000,13.6849,13.9092,13.2362,13.2362,0,0
GTN_MV,D,20151203,000000,13.2362,13.4606,12.7876,12.7876,0,0
GTN_MV,D,20151204,000000,12.7876,12.7876,11.4416,11.4416,0,0
GTN_MV,D,20151207,000000,11.7779,11.7779,10.9928,11.105,0,0
GTN_MV,D,20151208,000000,11.105,11.2171,10.432,10.5441,0,0
GTN_MV,D,20151209,000000,10.6562,11.2171,10.6562,10.7685,0,0
GTN_MV,D,20151210,000000,10.9928,11.8902,10.9928,11.8902,0,0
GTN_MV,D,20151211,000000,12.2267,12.6754,11.8902,12.0023,0,0
GTN_MV,D,20151214,000000,12.1144,12.1144,11.5537,11.6658,0,0
GTN_MV,D,20151215,000000,11.6658,12.0023,11.6658,12.0023,0,0
GTN_MV,D,20151216,000000,12.2267,13.0119,12.0023,13.0119,0,0
GTN_MV,D,20151217,000000,13.2362,14.2458,13.2362,14.0214,0,0
GTN_MV,D,20151218,000000,14.1335,14.1335,13.4606,13.9092,0,0
GTN_MV,D,20151221,000000,13.7971,13.7971,13.5727,13.7971,0,0
GTN_MV,D,20151222,000000,13.9092,13.9092,13.2362,13.4606,0,0
GTN_MV,D,20151223,000000,13.2362,13.6849,13.2362,13.6849,0,0
GTN_MV,D,20151228,000000,13.4606,13.5727,13.3483,13.5727,0,0
GTN_MV,D,20151229,000000,13.4606,13.6849,13.4606,13.6849,0,0
GTN_MV,D,20151230,000000,13.6849,14.1335,13.5727,13.6849,0,0
GTN_MV,D,20160104,000000,13.3483,13.5727,13.2362,13.5727,0,0
GTN_MV,D,20160105,000000,13.5727,13.6849,13.3483,13.4606,0,0
GTN_MV,D,20160107,000000,13.1241,13.3483,12.7876,13.2362,0,0
GTN_MV,D,20160108,000000,13.2362,13.4606,13.0119,13.2362,0,0
GTN_MV,D,20160111,000000,13.3483,14.0214,13.2362,13.9092,0,0
GTN_MV,D,20160112,000000,13.9092,15.2552,13.9092,15.031,0,0
GTN_MV,D,20160113,000000,15.1431,15.704,15.1431,15.3675,0,0
GTN_MV,D,20160114,000000,15.031,15.2552,15.031,15.1431,0,0
GTN_MV,D,20160115,000000,15.1431,15.2552,14.47,14.47,0,0
GTN_MV,D,20160118,000000,14.1335,14.8066,13.7971,13.9092,0,0
GTN_MV,D,20160119,000000,14.1335,14.47,14.1335,14.3579,0,0
GTN_MV,D,20160120,000000,14.1335,14.1335,13.5727,13.5727,0,0
GTN_MV,D,20160121,000000,13.5727,13.9092,13.1241,13.3483,0,0
GTN_MV,D,20160122,000000,13.3483,14.1335,13.3483,13.9092,0,0
GTN_MV,D,20160125,000000,14.5823,14.5823,14.2458,14.3579,0,0
GTN_MV,D,20160126,000000,14.47,14.6945,14.1335,14.47,0,0
GTN_MV,D,20160127,000000,14.5823,14.6945,14.47,14.5823,0,0
GTN_MV,D,20160128,000000,14.5823,15.1431,14.47,15.031,0,0
GTN_MV,D,20160129,000000,14.9187,15.031,14.6945,14.9187,0,0
GTN_MV,D,20160201,000000,14.9187,15.2552,14.8066,15.1431,0,0
GTN_MV,D,20160202,000000,15.2552,15.2552,14.9187,15.1431,0,0
GTN_MV,D,20160203,000000,14.9187,15.031,14.5823,14.6945,0,0
GTN_MV,D,20160204,000000,14.47,14.8066,14.47,14.8066,0,0
GTN_MV,D,20160205,000000,14.9187,14.9187,14.5823,14.6945,0,0
GTN_MV,D,20160208,000000,14.47,14.6945,14.3579,14.47,0,0
GTN_MV,D,20160209,000000,14.3579,14.5823,14.1335,14.47,0,0
GTN_MV,D,20160210,000000,14.6945,14.6945,14.47,14.6945,0,0
GTN_MV,D,20160211,000000,14.47,14.5823,14.2458,14.47,0,0
GTN_MV,D,20160212,000000,14.47,14.9187,14.47,14.6945,0,0
GTN_MV,D,20160215,000000,14.9187,14.9187,14.6945,14.9187,0,0
GTN_MV,D,20160216,000000,14.9187,15.031,14.5823,15.031,0,0
GTN_MV,D,20160217,000000,15.031,15.8162,15.031,15.704,0,0
GTN_MV,D,20160218,000000,15.704,15.704,15.031,15.2552,0,0
GTN_MV,D,20160219,000000,15.1431,15.1431,14.8066,14.9187,0,0
GTN_MV,D,20160222,000000,15.1431,15.2552,14.47,14.6945,0,0
GTN_MV,D,20160223,000000,14.47,14.8066,14.47,14.5823,0,0
GTN_MV,D,20160224,000000,14.47,14.6945,14.2458,14.5823,0,0
GTN_MV,D,20160225,000000,14.5823,14.5823,14.47,14.5823,0,0
GTN_MV,D,20160226,000000,14.5823,15.1431,14.5823,14.9187,0,0
GTN_MV,D,20160229,000000,14.9187,14.9187,14.47,14.47,0,0
GTN_MV,D,20160301,000000,14.47,14.5823,14.2458,14.5823,0,0
GTN_MV,D,20160302,000000,14.5823,14.6945,14.3579,14.6945,0,0
GTN_MV,D,20160303,000000,14.6945,15.2552,14.3579,15.2552,0,0
GTN_MV,D,20160304,000000,15.1431,15.1431,14.6945,14.6945,0,0
GTN_MV,D,20160307,000000,14.8066,14.8066,14.3579,14.6945,0,0
GTN_MV,D,20160308,000000,14.5823,14.6945,14.47,14.47,0,0
GTN_MV,D,20160309,000000,14.5823,14.5823,14.47,14.5823,0,0
GTN_MV,D,20160310,000000,14.5823,14.6945,14.47,14.5823,0,0
GTN_MV,D,20160311,000000,14.5823,14.8066,14.5823,14.5823,0,0
GTN_MV,D,20160314,000000,14.6945,14.6945,14.5823,14.5823,0,0
GTN_MV,D,20160315,000000,14.8066,14.8066,14.6945,14.6945,0,0
GTN_MV,D,20160316,000000,14.6945,14.8066,14.47,14.5823,0,0
GTN_MV,D,20160317,000000,14.5823,14.5823,14.47,14.47,0,0
GTN_MV,D,20160318,000000,14.47,14.47,14.0214,14.0214,0,0
GTN_MV,D,20160321,000000,14.0214,14.3579,14.0214,14.2458,0,0
GTN_MV,D,20160322,000000,14.1335,14.2458,14.1335,14.2458,0,0
GTN_MV,D,20160323,000000,14.3579,14.3579,14.1335,14.1335,0,0
GTN_MV,D,20160324,000000,14.2458,14.2458,14.0214,14.2458,0,0
GTN_MV,D,20160329,000000,14.1335,14.1335,14.0214,14.0214,0,0
GTN_MV,D,20160330,000000,13.9092,14.1335,13.9092,14.1335,0,0
GTN_MV,D,20160331,000000,14.1335,14.3579,14.1335,14.3579,0,0
GTN_MV,D,20160401,000000,14.1335,14.1335,13.9092,14.0214,0,0
GTN_MV,D,20160404,000000,14.2458,14.2458,14.0214,14.0214,0,0
GTN_MV,D,20160405,000000,14.0214,14.0214,13.9092,14.0214,0,0
GTN_MV,D,20160406,000000,13.9092,13.9092,13.7971,13.9092,0,0
GTN_MV,D,20160407,000000,13.9092,13.9092,13.6849,13.6849,0,0
GTN_MV,D,20160408,000000,13.6849,13.6849,13.4606,13.6849,0,0
GTN_MV,D,20160411,000000,13.5727,13.6849,13.5727,13.6849,0,0
GTN_MV,D,20160412,000000,13.5727,13.5727,13.3483,13.4606,0,0
GTN_MV,D,20160413,000000,13.4606,13.5727,13.3483,13.4606,0,0
GTN_MV,D,20160414,000000,13.5727,13.7971,13.3483,13.7971,0,0
GTN_MV,D,20160415,000000,13.7971,14.1335,13.7971,13.9092,0,0
GTN_MV,D,20160418,000000,13.9092,13.9092,13.4606,13.6849,0,0
GTN_MV,D,20160419,000000,13.6849,13.9092,13.4606,13.5727,0,0
GTN_MV,D,20160420,000000,13.5727,13.5727,13.2362,13.3483,0,0
GTN_MV,D,20160421,000000,13.3483,13.3483,13.2362,13.3483,0,0
GTN_MV,D,20160422,000000,13.3483,13.4606,13.0119,13.1241,0,0
GTN_MV,D,20160425,000000,13.1241,13.1241,12.8997,13.0119,0,0
GTN_MV,D,20160426,000000,13.1241,13.3483,12.6754,12.6754,0,0
GTN_MV,D,20160427,000000,12.6754,12.6754,12.3389,12.451,0,0
GTN_MV,D,20160428,000000,12.451,12.6754,12.2267,12.5631,0,0
GTN_MV,D,20160429,000000,12.6754,12.8997,12.6754,12.7876,0,0
GTN_MV,D,20160502,000000,12.6754,12.6754,12.5631,12.5631,0,0
GTN_MV,D,20160504,000000,12.5631,12.5631,12.3389,12.451,0,0
GTN_MV,D,20160505,000000,12.5631,12.5631,11.8902,11.8902,0,0
GTN_MV,D,20160506,000000,12.0023,12.5631,12.0023,12.1144,0,0
GTN_MV,D,20160509,000000,12.3389,12.3389,12.0023,12.1144,0,0
GTN_MV,D,20160510,000000,12.0023,12.451,11.4416,11.4416,0,0
GTN_MV,D,20160511,000000,11.6658,11.7779,11.4416,11.6658,0,0
GTN_MV,D,20160512,000000,11.6658,11.6658,11.3293,11.3293,0,0
GTN_MV,D,20160513,000000,11.3293,11.5537,11.3293,11.4416,0,0
GTN_MV,D,20160516,000000,11.5537,12.2267,11.5537,12.1144,0,0
GTN_MV,D,20160517,000000,12.3389,12.7876,12.3389,12.451,0,0
GTN_MV,D,20160518,000000,12.5631,12.5631,12.1144,12.451,0,0
GTN_MV,D,20160519,000000,12.451,12.451,11.8902,11.8902,0,0
GTN_MV,D,20160520,000000,11.8902,12.0023,11.7779,11.7779,0,0
GTN_MV,D,20160523,000000,11.7779,11.8902,11.5537,11.7779,0,0
GTN_MV,D,20160524,000000,11.7779,12.0023,11.7779,12.0023,0,0
GTN_MV,D,20160525,000000,12.0023,12.1144,11.8902,12.0023,0,0
GTN_MV,D,20160527,000000,12.1144,12.2267,11.8902,11.8902,0,0
GTN_MV,D,20160530,000000,12.0023,12.0023,11.8902,12.0023,0,0
GTN_MV,D,20160531,000000,12.0023,12.1144,11.4416,11.4416,0,0
GTN_MV,D,20160601,000000,11.7779,11.7779,11.4416,11.4416,0,0
GTN_MV,D,20160602,000000,11.5537,11.5537,11.3293,11.4416,0,0
GTN_MV,D,20160603,000000,11.4416,11.6658,11.3293,11.4416,0,0
GTN_MV,D,20160606,000000,11.4416,11.8902,11.3293,11.7779,0,0
GTN_MV,D,20160607,000000,11.6658,12.0023,11.6658,11.6658,0,0
GTN_MV,D,20160608,000000,11.7779,11.7779,11.5537,11.5537,0,0
GTN_MV,D,20160609,000000,11.6658,11.6658,11.3293,11.5537,0,0
GTN_MV,D,20160610,000000,11.4416,11.5537,11.3293,11.3293,0,0
GTN_MV,D,20160613,000000,11.2171,11.4416,11.105,11.3293,0,0
GTN_MV,D,20160614,000000,11.3293,11.3293,10.9928,11.105,0,0
GTN_MV,D,20160615,000000,11.105,11.105,10.432,10.5441,0,0
GTN_MV,D,20160616,000000,10.6562,10.6562,9.98326,9.98326,0,0
GTN_MV,D,20160617,000000,10.0954,10.3198,9.98326,10.0954,0,0
GTN_MV,D,20160620,000000,10.3198,10.3198,9.98326,10.0954,0,0
GTN_MV,D,20160621,000000,10.0954,10.0954,9.64676,9.75889,0,0
GTN_MV,D,20160622,000000,9.75889,9.87102,9.64676,9.64676,0,0
GTN_MV,D,20160623,000000,9.64676,10.2075,9.53457,10.2075,0,0
GTN_MV,D,20160624,000000,9.3102,9.75889,9.3102,9.42233,0,0
GTN_MV,D,20160627,000000,9.53457,9.64676,9.3102,9.42233,0,0
GTN_MV,D,20160628,000000,9.53457,9.75889,9.53457,9.53457,0,0
GTN_MV,D,20160629,000000,9.64676,9.64676,9.3102,9.42233,0,0
GTN_MV,D,20160630,000000,9.42233,9.64676,9.42233,9.53457,0,0
GTN_MV,D,20160701,000000,9.64676,9.64676,9.42233,9.64676,0,0
GTN_MV,D,20160704,000000,9.53457,9.53457,9.42233,9.53457,0,0
GTN_MV,D,20160705,000000,9.53457,9.53457,9.3102,9.3102,0,0
GTN_MV,D,20160706,000000,9.3102,9.42233,8.86154,8.97367,0,0
GTN_MV,D,20160707,000000,8.97367,9.19809,8.86154,9.08583,0,0
GTN_MV,D,20160708,000000,9.08583,9.08583,8.97367,9.08583,0,0
GTN_MV,D,20160711,000000,8.97367,9.08583,8.97367,9.08583,0,0
GTN_MV,D,20160712,000000,9.08583,9.19809,8.97367,9.19809,0,0
GTN_MV,D,20160713,000000,9.19809,9.19809,9.08583,9.08583,0,0
GTN_MV,D,20160714,000000,9.08583,9.19809,9.08583,9.08583,0,0
GTN_MV,D,20160715,000000,9.08583,9.3102,9.08583,9.3102,0,0
GTN_MV,D,20160718,000000,9.42233,9.42233,9.19809,9.19809,0,0
GTN_MV,D,20160719,000000,9.3102,9.3102,9.19809,9.3102,0,0
GTN_MV,D,20160720,000000,9.3102,9.3102,9.08583,9.3102,0,0
GTN_MV,D,20160721,000000,9.3102,9.3102,9.19809,9.19809,0,0
GTN_MV,D,20160722,000000,9.19809,9.3102,9.08583,9.3102,0,0
GTN_MV,D,20160725,000000,9.3102,9.3102,9.08583,9.19809,0,0
GTN_MV,D,20160726,000000,9.19809,9.3102,9.08583,9.3102,0,0
GTN_MV,D,20160727,000000,9.3102,9.3102,9.08583,9.3102,0,0
GTN_MV,D,20160728,000000,9.19809,9.19809,9.19809,9.19809,0,0
GTN_MV,D,20160729,000000,9.19809,9.3102,9.19809,9.3102,0,0
GTN_MV,D,20160801,000000,9.3102,9.3102,8.97367,9.19809,0,0
GTN_MV,D,20160802,000000,9.19809,10.5441,9.19809,10.3198,0,0
GTN_MV,D,20160803,000000,10.5441,10.5441,9.87102,9.87102,0,0
GTN_MV,D,20160804,000000,9.98326,9.98326,9.75889,9.98326,0,0
GTN_MV,D,20160805,000000,9.98326,10.2075,9.98326,10.0954,0,0
GTN_MV,D,20160808,000000,10.2075,10.3198,9.98326,10.3198,0,0
GTN_MV,D,20160809,000000,10.2075,10.2075,9.98326,10.0954,0,0
GTN_MV,D,20160810,000000,10.0954,10.0954,9.75889,9.87102,0,0
GTN_MV,D,20160811,000000,9.87102,9.98326,9.87102,9.98326,0,0
GTN_MV,D,20160812,000000,10.0954,10.8806,10.0954,10.7685,0,0
GTN_MV,D,20160816,000000,10.9928,11.6658,10.9928,11.6658,0,0
GTN_MV,D,20160817,000000,11.5537,11.6658,11.4416,11.5537,0,0
GTN_MV,D,20160818,000000,11.5537,11.5537,11.105,11.2171,0,0
GTN_MV,D,20160819,000000,11.2171,11.3293,11.105,11.2171,0,0
GTN_MV,D,20160822,000000,11.2171,11.3293,11.105,11.2171,0,0
GTN_MV,D,20160823,000000,11.2171,11.2171,10.8806,11.105,0,0
GTN_MV,D,20160824,000000,11.105,11.105,10.8806,10.9928,0,0
GTN_MV,D,20160825,000000,10.9928,11.105,10.6562,10.8806,0,0
GTN_MV,D,20160826,000000,11.105,11.105,10.8806,10.8806,0,0
GTN_MV,D,20160829,000000,10.9928,10.9928,10.7685,10.9928,0,0
GTN_MV,D,20160830,000000,10.7685,10.9928,10.6562,10.8806,0,0
GTN_MV,D,20160831,000000,10.7685,10.8806,10.6562,10.8806,0,0
GTN_MV,D,20160901,000000,10.7685,10.7685,10.6562,10.7685,0,0
GTN_MV,D,20160902,000000,10.6562,11.105,10.6562,10.9928,0,0
GTN_MV,D,20160905,000000,10.8806,11.105,10.8806,11.105,0,0
GTN_MV,D,20160906,000000,11.105,11.6658,10.9928,11.5537,0,0
GTN_MV,D,20160907,000000,11.7779,12.3389,11.7779,12.3389,0,0
GTN_MV,D,20160908,000000,12.3389,12.5631,12.1144,12.2267,0,0
GTN_MV,D,20160909,000000,12.1144,12.1144,11.7779,11.8902,0,0
GTN_MV,D,20160912,000000,11.7779,11.8902,11.4416,11.7779,0,0
GTN_MV,D,20160913,000000,11.7779,12.2267,11.7779,12.2267,0,0
GTN_MV,D,20160914,000000,12.1144,12.5631,12.1144,12.451,0,0
GTN_MV,D,20160915,000000,12.451,13.2362,12.451,13.1241,0,0
GTN_MV,D,20160916,000000,13.2362,13.2362,12.7876,13.0119,0,0
GTN_MV,D,20160919,000000,13.1241,13.1241,12.5631,12.7876,0,0
GTN_MV,D,20160920,000000,12.7876,12.7876,12.451,12.451,0,0
GTN_MV,D,20160921,000000,12.451,12.6754,12.3389,12.5631,0,0
GTN_MV,D,20160922,000000,12.6754,12.7876,12.5631,12.7876,0,0
GTN_MV,D,20160923,000000,12.7876,12.7876,12.451,12.5631,0,0
GTN_MV,D,20160926,000000,12.451,12.451,12.2267,12.2267,0,0
GTN_MV,D,20160927,000000,12.1144,12.1144,11.7779,12.0023,0,0
GTN_MV,D,20160928,000000,12.0023,12.0023,11.2171,11.5537,0,0
GTN_MV,D,20160929,000000,11.5537,11.6658,11.105,11.3293,0,0
GTN_MV,D,20160930,000000,11.2171,11.3293,11.105,11.105,0,0
GTN_MV,D,20161003,000000,11.105,11.3293,11.105,11.3293,0,0
GTN_MV,D,20161004,000000,11.3293,11.7779,11.3293,11.6658,0,0
GTN_MV,D,20161005,000000,11.7779,11.7779,11.2171,11.5537,0,0
GTN_MV,D,20161006,000000,11.6658,11.6658,11.4416,11.5537,0,0
GTN_MV,D,20161007,000000,11.6658,11.7779,11.5537,11.7779,0,0
GTN_MV,D,20161010,000000,11.7779,11.8902,11.7779,11.8902,0,0
GTN_MV,D,20161011,000000,11.7779,12.1144,11.7779,12.1144,0,0
GTN_MV,D,20161012,000000,12.1144,12.1144,11.8902,12.0023,0,0
GTN_MV,D,20161013,000000,12.0023,12.1144,11.6658,11.6658,0,0
GTN_MV,D,20161014,000000,11.6658,11.8902,11.6658,11.7779,0,0
GTN_MV,D,20161017,000000,11.6658,11.6658,11.4416,11.6658,0,0
GTN_MV,D,20161018,000000,11.5537,11.7779,11.5537,11.7779,0,0
GTN_MV,D,20161019,000000,11.8902,12.1144,11.4416,11.4416,0,0
GTN_MV,D,20161020,000000,11.7779,11.8902,11.4416,11.4416,0,0
GTN_MV,D,20161021,000000,11.5537,11.8902,11.5537,11.8902,0,0
GTN_MV,D,20161024,000000,11.8902,12.0023,11.7779,11.8902,0,0
GTN_MV,D,20161025,000000,11.8902,11.8902,11.7779,11.8902,0,0
GTN_MV,D,20161026,000000,11.7779,11.8902,11.6658,11.6658,0,0
GTN_MV,D,20161027,000000,11.7779,12.1144,11.6658,12.1144,0,0
GTN_MV,D,20161028,000000,12.0023,12.7876,12.0023,12.5631,0,0
GTN_MV,D,20161031,000000,12.7876,13.0119,12.6754,12.8997,0,0
GTN_MV,D,20161102,000000,12.7876,12.7876,12.1144,12.2267,0,0
GTN_MV,D,20161103,000000,12.0023,12.1144,11.6658,11.7779,0,0
GTN_MV,D,20161104,000000,11.7779,11.8902,11.6658,11.8902,0,0
GTN_MV,D,20161107,000000,12.0023,12.1144,11.7779,11.8902,0,0
GTN_MV,D,20161108,000000,11.8902,12.1144,11.8902,12.1144,0,0
GTN_MV,D,20161109,000000,11.5537,12.1144,11.5537,12.1144,0,0
GTN_MV,D,20161110,000000,12.2267,12.6754,12.1144,12.451,0,0
GTN_MV,D,20161114,000000,12.6754,12.6754,12.1144,12.451,0,0
GTN_MV,D,20161115,000000,12.3389,12.3389,12.1144,12.1144,0,0
GTN_MV,D,20161116,000000,12.0023,12.0023,11.6658,11.6658,0,0
GTN_MV,D,20161117,000000,11.7779,11.8902,11.5537,11.6658,0,0
GTN_MV,D,20161118,000000,11.5537,11.5537,10.9928,10.9928,0,0
GTN_MV,D,20161121,000000,11.105,11.105,10.6562,10.7685,0,0
GTN_MV,D,20161122,000000,10.8806,11.105,10.7685,10.9928,0,0
GTN_MV,D,20161123,000000,11.105,11.2171,10.9928,11.2171,0,0
GTN_MV,D,20161124,000000,11.2171,11.4416,11.2171,11.3293,0,0
GTN_MV,D,20161125,000000,11.3293,11.3293,11.2171,11.3293,0,0
GTN_MV,D,20161128,000000,11.4416,11.4416,10.8806,10.8806,0,0
GTN_MV,D,20161129,000000,10.8806,10.8806,10.3198,10.432,0,0
GTN_MV,D,20161130,000000,10.432,10.5441,10.0954,10.0954,0,0
GTN_MV,D,20161201,000000,9.98326,10.432,9.98326,10.3198,0,0
GTN_MV,D,20161202,000000,10.3198,10.432,10.2075,10.432,0,0
GTN_MV,D,20161205,000000,10.432,10.7685,10.432,10.6562,0,0
GTN_MV,D,20161206,000000,10.7685,10.9928,10.7685,10.7685,0,0
GTN_MV,D,20161207,000000,10.8806,10.8806,10.6562,10.7685,0,0
GTN_MV,D,20161208,000000,10.7685,10.7685,10.6562,10.6562,0,0
GTN_MV,D,20161209,000000,10.6562,10.7685,10.6562,10.7685,0,0
GTN_MV,D,20161212,000000,10.7685,10.8806,10.6562,10.7685,0,0
GTN_MV,D,20161213,000000,10.7685,11.2171,10.7685,11.2171,0,0
GTN_MV,D,20161214,000000,11.2171,11.6658,11.2171,11.5537,0,0
GTN_MV,D,20161215,000000,11.5537,11.6658,11.2171,11.3293,0,0
GTN_MV,D,20161216,000000,11.4416,11.5537,11.3293,11.4416,0,0
GTN_MV,D,20161219,000000,11.4416,11.8902,11.4416,11.7779,0,0
GTN_MV,D,20161220,000000,11.7779,12.0023,11.7779,11.7779,0,0
GTN_MV,D,20161221,000000,11.7779,12.0023,11.7779,11.7779,0,0
GTN_MV,D,20161222,000000,11.7779,11.8902,11.5537,11.6658,0,0
GTN_MV,D,20161223,000000,11.5537,11.6658,11.4416,11.4416,0,0
GTN_MV,D,20161227,000000,11.4416,11.6658,11.4416,11.5537,0,0
GTN_MV,D,20161228,000000,11.5537,11.5537,11.3293,11.5537,0,0
GTN_MV,D,20161229,000000,11.5537,11.7779,11.4416,11.6658,0,0
GTN_MV,D,20161230,000000,11.5537,11.6658,11.4416,11.6658,0,0
GTN_MV,D,20170102,000000,11.6658,11.8902,11.5537,11.7779,0,0
GTN_MV,D,20170103,000000,11.8902,12.8997,11.8902,12.8997,0,0
GTN_MV,D,20170104,000000,12.8997,13.3483,12.8997,13.3483,0,0
GTN_MV,D,20170105,000000,13.3483,13.9092,13.1241,13.6849,0,0
GTN_MV,D,20170109,000000,13.7971,13.9092,13.5727,13.5727,0,0
GTN_MV,D,20170110,000000,13.6849,13.6849,13.1241,13.2362,0,0
GTN_MV,D,20170111,000000,13.3483,13.3483,12.8997,13.1241,0,0
GTN_MV,D,20170112,000000,13.1241,13.2362,12.8997,13.0119,0,0
GTN_MV,D,20170113,000000,13.0119,13.1241,12.5631,12.7876,0,0
GTN_MV,D,20170116,000000,12.6754,12.7876,12.5631,12.6754,0,0
GTN_MV,D,20170117,000000,12.6754,13.2362,12.5631,13.2362,0,0
GTN_MV,D,20170118,000000,13.2362,13.3483,13.1241,13.1241,0,0
GTN_MV,D,20170119,000000,13.2362,13.3483,13.1241,13.2362,0,0
GTN_MV,D,20170120,000000,13.2362,13.5727,13.2362,13.5727,0,0
GTN_MV,D,20170123,000000,13.5727,13.5727,13.2362,13.2362,0,0
GTN_MV,D,20170124,000000,13.1241,13.2362,13.0119,13.2362,0,0
GTN_MV,D,20170125,000000,13.2362,15.031,13.2362,15.031,0,0
GTN_MV,D,20170126,000000,15.2552,16.2648,15.2552,15.704,0,0
GTN_MV,D,20170127,000000,15.5918,16.0404,15.5918,15.9283,0,0
GTN_MV,D,20170130,000000,15.9283,16.3769,15.031,15.4796,0,0
GTN_MV,D,20170131,000000,15.3675,16.0404,15.3675,15.8162,0,0
GTN_MV,D,20170201,000000,15.8162,16.1527,15.8162,16.0404,0,0
GTN_MV,D,20170202,000000,16.0404,16.0404,15.5918,15.8162,0,0
GTN_MV,D,20170203,000000,15.8162,15.8162,15.5918,15.704,0,0
GTN_MV,D,20170206,000000,15.8162,17.3866,15.704,17.05,0,0
GTN_MV,D,20170207,000000,17.1622,17.1622,16.8256,16.8256,0,0
GTN_MV,D,20170208,000000,16.9379,17.1622,16.9379,16.9379,0,0
GTN_MV,D,20170209,000000,17.1622,17.4987,17.05,17.2745,0,0
GTN_MV,D,20170210,000000,17.4987,18.6205,17.4987,18.2838,0,0
GTN_MV,D,20170213,000000,18.7326,18.7326,18.3959,18.5084,0,0
GTN_MV,D,20170214,000000,18.5084,18.6205,17.9473,18.5084,0,0
GTN_MV,D,20170215,000000,18.3959,18.5084,18.0596,18.1717,0,0
GTN_MV,D,20170216,000000,18.1717,18.1717,17.6108,17.7231,0,0
GTN_MV,D,20170217,000000,17.6108,17.6108,17.05,17.05,0,0
GTN_MV,D,20170220,000000,17.05,18.1717,17.05,17.9473,0,0
GTN_MV,D,20170221,000000,18.1717,18.3959,17.8353,17.9473,0,0
GTN_MV,D,20170222,000000,18.0596,18.1717,17.4987,17.7231,0,0
GTN_MV,D,20170223,000000,17.6108,17.7231,17.3866,17.6108,0,0
GTN_MV,D,20170224,000000,17.4987,17.4987,17.05,17.1622,0,0
GTN_MV,D,20170227,000000,17.1622,17.3866,17.05,17.1622,0,0
GTN_MV,D,20170228,000000,17.1622,17.2745,16.6014,16.7135,0,0
GTN_MV,D,20170301,000000,16.9379,17.4987,16.9379,17.1622,0,0
GTN_MV,D,20170302,000000,17.6108,17.9473,17.3866,17.4987,0,0
GTN_MV,D,20170303,000000,17.4987,17.4987,17.05,17.1622,0,0
GTN_MV,D,20170306,000000,17.3866,17.3866,16.8256,16.8256,0,0
GTN_MV,D,20170307,000000,16.8256,16.8256,16.3769,16.6014,0,0
GTN_MV,D,20170308,000000,16.3769,16.6014,16.3769,16.4893,0,0
GTN_MV,D,20170309,000000,16.6014,16.6014,16.1527,16.4893,0,0
GTN_MV,D,20170310,000000,16.3769,16.8256,16.3769,16.6014,0,0
GTN_MV,D,20170313,000000,16.8256,16.9379,16.8256,16.8256,0,0
GTN_MV,D,20170314,000000,17.05,17.05,16.6014,16.9379,0,0
GTN_MV,D,20170315,000000,16.9379,16.9379,16.7135,16.7135,0,0
GTN_MV,D,20170316,000000,16.8256,16.8256,16.4893,16.6014,0,0
GTN_MV,D,20170317,000000,16.7135,16.8256,16.6014,16.8256,0,0
GTN_MV,D,20170320,000000,16.8256,16.8256,16.4893,16.4893,0,0
GTN_MV,D,20170321,000000,16.4893,16.8256,16.3769,16.3769,0,0
GTN_MV,D,20170322,000000,16.2648,16.2648,15.8162,15.9283,0,0
GTN_MV,D,20170323,000000,15.9283,16.2648,15.9283,16.2648,0,0
GTN_MV,D,20170324,000000,17.1622,17.1622,16.4893,16.4893,0,0
GTN_MV,D,20170327,000000,16.3769,16.8256,16.3769,16.7135,0,0
GTN_MV,D,20170328,000000,16.8256,17.05,16.7135,16.7135,0,0
GTN_MV,D,20170329,000000,16.7135,16.9379,16.3769,16.3769,0,0
GTN_MV,D,20170330,000000,16.4893,16.4893,16.0404,16.0404,0,0
GTN_MV,D,20170331,000000,16.0404,16.2648,16.0404,16.1527,0,0
GTN_MV,D,20170403,000000,15.9283,16.4893,15.9283,16.1527,0,0
GTN_MV,D,20170404,000000,15.9283,16.2648,15.9283,16.2648,0,0
GTN_MV,D,20170405,000000,16.2648,16.2648,15.9283,15.9283,0,0
GTN_MV,D,20170406,000000,15.9283,15.9283,15.3675,15.8162,0,0
GTN_MV,D,20170407,000000,15.8162,16.0404,15.8162,15.8162,0,0
GTN_MV,D,20170410,000000,15.8162,16.1527,15.8162,16.0404,0,0
GTN_MV,D,20170411,000000,15.9283,16.0404,15.5918,15.5918,0,0
GTN_MV,D,20170412,000000,15.704,16.0404,15.4796,15.4796,0,0
GTN_MV,D,20170413,000000,15.704,15.8162,15.5918,15.704,0,0
GTN_MV,D,20170418,000000,15.704,15.704,15.031,15.031,0,0
GTN_MV,D,20170419,000000,15.031,15.2552,14.9187,15.2552,0,0
GTN_MV,D,20170420,000000,15.3675,15.3675,14.9187,15.031,0,0
GTN_MV,D,20170421,000000,15.031,15.031,14.6945,14.8066,0,0
GTN_MV,D,20170424,000000,14.9187,15.031,14.6945,14.6945,0,0
GTN_MV,D,20170425,000000,14.6945,14.8066,14.47,14.5823,0,0
GTN_MV,D,20170426,000000,14.8066,15.1431,14.6945,14.8066,0,0
GTN_MV,D,20170427,000000,14.8066,14.9187,14.5823,14.6945,0,0
GTN_MV,D,20170428,000000,14.5823,14.8066,14.5823,14.8066,0,0
GTN_MV,D,20170502,000000,14.8066,15.2552,14.8066,15.031,0,0
GTN_MV,D,20170504,000000,15.2552,15.5918,15.031,15.031,0,0
GTN_MV,D,20170505,000000,15.1431,15.1431,14.8066,15.031,0,0
GTN_MV,D,20170508,000000,15.2552,15.2552,14.8066,14.8066,0,0
GTN_MV,D,20170509,000000,14.8066,15.1431,14.8066,14.9187,0,0
GTN_MV,D,20170510,000000,15.031,15.1431,14.8066,14.8066,0,0
GTN_MV,D,20170511,000000,14.9187,14.9187,14.5823,14.5823,0,0
GTN_MV,D,20170512,000000,14.6945,14.6945,14.3579,14.5823,0,0
GTN_MV,D,20170515,000000,14.47,14.5823,14.47,14.47,0,0
GTN_MV,D,20170516,000000,14.47,14.47,13.4606,13.6849,0,0
GTN_MV,D,20170517,000000,13.4606,14.0214,13.4606,13.6849,0,0
GTN_MV,D,20170518,000000,13.7971,13.7971,13.4606,13.7971,0,0
GTN_MV,D,20170519,000000,13.7971,13.9092,13.6849,13.6849,0,0
GTN_MV,D,20170522,000000,13.6849,13.7971,13.4606,13.5727,0,0
GTN_MV,D,20170523,000000,13.5727,13.7971,13.3483,13.3483,0,0
GTN_MV,D,20170524,000000,13.3483,13.5727,13.1241,13.5727,0,0
GTN_MV,D,20170525,000000,13.7971,15.031,13.6849,14.8066,0,0
GTN_MV,D,20170526,000000,15.031,15.031,14.3579,14.5823,0,0
GTN_MV,D,20170529,000000,14.6945,15.5918,14.5823,15.5918,0,0
GTN_MV,D,20170530,000000,15.2552,15.704,15.031,15.704,0,0
GTN_MV,D,20170531,000000,15.4796,15.8162,15.3675,15.5918,0,0
GTN_MV,D,20170601,000000,15.5918,15.5918,15.031,15.1431,0,0
GTN_MV,D,20170602,000000,15.1431,15.2552,14.9187,15.031,0,0
GTN_MV,D,20170605,000000,15.031,15.031,14.3579,14.5823,0,0
GTN_MV,D,20170606,000000,14.5823,14.9187,14.47,14.6945,0,0
GTN_MV,D,20170607,000000,15.031,15.031,14.47,14.47,0,0
GTN_MV,D,20170608,000000,14.47,14.6945,14.47,14.5823,0,0
GTN_MV,D,20170609,000000,14.6945,14.8066,14.3579,14.8066,0,0
GTN_MV,D,20170612,000000,14.8066,15.1431,14.5823,15.031,0,0
GTN_MV,D,20170613,000000,15.1431,15.2552,14.9187,14.9187,0,0
GTN_MV,D,20170614,000000,14.9187,15.1431,14.8066,14.9187,0,0
GTN_MV,D,20170616,000000,14.9187,15.3675,14.9187,15.3675,0,0
GTN_MV,D,20170619,000000,15.4796,15.4796,15.1431,15.2552,0,0
GTN_MV,D,20170620,000000,15.1431,15.3675,15.031,15.1431,0,0
GTN_MV,D,20170621,000000,15.1431,15.2552,15.031,15.1431,0,0
GTN_MV,D,20170622,000000,15.1431,15.1431,14.8066,14.9187,0,0
GTN_MV,D,20170623,000000,14.9187,15.1431,14.9187,14.9187,0,0
GTN_MV,D,20170626,000000,14.9187,15.1431,14.6945,14.9187,0,0
GTN_MV,D,20170627,000000,14.9187,14.9187,14.6945,14.8066,0,0
GTN_MV,D,20170628,000000,14.6945,14.8066,14.5823,14.8066,0,0
GTN_MV,D,20170629,000000,14.8066,15.031,14.8066,14.9187,0,0
GTN_MV,D,20170630,000000,14.9187,14.9187,14.8066,14.9187,0,0
GTN_MV,D,20170703,000000,14.9187,14.9187,14.6945,14.9187,0,0
GTN_MV,D,20170704,000000,15.031,15.031,14.9187,15.031,0,0
GTN_MV,D,20170705,000000,15.031,15.1431,14.9187,15.031,0,0
GTN_MV,D,20170706,000000,14.9187,15.031,14.9187,15.031,0,0
GTN_MV,D,20170707,000000,15.031,15.031,14.8066,14.9187,0,0
GTN_MV,D,20170710,000000,15.031,15.031,14.8066,14.9187,0,0
GTN_MV,D,20170711,000000,15.031,15.031,14.9187,15.031,0,0
GTN_MV,D,20170712,000000,15.031,15.2552,15.031,15.1431,0,0
GTN_MV,D,20170713,000000,15.1431,15.4796,15.031,15.4796,0,0
GTN_MV,D,20170714,000000,15.4796,15.8162,15.031,15.031,0,0
GTN_MV,D,20170717,000000,15.1431,15.1431,14.9187,15.031,0,0
GTN_MV,D,20170718,000000,14.9187,15.1431,14.9187,15.031,0,0
GTN_MV,D,20170719,000000,15.031,15.1431,14.9187,15.031,0,0
GTN_MV,D,20170720,000000,14.9187,15.031,14.8066,14.9187,0,0
GTN_MV,D,20170721,000000,14.9187,15.031,14.8066,15.031,0,0
GTN_MV,D,20170724,000000,14.8066,15.031,14.8066,14.9187,0,0
GTN_MV,D,20170725,000000,14.8066,14.9187,14.8066,14.8066,0,0
GTN_MV,D,20170726,000000,14.8066,15.2552,14.8066,15.2552,0,0
GTN_MV,D,20170727,000000,15.3675,15.3675,15.031,15.1431,0,0
GTN_MV,D,20170728,000000,15.1431,15.1431,14.8066,14.9187,0,0
GTN_MV,D,20170731,000000,15.1431,15.1431,14.8066,14.9187,0,0
GTN_MV,D,20170801,000000,15.031,15.1431,15.031,15.1431,0,0
GTN_MV,D,20170802,000000,15.1431,15.3675,15.1431,15.2552,0,0
GTN_MV,D,20170803,000000,15.031,15.1431,14.9187,15.1431,0,0
GTN_MV,D,20170804,000000,15.031,15.1431,14.8066,15.031,0,0
GTN_MV,D,20170807,000000,15.031,15.031,14.8066,15.031,0,0
GTN_MV,D,20170808,000000,15.031,15.5918,14.9187,15.2552,0,0
GTN_MV,D,20170809,000000,15.1431,15.4796,15.1431,15.4796,0,0
GTN_MV,D,20170810,000000,15.4796,15.4796,15.2552,15.3675,0,0
GTN_MV,D,20170811,000000,15.2552,15.8162,15.2552,15.704,0,0
GTN_MV,D,20170814,000000,15.704,15.9283,15.5918,15.8162,0,0
GTN_MV,D,20170816,000000,15.8162,16.1527,15.8162,16.1527,0,0
GTN_MV,D,20170817,000000,16.2648,16.4893,16.2648,16.4893,0,0
GTN_MV,D,20170818,000000,16.2648,16.4893,16.2648,16.3769,0,0
GTN_MV,D,20170821,000000,16.4893,16.7135,16.2648,16.7135,0,0
GTN_MV,D,20170822,000000,16.7135,17.4987,16.7135,17.4987,0,0
GTN_MV,D,20170823,000000,17.6108,17.8353,17.6108,17.7231,0,0
GTN_MV,D,20170824,000000,17.7231,18.2838,17.6108,18.2838,0,0
GTN_MV,D,20170825,000000,18.1717,18.5084,18.1717,18.3959,0,0
GTN_MV,D,20170828,000000,18.2838,18.5084,17.2745,18.5084,0,0
GTN_MV,D,20170829,000000,18.5084,18.5084,17.9473,18.5084,0,0
GTN_MV,D,20170830,000000,18.5084,18.7326,18.2838,18.7326,0,0
GTN_MV,D,20170831,000000,18.7326,18.8448,18.2838,18.8448,0,0
GTN_MV,D,20170901,000000,18.8448,19.1813,18.6205,18.9569,0,0
GTN_MV,D,20170904,000000,18.9569,19.1813,18.7326,19.1813,0,0
GTN_MV,D,20170905,000000,19.069,19.2934,19.069,19.1813,0,0
GTN_MV,D,20170906,000000,19.069,19.1813,18.8448,19.1813,0,0
GTN_MV,D,20170907,000000,19.069,19.9099,18.7326,19.9099,0,0
GTN_MV,D,20170908,000000,19.5607,19.6771,18.862,19.3278,0,0
GTN_MV,D,20170911,000000,19.2112,19.3278,18.862,19.2112,0,0
GTN_MV,D,20170912,000000,18.862,19.0948,18.7456,19.0948,0,0
GTN_MV,D,20170913,000000,19.0948,19.0948,18.5127,18.9784,0,0
GTN_MV,D,20170914,000000,18.862,19.2112,18.7456,19.2112,0,0
GTN_MV,D,20170915,000000,19.0948,20.0263,19.0948,20.0263,0,0
GTN_MV,D,20170918,000000,20.1427,20.3757,20.1427,20.2591,0,0
GTN_MV,D,20170919,000000,20.3757,20.3757,19.7935,19.9099,0,0
GTN_MV,D,20170920,000000,19.5607,20.2591,19.5607,20.1427,0,0
GTN_MV,D,20170921,000000,20.2591,20.2591,19.9099,20.1427,0,0
GTN_MV,D,20170922,000000,20.1427,20.2591,20.0263,20.2591,0,0
GTN_MV,D,20170925,000000,20.2591,20.2591,19.9099,20.0263,0,0
GTN_MV,D,20170926,000000,19.7935,19.9099,19.7935,19.9099,0,0
GTN_MV,D,20170927,000000,19.9099,19.9099,19.7935,19.9099,0,0
GTN_MV,D,20170928,000000,19.9099,19.9099,19.9099,19.9099,0,0
GTN_MV,D,20170929,000000,19.7935,19.7935,19.7935,19.7935,0,0
GTN_MV,D,20171002,000000,19.6771,19.7935,19.2112,19.2112,0,0
GTN_MV,D,20171003,000000,19.0948,19.3278,18.7456,19.3278,0,0
GTN_MV,D,20171004,000000,19.3278,19.4443,19.0948,19.2112,0,0
GTN_MV,D,20171005,000000,19.0948,19.0948,18.862,19.0948,0,0
GTN_MV,D,20171006,000000,18.862,18.862,18.0471,18.0471,0,0
GTN_MV,D,20171009,000000,17.8142,17.8142,17.2319,17.4648,0,0
GTN_MV,D,20171010,000000,17.3483,18.0471,17.1155,17.5812,0,0
GTN_MV,D,20171011,000000,17.5812,18.6292,17.5812,18.6292,0,0
GTN_MV,D,20171012,000000,18.5127,18.5127,18.0471,18.2799,0,0
GTN_MV,D,20171013,000000,18.3963,18.3963,17.9305,18.0471,0,0
GTN_MV,D,20171016,000000,18.0471,18.0471,17.6978,17.6978,0,0
GTN_MV,D,20171017,000000,17.6978,17.8142,17.4648,17.4648,0,0
GTN_MV,D,20171018,000000,17.2319,17.5812,17.2319,17.5812,0,0
GTN_MV,D,20171019,000000,17.4648,17.5812,17.2319,17.5812,0,0
GTN_MV,D,20171020,000000,17.3483,17.4648,17.2319,17.3483,0,0
GTN_MV,D,20171023,000000,17.2319,17.3483,16.6498,17.3483,0,0
GTN_MV,D,20171024,000000,17.3483,17.6978,17.1155,17.6978,0,0
GTN_MV,D,20171025,000000,17.5812,18.0471,17.4648,17.9305,0,0
GTN_MV,D,20171026,000000,17.8142,18.2799,17.6978,17.9305,0,0
GTN_MV,D,20171027,000000,17.8142,18.0471,17.6978,17.9305,0,0
GTN_MV,D,20171030,000000,17.9305,18.5127,17.9305,18.5127,0,0
GTN_MV,D,20171031,000000,18.5127,18.862,18.3963,18.7456,0,0
GTN_MV,D,20171102,000000,18.862,19.2112,18.0471,18.0471,0,0
GTN_MV,D,20171103,000000,17.9305,18.0471,17.6978,17.9305,0,0
GTN_MV,D,20171106,000000,17.8142,18.1635,17.8142,18.1635,0,0
GTN_MV,D,20171107,000000,18.2799,18.3963,18.0471,18.3963,0,0
GTN_MV,D,20171108,000000,18.3963,18.5127,17.9305,18.0471,0,0
GTN_MV,D,20171109,000000,17.9305,18.0471,17.3483,17.4648,0,0
GTN_MV,D,20171110,000000,17.4648,17.6978,17.1155,17.4648,0,0
GTN_MV,D,20171113,000000,17.2319,17.6978,17.2319,17.6978,0,0
GTN_MV,D,20171114,000000,17.8142,17.9305,17.6978,17.9305,0,0
GTN_MV,D,20171115,000000,17.6978,17.9305,17.5812,17.8142,0,0
GTN_MV,D,20171116,000000,17.8142,17.8142,17.1155,17.6978,0,0
GTN_MV,D,20171117,000000,17.6978,17.9305,17.3483,17.9305,0,0
GTN_MV,D,20171120,000000,17.8142,18.2799,17.8142,18.2799,0,0
GTN_MV,D,20171121,000000,18.2799,18.5127,18.1635,18.5127,0,0
GTN_MV,D,20171122,000000,18.5127,18.6292,17.9305,17.9305,0,0
GTN_MV,D,20171123,000000,18.1635,18.6292,17.9305,18.3963,0,0
GTN_MV,D,20171124,000000,18.6292,18.6292,18.1635,18.5127,0,0
GTN_MV,D,20171127,000000,18.5127,18.6292,18.2799,18.6292,0,0
GTN_MV,D,20171128,000000,18.5127,18.7456,18.3963,18.5127,0,0
GTN_MV,D,20171129,000000,18.7456,18.7456,18.2799,18.5127,0,0
GTN_MV,D,20171130,000000,18.5127,18.5127,18.1635,18.1635,0,0
GTN_MV,D,20171201,000000,18.1635,18.3963,17.2319,17.5812,0,0
GTN_MV,D,20171204,000000,17.6978,17.6978,17.2319,17.5812,0,0
GTN_MV,D,20171205,000000,17.5812,18.0471,17.3483,18.0471,0,0
GTN_MV,D,20171206,000000,18.0471,18.0471,17.8142,18.0471,0,0
GTN_MV,D,20171207,000000,17.6978,18.0471,17.6978,17.8142,0,0
GTN_MV,D,20171208,000000,17.9305,17.9305,17.6978,17.9305,0,0
GTN_MV,D,20171211,000000,17.8142,17.9305,17.5812,17.6978,0,0
GTN_MV,D,20171212,000000,17.6978,17.9305,17.5812,17.8142,0,0
GTN_MV,D,20171213,000000,17.6978,18.3963,17.6978,18.3963,0,0
GTN_MV,D,20171214,000000,18.3963,18.5127,17.9305,17.9305,0,0
GTN_MV,D,20171215,000000,17.9305,17.9305,17.5812,17.6978,0,0
GTN_MV,D,20171218,000000,17.8142,17.9305,17.6978,17.8142,0,0
GTN_MV,D,20171219,000000,17.9305,17.9305,16.8827,16.8827,0,0
GTN_MV,D,20171220,000000,16.8827,17.1155,16.0677,16.0677,0,0
GTN_MV,D,20171221,000000,16.0677,16.0677,15.7184,15.9513,0,0
GTN_MV,D,20171222,000000,16.0677,16.1841,15.7184,16.1841,0,0
GTN_MV,D,20171227,000000,16.1841,16.1841,15.7184,16.0677,0,0
GTN_MV,D,20171228,000000,16.1841,16.1841,15.9513,16.1841,0,0
GTN_MV,D,20171229,000000,16.1841,16.1841,15.9513,16.0677,0,0
GTN_MV,D,20180103,000000,16.5335,16.8827,16.3006,16.8827,0,0
GTN_MV,D,20180104,000000,16.8827,17.4648,16.8827,17.2319,0,0
GTN_MV,D,20180105,000000,17.2319,17.2319,16.8827,16.9991,0,0
GTN_MV,D,20180108,000000,16.9991,17.2319,16.8827,16.8827,0,0
GTN_MV,D,20180109,000000,17.1155,17.3483,16.9991,17.2319,0,0
GTN_MV,D,20180110,000000,16.9991,17.2319,16.8827,16.9991,0,0
GTN_MV,D,20180111,000000,17.1155,17.2319,17.1155,17.1155,0,0
GTN_MV,D,20180112,000000,17.2319,17.2319,16.8827,16.9991,0,0
GTN_MV,D,20180115,000000,16.9991,17.3483,16.9991,17.2319,0,0
GTN_MV,D,20180116,000000,17.3483,17.9305,17.3483,17.8142,0,0
GTN_MV,D,20180117,000000,17.8142,17.8142,17.3483,17.5812,0,0
GTN_MV,D,20180118,000000,17.5812,17.8142,17.4648,17.6978,0,0
GTN_MV,D,20180119,000000,17.8142,18.1635,17.6978,17.9305,0,0
GTN_MV,D,20180122,000000,18.0471,18.1635,17.8142,17.9305,0,0
GTN_MV,D,20180123,000000,17.8142,17.9305,17.4648,17.8142,0,0
GTN_MV,D,20180124,000000,17.5812,17.5812,17.2319,17.2319,0,0
GTN_MV,D,20180125,000000,17.2319,17.3483,16.8827,16.9991,0,0
GTN_MV,D,20180126,000000,16.9991,17.3483,16.9991,17.3483,0,0
GTN_MV,D,20180129,000000,16.9991,17.5812,16.9991,17.4648,0,0
GTN_MV,D,20180130,000000,17.4648,17.4648,17.1155,17.4648,0,0
GTN_MV,D,20180131,000000,17.1155,17.3483,17.1155,17.3483,0,0
GTN_MV,D,20180201,000000,17.3483,17.4648,17.1155,17.4648,0,0
GTN_MV,D,20180202,000000,17.4648,17.4648,16.9991,16.9991,0,0
GTN_MV,D,20180205,000000,16.8827,16.8827,16.5335,16.7662,0,0
GTN_MV,D,20180206,000000,16.0677,16.1841,15.8347,16.0677,0,0
GTN_MV,D,20180207,000000,16.1841,16.3006,16.0677,16.1841,0,0
GTN_MV,D,20180208,000000,16.1841,16.1841,15.9513,16.0677,0,0
GTN_MV,D,20180209,000000,15.7184,16.0677,15.4855,15.6019,0,0
GTN_MV,D,20180212,000000,15.6019,15.8347,15.6019,15.7184,0,0
GTN_MV,D,20180213,000000,15.7184,15.8347,15.7184,15.8347,0,0
GTN_MV,D,20180214,000000,15.8347,15.8347,15.7184,15.8347,0,0
GTN_MV,D,20180215,000000,15.8347,15.9513,15.7184,15.7184,0,0
GTN_MV,D,20180216,000000,15.7184,15.7184,15.4855,15.6019,0,0
GTN_MV,D,20180219,000000,15.6019,15.7184,15.369,15.6019,0,0
GTN_MV,D,20180220,000000,15.4855,15.6019,15.2526,15.369,0,0
GTN_MV,D,20180221,000000,15.1362,15.369,14.7869,14.7869,0,0
GTN_MV,D,20180222,000000,14.6705,14.6705,14.2047,14.4376,0,0
GTN_MV,D,20180223,000000,14.4376,14.7869,14.3213,14.3213,0,0
GTN_MV,D,20180226,000000,14.4376,14.4376,13.8554,13.8554,0,0
GTN_MV,D,20180227,000000,13.8554,14.2047,13.8554,14.0882,0,0
GTN_MV,D,20180228,000000,14.0882,14.0882,13.739,13.9719,0,0
GTN_MV,D,20180301,000000,13.9719,13.9719,13.739,13.8554,0,0
GTN_MV,D,20180302,000000,13.8554,14.0882,13.8554,13.8554,0,0
GTN_MV,D,20180305,000000,13.8554,13.9719,13.739,13.9719,0,0
GTN_MV,D,20180306,000000,13.9719,14.0882,13.739,13.8554,0,0
GTN_MV,D,20180307,000000,13.8554,13.8554,13.6225,13.6225,0,0
GTN_MV,D,20180308,000000,13.6225,13.8554,13.6225,13.6225,0,0
GTN_MV,D,20180309,000000,13.6225,13.6225,13.0404,13.3898,0,0
GTN_MV,D,20180312,000000,13.3898,13.8554,13.3898,13.3898,0,0
GTN_MV,D,20180313,000000,13.739,13.739,13.5061,13.739,0,0
GTN_MV,D,20180314,000000,13.739,13.739,13.3898,13.6225,0,0
GTN_MV,D,20180315,000000,13.739,13.739,13.3898,13.5061,0,0
GTN_MV,D,20180316,000000,13.5061,13.6225,13.0404,13.0404,0,0
GTN_MV,D,20180319,000000,12.924,12.924,12.4582,12.5746,0,0
GTN_MV,D,20180320,000000,12.4582,12.6912,11.9925,12.4582,0,0
GTN_MV,D,20180321,000000,12.4582,12.8077,12.4582,12.6912,0,0
GTN_MV,D,20180322,000000,12.6912,13.9719,12.6912,13.5061,0,0
GTN_MV,D,20180323,000000,13.5061,13.739,13.3898,13.3898,0,0
GTN_MV,D,20180326,000000,13.5061,13.739,13.2733,13.2733,0,0
GTN_MV,D,20180327,000000,13.5061,13.5061,13.2733,13.2733,0,0
GTN_MV,D,20180328,000000,13.1569,13.1569,12.8077,13.1569,0,0
GTN_MV,D,20180329,000000,13.2733,13.5061,13.1569,13.3898,0,0
GTN_MV,D,20180403,000000,13.3898,13.3898,12.924,13.2733,0,0
GTN_MV,D,20180404,000000,13.1569,13.1569,12.924,13.1569,0,0
GTN_MV,D,20180405,000000,13.0404,13.1569,12.924,13.1569,0,0
GTN_MV,D,20180406,000000,13.1569,13.2733,12.924,13.1569,0,0
GTN_MV,D,20180409,000000,13.1569,13.2733,13.0404,13.2733,0,0
GTN_MV,D,20180410,000000,13.0404,13.2733,12.924,12.924,0,0
GTN_MV,D,20180411,000000,12.924,12.924,12.6912,12.8077,0,0
GTN_MV,D,20180412,000000,12.6912,12.924,12.5746,12.6912,0,0
GTN_MV,D,20180413,000000,12.6912,13.739,12.5746,12.924,0,0
GTN_MV,D,20180416,000000,12.924,13.0404,12.5746,12.5746,0,0
GTN_MV,D,20180417,000000,12.5746,12.5746,12.1089,12.2253,0,0
GTN_MV,D,20180418,000000,12.1089,12.2253,11.9925,12.2253,0,0
GTN_MV,D,20180419,000000,11.9925,12.1089,11.5268,11.5268,0,0
GTN_MV,D,20180420,000000,11.4104,11.4104,10.9447,11.294,0,0
GTN_MV,D,20180423,000000,11.294,11.294,10.8282,10.8282,0,0
GTN_MV,D,20180424,000000,10.8282,10.9447,10.4788,10.7117,0,0
GTN_MV,D,20180425,000000,10.7117,10.7117,9.89674,10.3624,0,0
GTN_MV,D,20180426,000000,10.4788,10.5953,9.89674,9.89674,0,0
GTN_MV,D,20180427,000000,9.89674,10.8282,9.89674,10.8282,0,0
GTN_MV,D,20180430,000000,10.9447,11.294,10.9447,11.0612,0,0
GTN_MV,D,20180502,000000,10.9447,11.0612,10.7117,10.8282,0,0
GTN_MV,D,20180504,000000,10.8282,10.9447,10.5953,10.8282,0,0
GTN_MV,D,20180507,000000,10.8282,10.8282,10.2461,10.2461,0,0
GTN_MV,D,20180508,000000,10.2461,10.2461,9.54747,9.78033,0,0
GTN_MV,D,20180509,000000,9.89674,10.1296,9.66393,10.1296,0,0
GTN_MV,D,20180510,000000,10.1296,10.1296,10.0132,10.1296,0,0
GTN_MV,D,20180511,000000,10.2461,10.2461,10.0132,10.1296,0,0
GTN_MV,D,20180514,000000,10.2461,10.2461,9.78033,9.78033,0,0
GTN_MV,D,20180515,000000,9.66393,9.78033,9.54747,9.66393,0,0
GTN_MV,D,20180516,000000,9.66393,9.66393,9.19809,9.19809,0,0
GTN_MV,D,20180517,000000,9.31468,9.31468,9.08163,9.08163,0,0
GTN_MV,D,20180518,000000,9.31468,9.43109,9.08163,9.31468,0,0
GTN_MV,D,20180521,000000,9.31468,9.31468,9.08163,9.19809,0,0
GTN_MV,D,20180522,000000,9.19809,9.19809,8.84885,8.84885,0,0
GTN_MV,D,20180523,000000,8.73239,8.73239,8.15028,8.26671,0,0
GTN_MV,D,20180524,000000,8.15028,8.38312,7.56815,7.80101,0,0
GTN_MV,D,20180525,000000,8.03385,8.26671,7.91747,8.15028,0,0
GTN_MV,D,20180528,000000,8.26671,8.96523,8.15028,8.96523,0,0
GTN_MV,D,20180529,000000,9.08163,9.08163,8.03385,8.03385,0,0
GTN_MV,D,20180530,000000,8.03385,8.03385,6.98591,7.68461,0,0
GTN_MV,D,20180601,000000,7.80101,7.91747,7.45161,7.56815,0,0
GTN_MV,D,20180604,000000,7.56815,7.68461,7.21877,7.45161,0,0
GTN_MV,D,20180605,000000,7.56815,7.68461,7.33515,7.56815,0,0
GTN_MV,D,20180606,000000,7.80101,7.80101,7.45161,7.56815,0,0
GTN_MV,D,20180607,000000,7.56815,7.56815,7.33515,7.33515,0,0
GTN_MV,D,20180608,000000,7.33515,7.68461,7.33515,7.56815,0,0
GTN_MV,D,20180611,000000,7.56815,7.68461,7.33515,7.56815,0,0
GTN_MV,D,20180612,000000,7.68461,7.80101,7.68461,7.80101,0,0
GTN_MV,D,20180613,000000,7.91747,8.26671,7.91747,7.91747,0,0
GTN_MV,D,20180614,000000,7.91747,8.15028,7.80101,7.80101,0,0
GTN_MV,D,20180615,000000,7.80101,7.80101,7.56815,7.56815,0,0
GTN_MV,D,20180618,000000,7.45161,7.80101,7.45161,7.45161,0,0
GTN_MV,D,20180619,000000,7.45161,7.45161,7.21877,7.45161,0,0
GTN_MV,D,20180620,000000,7.56815,7.56815,7.33515,7.33515,0,0
GTN_MV,D,20180621,000000,7.33515,7.56815,7.21877,7.33515,0,0
GTN_MV,D,20180622,000000,7.45161,7.45161,6.8695,7.10237,0,0
GTN_MV,D,20180625,000000,7.10237,7.10237,6.75307,6.75307,0,0
GTN_MV,D,20180626,000000,6.75307,6.98591,6.4038,6.4038,0,0
GTN_MV,D,20180627,000000,6.4038,6.4038,6.17096,6.4038,0,0
GTN_MV,D,20180628,000000,6.4038,6.63666,6.28739,6.4038,0,0
GTN_MV,D,20180629,000000,6.52023,6.63666,6.4038,6.4038,0,0
GTN_MV,D,20180702,000000,6.52023,6.52023,6.4038,6.4038,0,0
GTN_MV,D,20180703,000000,6.52023,6.52023,6.28739,6.4038,0,0
GTN_MV,D,20180704,000000,6.28739,6.4038,6.05453,6.17096,0,0
GTN_MV,D,20180705,000000,6.17096,6.28739,6.17096,6.28739,0,0
GTN_MV,D,20180706,000000,6.28739,6.28739,6.17096,6.28739,0,0
GTN_MV,D,20180709,000000,6.28739,6.28739,6.05453,6.05453,0,0
GTN_MV,D,20180710,000000,6.17096,6.28739,6.05453,6.28739,0,0
GTN_MV,D,20180711,000000,6.28739,6.28739,6.05453,6.05453,0,0
GTN_MV,D,20180712,000000,6.05453,6.17096,5.82153,6.17096,0,0
GTN_MV,D,20180713,000000,5.93812,6.28739,5.93812,6.17096,0,0
GTN_MV,D,20180716,000000,6.17096,6.52023,6.05453,6.52023,0,0
GTN_MV,D,20180717,000000,6.63666,6.75307,6.52023,6.63666,0,0
GTN_MV,D,20180718,000000,6.98591,7.21877,6.98591,7.10237,0,0
GTN_MV,D,20180719,000000,7.10237,7.10237,6.75307,6.8695,0,0
GTN_MV,D,20180720,000000,6.75307,6.75307,6.52023,6.63666,0,0
GTN_MV,D,20180723,000000,6.63666,6.8695,6.52023,6.75307,0,0
GTN_MV,D,20180724,000000,6.75307,6.8695,6.52023,6.63666,0,0
GTN_MV,D,20180725,000000,6.63666,6.75307,6.4038,6.4038,0,0
GTN_MV,D,20180726,000000,6.28739,6.63666,6.28739,6.4038,0,0
GTN_MV,D,20180727,000000,6.52023,6.63666,6.4038,6.4038,0,0
GTN_MV,D,20180730,000000,6.52023,6.98591,6.52023,6.75307,0,0
GTN_MV,D,20180731,000000,6.75307,6.98591,6.75307,6.75307,0,0
GTN_MV,D,20180801,000000,6.75307,7.10237,6.75307,6.8695,0,0
GTN_MV,D,20180802,000000,6.8695,6.98591,6.63666,6.75307,0,0
GTN_MV,D,20180803,000000,6.75307,6.75307,6.63666,6.63666,0,0
GTN_MV,D,20180806,000000,6.63666,6.8695,6.52023,6.75307,0,0
GTN_MV,D,20180807,000000,6.75307,6.75307,6.52023,6.63666,0,0
GTN_MV,D,20180808,000000,6.63666,6.75307,6.52023,6.52023,0,0
GTN_MV,D,20180809,000000,6.4038,6.63666,6.28739,6.28739,0,0
GTN_MV,D,20180810,000000,6.28739,6.4038,6.28739,6.28739,0,0
GTN_MV,D,20180813,000000,6.28739,6.28739,6.05453,6.17096,0,0
GTN_MV,D,20180814,000000,6.05453,6.28739,6.05453,6.05453,0,0
GTN_MV,D,20180816,000000,6.05453,6.17096,5.93812,6.05453,0,0
GTN_MV,D,20180817,000000,6.05453,6.17096,5.93812,6.05453,0,0
GTN_MV,D,20180820,000000,6.05453,6.05453,4.65734,4.65734,0,0
GTN_MV,D,20180821,000000,4.54091,4.89018,4.54091,4.77375,0,0
GTN_MV,D,20180822,000000,4.77375,4.77375,4.4245,4.4245,0,0
GTN_MV,D,20180823,000000,4.54091,4.54091,4.19148,4.30807,0,0
GTN_MV,D,20180824,000000,4.30807,4.4245,4.19148,4.30807,0,0
GTN_MV,D,20180827,000000,4.30807,4.4245,4.19148,4.4245,0,0
GTN_MV,D,20180828,000000,4.4245,4.4245,3.95864,3.95864,0,0
GTN_MV,D,20180829,000000,4.07507,4.07507,3.37653,3.37653,0,0
GTN_MV,D,20180830,000000,3.37653,3.60937,3.2601,3.2601,0,0
GTN_MV,D,20180831,000000,3.37653,3.37653,2.91083,2.91083,0,0
GTN_MV,D,20180903,000000,3.1437,3.2601,2.79443,2.79443,0,0
GTN_MV,D,20180904,000000,2.91083,3.1437,2.79443,2.79443,0,0
GTN_MV,D,20180905,000000,2.79443,2.79443,2.32859,2.44502,0,0
GTN_MV,D,20180906,000000,2.44502,2.79443,2.32859,2.56159,0,0
GTN_MV,D,20180907,000000,2.67799,2.79443,2.21216,2.21216,0,0
GTN_MV,D,20180910,000000,2.44502,2.44502,2.21216,2.32859,0,0
GTN_MV,D,20180911,000000,2.44502,2.67799,2.21216,2.56159,0,0
GTN_MV,D,20180912,000000,2.56159,2.79443,2.44502,2.44502,0,0
GTN_MV,D,20180913,000000,2.56159,2.67799,2.44502,2.67799,0,0
GTN_MV,D,20180914,000000,2.67799,3.37653,2.67799,3.1437,0,0
GTN_MV,D,20180917,000000,3.37653,3.37653,2.91083,3.02726,0,0
GTN_MV,D,20180918,000000,3.02726,3.1437,2.67799,2.67799,0,0
GTN_MV,D,20180919,000000,2.67799,2.79443,2.56159,2.67799,0,0
GTN_MV,D,20180920,000000,2.79443,2.91083,2.67799,2.67799,0,0
GTN_MV,D,20180921,000000,2.67799,3.37653,2.67799,3.02726,0,0
GTN_MV,D,20180924,000000,3.1437,3.60937,3.1437,3.60937,0,0
GTN_MV,D,20180925,000000,3.7258,3.95864,3.37653,3.37653,0,0
GTN_MV,D,20180926,000000,3.49294,3.60937,3.37653,3.37653,0,0
GTN_MV,D,20180927,000000,3.2601,3.2601,3.02726,3.02726,0,0
GTN_MV,D,20180928,000000,3.1437,3.2601,3.02726,3.1437,0,0
GTN_MV,D,20181001,000000,3.2601,3.2601,3.2601,3.2601,0,0
GTN_MV,D,20181002,000000,3.1437,3.1437,3.02726,3.02726,0,0
GTN_MV,D,20181003,000000,2.91083,2.91083,2.79443,2.79443,0,0
GTN_MV,D,20181004,000000,2.91083,3.02726,2.79443,3.02726,0,0
GTN_MV,D,20181005,000000,2.91083,2.91083,2.91083,2.91083,0,0
GTN_MV,D,20181008,000000,3.02726,3.02726,3.02726,3.02726,0,0
GTN_MV,D,20181009,000000,2.79443,2.79443,2.79443,2.79443,0,0
GTN_MV,D,20181010,000000,2.79443,2.79443,2.79443,2.79443,0,0
GTN_MV,D,20181011,000000,2.67799,2.67799,2.67799,2.67799,0,0
GTN_MV,D,20181012,000000,2.67799,2.67799,2.67799,2.67799,0,0
GTN_MV,D,20181015,000000,2.67799,2.67799,2.67799,2.67799,0,0
GTN_MV,D,20181016,000000,2.67799,2.79443,2.67799,2.79443,0,0
GTN_MV,D,20181017,000000,2.79443,2.91083,2.79443,2.91083,0,0
GTN_MV,D,20181018,000000,3.1437,3.1437,3.02726,3.02726,0,0
GTN_MV,D,20181019,000000,2.91083,2.91083,2.91083,2.91083,0,0
GTN_MV,D,20181022,000000,2.79443,2.91083,2.79443,2.91083,0,0
GTN_MV,D,20181023,000000,2.91083,2.91083,2.91083,2.91083,0,0
GTN_MV,D,20181024,000000,2.91083,2.91083,2.91083,2.91083,0,0
GTN_MV,D,20181025,000000,2.91083,2.91083,2.91083,2.91083,0,0
GTN_MV,D,20181026,000000,2.91083,2.91083,2.91083,2.91083,0,0
GTN_MV,D,20181029,000000,2.91083,2.91083,2.91083,2.91083,0,0
GTN_MV,D,20181030,000000,2.91083,2.91083,2.91083,2.91083,0,0
GTN_MV,D,20181031,000000,2.91083,2.91083,2.91083,2.91083,0,0
GTN_MV,D,20181102,000000,2.79443,2.79443,2.67799,2.67799,0,0
GTN_MV,D,20181105,000000,2.67799,2.67799,2.56159,2.56159,0,0
GTN_MV,D,20181106,000000,2.56159,2.56159,2.56159,2.56159,0,0
GTN_MV,D,20181107,000000,2.56159,2.56159,2.56159,2.56159,0,0
GTN_MV,D,20181108,000000,2.44502,2.44502,2.44502,2.44502,0,0
GTN_MV,D,20181109,000000,2.44502,2.44502,2.44502,2.44502,0,0
GTN_MV,D,20181113,000000,2.32859,2.32859,2.21216,2.21216,0,0
GTN_MV,D,20181114,000000,1.86291,1.86291,1.86291,1.86291,0,0
GTN_MV,D,20181115,000000,1.86291,1.86291,1.86291,1.86291,0,0
GTN_MV,D,20181116,000000,1.86291,1.86291,1.63006,1.63006,0,0
GTN_MV,D,20181119,000000,1.39721,1.63006,1.39721,1.39721,0,0
GTN_MV,D,20181120,000000,1.28079,1.28079,1.16437,1.16437,0,0
GTN_MV,D,20181121,000000,1.28079,1.39721,1.28079,1.39721,0,0
GTN_MV,D,20181122,000000,1.74648,1.97932,1.74648,1.97932,0,0
GTN_MV,D,20181123,000000,2.09575,2.09575,1.97932,1.97932,0,0
GTN_MV,D,20181126,000000,1.86291,1.86291,1.74648,1.74648,0,0
GTN_MV,D,20181127,000000,1.86291,1.86291,1.74648,1.74648,0,0
GTN_MV,D,20181128,000000,1.74648,1.86291,1.74648,1.86291,0,0
GTN_MV,D,20181129,000000,1.97932,1.97932,1.86291,1.86291,0,0
GTN_MV,D,20181130,000000,1.86291,1.86291,1.86291,1.86291,0,0
GTN_MV,D,20181203,000000,1.86291,1.86291,1.86291,1.86291,0,0
GTN_MV,D,20181204,000000,1.86291,1.86291,1.74648,1.74648,0,0
GTN_MV,D,20181205,000000,1.74648,1.74648,1.74648,1.74648,0,0
GTN_MV,D,20181206,000000,1.74648,1.74648,1.63006,1.63006,0,0
GTN_MV,D,20181207,000000,1.63006,1.74648,1.63006,1.74648,0,0
GTN_MV,D,20181210,000000,1.74648,1.74648,1.63006,1.63006,0,0
GTN_MV,D,20181211,000000,1.63006,1.63006,1.63006,1.63006,0,0
GTN_MV,D,20181212,000000,1.74648,1.74648,1.74648,1.74648,0,0
GTN_MV,D,20181213,000000,1.74648,1.74648,1.63006,1.63006,0,0
GTN_MV,D,20181214,000000,1.97932,1.97932,1.86291,1.86291,0,0
GTN_MV,D,20181217,000000,1.74648,1.74648,1.74648,1.74648,0,0
GTN_MV,D,20181218,000000,1.86291,1.86291,1.86291,1.86291,0,0
GTN_MV,D,20181219,000000,1.86291,1.86291,1.86291,1.86291,0,0
GTN_MV,D,20181220,000000,1.86291,1.86291,1.86291,1.86291,0,0
GTN_MV,D,20181221,000000,1.86291,1.86291,1.86291,1.86291,0,0
GTN_MV,D,20181227,000000,1.97932,1.97932,1.97932,1.97932,0,0
GTN_MV,D,20181228,000000,1.97932,1.97932,1.97932,1.97932,0,0
GTN_MV,D,20190102,000000,2.09575,2.09575,2.09575,2.09575,0,0
GTN_MV,D,20190103,000000,2.09575,2.09575,2.09575,2.09575,0,0
GTN_MV,D,20190104,000000,1.97932,2.09575,1.97932,2.09575,0,0
GTN_MV,D,20190107,000000,1.97932,1.97932,1.97932,1.97932,0,0
GTN_MV,D,20190121,000000,2.18319,2.24131,2.06659,2.09575,0,0
GTN_MV,D,20190122,000000,2.06659,2.09575,2.00847,2.00847,0,0
GTN_MV,D,20190123,000000,2.00847,2.03762,1.95018,1.95018,0,0
GTN_MV,D,20190124,000000,1.95018,2.09575,1.95018,2.06659,0,0
GTN_MV,D,20190125,000000,2.06659,2.12488,2.03762,2.09575,0,0
GTN_MV,D,20190128,000000,2.18319,2.61971,2.12488,2.59058,0,0
GTN_MV,D,20190129,000000,2.61971,3.40568,2.59058,3.11456,0,0
GTN_MV,D,20190130,000000,3.08539,3.34739,2.96898,2.99812,0,0
GTN_MV,D,20190131,000000,2.99812,3.1437,2.96898,3.05643,0,0
GTN_MV,D,20190201,000000,3.1437,3.55125,3.1437,3.52211,0,0
GTN_MV,D,20190204,000000,3.7258,4.24979,3.7258,4.24979,0,0
GTN_MV,D,20190205,000000,4.3662,4.4245,3.98778,4.24979,0,0
GTN_MV,D,20190206,000000,4.24979,4.51177,4.24979,4.48263,0,0
GTN_MV,D,20190207,000000,4.51177,5.23945,4.51177,5.1813,0,0
GTN_MV,D,20190208,000000,5.32671,6.81133,5.32671,6.81133,0,0
GTN_MV,D,20190211,000000,7.56815,7.85919,5.53057,5.53057,0,0
GTN_MV,D,20190212,000000,5.35586,5.79258,4.80289,5.76341,0,0
GTN_MV,D,20190213,000000,6.11268,6.11268,5.50143,5.79258,0,0
GTN_MV,D,20190214,000000,5.67614,5.73427,5.15216,5.23945,0,0
GTN_MV,D,20190215,000000,5.12302,5.12302,4.80289,4.89018,0,0
GTN_MV,D,20190218,000000,4.9483,4.9483,3.63851,3.69666,0,0
GTN_MV,D,20190219,000000,3.75495,4.80289,3.7258,4.80289,0,0
GTN_MV,D,20190220,000000,5.21028,5.23945,4.48263,4.74461,0,0
GTN_MV,D,20190221,000000,4.77375,5.00659,4.51177,4.74461,0,0
GTN_MV,D,20190222,000000,4.86101,5.03573,4.74461,4.9483,0,0
GTN_MV,D,20190225,000000,5.06487,5.09388,4.77375,4.80289,0,0
GTN_MV,D,20190226,000000,4.45346,4.65734,4.45346,4.48263,0,0
GTN_MV,D,20190227,000000,4.4245,4.51177,4.2789,4.3662,0,0
GTN_MV,D,20190228,000000,4.2789,4.86101,4.2789,4.8319,0,0
GTN_MV,D,20190301,000000,4.77375,4.86101,4.65734,4.8319,0,0
GTN_MV,D,20190304,000000,5.12302,5.12302,4.74461,4.74461,0,0
GTN_MV,D,20190305,000000,4.77375,4.79705,4.68646,4.77375,0,0
GTN_MV,D,20190306,000000,4.79705,4.80873,4.7213,4.74461,0,0
GTN_MV,D,20190307,000000,4.76794,4.76794,4.40699,4.48263,0,0
GTN_MV,D,20190308,000000,4.3662,4.51177,4.30223,4.4245,0,0
GTN_MV,D,20190311,000000,4.39534,4.45346,4.3662,4.3662,0,0
GTN_MV,D,20190312,000000,4.4245,4.51177,4.33705,4.48263,0,0
GTN_MV,D,20190313,000000,4.77375,4.77375,4.52926,4.52926,0,0
GTN_MV,D,20190314,000000,4.56989,5.09388,4.56989,5.09388,0,0
GTN_MV,D,20190315,000000,5.05324,5.11137,4.9483,5.05324,0,0
GTN_MV,D,20190318,000000,5.1813,5.73427,5.1813,5.73427,0,0
GTN_MV,D,20190319,000000,5.82153,6.19997,5.55971,5.58869,0,0
GTN_MV,D,20190320,000000,5.50727,5.61202,5.41414,5.43747,0,0
GTN_MV,D,20190321,000000,5.5539,5.78674,5.28608,5.64698,0,0
GTN_MV,D,20190322,000000,5.67614,5.68196,5.50143,5.53057,0,0
GTN_MV,D,20190325,000000,5.47229,5.79258,5.41998,5.68196,0,0
GTN_MV,D,20190326,000000,5.78674,5.81004,5.6878,5.73427,0,0
GTN_MV,D,20190327,000000,5.73427,5.92355,5.65282,5.74011,0,0
GTN_MV,D,20190328,000000,5.93812,6.03996,5.82153,5.93812,0,0
GTN_MV,D,20190329,000000,5.96711,5.96711,5.8042,5.87984,0,0
GTN_MV,D,20190401,000000,5.82153,5.82153,5.58869,5.62367,0,0
GTN_MV,D,20190402,000000,5.53638,5.70513,5.53638,5.6878,0,0
GTN_MV,D,20190403,000000,5.73427,5.74592,5.60035,5.61786,0,0
GTN_MV,D,20190404,000000,5.64116,5.65282,5.44896,5.44896,0,0
GTN_MV,D,20190405,000000,5.44896,5.46645,5.36169,5.40833,0,0
GTN_MV,D,20190408,000000,5.44315,5.44315,5.09969,5.15216,0,0
GTN_MV,D,20190409,000000,5.14632,5.19863,5.00659,5.14632,0,0
GTN_MV,D,20190410,000000,5.1813,5.51308,5.1813,5.47229,0,0
GTN_MV,D,20190411,000000,5.58869,5.63533,5.385,5.41414,0,0
GTN_MV,D,20190412,000000,5.385,5.47229,5.26859,5.33837,0,0
GTN_MV,D,20190415,000000,5.36169,5.44315,5.32088,5.33255,0,0
GTN_MV,D,20190416,000000,5.32671,5.62951,5.32671,5.58869,0,0
GTN_MV,D,20190417,000000,5.58869,5.64698,5.47229,5.50143,0,0
GTN_MV,D,20190418,000000,5.44315,5.44315,5.33255,5.41414,0,0
GTN_MV,D,20190423,000000,5.24526,5.2511,5.11718,5.158,0,0
GTN_MV,D,20190424,000000,5.158,5.158,4.98328,5.00077,0,0
GTN_MV,D,20190425,000000,5.00659,5.11718,4.80289,5.03573,0,0
GTN_MV,D,20190426,000000,4.89018,5.16965,4.89018,5.14051,0,0
GTN_MV,D,20190429,000000,5.14051,5.19279,5.03573,5.03573,0,0
GTN_MV,D,20190430,000000,4.54091,4.68646,4.01693,4.01693,0,0
GTN_MV,D,20190502,000000,3.24264,3.49294,3.23096,3.23096,0,0
GTN_MV,D,20190506,000000,3.20182,3.84221,3.20182,3.7258,0,0
GTN_MV,D,20190507,000000,3.76078,3.84221,3.39402,3.43482,0,0
GTN_MV,D,20190508,000000,3.39986,3.75495,3.38819,3.66765,0,0
GTN_MV,D,20190509,000000,3.66765,3.80742,3.61521,3.67933,0,0
GTN_MV,D,20190510,000000,3.73164,3.75495,3.59191,3.60353,0,0
GTN_MV,D,20190513,000000,3.59772,3.59772,3.42317,3.51046,0,0
GTN_MV,D,20190514,000000,3.54541,3.81891,3.49878,3.66765,0,0
GTN_MV,D,20190515,000000,3.70831,3.70831,3.54541,3.59191,0,0
GTN_MV,D,20190516,000000,3.46383,3.55709,3.45215,3.45215,0,0
GTN_MV,D,20190517,000000,3.48713,3.48713,3.32406,3.37653,0,0
GTN_MV,D,20190520,000000,3.3707,3.39402,3.20182,3.2601,0,0
GTN_MV,D,20190521,000000,3.28927,3.28927,3.16119,3.17284,0,0
GTN_MV,D,20190522,000000,3.17284,3.3299,3.16119,3.16119,0,0
GTN_MV,D,20190523,000000,3.20182,3.22515,3.02726,3.02726,0,0
GTN_MV,D,20190524,000000,2.97479,2.97479,2.75361,2.8176,0,0
GTN_MV,D,20190527,000000,2.82341,2.84966,2.77112,2.82633,0,0
GTN_MV,D,20190528,000000,2.85258,3.32406,2.85258,3.27178,0,0
GTN_MV,D,20190529,000000,3.28343,3.28343,3.11456,3.13205,0,0
GTN_MV,D,20190530,000000,3.08539,3.31825,2.93416,3.05643,0,0
GTN_MV,D,20190531,000000,3.19033,3.3707,3.13205,3.28927,0,0
GTN_MV,D,20190603,000000,3.2601,3.2601,3.09123,3.12621,0,0
GTN_MV,D,20190604,000000,3.09123,3.15535,3.04475,3.06224,0,0
GTN_MV,D,20190605,000000,3.08539,3.08539,2.94,2.94,0,0
GTN_MV,D,20190606,000000,2.91083,3.20182,2.87004,3.09123,0,0
GTN_MV,D,20190607,000000,3.1437,3.1437,3.05643,3.11456,0,0
GTN_MV,D,20190610,000000,3.1437,3.1437,2.96898,2.98063,0,0
GTN_MV,D,20190611,000000,3.00977,3.02145,2.92835,2.94,0,0
GTN_MV,D,20190612,000000,2.96898,3.00396,2.93416,2.95733,0,0
GTN_MV,D,20190613,000000,2.96898,3.10872,2.94,3.10872,0,0
GTN_MV,D,20190614,000000,3.1437,3.1437,2.98063,3.03892,0,0
GTN_MV,D,20190617,000000,3.2601,3.77825,3.2601,3.77825,0,0
GTN_MV,D,20190618,000000,3.66765,3.67349,3.40568,3.41151,0,0
GTN_MV,D,20190619,000000,3.41733,3.48129,3.34739,3.38819,0,0
GTN_MV,D,20190621,000000,3.38237,3.40568,3.32406,3.3299,0,0
GTN_MV,D,20190624,000000,3.34739,3.34739,3.23096,3.23096,0,0
GTN_MV,D,20190625,000000,3.25429,3.30673,3.16703,3.23096,0,0
GTN_MV,D,20190626,000000,3.21347,3.34158,3.21347,3.27178,0,0
GTN_MV,D,20190627,000000,3.30092,3.30092,3.2368,3.27762,0,0
GTN_MV,D,20190628,000000,3.30673,3.30673,3.18449,3.2601,0,0
GTN_MV,D,20190701,000000,3.2601,3.29508,3.20766,3.23096,0,0
GTN_MV,D,20190702,000000,3.20766,3.24845,3.17284,3.21347,0,0
GTN_MV,D,20190703,000000,3.22515,3.26594,3.17868,3.26594,0,0
GTN_MV,D,20190704,000000,3.28343,3.41733,3.24264,3.31257,0,0
GTN_MV,D,20190705,000000,3.31257,3.35904,3.2601,3.3299,0,0
GTN_MV,D,20190708,000000,3.28927,3.31257,3.26594,3.27178,0,0
GTN_MV,D,20190709,000000,3.31257,3.34739,3.27762,3.27762,0,0
GTN_MV,D,20190710,000000,3.50462,3.63851,3.46383,3.48713,0,0
GTN_MV,D,20190711,000000,3.48713,3.50462,3.40568,3.40568,0,0
GTN_MV,D,20190712,000000,3.37653,3.39402,3.3299,3.3299,0,0
GTN_MV,D,20190715,000000,3.34739,3.35323,3.26594,3.30673,0,0
GTN_MV,D,20190716,000000,3.30673,3.35323,3.28927,3.32406,0,0
GTN_MV,D,20190717,000000,3.2601,3.34158,3.17284,3.2601,0,0
GTN_MV,D,20190718,000000,3.23096,3.30092,3.23096,3.28343,0,0
GTN_MV,D,20190719,000000,3.28343,3.3299,3.2601,3.30673,0,0
GTN_MV,D,20190722,000000,3.26594,3.42317,3.26594,3.31825,0,0
GTN_MV,D,20190723,000000,3.35323,3.37653,3.28927,3.3299,0,0
GTN_MV,D,20190724,000000,3.33574,3.33574,3.28343,3.31825,0,0
GTN_MV,D,20190725,000000,3.34739,3.34739,3.28927,3.29508,0,0
GTN_MV,D,20190726,000000,3.28927,3.3299,3.28343,3.31257,0,0
GTN_MV,D,20190729,000000,3.28927,3.37653,3.28927,3.34739,0,0
GTN_MV,D,20190730,000000,3.34739,3.37653,3.30092,3.3299,0,0
GTN_MV,D,20190731,000000,3.28927,3.31825,3.2601,3.2601,0,0
GTN_MV,D,20190801,000000,3.2601,3.31825,3.21347,3.28343,0,0
GTN_MV,D,20190802,000000,3.23096,3.25429,3.17284,3.24264,0,0
GTN_MV,D,20190805,000000,3.23096,3.23096,3.05643,3.11456,0,0
GTN_MV,D,20190806,000000,3.08539,3.12621,3.06224,3.08539,0,0
GTN_MV,D,20190807,000000,3.11456,3.11456,3.02726,3.02726,0,0
GTN_MV,D,20190808,000000,3.11456,3.11456,3.00396,3.05643,0,0
GTN_MV,D,20190809,000000,3.08539,3.08539,3.05643,3.06792,0,0
GTN_MV,D,20190812,000000,3.05643,3.17284,3.05643,3.09707,0,0
GTN_MV,D,20190813,000000,3.06792,3.17284,3.06792,3.10872,0,0
GTN_MV,D,20190814,000000,3.12037,3.15535,3.09123,3.11456,0,0
GTN_MV,D,20190816,000000,3.05643,3.05643,2.85258,2.91083,0,0
GTN_MV,D,20190819,000000,2.88172,2.89918,2.78859,2.79443,0,0
GTN_MV,D,20190820,000000,2.79443,2.79443,2.70116,2.70116,0,0
GTN_MV,D,20190821,000000,2.73614,2.87588,2.73614,2.82925,0,0
GTN_MV,D,20190822,000000,2.8788,2.88172,2.79732,2.82925,0,0
GTN_MV,D,20190823,000000,2.82925,2.84966,2.7682,2.7682,0,0
GTN_MV,D,20190826,000000,2.79443,2.84674,2.75653,2.79443,0,0
GTN_MV,D,20190827,000000,2.79443,2.8176,2.707,2.75071,0,0
GTN_MV,D,20190828,000000,2.78569,2.81192,2.64887,2.64887,0,0
GTN_MV,D,20190829,000000,2.67799,2.72157,2.62555,2.69533,0,0
GTN_MV,D,20190830,000000,2.69533,2.71284,2.64887,2.70408,0,0
GTN_MV,D,20190902,000000,2.71865,2.73031,2.66634,2.66634,0,0
GTN_MV,D,20190903,000000,2.69243,2.73614,2.66634,2.71865,0,0
GTN_MV,D,20190904,000000,2.66926,2.72449,2.66634,2.68965,0,0
GTN_MV,D,20190905,000000,2.66634,2.67799,2.5033,2.56159,0,0
GTN_MV,D,20190906,000000,2.51786,2.63721,2.51786,2.58766,0,0
GTN_MV,D,20190909,000000,2.59058,3.12621,2.5033,3.12621,0,0
GTN_MV,D,20190910,000000,2.99812,3.13786,2.8176,2.82341,0,0
GTN_MV,D,20190911,000000,2.82633,2.82633,2.68965,2.69243,0,0
GTN_MV,D,20190912,000000,2.71865,2.94,2.71865,2.75071,0,0
GTN_MV,D,20190913,000000,2.75071,2.8642,2.74196,2.77112,0,0
GTN_MV,D,20190916,000000,2.76529,2.85547,2.76529,2.84966,0,0
GTN_MV,D,20190917,000000,3.31825,3.44634,3.12037,3.44634,0,0
GTN_MV,D,20190918,000000,3.55125,4.19148,3.55125,4.19148,0,0
GTN_MV,D,20190919,000000,4.2789,4.80873,3.85389,3.87138,0,0
GTN_MV,D,20190920,000000,3.80742,4.26725,3.80742,4.1625,0,0
GTN_MV,D,20190923,000000,4.1625,4.17415,3.87138,4.10422,0,0
GTN_MV,D,20190924,000000,4.65734,4.65734,3.90636,3.91801,0,0
GTN_MV,D,20190925,000000,3.91801,3.98778,3.49294,3.49294,0,0
GTN_MV,D,20190926,000000,3.49294,3.84221,3.49294,3.66765,0,0
GTN_MV,D,20190927,000000,3.66765,3.73164,3.40568,3.41733,0,0
GTN_MV,D,20190930,000000,3.45799,3.45799,3.1437,3.17284,0,0
GTN_MV,D,20191001,000000,3.15535,3.31825,3.02145,3.2368,0,0
GTN_MV,D,20191002,000000,3.24845,3.29508,3.07376,3.09707,0,0
GTN_MV,D,20191003,000000,3.05643,3.7258,3.05643,3.7258,0,0
GTN_MV,D,20191004,000000,3.98778,4.17415,3.7258,3.81323,0,0
GTN_MV,D,20191007,000000,3.84221,3.84221,3.69666,3.74329,0,0
GTN_MV,D,20191008,000000,3.70831,4.1625,3.66765,4.1625,0,0
GTN_MV,D,20191009,000000,4.15666,4.1625,3.94699,4.06356,0,0
GTN_MV,D,20191010,000000,4.03442,4.10422,3.81891,4.00527,0,0
GTN_MV,D,20191011,000000,4.00527,4.01111,3.84805,3.85389,0,0
GTN_MV,D,20191014,000000,3.78409,3.95864,3.78409,3.88884,0,0
GTN_MV,D,20191015,000000,3.93547,3.98778,3.79576,3.80742,0,0
GTN_MV,D,20191016,000000,3.81323,3.90052,3.77825,3.90052,0,0
GTN_MV,D,20191017,000000,3.90052,3.94115,3.63851,3.67933,0,0
GTN_MV,D,20191018,000000,3.70831,3.7258,3.5629,3.60937,0,0
GTN_MV,D,20191021,000000,3.56858,3.66765,3.49294,3.53376,0,0
GTN_MV,D,20191022,000000,3.55125,4.20316,3.55125,4.0286,0,0
GTN_MV,D,20191023,000000,4.07507,4.07507,3.91801,3.92966,0,0
GTN_MV,D,20191024,000000,4.01111,4.01111,3.87138,3.90052,0,0
GTN_MV,D,20191025,000000,3.90052,3.90052,3.81323,3.86554,0,0
GTN_MV,D,20191028,000000,3.85389,4.07507,3.85389,4.02276,0,0
GTN_MV,D,20191029,000000,3.84805,4.10422,3.78409,4.04607,0,0
GTN_MV,D,20191030,000000,4.10422,4.12752,3.94115,3.95864,0,0
GTN_MV,D,20191031,000000,3.95864,4.01693,3.92966,3.99362,0,0
GTN_MV,D,20191104,000000,3.98778,4.12168,3.92966,4.10422,0,0
GTN_MV,D,20191105,000000,4.12168,4.33705,4.12168,4.30223,0,0
GTN_MV,D,20191106,000000,4.29642,4.39534,4.26144,4.26144,0,0
GTN_MV,D,20191107,000000,4.29642,4.30807,4.17415,4.26725,0,0
GTN_MV,D,20191108,000000,4.26725,4.30807,4.20316,4.2789,0,0
GTN_MV,D,20191112,000000,4.30807,4.3662,4.23227,4.35454,0,0
GTN_MV,D,20191113,000000,4.36038,5.00659,4.36038,4.97744,0,0
GTN_MV,D,20191114,000000,4.91932,5.04157,4.77375,4.84355,0,0
GTN_MV,D,20191115,000000,4.83771,5.13467,4.83771,5.11137,0,0
GTN_MV,D,20191118,000000,5.15216,5.51892,5.15216,5.43747,0,0
GTN_MV,D,20191119,000000,5.32671,5.33255,5.12302,5.23945,0,0
GTN_MV,D,20191120,000000,5.23945,5.23945,5.00659,5.13467,0,0
GTN_MV,D,20191121,000000,5.385,5.385,4.80289,4.80289,0,0
GTN_MV,D,20191122,000000,4.63401,4.87853,4.58154,4.75626,0,0
GTN_MV,D,20191125,000000,4.8319,5.21612,4.7854,5.21612,0,0
GTN_MV,D,20191126,000000,5.23361,5.37335,5.10553,5.1813,0,0
GTN_MV,D,20191127,000000,5.16384,5.23945,5.15216,5.15216,0,0
GTN_MV,D,20191128,000000,5.19279,5.23361,5.15216,5.21028,0,0
GTN_MV,D,20191129,000000,5.27443,5.51892,5.27443,5.385,0,0
GTN_MV,D,20191202,000000,5.55971,5.55971,5.26859,5.3152,0,0
GTN_MV,D,20191203,000000,5.26859,5.3152,5.12302,5.12302,0,0
GTN_MV,D,20191204,000000,5.09388,5.14632,4.99496,5.03573,0,0
GTN_MV,D,20191205,000000,5.00077,5.158,5.00077,5.12302,0,0
GTN_MV,D,20191206,000000,5.15216,5.19863,5.06487,5.1813,0,0
GTN_MV,D,20191209,000000,5.12883,5.32671,5.12883,5.15216,0,0
GTN_MV,D,20191210,000000,5.12883,5.23361,5.07057,5.15216,0,0
GTN_MV,D,20191211,000000,5.15216,5.23945,5.09388,5.23945,0,0
GTN_MV,D,20191212,000000,5.26859,5.32671,5.23361,5.2511,0,0
GTN_MV,D,20191213,000000,5.23945,5.28608,5.158,5.19279,0,0
GTN_MV,D,20191216,000000,5.1813,5.19279,4.97744,5.02408,0,0
GTN_MV,D,20191217,000000,4.97744,5.13467,4.88434,5.13467,0,0
GTN_MV,D,20191218,000000,5.13467,5.21028,5.01824,5.14051,0,0
GTN_MV,D,20191219,000000,5.13467,5.19279,5.0474,5.0474,0,0
GTN_MV,D,20191220,000000,5.05324,5.4781,4.9483,5.41414,0,0
GTN_MV,D,20191223,000000,5.23945,5.23945,5.00659,5.09969,0,0
GTN_MV,D,20191227,000000,5.03573,5.11137,4.89599,4.9483,0,0
GTN_MV,D,20191230,000000,4.8319,4.89018,4.80289,4.84936,0,0
GTN_MV,D,20200102,000000,4.84936,4.91932,4.67481,4.82606,0,0
GTN_MV,D,20200103,000000,4.84936,4.8552,4.75042,4.83771,0,0
GTN_MV,D,20200107,000000,4.88434,4.88434,4.66899,4.69798,0,0
GTN_MV,D,20200108,000000,4.6515,4.6515,4.48263,4.54091,0,0
GTN_MV,D,20200109,000000,4.46514,4.7621,4.45346,4.68646,0,0
GTN_MV,D,20200110,000000,4.71547,4.74461,4.56989,4.62236,0,0
GTN_MV,D,20200113,000000,4.62236,4.9483,4.56989,4.71547,0,0
GTN_MV,D,20200114,000000,4.74461,4.75042,4.60487,4.61071,0,0
GTN_MV,D,20200115,000000,4.71547,4.71547,4.52926,4.52926,0,0
GTN_MV,D,20200116,000000,4.52926,4.60487,4.4593,4.56421,0,0
GTN_MV,D,20200117,000000,4.51177,4.60487,4.50593,4.54091,0,0
GTN_MV,D,20200120,000000,4.51177,4.5351,4.41283,4.43616,0,0
GTN_MV,D,20200121,000000,4.3662,4.41283,4.33705,4.39534,0,0
GTN_MV,D,20200122,000000,4.3662,4.5584,4.33705,4.48263,0,0
GTN_MV,D,20200123,000000,4.50593,4.54091,4.43616,4.50593,0,0
GTN_MV,D,20200124,000000,4.43032,4.56989,4.43032,4.56421,0,0
GTN_MV,D,20200127,000000,4.59903,4.59903,4.31391,4.36038,0,0
GTN_MV,D,20200128,000000,4.3662,4.4245,4.30223,4.3662,0,0
GTN_MV,D,20200129,000000,4.4245,4.4245,4.34287,4.39534,0,0
GTN_MV,D,20200130,000000,4.33705,4.3662,4.24979,4.29058,0,0
GTN_MV,D,20200131,000000,4.24979,4.33705,4.08673,4.33705,0,0
GTN_MV,D,20200203,000000,4.3662,4.3662,4.19148,4.24979,0,0
GTN_MV,D,20200204,000000,4.2789,4.2789,4.22062,4.2789,0,0
GTN_MV,D,20200205,000000,4.24979,4.2789,4.13336,4.25563,0,0
GTN_MV,D,20200206,000000,4.27309,4.33124,4.19148,4.2789,0,0
GTN_MV,D,20200207,000000,4.31956,4.36038,4.22062,4.35454,0,0
GTN_MV,D,20200210,000000,4.3662,4.54091,4.35454,4.44765,0,0
GTN_MV,D,20200211,000000,4.5351,4.70963,4.44765,4.69214,0,0
GTN_MV,D,20200212,000000,4.68646,4.73296,4.58154,4.62236,0,0
GTN_MV,D,20200213,000000,4.62236,4.62236,4.51177,4.55256,0,0
GTN_MV,D,20200214,000000,4.56989,4.59322,4.48844,4.54091,0,0
GTN_MV,D,20200217,000000,4.54091,4.60487,4.4593,4.58154,0,0
GTN_MV,D,20200218,000000,4.58154,4.64569,4.45346,4.45346,0,0
GTN_MV,D,20200219,000000,4.45346,4.45346,4.37203,4.41867,0,0
GTN_MV,D,20200220,000000,4.41867,4.48263,4.36038,4.39534,0,0
GTN_MV,D,20200221,000000,4.3662,4.39534,4.30807,4.3895,0,0
GTN_MV,D,20200224,000000,4.30807,4.30807,4.0286,4.15666,0,0
GTN_MV,D,20200225,000000,4.08673,4.09838,3.91217,3.99362,0,0
GTN_MV,D,20200226,000000,3.92966,3.92966,3.7258,3.85389,0,0
GTN_MV,D,20200227,000000,3.81323,3.81323,3.28343,3.28343,0,0
GTN_MV,D,20200228,000000,3.16703,3.17868,2.96898,3.08539,0,0
GTN_MV,D,20200302,000000,3.23096,3.37653,3.13786,3.37653,0,0
GTN_MV,D,20200303,000000,3.45799,3.656,3.4405,3.60937,0,0
GTN_MV,D,20200304,000000,3.49294,3.67933,3.46383,3.55125,0,0
GTN_MV,D,20200305,000000,3.61521,3.63851,3.5629,3.63851,0,0
GTN_MV,D,20200306,000000,3.56858,3.63851,3.34739,3.46383,0,0
GTN_MV,D,20200309,000000,2.99812,3.25429,2.94,2.94,0,0
GTN_MV,D,20200310,000000,3.19601,3.2601,3.05643,3.09123,0,0
GTN_MV,D,20200311,000000,3.1437,3.20182,2.82341,2.82341,0,0
GTN_MV,D,20200312,000000,2.64887,2.64887,2.18319,2.18319,0,0
GTN_MV,D,20200313,000000,2.2996,2.53244,2.28212,2.34898,0,0
GTN_MV,D,20200316,000000,2.3519,2.50038,2.22383,2.44502,0,0
GTN_MV,D,20200317,000000,2.41893,2.58474,2.41603,2.57309,0,0
GTN_MV,D,20200318,000000,2.55575,2.809,2.5033,2.66926,0,0
GTN_MV,D,20200319,000000,2.707,2.85258,2.66926,2.85258,0,0
GTN_MV,D,20200320,000000,2.96898,3.15535,2.85258,3.05059,0,0
GTN_MV,D,20200323,000000,3.17284,3.17284,2.85547,2.94,0,0
GTN_MV,D,20200324,000000,3.09123,3.09123,2.92835,2.96898,0,0
GTN_MV,D,20200325,000000,3.02726,3.05059,2.82341,2.91083,0,0
GTN_MV,D,20200326,000000,2.92835,2.99231,2.85839,2.96898,0,0
GTN_MV,D,20200327,000000,2.95733,3.01561,2.91083,2.96898,0,0
GTN_MV,D,20200330,000000,2.92251,3.07958,2.87296,3.07958,0,0
GTN_MV,D,20200331,000000,3.06224,3.19601,3.02726,3.09123,0,0
GTN_MV,D,20200401,000000,2.99812,3.05643,2.83217,2.83217,0,0
GTN_MV,D,20200402,000000,2.88172,2.88172,2.68383,2.74196,0,0
GTN_MV,D,20200403,000000,2.74488,2.74488,2.58766,2.63721,0,0
GTN_MV,D,20200406,000000,2.5964,2.8409,2.5964,2.79443,0,0
GTN_MV,D,20200407,000000,2.80024,2.98647,2.80024,2.82925,0,0
GTN_MV,D,20200408,000000,2.82341,2.9021,2.65469,2.66345,0,0
GTN_MV,D,20200409,000000,2.69243,2.74196,2.64887,2.70854,0,0
GTN_MV,D,20200414,000000,2.70854,2.79443,2.707,2.79443,0,0
GTN_MV,D,20200415,000000,2.80162,2.8176,2.70992,2.71146,0,0
GTN_MV,D,20200416,000000,2.71284,2.79732,2.71284,2.78859,0,0
GTN_MV,D,20200417,000000,2.79732,2.83217,2.72157,2.73614,0,0
GTN_MV,D,20200420,000000,2.77832,2.77832,2.71865,2.72311,0,0
GTN_MV,D,20200421,000000,2.73768,2.74488,2.62263,2.67648,0,0
GTN_MV,D,20200422,000000,2.63721,2.68383,2.63429,2.67648,0,0
GTN_MV,D,20200423,000000,2.67799,2.73614,2.61971,2.707,0,0
GTN_MV,D,20200424,000000,2.67799,2.67799,2.61971,2.65761,0,0
GTN_MV,D,20200427,000000,2.77696,2.77696,2.67799,2.70562,0,0
GTN_MV,D,20200428,000000,2.6794,2.76529,2.62263,2.75791,0,0
GTN_MV,D,20200429,000000,2.75071,2.75071,2.65316,2.71438,0,0
GTN_MV,D,20200430,000000,2.73184,2.73184,2.68229,2.72157,0,0
GTN_MV,D,20200504,000000,2.71146,2.72893,2.64887,2.707,0,0
GTN_MV,D,20200505,000000,2.707,2.71865,2.65179,2.6751,0,0
GTN_MV,D,20200506,000000,2.65607,2.75945,2.62263,2.7435,0,0
GTN_MV,D,20200507,000000,2.75071,3.05643,2.74933,3.05643,0,0
GTN_MV,D,20200508,000000,3.1437,3.1437,2.96317,2.96317,0,0
GTN_MV,D,20200511,000000,2.96898,3.13786,2.96898,3.00104,0,0
GTN_MV,D,20200512,000000,3.04475,3.14951,2.99812,3.14078,0,0
GTN_MV,D,20200513,000000,3.12621,3.16703,3.01269,3.0331,0,0
GTN_MV,D,20200514,000000,3.036,3.06792,2.91083,2.94568,0,0
GTN_MV,D,20200515,000000,2.96317,3.00396,2.91959,2.97479,0,0
GTN_MV,D,20200518,000000,3.01561,3.09707,3.01561,3.05643,0,0
GTN_MV,D,20200519,000000,3.05643,3.08539,3.03018,3.08539,0,0
GTN_MV,D,20200520,000000,3.08539,3.33866,3.08539,3.33866,0,0
GTN_MV,D,20200521,000000,3.42317,3.62978,3.42317,3.44925,0,0
GTN_MV,D,20200522,000000,3.49294,3.54541,3.36488,3.5163,0,0
GTN_MV,D,20200525,000000,3.58023,3.64143,3.5629,3.60353,0,0
GTN_MV,D,20200526,000000,3.49294,3.49294,3.35323,3.35323,0,0
GTN_MV,D,20200527,000000,3.37653,3.48713,3.26886,3.39694,0,0
GTN_MV,D,20200528,000000,3.4319,3.46964,3.23096,3.26302,0,0
GTN_MV,D,20200529,000000,3.28635,3.28635,3.16703,3.21639,0,0
GTN_MV,D,20200601,000000,3.31549,3.31549,3.21058,3.22223,0,0
GTN_MV,D,20200602,000000,3.20474,3.23096,3.12037,3.12621,0,0
GTN_MV,D,20200603,000000,3.12621,3.2601,3.12621,3.24556,0,0
GTN_MV,D,20200604,000000,3.2601,3.2601,3.17284,3.20182,0,0
GTN_MV,D,20200605,000000,3.23096,3.32117,3.23096,3.2747,0,0
GTN_MV,D,20200608,000000,3.27762,3.32698,3.23388,3.2601,0,0
GTN_MV,D,20200609,000000,3.28927,3.28927,3.18157,3.18741,0,0
GTN_MV,D,20200610,000000,3.23096,3.23096,3.15827,3.17284,0,0
GTN_MV,D,20200612,000000,3.11164,3.17284,3.08539,3.11456,0,0
GTN_MV,D,20200615,000000,3.08539,3.31549,3.08539,3.23096,0,0
GTN_MV,D,20200616,000000,3.26594,3.27762,3.22515,3.22515,0,0
GTN_MV,D,20200617,000000,3.23096,3.24556,3.17576,3.18449,0,0
GTN_MV,D,20200618,000000,3.20182,3.23096,3.11456,3.11456,0,0
GTN_MV,D,20200619,000000,3.12621,3.17284,3.12621,3.17284,0,0
GTN_MV,D,20200622,000000,3.17284,3.17576,3.10872,3.1437,0,0
GTN_MV,D,20200623,000000,3.17284,3.19033,3.09998,3.18741,0,0
GTN_MV,D,20200624,000000,3.19033,3.19033,3.11456,3.11456,0,0
GTN_MV,D,20200625,000000,3.09123,3.09123,3.01561,3.02145,0,0
GTN_MV,D,20200626,000000,3.02145,3.11164,2.92543,2.94,0,0
GTN_MV,D,20200629,000000,3.02726,3.92966,3.02726,3.92966,0,0
GTN_MV,D,20200630,000000,4.1625,4.1625,3.55417,3.5629,0,0
GTN_MV,D,20200701,000000,3.5629,3.69666,3.40568,3.43482,0,0
GTN_MV,D,20200702,000000,3.43482,3.54249,3.38819,3.46383,0,0
GTN_MV,D,20200703,000000,3.41151,3.69666,3.41151,3.60937,0,0
GTN_MV,D,20200706,000000,3.7258,3.73746,3.56566,3.62397,0,0
GTN_MV,D,20200707,000000,3.65308,3.69666,3.49878,3.52211,0,0
GTN_MV,D,20200708,000000,3.5017,3.85097,3.39402,3.62689,0,0
GTN_MV,D,20200709,000000,3.63851,3.63851,3.51338,3.52211,0,0
GTN_MV,D,20200710,000000,3.5017,3.63851,3.46091,3.58023,0,0
GTN_MV,D,20200713,000000,3.57442,3.57442,3.43482,3.44925,0,0
GTN_MV,D,20200714,000000,3.42317,3.42317,3.28927,3.29216,0,0
GTN_MV,D,20200715,000000,3.31825,3.39694,3.27762,3.36196,0,0
GTN_MV,D,20200716,000000,3.36196,3.36196,3.27762,3.31549,0,0
GTN_MV,D,20200717,000000,3.28927,3.30673,3.2601,3.30673,0,0
GTN_MV,D,20200720,000000,3.24556,3.28635,3.21639,3.28635,0,0
GTN_MV,D,20200721,000000,3.2601,3.36196,3.23972,3.29508,0,0
GTN_MV,D,20200722,000000,3.31257,3.31825,3.20474,3.22807,0,0
GTN_MV,D,20200723,000000,3.20766,3.25429,3.16119,3.21931,0,0
GTN_MV,D,20200724,000000,3.21347,3.42606,3.1437,3.35904,0,0
GTN_MV,D,20200727,000000,3.43774,3.43774,3.2747,3.3299,0,0
GTN_MV,D,20200728,000000,3.40568,3.46383,3.33866,3.39694,0,0
GTN_MV,D,20200729,000000,3.40568,3.40568,3.24556,3.28927,0,0
GTN_MV,D,20200730,000000,3.28927,3.28927,3.03018,3.11456,0,0
GTN_MV,D,20200731,000000,3.11456,3.17284,3.08831,3.11164,0,0
GTN_MV,D,20200803,000000,3.13786,3.18449,3.04475,3.18449,0,0
GTN_MV,D,20200804,000000,3.18449,3.18449,3.06224,3.07958,0,0
GTN_MV,D,20200805,000000,3.08539,3.16411,3.07376,3.14078,0,0
GTN_MV,D,20200806,000000,3.11747,3.11747,3.04475,3.07084,0,0
GTN_MV,D,20200807,000000,3.05643,3.08249,2.98355,3.07666,0,0
GTN_MV,D,20200810,000000,3.08539,3.09998,3.02726,3.06224,0,0
GTN_MV,D,20200811,000000,3.03892,3.12913,3.03892,3.11164,0,0
GTN_MV,D,20200812,000000,3.08539,3.09707,3.01561,3.08539,0,0
GTN_MV,D,20200813,000000,3.09415,3.09707,3.02726,3.08539,0,0
GTN_MV,D,20200814,000000,3.07958,3.08249,2.96898,3.07376,0,0
GTN_MV,D,20200817,000000,3.05643,3.07376,2.96898,3.02726,0,0
GTN_MV,D,20200818,000000,3.00688,3.04184,2.95441,3.04184,0,0
GTN_MV,D,20200819,000000,3.05643,3.05643,2.9486,2.96025,0,0
GTN_MV,D,20200820,000000,2.98939,2.98939,2.82495,2.88172,0,0
GTN_MV,D,20200821,000000,2.76529,2.82341,2.67799,2.73614,0,0
GTN_MV,D,20200824,000000,2.74196,2.94,2.73614,2.90502,0,0
GTN_MV,D,20200825,000000,2.73614,2.80608,2.73614,2.76237,0,0
GTN_MV,D,20200826,000000,2.76529,2.78569,2.707,2.72449,0,0
GTN_MV,D,20200827,000000,2.78278,2.78278,2.70562,2.72893,0,0
GTN_MV,D,20200828,000000,2.76375,2.809,2.70992,2.79443,0,0
GTN_MV,D,20200831,000000,2.74058,2.82341,2.72019,2.76237,0,0
GTN_MV,D,20200901,000000,2.76529,2.76529,2.707,2.73614,0,0
GTN_MV,D,20200902,000000,2.67799,2.73476,2.64887,2.68229,0,0
GTN_MV,D,20200903,000000,2.707,2.707,2.66634,2.68383,0,0
GTN_MV,D,20200904,000000,2.68383,2.68383,2.58766,2.61971,0,0
GTN_MV,D,20200907,000000,2.57892,2.59058,2.48151,2.53828,0,0
GTN_MV,D,20200908,000000,2.55867,2.55867,2.35774,2.47415,0,0
GTN_MV,D,20200909,000000,2.47125,2.53244,2.4203,2.53244,0,0
GTN_MV,D,20200910,000000,2.53244,2.60224,2.45376,2.56727,0,0
GTN_MV,D,20200911,000000,2.58766,2.58766,2.50912,2.55867,0,0
GTN_MV,D,20200914,000000,2.53828,2.576,2.52078,2.53244,0,0
GTN_MV,D,20200915,000000,2.52508,2.53244,2.45376,2.53244,0,0
GTN_MV,D,20200916,000000,2.53244,2.53244,2.47569,2.47569,0,0
GTN_MV,D,20200917,000000,2.47569,2.53244,2.46403,2.52078,0,0
GTN_MV,D,20200918,000000,2.48873,2.54701,2.04926,2.16277,0,0
GTN_MV,D,20200921,000000,2.18319,2.26754,2.14529,2.18746,0,0
GTN_MV,D,20200922,000000,2.23547,2.24131,2.18319,2.19912,0,0
GTN_MV,D,20200923,000000,2.26892,2.5033,2.26892,2.30097,0,0
GTN_MV,D,20200924,000000,2.38687,2.38687,2.30097,2.32859,0,0
GTN_MV,D,20200925,000000,2.32859,2.34898,2.21216,2.2617,0,0
GTN_MV,D,20200928,000000,2.19176,2.29378,2.17151,2.24131,0,0
GTN_MV,D,20200929,000000,2.25589,2.2996,2.20496,2.2996,0,0
GTN_MV,D,20200930,000000,2.29378,2.2996,2.24713,2.27044,0,0
GTN_MV,D,20201001,000000,2.30252,2.35344,2.22673,2.28212,0,0
GTN_MV,D,20201002,000000,2.28212,2.29516,2.20342,2.26754,0,0
GTN_MV,D,20201005,000000,2.26754,2.27044,2.21216,2.23119,0,0
GTN_MV,D,20201006,000000,2.24131,2.34316,2.21216,2.28212,0,0
GTN_MV,D,20201007,000000,2.24285,2.28502,2.23409,2.27336,0,0
GTN_MV,D,20201008,000000,2.27336,2.27336,2.2137,2.25589,0,0
GTN_MV,D,20201009,000000,2.22091,2.22091,2.12488,2.16569,0,0
GTN_MV,D,20201012,000000,2.18319,2.23701,2.16569,2.21216,0,0
GTN_MV,D,20201013,000000,2.22673,2.22673,2.17735,2.21216,0,0
GTN_MV,D,20201014,000000,2.06659,2.16569,2.06659,2.13946,0,0
GTN_MV,D,20201015,000000,2.12488,2.13792,1.95018,2.06659,0,0
GTN_MV,D,20201016,000000,1.98086,2.12488,1.96474,2.12488,0,0
GTN_MV,D,20201019,000000,2.12488,2.13072,2.03898,2.08117,0,0
GTN_MV,D,20201020,000000,2.08117,2.3723,2.04636,2.27044,0,0
GTN_MV,D,20201021,000000,2.31985,2.31985,2.09575,2.09727,0,0
GTN_MV,D,20201022,000000,2.1278,2.24713,2.1278,2.22965,0,0
GTN_MV,D,20201023,000000,2.18319,2.24131,2.16415,2.218,0,0
GTN_MV,D,20201026,000000,2.18319,2.22383,2.1278,2.20634,0,0
GTN_MV,D,20201027,000000,2.17873,2.18609,2.07243,2.09437,0,0
GTN_MV,D,20201028,000000,2.09575,2.09575,1.89204,1.99389,0,0
GTN_MV,D,20201029,000000,1.97932,2.06659,1.90662,2.03762,0,0
GTN_MV,D,20201030,000000,2.03762,2.06659,1.97932,2.05218,0,0
GTN_MV,D,20201102,000000,2.06659,2.06659,1.98086,2.06659,0,0
GTN_MV,D,20201103,000000,2.06659,2.13792,2.06659,2.13792,0,0
GTN_MV,D,20201104,000000,2.13946,2.13946,2.00847,2.06659,0,0
GTN_MV,D,20201105,000000,2.09437,2.13946,2.04052,2.13946,0,0
GTN_MV,D,20201106,000000,2.15249,2.15249,2.03762,2.03762,0,0
GTN_MV,D,20201109,000000,2.08991,2.16569,2.01277,2.15111,0,0
GTN_MV,D,20201110,000000,2.14821,2.32275,2.12488,2.24131,0,0
GTN_MV,D,20201112,000000,2.24131,2.2996,2.22673,2.28502,0,0
GTN_MV,D,20201113,000000,2.28502,2.28502,2.22965,2.2792,0,0
GTN_MV,D,20201116,000000,2.28058,2.47999,2.26462,2.38687,0,0
GTN_MV,D,20201117,000000,2.44502,2.5033,2.40145,2.45084,0,0
GTN_MV,D,20201118,000000,2.5033,2.51926,2.41603,2.49455,0,0
GTN_MV,D,20201119,000000,2.49455,2.67799,2.41603,2.5033,0,0
GTN_MV,D,20201120,000000,2.5033,2.66634,2.47415,2.59058,0,0
GTN_MV,D,20201123,000000,2.62125,2.79443,2.62125,2.66634,0,0
GTN_MV,D,20201124,000000,2.73476,2.73476,2.65469,2.67799,0,0
GTN_MV,D,20201125,000000,2.707,2.707,2.56727,2.67799,0,0
GTN_MV,D,20201126,000000,2.61971,2.67648,2.59058,2.66053,0,0
GTN_MV,D,20201127,000000,2.67218,2.67218,2.53244,2.61971,0,0
GTN_MV,D,20201130,000000,2.53382,2.61971,2.50912,2.56159,0,0
GTN_MV,D,20201201,000000,2.56159,2.64887,2.50622,2.59058,0,0
GTN_MV,D,20201202,000000,2.59058,2.64443,2.54701,2.64443,0,0
GTN_MV,D,20201203,000000,2.64303,2.64303,2.56297,2.63429,0,0
GTN_MV,D,20201204,000000,2.61833,2.64303,2.56727,2.61971,0,0
GTN_MV,D,20201207,000000,2.61971,2.69533,2.57017,2.64887,0,0
GTN_MV,D,20201208,000000,2.69243,2.71573,2.64887,2.68965,0,0
GTN_MV,D,20201209,000000,2.66345,2.75225,2.66345,2.72311,0,0
GTN_MV,D,20201210,000000,2.73614,2.73614,2.63429,2.71865,0,0
GTN_MV,D,20201211,000000,2.67799,2.67799,2.59058,2.67799,0,0
GTN_MV,D,20201214,000000,2.67648,2.67648,2.53244,2.57892,0,0
GTN_MV,D,20201215,000000,2.56159,2.56159,2.47707,2.51204,0,0
GTN_MV,D,20201216,000000,2.51204,2.52662,2.47999,2.50038,0,0
GTN_MV,D,20201217,000000,2.50038,2.50038,2.44502,2.49746,0,0
GTN_MV,D,20201218,000000,2.47415,2.47415,2.38979,2.44654,0,0
GTN_MV,D,20201221,000000,2.44502,2.44502,2.33443,2.38687,0,0
GTN_MV,D,20201222,000000,2.33151,2.41449,2.33151,2.35774,0,0
GTN_MV,D,20201223,000000,2.32859,2.38687,2.32859,2.34025,0,0
GTN_MV,D,20201228,000000,2.34025,2.34316,2.27336,2.2864,0,0
GTN_MV,D,20201229,000000,2.29806,2.38395,2.29806,2.38104,0,0
GTN_MV,D,20201230,000000,2.39853,2.41603,2.35636,2.39853,0,0
GTN_MV,D,20210104,000000,1.92119,2.20342,1.92119,2.14821,0,0
GTN_MV,D,20210105,000000,2.15403,2.18319,2.06813,2.1235,0,0
GTN_MV,D,20210107,000000,2.08563,2.11032,2.03762,2.08991,0,0
GTN_MV,D,20210108,000000,2.10157,2.17151,2.10157,2.13946,0,0
GTN_MV,D,20210111,000000,2.13946,2.18319,2.13946,2.18027,0,0
GTN_MV,D,20210112,000000,2.2005,2.2005,2.09575,2.16861,0,0
GTN_MV,D,20210113,000000,2.16861,2.2588,2.13072,2.21508,0,0
GTN_MV,D,20210114,000000,2.24131,2.27628,2.22673,2.23119,0,0
GTN_MV,D,20210115,000000,2.27044,2.27044,2.15403,2.21216,0,0
GTN_MV,D,20210118,000000,2.17151,2.18319,2.12918,2.18319,0,0
GTN_MV,D,20210119,000000,2.18165,2.24131,2.12488,2.22673,0,0
GTN_MV,D,20210120,000000,2.23547,2.23839,2.15403,2.18165,0,0
GTN_MV,D,20210121,000000,2.18165,2.18165,2.12918,2.15403,0,0
GTN_MV,D,20210122,000000,2.15249,2.1976,2.11906,2.1976,0,0
GTN_MV,D,20210125,000000,2.15403,2.23409,2.1278,2.15833,0,0
GTN_MV,D,20210126,000000,2.15111,2.15249,2.03762,2.15249,0,0
GTN_MV,D,20210127,000000,2.15403,2.15403,2.08991,2.09575,0,0
GTN_MV,D,20210128,000000,2.09437,2.14529,2.07243,2.09575,0,0
GTN_MV,D,20210129,000000,2.10894,2.13364,2.08117,2.12488,0,0
GTN_MV,D,20210201,000000,2.12488,2.12488,2.08271,2.09283,0,0
GTN_MV,D,20210202,000000,2.08853,2.11906,2.08409,2.11768,0,0
GTN_MV,D,20210203,000000,2.12488,2.12488,2.08563,2.11032,0,0
GTN_MV,D,20210204,000000,2.10894,2.11032,2.07979,2.09575,0,0
GTN_MV,D,20210205,000000,2.09575,2.20926,2.08117,2.18319,0,0
GTN_MV,D,20210208,000000,2.21216,2.21216,2.09575,2.09575,0,0
GTN_MV,D,20210209,000000,2.12488,2.18027,2.09575,2.1206,0,0
GTN_MV,D,20210210,000000,2.09575,2.12198,2.09575,2.11906,0,0
GTN_MV,D,20210211,000000,2.11906,2.14821,2.10019,2.14667,0,0
GTN_MV,D,20210212,000000,2.12488,2.14667,2.11324,2.1235,0,0
GTN_MV,D,20210215,000000,2.13792,2.14529,2.11324,2.12488,0,0
GTN_MV,D,20210216,000000,2.12488,2.21078,2.11906,2.13072,0,0
GTN_MV,D,20210217,000000,2.13072,2.16999,2.11906,2.15403,0,0
GTN_MV,D,20210218,000000,2.16569,2.16569,2.11324,2.12488,0,0
GTN_MV,D,20210219,000000,2.11906,2.12642,2.10019,2.1235,0,0
GTN_MV,D,20210222,000000,2.12198,2.12198,2.08991,2.08991,0,0
GTN_MV,D,20210223,000000,2.09145,2.10894,2.08117,2.09575,0,0
GTN_MV,D,20210224,000000,2.09575,2.09575,2.06659,2.06659,0,0
GTN_MV,D,20210225,000000,2.09437,2.10157,2.07687,2.08409,0,0
GTN_MV,D,20210226,000000,2.06659,2.12198,2.06659,2.12198,0,0
GTN_MV,D,20210301,000000,2.07533,2.17151,2.07533,2.15111,0,0
GTN_MV,D,20210302,000000,2.15403,2.24131,2.12488,2.16569,0,0
GTN_MV,D,20210303,000000,2.16125,2.16569,2.09867,2.09867,0,0
GTN_MV,D,20210304,000000,2.12488,2.17735,2.11032,2.15403,0,0
GTN_MV,D,20210305,000000,2.15985,2.20634,2.14821,2.19622,0,0
GTN_MV,D,20210308,000000,2.20926,2.20926,2.15403,2.20788,0,0
GTN_MV,D,20210309,000000,2.21078,2.22965,2.1976,2.22383,0,0
GTN_MV,D,20210310,000000,2.218,2.22383,2.16861,2.18609,0,0
GTN_MV,D,20210311,000000,2.18456,2.21216,2.15695,2.18319,0,0
GTN_MV,D,20210312,000000,2.18319,2.18319,2.12488,2.17735,0,0
GTN_MV,D,20210315,000000,2.2005,2.2005,2.1278,2.15403,0,0
GTN_MV,D,20210316,000000,2.14821,2.15985,2.09727,2.12488,0,0
GTN_MV,D,20210317,000000,2.15249,2.15249,2.08117,2.09575,0,0
GTN_MV,D,20210318,000000,2.16861,2.27044,2.15541,2.21216,0,0
GTN_MV,D,20210319,000000,2.21216,2.35774,2.15403,2.34316,0,0
GTN_MV,D,20210322,000000,2.38687,2.38687,2.24867,2.32567,0,0
GTN_MV,D,20210323,000000,2.32567,2.32567,2.21216,2.27044,0,0
GTN_MV,D,20210324,000000,2.25435,2.25435,2.20634,2.20634,0,0
GTN_MV,D,20210325,000000,2.20634,2.22244,2.20634,2.21508,0,0
GTN_MV,D,20210326,000000,2.23993,2.25726,2.21508,2.23993,0,0
GTN_MV,D,20210329,000000,2.24131,2.24285,2.16277,2.16415,0,0
GTN_MV,D,20210330,000000,2.18319,2.24577,2.18319,2.21216,0,0
GTN_MV,D,20210331,000000,2.2137,2.23257,2.18319,2.23257,0,0
GTN_MV,D,20210401,000000,2.18901,2.38979,2.18319,2.2996,0,0
GTN_MV,D,20210406,000000,2.2996,2.2996,2.2588,2.2792,0,0
GTN_MV,D,20210407,000000,2.28212,2.29086,2.20634,2.23547,0,0
GTN_MV,D,20210408,000000,2.22673,2.22673,2.19176,2.218,0,0
GTN_MV,D,20210409,000000,2.21216,2.21216,2.18319,2.18319,0,0
GTN_MV,D,20210412,000000,2.18319,2.18319,2.09575,2.12488,0,0
GTN_MV,D,20210413,000000,2.15111,2.17443,2.12198,2.13946,0,0
GTN_MV,D,20210414,000000,2.17443,2.17735,2.13072,2.15695,0,0
GTN_MV,D,20210415,000000,2.15695,2.16861,2.14237,2.16277,0,0
GTN_MV,D,20210416,000000,2.14821,2.16277,2.13654,2.15403,0,0
GTN_MV,D,20210419,000000,2.16861,2.16861,2.11614,2.15111,0,0
GTN_MV,D,20210420,000000,2.15111,2.15111,2.11906,2.14529,0,0
GTN_MV,D,20210421,000000,2.12488,2.13654,2.11906,2.13654,0,0
GTN_MV,D,20210422,000000,2.12198,2.15403,2.09575,2.15403,0,0
GTN_MV,D,20210423,000000,2.12488,2.16861,2.12488,2.16277,0,0
GTN_MV,D,20210426,000000,2.16277,2.16569,2.12488,2.12488,0,0
GTN_MV,D,20210427,000000,2.13072,2.23547,2.12198,2.18609,0,0
GTN_MV,D,20210428,000000,2.21216,2.218,2.18319,2.1976,0,0
GTN_MV,D,20210429,000000,2.18609,2.24131,2.18319,2.22673,0,0
GTN_MV,D,20210430,000000,2.24131,2.28212,2.21216,2.27044,0,0
GTN_MV,D,20210504,000000,2.28212,2.2996,2.24131,2.24423,0,0
GTN_MV,D,20210505,000000,2.22965,2.26754,2.21216,2.25005,0,0
GTN_MV,D,20210506,000000,2.26462,2.26462,2.18609,2.24131,0,0
GTN_MV,D,20210507,000000,2.24131,2.2996,2.24131,2.2617,0,0
GTN_MV,D,20210510,000000,2.27044,2.35774,2.27044,2.35774,0,0
GTN_MV,D,20210511,000000,2.3519,2.41311,2.29668,2.3723,0,0
GTN_MV,D,20210512,000000,2.35774,2.35774,2.32859,2.35482,0,0
GTN_MV,D,20210513,000000,2.3519,2.35774,2.29668,2.35774,0,0
GTN_MV,D,20210514,000000,2.35774,2.53244,2.30833,2.53244,0,0
GTN_MV,D,20210517,000000,2.52662,2.66053,2.47415,2.64887,0,0
GTN_MV,D,20210518,000000,2.64887,2.70992,2.59058,2.60516,0,0
GTN_MV,D,20210519,000000,2.59058,2.67218,2.53244,2.57892,0,0
GTN_MV,D,20210520,000000,2.64303,2.68673,2.57892,2.67799,0,0
GTN_MV,D,20210521,000000,2.67799,2.70408,2.59058,2.68965,0,0
GTN_MV,D,20210524,000000,2.68965,2.75653,2.65179,2.75361,0,0
GTN_MV,D,20210525,000000,2.76529,2.86712,2.73614,2.83801,0,0
GTN_MV,D,20210526,000000,2.86712,2.96317,2.86712,2.92251,0,0
GTN_MV,D,20210527,000000,2.91667,2.91667,2.82925,2.90794,0,0
GTN_MV,D,20210528,000000,2.90794,3.20182,2.86712,3.16119,0,0
GTN_MV,D,20210531,000000,3.17868,3.17868,3.06792,3.14951,0,0
GTN_MV,D,20210601,000000,3.1437,3.27762,3.04475,3.20182,0,0
GTN_MV,D,20210602,000000,3.28927,3.31257,3.20182,3.30673,0,0
GTN_MV,D,20210604,000000,3.41151,3.7666,3.41151,3.70831,0,0
GTN_MV,D,20210607,000000,3.76078,4.01693,3.66765,3.91801,0,0
GTN_MV,D,20210608,000000,3.91801,4.13336,3.77244,3.95864,0,0
GTN_MV,D,20210609,000000,4.01111,4.06924,3.81891,3.9528,0,0
GTN_MV,D,20210610,000000,3.9528,3.9528,3.56858,3.74911,0,0
GTN_MV,D,20210611,000000,3.67933,3.73746,3.49878,3.52792,0,0
GTN_MV,D,20210614,000000,3.43482,3.75495,3.43482,3.73164,0,0
GTN_MV,D,20210615,000000,3.75495,3.90052,3.70831,3.79576,0,0
GTN_MV,D,20210616,000000,3.78409,3.79576,3.59191,3.69082,0,0
GTN_MV,D,20210617,000000,3.63851,3.69082,3.49294,3.60937,0,0
GTN_MV,D,20210618,000000,3.66765,3.66765,3.52792,3.58023,0,0
GTN_MV,D,20210621,000000,3.58023,3.58023,3.43482,3.5629,0,0
GTN_MV,D,20210622,000000,3.52211,3.52211,3.46383,3.46383,0,0
GTN_MV,D,20210623,000000,3.53957,3.53957,3.46383,3.50462,0,0
GTN_MV,D,20210624,000000,3.46964,3.59772,3.39986,3.55125,0,0
GTN_MV,D,20210625,000000,3.60353,3.60353,3.49878,3.57442,0,0
GTN_MV,D,20210628,000000,3.58023,3.62105,3.49878,3.57442,0,0
GTN_MV,D,20210629,000000,3.55125,3.57442,3.46964,3.49294,0,0
GTN_MV,D,20210630,000000,3.48713,3.49294,3.35323,3.35904,0,0
GTN_MV,D,20210701,000000,3.43482,3.45799,3.33574,3.36488,0,0
GTN_MV,D,20210702,000000,3.42898,3.43482,3.28927,3.34739,0,0
GTN_MV,D,20210705,000000,3.34739,3.54541,3.34739,3.53957,0,0
GTN_MV,D,20210706,000000,3.5163,3.5163,3.43482,3.43482,0,0
GTN_MV,D,20210707,000000,3.43482,3.49294,3.37653,3.4405,0,0
GTN_MV,D,20210708,000000,3.43482,3.45215,3.38237,3.42898,0,0
GTN_MV,D,20210709,000000,3.42898,3.4405,3.37653,3.4405,0,0
GTN_MV,D,20210712,000000,3.45799,3.5163,3.41733,3.45799,0,0
GTN_MV,D,20210713,000000,3.45799,3.55125,3.41151,3.53957,0,0
GTN_MV,D,20210714,000000,3.53376,3.53376,3.45799,3.46964,0,0
GTN_MV,D,20210715,000000,3.48713,3.49294,3.37653,3.48129,0,0
GTN_MV,D,20210716,000000,3.48129,3.48713,3.40568,3.43482,0,0
GTN_MV,D,20210719,000000,3.42317,3.43482,3.32406,3.36488,0,0
GTN_MV,D,20210720,000000,3.3707,3.42317,3.28927,3.33574,0,0
GTN_MV,D,20210721,000000,3.30673,3.39986,3.30673,3.37653,0,0
GTN_MV,D,20210722,000000,3.3299,3.45215,3.3299,3.44634,0,0
GTN_MV,D,20210723,000000,3.44634,3.45215,3.42317,3.4405,0,0
GTN_MV,D,20210726,000000,3.43482,3.66184,3.40568,3.60353,0,0
GTN_MV,D,20210727,000000,3.60353,3.60353,3.53376,3.53957,0,0
GTN_MV,D,20210728,000000,3.54541,3.59772,3.49294,3.57442,0,0
GTN_MV,D,20210729,000000,3.58023,3.656,3.55709,3.60353,0,0
GTN_MV,D,20210730,000000,3.60353,3.60353,3.52211,3.60353,0,0
GTN_MV,D,20210802,000000,3.61521,3.656,3.60353,3.62105,0,0
GTN_MV,D,20210803,000000,3.6327,3.69666,3.55125,3.55125,0,0
GTN_MV,D,20210804,000000,3.66184,3.66184,3.55125,3.55709,0,0
GTN_MV,D,20210805,000000,3.60353,3.6327,3.55709,3.58607,0,0
GTN_MV,D,20210806,000000,3.58607,3.61521,3.58023,3.59191,0,0
GTN_MV,D,20210809,000000,3.60937,3.62689,3.60937,3.62689,0,0
GTN_MV,D,20210810,000000,3.60937,3.66765,3.55709,3.66765,0,0
GTN_MV,D,20210811,000000,3.656,3.66765,3.61521,3.66765,0,0
GTN_MV,D,20210812,000000,3.66765,3.74329,3.63851,3.7025,0,0
GTN_MV,D,20210813,000000,3.66765,3.74911,3.66765,3.7025,0,0
GTN_MV,D,20210816,000000,3.7025,3.77244,3.67349,3.74911,0,0
GTN_MV,D,20210817,000000,3.74911,3.77825,3.69082,3.73164,0,0
GTN_MV,D,20210818,000000,3.73164,3.98778,3.73164,3.92966,0,0
GTN_MV,D,20210819,000000,3.90052,3.93547,3.81891,3.90636,0,0
GTN_MV,D,20210820,000000,3.92966,4.75042,3.81891,4.66315,0,0
GTN_MV,D,20210823,000000,4.54091,4.6515,4.52342,4.52342,0,0
GTN_MV,D,20210824,000000,4.51177,4.95995,4.48263,4.77375,0,0
GTN_MV,D,20210825,000000,4.75042,4.75042,4.46514,4.54091,0,0
GTN_MV,D,20210826,000000,4.43032,4.43032,4.2789,4.2789,0,0
GTN_MV,D,20210827,000000,4.33124,4.62236,4.33124,4.50593,0,0
GTN_MV,D,20210830,000000,4.54091,4.7854,4.50012,4.68646,0,0
GTN_MV,D,20210831,000000,4.74461,4.74461,4.52926,4.5351,0,0
GTN_MV,D,20210901,000000,4.5351,4.5351,4.3662,4.40699,0,0
GTN_MV,D,20210902,000000,4.37203,4.37203,4.1392,4.22646,0,0
GTN_MV,D,20210903,000000,4.28474,4.44765,4.2789,4.30807,0,0
GTN_MV,D,20210906,000000,4.33705,4.50593,4.29642,4.33705,0,0
GTN_MV,D,20210907,000000,4.3662,4.3662,4.22062,4.22646,0,0
GTN_MV,D,20210908,000000,4.22062,4.22062,3.99362,4.07507,0,0
GTN_MV,D,20210909,000000,4.07507,4.07507,3.87138,3.98778,0,0
GTN_MV,D,20210910,000000,3.94699,4.09838,3.94699,4.07507,0,0
GTN_MV,D,20210913,000000,4.09256,4.21481,4.07507,4.15666,0,0
GTN_MV,D,20210914,000000,4.22646,4.26725,4.10422,4.19148,0,0
GTN_MV,D,20210915,000000,4.14501,4.23811,4.14501,4.22062,0,0
GTN_MV,D,20210916,000000,4.22062,4.22062,4.09256,4.15085,0,0
GTN_MV,D,20210917,000000,4.10422,4.1625,4.10422,4.1392,0,0
GTN_MV,D,20210920,000000,4.13336,4.13336,3.88884,3.88884,0,0
GTN_MV,D,20210921,000000,3.90052,4.01693,3.87138,3.95864,0,0
GTN_MV,D,20210922,000000,3.98778,4.06924,3.88303,4.06924,0,0
GTN_MV,D,20210923,000000,4.07507,4.07507,3.98778,4.02276,0,0
GTN_MV,D,20210924,000000,4.01111,4.04025,3.95864,4.04025,0,0
GTN_MV,D,20210927,000000,3.95864,4.04025,3.95864,3.98778,0,0
GTN_MV,D,20210928,000000,3.99362,4.01111,3.77244,3.82472,0,0
GTN_MV,D,20210929,000000,3.82472,3.82472,3.70831,3.73746,0,0
GTN_MV,D,20210930,000000,3.78993,3.78993,3.49294,3.63851,0,0
GTN_MV,D,20211001,000000,3.58023,3.88303,3.55125,3.88303,0,0
GTN_MV,D,20211004,000000,3.88303,4.00527,3.82472,3.91217,0,0
GTN_MV,D,20211005,000000,3.90052,3.99362,3.88884,3.94115,0,0
GTN_MV,D,20211006,000000,3.93547,4.11003,3.80158,3.94115,0,0
GTN_MV,D,20211007,000000,3.95864,4.01693,3.90636,3.99362,0,0
GTN_MV,D,20211008,000000,4.01693,4.10422,3.9528,4.06356,0,0
GTN_MV,D,20211011,000000,4.06356,4.33124,4.06356,4.21481,0,0
GTN_MV,D,20211012,000000,4.21481,4.21481,4.13336,4.20316,0,0
GTN_MV,D,20211013,000000,4.14501,4.19148,4.04607,4.18583,0,0
GTN_MV,D,20211014,000000,4.08673,4.26144,4.08673,4.17999,0,0
GTN_MV,D,20211015,000000,4.19148,4.24979,4.14501,4.23811,0,0
GTN_MV,D,20211018,000000,4.21481,4.23811,4.17415,4.22062,0,0
GTN_MV,D,20211019,000000,4.22062,4.22062,4.04607,4.07507,0,0
GTN_MV,D,20211020,000000,4.08673,4.94249,3.94699,3.94699,0,0
GTN_MV,D,20211021,000000,4.01111,4.48844,3.94699,4.30807,0,0
GTN_MV,D,20211022,000000,4.33124,4.41867,4.22646,4.24979,0,0
GTN_MV,D,20211025,000000,4.29642,4.3254,4.19732,4.27309,0,0
GTN_MV,D,20211026,000000,4.29642,4.29642,4.1625,4.20316,0,0
GTN_MV,D,20211027,000000,4.22646,4.40699,4.19148,4.2789,0,0
GTN_MV,D,20211028,000000,4.22646,4.33705,4.20897,4.26144,0,0
GTN_MV,D,20211029,000000,4.3254,4.58738,4.28474,4.3662,0,0
GTN_MV,D,20211102,000000,4.3662,4.51758,4.31391,4.51758,0,0
GTN_MV,D,20211103,000000,4.52342,4.52342,4.3662,4.37203,0,0
GTN_MV,D,20211104,000000,4.37203,4.47679,4.37203,4.47095,0,0
GTN_MV,D,20211105,000000,4.47095,4.47095,4.39534,4.4593,0,0
GTN_MV,D,20211108,000000,4.47679,4.50012,4.43616,4.45346,0,0
GTN_MV,D,20211109,000000,4.54091,4.54091,4.25563,4.4245,0,0
GTN_MV,D,20211110,000000,4.4245,4.56989,4.40118,4.43032,0,0
GTN_MV,D,20211112,000000,4.48844,4.48844,4.34287,4.39534,0,0
GTN_MV,D,20211115,000000,4.4245,4.4245,4.01693,4.39534,0,0
GTN_MV,D,20211116,000000,4.01693,4.07507,3.92966,3.99362,0,0
GTN_MV,D,20211117,000000,3.98778,3.98778,3.87138,3.92382,0,0
GTN_MV,D,20211118,000000,3.97613,3.97613,3.84221,3.9528,0,0
GTN_MV,D,20211119,000000,4.04025,4.04025,3.67933,3.76078,0,0
GTN_MV,D,20211122,000000,3.78409,3.84221,3.63851,3.82472,0,0
GTN_MV,D,20211123,000000,3.82472,3.8597,3.73164,3.80742,0,0
GTN_MV,D,20211124,000000,3.74329,4.59322,3.74329,4.45346,0,0
GTN_MV,D,20211125,000000,4.56989,4.56989,4.20316,4.22062,0,0
GTN_MV,D,20211126,000000,4.13336,4.40118,4.11587,4.1625,0,0
GTN_MV,D,20211129,000000,4.1625,4.1625,3.98778,4.05772,0,0
GTN_MV,D,20211130,000000,4.10422,4.1625,4.01693,4.12752,0,0
GTN_MV,D,20211201,000000,4.08673,4.19148,4.08673,4.1625,0,0
GTN_MV,D,20211202,000000,4.1625,4.23811,4.13336,4.17415,0,0
GTN_MV,D,20211203,000000,4.16831,4.20897,4.10422,4.12752,0,0
GTN_MV,D,20211206,000000,4.09256,4.12752,3.75495,3.75495,0,0
GTN_MV,D,20211207,000000,3.78409,3.92966,3.76078,3.81891,0,0
GTN_MV,D,20211208,000000,3.86554,3.88303,3.84221,3.87138,0,0
GTN_MV,D,20211209,000000,3.88303,3.92382,3.8597,3.88884,0,0
GTN_MV,D,20211210,000000,3.8597,3.86554,3.82472,3.83056,0,0
GTN_MV,D,20211213,000000,3.83056,3.85389,3.7258,3.81323,0,0
GTN_MV,D,20211214,000000,3.78409,3.78409,3.70831,3.78409,0,0
GTN_MV,D,20211215,000000,3.75495,3.77244,3.69666,3.69666,0,0
GTN_MV,D,20211216,000000,3.7258,3.79576,3.7025,3.76078,0,0
GTN_MV,D,20211217,000000,3.75495,3.80742,3.75495,3.78409,0,0
GTN_MV,D,20211220,000000,3.7258,3.7666,3.66765,3.67933,0,0
GTN_MV,D,20211221,000000,3.67933,4.01111,3.67933,3.77244,0,0
GTN_MV,D,20211222,000000,3.78409,3.8364,3.73746,3.81323,0,0
GTN_MV,D,20211223,000000,3.81323,3.8597,3.69666,3.7258,0,0
GTN_MV,D,20211227,000000,3.6327,3.71413,3.60937,3.60937,0,0
GTN_MV,D,20211228,000000,3.62105,3.67933,3.60937,3.60937,0,0
GTN_MV,D,20211229,000000,3.6327,3.73746,3.6327,3.73746,0,0
GTN_MV,D,20211230,000000,3.73746,3.74329,3.66765,3.69666,0,0
GTN_MV,D,20220103,000000,3.67933,3.7666,3.67933,3.71413,0,0
GTN_MV,D,20220104,000000,3.70831,3.74911,3.69082,3.7258,0,0
GTN_MV,D,20220105,000000,3.74329,3.74329,3.67933,3.69666,0,0
GTN_MV,D,20220107,000000,3.7258,3.7258,3.66184,3.69082,0,0
GTN_MV,D,20220110,000000,3.70831,3.70831,3.63851,3.66765,0,0
GTN_MV,D,20220111,000000,3.66184,3.69082,3.66184,3.68517,0,0
GTN_MV,D,20220112,000000,3.69082,3.7258,3.67349,3.69666,0,0
GTN_MV,D,20220113,000000,3.68517,3.71413,3.66765,3.67933,0,0
GTN_MV,D,20220114,000000,3.69082,3.69082,3.64435,3.69082,0,0
GTN_MV,D,20220117,000000,3.67349,3.69082,3.656,3.68517,0,0
GTN_MV,D,20220118,000000,3.69082,3.69082,3.63851,3.64435,0,0
GTN_MV,D,20220119,000000,3.64435,3.66184,3.60937,3.66184,0,0
GTN_MV,D,20220120,000000,3.656,3.656,3.60937,3.60937,0,0
GTN_MV,D,20220121,000000,3.60937,3.60937,3.52211,3.59772,0,0
GTN_MV,D,20220124,000000,3.59191,3.59191,3.32406,3.48129,0,0
GTN_MV,D,20220125,000000,3.49294,3.5629,3.49294,3.5629,0,0
GTN_MV,D,20220126,000000,3.55125,3.60353,3.55125,3.58607,0,0
GTN_MV,D,20220127,000000,3.59191,3.60937,3.5629,3.60937,0,0
GTN_MV,D,20220128,000000,3.58023,3.59191,3.52792,3.55125,0,0
GTN_MV,D,20220131,000000,3.5629,3.58023,3.53957,3.56858,0,0
GTN_MV,D,20220201,000000,3.56858,3.58023,3.53957,3.54541,0,0
GTN_MV,D,20220202,000000,3.53957,3.66765,3.52792,3.66765,0,0
GTN_MV,D,20220203,000000,3.66184,3.66765,3.59772,3.66765,0,0
GTN_MV,D,20220204,000000,3.656,3.75495,3.63851,3.66765,0,0
GTN_MV,D,20220207,000000,3.7025,3.7025,3.58023,3.65016,0,0
GTN_MV,D,20220208,000000,3.60353,3.65016,3.60353,3.62689,0,0
GTN_MV,D,20220209,000000,3.58607,3.6327,3.58607,3.62689,0,0
GTN_MV,D,20220210,000000,3.60937,3.6327,3.58607,3.6327,0,0
GTN_MV,D,20220211,000000,3.6327,3.63851,3.59772,3.63851,0,0
GTN_MV,D,20220214,000000,3.58607,3.58607,3.50462,3.52792,0,0
GTN_MV,D,20220215,000000,3.52792,3.63851,3.52792,3.63851,0,0
GTN_MV,D,20220216,000000,3.59191,3.70831,3.59191,3.63851,0,0
GTN_MV,D,20220217,000000,3.61521,3.66184,3.49878,3.52211,0,0
GTN_MV,D,20220218,000000,3.54541,3.59191,3.49878,3.54541,0,0
GTN_MV,D,20220221,000000,3.51046,3.52211,3.42317,3.48713,0,0
GTN_MV,D,20220222,000000,3.39986,3.58023,3.39986,3.50462,0,0
GTN_MV,D,20220223,000000,3.58023,3.58607,3.48129,3.49294,0,0
GTN_MV,D,20220224,000000,3.2601,3.28927,2.96898,3.05643,0,0
GTN_MV,D,20220225,000000,3.10288,3.24845,3.00396,3.20182,0,0
GTN_MV,D,20220228,000000,2.94,3.08539,2.94,3.03892,0,0
GTN_MV,D,20220301,000000,3.02145,3.03892,2.91083,2.91667,0,0
GTN_MV,D,20220302,000000,2.93416,2.99812,2.89918,2.92835,0,0
GTN_MV,D,20220303,000000,2.91667,2.91667,2.89629,2.91083,0,0
GTN_MV,D,20220304,000000,2.88464,2.88464,2.80316,2.82925,0,0
GTN_MV,D,20220307,000000,2.82341,2.82341,2.70408,2.74196,0,0
GTN_MV,D,20220308,000000,2.76237,2.91083,2.76237,2.85258,0,0
GTN_MV,D,20220309,000000,2.85258,2.90794,2.82925,2.87004,0,0
GTN_MV,D,20220310,000000,2.87004,2.87004,2.83801,2.84674,0,0
GTN_MV,D,20220311,000000,2.85547,2.86712,2.8409,2.8409,0,0
GTN_MV,D,20220314,000000,2.87004,2.87004,2.82341,2.87004,0,0
GTN_MV,D,20220315,000000,2.8409,2.89045,2.83801,2.85547,0,0
GTN_MV,D,20220316,000000,2.89629,2.99812,2.89629,2.92251,0,0
GTN_MV,D,20220317,000000,2.96898,2.99812,2.96898,2.99812,0,0
GTN_MV,D,20220318,000000,2.99812,2.99812,2.94,2.96898,0,0
GTN_MV,D,20220321,000000,2.96898,3.00977,2.94568,3.00396,0,0
GTN_MV,D,20220322,000000,2.96898,2.99231,2.95733,2.99231,0,0
GTN_MV,D,20220323,000000,2.99231,2.99231,2.91667,2.95149,0,0
GTN_MV,D,20220324,000000,2.94568,2.96898,2.92251,2.96898,0,0
GTN_MV,D,20220325,000000,2.96898,2.96898,2.91083,2.94,0,0
GTN_MV,D,20220328,000000,2.94,2.96317,2.91083,2.94,0,0
GTN_MV,D,20220329,000000,2.94568,3.11456,2.89918,3.02726,0,0
GTN_MV,D,20220330,000000,3.02726,3.06224,3.00396,3.00396,0,0
GTN_MV,D,20220331,000000,3.00396,3.02145,2.98647,2.99812,0,0
GTN_MV,D,20220401,000000,3.00396,3.55125,2.98063,3.42898,0,0
GTN_MV,D,20220404,000000,3.46383,3.71413,3.46383,3.62689,0,0
GTN_MV,D,20220405,000000,3.62689,3.62689,3.42317,3.48713,0,0
GTN_MV,D,20220406,000000,3.48713,3.62105,3.28343,3.36488,0,0
GTN_MV,D,20220407,000000,3.36488,3.36488,3.1437,3.21347,0,0
GTN_MV,D,20220408,000000,3.20182,3.24845,3.16119,3.16703,0,0
GTN_MV,D,20220411,000000,3.07376,3.34158,3.07376,3.24845,0,0
GTN_MV,D,20220412,000000,3.20182,3.24845,3.17868,3.18449,0,0
GTN_MV,D,20220413,000000,3.23096,3.23096,3.1437,3.1437,0,0
GTN_MV,D,20220414,000000,3.20182,3.20182,3.14951,3.17868,0,0
GTN_MV,D,20220419,000000,3.17868,3.17868,3.15535,3.15535,0,0
GTN_MV,D,20220420,000000,3.17284,3.17284,3.14951,3.14951,0,0
GTN_MV,D,20220421,000000,3.14951,3.19601,3.14951,3.19033,0,0
GTN_MV,D,20220422,000000,3.17868,3.20182,3.15535,3.19601,0,0
GTN_MV,D,20220425,000000,3.19601,3.19601,2.90794,2.97479,0,0
GTN_MV,D,20220426,000000,2.99812,3.05059,2.98063,2.99231,0,0
GTN_MV,D,20220427,000000,2.97479,2.99812,2.91083,2.91083,0,0
GTN_MV,D,20220428,000000,2.92835,2.99231,2.91667,2.99231,0,0
GTN_MV,D,20220429,000000,2.92835,2.99231,2.85839,2.9021,0,0
GTN_MV,D,20220502,000000,2.88172,2.91083,2.82341,2.91083,0,0
GTN_MV,D,20220504,000000,2.93416,2.93416,2.84382,2.89337,0,0
GTN_MV,D,20220505,000000,2.88172,2.9021,2.84674,2.9021,0,0
GTN_MV,D,20220506,000000,2.88172,2.89337,2.85258,2.89045,0,0
GTN_MV,D,20220509,000000,2.89045,2.91083,2.86131,2.91083,0,0
GTN_MV,D,20220510,000000,2.94,2.94,2.87588,2.90794,0,0
GTN_MV,D,20220511,000000,2.89045,2.91667,2.87004,2.87588,0,0
GTN_MV,D,20220512,000000,2.88464,2.90502,2.85258,2.89337,0,0
GTN_MV,D,20220513,000000,2.91083,2.94,2.84382,2.94,0,0
GTN_MV,D,20220516,000000,2.95733,2.95733,2.88464,2.88464,0,0
GTN_MV,D,20220517,000000,2.90794,3.05643,2.90794,3.02726,0,0
GTN_MV,D,20220518,000000,3.01561,3.02145,2.92251,2.94,0,0
GTN_MV,D,20220519,000000,2.94,2.96317,2.89629,2.96317,0,0
GTN_MV,D,20220520,000000,2.94,2.96317,2.91083,2.91667,0,0
GTN_MV,D,20220523,000000,2.92835,2.96898,2.90502,2.90502,0,0
GTN_MV,D,20220524,000000,2.91083,2.91083,2.88172,2.88172,0,0
GTN_MV,D,20220525,000000,2.88172,2.96898,2.88172,2.91083,0,0
GTN_MV,D,20220526,000000,2.91083,2.93416,2.88464,2.88464,0,0
GTN_MV,D,20220527,000000,2.87296,2.96898,2.87296,2.90794,0,0
GTN_MV,D,20220530,000000,2.91083,2.93416,2.88172,2.93416,0,0
GTN_MV,D,20220531,000000,2.91667,3.23096,2.91667,3.19601,0,0
GTN_MV,D,20220601,000000,3.2601,3.28343,3.13786,3.13786,0,0
GTN_MV,D,20220602,000000,3.26594,3.47548,3.26594,3.46383,0,0
GTN_MV,D,20220603,000000,3.44634,3.46383,3.33574,3.33574,0,0
GTN_MV,D,20220606,000000,3.33574,3.35904,3.28927,3.31825,0,0
GTN_MV,D,20220607,000000,3.28927,3.31825,3.27762,3.28927,0,0
GTN_MV,D,20220608,000000,3.27178,3.29508,3.27178,3.28343,0,0
GTN_MV,D,20220609,000000,3.28343,3.28343,3.24264,3.25429,0,0
GTN_MV,D,20220610,000000,3.21347,3.27178,3.21347,3.25429,0,0
GTN_MV,D,20220613,000000,3.21347,3.24845,3.20182,3.22515,0,0
GTN_MV,D,20220614,000000,3.23096,3.25429,3.20182,3.20766,0,0
GTN_MV,D,20220615,000000,3.23096,3.2601,3.23096,3.24845,0,0
GTN_MV,D,20220617,000000,3.2601,3.28343,3.24845,3.26594,0,0
GTN_MV,D,20220620,000000,3.29508,3.41733,3.29508,3.40568,0,0
GTN_MV,D,20220621,000000,3.40568,3.44634,3.37653,3.44634,0,0
GTN_MV,D,20220622,000000,3.43482,3.46383,3.39986,3.46383,0,0
GTN_MV,D,20220623,000000,3.42898,3.45215,3.41733,3.45215,0,0
GTN_MV,D,20220624,000000,3.45215,3.52211,3.42317,3.51046,0,0
GTN_MV,D,20220627,000000,3.51046,3.52792,3.44634,3.47548,0,0
GTN_MV,D,20220628,000000,3.5163,3.54541,3.49294,3.49294,0,0
GTN_MV,D,20220629,000000,3.54541,3.54541,3.49294,3.54541,0,0
GTN_MV,D,20220630,000000,3.53957,3.53957,3.46383,3.47548,0,0
GTN_MV,D,20220701,000000,3.49878,3.55709,3.46383,3.50462,0,0
GTN_MV,D,20220704,000000,3.52211,3.53957,3.49294,3.51046,0,0
GTN_MV,D,20220705,000000,3.50462,3.53957,3.48129,3.49878,0,0
GTN_MV,D,20220706,000000,3.47548,3.53376,3.47548,3.52211,0,0
GTN_MV,D,20220707,000000,3.52211,3.53957,3.52211,3.53957,0,0
GTN_MV,D,20220708,000000,3.54541,3.58023,3.52792,3.58023,0,0
GTN_MV,D,20220711,000000,3.58023,3.59191,3.53376,3.55125,0,0
GTN_MV,D,20220712,000000,3.52211,3.5629,3.49294,3.55125,0,0
GTN_MV,D,20220713,000000,3.52211,3.54541,3.48713,3.54541,0,0
GTN_MV,D,20220714,000000,3.52211,3.55125,3.52211,3.54541,0,0
GTN_MV,D,20220715,000000,3.52211,3.53957,3.52211,3.53957,0,0
GTN_MV,D,20220718,000000,3.53376,3.55125,3.52211,3.52211,0,0
GTN_MV,D,20220719,000000,3.52211,3.52792,3.42898,3.52211,0,0
GTN_MV,D,20220720,000000,3.46383,3.52211,3.43482,3.49294,0,0
GTN_MV,D,20220721,000000,3.49294,3.49294,3.46964,3.46964,0,0
GTN_MV,D,20220722,000000,3.46964,3.49294,3.45215,3.49294,0,0
GTN_MV,D,20220725,000000,3.45799,3.49294,3.42317,3.47548,0,0
GTN_MV,D,20220726,000000,3.46383,3.46964,3.43482,3.43482,0,0
GTN_MV,D,20220727,000000,3.4405,3.56858,3.4405,3.46964,0,0
GTN_MV,D,20220728,000000,3.46383,3.48713,3.43482,3.48129,0,0
GTN_MV,D,20220729,000000,3.4405,3.48713,3.41151,3.42317,0,0
GTN_MV,D,20220801,000000,3.47548,3.48129,3.40568,3.42898,0,0
GTN_MV,D,20220802,000000,3.42898,3.48713,3.41151,3.41733,0,0
GTN_MV,D,20220803,000000,3.40568,3.47548,3.40568,3.47548,0,0
GTN_MV,D,20220804,000000,3.42898,3.46964,3.42898,3.44634,0,0
GTN_MV,D,20220805,000000,3.43482,3.46383,3.43482,3.44634,0,0
GTN_MV,D,20220808,000000,3.43482,3.49294,3.43482,3.45215,0,0
GTN_MV,D,20220809,000000,3.46964,3.49878,3.45215,3.46383,0,0
GTN_MV,D,20220810,000000,3.49294,3.49294,3.42898,3.4405,0,0
GTN_MV,D,20220811,000000,3.46964,3.48713,3.4405,3.48713,0,0
GTN_MV,D,20220812,000000,3.48713,3.5163,3.46964,3.5163,0,0
GTN_MV,D,20220816,000000,3.5163,3.54541,3.43482,3.43482,0,0
GTN_MV,D,20220817,000000,3.46964,3.48713,3.4405,3.48129,0,0
GTN_MV,D,20220818,000000,3.46964,3.49294,3.45799,3.49294,0,0
GTN_MV,D,20220819,000000,3.49294,3.50462,3.46383,3.50462,0,0
GTN_MV,D,20220822,000000,3.46964,3.48713,3.43482,3.45799,0,0
GTN_MV,D,20220823,000000,3.48713,3.50462,3.45799,3.47548,0,0
GTN_MV,D,20220824,000000,3.45799,3.49878,3.45799,3.49878,0,0
GTN_MV,D,20220825,000000,3.49294,3.60937,3.49294,3.5629,0,0
GTN_MV,D,20220826,000000,3.56858,3.56858,3.49294,3.52211,0,0
GTN_MV,D,20220829,000000,3.52211,3.54541,3.48129,3.5163,0,0
GTN_MV,D,20220830,000000,3.52211,3.53957,3.49294,3.49294,0,0
GTN_MV,D,20220831,000000,3.52211,3.52792,3.48129,3.49294,0,0
GTN_MV,D,20220901,000000,3.48713,3.5163,3.48713,3.49294,0,0
GTN_MV,D,20220902,000000,3.51046,3.53376,3.49294,3.53376,0,0
GTN_MV,D,20220905,000000,3.52792,3.52792,3.49294,3.52792,0,0
GTN_MV,D,20220906,000000,3.49878,3.5629,3.49878,3.53376,0,0
GTN_MV,D,20220907,000000,3.55709,3.56858,3.55125,3.56858,0,0
GTN_MV,D,20220908,000000,3.58023,3.58023,3.55125,3.5629,0,0
GTN_MV,D,20220909,000000,3.55709,3.63851,3.55709,3.63851,0,0
GTN_MV,D,20220912,000000,3.66184,3.76078,3.66184,3.68517,0,0
GTN_MV,D,20220913,000000,3.7025,3.73746,3.66765,3.67349,0,0
GTN_MV,D,20220914,000000,3.65016,3.73164,3.65016,3.73164,0,0
GTN_MV,D,20220915,000000,3.7258,3.74911,3.7258,3.74329,0,0
GTN_MV,D,20220916,000000,3.74329,3.74911,3.69666,3.74911,0,0
GTN_MV,D,20220919,000000,3.7258,3.7666,3.66184,3.75495,0,0
GTN_MV,D,20220920,000000,3.71997,3.76078,3.71997,3.7258,0,0
GTN_MV,D,20220921,000000,3.73164,3.74911,3.7025,3.7258,0,0
GTN_MV,D,20220922,000000,3.7258,3.75495,3.7258,3.7258,0,0
GTN_MV,D,20220923,000000,3.7258,3.73746,3.69666,3.73746,0,0
GTN_MV,D,20220926,000000,3.7258,3.74911,3.68517,3.68517,0,0
GTN_MV,D,20220927,000000,3.68517,3.7258,3.68517,3.69082,0,0
GTN_MV,D,20220928,000000,3.69666,3.69666,3.61521,3.63851,0,0
GTN_MV,D,20220929,000000,3.63851,3.64435,3.53376,3.53376,0,0
GTN_MV,D,20220930,000000,3.49294,3.49294,3.34739,3.37653,0,0
GTN_MV,D,20221003,000000,3.34739,3.3707,3.30092,3.35323,0,0
GTN_MV,D,20221004,000000,3.34739,3.38819,3.34739,3.37653,0,0
GTN_MV,D,20221005,000000,3.3707,3.42317,3.34739,3.37653,0,0
GTN_MV,D,20221006,000000,3.3707,3.49294,3.35904,3.48713,0,0
GTN_MV,D,20221007,000000,3.42898,3.5163,3.42317,3.5163,0,0
GTN_MV,D,20221010,000000,3.45215,3.48129,3.43482,3.43482,0,0
GTN_MV,D,20221011,000000,3.46383,3.47548,3.42317,3.46383,0,0
GTN_MV,D,20221012,000000,3.46964,3.46964,3.42317,3.42898,0,0
GTN_MV,D,20221013,000000,3.46383,3.46383,3.42317,3.44634,0,0
GTN_MV,D,20221014,000000,3.43482,3.43482,3.36488,3.38237,0,0
GTN_MV,D,20221017,000000,3.38819,3.38819,3.3707,3.37653,0,0
GTN_MV,D,20221018,000000,3.37653,3.40568,3.33574,3.35323,0,0
GTN_MV,D,20221019,000000,3.35904,3.37653,3.34739,3.35323,0,0
GTN_MV,D,20221020,000000,3.34739,3.36488,3.34739,3.36488,0,0
GTN_MV,D,20221021,000000,3.34739,3.36488,3.34739,3.35904,0,0
GTN_MV,D,20221024,000000,3.35904,3.3707,3.35323,3.35323,0,0
GTN_MV,D,20221025,000000,3.3707,3.3707,3.2601,3.34739,0,0
GTN_MV,D,20221026,000000,3.31825,3.35323,3.31825,3.35323,0,0
GTN_MV,D,20221027,000000,3.34158,3.50462,3.34158,3.43482,0,0
GTN_MV,D,20221028,000000,3.41151,3.48713,3.39986,3.45799,0,0
GTN_MV,D,20221031,000000,3.44634,3.46383,3.44634,3.46383,0,0
GTN_MV,D,20221102,000000,3.46383,3.46383,3.4405,3.4405,0,0
GTN_MV,D,20221103,000000,3.42898,3.42898,3.39402,3.40568,0,0
GTN_MV,D,20221104,000000,3.43482,3.43482,3.3707,3.38237,0,0
GTN_MV,D,20221107,000000,3.37653,3.37653,3.31825,3.35904,0,0
GTN_MV,D,20221108,000000,3.36488,3.3707,3.30673,3.35904,0,0
GTN_MV,D,20221109,000000,3.34158,3.36488,3.27762,3.27762,0,0
GTN_MV,D,20221110,000000,3.31825,3.46383,3.26594,3.29508,0,0
GTN_MV,D,20221114,000000,3.36488,3.44634,3.35904,3.44634,0,0
GTN_MV,D,20221115,000000,3.41733,3.79576,3.41733,3.7025,0,0
GTN_MV,D,20221116,000000,3.69666,3.77244,3.68517,3.73164,0,0
GTN_MV,D,20221117,000000,3.73164,3.87138,3.66765,3.7258,0,0
GTN_MV,D,20221118,000000,3.7258,3.77825,3.67933,3.74911,0,0
GTN_MV,D,20221121,000000,3.7258,3.74911,3.69666,3.71413,0,0
GTN_MV,D,20221122,000000,3.7258,3.74329,3.69082,3.73164,0,0
GTN_MV,D,20221123,000000,3.69082,3.7258,3.68517,3.69666,0,0
GTN_MV,D,20221124,000000,3.69666,3.7258,3.69082,3.7025,0,0
GTN_MV,D,20221125,000000,3.7025,3.71413,3.69082,3.71413,0,0
GTN_MV,D,20221128,000000,3.70831,3.70831,3.69666,3.69666,0,0
GTN_MV,D,20221129,000000,3.69666,3.7258,3.67349,3.7025,0,0
GTN_MV,D,20221130,000000,3.7025,3.7025,3.69082,3.7025,0,0
GTN_MV,D,20221201,000000,3.7025,3.85389,3.7025,3.78409,0,0
GTN_MV,D,20221202,000000,3.78993,3.84221,3.77244,3.81323,0,0
GTN_MV,D,20221205,000000,3.89468,3.89468,3.8364,3.8364,0,0
GTN_MV,D,20221206,000000,3.84221,3.87138,3.7666,3.80742,0,0
GTN_MV,D,20221207,000000,3.80158,3.83056,3.74911,3.76078,0,0
GTN_MV,D,20221208,000000,5.15195,16.6401,5.15195,5.60871,0,0
GTN_MV,D,20221209,000000,5.66707,5.66707,5.28701,5.30601,0,0
GTN_MV,D,20221212,000000,5.29311,5.29311,4.93272,5.03589,0,0
GTN_MV,D,20221213,000000,5.08748,5.36438,5.01009,5.28022,0,0
GTN_MV,D,20221214,000000,5.22931,5.23542,5.13905,5.15195,0,0
GTN_MV,D,20221215,000000,5.17774,5.22931,5.12615,5.15195,0,0
GTN_MV,D,20221216,000000,5.21641,5.28022,5.12615,5.24831,0,0
GTN_MV,D,20221219,000000,5.22252,5.38338,5.22252,5.35758,0,0
GTN_MV,D,20221220,000000,5.35758,5.35758,5.26732,5.26732,0,0
GTN_MV,D,20221221,000000,5.29311,5.35758,5.26732,5.30601,0,0
GTN_MV,D,20221222,000000,5.30601,5.35758,5.28022,5.31278,0,0
GTN_MV,D,20221223,000000,5.35148,5.59581,5.31889,5.56391,0,0
GTN_MV,D,20221227,000000,5.6026,6.10482,5.6026,5.8795,0,0
GTN_MV,D,20221228,000000,5.9243,6.43331,5.9114,6.22088,0,0
GTN_MV,D,20221229,000000,6.31115,6.42652,6.07903,6.18219,0,0
GTN_MV,D,20221230,000000,6.18219,6.7876,6.01456,6.43942,0,0
GTN_MV,D,20230102,000000,6.52968,7.67598,6.43942,7.53415,0,0
GTN_MV,D,20230103,000000,7.67598,8.39743,7.67598,7.921,0,0
GTN_MV,D,20230104,000000,7.97257,7.97257,7.61151,7.61151,0,0
GTN_MV,D,20230105,000000,7.65021,8.08797,7.65021,7.921,0,0
GTN_MV,D,20230109,000000,7.921,8.06217,7.70178,7.98547,0,0
GTN_MV,D,20230110,000000,7.9597,8.11374,7.9597,7.97257,0,0
GTN_MV,D,20230111,000000,8.02416,8.07507,7.72758,7.83074,0,0
GTN_MV,D,20230112,000000,7.83074,7.86943,7.74047,7.77914,0,0
GTN_MV,D,20230113,000000,7.77914,7.84364,7.72758,7.74047,0,0
GTN_MV,D,20230116,000000,7.74047,8.01126,7.71468,8.01126,0,0
GTN_MV,D,20230117,000000,8.04927,8.15243,7.86943,7.9597,0,0
GTN_MV,D,20230118,000000,7.9597,8.42325,7.9597,8.28139,0,0
GTN_MV,D,20230119,000000,8.29426,8.29426,7.99837,8.07507,0,0
GTN_MV,D,20230120,000000,8.10084,8.22982,8.06217,8.17823,0,0
GTN_MV,D,20230123,000000,8.17823,8.35876,8.17823,8.2427,0,0
GTN_MV,D,20230124,000000,8.29426,8.29426,8.01126,8.11374,0,0
GTN_MV,D,20230125,000000,8.06217,8.11374,7.921,7.99837,0,0
GTN_MV,D,20230126,000000,7.99837,8.12666,7.99837,8.02416,0,0
GTN_MV,D,20230127,000000,8.01126,8.11374,7.99837,8.11374,0,0
GTN_MV,D,20230130,000000,8.204,8.33296,8.11374,8.11374,0,0
GTN_MV,D,20230131,000000,8.12666,8.2427,8.12666,8.22982,0,0
GTN_MV,D,20230201,000000,8.22982,8.28139,7.8952,8.03637,0,0
GTN_MV,D,20230202,000000,8.03637,8.08797,7.9597,8.04927,0,0
GTN_MV,D,20230203,000000,8.04927,8.11374,7.79204,7.88231,0,0
GTN_MV,D,20230206,000000,7.88231,7.88231,7.52125,7.70178,0,0
GTN_MV,D,20230207,000000,7.59862,7.71468,7.54705,7.59862,0,0
GTN_MV,D,20230208,000000,7.65021,7.79204,7.61151,7.72758,0,0
GTN_MV,D,20230209,000000,7.72758,7.84364,7.63731,7.63731,0,0
GTN_MV,D,20230210,000000,7.75337,7.75337,7.47035,7.59862,0,0
GTN_MV,D,20230213,000000,7.54705,7.62441,7.48256,7.59862,0,0
GTN_MV,D,20230214,000000,7.61151,7.61151,7.52125,7.52125,0,0
GTN_MV,D,20230215,000000,7.50835,7.59862,7.48256,7.53415,0,0
GTN_MV,D,20230216,000000,7.48256,7.59862,7.47035,7.47035,0,0
GTN_MV,D,20230217,000000,7.52125,7.54705,7.44458,7.44458,0,0
GTN_MV,D,20230220,000000,7.34141,7.47035,7.21245,7.41875,0,0
GTN_MV,D,20230221,000000,7.49545,7.57282,7.41875,7.53415,0,0
GTN_MV,D,20230222,000000,7.53415,7.58572,7.45745,7.55995,0,0
GTN_MV,D,20230223,000000,7.58572,7.61151,7.50835,7.59862,0,0
GTN_MV,D,20230224,000000,7.59862,7.66311,7.53415,7.66311,0,0
GTN_MV,D,20230227,000000,7.62441,7.85653,7.55995,7.85653,0,0
GTN_MV,D,20230228,000000,7.85653,8.17823,7.85653,8.11374,0,0
GTN_MV,D,20230301,000000,8.11374,8.11374,7.921,7.98547,0,0
GTN_MV,D,20230302,000000,8.10084,8.10084,7.62441,7.72758,0,0
GTN_MV,D,20230303,000000,7.74047,7.85653,7.74047,7.83074,0,0
GTN_MV,D,20230306,000000,7.84364,7.9597,7.79204,7.9468,0,0
GTN_MV,D,20230307,000000,7.9468,7.9597,7.84364,7.84364,0,0
GTN_MV,D,20230308,000000,7.84364,7.9597,7.84364,7.921,0,0
GTN_MV,D,20230309,000000,7.88231,7.9468,7.88231,7.9468,0,0
GTN_MV,D,20230310,000000,7.88231,7.9597,7.88231,7.921,0,0
GTN_MV,D,20230313,000000,7.8952,7.8952,7.70178,7.72758,0,0
GTN_MV,D,20230314,000000,7.72758,7.83074,7.72758,7.75337,0,0
GTN_MV,D,20230315,000000,7.80494,7.98547,7.72758,7.85653,0,0
GTN_MV,D,20230316,000000,7.85653,7.85653,7.76627,7.79204,0,0
GTN_MV,D,20230317,000000,7.76627,7.85653,7.72758,7.72758,0,0
GTN_MV,D,20230320,000000,7.72758,7.84364,7.72758,7.80494,0,0
GTN_MV,D,20230321,000000,7.72758,7.9339,7.72758,7.85653,0,0
GTN_MV,D,20230322,000000,7.84364,7.9468,7.80494,7.80494,0,0
GTN_MV,D,20230323,000000,7.85653,8.06217,7.85653,7.98547,0,0
GTN_MV,D,20230324,000000,7.98547,8.08797,7.921,7.98547,0,0
GTN_MV,D,20230327,000000,7.9081,8.03637,7.9081,7.98547,0,0
GTN_MV,D,20230328,000000,7.98547,8.13953,7.98547,8.04927,0,0
GTN_MV,D,20230329,000000,7.86943,7.9339,7.59862,7.921,0,0
GTN_MV,D,20230330,000000,7.921,7.98547,7.86943,7.98547,0,0
GTN_MV,D,20230331,000000,9.67269,9.95571,9.58242,9.95571,0,0
GTN_MV,D,20230403,000000,10.0847,10.0847,9.68558,9.87835,0,0
GTN_MV,D,20230404,000000,9.81388,9.86545,9.65981,9.65981,0,0
GTN_MV,D,20230405,000000,9.67269,9.74939,9.55665,9.69782,0,0
GTN_MV,D,20230406,000000,9.68558,9.76229,9.65981,9.76229,0,0
GTN_MV,D,20230411,000000,9.78806,10.0331,9.78806,10.0073,0,0
GTN_MV,D,20230412,000000,10.0331,10.2394,10.0331,10.2394,0,0
GTN_MV,D,20230413,000000,10.2645,10.2774,10.1878,10.2516,0,0
GTN_MV,D,20230414,000000,10.2903,10.2903,10.2007,10.2265,0,0
GTN_MV,D,20230417,000000,10.2394,10.4064,10.2394,10.4064,0,0
GTN_MV,D,20230418,000000,10.4193,10.4837,10.4064,10.4837,0,0
GTN_MV,D,20230419,000000,10.4966,10.5998,10.4837,10.5869,0,0
GTN_MV,D,20230420,000000,10.5998,10.5998,10.5353,10.574,0,0
GTN_MV,D,20230421,000000,10.5611,10.6901,10.5611,10.6385,0,0
GTN_MV,D,20230424,000000,10.6901,11.4624,10.6901,11.4495,0,0
GTN_MV,D,20230425,000000,11.4624,11.4624,10.9473,11.2568,0,0
GTN_MV,D,20230426,000000,11.3212,11.3212,11.0504,11.3212,0,0
GTN_MV,D,20230427,000000,11.3341,11.3341,11.2181,11.3341,0,0
GTN_MV,D,20230428,000000,11.3341,11.9517,11.3341,11.7203,0,0
GTN_MV,D,20230502,000000,11.7977,12.042,11.7977,12.0291,0,0
GTN_MV,D,20230504,000000,13.2187,14.1875,13.2187,13.6431,0,0
GTN_MV,D,20230505,000000,13.9153,13.9654,13.7792,13.9153,0,0
GTN_MV,D,20230508,000000,13.9153,15.8689,13.8974,15.6308,0,0
GTN_MV,D,20230509,000000,15.937,15.937,15.1222,15.4947,0,0
GTN_MV,D,20230510,000000,15.4947,15.8009,15.0703,15.2243,0,0
GTN_MV,D,20230511,000000,15.2923,15.4786,14.662,14.9521,0,0
GTN_MV,D,20230512,000000,14.748,15.1562,14.5617,14.816,0,0
GTN_MV,D,20230515,000000,14.9521,15.0703,14.6119,14.6119,0,0
GTN_MV,D,20230516,000000,14.6119,14.6119,13.8651,14.1355,0,0
GTN_MV,D,20230517,000000,13.9995,14.696,13.9995,14.6799,0,0
GTN_MV,D,20230518,000000,14.6799,14.8841,13.9995,14.3737,0,0
GTN_MV,D,20230519,000000,14.1355,14.3236,14.0174,14.2716,0,0
GTN_MV,D,20230522,000000,14.2555,14.2716,13.593,13.6951,0,0
GTN_MV,D,20230523,000000,13.6091,13.8132,13.593,13.7291,0,0
GTN_MV,D,20230524,000000,13.593,13.6951,13.2868,13.559,0,0
GTN_MV,D,20230525,000000,13.661,13.661,13.2689,13.5751,0,0
GTN_MV,D,20230526,000000,13.593,13.9314,13.593,13.8813,0,0
GTN_MV,D,20230529,000000,13.8974,14.0335,13.7631,13.8473,0,0
GTN_MV,D,20230530,000000,13.8974,14.0335,13.8974,13.8974,0,0
GTN_MV,D,20230531,000000,13.8974,14.0335,13.593,13.593,0,0
GTN_MV,D,20230601,000000,13.593,13.7452,13.473,13.4909,0,0
GTN_MV,D,20230602,000000,13.593,13.8311,13.4909,13.8311,0,0
GTN_MV,D,20230605,000000,13.8473,13.9833,13.8473,13.8813,0,0
GTN_MV,D,20230606,000000,13.8651,14.0335,13.8651,13.9493,0,0
GTN_MV,D,20230607,000000,13.9493,14.1696,13.9493,14.0335,0,0
GTN_MV,D,20230609,000000,14.2215,14.2716,14.1015,14.1535,0,0
GTN_MV,D,20230612,000000,14.1535,14.1535,13.9654,13.9995,0,0
GTN_MV,D,20230613,000000,13.9654,14.1015,13.9654,14.1015,0,0
GTN_MV,D,20230614,000000,13.9654,14.1355,13.9493,13.9654,0,0
GTN_MV,D,20230615,000000,13.9654,14.2716,13.9314,14.2555,0,0
GTN_MV,D,20230616,000000,14.0514,14.4418,13.9995,14.1355,0,0
GTN_MV,D,20230619,000000,14.2716,14.2716,13.9995,14.2716,0,0
GTN_MV,D,20230620,000000,14.2555,14.2555,14.0854,14.1015,0,0
GTN_MV,D,20230621,000000,14.2376,14.2716,13.8651,14.0854,0,0
GTN_MV,D,20230622,000000,13.9654,14.4418,13.8311,14.2716,0,0
GTN_MV,D,20230623,000000,14.5277,14.73,14.4077,14.4077,0,0
GTN_MV,D,20230626,000000,14.2896,14.5957,14.2896,14.4597,0,0
GTN_MV,D,20230627,000000,14.4597,14.5438,14.1015,14.1194,0,0
GTN_MV,D,20230628,000000,14.1194,14.3397,13.8311,13.9314,0,0
GTN_MV,D,20230629,000000,14.1355,14.1355,13.9314,14.0854,0,0
GTN_MV,D,20230630,000000,14.0675,14.1535,13.8473,14.1355,0,0
GTN_MV,D,20230703,000000,14.2036,14.2036,13.9493,13.9654,0,0
GTN_MV,D,20230704,000000,13.9654,14.1875,13.9493,14.1355,0,0
GTN_MV,D,20230705,000000,14.1875,14.1875,13.9493,14.0854,0,0
GTN_MV,D,20230706,000000,14.1015,14.1015,13.9833,14.1015,0,0
GTN_MV,D,20230707,000000,14.1015,14.2376,13.9995,14.2215,0,0
GTN_MV,D,20230710,000000,14.2215,14.2716,14.0675,14.1194,0,0
GTN_MV,D,20230711,000000,14.2376,14.2716,13.9995,14.2716,0,0
GTN_MV,D,20230712,000000,14.0675,14.3397,14.0514,14.2555,0,0
GTN_MV,D,20230713,000000,14.2716,14.3916,14.0854,14.1696,0,0
GTN_MV,D,20230714,000000,14.0514,14.2036,14.0514,14.1015,0,0
GTN_MV,D,20230717,000000,14.1015,14.2376,13.9833,14.1696,0,0
GTN_MV,D,20230718,000000,14.0854,14.3916,14.0335,14.1535,0,0
GTN_MV,D,20230719,000000,14.2716,14.7641,14.1194,14.7641,0,0
GTN_MV,D,20230720,000000,14.73,14.73,14.2896,14.2896,0,0
GTN_MV,D,20230721,000000,14.3057,14.4937,14.2896,14.4077,0,0
GTN_MV,D,20230724,000000,14.4418,14.9002,14.3236,14.5957,0,0
GTN_MV,D,20230725,000000,14.5617,14.85,14.5617,14.85,0,0
GTN_MV,D,20230726,000000,14.73,15.5967,14.73,15.3425,0,0
GTN_MV,D,20230727,000000,15.2923,15.5967,15.2923,15.5126,0,0
GTN_MV,D,20230728,000000,15.5287,16.2772,15.4947,16.2432,0,0
GTN_MV,D,20230731,000000,16.2933,16.5995,16.0731,16.5995,0,0
GTN_MV,D,20230801,000000,16.6335,17.5002,16.6335,17.5002,0,0
GTN_MV,D,20230802,000000,17.6703,18.6552,17.5342,18.5191,0,0
GTN_MV,D,20230803,000000,18.6552,18.8593,18.0106,18.417,0,0
GTN_MV,D,20230804,000000,18.5191,18.5191,17.6023,17.8745,0,0
GTN_MV,D,20230807,000000,17.8741,18.0446,17.8401,18.0106,0,0
GTN_MV,D,20230808,000000,17.8401,17.9765,17.4323,17.6363,0,0
GTN_MV,D,20230809,000000,17.5683,17.8061,17.4662,17.6023,0,0
GTN_MV,D,20230810,000000,17.6021,18.1807,17.5002,18.1126,0,0
GTN_MV,D,20230811,000000,18.1126,18.315,17.8741,18.315,0,0
GTN_MV,D,20230814,000000,18.315,18.6552,18.1126,18.6212,0,0
GTN_MV,D,20230816,000000,18.6212,18.6212,18.0786,18.1807,0,0
GTN_MV,D,20230817,000000,18.1126,18.349,18.0106,18.349,0,0
GTN_MV,D,20230818,000000,18.4851,18.4851,17.772,17.9765,0,0
GTN_MV,D,20230821,000000,17.9765,18.383,17.9765,18.349,0,0
GTN_MV,D,20230822,000000,18.1467,18.6552,18.1467,18.383,0,0
GTN_MV,D,20230823,000000,18.6552,18.6552,18.349,18.5531,0,0
GTN_MV,D,20230824,000000,18.5531,18.5531,17.8401,18.1126,0,0
GTN_MV,D,20230825,000000,18.1126,18.1126,17.6701,17.9425,0,0
GTN_MV,D,20230828,000000,17.9425,18.0106,17.6361,17.9765,0,0
GTN_MV,D,20230829,000000,18.0106,18.1126,17.8401,18.0106,0,0
GTN_MV,D,20230830,000000,18.0106,18.1126,17.772,18.1126,0,0
GTN_MV,D,20230831,000000,17.8401,18.1807,17.7382,18.0786,0,0
GTN_MV,D,20230901,000000,18.0786,18.1467,17.8061,17.8745,0,0
GTN_MV,D,20230904,000000,17.8741,18.0106,17.7382,18.0106,0,0
GTN_MV,D,20230905,000000,18.0106,18.1467,17.8061,17.8064,0,0
GTN_MV,D,20230906,000000,17.8401,18.1807,17.8401,17.8404,0,0
GTN_MV,D,20230907,000000,17.8401,18.0446,17.5002,17.8404,0,0
GTN_MV,D,20230908,000000,17.9425,18.0106,17.6701,18.0106,0,0
GTN_MV,D,20230911,000000,18.0446,18.0446,17.6701,17.9425,0,0
GTN_MV,D,20230912,000000,17.9425,18.315,17.7042,18.315,0,0
GTN_MV,D,20230913,000000,17.9425,18.1807,17.8741,18.1126,0,0
GTN_MV,D,20230914,000000,18.1126,18.1126,17.8741,18.0106,0,0
GTN_MV,D,20230915,000000,18.0786,18.4511,17.772,18.2487,0,0
GTN_MV,D,20230918,000000,18.4511,20.0483,18.4511,18.8934,0,0
GTN_MV,D,20230919,000000,18.8934,18.8934,18.1807,18.1807,0,0
GTN_MV,D,20230920,000000,18.1807,18.4511,18.1807,18.417,0,0
GTN_MV,D,20230921,000000,18.1807,18.6212,18.1807,18.5191,0,0
GTN_MV,D,20230922,000000,18.6212,19.0294,18.6212,18.9954,0,0
GTN_MV,D,20230925,000000,18.7573,19.0635,18.7573,18.9614,0,0
GTN_MV,D,20230926,000000,18.9614,19.0294,18.6892,18.6892,0,0
GTN_MV,D,20230927,000000,18.6212,18.6892,18.1807,18.315,0,0
GTN_MV,D,20230928,000000,18.2809,18.6892,18.1126,18.4851,0,0
GTN_MV,D,20230929,000000,18.4851,18.9274,18.1807,18.8253,0,0
GTN_MV,D,20231002,000000,18.5531,18.8253,18.383,18.383,0,0
GTN_MV,D,20231003,000000,18.417,18.6212,18.383,18.5191,0,0
GTN_MV,D,20231004,000000,18.349,18.6892,18.2487,18.4851,0,0
GTN_MV,D,20231005,000000,18.4851,18.6892,18.315,18.5531,0,0
GTN_MV,D,20231006,000000,18.5531,18.9274,18.349,18.6552,0,0
GTN_MV,D,20231009,000000,18.417,18.8253,18.417,18.7232,0,0
GTN_MV,D,20231010,000000,18.7232,18.7913,18.6892,18.7913,0,0
GTN_MV,D,20231011,000000,18.8593,18.9274,18.6892,18.7913,0,0
GTN_MV,D,20231012,000000,18.6212,18.7913,18.417,18.7913,0,0
GTN_MV,D,20231013,000000,18.7573,18.8934,18.4851,18.8934,0,0
GTN_MV,D,20231016,000000,19.0294,19.5058,18.9274,19.3357,0,0
GTN_MV,D,20231017,000000,19.0975,21.7817,19.0975,21.035,0,0
GTN_MV,D,20231018,000000,21.1371,21.4415,20.0483,21.001,0,0
GTN_MV,D,20231019,000000,20.5587,21.001,19.7099,20.3886,0,0
GTN_MV,D,20231020,000000,19.8102,20.5927,19.7761,20.5587,0,0
GTN_MV,D,20231023,000000,20.5587,20.6948,19.7761,19.8102,0,0
GTN_MV,D,20231024,000000,19.8102,19.9803,19.3016,19.3016,0,0
GTN_MV,D,20231025,000000,19.9122,19.9463,19.4377,19.9463,0,0
GTN_MV,D,20231026,000000,19.7099,19.9122,19.5398,19.8782,0,0
GTN_MV,D,20231027,000000,19.9463,20.3205,19.7099,19.9463,0,0
GTN_MV,D,20231030,000000,20.3545,21.069,20.3545,20.8989,0,0
GTN_MV,D,20231031,000000,20.8989,20.8989,20.3886,20.8649,0,0
GTN_MV,D,20231102,000000,20.8649,21.8497,20.8649,21.4074,0,0
GTN_MV,D,20231103,000000,20.967,21.4755,20.8989,21.4755,0,0
GTN_MV,D,20231106,000000,21.5095,21.6456,21.5095,21.5435,0,0
GTN_MV,D,20231107,000000,21.5776,21.6456,21.069,21.4755,0,0
GTN_MV,D,20231108,000000,21.4755,21.5435,21.1371,21.4755,0,0
GTN_MV,D,20231109,000000,21.4755,21.4755,21.2373,21.4074,0,0
GTN_MV,D,20231110,000000,21.6796,21.7137,21.069,21.069,0,0
GTN_MV,D,20231113,000000,21.3734,22.4281,21.2373,21.8157,0,0
GTN_MV,D,20231114,000000,22.0879,23.5151,22.0879,23.0047,0,0
GTN_MV,D,20231115,000000,23.1068,23.413,22.7666,22.7666,0,0
GTN_MV,D,20231116,000000,22.4281,22.4281,20.7288,21.4074,0,0
GTN_MV,D,20231117,000000,21.4074,22.258,21.1711,21.7817,0,0
GTN_MV,D,20231120,000000,21.7817,21.7817,21.1031,21.3394,0,0
GTN_MV,D,20231121,000000,21.1711,21.4074,21.069,21.1711,0,0
GTN_MV,D,20231122,000000,21.4074,21.5095,21.1031,21.4755,0,0
GTN_MV,D,20231123,000000,21.4755,21.4755,20.7288,21.069,0,0
GTN_MV,D,20231124,000000,21.069,21.069,20.3886,20.8309,0,0
GTN_MV,D,20231127,000000,20.5247,20.8989,20.3886,20.6948,0,0
GTN_MV,D,20231128,000000,20.5927,20.7288,20.3886,20.6607,0,0
GTN_MV,D,20231129,000000,20.7288,20.7288,20.2525,20.5247,0,0
GTN_MV,D,20231130,000000,20.6607,20.6948,20.3886,20.6607,0,0
GTN_MV,D,20231201,000000,20.4566,20.6607,20.3886,20.6607,0,0
GTN_MV,D,20231204,000000,20.4226,20.6607,20.4226,20.5927,0,0
GTN_MV,D,20231205,000000,20.5927,20.6607,20.3886,20.5247,0,0
GTN_MV,D,20231206,000000,20.6267,20.9329,20.5587,20.6267,0,0
GTN_MV,D,20231207,000000,20.7288,20.9329,20.3886,20.6267,0,0
GTN_MV,D,20231208,000000,20.6267,20.8989,20.5587,20.7968,0,0
GTN_MV,D,20231211,000000,20.7288,21.9518,20.7288,21.4415,0,0
GTN_MV,D,20231212,000000,21.5095,22.258,21.4415,21.5095,0,0
GTN_MV,D,20231213,000000,21.4755,21.4755,20.7288,20.7288,0,0
GTN_MV,D,20231214,000000,21.1711,21.9178,20.7628,21.7137,0,0
GTN_MV,D,20231215,000000,21.7137,21.7477,21.4074,21.7477,0,0
GTN_MV,D,20231218,000000,21.7477,21.8497,21.4074,21.7477,0,0
GTN_MV,D,20231219,000000,21.7137,21.7137,21.4074,21.7137,0,0
GTN_MV,D,20231220,000000,21.7137,21.7137,21.4074,21.5776,0,0
GTN_MV,D,20231221,000000,21.5776,21.6796,21.3054,21.6116,0,0
GTN_MV,D,20231222,000000,21.4074,21.7477,21.2714,21.3054,0,0
GTN_MV,D,20231227,000000,21.3054,21.5095,21.1371,21.2714,0,0
GTN_MV,D,20231228,000000,21.2373,21.4074,21.069,21.1371,0,0
GTN_MV,D,20231229,000000,21.1371,21.3734,20.6948,21.035,0,0
GTN_MV,D,20240102,000000,20.4226,20.6267,20.1504,20.5587,0,0
GTN_MV,D,20240103,000000,20.5587,20.6267,19.8782,20.0483,0,0
GTN_MV,D,20240104,000000,20.0483,20.3545,19.7421,19.9803,0,0
GTN_MV,D,20240105,000000,19.9803,19.9803,18.9954,19.3697,0,0
GTN_MV,D,20240108,000000,19.1315,19.6759,19.0975,19.6759,0,0
GTN_MV,D,20240109,000000,19.3697,19.9803,19.3697,19.9803,0,0
GTN_MV,D,20240110,000000,19.7099,20.0143,19.7099,20.0143,0,0
GTN_MV,D,20240111,000000,19.6419,20.0143,19.4377,19.8782,0,0
GTN_MV,D,20240112,000000,20.0143,20.2525,19.7761,20.2184,0,0
GTN_MV,D,20240115,000000,20.2184,20.2525,19.8442,20.0483,0,0
GTN_MV,D,20240116,000000,20.0483,20.0483,19.3697,19.4717,0,0
GTN_MV,D,20240117,000000,19.4717,19.5738,19.3697,19.5398,0,0
GTN_MV,D,20240118,000000,19.4037,19.5738,19.0975,19.5398,0,0
GTN_MV,D,20240119,000000,19.5398,19.5398,19.1996,19.5398,0,0
GTN_MV,D,20240122,000000,19.3697,19.5738,19.2336,19.5398,0,0
GTN_MV,D,20240123,000000,19.2336,19.6759,19.2336,19.5738,0,0
GTN_MV,D,20240124,000000,19.5058,19.6078,19.2336,19.5398,0,0
GTN_MV,D,20240125,000000,19.2676,19.5058,18.6892,18.9954,0,0
GTN_MV,D,20240126,000000,18.9954,19.4377,18.349,18.5191,0,0
GTN_MV,D,20240129,000000,18.5191,18.6892,18.0446,18.5191,0,0
GTN_MV,D,20240130,000000,17.5342,18.315,17.5342,18.2147,0,0
GTN_MV,D,20240131,000000,18.2147,19.0975,18.2147,18.7232,0,0
GTN_MV,D,20240201,000000,18.5191,18.7232,18.383,18.7232,0,0
GTN_MV,D,20240202,000000,18.5191,18.8253,18.417,18.6212,0,0
GTN_MV,D,20240205,000000,18.5191,18.6892,18.349,18.349,0,0
GTN_MV,D,20240206,000000,18.1467,18.5531,18.1467,18.349,0,0
GTN_MV,D,20240207,000000,18.383,18.5191,17.8401,18.0106,0,0
GTN_MV,D,20240208,000000,18.0106,18.1126,17.3303,17.8064,0,0
GTN_MV,D,20240209,000000,17.7382,17.8401,17.4323,17.7384,0,0
GTN_MV,D,20240212,000000,17.4323,17.7384,17.3983,17.7384,0,0
GTN_MV,D,20240213,000000,17.6701,17.6701,17.4323,17.4662,0,0
GTN_MV,D,20240214,000000,17.1944,17.3983,16.039,16.8717,0,0
GTN_MV,D,20240215,000000,16.8715,16.8717,16.1071,16.3112,0,0
GTN_MV,D,20240216,000000,16.1241,16.3789,16.005,16.005,0,0
GTN_MV,D,20240219,000000,16.005,16.6507,16.005,16.5834,0,0
GTN_MV,D,20240220,000000,16.5997,16.9566,16.3789,16.8198,0,0
GTN_MV,D,20240221,000000,16.8206,17.2964,16.6847,16.9899,0,0
GTN_MV,D,20240222,000000,17.2624,17.5342,16.9395,17.5342,0,0
GTN_MV,D,20240223,000000,17.6701,18.6552,17.6701,18.6552,0,0
GTN_MV,D,20240226,000000,18.6892,19.0294,18.6212,18.6552,0,0
GTN_MV,D,20240227,000000,18.6892,18.8253,18.1807,18.6892,0,0
GTN_MV,D,20240228,000000,18.6892,19.0294,18.5871,19.0294,0,0
GTN_MV,D,20240229,000000,19.3016,19.3016,18.7232,18.7232,0,0
GTN_MV,D,20240301,000000,19.0635,19.1655,18.7573,19.0975,0,0
GTN_MV,D,20240304,000000,18.8593,19.1315,18.6892,18.7913,0,0
GTN_MV,D,20240305,000000,19.1315,19.1315,18.383,18.5191,0,0
GTN_MV,D,20240306,000000,18.349,18.5531,18.0446,18.1467,0,0
GTN_MV,D,20240307,000000,18.0446,18.2809,17.2624,17.6703,0,0
GTN_MV,D,20240308,000000,22.0879,24.4659,22.0879,24.4659,0,0
GTN_MV,D,20240311,000000,25.1464,26.5735,24.8402,24.8742,0,0
GTN_MV,D,20240312,000000,25.1464,25.3845,24.4659,24.8061,0,0
GTN_MV,D,20240313,000000,25.1464,25.1464,23.4811,24.1257,0,0
GTN_MV,D,20240314,000000,24.0254,26.8458,24.0254,26.1653,0,0
GTN_MV,D,20240315,000000,26.1653,28.4769,25.8251,27.2863,0,0
GTN_MV,D,20240318,000000,27.4565,28.443,27.4565,28.2049,0,0
GTN_MV,D,20240319,000000,28.409,28.7134,28.2049,28.409,0,0
GTN_MV,D,20240320,000000,28.6112,28.6112,27.8646,28.2049,0,0
GTN_MV,D,20240321,000000,27.8986,27.8986,26.3014,27.2521,0,0
GTN_MV,D,20240322,000000,27.5244,27.5923,26.8797,27.5584,0,0
GTN_MV,D,20240325,000000,27.4565,27.8646,27.1842,27.4904,0,0
GTN_MV,D,20240326,000000,27.5244,27.5244,27.1162,27.3543,0,0
GTN_MV,D,20240327,000000,27.2863,28.1027,27.1842,28.0348,0,0
GTN_MV,D,20240328,000000,28.0687,30.0386,28.0687,29.7681,0,0
GTN_MV,D,20240402,000000,29.9043,33.4713,29.9043,32.9609,0,0
GTN_MV,D,20240403,000000,33.6072,33.6072,29.9704,30.8549,0,0
GTN_MV,D,20240404,000000,25.1464,30.1744,25.1124,29.0876,0,0
GTN_MV,D,20240405,000000,29.632,29.7341,28.1709,28.2049,0,0
GTN_MV,D,20240408,000000,28.1539,30.9247,28.1539,28.3556,0,0
GTN_MV,D,20240409,000000,28.7086,29.2607,28.6078,29.0616,0,0
GTN_MV,D,20240410,000000,28.9608,28.9608,27.7001,27.8009,0,0
GTN_MV,D,20240411,000000,27.7001,27.7001,26.3911,27.3471,0,0
GTN_MV,D,20240412,000000,27.3471,28.8095,26.7951,28.7086,0,0
GTN_MV,D,20240415,000000,28.7086,29.3615,28.1035,28.4061,0,0
GTN_MV,D,20240416,000000,28.4061,28.6582,26.8959,27.6497,0,0
GTN_MV,D,20240417,000000,27.1958,27.7001,27.095,27.1958,0,0
GTN_MV,D,20240418,000000,27.448,27.7001,26.7446,27.1958,0,0
GTN_MV,D,20240419,000000,27.0472,27.0472,26.4416,26.6942,0,0
GTN_MV,D,20240422,000000,26.492,26.9464,25.8372,26.19,0,0
GTN_MV,D,20240423,000000,26.5934,26.5934,25.1825,25.4336,0,0
GTN_MV,D,20240424,000000,25.4344,25.4344,24.5277,24.5285,0,0
GTN_MV,D,20240425,000000,24.4521,24.4521,23.6211,24.0986,0,0
GTN_MV,D,20240426,000000,23.8982,23.8982,23.4191,23.4191,0,0
GTN_MV,D,20240429,000000,23.4197,24.1249,23.4197,23.9738,0,0
GTN_MV,D,20240430,000000,23.9484,24.6787,23.7469,24.1994,0,0
GTN_MV,D,20240502,000000,24.2002,24.6787,23.4197,23.5707,0,0
GTN_MV,D,20240506,000000,23.1678,23.7973,22.6641,23.2174,0,0
GTN_MV,D,20240507,000000,23.6715,24.1249,23.4197,23.9977,0,0
GTN_MV,D,20240508,000000,23.7217,23.7217,19.7431,21.1287,0,0
GTN_MV,D,20240509,000000,20.6497,21.4554,20.6497,20.8766,0,0
GTN_MV,D,20240510,000000,20.8763,21.2792,20.6497,20.9509,0,0
GTN_MV,D,20240513,000000,21.3798,21.4554,21.0778,21.3039,0,0
GTN_MV,D,20240514,000000,21.4554,21.4554,20.9517,21.1791,0,0
GTN_MV,D,20240515,000000,21.1531,21.633,21.0021,21.633,0,0
GTN_MV,D,20240516,000000,21.6317,23.5455,21.2036,23.2174,0,0
GTN_MV,D,20240517,000000,23.2687,24.8298,23.2687,23.7721,0,0
GTN_MV,D,20240520,000000,23.873,24.3263,23.4951,23.9738,0,0
GTN_MV,D,20240521,000000,24.024,24.1251,23.6715,24.1251,0,0
GTN_MV,D,20240522,000000,24.1249,24.1498,23.7217,23.9234,0,0
GTN_MV,D,20240523,000000,23.7721,25.6358,23.7721,24.9558,0,0
GTN_MV,D,20240524,000000,24.9558,24.9558,23.7721,24.4277,0,0
GTN_MV,D,20240527,000000,24.7796,24.7796,23.9736,23.9738,0,0
GTN_MV,D,20240528,000000,23.9736,25.1825,23.9231,24.1755,0,0
GTN_MV,D,20240529,000000,24.4017,24.4017,23.6715,23.9234,0,0
GTN_MV,D,20240531,000000,24.2254,24.2254,23.067,23.167,0,0
GTN_MV,D,20240603,000000,23.1678,23.8478,23.1678,23.8464,0,0
GTN_MV,D,20240604,000000,23.8478,24.1498,23.2182,23.4961,0,0
GTN_MV,D,20240605,000000,23.9736,24.0744,23.6715,23.873,0,0
GTN_MV,D,20240606,000000,23.873,24.2254,23.7217,23.9738,0,0
GTN_MV,D,20240607,000000,23.9736,24.175,23.6715,23.9977,0,0
GTN_MV,D,20240610,000000,23.9988,23.9988,23.2687,23.4191,0,0
GTN_MV,D,20240611,000000,23.4197,24.0744,23.4197,23.6474,0,0
GTN_MV,D,20240612,000000,23.6463,23.7987,23.4951,23.7987,0,0
GTN_MV,D,20240613,000000,23.5959,23.7721,23.4701,23.6713,0,0
GTN_MV,D,20240614,000000,23.6715,23.7973,23.2182,23.4457,0,0
GTN_MV,D,20240617,000000,23.5707,23.5707,23.2435,23.3953,0,0
GTN_MV,D,20240618,000000,23.3945,23.5203,23.2435,23.2435,0,0
GTN_MV,D,20240619,000000,23.4701,23.4951,23.2435,23.3687,0,0
GTN_MV,D,20240620,000000,23.3693,23.3953,23.1678,23.3953,0,0
GTN_MV,D,20240621,000000,23.3945,23.3945,23.0168,23.2174,0,0
GTN_MV,D,20240624,000000,23.193,23.3693,23.067,23.2174,0,0
GTN_MV,D,20240625,000000,23.344,23.344,23.042,23.167,0,0
GTN_MV,D,20240626,000000,23.1678,24.2759,23.0168,24.1755,0,0
GTN_MV,D,20240627,000000,25.686,26.4925,24.855,26.4925,0,0
GTN_MV,D,20240628,000000,26.6942,27.2967,25.7868,25.9882,0,0
GTN_MV,D,20240701,000000,25.5854,26.1897,25.4344,26.0387,0,0
GTN_MV,D,20240702,000000,25.686,25.686,25.0806,25.0806,0,0
GTN_MV,D,20240703,000000,25.1825,25.6358,25.0816,25.4336,0,0
GTN_MV,D,20240704,000000,25.5349,27.095,25.2831,26.5934,0,0
GTN_MV,D,20240705,000000,26.5934,26.9464,26.1897,26.3917,0,0
GTN_MV,D,20240708,000000,26.3911,26.5934,25.9882,26.4421,0,0
GTN_MV,D,20240709,000000,26.5934,26.6942,25.8874,26.19,0,0
GTN_MV,D,20240710,000000,26.3911,26.3911,25.7868,26.19,0,0
GTN_MV,D,20240711,000000,25.8874,26.1393,25.5344,25.5344,0,0
GTN_MV,D,20240712,000000,25.6358,25.7364,25.4344,25.6857,0,0
GTN_MV,D,20240715,000000,25.686,25.8874,25.4845,25.6857,0,0
GTN_MV,D,20240716,000000,25.2831,25.686,25.2318,25.2318,0,0
GTN_MV,D,20240717,000000,25.2326,25.6358,24.7796,25.4336,0,0
GTN_MV,D,20240718,000000,25.1825,26.1897,25.1321,25.6857,0,0
GTN_MV,D,20240719,000000,26.1897,26.3407,25.4344,25.837,0,0
GTN_MV,D,20240722,000000,25.686,25.8372,25.2326,25.2823,0,0
GTN_MV,D,20240723,000000,25.4845,25.5854,24.9306,25.1575,0,0
GTN_MV,D,20240724,000000,24.9558,25.1825,24.6787,24.9054,0,0
GTN_MV,D,20240725,000000,24.9558,25.3839,24.6787,25.2318,0,0
GTN_MV,D,20240726,000000,25.2326,25.4344,24.8802,25.1814,0,0
GTN_MV,D,20240729,000000,25.1825,25.5349,24.8298,25.4336,0,0
GTN_MV,D,20240730,000000,25.4344,25.6358,24.8298,25.484,0,0
GTN_MV,D,20240731,000000,25.5349,25.5854,25.1825,25.5848,0,0
GTN_MV,D,20240801,000000,25.5854,25.5854,24.2254,25.1814,0,0
GTN_MV,D,20240802,000000,25.1321,25.5854,25.1321,25.3831,0,0
GTN_MV,D,20240805,000000,25.2326,25.2326,24.2254,25.0301,0,0
GTN_MV,D,20240806,000000,24.6283,25.0816,24.6283,24.9293,0,0
GTN_MV,D,20240807,000000,24.9306,25.0564,24.5779,24.6294,0,0
GTN_MV,D,20240808,000000,24.5277,25.0312,24.4269,24.9293,0,0
GTN_MV,D,20240809,000000,24.9306,25.0816,24.7292,25.0806,0,0
GTN_MV,D,20240812,000000,25.0816,25.686,24.8045,25.484,0,0
GTN_MV,D,20240813,000000,24.855,25.5349,24.7796,25.3327,0,0
GTN_MV,D,20240814,000000,24.7796,25.3839,24.7796,25.2823,0,0
GTN_MV,D,20240816,000000,25.2831,25.4344,24.855,25.4336,0,0
GTN_MV,D,20240819,000000,25.4344,25.4344,24.6787,25.2823,0,0
GTN_MV,D,20240820,000000,24.8298,25.3335,24.8298,25.3327,0,0
GTN_MV,D,20240821,000000,25.1825,25.3335,24.9558,25.3327,0,0
GTN_MV,D,20240822,000000,25.3335,25.3839,24.981,25.3831,0,0
GTN_MV,D,20240823,000000,25.1825,25.686,25.1825,25.6857,0,0
GTN_MV,D,20240826,000000,25.4344,25.4344,25.1825,25.4336,0,0
GTN_MV,D,20240827,000000,25.6358,26.9968,25.6358,26.2908,0,0
GTN_MV,D,20240828,000000,26.2905,30.723,26.2905,28.4565,0,0
GTN_MV,D,20240829,000000,27.7505,27.9018,26.492,27.1958,0,0
GTN_MV,D,20240830,000000,26.7446,27.3975,26.6942,27.1454,0,0
GTN_MV,D,20240902,000000,26.4416,30.2692,26.4416,28.1035,0,0
GTN_MV,D,20240903,000000,28.1035,28.8599,28.0531,28.1035,0,0
GTN_MV,D,20240904,000000,28.1035,29.5128,27.7001,29.2129,0,0
GTN_MV,D,20240905,000000,29.1625,29.3111,28.2044,28.2548,0,0
GTN_MV,D,20240906,000000,28.4565,29.2129,28.2044,28.7086,0,0
GTN_MV,D,20240909,000000,28.6582,28.6582,25.8372,27.1958,0,0
GTN_MV,D,20240910,000000,27.3975,27.5992,27.1958,27.448,0,0
GTN_MV,D,20240911,000000,27.2463,28.1035,27.1958,27.2967,0,0
GTN_MV,D,20240912,000000,27.2967,28.1035,27.0472,27.9018,0,0
GTN_MV,D,20240913,000000,27.2463,28.2044,27.2463,27.8009,0,0
GTN_MV,D,20240916,000000,27.8514,28.0027,27.3471,27.7001,0,0
GTN_MV,D,20240917,000000,27.448,27.7001,27.0472,27.448,0,0
GTN_MV,D,20240918,000000,27.1958,27.448,26.6942,26.7446,0,0
GTN_MV,D,20240919,000000,26.8959,26.8959,26.2401,26.2404,0,0
GTN_MV,D,20240920,000000,26.1897,27.095,26.1897,26.9968,0,0
GTN_MV,D,20240923,000000,26.5934,26.9968,26.5934,26.9464,0,0
GTN_MV,D,20240924,000000,26.9464,27.0472,26.492,26.8455,0,0
GTN_MV,D,20240925,000000,26.492,26.8959,26.3407,26.3412,0,0
GTN_MV,D,20240926,000000,27.1958,27.7001,26.3412,27.1958,0,0
GTN_MV,D,20240927,000000,27.1958,27.7505,26.7446,27.5992,0,0
GTN_MV,D,20240930,000000,26.8455,27.6497,26.8455,27.4984,0,0
GTN_MV,D,20241001,000000,26.9464,27.3471,26.6942,26.6942,0,0
GTN_MV,D,20241002,000000,26.9464,28.2044,26.9464,27.1958,0,0
GTN_MV,D,20241003,000000,27.1958,27.4984,26.7446,26.8959,0,0
GTN_MV,D,20241004,000000,27.1454,27.4984,26.6942,26.7446,0,0
GTN_MV,D,20241007,000000,27.2463,27.2463,26.1897,26.6942,0,0
GTN_MV,D,20241008,000000,26.9968,27.1958,26.492,26.8959,0,0
GTN_MV,D,20241009,000000,26.492,27.1958,26.492,27.1958,0,0
GTN_MV,D,20241010,000000,27.1958,27.1958,26.5934,27.1958,0,0
GTN_MV,D,20241011,000000,27.1958,27.3975,26.8959,26.9968,0,0
GTN_MV,D,20241014,000000,26.9464,27.1958,26.8959,26.8959,0,0
GTN_MV,D,20241015,000000,26.8959,27.095,26.7951,26.8959,0,0
GTN_MV,D,20241016,000000,27.1958,27.2967,26.8959,26.8959,0,0
GTN_MV,D,20241017,000000,26.8455,27.2967,26.7446,26.7446,0,0
GTN_MV,D,20241018,000000,26.7951,31.7289,26.6942,30.37,0,0
GTN_MV,D,20241021,000000,30.2188,32.5862,30.2188,30.4709,0,0
GTN_MV,D,20241022,000000,30.4709,31.1264,29.2607,29.5632,0,0
GTN_MV,D,20241023,000000,29.6136,29.7145,29.0112,29.6641,0,0
GTN_MV,D,20241024,000000,29.6136,30.6726,29.6136,30.3196,0,0
GTN_MV,D,20241025,000000,30.6726,30.6726,29.7145,30.0171,0,0
GTN_MV,D,20241028,000000,30.1683,30.6222,29.7145,29.9666,0,0
GTN_MV,D,20241029,000000,29.9666,30.6726,29.7649,30.6726,0,0
GTN_MV,D,20241030,000000,31.0256,31.7289,31.0256,31.1264,0,0
GTN_MV,D,20241031,000000,31.4768,31.4768,30.5213,30.9752,0,0
GTN_MV,D,20241104,000000,30.723,31.7289,30.3196,31.4768,0,0
GTN_MV,D,20241105,000000,31.1769,31.4768,30.9247,31.3282,0,0
GTN_MV,D,20241106,000000,31.3282,31.7289,31.1264,31.6785,0,0
GTN_MV,D,20241107,000000,31.7289,32.2332,31.3282,31.7793,0,0
GTN_MV,D,20241108,000000,31.4768,32.0819,31.4264,31.9306,0,0
GTN_MV,D,20241112,000000,31.9306,32.1323,31.076,31.6785,0,0
GTN_MV,D,20241113,000000,31.6785,31.6785,30.723,31.3282,0,0
GTN_MV,D,20241114,000000,30.723,32.6366,29.9666,31.981,0,0
GTN_MV,D,20241115,000000,32.1827,32.1827,30.8743,31.1769,0,0
GTN_MV,D,20241118,000000,31.2273,31.4264,30.8743,31.1264,0,0
GTN_MV,D,20241119,000000,31.3786,31.3786,30.2692,30.5213,0,0
GTN_MV,D,20241120,000000,30.5213,30.9752,30.4205,30.5213,0,0
GTN_MV,D,20241121,000000,30.5213,30.6222,30.0675,30.2692,0,0
GTN_MV,D,20241122,000000,30.1683,30.5718,30.1179,30.4709,0,0
GTN_MV,D,20241125,000000,30.2188,30.6726,30.1179,30.4709,0,0
GTN_MV,D,20241126,000000,30.2692,30.5718,30.2188,30.4205,0,0
GTN_MV,D,20241127,000000,30.4709,30.4709,29.9162,30.2188,0,0
GTN_MV,D,20241128,000000,29.9666,30.3196,29.8658,30.2188,0,0
GTN_MV,D,20241129,000000,29.8154,30.2692,29.7145,30.1683,0,0
GTN_MV,D,20241202,000000,30.1683,30.1683,29.6136,29.9666,0,0
GTN_MV,D,20241203,000000,29.7145,30.1683,29.5128,29.9162,0,0
GTN_MV,D,20241204,000000,29.9162,29.9666,29.8154,29.8658,0,0
GTN_MV,D,20241205,000000,29.8658,29.9162,29.7649,29.9162,0,0
GTN_MV,D,20241206,000000,29.8154,30.0675,29.7145,30.0171,0,0
GTN_MV,D,20241209,000000,29.7649,29.9666,29.5128,29.9666,0,0
GTN_MV,D,20241210,000000,30.0171,30.0171,29.3111,29.9666,0,0
GTN_MV,D,20241211,000000,29.9666,30.0171,29.5128,29.9162,0,0
GTN_MV,D,20241212,000000,29.9162,30.3196,29.4624,30.3196,0,0
GTN_MV,D,20241213,000000,32.334,32.334,30.0171,30.3196,0,0
GTN_MV,D,20241216,000000,30.723,30.723,30.2188,30.6222,0,0
GTN_MV,D,20241217,000000,30.2692,30.5213,30.1683,30.1683,0,0
GTN_MV,D,20241218,000000,30.1179,30.4709,30.0675,30.3196,0,0
GTN_MV,D,20241219,000000,30.0675,30.4205,29.8658,30.2188,0,0
GTN_MV,D,20241220,000000,30.2188,30.3196,29.8154,29.9666,0,0
GTN_MV,D,20241223,000000,29.9666,30.2188,29.7145,30.1683,0,0
GTN_MV,D,20241227,000000,30.1683,30.5718,29.9666,30.2692,0,0
GTN_MV,D,20241230,000000,30.2692,30.6726,30.2188,30.6726,0,0
GTN_MV,D,20250102,000000,30.37,31.2273,30.37,30.9752,0,0
GTN_MV,D,20250103,000000,31.1769,32.1827,30.9247,31.6785,0,0
GTN_MV,D,20250107,000000,31.6785,32.7374,31.6785,32.1827,0,0
GTN_MV,D,20250108,000000,32.2332,32.5357,31.7289,31.9306,0,0
GTN_MV,D,20250109,000000,31.9306,32.1323,31.6785,32.0819,0,0
GTN_MV,D,20250110,000000,32.1323,32.2332,31.8298,32.0315,0,0
GTN_MV,D,20250113,000000,32.2332,32.2332,31.7289,31.7793,0,0
GTN_MV,D,20250114,000000,32.1827,32.1827,31.7793,32.0315,0,0
GTN_MV,D,20250115,000000,32.1827,32.2332,31.7793,32.2332,0,0
GTN_MV,D,20250116,000000,32.2332,32.687,32.2332,32.4853,0,0
GTN_MV,D,20250117,000000,32.5357,33.2417,32.4853,33.1409,0,0
GTN_MV,D,20250120,000000,32.9896,33.1409,32.4853,32.7374,0,0
GTN_MV,D,20250121,000000,32.7374,32.7374,32.0315,32.2332,0,0
GTN_MV,D,20250122,000000,32.6366,32.6366,31.8802,32.1323,0,0
GTN_MV,D,20250123,000000,32.1827,32.4349,31.7289,31.8802,0,0
GTN_MV,D,20250124,000000,31.8802,32.0819,31.4264,31.8298,0,0
GTN_MV,D,20250127,000000,31.6785,31.8298,31.4768,31.8298,0,0
GTN_MV,D,20250128,000000,31.9306,32.2332,31.4768,31.6785,0,0
GTN_MV,D,20250129,000000,31.6785,33.9955,31.3282,31.981,0,0
GTN_MV,D,20250130,000000,32.5862,33.8442,32.2332,32.8383,0,0
GTN_MV,D,20250131,000000,32.8887,32.9391,32.2332,32.4349,0,0
GTN_MV,D,20250203,000000,32.4349,32.7879,32.0819,32.4349,0,0
GTN_MV,D,20250204,000000,32.1323,32.4349,32.1323,32.1827,0,0
GTN_MV,D,20250205,000000,32.0819,32.2836,31.6785,32.0315,0,0
GTN_MV,D,20250206,000000,32.0315,32.2332,31.6785,32.2332,0,0
GTN_MV,D,20250207,000000,32.2332,32.7879,31.7793,32.2836,0,0
GTN_MV,D,20250210,000000,32.2836,33.2417,32.2836,33.2417,0,0
GTN_MV,D,20250211,000000,33.2417,33.2417,32.7374,33.04,0,0
GTN_MV,D,20250212,000000,33.0904,33.592,32.8383,32.8383,0,0
GTN_MV,D,20250213,000000,32.9391,33.2417,32.334,32.334,0,0
GTN_MV,D,20250214,000000,32.6366,32.8383,32.2332,32.5862,0,0
GTN_MV,D,20250217,000000,32.6366,32.7374,32.2332,32.687,0,0
GTN_MV,D,20250218,000000,32.687,33.7433,32.687,33.6929,0,0
GTN_MV,D,20250219,000000,33.7937,33.7937,33.2417,33.6425,0,0
GTN_MV,D,20250220,000000,33.6425,33.6425,33.2921,33.4938,0,0
GTN_MV,D,20250221,000000,33.4938,34.3484,33.4938,33.7433,0,0
GTN_MV,D,20250224,000000,33.7433,34.0459,33.2417,33.7433,0,0
GTN_MV,D,20250225,000000,33.7433,33.7433,32.2332,33.04,0,0
GTN_MV,D,20250226,000000,33.0904,33.0904,31.6281,31.981,0,0
GTN_MV,D,20250227,000000,31.981,31.981,30.8743,31.6281,0,0
GTN_MV,D,20250228,000000,31.8298,31.8298,31.2273,31.5272,0,0
GTN_MV,D,20250303,000000,31.2273,31.4768,30.4709,31.1769,0,0
GTN_MV,D,20250304,000000,30.8239,31.1264,30.2188,30.37,0,0
GTN_MV,D,20250305,000000,30.37,31.1769,30.37,30.9752,0,0
GTN_MV,D,20250306,000000,30.9752,31.2777,30.7735,30.7735,0,0
GTN_MV,D,20250307,000000,31.2273,31.2273,30.8743,31.2273,0,0
GTN_MV,D,20250310,000000,31.2273,31.2273,30.8239,31.1264,0,0
GTN_MV,D,20250311,000000,31.2273,33.4434,30.9247,31.6281,0,0
GTN_MV,D,20250312,000000,32.0819,32.6366,31.6281,32.6366,0,0
GTN_MV,D,20250313,000000,32.6366,32.9391,32.4349,32.6366,0,0
GTN_MV,D,20250314,000000,32.5357,32.7374,32.1323,32.2332,0,0
GTN_MV,D,20250317,000000,32.2332,32.5862,31.2273,31.8298,0,0
GTN_MV,D,20250318,000000,31.8298,32.3845,31.8298,32.3845,0,0
GTN_MV,D,20250319,000000,32.2332,32.4853,31.7793,32.334,0,0
GTN_MV,D,20250320,000000,32.3845,32.3845,31.7289,32.2332,0,0
GTN_MV,D,20250321,000000,32.2332,32.334,31.7289,32.334,0,0
GTN_MV,D,20250324,000000,32.5357,32.7374,32.4349,32.7374,0,0
GTN_MV,D,20250325,000000,32.7374,32.7374,31.981,32.4853,0,0
GTN_MV,D,20250326,000000,32.687,32.687,32.0315,32.3845,0,0
GTN_MV,D,20250327,000000,32.3845,32.9896,32.1827,32.334,0,0
GTN_MV,D,20250328,000000,32.6366,33.6425,32.3845,32.3845,0,0
GTN_MV,D,20250331,000000,32.4349,32.9391,31.981,32.334,0,0
GTN_MV,D,20250401,000000,32.4853,32.4853,31.8802,32.2836,0,0
GTN_MV,D,20250402,000000,32.2836,32.334,31.9306,32.1827,0,0
GTN_MV,D,20250403,000000,32.0819,32.0819,31.6281,31.6785,0,0
GTN_MV,D,20250404,000000,32.1323,32.1323,31.076,31.4768,0,0
GTN_MV,D,20250407,000000,30.9752,31.3786,29.9162,30.9752,0,0
GTN_MV,D,20250408,000000,31.4264,31.7289,30.6222,31.2273,0,0
GTN_MV,D,20250409,000000,31.1264,31.4264,30.7735,30.8239,0,0
GTN_MV,D,20250410,000000,31.2273,31.6281,30.9247,31.1769,0,0
GTN_MV,D,20250411,000000,30.8743,31.1264,30.723,31.076,0,0
GTN_MV,D,20250414,000000,31.2273,31.3786,31.0256,31.076,0,0
GTN_MV,D,20250415,000000,31.0256,31.2777,30.9752,31.0256,0,0
GTN_MV,D,20250416,000000,30.9247,30.9752,30.2188,30.7735,0,0
GTN_MV,D,20250417,000000,30.5718,31.5272,30.5718,31.5272,0,0
GTN_MV,D,20250422,000000,31.5272,34.651,31.4768,34.4493,0,0
GTN_MV,D,20250423,000000,36.262,36.3628,34.8527,35.1048,0,0
GTN_MV,D,20250424,000000,35.2561,35.2561,34.3989,34.7014,0,0
GTN_MV,D,20250425,000000,34.7014,34.8023,32.9896,33.7433,0,0
GTN_MV,D,20250428,000000,33.6425,34.0963,33.2417,33.7937,0,0
GTN_MV,D,20250429,000000,33.7433,33.9955,33.3426,33.592,0,0
GTN_MV,D,20250430,000000,34.3484,35.0544,34.3484,34.651,0,0
GTN_MV,D,20250502,000000,34.4493,34.5501,33.9955,34.1972,0,0
GTN_MV,D,20250505,000000,33.9955,34.651,33.945,34.4493,0,0
GTN_MV,D,20250506,000000,34.4493,34.4493,32.6366,32.9896,0,0
GTN_MV,D,20250507,000000,33.3426,33.5443,33.1409,33.393,0,0
GTN_MV,D,20250508,000000,33.393,33.4938,33.1409,33.4938,0,0
GTN_MV,D,20250509,000000,33.393,33.4938,33.2417,33.3426,0,0
GTN_MV,D,20250512,000000,33.2417,33.4434,32.7879,33.2921,0,0
GTN_MV,D,20250513,000000,33.2921,33.4938,33.2417,33.4938,0,0
GTN_MV,D,20250514,000000,33.4938,34.0459,32.9391,33.3426,0,0
GTN_MV,D,20250515,000000,33.3426,33.8442,33.1913,33.6425,0,0
GTN_MV,D,20250516,000000,33.2921,33.6425,33.1913,33.4938,0,0
GTN_MV,D,20250519,000000,33.4938,33.4938,32.7374,33.2921,0,0
GTN_MV,D,20250520,000000,33.2921,33.393,32.7374,33.393,0,0
GTN_MV,D,20250521,000000,33.393,33.393,32.8383,32.8887,0,0
GTN_MV,D,20250522,000000,32.8383,33.04,32.7879,33.04,0,0
GTN_MV,D,20250523,000000,32.8887,33.0904,32.5862,33.0904,0,0
GTN_MV,D,20250526,000000,32.7374,33.0904,32.7374,33.04,0,0
GTN_MV,D,20250527,000000,33.04,33.04,31.7289,32.2836,0,0
GTN_MV,D,20250528,000000,31.981,32.9896,31.9306,32.5862,0,0
GTN_MV,D,20250529,000000,32.8887,33.0904,32.1827,32.5357,0,0
GTN_MV,D,20250530,000000,32.687,32.687,32.0819,32.5357,0,0
GTN_MV,D,20250602,000000,32.1827,32.1827,31.8802,32.0819,0,0
GTN_MV,D,20250603,000000,33.9955,34.5501,33.2417,33.7433,0,0
GTN_MV,D,20250604,000000,33.7433,34.4997,33.6425,34.2476,0,0
GTN_MV,D,20250605,000000,34.298,34.5501,34.1972,34.4493,0,0
GTN_MV,D,20250606,000000,34.4493,34.7014,34.1972,34.4997,0,0
GTN_MV,D,20250609,000000,34.6006,34.7014,34.0963,34.2476,0,0
GTN_MV,D,20250610,000000,34.2476,39.0328,33.8946,36.4637,0,0
GTN_MV,D,20250611,000000,37.2705,38.5285,37.0688,38.2764,0,0
GTN_MV,D,20250612,000000,38.5285,38.7302,37.9234,38.1251,0,0
GTN_MV,D,20250613,000000,37.9738,38.1755,37.4722,37.6739,0,0
GTN_MV,D,20250616,000000,37.5227,38.6294,37.4218,37.9234,0,0
GTN_MV,D,20250617,000000,37.9738,38.226,37.8252,38.0243,0,0
GTN_MV,D,20250618,000000,38.1755,39.6883,38.0747,38.8815,0,0
GTN_MV,D,20250620,000000,39.5371,41.0976,39.2849,40.7446,0,0
GTN_MV,D,20250623,000000,40.7951,41.1481,39.7892,40.4925,0,0
GTN_MV,D,20250624,000000,40.6942,41.1985,40.6942,41.0472,0,0
GTN_MV,D,20250625,000000,41.1481,41.7532,41.1481,41.3498,0,0
GTN_MV,D,20250626,000000,41.6019,41.6523,40.9968,41.6523,0,0
GTN_MV,D,20250627,000000,41.7532,42.3052,41.7027,42.0557,0,0
GTN_MV,D,20250630,000000,42.207,42.3052,40.3412,41.7532,0,0
GTN_MV,D,20250701,000000,42.7591,42.7591,41.2993,41.7027,0,0
GTN_MV,D,20250702,000000,41.8036,43.0616,41.2993,42.8095,0,0
GTN_MV,D,20250703,000000,42.4061,42.7086,42.3052,42.5069,0,0
GTN_MV,D,20250704,000000,51.142,56.171,51.142,56.17,0,0
GTN_MV,D,20250708,000000,85.016,94.884,73.06,94.69,0,0
GTN_MV,D,20250709,000000,94.884,124.87,94.884,104.37,0,0
GTN_MV,D,20250710,000000,110.07,110.07,96.781,98.87,0,0
GTN_MV,D,20250711,000000,96.971,106.65,96.971,106.46,0,0
GTN_MV,D,20250714,000000,110.07,122.97,107.79,121.45,0,0
GTN_MV,D,20250715,000000,123.35,131.32,123.35,125.82,0,0
GTN_MV,D,20250716,000000,125.25,125.25,112.72,115.76,0,0
GTN_MV,D,20250717,000000,115.76,121.64,112.72,115.38,0,0
GTN_MV,D,20250718,000000,115.76,118.41,114.05,114.24,0,0
GTN_MV,D,20250721,000000,114.62,115.19,107.22,108.17,0,0
GTN_MV,D,20250722,000000,108.17,109.31,97.73,99.25,0,0
GTN_MV,D,20250723,000000,99.438,112.72,99.438,106.84,0,0
GTN_MV,D,20250724,000000,107.79,110.07,104.37,104.37,0,0
GTN_MV,D,20250725,000000,106.08,106.08,100.39,102.47,0,0
GTN_MV,D,20250728,000000,103.99,103.99,100.77,100.77,0,0
GTN_MV,D,20250729,000000,100.96,101.15,100.01,100.96,0,0
GTN_MV,D,20250730,000000,100.96,106.27,100.2,102.66,0,0
GTN_MV,D,20250731,000000,103.99,103.99,101.53,103.04,0,0
GTN_MV,D,20250801,000000,102.28,102.28,100.58,101.53,0,0
GTN_MV,D,20250804,000000,102.09,102.09,99.059,100.96,0,0
GTN_MV,D,20250805,000000,100.96,100.96,96.402,98.49,0,0
GTN_MV,D,20250806,000000,98.489,99.818,97.351,98.11,0,0
GTN_MV,D,20250807,000000,98.679,100.01,97.351,97.73,0,0
GTN_MV,D,20250808,000000,98.679,99.059,97.351,97.73,0,0
GTN_MV,D,20250811,000000,98.869,103.8,98.299,102.28,0,0
GTN_MV,D,20250812,000000,103.61,107.03,99.818,100.2,0,0
GTN_MV,D,20250813,000000,101.53,102.47,96.971,98.68,0,0
GTN_MV,D,20250814,000000,99.438,99.628,97.73,98.87,0,0
GTN_MV,D,20250818,000000,99.438,100.39,97.92,98.68,0,0
GTN_MV,D,20250819,000000,100.01,100.96,98.489,98.49,0,0
GTN_MV,D,20250820,000000,99.438,99.628,98.11,98.68,0,0
GTN_MV,D,20250821,000000,99.059,99.059,97.16,97.16,0,0
GTN_MV,D,20250822,000000,96.971,98.489,96.212,96.4,0,0
GTN_MV,D,20250825,000000,96.402,97.92,96.402,97.54,0,0
GTN_MV,D,20250826,000000,98.11,98.299,96.781,97.35,0,0
GTN_MV,D,20250827,000000,98.299,98.679,96.592,97.16,0,0
GTN_MV,D,20250828,000000,97.73,98.11,95.833,97.35,0,0
GTN_MV,D,20250829,000000,97.161,98.11,96.971,97.35,0,0
GTN_MV,D,20250901,000000,97.351,99.63,96.971,99.63,0,0
GTN_MV,D,20250902,000000,100.58,100.96,97.161,99.06,0,0
GTN_MV,D,20250903,000000,100.01,101.53,98.489,101.53,0,0
GTN_MV,D,20250904,000000,101.53,101.91,99.628,100.58,0,0
GTN_MV,D,20250905,000000,100.58,101.53,99.628,100.2,0,0
GTN_MV,D,20250908,000000,100.2,101.72,98.679,99.63,0,0
GTN_MV,D,20250909,000000,100.01,100.39,98.679,98.68,0,0
GTN_MV,D,20250910,000000,98.679,100.01,96.022,96.97,0,0
GTN_MV,D,20250911,000000,96.971,98.489,96.592,96.78,0,0
GTN_MV,D,20250912,000000,96.402,98.489,96.402,96.78,0,0
GTN_MV,D,20250915,000000,97.92,98.679,97.351,98.49,0,0
GTN_MV,D,20250916,000000,98.679,99.438,97.161,98.68,0,0
GTN_MV,D,20250917,000000,97.161,99.059,97.161,98.49,0,0
GTN_MV,D,20250918,000000,98.679,98.679,96.781,97.73,0,0
GTN_MV,D,20250919,000000,98.489,98.489,96.971,97.73,0,0
GTN_MV,D,20250922,000000,97.73,98.489,96.781,98.3,0,0
GTN_MV,D,20250923,000000,98.489,98.489,96.971,97.16,0,0
GTN_MV,D,20250924,000000,97.161,98.489,96.971,97.73,0,0
GTN_MV,D,20250925,000000,97.161,98.299,96.971,98.11,0,0
GTN_MV,D,20250926,000000,97.161,98.11,96.781,97.54,0,0
GTN_MV,D,20250929,000000,98.11,98.11,96.402,97.54,0,0
GTN_MV,D,20250930,000000,97.54,97.92,96.781,96.97,0,0
GTN_MV,D,20251001,000000,97.73,97.92,96.4,96.4,0,0
GTN_MV,D,20251002,000000,97.92,98.299,96.402,98.11,0,0
GTN_MV,D,20251003,000000,98.299,98.489,97.161,98.3,0,0
GTN_MV,D,20251006,000000,98.679,98.679,96.78,96.78,0,0
GTN_MV,D,20251007,000000,96.971,97.73,96.402,97.73,0,0
GTN_MV,D,20251008,000000,97.73,97.92,96.78,96.78,0,0
GTN_MV,D,20251009,000000,96.781,97.92,96.781,97.73,0,0
GTN_MV,D,20251010,000000,97.92,102.09,97.351,99.63,0,0
GTN_MV,D,20251013,000000,100.58,101.34,99.248,101.34,0,0
GTN_MV,D,20251014,000000,101.34,102.47,100.58,100.58,0,0
GTN_MV,D,20251015,000000,100.58,103.8,100.58,103.23,0,0
GTN_MV,D,20251016,000000,102.66,105.51,102.47,102.66,0,0
GTN_MV,D,20251017,000000,103.61,103.99,100.77,102.66,0,0
GTN_MV,D,20251020,000000,102.66,104.37,102.47,103.99,0,0
GTN_MV,D,20251021,000000,104.37,104.75,102.28,102.28,0,0
GTN_MV,D,20251022,000000,102.47,103.8,101.72,103.42,0,0
GTN_MV,D,20251023,000000,103.61,103.99,102.47,103.04,0,0
GTN_MV,D,20251024,000000,103.23,104.18,102.85,103.99,0,0
GTN_MV,D,20251027,000000,103.99,105.32,103.61,104.94,0,0
GTN_MV,D,20251028,000000,105.32,105.32,103.42,105.13,0,0
GTN_MV,D,20251029,000000,105.13,111.77,105.13,109.31,0,0
GTN_MV,D,20251030,000000,110.07,114.24,108.17,114.24,0,0
GTN_MV,D,20251031,000000,114.43,121.45,114.43,119.55,0,0
GTN_MV,D,20251103,000000,121.45,122.21,119.74,120.12,0,0
GTN_MV,D,20251104,000000,121.26,121.26,114.05,115.19,0,0
GTN_MV,D,20251105,000000,115.19,115.19,108.93,110.07,0,0
GTN_MV,D,20251106,000000,111.96,114.43,110.07,111.96,0,0
GTN_MV,D,20251107,000000,110.82,112.72,108.36,110.07,0,0
GTN_MV,D,20251110,000000,111.77,111.77,109.12,110.07,0,0
GTN_MV,D,20251112,000000,110.63,113.48,108.93,110.25,0,0
GTN_MV,D,20251113,000000,111.96,113.67,106.46,112.72,0,0
GTN_MV,D,20251114,000000,112.72,112.72,108.55,109.88,0,0
GTN_MV,D,20251117,000000,109.88,110.44,108.17,109.69,0,0
GTN_MV,D,20251118,000000,108.74,109.69,106.84,106.84,0,0
GTN_MV,D,20251119,000000,107.22,110.25,106.84,109.12,0,0
GTN_MV,D,20251120,000000,110.07,110.07,105.89,107.41,0,0
GTN_MV,D,20251121,000000,105.7,107.6,104.37,104.75,0,0
GTN_MV,D,20251124,000000,106.08,106.08,101.53,103.99,0,0
GTN_MV,D,20251125,000000,103.8,103.99,100.96,103.23,0,0
GTN_MV,D,20251126,000000,103.23,103.61,101.91,103.23,0,0
GTN_MV,D,20251127,000000,103.8,103.8,101.53,103.04,0,0
GTN_MV,D,20251128,000000,103.04,103.61,102.47,103.42,0,0
GTN_MV,D,20251201,000000,103.61,105.7,102.47,105.7,0,0
GTN_MV,D,20251202,000000,105.89,107.41,104.56,105.13,0,0
GTN_MV,D,20251203,000000,107.22,107.22,105.32,105.32,0,0
GTN_MV,D,20251204,000000,105.32,106.84,105.32,106.65,0,0
GTN_MV,D,20251205,000000,103.61,106.84,103.61,105.89,0,0
GTN_MV,D,20251208,000000,106.65,106.65,102.47,103.61,0,0
GTN_MV,D,20251209,000000,104.37,105.7,102.47,104.75,0,0
GTN_MV,D,20251210,000000,104.75,104.75,102.85,102.85,0,0
GTN_MV,D,20251211,000000,102.85,104.75,102.85,104.37,0,0
GTN_MV,D,20251212,000000,104.37,106.08,103.61,103.61,0,0
GTN_MV,D,20251215,000000,104.37,104.37,100.58,101.72,0,0
GTN_MV,D,20251216,000000,102.09,102.09,100.96,101.72,0,0
GTN_MV,D,20251217,000000,101.72,101.72,98.679,100.58,0,0
GTN_MV,D,20251218,000000,100.58,101.53,99.248,100.77,0,0
GTN_MV,D,20251219,000000,100.58,101.91,99.438,100.58,0,0
GTN_MV,D,20251222,000000,99.628,102.47,98.679,101.72,0,0
GTN_MV,D,20251223,000000,102.47,102.47,100.58,101.15,0,0
GTN_MV,D,20251229,000000,101.15,103.42,100.58,102.66,0,0
GTN_MV,D,20251230,000000,103.42,104.56,101.15,101.15,0,0
GTN_MV,D,20260102,000000,103.42,105.13,102.47,104.37,0,0
GTN_MV,D,20260105,000000,104.37,104.37,102.85,102.85,0,0
GTN_MV,D,20260107,000000,102.85,104.18,102.47,103.23,0,0
GTN_MV,D,20260108,000000,103.8,103.8,101.72,103.42,0,0
GTN_MV,D,20260109,000000,104.37,109.12,103.61,107.6,0,0
GTN_MV,D,20260112,000000,108.93,111.39,106.27,111.2,0,0
GTN_MV,D,20260113,000000,111.96,118.6,111.96,113.48,0,0
GTN_MV,D,20260114,000000,112.91,115.76,112.15,114.43,0,0
GTN_MV,D,20260115,000000,115.57,115.76,112.15,114.43,0,0
GTN_MV,D,20260116,000000,114.24,115.57,111.96,112.53,0,0
GTN_MV,D,20260119,000000,112.15,113.86,112.15,113.48,0,0
GTN_MV,D,20260120,000000,114.43,114.43,110.07,111.39,0,0
GTN_MV,D,20260121,000000,111.39,113.86,110.07,111.77,0,0
GTN_MV,D,20260122,000000,112.53,113.67,110.63,112.72,0,0
GTN_MV,D,20260123,000000,112.72,113.67,110.82,111.96,0,0
