<TICKER>,<PER>,<DATE>,<TIME>,<OPEN>,<HIGH>,<LOW>,<CLOSE>,<VOL>,<OPENINT>
IPE_MV,D,20090526,000000,82.648,82.648,82.648,82.648,0,0
IPE_MV,D,20090527,000000,85.0492,86.7354,82.648,84.6258,0,0
IPE_MV,D,20090528,000000,88.4212,88.4212,81.3851,81.6628,0,0
IPE_MV,D,20090529,000000,81.2466,88.7062,81.2466,88.7062,0,0
IPE_MV,D,20090601,000000,92.2242,99.9682,88.7062,98.559,0,0
IPE_MV,D,20090602,000000,102.787,102.787,95.7425,97.8516,0,0
IPE_MV,D,20090603,000000,101.092,101.092,91.5164,94.3334,0,0
IPE_MV,D,20090604,000000,94.3334,96.8747,92.925,95.6031,0,0
IPE_MV,D,20090605,000000,97.8516,98.4205,96.027,97.0048,0,0
IPE_MV,D,20090608,000000,97.8516,97.8516,87.4285,94.3334,0,0
IPE_MV,D,20090609,000000,92.925,95.7425,92.925,93.9179,0,0
IPE_MV,D,20090610,000000,92.925,94.8948,92.925,92.925,0,0
IPE_MV,D,20090612,000000,94.3334,94.3334,90.962,93.6334,0,0
IPE_MV,D,20090615,000000,92.7941,92.7941,87.9976,91.246,0,0
IPE_MV,D,20090616,000000,87.9976,90.5307,87.9976,88.7062,0,0
IPE_MV,D,20090617,000000,88.4212,88.7062,85.889,88.7062,0,0
IPE_MV,D,20090618,000000,85.6041,88.8371,85.1804,88.8371,0,0
IPE_MV,D,20090619,000000,91.0997,91.0997,86.589,90.1147,0,0
IPE_MV,D,20090622,000000,90.1147,90.1147,84.7643,84.7643,0,0
IPE_MV,D,20090623,000000,87.3122,94.7498,87.3122,92.925,0,0
IPE_MV,D,20090624,000000,95.7425,95.7425,90.8147,92.7941,0,0
IPE_MV,D,20090625,000000,92.925,92.925,87.8589,87.8589,0,0
IPE_MV,D,20090626,000000,92.7941,93.6334,92.7941,92.925,0,0
IPE_MV,D,20090629,000000,90.677,95.6031,90.677,95.6031,0,0
IPE_MV,D,20090630,000000,95.0491,95.6031,91.5164,95.6031,0,0
IPE_MV,D,20090701,000000,91.5164,92.2242,91.5164,92.2242,0,0
IPE_MV,D,20090702,000000,93.0701,94.3334,90.8147,90.8147,0,0
IPE_MV,D,20090703,000000,90.1147,94.0564,88.9911,94.0564,0,0
IPE_MV,D,20090706,000000,93.9179,93.9179,93.9179,93.9179,0,0
IPE_MV,D,20090707,000000,93.6334,93.6334,86.589,89.9692,0,0
IPE_MV,D,20090708,000000,85.1804,87.3122,84.4801,87.3122,0,0
IPE_MV,D,20090709,000000,88.7062,88.7062,85.1804,86.8817,0,0
IPE_MV,D,20090710,000000,88.7062,88.7062,84.6258,84.6258,0,0
IPE_MV,D,20090713,000000,84.6258,86.589,84.6258,86.589,0,0
IPE_MV,D,20090714,000000,86.589,86.589,84.6258,86.3049,0,0
IPE_MV,D,20090715,000000,86.4504,87.3122,85.327,86.8817,0,0
IPE_MV,D,20090716,000000,85.889,87.159,85.4653,85.6041,0,0
IPE_MV,D,20090717,000000,85.889,85.889,85.7495,85.7495,0,0
IPE_MV,D,20090720,000000,85.327,86.0268,84.4801,86.0268,0,0
IPE_MV,D,20090721,000000,86.4504,86.4504,85.4653,85.4653,0,0
IPE_MV,D,20090722,000000,85.889,85.889,85.1804,85.889,0,0
IPE_MV,D,20090723,000000,85.1804,86.1731,84.4801,84.4801,0,0
IPE_MV,D,20090724,000000,85.889,85.889,82.3703,84.0639,0,0
IPE_MV,D,20090727,000000,84.1951,86.4504,84.1951,86.1731,0,0
IPE_MV,D,20090728,000000,86.1731,86.1731,84.4801,85.7495,0,0
IPE_MV,D,20090729,000000,84.3408,84.9035,82.7937,84.4801,0,0
IPE_MV,D,20090730,000000,84.4801,85.1804,83.2171,84.9035,0,0
IPE_MV,D,20090731,000000,85.327,85.7495,85.0492,85.6041,0,0
IPE_MV,D,20090803,000000,85.889,90.8147,85.889,89.4138,0,0
IPE_MV,D,20090804,000000,89.4138,91.5164,89.4138,91.246,0,0
IPE_MV,D,20090805,000000,91.246,102.787,91.246,94.0564,0,0
IPE_MV,D,20090806,000000,96.4434,99.8222,95.7425,97.1582,0,0
IPE_MV,D,20090807,000000,97.1582,102.364,97.1582,100.676,0,0
IPE_MV,D,20090810,000000,102.502,115.465,100.676,114.333,0,0
IPE_MV,D,20090811,000000,114.61,114.757,110.239,114.049,0,0
IPE_MV,D,20090812,000000,106.304,114.049,106.304,109.823,0,0
IPE_MV,D,20090813,000000,111.231,115.465,111.231,114.757,0,0
IPE_MV,D,20090814,000000,115.312,122.493,115.312,115.465,0,0
IPE_MV,D,20090817,000000,116.859,116.859,113.355,114.333,0,0
IPE_MV,D,20090818,000000,114.61,115.312,112.509,112.509,0,0
IPE_MV,D,20090819,000000,112.632,112.632,103.494,111.231,0,0
IPE_MV,D,20090820,000000,112.224,112.224,107.012,110.53,0,0
IPE_MV,D,20090821,000000,111.925,111.925,104.61,110.53,0,0
IPE_MV,D,20090824,000000,111.231,111.231,103.494,108.698,0,0
IPE_MV,D,20090825,000000,104.187,104.61,101.376,102.502,0,0
IPE_MV,D,20090826,000000,102.787,107.991,101.516,106.304,0,0
IPE_MV,D,20090827,000000,106.304,107.012,101.376,107.012,0,0
IPE_MV,D,20090828,000000,106.165,108.698,105.61,108.421,0,0
IPE_MV,D,20090831,000000,108.698,109.823,108.698,109.553,0,0
IPE_MV,D,20090901,000000,105.735,105.735,98.559,98.559,0,0
IPE_MV,D,20090902,000000,98.2755,98.559,90.8147,90.8147,0,0
IPE_MV,D,20090903,000000,90.8147,91.3778,87.3122,90.9543,0,0
IPE_MV,D,20090904,000000,90.9543,94.3334,90.9543,94.3334,0,0
IPE_MV,D,20090907,000000,94.3334,98.1361,94.3334,98.1361,0,0
IPE_MV,D,20090908,000000,95.7425,96.8747,93.6334,96.2305,0,0
IPE_MV,D,20090909,000000,96.6618,98.3703,96.2305,96.3783,0,0
IPE_MV,D,20090910,000000,99.6549,99.6549,98.6622,98.7942,0,0
IPE_MV,D,20090911,000000,100.144,100.45,97.4436,99.2459,0,0
IPE_MV,D,20090914,000000,93.692,96.3997,93.5526,93.5526,0,0
IPE_MV,D,20090915,000000,92.9464,94.4431,87.9976,92.7941,0,0
IPE_MV,D,20090916,000000,93.1073,95.947,92.9464,95.947,0,0
IPE_MV,D,20090917,000000,98.9392,99.2459,95.947,97.6035,0,0
IPE_MV,D,20090918,000000,97.4436,97.7429,97.4436,97.4436,0,0
IPE_MV,D,20090921,000000,96.6981,98.1956,96.6981,98.1956,0,0
IPE_MV,D,20090922,000000,96.6981,101.94,94.6039,101.94,0,0
IPE_MV,D,20090923,000000,102.691,103.443,97.4436,103.443,0,0
IPE_MV,D,20090924,000000,101.94,101.94,101.94,101.94,0,0
IPE_MV,D,20090925,000000,96.2389,101.94,96.2389,100.45,0,0
IPE_MV,D,20090928,000000,96.6981,102.691,96.0995,102.691,0,0
IPE_MV,D,20091001,000000,96.8524,101.042,96.2389,97.6035,0,0
IPE_MV,D,20091002,000000,97.4436,99.6912,96.3997,99.3993,0,0
IPE_MV,D,20091005,000000,97.4436,99.3993,97.4436,99.2459,0,0
IPE_MV,D,20091006,000000,99.3993,99.3993,96.3997,98.9392,0,0
IPE_MV,D,20091007,000000,99.2459,99.2459,96.9909,98.6548,0,0
IPE_MV,D,20091008,000000,97.4436,98.9392,97.4436,98.9392,0,0
IPE_MV,D,20091009,000000,98.9392,98.9392,95.7937,95.7937,0,0
IPE_MV,D,20091012,000000,99.2459,99.2459,92.9464,97.1508,0,0
IPE_MV,D,20091013,000000,93.692,97.1508,91.4506,92.9464,0,0
IPE_MV,D,20091014,000000,92.9464,95.7937,91.7501,94.4431,0,0
IPE_MV,D,20091015,000000,95.7937,95.7937,92.0419,95.0491,0,0
IPE_MV,D,20091016,000000,94.2971,94.2971,92.1942,92.1942,0,0
IPE_MV,D,20091019,000000,89.348,91.2974,89.348,90.8524,0,0
IPE_MV,D,20091020,000000,91.7501,95.0491,91.7501,95.0491,0,0
IPE_MV,D,20091021,000000,95.1941,99.6912,91.9033,99.6912,0,0
IPE_MV,D,20091022,000000,96.2389,98.9392,96.2389,98.9392,0,0
IPE_MV,D,20091023,000000,95.947,100.45,95.1941,97.4436,0,0
IPE_MV,D,20091026,000000,98.9392,102.998,98.1956,102.998,0,0
IPE_MV,D,20091027,000000,100.45,104.947,100.45,104.947,0,0
IPE_MV,D,20091028,000000,104.793,104.947,99.3993,104.793,0,0
IPE_MV,D,20091029,000000,98.1956,112.435,98.1956,112.435,0,0
IPE_MV,D,20091030,000000,112.435,113.939,105.246,113.939,0,0
IPE_MV,D,20091104,000000,103.443,111.991,103.443,111.991,0,0
IPE_MV,D,20091105,000000,110.938,111.531,104.947,111.531,0,0
IPE_MV,D,20091106,000000,105.99,110.938,105.99,110.938,0,0
IPE_MV,D,20091109,000000,110.793,112.136,110.793,112.136,0,0
IPE_MV,D,20091110,000000,110.938,110.938,105.845,105.845,0,0
IPE_MV,D,20091112,000000,112.136,115.582,107.34,115.582,0,0
IPE_MV,D,20091113,000000,114.69,115.582,110.938,113.939,0,0
IPE_MV,D,20091116,000000,113.939,125.172,113.939,124.436,0,0
IPE_MV,D,20091117,000000,124.282,124.282,119.939,120.684,0,0
IPE_MV,D,20091118,000000,113.18,119.939,113.18,119.939,0,0
IPE_MV,D,20091119,000000,117.829,119.939,117.684,119.939,0,0
IPE_MV,D,20091120,000000,121.282,121.282,121.282,121.282,0,0
IPE_MV,D,20091123,000000,121.282,121.282,119.939,119.939,0,0
IPE_MV,D,20091124,000000,118.436,123.53,118.137,122.916,0,0
IPE_MV,D,20091125,000000,122.639,122.786,122.639,122.786,0,0
IPE_MV,D,20091126,000000,118.873,122.786,118.873,122.786,0,0
IPE_MV,D,20091127,000000,119.778,122.486,118.734,122.18,0,0
IPE_MV,D,20091130,000000,120.684,122.916,118.436,122.639,0,0
IPE_MV,D,20091201,000000,119.939,122.639,119.939,122.639,0,0
IPE_MV,D,20091202,000000,120.837,121.427,120.085,121.427,0,0
IPE_MV,D,20091203,000000,118.436,121.427,118.436,121.427,0,0
IPE_MV,D,20091204,000000,120.384,121.128,119.939,119.939,0,0
IPE_MV,D,20091207,000000,118.436,119.639,117.684,117.684,0,0
IPE_MV,D,20091208,000000,119.939,119.939,119.939,119.939,0,0
IPE_MV,D,20091209,000000,119.778,119.778,119.778,119.778,0,0
IPE_MV,D,20091210,000000,119.479,121.128,118.436,121.128,0,0
IPE_MV,D,20091211,000000,119.939,121.128,119.034,121.128,0,0
IPE_MV,D,20091214,000000,117.231,119.939,117.231,119.939,0,0
IPE_MV,D,20091215,000000,118.436,119.639,117.684,119.639,0,0
IPE_MV,D,20091216,000000,117.684,121.128,116.939,121.128,0,0
IPE_MV,D,20091217,000000,118.289,119.939,115.735,119.939,0,0
IPE_MV,D,20091218,000000,119.778,119.778,119.778,119.778,0,0
IPE_MV,D,20091221,000000,118.289,119.778,117.684,117.684,0,0
IPE_MV,D,20091222,000000,117.684,119.639,117.684,119.639,0,0
IPE_MV,D,20091223,000000,117.684,119.778,117.684,119.778,0,0
IPE_MV,D,20091228,000000,122.486,122.486,119.778,120.085,0,0
IPE_MV,D,20091229,000000,121.427,121.427,120.085,121.427,0,0
IPE_MV,D,20091230,000000,119.939,119.939,118.873,119.939,0,0
IPE_MV,D,20091231,000000,121.427,121.427,121.427,121.427,0,0
IPE_MV,D,20100104,000000,121.427,121.427,121.282,121.282,0,0
IPE_MV,D,20100105,000000,119.939,119.939,119.195,119.195,0,0
IPE_MV,D,20100106,000000,118.436,119.639,117.531,119.639,0,0
IPE_MV,D,20100107,000000,119.639,119.939,119.639,119.939,0,0
IPE_MV,D,20100108,000000,119.939,119.939,117.829,117.829,0,0
IPE_MV,D,20100111,000000,117.684,117.684,117.684,117.684,0,0
IPE_MV,D,20100113,000000,111.085,115.443,111.085,112.435,0,0
IPE_MV,D,20100114,000000,117.684,117.684,113.18,113.18,0,0
IPE_MV,D,20100115,000000,113.34,113.34,113.34,113.34,0,0
IPE_MV,D,20100118,000000,113.939,113.939,113.939,113.939,0,0
IPE_MV,D,20100119,000000,109.589,113.18,109.443,113.18,0,0
IPE_MV,D,20100120,000000,113.939,113.939,113.18,113.939,0,0
IPE_MV,D,20100121,000000,114.69,114.69,110.479,112.435,0,0
IPE_MV,D,20100122,000000,107.939,107.939,107.939,107.939,0,0
IPE_MV,D,20100125,000000,112.283,112.283,112.283,112.283,0,0
IPE_MV,D,20100126,000000,107.34,110.195,107.187,107.187,0,0
IPE_MV,D,20100127,000000,105.085,116.939,104.947,116.939,0,0
IPE_MV,D,20100128,000000,116.188,116.939,107.187,116.939,0,0
IPE_MV,D,20100129,000000,111.844,116.939,111.844,116.939,0,0
IPE_MV,D,20100203,000000,112.435,116.939,112.435,116.939,0,0
IPE_MV,D,20100204,000000,113.939,116.64,113.939,116.64,0,0
IPE_MV,D,20100205,000000,109.443,116.939,109.443,116.939,0,0
IPE_MV,D,20100208,000000,113.18,115.143,111.385,113.939,0,0
IPE_MV,D,20100209,000000,112.435,112.435,111.699,111.699,0,0
IPE_MV,D,20100211,000000,111.699,111.699,111.699,111.699,0,0
IPE_MV,D,20100215,000000,109.589,113.035,109.589,113.035,0,0
IPE_MV,D,20100219,000000,110.195,113.939,109.589,113.939,0,0
IPE_MV,D,20100223,000000,119.939,119.939,119.939,119.939,0,0
IPE_MV,D,20100224,000000,130.581,130.581,119.939,119.939,0,0
IPE_MV,D,20100225,000000,113.18,116.486,113.18,115.143,0,0
IPE_MV,D,20100226,000000,115.143,119.939,115.143,119.939,0,0
IPE_MV,D,20100301,000000,119.939,119.939,112.588,112.588,0,0
IPE_MV,D,20100302,000000,114.237,114.237,112.588,113.64,0,0
IPE_MV,D,20100303,000000,113.18,114.69,113.18,114.69,0,0
IPE_MV,D,20100304,000000,114.69,122.916,114.69,122.916,0,0
IPE_MV,D,20100305,000000,122.639,124.436,120.231,124.436,0,0
IPE_MV,D,20100308,000000,118.581,121.427,118.137,121.427,0,0
IPE_MV,D,20100309,000000,119.939,121.735,119.939,121.735,0,0
IPE_MV,D,20100310,000000,121.427,124.436,121.427,124.436,0,0
IPE_MV,D,20100311,000000,126.385,129.676,125.172,129.676,0,0
IPE_MV,D,20100312,000000,142.573,142.573,137.172,142.421,0,0
IPE_MV,D,20100315,000000,149.764,163.404,149.764,157.405,0,0
IPE_MV,D,20100316,000000,161.003,161.003,152.165,157.405,0,0
IPE_MV,D,20100317,000000,164.157,171.653,158.909,159.07,0,0
IPE_MV,D,20100318,000000,167.303,167.303,157.405,157.405,0,0
IPE_MV,D,20100319,000000,164.902,164.902,157.405,157.559,0,0
IPE_MV,D,20100322,000000,161.456,161.456,151.719,151.719,0,0
IPE_MV,D,20100323,000000,152.91,152.91,145.574,149.924,0,0
IPE_MV,D,20100324,000000,149.924,149.924,142.573,149.924,0,0
IPE_MV,D,20100325,000000,145.419,154.121,145.419,149.924,0,0
IPE_MV,D,20100326,000000,146.172,155.917,145.72,155.917,0,0
IPE_MV,D,20100329,000000,156.661,156.661,149.924,149.924,0,0
IPE_MV,D,20100330,000000,150.216,155.317,149.924,149.924,0,0
IPE_MV,D,20100331,000000,154.858,154.858,147.223,149.924,0,0
IPE_MV,D,20100401,000000,149.924,152.763,149.924,149.924,0,0
IPE_MV,D,20100406,000000,149.924,149.924,147.223,147.668,0,0
IPE_MV,D,20100407,000000,147.063,148.42,147.063,148.266,0,0
IPE_MV,D,20100408,000000,148.266,148.42,146.924,148.42,0,0
IPE_MV,D,20100409,000000,147.223,148.42,147.223,148.42,0,0
IPE_MV,D,20100412,000000,147.376,148.42,147.223,148.42,0,0
IPE_MV,D,20100413,000000,148.42,148.42,147.223,147.223,0,0
IPE_MV,D,20100414,000000,148.42,148.42,143.172,148.121,0,0
IPE_MV,D,20100415,000000,148.121,148.121,148.121,148.121,0,0
IPE_MV,D,20100416,000000,143.471,147.967,143.471,147.967,0,0
IPE_MV,D,20100419,000000,142.421,147.668,142.421,147.668,0,0
IPE_MV,D,20100420,000000,147.814,147.814,147.814,147.814,0,0
IPE_MV,D,20100421,000000,134.931,147.515,134.931,147.515,0,0
IPE_MV,D,20100422,000000,144.07,147.223,143.924,147.223,0,0
IPE_MV,D,20100423,000000,147.515,147.515,147.515,147.515,0,0
IPE_MV,D,20100426,000000,147.515,149.924,146.924,149.924,0,0
IPE_MV,D,20100427,000000,144.216,149.924,142.421,149.924,0,0
IPE_MV,D,20100428,000000,149.624,149.624,142.421,148.266,0,0
IPE_MV,D,20100429,000000,144.07,149.624,144.07,149.624,0,0
IPE_MV,D,20100430,000000,149.764,149.924,147.223,149.624,0,0
IPE_MV,D,20100504,000000,162.66,162.66,144.369,149.924,0,0
IPE_MV,D,20100505,000000,144.96,149.171,144.96,149.171,0,0
IPE_MV,D,20100506,000000,146.317,149.011,145.267,149.011,0,0
IPE_MV,D,20100507,000000,145.267,145.267,143.924,143.924,0,0
IPE_MV,D,20100510,000000,148.42,148.42,145.419,145.419,0,0
IPE_MV,D,20100511,000000,147.515,147.515,147.063,147.063,0,0
IPE_MV,D,20100512,000000,146.924,147.668,145.574,147.668,0,0
IPE_MV,D,20100513,000000,147.668,147.668,144.676,147.668,0,0
IPE_MV,D,20100514,000000,143.026,149.764,143.026,149.764,0,0
IPE_MV,D,20100517,000000,149.624,149.924,143.924,149.924,0,0
IPE_MV,D,20100518,000000,149.764,149.924,144.216,148.42,0,0
IPE_MV,D,20100519,000000,146.924,146.924,137.925,146.924,0,0
IPE_MV,D,20100520,000000,147.376,147.376,137.925,146.924,0,0
IPE_MV,D,20100521,000000,140.923,146.924,140.923,146.924,0,0
IPE_MV,D,20100524,000000,148.266,148.266,143.924,143.924,0,0
IPE_MV,D,20100525,000000,146.172,146.172,141.676,141.676,0,0
IPE_MV,D,20100526,000000,143.924,143.924,143.924,143.924,0,0
IPE_MV,D,20100527,000000,146.172,148.873,146.172,146.172,0,0
IPE_MV,D,20100528,000000,148.712,148.873,146.924,146.924,0,0
IPE_MV,D,20100531,000000,148.42,148.42,143.924,146.924,0,0
IPE_MV,D,20100601,000000,149.624,149.624,149.624,149.624,0,0
IPE_MV,D,20100602,000000,148.873,148.873,148.873,148.873,0,0
IPE_MV,D,20100604,000000,144.822,148.42,144.676,144.676,0,0
IPE_MV,D,20100607,000000,136.421,148.121,136.421,148.121,0,0
IPE_MV,D,20100608,000000,146.012,146.012,139.575,142.274,0,0
IPE_MV,D,20100609,000000,146.172,146.172,146.172,146.172,0,0
IPE_MV,D,20100610,000000,144.822,151.427,139.428,151.427,0,0
IPE_MV,D,20100611,000000,143.172,150.974,143.172,149.764,0,0
IPE_MV,D,20100614,000000,164.755,164.755,149.924,149.924,0,0
IPE_MV,D,20100615,000000,149.764,149.924,144.822,149.924,0,0
IPE_MV,D,20100616,000000,147.063,149.924,145.72,149.924,0,0
IPE_MV,D,20100617,000000,149.764,149.924,146.172,149.924,0,0
IPE_MV,D,20100618,000000,146.625,149.924,146.172,149.924,0,0
IPE_MV,D,20100621,000000,149.764,149.924,149.764,149.924,0,0
IPE_MV,D,20100622,000000,151.427,151.427,149.624,149.924,0,0
IPE_MV,D,20100623,000000,149.764,149.924,146.012,149.924,0,0
IPE_MV,D,20100624,000000,148.42,149.764,148.42,149.764,0,0
IPE_MV,D,20100625,000000,149.764,160.413,149.764,149.924,0,0
IPE_MV,D,20100628,000000,149.924,154.405,149.924,150.362,0,0
IPE_MV,D,20100629,000000,154.405,154.405,149.924,149.924,0,0
IPE_MV,D,20100630,000000,149.924,149.924,144.508,145.72,0,0
IPE_MV,D,20100701,000000,146.012,146.764,143.924,143.924,0,0
IPE_MV,D,20100702,000000,145.865,145.865,144.676,144.676,0,0
IPE_MV,D,20100705,000000,149.464,149.924,144.676,144.822,0,0
IPE_MV,D,20100706,000000,148.42,153.667,143.924,153.667,0,0
IPE_MV,D,20100707,000000,149.924,152.763,149.924,152.763,0,0
IPE_MV,D,20100708,000000,152.464,191.886,152.464,191.886,0,0
IPE_MV,D,20100709,000000,209.878,209.878,176.004,182.901,0,0
IPE_MV,D,20100712,000000,181.404,184.405,172.705,184.405,0,0
IPE_MV,D,20100713,000000,183.653,194.894,172.406,184.237,0,0
IPE_MV,D,20100714,000000,180.646,194.894,180.646,194.894,0,0
IPE_MV,D,20100715,000000,196.535,202.389,196.535,202.389,0,0
IPE_MV,D,20100716,000000,202.389,202.389,202.389,202.389,0,0
IPE_MV,D,20100719,000000,202.389,202.389,196.383,200.295,0,0
IPE_MV,D,20100720,000000,200.141,200.141,195.637,199.39,0,0
IPE_MV,D,20100721,000000,200.141,200.141,195.047,196.383,0,0
IPE_MV,D,20100722,000000,198.331,198.331,191.886,191.886,0,0
IPE_MV,D,20100723,000000,196.383,196.383,192.338,192.338,0,0
IPE_MV,D,20100726,000000,192.493,197.74,187.098,197.74,0,0
IPE_MV,D,20100727,000000,194.894,199.236,194.894,197.595,0,0
IPE_MV,D,20100728,000000,197.893,197.893,194.894,194.894,0,0
IPE_MV,D,20100729,000000,187.39,197.595,187.39,197.595,0,0
IPE_MV,D,20100730,000000,199.236,199.236,191.595,194.733,0,0
IPE_MV,D,20100802,000000,194.894,194.894,194.134,194.733,0,0
IPE_MV,D,20100803,000000,193.398,209.878,193.398,197.893,0,0
IPE_MV,D,20100804,000000,197.893,200.885,191.886,197.448,0,0
IPE_MV,D,20100805,000000,200.885,200.885,192.638,194.894,0,0
IPE_MV,D,20100806,000000,201.491,201.491,185.894,193.689,0,0
IPE_MV,D,20100809,000000,190.39,190.39,185.894,185.894,0,0
IPE_MV,D,20100810,000000,196.244,196.244,176.747,185.894,0,0
IPE_MV,D,20100811,000000,179.901,185.894,179.901,185.894,0,0
IPE_MV,D,20100812,000000,180.646,192.638,180.646,192.493,0,0
IPE_MV,D,20100813,000000,191.755,191.755,191.755,191.755,0,0
IPE_MV,D,20100816,000000,188.894,188.894,188.894,188.894,0,0
IPE_MV,D,20100817,000000,188.441,196.097,187.39,191.755,0,0
IPE_MV,D,20100818,000000,187.39,190.39,186.639,190.39,0,0
IPE_MV,D,20100819,000000,192.638,192.638,185.894,190.097,0,0
IPE_MV,D,20100820,000000,187.39,194.894,186.346,194.894,0,0
IPE_MV,D,20100823,000000,194.894,194.894,194.894,194.894,0,0
IPE_MV,D,20100824,000000,194.894,194.894,192.638,194.894,0,0
IPE_MV,D,20100825,000000,194.894,194.894,187.39,191.886,0,0
IPE_MV,D,20100826,000000,193.244,193.244,190.39,190.39,0,0
IPE_MV,D,20100827,000000,187.704,190.39,187.55,187.55,0,0
IPE_MV,D,20100830,000000,193.398,193.398,184.405,191.302,0,0
IPE_MV,D,20100831,000000,190.849,190.849,185.295,190.39,0,0
IPE_MV,D,20100901,000000,189.193,189.193,189.193,189.193,0,0
IPE_MV,D,20100902,000000,189.646,192.798,186.493,191.302,0,0
IPE_MV,D,20100903,000000,191.302,191.755,190.39,191.755,0,0
IPE_MV,D,20100906,000000,189.054,209.878,189.054,196.697,0,0
IPE_MV,D,20100907,000000,203.135,209.733,194.894,209.733,0,0
IPE_MV,D,20100908,000000,209.594,209.594,206.886,207.492,0,0
IPE_MV,D,20100909,000000,208.09,208.09,204.485,204.485,0,0
IPE_MV,D,20100910,000000,202.535,202.987,202.535,202.987,0,0
IPE_MV,D,20100913,000000,211.383,211.383,202.389,202.389,0,0
IPE_MV,D,20100914,000000,202.389,202.987,195.637,202.987,0,0
IPE_MV,D,20100915,000000,202.389,202.389,198.048,201.491,0,0
IPE_MV,D,20100916,000000,203.74,203.74,199.39,202.987,0,0
IPE_MV,D,20100917,000000,202.987,202.987,198.048,202.987,0,0
IPE_MV,D,20100920,000000,197.448,204.79,197.448,204.79,0,0
IPE_MV,D,20100921,000000,202.389,223.375,197.893,223.375,0,0
IPE_MV,D,20100922,000000,223.375,223.375,212.886,217.382,0,0
IPE_MV,D,20100923,000000,213.024,221.572,212.886,218.878,0,0
IPE_MV,D,20100924,000000,218.725,221.732,217.382,220.367,0,0
IPE_MV,D,20100927,000000,221.732,221.732,217.382,220.827,0,0
IPE_MV,D,20100928,000000,215.572,221.87,215.572,221.732,0,0
IPE_MV,D,20100929,000000,221.732,224.871,221.732,224.871,0,0
IPE_MV,D,20100930,000000,225.477,239.724,225.477,231.63,0,0
IPE_MV,D,20101001,000000,234.462,235.367,231.63,231.63,0,0
IPE_MV,D,20101004,000000,232.673,238.366,232.673,238.366,0,0
IPE_MV,D,20101005,000000,238.666,245.411,236.87,238.221,0,0
IPE_MV,D,20101006,000000,238.221,242.118,232.673,232.673,0,0
IPE_MV,D,20101007,000000,233.126,236.126,223.375,236.126,0,0
IPE_MV,D,20101008,000000,236.126,236.126,228.623,235.229,0,0
IPE_MV,D,20101011,000000,234.922,239.724,234.922,235.229,0,0
IPE_MV,D,20101012,000000,236.87,239.418,227.127,236.717,0,0
IPE_MV,D,20101013,000000,238.966,238.966,229.82,229.82,0,0
IPE_MV,D,20101014,000000,228.768,237.616,228.768,229.68,0,0
IPE_MV,D,20101015,000000,229.075,236.87,229.075,236.87,0,0
IPE_MV,D,20101018,000000,236.87,236.87,232.374,236.717,0,0
IPE_MV,D,20101019,000000,233.272,236.418,233.272,236.418,0,0
IPE_MV,D,20101020,000000,235.367,236.717,235.367,236.126,0,0
IPE_MV,D,20101021,000000,236.126,239.871,230.879,239.871,0,0
IPE_MV,D,20101022,000000,239.871,247.359,239.111,247.359,0,0
IPE_MV,D,20101025,000000,247.214,260.856,247.214,254.855,0,0
IPE_MV,D,20101026,000000,260.104,262.053,251.855,259.053,0,0
IPE_MV,D,20101027,000000,263.863,263.863,253.513,259.053,0,0
IPE_MV,D,20101028,000000,258.761,258.914,254.855,257.849,0,0
IPE_MV,D,20101029,000000,257.849,263.863,257.849,263.863,0,0
IPE_MV,D,20101102,000000,263.702,269.403,261.155,265.359,0,0
IPE_MV,D,20101103,000000,266.848,266.848,266.111,266.111,0,0
IPE_MV,D,20101104,000000,266.249,266.702,262.506,266.111,0,0
IPE_MV,D,20101105,000000,266.111,266.111,261.002,266.111,0,0
IPE_MV,D,20101108,000000,266.111,269.104,264.608,265.504,0,0
IPE_MV,D,20101109,000000,267.907,269.994,266.111,269.403,0,0
IPE_MV,D,20101110,000000,269.403,269.403,265.359,267.3,0,0
IPE_MV,D,20101112,000000,266.848,266.848,262.359,262.359,0,0
IPE_MV,D,20101115,000000,265.359,265.359,251.104,256.213,0,0
IPE_MV,D,20101116,000000,256.213,256.213,244.367,254.717,0,0
IPE_MV,D,20101117,000000,253.359,254.41,244.812,254.105,0,0
IPE_MV,D,20101118,000000,253.805,253.805,249.761,253.805,0,0
IPE_MV,D,20101119,000000,253.359,253.359,247.513,247.965,0,0
IPE_MV,D,20101122,000000,247.965,252.914,241.374,244.367,0,0
IPE_MV,D,20101123,000000,240.324,243.761,228.929,238.966,0,0
IPE_MV,D,20101124,000000,229.075,233.565,229.075,230.426,0,0
IPE_MV,D,20101125,000000,227.872,233.871,225.024,233.871,0,0
IPE_MV,D,20101126,000000,227.872,230.879,227.872,229.375,0,0
IPE_MV,D,20101129,000000,225.33,229.375,222.323,229.375,0,0
IPE_MV,D,20101130,000000,226.374,229.375,226.374,229.375,0,0
IPE_MV,D,20101201,000000,230.879,233.871,228.324,228.324,0,0
IPE_MV,D,20101202,000000,232.214,232.214,227.279,228.623,0,0
IPE_MV,D,20101203,000000,233.565,233.565,227.127,227.127,0,0
IPE_MV,D,20101206,000000,230.879,230.879,224.871,228.324,0,0
IPE_MV,D,20101207,000000,225.178,228.623,224.426,228.623,0,0
IPE_MV,D,20101208,000000,230.879,230.879,224.871,228.477,0,0
IPE_MV,D,20101209,000000,228.623,250.366,228.623,245.87,0,0
IPE_MV,D,20101210,000000,240.324,245.87,240.324,245.87,0,0
IPE_MV,D,20101213,000000,245.87,245.87,242.272,245.87,0,0
IPE_MV,D,20101214,000000,243.616,243.616,232.528,236.571,0,0
IPE_MV,D,20101215,000000,236.571,247.104,235.513,247.104,0,0
IPE_MV,D,20101216,000000,247.104,249.68,247.104,249.68,0,0
IPE_MV,D,20101217,000000,249.68,258.498,245.125,255.155,0,0
IPE_MV,D,20101220,000000,257.294,257.294,249.834,251.666,0,0
IPE_MV,D,20101221,000000,249.373,251.666,249.373,249.373,0,0
IPE_MV,D,20101222,000000,249.373,249.373,249.373,249.373,0,0
IPE_MV,D,20101223,000000,246.345,249.373,246.345,246.345,0,0
IPE_MV,D,20101227,000000,246.345,249.373,243.302,249.373,0,0
IPE_MV,D,20101228,000000,249.228,252.418,247.104,249.373,0,0
IPE_MV,D,20101229,000000,247.104,249.373,247.104,249.373,0,0
IPE_MV,D,20101230,000000,249.373,249.373,247.856,249.373,0,0
IPE_MV,D,20101231,000000,249.373,256.972,247.856,256.972,0,0
IPE_MV,D,20110103,000000,252.732,256.98,249.373,249.834,0,0
IPE_MV,D,20110104,000000,249.373,251.666,249.373,251.666,0,0
IPE_MV,D,20110105,000000,249.994,252.264,249.373,252.264,0,0
IPE_MV,D,20110107,000000,249.834,250.14,247.856,247.856,0,0
IPE_MV,D,20110110,000000,244.06,244.06,235.841,235.841,0,0
IPE_MV,D,20110111,000000,240.257,243.141,237.367,237.367,0,0
IPE_MV,D,20110112,000000,241.621,241.775,239.191,241.775,0,0
IPE_MV,D,20110113,000000,241.775,243.302,241.775,243.302,0,0
IPE_MV,D,20110114,000000,242.535,245.892,239.491,245.892,0,0
IPE_MV,D,20110117,000000,245.586,245.586,241.316,242.535,0,0
IPE_MV,D,20110118,000000,243.899,243.899,235.71,238.593,0,0
IPE_MV,D,20110119,000000,238.725,241.775,238.725,241.621,0,0
IPE_MV,D,20110120,000000,241.476,241.476,237.213,241.476,0,0
IPE_MV,D,20110121,000000,233.565,241.476,233.565,236.002,0,0
IPE_MV,D,20110124,000000,234.477,235.841,234.477,235.542,0,0
IPE_MV,D,20110125,000000,234.184,238.593,232.192,238.593,0,0
IPE_MV,D,20110126,000000,241.476,241.476,240.257,240.257,0,0
IPE_MV,D,20110127,000000,241.017,241.775,241.017,241.775,0,0
IPE_MV,D,20110128,000000,233.412,233.412,233.412,233.412,0,0
IPE_MV,D,20110131,000000,231.127,237.068,225.82,237.068,0,0
IPE_MV,D,20110201,000000,235.71,238.44,234.944,237.974,0,0
IPE_MV,D,20110202,000000,235.841,235.841,235.71,235.71,0,0
IPE_MV,D,20110203,000000,240.257,240.257,235.71,235.71,0,0
IPE_MV,D,20110204,000000,228.842,237.974,228.842,237.974,0,0
IPE_MV,D,20110207,000000,234.024,237.974,234.024,236.461,0,0
IPE_MV,D,20110208,000000,230.375,237.974,230.375,236.461,0,0
IPE_MV,D,20110210,000000,231.586,236.461,230.375,230.375,0,0
IPE_MV,D,20110211,000000,235.71,241.775,229.608,241.775,0,0
IPE_MV,D,20110215,000000,240.257,243.302,240.257,243.302,0,0
IPE_MV,D,20110216,000000,243.141,243.302,243.141,243.141,0,0
IPE_MV,D,20110217,000000,236.601,250.9,236.309,250.9,0,0
IPE_MV,D,20110218,000000,250.441,250.441,244.06,250.14,0,0
IPE_MV,D,20110221,000000,250.14,250.14,249.834,249.834,0,0
IPE_MV,D,20110222,000000,236.461,251.184,235.841,251.184,0,0
IPE_MV,D,20110223,000000,240.622,250.418,238.936,238.936,0,0
IPE_MV,D,20110224,000000,249.505,249.505,246.586,246.586,0,0
IPE_MV,D,20110225,000000,246.586,246.586,246.586,246.586,0,0
IPE_MV,D,20110228,000000,241.382,247.965,241.382,246.586,0,0
IPE_MV,D,20110301,000000,245.812,246.586,245.06,245.06,0,0
IPE_MV,D,20110302,000000,242.156,245.06,240.622,240.622,0,0
IPE_MV,D,20110303,000000,244.908,244.908,241.082,244.133,0,0
IPE_MV,D,20110307,000000,244.133,244.133,243.988,244.133,0,0
IPE_MV,D,20110308,000000,238.63,244.133,238.477,242.753,0,0
IPE_MV,D,20110309,000000,241.995,243.528,241.995,241.995,0,0
IPE_MV,D,20110310,000000,241.995,243.381,241.995,243.381,0,0
IPE_MV,D,20110311,000000,241.995,243.381,241.229,241.229,0,0
IPE_MV,D,20110314,000000,241.229,241.229,237.396,239.695,0,0
IPE_MV,D,20110315,000000,233.879,241.688,226.222,229.739,0,0
IPE_MV,D,20110316,000000,238.783,243.381,235.871,235.871,0,0
IPE_MV,D,20110317,000000,237.396,244.908,231.425,231.425,0,0
IPE_MV,D,20110318,000000,242.753,242.753,231.425,234.331,0,0
IPE_MV,D,20110321,000000,235.871,235.871,222.082,230.345,0,0
IPE_MV,D,20110322,000000,226.681,235.871,226.681,226.681,0,0
IPE_MV,D,20110323,000000,230.345,230.345,228.214,228.214,0,0
IPE_MV,D,20110324,000000,228.214,229.593,215.951,222.082,0,0
IPE_MV,D,20110325,000000,228.98,228.98,218.266,218.266,0,0
IPE_MV,D,20110328,000000,218.266,229.134,218.266,229.134,0,0
IPE_MV,D,20110329,000000,222.397,229.134,219.024,223.615,0,0
IPE_MV,D,20110330,000000,225.609,225.609,222.082,223.615,0,0
IPE_MV,D,20110331,000000,228.054,229.739,220.557,229.739,0,0
IPE_MV,D,20110401,000000,225.148,229.739,219.324,222.082,0,0
IPE_MV,D,20110404,000000,228.827,228.827,228.214,228.214,0,0
IPE_MV,D,20110405,000000,216.725,228.214,216.725,218.266,0,0
IPE_MV,D,20110406,000000,226.222,228.214,221.783,228.214,0,0
IPE_MV,D,20110407,000000,228.513,235.871,228.214,229.739,0,0
IPE_MV,D,20110408,000000,235.104,235.104,224.381,226.681,0,0
IPE_MV,D,20110411,000000,224.842,224.842,224.842,224.842,0,0
IPE_MV,D,20110412,000000,222.082,229.593,222.082,223.002,0,0
IPE_MV,D,20110413,000000,228.214,228.214,222.082,224.381,0,0
IPE_MV,D,20110414,000000,224.995,228.98,218.266,218.266,0,0
IPE_MV,D,20110415,000000,225.148,226.222,218.266,226.222,0,0
IPE_MV,D,20110418,000000,223.615,223.615,219.324,222.082,0,0
IPE_MV,D,20110419,000000,222.082,222.082,217.798,217.798,0,0
IPE_MV,D,20110420,000000,220.557,224.082,220.557,222.082,0,0
IPE_MV,D,20110421,000000,224.082,224.082,222.082,222.082,0,0
IPE_MV,D,20110426,000000,222.082,222.082,222.082,222.082,0,0
IPE_MV,D,20110427,000000,222.857,222.857,222.082,222.082,0,0
IPE_MV,D,20110428,000000,223.615,226.681,223.615,226.681,0,0
IPE_MV,D,20110429,000000,226.681,229.44,226.681,229.44,0,0
IPE_MV,D,20110502,000000,230.046,240.462,229.44,235.71,0,0
IPE_MV,D,20110504,000000,235.563,235.563,232.046,235.563,0,0
IPE_MV,D,20110505,000000,241.848,241.848,231.425,236.936,0,0
IPE_MV,D,20110506,000000,235.871,235.871,232.046,232.046,0,0
IPE_MV,D,20110509,000000,229.739,237.396,229.739,237.396,0,0
IPE_MV,D,20110510,000000,227.287,240.462,227.287,237.396,0,0
IPE_MV,D,20110511,000000,238.936,240.316,234.331,238.783,0,0
IPE_MV,D,20110512,000000,239.55,239.55,231.287,239.55,0,0
IPE_MV,D,20110513,000000,239.55,240.002,234.492,238.63,0,0
IPE_MV,D,20110516,000000,225.609,239.55,225.609,236.638,0,0
IPE_MV,D,20110517,000000,226.988,237.396,226.988,237.396,0,0
IPE_MV,D,20110518,000000,228.374,237.396,228.374,229.28,0,0
IPE_MV,D,20110519,000000,236.17,236.17,229.28,229.28,0,0
IPE_MV,D,20110520,000000,236.338,236.338,229.28,232.805,0,0
IPE_MV,D,20110523,000000,225.295,232.805,225.295,231.287,0,0
IPE_MV,D,20110524,000000,223.776,231.287,223.776,229.739,0,0
IPE_MV,D,20110525,000000,234.951,234.951,233.565,233.565,0,0
IPE_MV,D,20110526,000000,232.805,234.951,232.805,234.951,0,0
IPE_MV,D,20110527,000000,234.951,234.951,229.739,232.499,0,0
IPE_MV,D,20110530,000000,229.739,236.17,229.739,236.17,0,0
IPE_MV,D,20110531,000000,236.638,237.396,236.638,237.243,0,0
IPE_MV,D,20110601,000000,236.936,237.243,231.287,235.871,0,0
IPE_MV,D,20110602,000000,235.871,237.243,235.871,237.243,0,0
IPE_MV,D,20110603,000000,236.638,237.243,228.214,229.44,0,0
IPE_MV,D,20110606,000000,237.105,237.105,229.739,229.739,0,0
IPE_MV,D,20110607,000000,234.331,235.563,230.966,232.805,0,0
IPE_MV,D,20110608,000000,235.871,235.871,231.287,231.287,0,0
IPE_MV,D,20110609,000000,235.871,235.871,229.739,229.739,0,0
IPE_MV,D,20110610,000000,232.805,232.805,229.739,229.739,0,0
IPE_MV,D,20110613,000000,223.776,232.345,223.776,232.345,0,0
IPE_MV,D,20110614,000000,228.214,232.345,228.214,229.739,0,0
IPE_MV,D,20110615,000000,231.287,231.287,229.739,229.739,0,0
IPE_MV,D,20110616,000000,229.739,231.287,229.739,231.287,0,0
IPE_MV,D,20110617,000000,225.148,231.287,225.148,231.287,0,0
IPE_MV,D,20110620,000000,231.112,231.287,226.681,227.746,0,0
IPE_MV,D,20110621,000000,228.513,229.739,225.907,226.681,0,0
IPE_MV,D,20110622,000000,230.966,230.966,225.295,229.739,0,0
IPE_MV,D,20110624,000000,231.287,231.287,228.214,229.739,0,0
IPE_MV,D,20110627,000000,225.455,229.44,215.184,229.44,0,0
IPE_MV,D,20110628,000000,218.266,229.44,218.266,228.054,0,0
IPE_MV,D,20110629,000000,220.09,228.054,220.09,225.907,0,0
IPE_MV,D,20110630,000000,227.448,227.448,219.024,219.024,0,0
IPE_MV,D,20110701,000000,209.834,222.857,209.834,221.171,0,0
IPE_MV,D,20110704,000000,215.506,224.381,215.506,218.266,0,0
IPE_MV,D,20110705,000000,216.258,217.338,211.368,214.433,0,0
IPE_MV,D,20110706,000000,211.368,211.368,206.769,211.368,0,0
IPE_MV,D,20110707,000000,209.834,214.433,209.834,214.433,0,0
IPE_MV,D,20110708,000000,215.951,219.63,215.951,219.63,0,0
IPE_MV,D,20110711,000000,215.184,220.557,211.368,211.368,0,0
IPE_MV,D,20110712,000000,211.528,218.564,202.178,218.097,0,0
IPE_MV,D,20110713,000000,216.199,222.236,212.222,222.236,0,0
IPE_MV,D,20110714,000000,217.952,220.973,216.36,220.798,0,0
IPE_MV,D,20110715,000000,216.52,219.221,216.52,219.221,0,0
IPE_MV,D,20110718,000000,216.36,216.36,209.842,209.842,0,0
IPE_MV,D,20110719,000000,201.09,209.842,201.09,206.178,0,0
IPE_MV,D,20110720,000000,206.178,206.178,198.718,198.718,0,0
IPE_MV,D,20110721,000000,195.521,203.477,185.988,203.477,0,0
IPE_MV,D,20110722,000000,220.491,220.491,195.521,199.659,0,0
IPE_MV,D,20110725,000000,199.981,200.302,194.733,200.302,0,0
IPE_MV,D,20110726,000000,198.718,205.068,195.697,205.068,0,0
IPE_MV,D,20110727,000000,204.433,204.433,197.127,197.272,0,0
IPE_MV,D,20110728,000000,190.762,202.207,190.762,198.718,0,0
IPE_MV,D,20110729,000000,190.915,198.718,190.915,198.718,0,0
IPE_MV,D,20110801,000000,190.915,198.55,190.915,198.55,0,0
IPE_MV,D,20110802,000000,198.55,198.55,198.55,198.55,0,0
IPE_MV,D,20110803,000000,183.127,198.55,183.127,198.39,0,0
IPE_MV,D,20110804,000000,190.762,190.762,186.156,190.288,0,0
IPE_MV,D,20110805,000000,178.047,190.762,165.011,190.762,0,0
IPE_MV,D,20110808,000000,178.521,181.544,176.449,181.222,0,0
IPE_MV,D,20110809,000000,181.062,197.755,160.551,197.755,0,0
IPE_MV,D,20110810,000000,190.762,190.762,177.251,177.251,0,0
IPE_MV,D,20110811,000000,173.112,173.112,165.646,167.069,0,0
IPE_MV,D,20110812,000000,174.872,176.93,162.456,162.456,0,0
IPE_MV,D,20110816,000000,164.048,173.112,164.048,166.923,0,0
IPE_MV,D,20110817,000000,167.711,177.725,166.923,177.725,0,0
IPE_MV,D,20110818,000000,177.573,177.573,174.383,174.383,0,0
IPE_MV,D,20110819,000000,162.456,174.704,162.456,174.704,0,0
IPE_MV,D,20110822,000000,170.098,171.674,170.098,171.674,0,0
IPE_MV,D,20110823,000000,170.098,172.471,170.098,170.098,0,0
IPE_MV,D,20110824,000000,165.011,170.098,163.259,163.259,0,0
IPE_MV,D,20110825,000000,164.223,171.674,162.785,162.785,0,0
IPE_MV,D,20110826,000000,165.799,165.799,162.15,162.31,0,0
IPE_MV,D,20110829,000000,162.15,168.506,158.982,158.982,0,0
IPE_MV,D,20110830,000000,162.15,162.15,162.15,162.15,0,0
IPE_MV,D,20110831,000000,159.756,168.34,159.756,159.756,0,0
IPE_MV,D,20110901,000000,169.624,169.624,158.982,159.435,0,0
IPE_MV,D,20110902,000000,156.58,156.58,145.457,146.252,0,0
IPE_MV,D,20110905,000000,143.07,146.252,141.792,141.792,0,0
IPE_MV,D,20110906,000000,139.888,144.033,136.719,139.742,0,0
IPE_MV,D,20110907,000000,142.595,144.179,135.756,136.406,0,0
IPE_MV,D,20110908,000000,137.507,137.507,132.099,132.099,0,0
IPE_MV,D,20110909,000000,134.969,134.969,127.18,127.18,0,0
IPE_MV,D,20110912,000000,120.815,120.815,117.64,117.64,0,0
IPE_MV,D,20110913,000000,117.64,117.64,114.458,117.64,0,0
IPE_MV,D,20110914,000000,114.289,122.406,111.275,116.845,0,0
IPE_MV,D,20110915,000000,122.238,148.793,122.238,127.975,0,0
IPE_MV,D,20110916,000000,139.888,158.982,127.975,139.888,0,0
IPE_MV,D,20110919,000000,143.07,144.662,139.888,140.056,0,0
IPE_MV,D,20110920,000000,139.888,149.113,135.129,139.888,0,0
IPE_MV,D,20110921,000000,143.07,143.07,132.735,139.888,0,0
IPE_MV,D,20110922,000000,132.735,133.216,128.924,128.924,0,0
IPE_MV,D,20110923,000000,128.924,136.719,128.924,136.719,0,0
IPE_MV,D,20110926,000000,127.326,132.735,127.18,131.793,0,0
IPE_MV,D,20110927,000000,131.939,131.939,130.355,130.355,0,0
IPE_MV,D,20110928,000000,139.575,139.575,128.757,132.573,0,0
IPE_MV,D,20110929,000000,129.552,138.464,129.552,138.303,0,0
IPE_MV,D,20110930,000000,131.311,139.888,131.15,139.888,0,0
IPE_MV,D,20111003,000000,133.055,139.742,133.055,139.742,0,0
IPE_MV,D,20111004,000000,135.443,135.443,135.443,135.443,0,0
IPE_MV,D,20111005,000000,130.83,141.953,130.83,139.888,0,0
IPE_MV,D,20111006,000000,142.917,143.07,137.033,137.033,0,0
IPE_MV,D,20111007,000000,141.639,141.639,137.507,137.507,0,0
IPE_MV,D,20111010,000000,137.829,144.662,137.829,144.662,0,0
IPE_MV,D,20111011,000000,139.888,166.923,139.888,166.923,0,0
IPE_MV,D,20111012,000000,174.872,178.047,164.849,168.193,0,0
IPE_MV,D,20111013,000000,165.157,165.157,162.624,162.624,0,0
IPE_MV,D,20111014,000000,159.435,168.981,159.435,168.981,0,0
IPE_MV,D,20111017,000000,168.981,171.536,168.981,171.536,0,0
IPE_MV,D,20111018,000000,169.624,169.624,169.624,169.624,0,0
IPE_MV,D,20111019,000000,169.302,174.704,162.31,174.704,0,0
IPE_MV,D,20111020,000000,167.069,174.704,158.982,158.982,0,0
IPE_MV,D,20111021,000000,147.048,165.324,147.048,165.324,0,0
IPE_MV,D,20111024,000000,166.923,166.923,166.442,166.442,0,0
IPE_MV,D,20111025,000000,157.851,158.982,154.682,154.682,0,0
IPE_MV,D,20111026,000000,149.902,158.982,149.902,158.982,0,0
IPE_MV,D,20111027,000000,162.15,168.506,162.15,166.763,0,0
IPE_MV,D,20111028,000000,164.53,164.53,164.53,164.53,0,0
IPE_MV,D,20111031,000000,164.53,164.53,152.61,157.376,0,0
IPE_MV,D,20111102,000000,152.61,166.923,143.07,166.923,0,0
IPE_MV,D,20111103,000000,163.734,176.609,156.266,174.872,0,0
IPE_MV,D,20111104,000000,165.011,169.624,165.011,169.624,0,0
IPE_MV,D,20111107,000000,155.792,165.324,155.792,165.011,0,0
IPE_MV,D,20111108,000000,159.756,164.682,159.756,163.734,0,0
IPE_MV,D,20111109,000000,163.734,163.734,158.982,163.581,0,0
IPE_MV,D,20111110,000000,159.288,162.15,158.982,158.982,0,0
IPE_MV,D,20111114,000000,158.982,158.982,156.58,158.982,0,0
IPE_MV,D,20111115,000000,158.982,158.982,151.179,158.799,0,0
IPE_MV,D,20111116,000000,151.974,154.193,151.974,154.193,0,0
IPE_MV,D,20111117,000000,146.573,154.193,143.713,149.113,0,0
IPE_MV,D,20111118,000000,140.683,154.193,140.683,154.193,0,0
IPE_MV,D,20111121,000000,143.391,157.698,143.391,157.698,0,0
IPE_MV,D,20111122,000000,147.683,147.845,146.405,146.405,0,0
IPE_MV,D,20111123,000000,154.193,154.193,144.348,146.252,0,0
IPE_MV,D,20111124,000000,139.42,141.479,139.42,141.479,0,0
IPE_MV,D,20111125,000000,139.888,139.888,135.129,137.347,0,0
IPE_MV,D,20111128,000000,135.129,137.975,135.129,137.975,0,0
IPE_MV,D,20111129,000000,142.595,142.595,133.055,141.004,0,0
IPE_MV,D,20111130,000000,132.735,139.742,132.735,139.742,0,0
IPE_MV,D,20111201,000000,137.507,153.084,137.507,142.595,0,0
IPE_MV,D,20111202,000000,136.078,143.07,136.078,141.479,0,0
IPE_MV,D,20111205,000000,136.866,141.325,136.866,138.303,0,0
IPE_MV,D,20111206,000000,135.917,135.917,133.698,135.129,0,0
IPE_MV,D,20111207,000000,132.901,135.129,132.735,133.216,0,0
IPE_MV,D,20111208,000000,130.508,134.807,130.508,134.807,0,0
IPE_MV,D,20111209,000000,129.085,137.347,129.085,130.99,0,0
IPE_MV,D,20111212,000000,129.552,129.552,121.779,128.61,0,0
IPE_MV,D,20111213,000000,122.567,128.61,122.567,127.18,0,0
IPE_MV,D,20111214,000000,135.129,135.129,123.997,129.552,0,0
IPE_MV,D,20111215,000000,127.654,134.64,127.012,134.64,0,0
IPE_MV,D,20111216,000000,133.362,134.64,128.924,131.793,0,0
IPE_MV,D,20111219,000000,130.99,130.99,125.114,127.18,0,0
IPE_MV,D,20111220,000000,126.385,131.939,125.428,131.939,0,0
IPE_MV,D,20111221,000000,131.793,141.479,131.793,140.523,0,0
IPE_MV,D,20111222,000000,135.443,140.523,133.216,139.888,0,0
IPE_MV,D,20111223,000000,153.88,153.88,135.129,141.479,0,0
IPE_MV,D,20111227,000000,142.755,143.07,137.975,137.975,0,0
IPE_MV,D,20111228,000000,137.507,143.07,137.507,139.575,0,0
IPE_MV,D,20111229,000000,139.575,139.575,132.099,135.129,0,0
IPE_MV,D,20111230,000000,139.252,139.252,132.735,137.975,0,0
IPE_MV,D,20120102,000000,151.018,151.018,138.303,138.303,0,0
IPE_MV,D,20120103,000000,137.179,144.033,135.443,136.231,0,0
IPE_MV,D,20120104,000000,138.778,138.778,138.303,138.303,0,0
IPE_MV,D,20120105,000000,135.917,138.303,135.603,138.303,0,0
IPE_MV,D,20120109,000000,142.595,142.595,138.303,138.303,0,0
IPE_MV,D,20120110,000000,139.742,143.07,138.303,143.07,0,0
IPE_MV,D,20120111,000000,140.056,140.056,139.888,140.056,0,0
IPE_MV,D,20120112,000000,139.742,139.742,137.829,137.829,0,0
IPE_MV,D,20120113,000000,142.755,142.755,134.004,138.303,0,0
IPE_MV,D,20120116,000000,142.595,142.595,138.303,138.303,0,0
IPE_MV,D,20120117,000000,138.303,138.303,137.179,137.179,0,0
IPE_MV,D,20120118,000000,138.303,141.479,136.406,141.479,0,0
IPE_MV,D,20120119,000000,139.091,141.479,139.091,139.252,0,0
IPE_MV,D,20120120,000000,140.683,140.683,140.683,140.683,0,0
IPE_MV,D,20120123,000000,140.683,146.252,140.683,146.252,0,0
IPE_MV,D,20120124,000000,140.208,150.069,140.208,146.252,0,0
IPE_MV,D,20120125,000000,146.252,146.252,144.822,145.771,0,0
IPE_MV,D,20120126,000000,144.975,154.369,144.822,150.865,0,0
IPE_MV,D,20120127,000000,157.223,164.53,156.58,156.58,0,0
IPE_MV,D,20120130,000000,155.792,162.15,151.654,162.15,0,0
IPE_MV,D,20120131,000000,163.734,168.026,160.551,163.9,0,0
IPE_MV,D,20120201,000000,154.369,165.324,154.369,164.53,0,0
IPE_MV,D,20120202,000000,163.734,163.734,160.711,162.456,0,0
IPE_MV,D,20120203,000000,160.551,162.945,160.551,162.785,0,0
IPE_MV,D,20120206,000000,160.244,164.368,155.792,155.792,0,0
IPE_MV,D,20120207,000000,159.121,169.624,155.792,169.624,0,0
IPE_MV,D,20120208,000000,165.485,169.624,165.485,168.34,0,0
IPE_MV,D,20120209,000000,165.485,168.34,162.31,162.31,0,0
IPE_MV,D,20120210,000000,158.653,161.829,158.653,160.551,0,0
IPE_MV,D,20120213,000000,157.538,166.763,157.538,162.15,0,0
IPE_MV,D,20120214,000000,162.785,165.324,162.785,165.324,0,0
IPE_MV,D,20120215,000000,164.048,165.324,159.756,159.756,0,0
IPE_MV,D,20120216,000000,157.698,158.982,157.698,158.172,0,0
IPE_MV,D,20120217,000000,162.785,166.923,162.785,166.923,0,0
IPE_MV,D,20120220,000000,168.506,173.281,168.506,172.471,0,0
IPE_MV,D,20120221,000000,173.281,174.266,173.112,174.266,0,0
IPE_MV,D,20120222,000000,170.595,174.266,168.193,168.193,0,0
IPE_MV,D,20120223,000000,166.434,166.587,166.434,166.587,0,0
IPE_MV,D,20120224,000000,170.427,170.427,165.31,170.427,0,0
IPE_MV,D,20120227,000000,165.15,168.981,162.427,167.222,0,0
IPE_MV,D,20120228,000000,167.222,170.266,167.222,170.266,0,0
IPE_MV,D,20120229,000000,170.266,170.266,168.032,168.032,0,0
IPE_MV,D,20120301,000000,166.434,168.032,166.434,168.032,0,0
IPE_MV,D,20120302,000000,169.471,169.471,168.032,168.032,0,0
IPE_MV,D,20120305,000000,163.39,163.39,163.39,163.39,0,0
IPE_MV,D,20120306,000000,163.23,163.23,148.829,159.865,0,0
IPE_MV,D,20120307,000000,157.471,161.463,157.471,161.463,0,0
IPE_MV,D,20120308,000000,161.463,161.463,161.463,161.463,0,0
IPE_MV,D,20120309,000000,161.463,167.222,161.463,167.222,0,0
IPE_MV,D,20120312,000000,168.032,168.032,167.222,167.222,0,0
IPE_MV,D,20120314,000000,167.222,167.222,166.434,166.434,0,0
IPE_MV,D,20120315,000000,166.434,166.434,161.631,161.631,0,0
IPE_MV,D,20120316,000000,161.631,161.631,160.828,160.828,0,0
IPE_MV,D,20120319,000000,157.311,160.828,156.836,156.836,0,0
IPE_MV,D,20120320,000000,159.865,160.033,153.946,153.946,0,0
IPE_MV,D,20120321,000000,153.946,153.946,151.222,151.222,0,0
IPE_MV,D,20120322,000000,145.617,149.631,144.033,144.348,0,0
IPE_MV,D,20120323,000000,151.866,152.027,151.866,152.027,0,0
IPE_MV,D,20120326,000000,152.027,155.865,144.187,144.187,0,0
IPE_MV,D,20120327,000000,147.223,151.07,144.187,151.07,0,0
IPE_MV,D,20120328,000000,150.902,155.069,146.106,155.069,0,0
IPE_MV,D,20120330,000000,147.223,157.632,147.223,157.632,0,0
IPE_MV,D,20120402,000000,157.15,157.15,152.194,152.194,0,0
IPE_MV,D,20120403,000000,152.027,152.194,146.741,147.705,0,0
IPE_MV,D,20120404,000000,149.318,149.318,142.428,143.23,0,0
IPE_MV,D,20120405,000000,142.428,142.428,139.223,139.223,0,0
IPE_MV,D,20120410,000000,136.027,137.617,136.027,137.617,0,0
IPE_MV,D,20120411,000000,140.027,143.704,137.617,137.617,0,0
IPE_MV,D,20120412,000000,138.421,141.624,138.421,140.822,0,0
IPE_MV,D,20120413,000000,141.785,141.785,140.027,140.027,0,0
IPE_MV,D,20120416,000000,140.027,140.027,131.69,133.464,0,0
IPE_MV,D,20120417,000000,139.223,139.223,130.26,130.26,0,0
IPE_MV,D,20120418,000000,132.669,135.544,130.421,130.421,0,0
IPE_MV,D,20120420,000000,129.778,131.055,129.311,131.055,0,0
IPE_MV,D,20120423,000000,131.69,131.69,125.618,126.902,0,0
IPE_MV,D,20120424,000000,126.902,127.391,117.618,126.902,0,0
IPE_MV,D,20120425,000000,120.019,121.617,119.223,120.187,0,0
IPE_MV,D,20120426,000000,127.224,127.224,120.019,126.107,0,0
IPE_MV,D,20120427,000000,125.618,128.026,125.618,128.026,0,0
IPE_MV,D,20120430,000000,131.238,134.428,128.026,134.428,0,0
IPE_MV,D,20120502,000000,129.617,130.589,128.026,130.589,0,0
IPE_MV,D,20120504,000000,135.544,135.544,122.902,122.902,0,0
IPE_MV,D,20120507,000000,118.436,120.019,116.822,120.019,0,0
IPE_MV,D,20120508,000000,126.749,126.749,120.019,120.019,0,0
IPE_MV,D,20120509,000000,120.019,120.019,120.019,120.019,0,0
IPE_MV,D,20120510,000000,116.975,116.975,116.822,116.822,0,0
IPE_MV,D,20120511,000000,114.735,114.735,108.02,112.02,0,0
IPE_MV,D,20120514,000000,108.808,113.618,105.779,110.428,0,0
IPE_MV,D,20120515,000000,113.618,113.618,110.428,111.865,0,0
IPE_MV,D,20120518,000000,110.093,112.02,110.093,112.02,0,0
IPE_MV,D,20120521,000000,108.808,108.808,102.421,106.26,0,0
IPE_MV,D,20120522,000000,106.26,106.26,103.216,103.216,0,0
IPE_MV,D,20120523,000000,97.6183,97.6183,96.013,96.013,0,0
IPE_MV,D,20120524,000000,102.253,102.253,90.4219,94.8948,0,0
IPE_MV,D,20120525,000000,97.4585,100.815,94.5816,95.8513,0,0
IPE_MV,D,20120528,000000,95.8513,102.895,95.8513,97.6183,0,0
IPE_MV,D,20120529,000000,100.655,100.815,96.8227,99.6986,0,0
IPE_MV,D,20120530,000000,98.4205,98.4205,98.2606,98.2606,0,0
IPE_MV,D,20120531,000000,103.064,103.064,93.1371,98.8955,0,0
IPE_MV,D,20120601,000000,97.1443,97.1443,93.4503,96.8227,0,0
IPE_MV,D,20120604,000000,93.6195,95.5306,93.4503,95.5306,0,0
IPE_MV,D,20120605,000000,94.8948,95.5306,88.0198,91.2169,0,0
IPE_MV,D,20120606,000000,93.1371,93.1371,88.0198,92.3483,0,0
IPE_MV,D,20120608,000000,92.3483,100.655,92.3483,98.7356,0,0
IPE_MV,D,20120611,000000,97.6183,105.619,97.6183,105.619,0,0
IPE_MV,D,20120612,000000,97.6183,99.2246,96.013,98.4205,0,0
IPE_MV,D,20120613,000000,103.706,103.706,97.6183,97.6183,0,0
IPE_MV,D,20120614,000000,96.013,103.852,96.013,97.6183,0,0
IPE_MV,D,20120615,000000,96.013,98.4205,95.2164,98.4205,0,0
IPE_MV,D,20120618,000000,102.895,102.895,94.5816,97.4585,0,0
IPE_MV,D,20120619,000000,94.5816,101.458,94.5816,101.458,0,0
IPE_MV,D,20120620,000000,100.815,104.019,97.6183,104.019,0,0
IPE_MV,D,20120621,000000,96.013,103.216,96.013,102.1,0,0
IPE_MV,D,20120622,000000,96.013,98.8955,96.013,98.8955,0,0
IPE_MV,D,20120625,000000,102.1,102.1,94.4142,94.4142,0,0
IPE_MV,D,20120626,000000,96.013,96.013,96.013,96.013,0,0
IPE_MV,D,20120627,000000,96.013,100.502,96.013,99.0638,0,0
IPE_MV,D,20120628,000000,99.0638,100.655,96.3337,100.18,0,0
IPE_MV,D,20120629,000000,98.4205,104.181,97.9399,102.421,0,0
IPE_MV,D,20120702,000000,100.815,108.808,100.815,107.698,0,0
IPE_MV,D,20120703,000000,108.808,111.531,104.83,109.779,0,0
IPE_MV,D,20120704,000000,108.566,109.435,104.939,109.435,0,0
IPE_MV,D,20120705,000000,112.37,112.37,104.757,105.282,0,0
IPE_MV,D,20120706,000000,109.092,109.092,105.282,107.874,0,0
IPE_MV,D,20120709,000000,105.45,105.45,103.195,104.07,0,0
IPE_MV,D,20120710,000000,103.195,104.07,101.289,102.158,0,0
IPE_MV,D,20120711,000000,106.487,107.187,102.158,106.837,0,0
IPE_MV,D,20120716,000000,104.239,104.239,104.239,104.239,0,0
IPE_MV,D,20120718,000000,93.8519,103.888,93.8519,103.888,0,0
IPE_MV,D,20120719,000000,105.45,105.45,105.45,105.45,0,0
IPE_MV,D,20120720,000000,104.757,105.45,95.4061,95.4061,0,0
IPE_MV,D,20120723,000000,95.75,96.2752,95.4061,96.2752,0,0
IPE_MV,D,20120724,000000,98.348,98.5237,98.348,98.5237,0,0
IPE_MV,D,20120725,000000,98.005,98.005,95.9322,95.9322,0,0
IPE_MV,D,20120726,000000,99.9031,99.9031,94.0192,98.5237,0,0
IPE_MV,D,20120727,000000,98.5237,103.721,98.5237,98.6984,0,0
IPE_MV,D,20120730,000000,106.319,106.487,106.319,106.487,0,0
IPE_MV,D,20120731,000000,107.523,107.523,107.012,107.012,0,0
IPE_MV,D,20120801,000000,103.888,107.012,98.348,98.348,0,0
IPE_MV,D,20120802,000000,99.5611,107.874,99.5611,106.837,0,0
IPE_MV,D,20120803,000000,106.487,106.487,106.487,106.487,0,0
IPE_MV,D,20120806,000000,108.049,108.049,107.355,107.706,0,0
IPE_MV,D,20120807,000000,103.888,107.355,103.888,107.355,0,0
IPE_MV,D,20120809,000000,107.355,107.355,107.355,107.355,0,0
IPE_MV,D,20120810,000000,107.355,107.355,107.355,107.355,0,0
IPE_MV,D,20120813,000000,102.341,107.012,102.158,107.012,0,0
IPE_MV,D,20120814,000000,102.158,107.012,102.158,106.319,0,0
IPE_MV,D,20120816,000000,113.063,113.063,102.158,106.487,0,0
IPE_MV,D,20120817,000000,96.0995,106.487,96.0995,104.939,0,0
IPE_MV,D,20120820,000000,105.45,105.45,99.0414,99.3919,0,0
IPE_MV,D,20120821,000000,105.45,105.45,99.3919,105.108,0,0
IPE_MV,D,20120822,000000,104.757,104.757,104.757,104.757,0,0
IPE_MV,D,20120823,000000,103.538,103.538,102.158,102.158,0,0
IPE_MV,D,20120824,000000,100.428,102.158,100.428,101.64,0,0
IPE_MV,D,20120827,000000,101.64,108.049,101.64,108.049,0,0
IPE_MV,D,20120828,000000,106.144,106.319,106.144,106.319,0,0
IPE_MV,D,20120829,000000,108.223,108.223,100.093,107.355,0,0
IPE_MV,D,20120830,000000,100.428,107.355,100.428,106.487,0,0
IPE_MV,D,20120831,000000,107.187,107.187,107.187,107.187,0,0
IPE_MV,D,20120903,000000,106.487,107.187,106.487,107.187,0,0
IPE_MV,D,20120904,000000,105.625,107.187,99.5611,99.5611,0,0
IPE_MV,D,20120905,000000,106.319,106.319,99.5611,105.45,0,0
IPE_MV,D,20120906,000000,102.158,105.45,102.158,102.158,0,0
IPE_MV,D,20120907,000000,102.158,106.319,102.158,105.625,0,0
IPE_MV,D,20120910,000000,105.625,105.625,99.7349,99.7349,0,0
IPE_MV,D,20120911,000000,104.581,104.581,99.7349,104.239,0,0
IPE_MV,D,20120912,000000,99.3919,104.239,97.3116,103.538,0,0
IPE_MV,D,20120913,000000,98.6984,104.581,98.6984,104.581,0,0
IPE_MV,D,20120914,000000,101.64,104.581,101.64,104.581,0,0
IPE_MV,D,20120917,000000,100.428,104.581,100.428,100.428,0,0
IPE_MV,D,20120918,000000,98.5237,101.997,98.5237,101.997,0,0
IPE_MV,D,20120919,000000,98.5237,104.581,97.8368,102.158,0,0
IPE_MV,D,20120920,000000,101.997,101.997,97.8368,101.997,0,0
IPE_MV,D,20120921,000000,103.721,104.581,97.8368,104.581,0,0
IPE_MV,D,20120925,000000,104.581,104.581,104.581,104.581,0,0
IPE_MV,D,20120927,000000,104.757,106.487,104.757,104.757,0,0
IPE_MV,D,20120928,000000,105.625,105.625,104.757,105.625,0,0
IPE_MV,D,20121001,000000,107.187,107.187,102.158,104.757,0,0
IPE_MV,D,20121002,000000,105.625,105.625,102.502,104.939,0,0
IPE_MV,D,20121003,000000,105.625,107.355,104.07,107.355,0,0
IPE_MV,D,20121004,000000,107.355,117.749,106.837,110.991,0,0
IPE_MV,D,20121005,000000,119.479,129.866,118.611,122.931,0,0
IPE_MV,D,20121008,000000,122.931,122.931,121.041,121.041,0,0
IPE_MV,D,20121009,000000,121.041,122.427,117.749,119.479,0,0
IPE_MV,D,20121010,000000,122.931,122.931,118.611,122.238,0,0
IPE_MV,D,20121011,000000,122.771,122.771,118.259,118.259,0,0
IPE_MV,D,20121012,000000,122.771,122.771,118.259,122.427,0,0
IPE_MV,D,20121015,000000,122.596,125.712,121.558,122.07,0,0
IPE_MV,D,20121016,000000,125.537,126.406,122.07,126.215,0,0
IPE_MV,D,20121017,000000,126.406,126.406,120.333,122.931,0,0
IPE_MV,D,20121018,000000,121.201,122.931,119.121,121.201,0,0
IPE_MV,D,20121019,000000,120.172,120.858,118.611,118.611,0,0
IPE_MV,D,20121022,000000,118.611,118.611,112.553,116.012,0,0
IPE_MV,D,20121023,000000,119.479,119.479,114.816,116.012,0,0
IPE_MV,D,20121024,000000,119.479,119.479,119.479,119.479,0,0
IPE_MV,D,20121025,000000,117.749,118.786,115.844,118.786,0,0
IPE_MV,D,20121026,000000,119.479,119.479,117.574,117.574,0,0
IPE_MV,D,20121029,000000,120.333,120.333,117.574,118.611,0,0
IPE_MV,D,20121030,000000,120.333,120.333,116.188,116.188,0,0
IPE_MV,D,20121031,000000,117.749,118.259,117.749,118.259,0,0
IPE_MV,D,20121102,000000,128.136,128.136,115.67,121.201,0,0
IPE_MV,D,20121105,000000,121.201,127.967,121.201,127.967,0,0
IPE_MV,D,20121106,000000,127.618,127.967,122.931,122.931,0,0
IPE_MV,D,20121107,000000,124.494,124.494,114.969,118.961,0,0
IPE_MV,D,20121108,000000,124.326,124.326,124.326,124.326,0,0
IPE_MV,D,20121109,000000,124.151,124.151,116.705,116.705,0,0
IPE_MV,D,20121112,000000,116.705,118.961,110.815,110.815,0,0
IPE_MV,D,20121113,000000,116.88,116.88,115.494,115.494,0,0
IPE_MV,D,20121114,000000,115.143,115.143,113.245,115.143,0,0
IPE_MV,D,20121115,000000,110.304,115.143,110.304,115.143,0,0
IPE_MV,D,20121116,000000,114.625,114.625,114.625,114.625,0,0
IPE_MV,D,20121119,000000,114.625,114.625,114.625,114.625,0,0
IPE_MV,D,20121120,000000,114.625,116.705,114.458,116.705,0,0
IPE_MV,D,20121121,000000,127.785,127.785,116.88,121.728,0,0
IPE_MV,D,20121122,000000,125.019,125.019,122.771,124.836,0,0
IPE_MV,D,20121123,000000,125.019,125.537,122.931,124.683,0,0
IPE_MV,D,20121126,000000,128.136,128.136,124.683,127.785,0,0
IPE_MV,D,20121127,000000,128.997,128.997,128.829,128.829,0,0
IPE_MV,D,20121128,000000,129.69,129.866,123.984,129.172,0,0
IPE_MV,D,20121129,000000,129.69,129.69,125.712,128.136,0,0
IPE_MV,D,20121130,000000,128.136,128.997,127.785,127.785,0,0
IPE_MV,D,20121203,000000,127.785,128.136,127.785,128.136,0,0
IPE_MV,D,20121204,000000,128.136,136.792,128.136,135.056,0,0
IPE_MV,D,20121205,000000,135.238,137.304,130.209,136.624,0,0
IPE_MV,D,20121206,000000,136.624,136.624,136.442,136.442,0,0
IPE_MV,D,20121207,000000,136.624,136.624,129.866,130.209,0,0
IPE_MV,D,20121210,000000,134.712,134.712,128.654,132.296,0,0
IPE_MV,D,20121211,000000,134.545,134.545,128.654,133.333,0,0
IPE_MV,D,20121212,000000,133.333,133.333,127.618,133.333,0,0
IPE_MV,D,20121213,000000,133.844,136.792,133.333,136.792,0,0
IPE_MV,D,20121214,000000,135.056,146.836,134.712,138.529,0,0
IPE_MV,D,20121217,000000,145.274,145.617,134.712,143.719,0,0
IPE_MV,D,20121218,000000,143.719,145.106,139.559,144.756,0,0
IPE_MV,D,20121219,000000,145.449,145.449,143.719,143.719,0,0
IPE_MV,D,20121220,000000,145.106,145.106,139.559,144.923,0,0
IPE_MV,D,20121221,000000,140.778,144.405,136.792,144.405,0,0
IPE_MV,D,20121227,000000,144.244,154.106,144.244,153.938,0,0
IPE_MV,D,20121228,000000,153.938,153.938,153.755,153.938,0,0
IPE_MV,D,20130102,000000,153.938,155.843,153.938,153.938,0,0
IPE_MV,D,20130103,000000,164.324,164.324,155.843,158.259,0,0
IPE_MV,D,20130104,000000,160.865,160.865,154.106,159.309,0,0
IPE_MV,D,20130107,000000,160.865,161.025,150.47,156.018,0,0
IPE_MV,D,20130108,000000,160.682,160.682,157.567,157.567,0,0
IPE_MV,D,20130109,000000,159.309,159.309,154.974,158.259,0,0
IPE_MV,D,20130110,000000,160.682,160.682,157.567,157.567,0,0
IPE_MV,D,20130111,000000,159.309,159.989,157.567,157.567,0,0
IPE_MV,D,20130114,000000,160.171,162.77,157.567,162.77,0,0
IPE_MV,D,20130115,000000,162.77,162.77,158.609,159.638,0,0
IPE_MV,D,20130117,000000,156.018,159.309,156.018,159.309,0,0
IPE_MV,D,20130118,000000,161.025,161.025,152.376,158.259,0,0
IPE_MV,D,20130121,000000,158.092,158.435,155.843,155.843,0,0
IPE_MV,D,20130122,000000,153.406,155.843,150.47,150.996,0,0
IPE_MV,D,20130123,000000,153.938,155.485,153.938,155.485,0,0
IPE_MV,D,20130124,000000,155.485,155.485,148.901,148.901,0,0
IPE_MV,D,20130125,000000,153.938,153.938,146.494,151.857,0,0
IPE_MV,D,20130128,000000,152.201,154.106,147.705,151.857,0,0
IPE_MV,D,20130129,000000,149.099,152.902,149.099,151.857,0,0
IPE_MV,D,20130130,000000,149.099,152.376,149.099,152.376,0,0
IPE_MV,D,20130131,000000,155.325,155.325,148.558,154.106,0,0
IPE_MV,D,20130201,000000,153.755,154.106,152.376,152.552,0,0
IPE_MV,D,20130204,000000,153.069,153.252,147.705,153.069,0,0
IPE_MV,D,20130205,000000,152.902,152.902,152.376,152.376,0,0
IPE_MV,D,20130206,000000,153.069,153.069,152.376,152.376,0,0
IPE_MV,D,20130207,000000,153.069,153.069,152.376,152.376,0,0
IPE_MV,D,20130208,000000,153.069,153.069,146.15,152.376,0,0
IPE_MV,D,20130211,000000,152.376,153.069,149.771,153.069,0,0
IPE_MV,D,20130212,000000,154.106,154.106,149.771,154.106,0,0
IPE_MV,D,20130213,000000,154.106,163.624,152.902,163.624,0,0
IPE_MV,D,20130214,000000,156.529,163.624,156.529,161.025,0,0
IPE_MV,D,20130215,000000,161.025,161.025,156.529,156.529,0,0
IPE_MV,D,20130218,000000,162.77,162.77,152.376,152.376,0,0
IPE_MV,D,20130219,000000,156.529,156.529,152.027,152.376,0,0
IPE_MV,D,20130220,000000,152.376,154.456,150.647,154.273,0,0
IPE_MV,D,20130221,000000,152.376,163.544,150.303,163.544,0,0
IPE_MV,D,20130222,000000,156.749,163.544,153.792,159.244,0,0
IPE_MV,D,20130225,000000,163.609,163.609,163.609,163.609,0,0
IPE_MV,D,20130226,000000,162.909,162.909,158.552,158.552,0,0
IPE_MV,D,20130227,000000,156.815,156.815,153.318,154.193,0,0
IPE_MV,D,20130228,000000,151.581,162.741,151.581,154.369,0,0
IPE_MV,D,20130301,000000,153.676,162.039,153.676,162.039,0,0
IPE_MV,D,20130304,000000,161.865,161.865,156.982,161.164,0,0
IPE_MV,D,20130305,000000,158.552,160.297,155.069,160.12,0,0
IPE_MV,D,20130306,000000,160.12,160.12,155.069,158.033,0,0
IPE_MV,D,20130307,000000,159.084,159.084,155.938,157.857,0,0
IPE_MV,D,20130308,000000,159.42,159.954,155.069,155.069,0,0
IPE_MV,D,20130311,000000,159.954,159.954,154.718,158.376,0,0
IPE_MV,D,20130312,000000,158.376,158.376,155.938,157.689,0,0
IPE_MV,D,20130313,000000,157.689,158.376,155.763,157.689,0,0
IPE_MV,D,20130314,000000,158.552,162.909,155.938,162.909,0,0
IPE_MV,D,20130315,000000,162.909,163.793,162.909,163.609,0,0
IPE_MV,D,20130318,000000,163.793,163.793,163.435,163.435,0,0
IPE_MV,D,20130319,000000,160.297,163.259,156.815,162.039,0,0
IPE_MV,D,20130320,000000,156.982,162.909,156.982,162.909,0,0
IPE_MV,D,20130321,000000,160.989,160.989,149.142,151.42,0,0
IPE_MV,D,20130322,000000,154.902,154.902,148.099,149.85,0,0
IPE_MV,D,20130325,000000,144.61,151.581,144.61,148.099,0,0
IPE_MV,D,20130326,000000,147.917,147.917,139.559,146.18,0,0
IPE_MV,D,20130327,000000,145.311,146.18,134.683,146.18,0,0
IPE_MV,D,20130328,000000,143.573,143.573,138.172,143.405,0,0
IPE_MV,D,20130402,000000,136.252,144.61,136.252,136.421,0,0
IPE_MV,D,20130403,000000,146.361,146.361,131.201,132.245,0,0
IPE_MV,D,20130404,000000,128.405,132.07,124.581,127.53,0,0
IPE_MV,D,20130405,000000,136.771,136.771,125.976,130.5,0,0
IPE_MV,D,20130408,000000,137.478,137.478,126.851,128.939,0,0
IPE_MV,D,20130409,000000,136.603,136.603,125.449,129.115,0,0
IPE_MV,D,20130410,000000,124.741,130.669,124.741,127.195,0,0
IPE_MV,D,20130411,000000,139.383,139.383,125.618,130.5,0,0
IPE_MV,D,20130412,000000,127.369,132.07,127.195,130.669,0,0
IPE_MV,D,20130415,000000,126.661,126.661,126.661,126.661,0,0
IPE_MV,D,20130417,000000,130.669,130.669,123.362,128.939,0,0
IPE_MV,D,20130418,000000,128.939,130.669,128.939,130.669,0,0
IPE_MV,D,20130419,000000,130.669,130.669,121.961,121.961,0,0
IPE_MV,D,20130422,000000,130.5,130.5,125.275,126.319,0,0
IPE_MV,D,20130423,000000,127.195,127.195,127.195,127.195,0,0
IPE_MV,D,20130424,000000,131.026,131.026,122.486,127.195,0,0
IPE_MV,D,20130425,000000,130.5,130.5,125.793,130.5,0,0
IPE_MV,D,20130426,000000,131.026,132.245,131.026,132.245,0,0
IPE_MV,D,20130429,000000,132.245,132.245,132.245,132.245,0,0
IPE_MV,D,20130430,000000,135.383,135.383,132.245,132.245,0,0
IPE_MV,D,20130502,000000,139.217,139.217,130.669,130.669,0,0
IPE_MV,D,20130506,000000,130.669,130.669,127.195,127.369,0,0
IPE_MV,D,20130507,000000,127.195,128.757,127.195,128.757,0,0
IPE_MV,D,20130508,000000,130.669,130.669,127.195,130.669,0,0
IPE_MV,D,20130509,000000,130.669,130.669,127.195,130.669,0,0
IPE_MV,D,20130510,000000,130.669,130.669,130.669,130.669,0,0
IPE_MV,D,20130513,000000,131.552,131.552,130.669,130.669,0,0
IPE_MV,D,20130514,000000,130.669,130.669,130.5,130.5,0,0
IPE_MV,D,20130515,000000,130.5,130.5,130.5,130.5,0,0
IPE_MV,D,20130516,000000,130.5,130.5,130.5,130.5,0,0
IPE_MV,D,20130517,000000,130.5,138.522,125.449,130.669,0,0
IPE_MV,D,20130520,000000,137.639,137.639,129.115,129.115,0,0
IPE_MV,D,20130521,000000,133.982,133.982,132.42,132.42,0,0
IPE_MV,D,20130522,000000,135.034,135.902,135.034,135.902,0,0
IPE_MV,D,20130523,000000,138.172,142.873,135.902,140.26,0,0
IPE_MV,D,20130524,000000,137.639,143.748,137.639,143.748,0,0
IPE_MV,D,20130527,000000,144.092,149.85,144.092,148.099,0,0
IPE_MV,D,20130528,000000,151.42,151.42,148.099,148.099,0,0
IPE_MV,D,20130529,000000,148.099,148.099,148.099,148.099,0,0
IPE_MV,D,20130531,000000,151.42,151.581,151.42,151.581,0,0
IPE_MV,D,20130603,000000,156.815,156.815,144.793,144.793,0,0
IPE_MV,D,20130604,000000,145.493,151.231,144.61,144.793,0,0
IPE_MV,D,20130605,000000,145.661,145.661,139.559,139.559,0,0
IPE_MV,D,20130606,000000,145.661,145.661,140.61,143.748,0,0
IPE_MV,D,20130607,000000,144.61,148.099,144.092,148.099,0,0
IPE_MV,D,20130610,000000,148.099,154.193,148.099,154.193,0,0
IPE_MV,D,20130611,000000,153.844,153.844,150.887,150.887,0,0
IPE_MV,D,20130612,000000,154.193,156.632,150.887,154.193,0,0
IPE_MV,D,20130613,000000,154.026,154.026,153.15,154.026,0,0
IPE_MV,D,20130614,000000,153.676,154.026,153.507,153.676,0,0
IPE_MV,D,20130617,000000,153.844,153.844,153.15,153.15,0,0
IPE_MV,D,20130618,000000,153.844,153.844,153.15,153.15,0,0
IPE_MV,D,20130619,000000,153.676,153.676,152.967,152.967,0,0
IPE_MV,D,20130620,000000,153.507,153.507,141.997,149.85,0,0
IPE_MV,D,20130621,000000,153.676,153.676,149.85,149.85,0,0
IPE_MV,D,20130624,000000,152.967,152.967,146.529,150.544,0,0
IPE_MV,D,20130625,000000,151.581,152.464,139.383,152.464,0,0
IPE_MV,D,20130626,000000,153.318,153.318,147.917,153.318,0,0
IPE_MV,D,20130627,000000,153.15,153.318,139.742,139.742,0,0
IPE_MV,D,20130628,000000,147.917,147.917,139.742,139.909,0,0
IPE_MV,D,20130701,000000,147.581,147.581,144.442,145.311,0,0
IPE_MV,D,20130702,000000,144.61,144.61,135.902,141.997,0,0
IPE_MV,D,20130703,000000,146.88,146.88,139.383,146.88,0,0
IPE_MV,D,20130704,000000,148.099,151.931,140.442,151.931,0,0
IPE_MV,D,20130705,000000,152.106,152.106,149.318,152.106,0,0
IPE_MV,D,20130708,000000,152.106,152.106,149.5,149.66,0,0
IPE_MV,D,20130709,000000,149.85,149.85,142.873,148.975,0,0
IPE_MV,D,20130710,000000,149.85,149.85,145.136,145.661,0,0
IPE_MV,D,20130711,000000,149.85,149.85,148.099,149.85,0,0
IPE_MV,D,20130712,000000,149.85,149.85,149.85,149.85,0,0
IPE_MV,D,20130715,000000,147.917,150.004,147.748,150.004,0,0
IPE_MV,D,20130716,000000,150.712,150.712,147.406,150.712,0,0
IPE_MV,D,20130717,000000,150.712,150.712,139.559,139.559,0,0
IPE_MV,D,20130718,000000,139.909,139.909,139.909,139.909,0,0
IPE_MV,D,20130719,000000,140.26,142.873,140.085,140.085,0,0
IPE_MV,D,20130722,000000,150.544,150.544,141.997,141.997,0,0
IPE_MV,D,20130723,000000,149.85,149.85,139.383,142.347,0,0
IPE_MV,D,20130724,000000,142.873,142.873,139.034,142.873,0,0
IPE_MV,D,20130725,000000,143.748,143.748,143.748,143.748,0,0
IPE_MV,D,20130726,000000,146.18,146.361,144.61,144.61,0,0
IPE_MV,D,20130729,000000,147.917,147.917,139.559,144.267,0,0
IPE_MV,D,20130730,000000,145.311,145.311,135.383,135.383,0,0
IPE_MV,D,20130731,000000,141.136,141.136,133.289,133.289,0,0
IPE_MV,D,20130801,000000,140.954,140.954,134.333,134.333,0,0
IPE_MV,D,20130802,000000,142.873,142.873,141.654,141.654,0,0
IPE_MV,D,20130805,000000,141.821,141.821,141.654,141.821,0,0
IPE_MV,D,20130807,000000,140.785,140.785,140.785,140.785,0,0
IPE_MV,D,20130808,000000,139.383,140.26,135.034,140.26,0,0
IPE_MV,D,20130809,000000,131.713,140.26,130.669,131.713,0,0
IPE_MV,D,20130812,000000,131.713,134.683,130.844,134.508,0,0
IPE_MV,D,20130813,000000,135.902,135.902,132.42,135.559,0,0
IPE_MV,D,20130814,000000,134.858,136.771,134.165,136.771,0,0
IPE_MV,D,20130816,000000,136.771,136.953,135.726,136.953,0,0
IPE_MV,D,20130819,000000,136.953,136.953,134.165,135.902,0,0
IPE_MV,D,20130820,000000,135.902,135.902,134.165,135.902,0,0
IPE_MV,D,20130821,000000,137.128,141.654,134.165,134.165,0,0
IPE_MV,D,20130822,000000,140.785,140.785,132.42,136.771,0,0
IPE_MV,D,20130823,000000,136.771,136.771,124.581,127.195,0,0
IPE_MV,D,20130826,000000,128.939,128.939,124.581,125.449,0,0
IPE_MV,D,20130827,000000,128.757,128.757,123.705,123.705,0,0
IPE_MV,D,20130828,000000,122.836,128.757,122.836,128.757,0,0
IPE_MV,D,20130829,000000,128.757,133.464,128.757,133.464,0,0
IPE_MV,D,20130830,000000,133.633,133.633,126.661,126.661,0,0
IPE_MV,D,20130902,000000,131.201,131.201,130.5,130.5,0,0
IPE_MV,D,20130903,000000,131.37,131.37,131.201,131.37,0,0
IPE_MV,D,20130904,000000,131.37,131.37,125.449,125.449,0,0
IPE_MV,D,20130905,000000,125.449,125.449,115.516,115.516,0,0
IPE_MV,D,20130906,000000,120.924,120.924,115.516,119.341,0,0
IPE_MV,D,20130909,000000,130.5,130.5,121.961,121.961,0,0
IPE_MV,D,20130910,000000,129.807,129.807,125.976,125.976,0,0
IPE_MV,D,20130911,000000,125.976,126.661,118.655,126.661,0,0
IPE_MV,D,20130912,000000,126.319,126.661,123.705,126.15,0,0
IPE_MV,D,20130913,000000,126.319,126.319,126.319,126.319,0,0
IPE_MV,D,20130916,000000,126.319,126.319,120.399,120.399,0,0
IPE_MV,D,20130917,000000,124.581,124.581,114.289,114.289,0,0
IPE_MV,D,20130918,000000,120.924,120.924,116.559,116.742,0,0
IPE_MV,D,20130919,000000,117.611,117.611,114.473,116.559,0,0
IPE_MV,D,20130920,000000,114.998,115.873,111.507,111.507,0,0
IPE_MV,D,20130923,000000,113.26,113.26,108.202,108.202,0,0
IPE_MV,D,20130924,000000,108.202,113.078,108.202,113.078,0,0
IPE_MV,D,20130925,000000,111.165,113.078,110.297,112.027,0,0
IPE_MV,D,20130926,000000,109.772,112.91,108.202,112.91,0,0
IPE_MV,D,20130927,000000,113.078,113.078,107.152,111.507,0,0
IPE_MV,D,20130930,000000,113.078,113.078,107.152,111.165,0,0
IPE_MV,D,20131001,000000,113.078,113.078,107.152,107.152,0,0
IPE_MV,D,20131002,000000,113.078,113.078,108.02,109.071,0,0
IPE_MV,D,20131003,000000,112.91,113.078,109.071,112.91,0,0
IPE_MV,D,20131004,000000,113.078,117.611,113.078,117.611,0,0
IPE_MV,D,20131007,000000,118.655,118.655,115.173,116.742,0,0
IPE_MV,D,20131008,000000,116.216,117.26,115.873,115.873,0,0
IPE_MV,D,20131009,000000,118.48,120.048,116.742,116.742,0,0
IPE_MV,D,20131010,000000,118.48,122.662,116.742,122.662,0,0
IPE_MV,D,20131011,000000,123.187,123.187,121.8,121.8,0,0
IPE_MV,D,20131014,000000,121.8,121.8,120.223,120.223,0,0
IPE_MV,D,20131015,000000,122.662,123.53,120.223,121.961,0,0
IPE_MV,D,20131016,000000,121.961,122.311,119.874,122.311,0,0
IPE_MV,D,20131017,000000,122.836,129.115,121.961,129.115,0,0
IPE_MV,D,20131018,000000,129.807,130.669,125.976,128.939,0,0
IPE_MV,D,20131021,000000,128.939,132.939,127.888,132.42,0,0
IPE_MV,D,20131022,000000,133.633,133.633,129.458,132.771,0,0
IPE_MV,D,20131023,000000,133.289,133.633,132.939,132.939,0,0
IPE_MV,D,20131024,000000,132.771,132.771,129.458,132.245,0,0
IPE_MV,D,20131025,000000,132.42,135.902,128.939,135.902,0,0
IPE_MV,D,20131028,000000,135.902,156.815,135.902,143.748,0,0
IPE_MV,D,20131029,000000,143.748,151.063,143.748,150.362,0,0
IPE_MV,D,20131030,000000,148.793,150.362,148.457,148.457,0,0
IPE_MV,D,20131031,000000,152.281,152.281,147.406,150.362,0,0
IPE_MV,D,20131104,000000,150.362,154.718,150.362,151.581,0,0
IPE_MV,D,20131105,000000,151.581,151.581,151.42,151.42,0,0
IPE_MV,D,20131106,000000,152.464,154.193,149.66,149.66,0,0
IPE_MV,D,20131107,000000,149.66,149.66,141.479,142.873,0,0
IPE_MV,D,20131108,000000,146.361,146.361,140.26,140.26,0,0
IPE_MV,D,20131112,000000,139.383,144.442,138.691,144.442,0,0
IPE_MV,D,20131113,000000,148.457,148.457,147.055,147.055,0,0
IPE_MV,D,20131114,000000,146.88,146.88,144.61,144.61,0,0
IPE_MV,D,20131115,000000,144.61,144.61,139.559,140.954,0,0
IPE_MV,D,20131118,000000,144.61,145.493,141.997,144.953,0,0
IPE_MV,D,20131119,000000,146.18,146.18,144.267,145.661,0,0
IPE_MV,D,20131120,000000,145.493,159.244,145.493,155.069,0,0
IPE_MV,D,20131121,000000,160.297,160.297,151.763,155.245,0,0
IPE_MV,D,20131122,000000,155.245,155.245,143.405,148.099,0,0
IPE_MV,D,20131125,000000,147.748,148.099,146.004,146.361,0,0
IPE_MV,D,20131126,000000,153.318,153.318,147.581,147.581,0,0
IPE_MV,D,20131127,000000,142.873,149.85,142.873,149.85,0,0
IPE_MV,D,20131128,000000,145.136,152.464,145.136,152.464,0,0
IPE_MV,D,20131129,000000,153.15,153.15,146.18,150.362,0,0
IPE_MV,D,20131202,000000,155.069,155.069,145.661,148.975,0,0
IPE_MV,D,20131203,000000,155.069,155.069,142.873,147.917,0,0
IPE_MV,D,20131204,000000,149.85,149.85,142.179,147.055,0,0
IPE_MV,D,20131205,000000,149.85,149.85,137.639,137.639,0,0
IPE_MV,D,20131206,000000,144.267,144.267,136.421,139.383,0,0
IPE_MV,D,20131209,000000,137.639,143.041,136.603,142.347,0,0
IPE_MV,D,20131210,000000,142.347,142.347,136.603,142.347,0,0
IPE_MV,D,20131211,000000,142.347,142.347,136.421,141.136,0,0
IPE_MV,D,20131212,000000,141.136,141.136,136.078,141.136,0,0
IPE_MV,D,20131213,000000,142.179,142.179,136.771,141.136,0,0
IPE_MV,D,20131216,000000,141.136,141.136,128.939,138.172,0,0
IPE_MV,D,20131217,000000,141.136,141.136,132.939,132.939,0,0
IPE_MV,D,20131218,000000,123.013,132.939,123.013,124.741,0,0
IPE_MV,D,20131219,000000,124.741,135.559,124.741,132.07,0,0
IPE_MV,D,20131220,000000,133.982,136.603,125.618,131.713,0,0
IPE_MV,D,20131223,000000,132.42,135.902,131.713,134.508,0,0
IPE_MV,D,20131227,000000,134.508,139.383,130.669,136.421,0,0
IPE_MV,D,20131230,000000,141.997,141.997,133.815,133.815,0,0
IPE_MV,D,20140102,000000,138.691,140.61,137.639,137.639,0,0
IPE_MV,D,20140103,000000,137.639,137.639,137.639,137.639,0,0
IPE_MV,D,20140107,000000,137.639,137.639,132.42,136.771,0,0
IPE_MV,D,20140108,000000,130.669,133.982,129.807,130.669,0,0
IPE_MV,D,20140109,000000,136.603,136.603,129.807,132.245,0,0
IPE_MV,D,20140110,000000,126.319,135.559,126.319,132.245,0,0
IPE_MV,D,20140113,000000,128.062,128.939,121.267,127.195,0,0
IPE_MV,D,20140114,000000,126.319,128.062,121.267,126.319,0,0
IPE_MV,D,20140115,000000,132.939,133.128,125.976,125.976,0,0
IPE_MV,D,20140116,000000,132.939,132.939,129.632,129.632,0,0
IPE_MV,D,20140117,000000,130.669,131.552,125.618,128.581,0,0
IPE_MV,D,20140120,000000,129.807,133.128,127.195,130.669,0,0
IPE_MV,D,20140121,000000,133.289,133.289,126.661,130.669,0,0
IPE_MV,D,20140122,000000,132.42,132.939,127.53,128.062,0,0
IPE_MV,D,20140123,000000,132.07,132.07,126.661,127.713,0,0
IPE_MV,D,20140124,000000,129.632,129.632,125.618,128.581,0,0
IPE_MV,D,20140127,000000,129.632,129.632,123.887,128.581,0,0
IPE_MV,D,20140128,000000,128.939,128.939,127.195,127.195,0,0
IPE_MV,D,20140129,000000,128.757,128.757,125.618,125.618,0,0
IPE_MV,D,20140130,000000,128.757,128.757,125.618,128.757,0,0
IPE_MV,D,20140131,000000,128.757,128.757,125.449,128.757,0,0
IPE_MV,D,20140203,000000,128.757,128.757,125.449,126.319,0,0
IPE_MV,D,20140204,000000,123.013,128.757,121.267,121.267,0,0
IPE_MV,D,20140205,000000,127.195,128.062,126.319,128.062,0,0
IPE_MV,D,20140206,000000,128.757,128.757,125.618,125.618,0,0
IPE_MV,D,20140207,000000,128.939,128.939,123.013,123.187,0,0
IPE_MV,D,20140210,000000,127.195,127.195,126.851,126.851,0,0
IPE_MV,D,20140211,000000,127.888,127.888,124.056,124.056,0,0
IPE_MV,D,20140212,000000,125.618,128.405,125.449,127.369,0,0
IPE_MV,D,20140213,000000,127.713,128.062,127.369,127.888,0,0
IPE_MV,D,20140214,000000,127.195,128.062,127.195,127.888,0,0
IPE_MV,D,20140217,000000,125.449,129.282,125.449,128.757,0,0
IPE_MV,D,20140218,000000,128.757,128.757,126.319,128.238,0,0
IPE_MV,D,20140219,000000,128.405,129.115,126.851,129.115,0,0
IPE_MV,D,20140220,000000,128.939,128.939,122.662,127.195,0,0
IPE_MV,D,20140221,000000,128.757,128.757,127.713,128.405,0,0
IPE_MV,D,20140224,000000,127.195,128.405,127.195,128.062,0,0
IPE_MV,D,20140225,000000,128.238,128.757,128.062,128.062,0,0
IPE_MV,D,20140226,000000,128.062,128.757,118.655,118.655,0,0
IPE_MV,D,20140227,000000,119.18,125.099,118.128,120.399,0,0
IPE_MV,D,20140228,000000,128.581,128.581,111.507,120.223,0,0
IPE_MV,D,20140303,000000,118.48,118.48,106.64,117.961,0,0
IPE_MV,D,20140304,000000,108.202,120.742,108.202,113.26,0,0
IPE_MV,D,20140305,000000,120.567,120.567,113.26,113.26,0,0
IPE_MV,D,20140306,000000,119.874,119.874,108.895,116.216,0,0
IPE_MV,D,20140307,000000,119.18,119.18,111.334,116.216,0,0
IPE_MV,D,20140310,000000,114.822,120.924,113.078,116.742,0,0
IPE_MV,D,20140311,000000,119.18,119.18,113.26,114.998,0,0
IPE_MV,D,20140312,000000,116.742,116.742,111.507,111.507,0,0
IPE_MV,D,20140313,000000,115.873,115.873,114.822,114.822,0,0
IPE_MV,D,20140314,000000,115.873,115.873,111.165,111.165,0,0
IPE_MV,D,20140317,000000,115.873,115.873,107.152,111.165,0,0
IPE_MV,D,20140318,000000,115.873,115.873,109.772,109.772,0,0
IPE_MV,D,20140319,000000,108.895,114.998,108.895,114.121,0,0
IPE_MV,D,20140320,000000,114.822,114.822,112.376,112.376,0,0
IPE_MV,D,20140321,000000,113.26,113.26,112.735,112.735,0,0
IPE_MV,D,20140324,000000,113.26,113.26,112.735,112.735,0,0
IPE_MV,D,20140325,000000,114.121,114.121,109.772,112.376,0,0
IPE_MV,D,20140326,000000,113.26,113.26,108.552,111.334,0,0
IPE_MV,D,20140327,000000,119.874,119.874,109.772,112.027,0,0
IPE_MV,D,20140328,000000,110.982,110.982,110.982,110.982,0,0
IPE_MV,D,20140331,000000,109.946,112.376,105.757,112.376,0,0
IPE_MV,D,20140401,000000,113.26,113.26,111.507,111.507,0,0
IPE_MV,D,20140402,000000,113.26,113.26,107.509,107.509,0,0
IPE_MV,D,20140403,000000,110.457,110.457,107.509,108.72,0,0
IPE_MV,D,20140404,000000,110.457,110.457,110.297,110.297,0,0
IPE_MV,D,20140407,000000,110.297,112.209,110.297,112.209,0,0
IPE_MV,D,20140408,000000,112.209,112.376,105.398,112.209,0,0
IPE_MV,D,20140409,000000,112.209,112.209,111.165,111.165,0,0
IPE_MV,D,20140410,000000,111.691,111.691,107.152,110.648,0,0
IPE_MV,D,20140411,000000,109.772,109.772,107.152,107.152,0,0
IPE_MV,D,20140414,000000,111.507,111.507,107.152,107.152,0,0
IPE_MV,D,20140415,000000,109.772,109.772,109.421,109.421,0,0
IPE_MV,D,20140416,000000,112.027,112.027,104.721,106.976,0,0
IPE_MV,D,20140417,000000,109.772,109.772,101.231,101.231,0,0
IPE_MV,D,20140422,000000,101.231,104.37,97.5746,104.37,0,0
IPE_MV,D,20140423,000000,104.187,104.544,104.187,104.37,0,0
IPE_MV,D,20140424,000000,104.544,104.544,101.231,104.187,0,0
IPE_MV,D,20140425,000000,104.37,104.37,100.18,104.187,0,0
IPE_MV,D,20140428,000000,104.187,104.37,103.669,103.669,0,0
IPE_MV,D,20140429,000000,104.187,104.187,100.18,100.18,0,0
IPE_MV,D,20140430,000000,100.004,100.18,97.5746,99.3194,0,0
IPE_MV,D,20140502,000000,100.004,102.794,90.7788,102.794,0,0
IPE_MV,D,20140505,000000,101.057,103.494,99.8306,99.8306,0,0
IPE_MV,D,20140506,000000,103.494,103.494,99.8306,103.494,0,0
IPE_MV,D,20140507,000000,102.625,102.625,97.7429,101.057,0,0
IPE_MV,D,20140508,000000,101.057,102.625,101.057,101.588,0,0
IPE_MV,D,20140509,000000,102.275,102.275,96.5308,96.5308,0,0
IPE_MV,D,20140512,000000,97.5746,103.494,91.9983,93.5665,0,0
IPE_MV,D,20140513,000000,93.5665,93.5665,91.9983,91.9983,0,0
IPE_MV,D,20140514,000000,87.4654,95.4795,87.4654,94.9543,0,0
IPE_MV,D,20140515,000000,95.6552,95.6552,92.356,95.6552,0,0
IPE_MV,D,20140516,000000,95.8299,95.8299,93.217,95.6552,0,0
IPE_MV,D,20140519,000000,95.8299,95.8299,92.6915,95.8299,0,0
IPE_MV,D,20140520,000000,95.3038,95.3038,93.217,93.9104,0,0
IPE_MV,D,20140521,000000,95.3038,95.3038,89.7279,95.1291,0,0
IPE_MV,D,20140522,000000,95.3038,95.4795,95.3038,95.4795,0,0
IPE_MV,D,20140523,000000,95.4795,103.494,95.4795,98.968,0,0
IPE_MV,D,20140526,000000,100.18,101.057,100.18,101.057,0,0
IPE_MV,D,20140527,000000,98.0924,102.275,98.0924,100.705,0,0
IPE_MV,D,20140528,000000,101.757,101.757,96.1803,97.5746,0,0
IPE_MV,D,20140529,000000,101.057,101.057,95.8299,97.5746,0,0
IPE_MV,D,20140530,000000,101.057,101.057,94.2609,100.538,0,0
IPE_MV,D,20140602,000000,100.538,100.538,97.7429,97.7429,0,0
IPE_MV,D,20140603,000000,100.004,100.004,99.3194,100.004,0,0
IPE_MV,D,20140604,000000,100.004,100.004,99.8306,99.8306,0,0
IPE_MV,D,20140605,000000,100.004,100.004,99.1297,100.004,0,0
IPE_MV,D,20140606,000000,98.2681,100.004,98.2681,100.004,0,0
IPE_MV,D,20140609,000000,98.4428,100.004,98.4428,99.1297,0,0
IPE_MV,D,20140610,000000,99.4858,99.4858,99.4858,99.4858,0,0
IPE_MV,D,20140611,000000,99.8306,99.8306,98.0924,98.2681,0,0
IPE_MV,D,20140612,000000,99.6689,99.6689,97.7429,99.6689,0,0
IPE_MV,D,20140613,000000,99.6689,99.6689,97.3999,97.3999,0,0
IPE_MV,D,20140616,000000,97.3999,97.3999,96.8747,97.3999,0,0
IPE_MV,D,20140617,000000,97.3999,97.3999,96.8747,97.3999,0,0
IPE_MV,D,20140618,000000,97.3999,97.3999,97.2168,97.2168,0,0
IPE_MV,D,20140620,000000,97.3999,98.4428,97.3999,98.4428,0,0
IPE_MV,D,20140623,000000,103.414,103.961,102.304,103.961,0,0
IPE_MV,D,20140624,000000,102.304,103.223,102.304,103.049,0,0
IPE_MV,D,20140625,000000,102.86,102.86,96.5958,102.48,0,0
IPE_MV,D,20140626,000000,102.86,102.86,101.384,101.94,0,0
IPE_MV,D,20140627,000000,101.757,101.757,101.019,101.202,0,0
IPE_MV,D,20140630,000000,101.202,104.706,100.465,100.465,0,0
IPE_MV,D,20140701,000000,104.515,104.515,100.465,103.778,0,0
IPE_MV,D,20140702,000000,103.778,103.778,96.0567,101.019,0,0
IPE_MV,D,20140703,000000,103.778,103.778,101.019,101.019,0,0
IPE_MV,D,20140704,000000,103.778,105.801,103.778,104.887,0,0
IPE_MV,D,20140707,000000,104.887,104.887,102.122,102.122,0,0
IPE_MV,D,20140708,000000,105.801,105.801,103.961,103.961,0,0
IPE_MV,D,20140709,000000,103.596,103.596,103.596,103.596,0,0
IPE_MV,D,20140710,000000,103.596,103.596,99.7274,103.049,0,0
IPE_MV,D,20140711,000000,103.596,103.596,103.049,103.049,0,0
IPE_MV,D,20140714,000000,103.049,103.049,103.049,103.049,0,0
IPE_MV,D,20140715,000000,99.1725,99.7274,96.976,99.7274,0,0
IPE_MV,D,20140716,000000,101.202,101.202,96.2305,98.4428,0,0
IPE_MV,D,20140717,000000,101.202,101.202,96.422,96.422,0,0
IPE_MV,D,20140718,000000,101.202,101.202,95.6905,97.7057,0,0
IPE_MV,D,20140721,000000,103.596,103.596,94.3994,94.3994,0,0
IPE_MV,D,20140722,000000,101.202,101.202,92.1797,96.2305,0,0
IPE_MV,D,20140723,000000,100.836,100.836,93.1138,93.1138,0,0
IPE_MV,D,20140724,000000,100.836,100.836,92.925,92.925,0,0
IPE_MV,D,20140725,000000,88.3262,96.5958,88.3262,88.6916,0,0
IPE_MV,D,20140728,000000,95.6905,95.6905,84.0859,86.4872,0,0
IPE_MV,D,20140729,000000,95.1291,95.1291,87.3994,89.4284,0,0
IPE_MV,D,20140730,000000,95.1291,95.1291,89.9838,90.1661,0,0
IPE_MV,D,20140731,000000,90.1661,95.1291,86.4872,95.1291,0,0
IPE_MV,D,20140801,000000,95.1291,95.1291,93.8444,93.8444,0,0
IPE_MV,D,20140804,000000,93.8444,93.8444,93.8444,93.8444,0,0
IPE_MV,D,20140805,000000,95.1291,95.1291,95.1291,95.1291,0,0
IPE_MV,D,20140806,000000,95.1291,95.1291,87.3994,91.0783,0,0
IPE_MV,D,20140807,000000,86.4872,90.1661,85.1876,85.1876,0,0
IPE_MV,D,20140808,000000,91.0783,91.0783,87.3994,88.3262,0,0
IPE_MV,D,20140811,000000,88.1371,88.1371,85.0128,86.2972,0,0
IPE_MV,D,20140812,000000,88.1371,88.1371,83.728,85.3779,0,0
IPE_MV,D,20140813,000000,88.1371,88.1371,83.5459,86.4872,0,0
IPE_MV,D,20140814,000000,86.4872,86.4872,83.5459,85.5601,0,0
IPE_MV,D,20140818,000000,85.5601,85.5601,83.5459,85.3779,0,0
IPE_MV,D,20140819,000000,86.2972,86.2972,83.5459,85.3779,0,0
IPE_MV,D,20140820,000000,85.3779,85.3779,81.6991,84.0859,0,0
IPE_MV,D,20140821,000000,85.3779,85.3779,82.4359,82.801,0,0
IPE_MV,D,20140822,000000,83.3483,83.3483,83.3483,83.3483,0,0
IPE_MV,D,20140825,000000,83.3483,83.3483,78.0201,83.1662,0,0
IPE_MV,D,20140826,000000,83.3483,84.6331,81.874,84.4509,0,0
IPE_MV,D,20140827,000000,84.4509,84.4509,82.801,84.0859,0,0
IPE_MV,D,20140828,000000,83.728,83.728,78.2027,83.1662,0,0
IPE_MV,D,20140829,000000,83.1662,84.6331,83.1662,84.6331,0,0
IPE_MV,D,20140901,000000,84.6331,84.6331,84.6331,84.6331,0,0
IPE_MV,D,20140902,000000,84.6331,86.6618,84.6331,85.5601,0,0
IPE_MV,D,20140903,000000,85.5601,85.5601,82.9832,84.6331,0,0
IPE_MV,D,20140904,000000,84.6331,84.6331,83.1662,84.6331,0,0
IPE_MV,D,20140905,000000,84.6331,84.6331,82.801,82.801,0,0
IPE_MV,D,20140908,000000,84.6331,84.6331,82.9832,84.6331,0,0
IPE_MV,D,20140909,000000,84.6331,84.6331,83.1662,84.4509,0,0
IPE_MV,D,20140910,000000,84.4509,84.4509,84.4509,84.4509,0,0
IPE_MV,D,20140911,000000,84.4509,84.4509,80.4071,80.9689,0,0
IPE_MV,D,20140912,000000,84.4509,84.4509,84.2825,84.2825,0,0
IPE_MV,D,20140915,000000,84.0859,84.0859,83.9102,83.9102,0,0
IPE_MV,D,20140916,000000,82.801,84.6331,82.801,84.6331,0,0
IPE_MV,D,20140917,000000,84.6331,84.6331,82.801,82.801,0,0
IPE_MV,D,20140918,000000,84.6331,84.6331,81.874,84.6331,0,0
IPE_MV,D,20140919,000000,86.1149,92.1797,83.5459,89.4284,0,0
IPE_MV,D,20140922,000000,92.5596,93.6483,92.0051,92.0051,0,0
IPE_MV,D,20140923,000000,89.4284,92.0051,89.4284,90.8961,0,0
IPE_MV,D,20140924,000000,92.0051,92.0051,92.0051,92.0051,0,0
IPE_MV,D,20140925,000000,91.816,91.816,89.6115,89.6115,0,0
IPE_MV,D,20140926,000000,85.1876,86.6618,85.1876,86.6618,0,0
IPE_MV,D,20140929,000000,92.0051,92.0051,87.9539,90.5307,0,0
IPE_MV,D,20140930,000000,92.0051,92.0051,90.1661,90.1661,0,0
IPE_MV,D,20141001,000000,92.0051,92.0051,92.0051,92.0051,0,0
IPE_MV,D,20141002,000000,90.1661,91.816,90.1661,91.816,0,0
IPE_MV,D,20141003,000000,91.816,91.816,91.816,91.816,0,0
IPE_MV,D,20141006,000000,91.816,91.816,90.1661,91.816,0,0
IPE_MV,D,20141007,000000,91.816,91.816,91.6328,91.6328,0,0
IPE_MV,D,20141008,000000,91.6328,91.6328,86.4872,86.4872,0,0
IPE_MV,D,20141009,000000,91.4506,92.0051,88.3262,88.3262,0,0
IPE_MV,D,20141010,000000,88.3262,92.0051,86.4872,89.2384,0,0
IPE_MV,D,20141013,000000,92.0051,92.0051,87.7648,90.1661,0,0
IPE_MV,D,20141014,000000,89.9838,91.6328,89.9838,91.4506,0,0
IPE_MV,D,20141015,000000,92.0051,92.0051,87.7648,90.8961,0,0
IPE_MV,D,20141016,000000,90.8961,91.2674,88.3262,88.3262,0,0
IPE_MV,D,20141017,000000,88.3262,88.3262,88.1371,88.3262,0,0
IPE_MV,D,20141020,000000,90.7061,90.7061,88.3262,90.7061,0,0
IPE_MV,D,20141021,000000,91.2674,91.2674,87.7648,88.1371,0,0
IPE_MV,D,20141022,000000,91.2674,91.2674,88.3262,90.8961,0,0
IPE_MV,D,20141023,000000,88.3262,88.3262,88.3262,88.3262,0,0
IPE_MV,D,20141024,000000,90.7061,90.7061,88.3262,89.793,0,0
IPE_MV,D,20141027,000000,90.7061,90.7061,89.2384,89.2384,0,0
IPE_MV,D,20141028,000000,90.5307,90.5307,88.1371,88.3262,0,0
IPE_MV,D,20141029,000000,90.7061,90.7061,89.4284,89.4284,0,0
IPE_MV,D,20141030,000000,89.2384,89.793,89.2384,89.793,0,0
IPE_MV,D,20141031,000000,89.2384,89.2384,81.1438,83.728,0,0
IPE_MV,D,20141103,000000,87.0341,87.0341,82.6115,85.5601,0,0
IPE_MV,D,20141104,000000,85.5601,85.5601,83.728,83.728,0,0
IPE_MV,D,20141105,000000,84.6331,84.6331,84.4509,84.4509,0,0
IPE_MV,D,20141106,000000,84.4509,84.4509,84.4509,84.4509,0,0
IPE_MV,D,20141107,000000,84.4509,84.4509,84.4509,84.4509,0,0
IPE_MV,D,20141110,000000,84.4509,84.4509,84.4509,84.4509,0,0
IPE_MV,D,20141112,000000,84.4509,84.4509,84.2825,84.2825,0,0
IPE_MV,D,20141113,000000,84.4509,84.4509,80.7792,80.7792,0,0
IPE_MV,D,20141114,000000,84.4509,84.4509,82.9832,82.9832,0,0
IPE_MV,D,20141117,000000,84.4509,84.4509,84.4509,84.4509,0,0
IPE_MV,D,20141118,000000,84.4509,84.6331,84.4509,84.6331,0,0
IPE_MV,D,20141119,000000,85.3779,85.3779,84.6331,84.6331,0,0
IPE_MV,D,20141120,000000,84.6331,84.6331,84.0859,84.0859,0,0
IPE_MV,D,20141121,000000,84.4509,84.4509,81.874,81.874,0,0
IPE_MV,D,20141124,000000,84.2825,84.2825,80.7792,80.7792,0,0
IPE_MV,D,20141125,000000,84.2825,84.2825,79.3048,82.6115,0,0
IPE_MV,D,20141126,000000,84.0859,84.0859,83.728,83.728,0,0
IPE_MV,D,20141127,000000,83.728,83.728,83.5459,83.5459,0,0
IPE_MV,D,20141128,000000,84.0859,84.0859,80.0347,81.874,0,0
IPE_MV,D,20141201,000000,83.5459,85.5601,82.0635,82.0635,0,0
IPE_MV,D,20141202,000000,84.4509,84.4509,82.801,82.801,0,0
IPE_MV,D,20141203,000000,84.4509,84.4509,82.0635,82.0635,0,0
IPE_MV,D,20141204,000000,84.4509,84.4509,80.9689,80.9689,0,0
IPE_MV,D,20141205,000000,84.2825,84.2825,77.1004,80.0347,0,0
IPE_MV,D,20141208,000000,81.5089,81.5089,77.6553,80.9689,0,0
IPE_MV,D,20141209,000000,81.6991,81.6991,78.9252,81.1438,0,0
IPE_MV,D,20141210,000000,80.0347,80.0347,77.283,79.6771,0,0
IPE_MV,D,20141211,000000,80.9689,80.9689,77.283,79.6771,0,0
IPE_MV,D,20141212,000000,79.6771,79.6771,77.6553,79.6771,0,0
IPE_MV,D,20141215,000000,79.3048,79.3048,79.3048,79.3048,0,0
IPE_MV,D,20141216,000000,79.3048,79.3048,75.4436,77.8377,0,0
IPE_MV,D,20141217,000000,79.3048,79.3048,73.0495,79.1296,0,0
IPE_MV,D,20141218,000000,78.9252,78.9252,75.8085,78.3924,0,0
IPE_MV,D,20141219,000000,77.283,77.283,76.1808,77.283,0,0
IPE_MV,D,20141222,000000,78.7501,78.7501,74.524,78.5676,0,0
IPE_MV,D,20141223,000000,78.5676,78.5676,71.7662,76.9107,0,0
IPE_MV,D,20141229,000000,78.5676,78.5676,76.3633,77.1004,0,0
IPE_MV,D,20141230,000000,78.0201,78.0201,72.3196,72.3196,0,0
IPE_MV,D,20150102,000000,78.9252,78.9252,78.9252,78.9252,0,0
IPE_MV,D,20150105,000000,78.9252,78.9252,76.7356,77.4655,0,0
IPE_MV,D,20150107,000000,78.7501,78.7501,77.4655,77.4655,0,0
IPE_MV,D,20150108,000000,78.5676,78.5676,77.283,77.283,0,0
IPE_MV,D,20150109,000000,78.3924,78.3924,74.1589,77.283,0,0
IPE_MV,D,20150112,000000,78.2027,78.2027,77.283,78.0201,0,0
IPE_MV,D,20150113,000000,78.2027,78.2027,76.1808,78.0201,0,0
IPE_MV,D,20150114,000000,78.2027,78.2027,76.1808,78.0201,0,0
IPE_MV,D,20150115,000000,77.8377,77.8377,74.8962,76.1808,0,0
IPE_MV,D,20150116,000000,77.283,78.0201,73.7867,78.0201,0,0
IPE_MV,D,20150119,000000,78.2027,78.7501,78.2027,78.7501,0,0
IPE_MV,D,20150120,000000,78.7501,78.7501,73.6043,78.0201,0,0
IPE_MV,D,20150121,000000,78.0201,78.0201,73.6043,74.8962,0,0
IPE_MV,D,20150122,000000,77.283,77.283,73.6043,73.9691,0,0
IPE_MV,D,20150123,000000,78.0201,78.0201,73.9691,73.9691,0,0
IPE_MV,D,20150126,000000,77.1004,77.1004,73.6043,73.6043,0,0
IPE_MV,D,20150127,000000,74.3342,74.524,73.6043,74.524,0,0
IPE_MV,D,20150128,000000,78.0201,78.0201,74.524,74.524,0,0
IPE_MV,D,20150129,000000,77.283,77.283,73.9691,74.524,0,0
IPE_MV,D,20150130,000000,74.524,74.524,73.6043,73.6043,0,0
IPE_MV,D,20150202,000000,73.6043,73.6043,72.497,72.8596,0,0
IPE_MV,D,20150203,000000,75.0786,77.8377,74.7137,74.7137,0,0
IPE_MV,D,20150204,000000,74.524,74.7137,71.7662,74.524,0,0
IPE_MV,D,20150205,000000,74.524,74.524,73.4217,73.4217,0,0
IPE_MV,D,20150206,000000,73.6043,73.6043,73.6043,73.6043,0,0
IPE_MV,D,20150209,000000,73.6043,73.6043,69.9137,73.6043,0,0
IPE_MV,D,20150210,000000,73.6043,73.6043,71.9503,73.6043,0,0
IPE_MV,D,20150211,000000,73.6043,73.6043,71.2123,73.6043,0,0
IPE_MV,D,20150212,000000,73.4217,73.6043,71.9503,71.9503,0,0
IPE_MV,D,20150213,000000,71.9503,73.6043,71.7662,73.6043,0,0
IPE_MV,D,20150216,000000,73.6043,73.6043,70.4809,71.9503,0,0
IPE_MV,D,20150217,000000,71.9503,72.6846,71.7662,72.6846,0,0
IPE_MV,D,20150218,000000,72.6846,72.6846,71.0276,71.7662,0,0
IPE_MV,D,20150219,000000,72.6846,72.6846,70.2898,71.5816,0,0
IPE_MV,D,20150220,000000,72.6846,73.6043,71.7662,73.6043,0,0
IPE_MV,D,20150223,000000,74.8962,74.8962,74.8962,74.8962,0,0
IPE_MV,D,20150224,000000,74.8962,74.8962,74.8962,74.8962,0,0
IPE_MV,D,20150225,000000,75.4436,77.6553,75.4436,77.6553,0,0
IPE_MV,D,20150226,000000,77.6553,77.6553,75.4436,77.6553,0,0
IPE_MV,D,20150227,000000,77.6553,77.6553,76.3633,77.6553,0,0
IPE_MV,D,20150302,000000,77.6553,92.0051,77.6553,83.728,0,0
IPE_MV,D,20150303,000000,91.0783,92.0051,88.6916,90.3407,0,0
IPE_MV,D,20150304,000000,91.0783,92.0051,89.2384,89.6115,0,0
IPE_MV,D,20150305,000000,93.6483,93.6483,85.3779,85.3779,0,0
IPE_MV,D,20150306,000000,93.8444,93.8444,86.1149,90.1661,0,0
IPE_MV,D,20150309,000000,92.0051,92.0051,87.3994,87.5817,0,0
IPE_MV,D,20150310,000000,90.5307,90.5307,84.6331,88.3262,0,0
IPE_MV,D,20150311,000000,90.5307,90.5307,84.6331,90.5307,0,0
IPE_MV,D,20150312,000000,90.5307,90.5307,84.6331,89.9838,0,0
IPE_MV,D,20150313,000000,91.816,91.816,86.6618,86.6618,0,0
IPE_MV,D,20150316,000000,90.1661,90.1661,84.6331,84.6331,0,0
IPE_MV,D,20150317,000000,86.6618,86.6618,84.6331,84.6331,0,0
IPE_MV,D,20150318,000000,84.6331,87.9539,84.6331,87.9539,0,0
IPE_MV,D,20150319,000000,87.9539,90.1661,86.4872,90.1661,0,0
IPE_MV,D,20150320,000000,90.1661,90.1661,88.1371,89.793,0,0
IPE_MV,D,20150323,000000,90.1661,90.1661,85.9249,85.9249,0,0
IPE_MV,D,20150324,000000,90.1661,90.1661,89.9838,89.9838,0,0
IPE_MV,D,20150325,000000,89.2384,89.2384,84.6331,89.2384,0,0
IPE_MV,D,20150326,000000,90.1661,90.1661,85.3779,88.5016,0,0
IPE_MV,D,20150327,000000,90.1661,90.1661,85.5601,90.1661,0,0
IPE_MV,D,20150330,000000,92.0051,92.0051,86.4872,91.2674,0,0
IPE_MV,D,20150331,000000,91.2674,91.2674,88.3262,91.2674,0,0
IPE_MV,D,20150401,000000,91.2674,91.2674,84.6331,86.4872,0,0
IPE_MV,D,20150402,000000,86.4872,86.4872,82.6115,83.1662,0,0
IPE_MV,D,20150407,000000,79.4874,79.4874,78.0201,78.2027,0,0
IPE_MV,D,20150408,000000,77.283,77.6553,75.0786,76.7356,0,0
IPE_MV,D,20150409,000000,78.5676,78.5676,75.2683,76.5458,0,0
IPE_MV,D,20150410,000000,78.2027,81.874,76.9107,81.874,0,0
IPE_MV,D,20150413,000000,89.793,89.793,80.0347,84.6331,0,0
IPE_MV,D,20150414,000000,89.2384,89.6115,84.8225,89.6115,0,0
IPE_MV,D,20150415,000000,89.6115,89.6115,86.4872,89.2384,0,0
IPE_MV,D,20150416,000000,89.6115,89.6115,89.057,89.057,0,0
IPE_MV,D,20150417,000000,89.6115,89.6115,80.7792,88.3262,0,0
IPE_MV,D,20150420,000000,88.3262,89.6115,85.9249,85.9249,0,0
IPE_MV,D,20150421,000000,88.1371,88.1371,82.0635,82.0635,0,0
IPE_MV,D,20150422,000000,88.1371,88.1371,82.0635,84.6331,0,0
IPE_MV,D,20150423,000000,88.1371,88.1371,81.3341,81.3341,0,0
IPE_MV,D,20150424,000000,81.3341,88.8739,81.3341,88.3262,0,0
IPE_MV,D,20150427,000000,89.6115,89.6115,84.8225,89.2384,0,0
IPE_MV,D,20150428,000000,89.4284,89.9838,84.6331,84.6331,0,0
IPE_MV,D,20150429,000000,89.6115,89.6115,86.1149,89.4284,0,0
IPE_MV,D,20150430,000000,89.4284,89.4284,85.5601,89.4284,0,0
IPE_MV,D,20150504,000000,89.793,89.793,83.1662,83.1662,0,0
IPE_MV,D,20150505,000000,89.6115,89.6115,84.6331,84.6331,0,0
IPE_MV,D,20150506,000000,88.3262,88.3262,82.9832,83.3483,0,0
IPE_MV,D,20150507,000000,82.9832,84.8225,82.9832,82.9832,0,0
IPE_MV,D,20150508,000000,84.4509,84.6331,84.4509,84.6331,0,0
IPE_MV,D,20150511,000000,87.5817,87.5817,82.9832,82.9832,0,0
IPE_MV,D,20150512,000000,84.4509,84.4509,83.728,83.728,0,0
IPE_MV,D,20150513,000000,84.4509,84.6331,82.9832,84.6331,0,0
IPE_MV,D,20150514,000000,87.5817,87.5817,86.4872,86.4872,0,0
IPE_MV,D,20150515,000000,82.9832,87.2172,82.9832,87.2172,0,0
IPE_MV,D,20150518,000000,86.4872,86.4872,83.728,84.2825,0,0
IPE_MV,D,20150519,000000,84.2825,84.2825,81.874,82.801,0,0
IPE_MV,D,20150520,000000,82.801,82.801,82.801,82.801,0,0
IPE_MV,D,20150521,000000,78.3924,82.801,78.3924,82.801,0,0
IPE_MV,D,20150522,000000,86.6618,86.6618,82.9832,82.9832,0,0
IPE_MV,D,20150525,000000,86.1149,86.1149,82.0635,84.4509,0,0
IPE_MV,D,20150526,000000,84.4509,84.4509,82.9832,84.4509,0,0
IPE_MV,D,20150527,000000,84.4509,84.4509,84.4509,84.4509,0,0
IPE_MV,D,20150528,000000,83.728,83.728,83.728,83.728,0,0
IPE_MV,D,20150529,000000,83.728,83.728,83.728,83.728,0,0
IPE_MV,D,20150601,000000,83.728,83.728,79.3048,79.3048,0,0
IPE_MV,D,20150602,000000,83.728,83.728,81.874,81.874,0,0
IPE_MV,D,20150603,000000,83.728,83.728,80.9689,80.9689,0,0
IPE_MV,D,20150605,000000,80.9689,80.9689,80.9689,80.9689,0,0
IPE_MV,D,20150608,000000,79.1296,80.9689,79.1296,80.5968,0,0
IPE_MV,D,20150609,000000,80.7792,80.7792,76.9107,79.1296,0,0
IPE_MV,D,20150610,000000,80.7792,81.874,76.5458,81.874,0,0
IPE_MV,D,20150611,000000,82.801,82.801,77.6553,79.1296,0,0
IPE_MV,D,20150612,000000,82.6115,82.6115,80.0347,81.1438,0,0
IPE_MV,D,20150615,000000,82.2538,82.2538,80.2245,80.2245,0,0
IPE_MV,D,20150616,000000,77.283,81.6991,77.283,81.6991,0,0
IPE_MV,D,20150617,000000,81.5089,81.5089,77.283,80.9689,0,0
IPE_MV,D,20150618,000000,82.6115,82.6115,74.524,77.1004,0,0
IPE_MV,D,20150619,000000,77.1004,77.1004,76.9107,76.9107,0,0
IPE_MV,D,20150622,000000,74.524,74.524,73.6043,74.524,0,0
IPE_MV,D,20150623,000000,77.6553,77.6553,76.7356,76.7356,0,0
IPE_MV,D,20150624,000000,77.1004,77.1004,71.3903,73.4217,0,0
IPE_MV,D,20150625,000000,73.6043,73.6043,69.9137,70.2898,0,0
IPE_MV,D,20150626,000000,73.4217,73.4217,69.0116,70.8429,0,0
IPE_MV,D,20150629,000000,73.232,73.232,68.2664,70.8429,0,0
IPE_MV,D,20150630,000000,73.232,73.232,72.8596,72.8596,0,0
IPE_MV,D,20150701,000000,73.232,73.232,71.7662,71.7662,0,0
IPE_MV,D,20150702,000000,73.232,73.232,69.7357,69.9137,0,0
IPE_MV,D,20150703,000000,73.232,73.232,69.0116,69.9137,0,0
IPE_MV,D,20150706,000000,69.9137,69.9137,68.0817,69.9137,0,0
IPE_MV,D,20150707,000000,73.232,73.232,67.7116,68.0817,0,0
IPE_MV,D,20150708,000000,73.232,73.232,67.8971,67.8971,0,0
IPE_MV,D,20150709,000000,71.7662,71.7662,67.8971,68.0817,0,0
IPE_MV,D,20150710,000000,73.232,73.232,66.2423,69.3736,0,0
IPE_MV,D,20150713,000000,69.3736,69.9137,68.4511,69.3736,0,0
IPE_MV,D,20150714,000000,69.7357,69.7357,66.2423,68.0817,0,0
IPE_MV,D,20150715,000000,69.3736,69.3736,67.162,69.0116,0,0
IPE_MV,D,20150716,000000,68.8204,68.8204,64.4006,68.0817,0,0
IPE_MV,D,20150717,000000,68.0817,68.6358,68.0817,68.6358,0,0
IPE_MV,D,20150720,000000,68.6358,69.9137,68.0817,69.9137,0,0
IPE_MV,D,20150721,000000,71.7662,71.7662,69.0116,69.9137,0,0
IPE_MV,D,20150722,000000,71.7662,71.7662,69.9137,69.9137,0,0
IPE_MV,D,20150723,000000,69.7357,70.4809,68.0817,68.0817,0,0
IPE_MV,D,20150724,000000,71.7662,71.7662,71.7662,71.7662,0,0
IPE_MV,D,20150727,000000,71.7662,71.7662,68.4511,69.0116,0,0
IPE_MV,D,20150728,000000,71.7662,71.7662,69.0116,69.0116,0,0
IPE_MV,D,20150729,000000,71.7662,71.7662,69.0116,71.2123,0,0
IPE_MV,D,20150730,000000,71.5816,71.5816,68.8204,68.8204,0,0
IPE_MV,D,20150731,000000,71.7662,71.7662,69.3736,71.7662,0,0
IPE_MV,D,20150803,000000,73.232,73.232,69.1889,69.7357,0,0
IPE_MV,D,20150804,000000,71.5816,71.5816,69.3736,69.3736,0,0
IPE_MV,D,20150805,000000,71.5816,71.5816,69.3736,69.5583,0,0
IPE_MV,D,20150806,000000,71.5816,71.5816,68.0817,69.3736,0,0
IPE_MV,D,20150807,000000,71.5816,71.5816,69.5583,69.7357,0,0
IPE_MV,D,20150810,000000,69.7357,69.7357,67.162,69.3736,0,0
IPE_MV,D,20150811,000000,71.7662,71.7662,67.3408,68.0817,0,0
IPE_MV,D,20150812,000000,71.5816,71.5816,68.0817,69.7357,0,0
IPE_MV,D,20150813,000000,71.7662,71.7662,68.8204,68.8204,0,0
IPE_MV,D,20150814,000000,71.5816,71.5816,69.7357,69.7357,0,0
IPE_MV,D,20150817,000000,71.5816,71.5816,67.162,68.0817,0,0
IPE_MV,D,20150818,000000,70.659,70.659,67.7116,69.9137,0,0
IPE_MV,D,20150819,000000,69.7357,69.7357,68.0817,69.3736,0,0
IPE_MV,D,20150820,000000,70.4809,70.4809,69.3736,69.3736,0,0
IPE_MV,D,20150821,000000,69.3736,69.9137,65.3197,66.9766,0,0
IPE_MV,D,20150824,000000,64.7671,66.0635,59.249,62.0095,0,0
IPE_MV,D,20150825,000000,62.5621,62.5621,56.8593,56.8593,0,0
IPE_MV,D,20150826,000000,59.8031,59.8031,56.49,59.4337,0,0
IPE_MV,D,20150827,000000,59.6183,59.6183,57.7753,59.6183,0,0
IPE_MV,D,20150828,000000,59.4337,59.4337,58.1439,58.1439,0,0
IPE_MV,D,20150831,000000,58.6972,58.6972,58.5125,58.5125,0,0
IPE_MV,D,20150901,000000,58.5125,58.5125,55.1995,57.9585,0,0
IPE_MV,D,20150902,000000,58.5125,58.5125,54.8308,57.7753,0,0
IPE_MV,D,20150903,000000,58.5125,58.5125,53.9148,57.7753,0,0
IPE_MV,D,20150904,000000,57.7753,57.7753,55.1995,57.7753,0,0
IPE_MV,D,20150907,000000,57.7753,57.7753,55.1995,55.1995,0,0
IPE_MV,D,20150908,000000,55.1995,58.5125,55.1995,57.7753,0,0
IPE_MV,D,20150909,000000,57.7753,57.7753,54.6528,57.5973,0,0
IPE_MV,D,20150910,000000,57.7753,57.7753,54.8308,57.7753,0,0
IPE_MV,D,20150911,000000,58.5125,58.5125,56.1213,56.1213,0,0
IPE_MV,D,20150914,000000,58.3278,58.3278,56.1213,58.3278,0,0
IPE_MV,D,20150915,000000,58.3278,58.3278,55.1995,57.4119,0,0
IPE_MV,D,20150916,000000,58.1439,58.1439,55.3841,57.4119,0,0
IPE_MV,D,20150917,000000,55.9374,57.9585,55.3841,57.7753,0,0
IPE_MV,D,20150918,000000,57.9585,57.9585,55.5681,57.9585,0,0
IPE_MV,D,20150921,000000,58.3278,58.3278,55.5681,57.9585,0,0
IPE_MV,D,20150922,000000,58.1439,58.1439,54.6528,57.0441,0,0
IPE_MV,D,20150923,000000,57.0441,57.4119,56.1213,56.1213,0,0
IPE_MV,D,20150924,000000,56.8593,56.8593,54.2834,54.2834,0,0
IPE_MV,D,20150925,000000,56.8593,56.8593,56.3059,56.3059,0,0
IPE_MV,D,20150928,000000,56.8593,57.4119,55.0141,56.1213,0,0
IPE_MV,D,20150929,000000,56.1213,56.1213,54.6528,56.1213,0,0
IPE_MV,D,20150930,000000,57.4119,57.4119,55.3841,57.4119,0,0
IPE_MV,D,20151001,000000,57.4119,57.4119,54.8308,57.4119,0,0
IPE_MV,D,20151002,000000,57.4119,57.4119,55.0141,56.1213,0,0
IPE_MV,D,20151005,000000,55.1995,55.1995,53.7301,53.7301,0,0
IPE_MV,D,20151006,000000,56.6747,56.6747,53.9148,54.2834,0,0
IPE_MV,D,20151007,000000,56.49,56.49,54.8308,54.8308,0,0
IPE_MV,D,20151008,000000,54.8308,54.8308,54.8308,54.8308,0,0
IPE_MV,D,20151009,000000,56.49,56.49,50.9711,54.8308,0,0
IPE_MV,D,20151012,000000,52.4396,53.7301,52.4396,53.7301,0,0
IPE_MV,D,20151013,000000,54.6528,54.6528,52.6237,54.4674,0,0
IPE_MV,D,20151014,000000,53.3615,54.6528,53.3615,54.6528,0,0
IPE_MV,D,20151015,000000,54.6528,54.6528,52.6237,54.6528,0,0
IPE_MV,D,20151016,000000,52.8083,55.1995,52.2549,52.9929,0,0
IPE_MV,D,20151019,000000,55.0141,55.0141,55.0141,55.0141,0,0
IPE_MV,D,20151020,000000,55.0141,55.0141,51.7083,54.0995,0,0
IPE_MV,D,20151021,000000,55.0141,55.0141,51.7083,51.8864,0,0
IPE_MV,D,20151022,000000,51.8864,52.9929,51.5237,51.5237,0,0
IPE_MV,D,20151023,000000,51.5237,52.8083,51.155,51.5237,0,0
IPE_MV,D,20151026,000000,52.8083,52.8083,52.8083,52.8083,0,0
IPE_MV,D,20151027,000000,52.8083,54.4674,51.5237,54.4674,0,0
IPE_MV,D,20151028,000000,54.2834,54.2834,51.5237,52.8083,0,0
IPE_MV,D,20151029,000000,52.8083,52.8083,52.8083,52.8083,0,0
IPE_MV,D,20151030,000000,52.8083,53.9148,52.8083,53.7301,0,0
IPE_MV,D,20151102,000000,53.7301,53.7301,53.3615,53.3615,0,0
IPE_MV,D,20151103,000000,53.5455,53.5455,53.3615,53.3615,0,0
IPE_MV,D,20151104,000000,53.3615,53.3615,51.339,53.1768,0,0
IPE_MV,D,20151105,000000,53.3615,53.3615,53.3615,53.3615,0,0
IPE_MV,D,20151106,000000,53.3615,53.3615,48.0273,48.3952,0,0
IPE_MV,D,20151109,000000,48.7646,49.6799,43.2391,43.2391,0,0
IPE_MV,D,20151110,000000,45.6362,45.6362,45.0829,45.0829,0,0
IPE_MV,D,20151112,000000,45.6362,45.6362,43.7917,45.6362,0,0
IPE_MV,D,20151113,000000,45.6362,45.9975,44.3443,45.9975,0,0
IPE_MV,D,20151116,000000,45.9975,45.9975,43.9764,43.9764,0,0
IPE_MV,D,20151117,000000,44.7143,44.7143,40.4793,40.4793,0,0
IPE_MV,D,20151118,000000,40.4793,40.4793,40.4793,40.4793,0,0
IPE_MV,D,20151119,000000,40.4793,44.1603,40.4793,44.1603,0,0
IPE_MV,D,20151120,000000,44.1603,44.1603,41.4012,42.1391,0,0
IPE_MV,D,20151123,000000,41.7706,43.2391,38.2721,40.2948,0,0
IPE_MV,D,20151124,000000,41.5851,41.5851,38.6408,40.2948,0,0
IPE_MV,D,20151125,000000,44.1603,44.1603,41.7706,41.7706,0,0
IPE_MV,D,20151126,000000,39.5633,41.2166,38.6408,38.6408,0,0
IPE_MV,D,20151127,000000,41.0326,41.0326,41.0326,41.0326,0,0
IPE_MV,D,20151130,000000,39.9319,40.4793,39.9319,40.4793,0,0
IPE_MV,D,20151201,000000,41.0326,41.0326,41.0326,41.0326,0,0
IPE_MV,D,20151202,000000,41.0326,41.0326,38.6408,40.2948,0,0
IPE_MV,D,20151203,000000,40.2948,40.2948,40.2948,40.2948,0,0
IPE_MV,D,20151204,000000,40.2948,40.2948,36.9881,36.9881,0,0
IPE_MV,D,20151207,000000,40.4793,40.4793,40.2948,40.2948,0,0
IPE_MV,D,20151208,000000,40.1107,40.1107,40.1107,40.1107,0,0
IPE_MV,D,20151209,000000,40.1107,40.1107,37.7188,39.5633,0,0
IPE_MV,D,20151210,000000,39.5633,39.5633,36.8035,36.8035,0,0
IPE_MV,D,20151211,000000,37.9043,37.9043,37.5349,37.5349,0,0
IPE_MV,D,20151214,000000,37.7188,37.7188,35.1444,36.9881,0,0
IPE_MV,D,20151215,000000,37.9043,37.9043,37.9043,37.9043,0,0
IPE_MV,D,20151216,000000,36.8035,36.8035,35.8816,35.8816,0,0
IPE_MV,D,20151217,000000,36.8035,36.8035,36.4341,36.4341,0,0
IPE_MV,D,20151218,000000,35.8816,35.8816,32.3839,33.1226,0,0
IPE_MV,D,20151221,000000,32.3839,35.3276,32.3839,35.3276,0,0
IPE_MV,D,20151222,000000,35.3276,35.3276,33.1226,35.3276,0,0
IPE_MV,D,20151223,000000,37.9043,37.9043,36.8035,36.8035,0,0
IPE_MV,D,20151228,000000,37.7188,37.7188,35.697,35.697,0,0
IPE_MV,D,20151229,000000,37.7188,38.8261,36.8035,36.8035,0,0
IPE_MV,D,20151230,000000,39.5633,40.848,39.5633,39.9319,0,0
IPE_MV,D,20160104,000000,39.9319,39.9319,39.9319,39.9319,0,0
IPE_MV,D,20160105,000000,39.9319,44.1603,39.9319,44.1603,0,0
IPE_MV,D,20160107,000000,45.0829,47.2886,45.0829,46.9208,0,0
IPE_MV,D,20160108,000000,46.9208,46.9208,46.9208,46.9208,0,0
IPE_MV,D,20160111,000000,46.7361,46.7361,42.3231,46.5515,0,0
IPE_MV,D,20160112,000000,46.1829,46.3668,46.1829,46.3668,0,0
IPE_MV,D,20160113,000000,46.3668,46.3668,42.3231,43.4231,0,0
IPE_MV,D,20160114,000000,43.4231,45.8201,43.4231,45.8201,0,0
IPE_MV,D,20160115,000000,45.8201,45.8201,44.1603,44.1603,0,0
IPE_MV,D,20160118,000000,45.8201,45.8201,42.3231,43.0538,0,0
IPE_MV,D,20160119,000000,45.8201,45.8201,45.2668,45.2668,0,0
IPE_MV,D,20160120,000000,45.2668,45.2668,42.8756,45.0829,0,0
IPE_MV,D,20160121,000000,45.0829,45.0829,42.3231,45.0829,0,0
IPE_MV,D,20160122,000000,45.0829,45.0829,41.2166,42.6917,0,0
IPE_MV,D,20160125,000000,45.0829,45.0829,42.8756,44.7143,0,0
IPE_MV,D,20160126,000000,44.7143,45.4508,44.7143,45.4508,0,0
IPE_MV,D,20160127,000000,45.4508,45.4508,43.0538,43.0538,0,0
IPE_MV,D,20160128,000000,45.2668,45.2668,42.8756,44.8982,0,0
IPE_MV,D,20160129,000000,44.8982,44.8982,44.7143,44.7143,0,0
IPE_MV,D,20160201,000000,44.529,44.529,44.529,44.529,0,0
IPE_MV,D,20160202,000000,44.529,44.529,44.529,44.529,0,0
IPE_MV,D,20160203,000000,44.529,44.8982,44.529,44.7143,0,0
IPE_MV,D,20160204,000000,44.7143,44.7143,44.3443,44.3443,0,0
IPE_MV,D,20160205,000000,44.7143,44.7143,44.1603,44.1603,0,0
IPE_MV,D,20160208,000000,44.7143,44.7143,44.1603,44.1603,0,0
IPE_MV,D,20160209,000000,44.7143,44.7143,42.8756,44.7143,0,0
IPE_MV,D,20160210,000000,44.7143,44.8982,42.507,44.8982,0,0
IPE_MV,D,20160211,000000,46.9208,46.9208,46.9208,46.9208,0,0
IPE_MV,D,20160212,000000,46.5515,46.5515,46.5515,46.5515,0,0
IPE_MV,D,20160215,000000,46.5515,46.5515,46.5515,46.5515,0,0
IPE_MV,D,20160216,000000,46.5515,46.5515,46.3668,46.3668,0,0
IPE_MV,D,20160217,000000,46.3668,46.3668,42.6917,45.0829,0,0
IPE_MV,D,20160218,000000,45.0829,45.0829,42.8756,44.7143,0,0
IPE_MV,D,20160219,000000,44.7143,44.7143,44.7143,44.7143,0,0
IPE_MV,D,20160222,000000,44.7143,45.6362,43.2391,45.6362,0,0
IPE_MV,D,20160223,000000,45.6362,45.6362,45.4508,45.6362,0,0
IPE_MV,D,20160224,000000,45.6362,47.658,45.6362,47.658,0,0
IPE_MV,D,20160225,000000,47.658,50.6018,47.658,48.7646,0,0
IPE_MV,D,20160226,000000,51.5237,51.5237,48.9419,49.4959,0,0
IPE_MV,D,20160229,000000,49.4959,51.5237,49.4959,51.5237,0,0
IPE_MV,D,20160301,000000,51.5237,51.5237,51.5237,51.5237,0,0
IPE_MV,D,20160302,000000,51.5237,51.5237,51.5237,51.5237,0,0
IPE_MV,D,20160303,000000,51.5237,51.8864,49.6799,49.6799,0,0
IPE_MV,D,20160304,000000,51.8864,51.8864,50.2332,50.4178,0,0
IPE_MV,D,20160307,000000,51.8864,51.8864,48.9419,48.9419,0,0
IPE_MV,D,20160308,000000,51.8864,51.8864,48.3952,51.8864,0,0
IPE_MV,D,20160309,000000,50.4178,51.8864,46.7361,51.8864,0,0
IPE_MV,D,20160310,000000,51.7083,51.7083,48.7646,49.6799,0,0
IPE_MV,D,20160311,000000,50.4178,50.9711,49.1273,50.9711,0,0
IPE_MV,D,20160314,000000,50.9711,51.5237,48.9419,51.5237,0,0
IPE_MV,D,20160315,000000,51.5237,51.5237,51.5237,51.5237,0,0
IPE_MV,D,20160316,000000,51.5237,51.5237,50.2332,50.6018,0,0
IPE_MV,D,20160317,000000,51.5237,51.5237,50.6018,51.5237,0,0
IPE_MV,D,20160318,000000,48.7646,51.339,48.7646,51.339,0,0
IPE_MV,D,20160321,000000,51.339,51.339,48.7646,50.6018,0,0
IPE_MV,D,20160322,000000,50.6018,51.339,48.9419,51.339,0,0
IPE_MV,D,20160323,000000,51.339,51.339,48.3952,50.2332,0,0
IPE_MV,D,20160324,000000,45.2668,47.658,45.2668,47.658,0,0
IPE_MV,D,20160329,000000,47.8427,48.5799,46.5515,48.3952,0,0
IPE_MV,D,20160330,000000,48.3952,48.3952,46.3668,46.3668,0,0
IPE_MV,D,20160331,000000,46.5515,48.5799,46.1829,48.2113,0,0
IPE_MV,D,20160401,000000,48.2113,48.2113,45.9975,46.9208,0,0
IPE_MV,D,20160404,000000,51.339,51.339,46.7361,48.0273,0,0
IPE_MV,D,20160405,000000,49.6799,51.155,47.8427,51.155,0,0
IPE_MV,D,20160406,000000,50.9711,50.9711,45.9975,50.9711,0,0
IPE_MV,D,20160407,000000,50.9711,50.9711,48.0273,50.9711,0,0
IPE_MV,D,20160408,000000,50.9711,50.9711,46.5515,47.4733,0,0
IPE_MV,D,20160411,000000,50.9711,50.9711,46.9208,46.9208,0,0
IPE_MV,D,20160412,000000,46.9208,47.1048,46.9208,47.1048,0,0
IPE_MV,D,20160413,000000,47.2886,47.2886,45.9975,47.1048,0,0
IPE_MV,D,20160414,000000,47.2886,47.2886,44.8982,44.8982,0,0
IPE_MV,D,20160415,000000,47.2886,47.2886,45.6362,45.6362,0,0
IPE_MV,D,20160418,000000,47.658,47.658,44.1603,45.0829,0,0
IPE_MV,D,20160419,000000,45.0829,45.0829,43.9764,45.0829,0,0
IPE_MV,D,20160420,000000,45.0829,45.0829,44.1603,44.1603,0,0
IPE_MV,D,20160421,000000,44.1603,44.1603,43.9764,43.9764,0,0
IPE_MV,D,20160422,000000,43.7917,43.7917,43.7917,43.7917,0,0
IPE_MV,D,20160425,000000,43.7917,45.9975,42.507,45.9975,0,0
IPE_MV,D,20160426,000000,45.9975,45.9975,45.9975,45.9975,0,0
IPE_MV,D,20160427,000000,45.9975,45.9975,44.1603,45.0829,0,0
IPE_MV,D,20160428,000000,45.8201,45.8201,45.8201,45.8201,0,0
IPE_MV,D,20160429,000000,45.8201,45.8201,44.1603,44.1603,0,0
IPE_MV,D,20160502,000000,45.8201,45.8201,44.529,44.529,0,0
IPE_MV,D,20160504,000000,45.8201,45.8201,45.8201,45.8201,0,0
IPE_MV,D,20160505,000000,45.8201,45.8201,45.8201,45.8201,0,0
IPE_MV,D,20160506,000000,45.8201,45.8201,43.9764,44.3443,0,0
IPE_MV,D,20160509,000000,45.8201,45.8201,43.9764,44.529,0,0
IPE_MV,D,20160510,000000,44.529,45.8201,44.529,45.8201,0,0
IPE_MV,D,20160511,000000,45.8201,45.8201,45.8201,45.8201,0,0
IPE_MV,D,20160512,000000,45.8201,45.8201,43.2391,43.4231,0,0
IPE_MV,D,20160513,000000,45.8201,45.8201,44.1603,45.8201,0,0
IPE_MV,D,20160516,000000,45.6362,45.6362,42.3231,43.9764,0,0
IPE_MV,D,20160517,000000,45.2668,45.2668,45.2668,45.2668,0,0
IPE_MV,D,20160518,000000,45.0829,45.0829,41.9544,42.8756,0,0
IPE_MV,D,20160519,000000,42.8756,44.7143,42.8756,43.0538,0,0
IPE_MV,D,20160520,000000,44.529,44.529,42.8756,42.8756,0,0
IPE_MV,D,20160523,000000,40.6633,44.1603,40.6633,41.4012,0,0
IPE_MV,D,20160524,000000,44.1603,44.1603,42.8756,42.8756,0,0
IPE_MV,D,20160525,000000,44.1603,44.1603,44.1603,44.1603,0,0
IPE_MV,D,20160527,000000,44.1603,44.1603,37.1663,40.1107,0,0
IPE_MV,D,20160530,000000,40.1107,40.1107,40.1107,40.1107,0,0
IPE_MV,D,20160531,000000,37.3502,37.3502,37.1663,37.1663,0,0
IPE_MV,D,20160601,000000,37.1663,37.1663,36.8035,36.8035,0,0
IPE_MV,D,20160602,000000,37.3502,37.3502,36.6188,36.6188,0,0
IPE_MV,D,20160603,000000,36.6188,36.6188,36.4341,36.4341,0,0
IPE_MV,D,20160606,000000,36.8035,36.9881,36.8035,36.8035,0,0
IPE_MV,D,20160607,000000,40.2948,40.2948,40.2948,40.2948,0,0
IPE_MV,D,20160608,000000,38.6408,38.6408,36.4341,36.4341,0,0
IPE_MV,D,20160609,000000,37.7188,37.7188,37.5349,37.5349,0,0
IPE_MV,D,20160610,000000,37.1663,37.1663,35.1444,36.6188,0,0
IPE_MV,D,20160613,000000,36.6188,36.6188,36.6188,36.6188,0,0
IPE_MV,D,20160614,000000,36.6188,36.6188,36.6188,36.6188,0,0
IPE_MV,D,20160615,000000,36.6188,36.6188,36.6188,36.6188,0,0
IPE_MV,D,20160616,000000,36.8035,36.8035,36.8035,36.8035,0,0
IPE_MV,D,20160617,000000,36.8035,36.8035,36.8035,36.8035,0,0
IPE_MV,D,20160620,000000,36.8035,36.8035,35.1444,35.1444,0,0
IPE_MV,D,20160621,000000,36.8035,36.8035,35.1444,36.8035,0,0
IPE_MV,D,20160622,000000,36.8035,36.8035,36.8035,36.8035,0,0
IPE_MV,D,20160623,000000,36.8035,36.8035,36.8035,36.8035,0,0
IPE_MV,D,20160624,000000,36.8035,36.8035,34.0379,36.8035,0,0
IPE_MV,D,20160627,000000,36.8035,36.8035,36.8035,36.8035,0,0
IPE_MV,D,20160628,000000,36.8035,36.8035,36.8035,36.8035,0,0
IPE_MV,D,20160629,000000,36.8035,37.7188,34.2225,37.7188,0,0
IPE_MV,D,20160630,000000,37.7188,38.2721,37.7188,38.2721,0,0
IPE_MV,D,20160701,000000,38.2721,38.6408,38.2721,38.6408,0,0
IPE_MV,D,20160704,000000,38.6408,38.6408,36.2503,38.6408,0,0
IPE_MV,D,20160705,000000,38.2721,41.0326,36.8035,40.848,0,0
IPE_MV,D,20160706,000000,36.8035,37.1663,35.8816,36.9881,0,0
IPE_MV,D,20160707,000000,37.3744,39.1298,37.3744,39.1298,0,0
IPE_MV,D,20160708,000000,38.9342,38.9342,38.9342,38.9342,0,0
IPE_MV,D,20160711,000000,38.7392,38.7392,38.7392,38.7392,0,0
IPE_MV,D,20160713,000000,38.7392,38.7392,36.0087,36.5941,0,0
IPE_MV,D,20160714,000000,36.5941,37.9597,36.5941,37.9597,0,0
IPE_MV,D,20160715,000000,37.9597,39.318,37.9597,38.3487,0,0
IPE_MV,D,20160718,000000,40.4888,40.6831,38.9342,40.2933,0,0
IPE_MV,D,20160719,000000,40.6831,40.6831,40.6831,40.6831,0,0
IPE_MV,D,20160720,000000,40.6831,41.0743,40.6831,41.0743,0,0
IPE_MV,D,20160721,000000,41.0743,41.0743,41.0743,41.0743,0,0
IPE_MV,D,20160722,000000,39.513,39.513,37.9597,38.7392,0,0
IPE_MV,D,20160725,000000,39.513,39.513,38.1539,38.1539,0,0
IPE_MV,D,20160727,000000,37.3744,38.1539,37.3744,38.1539,0,0
IPE_MV,D,20160728,000000,38.1539,38.1539,38.1539,38.1539,0,0
IPE_MV,D,20160729,000000,37.9597,37.9597,37.3744,37.3744,0,0
IPE_MV,D,20160801,000000,37.7641,37.7641,37.7641,37.7641,0,0
IPE_MV,D,20160802,000000,37.7641,37.7641,37.7641,37.7641,0,0
IPE_MV,D,20160803,000000,37.7641,37.7641,35.235,37.5685,0,0
IPE_MV,D,20160804,000000,37.5685,37.9597,36.7889,37.9597,0,0
IPE_MV,D,20160805,000000,37.9597,37.9597,37.9597,37.9597,0,0
IPE_MV,D,20160808,000000,37.9597,37.9597,35.4299,36.0087,0,0
IPE_MV,D,20160809,000000,37.9597,37.9597,36.0087,37.9597,0,0
IPE_MV,D,20160810,000000,37.9597,37.9597,36.0087,36.2035,0,0
IPE_MV,D,20160811,000000,37.9597,37.9597,37.9597,37.9597,0,0
IPE_MV,D,20160812,000000,37.9597,37.9597,36.0087,37.7641,0,0
IPE_MV,D,20160816,000000,37.7641,37.7641,36.0087,37.7641,0,0
IPE_MV,D,20160817,000000,37.7641,37.7641,37.7641,37.7641,0,0
IPE_MV,D,20160818,000000,37.7641,37.7641,36.0087,37.7641,0,0
IPE_MV,D,20160819,000000,37.7641,37.7641,37.7641,37.7641,0,0
IPE_MV,D,20160822,000000,37.7641,37.7641,37.7641,37.7641,0,0
IPE_MV,D,20160823,000000,37.7641,37.7641,37.7641,37.7641,0,0
IPE_MV,D,20160824,000000,37.7641,37.7641,34.8445,36.5941,0,0
IPE_MV,D,20160825,000000,37.7641,37.7641,37.7641,37.7641,0,0
IPE_MV,D,20160826,000000,37.7641,37.7641,37.7641,37.7641,0,0
IPE_MV,D,20160829,000000,37.7641,37.7641,36.9831,37.7641,0,0
IPE_MV,D,20160830,000000,37.7641,39.1298,37.5685,38.7392,0,0
IPE_MV,D,20160831,000000,38.5444,39.1298,37.3744,39.1298,0,0
IPE_MV,D,20160901,000000,39.1298,39.1298,38.9342,38.9342,0,0
IPE_MV,D,20160902,000000,38.9342,38.9342,36.3985,38.9342,0,0
IPE_MV,D,20160905,000000,39.1298,39.1298,39.1298,39.1298,0,0
IPE_MV,D,20160906,000000,38.9342,39.1298,38.9342,38.9342,0,0
IPE_MV,D,20160907,000000,38.9342,38.9342,37.3744,38.9342,0,0
IPE_MV,D,20160908,000000,38.9342,38.9342,38.9342,38.9342,0,0
IPE_MV,D,20160909,000000,38.9342,38.9342,36.9831,38.9342,0,0
IPE_MV,D,20160912,000000,37.1788,39.7086,37.1788,39.7086,0,0
IPE_MV,D,20160913,000000,38.5444,38.9342,38.1539,38.9342,0,0
IPE_MV,D,20160914,000000,37.9597,39.7086,37.9597,39.7086,0,0
IPE_MV,D,20160915,000000,39.7086,39.7086,36.9831,36.9831,0,0
IPE_MV,D,20160916,000000,39.513,39.513,36.7889,39.513,0,0
IPE_MV,D,20160919,000000,39.513,39.513,36.2035,36.2035,0,0
IPE_MV,D,20160920,000000,39.513,39.513,36.2035,39.1298,0,0
IPE_MV,D,20160921,000000,39.1298,39.1298,35.0394,35.0394,0,0
IPE_MV,D,20160922,000000,36.9831,36.9831,36.9831,36.9831,0,0
IPE_MV,D,20160923,000000,36.9831,36.9831,35.0394,36.9831,0,0
IPE_MV,D,20160926,000000,36.9831,36.9831,36.9831,36.9831,0,0
IPE_MV,D,20160927,000000,36.9831,36.9831,36.9831,36.9831,0,0
IPE_MV,D,20160928,000000,36.9831,36.9831,33.284,35.0394,0,0
IPE_MV,D,20160929,000000,36.5941,36.9831,34.0642,36.9831,0,0
IPE_MV,D,20160930,000000,36.9831,37.5685,36.9831,37.5685,0,0
IPE_MV,D,20161003,000000,37.3744,39.1298,36.0087,36.0087,0,0
IPE_MV,D,20161004,000000,35.6248,38.9342,35.6248,38.5444,0,0
IPE_MV,D,20161005,000000,38.5444,38.5444,36.2035,38.1539,0,0
IPE_MV,D,20161006,000000,37.9597,37.9597,36.0087,36.0087,0,0
IPE_MV,D,20161007,000000,37.9597,37.9597,36.2035,37.9597,0,0
IPE_MV,D,20161010,000000,37.7641,37.7641,37.7641,37.7641,0,0
IPE_MV,D,20161011,000000,37.7641,37.7641,37.7641,37.7641,0,0
IPE_MV,D,20161012,000000,37.7641,37.7641,36.2035,37.7641,0,0
IPE_MV,D,20161013,000000,36.9831,38.5444,36.9831,38.5444,0,0
IPE_MV,D,20161014,000000,38.9342,38.9342,36.9831,38.5444,0,0
IPE_MV,D,20161017,000000,38.9342,38.9342,37.9597,37.9597,0,0
IPE_MV,D,20161018,000000,37.9597,37.9597,37.9597,37.9597,0,0
IPE_MV,D,20161019,000000,38.9342,38.9342,36.7889,36.9831,0,0
IPE_MV,D,20161020,000000,37.9597,37.9597,36.3985,36.5941,0,0
IPE_MV,D,20161021,000000,37.7641,37.7641,35.8204,36.3985,0,0
IPE_MV,D,20161024,000000,36.7889,36.7889,35.0394,35.0394,0,0
IPE_MV,D,20161025,000000,35.0394,35.0394,34.0642,35.0394,0,0
IPE_MV,D,20161026,000000,36.0087,36.0087,34.2599,35.4299,0,0
IPE_MV,D,20161027,000000,37.9597,37.9597,34.4547,35.0394,0,0
IPE_MV,D,20161028,000000,36.9831,38.5444,35.0394,38.3487,0,0
IPE_MV,D,20161031,000000,38.3487,38.3487,37.1788,37.3744,0,0
IPE_MV,D,20161102,000000,37.5685,37.5685,35.8204,36.3985,0,0
IPE_MV,D,20161103,000000,37.5685,37.5685,34.8445,35.4299,0,0
IPE_MV,D,20161104,000000,36.9831,36.9831,33.284,34.6496,0,0
IPE_MV,D,20161107,000000,33.0898,34.4547,32.5102,33.284,0,0
IPE_MV,D,20161108,000000,35.6248,35.6248,31.9248,31.9248,0,0
IPE_MV,D,20161109,000000,33.0898,33.0898,29.9752,32.8941,0,0
IPE_MV,D,20161110,000000,33.0898,33.4788,29.3956,32.7051,0,0
IPE_MV,D,20161114,000000,34.6496,34.6496,30.1694,31.5351,0,0
IPE_MV,D,20161115,000000,32.8941,32.8941,28.2249,31.5351,0,0
IPE_MV,D,20161116,000000,32.8941,32.8941,30.3642,30.3642,0,0
IPE_MV,D,20161117,000000,31.3402,32.8941,30.7548,32.7051,0,0
IPE_MV,D,20161118,000000,30.3642,32.7051,30.3642,32.1205,0,0
IPE_MV,D,20161121,000000,32.7051,35.0394,30.7548,35.0394,0,0
IPE_MV,D,20161122,000000,35.8204,37.3744,35.0394,36.3985,0,0
IPE_MV,D,20161123,000000,36.3985,36.3985,33.8694,33.8694,0,0
IPE_MV,D,20161124,000000,35.6248,35.6248,35.6248,35.6248,0,0
IPE_MV,D,20161125,000000,35.6248,35.6248,33.4788,35.6248,0,0
IPE_MV,D,20161128,000000,36.0087,36.0087,36.0087,36.0087,0,0
IPE_MV,D,20161129,000000,36.2035,36.2035,35.4299,36.2035,0,0
IPE_MV,D,20161130,000000,36.2035,36.2035,34.4547,36.2035,0,0
IPE_MV,D,20161201,000000,36.2035,36.2035,35.0394,35.0394,0,0
IPE_MV,D,20161202,000000,35.0394,36.2035,34.2599,34.2599,0,0
IPE_MV,D,20161205,000000,35.8204,35.8204,35.8204,35.8204,0,0
IPE_MV,D,20161206,000000,36.0087,36.0087,36.0087,36.0087,0,0
IPE_MV,D,20161207,000000,36.0087,36.0087,35.0394,35.8204,0,0
IPE_MV,D,20161208,000000,35.8204,35.8204,35.8204,35.8204,0,0
IPE_MV,D,20161209,000000,35.8204,35.8204,33.8694,35.8204,0,0
IPE_MV,D,20161212,000000,35.6248,36.9831,35.6248,36.9831,0,0
IPE_MV,D,20161213,000000,38.9342,39.7086,38.9342,38.9342,0,0
IPE_MV,D,20161214,000000,38.9342,38.9342,36.9831,36.9831,0,0
IPE_MV,D,20161215,000000,37.9597,38.9342,37.9597,38.9342,0,0
IPE_MV,D,20161216,000000,38.9342,39.7086,38.9342,39.513,0,0
IPE_MV,D,20161219,000000,39.7086,39.7086,39.7086,39.7086,0,0
IPE_MV,D,20161220,000000,39.318,39.318,37.5685,39.1298,0,0
IPE_MV,D,20161221,000000,38.9342,39.7086,38.9342,38.9342,0,0
IPE_MV,D,20161222,000000,38.9342,38.9342,38.9342,38.9342,0,0
IPE_MV,D,20161223,000000,38.9342,38.9342,38.9342,38.9342,0,0
IPE_MV,D,20161227,000000,39.7086,39.7086,36.9831,38.9342,0,0
IPE_MV,D,20161228,000000,39.318,39.7086,36.9831,36.9831,0,0
IPE_MV,D,20161229,000000,37.9597,39.7086,37.9597,38.9342,0,0
IPE_MV,D,20161230,000000,39.7086,39.7086,35.6248,37.3744,0,0
IPE_MV,D,20170102,000000,40.8786,40.8786,37.5685,37.5685,0,0
IPE_MV,D,20170103,000000,38.9342,39.1298,36.5941,39.1298,0,0
IPE_MV,D,20170104,000000,38.9342,38.9342,37.7641,38.9342,0,0
IPE_MV,D,20170105,000000,38.9342,38.9342,35.8204,38.9342,0,0
IPE_MV,D,20170109,000000,38.9342,38.9342,37.9597,38.9342,0,0
IPE_MV,D,20170110,000000,38.9342,38.9342,38.9342,38.9342,0,0
IPE_MV,D,20170111,000000,38.9342,38.9342,36.9831,36.9831,0,0
IPE_MV,D,20170112,000000,38.9342,38.9342,36.3985,36.3985,0,0
IPE_MV,D,20170113,000000,38.7392,38.7392,35.4299,35.6248,0,0
IPE_MV,D,20170116,000000,36.0087,36.0087,36.0087,36.0087,0,0
IPE_MV,D,20170117,000000,36.0087,36.0087,36.0087,36.0087,0,0
IPE_MV,D,20170118,000000,35.8204,35.8204,35.8204,35.8204,0,0
IPE_MV,D,20170119,000000,35.8204,35.8204,35.8204,35.8204,0,0
IPE_MV,D,20170120,000000,35.8204,36.0087,34.6496,36.0087,0,0
IPE_MV,D,20170123,000000,36.0087,36.0087,33.0898,34.0642,0,0
IPE_MV,D,20170124,000000,35.8204,35.8204,33.0898,35.8204,0,0
IPE_MV,D,20170125,000000,36.0087,37.5685,32.5102,36.0087,0,0
IPE_MV,D,20170126,000000,37.7641,37.7641,35.0394,36.2035,0,0
IPE_MV,D,20170127,000000,38.7392,38.7392,35.0394,38.1539,0,0
IPE_MV,D,20170130,000000,38.5444,40.2933,38.5444,39.1298,0,0
IPE_MV,D,20170131,000000,40.2933,40.2933,36.2035,36.2035,0,0
IPE_MV,D,20170201,000000,37.7641,38.7392,36.2035,36.7889,0,0
IPE_MV,D,20170202,000000,38.3487,38.3487,36.3985,37.3744,0,0
IPE_MV,D,20170203,000000,37.3744,37.3744,37.3744,37.3744,0,0
IPE_MV,D,20170206,000000,37.3744,37.3744,36.5941,36.5941,0,0
IPE_MV,D,20170207,000000,37.3744,37.3744,36.9831,36.9831,0,0
IPE_MV,D,20170208,000000,36.5941,36.5941,35.235,36.2035,0,0
IPE_MV,D,20170209,000000,36.0087,36.0087,35.8204,35.8204,0,0
IPE_MV,D,20170210,000000,36.0087,36.0087,35.8204,36.0087,0,0
IPE_MV,D,20170213,000000,36.0087,36.0087,35.0394,36.0087,0,0
IPE_MV,D,20170214,000000,36.0087,36.0087,35.0394,35.0394,0,0
IPE_MV,D,20170215,000000,36.0087,36.0087,35.0394,35.8204,0,0
IPE_MV,D,20170216,000000,35.8204,35.8204,35.0394,35.0394,0,0
IPE_MV,D,20170217,000000,35.6248,35.6248,33.284,34.6496,0,0
IPE_MV,D,20170220,000000,35.8204,35.8204,33.4788,34.2599,0,0
IPE_MV,D,20170221,000000,35.235,35.235,35.235,35.235,0,0
IPE_MV,D,20170222,000000,35.235,35.8204,35.235,35.6248,0,0
IPE_MV,D,20170223,000000,35.8204,38.3487,34.0642,38.3487,0,0
IPE_MV,D,20170224,000000,38.3487,38.3487,36.7889,38.3487,0,0
IPE_MV,D,20170227,000000,38.3487,38.3487,38.3487,38.3487,0,0
IPE_MV,D,20170228,000000,38.3487,38.3487,36.9831,38.3487,0,0
IPE_MV,D,20170301,000000,38.3487,38.9342,37.3744,38.9342,0,0
IPE_MV,D,20170302,000000,38.9342,38.9342,38.9342,38.9342,0,0
IPE_MV,D,20170303,000000,38.9342,38.9342,37.7641,38.9342,0,0
IPE_MV,D,20170306,000000,38.9342,38.9342,38.5444,38.9342,0,0
IPE_MV,D,20170307,000000,38.9342,38.9342,38.7392,38.9342,0,0
IPE_MV,D,20170308,000000,37.7641,39.1298,37.7641,38.9342,0,0
IPE_MV,D,20170309,000000,38.9342,39.513,38.9342,39.513,0,0
IPE_MV,D,20170310,000000,39.513,39.513,38.9342,39.513,0,0
IPE_MV,D,20170313,000000,39.513,39.9035,39.513,39.9035,0,0
IPE_MV,D,20170314,000000,40.0984,44.5785,40.0984,42.8223,0,0
IPE_MV,D,20170315,000000,43.7975,45.5471,42.8223,42.8223,0,0
IPE_MV,D,20170316,000000,44.3829,44.3829,43.018,44.3829,0,0
IPE_MV,D,20170317,000000,44.3829,45.3587,43.4079,45.3587,0,0
IPE_MV,D,20170320,000000,45.5471,46.9121,45.3587,46.9121,0,0
IPE_MV,D,20170321,000000,46.9121,48.6616,46.718,47.6931,0,0
IPE_MV,D,20170322,000000,48.6616,48.8565,45.9369,48.6616,0,0
IPE_MV,D,20170323,000000,48.6616,48.8565,44.7735,46.5223,0,0
IPE_MV,D,20170324,000000,45.5471,47.1077,44.7735,45.1633,0,0
IPE_MV,D,20170327,000000,47.888,47.888,44.7735,44.7735,0,0
IPE_MV,D,20170328,000000,47.888,47.888,44.7735,44.7735,0,0
IPE_MV,D,20170329,000000,47.4975,47.4975,42.8223,43.6027,0,0
IPE_MV,D,20170330,000000,46.1326,46.3274,43.7975,46.3274,0,0
IPE_MV,D,20170331,000000,45.5471,46.3274,43.7975,46.3274,0,0
IPE_MV,D,20170403,000000,47.4975,47.4975,45.7421,46.9121,0,0
IPE_MV,D,20170404,000000,46.9121,46.9121,46.5223,46.9121,0,0
IPE_MV,D,20170405,000000,46.9121,46.9121,46.718,46.718,0,0
IPE_MV,D,20170406,000000,46.718,46.718,46.718,46.718,0,0
IPE_MV,D,20170407,000000,46.718,46.718,46.718,46.718,0,0
IPE_MV,D,20170410,000000,46.718,46.718,46.718,46.718,0,0
IPE_MV,D,20170411,000000,46.718,46.718,45.7421,46.1326,0,0
IPE_MV,D,20170412,000000,46.5223,46.5223,45.7421,45.9369,0,0
IPE_MV,D,20170413,000000,45.9369,45.9369,45.5471,45.7421,0,0
IPE_MV,D,20170418,000000,45.7421,45.7421,44.3829,44.3829,0,0
IPE_MV,D,20170419,000000,46.5223,46.5223,45.7421,45.7421,0,0
IPE_MV,D,20170420,000000,46.3274,46.3274,43.7975,44.7735,0,0
IPE_MV,D,20170421,000000,46.1326,46.1326,42.0487,42.0487,0,0
IPE_MV,D,20170424,000000,41.4634,42.8223,41.4634,42.4327,0,0
IPE_MV,D,20170425,000000,42.4327,42.4327,39.1298,40.4888,0,0
IPE_MV,D,20170426,000000,40.4888,40.4888,40.0984,40.0984,0,0
IPE_MV,D,20170427,000000,39.318,39.9035,39.1298,39.9035,0,0
IPE_MV,D,20170428,000000,39.318,40.0984,39.1298,39.513,0,0
IPE_MV,D,20170502,000000,42.4327,42.4327,38.3487,38.3487,0,0
IPE_MV,D,20170504,000000,42.0487,42.0487,38.3487,41.6589,0,0
IPE_MV,D,20170505,000000,41.2684,41.2684,41.2684,41.2684,0,0
IPE_MV,D,20170508,000000,41.2684,41.2684,39.1298,39.1298,0,0
IPE_MV,D,20170509,000000,41.2684,41.2684,41.2684,41.2684,0,0
IPE_MV,D,20170510,000000,41.0743,41.0743,41.0743,41.0743,0,0
IPE_MV,D,20170511,000000,40.8786,40.8786,40.8786,40.8786,0,0
IPE_MV,D,20170512,000000,40.8786,41.8538,39.318,41.8538,0,0
IPE_MV,D,20170515,000000,41.8538,41.8538,41.8538,41.8538,0,0
IPE_MV,D,20170516,000000,41.8538,41.8538,39.9035,40.8786,0,0
IPE_MV,D,20170517,000000,41.8538,41.8538,39.513,39.513,0,0
IPE_MV,D,20170518,000000,41.2684,41.2684,38.9342,41.0743,0,0
IPE_MV,D,20170519,000000,40.4888,41.0743,40.4888,41.0743,0,0
IPE_MV,D,20170522,000000,41.0743,41.0743,40.4888,41.0743,0,0
IPE_MV,D,20170523,000000,41.0743,41.0743,39.318,41.0743,0,0
IPE_MV,D,20170524,000000,41.0743,41.0743,41.0743,41.0743,0,0
IPE_MV,D,20170525,000000,41.0743,41.0743,38.9342,38.9342,0,0
IPE_MV,D,20170526,000000,40.6831,40.6831,40.6831,40.6831,0,0
IPE_MV,D,20170529,000000,40.4888,40.4888,40.4888,40.4888,0,0
IPE_MV,D,20170530,000000,40.4888,40.4888,38.9342,40.4888,0,0
IPE_MV,D,20170531,000000,40.4888,40.4888,40.4888,40.4888,0,0
IPE_MV,D,20170601,000000,40.4888,40.4888,40.4888,40.4888,0,0
IPE_MV,D,20170602,000000,40.6831,40.6831,39.1298,40.4888,0,0
IPE_MV,D,20170605,000000,40.4888,40.4888,38.7392,39.7086,0,0
IPE_MV,D,20170606,000000,41.0743,41.0743,38.5444,38.9342,0,0
IPE_MV,D,20170607,000000,40.6831,40.6831,40.6831,40.6831,0,0
IPE_MV,D,20170608,000000,40.6831,40.6831,38.1539,38.9342,0,0
IPE_MV,D,20170609,000000,40.6831,40.6831,37.9597,40.6831,0,0
IPE_MV,D,20170612,000000,40.6831,40.6831,40.2933,40.2933,0,0
IPE_MV,D,20170613,000000,37.9597,40.2933,37.9597,40.2933,0,0
IPE_MV,D,20170614,000000,39.7086,39.7086,39.318,39.513,0,0
IPE_MV,D,20170616,000000,39.9035,39.9035,39.7086,39.7086,0,0
IPE_MV,D,20170619,000000,39.9035,39.9035,39.7086,39.7086,0,0
IPE_MV,D,20170620,000000,39.318,40.0984,39.318,40.0984,0,0
IPE_MV,D,20170621,000000,40.0984,40.0984,38.9342,38.9342,0,0
IPE_MV,D,20170622,000000,38.9342,38.9342,38.7392,38.7392,0,0
IPE_MV,D,20170623,000000,38.7392,38.7392,37.9597,37.9597,0,0
IPE_MV,D,20170626,000000,38.7392,38.7392,35.0394,38.7392,0,0
IPE_MV,D,20170627,000000,38.7392,38.7392,34.8445,37.7641,0,0
IPE_MV,D,20170628,000000,38.5444,38.7392,35.0394,38.1539,0,0
IPE_MV,D,20170629,000000,38.1539,38.1539,36.7889,36.9831,0,0
IPE_MV,D,20170630,000000,36.9831,36.9831,33.284,33.284,0,0
IPE_MV,D,20170703,000000,37.3744,37.3744,34.6496,34.6496,0,0
IPE_MV,D,20170704,000000,35.0394,35.0394,35.0394,35.0394,0,0
IPE_MV,D,20170705,000000,36.3985,36.3985,32.8941,32.8941,0,0
IPE_MV,D,20170706,000000,33.489,33.6869,33.489,33.6869,0,0
IPE_MV,D,20170710,000000,33.6869,33.6869,33.6869,33.6869,0,0
IPE_MV,D,20170712,000000,34.0839,34.2832,33.2963,33.2963,0,0
IPE_MV,D,20170713,000000,36.4671,36.4671,35.673,35.673,0,0
IPE_MV,D,20170714,000000,36.2686,36.2686,36.2686,36.2686,0,0
IPE_MV,D,20170717,000000,37.2546,37.2546,37.0569,37.0569,0,0
IPE_MV,D,20170718,000000,37.0569,37.0569,34.6802,36.07,0,0
IPE_MV,D,20170719,000000,36.07,37.0569,36.07,37.0569,0,0
IPE_MV,D,20170720,000000,36.8575,36.8575,36.6597,36.6597,0,0
IPE_MV,D,20170721,000000,36.8575,36.8575,36.8575,36.8575,0,0
IPE_MV,D,20170724,000000,36.4671,36.4671,36.4671,36.4671,0,0
IPE_MV,D,20170725,000000,36.4671,36.4671,35.2758,35.2758,0,0
IPE_MV,D,20170726,000000,35.2758,36.8575,34.481,35.8715,0,0
IPE_MV,D,20170727,000000,35.8715,35.8715,31.9066,31.9066,0,0
IPE_MV,D,20170728,000000,34.2832,34.2832,33.489,33.489,0,0
IPE_MV,D,20170731,000000,33.489,34.0839,32.5022,33.489,0,0
IPE_MV,D,20170801,000000,33.6869,34.481,32.5022,33.0978,0,0
IPE_MV,D,20170802,000000,33.0978,33.0978,31.7074,32.7008,0,0
IPE_MV,D,20170803,000000,32.7008,34.0839,32.7008,33.0978,0,0
IPE_MV,D,20170804,000000,34.0839,34.0839,32.8991,32.8991,0,0
IPE_MV,D,20170807,000000,32.8991,34.0839,31.9066,31.9066,0,0
IPE_MV,D,20170808,000000,32.1044,32.7008,30.1264,30.7154,0,0
IPE_MV,D,20170809,000000,31.9066,31.9066,29.133,30.9131,0,0
IPE_MV,D,20170810,000000,31.7074,31.7074,29.133,31.1125,0,0
IPE_MV,D,20170811,000000,31.3102,31.3102,31.3102,31.3102,0,0
IPE_MV,D,20170814,000000,31.7074,31.7074,29.133,30.3176,0,0
IPE_MV,D,20170816,000000,31.7074,31.7074,28.1396,28.1396,0,0
IPE_MV,D,20170817,000000,29.3308,29.3308,29.3308,29.3308,0,0
IPE_MV,D,20170818,000000,28.7359,28.7359,28.7359,28.7359,0,0
IPE_MV,D,20170821,000000,29.133,29.3308,27.9418,27.9418,0,0
IPE_MV,D,20170822,000000,28.9336,28.9336,26.9548,28.1396,0,0
IPE_MV,D,20170823,000000,28.5366,28.5366,26.1607,28.5366,0,0
IPE_MV,D,20170824,000000,28.5366,28.5366,26.7563,27.5439,0,0
IPE_MV,D,20170825,000000,28.7359,28.9336,27.7424,28.5366,0,0
IPE_MV,D,20170828,000000,29.53,29.7285,28.5366,29.7285,0,0
IPE_MV,D,20170829,000000,29.7285,29.7285,27.7424,28.3388,0,0
IPE_MV,D,20170830,000000,27.7424,27.7424,27.7424,27.7424,0,0
IPE_MV,D,20170831,000000,29.3308,31.3102,29.3308,29.7285,0,0
IPE_MV,D,20170901,000000,29.3308,29.3308,27.9418,29.3308,0,0
IPE_MV,D,20170904,000000,29.3308,29.3308,29.133,29.133,0,0
IPE_MV,D,20170905,000000,29.133,29.133,29.133,29.133,0,0
IPE_MV,D,20170906,000000,29.133,29.133,27.3454,28.9336,0,0
IPE_MV,D,20170907,000000,29.133,29.133,29.133,29.133,0,0
IPE_MV,D,20170908,000000,29.133,29.133,27.9418,27.9418,0,0
IPE_MV,D,20170911,000000,28.5366,28.5366,27.3454,27.3454,0,0
IPE_MV,D,20170912,000000,27.5439,27.7424,27.5439,27.7424,0,0
IPE_MV,D,20170913,000000,28.5366,28.5366,28.5366,28.5366,0,0
IPE_MV,D,20170914,000000,28.5366,28.5366,28.5366,28.5366,0,0
IPE_MV,D,20170915,000000,27.9418,28.1396,27.7424,28.1396,0,0
IPE_MV,D,20170918,000000,28.5366,28.5366,27.9418,28.5366,0,0
IPE_MV,D,20170919,000000,29.53,30.9131,29.53,29.7285,0,0
IPE_MV,D,20170920,000000,29.7285,29.7285,29.7285,29.7285,0,0
IPE_MV,D,20170921,000000,29.7285,30.1264,29.7285,30.1264,0,0
IPE_MV,D,20170922,000000,30.1264,30.1264,30.1264,30.1264,0,0
IPE_MV,D,20170925,000000,30.1264,30.1264,29.9271,30.1264,0,0
IPE_MV,D,20170926,000000,30.1264,30.5162,29.7285,30.5162,0,0
IPE_MV,D,20170927,000000,30.5162,30.5162,28.7359,30.5162,0,0
IPE_MV,D,20170928,000000,30.5162,30.5162,30.5162,30.5162,0,0
IPE_MV,D,20170929,000000,27.9418,27.9418,27.9418,27.9418,0,0
IPE_MV,D,20171002,000000,30.1264,30.1264,29.53,29.53,0,0
IPE_MV,D,20171003,000000,29.53,29.7285,29.53,29.53,0,0
IPE_MV,D,20171004,000000,29.3308,29.53,27.7424,29.3308,0,0
IPE_MV,D,20171005,000000,29.3308,29.3308,29.3308,29.3308,0,0
IPE_MV,D,20171006,000000,29.3308,31.7074,29.133,29.7285,0,0
IPE_MV,D,20171009,000000,31.1125,31.1125,28.3388,28.3388,0,0
IPE_MV,D,20171010,000000,30.9131,31.1125,27.9418,28.9336,0,0
IPE_MV,D,20171011,000000,29.133,29.133,27.9418,28.9336,0,0
IPE_MV,D,20171012,000000,28.9336,29.3308,28.7359,29.3308,0,0
IPE_MV,D,20171013,000000,29.3308,29.3308,29.3308,29.3308,0,0
IPE_MV,D,20171016,000000,29.3308,29.3308,29.3308,29.3308,0,0
IPE_MV,D,20171017,000000,29.133,29.133,29.133,29.133,0,0
IPE_MV,D,20171018,000000,28.7359,29.133,28.1396,28.9336,0,0
IPE_MV,D,20171019,000000,28.9336,28.9336,28.9336,28.9336,0,0
IPE_MV,D,20171020,000000,28.9336,28.9336,27.9418,28.9336,0,0
IPE_MV,D,20171023,000000,28.9336,28.9336,28.9336,28.9336,0,0
IPE_MV,D,20171024,000000,28.9336,29.133,28.9336,29.133,0,0
IPE_MV,D,20171025,000000,28.9336,28.9336,28.7359,28.9336,0,0
IPE_MV,D,20171026,000000,28.9336,28.9336,28.3388,28.9336,0,0
IPE_MV,D,20171027,000000,28.9336,29.133,28.9336,29.133,0,0
IPE_MV,D,20171030,000000,29.133,31.9066,29.133,31.7074,0,0
IPE_MV,D,20171031,000000,31.5095,31.7074,30.9131,30.9131,0,0
IPE_MV,D,20171102,000000,30.7154,30.7154,30.7154,30.7154,0,0
IPE_MV,D,20171103,000000,30.7154,30.7154,30.7154,30.7154,0,0
IPE_MV,D,20171106,000000,29.9271,31.5095,29.7285,29.7285,0,0
IPE_MV,D,20171107,000000,31.1125,31.1125,29.7285,31.1125,0,0
IPE_MV,D,20171108,000000,31.1125,31.1125,30.9131,31.1125,0,0
IPE_MV,D,20171109,000000,31.1125,31.1125,30.5162,30.5162,0,0
IPE_MV,D,20171110,000000,30.9131,30.9131,29.7285,30.5162,0,0
IPE_MV,D,20171113,000000,31.1125,31.1125,29.7285,30.5162,0,0
IPE_MV,D,20171114,000000,31.1125,31.1125,30.5162,30.5162,0,0
IPE_MV,D,20171115,000000,30.5162,30.5162,30.5162,30.5162,0,0
IPE_MV,D,20171116,000000,30.5162,30.5162,30.5162,30.5162,0,0
IPE_MV,D,20171117,000000,29.7285,30.5162,29.7285,29.7285,0,0
IPE_MV,D,20171120,000000,29.7285,31.1125,29.7285,30.7154,0,0
IPE_MV,D,20171121,000000,30.7154,30.9131,30.7154,30.7154,0,0
IPE_MV,D,20171122,000000,30.7154,30.7154,30.5162,30.5162,0,0
IPE_MV,D,20171123,000000,30.5162,30.5162,30.5162,30.5162,0,0
IPE_MV,D,20171124,000000,30.7154,30.7154,30.5162,30.5162,0,0
IPE_MV,D,20171127,000000,30.7154,30.7154,30.5162,30.5162,0,0
IPE_MV,D,20171128,000000,30.5162,30.5162,29.133,29.133,0,0
IPE_MV,D,20171129,000000,29.133,30.1264,29.133,30.1264,0,0
IPE_MV,D,20171130,000000,30.5162,30.5162,29.7285,30.5162,0,0
IPE_MV,D,20171201,000000,30.3176,30.3176,28.5366,30.3176,0,0
IPE_MV,D,20171204,000000,30.1264,30.1264,29.133,29.133,0,0
IPE_MV,D,20171205,000000,28.7359,28.7359,28.7359,28.7359,0,0
IPE_MV,D,20171206,000000,28.5366,28.5366,28.3388,28.3388,0,0
IPE_MV,D,20171207,000000,28.3388,28.3388,27.7424,27.7424,0,0
IPE_MV,D,20171208,000000,28.5366,28.5366,27.3454,28.3388,0,0
IPE_MV,D,20171211,000000,28.5366,28.5366,26.5579,26.9548,0,0
IPE_MV,D,20171212,000000,26.7563,26.7563,26.5579,26.7563,0,0
IPE_MV,D,20171213,000000,26.3592,26.3592,25.7636,26.3592,0,0
IPE_MV,D,20171214,000000,26.7563,26.7563,26.3592,26.5579,0,0
IPE_MV,D,20171215,000000,26.7563,26.7563,26.7563,26.7563,0,0
IPE_MV,D,20171218,000000,25.7636,26.7563,25.7636,26.7563,0,0
IPE_MV,D,20171219,000000,26.7563,26.7563,24.5718,24.5718,0,0
IPE_MV,D,20171220,000000,26.3592,26.3592,24.7702,26.1607,0,0
IPE_MV,D,20171221,000000,25.7636,25.7636,24.7702,24.7702,0,0
IPE_MV,D,20171222,000000,24.7702,25.7636,24.7702,25.7636,0,0
IPE_MV,D,20171227,000000,24.7702,25.7636,24.7702,25.5651,0,0
IPE_MV,D,20171228,000000,25.3659,25.5651,25.3659,25.5651,0,0
IPE_MV,D,20171229,000000,26.7563,26.7563,26.5579,26.5579,0,0
IPE_MV,D,20180103,000000,26.5579,26.5579,24.9688,24.9688,0,0
IPE_MV,D,20180104,000000,26.5579,26.5579,26.5579,26.5579,0,0
IPE_MV,D,20180105,000000,26.7563,26.7563,26.5579,26.7563,0,0
IPE_MV,D,20180108,000000,26.7563,26.7563,25.7636,26.7563,0,0
IPE_MV,D,20180109,000000,25.7636,26.7563,25.7636,26.7563,0,0
IPE_MV,D,20180110,000000,26.7563,27.7424,26.1607,27.7424,0,0
IPE_MV,D,20180111,000000,27.7424,27.7424,27.7424,27.7424,0,0
IPE_MV,D,20180112,000000,27.7424,28.9336,27.7424,28.9336,0,0
IPE_MV,D,20180115,000000,29.133,30.5162,29.133,30.1264,0,0
IPE_MV,D,20180116,000000,30.5162,32.1044,30.1264,32.1044,0,0
IPE_MV,D,20180117,000000,31.7074,32.1044,30.5162,30.9131,0,0
IPE_MV,D,20180118,000000,31.9066,32.1044,28.7359,28.7359,0,0
IPE_MV,D,20180119,000000,28.7359,29.53,28.7359,28.7359,0,0
IPE_MV,D,20180122,000000,29.53,29.7285,29.3308,29.7285,0,0
IPE_MV,D,20180123,000000,31.5095,31.5095,29.3308,29.3308,0,0
IPE_MV,D,20180124,000000,30.3176,30.5162,30.3176,30.5162,0,0
IPE_MV,D,20180125,000000,30.5162,30.5162,30.5162,30.5162,0,0
IPE_MV,D,20180126,000000,30.5162,30.5162,29.7285,29.7285,0,0
IPE_MV,D,20180129,000000,30.5162,30.5162,29.7285,30.5162,0,0
IPE_MV,D,20180130,000000,30.5162,31.9066,30.5162,31.5095,0,0
IPE_MV,D,20180131,000000,31.9066,31.9066,30.1264,30.3176,0,0
IPE_MV,D,20180201,000000,31.9066,31.9066,30.7154,31.3102,0,0
IPE_MV,D,20180202,000000,31.5095,31.5095,30.5162,31.1125,0,0
IPE_MV,D,20180205,000000,31.5095,31.5095,30.9131,30.9131,0,0
IPE_MV,D,20180206,000000,30.9131,30.9131,30.1264,30.7154,0,0
IPE_MV,D,20180207,000000,31.5095,31.5095,31.3102,31.3102,0,0
IPE_MV,D,20180208,000000,31.3102,31.5095,31.3102,31.5095,0,0
IPE_MV,D,20180209,000000,31.5095,31.5095,31.3102,31.3102,0,0
IPE_MV,D,20180212,000000,31.3102,31.3102,31.3102,31.3102,0,0
IPE_MV,D,20180213,000000,31.3102,31.3102,31.3102,31.3102,0,0
IPE_MV,D,20180214,000000,30.7154,31.3102,30.7154,31.3102,0,0
IPE_MV,D,20180215,000000,31.3102,31.7074,30.5162,31.7074,0,0
IPE_MV,D,20180216,000000,31.5095,31.5095,31.5095,31.5095,0,0
IPE_MV,D,20180219,000000,31.5095,31.5095,30.3176,30.3176,0,0
IPE_MV,D,20180220,000000,30.7154,30.7154,30.1264,30.1264,0,0
IPE_MV,D,20180221,000000,30.1264,30.1264,30.1264,30.1264,0,0
IPE_MV,D,20180226,000000,31.3102,31.3102,30.5162,31.3102,0,0
IPE_MV,D,20180227,000000,31.3102,31.3102,30.3176,31.3102,0,0
IPE_MV,D,20180228,000000,31.1125,31.3102,30.1264,31.3102,0,0
IPE_MV,D,20180301,000000,31.3102,31.3102,30.3176,31.3102,0,0
IPE_MV,D,20180302,000000,31.3102,31.3102,30.7154,31.3102,0,0
IPE_MV,D,20180305,000000,31.3102,31.3102,30.1264,30.1264,0,0
IPE_MV,D,20180306,000000,31.3102,31.3102,30.1264,30.3176,0,0
IPE_MV,D,20180307,000000,31.3102,31.3102,30.3176,31.3102,0,0
IPE_MV,D,20180308,000000,31.3102,31.3102,30.3176,31.3102,0,0
IPE_MV,D,20180309,000000,31.1125,31.9066,30.9131,30.9131,0,0
IPE_MV,D,20180312,000000,30.7154,31.7074,30.7154,31.7074,0,0
IPE_MV,D,20180313,000000,31.7074,31.7074,30.5162,31.3102,0,0
IPE_MV,D,20180314,000000,31.3102,31.3102,31.3102,31.3102,0,0
IPE_MV,D,20180315,000000,31.3102,31.5095,31.3102,31.5095,0,0
IPE_MV,D,20180316,000000,31.3102,31.3102,31.1125,31.1125,0,0
IPE_MV,D,20180319,000000,31.3102,31.5095,31.3102,31.5095,0,0
IPE_MV,D,20180320,000000,31.3102,31.3102,30.7154,30.7154,0,0
IPE_MV,D,20180321,000000,31.3102,31.3102,30.7154,30.7154,0,0
IPE_MV,D,20180322,000000,30.7154,30.7154,30.5162,30.7154,0,0
IPE_MV,D,20180323,000000,30.7154,30.7154,30.1264,30.1264,0,0
IPE_MV,D,20180326,000000,30.1264,30.1264,29.7285,29.7285,0,0
IPE_MV,D,20180327,000000,29.7285,29.7285,29.7285,29.7285,0,0
IPE_MV,D,20180328,000000,29.7285,30.1264,29.53,29.9271,0,0
IPE_MV,D,20180329,000000,29.9271,29.9271,29.133,29.133,0,0
IPE_MV,D,20180403,000000,29.3308,29.3308,28.7359,28.7359,0,0
IPE_MV,D,20180404,000000,28.5366,29.7285,28.5366,29.7285,0,0
IPE_MV,D,20180405,000000,29.7285,29.7285,28.5366,29.7285,0,0
IPE_MV,D,20180406,000000,29.7285,29.7285,28.5366,29.7285,0,0
IPE_MV,D,20180409,000000,28.5366,29.7285,28.5366,29.7285,0,0
IPE_MV,D,20180410,000000,29.7285,29.7285,28.3388,28.3388,0,0
IPE_MV,D,20180411,000000,29.7285,29.7285,28.1396,28.1396,0,0
IPE_MV,D,20180412,000000,29.7285,29.7285,27.7424,27.7424,0,0
IPE_MV,D,20180413,000000,29.7285,29.7285,27.7424,29.7285,0,0
IPE_MV,D,20180416,000000,29.7285,29.7285,26.7563,26.7563,0,0
IPE_MV,D,20180417,000000,26.5579,26.5579,25.7636,26.5579,0,0
IPE_MV,D,20180418,000000,26.5579,26.5579,25.7636,25.9622,0,0
IPE_MV,D,20180419,000000,25.7636,25.7636,24.1747,25.7636,0,0
IPE_MV,D,20180420,000000,25.7636,25.7636,24.9688,24.9688,0,0
IPE_MV,D,20180423,000000,25.7636,25.7636,24.7702,24.7702,0,0
IPE_MV,D,20180424,000000,24.7702,24.7702,24.5718,24.7702,0,0
IPE_MV,D,20180425,000000,24.7702,24.7702,24.3732,24.7702,0,0
IPE_MV,D,20180426,000000,24.7702,24.7702,24.3732,24.7702,0,0
IPE_MV,D,20180427,000000,24.7702,24.7702,23.7841,24.7702,0,0
IPE_MV,D,20180430,000000,24.7702,24.7702,24.7702,24.7702,0,0
IPE_MV,D,20180502,000000,23.7841,24.9688,23.7841,24.9688,0,0
IPE_MV,D,20180504,000000,26.7563,26.7563,24.1747,24.1747,0,0
IPE_MV,D,20180507,000000,25.9622,25.9622,25.9622,25.9622,0,0
IPE_MV,D,20180508,000000,25.7636,25.7636,25.7636,25.7636,0,0
IPE_MV,D,20180509,000000,25.7636,25.7636,24.7702,24.7702,0,0
IPE_MV,D,20180510,000000,24.9688,24.9688,24.9688,24.9688,0,0
IPE_MV,D,20180511,000000,23.7841,24.9688,23.7841,24.9688,0,0
IPE_MV,D,20180514,000000,24.7702,24.7702,23.7841,23.7841,0,0
IPE_MV,D,20180515,000000,24.7702,24.7702,24.3732,24.3732,0,0
IPE_MV,D,20180516,000000,24.7702,24.7702,23.7841,24.7702,0,0
IPE_MV,D,20180517,000000,23.7841,25.9622,23.7841,25.9622,0,0
IPE_MV,D,20180518,000000,25.9622,25.9622,25.9622,25.9622,0,0
IPE_MV,D,20180521,000000,25.9622,25.9622,24.5718,25.9622,0,0
IPE_MV,D,20180522,000000,25.1681,25.1681,25.1681,25.1681,0,0
IPE_MV,D,20180523,000000,25.1681,25.1681,23.9761,24.7702,0,0
IPE_MV,D,20180524,000000,24.7702,24.7702,24.7702,24.7702,0,0
IPE_MV,D,20180525,000000,24.7702,24.7702,24.7702,24.7702,0,0
IPE_MV,D,20180528,000000,25.9622,25.9622,24.7702,25.9622,0,0
IPE_MV,D,20180529,000000,25.9622,25.9622,23.7841,25.9622,0,0
IPE_MV,D,20180530,000000,25.9622,25.9622,24.3732,25.9622,0,0
IPE_MV,D,20180601,000000,25.9622,25.9622,25.9622,25.9622,0,0
IPE_MV,D,20180604,000000,25.1681,25.1681,25.1681,25.1681,0,0
IPE_MV,D,20180605,000000,25.1681,25.1681,24.1747,25.1681,0,0
IPE_MV,D,20180606,000000,25.1681,25.1681,25.1681,25.1681,0,0
IPE_MV,D,20180607,000000,24.9688,25.1681,24.9688,24.9688,0,0
IPE_MV,D,20180608,000000,25.1681,25.1681,24.9688,25.1681,0,0
IPE_MV,D,20180611,000000,25.1681,25.1681,25.1681,25.1681,0,0
IPE_MV,D,20180612,000000,25.1681,25.1681,25.1681,25.1681,0,0
IPE_MV,D,20180613,000000,25.1681,25.1681,25.1681,25.1681,0,0
IPE_MV,D,20180614,000000,27.011,27.011,25.1659,25.1659,0,0
IPE_MV,D,20180615,000000,25.1659,26.3964,24.7556,24.7556,0,0
IPE_MV,D,20180618,000000,24.3528,24.3528,24.3528,24.3528,0,0
IPE_MV,D,20180619,000000,24.3528,24.3528,24.3528,24.3528,0,0
IPE_MV,D,20180620,000000,24.1476,24.1476,24.1476,24.1476,0,0
IPE_MV,D,20180621,000000,23.9426,23.9426,23.9426,23.9426,0,0
IPE_MV,D,20180622,000000,23.7374,24.1476,22.5075,24.1476,0,0
IPE_MV,D,20180625,000000,24.1476,24.1476,24.1476,24.1476,0,0
IPE_MV,D,20180626,000000,23.5324,23.5324,23.5324,23.5324,0,0
IPE_MV,D,20180627,000000,24.1476,24.1476,24.1476,24.1476,0,0
IPE_MV,D,20180628,000000,24.1476,24.1476,22.7119,24.1476,0,0
IPE_MV,D,20180629,000000,24.1476,24.1476,24.1476,24.1476,0,0
IPE_MV,D,20180702,000000,24.1476,24.1476,24.1476,24.1476,0,0
IPE_MV,D,20180703,000000,24.1476,24.1476,24.1476,24.1476,0,0
IPE_MV,D,20180704,000000,24.1476,24.1476,22.9169,24.1476,0,0
IPE_MV,D,20180705,000000,24.1476,24.1476,24.1476,24.1476,0,0
IPE_MV,D,20180706,000000,24.1476,24.1476,24.1476,24.1476,0,0
IPE_MV,D,20180709,000000,22.9169,24.1476,22.9169,24.1476,0,0
IPE_MV,D,20180710,000000,24.1476,24.1476,22.9169,24.1476,0,0
IPE_MV,D,20180711,000000,24.1476,24.1476,24.1476,24.1476,0,0
IPE_MV,D,20180712,000000,24.1476,24.1476,24.1476,24.1476,0,0
IPE_MV,D,20180713,000000,22.7119,23.9426,22.7119,23.5324,0,0
IPE_MV,D,20180716,000000,23.5324,23.5324,23.5324,23.5324,0,0
IPE_MV,D,20180717,000000,23.5324,23.7374,23.5324,23.7374,0,0
IPE_MV,D,20180718,000000,23.7374,23.7374,23.7374,23.7374,0,0
IPE_MV,D,20180719,000000,23.7374,23.7374,22.9169,23.7374,0,0
IPE_MV,D,20180720,000000,23.7374,23.7374,23.7374,23.7374,0,0
IPE_MV,D,20180723,000000,23.7374,25.1659,23.7374,24.9608,0,0
IPE_MV,D,20180724,000000,24.9608,24.9608,24.9608,24.9608,0,0
IPE_MV,D,20180725,000000,24.9608,24.9608,24.9608,24.9608,0,0
IPE_MV,D,20180726,000000,24.9608,24.9608,24.9608,24.9608,0,0
IPE_MV,D,20180727,000000,24.9608,24.9608,24.9608,24.9608,0,0
IPE_MV,D,20180730,000000,24.9608,24.9608,24.9608,24.9608,0,0
IPE_MV,D,20180731,000000,24.9608,24.9608,24.9608,24.9608,0,0
IPE_MV,D,20180801,000000,25.371,25.371,25.371,25.371,0,0
IPE_MV,D,20180802,000000,25.371,25.371,25.371,25.371,0,0
IPE_MV,D,20180803,000000,25.371,25.371,25.371,25.371,0,0
IPE_MV,D,20180806,000000,25.371,26.1914,25.371,25.371,0,0
IPE_MV,D,20180807,000000,26.1914,26.1914,25.7812,26.1914,0,0
IPE_MV,D,20180808,000000,26.1914,26.1914,25.576,26.1914,0,0
IPE_MV,D,20180809,000000,26.1914,27.011,25.9863,27.011,0,0
IPE_MV,D,20180810,000000,26.6016,26.6016,24.3528,24.3528,0,0
IPE_MV,D,20180813,000000,25.7812,25.7812,24.3528,25.7812,0,0
IPE_MV,D,20180814,000000,25.7812,25.9863,25.7812,25.7812,0,0
IPE_MV,D,20180816,000000,25.9863,25.9863,25.9863,25.9863,0,0
IPE_MV,D,20180817,000000,25.9863,25.9863,25.9863,25.9863,0,0
IPE_MV,D,20180820,000000,25.9863,25.9863,25.9863,25.9863,0,0
IPE_MV,D,20180821,000000,25.9863,25.9863,25.9863,25.9863,0,0
IPE_MV,D,20180822,000000,25.9863,26.3964,25.9863,26.3964,0,0
IPE_MV,D,20180823,000000,26.3964,26.3964,26.3964,26.3964,0,0
IPE_MV,D,20180828,000000,28.8496,28.8496,28.8496,28.8496,0,0
IPE_MV,D,20180829,000000,27.6265,28.6446,26.806,28.6446,0,0
IPE_MV,D,20180830,000000,28.6446,28.6446,28.6446,28.6446,0,0
IPE_MV,D,20180831,000000,28.6446,29.2599,25.576,25.576,0,0
IPE_MV,D,20180903,000000,26.1914,26.1914,25.371,25.576,0,0
IPE_MV,D,20180904,000000,27.6265,27.6265,25.576,26.806,0,0
IPE_MV,D,20180905,000000,27.6265,27.6265,24.1476,25.7812,0,0
IPE_MV,D,20180906,000000,25.7812,25.7812,23.1222,24.5578,0,0
IPE_MV,D,20180907,000000,24.5578,25.576,23.7374,25.576,0,0
IPE_MV,D,20180910,000000,25.576,25.576,24.5578,24.5578,0,0
IPE_MV,D,20180911,000000,24.7556,24.7556,24.5578,24.7556,0,0
IPE_MV,D,20180912,000000,23.9426,24.7556,22.7119,24.7556,0,0
IPE_MV,D,20180913,000000,24.7556,24.7556,24.7556,24.7556,0,0
IPE_MV,D,20180914,000000,24.7556,24.7556,24.7556,24.7556,0,0
IPE_MV,D,20180917,000000,25.576,25.576,23.7374,23.7374,0,0
IPE_MV,D,20180918,000000,24.5578,24.5578,24.5578,24.5578,0,0
IPE_MV,D,20180919,000000,25.576,25.576,25.576,25.576,0,0
IPE_MV,D,20180920,000000,25.576,25.576,25.576,25.576,0,0
IPE_MV,D,20180921,000000,25.576,25.576,22.9169,23.3272,0,0
IPE_MV,D,20180924,000000,24.9608,24.9608,24.1476,24.9608,0,0
IPE_MV,D,20180925,000000,25.576,25.576,24.5578,25.576,0,0
IPE_MV,D,20180926,000000,25.576,25.576,25.576,25.576,0,0
IPE_MV,D,20180927,000000,25.576,25.576,25.576,25.576,0,0
IPE_MV,D,20180928,000000,25.576,26.6016,25.576,25.576,0,0
IPE_MV,D,20181001,000000,25.576,25.576,25.576,25.576,0,0
IPE_MV,D,20181002,000000,27.6265,27.6265,27.6265,27.6265,0,0
IPE_MV,D,20181003,000000,26.6016,26.6016,26.6016,26.6016,0,0
IPE_MV,D,20181004,000000,27.6265,27.6265,26.6016,27.6265,0,0
IPE_MV,D,20181005,000000,27.6265,27.6265,24.9608,25.7812,0,0
IPE_MV,D,20181008,000000,27.6265,27.6265,24.3528,24.5578,0,0
IPE_MV,D,20181009,000000,25.576,25.576,25.576,25.576,0,0
IPE_MV,D,20181010,000000,24.5578,24.5578,24.5578,24.5578,0,0
IPE_MV,D,20181011,000000,24.5578,24.5578,24.5578,24.5578,0,0
IPE_MV,D,20181012,000000,24.5578,24.5578,24.5578,24.5578,0,0
IPE_MV,D,20181015,000000,24.5578,24.5578,24.5578,24.5578,0,0
IPE_MV,D,20181016,000000,24.1476,24.3528,24.1476,24.3528,0,0
IPE_MV,D,20181017,000000,24.3528,24.5578,24.3528,24.5578,0,0
IPE_MV,D,20181018,000000,24.5578,24.5578,24.5578,24.5578,0,0
IPE_MV,D,20181019,000000,24.5578,24.5578,24.5578,24.5578,0,0
IPE_MV,D,20181022,000000,24.3528,24.5578,24.3528,24.5578,0,0
IPE_MV,D,20181023,000000,24.3528,24.5578,24.3528,24.5578,0,0
IPE_MV,D,20181024,000000,24.3528,24.3528,24.3528,24.3528,0,0
IPE_MV,D,20181025,000000,24.3528,24.3528,24.1476,24.3528,0,0
IPE_MV,D,20181026,000000,24.3528,24.5578,24.1476,24.5578,0,0
IPE_MV,D,20181029,000000,24.5578,24.5578,24.5578,24.5578,0,0
IPE_MV,D,20181030,000000,24.5578,24.5578,22.7119,24.3528,0,0
IPE_MV,D,20181031,000000,24.3528,24.3528,24.3528,24.3528,0,0
IPE_MV,D,20181102,000000,24.3528,24.3528,24.3528,24.3528,0,0
IPE_MV,D,20181105,000000,24.3528,24.3528,22.9169,24.3528,0,0
IPE_MV,D,20181106,000000,24.3528,24.3528,23.7374,23.7374,0,0
IPE_MV,D,20181107,000000,24.3528,24.3528,22.9169,23.7374,0,0
IPE_MV,D,20181108,000000,23.7374,23.7374,23.7374,23.7374,0,0
IPE_MV,D,20181109,000000,23.7374,23.7374,22.7119,23.7374,0,0
IPE_MV,D,20181113,000000,23.7374,23.7374,23.7374,23.7374,0,0
IPE_MV,D,20181114,000000,23.7374,23.7374,22.3024,23.7374,0,0
IPE_MV,D,20181115,000000,23.7374,23.7374,23.7374,23.7374,0,0
IPE_MV,D,20181116,000000,23.7374,23.7374,23.7374,23.7374,0,0
IPE_MV,D,20181119,000000,23.7374,23.7374,23.7374,23.7374,0,0
IPE_MV,D,20181120,000000,23.7374,23.7374,22.3024,22.3024,0,0
IPE_MV,D,20181121,000000,22.0973,22.0973,20.4637,20.6688,0,0
IPE_MV,D,20181122,000000,21.0783,21.0783,21.0783,21.0783,0,0
IPE_MV,D,20181123,000000,21.2835,22.9169,20.4637,22.9169,0,0
IPE_MV,D,20181126,000000,22.5075,22.5075,22.5075,22.5075,0,0
IPE_MV,D,20181127,000000,21.482,21.482,20.4637,21.2835,0,0
IPE_MV,D,20181128,000000,20.4637,20.4637,20.0536,20.2587,0,0
IPE_MV,D,20181129,000000,22.0973,22.0973,20.6688,22.0973,0,0
IPE_MV,D,20181130,000000,23.7374,23.7374,20.6688,22.0973,0,0
IPE_MV,D,20181203,000000,23.7374,23.7374,23.7374,23.7374,0,0
IPE_MV,D,20181204,000000,23.7374,23.7374,23.7374,23.7374,0,0
IPE_MV,D,20181205,000000,23.7374,23.7374,23.7374,23.7374,0,0
IPE_MV,D,20181206,000000,23.7374,23.7374,23.7374,23.7374,0,0
IPE_MV,D,20181207,000000,23.7374,23.7374,23.7374,23.7374,0,0
IPE_MV,D,20181210,000000,23.7374,23.7374,23.7374,23.7374,0,0
IPE_MV,D,20181211,000000,23.7374,23.7374,23.5324,23.5324,0,0
IPE_MV,D,20181212,000000,23.5324,23.5324,22.5075,22.5075,0,0
IPE_MV,D,20181213,000000,23.5324,23.5324,19.2332,19.2332,0,0
IPE_MV,D,20181214,000000,19.4382,22.0973,18.8229,22.0973,0,0
IPE_MV,D,20181217,000000,23.5324,23.5324,21.2835,21.2835,0,0
IPE_MV,D,20181218,000000,22.5075,22.5075,20.2587,20.2587,0,0
IPE_MV,D,20181219,000000,21.2835,21.2835,19.2332,19.2332,0,0
IPE_MV,D,20181220,000000,20.874,21.2835,20.6688,20.6688,0,0
IPE_MV,D,20181221,000000,22.0973,22.0973,21.482,21.6871,0,0
IPE_MV,D,20181227,000000,22.5075,22.5075,22.5075,22.5075,0,0
IPE_MV,D,20181228,000000,21.8922,24.5578,21.8922,24.5578,0,0
IPE_MV,D,20190102,000000,24.5578,24.7556,24.5578,24.5578,0,0
IPE_MV,D,20190103,000000,24.7556,24.7556,24.7556,24.7556,0,0
IPE_MV,D,20190104,000000,24.9608,24.9608,24.9608,24.9608,0,0
IPE_MV,D,20190107,000000,22.5075,24.3528,22.5075,22.7119,0,0
IPE_MV,D,20190108,000000,23.7374,23.7374,23.1222,23.1222,0,0
IPE_MV,D,20190109,000000,23.9426,23.9426,23.9426,23.9426,0,0
IPE_MV,D,20190110,000000,23.9426,23.9426,23.9426,23.9426,0,0
IPE_MV,D,20190111,000000,23.9426,23.9426,23.9426,23.9426,0,0
IPE_MV,D,20190114,000000,23.9426,23.9426,23.9426,23.9426,0,0
IPE_MV,D,20190118,000000,24.1476,25.9863,24.1476,25.371,0,0
IPE_MV,D,20190121,000000,23.5324,25.371,23.5324,23.9426,0,0
IPE_MV,D,20190122,000000,24.7556,24.7556,24.3528,24.3528,0,0
IPE_MV,D,20190123,000000,25.576,25.7812,24.3528,25.7812,0,0
IPE_MV,D,20190124,000000,27.011,27.011,26.3964,26.3964,0,0
IPE_MV,D,20190125,000000,27.011,27.011,24.9608,25.576,0,0
IPE_MV,D,20190128,000000,25.576,25.576,25.576,25.576,0,0
IPE_MV,D,20190129,000000,25.576,25.576,25.576,25.576,0,0
IPE_MV,D,20190130,000000,25.576,25.576,25.576,25.576,0,0
IPE_MV,D,20190131,000000,25.576,25.576,25.576,25.576,0,0
IPE_MV,D,20190201,000000,25.576,25.576,25.576,25.576,0,0
IPE_MV,D,20190204,000000,25.576,25.576,25.576,25.576,0,0
IPE_MV,D,20190205,000000,23.1222,24.5578,23.1222,24.5578,0,0
IPE_MV,D,20190206,000000,25.576,25.576,25.576,25.576,0,0
IPE_MV,D,20190207,000000,25.576,25.576,25.371,25.371,0,0
IPE_MV,D,20190208,000000,25.371,30.6957,25.371,30.4905,0,0
IPE_MV,D,20190211,000000,30.4905,32.7386,28.6446,28.8496,0,0
IPE_MV,D,20190212,000000,29.465,29.465,26.6016,28.2351,0,0
IPE_MV,D,20190213,000000,28.2351,30.9001,27.011,30.4905,0,0
IPE_MV,D,20190214,000000,30.6957,31.919,29.8753,31.1051,0,0
IPE_MV,D,20190215,000000,31.3037,31.3037,29.0549,31.1051,0,0
IPE_MV,D,20190218,000000,31.1051,31.3037,31.1051,31.3037,0,0
IPE_MV,D,20190219,000000,31.1051,31.1051,31.1051,31.1051,0,0
IPE_MV,D,20190220,000000,31.1051,31.1051,30.4905,30.4905,0,0
IPE_MV,D,20190222,000000,30.2855,30.2855,30.2855,30.2855,0,0
IPE_MV,D,20190225,000000,30.2855,30.2855,25.7812,28.8496,0,0
IPE_MV,D,20190226,000000,28.8496,28.8496,28.8496,28.8496,0,0
IPE_MV,D,20190301,000000,27.6265,28.8496,27.6265,27.6265,0,0
IPE_MV,D,20190304,000000,28.8496,28.8496,27.2162,28.8496,0,0
IPE_MV,D,20190305,000000,28.6446,28.8496,28.6446,28.8496,0,0
IPE_MV,D,20190306,000000,28.4395,30.2855,28.4395,30.2855,0,0
IPE_MV,D,20190307,000000,28.6446,28.6446,28.6446,28.6446,0,0
IPE_MV,D,20190308,000000,28.6446,28.6446,28.6446,28.6446,0,0
IPE_MV,D,20190312,000000,28.2351,28.2351,27.8314,27.8314,0,0
IPE_MV,D,20190313,000000,27.6265,28.4395,27.6265,28.4395,0,0
IPE_MV,D,20190314,000000,28.0301,28.2351,28.0301,28.2351,0,0
IPE_MV,D,20190315,000000,28.2351,28.2351,28.2351,28.2351,0,0
IPE_MV,D,20190319,000000,25.9863,26.1914,25.9863,26.1914,0,0
IPE_MV,D,20190320,000000,24.5578,25.576,24.5578,25.576,0,0
IPE_MV,D,20190321,000000,24.3528,24.3528,23.3272,23.3272,0,0
IPE_MV,D,20190322,000000,23.7374,23.7374,22.5075,22.5075,0,0
IPE_MV,D,20190325,000000,23.1222,23.7374,23.1222,23.7374,0,0
IPE_MV,D,20190326,000000,23.8396,23.9426,22.7119,23.9426,0,0
IPE_MV,D,20190327,000000,23.9426,23.9426,23.9426,23.9426,0,0
IPE_MV,D,20190328,000000,23.9426,23.9426,22.5075,23.9426,0,0
IPE_MV,D,20190329,000000,23.9426,23.9426,23.9426,23.9426,0,0
IPE_MV,D,20190401,000000,23.9426,24.1476,22.0973,24.1476,0,0
IPE_MV,D,20190402,000000,24.9608,24.9608,23.3272,24.9608,0,0
IPE_MV,D,20190403,000000,24.4549,24.5578,24.4549,24.5578,0,0
IPE_MV,D,20190404,000000,22.6097,22.8148,22.6097,22.8148,0,0
IPE_MV,D,20190405,000000,24.5578,24.5578,24.5578,24.5578,0,0
IPE_MV,D,20190408,000000,24.5578,24.5578,24.5578,24.5578,0,0
IPE_MV,D,20190409,000000,24.5578,24.6601,24.3528,24.3528,0,0
IPE_MV,D,20190410,000000,23.9426,23.9426,23.5324,23.5324,0,0
IPE_MV,D,20190412,000000,24.1476,24.1476,23.7374,23.7374,0,0
IPE_MV,D,20190417,000000,23.3272,23.5324,23.3272,23.5324,0,0
IPE_MV,D,20190423,000000,23.5324,23.5324,23.5324,23.5324,0,0
IPE_MV,D,20190424,000000,23.5324,23.5324,22.7119,22.7119,0,0
IPE_MV,D,20190425,000000,23.7374,23.7374,23.7374,23.7374,0,0
IPE_MV,D,20190506,000000,24.3528,27.4212,24.3528,27.4212,0,0
IPE_MV,D,20190507,000000,28.3373,28.3373,27.2162,27.2162,0,0
IPE_MV,D,20190508,000000,27.2162,27.2162,27.2162,27.2162,0,0
IPE_MV,D,20190509,000000,27.9337,29.2599,27.9337,28.4395,0,0
IPE_MV,D,20190510,000000,29.0549,29.0549,27.6265,29.0549,0,0
IPE_MV,D,20190513,000000,29.6701,29.6701,29.6701,29.6701,0,0
IPE_MV,D,20190514,000000,28.6446,28.6446,28.6446,28.6446,0,0
IPE_MV,D,20190515,000000,28.6446,28.6446,28.6446,28.6446,0,0
IPE_MV,D,20190516,000000,28.6446,28.6446,28.4395,28.4395,0,0
IPE_MV,D,20190517,000000,28.6446,28.6446,28.6446,28.6446,0,0
IPE_MV,D,20190524,000000,27.6265,27.6265,27.6265,27.6265,0,0
IPE_MV,D,20190528,000000,27.6265,27.6265,25.7812,25.7812,0,0
IPE_MV,D,20190529,000000,27.011,27.011,27.011,27.011,0,0
IPE_MV,D,20190530,000000,27.011,27.011,27.011,27.011,0,0
IPE_MV,D,20190531,000000,27.011,27.011,27.011,27.011,0,0
IPE_MV,D,20190603,000000,27.011,27.011,27.011,27.011,0,0
IPE_MV,D,20190604,000000,27.011,27.011,27.011,27.011,0,0
IPE_MV,D,20190605,000000,27.011,27.011,27.011,27.011,0,0
IPE_MV,D,20190606,000000,27.011,27.011,27.011,27.011,0,0
IPE_MV,D,20190607,000000,27.011,27.011,27.011,27.011,0,0
IPE_MV,D,20190610,000000,27.011,27.011,27.011,27.011,0,0
IPE_MV,D,20190611,000000,27.011,27.011,27.011,27.011,0,0
IPE_MV,D,20190612,000000,27.011,27.011,27.011,27.011,0,0
IPE_MV,D,20190613,000000,27.011,27.011,26.6016,26.6016,0,0
IPE_MV,D,20190614,000000,27.011,27.011,27.011,27.011,0,0
IPE_MV,D,20190617,000000,27.011,27.011,27.011,27.011,0,0
IPE_MV,D,20190618,000000,26.806,26.806,26.806,26.806,0,0
IPE_MV,D,20190619,000000,26.806,26.806,26.806,26.806,0,0
IPE_MV,D,20190624,000000,27.6265,27.6265,27.6265,27.6265,0,0
IPE_MV,D,20190625,000000,27.6265,27.6265,27.6265,27.6265,0,0
IPE_MV,D,20190626,000000,28.6446,28.6446,28.6446,28.6446,0,0
IPE_MV,D,20190627,000000,28.4395,28.4395,28.4395,28.4395,0,0
IPE_MV,D,20190628,000000,28.4395,28.4395,28.4395,28.4395,0,0
IPE_MV,D,20190701,000000,28.4395,28.4395,28.4395,28.4395,0,0
IPE_MV,D,20190702,000000,28.4395,28.4395,28.4395,28.4395,0,0
IPE_MV,D,20190703,000000,28.4395,28.4395,26.806,26.806,0,0
IPE_MV,D,20190704,000000,25.576,27.011,25.576,27.011,0,0
IPE_MV,D,20190705,000000,26.6016,26.6016,26.6016,26.6016,0,0
IPE_MV,D,20190708,000000,25.7812,25.7812,24.1476,24.1476,0,0
IPE_MV,D,20190710,000000,25.576,27.6265,25.576,27.6265,0,0
IPE_MV,D,20190711,000000,28.4395,29.6701,27.6265,27.6265,0,0
IPE_MV,D,20190712,000000,27.8314,27.8314,27.4212,27.4212,0,0
IPE_MV,D,20190717,000000,27.6265,28.0301,27.6265,28.0301,0,0
IPE_MV,D,20190718,000000,28.0301,28.0301,28.0301,28.0301,0,0
IPE_MV,D,20190719,000000,28.0301,30.6957,28.0301,30.6957,0,0
IPE_MV,D,20190722,000000,30.5928,30.6957,30.4905,30.4905,0,0
IPE_MV,D,20190723,000000,30.9001,30.9001,29.8753,29.8753,0,0
IPE_MV,D,20190724,000000,30.9001,30.9001,30.2855,30.2855,0,0
IPE_MV,D,20190725,000000,30.2855,30.4905,30.2855,30.4905,0,0
IPE_MV,D,20190726,000000,30.2855,30.4905,30.1825,30.1825,0,0
IPE_MV,D,20190729,000000,30.6957,30.6957,30.4905,30.4905,0,0
IPE_MV,D,20190730,000000,30.4905,30.4905,30.4905,30.4905,0,0
IPE_MV,D,20190731,000000,30.4905,30.4905,28.6446,28.6446,0,0
IPE_MV,D,20190801,000000,29.465,29.465,29.465,29.465,0,0
IPE_MV,D,20190802,000000,30.6957,30.6957,28.6446,28.6446,0,0
IPE_MV,D,20190805,000000,29.0549,29.0549,26.6016,26.6016,0,0
IPE_MV,D,20190806,000000,27.5242,27.5242,27.5242,27.5242,0,0
IPE_MV,D,20190807,000000,27.5242,27.5242,27.5242,27.5242,0,0
IPE_MV,D,20190808,000000,27.5242,27.5242,27.5242,27.5242,0,0
IPE_MV,D,20190809,000000,27.5242,27.5242,27.5242,27.5242,0,0
IPE_MV,D,20190812,000000,27.5242,27.5242,27.5242,27.5242,0,0
IPE_MV,D,20190813,000000,27.3191,27.3191,27.2162,27.2162,0,0
IPE_MV,D,20190814,000000,27.114,29.465,27.114,29.465,0,0
IPE_MV,D,20190816,000000,29.465,29.6701,29.465,29.6701,0,0
IPE_MV,D,20190819,000000,30.4905,30.4905,28.5424,28.5424,0,0
IPE_MV,D,20190820,000000,29.465,31.919,29.465,31.919,0,0
IPE_MV,D,20190821,000000,31.8161,31.8161,30.0803,30.0803,0,0
IPE_MV,D,20190822,000000,31.1051,33.354,29.0549,33.354,0,0
IPE_MV,D,20190823,000000,33.1489,33.1489,32.7386,32.7386,0,0
IPE_MV,D,20190826,000000,32.7386,32.7386,31.7139,31.7139,0,0
IPE_MV,D,20190827,000000,31.7139,31.7139,31.7139,31.7139,0,0
IPE_MV,D,20190828,000000,31.7139,32.6365,31.6109,32.6365,0,0
IPE_MV,D,20190829,000000,32.5336,32.5336,30.2855,30.2855,0,0
IPE_MV,D,20190830,000000,30.6957,32.3292,30.2855,30.9001,0,0
IPE_MV,D,20190902,000000,30.9001,31.7139,30.9001,31.7139,0,0
IPE_MV,D,20190903,000000,31.5087,31.5087,31.4059,31.4059,0,0
IPE_MV,D,20190904,000000,31.5087,31.919,31.5087,31.7139,0,0
IPE_MV,D,20190905,000000,31.6109,31.6109,31.6109,31.6109,0,0
IPE_MV,D,20190906,000000,31.5087,31.5087,30.3876,31.3037,0,0
IPE_MV,D,20190909,000000,31.1051,31.4059,29.9774,29.9774,0,0
IPE_MV,D,20190910,000000,31.5087,31.5087,31.5087,31.5087,0,0
IPE_MV,D,20190911,000000,31.4059,31.5087,30.2855,30.2855,0,0
IPE_MV,D,20190912,000000,32.2263,32.2263,32.2263,32.2263,0,0
IPE_MV,D,20190913,000000,32.7386,32.7386,32.7386,32.7386,0,0
IPE_MV,D,20190916,000000,31.1051,31.1051,30.6957,30.6957,0,0
IPE_MV,D,20190917,000000,31.3037,31.3037,31.3037,31.3037,0,0
IPE_MV,D,20190918,000000,31.3037,31.5087,31.3037,31.3037,0,0
IPE_MV,D,20190919,000000,31.3037,31.5087,31.3037,31.3037,0,0
IPE_MV,D,20190920,000000,31.3037,31.919,29.8753,31.919,0,0
IPE_MV,D,20190923,000000,31.7139,31.7139,31.4059,31.4059,0,0
IPE_MV,D,20190924,000000,31.5087,31.5087,31.4059,31.4059,0,0
IPE_MV,D,20190925,000000,31.2081,31.5087,30.0803,31.5087,0,0
IPE_MV,D,20190926,000000,31.2081,31.2081,31.2081,31.2081,0,0
IPE_MV,D,20190927,000000,30.0803,31.1051,30.0803,30.7978,0,0
IPE_MV,D,20190930,000000,30.6957,30.6957,28.7475,30.6957,0,0
IPE_MV,D,20191001,000000,30.6957,30.6957,30.5928,30.5928,0,0
IPE_MV,D,20191002,000000,30.5928,30.5928,30.5928,30.5928,0,0
IPE_MV,D,20191003,000000,30.5928,30.5928,30.5928,30.5928,0,0
IPE_MV,D,20191004,000000,30.5928,30.5928,30.5928,30.5928,0,0
IPE_MV,D,20191007,000000,30.4905,30.5928,30.4905,30.4905,0,0
IPE_MV,D,20191008,000000,30.4905,30.5928,30.4905,30.5928,0,0
IPE_MV,D,20191009,000000,30.5928,31.3037,30.5928,31.2081,0,0
IPE_MV,D,20191010,000000,31.3037,31.3037,31.2081,31.2081,0,0
IPE_MV,D,20191011,000000,31.3037,31.3037,31.3037,31.3037,0,0
IPE_MV,D,20191014,000000,29.6701,31.3037,29.6701,29.6701,0,0
IPE_MV,D,20191015,000000,31.3037,31.3037,29.6701,30.6957,0,0
IPE_MV,D,20191016,000000,31.2081,31.2081,29.6701,31.2081,0,0
IPE_MV,D,20191017,000000,31.3037,31.3037,31.2081,31.3037,0,0
IPE_MV,D,20191018,000000,31.2081,31.5087,31.2081,31.5087,0,0
IPE_MV,D,20191021,000000,29.6701,29.6701,29.6701,29.6701,0,0
IPE_MV,D,20191023,000000,29.6701,29.6701,29.6701,29.6701,0,0
IPE_MV,D,20191024,000000,29.8753,29.8753,29.8753,29.8753,0,0
IPE_MV,D,20191025,000000,30.0803,30.0803,30.0803,30.0803,0,0
IPE_MV,D,20191028,000000,30.0803,30.0803,30.0803,30.0803,0,0
IPE_MV,D,20191029,000000,30.2855,30.2855,30.2855,30.2855,0,0
IPE_MV,D,20191030,000000,30.4905,30.4905,29.6701,29.8753,0,0
IPE_MV,D,20191031,000000,30.0803,30.0803,30.0803,30.0803,0,0
IPE_MV,D,20191104,000000,30.6957,30.6957,30.6957,30.6957,0,0
IPE_MV,D,20191105,000000,31.7139,31.7139,31.7139,31.7139,0,0
IPE_MV,D,20191106,000000,31.7139,31.7139,30.4905,30.4905,0,0
IPE_MV,D,20191107,000000,31.7139,31.7139,28.7475,28.7475,0,0
IPE_MV,D,20191108,000000,28.6446,28.6446,28.6446,28.6446,0,0
IPE_MV,D,20191113,000000,30.5928,30.5928,28.6446,28.6446,0,0
IPE_MV,D,20191118,000000,29.8753,30.9001,29.8753,30.6957,0,0
IPE_MV,D,20191119,000000,30.7978,30.7978,28.7475,30.7978,0,0
IPE_MV,D,20191121,000000,30.6957,30.6957,28.6446,30.4905,0,0
IPE_MV,D,20191126,000000,30.6957,30.6957,30.4905,30.6957,0,0
IPE_MV,D,20191127,000000,30.9001,30.9001,30.9001,30.9001,0,0
IPE_MV,D,20191128,000000,31.1051,31.1051,30.9001,31.1051,0,0
IPE_MV,D,20191129,000000,30.6957,30.6957,30.6957,30.6957,0,0
IPE_MV,D,20191203,000000,29.6701,29.6701,29.6701,29.6701,0,0
IPE_MV,D,20191204,000000,29.6701,29.6701,29.6701,29.6701,0,0
IPE_MV,D,20191205,000000,29.6701,29.6701,29.6701,29.6701,0,0
IPE_MV,D,20191206,000000,29.6701,29.6701,29.6701,29.6701,0,0
IPE_MV,D,20191209,000000,29.6701,29.6701,29.6701,29.6701,0,0
IPE_MV,D,20191210,000000,29.6701,32.7386,29.6701,32.7386,0,0
IPE_MV,D,20191211,000000,32.5336,33.7642,31.2081,32.7386,0,0
IPE_MV,D,20191212,000000,32.7386,32.7386,32.7386,32.7386,0,0
IPE_MV,D,20191213,000000,32.7386,34.7824,32.7386,34.0715,0,0
IPE_MV,D,20191216,000000,35.1927,38.2612,34.0715,36.8327,0,0
IPE_MV,D,20191217,000000,36.8327,37.2429,34.7824,37.2429,0,0
IPE_MV,D,20191218,000000,38.0568,38.8765,36.8327,36.8327,0,0
IPE_MV,D,20191219,000000,36.2181,36.2181,36.2181,36.2181,0,0
IPE_MV,D,20191227,000000,36.0131,37.2429,35.808,35.808,0,0
IPE_MV,D,20191230,000000,36.8327,38.8765,36.0131,38.8765,0,0
IPE_MV,D,20200102,000000,42.7655,42.7655,39.2867,39.2867,0,0
IPE_MV,D,20200107,000000,39.902,39.902,37.8517,37.8517,0,0
IPE_MV,D,20200109,000000,37.8517,37.8517,37.8517,37.8517,0,0
IPE_MV,D,20200110,000000,36.8327,38.2612,36.8327,38.2612,0,0
IPE_MV,D,20200114,000000,38.2612,38.2612,36.2181,38.2612,0,0
IPE_MV,D,20200115,000000,38.2612,38.2612,38.2612,38.2612,0,0
IPE_MV,D,20200117,000000,38.159,38.159,37.2429,37.2429,0,0
IPE_MV,D,20200120,000000,37.2429,37.2429,37.2429,37.2429,0,0
IPE_MV,D,20200121,000000,37.2429,40.3122,37.2429,39.2867,0,0
IPE_MV,D,20200122,000000,40.3122,44.2012,40.3122,44.2012,0,0
IPE_MV,D,20200123,000000,44.4064,53.6126,44.4064,53.6126,0,0
IPE_MV,D,20200124,000000,56.0666,56.0666,50.339,50.339,0,0
IPE_MV,D,20200127,000000,50.339,50.339,45.4246,46.0399,0,0
IPE_MV,D,20200128,000000,47.4748,51.152,47.4748,51.152,0,0
IPE_MV,D,20200129,000000,50.339,50.339,46.0399,46.0399,0,0
IPE_MV,D,20200130,000000,45.2193,45.2193,42.1508,44.2012,0,0
IPE_MV,D,20200131,000000,45.4246,46.245,44.4064,46.0399,0,0
IPE_MV,D,20200203,000000,46.0399,46.245,46.0399,46.245,0,0
IPE_MV,D,20200205,000000,44.6041,46.6545,44.2012,46.6545,0,0
IPE_MV,D,20200206,000000,46.6545,46.6545,46.0399,46.6545,0,0
IPE_MV,D,20200207,000000,46.6545,46.6545,45.4246,45.4246,0,0
IPE_MV,D,20200210,000000,45.4246,47.4748,45.4246,47.4748,0,0
IPE_MV,D,20200211,000000,47.8784,51.152,47.8784,50.5434,0,0
IPE_MV,D,20200212,000000,51.152,51.152,49.9289,51.152,0,0
IPE_MV,D,20200213,000000,51.5623,51.5623,51.5623,51.5623,0,0
IPE_MV,D,20200214,000000,49.9289,51.5623,49.9289,51.5623,0,0
IPE_MV,D,20200217,000000,49.9289,49.9289,48.288,48.288,0,0
IPE_MV,D,20200219,000000,47.4748,47.4748,47.4748,47.4748,0,0
IPE_MV,D,20200221,000000,47.0646,47.2698,47.0646,47.2698,0,0
IPE_MV,D,20200224,000000,45.0144,45.6296,41.5356,45.0144,0,0
IPE_MV,D,20200225,000000,43.9962,43.9962,41.7407,41.7407,0,0
IPE_MV,D,20200226,000000,41.5356,43.5859,41.5356,42.9705,0,0
IPE_MV,D,20200227,000000,43.3808,43.3808,41.9457,41.9457,0,0
IPE_MV,D,20200228,000000,41.9457,43.9962,41.1319,43.9962,0,0
IPE_MV,D,20200303,000000,43.9962,47.6799,43.9962,43.9962,0,0
IPE_MV,D,20200304,000000,40.9267,44.8092,40.1072,44.8092,0,0
IPE_MV,D,20200305,000000,42.1508,42.1508,41.9457,41.9457,0,0
IPE_MV,D,20200309,000000,36.8327,36.8327,35.808,35.808,0,0
IPE_MV,D,20200310,000000,37.2429,37.2429,34.7824,36.8327,0,0
IPE_MV,D,20200311,000000,37.0378,37.0378,29.6701,36.2181,0,0
IPE_MV,D,20200312,000000,33.7642,33.7642,33.7642,33.7642,0,0
IPE_MV,D,20200313,000000,33.9693,33.9693,31.7139,32.7386,0,0
IPE_MV,D,20200316,000000,30.6957,32.7386,28.6446,32.7386,0,0
IPE_MV,D,20200317,000000,32.7386,32.7386,31.7139,31.7139,0,0
IPE_MV,D,20200318,000000,31.7139,32.7386,31.7139,32.7386,0,0
IPE_MV,D,20200319,000000,32.5336,33.9693,32.5336,33.9693,0,0
IPE_MV,D,20200320,000000,33.9693,36.8327,33.9693,35.6029,0,0
IPE_MV,D,20200323,000000,33.9693,35.3977,32.9438,32.9438,0,0
IPE_MV,D,20200325,000000,30.9001,32.9438,30.6957,32.7386,0,0
IPE_MV,D,20200326,000000,32.7386,32.7386,32.7386,32.7386,0,0
IPE_MV,D,20200327,000000,32.7386,32.7386,32.7386,32.7386,0,0
IPE_MV,D,20200330,000000,34.7824,34.7824,32.7386,34.7824,0,0
IPE_MV,D,20200331,000000,35.7049,35.7049,35.3977,35.3977,0,0
IPE_MV,D,20200401,000000,33.7642,33.7642,32.1241,32.7386,0,0
IPE_MV,D,20200402,000000,32.7386,32.7386,32.7386,32.7386,0,0
IPE_MV,D,20200403,000000,30.9001,30.9001,30.6957,30.6957,0,0
IPE_MV,D,20200406,000000,32.1241,32.7386,30.4905,31.7139,0,0
IPE_MV,D,20200407,000000,32.5336,32.7386,32.5336,32.7386,0,0
IPE_MV,D,20200408,000000,31.919,34.3796,31.919,34.3796,0,0
IPE_MV,D,20200409,000000,32.7386,32.7386,32.7386,32.7386,0,0
IPE_MV,D,20200414,000000,32.7386,34.3796,32.7386,33.354,0,0
IPE_MV,D,20200415,000000,33.354,33.354,33.354,33.354,0,0
IPE_MV,D,20200416,000000,34.3796,36.8327,34.3796,36.4233,0,0
IPE_MV,D,20200417,000000,36.8327,38.8765,36.8327,37.8517,0,0
IPE_MV,D,20200420,000000,37.0378,37.0378,36.8327,37.0378,0,0
IPE_MV,D,20200421,000000,37.0378,37.0378,36.0131,36.0131,0,0
IPE_MV,D,20200422,000000,37.8517,37.8517,37.8517,37.8517,0,0
IPE_MV,D,20200424,000000,36.0131,37.2429,36.0131,37.2429,0,0
IPE_MV,D,20200427,000000,36.8327,36.8327,36.8327,36.8327,0,0
IPE_MV,D,20200428,000000,37.6532,39.902,37.6532,38.0568,0,0
IPE_MV,D,20200429,000000,39.4918,39.6969,38.4663,38.4663,0,0
IPE_MV,D,20200430,000000,38.4663,38.4663,37.6532,37.6532,0,0
IPE_MV,D,20200505,000000,37.6532,38.4663,37.6532,38.4663,0,0
IPE_MV,D,20200506,000000,42.9705,44.2012,40.1072,44.2012,0,0
IPE_MV,D,20200507,000000,52.7922,52.7922,42.9705,47.0646,0,0
IPE_MV,D,20200508,000000,47.0646,51.5623,47.0646,50.7485,0,0
IPE_MV,D,20200511,000000,49.1084,51.152,48.6982,51.152,0,0
IPE_MV,D,20200512,000000,51.9725,51.9725,49.5186,50.7485,0,0
IPE_MV,D,20200513,000000,50.7485,51.152,50.339,51.152,0,0
IPE_MV,D,20200514,000000,51.5623,51.9725,47.4748,48.6982,0,0
IPE_MV,D,20200515,000000,51.152,60.1607,51.152,57.7001,0,0
IPE_MV,D,20200518,000000,58.5199,63.4343,57.2965,60.9737,0,0
IPE_MV,D,20200519,000000,64.2475,64.2475,58.1097,59.7505,0,0
IPE_MV,D,20200520,000000,57.7001,63.4343,55.6564,61.384,0,0
IPE_MV,D,20200521,000000,63.0242,63.0242,60.1607,61.384,0,0
IPE_MV,D,20200522,000000,49.5186,54.4258,48.288,53.2025,0,0
IPE_MV,D,20200525,000000,53.2025,53.2025,49.1084,49.9289,0,0
IPE_MV,D,20200526,000000,49.9289,49.9289,45.0144,46.6545,0,0
IPE_MV,D,20200527,000000,46.6545,50.7485,45.8348,49.9289,0,0
IPE_MV,D,20200528,000000,51.152,51.152,48.6982,49.5186,0,0
IPE_MV,D,20200529,000000,47.8784,49.5186,47.0646,49.5186,0,0
IPE_MV,D,20200601,000000,46.6545,48.288,46.6545,48.288,0,0
IPE_MV,D,20200602,000000,48.288,48.288,46.245,46.6545,0,0
IPE_MV,D,20200603,000000,46.245,48.288,46.245,47.0646,0,0
IPE_MV,D,20200604,000000,46.245,46.6545,45.0144,46.245,0,0
IPE_MV,D,20200605,000000,46.245,47.4748,46.245,47.4748,0,0
IPE_MV,D,20200608,000000,47.0646,49.1084,46.245,47.8784,0,0
IPE_MV,D,20200609,000000,50.339,51.152,47.4748,47.4748,0,0
IPE_MV,D,20200610,000000,47.4748,47.8784,47.4748,47.8784,0,0
IPE_MV,D,20200612,000000,47.0646,49.9289,47.0646,47.8784,0,0
IPE_MV,D,20200615,000000,49.1084,49.9289,45.8348,45.8348,0,0
IPE_MV,D,20200616,000000,47.0646,47.0646,47.0646,47.0646,0,0
IPE_MV,D,20200617,000000,47.8784,47.8784,45.8348,47.0646,0,0
IPE_MV,D,20200618,000000,47.8784,49.1084,47.4748,47.8784,0,0
IPE_MV,D,20200619,000000,47.8784,53.2025,47.8784,52.3821,0,0
IPE_MV,D,20200622,000000,53.2025,56.4761,52.7922,55.2462,0,0
IPE_MV,D,20200623,000000,53.2025,54.0229,51.9725,51.9725,0,0
IPE_MV,D,20200624,000000,52.7922,52.7922,47.0646,47.8784,0,0
IPE_MV,D,20200625,000000,48.6982,48.6982,47.0646,48.6982,0,0
IPE_MV,D,20200626,000000,47.8784,47.8784,47.0646,47.0646,0,0
IPE_MV,D,20200629,000000,46.6545,46.6545,45.8348,45.8348,0,0
IPE_MV,D,20200630,000000,46.6545,46.6545,45.0144,45.8348,0,0
IPE_MV,D,20200701,000000,45.8348,45.8348,42.9705,43.7909,0,0
IPE_MV,D,20200702,000000,43.3808,45.4246,43.3808,44.2012,0,0
IPE_MV,D,20200703,000000,45.0144,46.245,44.6041,46.245,0,0
IPE_MV,D,20200706,000000,47.0646,51.152,47.0646,49.1084,0,0
IPE_MV,D,20200707,000000,49.1084,49.9289,47.0646,48.6982,0,0
IPE_MV,D,20200708,000000,49.1084,49.1084,47.0646,47.8784,0,0
IPE_MV,D,20200709,000000,48.288,50.7485,47.8784,49.1084,0,0
IPE_MV,D,20200710,000000,50.7485,54.0229,50.339,53.6126,0,0
IPE_MV,D,20200713,000000,54.0229,60.1607,54.0229,55.2462,0,0
IPE_MV,D,20200714,000000,55.6564,57.2965,53.2025,53.6126,0,0
IPE_MV,D,20200715,000000,53.6126,58.1097,53.6126,58.1097,0,0
IPE_MV,D,20200716,000000,58.5199,58.9301,54.836,58.9301,0,0
IPE_MV,D,20200717,000000,58.9301,71.6159,58.9301,71.6159,0,0
IPE_MV,D,20200720,000000,74.4801,81.8449,73.6626,81.436,0,0
IPE_MV,D,20200721,000000,89.2171,99.4504,81.436,85.9395,0,0
IPE_MV,D,20200722,000000,85.9395,90.0343,77.7501,84.7133,0,0
IPE_MV,D,20200723,000000,85.1221,85.1221,77.3486,78.575,0,0
IPE_MV,D,20200724,000000,81.436,81.436,73.6626,78.575,0,0
IPE_MV,D,20200727,000000,79.8011,79.8011,73.6626,76.9398,0,0
IPE_MV,D,20200728,000000,76.9398,91.6688,76.9398,82.6699,0,0
IPE_MV,D,20200729,000000,82.6699,88.3921,74.4801,75.7063,0,0
IPE_MV,D,20200730,000000,75.7063,81.8449,61.7942,67.1182,0,0
IPE_MV,D,20200731,000000,64.2475,73.6626,64.2475,71.6159,0,0
IPE_MV,D,20200803,000000,73.6626,81.8449,67.1182,81.8449,0,0
IPE_MV,D,20200804,000000,81.8449,81.8449,77.3486,78.1661,0,0
IPE_MV,D,20200805,000000,81.8449,84.3044,79.8011,83.8956,0,0
IPE_MV,D,20200806,000000,83.8956,83.8956,80.626,83.8956,0,0
IPE_MV,D,20200807,000000,81.0271,82.261,77.7501,81.0271,0,0
IPE_MV,D,20200810,000000,79.8011,85.9395,78.1661,84.3044,0,0
IPE_MV,D,20200811,000000,83.8956,83.8956,77.7501,78.9837,0,0
IPE_MV,D,20200812,000000,81.0271,81.0271,74.0713,75.2975,0,0
IPE_MV,D,20200813,000000,75.7063,75.7063,74.4801,75.2975,0,0
IPE_MV,D,20200814,000000,74.8888,75.7063,74.0713,75.7063,0,0
IPE_MV,D,20200817,000000,76.9398,76.9398,73.6626,76.1223,0,0
IPE_MV,D,20200818,000000,76.9398,81.436,76.9398,77.7501,0,0
IPE_MV,D,20200819,000000,79.3925,79.3925,76.9398,76.9398,0,0
IPE_MV,D,20200820,000000,78.9837,78.9837,75.2975,75.7063,0,0
IPE_MV,D,20200821,000000,76.5311,76.5311,74.4801,74.8888,0,0
IPE_MV,D,20200824,000000,74.4801,78.1661,71.6159,77.7501,0,0
IPE_MV,D,20200825,000000,78.9837,78.9837,73.6626,77.7501,0,0
IPE_MV,D,20200826,000000,76.1223,76.5311,73.6626,76.5311,0,0
IPE_MV,D,20200827,000000,77.7501,79.3925,75.7063,76.9398,0,0
IPE_MV,D,20200828,000000,75.7063,78.575,75.2975,78.575,0,0
IPE_MV,D,20200831,000000,79.3925,79.8011,76.1223,78.1661,0,0
IPE_MV,D,20200901,000000,78.1661,80.2172,76.5311,76.5311,0,0
IPE_MV,D,20200902,000000,79.3925,79.3925,76.9398,76.9398,0,0
IPE_MV,D,20200903,000000,76.9398,76.9398,70.3919,72.8451,0,0
IPE_MV,D,20200904,000000,68.7518,71.6159,67.9313,67.9313,0,0
IPE_MV,D,20200907,000000,68.7518,74.8888,66.708,71.2056,0,0
IPE_MV,D,20200908,000000,71.2056,71.2056,68.7518,70.3919,0,0
IPE_MV,D,20200909,000000,68.7518,76.5311,68.7518,74.4801,0,0
IPE_MV,D,20200910,000000,74.8888,74.8888,70.3919,71.6159,0,0
IPE_MV,D,20200911,000000,72.8451,81.436,72.8451,79.8011,0,0
IPE_MV,D,20200914,000000,81.436,83.8956,75.7063,77.7501,0,0
IPE_MV,D,20200915,000000,77.3486,77.7501,74.0713,75.7063,0,0
IPE_MV,D,20200916,000000,75.7063,75.7063,72.8451,75.2975,0,0
IPE_MV,D,20200917,000000,73.2539,73.2539,71.6159,72.4356,0,0
IPE_MV,D,20200918,000000,72.4356,75.2975,70.7955,70.7955,0,0
IPE_MV,D,20200921,000000,71.2056,71.6159,69.5722,71.6159,0,0
IPE_MV,D,20200922,000000,70.3919,71.2056,70.3919,71.2056,0,0
IPE_MV,D,20200923,000000,69.9824,71.6159,69.9824,71.6159,0,0
IPE_MV,D,20200924,000000,69.162,71.6159,65.4781,70.7955,0,0
IPE_MV,D,20200925,000000,68.3415,70.7955,67.5218,70.3919,0,0
IPE_MV,D,20200928,000000,69.5722,70.3919,67.5218,69.5722,0,0
IPE_MV,D,20200929,000000,70.3919,72.8451,70.3919,72.8451,0,0
IPE_MV,D,20200930,000000,72.8451,73.6626,72.8451,72.8451,0,0
IPE_MV,D,20201001,000000,72.8451,72.8451,70.3919,70.3919,0,0
IPE_MV,D,20201002,000000,69.162,71.2056,67.5218,71.2056,0,0
IPE_MV,D,20201005,000000,68.7518,71.2056,67.9313,71.2056,0,0
IPE_MV,D,20201006,000000,68.7518,71.2056,68.7518,68.7518,0,0
IPE_MV,D,20201007,000000,69.5722,69.9824,69.5722,69.9824,0,0
IPE_MV,D,20201008,000000,69.9824,73.6626,69.9824,73.6626,0,0
IPE_MV,D,20201009,000000,70.7955,72.0254,69.162,71.6159,0,0
IPE_MV,D,20201012,000000,71.6159,71.6159,68.7518,71.6159,0,0
IPE_MV,D,20201013,000000,71.2056,71.2056,69.5722,70.7955,0,0
IPE_MV,D,20201014,000000,69.9824,71.2056,69.9824,71.2056,0,0
IPE_MV,D,20201015,000000,71.2056,71.2056,65.8884,69.5722,0,0
IPE_MV,D,20201016,000000,68.7518,69.5722,67.5218,69.5722,0,0
IPE_MV,D,20201019,000000,70.3919,71.6159,70.3919,71.6159,0,0
IPE_MV,D,20201020,000000,73.2539,73.2539,71.6159,73.2539,0,0
IPE_MV,D,20201021,000000,73.6626,75.7063,72.0254,72.0254,0,0
IPE_MV,D,20201022,000000,72.0254,72.0254,71.6159,71.6159,0,0
IPE_MV,D,20201023,000000,74.4801,74.4801,74.4801,74.4801,0,0
IPE_MV,D,20201026,000000,76.9398,76.9398,71.6159,74.4801,0,0
IPE_MV,D,20201027,000000,72.0254,72.0254,71.6159,71.6159,0,0
IPE_MV,D,20201028,000000,71.6159,71.6159,67.5218,69.5722,0,0
IPE_MV,D,20201029,000000,72.0254,72.0254,67.5218,70.7955,0,0
IPE_MV,D,20201030,000000,68.3415,69.5722,67.5218,69.5722,0,0
IPE_MV,D,20201102,000000,70.3919,70.3919,67.5218,68.3415,0,0
IPE_MV,D,20201103,000000,67.5218,69.5722,67.5218,69.5722,0,0
IPE_MV,D,20201104,000000,72.8451,72.8451,72.4356,72.4356,0,0
IPE_MV,D,20201105,000000,72.0254,72.0254,69.9824,71.6159,0,0
IPE_MV,D,20201106,000000,74.0713,87.983,74.0713,81.436,0,0
IPE_MV,D,20201109,000000,81.436,85.9395,73.6626,78.9837,0,0
IPE_MV,D,20201110,000000,77.7501,77.7501,71.6159,76.1223,0,0
IPE_MV,D,20201112,000000,77.3486,77.3486,73.6626,75.7063,0,0
IPE_MV,D,20201113,000000,74.0713,75.2975,72.0254,74.8888,0,0
IPE_MV,D,20201116,000000,74.8888,80.626,73.6626,80.2172,0,0
IPE_MV,D,20201117,000000,80.2172,84.7133,77.3486,84.7133,0,0
IPE_MV,D,20201118,000000,85.1221,85.9395,81.436,84.7133,0,0
IPE_MV,D,20201119,000000,84.7133,85.531,79.8011,79.8011,0,0
IPE_MV,D,20201120,000000,85.1221,85.9395,80.2172,82.261,0,0
IPE_MV,D,20201123,000000,82.261,83.0787,79.3925,79.3925,0,0
IPE_MV,D,20201124,000000,79.3925,79.8011,77.7501,79.8011,0,0
IPE_MV,D,20201125,000000,79.8011,79.8011,76.5311,79.8011,0,0
IPE_MV,D,20201126,000000,77.7501,78.9837,76.9398,78.575,0,0
IPE_MV,D,20201127,000000,76.5311,78.575,76.5311,78.575,0,0
IPE_MV,D,20201130,000000,79.8011,81.0271,78.575,79.3925,0,0
IPE_MV,D,20201201,000000,79.3925,81.8449,78.575,78.575,0,0
IPE_MV,D,20201202,000000,81.436,81.436,80.626,81.0271,0,0
IPE_MV,D,20201203,000000,81.0271,81.0271,78.575,78.575,0,0
IPE_MV,D,20201204,000000,78.575,79.3925,74.0713,78.9837,0,0
IPE_MV,D,20201207,000000,78.9837,81.0271,78.575,81.0271,0,0
IPE_MV,D,20201208,000000,79.8011,80.626,79.8011,80.626,0,0
IPE_MV,D,20201209,000000,79.8011,82.6699,79.3925,82.261,0,0
IPE_MV,D,20201210,000000,80.2172,82.261,78.1661,81.436,0,0
IPE_MV,D,20201211,000000,82.261,82.6699,78.1661,78.9837,0,0
IPE_MV,D,20201214,000000,78.575,79.8011,76.1223,77.7501,0,0
IPE_MV,D,20201215,000000,76.1223,81.436,76.1223,81.436,0,0
IPE_MV,D,20201216,000000,78.9837,81.436,78.9837,78.9837,0,0
IPE_MV,D,20201217,000000,78.9837,83.8956,78.9837,79.3925,0,0
IPE_MV,D,20201218,000000,80.626,85.1221,78.9837,83.0787,0,0
IPE_MV,D,20201221,000000,83.0787,83.8956,81.436,83.4876,0,0
IPE_MV,D,20201222,000000,83.4876,83.4876,81.8449,81.8449,0,0
IPE_MV,D,20201223,000000,81.436,81.8449,80.2172,81.8449,0,0
IPE_MV,D,20201228,000000,81.8449,90.0343,80.2172,85.9395,0,0
IPE_MV,D,20201229,000000,85.9395,89.2171,83.4876,88.808,0,0
IPE_MV,D,20201230,000000,87.1735,89.2171,86.7645,89.2171,0,0
IPE_MV,D,20210104,000000,90.0343,99.034,90.0343,96.1729,0,0
IPE_MV,D,20210105,000000,98.2169,101.078,93.7208,96.1729,0,0
IPE_MV,D,20210107,000000,93.7208,96.9909,93.7208,96.9909,0,0
IPE_MV,D,20210108,000000,95.3559,112.545,95.3559,112.545,0,0
IPE_MV,D,20210111,000000,112.545,117.654,98.2169,100.267,0,0
IPE_MV,D,20210112,000000,102.311,103.334,96.1729,96.1729,0,0
IPE_MV,D,20210113,000000,94.5314,99.034,94.5314,97.808,0,0
IPE_MV,D,20210114,000000,96.9909,99.034,96.9909,98.625,0,0
IPE_MV,D,20210115,000000,98.625,99.4504,94.9394,96.9909,0,0
IPE_MV,D,20210118,000000,96.9909,96.9909,89.2171,89.2171,0,0
IPE_MV,D,20210119,000000,92.0779,94.1224,89.2171,89.2171,0,0
IPE_MV,D,20210120,000000,90.4434,100.267,90.4434,99.4504,0,0
IPE_MV,D,20210121,000000,100.267,108.45,99.4504,99.8594,0,0
IPE_MV,D,20210122,000000,99.034,102.311,97.3999,101.078,0,0
IPE_MV,D,20210125,000000,100.67,100.67,98.625,98.625,0,0
IPE_MV,D,20210126,000000,99.034,99.8594,94.5314,96.5819,0,0
IPE_MV,D,20210127,000000,96.5819,103.334,94.5314,102.311,0,0
IPE_MV,D,20210128,000000,103.334,106.406,103.334,106.406,0,0
IPE_MV,D,20210129,000000,104.356,104.356,102.311,103.334,0,0
IPE_MV,D,20210201,000000,102.311,108.45,102.311,107.421,0,0
IPE_MV,D,20210202,000000,108.45,127.888,108.45,120.727,0,0
IPE_MV,D,20210203,000000,125.844,125.844,118.683,124.814,0,0
IPE_MV,D,20210204,000000,123.793,126.859,121.75,121.75,0,0
IPE_MV,D,20210205,000000,121.75,124.814,116.64,124.814,0,0
IPE_MV,D,20210208,000000,124.814,128.91,123.793,126.859,0,0
IPE_MV,D,20210209,000000,124.814,125.844,123.793,125.844,0,0
IPE_MV,D,20210210,000000,124.814,125.844,124.814,125.844,0,0
IPE_MV,D,20210211,000000,125.844,127.888,120.727,122.771,0,0
IPE_MV,D,20210212,000000,122.771,122.771,119.705,122.771,0,0
IPE_MV,D,20210215,000000,123.793,123.793,118.683,120.727,0,0
IPE_MV,D,20210216,000000,121.75,126.859,119.705,120.727,0,0
IPE_MV,D,20210217,000000,119.705,121.75,117.654,117.654,0,0
IPE_MV,D,20210218,000000,118.683,119.705,112.545,115.61,0,0
IPE_MV,D,20210219,000000,116.64,120.727,115.61,116.64,0,0
IPE_MV,D,20210222,000000,116.64,116.64,115.61,115.61,0,0
IPE_MV,D,20210223,000000,116.64,116.64,111.517,112.545,0,0
IPE_MV,D,20210224,000000,111.517,114.589,111.517,112.545,0,0
IPE_MV,D,20210225,000000,112.545,113.56,112.545,112.545,0,0
IPE_MV,D,20210226,000000,112.545,114.589,110.494,111.517,0,0
IPE_MV,D,20210301,000000,107.421,112.545,107.421,112.545,0,0
IPE_MV,D,20210302,000000,114.589,120.727,113.56,120.727,0,0
IPE_MV,D,20210303,000000,117.654,120.727,117.654,117.654,0,0
IPE_MV,D,20210304,000000,120.727,120.727,116.64,116.64,0,0
IPE_MV,D,20210305,000000,115.61,115.61,113.56,114.589,0,0
IPE_MV,D,20210308,000000,114.589,114.589,110.494,114.589,0,0
IPE_MV,D,20210309,000000,113.56,119.705,112.545,117.654,0,0
IPE_MV,D,20210310,000000,116.64,117.654,114.589,115.61,0,0
IPE_MV,D,20210311,000000,115.61,116.64,111.517,113.56,0,0
IPE_MV,D,20210312,000000,113.56,114.589,111.517,112.545,0,0
IPE_MV,D,20210315,000000,110.494,115.61,110.494,115.61,0,0
IPE_MV,D,20210316,000000,115.61,116.64,113.56,114.589,0,0
IPE_MV,D,20210317,000000,113.56,114.589,111.517,114.589,0,0
IPE_MV,D,20210318,000000,112.545,112.545,112.545,112.545,0,0
IPE_MV,D,20210319,000000,113.56,117.654,113.56,115.61,0,0
IPE_MV,D,20210322,000000,113.56,120.727,113.56,118.683,0,0
IPE_MV,D,20210323,000000,118.683,119.705,114.589,118.683,0,0
IPE_MV,D,20210324,000000,119.705,119.705,119.705,119.705,0,0
IPE_MV,D,20210325,000000,119.705,120.727,116.64,116.64,0,0
IPE_MV,D,20210326,000000,117.654,120.727,116.64,120.727,0,0
IPE_MV,D,20210329,000000,120.727,126.859,120.727,124.814,0,0
IPE_MV,D,20210330,000000,124.814,127.888,124.814,127.888,0,0
IPE_MV,D,20210331,000000,129.939,133.005,128.91,130.953,0,0
IPE_MV,D,20210401,000000,136.281,137.092,130.545,130.953,0,0
IPE_MV,D,20210406,000000,130.545,130.545,120.727,123.187,0,0
IPE_MV,D,20210407,000000,123.588,124.814,121.953,124.814,0,0
IPE_MV,D,20210408,000000,126.457,128.91,122.771,122.771,0,0
IPE_MV,D,20210409,000000,123.588,128.092,123.187,128.092,0,0
IPE_MV,D,20210412,000000,128.501,128.501,123.187,124.814,0,0
IPE_MV,D,20210413,000000,124.406,125.231,123.997,125.231,0,0
IPE_MV,D,20210414,000000,123.588,125.639,120.727,125.231,0,0
IPE_MV,D,20210415,000000,124.814,124.814,120.727,122.362,0,0
IPE_MV,D,20210416,000000,123.997,124.814,122.771,124.814,0,0
IPE_MV,D,20210419,000000,124.814,124.814,117.449,121.544,0,0
IPE_MV,D,20210420,000000,121.544,121.544,118.683,119.501,0,0
IPE_MV,D,20210421,000000,114.589,115.406,108.859,114.998,0,0
IPE_MV,D,20210422,000000,111.311,114.998,111.311,114.172,0,0
IPE_MV,D,20210423,000000,113.363,117.449,112.954,113.763,0,0
IPE_MV,D,20210426,000000,114.172,121.544,112.545,112.545,0,0
IPE_MV,D,20210427,000000,114.589,114.589,110.903,114.589,0,0
IPE_MV,D,20210428,000000,111.72,114.589,111.72,114.589,0,0
IPE_MV,D,20210429,000000,111.311,114.172,110.903,112.136,0,0
IPE_MV,D,20210430,000000,113.363,116.64,111.311,112.136,0,0
IPE_MV,D,20210504,000000,112.136,113.363,110.903,112.136,0,0
IPE_MV,D,20210505,000000,110.903,113.763,110.903,113.763,0,0
IPE_MV,D,20210506,000000,114.589,118.683,114.589,118.268,0,0
IPE_MV,D,20210507,000000,118.268,124.406,114.589,123.187,0,0
IPE_MV,D,20210510,000000,122.771,123.588,114.172,118.268,0,0
IPE_MV,D,20210511,000000,118.268,118.268,112.954,116.64,0,0
IPE_MV,D,20210512,000000,118.683,119.092,114.589,116.64,0,0
IPE_MV,D,20210513,000000,116.64,117.859,112.954,117.859,0,0
IPE_MV,D,20210514,000000,114.172,114.998,110.494,113.363,0,0
IPE_MV,D,20210517,000000,110.494,112.954,105.998,105.998,0,0
IPE_MV,D,20210518,000000,105.998,105.998,102.311,102.72,0,0
IPE_MV,D,20210519,000000,103.538,103.538,99.2385,101.494,0,0
IPE_MV,D,20210520,000000,98.2169,103.13,98.2169,102.311,0,0
IPE_MV,D,20210521,000000,108.45,108.45,102.72,103.538,0,0
IPE_MV,D,20210524,000000,103.538,104.356,100.67,101.283,0,0
IPE_MV,D,20210525,000000,100.465,103.13,99.034,102.107,0,0
IPE_MV,D,20210526,000000,103.538,104.356,102.311,103.13,0,0
IPE_MV,D,20210527,000000,102.311,106.406,102.311,104.356,0,0
IPE_MV,D,20210528,000000,107.217,112.545,106.815,110.903,0,0
IPE_MV,D,20210531,000000,115.815,115.815,109.268,112.545,0,0
IPE_MV,D,20210601,000000,112.545,114.172,110.093,110.093,0,0
IPE_MV,D,20210602,000000,111.72,112.136,108.45,110.093,0,0
IPE_MV,D,20210604,000000,108.859,114.998,108.45,110.903,0,0
IPE_MV,D,20210607,000000,110.903,118.683,110.903,118.268,0,0
IPE_MV,D,20210608,000000,118.268,119.092,114.172,115.815,0,0
IPE_MV,D,20210609,000000,117.859,117.859,114.589,116.224,0,0
IPE_MV,D,20210610,000000,116.224,117.859,116.224,117.041,0,0
IPE_MV,D,20210611,000000,117.041,117.041,113.763,114.589,0,0
IPE_MV,D,20210614,000000,117.041,117.449,110.494,114.172,0,0
IPE_MV,D,20210615,000000,114.172,114.172,111.311,112.545,0,0
IPE_MV,D,20210616,000000,114.172,114.589,112.954,114.172,0,0
IPE_MV,D,20210617,000000,114.172,117.449,112.954,112.954,0,0
IPE_MV,D,20210618,000000,114.998,114.998,107.626,110.903,0,0
IPE_MV,D,20210621,000000,112.545,114.589,111.72,113.763,0,0
IPE_MV,D,20210622,000000,114.172,117.041,112.954,114.589,0,0
IPE_MV,D,20210623,000000,114.589,115.406,113.763,115.406,0,0
IPE_MV,D,20210624,000000,114.589,117.449,114.172,116.64,0,0
IPE_MV,D,20210625,000000,116.64,117.041,113.363,116.224,0,0
IPE_MV,D,20210628,000000,116.224,116.64,114.172,115.815,0,0
IPE_MV,D,20210629,000000,115.815,120.187,115.815,119.749,0,0
IPE_MV,D,20210630,000000,119.311,119.749,116.691,116.691,0,0
IPE_MV,D,20210701,000000,116.691,117.998,114.501,117.998,0,0
IPE_MV,D,20210702,000000,115.815,118.436,115.815,117.567,0,0
IPE_MV,D,20210705,000000,117.998,120.187,115.815,116.253,0,0
IPE_MV,D,20210706,000000,117.998,118.873,108.384,116.253,0,0
IPE_MV,D,20210707,000000,115.377,116.691,115.377,116.253,0,0
IPE_MV,D,20210708,000000,112.757,116.253,111.88,114.501,0,0
IPE_MV,D,20210709,000000,112.757,115.377,111.88,114.939,0,0
IPE_MV,D,20210712,000000,114.501,114.501,109.261,111.88,0,0
IPE_MV,D,20210713,000000,111.004,111.88,111.004,111.004,0,0
IPE_MV,D,20210714,000000,109.261,109.261,105.764,105.764,0,0
IPE_MV,D,20210715,000000,106.859,106.859,103.363,104.013,0,0
IPE_MV,D,20210716,000000,104.013,104.013,103.582,103.582,0,0
IPE_MV,D,20210719,000000,103.363,103.363,98.5525,99.4281,0,0
IPE_MV,D,20210720,000000,99.2097,102.706,99.2097,102.706,0,0
IPE_MV,D,20210721,000000,102.486,102.486,98.3331,100.517,0,0
IPE_MV,D,20210722,000000,100.296,100.296,96.37,99.4281,0,0
IPE_MV,D,20210723,000000,99.4281,100.517,98.7719,98.7719,0,0
IPE_MV,D,20210726,000000,100.517,103.793,100.517,101.392,0,0
IPE_MV,D,20210727,000000,103.793,103.793,101.392,101.611,0,0
IPE_MV,D,20210728,000000,102.706,103.793,102.049,103.793,0,0
IPE_MV,D,20210729,000000,104.45,104.45,101.173,101.173,0,0
IPE_MV,D,20210730,000000,101.173,101.173,97.2382,100.086,0,0
IPE_MV,D,20210802,000000,101.173,101.173,94.3994,94.3994,0,0
IPE_MV,D,20210803,000000,95.7128,95.7128,88.7207,90.9038,0,0
IPE_MV,D,20210804,000000,90.9038,92.8737,90.0274,90.9038,0,0
IPE_MV,D,20210805,000000,92.2173,97.8953,91.7792,97.2382,0,0
IPE_MV,D,20210806,000000,97.8953,99.6475,97.8953,98.3331,0,0
IPE_MV,D,20210809,000000,96.5893,100.517,96.1515,96.8003,0,0
IPE_MV,D,20210810,000000,97.4585,97.8953,95.0565,95.7128,0,0
IPE_MV,D,20210811,000000,95.7128,99.4281,95.0565,99.4281,0,0
IPE_MV,D,20210812,000000,98.3331,99.4281,98.3331,99.4281,0,0
IPE_MV,D,20210813,000000,97.2382,99.2097,97.0197,97.0197,0,0
IPE_MV,D,20210816,000000,99.2097,99.6475,99.2097,99.6475,0,0
IPE_MV,D,20210817,000000,97.2382,98.9903,95.7128,97.676,0,0
IPE_MV,D,20210818,000000,96.1515,96.1515,91.7792,91.7792,0,0
IPE_MV,D,20210819,000000,91.7792,96.1515,90.0274,93.9616,0,0
IPE_MV,D,20210820,000000,95.275,95.275,93.7422,93.7422,0,0
IPE_MV,D,20210823,000000,95.275,95.275,91.341,95.275,0,0
IPE_MV,D,20210824,000000,95.0565,95.0565,92.2173,94.6187,0,0
IPE_MV,D,20210825,000000,93.9616,95.275,92.4356,92.4356,0,0
IPE_MV,D,20210826,000000,92.8737,92.8737,91.7792,92.6546,0,0
IPE_MV,D,20210827,000000,91.341,91.7792,90.0274,91.341,0,0
IPE_MV,D,20210830,000000,91.5601,94.3994,91.5601,91.7792,0,0
IPE_MV,D,20210831,000000,91.7792,92.8737,90.9038,91.1219,0,0
IPE_MV,D,20210901,000000,92.8737,93.5228,90.6839,91.9983,0,0
IPE_MV,D,20210902,000000,91.341,97.4585,91.341,97.4585,0,0
IPE_MV,D,20210903,000000,96.1515,96.1515,92.8737,95.0565,0,0
IPE_MV,D,20210906,000000,95.275,100.517,94.8372,96.8003,0,0
IPE_MV,D,20210907,000000,97.0197,100.517,92.8737,92.8737,0,0
IPE_MV,D,20210908,000000,91.341,95.7128,91.341,92.6546,0,0
IPE_MV,D,20210909,000000,93.3044,93.5228,90.9038,93.5228,0,0
IPE_MV,D,20210910,000000,91.1219,93.5228,87.6262,87.8444,0,0
IPE_MV,D,20210913,000000,86.969,87.4072,84.5675,86.3126,0,0
IPE_MV,D,20210914,000000,85.2241,87.4072,84.7861,86.3126,0,0
IPE_MV,D,20210915,000000,85.2241,86.1003,84.3481,84.3481,0,0
IPE_MV,D,20210916,000000,85.0055,85.2241,84.3481,84.5675,0,0
IPE_MV,D,20210917,000000,85.2241,86.969,84.5675,85.6622,0,0
IPE_MV,D,20210920,000000,85.6622,85.6622,79.1003,80.8522,0,0
IPE_MV,D,20210921,000000,79.3194,84.3481,79.3194,83.4729,0,0
IPE_MV,D,20210922,000000,81.7283,83.2536,81.0709,83.0349,0,0
IPE_MV,D,20210923,000000,83.4729,84.3481,81.7283,83.0349,0,0
IPE_MV,D,20210924,000000,83.0349,83.0349,82.6043,82.6043,0,0
IPE_MV,D,20210927,000000,83.0349,84.1295,79.3194,80.8522,0,0
IPE_MV,D,20210928,000000,80.6332,80.6332,77.1369,79.5384,0,0
IPE_MV,D,20210929,000000,79.5384,80.4143,78.6698,80.1953,0,0
IPE_MV,D,20210930,000000,80.1953,80.1953,77.5749,77.5749,0,0
IPE_MV,D,20211001,000000,77.1369,80.4143,76.918,78.6698,0,0
IPE_MV,D,20211004,000000,80.1953,80.8522,77.1369,77.3559,0,0
IPE_MV,D,20211005,000000,76.918,77.3559,76.4801,76.918,0,0
IPE_MV,D,20211006,000000,76.918,76.918,72.9837,73.8596,0,0
IPE_MV,D,20211007,000000,76.2611,76.2611,76.2611,76.2611,0,0
IPE_MV,D,20211008,000000,74.9545,76.4801,74.2976,74.7355,0,0
IPE_MV,D,20211011,000000,76.2611,76.4801,75.3925,75.6042,0,0
IPE_MV,D,20211012,000000,75.6042,80.4143,75.6042,79.5384,0,0
IPE_MV,D,20211013,000000,79.7573,79.7573,78.6698,78.6698,0,0
IPE_MV,D,20211014,000000,79.7573,79.7573,78.6698,78.6698,0,0
IPE_MV,D,20211015,000000,77.7939,77.7939,75.1735,76.4801,0,0
IPE_MV,D,20211018,000000,76.4801,76.4801,74.9545,74.9545,0,0
IPE_MV,D,20211019,000000,75.8232,75.8232,72.1078,72.9837,0,0
IPE_MV,D,20211020,000000,72.1078,72.9837,72.1078,72.9837,0,0
IPE_MV,D,20211021,000000,72.7647,73.2027,72.5458,72.9837,0,0
IPE_MV,D,20211022,000000,72.9837,72.9837,71.6773,72.1078,0,0
IPE_MV,D,20211025,000000,72.1078,72.1078,70.3633,70.5824,0,0
IPE_MV,D,20211026,000000,70.8014,73.4217,70.3633,73.4217,0,0
IPE_MV,D,20211027,000000,71.2393,71.6773,70.1443,70.1443,0,0
IPE_MV,D,20211028,000000,71.4583,71.4583,71.4583,71.4583,0,0
IPE_MV,D,20211029,000000,72.9837,78.2318,72.9837,78.2318,0,0
IPE_MV,D,20211102,000000,79.7573,80.1953,77.1369,77.1369,0,0
IPE_MV,D,20211103,000000,75.1735,77.1369,73.4217,77.1369,0,0
IPE_MV,D,20211104,000000,75.6042,80.8522,75.1735,80.8522,0,0
IPE_MV,D,20211105,000000,81.2903,81.2903,80.8522,81.2903,0,0
IPE_MV,D,20211108,000000,81.2903,82.6043,81.2903,82.3848,0,0
IPE_MV,D,20211109,000000,81.2903,82.3848,81.2903,82.3848,0,0
IPE_MV,D,20211110,000000,81.2903,82.3848,76.699,79.7573,0,0
IPE_MV,D,20211112,000000,79.7573,82.1663,76.699,79.3194,0,0
IPE_MV,D,20211115,000000,79.3194,79.3194,73.6406,79.3194,0,0
IPE_MV,D,20211116,000000,74.2976,76.2611,74.2976,74.9545,0,0
IPE_MV,D,20211117,000000,76.4801,77.5749,75.3925,77.5749,0,0
IPE_MV,D,20211118,000000,79.7573,81.7283,76.699,79.9763,0,0
IPE_MV,D,20211119,000000,79.9763,79.9763,77.3559,77.3559,0,0
IPE_MV,D,20211122,000000,77.3559,77.3559,74.2976,75.6042,0,0
IPE_MV,D,20211123,000000,76.0422,78.4508,76.0422,78.4508,0,0
IPE_MV,D,20211124,000000,77.5749,82.3848,77.1369,77.1369,0,0
IPE_MV,D,20211125,000000,80.8522,80.8522,80.8522,80.8522,0,0
IPE_MV,D,20211126,000000,81.2903,81.2903,78.2318,80.8522,0,0
IPE_MV,D,20211129,000000,80.8522,82.1663,78.4508,81.9468,0,0
IPE_MV,D,20211130,000000,81.9468,82.1663,79.1003,79.1003,0,0
IPE_MV,D,20211201,000000,80.1953,82.6043,77.3559,79.9763,0,0
IPE_MV,D,20211202,000000,77.3559,79.7573,77.1369,77.3559,0,0
IPE_MV,D,20211203,000000,79.5384,79.5384,76.699,77.5749,0,0
IPE_MV,D,20211206,000000,77.5749,77.5749,74.9545,74.9545,0,0
IPE_MV,D,20211207,000000,76.4801,76.4801,76.0422,76.4801,0,0
IPE_MV,D,20211208,000000,75.6042,77.3559,75.6042,76.4801,0,0
IPE_MV,D,20211209,000000,75.6042,76.4801,75.6042,76.4801,0,0
IPE_MV,D,20211210,000000,75.1735,76.4801,75.1735,76.4801,0,0
IPE_MV,D,20211213,000000,76.4801,76.4801,76.0422,76.4801,0,0
IPE_MV,D,20211214,000000,75.1735,76.2611,75.1735,76.0422,0,0
IPE_MV,D,20211215,000000,74.7355,74.7355,73.2027,73.2027,0,0
IPE_MV,D,20211216,000000,73.2027,76.2611,73.2027,76.2611,0,0
IPE_MV,D,20211217,000000,75.1735,76.4801,74.2976,76.0422,0,0
IPE_MV,D,20211220,000000,76.0422,76.2611,73.2027,74.2976,0,0
IPE_MV,D,20211221,000000,74.2976,75.1735,73.2027,75.1735,0,0
IPE_MV,D,20211222,000000,74.2976,74.2976,73.2027,73.4217,0,0
IPE_MV,D,20211223,000000,71.8962,73.6406,65.5533,73.4217,0,0
IPE_MV,D,20211227,000000,71.0203,72.9837,66.6482,67.0861,0,0
IPE_MV,D,20211228,000000,68.1809,68.1809,67.0861,67.3051,0,0
IPE_MV,D,20211229,000000,67.524,70.8014,67.524,70.8014,0,0
IPE_MV,D,20211230,000000,69.4875,71.0203,69.4875,70.8014,0,0
IPE_MV,D,20220103,000000,71.8962,71.8962,69.9254,70.1443,0,0
IPE_MV,D,20220104,000000,69.9254,73.4217,69.9254,70.3633,0,0
IPE_MV,D,20220105,000000,72.5458,75.3925,72.5458,73.4217,0,0
IPE_MV,D,20220107,000000,74.2976,74.2976,72.9837,73.4217,0,0
IPE_MV,D,20220110,000000,73.2027,74.5166,73.2027,74.5166,0,0
IPE_MV,D,20220111,000000,73.8596,74.5166,73.8596,74.5166,0,0
IPE_MV,D,20220112,000000,74.5166,74.7355,74.5166,74.7355,0,0
IPE_MV,D,20220113,000000,74.7355,75.3925,73.8596,73.8596,0,0
IPE_MV,D,20220114,000000,75.3925,75.3925,75.3925,75.3925,0,0
IPE_MV,D,20220117,000000,75.1735,75.3925,74.2976,74.2976,0,0
IPE_MV,D,20220118,000000,74.2976,74.2976,72.5458,72.5458,0,0
IPE_MV,D,20220119,000000,72.5458,72.5458,71.6773,72.5458,0,0
IPE_MV,D,20220120,000000,71.6773,72.1078,69.9254,72.1078,0,0
IPE_MV,D,20220121,000000,70.8014,71.0203,70.5824,70.5824,0,0
IPE_MV,D,20220124,000000,71.0203,71.0203,66.6482,66.6482,0,0
IPE_MV,D,20220125,000000,67.743,73.8596,66.6482,71.2393,0,0
IPE_MV,D,20220126,000000,71.0203,73.2027,69.4875,71.6773,0,0
IPE_MV,D,20220127,000000,69.4875,71.6773,67.743,67.743,0,0
IPE_MV,D,20220128,000000,69.7065,69.7065,67.0861,68.3999,0,0
IPE_MV,D,20220131,000000,67.3051,71.0203,66.8671,70.8014,0,0
IPE_MV,D,20220201,000000,68.1809,70.5824,67.743,68.3999,0,0
IPE_MV,D,20220202,000000,68.3999,70.5824,68.3999,70.5824,0,0
IPE_MV,D,20220203,000000,68.3999,70.5824,68.3999,68.3999,0,0
IPE_MV,D,20220204,000000,68.8306,68.8306,68.3999,68.8306,0,0
IPE_MV,D,20220207,000000,70.3633,70.3633,68.3999,68.3999,0,0
IPE_MV,D,20220209,000000,70.3633,70.8014,69.2685,70.8014,0,0
IPE_MV,D,20220210,000000,70.5824,71.0203,70.5824,71.0203,0,0
IPE_MV,D,20220211,000000,71.0203,71.0203,71.0203,71.0203,0,0
IPE_MV,D,20220214,000000,70.3633,70.3633,68.6116,68.6116,0,0
IPE_MV,D,20220215,000000,68.8306,69.0496,67.743,69.0496,0,0
IPE_MV,D,20220217,000000,69.0496,71.0203,69.0496,71.0203,0,0
IPE_MV,D,20220221,000000,67.9619,69.0496,63.3708,65.3343,0,0
IPE_MV,D,20220222,000000,65.1153,66.2102,63.8088,66.2102,0,0
IPE_MV,D,20220223,000000,66.2102,66.2102,61.1884,62.276,0,0
IPE_MV,D,20220224,000000,55.9404,61.1884,50.4806,51.5681,0,0
IPE_MV,D,20220225,000000,57.9111,60.9694,57.9111,60.7505,0,0
IPE_MV,D,20220228,000000,62.9329,63.1518,61.838,61.838,0,0
IPE_MV,D,20220301,000000,61.838,63.3708,58.9987,59.4367,0,0
IPE_MV,D,20220302,000000,59.4367,62.276,54.8455,62.276,0,0
IPE_MV,D,20220303,000000,62.276,62.276,59.8746,61.838,0,0
IPE_MV,D,20220304,000000,60.0936,61.1884,58.9987,60.0936,0,0
IPE_MV,D,20220307,000000,58.9987,63.3708,58.9987,61.1884,0,0
IPE_MV,D,20220308,000000,61.619,61.619,59.2177,61.619,0,0
IPE_MV,D,20220309,000000,62.714,62.714,62.714,62.714,0,0
IPE_MV,D,20220310,000000,61.4073,66.6482,61.4073,64.4657,0,0
IPE_MV,D,20220311,000000,64.4657,65.5533,64.4657,65.5533,0,0
IPE_MV,D,20220314,000000,65.9912,66.6482,65.1153,66.6482,0,0
IPE_MV,D,20220315,000000,66.6482,68.8306,66.2102,68.8306,0,0
IPE_MV,D,20220316,000000,68.8306,75.6042,62.057,67.524,0,0
IPE_MV,D,20220317,000000,67.524,67.743,65.9912,67.524,0,0
IPE_MV,D,20220318,000000,66.2102,72.7647,65.7722,72.5458,0,0
IPE_MV,D,20220321,000000,71.8962,71.8962,69.9254,71.8962,0,0
IPE_MV,D,20220322,000000,71.8962,71.8962,67.3051,69.4875,0,0
IPE_MV,D,20220323,000000,69.4875,69.4875,69.4875,69.4875,0,0
IPE_MV,D,20220324,000000,69.4875,72.1078,69.4875,72.1078,0,0
IPE_MV,D,20220325,000000,69.4875,72.1078,69.2685,72.1078,0,0
IPE_MV,D,20220328,000000,72.1078,72.1078,71.8962,71.8962,0,0
IPE_MV,D,20220329,000000,71.6773,73.6406,71.6773,73.2027,0,0
IPE_MV,D,20220330,000000,71.2393,75.3925,71.2393,72.5458,0,0
IPE_MV,D,20220331,000000,70.1443,70.1443,67.743,69.7065,0,0
IPE_MV,D,20220401,000000,68.8306,68.8306,64.2467,68.6116,0,0
IPE_MV,D,20220404,000000,68.6116,68.6116,68.6116,68.6116,0,0
IPE_MV,D,20220405,000000,66.4292,68.8306,66.4292,68.8306,0,0
IPE_MV,D,20220406,000000,67.743,67.743,65.5533,65.5533,0,0
IPE_MV,D,20220407,000000,65.5533,65.5533,64.6847,65.5533,0,0
IPE_MV,D,20220408,000000,64.6847,66.2102,60.0936,65.1153,0,0
IPE_MV,D,20220411,000000,65.1153,65.1153,60.7505,60.7505,0,0
IPE_MV,D,20220412,000000,60.9694,65.7722,60.7505,62.057,0,0
IPE_MV,D,20220413,000000,65.7722,66.4292,62.057,62.057,0,0
IPE_MV,D,20220414,000000,62.9329,62.9329,60.0936,60.0936,0,0
IPE_MV,D,20220419,000000,60.0936,60.0936,55.0644,55.0644,0,0
IPE_MV,D,20220420,000000,56.1593,61.1884,56.1593,57.0351,0,0
IPE_MV,D,20220421,000000,57.2541,58.9987,57.2541,58.9987,0,0
IPE_MV,D,20220422,000000,58.9987,58.9987,58.9987,58.9987,0,0
IPE_MV,D,20220425,000000,58.7797,58.7797,55.5024,56.8162,0,0
IPE_MV,D,20220426,000000,57.0351,58.9987,56.5972,58.5607,0,0
IPE_MV,D,20220427,000000,58.9987,58.9987,56.5972,58.5607,0,0
IPE_MV,D,20220428,000000,57.4732,61.619,57.4732,61.1884,0,0
IPE_MV,D,20220429,000000,61.838,61.838,61.1884,61.619,0,0
IPE_MV,D,20220502,000000,59.2177,61.619,58.9987,61.1884,0,0
IPE_MV,D,20220504,000000,61.838,61.838,57.9111,60.9694,0,0
IPE_MV,D,20220505,000000,60.7505,60.7505,58.1228,58.5607,0,0
IPE_MV,D,20220506,000000,60.7505,60.7505,60.3126,60.3126,0,0
IPE_MV,D,20220509,000000,60.7505,62.276,58.5607,59.4367,0,0
IPE_MV,D,20220510,000000,58.3418,58.3418,58.3418,58.3418,0,0
IPE_MV,D,20220511,000000,58.9987,58.9987,58.5607,58.9987,0,0
IPE_MV,D,20220512,000000,58.1228,58.1228,56.3782,57.4732,0,0
IPE_MV,D,20220513,000000,57.4732,58.9987,57.4732,58.9987,0,0
IPE_MV,D,20220516,000000,58.9987,58.9987,57.6922,58.9987,0,0
IPE_MV,D,20220517,000000,58.7797,61.1884,57.2541,57.2541,0,0
IPE_MV,D,20220518,000000,57.6922,59.8746,57.2541,57.2541,0,0
IPE_MV,D,20220519,000000,59.4367,59.8746,57.0351,57.2541,0,0
IPE_MV,D,20220520,000000,59.4367,59.4367,59.2177,59.2177,0,0
IPE_MV,D,20220523,000000,59.2177,61.619,59.2177,61.619,0,0
IPE_MV,D,20220524,000000,61.4073,62.276,59.6556,60.3126,0,0
IPE_MV,D,20220525,000000,61.4073,62.276,61.4073,62.276,0,0
IPE_MV,D,20220526,000000,62.495,63.8088,61.1884,63.8088,0,0
IPE_MV,D,20220527,000000,63.8088,65.7722,63.3708,63.3708,0,0
IPE_MV,D,20220530,000000,63.3708,65.5533,61.1884,65.5533,0,0
IPE_MV,D,20220531,000000,65.1153,67.3051,64.6847,67.3051,0,0
IPE_MV,D,20220601,000000,67.3051,69.0496,66.8671,68.8306,0,0
IPE_MV,D,20220602,000000,67.8674,70.2881,63.9896,70.2881,0,0
IPE_MV,D,20220603,000000,70.2881,70.2881,66.653,66.653,0,0
IPE_MV,D,20220606,000000,69.0737,69.0737,66.4102,66.4102,0,0
IPE_MV,D,20220607,000000,65.9244,68.8309,61.0751,64.4672,0,0
IPE_MV,D,20220608,000000,61.3179,63.5037,61.0751,63.5037,0,0
IPE_MV,D,20220609,000000,63.5037,65.4387,59.8687,64.4672,0,0
IPE_MV,D,20220610,000000,59.8687,65.4387,55.0194,65.1959,0,0
IPE_MV,D,20220613,000000,63.0181,63.0181,53.562,55.505,0,0
IPE_MV,D,20220614,000000,56.2337,58.6544,56.2337,58.1686,0,0
IPE_MV,D,20220615,000000,58.1686,58.1686,55.505,55.505,0,0
IPE_MV,D,20220617,000000,56.9542,58.8972,55.505,58.8972,0,0
IPE_MV,D,20220620,000000,59.1402,59.1402,56.7114,56.7114,0,0
IPE_MV,D,20220621,000000,58.6544,58.6544,57.1971,57.1971,0,0
IPE_MV,D,20220622,000000,58.6544,58.6544,53.0764,53.0764,0,0
IPE_MV,D,20220623,000000,52.3558,56.9542,52.3558,56.9542,0,0
IPE_MV,D,20220624,000000,53.8049,55.2622,53.562,55.2622,0,0
IPE_MV,D,20220627,000000,55.7479,55.7479,54.5336,54.5336,0,0
IPE_MV,D,20220628,000000,54.5336,54.7765,54.5336,54.7765,0,0
IPE_MV,D,20220629,000000,53.3192,54.7765,52.3558,52.8335,0,0
IPE_MV,D,20220630,000000,54.7765,54.7765,52.3558,54.7765,0,0
IPE_MV,D,20220701,000000,54.5336,54.5336,54.5336,54.5336,0,0
IPE_MV,D,20220704,000000,54.7765,54.7765,54.7765,54.7765,0,0
IPE_MV,D,20220705,000000,53.0764,54.7765,51.1414,54.5336,0,0
IPE_MV,D,20220706,000000,52.5987,52.5987,51.3843,51.6272,0,0
IPE_MV,D,20220707,000000,51.1414,52.8335,48.7208,52.8335,0,0
IPE_MV,D,20220711,000000,52.8335,54.7765,52.5987,53.8049,0,0
IPE_MV,D,20220712,000000,53.562,53.562,52.3558,52.3558,0,0
IPE_MV,D,20220714,000000,52.8335,52.8335,51.6272,52.5987,0,0
IPE_MV,D,20220715,000000,52.8335,52.8335,48.4779,51.3843,0,0
IPE_MV,D,20220718,000000,52.8335,52.8335,48.9555,50.8985,0,0
IPE_MV,D,20220719,000000,49.1984,49.1984,47.7492,48.9555,0,0
IPE_MV,D,20220720,000000,47.9921,49.927,47.9921,48.4779,0,0
IPE_MV,D,20220721,000000,49.4413,50.8985,48.4779,50.1699,0,0
IPE_MV,D,20220722,000000,49.4413,50.6557,48.7208,50.6557,0,0
IPE_MV,D,20220725,000000,50.4128,50.4128,50.4128,50.4128,0,0
IPE_MV,D,20220726,000000,48.9555,49.6842,48.4779,48.4779,0,0
IPE_MV,D,20220727,000000,49.1984,49.1984,48.7208,48.9555,0,0
IPE_MV,D,20220728,000000,48.7208,50.1699,48.7208,50.1699,0,0
IPE_MV,D,20220729,000000,48.7208,51.87,48.7208,50.8985,0,0
IPE_MV,D,20220801,000000,51.87,56.7114,51.87,56.7114,0,0
IPE_MV,D,20220802,000000,56.7114,56.7114,51.1414,51.3843,0,0
IPE_MV,D,20220803,000000,53.0764,53.3192,50.8985,50.8985,0,0
IPE_MV,D,20220804,000000,51.1414,51.3843,48.9555,51.3843,0,0
IPE_MV,D,20220805,000000,50.6557,50.6557,49.927,49.927,0,0
IPE_MV,D,20220808,000000,50.1699,53.0764,50.1699,53.0764,0,0
IPE_MV,D,20220809,000000,53.0764,53.0764,50.8985,52.5987,0,0
IPE_MV,D,20220810,000000,51.1414,51.3843,50.8985,51.3843,0,0
IPE_MV,D,20220811,000000,52.1129,53.0764,50.8985,53.0764,0,0
IPE_MV,D,20220812,000000,50.8985,53.0764,50.8985,52.3558,0,0
IPE_MV,D,20220816,000000,51.1414,53.0764,50.4128,53.0764,0,0
IPE_MV,D,20220817,000000,52.5987,53.0764,52.5987,53.0764,0,0
IPE_MV,D,20220818,000000,51.3843,53.3192,50.8985,52.5987,0,0
IPE_MV,D,20220819,000000,52.8335,52.8335,50.4128,52.1129,0,0
IPE_MV,D,20220823,000000,51.87,52.1129,50.6557,50.6557,0,0
IPE_MV,D,20220824,000000,52.5987,54.2907,52.1129,52.1129,0,0
IPE_MV,D,20220825,000000,52.1129,52.1129,52.1129,52.1129,0,0
IPE_MV,D,20220826,000000,52.1129,52.1129,52.1129,52.1129,0,0
IPE_MV,D,20220829,000000,53.3192,53.3192,50.8985,53.3192,0,0
IPE_MV,D,20220830,000000,52.8335,53.562,52.5987,52.5987,0,0
IPE_MV,D,20220831,000000,52.5987,52.5987,48.9555,51.87,0,0
IPE_MV,D,20220901,000000,49.6842,51.6272,49.1984,51.6272,0,0
IPE_MV,D,20220902,000000,51.6272,51.87,51.1414,51.87,0,0
IPE_MV,D,20220905,000000,52.8335,52.8335,49.927,50.8985,0,0
IPE_MV,D,20220906,000000,53.3192,53.3192,52.8335,52.8335,0,0
IPE_MV,D,20220907,000000,50.8985,53.3192,50.8985,53.3192,0,0
IPE_MV,D,20220908,000000,51.1414,53.0764,51.1414,53.0764,0,0
IPE_MV,D,20220909,000000,50.1699,51.3843,50.1699,51.3843,0,0
IPE_MV,D,20220912,000000,50.6557,52.8335,50.6557,52.5987,0,0
IPE_MV,D,20220913,000000,52.1129,52.5987,51.1414,51.6272,0,0
IPE_MV,D,20220914,000000,50.6557,51.6272,50.6557,51.6272,0,0
IPE_MV,D,20220915,000000,51.3843,53.3192,51.3843,53.3192,0,0
IPE_MV,D,20220916,000000,51.3843,53.3192,50.1699,53.3192,0,0
IPE_MV,D,20220919,000000,53.0764,53.0764,52.1129,52.3558,0,0
IPE_MV,D,20220920,000000,49.927,52.3558,49.927,52.3558,0,0
IPE_MV,D,20220921,000000,52.3558,52.3558,52.3558,52.3558,0,0
IPE_MV,D,20220922,000000,51.1414,52.3558,51.1414,52.3558,0,0
IPE_MV,D,20220926,000000,51.87,51.87,49.4413,50.8985,0,0
IPE_MV,D,20220927,000000,49.4413,49.4413,49.4413,49.4413,0,0
IPE_MV,D,20220928,000000,50.1699,50.1699,49.1984,49.1984,0,0
IPE_MV,D,20220929,000000,49.1984,51.6272,49.1984,49.1984,0,0
IPE_MV,D,20220930,000000,49.4413,49.4413,47.9921,48.7208,0,0
IPE_MV,D,20221003,000000,47.9921,48.7208,46.5349,48.4779,0,0
IPE_MV,D,20221004,000000,47.0207,48.9555,47.0207,48.9555,0,0
IPE_MV,D,20221005,000000,47.2635,48.9555,47.0207,47.0207,0,0
IPE_MV,D,20221006,000000,48.9555,49.4413,48.9555,49.4413,0,0
IPE_MV,D,20221007,000000,47.7492,49.4413,47.7492,47.9921,0,0
IPE_MV,D,20221010,000000,47.9921,47.9921,46.5349,46.5349,0,0
IPE_MV,D,20221011,000000,47.8707,47.8707,46.7778,46.7778,0,0
IPE_MV,D,20221012,000000,47.6278,47.9921,47.6278,47.6278,0,0
IPE_MV,D,20221013,000000,47.7492,47.7492,47.7492,47.7492,0,0
IPE_MV,D,20221014,000000,47.6278,47.7492,47.6278,47.7492,0,0
IPE_MV,D,20221017,000000,47.7492,47.9921,47.7492,47.9921,0,0
IPE_MV,D,20221019,000000,47.6278,47.6278,47.6278,47.6278,0,0
IPE_MV,D,20221020,000000,47.6278,47.6278,46.7778,46.7778,0,0
IPE_MV,D,20221021,000000,46.5349,47.9921,46.5349,47.0207,0,0
IPE_MV,D,20221024,000000,47.9921,47.9921,46.5349,47.9921,0,0
IPE_MV,D,20221025,000000,47.9921,47.9921,47.9921,47.9921,0,0
IPE_MV,D,20221026,000000,47.9921,48.4779,47.9921,48.4779,0,0
IPE_MV,D,20221027,000000,49.4413,49.6842,48.4779,49.6842,0,0
IPE_MV,D,20221031,000000,49.6842,51.3843,49.6842,51.3843,0,0
IPE_MV,D,20221102,000000,51.3843,52.8335,51.3843,52.1129,0,0
IPE_MV,D,20221103,000000,50.4128,50.4128,50.4128,50.4128,0,0
IPE_MV,D,20221104,000000,49.6842,52.8335,49.6842,52.3558,0,0
IPE_MV,D,20221107,000000,52.8335,55.9908,52.8335,55.9908,0,0
IPE_MV,D,20221108,000000,55.9908,55.9908,52.8335,55.7479,0,0
IPE_MV,D,20221110,000000,57.6828,57.6828,56.9542,56.9542,0,0
IPE_MV,D,20221114,000000,56.9542,56.9542,54.5336,56.9542,0,0
IPE_MV,D,20221115,000000,54.5336,54.5336,52.8335,54.5336,0,0
IPE_MV,D,20221116,000000,54.0478,54.0478,54.0478,54.0478,0,0
IPE_MV,D,20221117,000000,52.1129,52.1129,52.1129,52.1129,0,0
IPE_MV,D,20221118,000000,51.3843,54.0478,50.8985,50.8985,0,0
IPE_MV,D,20221121,000000,51.3843,53.3192,51.3843,52.8335,0,0
IPE_MV,D,20221122,000000,53.3192,53.3192,53.3192,53.3192,0,0
IPE_MV,D,20221123,000000,51.1414,51.1414,50.8985,50.8985,0,0
IPE_MV,D,20221124,000000,50.8985,50.8985,50.8985,50.8985,0,0
IPE_MV,D,20221125,000000,50.4128,51.1414,50.4128,51.1414,0,0
IPE_MV,D,20221128,000000,51.1414,51.1414,51.1414,51.1414,0,0
IPE_MV,D,20221129,000000,51.1414,53.3192,51.1414,53.3192,0,0
IPE_MV,D,20221130,000000,53.562,53.562,52.8335,52.8335,0,0
IPE_MV,D,20221201,000000,52.5987,52.5987,52.3558,52.3558,0,0
IPE_MV,D,20221202,000000,52.5987,52.8335,52.5987,52.8335,0,0
IPE_MV,D,20221205,000000,53.3192,53.3192,51.1414,51.3843,0,0
IPE_MV,D,20221206,000000,51.1414,51.3843,48.4779,49.4413,0,0
IPE_MV,D,20221207,000000,49.4413,51.1414,48.4779,49.4413,0,0
IPE_MV,D,20221208,000000,49.4413,49.4413,48.4779,49.4413,0,0
IPE_MV,D,20221209,000000,49.4413,49.4413,47.7492,49.1984,0,0
IPE_MV,D,20221212,000000,48.2351,49.4413,48.2351,49.4413,0,0
IPE_MV,D,20221213,000000,49.4413,49.4413,49.1984,49.4413,0,0
IPE_MV,D,20221214,000000,49.4413,51.1414,49.1984,51.1414,0,0
IPE_MV,D,20221215,000000,50.8985,50.8985,50.8985,50.8985,0,0
IPE_MV,D,20221216,000000,49.4413,50.6557,49.4413,50.6557,0,0
IPE_MV,D,20221219,000000,50.1699,50.1699,48.9555,50.1699,0,0
IPE_MV,D,20221220,000000,48.4779,49.4413,48.4779,49.4413,0,0
IPE_MV,D,20221221,000000,48.4779,49.4413,48.1135,48.4779,0,0
IPE_MV,D,20221222,000000,48.4779,50.1699,47.7492,49.927,0,0
IPE_MV,D,20221223,000000,50.1699,50.8985,48.9555,49.6842,0,0
IPE_MV,D,20221227,000000,49.927,50.4128,48.9555,50.4128,0,0
IPE_MV,D,20221228,000000,48.9555,50.8985,47.2635,48.7208,0,0
IPE_MV,D,20221229,000000,48.4779,49.6842,48.4779,49.4413,0,0
IPE_MV,D,20221230,000000,49.6842,50.4128,48.7208,50.4128,0,0
IPE_MV,D,20230102,000000,52.5987,52.5987,49.1984,52.5987,0,0
IPE_MV,D,20230103,000000,52.8335,53.8049,52.8335,52.8335,0,0
IPE_MV,D,20230104,000000,51.1414,53.3192,51.1414,53.3192,0,0
IPE_MV,D,20230105,000000,52.1129,56.2337,52.1129,55.7479,0,0
IPE_MV,D,20230109,000000,55.7479,55.7479,52.1129,52.3558,0,0
IPE_MV,D,20230110,000000,55.0194,55.505,53.3192,55.2622,0,0
IPE_MV,D,20230111,000000,54.7765,55.505,53.3192,54.7765,0,0
IPE_MV,D,20230112,000000,55.0194,55.0194,53.3192,55.0194,0,0
IPE_MV,D,20230113,000000,55.505,56.9542,55.505,56.9542,0,0
IPE_MV,D,20230116,000000,56.9542,59.1402,56.7114,59.1402,0,0
IPE_MV,D,20230117,000000,58.8972,58.8972,58.1686,58.1686,0,0
IPE_MV,D,20230118,000000,58.1686,58.6544,56.4766,58.6544,0,0
IPE_MV,D,20230119,000000,58.6544,58.8972,58.6544,58.8972,0,0
IPE_MV,D,20230123,000000,58.1686,65.4387,57.1971,65.4387,0,0
IPE_MV,D,20230124,000000,65.6815,65.6815,62.5323,64.9529,0,0
IPE_MV,D,20230125,000000,64.2324,64.9529,62.2894,64.9529,0,0
IPE_MV,D,20230126,000000,64.9529,64.9529,60.5893,64.2324,0,0
IPE_MV,D,20230127,000000,61.3179,64.4672,61.0751,64.4672,0,0
IPE_MV,D,20230130,000000,61.3179,63.7466,61.3179,63.7466,0,0
IPE_MV,D,20230131,000000,61.0751,62.5323,59.6259,62.5323,0,0
IPE_MV,D,20230201,000000,59.8687,64.4672,58.8972,62.7752,0,0
IPE_MV,D,20230202,000000,60.3545,64.4672,60.3545,64.4672,0,0
IPE_MV,D,20230203,000000,60.8322,64.4672,60.8322,61.5607,0,0
IPE_MV,D,20230206,000000,63.7466,63.9896,63.0181,63.0181,0,0
IPE_MV,D,20230207,000000,62.2894,63.7466,62.2894,63.7466,0,0
IPE_MV,D,20230209,000000,61.3179,63.2609,61.3179,63.2609,0,0
IPE_MV,D,20230210,000000,61.5607,61.5607,61.5607,61.5607,0,0
IPE_MV,D,20230213,000000,61.5607,63.2609,61.5607,63.2609,0,0
IPE_MV,D,20230215,000000,63.9896,63.9896,61.3179,63.9896,0,0
IPE_MV,D,20230216,000000,64.2324,64.2324,61.5607,63.9896,0,0
IPE_MV,D,20230217,000000,63.7466,63.7466,61.3179,61.5607,0,0
IPE_MV,D,20230220,000000,63.0181,63.2609,61.5607,63.2609,0,0
IPE_MV,D,20230222,000000,61.3179,62.5323,61.3179,62.5323,0,0
IPE_MV,D,20230223,000000,62.2894,62.2894,61.3179,62.0465,0,0
IPE_MV,D,20230224,000000,61.3179,61.5607,60.3545,61.5607,0,0
IPE_MV,D,20230227,000000,60.3545,61.5607,60.3545,61.5607,0,0
IPE_MV,D,20230228,000000,61.5607,62.0465,61.5607,62.0465,0,0
IPE_MV,D,20230301,000000,62.0465,62.0465,60.3545,62.0465,0,0
IPE_MV,D,20230302,000000,61.3179,61.8036,60.3545,61.8036,0,0
IPE_MV,D,20230303,000000,61.5607,61.8036,60.3545,61.8036,0,0
IPE_MV,D,20230306,000000,62.0465,62.0465,60.3545,61.8036,0,0
IPE_MV,D,20230307,000000,60.3545,61.5607,59.1402,61.3179,0,0
IPE_MV,D,20230308,000000,59.383,61.3179,59.383,61.3179,0,0
IPE_MV,D,20230309,000000,61.3179,61.3179,61.3179,61.3179,0,0
IPE_MV,D,20230310,000000,59.383,61.0751,59.383,61.0751,0,0
IPE_MV,D,20230313,000000,59.6259,60.5893,59.383,60.5893,0,0
IPE_MV,D,20230314,000000,59.383,61.5607,59.383,61.5607,0,0
IPE_MV,D,20230315,000000,60.5893,60.5893,55.0194,58.8972,0,0
IPE_MV,D,20230316,000000,58.8972,58.8972,57.1971,57.1971,0,0
IPE_MV,D,20230317,000000,56.7114,56.9542,55.7479,56.9542,0,0
IPE_MV,D,20230320,000000,55.7479,56.9542,55.7479,56.9542,0,0
IPE_MV,D,20230321,000000,57.1971,57.1971,56.7114,57.1971,0,0
IPE_MV,D,20230322,000000,57.44,57.44,57.44,57.44,0,0
IPE_MV,D,20230323,000000,55.2622,57.44,55.0194,57.44,0,0
IPE_MV,D,20230324,000000,55.2622,55.7479,54.7765,55.7479,0,0
IPE_MV,D,20230327,000000,55.7479,55.7479,55.7479,55.7479,0,0
IPE_MV,D,20230328,000000,55.7479,55.7479,54.2907,55.7479,0,0
IPE_MV,D,20230329,000000,55.7479,58.1686,55.7479,58.1686,0,0
IPE_MV,D,20230330,000000,55.505,57.9257,55.505,57.9257,0,0
IPE_MV,D,20230331,000000,57.9257,57.9257,55.505,57.6828,0,0
IPE_MV,D,20230403,000000,57.6828,57.6828,55.7479,55.7479,0,0
IPE_MV,D,20230404,000000,55.7479,57.44,55.7479,57.44,0,0
IPE_MV,D,20230405,000000,56.7114,60.5893,56.7114,60.5893,0,0
IPE_MV,D,20230406,000000,61.5607,61.5607,61.5607,61.5607,0,0
IPE_MV,D,20230411,000000,61.8036,66.653,58.8972,65.9244,0,0
IPE_MV,D,20230412,000000,65.9244,65.9244,63.0181,63.2609,0,0
IPE_MV,D,20230413,000000,63.5037,63.5037,63.5037,63.5037,0,0
IPE_MV,D,20230414,000000,65.1959,65.1959,63.0181,63.0181,0,0
IPE_MV,D,20230417,000000,64.4672,64.4672,64.4672,64.4672,0,0
IPE_MV,D,20230418,000000,64.4672,64.4672,63.0181,63.0181,0,0
IPE_MV,D,20230419,000000,63.9896,63.9896,61.8036,61.8036,0,0
IPE_MV,D,20230420,000000,61.8036,61.8036,59.6259,60.5893,0,0
IPE_MV,D,20230421,000000,62.2894,62.2894,61.0751,61.0751,0,0
IPE_MV,D,20230424,000000,60.1116,60.1116,59.6259,60.1116,0,0
IPE_MV,D,20230425,000000,60.5893,62.0465,60.1116,60.3545,0,0
IPE_MV,D,20230426,000000,61.0751,61.0751,60.1116,60.5893,0,0
IPE_MV,D,20230427,000000,61.0751,61.5607,60.5893,60.5893,0,0
IPE_MV,D,20230428,000000,60.5893,61.8036,60.1116,60.5893,0,0
IPE_MV,D,20230502,000000,61.8036,62.0465,61.8036,62.0465,0,0
IPE_MV,D,20230504,000000,61.8036,62.0465,61.8036,62.0465,0,0
IPE_MV,D,20230505,000000,62.0465,64.9529,62.0465,64.71,0,0
IPE_MV,D,20230508,000000,64.4672,64.4672,63.9896,64.2324,0,0
IPE_MV,D,20230509,000000,64.71,64.71,64.2324,64.71,0,0
IPE_MV,D,20230510,000000,64.71,64.9529,63.9896,64.9529,0,0
IPE_MV,D,20230511,000000,64.71,66.1673,64.71,65.9244,0,0
IPE_MV,D,20230512,000000,65.9244,65.9244,65.4387,65.4387,0,0
IPE_MV,D,20230515,000000,67.3817,67.8674,65.9244,67.6245,0,0
IPE_MV,D,20230516,000000,67.6245,67.6245,65.1959,65.9244,0,0
IPE_MV,D,20230517,000000,66.8959,67.1389,66.8959,66.8959,0,0
IPE_MV,D,20230518,000000,66.8959,66.8959,65.4387,65.4387,0,0
IPE_MV,D,20230519,000000,65.6815,66.653,65.6815,65.9244,0,0
IPE_MV,D,20230522,000000,65.9244,65.9244,65.9244,65.9244,0,0
IPE_MV,D,20230523,000000,65.9244,67.3817,64.9529,64.9529,0,0
IPE_MV,D,20230524,000000,65.4387,65.4387,64.2324,64.2324,0,0
IPE_MV,D,20230525,000000,65.1959,66.8959,63.5037,63.7466,0,0
IPE_MV,D,20230526,000000,64.2324,65.4387,64.2324,65.4387,0,0
IPE_MV,D,20230529,000000,65.4387,65.4387,65.4387,65.4387,0,0
IPE_MV,D,20230530,000000,65.4387,65.4387,65.4387,65.4387,0,0
IPE_MV,D,20230531,000000,65.4387,67.3817,65.4387,67.3817,0,0
IPE_MV,D,20230601,000000,66.6122,67.3824,64.3016,64.3016,0,0
IPE_MV,D,20230602,000000,66.8689,66.8689,66.6122,66.6122,0,0
IPE_MV,D,20230605,000000,66.6122,67.1257,65.0719,65.3286,0,0
IPE_MV,D,20230606,000000,64.8151,64.8151,64.5584,64.8151,0,0
IPE_MV,D,20230607,000000,64.8151,64.8151,63.2833,63.2833,0,0
IPE_MV,D,20230609,000000,64.3016,66.6122,62.5131,64.0449,0,0
IPE_MV,D,20230612,000000,64.8151,66.6122,64.0449,64.0449,0,0
IPE_MV,D,20230613,000000,64.0449,66.3554,64.0449,66.3554,0,0
IPE_MV,D,20230614,000000,64.0449,65.8421,64.0449,65.8421,0,0
IPE_MV,D,20230615,000000,65.8421,66.0987,64.0449,66.0987,0,0
IPE_MV,D,20230616,000000,66.0987,67.6391,66.0987,66.6122,0,0
IPE_MV,D,20230619,000000,66.6122,67.6391,66.0987,67.1257,0,0
IPE_MV,D,20230620,000000,66.0987,66.6122,64.8151,64.8151,0,0
IPE_MV,D,20230621,000000,66.0987,66.0987,66.0987,66.0987,0,0
IPE_MV,D,20230622,000000,66.0987,66.0987,66.0987,66.0987,0,0
IPE_MV,D,20230623,000000,66.6122,66.6122,66.6122,66.6122,0,0
IPE_MV,D,20230626,000000,66.6122,66.6122,66.6122,66.6122,0,0
IPE_MV,D,20230627,000000,66.6122,67.6391,66.6122,67.6391,0,0
IPE_MV,D,20230628,000000,66.6122,67.6391,66.6122,67.6391,0,0
IPE_MV,D,20230703,000000,67.6391,75.3238,67.6391,73.5268,0,0
IPE_MV,D,20230704,000000,73.27,73.5268,71.7382,73.5268,0,0
IPE_MV,D,20230705,000000,70.1978,73.5268,70.1978,70.4546,0,0
IPE_MV,D,20230706,000000,70.1978,70.7113,70.1978,70.7113,0,0
IPE_MV,D,20230707,000000,72.7566,72.7566,70.4546,70.4546,0,0
IPE_MV,D,20230710,000000,71.7382,71.7382,70.1978,70.1978,0,0
IPE_MV,D,20230711,000000,70.1978,73.0133,70.1978,71.7382,0,0
IPE_MV,D,20230712,000000,71.7382,75.3238,71.7382,73.7834,0,0
IPE_MV,D,20230713,000000,73.27,75.0671,73.27,73.7834,0,0
IPE_MV,D,20230714,000000,75.0671,75.3238,73.0133,75.0671,0,0
IPE_MV,D,20230717,000000,75.0671,75.8373,73.0133,75.3238,0,0
IPE_MV,D,20230718,000000,75.3238,75.8373,74.5536,75.3238,0,0
IPE_MV,D,20230719,000000,75.3238,90.95,75.3238,86.8508,0,0
IPE_MV,D,20230720,000000,84.5403,87.1076,79.6796,79.6796,0,0
IPE_MV,D,20230721,000000,81.9816,84.5403,79.6796,79.6796,0,0
IPE_MV,D,20230724,000000,83.2653,85.824,80.698,81.2115,0,0
IPE_MV,D,20230725,000000,82.4951,87.621,82.4951,85.824,0,0
IPE_MV,D,20230726,000000,84.5403,84.5403,79.4229,80.9547,0,0
IPE_MV,D,20230727,000000,78.6528,83.2653,78.6528,83.2653,0,0
IPE_MV,D,20230728,000000,84.2921,86.0807,84.2921,85.3105,0,0
IPE_MV,D,20230731,000000,84.5403,84.5403,80.9547,80.9547,0,0
IPE_MV,D,20230801,000000,81.9816,82.7518,81.4681,82.7518,0,0
IPE_MV,D,20230802,000000,82.7518,82.7518,79.6796,81.7249,0,0
IPE_MV,D,20230803,000000,79.9363,87.8778,79.9363,82.4951,0,0
IPE_MV,D,20230804,000000,81.9816,81.9824,81.7249,81.7249,0,0
IPE_MV,D,20230807,000000,80.7014,80.7014,80.1888,80.1931,0,0
IPE_MV,D,20230808,000000,80.1888,80.1888,79.4204,79.4229,0,0
IPE_MV,D,20230809,000000,79.9329,80.7014,77.8834,79.4229,0,0
IPE_MV,D,20230810,000000,79.1645,82.751,79.1645,81.7249,0,0
IPE_MV,D,20230814,000000,83.0077,83.0077,79.4204,79.4229,0,0
IPE_MV,D,20230816,000000,79.9329,86.0807,79.9329,81.9816,0,0
IPE_MV,D,20230818,000000,80.9581,80.9581,79.9329,79.9363,0,0
IPE_MV,D,20230821,000000,79.1645,79.1661,79.1645,79.1661,0,0
IPE_MV,D,20230822,000000,80.4455,85.824,80.4455,82.4951,0,0
IPE_MV,D,20230823,000000,84.032,86.5941,84.032,86.5941,0,0
IPE_MV,D,20230824,000000,85.5689,86.0807,85.5689,86.0807,0,0
IPE_MV,D,20230825,000000,85.0572,85.0572,85.0538,85.0538,0,0
IPE_MV,D,20230828,000000,85.0572,85.0572,84.5403,84.5403,0,0
IPE_MV,D,20230829,000000,83.2635,83.2653,83.2635,83.2653,0,0
IPE_MV,D,20230830,000000,83.2635,83.2653,83.2635,83.2653,0,0
IPE_MV,D,20230831,000000,83.0077,84.5446,83.0077,84.5403,0,0
IPE_MV,D,20230901,000000,84.2878,84.2921,84.2878,84.2921,0,0
IPE_MV,D,20230904,000000,84.2878,84.2878,82.2383,82.2383,0,0
IPE_MV,D,20230905,000000,82.2383,82.2383,80.9547,80.9547,0,0
IPE_MV,D,20230906,000000,80.9581,80.9581,80.698,80.698,0,0
IPE_MV,D,20230907,000000,81.214,81.214,73.7834,73.7834,0,0
IPE_MV,D,20230908,000000,78.9086,84.0354,77.6275,84.0354,0,0
IPE_MV,D,20230911,000000,84.032,84.032,81.4681,81.4681,0,0
IPE_MV,D,20230912,000000,83.0077,83.0085,83.0077,83.0085,0,0
IPE_MV,D,20230913,000000,84.032,84.032,81.9816,81.9816,0,0
IPE_MV,D,20230914,000000,81.9824,82.2383,81.9824,82.2383,0,0
IPE_MV,D,20230915,000000,81.9824,84.032,81.9824,82.2383,0,0
IPE_MV,D,20230918,000000,81.7266,81.7266,77.6275,80.4413,0,0
IPE_MV,D,20230919,000000,81.4699,81.4699,81.4681,81.4681,0,0
IPE_MV,D,20230920,000000,81.4699,81.4699,78.396,78.396,0,0
IPE_MV,D,20230921,000000,79.4204,81.214,79.4204,81.2115,0,0
IPE_MV,D,20230922,000000,81.214,81.214,81.2115,81.2115,0,0
IPE_MV,D,20230925,000000,81.214,81.4699,81.214,81.4681,0,0
IPE_MV,D,20230926,000000,80.1888,80.1931,80.1888,80.1931,0,0
IPE_MV,D,20230927,000000,81.4699,81.4699,81.4681,81.4681,0,0
IPE_MV,D,20230928,000000,79.1645,81.4681,74.2969,77.6258,0,0
IPE_MV,D,20230929,000000,77.6275,80.4455,77.6275,80.4413,0,0
IPE_MV,D,20231002,000000,80.4455,80.4455,78.396,78.396,0,0
IPE_MV,D,20231003,000000,77.8834,78.396,76.859,77.8825,0,0
IPE_MV,D,20231004,000000,75.0654,78.1393,71.9906,78.1393,0,0
IPE_MV,D,20231005,000000,76.3464,76.3464,72.2474,73.7834,0,0
IPE_MV,D,20231006,000000,73.2717,75.0671,72.5033,75.0671,0,0
IPE_MV,D,20231009,000000,73.7843,75.0671,72.7591,74.8104,0,0
IPE_MV,D,20231010,000000,74.8087,78.1393,74.8087,77.8825,0,0
IPE_MV,D,20231011,000000,78.1393,79.4204,78.1393,78.1393,0,0
IPE_MV,D,20231012,000000,79.4204,83.0077,79.4204,80.698,0,0
IPE_MV,D,20231013,000000,81.9824,83.0077,81.9816,81.9816,0,0
IPE_MV,D,20231016,000000,83.0077,84.5446,81.9816,81.9816,0,0
IPE_MV,D,20231017,000000,81.9824,84.5446,80.9547,80.9547,0,0
IPE_MV,D,20231018,000000,80.7014,81.214,80.7014,81.2115,0,0
IPE_MV,D,20231019,000000,81.4699,81.4699,81.4681,81.4681,0,0
IPE_MV,D,20231020,000000,82.4951,82.4951,80.9547,80.9547,0,0
IPE_MV,D,20231023,000000,80.9581,80.9581,77.6275,79.9363,0,0
IPE_MV,D,20231024,000000,78.1393,80.9581,77.6275,80.9547,0,0
IPE_MV,D,20231025,000000,80.4455,80.7014,80.4455,80.698,0,0
IPE_MV,D,20231026,000000,80.9581,80.9581,78.6518,78.6528,0,0
IPE_MV,D,20231027,000000,79.4204,80.9581,78.6518,80.9547,0,0
IPE_MV,D,20231030,000000,81.214,87.8778,81.214,85.0538,0,0
IPE_MV,D,20231031,000000,85.824,86.8508,84.8005,86.8508,0,0
IPE_MV,D,20231102,000000,86.5941,87.1076,85.824,87.1076,0,0
IPE_MV,D,20231103,000000,86.3375,87.1076,83.2635,84.5403,0,0
IPE_MV,D,20231106,000000,87.1076,87.1076,84.5403,84.5403,0,0
IPE_MV,D,20231107,000000,85.3131,85.3131,83.2635,84.797,0,0
IPE_MV,D,20231108,000000,84.032,84.8005,83.0077,83.522,0,0
IPE_MV,D,20231109,000000,83.5194,83.522,83.5194,83.522,0,0
IPE_MV,D,20231110,000000,83.5194,83.522,83.5194,83.522,0,0
IPE_MV,D,20231113,000000,83.2635,83.2653,80.7014,83.2653,0,0
IPE_MV,D,20231114,000000,81.4699,84.8005,81.4699,84.797,0,0
IPE_MV,D,20231115,000000,84.8005,88.1345,81.7266,88.1345,0,0
IPE_MV,D,20231116,000000,88.3913,88.3913,84.5403,84.5403,0,0
IPE_MV,D,20231117,000000,90.95,94.2785,90.95,92.9948,0,0
IPE_MV,D,20231120,000000,92.7385,96.8459,91.9768,96.8459,0,0
IPE_MV,D,20231121,000000,96.5893,99.4049,96.5893,97.3506,0,0
IPE_MV,D,20231122,000000,95.5622,97.8647,95.5622,96.5893,0,0
IPE_MV,D,20231123,000000,96.5893,97.3506,95.3057,95.5622,0,0
IPE_MV,D,20231124,000000,96.3328,97.0941,94.7926,97.0941,0,0
IPE_MV,D,20231127,000000,97.0941,97.0941,92.2336,93.7654,0,0
IPE_MV,D,20231128,000000,93.7654,94.7926,93.5089,93.5089,0,0
IPE_MV,D,20231129,000000,93.5089,94.2785,93.2523,93.2523,0,0
IPE_MV,D,20231130,000000,93.2523,93.2523,91.7202,92.7385,0,0
IPE_MV,D,20231201,000000,93.5089,94.2785,92.2336,92.2336,0,0
IPE_MV,D,20231204,000000,93.7654,93.7654,92.9948,93.5089,0,0
IPE_MV,D,20231205,000000,92.7385,92.7385,92.7385,92.7385,0,0
IPE_MV,D,20231206,000000,94.7926,99.918,94.2785,99.4049,0,0
IPE_MV,D,20231207,000000,99.4049,99.4049,97.3506,97.3506,0,0
IPE_MV,D,20231208,000000,97.3506,99.4049,97.3506,99.1483,0,0
IPE_MV,D,20231211,000000,98.8918,99.918,97.8647,99.6614,0,0
IPE_MV,D,20231212,000000,98.8918,99.918,98.8918,99.6614,0,0
IPE_MV,D,20231213,000000,99.4049,99.4049,97.0941,99.1483,0,0
IPE_MV,D,20231214,000000,99.1483,99.1483,95.3057,98.8918,0,0
IPE_MV,D,20231215,000000,98.3778,99.1483,98.3778,98.3778,0,0
IPE_MV,D,20231218,000000,98.3778,99.918,97.3506,99.918,0,0
IPE_MV,D,20231219,000000,99.4049,100.945,97.6081,99.1483,0,0
IPE_MV,D,20231220,000000,99.1483,99.6614,97.6081,98.6343,0,0
IPE_MV,D,20231221,000000,97.3506,97.3506,96.0762,97.0941,0,0
IPE_MV,D,20231222,000000,96.3328,97.3506,96.3328,96.3328,0,0
IPE_MV,D,20231227,000000,96.3328,98.3778,95.3057,98.3778,0,0
IPE_MV,D,20231228,000000,98.1212,98.3778,96.3328,96.3328,0,0
IPE_MV,D,20231229,000000,98.1212,98.1212,96.8459,96.8459,0,0
IPE_MV,D,20240102,000000,97.3506,107.089,97.3506,102.99,0,0
IPE_MV,D,20240103,000000,103.761,106.833,103.761,104.017,0,0
IPE_MV,D,20240104,000000,105.044,106.32,103.248,103.761,0,0
IPE_MV,D,20240105,000000,105.293,105.549,102.477,103.504,0,0
IPE_MV,D,20240108,000000,103.504,103.504,101.193,101.964,0,0
IPE_MV,D,20240109,000000,101.706,101.706,97.8647,97.8647,0,0
IPE_MV,D,20240110,000000,98.8918,98.8918,92.2336,94.2785,0,0
IPE_MV,D,20240111,000000,94.7926,95.8188,92.2336,95.3057,0,0
IPE_MV,D,20240112,000000,96.0762,99.4049,92.9948,98.6343,0,0
IPE_MV,D,20240115,000000,97.3506,98.6343,92.4903,95.5622,0,0
IPE_MV,D,20240116,000000,95.5622,95.8188,92.9948,94.536,0,0
IPE_MV,D,20240117,000000,92.9948,95.5622,92.9948,95.5622,0,0
IPE_MV,D,20240118,000000,95.5622,95.5622,91.9768,94.022,0,0
IPE_MV,D,20240119,000000,94.022,94.022,92.7385,92.7385,0,0
IPE_MV,D,20240122,000000,94.536,94.536,91.9768,91.9768,0,0
IPE_MV,D,20240123,000000,94.536,99.4049,92.7385,92.7385,0,0
IPE_MV,D,20240124,000000,95.8188,95.8188,92.9948,95.3057,0,0
IPE_MV,D,20240125,000000,96.8459,96.8459,95.3057,95.3057,0,0
IPE_MV,D,20240126,000000,96.8459,96.8459,95.3057,96.8459,0,0
IPE_MV,D,20240129,000000,95.5622,96.8459,92.9948,96.8459,0,0
IPE_MV,D,20240130,000000,96.8459,96.8459,96.8459,96.8459,0,0
IPE_MV,D,20240131,000000,96.3328,96.3328,95.8188,95.8188,0,0
IPE_MV,D,20240201,000000,95.5622,95.5622,93.7654,95.5622,0,0
IPE_MV,D,20240202,000000,95.5622,99.4049,95.5622,98.1212,0,0
IPE_MV,D,20240205,000000,98.1212,99.1483,95.0491,97.0941,0,0
IPE_MV,D,20240206,000000,97.0941,97.6081,95.3057,97.3506,0,0
IPE_MV,D,20240207,000000,95.3057,96.0762,95.0491,96.0762,0,0
IPE_MV,D,20240208,000000,96.8459,96.8459,96.0762,96.0762,0,0
IPE_MV,D,20240209,000000,96.5893,101.45,96.5893,99.918,0,0
IPE_MV,D,20240212,000000,99.918,99.918,98.8918,98.8918,0,0
IPE_MV,D,20240213,000000,98.8918,99.918,96.0762,96.0762,0,0
IPE_MV,D,20240214,000000,97.3506,99.4049,96.0762,99.4049,0,0
IPE_MV,D,20240215,000000,99.4049,99.4049,96.0762,97.3506,0,0
IPE_MV,D,20240216,000000,97.3506,98.1212,97.3506,97.3506,0,0
IPE_MV,D,20240219,000000,98.3778,98.3778,95.0491,95.5622,0,0
IPE_MV,D,20240220,000000,95.5622,95.5622,92.2336,93.7654,0,0
IPE_MV,D,20240221,000000,93.7654,98.6343,93.7654,94.7926,0,0
IPE_MV,D,20240222,000000,95.0491,99.4049,94.7926,99.4049,0,0
IPE_MV,D,20240223,000000,99.4049,101.45,97.6081,99.4049,0,0
IPE_MV,D,20240226,000000,98.3778,100.432,97.6081,98.6343,0,0
IPE_MV,D,20240227,000000,99.1483,101.706,94.536,94.7926,0,0
IPE_MV,D,20240228,000000,98.8918,98.8918,94.7926,98.8918,0,0
IPE_MV,D,20240229,000000,97.3506,97.3506,95.3057,97.3506,0,0
IPE_MV,D,20240301,000000,97.0941,98.3778,97.0941,98.3778,0,0
IPE_MV,D,20240304,000000,98.3778,98.3778,94.536,94.536,0,0
IPE_MV,D,20240305,000000,94.2785,95.5622,93.7654,95.5622,0,0
IPE_MV,D,20240306,000000,94.536,97.6081,93.7654,97.6081,0,0
IPE_MV,D,20240307,000000,96.0762,96.0762,94.7926,96.0762,0,0
IPE_MV,D,20240311,000000,94.536,94.7926,93.5089,94.7926,0,0
IPE_MV,D,20240312,000000,94.7926,94.7926,93.2523,94.7926,0,0
IPE_MV,D,20240313,000000,94.7926,94.7926,91.7202,93.2523,0,0
IPE_MV,D,20240314,000000,94.022,94.022,93.5089,93.5089,0,0
IPE_MV,D,20240315,000000,90.6932,93.5089,87.8778,90.1798,0,0
IPE_MV,D,20240318,000000,90.1798,93.5089,87.8778,93.5089,0,0
IPE_MV,D,20240319,000000,88.8962,92.7385,88.8962,92.7385,0,0
IPE_MV,D,20240321,000000,92.2336,92.2336,92.2336,92.2336,0,0
IPE_MV,D,20240322,000000,88.6394,93.5089,87.8778,93.5089,0,0
IPE_MV,D,20240325,000000,88.8962,89.1528,86.0807,89.1528,0,0
IPE_MV,D,20240326,000000,89.6663,89.6663,89.6663,89.6663,0,0
IPE_MV,D,20240327,000000,89.4096,90.95,88.8962,90.95,0,0
IPE_MV,D,20240328,000000,90.95,91.4634,90.95,91.4634,0,0
IPE_MV,D,20240402,000000,94.7926,96.0762,90.6932,93.2523,0,0
IPE_MV,D,20240403,000000,92.2336,93.2523,88.8962,93.2523,0,0
IPE_MV,D,20240404,000000,93.2523,94.7926,87.1076,87.8778,0,0
IPE_MV,D,20240405,000000,86.3375,89.923,84.5446,89.6663,0,0
IPE_MV,D,20240408,000000,89.6663,90.1798,88.3913,89.923,0,0
IPE_MV,D,20240409,000000,90.1798,91.2067,88.6394,88.6394,0,0
IPE_MV,D,20240410,000000,88.8962,91.2067,88.6394,89.4096,0,0
IPE_MV,D,20240411,000000,91.2067,91.2067,87.8778,88.3913,0,0
IPE_MV,D,20240412,000000,89.6663,91.2067,89.6663,89.6663,0,0
IPE_MV,D,20240415,000000,88.3913,92.2336,87.8778,92.2336,0,0
IPE_MV,D,20240416,000000,90.4365,90.4365,87.8778,87.8778,0,0
IPE_MV,D,20240417,000000,89.6663,90.1798,88.8962,88.8962,0,0
IPE_MV,D,20240418,000000,90.1798,91.7202,89.4096,91.4634,0,0
IPE_MV,D,20240419,000000,91.7202,91.7202,90.6932,91.7202,0,0
IPE_MV,D,20240422,000000,92.2336,92.7385,90.95,92.7385,0,0
IPE_MV,D,20240423,000000,94.2785,94.536,92.7385,94.2785,0,0
IPE_MV,D,20240424,000000,94.536,95.3057,94.2785,94.7926,0,0
IPE_MV,D,20240425,000000,94.2785,94.7926,94.2785,94.536,0,0
IPE_MV,D,20240426,000000,94.7926,95.8188,94.7926,95.8188,0,0
IPE_MV,D,20240429,000000,96.0762,96.0762,94.7926,95.8188,0,0
IPE_MV,D,20240430,000000,95.8188,96.8459,92.9948,96.8459,0,0
IPE_MV,D,20240502,000000,96.3328,98.1212,96.3328,97.3506,0,0
IPE_MV,D,20240506,000000,97.3506,99.6614,97.3506,99.6614,0,0
IPE_MV,D,20240507,000000,99.6614,100.432,97.0941,98.3778,0,0
IPE_MV,D,20240508,000000,97.8647,99.918,97.3506,97.8647,0,0
IPE_MV,D,20240509,000000,98.8918,98.8918,95.3057,96.3328,0,0
IPE_MV,D,20240510,000000,97.6081,97.6081,95.3057,96.0762,0,0
IPE_MV,D,20240513,000000,96.8459,98.8918,95.3057,97.6081,0,0
IPE_MV,D,20240514,000000,98.3778,98.3778,94.7926,96.8459,0,0
IPE_MV,D,20240515,000000,96.8459,96.8459,93.5089,95.5622,0,0
IPE_MV,D,20240516,000000,96.0762,96.3328,94.7926,95.8188,0,0
IPE_MV,D,20240517,000000,96.3328,96.3328,91.9768,95.8188,0,0
IPE_MV,D,20240520,000000,95.8188,97.8647,95.5622,97.3506,0,0
IPE_MV,D,20240521,000000,97.3506,97.8647,96.5893,96.8459,0,0
IPE_MV,D,20240522,000000,101.291,101.291,96.2807,99.3482,0,0
IPE_MV,D,20240523,000000,100.185,100.185,98.2328,99.0693,0,0
IPE_MV,D,20240524,000000,99.0693,100.185,96.5596,99.9059,0,0
IPE_MV,D,20240527,000000,96.8385,98.2328,96.8385,98.2328,0,0
IPE_MV,D,20240528,000000,96.8385,96.8385,92.1109,95.4535,0,0
IPE_MV,D,20240529,000000,93.5014,94.6169,92.1109,94.6169,0,0
IPE_MV,D,20240531,000000,93.5014,94.338,91.5541,92.9437,0,0
IPE_MV,D,20240603,000000,91.5541,92.9456,90.4414,92.6649,0,0
IPE_MV,D,20240604,000000,90.9982,92.3897,89.6067,90.7221,0,0
IPE_MV,D,20240605,000000,89.3279,90.4414,89.0499,90.1644,0,0
IPE_MV,D,20240606,000000,88.772,91.2799,88.4931,91.2799,0,0
IPE_MV,D,20240607,000000,89.8846,90.1635,87.9373,88.2124,0,0
IPE_MV,D,20240610,000000,88.2152,89.3279,88.2152,89.3279,0,0
IPE_MV,D,20240611,000000,89.3279,89.3279,88.772,89.049,0,0
IPE_MV,D,20240612,000000,89.3279,89.3279,88.4931,89.3279,0,0
IPE_MV,D,20240613,000000,88.4931,89.3279,87.6584,89.3279,0,0
IPE_MV,D,20240614,000000,87.6584,88.4931,85.989,87.6547,0,0
IPE_MV,D,20240617,000000,85.7111,89.3279,85.7111,88.7701,0,0
IPE_MV,D,20240618,000000,89.0499,89.0499,89.0499,89.0499,0,0
IPE_MV,D,20240619,000000,88.772,88.772,86.5458,86.5486,0,0
IPE_MV,D,20240620,000000,86.5458,87.1063,85.4322,87.1063,0,0
IPE_MV,D,20240621,000000,87.1016,87.1016,85.1543,85.9908,0,0
IPE_MV,D,20240624,000000,85.7111,85.9908,85.7111,85.9908,0,0
IPE_MV,D,20240625,000000,86.8237,87.6584,86.8237,86.8274,0,0
IPE_MV,D,20240626,000000,87.6584,88.772,87.6584,88.4913,0,0
IPE_MV,D,20240627,000000,88.4931,89.0499,88.4931,89.049,0,0
IPE_MV,D,20240628,000000,90.7194,90.7194,88.4931,90.4433,0,0
IPE_MV,D,20240701,000000,90.4414,92.9456,90.4414,92.9437,0,0
IPE_MV,D,20240702,000000,93.7803,94.338,91.5541,91.5587,0,0
IPE_MV,D,20240703,000000,90.7194,92.9456,90.7194,92.6649,0,0
IPE_MV,D,20240704,000000,92.6677,92.6677,91.5541,91.5587,0,0
IPE_MV,D,20240705,000000,92.6677,92.9456,92.6649,92.6649,0,0
IPE_MV,D,20240708,000000,92.6677,94.0592,92.6677,94.0592,0,0
IPE_MV,D,20240709,000000,94.6169,96.2807,93.2226,95.1746,0,0
IPE_MV,D,20240710,000000,96.0112,96.0112,93.2226,94.338,0,0
IPE_MV,D,20240711,000000,93.2226,95.7323,93.2226,94.338,0,0
IPE_MV,D,20240712,000000,93.2226,95.1746,92.1109,94.6169,0,0
IPE_MV,D,20240715,000000,94.6169,95.1746,91.8283,91.8283,0,0
IPE_MV,D,20240716,000000,91.5541,91.5541,90.1635,91.2799,0,0
IPE_MV,D,20240717,000000,91.2761,91.8329,91.2761,91.8283,0,0
IPE_MV,D,20240718,000000,91.8329,91.8329,89.6067,91.5587,0,0
IPE_MV,D,20240719,000000,91.5541,91.5587,91.5541,91.5587,0,0
IPE_MV,D,20240722,000000,91.5541,91.5541,91.2761,91.2799,0,0
IPE_MV,D,20240723,000000,90.9982,91.001,88.772,91.001,0,0
IPE_MV,D,20240724,000000,88.772,88.772,88.7701,88.7701,0,0
IPE_MV,D,20240725,000000,88.772,88.772,86.2669,86.8274,0,0
IPE_MV,D,20240726,000000,87.3805,88.772,86.8237,88.7701,0,0
IPE_MV,D,20240729,000000,88.772,88.772,86.5458,86.5486,0,0
IPE_MV,D,20240730,000000,88.4931,88.4931,86.5458,86.5486,0,0
IPE_MV,D,20240731,000000,86.5458,88.772,86.2669,86.2697,0,0
IPE_MV,D,20240801,000000,88.772,88.772,86.5458,88.4913,0,0
IPE_MV,D,20240802,000000,86.5458,88.2152,85.4322,88.2124,0,0
IPE_MV,D,20240805,000000,86.2669,86.2669,77.6409,80.423,0,0
IPE_MV,D,20240806,000000,79.8671,84.0407,79.8671,80.1441,0,0
IPE_MV,D,20240807,000000,80.145,82.0961,79.0314,82.0961,0,0
IPE_MV,D,20240808,000000,82.3712,82.3712,79.5882,82.0961,0,0
IPE_MV,D,20240809,000000,82.0933,85.1543,82.0933,85.1543,0,0
IPE_MV,D,20240812,000000,84.8754,85.1543,84.8754,85.1543,0,0
IPE_MV,D,20240813,000000,84.8754,84.8754,84.8754,84.8754,0,0
IPE_MV,D,20240814,000000,84.3195,84.8754,81.2577,84.8754,0,0
IPE_MV,D,20240816,000000,84.0407,84.8754,83.4848,84.8754,0,0
IPE_MV,D,20240819,000000,84.8754,84.8754,84.8754,84.8754,0,0
IPE_MV,D,20240820,000000,84.0407,84.0407,83.206,83.4811,0,0
IPE_MV,D,20240821,000000,84.8754,84.8754,84.5965,84.5965,0,0
IPE_MV,D,20240822,000000,84.8754,84.8754,84.8754,84.8754,0,0
IPE_MV,D,20240823,000000,83.4848,87.3805,82.928,84.8754,0,0
IPE_MV,D,20240826,000000,84.8754,86.2669,84.8754,84.8754,0,0
IPE_MV,D,20240827,000000,85.1543,85.1543,84.5965,84.5965,0,0
IPE_MV,D,20240828,000000,85.7111,89.0499,85.7111,89.049,0,0
IPE_MV,D,20240829,000000,89.0499,89.8846,88.4931,89.049,0,0
IPE_MV,D,20240830,000000,89.0499,89.8856,88.4931,89.8856,0,0
IPE_MV,D,20240902,000000,89.8846,90.1635,87.6584,89.6067,0,0
IPE_MV,D,20240903,000000,88.2152,90.1644,88.2152,90.1644,0,0
IPE_MV,D,20240904,000000,87.9373,89.8846,87.6584,89.6067,0,0
IPE_MV,D,20240905,000000,88.4931,88.4931,87.6584,88.4913,0,0
IPE_MV,D,20240906,000000,89.0499,89.6067,89.049,89.049,0,0
IPE_MV,D,20240909,000000,87.3805,87.6584,84.0407,87.6547,0,0
IPE_MV,D,20240910,000000,84.8754,87.6584,84.8754,87.6547,0,0
IPE_MV,D,20240911,000000,85.4322,85.4322,81.8145,83.2022,0,0
IPE_MV,D,20240912,000000,81.5365,83.206,81.5365,83.2022,0,0
IPE_MV,D,20240913,000000,81.8145,83.2022,81.8145,83.2022,0,0
IPE_MV,D,20240916,000000,80.9797,83.4848,79.0314,83.2022,0,0
IPE_MV,D,20240917,000000,83.206,83.206,80.7018,80.9807,0,0
IPE_MV,D,20240918,000000,82.928,82.928,82.9234,82.9234,0,0
IPE_MV,D,20240919,000000,82.928,84.8754,82.6492,84.8754,0,0
IPE_MV,D,20240920,000000,87.1016,87.1016,83.4848,86.5486,0,0
IPE_MV,D,20240923,000000,85.989,85.989,83.4848,84.5965,0,0
IPE_MV,D,20240925,000000,87.1016,87.1016,81.5365,83.4811,0,0
IPE_MV,D,20240926,000000,83.206,83.4811,83.2022,83.2022,0,0
IPE_MV,D,20240930,000000,80.7018,82.6492,80.7018,80.7018,0,0
IPE_MV,D,20241001,000000,83.206,83.206,83.2022,83.2022,0,0
IPE_MV,D,20241002,000000,83.206,83.4848,80.9797,83.4811,0,0
IPE_MV,D,20241003,000000,81.8145,83.4848,81.8145,83.4811,0,0
IPE_MV,D,20241004,000000,80.9797,83.7628,80.7018,83.76,0,0
IPE_MV,D,20241007,000000,83.7628,83.7628,83.76,83.76,0,0
IPE_MV,D,20241008,000000,83.7628,83.7628,80.7018,82.0961,0,0
IPE_MV,D,20241009,000000,80.423,80.423,77.9188,79.3075,0,0
IPE_MV,D,20241010,000000,80.423,80.423,80.423,80.423,0,0
IPE_MV,D,20241011,000000,79.5882,80.423,79.5882,80.423,0,0
IPE_MV,D,20241014,000000,79.5882,80.145,79.5882,80.1441,0,0
IPE_MV,D,20241015,000000,80.145,81.2595,79.5882,81.2595,0,0
IPE_MV,D,20241016,000000,82.0933,82.0961,82.0933,82.0961,0,0
IPE_MV,D,20241017,000000,82.0933,83.206,80.423,80.423,0,0
IPE_MV,D,20241018,000000,80.7018,80.7018,79.8671,80.423,0,0
IPE_MV,D,20241021,000000,80.423,80.423,79.8652,79.8652,0,0
IPE_MV,D,20241022,000000,80.145,80.145,78.7535,80.1441,0,0
IPE_MV,D,20241023,000000,80.145,80.423,78.7498,78.7498,0,0
IPE_MV,D,20241024,000000,80.423,80.423,79.3103,80.423,0,0
IPE_MV,D,20241025,000000,79.8671,80.423,78.4756,80.423,0,0
IPE_MV,D,20241028,000000,80.423,80.423,79.0287,79.0287,0,0
IPE_MV,D,20241029,000000,79.0314,79.0314,78.7498,78.7498,0,0
IPE_MV,D,20241030,000000,79.3103,79.3103,78.4709,78.4709,0,0
IPE_MV,D,20241031,000000,78.7535,78.7535,76.2494,77.9225,0,0
IPE_MV,D,20241104,000000,76.2494,77.362,75.1339,75.1339,0,0
IPE_MV,D,20241105,000000,75.6926,75.6926,75.1339,75.1339,0,0
IPE_MV,D,20241106,000000,74.579,77.0859,74.0231,77.0859,0,0
IPE_MV,D,20241107,000000,76.5273,76.5273,75.1358,76.2494,0,0
IPE_MV,D,20241108,000000,75.4146,76.5282,75.4146,76.5282,0,0
IPE_MV,D,20241112,000000,76.5273,77.362,73.7443,76.8071,0,0
IPE_MV,D,20241113,000000,75.1358,75.4128,74.0231,75.4128,0,0
IPE_MV,D,20241114,000000,76.8052,76.8052,75.1339,75.1339,0,0
IPE_MV,D,20241115,000000,73.7443,77.0859,73.7443,77.0859,0,0
IPE_MV,D,20241118,000000,75.1358,77.0859,75.1358,77.0859,0,0
IPE_MV,D,20241119,000000,74.579,75.9705,74.3011,75.9705,0,0
IPE_MV,D,20241120,000000,74.579,74.579,73.4663,73.4701,0,0
IPE_MV,D,20241121,000000,73.4663,75.9705,73.1884,75.9705,0,0
IPE_MV,D,20241122,000000,74.0231,76.5273,74.0231,75.1339,0,0
IPE_MV,D,20241125,000000,76.8052,76.8071,74.8579,76.8071,0,0
IPE_MV,D,20241126,000000,76.2494,76.2494,76.2494,76.2494,0,0
IPE_MV,D,20241127,000000,75.1358,75.1358,74.0185,74.0185,0,0
IPE_MV,D,20241128,000000,73.7443,76.2494,71.7969,73.7489,0,0
IPE_MV,D,20241129,000000,74.3011,75.1358,74.3011,75.1339,0,0
IPE_MV,D,20241202,000000,76.8052,77.6437,74.3011,77.6437,0,0
IPE_MV,D,20241203,000000,77.6409,77.6409,72.6316,74.0185,0,0
IPE_MV,D,20241204,000000,74.8579,74.8579,74.579,74.8551,0,0
IPE_MV,D,20241205,000000,74.8579,76.5273,74.8579,75.6916,0,0
IPE_MV,D,20241206,000000,74.8579,74.8579,72.3528,74.8551,0,0
IPE_MV,D,20241209,000000,76.2494,76.2494,72.3528,73.4701,0,0
IPE_MV,D,20241210,000000,75.1358,75.1358,75.1339,75.1339,0,0
IPE_MV,D,20241211,000000,72.3528,75.6926,70.1265,74.0185,0,0
IPE_MV,D,20241212,000000,73.4663,73.4663,70.6833,71.7969,0,0
IPE_MV,D,20241213,000000,72.3528,72.3528,70.9603,70.9603,0,0
IPE_MV,D,20241216,000000,69.5707,70.9613,69.5707,70.4026,0,0
IPE_MV,D,20241217,000000,69.5707,72.3528,69.0139,69.0176,0,0
IPE_MV,D,20241218,000000,69.2918,69.2918,68.4571,68.7388,0,0
IPE_MV,D,20241219,000000,68.735,68.7388,67.0656,68.7388,0,0
IPE_MV,D,20241220,000000,69.5707,69.5707,65.6713,65.6713,0,0
IPE_MV,D,20241223,000000,66.7877,68.735,66.2309,66.5079,0,0
IPE_MV,D,20241227,000000,67.6224,70.1265,66.7877,70.1238,0,0
IPE_MV,D,20241230,000000,68.1792,71.7969,68.1792,71.7969,0,0
IPE_MV,D,20250102,000000,70.4054,73.7489,70.4054,73.7489,0,0
IPE_MV,D,20250103,000000,72.6316,79.8671,72.3528,72.9123,0,0
IPE_MV,D,20250107,000000,74.579,77.9188,72.9096,75.9705,0,0
IPE_MV,D,20250108,000000,76.5273,76.5273,74.0185,74.0185,0,0
IPE_MV,D,20250109,000000,75.6926,76.5282,75.6926,76.5282,0,0
IPE_MV,D,20250110,000000,77.9188,77.9225,77.9188,77.9225,0,0
IPE_MV,D,20250113,000000,78.1967,78.4756,74.5762,74.5762,0,0
IPE_MV,D,20250114,000000,76.2494,76.2494,76.2494,76.2494,0,0
IPE_MV,D,20250115,000000,76.2494,76.2494,75.9705,76.2494,0,0
IPE_MV,D,20250116,000000,76.5273,76.5273,75.9705,75.9705,0,0
IPE_MV,D,20250117,000000,75.1358,75.9705,75.1358,75.9705,0,0
IPE_MV,D,20250120,000000,75.1358,76.2494,74.0231,76.2494,0,0
IPE_MV,D,20250121,000000,76.2494,76.2494,76.2494,76.2494,0,0
IPE_MV,D,20250122,000000,76.2494,76.5282,76.2494,76.5282,0,0
IPE_MV,D,20250123,000000,76.2494,76.2494,76.2494,76.2494,0,0
IPE_MV,D,20250124,000000,76.2494,76.5282,76.2494,76.5282,0,0
IPE_MV,D,20250127,000000,74.579,76.2494,74.579,74.8551,0,0
IPE_MV,D,20250128,000000,74.8579,74.8579,74.5762,74.5762,0,0
IPE_MV,D,20250129,000000,76.2494,76.2494,74.0185,74.0185,0,0
IPE_MV,D,20250130,000000,74.3011,76.2494,74.3011,76.2494,0,0
IPE_MV,D,20250131,000000,75.1358,75.1358,75.1339,75.1339,0,0
IPE_MV,D,20250203,000000,75.4146,75.6926,75.4128,75.4128,0,0
IPE_MV,D,20250204,000000,75.4146,75.4146,75.1358,75.4128,0,0
IPE_MV,D,20250205,000000,75.6926,75.6926,74.5762,74.5762,0,0
IPE_MV,D,20250206,000000,74.579,75.4146,74.579,75.4128,0,0
IPE_MV,D,20250207,000000,76.2494,76.5282,75.6926,76.5282,0,0
IPE_MV,D,20250210,000000,75.4146,79.5882,75.4146,76.8071,0,0
IPE_MV,D,20250211,000000,78.1967,83.4848,78.1967,80.1441,0,0
IPE_MV,D,20250212,000000,82.928,85.989,80.9797,82.9234,0,0
IPE_MV,D,20250213,000000,82.928,82.928,80.7018,82.9234,0,0
IPE_MV,D,20250214,000000,80.9797,84.5975,80.9797,84.3177,0,0
IPE_MV,D,20250217,000000,83.7628,83.7628,78.4756,81.2595,0,0
IPE_MV,D,20250218,000000,82.0933,82.0961,81.2577,82.0961,0,0
IPE_MV,D,20250219,000000,83.7628,83.7628,82.0933,82.0961,0,0
IPE_MV,D,20250220,000000,82.928,85.7111,82.928,83.2022,0,0
IPE_MV,D,20250221,000000,83.206,87.9373,82.0933,87.9336,0,0
IPE_MV,D,20250224,000000,87.6584,87.6584,82.0933,85.9908,0,0
IPE_MV,D,20250225,000000,82.6492,85.712,82.6492,85.712,0,0
IPE_MV,D,20250226,000000,82.928,85.4331,81.8145,85.4331,0,0
IPE_MV,D,20250227,000000,82.6492,83.4848,82.6492,82.6538,0,0
IPE_MV,D,20250228,000000,82.0933,82.0933,80.9797,80.9807,0,0
IPE_MV,D,20250303,000000,83.4848,83.4848,80.9797,82.6538,0,0
IPE_MV,D,20250304,000000,80.9797,82.0961,80.7018,82.0961,0,0
IPE_MV,D,20250305,000000,80.9797,80.9807,80.9797,80.9807,0,0
IPE_MV,D,20250306,000000,81.2577,81.2577,78.7535,80.7018,0,0
IPE_MV,D,20250307,000000,80.7018,80.7018,79.3075,79.3075,0,0
IPE_MV,D,20250310,000000,79.3103,80.7018,79.3075,79.3075,0,0
IPE_MV,D,20250311,000000,79.3103,82.0933,79.3103,81.8172,0,0
IPE_MV,D,20250312,000000,79.3103,81.5384,78.7535,81.5384,0,0
IPE_MV,D,20250313,000000,79.0314,81.2595,79.0314,81.2595,0,0
IPE_MV,D,20250314,000000,81.2577,81.5384,79.3103,81.5384,0,0
IPE_MV,D,20250317,000000,80.7018,82.0961,80.7018,82.0961,0,0
IPE_MV,D,20250318,000000,82.0933,85.712,80.9797,85.712,0,0
IPE_MV,D,20250319,000000,84.8754,93.2226,83.206,92.386,0,0
IPE_MV,D,20250320,000000,91.8329,96.0112,91.8329,94.338,0,0
IPE_MV,D,20250321,000000,93.2226,95.7323,90.7194,94.6169,0,0
IPE_MV,D,20250324,000000,94.338,94.338,90.1635,94.338,0,0
IPE_MV,D,20250325,000000,94.0592,94.0592,94.0592,94.0592,0,0
IPE_MV,D,20250326,000000,91.2761,93.2226,91.2761,93.2226,0,0
IPE_MV,D,20250327,000000,90.1635,91.8329,86.5458,90.4433,0,0
IPE_MV,D,20250328,000000,87.3805,91.8329,86.2669,91.8283,0,0
IPE_MV,D,20250331,000000,86.5458,91.2799,86.5458,91.2799,0,0
IPE_MV,D,20250401,000000,86.5458,86.5458,80.1441,80.1441,0,0
IPE_MV,D,20250402,000000,80.9797,84.3195,80.423,84.0388,0,0
IPE_MV,D,20250403,000000,81.8145,83.7628,81.8145,83.7628,0,0
IPE_MV,D,20250404,000000,81.8145,81.8145,79.5864,79.5864,0,0
IPE_MV,D,20250407,000000,89.0499,89.0499,78.1967,79.5882,0,0
IPE_MV,D,20250408,000000,80.7018,86.2669,80.7018,85.1543,0,0
IPE_MV,D,20250409,000000,85.1543,85.1543,81.5384,81.5384,0,0
IPE_MV,D,20250410,000000,81.5365,82.6492,81.5365,82.6492,0,0
IPE_MV,D,20250411,000000,82.6492,85.1543,82.6492,84.0388,0,0
IPE_MV,D,20250414,000000,83.7628,83.7628,80.7018,81.5384,0,0
IPE_MV,D,20250415,000000,82.0933,83.7628,82.0933,83.76,0,0
IPE_MV,D,20250416,000000,82.0933,82.0961,80.7018,82.0961,0,0
IPE_MV,D,20250417,000000,81.2577,85.1543,80.9797,85.1543,0,0
IPE_MV,D,20250422,000000,85.4322,85.4322,81.5365,84.8754,0,0
IPE_MV,D,20250423,000000,84.8754,86.2697,81.8145,86.2697,0,0
IPE_MV,D,20250424,000000,86.2669,86.2697,84.8754,86.2697,0,0
IPE_MV,D,20250425,000000,86.2669,88.7701,84.3195,88.7701,0,0
IPE_MV,D,20250428,000000,89.0499,89.0499,83.4848,84.0388,0,0
IPE_MV,D,20250429,000000,84.0407,87.1063,84.0407,87.1063,0,0
IPE_MV,D,20250430,000000,84.0407,86.5458,84.0388,84.0388,0,0
IPE_MV,D,20250502,000000,86.2669,87.1016,84.5975,86.8274,0,0
IPE_MV,D,20250505,000000,84.5975,86.2669,84.5965,84.5965,0,0
IPE_MV,D,20250506,000000,86.2669,86.2669,83.4848,84.0388,0,0
IPE_MV,D,20250507,000000,84.0407,87.3805,84.0407,87.3758,0,0
IPE_MV,D,20250508,000000,87.3805,87.3805,86.2669,86.2697,0,0
IPE_MV,D,20250509,000000,86.2669,89.0499,86.2669,89.049,0,0
IPE_MV,D,20250512,000000,89.0499,89.0499,89.049,89.049,0,0
IPE_MV,D,20250513,000000,89.0499,90.4433,84.0407,90.4433,0,0
IPE_MV,D,20250514,000000,91.2761,91.2761,87.1016,91.001,0,0
IPE_MV,D,20250515,000000,87.9373,88.2152,87.9373,88.2124,0,0
IPE_MV,D,20250516,000000,88.2152,91.8329,88.2152,91.8283,0,0
IPE_MV,D,20250519,000000,86.2669,86.2669,84.3195,84.5965,0,0
IPE_MV,D,20250520,000000,86.2669,86.2669,84.5965,84.5965,0,0
IPE_MV,D,20250521,000000,84.5975,84.8754,84.5975,84.8754,0,0
IPE_MV,D,20250522,000000,85.1543,85.7111,85.1543,85.1543,0,0
IPE_MV,D,20250523,000000,85.7111,85.7111,84.0388,84.0388,0,0
IPE_MV,D,20250526,000000,85.989,85.989,84.0388,84.0388,0,0
IPE_MV,D,20250527,000000,85.989,85.989,79.5882,85.4331,0,0
IPE_MV,D,20250528,000000,85.1543,85.9908,85.1543,85.9908,0,0
IPE_MV,D,20250529,000000,85.989,85.989,84.5965,84.5965,0,0
IPE_MV,D,20250602,000000,83.4848,83.4848,82.928,83.4811,0,0
IPE_MV,D,20250603,000000,83.4848,83.4848,82.9234,82.9234,0,0
IPE_MV,D,20250604,000000,84.0407,84.0407,83.4848,84.0388,0,0
IPE_MV,D,20250605,000000,84.0407,84.5975,84.0407,84.5965,0,0
IPE_MV,D,20250606,000000,85.989,85.9908,85.989,85.9908,0,0
IPE_MV,D,20250609,000000,85.989,85.989,85.4322,85.4331,0,0
IPE_MV,D,20250610,000000,85.989,85.989,84.8754,84.8754,0,0
IPE_MV,D,20250611,000000,85.989,85.989,83.4811,83.4811,0,0
IPE_MV,D,20250612,000000,85.989,85.989,82.0933,82.0961,0,0
IPE_MV,D,20250613,000000,82.6492,83.206,80.423,83.2022,0,0
IPE_MV,D,20250616,000000,83.206,83.4848,81.8145,81.8172,0,0
IPE_MV,D,20250617,000000,84.3195,84.3195,81.8145,84.3177,0,0
IPE_MV,D,20250618,000000,84.5975,85.1543,81.8145,85.1543,0,0
IPE_MV,D,20250620,000000,85.1543,86.8237,83.4848,85.1543,0,0
IPE_MV,D,20250623,000000,82.928,85.1543,82.928,85.1543,0,0
IPE_MV,D,20250624,000000,85.1543,85.1543,83.206,83.4811,0,0
IPE_MV,D,20250625,000000,83.4848,84.8754,82.9234,82.9234,0,0
IPE_MV,D,20250626,000000,83.826,83.826,82.329,83.53,0,0
IPE_MV,D,20250627,000000,83.527,83.53,82.329,83.53,0,0
IPE_MV,D,20250630,000000,83.527,83.527,79.635,80.83,0,0
IPE_MV,D,20250701,000000,78.138,80.832,78.138,80.83,0,0
IPE_MV,D,20250702,000000,80.533,80.832,79.335,80.23,0,0
IPE_MV,D,20250703,000000,80.233,80.832,79.93,79.93,0,0
IPE_MV,D,20250704,000000,79.934,80.832,79.036,80.83,0,0
IPE_MV,D,20250707,000000,79.934,84.125,79.635,80.53,0,0
IPE_MV,D,20250708,000000,83.527,83.527,79.934,80.83,0,0
IPE_MV,D,20250709,000000,80.832,83.227,80.832,82.93,0,0
IPE_MV,D,20250710,000000,83.527,83.826,81.43,81.43,0,0
IPE_MV,D,20250711,000000,82.03,88.017,82.03,82.03,0,0
IPE_MV,D,20250714,000000,82.03,84.724,82.03,82.93,0,0
IPE_MV,D,20250715,000000,82.928,84.125,82.329,83.83,0,0
IPE_MV,D,20250716,000000,83.826,85.622,82.628,84.72,0,0
IPE_MV,D,20250717,000000,85.323,87.119,85.32,85.32,0,0
IPE_MV,D,20250718,000000,84.125,86.221,83.826,86.22,0,0
IPE_MV,D,20250721,000000,85.622,85.622,83.83,83.83,0,0
IPE_MV,D,20250722,000000,85.922,86.221,85.92,85.92,0,0
IPE_MV,D,20250723,000000,84.125,85.622,84.125,85.62,0,0
IPE_MV,D,20250725,000000,85.023,87.12,85.023,87.12,0,0
IPE_MV,D,20250728,000000,86.82,86.82,85.32,85.32,0,0
IPE_MV,D,20250729,000000,87.418,88.62,87.418,88.62,0,0
IPE_MV,D,20250730,000000,88.616,88.616,87.718,87.72,0,0
IPE_MV,D,20250731,000000,88.915,88.915,87.418,87.42,0,0
IPE_MV,D,20250801,000000,87.418,89.215,87.418,89.21,0,0
IPE_MV,D,20250804,000000,89.215,89.215,87.418,87.42,0,0
IPE_MV,D,20250805,000000,87.718,87.718,87.418,87.42,0,0
IPE_MV,D,20250806,000000,88.017,88.32,88.017,88.32,0,0
IPE_MV,D,20250807,000000,88.616,88.616,87.418,87.72,0,0
IPE_MV,D,20250808,000000,87.418,87.42,87.418,87.42,0,0
IPE_MV,D,20250811,000000,87.718,88.616,87.718,87.72,0,0
IPE_MV,D,20250812,000000,88.616,88.616,88.017,88.02,0,0
IPE_MV,D,20250813,000000,88.616,88.616,87.718,87.72,0,0
IPE_MV,D,20250814,000000,87.718,87.718,87.418,87.42,0,0
IPE_MV,D,20250818,000000,88.017,88.616,88.017,88.02,0,0
IPE_MV,D,20250819,000000,88.017,88.02,87.418,88.02,0,0
IPE_MV,D,20250820,000000,88.017,88.017,87.418,87.42,0,0
IPE_MV,D,20250821,000000,88.616,90.412,88.616,89.81,0,0
IPE_MV,D,20250822,000000,90.412,90.412,87.718,87.72,0,0
IPE_MV,D,20250825,000000,88.017,88.017,87.718,87.72,0,0
IPE_MV,D,20250826,000000,87.718,89.814,87.718,89.81,0,0
IPE_MV,D,20250827,000000,89.814,90.712,89.814,90.71,0,0
IPE_MV,D,20250828,000000,90.712,91.011,90.71,90.71,0,0
IPE_MV,D,20250829,000000,90.712,90.712,90.71,90.71,0,0
IPE_MV,D,20250901,000000,90.113,90.712,89.81,89.81,0,0
IPE_MV,D,20250902,000000,89.814,89.814,89.81,89.81,0,0
IPE_MV,D,20250903,000000,88.317,90.712,88.317,90.71,0,0
IPE_MV,D,20250904,000000,89.814,92.51,89.814,92.51,0,0
IPE_MV,D,20250905,000000,92.508,92.508,89.514,91.01,0,0
IPE_MV,D,20250908,000000,91.011,91.31,88.017,88.02,0,0
IPE_MV,D,20250909,000000,88.017,90.712,88.017,89.21,0,0
IPE_MV,D,20250910,000000,88.017,88.017,83.527,85.92,0,0
IPE_MV,D,20250911,000000,86.52,86.82,86.52,86.82,0,0
IPE_MV,D,20250912,000000,86.52,87.42,86.52,87.42,0,0
IPE_MV,D,20250915,000000,85.023,87.72,85.023,87.72,0,0
IPE_MV,D,20250916,000000,85.323,85.323,84.42,84.42,0,0
IPE_MV,D,20250917,000000,84.425,85.023,84.425,85.02,0,0
IPE_MV,D,20250918,000000,84.425,85.622,84.425,84.72,0,0
IPE_MV,D,20250919,000000,84.724,85.622,84.724,85.62,0,0
IPE_MV,D,20250922,000000,85.622,86.221,84.724,86.22,0,0
IPE_MV,D,20250923,000000,85.023,86.82,85.023,86.82,0,0
IPE_MV,D,20250924,000000,87.718,87.72,87.718,87.72,0,0
IPE_MV,D,20250925,000000,87.718,87.72,87.718,87.72,0,0
IPE_MV,D,20250926,000000,85.922,85.922,85.92,85.92,0,0
IPE_MV,D,20250929,000000,85.922,87.718,85.922,87.12,0,0
IPE_MV,D,20250930,000000,88.616,88.62,88.616,88.62,0,0
IPE_MV,D,20251001,000000,88.616,88.616,86.221,86.52,0,0
IPE_MV,D,20251002,000000,88.616,92.21,88.616,92.21,0,0
IPE_MV,D,20251003,000000,91.31,94.005,89.814,93.11,0,0
IPE_MV,D,20251006,000000,94.005,94.005,88.915,88.92,0,0
IPE_MV,D,20251007,000000,88.915,92.51,88.915,92.51,0,0
IPE_MV,D,20251008,000000,92.807,92.807,89.81,89.81,0,0
IPE_MV,D,20251009,000000,90.712,94.005,90.712,94,0,0
IPE_MV,D,20251010,000000,94.005,94.005,92.508,93.41,0,0
IPE_MV,D,20251013,000000,92.508,93.406,91.31,93.11,0,0
IPE_MV,D,20251014,000000,93.107,93.406,93.107,93.11,0,0
IPE_MV,D,20251015,000000,93.107,93.41,93.107,93.41,0,0
IPE_MV,D,20251016,000000,94.304,95.801,94.304,95.8,0,0
IPE_MV,D,20251017,000000,97.298,97.298,94.304,95.5,0,0
IPE_MV,D,20251020,000000,95.502,95.502,95.5,95.5,0,0
IPE_MV,D,20251021,000000,95.502,97,94.304,97,0,0
IPE_MV,D,20251022,000000,96.999,96.999,96.4,96.4,0,0
IPE_MV,D,20251023,000000,95.502,96.7,95.502,96.7,0,0
IPE_MV,D,20251024,000000,96.699,96.699,95.502,96.4,0,0
IPE_MV,D,20251027,000000,95.502,95.502,94.604,95.5,0,0
IPE_MV,D,20251028,000000,92.807,95.801,92.807,95.8,0,0
IPE_MV,D,20251029,000000,93.107,95.801,93.107,95.8,0,0
IPE_MV,D,20251030,000000,95.801,95.801,93.107,93.11,0,0
IPE_MV,D,20251031,000000,93.406,95.801,93.406,95.801,0,0
IPE_MV,D,20251103,000000,94.304,97,94.304,97,0,0
IPE_MV,D,20251104,000000,96.4,96.4,95.8,95.8,0,0
IPE_MV,D,20251105,000000,95.801,95.801,95.8,95.8,0,0
IPE_MV,D,20251106,000000,95.801,95.801,95.202,95.8,0,0
IPE_MV,D,20251107,000000,95.801,95.801,94.3,94.3,0,0
IPE_MV,D,20251110,000000,95.801,95.801,94.604,95.8,0,0
IPE_MV,D,20251112,000000,93.406,95.801,93.406,95.8,0,0
IPE_MV,D,20251113,000000,95.801,97.298,94.304,95.8,0,0
IPE_MV,D,20251114,000000,95.801,97.6,95.801,97.6,0,0
IPE_MV,D,20251117,000000,97.897,99.992,92.807,94.9,0,0
IPE_MV,D,20251118,000000,94.903,97.897,91.31,95.5,0,0
IPE_MV,D,20251119,000000,94.903,94.903,94.9,94.9,0,0
IPE_MV,D,20251121,000000,95.801,96.1,94.3,94.3,0,0
IPE_MV,D,20251124,000000,93.406,95.801,93.406,95.5,0,0
IPE_MV,D,20251125,000000,95.801,95.801,93.406,93.41,0,0
IPE_MV,D,20251126,000000,93.705,95.801,93.705,95.2,0,0
IPE_MV,D,20251127,000000,95.202,95.202,93.705,93.71,0,0
IPE_MV,D,20251128,000000,93.705,95.502,93.406,95.2,0,0
IPE_MV,D,20251201,000000,95.801,96.699,93.406,93.41,0,0
IPE_MV,D,20251202,000000,94.604,94.604,93.41,93.41,0,0
IPE_MV,D,20251203,000000,93.406,95.202,93.406,94.9,0,0
IPE_MV,D,20251204,000000,95.801,96.999,95.8,95.8,0,0
IPE_MV,D,20251205,000000,96.4,96.4,91.909,93.41,0,0
IPE_MV,D,20251208,000000,94.005,94.005,94,94,0,0
IPE_MV,D,20251209,000000,95.801,98.795,95.801,98.79,0,0
IPE_MV,D,20251210,000000,96.999,102.99,96.1,102.99,0,0
IPE_MV,D,20251211,000000,105.38,105.38,102.69,103.58,0,0
IPE_MV,D,20251212,000000,104.78,110.47,104.78,107.78,0,0
IPE_MV,D,20251215,000000,110.77,115.56,104.78,115.26,0,0
IPE_MV,D,20251216,000000,117.96,117.96,112.57,116.46,0,0
IPE_MV,D,20251217,000000,116.46,116.46,107.18,112.27,0,0
IPE_MV,D,20251218,000000,112.27,116.16,109.87,110.47,0,0
IPE_MV,D,20251219,000000,110.47,123.04,110.47,117.06,0,0
IPE_MV,D,20251222,000000,119.75,119.75,118.55,119.75,0,0
IPE_MV,D,20251223,000000,122.15,122.15,118.55,118.55,0,0
IPE_MV,D,20251229,000000,119.75,121.55,119.75,121.55,0,0
IPE_MV,D,20251230,000000,121.55,121.55,119.15,119.75,0,0
IPE_MV,D,20260102,000000,119.75,122.75,119.75,120.95,0,0
IPE_MV,D,20260105,000000,122.75,128.73,122.75,126.94,0,0
IPE_MV,D,20260107,000000,117.96,124.24,117.96,122.45,0,0
IPE_MV,D,20260108,000000,123.94,128.73,120.95,126.34,0,0
IPE_MV,D,20260109,000000,126.34,128.73,120.95,128.73,0,0
IPE_MV,D,20260112,000000,128.73,128.73,126.34,128.73,0,0
IPE_MV,D,20260113,000000,129.93,130.83,127.54,128.73,0,0
IPE_MV,D,20260114,000000,123.34,130.53,123.34,130.53,0,0
IPE_MV,D,20260115,000000,130.83,130.83,128.13,130.83,0,0
IPE_MV,D,20260116,000000,130.23,130.23,129.03,130.23,0,0
IPE_MV,D,20260119,000000,129.03,131.43,126.34,130.23,0,0
IPE_MV,D,20260120,000000,127.24,130.83,127.24,130.83,0,0
IPE_MV,D,20260121,000000,130.53,130.53,126.34,130.23,0,0
IPE_MV,D,20260122,000000,126.64,128.73,125.14,128.73,0,0
IPE_MV,D,20260123,000000,128.73,128.73,122.75,125.74,0,0
