<TICKER>,<PER>,<DATE>,<TIME>,<OPEN>,<HIGH>,<LOW>,<CLOSE>,<VOL>,<OPENINT>
IZO_MV,D,20071023,000000,26.9169,26.9169,26.9169,26.9169,0,0
IZO_MV,D,20071024,000000,26.6619,26.6619,26.6619,26.6619,0,0
IZO_MV,D,20071025,000000,23.3279,23.3279,23.3279,23.3279,0,0
IZO_MV,D,20071026,000000,20.5324,20.5324,20.5324,20.5324,0,0
IZO_MV,D,20071029,000000,20.6741,20.6741,20.6741,20.6741,0,0
IZO_MV,D,20071030,000000,19.3424,19.3424,19.3424,19.3424,0,0
IZO_MV,D,20071031,000000,18.9457,18.9457,18.9457,18.9457,0,0
IZO_MV,D,20071102,000000,19.0591,19.0591,19.0591,19.0591,0,0
IZO_MV,D,20071105,000000,19.2762,19.2762,19.2762,19.2762,0,0
IZO_MV,D,20071106,000000,19.0591,19.0591,19.0591,19.0591,0,0
IZO_MV,D,20071107,000000,17.9445,17.9445,17.9445,17.9445,0,0
IZO_MV,D,20071108,000000,18.4829,18.4829,18.4829,18.4829,0,0
IZO_MV,D,20071109,000000,19.0212,19.0212,16.764,17.9445,0,0
IZO_MV,D,20071112,000000,19.0212,19.0212,17.4062,17.9445,0,0
IZO_MV,D,20071113,000000,17.9445,18.1995,17.0945,17.9068,0,0
IZO_MV,D,20071114,000000,18.6245,18.6245,17.9162,18.1807,0,0
IZO_MV,D,20071115,000000,18.6245,18.6245,16.3674,16.6129,0,0
IZO_MV,D,20071116,000000,15.1774,16.6129,15.1774,15.4324,0,0
IZO_MV,D,20071119,000000,16.1879,16.1879,14.5351,14.7145,0,0
IZO_MV,D,20071120,000000,14.3557,14.3557,13.3357,13.3357,0,0
IZO_MV,D,20071121,000000,13.3168,14.1384,12.9578,13.6378,0,0
IZO_MV,D,20071122,000000,13.9968,14.1574,13.0807,14.1574,0,0
IZO_MV,D,20071123,000000,14.1574,14.2707,13.2884,13.3734,0,0
IZO_MV,D,20071126,000000,14.1762,14.1762,13.279,13.6284,0,0
IZO_MV,D,20071127,000000,13.6284,13.6284,12.7028,12.7501,0,0
IZO_MV,D,20071128,000000,13.6284,14.1384,12.599,14.0724,0,0
IZO_MV,D,20071129,000000,14.7145,19.3045,14.639,19.3045,0,0
IZO_MV,D,20071130,000000,19.8429,21.4768,18.6624,19.5218,0,0
IZO_MV,D,20071203,000000,19.5218,19.8807,18.3035,19.3235,0,0
IZO_MV,D,20071204,000000,18.5774,18.5774,16.9718,17.3968,0,0
IZO_MV,D,20071205,000000,17.2268,19.0212,16.9057,18.5868,0,0
IZO_MV,D,20071206,000000,18.2279,18.4829,17.2645,17.869,0,0
IZO_MV,D,20071207,000000,17.9257,17.9445,17.2268,17.8407,0,0
IZO_MV,D,20071210,000000,17.5857,18.5774,16.8679,17.0474,0,0
IZO_MV,D,20071211,000000,17.5479,17.6045,16.7262,17.359,0,0
IZO_MV,D,20071212,000000,16.7074,17.0851,16.169,16.8301,0,0
IZO_MV,D,20071213,000000,16.2257,16.6507,16.1501,16.6129,0,0
IZO_MV,D,20071214,000000,15.829,16.2445,15.829,16.2445,0,0
IZO_MV,D,20071217,000000,16.3295,17.4062,15.7724,16.7262,0,0
IZO_MV,D,20071218,000000,16.8679,16.8679,15.6684,16.1501,0,0
IZO_MV,D,20071219,000000,16.254,16.254,15.914,15.9612,0,0
IZO_MV,D,20071220,000000,15.9329,16.0084,15.4701,15.4701,0,0
IZO_MV,D,20071221,000000,16.0745,16.0745,14.7145,15.7912,0,0
IZO_MV,D,20071227,000000,15.0734,16.1501,15.0734,15.9707,0,0
IZO_MV,D,20071228,000000,15.2529,15.7724,15.0168,15.4324,0,0
IZO_MV,D,20080102,000000,15.7912,15.9707,15.149,15.7912,0,0
IZO_MV,D,20080103,000000,15.7912,15.829,14.9979,15.4324,0,0
IZO_MV,D,20080104,000000,15.4324,15.7157,14.3934,15.6118,0,0
IZO_MV,D,20080107,000000,15.4134,15.4134,14.7145,15.2529,0,0
IZO_MV,D,20080108,000000,15.0734,15.2529,14.4312,14.6674,0,0
IZO_MV,D,20080109,000000,14.6674,14.6674,13.9118,14.3557,0,0
IZO_MV,D,20080110,000000,14.3557,14.9884,13.7607,14.0062,0,0
IZO_MV,D,20080111,000000,13.6378,14.3557,13.6378,14.3368,0,0
IZO_MV,D,20080114,000000,13.9874,13.9874,13.9874,13.9874,0,0
IZO_MV,D,20080115,000000,13.4584,13.9968,13.3545,13.9778,0,0
IZO_MV,D,20080116,000000,13.2978,13.3828,12.2023,13.3828,0,0
IZO_MV,D,20080117,000000,13.7418,13.7418,13.0995,13.5623,0,0
IZO_MV,D,20080118,000000,12.9957,13.959,12.9201,13.9212,0,0
IZO_MV,D,20080121,000000,13.109,13.4207,12.9957,13.279,0,0
IZO_MV,D,20080122,000000,12.3818,12.9201,12.3818,12.9012,0,0
IZO_MV,D,20080123,000000,12.9201,13.279,12.259,13.0995,0,0
IZO_MV,D,20080124,000000,13.279,14.1762,13.279,14.1762,0,0
IZO_MV,D,20080125,000000,14.8845,15.0734,14.7145,15.0545,0,0
IZO_MV,D,20080128,000000,14.3557,14.6768,13.7324,14.6768,0,0
IZO_MV,D,20080129,000000,14.7145,15.7912,14.6768,15.7534,0,0
IZO_MV,D,20080130,000000,15.7912,15.7912,15.489,15.7912,0,0
IZO_MV,D,20080131,000000,14.8374,15.4324,14.7145,14.7145,0,0
IZO_MV,D,20080201,000000,15.0734,15.3945,14.6107,15.3945,0,0
IZO_MV,D,20080204,000000,15.829,15.829,14.9318,15.4324,0,0
IZO_MV,D,20080205,000000,15.4324,15.7912,15.2529,15.7912,0,0
IZO_MV,D,20080206,000000,15.6118,18.6245,15.6118,17.2645,0,0
IZO_MV,D,20080207,000000,17.2268,17.5857,16.5279,17.2835,0,0
IZO_MV,D,20080208,000000,16.6507,17.3685,16.6507,17.189,0,0
IZO_MV,D,20080211,000000,17.0474,17.2268,16.594,17.1795,0,0
IZO_MV,D,20080212,000000,17.3024,18.9457,17.3024,18.0485,0,0
IZO_MV,D,20080213,000000,17.5007,17.5007,16.339,16.5468,0,0
IZO_MV,D,20080214,000000,16.8679,16.8679,15.8101,16.1501,0,0
IZO_MV,D,20080215,000000,15.8384,15.8384,14.7145,14.7524,0,0
IZO_MV,D,20080218,000000,15.0168,15.2529,14.9318,15.0734,0,0
IZO_MV,D,20080219,000000,14.7145,15.2245,14.5351,15.2245,0,0
IZO_MV,D,20080220,000000,14.7145,14.9884,14.554,14.9884,0,0
IZO_MV,D,20080221,000000,15.2529,15.2529,14.6295,14.6295,0,0
IZO_MV,D,20080222,000000,14.5728,14.9318,14.5728,14.7145,0,0
IZO_MV,D,20080225,000000,14.7618,15.0357,14.3557,14.4595,0,0
IZO_MV,D,20080226,000000,14.469,14.7145,14.3557,14.3745,0,0
IZO_MV,D,20080227,000000,14.7145,14.7145,14.4312,14.7145,0,0
IZO_MV,D,20080228,000000,14.4501,14.5351,14.4028,14.5351,0,0
IZO_MV,D,20080229,000000,14.3557,14.8845,14.3557,14.5351,0,0
IZO_MV,D,20080303,000000,13.6757,14.4974,13.6757,14.214,0,0
IZO_MV,D,20080304,000000,13.9968,14.2518,13.7418,14.2518,0,0
IZO_MV,D,20080305,000000,14.5351,14.5351,14.214,14.214,0,0
IZO_MV,D,20080306,000000,14.2801,14.7145,14.0724,14.5728,0,0
IZO_MV,D,20080307,000000,13.9968,14.6768,13.9968,14.6768,0,0
IZO_MV,D,20080310,000000,14.6862,14.6862,13.789,13.9968,0,0
IZO_MV,D,20080311,000000,14.0345,14.299,13.9968,14.1762,0,0
IZO_MV,D,20080312,000000,14.7051,14.7051,13.789,14.6768,0,0
IZO_MV,D,20080313,000000,14.3557,14.6768,13.6378,14.214,0,0
IZO_MV,D,20080314,000000,13.7228,14.2801,13.6757,14.2801,0,0
IZO_MV,D,20080317,000000,13.9968,13.9968,13.6284,13.9212,0,0
IZO_MV,D,20080318,000000,13.6378,13.9874,13.5151,13.7795,0,0
IZO_MV,D,20080319,000000,13.5623,13.5623,13.5151,13.5151,0,0
IZO_MV,D,20080320,000000,14.3368,14.3368,12.9201,13.959,0,0
IZO_MV,D,20080325,000000,14.0912,14.1384,13.9968,14.1384,0,0
IZO_MV,D,20080326,000000,14.1762,14.1762,13.6378,13.6757,0,0
IZO_MV,D,20080327,000000,13.3262,13.8928,13.3262,13.4584,0,0
IZO_MV,D,20080328,000000,13.0995,13.6378,13.0995,13.6378,0,0
IZO_MV,D,20080331,000000,13.6757,13.6757,13.6757,13.6757,0,0
IZO_MV,D,20080401,000000,13.3545,14.0724,13.279,14.0724,0,0
IZO_MV,D,20080402,000000,13.279,13.9968,13.279,13.9968,0,0
IZO_MV,D,20080403,000000,13.279,13.8174,13.279,13.3545,0,0
IZO_MV,D,20080404,000000,13.704,13.704,13.3168,13.6851,0,0
IZO_MV,D,20080407,000000,13.3545,13.3734,13.3545,13.3734,0,0
IZO_MV,D,20080408,000000,13.279,13.3828,13.279,13.3734,0,0
IZO_MV,D,20080409,000000,13.3545,13.3545,12.9484,13.3545,0,0
IZO_MV,D,20080410,000000,12.9578,13.3545,12.9201,13.279,0,0
IZO_MV,D,20080411,000000,13.2412,13.2412,12.9484,12.9484,0,0
IZO_MV,D,20080414,000000,12.9768,13.3073,12.9578,13.1278,0,0
IZO_MV,D,20080415,000000,13.1184,13.1184,12.4478,12.9768,0,0
IZO_MV,D,20080416,000000,13.1184,13.1184,12.5612,12.9201,0,0
IZO_MV,D,20080417,000000,13.0995,14.0534,13.0995,14.0534,0,0
IZO_MV,D,20080418,000000,13.8362,13.9968,13.0995,13.6378,0,0
IZO_MV,D,20080421,000000,12.7784,12.7784,12.2118,12.2118,0,0
IZO_MV,D,20080422,000000,12.2118,12.344,11.4845,12.2023,0,0
IZO_MV,D,20080423,000000,12.2023,12.2023,11.4845,12.2023,0,0
IZO_MV,D,20080424,000000,12.2023,13.0712,11.7395,13.0712,0,0
IZO_MV,D,20080425,000000,13.6284,13.6284,12.6651,13.1373,0,0
IZO_MV,D,20080428,000000,13.1373,13.1373,12.2023,12.7784,0,0
IZO_MV,D,20080429,000000,12.2023,12.5612,12.0228,12.5612,0,0
IZO_MV,D,20080430,000000,12.3818,13.2412,12.3818,13.2412,0,0
IZO_MV,D,20080505,000000,13.1751,13.1751,12.4195,13.0712,0,0
IZO_MV,D,20080506,000000,12.7784,13.0428,12.7784,13.0428,0,0
IZO_MV,D,20080507,000000,12.5612,12.9201,12.0607,12.0607,0,0
IZO_MV,D,20080508,000000,11.8434,12.1457,11.5223,12.1457,0,0
IZO_MV,D,20080509,000000,12.4857,12.4857,11.579,12.2684,0,0
IZO_MV,D,20080512,000000,12.2023,12.2023,12.2023,12.2023,0,0
IZO_MV,D,20080513,000000,12.1834,12.1834,11.4845,11.7678,0,0
IZO_MV,D,20080514,000000,11.2673,11.664,11.2295,11.664,0,0
IZO_MV,D,20080515,000000,11.5978,11.834,11.2295,11.2484,0,0
IZO_MV,D,20080516,000000,11.4845,11.4845,10.3417,10.3512,0,0
IZO_MV,D,20080519,000000,9.33117,10.6251,9.33117,9.51063,0,0
IZO_MV,D,20080520,000000,9.42562,9.69007,9.40673,9.40673,0,0
IZO_MV,D,20080521,000000,9.83174,10.049,9.51063,10.0111,0,0
IZO_MV,D,20080523,000000,9.9734,10.0111,9.47284,10.0017,0,0
IZO_MV,D,20080526,000000,9.83174,10.0301,9.3784,10.0301,0,0
IZO_MV,D,20080527,000000,10.0395,10.0395,10.0395,10.0395,0,0
IZO_MV,D,20080528,000000,10.5117,10.5117,9.07617,10.0111,0,0
IZO_MV,D,20080529,000000,9.33117,10.0111,9.33117,9.86948,0,0
IZO_MV,D,20080530,000000,9.51063,9.76566,9.51063,9.76566,0,0
IZO_MV,D,20080602,000000,9.17062,9.76566,8.97229,9.69007,0,0
IZO_MV,D,20080603,000000,9.94507,9.94507,9.04784,9.86948,0,0
IZO_MV,D,20080604,000000,9.86948,9.86948,9.30284,9.33117,0,0
IZO_MV,D,20080605,000000,9.26506,9.83174,9.01006,9.83174,0,0
IZO_MV,D,20080606,000000,9.04784,9.2934,9.04784,9.07617,0,0
IZO_MV,D,20080609,000000,9.07617,9.33117,8.97229,9.33117,0,0
IZO_MV,D,20080610,000000,8.71729,9.33117,8.43395,8.89673,0,0
IZO_MV,D,20080611,000000,8.75506,8.89673,8.61339,8.89673,0,0
IZO_MV,D,20080612,000000,8.43395,8.43395,8.43395,8.43395,0,0
IZO_MV,D,20080613,000000,8.2545,8.43395,7.59339,7.59339,0,0
IZO_MV,D,20080616,000000,8.5095,8.61339,8.22617,8.22617,0,0
IZO_MV,D,20080617,000000,8.22617,8.2545,7.53672,8.17895,0,0
IZO_MV,D,20080618,000000,8.3395,8.5095,7.59339,7.9995,0,0
IZO_MV,D,20080619,000000,8.2545,8.43395,7.57449,7.57449,0,0
IZO_MV,D,20080620,000000,8.07506,8.2545,8.07506,8.2545,0,0
IZO_MV,D,20080623,000000,7.89561,8.2545,7.89561,8.21672,0,0
IZO_MV,D,20080624,000000,8.07506,8.21672,7.53672,7.53672,0,0
IZO_MV,D,20080625,000000,7.89561,7.89561,7.07394,7.89561,0,0
IZO_MV,D,20080626,000000,8.2545,8.2545,7.85783,7.85783,0,0
IZO_MV,D,20080627,000000,7.75395,7.89561,7.23449,7.89561,0,0
IZO_MV,D,20080701,000000,7.17782,8.05616,7.17782,8.05616,0,0
IZO_MV,D,20080702,000000,7.89561,7.90506,7.27228,7.27228,0,0
IZO_MV,D,20080703,000000,7.88616,7.88616,6.55449,6.55449,0,0
IZO_MV,D,20080704,000000,7.88616,7.88616,7.10228,7.10228,0,0
IZO_MV,D,20080707,000000,6.23338,6.81894,6.23338,6.81894,0,0
IZO_MV,D,20080708,000000,6.23338,6.63949,6.17671,6.63949,0,0
IZO_MV,D,20080709,000000,6.78116,6.78116,5.92171,5.92171,0,0
IZO_MV,D,20080710,000000,5.92171,6.40338,5.56281,6.40338,0,0
IZO_MV,D,20080711,000000,5.74227,6.2806,5.74227,6.2806,0,0
IZO_MV,D,20080714,000000,5.52504,6.26171,5.52504,6.24282,0,0
IZO_MV,D,20080715,000000,5.66671,6.46005,5.66671,6.46005,0,0
IZO_MV,D,20080716,000000,6.46005,7.17782,6.46005,6.74338,0,0
IZO_MV,D,20080717,000000,6.10115,6.74338,6.10115,6.46005,0,0
IZO_MV,D,20080718,000000,6.74338,6.74338,6.74338,6.74338,0,0
IZO_MV,D,20080721,000000,6.74338,6.96061,6.74338,6.81894,0,0
IZO_MV,D,20080722,000000,6.96061,7.31949,6.92282,7.31949,0,0
IZO_MV,D,20080723,000000,7.07394,7.41394,7.07394,7.41394,0,0
IZO_MV,D,20080724,000000,7.35728,7.35728,7.35728,7.35728,0,0
IZO_MV,D,20080728,000000,6.78116,7.35728,6.78116,7.35728,0,0
IZO_MV,D,20080729,000000,7.35728,7.71616,7.35728,7.61228,0,0
IZO_MV,D,20080730,000000,7.71616,7.71616,7.17782,7.53672,0,0
IZO_MV,D,20080731,000000,6.78116,7.69728,6.78116,7.53672,0,0
IZO_MV,D,20080804,000000,7.46116,7.46116,6.42227,6.63949,0,0
IZO_MV,D,20080805,000000,6.63949,6.63949,6.0256,6.49782,0,0
IZO_MV,D,20080806,000000,6.46005,6.96061,6.2806,6.31838,0,0
IZO_MV,D,20080807,000000,5.99727,6.58282,5.99727,6.01615,0,0
IZO_MV,D,20080808,000000,6.46005,6.58282,6.10115,6.12004,0,0
IZO_MV,D,20080811,000000,6.58282,6.58282,5.93115,6.0256,0,0
IZO_MV,D,20080812,000000,6.47894,6.47894,5.95948,6.12004,0,0
IZO_MV,D,20080813,000000,6.47894,6.47894,6.10115,6.2806,0,0
IZO_MV,D,20080814,000000,5.99727,6.44115,5.97838,6.38449,0,0
IZO_MV,D,20080818,000000,5.97838,6.49782,5.97838,6.20504,0,0
IZO_MV,D,20080819,000000,6.46005,6.46005,5.81782,6.31838,0,0
IZO_MV,D,20080821,000000,5.50615,6.23338,5.50615,6.13893,0,0
IZO_MV,D,20080822,000000,6.22394,6.2806,6.20504,6.20504,0,0
IZO_MV,D,20080825,000000,6.37504,6.44115,6.20504,6.44115,0,0
IZO_MV,D,20080826,000000,6.10115,6.43171,5.88393,6.43171,0,0
IZO_MV,D,20080827,000000,6.43171,6.43171,6.10115,6.10115,0,0
IZO_MV,D,20080828,000000,6.24282,6.24282,6.24282,6.24282,0,0
IZO_MV,D,20080829,000000,6.0256,6.38449,5.93115,6.27115,0,0
IZO_MV,D,20080901,000000,5.91227,6.4506,5.91227,6.4506,0,0
IZO_MV,D,20080902,000000,6.4506,6.4506,6.06338,6.38449,0,0
IZO_MV,D,20080903,000000,6.1956,6.43171,6.17671,6.43171,0,0
IZO_MV,D,20080904,000000,6.44115,6.44115,6.43171,6.44115,0,0
IZO_MV,D,20080905,000000,6.42227,6.42227,6.12004,6.40338,0,0
IZO_MV,D,20080908,000000,6.40338,6.42227,6.17671,6.42227,0,0
IZO_MV,D,20080909,000000,6.42227,6.42227,6.42227,6.42227,0,0
IZO_MV,D,20080910,000000,6.15782,6.26171,5.78004,6.26171,0,0
IZO_MV,D,20080916,000000,5.74227,6.17671,5.74227,6.17671,0,0
IZO_MV,D,20080917,000000,6.22394,6.22394,6.22394,6.22394,0,0
IZO_MV,D,20080918,000000,5.74227,6.20504,5.74227,6.20504,0,0
IZO_MV,D,20080922,000000,6.0256,6.0256,5.59115,5.59115,0,0
IZO_MV,D,20080923,000000,6.0256,6.06338,5.67615,5.67615,0,0
IZO_MV,D,20080924,000000,5.56281,5.98782,5.3456,5.95948,0,0
IZO_MV,D,20080925,000000,5.56281,5.96893,5.56281,5.96893,0,0
IZO_MV,D,20080926,000000,5.96893,6.46005,5.96893,6.2806,0,0
IZO_MV,D,20080929,000000,6.25227,6.25227,6.25227,6.25227,0,0
IZO_MV,D,20080930,000000,6.05393,6.23338,6.05393,6.23338,0,0
IZO_MV,D,20081001,000000,6.25227,6.42227,6.13893,6.13893,0,0
IZO_MV,D,20081002,000000,6.40338,6.40338,6.10115,6.35615,0,0
IZO_MV,D,20081006,000000,5.92171,6.37504,5.92171,6.37504,0,0
IZO_MV,D,20081007,000000,6.37504,6.37504,5.74227,6.17671,0,0
IZO_MV,D,20081008,000000,5.74227,6.17671,5.61948,5.92171,0,0
IZO_MV,D,20081010,000000,5.47781,5.48726,5.18504,5.18504,0,0
IZO_MV,D,20081013,000000,5.38337,5.87448,5.18504,5.36448,0,0
IZO_MV,D,20081014,000000,5.74227,5.74227,5.38337,5.58171,0,0
IZO_MV,D,20081015,000000,5.54393,5.54393,4.68447,4.9867,0,0
IZO_MV,D,20081016,000000,4.76947,5.06226,4.37281,4.87337,0,0
IZO_MV,D,20081017,000000,5.20393,5.20393,5.20393,5.20393,0,0
IZO_MV,D,20081020,000000,5.02448,5.02448,4.72226,4.72226,0,0
IZO_MV,D,20081021,000000,4.74114,4.92059,4.74114,4.92059,0,0
IZO_MV,D,20081022,000000,4.66559,4.66559,4.45781,4.46726,0,0
IZO_MV,D,20081023,000000,4.12725,4.61837,4.12725,4.26892,0,0
IZO_MV,D,20081024,000000,4.41059,4.41059,3.62669,3.66447,0,0
IZO_MV,D,20081027,000000,4.12725,4.12725,3.62669,4.09892,0,0
IZO_MV,D,20081028,000000,4.12725,4.92059,4.10836,4.92059,0,0
IZO_MV,D,20081029,000000,5.27948,5.48726,4.72226,5.12837,0,0
IZO_MV,D,20081030,000000,5.47781,5.95948,4.9867,5.83671,0,0
IZO_MV,D,20081031,000000,5.83671,5.83671,5.20393,5.6856,0,0
IZO_MV,D,20081103,000000,5.70448,5.78948,5.48726,5.78948,0,0
IZO_MV,D,20081104,000000,5.79893,5.92171,5.78004,5.88393,0,0
IZO_MV,D,20081105,000000,5.92171,6.0256,5.88393,6.00671,0,0
IZO_MV,D,20081106,000000,6.01615,6.0256,5.70448,5.95948,0,0
IZO_MV,D,20081107,000000,5.9406,5.95948,5.84615,5.84615,0,0
IZO_MV,D,20081110,000000,5.91227,6.38449,5.91227,6.38449,0,0
IZO_MV,D,20081112,000000,5.99727,5.99727,5.74227,5.74227,0,0
IZO_MV,D,20081113,000000,5.74227,5.74227,5.38337,5.74227,0,0
IZO_MV,D,20081114,000000,5.92171,5.92171,5.74227,5.74227,0,0
IZO_MV,D,20081117,000000,5.74227,5.74227,5.38337,5.74227,0,0
IZO_MV,D,20081118,000000,5.70448,5.70448,5.16614,5.47781,0,0
IZO_MV,D,20081119,000000,5.70448,5.70448,5.25114,5.66671,0,0
IZO_MV,D,20081120,000000,5.2606,5.66671,4.62781,5.10004,0,0
IZO_MV,D,20081121,000000,4.74114,5.20393,4.59003,4.62781,0,0
IZO_MV,D,20081124,000000,4.6467,5.02448,4.6467,4.84503,0,0
IZO_MV,D,20081125,000000,4.78837,4.78837,4.36336,4.5617,0,0
IZO_MV,D,20081126,000000,4.74114,4.74114,4.38226,4.6467,0,0
IZO_MV,D,20081127,000000,4.72226,4.78837,4.52392,4.66559,0,0
IZO_MV,D,20081128,000000,4.66559,4.66559,4.45781,4.65614,0,0
IZO_MV,D,20081201,000000,4.65614,4.65614,4.35392,4.63726,0,0
IZO_MV,D,20081202,000000,4.63726,4.63726,4.17447,4.40114,0,0
IZO_MV,D,20081203,000000,4.40114,4.40114,4.38226,4.38226,0,0
IZO_MV,D,20081204,000000,4.26892,4.38226,4.12725,4.38226,0,0
IZO_MV,D,20081205,000000,4.5617,4.5617,4.41059,4.48614,0,0
IZO_MV,D,20081208,000000,4.41059,4.76003,4.41059,4.76003,0,0
IZO_MV,D,20081209,000000,5.08114,5.08114,4.66559,4.66559,0,0
IZO_MV,D,20081210,000000,5.10004,5.10004,4.58059,4.60892,0,0
IZO_MV,D,20081211,000000,4.84503,4.84503,4.60892,4.76947,0,0
IZO_MV,D,20081212,000000,4.76947,4.76947,4.45781,4.63726,0,0
IZO_MV,D,20081215,000000,4.6467,4.72226,4.46726,4.72226,0,0
IZO_MV,D,20081216,000000,4.52392,4.75059,4.45781,4.48614,0,0
IZO_MV,D,20081217,000000,4.48614,4.78837,4.44836,4.78837,0,0
IZO_MV,D,20081218,000000,4.83559,4.92059,4.69392,4.92059,0,0
IZO_MV,D,20081219,000000,4.92059,4.92059,4.70337,4.70337,0,0
IZO_MV,D,20081222,000000,4.91114,4.91114,4.42947,4.48614,0,0
IZO_MV,D,20081223,000000,4.12725,4.44836,4.12725,4.44836,0,0
IZO_MV,D,20081229,000000,4.48614,4.66559,4.48614,4.66559,0,0
IZO_MV,D,20081230,000000,4.66559,4.66559,4.34447,4.44836,0,0
IZO_MV,D,20081231,000000,4.44836,4.66559,4.44836,4.62781,0,0
IZO_MV,D,20090105,000000,4.92059,4.92059,4.42947,4.62781,0,0
IZO_MV,D,20090106,000000,4.62781,4.72226,4.18392,4.42947,0,0
IZO_MV,D,20090107,000000,4.72226,4.72226,4.48614,4.52392,0,0
IZO_MV,D,20090108,000000,4.62781,4.62781,4.52392,4.52392,0,0
IZO_MV,D,20090109,000000,4.62781,4.62781,4.48614,4.50503,0,0
IZO_MV,D,20090112,000000,4.50503,4.62781,4.50503,4.50503,0,0
IZO_MV,D,20090113,000000,4.42947,4.84503,4.42947,4.80726,0,0
IZO_MV,D,20090114,000000,4.84503,4.84503,4.80726,4.80726,0,0
IZO_MV,D,20090115,000000,4.52392,4.80726,4.52392,4.66559,0,0
IZO_MV,D,20090116,000000,4.80726,4.80726,4.48614,4.70337,0,0
IZO_MV,D,20090119,000000,4.70337,4.70337,4.66559,4.70337,0,0
IZO_MV,D,20090120,000000,4.70337,4.70337,4.38226,4.66559,0,0
IZO_MV,D,20090121,000000,4.66559,4.66559,4.52392,4.59003,0,0
IZO_MV,D,20090122,000000,4.59003,4.59003,4.50503,4.52392,0,0
IZO_MV,D,20090123,000000,4.52392,4.52392,4.3067,4.37281,0,0
IZO_MV,D,20090126,000000,4.48614,4.48614,4.48614,4.48614,0,0
IZO_MV,D,20090127,000000,4.48614,4.48614,4.48614,4.48614,0,0
IZO_MV,D,20090128,000000,4.52392,4.52392,4.48614,4.48614,0,0
IZO_MV,D,20090129,000000,4.48614,6.24282,4.48614,6.24282,0,0
IZO_MV,D,20090130,000000,5.86504,6.78116,5.86504,6.10115,0,0
IZO_MV,D,20090202,000000,6.46005,7.14005,6.2806,7.10228,0,0
IZO_MV,D,20090203,000000,6.99838,7.17782,6.39394,7.00782,0,0
IZO_MV,D,20090204,000000,6.5356,8.97229,6.5356,8.57562,0,0
IZO_MV,D,20090205,000000,9.69007,10.6534,9.69007,10.3984,0,0
IZO_MV,D,20090206,000000,10.7195,10.7195,9.5484,10.049,0,0
IZO_MV,D,20090209,000000,10.2284,13.3545,10.2284,13.3545,0,0
IZO_MV,D,20090210,000000,15.149,16.6034,15.149,16.509,0,0
IZO_MV,D,20090211,000000,16.1879,19.3045,14.7145,15.4324,0,0
IZO_MV,D,20090212,000000,15.7912,15.7912,12.2023,12.6178,0,0
IZO_MV,D,20090213,000000,11.664,14.6768,11.664,11.9473,0,0
IZO_MV,D,20090216,000000,11.5223,13.1657,11.5223,12.1645,0,0
IZO_MV,D,20090217,000000,12.1645,12.1645,10.7667,10.7667,0,0
IZO_MV,D,20090218,000000,10.9462,10.9462,9.07617,10.049,0,0
IZO_MV,D,20090219,000000,10.3701,10.9273,9.86948,9.95448,0,0
IZO_MV,D,20090220,000000,9.69007,10.049,8.98173,9.5484,0,0
IZO_MV,D,20090223,000000,9.86948,10.5873,9.5484,10.0395,0,0
IZO_MV,D,20090224,000000,9.86948,10.4078,9.86948,10.304,0,0
IZO_MV,D,20090225,000000,10.4834,11.1257,10.1528,10.1623,0,0
IZO_MV,D,20090226,000000,10.3701,10.3701,10.049,10.1907,0,0
IZO_MV,D,20090227,000000,10.1907,10.1907,9.36896,9.69007,0,0
IZO_MV,D,20090302,000000,9.69007,9.69007,8.43395,8.43395,0,0
IZO_MV,D,20090303,000000,8.43395,9.43507,8.17895,8.9534,0,0
IZO_MV,D,20090304,000000,9.2934,9.65229,8.97229,9.01006,0,0
IZO_MV,D,20090305,000000,9.25562,9.25562,8.5095,8.61339,0,0
IZO_MV,D,20090306,000000,8.5945,9.15173,8.5945,9.15173,0,0
IZO_MV,D,20090309,000000,9.79399,12.6178,9.69007,12.6178,0,0
IZO_MV,D,20090310,000000,13.279,14.7145,12.5707,12.7407,0,0
IZO_MV,D,20090311,000000,13.279,13.279,11.7017,11.7017,0,0
IZO_MV,D,20090312,000000,11.5223,11.8434,11.1067,11.4845,0,0
IZO_MV,D,20090313,000000,11.749,12.3251,11.6451,11.6451,0,0
IZO_MV,D,20090316,000000,12.1268,12.1268,11.3428,11.6167,0,0
IZO_MV,D,20090317,000000,11.8057,12.9201,11.1351,12.1928,0,0
IZO_MV,D,20090318,000000,12.8162,12.8162,11.919,12.5612,0,0
IZO_MV,D,20090319,000000,12.5518,12.8918,12.1268,12.5045,0,0
IZO_MV,D,20090320,000000,12.2778,12.3818,11.8907,12.0228,0,0
IZO_MV,D,20090323,000000,12.2778,12.854,12.2118,12.5045,0,0
IZO_MV,D,20090324,000000,12.8162,13.8174,12.4573,13.6757,0,0
IZO_MV,D,20090325,000000,13.6378,14.2612,13.279,13.8078,0,0
IZO_MV,D,20090326,000000,13.8268,13.8834,13.3545,13.6378,0,0
IZO_MV,D,20090327,000000,13.8078,13.8078,12.4573,13.6378,0,0
IZO_MV,D,20090330,000000,13.6378,14.2328,12.9957,12.9957,0,0
IZO_MV,D,20090331,000000,12.9201,12.9201,11.8434,12.1362,0,0
IZO_MV,D,20090401,000000,12.2023,12.2023,11.1257,11.6545,0,0
IZO_MV,D,20090402,000000,12.2023,12.2023,11.6073,12.0323,0,0
IZO_MV,D,20090403,000000,12.0323,12.0323,11.324,11.3901,0,0
IZO_MV,D,20090406,000000,10.8612,11.7395,10.8612,11.3051,0,0
IZO_MV,D,20090407,000000,11.3051,11.3051,10.5212,10.8423,0,0
IZO_MV,D,20090408,000000,10.729,10.9651,10.4834,10.9651,0,0
IZO_MV,D,20090409,000000,11.1445,11.8434,10.7667,11.1257,0,0
IZO_MV,D,20090414,000000,11.1257,11.6262,10.9651,11.1445,0,0
IZO_MV,D,20090415,000000,11.2578,11.664,10.9651,11.4657,0,0
IZO_MV,D,20090416,000000,11.6073,11.6073,11.0501,11.2107,0,0
IZO_MV,D,20090417,000000,11.2201,11.4845,10.9934,11.3712,0,0
IZO_MV,D,20090420,000000,10.984,11.2673,10.7667,11.0878,0,0
IZO_MV,D,20090421,000000,11.1257,11.1257,10.4551,10.7667,0,0
IZO_MV,D,20090422,000000,10.7667,10.7667,10.1528,10.4078,0,0
IZO_MV,D,20090423,000000,10.4078,10.4078,9.69007,9.90732,0,0
IZO_MV,D,20090424,000000,10.049,10.7478,9.86948,10.2284,0,0
IZO_MV,D,20090427,000000,10.2284,10.729,10.2284,10.474,0,0
IZO_MV,D,20090428,000000,10.5684,10.5684,9.96399,10.049,0,0
IZO_MV,D,20090429,000000,10.2284,10.2284,10.049,10.1907,0,0
IZO_MV,D,20090430,000000,9.99232,10.1434,9.94507,10.049,0,0
IZO_MV,D,20090504,000000,10.1057,10.1907,9.86948,10.1245,0,0
IZO_MV,D,20090505,000000,10.1528,10.1528,9.69007,9.84115,0,0
IZO_MV,D,20090506,000000,9.84115,9.84115,9.59563,9.78448,0,0
IZO_MV,D,20090507,000000,9.83174,9.90732,9.60507,9.65229,0,0
IZO_MV,D,20090508,000000,9.83174,9.83174,9.18951,9.33117,0,0
IZO_MV,D,20090511,000000,9.3784,9.48229,8.80229,9.47284,0,0
IZO_MV,D,20090512,000000,9.61451,9.69007,8.9534,9.51063,0,0
IZO_MV,D,20090513,000000,9.79399,11.5034,9.40673,11.4657,0,0
IZO_MV,D,20090514,000000,11.4845,12.3723,11.2012,11.3523,0,0
IZO_MV,D,20090515,000000,11.9473,11.9473,10.4078,10.5873,0,0
IZO_MV,D,20090518,000000,10.7478,10.7478,10.1907,10.2284,0,0
IZO_MV,D,20090519,000000,10.2284,10.6251,9.90732,9.90732,0,0
IZO_MV,D,20090520,000000,10.3323,10.3323,9.83174,9.83174,0,0
IZO_MV,D,20090521,000000,10.1434,10.1434,9.61451,9.9734,0,0
IZO_MV,D,20090522,000000,10.1245,10.1245,9.65229,9.86948,0,0
IZO_MV,D,20090525,000000,10.1245,10.4078,9.72781,10.4078,0,0
IZO_MV,D,20090526,000000,10.5495,10.8517,10.2284,10.5495,0,0
IZO_MV,D,20090527,000000,10.7667,11.2673,10.4078,10.4078,0,0
IZO_MV,D,20090528,000000,10.729,10.729,10.1057,10.3512,0,0
IZO_MV,D,20090529,000000,10.3512,10.3512,10.049,10.1528,0,0
IZO_MV,D,20090601,000000,10.5873,10.5873,9.94507,10.2662,0,0
IZO_MV,D,20090602,000000,10.3701,10.4078,10.049,10.0584,0,0
IZO_MV,D,20090603,000000,10.5495,10.5495,10.0111,10.2284,0,0
IZO_MV,D,20090604,000000,10.2284,10.2284,10.0395,10.2284,0,0
IZO_MV,D,20090605,000000,10.2851,10.2851,10.049,10.2473,0,0
IZO_MV,D,20090608,000000,10.2378,10.2378,9.98282,10.1907,0,0
IZO_MV,D,20090609,000000,10.1811,10.1811,10.049,10.1811,0,0
IZO_MV,D,20090610,000000,10.1811,10.1811,10.0301,10.049,0,0
IZO_MV,D,20090612,000000,10.2284,10.2284,10.049,10.1907,0,0
IZO_MV,D,20090615,000000,10.1907,11.5884,10.0301,10.7857,0,0
IZO_MV,D,20090616,000000,11.1162,11.4845,10.5023,11.2012,0,0
IZO_MV,D,20090617,000000,11.2012,11.2012,10.559,10.559,0,0
IZO_MV,D,20090618,000000,10.559,11.1257,10.559,11.1257,0,0
IZO_MV,D,20090619,000000,11.409,11.409,10.7857,11.2673,0,0
IZO_MV,D,20090622,000000,11.2673,11.2673,10.7667,10.7667,0,0
IZO_MV,D,20090623,000000,10.7667,10.9462,10.6251,10.7667,0,0
IZO_MV,D,20090624,000000,10.7667,10.7667,10.6534,10.7667,0,0
IZO_MV,D,20090625,000000,10.7667,10.9084,10.5873,10.9084,0,0
IZO_MV,D,20090626,000000,10.7667,10.7667,10.4078,10.7667,0,0
IZO_MV,D,20090629,000000,10.5778,10.729,10.2378,10.5873,0,0
IZO_MV,D,20090630,000000,10.5873,10.5873,10.2662,10.4078,0,0
IZO_MV,D,20090701,000000,10.4078,10.4078,9.60507,10.2284,0,0
IZO_MV,D,20090702,000000,10.3228,10.3228,9.35007,10.1528,0,0
IZO_MV,D,20090703,000000,10.1528,10.1528,9.79399,10.0111,0,0
IZO_MV,D,20090706,000000,10.0111,10.0111,9.47284,9.79399,0,0
IZO_MV,D,20090707,000000,9.9734,10.5495,9.5484,10.0111,0,0
IZO_MV,D,20090708,000000,10.5873,10.5873,9.8034,10.1057,0,0
IZO_MV,D,20090709,000000,10.1057,10.5495,9.86948,10.134,0,0
IZO_MV,D,20090710,000000,10.049,10.049,9.81281,10.0017,0,0
IZO_MV,D,20090713,000000,10.0867,10.0867,9.33117,9.81281,0,0
IZO_MV,D,20090714,000000,10.0867,10.0867,9.69007,9.81281,0,0
IZO_MV,D,20090715,000000,9.72781,10.049,9.72781,10.0395,0,0
IZO_MV,D,20090716,000000,10.1528,10.1528,9.69007,9.94507,0,0
IZO_MV,D,20090717,000000,9.99232,9.99232,9.58617,9.91674,0,0
IZO_MV,D,20090720,000000,9.91674,9.91674,9.58617,9.8034,0,0
IZO_MV,D,20090721,000000,9.69007,9.9734,9.69007,9.86948,0,0
IZO_MV,D,20090722,000000,9.93566,9.93566,9.56729,9.57673,0,0
IZO_MV,D,20090723,000000,9.57673,9.76566,9.52951,9.52951,0,0
IZO_MV,D,20090724,000000,9.69007,9.72781,9.51063,9.69007,0,0
IZO_MV,D,20090727,000000,9.5484,9.76566,9.5484,9.73732,0,0
IZO_MV,D,20090728,000000,9.58617,9.69007,9.5484,9.69007,0,0
IZO_MV,D,20090729,000000,9.5484,11.3051,9.5484,11.3051,0,0
IZO_MV,D,20090730,000000,11.4845,11.9851,10.7857,11.409,0,0
IZO_MV,D,20090731,000000,11.3901,11.3901,10.2473,10.6251,0,0
IZO_MV,D,20090803,000000,11.1257,11.1257,10.1907,10.2284,0,0
IZO_MV,D,20090804,000000,10.5117,10.5117,10.0773,10.1907,0,0
IZO_MV,D,20090805,000000,10.5117,10.729,10.2284,10.5873,0,0
IZO_MV,D,20090806,000000,10.5873,10.5873,10.304,10.304,0,0
IZO_MV,D,20090807,000000,10.5495,10.7667,10.304,10.5684,0,0
IZO_MV,D,20090810,000000,10.7478,10.7478,10.049,10.4078,0,0
IZO_MV,D,20090811,000000,10.4078,10.4457,10.1717,10.389,0,0
IZO_MV,D,20090812,000000,10.2284,10.389,10.049,10.1245,0,0
IZO_MV,D,20090813,000000,10.2662,10.2662,9.86948,10.2284,0,0
IZO_MV,D,20090814,000000,10.2567,10.2567,10.0678,10.1434,0,0
IZO_MV,D,20090817,000000,10.1717,10.1907,10.049,10.1811,0,0
IZO_MV,D,20090818,000000,10.1811,11.7678,10.1811,11.0028,0,0
IZO_MV,D,20090819,000000,11.1257,11.4751,10.4078,10.7667,0,0
IZO_MV,D,20090820,000000,10.9462,11.3807,10.7667,11.1445,0,0
IZO_MV,D,20090821,000000,11.2673,11.2673,10.6062,11.0878,0,0
IZO_MV,D,20090824,000000,11.0878,11.0878,10.6251,10.729,0,0
IZO_MV,D,20090825,000000,10.5873,10.6534,10.4078,10.6534,0,0
IZO_MV,D,20090826,000000,10.6534,11.154,10.4457,10.9557,0,0
IZO_MV,D,20090827,000000,10.9462,11.0784,10.5873,11.0028,0,0
IZO_MV,D,20090828,000000,10.984,13.279,10.984,12.599,0,0
IZO_MV,D,20090831,000000,12.7501,12.8068,12.0228,12.0607,0,0
IZO_MV,D,20090901,000000,12.2401,12.2401,11.0501,11.4657,0,0
IZO_MV,D,20090902,000000,11.4657,11.4657,10.7857,11.2107,0,0
IZO_MV,D,20090903,000000,11.1257,11.3051,10.8895,11.1257,0,0
IZO_MV,D,20090904,000000,10.7667,11.0217,10.6345,10.8707,0,0
IZO_MV,D,20090907,000000,10.9462,11.2295,10.9178,10.9178,0,0
IZO_MV,D,20090908,000000,11.1445,11.2767,10.8045,10.9651,0,0
IZO_MV,D,20090909,000000,11.0784,11.0973,10.8045,10.9651,0,0
IZO_MV,D,20090910,000000,11.0312,11.0312,10.8423,10.8423,0,0
IZO_MV,D,20090911,000000,11.0123,11.0501,10.8234,10.8423,0,0
IZO_MV,D,20090914,000000,10.9462,11.3995,10.7667,11.3051,0,0
IZO_MV,D,20090915,000000,11.1257,12.9012,11.1257,12.5518,0,0
IZO_MV,D,20090916,000000,12.5234,12.5234,11.7207,12.0984,0,0
IZO_MV,D,20090917,000000,11.5978,12.0984,11.5884,12.0607,0,0
IZO_MV,D,20090918,000000,11.9851,11.9945,11.6734,11.8812,0,0
IZO_MV,D,20090921,000000,11.7584,12.4857,11.7395,12.4857,0,0
IZO_MV,D,20090922,000000,12.9201,12.9201,12.5612,12.7407,0,0
IZO_MV,D,20090923,000000,12.7407,14.5351,12.7407,13.7984,0,0
IZO_MV,D,20090924,000000,13.9212,13.9212,13.279,13.449,0,0
IZO_MV,D,20090925,000000,13.4395,13.4395,12.4762,12.7407,0,0
IZO_MV,D,20090928,000000,13.3545,14.4312,13.2412,13.8928,0,0
IZO_MV,D,20090929,000000,14.214,14.214,13.5623,13.5623,0,0
IZO_MV,D,20090930,000000,13.5623,13.5623,12.3818,12.3818,0,0
IZO_MV,D,20091001,000000,12.599,12.599,11.8434,12.0607,0,0
IZO_MV,D,20091002,000000,11.9473,12.0607,11.6262,11.9473,0,0
IZO_MV,D,20091005,000000,11.7395,12.2778,11.6262,12.0607,0,0
IZO_MV,D,20091006,000000,12.1645,12.2778,11.6262,11.8434,0,0
IZO_MV,D,20091007,000000,11.9473,11.9473,11.6262,11.8434,0,0
IZO_MV,D,20091008,000000,11.8434,11.9473,11.6262,11.8434,0,0
IZO_MV,D,20091009,000000,11.9473,16.1501,11.8434,16.1501,0,0
IZO_MV,D,20091012,000000,16.4712,21.7507,16.4712,21.7507,0,0
IZO_MV,D,20091013,000000,23.5829,27.4552,21.6374,21.6374,0,0
IZO_MV,D,20091014,000000,22.0718,28.0975,20.2396,28.0975,0,0
IZO_MV,D,20091015,000000,30.5813,32.8386,30.5813,31.3275,0,0
IZO_MV,D,20091016,000000,32.3002,32.3002,29.0702,30.1469,0,0
IZO_MV,D,20091019,000000,30.1469,30.9025,29.5046,29.6085,0,0
IZO_MV,D,20091020,000000,29.8258,29.8258,27.0208,27.0208,0,0
IZO_MV,D,20091021,000000,26.0574,28.3146,25.8402,25.8402,0,0
IZO_MV,D,20091022,000000,25.7363,26.2746,24.0079,26.2746,0,0
IZO_MV,D,20091023,000000,26.8129,27.2379,26.4824,26.8129,0,0
IZO_MV,D,20091026,000000,26.6996,26.6996,25.8402,26.4824,0,0
IZO_MV,D,20091027,000000,26.4824,26.6996,25.5191,26.2746,0,0
IZO_MV,D,20091028,000000,26.1613,26.1613,24.1212,24.1212,0,0
IZO_MV,D,20091029,000000,22.7141,24.7635,22.6102,24.7635,0,0
IZO_MV,D,20091030,000000,25.8402,29.7125,25.8402,27.9935,0,0
IZO_MV,D,20091102,000000,26.9169,29.0702,26.9169,27.7763,0,0
IZO_MV,D,20091103,000000,28.0975,28.0975,26.1613,26.2746,0,0
IZO_MV,D,20091104,000000,26.9169,26.9169,25.8402,26.8129,0,0
IZO_MV,D,20091105,000000,26.1613,26.8129,25.9441,26.2746,0,0
IZO_MV,D,20091106,000000,26.0574,26.0574,24.9808,25.3018,0,0
IZO_MV,D,20091109,000000,25.0846,26.6996,25.0846,26.2746,0,0
IZO_MV,D,20091110,000000,26.2746,27.1341,26.0574,26.5958,0,0
IZO_MV,D,20091112,000000,26.4824,26.9169,26.1613,26.3785,0,0
IZO_MV,D,20091113,000000,26.1613,26.5958,25.8402,26.4824,0,0
IZO_MV,D,20091116,000000,26.2746,27.2379,26.1613,26.6996,0,0
IZO_MV,D,20091117,000000,26.3785,26.4824,25.8402,26.1613,0,0
IZO_MV,D,20091118,000000,26.1613,26.9169,25.7363,25.8402,0,0
IZO_MV,D,20091119,000000,25.7363,26.3785,25.4058,25.4058,0,0
IZO_MV,D,20091120,000000,25.6229,26.0574,25.1979,25.5191,0,0
IZO_MV,D,20091123,000000,25.7363,26.3785,25.1979,25.4058,0,0
IZO_MV,D,20091124,000000,25.4058,25.6229,25.0846,25.4058,0,0
IZO_MV,D,20091125,000000,25.4058,25.4058,24.6596,25.0846,0,0
IZO_MV,D,20091126,000000,25.1979,25.1979,23.9041,24.1212,0,0
IZO_MV,D,20091127,000000,23.3658,24.6596,23.1485,24.6596,0,0
IZO_MV,D,20091130,000000,24.7635,25.8402,24.7635,25.8402,0,0
IZO_MV,D,20091201,000000,26.2746,26.3785,25.1979,25.8402,0,0
IZO_MV,D,20091202,000000,25.8402,25.8402,24.6596,25.6229,0,0
IZO_MV,D,20091203,000000,25.3018,25.3018,24.7635,24.9808,0,0
IZO_MV,D,20091204,000000,25.4058,25.4058,24.5463,24.8674,0,0
IZO_MV,D,20091207,000000,24.7635,24.8674,24.0079,24.8674,0,0
IZO_MV,D,20091208,000000,24.7635,24.7635,22.9312,23.9041,0,0
IZO_MV,D,20091209,000000,24.0079,24.0079,22.7141,23.4696,0,0
IZO_MV,D,20091210,000000,23.4696,23.4696,23.0446,23.3658,0,0
IZO_MV,D,20091211,000000,23.4696,23.9041,23.3658,23.3658,0,0
IZO_MV,D,20091214,000000,23.6868,24.1212,23.1485,23.5829,0,0
IZO_MV,D,20091215,000000,23.6868,23.6868,23.0446,23.1485,0,0
IZO_MV,D,20091216,000000,23.4696,23.4696,22.9312,23.2524,0,0
IZO_MV,D,20091217,000000,23.2524,23.2524,21.5335,21.5335,0,0
IZO_MV,D,20091218,000000,21.4296,21.8546,20.6741,21.2124,0,0
IZO_MV,D,20091221,000000,21.3162,21.3162,19.3801,20.0224,0,0
IZO_MV,D,20091222,000000,20.1357,20.7779,20.0224,20.6741,0,0
IZO_MV,D,20091223,000000,20.2396,20.6741,19.4841,19.7012,0,0
IZO_MV,D,20091228,000000,19.4841,19.7012,18.8418,18.9457,0,0
IZO_MV,D,20091229,000000,18.9457,19.5974,18.9457,19.3801,0,0
IZO_MV,D,20091230,000000,19.2762,20.3529,19.1629,20.1357,0,0
IZO_MV,D,20091231,000000,20.3529,20.3529,19.8146,19.8146,0,0
IZO_MV,D,20100104,000000,19.8146,20.6741,19.5974,20.6741,0,0
IZO_MV,D,20100105,000000,20.6741,23.6868,20.6741,23.6868,0,0
IZO_MV,D,20100106,000000,24.2252,25.9441,24.2252,25.5191,0,0
IZO_MV,D,20100107,000000,24.9808,24.9808,23.6868,23.6868,0,0
IZO_MV,D,20100108,000000,24.8674,24.8674,23.9041,24.3291,0,0
IZO_MV,D,20100111,000000,24.3291,24.8674,24.1212,24.1212,0,0
IZO_MV,D,20100112,000000,24.1212,24.1212,22.9312,23.0446,0,0
IZO_MV,D,20100113,000000,23.0446,23.2524,22.5062,23.0446,0,0
IZO_MV,D,20100114,000000,23.2524,23.7908,23.0446,23.3658,0,0
IZO_MV,D,20100115,000000,23.4696,23.6868,23.3658,23.4696,0,0
IZO_MV,D,20100118,000000,23.4696,23.7908,23.3658,23.7908,0,0
IZO_MV,D,20100119,000000,23.7908,24.0079,23.2524,24.0079,0,0
IZO_MV,D,20100120,000000,23.9041,24.0079,23.5829,23.9041,0,0
IZO_MV,D,20100121,000000,23.9041,23.9041,23.3658,23.4696,0,0
IZO_MV,D,20100122,000000,23.3658,23.3658,21.7507,22.3929,0,0
IZO_MV,D,20100125,000000,22.0718,22.0718,21.4296,21.5335,0,0
IZO_MV,D,20100126,000000,21.5335,21.5335,20.2396,20.6741,0,0
IZO_MV,D,20100127,000000,20.3529,21.5335,20.1357,21.4296,0,0
IZO_MV,D,20100128,000000,21.5335,22.0718,21.4296,21.5335,0,0
IZO_MV,D,20100129,000000,21.5335,21.6374,21.3162,21.5335,0,0
IZO_MV,D,20100201,000000,21.5335,21.5335,20.9951,21.2124,0,0
IZO_MV,D,20100202,000000,20.8912,21.5335,20.8912,21.2124,0,0
IZO_MV,D,20100203,000000,21.4296,21.6374,21.2124,21.3162,0,0
IZO_MV,D,20100204,000000,21.4296,21.4296,20.7779,21.0991,0,0
IZO_MV,D,20100205,000000,20.6741,20.6741,19.3801,19.8146,0,0
IZO_MV,D,20100208,000000,20.1357,20.1357,19.2762,19.3801,0,0
IZO_MV,D,20100209,000000,19.8146,20.0224,19.2762,19.4841,0,0
IZO_MV,D,20100210,000000,19.9185,20.0224,19.5974,19.8146,0,0
IZO_MV,D,20100211,000000,19.9185,19.9185,19.2762,19.3801,0,0
IZO_MV,D,20100212,000000,19.3801,19.7012,19.1629,19.7012,0,0
IZO_MV,D,20100215,000000,19.7012,20.4568,19.1629,19.7012,0,0
IZO_MV,D,20100216,000000,19.8146,20.7779,19.8146,20.4568,0,0
IZO_MV,D,20100217,000000,20.8912,22.0718,20.4568,21.0991,0,0
IZO_MV,D,20100218,000000,21.0991,21.0991,19.9185,20.0224,0,0
IZO_MV,D,20100219,000000,19.8146,20.4568,19.5974,20.1357,0,0
IZO_MV,D,20100222,000000,20.4568,20.4568,20.1357,20.3529,0,0
IZO_MV,D,20100223,000000,20.3529,20.3529,19.9185,19.9185,0,0
IZO_MV,D,20100224,000000,19.9185,20.2396,19.9185,19.9185,0,0
IZO_MV,D,20100225,000000,20.3529,20.3529,19.5974,19.9185,0,0
IZO_MV,D,20100226,000000,19.7012,20.1357,19.5974,19.9185,0,0
IZO_MV,D,20100301,000000,20.1357,20.1357,19.5974,19.8146,0,0
IZO_MV,D,20100302,000000,20.1357,20.1357,19.4841,19.5974,0,0
IZO_MV,D,20100303,000000,19.9185,20.8912,19.7012,20.8912,0,0
IZO_MV,D,20100304,000000,21.2124,21.2124,20.4568,20.8912,0,0
IZO_MV,D,20100305,000000,20.4568,20.9951,20.4568,20.8912,0,0
IZO_MV,D,20100308,000000,20.8912,20.8912,20.4568,20.8912,0,0
IZO_MV,D,20100309,000000,20.6741,20.6741,20.4568,20.6741,0,0
IZO_MV,D,20100310,000000,20.6741,20.6741,20.3529,20.5607,0,0
IZO_MV,D,20100311,000000,20.2396,20.7779,20.1357,20.3529,0,0
IZO_MV,D,20100312,000000,20.4568,20.4568,19.9185,20.0224,0,0
IZO_MV,D,20100315,000000,20.3529,23.7908,20.3529,23.6868,0,0
IZO_MV,D,20100316,000000,23.2524,24.2252,22.6102,23.0446,0,0
IZO_MV,D,20100317,000000,23.2524,23.2524,21.9679,22.1757,0,0
IZO_MV,D,20100318,000000,21.8546,21.8546,20.9951,21.0991,0,0
IZO_MV,D,20100319,000000,21.5335,21.6374,21.2124,21.4296,0,0
IZO_MV,D,20100322,000000,21.7507,21.7507,20.9951,21.3162,0,0
IZO_MV,D,20100323,000000,21.3162,21.5335,21.0991,21.4296,0,0
IZO_MV,D,20100324,000000,21.5335,21.5335,21.3162,21.4296,0,0
IZO_MV,D,20100325,000000,21.5335,22.3929,21.3162,22.3929,0,0
IZO_MV,D,20100326,000000,22.6102,22.6102,21.7507,21.8546,0,0
IZO_MV,D,20100329,000000,21.9679,22.2891,21.2124,21.5335,0,0
IZO_MV,D,20100330,000000,21.8546,21.8546,21.3162,21.5335,0,0
IZO_MV,D,20100331,000000,21.5335,21.5335,20.8912,20.9951,0,0
IZO_MV,D,20100401,000000,21.2124,21.7507,21.2124,21.3162,0,0
IZO_MV,D,20100406,000000,21.5335,22.0718,21.3162,21.5335,0,0
IZO_MV,D,20100407,000000,22.0718,22.0718,21.3162,21.5335,0,0
IZO_MV,D,20100408,000000,21.4296,21.8546,21.2124,21.3162,0,0
IZO_MV,D,20100409,000000,21.5335,21.7507,21.3162,21.5335,0,0
IZO_MV,D,20100412,000000,21.4296,21.5335,21.0991,21.5335,0,0
IZO_MV,D,20100413,000000,21.6374,21.6374,21.2124,21.5335,0,0
IZO_MV,D,20100414,000000,21.5335,22.0718,21.3162,21.9679,0,0
IZO_MV,D,20100415,000000,21.9679,22.0718,21.6374,21.6374,0,0
IZO_MV,D,20100416,000000,21.7507,21.7507,21.3162,21.3162,0,0
IZO_MV,D,20100419,000000,21.2124,21.2124,20.4568,20.7779,0,0
IZO_MV,D,20100420,000000,20.9951,21.5335,20.9951,21.2124,0,0
IZO_MV,D,20100421,000000,21.5335,21.5335,20.9951,21.4296,0,0
IZO_MV,D,20100422,000000,21.5335,21.5335,20.9951,21.0991,0,0
IZO_MV,D,20100423,000000,21.3162,21.3162,20.9951,21.2124,0,0
IZO_MV,D,20100426,000000,21.3162,21.4296,21.0991,21.4296,0,0
IZO_MV,D,20100427,000000,20.8912,21.2124,20.7779,21.0991,0,0
IZO_MV,D,20100428,000000,20.8912,20.8912,20.6741,20.8912,0,0
IZO_MV,D,20100429,000000,21.2124,21.2124,20.7779,21.0991,0,0
IZO_MV,D,20100430,000000,21.0991,21.0991,20.7779,21.0991,0,0
IZO_MV,D,20100504,000000,20.7779,21.2124,20.3529,20.9951,0,0
IZO_MV,D,20100505,000000,20.3529,20.6741,20.1357,20.2396,0,0
IZO_MV,D,20100506,000000,19.8146,20.2396,19.7012,19.9185,0,0
IZO_MV,D,20100507,000000,19.5974,19.7012,19.3801,19.7012,0,0
IZO_MV,D,20100510,000000,19.8146,20.3529,19.8146,20.3529,0,0
IZO_MV,D,20100511,000000,20.3529,20.5607,20.1357,20.4568,0,0
IZO_MV,D,20100512,000000,20.4568,20.4568,20.1357,20.3529,0,0
IZO_MV,D,20100513,000000,20.5607,20.5607,20.1357,20.4568,0,0
IZO_MV,D,20100514,000000,20.4568,20.6741,20.0224,20.3529,0,0
IZO_MV,D,20100517,000000,20.3529,20.3529,19.9185,20.2396,0,0
IZO_MV,D,20100518,000000,20.3529,20.3529,19.9185,20.3529,0,0
IZO_MV,D,20100519,000000,20.2396,20.2396,19.3801,19.8146,0,0
IZO_MV,D,20100520,000000,19.9185,19.9185,18.7379,18.7379,0,0
IZO_MV,D,20100521,000000,18.5207,18.5207,17.2268,18.3035,0,0
IZO_MV,D,20100524,000000,18.3035,18.5207,18.0862,18.3035,0,0
IZO_MV,D,20100525,000000,17.869,18.4074,17.869,18.0862,0,0
IZO_MV,D,20100526,000000,17.9824,18.6245,17.9824,18.6245,0,0
IZO_MV,D,20100527,000000,18.8418,18.8418,18.3035,18.4074,0,0
IZO_MV,D,20100528,000000,18.6245,18.9457,18.4074,18.8418,0,0
IZO_MV,D,20100531,000000,18.9457,18.9457,18.5207,18.9457,0,0
IZO_MV,D,20100601,000000,18.8418,18.8418,18.6245,18.7379,0,0
IZO_MV,D,20100602,000000,18.4074,18.8418,17.9824,18.5207,0,0
IZO_MV,D,20100604,000000,18.7379,18.7379,18.3035,18.3035,0,0
IZO_MV,D,20100607,000000,18.0862,18.3035,18.0862,18.0862,0,0
IZO_MV,D,20100608,000000,18.6245,18.6245,18.0862,18.3035,0,0
IZO_MV,D,20100609,000000,18.4074,18.5207,18.0862,18.1995,0,0
IZO_MV,D,20100610,000000,18.6245,18.6245,18.1995,18.6245,0,0
IZO_MV,D,20100611,000000,18.3035,18.8418,18.3035,18.7379,0,0
IZO_MV,D,20100614,000000,18.3035,18.7379,18.3035,18.6245,0,0
IZO_MV,D,20100615,000000,18.8418,18.8418,18.1995,18.1995,0,0
IZO_MV,D,20100616,000000,17.7651,18.3035,17.7651,18.0862,0,0
IZO_MV,D,20100617,000000,18.3035,18.3035,17.7651,18.0862,0,0
IZO_MV,D,20100618,000000,17.7651,18.0862,17.5479,17.7651,0,0
IZO_MV,D,20100621,000000,17.7651,18.1995,17.7651,18.1995,0,0
IZO_MV,D,20100622,000000,18.3035,18.3035,17.7651,18.0862,0,0
IZO_MV,D,20100623,000000,17.5479,18.3035,17.444,17.7651,0,0
IZO_MV,D,20100624,000000,17.5479,17.869,17.2268,17.6612,0,0
IZO_MV,D,20100625,000000,17.2268,18.9457,17.1229,18.1995,0,0
IZO_MV,D,20100628,000000,18.7379,18.7379,18.0862,18.0862,0,0
IZO_MV,D,20100629,000000,18.5207,18.5207,18.1995,18.1995,0,0
IZO_MV,D,20100630,000000,18.1995,18.3035,17.0095,17.1229,0,0
IZO_MV,D,20100701,000000,17.444,17.444,17.1229,17.2268,0,0
IZO_MV,D,20100702,000000,17.5479,17.6612,17.2268,17.6612,0,0
IZO_MV,D,20100705,000000,17.6612,17.869,17.3307,17.869,0,0
IZO_MV,D,20100706,000000,17.9824,17.9824,17.5479,17.869,0,0
IZO_MV,D,20100707,000000,17.7651,17.869,17.7651,17.869,0,0
IZO_MV,D,20100708,000000,17.9824,18.1995,17.9824,18.0862,0,0
IZO_MV,D,20100709,000000,18.0862,18.3035,17.7651,18.0862,0,0
IZO_MV,D,20100712,000000,18.3035,18.3035,18.0862,18.0862,0,0
IZO_MV,D,20100713,000000,17.9824,18.3035,17.869,17.9824,0,0
IZO_MV,D,20100714,000000,17.869,18.1995,17.869,18.1995,0,0
IZO_MV,D,20100715,000000,18.3035,18.6245,18.0862,18.6245,0,0
IZO_MV,D,20100716,000000,18.6245,21.5335,18.6245,20.5607,0,0
IZO_MV,D,20100719,000000,20.7779,20.8912,19.7012,20.1357,0,0
IZO_MV,D,20100720,000000,20.5607,20.5607,19.7012,19.7012,0,0
IZO_MV,D,20100721,000000,20.2396,20.2396,19.3801,19.3801,0,0
IZO_MV,D,20100722,000000,19.3801,19.8146,19.1629,19.7012,0,0
IZO_MV,D,20100723,000000,19.7012,20.5607,19.7012,20.1357,0,0
IZO_MV,D,20100726,000000,20.3529,20.3529,19.7012,20.0224,0,0
IZO_MV,D,20100727,000000,20.2396,20.3529,19.8146,19.8146,0,0
IZO_MV,D,20100728,000000,19.8146,20.1357,19.8146,19.8146,0,0
IZO_MV,D,20100729,000000,20.0224,20.7779,19.7012,20.4568,0,0
IZO_MV,D,20100730,000000,20.4568,20.5607,20.2396,20.5607,0,0
IZO_MV,D,20100802,000000,20.5607,20.5607,20.1357,20.5607,0,0
IZO_MV,D,20100803,000000,20.6741,20.6741,20.3529,20.4568,0,0
IZO_MV,D,20100804,000000,20.1357,20.4568,19.9185,19.9185,0,0
IZO_MV,D,20100805,000000,19.8146,20.0224,19.7012,20.0224,0,0
IZO_MV,D,20100806,000000,19.8146,20.0224,19.8146,19.8146,0,0
IZO_MV,D,20100809,000000,20.3529,20.5607,18.7379,19.2762,0,0
IZO_MV,D,20100810,000000,19.2762,19.2762,18.7379,18.9457,0,0
IZO_MV,D,20100811,000000,19.1629,19.1629,18.7379,18.8418,0,0
IZO_MV,D,20100812,000000,18.8418,18.8418,18.1995,18.7379,0,0
IZO_MV,D,20100813,000000,18.7379,18.7379,18.3035,18.6245,0,0
IZO_MV,D,20100816,000000,18.4074,18.5207,18.1995,18.1995,0,0
IZO_MV,D,20100817,000000,18.1995,18.7379,18.1995,18.7379,0,0
IZO_MV,D,20100818,000000,18.7379,18.7379,18.1995,18.6245,0,0
IZO_MV,D,20100819,000000,18.4074,20.0224,18.4074,19.1629,0,0
IZO_MV,D,20100820,000000,19.1629,19.2762,18.6245,19.1629,0,0
IZO_MV,D,20100823,000000,19.1629,19.3801,18.9457,19.3801,0,0
IZO_MV,D,20100824,000000,19.3801,19.3801,18.9457,18.9457,0,0
IZO_MV,D,20100825,000000,19.1629,19.3801,19.1629,19.1629,0,0
IZO_MV,D,20100826,000000,19.3801,19.3801,18.8418,19.1629,0,0
IZO_MV,D,20100827,000000,19.1629,19.1629,18.7379,18.7379,0,0
IZO_MV,D,20100830,000000,19.0591,19.0591,18.5207,18.5207,0,0
IZO_MV,D,20100831,000000,18.1995,18.5207,18.0862,18.1995,0,0
IZO_MV,D,20100901,000000,18.0862,18.5207,17.869,18.0862,0,0
IZO_MV,D,20100902,000000,18.4074,18.4074,17.869,17.9824,0,0
IZO_MV,D,20100903,000000,18.0862,22.0718,18.0862,22.0718,0,0
IZO_MV,D,20100906,000000,23.0446,23.0446,21.0991,21.3162,0,0
IZO_MV,D,20100907,000000,21.0991,23.6868,21.0991,22.3929,0,0
IZO_MV,D,20100908,000000,22.3929,23.1485,21.7507,22.0718,0,0
IZO_MV,D,20100909,000000,22.3929,23.0446,20.9951,20.9951,0,0
IZO_MV,D,20100910,000000,21.6374,21.9679,21.4296,21.4296,0,0
IZO_MV,D,20100913,000000,21.8546,21.8546,20.9951,21.0991,0,0
IZO_MV,D,20100914,000000,21.3162,21.3162,20.2396,20.9951,0,0
IZO_MV,D,20100915,000000,21.3162,21.5335,19.9185,21.0991,0,0
IZO_MV,D,20100916,000000,21.0991,21.0991,20.4568,21.0991,0,0
IZO_MV,D,20100917,000000,21.0991,21.2124,20.7779,20.9951,0,0
IZO_MV,D,20100920,000000,21.2124,21.6374,20.9951,21.5335,0,0
IZO_MV,D,20100921,000000,21.5335,21.5335,20.9951,21.3162,0,0
IZO_MV,D,20100922,000000,20.9951,21.5335,18.8418,18.8418,0,0
IZO_MV,D,20100923,000000,19.1629,20.0224,19.1629,19.7012,0,0
IZO_MV,D,20100924,000000,19.4841,19.4841,18.8418,19.3801,0,0
IZO_MV,D,20100927,000000,19.5974,19.5974,19.1629,19.3801,0,0
IZO_MV,D,20100928,000000,19.4841,19.4841,19.2762,19.4841,0,0
IZO_MV,D,20100929,000000,19.4841,19.4841,19.0591,19.3801,0,0
IZO_MV,D,20100930,000000,19.1629,19.2762,18.8418,19.2762,0,0
IZO_MV,D,20101001,000000,19.3801,19.3801,18.8418,18.9457,0,0
IZO_MV,D,20101004,000000,19.2762,19.5974,18.8418,19.2762,0,0
IZO_MV,D,20101005,000000,19.2762,19.3801,19.1629,19.2762,0,0
IZO_MV,D,20101006,000000,19.2762,19.2762,18.8418,19.0591,0,0
IZO_MV,D,20101007,000000,19.2762,19.3801,18.8418,19.1629,0,0
IZO_MV,D,20101008,000000,19.3801,19.3801,18.9457,19.1629,0,0
IZO_MV,D,20101011,000000,19.2762,19.2762,18.8418,19.1629,0,0
IZO_MV,D,20101012,000000,19.1629,19.1629,18.4074,18.5207,0,0
IZO_MV,D,20101013,000000,18.7379,19.0591,18.6245,18.6245,0,0
IZO_MV,D,20101014,000000,18.8418,19.0591,18.7379,18.8418,0,0
IZO_MV,D,20101015,000000,19.0591,19.0591,18.6245,18.6245,0,0
IZO_MV,D,20101018,000000,18.6245,18.7379,18.5207,18.7379,0,0
IZO_MV,D,20101019,000000,18.7379,18.7379,18.0862,18.1995,0,0
IZO_MV,D,20101020,000000,18.1995,18.3035,17.9824,18.1995,0,0
IZO_MV,D,20101021,000000,18.1995,18.4074,17.9824,18.1995,0,0
IZO_MV,D,20101022,000000,18.3035,19.1629,18.0862,19.1629,0,0
IZO_MV,D,20101025,000000,19.2762,19.2762,18.7379,19.1629,0,0
IZO_MV,D,20101026,000000,19.1629,19.1629,18.5207,18.5207,0,0
IZO_MV,D,20101027,000000,19.0591,19.0591,18.4074,18.7379,0,0
IZO_MV,D,20101028,000000,18.8418,18.8418,18.0862,18.6245,0,0
IZO_MV,D,20101029,000000,18.7379,18.7379,18.4074,18.6245,0,0
IZO_MV,D,20101102,000000,18.7379,18.7379,18.3035,18.5207,0,0
IZO_MV,D,20101103,000000,18.7379,18.7379,18.3035,18.5207,0,0
IZO_MV,D,20101104,000000,18.6245,18.7379,18.1995,18.5207,0,0
IZO_MV,D,20101105,000000,18.5207,18.6245,18.0862,18.5207,0,0
IZO_MV,D,20101108,000000,18.3035,19.2762,18.3035,18.8418,0,0
IZO_MV,D,20101109,000000,18.8418,19.1629,18.5207,18.8418,0,0
IZO_MV,D,20101110,000000,18.5207,18.8418,18.5207,18.8418,0,0
IZO_MV,D,20101112,000000,18.8418,18.8418,18.4074,18.8418,0,0
IZO_MV,D,20101115,000000,18.7379,18.8418,18.1995,18.1995,0,0
IZO_MV,D,20101116,000000,18.3035,18.4074,18.0862,18.4074,0,0
IZO_MV,D,20101117,000000,18.6245,18.6245,18.1995,18.4074,0,0
IZO_MV,D,20101118,000000,18.6245,18.6245,17.9824,18.1995,0,0
IZO_MV,D,20101119,000000,18.6245,18.6245,17.9824,17.9824,0,0
IZO_MV,D,20101122,000000,18.4074,18.4074,17.869,18.3035,0,0
IZO_MV,D,20101123,000000,18.3035,18.3035,17.7651,17.9824,0,0
IZO_MV,D,20101124,000000,17.9824,17.9824,17.6612,17.7651,0,0
IZO_MV,D,20101125,000000,18.1995,18.1995,17.7651,17.9824,0,0
IZO_MV,D,20101126,000000,17.9824,18.1995,17.7651,18.0862,0,0
IZO_MV,D,20101129,000000,17.869,18.0862,17.6612,17.7651,0,0
IZO_MV,D,20101130,000000,17.9824,18.1995,17.869,17.869,0,0
IZO_MV,D,20101201,000000,17.869,18.1995,17.869,17.9824,0,0
IZO_MV,D,20101202,000000,18.0862,18.0862,17.869,18.0862,0,0
IZO_MV,D,20101203,000000,18.1995,19.5974,18.0862,18.5207,0,0
IZO_MV,D,20101206,000000,18.8418,18.8418,18.4074,18.5207,0,0
IZO_MV,D,20101207,000000,18.5207,18.5207,17.9824,18.3035,0,0
IZO_MV,D,20101208,000000,18.5207,18.5207,17.9824,18.3035,0,0
IZO_MV,D,20101209,000000,18.5207,18.5207,17.869,18.1995,0,0
IZO_MV,D,20101210,000000,18.1995,18.1995,17.7651,17.7651,0,0
IZO_MV,D,20101213,000000,17.6612,17.9824,17.6612,17.9824,0,0
IZO_MV,D,20101214,000000,17.9824,18.1995,17.7651,18.0862,0,0
IZO_MV,D,20101215,000000,18.0862,18.0862,17.5479,17.9824,0,0
IZO_MV,D,20101216,000000,17.7651,17.869,17.5479,17.869,0,0
IZO_MV,D,20101217,000000,17.7651,18.0862,17.6612,17.869,0,0
IZO_MV,D,20101220,000000,17.7651,17.869,17.5479,17.6612,0,0
IZO_MV,D,20101221,000000,17.444,17.6612,17.3307,17.6612,0,0
IZO_MV,D,20101222,000000,17.6612,17.9824,17.3307,17.869,0,0
IZO_MV,D,20101223,000000,17.869,17.869,17.444,17.5479,0,0
IZO_MV,D,20101227,000000,17.7651,17.7651,17.2268,17.444,0,0
IZO_MV,D,20101228,000000,17.444,17.444,16.7924,17.0095,0,0
IZO_MV,D,20101229,000000,17.2268,17.2268,16.254,17.1229,0,0
IZO_MV,D,20101230,000000,17.0095,17.2268,16.6884,17.0095,0,0
IZO_MV,D,20101231,000000,17.2268,17.2268,16.9057,17.2268,0,0
IZO_MV,D,20110103,000000,17.2268,17.3307,17.2268,17.3307,0,0
IZO_MV,D,20110104,000000,17.3307,17.3307,17.0095,17.2268,0,0
IZO_MV,D,20110105,000000,17.3307,17.3307,16.9057,17.2268,0,0
IZO_MV,D,20110107,000000,17.3307,17.9824,16.7924,17.444,0,0
IZO_MV,D,20110110,000000,17.9824,17.9824,17.0095,17.2268,0,0
IZO_MV,D,20110111,000000,17.2268,17.2268,17.0095,17.0095,0,0
IZO_MV,D,20110112,000000,17.5479,18.3035,17.3307,17.5479,0,0
IZO_MV,D,20110113,000000,17.7651,17.869,17.3307,17.7651,0,0
IZO_MV,D,20110114,000000,17.7651,17.7651,17.3307,17.7651,0,0
IZO_MV,D,20110117,000000,17.7651,17.7651,17.2268,17.3307,0,0
IZO_MV,D,20110118,000000,17.5479,17.6612,17.2268,17.444,0,0
IZO_MV,D,20110119,000000,17.6612,17.7651,17.3307,17.5479,0,0
IZO_MV,D,20110120,000000,17.2268,17.3307,17.2268,17.3307,0,0
IZO_MV,D,20110121,000000,17.5479,17.9824,17.2268,17.6612,0,0
IZO_MV,D,20110124,000000,17.6612,17.6612,17.1229,17.5479,0,0
IZO_MV,D,20110125,000000,17.5479,17.6612,17.3307,17.3307,0,0
IZO_MV,D,20110126,000000,17.5479,17.5479,17.2268,17.444,0,0
IZO_MV,D,20110127,000000,17.5479,17.5479,17.2268,17.3307,0,0
IZO_MV,D,20110128,000000,17.2268,17.2268,17.2268,17.2268,0,0
IZO_MV,D,20110131,000000,17.1229,17.1229,17.0095,17.1229,0,0
IZO_MV,D,20110201,000000,17.0095,17.869,17.0095,17.5479,0,0
IZO_MV,D,20110202,000000,17.2268,18.5207,17.2268,18.1995,0,0
IZO_MV,D,20110203,000000,17.5479,18.1995,17.5479,17.5479,0,0
IZO_MV,D,20110204,000000,17.5479,18.0862,17.5479,17.9824,0,0
IZO_MV,D,20110207,000000,17.9824,18.3035,17.5479,18.1995,0,0
IZO_MV,D,20110208,000000,18.3035,18.3035,17.9824,18.1995,0,0
IZO_MV,D,20110209,000000,18.1995,18.1995,17.869,17.869,0,0
IZO_MV,D,20110210,000000,17.7651,18.3035,17.7651,18.1995,0,0
IZO_MV,D,20110211,000000,18.1995,18.1995,17.6612,18.0862,0,0
IZO_MV,D,20110214,000000,18.0862,18.0862,17.5479,17.9824,0,0
IZO_MV,D,20110215,000000,17.869,17.9824,17.444,17.7651,0,0
IZO_MV,D,20110216,000000,17.7651,17.869,17.444,17.869,0,0
IZO_MV,D,20110217,000000,17.9824,18.7379,17.869,18.0862,0,0
IZO_MV,D,20110218,000000,17.5479,17.869,17.5479,17.869,0,0
IZO_MV,D,20110221,000000,17.7651,17.869,17.5479,17.7651,0,0
IZO_MV,D,20110222,000000,17.7651,17.7651,17.5479,17.7651,0,0
IZO_MV,D,20110223,000000,17.7651,17.7651,17.2268,17.6612,0,0
IZO_MV,D,20110224,000000,17.7651,17.7651,17.2268,17.3307,0,0
IZO_MV,D,20110225,000000,17.3307,17.5479,17.2268,17.5479,0,0
IZO_MV,D,20110228,000000,17.6612,17.9824,17.444,17.869,0,0
IZO_MV,D,20110301,000000,17.9824,18.0862,17.444,17.869,0,0
IZO_MV,D,20110302,000000,17.869,17.869,17.444,17.7651,0,0
IZO_MV,D,20110303,000000,17.444,17.869,17.444,17.869,0,0
IZO_MV,D,20110304,000000,17.9824,17.9824,17.444,17.444,0,0
IZO_MV,D,20110307,000000,17.7651,17.7651,17.3307,17.6612,0,0
IZO_MV,D,20110308,000000,17.7651,17.9824,17.3307,17.5479,0,0
IZO_MV,D,20110309,000000,17.869,17.869,17.444,17.444,0,0
IZO_MV,D,20110310,000000,17.5479,17.7651,17.444,17.7651,0,0
IZO_MV,D,20110311,000000,17.7651,17.7651,17.444,17.6612,0,0
IZO_MV,D,20110314,000000,17.6612,17.6612,17.3307,17.444,0,0
IZO_MV,D,20110315,000000,17.3307,17.444,16.7924,17.2268,0,0
IZO_MV,D,20110316,000000,17.2268,17.2268,16.9057,17.2268,0,0
IZO_MV,D,20110317,000000,17.1229,17.2268,17.0095,17.2268,0,0
IZO_MV,D,20110318,000000,17.2268,17.5479,16.9057,17.5479,0,0
IZO_MV,D,20110321,000000,17.6612,17.6612,17.444,17.444,0,0
IZO_MV,D,20110322,000000,17.5479,17.5479,17.1229,17.444,0,0
IZO_MV,D,20110323,000000,17.5479,17.5479,17.1229,17.444,0,0
IZO_MV,D,20110324,000000,17.5479,17.5479,17.1229,17.5479,0,0
IZO_MV,D,20110325,000000,17.444,17.6612,17.0095,17.6612,0,0
IZO_MV,D,20110328,000000,17.2268,17.6612,17.2268,17.6612,0,0
IZO_MV,D,20110329,000000,17.5479,17.6612,17.2268,17.6612,0,0
IZO_MV,D,20110330,000000,17.6612,17.7651,17.6612,17.6612,0,0
IZO_MV,D,20110331,000000,17.6612,17.6612,17.2268,17.2268,0,0
IZO_MV,D,20110401,000000,17.5479,17.5479,17.2268,17.444,0,0
IZO_MV,D,20110404,000000,17.2268,17.5479,17.2268,17.5479,0,0
IZO_MV,D,20110405,000000,17.5479,17.6612,17.1229,17.6612,0,0
IZO_MV,D,20110406,000000,17.6612,17.6612,17.2268,17.444,0,0
IZO_MV,D,20110407,000000,17.2268,17.444,17.2268,17.2268,0,0
IZO_MV,D,20110408,000000,17.5479,17.5479,17.2268,17.5479,0,0
IZO_MV,D,20110411,000000,17.5479,17.5479,17.2268,17.444,0,0
IZO_MV,D,20110412,000000,17.444,17.444,17.2268,17.444,0,0
IZO_MV,D,20110413,000000,17.444,17.5479,17.1229,17.2268,0,0
IZO_MV,D,20110414,000000,17.2268,17.5479,17.2268,17.444,0,0
IZO_MV,D,20110415,000000,17.1229,17.444,17.0095,17.3307,0,0
IZO_MV,D,20110418,000000,17.444,17.444,17.0095,17.444,0,0
IZO_MV,D,20110419,000000,17.2268,17.444,17.0095,17.2268,0,0
IZO_MV,D,20110420,000000,17.2268,17.2268,17.0095,17.1229,0,0
IZO_MV,D,20110421,000000,17.1229,17.2268,17.0095,17.2268,0,0
IZO_MV,D,20110426,000000,17.2268,17.2268,17.0095,17.1229,0,0
IZO_MV,D,20110427,000000,17.1229,17.2268,17.0095,17.2268,0,0
IZO_MV,D,20110428,000000,17.2268,17.5479,17.2268,17.3307,0,0
IZO_MV,D,20110429,000000,17.5479,17.5479,17.3307,17.3307,0,0
IZO_MV,D,20110502,000000,17.3307,17.3307,17.1229,17.1229,0,0
IZO_MV,D,20110504,000000,17.444,17.444,17.2268,17.2268,0,0
IZO_MV,D,20110505,000000,17.3307,17.3307,16.9057,16.9057,0,0
IZO_MV,D,20110506,000000,17.2268,17.2268,16.7924,16.7924,0,0
IZO_MV,D,20110509,000000,16.7924,16.9057,16.6884,16.7924,0,0
IZO_MV,D,20110510,000000,16.5845,16.6884,16.3674,16.4712,0,0
IZO_MV,D,20110511,000000,16.4712,16.4712,15.6118,15.9329,0,0
IZO_MV,D,20110512,000000,15.829,15.829,15.0734,15.3945,0,0
IZO_MV,D,20110513,000000,15.5079,15.5079,15.0734,15.2907,0,0
IZO_MV,D,20110516,000000,15.0734,15.3945,14.639,14.9695,0,0
IZO_MV,D,20110517,000000,15.0734,15.0734,14.639,14.639,0,0
IZO_MV,D,20110518,000000,14.8562,14.9695,14.639,14.9695,0,0
IZO_MV,D,20110519,000000,14.9695,15.5079,14.9695,15.5079,0,0
IZO_MV,D,20110520,000000,15.5079,15.5079,15.5079,15.5079,0,0
IZO_MV,D,20110523,000000,15.5079,15.5079,15.0734,15.2907,0,0
IZO_MV,D,20110524,000000,15.2907,15.2907,14.9695,15.0734,0,0
IZO_MV,D,20110525,000000,15.2907,15.2907,15.0734,15.2907,0,0
IZO_MV,D,20110526,000000,15.2907,15.3945,15.1774,15.3945,0,0
IZO_MV,D,20110527,000000,15.3945,15.3945,15.0734,15.3945,0,0
IZO_MV,D,20110530,000000,15.3945,15.3945,15.0734,15.3945,0,0
IZO_MV,D,20110531,000000,15.3945,15.3945,15.0734,15.1774,0,0
IZO_MV,D,20110601,000000,15.1774,15.5079,14.9695,14.9695,0,0
IZO_MV,D,20110602,000000,15.2907,15.2907,14.4312,14.8562,0,0
IZO_MV,D,20110603,000000,14.8562,14.8562,14.4312,14.8562,0,0
IZO_MV,D,20110606,000000,14.8562,14.8562,14.3178,14.639,0,0
IZO_MV,D,20110607,000000,14.639,14.639,14.214,14.5351,0,0
IZO_MV,D,20110608,000000,14.5351,14.5351,13.9968,14.3178,0,0
IZO_MV,D,20110609,000000,14.3178,14.3178,13.9968,13.9968,0,0
IZO_MV,D,20110610,000000,14.214,14.214,13.9968,13.9968,0,0
IZO_MV,D,20110613,000000,13.9968,13.9968,13.3545,13.3545,0,0
IZO_MV,D,20110614,000000,13.2412,13.8928,13.2412,13.5623,0,0
IZO_MV,D,20110615,000000,13.8928,13.8928,13.5623,13.6757,0,0
IZO_MV,D,20110616,000000,13.7795,13.7795,13.4584,13.5623,0,0
IZO_MV,D,20110617,000000,13.6757,13.6757,13.4584,13.5623,0,0
IZO_MV,D,20110620,000000,13.7795,13.7795,13.4584,13.4584,0,0
IZO_MV,D,20110621,000000,13.3545,13.3545,13.1373,13.3545,0,0
IZO_MV,D,20110622,000000,13.2412,13.3545,12.7028,13.024,0,0
IZO_MV,D,20110624,000000,13.1373,13.1373,12.3818,12.7028,0,0
IZO_MV,D,20110627,000000,12.3818,12.3818,12.0607,12.2778,0,0
IZO_MV,D,20110628,000000,12.1645,12.2778,11.9473,12.0607,0,0
IZO_MV,D,20110629,000000,12.0607,12.3818,11.8434,12.2778,0,0
IZO_MV,D,20110630,000000,12.2778,12.2778,11.7395,11.7395,0,0
IZO_MV,D,20110701,000000,11.8434,11.8434,11.6262,11.7395,0,0
IZO_MV,D,20110704,000000,11.8434,12.0607,11.8434,12.0607,0,0
IZO_MV,D,20110705,000000,12.0607,12.0607,11.9473,12.0607,0,0
IZO_MV,D,20110706,000000,12.1645,12.1645,11.8434,11.8434,0,0
IZO_MV,D,20110707,000000,12.0607,14.7524,12.0607,14.5351,0,0
IZO_MV,D,20110708,000000,14.5351,14.5351,13.4584,13.5623,0,0
IZO_MV,D,20110711,000000,13.3545,13.3545,12.0607,12.0607,0,0
IZO_MV,D,20110712,000000,12.0607,12.0607,11.7395,12.0607,0,0
IZO_MV,D,20110713,000000,12.0607,12.3818,11.8434,12.2778,0,0
IZO_MV,D,20110714,000000,12.3818,12.7028,12.3818,12.599,0,0
IZO_MV,D,20110715,000000,12.7028,13.5623,12.7028,13.3545,0,0
IZO_MV,D,20110718,000000,13.3545,13.3545,12.3818,12.3818,0,0
IZO_MV,D,20110719,000000,12.3818,12.9201,12.3818,12.599,0,0
IZO_MV,D,20110720,000000,12.599,12.599,12.4857,12.4857,0,0
IZO_MV,D,20110721,000000,12.4857,12.4857,12.3818,12.3818,0,0
IZO_MV,D,20110722,000000,12.3818,13.3545,12.3818,12.8162,0,0
IZO_MV,D,20110725,000000,12.9201,13.024,12.599,12.599,0,0
IZO_MV,D,20110726,000000,12.599,12.9201,12.3818,12.7028,0,0
IZO_MV,D,20110727,000000,12.9201,12.9201,12.3818,12.599,0,0
IZO_MV,D,20110728,000000,12.7028,12.7028,12.2778,12.3818,0,0
IZO_MV,D,20110729,000000,12.4857,12.4857,11.9473,12.4857,0,0
IZO_MV,D,20110801,000000,12.599,12.599,12.4857,12.4857,0,0
IZO_MV,D,20110802,000000,12.4857,12.599,12.0607,12.0607,0,0
IZO_MV,D,20110803,000000,12.0607,12.1645,11.8434,11.8434,0,0
IZO_MV,D,20110804,000000,12.1645,12.4857,11.409,11.6262,0,0
IZO_MV,D,20110805,000000,11.2012,11.8434,10.7667,11.8434,0,0
IZO_MV,D,20110808,000000,11.409,11.6262,10.984,11.5223,0,0
IZO_MV,D,20110809,000000,10.8707,11.3051,10.3323,11.2012,0,0
IZO_MV,D,20110810,000000,10.984,12.0607,10.984,10.984,0,0
IZO_MV,D,20110811,000000,10.8707,11.6262,10.7667,11.6262,0,0
IZO_MV,D,20110812,000000,11.6262,12.1645,11.2012,12.1645,0,0
IZO_MV,D,20110816,000000,12.1645,12.2778,12.1645,12.2778,0,0
IZO_MV,D,20110817,000000,12.2778,12.599,11.8434,12.599,0,0
IZO_MV,D,20110818,000000,12.599,12.599,10.984,12.1645,0,0
IZO_MV,D,20110819,000000,12.0607,12.4857,11.5223,12.4857,0,0
IZO_MV,D,20110822,000000,12.4857,12.4857,11.9473,12.0607,0,0
IZO_MV,D,20110823,000000,12.0607,12.4857,11.9473,12.3818,0,0
IZO_MV,D,20110824,000000,12.599,12.599,12.3818,12.599,0,0
IZO_MV,D,20110825,000000,12.599,12.599,12.1645,12.599,0,0
IZO_MV,D,20110826,000000,12.599,12.599,12.0607,12.599,0,0
IZO_MV,D,20110829,000000,12.7028,12.7028,12.7028,12.7028,0,0
IZO_MV,D,20110830,000000,12.7028,12.7028,12.2778,12.599,0,0
IZO_MV,D,20110831,000000,12.599,12.8162,12.599,12.8162,0,0
IZO_MV,D,20110901,000000,12.9201,12.9201,12.2778,12.7028,0,0
IZO_MV,D,20110902,000000,12.9201,12.9201,12.599,12.7028,0,0
IZO_MV,D,20110905,000000,12.599,12.7028,12.2778,12.2778,0,0
IZO_MV,D,20110906,000000,12.4857,12.4857,12.1645,12.4857,0,0
IZO_MV,D,20110907,000000,12.4857,12.9201,12.4857,12.599,0,0
IZO_MV,D,20110908,000000,13.024,13.024,12.9201,12.9201,0,0
IZO_MV,D,20110909,000000,12.8162,12.8162,12.1645,12.7028,0,0
IZO_MV,D,20110912,000000,12.599,12.599,11.6262,11.6262,0,0
IZO_MV,D,20110913,000000,11.8434,11.8434,11.5223,11.6262,0,0
IZO_MV,D,20110914,000000,11.5223,11.5223,11.409,11.5223,0,0
IZO_MV,D,20110915,000000,11.8434,11.9473,11.0878,11.9473,0,0
IZO_MV,D,20110916,000000,11.9473,11.9473,11.6262,11.7395,0,0
IZO_MV,D,20110919,000000,11.9473,11.9473,11.409,11.5223,0,0
IZO_MV,D,20110920,000000,11.7395,11.7395,11.5223,11.7395,0,0
IZO_MV,D,20110921,000000,11.7395,11.7395,10.984,11.0878,0,0
IZO_MV,D,20110922,000000,11.409,11.409,11.3051,11.3051,0,0
IZO_MV,D,20110923,000000,11.409,11.409,10.7667,10.984,0,0
IZO_MV,D,20110926,000000,10.7667,10.984,10.7667,10.984,0,0
IZO_MV,D,20110927,000000,10.984,11.2012,10.7667,10.8707,0,0
IZO_MV,D,20110928,000000,11.0878,11.0878,10.8707,10.984,0,0
IZO_MV,D,20110929,000000,11.2012,11.2012,10.7667,10.984,0,0
IZO_MV,D,20110930,000000,11.0878,11.0878,10.984,11.0878,0,0
IZO_MV,D,20111003,000000,11.0878,11.0878,10.8707,10.8707,0,0
IZO_MV,D,20111004,000000,11.0878,11.0878,10.6628,10.8707,0,0
IZO_MV,D,20111005,000000,11.0878,11.0878,10.6628,11.0878,0,0
IZO_MV,D,20111006,000000,11.0878,11.0878,11.0878,11.0878,0,0
IZO_MV,D,20111007,000000,11.0878,11.0878,10.984,11.0878,0,0
IZO_MV,D,20111010,000000,11.0878,11.3051,10.7667,11.3051,0,0
IZO_MV,D,20111011,000000,11.3051,11.409,11.3051,11.409,0,0
IZO_MV,D,20111012,000000,11.409,11.409,11.409,11.409,0,0
IZO_MV,D,20111013,000000,11.409,11.409,11.3051,11.3051,0,0
IZO_MV,D,20111014,000000,11.409,11.409,11.0878,11.0878,0,0
IZO_MV,D,20111017,000000,11.409,11.409,10.984,10.984,0,0
IZO_MV,D,20111018,000000,10.984,10.984,10.984,10.984,0,0
IZO_MV,D,20111019,000000,10.984,11.0878,10.8707,11.0878,0,0
IZO_MV,D,20111020,000000,11.0878,11.0878,10.7667,10.7667,0,0
IZO_MV,D,20111021,000000,10.7667,11.0878,10.6628,11.0878,0,0
IZO_MV,D,20111024,000000,11.2012,11.2012,10.984,10.984,0,0
IZO_MV,D,20111025,000000,10.984,10.984,10.7667,10.7667,0,0
IZO_MV,D,20111026,000000,10.7667,11.3051,10.6628,11.3051,0,0
IZO_MV,D,20111027,000000,10.8707,11.3051,10.8707,11.3051,0,0
IZO_MV,D,20111028,000000,11.3051,11.3051,10.8707,11.0878,0,0
IZO_MV,D,20111031,000000,11.2012,11.2012,10.6628,10.7667,0,0
IZO_MV,D,20111102,000000,10.6628,10.7667,10.6628,10.7667,0,0
IZO_MV,D,20111103,000000,10.7667,11.0878,10.6628,11.0878,0,0
IZO_MV,D,20111104,000000,11.0878,11.2012,10.8707,11.0878,0,0
IZO_MV,D,20111107,000000,11.0878,11.3051,10.7667,11.0878,0,0
IZO_MV,D,20111108,000000,11.2012,11.2012,10.984,11.2012,0,0
IZO_MV,D,20111109,000000,11.2012,12.8162,11.0878,11.409,0,0
IZO_MV,D,20111110,000000,11.409,11.409,10.8707,11.2012,0,0
IZO_MV,D,20111114,000000,11.3051,11.3051,10.7667,11.2012,0,0
IZO_MV,D,20111115,000000,11.2012,11.2012,10.7667,10.7667,0,0
IZO_MV,D,20111116,000000,10.7667,11.2012,10.7667,11.2012,0,0
IZO_MV,D,20111117,000000,11.2012,11.2012,10.7667,10.7667,0,0
IZO_MV,D,20111118,000000,10.7667,11.9473,10.1245,11.9473,0,0
IZO_MV,D,20111121,000000,12.0607,12.0607,10.8707,10.8707,0,0
IZO_MV,D,20111122,000000,10.8707,11.2012,10.6628,10.984,0,0
IZO_MV,D,20111123,000000,10.984,10.984,10.4457,10.4457,0,0
IZO_MV,D,20111124,000000,10.7667,11.6262,10.6628,11.2012,0,0
IZO_MV,D,20111125,000000,11.0878,11.0878,10.7667,11.0878,0,0
IZO_MV,D,20111128,000000,11.0878,11.2012,10.984,11.2012,0,0
IZO_MV,D,20111129,000000,11.2012,11.2012,10.6628,11.0878,0,0
IZO_MV,D,20111130,000000,11.0878,11.2012,10.7667,10.984,0,0
IZO_MV,D,20111201,000000,11.0878,11.0878,10.7667,10.984,0,0
IZO_MV,D,20111202,000000,11.0878,11.0878,11.0878,11.0878,0,0
IZO_MV,D,20111205,000000,10.6628,10.984,10.6628,10.7667,0,0
IZO_MV,D,20111206,000000,10.984,10.984,10.5495,10.7667,0,0
IZO_MV,D,20111207,000000,10.984,10.984,10.5495,10.8707,0,0
IZO_MV,D,20111208,000000,10.8707,10.8707,10.0111,10.6628,0,0
IZO_MV,D,20111209,000000,10.6628,10.6628,10.6628,10.6628,0,0
IZO_MV,D,20111212,000000,10.6628,10.6628,10.3323,10.3323,0,0
IZO_MV,D,20111213,000000,10.6628,10.6628,10.1245,10.3323,0,0
IZO_MV,D,20111214,000000,10.5495,10.5495,10.4457,10.4457,0,0
IZO_MV,D,20111215,000000,10.5495,10.5495,9.58617,9.90732,0,0
IZO_MV,D,20111216,000000,10.1245,10.1245,9.69007,9.90732,0,0
IZO_MV,D,20111219,000000,10.1245,10.1245,8.9345,9.15173,0,0
IZO_MV,D,20111220,000000,9.47284,9.47284,8.9345,8.9345,0,0
IZO_MV,D,20111221,000000,9.15173,9.15173,8.83062,9.15173,0,0
IZO_MV,D,20111222,000000,8.9345,9.15173,8.39617,9.04784,0,0
IZO_MV,D,20111223,000000,9.04784,9.04784,8.5095,8.83062,0,0
IZO_MV,D,20111227,000000,8.83062,8.83062,8.39617,8.39617,0,0
IZO_MV,D,20111228,000000,8.5095,8.5095,8.29228,8.39617,0,0
IZO_MV,D,20111229,000000,8.39617,8.61339,8.29228,8.39617,0,0
IZO_MV,D,20111230,000000,8.61339,8.61339,8.07506,8.61339,0,0
IZO_MV,D,20120102,000000,8.61339,8.61339,8.07506,8.39617,0,0
IZO_MV,D,20120103,000000,8.5095,8.5095,7.75395,7.85783,0,0
IZO_MV,D,20120104,000000,7.85783,8.29228,7.85783,8.29228,0,0
IZO_MV,D,20120105,000000,8.07506,8.29228,8.07506,8.29228,0,0
IZO_MV,D,20120109,000000,8.39617,8.39617,8.29228,8.39617,0,0
IZO_MV,D,20120110,000000,8.39617,8.39617,8.17895,8.39617,0,0
IZO_MV,D,20120111,000000,8.07506,8.39617,7.75395,8.07506,0,0
IZO_MV,D,20120112,000000,8.29228,8.29228,8.17895,8.17895,0,0
IZO_MV,D,20120113,000000,8.17895,8.39617,8.17895,8.29228,0,0
IZO_MV,D,20120116,000000,8.29228,8.29228,8.29228,8.29228,0,0
IZO_MV,D,20120117,000000,8.39617,8.5095,8.39617,8.5095,0,0
IZO_MV,D,20120118,000000,8.5095,11.0878,8.5095,11.0878,0,0
IZO_MV,D,20120119,000000,12.599,12.599,10.3323,11.6262,0,0
IZO_MV,D,20120120,000000,11.6262,11.6262,10.6628,11.0878,0,0
IZO_MV,D,20120123,000000,11.3051,11.3051,10.6628,10.7667,0,0
IZO_MV,D,20120124,000000,11.0878,11.0878,10.3323,10.6628,0,0
IZO_MV,D,20120125,000000,10.7667,10.7667,10.2284,10.4457,0,0
IZO_MV,D,20120126,000000,10.5495,10.8707,10.4457,10.6628,0,0
IZO_MV,D,20120127,000000,10.4457,10.7667,10.4457,10.7667,0,0
IZO_MV,D,20120130,000000,10.7667,10.8707,10.3323,10.6628,0,0
IZO_MV,D,20120131,000000,10.5495,10.8707,10.5495,10.6628,0,0
IZO_MV,D,20120201,000000,10.7667,10.984,10.6628,10.6628,0,0
IZO_MV,D,20120202,000000,10.984,10.984,10.6628,10.6628,0,0
IZO_MV,D,20120203,000000,10.7667,11.6262,10.4457,10.7667,0,0
IZO_MV,D,20120206,000000,11.2012,11.2012,10.7667,10.8707,0,0
IZO_MV,D,20120207,000000,10.7667,10.984,10.7667,10.8707,0,0
IZO_MV,D,20120208,000000,10.984,12.9201,10.984,12.2778,0,0
IZO_MV,D,20120209,000000,12.1645,12.7028,11.8434,12.1645,0,0
IZO_MV,D,20120210,000000,12.1645,12.1645,11.409,11.6262,0,0
IZO_MV,D,20120213,000000,12.1645,12.1645,11.6262,11.9473,0,0
IZO_MV,D,20120214,000000,12.0607,13.2412,12.0607,12.8162,0,0
IZO_MV,D,20120215,000000,12.9201,12.9201,12.3818,12.4857,0,0
IZO_MV,D,20120216,000000,11.9473,12.7028,11.9473,12.7028,0,0
IZO_MV,D,20120217,000000,12.7028,12.7028,12.0607,12.4857,0,0
IZO_MV,D,20120220,000000,12.4857,13.2412,12.4857,12.8162,0,0
IZO_MV,D,20120221,000000,12.9201,12.9201,12.2778,12.2778,0,0
IZO_MV,D,20120222,000000,12.2778,12.2778,11.7395,12.0607,0,0
IZO_MV,D,20120223,000000,12.0607,12.3818,11.8434,12.2778,0,0
IZO_MV,D,20120224,000000,12.2778,12.2778,11.8434,12.2778,0,0
IZO_MV,D,20120227,000000,11.8434,12.1645,11.7395,12.1645,0,0
IZO_MV,D,20120228,000000,12.2778,12.2778,11.8434,12.0607,0,0
IZO_MV,D,20120229,000000,11.8434,12.0607,11.3051,11.8434,0,0
IZO_MV,D,20120301,000000,11.8434,11.8434,11.5223,11.7395,0,0
IZO_MV,D,20120302,000000,11.7395,11.7395,11.7395,11.7395,0,0
IZO_MV,D,20120305,000000,11.7395,11.7395,11.2012,11.2012,0,0
IZO_MV,D,20120306,000000,11.2012,11.2012,10.6628,10.7667,0,0
IZO_MV,D,20120307,000000,10.7667,11.409,10.7667,11.409,0,0
IZO_MV,D,20120308,000000,11.3051,11.5223,11.2012,11.5223,0,0
IZO_MV,D,20120309,000000,11.5223,11.5223,11.5223,11.5223,0,0
IZO_MV,D,20120312,000000,11.409,11.409,10.8707,11.2012,0,0
IZO_MV,D,20120313,000000,11.409,11.409,11.3051,11.3051,0,0
IZO_MV,D,20120314,000000,11.409,12.0607,11.3051,11.3051,0,0
IZO_MV,D,20120315,000000,11.3051,11.6262,11.3051,11.6262,0,0
IZO_MV,D,20120316,000000,11.7395,11.7395,11.0878,11.3051,0,0
IZO_MV,D,20120319,000000,11.409,11.7395,11.3051,11.6262,0,0
IZO_MV,D,20120320,000000,11.6262,11.6262,10.984,11.5223,0,0
IZO_MV,D,20120321,000000,11.6262,11.6262,11.409,11.409,0,0
IZO_MV,D,20120322,000000,11.7395,11.7395,10.7667,10.984,0,0
IZO_MV,D,20120323,000000,11.0878,11.0878,10.4457,10.984,0,0
IZO_MV,D,20120326,000000,10.7667,10.7667,10.3323,10.7667,0,0
IZO_MV,D,20120327,000000,10.8707,11.5223,10.6628,11.5223,0,0
IZO_MV,D,20120328,000000,11.5223,11.5223,10.8707,10.8707,0,0
IZO_MV,D,20120329,000000,11.0878,11.0878,10.7667,10.984,0,0
IZO_MV,D,20120330,000000,10.984,11.0878,10.7667,11.0878,0,0
IZO_MV,D,20120402,000000,11.0878,11.0878,10.4457,10.6628,0,0
IZO_MV,D,20120403,000000,10.5495,10.984,10.5495,10.5495,0,0
IZO_MV,D,20120404,000000,10.5495,10.6628,10.5495,10.6628,0,0
IZO_MV,D,20120405,000000,10.6628,10.8707,10.6628,10.8707,0,0
IZO_MV,D,20120410,000000,10.8707,10.8707,10.6628,10.8707,0,0
IZO_MV,D,20120411,000000,10.8707,10.8707,10.4457,10.6628,0,0
IZO_MV,D,20120412,000000,10.6628,10.8707,10.5495,10.8707,0,0
IZO_MV,D,20120413,000000,10.8707,10.8707,10.6628,10.6628,0,0
IZO_MV,D,20120416,000000,10.7667,10.7667,10.5495,10.5495,0,0
IZO_MV,D,20120417,000000,10.6628,10.6628,10.4457,10.5495,0,0
IZO_MV,D,20120418,000000,10.6628,10.6628,10.4457,10.4457,0,0
IZO_MV,D,20120419,000000,10.4457,10.4457,10.3323,10.3323,0,0
IZO_MV,D,20120420,000000,10.4457,10.4457,10.1245,10.1245,0,0
IZO_MV,D,20120423,000000,10.1245,10.1245,9.15173,9.36896,0,0
IZO_MV,D,20120424,000000,9.47284,9.47284,9.04784,9.36896,0,0
IZO_MV,D,20120425,000000,9.36896,9.58617,9.15173,9.58617,0,0
IZO_MV,D,20120426,000000,9.58617,9.58617,9.04784,9.47284,0,0
IZO_MV,D,20120427,000000,9.47284,9.58617,9.47284,9.58617,0,0
IZO_MV,D,20120430,000000,9.58617,9.58617,9.58617,9.58617,0,0
IZO_MV,D,20120502,000000,9.58617,9.58617,9.58617,9.58617,0,0
IZO_MV,D,20120504,000000,9.58617,9.58617,8.83062,9.15173,0,0
IZO_MV,D,20120507,000000,9.04784,9.15173,8.83062,9.15173,0,0
IZO_MV,D,20120508,000000,9.58617,9.58617,9.58617,9.58617,0,0
IZO_MV,D,20120509,000000,9.58617,9.58617,8.83062,9.15173,0,0
IZO_MV,D,20120510,000000,9.15173,9.15173,9.15173,9.15173,0,0
IZO_MV,D,20120511,000000,9.15173,9.15173,9.15173,9.15173,0,0
IZO_MV,D,20120514,000000,9.15173,9.15173,8.5095,8.61339,0,0
IZO_MV,D,20120515,000000,8.61339,8.71729,8.29228,8.29228,0,0
IZO_MV,D,20120516,000000,8.29228,8.5095,7.64061,8.5095,0,0
IZO_MV,D,20120517,000000,8.39617,8.39617,8.07506,8.17895,0,0
IZO_MV,D,20120518,000000,8.07506,8.17895,7.64061,8.07506,0,0
IZO_MV,D,20120521,000000,8.07506,8.07506,8.07506,8.07506,0,0
IZO_MV,D,20120522,000000,8.07506,8.07506,8.07506,8.07506,0,0
IZO_MV,D,20120523,000000,8.07506,8.07506,8.07506,8.07506,0,0
IZO_MV,D,20120524,000000,7.85783,7.85783,7.85783,7.85783,0,0
IZO_MV,D,20120525,000000,7.97116,7.97116,7.97116,7.97116,0,0
IZO_MV,D,20120528,000000,8.07506,8.29228,7.97116,8.29228,0,0
IZO_MV,D,20120529,000000,8.29228,8.29228,8.07506,8.29228,0,0
IZO_MV,D,20120530,000000,8.29228,8.29228,8.29228,8.29228,0,0
IZO_MV,D,20120531,000000,8.29228,8.29228,8.07506,8.29228,0,0
IZO_MV,D,20120601,000000,8.29228,8.29228,7.85783,8.17895,0,0
IZO_MV,D,20120604,000000,8.17895,8.17895,7.85783,8.07506,0,0
IZO_MV,D,20120605,000000,8.07506,8.07506,7.64061,7.75395,0,0
IZO_MV,D,20120606,000000,7.75395,7.75395,7.75395,7.75395,0,0
IZO_MV,D,20120608,000000,7.64061,7.75395,7.64061,7.75395,0,0
IZO_MV,D,20120611,000000,7.75395,7.75395,7.75395,7.75395,0,0
IZO_MV,D,20120612,000000,7.75395,7.75395,7.64061,7.64061,0,0
IZO_MV,D,20120613,000000,7.64061,7.64061,7.31949,7.64061,0,0
IZO_MV,D,20120614,000000,7.64061,7.64061,7.43283,7.64061,0,0
IZO_MV,D,20120615,000000,7.64061,7.64061,7.64061,7.64061,0,0
IZO_MV,D,20120618,000000,7.64061,7.75395,7.64061,7.75395,0,0
IZO_MV,D,20120619,000000,7.53672,7.97116,7.53672,7.53672,0,0
IZO_MV,D,20120620,000000,8.07506,8.07506,8.07506,8.07506,0,0
IZO_MV,D,20120621,000000,8.07506,8.07506,7.64061,7.97116,0,0
IZO_MV,D,20120622,000000,7.97116,7.97116,7.97116,7.97116,0,0
IZO_MV,D,20120625,000000,7.97116,7.97116,7.97116,7.97116,0,0
IZO_MV,D,20120626,000000,7.97116,7.97116,7.97116,7.97116,0,0
IZO_MV,D,20120627,000000,7.97116,7.97116,7.31949,7.53672,0,0
IZO_MV,D,20120628,000000,7.53672,7.53672,7.31949,7.53672,0,0
IZO_MV,D,20120629,000000,7.53672,7.53672,7.43283,7.43283,0,0
IZO_MV,D,20120702,000000,7.43283,7.64061,7.43283,7.64061,0,0
IZO_MV,D,20120703,000000,7.85783,7.97116,7.64061,7.97116,0,0
IZO_MV,D,20120705,000000,7.97116,7.97116,7.97116,7.97116,0,0
IZO_MV,D,20120706,000000,7.97116,7.97116,7.97116,7.97116,0,0
IZO_MV,D,20120709,000000,7.97116,7.97116,7.43283,7.43283,0,0
IZO_MV,D,20120710,000000,7.43283,7.43283,7.43283,7.43283,0,0
IZO_MV,D,20120711,000000,7.43283,7.43283,7.43283,7.43283,0,0
IZO_MV,D,20120712,000000,7.43283,7.43283,7.43283,7.43283,0,0
IZO_MV,D,20120713,000000,7.43283,7.43283,7.31949,7.31949,0,0
IZO_MV,D,20120716,000000,7.31949,7.75395,7.31949,7.75395,0,0
IZO_MV,D,20120717,000000,7.64061,7.64061,7.53672,7.53672,0,0
IZO_MV,D,20120718,000000,7.53672,7.53672,7.21561,7.43283,0,0
IZO_MV,D,20120719,000000,7.43283,7.43283,7.43283,7.43283,0,0
IZO_MV,D,20120720,000000,7.43283,7.75395,7.31949,7.75395,0,0
IZO_MV,D,20120723,000000,7.53672,7.53672,7.53672,7.53672,0,0
IZO_MV,D,20120724,000000,7.53672,7.53672,7.53672,7.53672,0,0
IZO_MV,D,20120725,000000,7.53672,7.53672,7.53672,7.53672,0,0
IZO_MV,D,20120726,000000,7.53672,7.53672,7.21561,7.53672,0,0
IZO_MV,D,20120730,000000,7.85783,7.85783,7.85783,7.85783,0,0
IZO_MV,D,20120731,000000,7.85783,7.85783,7.85783,7.85783,0,0
IZO_MV,D,20120801,000000,7.85783,7.85783,7.85783,7.85783,0,0
IZO_MV,D,20120802,000000,7.75395,7.75395,7.75395,7.75395,0,0
IZO_MV,D,20120803,000000,8.07506,8.07506,8.07506,8.07506,0,0
IZO_MV,D,20120806,000000,8.07506,8.07506,8.07506,8.07506,0,0
IZO_MV,D,20120807,000000,8.07506,8.07506,8.07506,8.07506,0,0
IZO_MV,D,20120808,000000,8.07506,8.07506,7.64061,7.85783,0,0
IZO_MV,D,20120809,000000,7.75395,7.85783,7.43283,7.75395,0,0
IZO_MV,D,20120810,000000,8.07506,8.07506,7.75395,7.75395,0,0
IZO_MV,D,20120813,000000,8.07506,8.07506,7.85783,7.85783,0,0
IZO_MV,D,20120814,000000,7.85783,7.85783,7.21561,7.31949,0,0
IZO_MV,D,20120816,000000,7.85783,7.85783,7.10228,7.64061,0,0
IZO_MV,D,20120817,000000,7.53672,7.64061,7.10228,7.64061,0,0
IZO_MV,D,20120820,000000,7.53672,7.64061,7.10228,7.64061,0,0
IZO_MV,D,20120821,000000,7.64061,7.64061,7.64061,7.64061,0,0
IZO_MV,D,20120822,000000,7.64061,7.64061,7.64061,7.64061,0,0
IZO_MV,D,20120823,000000,7.64061,7.64061,7.64061,7.64061,0,0
IZO_MV,D,20120824,000000,7.64061,7.64061,7.64061,7.64061,0,0
IZO_MV,D,20120827,000000,7.75395,7.75395,7.75395,7.75395,0,0
IZO_MV,D,20120828,000000,7.75395,7.75395,7.31949,7.75395,0,0
IZO_MV,D,20120829,000000,7.85783,7.85783,7.31949,7.31949,0,0
IZO_MV,D,20120830,000000,7.31949,7.31949,7.31949,7.31949,0,0
IZO_MV,D,20120831,000000,7.31949,7.31949,7.10228,7.10228,0,0
IZO_MV,D,20120903,000000,7.10228,7.10228,6.78116,6.89449,0,0
IZO_MV,D,20120904,000000,6.89449,6.89449,6.78116,6.78116,0,0
IZO_MV,D,20120905,000000,6.56394,6.89449,6.56394,6.89449,0,0
IZO_MV,D,20120906,000000,6.78116,6.89449,6.78116,6.78116,0,0
IZO_MV,D,20120907,000000,6.78116,6.78116,6.78116,6.78116,0,0
IZO_MV,D,20120910,000000,6.78116,6.78116,6.67727,6.67727,0,0
IZO_MV,D,20120911,000000,6.78116,6.78116,6.46005,6.78116,0,0
IZO_MV,D,20120912,000000,6.78116,6.78116,6.56394,6.56394,0,0
IZO_MV,D,20120913,000000,6.78116,6.78116,6.56394,6.78116,0,0
IZO_MV,D,20120914,000000,6.78116,6.78116,6.13893,6.67727,0,0
IZO_MV,D,20120917,000000,6.67727,6.67727,6.67727,6.67727,0,0
IZO_MV,D,20120918,000000,6.67727,6.67727,6.24282,6.24282,0,0
IZO_MV,D,20120919,000000,6.13893,6.56394,6.13893,6.56394,0,0
IZO_MV,D,20120920,000000,6.56394,6.56394,6.56394,6.56394,0,0
IZO_MV,D,20120921,000000,6.46005,6.56394,6.35615,6.35615,0,0
IZO_MV,D,20120924,000000,6.35615,6.35615,6.24282,6.35615,0,0
IZO_MV,D,20120925,000000,6.56394,6.56394,6.24282,6.56394,0,0
IZO_MV,D,20120926,000000,6.56394,6.56394,6.24282,6.56394,0,0
IZO_MV,D,20120927,000000,6.56394,7.85783,6.56394,7.85783,0,0
IZO_MV,D,20120928,000000,8.9345,8.9345,7.85783,7.97116,0,0
IZO_MV,D,20121001,000000,8.39617,9.15173,8.07506,9.04784,0,0
IZO_MV,D,20121002,000000,9.15173,9.15173,8.29228,8.61339,0,0
IZO_MV,D,20121003,000000,8.61339,8.61339,8.07506,8.39617,0,0
IZO_MV,D,20121004,000000,8.39617,8.39617,7.85783,8.29228,0,0
IZO_MV,D,20121005,000000,8.17895,8.71729,8.07506,8.07506,0,0
IZO_MV,D,20121008,000000,7.97116,8.83062,7.75395,8.39617,0,0
IZO_MV,D,20121009,000000,8.71729,8.9345,8.39617,8.39617,0,0
IZO_MV,D,20121010,000000,8.39617,9.15173,8.39617,9.15173,0,0
IZO_MV,D,20121011,000000,9.15173,9.15173,8.5095,8.83062,0,0
IZO_MV,D,20121012,000000,8.9345,8.9345,8.5095,8.9345,0,0
IZO_MV,D,20121015,000000,9.15173,9.15173,8.9345,9.04784,0,0
IZO_MV,D,20121016,000000,9.15173,9.25562,9.04784,9.15173,0,0
IZO_MV,D,20121017,000000,9.25562,9.25562,8.71729,8.71729,0,0
IZO_MV,D,20121018,000000,8.71729,9.04784,8.39617,8.61339,0,0
IZO_MV,D,20121019,000000,8.9345,8.9345,8.39617,8.39617,0,0
IZO_MV,D,20121022,000000,8.29228,8.61339,8.29228,8.61339,0,0
IZO_MV,D,20121023,000000,8.61339,8.61339,8.29228,8.61339,0,0
IZO_MV,D,20121024,000000,8.61339,8.61339,7.85783,7.85783,0,0
IZO_MV,D,20121025,000000,8.29228,8.29228,8.29228,8.29228,0,0
IZO_MV,D,20121026,000000,8.29228,8.29228,7.85783,8.29228,0,0
IZO_MV,D,20121029,000000,8.17895,8.29228,7.97116,7.97116,0,0
IZO_MV,D,20121030,000000,8.17895,8.17895,8.17895,8.17895,0,0
IZO_MV,D,20121031,000000,8.17895,8.61339,8.17895,8.61339,0,0
IZO_MV,D,20121102,000000,8.29228,8.29228,7.85783,7.85783,0,0
IZO_MV,D,20121105,000000,7.85783,7.85783,7.31949,7.31949,0,0
IZO_MV,D,20121106,000000,7.43283,7.64061,7.31949,7.64061,0,0
IZO_MV,D,20121107,000000,7.53672,7.64061,7.43283,7.64061,0,0
IZO_MV,D,20121108,000000,7.75395,7.75395,7.43283,7.64061,0,0
IZO_MV,D,20121109,000000,7.75395,7.75395,7.75395,7.75395,0,0
IZO_MV,D,20121112,000000,7.75395,7.75395,7.43283,7.64061,0,0
IZO_MV,D,20121113,000000,7.75395,7.75395,7.64061,7.64061,0,0
IZO_MV,D,20121114,000000,7.64061,7.64061,7.21561,7.64061,0,0
IZO_MV,D,20121115,000000,7.64061,7.64061,7.64061,7.64061,0,0
IZO_MV,D,20121116,000000,7.64061,7.64061,7.64061,7.64061,0,0
IZO_MV,D,20121119,000000,7.64061,7.64061,7.64061,7.64061,0,0
IZO_MV,D,20121120,000000,7.64061,7.64061,7.64061,7.64061,0,0
IZO_MV,D,20121121,000000,7.53672,7.64061,7.53672,7.64061,0,0
IZO_MV,D,20121122,000000,7.64061,7.64061,7.64061,7.64061,0,0
IZO_MV,D,20121123,000000,7.53672,7.53672,7.53672,7.53672,0,0
IZO_MV,D,20121126,000000,7.53672,7.97116,7.53672,7.85783,0,0
IZO_MV,D,20121127,000000,7.75395,7.85783,7.75395,7.85783,0,0
IZO_MV,D,20121128,000000,7.75395,7.85783,7.75395,7.75395,0,0
IZO_MV,D,20121129,000000,7.75395,7.85783,7.75395,7.85783,0,0
IZO_MV,D,20121130,000000,7.53672,7.85783,7.53672,7.75395,0,0
IZO_MV,D,20121203,000000,7.64061,7.75395,7.64061,7.75395,0,0
IZO_MV,D,20121204,000000,7.31949,7.75395,7.31949,7.75395,0,0
IZO_MV,D,20121205,000000,7.75395,7.75395,7.21561,7.31949,0,0
IZO_MV,D,20121206,000000,7.64061,7.64061,7.31949,7.64061,0,0
IZO_MV,D,20121207,000000,7.64061,7.64061,6.99838,6.99838,0,0
IZO_MV,D,20121210,000000,7.31949,7.31949,6.99838,6.99838,0,0
IZO_MV,D,20121211,000000,6.99838,6.99838,6.89449,6.89449,0,0
IZO_MV,D,20121212,000000,7.21561,7.31949,7.21561,7.31949,0,0
IZO_MV,D,20121213,000000,7.53672,7.53672,7.31949,7.31949,0,0
IZO_MV,D,20121214,000000,7.10228,7.31949,6.89449,6.89449,0,0
IZO_MV,D,20121217,000000,7.31949,7.31949,6.89449,6.89449,0,0
IZO_MV,D,20121218,000000,6.89449,7.21561,6.89449,7.10228,0,0
IZO_MV,D,20121219,000000,7.10228,7.31949,6.99838,7.21561,0,0
IZO_MV,D,20121220,000000,7.31949,7.31949,6.89449,7.10228,0,0
IZO_MV,D,20121221,000000,7.21561,7.21561,7.10228,7.10228,0,0
IZO_MV,D,20121227,000000,7.21561,7.31949,7.21561,7.31949,0,0
IZO_MV,D,20121228,000000,7.31949,7.31949,7.31949,7.31949,0,0
IZO_MV,D,20130102,000000,6.99838,7.97116,6.99838,7.85783,0,0
IZO_MV,D,20130103,000000,7.85783,7.85783,7.53672,7.53672,0,0
IZO_MV,D,20130104,000000,7.53672,7.75395,7.53672,7.64061,0,0
IZO_MV,D,20130107,000000,7.53672,7.64061,7.53672,7.53672,0,0
IZO_MV,D,20130108,000000,7.53672,7.53672,7.53672,7.53672,0,0
IZO_MV,D,20130109,000000,7.53672,7.53672,7.53672,7.53672,0,0
IZO_MV,D,20130110,000000,7.64061,8.29228,7.31949,8.07506,0,0
IZO_MV,D,20130111,000000,8.29228,8.29228,7.97116,8.29228,0,0
IZO_MV,D,20130114,000000,8.29228,8.29228,8.29228,8.29228,0,0
IZO_MV,D,20130115,000000,8.29228,8.39617,8.07506,8.39617,0,0
IZO_MV,D,20130117,000000,8.39617,8.39617,8.17895,8.29228,0,0
IZO_MV,D,20130118,000000,8.29228,8.29228,7.97116,8.29228,0,0
IZO_MV,D,20130121,000000,8.29228,8.29228,8.29228,8.29228,0,0
IZO_MV,D,20130122,000000,7.97116,8.07506,7.75395,7.97116,0,0
IZO_MV,D,20130123,000000,7.97116,7.97116,7.75395,7.97116,0,0
IZO_MV,D,20130124,000000,7.97116,7.97116,7.97116,7.97116,0,0
IZO_MV,D,20130125,000000,7.97116,7.97116,7.97116,7.97116,0,0
IZO_MV,D,20130128,000000,8.07506,8.07506,8.07506,8.07506,0,0
IZO_MV,D,20130129,000000,8.07506,8.07506,7.53672,8.07506,0,0
IZO_MV,D,20130130,000000,7.53672,7.53672,7.31949,7.53672,0,0
IZO_MV,D,20130131,000000,7.53672,7.53672,7.53672,7.53672,0,0
IZO_MV,D,20130201,000000,7.53672,7.53672,7.31949,7.53672,0,0
IZO_MV,D,20130204,000000,7.75395,8.5095,7.75395,8.39617,0,0
IZO_MV,D,20130205,000000,8.29228,8.29228,7.97116,7.97116,0,0
IZO_MV,D,20130206,000000,8.07506,8.07506,8.07506,8.07506,0,0
IZO_MV,D,20130207,000000,8.17895,8.17895,7.53672,7.75395,0,0
IZO_MV,D,20130208,000000,7.75395,7.75395,7.43283,7.75395,0,0
IZO_MV,D,20130211,000000,7.85783,7.85783,7.53672,7.53672,0,0
IZO_MV,D,20130212,000000,7.53672,7.53672,7.53672,7.53672,0,0
IZO_MV,D,20130214,000000,7.43283,7.43283,7.43283,7.43283,0,0
IZO_MV,D,20130215,000000,7.53672,7.53672,7.10228,7.31949,0,0
IZO_MV,D,20130218,000000,7.53672,7.53672,7.10228,7.21561,0,0
IZO_MV,D,20130219,000000,7.21561,7.21561,7.21561,7.21561,0,0
IZO_MV,D,20130220,000000,7.43283,7.43283,7.10228,7.31949,0,0
IZO_MV,D,20130221,000000,7.31949,7.31949,7.31949,7.31949,0,0
IZO_MV,D,20130222,000000,7.21561,7.53672,7.21561,7.53672,0,0
IZO_MV,D,20130225,000000,7.53672,7.53672,7.53672,7.53672,0,0
IZO_MV,D,20130226,000000,7.53672,7.53672,7.10228,7.53672,0,0
IZO_MV,D,20130227,000000,7.53672,7.53672,7.31949,7.31949,0,0
IZO_MV,D,20130228,000000,7.53672,7.53672,7.10228,7.53672,0,0
IZO_MV,D,20130301,000000,7.53672,7.53672,7.53672,7.53672,0,0
IZO_MV,D,20130304,000000,7.53672,7.53672,7.43283,7.43283,0,0
IZO_MV,D,20130305,000000,7.43283,7.43283,7.10228,7.43283,0,0
IZO_MV,D,20130306,000000,7.43283,9.15173,7.43283,8.83062,0,0
IZO_MV,D,20130307,000000,8.71729,8.83062,8.29228,8.83062,0,0
IZO_MV,D,20130308,000000,8.83062,9.04784,8.61339,8.83062,0,0
IZO_MV,D,20130311,000000,8.9345,9.90732,8.61339,9.90732,0,0
IZO_MV,D,20130312,000000,9.79399,10.7667,9.36896,9.36896,0,0
IZO_MV,D,20130313,000000,9.69007,10.0111,9.36896,9.69007,0,0
IZO_MV,D,20130314,000000,9.69007,10.2284,9.36896,10.2284,0,0
IZO_MV,D,20130315,000000,10.2284,10.3323,9.79399,10.2284,0,0
IZO_MV,D,20130318,000000,10.2284,10.2284,9.69007,9.69007,0,0
IZO_MV,D,20130319,000000,9.90732,9.90732,9.58617,9.58617,0,0
IZO_MV,D,20130320,000000,9.69007,9.69007,8.29228,8.5095,0,0
IZO_MV,D,20130321,000000,8.61339,8.61339,7.97116,7.97116,0,0
IZO_MV,D,20130322,000000,7.97116,7.97116,7.43283,7.75395,0,0
IZO_MV,D,20130325,000000,7.97116,8.39617,7.75395,8.39617,0,0
IZO_MV,D,20130326,000000,8.83062,9.04784,8.07506,9.04784,0,0
IZO_MV,D,20130327,000000,8.9345,9.04784,8.39617,9.04784,0,0
IZO_MV,D,20130328,000000,8.5095,8.61339,8.29228,8.61339,0,0
IZO_MV,D,20130402,000000,8.5095,8.61339,8.07506,8.61339,0,0
IZO_MV,D,20130403,000000,8.83062,8.83062,8.17895,8.5095,0,0
IZO_MV,D,20130404,000000,8.71729,8.71729,8.5095,8.5095,0,0
IZO_MV,D,20130405,000000,8.5095,8.5095,8.17895,8.5095,0,0
IZO_MV,D,20130408,000000,8.71729,8.71729,8.61339,8.61339,0,0
IZO_MV,D,20130409,000000,8.61339,8.61339,8.17895,8.5095,0,0
IZO_MV,D,20130410,000000,8.5095,8.5095,8.5095,8.5095,0,0
IZO_MV,D,20130411,000000,8.39617,8.39617,8.17895,8.39617,0,0
IZO_MV,D,20130412,000000,8.5095,8.5095,7.97116,8.39617,0,0
IZO_MV,D,20130415,000000,8.39617,8.39617,8.39617,8.39617,0,0
IZO_MV,D,20130417,000000,8.39617,8.39617,7.64061,7.64061,0,0
IZO_MV,D,20130418,000000,7.85783,7.85783,7.53672,7.53672,0,0
IZO_MV,D,20130419,000000,7.85783,7.85783,7.53672,7.75395,0,0
IZO_MV,D,20130422,000000,7.75395,7.85783,7.75395,7.85783,0,0
IZO_MV,D,20130423,000000,7.85783,7.97116,7.75395,7.85783,0,0
IZO_MV,D,20130424,000000,7.97116,8.29228,7.85783,7.85783,0,0
IZO_MV,D,20130425,000000,7.85783,7.85783,7.85783,7.85783,0,0
IZO_MV,D,20130426,000000,7.85783,7.97116,7.75395,7.97116,0,0
IZO_MV,D,20130429,000000,7.85783,7.85783,7.85783,7.85783,0,0
IZO_MV,D,20130430,000000,7.75395,7.85783,7.64061,7.85783,0,0
IZO_MV,D,20130502,000000,7.75395,7.85783,7.75395,7.85783,0,0
IZO_MV,D,20130506,000000,7.85783,8.39617,7.53672,8.39617,0,0
IZO_MV,D,20130507,000000,8.61339,8.61339,8.39617,8.39617,0,0
IZO_MV,D,20130508,000000,8.17895,8.71729,7.85783,8.71729,0,0
IZO_MV,D,20130509,000000,8.71729,9.15173,8.71729,9.15173,0,0
IZO_MV,D,20130510,000000,9.04784,9.15173,8.61339,8.9345,0,0
IZO_MV,D,20130513,000000,8.83062,9.15173,8.61339,9.15173,0,0
IZO_MV,D,20130514,000000,9.15173,9.58617,8.61339,9.58617,0,0
IZO_MV,D,20130515,000000,9.58617,9.58617,9.15173,9.15173,0,0
IZO_MV,D,20130516,000000,8.71729,9.15173,8.71729,9.15173,0,0
IZO_MV,D,20130517,000000,9.15173,9.47284,9.15173,9.47284,0,0
IZO_MV,D,20130520,000000,9.47284,9.47284,9.47284,9.47284,0,0
IZO_MV,D,20130521,000000,9.36896,9.36896,9.36896,9.36896,0,0
IZO_MV,D,20130522,000000,8.9345,8.9345,8.9345,8.9345,0,0
IZO_MV,D,20130523,000000,8.9345,8.9345,8.9345,8.9345,0,0
IZO_MV,D,20130524,000000,8.9345,8.9345,8.39617,8.61339,0,0
IZO_MV,D,20130527,000000,8.39617,8.39617,8.39617,8.39617,0,0
IZO_MV,D,20130528,000000,8.17895,8.9345,8.17895,8.9345,0,0
IZO_MV,D,20130529,000000,8.83062,8.9345,8.5095,8.9345,0,0
IZO_MV,D,20130531,000000,8.9345,8.9345,8.83062,8.9345,0,0
IZO_MV,D,20130603,000000,8.71729,8.9345,8.71729,8.9345,0,0
IZO_MV,D,20130604,000000,8.9345,8.9345,8.29228,8.83062,0,0
IZO_MV,D,20130605,000000,8.61339,8.83062,8.61339,8.61339,0,0
IZO_MV,D,20130606,000000,8.71729,8.71729,8.71729,8.71729,0,0
IZO_MV,D,20130607,000000,8.71729,8.71729,8.5095,8.71729,0,0
IZO_MV,D,20130610,000000,8.71729,8.9345,8.5095,8.9345,0,0
IZO_MV,D,20130611,000000,8.9345,8.9345,8.29228,8.29228,0,0
IZO_MV,D,20130612,000000,8.29228,8.39617,8.29228,8.29228,0,0
IZO_MV,D,20130613,000000,8.29228,8.39617,8.17895,8.39617,0,0
IZO_MV,D,20130614,000000,8.5095,8.83062,8.5095,8.83062,0,0
IZO_MV,D,20130617,000000,8.61339,8.61339,8.61339,8.61339,0,0
IZO_MV,D,20130618,000000,8.61339,8.61339,8.39617,8.61339,0,0
IZO_MV,D,20130619,000000,8.61339,8.61339,8.61339,8.61339,0,0
IZO_MV,D,20130620,000000,8.5095,8.5095,8.07506,8.07506,0,0
IZO_MV,D,20130621,000000,8.17895,8.17895,7.64061,8.07506,0,0
IZO_MV,D,20130624,000000,7.64061,8.29228,7.64061,8.29228,0,0
IZO_MV,D,20130625,000000,8.17895,8.29228,7.97116,7.97116,0,0
IZO_MV,D,20130626,000000,8.07506,8.07506,7.97116,8.07506,0,0
IZO_MV,D,20130627,000000,8.07506,8.17895,8.07506,8.17895,0,0
IZO_MV,D,20130628,000000,8.17895,8.71729,8.07506,8.61339,0,0
IZO_MV,D,20130701,000000,8.61339,8.61339,8.29228,8.29228,0,0
IZO_MV,D,20130702,000000,8.07506,8.5095,8.07506,8.5095,0,0
IZO_MV,D,20130703,000000,8.61339,8.61339,8.5095,8.5095,0,0
IZO_MV,D,20130704,000000,8.39617,8.39617,8.39617,8.39617,0,0
IZO_MV,D,20130705,000000,8.39617,8.39617,8.39617,8.39617,0,0
IZO_MV,D,20130708,000000,8.39617,8.39617,8.39617,8.39617,0,0
IZO_MV,D,20130709,000000,8.17895,8.39617,8.17895,8.39617,0,0
IZO_MV,D,20130710,000000,8.39617,8.39617,8.07506,8.39617,0,0
IZO_MV,D,20130711,000000,8.39617,8.39617,8.39617,8.39617,0,0
IZO_MV,D,20130712,000000,8.39617,8.39617,8.39617,8.39617,0,0
IZO_MV,D,20130715,000000,8.39617,8.39617,8.39617,8.39617,0,0
IZO_MV,D,20130716,000000,8.39617,8.39617,8.39617,8.39617,0,0
IZO_MV,D,20130717,000000,8.39617,8.39617,8.39617,8.39617,0,0
IZO_MV,D,20130718,000000,8.39617,8.39617,8.39617,8.39617,0,0
IZO_MV,D,20130719,000000,8.29228,8.29228,8.07506,8.07506,0,0
IZO_MV,D,20130722,000000,8.07506,8.07506,7.85783,7.85783,0,0
IZO_MV,D,20130723,000000,8.07506,8.07506,7.75395,8.07506,0,0
IZO_MV,D,20130726,000000,8.07506,8.07506,8.07506,8.07506,0,0
IZO_MV,D,20130729,000000,7.85783,7.85783,7.85783,7.85783,0,0
IZO_MV,D,20130730,000000,7.85783,7.97116,7.85783,7.97116,0,0
IZO_MV,D,20130731,000000,7.64061,7.64061,7.10228,7.21561,0,0
IZO_MV,D,20130801,000000,7.21561,7.53672,7.21561,7.53672,0,0
IZO_MV,D,20130802,000000,7.43283,7.53672,7.31949,7.53672,0,0
IZO_MV,D,20130805,000000,7.43283,7.53672,7.43283,7.43283,0,0
IZO_MV,D,20130806,000000,7.43283,7.64061,7.43283,7.64061,0,0
IZO_MV,D,20130807,000000,7.64061,7.64061,7.53672,7.53672,0,0
IZO_MV,D,20130808,000000,7.53672,7.53672,7.43283,7.43283,0,0
IZO_MV,D,20130809,000000,7.43283,7.43283,7.31949,7.31949,0,0
IZO_MV,D,20130812,000000,7.43283,7.53672,7.21561,7.43283,0,0
IZO_MV,D,20130813,000000,7.43283,8.07506,7.31949,7.85783,0,0
IZO_MV,D,20130814,000000,7.85783,8.39617,7.85783,8.39617,0,0
IZO_MV,D,20130816,000000,8.39617,8.9345,8.17895,8.39617,0,0
IZO_MV,D,20130819,000000,8.39617,8.39617,7.85783,8.17895,0,0
IZO_MV,D,20130820,000000,8.17895,8.17895,8.17895,8.17895,0,0
IZO_MV,D,20130821,000000,8.07506,8.17895,8.07506,8.07506,0,0
IZO_MV,D,20130822,000000,8.17895,8.17895,7.53672,8.07506,0,0
IZO_MV,D,20130823,000000,8.07506,8.07506,8.07506,8.07506,0,0
IZO_MV,D,20130826,000000,8.07506,8.17895,8.07506,8.17895,0,0
IZO_MV,D,20130827,000000,8.07506,8.07506,7.53672,7.75395,0,0
IZO_MV,D,20130828,000000,7.85783,7.85783,7.43283,7.64061,0,0
IZO_MV,D,20130829,000000,7.85783,7.85783,7.53672,7.53672,0,0
IZO_MV,D,20130830,000000,7.53672,7.53672,7.31949,7.53672,0,0
IZO_MV,D,20130902,000000,7.85783,7.85783,7.85783,7.85783,0,0
IZO_MV,D,20130903,000000,7.85783,7.85783,7.31949,7.75395,0,0
IZO_MV,D,20130904,000000,7.85783,7.85783,7.43283,7.75395,0,0
IZO_MV,D,20130905,000000,7.75395,7.75395,7.10228,7.10228,0,0
IZO_MV,D,20130906,000000,7.10228,7.10228,6.67727,7.10228,0,0
IZO_MV,D,20130909,000000,6.99838,6.99838,6.89449,6.99838,0,0
IZO_MV,D,20130910,000000,6.99838,7.53672,6.99838,7.53672,0,0
IZO_MV,D,20130911,000000,7.43283,7.64061,7.43283,7.64061,0,0
IZO_MV,D,20130912,000000,7.21561,7.64061,6.99838,7.31949,0,0
IZO_MV,D,20130913,000000,7.31949,7.31949,6.99838,6.99838,0,0
IZO_MV,D,20130916,000000,6.99838,6.99838,6.67727,6.99838,0,0
IZO_MV,D,20130917,000000,6.99838,6.99838,6.78116,6.99838,0,0
IZO_MV,D,20130918,000000,6.78116,6.99838,6.67727,6.99838,0,0
IZO_MV,D,20130919,000000,6.99838,6.99838,6.99838,6.99838,0,0
IZO_MV,D,20130920,000000,6.78116,6.89449,6.78116,6.89449,0,0
IZO_MV,D,20130923,000000,6.89449,6.89449,6.78116,6.89449,0,0
IZO_MV,D,20130924,000000,6.89449,6.89449,6.78116,6.89449,0,0
IZO_MV,D,20130925,000000,6.89449,7.10228,6.89449,7.10228,0,0
IZO_MV,D,20130926,000000,7.21561,7.21561,6.89449,7.21561,0,0
IZO_MV,D,20130927,000000,7.21561,7.21561,6.89449,6.89449,0,0
IZO_MV,D,20130930,000000,6.99838,7.10228,6.89449,7.10228,0,0
IZO_MV,D,20131001,000000,7.10228,7.21561,7.10228,7.21561,0,0
IZO_MV,D,20131002,000000,7.21561,7.21561,7.21561,7.21561,0,0
IZO_MV,D,20131003,000000,7.21561,7.21561,7.21561,7.21561,0,0
IZO_MV,D,20131004,000000,7.21561,7.21561,6.99838,7.21561,0,0
IZO_MV,D,20131007,000000,7.21561,7.21561,6.99838,7.21561,0,0
IZO_MV,D,20131008,000000,7.21561,7.21561,6.89449,7.10228,0,0
IZO_MV,D,20131009,000000,7.10228,7.10228,6.89449,7.10228,0,0
IZO_MV,D,20131010,000000,7.10228,7.10228,6.99838,7.10228,0,0
IZO_MV,D,20131011,000000,6.99838,7.21561,6.99838,7.21561,0,0
IZO_MV,D,20131014,000000,7.21561,7.21561,7.10228,7.10228,0,0
IZO_MV,D,20131015,000000,7.10228,7.75395,7.10228,7.43283,0,0
IZO_MV,D,20131016,000000,7.43283,7.43283,7.21561,7.43283,0,0
IZO_MV,D,20131017,000000,7.43283,7.43283,7.43283,7.43283,0,0
IZO_MV,D,20131018,000000,7.43283,7.43283,7.31949,7.43283,0,0
IZO_MV,D,20131021,000000,7.43283,7.75395,7.43283,7.75395,0,0
IZO_MV,D,20131022,000000,7.75395,7.75395,7.43283,7.64061,0,0
IZO_MV,D,20131023,000000,7.53672,7.64061,7.53672,7.64061,0,0
IZO_MV,D,20131024,000000,7.64061,7.97116,7.64061,7.64061,0,0
IZO_MV,D,20131025,000000,7.75395,7.97116,7.75395,7.97116,0,0
IZO_MV,D,20131028,000000,7.97116,9.58617,7.97116,8.5095,0,0
IZO_MV,D,20131029,000000,8.61339,8.83062,8.29228,8.29228,0,0
IZO_MV,D,20131030,000000,8.29228,8.39617,7.97116,8.39617,0,0
IZO_MV,D,20131031,000000,8.39617,8.39617,8.17895,8.29228,0,0
IZO_MV,D,20131104,000000,8.07506,8.29228,7.75395,8.07506,0,0
IZO_MV,D,20131105,000000,8.07506,8.07506,7.64061,7.64061,0,0
IZO_MV,D,20131106,000000,7.85783,8.17895,7.85783,8.17895,0,0
IZO_MV,D,20131107,000000,8.07506,8.17895,7.97116,8.07506,0,0
IZO_MV,D,20131108,000000,8.07506,8.07506,8.07506,8.07506,0,0
IZO_MV,D,20131112,000000,8.07506,8.07506,7.75395,8.07506,0,0
IZO_MV,D,20131113,000000,8.07506,8.07506,7.43283,7.53672,0,0
IZO_MV,D,20131114,000000,7.53672,7.64061,7.53672,7.64061,0,0
IZO_MV,D,20131115,000000,7.64061,7.75395,7.64061,7.75395,0,0
IZO_MV,D,20131118,000000,7.64061,7.64061,7.53672,7.64061,0,0
IZO_MV,D,20131119,000000,7.64061,7.64061,7.64061,7.64061,0,0
IZO_MV,D,20131120,000000,7.75395,7.75395,7.64061,7.64061,0,0
IZO_MV,D,20131121,000000,7.75395,7.75395,7.53672,7.75395,0,0
IZO_MV,D,20131122,000000,7.75395,7.75395,7.75395,7.75395,0,0
IZO_MV,D,20131125,000000,7.75395,7.75395,7.31949,7.75395,0,0
IZO_MV,D,20131126,000000,7.75395,7.75395,7.53672,7.75395,0,0
IZO_MV,D,20131127,000000,7.75395,7.97116,7.75395,7.75395,0,0
IZO_MV,D,20131128,000000,7.97116,7.97116,7.64061,7.75395,0,0
IZO_MV,D,20131129,000000,7.75395,8.07506,7.43283,8.07506,0,0
IZO_MV,D,20131202,000000,7.97116,7.97116,7.75395,7.75395,0,0
IZO_MV,D,20131203,000000,7.75395,7.75395,7.64061,7.64061,0,0
IZO_MV,D,20131204,000000,7.43283,8.07506,7.43283,8.07506,0,0
IZO_MV,D,20131205,000000,8.07506,8.07506,7.53672,8.07506,0,0
IZO_MV,D,20131206,000000,8.07506,8.07506,7.53672,7.75395,0,0
IZO_MV,D,20131209,000000,7.85783,8.07506,7.53672,7.97116,0,0
IZO_MV,D,20131210,000000,7.97116,7.97116,7.97116,7.97116,0,0
IZO_MV,D,20131211,000000,7.97116,8.07506,7.53672,8.07506,0,0
IZO_MV,D,20131212,000000,8.07506,8.07506,7.85783,8.07506,0,0
IZO_MV,D,20131213,000000,8.07506,8.07506,7.75395,8.07506,0,0
IZO_MV,D,20131216,000000,7.97116,7.97116,7.43283,7.85783,0,0
IZO_MV,D,20131217,000000,7.75395,7.85783,7.21561,7.53672,0,0
IZO_MV,D,20131218,000000,7.53672,7.53672,7.21561,7.43283,0,0
IZO_MV,D,20131219,000000,7.53672,7.75395,7.31949,7.75395,0,0
IZO_MV,D,20131220,000000,7.75395,7.75395,7.31949,7.64061,0,0
IZO_MV,D,20131223,000000,7.53672,7.64061,7.43283,7.53672,0,0
IZO_MV,D,20131227,000000,7.75395,7.75395,7.75395,7.75395,0,0
IZO_MV,D,20131230,000000,7.31949,7.75395,7.31949,7.53672,0,0
IZO_MV,D,20140102,000000,8.07506,8.07506,7.85783,7.85783,0,0
IZO_MV,D,20140103,000000,7.64061,7.64061,7.43283,7.64061,0,0
IZO_MV,D,20140107,000000,7.85783,7.85783,7.75395,7.85783,0,0
IZO_MV,D,20140108,000000,7.85783,7.97116,7.64061,7.97116,0,0
IZO_MV,D,20140109,000000,7.97116,8.07506,7.75395,8.07506,0,0
IZO_MV,D,20140110,000000,7.64061,8.07506,7.31949,8.07506,0,0
IZO_MV,D,20140113,000000,7.64061,7.75395,7.21561,7.31949,0,0
IZO_MV,D,20140114,000000,7.53672,7.53672,7.31949,7.31949,0,0
IZO_MV,D,20140115,000000,7.53672,7.53672,6.78116,7.21561,0,0
IZO_MV,D,20140116,000000,7.21561,7.31949,7.21561,7.31949,0,0
IZO_MV,D,20140117,000000,7.31949,7.31949,7.31949,7.31949,0,0
IZO_MV,D,20140120,000000,7.21561,7.21561,7.21561,7.21561,0,0
IZO_MV,D,20140121,000000,7.21561,7.64061,7.21561,7.64061,0,0
IZO_MV,D,20140122,000000,7.75395,7.75395,7.64061,7.75395,0,0
IZO_MV,D,20140123,000000,7.75395,7.75395,7.10228,7.21561,0,0
IZO_MV,D,20140124,000000,7.21561,7.64061,7.21561,7.21561,0,0
IZO_MV,D,20140127,000000,7.21561,7.75395,7.21561,7.21561,0,0
IZO_MV,D,20140128,000000,7.31949,7.64061,7.10228,7.21561,0,0
IZO_MV,D,20140129,000000,7.10228,7.21561,7.10228,7.10228,0,0
IZO_MV,D,20140130,000000,7.10228,7.31949,6.99838,6.99838,0,0
IZO_MV,D,20140131,000000,7.10228,7.31949,7.10228,7.31949,0,0
IZO_MV,D,20140203,000000,7.43283,7.43283,6.99838,7.10228,0,0
IZO_MV,D,20140204,000000,6.99838,7.21561,6.99838,7.21561,0,0
IZO_MV,D,20140205,000000,7.21561,7.21561,6.99838,7.21561,0,0
IZO_MV,D,20140206,000000,7.21561,7.43283,6.99838,7.21561,0,0
IZO_MV,D,20140207,000000,7.21561,7.21561,6.99838,7.21561,0,0
IZO_MV,D,20140210,000000,7.21561,7.21561,6.89449,7.10228,0,0
IZO_MV,D,20140211,000000,7.10228,7.31949,7.10228,7.31949,0,0
IZO_MV,D,20140212,000000,7.53672,8.9345,7.21561,8.9345,0,0
IZO_MV,D,20140213,000000,9.04784,9.04784,8.17895,8.39617,0,0
IZO_MV,D,20140214,000000,8.29228,8.71729,8.07506,8.5095,0,0
IZO_MV,D,20140217,000000,8.17895,8.29228,7.97116,8.29228,0,0
IZO_MV,D,20140218,000000,8.29228,8.29228,8.17895,8.17895,0,0
IZO_MV,D,20140219,000000,8.39617,8.5095,7.97116,8.5095,0,0
IZO_MV,D,20140220,000000,8.5095,8.5095,8.07506,8.39617,0,0
IZO_MV,D,20140221,000000,8.5095,8.5095,7.97116,7.97116,0,0
IZO_MV,D,20140224,000000,7.97116,8.29228,7.97116,8.17895,0,0
IZO_MV,D,20140225,000000,8.17895,8.17895,8.17895,8.17895,0,0
IZO_MV,D,20140226,000000,8.17895,8.29228,8.17895,8.29228,0,0
IZO_MV,D,20140227,000000,8.29228,8.29228,8.17895,8.17895,0,0
IZO_MV,D,20140228,000000,7.97116,8.39617,7.97116,8.29228,0,0
IZO_MV,D,20140303,000000,7.97116,7.97116,7.21561,7.21561,0,0
IZO_MV,D,20140304,000000,7.21561,7.53672,7.21561,7.53672,0,0
IZO_MV,D,20140305,000000,7.53672,7.64061,7.43283,7.43283,0,0
IZO_MV,D,20140306,000000,7.64061,7.64061,7.43283,7.53672,0,0
IZO_MV,D,20140307,000000,7.53672,7.53672,7.21561,7.21561,0,0
IZO_MV,D,20140310,000000,7.21561,7.31949,7.21561,7.21561,0,0
IZO_MV,D,20140311,000000,7.21561,7.21561,7.10228,7.10228,0,0
IZO_MV,D,20140312,000000,7.10228,7.64061,7.10228,7.64061,0,0
IZO_MV,D,20140313,000000,7.64061,7.64061,7.43283,7.43283,0,0
IZO_MV,D,20140314,000000,7.43283,7.43283,7.21561,7.21561,0,0
IZO_MV,D,20140317,000000,7.21561,7.75395,7.21561,7.75395,0,0
IZO_MV,D,20140318,000000,7.97116,7.97116,7.97116,7.97116,0,0
IZO_MV,D,20140319,000000,7.97116,7.97116,7.64061,7.64061,0,0
IZO_MV,D,20140320,000000,7.97116,7.97116,7.64061,7.97116,0,0
IZO_MV,D,20140321,000000,7.64061,7.85783,7.31949,7.43283,0,0
IZO_MV,D,20140324,000000,7.53672,7.53672,7.53672,7.53672,0,0
IZO_MV,D,20140325,000000,7.53672,7.85783,7.53672,7.85783,0,0
IZO_MV,D,20140326,000000,7.75395,7.85783,7.75395,7.85783,0,0
IZO_MV,D,20140331,000000,7.53672,7.85783,7.31949,7.31949,0,0
IZO_MV,D,20140401,000000,7.31949,7.75395,7.31949,7.75395,0,0
IZO_MV,D,20140402,000000,7.75395,7.85783,7.75395,7.85783,0,0
IZO_MV,D,20140403,000000,7.75395,7.75395,7.31949,7.53672,0,0
IZO_MV,D,20140404,000000,7.64061,7.64061,7.31949,7.64061,0,0
IZO_MV,D,20140407,000000,7.64061,7.64061,7.21561,7.53672,0,0
IZO_MV,D,20140408,000000,7.53672,7.53672,7.21561,7.43283,0,0
IZO_MV,D,20140409,000000,7.43283,7.64061,7.31949,7.53672,0,0
IZO_MV,D,20140410,000000,7.53672,7.53672,7.31949,7.43283,0,0
IZO_MV,D,20140411,000000,7.43283,7.43283,7.31949,7.43283,0,0
IZO_MV,D,20140414,000000,7.43283,7.64061,7.31949,7.53672,0,0
IZO_MV,D,20140415,000000,7.31949,7.53672,7.31949,7.43283,0,0
IZO_MV,D,20140416,000000,7.43283,7.53672,7.43283,7.53672,0,0
IZO_MV,D,20140417,000000,7.64061,7.64061,7.64061,7.64061,0,0
IZO_MV,D,20140422,000000,7.64061,7.64061,7.53672,7.53672,0,0
IZO_MV,D,20140423,000000,7.53672,7.53672,7.10228,7.31949,0,0
IZO_MV,D,20140424,000000,7.31949,7.31949,7.10228,7.31949,0,0
IZO_MV,D,20140425,000000,7.31949,7.31949,7.31949,7.31949,0,0
IZO_MV,D,20140428,000000,7.31949,7.31949,7.31949,7.31949,0,0
IZO_MV,D,20140429,000000,7.31949,7.31949,7.31949,7.31949,0,0
IZO_MV,D,20140430,000000,7.31949,7.31949,7.10228,7.31949,0,0
IZO_MV,D,20140502,000000,7.31949,7.31949,7.10228,7.31949,0,0
IZO_MV,D,20140505,000000,7.31949,7.31949,7.10228,7.21561,0,0
IZO_MV,D,20140506,000000,7.21561,7.21561,7.10228,7.21561,0,0
IZO_MV,D,20140507,000000,7.21561,7.21561,6.67727,6.89449,0,0
IZO_MV,D,20140508,000000,6.99838,7.10228,6.99838,7.10228,0,0
IZO_MV,D,20140509,000000,7.10228,7.31949,6.78116,6.89449,0,0
IZO_MV,D,20140512,000000,6.78116,6.78116,6.67727,6.67727,0,0
IZO_MV,D,20140513,000000,7.21561,7.21561,6.67727,7.21561,0,0
IZO_MV,D,20140514,000000,7.31949,7.31949,7.21561,7.31949,0,0
IZO_MV,D,20140515,000000,7.31949,7.31949,7.31949,7.31949,0,0
IZO_MV,D,20140516,000000,7.31949,7.53672,7.31949,7.53672,0,0
IZO_MV,D,20140519,000000,7.53672,7.53672,7.53672,7.53672,0,0
IZO_MV,D,20140520,000000,7.43283,7.43283,7.21561,7.43283,0,0
IZO_MV,D,20140521,000000,7.53672,7.53672,7.53672,7.53672,0,0
IZO_MV,D,20140522,000000,7.31949,7.53672,7.31949,7.53672,0,0
IZO_MV,D,20140523,000000,7.53672,7.53672,7.21561,7.53672,0,0
IZO_MV,D,20140527,000000,7.43283,7.53672,7.21561,7.43283,0,0
IZO_MV,D,20140528,000000,7.43283,7.43283,7.10228,7.21561,0,0
IZO_MV,D,20140529,000000,7.21561,7.21561,7.21561,7.21561,0,0
IZO_MV,D,20140530,000000,7.53672,7.53672,7.53672,7.53672,0,0
IZO_MV,D,20140602,000000,7.53672,7.53672,7.53672,7.53672,0,0
IZO_MV,D,20140603,000000,7.53672,7.53672,7.53672,7.53672,0,0
IZO_MV,D,20140604,000000,7.53672,7.53672,7.53672,7.53672,0,0
IZO_MV,D,20140605,000000,7.53672,7.53672,7.31949,7.43283,0,0
IZO_MV,D,20140606,000000,7.43283,7.53672,7.31949,7.53672,0,0
IZO_MV,D,20140609,000000,7.53672,7.53672,7.53672,7.53672,0,0
IZO_MV,D,20140610,000000,7.53672,7.53672,7.53672,7.53672,0,0
IZO_MV,D,20140611,000000,7.53672,7.53672,7.53672,7.53672,0,0
IZO_MV,D,20140612,000000,7.53672,7.53672,7.53672,7.53672,0,0
IZO_MV,D,20140613,000000,7.53672,7.53672,7.21561,7.53672,0,0
IZO_MV,D,20140616,000000,7.53672,7.53672,7.53672,7.53672,0,0
IZO_MV,D,20140617,000000,7.53672,7.53672,7.53672,7.53672,0,0
IZO_MV,D,20140618,000000,7.53672,7.53672,7.53672,7.53672,0,0
IZO_MV,D,20140620,000000,7.53672,7.53672,7.53672,7.53672,0,0
IZO_MV,D,20140623,000000,7.53672,7.53672,7.53672,7.53672,0,0
IZO_MV,D,20140624,000000,7.43283,7.43283,7.43283,7.43283,0,0
IZO_MV,D,20140625,000000,7.43283,7.43283,7.31949,7.43283,0,0
IZO_MV,D,20140626,000000,7.53672,7.53672,7.10228,7.53672,0,0
IZO_MV,D,20140627,000000,7.53672,7.53672,7.53672,7.53672,0,0
IZO_MV,D,20140630,000000,7.43283,7.43283,7.43283,7.43283,0,0
IZO_MV,D,20140701,000000,7.43283,7.43283,7.10228,7.43283,0,0
IZO_MV,D,20140702,000000,7.43283,7.43283,7.43283,7.43283,0,0
IZO_MV,D,20140703,000000,7.43283,7.43283,7.43283,7.43283,0,0
IZO_MV,D,20140704,000000,7.43283,7.43283,7.43283,7.43283,0,0
IZO_MV,D,20140709,000000,7.43283,7.53672,7.43283,7.53672,0,0
IZO_MV,D,20140710,000000,7.53672,7.53672,7.53672,7.53672,0,0
IZO_MV,D,20140711,000000,7.43283,7.43283,7.43283,7.43283,0,0
IZO_MV,D,20140714,000000,7.53672,7.53672,7.53672,7.53672,0,0
IZO_MV,D,20140715,000000,7.10228,7.10228,7.10228,7.10228,0,0
IZO_MV,D,20140716,000000,7.21561,7.43283,7.21561,7.43283,0,0
IZO_MV,D,20140717,000000,7.43283,7.43283,7.43283,7.43283,0,0
IZO_MV,D,20140718,000000,7.43283,7.43283,7.43283,7.43283,0,0
IZO_MV,D,20140721,000000,7.43283,7.43283,7.43283,7.43283,0,0
IZO_MV,D,20140722,000000,7.53672,7.53672,7.53672,7.53672,0,0
IZO_MV,D,20140723,000000,7.53672,7.53672,6.99838,7.31949,0,0
IZO_MV,D,20140724,000000,7.31949,7.31949,7.31949,7.31949,0,0
IZO_MV,D,20140725,000000,7.10228,7.21561,7.10228,7.21561,0,0
IZO_MV,D,20140728,000000,7.31949,7.31949,7.31949,7.31949,0,0
IZO_MV,D,20140729,000000,7.31949,7.31949,7.31949,7.31949,0,0
IZO_MV,D,20140730,000000,7.21561,7.21561,7.21561,7.21561,0,0
IZO_MV,D,20140731,000000,7.21561,7.21561,7.21561,7.21561,0,0
IZO_MV,D,20140801,000000,7.21561,7.21561,7.21561,7.21561,0,0
IZO_MV,D,20140804,000000,7.31949,7.31949,6.89449,7.31949,0,0
IZO_MV,D,20140805,000000,7.31949,7.31949,7.31949,7.31949,0,0
IZO_MV,D,20140806,000000,7.21561,7.21561,7.21561,7.21561,0,0
IZO_MV,D,20140807,000000,7.21561,7.21561,6.89449,6.89449,0,0
IZO_MV,D,20140808,000000,6.99838,6.99838,6.99838,6.99838,0,0
IZO_MV,D,20140811,000000,7.21561,7.21561,7.21561,7.21561,0,0
IZO_MV,D,20140812,000000,7.10228,7.10228,7.10228,7.10228,0,0
IZO_MV,D,20140813,000000,6.99838,6.99838,6.99838,6.99838,0,0
IZO_MV,D,20140814,000000,6.78116,7.10228,6.78116,7.10228,0,0
IZO_MV,D,20140818,000000,6.99838,6.99838,6.99838,6.99838,0,0
IZO_MV,D,20140819,000000,6.99838,6.99838,6.99838,6.99838,0,0
IZO_MV,D,20140820,000000,6.99838,6.99838,6.46005,6.56394,0,0
IZO_MV,D,20140821,000000,6.56394,6.78116,6.56394,6.78116,0,0
IZO_MV,D,20140822,000000,6.46005,6.56394,6.46005,6.56394,0,0
IZO_MV,D,20140825,000000,6.56394,6.78116,6.56394,6.78116,0,0
IZO_MV,D,20140826,000000,6.99838,6.99838,6.99838,6.99838,0,0
IZO_MV,D,20140827,000000,6.99838,6.99838,6.99838,6.99838,0,0
IZO_MV,D,20140828,000000,6.99838,6.99838,6.99838,6.99838,0,0
IZO_MV,D,20140829,000000,6.99838,6.99838,6.99838,6.99838,0,0
IZO_MV,D,20140901,000000,6.99838,6.99838,6.99838,6.99838,0,0
IZO_MV,D,20140902,000000,6.99838,6.99838,6.46005,6.46005,0,0
IZO_MV,D,20140903,000000,6.56394,6.78116,6.56394,6.78116,0,0
IZO_MV,D,20140904,000000,6.99838,6.99838,6.99838,6.99838,0,0
IZO_MV,D,20140905,000000,6.99838,6.99838,6.35615,6.78116,0,0
IZO_MV,D,20140908,000000,6.89449,6.89449,6.89449,6.89449,0,0
IZO_MV,D,20140909,000000,6.89449,6.89449,6.78116,6.78116,0,0
IZO_MV,D,20140910,000000,6.89449,6.89449,6.56394,6.56394,0,0
IZO_MV,D,20140925,000000,6.56394,6.56394,6.24282,6.49782,0,0
IZO_MV,D,20140926,000000,6.49782,6.49782,6.10115,6.42227,0,0
IZO_MV,D,20140929,000000,6.13893,6.13893,6.10115,6.10115,0,0
IZO_MV,D,20140930,000000,6.2806,6.2806,5.92171,6.10115,0,0
IZO_MV,D,20141001,000000,6.10115,6.10115,6.10115,6.10115,0,0
IZO_MV,D,20141002,000000,6.10115,6.10115,5.84615,6.10115,0,0
IZO_MV,D,20141003,000000,6.10115,6.10115,6.10115,6.10115,0,0
IZO_MV,D,20141006,000000,6.10115,6.10115,6.10115,6.10115,0,0
IZO_MV,D,20141007,000000,6.06338,6.06338,6.06338,6.06338,0,0
IZO_MV,D,20141008,000000,6.06338,6.06338,6.06338,6.06338,0,0
IZO_MV,D,20141009,000000,6.06338,6.06338,6.06338,6.06338,0,0
IZO_MV,D,20141010,000000,6.0256,6.0256,6.0256,6.0256,0,0
IZO_MV,D,20141013,000000,6.0256,6.0256,6.0256,6.0256,0,0
IZO_MV,D,20141014,000000,6.0256,6.0256,5.74227,5.92171,0,0
IZO_MV,D,20141015,000000,5.92171,5.92171,5.56281,5.88393,0,0
IZO_MV,D,20141016,000000,5.88393,5.88393,5.88393,5.88393,0,0
IZO_MV,D,20141017,000000,5.88393,5.88393,5.88393,5.88393,0,0
IZO_MV,D,20141020,000000,5.88393,5.88393,5.88393,5.88393,0,0
IZO_MV,D,20141021,000000,5.88393,5.88393,5.88393,5.88393,0,0
IZO_MV,D,20141022,000000,5.88393,5.88393,5.38337,5.38337,0,0
IZO_MV,D,20141023,000000,5.42115,5.42115,5.42115,5.42115,0,0
IZO_MV,D,20141024,000000,5.42115,5.45893,5.42115,5.45893,0,0
IZO_MV,D,20141027,000000,5.74227,6.10115,5.74227,5.81782,0,0
IZO_MV,D,20141028,000000,5.92171,6.49782,5.92171,6.49782,0,0
IZO_MV,D,20141029,000000,6.49782,6.49782,6.42227,6.42227,0,0
IZO_MV,D,20141030,000000,6.42227,6.42227,6.17671,6.42227,0,0
IZO_MV,D,20141031,000000,6.42227,6.42227,5.81782,5.81782,0,0
IZO_MV,D,20141103,000000,5.81782,5.88393,5.78004,5.88393,0,0
IZO_MV,D,20141104,000000,5.78004,5.78004,5.63837,5.78004,0,0
IZO_MV,D,20141105,000000,5.88393,5.88393,5.88393,5.88393,0,0
IZO_MV,D,20141106,000000,5.63837,5.74227,5.63837,5.74227,0,0
IZO_MV,D,20141107,000000,5.66671,5.66671,5.66671,5.66671,0,0
IZO_MV,D,20141110,000000,5.74227,6.0256,5.74227,6.0256,0,0
IZO_MV,D,20141112,000000,6.0256,6.10115,6.0256,6.0256,0,0
IZO_MV,D,20141113,000000,6.0256,6.0256,6.0256,6.0256,0,0
IZO_MV,D,20141114,000000,6.0256,6.0256,5.70448,5.74227,0,0
IZO_MV,D,20141117,000000,5.74227,6.0256,5.74227,5.78004,0,0
IZO_MV,D,20141118,000000,5.78004,5.99727,5.78004,5.99727,0,0
IZO_MV,D,20141119,000000,5.99727,6.24282,5.78004,6.24282,0,0
IZO_MV,D,20141120,000000,6.46005,6.46005,6.46005,6.46005,0,0
IZO_MV,D,20141121,000000,6.42227,6.42227,6.42227,6.42227,0,0
IZO_MV,D,20141124,000000,6.46005,6.46005,6.13893,6.2806,0,0
IZO_MV,D,20141125,000000,6.46005,6.46005,6.46005,6.46005,0,0
IZO_MV,D,20141126,000000,6.46005,6.46005,6.10115,6.2806,0,0
IZO_MV,D,20141127,000000,6.46005,6.46005,6.46005,6.46005,0,0
IZO_MV,D,20141128,000000,6.31838,6.46005,6.0256,6.31838,0,0
IZO_MV,D,20141201,000000,6.46005,6.46005,6.10115,6.10115,0,0
IZO_MV,D,20141202,000000,6.24282,6.24282,6.0256,6.24282,0,0
IZO_MV,D,20141203,000000,6.42227,6.42227,6.42227,6.42227,0,0
IZO_MV,D,20141204,000000,6.46005,6.46005,6.46005,6.46005,0,0
IZO_MV,D,20141205,000000,6.31838,6.31838,6.31838,6.31838,0,0
IZO_MV,D,20141208,000000,6.38449,6.38449,6.38449,6.38449,0,0
IZO_MV,D,20141209,000000,6.10115,6.38449,5.78004,5.81782,0,0
IZO_MV,D,20141210,000000,5.81782,5.92171,5.81782,5.92171,0,0
IZO_MV,D,20141211,000000,5.81782,5.81782,5.81782,5.81782,0,0
IZO_MV,D,20141212,000000,5.81782,5.81782,5.81782,5.81782,0,0
IZO_MV,D,20141215,000000,5.81782,6.10115,5.81782,6.10115,0,0
IZO_MV,D,20141216,000000,6.06338,6.10115,5.81782,5.81782,0,0
IZO_MV,D,20141217,000000,5.81782,5.81782,5.81782,5.81782,0,0
IZO_MV,D,20141218,000000,5.81782,5.81782,5.81782,5.81782,0,0
IZO_MV,D,20141219,000000,5.81782,5.84615,5.81782,5.84615,0,0
IZO_MV,D,20141222,000000,5.92171,5.92171,5.81782,5.92171,0,0
IZO_MV,D,20141223,000000,5.92171,5.92171,5.92171,5.92171,0,0
IZO_MV,D,20141229,000000,6.10115,6.10115,6.10115,6.10115,0,0
IZO_MV,D,20141230,000000,6.10115,6.10115,6.10115,6.10115,0,0
IZO_MV,D,20150102,000000,6.38449,6.38449,6.38449,6.38449,0,0
IZO_MV,D,20150105,000000,6.2806,6.2806,6.2806,6.2806,0,0
IZO_MV,D,20150107,000000,6.38449,6.38449,5.92171,5.92171,0,0
IZO_MV,D,20150108,000000,5.92171,6.10115,5.92171,6.10115,0,0
IZO_MV,D,20150109,000000,6.10115,6.10115,5.92171,6.10115,0,0
IZO_MV,D,20150112,000000,6.10115,6.10115,5.92171,5.92171,0,0
IZO_MV,D,20150113,000000,6.10115,6.10115,5.66671,5.74227,0,0
IZO_MV,D,20150114,000000,5.74227,5.74227,5.74227,5.74227,0,0
IZO_MV,D,20150115,000000,5.74227,5.74227,5.74227,5.74227,0,0
IZO_MV,D,20150119,000000,5.74227,5.74227,5.74227,5.74227,0,0
IZO_MV,D,20150120,000000,5.78004,5.78004,5.78004,5.78004,0,0
IZO_MV,D,20150121,000000,5.81782,5.81782,5.81782,5.81782,0,0
IZO_MV,D,20150122,000000,5.78004,5.78004,5.78004,5.78004,0,0
IZO_MV,D,20150123,000000,5.74227,5.81782,5.74227,5.78004,0,0
IZO_MV,D,20150126,000000,5.78004,5.78004,5.45893,5.45893,0,0
IZO_MV,D,20150127,000000,5.70448,5.74227,5.42115,5.74227,0,0
IZO_MV,D,20150129,000000,5.92171,5.92171,5.92171,5.92171,0,0
IZO_MV,D,20150130,000000,5.95948,6.2806,5.95948,6.2806,0,0
IZO_MV,D,20150202,000000,6.38449,6.49782,6.2806,6.2806,0,0
IZO_MV,D,20150203,000000,6.42227,6.42227,6.42227,6.42227,0,0
IZO_MV,D,20150204,000000,6.42227,6.42227,6.42227,6.42227,0,0
IZO_MV,D,20150205,000000,6.42227,6.42227,6.38449,6.38449,0,0
IZO_MV,D,20150206,000000,6.35615,6.35615,6.10115,6.2806,0,0
IZO_MV,D,20150209,000000,6.42227,6.42227,5.92171,5.92171,0,0
IZO_MV,D,20150210,000000,5.92171,6.24282,5.92171,6.24282,0,0
IZO_MV,D,20150211,000000,6.24282,6.24282,6.24282,6.24282,0,0
IZO_MV,D,20150212,000000,6.24282,6.24282,6.10115,6.10115,0,0
IZO_MV,D,20150213,000000,6.2806,6.2806,5.92171,6.10115,0,0
IZO_MV,D,20150216,000000,6.10115,6.10115,6.10115,6.10115,0,0
IZO_MV,D,20150217,000000,5.99727,5.99727,5.42115,5.84615,0,0
IZO_MV,D,20150218,000000,5.92171,5.92171,5.74227,5.92171,0,0
IZO_MV,D,20150219,000000,5.88393,5.88393,5.6006,5.6006,0,0
IZO_MV,D,20150220,000000,5.6006,5.88393,5.45893,5.56281,0,0
IZO_MV,D,20150223,000000,5.56281,5.84615,5.56281,5.84615,0,0
IZO_MV,D,20150224,000000,5.84615,5.88393,5.84615,5.88393,0,0
IZO_MV,D,20150225,000000,5.88393,5.88393,5.6006,5.84615,0,0
IZO_MV,D,20150226,000000,5.84615,5.84615,5.6006,5.84615,0,0
IZO_MV,D,20150227,000000,5.84615,5.84615,5.6006,5.81782,0,0
IZO_MV,D,20150302,000000,5.78004,5.84615,5.78004,5.84615,0,0
IZO_MV,D,20150303,000000,5.84615,5.84615,5.6006,5.84615,0,0
IZO_MV,D,20150304,000000,5.84615,5.84615,5.74227,5.74227,0,0
IZO_MV,D,20150305,000000,5.84615,5.84615,5.74227,5.84615,0,0
IZO_MV,D,20150306,000000,5.74227,5.74227,5.6006,5.6006,0,0
IZO_MV,D,20150309,000000,5.6006,5.74227,5.45893,5.45893,0,0
IZO_MV,D,20150310,000000,5.70448,5.70448,5.52504,5.52504,0,0
IZO_MV,D,20150311,000000,5.63837,5.63837,5.63837,5.63837,0,0
IZO_MV,D,20150312,000000,5.63837,5.63837,5.63837,5.63837,0,0
IZO_MV,D,20150316,000000,5.48726,5.63837,5.48726,5.63837,0,0
IZO_MV,D,20150317,000000,5.63837,5.63837,5.42115,5.63837,0,0
IZO_MV,D,20150319,000000,5.66671,5.74227,5.66671,5.74227,0,0
IZO_MV,D,20150320,000000,5.74227,5.74227,5.70448,5.70448,0,0
IZO_MV,D,20150323,000000,5.84615,5.84615,5.84615,5.84615,0,0
IZO_MV,D,20150324,000000,5.84615,5.84615,5.84615,5.84615,0,0
IZO_MV,D,20150325,000000,5.84615,5.84615,5.45893,5.81782,0,0
IZO_MV,D,20150326,000000,5.78004,5.78004,5.38337,5.52504,0,0
IZO_MV,D,20150327,000000,5.52504,5.52504,5.52504,5.52504,0,0
IZO_MV,D,20150330,000000,5.52504,5.52504,5.52504,5.52504,0,0
IZO_MV,D,20150331,000000,5.52504,5.52504,5.52504,5.52504,0,0
IZO_MV,D,20150401,000000,5.48726,5.52504,5.48726,5.52504,0,0
IZO_MV,D,20150407,000000,5.52504,5.52504,5.52504,5.52504,0,0
IZO_MV,D,20150415,000000,5.52504,5.52504,5.52504,5.52504,0,0
IZO_MV,D,20150416,000000,5.48726,5.48726,5.20393,5.45893,0,0
IZO_MV,D,20150417,000000,5.45893,5.45893,5.45893,5.45893,0,0
IZO_MV,D,20150420,000000,5.45893,5.45893,5.30781,5.45893,0,0
IZO_MV,D,20150421,000000,5.45893,5.74227,5.30781,5.74227,0,0
IZO_MV,D,20150422,000000,5.74227,5.74227,5.56281,5.74227,0,0
IZO_MV,D,20150423,000000,5.74227,5.74227,5.74227,5.74227,0,0
IZO_MV,D,20150424,000000,5.74227,5.74227,5.74227,5.74227,0,0
IZO_MV,D,20150427,000000,5.74227,5.74227,5.74227,5.74227,0,0
IZO_MV,D,20150428,000000,5.74227,5.74227,5.74227,5.74227,0,0
IZO_MV,D,20150429,000000,5.74227,5.74227,5.74227,5.74227,0,0
IZO_MV,D,20150430,000000,5.74227,5.74227,5.74227,5.74227,0,0
IZO_MV,D,20150504,000000,5.74227,5.74227,5.74227,5.74227,0,0
IZO_MV,D,20150505,000000,5.74227,5.74227,5.74227,5.74227,0,0
IZO_MV,D,20150506,000000,5.74227,5.74227,5.48726,5.74227,0,0
IZO_MV,D,20150507,000000,5.48726,5.48726,5.48726,5.48726,0,0
IZO_MV,D,20150508,000000,5.48726,5.70448,5.48726,5.70448,0,0
IZO_MV,D,20150511,000000,5.70448,5.70448,5.70448,5.70448,0,0
IZO_MV,D,20150512,000000,5.70448,5.70448,5.70448,5.70448,0,0
IZO_MV,D,20150513,000000,5.70448,5.70448,5.70448,5.70448,0,0
IZO_MV,D,20150514,000000,5.70448,5.70448,5.70448,5.70448,0,0
IZO_MV,D,20150515,000000,5.70448,5.70448,5.48726,5.70448,0,0
IZO_MV,D,20150518,000000,5.70448,5.70448,5.70448,5.70448,0,0
IZO_MV,D,20150519,000000,5.70448,5.70448,5.70448,5.70448,0,0
IZO_MV,D,20150520,000000,5.70448,5.70448,5.48726,5.48726,0,0
IZO_MV,D,20150521,000000,5.45893,5.45893,5.45893,5.45893,0,0
IZO_MV,D,20150522,000000,5.45893,5.45893,5.45893,5.45893,0,0
IZO_MV,D,20150525,000000,5.45893,5.45893,5.45893,5.45893,0,0
IZO_MV,D,20150527,000000,5.70448,5.70448,5.70448,5.70448,0,0
IZO_MV,D,20150528,000000,5.48726,5.48726,5.45893,5.45893,0,0
IZO_MV,D,20150529,000000,5.45893,5.45893,5.45893,5.45893,0,0
IZO_MV,D,20150601,000000,5.45893,5.45893,5.45893,5.45893,0,0
IZO_MV,D,20150602,000000,5.45893,5.45893,5.10004,5.10004,0,0
IZO_MV,D,20150603,000000,5.20393,5.20393,5.20393,5.20393,0,0
IZO_MV,D,20150605,000000,5.20393,5.2417,5.20393,5.2417,0,0
IZO_MV,D,20150608,000000,5.2417,5.2417,5.2417,5.2417,0,0
IZO_MV,D,20150609,000000,5.2417,5.2417,5.2417,5.2417,0,0
IZO_MV,D,20150610,000000,5.2417,5.2417,5.2417,5.2417,0,0
IZO_MV,D,20150611,000000,5.2417,5.45893,5.2417,5.45893,0,0
IZO_MV,D,20150612,000000,5.30781,5.30781,4.94893,5.30781,0,0
IZO_MV,D,20150615,000000,5.20393,5.20393,5.20393,5.20393,0,0
IZO_MV,D,20150616,000000,5.30781,5.30781,5.30781,5.30781,0,0
IZO_MV,D,20150617,000000,5.30781,5.30781,5.30781,5.30781,0,0
IZO_MV,D,20150618,000000,5.30781,5.30781,5.30781,5.30781,0,0
IZO_MV,D,20150619,000000,5.20393,5.20393,5.20393,5.20393,0,0
IZO_MV,D,20150622,000000,5.20393,5.20393,5.20393,5.20393,0,0
IZO_MV,D,20150623,000000,5.20393,5.20393,5.02448,5.20393,0,0
IZO_MV,D,20150624,000000,5.02448,5.20393,5.02448,5.20393,0,0
IZO_MV,D,20150625,000000,5.20393,5.20393,5.20393,5.20393,0,0
IZO_MV,D,20150626,000000,5.20393,5.20393,5.20393,5.20393,0,0
IZO_MV,D,20150629,000000,5.02448,5.02448,5.02448,5.02448,0,0
IZO_MV,D,20150630,000000,5.20393,5.20393,5.02448,5.02448,0,0
IZO_MV,D,20150701,000000,5.20393,5.20393,5.20393,5.20393,0,0
IZO_MV,D,20150702,000000,5.20393,5.20393,5.20393,5.20393,0,0
IZO_MV,D,20150703,000000,5.20393,5.20393,5.20393,5.20393,0,0
IZO_MV,D,20150706,000000,5.20393,5.20393,4.70337,4.70337,0,0
IZO_MV,D,20150707,000000,4.66559,4.66559,4.66559,4.66559,0,0
IZO_MV,D,20150708,000000,4.66559,4.74114,4.66559,4.74114,0,0
IZO_MV,D,20150710,000000,4.66559,4.66559,4.66559,4.66559,0,0
IZO_MV,D,20150713,000000,4.66559,4.66559,4.66559,4.66559,0,0
IZO_MV,D,20150715,000000,4.66559,4.66559,4.66559,4.66559,0,0
IZO_MV,D,20150716,000000,4.66559,4.66559,4.66559,4.66559,0,0
IZO_MV,D,20150717,000000,4.5617,4.5617,4.5617,4.5617,0,0
IZO_MV,D,20150721,000000,4.66559,4.66559,4.66559,4.66559,0,0
IZO_MV,D,20150722,000000,4.66559,4.66559,4.3067,4.3067,0,0
IZO_MV,D,20150723,000000,4.3067,4.3067,4.26892,4.26892,0,0
IZO_MV,D,20150724,000000,4.26892,4.26892,4.26892,4.26892,0,0
IZO_MV,D,20150727,000000,4.26892,4.26892,4.26892,4.26892,0,0
IZO_MV,D,20150728,000000,4.26892,4.3067,3.9478,4.3067,0,0
IZO_MV,D,20150729,000000,4.23114,4.23114,4.2028,4.2028,0,0
IZO_MV,D,20150730,000000,4.23114,4.23114,4.23114,4.23114,0,0
IZO_MV,D,20150731,000000,4.23114,4.23114,4.23114,4.23114,0,0
IZO_MV,D,20150803,000000,4.23114,4.23114,4.08947,4.23114,0,0
IZO_MV,D,20150804,000000,4.23114,4.23114,4.23114,4.23114,0,0
IZO_MV,D,20150805,000000,4.26892,4.26892,4.26892,4.26892,0,0
IZO_MV,D,20150806,000000,4.26892,4.26892,3.9478,3.98559,0,0
IZO_MV,D,20150807,000000,4.23114,4.23114,3.98559,3.98559,0,0
IZO_MV,D,20150810,000000,4.02336,4.02336,4.02336,4.02336,0,0
IZO_MV,D,20150811,000000,4.02336,4.26892,4.02336,4.26892,0,0
IZO_MV,D,20150812,000000,4.26892,4.26892,4.26892,4.26892,0,0
IZO_MV,D,20150813,000000,4.26892,4.26892,4.26892,4.26892,0,0
IZO_MV,D,20150814,000000,4.26892,4.26892,4.26892,4.26892,0,0
IZO_MV,D,20150817,000000,4.26892,4.26892,4.26892,4.26892,0,0
IZO_MV,D,20150818,000000,4.26892,4.26892,4.26892,4.26892,0,0
IZO_MV,D,20150819,000000,4.23114,4.23114,3.98559,3.98559,0,0
IZO_MV,D,20150821,000000,4.23114,4.23114,4.23114,4.23114,0,0
IZO_MV,D,20150824,000000,4.16503,4.16503,3.98559,3.98559,0,0
IZO_MV,D,20150825,000000,3.98559,3.98559,3.98559,3.98559,0,0
IZO_MV,D,20150902,000000,3.98559,3.98559,3.98559,3.98559,0,0
IZO_MV,D,20150907,000000,3.80613,3.80613,3.80613,3.80613,0,0
IZO_MV,D,20150909,000000,3.9478,3.9478,3.9478,3.9478,0,0
IZO_MV,D,20150914,000000,3.9478,3.9478,3.84392,3.84392,0,0
IZO_MV,D,20150915,000000,3.84392,3.84392,3.84392,3.84392,0,0
IZO_MV,D,20150916,000000,3.9478,3.9478,3.84392,3.84392,0,0
IZO_MV,D,20150917,000000,3.84392,3.9478,3.84392,3.91003,0,0
IZO_MV,D,20150918,000000,3.9478,3.9478,3.9478,3.9478,0,0
IZO_MV,D,20150921,000000,4.08947,4.12725,4.08947,4.12725,0,0
IZO_MV,D,20150922,000000,4.23114,4.23114,4.23114,4.23114,0,0
IZO_MV,D,20150923,000000,4.2028,4.2028,4.2028,4.2028,0,0
IZO_MV,D,20150924,000000,4.16503,4.2028,4.16503,4.2028,0,0
IZO_MV,D,20150925,000000,3.84392,3.9478,3.84392,3.9478,0,0
IZO_MV,D,20150928,000000,3.9478,3.9478,3.9478,3.9478,0,0
IZO_MV,D,20150929,000000,3.84392,3.84392,3.84392,3.84392,0,0
IZO_MV,D,20150930,000000,3.84392,3.84392,3.84392,3.84392,0,0
IZO_MV,D,20151001,000000,3.84392,3.84392,3.84392,3.84392,0,0
IZO_MV,D,20151002,000000,3.84392,3.84392,3.84392,3.84392,0,0
IZO_MV,D,20151005,000000,3.84392,3.84392,3.84392,3.84392,0,0
IZO_MV,D,20151006,000000,3.84392,3.84392,3.84392,3.84392,0,0
IZO_MV,D,20151007,000000,3.84392,3.84392,3.84392,3.84392,0,0
IZO_MV,D,20151008,000000,3.87225,3.9478,3.87225,3.9478,0,0
IZO_MV,D,20151009,000000,3.9478,3.9478,3.9478,3.9478,0,0
IZO_MV,D,20151012,000000,3.98559,4.12725,3.98559,4.12725,0,0
IZO_MV,D,20151013,000000,4.05169,4.66559,4.05169,4.41059,0,0
IZO_MV,D,20151014,000000,4.62781,4.62781,4.48614,4.48614,0,0
IZO_MV,D,20151015,000000,4.59003,4.59003,4.44836,4.44836,0,0
IZO_MV,D,20151016,000000,4.44836,4.52392,4.44836,4.52392,0,0
IZO_MV,D,20151019,000000,4.48614,4.48614,4.48614,4.48614,0,0
IZO_MV,D,20151020,000000,4.48614,4.48614,4.48614,4.48614,0,0
IZO_MV,D,20151021,000000,4.48614,4.66559,4.48614,4.48614,0,0
IZO_MV,D,20151022,000000,4.48614,4.84503,4.48614,4.84503,0,0
IZO_MV,D,20151023,000000,4.84503,4.84503,4.84503,4.84503,0,0
IZO_MV,D,20151026,000000,4.84503,4.84503,4.84503,4.84503,0,0
IZO_MV,D,20151027,000000,4.84503,4.84503,4.84503,4.84503,0,0
IZO_MV,D,20151028,000000,4.84503,4.84503,4.84503,4.84503,0,0
IZO_MV,D,20151029,000000,4.80726,4.84503,4.80726,4.84503,0,0
IZO_MV,D,20151030,000000,4.84503,4.84503,4.84503,4.84503,0,0
IZO_MV,D,20151102,000000,4.84503,4.84503,4.84503,4.84503,0,0
IZO_MV,D,20151103,000000,4.84503,4.84503,4.59003,4.59003,0,0
IZO_MV,D,20151104,000000,4.66559,4.66559,4.66559,4.66559,0,0
IZO_MV,D,20151105,000000,4.66559,4.66559,4.66559,4.66559,0,0
IZO_MV,D,20151106,000000,4.66559,4.66559,4.48614,4.48614,0,0
IZO_MV,D,20151109,000000,4.66559,4.66559,4.44836,4.44836,0,0
IZO_MV,D,20151113,000000,4.44836,4.44836,4.44836,4.44836,0,0
IZO_MV,D,20151116,000000,4.48614,4.48614,4.3067,4.3067,0,0
IZO_MV,D,20151117,000000,4.3067,4.3067,4.12725,4.12725,0,0
IZO_MV,D,20151118,000000,4.12725,4.12725,4.12725,4.12725,0,0
IZO_MV,D,20151119,000000,4.3067,4.3067,4.3067,4.3067,0,0
IZO_MV,D,20151120,000000,4.16503,4.16503,4.16503,4.16503,0,0
IZO_MV,D,20151123,000000,4.16503,4.16503,4.16503,4.16503,0,0
IZO_MV,D,20151124,000000,4.3067,4.3067,4.3067,4.3067,0,0
IZO_MV,D,20151125,000000,4.3067,4.3067,4.3067,4.3067,0,0
IZO_MV,D,20151126,000000,4.3067,4.3067,4.16503,4.16503,0,0
IZO_MV,D,20151127,000000,4.3067,4.3067,4.3067,4.3067,0,0
IZO_MV,D,20151130,000000,4.3067,4.3067,4.16503,4.16503,0,0
IZO_MV,D,20151201,000000,4.16503,4.16503,4.16503,4.16503,0,0
IZO_MV,D,20151202,000000,4.16503,4.16503,4.16503,4.16503,0,0
IZO_MV,D,20151203,000000,4.16503,4.16503,4.16503,4.16503,0,0
IZO_MV,D,20151204,000000,4.16503,4.3067,4.12725,4.3067,0,0
IZO_MV,D,20151207,000000,4.3067,4.3067,4.3067,4.3067,0,0
IZO_MV,D,20151208,000000,4.3067,4.3067,4.3067,4.3067,0,0
IZO_MV,D,20151209,000000,4.3067,4.3067,4.3067,4.3067,0,0
IZO_MV,D,20151210,000000,4.3067,4.3067,4.3067,4.3067,0,0
IZO_MV,D,20151214,000000,4.48614,4.48614,3.9478,3.9478,0,0
IZO_MV,D,20151215,000000,3.98559,3.98559,3.98559,3.98559,0,0
IZO_MV,D,20151216,000000,3.98559,3.98559,3.98559,3.98559,0,0
IZO_MV,D,20151217,000000,3.98559,4.02336,3.98559,4.02336,0,0
IZO_MV,D,20151218,000000,4.02336,4.02336,4.02336,4.02336,0,0
IZO_MV,D,20151221,000000,4.02336,4.02336,3.98559,3.98559,0,0
IZO_MV,D,20151222,000000,3.98559,3.98559,3.9478,3.9478,0,0
IZO_MV,D,20151223,000000,4.3067,4.3067,3.98559,3.98559,0,0
IZO_MV,D,20151228,000000,3.9478,3.98559,3.9478,3.98559,0,0
IZO_MV,D,20151229,000000,3.98559,3.98559,3.98559,3.98559,0,0
IZO_MV,D,20151230,000000,3.98559,3.98559,3.98559,3.98559,0,0
IZO_MV,D,20160104,000000,3.9478,3.9478,3.9478,3.9478,0,0
IZO_MV,D,20160105,000000,3.9478,3.9478,3.87225,3.9478,0,0
IZO_MV,D,20160107,000000,3.9478,3.9478,3.9478,3.9478,0,0
IZO_MV,D,20160108,000000,3.9478,3.9478,3.9478,3.9478,0,0
IZO_MV,D,20160111,000000,3.9478,3.9478,3.76836,3.76836,0,0
IZO_MV,D,20160112,000000,3.9478,3.9478,3.9478,3.9478,0,0
IZO_MV,D,20160113,000000,3.9478,3.9478,3.76836,3.76836,0,0
IZO_MV,D,20160114,000000,3.87225,3.9478,3.87225,3.9478,0,0
IZO_MV,D,20160115,000000,3.9478,3.9478,3.9478,3.9478,0,0
IZO_MV,D,20160118,000000,3.87225,3.87225,3.87225,3.87225,0,0
IZO_MV,D,20160119,000000,3.87225,3.9478,3.87225,3.9478,0,0
IZO_MV,D,20160120,000000,3.87225,3.87225,3.76836,3.76836,0,0
IZO_MV,D,20160121,000000,4.08947,4.08947,4.08947,4.08947,0,0
IZO_MV,D,20160122,000000,4.08947,4.08947,4.08947,4.08947,0,0
IZO_MV,D,20160125,000000,4.08947,4.08947,3.80613,3.80613,0,0
IZO_MV,D,20160126,000000,3.87225,3.87225,3.87225,3.87225,0,0
IZO_MV,D,20160127,000000,3.87225,3.87225,3.87225,3.87225,0,0
IZO_MV,D,20160128,000000,3.87225,3.87225,3.87225,3.87225,0,0
IZO_MV,D,20160129,000000,3.87225,3.87225,3.87225,3.87225,0,0
IZO_MV,D,20160201,000000,3.87225,3.87225,3.87225,3.87225,0,0
IZO_MV,D,20160202,000000,4.08947,4.08947,3.87225,3.87225,0,0
IZO_MV,D,20160203,000000,3.80613,3.80613,3.76836,3.76836,0,0
IZO_MV,D,20160204,000000,3.84392,3.84392,3.84392,3.84392,0,0
IZO_MV,D,20160205,000000,3.84392,3.84392,3.84392,3.84392,0,0
IZO_MV,D,20160208,000000,3.84392,3.84392,3.84392,3.84392,0,0
IZO_MV,D,20160209,000000,3.84392,3.84392,3.84392,3.84392,0,0
IZO_MV,D,20160210,000000,3.84392,3.84392,3.84392,3.84392,0,0
IZO_MV,D,20160211,000000,3.84392,3.84392,3.84392,3.84392,0,0
IZO_MV,D,20160212,000000,3.84392,3.84392,3.84392,3.84392,0,0
IZO_MV,D,20160215,000000,3.84392,3.84392,3.76836,3.76836,0,0
IZO_MV,D,20160217,000000,3.76836,3.76836,3.76836,3.76836,0,0
IZO_MV,D,20160218,000000,3.76836,3.76836,3.76836,3.76836,0,0
IZO_MV,D,20160223,000000,3.76836,3.76836,3.76836,3.76836,0,0
IZO_MV,D,20160224,000000,3.91003,3.91003,3.91003,3.91003,0,0
IZO_MV,D,20160225,000000,3.91003,3.9478,3.76836,3.9478,0,0
IZO_MV,D,20160226,000000,4.08947,4.08947,4.08947,4.08947,0,0
IZO_MV,D,20160229,000000,4.08947,4.08947,4.08947,4.08947,0,0
IZO_MV,D,20160301,000000,4.08947,4.08947,4.08947,4.08947,0,0
IZO_MV,D,20160302,000000,3.98559,3.98559,3.76836,3.76836,0,0
IZO_MV,D,20160303,000000,3.76836,3.76836,3.76836,3.76836,0,0
IZO_MV,D,20160304,000000,3.76836,3.76836,3.76836,3.76836,0,0
IZO_MV,D,20160307,000000,3.76836,3.76836,3.58892,3.76836,0,0
IZO_MV,D,20160308,000000,3.87225,3.87225,3.66447,3.66447,0,0
IZO_MV,D,20160309,000000,3.76836,3.76836,3.76836,3.76836,0,0
IZO_MV,D,20160310,000000,3.76836,3.91003,3.76836,3.76836,0,0
IZO_MV,D,20160314,000000,4.05169,4.05169,3.73058,4.05169,0,0
IZO_MV,D,20160315,000000,4.08947,4.08947,3.76836,4.02336,0,0
IZO_MV,D,20160316,000000,4.05169,4.05169,4.05169,4.05169,0,0
IZO_MV,D,20160317,000000,4.05169,4.05169,4.05169,4.05169,0,0
IZO_MV,D,20160318,000000,4.08947,4.12725,4.08947,4.12725,0,0
IZO_MV,D,20160321,000000,4.12725,4.92059,4.12725,4.92059,0,0
IZO_MV,D,20160322,000000,4.88281,4.88281,4.66559,4.84503,0,0
IZO_MV,D,20160323,000000,4.80726,4.80726,4.48614,4.66559,0,0
IZO_MV,D,20160324,000000,4.84503,4.84503,4.84503,4.84503,0,0
IZO_MV,D,20160329,000000,4.59003,4.84503,4.59003,4.84503,0,0
IZO_MV,D,20160330,000000,4.92059,4.92059,4.66559,4.66559,0,0
IZO_MV,D,20160331,000000,4.66559,4.92059,4.66559,4.92059,0,0
IZO_MV,D,20160401,000000,4.92059,4.92059,4.74114,4.92059,0,0
IZO_MV,D,20160404,000000,4.92059,4.92059,4.74114,4.92059,0,0
IZO_MV,D,20160405,000000,4.92059,4.92059,4.92059,4.92059,0,0
IZO_MV,D,20160406,000000,4.92059,4.92059,4.92059,4.92059,0,0
IZO_MV,D,20160407,000000,4.92059,4.92059,4.84503,4.84503,0,0
IZO_MV,D,20160408,000000,4.80726,4.80726,4.80726,4.80726,0,0
IZO_MV,D,20160411,000000,4.88281,4.88281,4.88281,4.88281,0,0
IZO_MV,D,20160412,000000,4.88281,4.88281,4.88281,4.88281,0,0
IZO_MV,D,20160413,000000,4.84503,4.92059,4.84503,4.92059,0,0
IZO_MV,D,20160414,000000,4.92059,5.02448,4.66559,4.88281,0,0
IZO_MV,D,20160415,000000,4.66559,4.92059,4.66559,4.92059,0,0
IZO_MV,D,20160418,000000,4.92059,4.92059,4.92059,4.92059,0,0
IZO_MV,D,20160419,000000,4.88281,4.88281,4.84503,4.88281,0,0
IZO_MV,D,20160420,000000,4.88281,4.88281,4.88281,4.88281,0,0
IZO_MV,D,20160421,000000,4.88281,4.88281,4.88281,4.88281,0,0
IZO_MV,D,20160422,000000,4.88281,5.02448,4.88281,5.02448,0,0
IZO_MV,D,20160425,000000,4.94893,5.02448,4.94893,4.94893,0,0
IZO_MV,D,20160426,000000,4.94893,4.94893,4.94893,4.94893,0,0
IZO_MV,D,20160427,000000,4.94893,5.02448,4.84503,5.02448,0,0
IZO_MV,D,20160428,000000,5.02448,5.20393,5.02448,5.20393,0,0
IZO_MV,D,20160429,000000,5.20393,5.20393,5.02448,5.02448,0,0
IZO_MV,D,20160502,000000,5.06226,5.20393,5.06226,5.20393,0,0
IZO_MV,D,20160504,000000,5.38337,5.52504,5.38337,5.52504,0,0
IZO_MV,D,20160505,000000,5.52504,5.52504,5.45893,5.45893,0,0
IZO_MV,D,20160506,000000,5.45893,5.48726,5.20393,5.2417,0,0
IZO_MV,D,20160509,000000,5.20393,5.20393,5.20393,5.20393,0,0
IZO_MV,D,20160510,000000,5.20393,5.20393,5.20393,5.20393,0,0
IZO_MV,D,20160511,000000,5.52504,5.70448,5.48726,5.70448,0,0
IZO_MV,D,20160512,000000,5.66671,5.78004,5.66671,5.78004,0,0
IZO_MV,D,20160513,000000,5.78004,5.78004,5.56281,5.74227,0,0
IZO_MV,D,20160516,000000,5.74227,5.78004,5.74227,5.74227,0,0
IZO_MV,D,20160517,000000,5.70448,5.74227,5.45893,5.74227,0,0
IZO_MV,D,20160518,000000,5.74227,5.74227,5.56281,5.66671,0,0
IZO_MV,D,20160519,000000,5.70448,5.70448,5.70448,5.70448,0,0
IZO_MV,D,20160520,000000,5.70448,5.70448,5.70448,5.70448,0,0
IZO_MV,D,20160523,000000,5.70448,5.70448,5.70448,5.70448,0,0
IZO_MV,D,20160524,000000,5.70448,5.74227,5.56281,5.56281,0,0
IZO_MV,D,20160525,000000,5.56281,5.78004,5.56281,5.56281,0,0
IZO_MV,D,20160527,000000,5.56281,5.56281,5.56281,5.56281,0,0
IZO_MV,D,20160530,000000,5.56281,5.56281,5.56281,5.56281,0,0
IZO_MV,D,20160531,000000,5.56281,5.56281,5.56281,5.56281,0,0
IZO_MV,D,20160601,000000,5.56281,5.70448,5.56281,5.70448,0,0
IZO_MV,D,20160602,000000,5.70448,5.70448,5.38337,5.38337,0,0
IZO_MV,D,20160603,000000,5.38337,5.56281,5.38337,5.38337,0,0
IZO_MV,D,20160606,000000,5.38337,5.38337,5.2417,5.2417,0,0
IZO_MV,D,20160607,000000,5.2417,5.48726,5.2417,5.48726,0,0
IZO_MV,D,20160608,000000,5.48726,5.48726,5.2417,5.2417,0,0
IZO_MV,D,20160609,000000,5.27948,5.48726,5.2417,5.2417,0,0
IZO_MV,D,20160610,000000,5.45893,5.45893,5.45893,5.45893,0,0
IZO_MV,D,20160613,000000,5.45893,5.45893,5.38337,5.38337,0,0
IZO_MV,D,20160614,000000,5.38337,5.38337,5.38337,5.38337,0,0
IZO_MV,D,20160615,000000,5.38337,5.45893,5.38337,5.45893,0,0
IZO_MV,D,20160616,000000,5.42115,5.42115,5.02448,5.38337,0,0
IZO_MV,D,20160617,000000,5.38337,5.38337,5.38337,5.38337,0,0
IZO_MV,D,20160620,000000,5.38337,5.38337,5.38337,5.38337,0,0
IZO_MV,D,20160621,000000,5.38337,5.45893,5.38337,5.45893,0,0
IZO_MV,D,20160622,000000,5.45893,5.56281,5.45893,5.56281,0,0
IZO_MV,D,20160623,000000,5.56281,5.56281,5.56281,5.56281,0,0
IZO_MV,D,20160624,000000,5.30781,5.30781,5.12837,5.27948,0,0
IZO_MV,D,20160627,000000,5.27948,5.45893,5.20393,5.45893,0,0
IZO_MV,D,20160628,000000,5.45893,5.45893,5.45893,5.45893,0,0
IZO_MV,D,20160629,000000,5.45893,5.74227,5.45893,5.52504,0,0
IZO_MV,D,20160630,000000,5.52504,5.70448,5.52504,5.6006,0,0
IZO_MV,D,20160701,000000,5.70448,5.70448,5.70448,5.70448,0,0
IZO_MV,D,20160704,000000,5.70448,5.70448,5.70448,5.70448,0,0
IZO_MV,D,20160705,000000,5.70448,5.70448,5.70448,5.70448,0,0
IZO_MV,D,20160706,000000,5.70448,5.70448,5.70448,5.70448,0,0
IZO_MV,D,20160707,000000,5.70448,5.70448,5.70448,5.70448,0,0
IZO_MV,D,20160708,000000,5.70448,5.81782,5.70448,5.70448,0,0
IZO_MV,D,20160711,000000,5.81782,5.81782,5.48726,5.48726,0,0
IZO_MV,D,20160712,000000,5.48726,5.48726,5.27948,5.27948,0,0
IZO_MV,D,20160713,000000,5.27948,5.27948,5.27948,5.27948,0,0
IZO_MV,D,20160714,000000,5.27948,5.30781,5.27948,5.30781,0,0
IZO_MV,D,20160715,000000,5.30781,5.30781,4.84503,5.27948,0,0
IZO_MV,D,20160718,000000,5.27948,5.27948,5.27948,5.27948,0,0
IZO_MV,D,20160719,000000,5.27948,5.27948,5.27948,5.27948,0,0
IZO_MV,D,20160720,000000,5.27948,5.27948,5.06226,5.06226,0,0
IZO_MV,D,20160721,000000,5.10004,5.27948,5.10004,5.27948,0,0
IZO_MV,D,20160722,000000,5.20393,5.20393,5.20393,5.20393,0,0
IZO_MV,D,20160725,000000,5.20393,5.20393,5.20393,5.20393,0,0
IZO_MV,D,20160726,000000,5.20393,5.48726,5.20393,5.20393,0,0
IZO_MV,D,20160727,000000,5.20393,5.20393,5.20393,5.20393,0,0
IZO_MV,D,20160728,000000,5.20393,5.20393,5.20393,5.20393,0,0
IZO_MV,D,20160729,000000,5.20393,5.20393,5.20393,5.20393,0,0
IZO_MV,D,20160801,000000,5.48726,5.81782,5.3456,5.3456,0,0
IZO_MV,D,20160802,000000,5.38337,5.38337,5.38337,5.38337,0,0
IZO_MV,D,20160803,000000,5.38337,5.70448,5.38337,5.70448,0,0
IZO_MV,D,20160804,000000,5.70448,5.70448,5.70448,5.70448,0,0
IZO_MV,D,20160805,000000,5.70448,5.78004,5.45893,5.78004,0,0
IZO_MV,D,20160808,000000,5.78004,5.78004,5.78004,5.78004,0,0
IZO_MV,D,20160809,000000,5.78004,5.78004,5.74227,5.74227,0,0
IZO_MV,D,20160810,000000,5.78004,5.78004,5.78004,5.78004,0,0
IZO_MV,D,20160811,000000,5.78004,5.78004,5.78004,5.78004,0,0
IZO_MV,D,20160812,000000,5.78004,5.78004,5.78004,5.78004,0,0
IZO_MV,D,20160816,000000,5.74227,5.74227,5.74227,5.74227,0,0
IZO_MV,D,20160817,000000,5.74227,5.74227,5.56281,5.6006,0,0
IZO_MV,D,20160818,000000,5.74227,5.74227,5.42115,5.42115,0,0
IZO_MV,D,20160819,000000,5.42115,5.42115,5.42115,5.42115,0,0
IZO_MV,D,20160822,000000,5.42115,5.42115,5.42115,5.42115,0,0
IZO_MV,D,20160823,000000,5.42115,5.42115,5.42115,5.42115,0,0
IZO_MV,D,20160824,000000,5.42115,5.42115,5.42115,5.42115,0,0
IZO_MV,D,20160825,000000,5.42115,5.42115,5.42115,5.42115,0,0
IZO_MV,D,20160826,000000,5.42115,5.45893,5.42115,5.42115,0,0
IZO_MV,D,20160829,000000,5.42115,5.6006,5.42115,5.6006,0,0
IZO_MV,D,20160830,000000,5.6006,5.74227,5.6006,5.74227,0,0
IZO_MV,D,20160831,000000,5.74227,5.74227,5.74227,5.74227,0,0
IZO_MV,D,20160901,000000,5.45893,5.84615,5.45893,5.48726,0,0
IZO_MV,D,20160902,000000,5.48726,5.48726,5.48726,5.48726,0,0
IZO_MV,D,20160905,000000,5.52504,5.52504,5.52504,5.52504,0,0
IZO_MV,D,20160906,000000,5.52504,5.63837,5.52504,5.63837,0,0
IZO_MV,D,20160907,000000,5.63837,5.63837,5.63837,5.63837,0,0
IZO_MV,D,20160908,000000,5.63837,5.95948,5.63837,5.88393,0,0
IZO_MV,D,20160909,000000,6.10115,6.81894,6.10115,6.2806,0,0
IZO_MV,D,20160912,000000,6.2806,6.31838,6.0256,6.31838,0,0
IZO_MV,D,20160913,000000,6.13893,6.13893,5.92171,5.95948,0,0
IZO_MV,D,20160914,000000,6.10115,6.10115,5.92171,5.95948,0,0
IZO_MV,D,20160915,000000,6.0256,6.10115,6.0256,6.10115,0,0
IZO_MV,D,20160916,000000,6.17671,6.31838,5.99727,5.99727,0,0
IZO_MV,D,20160919,000000,6.20504,6.20504,5.95948,5.95948,0,0
IZO_MV,D,20160920,000000,5.95948,5.95948,5.95948,5.95948,0,0
IZO_MV,D,20160921,000000,5.95948,5.95948,5.95948,5.95948,0,0
IZO_MV,D,20160922,000000,5.95948,5.95948,5.95948,5.95948,0,0
IZO_MV,D,20160923,000000,5.95948,6.13893,5.95948,6.13893,0,0
IZO_MV,D,20160926,000000,5.95948,5.95948,5.95948,5.95948,0,0
IZO_MV,D,20160927,000000,6.13893,6.20504,6.13893,6.20504,0,0
IZO_MV,D,20160928,000000,6.17671,6.17671,6.17671,6.17671,0,0
IZO_MV,D,20160929,000000,6.17671,6.17671,6.17671,6.17671,0,0
IZO_MV,D,20160930,000000,6.24282,6.24282,6.24282,6.24282,0,0
IZO_MV,D,20161003,000000,6.24282,6.24282,6.24282,6.24282,0,0
IZO_MV,D,20161004,000000,6.17671,6.17671,5.92171,5.92171,0,0
IZO_MV,D,20161005,000000,5.92171,5.92171,5.92171,5.92171,0,0
IZO_MV,D,20161006,000000,5.95948,5.95948,5.92171,5.92171,0,0
IZO_MV,D,20161007,000000,6.13893,6.13893,6.13893,6.13893,0,0
IZO_MV,D,20161010,000000,6.17671,6.17671,6.17671,6.17671,0,0
IZO_MV,D,20161011,000000,6.13893,6.13893,6.13893,6.13893,0,0
IZO_MV,D,20161012,000000,6.13893,6.13893,6.13893,6.13893,0,0
IZO_MV,D,20161013,000000,6.13893,6.13893,5.78004,6.06338,0,0
IZO_MV,D,20161014,000000,6.06338,6.10115,6.06338,6.10115,0,0
IZO_MV,D,20161017,000000,6.13893,6.13893,5.84615,5.84615,0,0
IZO_MV,D,20161018,000000,5.84615,5.84615,5.84615,5.84615,0,0
IZO_MV,D,20161019,000000,5.84615,5.84615,5.84615,5.84615,0,0
IZO_MV,D,20161020,000000,5.84615,5.84615,5.84615,5.84615,0,0
IZO_MV,D,20161021,000000,5.84615,6.10115,5.84615,6.10115,0,0
IZO_MV,D,20161024,000000,6.17671,6.17671,6.06338,6.06338,0,0
IZO_MV,D,20161025,000000,6.17671,6.17671,6.17671,6.17671,0,0
IZO_MV,D,20161026,000000,6.17671,6.17671,6.10115,6.10115,0,0
IZO_MV,D,20161027,000000,6.17671,6.17671,6.17671,6.17671,0,0
IZO_MV,D,20161028,000000,6.17671,6.24282,6.10115,6.10115,0,0
IZO_MV,D,20161031,000000,6.42227,6.42227,6.2806,6.2806,0,0
IZO_MV,D,20161102,000000,6.2806,6.2806,6.2806,6.2806,0,0
IZO_MV,D,20161103,000000,6.2806,6.2806,6.06338,6.06338,0,0
IZO_MV,D,20161104,000000,6.13893,6.13893,6.13893,6.13893,0,0
IZO_MV,D,20161107,000000,6.35615,6.35615,6.35615,6.35615,0,0
IZO_MV,D,20161108,000000,6.35615,6.35615,6.35615,6.35615,0,0
IZO_MV,D,20161109,000000,6.31838,6.31838,6.10115,6.10115,0,0
IZO_MV,D,20161110,000000,6.31838,6.31838,6.10115,6.10115,0,0
IZO_MV,D,20161114,000000,6.35615,6.35615,6.35615,6.35615,0,0
IZO_MV,D,20161115,000000,6.35615,6.35615,6.06338,6.06338,0,0
IZO_MV,D,20161116,000000,6.17671,6.17671,6.17671,6.17671,0,0
IZO_MV,D,20161117,000000,6.2806,6.2806,6.2806,6.2806,0,0
IZO_MV,D,20161118,000000,6.2806,6.2806,6.2806,6.2806,0,0
IZO_MV,D,20161121,000000,6.2806,6.2806,6.13893,6.13893,0,0
IZO_MV,D,20161122,000000,6.13893,6.13893,6.06338,6.10115,0,0
IZO_MV,D,20161123,000000,6.24282,6.24282,6.24282,6.24282,0,0
IZO_MV,D,20161124,000000,6.20504,6.20504,6.0256,6.0256,0,0
IZO_MV,D,20161125,000000,6.0256,6.0256,6.0256,6.0256,0,0
IZO_MV,D,20161128,000000,5.99727,5.99727,5.99727,5.99727,0,0
IZO_MV,D,20161129,000000,5.99727,6.17671,5.84615,6.17671,0,0
IZO_MV,D,20161130,000000,6.17671,6.20504,6.17671,6.20504,0,0
IZO_MV,D,20161201,000000,6.17671,6.17671,5.74227,5.74227,0,0
IZO_MV,D,20161202,000000,5.70448,5.70448,5.70448,5.70448,0,0
IZO_MV,D,20161205,000000,5.63837,5.63837,5.6006,5.6006,0,0
IZO_MV,D,20161206,000000,5.84615,5.84615,5.74227,5.74227,0,0
IZO_MV,D,20161207,000000,5.6006,5.6006,5.6006,5.6006,0,0
IZO_MV,D,20161208,000000,5.6006,5.6006,5.6006,5.6006,0,0
IZO_MV,D,20161209,000000,5.84615,5.84615,5.6006,5.84615,0,0
IZO_MV,D,20161212,000000,5.84615,5.84615,5.6006,5.6006,0,0
IZO_MV,D,20161213,000000,5.81782,5.81782,5.81782,5.81782,0,0
IZO_MV,D,20161214,000000,5.78004,5.78004,5.74227,5.74227,0,0
IZO_MV,D,20161215,000000,5.78004,5.78004,5.6006,5.74227,0,0
IZO_MV,D,20161216,000000,5.78004,5.78004,5.78004,5.78004,0,0
IZO_MV,D,20161219,000000,5.74227,5.74227,5.16614,5.38337,0,0
IZO_MV,D,20161220,000000,5.38337,5.38337,5.10004,5.10004,0,0
IZO_MV,D,20161221,000000,5.10004,5.10004,5.10004,5.10004,0,0
IZO_MV,D,20161222,000000,5.3456,5.3456,5.20393,5.20393,0,0
IZO_MV,D,20161223,000000,5.20393,5.20393,5.02448,5.02448,0,0
IZO_MV,D,20161227,000000,5.02448,5.06226,4.80726,5.06226,0,0
IZO_MV,D,20161228,000000,5.06226,5.06226,4.80726,5.02448,0,0
IZO_MV,D,20161229,000000,5.02448,5.02448,4.74114,4.74114,0,0
IZO_MV,D,20161230,000000,4.84503,4.84503,4.84503,4.84503,0,0
IZO_MV,D,20170102,000000,4.74114,5.12837,4.74114,5.12837,0,0
IZO_MV,D,20170103,000000,5.16614,5.27948,5.16614,5.27948,0,0
IZO_MV,D,20170104,000000,5.27948,5.27948,5.20393,5.27948,0,0
IZO_MV,D,20170105,000000,5.27948,5.27948,5.27948,5.27948,0,0
IZO_MV,D,20170109,000000,5.63837,5.63837,5.63837,5.63837,0,0
IZO_MV,D,20170110,000000,5.63837,5.63837,5.63837,5.63837,0,0
IZO_MV,D,20170111,000000,5.63837,5.63837,5.63837,5.63837,0,0
IZO_MV,D,20170112,000000,5.63837,5.63837,5.63837,5.63837,0,0
IZO_MV,D,20170113,000000,5.63837,5.78004,5.63837,5.78004,0,0
IZO_MV,D,20170116,000000,5.6006,5.78004,5.38337,5.78004,0,0
IZO_MV,D,20170117,000000,5.6006,5.74227,5.38337,5.74227,0,0
IZO_MV,D,20170118,000000,5.70448,5.81782,5.70448,5.81782,0,0
IZO_MV,D,20170119,000000,5.81782,5.81782,5.81782,5.81782,0,0
IZO_MV,D,20170120,000000,5.81782,5.81782,5.42115,5.81782,0,0
IZO_MV,D,20170123,000000,5.81782,5.81782,5.42115,5.81782,0,0
IZO_MV,D,20170124,000000,5.81782,5.81782,5.42115,5.45893,0,0
IZO_MV,D,20170125,000000,5.81782,5.81782,5.42115,5.81782,0,0
IZO_MV,D,20170126,000000,5.74227,5.74227,5.52504,5.74227,0,0
IZO_MV,D,20170127,000000,5.56281,5.78004,5.56281,5.78004,0,0
IZO_MV,D,20170130,000000,5.74227,5.74227,5.74227,5.74227,0,0
IZO_MV,D,20170131,000000,5.70448,5.70448,5.56281,5.56281,0,0
IZO_MV,D,20170201,000000,5.70448,5.70448,5.56281,5.56281,0,0
IZO_MV,D,20170202,000000,5.70448,5.70448,5.45893,5.45893,0,0
IZO_MV,D,20170203,000000,5.45893,5.70448,5.38337,5.38337,0,0
IZO_MV,D,20170206,000000,5.70448,5.70448,5.70448,5.70448,0,0
IZO_MV,D,20170207,000000,5.66671,5.78004,5.66671,5.78004,0,0
IZO_MV,D,20170208,000000,5.66671,5.66671,5.66671,5.66671,0,0
IZO_MV,D,20170209,000000,5.63837,5.70448,5.63837,5.70448,0,0
IZO_MV,D,20170210,000000,5.70448,5.70448,5.70448,5.70448,0,0
IZO_MV,D,20170213,000000,5.45893,5.66671,5.45893,5.66671,0,0
IZO_MV,D,20170214,000000,5.70448,5.70448,5.66671,5.66671,0,0
IZO_MV,D,20170215,000000,5.70448,5.70448,5.70448,5.70448,0,0
IZO_MV,D,20170216,000000,5.70448,5.70448,5.56281,5.56281,0,0
IZO_MV,D,20170217,000000,5.70448,5.70448,5.42115,5.42115,0,0
IZO_MV,D,20170220,000000,5.70448,5.70448,5.56281,5.56281,0,0
IZO_MV,D,20170221,000000,5.70448,5.70448,5.56281,5.56281,0,0
IZO_MV,D,20170222,000000,5.70448,5.70448,5.70448,5.70448,0,0
IZO_MV,D,20170223,000000,5.70448,5.70448,5.56281,5.56281,0,0
IZO_MV,D,20170224,000000,5.66671,5.66671,5.56281,5.66671,0,0
IZO_MV,D,20170227,000000,5.70448,5.70448,5.6006,5.70448,0,0
IZO_MV,D,20170228,000000,5.70448,5.92171,5.70448,5.92171,0,0
IZO_MV,D,20170301,000000,5.92171,5.92171,5.92171,5.92171,0,0
IZO_MV,D,20170302,000000,5.95948,6.31838,5.95948,6.20504,0,0
IZO_MV,D,20170303,000000,6.20504,6.20504,5.88393,5.88393,0,0
IZO_MV,D,20170306,000000,6.17671,6.17671,5.84615,5.95948,0,0
IZO_MV,D,20170307,000000,6.10115,6.10115,5.84615,5.95948,0,0
IZO_MV,D,20170308,000000,5.95948,6.0256,5.70448,5.70448,0,0
IZO_MV,D,20170309,000000,5.74227,6.2806,5.74227,6.13893,0,0
IZO_MV,D,20170310,000000,6.2806,6.2806,6.10115,6.10115,0,0
IZO_MV,D,20170313,000000,6.10115,6.10115,6.06338,6.06338,0,0
IZO_MV,D,20170314,000000,6.10115,6.2806,5.95948,6.2806,0,0
IZO_MV,D,20170315,000000,6.20504,6.20504,6.20504,6.20504,0,0
IZO_MV,D,20170316,000000,6.20504,6.20504,6.20504,6.20504,0,0
IZO_MV,D,20170317,000000,6.20504,6.20504,6.20504,6.20504,0,0
IZO_MV,D,20170320,000000,6.20504,6.20504,6.20504,6.20504,0,0
IZO_MV,D,20170321,000000,6.20504,6.20504,6.20504,6.20504,0,0
IZO_MV,D,20170322,000000,6.20504,6.20504,6.20504,6.20504,0,0
IZO_MV,D,20170323,000000,6.20504,6.42227,5.99727,6.42227,0,0
IZO_MV,D,20170324,000000,6.38449,6.74338,6.38449,6.63949,0,0
IZO_MV,D,20170327,000000,6.38449,6.38449,6.2806,6.2806,0,0
IZO_MV,D,20170328,000000,6.2806,6.2806,6.2806,6.2806,0,0
IZO_MV,D,20170329,000000,6.24282,6.24282,6.24282,6.24282,0,0
IZO_MV,D,20170330,000000,6.5356,6.5356,6.5356,6.5356,0,0
IZO_MV,D,20170331,000000,6.46005,6.46005,6.24282,6.24282,0,0
IZO_MV,D,20170403,000000,6.42227,6.42227,6.42227,6.42227,0,0
IZO_MV,D,20170404,000000,6.42227,6.42227,6.42227,6.42227,0,0
IZO_MV,D,20170405,000000,6.42227,6.42227,6.24282,6.24282,0,0
IZO_MV,D,20170406,000000,6.42227,6.42227,6.42227,6.42227,0,0
IZO_MV,D,20170407,000000,6.42227,6.42227,6.42227,6.42227,0,0
IZO_MV,D,20170410,000000,6.35615,6.35615,6.35615,6.35615,0,0
IZO_MV,D,20170411,000000,6.2806,6.42227,6.2806,6.42227,0,0
IZO_MV,D,20170412,000000,6.49782,6.49782,6.42227,6.46005,0,0
IZO_MV,D,20170413,000000,6.49782,6.49782,6.46005,6.49782,0,0
IZO_MV,D,20170418,000000,6.49782,6.63949,6.46005,6.63949,0,0
IZO_MV,D,20170419,000000,6.56394,6.56394,6.5356,6.5356,0,0
IZO_MV,D,20170420,000000,6.5356,6.5356,6.5356,6.5356,0,0
IZO_MV,D,20170421,000000,6.56394,6.56394,6.46005,6.46005,0,0
IZO_MV,D,20170424,000000,6.56394,6.56394,6.46005,6.46005,0,0
IZO_MV,D,20170425,000000,6.56394,6.81894,6.2806,6.81894,0,0
IZO_MV,D,20170426,000000,6.78116,6.81894,6.67727,6.67727,0,0
IZO_MV,D,20170427,000000,6.67727,6.81894,6.67727,6.81894,0,0
IZO_MV,D,20170428,000000,6.96061,7.10228,6.96061,7.10228,0,0
IZO_MV,D,20170502,000000,7.10228,7.10228,7.10228,7.10228,0,0
IZO_MV,D,20170504,000000,7.10228,7.10228,7.10228,7.10228,0,0
IZO_MV,D,20170505,000000,7.03616,7.03616,7.03616,7.03616,0,0
IZO_MV,D,20170508,000000,6.81894,6.81894,6.81894,6.81894,0,0
IZO_MV,D,20170509,000000,7.03616,7.03616,6.96061,6.96061,0,0
IZO_MV,D,20170510,000000,6.96061,6.96061,6.96061,6.96061,0,0
IZO_MV,D,20170511,000000,6.96061,6.96061,6.85671,6.85671,0,0
IZO_MV,D,20170512,000000,6.96061,6.96061,6.96061,6.96061,0,0
IZO_MV,D,20170515,000000,6.96061,6.96061,6.81894,6.81894,0,0
IZO_MV,D,20170516,000000,6.96061,6.96061,6.96061,6.96061,0,0
IZO_MV,D,20170517,000000,6.96061,6.96061,6.96061,6.96061,0,0
IZO_MV,D,20170518,000000,6.89449,6.89449,6.89449,6.89449,0,0
IZO_MV,D,20170519,000000,6.89449,6.89449,6.89449,6.89449,0,0
IZO_MV,D,20170522,000000,6.89449,6.89449,6.85671,6.85671,0,0
IZO_MV,D,20170523,000000,6.85671,6.85671,6.85671,6.85671,0,0
IZO_MV,D,20170524,000000,6.46005,6.85671,6.46005,6.85671,0,0
IZO_MV,D,20170525,000000,6.85671,6.85671,6.85671,6.85671,0,0
IZO_MV,D,20170526,000000,6.85671,6.85671,6.85671,6.85671,0,0
IZO_MV,D,20170529,000000,6.89449,6.89449,6.17671,6.20504,0,0
IZO_MV,D,20170530,000000,6.20504,6.49782,6.20504,6.49782,0,0
IZO_MV,D,20170531,000000,6.49782,6.49782,6.49782,6.49782,0,0
IZO_MV,D,20170601,000000,6.49782,6.49782,6.49782,6.49782,0,0
IZO_MV,D,20170602,000000,6.49782,6.49782,6.24282,6.49782,0,0
IZO_MV,D,20170605,000000,6.49782,6.49782,6.49782,6.49782,0,0
IZO_MV,D,20170606,000000,6.49782,6.49782,6.49782,6.49782,0,0
IZO_MV,D,20170607,000000,6.49782,6.49782,6.49782,6.49782,0,0
IZO_MV,D,20170608,000000,6.49782,6.49782,6.49782,6.49782,0,0
IZO_MV,D,20170609,000000,6.46005,6.49782,6.46005,6.49782,0,0
IZO_MV,D,20170612,000000,6.81894,6.81894,6.2806,6.81894,0,0
IZO_MV,D,20170613,000000,6.81894,6.81894,6.81894,6.81894,0,0
IZO_MV,D,20170614,000000,6.81894,6.85671,6.81894,6.85671,0,0
IZO_MV,D,20170616,000000,6.85671,6.89449,6.85671,6.89449,0,0
IZO_MV,D,20170619,000000,6.81894,6.99838,6.81894,6.99838,0,0
IZO_MV,D,20170620,000000,6.99838,6.99838,6.81894,6.99838,0,0
IZO_MV,D,20170621,000000,7.07394,7.07394,7.07394,7.07394,0,0
IZO_MV,D,20170622,000000,7.07394,7.07394,7.07394,7.07394,0,0
IZO_MV,D,20170623,000000,6.96061,6.96061,6.96061,6.96061,0,0
IZO_MV,D,20170626,000000,6.96061,6.96061,6.96061,6.96061,0,0
IZO_MV,D,20170627,000000,6.81894,6.81894,6.81894,6.81894,0,0
IZO_MV,D,20170628,000000,6.96061,6.96061,6.96061,6.96061,0,0
IZO_MV,D,20170629,000000,6.96061,7.07394,6.96061,7.07394,0,0
IZO_MV,D,20170630,000000,7.07394,7.07394,7.07394,7.07394,0,0
IZO_MV,D,20170703,000000,7.07394,7.07394,7.07394,7.07394,0,0
IZO_MV,D,20170704,000000,7.07394,7.07394,6.99838,6.99838,0,0
IZO_MV,D,20170705,000000,6.99838,6.99838,6.99838,6.99838,0,0
IZO_MV,D,20170706,000000,6.99838,7.21561,6.99838,7.21561,0,0
IZO_MV,D,20170707,000000,7.28172,7.28172,7.28172,7.28172,0,0
IZO_MV,D,20170710,000000,7.39505,7.57449,7.39505,7.57449,0,0
IZO_MV,D,20170711,000000,7.57449,8.33006,7.57449,8.33006,0,0
IZO_MV,D,20170712,000000,8.33006,8.79284,8.33006,8.61339,0,0
IZO_MV,D,20170713,000000,8.57562,8.61339,8.57562,8.61339,0,0
IZO_MV,D,20170714,000000,8.61339,8.61339,8.61339,8.61339,0,0
IZO_MV,D,20170717,000000,8.61339,8.61339,8.07506,8.43395,0,0
IZO_MV,D,20170718,000000,8.33006,8.43395,8.33006,8.43395,0,0
IZO_MV,D,20170719,000000,8.17895,8.43395,8.17895,8.43395,0,0
IZO_MV,D,20170720,000000,8.2545,8.2545,8.2545,8.2545,0,0
IZO_MV,D,20170721,000000,8.2545,8.2545,8.2545,8.2545,0,0
IZO_MV,D,20170724,000000,8.2545,8.2545,7.85783,7.85783,0,0
IZO_MV,D,20170725,000000,8.2545,8.2545,8.2545,8.2545,0,0
IZO_MV,D,20170726,000000,8.2545,8.2545,7.43283,8.07506,0,0
IZO_MV,D,20170727,000000,8.07506,8.07506,8.07506,8.07506,0,0
IZO_MV,D,20170728,000000,8.03728,8.03728,7.9995,7.9995,0,0
IZO_MV,D,20170731,000000,7.9995,7.9995,6.92282,7.53672,0,0
IZO_MV,D,20170801,000000,7.67839,7.67839,7.10228,7.64061,0,0
IZO_MV,D,20170802,000000,7.67839,7.9995,7.14005,7.9995,0,0
IZO_MV,D,20170803,000000,7.9995,7.9995,7.9995,7.9995,0,0
IZO_MV,D,20170804,000000,7.9995,7.9995,7.9995,7.9995,0,0
IZO_MV,D,20170807,000000,7.97116,7.97116,7.93339,7.93339,0,0
IZO_MV,D,20170808,000000,7.93339,7.93339,7.17782,7.93339,0,0
IZO_MV,D,20170809,000000,7.89561,7.89561,7.14005,7.85783,0,0
IZO_MV,D,20170810,000000,7.89561,7.89561,7.89561,7.89561,0,0
IZO_MV,D,20170811,000000,7.89561,7.89561,7.89561,7.89561,0,0
IZO_MV,D,20170814,000000,7.89561,7.89561,7.89561,7.89561,0,0
IZO_MV,D,20170816,000000,7.67839,7.67839,7.67839,7.67839,0,0
IZO_MV,D,20170817,000000,7.53672,7.53672,7.53672,7.53672,0,0
IZO_MV,D,20170818,000000,7.67839,7.67839,7.67839,7.67839,0,0
IZO_MV,D,20170821,000000,7.67839,7.67839,7.39505,7.39505,0,0
IZO_MV,D,20170822,000000,7.67839,7.67839,7.39505,7.39505,0,0
IZO_MV,D,20170823,000000,7.67839,7.67839,7.35728,7.67839,0,0
IZO_MV,D,20170824,000000,7.67839,7.67839,7.67839,7.67839,0,0
IZO_MV,D,20170825,000000,7.67839,7.67839,7.67839,7.67839,0,0
IZO_MV,D,20170828,000000,7.67839,7.67839,7.67839,7.67839,0,0
IZO_MV,D,20170829,000000,7.67839,7.67839,7.67839,7.67839,0,0
IZO_MV,D,20170830,000000,7.67839,7.67839,7.67839,7.67839,0,0
IZO_MV,D,20170831,000000,7.53672,7.53672,7.53672,7.53672,0,0
IZO_MV,D,20170901,000000,7.49894,7.49894,7.49894,7.49894,0,0
IZO_MV,D,20170904,000000,7.53672,7.53672,7.53672,7.53672,0,0
IZO_MV,D,20170905,000000,7.49894,7.49894,6.78116,6.78116,0,0
IZO_MV,D,20170906,000000,7.43283,7.43283,7.43283,7.43283,0,0
IZO_MV,D,20170907,000000,7.46116,7.49894,7.46116,7.49894,0,0
IZO_MV,D,20170908,000000,7.43283,7.43283,7.43283,7.43283,0,0
IZO_MV,D,20170911,000000,7.43283,7.43283,7.43283,7.43283,0,0
IZO_MV,D,20170912,000000,7.43283,7.43283,7.43283,7.43283,0,0
IZO_MV,D,20170913,000000,7.43283,7.43283,6.13893,6.13893,0,0
IZO_MV,D,20170914,000000,6.13893,6.13893,6.13893,6.13893,0,0
IZO_MV,D,20170915,000000,6.13893,6.13893,6.13893,6.13893,0,0
IZO_MV,D,20170919,000000,7.35728,7.35728,7.35728,7.35728,0,0
IZO_MV,D,20170920,000000,7.35728,7.35728,7.35728,7.35728,0,0
IZO_MV,D,20170921,000000,7.35728,7.35728,6.96061,7.35728,0,0
IZO_MV,D,20170922,000000,7.35728,7.35728,6.63949,7.17782,0,0
IZO_MV,D,20170925,000000,7.35728,7.35728,6.60171,6.60171,0,0
IZO_MV,D,20170926,000000,6.63949,6.63949,6.31838,6.31838,0,0
IZO_MV,D,20170927,000000,6.63949,6.63949,6.31838,6.63949,0,0
IZO_MV,D,20170928,000000,6.63949,6.63949,6.63949,6.63949,0,0
IZO_MV,D,20170929,000000,6.63949,6.63949,6.63949,6.63949,0,0
IZO_MV,D,20171002,000000,6.63949,6.63949,6.31838,6.31838,0,0
IZO_MV,D,20171003,000000,6.63949,6.63949,6.63949,6.63949,0,0
IZO_MV,D,20171004,000000,6.63949,6.63949,6.63949,6.63949,0,0
IZO_MV,D,20171005,000000,6.63949,6.63949,6.31838,6.63949,0,0
IZO_MV,D,20171006,000000,6.63949,6.63949,6.63949,6.63949,0,0
IZO_MV,D,20171009,000000,6.60171,6.60171,6.60171,6.60171,0,0
IZO_MV,D,20171010,000000,6.60171,6.60171,6.60171,6.60171,0,0
IZO_MV,D,20171011,000000,6.60171,6.60171,6.60171,6.60171,0,0
IZO_MV,D,20171012,000000,6.60171,6.60171,6.60171,6.60171,0,0
IZO_MV,D,20171013,000000,6.60171,6.60171,6.60171,6.60171,0,0
IZO_MV,D,20171016,000000,6.63949,6.63949,6.2806,6.63949,0,0
IZO_MV,D,20171017,000000,6.63949,6.63949,6.63949,6.63949,0,0
IZO_MV,D,20171018,000000,6.60171,6.60171,6.60171,6.60171,0,0
IZO_MV,D,20171019,000000,6.63949,6.63949,6.63949,6.63949,0,0
IZO_MV,D,20171020,000000,6.63949,6.63949,6.63949,6.63949,0,0
IZO_MV,D,20171023,000000,6.60171,6.60171,6.60171,6.60171,0,0
IZO_MV,D,20171024,000000,6.63949,6.63949,6.63949,6.63949,0,0
IZO_MV,D,20171025,000000,6.60171,6.60171,6.60171,6.60171,0,0
IZO_MV,D,20171026,000000,6.71505,7.31949,6.71505,7.14005,0,0
IZO_MV,D,20171027,000000,7.14005,7.67839,7.14005,7.53672,0,0
IZO_MV,D,20171030,000000,7.64061,7.64061,7.53672,7.64061,0,0
IZO_MV,D,20171031,000000,7.64061,7.64061,7.64061,7.64061,0,0
IZO_MV,D,20171102,000000,7.61228,7.61228,7.21561,7.53672,0,0
IZO_MV,D,20171103,000000,7.64061,7.64061,7.64061,7.64061,0,0
IZO_MV,D,20171106,000000,7.53672,7.53672,7.53672,7.53672,0,0
IZO_MV,D,20171107,000000,7.53672,7.53672,7.53672,7.53672,0,0
IZO_MV,D,20171108,000000,7.28172,7.53672,7.28172,7.28172,0,0
IZO_MV,D,20171109,000000,7.28172,7.28172,7.21561,7.21561,0,0
IZO_MV,D,20171110,000000,7.10228,7.10228,6.74338,6.92282,0,0
IZO_MV,D,20171113,000000,6.92282,6.92282,6.71505,6.71505,0,0
IZO_MV,D,20171114,000000,6.71505,6.71505,6.71505,6.71505,0,0
IZO_MV,D,20171115,000000,6.71505,7.31949,6.71505,7.31949,0,0
IZO_MV,D,20171116,000000,7.17782,7.17782,7.17782,7.17782,0,0
IZO_MV,D,20171117,000000,7.17782,7.17782,7.17782,7.17782,0,0
IZO_MV,D,20171120,000000,7.17782,7.17782,7.17782,7.17782,0,0
IZO_MV,D,20171121,000000,7.17782,7.17782,7.17782,7.17782,0,0
IZO_MV,D,20171122,000000,7.17782,7.17782,6.71505,7.17782,0,0
IZO_MV,D,20171123,000000,7.17782,7.17782,7.17782,7.17782,0,0
IZO_MV,D,20171124,000000,7.17782,7.17782,7.17782,7.17782,0,0
IZO_MV,D,20171127,000000,7.31949,7.31949,7.31949,7.31949,0,0
IZO_MV,D,20171128,000000,7.31949,7.31949,7.31949,7.31949,0,0
IZO_MV,D,20171129,000000,7.31949,7.31949,7.31949,7.31949,0,0
IZO_MV,D,20171130,000000,6.99838,6.99838,6.99838,6.99838,0,0
IZO_MV,D,20171201,000000,6.99838,6.99838,6.99838,6.99838,0,0
IZO_MV,D,20171204,000000,6.99838,6.99838,6.99838,6.99838,0,0
IZO_MV,D,20171205,000000,6.99838,6.99838,6.99838,6.99838,0,0
IZO_MV,D,20171206,000000,6.81894,6.81894,6.81894,6.81894,0,0
IZO_MV,D,20171207,000000,6.99838,6.99838,6.74338,6.74338,0,0
IZO_MV,D,20171208,000000,6.99838,6.99838,6.74338,6.74338,0,0
IZO_MV,D,20171211,000000,6.81894,6.81894,6.63949,6.63949,0,0
IZO_MV,D,20171212,000000,6.38449,6.38449,6.38449,6.38449,0,0
IZO_MV,D,20171213,000000,6.67727,6.67727,6.67727,6.67727,0,0
IZO_MV,D,20171214,000000,6.67727,7.17782,6.67727,6.99838,0,0
IZO_MV,D,20171215,000000,6.63949,7.07394,6.63949,7.07394,0,0
IZO_MV,D,20171218,000000,7.17782,7.53672,7.07394,7.46116,0,0
IZO_MV,D,20171219,000000,7.53672,7.53672,7.46116,7.53672,0,0
IZO_MV,D,20171220,000000,7.53672,7.53672,7.53672,7.53672,0,0
IZO_MV,D,20171221,000000,7.14005,7.14005,7.14005,7.14005,0,0
IZO_MV,D,20171222,000000,7.14005,7.53672,6.85671,7.53672,0,0
IZO_MV,D,20171227,000000,7.28172,7.28172,6.85671,6.85671,0,0
IZO_MV,D,20171228,000000,7.14005,7.14005,6.89449,6.89449,0,0
IZO_MV,D,20171229,000000,7.14005,7.17782,6.99838,7.17782,0,0
IZO_MV,D,20180103,000000,7.21561,7.21561,7.21561,7.21561,0,0
IZO_MV,D,20180104,000000,7.28172,7.28172,7.28172,7.28172,0,0
IZO_MV,D,20180105,000000,7.49894,7.49894,7.28172,7.49894,0,0
IZO_MV,D,20180108,000000,7.49894,7.49894,7.49894,7.49894,0,0
IZO_MV,D,20180109,000000,7.35728,7.35728,7.35728,7.35728,0,0
IZO_MV,D,20180110,000000,7.49894,7.49894,7.21561,7.21561,0,0
IZO_MV,D,20180111,000000,7.49894,7.49894,7.49894,7.49894,0,0
IZO_MV,D,20180112,000000,7.49894,7.85783,7.49894,7.71616,0,0
IZO_MV,D,20180115,000000,7.71616,7.71616,7.53672,7.53672,0,0
IZO_MV,D,20180116,000000,7.85783,7.85783,7.71616,7.71616,0,0
IZO_MV,D,20180117,000000,7.53672,7.85783,7.53672,7.85783,0,0
IZO_MV,D,20180118,000000,7.85783,7.85783,7.85783,7.85783,0,0
IZO_MV,D,20180119,000000,7.85783,7.89561,7.85783,7.89561,0,0
IZO_MV,D,20180122,000000,8.2545,8.2545,8.21672,8.21672,0,0
IZO_MV,D,20180123,000000,8.2545,8.2545,7.93339,8.03728,0,0
IZO_MV,D,20180124,000000,8.03728,8.03728,8.03728,8.03728,0,0
IZO_MV,D,20180125,000000,8.03728,8.03728,8.03728,8.03728,0,0
IZO_MV,D,20180126,000000,7.97116,7.97116,7.97116,7.97116,0,0
IZO_MV,D,20180129,000000,7.97116,7.97116,7.97116,7.97116,0,0
IZO_MV,D,20180130,000000,7.97116,8.03728,7.97116,8.03728,0,0
IZO_MV,D,20180131,000000,8.03728,8.03728,8.03728,8.03728,0,0
IZO_MV,D,20180201,000000,8.03728,8.03728,7.64061,7.64061,0,0
IZO_MV,D,20180202,000000,7.64061,8.07506,7.64061,8.07506,0,0
IZO_MV,D,20180205,000000,8.07506,8.07506,8.07506,8.07506,0,0
IZO_MV,D,20180206,000000,8.07506,8.07506,7.71616,7.89561,0,0
IZO_MV,D,20180207,000000,7.89561,7.89561,7.71616,7.71616,0,0
IZO_MV,D,20180208,000000,7.89561,7.89561,7.89561,7.89561,0,0
IZO_MV,D,20180209,000000,7.89561,7.89561,7.89561,7.89561,0,0
IZO_MV,D,20180212,000000,7.89561,7.89561,7.39505,7.61228,0,0
IZO_MV,D,20180213,000000,7.53672,7.53672,7.53672,7.53672,0,0
IZO_MV,D,20180214,000000,7.46116,7.46116,7.46116,7.46116,0,0
IZO_MV,D,20180215,000000,7.31949,7.31949,6.99838,6.99838,0,0
IZO_MV,D,20180216,000000,7.07394,7.31949,7.07394,7.31949,0,0
IZO_MV,D,20180219,000000,7.31949,7.31949,7.31949,7.31949,0,0
IZO_MV,D,20180220,000000,7.31949,7.31949,7.07394,7.25338,0,0
IZO_MV,D,20180221,000000,7.25338,7.25338,7.25338,7.25338,0,0
IZO_MV,D,20180222,000000,7.25338,7.25338,7.25338,7.25338,0,0
IZO_MV,D,20180223,000000,7.25338,7.25338,7.25338,7.25338,0,0
IZO_MV,D,20180226,000000,7.25338,7.25338,7.25338,7.25338,0,0
IZO_MV,D,20180227,000000,7.25338,7.25338,7.25338,7.25338,0,0
IZO_MV,D,20180228,000000,7.25338,7.25338,7.25338,7.25338,0,0
IZO_MV,D,20180301,000000,7.25338,7.25338,7.25338,7.25338,0,0
IZO_MV,D,20180302,000000,7.25338,7.25338,7.25338,7.25338,0,0
IZO_MV,D,20180305,000000,7.25338,7.25338,7.25338,7.25338,0,0
IZO_MV,D,20180306,000000,7.17782,7.25338,6.89449,7.17782,0,0
IZO_MV,D,20180307,000000,6.92282,7.25338,6.92282,7.25338,0,0
IZO_MV,D,20180308,000000,7.25338,7.25338,7.25338,7.25338,0,0
IZO_MV,D,20180309,000000,7.21561,7.25338,7.17782,7.25338,0,0
IZO_MV,D,20180312,000000,7.25338,7.25338,7.25338,7.25338,0,0
IZO_MV,D,20180313,000000,7.25338,7.31949,7.03616,7.03616,0,0
IZO_MV,D,20180314,000000,7.28172,7.28172,7.28172,7.28172,0,0
IZO_MV,D,20180315,000000,7.17782,7.17782,6.92282,7.17782,0,0
IZO_MV,D,20180316,000000,7.14005,7.14005,7.14005,7.14005,0,0
IZO_MV,D,20180319,000000,7.14005,7.14005,7.14005,7.14005,0,0
IZO_MV,D,20180320,000000,6.99838,7.10228,6.96061,7.10228,0,0
IZO_MV,D,20180321,000000,7.14005,7.14005,6.96061,7.10228,0,0
IZO_MV,D,20180322,000000,7.07394,7.31949,7.07394,7.14005,0,0
IZO_MV,D,20180323,000000,7.14005,7.14005,6.96061,6.96061,0,0
IZO_MV,D,20180326,000000,7.17782,7.17782,6.96061,7.17782,0,0
IZO_MV,D,20180327,000000,7.17782,7.17782,7.17782,7.17782,0,0
IZO_MV,D,20180328,000000,7.31949,7.31949,7.31949,7.31949,0,0
IZO_MV,D,20180329,000000,7.31949,7.31949,7.31949,7.31949,0,0
IZO_MV,D,20180403,000000,7.31949,7.31949,7.31949,7.31949,0,0
IZO_MV,D,20180404,000000,7.31949,7.31949,7.31949,7.31949,0,0
IZO_MV,D,20180405,000000,7.31949,7.31949,7.31949,7.31949,0,0
IZO_MV,D,20180406,000000,7.31949,7.31949,7.31949,7.31949,0,0
IZO_MV,D,20180409,000000,7.31949,7.31949,7.31949,7.31949,0,0
IZO_MV,D,20180410,000000,7.31949,7.31949,7.31949,7.31949,0,0
IZO_MV,D,20180411,000000,7.31949,7.31949,7.31949,7.31949,0,0
IZO_MV,D,20180412,000000,7.31949,7.31949,7.31949,7.31949,0,0
IZO_MV,D,20180413,000000,7.31949,7.31949,7.31949,7.31949,0,0
IZO_MV,D,20180416,000000,7.31949,7.31949,6.85671,7.31949,0,0
IZO_MV,D,20180417,000000,7.31949,7.31949,7.31949,7.31949,0,0
IZO_MV,D,20180418,000000,7.31949,7.31949,7.31949,7.31949,0,0
IZO_MV,D,20180419,000000,7.31949,7.31949,7.31949,7.31949,0,0
IZO_MV,D,20180420,000000,7.31949,7.31949,7.31949,7.31949,0,0
IZO_MV,D,20180423,000000,7.31949,7.31949,7.31949,7.31949,0,0
IZO_MV,D,20180424,000000,7.31949,7.31949,6.85671,7.31949,0,0
IZO_MV,D,20180425,000000,7.31949,7.31949,7.31949,7.31949,0,0
IZO_MV,D,20180426,000000,7.31949,7.31949,7.17782,7.31949,0,0
IZO_MV,D,20180427,000000,7.31949,7.31949,7.31949,7.31949,0,0
IZO_MV,D,20180430,000000,7.17782,7.17782,6.99838,6.99838,0,0
IZO_MV,D,20180502,000000,7.31949,7.31949,6.99838,6.99838,0,0
IZO_MV,D,20180504,000000,7.31949,7.31949,7.31949,7.31949,0,0
IZO_MV,D,20180507,000000,7.17782,7.17782,7.17782,7.17782,0,0
IZO_MV,D,20180508,000000,7.17782,7.17782,7.17782,7.17782,0,0
IZO_MV,D,20180509,000000,7.17782,7.17782,7.17782,7.17782,0,0
IZO_MV,D,20180510,000000,7.31949,7.31949,7.31949,7.31949,0,0
IZO_MV,D,20180511,000000,7.31949,7.31949,7.31949,7.31949,0,0
IZO_MV,D,20180514,000000,7.17782,7.17782,7.17782,7.17782,0,0
IZO_MV,D,20180515,000000,7.31949,7.31949,6.99838,6.99838,0,0
IZO_MV,D,20180516,000000,6.63949,7.28172,6.60171,6.63949,0,0
IZO_MV,D,20180517,000000,6.63949,6.92282,6.63949,6.92282,0,0
IZO_MV,D,20180518,000000,6.92282,6.92282,6.92282,6.92282,0,0
IZO_MV,D,20180521,000000,6.92282,6.92282,6.60171,6.60171,0,0
IZO_MV,D,20180522,000000,6.92282,6.92282,6.92282,6.92282,0,0
IZO_MV,D,20180523,000000,6.92282,6.92282,6.92282,6.92282,0,0
IZO_MV,D,20180524,000000,6.92282,6.92282,6.92282,6.92282,0,0
IZO_MV,D,20180525,000000,6.92282,6.92282,6.56394,6.92282,0,0
IZO_MV,D,20180528,000000,6.81894,6.92282,6.81894,6.81894,0,0
IZO_MV,D,20180529,000000,6.81894,6.81894,6.81894,6.81894,0,0
IZO_MV,D,20180530,000000,6.78116,6.78116,6.78116,6.78116,0,0
IZO_MV,D,20180601,000000,6.78116,6.78116,6.78116,6.78116,0,0
IZO_MV,D,20180604,000000,6.78116,6.78116,6.78116,6.78116,0,0
IZO_MV,D,20180605,000000,6.71505,6.71505,6.71505,6.71505,0,0
IZO_MV,D,20180606,000000,6.71505,6.71505,6.71505,6.71505,0,0
IZO_MV,D,20180607,000000,6.71505,6.71505,6.71505,6.71505,0,0
IZO_MV,D,20180608,000000,6.71505,6.71505,6.71505,6.71505,0,0
IZO_MV,D,20180611,000000,6.63949,6.63949,6.38449,6.63949,0,0
IZO_MV,D,20180612,000000,6.20504,6.5356,6.20504,6.5356,0,0
IZO_MV,D,20180613,000000,6.5356,6.5356,6.5356,6.5356,0,0
IZO_MV,D,20180614,000000,6.5356,6.63949,6.5356,6.63949,0,0
IZO_MV,D,20180615,000000,6.63949,6.63949,6.63949,6.63949,0,0
IZO_MV,D,20180618,000000,6.63949,6.63949,6.63949,6.63949,0,0
IZO_MV,D,20180619,000000,6.46005,6.63949,6.46005,6.63949,0,0
IZO_MV,D,20180620,000000,6.63949,6.63949,6.63949,6.63949,0,0
IZO_MV,D,20180621,000000,6.63949,6.63949,6.63949,6.63949,0,0
IZO_MV,D,20180622,000000,6.60171,6.60171,6.60171,6.60171,0,0
IZO_MV,D,20180625,000000,6.60171,6.60171,6.60171,6.60171,0,0
IZO_MV,D,20180626,000000,6.60171,6.60171,6.60171,6.60171,0,0
IZO_MV,D,20180627,000000,6.60171,6.60171,6.60171,6.60171,0,0
IZO_MV,D,20180628,000000,6.56394,6.56394,6.56394,6.56394,0,0
IZO_MV,D,20180629,000000,6.56394,6.56394,6.56394,6.56394,0,0
IZO_MV,D,20180702,000000,6.60171,6.60171,6.60171,6.60171,0,0
IZO_MV,D,20180703,000000,6.5356,6.5356,6.5356,6.5356,0,0
IZO_MV,D,20180704,000000,6.5356,6.5356,6.5356,6.5356,0,0
IZO_MV,D,20180705,000000,6.49782,6.49782,6.49782,6.49782,0,0
IZO_MV,D,20180706,000000,6.49782,6.49782,6.49782,6.49782,0,0
IZO_MV,D,20180709,000000,6.60171,6.60171,6.60171,6.60171,0,0
IZO_MV,D,20180710,000000,6.60171,6.60171,6.60171,6.60171,0,0
IZO_MV,D,20180711,000000,6.49782,6.49782,6.49782,6.49782,0,0
IZO_MV,D,20180712,000000,6.13893,6.49782,6.13893,6.49782,0,0
IZO_MV,D,20180713,000000,6.49782,6.49782,6.49782,6.49782,0,0
IZO_MV,D,20180716,000000,6.60171,6.60171,6.60171,6.60171,0,0
IZO_MV,D,20180717,000000,6.46005,6.46005,6.46005,6.46005,0,0
IZO_MV,D,20180718,000000,6.46005,6.46005,6.24282,6.46005,0,0
IZO_MV,D,20180719,000000,6.46005,6.46005,6.46005,6.46005,0,0
IZO_MV,D,20180720,000000,6.42227,6.42227,6.13893,6.42227,0,0
IZO_MV,D,20180723,000000,6.42227,6.42227,6.42227,6.42227,0,0
IZO_MV,D,20180724,000000,6.42227,6.42227,6.42227,6.42227,0,0
IZO_MV,D,20180725,000000,6.42227,6.42227,6.42227,6.42227,0,0
IZO_MV,D,20180726,000000,6.42227,6.42227,6.2806,6.2806,0,0
IZO_MV,D,20180727,000000,6.42227,6.42227,6.2806,6.42227,0,0
IZO_MV,D,20180730,000000,6.42227,6.42227,6.20504,6.2806,0,0
IZO_MV,D,20180731,000000,6.2806,6.2806,6.10115,6.10115,0,0
IZO_MV,D,20180801,000000,6.17671,6.17671,6.17671,6.17671,0,0
IZO_MV,D,20180802,000000,6.24282,6.24282,6.24282,6.24282,0,0
IZO_MV,D,20180803,000000,6.20504,6.20504,6.20504,6.20504,0,0
IZO_MV,D,20180806,000000,6.17671,6.17671,6.17671,6.17671,0,0
IZO_MV,D,20180807,000000,6.38449,6.38449,6.38449,6.38449,0,0
IZO_MV,D,20180808,000000,6.38449,6.38449,6.38449,6.38449,0,0
IZO_MV,D,20180809,000000,6.38449,6.38449,6.38449,6.38449,0,0
IZO_MV,D,20180810,000000,6.38449,6.38449,6.38449,6.38449,0,0
IZO_MV,D,20180813,000000,6.38449,6.38449,6.38449,6.38449,0,0
IZO_MV,D,20180814,000000,6.38449,6.38449,6.38449,6.38449,0,0
IZO_MV,D,20180816,000000,6.38449,6.38449,6.38449,6.38449,0,0
IZO_MV,D,20180817,000000,6.38449,6.38449,6.38449,6.38449,0,0
IZO_MV,D,20180820,000000,6.31838,6.31838,6.31838,6.31838,0,0
IZO_MV,D,20180821,000000,6.24282,6.31838,5.88393,6.31838,0,0
IZO_MV,D,20180822,000000,6.31838,6.31838,5.88393,5.88393,0,0
IZO_MV,D,20180823,000000,5.74227,6.31838,5.74227,6.31838,0,0
IZO_MV,D,20180824,000000,6.10115,6.2806,6.10115,6.2806,0,0
IZO_MV,D,20180827,000000,6.2806,6.2806,6.2806,6.2806,0,0
IZO_MV,D,20180828,000000,6.2806,6.2806,6.2806,6.2806,0,0
IZO_MV,D,20180829,000000,6.2806,6.2806,5.81782,6.2806,0,0
IZO_MV,D,20180830,000000,6.2806,6.2806,5.74227,6.2806,0,0
IZO_MV,D,20180831,000000,6.2806,6.2806,6.2806,6.2806,0,0
IZO_MV,D,20180903,000000,6.2806,6.2806,5.92171,6.2806,0,0
IZO_MV,D,20180904,000000,6.2806,6.2806,6.2806,6.2806,0,0
IZO_MV,D,20180905,000000,6.2806,6.2806,6.2806,6.2806,0,0
IZO_MV,D,20180906,000000,6.2806,6.2806,6.2806,6.2806,0,0
IZO_MV,D,20180907,000000,6.06338,6.06338,5.92171,5.92171,0,0
IZO_MV,D,20180910,000000,6.2806,6.2806,6.2806,6.2806,0,0
IZO_MV,D,20180911,000000,6.2806,6.2806,6.2806,6.2806,0,0
IZO_MV,D,20180912,000000,6.2806,6.2806,6.2806,6.2806,0,0
IZO_MV,D,20180913,000000,6.2806,6.31838,6.2806,6.2806,0,0
IZO_MV,D,20180914,000000,6.2806,6.2806,6.2806,6.2806,0,0
IZO_MV,D,20180917,000000,6.31838,6.31838,6.31838,6.31838,0,0
IZO_MV,D,20180918,000000,6.31838,6.31838,6.31838,6.31838,0,0
IZO_MV,D,20180919,000000,6.31838,6.31838,6.06338,6.10115,0,0
IZO_MV,D,20180920,000000,6.10115,6.2806,5.92171,6.2806,0,0
IZO_MV,D,20180921,000000,6.31838,6.31838,6.31838,6.31838,0,0
IZO_MV,D,20180924,000000,6.31838,6.31838,6.31838,6.31838,0,0
IZO_MV,D,20180925,000000,6.31838,6.31838,6.31838,6.31838,0,0
IZO_MV,D,20180926,000000,6.31838,6.31838,6.31838,6.31838,0,0
IZO_MV,D,20180927,000000,6.31838,6.31838,6.31838,6.31838,0,0
IZO_MV,D,20180928,000000,6.31838,6.31838,6.31838,6.31838,0,0
IZO_MV,D,20181001,000000,6.31838,6.31838,6.31838,6.31838,0,0
IZO_MV,D,20181002,000000,6.31838,6.31838,6.31838,6.31838,0,0
IZO_MV,D,20181003,000000,6.31838,6.31838,6.31838,6.31838,0,0
IZO_MV,D,20181004,000000,6.31838,6.31838,6.31838,6.31838,0,0
IZO_MV,D,20181005,000000,6.31838,6.31838,6.31838,6.31838,0,0
IZO_MV,D,20181008,000000,6.31838,6.31838,5.70448,6.31838,0,0
IZO_MV,D,20181009,000000,6.31838,6.31838,5.63837,6.31838,0,0
IZO_MV,D,20181010,000000,6.31838,6.31838,6.31838,6.31838,0,0
IZO_MV,D,20181011,000000,5.45893,6.31838,5.45893,6.31838,0,0
IZO_MV,D,20181012,000000,6.31838,6.31838,6.31838,6.31838,0,0
IZO_MV,D,20181016,000000,6.2806,6.2806,6.2806,6.2806,0,0
IZO_MV,D,20181017,000000,6.20504,6.20504,5.81782,5.84615,0,0
IZO_MV,D,20181018,000000,5.81782,5.81782,5.81782,5.81782,0,0
IZO_MV,D,20181019,000000,5.81782,5.81782,5.81782,5.81782,0,0
IZO_MV,D,20181022,000000,6.31838,6.31838,6.31838,6.31838,0,0
IZO_MV,D,20181023,000000,6.31838,6.31838,6.31838,6.31838,0,0
IZO_MV,D,20181024,000000,6.31838,6.31838,6.10115,6.10115,0,0
IZO_MV,D,20181025,000000,6.31838,6.31838,6.31838,6.31838,0,0
IZO_MV,D,20181026,000000,6.31838,6.31838,6.31838,6.31838,0,0
IZO_MV,D,20181029,000000,6.24282,6.31838,6.24282,6.24282,0,0
IZO_MV,D,20181030,000000,6.10115,6.10115,6.10115,6.10115,0,0
IZO_MV,D,20181031,000000,6.24282,6.24282,6.10115,6.24282,0,0
IZO_MV,D,20181102,000000,6.24282,6.24282,6.24282,6.24282,0,0
IZO_MV,D,20181105,000000,6.24282,6.24282,6.24282,6.24282,0,0
IZO_MV,D,20181106,000000,6.20504,6.20504,6.20504,6.20504,0,0
IZO_MV,D,20181107,000000,6.20504,6.20504,5.74227,5.74227,0,0
IZO_MV,D,20181108,000000,5.74227,6.24282,5.74227,6.24282,0,0
IZO_MV,D,20181109,000000,6.24282,6.24282,6.24282,6.24282,0,0
IZO_MV,D,20181113,000000,6.24282,6.24282,6.24282,6.24282,0,0
IZO_MV,D,20181114,000000,6.24282,6.24282,5.74227,6.24282,0,0
IZO_MV,D,20181115,000000,6.24282,6.24282,6.24282,6.24282,0,0
IZO_MV,D,20181116,000000,6.24282,6.24282,6.24282,6.24282,0,0
IZO_MV,D,20181119,000000,6.24282,6.24282,6.24282,6.24282,0,0
IZO_MV,D,20181120,000000,6.24282,6.24282,6.24282,6.24282,0,0
IZO_MV,D,20181121,000000,6.24282,6.24282,6.24282,6.24282,0,0
IZO_MV,D,20181122,000000,6.24282,6.24282,5.95948,6.24282,0,0
IZO_MV,D,20181123,000000,6.24282,6.24282,6.24282,6.24282,0,0
IZO_MV,D,20181126,000000,6.24282,6.24282,6.24282,6.24282,0,0
IZO_MV,D,20181127,000000,6.24282,6.24282,6.24282,6.24282,0,0
IZO_MV,D,20181128,000000,6.24282,6.24282,6.24282,6.24282,0,0
IZO_MV,D,20181129,000000,6.24282,6.24282,6.24282,6.24282,0,0
IZO_MV,D,20181130,000000,6.24282,6.24282,6.24282,6.24282,0,0
IZO_MV,D,20181203,000000,6.24282,6.24282,5.81782,5.84615,0,0
IZO_MV,D,20181204,000000,6.24282,6.24282,6.24282,6.24282,0,0
IZO_MV,D,20181205,000000,6.20504,6.20504,5.84615,6.20504,0,0
IZO_MV,D,20181206,000000,6.20504,6.20504,5.84615,6.20504,0,0
IZO_MV,D,20181207,000000,6.20504,6.20504,5.84615,6.20504,0,0
IZO_MV,D,20181210,000000,6.20504,6.20504,6.20504,6.20504,0,0
IZO_MV,D,20181211,000000,6.20504,6.20504,5.81782,6.20504,0,0
IZO_MV,D,20181212,000000,6.20504,6.20504,6.20504,6.20504,0,0
IZO_MV,D,20181213,000000,6.20504,6.20504,6.20504,6.20504,0,0
IZO_MV,D,20181214,000000,6.20504,6.20504,6.20504,6.20504,0,0
IZO_MV,D,20181217,000000,6.20504,6.20504,5.88393,5.88393,0,0
IZO_MV,D,20181218,000000,6.20504,6.20504,6.20504,6.20504,0,0
IZO_MV,D,20181219,000000,6.20504,6.20504,6.20504,6.20504,0,0
IZO_MV,D,20181220,000000,6.20504,6.20504,6.20504,6.20504,0,0
IZO_MV,D,20181221,000000,6.20504,6.20504,6.10115,6.20504,0,0
IZO_MV,D,20181227,000000,6.20504,6.20504,6.20504,6.20504,0,0
IZO_MV,D,20181228,000000,6.20504,6.20504,5.84615,6.20504,0,0
IZO_MV,D,20190102,000000,6.24282,6.24282,6.24282,6.24282,0,0
IZO_MV,D,20190103,000000,6.17671,6.17671,6.17671,6.17671,0,0
IZO_MV,D,20190104,000000,6.17671,6.17671,6.17671,6.17671,0,0
IZO_MV,D,20190107,000000,6.13893,6.13893,6.13893,6.13893,0,0
IZO_MV,D,20190108,000000,5.81782,6.06338,5.81782,5.92171,0,0
IZO_MV,D,20190109,000000,5.88393,5.88393,5.88393,5.88393,0,0
IZO_MV,D,20190110,000000,5.88393,6.20504,5.88393,6.20504,0,0
IZO_MV,D,20190111,000000,6.20504,6.20504,6.20504,6.20504,0,0
IZO_MV,D,20190114,000000,6.20504,6.20504,6.20504,6.20504,0,0
IZO_MV,D,20190115,000000,6.20504,6.20504,5.78004,6.20504,0,0
IZO_MV,D,20190116,000000,6.20504,6.20504,6.20504,6.20504,0,0
IZO_MV,D,20190117,000000,6.20504,6.20504,6.20504,6.20504,0,0
IZO_MV,D,20190118,000000,6.20504,6.20504,6.20504,6.20504,0,0
IZO_MV,D,20190121,000000,6.20504,6.20504,5.95948,6.20504,0,0
IZO_MV,D,20190122,000000,6.20504,6.20504,6.20504,6.20504,0,0
IZO_MV,D,20190123,000000,6.20504,6.20504,6.20504,6.20504,0,0
IZO_MV,D,20190124,000000,5.92171,5.92171,5.92171,5.92171,0,0
IZO_MV,D,20190125,000000,5.92171,5.92171,5.92171,5.92171,0,0
IZO_MV,D,20190128,000000,5.74227,5.92171,5.74227,5.92171,0,0
IZO_MV,D,20190129,000000,5.92171,5.92171,5.92171,5.92171,0,0
IZO_MV,D,20190130,000000,5.92171,5.92171,5.92171,5.92171,0,0
IZO_MV,D,20190131,000000,5.92171,5.92171,5.74227,5.88393,0,0
IZO_MV,D,20190201,000000,5.88393,5.88393,5.88393,5.88393,0,0
IZO_MV,D,20190204,000000,5.88393,5.88393,5.88393,5.88393,0,0
IZO_MV,D,20190205,000000,5.84615,5.84615,5.74227,5.84615,0,0
IZO_MV,D,20190206,000000,5.84615,5.88393,5.84615,5.88393,0,0
IZO_MV,D,20190207,000000,5.74227,5.88393,5.74227,5.84615,0,0
IZO_MV,D,20190208,000000,5.88393,5.88393,5.88393,5.88393,0,0
IZO_MV,D,20190211,000000,5.88393,5.88393,5.88393,5.88393,0,0
IZO_MV,D,20190212,000000,5.88393,5.88393,5.88393,5.88393,0,0
IZO_MV,D,20190213,000000,5.88393,5.88393,5.88393,5.88393,0,0
IZO_MV,D,20190214,000000,5.88393,5.88393,5.88393,5.88393,0,0
IZO_MV,D,20190215,000000,5.88393,5.88393,5.63837,5.88393,0,0
IZO_MV,D,20190218,000000,5.88393,5.88393,5.88393,5.88393,0,0
IZO_MV,D,20190219,000000,5.88393,5.88393,5.88393,5.88393,0,0
IZO_MV,D,20190220,000000,5.88393,5.88393,5.88393,5.88393,0,0
IZO_MV,D,20190221,000000,5.88393,5.88393,5.88393,5.88393,0,0
IZO_MV,D,20190222,000000,5.88393,5.88393,5.88393,5.88393,0,0
IZO_MV,D,20190225,000000,5.88393,5.88393,5.74227,5.84615,0,0
IZO_MV,D,20190226,000000,5.88393,5.88393,5.88393,5.88393,0,0
IZO_MV,D,20190227,000000,5.88393,5.88393,5.88393,5.88393,0,0
IZO_MV,D,20190228,000000,5.88393,5.88393,5.88393,5.88393,0,0
IZO_MV,D,20190301,000000,5.88393,5.88393,5.88393,5.88393,0,0
IZO_MV,D,20190304,000000,5.56281,5.56281,5.56281,5.56281,0,0
IZO_MV,D,20190305,000000,6.0256,6.0256,6.0256,6.0256,0,0
IZO_MV,D,20190306,000000,6.0256,6.0256,5.92171,5.92171,0,0
IZO_MV,D,20190307,000000,6.0256,6.0256,6.0256,6.0256,0,0
IZO_MV,D,20190308,000000,6.0256,6.0256,6.0256,6.0256,0,0
IZO_MV,D,20190311,000000,6.10115,6.10115,5.48726,5.48726,0,0
IZO_MV,D,20190312,000000,5.84615,5.84615,5.84615,5.84615,0,0
IZO_MV,D,20190313,000000,5.84615,5.84615,5.74227,5.84615,0,0
IZO_MV,D,20190314,000000,5.83671,6.08227,5.83671,6.0256,0,0
IZO_MV,D,20190315,000000,6.01615,6.01615,6.01615,6.01615,0,0
IZO_MV,D,20190318,000000,6.01615,6.01615,6.01615,6.01615,0,0
IZO_MV,D,20190319,000000,6.01615,6.01615,5.70448,5.99727,0,0
IZO_MV,D,20190320,000000,5.97838,5.97838,5.97838,5.97838,0,0
IZO_MV,D,20190321,000000,5.97838,5.99727,5.97838,5.99727,0,0
IZO_MV,D,20190322,000000,5.99727,5.99727,5.99727,5.99727,0,0
IZO_MV,D,20190325,000000,5.99727,5.99727,5.99727,5.99727,0,0
IZO_MV,D,20190326,000000,5.99727,5.99727,5.99727,5.99727,0,0
IZO_MV,D,20190327,000000,5.99727,5.99727,5.99727,5.99727,0,0
IZO_MV,D,20190328,000000,5.99727,5.99727,5.81782,5.99727,0,0
IZO_MV,D,20190329,000000,5.99727,5.99727,5.99727,5.99727,0,0
IZO_MV,D,20190401,000000,5.99727,5.99727,5.99727,5.99727,0,0
IZO_MV,D,20190402,000000,5.99727,5.99727,5.99727,5.99727,0,0
IZO_MV,D,20190403,000000,5.99727,5.99727,5.99727,5.99727,0,0
IZO_MV,D,20190404,000000,5.95948,5.95948,5.95948,5.95948,0,0
IZO_MV,D,20190405,000000,5.99727,5.99727,5.99727,5.99727,0,0
IZO_MV,D,20190408,000000,5.99727,5.99727,5.99727,5.99727,0,0
IZO_MV,D,20190409,000000,5.99727,5.99727,5.99727,5.99727,0,0
IZO_MV,D,20190410,000000,5.99727,5.99727,5.99727,5.99727,0,0
IZO_MV,D,20190411,000000,5.95948,5.95948,5.81782,5.81782,0,0
IZO_MV,D,20190412,000000,5.74227,5.74227,5.74227,5.74227,0,0
IZO_MV,D,20190415,000000,5.74227,5.74227,5.74227,5.74227,0,0
IZO_MV,D,20190416,000000,5.74227,5.74227,5.74227,5.74227,0,0
IZO_MV,D,20190417,000000,5.74227,5.74227,5.74227,5.74227,0,0
IZO_MV,D,20190418,000000,5.74227,5.74227,5.56281,5.74227,0,0
IZO_MV,D,20190423,000000,5.99727,5.99727,5.99727,5.99727,0,0
IZO_MV,D,20190424,000000,5.99727,5.99727,5.99727,5.99727,0,0
IZO_MV,D,20190425,000000,5.99727,5.99727,5.99727,5.99727,0,0
IZO_MV,D,20190426,000000,5.99727,5.99727,5.99727,5.99727,0,0
IZO_MV,D,20190429,000000,5.99727,5.99727,5.99727,5.99727,0,0
IZO_MV,D,20190430,000000,5.88393,5.88393,5.74227,5.88393,0,0
IZO_MV,D,20190502,000000,5.88393,5.88393,5.88393,5.88393,0,0
IZO_MV,D,20190506,000000,5.88393,5.88393,5.38337,5.88393,0,0
IZO_MV,D,20190507,000000,5.88393,5.88393,5.88393,5.88393,0,0
IZO_MV,D,20190508,000000,5.84615,5.84615,5.84615,5.84615,0,0
IZO_MV,D,20190509,000000,5.84615,5.84615,5.84615,5.84615,0,0
IZO_MV,D,20190510,000000,5.84615,5.84615,5.84615,5.84615,0,0
IZO_MV,D,20190513,000000,5.84615,5.84615,5.84615,5.84615,0,0
IZO_MV,D,20190514,000000,5.84615,5.84615,5.84615,5.84615,0,0
IZO_MV,D,20190515,000000,5.84615,5.84615,5.84615,5.84615,0,0
IZO_MV,D,20190516,000000,5.84615,5.84615,5.84615,5.84615,0,0
IZO_MV,D,20190517,000000,5.84615,5.84615,5.2417,5.2417,0,0
IZO_MV,D,20190520,000000,5.76115,5.76115,5.76115,5.76115,0,0
IZO_MV,D,20190521,000000,5.84615,5.84615,5.84615,5.84615,0,0
IZO_MV,D,20190522,000000,5.84615,5.84615,5.38337,5.84615,0,0
IZO_MV,D,20190523,000000,5.84615,5.84615,5.84615,5.84615,0,0
IZO_MV,D,20190524,000000,5.84615,5.84615,5.84615,5.84615,0,0
IZO_MV,D,20190527,000000,5.84615,5.84615,5.84615,5.84615,0,0
IZO_MV,D,20190528,000000,5.84615,5.84615,5.27948,5.84615,0,0
IZO_MV,D,20190529,000000,5.84615,5.84615,5.84615,5.84615,0,0
IZO_MV,D,20190530,000000,5.84615,5.84615,5.84615,5.84615,0,0
IZO_MV,D,20190531,000000,5.84615,5.84615,5.84615,5.84615,0,0
IZO_MV,D,20190603,000000,5.84615,5.84615,5.84615,5.84615,0,0
IZO_MV,D,20190604,000000,5.84615,5.84615,5.84615,5.84615,0,0
IZO_MV,D,20190605,000000,5.84615,5.84615,5.84615,5.84615,0,0
IZO_MV,D,20190606,000000,5.74227,5.74227,5.74227,5.74227,0,0
IZO_MV,D,20190607,000000,5.74227,5.74227,5.74227,5.74227,0,0
IZO_MV,D,20190610,000000,5.74227,5.74227,5.74227,5.74227,0,0
IZO_MV,D,20190611,000000,5.74227,5.74227,5.74227,5.74227,0,0
IZO_MV,D,20190612,000000,5.74227,5.74227,5.74227,5.74227,0,0
IZO_MV,D,20190613,000000,5.74227,5.74227,5.74227,5.74227,0,0
IZO_MV,D,20190614,000000,5.74227,5.74227,5.74227,5.74227,0,0
IZO_MV,D,20190617,000000,5.74227,5.74227,5.74227,5.74227,0,0
IZO_MV,D,20190618,000000,5.74227,5.74227,5.74227,5.74227,0,0
IZO_MV,D,20190619,000000,5.74227,5.74227,5.27948,5.74227,0,0
IZO_MV,D,20190621,000000,5.74227,5.74227,5.74227,5.74227,0,0
IZO_MV,D,20190624,000000,5.70448,5.70448,5.27948,5.70448,0,0
IZO_MV,D,20190625,000000,5.66671,5.66671,5.66671,5.66671,0,0
IZO_MV,D,20190626,000000,5.70448,5.70448,5.70448,5.70448,0,0
IZO_MV,D,20190627,000000,5.38337,5.70448,5.38337,5.70448,0,0
IZO_MV,D,20190628,000000,5.66671,5.66671,5.66671,5.66671,0,0
IZO_MV,D,20190701,000000,5.66671,5.66671,5.66671,5.66671,0,0
IZO_MV,D,20190702,000000,5.66671,5.66671,5.66671,5.66671,0,0
IZO_MV,D,20190703,000000,5.66671,5.66671,5.38337,5.66671,0,0
IZO_MV,D,20190704,000000,5.66671,5.66671,5.38337,5.66671,0,0
IZO_MV,D,20190705,000000,5.66671,5.66671,5.66671,5.66671,0,0
IZO_MV,D,20190708,000000,5.66671,5.66671,5.66671,5.66671,0,0
IZO_MV,D,20190709,000000,5.66671,5.66671,5.66671,5.66671,0,0
IZO_MV,D,20190710,000000,5.66671,5.66671,5.66671,5.66671,0,0
IZO_MV,D,20190711,000000,5.63837,5.63837,5.63837,5.63837,0,0
IZO_MV,D,20190712,000000,5.63837,5.63837,5.38337,5.63837,0,0
IZO_MV,D,20190715,000000,5.63837,5.63837,5.42115,5.42115,0,0
IZO_MV,D,20190716,000000,5.63837,5.63837,5.63837,5.63837,0,0
IZO_MV,D,20190717,000000,5.63837,5.63837,5.63837,5.63837,0,0
IZO_MV,D,20190718,000000,5.63837,5.63837,5.63837,5.63837,0,0
IZO_MV,D,20190719,000000,5.63837,5.63837,5.63837,5.63837,0,0
IZO_MV,D,20190722,000000,5.38337,5.63837,5.38337,5.38337,0,0
IZO_MV,D,20190723,000000,5.42115,5.42115,5.42115,5.42115,0,0
IZO_MV,D,20190724,000000,5.42115,5.42115,5.42115,5.42115,0,0
IZO_MV,D,20190725,000000,5.42115,5.42115,5.42115,5.42115,0,0
IZO_MV,D,20190726,000000,5.42115,5.42115,5.42115,5.42115,0,0
IZO_MV,D,20190729,000000,5.42115,5.42115,5.36448,5.42115,0,0
IZO_MV,D,20190730,000000,5.42115,5.42115,5.42115,5.42115,0,0
IZO_MV,D,20190731,000000,5.42115,5.42115,5.42115,5.42115,0,0
IZO_MV,D,20190801,000000,5.42115,5.42115,5.42115,5.42115,0,0
IZO_MV,D,20190802,000000,5.42115,5.42115,5.42115,5.42115,0,0
IZO_MV,D,20190805,000000,5.42115,5.42115,5.42115,5.42115,0,0
IZO_MV,D,20190806,000000,5.42115,5.42115,5.42115,5.42115,0,0
IZO_MV,D,20190807,000000,5.42115,5.42115,5.42115,5.42115,0,0
IZO_MV,D,20190808,000000,5.42115,5.42115,5.06226,5.42115,0,0
IZO_MV,D,20190809,000000,5.42115,5.42115,5.42115,5.42115,0,0
IZO_MV,D,20190812,000000,5.42115,5.42115,4.88281,4.88281,0,0
IZO_MV,D,20190813,000000,4.88281,4.88281,4.88281,4.88281,0,0
IZO_MV,D,20190814,000000,5.16614,5.16614,5.16614,5.16614,0,0
IZO_MV,D,20190816,000000,5.42115,5.42115,5.42115,5.42115,0,0
IZO_MV,D,20190819,000000,5.42115,5.42115,5.42115,5.42115,0,0
IZO_MV,D,20190820,000000,5.42115,5.63837,5.42115,5.63837,0,0
IZO_MV,D,20190821,000000,5.63837,5.63837,5.56281,5.63837,0,0
IZO_MV,D,20190822,000000,5.63837,5.63837,5.63837,5.63837,0,0
IZO_MV,D,20190823,000000,5.61948,5.61948,5.61948,5.61948,0,0
IZO_MV,D,20190826,000000,5.61948,5.61948,5.61948,5.61948,0,0
IZO_MV,D,20190827,000000,5.61948,5.61948,5.61948,5.61948,0,0
IZO_MV,D,20190828,000000,5.61948,5.61948,5.61948,5.61948,0,0
IZO_MV,D,20190829,000000,5.61948,5.61948,5.61948,5.61948,0,0
IZO_MV,D,20190830,000000,5.61948,5.61948,5.61948,5.61948,0,0
IZO_MV,D,20190902,000000,5.61948,5.61948,5.61948,5.61948,0,0
IZO_MV,D,20190903,000000,5.61948,5.61948,5.61948,5.61948,0,0
IZO_MV,D,20190904,000000,5.61948,5.61948,5.61948,5.61948,0,0
IZO_MV,D,20190905,000000,5.61948,5.61948,5.61948,5.61948,0,0
IZO_MV,D,20190906,000000,5.61948,5.61948,5.61948,5.61948,0,0
IZO_MV,D,20190909,000000,5.61948,5.61948,5.42115,5.61948,0,0
IZO_MV,D,20190910,000000,5.61948,5.61948,5.42115,5.61948,0,0
IZO_MV,D,20190911,000000,5.61948,5.61948,5.61948,5.61948,0,0
IZO_MV,D,20190912,000000,5.61948,5.61948,5.20393,5.61948,0,0
IZO_MV,D,20190913,000000,5.6006,5.6006,5.6006,5.6006,0,0
IZO_MV,D,20190916,000000,5.6006,5.6006,5.6006,5.6006,0,0
IZO_MV,D,20190917,000000,5.6006,5.6006,5.6006,5.6006,0,0
IZO_MV,D,20190918,000000,5.6006,5.6006,5.6006,5.6006,0,0
IZO_MV,D,20190919,000000,5.6006,5.6006,5.6006,5.6006,0,0
IZO_MV,D,20190920,000000,5.6006,5.6006,5.6006,5.6006,0,0
IZO_MV,D,20190923,000000,5.38337,5.6006,5.38337,5.6006,0,0
IZO_MV,D,20190924,000000,5.38337,5.38337,5.38337,5.38337,0,0
IZO_MV,D,20190925,000000,5.6006,5.6006,5.6006,5.6006,0,0
IZO_MV,D,20190926,000000,5.6006,5.6006,5.6006,5.6006,0,0
IZO_MV,D,20190927,000000,5.6006,5.6006,5.6006,5.6006,0,0
IZO_MV,D,20190930,000000,5.6006,5.6006,5.30781,5.6006,0,0
IZO_MV,D,20191001,000000,5.52504,5.52504,5.38337,5.38337,0,0
IZO_MV,D,20191002,000000,5.52504,5.52504,5.52504,5.52504,0,0
IZO_MV,D,20191003,000000,5.52504,5.52504,5.52504,5.52504,0,0
IZO_MV,D,20191004,000000,5.52504,5.52504,5.52504,5.52504,0,0
IZO_MV,D,20191007,000000,5.48726,5.52504,5.48726,5.48726,0,0
IZO_MV,D,20191008,000000,5.48726,5.48726,5.48726,5.48726,0,0
IZO_MV,D,20191009,000000,5.48726,5.48726,5.48726,5.48726,0,0
IZO_MV,D,20191010,000000,5.48726,5.48726,5.48726,5.48726,0,0
IZO_MV,D,20191011,000000,5.48726,5.48726,5.48726,5.48726,0,0
IZO_MV,D,20191015,000000,5.48726,5.48726,5.48726,5.48726,0,0
IZO_MV,D,20191016,000000,5.48726,5.48726,5.48726,5.48726,0,0
IZO_MV,D,20191017,000000,5.48726,5.48726,5.48726,5.48726,0,0
IZO_MV,D,20191018,000000,5.38337,5.38337,5.38337,5.38337,0,0
IZO_MV,D,20191021,000000,5.48726,5.48726,5.48726,5.48726,0,0
IZO_MV,D,20191022,000000,5.48726,5.48726,5.48726,5.48726,0,0
IZO_MV,D,20191023,000000,5.38337,5.38337,5.38337,5.38337,0,0
IZO_MV,D,20191024,000000,5.38337,5.38337,5.38337,5.38337,0,0
IZO_MV,D,20191025,000000,5.27948,5.27948,5.27948,5.27948,0,0
IZO_MV,D,20191028,000000,5.48726,5.48726,5.27948,5.48726,0,0
IZO_MV,D,20191029,000000,5.48726,5.48726,5.48726,5.48726,0,0
IZO_MV,D,20191030,000000,5.48726,5.48726,5.29837,5.48726,0,0
IZO_MV,D,20191031,000000,5.48726,5.48726,5.48726,5.48726,0,0
IZO_MV,D,20191104,000000,5.48726,5.48726,5.48726,5.48726,0,0
IZO_MV,D,20191105,000000,5.48726,5.48726,5.48726,5.48726,0,0
IZO_MV,D,20191106,000000,5.42115,5.48726,5.42115,5.42115,0,0
IZO_MV,D,20191107,000000,5.27948,5.48726,5.27948,5.48726,0,0
IZO_MV,D,20191108,000000,5.48726,5.48726,5.48726,5.48726,0,0
IZO_MV,D,20191112,000000,5.48726,5.48726,5.2417,5.48726,0,0
IZO_MV,D,20191113,000000,5.48726,5.48726,5.48726,5.48726,0,0
IZO_MV,D,20191114,000000,5.48726,5.48726,5.48726,5.48726,0,0
IZO_MV,D,20191115,000000,5.48726,5.48726,5.48726,5.48726,0,0
IZO_MV,D,20191118,000000,5.48726,5.48726,5.27948,5.38337,0,0
IZO_MV,D,20191119,000000,5.48726,5.48726,5.48726,5.48726,0,0
IZO_MV,D,20191120,000000,5.48726,5.48726,5.48726,5.48726,0,0
IZO_MV,D,20191121,000000,5.48726,5.48726,5.48726,5.48726,0,0
IZO_MV,D,20191122,000000,5.48726,5.48726,5.48726,5.48726,0,0
IZO_MV,D,20191125,000000,5.48726,5.48726,5.16614,5.48726,0,0
IZO_MV,D,20191126,000000,5.48726,5.48726,5.48726,5.48726,0,0
IZO_MV,D,20191127,000000,5.38337,5.38337,5.38337,5.38337,0,0
IZO_MV,D,20191128,000000,5.38337,5.38337,5.38337,5.38337,0,0
IZO_MV,D,20191129,000000,5.38337,5.48726,5.2417,5.48726,0,0
IZO_MV,D,20191202,000000,5.48726,5.48726,5.48726,5.48726,0,0
IZO_MV,D,20191203,000000,5.48726,5.48726,5.48726,5.48726,0,0
IZO_MV,D,20191204,000000,5.48726,5.48726,5.48726,5.48726,0,0
IZO_MV,D,20191205,000000,5.48726,5.48726,5.48726,5.48726,0,0
IZO_MV,D,20191206,000000,5.48726,5.48726,5.48726,5.48726,0,0
IZO_MV,D,20191209,000000,5.48726,5.48726,5.48726,5.48726,0,0
IZO_MV,D,20191210,000000,5.48726,5.48726,5.48726,5.48726,0,0
IZO_MV,D,20191211,000000,5.48726,5.48726,5.48726,5.48726,0,0
IZO_MV,D,20191212,000000,5.48726,5.48726,5.48726,5.48726,0,0
IZO_MV,D,20191213,000000,5.48726,5.48726,5.48726,5.48726,0,0
IZO_MV,D,20191216,000000,5.48726,5.48726,5.48726,5.48726,0,0
IZO_MV,D,20191217,000000,5.48726,5.48726,5.38337,5.38337,0,0
IZO_MV,D,20191218,000000,5.48726,5.48726,5.48726,5.48726,0,0
IZO_MV,D,20191219,000000,5.48726,5.48726,5.48726,5.48726,0,0
IZO_MV,D,20191220,000000,5.48726,5.48726,5.48726,5.48726,0,0
IZO_MV,D,20191223,000000,5.48726,5.52504,5.48726,5.52504,0,0
IZO_MV,D,20191227,000000,5.74227,5.74227,5.74227,5.74227,0,0
IZO_MV,D,20191230,000000,5.6006,5.6006,5.6006,5.6006,0,0
IZO_MV,D,20200102,000000,5.74227,5.74227,5.6006,5.6006,0,0
IZO_MV,D,20200103,000000,5.70448,5.88393,5.66671,5.88393,0,0
IZO_MV,D,20200107,000000,6.46005,6.46005,6.46005,6.46005,0,0
IZO_MV,D,20200108,000000,6.40338,6.42227,5.92171,6.06338,0,0
IZO_MV,D,20200109,000000,6.22394,6.60171,5.88393,6.10115,0,0
IZO_MV,D,20200110,000000,6.71505,6.71505,6.10115,6.38449,0,0
IZO_MV,D,20200113,000000,6.38449,6.38449,6.38449,6.38449,0,0
IZO_MV,D,20200114,000000,6.63949,6.63949,6.38449,6.38449,0,0
IZO_MV,D,20200115,000000,6.63949,6.63949,6.38449,6.38449,0,0
IZO_MV,D,20200116,000000,6.63949,6.63949,6.63949,6.63949,0,0
IZO_MV,D,20200117,000000,6.60171,6.60171,6.38449,6.5356,0,0
IZO_MV,D,20200120,000000,6.49782,6.49782,6.49782,6.49782,0,0
IZO_MV,D,20200121,000000,6.49782,6.49782,6.49782,6.49782,0,0
IZO_MV,D,20200122,000000,6.49782,6.49782,6.49782,6.49782,0,0
IZO_MV,D,20200123,000000,6.49782,6.49782,6.49782,6.49782,0,0
IZO_MV,D,20200124,000000,6.49782,6.49782,6.35615,6.35615,0,0
IZO_MV,D,20200127,000000,6.31838,6.31838,6.31838,6.31838,0,0
IZO_MV,D,20200128,000000,6.35615,6.35615,6.2806,6.2806,0,0
IZO_MV,D,20200129,000000,6.24282,6.24282,6.10115,6.10115,0,0
IZO_MV,D,20200130,000000,5.48726,5.92171,5.48726,5.92171,0,0
IZO_MV,D,20200131,000000,6.10115,6.10115,5.74227,6.10115,0,0
IZO_MV,D,20200203,000000,6.10115,6.10115,6.10115,6.10115,0,0
IZO_MV,D,20200204,000000,6.10115,6.31838,6.10115,6.20504,0,0
IZO_MV,D,20200205,000000,6.31838,6.31838,6.20504,6.31838,0,0
IZO_MV,D,20200206,000000,5.83671,6.31838,5.81782,6.31838,0,0
IZO_MV,D,20200207,000000,6.38449,6.38449,6.38449,6.38449,0,0
IZO_MV,D,20200210,000000,6.42227,6.42227,6.38449,6.42227,0,0
IZO_MV,D,20200211,000000,6.46005,6.46005,6.2806,6.2806,0,0
IZO_MV,D,20200212,000000,6.46005,6.46005,6.46005,6.46005,0,0
IZO_MV,D,20200213,000000,6.42227,6.42227,6.10115,6.42227,0,0
IZO_MV,D,20200214,000000,6.42227,6.42227,6.42227,6.42227,0,0
IZO_MV,D,20200217,000000,6.42227,6.42227,6.42227,6.42227,0,0
IZO_MV,D,20200218,000000,6.42227,6.42227,6.42227,6.42227,0,0
IZO_MV,D,20200219,000000,6.42227,6.42227,5.92171,6.2806,0,0
IZO_MV,D,20200220,000000,6.10115,6.38449,5.74227,6.38449,0,0
IZO_MV,D,20200221,000000,6.38449,6.38449,6.38449,6.38449,0,0
IZO_MV,D,20200224,000000,6.38449,6.38449,6.38449,6.38449,0,0
IZO_MV,D,20200225,000000,5.6006,5.70448,5.6006,5.70448,0,0
IZO_MV,D,20200226,000000,5.70448,5.70448,5.70448,5.70448,0,0
IZO_MV,D,20200227,000000,5.70448,5.74227,5.48726,5.74227,0,0
IZO_MV,D,20200303,000000,6.38449,6.38449,6.38449,6.38449,0,0
IZO_MV,D,20200304,000000,6.38449,6.38449,6.38449,6.38449,0,0
IZO_MV,D,20200305,000000,6.38449,6.38449,5.78004,5.95948,0,0
IZO_MV,D,20200306,000000,6.40338,6.40338,5.92171,6.37504,0,0
IZO_MV,D,20200309,000000,6.37504,6.37504,6.35615,6.35615,0,0
IZO_MV,D,20200310,000000,6.31838,6.31838,5.56281,5.56281,0,0
IZO_MV,D,20200313,000000,4.48614,4.93948,4.48614,4.93948,0,0
IZO_MV,D,20200316,000000,4.50503,4.66559,4.50503,4.66559,0,0
IZO_MV,D,20200317,000000,4.66559,4.66559,4.66559,4.66559,0,0
IZO_MV,D,20200318,000000,4.66559,4.66559,4.66559,4.66559,0,0
IZO_MV,D,20200319,000000,5.02448,5.02448,4.66559,5.02448,0,0
IZO_MV,D,20200320,000000,5.06226,5.56281,5.02448,5.38337,0,0
IZO_MV,D,20200323,000000,5.56281,5.56281,5.56281,5.56281,0,0
IZO_MV,D,20200324,000000,5.56281,5.56281,5.56281,5.56281,0,0
IZO_MV,D,20200325,000000,5.56281,5.56281,5.56281,5.56281,0,0
IZO_MV,D,20200326,000000,5.56281,5.56281,5.56281,5.56281,0,0
IZO_MV,D,20200327,000000,5.56281,5.56281,5.56281,5.56281,0,0
IZO_MV,D,20200330,000000,5.56281,5.56281,5.56281,5.56281,0,0
IZO_MV,D,20200331,000000,5.56281,5.56281,5.56281,5.56281,0,0
IZO_MV,D,20200401,000000,5.56281,5.56281,5.56281,5.56281,0,0
IZO_MV,D,20200402,000000,5.56281,5.56281,5.56281,5.56281,0,0
IZO_MV,D,20200403,000000,5.56281,5.56281,5.56281,5.56281,0,0
IZO_MV,D,20200406,000000,5.56281,5.56281,5.56281,5.56281,0,0
IZO_MV,D,20200407,000000,5.02448,5.3267,5.02448,5.3267,0,0
IZO_MV,D,20200408,000000,5.3267,5.3267,5.3267,5.3267,0,0
IZO_MV,D,20200409,000000,5.3267,5.3267,5.3267,5.3267,0,0
IZO_MV,D,20200414,000000,5.3267,5.56281,5.02448,5.56281,0,0
IZO_MV,D,20200415,000000,5.56281,5.56281,5.3456,5.56281,0,0
IZO_MV,D,20200416,000000,5.74227,6.12004,5.74227,6.10115,0,0
IZO_MV,D,20200417,000000,6.10115,6.10115,5.81782,5.81782,0,0
IZO_MV,D,20200420,000000,5.81782,5.81782,5.81782,5.81782,0,0
IZO_MV,D,20200421,000000,5.81782,5.81782,5.81782,5.81782,0,0
IZO_MV,D,20200422,000000,5.2606,5.27948,5.2606,5.27948,0,0
IZO_MV,D,20200423,000000,5.81782,5.81782,5.47781,5.48726,0,0
IZO_MV,D,20200424,000000,5.79893,5.79893,5.79893,5.79893,0,0
IZO_MV,D,20200427,000000,5.81782,5.81782,5.48726,5.81782,0,0
IZO_MV,D,20200428,000000,5.81782,5.81782,5.81782,5.81782,0,0
IZO_MV,D,20200429,000000,5.81782,5.84615,5.3456,5.84615,0,0
IZO_MV,D,20200430,000000,6.06338,6.06338,6.06338,6.06338,0,0
IZO_MV,D,20200504,000000,6.06338,6.06338,6.06338,6.06338,0,0
IZO_MV,D,20200505,000000,6.06338,6.06338,6.06338,6.06338,0,0
IZO_MV,D,20200506,000000,5.84615,5.92171,5.84615,5.92171,0,0
IZO_MV,D,20200507,000000,5.92171,5.92171,5.92171,5.92171,0,0
IZO_MV,D,20200508,000000,5.92171,5.92171,5.92171,5.92171,0,0
IZO_MV,D,20200511,000000,5.92171,5.92171,5.92171,5.92171,0,0
IZO_MV,D,20200512,000000,5.92171,5.92171,5.38337,5.74227,0,0
IZO_MV,D,20200513,000000,5.74227,5.74227,5.74227,5.74227,0,0
IZO_MV,D,20200514,000000,5.74227,5.74227,5.2417,5.74227,0,0
IZO_MV,D,20200515,000000,5.70448,5.70448,5.70448,5.70448,0,0
IZO_MV,D,20200518,000000,5.66671,5.66671,5.66671,5.66671,0,0
IZO_MV,D,20200519,000000,5.56281,5.56281,5.3456,5.56281,0,0
IZO_MV,D,20200520,000000,5.74227,5.74227,5.48726,5.66671,0,0
IZO_MV,D,20200521,000000,5.74227,5.74227,5.74227,5.74227,0,0
IZO_MV,D,20200522,000000,5.66671,5.66671,5.66671,5.66671,0,0
IZO_MV,D,20200525,000000,5.66671,5.66671,5.66671,5.66671,0,0
IZO_MV,D,20200526,000000,5.45893,5.74227,5.45893,5.74227,0,0
IZO_MV,D,20200527,000000,5.74227,5.74227,5.3456,5.70448,0,0
IZO_MV,D,20200528,000000,5.70448,5.70448,5.38337,5.70448,0,0
IZO_MV,D,20200529,000000,5.74227,5.74227,5.74227,5.74227,0,0
IZO_MV,D,20200601,000000,5.74227,5.74227,5.74227,5.74227,0,0
IZO_MV,D,20200602,000000,5.74227,5.74227,5.74227,5.74227,0,0
IZO_MV,D,20200603,000000,5.74227,5.74227,5.42115,5.66671,0,0
IZO_MV,D,20200604,000000,5.66671,5.66671,5.66671,5.66671,0,0
IZO_MV,D,20200605,000000,5.66671,5.66671,5.47781,5.66671,0,0
IZO_MV,D,20200608,000000,5.66671,5.66671,5.66671,5.66671,0,0
IZO_MV,D,20200609,000000,5.66671,5.66671,5.66671,5.66671,0,0
IZO_MV,D,20200610,000000,5.66671,5.66671,5.42115,5.42115,0,0
IZO_MV,D,20200612,000000,5.66671,5.66671,5.66671,5.66671,0,0
IZO_MV,D,20200615,000000,5.66671,5.66671,5.66671,5.66671,0,0
IZO_MV,D,20200616,000000,5.66671,5.66671,5.66671,5.66671,0,0
IZO_MV,D,20200617,000000,5.66671,5.66671,5.66671,5.66671,0,0
IZO_MV,D,20200618,000000,5.66671,5.66671,5.66671,5.66671,0,0
IZO_MV,D,20200619,000000,5.6006,5.66671,5.6006,5.66671,0,0
IZO_MV,D,20200622,000000,5.70448,5.70448,5.70448,5.70448,0,0
IZO_MV,D,20200623,000000,5.70448,5.70448,5.70448,5.70448,0,0
IZO_MV,D,20200624,000000,5.70448,5.74227,5.70448,5.74227,0,0
IZO_MV,D,20200625,000000,5.70448,5.70448,5.70448,5.70448,0,0
IZO_MV,D,20200626,000000,5.70448,5.70448,5.70448,5.70448,0,0
IZO_MV,D,20200629,000000,5.63837,5.63837,5.63837,5.63837,0,0
IZO_MV,D,20200630,000000,5.63837,5.63837,5.63837,5.63837,0,0
IZO_MV,D,20200701,000000,5.63837,5.63837,5.30781,5.63837,0,0
IZO_MV,D,20200702,000000,5.63837,5.63837,5.63837,5.63837,0,0
IZO_MV,D,20200703,000000,5.63837,5.63837,5.30781,5.63837,0,0
IZO_MV,D,20200706,000000,5.61948,5.61948,5.58171,5.58171,0,0
IZO_MV,D,20200707,000000,5.38337,5.38337,5.30781,5.30781,0,0
IZO_MV,D,20200708,000000,5.30781,5.30781,5.30781,5.30781,0,0
IZO_MV,D,20200709,000000,5.29837,5.56281,5.29837,5.56281,0,0
IZO_MV,D,20200710,000000,5.56281,5.56281,5.56281,5.56281,0,0
IZO_MV,D,20200713,000000,5.56281,5.56281,5.56281,5.56281,0,0
IZO_MV,D,20200714,000000,5.48726,5.48726,5.48726,5.48726,0,0
IZO_MV,D,20200715,000000,5.48726,5.48726,5.48726,5.48726,0,0
IZO_MV,D,20200716,000000,5.38337,5.38337,5.30781,5.38337,0,0
IZO_MV,D,20200717,000000,5.48726,5.48726,5.48726,5.48726,0,0
IZO_MV,D,20200720,000000,5.48726,5.48726,5.16614,5.16614,0,0
IZO_MV,D,20200721,000000,5.3456,5.3456,5.3456,5.3456,0,0
IZO_MV,D,20200722,000000,5.42115,5.42115,5.38337,5.38337,0,0
IZO_MV,D,20200723,000000,5.38337,5.38337,5.3456,5.3456,0,0
IZO_MV,D,20200724,000000,5.3456,5.3456,5.3456,5.3456,0,0
IZO_MV,D,20200727,000000,5.3456,5.3456,5.3456,5.3456,0,0
IZO_MV,D,20200728,000000,5.3456,5.3456,5.3456,5.3456,0,0
IZO_MV,D,20200729,000000,5.3456,5.3456,5.20393,5.20393,0,0
IZO_MV,D,20200730,000000,5.3456,5.3456,5.20393,5.20393,0,0
IZO_MV,D,20200731,000000,5.3456,5.3456,5.3456,5.3456,0,0
IZO_MV,D,20200803,000000,5.3456,5.3456,4.84503,5.02448,0,0
IZO_MV,D,20200804,000000,5.3456,5.3456,5.3456,5.3456,0,0
IZO_MV,D,20200805,000000,5.3456,5.3456,5.3456,5.3456,0,0
IZO_MV,D,20200806,000000,5.3456,5.3456,4.74114,5.3267,0,0
IZO_MV,D,20200807,000000,5.3267,5.3267,4.80726,5.3267,0,0
IZO_MV,D,20200810,000000,5.29837,5.29837,4.92059,5.27948,0,0
IZO_MV,D,20200811,000000,5.27948,5.27948,4.80726,5.2417,0,0
IZO_MV,D,20200812,000000,5.2417,5.2417,4.88281,5.2417,0,0
IZO_MV,D,20200813,000000,5.2417,5.2417,5.20393,5.20393,0,0
IZO_MV,D,20200814,000000,5.20393,5.20393,5.10004,5.20393,0,0
IZO_MV,D,20200817,000000,5.20393,5.20393,5.20393,5.20393,0,0
IZO_MV,D,20200818,000000,5.20393,5.27948,5.20393,5.20393,0,0
IZO_MV,D,20200819,000000,5.20393,5.20393,5.20393,5.20393,0,0
IZO_MV,D,20200820,000000,5.20393,5.20393,5.02448,5.20393,0,0
IZO_MV,D,20200821,000000,5.20393,5.3456,5.20393,5.3456,0,0
IZO_MV,D,20200824,000000,5.3456,5.3456,5.3456,5.3456,0,0
IZO_MV,D,20200825,000000,5.3456,5.3456,5.27948,5.3456,0,0
IZO_MV,D,20200826,000000,5.3456,5.3456,5.02448,5.22281,0,0
IZO_MV,D,20200827,000000,5.2417,5.2417,5.2417,5.2417,0,0
IZO_MV,D,20200828,000000,5.2417,5.2417,5.2417,5.2417,0,0
IZO_MV,D,20200831,000000,5.2417,5.2417,5.2417,5.2417,0,0
IZO_MV,D,20200901,000000,5.30781,5.30781,5.30781,5.30781,0,0
IZO_MV,D,20200902,000000,5.30781,5.30781,5.30781,5.30781,0,0
IZO_MV,D,20200903,000000,5.30781,5.30781,5.30781,5.30781,0,0
IZO_MV,D,20200904,000000,5.30781,5.30781,5.02448,5.30781,0,0
IZO_MV,D,20200907,000000,5.30781,5.30781,5.30781,5.30781,0,0
IZO_MV,D,20200908,000000,5.30781,5.30781,5.30781,5.30781,0,0
IZO_MV,D,20200909,000000,5.30781,5.30781,5.30781,5.30781,0,0
IZO_MV,D,20200910,000000,5.02448,5.27948,5.02448,5.27948,0,0
IZO_MV,D,20200911,000000,5.2417,5.27948,5.2417,5.27948,0,0
IZO_MV,D,20200914,000000,5.27948,5.27948,4.66559,4.84503,0,0
IZO_MV,D,20200915,000000,5.18504,5.18504,5.02448,5.18504,0,0
IZO_MV,D,20200916,000000,5.18504,5.18504,5.18504,5.18504,0,0
IZO_MV,D,20200917,000000,5.22281,5.22281,5.22281,5.22281,0,0
IZO_MV,D,20200918,000000,5.22281,5.22281,5.22281,5.22281,0,0
IZO_MV,D,20200921,000000,5.2606,5.2606,5.2606,5.2606,0,0
IZO_MV,D,20200922,000000,5.22281,5.22281,5.22281,5.22281,0,0
IZO_MV,D,20200923,000000,5.20393,5.20393,5.20393,5.20393,0,0
IZO_MV,D,20200924,000000,5.18504,5.18504,5.18504,5.18504,0,0
IZO_MV,D,20200925,000000,5.16614,5.16614,5.16614,5.16614,0,0
IZO_MV,D,20200928,000000,5.16614,5.16614,5.16614,5.16614,0,0
IZO_MV,D,20200929,000000,5.14726,5.16614,5.14726,5.16614,0,0
IZO_MV,D,20200930,000000,5.27948,5.27948,5.16614,5.27948,0,0
IZO_MV,D,20201001,000000,5.27948,5.27948,5.2417,5.2417,0,0
IZO_MV,D,20201002,000000,5.27948,5.27948,4.84503,5.27948,0,0
IZO_MV,D,20201005,000000,5.2606,5.2606,5.2606,5.2606,0,0
IZO_MV,D,20201006,000000,5.27948,5.27948,5.2417,5.2417,0,0
IZO_MV,D,20201007,000000,4.92059,4.92059,4.92059,4.92059,0,0
IZO_MV,D,20201008,000000,5.27948,5.27948,5.27948,5.27948,0,0
IZO_MV,D,20201009,000000,5.20393,5.20393,5.16614,5.16614,0,0
IZO_MV,D,20201012,000000,5.16614,5.27948,5.16614,5.2417,0,0
IZO_MV,D,20201013,000000,5.27948,5.27948,5.27948,5.27948,0,0
IZO_MV,D,20201014,000000,5.27948,5.27948,5.27948,5.27948,0,0
IZO_MV,D,20201015,000000,5.27948,5.27948,5.27948,5.27948,0,0
IZO_MV,D,20201016,000000,5.27948,5.27948,4.94893,5.27948,0,0
IZO_MV,D,20201019,000000,4.84503,5.27948,4.80726,5.27948,0,0
IZO_MV,D,20201020,000000,5.27948,5.27948,5.27948,5.27948,0,0
IZO_MV,D,20201021,000000,5.27948,5.27948,5.27948,5.27948,0,0
IZO_MV,D,20201022,000000,5.27948,5.27948,5.27948,5.27948,0,0
IZO_MV,D,20201023,000000,5.27948,5.27948,5.27948,5.27948,0,0
IZO_MV,D,20201026,000000,5.27948,5.27948,5.27948,5.27948,0,0
IZO_MV,D,20201027,000000,5.27948,5.27948,4.86393,5.27948,0,0
IZO_MV,D,20201028,000000,5.27948,5.27948,5.27948,5.27948,0,0
IZO_MV,D,20201029,000000,5.27948,5.27948,5.27948,5.27948,0,0
IZO_MV,D,20201030,000000,5.27948,5.27948,5.27948,5.27948,0,0
IZO_MV,D,20201102,000000,5.27948,5.27948,4.84503,5.02448,0,0
IZO_MV,D,20201103,000000,5.08114,5.08114,5.08114,5.08114,0,0
IZO_MV,D,20201104,000000,5.08114,5.08114,5.08114,5.08114,0,0
IZO_MV,D,20201105,000000,4.6467,5.11893,4.6467,5.11893,0,0
IZO_MV,D,20201106,000000,5.18504,5.18504,5.18504,5.18504,0,0
IZO_MV,D,20201109,000000,5.18504,5.18504,5.02448,5.18504,0,0
IZO_MV,D,20201110,000000,5.18504,5.18504,5.18504,5.18504,0,0
IZO_MV,D,20201112,000000,5.18504,5.27948,5.18504,5.27948,0,0
IZO_MV,D,20201113,000000,5.38337,5.66671,5.16614,5.66671,0,0
IZO_MV,D,20201116,000000,5.65726,5.65726,5.63837,5.63837,0,0
IZO_MV,D,20201117,000000,5.63837,5.63837,5.27948,5.63837,0,0
IZO_MV,D,20201118,000000,5.63837,5.63837,5.63837,5.63837,0,0
IZO_MV,D,20201119,000000,5.63837,5.63837,5.63837,5.63837,0,0
IZO_MV,D,20201120,000000,5.63837,5.63837,5.63837,5.63837,0,0
IZO_MV,D,20201123,000000,5.76115,6.94172,5.76115,6.81894,0,0
IZO_MV,D,20201124,000000,6.81894,7.03616,6.42227,6.71505,0,0
IZO_MV,D,20201125,000000,6.46005,6.71505,6.2806,6.5356,0,0
IZO_MV,D,20201126,000000,6.5356,6.5356,6.5356,6.5356,0,0
IZO_MV,D,20201127,000000,6.78116,6.78116,6.33727,6.33727,0,0
IZO_MV,D,20201130,000000,6.78116,6.78116,6.60171,6.60171,0,0
IZO_MV,D,20201201,000000,6.63949,6.78116,6.33727,6.67727,0,0
IZO_MV,D,20201202,000000,6.67727,6.78116,6.63949,6.78116,0,0
IZO_MV,D,20201203,000000,6.78116,6.78116,6.78116,6.78116,0,0
IZO_MV,D,20201204,000000,6.63949,6.63949,6.63949,6.63949,0,0
IZO_MV,D,20201207,000000,6.63949,6.63949,6.2806,6.5356,0,0
IZO_MV,D,20201208,000000,6.63949,6.63949,6.31838,6.46005,0,0
IZO_MV,D,20201209,000000,6.63949,6.81894,6.38449,6.46005,0,0
IZO_MV,D,20201210,000000,6.5356,6.83782,6.46005,6.74338,0,0
IZO_MV,D,20201211,000000,6.74338,6.92282,6.65838,6.92282,0,0
IZO_MV,D,20201214,000000,7.03616,7.03616,6.96061,6.96061,0,0
IZO_MV,D,20201215,000000,7.03616,7.03616,6.96061,6.96061,0,0
IZO_MV,D,20201216,000000,7.03616,7.61228,7.03616,7.39505,0,0
IZO_MV,D,20201217,000000,7.53672,8.71729,7.53672,8.43395,0,0
IZO_MV,D,20201218,000000,8.43395,8.5095,7.64061,8.43395,0,0
IZO_MV,D,20201221,000000,8.53783,8.53783,7.71616,8.2545,0,0
IZO_MV,D,20201222,000000,8.53783,8.53783,7.97116,8.17895,0,0
IZO_MV,D,20201223,000000,8.39617,8.39617,7.82005,8.39617,0,0
IZO_MV,D,20201228,000000,8.39617,8.39617,7.89561,8.2545,0,0
IZO_MV,D,20201229,000000,8.2545,8.2545,7.53672,7.82005,0,0
IZO_MV,D,20201230,000000,7.79172,8.07506,7.75395,8.07506,0,0
IZO_MV,D,20210104,000000,7.82005,8.2545,7.82005,8.15062,0,0
IZO_MV,D,20210105,000000,8.33006,8.43395,8.17895,8.43395,0,0
IZO_MV,D,20210107,000000,8.43395,8.43395,7.89561,8.21672,0,0
IZO_MV,D,20210108,000000,8.15062,8.43395,7.89561,8.33006,0,0
IZO_MV,D,20210111,000000,8.07506,8.21672,7.67839,7.89561,0,0
IZO_MV,D,20210112,000000,7.89561,8.17895,7.64061,7.64061,0,0
IZO_MV,D,20210113,000000,7.64061,7.64061,7.28172,7.53672,0,0
IZO_MV,D,20210114,000000,7.53672,7.53672,7.35728,7.53672,0,0
IZO_MV,D,20210115,000000,7.53672,8.21672,7.53672,7.9995,0,0
IZO_MV,D,20210118,000000,7.57449,8.39617,7.57449,8.2545,0,0
IZO_MV,D,20210119,000000,8.2545,8.2545,8.17895,8.21672,0,0
IZO_MV,D,20210120,000000,8.21672,8.39617,8.21672,8.33006,0,0
IZO_MV,D,20210121,000000,8.33006,8.33006,7.9995,8.33006,0,0
IZO_MV,D,20210122,000000,8.33006,8.33006,8.33006,8.33006,0,0
IZO_MV,D,20210125,000000,8.33006,8.39617,8.03728,8.35839,0,0
IZO_MV,D,20210126,000000,8.39617,8.39617,8.03728,8.35839,0,0
IZO_MV,D,20210127,000000,8.39617,8.39617,8.03728,8.03728,0,0
IZO_MV,D,20210128,000000,8.29228,8.29228,8.2545,8.2545,0,0
IZO_MV,D,20210129,000000,8.21672,8.21672,8.07506,8.21672,0,0
IZO_MV,D,20210201,000000,8.07506,8.17895,8.07506,8.17895,0,0
IZO_MV,D,20210202,000000,8.21672,8.21672,8.17895,8.21672,0,0
IZO_MV,D,20210203,000000,8.21672,8.2545,7.97116,8.2545,0,0
IZO_MV,D,20210204,000000,8.2545,8.2545,7.93339,8.17895,0,0
IZO_MV,D,20210205,000000,8.17895,8.97229,7.97116,8.97229,0,0
IZO_MV,D,20210208,000000,8.97229,10.1245,8.97229,10.049,0,0
IZO_MV,D,20210209,000000,10.049,10.3323,9.76566,10.3323,0,0
IZO_MV,D,20210210,000000,10.4078,10.4078,9.83174,10.2662,0,0
IZO_MV,D,20210211,000000,10.3701,10.4078,9.83174,10.4078,0,0
IZO_MV,D,20210212,000000,10.4078,10.4834,9.86948,10.4834,0,0
IZO_MV,D,20210215,000000,11.1257,11.1257,10.4834,10.8423,0,0
IZO_MV,D,20210216,000000,10.5495,10.7667,10.1245,10.7667,0,0
IZO_MV,D,20210217,000000,10.7667,10.7667,10.7667,10.7667,0,0
IZO_MV,D,20210218,000000,10.7667,10.9084,10.3701,10.729,0,0
IZO_MV,D,20210219,000000,10.6912,11.1257,10.4078,11.1257,0,0
IZO_MV,D,20210222,000000,11.1257,11.1257,10.7667,10.7667,0,0
IZO_MV,D,20210223,000000,11.0878,11.0878,10.4457,11.0878,0,0
IZO_MV,D,20210224,000000,11.0878,11.0878,10.7667,10.7667,0,0
IZO_MV,D,20210225,000000,11.0878,11.0878,10.7667,10.7667,0,0
IZO_MV,D,20210226,000000,10.5873,11.0217,10.5873,11.0217,0,0
IZO_MV,D,20210301,000000,10.8423,10.8423,10.4834,10.4834,0,0
IZO_MV,D,20210302,000000,10.4078,10.8423,9.90732,10.7667,0,0
IZO_MV,D,20210303,000000,10.7667,10.7667,10.1245,10.6628,0,0
IZO_MV,D,20210304,000000,10.6628,10.6628,9.76566,10.6251,0,0
IZO_MV,D,20210305,000000,10.6251,10.6251,9.58617,10.4834,0,0
IZO_MV,D,20210308,000000,10.049,10.6628,10.049,10.6628,0,0
IZO_MV,D,20210309,000000,10.6628,10.6628,10.304,10.6628,0,0
IZO_MV,D,20210310,000000,10.6628,10.729,10.6628,10.6628,0,0
IZO_MV,D,20210311,000000,10.6628,10.6628,10.4078,10.6628,0,0
IZO_MV,D,20210312,000000,10.6628,10.6628,10.6251,10.6251,0,0
IZO_MV,D,20210315,000000,10.729,10.729,10.2662,10.729,0,0
IZO_MV,D,20210316,000000,10.6628,10.6628,10.6628,10.6628,0,0
IZO_MV,D,20210317,000000,10.0867,10.6628,10.0867,10.4078,0,0
IZO_MV,D,20210318,000000,10.4078,10.4078,9.90732,10.3323,0,0
IZO_MV,D,20210319,000000,10.3323,10.3323,9.69007,10.3323,0,0
IZO_MV,D,20210322,000000,10.3323,10.4078,10.1907,10.4078,0,0
IZO_MV,D,20210323,000000,10.4078,10.4078,10.049,10.3323,0,0
IZO_MV,D,20210324,000000,10.4078,10.4078,10.4078,10.4078,0,0
IZO_MV,D,20210325,000000,10.4078,10.4078,9.79399,10.3701,0,0
IZO_MV,D,20210326,000000,10.4078,10.4078,10.3701,10.4078,0,0
IZO_MV,D,20210329,000000,10.4078,10.6912,10.049,10.6628,0,0
IZO_MV,D,20210330,000000,10.6628,10.6912,10.6628,10.6628,0,0
IZO_MV,D,20210331,000000,10.6628,10.6628,10.6251,10.6251,0,0
IZO_MV,D,20210401,000000,10.6251,10.6912,10.1907,10.5495,0,0
IZO_MV,D,20210406,000000,9.5484,10.4834,9.5484,10.4834,0,0
IZO_MV,D,20210407,000000,10.4834,10.4834,10.049,10.3323,0,0
IZO_MV,D,20210408,000000,10.4078,10.4078,9.76566,10.1907,0,0
IZO_MV,D,20210409,000000,10.4078,10.4078,9.83174,9.90732,0,0
IZO_MV,D,20210412,000000,9.9734,9.9734,9.61451,9.83174,0,0
IZO_MV,D,20210413,000000,10.049,10.049,9.61451,10.049,0,0
IZO_MV,D,20210414,000000,10.049,10.1245,10.049,10.1245,0,0
IZO_MV,D,20210415,000000,10.1907,10.1907,9.61451,9.90732,0,0
IZO_MV,D,20210416,000000,10.1245,10.1245,9.69007,9.9734,0,0
IZO_MV,D,20210419,000000,9.9734,10.1245,9.61451,10.1245,0,0
IZO_MV,D,20210420,000000,10.4078,10.4078,10.049,10.049,0,0
IZO_MV,D,20210421,000000,10.3323,10.3323,10.3323,10.3323,0,0
IZO_MV,D,20210422,000000,10.4078,10.4078,10.049,10.049,0,0
IZO_MV,D,20210423,000000,10.4078,10.4078,9.76566,10.2662,0,0
IZO_MV,D,20210426,000000,10.2662,10.2662,10.049,10.1245,0,0
IZO_MV,D,20210427,000000,10.1245,10.1245,10.049,10.049,0,0
IZO_MV,D,20210428,000000,10.1245,10.1245,10.1245,10.1245,0,0
IZO_MV,D,20210429,000000,10.1245,10.1245,10.049,10.1245,0,0
IZO_MV,D,20210430,000000,10.049,10.3323,10.049,10.2662,0,0
IZO_MV,D,20210504,000000,10.4078,11.0501,10.4078,10.8423,0,0
IZO_MV,D,20210505,000000,10.8423,12.4195,10.8423,12.4195,0,0
IZO_MV,D,20210506,000000,12.2023,13.4207,12.2023,12.9201,0,0
IZO_MV,D,20210507,000000,12.5612,13.279,12.2778,12.7784,0,0
IZO_MV,D,20210510,000000,12.6368,12.6368,12.2023,12.2023,0,0
IZO_MV,D,20210511,000000,12.5612,12.5612,11.4845,12.344,0,0
IZO_MV,D,20210512,000000,12.5612,12.5612,11.7017,12.2023,0,0
IZO_MV,D,20210513,000000,12.1268,12.344,11.8434,12.2023,0,0
IZO_MV,D,20210514,000000,12.2023,12.2023,11.0501,11.2673,0,0
IZO_MV,D,20210517,000000,11.1257,11.8434,10.9084,11.8434,0,0
IZO_MV,D,20210518,000000,11.7678,11.7678,11.7678,11.7678,0,0
IZO_MV,D,20210519,000000,11.7678,11.7678,10.984,11.2673,0,0
IZO_MV,D,20210520,000000,11.4845,12.0607,10.8423,12.0607,0,0
IZO_MV,D,20210521,000000,11.9851,12.0607,10.8423,11.7678,0,0
IZO_MV,D,20210524,000000,11.7017,11.7017,10.9084,11.409,0,0
IZO_MV,D,20210525,000000,11.409,11.919,11.1257,11.6262,0,0
IZO_MV,D,20210526,000000,11.409,11.409,11.1257,11.1257,0,0
IZO_MV,D,20210527,000000,11.3428,11.3428,10.6912,10.6912,0,0
IZO_MV,D,20210528,000000,11.3428,11.3428,10.4078,11.3428,0,0
IZO_MV,D,20210531,000000,11.3428,11.3428,11.0501,11.3428,0,0
IZO_MV,D,20210601,000000,10.984,10.984,10.7667,10.7667,0,0
IZO_MV,D,20210602,000000,10.9084,11.2012,10.8423,11.2012,0,0
IZO_MV,D,20210604,000000,11.2673,11.919,10.6251,11.919,0,0
IZO_MV,D,20210607,000000,11.9851,11.9851,11.7017,11.7017,0,0
IZO_MV,D,20210608,000000,11.8434,11.8434,11.8434,11.8434,0,0
IZO_MV,D,20210609,000000,11.8434,11.8434,11.2673,11.2673,0,0
IZO_MV,D,20210610,000000,11.3428,11.3428,11.3428,11.3428,0,0
IZO_MV,D,20210611,000000,11.7017,11.7017,11.6262,11.6262,0,0
IZO_MV,D,20210614,000000,11.6262,11.6262,11.2673,11.4845,0,0
IZO_MV,D,20210615,000000,11.1257,11.6262,11.1257,11.6262,0,0
IZO_MV,D,20210616,000000,11.4845,11.6262,11.1257,11.1257,0,0
IZO_MV,D,20210617,000000,11.9851,11.9851,10.984,11.4845,0,0
IZO_MV,D,20210618,000000,11.7678,11.7678,11.6262,11.7017,0,0
IZO_MV,D,20210621,000000,11.7678,11.7678,11.3428,11.7017,0,0
IZO_MV,D,20210622,000000,11.8434,11.9851,11.2673,11.9851,0,0
IZO_MV,D,20210623,000000,11.9851,11.9851,11.9851,11.9851,0,0
IZO_MV,D,20210624,000000,11.9851,11.9851,11.1257,11.9851,0,0
IZO_MV,D,20210625,000000,11.919,11.919,11.3428,11.8434,0,0
IZO_MV,D,20210628,000000,11.9851,11.9851,11.9851,11.9851,0,0
IZO_MV,D,20210629,000000,11.9851,11.9851,11.9851,11.9851,0,0
IZO_MV,D,20210630,000000,11.9851,11.9851,10.984,11.8434,0,0
IZO_MV,D,20210701,000000,11.8434,11.8434,10.6912,10.6912,0,0
IZO_MV,D,20210702,000000,10.6912,11.8434,10.6912,11.1257,0,0
IZO_MV,D,20210705,000000,11.1257,11.5601,11.1257,11.1257,0,0
IZO_MV,D,20210706,000000,11.1257,11.1257,10.5495,10.984,0,0
IZO_MV,D,20210707,000000,11.1257,11.1257,10.7667,11.0501,0,0
IZO_MV,D,20210708,000000,11.1257,11.1257,11.0501,11.1257,0,0
IZO_MV,D,20210709,000000,11.1257,11.1257,10.6251,11.1257,0,0
IZO_MV,D,20210712,000000,11.1257,11.1257,10.9084,10.9084,0,0
IZO_MV,D,20210713,000000,11.1257,11.1257,9.69007,10.3323,0,0
IZO_MV,D,20210714,000000,9.83174,10.9084,9.83174,10.049,0,0
IZO_MV,D,20210715,000000,10.1907,10.6912,9.9734,10.4078,0,0
IZO_MV,D,20210716,000000,10.7667,10.7667,10.4834,10.4834,0,0
IZO_MV,D,20210719,000000,10.049,10.049,9.69007,10.049,0,0
IZO_MV,D,20210720,000000,10.4834,10.4834,10.1907,10.4834,0,0
IZO_MV,D,20210721,000000,10.4834,10.4834,10.4834,10.4834,0,0
IZO_MV,D,20210722,000000,10.4834,10.4834,10.4834,10.4834,0,0
IZO_MV,D,20210723,000000,10.4834,10.6251,10.4834,10.6251,0,0
IZO_MV,D,20210726,000000,10.5495,11.409,9.83174,11.409,0,0
IZO_MV,D,20210727,000000,11.3428,12.4195,11.3428,12.4195,0,0
IZO_MV,D,20210728,000000,12.5612,12.5612,11.919,11.919,0,0
IZO_MV,D,20210729,000000,11.5601,11.919,11.5601,11.7678,0,0
IZO_MV,D,20210730,000000,11.6262,11.919,10.8423,11.919,0,0
IZO_MV,D,20210802,000000,12.4857,12.4857,11.5601,11.9851,0,0
IZO_MV,D,20210803,000000,12.0607,12.0607,11.7017,11.7017,0,0
IZO_MV,D,20210804,000000,11.7017,12.0607,11.4845,12.0607,0,0
IZO_MV,D,20210805,000000,12.0607,12.0607,12.0607,12.0607,0,0
IZO_MV,D,20210806,000000,11.9851,11.9851,11.0501,11.409,0,0
IZO_MV,D,20210809,000000,11.4845,11.4845,11.409,11.4845,0,0
IZO_MV,D,20210810,000000,11.4845,11.4845,10.4834,10.7667,0,0
IZO_MV,D,20210811,000000,10.6912,10.6912,10.6912,10.6912,0,0
IZO_MV,D,20210812,000000,10.4834,10.6912,10.3323,10.4834,0,0
IZO_MV,D,20210813,000000,10.4834,10.4834,10.1245,10.1907,0,0
IZO_MV,D,20210816,000000,10.4078,11.409,10.4078,11.3428,0,0
IZO_MV,D,20210817,000000,11.3428,11.3428,11.3428,11.3428,0,0
IZO_MV,D,20210818,000000,11.2673,11.2673,11.0501,11.0501,0,0
IZO_MV,D,20210819,000000,11.0501,11.0501,11.0501,11.0501,0,0
IZO_MV,D,20210820,000000,10.984,11.0501,10.4834,11.0501,0,0
IZO_MV,D,20210823,000000,10.6251,10.6251,10.4078,10.6251,0,0
IZO_MV,D,20210824,000000,10.4078,10.7667,10.3323,10.3323,0,0
IZO_MV,D,20210825,000000,10.6912,10.6912,10.049,10.049,0,0
IZO_MV,D,20210826,000000,10.049,10.049,10.049,10.049,0,0
IZO_MV,D,20210827,000000,10.5495,10.5495,9.9734,9.9734,0,0
IZO_MV,D,20210830,000000,10.4078,10.6912,10.4078,10.6912,0,0
IZO_MV,D,20210831,000000,10.7667,10.7667,10.6912,10.7667,0,0
IZO_MV,D,20210901,000000,10.7667,10.7667,10.7667,10.7667,0,0
IZO_MV,D,20210902,000000,10.6912,10.6912,10.6912,10.6912,0,0
IZO_MV,D,20210903,000000,10.6251,10.6912,10.3323,10.6912,0,0
IZO_MV,D,20210906,000000,10.6912,10.6912,10.6912,10.6912,0,0
IZO_MV,D,20210907,000000,10.6912,10.6912,10.6912,10.6912,0,0
IZO_MV,D,20210908,000000,10.6251,10.6251,10.6251,10.6251,0,0
IZO_MV,D,20210909,000000,10.6251,10.6251,10.4078,10.6251,0,0
IZO_MV,D,20210910,000000,10.6251,10.6251,10.4834,10.4834,0,0
IZO_MV,D,20210913,000000,10.4834,11.0501,10.4834,10.6251,0,0
IZO_MV,D,20210914,000000,10.7667,11.0501,10.7667,11.0501,0,0
IZO_MV,D,20210915,000000,10.6251,11.0501,10.6251,11.0501,0,0
IZO_MV,D,20210916,000000,11.0501,11.0501,11.0501,11.0501,0,0
IZO_MV,D,20210917,000000,10.984,11.0501,10.7667,10.7667,0,0
IZO_MV,D,20210920,000000,10.7667,10.7667,10.3323,10.4078,0,0
IZO_MV,D,20210921,000000,10.7667,10.7667,10.4834,10.4834,0,0
IZO_MV,D,20210922,000000,10.4834,10.7667,10.4834,10.7667,0,0
IZO_MV,D,20210923,000000,10.7667,10.7667,10.4834,10.6912,0,0
IZO_MV,D,20210924,000000,10.984,10.984,10.3323,10.7667,0,0
IZO_MV,D,20210927,000000,10.6912,10.6912,10.5495,10.6912,0,0
IZO_MV,D,20210928,000000,10.6912,10.984,10.6912,10.984,0,0
IZO_MV,D,20210929,000000,10.9084,10.9084,10.5495,10.7667,0,0
IZO_MV,D,20210930,000000,10.7667,10.7667,10.5495,10.5495,0,0
IZO_MV,D,20211001,000000,10.5495,10.7667,10.4834,10.4834,0,0
IZO_MV,D,20211004,000000,10.7667,10.7667,10.7667,10.7667,0,0
IZO_MV,D,20211005,000000,10.3323,10.984,10.3323,10.984,0,0
IZO_MV,D,20211006,000000,11.0501,11.0501,10.4078,10.4078,0,0
IZO_MV,D,20211007,000000,11.0501,11.0501,10.7667,10.7667,0,0
IZO_MV,D,20211008,000000,10.984,10.984,10.7667,10.984,0,0
IZO_MV,D,20211011,000000,10.984,11.0501,10.7667,10.7667,0,0
IZO_MV,D,20211012,000000,10.984,10.984,10.4834,10.984,0,0
IZO_MV,D,20211013,000000,10.9084,10.9084,10.4078,10.4078,0,0
IZO_MV,D,20211014,000000,10.6912,10.6912,10.4078,10.6912,0,0
IZO_MV,D,20211015,000000,10.6251,10.6251,9.69007,9.69007,0,0
IZO_MV,D,20211018,000000,10.4834,10.7667,10.4834,10.5495,0,0
IZO_MV,D,20211019,000000,10.3323,10.5495,10.3323,10.5495,0,0
IZO_MV,D,20211020,000000,10.5495,10.5495,10.2662,10.3323,0,0
IZO_MV,D,20211021,000000,10.3323,10.3323,10.3323,10.3323,0,0
IZO_MV,D,20211022,000000,10.3323,10.3323,10.3323,10.3323,0,0
IZO_MV,D,20211025,000000,10.3323,10.3323,9.9734,10.049,0,0
IZO_MV,D,20211026,000000,10.049,10.049,9.76566,9.76566,0,0
IZO_MV,D,20211027,000000,9.9734,9.9734,9.76566,9.76566,0,0
IZO_MV,D,20211028,000000,9.9734,9.9734,9.76566,9.76566,0,0
IZO_MV,D,20211029,000000,9.9734,9.9734,9.5484,9.90732,0,0
IZO_MV,D,20211102,000000,9.69007,10.2662,9.69007,10.1245,0,0
IZO_MV,D,20211103,000000,10.1245,10.1245,9.69007,9.69007,0,0
IZO_MV,D,20211104,000000,10.1245,10.1245,9.69007,10.049,0,0
IZO_MV,D,20211105,000000,10.049,10.049,10.049,10.049,0,0
IZO_MV,D,20211108,000000,10.049,10.1907,9.9734,10.1907,0,0
IZO_MV,D,20211109,000000,10.2662,10.2662,9.90732,9.9734,0,0
IZO_MV,D,20211110,000000,9.9734,9.9734,9.90732,9.90732,0,0
IZO_MV,D,20211112,000000,10.2662,10.2662,9.76566,9.76566,0,0
IZO_MV,D,20211115,000000,10.049,10.049,9.76566,9.76566,0,0
IZO_MV,D,20211116,000000,9.90732,9.90732,9.90732,9.90732,0,0
IZO_MV,D,20211117,000000,9.9734,9.9734,9.9734,9.9734,0,0
IZO_MV,D,20211118,000000,9.9734,9.9734,9.61451,9.61451,0,0
IZO_MV,D,20211119,000000,9.61451,9.69007,9.61451,9.69007,0,0
IZO_MV,D,20211122,000000,9.69007,9.69007,9.47284,9.47284,0,0
IZO_MV,D,20211123,000000,9.47284,9.47284,8.97229,8.97229,0,0
IZO_MV,D,20211124,000000,8.97229,9.25562,8.89673,9.04784,0,0
IZO_MV,D,20211125,000000,8.97229,9.25562,8.89673,8.97229,0,0
IZO_MV,D,20211129,000000,8.97229,8.97229,8.75506,8.83062,0,0
IZO_MV,D,20211130,000000,8.97229,8.97229,8.97229,8.97229,0,0
IZO_MV,D,20211201,000000,8.97229,8.97229,8.75506,8.89673,0,0
IZO_MV,D,20211202,000000,8.97229,8.97229,8.33006,8.97229,0,0
IZO_MV,D,20211203,000000,8.97229,8.97229,8.11283,8.2545,0,0
IZO_MV,D,20211206,000000,8.2545,8.33006,8.11283,8.11283,0,0
IZO_MV,D,20211207,000000,8.17895,8.39617,8.17895,8.39617,0,0
IZO_MV,D,20211208,000000,8.2545,8.47173,8.2545,8.47173,0,0
IZO_MV,D,20211209,000000,8.33006,8.47173,8.33006,8.47173,0,0
IZO_MV,D,20211210,000000,8.47173,8.47173,8.33006,8.39617,0,0
IZO_MV,D,20211213,000000,8.47173,8.47173,8.17895,8.17895,0,0
IZO_MV,D,20211214,000000,8.39617,8.39617,8.33006,8.33006,0,0
IZO_MV,D,20211215,000000,8.33006,8.33006,8.11283,8.17895,0,0
IZO_MV,D,20211216,000000,8.17895,8.2545,8.17895,8.2545,0,0
IZO_MV,D,20211217,000000,8.33006,9.04784,8.33006,9.04784,0,0
IZO_MV,D,20211220,000000,9.40673,9.40673,8.75506,8.75506,0,0
IZO_MV,D,20211221,000000,8.75506,9.40673,8.75506,9.40673,0,0
IZO_MV,D,20211222,000000,9.47284,9.47284,9.25562,9.25562,0,0
IZO_MV,D,20211223,000000,8.97229,9.25562,8.53783,9.11396,0,0
IZO_MV,D,20211227,000000,9.47284,9.47284,8.61339,8.83062,0,0
IZO_MV,D,20211228,000000,9.33117,9.33117,8.83062,9.33117,0,0
IZO_MV,D,20211229,000000,9.47284,10.2662,9.33117,10.049,0,0
IZO_MV,D,20211230,000000,10.049,10.3323,9.18951,10.3323,0,0
IZO_MV,D,20220103,000000,10.3323,10.984,10.1907,10.984,0,0
IZO_MV,D,20220104,000000,10.9084,10.9084,9.90732,10.6912,0,0
IZO_MV,D,20220105,000000,10.984,10.984,10.7667,10.7667,0,0
IZO_MV,D,20220107,000000,10.6912,10.9084,10.6912,10.9084,0,0
IZO_MV,D,20220110,000000,10.6912,10.9084,10.6251,10.9084,0,0
IZO_MV,D,20220111,000000,10.9084,10.9084,10.5495,10.5495,0,0
IZO_MV,D,20220112,000000,10.6251,10.6251,10.6251,10.6251,0,0
IZO_MV,D,20220113,000000,10.6251,10.6251,10.6251,10.6251,0,0
IZO_MV,D,20220114,000000,10.6912,10.6912,10.6251,10.6251,0,0
IZO_MV,D,20220117,000000,10.3323,10.3323,10.049,10.1907,0,0
IZO_MV,D,20220118,000000,10.3323,10.4834,10.3323,10.3323,0,0
IZO_MV,D,20220119,000000,10.3323,10.3323,10.049,10.2662,0,0
IZO_MV,D,20220120,000000,10.2662,10.2662,10.2662,10.2662,0,0
IZO_MV,D,20220121,000000,10.2662,10.2662,10.2662,10.2662,0,0
IZO_MV,D,20220124,000000,9.9734,9.9734,9.47284,9.47284,0,0
IZO_MV,D,20220125,000000,9.40673,9.9734,9.18951,9.9734,0,0
IZO_MV,D,20220126,000000,9.69007,9.9734,9.69007,9.83174,0,0
IZO_MV,D,20220127,000000,9.9734,9.9734,9.47284,9.90732,0,0
IZO_MV,D,20220128,000000,9.90732,9.90732,9.90732,9.90732,0,0
IZO_MV,D,20220131,000000,9.61451,9.90732,9.61451,9.61451,0,0
IZO_MV,D,20220201,000000,9.90732,9.90732,9.83174,9.83174,0,0
IZO_MV,D,20220202,000000,9.90732,9.90732,9.90732,9.90732,0,0
IZO_MV,D,20220203,000000,9.90732,9.90732,9.90732,9.90732,0,0
IZO_MV,D,20220204,000000,9.90732,9.90732,9.69007,9.90732,0,0
IZO_MV,D,20220207,000000,9.90732,9.90732,9.90732,9.90732,0,0
IZO_MV,D,20220208,000000,9.90732,9.90732,9.90732,9.90732,0,0
IZO_MV,D,20220209,000000,9.90732,9.90732,9.69007,9.90732,0,0
IZO_MV,D,20220210,000000,9.90732,9.90732,9.69007,9.69007,0,0
IZO_MV,D,20220211,000000,9.69007,9.90732,9.25562,9.40673,0,0
IZO_MV,D,20220214,000000,9.61451,9.61451,8.68895,9.61451,0,0
IZO_MV,D,20220215,000000,9.61451,9.83174,9.33117,9.83174,0,0
IZO_MV,D,20220216,000000,9.83174,9.83174,9.5484,9.5484,0,0
IZO_MV,D,20220217,000000,9.83174,9.83174,9.83174,9.83174,0,0
IZO_MV,D,20220218,000000,9.83174,9.83174,9.83174,9.83174,0,0
IZO_MV,D,20220221,000000,9.83174,9.83174,9.5484,9.5484,0,0
IZO_MV,D,20220222,000000,9.83174,9.83174,9.5484,9.76566,0,0
IZO_MV,D,20220223,000000,9.69007,9.69007,9.69007,9.69007,0,0
IZO_MV,D,20220224,000000,9.04784,9.04784,8.68895,8.68895,0,0
IZO_MV,D,20220225,000000,8.97229,9.11396,8.68895,8.68895,0,0
IZO_MV,D,20220228,000000,8.68895,9.25562,8.68895,9.25562,0,0
IZO_MV,D,20220301,000000,9.25562,9.69007,9.25562,9.69007,0,0
IZO_MV,D,20220302,000000,9.04784,10.4834,9.04784,10.1245,0,0
IZO_MV,D,20220303,000000,9.61451,9.69007,9.61451,9.69007,0,0
IZO_MV,D,20220304,000000,9.90732,10.049,9.40673,10.049,0,0
IZO_MV,D,20220307,000000,10.049,10.984,10.049,10.7667,0,0
IZO_MV,D,20220308,000000,10.4834,10.7667,10.2662,10.7667,0,0
IZO_MV,D,20220309,000000,10.7667,10.7667,10.4078,10.4078,0,0
IZO_MV,D,20220310,000000,10.6912,10.6912,10.1907,10.1907,0,0
IZO_MV,D,20220311,000000,10.5495,10.5495,10.1245,10.4078,0,0
IZO_MV,D,20220314,000000,10.4078,10.4078,9.90732,10.1907,0,0
IZO_MV,D,20220315,000000,10.1245,10.4078,9.90732,10.4078,0,0
IZO_MV,D,20220316,000000,10.4078,11.409,10.1245,11.2673,0,0
IZO_MV,D,20220317,000000,11.7017,11.7017,11.1257,11.4845,0,0
IZO_MV,D,20220318,000000,11.8434,11.8434,11.4845,11.8434,0,0
IZO_MV,D,20220321,000000,10.7667,11.7017,10.7667,11.7017,0,0
IZO_MV,D,20220322,000000,11.8434,11.8434,10.9084,11.1257,0,0
IZO_MV,D,20220323,000000,11.8434,12.0607,11.409,12.0607,0,0
IZO_MV,D,20220324,000000,12.0607,12.4857,12.0607,12.4857,0,0
IZO_MV,D,20220325,000000,12.4857,12.4857,12.2023,12.2023,0,0
IZO_MV,D,20220328,000000,12.4857,12.4857,11.4845,12.2778,0,0
IZO_MV,D,20220329,000000,12.2778,12.2778,11.4845,11.8434,0,0
IZO_MV,D,20220330,000000,12.2778,12.2778,11.919,11.919,0,0
IZO_MV,D,20220331,000000,12.2778,12.2778,11.7017,12.0607,0,0
IZO_MV,D,20220401,000000,12.0607,12.0607,11.6262,11.6262,0,0
IZO_MV,D,20220404,000000,11.6262,11.7678,11.4845,11.7678,0,0
IZO_MV,D,20220405,000000,11.7678,11.7678,11.7678,11.7678,0,0
IZO_MV,D,20220406,000000,11.7017,11.7017,10.5495,11.409,0,0
IZO_MV,D,20220407,000000,11.409,11.409,10.984,11.0501,0,0
IZO_MV,D,20220408,000000,11.409,11.409,10.6251,11.3428,0,0
IZO_MV,D,20220411,000000,11.409,11.409,10.3323,10.6912,0,0
IZO_MV,D,20220412,000000,11.0501,11.0501,10.6912,10.9084,0,0
IZO_MV,D,20220413,000000,11.1257,11.1257,10.5873,10.6912,0,0
IZO_MV,D,20220414,000000,11.0878,11.0878,10.6912,10.6912,0,0
IZO_MV,D,20220419,000000,10.6912,10.7667,10.6912,10.7667,0,0
IZO_MV,D,20220420,000000,10.8707,10.8707,10.4834,10.6912,0,0
IZO_MV,D,20220421,000000,10.6912,10.6912,10.4078,10.4457,0,0
IZO_MV,D,20220422,000000,10.6912,10.6912,9.58617,9.58617,0,0
IZO_MV,D,20220425,000000,9.58617,9.90732,9.25562,9.65229,0,0
IZO_MV,D,20220426,000000,9.61451,9.61451,9.25562,9.58617,0,0
IZO_MV,D,20220427,000000,9.61451,9.61451,9.40673,9.43507,0,0
IZO_MV,D,20220428,000000,9.58617,9.86948,9.58617,9.83174,0,0
IZO_MV,D,20220429,000000,9.83174,9.83174,9.5484,9.83174,0,0
IZO_MV,D,20220502,000000,9.69007,9.83174,9.36896,9.69007,0,0
IZO_MV,D,20220504,000000,9.69007,9.69007,9.40673,9.40673,0,0
IZO_MV,D,20220505,000000,9.69007,9.69007,9.69007,9.69007,0,0
IZO_MV,D,20220506,000000,9.69007,9.69007,9.69007,9.69007,0,0
IZO_MV,D,20220509,000000,9.33117,9.69007,9.33117,9.69007,0,0
IZO_MV,D,20220510,000000,9.69007,9.69007,9.33117,9.69007,0,0
IZO_MV,D,20220511,000000,9.69007,9.69007,9.25562,9.25562,0,0
IZO_MV,D,20220512,000000,9.69007,9.69007,9.07617,9.61451,0,0
IZO_MV,D,20220513,000000,9.65229,9.65229,9.33117,9.65229,0,0
IZO_MV,D,20220516,000000,9.65229,9.65229,9.47284,9.47284,0,0
IZO_MV,D,20220517,000000,9.65229,9.65229,9.65229,9.65229,0,0
IZO_MV,D,20220518,000000,9.65229,9.65229,9.47284,9.47284,0,0
IZO_MV,D,20220519,000000,9.65229,9.65229,9.07617,9.58617,0,0
IZO_MV,D,20220520,000000,9.58617,9.58617,9.07617,9.18951,0,0
IZO_MV,D,20220523,000000,9.58617,9.58617,9.58617,9.58617,0,0
IZO_MV,D,20220524,000000,9.58617,9.58617,9.15173,9.58617,0,0
IZO_MV,D,20220525,000000,9.58617,9.58617,9.18951,9.58617,0,0
IZO_MV,D,20220526,000000,9.58617,9.58617,9.18951,9.58617,0,0
IZO_MV,D,20220527,000000,9.58617,9.58617,9.58617,9.58617,0,0
IZO_MV,D,20220530,000000,9.58617,9.58617,9.18951,9.51063,0,0
IZO_MV,D,20220531,000000,9.51063,9.51063,9.15173,9.51063,0,0
IZO_MV,D,20220601,000000,9.51063,9.51063,9.51063,9.51063,0,0
IZO_MV,D,20220602,000000,9.51063,9.51063,9.51063,9.51063,0,0
IZO_MV,D,20220603,000000,9.51063,9.51063,9.33117,9.33117,0,0
IZO_MV,D,20220606,000000,9.51063,9.51063,9.36896,9.36896,0,0
IZO_MV,D,20220607,000000,9.51063,9.51063,8.9345,8.9345,0,0
IZO_MV,D,20220608,000000,9.51063,9.51063,9.51063,9.51063,0,0
IZO_MV,D,20220609,000000,9.51063,9.51063,9.51063,9.51063,0,0
IZO_MV,D,20220610,000000,9.01006,9.01006,9.01006,9.01006,0,0
IZO_MV,D,20220613,000000,8.79284,9.33117,8.61339,8.68895,0,0
IZO_MV,D,20220614,000000,8.68895,8.68895,8.33006,8.33006,0,0
IZO_MV,D,20220615,000000,8.2545,9.07617,7.89561,8.17895,0,0
IZO_MV,D,20220617,000000,8.17895,8.17895,7.97116,8.17895,0,0
IZO_MV,D,20220620,000000,8.53783,8.53783,8.17895,8.17895,0,0
IZO_MV,D,20220621,000000,8.17895,8.17895,8.17895,8.17895,0,0
IZO_MV,D,20220622,000000,8.17895,8.17895,8.15062,8.17895,0,0
IZO_MV,D,20220623,000000,8.17895,8.17895,7.89561,8.03728,0,0
IZO_MV,D,20220624,000000,8.03728,8.79284,7.82005,7.89561,0,0
IZO_MV,D,20220627,000000,8.21672,8.9345,8.21672,8.57562,0,0
IZO_MV,D,20220628,000000,8.75506,8.79284,8.35839,8.57562,0,0
IZO_MV,D,20220629,000000,8.53783,8.53783,8.33006,8.39617,0,0
IZO_MV,D,20220630,000000,8.35839,8.35839,8.35839,8.35839,0,0
IZO_MV,D,20220701,000000,8.35839,8.35839,8.33006,8.35839,0,0
IZO_MV,D,20220704,000000,8.35839,8.35839,8.35839,8.35839,0,0
IZO_MV,D,20220705,000000,8.35839,8.35839,8.17895,8.29228,0,0
IZO_MV,D,20220706,000000,8.07506,8.29228,8.03728,8.2545,0,0
IZO_MV,D,20220707,000000,8.2545,8.2545,7.85783,7.85783,0,0
IZO_MV,D,20220708,000000,8.17895,8.17895,8.11283,8.11283,0,0
IZO_MV,D,20220711,000000,8.17895,8.21672,8.17895,8.21672,0,0
IZO_MV,D,20220712,000000,8.21672,8.2545,8.07506,8.2545,0,0
IZO_MV,D,20220713,000000,8.21672,8.21672,8.11283,8.21672,0,0
IZO_MV,D,20220714,000000,7.89561,8.61339,7.89561,8.29228,0,0
IZO_MV,D,20220715,000000,8.39617,8.61339,8.39617,8.61339,0,0
IZO_MV,D,20220718,000000,8.75506,8.9345,8.75506,8.9345,0,0
IZO_MV,D,20220719,000000,8.9345,8.9345,8.9345,8.9345,0,0
IZO_MV,D,20220720,000000,8.39617,8.9345,8.39617,8.75506,0,0
IZO_MV,D,20220721,000000,8.9345,8.9345,8.71729,8.71729,0,0
IZO_MV,D,20220722,000000,8.9345,8.9345,8.71729,8.9345,0,0
IZO_MV,D,20220725,000000,8.9345,8.9345,8.07506,8.07506,0,0
IZO_MV,D,20220726,000000,8.68895,8.68895,8.2545,8.68895,0,0
IZO_MV,D,20220727,000000,8.71729,8.71729,7.85783,8.71729,0,0
IZO_MV,D,20220728,000000,8.71729,8.71729,8.15062,8.15062,0,0
IZO_MV,D,20220729,000000,8.71729,8.71729,8.15062,8.43395,0,0
IZO_MV,D,20220801,000000,8.07506,8.07506,8.07506,8.07506,0,0
IZO_MV,D,20220802,000000,8.71729,8.71729,8.17895,8.17895,0,0
IZO_MV,D,20220803,000000,8.33006,8.33006,8.15062,8.15062,0,0
IZO_MV,D,20220804,000000,8.39617,8.47173,8.39617,8.47173,0,0
IZO_MV,D,20220805,000000,8.47173,8.47173,8.17895,8.17895,0,0
IZO_MV,D,20220808,000000,8.47173,8.47173,8.07506,8.2545,0,0
IZO_MV,D,20220809,000000,8.47173,8.71729,8.33006,8.33006,0,0
IZO_MV,D,20220810,000000,8.68895,8.68895,8.68895,8.68895,0,0
IZO_MV,D,20220811,000000,8.68895,8.68895,8.68895,8.68895,0,0
IZO_MV,D,20220812,000000,8.71729,8.71729,8.68895,8.71729,0,0
IZO_MV,D,20220816,000000,8.89673,9.51063,8.71729,9.51063,0,0
IZO_MV,D,20220817,000000,9.36896,9.36896,9.11396,9.11396,0,0
IZO_MV,D,20220818,000000,9.07617,9.07617,9.07617,9.07617,0,0
IZO_MV,D,20220819,000000,9.04784,9.04784,9.04784,9.04784,0,0
IZO_MV,D,20220822,000000,9.04784,9.04784,8.79284,8.79284,0,0
IZO_MV,D,20220823,000000,8.97229,8.97229,8.53783,8.97229,0,0
IZO_MV,D,20220824,000000,8.97229,8.97229,8.97229,8.97229,0,0
IZO_MV,D,20220825,000000,8.97229,8.97229,8.2545,8.2545,0,0
IZO_MV,D,20220826,000000,8.9345,8.97229,8.39617,8.89673,0,0
IZO_MV,D,20220829,000000,8.89673,8.89673,8.89673,8.89673,0,0
IZO_MV,D,20220830,000000,8.89673,8.89673,8.89673,8.89673,0,0
IZO_MV,D,20220831,000000,8.8684,8.8684,8.8684,8.8684,0,0
IZO_MV,D,20220901,000000,8.8684,8.8684,8.03728,8.83062,0,0
IZO_MV,D,20220902,000000,8.83062,8.83062,8.17895,8.17895,0,0
IZO_MV,D,20220905,000000,8.17895,8.83062,8.17895,8.33006,0,0
IZO_MV,D,20220906,000000,8.83062,8.83062,7.79172,8.17895,0,0
IZO_MV,D,20220907,000000,8.17895,8.17895,7.61228,7.85783,0,0
IZO_MV,D,20220908,000000,7.85783,7.85783,7.53672,7.85783,0,0
IZO_MV,D,20220909,000000,7.67839,8.07506,7.46116,7.97116,0,0
IZO_MV,D,20220912,000000,7.97116,7.97116,7.97116,7.97116,0,0
IZO_MV,D,20220913,000000,7.97116,7.97116,7.97116,7.97116,0,0
IZO_MV,D,20220914,000000,7.97116,7.97116,7.97116,7.97116,0,0
IZO_MV,D,20220915,000000,7.97116,7.97116,7.97116,7.97116,0,0
IZO_MV,D,20220916,000000,7.97116,7.97116,7.64061,7.75395,0,0
IZO_MV,D,20220919,000000,7.97116,7.97116,7.64061,7.85783,0,0
IZO_MV,D,20220920,000000,7.85783,7.85783,7.67839,7.67839,0,0
IZO_MV,D,20220921,000000,7.82005,7.82005,7.82005,7.82005,0,0
IZO_MV,D,20220922,000000,7.79172,7.79172,7.46116,7.64061,0,0
IZO_MV,D,20220923,000000,7.64061,7.64061,7.17782,7.17782,0,0
IZO_MV,D,20220926,000000,7.17782,7.35728,7.03616,7.35728,0,0
IZO_MV,D,20220927,000000,7.31949,7.31949,7.03616,7.17782,0,0
IZO_MV,D,20220928,000000,7.25338,7.25338,6.78116,6.81894,0,0
IZO_MV,D,20220929,000000,7.03616,7.03616,6.80005,7.03616,0,0
IZO_MV,D,20220930,000000,7.03616,7.03616,7.03616,7.03616,0,0
IZO_MV,D,20221003,000000,6.96061,6.96061,6.69615,6.96061,0,0
IZO_MV,D,20221004,000000,6.96061,7.07394,6.96061,7.05505,0,0
IZO_MV,D,20221005,000000,7.05505,7.15894,7.05505,7.15894,0,0
IZO_MV,D,20221006,000000,7.15894,7.15894,6.83782,7.15894,0,0
IZO_MV,D,20221007,000000,7.14005,7.15894,7.03616,7.12116,0,0
IZO_MV,D,20221010,000000,7.14005,7.14005,7.14005,7.14005,0,0
IZO_MV,D,20221011,000000,7.14005,7.14005,7.14005,7.14005,0,0
IZO_MV,D,20221012,000000,7.14005,7.14005,7.14005,7.14005,0,0
IZO_MV,D,20221013,000000,7.14005,7.14005,7.14005,7.14005,0,0
IZO_MV,D,20221014,000000,7.14005,7.14005,7.14005,7.14005,0,0
IZO_MV,D,20221019,000000,7.14005,7.14005,7.14005,7.14005,0,0
IZO_MV,D,20221020,000000,7.14005,7.14005,7.14005,7.14005,0,0
IZO_MV,D,20221021,000000,7.14005,7.15894,7.14005,7.15894,0,0
IZO_MV,D,20221024,000000,7.46116,7.46116,6.92282,7.05505,0,0
IZO_MV,D,20221025,000000,7.39505,7.39505,7.05505,7.05505,0,0
IZO_MV,D,20221026,000000,7.39505,7.39505,7.39505,7.39505,0,0
IZO_MV,D,20221027,000000,7.39505,7.39505,7.39505,7.39505,0,0
IZO_MV,D,20221028,000000,7.39505,7.39505,7.05505,7.39505,0,0
IZO_MV,D,20221031,000000,7.39505,7.39505,7.17782,7.35728,0,0
IZO_MV,D,20221102,000000,7.39505,7.39505,6.99838,7.39505,0,0
IZO_MV,D,20221103,000000,7.39505,7.71616,7.39505,7.67839,0,0
IZO_MV,D,20221104,000000,7.14005,7.79172,7.14005,7.79172,0,0
IZO_MV,D,20221107,000000,7.79172,8.83062,7.79172,8.03728,0,0
IZO_MV,D,20221108,000000,8.2545,8.2545,8.03728,8.03728,0,0
IZO_MV,D,20221109,000000,8.03728,8.17895,8.03728,8.17895,0,0
IZO_MV,D,20221110,000000,8.17895,8.17895,8.17895,8.17895,0,0
IZO_MV,D,20221114,000000,8.17895,8.17895,8.17895,8.17895,0,0
IZO_MV,D,20221115,000000,8.15062,8.15062,8.07506,8.11283,0,0
IZO_MV,D,20221116,000000,8.11283,8.11283,8.11283,8.11283,0,0
IZO_MV,D,20221117,000000,8.07506,8.07506,8.07506,8.07506,0,0
IZO_MV,D,20221118,000000,8.03728,8.03728,7.93339,8.03728,0,0
IZO_MV,D,20221121,000000,7.75395,8.03728,7.53672,8.03728,0,0
IZO_MV,D,20221122,000000,8.03728,8.03728,8.03728,8.03728,0,0
IZO_MV,D,20221123,000000,8.03728,8.03728,7.75395,7.82005,0,0
IZO_MV,D,20221124,000000,8.03728,8.03728,7.82005,8.03728,0,0
IZO_MV,D,20221125,000000,8.03728,8.03728,7.85783,7.9995,0,0
IZO_MV,D,20221128,000000,7.9995,7.9995,7.93339,7.97116,0,0
IZO_MV,D,20221129,000000,7.9995,8.5095,7.75395,8.15062,0,0
IZO_MV,D,20221130,000000,8.15062,8.15062,7.75395,7.75395,0,0
IZO_MV,D,20221201,000000,8.11283,8.39617,8.11283,8.39617,0,0
IZO_MV,D,20221202,000000,8.5095,8.5095,8.21672,8.33006,0,0
IZO_MV,D,20221205,000000,8.33006,8.33006,8.15062,8.15062,0,0
IZO_MV,D,20221206,000000,8.33006,8.33006,8.03728,8.03728,0,0
IZO_MV,D,20221207,000000,8.33006,8.33006,8.17895,8.33006,0,0
IZO_MV,D,20221208,000000,8.33006,8.33006,8.17895,8.2545,0,0
IZO_MV,D,20221209,000000,8.33006,8.35839,8.21672,8.2545,0,0
IZO_MV,D,20221212,000000,8.2545,8.2545,8.2545,8.2545,0,0
IZO_MV,D,20221213,000000,8.39617,8.39617,7.71616,7.71616,0,0
IZO_MV,D,20221214,000000,8.39617,8.39617,7.71616,7.79172,0,0
IZO_MV,D,20221215,000000,8.21672,8.21672,7.89561,7.89561,0,0
IZO_MV,D,20221216,000000,8.21672,8.21672,7.75395,7.79172,0,0
IZO_MV,D,20221219,000000,8.21672,8.21672,7.89561,7.89561,0,0
IZO_MV,D,20221220,000000,8.11283,8.11283,7.9995,7.9995,0,0
IZO_MV,D,20221221,000000,7.9995,7.9995,7.9995,7.9995,0,0
IZO_MV,D,20221222,000000,8.11283,8.11283,7.75395,7.85783,0,0
IZO_MV,D,20221223,000000,7.85783,7.85783,7.67839,7.82005,0,0
IZO_MV,D,20221227,000000,7.85783,7.85783,7.53672,7.53672,0,0
IZO_MV,D,20221228,000000,7.53672,7.53672,7.21561,7.49894,0,0
IZO_MV,D,20221229,000000,7.67839,7.67839,7.25338,7.25338,0,0
IZO_MV,D,20221230,000000,7.64061,7.64061,7.64061,7.64061,0,0
IZO_MV,D,20230102,000000,8.21672,8.21672,7.64061,7.64061,0,0
IZO_MV,D,20230103,000000,8.21672,8.21672,7.64061,7.64061,0,0
IZO_MV,D,20230104,000000,8.21672,8.21672,7.97116,7.97116,0,0
IZO_MV,D,20230105,000000,8.21672,8.21672,7.64061,8.21672,0,0
IZO_MV,D,20230109,000000,8.21672,8.21672,8.21672,8.21672,0,0
IZO_MV,D,20230110,000000,8.21672,8.29228,8.21672,8.29228,0,0
IZO_MV,D,20230111,000000,8.29228,8.29228,8.29228,8.29228,0,0
IZO_MV,D,20230112,000000,8.35839,8.35839,8.29228,8.35839,0,0
IZO_MV,D,20230113,000000,8.35839,8.35839,8.33006,8.35839,0,0
IZO_MV,D,20230116,000000,8.35839,8.71729,8.35839,8.71729,0,0
IZO_MV,D,20230117,000000,8.75506,8.75506,8.65117,8.68895,0,0
IZO_MV,D,20230118,000000,8.65117,8.65117,8.61339,8.65117,0,0
IZO_MV,D,20230119,000000,8.65117,8.65117,8.65117,8.65117,0,0
IZO_MV,D,20230120,000000,8.65117,8.65117,8.65117,8.65117,0,0
IZO_MV,D,20230123,000000,8.65117,8.65117,8.65117,8.65117,0,0
IZO_MV,D,20230124,000000,8.65117,8.65117,8.65117,8.65117,0,0
IZO_MV,D,20230125,000000,8.65117,8.9345,8.35839,8.89673,0,0
IZO_MV,D,20230126,000000,8.89673,8.89673,8.75506,8.89673,0,0
IZO_MV,D,20230127,000000,8.89673,8.9345,8.57562,8.9345,0,0
IZO_MV,D,20230130,000000,8.9345,8.9345,8.9345,8.9345,0,0
IZO_MV,D,20230131,000000,8.89673,8.89673,8.75506,8.89673,0,0
IZO_MV,D,20230201,000000,8.89673,8.89673,8.65117,8.89673,0,0
IZO_MV,D,20230202,000000,8.89673,8.89673,8.89673,8.89673,0,0
IZO_MV,D,20230203,000000,8.89673,8.89673,8.89673,8.89673,0,0
IZO_MV,D,20230206,000000,8.8684,11.7395,8.75506,11.7395,0,0
IZO_MV,D,20230207,000000,13.279,14.9318,13.279,14.8184,0,0
IZO_MV,D,20230208,000000,14.3557,15.2529,13.2034,14.2801,0,0
IZO_MV,D,20230209,000000,14.4312,14.8562,13.6378,14.6768,0,0
IZO_MV,D,20230210,000000,14.639,14.639,13.534,14.0724,0,0
IZO_MV,D,20230213,000000,14.0724,14.0724,12.8162,13.4584,0,0
IZO_MV,D,20230214,000000,13.6001,13.9968,12.9578,13.959,0,0
IZO_MV,D,20230215,000000,14.2518,14.2518,13.9968,14.1384,0,0
IZO_MV,D,20230216,000000,13.3168,17.6612,13.3168,17.1512,0,0
IZO_MV,D,20230217,000000,17.1512,18.5868,15.5079,16.8679,0,0
IZO_MV,D,20230220,000000,16.8679,17.1512,16.1501,16.3295,0,0
IZO_MV,D,20230221,000000,16.1501,16.1501,14.7901,15.4701,0,0
IZO_MV,D,20230222,000000,15.0734,15.2529,14.3557,15.2151,0,0
IZO_MV,D,20230223,000000,16.1501,16.1501,14.9695,15.2907,0,0
IZO_MV,D,20230224,000000,15.6495,15.6495,14.8562,15.4324,0,0
IZO_MV,D,20230227,000000,15.3945,15.3945,14.3934,15.3945,0,0
IZO_MV,D,20230228,000000,15.3945,15.3945,14.639,15.0357,0,0
IZO_MV,D,20230301,000000,15.0357,15.149,14.2801,14.3557,0,0
IZO_MV,D,20230302,000000,14.3557,14.3557,13.6378,14.3557,0,0
IZO_MV,D,20230303,000000,14.3178,14.6768,13.8928,14.1384,0,0
IZO_MV,D,20230306,000000,14.1762,14.1762,13.4962,13.7795,0,0
IZO_MV,D,20230307,000000,13.8174,13.8174,13.279,13.6001,0,0
IZO_MV,D,20230308,000000,13.6001,13.6001,13.2412,13.5623,0,0
IZO_MV,D,20230309,000000,13.5623,13.5623,13.279,13.279,0,0
IZO_MV,D,20230310,000000,13.534,13.534,12.9957,12.9957,0,0
IZO_MV,D,20230313,000000,13.4962,13.4962,12.7784,12.8823,0,0
IZO_MV,D,20230314,000000,13.5623,13.5623,12.599,12.6651,0,0
IZO_MV,D,20230315,000000,12.8445,12.8445,12.3062,12.8162,0,0
IZO_MV,D,20230316,000000,13.5623,13.5623,12.3062,12.4857,0,0
IZO_MV,D,20230317,000000,12.7784,12.7784,12.1268,12.1268,0,0
IZO_MV,D,20230320,000000,12.4195,12.4195,11.4467,12.4195,0,0
IZO_MV,D,20230321,000000,12.4195,12.8445,11.2295,12.8445,0,0
IZO_MV,D,20230322,000000,12.8823,12.8823,12.2023,12.8445,0,0
IZO_MV,D,20230323,000000,12.8445,12.8445,12.8445,12.8445,0,0
IZO_MV,D,20230324,000000,12.7407,12.7407,11.4845,12.344,0,0
IZO_MV,D,20230327,000000,12.344,12.344,12.344,12.344,0,0
IZO_MV,D,20230328,000000,12.344,12.344,12.1645,12.1645,0,0
IZO_MV,D,20230329,000000,12.1645,12.2023,12.0228,12.2023,0,0
IZO_MV,D,20230330,000000,12.2023,13.9968,12.2023,13.8928,0,0
IZO_MV,D,20230331,000000,13.9212,13.9212,13.3545,13.8551,0,0
IZO_MV,D,20230403,000000,13.9212,13.9212,13.024,13.6378,0,0
IZO_MV,D,20230404,000000,13.6378,13.6378,12.8823,13.4584,0,0
IZO_MV,D,20230405,000000,13.4584,13.4584,13.4584,13.4584,0,0
IZO_MV,D,20230406,000000,13.4584,13.4584,12.9201,13.279,0,0
IZO_MV,D,20230411,000000,12.9201,13.4584,12.599,13.3828,0,0
IZO_MV,D,20230412,000000,13.3828,13.3828,13.3828,13.3828,0,0
IZO_MV,D,20230413,000000,13.3828,13.4207,13.279,13.4207,0,0
IZO_MV,D,20230414,000000,12.9201,12.9201,11.8434,12.4573,0,0
IZO_MV,D,20230417,000000,12.4573,12.5612,12.2023,12.4857,0,0
IZO_MV,D,20230418,000000,12.8162,12.8162,12.2023,12.2023,0,0
IZO_MV,D,20230419,000000,12.4857,12.4857,12.0984,12.0984,0,0
IZO_MV,D,20230420,000000,12.2778,12.2778,12.0984,12.0984,0,0
IZO_MV,D,20230421,000000,12.2778,12.2778,11.8434,11.8434,0,0
IZO_MV,D,20230424,000000,12.2778,12.2778,12.2401,12.2401,0,0
IZO_MV,D,20230425,000000,12.4857,12.4857,11.8434,12.4857,0,0
IZO_MV,D,20230426,000000,12.4195,12.4573,12.4195,12.4573,0,0
IZO_MV,D,20230427,000000,12.4857,12.4857,12.4857,12.4857,0,0
IZO_MV,D,20230428,000000,12.4857,12.4857,12.4857,12.4857,0,0
IZO_MV,D,20230502,000000,12.2023,12.4573,12.2023,12.4573,0,0
IZO_MV,D,20230504,000000,12.4573,12.4573,12.3818,12.4573,0,0
IZO_MV,D,20230505,000000,12.4573,12.4573,12.0228,12.2023,0,0
IZO_MV,D,20230508,000000,12.1645,12.3818,11.1634,11.7017,0,0
IZO_MV,D,20230509,000000,11.7017,11.7017,11.4845,11.4845,0,0
IZO_MV,D,20230510,000000,11.3051,11.3428,11.0217,11.3051,0,0
IZO_MV,D,20230511,000000,11.3051,11.3051,10.1907,10.1907,0,0
IZO_MV,D,20230512,000000,10.2662,10.5117,9.40673,9.79399,0,0
IZO_MV,D,20230515,000000,10.049,10.2284,9.51063,9.94507,0,0
IZO_MV,D,20230516,000000,10.1528,10.9084,9.90732,10.3323,0,0
IZO_MV,D,20230517,000000,11.0501,11.0501,10.1528,10.2284,0,0
IZO_MV,D,20230518,000000,10.4078,10.4078,10.0111,10.049,0,0
IZO_MV,D,20230519,000000,10.1528,10.1528,9.76566,10.049,0,0
IZO_MV,D,20230522,000000,10.049,10.3701,9.79399,10.2284,0,0
IZO_MV,D,20230523,000000,10.4078,10.4078,9.86948,10.4078,0,0
IZO_MV,D,20230524,000000,10.4078,10.4834,10.3323,10.4834,0,0
IZO_MV,D,20230525,000000,10.4834,10.4834,10.2284,10.304,0,0
IZO_MV,D,20230526,000000,10.4457,10.4457,10.4457,10.4457,0,0
IZO_MV,D,20230529,000000,10.4457,10.984,10.4457,10.8045,0,0
IZO_MV,D,20230530,000000,10.6251,11.0501,10.6251,10.8045,0,0
IZO_MV,D,20230531,000000,10.7667,10.7667,10.1245,10.1245,0,0
IZO_MV,D,20230601,000000,9.90732,10.3701,9.90732,10.3701,0,0
IZO_MV,D,20230602,000000,10.984,10.984,10.0111,10.0111,0,0
IZO_MV,D,20230605,000000,10.3701,10.3701,9.9734,10.3701,0,0
IZO_MV,D,20230606,000000,10.2662,10.2662,9.94507,9.94507,0,0
IZO_MV,D,20230607,000000,10.3701,10.3701,10.049,10.2284,0,0
IZO_MV,D,20230609,000000,10.3701,10.3701,10.049,10.049,0,0
IZO_MV,D,20230612,000000,10.6912,10.6912,10.4078,10.4078,0,0
IZO_MV,D,20230613,000000,10.6912,10.6912,10.4078,10.4078,0,0
IZO_MV,D,20230614,000000,10.6912,10.6912,9.94507,10.3701,0,0
IZO_MV,D,20230615,000000,10.4078,10.4078,9.94507,9.94507,0,0
IZO_MV,D,20230616,000000,10.3701,10.3701,10.1907,10.1907,0,0
IZO_MV,D,20230619,000000,10.3701,10.6628,10.2662,10.6628,0,0
IZO_MV,D,20230620,000000,10.5495,10.7667,10.5495,10.5873,0,0
IZO_MV,D,20230621,000000,10.7667,11.8057,10.5873,11.7678,0,0
IZO_MV,D,20230622,000000,11.7017,11.8057,11.3051,11.7017,0,0
IZO_MV,D,20230623,000000,11.7017,11.7017,11.0878,11.2012,0,0
IZO_MV,D,20230626,000000,11.2012,11.3051,11.2012,11.3051,0,0
IZO_MV,D,20230627,000000,11.6262,11.7017,10.984,11.7017,0,0
IZO_MV,D,20230628,000000,11.7017,11.7017,10.8045,10.9462,0,0
IZO_MV,D,20230629,000000,11.1634,11.2012,11.1634,11.2012,0,0
IZO_MV,D,20230630,000000,11.2012,11.2012,10.7667,11.0501,0,0
IZO_MV,D,20230703,000000,11.0878,11.1257,10.8423,10.8423,0,0
IZO_MV,D,20230704,000000,10.7667,11.0501,10.729,11.0217,0,0
IZO_MV,D,20230705,000000,10.984,10.984,10.6251,10.6251,0,0
IZO_MV,D,20230706,000000,10.984,10.984,9.90732,10.7667,0,0
IZO_MV,D,20230707,000000,10.9084,10.9084,10.5873,10.5873,0,0
IZO_MV,D,20230710,000000,10.9084,10.9084,10.2662,10.2662,0,0
IZO_MV,D,20230711,000000,10.1528,10.9084,10.1528,10.9084,0,0
IZO_MV,D,20230712,000000,10.9084,10.9084,10.5873,10.9084,0,0
IZO_MV,D,20230713,000000,10.9084,10.9084,10.5873,10.7667,0,0
IZO_MV,D,20230714,000000,10.9084,10.9084,10.4078,10.9084,0,0
IZO_MV,D,20230717,000000,10.9084,10.9084,10.4834,10.6628,0,0
IZO_MV,D,20230718,000000,10.9084,10.9084,10.8045,10.9084,0,0
IZO_MV,D,20230719,000000,10.8707,10.984,10.8707,10.984,0,0
IZO_MV,D,20230720,000000,10.984,10.984,10.7667,10.9084,0,0
IZO_MV,D,20230721,000000,10.7667,10.8707,10.729,10.7667,0,0
IZO_MV,D,20230724,000000,10.8707,10.8707,10.8707,10.8707,0,0
IZO_MV,D,20230725,000000,10.5117,10.5873,10.5117,10.5873,0,0
IZO_MV,D,20230726,000000,10.8707,10.8707,10.4834,10.729,0,0
IZO_MV,D,20230727,000000,10.729,10.7667,10.729,10.7667,0,0
IZO_MV,D,20230728,000000,10.8707,10.8707,10.729,10.729,0,0
IZO_MV,D,20230731,000000,10.729,10.729,10.5495,10.5495,0,0
IZO_MV,D,20230801,000000,10.7667,10.7667,10.7667,10.7667,0,0
IZO_MV,D,20230802,000000,10.7667,10.7667,10.4078,10.4078,0,0
IZO_MV,D,20230803,000000,10.7667,10.7667,10.4078,10.4078,0,0
IZO_MV,D,20230804,000000,10.7667,10.7667,10.6912,10.6912,0,0
IZO_MV,D,20230807,000000,10.7667,10.7667,10.3361,10.7667,0,0
IZO_MV,D,20230808,000000,10.7667,10.7667,10.3361,10.6912,0,0
IZO_MV,D,20230809,000000,10.7308,10.7308,10.5873,10.5873,0,0
IZO_MV,D,20230810,000000,10.7308,10.7308,10.659,10.6628,0,0
IZO_MV,D,20230811,000000,10.8385,10.8385,10.5873,10.7667,0,0
IZO_MV,D,20230814,000000,10.8385,10.8385,10.4078,10.7667,0,0
IZO_MV,D,20230816,000000,10.8385,10.8423,10.6232,10.8423,0,0
IZO_MV,D,20230817,000000,10.8385,10.8385,10.4078,10.4078,0,0
IZO_MV,D,20230818,000000,10.4078,10.7667,10.4078,10.7667,0,0
IZO_MV,D,20230821,000000,10.7667,10.7667,10.729,10.729,0,0
IZO_MV,D,20230822,000000,10.7308,10.7308,10.6232,10.6251,0,0
IZO_MV,D,20230823,000000,10.7308,10.7308,10.6232,10.6251,0,0
IZO_MV,D,20230824,000000,10.7308,10.7308,10.729,10.729,0,0
IZO_MV,D,20230825,000000,10.7308,10.7308,10.4796,10.729,0,0
IZO_MV,D,20230828,000000,10.7308,10.7667,10.6232,10.6251,0,0
IZO_MV,D,20230829,000000,10.6232,10.7308,10.6232,10.729,0,0
IZO_MV,D,20230830,000000,10.7308,10.7308,10.4078,10.729,0,0
IZO_MV,D,20230831,000000,10.7308,10.7308,10.4796,10.6912,0,0
IZO_MV,D,20230901,000000,10.7308,10.7667,10.5873,10.7667,0,0
IZO_MV,D,20230904,000000,10.7667,14.7145,10.7667,14.3557,0,0
IZO_MV,D,20230905,000000,17.9086,17.9086,15.4324,16.254,0,0
IZO_MV,D,20230906,000000,16.2578,17.7292,14.9299,14.9318,0,0
IZO_MV,D,20230907,000000,15.3965,15.3965,13.5302,14.214,0,0
IZO_MV,D,20230908,000000,14.4992,17.2268,14.4992,15.7912,0,0
IZO_MV,D,20230911,000000,15.7912,15.7912,13.6378,13.6378,0,0
IZO_MV,D,20230912,000000,13.4943,14.1045,12.7048,13.279,0,0
IZO_MV,D,20230913,000000,13.7455,13.7455,13.2431,13.4584,0,0
IZO_MV,D,20230914,000000,13.5322,13.5322,12.9053,13.2741,0,0
IZO_MV,D,20230915,000000,13.4953,13.4953,12.7947,12.7986,0,0
IZO_MV,D,20230918,000000,13.2741,13.2741,12.2048,12.459,0,0
IZO_MV,D,20230919,000000,12.8685,12.8685,12.1679,12.5366,0,0
IZO_MV,D,20230920,000000,12.8685,12.8685,12.3154,12.721,0,0
IZO_MV,D,20230921,000000,12.8685,12.8685,12.1679,12.6822,0,0
IZO_MV,D,20230922,000000,12.8685,13.0897,12.5366,13.0897,0,0
IZO_MV,D,20230925,000000,13.1634,13.1634,12.6104,12.6142,0,0
IZO_MV,D,20230926,000000,12.9053,12.9053,12.1679,12.2746,0,0
IZO_MV,D,20230927,000000,12.4997,12.6841,12.2785,12.6822,0,0
IZO_MV,D,20230928,000000,12.0204,12.6822,12.0204,12.5754,0,0
IZO_MV,D,20230929,000000,12.5735,12.5735,11.9467,12.3523,0,0
IZO_MV,D,20231002,000000,12.3154,12.6472,11.4304,12.6434,0,0
IZO_MV,D,20231003,000000,12.5366,12.6434,11.7623,12.3134,0,0
IZO_MV,D,20231004,000000,11.6148,12.2416,11.6148,11.7992,0,0
IZO_MV,D,20231005,000000,11.7992,12.2785,11.6517,12.2746,0,0
IZO_MV,D,20231006,000000,12.5366,12.5366,12.1679,12.1679,0,0
IZO_MV,D,20231009,000000,12.2785,12.4629,11.7623,12.459,0,0
IZO_MV,D,20231010,000000,12.4629,12.4629,11.8729,12.459,0,0
IZO_MV,D,20231011,000000,11.9835,12.4629,11.9835,12.459,0,0
IZO_MV,D,20231012,000000,12.4629,12.4629,11.8729,12.3523,0,0
IZO_MV,D,20231013,000000,12.3523,12.3523,12.2416,12.3523,0,0
IZO_MV,D,20231016,000000,12.3523,12.3523,12.3523,12.3523,0,0
IZO_MV,D,20231017,000000,12.4629,12.4629,11.7992,12.1679,0,0
IZO_MV,D,20231018,000000,12.3891,12.3891,11.7254,11.7604,0,0
IZO_MV,D,20231019,000000,12.0941,12.0941,11.6886,11.9059,0,0
IZO_MV,D,20231020,000000,11.9098,11.9098,11.9059,11.9059,0,0
IZO_MV,D,20231023,000000,11.9835,12.5366,11.9467,12.459,0,0
IZO_MV,D,20231024,000000,12.5735,13.2003,12.426,13.1964,0,0
IZO_MV,D,20231025,000000,13.2372,13.2372,12.6104,13.2353,0,0
IZO_MV,D,20231026,000000,13.2741,13.2741,12.3134,12.3134,0,0
IZO_MV,D,20231027,000000,12.4997,12.5366,12.4997,12.5366,0,0
IZO_MV,D,20231030,000000,12.8685,12.8685,12.3523,12.8665,0,0
IZO_MV,D,20231031,000000,12.721,12.721,12.2048,12.5366,0,0
IZO_MV,D,20231102,000000,12.5366,12.8685,12.5366,12.8665,0,0
IZO_MV,D,20231103,000000,12.8685,12.8685,12.721,12.8665,0,0
IZO_MV,D,20231106,000000,12.2416,12.8685,12.2416,12.6142,0,0
IZO_MV,D,20231107,000000,12.1679,12.1679,11.9835,11.9835,0,0
IZO_MV,D,20231108,000000,12.2785,12.2785,11.9835,11.9835,0,0
IZO_MV,D,20231109,000000,12.3523,12.3523,12.3523,12.3523,0,0
IZO_MV,D,20231110,000000,12.426,12.6841,11.8729,12.6822,0,0
IZO_MV,D,20231113,000000,12.6841,13.016,12.6841,12.721,0,0
IZO_MV,D,20231114,000000,13.0528,13.0528,13.0509,13.0509,0,0
IZO_MV,D,20231115,000000,12.721,13.0528,12.6434,12.6434,0,0
IZO_MV,D,20231116,000000,13.0528,13.0528,12.3891,13.0509,0,0
IZO_MV,D,20231117,000000,13.0528,13.0528,12.721,13.0121,0,0
IZO_MV,D,20231120,000000,13.016,13.016,12.4997,12.9053,0,0
IZO_MV,D,20231121,000000,13.016,13.016,12.0573,12.9053,0,0
IZO_MV,D,20231122,000000,12.9053,12.9053,12.426,12.6434,0,0
IZO_MV,D,20231123,000000,12.9053,12.9053,12.3891,12.9053,0,0
IZO_MV,D,20231124,000000,12.9053,12.9053,12.2416,12.4299,0,0
IZO_MV,D,20231127,000000,12.4997,12.4997,12.2416,12.2455,0,0
IZO_MV,D,20231128,000000,12.4997,12.4997,12.2416,12.2455,0,0
IZO_MV,D,20231129,000000,12.4997,12.4997,11.576,11.576,0,0
IZO_MV,D,20231130,000000,11.7623,11.7623,11.4304,11.6924,0,0
IZO_MV,D,20231201,000000,11.7623,11.7623,11.283,11.576,0,0
IZO_MV,D,20231204,000000,11.3198,11.7623,11.3198,11.7604,0,0
IZO_MV,D,20231205,000000,11.7623,11.7623,11.3567,11.4693,0,0
IZO_MV,D,20231206,000000,11.4304,11.7623,11.3936,11.7604,0,0
IZO_MV,D,20231207,000000,11.7623,11.9467,11.7215,11.7215,0,0
IZO_MV,D,20231208,000000,11.7254,12.3154,11.7254,12.3134,0,0
IZO_MV,D,20231211,000000,12.5366,12.5366,12.3891,12.5366,0,0
IZO_MV,D,20231212,000000,12.3891,12.3911,12.3891,12.3911,0,0
IZO_MV,D,20231213,000000,11.8729,12.1679,11.8729,12.1679,0,0
IZO_MV,D,20231214,000000,12.131,12.3911,12.131,12.3911,0,0
IZO_MV,D,20231215,000000,12.3891,12.3891,12.0204,12.0223,0,0
IZO_MV,D,20231218,000000,12.5366,13.4972,12.5366,13.4972,0,0
IZO_MV,D,20231219,000000,13.2741,13.6428,12.3523,12.9053,0,0
IZO_MV,D,20231220,000000,12.3523,13.2372,12.3523,13.0897,0,0
IZO_MV,D,20231221,000000,13.2372,13.2741,12.721,12.721,0,0
IZO_MV,D,20231222,000000,12.9053,13.0897,12.5735,12.8665,0,0
IZO_MV,D,20231227,000000,12.721,12.7986,12.3891,12.7986,0,0
IZO_MV,D,20231228,000000,12.8685,12.8685,12.426,12.8665,0,0
IZO_MV,D,20231229,000000,12.8685,13.4216,12.8685,13.4196,0,0
IZO_MV,D,20240102,000000,13.7903,14.1959,13.3847,13.5361,0,0
IZO_MV,D,20240103,000000,13.6428,13.6797,13.2741,13.604,0,0
IZO_MV,D,20240104,000000,13.6428,14.3802,13.6428,14.1959,0,0
IZO_MV,D,20240105,000000,14.1959,14.1959,13.9009,13.9048,0,0
IZO_MV,D,20240108,000000,13.8272,13.8272,13.5322,13.5361,0,0
IZO_MV,D,20240109,000000,13.8272,13.8272,13.8272,13.8272,0,0
IZO_MV,D,20240110,000000,13.8272,13.8272,13.6428,13.6428,0,0
IZO_MV,D,20240111,000000,13.6428,13.7903,13.4953,13.7495,0,0
IZO_MV,D,20240112,000000,13.6428,13.6428,13.0897,13.0897,0,0
IZO_MV,D,20240115,000000,13.6428,13.9746,12.3154,13.9727,0,0
IZO_MV,D,20240116,000000,13.7165,13.7165,12.8685,13.3517,0,0
IZO_MV,D,20240117,000000,13.3478,13.4584,13.3478,13.4584,0,0
IZO_MV,D,20240118,000000,13.3478,13.3517,13.3478,13.3517,0,0
IZO_MV,D,20240119,000000,13.2741,13.2741,12.7947,13.2741,0,0
IZO_MV,D,20240122,000000,13.2741,13.2741,12.5366,13.0897,0,0
IZO_MV,D,20240123,000000,13.0897,13.0897,12.5366,12.5366,0,0
IZO_MV,D,20240124,000000,12.5366,12.5366,12.3891,12.5366,0,0
IZO_MV,D,20240125,000000,12.5366,12.5366,12.459,12.459,0,0
IZO_MV,D,20240126,000000,12.5366,12.5366,12.5366,12.5366,0,0
IZO_MV,D,20240129,000000,12.5366,12.5366,12.5366,12.5366,0,0
IZO_MV,D,20240130,000000,12.5366,12.5366,12.5366,12.5366,0,0
IZO_MV,D,20240131,000000,12.5366,12.5366,12.4629,12.5366,0,0
IZO_MV,D,20240201,000000,12.5366,12.5366,12.131,12.3911,0,0
IZO_MV,D,20240202,000000,12.5366,13.569,12.0941,13.3517,0,0
IZO_MV,D,20240205,000000,13.4216,13.4216,12.9053,12.9053,0,0
IZO_MV,D,20240206,000000,13.2741,13.2741,13.1266,13.1285,0,0
IZO_MV,D,20240207,000000,13.0897,13.0897,12.7947,12.7986,0,0
IZO_MV,D,20240208,000000,13.0897,13.2372,13.0897,13.2353,0,0
IZO_MV,D,20240209,000000,13.2372,13.2372,12.721,13.1285,0,0
IZO_MV,D,20240212,000000,13.1266,13.1266,12.8316,12.9053,0,0
IZO_MV,D,20240213,000000,13.2372,13.2372,13.0897,13.0897,0,0
IZO_MV,D,20240214,000000,13.0897,13.2353,13.0897,13.2353,0,0
IZO_MV,D,20240215,000000,13.0897,13.2353,13.0897,13.0897,0,0
IZO_MV,D,20240216,000000,12.8685,12.8685,12.8665,12.8665,0,0
IZO_MV,D,20240219,000000,13.0528,13.0528,12.5366,13.0509,0,0
IZO_MV,D,20240220,000000,13.0528,13.0528,13.0509,13.0509,0,0
IZO_MV,D,20240221,000000,13.0528,13.0528,12.5366,13.0509,0,0
IZO_MV,D,20240222,000000,13.0528,13.0528,13.0121,13.0121,0,0
IZO_MV,D,20240223,000000,13.0528,13.0897,12.9791,13.0897,0,0
IZO_MV,D,20240226,000000,13.1266,13.1285,13.1266,13.1285,0,0
IZO_MV,D,20240227,000000,13.1266,13.1285,13.1266,13.1285,0,0
IZO_MV,D,20240228,000000,13.1266,13.1285,12.9053,13.1285,0,0
IZO_MV,D,20240229,000000,13.1266,13.1266,12.721,12.721,0,0
IZO_MV,D,20240301,000000,13.1266,13.1266,12.721,12.8665,0,0
IZO_MV,D,20240304,000000,12.8685,12.8685,12.7947,12.8685,0,0
IZO_MV,D,20240305,000000,12.8685,12.8685,12.5366,12.8665,0,0
IZO_MV,D,20240306,000000,12.8685,12.9053,12.4997,12.9053,0,0
IZO_MV,D,20240307,000000,13.2372,14.0115,13.2372,14.0115,0,0
IZO_MV,D,20240308,000000,14.1959,15.0808,13.6797,15.0789,0,0
IZO_MV,D,20240311,000000,14.8965,14.8965,14.5277,14.8266,0,0
IZO_MV,D,20240312,000000,14.6752,14.7121,14.1959,14.7101,0,0
IZO_MV,D,20240313,000000,14.6015,14.6015,14.1959,14.1959,0,0
IZO_MV,D,20240314,000000,14.6015,14.6034,14.1959,14.6034,0,0
IZO_MV,D,20240315,000000,14.5646,14.6015,13.8272,13.864,0,0
IZO_MV,D,20240318,000000,14.6015,14.6015,14.1959,14.1959,0,0
IZO_MV,D,20240319,000000,14.1959,14.6034,13.7903,14.6034,0,0
IZO_MV,D,20240320,000000,14.6015,14.6015,13.9378,14.1571,0,0
IZO_MV,D,20240321,000000,14.5277,14.5277,13.7534,14.1571,0,0
IZO_MV,D,20240322,000000,13.7165,14.4579,13.6428,14.4579,0,0
IZO_MV,D,20240325,000000,14.3802,14.3802,13.4584,14.2347,0,0
IZO_MV,D,20240326,000000,14.2327,14.2327,13.3478,13.5652,0,0
IZO_MV,D,20240327,000000,13.569,13.8272,12.3523,12.8665,0,0
IZO_MV,D,20240328,000000,12.8685,12.9442,12.8685,12.9442,0,0
IZO_MV,D,20240402,000000,12.9053,12.9053,12.9053,12.9053,0,0
IZO_MV,D,20240403,000000,12.9053,12.9053,12.3891,12.9053,0,0
IZO_MV,D,20240404,000000,12.9053,12.9053,12.7579,12.9053,0,0
IZO_MV,D,20240405,000000,12.9053,12.9053,12.4629,12.5366,0,0
IZO_MV,D,20240408,000000,12.5366,12.7579,12.3891,12.5366,0,0
IZO_MV,D,20240409,000000,12.5366,13.6059,12.3891,13.604,0,0
IZO_MV,D,20240410,000000,12.7579,12.7579,12.5366,12.6142,0,0
IZO_MV,D,20240411,000000,12.6841,12.6841,12.5366,12.5366,0,0
IZO_MV,D,20240412,000000,13.4584,13.4584,12.1679,12.3523,0,0
IZO_MV,D,20240415,000000,12.426,13.2372,12.426,13.0121,0,0
IZO_MV,D,20240416,000000,12.9791,12.9791,12.1679,12.3523,0,0
IZO_MV,D,20240417,000000,12.3523,12.8665,12.3523,12.8665,0,0
IZO_MV,D,20240418,000000,12.426,12.9053,12.1679,12.9053,0,0
IZO_MV,D,20240419,000000,12.4997,12.4997,12.1679,12.459,0,0
IZO_MV,D,20240422,000000,12.4629,12.4629,12.2048,12.459,0,0
IZO_MV,D,20240423,000000,12.4629,12.4629,11.9467,12.1679,0,0
IZO_MV,D,20240424,000000,12.1679,12.1679,11.7992,12.1679,0,0
IZO_MV,D,20240425,000000,12.4629,12.4629,12.0204,12.459,0,0
IZO_MV,D,20240426,000000,12.4629,12.4629,12.0941,12.3523,0,0
IZO_MV,D,20240429,000000,12.4629,12.4629,12.2048,12.2067,0,0
IZO_MV,D,20240430,000000,11.6886,12.2785,11.6148,11.8768,0,0
IZO_MV,D,20240502,000000,11.9467,11.9467,11.9467,11.9467,0,0
IZO_MV,D,20240506,000000,11.9467,12.3154,11.6517,12.3134,0,0
IZO_MV,D,20240507,000000,12.3154,12.4629,11.8729,12.4299,0,0
IZO_MV,D,20240508,000000,12.426,12.4299,12.0573,12.4299,0,0
IZO_MV,D,20240509,000000,12.426,12.426,12.2048,12.2067,0,0
IZO_MV,D,20240510,000000,12.426,12.426,12.2048,12.3911,0,0
IZO_MV,D,20240513,000000,12.3891,12.3891,11.8729,12.2746,0,0
IZO_MV,D,20240514,000000,12.2785,12.2785,12.1679,12.2746,0,0
IZO_MV,D,20240515,000000,12.3891,12.3891,12.1679,12.3523,0,0
IZO_MV,D,20240516,000000,12.3891,12.3911,12.0941,12.3911,0,0
IZO_MV,D,20240517,000000,12.3891,12.3891,12.0941,12.1679,0,0
IZO_MV,D,20240520,000000,12.0941,12.1679,12.0941,12.1679,0,0
IZO_MV,D,20240521,000000,12.3891,12.3911,12.3154,12.3911,0,0
IZO_MV,D,20240522,000000,12.3891,12.3911,12.3891,12.3911,0,0
IZO_MV,D,20240523,000000,12.426,12.4299,12.3891,12.4299,0,0
IZO_MV,D,20240524,000000,12.3891,12.3911,12.3891,12.3911,0,0
IZO_MV,D,20240527,000000,12.3891,12.3911,12.131,12.3911,0,0
IZO_MV,D,20240528,000000,12.426,12.426,12.2048,12.3911,0,0
IZO_MV,D,20240529,000000,12.3891,12.3911,12.3891,12.3911,0,0
IZO_MV,D,20240531,000000,12.3891,12.3911,12.3891,12.3911,0,0
IZO_MV,D,20240603,000000,12.1679,12.1679,11.9835,12.0223,0,0
IZO_MV,D,20240604,000000,12.3891,12.3911,11.9098,12.3911,0,0
IZO_MV,D,20240605,000000,12.3891,12.3911,12.131,12.3911,0,0
IZO_MV,D,20240606,000000,12.3891,12.3891,12.1679,12.1679,0,0
IZO_MV,D,20240607,000000,12.3891,12.3891,12.3523,12.3523,0,0
IZO_MV,D,20240610,000000,12.3891,12.3911,12.3891,12.3911,0,0
IZO_MV,D,20240611,000000,12.1679,12.1679,11.9835,12.1679,0,0
IZO_MV,D,20240612,000000,12.3523,12.3523,11.836,12.3523,0,0
IZO_MV,D,20240613,000000,11.9098,12.3154,11.8729,12.3134,0,0
IZO_MV,D,20240614,000000,12.1679,12.1679,12.0204,12.1679,0,0
IZO_MV,D,20240617,000000,12.2785,12.2785,11.9835,11.9835,0,0
IZO_MV,D,20240618,000000,12.2048,12.2048,12.1679,12.2048,0,0
IZO_MV,D,20240619,000000,12.2048,12.2048,12.1679,12.1679,0,0
IZO_MV,D,20240620,000000,12.2048,12.2067,12.2048,12.2067,0,0
IZO_MV,D,20240621,000000,12.2048,12.2048,12.1679,12.1679,0,0
IZO_MV,D,20240624,000000,12.2048,12.2067,12.1679,12.2067,0,0
IZO_MV,D,20240625,000000,12.2048,12.2067,12.2048,12.2067,0,0
IZO_MV,D,20240626,000000,12.0204,12.2455,11.9835,12.2455,0,0
IZO_MV,D,20240627,000000,12.2416,12.2455,12.2416,12.2455,0,0
IZO_MV,D,20240628,000000,12.3154,12.3523,12.2416,12.3134,0,0
IZO_MV,D,20240701,000000,12.3154,12.3154,12.2416,12.3134,0,0
IZO_MV,D,20240702,000000,12.3154,12.3523,12.2416,12.3523,0,0
IZO_MV,D,20240703,000000,12.3891,12.3891,12.2048,12.2067,0,0
IZO_MV,D,20240704,000000,12.3891,12.3911,12.2416,12.3911,0,0
IZO_MV,D,20240705,000000,12.3891,12.3891,12.3523,12.3523,0,0
IZO_MV,D,20240708,000000,12.3891,12.3891,12.3134,12.3134,0,0
IZO_MV,D,20240709,000000,12.3154,12.3154,12.2785,12.3134,0,0
IZO_MV,D,20240710,000000,12.3891,12.3911,12.3154,12.3911,0,0
IZO_MV,D,20240711,000000,12.426,12.4299,12.3154,12.4299,0,0
IZO_MV,D,20240712,000000,12.426,12.692,12.426,12.69,0,0
IZO_MV,D,20240715,000000,12.692,12.81,12.654,12.81,0,0
IZO_MV,D,20240716,000000,12.654,12.654,12.65,12.65,0,0
IZO_MV,D,20240717,000000,12.654,12.654,12.464,12.62,0,0
IZO_MV,D,20240718,000000,12.616,12.62,12.616,12.62,0,0
IZO_MV,D,20240719,000000,12.616,12.616,12.39,12.39,0,0
IZO_MV,D,20240722,000000,12.616,12.77,12.388,12.77,0,0
IZO_MV,D,20240723,000000,12.768,12.77,12.768,12.77,0,0
IZO_MV,D,20240724,000000,12.768,12.768,12.35,12.73,0,0
IZO_MV,D,20240725,000000,12.73,12.73,12.35,12.43,0,0
IZO_MV,D,20240726,000000,12.73,12.73,12.312,12.73,0,0
IZO_MV,D,20240729,000000,12.73,12.73,12.73,12.73,0,0
IZO_MV,D,20240730,000000,12.73,12.73,12.73,12.73,0,0
IZO_MV,D,20240731,000000,12.73,12.81,12.73,12.81,0,0
IZO_MV,D,20240801,000000,12.73,12.73,12.692,12.73,0,0
IZO_MV,D,20240802,000000,12.73,12.73,12.73,12.73,0,0
IZO_MV,D,20240805,000000,12.388,12.388,11.818,11.89,0,0
IZO_MV,D,20240806,000000,12.464,12.464,12.16,12.2,0,0
IZO_MV,D,20240807,000000,12.274,12.312,12.008,12.31,0,0
IZO_MV,D,20240808,000000,12.236,12.312,12.008,12.01,0,0
IZO_MV,D,20240809,000000,12.198,12.312,12.198,12.31,0,0
IZO_MV,D,20240812,000000,12.274,12.312,12.274,12.31,0,0
IZO_MV,D,20240813,000000,12.312,12.312,12.046,12.31,0,0
IZO_MV,D,20240814,000000,12.464,12.54,12.31,12.54,0,0
IZO_MV,D,20240816,000000,12.54,12.62,12.54,12.62,0,0
IZO_MV,D,20240819,000000,12.54,12.58,12.35,12.58,0,0
IZO_MV,D,20240820,000000,12.578,12.62,12.046,12.62,0,0
IZO_MV,D,20240821,000000,12.616,12.616,12.046,12.05,0,0
IZO_MV,D,20240822,000000,12.502,12.502,12.5,12.5,0,0
IZO_MV,D,20240823,000000,12.122,12.122,12.12,12.12,0,0
IZO_MV,D,20240826,000000,12.616,12.62,12.616,12.62,0,0
IZO_MV,D,20240827,000000,12.616,12.616,12.46,12.46,0,0
IZO_MV,D,20240828,000000,12.616,12.616,12.236,12.24,0,0
IZO_MV,D,20240829,000000,12.16,12.464,12.16,12.46,0,0
IZO_MV,D,20240830,000000,12.464,12.464,12.46,12.46,0,0
IZO_MV,D,20240902,000000,12.464,12.464,12.388,12.388,0,0
IZO_MV,D,20240903,000000,12.464,13.262,12.274,13,0,0
IZO_MV,D,20240904,000000,12.996,13,12.806,13,0,0
IZO_MV,D,20240905,000000,13.68,13.68,12.844,13.26,0,0
IZO_MV,D,20240906,000000,13.224,13.224,12.69,12.69,0,0
IZO_MV,D,20240909,000000,13.262,13.262,12.844,12.92,0,0
IZO_MV,D,20240910,000000,12.92,12.92,12.426,12.92,0,0
IZO_MV,D,20240911,000000,12.92,12.92,12.92,12.92,0,0
IZO_MV,D,20240912,000000,12.464,12.464,12.46,12.46,0,0
IZO_MV,D,20240913,000000,12.464,12.464,12.388,12.46,0,0
IZO_MV,D,20240916,000000,12.464,14.364,12.426,14.36,0,0
IZO_MV,D,20240917,000000,13.946,15.124,13.946,14.52,0,0
IZO_MV,D,20240918,000000,14.516,14.516,13.832,14.02,0,0
IZO_MV,D,20240919,000000,14.06,14.288,13.718,13.91,0,0
IZO_MV,D,20240920,000000,14.288,14.972,13.642,14.06,0,0
IZO_MV,D,20240923,000000,14.402,14.402,13.946,14.25,0,0
IZO_MV,D,20240924,000000,14.402,14.402,13.3,14.25,0,0
IZO_MV,D,20240925,000000,14.06,14.06,13.414,14.06,0,0
IZO_MV,D,20240926,000000,14.06,14.06,14.06,14.06,0,0
IZO_MV,D,20240927,000000,14.06,14.06,13.794,13.87,0,0
IZO_MV,D,20240930,000000,14.402,14.82,13.832,14.4,0,0
IZO_MV,D,20241001,000000,14.402,14.402,13.87,14.1,0,0
IZO_MV,D,20241002,000000,14.098,14.1,13.452,14.1,0,0
IZO_MV,D,20241003,000000,13.3,14.1,13.3,14.1,0,0
IZO_MV,D,20241004,000000,14.06,14.1,13.376,14.06,0,0
IZO_MV,D,20241007,000000,13.908,13.91,13.908,13.91,0,0
IZO_MV,D,20241008,000000,13.338,13.95,13.338,13.95,0,0
IZO_MV,D,20241009,000000,13.908,13.91,13.908,13.91,0,0
IZO_MV,D,20241010,000000,13.908,13.91,13.376,13.91,0,0
IZO_MV,D,20241011,000000,13.87,13.87,13.79,13.79,0,0
IZO_MV,D,20241014,000000,13.794,13.87,13.528,13.87,0,0
IZO_MV,D,20241015,000000,13.87,13.87,13.414,13.87,0,0
IZO_MV,D,20241016,000000,14.06,14.06,13.528,13.53,0,0
IZO_MV,D,20241017,000000,13.984,13.984,13.414,13.91,0,0
IZO_MV,D,20241018,000000,13.642,13.642,13.262,13.3,0,0
IZO_MV,D,20241021,000000,13.49,13.49,12.616,13.49,0,0
IZO_MV,D,20241022,000000,13.414,13.414,12.198,12.62,0,0
IZO_MV,D,20241023,000000,13.3,13.3,12.464,13.22,0,0
IZO_MV,D,20241024,000000,13.148,13.148,12.46,12.46,0,0
IZO_MV,D,20241025,000000,13.11,13.11,12.464,13.11,0,0
IZO_MV,D,20241028,000000,13.11,13.11,12.388,12.39,0,0
IZO_MV,D,20241029,000000,13.11,13.11,12.312,12.54,0,0
IZO_MV,D,20241030,000000,12.844,12.844,12.616,12.62,0,0
IZO_MV,D,20241031,000000,13.148,13.148,12.54,13.11,0,0
IZO_MV,D,20241104,000000,13.11,13.11,12.198,13.03,0,0
IZO_MV,D,20241105,000000,13.034,13.034,12.35,12.96,0,0
IZO_MV,D,20241106,000000,13.034,13.034,12.35,12.54,0,0
IZO_MV,D,20241107,000000,12.54,12.54,12.35,12.35,0,0
IZO_MV,D,20241108,000000,13.034,13.034,11.932,12.24,0,0
IZO_MV,D,20241112,000000,12.236,12.236,11.78,12.16,0,0
IZO_MV,D,20241113,000000,12.654,12.654,12.236,12.24,0,0
IZO_MV,D,20241114,000000,12.654,12.654,11.818,12.62,0,0
IZO_MV,D,20241115,000000,12.616,12.654,12.122,12.65,0,0
IZO_MV,D,20241118,000000,12.008,12.01,12.008,12.01,0,0
IZO_MV,D,20241119,000000,12.654,12.654,11.93,11.93,0,0
IZO_MV,D,20241120,000000,12.654,12.654,12.65,12.65,0,0
IZO_MV,D,20241121,000000,12.654,12.654,12.08,12.08,0,0
IZO_MV,D,20241122,000000,12.084,12.654,12.084,12.65,0,0
IZO_MV,D,20241125,000000,12.236,12.58,11.818,12.58,0,0
IZO_MV,D,20241126,000000,12.616,12.654,12.008,12.54,0,0
IZO_MV,D,20241127,000000,12.54,12.54,12.54,12.54,0,0
IZO_MV,D,20241128,000000,12.654,12.654,12.65,12.65,0,0
IZO_MV,D,20241129,000000,12.236,12.58,12.236,12.58,0,0
IZO_MV,D,20241202,000000,12.578,12.578,11.894,12.54,0,0
IZO_MV,D,20241203,000000,12.54,12.54,12.54,12.54,0,0
IZO_MV,D,20241204,000000,12.54,12.54,12.046,12.31,0,0
IZO_MV,D,20241205,000000,12.654,12.654,12.046,12.65,0,0
IZO_MV,D,20241206,000000,12.654,12.654,12.65,12.65,0,0
IZO_MV,D,20241209,000000,12.654,12.654,12.65,12.65,0,0
IZO_MV,D,20241210,000000,12.16,12.16,12.16,12.16,0,0
IZO_MV,D,20241211,000000,12.16,12.16,12.16,12.16,0,0
IZO_MV,D,20241212,000000,12.084,12.084,12.046,12.05,0,0
IZO_MV,D,20241213,000000,12.54,12.54,12.54,12.54,0,0
IZO_MV,D,20241216,000000,12.54,12.54,12.54,12.54,0,0
IZO_MV,D,20241217,000000,12.54,12.54,11.362,11.4,0,0
IZO_MV,D,20241218,000000,11.4,12.16,11.4,12.16,0,0
IZO_MV,D,20241219,000000,12.464,12.464,11.248,12.46,0,0
IZO_MV,D,20241220,000000,12.464,12.464,11.324,11.7,0,0
IZO_MV,D,20241223,000000,12.464,12.464,11.4,12.16,0,0
IZO_MV,D,20241227,000000,12.16,12.16,11.438,12.08,0,0
IZO_MV,D,20241230,000000,12.084,12.084,11.59,11.59,0,0
IZO_MV,D,20250102,000000,11.59,11.932,11.59,11.93,0,0
IZO_MV,D,20250103,000000,11.932,12.654,11.932,12.65,0,0
IZO_MV,D,20250107,000000,12.654,12.654,12.16,12.65,0,0
IZO_MV,D,20250108,000000,13.11,13.11,12.65,12.65,0,0
IZO_MV,D,20250109,000000,13.072,13.072,12.54,12.65,0,0
IZO_MV,D,20250110,000000,13.072,13.072,12.65,12.65,0,0
IZO_MV,D,20250113,000000,13.072,13.072,12.08,12.08,0,0
IZO_MV,D,20250114,000000,12.502,12.502,12.5,12.5,0,0
IZO_MV,D,20250115,000000,12.502,12.92,12.502,12.92,0,0
IZO_MV,D,20250116,000000,12.92,12.92,12.5,12.5,0,0
IZO_MV,D,20250117,000000,12.92,12.92,12.274,12.88,0,0
IZO_MV,D,20250120,000000,12.882,13.68,12.882,13.68,0,0
IZO_MV,D,20250121,000000,13.68,13.68,13.034,13.45,0,0
IZO_MV,D,20250122,000000,13.68,13.68,13.034,13.3,0,0
IZO_MV,D,20250123,000000,13.49,13.49,13.224,13.3,0,0
IZO_MV,D,20250124,000000,13.3,13.3,13.03,13.03,0,0
IZO_MV,D,20250127,000000,12.882,13.3,12.464,13.3,0,0
IZO_MV,D,20250128,000000,13.3,14.06,12.35,13.87,0,0
IZO_MV,D,20250129,000000,13.87,13.908,13.338,13.68,0,0
IZO_MV,D,20250130,000000,13.87,14.022,13.718,14.02,0,0
IZO_MV,D,20250131,000000,13.794,14.022,13.68,13.98,0,0
IZO_MV,D,20250203,000000,13.528,13.95,13.414,13.95,0,0
IZO_MV,D,20250204,000000,13.908,13.946,13.3,13.38,0,0
IZO_MV,D,20250205,000000,13.338,13.95,13.338,13.95,0,0
IZO_MV,D,20250206,000000,13.68,13.95,13.414,13.95,0,0
IZO_MV,D,20250207,000000,13.946,14.022,13.946,13.98,0,0
IZO_MV,D,20250210,000000,13.528,13.68,12.578,13.26,0,0
IZO_MV,D,20250211,000000,13.984,13.984,13.262,13.98,0,0
IZO_MV,D,20250212,000000,13.984,14.212,13.68,14.06,0,0
IZO_MV,D,20250213,000000,14.212,14.63,13.604,14.63,0,0
IZO_MV,D,20250214,000000,14.63,14.63,13.832,14.17,0,0
IZO_MV,D,20250217,000000,14.174,14.592,13.68,13.95,0,0
IZO_MV,D,20250218,000000,14.63,14.63,13.604,14.06,0,0
IZO_MV,D,20250219,000000,13.87,14.44,13.794,14.25,0,0
IZO_MV,D,20250220,000000,14.06,14.44,13.718,13.72,0,0
IZO_MV,D,20250221,000000,14.174,14.174,13.68,14.17,0,0
IZO_MV,D,20250224,000000,14.44,14.44,14.44,14.44,0,0
IZO_MV,D,20250225,000000,14.364,14.972,14.212,14.97,0,0
IZO_MV,D,20250226,000000,14.972,14.972,14.744,14.93,0,0
IZO_MV,D,20250227,000000,14.934,14.97,14.364,14.97,0,0
IZO_MV,D,20250228,000000,14.06,14.934,14.06,14.93,0,0
IZO_MV,D,20250303,000000,14.782,14.782,14.67,14.67,0,0
IZO_MV,D,20250304,000000,14.668,14.668,14.288,14.36,0,0
IZO_MV,D,20250305,000000,14.63,14.67,14.364,14.67,0,0
IZO_MV,D,20250306,000000,14.668,14.67,13.908,14.67,0,0
IZO_MV,D,20250307,000000,14.668,14.668,13.604,14.59,0,0
IZO_MV,D,20250310,000000,13.794,14.668,13.756,14.59,0,0
IZO_MV,D,20250311,000000,14.592,14.668,13.984,14.1,0,0
IZO_MV,D,20250312,000000,14.326,14.592,14.022,14.44,0,0
IZO_MV,D,20250313,000000,14.44,14.44,14.44,14.44,0,0
IZO_MV,D,20250314,000000,14.44,14.44,14.022,14.44,0,0
IZO_MV,D,20250317,000000,14.44,14.44,14.326,14.33,0,0
IZO_MV,D,20250318,000000,14.44,14.44,14.022,14.06,0,0
IZO_MV,D,20250319,000000,14.288,14.288,14.02,14.02,0,0
IZO_MV,D,20250320,000000,14.288,14.288,14.098,14.1,0,0
IZO_MV,D,20250321,000000,14.136,14.136,13.87,13.87,0,0
IZO_MV,D,20250324,000000,13.984,13.984,13.87,13.98,0,0
IZO_MV,D,20250325,000000,14.668,14.668,13.3,13.45,0,0
IZO_MV,D,20250326,000000,13.452,13.946,13.452,13.91,0,0
IZO_MV,D,20250327,000000,13.908,13.91,13.224,13.91,0,0
IZO_MV,D,20250328,000000,13.908,14.63,13.3,13.95,0,0
IZO_MV,D,20250331,000000,13.87,13.87,13.87,13.87,0,0
IZO_MV,D,20250401,000000,14.63,14.63,13.946,13.95,0,0
IZO_MV,D,20250402,000000,14.63,14.63,13.946,13.95,0,0
IZO_MV,D,20250403,000000,14.212,14.592,13.072,13.072,0,0
IZO_MV,D,20250404,000000,13.68,13.68,13.224,13.3,0,0
IZO_MV,D,20250407,000000,12.692,13.984,12.692,12.844,0,0
IZO_MV,D,20250408,000000,13.984,13.984,12.92,13.53,0,0
IZO_MV,D,20250409,000000,13.604,13.604,13.376,13.38,0,0
IZO_MV,D,20250410,000000,13.49,13.49,13.11,13.11,0,0
IZO_MV,D,20250411,000000,13.604,13.604,12.958,13.6,0,0
IZO_MV,D,20250414,000000,13.604,13.68,13.262,13.68,0,0
IZO_MV,D,20250415,000000,13.68,13.68,12.92,13.3,0,0
IZO_MV,D,20250416,000000,13.528,13.68,12.958,13.6,0,0
IZO_MV,D,20250417,000000,13.604,13.604,13.034,13.3,0,0
IZO_MV,D,20250422,000000,13.566,13.566,13.49,13.49,0,0
IZO_MV,D,20250423,000000,13.604,13.604,13.186,13.6,0,0
IZO_MV,D,20250424,000000,13.604,13.604,13.49,13.49,0,0
IZO_MV,D,20250425,000000,13.604,13.604,13.186,13.6,0,0
IZO_MV,D,20250428,000000,13.604,13.604,13.3,13.45,0,0
IZO_MV,D,20250429,000000,13.452,13.452,13.224,13.45,0,0
IZO_MV,D,20250430,000000,13.604,13.604,13.338,13.6,0,0
IZO_MV,D,20250502,000000,13.68,13.68,13.3,13.3,0,0
IZO_MV,D,20250505,000000,13.49,13.68,13.3,13.68,0,0
IZO_MV,D,20250506,000000,13.68,13.68,13.3,13.68,0,0
IZO_MV,D,20250507,000000,13.68,13.87,13.642,13.83,0,0
IZO_MV,D,20250508,000000,13.832,13.832,13.64,13.64,0,0
IZO_MV,D,20250509,000000,13.642,13.984,13.642,13.98,0,0
IZO_MV,D,20250512,000000,13.87,13.87,13.83,13.83,0,0
IZO_MV,D,20250513,000000,13.756,13.756,13.642,13.68,0,0
IZO_MV,D,20250514,000000,13.756,13.756,13.338,13.68,0,0
IZO_MV,D,20250515,000000,13.756,13.756,13.338,13.68,0,0
IZO_MV,D,20250516,000000,13.642,13.642,13.262,13.6,0,0
IZO_MV,D,20250519,000000,13.68,13.68,13.262,13.64,0,0
IZO_MV,D,20250520,000000,13.49,13.57,12.73,13.57,0,0
IZO_MV,D,20250521,000000,13.224,13.262,13.224,13.262,0,0
IZO_MV,D,20250522,000000,13.528,13.53,13.3,13.53,0,0
IZO_MV,D,20250523,000000,13.528,14.25,13.528,14.25,0,0
IZO_MV,D,20250526,000000,14.25,14.25,13.528,13.53,0,0
IZO_MV,D,20250527,000000,14.25,14.25,13.908,14.14,0,0
IZO_MV,D,20250528,000000,14.06,14.06,14.022,14.06,0,0
IZO_MV,D,20250529,000000,14.06,14.06,13.794,14.06,0,0
IZO_MV,D,20250530,000000,13.984,13.984,13.794,13.98,0,0
IZO_MV,D,20250602,000000,13.984,13.984,13.946,13.98,0,0
IZO_MV,D,20250603,000000,13.984,13.984,13.946,13.95,0,0
IZO_MV,D,20250604,000000,13.908,13.95,13.908,13.95,0,0
IZO_MV,D,20250605,000000,13.946,13.946,13.87,13.91,0,0
IZO_MV,D,20250606,000000,13.908,13.91,13.908,13.91,0,0
IZO_MV,D,20250609,000000,13.908,14.1,13.566,14.1,0,0
IZO_MV,D,20250610,000000,14.44,14.896,14.174,14.82,0,0
IZO_MV,D,20250611,000000,14.82,14.82,13.794,14.29,0,0
IZO_MV,D,20250612,000000,14.288,14.288,14.098,14.1,0,0
IZO_MV,D,20250613,000000,13.832,14.212,13.832,14.21,0,0
IZO_MV,D,20250616,000000,14.136,14.212,14.06,14.14,0,0
IZO_MV,D,20250617,000000,14.136,14.174,14.06,14.17,0,0
IZO_MV,D,20250618,000000,14.174,14.174,14.06,14.17,0,0
IZO_MV,D,20250620,000000,14.136,14.14,14.06,14.14,0,0
IZO_MV,D,20250623,000000,14.06,14.14,14.06,14.14,0,0
IZO_MV,D,20250624,000000,13.984,14.1,13.832,14.1,0,0
IZO_MV,D,20250625,000000,14.098,14.1,13.87,14.1,0,0
IZO_MV,D,20250626,000000,14.098,14.1,13.908,14.1,0,0
IZO_MV,D,20250627,000000,14.06,14.1,13.908,14.1,0,0
IZO_MV,D,20250630,000000,14.098,14.744,14.098,14.48,0,0
IZO_MV,D,20250701,000000,14.82,14.82,14.478,14.82,0,0
IZO_MV,D,20250702,000000,14.516,14.82,14.516,14.55,0,0
IZO_MV,D,20250703,000000,14.82,14.82,14.326,14.82,0,0
IZO_MV,D,20250704,000000,14.82,14.82,14.288,14.71,0,0
IZO_MV,D,20250707,000000,14.744,14.82,14.478,14.82,0,0
IZO_MV,D,20250708,000000,14.82,14.82,14.288,14.74,0,0
IZO_MV,D,20250709,000000,14.82,14.82,14.44,14.71,0,0
IZO_MV,D,20250710,000000,14.706,14.71,14.706,14.71,0,0
IZO_MV,D,20250711,000000,14.744,14.744,14.44,14.71,0,0
IZO_MV,D,20250714,000000,14.63,14.63,13.83,13.83,0,0
IZO_MV,D,20250715,000000,13.87,14.288,13.87,14.21,0,0
IZO_MV,D,20250716,000000,14.06,14.592,13.946,14.59,0,0
IZO_MV,D,20250717,000000,14.174,14.592,14.174,14.59,0,0
IZO_MV,D,20250718,000000,14.212,14.63,14.174,14.33,0,0
IZO_MV,D,20250721,000000,14.402,14.44,14.098,14.17,0,0
IZO_MV,D,20250722,000000,14.44,14.592,14.06,14.55,0,0
IZO_MV,D,20250723,000000,14.554,14.554,14.17,14.17,0,0
IZO_MV,D,20250724,000000,14.174,14.29,14.174,14.29,0,0
IZO_MV,D,20250725,000000,14.288,14.52,14.06,14.52,0,0
IZO_MV,D,20250728,000000,14.516,14.63,14.44,14.63,0,0
IZO_MV,D,20250729,000000,14.744,14.744,14.25,14.25,0,0
IZO_MV,D,20250730,000000,14.744,14.744,14.63,14.63,0,0
IZO_MV,D,20250731,000000,14.25,14.25,13.946,14.25,0,0
IZO_MV,D,20250801,000000,14.25,14.25,13.908,14.06,0,0
IZO_MV,D,20250804,000000,14.06,14.44,13.87,14.44,0,0
IZO_MV,D,20250805,000000,14.25,14.25,13.718,14.06,0,0
IZO_MV,D,20250806,000000,14.44,14.44,14.212,14.4,0,0
IZO_MV,D,20250807,000000,14.402,14.402,14.06,14.06,0,0
IZO_MV,D,20250808,000000,14.364,14.364,13.756,14.21,0,0
IZO_MV,D,20250811,000000,14.212,14.212,13.756,14.17,0,0
IZO_MV,D,20250812,000000,14.174,14.174,14.17,14.17,0,0
IZO_MV,D,20250813,000000,14.174,14.212,13.794,14.21,0,0
IZO_MV,D,20250814,000000,14.288,14.288,14.06,14.06,0,0
IZO_MV,D,20250818,000000,14.402,14.402,13.718,13.87,0,0
IZO_MV,D,20250819,000000,14.402,14.402,13.87,14.4,0,0
IZO_MV,D,20250820,000000,14.402,14.402,13.87,14.06,0,0
IZO_MV,D,20250821,000000,14.402,14.402,13.908,13.91,0,0
IZO_MV,D,20250822,000000,13.908,14.212,13.908,13.91,0,0
IZO_MV,D,20250825,000000,14.25,14.364,13.87,14.33,0,0
IZO_MV,D,20250826,000000,14.364,14.364,14.326,14.36,0,0
IZO_MV,D,20250827,000000,14.326,14.364,13.87,14.36,0,0
IZO_MV,D,20250828,000000,14.364,14.364,13.756,13.76,0,0
IZO_MV,D,20250829,000000,14.212,14.212,13.718,14.21,0,0
IZO_MV,D,20250901,000000,14.288,14.29,14.288,14.29,0,0
IZO_MV,D,20250902,000000,13.87,14.06,13.756,14.06,0,0
IZO_MV,D,20250903,000000,14.136,14.136,14.06,14.06,0,0
IZO_MV,D,20250904,000000,13.68,13.68,13.68,13.68,0,0
IZO_MV,D,20250905,000000,14.06,14.06,13.87,14.02,0,0
IZO_MV,D,20250908,000000,14.022,14.022,13.642,13.95,0,0
IZO_MV,D,20250909,000000,13.946,13.946,13.604,13.87,0,0
IZO_MV,D,20250910,000000,13.68,13.68,13.68,13.68,0,0
IZO_MV,D,20250911,000000,13.68,13.946,13.452,13.91,0,0
IZO_MV,D,20250912,000000,13.452,13.87,13.452,13.64,0,0
IZO_MV,D,20250915,000000,13.452,14.06,12.692,14.06,0,0
IZO_MV,D,20250916,000000,13.68,14.022,13.49,13.95,0,0
IZO_MV,D,20250917,000000,14.022,14.288,14.022,14.06,0,0
IZO_MV,D,20250918,000000,14.06,14.06,14.06,14.06,0,0
IZO_MV,D,20250919,000000,14.25,15.01,14.25,15.01,0,0
IZO_MV,D,20250922,000000,15.048,16.23,14.82,16.23,0,0
IZO_MV,D,20250923,000000,16.34,16.872,14.972,15.39,0,0
IZO_MV,D,20250924,000000,15.39,15.884,14.82,15.73,0,0
IZO_MV,D,20250925,000000,15.732,18.544,15.048,17.18,0,0
IZO_MV,D,20250926,000000,17.1,18.43,17.1,18.13,0,0
IZO_MV,D,20250929,000000,17.556,18.468,16.948,17.44,0,0
IZO_MV,D,20250930,000000,16.53,18.012,16.53,17.29,0,0
IZO_MV,D,20251001,000000,16.492,16.834,14.554,15.05,0,0
IZO_MV,D,20251002,000000,15.542,15.542,14.63,15.05,0,0
IZO_MV,D,20251003,000000,15.048,15.048,14.478,14.86,0,0
IZO_MV,D,20251006,000000,14.858,14.896,14.136,14.63,0,0
IZO_MV,D,20251007,000000,14.63,14.63,14.44,14.59,0,0
IZO_MV,D,20251008,000000,14.174,14.554,14.06,14.33,0,0
IZO_MV,D,20251009,000000,14.25,14.288,13.908,14.25,0,0
IZO_MV,D,20251010,000000,14.25,15.504,13.87,15.47,0,0
IZO_MV,D,20251013,000000,15.01,15.2,14.63,15.2,0,0
IZO_MV,D,20251014,000000,15.2,15.2,14.098,14.44,0,0
IZO_MV,D,20251015,000000,14.63,14.668,14.06,14.44,0,0
IZO_MV,D,20251016,000000,14.554,14.554,14.06,14.55,0,0
IZO_MV,D,20251017,000000,14.554,14.592,14.174,14.52,0,0
IZO_MV,D,20251020,000000,14.516,14.516,14.06,14.25,0,0
IZO_MV,D,20251021,000000,14.516,14.516,14.17,14.17,0,0
IZO_MV,D,20251022,000000,14.478,14.52,14.136,14.52,0,0
IZO_MV,D,20251023,000000,14.516,14.52,14.516,14.52,0,0
IZO_MV,D,20251024,000000,14.44,14.516,14.174,14.44,0,0
IZO_MV,D,20251027,000000,14.44,14.44,14.288,14.29,0,0
IZO_MV,D,20251028,000000,14.44,14.44,14.25,14.36,0,0
IZO_MV,D,20251029,000000,14.25,14.516,14.25,14.25,0,0
IZO_MV,D,20251030,000000,14.516,14.516,14.06,14.33,0,0
IZO_MV,D,20251031,000000,14.364,14.364,13.984,13.984,0,0
IZO_MV,D,20251103,000000,13.984,14.36,13.908,14.36,0,0
IZO_MV,D,20251104,000000,14.364,14.364,14.36,14.36,0,0
IZO_MV,D,20251105,000000,14.136,14.174,14.136,14.17,0,0
IZO_MV,D,20251106,000000,14.174,14.174,14.17,14.17,0,0
IZO_MV,D,20251107,000000,14.288,14.326,13.946,14.25,0,0
IZO_MV,D,20251110,000000,14.364,14.52,13.984,14.52,0,0
IZO_MV,D,20251112,000000,14.478,14.48,14.44,14.48,0,0
IZO_MV,D,20251113,000000,14.478,14.67,14.098,14.67,0,0
IZO_MV,D,20251114,000000,14.63,15.086,14.63,14.74,0,0
IZO_MV,D,20251117,000000,14.668,14.668,14.06,14.44,0,0
IZO_MV,D,20251118,000000,14.592,14.592,14.25,14.52,0,0
IZO_MV,D,20251119,000000,14.44,14.554,14.44,14.55,0,0
IZO_MV,D,20251120,000000,14.516,15.01,14.516,14.78,0,0
IZO_MV,D,20251121,000000,14.782,14.782,14.44,14.74,0,0
IZO_MV,D,20251124,000000,14.744,14.744,14.326,14.67,0,0
IZO_MV,D,20251125,000000,14.668,14.668,14.326,14.63,0,0
IZO_MV,D,20251126,000000,14.592,14.592,14.59,14.59,0,0
IZO_MV,D,20251127,000000,14.554,14.592,14.364,14.59,0,0
IZO_MV,D,20251128,000000,14.592,14.896,14.326,14.78,0,0
IZO_MV,D,20251201,000000,14.782,14.896,14.63,14.67,0,0
IZO_MV,D,20251202,000000,15.086,15.086,14.25,14.74,0,0
IZO_MV,D,20251203,000000,15.086,15.086,15.01,15.01,0,0
IZO_MV,D,20251204,000000,15.01,15.01,14.82,14.82,0,0
IZO_MV,D,20251205,000000,15.01,15.01,14.896,14.9,0,0
IZO_MV,D,20251208,000000,14.896,14.972,14.668,14.97,0,0
IZO_MV,D,20251209,000000,15.01,15.086,14.82,15.01,0,0
IZO_MV,D,20251210,000000,15.086,15.086,14.82,15.05,0,0
IZO_MV,D,20251211,000000,15.086,15.086,14.668,14.67,0,0
IZO_MV,D,20251212,000000,14.82,15.09,14.706,15.09,0,0
IZO_MV,D,20251215,000000,15.048,15.542,14.706,14.74,0,0
IZO_MV,D,20251216,000000,15.2,15.2,14.82,14.97,0,0
IZO_MV,D,20251217,000000,14.82,15.998,14.82,15.96,0,0
IZO_MV,D,20251218,000000,15.998,15.998,14.744,15.2,0,0
IZO_MV,D,20251219,000000,15.2,15.2,15.12,15.12,0,0
IZO_MV,D,20251222,000000,15.542,15.542,13.984,14.74,0,0
IZO_MV,D,20251223,000000,14.744,14.82,14.098,14.174,0,0
IZO_MV,D,20251229,000000,14.858,14.858,14.174,14.71,0,0
IZO_MV,D,20251230,000000,14.706,14.706,14.174,14.63,0,0
IZO_MV,D,20260102,000000,14.63,14.934,14.288,14.63,0,0
IZO_MV,D,20260105,000000,14.63,15.01,14.63,15.01,0,0
IZO_MV,D,20260107,000000,15.086,15.086,14.44,14.82,0,0
IZO_MV,D,20260108,000000,14.82,14.9,14.516,14.9,0,0
IZO_MV,D,20260109,000000,14.896,14.896,14.326,14.78,0,0
IZO_MV,D,20260112,000000,14.82,15.2,14.63,15.2,0,0
IZO_MV,D,20260113,000000,15.58,15.58,14.858,15.2,0,0
IZO_MV,D,20260114,000000,15.2,15.2,14.516,15.2,0,0
IZO_MV,D,20260115,000000,15.2,15.2,15.086,15.16,0,0
IZO_MV,D,20260116,000000,15.162,15.162,14.668,15.16,0,0
IZO_MV,D,20260119,000000,15.162,15.162,14.82,15.16,0,0
IZO_MV,D,20260120,000000,15.276,15.352,14.934,15.35,0,0
IZO_MV,D,20260121,000000,15.352,15.352,14.896,15.01,0,0
IZO_MV,D,20260122,000000,15.58,15.58,14.896,15.39,0,0
IZO_MV,D,20260123,000000,15.58,15.58,14.858,15.2,0,0
