<TICKER>,<PER>,<DATE>,<TIME>,<OPEN>,<HIGH>,<LOW>,<CLOSE>,<VOL>,<OPENINT>
KPL_PE,D,20110527,000000,7.44763,7.44763,7.44763,7.44763,0,0
KPL_PE,D,20110530,000000,7.34459,7.75334,7.2946,7.54909,0,0
KPL_PE,D,20110531,000000,7.54909,7.54909,7.2946,7.34459,0,0
KPL_PE,D,20110601,000000,7.2946,7.39529,7.24313,7.39529,0,0
KPL_PE,D,20110602,000000,7.39529,7.44763,7.24313,7.44763,0,0
KPL_PE,D,20110603,000000,7.2946,7.49763,7.2946,7.44763,0,0
KPL_PE,D,20110606,000000,7.24313,7.39529,7.24313,7.34459,0,0
KPL_PE,D,20110607,000000,7.34459,7.39529,6.68211,7.24313,0,0
KPL_PE,D,20110608,000000,7.24313,7.39529,7.24313,7.39529,0,0
KPL_PE,D,20110609,000000,7.24313,7.34459,7.24313,7.2946,0,0
KPL_PE,D,20110610,000000,7.2946,7.2946,7.24313,7.2946,0,0
KPL_PE,D,20110613,000000,7.24313,7.2946,7.24313,7.24313,0,0
KPL_PE,D,20110614,000000,6.988,7.2946,6.988,7.19235,0,0
KPL_PE,D,20110615,000000,6.988,7.19235,6.78359,7.14017,0,0
KPL_PE,D,20110616,000000,6.83463,7.19235,6.83463,6.988,0,0
KPL_PE,D,20110617,000000,6.73316,6.988,6.73316,6.83463,0,0
KPL_PE,D,20110620,000000,6.78359,6.83463,6.52962,6.73316,0,0
KPL_PE,D,20110621,000000,6.63109,6.63109,6.52962,6.63109,0,0
KPL_PE,D,20110622,000000,6.63109,6.68211,6.57926,6.63109,0,0
KPL_PE,D,20110624,000000,6.52962,6.52962,6.52962,6.52962,0,0
KPL_PE,D,20110627,000000,6.52962,6.63109,6.42666,6.57926,0,0
KPL_PE,D,20110628,000000,6.42666,6.57926,6.37536,6.42666,0,0
KPL_PE,D,20110629,000000,6.42666,6.63109,6.42666,6.57926,0,0
KPL_PE,D,20110630,000000,6.52962,6.57926,6.32519,6.57926,0,0
KPL_PE,D,20110701,000000,6.32519,6.63109,6.32519,6.57926,0,0
KPL_PE,D,20110704,000000,6.57926,6.57926,6.57926,6.57926,0,0
KPL_PE,D,20110705,000000,6.32519,6.52962,6.32519,6.47779,0,0
KPL_PE,D,20110706,000000,6.47779,6.47779,6.47779,6.47779,0,0
KPL_PE,D,20110707,000000,6.47779,6.47779,6.42666,6.47779,0,0
KPL_PE,D,20110708,000000,6.27389,6.52962,6.27389,6.42666,0,0
KPL_PE,D,20110711,000000,6.32519,6.47779,6.27389,6.47779,0,0
KPL_PE,D,20110712,000000,6.27389,6.42666,6.2225,6.42666,0,0
KPL_PE,D,20110713,000000,6.27389,6.47779,6.27389,6.42666,0,0
KPL_PE,D,20110714,000000,6.27389,6.42666,6.27389,6.32519,0,0
KPL_PE,D,20110715,000000,6.06974,6.27389,6.06974,6.27389,0,0
KPL_PE,D,20110718,000000,6.27389,6.27389,5.66167,5.96748,0,0
KPL_PE,D,20110719,000000,5.76367,5.96748,5.71281,5.71281,0,0
KPL_PE,D,20110720,000000,5.71281,5.76367,5.6108,5.76367,0,0
KPL_PE,D,20110721,000000,5.66167,5.76367,5.66167,5.76367,0,0
KPL_PE,D,20110722,000000,5.66167,5.76367,5.66167,5.76367,0,0
KPL_PE,D,20110725,000000,5.66167,5.66167,5.6108,5.66167,0,0
KPL_PE,D,20110726,000000,5.6108,5.6108,5.55968,5.6108,0,0
KPL_PE,D,20110727,000000,5.66167,5.66167,5.55968,5.66167,0,0
KPL_PE,D,20110728,000000,5.50873,5.66167,5.35578,5.66167,0,0
KPL_PE,D,20110729,000000,5.66167,5.66167,5.35578,5.40673,0,0
KPL_PE,D,20110801,000000,5.35578,5.35578,4.94764,5.10059,0,0
KPL_PE,D,20110802,000000,5.15172,5.30466,4.99859,5.30466,0,0
KPL_PE,D,20110803,000000,5.4576,5.4576,4.89651,5.25361,0,0
KPL_PE,D,20110804,000000,4.99859,4.99859,4.84564,4.94764,0,0
KPL_PE,D,20110805,000000,4.64157,4.94764,4.53958,4.94764,0,0
KPL_PE,D,20110808,000000,4.64157,4.99859,4.53958,4.79461,0,0
KPL_PE,D,20110809,000000,4.43768,4.43768,3.97841,4.02962,0,0
KPL_PE,D,20110810,000000,4.02962,4.28447,3.77451,4.02962,0,0
KPL_PE,D,20110811,000000,3.97841,4.33551,3.82564,4.18257,0,0
KPL_PE,D,20110812,000000,4.59054,4.59054,4.18257,4.48854,0,0
KPL_PE,D,20110816,000000,4.59054,4.94764,4.59054,4.94764,0,0
KPL_PE,D,20110817,000000,4.94764,4.94764,4.89651,4.89651,0,0
KPL_PE,D,20110818,000000,4.69262,4.69262,4.33551,4.64157,0,0
KPL_PE,D,20110819,000000,4.43768,4.64157,4.43768,4.59054,0,0
KPL_PE,D,20110822,000000,4.48854,4.48854,4.48854,4.48854,0,0
KPL_PE,D,20110823,000000,4.64157,4.64157,4.28447,4.28447,0,0
KPL_PE,D,20110824,000000,4.28447,4.28447,4.28447,4.28447,0,0
KPL_PE,D,20110825,000000,4.28447,4.28447,4.28447,4.28447,0,0
KPL_PE,D,20110826,000000,4.28447,4.28447,4.28447,4.28447,0,0
KPL_PE,D,20110829,000000,4.28447,4.59054,3.97841,4.53958,0,0
KPL_PE,D,20110830,000000,4.59054,4.84564,4.59054,4.64157,0,0
KPL_PE,D,20110831,000000,4.84564,4.94764,4.48854,4.53958,0,0
KPL_PE,D,20110901,000000,4.69262,4.69262,4.48854,4.48854,0,0
KPL_PE,D,20110902,000000,4.48854,4.48854,4.18257,4.18257,0,0
KPL_PE,D,20110905,000000,4.02962,4.18257,3.87659,3.92753,0,0
KPL_PE,D,20110906,000000,3.92753,3.92753,3.82564,3.82564,0,0
KPL_PE,D,20110907,000000,3.82564,4.13152,3.82564,4.13152,0,0
KPL_PE,D,20110908,000000,4.13152,4.13152,3.97841,4.13152,0,0
KPL_PE,D,20110909,000000,4.33551,4.74366,4.33551,4.69262,0,0
KPL_PE,D,20110912,000000,4.48854,4.48854,4.13152,4.43768,0,0
KPL_PE,D,20110913,000000,4.43768,4.43768,4.08057,4.43768,0,0
KPL_PE,D,20110914,000000,4.53958,4.69262,4.43768,4.43768,0,0
KPL_PE,D,20110915,000000,4.43768,4.74366,4.43768,4.74366,0,0
KPL_PE,D,20110916,000000,4.74366,4.74366,4.74366,4.74366,0,0
KPL_PE,D,20110919,000000,4.43768,4.74366,4.43768,4.74366,0,0
KPL_PE,D,20110921,000000,4.43768,4.43768,4.43768,4.43768,0,0
KPL_PE,D,20110922,000000,4.43768,4.59054,4.43768,4.59054,0,0
KPL_PE,D,20110923,000000,4.53958,4.64157,4.38663,4.64157,0,0
KPL_PE,D,20110926,000000,4.43768,4.43768,4.38663,4.38663,0,0
KPL_PE,D,20110927,000000,4.38663,4.38663,4.18257,4.33551,0,0
KPL_PE,D,20110929,000000,4.02962,4.33551,3.87659,4.18257,0,0
KPL_PE,D,20110930,000000,4.23361,4.33551,4.13152,4.13152,0,0
KPL_PE,D,20111003,000000,4.02962,4.02962,4.02962,4.02962,0,0
KPL_PE,D,20111004,000000,3.82564,4.18257,3.82564,4.13152,0,0
KPL_PE,D,20111005,000000,4.13152,4.13152,4.08057,4.13152,0,0
KPL_PE,D,20111006,000000,4.08057,4.28447,3.92753,3.92753,0,0
KPL_PE,D,20111007,000000,3.97841,3.97841,3.87659,3.97841,0,0
KPL_PE,D,20111010,000000,3.97841,3.97841,3.97841,3.97841,0,0
KPL_PE,D,20111011,000000,3.97841,3.97841,3.97841,3.97841,0,0
KPL_PE,D,20111012,000000,4.02962,4.02962,4.02962,4.02962,0,0
KPL_PE,D,20111013,000000,4.08057,4.08057,4.08057,4.08057,0,0
KPL_PE,D,20111014,000000,4.13152,4.13152,4.13152,4.13152,0,0
KPL_PE,D,20111017,000000,4.18257,4.18257,4.18257,4.18257,0,0
KPL_PE,D,20111018,000000,4.18257,4.18257,4.18257,4.18257,0,0
KPL_PE,D,20111019,000000,4.18257,4.18257,4.18257,4.18257,0,0
KPL_PE,D,20111020,000000,4.18257,4.18257,4.18257,4.18257,0,0
KPL_PE,D,20111021,000000,4.23361,4.23361,4.18257,4.18257,0,0
KPL_PE,D,20111024,000000,4.13152,4.28447,4.13152,4.28447,0,0
KPL_PE,D,20111025,000000,4.23361,4.64157,4.23361,4.64157,0,0
KPL_PE,D,20111026,000000,4.59054,4.64157,4.33551,4.38663,0,0
KPL_PE,D,20111027,000000,4.69262,4.84564,4.69262,4.79461,0,0
KPL_PE,D,20111028,000000,4.79461,4.79461,4.79461,4.79461,0,0
KPL_PE,D,20111031,000000,4.79461,4.79461,4.79461,4.79461,0,0
KPL_PE,D,20111102,000000,4.79461,4.79461,4.43768,4.43768,0,0
KPL_PE,D,20111103,000000,4.79461,4.84564,4.53958,4.59054,0,0
KPL_PE,D,20111104,000000,4.59054,4.59054,4.59054,4.59054,0,0
KPL_PE,D,20111107,000000,4.59054,4.59054,4.43768,4.59054,0,0
KPL_PE,D,20111108,000000,4.59054,4.74366,4.59054,4.74366,0,0
KPL_PE,D,20111109,000000,4.74366,4.74366,4.18257,4.18257,0,0
KPL_PE,D,20111110,000000,4.33551,4.64157,4.33551,4.64157,0,0
KPL_PE,D,20111114,000000,4.64157,4.64157,4.64157,4.64157,0,0
KPL_PE,D,20111115,000000,4.59054,4.64157,4.59054,4.59054,0,0
KPL_PE,D,20111116,000000,4.53958,4.59054,4.53958,4.59054,0,0
KPL_PE,D,20111117,000000,4.33551,4.59054,4.18257,4.53958,0,0
KPL_PE,D,20111118,000000,4.53958,4.64157,4.38663,4.64157,0,0
KPL_PE,D,20111123,000000,4.08057,4.64157,4.08057,4.53958,0,0
KPL_PE,D,20111125,000000,4.53958,4.53958,4.48854,4.48854,0,0
KPL_PE,D,20111129,000000,4.08057,4.53958,4.08057,4.53958,0,0
KPL_PE,D,20111130,000000,4.53941,4.69096,4.23638,4.53941,0,0
KPL_PE,D,20111201,000000,4.53958,4.53958,4.48854,4.48854,0,0
KPL_PE,D,20111202,000000,4.48854,4.53958,4.48854,4.53958,0,0
KPL_PE,D,20111205,000000,4.53958,4.53958,4.18257,4.48854,0,0
KPL_PE,D,20111206,000000,4.18257,4.43768,4.13152,4.43768,0,0
KPL_PE,D,20111207,000000,4.43768,4.48854,4.23361,4.43768,0,0
KPL_PE,D,20111208,000000,4.43768,4.64157,4.43768,4.53958,0,0
KPL_PE,D,20111209,000000,4.74366,4.74366,4.69262,4.69262,0,0
KPL_PE,D,20111212,000000,4.48854,4.74366,4.48854,4.74366,0,0
KPL_PE,D,20111213,000000,4.53958,4.74366,4.53958,4.74366,0,0
KPL_PE,D,20111214,000000,4.38663,4.48854,4.23361,4.48854,0,0
KPL_PE,D,20111215,000000,4.13152,4.48854,4.13152,4.43768,0,0
KPL_PE,D,20111216,000000,4.43768,4.59054,4.38663,4.59054,0,0
KPL_PE,D,20111219,000000,4.59054,4.59054,4.18257,4.48854,0,0
KPL_PE,D,20111220,000000,4.18257,4.43768,4.18257,4.43768,0,0
KPL_PE,D,20111221,000000,4.13152,4.43768,4.13152,4.38663,0,0
KPL_PE,D,20111222,000000,4.18257,4.38663,4.13152,4.13152,0,0
KPL_PE,D,20111223,000000,4.13152,4.33551,4.02962,4.33551,0,0
KPL_PE,D,20111227,000000,4.08057,4.33551,3.92753,4.02962,0,0
KPL_PE,D,20111228,000000,4.02962,4.02962,4.02962,4.02962,0,0
KPL_PE,D,20111229,000000,4.08057,4.13152,4.02962,4.02962,0,0
KPL_PE,D,20111230,000000,4.13152,4.28308,4.13152,4.28308,0,0
KPL_PE,D,20120102,000000,4.33551,4.48854,4.13152,4.48854,0,0
KPL_PE,D,20120103,000000,4.48854,4.89651,4.48854,4.89651,0,0
KPL_PE,D,20120104,000000,4.84564,4.84564,4.64157,4.64157,0,0
KPL_PE,D,20120105,000000,4.79461,4.79461,4.53958,4.53958,0,0
KPL_PE,D,20120109,000000,4.59054,4.59054,4.28447,4.43768,0,0
KPL_PE,D,20120110,000000,4.48854,4.48854,4.48854,4.48854,0,0
KPL_PE,D,20120111,000000,4.48854,4.48854,4.48854,4.48854,0,0
KPL_PE,D,20120112,000000,4.33551,4.43768,4.33551,4.43768,0,0
KPL_PE,D,20120113,000000,4.43768,4.43768,4.23361,4.28447,0,0
KPL_PE,D,20120116,000000,4.43768,4.53958,4.23361,4.53958,0,0
KPL_PE,D,20120117,000000,4.53958,4.89651,4.53958,4.74366,0,0
KPL_PE,D,20120118,000000,4.59054,4.59054,4.43768,4.53958,0,0
KPL_PE,D,20120119,000000,4.64157,4.69262,4.53958,4.53958,0,0
KPL_PE,D,20120120,000000,4.53958,4.64157,4.53958,4.59054,0,0
KPL_PE,D,20120123,000000,4.64157,4.64157,4.48854,4.48854,0,0
KPL_PE,D,20120124,000000,4.53958,4.53958,4.43768,4.53958,0,0
KPL_PE,D,20120125,000000,4.53958,4.64157,4.53958,4.64157,0,0
KPL_PE,D,20120126,000000,4.64157,4.69262,4.59054,4.69262,0,0
KPL_PE,D,20120127,000000,4.74366,4.79461,4.74366,4.74366,0,0
KPL_PE,D,20120130,000000,4.74366,4.74366,4.59054,4.59054,0,0
KPL_PE,D,20120131,000000,4.74339,4.74339,4.59201,4.69096,0,0
KPL_PE,D,20120201,000000,4.74366,4.74366,4.53958,4.69262,0,0
KPL_PE,D,20120202,000000,4.69262,4.69262,4.48854,4.59054,0,0
KPL_PE,D,20120203,000000,4.64157,4.64157,4.53958,4.59054,0,0
KPL_PE,D,20120206,000000,4.64157,4.64157,4.53958,4.59054,0,0
KPL_PE,D,20120207,000000,4.64157,4.79461,4.64157,4.69262,0,0
KPL_PE,D,20120208,000000,4.79461,4.89651,4.59054,4.84564,0,0
KPL_PE,D,20120209,000000,4.84564,4.94764,4.69262,4.94764,0,0
KPL_PE,D,20120210,000000,4.89651,4.89651,4.74366,4.84564,0,0
KPL_PE,D,20120213,000000,4.89651,5.04963,4.89651,4.99859,0,0
KPL_PE,D,20120214,000000,4.99859,5.20266,4.94764,5.20266,0,0
KPL_PE,D,20120215,000000,5.25361,5.4576,5.20266,5.4576,0,0
KPL_PE,D,20120216,000000,5.35578,5.50873,5.35578,5.4576,0,0
KPL_PE,D,20120217,000000,5.35578,5.50873,5.25361,5.50873,0,0
KPL_PE,D,20120220,000000,5.55968,5.55968,5.30466,5.55968,0,0
KPL_PE,D,20120221,000000,5.55968,5.55968,5.35578,5.40673,0,0
KPL_PE,D,20120222,000000,5.40673,5.40673,5.25361,5.35578,0,0
KPL_PE,D,20120223,000000,5.50873,5.66167,5.50873,5.6108,0,0
KPL_PE,D,20120224,000000,5.71281,5.96748,5.66167,5.91688,0,0
KPL_PE,D,20120227,000000,6.0187,6.0187,5.91688,5.96748,0,0
KPL_PE,D,20120228,000000,6.0187,6.0187,5.76367,5.76367,0,0
KPL_PE,D,20120229,000000,5.96687,5.96687,5.7108,5.86818,0,0
KPL_PE,D,20120301,000000,5.86583,6.42666,5.86583,6.32519,0,0
KPL_PE,D,20120302,000000,6.47779,6.47779,6.37536,6.42666,0,0
KPL_PE,D,20120305,000000,6.37536,6.37536,6.17172,6.17172,0,0
KPL_PE,D,20120306,000000,6.12103,6.17172,6.12103,6.17172,0,0
KPL_PE,D,20120307,000000,6.17172,6.17172,6.12103,6.12103,0,0
KPL_PE,D,20120308,000000,6.63109,6.63109,6.17172,6.32519,0,0
KPL_PE,D,20120309,000000,6.32519,6.32519,6.32519,6.32519,0,0
KPL_PE,D,20120312,000000,6.32519,6.32519,6.2225,6.32519,0,0
KPL_PE,D,20120313,000000,6.27389,6.37536,6.27389,6.27389,0,0
KPL_PE,D,20120314,000000,6.32519,6.42666,6.32519,6.42666,0,0
KPL_PE,D,20120315,000000,6.47779,6.47779,6.32519,6.32519,0,0
KPL_PE,D,20120316,000000,6.32519,6.32519,6.2225,6.2225,0,0
KPL_PE,D,20120319,000000,6.37536,6.37536,6.2225,6.32519,0,0
KPL_PE,D,20120320,000000,6.32519,6.32519,6.0187,6.0187,0,0
KPL_PE,D,20120321,000000,5.96748,6.2225,5.66167,6.2225,0,0
KPL_PE,D,20120322,000000,5.81487,5.96748,5.81487,5.81487,0,0
KPL_PE,D,20120323,000000,5.81487,5.81487,5.81487,5.81487,0,0
KPL_PE,D,20120326,000000,6.2225,6.2225,5.91688,5.91688,0,0
KPL_PE,D,20120327,000000,6.12103,6.12103,5.81487,5.81487,0,0
KPL_PE,D,20120328,000000,5.81487,5.81487,5.4576,5.4576,0,0
KPL_PE,D,20120329,000000,5.50873,5.81487,5.4576,5.81487,0,0
KPL_PE,D,20120330,000000,5.81575,6.22311,5.81575,6.22311,0,0
KPL_PE,D,20120402,000000,6.12103,6.12103,5.81487,5.81487,0,0
KPL_PE,D,20120403,000000,6.2225,6.2225,5.81487,5.91688,0,0
KPL_PE,D,20120404,000000,5.91688,5.91688,5.91688,5.91688,0,0
KPL_PE,D,20120405,000000,6.12103,6.42666,6.12103,6.37536,0,0
KPL_PE,D,20120410,000000,6.32519,6.32519,6.06974,6.06974,0,0
KPL_PE,D,20120411,000000,5.96748,6.17172,5.96748,6.17172,0,0
KPL_PE,D,20120412,000000,6.42666,6.42666,6.0187,6.06974,0,0
KPL_PE,D,20120413,000000,5.91688,6.17172,5.91688,6.06974,0,0
KPL_PE,D,20120416,000000,6.17172,6.37536,6.17172,6.32519,0,0
KPL_PE,D,20120417,000000,6.32267,6.63169,6.32267,6.63169,0,0
KPL_PE,D,20120418,000000,6.63109,6.9361,6.63109,6.88636,0,0
KPL_PE,D,20120419,000000,6.88636,6.88636,6.63109,6.88636,0,0
KPL_PE,D,20120420,000000,6.88636,6.88636,6.57926,6.88636,0,0
KPL_PE,D,20120423,000000,6.83463,6.88636,6.42666,6.88636,0,0
KPL_PE,D,20120424,000000,6.63109,6.9361,6.27389,6.37536,0,0
KPL_PE,D,20120425,000000,6.32519,6.63109,6.2225,6.2225,0,0
KPL_PE,D,20120426,000000,6.2225,6.52962,6.2225,6.2225,0,0
KPL_PE,D,20120427,000000,6.2225,6.47779,6.2225,6.27389,0,0
KPL_PE,D,20120430,000000,6.52682,6.57865,6.27579,6.42728,0,0
KPL_PE,D,20120502,000000,6.47779,6.47779,6.27389,6.27389,0,0
KPL_PE,D,20120504,000000,6.37536,6.37536,6.27579,6.37536,0,0
KPL_PE,D,20120507,000000,6.27389,6.47779,6.27389,6.47779,0,0
KPL_PE,D,20120508,000000,6.47779,6.63109,6.47779,6.57926,0,0
KPL_PE,D,20120509,000000,6.57865,6.57865,6.47987,6.57865,0,0
KPL_PE,D,20120510,000000,6.47987,6.63169,6.47987,6.57865,0,0
KPL_PE,D,20120511,000000,6.83532,6.83532,6.57865,6.57865,0,0
KPL_PE,D,20120514,000000,6.63109,6.78359,6.42666,6.47779,0,0
KPL_PE,D,20120515,000000,6.57926,6.83463,6.37536,6.73316,0,0
KPL_PE,D,20120516,000000,6.83463,6.83463,6.42666,6.42666,0,0
KPL_PE,D,20120517,000000,6.37536,6.47987,6.37536,6.47987,0,0
KPL_PE,D,20120518,000000,6.42728,6.47987,6.17121,6.17121,0,0
KPL_PE,D,20120521,000000,6.32267,6.42728,6.32267,6.37536,0,0
KPL_PE,D,20120522,000000,6.37536,6.47987,6.17121,6.47987,0,0
KPL_PE,D,20120523,000000,6.17121,6.47987,6.17121,6.32267,0,0
KPL_PE,D,20120524,000000,6.52682,6.52682,6.32267,6.32267,0,0
KPL_PE,D,20120525,000000,6.1185,6.29353,5.59429,6.29353,0,0
KPL_PE,D,20120528,000000,6.41014,6.41014,6.29353,6.29353,0,0
KPL_PE,D,20120529,000000,6.41014,6.58482,6.17693,6.58482,0,0
KPL_PE,D,20120530,000000,6.3518,6.3518,6.1185,6.1185,0,0
KPL_PE,D,20120531,000000,6.2351,6.41014,6.17693,6.41014,0,0
KPL_PE,D,20120601,000000,6.41014,6.41014,6.1185,6.17693,0,0
KPL_PE,D,20120604,000000,6.17693,6.17693,6.17693,6.17693,0,0
KPL_PE,D,20120606,000000,6.17693,6.17693,6.06086,6.06086,0,0
KPL_PE,D,20120608,000000,6.06086,6.06086,6.06086,6.06086,0,0
KPL_PE,D,20120611,000000,6.06086,6.06086,6.06086,6.06086,0,0
KPL_PE,D,20120612,000000,6.06086,6.06086,6.06086,6.06086,0,0
KPL_PE,D,20120613,000000,6.1185,6.1185,6.1185,6.1185,0,0
KPL_PE,D,20120614,000000,6.06086,6.29353,6.06086,6.1185,0,0
KPL_PE,D,20120615,000000,6.29353,6.64317,6.29353,6.64317,0,0
KPL_PE,D,20120618,000000,6.64317,6.70117,6.64317,6.64317,0,0
KPL_PE,D,20120619,000000,6.46787,6.52682,6.46787,6.46787,0,0
KPL_PE,D,20120620,000000,6.46787,6.46787,6.46787,6.46787,0,0
KPL_PE,D,20120621,000000,6.46787,6.64317,6.46787,6.46787,0,0
KPL_PE,D,20120622,000000,6.46787,6.64317,6.46787,6.64317,0,0
KPL_PE,D,20120625,000000,6.64317,6.64317,6.52682,6.58482,0,0
KPL_PE,D,20120626,000000,6.58482,6.75977,6.58482,6.75977,0,0
KPL_PE,D,20120627,000000,7.05123,7.11,6.75977,7.05123,0,0
KPL_PE,D,20120628,000000,7.11,7.11,6.81768,6.81768,0,0
KPL_PE,D,20120629,000000,6.75977,6.93402,6.52682,6.75977,0,0
KPL_PE,D,20120702,000000,6.75977,6.81768,6.75977,6.81768,0,0
KPL_PE,D,20120703,000000,6.81768,6.81768,6.81768,6.81768,0,0
KPL_PE,D,20120704,000000,6.81768,6.81768,6.75977,6.75977,0,0
KPL_PE,D,20120705,000000,6.75977,6.81768,6.75977,6.81768,0,0
KPL_PE,D,20120706,000000,6.75977,6.75977,6.75977,6.75977,0,0
KPL_PE,D,20120709,000000,6.58482,6.64317,6.58482,6.64317,0,0
KPL_PE,D,20120710,000000,6.52682,6.64317,6.29353,6.29353,0,0
KPL_PE,D,20120711,000000,6.29353,6.41014,6.17693,6.29353,0,0
KPL_PE,D,20120712,000000,6.29353,6.93402,6.29353,6.93402,0,0
KPL_PE,D,20120713,000000,7.11,7.28503,7.11,7.11,0,0
KPL_PE,D,20120716,000000,7.11,7.11,6.75977,7.11,0,0
KPL_PE,D,20120717,000000,6.99236,7.05123,6.99236,7.05123,0,0
KPL_PE,D,20120718,000000,7.16739,7.22548,6.81768,7.22548,0,0
KPL_PE,D,20120719,000000,7.05123,7.45937,7.05123,7.45937,0,0
KPL_PE,D,20120720,000000,7.45937,7.45937,7.11,7.11,0,0
KPL_PE,D,20120723,000000,6.93402,6.93402,6.93402,6.93402,0,0
KPL_PE,D,20120724,000000,6.93402,6.93402,6.81768,6.81768,0,0
KPL_PE,D,20120725,000000,6.93402,6.93402,6.70117,6.75977,0,0
KPL_PE,D,20120726,000000,6.99236,7.22548,6.75977,7.22548,0,0
KPL_PE,D,20120727,000000,7.22548,7.22548,6.81768,6.81768,0,0
KPL_PE,D,20120730,000000,6.81768,6.81768,6.81768,6.81768,0,0
KPL_PE,D,20120731,000000,6.93402,6.93402,6.8762,6.8762,0,0
KPL_PE,D,20120801,000000,6.8762,6.8762,6.64317,6.64317,0,0
KPL_PE,D,20120802,000000,6.41014,6.81768,6.41014,6.81768,0,0
KPL_PE,D,20120803,000000,6.3518,7.45937,6.3518,7.45937,0,0
KPL_PE,D,20120806,000000,6.99236,7.45937,6.99236,7.45937,0,0
KPL_PE,D,20120807,000000,7.51666,7.51666,7.16739,7.16739,0,0
KPL_PE,D,20120808,000000,7.45937,7.45937,6.99236,7.05123,0,0
KPL_PE,D,20120809,000000,6.93402,7.51666,6.93402,7.51666,0,0
KPL_PE,D,20120810,000000,7.51666,7.51666,7.22548,7.51666,0,0
KPL_PE,D,20120813,000000,7.809,8.10018,7.6344,7.6344,0,0
KPL_PE,D,20120814,000000,7.75091,7.75091,7.45937,7.45937,0,0
KPL_PE,D,20120816,000000,7.69196,7.69196,7.45937,7.45937,0,0
KPL_PE,D,20120817,000000,7.45937,7.45937,7.45937,7.45937,0,0
KPL_PE,D,20120820,000000,7.6344,7.6344,7.22548,7.22548,0,0
KPL_PE,D,20120821,000000,7.22548,7.22548,6.93402,7.05123,0,0
KPL_PE,D,20120822,000000,7.28503,7.6344,7.05123,7.05123,0,0
KPL_PE,D,20120823,000000,7.05123,7.05123,7.05123,7.05123,0,0
KPL_PE,D,20120827,000000,7.22548,7.40129,7.22548,7.40129,0,0
KPL_PE,D,20120828,000000,7.51666,7.51666,7.22548,7.22548,0,0
KPL_PE,D,20120829,000000,7.6344,8.56546,7.6344,8.56546,0,0
KPL_PE,D,20120830,000000,8.50808,9.03239,5.88557,5.88557,0,0
KPL_PE,D,20120831,000000,5.76897,5.76897,5.76897,5.76897,0,0
KPL_PE,D,20120903,000000,5.76897,6.1185,5.76897,6.1185,0,0
KPL_PE,D,20120904,000000,6.06086,6.17693,6.06086,6.1185,0,0
KPL_PE,D,20120905,000000,6.1185,6.1185,5.94417,6.06086,0,0
KPL_PE,D,20120906,000000,5.94417,6.06086,5.94417,6.06086,0,0
KPL_PE,D,20120907,000000,6.1185,6.1185,5.94417,5.94417,0,0
KPL_PE,D,20120910,000000,5.88557,5.94417,5.88557,5.94417,0,0
KPL_PE,D,20120911,000000,5.88557,5.94417,5.82722,5.82722,0,0
KPL_PE,D,20120912,000000,5.76897,5.94417,5.76897,5.94417,0,0
KPL_PE,D,20120913,000000,5.94417,5.94417,5.76897,5.94417,0,0
KPL_PE,D,20120914,000000,5.94417,5.94417,5.76897,5.88557,0,0
KPL_PE,D,20120917,000000,5.94417,5.94417,5.88557,5.88557,0,0
KPL_PE,D,20120918,000000,5.94417,5.94417,5.88557,5.94417,0,0
KPL_PE,D,20120919,000000,5.94417,6.3518,5.94417,6.17693,0,0
KPL_PE,D,20120920,000000,6.41014,6.41014,6.06086,6.06086,0,0
KPL_PE,D,20120921,000000,6.06086,6.17693,6.06086,6.17693,0,0
KPL_PE,D,20120924,000000,6.06086,6.17693,6.06086,6.17693,0,0
KPL_PE,D,20120925,000000,6.41014,6.41014,6.3518,6.3518,0,0
KPL_PE,D,20120926,000000,6.1185,6.2351,6.002,6.2351,0,0
KPL_PE,D,20120927,000000,6.1185,6.17693,6.002,6.17693,0,0
KPL_PE,D,20120928,000000,6.00331,6.17816,6.00331,6.11799,0,0
KPL_PE,D,20121001,000000,6.06086,6.2351,6.06086,6.06086,0,0
KPL_PE,D,20121002,000000,6.17693,6.17693,5.94417,6.17693,0,0
KPL_PE,D,20121003,000000,6.17693,6.17693,6.1185,6.1185,0,0
KPL_PE,D,20121004,000000,6.1185,6.1185,6.002,6.06086,0,0
KPL_PE,D,20121005,000000,6.06086,6.06086,6.06086,6.06086,0,0
KPL_PE,D,20121008,000000,6.1185,6.1185,6.06086,6.06086,0,0
KPL_PE,D,20121009,000000,6.1185,6.1185,6.002,6.002,0,0
KPL_PE,D,20121010,000000,6.1185,6.1185,5.88557,5.88557,0,0
KPL_PE,D,20121011,000000,5.88557,5.94417,5.88557,5.88557,0,0
KPL_PE,D,20121015,000000,5.88557,5.88557,5.59429,5.82722,0,0
KPL_PE,D,20121016,000000,5.59429,5.82722,5.59429,5.76897,0,0
KPL_PE,D,20121017,000000,5.59429,5.82722,5.59429,5.82722,0,0
KPL_PE,D,20121018,000000,5.76897,5.82722,5.65255,5.7108,0,0
KPL_PE,D,20121019,000000,5.7108,5.7108,5.7108,5.7108,0,0
KPL_PE,D,20121022,000000,5.7108,5.7108,5.59429,5.7108,0,0
KPL_PE,D,20121023,000000,5.47759,5.7108,5.47759,5.7108,0,0
KPL_PE,D,20121024,000000,5.7108,5.7108,5.59429,5.59429,0,0
KPL_PE,D,20121025,000000,5.65255,5.65255,5.59429,5.59429,0,0
KPL_PE,D,20121026,000000,5.59429,5.59429,5.59429,5.59429,0,0
KPL_PE,D,20121029,000000,5.59429,6.06086,5.59429,6.002,0,0
KPL_PE,D,20121030,000000,6.002,6.2351,6.002,6.17693,0,0
KPL_PE,D,20121031,000000,6.17816,6.75769,6.17816,6.46787,0,0
KPL_PE,D,20121102,000000,6.17693,6.41014,6.17693,6.41014,0,0
KPL_PE,D,20121105,000000,6.41014,6.41014,6.17693,6.17693,0,0
KPL_PE,D,20121106,000000,6.17693,6.29353,6.17693,6.17693,0,0
KPL_PE,D,20121107,000000,6.29353,6.3518,6.29353,6.3518,0,0
KPL_PE,D,20121108,000000,6.17693,6.3518,6.17693,6.2351,0,0
KPL_PE,D,20121109,000000,6.17693,6.2351,6.17693,6.2351,0,0
KPL_PE,D,20121112,000000,5.94417,6.41014,5.94417,6.41014,0,0
KPL_PE,D,20121113,000000,6.2351,6.41014,6.2351,6.3518,0,0
KPL_PE,D,20121114,000000,6.3518,6.41014,6.29353,6.41014,0,0
KPL_PE,D,20121115,000000,6.41014,6.41014,6.002,6.002,0,0
KPL_PE,D,20121116,000000,6.002,6.29353,5.88557,6.29353,0,0
KPL_PE,D,20121119,000000,6.3518,6.41014,6.2351,6.41014,0,0
KPL_PE,D,20121120,000000,6.41014,6.52682,6.3518,6.46787,0,0
KPL_PE,D,20121121,000000,6.46787,6.70117,6.46787,6.70117,0,0
KPL_PE,D,20121122,000000,6.81768,7.34164,6.75977,7.34164,0,0
KPL_PE,D,20121123,000000,7.57554,7.57554,7.28503,7.34164,0,0
KPL_PE,D,20121126,000000,7.34164,7.51666,7.34164,7.45937,0,0
KPL_PE,D,20121127,000000,7.45937,7.45937,7.40129,7.45937,0,0
KPL_PE,D,20121128,000000,7.40129,7.51666,7.22548,7.45937,0,0
KPL_PE,D,20121129,000000,7.40129,7.45937,7.40129,7.45937,0,0
KPL_PE,D,20121130,000000,7.45789,7.51745,7.34242,7.51745,0,0
KPL_PE,D,20121203,000000,7.57554,7.57554,7.45937,7.51666,0,0
KPL_PE,D,20121204,000000,7.51666,7.51666,7.40129,7.40129,0,0
KPL_PE,D,20121205,000000,7.45937,7.45937,7.40129,7.40129,0,0
KPL_PE,D,20121206,000000,7.40129,7.45937,7.28503,7.45937,0,0
KPL_PE,D,20121207,000000,7.45937,7.45937,7.34164,7.45937,0,0
KPL_PE,D,20121210,000000,7.34164,7.57554,7.34164,7.57554,0,0
KPL_PE,D,20121211,000000,7.6344,7.98402,7.6344,7.98402,0,0
KPL_PE,D,20121212,000000,7.98402,8.04097,7.57554,7.57554,0,0
KPL_PE,D,20121213,000000,7.57554,7.6344,7.51666,7.57554,0,0
KPL_PE,D,20121214,000000,7.57554,7.57554,7.51666,7.57554,0,0
KPL_PE,D,20121217,000000,7.57554,7.86699,7.57554,7.69196,0,0
KPL_PE,D,20121218,000000,7.69196,7.809,7.6344,7.6344,0,0
KPL_PE,D,20121219,000000,7.809,7.809,7.57554,7.57554,0,0
KPL_PE,D,20121220,000000,7.57554,7.57554,7.45937,7.51666,0,0
KPL_PE,D,20121221,000000,7.40129,7.69196,7.40129,7.6344,0,0
KPL_PE,D,20121227,000000,7.51666,7.809,7.51666,7.809,0,0
KPL_PE,D,20121228,000000,7.86699,7.92507,7.69196,7.86699,0,0
KPL_PE,D,20130102,000000,7.6344,8.15949,7.6344,8.15949,0,0
KPL_PE,D,20130103,000000,8.27505,8.27505,8.15949,8.15949,0,0
KPL_PE,D,20130104,000000,8.15949,8.15949,7.92507,7.92507,0,0
KPL_PE,D,20130107,000000,7.92507,8.10018,7.86699,8.10018,0,0
KPL_PE,D,20130108,000000,8.10018,8.27505,8.10018,8.21619,0,0
KPL_PE,D,20130109,000000,8.45069,8.50808,8.33331,8.33331,0,0
KPL_PE,D,20130110,000000,8.62459,8.62459,8.27505,8.50808,0,0
KPL_PE,D,20130111,000000,8.50808,8.50808,8.27505,8.27505,0,0
KPL_PE,D,20130114,000000,8.27505,8.33331,8.21619,8.33331,0,0
KPL_PE,D,20130115,000000,8.27505,8.27505,8.21619,8.21619,0,0
KPL_PE,D,20130116,000000,8.27505,8.33331,8.27505,8.33331,0,0
KPL_PE,D,20130117,000000,8.45069,8.45069,8.21619,8.33331,0,0
KPL_PE,D,20130118,000000,8.45069,8.45069,8.33331,8.45069,0,0
KPL_PE,D,20130121,000000,8.45069,8.45069,8.39156,8.39156,0,0
KPL_PE,D,20130122,000000,8.45069,8.56546,8.39156,8.56546,0,0
KPL_PE,D,20130123,000000,8.62284,8.74284,8.50808,8.74284,0,0
KPL_PE,D,20130124,000000,8.74197,9.55586,8.74197,9.55586,0,0
KPL_PE,D,20130125,000000,9.6724,9.6724,9.09241,9.2063,0,0
KPL_PE,D,20130128,000000,9.2063,9.2063,9.03239,9.14885,0,0
KPL_PE,D,20130129,000000,9.2063,9.49933,9.03239,9.14885,0,0
KPL_PE,D,20130130,000000,9.09069,9.14885,8.50808,8.79936,0,0
KPL_PE,D,20130131,000000,8.68285,8.68285,8.33331,8.68285,0,0
KPL_PE,D,20130201,000000,8.62284,8.68285,8.50808,8.62284,0,0
KPL_PE,D,20130204,000000,8.74197,8.74197,8.45069,8.50808,0,0
KPL_PE,D,20130205,000000,8.68285,8.68285,8.3933,8.68285,0,0
KPL_PE,D,20130206,000000,8.68285,8.68285,8.50808,8.56807,0,0
KPL_PE,D,20130207,000000,8.74284,8.74284,8.27244,8.27244,0,0
KPL_PE,D,20130208,000000,8.21783,8.44721,8.15861,8.44721,0,0
KPL_PE,D,20130211,000000,8.44721,8.44721,8.33331,8.33331,0,0
KPL_PE,D,20130212,000000,8.62284,8.62284,8.27244,8.44721,0,0
KPL_PE,D,20130213,000000,8.50808,8.50808,8.33331,8.44721,0,0
KPL_PE,D,20130214,000000,8.3933,8.50808,8.27244,8.3933,0,0
KPL_PE,D,20130215,000000,8.3933,8.44721,8.15861,8.3933,0,0
KPL_PE,D,20130218,000000,8.50808,8.56807,8.3933,8.50808,0,0
KPL_PE,D,20130219,000000,8.68893,8.68893,8.32635,8.56807,0,0
KPL_PE,D,20130220,000000,8.44721,8.56807,8.38634,8.50808,0,0
KPL_PE,D,20130221,000000,8.38634,8.38634,7.96465,8.20601,0,0
KPL_PE,D,20130222,000000,8.20601,8.44721,8.20601,8.44721,0,0
KPL_PE,D,20130225,000000,8.50808,9.05065,8.50808,8.80979,0,0
KPL_PE,D,20130226,000000,8.98978,8.98978,8.62719,8.80979,0,0
KPL_PE,D,20130227,000000,8.62719,8.86892,8.62719,8.86892,0,0
KPL_PE,D,20130228,000000,8.86892,9.11065,8.68893,8.86892,0,0
KPL_PE,D,20130301,000000,8.80979,9.29232,8.80979,9.11065,0,0
KPL_PE,D,20130304,000000,8.98978,9.35241,8.86892,9.35241,0,0
KPL_PE,D,20130305,000000,9.35241,9.89582,9.35241,9.89582,0,0
KPL_PE,D,20130306,000000,9.95582,9.95582,9.53326,9.53326,0,0
KPL_PE,D,20130307,000000,9.53326,9.53326,9.05065,9.05065,0,0
KPL_PE,D,20130308,000000,8.93065,9.41238,8.93065,9.17063,0,0
KPL_PE,D,20130311,000000,9.11065,9.17063,9.05065,9.17063,0,0
KPL_PE,D,20130312,000000,9.11065,9.35241,8.93065,9.35241,0,0
KPL_PE,D,20130313,000000,9.17063,9.35241,9.05065,9.35241,0,0
KPL_PE,D,20130314,000000,9.23152,9.23152,9.23152,9.23152,0,0
KPL_PE,D,20130315,000000,9.23152,9.77408,9.23152,9.65407,0,0
KPL_PE,D,20130318,000000,9.23152,9.47319,9.23152,9.47319,0,0
KPL_PE,D,20130319,000000,9.35241,9.47319,9.35241,9.35241,0,0
KPL_PE,D,20130320,000000,9.35241,9.5923,9.35241,9.35241,0,0
KPL_PE,D,20130321,000000,9.53326,9.65407,9.23152,9.23152,0,0
KPL_PE,D,20130322,000000,9.23152,9.23152,8.62719,9.11065,0,0
KPL_PE,D,20130325,000000,8.93065,9.41238,8.93065,9.35241,0,0
KPL_PE,D,20130326,000000,9.35241,9.35241,9.23152,9.23152,0,0
KPL_PE,D,20130327,000000,9.17063,9.23152,9.17063,9.23152,0,0
KPL_PE,D,20130328,000000,9.11065,9.5923,9.11065,9.5923,0,0
KPL_PE,D,20130402,000000,9.5923,9.5923,9.41238,9.5923,0,0
KPL_PE,D,20130403,000000,9.41238,9.71321,9.41238,9.71321,0,0
KPL_PE,D,20130404,000000,9.71321,9.83495,9.5923,9.71321,0,0
KPL_PE,D,20130405,000000,9.71321,9.83495,9.53326,9.71321,0,0
KPL_PE,D,20130408,000000,9.71321,9.71321,9.5923,9.71321,0,0
KPL_PE,D,20130409,000000,9.77408,9.77408,9.5923,9.77408,0,0
KPL_PE,D,20130410,000000,9.71321,9.77408,9.5923,9.5923,0,0
KPL_PE,D,20130411,000000,9.53326,9.83495,9.53326,9.83495,0,0
KPL_PE,D,20130412,000000,9.83495,9.83495,9.65407,9.77408,0,0
KPL_PE,D,20130415,000000,9.53326,9.53326,9.53326,9.53326,0,0
KPL_PE,D,20130417,000000,9.65407,9.65407,8.98978,8.98978,0,0
KPL_PE,D,20130418,000000,8.80979,9.11065,8.68893,9.11065,0,0
KPL_PE,D,20130419,000000,8.68893,9.11065,8.68893,9.11065,0,0
KPL_PE,D,20130422,000000,9.05065,9.05065,8.93065,8.93065,0,0
KPL_PE,D,20130423,000000,9.11065,9.11065,8.86892,8.86892,0,0
KPL_PE,D,20130424,000000,8.62719,9.05065,8.62719,9.05065,0,0
KPL_PE,D,20130425,000000,9.11065,9.11065,8.93065,8.98978,0,0
KPL_PE,D,20130426,000000,8.80979,8.98978,8.80979,8.98978,0,0
KPL_PE,D,20130429,000000,9.17063,9.17063,8.80979,8.80979,0,0
KPL_PE,D,20130430,000000,8.68893,8.86892,8.68893,8.80979,0,0
KPL_PE,D,20130502,000000,8.93065,9.05065,8.93065,9.05065,0,0
KPL_PE,D,20130506,000000,8.93065,9.05065,8.93065,8.98978,0,0
KPL_PE,D,20130507,000000,8.98978,9.29232,8.98978,9.17063,0,0
KPL_PE,D,20130508,000000,9.17063,9.17063,8.98978,8.98978,0,0
KPL_PE,D,20130509,000000,8.98978,9.17063,8.98978,8.98978,0,0
KPL_PE,D,20130510,000000,9.17063,9.5923,8.98978,9.53326,0,0
KPL_PE,D,20130513,000000,9.53326,9.53326,8.50808,8.50808,0,0
KPL_PE,D,20130514,000000,8.38634,8.38634,8.20601,8.20601,0,0
KPL_PE,D,20130515,000000,8.14505,8.26723,8.14505,8.20601,0,0
KPL_PE,D,20130516,000000,8.20601,8.38634,8.20601,8.38634,0,0
KPL_PE,D,20130517,000000,8.38634,8.38634,8.20601,8.20601,0,0
KPL_PE,D,20130520,000000,8.20601,8.32635,8.20601,8.32635,0,0
KPL_PE,D,20130521,000000,8.32635,8.38634,8.32635,8.38634,0,0
KPL_PE,D,20130522,000000,8.38634,8.44721,8.26723,8.26723,0,0
KPL_PE,D,20130523,000000,8.26723,8.26723,8.08498,8.26723,0,0
KPL_PE,D,20130524,000000,8.14505,8.38634,8.14505,8.32635,0,0
KPL_PE,D,20130527,000000,8.38634,8.44721,8.38634,8.44721,0,0
KPL_PE,D,20130528,000000,8.44721,8.93065,8.44721,8.93065,0,0
KPL_PE,D,20130529,000000,8.86892,9.71321,8.86892,9.41238,0,0
KPL_PE,D,20130531,000000,9.41322,9.41322,9.11147,9.17235,0,0
KPL_PE,D,20130603,000000,9.17063,9.71321,9.17063,9.65407,0,0
KPL_PE,D,20130604,000000,9.23152,9.89582,9.23152,9.83495,0,0
KPL_PE,D,20130605,000000,9.89582,10.0157,9.83495,9.83495,0,0
KPL_PE,D,20130606,000000,9.83495,9.89582,9.53326,9.65407,0,0
KPL_PE,D,20130607,000000,9.47319,9.53326,9.35241,9.47319,0,0
KPL_PE,D,20130610,000000,9.41238,9.53326,9.41238,9.53326,0,0
KPL_PE,D,20130611,000000,9.41238,9.53326,9.41238,9.53326,0,0
KPL_PE,D,20130612,000000,9.53326,9.77408,9.47319,9.77408,0,0
KPL_PE,D,20130613,000000,9.77408,9.77408,9.71321,9.77408,0,0
KPL_PE,D,20130614,000000,9.47319,10.1358,9.23152,9.95582,0,0
KPL_PE,D,20130617,000000,9.83495,10.1966,9.83495,9.95582,0,0
KPL_PE,D,20130618,000000,9.95582,9.95582,9.83495,9.95582,0,0
KPL_PE,D,20130619,000000,9.83495,9.83495,9.77408,9.77408,0,0
KPL_PE,D,20130620,000000,9.71321,9.89582,9.47319,9.53326,0,0
KPL_PE,D,20130621,000000,9.47319,9.53326,9.17063,9.53326,0,0
KPL_PE,D,20130624,000000,9.29232,9.53326,9.11065,9.29232,0,0
KPL_PE,D,20130625,000000,9.05065,9.29232,9.05065,9.29232,0,0
KPL_PE,D,20130626,000000,9.05065,9.11065,8.68893,9.05065,0,0
KPL_PE,D,20130627,000000,8.80979,8.98978,8.80979,8.98978,0,0
KPL_PE,D,20130628,000000,8.80979,8.98978,8.74806,8.86892,0,0
KPL_PE,D,20130701,000000,8.98978,8.98978,8.74806,8.74806,0,0
KPL_PE,D,20130702,000000,8.86892,8.93065,8.80979,8.93065,0,0
KPL_PE,D,20130703,000000,8.93239,8.93239,8.74719,8.74719,0,0
KPL_PE,D,20130704,000000,9.11065,11.0419,9.11065,10.5592,0,0
KPL_PE,D,20130705,000000,10.5592,10.7401,10.1358,10.4393,0,0
KPL_PE,D,20130708,000000,10.7401,10.9809,10.5592,10.5592,0,0
KPL_PE,D,20130709,000000,10.3775,10.3775,10.1358,10.2566,0,0
KPL_PE,D,20130710,000000,9.89582,10.5592,9.89582,10.2566,0,0
KPL_PE,D,20130711,000000,10.2566,10.4993,10.2566,10.2566,0,0
KPL_PE,D,20130712,000000,10.3175,10.4993,10.0767,10.4993,0,0
KPL_PE,D,20130715,000000,10.3175,10.4993,10.3175,10.4393,0,0
KPL_PE,D,20130716,000000,10.3175,10.4393,10.3175,10.4393,0,0
KPL_PE,D,20130717,000000,10.4384,10.4384,10.375,10.375,0,0
KPL_PE,D,20130718,000000,10.2566,10.4393,10.2566,10.4393,0,0
KPL_PE,D,20130719,000000,10.1966,10.8001,10.1966,10.8001,0,0
KPL_PE,D,20130722,000000,10.8001,10.921,10.8001,10.861,0,0
KPL_PE,D,20130723,000000,10.9809,10.9809,10.6792,10.6792,0,0
KPL_PE,D,20130724,000000,10.6192,10.921,10.2566,10.8001,0,0
KPL_PE,D,20130725,000000,10.8001,10.8001,10.3175,10.4393,0,0
KPL_PE,D,20130726,000000,10.7401,10.7401,10.3175,10.4993,0,0
KPL_PE,D,20130729,000000,10.6792,10.6792,10.1966,10.2566,0,0
KPL_PE,D,20130730,000000,10.2566,10.7401,10.2566,10.6192,0,0
KPL_PE,D,20130731,000000,10.6192,10.6192,10.6192,10.6192,0,0
KPL_PE,D,20130801,000000,10.6227,10.6227,10.375,10.375,0,0
KPL_PE,D,20130802,000000,10.5592,10.5592,10.3175,10.4393,0,0
KPL_PE,D,20130805,000000,10.4393,10.4393,10.4393,10.4393,0,0
KPL_PE,D,20130806,000000,10.375,10.375,10.375,10.375,0,0
KPL_PE,D,20130807,000000,10.4393,10.6792,10.3175,10.6192,0,0
KPL_PE,D,20130808,000000,10.3775,10.8001,10.3775,10.8001,0,0
KPL_PE,D,20130809,000000,10.6792,11.6444,10.5592,11.6444,0,0
KPL_PE,D,20130812,000000,11.6444,12.7921,11.6444,12.7313,0,0
KPL_PE,D,20130813,000000,12.7313,13.2747,12.6095,12.9729,0,0
KPL_PE,D,20130814,000000,12.7313,13.0321,12.3687,13.0321,0,0
KPL_PE,D,20130816,000000,13.0321,13.0321,12.5494,12.5494,0,0
KPL_PE,D,20130819,000000,12.5494,12.9729,12.5494,12.8512,0,0
KPL_PE,D,20130820,000000,12.7921,12.8539,12.4895,12.8539,0,0
KPL_PE,D,20130821,000000,12.8512,12.9729,12.8512,12.9729,0,0
KPL_PE,D,20130822,000000,12.9729,12.9729,12.8512,12.8512,0,0
KPL_PE,D,20130823,000000,12.9095,12.9704,12.7303,12.9704,0,0
KPL_PE,D,20130826,000000,12.8512,12.8512,12.6721,12.8512,0,0
KPL_PE,D,20130827,000000,12.6695,12.9704,12.6131,12.9704,0,0
KPL_PE,D,20130828,000000,12.9729,12.9729,12.3687,12.3687,0,0
KPL_PE,D,20130829,000000,12.3687,12.3687,12.1278,12.3087,0,0
KPL_PE,D,20130830,000000,12.3087,12.3687,12.0669,12.3687,0,0
KPL_PE,D,20130902,000000,12.3687,12.3687,12.2487,12.3687,0,0
KPL_PE,D,20130903,000000,12.3661,12.3661,12.1878,12.2495,0,0
KPL_PE,D,20130904,000000,12.2495,12.4279,11.9469,12.4279,0,0
KPL_PE,D,20130905,000000,12.2495,12.4279,10.1966,12.4279,0,0
KPL_PE,D,20130906,000000,12.3912,13.3773,12.3912,12.9469,0,0
KPL_PE,D,20130909,000000,12.9469,13.8711,12.9469,13.8711,0,0
KPL_PE,D,20130910,000000,13.8711,15.1041,13.8711,14.8572,0,0
KPL_PE,D,20130911,000000,14.8572,15.1041,14.4877,14.8572,0,0
KPL_PE,D,20130912,000000,14.7964,14.8572,14.0564,14.6729,0,0
KPL_PE,D,20130913,000000,14.5485,14.8572,14.5485,14.7964,0,0
KPL_PE,D,20130916,000000,15.0415,15.0415,14.4877,14.8572,0,0
KPL_PE,D,20130917,000000,14.6729,14.8572,14.6111,14.7964,0,0
KPL_PE,D,20130918,000000,14.6111,14.6729,14.4259,14.4877,0,0
KPL_PE,D,20130919,000000,14.6111,14.7964,14.3633,14.4877,0,0
KPL_PE,D,20130920,000000,14.4877,14.8572,14.4877,14.8572,0,0
KPL_PE,D,20130923,000000,14.9797,14.9797,14.5485,14.5485,0,0
KPL_PE,D,20130924,000000,14.7328,14.7328,14.3016,14.4259,0,0
KPL_PE,D,20130925,000000,14.3016,14.9797,14.3016,14.5485,0,0
KPL_PE,D,20130926,000000,14.6111,14.7964,14.5485,14.5485,0,0
KPL_PE,D,20130927,000000,14.7964,14.7964,14.5485,14.5485,0,0
KPL_PE,D,20130930,000000,14.5485,15.3502,14.5485,15.3502,0,0
KPL_PE,D,20131001,000000,15.412,15.4737,15.2276,15.4737,0,0
KPL_PE,D,20131002,000000,15.9058,16.6449,15.7206,16.2127,0,0
KPL_PE,D,20131003,000000,16.2753,16.6449,16.0275,16.0275,0,0
KPL_PE,D,20131004,000000,16.0275,16.5831,16.0275,16.3988,0,0
KPL_PE,D,20131007,000000,16.5831,16.5831,16.3988,16.3988,0,0
KPL_PE,D,20131008,000000,16.3988,16.5831,16.3369,16.3369,0,0
KPL_PE,D,20131009,000000,16.1519,16.2127,16.1519,16.2127,0,0
KPL_PE,D,20131010,000000,16.2127,16.4597,16.2127,16.3369,0,0
KPL_PE,D,20131011,000000,16.4597,16.5222,16.3988,16.4597,0,0
KPL_PE,D,20131014,000000,16.6449,17.4465,16.6449,17.2613,0,0
KPL_PE,D,20131015,000000,17.5074,17.5074,16.7683,17.1388,0,0
KPL_PE,D,20131016,000000,17.1388,17.1388,16.7066,16.8292,0,0
KPL_PE,D,20131017,000000,16.8292,17.323,16.8292,17.323,0,0
KPL_PE,D,20131018,000000,17.4465,17.5074,17.2613,17.4465,0,0
KPL_PE,D,20131021,000000,17.6926,18.3716,17.6926,18.0013,0,0
KPL_PE,D,20131022,000000,19.1108,19.1108,16.7066,16.7066,0,0
KPL_PE,D,20131023,000000,16.5831,16.7066,16.4597,16.4597,0,0
KPL_PE,D,20131024,000000,16.3988,16.7066,16.2753,16.6449,0,0
KPL_PE,D,20131025,000000,17.1388,17.2613,16.7066,17.2613,0,0
KPL_PE,D,20131028,000000,17.323,17.5074,16.5831,16.6449,0,0
KPL_PE,D,20131029,000000,16.5831,17.0144,16.2753,17.0144,0,0
KPL_PE,D,20131030,000000,17.0144,17.2005,16.2753,16.2753,0,0
KPL_PE,D,20131031,000000,16.2753,16.7066,15.7206,16.7066,0,0
KPL_PE,D,20131104,000000,16.6449,16.6449,15.9058,16.2127,0,0
KPL_PE,D,20131105,000000,16.3988,16.3988,16.0275,16.0275,0,0
KPL_PE,D,20131106,000000,15.9667,15.9667,15.2884,15.2884,0,0
KPL_PE,D,20131107,000000,15.2276,15.5972,15.1651,15.3502,0,0
KPL_PE,D,20131108,000000,15.3502,15.5972,15.1041,15.5972,0,0
KPL_PE,D,20131112,000000,14.9189,15.5972,14.8572,15.5972,0,0
KPL_PE,D,20131113,000000,15.5972,15.5972,14.9797,14.9797,0,0
KPL_PE,D,20131114,000000,14.9797,15.1041,14.2407,14.4877,0,0
KPL_PE,D,20131115,000000,14.3016,14.3016,13.6252,14.3016,0,0
KPL_PE,D,20131118,000000,14.2407,14.3016,14.0564,14.1164,0,0
KPL_PE,D,20131119,000000,14.0564,14.1164,13.1921,13.1921,0,0
KPL_PE,D,20131120,000000,12.9469,13.3773,12.7617,13.1921,0,0
KPL_PE,D,20131121,000000,12.9469,14.2407,12.9469,14.1798,0,0
KPL_PE,D,20131122,000000,14.4259,15.6589,14.4259,15.6589,0,0
KPL_PE,D,20131125,000000,15.6589,15.7206,14.3633,15.6589,0,0
KPL_PE,D,20131126,000000,15.1651,15.412,14.7964,15.412,0,0
KPL_PE,D,20131127,000000,15.2276,15.3502,15.1651,15.1651,0,0
KPL_PE,D,20131128,000000,14.7328,15.3502,14.7328,15.1651,0,0
KPL_PE,D,20131129,000000,14.9189,15.412,14.6111,15.3502,0,0
KPL_PE,D,20131202,000000,15.1651,16.0893,15.1651,15.4737,0,0
KPL_PE,D,20131203,000000,15.412,15.7206,14.6729,14.6729,0,0
KPL_PE,D,20131204,000000,14.6729,15.1041,14.4877,15.0415,0,0
KPL_PE,D,20131205,000000,15.412,15.412,14.6729,15.1651,0,0
KPL_PE,D,20131206,000000,15.1651,15.2276,14.9189,15.2276,0,0
KPL_PE,D,20131209,000000,15.2276,15.2884,15.0415,15.0415,0,0
KPL_PE,D,20131210,000000,15.0415,15.2276,14.8572,15.2276,0,0
KPL_PE,D,20131211,000000,14.9189,15.2276,14.7964,14.7964,0,0
KPL_PE,D,20131212,000000,14.7964,14.7964,13.8711,14.6111,0,0
KPL_PE,D,20131213,000000,14.7328,15.0415,14.6729,14.6729,0,0
KPL_PE,D,20131216,000000,14.6111,15.2884,14.2407,15.2884,0,0
KPL_PE,D,20131217,000000,15.2276,15.2884,14.7328,14.7328,0,0
KPL_PE,D,20131218,000000,14.7328,14.7328,14.4877,14.4877,0,0
KPL_PE,D,20131219,000000,14.4259,14.6729,14.4259,14.4259,0,0
KPL_PE,D,20131220,000000,14.4877,14.4877,14.3016,14.3016,0,0
KPL_PE,D,20131223,000000,14.3633,14.6111,14.2407,14.6111,0,0
KPL_PE,D,20131227,000000,14.8572,15.7206,14.8572,15.1651,0,0
KPL_PE,D,20131230,000000,15.9667,15.9667,14.9797,14.9797,0,0
KPL_PE,D,20140102,000000,15.6589,15.6589,15.2276,15.2276,0,0
KPL_PE,D,20140103,000000,15.2276,15.2276,15.0415,15.0415,0,0
KPL_PE,D,20140107,000000,14.9189,14.9189,14.3633,14.6111,0,0
KPL_PE,D,20140108,000000,14.4877,15.0415,14.4877,14.6111,0,0
KPL_PE,D,20140109,000000,14.2407,14.6111,14.2407,14.6111,0,0
KPL_PE,D,20140110,000000,14.3016,14.8572,14.3016,14.6111,0,0
KPL_PE,D,20140113,000000,14.6729,14.6729,13.9938,14.3016,0,0
KPL_PE,D,20140114,000000,14.3016,14.7964,14.3016,14.3633,0,0
KPL_PE,D,20140115,000000,14.3016,14.4259,14.3016,14.3016,0,0
KPL_PE,D,20140116,000000,14.6111,14.9797,14.6111,14.7328,0,0
KPL_PE,D,20140117,000000,14.3633,14.7964,14.2407,14.3016,0,0
KPL_PE,D,20140120,000000,14.3016,14.3016,14.1798,14.1798,0,0
KPL_PE,D,20140121,000000,14.3016,14.4259,14.1164,14.3633,0,0
KPL_PE,D,20140122,000000,14.3633,14.7964,14.2407,14.7964,0,0
KPL_PE,D,20140123,000000,14.7964,14.7964,13.932,14.3016,0,0
KPL_PE,D,20140124,000000,14.3016,14.3016,14.3016,14.3016,0,0
KPL_PE,D,20140127,000000,14.0564,14.4877,14.0564,14.3016,0,0
KPL_PE,D,20140128,000000,14.1798,14.6729,14.1798,14.6729,0,0
KPL_PE,D,20140129,000000,14.9189,14.9189,14.6729,14.7964,0,0
KPL_PE,D,20140130,000000,14.7328,14.7964,14.6729,14.6729,0,0
KPL_PE,D,20140131,000000,14.8572,14.8572,14.3633,14.5485,0,0
KPL_PE,D,20140203,000000,14.9797,14.9797,14.7328,14.7328,0,0
KPL_PE,D,20140204,000000,14.7328,14.7328,14.3633,14.7328,0,0
KPL_PE,D,20140205,000000,15.0415,15.0415,14.6111,14.6111,0,0
KPL_PE,D,20140206,000000,14.9797,14.9797,14.4877,14.4877,0,0
KPL_PE,D,20140207,000000,14.4259,14.4259,14.3633,14.3633,0,0
KPL_PE,D,20140210,000000,14.4259,14.6111,14.4259,14.4259,0,0
KPL_PE,D,20140211,000000,14.6111,14.6111,14.3633,14.6111,0,0
KPL_PE,D,20140212,000000,14.6729,14.9189,14.6729,14.9189,0,0
KPL_PE,D,20140213,000000,14.6729,14.9189,14.4259,14.6111,0,0
KPL_PE,D,20140214,000000,14.9189,14.9189,14.3633,14.5485,0,0
KPL_PE,D,20140217,000000,14.5485,14.6111,13.6851,14.1164,0,0
KPL_PE,D,20140218,000000,14.0564,14.1164,13.6851,14.1164,0,0
KPL_PE,D,20140219,000000,14.1164,14.1164,13.8094,13.8711,0,0
KPL_PE,D,20140220,000000,13.7486,19.8508,13.7486,19.8508,0,0
KPL_PE,D,20140221,000000,20.1585,20.1585,19.4194,19.4194,0,0
KPL_PE,D,20140224,000000,19.4194,20.036,18.6787,18.7403,0,0
KPL_PE,D,20140225,000000,18.7403,18.8639,18.6178,18.8639,0,0
KPL_PE,D,20140226,000000,19.049,19.049,18.0621,18.1239,0,0
KPL_PE,D,20140227,000000,17.8769,18.2483,17.8769,17.9396,0,0
KPL_PE,D,20140228,000000,18.1239,18.1239,17.2613,17.2613,0,0
KPL_PE,D,20140303,000000,17.0144,17.8769,16.2753,16.8918,0,0
KPL_PE,D,20140304,000000,16.1519,17.3848,16.1519,16.3369,0,0
KPL_PE,D,20140305,000000,17.0144,17.0144,16.3988,16.7683,0,0
KPL_PE,D,20140306,000000,16.5831,17.9396,16.5831,17.8769,0,0
KPL_PE,D,20140307,000000,18.4335,18.4335,17.8769,17.8769,0,0
KPL_PE,D,20140310,000000,17.5074,17.8769,16.7683,16.8918,0,0
KPL_PE,D,20140311,000000,17.1388,17.1388,16.7066,16.7066,0,0
KPL_PE,D,20140312,000000,16.3369,16.5222,16.0275,16.3369,0,0
KPL_PE,D,20140313,000000,16.1519,16.1519,15.9667,15.9667,0,0
KPL_PE,D,20140314,000000,15.6589,15.6589,14.8572,15.1651,0,0
KPL_PE,D,20140317,000000,14.8572,15.8441,14.8572,15.8441,0,0
KPL_PE,D,20140318,000000,15.7206,15.9667,15.7206,15.8441,0,0
KPL_PE,D,20140319,000000,15.3502,15.8441,14.4259,15.412,0,0
KPL_PE,D,20140320,000000,15.1651,15.6589,15.1651,15.5354,0,0
KPL_PE,D,20140321,000000,15.5354,15.9667,15.5354,15.8441,0,0
KPL_PE,D,20140324,000000,15.5354,15.5354,15.412,15.412,0,0
KPL_PE,D,20140325,000000,15.5972,15.5972,15.4737,15.5354,0,0
KPL_PE,D,20140326,000000,15.7815,15.8441,15.5354,15.8441,0,0
KPL_PE,D,20140327,000000,15.8441,15.8441,15.5972,15.5972,0,0
KPL_PE,D,20140328,000000,15.5972,15.5972,12.7617,12.7617,0,0
KPL_PE,D,20140331,000000,13.1921,13.1921,12.7617,13.1921,0,0
KPL_PE,D,20140401,000000,13.3155,13.3155,13.3155,13.3155,0,0
KPL_PE,D,20140402,000000,13.3773,13.3773,13.3155,13.3155,0,0
KPL_PE,D,20140403,000000,13.3773,13.9938,13.3773,13.3773,0,0
KPL_PE,D,20140404,000000,13.4998,14.1164,13.1321,14.1164,0,0
KPL_PE,D,20140407,000000,14.1164,14.4877,14.1164,14.4259,0,0
KPL_PE,D,20140408,000000,14.4259,14.6729,14.3633,14.6729,0,0
KPL_PE,D,20140409,000000,14.6729,14.6729,14.4259,14.5485,0,0
KPL_PE,D,20140410,000000,14.6729,14.8572,14.4259,14.7328,0,0
KPL_PE,D,20140411,000000,14.4877,14.6729,14.4259,14.4259,0,0
KPL_PE,D,20140414,000000,14.4259,14.4259,13.8711,14.1164,0,0
KPL_PE,D,20140415,000000,14.1164,14.9189,14.1164,14.3633,0,0
KPL_PE,D,20140416,000000,14.3016,14.4259,14.3016,14.3633,0,0
KPL_PE,D,20140417,000000,14.7328,14.7328,14.3633,14.3633,0,0
KPL_PE,D,20140422,000000,14.3633,14.4259,14.3016,14.3016,0,0
KPL_PE,D,20140423,000000,14.4259,14.7964,14.1798,14.1798,0,0
KPL_PE,D,20140424,000000,14.1798,14.1798,13.8094,14.1164,0,0
KPL_PE,D,20140425,000000,14.1164,14.1164,12.8834,14.1164,0,0
KPL_PE,D,20140428,000000,14.1164,14.1164,13.4391,13.8711,0,0
KPL_PE,D,20140429,000000,13.8711,13.8711,13.3155,13.7486,0,0
KPL_PE,D,20140502,000000,13.3155,13.7486,13.3155,13.7486,0,0
KPL_PE,D,20140505,000000,13.3773,14.0564,13.3773,14.0564,0,0
KPL_PE,D,20140506,000000,14.0564,14.0564,13.6851,14.0564,0,0
KPL_PE,D,20140507,000000,13.5642,14.0564,13.4998,13.4998,0,0
KPL_PE,D,20140508,000000,13.7486,13.7486,13.4391,13.6252,0,0
KPL_PE,D,20140509,000000,13.6252,13.6252,13.3155,13.4998,0,0
KPL_PE,D,20140512,000000,13.4998,13.4998,13.4998,13.4998,0,0
KPL_PE,D,20140513,000000,13.4998,13.4998,13.4391,13.4998,0,0
KPL_PE,D,20140514,000000,13.4998,13.6851,13.4998,13.6851,0,0
KPL_PE,D,20140515,000000,13.6851,13.9938,13.2538,13.932,0,0
KPL_PE,D,20140516,000000,12.8834,13.0686,11.7757,12.0209,0,0
KPL_PE,D,20140519,000000,12.0834,12.0834,10.9113,10.9113,0,0
KPL_PE,D,20140520,000000,10.7271,10.7879,10.6035,10.7271,0,0
KPL_PE,D,20140521,000000,10.7271,10.7271,9.74012,9.74012,0,0
KPL_PE,D,20140522,000000,9.98794,9.98794,9.18623,9.30889,0,0
KPL_PE,D,20140523,000000,9.55586,9.98794,9.55586,9.98794,0,0
KPL_PE,D,20140526,000000,10.1097,10.234,9.98794,10.1097,0,0
KPL_PE,D,20140527,000000,10.1714,10.234,3.57556,3.57556,0,0
KPL_PE,D,20140528,000000,3.51391,3.57556,3.39071,3.39071,0,0
KPL_PE,D,20140529,000000,3.51391,3.51391,3.39071,3.39071,0,0
KPL_PE,D,20140530,000000,3.51391,3.57556,3.45236,3.51391,0,0
KPL_PE,D,20140602,000000,3.57556,3.88389,3.57556,3.88389,0,0
KPL_PE,D,20140603,000000,3.88389,3.94545,3.88389,3.88389,0,0
KPL_PE,D,20140604,000000,3.88389,3.88389,3.76042,3.88389,0,0
KPL_PE,D,20140605,000000,3.88389,3.88389,3.88389,3.88389,0,0
KPL_PE,D,20140606,000000,3.88389,3.88389,3.76042,3.82215,0,0
KPL_PE,D,20140609,000000,3.82215,3.82215,3.76042,3.76042,0,0
KPL_PE,D,20140610,000000,3.76042,3.76042,3.76042,3.76042,0,0
KPL_PE,D,20140611,000000,3.76042,3.88389,3.69886,3.82215,0,0
KPL_PE,D,20140612,000000,3.82215,3.88389,3.76042,3.88389,0,0
KPL_PE,D,20140613,000000,3.88389,3.94545,3.88389,3.88389,0,0
KPL_PE,D,20140616,000000,3.82215,3.88389,3.82215,3.88389,0,0
KPL_PE,D,20140617,000000,3.82215,3.88389,3.82215,3.88389,0,0
KPL_PE,D,20140618,000000,3.82215,3.88389,3.82215,3.82215,0,0
KPL_PE,D,20140620,000000,3.88389,3.94545,3.88389,3.88389,0,0
KPL_PE,D,20140623,000000,3.94545,3.94545,3.88389,3.88389,0,0
KPL_PE,D,20140624,000000,3.88389,3.88389,3.82215,3.88389,0,0
KPL_PE,D,20140625,000000,3.88389,3.88389,3.76042,3.76042,0,0
KPL_PE,D,20140626,000000,3.82215,3.94545,3.76042,3.94545,0,0
KPL_PE,D,20140627,000000,3.94545,3.94545,3.88389,3.88389,0,0
KPL_PE,D,20140630,000000,3.88389,3.88389,3.82215,3.88389,0,0
KPL_PE,D,20140701,000000,3.88389,3.88389,3.88389,3.88389,0,0
KPL_PE,D,20140702,000000,3.82215,3.88389,3.51391,3.63713,0,0
KPL_PE,D,20140703,000000,3.51391,3.63713,3.51391,3.63713,0,0
KPL_PE,D,20140704,000000,3.57556,3.57556,3.57556,3.57556,0,0
KPL_PE,D,20140707,000000,3.57556,3.76042,3.57556,3.69886,0,0
KPL_PE,D,20140708,000000,3.69886,3.69886,3.57556,3.69886,0,0
KPL_PE,D,20140709,000000,3.69886,3.69886,3.69886,3.69886,0,0
KPL_PE,D,20140710,000000,3.67712,3.67712,3.67712,3.67712,0,0
KPL_PE,D,20140711,000000,3.86728,3.86728,3.86728,3.86728,0,0
KPL_PE,D,20140714,000000,3.86728,3.86728,3.67712,3.67712,0,0
KPL_PE,D,20140715,000000,3.67712,3.67712,3.42349,3.61374,0,0
KPL_PE,D,20140716,000000,3.61374,3.61374,3.55026,3.55026,0,0
KPL_PE,D,20140717,000000,3.61374,3.61374,3.3601,3.42349,0,0
KPL_PE,D,20140718,000000,3.42349,3.48687,3.29681,3.42349,0,0
KPL_PE,D,20140721,000000,3.3601,3.3601,3.23342,3.23342,0,0
KPL_PE,D,20140722,000000,3.29681,3.3601,3.29681,3.3601,0,0
KPL_PE,D,20140723,000000,3.3601,3.3601,3.29681,3.3601,0,0
KPL_PE,D,20140724,000000,3.29681,3.29681,3.04317,3.04317,0,0
KPL_PE,D,20140725,000000,3.10665,3.10665,2.91632,2.91632,0,0
KPL_PE,D,20140728,000000,2.91632,3.04317,2.91632,2.91632,0,0
KPL_PE,D,20140729,000000,2.97969,3.10665,2.97969,3.10665,0,0
KPL_PE,D,20140730,000000,3.04317,3.10665,3.04317,3.10665,0,0
KPL_PE,D,20140731,000000,3.04317,3.10665,2.91632,3.04317,0,0
KPL_PE,D,20140801,000000,3.04317,3.10665,2.97969,3.10665,0,0
KPL_PE,D,20140804,000000,3.04317,3.23342,3.04317,3.04317,0,0
KPL_PE,D,20140805,000000,3.10665,3.10665,3.04317,3.04317,0,0
KPL_PE,D,20140806,000000,3.04317,3.04317,3.04317,3.04317,0,0
KPL_PE,D,20140807,000000,3.04317,3.04317,3.04317,3.04317,0,0
KPL_PE,D,20140808,000000,3.10665,3.10665,2.91632,2.91632,0,0
KPL_PE,D,20140811,000000,2.91632,3.04317,2.91632,3.04317,0,0
KPL_PE,D,20140812,000000,2.91632,3.04317,2.91632,3.04317,0,0
KPL_PE,D,20140813,000000,2.97969,2.97969,2.91632,2.97969,0,0
KPL_PE,D,20140814,000000,2.97969,2.97969,2.91632,2.91632,0,0
KPL_PE,D,20140818,000000,2.97969,3.04317,2.91632,3.04317,0,0
KPL_PE,D,20140819,000000,3.04317,3.04317,2.97969,2.97969,0,0
KPL_PE,D,20140820,000000,2.97969,2.97969,2.72616,2.72616,0,0
KPL_PE,D,20140821,000000,2.78945,2.91632,2.78945,2.91632,0,0
KPL_PE,D,20140822,000000,2.91632,2.91632,2.91632,2.91632,0,0
KPL_PE,D,20140825,000000,2.91632,2.91632,2.78945,2.78945,0,0
KPL_PE,D,20140826,000000,2.78945,2.78945,2.66267,2.78945,0,0
KPL_PE,D,20140827,000000,2.78945,2.78945,2.78945,2.78945,0,0
KPL_PE,D,20140828,000000,2.78945,2.78945,2.53591,2.53591,0,0
KPL_PE,D,20140829,000000,2.53591,2.78945,2.53591,2.72616,0,0
KPL_PE,D,20140901,000000,2.78945,2.78945,2.72616,2.78945,0,0
KPL_PE,D,20140902,000000,2.78945,2.78945,2.66267,2.66267,0,0
KPL_PE,D,20140903,000000,2.72616,2.85293,2.72616,2.85293,0,0
KPL_PE,D,20140904,000000,2.85293,2.85293,2.85293,2.85293,0,0
KPL_PE,D,20140905,000000,2.78945,2.78945,2.78945,2.78945,0,0
KPL_PE,D,20140908,000000,2.78945,2.85293,2.72616,2.85293,0,0
KPL_PE,D,20140909,000000,2.85293,2.85293,2.72616,2.78945,0,0
KPL_PE,D,20140910,000000,2.78945,2.78945,2.72616,2.78945,0,0
KPL_PE,D,20140911,000000,2.72616,2.72616,2.53591,2.59928,0,0
KPL_PE,D,20140912,000000,2.66267,2.72616,2.66267,2.66267,0,0
KPL_PE,D,20140915,000000,2.59928,2.66267,2.59928,2.66267,0,0
KPL_PE,D,20140916,000000,2.72616,2.72616,2.66267,2.66267,0,0
KPL_PE,D,20140917,000000,2.66267,2.78945,2.66267,2.72616,0,0
KPL_PE,D,20140918,000000,2.78945,2.78945,2.72616,2.78945,0,0
KPL_PE,D,20140919,000000,2.78945,3.04317,2.78945,3.04317,0,0
KPL_PE,D,20140922,000000,3.04317,3.29681,3.04317,3.17003,0,0
KPL_PE,D,20140923,000000,3.17003,3.17003,3.04317,3.10665,0,0
KPL_PE,D,20140924,000000,2.97969,3.10665,2.85293,2.91632,0,0
KPL_PE,D,20140925,000000,2.91632,2.97969,2.78945,2.78945,0,0
KPL_PE,D,20140926,000000,2.78945,2.91632,2.78945,2.78945,0,0
KPL_PE,D,20140929,000000,2.78945,2.97969,2.78945,2.91632,0,0
KPL_PE,D,20140930,000000,2.91632,2.97969,2.78945,2.91632,0,0
KPL_PE,D,20141001,000000,2.91632,2.91632,2.78945,2.78945,0,0
KPL_PE,D,20141002,000000,2.78945,2.78945,2.66267,2.66267,0,0
KPL_PE,D,20141003,000000,2.66267,2.66267,2.47243,2.53591,0,0
KPL_PE,D,20141006,000000,2.53591,2.59928,2.40904,2.40904,0,0
KPL_PE,D,20141007,000000,2.40904,2.40904,2.34565,2.40904,0,0
KPL_PE,D,20141008,000000,2.40904,2.53591,2.40904,2.53591,0,0
KPL_PE,D,20141009,000000,2.53591,2.53591,2.47243,2.47243,0,0
KPL_PE,D,20141010,000000,2.40904,2.47243,2.40904,2.47243,0,0
KPL_PE,D,20141013,000000,2.53591,2.53591,2.40904,2.40904,0,0
KPL_PE,D,20141014,000000,2.40904,2.40904,2.40904,2.40904,0,0
KPL_PE,D,20141015,000000,2.47243,2.53591,2.40904,2.47243,0,0
KPL_PE,D,20141016,000000,2.40904,2.47243,2.40904,2.47243,0,0
KPL_PE,D,20141017,000000,2.47243,2.53591,2.47243,2.47243,0,0
KPL_PE,D,20141020,000000,2.47243,2.47243,2.47243,2.47243,0,0
KPL_PE,D,20141021,000000,2.47243,2.59928,2.47243,2.59928,0,0
KPL_PE,D,20141022,000000,2.59928,2.59928,2.53591,2.53591,0,0
KPL_PE,D,20141023,000000,2.53591,2.53591,2.53591,2.53591,0,0
KPL_PE,D,20141024,000000,2.53591,2.53591,2.47243,2.47243,0,0
KPL_PE,D,20141027,000000,2.47243,2.47243,2.47243,2.47243,0,0
KPL_PE,D,20141028,000000,2.47243,2.72616,2.47243,2.72616,0,0
KPL_PE,D,20141029,000000,2.72616,2.97969,2.72616,2.97969,0,0
KPL_PE,D,20141030,000000,2.91632,3.04317,2.91632,2.97969,0,0
KPL_PE,D,20141031,000000,3.04317,3.04317,2.97969,2.97969,0,0
KPL_PE,D,20141103,000000,2.97969,2.97969,2.91632,2.91632,0,0
KPL_PE,D,20141104,000000,2.91632,3.04317,2.91632,3.04317,0,0
KPL_PE,D,20141105,000000,3.04317,3.04317,2.97969,3.04317,0,0
KPL_PE,D,20141106,000000,3.04317,3.04317,2.97969,2.97969,0,0
KPL_PE,D,20141107,000000,2.97969,2.97969,2.97969,2.97969,0,0
KPL_PE,D,20141110,000000,2.97969,3.04317,2.97969,2.97969,0,0
KPL_PE,D,20141112,000000,2.97969,3.04317,2.97969,3.04317,0,0
KPL_PE,D,20141113,000000,2.97969,3.04317,2.97969,3.04317,0,0
KPL_PE,D,20141114,000000,2.97969,3.04317,2.97969,2.97969,0,0
KPL_PE,D,20141117,000000,2.97969,2.97969,2.97969,2.97969,0,0
KPL_PE,D,20141118,000000,2.97969,2.97969,2.97969,2.97969,0,0
KPL_PE,D,20141119,000000,2.97969,3.17003,2.97969,3.17003,0,0
KPL_PE,D,20141120,000000,3.17003,3.17003,3.17003,3.17003,0,0
KPL_PE,D,20141121,000000,3.17003,3.17003,3.17003,3.17003,0,0
KPL_PE,D,20141124,000000,3.17003,3.17003,3.17003,3.17003,0,0
KPL_PE,D,20141125,000000,3.17003,3.17003,3.17003,3.17003,0,0
KPL_PE,D,20141126,000000,3.17003,3.17003,3.17003,3.17003,0,0
KPL_PE,D,20141127,000000,3.17003,3.23342,3.17003,3.23342,0,0
KPL_PE,D,20141128,000000,3.23342,3.3601,3.10665,3.10665,0,0
KPL_PE,D,20141201,000000,3.10665,3.17003,3.10665,3.17003,0,0
KPL_PE,D,20141202,000000,3.17003,3.17003,3.04317,3.04317,0,0
KPL_PE,D,20141203,000000,3.04317,3.04317,3.04317,3.04317,0,0
KPL_PE,D,20141204,000000,3.04317,3.17003,3.04317,3.17003,0,0
KPL_PE,D,20141205,000000,3.10665,3.23342,3.10665,3.17003,0,0
KPL_PE,D,20141208,000000,3.10665,3.23342,3.10665,3.23342,0,0
KPL_PE,D,20141209,000000,3.23342,3.23342,3.23342,3.23342,0,0
KPL_PE,D,20141210,000000,3.17003,3.17003,3.10665,3.17003,0,0
KPL_PE,D,20141211,000000,3.17003,3.23342,3.17003,3.17003,0,0
KPL_PE,D,20141212,000000,3.17003,3.17003,3.17003,3.17003,0,0
KPL_PE,D,20141215,000000,3.17003,3.17003,3.10665,3.17003,0,0
KPL_PE,D,20141216,000000,3.10665,3.17003,3.04317,3.17003,0,0
KPL_PE,D,20141217,000000,3.17003,3.23342,3.17003,3.17003,0,0
KPL_PE,D,20141218,000000,3.17003,3.23342,3.17003,3.23342,0,0
KPL_PE,D,20141219,000000,3.23342,3.23342,3.17003,3.17003,0,0
KPL_PE,D,20141222,000000,3.10665,3.23342,3.10665,3.23342,0,0
KPL_PE,D,20141223,000000,3.23342,3.23342,3.17003,3.17003,0,0
KPL_PE,D,20141229,000000,3.17003,3.17003,3.17003,3.17003,0,0
KPL_PE,D,20141230,000000,3.17003,3.23342,3.17003,3.23342,0,0
KPL_PE,D,20150102,000000,3.23342,3.23342,3.23342,3.23342,0,0
KPL_PE,D,20150105,000000,3.23342,3.23342,3.17003,3.17003,0,0
KPL_PE,D,20150107,000000,3.10665,3.23342,3.04317,3.23342,0,0
KPL_PE,D,20150108,000000,3.23342,3.55026,3.23342,3.48687,0,0
KPL_PE,D,20150109,000000,3.48687,3.48687,3.3601,3.42349,0,0
KPL_PE,D,20150112,000000,3.3601,3.42349,3.04317,3.23342,0,0
KPL_PE,D,20150113,000000,3.23342,3.29681,3.17003,3.29681,0,0
KPL_PE,D,20150114,000000,3.29681,3.29681,3.29681,3.29681,0,0
KPL_PE,D,20150115,000000,3.23342,3.29681,3.23342,3.29681,0,0
KPL_PE,D,20150116,000000,3.17003,3.23342,3.17003,3.23342,0,0
KPL_PE,D,20150119,000000,3.23342,3.23342,3.17003,3.17003,0,0
KPL_PE,D,20150120,000000,3.23342,3.23342,3.17003,3.23342,0,0
KPL_PE,D,20150121,000000,3.23342,3.23342,3.10665,3.23342,0,0
KPL_PE,D,20150122,000000,3.23342,3.23342,3.17003,3.23342,0,0
KPL_PE,D,20150123,000000,3.17003,3.3601,3.17003,3.3601,0,0
KPL_PE,D,20150126,000000,3.29681,3.42349,3.29681,3.42349,0,0
KPL_PE,D,20150127,000000,3.3601,3.42349,3.3601,3.42349,0,0
KPL_PE,D,20150128,000000,3.42349,3.42349,3.23342,3.3601,0,0
KPL_PE,D,20150129,000000,3.29681,3.29681,3.10665,3.10665,0,0
KPL_PE,D,20150130,000000,3.10665,3.17003,3.10665,3.17003,0,0
KPL_PE,D,20150202,000000,3.17003,3.17003,3.10665,3.17003,0,0
KPL_PE,D,20150204,000000,3.23342,3.23342,3.23342,3.23342,0,0
KPL_PE,D,20150205,000000,3.23342,3.23342,3.23342,3.23342,0,0
KPL_PE,D,20150206,000000,3.29681,3.29681,3.29681,3.29681,0,0
KPL_PE,D,20150209,000000,3.29681,3.29681,3.17003,3.17003,0,0
KPL_PE,D,20150210,000000,3.17003,3.23342,3.17003,3.23342,0,0
KPL_PE,D,20150211,000000,3.17003,3.17003,3.10665,3.10665,0,0
KPL_PE,D,20150212,000000,3.10665,3.17003,3.10665,3.17003,0,0
KPL_PE,D,20150213,000000,3.17003,3.17003,3.10665,3.10665,0,0
KPL_PE,D,20150216,000000,3.10665,3.10665,2.91632,2.97969,0,0
KPL_PE,D,20150217,000000,2.97969,3.10665,2.97969,3.04317,0,0
KPL_PE,D,20150218,000000,3.04317,3.17003,3.04317,3.17003,0,0
KPL_PE,D,20150219,000000,3.17003,3.29681,3.17003,3.23342,0,0
KPL_PE,D,20150220,000000,3.17003,3.29681,3.17003,3.29681,0,0
KPL_PE,D,20150223,000000,3.29681,3.29681,3.17003,3.23342,0,0
KPL_PE,D,20150224,000000,3.23342,3.3601,3.17003,3.3601,0,0
KPL_PE,D,20150225,000000,3.3601,3.55026,3.3601,3.48687,0,0
KPL_PE,D,20150226,000000,3.55026,3.7405,3.55026,3.67712,0,0
KPL_PE,D,20150227,000000,3.67712,3.80389,3.67712,3.80389,0,0
KPL_PE,D,20150302,000000,3.80389,4.12075,3.80389,4.12075,0,0
KPL_PE,D,20150303,000000,4.12075,4.1843,4.05736,4.05736,0,0
KPL_PE,D,20150304,000000,4.05736,4.1843,4.05736,4.1843,0,0
KPL_PE,D,20150305,000000,4.1843,4.1843,4.05736,4.05736,0,0
KPL_PE,D,20150306,000000,4.12075,4.1843,4.05736,4.12075,0,0
KPL_PE,D,20150309,000000,4.12075,4.12075,4.05736,4.05736,0,0
KPL_PE,D,20150310,000000,4.05736,4.05736,4.05736,4.05736,0,0
KPL_PE,D,20150311,000000,3.99397,4.05736,3.99397,4.05736,0,0
KPL_PE,D,20150312,000000,4.05736,4.1843,3.86728,4.1843,0,0
KPL_PE,D,20150313,000000,4.1843,4.24769,4.1843,4.24769,0,0
KPL_PE,D,20150316,000000,4.12075,4.24769,4.05736,4.24769,0,0
KPL_PE,D,20150317,000000,4.1843,4.24769,4.12075,4.24769,0,0
KPL_PE,D,20150318,000000,4.24769,4.24769,4.12075,4.24769,0,0
KPL_PE,D,20150319,000000,4.24769,4.31108,4.24769,4.31108,0,0
KPL_PE,D,20150320,000000,4.37446,4.37446,4.31108,4.37446,0,0
KPL_PE,D,20150323,000000,4.37446,4.37446,4.1843,4.37446,0,0
KPL_PE,D,20150324,000000,4.12075,4.12075,3.93067,3.93067,0,0
KPL_PE,D,20150325,000000,3.93067,14.3911,3.61374,14.3911,0,0
KPL_PE,D,20150326,000000,14.3911,14.3911,13.566,13.9486,0,0
KPL_PE,D,20150327,000000,14.1381,14.1381,14.1381,14.1381,0,0
KPL_PE,D,20150330,000000,14.2008,14.2008,13.566,13.9486,0,0
KPL_PE,D,20150331,000000,13.8843,13.8843,13.4407,13.8216,0,0
KPL_PE,D,20150401,000000,13.8216,13.9486,13.8216,13.9486,0,0
KPL_PE,D,20150402,000000,13.8216,14.0112,13.566,13.8843,0,0
KPL_PE,D,20150407,000000,13.8843,13.8843,13.5034,13.566,0,0
KPL_PE,D,20150408,000000,13.566,13.566,13.2504,13.3138,0,0
KPL_PE,D,20150409,000000,13.2504,13.566,13.2504,13.4407,0,0
KPL_PE,D,20150410,000000,13.4407,13.566,13.4407,13.5034,0,0
KPL_PE,D,20150413,000000,13.5034,13.7572,13.5034,13.7572,0,0
KPL_PE,D,20150414,000000,13.7572,13.7572,13.3138,13.3764,0,0
KPL_PE,D,20150415,000000,13.3764,13.3764,13.059,13.059,0,0
KPL_PE,D,20150416,000000,13.059,13.059,12.8695,12.8695,0,0
KPL_PE,D,20150417,000000,12.8695,12.8695,12.4252,12.4252,0,0
KPL_PE,D,20150420,000000,12.4252,12.4252,12.1087,12.2356,0,0
KPL_PE,D,20150421,000000,12.1087,12.173,11.9834,11.9834,0,0
KPL_PE,D,20150422,000000,11.9174,12.6165,11.9174,12.4887,0,0
KPL_PE,D,20150423,000000,12.6165,12.9965,12.6165,12.8695,0,0
KPL_PE,D,20150424,000000,12.8695,13.059,12.8695,13.059,0,0
KPL_PE,D,20150427,000000,13.1226,13.1226,13.059,13.1226,0,0
KPL_PE,D,20150428,000000,13.1226,13.2504,13.1226,13.2504,0,0
KPL_PE,D,20150429,000000,13.2504,13.2504,13.1226,13.2504,0,0
KPL_PE,D,20150504,000000,13.3764,13.3764,13.3764,13.3764,0,0
KPL_PE,D,20150505,000000,13.2504,13.3764,12.9965,12.9965,0,0
KPL_PE,D,20150506,000000,12.9321,13.3138,12.9321,13.2504,0,0
KPL_PE,D,20150507,000000,12.9321,12.9321,12.7425,12.7425,0,0
KPL_PE,D,20150508,000000,12.7425,12.7425,12.7425,12.7425,0,0
KPL_PE,D,20150511,000000,12.7425,12.7425,12.3626,12.7425,0,0
KPL_PE,D,20150512,000000,12.4252,12.4252,12.4252,12.4252,0,0
KPL_PE,D,20150513,000000,12.2992,12.2992,11.9174,12.173,0,0
KPL_PE,D,20150514,000000,11.9174,12.173,11.9174,11.9174,0,0
KPL_PE,D,20150515,000000,11.9834,12.7425,11.9834,12.4887,0,0
KPL_PE,D,20150518,000000,12.4887,12.68,12.3626,12.4252,0,0
KPL_PE,D,20150519,000000,12.6165,12.6165,12.4887,12.4887,0,0
KPL_PE,D,20150520,000000,12.4252,12.68,12.4252,12.68,0,0
KPL_PE,D,20150521,000000,12.3626,12.5521,12.3626,12.3626,0,0
KPL_PE,D,20150522,000000,12.68,12.68,12.5521,12.5521,0,0
KPL_PE,D,20150525,000000,12.68,12.9965,12.68,12.9965,0,0
KPL_PE,D,20150526,000000,12.9965,13.1226,11.9174,11.9174,0,0
KPL_PE,D,20150527,000000,11.9834,12.5521,11.9834,12.5521,0,0
KPL_PE,D,20150528,000000,12.4887,13.059,12.4887,13.059,0,0
KPL_PE,D,20150529,000000,13.059,13.059,12.8695,12.9321,0,0
KPL_PE,D,20150601,000000,13.059,13.059,12.5521,12.5521,0,0
KPL_PE,D,20150602,000000,12.5521,12.5521,12.2356,12.4252,0,0
KPL_PE,D,20150603,000000,12.4252,12.4887,12.2356,12.2356,0,0
KPL_PE,D,20150605,000000,12.4252,12.6165,12.4252,12.6165,0,0
KPL_PE,D,20150608,000000,12.6165,12.6165,12.6165,12.6165,0,0
KPL_PE,D,20150609,000000,12.4887,12.4887,12.3626,12.3626,0,0
KPL_PE,D,20150610,000000,12.6165,12.6165,12.2356,12.2356,0,0
KPL_PE,D,20150611,000000,12.2356,12.4252,12.2356,12.2992,0,0
KPL_PE,D,20150612,000000,12.2356,12.2356,12.173,12.173,0,0
KPL_PE,D,20150615,000000,12.2356,12.4887,12.2356,12.4887,0,0
KPL_PE,D,20150616,000000,12.4887,12.4887,12.4887,12.4887,0,0
KPL_PE,D,20150617,000000,12.4887,12.68,12.4887,12.4887,0,0
KPL_PE,D,20150618,000000,12.3626,12.6165,12.3626,12.6165,0,0
KPL_PE,D,20150619,000000,12.3626,12.3626,12.2992,12.2992,0,0
KPL_PE,D,20150622,000000,12.2356,12.2356,12.173,12.173,0,0
KPL_PE,D,20150623,000000,12.1087,12.5521,12.1087,12.4887,0,0
KPL_PE,D,20150624,000000,12.5521,12.5521,12.2992,12.5521,0,0
KPL_PE,D,20150625,000000,12.4887,12.5521,12.4887,12.4887,0,0
KPL_PE,D,20150626,000000,12.4887,12.68,12.4252,12.68,0,0
KPL_PE,D,20150629,000000,12.4609,13.619,11.5757,13.619,0,0
KPL_PE,D,20150630,000000,13.1416,14.0277,13.1416,13.619,0,0
KPL_PE,D,20150701,000000,13.5503,13.619,13.5503,13.619,0,0
KPL_PE,D,20150702,000000,13.619,13.619,13.619,13.619,0,0
KPL_PE,D,20150703,000000,12.8695,13.346,12.6661,12.7339,0,0
KPL_PE,D,20150706,000000,13.346,13.346,13.1416,13.1416,0,0
KPL_PE,D,20150707,000000,13.1416,13.1416,13.1416,13.1416,0,0
KPL_PE,D,20150708,000000,13.1416,13.1416,12.6661,12.6661,0,0
KPL_PE,D,20150709,000000,12.5982,12.5982,12.3243,12.3243,0,0
KPL_PE,D,20150710,000000,12.3243,13.0059,12.3243,13.0059,0,0
KPL_PE,D,20150713,000000,13.0059,13.0059,13.0059,13.0059,0,0
KPL_PE,D,20150714,000000,12.8008,12.8008,12.6661,12.6661,0,0
KPL_PE,D,20150715,000000,12.6661,12.6661,12.3243,12.3243,0,0
KPL_PE,D,20150716,000000,12.6661,12.7339,12.3243,12.6661,0,0
KPL_PE,D,20150717,000000,12.9381,12.9381,12.5982,12.5982,0,0
KPL_PE,D,20150720,000000,12.4609,12.4609,12.4609,12.4609,0,0
KPL_PE,D,20150721,000000,12.4609,12.4609,11.7121,11.8478,0,0
KPL_PE,D,20150722,000000,11.8478,12.1208,11.5757,11.5757,0,0
KPL_PE,D,20150723,000000,11.9165,11.9165,11.9165,11.9165,0,0
KPL_PE,D,20150724,000000,12.053,12.053,12.053,12.053,0,0
KPL_PE,D,20150727,000000,12.053,12.053,12.053,12.053,0,0
KPL_PE,D,20150728,000000,12.053,12.2582,11.9843,12.2582,0,0
KPL_PE,D,20150729,000000,12.2582,12.3243,11.7121,12.2582,0,0
KPL_PE,D,20150730,000000,12.3243,12.3243,12.1895,12.1895,0,0
KPL_PE,D,20150731,000000,12.1895,12.1895,11.9843,12.1895,0,0
KPL_PE,D,20150803,000000,11.9165,12.6661,11.9165,12.6661,0,0
KPL_PE,D,20150804,000000,12.6661,13.0059,12.6661,13.0059,0,0
KPL_PE,D,20150805,000000,13.0059,13.0059,13.0059,13.0059,0,0
KPL_PE,D,20150806,000000,13.0059,13.0059,12.9381,12.9381,0,0
KPL_PE,D,20150807,000000,12.6661,12.7339,12.6661,12.6661,0,0
KPL_PE,D,20150810,000000,12.7339,12.8008,12.4609,12.8008,0,0
KPL_PE,D,20150811,000000,12.5296,12.7339,12.5296,12.6661,0,0
KPL_PE,D,20150813,000000,12.4609,12.8008,12.4609,12.8008,0,0
KPL_PE,D,20150814,000000,12.8008,13.1416,12.7339,13.1416,0,0
KPL_PE,D,20150817,000000,13.0746,13.346,13.0746,13.0746,0,0
KPL_PE,D,20150818,000000,13.0746,13.0746,12.8008,12.8695,0,0
KPL_PE,D,20150819,000000,13.0059,13.0746,13.0059,13.0746,0,0
KPL_PE,D,20150820,000000,13.0746,13.0746,12.7339,12.7339,0,0
KPL_PE,D,20150821,000000,12.7339,13.0059,12.7339,12.8008,0,0
KPL_PE,D,20150824,000000,12.5982,12.5982,11.5757,11.6435,0,0
KPL_PE,D,20150825,000000,11.5757,11.5757,11.2358,11.3027,0,0
KPL_PE,D,20150826,000000,11.3027,11.7799,11.3027,11.7799,0,0
KPL_PE,D,20150827,000000,12.053,12.053,12.053,12.053,0,0
KPL_PE,D,20150828,000000,11.9843,12.053,11.9843,12.053,0,0
KPL_PE,D,20150831,000000,12.393,13.0746,10.8261,10.8261,0,0
KPL_PE,D,20150901,000000,10.5549,10.5549,10.4862,10.4862,0,0
KPL_PE,D,20150902,000000,10.4862,11.3027,10.4862,11.2358,0,0
KPL_PE,D,20150903,000000,11.4401,11.4401,11.3027,11.3714,0,0
KPL_PE,D,20150904,000000,11.3027,11.3027,11.3027,11.3027,0,0
KPL_PE,D,20150907,000000,11.3714,11.3714,11.3714,11.3714,0,0
KPL_PE,D,20150908,000000,11.3714,11.3714,11.2358,11.3027,0,0
KPL_PE,D,20150909,000000,11.3027,11.3714,11.3027,11.3027,0,0
KPL_PE,D,20150910,000000,11.3027,11.3027,11.3027,11.3027,0,0
KPL_PE,D,20150911,000000,11.3027,11.4401,11.3027,11.4401,0,0
KPL_PE,D,20150914,000000,11.4401,11.7121,11.4401,11.5757,0,0
KPL_PE,D,20150915,000000,11.6435,11.6435,11.3027,11.6435,0,0
KPL_PE,D,20150916,000000,11.6435,11.6435,11.6435,11.6435,0,0
KPL_PE,D,20150917,000000,11.6435,11.6435,11.6435,11.6435,0,0
KPL_PE,D,20150918,000000,11.4401,11.4401,11.3027,11.3027,0,0
KPL_PE,D,20150921,000000,11.3027,11.5079,11.3027,11.5079,0,0
KPL_PE,D,20150922,000000,11.4401,11.4401,11.0314,11.0314,0,0
KPL_PE,D,20150923,000000,11.2358,11.3027,10.8948,11.3027,0,0
KPL_PE,D,20150928,000000,10.8261,11.3027,10.8261,11.3027,0,0
KPL_PE,D,20150929,000000,11.3027,11.3027,11.3027,11.3027,0,0
KPL_PE,D,20150930,000000,11.3027,11.3714,11.3027,11.3027,0,0
KPL_PE,D,20151001,000000,10.7593,10.8261,10.7593,10.8261,0,0
KPL_PE,D,20151005,000000,11.167,11.167,11.167,11.167,0,0
KPL_PE,D,20151007,000000,10.9627,10.9627,10.8261,10.8261,0,0
KPL_PE,D,20151008,000000,10.8948,11.167,10.8948,11.167,0,0
KPL_PE,D,20151009,000000,10.9627,10.9627,10.9627,10.9627,0,0
KPL_PE,D,20151012,000000,10.9627,10.9627,10.8948,10.8948,0,0
KPL_PE,D,20151013,000000,10.8261,10.8261,10.8261,10.8261,0,0
KPL_PE,D,20151014,000000,10.8261,11.1001,10.5549,11.1001,0,0
KPL_PE,D,20151015,000000,10.8948,10.8948,10.8261,10.8261,0,0
KPL_PE,D,20151016,000000,10.8948,11.3027,10.8948,11.0314,0,0
KPL_PE,D,20151019,000000,11.4401,11.9165,11.3714,11.7121,0,0
KPL_PE,D,20151020,000000,11.8478,11.8478,11.3714,11.5079,0,0
KPL_PE,D,20151021,000000,11.6435,11.6435,11.3714,11.5079,0,0
KPL_PE,D,20151022,000000,11.3714,11.3714,11.3714,11.3714,0,0
KPL_PE,D,20151023,000000,11.5757,11.5757,11.3027,11.3027,0,0
KPL_PE,D,20151026,000000,11.3027,11.4401,11.3027,11.4401,0,0
KPL_PE,D,20151028,000000,11.4401,11.4401,11.3027,11.3027,0,0
KPL_PE,D,20151029,000000,11.7121,11.7121,11.7121,11.7121,0,0
KPL_PE,D,20151030,000000,11.3714,11.3714,11.3714,11.3714,0,0
KPL_PE,D,20151102,000000,11.1001,11.3714,11.1001,11.3714,0,0
KPL_PE,D,20151103,000000,11.1001,11.6435,11.1001,11.6435,0,0
KPL_PE,D,20151104,000000,11.7121,11.8478,11.7121,11.7799,0,0
KPL_PE,D,20151105,000000,11.8478,11.8478,11.7121,11.7121,0,0
KPL_PE,D,20151106,000000,11.8478,11.8478,11.7121,11.7121,0,0
KPL_PE,D,20151109,000000,11.7121,11.7121,11.3714,11.3714,0,0
KPL_PE,D,20151110,000000,11.3714,11.3714,11.3714,11.3714,0,0
KPL_PE,D,20151112,000000,11.3714,11.6435,11.3714,11.6435,0,0
KPL_PE,D,20151113,000000,11.6435,11.6435,11.6435,11.6435,0,0
KPL_PE,D,20151116,000000,11.6435,11.6435,11.4401,11.6435,0,0
KPL_PE,D,20151117,000000,11.6435,11.6435,11.6435,11.6435,0,0
KPL_PE,D,20151118,000000,11.5079,11.7121,11.5079,11.7121,0,0
KPL_PE,D,20151119,000000,11.7121,11.7121,10.3505,10.3505,0,0
KPL_PE,D,20151120,000000,10.2819,10.2819,10.2149,10.2149,0,0
KPL_PE,D,20151123,000000,10.2149,10.2149,10.0097,10.0783,0,0
KPL_PE,D,20151124,000000,10.0783,10.0783,9.80543,10.0783,0,0
KPL_PE,D,20151125,000000,9.80543,9.80543,9.80543,9.80543,0,0
KPL_PE,D,20151126,000000,9.66979,10.0097,9.66979,10.0097,0,0
KPL_PE,D,20151127,000000,10.0097,10.0783,10.0097,10.0097,0,0
KPL_PE,D,20151130,000000,9.9427,10.0097,9.80543,10.0097,0,0
KPL_PE,D,20151201,000000,9.87411,9.9427,9.87411,9.9427,0,0
KPL_PE,D,20151202,000000,9.9427,9.9427,9.9427,9.9427,0,0
KPL_PE,D,20151203,000000,9.9427,9.9427,9.9427,9.9427,0,0
KPL_PE,D,20151208,000000,9.9427,9.9427,9.60104,9.60104,0,0
KPL_PE,D,20151209,000000,9.60104,9.60104,9.26111,9.26111,0,0
KPL_PE,D,20151210,000000,9.26111,9.26111,9.26111,9.26111,0,0
KPL_PE,D,20151211,000000,9.39667,9.39667,9.26111,9.26111,0,0
KPL_PE,D,20151214,000000,9.19241,9.19241,8.58024,8.58024,0,0
KPL_PE,D,20151215,000000,8.30721,8.58024,8.30721,8.37591,0,0
KPL_PE,D,20151216,000000,8.37591,8.37591,8.17132,8.37591,0,0
KPL_PE,D,20151217,000000,8.37591,8.37591,8.37591,8.37591,0,0
KPL_PE,D,20151218,000000,8.37591,8.51156,8.17132,8.17132,0,0
KPL_PE,D,20151221,000000,8.17132,8.17132,8.03481,8.17132,0,0
KPL_PE,D,20151222,000000,8.17132,8.17132,8.10358,8.17132,0,0
KPL_PE,D,20151223,000000,8.23983,8.37591,8.23983,8.23983,0,0
KPL_PE,D,20151228,000000,8.23983,8.37591,8.10358,8.30721,0,0
KPL_PE,D,20151229,000000,8.30721,8.30721,8.10358,8.10358,0,0
KPL_PE,D,20151230,000000,8.23983,8.37591,8.17132,8.17132,0,0
KPL_PE,D,20160104,000000,8.03481,8.10358,8.03481,8.10358,0,0
KPL_PE,D,20160105,000000,8.10358,8.10358,8.10358,8.10358,0,0
KPL_PE,D,20160107,000000,8.10358,8.30721,8.03481,8.10358,0,0
KPL_PE,D,20160108,000000,8.30721,8.30721,8.23983,8.30721,0,0
KPL_PE,D,20160111,000000,8.17132,8.51156,8.17132,8.44286,0,0
KPL_PE,D,20160112,000000,8.51156,9.26111,8.51156,9.12453,0,0
KPL_PE,D,20160113,000000,9.26111,9.26111,9.12453,9.19241,0,0
KPL_PE,D,20160114,000000,9.19241,9.26111,8.85153,8.98804,0,0
KPL_PE,D,20160115,000000,8.98804,8.98804,8.58024,8.92022,0,0
KPL_PE,D,20160118,000000,8.64806,8.64806,8.51156,8.64806,0,0
KPL_PE,D,20160119,000000,8.58024,8.64806,8.58024,8.64806,0,0
KPL_PE,D,20160120,000000,8.71675,8.71675,8.71675,8.71675,0,0
KPL_PE,D,20160121,000000,8.71675,8.7837,8.71675,8.71675,0,0
KPL_PE,D,20160122,000000,8.71675,8.71675,8.71675,8.71675,0,0
KPL_PE,D,20160125,000000,8.51156,8.85153,8.51156,8.85153,0,0
KPL_PE,D,20160126,000000,8.71675,8.7837,8.71675,8.7837,0,0
KPL_PE,D,20160127,000000,8.85153,8.85153,8.85153,8.85153,0,0
KPL_PE,D,20160128,000000,8.7837,8.92022,8.7837,8.85153,0,0
KPL_PE,D,20160129,000000,8.85153,9.60104,8.85153,9.60104,0,0
KPL_PE,D,20160201,000000,9.60104,9.60104,9.12453,9.12453,0,0
KPL_PE,D,20160202,000000,9.12453,9.12453,9.05673,9.05673,0,0
KPL_PE,D,20160203,000000,9.05673,9.05673,9.05673,9.05673,0,0
KPL_PE,D,20160204,000000,9.05673,9.05673,9.05673,9.05673,0,0
KPL_PE,D,20160205,000000,8.98804,8.98804,8.98804,8.98804,0,0
KPL_PE,D,20160208,000000,9.19241,9.19241,9.19241,9.19241,0,0
KPL_PE,D,20160209,000000,9.05673,9.05673,8.85153,9.05673,0,0
KPL_PE,D,20160210,000000,9.05673,9.05673,8.98804,9.05673,0,0
KPL_PE,D,20160211,000000,8.92022,8.92022,8.85153,8.85153,0,0
KPL_PE,D,20160215,000000,8.7837,8.7837,8.71675,8.71675,0,0
KPL_PE,D,20160216,000000,8.7837,8.7837,8.58024,8.7837,0,0
KPL_PE,D,20160217,000000,8.58024,8.7837,8.58024,8.7837,0,0
KPL_PE,D,20160218,000000,8.7837,8.92022,8.71675,8.71675,0,0
KPL_PE,D,20160219,000000,8.85153,8.85153,8.85153,8.85153,0,0
KPL_PE,D,20160222,000000,8.7837,8.7837,8.58024,8.58024,0,0
KPL_PE,D,20160223,000000,8.58024,8.7837,8.58024,8.71675,0,0
KPL_PE,D,20160224,000000,8.71675,8.71675,8.51156,8.71675,0,0
KPL_PE,D,20160225,000000,8.71675,8.71675,8.44286,8.58024,0,0
KPL_PE,D,20160226,000000,8.58024,8.71675,8.58024,8.71675,0,0
KPL_PE,D,20160229,000000,8.71675,8.71675,8.58024,8.71675,0,0
KPL_PE,D,20160301,000000,8.58024,8.71675,8.58024,8.71675,0,0
KPL_PE,D,20160302,000000,8.71675,8.71675,8.58024,8.71675,0,0
KPL_PE,D,20160303,000000,8.51156,8.71675,8.51156,8.71675,0,0
KPL_PE,D,20160304,000000,8.71675,8.71675,8.71675,8.71675,0,0
KPL_PE,D,20160307,000000,8.71675,8.71675,8.71675,8.71675,0,0
KPL_PE,D,20160308,000000,8.64806,8.64806,8.58024,8.58024,0,0
KPL_PE,D,20160309,000000,8.58024,8.58024,8.58024,8.58024,0,0
KPL_PE,D,20160310,000000,8.64806,8.64806,8.58024,8.58024,0,0
KPL_PE,D,20160311,000000,8.71675,8.71675,8.58024,8.58024,0,0
KPL_PE,D,20160314,000000,8.58024,8.58024,8.58024,8.58024,0,0
KPL_PE,D,20160315,000000,8.58024,8.58024,8.58024,8.58024,0,0
KPL_PE,D,20160316,000000,8.58024,8.58024,8.58024,8.58024,0,0
KPL_PE,D,20160317,000000,8.58024,8.58024,8.58024,8.58024,0,0
KPL_PE,D,20160318,000000,8.71675,9.19241,8.71675,9.05673,0,0
KPL_PE,D,20160321,000000,9.12453,9.19241,8.98804,9.19241,0,0
KPL_PE,D,20160322,000000,9.12453,9.12453,9.05673,9.05673,0,0
KPL_PE,D,20160323,000000,9.19241,9.19241,9.12453,9.19241,0,0
KPL_PE,D,20160324,000000,9.12453,9.12453,9.12453,9.12453,0,0
KPL_PE,D,20160329,000000,9.05673,10.9627,9.05673,10.9627,0,0
KPL_PE,D,20160330,000000,10.9627,11.3714,10.9627,11.2358,0,0
KPL_PE,D,20160331,000000,11.3027,11.3027,11.2358,11.2358,0,0
KPL_PE,D,20160401,000000,11.167,11.167,11.0314,11.0314,0,0
KPL_PE,D,20160404,000000,11.1001,11.2358,11.0314,11.2358,0,0
KPL_PE,D,20160405,000000,11.2358,11.2358,10.9627,10.9627,0,0
KPL_PE,D,20160406,000000,11.1001,11.1001,10.9627,11.1001,0,0
KPL_PE,D,20160407,000000,11.2358,11.2358,10.7593,10.7593,0,0
KPL_PE,D,20160408,000000,10.7593,10.8261,10.4862,10.8261,0,0
KPL_PE,D,20160411,000000,10.8261,10.8261,10.6227,10.6914,0,0
KPL_PE,D,20160412,000000,10.6227,10.6914,10.6227,10.6227,0,0
KPL_PE,D,20160413,000000,10.8261,10.8261,10.6227,10.6914,0,0
KPL_PE,D,20160414,000000,10.6914,10.6914,10.6914,10.6914,0,0
KPL_PE,D,20160415,000000,10.7593,11.1001,10.7593,11.0314,0,0
KPL_PE,D,20160418,000000,11.167,11.167,11.1001,11.1001,0,0
KPL_PE,D,20160419,000000,11.1001,11.1001,11.1001,11.1001,0,0
KPL_PE,D,20160420,000000,11.1001,11.1001,10.8948,11.1001,0,0
KPL_PE,D,20160421,000000,11.1001,11.1001,10.8948,11.0314,0,0
KPL_PE,D,20160422,000000,11.0314,11.0314,10.8261,10.9627,0,0
KPL_PE,D,20160425,000000,10.9627,11.3027,10.9627,11.3027,0,0
KPL_PE,D,20160426,000000,11.3714,11.3714,11.167,11.3714,0,0
KPL_PE,D,20160427,000000,11.3027,11.6435,11.3027,11.4401,0,0
KPL_PE,D,20160428,000000,11.4401,11.5757,11.1001,11.5757,0,0
KPL_PE,D,20160429,000000,11.5079,11.5079,11.1001,11.5079,0,0
KPL_PE,D,20160502,000000,11.5079,11.5079,11.5079,11.5079,0,0
KPL_PE,D,20160504,000000,11.3714,11.5079,11.167,11.167,0,0
KPL_PE,D,20160505,000000,11.167,11.5079,11.167,11.5079,0,0
KPL_PE,D,20160506,000000,11.5079,11.5079,11.2358,11.2358,0,0
KPL_PE,D,20160509,000000,11.4401,11.5079,11.2358,11.5079,0,0
KPL_PE,D,20160510,000000,11.5079,11.5079,11.2358,11.2358,0,0
KPL_PE,D,20160511,000000,11.2358,11.3714,11.2358,11.3027,0,0
KPL_PE,D,20160512,000000,11.3027,11.3027,11.2358,11.2358,0,0
KPL_PE,D,20160513,000000,11.2358,11.2358,10.8948,10.9627,0,0
KPL_PE,D,20160516,000000,10.9627,10.9627,10.7593,10.8261,0,0
KPL_PE,D,20160517,000000,11.3714,11.3714,11.1001,11.2358,0,0
KPL_PE,D,20160518,000000,11.3027,11.3714,11.3027,11.3714,0,0
KPL_PE,D,20160519,000000,11.1001,11.1001,11.1001,11.1001,0,0
KPL_PE,D,20160520,000000,11.1001,11.1001,10.9627,10.9627,0,0
KPL_PE,D,20160523,000000,11.1001,11.3027,11.1001,11.2358,0,0
KPL_PE,D,20160524,000000,11.1001,11.3027,10.8261,10.8261,0,0
KPL_PE,D,20160525,000000,10.8261,10.8261,10.7593,10.7593,0,0
KPL_PE,D,20160527,000000,10.6914,10.8261,10.5549,10.7593,0,0
KPL_PE,D,20160530,000000,10.7593,10.8261,10.7593,10.7593,0,0
KPL_PE,D,20160531,000000,10.8261,10.8261,10.7593,10.7593,0,0
KPL_PE,D,20160601,000000,10.7593,10.7593,10.6914,10.6914,0,0
KPL_PE,D,20160602,000000,10.6914,10.8261,10.6227,10.6914,0,0
KPL_PE,D,20160603,000000,10.8844,10.9574,10.2959,10.8844,0,0
KPL_PE,D,20160606,000000,10.9574,10.9574,10.8844,10.8844,0,0
KPL_PE,D,20160607,000000,10.5906,10.5906,10.5906,10.5906,0,0
KPL_PE,D,20160608,000000,10.6644,10.6644,10.5166,10.6644,0,0
KPL_PE,D,20160609,000000,10.6644,10.6644,10.6644,10.6644,0,0
KPL_PE,D,20160610,000000,10.5906,10.5906,10.2959,10.3697,0,0
KPL_PE,D,20160613,000000,10.3697,10.5166,10.2959,10.2959,0,0
KPL_PE,D,20160614,000000,10.2959,10.5166,10.2959,10.2959,0,0
KPL_PE,D,20160615,000000,10.4418,10.4418,10.2959,10.2959,0,0
KPL_PE,D,20160616,000000,10.2959,10.4418,10.2218,10.2218,0,0
KPL_PE,D,20160617,000000,10.2218,10.2959,10.2218,10.2959,0,0
KPL_PE,D,20160620,000000,10.5166,10.5166,10.2959,10.2959,0,0
KPL_PE,D,20160621,000000,10.5166,10.5166,10.2959,10.3697,0,0
KPL_PE,D,20160622,000000,10.3697,10.3697,10.2218,10.2959,0,0
KPL_PE,D,20160623,000000,10.2218,10.2218,10.0757,10.0757,0,0
KPL_PE,D,20160624,000000,9.708,9.708,9.708,9.708,0,0
KPL_PE,D,20160627,000000,9.708,9.708,9.48621,9.48621,0,0
KPL_PE,D,20160628,000000,9.41322,9.48621,9.34014,9.34014,0,0
KPL_PE,D,20160629,000000,9.48621,9.48621,9.48621,9.48621,0,0
KPL_PE,D,20160630,000000,9.56023,9.56023,9.48621,9.48621,0,0
KPL_PE,D,20160701,000000,9.48621,9.48621,9.41322,9.41322,0,0
KPL_PE,D,20160704,000000,9.63499,9.63499,9.63499,9.63499,0,0
KPL_PE,D,20160705,000000,9.63499,9.63499,9.41322,9.63499,0,0
KPL_PE,D,20160706,000000,9.63499,9.63499,9.56023,9.56023,0,0
KPL_PE,D,20160707,000000,9.48621,9.56023,9.48621,9.56023,0,0
KPL_PE,D,20160708,000000,9.56023,9.56023,9.41322,9.48621,0,0
KPL_PE,D,20160711,000000,9.63499,10.0757,9.63499,10.0757,0,0
KPL_PE,D,20160712,000000,10.0757,10.1497,9.92794,9.92794,0,0
KPL_PE,D,20160713,000000,10.0757,10.1497,10.0757,10.1497,0,0
KPL_PE,D,20160714,000000,10.1497,10.1497,10.1497,10.1497,0,0
KPL_PE,D,20160715,000000,10.1497,10.1497,10.001,10.0757,0,0
KPL_PE,D,20160718,000000,10.0757,10.0757,10.0757,10.0757,0,0
KPL_PE,D,20160719,000000,10.1497,10.1497,10.1497,10.1497,0,0
KPL_PE,D,20160720,000000,10.2218,10.4418,10.2218,10.2959,0,0
KPL_PE,D,20160721,000000,10.2218,10.2959,10.2218,10.2959,0,0
KPL_PE,D,20160722,000000,10.3697,10.3697,10.2959,10.2959,0,0
KPL_PE,D,20160725,000000,10.5906,10.5906,10.2959,10.2959,0,0
KPL_PE,D,20160726,000000,10.3697,10.3697,10.3697,10.3697,0,0
KPL_PE,D,20160727,000000,10.5906,10.5906,10.5906,10.5906,0,0
KPL_PE,D,20160728,000000,10.6644,10.6644,10.6644,10.6644,0,0
KPL_PE,D,20160801,000000,10.6644,10.6644,10.6644,10.6644,0,0
KPL_PE,D,20160802,000000,10.2959,10.5906,10.2218,10.5906,0,0
KPL_PE,D,20160803,000000,10.5906,10.5906,10.5906,10.5906,0,0
KPL_PE,D,20160804,000000,10.2218,10.2959,10.2218,10.2959,0,0
KPL_PE,D,20160805,000000,10.2959,10.5906,10.2959,10.5906,0,0
KPL_PE,D,20160808,000000,10.5906,10.5906,10.5906,10.5906,0,0
KPL_PE,D,20160810,000000,10.5906,10.5906,10.3697,10.3697,0,0
KPL_PE,D,20160811,000000,10.5906,10.5906,10.5906,10.5906,0,0
KPL_PE,D,20160812,000000,10.5906,10.5906,10.3697,10.3697,0,0
KPL_PE,D,20160816,000000,10.3697,10.3697,10.1497,10.3697,0,0
KPL_PE,D,20160817,000000,10.4418,10.6644,10.4418,10.6644,0,0
KPL_PE,D,20160818,000000,10.6644,10.7365,10.5166,10.7365,0,0
KPL_PE,D,20160819,000000,10.7365,10.7365,10.5906,10.5906,0,0
KPL_PE,D,20160822,000000,10.8105,10.8105,10.8105,10.8105,0,0
KPL_PE,D,20160823,000000,10.5906,10.5906,10.5906,10.5906,0,0
KPL_PE,D,20160824,000000,10.5906,10.5906,10.5906,10.5906,0,0
KPL_PE,D,20160825,000000,10.9574,11.0314,10.5906,10.6644,0,0
KPL_PE,D,20160826,000000,10.5906,11.1052,10.5166,11.1052,0,0
KPL_PE,D,20160829,000000,11.1784,11.5461,11.1784,11.5461,0,0
KPL_PE,D,20160830,000000,11.3992,11.3992,11.0314,11.1052,0,0
KPL_PE,D,20160831,000000,11.1052,11.1784,11.1052,11.1784,0,0
KPL_PE,D,20160901,000000,11.3253,11.3253,11.0314,11.0314,0,0
KPL_PE,D,20160902,000000,11.3253,11.3253,11.0314,11.3253,0,0
KPL_PE,D,20160905,000000,11.3253,11.62,11.3253,11.62,0,0
KPL_PE,D,20160906,000000,11.62,11.7661,11.62,11.62,0,0
KPL_PE,D,20160907,000000,11.7661,11.7661,11.693,11.7661,0,0
KPL_PE,D,20160908,000000,11.7661,11.9139,11.7661,11.8409,0,0
KPL_PE,D,20160909,000000,11.8409,11.9139,11.693,11.693,0,0
KPL_PE,D,20160912,000000,11.693,11.693,11.5461,11.5461,0,0
KPL_PE,D,20160913,000000,11.62,11.7661,11.62,11.693,0,0
KPL_PE,D,20160914,000000,11.693,11.9139,11.693,11.8409,0,0
KPL_PE,D,20160915,000000,11.8409,11.9139,11.8409,11.9139,0,0
KPL_PE,D,20160916,000000,11.987,11.987,11.8409,11.9139,0,0
KPL_PE,D,20160919,000000,11.9139,11.9139,11.7661,11.9139,0,0
KPL_PE,D,20160920,000000,11.8409,12.2087,11.8409,12.2087,0,0
KPL_PE,D,20160921,000000,12.2087,12.2087,12.0608,12.2087,0,0
KPL_PE,D,20160922,000000,12.134,12.2087,11.987,12.2087,0,0
KPL_PE,D,20160923,000000,12.2087,12.2087,11.987,12.0608,0,0
KPL_PE,D,20160926,000000,12.0608,12.0608,11.9139,12.0608,0,0
KPL_PE,D,20160927,000000,12.0608,12.0608,12.0608,12.0608,0,0
KPL_PE,D,20160928,000000,12.2087,12.2087,12.134,12.134,0,0
KPL_PE,D,20160929,000000,11.8409,12.134,11.8409,12.134,0,0
KPL_PE,D,20160930,000000,12.0608,12.134,11.693,12.134,0,0
KPL_PE,D,20161003,000000,12.134,12.134,12.134,12.134,0,0
KPL_PE,D,20161004,000000,12.134,12.134,12.134,12.134,0,0
KPL_PE,D,20161005,000000,12.0608,12.0608,11.693,12.0608,0,0
KPL_PE,D,20161006,000000,11.987,11.987,11.7661,11.8409,0,0
KPL_PE,D,20161007,000000,11.8409,11.8409,11.5461,11.62,0,0
KPL_PE,D,20161010,000000,11.9139,11.9139,11.693,11.7661,0,0
KPL_PE,D,20161011,000000,11.8409,11.8409,11.3992,11.3992,0,0
KPL_PE,D,20161012,000000,11.3992,11.3992,11.3253,11.3992,0,0
KPL_PE,D,20161013,000000,11.4722,11.4722,11.3253,11.3992,0,0
KPL_PE,D,20161014,000000,11.3992,11.3992,11.3992,11.3992,0,0
KPL_PE,D,20161017,000000,11.3992,11.3992,11.3253,11.3992,0,0
KPL_PE,D,20161018,000000,11.3992,11.4722,11.3253,11.4722,0,0
KPL_PE,D,20161019,000000,11.4722,11.5461,11.4722,11.4722,0,0
KPL_PE,D,20161020,000000,11.4722,11.62,11.4722,11.62,0,0
KPL_PE,D,20161021,000000,11.62,11.7661,11.4722,11.7661,0,0
KPL_PE,D,20161024,000000,11.7661,11.9139,11.62,11.693,0,0
KPL_PE,D,20161025,000000,11.7661,11.7661,11.7661,11.7661,0,0
KPL_PE,D,20161026,000000,11.7661,11.7661,11.7661,11.7661,0,0
KPL_PE,D,20161027,000000,11.7661,11.9139,11.7661,11.7661,0,0
KPL_PE,D,20161028,000000,11.7661,11.7661,11.693,11.7661,0,0
KPL_PE,D,20161031,000000,11.7661,11.7661,11.7661,11.7661,0,0
KPL_PE,D,20161102,000000,11.7661,11.7661,11.7661,11.7661,0,0
KPL_PE,D,20161103,000000,11.7661,11.7661,11.5461,11.5461,0,0
KPL_PE,D,20161104,000000,11.693,11.693,11.693,11.693,0,0
KPL_PE,D,20161107,000000,11.7661,11.7661,11.693,11.693,0,0
KPL_PE,D,20161108,000000,11.693,11.693,11.693,11.693,0,0
KPL_PE,D,20161109,000000,11.693,11.693,11.693,11.693,0,0
KPL_PE,D,20161110,000000,11.693,11.693,11.693,11.693,0,0
KPL_PE,D,20161114,000000,11.693,11.693,11.1784,11.1784,0,0
KPL_PE,D,20161115,000000,11.1052,11.1052,10.8844,10.9574,0,0
KPL_PE,D,20161116,000000,10.9574,11.1784,10.6644,10.8844,0,0
KPL_PE,D,20161117,000000,10.8844,11.8409,10.8844,11.8409,0,0
KPL_PE,D,20161118,000000,12.0608,12.0608,12.0608,12.0608,0,0
KPL_PE,D,20161121,000000,11.7661,12.134,11.7661,12.134,0,0
KPL_PE,D,20161123,000000,11.7661,11.7661,11.7661,11.7661,0,0
KPL_PE,D,20161124,000000,11.7661,11.7661,11.693,11.693,0,0
KPL_PE,D,20161125,000000,11.693,11.693,11.693,11.693,0,0
KPL_PE,D,20161128,000000,11.693,11.693,11.693,11.693,0,0
KPL_PE,D,20161130,000000,11.7661,11.7661,11.7661,11.7661,0,0
KPL_PE,D,20161201,000000,11.7661,11.8409,11.7661,11.8409,0,0
KPL_PE,D,20161202,000000,11.987,11.987,11.987,11.987,0,0
KPL_PE,D,20161205,000000,11.987,11.987,11.62,11.8409,0,0
KPL_PE,D,20161206,000000,11.7661,11.8409,11.7661,11.8409,0,0
KPL_PE,D,20161207,000000,11.7661,11.7661,11.693,11.693,0,0
KPL_PE,D,20161208,000000,11.8409,11.8409,11.8409,11.8409,0,0
KPL_PE,D,20161209,000000,11.7661,11.8409,11.693,11.8409,0,0
KPL_PE,D,20161212,000000,11.8409,11.987,11.7661,11.8409,0,0
KPL_PE,D,20161213,000000,11.8409,11.8409,11.1052,11.4722,0,0
KPL_PE,D,20161214,000000,11.693,11.693,11.3992,11.3992,0,0
KPL_PE,D,20161215,000000,11.693,11.693,11.3253,11.3253,0,0
KPL_PE,D,20161216,000000,11.3992,11.3992,11.3992,11.3992,0,0
KPL_PE,D,20161219,000000,11.3992,11.3992,11.3992,11.3992,0,0
KPL_PE,D,20161220,000000,11.3992,11.3992,11.1784,11.3992,0,0
KPL_PE,D,20161221,000000,11.3992,11.3992,11.1784,11.3992,0,0
KPL_PE,D,20161222,000000,11.3253,11.3253,11.2514,11.3253,0,0
KPL_PE,D,20161223,000000,11.3992,11.3992,11.3253,11.3253,0,0
KPL_PE,D,20161227,000000,11.1784,11.2514,11.1052,11.2514,0,0
KPL_PE,D,20161228,000000,11.2514,11.2514,11.1052,11.2514,0,0
KPL_PE,D,20161229,000000,11.3992,11.5461,11.3253,11.3992,0,0
KPL_PE,D,20161230,000000,11.3253,11.693,11.3253,11.62,0,0
KPL_PE,D,20170102,000000,11.9139,11.9139,11.1784,11.1784,0,0
KPL_PE,D,20170103,000000,11.5461,11.5461,11.4722,11.4722,0,0
KPL_PE,D,20170104,000000,11.3992,11.3992,11.2514,11.2514,0,0
KPL_PE,D,20170105,000000,11.2514,11.3253,11.1784,11.3253,0,0
KPL_PE,D,20170109,000000,11.1784,11.3253,11.1784,11.3253,0,0
KPL_PE,D,20170110,000000,11.2514,11.2514,11.0314,11.1052,0,0
KPL_PE,D,20170111,000000,11.1052,11.1052,11.0314,11.0314,0,0
KPL_PE,D,20170112,000000,11.2514,11.3992,11.1052,11.3992,0,0
KPL_PE,D,20170113,000000,11.4722,11.4722,11.3253,11.3253,0,0
KPL_PE,D,20170116,000000,11.5461,11.7661,11.5461,11.5461,0,0
KPL_PE,D,20170117,000000,11.7661,11.7661,11.7661,11.7661,0,0
KPL_PE,D,20170118,000000,11.7661,11.7661,11.7661,11.7661,0,0
KPL_PE,D,20170119,000000,11.8409,11.8409,11.8409,11.8409,0,0
KPL_PE,D,20170120,000000,11.5461,11.7661,11.1784,11.3992,0,0
KPL_PE,D,20170123,000000,11.1784,11.3992,10.9574,11.3992,0,0
KPL_PE,D,20170124,000000,11.3253,11.3992,11.3253,11.3992,0,0
KPL_PE,D,20170125,000000,11.3253,11.4722,11.2514,11.3253,0,0
KPL_PE,D,20170126,000000,11.3253,11.3253,11.2514,11.2514,0,0
KPL_PE,D,20170127,000000,11.3253,11.3992,11.3253,11.3992,0,0
KPL_PE,D,20170130,000000,11.3992,11.3992,11.3253,11.3253,0,0
KPL_PE,D,20170131,000000,11.3992,11.3992,11.3253,11.3253,0,0
KPL_PE,D,20170201,000000,11.2514,11.2514,11.2514,11.2514,0,0
KPL_PE,D,20170202,000000,11.2514,11.3253,11.2514,11.2514,0,0
KPL_PE,D,20170203,000000,11.3253,11.3253,11.2514,11.2514,0,0
KPL_PE,D,20170206,000000,11.2514,11.2514,11.2514,11.2514,0,0
KPL_PE,D,20170207,000000,11.2514,11.2514,11.2514,11.2514,0,0
KPL_PE,D,20170208,000000,11.2514,11.2514,11.2514,11.2514,0,0
KPL_PE,D,20170209,000000,11.2514,11.2514,11.2514,11.2514,0,0
KPL_PE,D,20170210,000000,11.2514,11.3253,11.2514,11.3253,0,0
KPL_PE,D,20170213,000000,11.3253,11.3253,11.1784,11.2514,0,0
KPL_PE,D,20170214,000000,11.2514,11.4722,10.7365,11.4722,0,0
KPL_PE,D,20170215,000000,11.4722,11.7661,11.4722,11.62,0,0
KPL_PE,D,20170216,000000,11.62,11.987,11.62,11.987,0,0
KPL_PE,D,20170217,000000,12.2087,12.4286,12.2087,12.2087,0,0
KPL_PE,D,20170220,000000,12.5017,12.5017,12.3548,12.3548,0,0
KPL_PE,D,20170221,000000,12.4286,12.5756,12.4286,12.5756,0,0
KPL_PE,D,20170222,000000,12.5756,12.6495,12.5017,12.5756,0,0
KPL_PE,D,20170223,000000,12.5017,12.6495,12.5017,12.6495,0,0
KPL_PE,D,20170224,000000,12.5756,12.6495,12.5756,12.5756,0,0
KPL_PE,D,20170227,000000,12.3548,12.3548,12.3548,12.3548,0,0
KPL_PE,D,20170301,000000,12.5756,12.5756,12.5756,12.5756,0,0
KPL_PE,D,20170302,000000,12.4286,12.5756,12.4286,12.4286,0,0
KPL_PE,D,20170303,000000,12.2816,12.3548,12.2087,12.2087,0,0
KPL_PE,D,20170306,000000,12.3548,12.3548,12.134,12.134,0,0
KPL_PE,D,20170307,000000,11.987,12.2087,11.987,11.987,0,0
KPL_PE,D,20170308,000000,11.987,12.3548,11.987,12.3548,0,0
KPL_PE,D,20170309,000000,12.3548,12.5017,12.2816,12.3548,0,0
KPL_PE,D,20170310,000000,12.5756,12.7234,12.5756,12.7234,0,0
KPL_PE,D,20170313,000000,12.7234,12.9434,12.7234,12.9434,0,0
KPL_PE,D,20170314,000000,13.0164,13.2382,12.8695,13.1642,0,0
KPL_PE,D,20170315,000000,13.2382,13.4582,13.2382,13.4582,0,0
KPL_PE,D,20170316,000000,13.5321,13.5321,13.1642,13.1642,0,0
KPL_PE,D,20170317,000000,13.4582,13.4582,12.7234,12.7234,0,0
KPL_PE,D,20170320,000000,12.5756,13.1642,12.5756,13.1642,0,0
KPL_PE,D,20170321,000000,13.1642,13.1642,12.8695,13.0903,0,0
KPL_PE,D,20170322,000000,13.0903,13.0903,12.8695,12.8695,0,0
KPL_PE,D,20170323,000000,13.0903,13.0903,13.0903,13.0903,0,0
KPL_PE,D,20170324,000000,13.0903,13.0903,12.7234,12.7234,0,0
KPL_PE,D,20170327,000000,13.0903,13.0903,12.6495,12.6495,0,0
KPL_PE,D,20170328,000000,12.5017,12.6495,12.3548,12.3548,0,0
KPL_PE,D,20170329,000000,12.2087,12.4286,12.134,12.3548,0,0
KPL_PE,D,20170330,000000,12.3548,12.5017,12.2816,12.5017,0,0
KPL_PE,D,20170331,000000,12.3548,12.7964,12.3548,12.5756,0,0
KPL_PE,D,20170403,000000,12.8695,12.8695,12.6495,12.6495,0,0
KPL_PE,D,20170404,000000,12.8695,12.9434,12.5756,12.5756,0,0
KPL_PE,D,20170405,000000,12.134,12.3548,12.134,12.2816,0,0
KPL_PE,D,20170406,000000,12.5756,12.5756,12.5017,12.5017,0,0
KPL_PE,D,20170410,000000,12.4286,12.6495,12.4286,12.6495,0,0
KPL_PE,D,20170411,000000,12.8695,12.8695,12.7234,12.7234,0,0
KPL_PE,D,20170412,000000,12.7964,12.8695,12.6495,12.7234,0,0
KPL_PE,D,20170413,000000,12.7234,12.7234,12.4286,12.7234,0,0
KPL_PE,D,20170418,000000,12.7234,12.7234,12.5756,12.5756,0,0
KPL_PE,D,20170419,000000,12.5756,12.7234,12.4286,12.7234,0,0
KPL_PE,D,20170420,000000,12.6495,12.6495,12.6495,12.6495,0,0
KPL_PE,D,20170421,000000,12.6495,12.6495,12.4286,12.4286,0,0
KPL_PE,D,20170424,000000,12.6495,12.6495,12.4286,12.4286,0,0
KPL_PE,D,20170425,000000,12.4286,12.5017,12.2816,12.5017,0,0
KPL_PE,D,20170426,000000,12.5017,12.5017,12.2816,12.4286,0,0
KPL_PE,D,20170427,000000,12.4286,12.5017,12.4286,12.5017,0,0
KPL_PE,D,20170428,000000,12.5017,12.5017,12.4286,12.5017,0,0
KPL_PE,D,20170502,000000,12.5017,12.5756,12.5017,12.5756,0,0
KPL_PE,D,20170504,000000,12.5756,12.7234,12.5756,12.7234,0,0
KPL_PE,D,20170505,000000,12.7234,12.7234,12.7234,12.7234,0,0
KPL_PE,D,20170508,000000,12.6495,12.6495,12.3548,12.3548,0,0
KPL_PE,D,20170509,000000,12.4286,12.5756,11.9139,11.9139,0,0
KPL_PE,D,20170510,000000,11.8409,12.2087,11.8409,12.2087,0,0
KPL_PE,D,20170511,000000,12.2816,12.2816,12.2816,12.2816,0,0
KPL_PE,D,20170512,000000,12.134,15.0754,12.134,15.0754,0,0
KPL_PE,D,20170515,000000,15.2971,15.2971,15.2971,15.2971,0,0
KPL_PE,D,20170516,000000,15.2971,15.2971,15.0754,15.2232,0,0
KPL_PE,D,20170517,000000,15.0754,15.0754,15.0754,15.0754,0,0
KPL_PE,D,20170518,000000,14.9294,14.9294,14.9294,14.9294,0,0
KPL_PE,D,20170519,000000,14.9294,14.9294,14.8554,14.8554,0,0
KPL_PE,D,20170522,000000,14.8554,15.2971,14.8554,15.2971,0,0
KPL_PE,D,20170523,000000,15.3702,15.3702,15.0754,15.0754,0,0
KPL_PE,D,20170524,000000,15.3702,15.3702,15.3702,15.3702,0,0
KPL_PE,D,20170525,000000,15.3702,15.3702,15.0024,15.0024,0,0
KPL_PE,D,20170526,000000,15.0754,15.3702,15.0754,15.3702,0,0
KPL_PE,D,20170529,000000,15.3702,15.5901,15.3702,15.5901,0,0
KPL_PE,D,20170530,000000,15.5901,15.5901,15.3702,15.3702,0,0
KPL_PE,D,20170531,000000,15.5901,15.5901,15.2232,15.5172,0,0
KPL_PE,D,20170601,000000,15.444,15.444,15.3702,15.3702,0,0
KPL_PE,D,20170602,000000,15.444,15.5901,15.444,15.5901,0,0
KPL_PE,D,20170605,000000,15.3702,15.444,15.3702,15.444,0,0
KPL_PE,D,20170606,000000,15.5172,15.5172,15.5172,15.5172,0,0
KPL_PE,D,20170607,000000,15.5172,15.5172,15.3702,15.3702,0,0
KPL_PE,D,20170608,000000,15.3702,15.3702,15.3702,15.3702,0,0
KPL_PE,D,20170609,000000,15.3702,15.5901,15.3702,15.5901,0,0
KPL_PE,D,20170612,000000,15.738,15.738,15.444,15.738,0,0
KPL_PE,D,20170613,000000,15.5172,15.5172,15.5172,15.5172,0,0
KPL_PE,D,20170614,000000,15.665,15.665,15.3702,15.3702,0,0
KPL_PE,D,20170616,000000,15.3702,15.3702,15.3702,15.3702,0,0
KPL_PE,D,20170619,000000,15.444,15.444,15.2232,15.2971,0,0
KPL_PE,D,20170620,000000,15.5901,15.5901,15.5172,15.5172,0,0
KPL_PE,D,20170621,000000,15.5172,15.5172,15.2232,15.2971,0,0
KPL_PE,D,20170622,000000,15.2971,15.5172,15.2971,15.2971,0,0
KPL_PE,D,20170623,000000,15.2971,15.2971,15.2232,15.2232,0,0
KPL_PE,D,20170626,000000,15.2232,15.2232,15.2232,15.2232,0,0
KPL_PE,D,20170627,000000,15.2232,15.2232,15.1493,15.1493,0,0
KPL_PE,D,20170628,000000,15.1493,15.1493,15.1493,15.1493,0,0
KPL_PE,D,20170629,000000,15.1493,15.1493,14.9294,15.0754,0,0
KPL_PE,D,20170630,000000,15.2232,15.2232,15.1493,15.1493,0,0
KPL_PE,D,20170703,000000,15.4868,15.4868,15.1641,15.4067,0,0
KPL_PE,D,20170704,000000,15.4067,15.4067,15.3258,15.3258,0,0
KPL_PE,D,20170705,000000,15.3258,15.3258,15.0032,15.0032,0,0
KPL_PE,D,20170706,000000,15.0032,15.0032,14.8415,14.8415,0,0
KPL_PE,D,20170707,000000,14.9223,14.9223,14.3581,14.3581,0,0
KPL_PE,D,20170710,000000,14.3581,14.3581,14.2772,14.2772,0,0
KPL_PE,D,20170711,000000,14.2772,14.3581,14.1972,14.1972,0,0
KPL_PE,D,20170712,000000,14.3581,14.3581,14.0355,14.3581,0,0
KPL_PE,D,20170713,000000,14.4389,14.4389,14.1972,14.1972,0,0
KPL_PE,D,20170714,000000,14.1155,14.1155,14.1155,14.1155,0,0
KPL_PE,D,20170717,000000,14.1972,14.3581,14.1972,14.1972,0,0
KPL_PE,D,20170718,000000,14.5198,14.5198,14.1972,14.3581,0,0
KPL_PE,D,20170719,000000,14.3581,14.3581,14.3581,14.3581,0,0
KPL_PE,D,20170720,000000,14.6807,14.6807,14.3581,14.3581,0,0
KPL_PE,D,20170721,000000,14.3581,14.3581,14.3581,14.3581,0,0
KPL_PE,D,20170724,000000,14.5998,14.5998,14.2772,14.2772,0,0
KPL_PE,D,20170725,000000,14.4389,14.5198,14.2772,14.3581,0,0
KPL_PE,D,20170726,000000,14.3581,14.3581,14.2772,14.2772,0,0
KPL_PE,D,20170727,000000,14.2772,14.3581,14.2772,14.3581,0,0
KPL_PE,D,20170728,000000,14.3581,14.3581,14.2772,14.2772,0,0
KPL_PE,D,20170731,000000,14.2772,14.2772,14.1972,14.2772,0,0
KPL_PE,D,20170801,000000,14.2772,14.2772,14.2772,14.2772,0,0
KPL_PE,D,20170802,000000,14.6807,14.6807,14.1972,14.2772,0,0
KPL_PE,D,20170803,000000,14.6807,14.6807,14.1972,14.1972,0,0
KPL_PE,D,20170804,000000,14.5198,14.5198,14.5198,14.5198,0,0
KPL_PE,D,20170807,000000,14.6807,14.6807,14.6807,14.6807,0,0
KPL_PE,D,20170808,000000,14.6807,14.6807,14.2772,14.2772,0,0
KPL_PE,D,20170809,000000,14.2772,14.2772,14.1972,14.1972,0,0
KPL_PE,D,20170810,000000,14.1972,14.5998,14.1972,14.2772,0,0
KPL_PE,D,20170811,000000,14.1972,14.2772,14.1155,14.2772,0,0
KPL_PE,D,20170816,000000,14.1155,14.1155,14.0355,14.0355,0,0
KPL_PE,D,20170817,000000,14.0355,14.0355,14.0355,14.0355,0,0
KPL_PE,D,20170818,000000,14.0355,14.0355,13.7929,13.7929,0,0
KPL_PE,D,20170821,000000,13.9547,13.9547,13.5512,13.5512,0,0
KPL_PE,D,20170822,000000,13.7929,13.7929,13.5512,13.5512,0,0
KPL_PE,D,20170823,000000,13.632,13.7929,13.632,13.632,0,0
KPL_PE,D,20170824,000000,13.632,13.8737,13.632,13.8737,0,0
KPL_PE,D,20170825,000000,13.632,13.9547,13.4703,13.632,0,0
KPL_PE,D,20170828,000000,13.7929,14.4389,13.7929,14.0355,0,0
KPL_PE,D,20170829,000000,14.0355,14.0355,13.9547,13.9547,0,0
KPL_PE,D,20170830,000000,14.2772,14.2772,14.1972,14.1972,0,0
KPL_PE,D,20170831,000000,13.7929,13.9547,13.7929,13.9547,0,0
KPL_PE,D,20170901,000000,13.9547,13.9547,13.7929,13.7929,0,0
KPL_PE,D,20170904,000000,13.8737,13.8737,13.7929,13.7929,0,0
KPL_PE,D,20170905,000000,13.9547,13.9547,13.7929,13.7929,0,0
KPL_PE,D,20170906,000000,13.7929,13.9547,13.7929,13.9547,0,0
KPL_PE,D,20170907,000000,13.9547,14.0355,13.9547,14.0355,0,0
KPL_PE,D,20170908,000000,13.9547,13.9547,13.9547,13.9547,0,0
KPL_PE,D,20170911,000000,14.1155,14.1972,14.1155,14.1972,0,0
KPL_PE,D,20170913,000000,14.0355,14.1155,14.0355,14.1155,0,0
KPL_PE,D,20170914,000000,14.0355,14.0355,14.0355,14.0355,0,0
KPL_PE,D,20170915,000000,14.0355,14.0355,13.7929,13.7929,0,0
KPL_PE,D,20170918,000000,14.4389,14.4389,13.8737,13.9547,0,0
KPL_PE,D,20170919,000000,14.4389,14.4389,14.4389,14.4389,0,0
KPL_PE,D,20170920,000000,14.4389,14.4389,14.0355,14.3581,0,0
KPL_PE,D,20170921,000000,14.1155,14.1155,13.9547,13.9547,0,0
KPL_PE,D,20170922,000000,13.9547,13.9547,13.9547,13.9547,0,0
KPL_PE,D,20170925,000000,13.8737,13.8737,13.7929,13.7929,0,0
KPL_PE,D,20170926,000000,13.7929,14.0355,13.7929,13.9547,0,0
KPL_PE,D,20170927,000000,13.8737,14.0355,13.8737,13.9547,0,0
KPL_PE,D,20170928,000000,13.9547,13.9547,13.9547,13.9547,0,0
KPL_PE,D,20170929,000000,13.9547,13.9547,13.9547,13.9547,0,0
KPL_PE,D,20171002,000000,13.8737,13.8737,13.8737,13.8737,0,0
KPL_PE,D,20171003,000000,13.8737,13.8737,13.7929,13.8737,0,0
KPL_PE,D,20171004,000000,13.8737,14.1155,13.8737,14.1155,0,0
KPL_PE,D,20171005,000000,13.8737,14.1972,13.8737,14.1972,0,0
KPL_PE,D,20171006,000000,14.1155,14.1155,14.1155,14.1155,0,0
KPL_PE,D,20171009,000000,13.8737,14.0355,13.7929,13.7929,0,0
KPL_PE,D,20171010,000000,13.7929,13.7929,13.632,13.632,0,0
KPL_PE,D,20171011,000000,13.7128,13.7128,13.7128,13.7128,0,0
KPL_PE,D,20171012,000000,13.8737,13.8737,13.8737,13.8737,0,0
KPL_PE,D,20171013,000000,13.7929,13.7929,13.632,13.632,0,0
KPL_PE,D,20171016,000000,13.5512,13.632,13.5512,13.632,0,0
KPL_PE,D,20171018,000000,13.632,13.7929,13.632,13.632,0,0
KPL_PE,D,20171019,000000,13.7128,13.7128,13.4703,13.7128,0,0
KPL_PE,D,20171020,000000,14.0355,14.0355,13.9547,13.9547,0,0
KPL_PE,D,20171023,000000,14.0355,14.0355,13.4703,13.4703,0,0
KPL_PE,D,20171024,000000,14.0355,14.0355,13.4703,13.4703,0,0
KPL_PE,D,20171025,000000,13.3903,13.4703,13.3903,13.4703,0,0
KPL_PE,D,20171026,000000,13.7929,13.7929,13.7929,13.7929,0,0
KPL_PE,D,20171027,000000,13.7128,13.7929,13.7128,13.7128,0,0
KPL_PE,D,20171030,000000,13.7929,13.7929,13.7128,13.7929,0,0
KPL_PE,D,20171031,000000,13.7128,13.7929,13.7128,13.7128,0,0
KPL_PE,D,20171102,000000,13.7128,13.8737,13.7128,13.8737,0,0
KPL_PE,D,20171103,000000,13.8737,13.8737,13.632,13.632,0,0
KPL_PE,D,20171106,000000,13.632,13.632,13.632,13.632,0,0
KPL_PE,D,20171107,000000,13.8737,13.8737,13.7929,13.7929,0,0
KPL_PE,D,20171108,000000,13.7929,13.7929,13.5512,13.5512,0,0
KPL_PE,D,20171109,000000,13.9547,13.9547,13.5512,13.8737,0,0
KPL_PE,D,20171110,000000,13.8737,13.8737,13.0668,13.0668,0,0
KPL_PE,D,20171113,000000,13.0668,13.1487,12.5834,13.1487,0,0
KPL_PE,D,20171114,000000,13.2286,13.2286,13.1487,13.1487,0,0
KPL_PE,D,20171115,000000,13.1487,13.1487,13.1487,13.1487,0,0
KPL_PE,D,20171116,000000,13.1487,13.1487,13.1487,13.1487,0,0
KPL_PE,D,20171117,000000,13.1487,13.1487,12.6643,13.0668,0,0
KPL_PE,D,20171120,000000,12.9868,13.0668,12.7443,12.826,0,0
KPL_PE,D,20171121,000000,13.0668,13.0668,12.7443,12.826,0,0
KPL_PE,D,20171122,000000,12.826,12.9868,12.826,12.826,0,0
KPL_PE,D,20171123,000000,12.826,12.826,12.826,12.826,0,0
KPL_PE,D,20171124,000000,12.9061,12.9061,12.826,12.826,0,0
KPL_PE,D,20171127,000000,12.9868,13.0668,12.6643,12.6643,0,0
KPL_PE,D,20171128,000000,12.7443,13.0668,12.7443,12.826,0,0
KPL_PE,D,20171129,000000,13.0668,13.5512,12.9868,13.5512,0,0
KPL_PE,D,20171130,000000,13.5512,14.3581,13.5512,14.0355,0,0
KPL_PE,D,20171201,000000,13.8737,13.9547,13.7929,13.9547,0,0
KPL_PE,D,20171204,000000,13.632,13.7929,13.3903,13.7128,0,0
KPL_PE,D,20171205,000000,13.3094,13.3903,13.3094,13.3903,0,0
KPL_PE,D,20171206,000000,13.3094,13.9547,13.3094,13.9547,0,0
KPL_PE,D,20171207,000000,13.9547,13.9547,13.9547,13.9547,0,0
KPL_PE,D,20171208,000000,13.7128,13.9547,13.7128,13.7128,0,0
KPL_PE,D,20171211,000000,13.7929,13.7929,13.7128,13.7128,0,0
KPL_PE,D,20171212,000000,13.7128,13.7128,13.7128,13.7128,0,0
KPL_PE,D,20171213,000000,13.3903,13.7128,13.3903,13.7128,0,0
KPL_PE,D,20171214,000000,14.0355,14.7615,13.7929,14.6807,0,0
KPL_PE,D,20171215,000000,14.6807,14.6807,14.6807,14.6807,0,0
KPL_PE,D,20171219,000000,14.5998,14.6807,14.5998,14.6807,0,0
KPL_PE,D,20171220,000000,14.6807,14.6807,14.3581,14.5998,0,0
KPL_PE,D,20171221,000000,14.7615,15.0032,14.5198,15.0032,0,0
KPL_PE,D,20171222,000000,15.1641,15.3258,15.0032,15.0841,0,0
KPL_PE,D,20171227,000000,15.0841,15.3258,14.5198,15.3258,0,0
KPL_PE,D,20171228,000000,15.2459,15.2459,14.9223,15.2459,0,0
KPL_PE,D,20171229,000000,15.3258,15.3258,14.7615,14.7615,0,0
KPL_PE,D,20180103,000000,15.6485,15.6485,15.2459,15.2459,0,0
KPL_PE,D,20180104,000000,15.3258,16.0528,15.3258,15.971,0,0
KPL_PE,D,20180105,000000,15.971,16.4553,15.6485,16.2935,0,0
KPL_PE,D,20180108,000000,16.3745,16.4553,15.8911,16.3745,0,0
KPL_PE,D,20180109,000000,16.4553,16.5353,16.4553,16.5353,0,0
KPL_PE,D,20180110,000000,16.3745,16.3745,15.8911,16.3745,0,0
KPL_PE,D,20180111,000000,16.2935,16.5353,16.1328,16.1328,0,0
KPL_PE,D,20180112,000000,16.2935,16.2935,16.2127,16.2935,0,0
KPL_PE,D,20180115,000000,16.1328,16.2127,16.1328,16.2127,0,0
KPL_PE,D,20180116,000000,16.1328,16.2935,15.6485,16.2127,0,0
KPL_PE,D,20180117,000000,16.2127,16.2935,15.6485,16.2127,0,0
KPL_PE,D,20180118,000000,16.4553,16.4553,16.4553,16.4553,0,0
KPL_PE,D,20180119,000000,16.2935,16.6171,16.2935,16.6171,0,0
KPL_PE,D,20180122,000000,16.6971,16.6971,16.6971,16.6971,0,0
KPL_PE,D,20180123,000000,16.6971,16.6971,16.5353,16.5353,0,0
KPL_PE,D,20180124,000000,16.6171,16.6171,16.5353,16.6171,0,0
KPL_PE,D,20180125,000000,16.6171,16.6171,16.3745,16.3745,0,0
KPL_PE,D,20180126,000000,16.5353,16.6171,16.2127,16.2127,0,0
KPL_PE,D,20180129,000000,16.1328,16.1328,16.1328,16.1328,0,0
KPL_PE,D,20180130,000000,16.1328,16.1328,16.1328,16.1328,0,0
KPL_PE,D,20180131,000000,16.1328,16.2935,16.0528,16.2935,0,0
KPL_PE,D,20180201,000000,16.2935,16.2935,15.7293,16.0528,0,0
KPL_PE,D,20180202,000000,16.1328,16.1328,15.971,15.971,0,0
KPL_PE,D,20180206,000000,15.5684,15.5684,15.1641,15.2459,0,0
KPL_PE,D,20180207,000000,15.2459,15.2459,15.0032,15.0032,0,0
KPL_PE,D,20180208,000000,15.0032,15.0032,15.0032,15.0032,0,0
KPL_PE,D,20180209,000000,15.4067,15.4067,15.0032,15.4067,0,0
KPL_PE,D,20180212,000000,14.9223,15.2459,14.9223,14.9223,0,0
KPL_PE,D,20180213,000000,15.0841,15.0841,14.9223,14.9223,0,0
KPL_PE,D,20180214,000000,14.9223,14.9223,14.9223,14.9223,0,0
KPL_PE,D,20180215,000000,14.9223,14.9223,14.9223,14.9223,0,0
KPL_PE,D,20180216,000000,14.9223,15.0841,14.9223,15.0032,0,0
KPL_PE,D,20180219,000000,14.9223,15.0032,14.9223,15.0032,0,0
KPL_PE,D,20180220,000000,15.0032,15.0032,15.0032,15.0032,0,0
KPL_PE,D,20180221,000000,15.0032,15.0032,14.5998,15.0032,0,0
KPL_PE,D,20180222,000000,14.6807,15.4067,14.6807,15.3258,0,0
KPL_PE,D,20180223,000000,15.5684,15.971,15.4067,15.971,0,0
KPL_PE,D,20180226,000000,15.3258,15.971,15.3258,15.8911,0,0
KPL_PE,D,20180227,000000,15.971,16.4553,15.8911,16.4553,0,0
KPL_PE,D,20180228,000000,16.5353,16.5353,16.4553,16.5353,0,0
KPL_PE,D,20180301,000000,16.3745,16.3745,15.971,15.971,0,0
KPL_PE,D,20180302,000000,16.1328,16.1328,15.7293,15.7293,0,0
KPL_PE,D,20180305,000000,15.3258,15.3258,15.3258,15.3258,0,0
KPL_PE,D,20180306,000000,15.4868,15.4868,15.3258,15.4868,0,0
KPL_PE,D,20180307,000000,15.3258,15.4868,15.1641,15.4868,0,0
KPL_PE,D,20180308,000000,15.3258,15.4868,15.1641,15.4868,0,0
KPL_PE,D,20180309,000000,15.3258,15.3258,15.0032,15.0032,0,0
KPL_PE,D,20180313,000000,15.1641,15.1641,15.0841,15.0841,0,0
KPL_PE,D,20180314,000000,15.0841,15.2459,15.0841,15.2459,0,0
KPL_PE,D,20180315,000000,15.4868,15.4868,15.4868,15.4868,0,0
KPL_PE,D,20180316,000000,15.6485,15.6485,15.5684,15.5684,0,0
KPL_PE,D,20180319,000000,15.5684,15.5684,15.5684,15.5684,0,0
KPL_PE,D,20180320,000000,15.1641,15.2459,15.1641,15.2459,0,0
KPL_PE,D,20180321,000000,15.2459,15.6485,15.2459,15.5684,0,0
KPL_PE,D,20180322,000000,15.0841,15.0841,14.5198,14.6807,0,0
KPL_PE,D,20180323,000000,14.6807,14.6807,14.2772,14.3581,0,0
KPL_PE,D,20180326,000000,14.7615,14.7615,11.5347,11.5347,0,0
KPL_PE,D,20180327,000000,11.5347,11.5347,11.2931,11.2931,0,0
KPL_PE,D,20180328,000000,11.5347,11.5347,11.5347,11.5347,0,0
KPL_PE,D,20180329,000000,11.5347,12.2599,11.5347,12.2599,0,0
KPL_PE,D,20180403,000000,12.18,12.18,11.5347,11.5347,0,0
KPL_PE,D,20180404,000000,11.5347,11.5347,11.5347,11.5347,0,0
KPL_PE,D,20180405,000000,11.5347,11.6957,11.2123,11.6957,0,0
KPL_PE,D,20180406,000000,11.2931,12.0991,11.2931,11.7774,0,0
KPL_PE,D,20180413,000000,12.0191,12.0191,11.6957,12.0191,0,0
KPL_PE,D,20180418,000000,11.9382,11.9382,11.9382,11.9382,0,0
KPL_PE,D,20180419,000000,11.9382,12.2599,11.7774,12.0991,0,0
KPL_PE,D,20180420,000000,12.0991,12.0991,11.9382,12.0991,0,0
KPL_PE,D,20180423,000000,12.0191,12.0191,11.9382,11.9382,0,0
KPL_PE,D,20180424,000000,12.0191,12.0191,11.8574,11.9382,0,0
KPL_PE,D,20180425,000000,11.9382,12.0991,11.9382,12.0991,0,0
KPL_PE,D,20180426,000000,12.0191,12.0191,11.9382,11.9382,0,0
KPL_PE,D,20180427,000000,11.8574,12.0991,11.8574,12.0991,0,0
KPL_PE,D,20180430,000000,12.0991,12.0991,12.0991,12.0991,0,0
KPL_PE,D,20180502,000000,12.0991,12.0991,11.8574,11.8574,0,0
KPL_PE,D,20180504,000000,12.0191,12.0991,11.7774,12.0991,0,0
KPL_PE,D,20180507,000000,12.0991,12.0991,12.0991,12.0991,0,0
KPL_PE,D,20180508,000000,12.0991,12.0991,12.0191,12.0191,0,0
KPL_PE,D,20180509,000000,12.0191,12.0191,12.0191,12.0191,0,0
KPL_PE,D,20180510,000000,12.0191,12.0991,12.0191,12.0991,0,0
KPL_PE,D,20180511,000000,12.0991,12.0991,11.8574,11.8574,0,0
KPL_PE,D,20180514,000000,12.0191,12.0991,11.8574,12.0991,0,0
KPL_PE,D,20180515,000000,12.18,12.5834,11.6156,11.6156,0,0
KPL_PE,D,20180516,000000,11.454,11.454,11.454,11.454,0,0
KPL_PE,D,20180517,000000,11.7774,11.8574,11.6156,11.7774,0,0
KPL_PE,D,20180518,000000,11.7774,11.7774,11.6156,11.6156,0,0
KPL_PE,D,20180521,000000,11.7774,11.8574,11.454,11.8574,0,0
KPL_PE,D,20180522,000000,11.9382,12.0191,11.6957,11.9382,0,0
KPL_PE,D,20180523,000000,11.8574,11.8574,11.7774,11.8574,0,0
KPL_PE,D,20180524,000000,11.8574,11.9382,11.6957,11.8574,0,0
KPL_PE,D,20180525,000000,11.9382,11.9382,11.9382,11.9382,0,0
KPL_PE,D,20180528,000000,11.8574,11.9382,11.8574,11.8574,0,0
KPL_PE,D,20180529,000000,11.6156,11.9382,11.6156,11.9382,0,0
KPL_PE,D,20180530,000000,11.373,11.9382,11.373,11.8574,0,0
KPL_PE,D,20180604,000000,11.6957,11.9382,11.6156,11.9382,0,0
KPL_PE,D,20180605,000000,11.8574,12.2599,11.8574,12.2599,0,0
KPL_PE,D,20180606,000000,12.4217,12.4217,12.18,12.3417,0,0
KPL_PE,D,20180607,000000,12.5027,12.5027,12.0991,12.3417,0,0
KPL_PE,D,20180608,000000,12.4217,12.4217,12.3417,12.3417,0,0
KPL_PE,D,20180611,000000,12.4217,12.4217,11.9382,12.3417,0,0
KPL_PE,D,20180612,000000,12.4217,12.4217,12.18,12.3417,0,0
KPL_PE,D,20180613,000000,12.5027,12.7443,12.2599,12.5834,0,0
KPL_PE,D,20180614,000000,12.5027,13.0668,12.5027,12.5027,0,0
KPL_PE,D,20180615,000000,12.826,12.826,12.4217,12.826,0,0
KPL_PE,D,20180618,000000,12.7443,12.7443,12.6643,12.6643,0,0
KPL_PE,D,20180619,000000,12.6643,12.6643,12.5027,12.6643,0,0
KPL_PE,D,20180620,000000,12.3417,12.6643,12.3417,12.5027,0,0
KPL_PE,D,20180621,000000,12.5027,12.5027,12.3417,12.3417,0,0
KPL_PE,D,20180622,000000,12.3417,12.3417,12.18,12.18,0,0
KPL_PE,D,20180625,000000,11.7774,12.2599,11.2931,11.373,0,0
KPL_PE,D,20180626,000000,11.5347,11.5347,11.1314,11.1314,0,0
KPL_PE,D,20180627,000000,11.2123,11.2123,10.8088,11.0504,0,0
KPL_PE,D,20180628,000000,11.4269,11.6809,11.0879,11.3418,0,0
KPL_PE,D,20180629,000000,11.3418,11.3418,11.173,11.2575,0,0
KPL_PE,D,20180702,000000,11.3418,11.3418,11.0036,11.173,0,0
KPL_PE,D,20180703,000000,11.2575,11.2575,11.2575,11.2575,0,0
KPL_PE,D,20180704,000000,11.2575,11.2575,11.2575,11.2575,0,0
KPL_PE,D,20180705,000000,11.2575,11.3418,11.2575,11.2575,0,0
KPL_PE,D,20180706,000000,11.2575,11.2575,11.2575,11.2575,0,0
KPL_PE,D,20180709,000000,11.2575,11.2575,11.173,11.2575,0,0
KPL_PE,D,20180710,000000,11.173,11.173,10.7497,10.9192,0,0
KPL_PE,D,20180711,000000,10.5801,10.9192,10.4957,10.9192,0,0
KPL_PE,D,20180713,000000,10.4957,10.8341,10.4105,10.4957,0,0
KPL_PE,D,20180716,000000,10.5801,10.8341,10.5801,10.8341,0,0
KPL_PE,D,20180717,000000,10.8341,10.8341,10.7497,10.7497,0,0
KPL_PE,D,20180718,000000,10.7497,10.7497,10.7497,10.7497,0,0
KPL_PE,D,20180719,000000,10.6644,10.6644,10.6644,10.6644,0,0
KPL_PE,D,20180720,000000,10.6644,10.7497,10.6644,10.7497,0,0
KPL_PE,D,20180723,000000,10.7497,10.8341,10.6644,10.8341,0,0
KPL_PE,D,20180724,000000,10.7497,10.8341,10.7497,10.8341,0,0
KPL_PE,D,20180725,000000,10.7497,10.8341,10.7497,10.8341,0,0
KPL_PE,D,20180726,000000,10.6644,10.8341,10.6644,10.8341,0,0
KPL_PE,D,20180727,000000,10.8341,10.9192,10.6644,10.9192,0,0
KPL_PE,D,20180730,000000,10.9192,10.9192,10.9192,10.9192,0,0
KPL_PE,D,20180801,000000,10.7497,10.7497,10.7497,10.7497,0,0
KPL_PE,D,20180802,000000,10.9192,10.9192,10.9192,10.9192,0,0
KPL_PE,D,20180803,000000,11.0036,11.6809,11.0036,11.6809,0,0
KPL_PE,D,20180806,000000,11.9348,11.9348,11.4269,11.4269,0,0
KPL_PE,D,20180807,000000,11.5957,11.8496,11.5957,11.7652,0,0
KPL_PE,D,20180808,000000,11.7652,11.7652,11.5957,11.7652,0,0
KPL_PE,D,20180809,000000,11.7652,11.8496,11.7652,11.7652,0,0
KPL_PE,D,20180810,000000,11.8496,11.8496,11.8496,11.8496,0,0
KPL_PE,D,20180813,000000,11.8496,11.8496,11.8496,11.8496,0,0
KPL_PE,D,20180814,000000,11.6809,11.8496,11.6809,11.8496,0,0
KPL_PE,D,20180816,000000,11.8496,11.8496,11.6809,11.7652,0,0
KPL_PE,D,20180817,000000,11.8496,11.9348,11.7652,11.9348,0,0
KPL_PE,D,20180820,000000,11.9348,12.1035,11.9348,12.1035,0,0
KPL_PE,D,20180821,000000,12.1887,12.2731,11.9348,12.1887,0,0
KPL_PE,D,20180822,000000,12.1887,12.8652,12.1887,12.8652,0,0
KPL_PE,D,20180823,000000,12.6112,12.8652,12.6112,12.6964,0,0
KPL_PE,D,20180824,000000,12.7808,12.7808,4.8246,4.8246,0,0
KPL_PE,D,20180827,000000,4.8246,4.8246,4.73992,4.73992,0,0
KPL_PE,D,20180828,000000,4.73992,4.8246,4.73992,4.8246,0,0
KPL_PE,D,20180829,000000,4.8246,4.8246,4.73992,4.73992,0,0
KPL_PE,D,20180830,000000,4.73992,4.73992,4.57063,4.57063,0,0
KPL_PE,D,20180831,000000,4.65531,4.65531,4.57063,4.57063,0,0
KPL_PE,D,20180903,000000,4.48602,4.48602,4.48602,4.48602,0,0
KPL_PE,D,20180904,000000,4.48602,4.48602,4.48602,4.48602,0,0
KPL_PE,D,20180907,000000,4.40133,4.40133,4.31673,4.31673,0,0
KPL_PE,D,20180910,000000,4.31673,4.31673,4.31673,4.31673,0,0
KPL_PE,D,20180911,000000,4.31673,4.31673,4.31673,4.31673,0,0
KPL_PE,D,20180912,000000,4.31673,4.31673,4.23213,4.31673,0,0
KPL_PE,D,20180913,000000,4.14743,4.31673,4.14743,4.31673,0,0
KPL_PE,D,20180914,000000,4.31673,4.31673,4.31673,4.31673,0,0
KPL_PE,D,20180917,000000,4.14743,4.14743,4.14743,4.14743,0,0
KPL_PE,D,20180918,000000,4.31673,4.31673,4.31673,4.31673,0,0
KPL_PE,D,20180919,000000,4.14743,4.31673,4.06283,4.14743,0,0
KPL_PE,D,20180920,000000,4.14743,4.14743,3.97815,3.97815,0,0
KPL_PE,D,20180921,000000,3.97815,3.97815,3.80886,3.97815,0,0
KPL_PE,D,20180924,000000,3.89354,3.97815,3.89354,3.97815,0,0
KPL_PE,D,20180925,000000,4.14743,4.14743,4.14743,4.14743,0,0
KPL_PE,D,20180926,000000,4.14743,4.14743,4.06283,4.14743,0,0
KPL_PE,D,20180927,000000,4.14743,4.14743,4.14743,4.14743,0,0
KPL_PE,D,20180928,000000,4.14743,4.31673,4.14743,4.23213,0,0
KPL_PE,D,20181001,000000,4.23213,4.31673,4.23213,4.31673,0,0
KPL_PE,D,20181002,000000,4.14743,4.14743,4.06283,4.06283,0,0
KPL_PE,D,20181004,000000,4.23213,4.23213,4.06283,4.23213,0,0
KPL_PE,D,20181010,000000,4.06283,4.23213,4.06283,4.23213,0,0
KPL_PE,D,20181011,000000,4.06283,4.23213,4.06283,4.23213,0,0
KPL_PE,D,20181012,000000,4.06283,4.23213,4.06283,4.23213,0,0
KPL_PE,D,20181017,000000,4.23213,4.23213,4.23213,4.23213,0,0
KPL_PE,D,20181018,000000,4.23213,4.23213,4.23213,4.23213,0,0
KPL_PE,D,20181019,000000,4.23213,4.23213,4.23213,4.23213,0,0
KPL_PE,D,20181023,000000,4.23213,4.23213,4.14743,4.23213,0,0
KPL_PE,D,20181024,000000,4.06283,4.23213,4.06283,4.23213,0,0
KPL_PE,D,20181025,000000,4.14743,4.23213,4.14743,4.14743,0,0
KPL_PE,D,20181026,000000,4.14743,4.14743,4.14743,4.14743,0,0
KPL_PE,D,20181029,000000,4.14743,4.14743,4.14743,4.14743,0,0
KPL_PE,D,20181031,000000,4.14743,4.14743,4.14743,4.14743,0,0
KPL_PE,D,20181105,000000,4.14743,4.14743,4.06283,4.06283,0,0
KPL_PE,D,20181106,000000,4.14743,4.14743,4.06283,4.06283,0,0
KPL_PE,D,20181107,000000,4.06283,4.06283,4.06283,4.06283,0,0
KPL_PE,D,20181108,000000,4.14743,4.14743,4.14743,4.14743,0,0
KPL_PE,D,20181113,000000,4.06283,4.14743,4.06283,4.14743,0,0
KPL_PE,D,20181114,000000,4.06283,4.14743,3.89354,4.14743,0,0
KPL_PE,D,20181115,000000,4.14743,4.14743,4.14743,4.14743,0,0
KPL_PE,D,20181116,000000,4.14743,4.14743,4.06283,4.06283,0,0
KPL_PE,D,20181119,000000,4.06283,4.06283,3.97815,4.06283,0,0
KPL_PE,D,20181120,000000,4.06283,4.06283,3.97815,4.06283,0,0
KPL_PE,D,20181121,000000,4.06283,4.06283,3.97815,3.97815,0,0
KPL_PE,D,20181122,000000,4.06283,4.06283,3.72426,4.06283,0,0
KPL_PE,D,20181123,000000,4.06283,4.06283,4.06283,4.06283,0,0
KPL_PE,D,20181126,000000,4.06283,4.06283,4.06283,4.06283,0,0
KPL_PE,D,20181127,000000,4.06283,4.06283,4.06283,4.06283,0,0
KPL_PE,D,20181128,000000,3.97815,4.06283,3.97815,4.06283,0,0
KPL_PE,D,20181129,000000,3.89354,4.06283,3.89354,4.06283,0,0
KPL_PE,D,20181203,000000,3.97815,4.14743,3.97815,4.14743,0,0
KPL_PE,D,20181204,000000,4.14743,4.23213,4.14743,4.23213,0,0
KPL_PE,D,20181205,000000,4.23213,4.23213,4.23213,4.23213,0,0
KPL_PE,D,20181206,000000,4.14743,4.23213,4.14743,4.23213,0,0
KPL_PE,D,20181207,000000,4.23213,4.23213,4.23213,4.23213,0,0
KPL_PE,D,20181211,000000,4.06283,4.23213,4.06283,4.23213,0,0
KPL_PE,D,20181212,000000,4.06283,4.23213,4.06283,4.14743,0,0
KPL_PE,D,20181213,000000,3.97815,4.14743,3.97815,4.14743,0,0
KPL_PE,D,20181217,000000,4.06283,4.14743,4.06283,4.14743,0,0
KPL_PE,D,20181219,000000,4.14743,4.14743,4.06283,4.06283,0,0
KPL_PE,D,20181220,000000,4.06283,4.14743,4.06283,4.14743,0,0
KPL_PE,D,20181221,000000,4.14743,4.14743,4.06283,4.06283,0,0
KPL_PE,D,20181227,000000,4.14743,4.14743,3.97815,3.97815,0,0
KPL_PE,D,20181228,000000,4.06283,4.06283,3.89354,3.89354,0,0
KPL_PE,D,20190102,000000,4.06283,4.06283,3.97815,3.97815,0,0
KPL_PE,D,20190103,000000,3.97815,4.06283,3.89354,4.06283,0,0
KPL_PE,D,20190104,000000,4.06283,4.14743,4.06283,4.14743,0,0
KPL_PE,D,20190107,000000,4.14743,4.14743,4.14743,4.14743,0,0
KPL_PE,D,20190108,000000,4.14743,4.14743,4.14743,4.14743,0,0
KPL_PE,D,20190109,000000,4.14743,4.14743,3.97815,3.97815,0,0
KPL_PE,D,20190110,000000,4.06283,4.06283,3.97815,3.97815,0,0
KPL_PE,D,20190111,000000,3.97815,4.06283,3.97815,4.06283,0,0
KPL_PE,D,20190114,000000,3.97815,3.97815,3.97815,3.97815,0,0
KPL_PE,D,20190115,000000,4.06283,4.06283,4.06283,4.06283,0,0
KPL_PE,D,20190116,000000,4.06283,4.06283,4.06283,4.06283,0,0
KPL_PE,D,20190117,000000,3.97815,4.06283,3.97815,4.06283,0,0
KPL_PE,D,20190118,000000,4.06283,4.06283,3.97815,4.06283,0,0
KPL_PE,D,20190121,000000,3.97815,4.06283,3.97815,4.06283,0,0
KPL_PE,D,20190122,000000,4.06283,4.06283,4.06283,4.06283,0,0
KPL_PE,D,20190123,000000,4.06283,4.06283,3.97815,4.06283,0,0
KPL_PE,D,20190124,000000,4.06283,4.06283,3.89354,3.97815,0,0
KPL_PE,D,20190125,000000,3.97815,4.06283,3.97815,3.97815,0,0
KPL_PE,D,20190128,000000,3.97815,4.06283,3.97815,4.06283,0,0
KPL_PE,D,20190129,000000,4.06283,4.06283,4.06283,4.06283,0,0
KPL_PE,D,20190130,000000,4.06283,4.14743,4.06283,4.14743,0,0
KPL_PE,D,20190131,000000,4.14743,4.14743,3.97815,4.14743,0,0
KPL_PE,D,20190201,000000,4.14743,4.14743,4.14743,4.14743,0,0
KPL_PE,D,20190204,000000,4.14743,4.14743,4.14743,4.14743,0,0
KPL_PE,D,20190205,000000,4.14743,4.14743,4.14743,4.14743,0,0
KPL_PE,D,20190206,000000,4.14743,4.14743,4.14743,4.14743,0,0
KPL_PE,D,20190207,000000,4.14743,4.14743,4.06283,4.14743,0,0
KPL_PE,D,20190208,000000,4.06283,4.14743,4.06283,4.14743,0,0
KPL_PE,D,20190211,000000,4.14743,4.14743,4.06283,4.06283,0,0
KPL_PE,D,20190212,000000,4.14743,4.14743,4.06283,4.06283,0,0
KPL_PE,D,20190213,000000,4.14743,4.14743,4.14743,4.14743,0,0
KPL_PE,D,20190214,000000,4.14743,4.14743,4.06283,4.14743,0,0
KPL_PE,D,20190215,000000,4.14743,4.14743,4.14743,4.14743,0,0
KPL_PE,D,20190218,000000,4.14743,4.14743,4.14743,4.14743,0,0
KPL_PE,D,20190219,000000,4.14743,4.14743,4.06283,4.06283,0,0
KPL_PE,D,20190220,000000,3.97815,4.06283,3.97815,4.06283,0,0
KPL_PE,D,20190221,000000,4.06283,4.14743,4.06283,4.06283,0,0
KPL_PE,D,20190222,000000,4.06283,4.06283,3.97815,3.97815,0,0
KPL_PE,D,20190225,000000,4.06283,4.06283,3.97815,3.97815,0,0
KPL_PE,D,20190226,000000,3.97815,4.14743,3.97815,3.97815,0,0
KPL_PE,D,20190227,000000,3.97815,4.14743,3.97815,4.06283,0,0
KPL_PE,D,20190228,000000,3.97815,3.97815,3.97815,3.97815,0,0
KPL_PE,D,20190301,000000,4.06283,4.06283,4.06283,4.06283,0,0
KPL_PE,D,20190304,000000,4.06283,4.06283,4.06283,4.06283,0,0
KPL_PE,D,20190305,000000,3.97815,4.06283,3.97815,4.06283,0,0
KPL_PE,D,20190306,000000,4.06283,4.06283,4.06283,4.06283,0,0
KPL_PE,D,20190308,000000,4.06283,4.06283,4.06283,4.06283,0,0
KPL_PE,D,20190311,000000,4.06283,4.23213,4.06283,4.23213,0,0
KPL_PE,D,20190312,000000,4.23213,4.23213,4.23213,4.23213,0,0
KPL_PE,D,20190313,000000,4.14743,4.14743,4.14743,4.14743,0,0
KPL_PE,D,20190314,000000,4.23213,4.23213,4.23213,4.23213,0,0
KPL_PE,D,20190315,000000,4.23213,4.23213,4.23213,4.23213,0,0
KPL_PE,D,20190318,000000,4.31673,4.31673,4.31673,4.31673,0,0
KPL_PE,D,20190319,000000,4.31673,4.48602,4.31673,4.48602,0,0
KPL_PE,D,20190320,000000,4.48602,4.48602,4.40133,4.48602,0,0
KPL_PE,D,20190321,000000,4.48602,4.48602,4.40133,4.40133,0,0
KPL_PE,D,20190322,000000,4.48602,5.75566,4.48602,5.75566,0,0
KPL_PE,D,20190325,000000,5.84027,5.84027,5.58638,5.58638,0,0
KPL_PE,D,20190326,000000,5.58638,5.58638,5.50169,5.58638,0,0
KPL_PE,D,20190327,000000,5.58638,5.67098,5.58638,5.58638,0,0
KPL_PE,D,20190328,000000,5.67098,5.67098,5.58638,5.58638,0,0
KPL_PE,D,20190329,000000,5.67098,5.67098,5.58638,5.58638,0,0
KPL_PE,D,20190401,000000,5.67098,5.67098,5.58638,5.67098,0,0
KPL_PE,D,20190402,000000,5.58638,5.58638,5.58638,5.58638,0,0
KPL_PE,D,20190403,000000,5.58638,5.58638,5.58638,5.58638,0,0
KPL_PE,D,20190404,000000,5.58638,5.58638,5.58638,5.58638,0,0
KPL_PE,D,20190405,000000,5.58638,5.67098,5.24779,5.41709,0,0
KPL_PE,D,20190408,000000,5.33239,5.33239,5.16319,5.33239,0,0
KPL_PE,D,20190409,000000,5.16319,5.33239,5.16319,5.33239,0,0
KPL_PE,D,20190410,000000,5.16319,5.41709,5.16319,5.33239,0,0
KPL_PE,D,20190411,000000,5.33239,5.33239,5.33239,5.33239,0,0
KPL_PE,D,20190412,000000,5.33239,5.33239,5.33239,5.33239,0,0
KPL_PE,D,20190416,000000,5.16319,5.24779,5.16319,5.24779,0,0
KPL_PE,D,20190418,000000,5.16319,5.16319,5.16319,5.16319,0,0
KPL_PE,D,20190423,000000,5.16319,5.24779,5.16319,5.24779,0,0
KPL_PE,D,20190425,000000,5.16319,5.24779,5.16319,5.24779,0,0
KPL_PE,D,20190426,000000,5.0785,5.24779,5.0785,5.24779,0,0
KPL_PE,D,20190429,000000,5.0785,5.24779,5.0785,5.24779,0,0
KPL_PE,D,20190502,000000,5.0785,5.0785,5.0785,5.0785,0,0
KPL_PE,D,20190506,000000,5.24779,5.24779,5.24779,5.24779,0,0
KPL_PE,D,20190508,000000,5.0785,5.24779,5.0785,5.24779,0,0
KPL_PE,D,20190509,000000,5.16319,5.16319,5.16319,5.16319,0,0
KPL_PE,D,20190513,000000,5.16319,5.16319,5.16319,5.16319,0,0
KPL_PE,D,20190515,000000,4.99389,5.16319,4.99389,5.16319,0,0
KPL_PE,D,20190516,000000,5.0785,5.24779,5.0785,5.16319,0,0
KPL_PE,D,20190517,000000,5.0785,5.16319,5.0785,5.0785,0,0
KPL_PE,D,20190520,000000,4.90922,5.0785,4.90922,5.0785,0,0
KPL_PE,D,20190521,000000,4.90922,5.0785,4.90922,5.0785,0,0
KPL_PE,D,20190522,000000,5.0785,5.16319,4.99389,5.16319,0,0
KPL_PE,D,20190527,000000,5.16319,5.16319,5.16319,5.16319,0,0
KPL_PE,D,20190528,000000,5.0785,5.0785,4.90922,5.0785,0,0
KPL_PE,D,20190530,000000,4.99389,5.0785,4.99389,5.0785,0,0
KPL_PE,D,20190531,000000,4.99389,5.0785,4.99389,5.0785,0,0
KPL_PE,D,20190603,000000,5.0785,5.41709,5.0785,5.16319,0,0
KPL_PE,D,20190604,000000,5.24779,5.24779,5.24779,5.24779,0,0
KPL_PE,D,20190606,000000,5.0785,5.24779,5.0785,5.24779,0,0
KPL_PE,D,20190607,000000,5.24779,5.24779,5.24779,5.24779,0,0
KPL_PE,D,20190610,000000,5.16319,5.33239,5.16319,5.24779,0,0
KPL_PE,D,20190611,000000,5.24779,5.24779,5.0785,5.24779,0,0
KPL_PE,D,20190612,000000,5.0785,5.16319,5.0785,5.16319,0,0
KPL_PE,D,20190618,000000,4.99389,5.16319,4.99389,5.16319,0,0
KPL_PE,D,20190619,000000,5.0785,5.0785,5.0785,5.0785,0,0
KPL_PE,D,20190621,000000,5.0785,5.0785,5.0785,5.0785,0,0
KPL_PE,D,20190624,000000,5.0785,5.0785,5.0785,5.0785,0,0
KPL_PE,D,20190625,000000,4.99389,5.16319,4.99389,5.0785,0,0
KPL_PE,D,20190626,000000,5.0785,5.16319,5.0785,5.16319,0,0
KPL_PE,D,20190627,000000,5.16319,5.16319,5.16319,5.16319,0,0
KPL_PE,D,20190628,000000,5.217,5.217,5.217,5.217,0,0
KPL_PE,D,20190701,000000,5.13006,5.13006,5.13006,5.13006,0,0
KPL_PE,D,20190708,000000,5.13006,5.13006,4.95616,4.95616,0,0
KPL_PE,D,20190709,000000,4.86921,4.95616,4.86921,4.95616,0,0
KPL_PE,D,20190710,000000,5.04311,5.217,5.04311,5.13006,0,0
KPL_PE,D,20190711,000000,5.13006,5.13006,5.04311,5.04311,0,0
KPL_PE,D,20190712,000000,5.04311,5.04311,5.04311,5.04311,0,0
KPL_PE,D,20190715,000000,5.13006,5.13006,5.04311,5.04311,0,0
KPL_PE,D,20190716,000000,5.04311,5.04311,5.04311,5.04311,0,0
KPL_PE,D,20190717,000000,5.13006,5.13006,5.04311,5.04311,0,0
KPL_PE,D,20190718,000000,5.13006,5.13006,5.13006,5.13006,0,0
KPL_PE,D,20190719,000000,5.13006,5.13006,5.13006,5.13006,0,0
KPL_PE,D,20190722,000000,5.13006,5.13006,5.13006,5.13006,0,0
KPL_PE,D,20190724,000000,5.04311,5.04311,5.04311,5.04311,0,0
KPL_PE,D,20190725,000000,4.95616,4.95616,4.95616,4.95616,0,0
KPL_PE,D,20190726,000000,4.95616,4.95616,4.95616,4.95616,0,0
KPL_PE,D,20190730,000000,5.04311,5.04311,5.04311,5.04311,0,0
KPL_PE,D,20190731,000000,5.04311,5.04311,5.04311,5.04311,0,0
KPL_PE,D,20190801,000000,4.95616,5.04311,4.95616,5.04311,0,0
KPL_PE,D,20190802,000000,4.95616,5.04311,4.95616,5.04311,0,0
KPL_PE,D,20190805,000000,5.04311,5.04311,5.04311,5.04311,0,0
KPL_PE,D,20190806,000000,5.04311,5.04311,5.04311,5.04311,0,0
KPL_PE,D,20190807,000000,5.04311,5.04311,5.04311,5.04311,0,0
KPL_PE,D,20190808,000000,5.04311,5.04311,4.95616,4.95616,0,0
KPL_PE,D,20190809,000000,5.04311,5.04311,4.86921,5.04311,0,0
KPL_PE,D,20190813,000000,4.86921,4.95616,4.86921,4.95616,0,0
KPL_PE,D,20190814,000000,4.86921,4.95616,4.86921,4.86921,0,0
KPL_PE,D,20190816,000000,4.78226,4.78226,4.78226,4.78226,0,0
KPL_PE,D,20190819,000000,4.69531,4.86921,4.69531,4.86921,0,0
KPL_PE,D,20190820,000000,4.86921,4.86921,4.86921,4.86921,0,0
KPL_PE,D,20190821,000000,4.78226,4.86921,4.78226,4.86921,0,0
KPL_PE,D,20190822,000000,4.86921,16.9553,4.86921,16.9553,0,0
KPL_PE,D,20190823,000000,16.9553,16.9553,16.9553,16.9553,0,0
KPL_PE,D,20190826,000000,16.6074,16.9553,16.6074,16.9553,0,0
KPL_PE,D,20190827,000000,16.3467,16.7815,16.3467,16.6946,0,0
KPL_PE,D,20190828,000000,17.0422,17.0422,16.6946,16.7815,0,0
KPL_PE,D,20190829,000000,16.4336,16.6946,16.4336,16.6946,0,0
KPL_PE,D,20190830,000000,17.0422,17.0422,16.5205,16.7815,0,0
KPL_PE,D,20190902,000000,16.6074,16.9553,16.6074,16.9553,0,0
KPL_PE,D,20190903,000000,16.9553,16.9553,16.9553,16.9553,0,0
KPL_PE,D,20190904,000000,16.9553,17.3031,16.9553,17.3031,0,0
KPL_PE,D,20190905,000000,17.3031,17.3031,16.9553,17.3031,0,0
KPL_PE,D,20190906,000000,17.3031,17.3031,16.7815,16.7815,0,0
KPL_PE,D,20190909,000000,16.7815,16.9553,16.7815,16.9553,0,0
KPL_PE,D,20190910,000000,16.9553,16.9553,16.9553,16.9553,0,0
KPL_PE,D,20190911,000000,16.6074,17.1291,16.6074,17.1291,0,0
KPL_PE,D,20190912,000000,17.1291,17.3031,16.9553,17.1291,0,0
KPL_PE,D,20190913,000000,17.1291,17.3031,17.1291,17.3031,0,0
KPL_PE,D,20190916,000000,17.3031,17.3031,16.8684,17.3031,0,0
KPL_PE,D,20190917,000000,17.3031,17.3031,16.9553,17.3031,0,0
KPL_PE,D,20190918,000000,16.9553,17.3031,16.9553,17.3031,0,0
KPL_PE,D,20190919,000000,17.1291,17.1291,16.8684,17.1291,0,0
KPL_PE,D,20190920,000000,17.1291,17.1291,16.7815,16.7815,0,0
KPL_PE,D,20190923,000000,16.6074,17.2161,16.6074,16.9553,0,0
KPL_PE,D,20190924,000000,16.9553,16.9553,16.6074,16.9553,0,0
KPL_PE,D,20190925,000000,16.9553,16.9553,16.7815,16.7815,0,0
KPL_PE,D,20190926,000000,16.7815,16.7815,16.6074,16.6946,0,0
KPL_PE,D,20190927,000000,16.8684,16.8684,15.738,15.738,0,0
KPL_PE,D,20190930,000000,15.738,16.8684,15.738,16.7815,0,0
KPL_PE,D,20191001,000000,16.7815,16.7815,15.9988,16.5205,0,0
KPL_PE,D,20191002,000000,16.5205,16.5205,16.1728,16.5205,0,0
KPL_PE,D,20191003,000000,16.5205,16.5205,16.1728,16.5205,0,0
KPL_PE,D,20191004,000000,16.3467,16.5205,16.0857,16.3467,0,0
KPL_PE,D,20191007,000000,16.3467,16.3467,16.3467,16.3467,0,0
KPL_PE,D,20191008,000000,16.3467,16.3467,16.3467,16.3467,0,0
KPL_PE,D,20191009,000000,16.3467,16.3467,15.9118,16.3467,0,0
KPL_PE,D,20191010,000000,15.9988,16.3467,15.9988,16.3467,0,0
KPL_PE,D,20191011,000000,16.3467,16.3467,16.3467,16.3467,0,0
KPL_PE,D,20191015,000000,15.9118,16.3467,15.9118,16.1728,0,0
KPL_PE,D,20191016,000000,15.9988,15.9988,15.8249,15.9118,0,0
KPL_PE,D,20191017,000000,16.2597,16.2597,15.9118,15.9988,0,0
KPL_PE,D,20191018,000000,15.9988,15.9988,15.6511,15.9118,0,0
KPL_PE,D,20191021,000000,15.738,16.2597,15.738,16.1728,0,0
KPL_PE,D,20191022,000000,16.1728,16.1728,15.8249,15.9988,0,0
KPL_PE,D,20191023,000000,16.1728,16.1728,15.9988,15.9988,0,0
KPL_PE,D,20191024,000000,16.1728,16.1728,15.8249,16.1728,0,0
KPL_PE,D,20191025,000000,15.9988,16.7815,15.9988,16.1728,0,0
KPL_PE,D,20191028,000000,16.3467,16.3467,15.8249,15.9988,0,0
KPL_PE,D,20191029,000000,15.8249,15.9988,15.6511,15.9988,0,0
KPL_PE,D,20191030,000000,15.6511,15.8249,15.6511,15.738,0,0
KPL_PE,D,20191031,000000,15.738,16.3467,15.738,16.3467,0,0
KPL_PE,D,20191104,000000,16.3467,16.3467,15.738,15.9118,0,0
KPL_PE,D,20191105,000000,16.0857,16.2597,16.0857,16.1728,0,0
KPL_PE,D,20191106,000000,16.1728,16.1728,15.738,16.1728,0,0
KPL_PE,D,20191107,000000,16.1728,16.1728,16.1728,16.1728,0,0
KPL_PE,D,20191108,000000,16.1728,16.1728,16.1728,16.1728,0,0
KPL_PE,D,20191112,000000,15.9988,16.1728,15.9988,16.1728,0,0
KPL_PE,D,20191113,000000,16.1728,16.1728,15.9988,16.1728,0,0
KPL_PE,D,20191114,000000,16.1728,16.1728,15.9988,16.1728,0,0
KPL_PE,D,20191115,000000,16.1728,16.1728,15.9988,16.1728,0,0
KPL_PE,D,20191118,000000,16.1728,16.1728,15.9988,16.1728,0,0
KPL_PE,D,20191119,000000,16.1728,16.1728,16.1728,16.1728,0,0
KPL_PE,D,20191120,000000,16.1728,16.1728,15.8249,15.9988,0,0
KPL_PE,D,20191121,000000,16.1728,16.1728,15.8249,16.1728,0,0
KPL_PE,D,20191122,000000,16.1728,18.6943,15.9988,18.6943,0,0
KPL_PE,D,20191125,000000,18.8682,18.8682,18.5204,18.8682,0,0
KPL_PE,D,20191126,000000,18.8682,18.8682,18.5204,18.8682,0,0
KPL_PE,D,20191127,000000,18.8682,18.8682,18.8682,18.8682,0,0
KPL_PE,D,20191128,000000,18.8682,19.0421,18.8682,19.0421,0,0
KPL_PE,D,20191129,000000,18.8682,18.8682,18.8682,18.8682,0,0
KPL_PE,D,20191202,000000,18.5204,18.5204,17.9118,18.2595,0,0
KPL_PE,D,20191203,000000,18.2595,18.5204,18.1726,18.3466,0,0
KPL_PE,D,20191204,000000,18.3466,18.5204,18.3466,18.5204,0,0
KPL_PE,D,20191205,000000,18.3466,18.5204,18.3466,18.5204,0,0
KPL_PE,D,20191206,000000,18.5204,18.5204,18.5204,18.5204,0,0
KPL_PE,D,20191209,000000,18.5204,18.5204,18.1726,18.5204,0,0
KPL_PE,D,20191210,000000,18.5204,18.5204,18.5204,18.5204,0,0
KPL_PE,D,20191211,000000,18.5204,18.5204,18.1726,18.5204,0,0
KPL_PE,D,20191212,000000,18.5204,18.5204,18.5204,18.5204,0,0
KPL_PE,D,20191213,000000,18.5204,18.5204,17.8249,18.2595,0,0
KPL_PE,D,20191216,000000,17.8249,18.2595,17.8249,18.2595,0,0
KPL_PE,D,20191217,000000,18.2595,18.2595,17.9118,18.1726,0,0
KPL_PE,D,20191218,000000,18.2595,18.2595,18.1726,18.2595,0,0
KPL_PE,D,20191219,000000,18.1726,18.1726,17.8249,17.9987,0,0
KPL_PE,D,20191220,000000,17.9987,18.2595,17.9987,17.9987,0,0
KPL_PE,D,20191223,000000,18.2595,18.2595,17.6508,17.7377,0,0
KPL_PE,D,20191227,000000,17.9987,17.9987,17.9118,17.9987,0,0
KPL_PE,D,20191230,000000,17.9987,17.9987,17.8249,17.8249,0,0
KPL_PE,D,20200102,000000,17.8249,18.2595,17.7377,18.2595,0,0
KPL_PE,D,20200103,000000,18.2595,18.2595,18.2595,18.2595,0,0
KPL_PE,D,20200107,000000,17.9987,18.2595,17.9987,18.2595,0,0
KPL_PE,D,20200108,000000,18.2595,18.2595,17.8249,18.1726,0,0
KPL_PE,D,20200109,000000,18.1726,18.1726,17.8249,18.0856,0,0
KPL_PE,D,20200110,000000,18.0856,18.0856,17.9987,18.0856,0,0
KPL_PE,D,20200113,000000,18.1726,18.1726,17.9987,18.1726,0,0
KPL_PE,D,20200114,000000,18.1726,18.1726,17.9987,18.1726,0,0
KPL_PE,D,20200115,000000,18.1726,18.1726,18.0856,18.1726,0,0
KPL_PE,D,20200116,000000,18.1726,18.1726,17.9987,17.9987,0,0
KPL_PE,D,20200117,000000,18.1726,18.1726,17.5639,17.9987,0,0
KPL_PE,D,20200120,000000,17.9987,17.9987,17.9118,17.9987,0,0
KPL_PE,D,20200121,000000,17.9987,17.9987,17.7377,17.9987,0,0
KPL_PE,D,20200122,000000,17.9987,18.1726,17.477,17.9987,0,0
KPL_PE,D,20200123,000000,17.9987,17.9987,17.5639,17.6508,0,0
KPL_PE,D,20200124,000000,17.8249,17.8249,17.477,17.8249,0,0
KPL_PE,D,20200127,000000,17.8249,18.0856,17.6508,18.0856,0,0
KPL_PE,D,20200128,000000,18.0856,18.2595,18.0856,18.2595,0,0
KPL_PE,D,20200129,000000,18.2595,18.2595,17.9118,18.2595,0,0
KPL_PE,D,20200130,000000,18.1726,18.1726,18.1726,18.1726,0,0
KPL_PE,D,20200131,000000,17.6508,17.9118,17.5639,17.7377,0,0
KPL_PE,D,20200203,000000,17.5639,17.8249,17.5639,17.8249,0,0
KPL_PE,D,20200204,000000,17.8249,17.8249,17.477,17.7377,0,0
KPL_PE,D,20200205,000000,17.5639,17.7377,17.1291,17.3031,0,0
KPL_PE,D,20200206,000000,17.2161,18.1726,17.2161,18.1726,0,0
KPL_PE,D,20200207,000000,18.1726,18.1726,17.477,17.477,0,0
KPL_PE,D,20200210,000000,17.7377,17.7377,17.477,17.7377,0,0
KPL_PE,D,20200211,000000,17.7377,17.7377,17.2161,17.5639,0,0
KPL_PE,D,20200212,000000,17.5639,17.7377,17.477,17.7377,0,0
KPL_PE,D,20200213,000000,17.7377,17.7377,17.5639,17.7377,0,0
KPL_PE,D,20200214,000000,17.7377,17.7377,17.7377,17.7377,0,0
KPL_PE,D,20200217,000000,17.39,17.7377,17.3031,17.7377,0,0
KPL_PE,D,20200218,000000,17.7377,17.7377,17.5639,17.7377,0,0
KPL_PE,D,20200219,000000,17.3031,18.0856,17.3031,17.6508,0,0
KPL_PE,D,20200220,000000,17.6508,17.9987,17.6508,17.9987,0,0
KPL_PE,D,20200221,000000,17.8249,17.8249,17.6508,17.6508,0,0
KPL_PE,D,20200224,000000,17.6508,17.6508,17.3031,17.5639,0,0
KPL_PE,D,20200225,000000,17.5639,17.5639,17.2161,17.39,0,0
KPL_PE,D,20200226,000000,17.39,17.39,17.0422,17.3031,0,0
KPL_PE,D,20200227,000000,16.7815,17.3031,16.7815,17.3031,0,0
KPL_PE,D,20200228,000000,17.3031,17.3031,17.3031,17.3031,0,0
KPL_PE,D,20200302,000000,16.5205,17.1291,16.5205,17.1291,0,0
KPL_PE,D,20200303,000000,17.1291,17.1291,16.8684,17.0422,0,0
KPL_PE,D,20200304,000000,17.1291,17.1291,17.0422,17.0422,0,0
KPL_PE,D,20200305,000000,17.0422,17.0422,16.8684,17.0422,0,0
KPL_PE,D,20200306,000000,17.0422,17.0422,16.5205,16.6074,0,0
KPL_PE,D,20200309,000000,16.5205,16.5205,15.477,15.477,0,0
KPL_PE,D,20200310,000000,14.7815,15.9988,14.7815,15.0424,0,0
KPL_PE,D,20200311,000000,15.3032,15.3032,14.6077,14.6077,0,0
KPL_PE,D,20200312,000000,13.7381,13.7381,12.6947,12.8687,0,0
KPL_PE,D,20200313,000000,12.8687,12.8687,12.8687,12.8687,0,0
KPL_PE,D,20200316,000000,13.1295,13.1295,10.6078,10.6078,0,0
KPL_PE,D,20200317,000000,10.2601,11.3036,10.2601,11.3036,0,0
KPL_PE,D,20200318,000000,11.3036,12.4339,11.0426,11.3905,0,0
KPL_PE,D,20200319,000000,11.3905,13.5642,11.3905,13.5642,0,0
KPL_PE,D,20200320,000000,13.7381,14.9554,13.5642,14.6077,0,0
KPL_PE,D,20200323,000000,14.5208,14.5208,14.4337,14.4337,0,0
KPL_PE,D,20200324,000000,13.999,13.999,13.999,13.999,0,0
KPL_PE,D,20200325,000000,13.825,13.999,13.825,13.825,0,0
KPL_PE,D,20200326,000000,13.7381,13.999,13.7381,13.9119,0,0
KPL_PE,D,20200327,000000,13.9119,13.999,13.825,13.999,0,0
KPL_PE,D,20200330,000000,13.999,13.999,13.7381,13.9119,0,0
KPL_PE,D,20200331,000000,13.7381,13.7381,13.7381,13.7381,0,0
KPL_PE,D,20200401,000000,13.7381,13.7381,13.6511,13.7381,0,0
KPL_PE,D,20200402,000000,13.6511,13.7381,13.6511,13.7381,0,0
KPL_PE,D,20200403,000000,13.6511,13.7381,13.4773,13.4773,0,0
KPL_PE,D,20200406,000000,13.2164,13.4773,12.8687,13.3903,0,0
KPL_PE,D,20200407,000000,13.3903,13.3903,13.0426,13.3903,0,0
KPL_PE,D,20200408,000000,13.3903,13.4773,12.9557,12.9557,0,0
KPL_PE,D,20200409,000000,13.3903,13.4773,12.8687,13.2164,0,0
KPL_PE,D,20200414,000000,13.2164,13.3034,12.6947,13.1295,0,0
KPL_PE,D,20200415,000000,13.1295,13.2164,12.9557,13.1295,0,0
KPL_PE,D,20200416,000000,13.1295,13.1295,13.1295,13.1295,0,0
KPL_PE,D,20200417,000000,12.9557,13.2164,6.34736,6.34736,0,0
KPL_PE,D,20200420,000000,6.26041,6.78211,6.26041,6.52126,0,0
KPL_PE,D,20200421,000000,6.52126,6.52126,6.26041,6.52126,0,0
KPL_PE,D,20200422,000000,6.43432,6.52126,6.34736,6.52126,0,0
KPL_PE,D,20200423,000000,6.52126,6.52126,6.34736,6.52126,0,0
KPL_PE,D,20200424,000000,6.52126,6.52126,6.34736,6.52126,0,0
KPL_PE,D,20200427,000000,6.52126,6.52126,6.43432,6.52126,0,0
KPL_PE,D,20200428,000000,6.43432,6.52126,6.43432,6.52126,0,0
KPL_PE,D,20200429,000000,6.52126,6.52126,6.26041,6.26041,0,0
KPL_PE,D,20200430,000000,6.34736,6.52126,6.0865,6.0865,0,0
KPL_PE,D,20200504,000000,6.0865,6.0865,5.99957,6.0865,0,0
KPL_PE,D,20200505,000000,6.0865,6.0865,5.99957,6.0865,0,0
KPL_PE,D,20200506,000000,5.82567,5.82567,5.47785,5.47785,0,0
KPL_PE,D,20200507,000000,5.47785,5.99957,5.47785,5.73871,0,0
KPL_PE,D,20200508,000000,5.82567,6.34736,5.82567,6.17347,0,0
KPL_PE,D,20200511,000000,6.17347,6.60821,6.0865,6.43432,0,0
KPL_PE,D,20200512,000000,6.52126,6.60821,6.52126,6.60821,0,0
KPL_PE,D,20200513,000000,6.60821,6.60821,6.26041,6.26041,0,0
KPL_PE,D,20200514,000000,6.26041,6.34736,6.17347,6.26041,0,0
KPL_PE,D,20200515,000000,6.26041,6.26041,6.17347,6.26041,0,0
KPL_PE,D,20200518,000000,5.99957,6.43432,5.73871,6.26041,0,0
KPL_PE,D,20200519,000000,6.26041,6.43432,5.91261,6.34736,0,0
KPL_PE,D,20200520,000000,6.26041,6.43432,6.17347,6.43432,0,0
KPL_PE,D,20200521,000000,6.43432,6.52126,6.34736,6.34736,0,0
KPL_PE,D,20200522,000000,6.34736,6.34736,6.17347,6.34736,0,0
KPL_PE,D,20200525,000000,6.34736,6.43432,6.34736,6.34736,0,0
KPL_PE,D,20200526,000000,6.34736,6.95601,6.26041,6.60821,0,0
KPL_PE,D,20200527,000000,6.95601,7.65161,6.69516,7.21687,0,0
KPL_PE,D,20200528,000000,7.04297,7.47772,7.04297,7.47772,0,0
KPL_PE,D,20200529,000000,7.47772,7.47772,7.30382,7.39076,0,0
KPL_PE,D,20200601,000000,7.39076,7.47772,6.95601,6.95601,0,0
KPL_PE,D,20200602,000000,6.95601,6.95601,6.69516,6.86907,0,0
KPL_PE,D,20200603,000000,6.86907,7.30382,6.78211,7.1299,0,0
KPL_PE,D,20200604,000000,7.1299,7.30382,6.86907,7.04297,0,0
KPL_PE,D,20200605,000000,7.21687,7.21687,6.69516,6.86907,0,0
KPL_PE,D,20200608,000000,6.95601,6.95601,6.78211,6.78211,0,0
KPL_PE,D,20200609,000000,6.86907,6.86907,6.69516,6.69516,0,0
KPL_PE,D,20200610,000000,6.78211,6.78211,6.78211,6.78211,0,0
KPL_PE,D,20200612,000000,6.60821,6.95601,6.60821,6.86907,0,0
KPL_PE,D,20200615,000000,6.95601,6.95601,6.69516,6.95601,0,0
KPL_PE,D,20200616,000000,6.95601,7.39076,6.86907,7.04297,0,0
KPL_PE,D,20200617,000000,6.86907,7.1299,6.86907,7.04297,0,0
KPL_PE,D,20200618,000000,6.95601,7.1299,6.78211,7.04297,0,0
KPL_PE,D,20200619,000000,6.86907,7.1299,6.86907,7.1299,0,0
KPL_PE,D,20200622,000000,7.04297,7.04297,6.60821,6.95601,0,0
KPL_PE,D,20200623,000000,7.04297,7.04297,6.69516,6.95601,0,0
KPL_PE,D,20200624,000000,6.95601,7.04297,6.78211,6.78211,0,0
KPL_PE,D,20200625,000000,6.60821,6.78211,6.52126,6.60821,0,0
KPL_PE,D,20200626,000000,6.78211,6.78211,6.52126,6.78211,0,0
KPL_PE,D,20200629,000000,6.78211,6.78211,6.78211,6.78211,0,0
KPL_PE,D,20200630,000000,6.69516,6.78211,6.69516,6.78211,0,0
KPL_PE,D,20200701,000000,6.86907,7.04297,6.86907,7.04297,0,0
KPL_PE,D,20200702,000000,7.04297,7.73858,6.86907,7.30382,0,0
KPL_PE,D,20200703,000000,7.30382,7.30382,6.78211,6.86907,0,0
KPL_PE,D,20200706,000000,6.86907,7.1299,6.86907,6.86907,0,0
KPL_PE,D,20200707,000000,7.04297,7.04297,6.78211,6.86907,0,0
KPL_PE,D,20200708,000000,6.95601,6.95601,6.86907,6.95601,0,0
KPL_PE,D,20200709,000000,6.86907,6.95601,6.86907,6.86907,0,0
KPL_PE,D,20200710,000000,6.95601,6.95601,6.69516,6.86907,0,0
KPL_PE,D,20200713,000000,6.86907,6.86907,6.69516,6.86907,0,0
KPL_PE,D,20200714,000000,6.86907,6.86907,6.78211,6.78211,0,0
KPL_PE,D,20200715,000000,6.69516,6.78211,6.52126,6.78211,0,0
KPL_PE,D,20200716,000000,6.78211,6.86907,6.69516,6.69516,0,0
KPL_PE,D,20200717,000000,6.86907,6.86907,6.60821,6.69516,0,0
KPL_PE,D,20200720,000000,6.78211,6.78211,6.60821,6.78211,0,0
KPL_PE,D,20200721,000000,6.78211,6.78211,6.60821,6.69516,0,0
KPL_PE,D,20200722,000000,6.69516,6.69516,6.60821,6.60821,0,0
KPL_PE,D,20200723,000000,6.60821,6.78211,6.60821,6.78211,0,0
KPL_PE,D,20200724,000000,6.78211,6.86907,6.69516,6.69516,0,0
KPL_PE,D,20200727,000000,6.86907,6.86907,6.60821,6.69516,0,0
KPL_PE,D,20200728,000000,6.78211,6.78211,6.43432,6.43432,0,0
KPL_PE,D,20200729,000000,6.43432,6.52126,6.43432,6.43432,0,0
KPL_PE,D,20200730,000000,6.34736,6.43432,6.26041,6.26041,0,0
KPL_PE,D,20200731,000000,6.26041,6.52126,6.26041,6.43432,0,0
KPL_PE,D,20200803,000000,6.43432,6.52126,6.26041,6.52126,0,0
KPL_PE,D,20200804,000000,6.52126,6.52126,6.26041,6.26041,0,0
KPL_PE,D,20200805,000000,6.34736,6.43432,6.34736,6.34736,0,0
KPL_PE,D,20200806,000000,6.34736,6.34736,6.17347,6.26041,0,0
KPL_PE,D,20200807,000000,6.34736,6.43432,6.17347,6.26041,0,0
KPL_PE,D,20200810,000000,6.34736,6.34736,6.17347,6.26041,0,0
KPL_PE,D,20200811,000000,6.26041,6.60821,6.26041,6.60821,0,0
KPL_PE,D,20200812,000000,6.69516,6.78211,6.43432,6.78211,0,0
KPL_PE,D,20200813,000000,6.52126,6.86907,6.43432,6.78211,0,0
KPL_PE,D,20200814,000000,6.86907,6.86907,6.52126,6.52126,0,0
KPL_PE,D,20200817,000000,6.52126,6.52126,6.43432,6.52126,0,0
KPL_PE,D,20200818,000000,6.60821,6.69516,6.43432,6.69516,0,0
KPL_PE,D,20200819,000000,6.60821,6.86907,6.60821,6.86907,0,0
KPL_PE,D,20200820,000000,6.86907,7.04297,6.86907,7.04297,0,0
KPL_PE,D,20200821,000000,7.04297,7.47772,6.78211,7.47772,0,0
KPL_PE,D,20200824,000000,7.56466,7.56466,7.39076,7.56466,0,0
KPL_PE,D,20200825,000000,7.56466,7.65161,7.39076,7.47772,0,0
KPL_PE,D,20200826,000000,7.30382,7.56466,7.21687,7.47772,0,0
KPL_PE,D,20200827,000000,7.39076,7.39076,7.30382,7.39076,0,0
KPL_PE,D,20200828,000000,7.30382,7.39076,7.21687,7.39076,0,0
KPL_PE,D,20200831,000000,7.39076,7.39076,7.21687,7.30382,0,0
KPL_PE,D,20200901,000000,7.39076,7.39076,7.1299,7.21687,0,0
KPL_PE,D,20200902,000000,7.30382,7.73858,7.30382,7.39076,0,0
KPL_PE,D,20200903,000000,7.39076,7.47772,7.04297,7.1299,0,0
KPL_PE,D,20200904,000000,7.04297,7.04297,6.86907,7.04297,0,0
KPL_PE,D,20200907,000000,7.04297,7.21687,6.95601,7.1299,0,0
KPL_PE,D,20200908,000000,6.95601,7.04297,6.69516,6.78211,0,0
KPL_PE,D,20200909,000000,6.86907,7.04297,6.86907,7.04297,0,0
KPL_PE,D,20200910,000000,6.95601,7.21687,6.86907,6.86907,0,0
KPL_PE,D,20200911,000000,6.95601,7.56466,6.86907,7.56466,0,0
KPL_PE,D,20200914,000000,7.56466,7.65161,7.1299,7.21687,0,0
KPL_PE,D,20200915,000000,7.21687,7.21687,7.1299,7.21687,0,0
KPL_PE,D,20200916,000000,7.30382,7.30382,7.21687,7.30382,0,0
KPL_PE,D,20200917,000000,7.1299,7.1299,7.04297,7.04297,0,0
KPL_PE,D,20200918,000000,7.1299,7.1299,6.95601,7.04297,0,0
KPL_PE,D,20200921,000000,7.1299,7.30382,6.86907,6.86907,0,0
KPL_PE,D,20200922,000000,7.04297,7.04297,6.95601,6.95601,0,0
KPL_PE,D,20200923,000000,7.04297,7.04297,6.78211,6.95601,0,0
KPL_PE,D,20200924,000000,6.95601,6.95601,6.52126,6.78211,0,0
KPL_PE,D,20200925,000000,6.78211,6.78211,6.52126,6.69516,0,0
KPL_PE,D,20200928,000000,6.69516,6.69516,6.43432,6.69516,0,0
KPL_PE,D,20200929,000000,6.69516,6.86907,6.43432,6.69516,0,0
KPL_PE,D,20200930,000000,6.78211,6.86907,6.52126,6.52126,0,0
KPL_PE,D,20201001,000000,6.52126,6.78211,6.43432,6.78211,0,0
KPL_PE,D,20201002,000000,6.78211,6.78211,6.60821,6.69516,0,0
KPL_PE,D,20201005,000000,6.69516,6.69516,6.52126,6.60821,0,0
KPL_PE,D,20201006,000000,6.60821,6.60821,6.43432,6.43432,0,0
KPL_PE,D,20201007,000000,6.43432,6.52126,6.34736,6.52126,0,0
KPL_PE,D,20201008,000000,6.52126,6.52126,6.52126,6.52126,0,0
KPL_PE,D,20201009,000000,6.43432,6.43432,6.34736,6.34736,0,0
KPL_PE,D,20201012,000000,6.52126,6.52126,6.34736,6.52126,0,0
KPL_PE,D,20201013,000000,6.52126,6.52126,6.26041,6.43432,0,0
KPL_PE,D,20201014,000000,6.43432,6.52126,6.26041,6.43432,0,0
KPL_PE,D,20201015,000000,6.52126,6.52126,6.34736,6.43432,0,0
KPL_PE,D,20201016,000000,6.43432,6.43432,6.34736,6.43432,0,0
KPL_PE,D,20201019,000000,6.26041,6.52126,6.26041,6.52126,0,0
KPL_PE,D,20201020,000000,6.52126,6.52126,6.43432,6.43432,0,0
KPL_PE,D,20201021,000000,6.43432,6.60821,6.34736,6.43432,0,0
KPL_PE,D,20201022,000000,6.34736,6.43432,6.34736,6.43432,0,0
KPL_PE,D,20201023,000000,6.43432,6.52126,6.34736,6.52126,0,0
KPL_PE,D,20201026,000000,6.52126,6.52126,6.26041,6.43432,0,0
KPL_PE,D,20201027,000000,6.43432,6.60821,6.34736,6.43432,0,0
KPL_PE,D,20201028,000000,6.34736,6.34736,6.17347,6.17347,0,0
KPL_PE,D,20201029,000000,6.0865,6.17347,5.99957,5.99957,0,0
KPL_PE,D,20201030,000000,6.0865,6.17347,5.91261,6.17347,0,0
KPL_PE,D,20201102,000000,6.17347,6.17347,6.0865,6.17347,0,0
KPL_PE,D,20201103,000000,6.17347,6.43432,6.0865,6.17347,0,0
KPL_PE,D,20201104,000000,6.26041,6.26041,6.0865,6.17347,0,0
KPL_PE,D,20201105,000000,6.26041,6.52126,6.0865,6.52126,0,0
KPL_PE,D,20201106,000000,6.52126,6.52126,6.34736,6.52126,0,0
KPL_PE,D,20201109,000000,6.52126,6.52126,6.26041,6.43432,0,0
KPL_PE,D,20201110,000000,6.52126,6.60821,6.43432,6.60821,0,0
KPL_PE,D,20201112,000000,6.60821,7.21687,6.43432,7.21687,0,0
KPL_PE,D,20201113,000000,7.21687,7.21687,6.78211,6.78211,0,0
KPL_PE,D,20201116,000000,7.1299,7.1299,6.95601,6.95601,0,0
KPL_PE,D,20201117,000000,6.95601,7.1299,6.78211,7.1299,0,0
KPL_PE,D,20201118,000000,7.1299,7.30382,7.1299,7.21687,0,0
KPL_PE,D,20201119,000000,7.30382,7.30382,7.04297,7.21687,0,0
KPL_PE,D,20201120,000000,7.47772,7.47772,5.73871,5.73871,0,0
KPL_PE,D,20201123,000000,5.73871,6.17347,5.73871,6.0865,0,0
KPL_PE,D,20201124,000000,6.0865,6.0865,5.91261,5.99957,0,0
KPL_PE,D,20201125,000000,5.99957,5.99957,5.91261,5.91261,0,0
KPL_PE,D,20201126,000000,5.91261,5.91261,5.91261,5.91261,0,0
KPL_PE,D,20201127,000000,5.91261,6.52126,5.91261,6.43432,0,0
KPL_PE,D,20201130,000000,6.43432,6.69516,6.43432,6.60821,0,0
KPL_PE,D,20201201,000000,6.60821,6.69516,6.52126,6.52126,0,0
KPL_PE,D,20201202,000000,6.69516,6.69516,6.52126,6.69516,0,0
KPL_PE,D,20201203,000000,6.69516,6.69516,6.52126,6.69516,0,0
KPL_PE,D,20201204,000000,6.69516,6.69516,6.60821,6.60821,0,0
KPL_PE,D,20201207,000000,6.60821,6.60821,6.34736,6.34736,0,0
KPL_PE,D,20201208,000000,6.34736,6.43432,6.26041,6.43432,0,0
KPL_PE,D,20201209,000000,6.43432,6.52126,6.34736,6.52126,0,0
KPL_PE,D,20201210,000000,6.52126,6.52126,6.34736,6.43432,0,0
KPL_PE,D,20201211,000000,6.43432,6.43432,6.34736,6.34736,0,0
KPL_PE,D,20201214,000000,6.34736,6.34736,6.17347,6.17347,0,0
KPL_PE,D,20201215,000000,6.34736,6.34736,6.17347,6.34736,0,0
KPL_PE,D,20201216,000000,6.34736,6.34736,6.17347,6.34736,0,0
KPL_PE,D,20201217,000000,6.34736,6.34736,6.17347,6.26041,0,0
KPL_PE,D,20201218,000000,6.26041,6.26041,6.17347,6.17347,0,0
KPL_PE,D,20201221,000000,6.17347,6.17347,5.99957,5.99957,0,0
KPL_PE,D,20201222,000000,5.99957,6.17347,5.99957,6.0865,0,0
KPL_PE,D,20201223,000000,5.99957,5.99957,5.91261,5.99957,0,0
KPL_PE,D,20201228,000000,5.99957,6.26041,5.99957,6.26041,0,0
KPL_PE,D,20201229,000000,6.26041,6.34736,6.26041,6.34736,0,0
KPL_PE,D,20201230,000000,6.34736,6.34736,5.91261,6.0865,0,0
KPL_PE,D,20210104,000000,6.0865,6.17347,5.99957,5.99957,0,0
KPL_PE,D,20210105,000000,6.17347,6.17347,5.99957,6.17347,0,0
KPL_PE,D,20210107,000000,6.17347,6.26041,6.17347,6.26041,0,0
KPL_PE,D,20210108,000000,6.34736,6.69516,6.34736,6.60821,0,0
KPL_PE,D,20210111,000000,6.69516,7.30382,6.69516,7.30382,0,0
KPL_PE,D,20210112,000000,7.30382,7.39076,7.1299,7.1299,0,0
KPL_PE,D,20210113,000000,7.30382,7.30382,7.1299,7.1299,0,0
KPL_PE,D,20210114,000000,7.1299,7.30382,7.04297,7.04297,0,0
KPL_PE,D,20210115,000000,7.04297,7.04297,6.95601,6.95601,0,0
KPL_PE,D,20210118,000000,6.95601,7.1299,6.95601,7.1299,0,0
KPL_PE,D,20210119,000000,7.1299,7.1299,6.95601,7.04297,0,0
KPL_PE,D,20210120,000000,7.04297,7.04297,6.95601,7.04297,0,0
KPL_PE,D,20210121,000000,7.1299,7.1299,6.95601,7.04297,0,0
KPL_PE,D,20210122,000000,7.04297,7.04297,6.95601,7.04297,0,0
KPL_PE,D,20210125,000000,7.04297,7.04297,6.95601,7.04297,0,0
KPL_PE,D,20210126,000000,7.04297,7.04297,7.04297,7.04297,0,0
KPL_PE,D,20210127,000000,7.04297,7.04297,6.86907,6.86907,0,0
KPL_PE,D,20210128,000000,6.69516,7.1299,6.69516,7.1299,0,0
KPL_PE,D,20210129,000000,7.1299,7.1299,6.78211,6.86907,0,0
KPL_PE,D,20210201,000000,6.86907,6.95601,6.86907,6.95601,0,0
KPL_PE,D,20210202,000000,6.95601,7.04297,6.95601,7.04297,0,0
KPL_PE,D,20210203,000000,7.04297,7.04297,6.86907,6.95601,0,0
KPL_PE,D,20210204,000000,6.95601,7.04297,6.78211,6.86907,0,0
KPL_PE,D,20210205,000000,7.04297,7.04297,6.95601,7.04297,0,0
KPL_PE,D,20210208,000000,7.04297,7.1299,7.04297,7.04297,0,0
KPL_PE,D,20210209,000000,7.1299,7.39076,7.1299,7.21687,0,0
KPL_PE,D,20210210,000000,7.30382,7.30382,7.04297,7.30382,0,0
KPL_PE,D,20210211,000000,7.21687,7.82551,7.21687,7.82551,0,0
KPL_PE,D,20210212,000000,7.82551,9.30368,7.82551,8.95587,0,0
KPL_PE,D,20210215,000000,9.04281,10.3471,9.04281,10.0861,0,0
KPL_PE,D,20210216,000000,10.3471,10.3471,9.30368,9.8254,0,0
KPL_PE,D,20210217,000000,9.91222,9.91222,9.47756,9.65156,0,0
KPL_PE,D,20210218,000000,9.5645,9.5645,9.1298,9.1298,0,0
KPL_PE,D,20210219,000000,9.1298,9.73848,9.1298,9.73848,0,0
KPL_PE,D,20210222,000000,9.73848,9.73848,9.30368,9.39063,0,0
KPL_PE,D,20210223,000000,9.73848,9.73848,8.95587,8.95587,0,0
KPL_PE,D,20210224,000000,8.95587,9.5645,8.95587,9.39063,0,0
KPL_PE,D,20210225,000000,9.39063,9.73848,9.39063,9.5645,0,0
KPL_PE,D,20210226,000000,9.30368,9.39063,9.04281,9.21674,0,0
KPL_PE,D,20210301,000000,8.95587,9.39063,8.95587,9.39063,0,0
KPL_PE,D,20210302,000000,9.39063,9.65156,9.39063,9.39063,0,0
KPL_PE,D,20210303,000000,9.73848,9.73848,9.1298,9.30368,0,0
KPL_PE,D,20210304,000000,9.30368,9.30368,9.04281,9.21674,0,0
KPL_PE,D,20210305,000000,9.30368,9.30368,9.1298,9.30368,0,0
KPL_PE,D,20210308,000000,9.1298,9.39063,8.95587,9.21674,0,0
KPL_PE,D,20210309,000000,9.21674,9.5645,8.95587,9.5645,0,0
KPL_PE,D,20210310,000000,9.5645,9.5645,9.30368,9.39063,0,0
KPL_PE,D,20210311,000000,9.47756,9.47756,9.1298,9.30368,0,0
KPL_PE,D,20210312,000000,9.30368,9.47756,9.1298,9.39063,0,0
KPL_PE,D,20210315,000000,9.47756,9.65156,9.21674,9.65156,0,0
KPL_PE,D,20210316,000000,9.65156,9.65156,9.21674,9.21674,0,0
KPL_PE,D,20210317,000000,9.30368,9.30368,8.86892,9.1298,0,0
KPL_PE,D,20210318,000000,9.1298,9.1298,8.69502,8.86892,0,0
KPL_PE,D,20210319,000000,8.78197,8.95587,8.69502,8.95587,0,0
KPL_PE,D,20210322,000000,8.78197,9.04281,8.52111,8.52111,0,0
KPL_PE,D,20210323,000000,8.52111,8.52111,8.26027,8.34722,0,0
KPL_PE,D,20210324,000000,8.17331,8.86892,8.08637,8.86892,0,0
KPL_PE,D,20210325,000000,8.95587,9.04281,8.52111,9.04281,0,0
KPL_PE,D,20210326,000000,9.04281,9.39063,7.39076,7.39076,0,0
KPL_PE,D,20210329,000000,7.30382,7.73858,7.30382,7.47772,0,0
KPL_PE,D,20210330,000000,7.82551,8.78197,7.82551,8.69502,0,0
KPL_PE,D,20210331,000000,8.78197,8.78197,8.34722,8.34722,0,0
KPL_PE,D,20210401,000000,8.60807,9.47756,8.60807,9.30368,0,0
KPL_PE,D,20210406,000000,9.30368,9.30368,8.69502,8.95587,0,0
KPL_PE,D,20210407,000000,9.21674,9.21674,9.04281,9.1298,0,0
KPL_PE,D,20210408,000000,9.21674,9.30368,9.1298,9.21674,0,0
KPL_PE,D,20210409,000000,9.30368,10.1732,9.30368,9.91222,0,0
KPL_PE,D,20210412,000000,9.99923,10.0861,9.47756,9.8254,0,0
KPL_PE,D,20210413,000000,9.91222,10.1732,9.91222,10.0861,0,0
KPL_PE,D,20210414,000000,10.0861,10.0861,9.99923,10.0861,0,0
KPL_PE,D,20210415,000000,10.0861,10.0861,9.8254,9.99923,0,0
KPL_PE,D,20210416,000000,9.99923,9.99923,9.5645,9.65156,0,0
KPL_PE,D,20210419,000000,9.5645,9.65156,9.04281,9.39063,0,0
KPL_PE,D,20210420,000000,9.39063,9.47756,8.95587,9.30368,0,0
KPL_PE,D,20210421,000000,9.30368,9.30368,8.95587,8.95587,0,0
KPL_PE,D,20210422,000000,8.86892,9.30368,8.86892,9.30368,0,0
KPL_PE,D,20210423,000000,9.30368,9.30368,9.04281,9.1298,0,0
KPL_PE,D,20210426,000000,9.21674,9.21674,9.04281,9.04281,0,0
KPL_PE,D,20210427,000000,9.21674,9.21674,9.04281,9.1298,0,0
KPL_PE,D,20210428,000000,9.1298,9.21674,9.1298,9.21674,0,0
KPL_PE,D,20210429,000000,9.21674,9.65156,9.1298,9.5645,0,0
KPL_PE,D,20210430,000000,9.73848,9.73848,9.39063,9.39063,0,0
KPL_PE,D,20210504,000000,9.30368,9.47756,9.1298,9.30368,0,0
KPL_PE,D,20210505,000000,9.1298,9.30368,8.34722,8.60807,0,0
KPL_PE,D,20210506,000000,8.69502,9.04281,8.69502,9.04281,0,0
KPL_PE,D,20210507,000000,8.86892,9.39063,8.86892,9.39063,0,0
KPL_PE,D,20210510,000000,9.39063,9.39063,9.04281,9.1298,0,0
KPL_PE,D,20210511,000000,9.1298,9.21674,8.43416,8.78197,0,0
KPL_PE,D,20210512,000000,8.78197,8.78197,8.60807,8.60807,0,0
KPL_PE,D,20210513,000000,8.60807,8.69502,7.82551,8.34722,0,0
KPL_PE,D,20210514,000000,8.26027,9.04281,8.17331,8.17331,0,0
KPL_PE,D,20210517,000000,8.17331,8.52111,8.17331,8.52111,0,0
KPL_PE,D,20210518,000000,8.60807,8.60807,8.26027,8.52111,0,0
KPL_PE,D,20210519,000000,8.43416,8.43416,8.26027,8.43416,0,0
KPL_PE,D,20210520,000000,8.43416,8.43416,8.26027,8.43416,0,0
KPL_PE,D,20210521,000000,8.43416,8.52111,8.26027,8.43416,0,0
KPL_PE,D,20210524,000000,8.43416,8.43416,7.99941,8.34722,0,0
KPL_PE,D,20210525,000000,8.34722,8.52111,7.99941,8.52111,0,0
KPL_PE,D,20210526,000000,8.52111,8.52111,8.17331,8.17331,0,0
KPL_PE,D,20210527,000000,8.34722,8.43416,8.17331,8.43416,0,0
KPL_PE,D,20210528,000000,8.52111,8.60807,8.34722,8.52111,0,0
KPL_PE,D,20210531,000000,8.52111,8.52111,8.34722,8.34722,0,0
KPL_PE,D,20210601,000000,8.43416,8.86892,8.43416,8.78197,0,0
KPL_PE,D,20210602,000000,8.86892,8.86892,8.78197,8.86892,0,0
KPL_PE,D,20210604,000000,8.78197,8.78197,8.60807,8.60807,0,0
KPL_PE,D,20210607,000000,8.60807,8.69502,8.34722,8.43416,0,0
KPL_PE,D,20210608,000000,8.26027,8.43416,8.26027,8.34722,0,0
KPL_PE,D,20210609,000000,8.34722,8.52111,8.26027,8.43416,0,0
KPL_PE,D,20210610,000000,8.43416,8.52111,8.43416,8.52111,0,0
KPL_PE,D,20210611,000000,8.52111,8.69502,8.34722,8.34722,0,0
KPL_PE,D,20210614,000000,8.52111,8.52111,8.34722,8.34722,0,0
KPL_PE,D,20210615,000000,8.52111,8.60807,8.34722,8.60807,0,0
KPL_PE,D,20210616,000000,8.60807,8.60807,8.52111,8.52111,0,0
KPL_PE,D,20210617,000000,8.60807,8.60807,8.34722,8.43416,0,0
KPL_PE,D,20210618,000000,8.43416,8.43416,8.26027,8.34722,0,0
KPL_PE,D,20210621,000000,8.34722,8.34722,8.26027,8.26027,0,0
KPL_PE,D,20210622,000000,8.26027,8.26027,8.08637,8.17331,0,0
KPL_PE,D,20210623,000000,7.99941,8.17331,7.99941,8.17331,0,0
KPL_PE,D,20210624,000000,8.26027,8.26027,7.91247,8.08637,0,0
KPL_PE,D,20210625,000000,7.99941,7.99941,7.91247,7.99941,0,0
KPL_PE,D,20210628,000000,8.08637,8.08637,7.73858,7.91247,0,0
KPL_PE,D,20210629,000000,7.91247,7.91247,7.82551,7.82551,0,0
KPL_PE,D,20210630,000000,7.82551,7.82551,7.82551,7.82551,0,0
KPL_PE,D,20210701,000000,7.82551,7.91247,7.73858,7.73858,0,0
KPL_PE,D,20210702,000000,7.73858,7.91247,7.73858,7.91247,0,0
KPL_PE,D,20210705,000000,7.91247,7.91247,7.82551,7.91247,0,0
KPL_PE,D,20210706,000000,7.91247,7.91247,7.73858,7.73858,0,0
KPL_PE,D,20210707,000000,7.73858,7.91247,7.65161,7.91247,0,0
KPL_PE,D,20210708,000000,7.91247,7.91247,7.65161,7.65161,0,0
KPL_PE,D,20210709,000000,7.82551,7.82551,7.47772,7.73858,0,0
KPL_PE,D,20210712,000000,7.65161,7.73858,7.65161,7.65161,0,0
KPL_PE,D,20210713,000000,7.65161,7.73858,7.47772,7.56466,0,0
KPL_PE,D,20210714,000000,7.47772,7.65161,7.47772,7.56466,0,0
KPL_PE,D,20210715,000000,7.47772,7.73858,7.47772,7.47772,0,0
KPL_PE,D,20210716,000000,7.47772,7.56466,7.47772,7.56466,0,0
KPL_PE,D,20210719,000000,7.65161,7.65161,7.21687,7.39076,0,0
KPL_PE,D,20210720,000000,7.30382,7.47772,7.21687,7.30382,0,0
KPL_PE,D,20210721,000000,7.1299,7.30382,7.1299,7.21687,0,0
KPL_PE,D,20210722,000000,7.21687,7.30382,7.21687,7.21687,0,0
KPL_PE,D,20210723,000000,7.21687,7.56466,7.21687,7.30382,0,0
KPL_PE,D,20210726,000000,7.30382,7.65161,7.30382,7.65161,0,0
KPL_PE,D,20210727,000000,7.65161,7.65161,7.47772,7.65161,0,0
KPL_PE,D,20210728,000000,7.65161,7.65161,7.56466,7.65161,0,0
KPL_PE,D,20210729,000000,7.65161,8.34722,7.65161,8.17331,0,0
KPL_PE,D,20210730,000000,8.43416,8.43416,8.26027,8.43416,0,0
KPL_PE,D,20210802,000000,8.43416,8.43416,8.26027,8.34722,0,0
KPL_PE,D,20210803,000000,8.26027,8.34722,8.26027,8.26027,0,0
KPL_PE,D,20210804,000000,8.26027,8.26027,8.08637,8.17331,0,0
KPL_PE,D,20210805,000000,8.17331,8.17331,7.91247,8.08637,0,0
KPL_PE,D,20210806,000000,8.08637,8.08637,7.91247,7.91247,0,0
KPL_PE,D,20210809,000000,7.91247,7.91247,7.73858,7.91247,0,0
KPL_PE,D,20210810,000000,7.82551,7.82551,7.65161,7.82551,0,0
KPL_PE,D,20210811,000000,7.82551,7.82551,7.73858,7.73858,0,0
KPL_PE,D,20210812,000000,7.73858,7.82551,7.73858,7.82551,0,0
KPL_PE,D,20210813,000000,7.82551,7.91247,7.82551,7.82551,0,0
KPL_PE,D,20210816,000000,7.82551,8.17331,7.82551,8.17331,0,0
KPL_PE,D,20210817,000000,8.17331,8.34722,8.08637,8.34722,0,0
KPL_PE,D,20210818,000000,8.17331,8.34722,8.17331,8.26027,0,0
KPL_PE,D,20210819,000000,8.34722,8.43416,6.69516,6.69516,0,0
KPL_PE,D,20210820,000000,6.69516,6.78211,6.60821,6.69516,0,0
KPL_PE,D,20210823,000000,6.78211,6.86907,6.60821,6.69516,0,0
KPL_PE,D,20210824,000000,6.69516,6.69516,6.52126,6.52126,0,0
KPL_PE,D,20210825,000000,6.60821,6.60821,6.43432,6.60821,0,0
KPL_PE,D,20210826,000000,6.60821,6.78211,6.60821,6.69516,0,0
KPL_PE,D,20210827,000000,6.78211,7.04297,6.69516,7.04297,0,0
KPL_PE,D,20210830,000000,7.04297,7.04297,6.78211,7.04297,0,0
KPL_PE,D,20210831,000000,6.86907,7.04297,6.86907,6.95601,0,0
KPL_PE,D,20210901,000000,6.95601,7.04297,6.86907,6.95601,0,0
KPL_PE,D,20210902,000000,7.04297,7.21687,6.86907,7.21687,0,0
KPL_PE,D,20210903,000000,7.30382,7.30382,6.95601,6.95601,0,0
KPL_PE,D,20210906,000000,6.95601,6.95601,6.78211,6.86907,0,0
KPL_PE,D,20210907,000000,6.95601,7.1299,6.86907,7.04297,0,0
KPL_PE,D,20210908,000000,7.04297,7.21687,7.04297,7.04297,0,0
KPL_PE,D,20210909,000000,7.04297,7.21687,7.04297,7.21687,0,0
KPL_PE,D,20210910,000000,7.30382,7.30382,7.04297,7.04297,0,0
KPL_PE,D,20210913,000000,7.1299,7.21687,6.95601,7.04297,0,0
KPL_PE,D,20210914,000000,7.04297,7.1299,7.04297,7.04297,0,0
KPL_PE,D,20210915,000000,7.04297,7.04297,7.04297,7.04297,0,0
KPL_PE,D,20210916,000000,7.04297,7.1299,6.95601,7.04297,0,0
KPL_PE,D,20210917,000000,7.04297,7.30382,7.04297,7.21687,0,0
KPL_PE,D,20210920,000000,7.21687,7.21687,6.78211,6.95601,0,0
KPL_PE,D,20210921,000000,7.1299,7.1299,6.86907,6.95601,0,0
KPL_PE,D,20210922,000000,7.04297,7.1299,6.86907,6.86907,0,0
KPL_PE,D,20210923,000000,6.78211,6.78211,6.43432,6.60821,0,0
KPL_PE,D,20210924,000000,6.52126,6.69516,6.43432,6.52126,0,0
KPL_PE,D,20210927,000000,6.43432,6.43432,6.0865,6.17347,0,0
KPL_PE,D,20210928,000000,6.0865,6.26041,6.0865,6.0865,0,0
KPL_PE,D,20210929,000000,5.99957,6.26041,5.99957,6.26041,0,0
KPL_PE,D,20210930,000000,6.26041,6.43432,6.17347,6.17347,0,0
KPL_PE,D,20211001,000000,6.0865,6.34736,6.0865,6.34736,0,0
KPL_PE,D,20211004,000000,6.34736,6.43432,6.34736,6.43432,0,0
KPL_PE,D,20211005,000000,6.52126,6.52126,6.43432,6.52126,0,0
KPL_PE,D,20211006,000000,6.52126,6.52126,6.34736,6.34736,0,0
KPL_PE,D,20211007,000000,6.34736,6.43432,6.34736,6.43432,0,0
KPL_PE,D,20211008,000000,6.52126,6.60821,6.34736,6.60821,0,0
KPL_PE,D,20211011,000000,6.60821,6.78211,6.60821,6.69516,0,0
KPL_PE,D,20211012,000000,6.86907,6.86907,6.69516,6.69516,0,0
KPL_PE,D,20211013,000000,6.60821,6.78211,6.60821,6.69516,0,0
KPL_PE,D,20211014,000000,6.69516,6.78211,6.60821,6.60821,0,0
KPL_PE,D,20211015,000000,6.52126,6.69516,6.52126,6.60821,0,0
KPL_PE,D,20211018,000000,6.60821,6.60821,6.34736,6.34736,0,0
KPL_PE,D,20211019,000000,6.26041,6.34736,6.26041,6.26041,0,0
KPL_PE,D,20211020,000000,6.34736,6.34736,6.26041,6.26041,0,0
KPL_PE,D,20211021,000000,6.17347,6.26041,6.0865,6.0865,0,0
KPL_PE,D,20211022,000000,6.0865,6.43432,6.0865,6.34736,0,0
KPL_PE,D,20211025,000000,6.34736,6.43432,6.26041,6.34736,0,0
KPL_PE,D,20211026,000000,6.52126,6.52126,6.26041,6.52126,0,0
KPL_PE,D,20211027,000000,6.52126,6.52126,6.26041,6.26041,0,0
KPL_PE,D,20211028,000000,6.26041,6.26041,6.17347,6.17347,0,0
KPL_PE,D,20211029,000000,6.17347,6.17347,6.0865,6.17347,0,0
KPL_PE,D,20211102,000000,6.26041,6.43432,6.17347,6.34736,0,0
KPL_PE,D,20211103,000000,6.43432,6.43432,6.34736,6.34736,0,0
KPL_PE,D,20211104,000000,6.43432,6.60821,6.43432,6.60821,0,0
KPL_PE,D,20211105,000000,6.60821,6.86907,6.43432,6.78211,0,0
KPL_PE,D,20211108,000000,6.86907,7.1299,6.78211,7.04297,0,0
KPL_PE,D,20211109,000000,7.1299,7.1299,6.86907,6.86907,0,0
KPL_PE,D,20211110,000000,6.95601,6.95601,6.78211,6.86907,0,0
KPL_PE,D,20211112,000000,6.95601,6.95601,6.69516,6.78211,0,0
KPL_PE,D,20211115,000000,6.78211,6.86907,6.69516,6.78211,0,0
KPL_PE,D,20211116,000000,6.95601,6.95601,6.78211,6.78211,0,0
KPL_PE,D,20211117,000000,6.86907,6.95601,6.78211,6.95601,0,0
KPL_PE,D,20211118,000000,7.04297,7.21687,6.86907,6.86907,0,0
KPL_PE,D,20211119,000000,6.95601,7.1299,6.0865,6.0865,0,0
KPL_PE,D,20211122,000000,6.0865,6.0865,5.91261,5.91261,0,0
KPL_PE,D,20211123,000000,5.99957,5.99957,5.65175,5.82567,0,0
KPL_PE,D,20211124,000000,5.82567,5.91261,5.73871,5.82567,0,0
KPL_PE,D,20211125,000000,5.82567,5.91261,5.82567,5.91261,0,0
KPL_PE,D,20211126,000000,5.73871,5.82567,5.56482,5.65175,0,0
KPL_PE,D,20211129,000000,5.65175,5.82567,5.47785,5.82567,0,0
KPL_PE,D,20211130,000000,5.82567,5.99957,5.73871,5.99957,0,0
KPL_PE,D,20211201,000000,6.0865,6.17347,6.0865,6.17347,0,0
KPL_PE,D,20211202,000000,6.17347,6.17347,6.0865,6.17347,0,0
KPL_PE,D,20211203,000000,6.26041,6.26041,6.0865,6.17347,0,0
KPL_PE,D,20211206,000000,6.17347,6.17347,6.17347,6.17347,0,0
KPL_PE,D,20211207,000000,6.0865,6.17347,6.0865,6.17347,0,0
KPL_PE,D,20211208,000000,6.0865,6.17347,6.0865,6.17347,0,0
KPL_PE,D,20211209,000000,6.17347,6.17347,5.99957,6.0865,0,0
KPL_PE,D,20211210,000000,6.0865,6.17347,6.0865,6.17347,0,0
KPL_PE,D,20211213,000000,6.17347,6.17347,6.0865,6.17347,0,0
KPL_PE,D,20211214,000000,6.17347,6.17347,6.0865,6.17347,0,0
KPL_PE,D,20211215,000000,6.26041,6.34736,6.0865,6.17347,0,0
KPL_PE,D,20211216,000000,6.26041,6.26041,6.17347,6.17347,0,0
KPL_PE,D,20211217,000000,6.17347,6.26041,6.0865,6.0865,0,0
KPL_PE,D,20211220,000000,6.0865,6.0865,5.65175,5.91261,0,0
KPL_PE,D,20211221,000000,5.91261,5.99957,5.82567,5.99957,0,0
KPL_PE,D,20211222,000000,5.99957,5.99957,5.99957,5.99957,0,0
KPL_PE,D,20211223,000000,5.99957,5.99957,5.91261,5.99957,0,0
KPL_PE,D,20211227,000000,5.99957,6.0865,5.91261,6.0865,0,0
KPL_PE,D,20211228,000000,6.0865,6.0865,5.91261,5.99957,0,0
KPL_PE,D,20211229,000000,5.99957,6.34736,5.99957,6.26041,0,0
KPL_PE,D,20211230,000000,6.26041,6.43432,6.26041,6.43432,0,0
KPL_PE,D,20220103,000000,6.43432,6.86907,6.43432,6.78211,0,0
KPL_PE,D,20220104,000000,6.86907,7.1299,6.86907,7.04297,0,0
KPL_PE,D,20220105,000000,7.04297,7.1299,6.95601,6.95601,0,0
KPL_PE,D,20220107,000000,7.04297,7.21687,6.95601,7.1299,0,0
KPL_PE,D,20220110,000000,7.21687,7.30382,6.95601,7.21687,0,0
KPL_PE,D,20220111,000000,6.95601,7.30382,6.95601,7.21687,0,0
KPL_PE,D,20220112,000000,7.21687,7.21687,7.1299,7.21687,0,0
KPL_PE,D,20220113,000000,7.21687,7.30382,7.1299,7.30382,0,0
KPL_PE,D,20220114,000000,7.30382,7.30382,7.04297,7.1299,0,0
KPL_PE,D,20220117,000000,7.04297,7.04297,6.86907,6.95601,0,0
KPL_PE,D,20220118,000000,6.95601,6.95601,6.86907,6.95601,0,0
KPL_PE,D,20220119,000000,6.95601,6.95601,6.78211,6.86907,0,0
KPL_PE,D,20220120,000000,6.86907,6.86907,6.60821,6.69516,0,0
KPL_PE,D,20220121,000000,6.60821,6.60821,6.52126,6.60821,0,0
KPL_PE,D,20220124,000000,6.60821,6.60821,5.82567,6.0865,0,0
KPL_PE,D,20220125,000000,5.99957,6.52126,5.82567,5.91261,0,0
KPL_PE,D,20220126,000000,6.26041,6.43432,6.0865,6.34736,0,0
KPL_PE,D,20220127,000000,6.34736,6.34736,6.17347,6.26041,0,0
KPL_PE,D,20220128,000000,6.26041,6.34736,6.17347,6.34736,0,0
KPL_PE,D,20220131,000000,6.34736,6.43432,6.26041,6.43432,0,0
KPL_PE,D,20220201,000000,6.43432,6.43432,6.34736,6.43432,0,0
KPL_PE,D,20220202,000000,6.43432,6.52126,6.34736,6.52126,0,0
KPL_PE,D,20220203,000000,6.52126,6.60821,6.52126,6.60821,0,0
KPL_PE,D,20220204,000000,6.60821,6.60821,6.43432,6.60821,0,0
KPL_PE,D,20220207,000000,6.43432,6.52126,6.34736,6.52126,0,0
KPL_PE,D,20220208,000000,6.34736,6.52126,6.34736,6.52126,0,0
KPL_PE,D,20220209,000000,6.52126,6.52126,6.34736,6.52126,0,0
KPL_PE,D,20220210,000000,6.52126,6.52126,6.43432,6.52126,0,0
KPL_PE,D,20220211,000000,6.52126,6.52126,6.52126,6.52126,0,0
KPL_PE,D,20220214,000000,6.34736,6.43432,5.99957,6.0865,0,0
KPL_PE,D,20220215,000000,6.26041,6.26041,6.0865,6.17347,0,0
KPL_PE,D,20220216,000000,6.17347,6.26041,6.0865,6.26041,0,0
KPL_PE,D,20220217,000000,6.26041,6.26041,5.99957,6.0865,0,0
KPL_PE,D,20220218,000000,6.26041,6.43432,6.26041,6.26041,0,0
KPL_PE,D,20220221,000000,6.26041,6.26041,5.82567,6.0865,0,0
KPL_PE,D,20220222,000000,5.91261,6.34736,5.82567,6.26041,0,0
KPL_PE,D,20220223,000000,6.26041,6.34736,6.17347,6.34736,0,0
KPL_PE,D,20220224,000000,5.82567,5.99957,5.30396,5.56482,0,0
KPL_PE,D,20220225,000000,5.56482,5.73871,5.39092,5.47785,0,0
KPL_PE,D,20220228,000000,5.39092,5.82567,5.39092,5.73871,0,0
KPL_PE,D,20220301,000000,5.56482,5.73871,5.56482,5.65175,0,0
KPL_PE,D,20220302,000000,5.73871,5.91261,5.56482,5.91261,0,0
KPL_PE,D,20220303,000000,5.73871,5.73871,5.47785,5.65175,0,0
KPL_PE,D,20220304,000000,5.65175,5.65175,5.56482,5.56482,0,0
KPL_PE,D,20220307,000000,5.39092,5.56482,5.30396,5.56482,0,0
KPL_PE,D,20220308,000000,5.47785,5.56482,5.47785,5.56482,0,0
KPL_PE,D,20220309,000000,5.56482,5.65175,5.56482,5.56482,0,0
KPL_PE,D,20220310,000000,5.56482,5.73871,5.56482,5.73871,0,0
KPL_PE,D,20220311,000000,5.73871,5.91261,5.65175,5.82567,0,0
KPL_PE,D,20220314,000000,5.82567,5.91261,5.73871,5.73871,0,0
KPL_PE,D,20220315,000000,5.82567,5.82567,5.73871,5.73871,0,0
KPL_PE,D,20220316,000000,5.82567,5.82567,5.73871,5.73871,0,0
KPL_PE,D,20220317,000000,5.82567,5.82567,5.56482,5.73871,0,0
KPL_PE,D,20220318,000000,5.91261,5.91261,5.73871,5.91261,0,0
KPL_PE,D,20220321,000000,5.91261,5.91261,5.91261,5.91261,0,0
KPL_PE,D,20220322,000000,5.91261,5.91261,5.82567,5.82567,0,0
KPL_PE,D,20220323,000000,5.91261,5.91261,5.82567,5.91261,0,0
KPL_PE,D,20220324,000000,5.91261,5.99957,5.91261,5.91261,0,0
KPL_PE,D,20220325,000000,5.99957,6.0865,5.91261,6.0865,0,0
KPL_PE,D,20220328,000000,6.0865,6.43432,6.0865,6.43432,0,0
KPL_PE,D,20220329,000000,6.34736,6.43432,6.26041,6.43432,0,0
KPL_PE,D,20220330,000000,6.34736,6.43432,6.26041,6.34736,0,0
KPL_PE,D,20220331,000000,6.34736,6.43432,6.26041,6.43432,0,0
KPL_PE,D,20220401,000000,6.52126,6.69516,6.52126,6.52126,0,0
KPL_PE,D,20220404,000000,6.52126,6.60821,6.52126,6.60821,0,0
KPL_PE,D,20220405,000000,6.60821,6.60821,6.52126,6.60821,0,0
KPL_PE,D,20220406,000000,6.60821,6.60821,6.34736,6.43432,0,0
KPL_PE,D,20220407,000000,6.43432,6.78211,6.43432,6.78211,0,0
KPL_PE,D,20220408,000000,6.78211,6.86907,6.69516,6.86907,0,0
KPL_PE,D,20220411,000000,6.78211,6.95601,6.78211,6.86907,0,0
KPL_PE,D,20220412,000000,6.86907,6.86907,6.60821,6.78211,0,0
KPL_PE,D,20220413,000000,6.86907,6.86907,6.78211,6.86907,0,0
KPL_PE,D,20220414,000000,6.86907,6.95601,6.86907,6.86907,0,0
KPL_PE,D,20220419,000000,6.69516,6.78211,6.26041,6.26041,0,0
KPL_PE,D,20220420,000000,6.26041,6.52126,6.26041,6.52126,0,0
KPL_PE,D,20220421,000000,6.52126,6.52126,6.34736,6.43432,0,0
KPL_PE,D,20220422,000000,6.43432,6.43432,6.43432,6.43432,0,0
KPL_PE,D,20220425,000000,6.43432,6.43432,5.47785,5.47785,0,0
KPL_PE,D,20220426,000000,5.47785,5.47785,5.39092,5.39092,0,0
KPL_PE,D,20220427,000000,5.47785,5.47785,5.217,5.30396,0,0
KPL_PE,D,20220428,000000,5.30396,5.39092,5.217,5.39092,0,0
KPL_PE,D,20220429,000000,5.39092,5.39092,5.30396,5.30396,0,0
KPL_PE,D,20220502,000000,5.30396,5.30396,5.217,5.217,0,0
KPL_PE,D,20220504,000000,5.217,5.30396,5.217,5.30396,0,0
KPL_PE,D,20220505,000000,5.217,5.30396,5.217,5.30396,0,0
KPL_PE,D,20220506,000000,5.30396,5.30396,5.217,5.217,0,0
KPL_PE,D,20220509,000000,5.30396,5.30396,5.217,5.217,0,0
KPL_PE,D,20220510,000000,5.217,5.30396,5.217,5.30396,0,0
KPL_PE,D,20220511,000000,5.217,5.39092,5.217,5.30396,0,0
KPL_PE,D,20220512,000000,5.30396,5.30396,5.13006,5.30396,0,0
KPL_PE,D,20220513,000000,5.30396,5.30396,5.30396,5.30396,0,0
KPL_PE,D,20220516,000000,5.30396,5.30396,5.30396,5.30396,0,0
KPL_PE,D,20220517,000000,5.30396,5.30396,5.30396,5.30396,0,0
KPL_PE,D,20220518,000000,5.30396,5.30396,5.217,5.30396,0,0
KPL_PE,D,20220519,000000,5.217,5.30396,5.217,5.30396,0,0
KPL_PE,D,20220520,000000,5.30396,5.30396,5.217,5.217,0,0
KPL_PE,D,20220523,000000,5.217,5.217,4.69531,4.69531,0,0
KPL_PE,D,20220524,000000,4.69531,4.69531,4.69531,4.69531,0,0
KPL_PE,D,20220525,000000,4.60835,4.69531,4.60835,4.60835,0,0
KPL_PE,D,20220526,000000,4.60835,4.60835,4.52142,4.60835,0,0
KPL_PE,D,20220527,000000,4.60835,4.60835,4.60835,4.60835,0,0
KPL_PE,D,20220530,000000,4.60835,4.60835,4.52142,4.52142,0,0
KPL_PE,D,20220531,000000,4.60835,4.60835,4.52142,4.60835,0,0
KPL_PE,D,20220601,000000,4.60835,4.60835,4.52142,4.60835,0,0
KPL_PE,D,20220602,000000,4.60835,4.69531,4.60835,4.69531,0,0
KPL_PE,D,20220603,000000,4.69531,4.69531,4.60835,4.60835,0,0
KPL_PE,D,20220606,000000,4.60835,4.60835,4.52142,4.52142,0,0
KPL_PE,D,20220607,000000,4.60835,4.69531,4.52142,4.69531,0,0
KPL_PE,D,20220608,000000,4.69531,4.69531,4.60835,4.69531,0,0
KPL_PE,D,20220609,000000,4.69531,4.69531,4.69531,4.69531,0,0
KPL_PE,D,20220610,000000,4.60835,4.60835,4.34751,4.43445,0,0
KPL_PE,D,20220613,000000,4.43445,4.43445,4.34751,4.34751,0,0
KPL_PE,D,20220614,000000,4.43445,4.43445,4.34751,4.34751,0,0
KPL_PE,D,20220615,000000,4.43445,4.43445,4.34751,4.34751,0,0
KPL_PE,D,20220617,000000,4.34751,4.34751,4.26056,4.34751,0,0
KPL_PE,D,20220620,000000,4.34751,4.34751,4.26056,4.34751,0,0
KPL_PE,D,20220621,000000,4.34751,4.34751,4.34751,4.34751,0,0
KPL_PE,D,20220622,000000,4.34751,4.34751,4.26056,4.34751,0,0
KPL_PE,D,20220623,000000,4.34751,4.34751,4.26056,4.34751,0,0
KPL_PE,D,20220624,000000,4.34751,4.34751,4.1736,4.1736,0,0
KPL_PE,D,20220627,000000,4.1736,4.34751,4.1736,4.34751,0,0
KPL_PE,D,20220628,000000,4.34751,4.34751,4.26056,4.26056,0,0
KPL_PE,D,20220629,000000,4.26056,4.43445,4.26056,4.34751,0,0
KPL_PE,D,20220630,000000,4.34751,4.34751,4.34751,4.34751,0,0
KPL_PE,D,20220701,000000,4.34751,4.34751,4.26056,4.34751,0,0
KPL_PE,D,20220704,000000,4.26056,4.34751,4.26056,4.34751,0,0
KPL_PE,D,20220705,000000,4.34751,4.34751,4.26056,4.26056,0,0
KPL_PE,D,20220706,000000,4.26056,4.34751,4.1736,4.1736,0,0
KPL_PE,D,20220707,000000,4.1736,4.34751,4.1736,4.26056,0,0
KPL_PE,D,20220708,000000,4.34751,4.34751,4.26056,4.34751,0,0
KPL_PE,D,20220711,000000,4.34751,4.43445,4.34751,4.34751,0,0
KPL_PE,D,20220712,000000,4.34751,4.34751,4.26056,4.26056,0,0
KPL_PE,D,20220713,000000,4.34751,4.34751,4.1736,4.26056,0,0
KPL_PE,D,20220714,000000,4.26056,4.26056,4.1736,4.1736,0,0
KPL_PE,D,20220715,000000,4.1736,4.26056,4.1736,4.26056,0,0
KPL_PE,D,20220718,000000,4.26056,4.34751,4.26056,4.34751,0,0
KPL_PE,D,20220719,000000,4.34751,4.34751,4.26056,4.26056,0,0
KPL_PE,D,20220720,000000,4.26056,4.26056,4.26056,4.26056,0,0
KPL_PE,D,20220721,000000,4.26056,4.34751,4.26056,4.34751,0,0
KPL_PE,D,20220722,000000,4.34751,4.34751,4.26056,4.34751,0,0
KPL_PE,D,20220725,000000,4.34751,4.34751,4.26056,4.26056,0,0
KPL_PE,D,20220726,000000,4.26056,4.26056,4.1736,4.26056,0,0
KPL_PE,D,20220727,000000,4.1736,4.26056,4.1736,4.1736,0,0
KPL_PE,D,20220728,000000,4.26056,4.26056,4.26056,4.26056,0,0
KPL_PE,D,20220729,000000,4.08666,4.26056,3.82581,3.82581,0,0
KPL_PE,D,20220801,000000,3.91276,3.99971,3.91276,3.99971,0,0
KPL_PE,D,20220802,000000,3.91276,3.99971,3.82581,3.82581,0,0
KPL_PE,D,20220803,000000,3.82581,3.91276,3.73885,3.91276,0,0
KPL_PE,D,20220804,000000,3.91276,3.99971,3.91276,3.91276,0,0
KPL_PE,D,20220805,000000,3.91276,3.91276,3.91276,3.91276,0,0
KPL_PE,D,20220808,000000,3.99971,3.99971,3.91276,3.91276,0,0
KPL_PE,D,20220809,000000,3.91276,3.91276,3.82581,3.91276,0,0
KPL_PE,D,20220810,000000,3.91276,3.91276,3.82581,3.82581,0,0
KPL_PE,D,20220811,000000,3.82581,3.82581,3.73885,3.82581,0,0
KPL_PE,D,20220812,000000,3.82581,3.82581,3.82581,3.82581,0,0
KPL_PE,D,20220816,000000,3.82581,3.82581,3.82581,3.82581,0,0
KPL_PE,D,20220817,000000,3.82581,3.82581,3.73885,3.73885,0,0
KPL_PE,D,20220818,000000,3.73885,3.73885,3.65191,3.73885,0,0
KPL_PE,D,20220819,000000,3.73885,3.73885,3.65191,3.73885,0,0
KPL_PE,D,20220822,000000,4.08362,4.08362,3.72063,3.72063,0,0
KPL_PE,D,20220823,000000,3.72063,3.72063,3.62988,3.72063,0,0
KPL_PE,D,20220824,000000,3.72063,3.72063,3.53914,3.53914,0,0
KPL_PE,D,20220825,000000,3.81138,3.99287,3.72063,3.99287,0,0
KPL_PE,D,20220826,000000,3.90213,4.08362,3.90213,4.08362,0,0
KPL_PE,D,20220829,000000,3.99287,4.08362,3.90213,3.99287,0,0
KPL_PE,D,20220830,000000,4.08362,4.08362,4.08362,4.08362,0,0
KPL_PE,D,20220831,000000,4.08362,4.17437,3.99287,4.17437,0,0
KPL_PE,D,20220901,000000,4.17437,4.35587,4.08362,4.35587,0,0
KPL_PE,D,20220902,000000,4.35587,4.35587,4.26511,4.26511,0,0
KPL_PE,D,20220905,000000,4.26511,4.35587,4.26511,4.35587,0,0
KPL_PE,D,20220906,000000,4.26511,4.35587,4.26511,4.35587,0,0
KPL_PE,D,20220907,000000,4.35587,4.35587,4.26511,4.26511,0,0
KPL_PE,D,20220908,000000,4.26511,4.26511,4.17437,4.26511,0,0
KPL_PE,D,20220909,000000,4.26511,4.26511,4.17437,4.26511,0,0
KPL_PE,D,20220912,000000,4.17437,4.35587,4.17437,4.35587,0,0
KPL_PE,D,20220913,000000,4.35587,4.35587,4.17437,4.26511,0,0
KPL_PE,D,20220914,000000,4.26511,4.26511,4.26511,4.26511,0,0
KPL_PE,D,20220915,000000,4.26511,4.26511,4.17437,4.26511,0,0
KPL_PE,D,20220916,000000,4.26511,4.26511,4.26511,4.26511,0,0
KPL_PE,D,20220919,000000,4.26511,4.26511,4.17437,4.26511,0,0
KPL_PE,D,20220920,000000,4.26511,4.35587,4.26511,4.26511,0,0
KPL_PE,D,20220921,000000,4.26511,4.26511,4.17437,4.26511,0,0
KPL_PE,D,20220922,000000,4.26511,4.26511,4.08362,4.17437,0,0
KPL_PE,D,20220923,000000,4.17437,4.17437,3.99287,4.17437,0,0
KPL_PE,D,20220926,000000,4.17437,4.17437,3.99287,4.08362,0,0
KPL_PE,D,20220927,000000,4.08362,4.08362,3.99287,3.99287,0,0
KPL_PE,D,20220928,000000,4.08362,4.08362,3.90213,3.90213,0,0
KPL_PE,D,20220929,000000,3.99287,3.99287,3.81138,3.90213,0,0
KPL_PE,D,20220930,000000,3.90213,3.90213,3.81138,3.90213,0,0
KPL_PE,D,20221003,000000,3.81138,3.90213,3.81138,3.90213,0,0
KPL_PE,D,20221004,000000,3.90213,3.99287,3.90213,3.99287,0,0
KPL_PE,D,20221005,000000,3.99287,4.08362,3.99287,4.08362,0,0
KPL_PE,D,20221006,000000,4.08362,4.08362,3.99287,4.08362,0,0
KPL_PE,D,20221007,000000,4.08362,4.17437,4.08362,4.17437,0,0
KPL_PE,D,20221010,000000,4.08362,4.17437,4.08362,4.08362,0,0
KPL_PE,D,20221011,000000,4.08362,4.08362,4.08362,4.08362,0,0
KPL_PE,D,20221012,000000,4.08362,4.08362,3.99287,4.08362,0,0
KPL_PE,D,20221013,000000,4.08362,4.08362,3.99287,4.08362,0,0
KPL_PE,D,20221014,000000,4.08362,4.08362,3.99287,4.08362,0,0
KPL_PE,D,20221017,000000,4.08362,4.08362,4.08362,4.08362,0,0
KPL_PE,D,20221018,000000,4.08362,4.08362,4.08362,4.08362,0,0
KPL_PE,D,20221019,000000,4.08362,4.08362,3.99287,3.99287,0,0
KPL_PE,D,20221020,000000,4.08362,4.08362,3.99287,4.08362,0,0
KPL_PE,D,20221021,000000,4.08362,4.08362,3.99287,4.08362,0,0
KPL_PE,D,20221024,000000,4.17437,4.26511,4.17437,4.17437,0,0
KPL_PE,D,20221025,000000,4.17437,4.17437,4.17437,4.17437,0,0
KPL_PE,D,20221026,000000,4.17437,4.35587,4.17437,4.35587,0,0
KPL_PE,D,20221027,000000,4.35587,4.44661,4.35587,4.44661,0,0
KPL_PE,D,20221028,000000,4.44661,4.44661,4.35587,4.35587,0,0
KPL_PE,D,20221031,000000,4.26511,4.44661,4.26511,4.44661,0,0
KPL_PE,D,20221102,000000,4.44661,4.53736,4.35587,4.53736,0,0
KPL_PE,D,20221103,000000,4.53736,4.71885,4.53736,4.6281,0,0
KPL_PE,D,20221104,000000,4.6281,4.6281,4.53736,4.6281,0,0
KPL_PE,D,20221107,000000,4.80959,5.17259,4.6281,5.08183,0,0
KPL_PE,D,20221108,000000,5.08183,5.17259,5.08183,5.08183,0,0
KPL_PE,D,20221109,000000,5.08183,5.17259,4.71885,4.71885,0,0
KPL_PE,D,20221110,000000,4.6281,4.6281,4.26511,4.44661,0,0
KPL_PE,D,20221114,000000,4.44661,4.6281,4.44661,4.53736,0,0
KPL_PE,D,20221115,000000,4.53736,4.6281,4.44661,4.6281,0,0
KPL_PE,D,20221116,000000,4.6281,4.6281,4.6281,4.6281,0,0
KPL_PE,D,20221117,000000,4.6281,4.6281,4.6281,4.6281,0,0
KPL_PE,D,20221118,000000,4.6281,4.6281,4.53736,4.53736,0,0
KPL_PE,D,20221121,000000,4.53736,4.53736,4.53736,4.53736,0,0
KPL_PE,D,20221122,000000,4.53736,4.53736,4.44661,4.53736,0,0
KPL_PE,D,20221123,000000,4.53736,4.53736,4.53736,4.53736,0,0
KPL_PE,D,20221124,000000,4.44661,4.53736,4.44661,4.53736,0,0
KPL_PE,D,20221125,000000,4.53736,4.9911,4.44661,4.9911,0,0
KPL_PE,D,20221128,000000,4.9911,4.9911,4.90034,4.9911,0,0
KPL_PE,D,20221129,000000,4.9911,4.9911,4.90034,4.9911,0,0
KPL_PE,D,20221130,000000,4.9911,4.9911,4.90034,4.9911,0,0
KPL_PE,D,20221201,000000,4.9911,4.9911,4.90034,4.90034,0,0
KPL_PE,D,20221202,000000,4.90034,4.90034,4.80959,4.80959,0,0
KPL_PE,D,20221205,000000,4.80959,4.80959,4.80959,4.80959,0,0
KPL_PE,D,20221206,000000,4.80959,4.80959,4.80959,4.80959,0,0
KPL_PE,D,20221207,000000,4.80959,4.80959,4.80959,4.80959,0,0
KPL_PE,D,20221208,000000,4.80959,4.80959,4.71885,4.80959,0,0
KPL_PE,D,20221209,000000,4.80959,4.80959,4.71885,4.71885,0,0
KPL_PE,D,20221212,000000,4.71885,4.71885,4.6281,4.71885,0,0
KPL_PE,D,20221213,000000,4.71885,4.71885,4.53736,4.71885,0,0
KPL_PE,D,20221214,000000,4.6281,4.71885,4.53736,4.53736,0,0
KPL_PE,D,20221215,000000,4.53736,4.53736,4.53736,4.53736,0,0
KPL_PE,D,20221216,000000,4.53736,4.53736,4.35587,4.44661,0,0
KPL_PE,D,20221219,000000,4.44661,4.53736,4.44661,4.53736,0,0
KPL_PE,D,20221220,000000,4.53736,4.6281,4.53736,4.53736,0,0
KPL_PE,D,20221221,000000,4.53736,4.71885,4.53736,4.71885,0,0
KPL_PE,D,20221222,000000,4.71885,4.71885,4.6281,4.6281,0,0
KPL_PE,D,20221223,000000,4.6281,4.6281,4.6281,4.6281,0,0
KPL_PE,D,20221227,000000,4.6281,4.6281,4.53736,4.6281,0,0
KPL_PE,D,20221228,000000,4.6281,4.6281,4.6281,4.6281,0,0
KPL_PE,D,20221229,000000,4.6281,4.6281,4.53736,4.53736,0,0
KPL_PE,D,20221230,000000,4.53736,4.6281,4.53736,4.6281,0,0
KPL_PE,D,20230102,000000,4.6281,4.71885,4.6281,4.71885,0,0
KPL_PE,D,20230103,000000,4.71885,4.80959,4.6281,4.71885,0,0
KPL_PE,D,20230104,000000,4.71885,4.80959,4.71885,4.80959,0,0
KPL_PE,D,20230105,000000,4.80959,4.80959,4.80959,4.80959,0,0
KPL_PE,D,20230109,000000,4.80959,4.9911,4.80959,4.9911,0,0
KPL_PE,D,20230110,000000,4.9911,4.9911,4.90034,4.9911,0,0
KPL_PE,D,20230111,000000,4.9911,4.9911,4.90034,4.9911,0,0
KPL_PE,D,20230112,000000,4.9911,4.9911,4.90034,4.90034,0,0
KPL_PE,D,20230113,000000,4.90034,4.90034,4.80959,4.80959,0,0
KPL_PE,D,20230116,000000,4.80959,4.80959,4.80959,4.80959,0,0
KPL_PE,D,20230117,000000,4.80959,4.90034,4.71885,4.90034,0,0
KPL_PE,D,20230118,000000,4.90034,4.90034,4.71885,4.71885,0,0
KPL_PE,D,20230119,000000,4.71885,4.71885,4.71885,4.71885,0,0
KPL_PE,D,20230120,000000,4.71885,4.71885,4.6281,4.71885,0,0
KPL_PE,D,20230123,000000,4.71885,4.71885,4.6281,4.6281,0,0
KPL_PE,D,20230124,000000,4.71885,4.71885,4.6281,4.71885,0,0
KPL_PE,D,20230125,000000,4.71885,4.71885,4.6281,4.6281,0,0
KPL_PE,D,20230126,000000,4.6281,4.6281,4.6281,4.6281,0,0
KPL_PE,D,20230127,000000,4.6281,4.6281,4.53736,4.6281,0,0
KPL_PE,D,20230130,000000,4.6281,4.6281,4.6281,4.6281,0,0
KPL_PE,D,20230131,000000,4.6281,4.6281,4.53736,4.6281,0,0
KPL_PE,D,20230201,000000,4.6281,4.6281,4.53736,4.53736,0,0
KPL_PE,D,20230202,000000,4.53736,4.53736,4.44661,4.53736,0,0
KPL_PE,D,20230203,000000,4.53736,4.53736,4.44661,4.44661,0,0
KPL_PE,D,20230206,000000,4.44661,4.6281,4.44661,4.6281,0,0
KPL_PE,D,20230207,000000,4.6281,4.80959,4.6281,4.71885,0,0
KPL_PE,D,20230208,000000,4.71885,4.80959,4.6281,4.71885,0,0
KPL_PE,D,20230209,000000,4.71885,4.71885,4.6281,4.6281,0,0
KPL_PE,D,20230210,000000,4.6281,4.6281,4.53736,4.6281,0,0
KPL_PE,D,20230213,000000,4.6281,4.6281,4.53736,4.6281,0,0
KPL_PE,D,20230214,000000,4.6281,4.6281,4.53736,4.6281,0,0
KPL_PE,D,20230215,000000,4.6281,4.6281,4.53736,4.53736,0,0
KPL_PE,D,20230216,000000,4.44661,4.53736,4.44661,4.53736,0,0
KPL_PE,D,20230217,000000,4.53736,4.53736,4.53736,4.53736,0,0
KPL_PE,D,20230220,000000,4.53736,4.53736,4.44661,4.53736,0,0
KPL_PE,D,20230221,000000,4.53736,4.53736,4.44661,4.53736,0,0
KPL_PE,D,20230222,000000,4.53736,4.53736,4.44661,4.53736,0,0
KPL_PE,D,20230223,000000,4.53736,4.53736,4.44661,4.44661,0,0
KPL_PE,D,20230224,000000,4.44661,4.53736,4.35587,4.44661,0,0
KPL_PE,D,20230227,000000,4.35587,4.44661,4.35587,4.35587,0,0
KPL_PE,D,20230228,000000,4.35587,4.35587,4.35587,4.35587,0,0
KPL_PE,D,20230301,000000,4.35587,4.44661,4.26511,4.44661,0,0
KPL_PE,D,20230302,000000,4.44661,4.44661,4.35587,4.44661,0,0
KPL_PE,D,20230303,000000,4.44661,4.44661,4.35587,4.35587,0,0
KPL_PE,D,20230306,000000,4.35587,4.44661,4.35587,4.44661,0,0
KPL_PE,D,20230307,000000,4.44661,4.44661,4.44661,4.44661,0,0
KPL_PE,D,20230308,000000,4.44661,4.44661,4.44661,4.44661,0,0
KPL_PE,D,20230309,000000,4.44661,4.44661,4.35587,4.35587,0,0
KPL_PE,D,20230310,000000,4.35587,4.35587,4.35587,4.35587,0,0
KPL_PE,D,20230313,000000,4.35587,4.35587,4.35587,4.35587,0,0
KPL_PE,D,20230314,000000,4.35587,4.44661,4.35587,4.44661,0,0
KPL_PE,D,20230315,000000,4.44661,4.44661,4.44661,4.44661,0,0
KPL_PE,D,20230316,000000,4.44661,4.44661,4.35587,4.35587,0,0
KPL_PE,D,20230317,000000,4.35587,4.35587,4.26511,4.26511,0,0
KPL_PE,D,20230320,000000,4.35587,4.6281,4.26511,4.6281,0,0
KPL_PE,D,20230321,000000,4.6281,4.90034,4.6281,4.80959,0,0
KPL_PE,D,20230322,000000,4.80959,4.9911,4.80959,4.9911,0,0
KPL_PE,D,20230323,000000,4.9911,4.9911,4.90034,4.90034,0,0
KPL_PE,D,20230324,000000,4.9911,4.9911,4.90034,4.9911,0,0
KPL_PE,D,20230327,000000,4.9911,5.08183,4.9911,5.08183,0,0
KPL_PE,D,20230328,000000,5.08183,5.17259,4.9911,5.17259,0,0
KPL_PE,D,20230329,000000,5.17259,5.17259,4.9911,4.9911,0,0
KPL_PE,D,20230330,000000,4.9911,4.9911,4.90034,4.9911,0,0
KPL_PE,D,20230331,000000,4.9911,4.9911,4.90034,4.9911,0,0
KPL_PE,D,20230403,000000,4.9911,4.9911,4.71885,4.80959,0,0
KPL_PE,D,20230404,000000,4.80959,4.80959,4.71885,4.71885,0,0
KPL_PE,D,20230405,000000,4.80959,4.80959,4.71885,4.71885,0,0
KPL_PE,D,20230406,000000,4.71885,4.80959,4.6281,4.80959,0,0
KPL_PE,D,20230411,000000,4.80959,4.80959,4.71885,4.80959,0,0
KPL_PE,D,20230412,000000,4.80959,4.80959,4.71885,4.80959,0,0
KPL_PE,D,20230413,000000,4.80959,4.9911,4.71885,4.80959,0,0
KPL_PE,D,20230414,000000,4.90034,4.90034,4.71885,4.71885,0,0
KPL_PE,D,20230417,000000,4.80959,4.80959,4.71885,4.80959,0,0
KPL_PE,D,20230418,000000,4.90034,4.90034,4.71885,4.80959,0,0
KPL_PE,D,20230419,000000,4.80959,4.80959,4.71885,4.71885,0,0
KPL_PE,D,20230420,000000,4.80959,4.80959,4.71885,4.80959,0,0
KPL_PE,D,20230421,000000,4.80959,4.80959,4.71885,4.80959,0,0
KPL_PE,D,20230424,000000,4.80959,4.80959,4.71885,4.71885,0,0
KPL_PE,D,20230425,000000,4.71885,4.80959,4.6281,4.71885,0,0
KPL_PE,D,20230426,000000,4.80959,4.80959,4.53736,4.53736,0,0
KPL_PE,D,20230427,000000,4.6281,4.71885,4.6281,4.71885,0,0
KPL_PE,D,20230428,000000,4.71885,4.80959,4.71885,4.71885,0,0
KPL_PE,D,20230502,000000,4.71885,5.35408,4.71885,5.35408,0,0
KPL_PE,D,20230504,000000,5.26333,5.26333,5.08183,5.17259,0,0
KPL_PE,D,20230505,000000,5.26333,5.26333,5.08183,5.17259,0,0
KPL_PE,D,20230508,000000,5.17259,5.26333,5.17259,5.26333,0,0
KPL_PE,D,20230509,000000,5.26333,5.26333,5.17259,5.17259,0,0
KPL_PE,D,20230510,000000,5.17259,5.26333,5.17259,5.26333,0,0
KPL_PE,D,20230511,000000,5.26333,5.26333,5.17259,5.17259,0,0
KPL_PE,D,20230512,000000,5.17259,5.17259,5.08183,5.17259,0,0
KPL_PE,D,20230515,000000,5.26333,5.26333,5.17259,5.26333,0,0
KPL_PE,D,20230516,000000,5.26333,5.26333,5.17259,5.17259,0,0
KPL_PE,D,20230517,000000,5.17259,5.17259,5.08183,5.17259,0,0
KPL_PE,D,20230518,000000,5.17259,5.26333,5.17259,5.17259,0,0
KPL_PE,D,20230519,000000,5.17259,5.26333,5.17259,5.17259,0,0
KPL_PE,D,20230522,000000,5.26333,5.26333,5.08183,5.08183,0,0
KPL_PE,D,20230523,000000,5.08183,5.08183,4.90034,4.9911,0,0
KPL_PE,D,20230524,000000,4.90034,4.9911,4.90034,4.9911,0,0
KPL_PE,D,20230525,000000,4.9911,5.08183,4.90034,5.08183,0,0
KPL_PE,D,20230526,000000,5.08183,5.26333,5.08183,5.17259,0,0
KPL_PE,D,20230529,000000,4.9911,5.35408,4.9911,5.35408,0,0
KPL_PE,D,20230530,000000,5.35408,5.35408,5.26333,5.35408,0,0
KPL_PE,D,20230531,000000,5.35408,5.35408,5.26333,5.35408,0,0
KPL_PE,D,20230601,000000,5.35408,5.35408,5.35408,5.35408,0,0
KPL_PE,D,20230602,000000,5.35408,5.53557,5.35408,5.53557,0,0
KPL_PE,D,20230605,000000,5.53557,5.71706,5.53557,5.53557,0,0
KPL_PE,D,20230606,000000,5.53557,5.62633,5.44483,5.53557,0,0
KPL_PE,D,20230607,000000,5.53557,5.62633,5.53557,5.53557,0,0
KPL_PE,D,20230609,000000,5.62633,5.62633,5.53557,5.62633,0,0
KPL_PE,D,20230612,000000,5.53557,5.53557,5.26333,5.35408,0,0
KPL_PE,D,20230613,000000,5.35408,5.53557,5.35408,5.44483,0,0
KPL_PE,D,20230614,000000,5.53557,5.53557,5.44483,5.44483,0,0
KPL_PE,D,20230615,000000,5.53557,5.62633,5.44483,5.44483,0,0
KPL_PE,D,20230616,000000,5.53557,5.53557,5.44483,5.44483,0,0
KPL_PE,D,20230619,000000,5.53557,5.53557,5.35408,5.44483,0,0
KPL_PE,D,20230620,000000,5.53557,5.53557,5.35408,5.44483,0,0
KPL_PE,D,20230621,000000,5.44483,5.44483,5.35408,5.35408,0,0
KPL_PE,D,20230622,000000,5.44483,5.44483,5.26333,5.26333,0,0
KPL_PE,D,20230623,000000,5.35408,5.35408,5.35408,5.35408,0,0
KPL_PE,D,20230626,000000,5.26333,5.35408,5.26333,5.35408,0,0
KPL_PE,D,20230627,000000,5.35408,5.35408,5.26333,5.26333,0,0
KPL_PE,D,20230628,000000,5.26333,5.26333,5.26333,5.26333,0,0
KPL_PE,D,20230629,000000,5.26333,5.26333,5.26333,5.26333,0,0
KPL_PE,D,20230630,000000,5.26333,5.53557,5.17259,5.53557,0,0
KPL_PE,D,20230703,000000,5.53557,5.53557,5.35408,5.53557,0,0
KPL_PE,D,20230704,000000,5.53557,5.53557,5.44483,5.44483,0,0
KPL_PE,D,20230705,000000,5.44483,5.44483,5.35408,5.35408,0,0
KPL_PE,D,20230706,000000,5.35408,5.44483,5.35408,5.44483,0,0
KPL_PE,D,20230707,000000,5.35408,5.35408,5.35408,5.35408,0,0
KPL_PE,D,20230710,000000,5.35408,5.35408,5.26333,5.35408,0,0
KPL_PE,D,20230711,000000,5.26333,5.35408,5.26333,5.35408,0,0
KPL_PE,D,20230712,000000,5.35408,5.35408,5.35408,5.35408,0,0
KPL_PE,D,20230713,000000,5.35408,5.44483,5.35408,5.35408,0,0
KPL_PE,D,20230714,000000,5.35408,5.53557,5.35408,5.53557,0,0
KPL_PE,D,20230717,000000,5.53557,5.53557,5.44483,5.44483,0,0
KPL_PE,D,20230718,000000,5.44483,5.44483,5.44483,5.44483,0,0
KPL_PE,D,20230719,000000,5.44483,5.53557,5.44483,5.53557,0,0
KPL_PE,D,20230720,000000,5.53557,5.53557,5.53557,5.53557,0,0
KPL_PE,D,20230721,000000,5.53557,5.53557,5.44483,5.53557,0,0
KPL_PE,D,20230724,000000,5.53557,5.53557,5.53557,5.53557,0,0
KPL_PE,D,20230725,000000,5.53557,5.53557,5.53557,5.53557,0,0
KPL_PE,D,20230726,000000,5.53557,5.53557,5.44483,5.44483,0,0
KPL_PE,D,20230727,000000,5.53557,5.53557,5.44483,5.44483,0,0
KPL_PE,D,20230728,000000,5.44483,5.53557,5.44483,5.53557,0,0
KPL_PE,D,20230731,000000,5.53557,5.53557,5.44483,5.44483,0,0
KPL_PE,D,20230801,000000,5.44483,5.53557,5.44483,5.53557,0,0
KPL_PE,D,20230802,000000,5.53557,5.53557,5.35408,5.35408,0,0
KPL_PE,D,20230803,000000,5.44483,5.53557,5.44483,5.53557,0,0
KPL_PE,D,20230804,000000,5.53557,5.55463,5.53557,5.53557,0,0
KPL_PE,D,20230807,000000,5.53557,5.53557,5.42396,5.44483,0,0
KPL_PE,D,20230808,000000,5.51925,5.51925,5.42668,5.44483,0,0
KPL_PE,D,20230809,000000,5.40762,5.44483,5.38947,5.44483,0,0
KPL_PE,D,20230810,000000,5.44483,5.44483,5.42668,5.44483,0,0
KPL_PE,D,20230811,000000,5.44483,5.44483,5.40762,5.44483,0,0
KPL_PE,D,20230814,000000,5.44483,5.50109,5.42668,5.44483,0,0
KPL_PE,D,20230816,000000,5.48203,5.50109,5.44483,5.44483,0,0
KPL_PE,D,20230817,000000,5.44483,5.44483,5.35226,5.44483,0,0
KPL_PE,D,20230818,000000,5.44483,5.44483,5.35408,5.35408,0,0
KPL_PE,D,20230821,000000,5.35408,5.44483,5.33593,5.44483,0,0
KPL_PE,D,20230822,000000,5.63761,5.69712,5.48604,5.48604,0,0
KPL_PE,D,20230823,000000,5.48604,5.48604,5.42933,5.48604,0,0
KPL_PE,D,20230824,000000,5.42933,5.42933,5.39121,5.39307,0,0
KPL_PE,D,20230825,000000,5.39307,5.48604,5.39307,5.48604,0,0
KPL_PE,D,20230828,000000,5.50464,5.50464,5.37168,5.48604,0,0
KPL_PE,D,20230829,000000,5.44793,5.44793,5.33448,5.39307,0,0
KPL_PE,D,20230830,000000,5.44978,5.44978,5.18292,5.30008,0,0
KPL_PE,D,20230831,000000,5.30008,5.41538,5.2071,5.2071,0,0
KPL_PE,D,20230901,000000,5.2071,5.2071,5.13364,5.2071,0,0
KPL_PE,D,20230904,000000,5.2071,5.4098,5.2071,5.30008,0,0
KPL_PE,D,20230905,000000,5.35494,5.55579,5.35494,5.48604,0,0
KPL_PE,D,20230906,000000,5.48604,5.52231,5.37633,5.48604,0,0
KPL_PE,D,20230907,000000,5.48604,5.52324,5.48604,5.48604,0,0
KPL_PE,D,20230908,000000,5.44885,5.44885,5.39307,5.39307,0,0
KPL_PE,D,20230911,000000,5.41166,5.41166,5.39307,5.39307,0,0
KPL_PE,D,20230912,000000,5.39307,5.39307,5.37447,5.39307,0,0
KPL_PE,D,20230913,000000,5.39307,5.48604,5.39307,5.48604,0,0
KPL_PE,D,20230914,000000,5.48604,5.52324,5.44885,5.48604,0,0
KPL_PE,D,20230915,000000,5.48604,5.48604,5.39399,5.48604,0,0
KPL_PE,D,20230918,000000,5.56044,5.56044,5.43026,5.48604,0,0
KPL_PE,D,20230919,000000,5.52324,5.52324,5.39307,5.39307,0,0
KPL_PE,D,20230920,000000,5.37447,5.48604,5.33727,5.48604,0,0
KPL_PE,D,20230921,000000,5.48604,5.48604,5.46745,5.48604,0,0
KPL_PE,D,20230922,000000,5.48604,5.48604,5.37447,5.39307,0,0
KPL_PE,D,20230925,000000,5.39307,5.39307,5.30008,5.30008,0,0
KPL_PE,D,20230926,000000,5.26382,5.39307,5.26382,5.39307,0,0
KPL_PE,D,20230927,000000,5.37447,5.39307,5.31961,5.39307,0,0
KPL_PE,D,20230928,000000,5.39307,5.39307,5.39307,5.39307,0,0
KPL_PE,D,20230929,000000,5.39307,5.39307,5.33821,5.39307,0,0
KPL_PE,D,20231002,000000,5.31961,5.39307,5.2071,5.2071,0,0
KPL_PE,D,20231003,000000,5.2257,5.30008,5.2071,5.30008,0,0
KPL_PE,D,20231004,000000,5.17084,5.22662,5.13364,5.2071,0,0
KPL_PE,D,20231005,000000,5.24429,5.24429,5.2071,5.2071,0,0
KPL_PE,D,20231006,000000,5.24429,5.33541,5.2257,5.30008,0,0
KPL_PE,D,20231009,000000,5.35494,5.35494,5.19036,5.30008,0,0
KPL_PE,D,20231010,000000,5.30008,5.35587,5.30008,5.30008,0,0
KPL_PE,D,20231011,000000,5.17176,5.24522,5.17176,5.2071,0,0
KPL_PE,D,20231012,000000,5.28056,5.30008,5.1885,5.30008,0,0
KPL_PE,D,20231013,000000,5.30008,5.33727,5.1885,5.30008,0,0
KPL_PE,D,20231016,000000,5.30008,5.30008,5.17084,5.2071,0,0
KPL_PE,D,20231017,000000,5.26288,5.26288,5.2071,5.2071,0,0
KPL_PE,D,20231018,000000,5.1885,5.28056,5.1885,5.2071,0,0
KPL_PE,D,20231019,000000,5.31775,5.31775,5.02113,5.02113,0,0
KPL_PE,D,20231020,000000,5.13085,5.13085,5.03973,5.11411,0,0
KPL_PE,D,20231023,000000,5.11411,5.13271,5.04065,5.11411,0,0
KPL_PE,D,20231024,000000,5.11411,5.2071,5.11411,5.2071,0,0
KPL_PE,D,20231025,000000,5.1885,5.24429,5.1885,5.2071,0,0
KPL_PE,D,20231026,000000,5.2071,5.2071,5.11411,5.11411,0,0
KPL_PE,D,20231027,000000,5.11411,5.11411,5.09551,5.11411,0,0
KPL_PE,D,20231030,000000,5.1513,5.1513,5.09551,5.11411,0,0
KPL_PE,D,20231031,000000,5.11411,5.2071,5.11411,5.2071,0,0
KPL_PE,D,20231102,000000,5.2071,5.2071,5.1699,5.2071,0,0
KPL_PE,D,20231103,000000,5.2071,5.24429,5.1699,5.2071,0,0
KPL_PE,D,20231106,000000,5.1885,5.26196,5.1885,5.2071,0,0
KPL_PE,D,20231107,000000,5.28148,5.28148,5.2071,5.2071,0,0
KPL_PE,D,20231108,000000,5.26288,5.26288,5.2071,5.2071,0,0
KPL_PE,D,20231109,000000,5.15224,5.2071,5.13364,5.2071,0,0
KPL_PE,D,20231110,000000,5.2257,5.2257,5.2071,5.2071,0,0
KPL_PE,D,20231113,000000,5.26288,5.26288,5.1885,5.2071,0,0
KPL_PE,D,20231114,000000,5.17084,5.2071,5.11504,5.2071,0,0
KPL_PE,D,20231115,000000,5.17084,5.39307,5.17084,5.39307,0,0
KPL_PE,D,20231116,000000,5.39307,5.39307,5.31961,5.39307,0,0
KPL_PE,D,20231117,000000,5.22662,5.39307,5.22662,5.30008,0,0
KPL_PE,D,20231120,000000,5.30008,5.30008,5.11411,5.11411,0,0
KPL_PE,D,20231121,000000,5.09645,5.09645,4.95418,5.02113,0,0
KPL_PE,D,20231122,000000,5.02113,5.02113,4.96813,5.02113,0,0
KPL_PE,D,20231123,000000,5.00346,5.03879,4.96719,5.02113,0,0
KPL_PE,D,20231124,000000,5.05646,5.05646,4.92814,4.92814,0,0
KPL_PE,D,20231127,000000,4.99881,5.02113,4.91048,5.02113,0,0
KPL_PE,D,20231128,000000,5.02113,5.02113,4.92814,4.92814,0,0
KPL_PE,D,20231129,000000,4.99881,5.02113,4.94582,5.02113,0,0
KPL_PE,D,20231130,000000,5.02113,5.02113,4.98579,5.02113,0,0
KPL_PE,D,20231201,000000,5.02113,5.02113,4.96719,5.02113,0,0
KPL_PE,D,20231204,000000,5.02113,5.21732,5.02113,5.11411,0,0
KPL_PE,D,20231205,000000,5.02485,5.02485,4.98952,5.02113,0,0
KPL_PE,D,20231206,000000,5.03879,5.03879,4.92814,4.92814,0,0
KPL_PE,D,20231207,000000,4.92814,4.92814,4.91048,4.92814,0,0
KPL_PE,D,20231208,000000,4.92814,4.92814,4.85748,4.92814,0,0
KPL_PE,D,20231211,000000,4.92814,5.24522,4.87514,5.2071,0,0
KPL_PE,D,20231212,000000,5.2071,5.2071,5.02113,5.02113,0,0
KPL_PE,D,20231213,000000,5.02113,5.11411,5.02113,5.11411,0,0
KPL_PE,D,20231214,000000,5.06111,5.11411,5.06111,5.11411,0,0
KPL_PE,D,20231215,000000,5.09645,5.32705,5.07878,5.30008,0,0
KPL_PE,D,20231218,000000,5.19315,5.28241,5.11411,5.11411,0,0
KPL_PE,D,20231219,000000,5.11411,5.18478,5.07878,5.11411,0,0
KPL_PE,D,20231220,000000,5.18478,5.18478,5.09645,5.11411,0,0
KPL_PE,D,20231221,000000,5.13178,5.13178,5.07878,5.11411,0,0
KPL_PE,D,20231222,000000,5.11411,5.11411,5.07878,5.11411,0,0
KPL_PE,D,20231227,000000,5.11411,5.13178,5.04344,5.11411,0,0
KPL_PE,D,20231228,000000,5.09645,5.11411,5.02113,5.02113,0,0
KPL_PE,D,20231229,000000,5.02113,5.03879,4.98579,5.02113,0,0
KPL_PE,D,20240102,000000,5.1448,5.39307,5.1448,5.39307,0,0
KPL_PE,D,20240103,000000,5.39307,5.39307,5.21454,5.30008,0,0
KPL_PE,D,20240104,000000,5.31775,5.67201,5.31775,5.57903,0,0
KPL_PE,D,20240105,000000,5.57903,5.67201,5.50743,5.67201,0,0
KPL_PE,D,20240108,000000,5.67201,5.68969,5.48604,5.48604,0,0
KPL_PE,D,20240109,000000,5.52138,5.52138,5.39772,5.48604,0,0
KPL_PE,D,20240110,000000,5.50372,5.50372,5.39772,5.48604,0,0
KPL_PE,D,20240111,000000,5.48604,5.53905,5.39307,5.39307,0,0
KPL_PE,D,20240112,000000,5.46373,5.46373,5.37539,5.39307,0,0
KPL_PE,D,20240115,000000,5.44607,5.44607,5.34006,5.39307,0,0
KPL_PE,D,20240116,000000,5.46373,5.4814,5.37539,5.39307,0,0
KPL_PE,D,20240117,000000,5.35773,5.39307,5.28706,5.39307,0,0
KPL_PE,D,20240118,000000,5.35773,5.39307,5.3224,5.39307,0,0
KPL_PE,D,20240119,000000,5.39307,5.39307,5.3224,5.39307,0,0
KPL_PE,D,20240122,000000,5.42839,5.42839,5.30008,5.30008,0,0
KPL_PE,D,20240123,000000,5.28241,5.33541,5.28241,5.30008,0,0
KPL_PE,D,20240124,000000,5.24708,5.39307,5.24708,5.39307,0,0
KPL_PE,D,20240125,000000,5.46467,5.46467,5.30008,5.30008,0,0
KPL_PE,D,20240126,000000,5.33541,5.37168,5.30008,5.30008,0,0
KPL_PE,D,20240129,000000,5.30008,5.33541,5.26475,5.30008,0,0
KPL_PE,D,20240130,000000,5.33541,5.33541,5.24708,5.30008,0,0
KPL_PE,D,20240131,000000,5.24615,5.24615,5.11411,5.11411,0,0
KPL_PE,D,20240201,000000,5.14945,5.14945,4.99138,5.11411,0,0
KPL_PE,D,20240202,000000,5.18478,5.18478,5.11411,5.11411,0,0
KPL_PE,D,20240205,000000,5.09645,5.11411,5.07878,5.11411,0,0
KPL_PE,D,20240206,000000,5.16711,5.16711,5.07878,5.11411,0,0
KPL_PE,D,20240207,000000,5.09645,5.27405,5.09645,5.2071,0,0
KPL_PE,D,20240208,000000,5.24243,5.24243,5.18942,5.2071,0,0
KPL_PE,D,20240209,000000,5.24243,5.24243,5.17176,5.2071,0,0
KPL_PE,D,20240212,000000,5.24243,5.39307,5.24243,5.39307,0,0
KPL_PE,D,20240213,000000,5.39307,5.39307,5.2508,5.30008,0,0
KPL_PE,D,20240214,000000,5.30008,5.30008,5.15875,5.30008,0,0
KPL_PE,D,20240215,000000,5.30008,5.33541,5.26475,5.30008,0,0
KPL_PE,D,20240216,000000,5.30008,5.39307,5.21175,5.39307,0,0
KPL_PE,D,20240219,000000,5.39307,5.64319,5.39307,5.57903,0,0
KPL_PE,D,20240220,000000,5.56136,5.61436,5.45537,5.57903,0,0
KPL_PE,D,20240221,000000,5.56136,5.57903,5.49069,5.57903,0,0
KPL_PE,D,20240222,000000,5.56136,5.57903,5.50837,5.57903,0,0
KPL_PE,D,20240223,000000,5.57903,5.57903,5.47303,5.57903,0,0
KPL_PE,D,20240226,000000,5.57903,5.5967,5.50743,5.57903,0,0
KPL_PE,D,20240227,000000,5.5437,5.57903,5.48604,5.48604,0,0
KPL_PE,D,20240228,000000,5.48604,5.57903,5.48604,5.57903,0,0
KPL_PE,D,20240229,000000,5.52603,5.57903,5.52603,5.57903,0,0
KPL_PE,D,20240301,000000,5.61436,5.63296,5.50743,5.57903,0,0
KPL_PE,D,20240304,000000,5.5967,5.81056,5.56136,5.77522,0,0
KPL_PE,D,20240305,000000,5.81056,5.91749,5.7213,5.765,0,0
KPL_PE,D,20240306,000000,5.80033,5.80033,5.72966,5.765,0,0
KPL_PE,D,20240307,000000,5.80033,5.80033,5.67201,5.67201,0,0
KPL_PE,D,20240308,000000,5.68969,5.765,5.68969,5.765,0,0
KPL_PE,D,20240311,000000,5.74733,5.95933,5.74733,5.95097,0,0
KPL_PE,D,20240312,000000,5.8803,6.04395,5.8803,6.04395,0,0
KPL_PE,D,20240313,000000,6.06162,6.18621,5.95097,5.95097,0,0
KPL_PE,D,20240314,000000,5.96863,6.13694,5.96863,6.13694,0,0
KPL_PE,D,20240315,000000,6.11926,6.11926,5.977,6.03093,0,0
KPL_PE,D,20240318,000000,6.03093,6.03093,5.80033,5.85798,0,0
KPL_PE,D,20240319,000000,5.84032,5.89332,5.75198,5.85798,0,0
KPL_PE,D,20240320,000000,5.89332,5.89332,5.78731,5.85798,0,0
KPL_PE,D,20240321,000000,5.85798,5.91098,5.82265,5.85798,0,0
KPL_PE,D,20240322,000000,5.85798,5.85798,5.68039,5.765,0,0
KPL_PE,D,20240325,000000,5.659,5.765,5.62366,5.765,0,0
KPL_PE,D,20240326,000000,5.72966,5.8366,5.712,5.765,0,0
KPL_PE,D,20240327,000000,5.72966,5.765,5.55299,5.765,0,0
KPL_PE,D,20240328,000000,5.72966,5.765,5.606,5.765,0,0
KPL_PE,D,20240402,000000,5.765,5.94353,5.765,5.765,0,0
KPL_PE,D,20240403,000000,5.765,5.818,5.6404,5.67201,0,0
KPL_PE,D,20240404,000000,5.60135,5.765,5.60135,5.765,0,0
KPL_PE,D,20240405,000000,5.6934,5.6934,5.6404,5.67201,0,0
KPL_PE,D,20240408,000000,5.67201,5.76128,5.67201,5.67201,0,0
KPL_PE,D,20240409,000000,5.67201,5.70735,5.57903,5.57903,0,0
KPL_PE,D,20240410,000000,5.57903,5.63204,5.45537,5.48604,0,0
KPL_PE,D,20240411,000000,5.48604,5.59111,5.48604,5.57903,0,0
KPL_PE,D,20240412,000000,5.5967,5.5967,5.39307,5.39307,0,0
KPL_PE,D,20240415,000000,5.37539,5.39307,5.2694,5.39307,0,0
KPL_PE,D,20240416,000000,5.30473,5.39307,5.2694,5.39307,0,0
KPL_PE,D,20240417,000000,5.39307,5.39307,5.30008,5.30008,0,0
KPL_PE,D,20240418,000000,5.21175,5.24708,5.10481,5.2071,0,0
KPL_PE,D,20240419,000000,5.2071,5.2071,5.06483,5.11411,0,0
KPL_PE,D,20240422,000000,5.11411,5.2071,5.06111,5.2071,0,0
KPL_PE,D,20240423,000000,5.2071,5.24336,5.10016,5.11411,0,0
KPL_PE,D,20240424,000000,5.16711,5.16711,5.02113,5.02113,0,0
KPL_PE,D,20240425,000000,4.96813,4.98579,4.87979,4.92814,0,0
KPL_PE,D,20240426,000000,4.89281,4.92814,4.87514,4.92814,0,0
KPL_PE,D,20240429,000000,5.0174,5.0174,4.85654,4.92814,0,0
KPL_PE,D,20240430,000000,4.96348,4.96348,4.87514,4.92814,0,0
KPL_PE,D,20240502,000000,4.91048,4.98208,4.91048,4.94582,0,0
KPL_PE,D,20240506,000000,4.94582,4.94582,4.92814,4.92814,0,0
KPL_PE,D,20240507,000000,4.94582,5.10668,4.87422,4.92814,0,0
KPL_PE,D,20240508,000000,4.96348,5.02113,4.92814,5.02113,0,0
KPL_PE,D,20240509,000000,5.03879,5.2071,4.98579,5.2071,0,0
KPL_PE,D,20240510,000000,5.18942,5.18942,5.02113,5.02113,0,0
KPL_PE,D,20240513,000000,5.0918,5.2071,5.03879,5.2071,0,0
KPL_PE,D,20240514,000000,5.15316,5.15316,4.83144,4.83516,0,0
KPL_PE,D,20240515,000000,5.10203,5.36796,5.10203,5.30008,0,0
KPL_PE,D,20240516,000000,5.31775,5.31775,5.15875,5.30008,0,0
KPL_PE,D,20240517,000000,5.30008,5.30008,5.2071,5.2071,0,0
KPL_PE,D,20240520,000000,5.2071,5.30008,5.2071,5.30008,0,0
KPL_PE,D,20240521,000000,5.33541,5.79941,5.33541,5.765,0,0
KPL_PE,D,20240522,000000,5.80033,5.88959,5.765,5.765,0,0
KPL_PE,D,20240523,000000,5.85426,5.99653,5.39307,5.39307,0,0
KPL_PE,D,20240524,000000,5.37726,5.39307,5.29636,5.39307,0,0
KPL_PE,D,20240527,000000,5.39307,5.78267,5.26288,5.765,0,0
KPL_PE,D,20240528,000000,5.69991,5.69991,5.53812,5.57903,0,0
KPL_PE,D,20240529,000000,5.59484,5.61158,5.41817,5.57903,0,0
KPL_PE,D,20240531,000000,5.59484,5.83846,5.57903,5.765,0,0
KPL_PE,D,20240603,000000,5.6683,6.13694,5.6683,6.13694,0,0
KPL_PE,D,20240604,000000,6.13694,6.13694,5.94353,6.04395,0,0
KPL_PE,D,20240605,000000,6.04395,6.07649,5.91377,5.95097,0,0
KPL_PE,D,20240606,000000,5.98352,6.0644,5.88588,6.04395,0,0
KPL_PE,D,20240607,000000,6.04395,6.13694,5.9956,6.13694,0,0
KPL_PE,D,20240610,000000,6.18529,6.3322,6.13694,6.13694,0,0
KPL_PE,D,20240611,000000,6.13694,6.18529,6.04023,6.13694,0,0
KPL_PE,D,20240612,000000,6.12113,6.12113,5.78081,5.85798,0,0
KPL_PE,D,20240613,000000,5.85798,5.85798,5.63296,5.67201,0,0
KPL_PE,D,20240614,000000,5.76872,5.76872,5.55858,5.57903,0,0
KPL_PE,D,20240617,000000,5.65993,5.67574,5.59484,5.67201,0,0
KPL_PE,D,20240618,000000,5.67201,5.67201,5.60785,5.60785,0,0
KPL_PE,D,20240619,000000,5.60785,5.72036,5.59111,5.67201,0,0
KPL_PE,D,20240620,000000,5.67201,5.765,5.67201,5.765,0,0
KPL_PE,D,20240621,000000,5.765,5.78081,5.67201,5.67201,0,0
KPL_PE,D,20240624,000000,5.73617,5.73617,5.60785,5.67201,0,0
KPL_PE,D,20240625,000000,5.72036,5.72036,5.65621,5.67201,0,0
KPL_PE,D,20240626,000000,5.70456,5.70456,5.60785,5.67201,0,0
KPL_PE,D,20240627,000000,5.75291,5.75291,5.65528,5.67201,0,0
KPL_PE,D,20240628,000000,5.6404,5.765,5.5595,5.765,0,0
KPL_PE,D,20240701,000000,5.765,5.765,5.67201,5.67201,0,0
KPL_PE,D,20240702,000000,5.70456,5.70456,5.62366,5.67201,0,0
KPL_PE,D,20240703,000000,5.67201,5.67201,5.60785,5.67201,0,0
KPL_PE,D,20240704,000000,5.72036,5.72036,5.57903,5.57903,0,0
KPL_PE,D,20240705,000000,5.64319,5.83567,5.62739,5.67201,0,0
KPL_PE,D,20240708,000000,5.76872,5.76872,5.67201,5.765,0,0
KPL_PE,D,20240709,000000,5.78081,5.78081,5.67201,5.67201,0,0
KPL_PE,D,20240710,000000,5.72036,5.765,5.67201,5.765,0,0
KPL_PE,D,20240711,000000,5.765,5.765,5.67201,5.67201,0,0
KPL_PE,D,20240712,000000,5.70456,5.70456,5.57903,5.57903,0,0
KPL_PE,D,20240715,000000,5.69154,5.77151,5.69154,5.765,0,0
KPL_PE,D,20240716,000000,5.81335,5.81335,5.67201,5.67201,0,0
KPL_PE,D,20240717,000000,5.72036,5.85798,5.70456,5.85798,0,0
KPL_PE,D,20240718,000000,5.85798,5.87379,5.80963,5.85798,0,0
KPL_PE,D,20240719,000000,5.85798,5.89053,5.76128,5.85798,0,0
KPL_PE,D,20240722,000000,5.82543,5.82543,5.76128,5.765,0,0
KPL_PE,D,20240723,000000,5.81335,5.89332,5.765,5.85798,0,0
KPL_PE,D,20240724,000000,5.90633,5.90633,5.79382,5.85798,0,0
KPL_PE,D,20240725,000000,5.77708,5.79382,5.72966,5.765,0,0
KPL_PE,D,20240726,000000,5.87844,5.89424,5.765,5.765,0,0
KPL_PE,D,20240729,000000,5.81335,5.86171,5.765,5.85798,0,0
KPL_PE,D,20240730,000000,5.84217,5.85798,5.76128,5.765,0,0
KPL_PE,D,20240731,000000,5.765,5.765,5.68504,5.765,0,0
KPL_PE,D,20240801,000000,5.765,5.765,5.71665,5.765,0,0
KPL_PE,D,20240802,000000,5.7492,5.7492,5.65156,5.67201,0,0
KPL_PE,D,20240805,000000,5.60785,5.60785,5.23964,5.30008,0,0
KPL_PE,D,20240806,000000,5.41352,5.48604,5.39678,5.48604,0,0
KPL_PE,D,20240807,000000,5.95562,6.31175,5.92307,6.13694,0,0
KPL_PE,D,20240808,000000,6.15274,6.15274,5.96027,6.13694,0,0
KPL_PE,D,20240809,000000,6.07184,6.10439,6.04395,6.04395,0,0
KPL_PE,D,20240812,000000,6.10811,6.10811,5.9956,6.04395,0,0
KPL_PE,D,20240813,000000,6.04395,6.04395,5.95097,5.95097,0,0
KPL_PE,D,20240814,000000,6.01513,6.01513,5.85798,5.85798,0,0
KPL_PE,D,20240816,000000,5.84217,5.88959,5.80963,5.85798,0,0
KPL_PE,D,20240819,000000,5.85798,5.85798,5.79382,5.85798,0,0
KPL_PE,D,20240820,000000,5.89053,5.89053,5.74547,5.765,0,0
KPL_PE,D,20240821,000000,5.765,5.82916,5.66922,5.765,0,0
KPL_PE,D,20240822,000000,6.17102,6.20478,5.20924,5.20924,0,0
KPL_PE,D,20240823,000000,5.20924,5.30571,5.15039,5.30571,0,0
KPL_PE,D,20240826,000000,5.32018,5.32018,5.21599,5.30571,0,0
KPL_PE,D,20240827,000000,5.32018,5.35008,5.30571,5.30571,0,0
KPL_PE,D,20240828,000000,5.30571,5.30571,5.20249,5.30571,0,0
KPL_PE,D,20240829,000000,5.30571,5.37999,5.21599,5.30571,0,0
KPL_PE,D,20240830,000000,5.29124,5.42436,5.29124,5.40217,0,0
KPL_PE,D,20240902,000000,5.3877,5.3877,5.26905,5.31342,0,0
KPL_PE,D,20240903,000000,5.32789,5.34333,5.28448,5.30571,0,0
KPL_PE,D,20240904,000000,5.33561,5.33561,5.14268,5.30571,0,0
KPL_PE,D,20240905,000000,5.29027,5.36552,5.26037,5.30571,0,0
KPL_PE,D,20240906,000000,5.30571,5.32018,5.26133,5.30571,0,0
KPL_PE,D,20240909,000000,5.35008,5.37999,5.30571,5.30571,0,0
KPL_PE,D,20240910,000000,5.35008,5.35008,5.29124,5.30571,0,0
KPL_PE,D,20240911,000000,5.33561,5.33561,5.29124,5.30571,0,0
KPL_PE,D,20240912,000000,5.29124,5.30571,5.2758,5.30571,0,0
KPL_PE,D,20240913,000000,5.32018,5.32018,5.30571,5.30571,0,0
KPL_PE,D,20240916,000000,5.30571,5.30571,5.26133,5.30571,0,0
KPL_PE,D,20240917,000000,5.29124,5.30571,5.24686,5.30571,0,0
KPL_PE,D,20240918,000000,5.35008,5.35008,5.2459,5.30571,0,0
KPL_PE,D,20240919,000000,5.30571,5.30571,5.18609,5.20924,0,0
KPL_PE,D,20240920,000000,5.22371,5.23914,5.1938,5.20924,0,0
KPL_PE,D,20240923,000000,5.23914,5.26905,5.11952,5.20924,0,0
KPL_PE,D,20240924,000000,5.17933,5.20924,5.09058,5.20924,0,0
KPL_PE,D,20240925,000000,5.19477,5.19477,5.0163,5.0163,0,0
KPL_PE,D,20240926,000000,4.98736,5.0163,4.92852,5.0163,0,0
KPL_PE,D,20240927,000000,4.9864,5.0163,4.94202,5.0163,0,0
KPL_PE,D,20240930,000000,5.0163,5.0163,4.95649,5.0163,0,0
KPL_PE,D,20241001,000000,5.07611,5.07611,5.0163,5.0163,0,0
KPL_PE,D,20241002,000000,5.0163,5.0163,4.97193,5.0163,0,0
KPL_PE,D,20241003,000000,5.00183,5.0163,4.97193,5.0163,0,0
KPL_PE,D,20241004,000000,4.92659,5.0163,4.91212,4.91984,0,0
KPL_PE,D,20241007,000000,4.90537,4.94974,4.87546,4.91984,0,0
KPL_PE,D,20241008,000000,4.96421,5.35105,4.96421,5.20924,0,0
KPL_PE,D,20241009,000000,5.26808,5.30571,5.17933,5.30571,0,0
KPL_PE,D,20241010,000000,5.21696,5.29124,5.20924,5.20924,0,0
KPL_PE,D,20241011,000000,5.26808,5.28255,5.10602,5.11277,0,0
KPL_PE,D,20241014,000000,5.15715,5.20924,5.15715,5.20924,0,0
KPL_PE,D,20241015,000000,5.20924,5.23914,5.16486,5.20924,0,0
KPL_PE,D,20241016,000000,5.23914,5.23914,5.17933,5.20924,0,0
KPL_PE,D,20241017,000000,5.20924,5.20924,5.11277,5.11277,0,0
KPL_PE,D,20241018,000000,5.15715,5.30571,5.15715,5.30571,0,0
KPL_PE,D,20241021,000000,5.33561,5.35008,5.11277,5.20924,0,0
KPL_PE,D,20241022,000000,5.20924,5.28448,5.19477,5.20924,0,0
KPL_PE,D,20241023,000000,5.22371,5.22371,5.10602,5.20924,0,0
KPL_PE,D,20241024,000000,5.19477,5.19477,5.11277,5.11277,0,0
KPL_PE,D,20241025,000000,5.11277,5.20924,5.11277,5.20924,0,0
KPL_PE,D,20241028,000000,5.20924,5.26808,5.15039,5.20924,0,0
KPL_PE,D,20241029,000000,5.25361,5.26905,5.17933,5.20924,0,0
KPL_PE,D,20241030,000000,5.20924,5.30571,5.15039,5.30571,0,0
KPL_PE,D,20241031,000000,5.30571,5.32018,5.20924,5.20924,0,0
KPL_PE,D,20241104,000000,5.17933,5.20924,5.16486,5.20924,0,0
KPL_PE,D,20241105,000000,5.20924,5.20924,5.15039,5.20924,0,0
KPL_PE,D,20241106,000000,5.20924,5.20924,5.17933,5.20924,0,0
KPL_PE,D,20241107,000000,5.26905,5.26905,5.16486,5.20924,0,0
KPL_PE,D,20241108,000000,5.20924,5.32789,5.20924,5.30571,0,0
KPL_PE,D,20241112,000000,5.37902,5.49864,5.36455,5.49864,0,0
KPL_PE,D,20241113,000000,5.49864,5.51408,5.39446,5.49864,0,0
KPL_PE,D,20241114,000000,5.48321,5.48321,5.37902,5.40217,0,0
KPL_PE,D,20241115,000000,5.40217,5.40217,5.15039,5.30571,0,0
KPL_PE,D,20241118,000000,5.30571,5.30571,5.18609,5.20924,0,0
KPL_PE,D,20241119,000000,5.28352,5.28352,5.16486,5.20924,0,0
KPL_PE,D,20241120,000000,5.20924,5.22371,5.17933,5.20924,0,0
KPL_PE,D,20241121,000000,5.20924,5.26905,5.1938,5.20924,0,0
KPL_PE,D,20241122,000000,5.31246,5.59511,5.22371,5.59511,0,0
KPL_PE,D,20241125,000000,5.61054,5.92406,5.61054,5.88451,0,0
KPL_PE,D,20241126,000000,5.88451,5.94432,5.79576,5.88451,0,0
KPL_PE,D,20241127,000000,5.89898,5.9887,5.30571,5.30571,0,0
KPL_PE,D,20241128,000000,5.34622,5.34622,5.26519,5.30571,0,0
KPL_PE,D,20241129,000000,5.31921,5.40217,5.26519,5.40217,0,0
KPL_PE,D,20241202,000000,5.41568,5.65974,5.30764,5.49864,0,0
KPL_PE,D,20241203,000000,5.55266,5.6337,5.47163,5.59511,0,0
KPL_PE,D,20241204,000000,5.59511,5.86425,5.54109,5.78804,0,0
KPL_PE,D,20241205,000000,5.86811,6.0022,5.81505,5.88451,0,0
KPL_PE,D,20241206,000000,5.88451,5.91152,5.77743,5.88451,0,0
KPL_PE,D,20241209,000000,5.93853,5.93853,5.8575,5.88451,0,0
KPL_PE,D,20241210,000000,5.8575,5.88451,5.83049,5.88451,0,0
KPL_PE,D,20241211,000000,5.88451,5.88451,5.75042,5.78804,0,0
KPL_PE,D,20241212,000000,5.84207,5.88451,5.78804,5.88451,0,0
KPL_PE,D,20241213,000000,5.8575,5.91152,5.80348,5.88451,0,0
KPL_PE,D,20241216,000000,5.88451,6.04658,5.80348,5.98098,0,0
KPL_PE,D,20241217,000000,6.00799,6.035,5.95397,5.98098,0,0
KPL_PE,D,20241218,000000,5.95397,5.98098,5.87293,5.88451,0,0
KPL_PE,D,20241219,000000,5.91152,5.91152,5.83049,5.88451,0,0
KPL_PE,D,20241220,000000,5.93853,6.01957,5.93853,5.98098,0,0
KPL_PE,D,20241223,000000,6.00799,6.00799,5.84592,5.88451,0,0
KPL_PE,D,20241227,000000,5.88451,5.91152,5.72148,5.78804,0,0
KPL_PE,D,20241230,000000,5.78804,5.84207,5.68,5.78804,0,0
KPL_PE,D,20250102,000000,5.78804,5.78804,5.54591,5.59511,0,0
KPL_PE,D,20250103,000000,5.59511,5.59511,5.40217,5.40217,0,0
KPL_PE,D,20250107,000000,5.4562,5.4562,5.2951,5.40217,0,0
KPL_PE,D,20250108,000000,5.37516,5.49864,5.37516,5.49864,0,0
KPL_PE,D,20250109,000000,5.49864,5.57967,5.40217,5.40217,0,0
KPL_PE,D,20250110,000000,5.40217,5.40217,5.32211,5.40217,0,0
KPL_PE,D,20250113,000000,5.40217,5.40217,5.32211,5.40217,0,0
KPL_PE,D,20250114,000000,5.5652,5.5652,5.40217,5.40217,0,0
KPL_PE,D,20250115,000000,5.37516,5.4562,5.36166,5.40217,0,0
KPL_PE,D,20250116,000000,5.42918,5.42918,5.25361,5.40217,0,0
KPL_PE,D,20250117,000000,5.40217,5.67325,5.38867,5.59511,0,0
KPL_PE,D,20250120,000000,5.5681,5.62212,5.48803,5.59511,0,0
KPL_PE,D,20250121,000000,5.62212,5.62212,5.51408,5.59511,0,0
KPL_PE,D,20250122,000000,5.64913,5.64913,5.5681,5.59511,0,0
KPL_PE,D,20250123,000000,5.5681,5.59511,5.43497,5.59511,0,0
KPL_PE,D,20250124,000000,5.59511,5.59511,5.48803,5.59511,0,0
KPL_PE,D,20250127,000000,5.5681,5.5681,5.46102,5.49864,0,0
KPL_PE,D,20250128,000000,5.49864,5.49864,5.47163,5.49864,0,0
KPL_PE,D,20250129,000000,5.49864,5.49864,5.3906,5.40217,0,0
KPL_PE,D,20250130,000000,5.42918,5.42918,5.32211,5.40217,0,0
KPL_PE,D,20250131,000000,5.4562,5.48321,5.33465,5.40217,0,0
KPL_PE,D,20250203,000000,5.32114,5.34815,5.26712,5.30571,0,0
KPL_PE,D,20250204,000000,5.2922,5.30571,5.15811,5.20924,0,0
KPL_PE,D,20250205,000000,5.31728,5.31728,5.20924,5.30571,0,0
KPL_PE,D,20250206,000000,5.30571,5.40121,5.2922,5.30571,0,0
KPL_PE,D,20250207,000000,5.2922,5.2922,5.20924,5.20924,0,0
KPL_PE,D,20250210,000000,5.23625,5.30571,5.15618,5.30571,0,0
KPL_PE,D,20250211,000000,5.31921,5.31921,5.23818,5.30571,0,0
KPL_PE,D,20250212,000000,5.30571,5.30571,5.25168,5.30571,0,0
KPL_PE,D,20250213,000000,5.2787,5.30571,5.23818,5.30571,0,0
KPL_PE,D,20250214,000000,5.30571,5.33272,5.26519,5.30571,0,0
KPL_PE,D,20250217,000000,5.30571,5.30571,5.25168,5.30571,0,0
KPL_PE,D,20250218,000000,5.2922,5.31921,5.20924,5.20924,0,0
KPL_PE,D,20250219,000000,5.23625,5.23625,5.14268,5.20924,0,0
KPL_PE,D,20250220,000000,5.19573,5.20924,5.12917,5.20924,0,0
KPL_PE,D,20250221,000000,5.20924,5.20924,5.15522,5.20924,0,0
KPL_PE,D,20250224,000000,5.20924,5.23625,5.16872,5.20924,0,0
KPL_PE,D,20250225,000000,5.22274,5.22274,5.07515,5.20924,0,0
KPL_PE,D,20250226,000000,5.20924,5.22274,5.11567,5.20924,0,0
KPL_PE,D,20250227,000000,5.20924,5.20924,5.12917,5.20924,0,0
KPL_PE,D,20250228,000000,5.20924,5.20924,5.04814,5.11277,0,0
KPL_PE,D,20250303,000000,5.09927,5.20924,5.0192,5.20924,0,0
KPL_PE,D,20250304,000000,5.20924,5.20924,4.97965,5.0163,0,0
KPL_PE,D,20250305,000000,4.98929,5.08383,4.98929,5.0163,0,0
KPL_PE,D,20250306,000000,5.02981,5.30571,5.02981,5.30571,0,0
KPL_PE,D,20250307,000000,5.30571,5.49478,5.2787,5.40217,0,0
KPL_PE,D,20250310,000000,5.4562,5.53723,5.40217,5.40217,0,0
KPL_PE,D,20250311,000000,5.42918,5.42918,5.26808,5.30571,0,0
KPL_PE,D,20250312,000000,5.34622,5.40217,5.34622,5.40217,0,0
KPL_PE,D,20250313,000000,5.40217,5.42918,5.32114,5.40217,0,0
KPL_PE,D,20250314,000000,5.41568,5.42918,5.37516,5.40217,0,0
KPL_PE,D,20250317,000000,5.4562,5.56424,5.4562,5.49864,0,0
KPL_PE,D,20250318,000000,5.57967,5.6337,5.47163,5.49864,0,0
KPL_PE,D,20250319,000000,5.49864,5.49864,5.24107,5.30571,0,0
KPL_PE,D,20250320,000000,5.30571,5.35973,5.2787,5.30571,0,0
KPL_PE,D,20250321,000000,5.30571,5.34622,5.25168,5.30571,0,0
KPL_PE,D,20250324,000000,5.33272,5.44076,5.33272,5.40217,0,0
KPL_PE,D,20250325,000000,5.37516,5.50925,5.20924,5.20924,0,0
KPL_PE,D,20250326,000000,5.19573,5.32982,5.12821,5.30571,0,0
KPL_PE,D,20250327,000000,5.31921,5.31921,5.17162,5.30571,0,0
KPL_PE,D,20250328,000000,5.31921,5.31921,5.18416,5.20924,0,0
KPL_PE,D,20250331,000000,5.20924,5.33079,5.04621,5.30571,0,0
KPL_PE,D,20250401,000000,5.31921,5.33272,5.19766,5.20924,0,0
KPL_PE,D,20250402,000000,5.18223,5.30571,5.15618,5.30571,0,0
KPL_PE,D,20250403,000000,5.2922,5.33272,5.21117,5.21117,0,0
KPL_PE,D,20250404,000000,5.26519,5.26519,4.88607,5.0163,0,0
KPL_PE,D,20250407,000000,4.89572,4.89572,4.65552,4.84266,0,0
KPL_PE,D,20250408,000000,4.86871,4.94974,4.84266,4.91984,0,0
KPL_PE,D,20250409,000000,4.90633,4.90633,4.53397,4.53397,0,0
KPL_PE,D,20250410,000000,4.80022,4.80022,4.66709,4.6941,0,0
KPL_PE,D,20250411,000000,4.66709,5.0163,4.61404,5.0163,0,0
KPL_PE,D,20250414,000000,5.07322,5.26037,4.98736,5.20924,0,0
KPL_PE,D,20250415,000000,5.20924,5.31053,5.19477,5.20924,0,0
KPL_PE,D,20250416,000000,5.13785,5.33851,5.13785,5.20924,0,0
KPL_PE,D,20250417,000000,5.28063,5.28063,5.1803,5.20924,0,0
KPL_PE,D,20250422,000000,5.1803,5.30571,5.13785,5.30571,0,0
KPL_PE,D,20250423,000000,5.20538,5.24783,5.16197,5.20924,0,0
KPL_PE,D,20250424,000000,5.20924,5.20924,5.10891,5.11277,0,0
KPL_PE,D,20250425,000000,5.11277,5.17065,4.92563,5.11277,0,0
KPL_PE,D,20250428,000000,5.11277,5.20924,5.08383,5.20924,0,0
KPL_PE,D,20250429,000000,5.20924,5.30571,5.20924,5.30571,0,0
KPL_PE,D,20250430,000000,5.30571,5.30571,5.14654,5.20924,0,0
KPL_PE,D,20250502,000000,5.22371,5.40217,5.16583,5.40217,0,0
KPL_PE,D,20250505,000000,5.40217,5.40217,5.19959,5.20924,0,0
KPL_PE,D,20250506,000000,5.25265,5.25265,5.15232,5.20924,0,0
KPL_PE,D,20250507,000000,5.22371,5.25265,5.15232,5.20924,0,0
KPL_PE,D,20250508,000000,5.19477,5.20924,5.09444,5.11277,0,0
KPL_PE,D,20250509,000000,5.12724,5.38577,5.11277,5.30571,0,0
KPL_PE,D,20250512,000000,5.41954,5.70508,5.41954,5.59511,0,0
KPL_PE,D,20250513,000000,5.59511,5.62405,5.56617,5.59511,0,0
KPL_PE,D,20250514,000000,5.60958,5.60958,5.49864,5.49864,0,0
KPL_PE,D,20250515,000000,5.54109,5.59511,5.4697,5.59511,0,0
KPL_PE,D,20250516,000000,5.60958,5.60958,5.37902,5.40217,0,0
KPL_PE,D,20250519,000000,5.37323,5.37323,5.16004,5.20924,0,0
KPL_PE,D,20250520,000000,5.22371,5.22371,5.06647,5.20924,0,0
KPL_PE,D,20250521,000000,5.1803,5.22371,5.05103,5.20924,0,0
KPL_PE,D,20250522,000000,5.1803,5.22371,5.11277,5.11277,0,0
KPL_PE,D,20250523,000000,5.18416,5.28545,5.12724,5.20924,0,0
KPL_PE,D,20250526,000000,5.22371,5.33851,5.20924,5.20924,0,0
KPL_PE,D,20250527,000000,5.20924,5.33754,5.20924,5.30571,0,0
KPL_PE,D,20250528,000000,5.30571,5.33465,5.20924,5.20924,0,0
KPL_PE,D,20250529,000000,5.25168,5.25168,5.10988,5.20924,0,0
KPL_PE,D,20250530,000000,5.20924,5.23818,5.16583,5.20924,0,0
KPL_PE,D,20250602,000000,5.20924,5.20924,5.13785,5.20924,0,0
KPL_PE,D,20250603,000000,5.20924,5.20924,5.11277,5.11277,0,0
KPL_PE,D,20250604,000000,5.15522,5.20924,5.0848,5.20924,0,0
KPL_PE,D,20250605,000000,5.20924,5.22371,5.11277,5.11277,0,0
KPL_PE,D,20250606,000000,5.14075,5.15522,4.92852,5.0163,0,0
KPL_PE,D,20250609,000000,5.0163,5.03077,4.95939,5.0163,0,0
KPL_PE,D,20250610,000000,5.0163,5.0163,4.91984,4.91984,0,0
KPL_PE,D,20250611,000000,4.93431,5.11277,4.93431,5.11277,0,0
KPL_PE,D,20250612,000000,5.11277,5.17065,5.04139,5.11277,0,0
KPL_PE,D,20250613,000000,5.06936,5.06936,4.99798,5.0163,0,0
KPL_PE,D,20250616,000000,5.05971,5.11663,5.05971,5.11277,0,0
KPL_PE,D,20250617,000000,5.14171,5.19863,5.11277,5.11277,0,0
KPL_PE,D,20250618,000000,5.14171,5.14171,5.0163,5.0163,0,0
KPL_PE,D,20250620,000000,5.08769,5.08769,4.93141,5.0163,0,0
KPL_PE,D,20250623,000000,5.0163,5.0163,4.97289,5.0163,0,0
KPL_PE,D,20250624,000000,5.00183,5.03077,4.98736,5.0163,0,0
KPL_PE,D,20250625,000000,5.0163,5.0163,4.95939,5.0163,0,0
KPL_PE,D,20250626,000000,5.0163,5.0163,4.91984,4.91984,0,0
KPL_PE,D,20250627,000000,4.90537,4.91984,4.74909,4.82337,0,0
KPL_PE,D,20250630,000000,4.79539,4.79539,4.69603,4.7269,0,0
KPL_PE,D,20250701,000000,4.71243,4.82337,4.71243,4.82337,0,0
KPL_PE,D,20250702,000000,4.82337,4.82337,4.75198,4.82337,0,0
KPL_PE,D,20250703,000000,4.77996,4.77996,4.72304,4.7269,0,0
KPL_PE,D,20250704,000000,4.7269,4.7269,4.63043,4.63043,0,0
KPL_PE,D,20250707,000000,4.63043,4.63043,4.53107,4.63043,0,0
KPL_PE,D,20250708,000000,4.63043,4.63043,4.54554,4.63043,0,0
KPL_PE,D,20250709,000000,4.63043,4.63043,4.51564,4.63043,0,0
KPL_PE,D,20250710,000000,4.63043,4.63043,4.53011,4.53397,0,0
KPL_PE,D,20250711,000000,4.50599,4.53397,4.49152,4.53397,0,0
KPL_PE,D,20250714,000000,4.53397,4.67674,4.5195,4.53397,0,0
KPL_PE,D,20250715,000000,4.53397,4.60535,4.49152,4.53397,0,0
KPL_PE,D,20250716,000000,4.53397,4.64683,4.50599,4.63043,0,0
KPL_PE,D,20250717,000000,4.6449,4.77224,4.63043,4.7269,0,0
KPL_PE,D,20250718,000000,4.76935,4.82337,4.71243,4.82337,0,0
KPL_PE,D,20250721,000000,4.82337,4.83784,4.7269,4.7269,0,0
KPL_PE,D,20250722,000000,4.75488,4.82337,4.71243,4.82337,0,0
KPL_PE,D,20250723,000000,4.8089,4.86582,4.8089,4.82337,0,0
KPL_PE,D,20250724,000000,4.83784,5.21985,4.83784,5.20924,0,0
KPL_PE,D,20250725,000000,5.20924,5.30571,5.10988,5.30571,0,0
KPL_PE,D,20250728,000000,5.30571,5.30571,5.19091,5.20924,0,0
KPL_PE,D,20250729,000000,5.26712,5.26712,5.13785,5.20924,0,0
KPL_PE,D,20250730,000000,5.1803,5.1803,5.08094,5.11277,0,0
KPL_PE,D,20250731,000000,5.15618,5.15618,5.0983,5.11277,0,0
KPL_PE,D,20250801,000000,5.15522,5.15522,5.07033,5.11277,0,0
KPL_PE,D,20250804,000000,5.11277,5.11277,5.07033,5.11277,0,0
KPL_PE,D,20250805,000000,5.11277,5.12724,5.05586,5.11277,0,0
KPL_PE,D,20250806,000000,5.11277,5.14171,5.08383,5.11277,0,0
KPL_PE,D,20250807,000000,5.11277,5.14171,5.08383,5.11277,0,0
KPL_PE,D,20250808,000000,5.11277,5.12724,5.04139,5.11277,0,0
KPL_PE,D,20250811,000000,5.0983,5.14171,5.06936,5.11277,0,0
KPL_PE,D,20250812,000000,5.07033,5.11277,5.0163,5.0163,0,0
KPL_PE,D,20250813,000000,5.0163,5.20924,4.98833,5.20924,0,0
KPL_PE,D,20250814,000000,5.20924,5.28063,5.16679,5.20924,0,0
KPL_PE,D,20250818,000000,5.25168,5.30571,5.19477,5.30571,0,0
KPL_PE,D,20250819,000000,5.30571,5.30571,5.20924,5.20924,0,0
KPL_PE,D,20250820,000000,5.18126,5.22371,5.16679,5.20924,0,0
KPL_PE,D,20250821,000000,5.224,5.491,5.136,5.3,0,0
KPL_PE,D,20250822,000000,5.359,5.359,5.1,5.1,0,0
KPL_PE,D,20250825,000000,5.1,5.2,5.086,5.2,0,0
KPL_PE,D,20250826,000000,5.171,5.186,5.1,5.1,0,0
KPL_PE,D,20250827,000000,5.1,5.2,5.1,5.2,0,0
KPL_PE,D,20250828,000000,5.2,5.257,5.186,5.2,0,0
KPL_PE,D,20250829,000000,5.2,5.2,5.1,5.1,0,0
KPL_PE,D,20250901,000000,5.1,5.1,5.001,5.1,0,0
KPL_PE,D,20250902,000000,5.086,5.158,5.057,5.1,0,0
KPL_PE,D,20250903,000000,5.114,5.128,5.029,5.1,0,0
KPL_PE,D,20250904,000000,5.129,5.2,5.129,5.2,0,0
KPL_PE,D,20250905,000000,5.186,5.229,5.186,5.2,0,0
KPL_PE,D,20250908,000000,5.2,5.243,5.186,5.2,0,0
KPL_PE,D,20250909,000000,5.214,5.214,5.2,5.2,0,0
KPL_PE,D,20250910,000000,5.2,5.2,5.143,5.2,0,0
KPL_PE,D,20250911,000000,5.171,5.2,5.157,5.2,0,0
KPL_PE,D,20250912,000000,5.186,5.214,5.186,5.2,0,0
KPL_PE,D,20250915,000000,5.2,5.214,5.128,5.2,0,0
KPL_PE,D,20250916,000000,5.2,5.214,5.1,5.1,0,0
KPL_PE,D,20250917,000000,5.114,5.114,5.029,5.1,0,0
KPL_PE,D,20250918,000000,5.114,5.114,5.072,5.1,0,0
KPL_PE,D,20250919,000000,5.1,5.1,5.015,5.1,0,0
KPL_PE,D,20250922,000000,5.057,5.114,5.057,5.1,0,0
KPL_PE,D,20250923,000000,5.1,5.1,5.057,5.1,0,0
KPL_PE,D,20250924,000000,5.1,5.129,5.057,5.1,0,0
KPL_PE,D,20250925,000000,5.057,5.128,5.015,5.1,0,0
KPL_PE,D,20250926,000000,5.1,5.3,5.072,5.3,0,0
KPL_PE,D,20250929,000000,5.3,5.329,5.2,5.2,0,0
KPL_PE,D,20250930,000000,5.2,5.228,5.016,5.1,0,0
KPL_PE,D,20251001,000000,5.1,5.1,5.029,5.1,0,0
KPL_PE,D,20251002,000000,5.1,5.1,5.015,5.1,0,0
KPL_PE,D,20251003,000000,5.129,5.186,5.1,5.1,0,0
KPL_PE,D,20251006,000000,5.086,5.1,5.043,5.1,0,0
KPL_PE,D,20251007,000000,5.1,5.1,5.043,5.1,0,0
KPL_PE,D,20251008,000000,5.1,5.143,5.043,5.1,0,0
KPL_PE,D,20251009,000000,5.1,5.128,5.043,5.1,0,0
KPL_PE,D,20251010,000000,5.114,5.114,5.029,5.1,0,0
KPL_PE,D,20251013,000000,5.014,5.1,4.929,5,0,0
KPL_PE,D,20251014,000000,4.957,4.971,4.843,4.9,0,0
KPL_PE,D,20251015,000000,4.9,4.9,4.886,4.9,0,0
KPL_PE,D,20251016,000000,4.929,4.929,4.843,4.9,0,0
KPL_PE,D,20251017,000000,4.9,4.9,4.8,4.8,0,0
KPL_PE,D,20251020,000000,4.786,4.828,4.729,4.8,0,0
KPL_PE,D,20251021,000000,4.8,4.8,4.772,4.8,0,0
KPL_PE,D,20251022,000000,4.786,4.8,4.644,4.7,0,0
KPL_PE,D,20251023,000000,4.7,5.013,4.686,4.8,0,0
KPL_PE,D,20251024,000000,4.814,4.9,4.786,4.9,0,0
KPL_PE,D,20251027,000000,4.943,5.059,4.842,5,0,0
KPL_PE,D,20251028,000000,4.986,5,4.929,5,0,0
KPL_PE,D,20251029,000000,4.972,5,4.972,5,0,0
KPL_PE,D,20251030,000000,5.014,5.029,4.986,5,0,0
KPL_PE,D,20251031,000000,5,5.1,5,5.1,0,0
KPL_PE,D,20251103,000000,5.086,5.229,5.014,5.2,0,0
KPL_PE,D,20251104,000000,5.2,5.257,5.171,5.2,0,0
KPL_PE,D,20251105,000000,5.186,5.2,5.129,5.2,0,0
KPL_PE,D,20251106,000000,5.214,5.214,5.1,5.1,0,0
KPL_PE,D,20251107,000000,5.171,5.171,4.816,5,0,0
KPL_PE,D,20251110,000000,5.028,5.028,4.929,5,0,0
KPL_PE,D,20251112,000000,5,5.1,5,5.1,0,0
KPL_PE,D,20251113,000000,5.1,5.114,5.086,5.1,0,0
KPL_PE,D,20251114,000000,5.1,5.23,5.1,5.1,0,0
KPL_PE,D,20251117,000000,5.143,5.3,5.143,5.3,0,0
KPL_PE,D,20251118,000000,5.3,5.3,5.113,5.2,0,0
KPL_PE,D,20251119,000000,5.2,5.214,5.114,5.2,0,0
KPL_PE,D,20251120,000000,5.2,5.257,5.2,5.2,0,0
KPL_PE,D,20251121,000000,5.186,5.2,5.058,5.2,0,0
KPL_PE,D,20251124,000000,5.214,5.272,5.128,5.2,0,0
KPL_PE,D,20251125,000000,5.2,5.5,5.2,5.5,0,0
KPL_PE,D,20251126,000000,5.486,5.759,5.486,5.6,0,0
KPL_PE,D,20251127,000000,5.614,5.614,5.2,5.2,0,0
KPL_PE,D,20251128,000000,5.146,5.173,5.039,5.1,0,0
KPL_PE,D,20251201,000000,5.046,5.207,5.046,5.2,0,0
KPL_PE,D,20251202,000000,5.213,5.348,5.213,5.3,0,0
KPL_PE,D,20251203,000000,5.3,5.4,5.26,5.4,0,0
KPL_PE,D,20251204,000000,5.427,5.454,5.346,5.4,0,0
KPL_PE,D,20251205,000000,5.4,5.4,5.212,5.4,0,0
KPL_PE,D,20251208,000000,5.318,5.454,5.318,5.4,0,0
KPL_PE,D,20251209,000000,5.4,5.4,5.304,5.4,0,0
KPL_PE,D,20251210,000000,5.4,5.4,5.291,5.3,0,0
KPL_PE,D,20251211,000000,5.246,5.543,5.246,5.5,0,0
KPL_PE,D,20251212,000000,5.5,5.5,5.393,5.5,0,0
KPL_PE,D,20251215,000000,5.5,5.527,5.446,5.5,0,0
KPL_PE,D,20251216,000000,5.5,5.527,5.5,5.5,0,0
KPL_PE,D,20251217,000000,5.5,5.7,5.5,5.7,0,0
KPL_PE,D,20251218,000000,5.7,5.7,5.646,5.7,0,0
KPL_PE,D,20251219,000000,5.673,5.808,5.673,5.7,0,0
KPL_PE,D,20251222,000000,5.7,5.8,5.7,5.8,0,0
KPL_PE,D,20251223,000000,5.8,5.881,5.773,5.854,0,0
KPL_PE,D,20251229,000000,5.854,6.016,5.854,6,0,0
KPL_PE,D,20251230,000000,6,6.108,5.919,6.1,0,0
KPL_PE,D,20260102,000000,6.234,6.234,6.073,6.1,0,0
KPL_PE,D,20260105,000000,6.127,6.127,5.912,6,0,0
KPL_PE,D,20260107,000000,6.027,6.164,5.973,6,0,0
KPL_PE,D,20260108,000000,6.027,6.2,5.946,6.2,0,0
KPL_PE,D,20260109,000000,6.2,6.2,6.064,6.1,0,0
KPL_PE,D,20260112,000000,6.1,6.1,5.992,6,0,0
KPL_PE,D,20260113,000000,6.054,6.054,5.919,6,0,0
KPL_PE,D,20260114,000000,6.027,6.134,5.919,6.1,0,0
KPL_PE,D,20260115,000000,6.1,6.261,5.966,6.2,0,0
KPL_PE,D,20260116,000000,6.2,6.2,6.065,6.2,0,0
KPL_PE,D,20260119,000000,6.2,6.227,6.146,6.2,0,0
KPL_PE,D,20260120,000000,6.2,6.418,6.146,6.4,0,0
KPL_PE,D,20260121,000000,6.4,6.644,6.346,6.6,0,0
KPL_PE,D,20260122,000000,6.627,6.709,6.6,6.7,0,0
KPL_PE,D,20260123,000000,6.646,6.754,6.619,6.7,0,0
