<TICKER>,<PER>,<DATE>,<TIME>,<OPEN>,<HIGH>,<LOW>,<CLOSE>,<VOL>,<OPENINT>
LEN_PE,D,20070813,000000,12.89,12.89,12.89,12.89,0,0
LEN_PE,D,20070814,000000,12.0557,12.0557,12.0557,12.0557,0,0
LEN_PE,D,20070816,000000,11.5626,11.5626,11.5626,11.5626,0,0
LEN_PE,D,20070817,000000,12.4317,12.4317,12.4317,12.4317,0,0
LEN_PE,D,20070820,000000,12.3591,12.3591,12.3591,12.3591,0,0
LEN_PE,D,20070821,000000,11.9773,11.9773,11.9773,11.9773,0,0
LEN_PE,D,20070822,000000,12.4317,12.4317,12.4317,12.4317,0,0
LEN_PE,D,20070823,000000,12.5874,12.5874,12.5874,12.5874,0,0
LEN_PE,D,20070824,000000,13.0402,13.0402,13.0402,13.0402,0,0
LEN_PE,D,20070827,000000,13.0402,13.0402,13.0402,13.0402,0,0
LEN_PE,D,20070828,000000,13.0022,13.0022,13.0022,13.0022,0,0
LEN_PE,D,20070829,000000,13.2289,13.2289,13.2289,13.2289,0,0
LEN_PE,D,20070830,000000,12.2445,12.2445,12.2445,12.2445,0,0
LEN_PE,D,20070831,000000,12.698,12.698,12.698,12.698,0,0
LEN_PE,D,20070903,000000,12.548,12.548,12.548,12.548,0,0
LEN_PE,D,20070904,000000,12.2058,12.2058,12.2058,12.2058,0,0
LEN_PE,D,20070905,000000,11.9773,11.9773,11.9773,11.9773,0,0
LEN_PE,D,20070906,000000,12.2058,12.2058,12.2058,12.2058,0,0
LEN_PE,D,20070907,000000,11.7515,11.7515,11.7515,11.7515,0,0
LEN_PE,D,20070910,000000,11.7515,11.7515,11.7515,11.7515,0,0
LEN_PE,D,20070911,000000,12.1711,12.1711,12.1711,12.1711,0,0
LEN_PE,D,20070912,000000,12.2058,12.2058,12.2058,12.2058,0,0
LEN_PE,D,20070913,000000,12.1711,12.1711,12.1711,12.1711,0,0
LEN_PE,D,20070914,000000,12.0936,12.0936,12.0936,12.0936,0,0
LEN_PE,D,20070917,000000,12.0936,12.0936,12.0936,12.0936,0,0
LEN_PE,D,20070918,000000,12.0936,12.0936,12.0936,12.0936,0,0
LEN_PE,D,20070919,000000,11.6393,11.6393,11.6393,11.6393,0,0
LEN_PE,D,20070920,000000,11.6393,11.6393,11.6393,11.6393,0,0
LEN_PE,D,20070921,000000,11.3359,11.3359,11.3359,11.3359,0,0
LEN_PE,D,20070924,000000,11.5239,11.5239,11.5239,11.5239,0,0
LEN_PE,D,20070925,000000,11.5239,11.5239,11.5239,11.5239,0,0
LEN_PE,D,20070926,000000,11.5626,11.5626,11.5626,11.5626,0,0
LEN_PE,D,20070927,000000,11.5626,11.5626,11.5626,11.5626,0,0
LEN_PE,D,20070928,000000,11.6393,11.6393,11.6393,11.6393,0,0
LEN_PE,D,20071001,000000,11.1818,11.1818,11.1818,11.1818,0,0
LEN_PE,D,20071002,000000,11.2964,11.2964,11.2964,11.2964,0,0
LEN_PE,D,20071003,000000,11.0704,11.0704,11.0704,11.0704,0,0
LEN_PE,D,20071004,000000,10.8024,10.8024,10.8024,10.8024,0,0
LEN_PE,D,20071005,000000,11.0307,11.0307,11.0307,11.0307,0,0
LEN_PE,D,20071008,000000,10.9533,10.9533,10.9533,10.9533,0,0
LEN_PE,D,20071009,000000,11.2575,11.2575,11.2575,11.2575,0,0
LEN_PE,D,20071010,000000,11.2575,11.2575,11.2575,11.2575,0,0
LEN_PE,D,20071011,000000,11.0704,11.0704,11.0704,11.0704,0,0
LEN_PE,D,20071012,000000,10.9195,10.9195,10.9195,10.9195,0,0
LEN_PE,D,20071015,000000,11.5239,11.5239,11.5239,11.5239,0,0
LEN_PE,D,20071016,000000,11.0704,11.0704,11.0704,11.0704,0,0
LEN_PE,D,20071017,000000,11.0704,11.0704,11.0704,11.0704,0,0
LEN_PE,D,20071018,000000,12.5091,12.5091,12.5091,12.5091,0,0
LEN_PE,D,20071019,000000,12.548,12.548,12.548,12.548,0,0
LEN_PE,D,20071022,000000,12.5091,12.5091,12.5091,12.5091,0,0
LEN_PE,D,20071023,000000,12.4703,12.4703,12.4703,12.4703,0,0
LEN_PE,D,20071024,000000,12.4317,12.4317,12.4317,12.4317,0,0
LEN_PE,D,20071025,000000,12.4317,12.4317,12.4317,12.4317,0,0
LEN_PE,D,20071026,000000,12.4317,12.4317,12.4317,12.4317,0,0
LEN_PE,D,20071029,000000,12.3978,12.3978,12.3978,12.3978,0,0
LEN_PE,D,20071030,000000,12.3978,12.3978,12.3978,12.3978,0,0
LEN_PE,D,20071031,000000,12.0169,12.0169,12.0169,12.0169,0,0
LEN_PE,D,20071102,000000,11.8282,11.8282,11.8282,11.8282,0,0
LEN_PE,D,20071105,000000,12.3978,12.3978,12.3978,12.3978,0,0
LEN_PE,D,20071106,000000,12.2823,12.2823,12.2823,12.2823,0,0
LEN_PE,D,20071107,000000,12.1332,12.1332,12.1332,12.1332,0,0
LEN_PE,D,20071108,000000,11.7886,11.7886,11.7886,11.7886,0,0
LEN_PE,D,20071109,000000,11.2964,11.9048,10.8024,10.8024,0,0
LEN_PE,D,20071112,000000,10.9195,10.9195,10.8024,10.9195,0,0
LEN_PE,D,20071113,000000,11.0307,11.1818,10.6541,10.8808,0,0
LEN_PE,D,20071114,000000,11.3359,11.3359,9.93102,10.1965,0,0
LEN_PE,D,20071115,000000,10.1965,12.6255,9.32666,12.6255,0,0
LEN_PE,D,20071116,000000,13.7987,13.7987,11.2964,11.3359,0,0
LEN_PE,D,20071119,000000,11.0704,11.6006,10.9195,11.4135,0,0
LEN_PE,D,20071120,000000,10.7662,11.2964,10.0843,10.6541,0,0
LEN_PE,D,20071121,000000,9.78098,9.78098,9.78098,9.78098,0,0
LEN_PE,D,20071122,000000,9.66879,9.93102,8.87153,8.87153,0,0
LEN_PE,D,20071123,000000,9.36458,10.0843,9.36458,9.89559,0,0
LEN_PE,D,20071126,000000,10.0843,10.5765,9.93102,9.93102,0,0
LEN_PE,D,20071127,000000,9.93102,9.93102,9.40416,9.85764,0,0
LEN_PE,D,20071128,000000,9.93102,9.93102,9.59123,9.89559,0,0
LEN_PE,D,20071129,000000,10.4619,10.4619,9.74217,9.89559,0,0
LEN_PE,D,20071130,000000,10.0076,10.0455,9.70335,9.70335,0,0
LEN_PE,D,20071203,000000,10.0076,10.0076,9.5533,9.59123,0,0
LEN_PE,D,20071204,000000,9.5533,9.81979,9.5533,9.78098,0,0
LEN_PE,D,20071205,000000,9.81979,9.96897,9.63007,9.93102,0,0
LEN_PE,D,20071206,000000,10.0843,10.0843,9.51546,9.51546,0,0
LEN_PE,D,20071207,000000,9.63007,9.63007,9.32666,9.32666,0,0
LEN_PE,D,20071210,000000,9.74217,9.74217,9.51546,9.59123,0,0
LEN_PE,D,20071211,000000,9.66879,9.66879,9.32666,9.32666,0,0
LEN_PE,D,20071212,000000,9.17239,9.17239,8.91032,9.17239,0,0
LEN_PE,D,20071213,000000,9.09906,9.09906,8.83361,8.91032,0,0
LEN_PE,D,20071214,000000,8.7569,8.91032,8.60688,8.87153,0,0
LEN_PE,D,20071217,000000,8.41304,8.79396,8.37933,8.71812,0,0
LEN_PE,D,20071218,000000,8.26386,8.7569,8.26386,8.71812,0,0
LEN_PE,D,20071219,000000,8.49058,9.21032,8.49058,9.21032,0,0
LEN_PE,D,20071220,000000,9.21032,9.40416,8.98366,9.17239,0,0
LEN_PE,D,20071221,000000,8.91032,9.28791,8.91032,9.02236,0,0
LEN_PE,D,20071227,000000,8.7569,9.36458,8.7569,9.36458,0,0
LEN_PE,D,20071228,000000,9.32666,9.36458,8.56897,8.56897,0,0
LEN_PE,D,20080102,000000,8.87153,9.13786,8.87153,9.09906,0,0
LEN_PE,D,20080103,000000,9.06037,9.24907,9.06037,9.21032,0,0
LEN_PE,D,20080104,000000,9.24907,9.32666,8.56897,8.79396,0,0
LEN_PE,D,20080107,000000,8.60688,8.71812,8.49058,8.64566,0,0
LEN_PE,D,20080108,000000,8.64566,8.64566,8.26386,8.56897,0,0
LEN_PE,D,20080109,000000,8.87153,8.87153,8.11384,8.15346,0,0
LEN_PE,D,20080110,000000,8.37933,8.37933,7.54325,7.73187,0,0
LEN_PE,D,20080111,000000,7.39449,7.69436,7.39449,7.66015,0,0
LEN_PE,D,20080114,000000,7.58202,7.58202,7.58202,7.58202,0,0
LEN_PE,D,20080115,000000,7.58202,7.58202,7.05171,7.58202,0,0
LEN_PE,D,20080116,000000,7.09006,7.50574,6.86326,7.09006,0,0
LEN_PE,D,20080117,000000,7.09006,7.39449,6.90169,7.05171,0,0
LEN_PE,D,20080118,000000,7.05171,7.58202,7.05171,7.58202,0,0
LEN_PE,D,20080121,000000,7.84742,7.84742,6.90169,6.90169,0,0
LEN_PE,D,20080122,000000,6.70894,7.31635,6.70894,7.05171,0,0
LEN_PE,D,20080123,000000,7.27876,7.27876,7.20132,7.20132,0,0
LEN_PE,D,20080124,000000,7.05171,7.54325,7.05171,7.16305,0,0
LEN_PE,D,20080125,000000,7.4674,7.4674,7.12774,7.12774,0,0
LEN_PE,D,20080128,000000,7.01269,7.05171,6.90169,6.97435,0,0
LEN_PE,D,20080129,000000,6.97435,7.31635,6.97435,7.31635,0,0
LEN_PE,D,20080130,000000,7.31635,7.35538,7.20132,7.20132,0,0
LEN_PE,D,20080131,000000,7.27876,7.39449,7.23966,7.39449,0,0
LEN_PE,D,20080201,000000,7.54325,7.88645,7.31635,7.69436,0,0
LEN_PE,D,20080204,000000,8.0363,8.0363,7.80916,7.80916,0,0
LEN_PE,D,20080205,000000,8.0363,8.18716,7.73187,7.95976,0,0
LEN_PE,D,20080206,000000,8.0363,8.0363,7.88645,8.0363,0,0
LEN_PE,D,20080207,000000,8.07506,8.07506,7.84742,7.95976,0,0
LEN_PE,D,20080208,000000,7.95976,8.07506,7.88645,8.0363,0,0
LEN_PE,D,20080211,000000,8.0363,8.26386,7.95976,8.0363,0,0
LEN_PE,D,20080212,000000,8.0363,8.0363,7.95976,7.99805,0,0
LEN_PE,D,20080213,000000,8.15346,8.15346,7.58202,7.58202,0,0
LEN_PE,D,20080214,000000,7.9215,8.0363,7.66015,7.73187,0,0
LEN_PE,D,20080215,000000,7.73187,7.84742,7.58202,7.7709,0,0
LEN_PE,D,20080218,000000,7.42904,7.54325,7.05171,7.50574,0,0
LEN_PE,D,20080219,000000,7.50574,7.54325,7.20132,7.20132,0,0
LEN_PE,D,20080220,000000,7.20132,7.23966,7.09006,7.23966,0,0
LEN_PE,D,20080221,000000,7.39449,7.39449,7.09006,7.20132,0,0
LEN_PE,D,20080222,000000,7.20132,7.23966,6.97435,7.23966,0,0
LEN_PE,D,20080225,000000,7.23966,7.23966,6.97435,7.20132,0,0
LEN_PE,D,20080226,000000,7.20132,7.20132,7.12774,7.20132,0,0
LEN_PE,D,20080227,000000,7.20132,7.20132,7.20132,7.20132,0,0
LEN_PE,D,20080228,000000,7.20132,7.20132,7.12774,7.16305,0,0
LEN_PE,D,20080229,000000,7.16305,7.16305,6.93532,6.97435,0,0
LEN_PE,D,20080303,000000,6.90169,6.90169,5.72385,5.72385,0,0
LEN_PE,D,20080304,000000,5.57299,5.72385,5.57299,5.68491,0,0
LEN_PE,D,20080305,000000,5.72385,5.8389,5.6501,5.8389,0,0
LEN_PE,D,20080306,000000,5.8389,5.91247,5.68491,5.91247,0,0
LEN_PE,D,20080307,000000,5.76212,5.87741,5.72385,5.87741,0,0
LEN_PE,D,20080310,000000,5.91247,6.17763,5.91247,6.14341,0,0
LEN_PE,D,20080311,000000,6.14341,6.25457,5.8389,6.14341,0,0
LEN_PE,D,20080312,000000,6.25457,6.25457,5.87741,6.14341,0,0
LEN_PE,D,20080313,000000,6.14341,6.14341,5.87741,6.14341,0,0
LEN_PE,D,20080314,000000,6.14341,6.14341,5.87741,6.14341,0,0
LEN_PE,D,20080317,000000,6.10397,6.10397,5.80081,5.98926,0,0
LEN_PE,D,20080318,000000,6.02726,6.02726,6.02726,6.02726,0,0
LEN_PE,D,20080319,000000,5.98926,5.98926,5.87741,5.91247,0,0
LEN_PE,D,20080320,000000,5.76212,5.76212,5.57299,5.72385,0,0
LEN_PE,D,20080325,000000,5.72385,5.72385,5.61159,5.61159,0,0
LEN_PE,D,20080326,000000,5.61159,5.61159,5.45785,5.45785,0,0
LEN_PE,D,20080327,000000,5.49637,5.57299,5.30834,5.49637,0,0
LEN_PE,D,20080328,000000,5.57299,5.61159,5.38445,5.38445,0,0
LEN_PE,D,20080331,000000,5.57299,5.57299,5.57299,5.57299,0,0
LEN_PE,D,20080401,000000,5.57299,5.61159,5.53506,5.53506,0,0
LEN_PE,D,20080402,000000,5.72385,5.72385,5.49637,5.49637,0,0
LEN_PE,D,20080403,000000,5.57299,5.57299,5.41926,5.53506,0,0
LEN_PE,D,20080404,000000,5.61159,5.61159,5.45785,5.49637,0,0
LEN_PE,D,20080407,000000,5.49637,5.49637,5.41926,5.41926,0,0
LEN_PE,D,20080408,000000,5.61159,5.61159,5.34635,5.45785,0,0
LEN_PE,D,20080409,000000,5.53506,5.57299,5.53506,5.53506,0,0
LEN_PE,D,20080410,000000,5.61159,5.61159,5.19219,5.45785,0,0
LEN_PE,D,20080411,000000,5.45785,5.45785,5.04217,5.04217,0,0
LEN_PE,D,20080414,000000,5.04217,5.08102,4.89199,5.08102,0,0
LEN_PE,D,20080415,000000,5.19219,5.19219,4.89199,4.89199,0,0
LEN_PE,D,20080416,000000,4.92687,5.04217,4.92687,5.04217,0,0
LEN_PE,D,20080417,000000,5.11938,5.11938,4.89199,4.89199,0,0
LEN_PE,D,20080418,000000,4.89199,4.89199,4.58823,4.69957,0,0
LEN_PE,D,20080421,000000,4.69957,4.69957,4.43399,4.43399,0,0
LEN_PE,D,20080422,000000,4.43399,4.43399,4.09527,4.13378,0,0
LEN_PE,D,20080423,000000,4.20686,4.20686,4.01832,4.05692,0,0
LEN_PE,D,20080424,000000,4.09527,4.28389,3.97989,4.20686,0,0
LEN_PE,D,20080425,000000,4.51128,4.51128,4.39573,4.39573,0,0
LEN_PE,D,20080428,000000,4.39573,4.39573,4.20686,4.20686,0,0
LEN_PE,D,20080429,000000,4.36085,4.36085,4.20686,4.20686,0,0
LEN_PE,D,20080430,000000,4.32241,4.43399,4.20686,4.43399,0,0
LEN_PE,D,20080505,000000,4.43399,4.51128,4.43399,4.47251,0,0
LEN_PE,D,20080506,000000,4.54955,4.54955,4.43399,4.51128,0,0
LEN_PE,D,20080507,000000,4.47251,4.51128,4.43399,4.43399,0,0
LEN_PE,D,20080508,000000,4.43399,4.43399,4.43399,4.43399,0,0
LEN_PE,D,20080509,000000,4.43399,4.54955,4.43399,4.54955,0,0
LEN_PE,D,20080512,000000,4.43399,4.43399,4.39573,4.39573,0,0
LEN_PE,D,20080513,000000,4.51128,4.51128,4.20686,4.20686,0,0
LEN_PE,D,20080514,000000,4.36085,4.36085,4.13378,4.20686,0,0
LEN_PE,D,20080515,000000,4.20686,4.28389,4.20686,4.20686,0,0
LEN_PE,D,20080516,000000,4.36085,4.36085,4.20686,4.28389,0,0
LEN_PE,D,20080519,000000,4.36085,4.36085,4.20686,4.24547,0,0
LEN_PE,D,20080520,000000,4.28389,4.28389,4.20686,4.28389,0,0
LEN_PE,D,20080521,000000,4.24547,4.24547,4.16843,4.20686,0,0
LEN_PE,D,20080523,000000,4.20686,4.24547,4.13378,4.24547,0,0
LEN_PE,D,20080526,000000,4.36085,4.36085,4.13378,4.32241,0,0
LEN_PE,D,20080527,000000,4.36085,4.36085,4.20686,4.20686,0,0
LEN_PE,D,20080528,000000,4.32241,4.32241,4.24547,4.24547,0,0
LEN_PE,D,20080529,000000,4.39573,4.39573,4.20686,4.20686,0,0
LEN_PE,D,20080530,000000,4.24547,4.24547,4.13378,4.13378,0,0
LEN_PE,D,20080602,000000,4.20686,4.20686,4.16843,4.20686,0,0
LEN_PE,D,20080603,000000,4.13378,4.13378,4.01832,4.05692,0,0
LEN_PE,D,20080604,000000,4.24547,4.24547,4.05692,4.13378,0,0
LEN_PE,D,20080605,000000,4.20686,4.20686,3.90294,4.09527,0,0
LEN_PE,D,20080606,000000,4.20686,4.20686,3.97989,4.09527,0,0
LEN_PE,D,20080609,000000,4.13378,4.13378,3.90294,4.13378,0,0
LEN_PE,D,20080610,000000,4.13378,4.13378,3.97989,4.09527,0,0
LEN_PE,D,20080611,000000,4.05692,4.05692,3.94129,4.01832,0,0
LEN_PE,D,20080612,000000,4.01832,4.09527,4.01832,4.09527,0,0
LEN_PE,D,20080613,000000,4.09527,4.09527,3.90294,4.05692,0,0
LEN_PE,D,20080616,000000,4.09527,4.09527,3.82978,3.90294,0,0
LEN_PE,D,20080617,000000,3.90294,3.90294,3.82978,3.86812,0,0
LEN_PE,D,20080618,000000,3.86812,3.86812,3.75282,3.75282,0,0
LEN_PE,D,20080619,000000,3.81048,3.84891,3.81048,3.84891,0,0
LEN_PE,D,20080620,000000,3.92586,3.92586,3.65666,3.88751,0,0
LEN_PE,D,20080623,000000,3.77196,3.88751,3.65666,3.84891,0,0
LEN_PE,D,20080624,000000,3.84891,3.84891,3.65666,3.81048,0,0
LEN_PE,D,20080625,000000,4.15688,4.15688,4.00299,4.00299,0,0
LEN_PE,D,20080626,000000,4.00299,4.00299,3.96454,4.00299,0,0
LEN_PE,D,20080627,000000,3.96454,3.96454,3.73353,3.77196,0,0
LEN_PE,D,20080630,000000,3.84891,4.15688,3.69502,4.04141,0,0
LEN_PE,D,20080701,000000,4.11844,4.11844,4.04141,4.04141,0,0
LEN_PE,D,20080702,000000,4.04141,4.04141,3.81048,4.04141,0,0
LEN_PE,D,20080703,000000,4.04141,4.04141,3.73353,3.96454,0,0
LEN_PE,D,20080704,000000,3.96454,3.96454,3.73353,3.88751,0,0
LEN_PE,D,20080707,000000,3.96454,3.96454,3.81048,3.84891,0,0
LEN_PE,D,20080708,000000,3.81048,3.88751,3.81048,3.88751,0,0
LEN_PE,D,20080709,000000,4.00299,4.00299,3.69502,3.81048,0,0
LEN_PE,D,20080710,000000,3.88751,3.88751,3.77196,3.77196,0,0
LEN_PE,D,20080711,000000,3.77196,3.77196,3.61806,3.61806,0,0
LEN_PE,D,20080714,000000,3.88751,3.88751,3.27174,3.73353,0,0
LEN_PE,D,20080715,000000,3.38712,3.61806,3.38712,3.61806,0,0
LEN_PE,D,20080716,000000,3.42565,3.57963,3.27174,3.57963,0,0
LEN_PE,D,20080717,000000,3.81048,3.81048,3.27174,3.57963,0,0
LEN_PE,D,20080718,000000,3.61806,3.61806,3.34879,3.46416,0,0
LEN_PE,D,20080721,000000,3.73353,3.73353,3.38712,3.65666,0,0
LEN_PE,D,20080722,000000,3.69502,3.69502,3.46416,3.61806,0,0
LEN_PE,D,20080723,000000,3.61806,3.92586,3.61806,3.88751,0,0
LEN_PE,D,20080724,000000,3.88751,4.07993,3.84891,4.07993,0,0
LEN_PE,D,20080725,000000,4.11844,4.11844,4.04141,4.04141,0,0
LEN_PE,D,20080728,000000,4.04141,4.04141,4.04141,4.04141,0,0
LEN_PE,D,20080729,000000,4.15688,4.15688,4.07993,4.07993,0,0
LEN_PE,D,20080730,000000,3.88751,4.27243,3.88751,4.27243,0,0
LEN_PE,D,20080731,000000,4.27243,4.38789,4.19539,4.19539,0,0
LEN_PE,D,20080801,000000,4.31095,4.31095,4.19539,4.27243,0,0
LEN_PE,D,20080804,000000,4.27243,4.65709,4.27243,4.46475,0,0
LEN_PE,D,20080805,000000,4.61891,4.65709,4.5031,4.54197,0,0
LEN_PE,D,20080806,000000,4.54197,4.61891,4.54197,4.61891,0,0
LEN_PE,D,20080807,000000,4.65709,4.65709,4.54197,4.58013,0,0
LEN_PE,D,20080808,000000,4.61891,4.61891,4.15688,4.5031,0,0
LEN_PE,D,20080811,000000,4.5031,4.5031,4.31095,4.42641,0,0
LEN_PE,D,20080812,000000,4.38789,4.5031,4.38789,4.46475,0,0
LEN_PE,D,20080813,000000,4.5031,4.5031,4.5031,4.5031,0,0
LEN_PE,D,20080814,000000,4.42641,4.69595,4.42641,4.69595,0,0
LEN_PE,D,20080818,000000,4.69595,4.8109,4.61891,4.61891,0,0
LEN_PE,D,20080819,000000,4.46475,4.61891,4.46475,4.46475,0,0
LEN_PE,D,20080820,000000,4.31095,4.65709,4.31095,4.61891,0,0
LEN_PE,D,20080821,000000,4.61891,4.73421,4.61891,4.65709,0,0
LEN_PE,D,20080822,000000,4.61891,4.65709,4.61891,4.65709,0,0
LEN_PE,D,20080825,000000,4.77272,4.77272,4.65709,4.77272,0,0
LEN_PE,D,20080826,000000,4.77272,4.77272,4.61891,4.73421,0,0
LEN_PE,D,20080827,000000,4.77272,4.77272,4.65709,4.73421,0,0
LEN_PE,D,20080828,000000,4.65709,4.77272,4.65709,4.77272,0,0
LEN_PE,D,20080829,000000,4.73421,4.73421,4.65709,4.73421,0,0
LEN_PE,D,20080901,000000,4.73421,4.77272,4.73421,4.77272,0,0
LEN_PE,D,20080902,000000,4.61891,4.77272,4.61891,4.77272,0,0
LEN_PE,D,20080903,000000,4.77272,4.88794,4.77272,4.88794,0,0
LEN_PE,D,20080904,000000,4.96506,4.96506,4.88794,4.92687,0,0
LEN_PE,D,20080905,000000,4.92687,4.92687,4.69595,4.77272,0,0
LEN_PE,D,20080908,000000,4.8109,4.92687,4.65709,4.77272,0,0
LEN_PE,D,20080909,000000,4.92687,5.11938,4.92687,5.11938,0,0
LEN_PE,D,20080910,000000,5.08102,5.1574,4.92687,5.1574,0,0
LEN_PE,D,20080911,000000,5.1574,5.1574,4.92687,4.92687,0,0
LEN_PE,D,20080912,000000,5.04217,5.1574,4.92687,5.11938,0,0
LEN_PE,D,20080915,000000,5.1574,5.2346,4.88794,4.88794,0,0
LEN_PE,D,20080916,000000,4.8109,4.92687,4.8109,4.8109,0,0
LEN_PE,D,20080917,000000,4.96506,4.96506,4.69595,4.77272,0,0
LEN_PE,D,20080918,000000,4.65709,4.77272,4.65709,4.65709,0,0
LEN_PE,D,20080919,000000,4.77272,4.77272,4.61891,4.77272,0,0
LEN_PE,D,20080922,000000,4.61891,4.77272,4.61891,4.77272,0,0
LEN_PE,D,20080923,000000,4.77272,4.77272,4.73421,4.73421,0,0
LEN_PE,D,20080924,000000,4.73421,4.73421,4.73421,4.73421,0,0
LEN_PE,D,20080925,000000,4.54197,4.58013,4.54197,4.54197,0,0
LEN_PE,D,20080926,000000,4.69595,4.69595,4.5031,4.65709,0,0
LEN_PE,D,20080929,000000,4.65709,4.65709,4.61891,4.61891,0,0
LEN_PE,D,20080930,000000,4.34938,4.46475,4.31095,4.42641,0,0
LEN_PE,D,20081001,000000,4.42641,4.54197,4.42641,4.42641,0,0
LEN_PE,D,20081002,000000,4.54197,4.54197,4.23382,4.34938,0,0
LEN_PE,D,20081003,000000,4.5031,4.5031,4.31095,4.31095,0,0
LEN_PE,D,20081006,000000,4.27243,4.31095,4.27243,4.31095,0,0
LEN_PE,D,20081007,000000,4.19539,4.31095,4.00299,4.23382,0,0
LEN_PE,D,20081008,000000,4.11844,4.23382,3.61806,4.07993,0,0
LEN_PE,D,20081009,000000,4.07993,4.07993,4.07993,4.07993,0,0
LEN_PE,D,20081010,000000,4.31095,4.31095,3.96454,4.04141,0,0
LEN_PE,D,20081013,000000,4.04141,4.31095,4.04141,4.04141,0,0
LEN_PE,D,20081014,000000,4.42641,4.42641,4.23382,4.23382,0,0
LEN_PE,D,20081015,000000,4.46475,4.46475,3.96454,4.15688,0,0
LEN_PE,D,20081016,000000,4.23382,4.23382,3.88751,3.92586,0,0
LEN_PE,D,20081017,000000,4.07993,4.11844,3.92586,4.07993,0,0
LEN_PE,D,20081020,000000,4.11844,4.11844,4.11844,4.11844,0,0
LEN_PE,D,20081021,000000,4.23382,4.23382,3.96454,4.15688,0,0
LEN_PE,D,20081022,000000,4.15688,4.15688,4.07993,4.07993,0,0
LEN_PE,D,20081023,000000,4.07993,4.07993,3.50251,4.00299,0,0
LEN_PE,D,20081024,000000,4.07993,4.07993,3.88751,3.88751,0,0
LEN_PE,D,20081027,000000,3.88751,3.88751,3.69502,3.69502,0,0
LEN_PE,D,20081028,000000,3.92586,3.92586,3.57963,3.77196,0,0
LEN_PE,D,20081029,000000,3.92586,3.92586,3.77196,3.77196,0,0
LEN_PE,D,20081030,000000,3.84891,3.88751,3.65666,3.88751,0,0
LEN_PE,D,20081031,000000,3.96454,3.96454,3.96454,3.96454,0,0
LEN_PE,D,20081103,000000,3.96454,3.96454,3.92586,3.92586,0,0
LEN_PE,D,20081104,000000,3.96454,4.15688,3.92586,4.15688,0,0
LEN_PE,D,20081105,000000,4.11844,4.15688,3.96454,3.96454,0,0
LEN_PE,D,20081106,000000,4.23382,4.23382,3.92586,3.92586,0,0
LEN_PE,D,20081107,000000,3.92586,3.92586,3.84891,3.84891,0,0
LEN_PE,D,20081110,000000,3.92586,3.92586,3.65666,3.65666,0,0
LEN_PE,D,20081112,000000,3.65666,3.65666,3.54094,3.61806,0,0
LEN_PE,D,20081113,000000,3.61806,3.81048,3.61806,3.81048,0,0
LEN_PE,D,20081114,000000,3.92586,3.92586,3.54094,3.54094,0,0
LEN_PE,D,20081117,000000,3.77196,3.92586,3.46416,3.92586,0,0
LEN_PE,D,20081118,000000,3.73353,3.73353,3.46416,3.57963,0,0
LEN_PE,D,20081119,000000,3.81048,3.81048,3.46416,3.46416,0,0
LEN_PE,D,20081120,000000,3.65666,3.65666,3.31009,3.65666,0,0
LEN_PE,D,20081121,000000,3.61806,3.81048,3.57963,3.57963,0,0
LEN_PE,D,20081124,000000,3.88751,3.88751,3.57963,3.57963,0,0
LEN_PE,D,20081125,000000,3.61806,3.65666,3.54094,3.54094,0,0
LEN_PE,D,20081126,000000,3.54094,3.54094,3.34879,3.38712,0,0
LEN_PE,D,20081127,000000,3.54094,3.54094,3.31009,3.31009,0,0
LEN_PE,D,20081128,000000,3.61806,3.61806,3.00213,3.07916,0,0
LEN_PE,D,20081201,000000,3.07916,3.07916,3.04082,3.04082,0,0
LEN_PE,D,20081202,000000,2.7712,3.04082,2.73285,2.73285,0,0
LEN_PE,D,20081203,000000,2.92518,2.92518,2.73285,2.73285,0,0
LEN_PE,D,20081204,000000,2.73285,2.7712,2.65582,2.7712,0,0
LEN_PE,D,20081205,000000,2.80971,2.80971,2.57877,2.65582,0,0
LEN_PE,D,20081208,000000,2.80971,2.80971,2.65582,2.73285,0,0
LEN_PE,D,20081209,000000,2.73285,2.73285,2.69432,2.73285,0,0
LEN_PE,D,20081210,000000,2.73285,2.73285,2.57877,2.57877,0,0
LEN_PE,D,20081211,000000,2.73285,2.73285,2.6173,2.65582,0,0
LEN_PE,D,20081212,000000,2.73285,2.73285,2.50192,2.50192,0,0
LEN_PE,D,20081215,000000,2.50192,2.50192,2.19386,2.2709,0,0
LEN_PE,D,20081216,000000,2.2709,2.30932,2.07856,2.11692,0,0
LEN_PE,D,20081217,000000,2.19386,2.19386,2.00145,2.07856,0,0
LEN_PE,D,20081218,000000,1.96293,2.03988,1.77059,1.92458,0,0
LEN_PE,D,20081219,000000,1.80894,1.92458,1.73199,1.92458,0,0
LEN_PE,D,20081222,000000,1.88597,1.92458,1.80894,1.88597,0,0
LEN_PE,D,20081223,000000,1.88597,1.96293,1.69365,1.92458,0,0
LEN_PE,D,20081229,000000,2.03988,2.03988,1.80894,2.03988,0,0
LEN_PE,D,20081230,000000,2.03988,2.11692,1.92458,2.03988,0,0
LEN_PE,D,20081231,000000,2.03988,2.23247,2.03988,2.23247,0,0
LEN_PE,D,20090105,000000,2.23247,2.34785,2.23247,2.30932,0,0
LEN_PE,D,20090106,000000,2.34785,2.34785,2.07856,2.07856,0,0
LEN_PE,D,20090107,000000,2.11692,2.15535,1.84747,1.92458,0,0
LEN_PE,D,20090108,000000,1.92458,1.92458,1.84747,1.84747,0,0
LEN_PE,D,20090109,000000,1.84747,1.84747,1.77059,1.77059,0,0
LEN_PE,D,20090112,000000,1.77059,1.77059,1.65496,1.65496,0,0
LEN_PE,D,20090113,000000,1.65496,1.73199,1.61661,1.73199,0,0
LEN_PE,D,20090114,000000,1.77059,1.80894,1.77059,1.80894,0,0
LEN_PE,D,20090115,000000,1.80894,1.80894,1.73199,1.80894,0,0
LEN_PE,D,20090116,000000,1.80894,1.88597,1.80894,1.84747,0,0
LEN_PE,D,20090119,000000,1.84747,1.92458,1.80894,1.88597,0,0
LEN_PE,D,20090120,000000,1.88597,1.88597,1.73199,1.73199,0,0
LEN_PE,D,20090121,000000,1.73199,1.80894,1.69365,1.80894,0,0
LEN_PE,D,20090122,000000,1.80894,1.80894,1.73199,1.73199,0,0
LEN_PE,D,20090123,000000,1.77059,1.80894,1.69365,1.80894,0,0
LEN_PE,D,20090126,000000,1.80894,1.84747,1.69365,1.77059,0,0
LEN_PE,D,20090127,000000,1.80894,1.80894,1.69365,1.77059,0,0
LEN_PE,D,20090128,000000,1.77059,1.77059,1.69365,1.77059,0,0
LEN_PE,D,20090129,000000,1.77059,1.77059,1.73199,1.73199,0,0
LEN_PE,D,20090130,000000,1.80894,1.80894,1.69365,1.77059,0,0
LEN_PE,D,20090202,000000,1.77059,1.77059,1.61661,1.65496,0,0
LEN_PE,D,20090203,000000,1.65496,1.65496,1.50107,1.50107,0,0
LEN_PE,D,20090204,000000,1.50107,1.53966,1.38577,1.50107,0,0
LEN_PE,D,20090205,000000,1.42412,1.50107,1.42412,1.46272,0,0
LEN_PE,D,20090206,000000,1.46272,1.50107,1.46272,1.50107,0,0
LEN_PE,D,20090209,000000,1.50107,1.61661,1.46272,1.61661,0,0
LEN_PE,D,20090210,000000,1.65496,1.73199,1.61661,1.61661,0,0
LEN_PE,D,20090211,000000,1.61661,1.61661,1.53966,1.53966,0,0
LEN_PE,D,20090212,000000,1.65496,1.65496,1.5781,1.65496,0,0
LEN_PE,D,20090213,000000,1.73199,1.73199,1.61661,1.61661,0,0
LEN_PE,D,20090216,000000,1.61661,1.61661,1.61661,1.61661,0,0
LEN_PE,D,20090217,000000,1.65496,1.65496,1.46272,1.46272,0,0
LEN_PE,D,20090218,000000,1.5781,1.5781,1.50107,1.53966,0,0
LEN_PE,D,20090219,000000,1.65496,1.65496,1.53966,1.5781,0,0
LEN_PE,D,20090220,000000,1.53966,1.5781,1.50107,1.53966,0,0
LEN_PE,D,20090223,000000,1.53966,1.61661,1.50107,1.61661,0,0
LEN_PE,D,20090224,000000,1.61661,1.61661,1.5781,1.61661,0,0
LEN_PE,D,20090225,000000,1.61661,1.69365,1.61661,1.69365,0,0
LEN_PE,D,20090226,000000,1.65496,1.69365,1.65496,1.69365,0,0
LEN_PE,D,20090227,000000,1.69365,1.73199,1.65496,1.65496,0,0
LEN_PE,D,20090302,000000,1.61661,1.65496,1.5781,1.65496,0,0
LEN_PE,D,20090303,000000,1.5781,1.65496,1.5781,1.61661,0,0
LEN_PE,D,20090304,000000,1.65496,507.454,1.61661,507.454,0,0
LEN_PE,D,20090305,000000,519.608,524.428,500.366,502.65,0,0
LEN_PE,D,20090306,000000,514.794,514.794,466.694,493.093,0,0
LEN_PE,D,20090309,000000,529.233,534.054,478.739,478.739,0,0
LEN_PE,D,20090310,000000,481.124,500.366,476.313,490.749,0,0
LEN_PE,D,20100324,000000,16.6668,16.6668,16.6668,16.6668,0,0
LEN_PE,D,20100325,000000,16.8202,16.8202,16.1273,16.3584,0,0
LEN_PE,D,20100326,000000,16.7426,16.7426,16.204,16.5116,0,0
LEN_PE,D,20100329,000000,16.6668,16.6668,16.0508,16.5892,0,0
LEN_PE,D,20100330,000000,16.8202,16.8202,16.204,16.6668,0,0
LEN_PE,D,20100331,000000,16.5892,16.5892,15.9723,16.0508,0,0
LEN_PE,D,20100401,000000,16.0508,16.0508,15.7422,16.0508,0,0
LEN_PE,D,20100406,000000,16.204,16.204,15.8964,15.8964,0,0
LEN_PE,D,20100407,000000,15.9723,16.3584,15.9723,16.3584,0,0
LEN_PE,D,20100408,000000,16.2816,16.3584,16.0508,16.0508,0,0
LEN_PE,D,20100409,000000,15.9723,16.204,15.8189,15.9723,0,0
LEN_PE,D,20100412,000000,16.204,16.5116,16.0508,16.2816,0,0
LEN_PE,D,20100413,000000,16.5116,16.5116,15.8964,16.0508,0,0
LEN_PE,D,20100414,000000,16.3584,16.3584,16.0508,16.2816,0,0
LEN_PE,D,20100415,000000,16.204,16.3584,15.8189,16.204,0,0
LEN_PE,D,20100416,000000,16.2816,16.2816,15.8189,16.1273,0,0
LEN_PE,D,20100419,000000,15.8189,16.1273,15.5888,16.1273,0,0
LEN_PE,D,20100420,000000,15.6663,16.1273,15.6663,16.0508,0,0
LEN_PE,D,20100421,000000,16.0508,16.0508,15.0502,15.2027,0,0
LEN_PE,D,20100422,000000,15.5888,15.7422,15.3579,15.4338,0,0
LEN_PE,D,20100423,000000,15.7422,15.7422,15.3579,15.5888,0,0
LEN_PE,D,20100426,000000,15.3579,15.8189,15.3579,15.8189,0,0
LEN_PE,D,20100427,000000,15.9723,15.9723,15.4338,15.6663,0,0
LEN_PE,D,20100428,000000,15.2804,15.5105,15.2027,15.5105,0,0
LEN_PE,D,20100429,000000,15.6663,15.9723,15.4338,15.9723,0,0
LEN_PE,D,20100430,000000,15.9723,15.9723,15.4338,15.8964,0,0
LEN_PE,D,20100504,000000,15.5105,15.9723,15.3579,15.3579,0,0
LEN_PE,D,20100505,000000,15.8189,15.8189,13.8948,13.8948,0,0
LEN_PE,D,20100506,000000,14.2791,14.6651,13.8948,14.1265,0,0
LEN_PE,D,20100507,000000,14.049,14.1265,13.7413,14.1265,0,0
LEN_PE,D,20100510,000000,14.6651,15.2027,14.6651,14.8951,0,0
LEN_PE,D,20100511,000000,14.9719,14.9719,14.3574,14.8951,0,0
LEN_PE,D,20100512,000000,14.3574,15.2027,14.3574,15.0502,0,0
LEN_PE,D,20100513,000000,15.2027,15.2027,14.6651,14.9719,0,0
LEN_PE,D,20100514,000000,14.9719,14.9719,14.5109,14.6651,0,0
LEN_PE,D,20100517,000000,14.6651,14.9719,3.11767,3.11767,0,0
LEN_PE,D,20100518,000000,3.11767,3.1562,3.04082,3.1562,0,0
LEN_PE,D,20100519,000000,3.19471,3.19471,3.04082,3.07916,0,0
LEN_PE,D,20100520,000000,3.07916,3.11767,3.00213,3.07916,0,0
LEN_PE,D,20100521,000000,2.96377,3.07916,2.96377,3.04082,0,0
LEN_PE,D,20100524,000000,3.04082,3.11767,2.92518,3.11767,0,0
LEN_PE,D,20100525,000000,3.07916,3.07916,3.00213,3.04082,0,0
LEN_PE,D,20100526,000000,3.04082,3.07916,2.96377,2.96377,0,0
LEN_PE,D,20100527,000000,3.04082,3.1562,3.04082,3.07916,0,0
LEN_PE,D,20100528,000000,3.1562,3.1562,3.07916,3.1562,0,0
LEN_PE,D,20100531,000000,3.19471,3.19471,3.07916,3.11767,0,0
LEN_PE,D,20100601,000000,3.1562,3.1562,3.07916,3.11767,0,0
LEN_PE,D,20100602,000000,3.1562,3.1562,3.11767,3.11767,0,0
LEN_PE,D,20100604,000000,3.11767,3.11767,3.04082,3.11767,0,0
LEN_PE,D,20100607,000000,3.11767,3.11767,3.00213,3.11767,0,0
LEN_PE,D,20100608,000000,3.11767,3.11767,3.04082,3.11767,0,0
LEN_PE,D,20100609,000000,3.11767,3.11767,3.04082,3.07916,0,0
LEN_PE,D,20100610,000000,2.92518,3.11767,2.92518,3.11767,0,0
LEN_PE,D,20100611,000000,3.1562,3.1562,3.00213,3.00213,0,0
LEN_PE,D,20100614,000000,3.00213,3.07916,3.00213,3.07916,0,0
LEN_PE,D,20100615,000000,3.07916,3.07916,3.04082,3.04082,0,0
LEN_PE,D,20100616,000000,3.04082,3.07916,3.04082,3.07916,0,0
LEN_PE,D,20100617,000000,3.07916,3.07916,3.07916,3.07916,0,0
LEN_PE,D,20100618,000000,3.07916,3.07916,2.96377,2.96377,0,0
LEN_PE,D,20100621,000000,3.1562,3.1562,3.04082,3.04082,0,0
LEN_PE,D,20100622,000000,3.04082,3.04082,3.04082,3.04082,0,0
LEN_PE,D,20100623,000000,3.04082,3.04082,2.92518,2.96377,0,0
LEN_PE,D,20100624,000000,2.96377,2.96377,2.96377,2.96377,0,0
LEN_PE,D,20100625,000000,3.00213,3.00213,2.96377,2.96377,0,0
LEN_PE,D,20100628,000000,2.96377,2.96377,2.96377,2.96377,0,0
LEN_PE,D,20100629,000000,2.96377,2.96377,2.88684,2.92518,0,0
LEN_PE,D,20100630,000000,3.04072,3.04072,2.92425,3.00061,0,0
LEN_PE,D,20100701,000000,2.96377,2.96377,2.92518,2.96377,0,0
LEN_PE,D,20100702,000000,2.92518,3.00213,2.92518,3.00213,0,0
LEN_PE,D,20100705,000000,2.92518,2.96377,2.92518,2.96377,0,0
LEN_PE,D,20100706,000000,3.00213,3.00213,3.00213,3.00213,0,0
LEN_PE,D,20100707,000000,3.00213,3.04082,3.00213,3.04082,0,0
LEN_PE,D,20100708,000000,2.96377,3.04082,2.96377,3.04082,0,0
LEN_PE,D,20100709,000000,3.07916,3.07916,3.07916,3.07916,0,0
LEN_PE,D,20100712,000000,3.11767,3.11767,3.07916,3.07916,0,0
LEN_PE,D,20100713,000000,3.07916,3.11767,3.07916,3.11767,0,0
LEN_PE,D,20100714,000000,3.1562,3.23315,3.1562,3.23315,0,0
LEN_PE,D,20100715,000000,3.23315,3.23315,3.1562,3.1562,0,0
LEN_PE,D,20100716,000000,3.23315,3.27174,3.19471,3.27174,0,0
LEN_PE,D,20100719,000000,3.27174,3.27174,3.27174,3.27174,0,0
LEN_PE,D,20100720,000000,3.27174,3.27174,3.27174,3.27174,0,0
LEN_PE,D,20100721,000000,3.27174,3.31009,3.27174,3.27174,0,0
LEN_PE,D,20100722,000000,3.27174,3.27174,3.27174,3.27174,0,0
LEN_PE,D,20100723,000000,3.27174,3.27174,3.27174,3.27174,0,0
LEN_PE,D,20100726,000000,3.27174,3.31009,3.27174,3.31009,0,0
LEN_PE,D,20100727,000000,3.31009,3.31009,3.31009,3.31009,0,0
LEN_PE,D,20100728,000000,3.27174,3.27174,3.1562,3.19471,0,0
LEN_PE,D,20100729,000000,3.1562,3.19471,3.1562,3.19471,0,0
LEN_PE,D,20100730,000000,3.19471,3.19471,3.1562,3.19471,0,0
LEN_PE,D,20100802,000000,3.19471,3.23315,3.19471,3.19471,0,0
LEN_PE,D,20100803,000000,3.19471,3.38712,3.19471,3.34879,0,0
LEN_PE,D,20100804,000000,3.34879,3.34879,3.23315,3.31009,0,0
LEN_PE,D,20100805,000000,3.23315,3.27174,3.23315,3.27174,0,0
LEN_PE,D,20100806,000000,3.27174,3.34879,3.27174,3.31009,0,0
LEN_PE,D,20100809,000000,3.31009,3.31009,3.27174,3.31009,0,0
LEN_PE,D,20100810,000000,3.27174,3.31009,3.23315,3.31009,0,0
LEN_PE,D,20100811,000000,3.27174,3.27174,3.27174,3.27174,0,0
LEN_PE,D,20100812,000000,3.27174,3.31009,3.27174,3.31009,0,0
LEN_PE,D,20100813,000000,3.31009,3.31009,3.27174,3.31009,0,0
LEN_PE,D,20100816,000000,3.38712,3.38712,3.27174,3.27174,0,0
LEN_PE,D,20100817,000000,3.38712,3.38712,3.38712,3.38712,0,0
LEN_PE,D,20100818,000000,3.38712,3.38712,3.27174,3.27174,0,0
LEN_PE,D,20100819,000000,3.27174,3.31009,3.27174,3.31009,0,0
LEN_PE,D,20100820,000000,3.31009,3.31009,3.23315,3.23315,0,0
LEN_PE,D,20100823,000000,3.23315,3.27174,3.23315,3.23315,0,0
LEN_PE,D,20100824,000000,3.27174,3.34879,3.27174,3.34879,0,0
LEN_PE,D,20100825,000000,3.31009,3.31009,3.1562,3.1562,0,0
LEN_PE,D,20100826,000000,3.27174,3.27174,3.19471,3.27174,0,0
LEN_PE,D,20100827,000000,3.27174,3.27174,3.1562,3.27174,0,0
LEN_PE,D,20100830,000000,3.31009,3.31009,3.27174,3.27174,0,0
LEN_PE,D,20100831,000000,3.19312,3.27334,3.19312,3.27334,0,0
LEN_PE,D,20100901,000000,3.19471,3.19471,3.04082,3.1562,0,0
LEN_PE,D,20100902,000000,3.11767,3.19471,3.11767,3.1562,0,0
LEN_PE,D,20100903,000000,3.1562,3.1562,2.2709,2.2709,0,0
LEN_PE,D,20100906,000000,2.30932,2.30932,2.15535,2.2709,0,0
LEN_PE,D,20100907,000000,2.2709,2.30932,2.2709,2.30932,0,0
LEN_PE,D,20100908,000000,2.30932,2.34785,2.30932,2.34785,0,0
LEN_PE,D,20100909,000000,2.34785,2.38636,2.30932,2.34785,0,0
LEN_PE,D,20100910,000000,2.30932,2.38636,2.30932,2.38636,0,0
LEN_PE,D,20100913,000000,2.38636,2.38636,2.30932,2.38636,0,0
LEN_PE,D,20100914,000000,2.38636,2.38636,2.34785,2.34785,0,0
LEN_PE,D,20100915,000000,2.34785,2.34785,2.30932,2.30932,0,0
LEN_PE,D,20100916,000000,2.30932,2.34785,2.30932,2.34785,0,0
LEN_PE,D,20100917,000000,2.34785,2.34785,2.30932,2.34785,0,0
LEN_PE,D,20100920,000000,2.30932,2.34785,2.2709,2.34785,0,0
LEN_PE,D,20100921,000000,2.34785,2.34785,2.30932,2.30932,0,0
LEN_PE,D,20100922,000000,2.30932,2.34785,2.30932,2.34785,0,0
LEN_PE,D,20100923,000000,2.34785,2.34785,2.30932,2.30932,0,0
LEN_PE,D,20100924,000000,2.30932,2.30932,2.30932,2.30932,0,0
LEN_PE,D,20100927,000000,2.34785,2.34785,2.30932,2.30932,0,0
LEN_PE,D,20100928,000000,2.30932,2.30932,2.2709,2.30932,0,0
LEN_PE,D,20100929,000000,2.34785,2.34785,2.30932,2.34785,0,0
LEN_PE,D,20100930,000000,2.34785,2.34785,2.30932,2.30932,0,0
LEN_PE,D,20101001,000000,2.34785,2.34785,2.34785,2.34785,0,0
LEN_PE,D,20101004,000000,2.30932,2.34785,2.30932,2.30932,0,0
LEN_PE,D,20101005,000000,2.34785,2.34785,2.30932,2.34785,0,0
LEN_PE,D,20101006,000000,2.34785,2.34785,2.30932,2.34785,0,0
LEN_PE,D,20101007,000000,2.34785,2.34785,2.2709,2.2709,0,0
LEN_PE,D,20101008,000000,2.30932,2.30932,2.23247,2.2709,0,0
LEN_PE,D,20101011,000000,2.23247,2.30932,2.23247,2.30932,0,0
LEN_PE,D,20101012,000000,2.30932,2.30932,2.23247,2.23247,0,0
LEN_PE,D,20101013,000000,2.23247,2.2709,2.23247,2.2709,0,0
LEN_PE,D,20101014,000000,2.23247,2.2709,2.23247,2.2709,0,0
LEN_PE,D,20101015,000000,2.2709,2.2709,2.23247,2.2709,0,0
LEN_PE,D,20101018,000000,2.2709,2.2709,2.2709,2.2709,0,0
LEN_PE,D,20101019,000000,2.2709,2.2709,2.23247,2.23247,0,0
LEN_PE,D,20101020,000000,2.23247,2.2709,2.23247,2.2709,0,0
LEN_PE,D,20101021,000000,2.2709,2.2709,2.23247,2.23247,0,0
LEN_PE,D,20101022,000000,2.23247,2.23247,2.19386,2.23247,0,0
LEN_PE,D,20101025,000000,2.2709,2.2709,2.23247,2.23247,0,0
LEN_PE,D,20101026,000000,2.23247,2.2709,2.19386,2.2709,0,0
LEN_PE,D,20101027,000000,2.2709,2.2709,2.19386,2.23247,0,0
LEN_PE,D,20101028,000000,2.2709,2.2709,2.23247,2.2709,0,0
LEN_PE,D,20101029,000000,2.3105,2.3105,2.23431,2.23431,0,0
LEN_PE,D,20101102,000000,2.23247,2.2709,2.23247,2.2709,0,0
LEN_PE,D,20101103,000000,2.2709,2.2709,2.23247,2.2709,0,0
LEN_PE,D,20101104,000000,2.2709,2.2709,2.19386,2.2709,0,0
LEN_PE,D,20101105,000000,2.2709,2.2709,2.23247,2.2709,0,0
LEN_PE,D,20101108,000000,2.2709,2.2709,2.23247,2.2709,0,0
LEN_PE,D,20101109,000000,2.23247,2.2709,2.23247,2.2709,0,0
LEN_PE,D,20101110,000000,2.2709,2.2709,2.23247,2.2709,0,0
LEN_PE,D,20101112,000000,2.2709,2.2709,2.19386,2.2709,0,0
LEN_PE,D,20101115,000000,2.30932,2.84823,2.30932,2.65582,0,0
LEN_PE,D,20101116,000000,2.65582,2.96377,2.57877,2.65582,0,0
LEN_PE,D,20101117,000000,2.6173,2.69432,2.46323,2.57877,0,0
LEN_PE,D,20101118,000000,2.54027,2.65582,2.54027,2.6173,0,0
LEN_PE,D,20101119,000000,2.6173,2.6173,2.42488,2.46323,0,0
LEN_PE,D,20101122,000000,2.50192,2.6173,2.50192,2.54027,0,0
LEN_PE,D,20101123,000000,2.50192,2.50192,2.38636,2.46323,0,0
LEN_PE,D,20101124,000000,2.54027,2.54027,2.38636,2.42488,0,0
LEN_PE,D,20101125,000000,2.30932,2.42488,2.30932,2.42488,0,0
LEN_PE,D,20101126,000000,2.42488,2.42488,2.30932,2.38636,0,0
LEN_PE,D,20101129,000000,2.30932,2.38636,2.30932,2.34785,0,0
LEN_PE,D,20101130,000000,2.34667,2.42295,2.34667,2.38679,0,0
LEN_PE,D,20101201,000000,2.42488,2.46323,2.38636,2.42488,0,0
LEN_PE,D,20101202,000000,2.46323,2.46323,2.42488,2.42488,0,0
LEN_PE,D,20101203,000000,2.46323,2.46323,2.42488,2.46323,0,0
LEN_PE,D,20101206,000000,2.50192,2.50192,2.38636,2.46323,0,0
LEN_PE,D,20101207,000000,2.46323,2.46323,2.38636,2.46323,0,0
LEN_PE,D,20101208,000000,2.38636,2.46323,2.38636,2.42488,0,0
LEN_PE,D,20101209,000000,2.46323,2.46323,2.42488,2.46323,0,0
LEN_PE,D,20101210,000000,2.46323,2.50192,2.42488,2.50192,0,0
LEN_PE,D,20101213,000000,2.50192,2.50192,2.50192,2.50192,0,0
LEN_PE,D,20101214,000000,2.50192,2.50192,2.46323,2.50192,0,0
LEN_PE,D,20101215,000000,2.50192,2.50192,2.46323,2.50192,0,0
LEN_PE,D,20101216,000000,2.42488,2.46323,2.42488,2.42488,0,0
LEN_PE,D,20101217,000000,2.42488,2.46323,2.38636,2.46323,0,0
LEN_PE,D,20101220,000000,2.38636,2.46323,2.38636,2.38636,0,0
LEN_PE,D,20101221,000000,2.46323,2.46323,2.38636,2.42488,0,0
LEN_PE,D,20101222,000000,2.46323,2.46323,2.34785,2.42488,0,0
LEN_PE,D,20101223,000000,2.38636,2.46323,2.38636,2.46323,0,0
LEN_PE,D,20101227,000000,2.46323,2.46323,2.38636,2.42488,0,0
LEN_PE,D,20101228,000000,2.42488,2.42488,2.34785,2.38636,0,0
LEN_PE,D,20101229,000000,2.46298,2.46298,2.34667,2.38679,0,0
LEN_PE,D,20101230,000000,2.38679,2.38679,2.34667,2.38679,0,0
LEN_PE,D,20101231,000000,2.38679,2.38679,2.38679,2.38679,0,0
LEN_PE,D,20110103,000000,2.42488,2.42488,2.34785,2.42488,0,0
LEN_PE,D,20110104,000000,2.38636,2.42488,2.38636,2.42488,0,0
LEN_PE,D,20110105,000000,2.42488,2.42488,2.34785,2.42488,0,0
LEN_PE,D,20110107,000000,2.38636,2.42488,2.34785,2.38636,0,0
LEN_PE,D,20110110,000000,2.38636,2.38636,2.30932,2.38636,0,0
LEN_PE,D,20110111,000000,2.42488,2.42488,2.34785,2.38636,0,0
LEN_PE,D,20110112,000000,2.38636,2.38636,2.34785,2.38636,0,0
LEN_PE,D,20110113,000000,2.38636,2.38636,2.2709,2.34785,0,0
LEN_PE,D,20110114,000000,2.38636,2.42488,2.34785,2.42488,0,0
LEN_PE,D,20110117,000000,2.42488,2.73285,2.42488,2.73285,0,0
LEN_PE,D,20110118,000000,2.73285,2.7712,2.57877,2.7712,0,0
LEN_PE,D,20110119,000000,2.73285,2.84823,2.69432,2.73285,0,0
LEN_PE,D,20110120,000000,2.80971,2.80971,2.57877,2.65582,0,0
LEN_PE,D,20110121,000000,2.69432,2.69432,2.57877,2.6173,0,0
LEN_PE,D,20110124,000000,2.65582,2.69432,2.6173,2.65582,0,0
LEN_PE,D,20110125,000000,2.65582,2.69432,2.6173,2.69432,0,0
LEN_PE,D,20110126,000000,2.69432,3.07916,2.69432,3.00213,0,0
LEN_PE,D,20110127,000000,2.96377,3.27174,2.92518,3.19471,0,0
LEN_PE,D,20110128,000000,3.31009,3.31009,3.31009,3.31009,0,0
LEN_PE,D,20110131,000000,3.34953,3.42565,3.23315,3.42565,0,0
LEN_PE,D,20110201,000000,3.42565,3.57963,3.23315,3.31009,0,0
LEN_PE,D,20110202,000000,3.46416,3.54094,3.46416,3.50251,0,0
LEN_PE,D,20110203,000000,3.57963,3.81048,3.50251,3.73353,0,0
LEN_PE,D,20110204,000000,3.73353,3.73353,3.57963,3.73353,0,0
LEN_PE,D,20110207,000000,3.69502,3.73353,3.46416,3.46416,0,0
LEN_PE,D,20110208,000000,3.50251,3.50251,3.1562,3.23315,0,0
LEN_PE,D,20110209,000000,3.42565,3.50251,3.27174,3.42565,0,0
LEN_PE,D,20110210,000000,3.42565,3.57963,3.31009,3.54094,0,0
LEN_PE,D,20110211,000000,3.54094,3.61806,3.42565,3.42565,0,0
LEN_PE,D,20110214,000000,3.42565,3.61806,3.42565,3.50251,0,0
LEN_PE,D,20110215,000000,3.50251,3.57963,3.38712,3.57963,0,0
LEN_PE,D,20110216,000000,3.65666,3.69502,3.54094,3.61806,0,0
LEN_PE,D,20110217,000000,3.61806,3.81048,3.61806,3.73353,0,0
LEN_PE,D,20110218,000000,3.69502,3.81048,3.54094,3.69502,0,0
LEN_PE,D,20110221,000000,3.69502,3.69502,3.34879,3.42565,0,0
LEN_PE,D,20110222,000000,3.50251,3.50251,3.23315,3.31009,0,0
LEN_PE,D,20110223,000000,3.31009,3.34879,3.1562,3.19471,0,0
LEN_PE,D,20110224,000000,3.19471,3.19471,3.00213,3.11767,0,0
LEN_PE,D,20110225,000000,3.11767,3.19471,3.04082,3.07916,0,0
LEN_PE,D,20110228,000000,3.08076,3.19312,3.08076,3.19312,0,0
LEN_PE,D,20110301,000000,3.19471,3.27174,3.1562,3.19471,0,0
LEN_PE,D,20110302,000000,3.23315,3.27174,3.19471,3.23315,0,0
LEN_PE,D,20110303,000000,3.19471,3.31009,3.11767,3.11767,0,0
LEN_PE,D,20110304,000000,3.11767,3.11767,2.92518,3.00213,0,0
LEN_PE,D,20110307,000000,3.00213,3.11767,3.00213,3.04082,0,0
LEN_PE,D,20110308,000000,3.07916,3.11767,3.00213,3.04082,0,0
LEN_PE,D,20110309,000000,3.04082,3.04082,2.96377,2.96377,0,0
LEN_PE,D,20110310,000000,2.92518,3.07916,2.92518,3.04082,0,0
LEN_PE,D,20110311,000000,2.96377,3.04082,2.92518,3.00213,0,0
LEN_PE,D,20110314,000000,3.00213,3.04082,2.92518,3.04082,0,0
LEN_PE,D,20110315,000000,3.00213,3.00213,2.92518,2.96377,0,0
LEN_PE,D,20110316,000000,2.96377,3.00213,2.96377,3.00213,0,0
LEN_PE,D,20110317,000000,2.96437,3.19312,2.96437,3.15687,0,0
LEN_PE,D,20110318,000000,3.1562,3.1562,3.04082,3.11767,0,0
LEN_PE,D,20110321,000000,3.1562,6.58167,3.11767,6.58167,0,0
LEN_PE,D,20110322,000000,6.58167,6.69755,6.23587,6.23587,0,0
LEN_PE,D,20110323,000000,6.38959,6.38959,5.96625,6.04244,0,0
LEN_PE,D,20110324,000000,6.04244,6.04244,6.00443,6.04244,0,0
LEN_PE,D,20110325,000000,6.08104,6.23587,6.00443,6.23587,0,0
LEN_PE,D,20110328,000000,6.23587,6.23587,6.08104,6.23587,0,0
LEN_PE,D,20110329,000000,6.1971,6.23587,6.00443,6.04244,0,0
LEN_PE,D,20110330,000000,6.08104,6.15833,6.00443,6.04244,0,0
LEN_PE,D,20110331,000000,6.15765,6.15765,5.96506,6.12149,0,0
LEN_PE,D,20110401,000000,6.1971,6.1971,6.08104,6.11963,0,0
LEN_PE,D,20110404,000000,6.08104,6.38959,6.08104,6.35082,0,0
LEN_PE,D,20110405,000000,6.39027,6.618,6.34947,6.50616,0,0
LEN_PE,D,20110406,000000,6.50557,6.58167,6.50557,6.50557,0,0
LEN_PE,D,20110407,000000,6.54265,6.54265,6.50557,6.54265,0,0
LEN_PE,D,20110408,000000,6.46655,6.58167,6.46655,6.54265,0,0
LEN_PE,D,20110411,000000,6.54265,6.58167,6.46655,6.46655,0,0
LEN_PE,D,20110412,000000,6.46714,6.46714,6.34947,6.34947,0,0
LEN_PE,D,20110413,000000,6.35082,6.38959,6.35082,6.38959,0,0
LEN_PE,D,20110414,000000,6.38959,6.54265,6.35082,6.50557,0,0
LEN_PE,D,20110415,000000,6.4281,6.50557,6.31214,6.31214,0,0
LEN_PE,D,20110418,000000,6.38959,6.46655,6.23587,6.23587,0,0
LEN_PE,D,20110419,000000,6.23587,6.31214,6.23587,6.31214,0,0
LEN_PE,D,20110420,000000,6.31214,6.31214,6.1971,6.31214,0,0
LEN_PE,D,20110421,000000,6.31214,6.31214,6.15833,6.31214,0,0
LEN_PE,D,20110426,000000,6.27404,6.4281,6.1971,6.4281,0,0
LEN_PE,D,20110427,000000,6.4281,6.4281,6.31214,6.35082,0,0
LEN_PE,D,20110428,000000,6.31214,6.38959,6.1971,6.38959,0,0
LEN_PE,D,20110429,000000,6.42676,6.42676,6.19776,6.34947,0,0
LEN_PE,D,20110502,000000,6.31214,6.46655,6.31214,6.31214,0,0
LEN_PE,D,20110504,000000,6.23393,6.23393,6.15765,6.15765,0,0
LEN_PE,D,20110505,000000,6.04126,6.19776,6.04126,6.19776,0,0
LEN_PE,D,20110506,000000,6.12149,6.23393,6.12149,6.23393,0,0
LEN_PE,D,20110509,000000,6.31214,6.31214,6.11963,6.11963,0,0
LEN_PE,D,20110510,000000,6.19776,6.23393,6.08104,6.23393,0,0
LEN_PE,D,20110511,000000,6.23393,6.27404,6.08104,6.23393,0,0
LEN_PE,D,20110512,000000,6.12149,6.23393,6.08104,6.08104,0,0
LEN_PE,D,20110513,000000,6.12149,6.23393,6.08104,6.08104,0,0
LEN_PE,D,20110516,000000,6.27404,6.27404,5.35132,5.35132,0,0
LEN_PE,D,20110517,000000,5.38723,5.42786,5.19498,5.31112,0,0
LEN_PE,D,20110518,000000,5.46755,5.46755,5.2346,5.35132,0,0
LEN_PE,D,20110519,000000,5.53548,5.53548,5.17458,5.41505,0,0
LEN_PE,D,20110520,000000,5.33523,5.41505,5.17458,5.17458,0,0
LEN_PE,D,20110523,000000,5.21537,5.21537,5.09477,5.13497,0,0
LEN_PE,D,20110524,000000,5.13497,5.25541,4.97407,5.25541,0,0
LEN_PE,D,20110525,000000,5.21537,5.45516,5.13497,5.41505,0,0
LEN_PE,D,20110526,000000,5.45516,5.45516,5.33523,5.41505,0,0
LEN_PE,D,20110527,000000,5.45516,5.45516,5.37543,5.41505,0,0
LEN_PE,D,20110530,000000,5.41505,5.53548,5.29511,5.45516,0,0
LEN_PE,D,20110531,000000,5.37543,5.37543,5.17458,5.29511,0,0
LEN_PE,D,20110601,000000,5.17458,5.21537,5.13497,5.21537,0,0
LEN_PE,D,20110602,000000,5.17458,5.33523,5.09477,5.25541,0,0
LEN_PE,D,20110603,000000,5.29511,5.29511,5.13497,5.21537,0,0
LEN_PE,D,20110606,000000,5.09477,5.21537,5.09477,5.21537,0,0
LEN_PE,D,20110607,000000,5.21537,5.45516,5.21537,5.21537,0,0
LEN_PE,D,20110608,000000,5.41505,5.41505,5.17458,5.21537,0,0
LEN_PE,D,20110609,000000,5.37543,5.37543,5.05432,5.25541,0,0
LEN_PE,D,20110610,000000,5.21537,5.25541,5.05432,5.21537,0,0
LEN_PE,D,20110613,000000,5.21537,5.21537,5.05432,5.21537,0,0
LEN_PE,D,20110614,000000,5.21537,5.21537,5.13497,5.13497,0,0
LEN_PE,D,20110615,000000,5.13497,5.13497,5.01394,5.05432,0,0
LEN_PE,D,20110616,000000,5.05432,5.05432,4.97407,4.97407,0,0
LEN_PE,D,20110617,000000,4.85364,4.97407,4.85364,4.89359,0,0
LEN_PE,D,20110620,000000,4.85364,5.09477,4.85364,5.09477,0,0
LEN_PE,D,20110621,000000,5.01394,5.09477,5.01394,5.05432,0,0
LEN_PE,D,20110622,000000,4.97407,5.05432,4.85364,4.93396,0,0
LEN_PE,D,20110624,000000,4.89359,4.97407,4.81352,4.81352,0,0
LEN_PE,D,20110627,000000,4.81352,4.81352,4.61327,4.65329,0,0
LEN_PE,D,20110628,000000,4.65329,4.73361,4.61327,4.73361,0,0
LEN_PE,D,20110629,000000,4.81352,4.93396,4.81352,4.93396,0,0
LEN_PE,D,20110630,000000,4.81352,4.89359,4.81352,4.85364,0,0
LEN_PE,D,20110701,000000,4.93396,4.93396,4.73361,4.89359,0,0
LEN_PE,D,20110704,000000,4.93396,4.93396,4.89359,4.89359,0,0
LEN_PE,D,20110705,000000,4.93396,4.93396,4.89359,4.93396,0,0
LEN_PE,D,20110706,000000,4.93396,4.93396,4.89359,4.89359,0,0
LEN_PE,D,20110707,000000,4.89359,4.89359,4.89359,4.89359,0,0
LEN_PE,D,20110708,000000,4.89359,4.89359,4.89359,4.89359,0,0
LEN_PE,D,20110711,000000,4.89359,4.89359,4.61327,4.77383,0,0
LEN_PE,D,20110712,000000,4.77383,4.77383,4.4125,4.73361,0,0
LEN_PE,D,20110713,000000,4.77383,4.77383,4.53286,4.73361,0,0
LEN_PE,D,20110714,000000,4.73361,4.73361,4.73361,4.73361,0,0
LEN_PE,D,20110715,000000,4.77383,4.77383,4.65329,4.73361,0,0
LEN_PE,D,20110718,000000,4.73361,4.73361,4.61327,4.65329,0,0
LEN_PE,D,20110719,000000,4.4125,4.65329,4.4125,4.65329,0,0
LEN_PE,D,20110720,000000,4.4527,4.65329,4.37247,4.37247,0,0
LEN_PE,D,20110721,000000,4.4125,4.4527,4.13184,4.4527,0,0
LEN_PE,D,20110722,000000,4.4527,4.53286,4.4527,4.4527,0,0
LEN_PE,D,20110725,000000,4.4125,4.61327,4.4125,4.49282,0,0
LEN_PE,D,20110726,000000,4.4527,4.4527,4.37247,4.37247,0,0
LEN_PE,D,20110727,000000,4.33234,4.53286,4.33234,4.53286,0,0
LEN_PE,D,20110728,000000,4.49282,4.73361,4.4125,4.65329,0,0
LEN_PE,D,20110729,000000,4.61327,4.6935,4.4125,4.4125,0,0
LEN_PE,D,20110801,000000,4.4125,4.49282,4.4125,4.4125,0,0
LEN_PE,D,20110802,000000,4.57307,4.57307,4.37247,4.57307,0,0
LEN_PE,D,20110803,000000,4.57307,4.57307,4.29215,4.33234,0,0
LEN_PE,D,20110804,000000,4.33234,4.4527,4.17171,4.29215,0,0
LEN_PE,D,20110805,000000,4.0114,4.29215,3.81073,4.17171,0,0
LEN_PE,D,20110808,000000,4.05153,4.33234,3.85093,4.0114,0,0
LEN_PE,D,20110809,000000,3.89105,4.0114,3.61022,3.73066,0,0
LEN_PE,D,20110810,000000,4.0114,4.0114,3.69046,3.7707,0,0
LEN_PE,D,20110811,000000,3.7707,3.93108,3.48978,3.89105,0,0
LEN_PE,D,20110812,000000,3.89105,3.93108,3.7707,3.85093,0,0
LEN_PE,D,20110816,000000,3.97129,3.97129,3.81073,3.89105,0,0
LEN_PE,D,20110817,000000,3.85093,4.0114,3.85093,4.0114,0,0
LEN_PE,D,20110818,000000,4.0114,4.0114,3.73066,3.81073,0,0
LEN_PE,D,20110819,000000,3.85093,3.85093,3.69046,3.81073,0,0
LEN_PE,D,20110822,000000,3.85093,3.85093,3.69046,3.69046,0,0
LEN_PE,D,20110823,000000,3.73066,3.73066,3.69046,3.69046,0,0
LEN_PE,D,20110824,000000,3.73066,3.73066,3.69046,3.73066,0,0
LEN_PE,D,20110825,000000,3.73066,3.81073,3.69046,3.81073,0,0
LEN_PE,D,20110826,000000,3.81073,3.81073,3.65043,3.65043,0,0
LEN_PE,D,20110829,000000,3.73066,3.7707,3.61022,3.7707,0,0
LEN_PE,D,20110830,000000,3.73066,3.7707,3.69046,3.7707,0,0
LEN_PE,D,20110831,000000,3.85093,4.05153,3.7707,4.0114,0,0
LEN_PE,D,20110901,000000,3.97129,4.0114,3.85093,3.97129,0,0
LEN_PE,D,20110902,000000,3.93108,3.93108,3.7707,3.7707,0,0
LEN_PE,D,20110905,000000,3.73066,3.7707,2.64755,2.64755,0,0
LEN_PE,D,20110906,000000,2.64755,2.88818,2.64755,2.88818,0,0
LEN_PE,D,20110907,000000,2.88818,3.00861,2.88818,2.9685,0,0
LEN_PE,D,20110908,000000,2.9685,3.08877,2.9685,3.04865,0,0
LEN_PE,D,20110909,000000,3.04865,3.04865,2.9685,3.04865,0,0
LEN_PE,D,20110912,000000,3.00861,3.00861,2.84814,3.00861,0,0
LEN_PE,D,20110913,000000,2.9685,2.9685,2.76792,2.84814,0,0
LEN_PE,D,20110914,000000,2.72779,3.00861,2.64755,2.84814,0,0
LEN_PE,D,20110915,000000,2.76792,2.80803,2.72779,2.80803,0,0
LEN_PE,D,20110916,000000,2.80803,2.9685,2.80803,2.9685,0,0
LEN_PE,D,20110919,000000,2.9685,2.9685,2.84814,2.84814,0,0
LEN_PE,D,20110920,000000,2.84814,2.9685,2.84814,2.9685,0,0
LEN_PE,D,20110921,000000,2.9685,3.04865,2.88818,3.04865,0,0
LEN_PE,D,20110922,000000,2.9685,3.00861,2.92838,2.9685,0,0
LEN_PE,D,20110923,000000,2.9685,2.9685,2.84814,2.9685,0,0
LEN_PE,D,20110926,000000,2.88818,2.88818,2.84814,2.88818,0,0
LEN_PE,D,20110927,000000,2.88818,2.88818,2.84814,2.84814,0,0
LEN_PE,D,20110928,000000,2.84814,2.84814,2.76792,2.84814,0,0
LEN_PE,D,20110929,000000,2.76792,2.84814,2.76792,2.84814,0,0
LEN_PE,D,20110930,000000,2.84814,2.84814,2.76792,2.84814,0,0
LEN_PE,D,20111003,000000,2.76792,2.76792,2.64755,2.64755,0,0
LEN_PE,D,20111004,000000,2.64755,2.64755,2.56723,2.56723,0,0
LEN_PE,D,20111005,000000,2.60744,2.68759,2.60744,2.68759,0,0
LEN_PE,D,20111006,000000,2.64755,2.72779,2.64755,2.72779,0,0
LEN_PE,D,20111007,000000,2.72779,2.72779,2.64755,2.68759,0,0
LEN_PE,D,20111010,000000,2.52719,2.68759,2.52719,2.60744,0,0
LEN_PE,D,20111011,000000,2.64755,2.64755,2.60744,2.64755,0,0
LEN_PE,D,20111012,000000,2.64755,2.76792,2.64755,2.72779,0,0
LEN_PE,D,20111013,000000,2.72779,2.72779,2.64755,2.68759,0,0
LEN_PE,D,20111014,000000,2.68759,2.72779,2.64755,2.72779,0,0
LEN_PE,D,20111017,000000,2.72779,2.80803,2.68759,2.76792,0,0
LEN_PE,D,20111018,000000,2.76792,2.84814,2.76792,2.76792,0,0
LEN_PE,D,20111019,000000,2.76792,2.76792,2.72779,2.72779,0,0
LEN_PE,D,20111020,000000,2.72779,2.92838,2.72779,2.84814,0,0
LEN_PE,D,20111021,000000,2.84814,2.92838,2.84814,2.88818,0,0
LEN_PE,D,20111024,000000,2.88818,3.16909,2.88818,3.08877,0,0
LEN_PE,D,20111025,000000,3.16909,3.24925,3.08877,3.12888,0,0
LEN_PE,D,20111026,000000,3.12888,3.12888,3.04865,3.04865,0,0
LEN_PE,D,20111027,000000,3.04865,3.08877,3.00861,3.04865,0,0
LEN_PE,D,20111028,000000,3.04865,3.12888,3.04865,3.12888,0,0
LEN_PE,D,20111031,000000,3.12888,3.12888,2.9685,2.9685,0,0
LEN_PE,D,20111102,000000,2.92838,3.00861,2.88818,3.00861,0,0
LEN_PE,D,20111103,000000,3.00861,3.00861,2.9685,3.00861,0,0
LEN_PE,D,20111104,000000,2.9685,3.00861,2.92838,3.00861,0,0
LEN_PE,D,20111107,000000,3.00861,3.04865,2.88818,3.04865,0,0
LEN_PE,D,20111108,000000,3.04865,3.08877,3.04865,3.08877,0,0
LEN_PE,D,20111109,000000,3.08877,3.16909,3.00861,3.04865,0,0
LEN_PE,D,20111110,000000,3.04865,3.12888,3.04865,3.12888,0,0
LEN_PE,D,20111114,000000,3.12888,3.20921,3.08877,3.12888,0,0
LEN_PE,D,20111115,000000,3.12888,3.12888,2.68759,2.68759,0,0
LEN_PE,D,20111116,000000,2.68759,2.68759,2.60744,2.68759,0,0
LEN_PE,D,20111117,000000,2.72779,2.72779,2.68759,2.72779,0,0
LEN_PE,D,20111118,000000,2.72779,2.72779,2.68759,2.68759,0,0
LEN_PE,D,20111121,000000,2.72779,2.72779,2.60744,2.60744,0,0
LEN_PE,D,20111122,000000,2.48709,2.60744,2.48709,2.60744,0,0
LEN_PE,D,20111123,000000,2.64755,2.64755,2.52719,2.64755,0,0
LEN_PE,D,20111124,000000,2.68759,2.68759,2.56723,2.56723,0,0
LEN_PE,D,20111125,000000,2.60744,2.60744,2.56723,2.60744,0,0
LEN_PE,D,20111128,000000,2.60744,2.72779,2.60744,2.68759,0,0
LEN_PE,D,20111129,000000,2.68759,2.76792,2.68759,2.72779,0,0
LEN_PE,D,20111130,000000,2.72923,2.76792,2.72923,2.76792,0,0
LEN_PE,D,20111201,000000,2.80803,2.80803,2.68759,2.68759,0,0
LEN_PE,D,20111202,000000,2.68759,2.9685,2.68759,2.88818,0,0
LEN_PE,D,20111205,000000,2.92838,2.9685,2.84814,2.9685,0,0
LEN_PE,D,20111206,000000,2.9685,2.9685,2.88818,2.9685,0,0
LEN_PE,D,20111207,000000,2.88818,2.9685,2.88818,2.88818,0,0
LEN_PE,D,20111208,000000,2.88818,2.88818,2.84814,2.84814,0,0
LEN_PE,D,20111209,000000,2.84814,2.9685,2.80803,2.9685,0,0
LEN_PE,D,20111212,000000,2.88818,2.88818,2.84814,2.84814,0,0
LEN_PE,D,20111213,000000,2.84814,2.88818,2.84814,2.84814,0,0
LEN_PE,D,20111214,000000,2.84814,2.84814,2.84814,2.84814,0,0
LEN_PE,D,20111215,000000,2.84814,2.84814,2.84814,2.84814,0,0
LEN_PE,D,20111216,000000,2.84814,2.92838,2.84814,2.84814,0,0
LEN_PE,D,20111219,000000,2.84814,2.88818,2.80803,2.84814,0,0
LEN_PE,D,20111220,000000,2.84814,2.84814,2.80803,2.84814,0,0
LEN_PE,D,20111221,000000,2.84814,2.84814,2.84814,2.84814,0,0
LEN_PE,D,20111222,000000,2.84814,2.84814,2.80803,2.84814,0,0
LEN_PE,D,20111223,000000,2.84814,3.00861,2.84814,3.00861,0,0
LEN_PE,D,20111227,000000,3.12888,3.12888,2.9685,3.00861,0,0
LEN_PE,D,20111228,000000,3.00861,3.16909,3.00861,3.16909,0,0
LEN_PE,D,20111229,000000,3.16909,3.24925,3.08877,3.20921,0,0
LEN_PE,D,20111230,000000,3.20988,3.20988,3.1283,3.20988,0,0
LEN_PE,D,20120102,000000,3.24925,3.24925,3.08877,3.12888,0,0
LEN_PE,D,20120103,000000,3.16909,3.24925,3.16909,3.24925,0,0
LEN_PE,D,20120104,000000,3.24925,3.24925,3.12888,3.20921,0,0
LEN_PE,D,20120105,000000,3.16909,3.16909,3.12888,3.12888,0,0
LEN_PE,D,20120109,000000,3.12888,3.12888,3.04865,3.04865,0,0
LEN_PE,D,20120110,000000,3.08877,3.08877,3.08877,3.08877,0,0
LEN_PE,D,20120111,000000,3.04865,3.04865,2.9685,3.00861,0,0
LEN_PE,D,20120112,000000,3.00861,3.04865,3.00861,3.04865,0,0
LEN_PE,D,20120113,000000,3.04865,3.04865,2.9685,2.9685,0,0
LEN_PE,D,20120116,000000,2.9685,3.00861,2.9685,3.00861,0,0
LEN_PE,D,20120117,000000,3.00861,3.08877,3.00861,3.04865,0,0
LEN_PE,D,20120118,000000,3.12888,3.12888,3.00861,3.08877,0,0
LEN_PE,D,20120119,000000,3.08877,3.08877,3.00861,3.04865,0,0
LEN_PE,D,20120120,000000,3.08877,3.08877,3.04865,3.08877,0,0
LEN_PE,D,20120123,000000,3.12888,3.12888,3.08877,3.12888,0,0
LEN_PE,D,20120124,000000,3.12888,3.12888,3.04865,3.04865,0,0
LEN_PE,D,20120125,000000,3.12888,3.12888,3.00861,3.00861,0,0
LEN_PE,D,20120126,000000,3.04865,3.08877,3.00861,3.08877,0,0
LEN_PE,D,20120127,000000,3.12888,3.12888,3.00861,3.04865,0,0
LEN_PE,D,20120130,000000,3.04865,3.20921,3.04865,3.20921,0,0
LEN_PE,D,20120131,000000,3.20988,3.24841,3.1669,3.24841,0,0
LEN_PE,D,20120201,000000,3.24925,3.40964,3.24925,3.40964,0,0
LEN_PE,D,20120202,000000,3.44983,3.48978,3.40964,3.48978,0,0
LEN_PE,D,20120203,000000,3.44983,3.52998,3.36951,3.44983,0,0
LEN_PE,D,20120206,000000,3.48978,3.52998,3.44983,3.52998,0,0
LEN_PE,D,20120207,000000,3.52998,3.52998,3.36951,3.48978,0,0
LEN_PE,D,20120208,000000,3.48978,3.69046,3.48978,3.65043,0,0
LEN_PE,D,20120209,000000,3.69046,3.69046,3.57019,3.61022,0,0
LEN_PE,D,20120210,000000,3.61022,3.61022,3.52998,3.57019,0,0
LEN_PE,D,20120213,000000,3.57019,3.57019,3.52998,3.57019,0,0
LEN_PE,D,20120214,000000,3.52998,3.57019,3.52998,3.57019,0,0
LEN_PE,D,20120215,000000,3.57019,3.65043,3.57019,3.61022,0,0
LEN_PE,D,20120216,000000,3.61022,3.61022,3.57019,3.61022,0,0
LEN_PE,D,20120217,000000,3.61022,3.65043,3.61022,3.65043,0,0
LEN_PE,D,20120220,000000,3.65043,3.69046,3.65043,3.69046,0,0
LEN_PE,D,20120221,000000,3.69046,3.69046,3.61022,3.65043,0,0
LEN_PE,D,20120222,000000,3.69046,3.69046,3.61022,3.61022,0,0
LEN_PE,D,20120223,000000,3.69046,3.69046,3.57019,3.57019,0,0
LEN_PE,D,20120224,000000,3.57019,3.69046,3.57019,3.65043,0,0
LEN_PE,D,20120227,000000,3.65043,3.65043,3.57019,3.57019,0,0
LEN_PE,D,20120228,000000,3.57019,3.57019,3.57019,3.57019,0,0
LEN_PE,D,20120229,000000,3.65195,3.65195,3.48886,3.57036,0,0
LEN_PE,D,20120301,000000,3.57019,3.65043,3.52998,3.52998,0,0
LEN_PE,D,20120302,000000,3.61022,3.61022,3.48978,3.52998,0,0
LEN_PE,D,20120305,000000,3.57019,3.57019,3.52998,3.57019,0,0
LEN_PE,D,20120306,000000,3.52998,3.52998,3.44983,3.48978,0,0
LEN_PE,D,20120307,000000,3.40964,3.48978,3.40964,3.48978,0,0
LEN_PE,D,20120308,000000,3.73066,3.73066,3.57019,3.61022,0,0
LEN_PE,D,20120309,000000,3.65043,3.65043,3.48978,3.57019,0,0
LEN_PE,D,20120312,000000,3.48978,3.57019,3.48978,3.57019,0,0
LEN_PE,D,20120313,000000,3.61022,3.61022,3.52998,3.61022,0,0
LEN_PE,D,20120314,000000,3.61022,3.65043,3.57019,3.61022,0,0
LEN_PE,D,20120315,000000,3.61022,3.61022,3.61022,3.61022,0,0
LEN_PE,D,20120316,000000,3.61022,3.93108,3.61022,3.93108,0,0
LEN_PE,D,20120319,000000,3.93108,3.97129,3.81073,3.81073,0,0
LEN_PE,D,20120320,000000,3.89105,3.97129,3.7707,3.7707,0,0
LEN_PE,D,20120321,000000,3.7707,3.7707,3.44983,3.44983,0,0
LEN_PE,D,20120322,000000,3.40964,3.44983,3.08877,3.08877,0,0
LEN_PE,D,20120323,000000,3.08877,3.36951,3.08877,3.32948,0,0
LEN_PE,D,20120326,000000,3.24925,3.28928,3.20921,3.28928,0,0
LEN_PE,D,20120327,000000,3.24925,3.36951,3.24925,3.36951,0,0
LEN_PE,D,20120328,000000,3.36951,3.36951,3.20921,3.20921,0,0
LEN_PE,D,20120329,000000,3.16909,3.20921,3.16909,3.20921,0,0
LEN_PE,D,20120330,000000,3.20988,3.20988,3.1669,3.1669,0,0
LEN_PE,D,20120402,000000,3.16909,3.28928,3.16909,3.28928,0,0
LEN_PE,D,20120403,000000,3.24925,3.28928,3.16909,3.16909,0,0
LEN_PE,D,20120404,000000,3.16909,3.16909,3.08877,3.16909,0,0
LEN_PE,D,20120405,000000,3.16909,3.16909,3.08877,3.12888,0,0
LEN_PE,D,20120410,000000,3.04865,3.12888,3.04865,3.12888,0,0
LEN_PE,D,20120411,000000,3.12888,3.20921,3.08877,3.20921,0,0
LEN_PE,D,20120412,000000,3.20921,3.28928,3.20921,3.28928,0,0
LEN_PE,D,20120413,000000,3.28928,3.28928,3.16909,3.28928,0,0
LEN_PE,D,20120416,000000,3.28928,3.28928,3.16909,3.24925,0,0
LEN_PE,D,20120417,000000,3.1669,3.29147,3.1669,3.29147,0,0
LEN_PE,D,20120418,000000,3.28928,3.28928,3.24925,3.28928,0,0
LEN_PE,D,20120419,000000,3.28928,3.28928,3.24925,3.24925,0,0
LEN_PE,D,20120420,000000,3.24925,3.32948,3.24925,3.32948,0,0
LEN_PE,D,20120423,000000,3.28928,3.28928,3.12888,3.16909,0,0
LEN_PE,D,20120424,000000,3.04865,3.08877,3.04865,3.08877,0,0
LEN_PE,D,20120425,000000,3.12888,3.12888,3.04865,3.04865,0,0
LEN_PE,D,20120426,000000,3.04865,3.08877,3.04865,3.08877,0,0
LEN_PE,D,20120427,000000,3.08877,3.32948,3.08877,3.28928,0,0
LEN_PE,D,20120430,000000,3.36858,3.36858,3.29147,3.29147,0,0
LEN_PE,D,20120502,000000,3.24925,3.24925,3.24925,3.24925,0,0
LEN_PE,D,20120504,000000,3.24841,3.29147,3.1283,3.29147,0,0
LEN_PE,D,20120507,000000,3.20921,3.20921,3.12888,3.16909,0,0
LEN_PE,D,20120508,000000,3.00861,3.12888,3.00861,3.12888,0,0
LEN_PE,D,20120509,000000,3.1283,3.1283,3.08978,3.08978,0,0
LEN_PE,D,20120510,000000,3.08978,3.1669,3.08978,3.1669,0,0
LEN_PE,D,20120511,000000,3.1669,3.1669,3.08978,3.1669,0,0
LEN_PE,D,20120514,000000,3.08877,3.16909,2.9685,3.08877,0,0
LEN_PE,D,20120515,000000,3.04865,3.08877,2.9685,3.04865,0,0
LEN_PE,D,20120516,000000,3.04865,3.04865,3.04865,3.04865,0,0
LEN_PE,D,20120517,000000,3.04865,3.04865,2.88818,2.9685,0,0
LEN_PE,D,20120518,000000,2.88802,2.96959,2.88802,2.96959,0,0
LEN_PE,D,20120521,000000,2.96959,3.00812,2.64772,2.64772,0,0
LEN_PE,D,20120522,000000,2.68616,2.72923,2.68616,2.72923,0,0
LEN_PE,D,20120523,000000,2.72923,2.76792,2.68616,2.76792,0,0
LEN_PE,D,20120524,000000,2.72923,2.84941,2.68616,2.84941,0,0
LEN_PE,D,20120525,000000,2.76792,2.80643,2.76792,2.80643,0,0
LEN_PE,D,20120528,000000,2.87511,3.0039,2.83221,2.87511,0,0
LEN_PE,D,20120529,000000,2.87511,2.87511,2.83221,2.87511,0,0
LEN_PE,D,20120530,000000,2.91794,2.91794,2.83221,2.83221,0,0
LEN_PE,D,20120531,000000,2.74634,2.83221,2.74634,2.83221,0,0
LEN_PE,D,20120601,000000,2.83221,2.83221,2.78923,2.78923,0,0
LEN_PE,D,20120604,000000,2.78923,2.78923,2.70352,2.78923,0,0
LEN_PE,D,20120605,000000,2.66062,2.78923,2.66062,2.74634,0,0
LEN_PE,D,20120606,000000,2.74634,2.74634,2.66062,2.74634,0,0
LEN_PE,D,20120608,000000,2.74634,2.74634,2.70352,2.74634,0,0
LEN_PE,D,20120611,000000,2.74634,2.74634,2.66062,2.74634,0,0
LEN_PE,D,20120612,000000,2.74634,2.91794,2.70352,2.91794,0,0
LEN_PE,D,20120613,000000,2.91794,2.91794,2.83221,2.83221,0,0
LEN_PE,D,20120614,000000,2.74634,2.83221,2.74634,2.78923,0,0
LEN_PE,D,20120615,000000,2.78923,2.78923,2.70352,2.74634,0,0
LEN_PE,D,20120618,000000,2.78923,2.78923,2.78923,2.78923,0,0
LEN_PE,D,20120619,000000,2.74634,2.83221,2.74634,2.83221,0,0
LEN_PE,D,20120620,000000,2.83221,2.83221,2.74634,2.74634,0,0
LEN_PE,D,20120621,000000,2.74634,2.74634,2.74634,2.74634,0,0
LEN_PE,D,20120622,000000,2.78923,2.78923,2.78923,2.78923,0,0
LEN_PE,D,20120625,000000,2.78923,2.83221,2.78923,2.78923,0,0
LEN_PE,D,20120626,000000,2.78923,2.87511,2.78923,2.87511,0,0
LEN_PE,D,20120627,000000,2.91794,2.91794,2.91794,2.91794,0,0
LEN_PE,D,20120628,000000,2.9609,2.9609,2.83221,2.91794,0,0
LEN_PE,D,20120629,000000,2.91794,2.91794,2.83221,2.91794,0,0
LEN_PE,D,20120702,000000,2.91794,2.9609,2.87511,2.9609,0,0
LEN_PE,D,20120703,000000,2.9609,2.9609,2.87511,2.87511,0,0
LEN_PE,D,20120705,000000,2.87511,2.87511,2.78923,2.87511,0,0
LEN_PE,D,20120709,000000,2.87511,2.87511,2.74634,2.83221,0,0
LEN_PE,D,20120710,000000,2.83221,3.0039,2.83221,3.0039,0,0
LEN_PE,D,20120711,000000,3.0039,3.0468,2.9609,3.0039,0,0
LEN_PE,D,20120712,000000,2.91794,2.9609,2.91794,2.9609,0,0
LEN_PE,D,20120713,000000,2.87511,2.9609,2.87511,2.9609,0,0
LEN_PE,D,20120716,000000,2.87511,2.91794,2.83221,2.91794,0,0
LEN_PE,D,20120717,000000,2.87511,2.87511,2.87511,2.87511,0,0
LEN_PE,D,20120718,000000,2.87511,2.87511,2.78923,2.78923,0,0
LEN_PE,D,20120719,000000,2.78923,2.83221,2.78923,2.83221,0,0
LEN_PE,D,20120720,000000,2.87511,2.87511,2.87511,2.87511,0,0
LEN_PE,D,20120723,000000,2.78923,2.78923,2.66062,2.78923,0,0
LEN_PE,D,20120724,000000,2.78923,2.78923,2.74634,2.74634,0,0
LEN_PE,D,20120725,000000,2.74634,2.74634,2.74634,2.74634,0,0
LEN_PE,D,20120726,000000,2.74634,2.78923,2.57474,2.66062,0,0
LEN_PE,D,20120727,000000,2.61772,2.66062,2.61772,2.61772,0,0
LEN_PE,D,20120730,000000,2.66062,2.66062,2.66062,2.66062,0,0
LEN_PE,D,20120731,000000,2.70352,2.78923,2.61772,2.78923,0,0
LEN_PE,D,20120801,000000,2.74634,2.78923,2.74634,2.78923,0,0
LEN_PE,D,20120802,000000,2.78923,2.91794,2.78923,2.87511,0,0
LEN_PE,D,20120803,000000,2.91794,3.0039,2.87511,2.9609,0,0
LEN_PE,D,20120806,000000,3.0039,3.0039,3.0039,3.0039,0,0
LEN_PE,D,20120807,000000,2.91794,2.91794,2.87511,2.87511,0,0
LEN_PE,D,20120808,000000,2.87511,2.87511,2.87511,2.87511,0,0
LEN_PE,D,20120809,000000,2.87511,2.87511,2.87511,2.87511,0,0
LEN_PE,D,20120810,000000,2.87511,2.87511,2.70352,2.87511,0,0
LEN_PE,D,20120813,000000,2.87511,2.9609,2.78923,2.78923,0,0
LEN_PE,D,20120814,000000,2.78923,2.87511,2.70352,2.83221,0,0
LEN_PE,D,20120816,000000,2.87511,2.87511,2.87511,2.87511,0,0
LEN_PE,D,20120817,000000,2.78923,2.87511,2.70352,2.83221,0,0
LEN_PE,D,20120820,000000,2.83221,2.83221,2.74634,2.78923,0,0
LEN_PE,D,20120821,000000,2.78923,2.78923,2.74634,2.78923,0,0
LEN_PE,D,20120822,000000,2.78923,2.78923,2.66062,2.70352,0,0
LEN_PE,D,20120823,000000,2.61772,2.74634,2.61772,2.70352,0,0
LEN_PE,D,20120824,000000,2.66062,2.70352,2.61772,2.70352,0,0
LEN_PE,D,20120827,000000,2.66062,2.70352,2.66062,2.70352,0,0
LEN_PE,D,20120828,000000,2.70352,2.70352,2.61772,2.66062,0,0
LEN_PE,D,20120829,000000,2.66062,2.66062,2.44603,2.53184,0,0
LEN_PE,D,20120830,000000,2.53184,2.53184,2.53184,2.53184,0,0
LEN_PE,D,20120831,000000,2.61772,2.70352,2.61772,2.66062,0,0
LEN_PE,D,20120903,000000,2.66062,2.74634,2.66062,2.70352,0,0
LEN_PE,D,20120904,000000,2.70352,2.70352,2.44603,2.44603,0,0
LEN_PE,D,20120905,000000,2.44603,2.48903,2.40306,2.48903,0,0
LEN_PE,D,20120906,000000,2.48903,2.53184,2.48903,2.53184,0,0
LEN_PE,D,20120907,000000,2.57474,2.66062,2.53184,2.57474,0,0
LEN_PE,D,20120910,000000,2.61772,2.61772,2.57474,2.57474,0,0
LEN_PE,D,20120911,000000,2.57474,2.66062,2.57474,2.66062,0,0
LEN_PE,D,20120912,000000,2.66062,2.74634,2.66062,2.74634,0,0
LEN_PE,D,20120913,000000,2.74634,2.74634,2.66062,2.74634,0,0
LEN_PE,D,20120914,000000,2.74634,2.74634,2.74634,2.74634,0,0
LEN_PE,D,20120917,000000,2.74634,2.78923,2.70352,2.74634,0,0
LEN_PE,D,20120918,000000,2.74634,2.78923,2.66062,2.78923,0,0
LEN_PE,D,20120919,000000,2.78923,2.78923,2.70352,2.70352,0,0
LEN_PE,D,20120920,000000,2.78923,2.83221,2.74634,2.83221,0,0
LEN_PE,D,20120921,000000,2.83221,2.87511,2.78923,2.78923,0,0
LEN_PE,D,20120924,000000,2.78923,2.78923,2.70352,2.74634,0,0
LEN_PE,D,20120925,000000,2.78923,2.78923,2.61772,2.78923,0,0
LEN_PE,D,20120926,000000,2.78923,2.78923,2.70352,2.70352,0,0
LEN_PE,D,20120927,000000,2.70352,2.74634,2.66062,2.74634,0,0
LEN_PE,D,20120928,000000,2.74634,2.74634,2.66062,2.70352,0,0
LEN_PE,D,20121001,000000,2.66062,2.66062,2.61772,2.66062,0,0
LEN_PE,D,20121002,000000,2.70352,2.78923,2.66062,2.74634,0,0
LEN_PE,D,20121003,000000,2.74634,2.74634,2.66062,2.70352,0,0
LEN_PE,D,20121004,000000,2.70352,2.74634,2.66062,2.74634,0,0
LEN_PE,D,20121005,000000,2.74634,2.78923,2.70352,2.78923,0,0
LEN_PE,D,20121008,000000,2.78923,2.78923,2.74634,2.78923,0,0
LEN_PE,D,20121009,000000,2.78923,2.83221,2.74634,2.83221,0,0
LEN_PE,D,20121010,000000,2.87511,2.87511,2.78923,2.87511,0,0
LEN_PE,D,20121011,000000,2.87511,2.87511,2.83221,2.87511,0,0
LEN_PE,D,20121012,000000,2.74634,2.87511,2.74634,2.87511,0,0
LEN_PE,D,20121015,000000,2.87511,2.87511,2.78923,2.87511,0,0
LEN_PE,D,20121016,000000,2.91794,2.91794,2.78923,2.78923,0,0
LEN_PE,D,20121017,000000,2.78923,2.78923,2.78923,2.78923,0,0
LEN_PE,D,20121018,000000,2.78923,2.87511,2.78923,2.87511,0,0
LEN_PE,D,20121019,000000,2.91794,2.91794,2.83221,2.91794,0,0
LEN_PE,D,20121022,000000,2.87511,2.91794,2.83221,2.87511,0,0
LEN_PE,D,20121023,000000,2.78923,2.87511,2.78923,2.87511,0,0
LEN_PE,D,20121024,000000,2.87511,2.87511,2.78923,2.78923,0,0
LEN_PE,D,20121026,000000,2.78923,2.78923,2.74634,2.78923,0,0
LEN_PE,D,20121029,000000,2.78923,2.83221,2.74634,2.83221,0,0
LEN_PE,D,20121030,000000,2.87511,2.87511,2.78923,2.83221,0,0
LEN_PE,D,20121031,000000,2.87511,2.87511,2.83221,2.87511,0,0
LEN_PE,D,20121102,000000,2.87511,2.87511,2.83221,2.87511,0,0
LEN_PE,D,20121105,000000,2.87511,2.87511,2.83221,2.87511,0,0
LEN_PE,D,20121106,000000,2.83221,2.87511,2.83221,2.87511,0,0
LEN_PE,D,20121107,000000,2.91794,2.91794,2.87511,2.87511,0,0
LEN_PE,D,20121108,000000,2.78923,2.87511,2.78923,2.87511,0,0
LEN_PE,D,20121109,000000,2.87511,3.0039,2.87511,2.87511,0,0
LEN_PE,D,20121112,000000,2.87511,2.87511,2.83221,2.87511,0,0
LEN_PE,D,20121113,000000,2.83221,2.9609,2.83221,2.9609,0,0
LEN_PE,D,20121114,000000,2.9609,3.17558,2.9609,3.1326,0,0
LEN_PE,D,20121115,000000,3.1326,3.1326,3.0468,3.08978,0,0
LEN_PE,D,20121116,000000,3.0039,3.08978,3.0039,3.08978,0,0
LEN_PE,D,20121119,000000,3.08978,3.08978,3.0468,3.08978,0,0
LEN_PE,D,20121120,000000,3.08978,3.1326,3.0468,3.1326,0,0
LEN_PE,D,20121121,000000,3.17558,3.30428,3.17558,3.30428,0,0
LEN_PE,D,20121122,000000,3.30428,3.43298,3.30428,3.39009,0,0
LEN_PE,D,20121123,000000,3.43298,3.47595,3.30428,3.34718,0,0
LEN_PE,D,20121126,000000,3.43298,3.43298,3.34718,3.34718,0,0
LEN_PE,D,20121127,000000,3.30428,3.39009,3.26138,3.39009,0,0
LEN_PE,D,20121128,000000,3.39009,3.39009,3.26138,3.30428,0,0
LEN_PE,D,20121129,000000,3.26138,3.30428,3.17558,3.17558,0,0
LEN_PE,D,20121130,000000,3.17558,3.17558,3.1326,3.1326,0,0
LEN_PE,D,20121203,000000,3.1326,3.1326,3.08978,3.1326,0,0
LEN_PE,D,20121204,000000,3.1326,3.2184,3.1326,3.2184,0,0
LEN_PE,D,20121205,000000,3.26138,3.39009,3.17558,3.30428,0,0
LEN_PE,D,20121206,000000,3.26138,3.34718,3.26138,3.34718,0,0
LEN_PE,D,20121207,000000,3.39009,3.43298,3.39009,3.43298,0,0
LEN_PE,D,20121210,000000,3.39009,3.39009,3.30428,3.34718,0,0
LEN_PE,D,20121211,000000,3.30428,3.34718,3.30428,3.30428,0,0
LEN_PE,D,20121212,000000,3.30428,3.34718,3.30428,3.34718,0,0
LEN_PE,D,20121213,000000,3.34718,3.69046,3.34718,3.60465,0,0
LEN_PE,D,20121214,000000,3.60465,3.73344,3.56175,3.60465,0,0
LEN_PE,D,20121217,000000,3.73344,3.73344,3.60465,3.60465,0,0
LEN_PE,D,20121218,000000,3.64755,3.64755,3.51886,3.51886,0,0
LEN_PE,D,20121219,000000,3.51886,3.64755,3.51886,3.64755,0,0
LEN_PE,D,20121220,000000,3.64755,3.69046,3.60465,3.60465,0,0
LEN_PE,D,20121221,000000,3.60465,3.60465,3.56175,3.56175,0,0
LEN_PE,D,20121227,000000,3.51886,3.64755,3.51886,3.56175,0,0
LEN_PE,D,20121228,000000,3.60465,3.64755,3.51886,3.60465,0,0
LEN_PE,D,20130102,000000,3.60465,3.86205,3.60465,3.86205,0,0
LEN_PE,D,20130103,000000,3.86205,3.86205,3.81925,3.86205,0,0
LEN_PE,D,20130104,000000,3.86205,3.86205,3.73344,3.73344,0,0
LEN_PE,D,20130107,000000,3.77625,3.81925,3.64755,3.69046,0,0
LEN_PE,D,20130108,000000,3.64755,3.69046,3.60465,3.69046,0,0
LEN_PE,D,20130109,000000,3.69046,3.73344,3.69046,3.73344,0,0
LEN_PE,D,20130110,000000,3.77625,3.81925,3.73344,3.77625,0,0
LEN_PE,D,20130111,000000,3.81925,3.94794,3.81925,3.90513,0,0
LEN_PE,D,20130114,000000,3.94794,4.03365,3.90513,3.90513,0,0
LEN_PE,D,20130115,000000,3.90513,3.90513,3.77625,3.81925,0,0
LEN_PE,D,20130116,000000,3.81925,3.81925,3.77625,3.81925,0,0
LEN_PE,D,20130117,000000,3.81925,3.90513,3.77625,3.90513,0,0
LEN_PE,D,20130118,000000,3.86205,4.16244,3.86205,4.11971,0,0
LEN_PE,D,20130121,000000,4.11971,4.16244,4.07672,4.11971,0,0
LEN_PE,D,20130122,000000,4.07672,4.11971,3.94794,4.03365,0,0
LEN_PE,D,20130123,000000,4.03365,4.03365,3.90513,3.94794,0,0
LEN_PE,D,20130124,000000,3.94794,3.99093,3.90513,3.94794,0,0
LEN_PE,D,20130125,000000,3.94794,3.99093,3.81925,3.90513,0,0
LEN_PE,D,20130128,000000,3.86205,3.86205,3.73344,3.73344,0,0
LEN_PE,D,20130129,000000,3.77625,3.90513,3.73344,3.73344,0,0
LEN_PE,D,20130130,000000,3.73344,3.86205,3.69046,3.86205,0,0
LEN_PE,D,20130131,000000,3.77625,3.77625,3.64755,3.69046,0,0
LEN_PE,D,20130201,000000,3.64755,3.73344,3.47595,3.51886,0,0
LEN_PE,D,20130204,000000,3.56175,3.60465,3.56175,3.60465,0,0
LEN_PE,D,20130205,000000,3.60465,3.60465,3.56175,3.60465,0,0
LEN_PE,D,20130206,000000,3.60465,3.60465,3.51886,3.51886,0,0
LEN_PE,D,20130207,000000,3.56175,3.56175,3.30428,3.34718,0,0
LEN_PE,D,20130208,000000,3.34718,3.51886,3.30428,3.47595,0,0
LEN_PE,D,20130211,000000,3.47595,3.60465,3.47595,3.60465,0,0
LEN_PE,D,20130212,000000,3.60465,3.69046,3.47595,3.56175,0,0
LEN_PE,D,20130213,000000,3.51886,3.56175,3.39009,3.39009,0,0
LEN_PE,D,20130214,000000,3.34718,3.51886,3.26138,3.51886,0,0
LEN_PE,D,20130215,000000,3.47595,3.51886,3.47595,3.51886,0,0
LEN_PE,D,20130218,000000,3.51886,3.51886,3.43298,3.47595,0,0
LEN_PE,D,20130219,000000,3.47595,3.51886,3.43298,3.51886,0,0
LEN_PE,D,20130220,000000,3.51886,3.56175,3.30428,3.34718,0,0
LEN_PE,D,20130221,000000,3.39009,3.39009,3.26138,3.26138,0,0
LEN_PE,D,20130222,000000,3.26138,3.34718,3.2184,3.34718,0,0
LEN_PE,D,20130225,000000,3.34718,3.60465,3.34718,3.60465,0,0
LEN_PE,D,20130226,000000,3.60465,3.60465,3.39009,3.47595,0,0
LEN_PE,D,20130227,000000,3.56175,3.56175,3.43298,3.56175,0,0
LEN_PE,D,20130228,000000,3.4763,3.68894,3.4763,3.60391,0,0
LEN_PE,D,20130301,000000,3.64755,3.64755,3.56175,3.60465,0,0
LEN_PE,D,20130304,000000,3.60465,3.60465,3.56175,3.56175,0,0
LEN_PE,D,20130305,000000,3.56175,3.81925,3.56175,3.77625,0,0
LEN_PE,D,20130306,000000,3.77625,3.77625,3.69046,3.73344,0,0
LEN_PE,D,20130307,000000,3.77625,3.77625,3.73344,3.77625,0,0
LEN_PE,D,20130308,000000,3.81925,3.81925,3.77625,3.81925,0,0
LEN_PE,D,20130311,000000,3.81925,3.81925,3.73344,3.73344,0,0
LEN_PE,D,20130312,000000,3.73344,3.81925,3.73344,3.73344,0,0
LEN_PE,D,20130313,000000,3.73344,3.77625,3.60465,3.73344,0,0
LEN_PE,D,20130314,000000,3.64755,3.69046,3.56175,3.64755,0,0
LEN_PE,D,20130315,000000,3.69046,3.77625,3.69046,3.73344,0,0
LEN_PE,D,20130318,000000,3.60465,3.69046,3.60465,3.69046,0,0
LEN_PE,D,20130319,000000,3.69046,3.73344,3.64755,3.73344,0,0
LEN_PE,D,20130320,000000,3.69046,3.73344,3.69046,3.73344,0,0
LEN_PE,D,20130321,000000,3.77625,3.86205,3.69046,3.77625,0,0
LEN_PE,D,20130322,000000,3.77625,3.77625,3.60465,3.77625,0,0
LEN_PE,D,20130325,000000,3.73344,3.90513,3.64755,3.69046,0,0
LEN_PE,D,20130326,000000,3.69046,3.69046,3.47595,3.60465,0,0
LEN_PE,D,20130327,000000,3.69046,3.69046,3.51886,3.60465,0,0
LEN_PE,D,20130328,000000,3.56175,3.60465,3.39009,3.60465,0,0
LEN_PE,D,20130402,000000,3.60465,3.64755,3.60465,3.60465,0,0
LEN_PE,D,20130403,000000,3.60465,3.60465,3.56175,3.60465,0,0
LEN_PE,D,20130404,000000,3.64755,3.64755,3.51886,3.60465,0,0
LEN_PE,D,20130405,000000,3.69046,3.69046,3.60465,3.60465,0,0
LEN_PE,D,20130408,000000,3.60465,3.60465,3.56175,3.56175,0,0
LEN_PE,D,20130409,000000,3.56175,3.60465,3.56175,3.60465,0,0
LEN_PE,D,20130410,000000,3.60465,3.60465,3.60465,3.60465,0,0
LEN_PE,D,20130411,000000,3.60465,3.60465,3.56175,3.60465,0,0
LEN_PE,D,20130412,000000,3.60465,3.64755,3.56175,3.64755,0,0
LEN_PE,D,20130415,000000,3.60465,3.60465,3.60465,3.60465,0,0
LEN_PE,D,20130417,000000,3.64637,3.64637,3.39125,3.39125,0,0
LEN_PE,D,20130418,000000,3.39009,3.39009,3.17558,3.26138,0,0
LEN_PE,D,20130419,000000,3.17558,3.39009,3.17558,3.34718,0,0
LEN_PE,D,20130422,000000,3.26138,3.34718,3.26138,3.26138,0,0
LEN_PE,D,20130423,000000,3.26138,3.26138,3.2184,3.26138,0,0
LEN_PE,D,20130424,000000,3.30428,3.34718,3.30428,3.34718,0,0
LEN_PE,D,20130425,000000,3.34718,3.43298,3.34718,3.43298,0,0
LEN_PE,D,20130426,000000,3.39125,3.43382,3.30622,3.39125,0,0
LEN_PE,D,20130429,000000,3.39009,3.39009,3.34718,3.34718,0,0
LEN_PE,D,20130430,000000,3.39125,3.39125,3.34879,3.34879,0,0
LEN_PE,D,20130502,000000,3.34879,3.34879,3.30622,3.34879,0,0
LEN_PE,D,20130506,000000,3.39009,3.51886,3.39009,3.43298,0,0
LEN_PE,D,20130507,000000,3.43382,3.56125,3.43382,3.4763,0,0
LEN_PE,D,20130508,000000,3.51886,3.60391,3.51886,3.56125,0,0
LEN_PE,D,20130509,000000,3.64637,3.86358,3.64637,3.86358,0,0
LEN_PE,D,20130510,000000,3.90606,3.94853,3.86358,3.90606,0,0
LEN_PE,D,20130513,000000,3.90606,3.90606,3.82109,3.90606,0,0
LEN_PE,D,20130514,000000,3.99109,3.99109,3.90606,3.90606,0,0
LEN_PE,D,20130515,000000,3.82109,3.94853,3.77853,3.90606,0,0
LEN_PE,D,20130516,000000,3.94853,3.99109,3.90606,3.94853,0,0
LEN_PE,D,20130517,000000,4.10926,4.20374,3.96758,4.15654,0,0
LEN_PE,D,20130520,000000,4.15654,4.15654,4.10926,4.10926,0,0
LEN_PE,D,20130521,000000,4.10926,4.34542,4.10926,4.29822,0,0
LEN_PE,D,20130522,000000,4.15654,4.4399,4.15654,4.4399,0,0
LEN_PE,D,20130523,000000,4.29822,4.39262,4.29822,4.39262,0,0
LEN_PE,D,20130524,000000,4.29822,4.34542,4.25085,4.25085,0,0
LEN_PE,D,20130527,000000,4.25085,4.29822,4.15654,4.25085,0,0
LEN_PE,D,20130528,000000,4.25085,4.4399,4.20374,4.4399,0,0
LEN_PE,D,20130529,000000,4.4399,4.4399,4.34542,4.39262,0,0
LEN_PE,D,20130531,000000,4.39262,4.4399,4.29822,4.4399,0,0
LEN_PE,D,20130603,000000,4.4399,4.4399,4.29822,4.39262,0,0
LEN_PE,D,20130604,000000,4.29822,4.39262,4.29822,4.39262,0,0
LEN_PE,D,20130605,000000,4.39262,4.4399,4.34542,4.4399,0,0
LEN_PE,D,20130606,000000,4.39262,4.4399,4.39262,4.39262,0,0
LEN_PE,D,20130607,000000,4.39262,4.48701,4.39262,4.48701,0,0
LEN_PE,D,20130610,000000,4.48701,4.67598,4.48701,4.62885,0,0
LEN_PE,D,20130611,000000,4.62885,4.62885,4.58157,4.62885,0,0
LEN_PE,D,20130612,000000,4.62885,4.62885,4.58157,4.62885,0,0
LEN_PE,D,20130613,000000,4.62885,4.62885,4.58157,4.58157,0,0
LEN_PE,D,20130614,000000,4.53437,4.58157,4.34542,4.34542,0,0
LEN_PE,D,20130617,000000,4.48701,4.72325,4.48701,4.67598,0,0
LEN_PE,D,20130618,000000,4.67598,4.81748,4.62885,4.81748,0,0
LEN_PE,D,20130619,000000,4.81748,5.00635,4.81748,4.9122,0,0
LEN_PE,D,20130620,000000,4.9122,4.9122,4.67598,4.67598,0,0
LEN_PE,D,20130621,000000,4.67598,4.72325,4.67598,4.67598,0,0
LEN_PE,D,20130624,000000,4.77053,4.77053,4.34542,4.39262,0,0
LEN_PE,D,20130625,000000,4.4399,4.53437,4.39262,4.48701,0,0
LEN_PE,D,20130626,000000,4.4399,4.53437,4.4399,4.53437,0,0
LEN_PE,D,20130627,000000,4.53437,4.81748,4.53437,4.62885,0,0
LEN_PE,D,20130628,000000,4.58157,4.58157,4.4399,4.4399,0,0
LEN_PE,D,20130701,000000,4.4399,4.62885,4.4399,4.62885,0,0
LEN_PE,D,20130702,000000,4.67598,4.67598,4.48701,4.53437,0,0
LEN_PE,D,20130703,000000,4.53437,4.67598,4.53437,4.67598,0,0
LEN_PE,D,20130704,000000,4.67598,4.72325,4.58157,4.58157,0,0
LEN_PE,D,20130705,000000,4.58157,4.67598,4.58157,4.67598,0,0
LEN_PE,D,20130708,000000,4.62885,4.67598,4.62885,4.67598,0,0
LEN_PE,D,20130709,000000,4.67598,4.67598,4.62885,4.62885,0,0
LEN_PE,D,20130710,000000,4.67598,4.67598,4.58157,4.58157,0,0
LEN_PE,D,20130711,000000,4.58157,4.62885,4.58157,4.62885,0,0
LEN_PE,D,20130712,000000,4.62885,4.62885,4.62885,4.62885,0,0
LEN_PE,D,20130715,000000,4.67598,4.67598,4.62885,4.62885,0,0
LEN_PE,D,20130716,000000,4.58157,4.62885,4.58157,4.62885,0,0
LEN_PE,D,20130717,000000,4.62885,4.62885,4.58157,4.62885,0,0
LEN_PE,D,20130718,000000,4.62885,4.62885,4.58157,4.62885,0,0
LEN_PE,D,20130719,000000,4.62885,4.62885,4.58157,4.62885,0,0
LEN_PE,D,20130722,000000,4.62885,4.62885,4.58157,4.62885,0,0
LEN_PE,D,20130723,000000,4.62885,4.62885,4.58157,4.58157,0,0
LEN_PE,D,20130724,000000,4.53437,4.53437,4.25085,4.48701,0,0
LEN_PE,D,20130725,000000,4.39262,4.53437,4.39262,4.48701,0,0
LEN_PE,D,20130726,000000,4.48701,4.58157,4.4399,4.53437,0,0
LEN_PE,D,20130729,000000,4.4399,4.62885,4.4399,4.62885,0,0
LEN_PE,D,20130730,000000,4.62885,4.77053,4.62885,4.62885,0,0
LEN_PE,D,20130731,000000,4.62885,4.67598,4.48701,4.62885,0,0
LEN_PE,D,20130801,000000,4.58157,4.62885,4.58157,4.62885,0,0
LEN_PE,D,20130802,000000,4.53437,4.72325,4.53437,4.72325,0,0
LEN_PE,D,20130805,000000,4.72325,4.72325,4.67598,4.67598,0,0
LEN_PE,D,20130806,000000,4.67598,4.72325,4.67598,4.67598,0,0
LEN_PE,D,20130807,000000,4.67598,4.67598,4.58157,4.62885,0,0
LEN_PE,D,20130808,000000,4.62885,4.72325,4.48701,4.67598,0,0
LEN_PE,D,20130809,000000,4.67598,4.72325,4.62885,4.72325,0,0
LEN_PE,D,20130812,000000,4.72325,4.9122,4.72325,4.86484,0,0
LEN_PE,D,20130813,000000,4.9122,4.9595,4.86484,4.9122,0,0
LEN_PE,D,20130814,000000,4.9595,5.14828,4.9595,5.10118,0,0
LEN_PE,D,20130816,000000,5.05382,5.10118,4.9595,5.00635,0,0
LEN_PE,D,20130819,000000,5.2426,5.2426,4.77053,4.81748,0,0
LEN_PE,D,20130820,000000,4.77053,4.81748,4.48701,4.67598,0,0
LEN_PE,D,20130821,000000,4.67598,4.86484,4.67598,4.77053,0,0
LEN_PE,D,20130822,000000,4.77053,5.00635,4.77053,5.00635,0,0
LEN_PE,D,20130823,000000,5.00635,5.00635,4.86484,4.86484,0,0
LEN_PE,D,20130826,000000,4.81748,4.86484,4.81748,4.81748,0,0
LEN_PE,D,20130827,000000,4.86484,4.86484,4.81748,4.81748,0,0
LEN_PE,D,20130828,000000,4.81748,4.81748,4.81748,4.81748,0,0
LEN_PE,D,20130829,000000,4.86484,4.86484,4.77053,4.86484,0,0
LEN_PE,D,20130830,000000,4.86484,4.86484,4.53437,4.72325,0,0
LEN_PE,D,20130902,000000,4.81748,4.81748,4.77053,4.81748,0,0
LEN_PE,D,20130903,000000,4.81748,4.81748,4.67598,4.72325,0,0
LEN_PE,D,20130904,000000,4.77053,4.77053,4.72325,4.72325,0,0
LEN_PE,D,20130905,000000,4.58157,4.58157,4.20374,4.4399,0,0
LEN_PE,D,20130906,000000,4.48701,4.58157,4.39262,4.58157,0,0
LEN_PE,D,20130909,000000,4.58157,4.67598,4.53437,4.67598,0,0
LEN_PE,D,20130910,000000,4.67598,4.72325,4.53437,4.53437,0,0
LEN_PE,D,20130911,000000,4.48701,4.53437,4.4399,4.53437,0,0
LEN_PE,D,20130912,000000,4.58157,4.58157,4.48701,4.53437,0,0
LEN_PE,D,20130913,000000,4.53437,4.53437,4.34542,4.53437,0,0
LEN_PE,D,20130916,000000,4.53437,4.72325,4.53437,4.72325,0,0
LEN_PE,D,20130917,000000,4.72325,4.72325,4.67598,4.67598,0,0
LEN_PE,D,20130918,000000,4.67598,4.72325,4.67598,4.72325,0,0
LEN_PE,D,20130919,000000,4.72325,4.72325,4.72325,4.72325,0,0
LEN_PE,D,20130920,000000,4.67598,4.72325,4.67598,4.67598,0,0
LEN_PE,D,20130923,000000,4.62885,4.72325,4.62885,4.67598,0,0
LEN_PE,D,20130924,000000,4.62885,4.62885,4.62885,4.62885,0,0
LEN_PE,D,20130925,000000,4.62885,4.72325,4.62885,4.72325,0,0
LEN_PE,D,20130926,000000,4.72325,4.72325,4.67598,4.72325,0,0
LEN_PE,D,20130927,000000,4.72325,4.81748,4.67598,4.81748,0,0
LEN_PE,D,20130930,000000,4.81748,4.86484,4.77053,4.86484,0,0
LEN_PE,D,20131001,000000,4.86484,4.9595,4.86484,4.9595,0,0
LEN_PE,D,20131002,000000,4.9595,5.10118,4.9595,5.00635,0,0
LEN_PE,D,20131003,000000,5.05382,5.14828,5.00635,5.10118,0,0
LEN_PE,D,20131004,000000,5.05382,5.05382,4.9122,5.05382,0,0
LEN_PE,D,20131007,000000,5.00635,5.10118,5.00635,5.05382,0,0
LEN_PE,D,20131008,000000,5.10118,5.10118,5.00635,5.05382,0,0
LEN_PE,D,20131009,000000,5.10118,5.10118,5.00635,5.10118,0,0
LEN_PE,D,20131010,000000,5.10118,5.10118,4.9122,4.9122,0,0
LEN_PE,D,20131011,000000,4.9122,4.9595,4.86484,4.86484,0,0
LEN_PE,D,20131014,000000,4.81748,4.9122,4.81748,4.9122,0,0
LEN_PE,D,20131015,000000,4.9122,5.00635,4.9122,4.9595,0,0
LEN_PE,D,20131016,000000,4.9595,5.2903,4.9122,5.2426,0,0
LEN_PE,D,20131017,000000,5.2426,5.2426,5.14828,5.2426,0,0
LEN_PE,D,20131018,000000,5.2426,5.47935,5.19549,5.47935,0,0
LEN_PE,D,20131021,000000,5.43156,5.47935,5.43156,5.43156,0,0
LEN_PE,D,20131022,000000,5.43156,5.43156,5.2903,5.38445,0,0
LEN_PE,D,20131023,000000,5.33733,5.38445,5.33733,5.33733,0,0
LEN_PE,D,20131024,000000,5.38445,5.38445,5.2426,5.33733,0,0
LEN_PE,D,20131025,000000,5.2903,5.2903,5.05382,5.05382,0,0
LEN_PE,D,20131028,000000,5.05382,5.33733,5.05382,5.33733,0,0
LEN_PE,D,20131029,000000,5.33733,5.43156,5.2903,5.38445,0,0
LEN_PE,D,20131030,000000,5.43156,5.43156,5.2903,5.38445,0,0
LEN_PE,D,20131031,000000,5.38445,5.47935,5.38445,5.43156,0,0
LEN_PE,D,20131104,000000,5.47935,5.6678,5.47935,5.57299,0,0
LEN_PE,D,20131105,000000,5.62053,5.6678,5.62053,5.6678,0,0
LEN_PE,D,20131106,000000,5.6678,5.6678,5.57299,5.62053,0,0
LEN_PE,D,20131107,000000,5.62053,5.6678,5.62053,5.62053,0,0
LEN_PE,D,20131108,000000,5.57299,5.62053,5.52646,5.62053,0,0
LEN_PE,D,20131112,000000,5.6678,5.6678,5.57299,5.6678,0,0
LEN_PE,D,20131113,000000,5.6678,5.6678,5.52646,5.57299,0,0
LEN_PE,D,20131114,000000,5.57299,5.62053,5.52646,5.62053,0,0
LEN_PE,D,20131115,000000,5.62053,5.95117,5.62053,5.80982,0,0
LEN_PE,D,20131118,000000,5.85692,5.85692,5.6678,5.6678,0,0
LEN_PE,D,20131119,000000,5.6678,5.76212,5.6678,5.71542,0,0
LEN_PE,D,20131120,000000,5.76212,5.99886,5.76212,5.99886,0,0
LEN_PE,D,20131121,000000,5.85692,6.23519,5.85692,6.23519,0,0
LEN_PE,D,20131122,000000,6.09309,6.32958,6.09309,6.23519,0,0
LEN_PE,D,20131125,000000,6.18739,6.23519,6.04597,6.04597,0,0
LEN_PE,D,20131126,000000,6.04597,6.04597,5.80982,5.99886,0,0
LEN_PE,D,20131127,000000,5.99886,6.14021,5.95117,6.14021,0,0
LEN_PE,D,20131128,000000,6.14021,6.18739,6.14021,6.18739,0,0
LEN_PE,D,20131129,000000,6.18739,6.23519,6.09309,6.23519,0,0
LEN_PE,D,20131202,000000,6.23519,6.23519,5.90473,5.90473,0,0
LEN_PE,D,20131203,000000,5.80982,5.80982,5.62053,5.71542,0,0
LEN_PE,D,20131204,000000,5.71542,5.71542,5.62053,5.62053,0,0
LEN_PE,D,20131205,000000,5.6678,5.6678,5.62053,5.62053,0,0
LEN_PE,D,20131206,000000,5.62053,5.71542,5.62053,5.71542,0,0
LEN_PE,D,20131209,000000,5.62053,5.71542,5.62053,5.71542,0,0
LEN_PE,D,20131210,000000,5.71542,5.71542,5.52646,5.52646,0,0
LEN_PE,D,20131211,000000,5.57299,5.57299,5.47935,5.57299,0,0
LEN_PE,D,20131212,000000,5.62053,5.62053,5.2903,5.38445,0,0
LEN_PE,D,20131213,000000,5.38445,5.38445,5.2903,5.2903,0,0
LEN_PE,D,20131216,000000,5.14828,5.2426,5.14828,5.14828,0,0
LEN_PE,D,20131217,000000,5.19549,5.2426,5.00635,5.05382,0,0
LEN_PE,D,20131218,000000,5.05382,5.2426,5.05382,5.2426,0,0
LEN_PE,D,20131219,000000,5.2426,5.2426,5.19549,5.2426,0,0
LEN_PE,D,20131220,000000,5.2903,5.2903,4.9122,5.10118,0,0
LEN_PE,D,20131223,000000,5.14828,5.2426,5.10118,5.14828,0,0
LEN_PE,D,20131227,000000,5.14828,5.33733,5.14828,5.33733,0,0
LEN_PE,D,20131230,000000,5.33733,5.43156,5.33733,5.38445,0,0
LEN_PE,D,20140102,000000,5.43156,5.52646,5.43156,5.43156,0,0
LEN_PE,D,20140103,000000,5.47935,5.47935,5.43156,5.43156,0,0
LEN_PE,D,20140107,000000,5.47935,5.47935,5.2903,5.43156,0,0
LEN_PE,D,20140108,000000,5.38445,5.38445,5.10118,5.33733,0,0
LEN_PE,D,20140109,000000,5.33733,5.38445,5.33733,5.38445,0,0
LEN_PE,D,20140110,000000,5.43156,5.43156,5.2426,5.38445,0,0
LEN_PE,D,20140113,000000,5.43156,5.52646,5.2903,5.2903,0,0
LEN_PE,D,20140114,000000,5.2426,5.2426,5.2426,5.2426,0,0
LEN_PE,D,20140115,000000,5.2426,5.43156,5.2426,5.38445,0,0
LEN_PE,D,20140116,000000,5.43156,5.47935,5.38445,5.38445,0,0
LEN_PE,D,20140117,000000,5.43156,5.43156,5.43156,5.43156,0,0
LEN_PE,D,20140120,000000,5.43156,5.43156,5.33733,5.38445,0,0
LEN_PE,D,20140121,000000,5.38445,5.47935,5.38445,5.38445,0,0
LEN_PE,D,20140122,000000,5.38445,5.47935,5.38445,5.47935,0,0
LEN_PE,D,20140123,000000,5.47935,5.47935,5.43156,5.47935,0,0
LEN_PE,D,20140124,000000,5.47935,5.52646,5.38445,5.47935,0,0
LEN_PE,D,20140127,000000,5.43156,5.47935,5.2426,5.47935,0,0
LEN_PE,D,20140128,000000,5.47935,5.47935,5.38445,5.38445,0,0
LEN_PE,D,20140129,000000,5.43156,5.43156,5.38445,5.38445,0,0
LEN_PE,D,20140130,000000,5.43156,5.47935,5.38445,5.47935,0,0
LEN_PE,D,20140131,000000,5.47935,5.47935,5.43156,5.47935,0,0
LEN_PE,D,20140203,000000,5.47935,5.57299,5.47935,5.52646,0,0
LEN_PE,D,20140204,000000,5.57299,5.57299,5.43156,5.43156,0,0
LEN_PE,D,20140205,000000,5.43156,5.43156,5.43156,5.43156,0,0
LEN_PE,D,20140206,000000,5.43156,5.6678,5.43156,5.6678,0,0
LEN_PE,D,20140207,000000,5.6678,5.71542,5.62053,5.71542,0,0
LEN_PE,D,20140210,000000,5.71542,5.85692,5.71542,5.80982,0,0
LEN_PE,D,20140211,000000,5.85692,5.90473,5.80982,5.90473,0,0
LEN_PE,D,20140212,000000,5.90473,5.95117,5.85692,5.85692,0,0
LEN_PE,D,20140213,000000,5.85692,5.90473,5.80982,5.90473,0,0
LEN_PE,D,20140214,000000,5.90473,5.90473,5.85692,5.90473,0,0
LEN_PE,D,20140217,000000,5.85692,5.90473,5.85692,5.90473,0,0
LEN_PE,D,20140218,000000,5.95117,6.18739,5.90473,6.09309,0,0
LEN_PE,D,20140219,000000,6.14021,6.14021,5.95117,5.95117,0,0
LEN_PE,D,20140220,000000,5.95117,6.14021,5.90473,5.95117,0,0
LEN_PE,D,20140221,000000,5.95117,6.04597,5.95117,6.04597,0,0
LEN_PE,D,20140224,000000,6.18739,6.18739,6.09309,6.14021,0,0
LEN_PE,D,20140225,000000,6.14021,6.28239,6.09309,6.09309,0,0
LEN_PE,D,20140226,000000,6.14021,6.14021,6.04597,6.14021,0,0
LEN_PE,D,20140227,000000,6.14021,6.14021,6.04597,6.09309,0,0
LEN_PE,D,20140228,000000,6.14021,6.14021,6.04597,6.14021,0,0
LEN_PE,D,20140303,000000,5.57299,5.90473,5.57299,5.71542,0,0
LEN_PE,D,20140304,000000,5.62053,5.99886,5.62053,5.85692,0,0
LEN_PE,D,20140305,000000,5.99886,6.04597,5.90473,5.99886,0,0
LEN_PE,D,20140306,000000,6.04597,6.04597,5.85692,6.04597,0,0
LEN_PE,D,20140307,000000,6.04597,6.04597,5.85692,5.85692,0,0
LEN_PE,D,20140310,000000,5.80982,5.85692,5.80982,5.80982,0,0
LEN_PE,D,20140311,000000,5.76212,5.76212,5.62053,5.62053,0,0
LEN_PE,D,20140312,000000,5.71542,5.71542,5.47935,5.47935,0,0
LEN_PE,D,20140313,000000,5.47935,5.6678,5.47935,5.47935,0,0
LEN_PE,D,20140314,000000,5.52646,5.52646,5.10118,5.2426,0,0
LEN_PE,D,20140317,000000,5.2426,5.43156,5.19549,5.2903,0,0
LEN_PE,D,20140318,000000,5.43156,5.6678,5.43156,5.6678,0,0
LEN_PE,D,20140319,000000,5.76212,5.95117,5.6678,5.80982,0,0
LEN_PE,D,20140320,000000,5.80982,5.99886,5.80982,5.99886,0,0
LEN_PE,D,20140321,000000,5.99886,5.99886,5.85692,5.85692,0,0
LEN_PE,D,20140324,000000,5.90473,5.95117,5.85692,5.85692,0,0
LEN_PE,D,20140325,000000,5.90473,5.90473,5.80982,5.85692,0,0
LEN_PE,D,20140326,000000,5.90473,6.04597,5.90473,6.04597,0,0
LEN_PE,D,20140327,000000,5.99886,6.09309,5.99886,5.99886,0,0
LEN_PE,D,20140328,000000,6.04597,6.04597,5.80982,5.80982,0,0
LEN_PE,D,20140331,000000,5.90473,6.04597,5.85692,5.99886,0,0
LEN_PE,D,20140401,000000,5.99886,5.99886,5.95117,5.99886,0,0
LEN_PE,D,20140402,000000,5.99886,6.23519,5.95117,6.23519,0,0
LEN_PE,D,20140403,000000,6.23519,6.23519,6.18739,6.23519,0,0
LEN_PE,D,20140404,000000,6.28239,6.28239,6.18739,6.23519,0,0
LEN_PE,D,20140407,000000,6.18739,6.18739,6.09309,6.18739,0,0
LEN_PE,D,20140408,000000,6.18739,6.18739,6.09309,6.09309,0,0
LEN_PE,D,20140409,000000,6.14021,6.14021,5.99886,5.99886,0,0
LEN_PE,D,20140410,000000,6.04597,6.04597,5.99886,5.99886,0,0
LEN_PE,D,20140411,000000,5.99886,5.99886,5.95117,5.99886,0,0
LEN_PE,D,20140414,000000,5.99886,5.99886,5.85692,5.90473,0,0
LEN_PE,D,20140415,000000,5.90473,5.95117,5.85692,5.90473,0,0
LEN_PE,D,20140416,000000,5.90473,5.95117,5.90473,5.90473,0,0
LEN_PE,D,20140417,000000,5.90473,5.90473,5.85692,5.85692,0,0
LEN_PE,D,20140422,000000,5.90473,5.99886,5.90473,5.99886,0,0
LEN_PE,D,20140423,000000,5.99886,6.14021,5.99886,6.14021,0,0
LEN_PE,D,20140424,000000,6.14021,6.18739,6.09309,6.14021,0,0
LEN_PE,D,20140425,000000,6.14021,6.14021,6.09309,6.14021,0,0
LEN_PE,D,20140428,000000,6.14021,6.18739,6.14021,6.14021,0,0
LEN_PE,D,20140429,000000,6.14021,6.18739,6.14021,6.18739,0,0
LEN_PE,D,20140430,000000,6.18739,6.23519,6.14021,6.23519,0,0
LEN_PE,D,20140502,000000,6.28239,6.28239,6.18739,6.18739,0,0
LEN_PE,D,20140505,000000,6.18739,6.23519,6.14021,6.14021,0,0
LEN_PE,D,20140506,000000,6.14021,6.23519,6.14021,6.14021,0,0
LEN_PE,D,20140507,000000,6.24682,6.24682,5.89494,6.09612,0,0
LEN_PE,D,20140508,000000,6.04597,6.09612,5.84429,5.84429,0,0
LEN_PE,D,20140509,000000,5.89494,5.94517,5.64252,5.74341,0,0
LEN_PE,D,20140512,000000,5.59229,5.79415,5.44125,5.59229,0,0
LEN_PE,D,20140513,000000,5.49156,5.74341,5.49156,5.74341,0,0
LEN_PE,D,20140514,000000,5.74341,5.74341,5.64252,5.69291,0,0
LEN_PE,D,20140515,000000,5.69291,5.74341,5.69291,5.74341,0,0
LEN_PE,D,20140516,000000,5.74341,5.84429,5.54196,5.74341,0,0
LEN_PE,D,20140519,000000,5.84429,5.84429,5.84429,5.84429,0,0
LEN_PE,D,20140520,000000,5.74341,5.79415,5.69291,5.69291,0,0
LEN_PE,D,20140521,000000,5.79415,5.79415,5.59229,5.69291,0,0
LEN_PE,D,20140522,000000,5.74341,5.74341,5.69291,5.69291,0,0
LEN_PE,D,20140523,000000,5.69291,5.84429,5.69291,5.69291,0,0
LEN_PE,D,20140526,000000,5.69291,5.84429,5.69291,5.84429,0,0
LEN_PE,D,20140527,000000,5.84429,6.09612,5.74341,5.94517,0,0
LEN_PE,D,20140528,000000,5.94517,6.09612,5.94517,5.99532,0,0
LEN_PE,D,20140529,000000,5.99532,5.99532,5.74341,5.99532,0,0
LEN_PE,D,20140530,000000,5.99532,6.14611,5.99532,6.14611,0,0
LEN_PE,D,20140602,000000,6.14611,6.14611,5.99532,5.99532,0,0
LEN_PE,D,20140603,000000,5.79415,5.99532,5.74341,5.99532,0,0
LEN_PE,D,20140604,000000,5.94517,5.94517,5.74341,5.74341,0,0
LEN_PE,D,20140605,000000,5.74341,5.89494,5.74341,5.89494,0,0
LEN_PE,D,20140606,000000,5.79415,5.89494,5.74341,5.84429,0,0
LEN_PE,D,20140609,000000,5.84429,5.89494,5.79415,5.84429,0,0
LEN_PE,D,20140610,000000,5.94517,5.94517,5.94517,5.94517,0,0
LEN_PE,D,20140611,000000,5.94517,5.94517,5.74341,5.74341,0,0
LEN_PE,D,20140612,000000,5.74341,5.84429,5.74341,5.79415,0,0
LEN_PE,D,20140613,000000,5.79415,5.79415,5.74341,5.74341,0,0
LEN_PE,D,20140616,000000,5.84429,5.84429,5.69291,5.84429,0,0
LEN_PE,D,20140617,000000,5.84429,5.89494,5.84429,5.84429,0,0
LEN_PE,D,20140618,000000,5.84429,5.94517,5.84429,5.94517,0,0
LEN_PE,D,20140620,000000,5.94517,5.94517,5.94517,5.94517,0,0
LEN_PE,D,20140623,000000,5.99532,6.09612,5.94517,5.94517,0,0
LEN_PE,D,20140624,000000,5.99532,6.14611,5.94517,6.14611,0,0
LEN_PE,D,20140625,000000,6.04597,6.14611,5.99532,6.14611,0,0
LEN_PE,D,20140626,000000,6.14611,6.14611,5.99532,5.99532,0,0
LEN_PE,D,20140627,000000,5.84429,5.99532,5.74341,5.99532,0,0
LEN_PE,D,20140630,000000,5.99532,6.14611,5.74341,6.14611,0,0
LEN_PE,D,20140701,000000,6.09612,6.14611,6.04597,6.04597,0,0
LEN_PE,D,20140702,000000,5.89494,5.99532,5.84429,5.99532,0,0
LEN_PE,D,20140703,000000,6.04597,6.04597,5.79415,5.84429,0,0
LEN_PE,D,20140704,000000,5.84429,5.84429,5.84429,5.84429,0,0
LEN_PE,D,20140707,000000,5.79415,5.79415,5.74341,5.74341,0,0
LEN_PE,D,20140708,000000,5.74341,5.79415,5.74341,5.74341,0,0
LEN_PE,D,20140709,000000,5.74341,5.74341,5.69291,5.74341,0,0
LEN_PE,D,20140710,000000,5.59229,5.64252,5.59229,5.64252,0,0
LEN_PE,D,20140711,000000,5.59229,5.74341,5.59229,5.59229,0,0
LEN_PE,D,20140714,000000,5.59229,5.79415,5.59229,5.59229,0,0
LEN_PE,D,20140715,000000,5.59229,5.59229,5.23981,5.23981,0,0
LEN_PE,D,20140716,000000,5.23981,5.34054,4.88702,4.98781,0,0
LEN_PE,D,20140717,000000,4.98781,5.18951,4.98781,5.03821,0,0
LEN_PE,D,20140718,000000,5.03821,5.18951,5.03821,5.03821,0,0
LEN_PE,D,20140721,000000,5.03821,5.1386,5.03821,5.03821,0,0
LEN_PE,D,20140722,000000,5.03821,5.1386,5.03821,5.03821,0,0
LEN_PE,D,20140723,000000,5.1386,5.34054,5.1386,5.34054,0,0
LEN_PE,D,20140724,000000,5.34054,5.59229,5.34054,5.54196,0,0
LEN_PE,D,20140725,000000,5.54196,5.79415,5.44125,5.74341,0,0
LEN_PE,D,20140728,000000,5.74341,5.84429,5.74341,5.84429,0,0
LEN_PE,D,20140729,000000,5.84429,5.84429,5.69291,5.84429,0,0
LEN_PE,D,20140730,000000,5.84429,5.84429,5.69291,5.79415,0,0
LEN_PE,D,20140731,000000,5.79415,5.79415,5.59229,5.59229,0,0
LEN_PE,D,20140801,000000,5.59229,5.59229,5.44125,5.59229,0,0
LEN_PE,D,20140804,000000,5.59229,5.59229,5.59229,5.59229,0,0
LEN_PE,D,20140805,000000,5.59229,5.64252,5.59229,5.59229,0,0
LEN_PE,D,20140806,000000,5.59229,5.59229,5.34054,5.34054,0,0
LEN_PE,D,20140807,000000,5.34054,5.34054,5.34054,5.34054,0,0
LEN_PE,D,20140808,000000,5.2903,5.2903,5.23981,5.23981,0,0
LEN_PE,D,20140811,000000,5.39085,5.39085,5.2903,5.34054,0,0
LEN_PE,D,20140812,000000,5.34054,5.34054,5.34054,5.34054,0,0
LEN_PE,D,20140813,000000,5.39085,5.39085,5.23981,5.23981,0,0
LEN_PE,D,20140814,000000,5.23981,5.23981,5.18951,5.18951,0,0
LEN_PE,D,20140818,000000,5.18951,5.18951,5.18951,5.18951,0,0
LEN_PE,D,20140819,000000,5.18951,5.23981,5.1386,5.1386,0,0
LEN_PE,D,20140820,000000,5.1386,5.1386,5.08836,5.08836,0,0
LEN_PE,D,20140821,000000,5.08836,5.08836,5.08836,5.08836,0,0
LEN_PE,D,20140822,000000,5.08836,5.39085,5.08836,5.39085,0,0
LEN_PE,D,20140825,000000,5.39085,5.44125,5.2903,5.34054,0,0
LEN_PE,D,20140826,000000,5.34054,5.34054,5.08836,5.18951,0,0
LEN_PE,D,20140827,000000,5.18951,5.64252,5.18951,5.54196,0,0
LEN_PE,D,20140828,000000,5.54196,5.59229,5.2903,5.59229,0,0
LEN_PE,D,20140829,000000,5.2903,5.59229,5.18951,5.59229,0,0
LEN_PE,D,20140901,000000,5.44125,5.44125,5.39085,5.39085,0,0
LEN_PE,D,20140902,000000,5.44125,5.44125,5.39085,5.39085,0,0
LEN_PE,D,20140903,000000,5.39085,5.49156,5.39085,5.44125,0,0
LEN_PE,D,20140904,000000,5.44125,5.44125,5.34054,5.39085,0,0
LEN_PE,D,20140905,000000,5.49156,5.49156,5.39085,5.44125,0,0
LEN_PE,D,20140908,000000,5.44125,5.44125,5.34054,5.39085,0,0
LEN_PE,D,20140909,000000,5.39085,5.39085,5.23981,5.23981,0,0
LEN_PE,D,20140910,000000,5.23981,5.39085,5.23981,5.39085,0,0
LEN_PE,D,20140911,000000,5.39085,5.39085,5.2903,5.2903,0,0
LEN_PE,D,20140912,000000,5.39085,5.44125,5.1386,5.44125,0,0
LEN_PE,D,20140915,000000,5.49156,5.59229,5.49156,5.54196,0,0
LEN_PE,D,20140916,000000,5.59229,5.59229,5.44125,5.44125,0,0
LEN_PE,D,20140917,000000,5.44125,5.54196,5.44125,5.54196,0,0
LEN_PE,D,20140918,000000,5.54196,5.54196,5.44125,5.44125,0,0
LEN_PE,D,20140919,000000,5.44125,5.74341,5.44125,5.64252,0,0
LEN_PE,D,20140922,000000,5.69291,5.69291,5.69291,5.69291,0,0
LEN_PE,D,20140923,000000,5.69291,5.69291,5.64252,5.64252,0,0
LEN_PE,D,20140924,000000,5.64252,5.74341,5.54196,5.54196,0,0
LEN_PE,D,20140925,000000,5.69291,5.69291,5.59229,5.69291,0,0
LEN_PE,D,20140926,000000,5.69291,5.84429,5.69291,5.74341,0,0
LEN_PE,D,20140929,000000,5.74341,6.04597,5.74341,6.04597,0,0
LEN_PE,D,20140930,000000,6.04597,6.04597,5.99532,6.04597,0,0
LEN_PE,D,20141001,000000,6.04597,6.04597,5.94517,5.99532,0,0
LEN_PE,D,20141002,000000,5.99532,5.99532,5.89494,5.94517,0,0
LEN_PE,D,20141003,000000,5.94517,5.94517,5.84429,5.84429,0,0
LEN_PE,D,20141006,000000,5.84429,5.84429,5.74341,5.74341,0,0
LEN_PE,D,20141007,000000,5.74341,5.79415,5.69291,5.74341,0,0
LEN_PE,D,20141008,000000,5.84429,5.84429,5.74341,5.74341,0,0
LEN_PE,D,20141009,000000,5.84429,5.89494,5.84429,5.84429,0,0
LEN_PE,D,20141010,000000,5.84429,5.84429,5.69291,5.74341,0,0
LEN_PE,D,20141013,000000,5.79415,5.84429,5.74341,5.74341,0,0
LEN_PE,D,20141014,000000,5.74341,5.74341,5.69291,5.74341,0,0
LEN_PE,D,20141015,000000,5.74341,5.74341,5.69291,5.69291,0,0
LEN_PE,D,20141016,000000,5.74341,5.74341,5.59229,5.69291,0,0
LEN_PE,D,20141017,000000,5.74341,5.74341,5.64252,5.74341,0,0
LEN_PE,D,20141020,000000,5.74341,5.84429,5.74341,5.79415,0,0
LEN_PE,D,20141021,000000,5.84429,5.84429,5.74341,5.74341,0,0
LEN_PE,D,20141022,000000,5.79415,5.84429,5.79415,5.84429,0,0
LEN_PE,D,20141023,000000,5.84429,5.84429,5.84429,5.84429,0,0
LEN_PE,D,20141024,000000,5.84429,5.84429,5.69291,5.79415,0,0
LEN_PE,D,20141027,000000,5.79415,5.79415,5.64252,5.74341,0,0
LEN_PE,D,20141028,000000,5.74341,5.79415,5.74341,5.74341,0,0
LEN_PE,D,20141029,000000,5.74341,5.74341,5.74341,5.74341,0,0
LEN_PE,D,20141030,000000,5.79415,5.79415,5.69291,5.74341,0,0
LEN_PE,D,20141031,000000,5.74341,5.79415,5.64252,5.74341,0,0
LEN_PE,D,20141103,000000,5.74341,5.74341,5.74341,5.74341,0,0
LEN_PE,D,20141104,000000,5.74341,5.74341,5.64252,5.64252,0,0
LEN_PE,D,20141105,000000,5.69291,5.69291,5.59229,5.64252,0,0
LEN_PE,D,20141106,000000,5.64252,5.64252,5.59229,5.64252,0,0
LEN_PE,D,20141107,000000,5.64252,5.69291,5.64252,5.69291,0,0
LEN_PE,D,20141110,000000,5.74341,5.84429,5.74341,5.84429,0,0
LEN_PE,D,20141112,000000,5.84429,5.84429,5.69291,5.69291,0,0
LEN_PE,D,20141113,000000,5.69291,5.84429,5.69291,5.84429,0,0
LEN_PE,D,20141114,000000,5.84429,5.89494,5.79415,5.79415,0,0
LEN_PE,D,20141117,000000,5.84429,5.89494,5.79415,5.89494,0,0
LEN_PE,D,20141118,000000,5.94517,5.94517,5.84429,5.89494,0,0
LEN_PE,D,20141119,000000,5.84429,5.89494,5.23981,5.23981,0,0
LEN_PE,D,20141120,000000,5.23981,5.2903,5.1386,5.2903,0,0
LEN_PE,D,20141121,000000,5.34054,5.39085,5.2903,5.34054,0,0
LEN_PE,D,20141124,000000,5.34054,5.34054,5.23981,5.34054,0,0
LEN_PE,D,20141125,000000,5.34054,5.34054,5.1386,5.1386,0,0
LEN_PE,D,20141126,000000,5.18951,5.18951,5.1386,5.18951,0,0
LEN_PE,D,20141127,000000,5.2903,5.44125,5.23981,5.39085,0,0
LEN_PE,D,20141128,000000,5.44125,5.44125,5.34054,5.44125,0,0
LEN_PE,D,20141201,000000,5.44125,5.59229,5.44125,5.59229,0,0
LEN_PE,D,20141202,000000,5.59229,5.64252,5.59229,5.59229,0,0
LEN_PE,D,20141203,000000,5.59229,5.69291,5.59229,5.69291,0,0
LEN_PE,D,20141204,000000,5.64252,5.84429,5.64252,5.84429,0,0
LEN_PE,D,20141205,000000,5.79415,5.79415,5.74341,5.79415,0,0
LEN_PE,D,20141208,000000,5.64252,5.84429,5.64252,5.74341,0,0
LEN_PE,D,20141209,000000,5.79415,5.79415,5.69291,5.74341,0,0
LEN_PE,D,20141210,000000,5.74341,5.74341,5.54196,5.54196,0,0
LEN_PE,D,20141211,000000,5.54196,5.64252,5.39085,5.64252,0,0
LEN_PE,D,20141212,000000,5.64252,5.64252,5.54196,5.64252,0,0
LEN_PE,D,20141215,000000,5.49156,5.54196,5.44125,5.54196,0,0
LEN_PE,D,20141216,000000,5.44125,5.44125,5.2903,5.39085,0,0
LEN_PE,D,20141217,000000,5.39085,5.39085,5.34054,5.34054,0,0
LEN_PE,D,20141218,000000,5.39085,5.44125,5.39085,5.44125,0,0
LEN_PE,D,20141219,000000,5.44125,5.49156,5.34054,5.44125,0,0
LEN_PE,D,20141222,000000,5.44125,5.44125,5.34054,5.34054,0,0
LEN_PE,D,20141223,000000,5.34054,5.39085,5.34054,5.39085,0,0
LEN_PE,D,20141229,000000,5.44125,5.44125,5.34054,5.39085,0,0
LEN_PE,D,20141230,000000,5.39085,5.44125,5.34054,5.39085,0,0
LEN_PE,D,20150102,000000,5.39085,5.39085,5.34054,5.39085,0,0
LEN_PE,D,20150105,000000,5.54196,5.54196,5.39085,5.44125,0,0
LEN_PE,D,20150107,000000,5.39085,5.44125,5.39085,5.44125,0,0
LEN_PE,D,20150108,000000,5.49156,5.49156,5.44125,5.49156,0,0
LEN_PE,D,20150109,000000,5.54196,5.54196,5.44125,5.44125,0,0
LEN_PE,D,20150112,000000,5.44125,5.59229,5.44125,5.59229,0,0
LEN_PE,D,20150113,000000,5.59229,5.69291,5.59229,5.69291,0,0
LEN_PE,D,20150114,000000,5.69291,5.74341,5.54196,5.54196,0,0
LEN_PE,D,20150115,000000,5.54196,5.64252,5.44125,5.49156,0,0
LEN_PE,D,20150116,000000,5.49156,5.64252,5.44125,5.64252,0,0
LEN_PE,D,20150119,000000,5.64252,5.64252,5.49156,5.59229,0,0
LEN_PE,D,20150120,000000,5.59229,5.59229,5.44125,5.59229,0,0
LEN_PE,D,20150121,000000,5.59229,5.64252,5.44125,5.49156,0,0
LEN_PE,D,20150122,000000,5.49156,5.54196,5.44125,5.49156,0,0
LEN_PE,D,20150123,000000,5.49156,5.64252,5.44125,5.54196,0,0
LEN_PE,D,20150126,000000,5.59229,5.59229,5.44125,5.49156,0,0
LEN_PE,D,20150127,000000,5.49156,5.59229,5.44125,5.59229,0,0
LEN_PE,D,20150128,000000,5.64252,5.64252,5.59229,5.59229,0,0
LEN_PE,D,20150129,000000,5.59229,5.64252,5.59229,5.59229,0,0
LEN_PE,D,20150130,000000,5.59229,5.64252,5.59229,5.64252,0,0
LEN_PE,D,20150202,000000,5.64252,5.74341,5.64252,5.74341,0,0
LEN_PE,D,20150203,000000,5.74341,5.99532,5.74341,5.94517,0,0
LEN_PE,D,20150204,000000,5.94517,5.99532,5.94517,5.99532,0,0
LEN_PE,D,20150205,000000,5.99532,5.99532,5.94517,5.99532,0,0
LEN_PE,D,20150206,000000,5.99532,5.99532,5.89494,5.89494,0,0
LEN_PE,D,20150209,000000,5.84429,5.89494,5.84429,5.89494,0,0
LEN_PE,D,20150210,000000,5.89494,5.99532,5.89494,5.99532,0,0
LEN_PE,D,20150211,000000,5.94517,6.04597,5.94517,5.99532,0,0
LEN_PE,D,20150212,000000,5.99532,6.14611,5.99532,6.09612,0,0
LEN_PE,D,20150213,000000,6.14611,6.1971,6.14611,6.1971,0,0
LEN_PE,D,20150216,000000,6.24682,6.29722,6.1971,6.24682,0,0
LEN_PE,D,20150217,000000,6.24682,6.24682,6.09612,6.09612,0,0
LEN_PE,D,20150218,000000,6.09612,6.1971,6.09612,6.14611,0,0
LEN_PE,D,20150219,000000,6.09612,6.1971,6.09612,6.1971,0,0
LEN_PE,D,20150220,000000,6.1971,6.1971,6.14611,6.1971,0,0
LEN_PE,D,20150223,000000,6.1971,6.24682,6.14611,6.1971,0,0
LEN_PE,D,20150224,000000,6.1971,6.24682,6.1971,6.24682,0,0
LEN_PE,D,20150225,000000,6.24682,6.29722,6.1971,6.29722,0,0
LEN_PE,D,20150226,000000,6.29722,6.29722,6.24682,6.29722,0,0
LEN_PE,D,20150227,000000,6.3483,6.3483,6.29722,6.29722,0,0
LEN_PE,D,20150302,000000,6.29722,6.44893,6.24682,6.44893,0,0
LEN_PE,D,20150303,000000,6.44893,6.44893,6.1971,6.1971,0,0
LEN_PE,D,20150304,000000,6.24682,6.3483,6.04597,6.04597,0,0
LEN_PE,D,20150305,000000,6.09612,6.29722,6.09612,6.29722,0,0
LEN_PE,D,20150306,000000,6.3483,6.44893,6.3483,6.3483,0,0
LEN_PE,D,20150309,000000,6.3483,6.39862,6.29722,6.39862,0,0
LEN_PE,D,20150310,000000,6.39862,6.39862,6.3483,6.3483,0,0
LEN_PE,D,20150311,000000,6.3483,6.39862,6.29722,6.39862,0,0
LEN_PE,D,20150312,000000,6.39862,6.39862,6.29722,6.3483,0,0
LEN_PE,D,20150313,000000,6.24682,6.3483,6.1971,6.3483,0,0
LEN_PE,D,20150316,000000,6.3483,6.3483,6.1971,6.3483,0,0
LEN_PE,D,20150317,000000,6.3483,6.3483,6.24682,6.24682,0,0
LEN_PE,D,20150318,000000,6.24682,6.24682,6.24682,6.24682,0,0
LEN_PE,D,20150319,000000,6.24682,6.3483,6.24682,6.29722,0,0
LEN_PE,D,20150320,000000,6.24682,6.3483,6.24682,6.29722,0,0
LEN_PE,D,20150323,000000,6.29722,6.44893,6.29722,6.39862,0,0
LEN_PE,D,20150324,000000,6.39862,6.44893,6.3483,6.44893,0,0
LEN_PE,D,20150325,000000,6.44893,6.4995,6.24682,6.24682,0,0
LEN_PE,D,20150326,000000,6.24682,6.24682,6.14611,6.1971,0,0
LEN_PE,D,20150327,000000,6.1971,6.24682,6.1971,6.24682,0,0
LEN_PE,D,20150330,000000,6.24682,6.24682,6.1971,6.24682,0,0
LEN_PE,D,20150331,000000,6.24682,6.44893,6.24682,6.44893,0,0
LEN_PE,D,20150401,000000,6.44893,6.44893,6.39862,6.44893,0,0
LEN_PE,D,20150402,000000,6.3483,6.44893,6.3483,6.44893,0,0
LEN_PE,D,20150407,000000,6.44893,6.44893,6.39862,6.44893,0,0
LEN_PE,D,20150408,000000,6.44893,6.44893,6.29722,6.3483,0,0
LEN_PE,D,20150409,000000,6.44893,6.44893,6.29722,6.29722,0,0
LEN_PE,D,20150410,000000,6.29722,6.39862,6.29722,6.39862,0,0
LEN_PE,D,20150413,000000,6.39862,6.39862,6.3483,6.3483,0,0
LEN_PE,D,20150414,000000,6.39862,6.39862,6.29722,6.3483,0,0
LEN_PE,D,20150415,000000,6.3483,6.3483,6.29722,6.3483,0,0
LEN_PE,D,20150416,000000,6.39862,6.39862,6.29722,6.3483,0,0
LEN_PE,D,20150417,000000,6.24682,6.29722,6.24682,6.29722,0,0
LEN_PE,D,20150420,000000,6.29722,6.29722,6.14611,6.24682,0,0
LEN_PE,D,20150421,000000,6.3483,6.3483,6.1971,6.1971,0,0
LEN_PE,D,20150422,000000,6.1971,6.1971,6.04597,6.04597,0,0
LEN_PE,D,20150423,000000,6.04597,6.24682,6.04597,6.1971,0,0
LEN_PE,D,20150424,000000,6.1971,6.24682,6.1971,6.1971,0,0
LEN_PE,D,20150427,000000,6.1971,6.24682,6.1971,6.24682,0,0
LEN_PE,D,20150428,000000,6.24682,6.29722,6.24682,6.29722,0,0
LEN_PE,D,20150429,000000,6.29722,6.29722,6.24682,6.24682,0,0
LEN_PE,D,20150430,000000,6.24682,6.29722,6.24682,6.29722,0,0
LEN_PE,D,20150504,000000,6.29722,6.39862,6.29722,6.3483,0,0
LEN_PE,D,20150505,000000,6.53321,6.53321,6.37282,6.426,0,0
LEN_PE,D,20150506,000000,6.426,6.426,6.37282,6.426,0,0
LEN_PE,D,20150507,000000,6.426,6.426,6.37282,6.37282,0,0
LEN_PE,D,20150508,000000,6.426,6.426,6.21193,6.31921,0,0
LEN_PE,D,20150511,000000,6.31921,6.426,6.31921,6.31921,0,0
LEN_PE,D,20150512,000000,6.31921,6.37282,6.21193,6.31921,0,0
LEN_PE,D,20150513,000000,6.26494,6.31921,6.15833,6.21193,0,0
LEN_PE,D,20150514,000000,6.15833,6.26494,6.15833,6.26494,0,0
LEN_PE,D,20150515,000000,6.31921,6.426,6.26494,6.31921,0,0
LEN_PE,D,20150518,000000,6.37282,6.47935,6.10455,6.10455,0,0
LEN_PE,D,20150519,000000,6.15833,6.31921,6.15833,6.21193,0,0
LEN_PE,D,20150520,000000,6.26494,6.26494,6.15833,6.15833,0,0
LEN_PE,D,20150521,000000,6.15833,6.21193,6.15833,6.21193,0,0
LEN_PE,D,20150522,000000,6.21193,6.426,6.21193,6.31921,0,0
LEN_PE,D,20150525,000000,6.31921,6.31921,6.21193,6.21193,0,0
LEN_PE,D,20150526,000000,6.21193,6.21193,6.05146,6.10455,0,0
LEN_PE,D,20150527,000000,6.10455,6.10455,6.10455,6.10455,0,0
LEN_PE,D,20150528,000000,6.10455,6.10455,6.10455,6.10455,0,0
LEN_PE,D,20150529,000000,6.10455,6.10455,5.8908,5.94391,0,0
LEN_PE,D,20150601,000000,5.94391,6.05146,5.8908,5.94391,0,0
LEN_PE,D,20150602,000000,5.94391,6.10455,5.94391,6.10455,0,0
LEN_PE,D,20150603,000000,6.10455,6.10455,5.99759,6.05146,0,0
LEN_PE,D,20150605,000000,6.05146,6.05146,5.94391,6.05146,0,0
LEN_PE,D,20150608,000000,6.05146,6.05146,5.83704,5.83704,0,0
LEN_PE,D,20150609,000000,5.83704,5.83704,5.6228,5.83704,0,0
LEN_PE,D,20150610,000000,5.78326,5.8908,5.72983,5.8908,0,0
LEN_PE,D,20150611,000000,5.8908,5.99759,5.8908,5.99759,0,0
LEN_PE,D,20150612,000000,5.94391,6.05146,5.94391,5.94391,0,0
LEN_PE,D,20150615,000000,5.83704,5.83704,5.83704,5.83704,0,0
LEN_PE,D,20150616,000000,5.83704,5.83704,5.67624,5.78326,0,0
LEN_PE,D,20150617,000000,5.78326,5.78326,5.56927,5.6228,0,0
LEN_PE,D,20150618,000000,5.67624,5.72983,5.6228,5.67624,0,0
LEN_PE,D,20150619,000000,5.72983,5.72983,5.67624,5.67624,0,0
LEN_PE,D,20150622,000000,5.67624,5.67624,5.67624,5.67624,0,0
LEN_PE,D,20150623,000000,5.67624,5.67624,5.56927,5.67624,0,0
LEN_PE,D,20150624,000000,5.67624,5.67624,5.6228,5.67624,0,0
LEN_PE,D,20150625,000000,5.67624,5.67624,5.6228,5.67624,0,0
LEN_PE,D,20150626,000000,5.72983,5.78326,5.67624,5.78326,0,0
LEN_PE,D,20150629,000000,5.72983,5.72983,5.51558,5.56927,0,0
LEN_PE,D,20150630,000000,5.56927,5.56927,5.46208,5.56927,0,0
LEN_PE,D,20150701,000000,5.56927,5.78326,5.46208,5.78326,0,0
LEN_PE,D,20150702,000000,5.78326,5.99759,5.78326,5.94391,0,0
LEN_PE,D,20150703,000000,5.94391,5.99759,5.78326,5.94391,0,0
LEN_PE,D,20150706,000000,5.94391,5.94391,5.83704,5.94391,0,0
LEN_PE,D,20150707,000000,5.94391,5.94391,5.67624,5.72983,0,0
LEN_PE,D,20150708,000000,5.67624,5.67624,5.51558,5.6228,0,0
LEN_PE,D,20150709,000000,5.6228,5.6228,5.08735,5.35503,0,0
LEN_PE,D,20150710,000000,5.40855,5.40855,5.19432,5.40855,0,0
LEN_PE,D,20150713,000000,5.30151,5.6228,5.30151,5.6228,0,0
LEN_PE,D,20150714,000000,5.72983,5.72983,5.56927,5.67624,0,0
LEN_PE,D,20150715,000000,5.67624,5.67624,5.46208,5.46208,0,0
LEN_PE,D,20150716,000000,5.46208,5.78326,5.46208,5.78326,0,0
LEN_PE,D,20150717,000000,5.78326,5.78326,5.67624,5.78326,0,0
LEN_PE,D,20150720,000000,5.78326,5.78326,5.72983,5.72983,0,0
LEN_PE,D,20150721,000000,5.72983,5.72983,5.67624,5.67624,0,0
LEN_PE,D,20150722,000000,5.6228,5.67624,5.40855,5.6228,0,0
LEN_PE,D,20150723,000000,5.6228,5.6228,5.56927,5.56927,0,0
LEN_PE,D,20150724,000000,5.56927,5.67624,5.56927,5.67624,0,0
LEN_PE,D,20150727,000000,5.67624,5.67624,5.51558,5.67624,0,0
LEN_PE,D,20150728,000000,5.51558,5.67624,5.51558,5.67624,0,0
LEN_PE,D,20150729,000000,5.67624,5.67624,5.6228,5.6228,0,0
LEN_PE,D,20150730,000000,5.56927,5.67624,5.56927,5.67624,0,0
LEN_PE,D,20150731,000000,5.67624,5.72983,5.67624,5.72983,0,0
LEN_PE,D,20150803,000000,5.72983,5.8908,5.72983,5.8908,0,0
LEN_PE,D,20150804,000000,5.83704,6.05146,5.83704,6.05146,0,0
LEN_PE,D,20150805,000000,6.10455,6.15833,5.99759,6.05146,0,0
LEN_PE,D,20150806,000000,6.05146,6.10455,5.99759,5.99759,0,0
LEN_PE,D,20150807,000000,6.10455,6.10455,5.99759,5.99759,0,0
LEN_PE,D,20150810,000000,5.99759,6.05146,5.99759,6.05146,0,0
LEN_PE,D,20150811,000000,6.05146,6.05146,5.99759,5.99759,0,0
LEN_PE,D,20150812,000000,6.05146,6.05146,5.83704,5.99759,0,0
LEN_PE,D,20150813,000000,6.05146,6.10455,6.05146,6.10455,0,0
LEN_PE,D,20150814,000000,5.8908,6.10455,5.8908,6.05146,0,0
LEN_PE,D,20150817,000000,5.94391,5.94391,5.94391,5.94391,0,0
LEN_PE,D,20150818,000000,5.94391,5.99759,5.94391,5.99759,0,0
LEN_PE,D,20150819,000000,5.94391,5.99759,5.94391,5.99759,0,0
LEN_PE,D,20150820,000000,6.05146,6.10455,5.99759,6.10455,0,0
LEN_PE,D,20150821,000000,6.05146,6.10455,5.94391,6.05146,0,0
LEN_PE,D,20150824,000000,6.05146,6.05146,5.51558,5.83704,0,0
LEN_PE,D,20150825,000000,5.78326,5.8908,5.72983,5.8908,0,0
LEN_PE,D,20150826,000000,5.99759,6.10455,5.94391,6.10455,0,0
LEN_PE,D,20150827,000000,6.10455,6.10455,5.8908,5.8908,0,0
LEN_PE,D,20150828,000000,5.94391,5.94391,5.83704,5.8908,0,0
LEN_PE,D,20150831,000000,5.94391,6.05146,5.94391,5.99759,0,0
LEN_PE,D,20150901,000000,5.99759,5.99759,5.78326,5.83704,0,0
LEN_PE,D,20150902,000000,5.94391,5.94391,5.83704,5.83704,0,0
LEN_PE,D,20150903,000000,5.8908,5.8908,5.78326,5.8908,0,0
LEN_PE,D,20150904,000000,5.8908,5.8908,5.78326,5.78326,0,0
LEN_PE,D,20150907,000000,5.78326,5.78326,5.72983,5.72983,0,0
LEN_PE,D,20150908,000000,5.72983,5.72983,5.46208,5.46208,0,0
LEN_PE,D,20150909,000000,5.56927,5.56927,5.46208,5.56927,0,0
LEN_PE,D,20150910,000000,5.56927,5.6228,5.56927,5.6228,0,0
LEN_PE,D,20150911,000000,5.6228,5.6228,5.56927,5.56927,0,0
LEN_PE,D,20150914,000000,5.51558,5.51558,5.51558,5.51558,0,0
LEN_PE,D,20150915,000000,5.56927,5.56927,5.40855,5.40855,0,0
LEN_PE,D,20150916,000000,5.40855,5.51558,5.40855,5.51558,0,0
LEN_PE,D,20150917,000000,5.51558,5.56927,5.40855,5.56927,0,0
LEN_PE,D,20150918,000000,5.56927,5.56927,5.51558,5.51558,0,0
LEN_PE,D,20150921,000000,5.51558,5.56927,5.51558,5.56927,0,0
LEN_PE,D,20150922,000000,5.56927,5.56927,5.40855,5.51558,0,0
LEN_PE,D,20150923,000000,5.51558,5.51558,5.51558,5.51558,0,0
LEN_PE,D,20150924,000000,5.51558,5.51558,5.51558,5.51558,0,0
LEN_PE,D,20150925,000000,5.51558,5.51558,5.51558,5.51558,0,0
LEN_PE,D,20150928,000000,5.51558,5.51558,5.46208,5.46208,0,0
LEN_PE,D,20150929,000000,5.46208,5.46208,5.35503,5.46208,0,0
LEN_PE,D,20150930,000000,5.46208,5.51558,5.46208,5.51558,0,0
LEN_PE,D,20151001,000000,5.51558,5.51558,5.40855,5.46208,0,0
LEN_PE,D,20151002,000000,5.46208,5.46208,5.40855,5.40855,0,0
LEN_PE,D,20151005,000000,5.40855,5.46208,5.35503,5.46208,0,0
LEN_PE,D,20151006,000000,5.40855,5.46208,5.40855,5.46208,0,0
LEN_PE,D,20151007,000000,5.46208,5.51558,5.46208,5.51558,0,0
LEN_PE,D,20151008,000000,5.51558,5.51558,5.35503,5.46208,0,0
LEN_PE,D,20151009,000000,5.46208,5.46208,5.40855,5.46208,0,0
LEN_PE,D,20151012,000000,5.46208,5.46208,5.40855,5.40855,0,0
LEN_PE,D,20151013,000000,5.46208,5.46208,5.46208,5.46208,0,0
LEN_PE,D,20151014,000000,5.46208,5.46208,5.46208,5.46208,0,0
LEN_PE,D,20151015,000000,5.51558,5.51558,5.51558,5.51558,0,0
LEN_PE,D,20151016,000000,5.51558,5.51558,5.46208,5.46208,0,0
LEN_PE,D,20151019,000000,5.46208,5.51558,5.40855,5.51558,0,0
LEN_PE,D,20151020,000000,5.51558,5.51558,5.46208,5.46208,0,0
LEN_PE,D,20151021,000000,5.51558,5.51558,5.46208,5.51558,0,0
LEN_PE,D,20151022,000000,5.51558,5.51558,5.46208,5.51558,0,0
LEN_PE,D,20151023,000000,5.51558,5.51558,5.46208,5.51558,0,0
LEN_PE,D,20151026,000000,5.51558,5.51558,5.51558,5.51558,0,0
LEN_PE,D,20151027,000000,5.46208,5.56927,5.46208,5.56927,0,0
LEN_PE,D,20151028,000000,5.56927,5.56927,5.51558,5.51558,0,0
LEN_PE,D,20151029,000000,5.51558,5.51558,5.51558,5.51558,0,0
LEN_PE,D,20151030,000000,5.46208,5.46208,5.46208,5.46208,0,0
LEN_PE,D,20151102,000000,5.46208,5.51558,5.46208,5.51558,0,0
LEN_PE,D,20151103,000000,5.51558,5.51558,5.51558,5.51558,0,0
LEN_PE,D,20151104,000000,5.56927,5.56927,5.46208,5.51558,0,0
LEN_PE,D,20151105,000000,5.51558,5.51558,5.46208,5.51558,0,0
LEN_PE,D,20151106,000000,5.51558,5.51558,5.46208,5.51558,0,0
LEN_PE,D,20151109,000000,5.56927,5.56927,5.51558,5.51558,0,0
LEN_PE,D,20151110,000000,5.56927,5.56927,5.51558,5.56927,0,0
LEN_PE,D,20151112,000000,5.6228,5.78326,5.56927,5.72983,0,0
LEN_PE,D,20151113,000000,5.56927,5.56927,5.30151,5.46208,0,0
LEN_PE,D,20151116,000000,5.35503,5.40855,5.30151,5.40855,0,0
LEN_PE,D,20151117,000000,5.40855,5.40855,5.30151,5.35503,0,0
LEN_PE,D,20151118,000000,5.35503,5.35503,5.30151,5.35503,0,0
LEN_PE,D,20151119,000000,5.35503,5.35503,5.19432,5.24791,0,0
LEN_PE,D,20151120,000000,5.19432,5.24791,4.98022,5.08735,0,0
LEN_PE,D,20151123,000000,5.19432,5.67624,4.98022,5.67624,0,0
LEN_PE,D,20151124,000000,5.83704,5.83704,5.6228,5.78326,0,0
LEN_PE,D,20151125,000000,5.72983,5.83704,5.72983,5.83704,0,0
LEN_PE,D,20151126,000000,5.83704,5.83704,5.72983,5.78326,0,0
LEN_PE,D,20151127,000000,5.83704,5.83704,5.72983,5.72983,0,0
LEN_PE,D,20151130,000000,5.78326,5.78326,5.72983,5.78326,0,0
LEN_PE,D,20151201,000000,5.78326,5.8908,5.78326,5.83704,0,0
LEN_PE,D,20151202,000000,5.78326,5.83704,5.67624,5.83704,0,0
LEN_PE,D,20151203,000000,5.72983,5.8908,5.72983,5.78326,0,0
LEN_PE,D,20151204,000000,5.72983,5.78326,5.67624,5.78326,0,0
LEN_PE,D,20151207,000000,5.78326,5.83704,5.78326,5.83704,0,0
LEN_PE,D,20151208,000000,5.83704,5.83704,5.67624,5.67624,0,0
LEN_PE,D,20151209,000000,5.83704,5.83704,5.72983,5.78326,0,0
LEN_PE,D,20151210,000000,5.67624,5.72983,5.6228,5.72983,0,0
LEN_PE,D,20151211,000000,5.72983,5.72983,5.6228,5.72983,0,0
LEN_PE,D,20151214,000000,5.72983,5.72983,5.56927,5.56927,0,0
LEN_PE,D,20151215,000000,5.67624,5.67624,5.56927,5.6228,0,0
LEN_PE,D,20151216,000000,5.6228,5.6228,5.51558,5.56927,0,0
LEN_PE,D,20151217,000000,5.56927,5.6228,5.56927,5.6228,0,0
LEN_PE,D,20151218,000000,5.67624,5.67624,5.6228,5.6228,0,0
LEN_PE,D,20151221,000000,5.67624,5.67624,5.6228,5.67624,0,0
LEN_PE,D,20151222,000000,5.67624,5.67624,5.6228,5.6228,0,0
LEN_PE,D,20151223,000000,5.6228,5.67624,5.56927,5.67624,0,0
LEN_PE,D,20151228,000000,5.6228,5.72983,5.6228,5.72983,0,0
LEN_PE,D,20151229,000000,5.72983,5.72983,5.67624,5.72983,0,0
LEN_PE,D,20151230,000000,5.72983,5.72983,5.67624,5.67624,0,0
LEN_PE,D,20160104,000000,5.67624,5.67624,5.56927,5.56927,0,0
LEN_PE,D,20160105,000000,5.78326,5.78326,5.56927,5.56927,0,0
LEN_PE,D,20160107,000000,5.56927,5.56927,5.56927,5.56927,0,0
LEN_PE,D,20160108,000000,5.56927,5.56927,5.51558,5.56927,0,0
LEN_PE,D,20160111,000000,5.56927,5.56927,5.51558,5.56927,0,0
LEN_PE,D,20160112,000000,5.56927,5.56927,5.56927,5.56927,0,0
LEN_PE,D,20160113,000000,5.56927,5.56927,5.51558,5.56927,0,0
LEN_PE,D,20160114,000000,5.56927,5.56927,5.46208,5.56927,0,0
LEN_PE,D,20160115,000000,5.46208,5.46208,5.40855,5.40855,0,0
LEN_PE,D,20160118,000000,5.35503,5.40855,5.24791,5.40855,0,0
LEN_PE,D,20160119,000000,5.35503,5.46208,5.35503,5.46208,0,0
LEN_PE,D,20160120,000000,5.40855,5.40855,5.30151,5.40855,0,0
LEN_PE,D,20160121,000000,5.40855,5.51558,5.40855,5.51558,0,0
LEN_PE,D,20160122,000000,5.40855,5.46208,5.40855,5.46208,0,0
LEN_PE,D,20160125,000000,5.51558,5.51558,5.51558,5.51558,0,0
LEN_PE,D,20160126,000000,5.51558,5.51558,5.46208,5.46208,0,0
LEN_PE,D,20160127,000000,5.46208,5.46208,5.30151,5.30151,0,0
LEN_PE,D,20160128,000000,5.35503,5.35503,5.35503,5.35503,0,0
LEN_PE,D,20160129,000000,5.46208,5.46208,5.40855,5.46208,0,0
LEN_PE,D,20160201,000000,5.51558,5.51558,5.46208,5.46208,0,0
LEN_PE,D,20160202,000000,5.51558,5.51558,5.46208,5.46208,0,0
LEN_PE,D,20160203,000000,5.56927,5.67624,5.40855,5.46208,0,0
LEN_PE,D,20160204,000000,5.56927,5.56927,5.46208,5.46208,0,0
LEN_PE,D,20160205,000000,5.56927,5.56927,5.46208,5.51558,0,0
LEN_PE,D,20160208,000000,5.56927,5.56927,5.46208,5.51558,0,0
LEN_PE,D,20160209,000000,5.51558,5.51558,5.40855,5.46208,0,0
LEN_PE,D,20160210,000000,5.51558,5.51558,5.51558,5.51558,0,0
LEN_PE,D,20160211,000000,5.56927,5.56927,5.46208,5.51558,0,0
LEN_PE,D,20160212,000000,5.56927,5.56927,5.35503,5.40855,0,0
LEN_PE,D,20160215,000000,5.40855,5.40855,5.30151,5.35503,0,0
LEN_PE,D,20160216,000000,5.46208,5.46208,5.30151,5.35503,0,0
LEN_PE,D,20160217,000000,5.40855,5.40855,5.35503,5.40855,0,0
LEN_PE,D,20160218,000000,5.40855,5.46208,5.40855,5.46208,0,0
LEN_PE,D,20160219,000000,5.46208,5.51558,5.40855,5.51558,0,0
LEN_PE,D,20160222,000000,5.56927,5.56927,5.40855,5.56927,0,0
LEN_PE,D,20160223,000000,5.56927,5.56927,5.51558,5.51558,0,0
LEN_PE,D,20160224,000000,5.56927,5.6228,5.51558,5.51558,0,0
LEN_PE,D,20160225,000000,5.51558,5.6228,5.46208,5.56927,0,0
LEN_PE,D,20160226,000000,5.6228,5.6228,5.51558,5.56927,0,0
LEN_PE,D,20160229,000000,5.6228,5.6228,5.46208,5.51558,0,0
LEN_PE,D,20160301,000000,5.6228,5.6228,5.51558,5.51558,0,0
LEN_PE,D,20160302,000000,5.51558,5.56927,5.51558,5.56927,0,0
LEN_PE,D,20160303,000000,5.99759,6.26494,5.94391,6.21193,0,0
LEN_PE,D,20160304,000000,6.15833,6.26494,6.15833,6.21193,0,0
LEN_PE,D,20160307,000000,6.26494,6.31921,6.26494,6.31921,0,0
LEN_PE,D,20160308,000000,6.21193,6.37282,6.21193,6.31921,0,0
LEN_PE,D,20160309,000000,6.31921,6.31921,6.26494,6.31921,0,0
LEN_PE,D,20160310,000000,6.31921,6.31921,6.21193,6.26494,0,0
LEN_PE,D,20160311,000000,6.31921,6.37282,6.26494,6.26494,0,0
LEN_PE,D,20160314,000000,6.31921,6.426,6.31921,6.426,0,0
LEN_PE,D,20160315,000000,6.47935,6.47935,6.426,6.426,0,0
LEN_PE,D,20160316,000000,6.47935,6.47935,6.37282,6.37282,0,0
LEN_PE,D,20160317,000000,6.37282,6.37282,6.31921,6.31921,0,0
LEN_PE,D,20160318,000000,6.37282,6.37282,6.10455,6.21193,0,0
LEN_PE,D,20160321,000000,6.21193,6.37282,6.21193,6.31921,0,0
LEN_PE,D,20160322,000000,6.426,6.426,6.21193,6.26494,0,0
LEN_PE,D,20160323,000000,6.31921,6.31921,6.15833,6.21193,0,0
LEN_PE,D,20160324,000000,6.426,6.426,6.15833,6.26494,0,0
LEN_PE,D,20160329,000000,6.26494,6.7467,6.26494,6.7467,0,0
LEN_PE,D,20160330,000000,6.7467,6.80123,6.7467,6.80123,0,0
LEN_PE,D,20160331,000000,6.80123,6.90775,6.80123,6.90775,0,0
LEN_PE,D,20160401,000000,6.96153,6.96153,6.80123,6.80123,0,0
LEN_PE,D,20160404,000000,6.80123,6.90775,6.80123,6.8545,0,0
LEN_PE,D,20160405,000000,6.8545,6.90775,6.80123,6.90775,0,0
LEN_PE,D,20160406,000000,6.90775,6.90775,6.7467,6.90775,0,0
LEN_PE,D,20160407,000000,6.90775,6.90775,6.8545,6.8545,0,0
LEN_PE,D,20160408,000000,6.8545,6.90775,6.8545,6.90775,0,0
LEN_PE,D,20160411,000000,6.90775,6.90775,6.90775,6.90775,0,0
LEN_PE,D,20160412,000000,6.90775,6.90775,6.8545,6.90775,0,0
LEN_PE,D,20160413,000000,6.96153,6.96153,6.90775,6.90775,0,0
LEN_PE,D,20160414,000000,6.90775,6.90775,6.8545,6.8545,0,0
LEN_PE,D,20160415,000000,6.8545,7.28391,6.8545,7.22862,0,0
LEN_PE,D,20160418,000000,7.28391,7.39002,7.17485,7.17485,0,0
LEN_PE,D,20160419,000000,7.24784,7.24784,7.06647,7.18808,0,0
LEN_PE,D,20160420,000000,7.24784,7.24784,6.8861,7.18808,0,0
LEN_PE,D,20160421,000000,7.06647,7.18808,6.76491,7.00611,0,0
LEN_PE,D,20160422,000000,7.00611,7.00611,6.82484,6.82484,0,0
LEN_PE,D,20160425,000000,6.8861,6.8861,6.76491,6.82484,0,0
LEN_PE,D,20160426,000000,6.9461,6.9461,6.9461,6.9461,0,0
LEN_PE,D,20160427,000000,6.9461,6.9461,6.8861,6.8861,0,0
LEN_PE,D,20160428,000000,6.9461,6.9461,6.8861,6.9461,0,0
LEN_PE,D,20160429,000000,6.82484,6.9461,6.82484,6.82484,0,0
LEN_PE,D,20160502,000000,6.82484,6.9461,6.82484,6.8861,0,0
LEN_PE,D,20160504,000000,6.8861,6.8861,6.76491,6.8861,0,0
LEN_PE,D,20160505,000000,6.8861,6.8861,6.76491,6.76491,0,0
LEN_PE,D,20160506,000000,6.82484,6.82484,6.76491,6.82484,0,0
LEN_PE,D,20160509,000000,6.82484,6.82484,6.76491,6.76491,0,0
LEN_PE,D,20160510,000000,6.76491,6.76491,6.76491,6.76491,0,0
LEN_PE,D,20160511,000000,6.76491,6.82484,6.76491,6.82484,0,0
LEN_PE,D,20160512,000000,6.82484,6.9461,6.82484,6.9461,0,0
LEN_PE,D,20160513,000000,6.82484,7.30827,6.82484,7.30827,0,0
LEN_PE,D,20160516,000000,7.30827,7.30827,7.18808,7.30827,0,0
LEN_PE,D,20160517,000000,7.30827,7.30827,7.24784,7.24784,0,0
LEN_PE,D,20160518,000000,7.18808,7.30827,7.18808,7.30827,0,0
LEN_PE,D,20160519,000000,7.30827,7.54999,7.30827,7.54999,0,0
LEN_PE,D,20160520,000000,7.54999,7.54999,7.30827,7.36862,0,0
LEN_PE,D,20160523,000000,7.36862,7.36862,7.12689,7.12689,0,0
LEN_PE,D,20160524,000000,7.12689,7.12689,7.00611,7.00611,0,0
LEN_PE,D,20160525,000000,7.00611,7.00611,7.00611,7.00611,0,0
LEN_PE,D,20160527,000000,7.00611,7.06647,6.9461,7.00611,0,0
LEN_PE,D,20160530,000000,7.06647,7.06647,6.9461,6.9461,0,0
LEN_PE,D,20160531,000000,6.9461,7.00611,6.82484,6.8861,0,0
LEN_PE,D,20160601,000000,6.82484,6.9461,6.76491,6.76491,0,0
LEN_PE,D,20160602,000000,6.9461,6.9461,6.9461,6.9461,0,0
LEN_PE,D,20160603,000000,6.8861,6.9461,6.8861,6.9461,0,0
LEN_PE,D,20160606,000000,7.18808,7.18808,6.9461,6.9461,0,0
LEN_PE,D,20160607,000000,6.9461,7.00611,6.8861,6.9461,0,0
LEN_PE,D,20160608,000000,7.00611,7.00611,6.9461,6.9461,0,0
LEN_PE,D,20160609,000000,6.8861,7.00611,6.8861,6.8861,0,0
LEN_PE,D,20160610,000000,6.9461,7.00611,6.8861,6.8861,0,0
LEN_PE,D,20160613,000000,7.18808,7.18808,6.76491,6.82484,0,0
LEN_PE,D,20160614,000000,7.00611,7.00611,6.70422,6.76491,0,0
LEN_PE,D,20160615,000000,6.76491,6.76491,6.76491,6.76491,0,0
LEN_PE,D,20160616,000000,6.9461,6.9461,6.70422,6.82484,0,0
LEN_PE,D,20160617,000000,6.82484,6.82484,6.76491,6.76491,0,0
LEN_PE,D,20160620,000000,6.82484,6.8861,6.82484,6.8861,0,0
LEN_PE,D,20160621,000000,6.9461,6.9461,6.8861,6.8861,0,0
LEN_PE,D,20160622,000000,6.9461,6.9461,6.8861,6.8861,0,0
LEN_PE,D,20160623,000000,6.8861,6.8861,6.76491,6.76491,0,0
LEN_PE,D,20160624,000000,6.5231,6.70422,6.16086,6.64429,0,0
LEN_PE,D,20160627,000000,6.64429,6.64429,6.64429,6.64429,0,0
LEN_PE,D,20160628,000000,6.64429,6.9461,6.64429,6.9461,0,0
LEN_PE,D,20160629,000000,6.9461,6.9461,6.8861,6.8861,0,0
LEN_PE,D,20160630,000000,6.9461,6.9461,6.82484,6.82484,0,0
LEN_PE,D,20160701,000000,6.9461,6.9461,6.76491,6.9461,0,0
LEN_PE,D,20160704,000000,6.8861,6.8861,6.5837,6.5837,0,0
LEN_PE,D,20160705,000000,6.2818,6.5837,5.67759,6.03991,0,0
LEN_PE,D,20160706,000000,6.03991,6.34181,6.03991,6.2818,0,0
LEN_PE,D,20160707,000000,6.46242,6.46242,6.2818,6.34181,0,0
LEN_PE,D,20160708,000000,6.34181,6.34181,6.16086,6.16086,0,0
LEN_PE,D,20160711,000000,6.40249,6.40249,6.22103,6.34181,0,0
LEN_PE,D,20160712,000000,6.34181,6.34181,6.10034,6.34181,0,0
LEN_PE,D,20160713,000000,6.40249,6.40249,6.22103,6.40249,0,0
LEN_PE,D,20160714,000000,6.2818,6.34181,6.2818,6.34181,0,0
LEN_PE,D,20160715,000000,6.22103,6.2818,6.22103,6.2818,0,0
LEN_PE,D,20160718,000000,6.2818,6.34181,6.22103,6.34181,0,0
LEN_PE,D,20160719,000000,6.2818,6.34181,6.10034,6.16086,0,0
LEN_PE,D,20160720,000000,6.16086,6.34181,6.16086,6.34181,0,0
LEN_PE,D,20160721,000000,6.2818,6.2818,6.22103,6.22103,0,0
LEN_PE,D,20160722,000000,6.22103,6.22103,6.10034,6.16086,0,0
LEN_PE,D,20160725,000000,6.2818,6.2818,6.16086,6.16086,0,0
LEN_PE,D,20160726,000000,6.16086,6.22103,6.10034,6.22103,0,0
LEN_PE,D,20160727,000000,6.22103,6.22103,6.16086,6.22103,0,0
LEN_PE,D,20160728,000000,6.22103,6.2818,6.16086,6.16086,0,0
LEN_PE,D,20160729,000000,6.2818,6.2818,6.10034,6.16086,0,0
LEN_PE,D,20160801,000000,6.22103,6.22103,6.16086,6.22103,0,0
LEN_PE,D,20160802,000000,6.22103,6.22103,6.22103,6.22103,0,0
LEN_PE,D,20160803,000000,6.22103,6.2818,6.22103,6.22103,0,0
LEN_PE,D,20160804,000000,6.2818,6.2818,6.2818,6.2818,0,0
LEN_PE,D,20160805,000000,6.2818,6.64429,6.2818,6.5231,0,0
LEN_PE,D,20160808,000000,6.5837,6.70422,6.5837,6.70422,0,0
LEN_PE,D,20160809,000000,6.70422,6.70422,6.2818,6.2818,0,0
LEN_PE,D,20160810,000000,6.46242,6.46242,6.2818,6.34181,0,0
LEN_PE,D,20160811,000000,6.34181,6.40249,6.2818,6.40249,0,0
LEN_PE,D,20160812,000000,6.46242,6.46242,6.34181,6.40249,0,0
LEN_PE,D,20160816,000000,6.46242,6.46242,6.34181,6.40249,0,0
LEN_PE,D,20160817,000000,6.46242,6.46242,6.40249,6.40249,0,0
LEN_PE,D,20160818,000000,6.46242,6.46242,6.34181,6.34181,0,0
LEN_PE,D,20160819,000000,6.34181,6.34181,6.16086,6.16086,0,0
LEN_PE,D,20160822,000000,6.46242,6.46242,6.16086,6.34181,0,0
LEN_PE,D,20160823,000000,6.22103,6.34181,6.22103,6.22103,0,0
LEN_PE,D,20160824,000000,6.46242,6.46242,6.22103,6.22103,0,0
LEN_PE,D,20160825,000000,6.34181,6.34181,6.34181,6.34181,0,0
LEN_PE,D,20160826,000000,6.5231,6.5231,6.22103,6.22103,0,0
LEN_PE,D,20160829,000000,6.46242,6.46242,6.16086,6.2818,0,0
LEN_PE,D,20160830,000000,6.2818,6.2818,6.16086,6.16086,0,0
LEN_PE,D,20160831,000000,6.2818,6.5231,6.2818,6.40249,0,0
LEN_PE,D,20160901,000000,6.34181,6.40249,6.03991,6.16086,0,0
LEN_PE,D,20160902,000000,6.34181,6.34181,6.22103,6.22103,0,0
LEN_PE,D,20160905,000000,6.40249,6.40249,6.2818,6.34181,0,0
LEN_PE,D,20160906,000000,6.40249,6.40249,6.2818,6.40249,0,0
LEN_PE,D,20160907,000000,6.40249,6.40249,6.16086,6.16086,0,0
LEN_PE,D,20160908,000000,6.10034,6.10034,6.10034,6.10034,0,0
LEN_PE,D,20160909,000000,6.16086,6.16086,6.10034,6.10034,0,0
LEN_PE,D,20160912,000000,6.03991,6.03991,5.97956,6.03991,0,0
LEN_PE,D,20160913,000000,6.03991,6.03991,6.03991,6.03991,0,0
LEN_PE,D,20160914,000000,5.97956,6.16086,5.97956,6.16086,0,0
LEN_PE,D,20160915,000000,6.16086,6.16086,5.97956,5.97956,0,0
LEN_PE,D,20160916,000000,5.97956,6.16086,5.97956,6.16086,0,0
LEN_PE,D,20160919,000000,6.10034,6.22103,6.10034,6.16086,0,0
LEN_PE,D,20160920,000000,6.16086,6.16086,6.03991,6.03991,0,0
LEN_PE,D,20160921,000000,6.22103,6.22103,5.97956,5.97956,0,0
LEN_PE,D,20160922,000000,6.16086,6.16086,6.10034,6.10034,0,0
LEN_PE,D,20160923,000000,6.03991,6.03991,5.97956,6.03991,0,0
LEN_PE,D,20160926,000000,6.10034,6.10034,6.03991,6.03991,0,0
LEN_PE,D,20160927,000000,6.03991,6.10034,6.03991,6.10034,0,0
LEN_PE,D,20160928,000000,6.03991,6.03991,6.03991,6.03991,0,0
LEN_PE,D,20160929,000000,6.10034,6.10034,6.03991,6.03991,0,0
LEN_PE,D,20160930,000000,6.10034,6.10034,5.97956,6.03991,0,0
LEN_PE,D,20161003,000000,6.16086,6.16086,6.03991,6.03991,0,0
LEN_PE,D,20161004,000000,6.10034,6.10034,5.97956,6.03991,0,0
LEN_PE,D,20161005,000000,6.03991,6.03991,5.97956,6.03991,0,0
LEN_PE,D,20161006,000000,6.10034,6.10034,5.97956,5.97956,0,0
LEN_PE,D,20161007,000000,6.10034,6.10034,5.97956,6.03991,0,0
LEN_PE,D,20161010,000000,6.10034,6.10034,6.03991,6.03991,0,0
LEN_PE,D,20161011,000000,6.10034,6.10034,6.03991,6.03991,0,0
LEN_PE,D,20161012,000000,6.10034,6.10034,5.97956,5.97956,0,0
LEN_PE,D,20161013,000000,6.03991,6.10034,5.97956,6.10034,0,0
LEN_PE,D,20161014,000000,5.97956,6.10034,5.97956,5.97956,0,0
LEN_PE,D,20161017,000000,6.10034,6.10034,5.97956,5.97956,0,0
LEN_PE,D,20161018,000000,6.10034,6.10034,5.97956,5.97956,0,0
LEN_PE,D,20161019,000000,6.03991,6.03991,5.91922,5.97956,0,0
LEN_PE,D,20161020,000000,6.10034,6.10034,5.97956,5.97956,0,0
LEN_PE,D,20161021,000000,6.03991,6.03991,6.03991,6.03991,0,0
LEN_PE,D,20161024,000000,6.03991,6.03991,5.97956,5.97956,0,0
LEN_PE,D,20161025,000000,6.03991,6.16086,5.91922,6.16086,0,0
LEN_PE,D,20161026,000000,6.16086,6.16086,6.10034,6.16086,0,0
LEN_PE,D,20161027,000000,6.16086,6.16086,6.10034,6.16086,0,0
LEN_PE,D,20161028,000000,6.16086,6.34181,6.10034,6.22103,0,0
LEN_PE,D,20161031,000000,6.34181,6.5231,6.34181,6.40249,0,0
LEN_PE,D,20161102,000000,6.40249,6.40249,6.2818,6.2818,0,0
LEN_PE,D,20161103,000000,6.22103,6.22103,6.22103,6.22103,0,0
LEN_PE,D,20161104,000000,6.34181,6.34181,6.10034,6.16086,0,0
LEN_PE,D,20161107,000000,6.16086,6.16086,6.10034,6.16086,0,0
LEN_PE,D,20161108,000000,6.16086,6.34181,6.10034,6.16086,0,0
LEN_PE,D,20161109,000000,6.2818,6.2818,6.10034,6.16086,0,0
LEN_PE,D,20161110,000000,6.22103,6.46242,6.22103,6.46242,0,0
LEN_PE,D,20161114,000000,6.46242,6.46242,6.03991,6.16086,0,0
LEN_PE,D,20161115,000000,6.34181,6.34181,6.10034,6.2818,0,0
LEN_PE,D,20161116,000000,6.2818,6.34181,6.22103,6.22103,0,0
LEN_PE,D,20161117,000000,6.22103,6.2818,6.22103,6.22103,0,0
LEN_PE,D,20161118,000000,6.22103,6.2818,6.16086,6.2818,0,0
LEN_PE,D,20161121,000000,6.2818,6.5231,6.16086,6.5231,0,0
LEN_PE,D,20161122,000000,6.5231,6.5837,6.5231,6.5837,0,0
LEN_PE,D,20161123,000000,6.5231,6.5837,6.46242,6.5837,0,0
LEN_PE,D,20161124,000000,6.5837,6.70422,6.5837,6.70422,0,0
LEN_PE,D,20161125,000000,6.64429,6.70422,6.64429,6.64429,0,0
LEN_PE,D,20161128,000000,6.64429,6.64429,6.46242,6.64429,0,0
LEN_PE,D,20161129,000000,6.64429,6.64429,6.5837,6.64429,0,0
LEN_PE,D,20161130,000000,6.64429,6.64429,6.5231,6.64429,0,0
LEN_PE,D,20161201,000000,6.64429,6.64429,6.5837,6.5837,0,0
LEN_PE,D,20161202,000000,6.64429,6.64429,6.5837,6.5837,0,0
LEN_PE,D,20161205,000000,6.64429,6.70422,6.5231,6.5231,0,0
LEN_PE,D,20161206,000000,6.70422,6.70422,6.5231,6.64429,0,0
LEN_PE,D,20161207,000000,6.64429,6.70422,6.5837,6.64429,0,0
LEN_PE,D,20161208,000000,6.5837,6.64429,6.5231,6.64429,0,0
LEN_PE,D,20161209,000000,6.64429,6.70422,6.5837,6.5837,0,0
LEN_PE,D,20161212,000000,6.5837,6.64429,6.5837,6.64429,0,0
LEN_PE,D,20161213,000000,6.64429,6.70422,6.64429,6.64429,0,0
LEN_PE,D,20161214,000000,6.64429,6.64429,6.5837,6.64429,0,0
LEN_PE,D,20161215,000000,6.64429,6.64429,6.64429,6.64429,0,0
LEN_PE,D,20161216,000000,6.64429,6.64429,6.5837,6.64429,0,0
LEN_PE,D,20161219,000000,6.5837,6.5837,6.5837,6.5837,0,0
LEN_PE,D,20161220,000000,6.5837,6.64429,6.5837,6.5837,0,0
LEN_PE,D,20161221,000000,6.64429,6.64429,6.5231,6.5837,0,0
LEN_PE,D,20161222,000000,6.64429,6.64429,6.5231,6.5231,0,0
LEN_PE,D,20161223,000000,6.5837,6.64429,6.5231,6.64429,0,0
LEN_PE,D,20161227,000000,6.5837,6.70422,6.5837,6.64429,0,0
LEN_PE,D,20161228,000000,6.70422,6.70422,6.5837,6.5837,0,0
LEN_PE,D,20161229,000000,6.64429,6.64429,6.5837,6.5837,0,0
LEN_PE,D,20161230,000000,6.64429,6.64429,6.64429,6.64429,0,0
LEN_PE,D,20170102,000000,6.82484,6.9461,6.82484,6.9461,0,0
LEN_PE,D,20170103,000000,6.9461,7.00611,6.82484,7.00611,0,0
LEN_PE,D,20170104,000000,7.00611,7.18808,7.00611,7.06647,0,0
LEN_PE,D,20170105,000000,7.00611,7.06647,7.00611,7.06647,0,0
LEN_PE,D,20170109,000000,7.06647,7.12689,7.06647,7.12689,0,0
LEN_PE,D,20170110,000000,7.12689,7.12689,6.9461,7.06647,0,0
LEN_PE,D,20170111,000000,7.06647,7.06647,7.06647,7.06647,0,0
LEN_PE,D,20170112,000000,7.06647,7.06647,7.00611,7.00611,0,0
LEN_PE,D,20170113,000000,7.06647,7.12689,6.9461,6.9461,0,0
LEN_PE,D,20170116,000000,7.00611,7.06647,7.00611,7.06647,0,0
LEN_PE,D,20170117,000000,7.06647,7.12689,7.00611,7.00611,0,0
LEN_PE,D,20170118,000000,7.06647,7.06647,7.06647,7.06647,0,0
LEN_PE,D,20170119,000000,7.00611,7.06647,7.00611,7.06647,0,0
LEN_PE,D,20170120,000000,7.06647,7.06647,7.00611,7.06647,0,0
LEN_PE,D,20170123,000000,7.12689,7.12689,6.9461,6.9461,0,0
LEN_PE,D,20170124,000000,7.06647,7.06647,6.9461,6.9461,0,0
LEN_PE,D,20170125,000000,7.06647,7.30827,7.06647,7.24784,0,0
LEN_PE,D,20170126,000000,7.24784,7.36862,7.18808,7.24784,0,0
LEN_PE,D,20170127,000000,7.24784,7.36862,7.12689,7.24784,0,0
LEN_PE,D,20170130,000000,7.30827,7.30827,7.18808,7.24784,0,0
LEN_PE,D,20170131,000000,7.18808,7.30827,7.12689,7.30827,0,0
LEN_PE,D,20170201,000000,7.30827,7.36862,7.18808,7.36862,0,0
LEN_PE,D,20170202,000000,7.36862,7.36862,7.24784,7.36862,0,0
LEN_PE,D,20170203,000000,7.36862,7.42904,7.36862,7.42904,0,0
LEN_PE,D,20170206,000000,7.42904,7.48947,7.42904,7.42904,0,0
LEN_PE,D,20170207,000000,7.42904,7.42904,7.42904,7.42904,0,0
LEN_PE,D,20170208,000000,7.42904,7.42904,7.18808,7.18808,0,0
LEN_PE,D,20170209,000000,7.24784,7.24784,7.18808,7.24784,0,0
LEN_PE,D,20170210,000000,7.36862,7.36862,7.24784,7.24784,0,0
LEN_PE,D,20170213,000000,7.24784,7.30827,7.12689,7.30827,0,0
LEN_PE,D,20170214,000000,7.30827,7.36862,7.24784,7.36862,0,0
LEN_PE,D,20170215,000000,7.36862,7.36862,7.24784,7.24784,0,0
LEN_PE,D,20170216,000000,7.30827,7.30827,7.24784,7.24784,0,0
LEN_PE,D,20170217,000000,7.30827,7.30827,7.24784,7.30827,0,0
LEN_PE,D,20170220,000000,7.30827,7.30827,7.24784,7.30827,0,0
LEN_PE,D,20170221,000000,7.30827,7.30827,7.24784,7.30827,0,0
LEN_PE,D,20170222,000000,7.36862,7.36862,7.24784,7.24784,0,0
LEN_PE,D,20170223,000000,7.30827,7.30827,7.30827,7.30827,0,0
LEN_PE,D,20170224,000000,7.36862,7.42904,7.30827,7.42904,0,0
LEN_PE,D,20170227,000000,7.42904,7.48947,7.30827,7.36862,0,0
LEN_PE,D,20170228,000000,7.36862,7.42904,7.30827,7.36862,0,0
LEN_PE,D,20170301,000000,7.42904,7.42904,7.42904,7.42904,0,0
LEN_PE,D,20170302,000000,7.42904,7.48947,7.42904,7.48947,0,0
LEN_PE,D,20170303,000000,7.48947,7.48947,7.42904,7.48947,0,0
LEN_PE,D,20170306,000000,7.48947,7.48947,7.36862,7.36862,0,0
LEN_PE,D,20170307,000000,7.36862,7.42904,7.30827,7.30827,0,0
LEN_PE,D,20170308,000000,7.24784,7.30827,7.24784,7.24784,0,0
LEN_PE,D,20170309,000000,7.36862,7.36862,7.18808,7.18808,0,0
LEN_PE,D,20170310,000000,7.30827,7.48947,7.24784,7.42904,0,0
LEN_PE,D,20170313,000000,7.42904,7.42904,7.36862,7.42904,0,0
LEN_PE,D,20170314,000000,7.42904,7.42904,7.30827,7.42904,0,0
LEN_PE,D,20170315,000000,7.42904,7.54999,7.42904,7.54999,0,0
LEN_PE,D,20170316,000000,7.54999,7.61067,7.54999,7.54999,0,0
LEN_PE,D,20170317,000000,7.54999,7.54999,7.48947,7.54999,0,0
LEN_PE,D,20170320,000000,7.54999,7.61067,7.54999,7.61067,0,0
LEN_PE,D,20170321,000000,7.61067,7.73026,7.61067,7.61067,0,0
LEN_PE,D,20170322,000000,7.67051,7.67051,7.42904,7.67051,0,0
LEN_PE,D,20170323,000000,7.73026,7.73026,7.54999,7.54999,0,0
LEN_PE,D,20170324,000000,7.54999,7.61067,6.8861,6.8861,0,0
LEN_PE,D,20170327,000000,6.8861,6.8861,6.82484,6.82484,0,0
LEN_PE,D,20170328,000000,6.8861,6.8861,6.82484,6.8861,0,0
LEN_PE,D,20170329,000000,6.8861,6.8861,6.82484,6.8861,0,0
LEN_PE,D,20170330,000000,6.9461,6.9461,6.9461,6.9461,0,0
LEN_PE,D,20170331,000000,6.9461,6.9461,6.9461,6.9461,0,0
LEN_PE,D,20170403,000000,7.06647,7.24784,7.06647,7.18808,0,0
LEN_PE,D,20170404,000000,7.24784,7.24784,7.18808,7.24784,0,0
LEN_PE,D,20170405,000000,7.24784,7.24784,7.18808,7.18808,0,0
LEN_PE,D,20170406,000000,7.18808,7.30827,7.18808,7.24784,0,0
LEN_PE,D,20170407,000000,7.30827,7.30827,7.24784,7.30827,0,0
LEN_PE,D,20170410,000000,7.24784,7.42904,7.24784,7.30827,0,0
LEN_PE,D,20170411,000000,7.36862,7.36862,7.30827,7.30827,0,0
LEN_PE,D,20170412,000000,7.30827,7.30827,7.24784,7.30827,0,0
LEN_PE,D,20170413,000000,7.30827,7.36862,7.30827,7.30827,0,0
LEN_PE,D,20170418,000000,7.30827,7.30827,7.30827,7.30827,0,0
LEN_PE,D,20170419,000000,7.30827,7.30827,7.24784,7.24784,0,0
LEN_PE,D,20170420,000000,7.24784,7.30827,7.24784,7.24784,0,0
LEN_PE,D,20170421,000000,7.30827,7.30827,7.18808,7.24784,0,0
LEN_PE,D,20170424,000000,7.24784,7.36862,7.18808,7.24784,0,0
LEN_PE,D,20170425,000000,7.24784,7.30827,7.24784,7.24784,0,0
LEN_PE,D,20170426,000000,7.30827,7.30827,7.24784,7.30827,0,0
LEN_PE,D,20170427,000000,7.30827,7.30827,7.24784,7.30827,0,0
LEN_PE,D,20170428,000000,7.30827,7.36862,7.30827,7.30827,0,0
LEN_PE,D,20170502,000000,7.30827,7.30827,7.24784,7.30827,0,0
LEN_PE,D,20170504,000000,7.30827,7.30827,7.24784,7.24784,0,0
LEN_PE,D,20170505,000000,7.30827,7.30827,7.24784,7.30827,0,0
LEN_PE,D,20170508,000000,7.30827,7.36862,7.24784,7.24784,0,0
LEN_PE,D,20170509,000000,7.30827,7.30827,7.30827,7.30827,0,0
LEN_PE,D,20170510,000000,7.30827,7.30827,7.24784,7.30827,0,0
LEN_PE,D,20170511,000000,7.30827,7.30827,7.18808,7.24784,0,0
LEN_PE,D,20170512,000000,7.24784,7.24784,7.18808,7.24784,0,0
LEN_PE,D,20170515,000000,7.30827,7.42904,6.16086,6.16086,0,0
LEN_PE,D,20170516,000000,6.16086,6.22103,6.16086,6.16086,0,0
LEN_PE,D,20170517,000000,6.10034,6.2818,6.10034,6.16086,0,0
LEN_PE,D,20170518,000000,6.16086,6.2818,6.10034,6.22103,0,0
LEN_PE,D,20170519,000000,6.22103,6.22103,6.10034,6.22103,0,0
LEN_PE,D,20170522,000000,6.22103,6.34181,6.22103,6.34181,0,0
LEN_PE,D,20170523,000000,6.34181,6.34181,6.22103,6.22103,0,0
LEN_PE,D,20170524,000000,6.22103,6.22103,6.22103,6.22103,0,0
LEN_PE,D,20170525,000000,6.16086,6.22103,6.16086,6.22103,0,0
LEN_PE,D,20170526,000000,6.22103,6.34181,6.16086,6.2818,0,0
LEN_PE,D,20170529,000000,6.34181,6.34181,6.2818,6.2818,0,0
LEN_PE,D,20170530,000000,6.2818,6.2818,6.16086,6.22103,0,0
LEN_PE,D,20170531,000000,6.16086,6.34181,6.16086,6.34181,0,0
LEN_PE,D,20170601,000000,6.22103,6.2818,6.22103,6.2818,0,0
LEN_PE,D,20170602,000000,6.2818,6.2818,6.03991,6.22103,0,0
LEN_PE,D,20170605,000000,6.2818,6.2818,6.22103,6.22103,0,0
LEN_PE,D,20170606,000000,6.22103,6.2818,6.22103,6.22103,0,0
LEN_PE,D,20170607,000000,6.22103,6.2818,6.22103,6.2818,0,0
LEN_PE,D,20170608,000000,6.2818,6.2818,6.22103,6.22103,0,0
LEN_PE,D,20170609,000000,6.22103,6.22103,6.10034,6.16086,0,0
LEN_PE,D,20170612,000000,5.94451,6.13827,5.94451,6.00906,0,0
LEN_PE,D,20170613,000000,6.07362,6.07362,6.00906,6.00906,0,0
LEN_PE,D,20170614,000000,6.00906,6.00906,5.87986,5.87986,0,0
LEN_PE,D,20170616,000000,5.87986,5.87986,5.686,5.87986,0,0
LEN_PE,D,20170619,000000,5.87986,5.94451,5.8153,5.8153,0,0
LEN_PE,D,20170620,000000,5.8153,5.8153,5.8153,5.8153,0,0
LEN_PE,D,20170621,000000,5.87986,6.00906,5.87986,6.00906,0,0
LEN_PE,D,20170622,000000,6.07362,6.13827,5.94451,5.94451,0,0
LEN_PE,D,20170623,000000,6.07362,6.07362,6.00906,6.00906,0,0
LEN_PE,D,20170626,000000,6.07362,6.13827,6.00906,6.13827,0,0
LEN_PE,D,20170627,000000,6.13827,6.13827,6.07362,6.07362,0,0
LEN_PE,D,20170628,000000,6.13827,6.13827,6.07362,6.13827,0,0
LEN_PE,D,20170629,000000,6.07362,6.13827,6.00906,6.00906,0,0
LEN_PE,D,20170630,000000,6.00906,6.00906,6.00906,6.00906,0,0
LEN_PE,D,20170703,000000,6.00906,6.00906,5.94451,5.94451,0,0
LEN_PE,D,20170704,000000,5.94451,5.94451,5.94451,5.94451,0,0
LEN_PE,D,20170705,000000,5.94451,5.94451,5.8153,5.87986,0,0
LEN_PE,D,20170706,000000,5.87986,5.87986,5.87986,5.87986,0,0
LEN_PE,D,20170707,000000,5.94451,6.00906,5.94451,5.94451,0,0
LEN_PE,D,20170710,000000,6.00906,6.00906,5.87986,5.94451,0,0
LEN_PE,D,20170711,000000,5.94451,5.94451,5.94451,5.94451,0,0
LEN_PE,D,20170712,000000,5.94451,5.94451,5.94451,5.94451,0,0
LEN_PE,D,20170713,000000,5.94451,5.94451,5.87986,5.87986,0,0
LEN_PE,D,20170714,000000,5.87986,5.87986,5.87986,5.87986,0,0
LEN_PE,D,20170717,000000,5.87986,5.87986,5.87986,5.87986,0,0
LEN_PE,D,20170718,000000,5.94451,5.94451,5.87986,5.87986,0,0
LEN_PE,D,20170719,000000,5.87986,5.87986,5.87986,5.87986,0,0
LEN_PE,D,20170720,000000,5.87986,6.00906,5.87986,6.00906,0,0
LEN_PE,D,20170721,000000,6.00906,6.00906,5.87986,5.87986,0,0
LEN_PE,D,20170724,000000,5.94451,5.94451,5.87986,5.87986,0,0
LEN_PE,D,20170725,000000,5.94451,5.94451,5.75057,5.87986,0,0
LEN_PE,D,20170726,000000,5.87986,5.94451,5.87986,5.87986,0,0
LEN_PE,D,20170727,000000,5.94451,5.94451,5.8153,5.94451,0,0
LEN_PE,D,20170728,000000,5.94451,5.94451,5.8153,5.8153,0,0
LEN_PE,D,20170731,000000,5.8153,5.8153,5.75057,5.75057,0,0
LEN_PE,D,20170801,000000,5.75057,5.75057,5.75057,5.75057,0,0
LEN_PE,D,20170802,000000,5.8153,5.8153,5.75057,5.75057,0,0
LEN_PE,D,20170803,000000,5.8153,5.8153,5.75057,5.75057,0,0
LEN_PE,D,20170804,000000,5.8153,5.8153,5.75057,5.8153,0,0
LEN_PE,D,20170807,000000,5.87986,5.87986,5.8153,5.87986,0,0
LEN_PE,D,20170808,000000,5.87986,5.87986,5.8153,5.8153,0,0
LEN_PE,D,20170809,000000,5.8153,5.8153,5.8153,5.8153,0,0
LEN_PE,D,20170810,000000,5.8153,5.8153,5.8153,5.8153,0,0
LEN_PE,D,20170811,000000,5.8153,5.8153,5.8153,5.8153,0,0
LEN_PE,D,20170814,000000,5.8153,5.8153,5.8153,5.8153,0,0
LEN_PE,D,20170816,000000,5.8153,5.8153,5.75057,5.8153,0,0
LEN_PE,D,20170817,000000,5.94451,5.94451,5.94451,5.94451,0,0
LEN_PE,D,20170818,000000,5.87986,5.87986,5.8153,5.8153,0,0
LEN_PE,D,20170821,000000,5.8153,5.87986,5.8153,5.87986,0,0
LEN_PE,D,20170822,000000,5.87986,5.94451,5.87986,5.87986,0,0
LEN_PE,D,20170823,000000,5.87986,6.00906,5.87986,6.00906,0,0
LEN_PE,D,20170824,000000,6.00906,6.00906,6.00906,6.00906,0,0
LEN_PE,D,20170825,000000,6.00906,6.00906,5.87986,5.94451,0,0
LEN_PE,D,20170828,000000,5.87986,5.87986,5.8153,5.8153,0,0
LEN_PE,D,20170829,000000,5.94451,5.94451,5.75057,5.87986,0,0
LEN_PE,D,20170830,000000,5.87986,5.87986,5.8153,5.8153,0,0
LEN_PE,D,20170831,000000,5.87986,6.13827,5.8153,6.13827,0,0
LEN_PE,D,20170901,000000,6.13827,6.13827,6.00906,6.07362,0,0
LEN_PE,D,20170904,000000,5.94451,6.07362,5.94451,6.00906,0,0
LEN_PE,D,20170905,000000,6.00906,6.00906,6.00906,6.00906,0,0
LEN_PE,D,20170906,000000,6.00906,6.00906,6.00906,6.00906,0,0
LEN_PE,D,20170907,000000,6.00906,6.00906,5.94451,5.94451,0,0
LEN_PE,D,20170908,000000,6.07362,6.07362,5.94451,6.00906,0,0
LEN_PE,D,20170911,000000,6.00906,6.00906,5.94451,5.94451,0,0
LEN_PE,D,20170912,000000,5.94451,6.07362,5.94451,6.07362,0,0
LEN_PE,D,20170913,000000,6.07362,6.07362,5.94451,5.94451,0,0
LEN_PE,D,20170914,000000,6.07362,6.07362,5.94451,6.00906,0,0
LEN_PE,D,20170915,000000,6.00906,6.00906,5.94451,6.00906,0,0
LEN_PE,D,20170918,000000,6.00906,6.00906,5.94451,6.00906,0,0
LEN_PE,D,20170919,000000,5.94451,5.94451,5.87986,5.94451,0,0
LEN_PE,D,20170920,000000,5.94451,5.94451,5.94451,5.94451,0,0
LEN_PE,D,20170921,000000,5.94451,5.94451,5.87986,5.87986,0,0
LEN_PE,D,20170922,000000,5.87986,5.87986,5.8153,5.87986,0,0
LEN_PE,D,20170925,000000,5.87986,5.87986,5.87986,5.87986,0,0
LEN_PE,D,20170926,000000,5.87986,5.87986,5.62136,5.75057,0,0
LEN_PE,D,20170927,000000,5.75057,5.87986,5.75057,5.87986,0,0
LEN_PE,D,20170928,000000,5.87986,5.87986,5.87986,5.87986,0,0
LEN_PE,D,20170929,000000,5.87986,5.87986,5.87986,5.87986,0,0
LEN_PE,D,20171002,000000,5.87986,5.94451,5.87986,5.94451,0,0
LEN_PE,D,20171003,000000,5.94451,5.94451,5.87986,5.87986,0,0
LEN_PE,D,20171004,000000,5.94451,5.94451,5.87986,5.87986,0,0
LEN_PE,D,20171005,000000,5.87986,5.87986,5.8153,5.87986,0,0
LEN_PE,D,20171006,000000,5.87986,5.87986,5.87986,5.87986,0,0
LEN_PE,D,20171009,000000,5.87986,5.87986,5.87986,5.87986,0,0
LEN_PE,D,20171010,000000,5.87986,5.87986,5.87986,5.87986,0,0
LEN_PE,D,20171011,000000,5.87986,5.94451,5.87986,5.94451,0,0
LEN_PE,D,20171012,000000,6.00906,6.00906,5.87986,5.87986,0,0
LEN_PE,D,20171013,000000,5.94451,5.94451,5.87986,5.94451,0,0
LEN_PE,D,20171016,000000,6.00906,6.00906,5.87986,5.87986,0,0
LEN_PE,D,20171017,000000,5.94451,5.94451,5.87986,5.87986,0,0
LEN_PE,D,20171018,000000,5.94451,6.00906,5.94451,6.00906,0,0
LEN_PE,D,20171019,000000,6.00906,6.00906,5.87986,5.87986,0,0
LEN_PE,D,20171020,000000,6.00906,6.00906,5.87986,5.87986,0,0
LEN_PE,D,20171023,000000,5.87986,5.87986,5.87986,5.87986,0,0
LEN_PE,D,20171024,000000,5.87986,5.87986,5.8153,5.8153,0,0
LEN_PE,D,20171025,000000,5.8153,5.87986,5.75057,5.87986,0,0
LEN_PE,D,20171026,000000,5.87986,5.87986,5.87986,5.87986,0,0
LEN_PE,D,20171027,000000,5.87986,5.87986,5.87986,5.87986,0,0
LEN_PE,D,20171030,000000,5.94451,5.94451,5.87986,5.87986,0,0
LEN_PE,D,20171031,000000,5.87986,5.87986,5.87986,5.87986,0,0
LEN_PE,D,20171102,000000,5.87986,5.87986,5.8153,5.87986,0,0
LEN_PE,D,20171103,000000,5.87986,5.87986,5.87986,5.87986,0,0
LEN_PE,D,20171106,000000,5.87986,6.26747,5.87986,6.20283,0,0
LEN_PE,D,20171107,000000,6.20283,6.46107,6.20283,6.26747,0,0
LEN_PE,D,20171108,000000,6.33203,6.39675,6.26747,6.33203,0,0
LEN_PE,D,20171109,000000,6.39675,6.39675,6.33203,6.33203,0,0
LEN_PE,D,20171110,000000,6.33203,6.39675,6.33203,6.39675,0,0
LEN_PE,D,20171113,000000,6.39675,6.39675,6.26747,6.26747,0,0
LEN_PE,D,20171114,000000,6.26747,6.26747,6.20283,6.26747,0,0
LEN_PE,D,20171115,000000,6.26747,6.26747,6.13827,6.13827,0,0
LEN_PE,D,20171116,000000,6.33203,6.33203,6.13827,6.13827,0,0
LEN_PE,D,20171117,000000,6.20283,6.26747,6.13827,6.20283,0,0
LEN_PE,D,20171120,000000,6.20283,6.26747,5.5568,5.5568,0,0
LEN_PE,D,20171121,000000,5.5568,5.62136,5.49206,5.62136,0,0
LEN_PE,D,20171122,000000,5.62136,5.62136,5.62136,5.62136,0,0
LEN_PE,D,20171123,000000,5.62136,5.686,5.62136,5.62136,0,0
LEN_PE,D,20171124,000000,5.62136,5.75057,5.62136,5.75057,0,0
LEN_PE,D,20171127,000000,5.75057,5.8153,5.75057,5.8153,0,0
LEN_PE,D,20171128,000000,5.8153,5.8153,5.686,5.686,0,0
LEN_PE,D,20171129,000000,5.686,5.686,5.686,5.686,0,0
LEN_PE,D,20171130,000000,5.686,5.686,5.62136,5.686,0,0
LEN_PE,D,20171201,000000,5.686,5.686,5.686,5.686,0,0
LEN_PE,D,20171204,000000,5.686,5.75057,5.5568,5.5568,0,0
LEN_PE,D,20171205,000000,5.5568,5.62136,5.5568,5.62136,0,0
LEN_PE,D,20171206,000000,5.75057,5.75057,5.686,5.75057,0,0
LEN_PE,D,20171207,000000,5.75057,5.75057,5.686,5.686,0,0
LEN_PE,D,20171208,000000,5.686,5.8153,5.62136,5.8153,0,0
LEN_PE,D,20171211,000000,5.8153,5.87986,5.8153,5.8153,0,0
LEN_PE,D,20171212,000000,5.87986,5.87986,5.8153,5.8153,0,0
LEN_PE,D,20171213,000000,5.8153,5.8153,5.8153,5.8153,0,0
LEN_PE,D,20171214,000000,5.8153,5.87986,5.8153,5.87986,0,0
LEN_PE,D,20171215,000000,5.87986,5.87986,5.8153,5.8153,0,0
LEN_PE,D,20171218,000000,5.87986,5.87986,5.8153,5.8153,0,0
LEN_PE,D,20171219,000000,5.8153,5.87986,5.8153,5.87986,0,0
LEN_PE,D,20171220,000000,5.87986,6.00906,5.87986,6.00906,0,0
LEN_PE,D,20171221,000000,6.00906,6.00906,5.87986,6.00906,0,0
LEN_PE,D,20171222,000000,6.00906,6.07362,6.00906,6.07362,0,0
LEN_PE,D,20171227,000000,6.07362,6.07362,6.00906,6.00906,0,0
LEN_PE,D,20171228,000000,6.07362,6.13827,6.00906,6.13827,0,0
LEN_PE,D,20171229,000000,6.13827,6.13827,6.07362,6.07362,0,0
LEN_PE,D,20180103,000000,6.07362,6.07362,6.00906,6.07362,0,0
LEN_PE,D,20180104,000000,6.07362,6.07362,6.00906,6.07362,0,0
LEN_PE,D,20180105,000000,6.13827,6.26747,6.07362,6.20283,0,0
LEN_PE,D,20180108,000000,6.20283,6.33203,6.13827,6.33203,0,0
LEN_PE,D,20180109,000000,6.33203,6.33203,6.26747,6.26747,0,0
LEN_PE,D,20180110,000000,6.20283,6.33203,6.20283,6.33203,0,0
LEN_PE,D,20180111,000000,6.33203,6.39675,6.26747,6.39675,0,0
LEN_PE,D,20180112,000000,6.39675,6.46107,6.39675,6.39675,0,0
LEN_PE,D,20180115,000000,6.39675,6.46107,6.39675,6.46107,0,0
LEN_PE,D,20180116,000000,6.46107,6.52571,6.46107,6.46107,0,0
LEN_PE,D,20180117,000000,6.46107,6.46107,6.39675,6.39675,0,0
LEN_PE,D,20180118,000000,6.39675,6.46107,6.39675,6.46107,0,0
LEN_PE,D,20180119,000000,6.46107,6.46107,6.39675,6.39675,0,0
LEN_PE,D,20180122,000000,6.39675,6.39675,6.26747,6.33203,0,0
LEN_PE,D,20180123,000000,6.33203,6.39675,6.20283,6.20283,0,0
LEN_PE,D,20180124,000000,6.20283,6.26747,6.13827,6.26747,0,0
LEN_PE,D,20180125,000000,6.26747,6.26747,6.20283,6.26747,0,0
LEN_PE,D,20180126,000000,6.26747,6.26747,6.26747,6.26747,0,0
LEN_PE,D,20180129,000000,6.33203,6.33203,6.20283,6.20283,0,0
LEN_PE,D,20180130,000000,6.26747,6.26747,6.20283,6.26747,0,0
LEN_PE,D,20180131,000000,6.26747,6.26747,6.20283,6.20283,0,0
LEN_PE,D,20180201,000000,6.20283,6.20283,6.13827,6.13827,0,0
LEN_PE,D,20180202,000000,6.20283,6.20283,6.13827,6.20283,0,0
LEN_PE,D,20180205,000000,6.13827,6.13827,6.13827,6.13827,0,0
LEN_PE,D,20180206,000000,5.94451,6.00906,5.87986,6.00906,0,0
LEN_PE,D,20180207,000000,6.07362,6.20283,6.07362,6.20283,0,0
LEN_PE,D,20180208,000000,6.20283,6.20283,5.94451,6.00906,0,0
LEN_PE,D,20180209,000000,5.87986,6.00906,5.87986,6.00906,0,0
LEN_PE,D,20180212,000000,6.00906,6.00906,5.94451,6.00906,0,0
LEN_PE,D,20180213,000000,6.00906,6.20283,6.00906,6.20283,0,0
LEN_PE,D,20180214,000000,6.20283,6.33203,6.20283,6.33203,0,0
LEN_PE,D,20180215,000000,6.39675,6.65508,6.20283,6.59044,0,0
LEN_PE,D,20180216,000000,6.59044,6.78446,6.59044,6.59044,0,0
LEN_PE,D,20180219,000000,6.59044,6.59044,6.46107,6.46107,0,0
LEN_PE,D,20180220,000000,6.46107,6.59044,6.39675,6.59044,0,0
LEN_PE,D,20180221,000000,6.59044,6.59044,6.46107,6.46107,0,0
LEN_PE,D,20180222,000000,6.46107,6.46107,6.39675,6.46107,0,0
LEN_PE,D,20180223,000000,6.46107,6.59044,6.33203,6.59044,0,0
LEN_PE,D,20180226,000000,6.39675,6.84911,6.39675,6.84911,0,0
LEN_PE,D,20180227,000000,6.84911,6.91374,6.78446,6.78446,0,0
LEN_PE,D,20180228,000000,6.78446,6.78446,6.65508,6.71981,0,0
LEN_PE,D,20180301,000000,6.71981,6.91374,6.65508,6.84911,0,0
LEN_PE,D,20180302,000000,6.84911,6.84911,6.71981,6.71981,0,0
LEN_PE,D,20180305,000000,6.71981,6.84911,6.71981,6.84911,0,0
LEN_PE,D,20180306,000000,6.78446,6.84911,6.71981,6.78446,0,0
LEN_PE,D,20180307,000000,6.78446,6.78446,6.71981,6.78446,0,0
LEN_PE,D,20180308,000000,6.78446,6.78446,6.71981,6.78446,0,0
LEN_PE,D,20180309,000000,6.78446,6.78446,6.78446,6.78446,0,0
LEN_PE,D,20180312,000000,6.78446,6.84911,6.65508,6.84911,0,0
LEN_PE,D,20180313,000000,6.78446,6.84911,6.78446,6.78446,0,0
LEN_PE,D,20180314,000000,6.78446,6.78446,6.65508,6.78446,0,0
LEN_PE,D,20180315,000000,6.71981,6.78446,6.59044,6.71981,0,0
LEN_PE,D,20180316,000000,6.65508,6.65508,6.52571,6.65508,0,0
LEN_PE,D,20180319,000000,6.65508,6.65508,6.33203,6.33203,0,0
LEN_PE,D,20180320,000000,6.26747,6.33203,6.13827,6.33203,0,0
LEN_PE,D,20180321,000000,6.33203,7.30086,6.33203,7.30086,0,0
LEN_PE,D,20180322,000000,7.23672,7.30086,7.17265,7.17265,0,0
LEN_PE,D,20180323,000000,7.17265,7.17265,7.04287,7.17265,0,0
LEN_PE,D,20180326,000000,7.04287,7.17265,7.04287,7.17265,0,0
LEN_PE,D,20180327,000000,7.17265,7.49538,7.17265,7.43056,0,0
LEN_PE,D,20180328,000000,7.43056,7.43056,7.04287,7.23672,0,0
LEN_PE,D,20180329,000000,7.43056,7.43056,7.10777,7.43056,0,0
LEN_PE,D,20180403,000000,7.23672,7.36567,7.23672,7.30086,0,0
LEN_PE,D,20180404,000000,7.43056,7.43056,7.30086,7.43056,0,0
LEN_PE,D,20180405,000000,7.43056,7.43056,7.43056,7.43056,0,0
LEN_PE,D,20180406,000000,7.36567,7.36567,7.30086,7.30086,0,0
LEN_PE,D,20180409,000000,7.36567,7.36567,7.30086,7.36567,0,0
LEN_PE,D,20180410,000000,7.36567,7.36567,7.30086,7.30086,0,0
LEN_PE,D,20180411,000000,7.36567,7.36567,7.23672,7.23672,0,0
LEN_PE,D,20180412,000000,7.30086,7.30086,7.30086,7.30086,0,0
LEN_PE,D,20180413,000000,7.23672,7.30086,7.23672,7.23672,0,0
LEN_PE,D,20180416,000000,7.30086,7.30086,7.23672,7.30086,0,0
LEN_PE,D,20180417,000000,7.30086,7.30086,7.23672,7.30086,0,0
LEN_PE,D,20180418,000000,7.30086,7.30086,7.10777,7.17265,0,0
LEN_PE,D,20180419,000000,7.10777,7.17265,7.10777,7.17265,0,0
LEN_PE,D,20180420,000000,7.17265,7.17265,7.17265,7.17265,0,0
LEN_PE,D,20180423,000000,7.23672,7.23672,7.23672,7.23672,0,0
LEN_PE,D,20180424,000000,7.23672,7.23672,7.17265,7.17265,0,0
LEN_PE,D,20180425,000000,7.17265,7.17265,6.84911,6.91374,0,0
LEN_PE,D,20180426,000000,6.97839,6.97839,6.91374,6.91374,0,0
LEN_PE,D,20180427,000000,7.10777,7.10777,6.59044,6.71981,0,0
LEN_PE,D,20180430,000000,7.10777,7.10777,6.78446,7.04287,0,0
LEN_PE,D,20180502,000000,7.04287,7.04287,6.97839,6.97839,0,0
LEN_PE,D,20180504,000000,6.84911,6.97839,6.84911,6.84911,0,0
LEN_PE,D,20180507,000000,6.91374,6.91374,6.71981,6.84911,0,0
LEN_PE,D,20180508,000000,6.91374,6.91374,6.84911,6.84911,0,0
LEN_PE,D,20180509,000000,6.84911,6.84911,6.71981,6.71981,0,0
LEN_PE,D,20180510,000000,6.71981,6.78446,6.46107,6.46107,0,0
LEN_PE,D,20180511,000000,6.46107,6.59044,6.13827,6.33203,0,0
LEN_PE,D,20180514,000000,6.33203,6.71981,6.26747,6.65508,0,0
LEN_PE,D,20180515,000000,6.39675,7.9478,6.26747,7.9478,0,0
LEN_PE,D,20180516,000000,7.9478,8.14081,7.43056,7.43056,0,0
LEN_PE,D,20180517,000000,7.68964,7.68964,7.55952,7.62425,0,0
LEN_PE,D,20180518,000000,7.62425,7.81792,7.36567,7.55952,0,0
LEN_PE,D,20180521,000000,7.43056,7.43056,6.91374,7.10777,0,0
LEN_PE,D,20180522,000000,7.17265,7.17265,7.04287,7.04287,0,0
LEN_PE,D,20180523,000000,7.49538,7.49538,6.84911,6.91374,0,0
LEN_PE,D,20180524,000000,6.91374,6.91374,6.65508,6.91374,0,0
LEN_PE,D,20180525,000000,6.91374,6.91374,6.59044,6.71981,0,0
LEN_PE,D,20180528,000000,6.65508,6.71981,6.65508,6.65508,0,0
LEN_PE,D,20180529,000000,6.65508,6.71981,6.65508,6.71981,0,0
LEN_PE,D,20180530,000000,6.71981,6.71981,6.65508,6.71981,0,0
LEN_PE,D,20180601,000000,6.71981,6.84911,6.71981,6.84911,0,0
LEN_PE,D,20180604,000000,6.91374,7.04287,6.91374,6.97839,0,0
LEN_PE,D,20180605,000000,6.97839,6.97839,6.91374,6.91374,0,0
LEN_PE,D,20180606,000000,6.97839,6.97839,6.91374,6.91374,0,0
LEN_PE,D,20180607,000000,6.91374,6.91374,6.84911,6.91374,0,0
LEN_PE,D,20180608,000000,6.93801,7.27507,6.93801,7.07237,0,0
LEN_PE,D,20180611,000000,7.07237,7.20722,7.07237,7.20722,0,0
LEN_PE,D,20180612,000000,7.1402,7.1402,7.07237,7.07237,0,0
LEN_PE,D,20180613,000000,7.07237,7.1402,7.00536,7.1402,0,0
LEN_PE,D,20180614,000000,7.1402,7.1402,7.07237,7.07237,0,0
LEN_PE,D,20180615,000000,7.07237,7.07237,6.93801,6.93801,0,0
LEN_PE,D,20180618,000000,6.87059,7.1402,6.87059,6.93801,0,0
LEN_PE,D,20180619,000000,6.93801,7.00536,6.93801,7.00536,0,0
LEN_PE,D,20180620,000000,6.93801,7.00536,6.87059,6.93801,0,0
LEN_PE,D,20180621,000000,6.87059,6.93801,6.87059,6.87059,0,0
LEN_PE,D,20180622,000000,6.87059,6.93801,6.73591,6.87059,0,0
LEN_PE,D,20180625,000000,6.87059,6.87059,6.87059,6.87059,0,0
LEN_PE,D,20180626,000000,6.87059,6.87059,6.73591,6.87059,0,0
LEN_PE,D,20180627,000000,6.73591,6.80326,6.73591,6.73591,0,0
LEN_PE,D,20180628,000000,6.87059,7.00536,6.87059,6.93801,0,0
LEN_PE,D,20180629,000000,6.93801,7.00536,6.80326,6.93801,0,0
LEN_PE,D,20180702,000000,7.00536,7.00536,6.80326,6.80326,0,0
LEN_PE,D,20180703,000000,6.80326,6.80326,6.80326,6.80326,0,0
LEN_PE,D,20180704,000000,6.80326,6.80326,6.80326,6.80326,0,0
LEN_PE,D,20180705,000000,6.80326,6.80326,6.73591,6.80326,0,0
LEN_PE,D,20180706,000000,6.80326,6.80326,6.73591,6.73591,0,0
LEN_PE,D,20180709,000000,6.73591,6.80326,6.60123,6.66857,0,0
LEN_PE,D,20180710,000000,6.66857,6.66857,6.60123,6.66857,0,0
LEN_PE,D,20180711,000000,6.73591,6.73591,6.66857,6.66857,0,0
LEN_PE,D,20180712,000000,6.66857,6.66857,6.66857,6.66857,0,0
LEN_PE,D,20180713,000000,6.66857,6.66857,6.53389,6.60123,0,0
LEN_PE,D,20180716,000000,6.66857,6.93801,6.66857,6.80326,0,0
LEN_PE,D,20180717,000000,6.80326,6.80326,6.80326,6.80326,0,0
LEN_PE,D,20180718,000000,6.87059,6.87059,6.80326,6.80326,0,0
LEN_PE,D,20180719,000000,6.80326,6.80326,6.60123,6.73591,0,0
LEN_PE,D,20180720,000000,6.73591,6.73591,6.73591,6.73591,0,0
LEN_PE,D,20180723,000000,7.07237,7.07237,6.53389,6.60123,0,0
LEN_PE,D,20180724,000000,6.73591,6.73591,6.60123,6.60123,0,0
LEN_PE,D,20180725,000000,6.60123,6.60123,6.60123,6.60123,0,0
LEN_PE,D,20180726,000000,6.66857,7.00536,6.60123,6.66857,0,0
LEN_PE,D,20180727,000000,6.73591,6.73591,6.66857,6.66857,0,0
LEN_PE,D,20180730,000000,6.66857,6.66857,6.60123,6.60123,0,0
LEN_PE,D,20180731,000000,6.60123,6.66857,6.60123,6.60123,0,0
LEN_PE,D,20180801,000000,6.60123,6.60123,6.53389,6.53389,0,0
LEN_PE,D,20180802,000000,6.53389,6.53389,5.99498,6.19701,0,0
LEN_PE,D,20180803,000000,6.39912,6.39912,5.86022,5.86022,0,0
LEN_PE,D,20180806,000000,5.86022,5.92765,5.59086,5.59086,0,0
LEN_PE,D,20180807,000000,5.6582,5.72554,5.6582,5.72554,0,0
LEN_PE,D,20180808,000000,5.72554,5.72554,5.6582,5.6582,0,0
LEN_PE,D,20180809,000000,5.6582,5.6582,5.59086,5.6582,0,0
LEN_PE,D,20180810,000000,5.6582,5.6582,5.45609,5.45609,0,0
LEN_PE,D,20180813,000000,5.72554,5.72554,5.45609,5.6582,0,0
LEN_PE,D,20180814,000000,5.72554,5.72554,5.6582,5.6582,0,0
LEN_PE,D,20180816,000000,5.72554,5.72554,5.52343,5.59086,0,0
LEN_PE,D,20180817,000000,5.59086,5.72554,5.52343,5.6582,0,0
LEN_PE,D,20180820,000000,5.6582,6.06233,5.6582,5.92765,0,0
LEN_PE,D,20180821,000000,5.92765,5.92765,5.52343,5.52343,0,0
LEN_PE,D,20180822,000000,5.79288,5.79288,5.32131,5.38866,0,0
LEN_PE,D,20180823,000000,5.32131,5.38866,5.32131,5.38866,0,0
LEN_PE,D,20180824,000000,5.38866,5.38866,5.32131,5.32131,0,0
LEN_PE,D,20180827,000000,5.52343,5.52343,5.32131,5.38866,0,0
LEN_PE,D,20180828,000000,5.59086,5.59086,5.32131,5.32131,0,0
LEN_PE,D,20180829,000000,5.32131,5.32131,5.32131,5.32131,0,0
LEN_PE,D,20180830,000000,5.32131,5.32131,5.05196,5.18663,0,0
LEN_PE,D,20180831,000000,5.18663,5.25398,5.18663,5.25398,0,0
LEN_PE,D,20180903,000000,5.6582,5.6582,5.25398,5.32131,0,0
LEN_PE,D,20180904,000000,5.45609,5.45609,5.25398,5.38866,0,0
LEN_PE,D,20180905,000000,5.38866,5.38866,5.05196,5.18663,0,0
LEN_PE,D,20180906,000000,5.38866,5.38866,5.05196,5.1193,0,0
LEN_PE,D,20180907,000000,5.18663,5.18663,4.91719,4.98461,0,0
LEN_PE,D,20180910,000000,5.05196,5.05196,4.98461,5.05196,0,0
LEN_PE,D,20180911,000000,5.1193,5.32131,5.1193,5.25398,0,0
LEN_PE,D,20180912,000000,5.38866,5.38866,5.18663,5.18663,0,0
LEN_PE,D,20180913,000000,5.25398,5.6582,5.25398,5.6582,0,0
LEN_PE,D,20180914,000000,5.6582,5.92765,5.6582,5.86022,0,0
LEN_PE,D,20180917,000000,5.99498,5.99498,5.86022,5.92765,0,0
LEN_PE,D,20180918,000000,5.92765,5.92765,5.59086,5.86022,0,0
LEN_PE,D,20180919,000000,5.92765,5.92765,5.72554,5.72554,0,0
LEN_PE,D,20180920,000000,5.79288,5.86022,5.79288,5.86022,0,0
LEN_PE,D,20180921,000000,5.86022,5.92765,5.86022,5.86022,0,0
LEN_PE,D,20180924,000000,5.86022,5.92765,5.86022,5.92765,0,0
LEN_PE,D,20180925,000000,5.92765,5.92765,5.86022,5.92765,0,0
LEN_PE,D,20180926,000000,5.92765,5.99498,5.92765,5.99498,0,0
LEN_PE,D,20180927,000000,5.99498,5.99498,5.92765,5.99498,0,0
LEN_PE,D,20180928,000000,6.55875,6.63241,6.41133,6.41133,0,0
LEN_PE,D,20181001,000000,5.79288,5.86022,5.59086,5.86022,0,0
LEN_PE,D,20181002,000000,5.86022,5.99498,5.72554,5.72554,0,0
LEN_PE,D,20181003,000000,6.26402,6.33767,6.19027,6.26402,0,0
LEN_PE,D,20181004,000000,5.72554,5.72554,5.6582,5.72554,0,0
LEN_PE,D,20181005,000000,5.72554,5.72554,5.52343,5.52343,0,0
LEN_PE,D,20181008,000000,5.59086,5.59086,5.52343,5.59086,0,0
LEN_PE,D,20181009,000000,5.52343,5.52343,5.52343,5.52343,0,0
LEN_PE,D,20181010,000000,5.52343,5.79288,5.52343,5.6582,0,0
LEN_PE,D,20181011,000000,5.79288,5.79288,5.6582,5.72554,0,0
LEN_PE,D,20181012,000000,5.72554,5.72554,5.6582,5.6582,0,0
LEN_PE,D,20181015,000000,5.79288,5.79288,5.6582,5.6582,0,0
LEN_PE,D,20181016,000000,5.6582,5.6582,5.59086,5.59086,0,0
LEN_PE,D,20181017,000000,5.72554,5.72554,5.72554,5.72554,0,0
LEN_PE,D,20181018,000000,5.72554,5.72554,5.52343,5.52343,0,0
LEN_PE,D,20181019,000000,5.59086,5.72554,5.52343,5.6582,0,0
LEN_PE,D,20181022,000000,5.72554,5.72554,5.6582,5.72554,0,0
LEN_PE,D,20181023,000000,5.72554,5.72554,5.59086,5.6582,0,0
LEN_PE,D,20181024,000000,5.6582,5.6582,5.45609,5.45609,0,0
LEN_PE,D,20181025,000000,5.38866,5.38866,5.25398,5.32131,0,0
LEN_PE,D,20181026,000000,5.25398,5.25398,5.18663,5.25398,0,0
LEN_PE,D,20181029,000000,5.38866,5.38866,5.18663,5.25398,0,0
LEN_PE,D,20181030,000000,5.32131,5.32131,5.18663,5.18663,0,0
LEN_PE,D,20181031,000000,5.18663,5.32131,5.18663,5.32131,0,0
LEN_PE,D,20181102,000000,5.32131,5.45609,5.32131,5.38866,0,0
LEN_PE,D,20181105,000000,5.59086,5.59086,5.38866,5.38866,0,0
LEN_PE,D,20181106,000000,5.38866,5.52343,5.38866,5.45609,0,0
LEN_PE,D,20181107,000000,5.45609,5.59086,5.45609,5.52343,0,0
LEN_PE,D,20181108,000000,5.52343,5.79288,5.32131,5.72554,0,0
LEN_PE,D,20181109,000000,5.72554,5.72554,5.38866,5.6582,0,0
LEN_PE,D,20181113,000000,5.79288,5.79288,5.45609,5.6582,0,0
LEN_PE,D,20181114,000000,5.6582,6.73591,5.59086,6.73591,0,0
LEN_PE,D,20181115,000000,6.73591,6.80326,6.46655,6.53389,0,0
LEN_PE,D,20181116,000000,6.80326,6.80326,6.46655,6.53389,0,0
LEN_PE,D,20181119,000000,6.80326,6.80326,6.39912,6.39912,0,0
LEN_PE,D,20181120,000000,6.39912,6.53389,6.26444,6.26444,0,0
LEN_PE,D,20181121,000000,6.33178,6.33178,6.12966,6.19701,0,0
LEN_PE,D,20181122,000000,6.12966,6.19701,5.99498,6.19701,0,0
LEN_PE,D,20181123,000000,6.12966,6.19701,6.06233,6.12966,0,0
LEN_PE,D,20181126,000000,6.06233,6.19701,6.06233,6.19701,0,0
LEN_PE,D,20181127,000000,6.26444,6.53389,6.19701,6.46655,0,0
LEN_PE,D,20181128,000000,6.26444,6.39912,6.19701,6.19701,0,0
LEN_PE,D,20181129,000000,6.39912,6.60123,6.39912,6.53389,0,0
LEN_PE,D,20181130,000000,6.53389,6.53389,6.46655,6.46655,0,0
LEN_PE,D,20181203,000000,6.39912,6.60123,6.39912,6.60123,0,0
LEN_PE,D,20181204,000000,6.66857,6.66857,6.53389,6.53389,0,0
LEN_PE,D,20181205,000000,6.53389,6.66857,6.53389,6.60123,0,0
LEN_PE,D,20181206,000000,6.53389,6.53389,6.53389,6.53389,0,0
LEN_PE,D,20181207,000000,6.60123,6.60123,6.53389,6.53389,0,0
LEN_PE,D,20181210,000000,6.53389,6.53389,6.33178,6.53389,0,0
LEN_PE,D,20181211,000000,6.39912,6.46655,6.26444,6.39912,0,0
LEN_PE,D,20181212,000000,6.53389,6.53389,6.39912,6.39912,0,0
LEN_PE,D,20181213,000000,6.33178,6.39912,6.26444,6.26444,0,0
LEN_PE,D,20181214,000000,6.33178,6.46655,6.33178,6.39912,0,0
LEN_PE,D,20181217,000000,6.33178,6.46655,6.33178,6.46655,0,0
LEN_PE,D,20181218,000000,6.46655,6.46655,6.26444,6.33178,0,0
LEN_PE,D,20181219,000000,6.33178,6.39912,6.33178,6.33178,0,0
LEN_PE,D,20181220,000000,6.39912,6.39912,6.39912,6.39912,0,0
LEN_PE,D,20181221,000000,6.39912,6.39912,6.26444,6.33178,0,0
LEN_PE,D,20181227,000000,6.26444,6.26444,6.19701,6.26444,0,0
LEN_PE,D,20181228,000000,6.33178,6.39912,6.26444,6.26444,0,0
LEN_PE,D,20190102,000000,6.53389,6.53389,6.26444,6.39912,0,0
LEN_PE,D,20190103,000000,6.46655,6.46655,6.33178,6.46655,0,0
LEN_PE,D,20190104,000000,6.46655,6.53389,6.46655,6.53389,0,0
LEN_PE,D,20190107,000000,6.53389,6.73591,6.53389,6.73591,0,0
LEN_PE,D,20190108,000000,6.87059,6.87059,6.60123,6.60123,0,0
LEN_PE,D,20190109,000000,6.80326,6.87059,6.73591,6.80326,0,0
LEN_PE,D,20190110,000000,6.87059,6.87059,6.80326,6.80326,0,0
LEN_PE,D,20190111,000000,6.87059,6.87059,6.80326,6.87059,0,0
LEN_PE,D,20190114,000000,6.80326,6.87059,6.73591,6.73591,0,0
LEN_PE,D,20190115,000000,6.87059,6.87059,6.73591,6.73591,0,0
LEN_PE,D,20190116,000000,6.87059,6.87059,6.73591,6.73591,0,0
LEN_PE,D,20190117,000000,6.87059,6.87059,6.80326,6.80326,0,0
LEN_PE,D,20190118,000000,6.80326,6.87059,6.80326,6.87059,0,0
LEN_PE,D,20190121,000000,6.87059,6.87059,6.87059,6.87059,0,0
LEN_PE,D,20190122,000000,6.87059,6.87059,6.66857,6.80326,0,0
LEN_PE,D,20190123,000000,6.73591,6.80326,6.66857,6.80326,0,0
LEN_PE,D,20190124,000000,6.87059,6.87059,6.60123,6.87059,0,0
LEN_PE,D,20190125,000000,6.87059,6.87059,6.73591,6.73591,0,0
LEN_PE,D,20190128,000000,6.80326,6.80326,6.73591,6.73591,0,0
LEN_PE,D,20190129,000000,6.80326,6.80326,6.66857,6.73591,0,0
LEN_PE,D,20190130,000000,6.73591,6.73591,6.73591,6.73591,0,0
LEN_PE,D,20190131,000000,7.29571,7.51678,7.29571,7.44312,0,0
LEN_PE,D,20190201,000000,6.80326,6.93801,6.80326,6.87059,0,0
LEN_PE,D,20190204,000000,6.93801,6.93801,6.73591,6.73591,0,0
LEN_PE,D,20190205,000000,6.66857,6.87059,6.66857,6.73591,0,0
LEN_PE,D,20190206,000000,6.80326,6.87059,6.66857,6.87059,0,0
LEN_PE,D,20190207,000000,6.93801,6.93801,6.80326,6.87059,0,0
LEN_PE,D,20190208,000000,6.87059,6.93801,6.87059,6.93801,0,0
LEN_PE,D,20190211,000000,6.93801,6.93801,6.87059,6.87059,0,0
LEN_PE,D,20190212,000000,6.93801,6.93801,6.87059,6.93801,0,0
LEN_PE,D,20190213,000000,6.93801,6.93801,6.73591,6.80326,0,0
LEN_PE,D,20190214,000000,6.80326,6.80326,6.80326,6.80326,0,0
LEN_PE,D,20190215,000000,6.80326,6.80326,6.66857,6.73591,0,0
LEN_PE,D,20190218,000000,6.87059,6.87059,6.73591,6.80326,0,0
LEN_PE,D,20190219,000000,6.87059,6.87059,6.80326,6.80326,0,0
LEN_PE,D,20190220,000000,6.80326,6.87059,6.73591,6.80326,0,0
LEN_PE,D,20190221,000000,6.73591,6.87059,6.73591,6.87059,0,0
LEN_PE,D,20190222,000000,6.87059,6.87059,6.80326,6.87059,0,0
LEN_PE,D,20190225,000000,6.87059,6.87059,6.80326,6.80326,0,0
LEN_PE,D,20190226,000000,6.80326,6.80326,6.73591,6.73591,0,0
LEN_PE,D,20190227,000000,7.44312,7.66411,7.44312,7.51678,0,0
LEN_PE,D,20190228,000000,7.59078,7.73819,7.59078,7.73819,0,0
LEN_PE,D,20190301,000000,7.1402,7.34206,7.07237,7.34206,0,0
LEN_PE,D,20190304,000000,7.34206,7.74619,7.34206,7.54409,0,0
LEN_PE,D,20190305,000000,7.61151,7.81397,7.47699,7.67928,0,0
LEN_PE,D,20190306,000000,7.67928,7.81397,7.67928,7.74619,0,0
LEN_PE,D,20190307,000000,7.81397,8.28577,7.81397,8.15008,0,0
LEN_PE,D,20190308,000000,8.15008,8.15008,7.94865,8.01523,0,0
LEN_PE,D,20190311,000000,8.15008,8.15008,7.94865,7.94865,0,0
LEN_PE,D,20190312,000000,7.94865,7.94865,7.67928,7.74619,0,0
LEN_PE,D,20190313,000000,7.54409,7.74619,7.54409,7.61151,0,0
LEN_PE,D,20190314,000000,7.61151,7.67928,7.61151,7.67928,0,0
LEN_PE,D,20190315,000000,7.67928,7.74619,7.67928,7.74619,0,0
LEN_PE,D,20190318,000000,7.74619,7.74619,7.74619,7.74619,0,0
LEN_PE,D,20190319,000000,7.74619,7.81397,7.67928,7.81397,0,0
LEN_PE,D,20190320,000000,7.74619,7.74619,7.67928,7.67928,0,0
LEN_PE,D,20190321,000000,7.74619,7.74619,7.67928,7.74619,0,0
LEN_PE,D,20190322,000000,7.74619,8.42063,7.74619,8.35236,0,0
LEN_PE,D,20190325,000000,8.35236,8.42063,8.28577,8.42063,0,0
LEN_PE,D,20190326,000000,8.42063,8.42063,8.28577,8.35236,0,0
LEN_PE,D,20190327,000000,8.42063,8.42063,8.08264,8.42063,0,0
LEN_PE,D,20190328,000000,9.21206,9.28535,8.84288,9.28535,0,0
LEN_PE,D,20190329,000000,9.13786,9.21206,8.76954,8.76954,0,0
LEN_PE,D,20190401,000000,8.01523,8.08264,7.88088,8.08264,0,0
LEN_PE,D,20190402,000000,8.84288,8.84288,8.62206,8.84288,0,0
LEN_PE,D,20190403,000000,8.84288,8.84288,8.69621,8.69621,0,0
LEN_PE,D,20190404,000000,8.69621,8.84288,8.69621,8.76954,0,0
LEN_PE,D,20190405,000000,8.01523,8.01523,7.88088,7.88088,0,0
LEN_PE,D,20190408,000000,7.88088,8.01523,7.88088,7.94865,0,0
LEN_PE,D,20190409,000000,8.01523,8.01523,7.88088,7.88088,0,0
LEN_PE,D,20190410,000000,7.94865,8.01523,7.88088,7.94865,0,0
LEN_PE,D,20190411,000000,8.08264,8.08264,8.01523,8.08264,0,0
LEN_PE,D,20190412,000000,8.08264,8.2175,8.01523,8.01523,0,0
LEN_PE,D,20190415,000000,8.15008,8.2175,8.15008,8.2175,0,0
LEN_PE,D,20190416,000000,8.2175,8.2175,7.54409,7.81397,0,0
LEN_PE,D,20190417,000000,7.94865,7.94865,7.81397,7.88088,0,0
LEN_PE,D,20190418,000000,7.81397,7.81397,7.74619,7.81397,0,0
LEN_PE,D,20190423,000000,7.74619,7.88088,7.54409,7.54409,0,0
LEN_PE,D,20190424,000000,8.32706,8.62206,8.25374,8.32706,0,0
LEN_PE,D,20190425,000000,8.40124,8.40124,8.25374,8.32706,0,0
LEN_PE,D,20190426,000000,8.47457,8.47457,8.25374,8.32706,0,0
LEN_PE,D,20190429,000000,8.32706,8.32706,8.32706,8.32706,0,0
LEN_PE,D,20190430,000000,8.47457,8.54873,8.32706,8.47457,0,0
LEN_PE,D,20190502,000000,8.54873,8.76954,8.54873,8.76954,0,0
LEN_PE,D,20190506,000000,8.01523,8.01523,7.88088,7.94865,0,0
LEN_PE,D,20190507,000000,8.76954,8.76954,8.40124,8.40124,0,0
LEN_PE,D,20190508,000000,8.54873,8.54873,8.54873,8.54873,0,0
LEN_PE,D,20190509,000000,8.54873,8.54873,8.47457,8.54873,0,0
LEN_PE,D,20190510,000000,8.69621,8.76954,8.62206,8.76954,0,0
LEN_PE,D,20190513,000000,8.08264,8.2175,8.01523,8.08264,0,0
LEN_PE,D,20190514,000000,8.15008,8.28577,8.01523,8.28577,0,0
LEN_PE,D,20190515,000000,9.06452,9.06452,8.99041,9.06452,0,0
LEN_PE,D,20190516,000000,9.06452,9.06452,8.99041,8.99041,0,0
LEN_PE,D,20190517,000000,9.06452,9.06452,8.91708,8.99041,0,0
LEN_PE,D,20190520,000000,8.99041,8.99041,8.32706,8.32706,0,0
LEN_PE,D,20190521,000000,8.40124,8.40124,8.17957,8.32706,0,0
LEN_PE,D,20190522,000000,8.40124,8.54873,8.32706,8.47457,0,0
LEN_PE,D,20190523,000000,7.73819,7.73819,7.36937,7.51678,0,0
LEN_PE,D,20190524,000000,7.51678,7.51678,7.36937,7.36937,0,0
LEN_PE,D,20190527,000000,7.22196,7.51678,7.22196,7.51678,0,0
LEN_PE,D,20190528,000000,7.44312,7.51678,7.29571,7.36937,0,0
LEN_PE,D,20190529,000000,7.44312,7.44312,7.22196,7.22196,0,0
LEN_PE,D,20190530,000000,7.44312,7.44312,7.36937,7.36937,0,0
LEN_PE,D,20190531,000000,7.36937,7.36937,7.22196,7.36937,0,0
LEN_PE,D,20190603,000000,7.36937,7.36937,7.22196,7.22196,0,0
LEN_PE,D,20190604,000000,7.29571,7.29571,6.92723,7.00089,0,0
LEN_PE,D,20190605,000000,6.92723,7.22196,6.92723,7.00089,0,0
LEN_PE,D,20190606,000000,7.00089,7.07464,7.00089,7.07464,0,0
LEN_PE,D,20190607,000000,7.07464,7.29571,7.07464,7.29571,0,0
LEN_PE,D,20190610,000000,7.29571,7.29571,7.22196,7.22196,0,0
LEN_PE,D,20190611,000000,7.29571,7.36937,7.22196,7.36937,0,0
LEN_PE,D,20190612,000000,7.36937,7.44312,7.29571,7.29571,0,0
LEN_PE,D,20190613,000000,7.29571,7.44312,7.29571,7.44312,0,0
LEN_PE,D,20190614,000000,7.51678,7.51678,7.29571,7.51678,0,0
LEN_PE,D,20190617,000000,7.51678,7.51678,7.36937,7.36937,0,0
LEN_PE,D,20190618,000000,7.51678,7.51678,7.22196,7.51678,0,0
LEN_PE,D,20190619,000000,7.51678,7.51678,7.51678,7.51678,0,0
LEN_PE,D,20190621,000000,7.51678,7.51678,7.36937,7.36937,0,0
LEN_PE,D,20190624,000000,7.22196,7.29571,7.22196,7.29571,0,0
LEN_PE,D,20190625,000000,7.51678,7.51678,7.36937,7.36937,0,0
LEN_PE,D,20190626,000000,7.51678,7.51678,7.29571,7.51678,0,0
LEN_PE,D,20190627,000000,7.51678,7.51678,7.51678,7.51678,0,0
LEN_PE,D,20190628,000000,7.51678,7.51678,7.51678,7.51678,0,0
LEN_PE,D,20190701,000000,7.51678,7.88485,7.29571,7.51678,0,0
LEN_PE,D,20190702,000000,7.73819,7.73819,7.66411,7.73819,0,0
LEN_PE,D,20190703,000000,7.73819,7.81152,7.73819,7.81152,0,0
LEN_PE,D,20190704,000000,7.81152,7.81152,7.66411,7.81152,0,0
LEN_PE,D,20190705,000000,7.81152,7.88485,7.73819,7.73819,0,0
LEN_PE,D,20190708,000000,7.88485,7.88485,7.66411,7.81152,0,0
LEN_PE,D,20190709,000000,7.81152,7.88485,7.81152,7.88485,0,0
LEN_PE,D,20190710,000000,7.88485,7.88485,7.88485,7.88485,0,0
LEN_PE,D,20190711,000000,7.88485,7.88485,7.73819,7.73819,0,0
LEN_PE,D,20190712,000000,7.88485,7.88485,7.88485,7.88485,0,0
LEN_PE,D,20190715,000000,7.88485,7.95901,7.73819,7.88485,0,0
LEN_PE,D,20190716,000000,7.88485,7.95901,7.88485,7.95901,0,0
LEN_PE,D,20190717,000000,7.88485,7.95901,7.73819,7.81152,0,0
LEN_PE,D,20190718,000000,7.95901,7.95901,7.73819,7.73819,0,0
LEN_PE,D,20190719,000000,7.88485,7.88485,7.88485,7.88485,0,0
LEN_PE,D,20190722,000000,7.95901,7.95901,7.88485,7.88485,0,0
LEN_PE,D,20190723,000000,7.88485,7.95901,7.88485,7.88485,0,0
LEN_PE,D,20190724,000000,7.95901,7.95901,7.66411,7.73819,0,0
LEN_PE,D,20190725,000000,7.88485,7.95901,7.73819,7.95901,0,0
LEN_PE,D,20190726,000000,7.95901,7.95901,7.95901,7.95901,0,0
LEN_PE,D,20190729,000000,7.81152,7.81152,7.66411,7.66411,0,0
LEN_PE,D,20190730,000000,7.88485,7.88485,7.81152,7.88485,0,0
LEN_PE,D,20190731,000000,7.88485,7.88485,7.59078,7.59078,0,0
LEN_PE,D,20190801,000000,7.59078,7.59078,7.59078,7.59078,0,0
LEN_PE,D,20190802,000000,7.73819,7.73819,7.59078,7.59078,0,0
LEN_PE,D,20190805,000000,7.73819,7.73819,7.59078,7.59078,0,0
LEN_PE,D,20190806,000000,7.51678,7.66411,7.36937,7.59078,0,0
LEN_PE,D,20190807,000000,7.73819,7.73819,7.59078,7.59078,0,0
LEN_PE,D,20190808,000000,7.59078,7.73819,7.59078,7.73819,0,0
LEN_PE,D,20190809,000000,7.73819,7.73819,7.59078,7.59078,0,0
LEN_PE,D,20190812,000000,7.36937,7.66411,7.36937,7.44312,0,0
LEN_PE,D,20190813,000000,7.44312,7.73819,7.44312,7.59078,0,0
LEN_PE,D,20190814,000000,7.66411,7.81152,7.1483,7.1483,0,0
LEN_PE,D,20190816,000000,7.22196,7.36937,7.1483,7.36937,0,0
LEN_PE,D,20190819,000000,7.44312,7.44312,7.36937,7.36937,0,0
LEN_PE,D,20190820,000000,7.44312,7.73819,7.44312,7.44312,0,0
LEN_PE,D,20190821,000000,7.44312,7.51678,7.44312,7.51678,0,0
LEN_PE,D,20190822,000000,7.22196,7.51678,7.22196,7.44312,0,0
LEN_PE,D,20190823,000000,7.44312,7.51678,7.29571,7.51678,0,0
LEN_PE,D,20190826,000000,7.59078,7.59078,7.36937,7.36937,0,0
LEN_PE,D,20190827,000000,7.59078,7.59078,7.29571,7.36937,0,0
LEN_PE,D,20190828,000000,7.51678,7.51678,7.22196,7.29571,0,0
LEN_PE,D,20190829,000000,7.59078,7.59078,7.29571,7.36937,0,0
LEN_PE,D,20190830,000000,7.51678,7.59078,7.29571,7.51678,0,0
LEN_PE,D,20190902,000000,7.51678,7.51678,7.29571,7.36937,0,0
LEN_PE,D,20190903,000000,7.59078,7.59078,7.51678,7.51678,0,0
LEN_PE,D,20190904,000000,7.44312,7.51678,7.44312,7.51678,0,0
LEN_PE,D,20190905,000000,7.36937,7.51678,7.36937,7.51678,0,0
LEN_PE,D,20190906,000000,7.44312,7.51678,7.44312,7.51678,0,0
LEN_PE,D,20190909,000000,7.51678,7.51678,7.36937,7.44312,0,0
LEN_PE,D,20190910,000000,7.44312,7.51678,7.44312,7.51678,0,0
LEN_PE,D,20190911,000000,7.51678,7.51678,7.44312,7.51678,0,0
LEN_PE,D,20190912,000000,7.51678,7.59078,7.51678,7.51678,0,0
LEN_PE,D,20190913,000000,7.51678,7.51678,7.44312,7.44312,0,0
LEN_PE,D,20190916,000000,7.22196,7.36937,7.22196,7.29571,0,0
LEN_PE,D,20190917,000000,7.51678,7.51678,7.29571,7.29571,0,0
LEN_PE,D,20190918,000000,7.51678,7.51678,7.29571,7.44312,0,0
LEN_PE,D,20190919,000000,7.44312,7.51678,7.29571,7.29571,0,0
LEN_PE,D,20190920,000000,7.36937,7.36937,7.36937,7.36937,0,0
LEN_PE,D,20190923,000000,7.36937,7.36937,7.36937,7.36937,0,0
LEN_PE,D,20190924,000000,7.51678,7.51678,7.44312,7.44312,0,0
LEN_PE,D,20190925,000000,7.44312,7.44312,7.44312,7.44312,0,0
LEN_PE,D,20190926,000000,7.44312,7.44312,7.36937,7.36937,0,0
LEN_PE,D,20190927,000000,7.44312,7.44312,7.29571,7.44312,0,0
LEN_PE,D,20190930,000000,7.51678,7.51678,7.29571,7.36937,0,0
LEN_PE,D,20191001,000000,7.36937,7.36937,7.29571,7.36937,0,0
LEN_PE,D,20191002,000000,7.36937,7.36937,7.22196,7.36937,0,0
LEN_PE,D,20191003,000000,7.36937,7.36937,7.29571,7.29571,0,0
LEN_PE,D,20191004,000000,7.36937,7.36937,7.29571,7.36937,0,0
LEN_PE,D,20191007,000000,7.36937,7.36937,7.22196,7.22196,0,0
LEN_PE,D,20191008,000000,7.44312,7.44312,7.29571,7.36937,0,0
LEN_PE,D,20191009,000000,7.44312,7.44312,7.22196,7.29571,0,0
LEN_PE,D,20191010,000000,7.51678,7.51678,7.36937,7.36937,0,0
LEN_PE,D,20191011,000000,7.29571,7.44312,7.29571,7.44312,0,0
LEN_PE,D,20191014,000000,7.36937,7.44312,7.22196,7.29571,0,0
LEN_PE,D,20191015,000000,7.44312,7.44312,7.29571,7.29571,0,0
LEN_PE,D,20191016,000000,7.44312,7.44312,7.29571,7.29571,0,0
LEN_PE,D,20191017,000000,7.36937,7.36937,7.29571,7.36937,0,0
LEN_PE,D,20191018,000000,7.36937,7.36937,7.1483,7.29571,0,0
LEN_PE,D,20191021,000000,7.29571,7.36937,7.29571,7.36937,0,0
LEN_PE,D,20191022,000000,7.51678,7.51678,7.44312,7.44312,0,0
LEN_PE,D,20191023,000000,7.51678,7.51678,7.51678,7.51678,0,0
LEN_PE,D,20191024,000000,7.29571,7.51678,7.29571,7.51678,0,0
LEN_PE,D,20191025,000000,7.51678,7.51678,7.44312,7.44312,0,0
LEN_PE,D,20191028,000000,7.51678,7.51678,7.36937,7.36937,0,0
LEN_PE,D,20191029,000000,7.29571,7.36937,7.29571,7.36937,0,0
LEN_PE,D,20191030,000000,7.44312,7.44312,7.44312,7.44312,0,0
LEN_PE,D,20191031,000000,7.44312,7.44312,7.29571,7.36937,0,0
LEN_PE,D,20191104,000000,7.36937,7.51678,7.36937,7.36937,0,0
LEN_PE,D,20191105,000000,7.36937,7.44312,7.36937,7.36937,0,0
LEN_PE,D,20191106,000000,7.44312,7.44312,7.29571,7.44312,0,0
LEN_PE,D,20191107,000000,7.44312,7.44312,7.44312,7.44312,0,0
LEN_PE,D,20191108,000000,7.44312,7.44312,7.44312,7.44312,0,0
LEN_PE,D,20191112,000000,7.44312,7.51678,7.44312,7.51678,0,0
LEN_PE,D,20191113,000000,7.51678,7.51678,7.36937,7.51678,0,0
LEN_PE,D,20191114,000000,7.51678,7.51678,7.44312,7.44312,0,0
LEN_PE,D,20191115,000000,7.44312,7.44312,7.29571,7.44312,0,0
LEN_PE,D,20191118,000000,7.51678,7.51678,7.44312,7.51678,0,0
LEN_PE,D,20191119,000000,7.51678,7.51678,7.51678,7.51678,0,0
LEN_PE,D,20191120,000000,7.51678,7.51678,7.44312,7.51678,0,0
LEN_PE,D,20191121,000000,7.44312,7.51678,7.44312,7.51678,0,0
LEN_PE,D,20191122,000000,7.59078,7.59078,7.51678,7.51678,0,0
LEN_PE,D,20191125,000000,7.66411,7.66411,7.51678,7.51678,0,0
LEN_PE,D,20191126,000000,7.44312,7.66411,7.44312,7.66411,0,0
LEN_PE,D,20191127,000000,7.66411,7.66411,7.66411,7.66411,0,0
LEN_PE,D,20191128,000000,7.66411,7.73819,7.66411,7.66411,0,0
LEN_PE,D,20191129,000000,7.66411,7.66411,7.66411,7.66411,0,0
LEN_PE,D,20191202,000000,7.66411,7.73819,7.59078,7.73819,0,0
LEN_PE,D,20191203,000000,7.73819,7.73819,7.66411,7.73819,0,0
LEN_PE,D,20191204,000000,7.73819,7.73819,7.73819,7.73819,0,0
LEN_PE,D,20191205,000000,7.73819,8.40124,7.59078,7.59078,0,0
LEN_PE,D,20191206,000000,7.95901,7.95901,7.66411,7.88485,0,0
LEN_PE,D,20191209,000000,7.95901,7.95901,7.66411,7.95901,0,0
LEN_PE,D,20191210,000000,7.95901,7.95901,7.95901,7.95901,0,0
LEN_PE,D,20191211,000000,7.95901,7.95901,7.73819,7.95901,0,0
LEN_PE,D,20191212,000000,7.95901,7.95901,7.81152,7.81152,0,0
LEN_PE,D,20191213,000000,7.81152,8.03208,7.81152,7.95901,0,0
LEN_PE,D,20191216,000000,7.95901,7.95901,7.73819,7.81152,0,0
LEN_PE,D,20191217,000000,7.95901,8.03208,7.88485,8.03208,0,0
LEN_PE,D,20191218,000000,8.03208,8.03208,7.95901,8.03208,0,0
LEN_PE,D,20191219,000000,8.03208,8.03208,7.88485,7.88485,0,0
LEN_PE,D,20191220,000000,7.95901,7.95901,7.88485,7.88485,0,0
LEN_PE,D,20191223,000000,8.03208,8.03208,7.88485,7.88485,0,0
LEN_PE,D,20191227,000000,7.88485,7.95901,7.88485,7.95901,0,0
LEN_PE,D,20191230,000000,7.95901,8.03208,7.81152,8.03208,0,0
LEN_PE,D,20200102,000000,8.10625,8.32706,8.10625,8.10625,0,0
LEN_PE,D,20200103,000000,8.32706,8.32706,7.95901,8.25374,0,0
LEN_PE,D,20200107,000000,8.25374,8.32706,8.25374,8.32706,0,0
LEN_PE,D,20200108,000000,8.32706,8.40124,8.25374,8.32706,0,0
LEN_PE,D,20200109,000000,8.32706,8.40124,8.32706,8.40124,0,0
LEN_PE,D,20200110,000000,8.40124,8.62206,8.40124,8.47457,0,0
LEN_PE,D,20200113,000000,8.62206,8.69621,8.54873,8.54873,0,0
LEN_PE,D,20200114,000000,8.62206,8.69621,8.54873,8.69621,0,0
LEN_PE,D,20200115,000000,8.69621,8.69621,8.62206,8.69621,0,0
LEN_PE,D,20200116,000000,8.76954,8.76954,8.69621,8.69621,0,0
LEN_PE,D,20200117,000000,8.69621,8.76954,8.69621,8.69621,0,0
LEN_PE,D,20200120,000000,8.69621,8.84288,8.69621,8.84288,0,0
LEN_PE,D,20200121,000000,8.91708,9.06452,8.91708,8.91708,0,0
LEN_PE,D,20200122,000000,8.91708,8.99041,8.84288,8.99041,0,0
LEN_PE,D,20200123,000000,9.06452,9.06452,8.84288,8.84288,0,0
LEN_PE,D,20200124,000000,8.84288,9.06452,8.69621,8.69621,0,0
LEN_PE,D,20200127,000000,8.99041,8.99041,8.69621,8.84288,0,0
LEN_PE,D,20200128,000000,8.84288,8.91708,8.76954,8.91708,0,0
LEN_PE,D,20200129,000000,8.91708,8.91708,8.91708,8.91708,0,0
LEN_PE,D,20200130,000000,8.76954,8.91708,8.69621,8.69621,0,0
LEN_PE,D,20200131,000000,8.84288,8.84288,8.62206,8.69621,0,0
LEN_PE,D,20200203,000000,8.69621,8.84288,8.62206,8.76954,0,0
LEN_PE,D,20200204,000000,8.84288,8.84288,8.69621,8.69621,0,0
LEN_PE,D,20200205,000000,8.69621,8.84288,8.62206,8.62206,0,0
LEN_PE,D,20200206,000000,8.84288,8.91708,8.69621,8.91708,0,0
LEN_PE,D,20200207,000000,8.99041,8.99041,8.84288,8.84288,0,0
LEN_PE,D,20200210,000000,8.99041,8.99041,8.76954,8.91708,0,0
LEN_PE,D,20200211,000000,8.76954,9.21206,8.76954,9.21206,0,0
LEN_PE,D,20200212,000000,9.13786,9.65455,9.13786,9.58035,0,0
LEN_PE,D,20200213,000000,9.43285,9.43285,9.28535,9.43285,0,0
LEN_PE,D,20200214,000000,9.50706,9.72778,9.50706,9.72778,0,0
LEN_PE,D,20200217,000000,9.65455,9.87531,9.35946,9.50706,0,0
LEN_PE,D,20200218,000000,9.80116,9.80116,9.58035,9.58035,0,0
LEN_PE,D,20200219,000000,9.58035,9.58035,7.81152,8.17957,0,0
LEN_PE,D,20200220,000000,8.25374,8.40124,7.81152,8.17957,0,0
LEN_PE,D,20200221,000000,8.25374,8.25374,7.95901,8.10625,0,0
LEN_PE,D,20200224,000000,8.17957,8.17957,7.81152,7.88485,0,0
LEN_PE,D,20200225,000000,7.95901,7.95901,7.73819,7.88485,0,0
LEN_PE,D,20200226,000000,7.73819,7.95901,7.66411,7.81152,0,0
LEN_PE,D,20200227,000000,7.88485,7.88485,7.29571,7.29571,0,0
LEN_PE,D,20200228,000000,7.29571,7.59078,6.77982,7.59078,0,0
LEN_PE,D,20200302,000000,7.59078,7.59078,7.36937,7.51678,0,0
LEN_PE,D,20200303,000000,7.73819,8.17957,7.59078,8.17957,0,0
LEN_PE,D,20200304,000000,7.95901,8.47457,7.81152,8.17957,0,0
LEN_PE,D,20200305,000000,8.17957,8.17957,7.95901,7.95901,0,0
LEN_PE,D,20200306,000000,7.95901,7.95901,7.73819,7.73819,0,0
LEN_PE,D,20200309,000000,7.66411,7.66411,6.92723,6.92723,0,0
LEN_PE,D,20200310,000000,7.44312,7.44312,6.92723,6.92723,0,0
LEN_PE,D,20200311,000000,7.07464,7.07464,6.63241,6.70615,0,0
LEN_PE,D,20200312,000000,6.70615,6.70615,5.74813,5.74813,0,0
LEN_PE,D,20200313,000000,5.74813,6.77982,5.74813,6.19027,0,0
LEN_PE,D,20200316,000000,6.33767,6.33767,5.15858,6.11661,0,0
LEN_PE,D,20200317,000000,5.82179,6.33767,5.82179,6.33767,0,0
LEN_PE,D,20200318,000000,6.33767,6.55875,6.33767,6.41133,0,0
LEN_PE,D,20200319,000000,6.41133,6.70615,6.19027,6.63241,0,0
LEN_PE,D,20200320,000000,7.00089,7.22196,6.33767,6.41133,0,0
LEN_PE,D,20200323,000000,6.26402,6.55875,5.89554,6.11661,0,0
LEN_PE,D,20200324,000000,6.70615,6.92723,6.19027,6.77982,0,0
LEN_PE,D,20200325,000000,7.00089,7.07464,6.55875,6.70615,0,0
LEN_PE,D,20200326,000000,6.85357,7.07464,6.70615,7.00089,0,0
LEN_PE,D,20200327,000000,7.00089,7.1483,6.92723,7.07464,0,0
LEN_PE,D,20200330,000000,7.22196,7.22196,6.70615,7.00089,0,0
LEN_PE,D,20200331,000000,7.00089,8.84288,6.77982,8.84288,0,0
LEN_PE,D,20200401,000000,8.69621,9.06452,8.62206,8.99041,0,0
LEN_PE,D,20200402,000000,8.99041,8.99041,8.84288,8.84288,0,0
LEN_PE,D,20200403,000000,8.99041,8.99041,8.69621,8.84288,0,0
LEN_PE,D,20200406,000000,8.99041,8.99041,8.69621,8.91708,0,0
LEN_PE,D,20200407,000000,8.91708,9.21206,8.91708,8.99041,0,0
LEN_PE,D,20200408,000000,9.06452,9.06452,8.99041,8.99041,0,0
LEN_PE,D,20200409,000000,8.99041,9.06452,8.99041,9.06452,0,0
LEN_PE,D,20200414,000000,9.06452,9.87531,9.06452,9.80116,0,0
LEN_PE,D,20200415,000000,10.0228,10.0228,9.13786,9.28535,0,0
LEN_PE,D,20200416,000000,9.50706,9.50706,9.28535,9.50706,0,0
LEN_PE,D,20200417,000000,9.50706,9.72778,9.28535,9.28535,0,0
LEN_PE,D,20200420,000000,9.58035,9.65455,9.28535,9.58035,0,0
LEN_PE,D,20200421,000000,9.72778,9.72778,9.06452,9.13786,0,0
LEN_PE,D,20200422,000000,9.50706,9.50706,9.21206,9.50706,0,0
LEN_PE,D,20200423,000000,9.50706,9.50706,9.43285,9.50706,0,0
LEN_PE,D,20200424,000000,9.35946,9.50706,9.35946,9.50706,0,0
LEN_PE,D,20200427,000000,9.50706,9.80116,9.43285,9.65455,0,0
LEN_PE,D,20200428,000000,9.72778,9.72778,9.58035,9.58035,0,0
LEN_PE,D,20200429,000000,9.58035,9.65455,9.58035,9.58035,0,0
LEN_PE,D,20200430,000000,9.72778,9.72778,9.58035,9.65455,0,0
LEN_PE,D,20200504,000000,9.65455,9.80116,9.58035,9.72778,0,0
LEN_PE,D,20200505,000000,9.72778,9.87531,9.72778,9.80116,0,0
LEN_PE,D,20200506,000000,9.87531,10.4646,9.87531,10.0961,0,0
LEN_PE,D,20200507,000000,10.2437,10.5378,10.1703,10.1703,0,0
LEN_PE,D,20200508,000000,10.3169,10.3169,9.94869,10.2437,0,0
LEN_PE,D,20200511,000000,10.3169,10.5378,10.3169,10.4646,0,0
LEN_PE,D,20200512,000000,10.4646,10.4646,10.2437,10.3903,0,0
LEN_PE,D,20200513,000000,10.4646,10.4646,10.3169,10.3903,0,0
LEN_PE,D,20200514,000000,10.3903,10.3903,10.0961,10.1703,0,0
LEN_PE,D,20200515,000000,10.4646,10.4646,9.43285,9.43285,0,0
LEN_PE,D,20200518,000000,9.43285,9.80116,9.43285,9.58035,0,0
LEN_PE,D,20200519,000000,9.72778,9.94869,9.72778,9.87531,0,0
LEN_PE,D,20200520,000000,9.87531,10.0961,9.80116,10.0228,0,0
LEN_PE,D,20200521,000000,10.0961,10.0961,9.80116,9.80116,0,0
LEN_PE,D,20200522,000000,9.80116,9.94869,9.80116,9.80116,0,0
LEN_PE,D,20200525,000000,9.80116,10.0961,9.65455,10.0961,0,0
LEN_PE,D,20200526,000000,10.0961,10.1703,9.80116,10.0228,0,0
LEN_PE,D,20200527,000000,10.0228,10.0228,9.72778,9.80116,0,0
LEN_PE,D,20200528,000000,9.94869,10.0228,9.80116,10.0228,0,0
LEN_PE,D,20200529,000000,10.0228,10.2437,10.0228,10.2437,0,0
LEN_PE,D,20200601,000000,10.3169,10.7587,10.3169,10.6119,0,0
LEN_PE,D,20200602,000000,10.6853,10.7587,10.6119,10.6119,0,0
LEN_PE,D,20200603,000000,10.7587,10.7587,10.6119,10.6853,0,0
LEN_PE,D,20200604,000000,10.7587,10.7587,10.5378,10.6853,0,0
LEN_PE,D,20200605,000000,10.7587,10.7587,10.6119,10.6853,0,0
LEN_PE,D,20200608,000000,10.7587,10.7587,10.6119,10.7587,0,0
LEN_PE,D,20200609,000000,10.7587,10.7587,10.6853,10.7587,0,0
LEN_PE,D,20200610,000000,10.7587,10.9061,10.7587,10.8328,0,0
LEN_PE,D,20200612,000000,11.7161,11.7161,10.8396,10.8396,0,0
LEN_PE,D,20200615,000000,10.7594,10.7594,10.3608,10.6001,0,0
LEN_PE,D,20200616,000000,10.521,10.521,10.0422,10.2816,0,0
LEN_PE,D,20200617,000000,10.3608,10.3608,10.0422,10.0422,0,0
LEN_PE,D,20200618,000000,10.0422,10.2816,10.0422,10.0422,0,0
LEN_PE,D,20200619,000000,10.1223,10.1223,10.0422,10.0422,0,0
LEN_PE,D,20200622,000000,10.1223,10.2015,10.0422,10.1223,0,0
LEN_PE,D,20200623,000000,10.1223,10.2015,10.0422,10.1223,0,0
LEN_PE,D,20200624,000000,10.2015,10.2015,10.0422,10.2015,0,0
LEN_PE,D,20200625,000000,10.2015,10.2015,10.0422,10.2015,0,0
LEN_PE,D,20200626,000000,10.2015,10.2015,9.96288,10.1223,0,0
LEN_PE,D,20200629,000000,10.0422,10.0422,9.80367,9.96288,0,0
LEN_PE,D,20200630,000000,9.88294,10.0422,9.88294,9.96288,0,0
LEN_PE,D,20200701,000000,10.0422,10.1223,9.96288,10.1223,0,0
LEN_PE,D,20200702,000000,10.1223,10.1223,9.88294,9.88294,0,0
LEN_PE,D,20200703,000000,9.96288,10.1223,9.96288,10.1223,0,0
LEN_PE,D,20200706,000000,10.2015,10.2015,10.0422,10.0422,0,0
LEN_PE,D,20200707,000000,10.0422,10.2015,10.0422,10.0422,0,0
LEN_PE,D,20200708,000000,10.2015,10.2015,10.0422,10.0422,0,0
LEN_PE,D,20200709,000000,10.2816,10.7594,10.0422,10.4409,0,0
LEN_PE,D,20200710,000000,10.4409,10.4409,10.1223,10.2816,0,0
LEN_PE,D,20200713,000000,10.3608,10.4409,10.2015,10.2816,0,0
LEN_PE,D,20200714,000000,10.2816,10.2816,10.0422,10.1223,0,0
LEN_PE,D,20200715,000000,10.1223,10.3608,10.1223,10.1223,0,0
LEN_PE,D,20200716,000000,10.2015,10.2015,9.96288,10.2015,0,0
LEN_PE,D,20200717,000000,10.2816,10.2816,10.0422,10.0422,0,0
LEN_PE,D,20200720,000000,10.0422,10.2015,9.96288,10.0422,0,0
LEN_PE,D,20200721,000000,10.2015,10.2816,10.0422,10.1223,0,0
LEN_PE,D,20200722,000000,10.1223,10.2015,10.1223,10.1223,0,0
LEN_PE,D,20200723,000000,10.1223,10.4409,10.1223,10.2816,0,0
LEN_PE,D,20200724,000000,10.3608,10.3608,10.1223,10.1223,0,0
LEN_PE,D,20200727,000000,10.0422,10.3608,10.0422,10.3608,0,0
LEN_PE,D,20200728,000000,10.4409,10.4409,10.2015,10.3608,0,0
LEN_PE,D,20200729,000000,10.4409,10.4409,10.2816,10.2816,0,0
LEN_PE,D,20200730,000000,10.4409,10.4409,10.1223,10.4409,0,0
LEN_PE,D,20200731,000000,10.3608,10.3608,10.2015,10.3608,0,0
LEN_PE,D,20200803,000000,10.3608,10.3608,10.2015,10.2015,0,0
LEN_PE,D,20200804,000000,10.3608,10.4409,10.1223,10.1223,0,0
LEN_PE,D,20200805,000000,10.3608,10.3608,10.1223,10.3608,0,0
LEN_PE,D,20200806,000000,10.3608,10.3608,10.1223,10.1223,0,0
LEN_PE,D,20200807,000000,10.1223,10.3608,10.1223,10.3608,0,0
LEN_PE,D,20200810,000000,10.3608,10.4409,10.3608,10.3608,0,0
LEN_PE,D,20200811,000000,10.3608,10.3608,10.1223,10.3608,0,0
LEN_PE,D,20200812,000000,10.1223,10.3608,10.1223,10.3608,0,0
LEN_PE,D,20200813,000000,10.3608,10.3608,10.1223,10.2816,0,0
LEN_PE,D,20200814,000000,10.1223,10.3608,10.1223,10.3608,0,0
LEN_PE,D,20200817,000000,10.3608,10.4409,10.2015,10.4409,0,0
LEN_PE,D,20200818,000000,10.4409,10.4409,10.2816,10.3608,0,0
LEN_PE,D,20200819,000000,10.4409,10.4409,10.2816,10.3608,0,0
LEN_PE,D,20200820,000000,10.3608,10.4409,10.2816,10.4409,0,0
LEN_PE,D,20200821,000000,10.4409,12.0346,10.2816,12.0346,0,0
LEN_PE,D,20200824,000000,12.0346,12.1146,11.8754,11.8754,0,0
LEN_PE,D,20200825,000000,11.8754,12.0346,11.8754,12.0346,0,0
LEN_PE,D,20200826,000000,12.0346,12.0346,11.8754,11.8754,0,0
LEN_PE,D,20200827,000000,11.7961,12.1146,11.7961,11.9553,0,0
LEN_PE,D,20200828,000000,11.8754,11.8754,11.7961,11.8754,0,0
LEN_PE,D,20200831,000000,11.8754,11.8754,11.8754,11.8754,0,0
LEN_PE,D,20200901,000000,11.7961,12.1939,11.6369,11.6369,0,0
LEN_PE,D,20200902,000000,11.7161,11.7161,11.5569,11.6369,0,0
LEN_PE,D,20200903,000000,11.6369,11.6369,11.4766,11.4766,0,0
LEN_PE,D,20200904,000000,11.4766,11.4766,11.4766,11.4766,0,0
LEN_PE,D,20200907,000000,11.7161,11.7161,11.4766,11.4766,0,0
LEN_PE,D,20200908,000000,11.7161,11.7161,11.0788,11.3174,0,0
LEN_PE,D,20200909,000000,11.4766,11.4766,10.9988,11.2381,0,0
LEN_PE,D,20200910,000000,11.2381,11.4766,11.2381,11.4766,0,0
LEN_PE,D,20200911,000000,11.4766,11.7961,11.4766,11.7961,0,0
LEN_PE,D,20200914,000000,11.7961,11.7961,11.7161,11.7961,0,0
LEN_PE,D,20200915,000000,11.7961,11.7961,11.5569,11.7161,0,0
LEN_PE,D,20200916,000000,11.7161,11.7161,11.4766,11.7161,0,0
LEN_PE,D,20200917,000000,11.7161,11.9553,11.7161,11.7961,0,0
LEN_PE,D,20200918,000000,11.7961,11.7961,11.7161,11.7161,0,0
LEN_PE,D,20200921,000000,11.7161,11.7961,11.7161,11.7161,0,0
LEN_PE,D,20200922,000000,11.7961,11.7961,11.7161,11.7161,0,0
LEN_PE,D,20200923,000000,11.6369,11.6369,11.3974,11.5569,0,0
LEN_PE,D,20200924,000000,11.3174,11.7961,11.3174,11.6369,0,0
LEN_PE,D,20200925,000000,11.6369,11.6369,11.3174,11.3174,0,0
LEN_PE,D,20200928,000000,11.3174,11.6369,11.2381,11.2381,0,0
LEN_PE,D,20200929,000000,11.2381,11.4766,11.1581,11.3974,0,0
LEN_PE,D,20200930,000000,11.4766,11.4766,11.2381,11.3974,0,0
LEN_PE,D,20201001,000000,11.3174,11.5569,11.2381,11.2381,0,0
LEN_PE,D,20201002,000000,11.4766,11.4766,11.3974,11.3974,0,0
LEN_PE,D,20201005,000000,11.4766,11.7961,11.2381,11.7161,0,0
LEN_PE,D,20201006,000000,11.7961,11.8754,11.7161,11.7161,0,0
LEN_PE,D,20201007,000000,11.7161,11.7161,11.7161,11.7161,0,0
LEN_PE,D,20201008,000000,11.7961,11.7961,11.6369,11.6369,0,0
LEN_PE,D,20201009,000000,11.7961,11.7961,11.3974,11.6369,0,0
LEN_PE,D,20201012,000000,11.7961,11.7961,11.4766,11.7161,0,0
LEN_PE,D,20201013,000000,11.7961,11.7961,11.3174,11.3974,0,0
LEN_PE,D,20201014,000000,11.3974,11.7961,11.3974,11.3974,0,0
LEN_PE,D,20201015,000000,11.4766,11.4766,11.2381,11.4766,0,0
LEN_PE,D,20201016,000000,11.2381,11.4766,11.1581,11.1581,0,0
LEN_PE,D,20201019,000000,11.6369,11.6369,11.3174,11.3974,0,0
LEN_PE,D,20201020,000000,11.4766,11.4766,11.3174,11.4766,0,0
LEN_PE,D,20201021,000000,11.5569,11.7161,11.4766,11.7161,0,0
LEN_PE,D,20201022,000000,11.7161,11.7161,11.3974,11.3974,0,0
LEN_PE,D,20201023,000000,11.3974,11.6369,11.3174,11.4766,0,0
LEN_PE,D,20201026,000000,11.4766,11.4766,11.3174,11.3174,0,0
LEN_PE,D,20201027,000000,11.3174,11.7961,11.1581,11.3174,0,0
LEN_PE,D,20201028,000000,11.6369,11.6369,10.9988,10.9988,0,0
LEN_PE,D,20201029,000000,10.9988,11.1581,10.8396,11.1581,0,0
LEN_PE,D,20201030,000000,11.1581,11.3974,11.1581,11.1581,0,0
LEN_PE,D,20201102,000000,11.3974,11.3974,11.1581,11.2381,0,0
LEN_PE,D,20201103,000000,11.2381,11.4766,11.1581,11.4766,0,0
LEN_PE,D,20201104,000000,11.3974,11.4766,11.3174,11.3174,0,0
LEN_PE,D,20201105,000000,11.4766,11.7961,11.4766,11.4766,0,0
LEN_PE,D,20201106,000000,11.6369,11.6369,11.3174,11.3974,0,0
LEN_PE,D,20201109,000000,11.5569,11.5569,11.3174,11.4766,0,0
LEN_PE,D,20201110,000000,11.4766,11.7161,11.3174,11.7161,0,0
LEN_PE,D,20201112,000000,11.7161,11.7161,11.6369,11.6369,0,0
LEN_PE,D,20201113,000000,11.6369,11.7161,10.1223,10.1223,0,0
LEN_PE,D,20201116,000000,10.3608,10.6001,10.3608,10.521,0,0
LEN_PE,D,20201117,000000,10.521,10.7594,10.3608,10.7594,0,0
LEN_PE,D,20201118,000000,10.7594,10.7594,10.6001,10.6001,0,0
LEN_PE,D,20201119,000000,10.7594,10.7594,10.6001,10.6001,0,0
LEN_PE,D,20201120,000000,10.6001,10.7594,10.521,10.6001,0,0
LEN_PE,D,20201123,000000,10.6802,10.7594,10.6001,10.7594,0,0
LEN_PE,D,20201124,000000,10.6802,10.7594,10.521,10.6802,0,0
LEN_PE,D,20201125,000000,10.6802,10.7594,10.6001,10.6802,0,0
LEN_PE,D,20201126,000000,10.6802,10.6802,10.6001,10.6001,0,0
LEN_PE,D,20201127,000000,10.6001,10.7594,10.2816,10.7594,0,0
LEN_PE,D,20201130,000000,10.8396,10.8396,10.521,10.7594,0,0
LEN_PE,D,20201201,000000,10.6802,10.7594,10.521,10.521,0,0
LEN_PE,D,20201202,000000,10.6001,10.7594,10.521,10.6001,0,0
LEN_PE,D,20201203,000000,10.6001,10.7594,10.6001,10.7594,0,0
LEN_PE,D,20201204,000000,10.7594,10.8396,10.6802,10.8396,0,0
LEN_PE,D,20201207,000000,10.8396,10.9988,10.7594,10.9187,0,0
LEN_PE,D,20201208,000000,10.8396,11.4766,10.8396,11.4766,0,0
LEN_PE,D,20201209,000000,11.5569,11.5569,11.3174,11.3174,0,0
LEN_PE,D,20201210,000000,11.3174,11.4766,11.2381,11.3174,0,0
LEN_PE,D,20201211,000000,11.3174,11.3174,10.9988,11.3174,0,0
LEN_PE,D,20201214,000000,11.3174,11.3174,10.9187,10.9988,0,0
LEN_PE,D,20201215,000000,10.9988,11.1581,10.9988,10.9988,0,0
LEN_PE,D,20201216,000000,11.1581,11.1581,10.9988,11.0788,0,0
LEN_PE,D,20201217,000000,11.1581,11.1581,10.9187,10.9187,0,0
LEN_PE,D,20201218,000000,10.9988,11.0788,10.9988,10.9988,0,0
LEN_PE,D,20201221,000000,10.7594,10.8396,10.7594,10.7594,0,0
LEN_PE,D,20201222,000000,10.9988,11.1581,10.8396,11.1581,0,0
LEN_PE,D,20201223,000000,11.1581,11.3974,11.1581,11.2381,0,0
LEN_PE,D,20201228,000000,11.3974,11.3974,11.0788,11.2381,0,0
LEN_PE,D,20201229,000000,11.3174,11.4766,11.3174,11.4766,0,0
LEN_PE,D,20201230,000000,11.2381,11.5569,11.2381,11.3174,0,0
LEN_PE,D,20210104,000000,11.3174,11.7961,11.3174,11.6369,0,0
LEN_PE,D,20210105,000000,11.6369,11.7961,11.6369,11.7961,0,0
LEN_PE,D,20210107,000000,11.7961,12.1146,11.7961,12.0346,0,0
LEN_PE,D,20210108,000000,12.0346,12.1146,11.7961,12.1146,0,0
LEN_PE,D,20210111,000000,12.1146,12.1146,11.8754,11.9553,0,0
LEN_PE,D,20210112,000000,12.0346,12.0346,11.7961,11.7961,0,0
LEN_PE,D,20210113,000000,12.1146,12.1146,11.7961,11.8754,0,0
LEN_PE,D,20210114,000000,12.1146,12.1146,11.7961,12.0346,0,0
LEN_PE,D,20210115,000000,12.0346,12.0346,11.7961,12.0346,0,0
LEN_PE,D,20210118,000000,12.274,12.274,12.0346,12.0346,0,0
LEN_PE,D,20210119,000000,11.8754,12.1146,11.8754,12.1146,0,0
LEN_PE,D,20210120,000000,12.1146,12.1146,11.9553,12.1146,0,0
LEN_PE,D,20210121,000000,12.1146,12.274,12.0346,12.1939,0,0
LEN_PE,D,20210122,000000,12.1146,12.1939,11.9553,12.1146,0,0
LEN_PE,D,20210125,000000,12.1146,12.3541,12.0346,12.1146,0,0
LEN_PE,D,20210126,000000,12.1146,12.1939,11.9553,11.9553,0,0
LEN_PE,D,20210127,000000,11.9553,12.1939,11.9553,12.0346,0,0
LEN_PE,D,20210128,000000,12.0346,12.1146,11.8754,12.1146,0,0
LEN_PE,D,20210129,000000,12.1146,12.1146,12.0346,12.0346,0,0
LEN_PE,D,20210201,000000,12.1939,12.274,12.1146,12.1146,0,0
LEN_PE,D,20210202,000000,12.274,12.274,12.0346,12.274,0,0
LEN_PE,D,20210203,000000,12.3541,12.3541,12.1146,12.1146,0,0
LEN_PE,D,20210204,000000,12.1146,12.274,12.1146,12.1146,0,0
LEN_PE,D,20210205,000000,12.1939,12.274,12.1146,12.274,0,0
LEN_PE,D,20210208,000000,12.1939,12.274,12.1939,12.274,0,0
LEN_PE,D,20210209,000000,12.274,13.8678,12.1939,13.7085,0,0
LEN_PE,D,20210210,000000,14.2664,14.4258,13.7085,14.1872,0,0
LEN_PE,D,20210211,000000,14.1872,14.4258,14.1872,14.1872,0,0
LEN_PE,D,20210212,000000,14.2664,14.4258,13.9478,14.3465,0,0
LEN_PE,D,20210215,000000,14.3465,14.3465,14.1071,14.1872,0,0
LEN_PE,D,20210216,000000,14.2664,14.4258,14.1071,14.4258,0,0
LEN_PE,D,20210217,000000,14.4258,14.5058,14.2664,14.2664,0,0
LEN_PE,D,20210218,000000,14.5851,14.5851,14.1872,14.1872,0,0
LEN_PE,D,20210219,000000,14.1872,14.4258,13.9478,14.3465,0,0
LEN_PE,D,20210222,000000,14.3465,14.4258,14.1872,14.4258,0,0
LEN_PE,D,20210223,000000,14.4258,14.4258,14.1872,14.1872,0,0
LEN_PE,D,20210224,000000,14.1872,14.6651,14.1872,14.6651,0,0
LEN_PE,D,20210225,000000,14.6651,15.3823,14.6651,15.3031,0,0
LEN_PE,D,20210226,000000,14.9045,14.9045,14.6651,14.7451,0,0
LEN_PE,D,20210301,000000,14.9045,15.3031,14.7451,14.7451,0,0
LEN_PE,D,20210302,000000,15.223,15.3031,14.7451,15.0637,0,0
LEN_PE,D,20210303,000000,15.0637,15.0637,14.5851,14.6651,0,0
LEN_PE,D,20210304,000000,14.5851,14.9836,14.5851,14.9045,0,0
LEN_PE,D,20210305,000000,14.8244,14.8244,14.7451,14.7451,0,0
LEN_PE,D,20210308,000000,14.7451,14.9045,14.7451,14.9045,0,0
LEN_PE,D,20210309,000000,14.9045,14.9836,14.9045,14.9836,0,0
LEN_PE,D,20210310,000000,14.9045,14.9045,14.7451,14.9045,0,0
LEN_PE,D,20210311,000000,14.9045,14.9045,14.7451,14.9045,0,0
LEN_PE,D,20210312,000000,14.9836,14.9836,14.8244,14.9836,0,0
LEN_PE,D,20210315,000000,14.9836,15.0637,14.8244,14.9836,0,0
LEN_PE,D,20210316,000000,14.9045,14.9836,14.9045,14.9045,0,0
LEN_PE,D,20210317,000000,14.8244,14.9836,14.8244,14.9045,0,0
LEN_PE,D,20210318,000000,14.9836,15.0637,14.9836,15.0637,0,0
LEN_PE,D,20210319,000000,14.9836,15.143,14.9836,15.143,0,0
LEN_PE,D,20210322,000000,15.0637,15.3031,15.0637,15.223,0,0
LEN_PE,D,20210323,000000,15.3031,15.5416,15.223,15.5416,0,0
LEN_PE,D,20210324,000000,15.4624,15.5416,15.3031,15.3031,0,0
LEN_PE,D,20210325,000000,15.3031,15.5416,14.8244,14.9045,0,0
LEN_PE,D,20210326,000000,14.9045,14.9836,14.8244,14.9836,0,0
LEN_PE,D,20210329,000000,14.9836,14.9836,14.7451,14.9836,0,0
LEN_PE,D,20210330,000000,14.9045,14.9836,14.9045,14.9836,0,0
LEN_PE,D,20210331,000000,14.9836,14.9836,14.9045,14.9836,0,0
LEN_PE,D,20210401,000000,14.9045,15.0637,14.9045,14.9836,0,0
LEN_PE,D,20210406,000000,14.9836,14.9836,14.9045,14.9045,0,0
LEN_PE,D,20210407,000000,14.8244,14.9045,14.8244,14.9045,0,0
LEN_PE,D,20210408,000000,14.9045,14.9045,14.8244,14.8244,0,0
LEN_PE,D,20210409,000000,14.8244,14.9045,14.7451,14.8244,0,0
LEN_PE,D,20210412,000000,14.7451,14.8244,14.7451,14.8244,0,0
LEN_PE,D,20210413,000000,14.8244,14.9045,14.7451,14.7451,0,0
LEN_PE,D,20210414,000000,14.8244,14.8244,14.5851,14.5851,0,0
LEN_PE,D,20210415,000000,14.5058,14.5851,14.5058,14.5058,0,0
LEN_PE,D,20210416,000000,14.5058,14.5058,14.4258,14.4258,0,0
LEN_PE,D,20210419,000000,14.4258,14.4258,14.2664,14.2664,0,0
LEN_PE,D,20210420,000000,14.5058,14.5058,7.81075,7.81075,0,0
LEN_PE,D,20210421,000000,7.81075,7.89049,7.81075,7.89049,0,0
LEN_PE,D,20210422,000000,7.89049,7.89049,7.65139,7.65139,0,0
LEN_PE,D,20210423,000000,7.65139,7.81075,7.65139,7.73103,0,0
LEN_PE,D,20210426,000000,7.73103,7.81075,7.65139,7.81075,0,0
LEN_PE,D,20210427,000000,7.89049,7.89049,7.81075,7.89049,0,0
LEN_PE,D,20210428,000000,7.89049,7.89049,7.81075,7.89049,0,0
LEN_PE,D,20210429,000000,7.89049,7.89049,7.89049,7.89049,0,0
LEN_PE,D,20210430,000000,7.89049,8.04979,7.89049,8.04979,0,0
LEN_PE,D,20210504,000000,8.04979,8.36837,8.04979,8.28914,0,0
LEN_PE,D,20210505,000000,8.36837,8.36837,8.20908,8.36837,0,0
LEN_PE,D,20210506,000000,8.36837,8.36837,8.28914,8.36837,0,0
LEN_PE,D,20210507,000000,8.36837,8.36837,8.20908,8.28914,0,0
LEN_PE,D,20210510,000000,8.28914,8.28914,8.20908,8.28914,0,0
LEN_PE,D,20210511,000000,8.28914,8.44844,8.28914,8.36837,0,0
LEN_PE,D,20210512,000000,8.36837,8.36837,8.28914,8.28914,0,0
LEN_PE,D,20210513,000000,8.28914,8.36837,8.20908,8.36837,0,0
LEN_PE,D,20210514,000000,8.36837,8.36837,7.73103,7.73103,0,0
LEN_PE,D,20210517,000000,7.73103,7.89049,7.73103,7.89049,0,0
LEN_PE,D,20210518,000000,7.89049,7.89049,7.81075,7.81075,0,0
LEN_PE,D,20210519,000000,7.81075,7.89049,7.81075,7.81075,0,0
LEN_PE,D,20210520,000000,7.89049,8.04979,7.89049,7.97013,0,0
LEN_PE,D,20210521,000000,7.97013,8.12985,7.97013,8.12985,0,0
LEN_PE,D,20210524,000000,8.12985,8.20908,8.12985,8.20908,0,0
LEN_PE,D,20210525,000000,8.20908,8.20908,8.12985,8.12985,0,0
LEN_PE,D,20210526,000000,8.12985,8.12985,7.89049,8.12985,0,0
LEN_PE,D,20210527,000000,8.12985,8.20908,7.97013,8.12985,0,0
LEN_PE,D,20210528,000000,8.12985,8.12985,7.97013,8.12985,0,0
LEN_PE,D,20210531,000000,8.12985,8.12985,8.04979,8.04979,0,0
LEN_PE,D,20210601,000000,8.04979,8.04979,7.89049,8.04979,0,0
LEN_PE,D,20210602,000000,8.04979,8.04979,7.97013,7.97013,0,0
LEN_PE,D,20210604,000000,7.97013,8.04979,7.97013,8.04979,0,0
LEN_PE,D,20210607,000000,8.12985,8.36837,8.04979,8.36837,0,0
LEN_PE,D,20210608,000000,8.36837,8.36837,7.97013,8.28914,0,0
LEN_PE,D,20210609,000000,8.28914,8.28914,8.20908,8.20908,0,0
LEN_PE,D,20210610,000000,8.20908,8.20908,8.20908,8.20908,0,0
LEN_PE,D,20210611,000000,8.34393,8.34393,8.09108,8.34393,0,0
LEN_PE,D,20210614,000000,8.84963,8.84963,8.34393,8.34393,0,0
LEN_PE,D,20210615,000000,8.34393,8.34393,8.17537,8.25964,0,0
LEN_PE,D,20210616,000000,8.25964,8.34393,8.17537,8.17537,0,0
LEN_PE,D,20210617,000000,8.17537,8.17537,7.92251,8.09108,0,0
LEN_PE,D,20210618,000000,8.09108,8.09108,7.83824,7.83824,0,0
LEN_PE,D,20210621,000000,7.75395,8.09108,7.75395,7.92251,0,0
LEN_PE,D,20210622,000000,7.83824,8.09108,7.83824,8.09108,0,0
LEN_PE,D,20210623,000000,8.09108,8.09108,7.92251,7.92251,0,0
LEN_PE,D,20210624,000000,8.00679,8.09108,8.00679,8.09108,0,0
LEN_PE,D,20210625,000000,8.09108,8.09108,7.92251,8.00679,0,0
LEN_PE,D,20210628,000000,8.00679,8.09108,7.92251,7.92251,0,0
LEN_PE,D,20210629,000000,8.00679,8.00679,7.92251,8.00679,0,0
LEN_PE,D,20210630,000000,8.00679,8.09108,8.00679,8.09108,0,0
LEN_PE,D,20210701,000000,8.09108,8.09108,7.83824,7.83824,0,0
LEN_PE,D,20210702,000000,7.92251,8.00679,7.92251,8.00679,0,0
LEN_PE,D,20210705,000000,8.00679,8.00679,7.92251,7.92251,0,0
LEN_PE,D,20210706,000000,8.00679,8.00679,7.92251,8.00679,0,0
LEN_PE,D,20210707,000000,7.92251,8.00679,7.83824,8.00679,0,0
LEN_PE,D,20210708,000000,8.00679,8.00679,7.75395,7.83824,0,0
LEN_PE,D,20210709,000000,7.83824,7.83824,7.75395,7.75395,0,0
LEN_PE,D,20210712,000000,7.75395,7.75395,7.5011,7.66967,0,0
LEN_PE,D,20210713,000000,7.83824,8.00679,7.66967,7.75395,0,0
LEN_PE,D,20210714,000000,7.75395,7.83824,7.58538,7.66967,0,0
LEN_PE,D,20210715,000000,7.75395,7.75395,7.5011,7.5011,0,0
LEN_PE,D,20210716,000000,7.75395,7.75395,7.41682,7.41682,0,0
LEN_PE,D,20210719,000000,7.41682,7.5011,7.16398,7.16398,0,0
LEN_PE,D,20210720,000000,6.91113,7.24825,6.91113,7.16398,0,0
LEN_PE,D,20210721,000000,7.07969,7.58538,7.07969,7.41682,0,0
LEN_PE,D,20210722,000000,7.41682,7.58538,7.41682,7.58538,0,0
LEN_PE,D,20210723,000000,7.33254,7.75395,7.33254,7.5011,0,0
LEN_PE,D,20210726,000000,7.66967,7.83824,7.58538,7.75395,0,0
LEN_PE,D,20210727,000000,7.58538,7.75395,7.58538,7.58538,0,0
LEN_PE,D,20210728,000000,7.75395,7.75395,7.41682,7.5011,0,0
LEN_PE,D,20210729,000000,7.58538,7.58538,7.41682,7.58538,0,0
LEN_PE,D,20210730,000000,7.75395,7.75395,7.58538,7.66967,0,0
LEN_PE,D,20210802,000000,7.5011,7.66967,7.5011,7.58538,0,0
LEN_PE,D,20210803,000000,7.58538,7.66967,7.58538,7.58538,0,0
LEN_PE,D,20210804,000000,7.66967,7.75395,7.66967,7.66967,0,0
LEN_PE,D,20210805,000000,7.66967,7.75395,7.58538,7.75395,0,0
LEN_PE,D,20210806,000000,7.75395,7.75395,7.41682,7.58538,0,0
LEN_PE,D,20210809,000000,7.58538,7.66967,7.5011,7.58538,0,0
LEN_PE,D,20210810,000000,7.66967,7.66967,7.5011,7.5011,0,0
LEN_PE,D,20210811,000000,7.66967,7.66967,7.58538,7.58538,0,0
LEN_PE,D,20210812,000000,7.66967,7.66967,7.41682,7.5011,0,0
LEN_PE,D,20210813,000000,7.66967,7.83824,7.66967,7.83824,0,0
LEN_PE,D,20210816,000000,7.83824,7.92251,7.75395,7.92251,0,0
LEN_PE,D,20210817,000000,7.92251,7.92251,7.83824,7.92251,0,0
LEN_PE,D,20210818,000000,7.92251,7.92251,7.75395,7.92251,0,0
LEN_PE,D,20210819,000000,7.92251,7.92251,7.5011,7.58538,0,0
LEN_PE,D,20210820,000000,7.83824,7.83824,7.5011,7.58538,0,0
LEN_PE,D,20210823,000000,7.5011,7.83824,7.5011,7.66967,0,0
LEN_PE,D,20210824,000000,7.75395,7.83824,7.58538,7.75395,0,0
LEN_PE,D,20210825,000000,7.83824,7.83824,7.66967,7.75395,0,0
LEN_PE,D,20210826,000000,7.75395,7.83824,7.66967,7.66967,0,0
LEN_PE,D,20210827,000000,7.66967,7.83824,7.66967,7.83824,0,0
LEN_PE,D,20210830,000000,7.83824,7.92251,7.75395,7.83824,0,0
LEN_PE,D,20210831,000000,7.83824,7.83824,7.66967,7.75395,0,0
LEN_PE,D,20210901,000000,7.66967,7.75395,7.5011,7.58538,0,0
LEN_PE,D,20210902,000000,7.66967,7.66967,7.33254,7.58538,0,0
LEN_PE,D,20210903,000000,7.58538,7.58538,7.58538,7.58538,0,0
LEN_PE,D,20210906,000000,7.58538,7.83824,7.58538,7.83824,0,0
LEN_PE,D,20210907,000000,7.83824,7.83824,7.66967,7.83824,0,0
LEN_PE,D,20210908,000000,7.75395,7.83824,7.66967,7.66967,0,0
LEN_PE,D,20210909,000000,7.66967,7.75395,7.58538,7.75395,0,0
LEN_PE,D,20210910,000000,7.75395,7.75395,7.66967,7.75395,0,0
LEN_PE,D,20210913,000000,7.75395,7.83824,7.66967,7.75395,0,0
LEN_PE,D,20210914,000000,7.75395,7.75395,7.66967,7.66967,0,0
LEN_PE,D,20210915,000000,7.66967,7.75395,7.66967,7.75395,0,0
LEN_PE,D,20210916,000000,7.75395,7.75395,7.66967,7.66967,0,0
LEN_PE,D,20210917,000000,7.66967,7.66967,7.58538,7.58538,0,0
LEN_PE,D,20210920,000000,7.66967,7.66967,7.5011,7.5011,0,0
LEN_PE,D,20210921,000000,7.41682,7.58538,7.33254,7.41682,0,0
LEN_PE,D,20210922,000000,7.5011,7.58538,7.41682,7.5011,0,0
LEN_PE,D,20210923,000000,7.58538,7.75395,7.58538,7.58538,0,0
LEN_PE,D,20210924,000000,7.58538,7.58538,7.5011,7.58538,0,0
LEN_PE,D,20210927,000000,7.66967,7.66967,7.5011,7.5011,0,0
LEN_PE,D,20210928,000000,7.66967,7.66967,7.5011,7.5011,0,0
LEN_PE,D,20210929,000000,7.41682,7.41682,7.41682,7.41682,0,0
LEN_PE,D,20210930,000000,7.41682,7.41682,7.33254,7.41682,0,0
LEN_PE,D,20211001,000000,7.33254,7.5011,7.33254,7.41682,0,0
LEN_PE,D,20211004,000000,7.41682,7.41682,7.33254,7.33254,0,0
LEN_PE,D,20211005,000000,7.41682,7.5011,7.33254,7.5011,0,0
LEN_PE,D,20211006,000000,7.5011,7.58538,7.41682,7.5011,0,0
LEN_PE,D,20211007,000000,7.41682,7.5011,7.41682,7.41682,0,0
LEN_PE,D,20211008,000000,7.41682,7.58538,7.41682,7.5011,0,0
LEN_PE,D,20211011,000000,7.5011,7.58538,7.5011,7.58538,0,0
LEN_PE,D,20211012,000000,7.58538,7.58538,7.5011,7.5011,0,0
LEN_PE,D,20211013,000000,7.58538,7.58538,7.41682,7.41682,0,0
LEN_PE,D,20211014,000000,7.5011,7.58538,7.41682,7.41682,0,0
LEN_PE,D,20211015,000000,7.41682,7.5011,7.41682,7.5011,0,0
LEN_PE,D,20211018,000000,7.58538,7.58538,7.5011,7.58538,0,0
LEN_PE,D,20211019,000000,7.58538,7.58538,7.5011,7.58538,0,0
LEN_PE,D,20211020,000000,7.66967,7.66967,7.5011,7.58538,0,0
LEN_PE,D,20211021,000000,7.58538,7.58538,7.5011,7.58538,0,0
LEN_PE,D,20211022,000000,7.58538,7.58538,7.24825,7.33254,0,0
LEN_PE,D,20211025,000000,7.33254,7.33254,7.16398,7.16398,0,0
LEN_PE,D,20211026,000000,7.16398,7.24825,7.16398,7.24825,0,0
LEN_PE,D,20211027,000000,7.24825,7.41682,7.24825,7.33254,0,0
LEN_PE,D,20211028,000000,7.33254,7.33254,7.24825,7.24825,0,0
LEN_PE,D,20211029,000000,7.16398,7.24825,7.16398,7.24825,0,0
LEN_PE,D,20211102,000000,7.16398,7.24825,7.16398,7.16398,0,0
LEN_PE,D,20211103,000000,7.16398,7.24825,7.16398,7.24825,0,0
LEN_PE,D,20211104,000000,7.24825,7.24825,7.07969,7.07969,0,0
LEN_PE,D,20211105,000000,7.07969,7.24825,7.07969,7.16398,0,0
LEN_PE,D,20211108,000000,7.07969,7.16398,7.07969,7.16398,0,0
LEN_PE,D,20211109,000000,7.16398,7.16398,7.07969,7.16398,0,0
LEN_PE,D,20211110,000000,7.16398,7.24825,7.16398,7.16398,0,0
LEN_PE,D,20211112,000000,7.16398,7.16398,7.07969,7.07969,0,0
LEN_PE,D,20211115,000000,7.07969,7.92251,6.99541,7.07969,0,0
LEN_PE,D,20211116,000000,7.16398,7.92251,6.99541,7.92251,0,0
LEN_PE,D,20211117,000000,8.00679,8.00679,7.75395,7.83824,0,0
LEN_PE,D,20211118,000000,7.83824,7.83824,7.66967,7.66967,0,0
LEN_PE,D,20211119,000000,7.58538,7.66967,7.41682,7.66967,0,0
LEN_PE,D,20211122,000000,7.66967,7.75395,7.66967,7.75395,0,0
LEN_PE,D,20211123,000000,7.83824,7.83824,7.66967,7.66967,0,0
LEN_PE,D,20211124,000000,7.75395,7.92251,7.58538,7.75395,0,0
LEN_PE,D,20211125,000000,7.92251,7.92251,7.58538,7.58538,0,0
LEN_PE,D,20211126,000000,7.58538,7.66967,7.5011,7.58538,0,0
LEN_PE,D,20211129,000000,7.58538,7.83824,7.5011,7.83824,0,0
LEN_PE,D,20211130,000000,7.75395,8.09108,7.75395,8.09108,0,0
LEN_PE,D,20211201,000000,8.09108,8.09108,7.92251,8.09108,0,0
LEN_PE,D,20211202,000000,8.09108,8.17537,7.92251,8.00679,0,0
LEN_PE,D,20211203,000000,8.00679,8.00679,7.92251,8.00679,0,0
LEN_PE,D,20211206,000000,7.83824,8.00679,7.66967,7.92251,0,0
LEN_PE,D,20211207,000000,7.92251,8.00679,7.83824,8.00679,0,0
LEN_PE,D,20211208,000000,8.00679,8.00679,7.92251,7.92251,0,0
LEN_PE,D,20211209,000000,8.00679,8.00679,7.83824,7.83824,0,0
LEN_PE,D,20211210,000000,7.92251,8.00679,7.75395,8.00679,0,0
LEN_PE,D,20211213,000000,8.00679,8.00679,7.83824,7.83824,0,0
LEN_PE,D,20211214,000000,7.92251,7.92251,7.66967,7.66967,0,0
LEN_PE,D,20211215,000000,7.83824,7.83824,7.66967,7.83824,0,0
LEN_PE,D,20211216,000000,7.83824,7.83824,7.24825,7.41682,0,0
LEN_PE,D,20211217,000000,7.41682,7.83824,7.33254,7.83824,0,0
LEN_PE,D,20211220,000000,7.83824,7.83824,7.5011,7.5011,0,0
LEN_PE,D,20211221,000000,7.5011,7.66967,7.5011,7.66967,0,0
LEN_PE,D,20211222,000000,7.66967,7.66967,7.58538,7.66967,0,0
LEN_PE,D,20211223,000000,7.66967,7.66967,7.66967,7.66967,0,0
LEN_PE,D,20211227,000000,7.58538,7.66967,7.58538,7.66967,0,0
LEN_PE,D,20211228,000000,7.66967,7.83824,7.58538,7.58538,0,0
LEN_PE,D,20211229,000000,7.75395,7.75395,7.58538,7.75395,0,0
LEN_PE,D,20211230,000000,7.75395,7.92251,7.58538,7.92251,0,0
LEN_PE,D,20220103,000000,7.92251,7.92251,7.83824,7.92251,0,0
LEN_PE,D,20220104,000000,7.92251,7.92251,7.66967,7.75395,0,0
LEN_PE,D,20220105,000000,7.83824,7.83824,7.75395,7.83824,0,0
LEN_PE,D,20220107,000000,7.83824,7.83824,7.83824,7.83824,0,0
LEN_PE,D,20220110,000000,7.83824,7.83824,7.66967,7.75395,0,0
LEN_PE,D,20220111,000000,7.75395,7.75395,7.66967,7.75395,0,0
LEN_PE,D,20220112,000000,7.75395,7.92251,7.75395,7.83824,0,0
LEN_PE,D,20220113,000000,7.83824,7.92251,7.83824,7.92251,0,0
LEN_PE,D,20220114,000000,7.92251,7.92251,7.75395,7.75395,0,0
LEN_PE,D,20220117,000000,7.83824,7.83824,7.75395,7.83824,0,0
LEN_PE,D,20220118,000000,7.92251,7.92251,7.83824,7.83824,0,0
LEN_PE,D,20220119,000000,7.83824,7.92251,7.75395,7.83824,0,0
LEN_PE,D,20220120,000000,7.83824,7.92251,7.75395,7.92251,0,0
LEN_PE,D,20220121,000000,8.00679,8.00679,7.75395,7.83824,0,0
LEN_PE,D,20220124,000000,7.92251,7.92251,7.58538,7.58538,0,0
LEN_PE,D,20220125,000000,7.58538,7.75395,7.24825,7.75395,0,0
LEN_PE,D,20220126,000000,7.66967,7.83824,7.66967,7.75395,0,0
LEN_PE,D,20220127,000000,7.66967,7.75395,7.66967,7.66967,0,0
LEN_PE,D,20220128,000000,7.58538,8.17537,7.58538,8.09108,0,0
LEN_PE,D,20220131,000000,8.09108,8.09108,7.66967,7.75395,0,0
LEN_PE,D,20220201,000000,7.83824,7.83824,7.83824,7.83824,0,0
LEN_PE,D,20220202,000000,7.83824,7.83824,7.75395,7.83824,0,0
LEN_PE,D,20220203,000000,7.83824,8.00679,7.83824,7.83824,0,0
LEN_PE,D,20220204,000000,7.92251,8.09108,7.83824,7.83824,0,0
LEN_PE,D,20220207,000000,8.00679,8.00679,7.75395,7.92251,0,0
LEN_PE,D,20220208,000000,7.92251,7.92251,7.83824,7.92251,0,0
LEN_PE,D,20220209,000000,8.00679,8.00679,7.83824,7.83824,0,0
LEN_PE,D,20220210,000000,8.00679,8.00679,7.83824,7.83824,0,0
LEN_PE,D,20220211,000000,8.00679,8.00679,7.75395,7.92251,0,0
LEN_PE,D,20220214,000000,7.75395,7.75395,7.66967,7.66967,0,0
LEN_PE,D,20220215,000000,7.75395,8.00679,7.66967,8.00679,0,0
LEN_PE,D,20220216,000000,7.83824,7.83824,7.75395,7.75395,0,0
LEN_PE,D,20220217,000000,7.83824,7.83824,7.66967,7.66967,0,0
LEN_PE,D,20220218,000000,7.75395,7.92251,7.66967,7.66967,0,0
LEN_PE,D,20220221,000000,7.66967,7.83824,7.41682,7.83824,0,0
LEN_PE,D,20220222,000000,7.66967,7.83824,7.58538,7.75395,0,0
LEN_PE,D,20220223,000000,7.66967,7.66967,7.5011,7.58538,0,0
LEN_PE,D,20220224,000000,7.5011,7.75395,7.16398,7.41682,0,0
LEN_PE,D,20220225,000000,7.33254,7.66967,7.33254,7.5011,0,0
LEN_PE,D,20220228,000000,7.5011,7.58538,7.24825,7.58538,0,0
LEN_PE,D,20220301,000000,7.58538,7.66967,7.58538,7.58538,0,0
LEN_PE,D,20220302,000000,7.66967,7.66967,7.33254,7.41682,0,0
LEN_PE,D,20220303,000000,7.41682,7.5011,7.41682,7.5011,0,0
LEN_PE,D,20220304,000000,7.5011,7.58538,7.33254,7.5011,0,0
LEN_PE,D,20220307,000000,7.07969,7.41682,7.07969,7.33254,0,0
LEN_PE,D,20220308,000000,7.24825,7.33254,7.16398,7.24825,0,0
LEN_PE,D,20220309,000000,7.24825,7.41682,7.24825,7.41682,0,0
LEN_PE,D,20220310,000000,7.41682,7.41682,7.33254,7.33254,0,0
LEN_PE,D,20220311,000000,7.5011,7.66967,7.5011,7.58538,0,0
LEN_PE,D,20220314,000000,7.66967,7.66967,7.41682,7.58538,0,0
LEN_PE,D,20220315,000000,7.5011,7.58538,7.41682,7.58538,0,0
LEN_PE,D,20220316,000000,7.58538,7.66967,7.41682,7.58538,0,0
LEN_PE,D,20220317,000000,7.66967,8.00679,7.66967,7.92251,0,0
LEN_PE,D,20220318,000000,7.92251,7.92251,7.5011,7.83824,0,0
LEN_PE,D,20220321,000000,7.66967,7.83824,7.58538,7.58538,0,0
LEN_PE,D,20220322,000000,7.5011,7.58538,7.16398,7.33254,0,0
LEN_PE,D,20220323,000000,7.33254,7.58538,7.33254,7.5011,0,0
LEN_PE,D,20220324,000000,7.5011,7.75395,7.5011,7.66967,0,0
LEN_PE,D,20220325,000000,7.66967,7.92251,7.66967,7.92251,0,0
LEN_PE,D,20220328,000000,8.00679,8.09108,7.83824,8.09108,0,0
LEN_PE,D,20220329,000000,7.92251,8.17537,7.92251,8.09108,0,0
LEN_PE,D,20220330,000000,8.00679,8.09108,8.00679,8.09108,0,0
LEN_PE,D,20220331,000000,8.09108,8.25964,8.00679,8.09108,0,0
LEN_PE,D,20220401,000000,8.17537,8.17537,8.09108,8.09108,0,0
LEN_PE,D,20220404,000000,8.09108,8.17537,8.00679,8.00679,0,0
LEN_PE,D,20220405,000000,8.00679,8.09108,8.00679,8.09108,0,0
LEN_PE,D,20220406,000000,7.83824,8.17537,7.83824,7.92251,0,0
LEN_PE,D,20220407,000000,8.17537,8.17537,8.00679,8.09108,0,0
LEN_PE,D,20220408,000000,8.09108,8.09108,8.00679,8.00679,0,0
LEN_PE,D,20220411,000000,8.09108,8.17537,8.00679,8.09108,0,0
LEN_PE,D,20220412,000000,8.17537,8.17537,8.00679,8.00679,0,0
LEN_PE,D,20220413,000000,8.09108,8.09108,8.00679,8.00679,0,0
LEN_PE,D,20220414,000000,8.09108,8.09108,7.83824,8.00679,0,0
LEN_PE,D,20220419,000000,8.09108,8.09108,7.75395,8.00679,0,0
LEN_PE,D,20220420,000000,8.00679,8.00679,7.92251,7.92251,0,0
LEN_PE,D,20220421,000000,7.92251,8.00679,7.92251,8.00679,0,0
LEN_PE,D,20220422,000000,8.00679,8.00679,7.75395,8.00679,0,0
LEN_PE,D,20220425,000000,7.83824,8.00679,7.66967,7.92251,0,0
LEN_PE,D,20220426,000000,7.66967,7.92251,7.16398,7.24825,0,0
LEN_PE,D,20220427,000000,7.24825,7.24825,6.65828,6.65828,0,0
LEN_PE,D,20220428,000000,6.74257,7.16398,6.74257,7.07969,0,0
LEN_PE,D,20220429,000000,7.16398,9.18674,6.99541,9.18674,0,0
LEN_PE,D,20220502,000000,9.271,9.35535,8.84963,8.93387,0,0
LEN_PE,D,20220504,000000,8.84963,8.93387,8.7653,8.93387,0,0
LEN_PE,D,20220505,000000,8.93387,9.35535,8.93387,9.18674,0,0
LEN_PE,D,20220506,000000,9.18674,9.43961,8.93387,9.0182,0,0
LEN_PE,D,20220509,000000,9.271,9.271,8.93387,9.0182,0,0
LEN_PE,D,20220510,000000,9.0182,9.0182,8.93387,9.0182,0,0
LEN_PE,D,20220511,000000,9.18674,9.18674,8.7653,8.93387,0,0
LEN_PE,D,20220512,000000,8.7653,9.0182,8.4282,8.4282,0,0
LEN_PE,D,20220513,000000,8.7653,9.0182,8.68106,8.93387,0,0
LEN_PE,D,20220516,000000,8.7653,8.7653,8.51249,8.68106,0,0
LEN_PE,D,20220517,000000,8.84963,9.0182,8.84963,9.0182,0,0
LEN_PE,D,20220518,000000,9.10244,9.10244,8.93387,8.93387,0,0
LEN_PE,D,20220519,000000,8.68106,8.84963,8.59677,8.84963,0,0
LEN_PE,D,20220520,000000,9.18674,9.18674,9.18674,9.18674,0,0
LEN_PE,D,20220523,000000,9.18674,9.18674,9.10244,9.18674,0,0
LEN_PE,D,20220524,000000,9.10244,9.18674,8.93387,9.18674,0,0
LEN_PE,D,20220525,000000,9.271,9.271,8.93387,9.10244,0,0
LEN_PE,D,20220526,000000,8.93387,9.18674,8.93387,9.18674,0,0
LEN_PE,D,20220527,000000,9.271,9.271,8.93387,8.93387,0,0
LEN_PE,D,20220530,000000,8.93387,8.93387,8.84963,8.84963,0,0
LEN_PE,D,20220531,000000,8.93387,8.93387,8.84963,8.84963,0,0
LEN_PE,D,20220601,000000,9.0182,9.10244,8.84963,8.93387,0,0
LEN_PE,D,20220602,000000,9.10244,9.10244,8.68106,8.68106,0,0
LEN_PE,D,20220603,000000,8.68106,8.84963,8.59677,8.7653,0,0
LEN_PE,D,20220606,000000,8.84963,8.84963,8.68106,8.68106,0,0
LEN_PE,D,20220607,000000,8.7653,8.93387,8.68106,8.84963,0,0
LEN_PE,D,20220608,000000,8.7653,8.93387,8.7653,8.93387,0,0
LEN_PE,D,20220609,000000,8.84963,9.10244,8.84963,9.0182,0,0
LEN_PE,D,20220610,000000,9.0182,9.0182,8.7653,8.93387,0,0
LEN_PE,D,20220613,000000,8.84963,9.10244,8.68106,9.10244,0,0
LEN_PE,D,20220614,000000,9.43705,9.43705,9.00417,9.00417,0,0
LEN_PE,D,20220615,000000,9.00417,9.00417,8.83102,8.83102,0,0
LEN_PE,D,20220617,000000,8.65786,8.65786,8.57128,8.57128,0,0
LEN_PE,D,20220620,000000,8.4847,8.4847,8.39812,8.39812,0,0
LEN_PE,D,20220621,000000,8.4847,8.4847,8.31155,8.4847,0,0
LEN_PE,D,20220622,000000,8.39812,8.39812,8.31155,8.31155,0,0
LEN_PE,D,20220623,000000,8.39812,8.39812,8.31155,8.31155,0,0
LEN_PE,D,20220624,000000,8.31155,8.31155,8.22497,8.22497,0,0
LEN_PE,D,20220627,000000,8.31155,8.39812,8.22497,8.39812,0,0
LEN_PE,D,20220628,000000,8.39812,8.4847,8.39812,8.4847,0,0
LEN_PE,D,20220629,000000,8.39812,8.83102,8.39812,8.74444,0,0
LEN_PE,D,20220630,000000,8.74444,8.83102,8.22497,8.4847,0,0
LEN_PE,D,20220701,000000,8.83102,8.83102,8.31155,8.39812,0,0
LEN_PE,D,20220704,000000,8.65786,8.65786,8.39812,8.65786,0,0
LEN_PE,D,20220705,000000,8.65786,8.74444,8.4847,8.57128,0,0
LEN_PE,D,20220706,000000,8.4847,8.4847,8.31155,8.31155,0,0
LEN_PE,D,20220707,000000,8.4847,8.83102,8.4847,8.74444,0,0
LEN_PE,D,20220708,000000,8.4847,8.4847,8.31155,8.39812,0,0
LEN_PE,D,20220711,000000,8.39812,8.39812,8.39812,8.39812,0,0
LEN_PE,D,20220712,000000,8.39812,8.39812,8.31155,8.31155,0,0
LEN_PE,D,20220713,000000,8.39812,8.57128,8.31155,8.31155,0,0
LEN_PE,D,20220714,000000,8.22497,8.31155,8.22497,8.31155,0,0
LEN_PE,D,20220715,000000,8.65786,8.65786,8.22497,8.22497,0,0
LEN_PE,D,20220718,000000,8.39812,8.39812,7.96523,8.13838,0,0
LEN_PE,D,20220719,000000,8.22497,8.22497,7.87865,8.22497,0,0
LEN_PE,D,20220720,000000,8.13838,8.31155,8.13838,8.22497,0,0
LEN_PE,D,20220721,000000,8.31155,8.31155,8.22497,8.22497,0,0
LEN_PE,D,20220722,000000,8.05182,8.22497,8.05182,8.13838,0,0
LEN_PE,D,20220725,000000,8.57128,8.57128,8.22497,8.31155,0,0
LEN_PE,D,20220726,000000,8.31155,8.39812,8.05182,8.31155,0,0
LEN_PE,D,20220727,000000,8.39812,8.39812,8.13838,8.39812,0,0
LEN_PE,D,20220728,000000,8.39812,8.39812,8.22497,8.39812,0,0
LEN_PE,D,20220729,000000,8.39812,8.39812,8.22497,8.31155,0,0
LEN_PE,D,20220801,000000,8.39812,8.39812,8.22497,8.39812,0,0
LEN_PE,D,20220802,000000,8.39812,8.57128,8.39812,8.4847,0,0
LEN_PE,D,20220803,000000,8.57128,8.57128,8.39812,8.39812,0,0
LEN_PE,D,20220804,000000,8.57128,8.57128,8.39812,8.39812,0,0
LEN_PE,D,20220805,000000,8.39812,8.39812,8.31155,8.31155,0,0
LEN_PE,D,20220808,000000,8.39812,8.39812,8.31155,8.31155,0,0
LEN_PE,D,20220809,000000,8.4847,8.4847,8.31155,8.4847,0,0
LEN_PE,D,20220810,000000,8.57128,9.17733,8.57128,9.00417,0,0
LEN_PE,D,20220811,000000,9.09076,9.09076,8.91759,9.00417,0,0
LEN_PE,D,20220812,000000,9.17733,9.26388,9.00417,9.17733,0,0
LEN_PE,D,20220816,000000,9.26388,9.26388,9.17733,9.17733,0,0
LEN_PE,D,20220817,000000,9.17733,9.17733,8.91759,8.91759,0,0
LEN_PE,D,20220818,000000,9.09076,9.09076,9.00417,9.09076,0,0
LEN_PE,D,20220819,000000,9.26388,9.26388,8.83102,9.09076,0,0
LEN_PE,D,20220822,000000,8.74444,9.09076,8.74444,8.83102,0,0
LEN_PE,D,20220823,000000,8.74444,9.09076,8.74444,9.09076,0,0
LEN_PE,D,20220824,000000,9.09076,9.09076,8.83102,9.00417,0,0
LEN_PE,D,20220825,000000,9.00417,9.00417,8.65786,8.65786,0,0
LEN_PE,D,20220826,000000,8.91759,9.00417,8.91759,9.00417,0,0
LEN_PE,D,20220829,000000,8.91759,8.91759,8.74444,8.91759,0,0
LEN_PE,D,20220830,000000,8.83102,8.83102,8.65786,8.65786,0,0
LEN_PE,D,20220831,000000,8.74444,8.91759,8.74444,8.91759,0,0
LEN_PE,D,20220901,000000,8.83102,8.83102,8.65786,8.74444,0,0
LEN_PE,D,20220902,000000,8.74444,8.74444,8.74444,8.74444,0,0
LEN_PE,D,20220905,000000,8.74444,8.74444,8.57128,8.74444,0,0
LEN_PE,D,20220906,000000,8.83102,8.83102,8.57128,8.65786,0,0
LEN_PE,D,20220907,000000,8.65786,8.65786,8.65786,8.65786,0,0
LEN_PE,D,20220908,000000,8.65786,8.65786,8.65786,8.65786,0,0
LEN_PE,D,20220909,000000,8.65786,8.65786,8.65786,8.65786,0,0
LEN_PE,D,20220912,000000,8.65786,8.74444,8.57128,8.74444,0,0
LEN_PE,D,20220913,000000,8.74444,8.74444,8.74444,8.74444,0,0
LEN_PE,D,20220914,000000,8.74444,8.74444,8.57128,8.65786,0,0
LEN_PE,D,20220915,000000,8.65786,8.65786,8.39812,8.65786,0,0
LEN_PE,D,20220916,000000,8.74444,8.74444,8.65786,8.65786,0,0
LEN_PE,D,20220919,000000,8.57128,8.74444,8.57128,8.74444,0,0
LEN_PE,D,20220920,000000,8.74444,8.74444,8.65786,8.65786,0,0
LEN_PE,D,20220921,000000,8.74444,8.74444,8.4847,8.65786,0,0
LEN_PE,D,20220922,000000,8.57128,8.83102,8.57128,8.83102,0,0
LEN_PE,D,20220923,000000,8.91759,9.43705,8.65786,9.09076,0,0
LEN_PE,D,20220926,000000,8.83102,9.78339,8.83102,9.78339,0,0
LEN_PE,D,20220927,000000,9.78339,10.3894,9.52369,10.3028,0,0
LEN_PE,D,20220928,000000,10.3028,10.4761,9.95651,10.3894,0,0
LEN_PE,D,20220929,000000,9.95651,10.3028,9.87,9.87,0,0
LEN_PE,D,20220930,000000,10.3028,10.3028,9.43705,9.95651,0,0
LEN_PE,D,20221003,000000,9.61024,9.87,9.61024,9.78339,0,0
LEN_PE,D,20221004,000000,9.95651,9.95651,9.87,9.87,0,0
LEN_PE,D,20221005,000000,9.87,9.87,9.69679,9.69679,0,0
LEN_PE,D,20221006,000000,9.87,9.87,8.31155,8.31155,0,0
LEN_PE,D,20221007,000000,8.39812,8.39812,8.05182,8.05182,0,0
LEN_PE,D,20221010,000000,8.31155,8.31155,8.05182,8.05182,0,0
LEN_PE,D,20221011,000000,8.22497,8.22497,8.05182,8.22497,0,0
LEN_PE,D,20221012,000000,8.22497,8.22497,8.13838,8.22497,0,0
LEN_PE,D,20221013,000000,8.22497,8.22497,8.13838,8.13838,0,0
LEN_PE,D,20221014,000000,8.22497,8.31155,8.22497,8.31155,0,0
LEN_PE,D,20221017,000000,8.31155,8.31155,8.22497,8.22497,0,0
LEN_PE,D,20221018,000000,8.22497,8.22497,8.13838,8.22497,0,0
LEN_PE,D,20221019,000000,8.22497,8.22497,8.13838,8.13838,0,0
LEN_PE,D,20221020,000000,8.13838,8.22497,8.13838,8.22497,0,0
LEN_PE,D,20221021,000000,8.22497,8.22497,8.13838,8.22497,0,0
LEN_PE,D,20221024,000000,8.22497,8.22497,8.22497,8.22497,0,0
LEN_PE,D,20221025,000000,8.22497,8.22497,8.22497,8.22497,0,0
LEN_PE,D,20221026,000000,8.22497,8.22497,8.13838,8.13838,0,0
LEN_PE,D,20221027,000000,8.22497,8.22497,8.05182,8.13838,0,0
LEN_PE,D,20221028,000000,8.22497,8.22497,8.13838,8.13838,0,0
LEN_PE,D,20221031,000000,8.05182,8.65786,7.79208,8.31155,0,0
LEN_PE,D,20221102,000000,8.39812,8.39812,8.13838,8.31155,0,0
LEN_PE,D,20221103,000000,8.31155,8.31155,8.13838,8.13838,0,0
LEN_PE,D,20221104,000000,8.39812,8.39812,8.05182,8.05182,0,0
LEN_PE,D,20221107,000000,8.05182,8.22497,7.87865,7.96523,0,0
LEN_PE,D,20221108,000000,8.22497,8.22497,8.05182,8.05182,0,0
LEN_PE,D,20221109,000000,8.05182,8.22497,7.79208,8.05182,0,0
LEN_PE,D,20221110,000000,8.22497,8.22497,7.96523,8.05182,0,0
LEN_PE,D,20221114,000000,8.05182,8.31155,7.96523,8.31155,0,0
LEN_PE,D,20221115,000000,8.31155,8.31155,8.22497,8.22497,0,0
LEN_PE,D,20221116,000000,7.87865,8.05182,7.61892,7.61892,0,0
LEN_PE,D,20221117,000000,7.61892,7.61892,7.53235,7.61892,0,0
LEN_PE,D,20221118,000000,7.61892,7.61892,7.61892,7.61892,0,0
LEN_PE,D,20221121,000000,7.61892,7.61892,7.53235,7.61892,0,0
LEN_PE,D,20221122,000000,7.70549,7.70549,7.61892,7.61892,0,0
LEN_PE,D,20221123,000000,7.61892,7.61892,7.53235,7.61892,0,0
LEN_PE,D,20221124,000000,7.61892,7.61892,7.53235,7.61892,0,0
LEN_PE,D,20221125,000000,7.53235,7.61892,7.53235,7.61892,0,0
LEN_PE,D,20221128,000000,7.61892,7.61892,7.53235,7.53235,0,0
LEN_PE,D,20221129,000000,7.53235,7.53235,7.53235,7.53235,0,0
LEN_PE,D,20221130,000000,7.61892,7.61892,7.61892,7.61892,0,0
LEN_PE,D,20221201,000000,7.61892,7.61892,7.61892,7.61892,0,0
LEN_PE,D,20221202,000000,7.61892,7.61892,7.61892,7.61892,0,0
LEN_PE,D,20221205,000000,7.61892,7.61892,7.53235,7.61892,0,0
LEN_PE,D,20221206,000000,7.61892,7.61892,7.44576,7.53235,0,0
LEN_PE,D,20221207,000000,7.61892,7.61892,7.53235,7.61892,0,0
LEN_PE,D,20221208,000000,7.61892,7.61892,7.44576,7.53235,0,0
LEN_PE,D,20221209,000000,7.53235,7.53235,7.35918,7.44576,0,0
LEN_PE,D,20221212,000000,7.44576,7.53235,7.44576,7.53235,0,0
LEN_PE,D,20221213,000000,7.53235,7.53235,7.44576,7.53235,0,0
LEN_PE,D,20221214,000000,7.53235,7.53235,7.44576,7.53235,0,0
LEN_PE,D,20221215,000000,7.53235,7.53235,7.44576,7.44576,0,0
LEN_PE,D,20221216,000000,7.53235,7.53235,7.35918,7.53235,0,0
LEN_PE,D,20221219,000000,7.35918,7.53235,7.35918,7.44576,0,0
LEN_PE,D,20221220,000000,7.44576,7.53235,7.35918,7.35918,0,0
LEN_PE,D,20221221,000000,7.44576,7.44576,7.27259,7.44576,0,0
LEN_PE,D,20221222,000000,7.44576,7.44576,7.35918,7.35918,0,0
LEN_PE,D,20221223,000000,7.35918,7.44576,7.35918,7.35918,0,0
LEN_PE,D,20221227,000000,7.44576,7.44576,7.35918,7.44576,0,0
LEN_PE,D,20221228,000000,7.27259,7.44576,7.27259,7.44576,0,0
LEN_PE,D,20221229,000000,7.44576,7.44576,7.44576,7.44576,0,0
LEN_PE,D,20221230,000000,7.44576,7.53235,7.44576,7.44576,0,0
LEN_PE,D,20230102,000000,7.44576,7.53235,7.44576,7.53235,0,0
LEN_PE,D,20230103,000000,7.53235,7.53235,7.53235,7.53235,0,0
LEN_PE,D,20230104,000000,7.53235,7.53235,7.44576,7.53235,0,0
LEN_PE,D,20230105,000000,7.53235,7.53235,7.44576,7.53235,0,0
LEN_PE,D,20230109,000000,7.53235,7.61892,7.44576,7.61892,0,0
LEN_PE,D,20230110,000000,7.61892,7.61892,7.53235,7.53235,0,0
LEN_PE,D,20230111,000000,7.53235,7.53235,7.44576,7.53235,0,0
LEN_PE,D,20230112,000000,7.53235,7.53235,7.44576,7.44576,0,0
LEN_PE,D,20230113,000000,7.53235,7.53235,7.44576,7.53235,0,0
LEN_PE,D,20230116,000000,7.53235,7.53235,7.44576,7.44576,0,0
LEN_PE,D,20230117,000000,7.53235,7.53235,7.44576,7.53235,0,0
LEN_PE,D,20230118,000000,7.53235,7.53235,7.44576,7.44576,0,0
LEN_PE,D,20230119,000000,7.44576,7.44576,7.44576,7.44576,0,0
LEN_PE,D,20230120,000000,7.53235,7.53235,7.35918,7.44576,0,0
LEN_PE,D,20230123,000000,7.44576,7.53235,7.35918,7.53235,0,0
LEN_PE,D,20230124,000000,7.53235,7.61892,7.53235,7.53235,0,0
LEN_PE,D,20230125,000000,7.53235,7.61892,7.53235,7.53235,0,0
LEN_PE,D,20230126,000000,7.53235,7.61892,7.53235,7.61892,0,0
LEN_PE,D,20230127,000000,7.61892,7.61892,7.44576,7.44576,0,0
LEN_PE,D,20230130,000000,7.53235,7.61892,7.53235,7.61892,0,0
LEN_PE,D,20230131,000000,7.61892,7.61892,7.44576,7.44576,0,0
LEN_PE,D,20230201,000000,7.53235,7.53235,7.35918,7.53235,0,0
LEN_PE,D,20230202,000000,7.53235,7.61892,7.44576,7.61892,0,0
LEN_PE,D,20230203,000000,7.61892,7.61892,7.44576,7.61892,0,0
LEN_PE,D,20230206,000000,7.61892,7.61892,7.53235,7.53235,0,0
LEN_PE,D,20230207,000000,7.44576,7.53235,7.44576,7.44576,0,0
LEN_PE,D,20230208,000000,7.53235,7.53235,7.44576,7.44576,0,0
LEN_PE,D,20230209,000000,7.53235,7.53235,7.53235,7.53235,0,0
LEN_PE,D,20230210,000000,7.53235,7.53235,7.44576,7.44576,0,0
LEN_PE,D,20230213,000000,7.53235,7.61892,7.44576,7.53235,0,0
LEN_PE,D,20230214,000000,7.53235,7.53235,7.44576,7.53235,0,0
LEN_PE,D,20230215,000000,7.61892,7.61892,7.53235,7.53235,0,0
LEN_PE,D,20230216,000000,7.44576,7.53235,7.44576,7.53235,0,0
LEN_PE,D,20230217,000000,7.53235,7.61892,7.53235,7.53235,0,0
LEN_PE,D,20230220,000000,7.53235,7.53235,7.44576,7.53235,0,0
LEN_PE,D,20230221,000000,7.53235,7.53235,7.53235,7.53235,0,0
LEN_PE,D,20230222,000000,7.53235,7.53235,7.44576,7.53235,0,0
LEN_PE,D,20230223,000000,7.53235,7.53235,7.53235,7.53235,0,0
LEN_PE,D,20230224,000000,7.61892,7.61892,7.53235,7.53235,0,0
LEN_PE,D,20230227,000000,7.53235,7.61892,7.53235,7.61892,0,0
LEN_PE,D,20230228,000000,7.61892,7.79208,7.61892,7.70549,0,0
LEN_PE,D,20230301,000000,7.70549,7.79208,7.70549,7.79208,0,0
LEN_PE,D,20230302,000000,7.79208,7.96523,7.61892,7.79208,0,0
LEN_PE,D,20230303,000000,7.79208,7.87865,7.79208,7.87865,0,0
LEN_PE,D,20230306,000000,7.96523,8.05182,7.87865,7.96523,0,0
LEN_PE,D,20230307,000000,7.96523,7.96523,7.70549,7.70549,0,0
LEN_PE,D,20230308,000000,7.79208,7.96523,7.79208,7.96523,0,0
LEN_PE,D,20230309,000000,7.79208,7.96523,7.79208,7.96523,0,0
LEN_PE,D,20230310,000000,7.96523,7.96523,7.87865,7.87865,0,0
LEN_PE,D,20230313,000000,7.96523,7.96523,7.70549,7.79208,0,0
LEN_PE,D,20230314,000000,7.87865,7.87865,7.87865,7.87865,0,0
LEN_PE,D,20230315,000000,7.87865,7.87865,7.70549,7.70549,0,0
LEN_PE,D,20230316,000000,7.70549,7.70549,7.53235,7.61892,0,0
LEN_PE,D,20230317,000000,7.70549,7.70549,7.61892,7.61892,0,0
LEN_PE,D,20230320,000000,7.61892,7.70549,7.53235,7.61892,0,0
LEN_PE,D,20230321,000000,7.61892,7.70549,7.61892,7.61892,0,0
LEN_PE,D,20230322,000000,7.70549,7.79208,7.61892,7.79208,0,0
LEN_PE,D,20230323,000000,7.79208,7.79208,7.70549,7.70549,0,0
LEN_PE,D,20230324,000000,7.70549,7.70549,7.53235,7.53235,0,0
LEN_PE,D,20230327,000000,7.53235,7.61892,7.53235,7.61892,0,0
LEN_PE,D,20230328,000000,7.61892,7.70549,7.61892,7.61892,0,0
LEN_PE,D,20230329,000000,7.61892,7.61892,7.44576,7.53235,0,0
LEN_PE,D,20230330,000000,7.53235,7.53235,7.44576,7.53235,0,0
LEN_PE,D,20230331,000000,7.53235,7.53235,7.44576,7.53235,0,0
LEN_PE,D,20230403,000000,7.53235,7.61892,7.44576,7.53235,0,0
LEN_PE,D,20230404,000000,7.53235,7.61892,7.53235,7.53235,0,0
LEN_PE,D,20230405,000000,7.53235,7.53235,7.44576,7.44576,0,0
LEN_PE,D,20230406,000000,7.44576,7.44576,7.44576,7.44576,0,0
LEN_PE,D,20230411,000000,7.44576,7.61892,7.44576,7.53235,0,0
LEN_PE,D,20230412,000000,7.53235,7.53235,7.35918,7.53235,0,0
LEN_PE,D,20230413,000000,7.53235,7.53235,7.35918,7.53235,0,0
LEN_PE,D,20230414,000000,7.53235,7.70549,7.53235,7.61892,0,0
LEN_PE,D,20230417,000000,7.61892,7.61892,7.53235,7.53235,0,0
LEN_PE,D,20230418,000000,7.53235,7.53235,7.44576,7.53235,0,0
LEN_PE,D,20230419,000000,7.53235,7.61892,7.53235,7.61892,0,0
LEN_PE,D,20230420,000000,7.61892,7.61892,7.53235,7.53235,0,0
LEN_PE,D,20230421,000000,7.53235,7.53235,7.44576,7.44576,0,0
LEN_PE,D,20230424,000000,7.53235,7.53235,7.44576,7.44576,0,0
LEN_PE,D,20230425,000000,7.44576,7.44576,7.35918,7.44576,0,0
LEN_PE,D,20230426,000000,7.44576,7.44576,7.35918,7.44576,0,0
LEN_PE,D,20230427,000000,7.44576,7.53235,7.27259,7.35918,0,0
LEN_PE,D,20230428,000000,7.35918,7.35918,7.27259,7.27259,0,0
LEN_PE,D,20230502,000000,7.27259,7.79208,7.18603,7.79208,0,0
LEN_PE,D,20230504,000000,7.79208,7.87865,7.79208,7.87865,0,0
LEN_PE,D,20230505,000000,7.87865,7.87865,7.79208,7.79208,0,0
LEN_PE,D,20230508,000000,7.79208,7.87865,7.79208,7.87865,0,0
LEN_PE,D,20230509,000000,7.87865,7.87865,7.79208,7.87865,0,0
LEN_PE,D,20230510,000000,7.87865,7.87865,7.79208,7.79208,0,0
LEN_PE,D,20230511,000000,7.79208,7.79208,7.44576,7.44576,0,0
LEN_PE,D,20230512,000000,7.53235,7.61892,7.53235,7.61892,0,0
LEN_PE,D,20230515,000000,7.61892,7.70549,7.61892,7.70549,0,0
LEN_PE,D,20230516,000000,7.70549,7.70549,7.61892,7.70549,0,0
LEN_PE,D,20230517,000000,7.70549,7.87865,7.70549,7.87865,0,0
LEN_PE,D,20230518,000000,7.87865,7.87865,7.87865,7.87865,0,0
LEN_PE,D,20230519,000000,7.87865,7.96523,7.87865,7.96523,0,0
LEN_PE,D,20230522,000000,7.96523,8.74444,7.96523,8.74444,0,0
LEN_PE,D,20230523,000000,8.74444,8.83102,8.65786,8.74444,0,0
LEN_PE,D,20230524,000000,8.74444,8.83102,8.65786,8.74444,0,0
LEN_PE,D,20230525,000000,8.74444,8.74444,8.65786,8.74444,0,0
LEN_PE,D,20230526,000000,8.74444,8.83102,8.65786,8.83102,0,0
LEN_PE,D,20230529,000000,8.91759,8.91759,8.74444,8.74444,0,0
LEN_PE,D,20230530,000000,8.83102,8.83102,8.74444,8.83102,0,0
LEN_PE,D,20230531,000000,8.91759,8.91759,8.65786,8.65786,0,0
LEN_PE,D,20230601,000000,8.65786,8.83102,8.57128,8.57128,0,0
LEN_PE,D,20230602,000000,8.65786,8.74444,8.57128,8.65786,0,0
LEN_PE,D,20230605,000000,8.65786,8.74444,8.65786,8.74444,0,0
LEN_PE,D,20230606,000000,8.83102,8.91759,8.83102,8.91759,0,0
LEN_PE,D,20230607,000000,8.83102,8.91759,8.83102,8.83102,0,0
LEN_PE,D,20230609,000000,8.83102,8.83102,8.74444,8.83102,0,0
LEN_PE,D,20230612,000000,8.83102,8.91759,8.83102,8.91759,0,0
LEN_PE,D,20230613,000000,8.91759,8.91759,8.83102,8.91759,0,0
LEN_PE,D,20230614,000000,8.83102,8.91759,8.74444,8.91759,0,0
LEN_PE,D,20230615,000000,8.91759,8.91759,8.74444,8.74444,0,0
LEN_PE,D,20230616,000000,8.91759,8.91759,8.83102,8.83102,0,0
LEN_PE,D,20230619,000000,8.91759,8.91759,8.83102,8.91759,0,0
LEN_PE,D,20230620,000000,8.91759,8.91759,8.74444,8.83102,0,0
LEN_PE,D,20230621,000000,8.91759,8.91759,8.83102,8.91759,0,0
LEN_PE,D,20230622,000000,8.91759,9.00417,8.65786,8.74444,0,0
LEN_PE,D,20230623,000000,8.83102,8.91759,8.74444,8.74444,0,0
LEN_PE,D,20230626,000000,9.41302,9.41302,8.68191,8.68191,0,0
LEN_PE,D,20230627,000000,8.7733,8.86468,8.49913,8.49913,0,0
LEN_PE,D,20230628,000000,8.68191,8.68191,8.59053,8.68191,0,0
LEN_PE,D,20230629,000000,8.68191,8.68191,8.68191,8.68191,0,0
LEN_PE,D,20230630,000000,8.68191,8.7733,8.68191,8.7733,0,0
LEN_PE,D,20230703,000000,8.86468,8.86468,8.68191,8.7733,0,0
LEN_PE,D,20230704,000000,8.86468,8.86468,8.7733,8.7733,0,0
LEN_PE,D,20230705,000000,8.7733,8.7733,8.59053,8.68191,0,0
LEN_PE,D,20230706,000000,8.86468,8.86468,8.68191,8.7733,0,0
LEN_PE,D,20230707,000000,8.7733,8.86468,8.68191,8.7733,0,0
LEN_PE,D,20230710,000000,8.95608,8.95608,8.68191,8.7733,0,0
LEN_PE,D,20230711,000000,8.7733,8.7733,8.68191,8.7733,0,0
LEN_PE,D,20230712,000000,8.86468,8.95608,8.7733,8.7733,0,0
LEN_PE,D,20230713,000000,8.86468,8.86468,8.7733,8.86468,0,0
LEN_PE,D,20230714,000000,8.86468,8.95608,8.86468,8.86468,0,0
LEN_PE,D,20230717,000000,8.86468,9.23024,8.86468,9.23024,0,0
LEN_PE,D,20230718,000000,9.23024,9.23024,9.13885,9.13885,0,0
LEN_PE,D,20230719,000000,9.23024,9.23024,9.13885,9.13885,0,0
LEN_PE,D,20230720,000000,9.13885,9.23024,9.13885,9.23024,0,0
LEN_PE,D,20230721,000000,9.23024,9.23024,8.95608,9.13885,0,0
LEN_PE,D,20230724,000000,9.13885,9.13885,8.86468,8.95608,0,0
LEN_PE,D,20230725,000000,9.04747,9.04747,8.95608,9.04747,0,0
LEN_PE,D,20230726,000000,9.04747,9.04747,8.86468,8.86468,0,0
LEN_PE,D,20230727,000000,8.95608,9.04747,8.86468,9.04747,0,0
LEN_PE,D,20230728,000000,9.04747,9.04747,8.95608,8.95608,0,0
LEN_PE,D,20230731,000000,8.86468,9.04747,8.86468,8.95608,0,0
LEN_PE,D,20230801,000000,8.95608,9.04747,8.86468,9.04747,0,0
LEN_PE,D,20230802,000000,9.04747,9.04747,8.86468,9.04747,0,0
LEN_PE,D,20230803,000000,9.04747,9.04747,8.86468,8.86468,0,0
LEN_PE,D,20230804,000000,8.95608,9.04747,8.86468,8.86468,0,0
LEN_PE,D,20230807,000000,8.98532,8.98532,8.86378,8.86468,0,0
LEN_PE,D,20230808,000000,8.91404,8.95608,8.91404,8.95608,0,0
LEN_PE,D,20230809,000000,8.95608,8.95608,8.7733,8.7733,0,0
LEN_PE,D,20230810,000000,8.89393,9.06392,8.7733,8.86468,0,0
LEN_PE,D,20230811,000000,8.8391,8.98532,8.8391,8.95608,0,0
LEN_PE,D,20230814,000000,8.93232,8.95699,8.81077,8.86468,0,0
LEN_PE,D,20230816,000000,8.98715,8.98715,8.7733,8.7733,0,0
LEN_PE,D,20230817,000000,8.91861,8.91861,8.7733,8.86468,0,0
LEN_PE,D,20230818,000000,8.8656,8.8656,8.84092,8.86468,0,0
LEN_PE,D,20230821,000000,8.88845,8.93689,8.86468,8.86468,0,0
LEN_PE,D,20230822,000000,8.84092,8.8656,8.74405,8.86468,0,0
LEN_PE,D,20230823,000000,8.93689,8.93689,8.7733,8.7733,0,0
LEN_PE,D,20230824,000000,8.7733,8.86468,8.7733,8.86468,0,0
LEN_PE,D,20230825,000000,8.74314,8.84002,8.6947,8.7733,0,0
LEN_PE,D,20230828,000000,8.74771,8.79706,8.69927,8.7733,0,0
LEN_PE,D,20230829,000000,8.72487,8.7733,8.72487,8.7733,0,0
LEN_PE,D,20230830,000000,8.79798,8.89485,8.70019,8.86468,0,0
LEN_PE,D,20230831,000000,8.74314,8.96155,8.74314,8.95608,0,0
LEN_PE,D,20230901,000000,8.95699,8.95699,8.69014,8.86468,0,0
LEN_PE,D,20230904,000000,8.86468,8.96155,8.74314,8.95608,0,0
LEN_PE,D,20230905,000000,9.05386,9.05386,8.85829,8.95608,0,0
LEN_PE,D,20230906,000000,8.98075,9.00543,8.86012,8.86468,0,0
LEN_PE,D,20230907,000000,8.86468,8.86468,8.68191,8.68191,0,0
LEN_PE,D,20230908,000000,8.75594,8.86468,8.68283,8.86468,0,0
LEN_PE,D,20230911,000000,8.88845,8.88845,8.69288,8.86468,0,0
LEN_PE,D,20230912,000000,8.86468,8.91312,8.76691,8.7733,0,0
LEN_PE,D,20230913,000000,8.92043,8.92043,8.84732,8.86468,0,0
LEN_PE,D,20230914,000000,8.81534,8.81534,8.64444,8.68191,0,0
LEN_PE,D,20230915,000000,8.68283,8.85373,8.65815,8.7733,0,0
LEN_PE,D,20230918,000000,8.77238,8.77238,8.68191,8.68191,0,0
LEN_PE,D,20230919,000000,8.68283,8.86468,8.63439,8.86468,0,0
LEN_PE,D,20230920,000000,8.91221,8.91221,8.66912,8.7733,0,0
LEN_PE,D,20230921,000000,8.82265,8.82265,8.74954,8.7733,0,0
LEN_PE,D,20230922,000000,8.79706,9.41302,8.65175,9.41302,0,0
LEN_PE,D,20230925,000000,9.5437,9.5437,9.4121,9.41302,0,0
LEN_PE,D,20230926,000000,9.5172,9.5172,9.32163,9.32163,0,0
LEN_PE,D,20230927,000000,9.32254,9.45414,9.23024,9.23024,0,0
LEN_PE,D,20230928,000000,9.23024,9.41302,9.20465,9.41302,0,0
LEN_PE,D,20230929,000000,9.43861,9.43861,9.2805,9.41302,0,0
LEN_PE,D,20231002,000000,9.25492,9.41302,9.22841,9.23024,0,0
LEN_PE,D,20231003,000000,9.25674,9.36184,9.07305,9.13885,0,0
LEN_PE,D,20231004,000000,9.11235,9.27045,9.00725,9.04747,0,0
LEN_PE,D,20231005,000000,9.15165,9.23116,8.86468,8.86468,0,0
LEN_PE,D,20231006,000000,9.04747,9.07305,8.75959,9.04747,0,0
LEN_PE,D,20231009,000000,9.04747,9.04747,8.86468,9.04747,0,0
LEN_PE,D,20231010,000000,9.04747,9.09956,8.94237,8.95608,0,0
LEN_PE,D,20231011,000000,9.16536,9.16536,8.95516,8.95608,0,0
LEN_PE,D,20231012,000000,8.92958,8.92958,8.6417,8.7733,0,0
LEN_PE,D,20231013,000000,8.82448,8.82448,8.58869,8.68191,0,0
LEN_PE,D,20231016,000000,8.7075,8.7075,8.59053,8.59053,0,0
LEN_PE,D,20231017,000000,8.64352,8.68191,8.59143,8.68191,0,0
LEN_PE,D,20231018,000000,8.7075,8.7075,8.65449,8.68191,0,0
LEN_PE,D,20231019,000000,8.7075,8.7075,8.65449,8.68191,0,0
LEN_PE,D,20231020,000000,8.68099,8.68191,8.5759,8.68191,0,0
LEN_PE,D,20231023,000000,8.6024,8.68099,8.39129,8.40774,0,0
LEN_PE,D,20231024,000000,8.54026,8.54026,8.30356,8.40774,0,0
LEN_PE,D,20231025,000000,8.40866,8.48725,8.31636,8.31636,0,0
LEN_PE,D,20231026,000000,8.47172,8.47172,8.31544,8.40774,0,0
LEN_PE,D,20231027,000000,8.48725,8.48725,8.40774,8.40774,0,0
LEN_PE,D,20231030,000000,8.40866,8.98623,8.40866,8.86468,0,0
LEN_PE,D,20231031,000000,8.91769,9.02279,8.75959,8.7733,0,0
LEN_PE,D,20231102,000000,8.95699,8.95699,8.77238,8.86468,0,0
LEN_PE,D,20231103,000000,8.86378,8.96796,8.81077,8.95608,0,0
LEN_PE,D,20231106,000000,8.95516,9.13885,8.95516,9.13885,0,0
LEN_PE,D,20231107,000000,9.16536,9.16536,9.04747,9.04747,0,0
LEN_PE,D,20231108,000000,9.12606,9.13885,9.07305,9.13885,0,0
LEN_PE,D,20231109,000000,9.08676,9.16536,9.04747,9.04747,0,0
LEN_PE,D,20231110,000000,9.04747,9.15165,8.39403,8.7733,0,0
LEN_PE,D,20231113,000000,8.69379,9.04747,8.69379,9.04747,0,0
LEN_PE,D,20231114,000000,9.20465,9.23116,9.04747,9.04747,0,0
LEN_PE,D,20231115,000000,9.15165,9.23024,9.02096,9.23024,0,0
LEN_PE,D,20231116,000000,9.23116,9.23116,9.17815,9.23024,0,0
LEN_PE,D,20231117,000000,9.23116,9.23116,8.96704,9.13885,0,0
LEN_PE,D,20231120,000000,9.13885,9.19186,8.63805,9.13885,0,0
LEN_PE,D,20231121,000000,9.08402,9.08402,8.86468,8.86468,0,0
LEN_PE,D,20231122,000000,8.86468,9.04747,8.86468,9.04747,0,0
LEN_PE,D,20231123,000000,9.02096,9.13885,8.96704,9.13885,0,0
LEN_PE,D,20231124,000000,9.13885,9.52177,9.11143,9.41302,0,0
LEN_PE,D,20231127,000000,9.43952,9.43952,9.03284,9.23024,0,0
LEN_PE,D,20231128,000000,9.23116,9.32163,9.09499,9.32163,0,0
LEN_PE,D,20231129,000000,9.29513,9.29513,9.18546,9.23024,0,0
LEN_PE,D,20231130,000000,9.33991,9.33991,9.28507,9.32163,0,0
LEN_PE,D,20231201,000000,9.32163,9.34905,9.32163,9.32163,0,0
LEN_PE,D,20231204,000000,9.32072,9.32163,9.15805,9.32163,0,0
LEN_PE,D,20231205,000000,9.34905,9.4313,9.29513,9.41302,0,0
LEN_PE,D,20231206,000000,9.4121,9.54827,9.32985,9.41302,0,0
LEN_PE,D,20231207,000000,9.52268,9.52268,9.33169,9.41302,0,0
LEN_PE,D,20231208,000000,9.38469,9.38469,9.27502,9.32163,0,0
LEN_PE,D,20231211,000000,9.32163,9.53914,9.32163,9.41302,0,0
LEN_PE,D,20231212,000000,9.4121,9.63144,9.4121,9.59579,0,0
LEN_PE,D,20231213,000000,9.59671,9.78774,9.48795,9.59579,0,0
LEN_PE,D,20231214,000000,9.59579,9.81419,9.56838,9.77857,0,0
LEN_PE,D,20231215,000000,9.58666,9.80512,9.58666,9.59579,0,0
LEN_PE,D,20231218,000000,9.59671,9.78774,9.56929,9.59579,0,0
LEN_PE,D,20231219,000000,9.59579,9.73193,9.50441,9.50441,0,0
LEN_PE,D,20231220,000000,9.53274,9.72286,9.53274,9.68723,0,0
LEN_PE,D,20231221,000000,9.79681,9.79681,9.68723,9.68723,0,0
LEN_PE,D,20231222,000000,9.68723,9.79681,9.68723,9.68723,0,0
LEN_PE,D,20231227,000000,9.65981,9.79681,9.65981,9.68723,0,0
LEN_PE,D,20231228,000000,9.85166,9.85166,9.74294,9.77857,0,0
LEN_PE,D,20231229,000000,9.7777,9.88728,9.7777,9.77857,0,0
LEN_PE,D,20240102,000000,9.88728,10.3269,9.83254,10.3269,0,0
LEN_PE,D,20240103,000000,10.1907,10.3004,10.1085,10.1441,0,0
LEN_PE,D,20240104,000000,10.1177,10.2547,10.0528,10.0528,0,0
LEN_PE,D,20240105,000000,10.2145,10.432,10.0792,10.3269,0,0
LEN_PE,D,20240108,000000,10.4347,10.4347,10.2172,10.4183,0,0
LEN_PE,D,20240109,000000,10.4174,10.6011,10.4174,10.6011,0,0
LEN_PE,D,20240110,000000,10.6029,10.6029,10.4118,10.6011,0,0
LEN_PE,D,20240111,000000,10.6001,10.6275,10.4091,10.5097,0,0
LEN_PE,D,20240112,000000,10.5371,10.5371,10.5097,10.5097,0,0
LEN_PE,D,20240115,000000,10.5371,10.5371,10.3205,10.4183,0,0
LEN_PE,D,20240116,000000,10.4174,10.4713,10.4174,10.4183,0,0
LEN_PE,D,20240117,000000,10.4713,10.7162,10.4174,10.6011,0,0
LEN_PE,D,20240118,000000,10.6011,10.7912,10.6011,10.7839,0,0
LEN_PE,D,20240119,000000,10.7857,10.8122,10.6486,10.7839,0,0
LEN_PE,D,20240122,000000,10.7857,10.7857,10.4183,10.4183,0,0
LEN_PE,D,20240123,000000,10.6084,10.6084,10.1441,10.1441,0,0
LEN_PE,D,20240124,000000,10.1177,10.6084,9.90012,10.6011,0,0
LEN_PE,D,20240125,000000,10.6029,10.6029,10.1441,10.1441,0,0
LEN_PE,D,20240126,000000,10.4448,10.5262,10.4448,10.5097,0,0
LEN_PE,D,20240129,000000,10.5078,10.7263,10.5078,10.6011,0,0
LEN_PE,D,20240130,000000,10.6559,10.6924,10.6011,10.6924,0,0
LEN_PE,D,20240131,000000,10.6934,10.6934,10.6011,10.6011,0,0
LEN_PE,D,20240201,000000,10.6559,10.6559,10.4183,10.4183,0,0
LEN_PE,D,20240202,000000,10.4192,10.474,10.3113,10.4183,0,0
LEN_PE,D,20240205,000000,10.6358,10.6358,10.3909,10.4183,0,0
LEN_PE,D,20240206,000000,10.6102,10.6924,10.4183,10.6924,0,0
LEN_PE,D,20240207,000000,10.6924,10.6924,10.528,10.6011,0,0
LEN_PE,D,20240208,000000,10.655,10.655,10.5188,10.6011,0,0
LEN_PE,D,20240209,000000,10.5471,10.6559,10.4384,10.5097,0,0
LEN_PE,D,20240212,000000,10.5088,10.7272,10.3269,10.3269,0,0
LEN_PE,D,20240213,000000,10.326,10.4083,10.326,10.3269,0,0
LEN_PE,D,20240214,000000,10.2446,10.4183,10.2446,10.4183,0,0
LEN_PE,D,20240215,000000,10.4448,10.4448,10.1999,10.2355,0,0
LEN_PE,D,20240216,000000,10.3452,10.6175,10.3452,10.6011,0,0
LEN_PE,D,20240219,000000,10.6011,10.6011,10.5471,10.6011,0,0
LEN_PE,D,20240220,000000,10.655,10.6824,10.6011,10.6011,0,0
LEN_PE,D,20240221,000000,10.6011,10.6559,10.5737,10.6011,0,0
LEN_PE,D,20240222,000000,10.6842,10.6924,10.5207,10.6924,0,0
LEN_PE,D,20240223,000000,10.665,10.6924,10.5097,10.5097,0,0
LEN_PE,D,20240226,000000,10.4822,10.6459,10.4822,10.6011,0,0
LEN_PE,D,20240227,000000,10.6011,10.6011,10.3297,10.4183,0,0
LEN_PE,D,20240228,000000,10.528,10.528,10.3269,10.3269,0,0
LEN_PE,D,20240229,000000,10.4904,10.5444,10.2355,10.2355,0,0
LEN_PE,D,20240301,000000,10.2355,10.4539,10.1816,10.4183,0,0
LEN_PE,D,20240304,000000,10.4192,10.4192,10.1213,10.1213,0,0
LEN_PE,D,20240305,000000,10.23,10.23,9.93121,9.96134,0,0
LEN_PE,D,20240306,000000,10.124,10.1789,9.96047,10.1441,0,0
LEN_PE,D,20240307,000000,10.0911,10.1451,9.8197,10.0528,0,0
LEN_PE,D,20240308,000000,10.0518,10.1606,9.97051,10.1441,0,0
LEN_PE,D,20240311,000000,10.1451,10.1451,10.1441,10.1441,0,0
LEN_PE,D,20240312,000000,10.1451,10.1451,10.0088,10.1441,0,0
LEN_PE,D,20240313,000000,10.1451,10.1451,9.96134,9.96134,0,0
LEN_PE,D,20240314,000000,9.88004,10.0966,9.77123,9.96134,0,0
LEN_PE,D,20240315,000000,9.98876,10.0427,9.93392,9.93392,0,0
LEN_PE,D,20240318,000000,9.8252,9.93392,9.55375,9.68723,0,0
LEN_PE,D,20240319,000000,9.63235,9.87,9.63235,9.87,0,0
LEN_PE,D,20240320,000000,9.86903,9.86903,9.77857,9.77857,0,0
LEN_PE,D,20240321,000000,9.80686,10.1058,9.64423,10.0528,0,0
LEN_PE,D,20240322,000000,10.0518,10.1332,9.94212,9.96134,0,0
LEN_PE,D,20240325,000000,9.96047,9.96047,9.52543,9.68723,0,0
LEN_PE,D,20240326,000000,9.60402,9.7411,9.46694,9.59579,0,0
LEN_PE,D,20240327,000000,9.6223,9.6223,9.48613,9.50441,0,0
LEN_PE,D,20240328,000000,9.56016,9.77857,9.56016,9.77857,0,0
LEN_PE,D,20240402,000000,9.5629,9.99697,9.5629,9.77857,0,0
LEN_PE,D,20240403,000000,9.97051,9.99697,9.80686,9.87,0,0
LEN_PE,D,20240404,000000,10.1697,10.1697,9.97872,10.0528,0,0
LEN_PE,D,20240405,000000,10.1058,10.2419,10.0518,10.2355,0,0
LEN_PE,D,20240408,000000,10.263,10.3269,9.99146,10.3269,0,0
LEN_PE,D,20240409,000000,10.3543,10.3543,10.2355,10.2355,0,0
LEN_PE,D,20240410,000000,10.3452,10.3991,10.2355,10.2355,0,0
LEN_PE,D,20240411,000000,10.3717,10.3717,10.2355,10.2355,0,0
LEN_PE,D,20240412,000000,10.3168,10.3168,10.0729,10.1441,0,0
LEN_PE,D,20240415,000000,10.2547,10.2547,9.89916,10.1441,0,0
LEN_PE,D,20240416,000000,10.1451,10.1451,9.96134,9.96134,0,0
LEN_PE,D,20240417,000000,10.0692,10.0966,9.55101,9.59579,0,0
LEN_PE,D,20240418,000000,9.7329,9.89646,9.62412,9.77857,0,0
LEN_PE,D,20240419,000000,9.83428,10.0528,9.75298,10.0528,0,0
LEN_PE,D,20240422,000000,10.0272,10.2182,10.0272,10.0528,0,0
LEN_PE,D,20240423,000000,10.1606,10.1606,9.83428,9.87,0,0
LEN_PE,D,20240424,000000,10.1971,10.2237,10.0528,10.0528,0,0
LEN_PE,D,20240425,000000,10.0518,10.0518,8.49913,8.49913,0,0
LEN_PE,D,20240426,000000,8.50005,8.50005,8.49913,8.49913,0,0
LEN_PE,D,20240429,000000,8.50005,8.50005,8.3849,8.49913,0,0
LEN_PE,D,20240430,000000,8.61519,8.61519,8.22405,8.22497,0,0
LEN_PE,D,20240502,000000,8.50005,8.50005,8.04036,8.10981,0,0
LEN_PE,D,20240506,000000,8.15551,8.45435,8.15551,8.22497,0,0
LEN_PE,D,20240507,000000,8.56767,8.56767,8.22497,8.22497,0,0
LEN_PE,D,20240508,000000,8.56767,8.68191,8.31636,8.68191,0,0
LEN_PE,D,20240509,000000,8.68191,8.68191,8.45252,8.49913,0,0
LEN_PE,D,20240510,000000,8.63805,8.63805,8.4772,8.59053,0,0
LEN_PE,D,20240513,000000,8.59053,8.68191,8.49913,8.68191,0,0
LEN_PE,D,20240514,000000,8.49822,8.68191,8.49822,8.68191,0,0
LEN_PE,D,20240515,000000,8.68191,8.68191,8.42876,8.49913,0,0
LEN_PE,D,20240516,000000,8.54483,8.59053,8.43059,8.59053,0,0
LEN_PE,D,20240517,000000,8.45252,10.4183,8.42876,10.4183,0,0
LEN_PE,D,20240520,000000,10.305,10.4457,10.305,10.4183,0,0
LEN_PE,D,20240521,000000,10.4174,10.4448,10.4174,10.4183,0,0
LEN_PE,D,20240522,000000,10.4174,10.4183,10.3891,10.4183,0,0
LEN_PE,D,20240523,000000,10.4174,10.4448,10.3891,10.4183,0,0
LEN_PE,D,20240524,000000,10.4174,10.4448,10.2767,10.4183,0,0
LEN_PE,D,20240527,000000,10.4174,10.4183,10.22,10.4183,0,0
LEN_PE,D,20240528,000000,10.4183,10.4183,10.1441,10.1441,0,0
LEN_PE,D,20240529,000000,10.1451,10.3424,10.1451,10.2355,0,0
LEN_PE,D,20240531,000000,10.3772,10.4183,10.2638,10.4183,0,0
LEN_PE,D,20240603,000000,10.4174,10.4183,10.1633,10.4183,0,0
LEN_PE,D,20240604,000000,10.4466,10.4466,10.2767,10.4183,0,0
LEN_PE,D,20240605,000000,10.4174,10.4174,10.1916,10.3269,0,0
LEN_PE,D,20240606,000000,10.3543,10.3827,10.1578,10.3269,0,0
LEN_PE,D,20240607,000000,10.326,10.4183,10.2136,10.4183,0,0
LEN_PE,D,20240610,000000,10.4174,10.4174,10.3269,10.3269,0,0
LEN_PE,D,20240611,000000,10.3827,10.3827,10.326,10.3269,0,0
LEN_PE,D,20240612,000000,10.3827,10.4183,10.1852,10.4183,0,0
LEN_PE,D,20240613,000000,10.4174,10.4174,10.2767,10.3269,0,0
LEN_PE,D,20240614,000000,10.4695,10.4695,10.3269,10.3269,0,0
LEN_PE,D,20240617,000000,10.3543,10.3543,10.1578,10.2355,0,0
LEN_PE,D,20240618,000000,10.3214,10.3214,10.2364,10.2364,0,0
LEN_PE,D,20240619,000000,10.2931,10.4347,10.2355,10.2355,0,0
LEN_PE,D,20240620,000000,10.3772,10.3772,10.2072,10.3269,0,0
LEN_PE,D,20240621,000000,10.3269,10.3269,10.2136,10.2355,0,0
LEN_PE,D,20240624,000000,10.4631,10.4631,10.3214,10.4183,0,0
LEN_PE,D,20240625,000000,10.1916,10.3899,10.1916,10.2355,0,0
LEN_PE,D,20240626,000000,10.3205,10.3772,10.2081,10.3269,0,0
LEN_PE,D,20240627,000000,10.3543,10.4183,10.3543,10.4183,0,0
LEN_PE,D,20240628,000000,10.4183,10.475,10.3333,10.4183,0,0
LEN_PE,D,20240701,000000,10.475,10.475,10.3899,10.4183,0,0
LEN_PE,D,20240702,000000,10.4174,10.4732,10.2483,10.3269,0,0
LEN_PE,D,20240703,000000,10.2995,10.6394,10.2995,10.6011,0,0
LEN_PE,D,20240704,000000,10.8109,10.9007,10.6014,10.7172,0,0
LEN_PE,D,20240705,000000,10.7182,10.7182,10.6284,10.7172,0,0
LEN_PE,D,20240708,000000,10.7781,10.8379,10.2094,10.4276,0,0
LEN_PE,D,20240709,000000,10.4894,10.9074,10.4894,10.6207,0,0
LEN_PE,D,20240710,000000,10.8312,10.8312,10.6207,10.6207,0,0
LEN_PE,D,20240711,000000,10.6226,10.7114,10.5241,10.5241,0,0
LEN_PE,D,20240712,000000,10.6719,10.7172,10.6719,10.7172,0,0
LEN_PE,D,20240715,000000,10.7481,10.7481,10.5087,10.5241,0,0
LEN_PE,D,20240716,000000,10.7346,10.7346,10.4652,10.5241,0,0
LEN_PE,D,20240717,000000,11.3728,11.3728,10.6207,10.6207,0,0
LEN_PE,D,20240718,000000,10.7114,10.7114,10.5029,10.5241,0,0
LEN_PE,D,20240719,000000,10.9702,10.9702,10.612,10.9103,0,0
LEN_PE,D,20240722,000000,10.9103,10.9103,10.5241,10.5241,0,0
LEN_PE,D,20240723,000000,10.7607,10.7607,10.5531,10.6207,0,0
LEN_PE,D,20240724,000000,10.7414,10.8138,10.7414,10.8138,0,0
LEN_PE,D,20240725,000000,10.8437,10.8437,10.5753,10.6207,0,0
LEN_PE,D,20240726,000000,10.7713,10.7713,10.5241,10.5241,0,0
LEN_PE,D,20240729,000000,10.7906,10.7906,10.5232,10.5241,0,0
LEN_PE,D,20240730,000000,10.7607,10.7607,10.5232,10.5241,0,0
LEN_PE,D,20240731,000000,10.612,10.7172,10.5531,10.7172,0,0
LEN_PE,D,20240801,000000,10.7182,10.7182,10.5695,10.7172,0,0
LEN_PE,D,20240802,000000,10.7182,10.7182,10.7172,10.7172,0,0
LEN_PE,D,20240805,000000,10.7182,10.7182,10.4498,10.5241,0,0
LEN_PE,D,20240806,000000,10.612,10.612,10.4044,10.5241,0,0
LEN_PE,D,20240807,000000,10.4044,10.4044,9.60207,9.75172,0,0
LEN_PE,D,20240808,000000,9.72083,9.75076,9.27186,9.36552,0,0
LEN_PE,D,20240809,000000,9.54414,9.57407,9.45434,9.55862,0,0
LEN_PE,D,20240812,000000,9.3491,9.55959,9.3491,9.55862,0,0
LEN_PE,D,20240813,000000,9.58952,9.58952,9.52966,9.55862,0,0
LEN_PE,D,20240814,000000,9.55959,9.55959,9.40897,9.46207,0,0
LEN_PE,D,20240816,000000,9.46207,9.5509,9.36552,9.36552,0,0
LEN_PE,D,20240819,000000,9.5451,9.60497,9.45628,9.46207,0,0
LEN_PE,D,20240820,000000,9.58083,9.58083,9.492,9.55862,0,0
LEN_PE,D,20240821,000000,9.58952,9.58952,9.4109,9.55862,0,0
LEN_PE,D,20240822,000000,9.55959,9.55959,9.38097,9.46207,0,0
LEN_PE,D,20240823,000000,9.4611,9.46207,9.40124,9.46207,0,0
LEN_PE,D,20240826,000000,9.49393,9.49393,9.34331,9.36552,0,0
LEN_PE,D,20240827,000000,9.36455,9.51421,9.33462,9.46207,0,0
LEN_PE,D,20240828,000000,9.46207,9.492,9.40221,9.46207,0,0
LEN_PE,D,20240829,000000,9.49103,9.64069,9.49103,9.55862,0,0
LEN_PE,D,20240830,000000,9.55959,9.65517,9.38097,9.65517,0,0
LEN_PE,D,20240902,000000,9.65517,9.71503,9.47559,9.71503,0,0
LEN_PE,D,20240903,000000,9.71503,9.71503,9.53545,9.55862,0,0
LEN_PE,D,20240904,000000,9.70924,9.70924,9.07586,9.07586,0,0
LEN_PE,D,20240905,000000,9.24676,9.26897,9.10483,9.26897,0,0
LEN_PE,D,20240906,000000,9.26897,9.26897,9.26897,9.26897,0,0
LEN_PE,D,20240909,000000,9.26897,9.46207,9.26897,9.46207,0,0
LEN_PE,D,20240910,000000,9.74979,9.74979,9.40607,9.46207,0,0
LEN_PE,D,20240911,000000,9.69283,9.69283,9.17628,9.36552,0,0
LEN_PE,D,20240912,000000,9.76621,9.76621,9.13862,9.75172,0,0
LEN_PE,D,20240913,000000,9.75269,9.75269,9.36552,9.36552,0,0
LEN_PE,D,20240916,000000,9.36648,9.36648,9.25255,9.26897,0,0
LEN_PE,D,20240917,000000,9.55476,9.55476,9.26897,9.26897,0,0
LEN_PE,D,20240918,000000,9.64069,9.64069,9.41283,9.46207,0,0
LEN_PE,D,20240919,000000,9.46303,9.6069,9.36552,9.36552,0,0
LEN_PE,D,20240920,000000,9.50938,12.069,9.28152,12.069,0,0
LEN_PE,D,20240923,000000,12.2543,12.3586,12.1057,12.3586,0,0
LEN_PE,D,20240924,000000,11.9473,12.069,11.9473,12.069,0,0
LEN_PE,D,20240925,000000,12.1433,12.1433,11.8826,11.9724,0,0
LEN_PE,D,20240926,000000,11.8971,11.9724,11.8228,11.9724,0,0
LEN_PE,D,20240927,000000,12.0825,12.1655,11.9714,12.1655,0,0
LEN_PE,D,20240930,000000,12.2408,12.2408,11.9434,12.1655,0,0
LEN_PE,D,20241001,000000,12.1665,12.2785,11.9724,11.9724,0,0
LEN_PE,D,20241002,000000,11.9714,12.1578,11.8594,11.8759,0,0
LEN_PE,D,20241003,000000,11.4665,11.8025,11.2048,11.7793,0,0
LEN_PE,D,20241004,000000,11.7803,11.7803,11.3931,11.3931,0,0
LEN_PE,D,20241007,000000,11.3921,11.6828,11.3178,11.6828,0,0
LEN_PE,D,20241008,000000,11.8681,11.8681,11.6441,11.6828,0,0
LEN_PE,D,20241009,000000,11.6818,11.6818,11.3834,11.5862,0,0
LEN_PE,D,20241010,000000,11.6972,11.7349,11.5862,11.5862,0,0
LEN_PE,D,20241011,000000,11.6972,11.6972,11.3632,11.3931,0,0
LEN_PE,D,20241014,000000,11.3197,11.6171,11.3197,11.5862,0,0
LEN_PE,D,20241015,000000,11.6606,11.6606,11.4375,11.4897,0,0
LEN_PE,D,20241016,000000,11.3786,11.6026,11.3786,11.3931,0,0
LEN_PE,D,20241017,000000,11.4298,11.4298,11.2801,11.3931,0,0
LEN_PE,D,20241018,000000,11.3941,11.4317,11.3931,11.3931,0,0
LEN_PE,D,20241021,000000,11.4288,11.5032,11.3921,11.4897,0,0
LEN_PE,D,20241022,000000,11.4906,11.6026,11.3931,11.3931,0,0
LEN_PE,D,20241023,000000,11.5032,11.5399,11.3178,11.3931,0,0
LEN_PE,D,20241024,000000,11.4665,11.4665,10.9441,11.1034,0,0
LEN_PE,D,20241025,000000,11.1044,11.3284,11.1034,11.1034,0,0
LEN_PE,D,20241028,000000,10.8814,11.3284,10.8814,11.2966,0,0
LEN_PE,D,20241029,000000,11.2956,11.2966,11.1836,11.2,0,0
LEN_PE,D,20241030,000000,11.1623,11.2966,11.1623,11.2966,0,0
LEN_PE,D,20241031,000000,11.2956,11.2966,11.1092,11.2966,0,0
LEN_PE,D,20241104,000000,11.2956,11.2956,11.1092,11.2,0,0
LEN_PE,D,20241105,000000,11.1633,11.201,11.1266,11.2,0,0
LEN_PE,D,20241106,000000,11.201,11.313,11.1034,11.1034,0,0
LEN_PE,D,20241107,000000,11.1401,11.1401,10.9548,11.0069,0,0
LEN_PE,D,20241108,000000,11.0059,11.3043,11.0059,11.2,0,0
LEN_PE,D,20241112,000000,11.2753,11.537,11.201,11.4897,0,0
LEN_PE,D,20241113,000000,11.4877,11.4877,11.2647,11.2966,0,0
LEN_PE,D,20241114,000000,11.5563,11.5563,11.2956,11.4897,0,0
LEN_PE,D,20241115,000000,11.4877,11.8971,11.4877,11.7793,0,0
LEN_PE,D,20241118,000000,11.8556,12.264,11.8179,12.2621,0,0
LEN_PE,D,20241119,000000,12.3345,14.4828,11.9618,14.4828,0,0
LEN_PE,D,20241120,000000,14.6633,14.6633,13.7606,13.9034,0,0
LEN_PE,D,20241121,000000,13.9025,14.0966,13.6775,14.0966,0,0
LEN_PE,D,20241122,000000,14.141,14.1854,13.7103,13.7103,0,0
LEN_PE,D,20241125,000000,13.7992,13.8069,13.6196,13.8069,0,0
LEN_PE,D,20241126,000000,13.6263,13.7161,13.4014,13.5172,0,0
LEN_PE,D,20241127,000000,13.6061,13.6138,13.5163,13.6138,0,0
LEN_PE,D,20241128,000000,13.748,13.8378,13.5172,13.5172,0,0
LEN_PE,D,20241129,000000,13.6514,13.832,13.6061,13.8069,0,0
LEN_PE,D,20241202,000000,13.8059,13.9034,13.7606,13.9034,0,0
LEN_PE,D,20241203,000000,13.9025,13.9034,13.8127,13.9034,0,0
LEN_PE,D,20241204,000000,13.9025,13.9025,13.497,13.5172,0,0
LEN_PE,D,20241205,000000,13.6514,13.7103,13.4265,13.7103,0,0
LEN_PE,D,20241206,000000,13.7094,13.7094,13.3039,13.3241,0,0
LEN_PE,D,20241209,000000,13.3686,13.3686,13.1436,13.3241,0,0
LEN_PE,D,20241210,000000,13.3705,13.3705,13.1455,13.3241,0,0
LEN_PE,D,20241211,000000,13.4139,13.5935,13.3241,13.5172,0,0
LEN_PE,D,20241212,000000,13.5163,13.5172,13.3357,13.5172,0,0
LEN_PE,D,20241213,000000,13.5163,13.5163,13.2913,13.3241,0,0
LEN_PE,D,20241216,000000,13.2334,13.2334,13.0084,13.0345,0,0
LEN_PE,D,20241217,000000,13.0354,13.0799,12.5855,12.7448,0,0
LEN_PE,D,20241218,000000,12.6541,12.9244,12.6541,12.8414,0,0
LEN_PE,D,20241219,000000,12.8404,12.8404,12.3451,12.7448,0,0
LEN_PE,D,20241220,000000,12.7448,12.7448,12.3837,12.7448,0,0
LEN_PE,D,20241223,000000,12.5643,12.5643,12.1588,12.3586,0,0
LEN_PE,D,20241227,000000,12.2708,12.9457,12.2708,12.5517,0,0
LEN_PE,D,20241230,000000,12.5508,12.9543,12.1472,12.4552,0,0
LEN_PE,D,20250102,000000,12.4571,12.9514,12.3673,12.5517,0,0
LEN_PE,D,20250103,000000,12.5527,13.7673,12.5527,13.2276,0,0
LEN_PE,D,20250107,000000,13.2295,13.2295,13.0055,13.2276,0,0
LEN_PE,D,20250108,000000,13.1822,13.2276,13.048,13.2276,0,0
LEN_PE,D,20250109,000000,13.2276,13.2276,12.9128,13.0345,0,0
LEN_PE,D,20250110,000000,12.9457,13.3241,12.9457,13.3241,0,0
LEN_PE,D,20250113,000000,13.3241,13.3241,13.189,13.3241,0,0
LEN_PE,D,20250114,000000,13.5037,13.7287,13.2276,13.2276,0,0
LEN_PE,D,20250115,000000,13.2276,13.497,13.1822,13.2276,0,0
LEN_PE,D,20250116,000000,13.4062,13.4062,13.271,13.3241,0,0
LEN_PE,D,20250117,000000,13.3251,13.4207,13.1455,13.4207,0,0
LEN_PE,D,20250120,000000,13.4217,13.4217,12.9727,13.3241,0,0
LEN_PE,D,20250121,000000,13.4603,13.4603,13.3241,13.3241,0,0
LEN_PE,D,20250122,000000,13.3251,13.3705,13.1011,13.2276,0,0
LEN_PE,D,20250123,000000,13.3637,13.4207,13.1397,13.4207,0,0
LEN_PE,D,20250124,000000,13.4197,13.5172,13.1948,13.5172,0,0
LEN_PE,D,20250127,000000,13.4709,13.5163,13.2276,13.2276,0,0
LEN_PE,D,20250128,000000,13.2276,13.497,13.2276,13.4207,0,0
LEN_PE,D,20250129,000000,13.4651,13.5105,13.3753,13.4207,0,0
LEN_PE,D,20250130,000000,13.4651,13.5105,13.4197,13.4207,0,0
LEN_PE,D,20250131,000000,13.5105,13.5105,13.3299,13.4207,0,0
LEN_PE,D,20250203,000000,13.2846,13.2846,13.105,13.2276,0,0
LEN_PE,D,20250204,000000,13.1822,13.7673,13.1822,13.6138,0,0
LEN_PE,D,20250205,000000,13.748,13.748,13.6138,13.6138,0,0
LEN_PE,D,20250206,000000,13.748,13.8069,13.4786,13.8069,0,0
LEN_PE,D,20250207,000000,13.58,13.8967,13.5356,13.8069,0,0
LEN_PE,D,20250210,000000,13.8059,13.8069,13.7161,13.8069,0,0
LEN_PE,D,20250211,000000,13.6254,13.9865,13.6254,13.9034,0,0
LEN_PE,D,20250212,000000,13.9025,13.9025,13.7229,13.8069,0,0
LEN_PE,D,20250213,000000,13.8059,13.9865,13.6708,13.9034,0,0
LEN_PE,D,20250214,000000,13.9025,14.0966,13.9025,14.0966,0,0
LEN_PE,D,20250217,000000,14.141,14.4103,14.0058,14.2897,0,0
LEN_PE,D,20250218,000000,14.3341,14.4239,13.8832,13.9034,0,0
LEN_PE,D,20250219,000000,14.0811,14.2607,13.8127,13.9034,0,0
LEN_PE,D,20250220,000000,14.0386,14.0386,13.8069,13.8069,0,0
LEN_PE,D,20250221,000000,13.8957,13.9411,13.581,13.7103,0,0
LEN_PE,D,20250224,000000,13.9353,13.9353,13.7094,13.9034,0,0
LEN_PE,D,20250225,000000,13.9025,13.9469,13.7219,13.9034,0,0
LEN_PE,D,20250226,000000,13.9025,14.0367,13.8127,13.9034,0,0
LEN_PE,D,20250227,000000,13.9913,14.0367,13.7229,13.8069,0,0
LEN_PE,D,20250228,000000,14.0763,14.0763,13.7103,13.7103,0,0
LEN_PE,D,20250303,000000,14.0241,14.0241,13.7548,13.9034,0,0
LEN_PE,D,20250304,000000,13.9025,14.1738,13.8127,14.0966,0,0
LEN_PE,D,20250305,000000,14.0946,14.139,13.8252,13.9034,0,0
LEN_PE,D,20250306,000000,13.9932,13.9932,13.9034,13.9034,0,0
LEN_PE,D,20250307,000000,13.9025,13.9025,13.6775,13.7103,0,0
LEN_PE,D,20250310,000000,13.7094,13.9343,13.5752,13.6138,0,0
LEN_PE,D,20250311,000000,13.5674,13.9286,13.5674,13.6138,0,0
LEN_PE,D,20250312,000000,13.7026,13.9034,13.6582,13.9034,0,0
LEN_PE,D,20250313,000000,13.6321,13.9479,13.5414,13.9034,0,0
LEN_PE,D,20250314,000000,13.9025,13.9025,13.497,13.6138,0,0
LEN_PE,D,20250317,000000,13.523,13.7934,13.523,13.7103,0,0
LEN_PE,D,20250318,000000,13.7548,13.7548,13.6138,13.6138,0,0
LEN_PE,D,20250319,000000,13.9286,13.9286,13.5674,13.6138,0,0
LEN_PE,D,20250320,000000,13.8378,13.8378,13.4786,13.5172,0,0
LEN_PE,D,20250321,000000,13.5617,13.7412,13.5163,13.5172,0,0
LEN_PE,D,20250324,000000,13.6514,13.7412,13.4207,13.4207,0,0
LEN_PE,D,20250325,000000,13.6447,13.7354,13.3753,13.4207,0,0
LEN_PE,D,20250326,000000,13.6901,13.6901,13.4207,13.4207,0,0
LEN_PE,D,20250327,000000,13.4217,13.6138,13.3763,13.6138,0,0
LEN_PE,D,20250328,000000,13.6138,13.6138,13.3888,13.6138,0,0
LEN_PE,D,20250331,000000,13.5684,13.5684,13.4786,13.5172,0,0
LEN_PE,D,20250401,000000,13.5617,13.5617,13.4709,13.5172,0,0
LEN_PE,D,20250402,000000,13.5172,13.6138,13.3377,13.6138,0,0
LEN_PE,D,20250403,000000,13.6128,13.6582,13.2971,13.2971,0,0
LEN_PE,D,20250404,000000,13.5674,13.5674,12.6666,13.131,0,0
LEN_PE,D,20250407,000000,12.8163,13.356,12.8163,13.1764,0,0
LEN_PE,D,20250408,000000,13.1764,13.1764,12.9061,13.0345,0,0
LEN_PE,D,20250409,000000,12.9003,13.131,12.9003,13.131,0,0
LEN_PE,D,20250410,000000,13.1291,13.1745,13.1291,13.1745,0,0
LEN_PE,D,20250411,000000,13.1745,13.355,13.1745,13.3241,0,0
LEN_PE,D,20250414,000000,13.2334,13.3241,13.0345,13.0345,0,0
LEN_PE,D,20250415,000000,13.215,13.4207,12.9901,13.4207,0,0
LEN_PE,D,20250416,000000,13.4197,13.4197,13.105,13.2276,0,0
LEN_PE,D,20250417,000000,13.0943,13.3241,13.0055,13.3241,0,0
LEN_PE,D,20250422,000000,13.3686,13.3686,13.189,13.2276,0,0
LEN_PE,D,20250423,000000,13.3608,13.3608,13.2257,13.2276,0,0
LEN_PE,D,20250424,000000,13.3154,13.4516,13.2276,13.2276,0,0
LEN_PE,D,20250425,000000,13.3637,13.3637,13.1397,13.2276,0,0
LEN_PE,D,20250428,000000,13.3154,13.3154,13.2257,13.2276,0,0
LEN_PE,D,20250429,000000,13.2295,13.2295,13.0055,13.2276,0,0
LEN_PE,D,20250430,000000,13.0055,13.2295,12.9601,13.0345,0,0
LEN_PE,D,20250502,000000,13.0779,13.0779,13.0326,13.0345,0,0
LEN_PE,D,20250505,000000,13.0354,27.8069,12.8559,27.8069,0,0
LEN_PE,D,20250506,000000,27.916,27.916,27.6273,27.9034,0,0
LEN_PE,D,20250507,000000,27.916,27.916,27.6273,27.9034,0,0
LEN_PE,D,20250508,000000,27.916,28.3978,27.4352,28.1931,0,0
LEN_PE,D,20250509,000000,28.3978,28.3978,27.6273,28,0,0
LEN_PE,D,20250512,000000,28.2047,28.3978,28.1091,28.1931,0,0
LEN_PE,D,20250513,000000,28.2047,28.3978,28.0966,28.0966,0,0
LEN_PE,D,20250514,000000,28.3978,28.3978,28.0126,28.3862,0,0
LEN_PE,D,20250515,000000,28.3978,28.3978,27.8204,28.2897,0,0
LEN_PE,D,20250516,000000,28.2047,28.3978,28.2047,28.2897,0,0
LEN_PE,D,20250519,000000,27.7239,33.8897,27.7239,33.8897,0,0
LEN_PE,D,20250520,000000,33.8983,34.4825,33.6647,34.0828,0,0
LEN_PE,D,20250521,000000,33.8578,34.0905,33.8578,33.8578,0,0
LEN_PE,D,20250522,000000,33.8578,33.8578,32.9232,33.5034,0,0
LEN_PE,D,20250523,000000,33.5073,33.8578,32.9232,32.9241,0,0
LEN_PE,D,20250526,000000,33.2737,33.3905,32.8063,33.3103,0,0
LEN_PE,D,20250527,000000,33.5479,33.5479,32.7291,33.1172,0,0
LEN_PE,D,20250528,000000,33.4716,33.4716,32.8276,32.8276,0,0
LEN_PE,D,20250529,000000,33.431,33.431,32.9241,32.9241,0,0
LEN_PE,D,20250530,000000,33.2737,33.2737,32.8063,32.9241,0,0
LEN_PE,D,20250602,000000,33.3905,33.4069,33.04,33.4069,0,0
LEN_PE,D,20250603,000000,33.3905,33.3905,33.04,33.1172,0,0
LEN_PE,D,20250604,000000,33.4716,33.4716,33.0033,33.4069,0,0
LEN_PE,D,20250605,000000,33.2737,33.3905,32.6895,33.3103,0,0
LEN_PE,D,20250606,000000,33.1974,33.2138,32.7291,33.2138,0,0
LEN_PE,D,20250609,000000,33.3142,33.5479,32.7291,33.4069,0,0
LEN_PE,D,20250610,000000,33.3905,33.3905,33.1568,33.2138,0,0
LEN_PE,D,20250611,000000,33.6647,34.0152,33.0806,33.2138,0,0
LEN_PE,D,20250612,000000,33.5479,34.5993,33.5479,33.8897,0,0
LEN_PE,D,20250613,000000,34.132,34.132,33.431,33.8897,0,0
LEN_PE,D,20250616,000000,33.8983,33.8983,33.3103,33.3103,0,0
LEN_PE,D,20250617,000000,34.132,34.132,33.5034,33.5034,0,0
LEN_PE,D,20250618,000000,33.5073,34.0905,33.5073,33.8897,0,0
LEN_PE,D,20250620,000000,35.109,36.363,33.9,33.9,0,0
LEN_PE,D,20250623,000000,34.262,34.504,33.898,34.5,0,0
LEN_PE,D,20250624,000000,34.504,34.504,33.898,33.9,0,0
LEN_PE,D,20250625,000000,34.019,34.504,33.898,33.9,0,0
LEN_PE,D,20250626,000000,34.019,34.625,34.019,34.1,0,0
LEN_PE,D,20250627,000000,34.099,34.6,34.099,34.6,0,0
LEN_PE,D,20250630,000000,34.583,34.704,33.253,33.3,0,0
LEN_PE,D,20250701,000000,33.293,34.019,33.293,33.4,0,0
LEN_PE,D,20250702,000000,33.777,33.898,33.656,33.7,0,0
LEN_PE,D,20250703,000000,34.061,34.424,33.697,34.4,0,0
LEN_PE,D,20250704,000000,34.383,34.504,33.898,34.5,0,0
LEN_PE,D,20250707,000000,34.504,34.504,33.656,34.5,0,0
LEN_PE,D,20250708,000000,34.504,34.504,34.5,34.5,0,0
LEN_PE,D,20250709,000000,34.504,34.504,34.5,34.5,0,0
LEN_PE,D,20250710,000000,34.383,34.383,33.535,34.1,0,0
LEN_PE,D,20250711,000000,33.615,34,33.615,34,0,0
LEN_PE,D,20250714,000000,34.352,34.352,33.985,34,0,0
LEN_PE,D,20250715,000000,34.019,34.383,33.656,33.7,0,0
LEN_PE,D,20250716,000000,33.697,34.424,33.697,34.1,0,0
LEN_PE,D,20250717,000000,34.099,34.3,33.615,34.3,0,0
LEN_PE,D,20250718,000000,34.303,34.424,33.697,33.9,0,0
LEN_PE,D,20250721,000000,33.898,33.9,33.898,33.9,0,0
LEN_PE,D,20250722,000000,33.898,33.9,33.535,33.9,0,0
LEN_PE,D,20250723,000000,33.898,33.9,33.898,33.9,0,0
LEN_PE,D,20250724,000000,33.898,34.262,33.656,33.7,0,0
LEN_PE,D,20250725,000000,33.697,34.303,33.697,34.3,0,0
LEN_PE,D,20250728,000000,34.303,34.303,34.061,34.3,0,0
LEN_PE,D,20250729,000000,34.303,34.303,34.3,34.3,0,0
LEN_PE,D,20250730,000000,34.303,34.303,33.9,33.9,0,0
LEN_PE,D,20250731,000000,34.262,34.262,33.898,33.9,0,0
LEN_PE,D,20250801,000000,33.898,33.898,33.656,33.8,0,0
LEN_PE,D,20250804,000000,33.818,33.818,33.697,33.7,0,0
LEN_PE,D,20250805,000000,33.697,33.818,33.697,33.8,0,0
LEN_PE,D,20250806,000000,34.061,34.303,33.5,33.5,0,0
LEN_PE,D,20250807,000000,33.857,33.9,33.615,33.9,0,0
LEN_PE,D,20250808,000000,33.898,34.504,33.898,34.5,0,0
LEN_PE,D,20250811,000000,33.898,34.504,33.898,34.1,0,0
LEN_PE,D,20250812,000000,34.462,34.462,34.099,34.4,0,0
LEN_PE,D,20250813,000000,34.383,34.4,34.14,34.4,0,0
LEN_PE,D,20250814,000000,34.383,34.383,33.898,34.1,0,0
LEN_PE,D,20250818,000000,34.462,34.462,33.615,34.3,0,0
LEN_PE,D,20250819,000000,34.303,34.303,33.9,33.9,0,0
LEN_PE,D,20250820,000000,33.656,34.4,33.656,34.4,0,0
LEN_PE,D,20250821,000000,34.262,34.504,33.777,33.8,0,0
LEN_PE,D,20250822,000000,34.303,34.303,33.576,34.3,0,0
LEN_PE,D,20250825,000000,34.303,34.303,33.697,34.1,0,0
LEN_PE,D,20250826,000000,34.099,34.22,33.857,34.1,0,0
LEN_PE,D,20250827,000000,34.22,34.22,33.736,33.9,0,0
LEN_PE,D,20250828,000000,34.019,34.14,33.656,33.7,0,0
LEN_PE,D,20250829,000000,34.182,34.182,33.333,33.7,0,0
LEN_PE,D,20250901,000000,33.333,34.061,33.333,34,0,0
LEN_PE,D,20250902,000000,33.777,34.14,33.777,34,0,0
LEN_PE,D,20250903,000000,34.14,34.14,33.293,33.9,0,0
LEN_PE,D,20250904,000000,34.019,34.019,33.293,33.9,0,0
LEN_PE,D,20250905,000000,33.898,33.898,33.172,33.2,0,0
LEN_PE,D,20250908,000000,33.212,33.212,32.485,33.2,0,0
LEN_PE,D,20250909,000000,33.091,33.212,32.606,33.2,0,0
LEN_PE,D,20250910,000000,33.212,33.333,32.727,32.9,0,0
LEN_PE,D,20250911,000000,32.89,33.857,32.648,33.2,0,0
LEN_PE,D,20250912,000000,33.212,36.242,20.2,20.2,0,0
LEN_PE,D,20250915,000000,20.271,20.814,19.39,19.7,0,0
LEN_PE,D,20250916,000000,19.838,19.838,18.957,19.1,0,0
LEN_PE,D,20250917,000000,19.106,19.715,18.835,19.7,0,0
LEN_PE,D,20250918,000000,19.702,19.838,19.364,19.4,0,0
LEN_PE,D,20250919,000000,19.335,19.742,19.3,19.3,0,0
LEN_PE,D,20250922,000000,19.296,19.634,19.093,19.1,0,0
LEN_PE,D,20250923,000000,19.106,19.106,19,19,0,0
LEN_PE,D,20250924,000000,19.608,19.608,19.067,19.6,0,0
LEN_PE,D,20250925,000000,19.335,19.607,19.199,19.4,0,0
LEN_PE,D,20250926,000000,19.607,19.81,19.199,19.6,0,0
LEN_PE,D,20250929,000000,19.674,19.878,19.335,19.8,0,0
LEN_PE,D,20250930,000000,19.797,19.797,19.525,19.7,0,0
LEN_PE,D,20251001,000000,19.77,19.838,19.2,19.2,0,0
LEN_PE,D,20251002,000000,19.743,19.743,19.135,19.5,0,0
LEN_PE,D,20251003,000000,19.228,19.499,19.16,19.2,0,0
LEN_PE,D,20251006,000000,19.539,19.539,19.199,19.5,0,0
LEN_PE,D,20251007,000000,19.567,19.567,19,19,0,0
LEN_PE,D,20251008,000000,19.405,19.743,19.337,19.6,0,0
LEN_PE,D,20251009,000000,19.324,19.595,19.054,19.1,0,0
LEN_PE,D,20251010,000000,19.106,19.309,19.106,19.3,0,0
LEN_PE,D,20251013,000000,19.296,19.3,19.093,19.3,0,0
LEN_PE,D,20251014,000000,19.16,19.431,18.957,19.4,0,0
LEN_PE,D,20251015,000000,19.337,19.337,18.932,19,0,0
LEN_PE,D,20251016,000000,19.267,19.267,18.8,18.8,0,0
LEN_PE,D,20251017,000000,18.661,18.932,18.594,18.6,0,0
LEN_PE,D,20251020,000000,18.742,18.742,18.539,18.7,0,0
LEN_PE,D,20251021,000000,18.835,18.835,18.6,18.6,0,0
LEN_PE,D,20251022,000000,19.012,19.012,18.606,18.9,0,0
LEN_PE,D,20251023,000000,18.835,19.648,18.835,19.1,0,0
LEN_PE,D,20251024,000000,19.241,19.241,18.9,18.9,0,0
LEN_PE,D,20251027,000000,19.106,19.106,18.631,18.8,0,0
LEN_PE,D,20251028,000000,19.077,19.077,18.601,19,0,0
LEN_PE,D,20251029,000000,18.792,18.996,18.792,18.9,0,0
LEN_PE,D,20251030,000000,18.902,19,18.835,19,0,0
LEN_PE,D,20251031,000000,19.064,19.064,18.928,18.996,0,0
LEN_PE,D,20251103,000000,19.064,19.064,18.792,18.9,0,0
LEN_PE,D,20251104,000000,19.038,19.038,18.835,19,0,0
LEN_PE,D,20251105,000000,19.064,19.064,17.8,17.8,0,0
LEN_PE,D,20251106,000000,17.864,17.864,17.8,17.8,0,0
LEN_PE,D,20251107,000000,17.796,17.8,17.669,17.8,0,0
LEN_PE,D,20251110,000000,17.864,17.864,17.038,17.3,0,0
LEN_PE,D,20251112,000000,17.237,17.617,17.11,17.5,0,0
LEN_PE,D,20251113,000000,17.632,17.632,17.3,17.3,0,0
LEN_PE,D,20251114,000000,17.49,17.49,17.11,17.3,0,0
LEN_PE,D,20251117,000000,17.11,17.3,17.047,17.1,0,0
LEN_PE,D,20251118,000000,17.292,17.292,17.101,17.2,0,0
LEN_PE,D,20251119,000000,17.259,17.259,17.005,17.1,0,0
LEN_PE,D,20251120,000000,17.163,17.3,17.163,17.3,0,0
LEN_PE,D,20251121,000000,17.303,17.303,16.412,16.8,0,0
LEN_PE,D,20251124,000000,16.804,16.804,16.677,16.8,0,0
LEN_PE,D,20251125,000000,16.994,17.1,16.677,17.1,0,0
LEN_PE,D,20251126,000000,17.101,17.165,16.9,16.9,0,0
LEN_PE,D,20251127,000000,16.899,17.089,16.835,16.9,0,0
LEN_PE,D,20251128,000000,17.09,17.154,16.836,17.1,0,0
LEN_PE,D,20251201,000000,16.974,17.228,16.974,17.1,0,0
LEN_PE,D,20251202,000000,17.228,17.228,16.8,16.8,0,0
LEN_PE,D,20251203,000000,17.058,17.121,16.804,17.1,0,0
LEN_PE,D,20251204,000000,17.101,17.228,16.9,16.9,0,0
LEN_PE,D,20251205,000000,17.025,17.025,16.835,16.9,0,0
LEN_PE,D,20251208,000000,16.9,17.154,16.836,17.1,0,0
LEN_PE,D,20251209,000000,17.099,17.2,16.846,17.2,0,0
LEN_PE,D,20251210,000000,17.195,17.2,17.005,17.2,0,0
LEN_PE,D,20251211,000000,17.195,17.195,16.815,17,0,0
LEN_PE,D,20251212,000000,17.005,17.005,16.751,16.8,0,0
LEN_PE,D,20251215,000000,16.741,16.804,16.487,16.8,0,0
LEN_PE,D,20251216,000000,16.614,16.677,16.5,16.5,0,0
LEN_PE,D,20251217,000000,16.434,16.8,16.434,16.8,0,0
LEN_PE,D,20251218,000000,16.741,16.805,16.423,16.5,0,0
LEN_PE,D,20251219,000000,16.688,16.688,16.497,16.5,0,0
LEN_PE,D,20251222,000000,16.561,16.561,16.307,16.5,0,0
LEN_PE,D,20251223,000000,16.371,16.497,16.244,16.497,0,0
LEN_PE,D,20251229,000000,16.244,16.561,16.244,16.5,0,0
LEN_PE,D,20251230,000000,16.371,16.497,16.18,16.4,0,0
LEN_PE,D,20260102,000000,16.213,16.466,16.213,16.4,0,0
LEN_PE,D,20260105,000000,16.339,16.529,16.2,16.2,0,0
LEN_PE,D,20260107,000000,16.203,16.329,16.139,16.2,0,0
LEN_PE,D,20260108,000000,16.391,16.391,16.137,16.2,0,0
LEN_PE,D,20260109,000000,16.203,16.329,16.139,16.2,0,0
LEN_PE,D,20260112,000000,16.392,16.392,16.139,16.3,0,0
LEN_PE,D,20260113,000000,16.17,16.36,16.17,16.2,0,0
LEN_PE,D,20260114,000000,16.264,16.328,16.137,16.2,0,0
LEN_PE,D,20260115,000000,16.264,16.264,16.1,16.1,0,0
LEN_PE,D,20260116,000000,16.096,16.223,16.096,16.1,0,0
LEN_PE,D,20260119,000000,16.096,16.223,16.096,16.2,0,0
LEN_PE,D,20260120,000000,16.266,16.266,16.076,16.1,0,0
LEN_PE,D,20260121,000000,16.223,16.223,16.096,16.2,0,0
LEN_PE,D,20260122,000000,16.201,16.264,16.1,16.1,0,0
LEN_PE,D,20260123,000000,16.223,16.223,16.096,16.1,0,0
