<TICKER>,<PER>,<DATE>,<TIME>,<OPEN>,<HIGH>,<LOW>,<CLOSE>,<VOL>,<OPENINT>
PLW_MV,D,20161019,000000,214.903,214.903,214.903,214.903,0,0
PLW_MV,D,20161020,000000,214.041,214.903,206.563,214.903,0,0
PLW_MV,D,20161021,000000,211.036,214.903,210.942,214.685,0,0
PLW_MV,D,20161024,000000,214.903,227.786,214.64,225.387,0,0
PLW_MV,D,20161025,000000,225.642,225.642,220.323,224.354,0,0
PLW_MV,D,20161026,000000,223.491,223.491,217.054,217.054,0,0
PLW_MV,D,20161027,000000,219.197,219.197,212.752,219.158,0,0
PLW_MV,D,20161028,000000,215.369,218.335,215.369,218.335,0,0
PLW_MV,D,20161031,000000,214.903,223.445,214.903,223.414,0,0
PLW_MV,D,20161102,000000,223.445,223.491,218.591,223.065,0,0
PLW_MV,D,20161103,000000,223.065,223.065,218.544,221.348,0,0
PLW_MV,D,20161104,000000,220.921,220.921,215.974,219.197,0,0
PLW_MV,D,20161107,000000,219.197,219.197,217.054,219.072,0,0
PLW_MV,D,20161108,000000,219.072,219.072,216.068,217.473,0,0
PLW_MV,D,20161109,000000,218.778,219.197,216.183,219.197,0,0
PLW_MV,D,20161110,000000,219.197,219.197,214.041,217.909,0,0
PLW_MV,D,20161114,000000,219.197,219.197,218.778,218.778,0,0
PLW_MV,D,20161115,000000,218.731,218.731,214.041,217.054,0,0
PLW_MV,D,20161116,000000,217.054,217.054,210.648,217.054,0,0
PLW_MV,D,20161117,000000,218.778,218.778,209.739,209.739,0,0
PLW_MV,D,20161118,000000,210.601,210.601,202.136,202.136,0,0
PLW_MV,D,20161121,000000,201.616,201.616,194.06,197.664,0,0
PLW_MV,D,20161122,000000,194.06,213.793,194.06,213.793,0,0
PLW_MV,D,20161123,000000,213.793,213.793,212.519,213.451,0,0
PLW_MV,D,20161124,000000,213.7,213.7,198.565,210.391,0,0
PLW_MV,D,20161125,000000,213.793,222.203,213.793,222.156,0,0
PLW_MV,D,20161128,000000,222.156,222.156,221.636,221.636,0,0
PLW_MV,D,20161129,000000,221.737,230.247,217.473,229.292,0,0
PLW_MV,D,20161130,000000,229.292,236.444,224.571,236.398,0,0
PLW_MV,D,20161201,000000,236.398,236.398,225.984,236.398,0,0
PLW_MV,D,20161202,000000,236.398,236.398,228.826,236.11,0,0
PLW_MV,D,20161205,000000,236.157,236.157,229.541,229.541,0,0
PLW_MV,D,20161206,000000,236.195,236.195,228.586,234.736,0,0
PLW_MV,D,20161207,000000,234.736,234.736,228.865,234.449,0,0
PLW_MV,D,20161208,000000,228.826,234.021,228.826,234.021,0,0
PLW_MV,D,20161209,000000,234.449,234.449,228.734,233.983,0,0
PLW_MV,D,20161212,000000,233.983,234.263,228.734,228.734,0,0
PLW_MV,D,20161213,000000,228.734,236.297,228.734,233.983,0,0
PLW_MV,D,20161214,000000,234.969,234.969,231.661,231.661,0,0
PLW_MV,D,20161215,000000,231.661,231.661,228.826,231.661,0,0
PLW_MV,D,20161216,000000,231.661,231.661,223.686,226.94,0,0
PLW_MV,D,20161219,000000,218.941,230.674,218.662,228.826,0,0
PLW_MV,D,20161220,000000,221.737,229.292,221.737,226.885,0,0
PLW_MV,D,20161221,000000,226.885,226.885,218.001,218.001,0,0
PLW_MV,D,20161222,000000,224.516,224.516,217.575,217.575,0,0
PLW_MV,D,20161223,000000,219.795,219.795,217.473,218.662,0,0
PLW_MV,D,20161227,000000,218.887,223.476,215.827,223.429,0,0
PLW_MV,D,20161228,000000,222.203,222.203,215.827,219.367,0,0
PLW_MV,D,20161229,000000,223.149,231.661,222.203,229.292,0,0
PLW_MV,D,20161230,000000,226.94,234.736,226.94,234.736,0,0
PLW_MV,D,20170102,000000,235.349,235.349,225.286,233.935,0,0
PLW_MV,D,20170103,000000,235.349,235.349,222.156,222.156,0,0
PLW_MV,D,20170104,000000,226.847,226.847,222.203,222.203,0,0
PLW_MV,D,20170105,000000,222.203,226.171,217.473,217.473,0,0
PLW_MV,D,20170109,000000,217.473,219.849,217.473,217.629,0,0
PLW_MV,D,20170110,000000,217.629,217.854,214.64,217.473,0,0
PLW_MV,D,20170111,000000,217.473,217.473,214.694,214.981,0,0
PLW_MV,D,20170112,000000,217.008,217.008,210.391,214.172,0,0
PLW_MV,D,20170113,000000,217.008,217.008,210.477,212.752,0,0
PLW_MV,D,20170116,000000,210.477,212.465,208.023,210.43,0,0
PLW_MV,D,20170117,000000,210.624,210.624,206.602,206.842,0,0
PLW_MV,D,20170118,000000,206.842,207.549,206.136,207.549,0,0
PLW_MV,D,20170119,000000,208.023,208.023,203.301,206.842,0,0
PLW_MV,D,20170120,000000,207.968,207.968,203.301,207.494,0,0
PLW_MV,D,20170123,000000,207.929,207.929,203.301,207.456,0,0
PLW_MV,D,20170124,000000,208.256,208.256,203.301,205.654,0,0
PLW_MV,D,20170125,000000,203.395,205.654,203.395,203.774,0,0
PLW_MV,D,20170126,000000,208.495,210.346,203.907,210.346,0,0
PLW_MV,D,20170127,000000,210.346,210.346,204.707,206.415,0,0
PLW_MV,D,20170130,000000,203.907,211.859,203.907,211.804,0,0
PLW_MV,D,20170131,000000,211.804,231.187,211.804,222.443,0,0
PLW_MV,D,20170201,000000,222.156,226.847,222.156,226.745,0,0
PLW_MV,D,20170202,000000,226.94,228.353,225.045,226.94,0,0
PLW_MV,D,20170203,000000,226.94,226.94,224.571,224.571,0,0
PLW_MV,D,20170206,000000,224.571,226.885,224.571,226.885,0,0
PLW_MV,D,20170207,000000,226.885,226.885,226.225,226.225,0,0
PLW_MV,D,20170208,000000,226.885,226.885,225.75,226.645,0,0
PLW_MV,D,20170209,000000,226.69,231.187,224.097,230.202,0,0
PLW_MV,D,20170210,000000,226.985,230.247,226.94,226.94,0,0
PLW_MV,D,20170213,000000,226.985,232.135,226.94,231.661,0,0
PLW_MV,D,20170214,000000,233.315,233.315,227.879,229.774,0,0
PLW_MV,D,20170215,000000,231.661,232.748,227.118,232.748,0,0
PLW_MV,D,20170216,000000,232.748,232.748,227.46,232.088,0,0
PLW_MV,D,20170217,000000,231.661,231.661,227.118,227.498,0,0
PLW_MV,D,20170220,000000,232.562,233.315,231.661,233.315,0,0
PLW_MV,D,20170221,000000,233.315,238.759,229.292,237.097,0,0
PLW_MV,D,20170222,000000,237.097,239.465,234.021,236.871,0,0
PLW_MV,D,20170223,000000,238.759,238.759,235.442,236.398,0,0
PLW_MV,D,20170224,000000,236.398,236.398,233.082,236.398,0,0
PLW_MV,D,20170227,000000,241.834,250.57,241.834,246.136,0,0
PLW_MV,D,20170228,000000,248.535,270.667,245.841,264.757,0,0
PLW_MV,D,20170301,000000,271.848,277.904,267.599,270.62,0,0
PLW_MV,D,20170302,000000,274.208,296.387,274.208,292.178,0,0
PLW_MV,D,20170303,000000,300.214,316.763,293.646,305.418,0,0
PLW_MV,D,20170306,000000,306.365,306.365,296.426,304.703,0,0
PLW_MV,D,20170307,000000,292.178,294.78,274.736,278.992,0,0
PLW_MV,D,20170308,000000,278.705,288.396,267.126,269.487,0,0
PLW_MV,D,20170309,000000,274.208,281.306,267.126,278.759,0,0
PLW_MV,D,20170310,000000,283.138,293.125,275.295,292.178,0,0
PLW_MV,D,20170313,000000,296.426,297.854,295.96,297.706,0,0
PLW_MV,D,20170314,000000,296.426,298.079,292.178,297.288,0,0
PLW_MV,D,20170315,000000,296.426,298.886,290.756,298.794,0,0
PLW_MV,D,20170316,000000,298.886,298.886,295.719,297.854,0,0
PLW_MV,D,20170317,000000,295.486,302.584,295.486,297.854,0,0
PLW_MV,D,20170320,000000,302.016,306.83,300.681,303.523,0,0
PLW_MV,D,20170321,000000,304.851,309.673,303.997,305.418,0,0
PLW_MV,D,20170322,000000,306.83,308.904,297.854,304.944,0,0
PLW_MV,D,20170323,000000,307.786,308.484,300.214,304.944,0,0
PLW_MV,D,20170324,000000,307.298,307.398,296.906,302.584,0,0
PLW_MV,D,20170327,000000,302.584,302.584,290.803,302.529,0,0
PLW_MV,D,20170328,000000,302.584,302.584,286.034,301.582,0,0
PLW_MV,D,20170329,000000,301.163,301.163,286.121,292.597,0,0
PLW_MV,D,20170330,000000,292.597,292.597,283.954,291.657,0,0
PLW_MV,D,20170331,000000,298.234,298.234,284.14,289.196,0,0
PLW_MV,D,20170403,000000,297.854,297.854,278.937,278.937,0,0
PLW_MV,D,20170404,000000,283.193,283.628,278.937,283.426,0,0
PLW_MV,D,20170405,000000,281.306,283.666,276.624,283.666,0,0
PLW_MV,D,20170406,000000,283.713,288.349,281.361,287.875,0,0
PLW_MV,D,20170407,000000,287.829,287.829,282.16,283.666,0,0
PLW_MV,D,20170410,000000,283.713,283.713,275.629,283.628,0,0
PLW_MV,D,20170411,000000,276.576,283.48,269.006,274.208,0,0
PLW_MV,D,20170412,000000,271.848,276.576,271.848,276.576,0,0
PLW_MV,D,20170413,000000,276.576,276.576,266.645,271.848,0,0
PLW_MV,D,20170418,000000,269.487,273.742,269.487,273.742,0,0
PLW_MV,D,20170419,000000,274.154,274.154,269.952,272.794,0,0
PLW_MV,D,20170420,000000,274.154,290.328,274.154,287.596,0,0
PLW_MV,D,20170421,000000,287.596,288.303,282.012,288.256,0,0
PLW_MV,D,20170424,000000,288.256,288.256,283.908,288.256,0,0
PLW_MV,D,20170425,000000,286.034,286.034,279.644,284.14,0,0
PLW_MV,D,20170426,000000,283.666,283.666,267.126,271.38,0,0
PLW_MV,D,20170427,000000,274.208,283.581,274.208,281.779,0,0
PLW_MV,D,20170428,000000,281.779,281.779,276.576,281.779,0,0
PLW_MV,D,20170502,000000,282.246,282.246,276.576,280.544,0,0
PLW_MV,D,20170504,000000,280.879,280.879,269.487,276.522,0,0
PLW_MV,D,20170505,000000,276.522,276.522,269.487,269.487,0,0
PLW_MV,D,20170508,000000,269.487,271.848,268.066,268.066,0,0
PLW_MV,D,20170509,000000,268.12,268.12,252.458,262.335,0,0
PLW_MV,D,20170510,000000,255.307,271.38,255.307,267.126,0,0
PLW_MV,D,20170511,000000,267.08,267.126,264.284,267.126,0,0
PLW_MV,D,20170512,000000,267.126,267.126,253.225,267.08,0,0
PLW_MV,D,20170515,000000,264.703,264.703,260.028,264.284,0,0
PLW_MV,D,20170516,000000,264.284,264.284,253.172,253.172,0,0
PLW_MV,D,20170517,000000,260.028,260.028,236.398,245.841,0,0
PLW_MV,D,20170518,000000,249.622,250.57,243.487,243.487,0,0
PLW_MV,D,20170519,000000,243.487,260.028,243.239,260.028,0,0
PLW_MV,D,20170522,000000,260.028,260.028,255.307,260.028,0,0
PLW_MV,D,20170523,000000,260.028,260.028,255.594,260.028,0,0
PLW_MV,D,20170524,000000,260.028,260.028,259.936,259.936,0,0
PLW_MV,D,20170525,000000,260.028,267.685,259.936,267.685,0,0
PLW_MV,D,20170526,000000,268.539,268.539,259.081,259.081,0,0
PLW_MV,D,20170529,000000,268.539,270.434,260.028,270.434,0,0
PLW_MV,D,20170530,000000,270.38,276.096,258.374,276.096,0,0
PLW_MV,D,20170531,000000,276.096,280.126,269.432,269.432,0,0
PLW_MV,D,20170601,000000,269.432,280.357,269.432,277.525,0,0
PLW_MV,D,20170602,000000,278.89,278.89,273.028,273.501,0,0
PLW_MV,D,20170605,000000,277.384,282.719,277.384,278.937,0,0
PLW_MV,D,20170606,000000,283.054,283.054,274.208,282.719,0,0
PLW_MV,D,20170607,000000,283.054,283.054,274.208,281.779,0,0
PLW_MV,D,20170608,000000,282.96,282.96,282.246,282.246,0,0
PLW_MV,D,20170609,000000,283.054,283.054,283.007,283.007,0,0
PLW_MV,D,20170612,000000,278.324,278.844,272.794,273.742,0,0
PLW_MV,D,20170613,000000,274.208,283.666,274.208,278.89,0,0
PLW_MV,D,20170614,000000,278.937,286.502,276.251,285.554,0,0
PLW_MV,D,20170616,000000,283.666,287.829,283.666,286.034,0,0
PLW_MV,D,20170619,000000,284.14,285.554,283.666,285.554,0,0
PLW_MV,D,20170620,000000,288.396,288.396,271.848,271.848,0,0
PLW_MV,D,20170621,000000,274.208,274.208,271.848,273.742,0,0
PLW_MV,D,20170622,000000,278.937,286.034,276.624,281.306,0,0
PLW_MV,D,20170623,000000,283.666,283.666,278.937,283.527,0,0
PLW_MV,D,20170626,000000,283.666,283.666,276.576,283.581,0,0
PLW_MV,D,20170627,000000,283.581,283.581,278.937,278.937,0,0
PLW_MV,D,20170628,000000,281.306,283.666,278.937,279.885,0,0
PLW_MV,D,20170629,000000,281.306,283.666,278.937,283.666,0,0
PLW_MV,D,20170630,000000,283.666,288.396,281.306,288.256,0,0
PLW_MV,D,20170703,000000,288.256,293.125,288.256,292.038,0,0
PLW_MV,D,20170704,000000,292.178,293.07,288.629,291.557,0,0
PLW_MV,D,20170705,000000,291.464,291.464,281.306,281.306,0,0
PLW_MV,D,20170706,000000,285.98,285.98,279.411,283.138,0,0
PLW_MV,D,20170707,000000,283.193,289.661,283.193,289.661,0,0
PLW_MV,D,20170710,000000,295.486,295.486,293.125,293.125,0,0
PLW_MV,D,20170711,000000,293.125,294.919,283.666,284.14,0,0
PLW_MV,D,20170712,000000,288.396,288.396,286.034,286.034,0,0
PLW_MV,D,20170713,000000,288.396,288.396,283.666,288.349,0,0
PLW_MV,D,20170714,000000,288.349,288.396,281.306,287.875,0,0
PLW_MV,D,20170717,000000,287.93,288.396,281.531,288.396,0,0
PLW_MV,D,20170718,000000,290.71,290.71,283.666,283.666,0,0
PLW_MV,D,20170719,000000,288.396,289.762,283.666,288.396,0,0
PLW_MV,D,20170720,000000,288.861,288.861,288.396,288.396,0,0
PLW_MV,D,20170721,000000,288.861,289.816,276.576,283.666,0,0
PLW_MV,D,20170724,000000,283.193,283.193,255.307,267.599,0,0
PLW_MV,D,20170725,000000,273.269,281.065,272.794,278.416,0,0
PLW_MV,D,20170726,000000,278.324,280.778,276.576,278.937,0,0
PLW_MV,D,20170727,000000,265.946,282.719,265.946,282.719,0,0
PLW_MV,D,20170728,000000,286.974,286.974,274.356,283.628,0,0
PLW_MV,D,20170731,000000,288.396,290.756,286.974,288.349,0,0
PLW_MV,D,20170801,000000,289.343,289.343,281.686,286.034,0,0
PLW_MV,D,20170802,000000,290.756,290.756,283.666,288.155,0,0
PLW_MV,D,20170803,000000,288.396,288.396,280.833,284.56,0,0
PLW_MV,D,20170804,000000,285.554,285.554,274.914,283.426,0,0
PLW_MV,D,20170807,000000,283.379,283.379,274.356,283.379,0,0
PLW_MV,D,20170808,000000,283.138,283.193,277.384,279.084,0,0
PLW_MV,D,20170809,000000,282.82,282.82,269.487,271.848,0,0
PLW_MV,D,20170810,000000,281.306,281.306,267.359,274.208,0,0
PLW_MV,D,20170811,000000,280.357,280.357,264.757,274.208,0,0
PLW_MV,D,20170814,000000,278.937,278.937,269.487,274.208,0,0
PLW_MV,D,20170816,000000,274.208,274.208,264.812,274.208,0,0
PLW_MV,D,20170817,000000,274.154,274.154,265.285,269.487,0,0
PLW_MV,D,20170818,000000,265.946,267.599,260.028,265.231,0,0
PLW_MV,D,20170821,000000,273.975,283.054,273.742,276.522,0,0
PLW_MV,D,20170822,000000,277.283,281.306,277.283,281.252,0,0
PLW_MV,D,20170823,000000,282.96,283.426,278.937,281.306,0,0
PLW_MV,D,20170824,000000,281.306,281.306,279.038,280.599,0,0
PLW_MV,D,20170825,000000,281.306,281.306,279.885,279.885,0,0
PLW_MV,D,20170828,000000,283.666,283.666,278.937,278.937,0,0
PLW_MV,D,20170829,000000,283.527,283.527,281.306,282.16,0,0
PLW_MV,D,20170830,000000,281.306,290.756,280.833,290.756,0,0
PLW_MV,D,20170831,000000,293.125,295.486,288.396,293.125,0,0
PLW_MV,D,20170901,000000,293.125,299.12,293.125,299.12,0,0
PLW_MV,D,20170904,000000,297.799,301.776,297.799,301.582,0,0
PLW_MV,D,20170905,000000,301.582,302.529,299.267,302.016,0,0
PLW_MV,D,20170906,000000,301.636,301.636,299.267,299.267,0,0
PLW_MV,D,20170907,000000,300.214,300.214,293.125,293.125,0,0
PLW_MV,D,20170908,000000,293.125,299.687,293.125,299.267,0,0
PLW_MV,D,20170911,000000,302.102,313.222,301.636,313.222,0,0
PLW_MV,D,20170912,000000,316.235,325.274,316.235,322.44,0,0
PLW_MV,D,20170913,000000,322.44,325.32,321.493,325.274,0,0
PLW_MV,D,20170914,000000,323.146,323.146,312.089,321.873,0,0
PLW_MV,D,20170915,000000,321.539,321.539,314.395,319.125,0,0
PLW_MV,D,20170918,000000,319.125,343.701,319.125,338.033,0,0
PLW_MV,D,20170919,000000,335.673,342.715,323.38,329.056,0,0
PLW_MV,D,20170920,000000,333.219,333.219,323.434,323.434,0,0
PLW_MV,D,20170921,000000,325.693,326.221,315.396,321.353,0,0
PLW_MV,D,20170922,000000,321.252,321.252,312.041,318.185,0,0
PLW_MV,D,20170925,000000,315.817,315.817,302.584,302.824,0,0
PLW_MV,D,20170926,000000,307.298,307.298,290.756,300.168,0,0
PLW_MV,D,20170927,000000,297.854,316.289,293.171,311.327,0,0
PLW_MV,D,20170928,000000,311.327,311.327,311.327,311.327,0,0
PLW_MV,D,20170929,000000,316.717,316.717,316.717,316.717,0,0
PLW_MV,D,20171002,000000,316.763,316.763,302.63,306.83,0,0
PLW_MV,D,20171003,000000,307.298,323.845,307.298,323.845,0,0
PLW_MV,D,20171004,000000,327.161,327.161,317.943,321.018,0,0
PLW_MV,D,20171005,000000,319.598,321.252,312.041,320.964,0,0
PLW_MV,D,20171006,000000,320.964,322.914,310.38,321.252,0,0
PLW_MV,D,20171009,000000,326.221,326.221,311.134,311.134,0,0
PLW_MV,D,20171010,000000,316.763,326.221,307.786,320.406,0,0
PLW_MV,D,20171011,000000,320.406,325.453,319.077,319.077,0,0
PLW_MV,D,20171012,000000,319.077,321.439,308.26,321.439,0,0
PLW_MV,D,20171013,000000,321.399,321.399,312.562,316.763,0,0
PLW_MV,D,20171016,000000,321.439,325.034,309.906,323.845,0,0
PLW_MV,D,20171017,000000,326.221,326.221,317.703,323.806,0,0
PLW_MV,D,20171018,000000,323.806,323.845,309.906,312.041,0,0
PLW_MV,D,20171019,000000,316.717,316.717,309.673,312.041,0,0
PLW_MV,D,20171020,000000,315.762,315.762,303.997,310.907,0,0
PLW_MV,D,20171023,000000,306.979,306.979,292.224,292.224,0,0
PLW_MV,D,20171024,000000,298.234,298.234,278.937,281.531,0,0
PLW_MV,D,20171025,000000,282.494,289.716,271.848,289.716,0,0
PLW_MV,D,20171026,000000,289.716,294.538,289.716,294.538,0,0
PLW_MV,D,20171027,000000,297.799,297.799,293.125,294.065,0,0
PLW_MV,D,20171030,000000,293.125,294.538,289.816,294.538,0,0
PLW_MV,D,20171031,000000,299.267,303.523,294.538,302.529,0,0
PLW_MV,D,20171102,000000,303.523,303.523,296.674,296.674,0,0
PLW_MV,D,20171103,000000,296.721,300.214,296.721,300.214,0,0
PLW_MV,D,20171106,000000,300.214,300.214,293.171,299.741,0,0
PLW_MV,D,20171107,000000,297.854,297.854,291.238,297.854,0,0
PLW_MV,D,20171108,000000,291.238,297.854,291.238,293.125,0,0
PLW_MV,D,20171109,000000,297.373,297.373,285.554,290.578,0,0
PLW_MV,D,20171110,000000,283.666,295.392,283.666,295.392,0,0
PLW_MV,D,20171113,000000,293.125,295.392,288.629,295.392,0,0
PLW_MV,D,20171114,000000,295.392,295.392,288.45,290.756,0,0
PLW_MV,D,20171115,000000,288.45,295.02,288.45,295.02,0,0
PLW_MV,D,20171116,000000,290.997,295.96,289.343,295.96,0,0
PLW_MV,D,20171117,000000,297.854,304.944,295.96,304.944,0,0
PLW_MV,D,20171120,000000,307.298,307.298,297.854,306.311,0,0
PLW_MV,D,20171121,000000,306.311,312.041,302.584,312.041,0,0
PLW_MV,D,20171122,000000,312.135,313.075,307.298,311.987,0,0
PLW_MV,D,20171123,000000,311.987,316.669,307.298,316.669,0,0
PLW_MV,D,20171124,000000,318.185,318.185,316.717,316.763,0,0
PLW_MV,D,20171127,000000,321.493,321.493,316.763,316.763,0,0
PLW_MV,D,20171128,000000,320.964,320.964,307.298,313.921,0,0
PLW_MV,D,20171129,000000,316.763,316.763,303.103,308.26,0,0
PLW_MV,D,20171130,000000,308.26,308.26,295.486,301.582,0,0
PLW_MV,D,20171201,000000,306.83,306.83,296.906,299.741,0,0
PLW_MV,D,20171204,000000,299.741,300.214,296.993,300.214,0,0
PLW_MV,D,20171205,000000,299.741,301.636,297.373,301.636,0,0
PLW_MV,D,20171206,000000,306.365,306.365,295.586,301.163,0,0
PLW_MV,D,20171207,000000,301.163,301.636,297.854,301.163,0,0
PLW_MV,D,20171208,000000,301.163,301.636,296.426,301.636,0,0
PLW_MV,D,20171211,000000,300.214,305.891,300.214,303.049,0,0
PLW_MV,D,20171212,000000,303.049,303.049,298.848,302.584,0,0
PLW_MV,D,20171213,000000,302.584,302.584,293.125,293.125,0,0
PLW_MV,D,20171214,000000,297.854,301.636,293.599,297.854,0,0
PLW_MV,D,20171215,000000,297.854,297.854,285.98,285.98,0,0
PLW_MV,D,20171218,000000,292.597,292.597,283.628,288.396,0,0
PLW_MV,D,20171219,000000,288.396,300.214,288.396,297.854,0,0
PLW_MV,D,20171220,000000,304.944,304.944,297.854,297.854,0,0
PLW_MV,D,20171221,000000,297.854,297.854,297.373,297.854,0,0
PLW_MV,D,20171222,000000,295.486,297.854,293.357,295.486,0,0
PLW_MV,D,20171227,000000,297.854,312.974,297.854,311.987,0,0
PLW_MV,D,20171228,000000,316.049,316.049,307.298,311.568,0,0
PLW_MV,D,20171229,000000,307.352,312.041,304.944,307.258,0,0
PLW_MV,D,20180103,000000,298.794,302.584,298.794,302.584,0,0
PLW_MV,D,20180104,000000,302.584,302.584,299.741,302.584,0,0
PLW_MV,D,20180105,000000,307.298,307.298,302.584,306.365,0,0
PLW_MV,D,20180108,000000,306.365,318.658,306.365,311.079,0,0
PLW_MV,D,20180109,000000,316.763,319.598,316.763,319.598,0,0
PLW_MV,D,20180110,000000,321.493,325.274,314.867,321.493,0,0
PLW_MV,D,20180111,000000,323.38,324.326,319.598,319.598,0,0
PLW_MV,D,20180112,000000,326.221,329.056,319.598,324.326,0,0
PLW_MV,D,20180115,000000,324.326,329.056,318.658,318.658,0,0
PLW_MV,D,20180116,000000,320.544,325.274,320.544,325.274,0,0
PLW_MV,D,20180117,000000,325.274,325.274,321.493,322.44,0,0
PLW_MV,D,20180118,000000,325.274,339.461,325.274,339.461,0,0
PLW_MV,D,20180119,000000,340.394,352.695,340.394,349.852,0,0
PLW_MV,D,20180122,000000,352.695,387.678,352.695,387.678,0,0
PLW_MV,D,20180123,000000,402.805,425.503,401.865,406.595,0,0
PLW_MV,D,20180124,000000,406.595,411.316,385.783,392.406,0,0
PLW_MV,D,20180125,000000,392.406,403.753,392.406,399.979,0,0
PLW_MV,D,20180126,000000,399.979,406.595,399.979,405.639,0,0
PLW_MV,D,20180129,000000,406.595,410.368,397.128,406.595,0,0
PLW_MV,D,20180130,000000,406.595,406.595,401.865,401.865,0,0
PLW_MV,D,20180131,000000,396.197,401.865,396.197,401.865,0,0
PLW_MV,D,20180201,000000,397.128,405.639,375.377,387.678,0,0
PLW_MV,D,20180202,000000,386.739,387.678,378.227,380.122,0,0
PLW_MV,D,20180205,000000,378.227,392.406,361.205,392.406,0,0
PLW_MV,D,20180206,000000,368.761,378.227,362.145,368.761,0,0
PLW_MV,D,20180207,000000,376.34,404.699,376.34,397.128,0,0
PLW_MV,D,20180208,000000,404.699,405.639,396.197,396.197,0,0
PLW_MV,D,20180209,000000,389.573,397.128,385.783,396.197,0,0
PLW_MV,D,20180212,000000,396.197,400.918,396.197,399.979,0,0
PLW_MV,D,20180213,000000,401.865,410.368,401.865,406.595,0,0
PLW_MV,D,20180214,000000,409.421,413.218,406.595,406.595,0,0
PLW_MV,D,20180215,000000,408.481,411.316,396.197,400.918,0,0
PLW_MV,D,20180216,000000,401.865,411.316,397.128,407.535,0,0
PLW_MV,D,20180219,000000,404.699,406.595,393.355,405.639,0,0
PLW_MV,D,20180220,000000,404.699,418.88,404.699,416.044,0,0
PLW_MV,D,20180221,000000,416.044,419.827,411.316,416.044,0,0
PLW_MV,D,20180222,000000,416.044,419.827,414.151,417.94,0,0
PLW_MV,D,20180223,000000,418.88,440.631,418.88,434.962,0,0
PLW_MV,D,20180226,000000,435.902,439.684,427.398,430.233,0,0
PLW_MV,D,20180227,000000,425.503,430.233,420.775,420.775,0,0
PLW_MV,D,20180228,000000,422.661,429.286,420.775,426.443,0,0
PLW_MV,D,20180301,000000,434.962,434.962,416.044,420.775,0,0
PLW_MV,D,20180302,000000,422.661,422.661,411.316,411.316,0,0
PLW_MV,D,20180305,000000,411.316,420.775,411.316,415.105,0,0
PLW_MV,D,20180306,000000,416.993,429.286,415.105,420.775,0,0
PLW_MV,D,20180307,000000,427.398,433.067,420.775,431.18,0,0
PLW_MV,D,20180308,000000,434.007,434.007,425.503,433.067,0,0
PLW_MV,D,20180309,000000,426.443,443.466,424.557,439.684,0,0
PLW_MV,D,20180312,000000,449.142,461.435,446.299,446.299,0,0
PLW_MV,D,20180313,000000,446.299,452.923,439.684,451.976,0,0
PLW_MV,D,20180314,000000,453.863,470.878,452.923,470.878,0,0
PLW_MV,D,20180315,000000,469.945,482.238,458.593,482.238,0,0
PLW_MV,D,20180316,000000,482.238,482.238,467.095,468.059,0,0
PLW_MV,D,20180319,000000,470.878,475.148,462.382,472.78,0,0
PLW_MV,D,20180320,000000,463.322,470.878,461.435,461.435,0,0
PLW_MV,D,20180321,000000,461.435,466.164,450.09,462.382,0,0
PLW_MV,D,20180322,000000,463.322,466.164,456.705,463.322,0,0
PLW_MV,D,20180323,000000,459.54,467.095,458.593,466.164,0,0
PLW_MV,D,20180326,000000,455.758,464.278,451.036,451.036,0,0
PLW_MV,D,20180327,000000,457.653,459.54,453.863,453.863,0,0
PLW_MV,D,20180328,000000,453.863,453.863,433.067,439.684,0,0
PLW_MV,D,20180329,000000,453.863,460.487,436.849,460.487,0,0
PLW_MV,D,20180403,000000,461.435,461.435,451.976,457.653,0,0
PLW_MV,D,20180404,000000,458.593,458.593,447.247,450.09,0,0
PLW_MV,D,20180405,000000,450.09,458.593,416.044,427.398,0,0
PLW_MV,D,20180406,000000,432.112,472.78,430.233,472.78,0,0
PLW_MV,D,20180409,000000,520.057,520.057,496.419,517.696,0,0
PLW_MV,D,20180410,000000,529.515,548.432,529.515,543.694,0,0
PLW_MV,D,20180411,000000,543.694,550.792,522.417,527.147,0,0
PLW_MV,D,20180412,000000,515.335,522.417,505.869,517.696,0,0
PLW_MV,D,20180413,000000,522.417,522.417,510.598,510.598,0,0
PLW_MV,D,20180416,000000,524.785,524.785,496.419,501.148,0,0
PLW_MV,D,20180417,000000,501.148,503.509,484.607,491.697,0,0
PLW_MV,D,20180418,000000,498.787,498.787,484.607,491.697,0,0
PLW_MV,D,20180419,000000,484.607,484.607,458.593,466.164,0,0
PLW_MV,D,20180420,000000,486.96,486.96,468.059,472.78,0,0
PLW_MV,D,20180423,000000,489.321,489.321,463.322,469.945,0,0
PLW_MV,D,20180424,000000,472.78,472.78,464.278,465.208,0,0
PLW_MV,D,20180425,000000,463.322,468.99,450.09,465.208,0,0
PLW_MV,D,20180426,000000,462.382,489.321,462.382,472.78,0,0
PLW_MV,D,20180427,000000,486.96,486.96,466.164,468.99,0,0
PLW_MV,D,20180430,000000,482.238,503.509,482.238,496.419,0,0
PLW_MV,D,20180502,000000,524.785,536.605,508.237,510.598,0,0
PLW_MV,D,20180504,000000,522.417,531.875,520.057,527.147,0,0
PLW_MV,D,20180507,000000,529.515,541.334,522.417,524.785,0,0
PLW_MV,D,20180508,000000,529.515,529.515,501.148,520.057,0,0
PLW_MV,D,20180509,000000,520.057,534.244,510.598,531.875,0,0
PLW_MV,D,20180510,000000,534.244,605.15,534.244,605.15,0,0
PLW_MV,D,20180511,000000,633.519,713.9,631.166,704.449,0,0
PLW_MV,D,20180514,000000,720.998,751.717,652.436,692.623,0,0
PLW_MV,D,20180515,000000,699.72,699.72,661.885,683.171,0,0
PLW_MV,D,20180516,000000,685.532,817.911,685.532,799.001,0,0
PLW_MV,D,20180517,000000,813.181,813.181,666.616,671.352,0,0
PLW_MV,D,20180518,000000,735.169,735.169,657.164,690.261,0,0
PLW_MV,D,20180521,000000,780.085,780.085,737.538,754.086,0,0
PLW_MV,D,20180522,000000,772.994,813.181,772.994,813.181,0,0
PLW_MV,D,20180523,000000,810.813,855.736,810.813,841.54,0,0
PLW_MV,D,20180524,000000,841.54,850.996,808.453,836.816,0,0
PLW_MV,D,20180525,000000,836.816,836.816,817.911,827.361,0,0
PLW_MV,D,20180528,000000,850.996,855.736,813.181,817.911,0,0
PLW_MV,D,20180529,000000,846.281,846.281,706.802,713.9,0,0
PLW_MV,D,20180530,000000,567.333,633.519,538.966,553.153,0,0
PLW_MV,D,20180601,000000,562.604,562.604,472.78,520.057,0,0
PLW_MV,D,20180604,000000,531.875,638.256,531.875,638.256,0,0
PLW_MV,D,20180605,000000,666.616,683.171,659.525,666.616,0,0
PLW_MV,D,20180606,000000,647.706,654.804,605.15,638.256,0,0
PLW_MV,D,20180607,000000,642.984,642.984,616.97,631.166,0,0
PLW_MV,D,20180608,000000,621.7,621.7,579.153,581.529,0,0
PLW_MV,D,20180611,000000,581.529,600.429,536.605,600.429,0,0
PLW_MV,D,20180612,000000,605.15,616.97,579.153,586.241,0,0
PLW_MV,D,20180613,000000,595.7,595.7,569.701,576.792,0,0
PLW_MV,D,20180614,000000,574.431,642.984,569.701,638.256,0,0
PLW_MV,D,20180615,000000,652.436,652.436,624.075,624.075,0,0
PLW_MV,D,20180618,000000,633.519,640.616,612.248,614.617,0,0
PLW_MV,D,20180619,000000,605.15,605.15,586.241,595.7,0,0
PLW_MV,D,20180620,000000,590.979,605.15,581.529,605.15,0,0
PLW_MV,D,20180621,000000,602.791,609.888,581.529,588.602,0,0
PLW_MV,D,20180622,000000,590.979,590.979,564.98,574.431,0,0
PLW_MV,D,20180625,000000,576.792,576.792,557.882,564.98,0,0
PLW_MV,D,20180626,000000,564.98,564.98,543.694,543.694,0,0
PLW_MV,D,20180627,000000,534.244,543.694,512.967,543.694,0,0
PLW_MV,D,20180628,000000,543.694,614.617,543.694,590.979,0,0
PLW_MV,D,20180629,000000,600.429,621.7,600.429,614.617,0,0
PLW_MV,D,20180702,000000,609.888,619.339,590.979,595.7,0,0
PLW_MV,D,20180703,000000,602.791,602.791,586.241,600.429,0,0
PLW_MV,D,20180704,000000,607.528,631.166,600.429,621.7,0,0
PLW_MV,D,20180705,000000,621.7,633.519,616.97,624.075,0,0
PLW_MV,D,20180706,000000,642.984,645.338,607.528,607.528,0,0
PLW_MV,D,20180709,000000,617.165,617.165,590.645,602.697,0,0
PLW_MV,D,20180710,000000,612.342,612.342,585.823,602.697,0,0
PLW_MV,D,20180711,000000,602.697,602.697,581.007,595.468,0,0
PLW_MV,D,20180712,000000,593.053,602.697,590.645,597.875,0,0
PLW_MV,D,20180713,000000,597.875,600.289,583.423,588.238,0,0
PLW_MV,D,20180716,000000,590.645,595.468,583.423,588.238,0,0
PLW_MV,D,20180717,000000,588.238,667.795,588.238,665.381,0,0
PLW_MV,D,20180718,000000,662.973,662.973,607.528,607.528,0,0
PLW_MV,D,20180719,000000,614.749,638.861,612.342,626.817,0,0
PLW_MV,D,20180720,000000,634.039,646.092,619.572,621.98,0,0
PLW_MV,D,20180723,000000,660.558,670.211,650.921,670.211,0,0
PLW_MV,D,20180724,000000,679.848,747.345,679.848,718.419,0,0
PLW_MV,D,20180725,000000,720.826,744.931,720.826,744.931,0,0
PLW_MV,D,20180726,000000,756.991,756.991,723.241,732.887,0,0
PLW_MV,D,20180727,000000,728.056,788.324,728.056,785.925,0,0
PLW_MV,D,20180730,000000,795.561,838.963,795.561,829.317,0,0
PLW_MV,D,20180731,000000,831.72,834.132,793.162,793.162,0,0
PLW_MV,D,20180801,000000,773.873,800.384,761.813,790.74,0,0
PLW_MV,D,20180802,000000,793.162,802.799,781.102,802.799,0,0
PLW_MV,D,20180803,000000,800.384,800.384,769.042,776.279,0,0
PLW_MV,D,20180806,000000,766.635,800.384,766.635,795.561,0,0
PLW_MV,D,20180807,000000,797.976,829.317,797.976,819.673,0,0
PLW_MV,D,20180808,000000,819.673,829.317,802.799,805.206,0,0
PLW_MV,D,20180809,000000,824.496,829.317,810.028,829.317,0,0
PLW_MV,D,20180810,000000,819.673,819.673,797.976,802.799,0,0
PLW_MV,D,20180813,000000,797.976,824.496,797.976,824.496,0,0
PLW_MV,D,20180814,000000,826.903,826.903,788.324,790.74,0,0
PLW_MV,D,20180816,000000,742.523,781.102,740.116,773.873,0,0
PLW_MV,D,20180817,000000,773.873,783.51,752.168,783.51,0,0
PLW_MV,D,20180820,000000,783.51,783.51,764.22,764.22,0,0
PLW_MV,D,20180821,000000,776.279,776.279,756.991,776.279,0,0
PLW_MV,D,20180822,000000,776.279,776.279,756.991,764.22,0,0
PLW_MV,D,20180823,000000,766.635,766.635,752.168,756.991,0,0
PLW_MV,D,20180824,000000,759.405,761.813,752.168,756.991,0,0
PLW_MV,D,20180827,000000,756.991,771.457,732.887,732.887,0,0
PLW_MV,D,20180828,000000,723.241,732.887,718.419,725.648,0,0
PLW_MV,D,20180829,000000,723.241,723.241,703.952,716.003,0,0
PLW_MV,D,20180830,000000,711.19,740.116,706.366,740.116,0,0
PLW_MV,D,20180831,000000,737.708,742.523,711.19,732.887,0,0
PLW_MV,D,20180903,000000,720.826,732.887,667.795,670.211,0,0
PLW_MV,D,20180904,000000,665.381,699.13,665.381,689.493,0,0
PLW_MV,D,20180905,000000,689.493,694.315,670.211,679.848,0,0
PLW_MV,D,20180906,000000,679.848,679.848,665.381,672.61,0,0
PLW_MV,D,20180907,000000,670.211,716.003,658.143,679.848,0,0
PLW_MV,D,20180910,000000,679.848,687.085,665.381,675.025,0,0
PLW_MV,D,20180911,000000,679.848,679.848,662.973,670.211,0,0
PLW_MV,D,20180912,000000,665.381,667.795,648.506,660.558,0,0
PLW_MV,D,20180913,000000,660.558,665.381,650.921,660.558,0,0
PLW_MV,D,20180914,000000,650.921,675.025,650.921,672.61,0,0
PLW_MV,D,20180917,000000,675.025,732.887,675.025,732.887,0,0
PLW_MV,D,20180918,000000,728.056,769.042,728.056,766.635,0,0
PLW_MV,D,20180919,000000,771.457,771.457,728.056,742.523,0,0
PLW_MV,D,20180920,000000,744.931,771.457,744.931,761.813,0,0
PLW_MV,D,20180921,000000,764.22,764.22,747.345,756.991,0,0
PLW_MV,D,20180924,000000,769.042,773.873,720.826,728.056,0,0
PLW_MV,D,20180925,000000,730.479,730.479,706.366,720.826,0,0
PLW_MV,D,20180926,000000,723.241,737.708,723.241,728.056,0,0
PLW_MV,D,20180927,000000,723.241,723.241,706.366,706.366,0,0
PLW_MV,D,20180928,000000,708.774,708.774,682.255,689.493,0,0
PLW_MV,D,20181001,000000,689.493,703.952,679.848,691.899,0,0
PLW_MV,D,20181002,000000,694.315,723.241,694.315,718.419,0,0
PLW_MV,D,20181003,000000,723.241,740.116,723.241,735.294,0,0
PLW_MV,D,20181004,000000,735.294,735.294,701.537,703.952,0,0
PLW_MV,D,20181005,000000,703.952,711.19,694.315,708.774,0,0
PLW_MV,D,20181008,000000,708.774,720.826,677.433,684.663,0,0
PLW_MV,D,20181009,000000,682.255,689.493,665.381,679.848,0,0
PLW_MV,D,20181010,000000,689.493,694.315,624.401,629.216,0,0
PLW_MV,D,20181011,000000,590.645,607.528,578.585,588.238,0,0
PLW_MV,D,20181012,000000,605.113,631.632,605.113,617.165,0,0
PLW_MV,D,20181015,000000,631.632,631.632,588.238,597.875,0,0
PLW_MV,D,20181016,000000,600.289,634.039,600.289,624.401,0,0
PLW_MV,D,20181017,000000,641.268,648.506,624.401,624.401,0,0
PLW_MV,D,20181018,000000,624.401,631.632,614.749,619.572,0,0
PLW_MV,D,20181019,000000,617.165,621.98,607.528,614.749,0,0
PLW_MV,D,20181022,000000,617.165,617.165,593.053,600.289,0,0
PLW_MV,D,20181023,000000,590.645,590.645,561.718,561.718,0,0
PLW_MV,D,20181024,000000,564.134,588.238,564.134,571.364,0,0
PLW_MV,D,20181025,000000,554.481,593.053,554.481,593.053,0,0
PLW_MV,D,20181026,000000,593.053,593.053,561.718,564.134,0,0
PLW_MV,D,20181029,000000,564.134,578.585,556.896,568.947,0,0
PLW_MV,D,20181030,000000,566.541,583.423,564.134,576.178,0,0
PLW_MV,D,20181031,000000,590.645,590.645,573.771,576.178,0,0
PLW_MV,D,20181102,000000,590.645,602.697,573.771,583.423,0,0
PLW_MV,D,20181105,000000,583.423,593.053,571.364,583.423,0,0
PLW_MV,D,20181106,000000,583.423,593.053,576.178,585.823,0,0
PLW_MV,D,20181107,000000,583.423,631.632,583.423,631.632,0,0
PLW_MV,D,20181108,000000,643.684,665.381,643.684,662.973,0,0
PLW_MV,D,20181109,000000,662.973,662.973,634.039,636.454,0,0
PLW_MV,D,20181113,000000,679.848,687.085,662.973,665.381,0,0
PLW_MV,D,20181114,000000,670.211,670.211,634.039,655.736,0,0
PLW_MV,D,20181115,000000,660.558,660.558,621.98,629.216,0,0
PLW_MV,D,20181116,000000,631.632,643.684,590.645,643.684,0,0
PLW_MV,D,20181119,000000,636.454,646.092,619.572,634.039,0,0
PLW_MV,D,20181120,000000,621.98,626.817,597.875,602.697,0,0
PLW_MV,D,20181121,000000,607.528,624.401,602.697,607.528,0,0
PLW_MV,D,20181122,000000,612.342,634.039,600.289,617.165,0,0
PLW_MV,D,20181123,000000,626.817,638.861,617.165,634.039,0,0
PLW_MV,D,20181126,000000,655.736,672.61,653.328,672.61,0,0
PLW_MV,D,20181127,000000,660.558,660.558,638.861,655.736,0,0
PLW_MV,D,20181128,000000,655.736,665.381,653.328,660.558,0,0
PLW_MV,D,20181129,000000,672.61,684.663,670.211,684.663,0,0
PLW_MV,D,20181130,000000,684.663,687.085,670.211,682.255,0,0
PLW_MV,D,20181203,000000,687.085,713.597,684.663,706.366,0,0
PLW_MV,D,20181204,000000,708.774,708.774,684.663,701.537,0,0
PLW_MV,D,20181205,000000,684.663,687.085,675.025,684.663,0,0
PLW_MV,D,20181206,000000,684.663,701.537,682.255,691.899,0,0
PLW_MV,D,20181207,000000,694.315,706.366,689.493,689.493,0,0
PLW_MV,D,20181210,000000,677.433,682.255,648.506,648.506,0,0
PLW_MV,D,20181211,000000,670.211,670.211,653.328,655.736,0,0
PLW_MV,D,20181212,000000,665.381,665.381,648.506,665.381,0,0
PLW_MV,D,20181213,000000,670.211,670.211,655.736,658.143,0,0
PLW_MV,D,20181214,000000,653.328,660.558,650.921,655.736,0,0
PLW_MV,D,20181217,000000,653.328,658.143,621.98,629.216,0,0
PLW_MV,D,20181218,000000,617.165,626.817,607.528,626.817,0,0
PLW_MV,D,20181219,000000,634.039,648.506,629.216,648.506,0,0
PLW_MV,D,20181220,000000,636.454,646.092,629.216,631.632,0,0
PLW_MV,D,20181221,000000,631.632,643.684,621.98,621.98,0,0
PLW_MV,D,20181227,000000,646.092,648.506,631.632,648.506,0,0
PLW_MV,D,20181228,000000,646.092,650.921,641.268,650.921,0,0
PLW_MV,D,20190102,000000,658.143,682.255,646.092,675.025,0,0
PLW_MV,D,20190103,000000,675.025,682.255,655.736,658.143,0,0
PLW_MV,D,20190104,000000,667.795,684.663,658.143,684.663,0,0
PLW_MV,D,20190107,000000,699.13,728.056,699.13,728.056,0,0
PLW_MV,D,20190108,000000,732.887,732.887,718.419,725.648,0,0
PLW_MV,D,20190109,000000,732.887,752.168,730.479,742.523,0,0
PLW_MV,D,20190110,000000,740.116,742.523,728.056,735.294,0,0
PLW_MV,D,20190111,000000,749.761,749.761,732.887,737.708,0,0
PLW_MV,D,20190114,000000,740.116,740.116,725.648,735.294,0,0
PLW_MV,D,20190115,000000,737.708,742.523,732.887,737.708,0,0
PLW_MV,D,20190116,000000,737.708,771.457,737.708,771.457,0,0
PLW_MV,D,20190117,000000,771.457,795.561,754.584,771.457,0,0
PLW_MV,D,20190118,000000,773.873,788.324,773.873,781.102,0,0
PLW_MV,D,20190121,000000,781.102,795.561,781.102,781.102,0,0
PLW_MV,D,20190122,000000,783.51,785.925,759.405,761.813,0,0
PLW_MV,D,20190123,000000,756.991,800.384,754.584,790.74,0,0
PLW_MV,D,20190124,000000,790.74,797.976,776.279,783.51,0,0
PLW_MV,D,20190125,000000,788.324,788.324,773.873,783.51,0,0
PLW_MV,D,20190128,000000,785.925,788.324,756.991,766.635,0,0
PLW_MV,D,20190129,000000,756.991,795.561,756.991,781.102,0,0
PLW_MV,D,20190130,000000,783.51,785.925,771.457,773.873,0,0
PLW_MV,D,20190131,000000,785.925,793.162,776.279,776.279,0,0
PLW_MV,D,20190201,000000,778.687,778.687,766.635,771.457,0,0
PLW_MV,D,20190204,000000,771.457,790.74,771.457,785.925,0,0
PLW_MV,D,20190205,000000,790.74,793.162,785.925,790.74,0,0
PLW_MV,D,20190206,000000,785.925,785.925,761.813,761.813,0,0
PLW_MV,D,20190207,000000,761.813,761.813,732.887,752.168,0,0
PLW_MV,D,20190208,000000,737.708,742.523,723.241,732.887,0,0
PLW_MV,D,20190211,000000,732.887,732.887,720.826,730.479,0,0
PLW_MV,D,20190212,000000,730.479,749.761,730.479,744.931,0,0
PLW_MV,D,20190213,000000,752.168,752.168,732.887,742.523,0,0
PLW_MV,D,20190214,000000,735.294,752.168,735.294,747.345,0,0
PLW_MV,D,20190215,000000,742.523,773.873,732.887,756.991,0,0
PLW_MV,D,20190218,000000,764.22,769.042,749.761,756.991,0,0
PLW_MV,D,20190219,000000,754.584,761.813,752.168,756.991,0,0
PLW_MV,D,20190220,000000,761.813,761.813,742.523,747.345,0,0
PLW_MV,D,20190221,000000,749.761,752.168,742.523,747.345,0,0
PLW_MV,D,20190222,000000,744.931,749.761,737.708,747.345,0,0
PLW_MV,D,20190225,000000,752.168,752.168,730.479,747.345,0,0
PLW_MV,D,20190226,000000,749.761,749.761,737.708,740.116,0,0
PLW_MV,D,20190227,000000,744.931,761.813,744.931,749.761,0,0
PLW_MV,D,20190228,000000,754.584,771.457,754.584,766.635,0,0
PLW_MV,D,20190301,000000,769.042,778.687,766.635,766.635,0,0
PLW_MV,D,20190304,000000,776.279,790.74,776.279,781.102,0,0
PLW_MV,D,20190305,000000,785.925,785.925,766.635,776.279,0,0
PLW_MV,D,20190306,000000,776.279,783.51,769.042,776.279,0,0
PLW_MV,D,20190307,000000,776.279,776.279,764.22,771.457,0,0
PLW_MV,D,20190308,000000,764.22,771.457,749.761,771.457,0,0
PLW_MV,D,20190311,000000,781.102,781.102,771.457,771.457,0,0
PLW_MV,D,20190312,000000,776.279,781.102,771.457,778.687,0,0
PLW_MV,D,20190313,000000,778.687,810.028,773.873,805.206,0,0
PLW_MV,D,20190314,000000,822.081,838.963,819.673,822.081,0,0
PLW_MV,D,20190315,000000,819.673,822.081,810.028,810.028,0,0
PLW_MV,D,20190318,000000,819.673,846.189,819.673,836.551,0,0
PLW_MV,D,20190319,000000,841.366,858.247,841.366,843.778,0,0
PLW_MV,D,20190320,000000,843.778,863.07,836.551,836.551,0,0
PLW_MV,D,20190321,000000,836.551,836.551,817.267,829.317,0,0
PLW_MV,D,20190322,000000,838.963,846.189,805.206,810.028,0,0
PLW_MV,D,20190325,000000,814.852,819.673,795.561,819.673,0,0
PLW_MV,D,20190326,000000,829.317,841.366,829.317,838.963,0,0
PLW_MV,D,20190327,000000,843.778,843.778,831.72,838.963,0,0
PLW_MV,D,20190328,000000,843.778,882.354,841.366,877.528,0,0
PLW_MV,D,20190329,000000,879.954,899.23,860.659,870.294,0,0
PLW_MV,D,20190401,000000,881.38,891.031,863.07,889.109,0,0
PLW_MV,D,20190402,000000,891.988,916.106,891.988,904.533,0,0
PLW_MV,D,20190403,000000,922.852,929.617,909.35,920.931,0,0
PLW_MV,D,20190404,000000,925.747,930.561,888.136,906.464,0,0
PLW_MV,D,20190405,000000,911.271,911.271,875.598,886.214,0,0
PLW_MV,D,20190408,000000,887.171,914.176,887.171,913.201,0,0
PLW_MV,D,20190409,000000,914.176,915.132,902.595,905.49,0,0
PLW_MV,D,20190410,000000,905.49,905.49,891.031,891.031,0,0
PLW_MV,D,20190411,000000,906.464,922.852,896.813,909.35,0,0
PLW_MV,D,20190412,000000,916.106,925.747,911.271,919.966,0,0
PLW_MV,D,20190415,000000,920.931,940.221,920.931,940.221,0,0
PLW_MV,D,20190416,000000,943.103,969.143,939.245,940.221,0,0
PLW_MV,D,20190417,000000,940.221,949.862,920.931,925.747,0,0
PLW_MV,D,20190418,000000,925.747,943.103,925.747,939.245,0,0
PLW_MV,D,20190423,000000,939.245,971.551,937.32,964.318,0,0
PLW_MV,D,20190424,000000,962.385,966.745,941.169,941.169,0,0
PLW_MV,D,20190425,000000,941.169,947.928,927.687,947.928,0,0
PLW_MV,D,20190426,000000,961.427,961.427,931.538,941.169,0,0
PLW_MV,D,20190429,000000,945.037,945.994,935.396,935.396,0,0
PLW_MV,D,20190430,000000,940.221,946.961,925.747,935.396,0,0
PLW_MV,D,20190502,000000,969.143,969.143,949.862,964.318,0,0
PLW_MV,D,20190506,000000,971.551,971.551,949.862,959.503,0,0
PLW_MV,D,20190507,000000,959.503,959.503,921.887,926.704,0,0
PLW_MV,D,20190508,000000,917.071,917.071,891.031,914.176,0,0
PLW_MV,D,20190509,000000,915.132,915.132,888.136,891.988,0,0
PLW_MV,D,20190510,000000,891.988,929.617,891.988,920.931,0,0
PLW_MV,D,20190513,000000,916.106,919.001,880.433,880.433,0,0
PLW_MV,D,20190514,000000,882.354,896.813,882.354,890.057,0,0
PLW_MV,D,20190515,000000,895.856,896.813,885.249,896.813,0,0
PLW_MV,D,20190516,000000,893.918,896.813,881.38,887.171,0,0
PLW_MV,D,20190517,000000,900.673,900.673,877.528,885.249,0,0
PLW_MV,D,20190520,000000,887.171,887.171,846.67,856.316,0,0
PLW_MV,D,20190521,000000,838.963,843.778,826.422,826.422,0,0
PLW_MV,D,20190522,000000,805.206,837.994,785.925,829.317,0,0
PLW_MV,D,20190523,000000,833.179,833.179,790.74,793.636,0,0
PLW_MV,D,20190524,000000,784.961,820.636,784.961,814.852,0,0
PLW_MV,D,20190527,000000,818.703,818.703,806.177,811.955,0,0
PLW_MV,D,20190528,000000,815.814,818.703,810.028,810.028,0,0
PLW_MV,D,20190529,000000,807.132,807.132,775.309,775.309,0,0
PLW_MV,D,20190530,000000,867.892,875.598,854.385,871.738,0,0
PLW_MV,D,20190531,000000,867.892,867.892,843.778,858.247,0,0
PLW_MV,D,20190603,000000,865.001,865.001,817.748,817.748,0,0
PLW_MV,D,20190604,000000,819.673,834.132,809.066,827.385,0,0
PLW_MV,D,20190605,000000,840.886,860.178,840.886,858.247,0,0
PLW_MV,D,20190606,000000,863.07,863.07,847.64,855.346,0,0
PLW_MV,D,20190607,000000,867.892,924.782,857.285,906.464,0,0
PLW_MV,D,20190610,000000,923.817,923.817,877.528,883.31,0,0
PLW_MV,D,20190611,000000,887.171,887.171,861.139,877.528,0,0
PLW_MV,D,20190612,000000,872.712,872.712,830.279,835.101,0,0
PLW_MV,D,20190613,000000,842.817,865.001,837.994,861.139,0,0
PLW_MV,D,20190614,000000,860.178,864.031,838.963,838.963,0,0
PLW_MV,D,20190617,000000,834.132,847.64,819.673,843.778,0,0
PLW_MV,D,20190618,000000,849.571,861.139,830.279,855.346,0,0
PLW_MV,D,20190619,000000,847.64,853.424,836.054,837.994,0,0
PLW_MV,D,20190621,000000,839.916,847.64,821.607,821.607,0,0
PLW_MV,D,20190624,000000,823.534,842.817,823.534,840.886,0,0
PLW_MV,D,20190625,000000,840.886,842.817,833.179,837.994,0,0
PLW_MV,D,20190626,000000,837.994,837.994,822.561,827.385,0,0
PLW_MV,D,20190627,000000,825.459,843.778,824.496,842.817,0,0
PLW_MV,D,20190628,000000,840.886,857.285,840.886,843.778,0,0
PLW_MV,D,20190701,000000,853.424,862.1,853.424,853.424,0,0
PLW_MV,D,20190702,000000,857.285,859.209,845.709,857.285,0,0
PLW_MV,D,20190703,000000,858.247,867.892,858.247,867.892,0,0
PLW_MV,D,20190704,000000,867.892,887.171,867.892,885.249,0,0
PLW_MV,D,20190705,000000,880.433,902.595,880.433,892.961,0,0
PLW_MV,D,20190708,000000,896.813,916.106,896.813,911.271,0,0
PLW_MV,D,20190709,000000,914.176,914.176,892.961,894.891,0,0
PLW_MV,D,20190710,000000,894.891,907.42,892.961,898.743,0,0
PLW_MV,D,20190711,000000,892.961,894.891,868.862,873.677,0,0
PLW_MV,D,20190712,000000,868.862,872.712,856.316,872.712,0,0
PLW_MV,D,20190715,000000,874.642,883.31,866.923,883.31,0,0
PLW_MV,D,20190716,000000,884.293,884.293,876.572,880.433,0,0
PLW_MV,D,20190717,000000,881.38,881.38,859.209,869.817,0,0
PLW_MV,D,20190718,000000,871.773,884.475,871.773,884.475,0,0
PLW_MV,D,20190719,000000,885.44,898.16,885.44,894.256,0,0
PLW_MV,D,20190722,000000,899.134,904.021,894.256,897.178,0,0
PLW_MV,D,20190723,000000,896.213,896.213,889.361,889.361,0,0
PLW_MV,D,20190724,000000,889.361,897.178,886.432,895.221,0,0
PLW_MV,D,20190725,000000,895.221,904.021,895.221,899.134,0,0
PLW_MV,D,20190726,000000,899.134,900.108,895.221,899.134,0,0
PLW_MV,D,20190729,000000,899.134,908.906,899.134,908.906,0,0
PLW_MV,D,20190730,000000,904.021,908.906,901.099,905.002,0,0
PLW_MV,D,20190731,000000,901.099,903.046,881.545,892.3,0,0
PLW_MV,D,20190801,000000,887.405,902.064,873.729,884.475,0,0
PLW_MV,D,20190802,000000,884.475,884.475,864.935,880.563,0,0
PLW_MV,D,20190805,000000,876.659,878.615,864.935,865.904,0,0
PLW_MV,D,20190806,000000,860.045,865.904,855.156,865.904,0,0
PLW_MV,D,20190807,000000,860.045,874.694,860.045,869.817,0,0
PLW_MV,D,20190808,000000,864.935,869.817,851.244,864.935,0,0
PLW_MV,D,20190809,000000,868.845,868.845,843.43,843.43,0,0
PLW_MV,D,20190812,000000,842.452,858.089,842.452,853.199,0,0
PLW_MV,D,20190813,000000,853.199,861.014,837.563,861.014,0,0
PLW_MV,D,20190814,000000,861.014,864.935,836.585,837.563,0,0
PLW_MV,D,20190816,000000,837.563,848.311,836.585,836.585,0,0
PLW_MV,D,20190819,000000,840.496,840.496,828.77,830.726,0,0
PLW_MV,D,20190820,000000,830.726,843.43,830.726,840.496,0,0
PLW_MV,D,20190821,000000,830.726,843.43,830.726,843.43,0,0
PLW_MV,D,20190822,000000,850.266,873.729,850.266,873.729,0,0
PLW_MV,D,20190823,000000,879.598,884.475,864.935,884.475,0,0
PLW_MV,D,20190826,000000,860.045,878.615,860.045,869.817,0,0
PLW_MV,D,20190827,000000,870.79,876.659,866.89,870.79,0,0
PLW_MV,D,20190828,000000,872.747,872.747,859.068,859.068,0,0
PLW_MV,D,20190829,000000,859.068,870.79,848.311,870.79,0,0
PLW_MV,D,20190830,000000,878.615,895.221,869.817,873.729,0,0
PLW_MV,D,20190902,000000,876.659,884.475,867.86,880.563,0,0
PLW_MV,D,20190903,000000,889.361,889.361,870.79,870.79,0,0
PLW_MV,D,20190904,000000,869.817,879.598,864.935,878.615,0,0
PLW_MV,D,20190905,000000,879.598,879.598,864.935,869.817,0,0
PLW_MV,D,20190906,000000,865.904,869.817,863.957,869.817,0,0
PLW_MV,D,20190909,000000,869.817,877.642,867.86,876.659,0,0
PLW_MV,D,20190910,000000,876.659,876.659,867.86,867.86,0,0
PLW_MV,D,20190911,000000,871.773,887.405,865.904,887.405,0,0
PLW_MV,D,20190912,000000,884.475,889.361,876.659,881.545,0,0
PLW_MV,D,20190913,000000,887.405,899.134,881.545,897.178,0,0
PLW_MV,D,20190916,000000,897.178,940.193,892.3,940.193,0,0
PLW_MV,D,20190917,000000,941.16,957.773,917.706,917.706,0,0
PLW_MV,D,20190918,000000,917.706,923.574,910.863,917.706,0,0
PLW_MV,D,20190919,000000,916.723,928.46,916.723,928.46,0,0
PLW_MV,D,20190920,000000,928.46,936.279,899.134,899.134,0,0
PLW_MV,D,20190923,000000,907.924,936.279,907.924,922.583,0,0
PLW_MV,D,20190924,000000,918.679,934.308,913.802,933.35,0,0
PLW_MV,D,20190925,000000,928.46,938.231,918.679,937.246,0,0
PLW_MV,D,20190926,000000,937.246,950.94,928.46,945.065,0,0
PLW_MV,D,20190927,000000,945.065,948.012,929.435,936.279,0,0
PLW_MV,D,20190930,000000,936.279,937.246,903.046,920.635,0,0
PLW_MV,D,20191001,000000,928.46,928.46,894.256,913.802,0,0
PLW_MV,D,20191002,000000,901.099,901.099,869.817,869.817,0,0
PLW_MV,D,20191003,000000,864.935,879.598,855.156,866.89,0,0
PLW_MV,D,20191004,000000,869.817,895.221,866.89,895.221,0,0
PLW_MV,D,20191007,000000,900.108,917.706,895.221,917.706,0,0
PLW_MV,D,20191008,000000,919.653,933.35,918.679,928.46,0,0
PLW_MV,D,20191009,000000,931.389,931.389,911.845,923.574,0,0
PLW_MV,D,20191010,000000,923.574,925.53,910.863,914.775,0,0
PLW_MV,D,20191011,000000,918.679,932.356,916.723,923.574,0,0
PLW_MV,D,20191014,000000,918.679,933.35,914.775,933.35,0,0
PLW_MV,D,20191015,000000,938.231,938.231,921.609,931.389,0,0
PLW_MV,D,20191016,000000,921.609,938.231,921.609,930.403,0,0
PLW_MV,D,20191017,000000,930.403,932.356,913.802,932.356,0,0
PLW_MV,D,20191018,000000,930.403,930.403,905.002,917.706,0,0
PLW_MV,D,20191021,000000,917.706,918.679,911.845,913.802,0,0
PLW_MV,D,20191022,000000,913.802,921.609,904.021,908.906,0,0
PLW_MV,D,20191023,000000,903.046,903.046,887.405,887.405,0,0
PLW_MV,D,20191024,000000,884.475,899.134,884.475,889.361,0,0
PLW_MV,D,20191025,000000,899.134,899.134,876.659,889.361,0,0
PLW_MV,D,20191028,000000,889.361,892.3,877.642,888.396,0,0
PLW_MV,D,20191029,000000,886.432,898.16,876.659,892.3,0,0
PLW_MV,D,20191030,000000,892.3,897.178,872.747,872.747,0,0
PLW_MV,D,20191031,000000,865.904,872.747,848.311,872.747,0,0
PLW_MV,D,20191104,000000,879.598,885.44,862.97,870.79,0,0
PLW_MV,D,20191105,000000,879.598,891.317,872.747,884.475,0,0
PLW_MV,D,20191106,000000,883.502,884.475,870.79,874.694,0,0
PLW_MV,D,20191107,000000,875.686,875.686,860.045,862.001,0,0
PLW_MV,D,20191108,000000,856.133,862.001,853.199,859.068,0,0
PLW_MV,D,20191112,000000,860.045,860.045,839.518,840.496,0,0
PLW_MV,D,20191113,000000,842.452,865.904,840.496,851.244,0,0
PLW_MV,D,20191114,000000,851.244,859.068,845.385,851.244,0,0
PLW_MV,D,20191115,000000,853.199,876.659,853.199,876.659,0,0
PLW_MV,D,20191118,000000,879.598,892.3,875.686,875.686,0,0
PLW_MV,D,20191119,000000,876.659,887.405,874.694,875.686,0,0
PLW_MV,D,20191120,000000,875.686,875.686,860.045,873.729,0,0
PLW_MV,D,20191121,000000,869.817,869.817,856.133,856.133,0,0
PLW_MV,D,20191122,000000,857.111,870.79,845.385,845.385,0,0
PLW_MV,D,20191125,000000,850.266,867.86,850.266,864.935,0,0
PLW_MV,D,20191126,000000,869.817,871.773,861.014,861.014,0,0
PLW_MV,D,20191127,000000,863.957,865.904,855.156,862.001,0,0
PLW_MV,D,20191128,000000,868.845,868.845,859.068,868.845,0,0
PLW_MV,D,20191129,000000,864.935,874.694,864.935,870.79,0,0
PLW_MV,D,20191202,000000,977.325,977.325,930.403,957.773,0,0
PLW_MV,D,20191203,000000,957.773,1013.97,952.893,1009.09,0,0
PLW_MV,D,20191204,000000,1009.09,1048.19,1001.77,1033.52,0,0
PLW_MV,D,20191205,000000,1023.75,1043.3,1001.77,1040.84,0,0
PLW_MV,D,20191206,000000,1028.62,1038.41,1016.42,1035.97,0,0
PLW_MV,D,20191209,000000,1035.97,1035.97,1011.53,1018.86,0,0
PLW_MV,D,20191210,000000,1016.42,1075.05,1016.42,1075.05,0,0
PLW_MV,D,20191211,000000,1075.05,1114.15,1075.05,1114.15,0,0
PLW_MV,D,20191212,000000,1119.04,1150.8,1119.04,1148.34,0,0
PLW_MV,D,20191213,000000,1155.68,1155.68,1128.81,1136.12,0,0
PLW_MV,D,20191216,000000,1145.9,1145.9,1094.6,1097.05,0,0
PLW_MV,D,20191217,000000,1094.6,1119.04,1060.4,1119.04,0,0
PLW_MV,D,20191218,000000,1123.92,1143.47,1123.92,1138.59,0,0
PLW_MV,D,20191219,000000,1138.59,1145.9,1119.04,1123.92,0,0
PLW_MV,D,20191220,000000,1123.92,1133.68,1101.93,1123.92,0,0
PLW_MV,D,20191223,000000,1123.92,1123.92,1106.81,1109.26,0,0
PLW_MV,D,20191227,000000,1119.04,1133.68,1119.04,1133.68,0,0
PLW_MV,D,20191230,000000,1136.12,1167.89,1136.12,1167.89,0,0
PLW_MV,D,20200102,000000,1172.78,1211.88,1172.78,1211.88,0,0
PLW_MV,D,20200103,000000,1211.88,1211.88,1189.89,1197.21,0,0
PLW_MV,D,20200107,000000,1211.88,1221.66,1199.67,1211.88,0,0
PLW_MV,D,20200108,000000,1211.88,1211.88,1185,1202.1,0,0
PLW_MV,D,20200109,000000,1202.1,1260.75,1202.1,1260.75,0,0
PLW_MV,D,20200110,000000,1260.75,1285.17,1260.75,1270.52,0,0
PLW_MV,D,20200113,000000,1270.52,1299.83,1270.52,1299.83,0,0
PLW_MV,D,20200114,000000,1290.06,1378.03,1290.06,1378.03,0,0
PLW_MV,D,20200115,000000,1382.91,1382.91,1304.73,1304.73,0,0
PLW_MV,D,20200116,000000,1304.73,1353.59,1304.73,1353.59,0,0
PLW_MV,D,20200117,000000,1309.61,1348.71,1304.73,1348.71,0,0
PLW_MV,D,20200120,000000,1343.83,1378.03,1334.05,1378.03,0,0
PLW_MV,D,20200121,000000,1378.03,1380.47,1353.59,1353.59,0,0
PLW_MV,D,20200122,000000,1353.59,1358.48,1329.16,1338.93,0,0
PLW_MV,D,20200123,000000,1331.6,1331.6,1302.29,1302.29,0,0
PLW_MV,D,20200124,000000,1302.29,1338.93,1297.39,1297.39,0,0
PLW_MV,D,20200127,000000,1292.51,1297.39,1258.3,1275.41,0,0
PLW_MV,D,20200128,000000,1260.75,1329.16,1260.75,1326.71,0,0
PLW_MV,D,20200129,000000,1329.16,1365.8,1329.16,1353.59,0,0
PLW_MV,D,20200130,000000,1348.71,1348.71,1329.16,1329.16,0,0
PLW_MV,D,20200131,000000,1329.16,1343.83,1312.05,1343.83,0,0
PLW_MV,D,20200203,000000,1341.37,1451.33,1334.05,1441.55,0,0
PLW_MV,D,20200204,000000,1456.22,1549.05,1456.22,1529.49,0,0
PLW_MV,D,20200205,000000,1549.05,1607.7,1529.49,1578.37,0,0
PLW_MV,D,20200206,000000,1597.91,1597.91,1539.27,1563.71,0,0
PLW_MV,D,20200207,000000,1563.71,1568.61,1551.49,1558.83,0,0
PLW_MV,D,20200210,000000,1558.83,1676.12,1553.94,1654.12,0,0
PLW_MV,D,20200211,000000,1661.44,1832.48,1661.44,1827.59,0,0
PLW_MV,D,20200212,000000,1832.48,1844.7,1754.29,1805.6,0,0
PLW_MV,D,20200213,000000,1783.61,1832.48,1783.61,1805.6,0,0
PLW_MV,D,20200214,000000,1805.6,1822.71,1793.4,1817.82,0,0
PLW_MV,D,20200217,000000,1820.27,1871.57,1820.27,1856.91,0,0
PLW_MV,D,20200218,000000,1866.69,1891.12,1866.69,1891.12,0,0
PLW_MV,D,20200219,000000,1893.57,1900.89,1866.69,1900.89,0,0
PLW_MV,D,20200220,000000,1900.89,1900.89,1834.92,1856.91,0,0
PLW_MV,D,20200221,000000,1849.59,1905.79,1844.7,1905.79,0,0
PLW_MV,D,20200224,000000,1876.45,1876.45,1803.16,1805.6,0,0
PLW_MV,D,20200225,000000,1788.5,1788.5,1561.28,1651.67,0,0
PLW_MV,D,20200226,000000,1602.81,1724.98,1522.18,1685.89,0,0
PLW_MV,D,20200227,000000,1705.42,1705.42,1534.4,1561.28,0,0
PLW_MV,D,20200228,000000,1426.89,1466,1285.17,1358.48,0,0
PLW_MV,D,20200302,000000,1490.42,1527.07,1402.46,1514.85,0,0
PLW_MV,D,20200303,000000,1590.59,1663.9,1590.59,1663.9,0,0
PLW_MV,D,20200304,000000,1583.26,1651.67,1583.26,1612.57,0,0
PLW_MV,D,20200305,000000,1680.99,1680.99,1517.28,1539.27,0,0
PLW_MV,D,20200306,000000,1497.75,1539.27,1424.46,1490.42,0,0
PLW_MV,D,20200309,000000,1338.93,1414.68,1231.42,1260.75,0,0
PLW_MV,D,20200310,000000,1358.48,1387.8,1260.75,1290.06,0,0
PLW_MV,D,20200311,000000,1319.38,1319.38,1180.12,1197.21,0,0
PLW_MV,D,20200312,000000,1065.27,1114.15,958.75,962.673,0,0
PLW_MV,D,20200313,000000,1026.19,1111.7,987.096,1031.08,0,0
PLW_MV,D,20200316,000000,1001.77,1194.77,972.435,1175.23,0,0
PLW_MV,D,20200317,000000,1197.21,1314.49,1170.34,1290.06,0,0
PLW_MV,D,20200318,000000,1290.06,1360.92,1287.63,1319.38,0,0
PLW_MV,D,20200319,000000,1304.73,1365.8,1304.73,1365.8,0,0
PLW_MV,D,20200320,000000,1453.77,1495.3,1365.8,1370.7,0,0
PLW_MV,D,20200323,000000,1338.93,1402.46,1319.38,1392.68,0,0
PLW_MV,D,20200324,000000,1490.42,1509.97,1456.22,1509.97,0,0
PLW_MV,D,20200325,000000,1529.49,1607.7,1485.54,1485.54,0,0
PLW_MV,D,20200326,000000,1466,1507.53,1448.88,1466,0,0
PLW_MV,D,20200327,000000,1475.76,1490.42,1422,1446.43,0,0
PLW_MV,D,20200330,000000,1461.1,1466,1417.12,1466,0,0
PLW_MV,D,20200331,000000,1478.2,1509.97,1478.2,1497.75,0,0
PLW_MV,D,20200401,000000,1475.76,1531.95,1475.76,1514.85,0,0
PLW_MV,D,20200402,000000,1514.85,1536.84,1490.42,1529.49,0,0
PLW_MV,D,20200403,000000,1529.49,1553.94,1524.62,1553.94,0,0
PLW_MV,D,20200406,000000,1563.71,1749.4,1563.71,1749.4,0,0
PLW_MV,D,20200407,000000,1788.5,1837.37,1610.13,1612.57,0,0
PLW_MV,D,20200408,000000,1602.81,1671.22,1597.91,1659,0,0
PLW_MV,D,20200409,000000,1700.55,1729.86,1663.9,1685.89,0,0
PLW_MV,D,20200414,000000,1710.33,1803.16,1710.33,1803.16,0,0
PLW_MV,D,20200415,000000,1817.82,1817.82,1749.4,1764.06,0,0
PLW_MV,D,20200416,000000,1778.73,1808.05,1761.62,1805.6,0,0
PLW_MV,D,20200417,000000,1827.59,1896,1827.59,1893.57,0,0
PLW_MV,D,20200420,000000,1896,1998.62,1876.45,1998.62,0,0
PLW_MV,D,20200421,000000,2003.5,2052.37,1886.23,1910.66,0,0
PLW_MV,D,20200422,000000,1905.79,2032.83,1905.79,2032.83,0,0
PLW_MV,D,20200423,000000,2032.83,2037.72,1993.72,2003.5,0,0
PLW_MV,D,20200424,000000,1983.96,2018.16,1969.3,2003.5,0,0
PLW_MV,D,20200427,000000,2020.61,2135.45,2020.61,2106.14,0,0
PLW_MV,D,20200428,000000,2101.23,2198.98,2101.23,2154.99,0,0
PLW_MV,D,20200429,000000,2154.99,2213.63,2154.99,2196.53,0,0
PLW_MV,D,20200430,000000,2196.53,2196.53,2037.72,2076.8,0,0
PLW_MV,D,20200504,000000,2052.37,2142.77,2008.39,2081.7,0,0
PLW_MV,D,20200505,000000,2089.02,2142.77,2084.15,2084.15,0,0
PLW_MV,D,20200506,000000,2096.35,2096.35,2081.7,2086.57,0,0
PLW_MV,D,20200507,000000,2081.7,2091.47,2032.83,2035.27,0,0
PLW_MV,D,20200508,000000,2003.5,2018.16,1974.19,1993.72,0,0
PLW_MV,D,20200511,000000,1998.62,1998.62,1949.75,1981.51,0,0
PLW_MV,D,20200512,000000,1986.41,2057.27,1964.41,2052.37,0,0
PLW_MV,D,20200513,000000,2081.7,2145.22,2057.27,2076.8,0,0
PLW_MV,D,20200514,000000,2064.59,2064.59,1954.64,1981.51,0,0
PLW_MV,D,20200515,000000,2025.5,2084.15,2025.5,2081.7,0,0
PLW_MV,D,20200518,000000,2096.35,2172.09,2079.26,2172.09,0,0
PLW_MV,D,20200519,000000,2189.2,2196.53,2174.55,2174.55,0,0
PLW_MV,D,20200520,000000,2184.31,2228.3,2142.77,2218.52,0,0
PLW_MV,D,20200521,000000,2216.08,2245.4,2208.74,2242.95,0,0
PLW_MV,D,20200522,000000,2223.41,2247.84,2223.41,2245.4,0,0
PLW_MV,D,20200525,000000,2250.28,2333.36,2250.28,2323.6,0,0
PLW_MV,D,20200526,000000,2340.68,2453.08,2340.68,2435.97,0,0
PLW_MV,D,20200527,000000,2443.3,2472.62,2279.6,2311.37,0,0
PLW_MV,D,20200528,000000,2348.02,2423.75,2294.26,2389.55,0,0
PLW_MV,D,20200529,000000,2228.3,2318.7,2228.3,2235.62,0,0
PLW_MV,D,20200601,000000,2247.84,2277.16,2245.4,2262.51,0,0
PLW_MV,D,20200602,000000,2267.39,2267.39,2211.2,2238.06,0,0
PLW_MV,D,20200603,000000,2247.84,2343.14,2247.84,2335.8,0,0
PLW_MV,D,20200604,000000,2340.68,2345.57,2306.48,2316.26,0,0
PLW_MV,D,20200605,000000,2306.48,2306.48,2257.62,2277.16,0,0
PLW_MV,D,20200608,000000,2277.16,2277.16,2142.77,2179.43,0,0
PLW_MV,D,20200609,000000,2154.99,2323.6,2154.99,2323.6,0,0
PLW_MV,D,20200610,000000,2340.68,2377.33,2326.03,2328.47,0,0
PLW_MV,D,20200612,000000,2257.62,2316.26,2257.62,2301.6,0,0
PLW_MV,D,20200615,000000,2272.28,2350.47,2264.94,2308.93,0,0
PLW_MV,D,20200616,000000,2355.35,2399.31,2355.35,2379.78,0,0
PLW_MV,D,20200617,000000,2384.67,2435.97,2370.02,2428.64,0,0
PLW_MV,D,20200618,000000,2435.97,2435.97,2409.1,2409.1,0,0
PLW_MV,D,20200619,000000,2431.52,2451.45,2416.58,2443.99,0,0
PLW_MV,D,20200622,000000,2443.99,2486.33,2439,2486.33,0,0
PLW_MV,D,20200623,000000,2486.33,2521.21,2461.42,2501.28,0,0
PLW_MV,D,20200624,000000,2526.19,2526.19,2451.45,2451.45,0,0
PLW_MV,D,20200625,000000,2451.45,2506.25,2414.08,2506.25,0,0
PLW_MV,D,20200626,000000,2511.24,2516.23,2443.99,2443.99,0,0
PLW_MV,D,20200629,000000,2443.99,2448.95,2401.62,2406.61,0,0
PLW_MV,D,20200630,000000,2406.61,2461.42,2351.8,2351.8,0,0
PLW_MV,D,20200701,000000,2361.77,2481.35,2361.77,2481.35,0,0
PLW_MV,D,20200702,000000,2491.31,2521.21,2451.45,2521.21,0,0
PLW_MV,D,20200703,000000,2526.19,2526.19,2491.31,2511.24,0,0
PLW_MV,D,20200706,000000,2516.23,2700.58,2516.23,2695.59,0,0
PLW_MV,D,20200707,000000,2665.7,2710.55,2665.7,2710.55,0,0
PLW_MV,D,20200708,000000,2715.53,2715.53,2630.83,2660.73,0,0
PLW_MV,D,20200709,000000,2690.61,2690.61,2665.7,2685.63,0,0
PLW_MV,D,20200710,000000,2685.63,2690.61,2640.79,2670.69,0,0
PLW_MV,D,20200713,000000,2720.52,2924.81,2720.52,2924.81,0,0
PLW_MV,D,20200714,000000,2929.79,2929.79,2750.41,2770.34,0,0
PLW_MV,D,20200715,000000,2830.14,2914.83,2830.14,2855.04,0,0
PLW_MV,D,20200716,000000,2879.95,2879.95,2780.3,2810.2,0,0
PLW_MV,D,20200717,000000,2815.19,2815.19,2740.45,2740.45,0,0
PLW_MV,D,20200720,000000,2740.45,2775.32,2710.55,2775.32,0,0
PLW_MV,D,20200721,000000,2785.29,2785.29,2640.79,2680.66,0,0
PLW_MV,D,20200722,000000,2670.69,2670.69,2546.12,2561.07,0,0
PLW_MV,D,20200723,000000,2556.08,2620.86,2476.35,2483.84,0,0
PLW_MV,D,20200724,000000,2471.39,2481.35,2401.62,2466.4,0,0
PLW_MV,D,20200727,000000,2481.35,2605.92,2441.49,2561.07,0,0
PLW_MV,D,20200728,000000,2541.13,2576.02,2511.24,2546.12,0,0
PLW_MV,D,20200729,000000,2531.17,2556.08,2506.25,2551.11,0,0
PLW_MV,D,20200730,000000,2585.97,2585.97,2339.34,2356.78,0,0
PLW_MV,D,20200731,000000,2364.26,2501.28,2364.26,2501.28,0,0
PLW_MV,D,20200803,000000,2541.13,2541.13,2468.9,2491.31,0,0
PLW_MV,D,20200804,000000,2526.19,2526.19,2456.44,2466.4,0,0
PLW_MV,D,20200805,000000,2461.42,2466.4,2404.13,2404.13,0,0
PLW_MV,D,20200806,000000,2396.63,2491.31,2396.63,2488.82,0,0
PLW_MV,D,20200807,000000,2488.82,2488.82,2419.06,2419.06,0,0
PLW_MV,D,20200810,000000,2441.49,2486.33,2441.49,2471.39,0,0
PLW_MV,D,20200811,000000,2481.35,2486.33,2426.54,2441.49,0,0
PLW_MV,D,20200812,000000,2471.39,2471.39,2374.22,2424.04,0,0
PLW_MV,D,20200813,000000,2466.4,2466.4,2429.03,2466.4,0,0
PLW_MV,D,20200814,000000,2466.4,2466.4,2386.68,2396.63,0,0
PLW_MV,D,20200817,000000,2429.03,2463.9,2404.13,2453.94,0,0
PLW_MV,D,20200818,000000,2466.4,2496.3,2401.62,2404.13,0,0
PLW_MV,D,20200819,000000,2406.61,2431.52,2401.62,2401.62,0,0
PLW_MV,D,20200820,000000,2406.61,2406.61,2371.73,2379.2,0,0
PLW_MV,D,20200821,000000,2401.62,2446.46,2371.73,2446.46,0,0
PLW_MV,D,20200824,000000,2466.4,2488.82,2406.61,2411.59,0,0
PLW_MV,D,20200825,000000,2401.62,2426.54,2379.2,2381.69,0,0
PLW_MV,D,20200826,000000,2391.66,2396.63,2369.23,2396.63,0,0
PLW_MV,D,20200827,000000,2381.69,2431.52,2381.69,2426.54,0,0
PLW_MV,D,20200828,000000,2399.13,2421.56,2399.13,2419.06,0,0
PLW_MV,D,20200831,000000,2419.06,2476.35,2419.06,2471.39,0,0
PLW_MV,D,20200901,000000,2471.39,2481.35,2434.01,2466.4,0,0
PLW_MV,D,20200902,000000,2481.35,2605.92,2456.44,2566.06,0,0
PLW_MV,D,20200903,000000,2610.9,2650.75,2546.12,2561.07,0,0
PLW_MV,D,20200904,000000,2424.04,2526.19,2421.56,2424.04,0,0
PLW_MV,D,20200907,000000,2419.06,2471.39,2419.06,2453.94,0,0
PLW_MV,D,20200908,000000,2453.94,2476.35,2369.23,2431.52,0,0
PLW_MV,D,20200909,000000,2414.08,2426.54,2384.18,2406.61,0,0
PLW_MV,D,20200910,000000,2406.61,2421.56,2351.8,2356.78,0,0
PLW_MV,D,20200911,000000,2356.78,2361.77,2301.97,2306.96,0,0
PLW_MV,D,20200914,000000,2252.15,2282.05,2209.79,2269.58,0,0
PLW_MV,D,20200915,000000,2272.07,2306.96,2252.15,2264.6,0,0
PLW_MV,D,20200916,000000,2306.96,2351.8,2284.53,2331.87,0,0
PLW_MV,D,20200917,000000,2346.82,2346.82,2272.07,2277.07,0,0
PLW_MV,D,20200918,000000,2292.01,2314.42,2224.75,2224.75,0,0
PLW_MV,D,20200921,000000,2234.7,2242.18,2120.11,2130.07,0,0
PLW_MV,D,20200922,000000,2122.59,2174.92,2065.31,2102.66,0,0
PLW_MV,D,20200923,000000,2092.72,2189.86,2092.72,2177.39,0,0
PLW_MV,D,20200924,000000,2132.57,2182.39,2132.57,2167.45,0,0
PLW_MV,D,20200925,000000,2167.45,2292.01,2167.45,2254.65,0,0
PLW_MV,D,20200928,000000,2316.92,2451.45,2314.42,2451.45,0,0
PLW_MV,D,20200929,000000,2461.42,2501.28,2409.1,2486.33,0,0
PLW_MV,D,20200930,000000,2700.58,2855.04,2486.33,2785.29,0,0
PLW_MV,D,20201001,000000,2795.25,2795.25,2620.86,2625.85,0,0
PLW_MV,D,20201002,000000,2615.87,2745.42,2566.06,2740.45,0,0
PLW_MV,D,20201005,000000,2740.45,2775.32,2715.53,2740.45,0,0
PLW_MV,D,20201006,000000,2775.32,2785.29,2665.7,2665.7,0,0
PLW_MV,D,20201007,000000,2665.7,2665.7,2576.02,2605.92,0,0
PLW_MV,D,20201008,000000,2610.9,2705.57,2610.9,2660.73,0,0
PLW_MV,D,20201009,000000,2660.73,2660.73,2521.21,2590.96,0,0
PLW_MV,D,20201012,000000,2590.96,2675.68,2571.04,2635.8,0,0
PLW_MV,D,20201013,000000,2655.74,2710.55,2615.87,2690.61,0,0
PLW_MV,D,20201014,000000,2690.61,2775.32,2690.61,2740.45,0,0
PLW_MV,D,20201015,000000,2750.41,2750.41,2620.86,2640.79,0,0
PLW_MV,D,20201016,000000,2645.78,2750.41,2640.79,2685.63,0,0
PLW_MV,D,20201019,000000,2720.52,2790.27,2680.66,2715.53,0,0
PLW_MV,D,20201020,000000,2735.46,2825.14,2730.47,2775.32,0,0
PLW_MV,D,20201021,000000,2810.2,2815.19,2690.61,2690.61,0,0
PLW_MV,D,20201022,000000,2685.63,2730.47,2635.8,2700.58,0,0
PLW_MV,D,20201023,000000,2710.55,2830.14,2710.55,2830.14,0,0
PLW_MV,D,20201026,000000,2840.09,2855.04,2715.53,2715.53,0,0
PLW_MV,D,20201027,000000,2715.53,2780.3,2715.53,2780.3,0,0
PLW_MV,D,20201028,000000,2775.32,2775.32,2605.92,2640.79,0,0
PLW_MV,D,20201029,000000,2640.79,2690.61,2625.85,2675.68,0,0
PLW_MV,D,20201030,000000,2670.69,2670.69,2541.13,2585.97,0,0
PLW_MV,D,20201102,000000,2571.04,2655.74,2571.04,2625.85,0,0
PLW_MV,D,20201103,000000,2720.52,2720.52,2620.86,2690.61,0,0
PLW_MV,D,20201104,000000,2690.61,2710.55,2640.79,2705.57,0,0
PLW_MV,D,20201105,000000,2705.57,2735.46,2640.79,2650.75,0,0
PLW_MV,D,20201106,000000,2665.7,2695.59,2630.83,2630.83,0,0
PLW_MV,D,20201109,000000,2645.78,2795.25,2645.78,2670.69,0,0
PLW_MV,D,20201110,000000,2690.61,2700.58,2630.83,2700.58,0,0
PLW_MV,D,20201112,000000,2740.45,2750.41,2665.7,2720.52,0,0
PLW_MV,D,20201113,000000,2715.53,2715.53,2665.7,2690.61,0,0
PLW_MV,D,20201116,000000,2725.49,2725.49,2625.85,2655.74,0,0
PLW_MV,D,20201117,000000,2665.7,2695.59,2660.73,2685.63,0,0
PLW_MV,D,20201118,000000,2705.57,2740.45,2700.58,2740.45,0,0
PLW_MV,D,20201119,000000,2740.45,2740.45,2690.61,2690.61,0,0
PLW_MV,D,20201120,000000,2730.47,2815.19,2730.47,2805.21,0,0
PLW_MV,D,20201123,000000,2815.19,2840.09,2785.29,2830.14,0,0
PLW_MV,D,20201124,000000,2845.08,2969.65,2830.14,2959.68,0,0
PLW_MV,D,20201125,000000,2964.66,3173.93,2929.79,3144.05,0,0
PLW_MV,D,20201126,000000,3154,3154,3024.45,3029.43,0,0
PLW_MV,D,20201127,000000,2730.47,2865.02,2725.49,2740.45,0,0
PLW_MV,D,20201130,000000,2745.42,2835.11,2745.42,2765.36,0,0
PLW_MV,D,20201201,000000,2815.19,2860.03,2690.61,2690.61,0,0
PLW_MV,D,20201202,000000,2715.53,2934.76,2715.53,2934.76,0,0
PLW_MV,D,20201203,000000,2934.76,2984.59,2855.04,2984.59,0,0
PLW_MV,D,20201204,000000,2989.57,3004.53,2939.75,2994.56,0,0
PLW_MV,D,20201207,000000,2989.57,2989.57,2904.86,2984.59,0,0
PLW_MV,D,20201208,000000,2979.61,3014.48,2914.83,3014.48,0,0
PLW_MV,D,20201209,000000,2994.56,3173.93,2984.59,3039.41,0,0
PLW_MV,D,20201210,000000,2999.54,3089.23,2949.71,2989.57,0,0
PLW_MV,D,20201211,000000,2979.61,3004.53,2855.04,2884.94,0,0
PLW_MV,D,20201214,000000,2884.94,2919.81,2795.25,2919.81,0,0
PLW_MV,D,20201215,000000,2939.75,3019.47,2860.03,2869.99,0,0
PLW_MV,D,20201216,000000,2914.83,3014.48,2889.92,2939.75,0,0
PLW_MV,D,20201217,000000,2964.66,3109.16,2964.66,3084.25,0,0
PLW_MV,D,20201218,000000,3089.23,3089.23,2989.57,3024.45,0,0
PLW_MV,D,20201221,000000,2989.57,2989.57,2914.83,2969.65,0,0
PLW_MV,D,20201222,000000,2964.66,3014.48,2919.81,2959.68,0,0
PLW_MV,D,20201223,000000,2949.71,3004.53,2919.81,2994.56,0,0
PLW_MV,D,20201228,000000,2989.57,3188.88,2989.57,3158.99,0,0
PLW_MV,D,20201229,000000,3203.82,3203.82,3139.05,3163.96,0,0
PLW_MV,D,20201230,000000,3173.93,3173.93,3124.1,3154,0,0
PLW_MV,D,20210104,000000,3158.99,3353.31,3158.99,3348.33,0,0
PLW_MV,D,20210105,000000,3348.33,3348.33,3243.69,3298.5,0,0
PLW_MV,D,20210107,000000,3303.49,3303.49,3183.9,3213.79,0,0
PLW_MV,D,20210108,000000,3228.75,3338.36,3228.75,3313.43,0,0
PLW_MV,D,20210111,000000,3323.41,3433.03,3273.58,3273.58,0,0
PLW_MV,D,20210112,000000,3288.53,3378.22,3203.82,3203.82,0,0
PLW_MV,D,20210113,000000,3238.71,3358.29,3218.77,3318.43,0,0
PLW_MV,D,20210114,000000,3303.49,3333.39,3213.79,3213.79,0,0
PLW_MV,D,20210115,000000,3213.79,3243.69,3173.93,3173.93,0,0
PLW_MV,D,20210118,000000,3188.88,3263.62,3188.88,3238.71,0,0
PLW_MV,D,20210119,000000,3273.58,3328.39,3263.62,3308.46,0,0
PLW_MV,D,20210120,000000,3308.46,3308.46,3238.71,3238.71,0,0
PLW_MV,D,20210121,000000,3253.66,3288.53,3183.9,3188.88,0,0
PLW_MV,D,20210122,000000,3193.87,3198.85,3134.07,3163.96,0,0
PLW_MV,D,20210125,000000,3168.95,3263.62,3168.95,3263.62,0,0
PLW_MV,D,20210126,000000,3263.62,3263.62,3203.82,3218.77,0,0
PLW_MV,D,20210127,000000,3203.82,3283.54,3163.96,3213.79,0,0
PLW_MV,D,20210128,000000,3208.81,3263.62,3144.05,3238.71,0,0
PLW_MV,D,20210129,000000,3248.67,3248.67,3163.96,3163.96,0,0
PLW_MV,D,20210201,000000,3208.81,3288.53,3208.81,3283.54,0,0
PLW_MV,D,20210202,000000,3288.53,3328.39,3288.53,3298.5,0,0
PLW_MV,D,20210203,000000,3288.53,3363.27,3278.57,3283.54,0,0
PLW_MV,D,20210204,000000,3273.58,3313.43,3243.69,3243.69,0,0
PLW_MV,D,20210205,000000,3313.43,3313.43,3203.82,3223.77,0,0
PLW_MV,D,20210208,000000,3233.71,3283.54,3233.71,3263.62,0,0
PLW_MV,D,20210209,000000,3243.69,3283.54,3208.81,3218.77,0,0
PLW_MV,D,20210210,000000,3233.71,3253.66,3198.85,3203.82,0,0
PLW_MV,D,20210211,000000,3198.85,3288.53,3198.85,3233.71,0,0
PLW_MV,D,20210212,000000,3233.71,3233.71,3168.95,3198.85,0,0
PLW_MV,D,20210215,000000,3203.82,3253.66,3173.93,3193.87,0,0
PLW_MV,D,20210216,000000,3198.85,3253.66,3198.85,3238.71,0,0
PLW_MV,D,20210217,000000,3238.71,3238.71,3188.88,3188.88,0,0
PLW_MV,D,20210218,000000,3183.9,3218.77,3163.96,3168.95,0,0
PLW_MV,D,20210219,000000,3168.95,3168.95,3014.48,3014.48,0,0
PLW_MV,D,20210222,000000,3039.41,3039.41,2939.75,2939.75,0,0
PLW_MV,D,20210223,000000,2939.75,2999.54,2865.02,2879.95,0,0
PLW_MV,D,20210224,000000,2909.85,2984.59,2909.85,2939.75,0,0
PLW_MV,D,20210225,000000,2944.73,2944.73,2750.41,2750.41,0,0
PLW_MV,D,20210226,000000,2740.45,2750.41,2710.55,2745.42,0,0
PLW_MV,D,20210301,000000,2825.14,2974.63,2825.14,2954.7,0,0
PLW_MV,D,20210302,000000,2974.63,2974.63,2884.94,2889.92,0,0
PLW_MV,D,20210303,000000,2939.75,2954.7,2845.08,2845.08,0,0
PLW_MV,D,20210304,000000,2850.07,2874.97,2775.32,2775.32,0,0
PLW_MV,D,20210305,000000,2780.3,2800.23,2755.4,2760.37,0,0
PLW_MV,D,20210308,000000,2800.23,2869.99,2760.37,2869.99,0,0
PLW_MV,D,20210309,000000,2865.02,2889.92,2805.21,2805.21,0,0
PLW_MV,D,20210310,000000,2899.89,2914.83,2845.08,2869.99,0,0
PLW_MV,D,20210311,000000,2889.92,2889.92,2790.27,2790.27,0,0
PLW_MV,D,20210312,000000,2810.2,2865.02,2795.25,2830.14,0,0
PLW_MV,D,20210315,000000,2840.09,2914.83,2795.25,2800.23,0,0
PLW_MV,D,20210316,000000,2865.02,2865.02,2765.36,2790.27,0,0
PLW_MV,D,20210317,000000,2825.14,2825.14,2710.55,2730.47,0,0
PLW_MV,D,20210318,000000,2750.41,2800.23,2695.59,2700.58,0,0
PLW_MV,D,20210319,000000,2690.61,2765.36,2690.61,2725.49,0,0
PLW_MV,D,20210322,000000,2815.19,2865.02,2795.25,2800.23,0,0
PLW_MV,D,20210323,000000,2830.14,2840.09,2765.36,2840.09,0,0
PLW_MV,D,20210324,000000,2835.11,2835.11,2760.37,2805.21,0,0
PLW_MV,D,20210325,000000,2765.36,2805.21,2695.59,2695.59,0,0
PLW_MV,D,20210326,000000,2745.42,2825.14,2695.59,2815.19,0,0
PLW_MV,D,20210329,000000,2820.17,2860.03,2795.25,2830.14,0,0
PLW_MV,D,20210330,000000,2865.02,2879.95,2755.4,2815.19,0,0
PLW_MV,D,20210331,000000,2790.27,2790.27,2700.58,2725.49,0,0
PLW_MV,D,20210401,000000,2715.53,2770.34,2705.57,2735.46,0,0
PLW_MV,D,20210406,000000,2740.45,2760.37,2720.52,2725.49,0,0
PLW_MV,D,20210407,000000,2752.9,2767.86,2725.49,2727.99,0,0
PLW_MV,D,20210408,000000,2742.93,2742.93,2685.63,2730.47,0,0
PLW_MV,D,20210409,000000,2740.45,2770.34,2718.02,2770.34,0,0
PLW_MV,D,20210412,000000,2775.32,2832.62,2767.86,2820.17,0,0
PLW_MV,D,20210413,000000,2820.17,2904.86,2820.17,2869.99,0,0
PLW_MV,D,20210414,000000,2924.81,2924.81,2820.17,2857.53,0,0
PLW_MV,D,20210415,000000,2874.97,2874.97,2815.19,2815.19,0,0
PLW_MV,D,20210416,000000,2817.67,2837.61,2797.75,2835.11,0,0
PLW_MV,D,20210419,000000,2835.11,2877.47,2792.76,2792.76,0,0
PLW_MV,D,20210420,000000,2795.25,2802.73,2700.58,2700.58,0,0
PLW_MV,D,20210421,000000,2700.58,2720.52,2595.95,2635.8,0,0
PLW_MV,D,20210422,000000,2670.69,2670.69,2546.12,2561.07,0,0
PLW_MV,D,20210423,000000,2566.06,2566.06,2408.6,2449.47,0,0
PLW_MV,D,20210426,000000,2461.42,2461.42,2353.79,2355.78,0,0
PLW_MV,D,20210427,000000,2355.78,2440.49,2311.94,2379.7,0,0
PLW_MV,D,20210428,000000,2416.58,2416.58,2335.85,2335.85,0,0
PLW_MV,D,20210429,000000,2372.73,2372.73,2233.21,2247.16,0,0
PLW_MV,D,20210430,000000,2262.11,2358.78,2262.11,2351.8,0,0
PLW_MV,D,20210504,000000,2376.72,2376.72,2139.55,2277.07,0,0
PLW_MV,D,20210505,000000,2267.1,2351.8,2267.1,2278.05,0,0
PLW_MV,D,20210506,000000,2282.05,2292.01,2143.52,2143.52,0,0
PLW_MV,D,20210507,000000,2151.49,2220.25,2147.51,2213.28,0,0
PLW_MV,D,20210510,000000,2227.24,2227.24,2137.55,2210.29,0,0
PLW_MV,D,20210511,000000,2192.35,2210.29,2131.57,2165.45,0,0
PLW_MV,D,20210512,000000,2165.45,2188.36,2101.68,2103.67,0,0
PLW_MV,D,20210513,000000,2097.68,2097.68,2004.02,2062.81,0,0
PLW_MV,D,20210514,000000,2054.83,2198.33,1996.04,2198.33,0,0
PLW_MV,D,20210517,000000,2207.3,2217.26,2167.45,2168.43,0,0
PLW_MV,D,20210518,000000,2168.43,2213.28,2167.45,2167.45,0,0
PLW_MV,D,20210519,000000,2172.43,2221.26,2142.53,2221.26,0,0
PLW_MV,D,20210520,000000,2228.24,2417.57,2228.24,2396.63,0,0
PLW_MV,D,20210521,000000,2421.56,2421.56,2371.73,2377.7,0,0
PLW_MV,D,20210524,000000,2411.59,2461.42,2411.59,2433.51,0,0
PLW_MV,D,20210525,000000,2433.51,2446.46,2397.65,2430.53,0,0
PLW_MV,D,20210526,000000,2454.44,2454.44,2397.65,2410.59,0,0
PLW_MV,D,20210527,000000,2406.61,2418.56,2337.85,2363.76,0,0
PLW_MV,D,20210528,000000,2341.83,2407.6,2341.83,2399.63,0,0
PLW_MV,D,20210531,000000,2399.63,2399.63,2299.98,2299.98,0,0
PLW_MV,D,20210601,000000,2296.99,2323.9,2284.03,2323.9,0,0
PLW_MV,D,20210602,000000,2366.74,2384.69,2312.93,2383.69,0,0
PLW_MV,D,20210604,000000,2393.65,2431.52,2359.77,2431.52,0,0
PLW_MV,D,20210607,000000,2459.41,2536.16,2459.41,2506.25,0,0
PLW_MV,D,20210608,000000,2533.66,2536.16,2471.39,2491.31,0,0
PLW_MV,D,20210609,000000,2479.35,2511.24,2387.67,2387.67,0,0
PLW_MV,D,20210610,000000,2388.67,2481.35,2388.67,2446.46,0,0
PLW_MV,D,20210611,000000,2471.39,2481.35,2406.61,2406.61,0,0
PLW_MV,D,20210614,000000,2416.58,2460.42,2402.62,2431.52,0,0
PLW_MV,D,20210615,000000,2441.49,2446.46,2410.59,2432.51,0,0
PLW_MV,D,20210616,000000,2446.46,2457.42,2432.51,2432.51,0,0
PLW_MV,D,20210617,000000,2436.5,2436.5,2356.78,2371.73,0,0
PLW_MV,D,20210618,000000,2400.64,2400.64,2313.93,2313.93,0,0
PLW_MV,D,20210621,000000,2316.92,2340.83,2292.01,2292.01,0,0
PLW_MV,D,20210622,000000,2331.98,2331.98,2200.77,2280.73,0,0
PLW_MV,D,20210623,000000,2294.06,2306.36,2272.53,2302.26,0,0
PLW_MV,D,20210624,000000,2321.74,2408.86,2316.61,2408.86,0,0
PLW_MV,D,20210625,000000,2433.47,2433.47,2391.44,2413.99,0,0
PLW_MV,D,20210628,000000,2424.24,2424.24,2359.66,2359.66,0,0
PLW_MV,D,20210629,000000,2407.83,2413.99,2389.38,2389.38,0,0
PLW_MV,D,20210630,000000,2408.86,2452.94,2378.11,2438.59,0,0
PLW_MV,D,20210701,000000,2438.59,2442.69,2348.38,2358.64,0,0
PLW_MV,D,20210702,000000,2347.36,2392.47,2347.36,2362.74,0,0
PLW_MV,D,20210705,000000,2403.73,2403.73,2352.48,2358.64,0,0
PLW_MV,D,20210706,000000,2388.36,2403.73,2362.74,2390.42,0,0
PLW_MV,D,20210707,000000,2391.44,2393.49,2349.4,2360.68,0,0
PLW_MV,D,20210708,000000,2375.04,2394.5,2360.68,2379.14,0,0
PLW_MV,D,20210709,000000,2397.58,2397.58,2358.64,2364.79,0,0
PLW_MV,D,20210712,000000,2362.74,2392.47,2357.6,2363.76,0,0
PLW_MV,D,20210713,000000,2380.17,2380.17,2333.01,2340.19,0,0
PLW_MV,D,20210714,000000,2326.86,2354.53,2311.48,2344.28,0,0
PLW_MV,D,20210715,000000,2345.31,2345.31,2312.5,2328.9,0,0
PLW_MV,D,20210716,000000,2326.86,2378.11,2319.69,2364.79,0,0
PLW_MV,D,20210719,000000,2367.86,2372.99,2285.86,2293.04,0,0
PLW_MV,D,20210720,000000,2320.7,2327.88,2235.63,2235.63,0,0
PLW_MV,D,20210721,000000,2252.03,2306.36,2252.03,2306.36,0,0
PLW_MV,D,20210722,000000,2306.36,2411.93,2292.01,2399.64,0,0
PLW_MV,D,20210723,000000,2399.64,2399.64,2357.6,2357.6,0,0
PLW_MV,D,20210726,000000,2357.6,2357.6,2329.95,2329.95,0,0
PLW_MV,D,20210727,000000,2329.95,2330.96,2308.4,2315.59,0,0
PLW_MV,D,20210728,000000,2285.86,2294.06,2261.25,2280.73,0,0
PLW_MV,D,20210729,000000,2306.36,2306.36,2267.41,2280.73,0,0
PLW_MV,D,20210730,000000,2280.73,2280.73,2240.75,2246.9,0,0
PLW_MV,D,20210802,000000,2280.73,2356.59,2280.73,2347.36,0,0
PLW_MV,D,20210803,000000,2331.98,2351.46,2326.86,2330.96,0,0
PLW_MV,D,20210804,000000,2349.4,2396.57,2306.36,2306.36,0,0
PLW_MV,D,20210805,000000,2331.98,2336.09,2301.23,2315.59,0,0
PLW_MV,D,20210806,000000,2331.98,2365.81,2301.23,2301.23,0,0
PLW_MV,D,20210809,000000,2316.61,2331.98,2297.13,2297.13,0,0
PLW_MV,D,20210810,000000,2307.38,2307.38,2270.48,2304.31,0,0
PLW_MV,D,20210811,000000,2305.34,2413.99,2280.73,2408.86,0,0
PLW_MV,D,20210812,000000,2475.49,2626.68,2475.49,2613.87,0,0
PLW_MV,D,20210813,000000,2621.56,2634.38,2548.27,2548.27,0,0
PLW_MV,D,20210816,000000,2608.75,2608.75,2471.39,2471.39,0,0
PLW_MV,D,20210817,000000,2470.37,2554.42,2462.17,2553.4,0,0
PLW_MV,D,20210818,000000,2538.03,2551.34,2462.17,2462.17,0,0
PLW_MV,D,20210819,000000,2454.99,2454.99,2404.76,2413.99,0,0
PLW_MV,D,20210820,000000,2470.37,2470.37,2416.04,2437.57,0,0
PLW_MV,D,20210823,000000,2460.11,2497.02,2426.29,2454.99,0,0
PLW_MV,D,20210824,000000,2449.87,2449.87,2408.86,2424.24,0,0
PLW_MV,D,20210825,000000,2413.99,2460.11,2413.99,2454.99,0,0
PLW_MV,D,20210826,000000,2460.11,2475.49,2415.01,2415.01,0,0
PLW_MV,D,20210827,000000,2433.47,2433.47,2331.98,2334.03,0,0
PLW_MV,D,20210830,000000,2334.03,2334.03,2244.86,2244.86,0,0
PLW_MV,D,20210831,000000,2255.11,2290.98,2211.03,2237.67,0,0
PLW_MV,D,20210901,000000,2227.43,2277.65,2227.43,2270.48,0,0
PLW_MV,D,20210902,000000,2280.73,2357.6,2280.73,2357.6,0,0
PLW_MV,D,20210903,000000,2357.6,2363.76,2331.98,2347.36,0,0
PLW_MV,D,20210906,000000,2357.6,2388.36,2311.48,2340.19,0,0
PLW_MV,D,20210907,000000,2350.44,2350.44,2276.63,2276.63,0,0
PLW_MV,D,20210908,000000,2276.63,2277.65,2244.86,2244.86,0,0
PLW_MV,D,20210909,000000,2241.78,2285.86,2234.61,2258.18,0,0
PLW_MV,D,20210910,000000,2285.86,2285.86,2247.93,2259.22,0,0
PLW_MV,D,20210913,000000,2265.36,2308.4,2256.13,2274.58,0,0
PLW_MV,D,20210914,000000,2274.58,2274.58,2221.27,2221.27,0,0
PLW_MV,D,20210915,000000,2222.31,2289.96,2222.31,2284.84,0,0
PLW_MV,D,20210916,000000,2285.86,2314.56,2280.73,2285.86,0,0
PLW_MV,D,20210917,000000,2316.61,2420.13,2285.86,2333.01,0,0
PLW_MV,D,20210920,000000,2333.01,2333.01,2270.48,2272.53,0,0
PLW_MV,D,20210921,000000,2311.48,2347.36,2283.81,2347.36,0,0
PLW_MV,D,20210922,000000,2347.36,2388.36,2347.36,2358.64,0,0
PLW_MV,D,20210923,000000,2367.86,2383.24,2313.53,2318.66,0,0
PLW_MV,D,20210924,000000,2319.69,2352.48,2301.23,2306.36,0,0
PLW_MV,D,20210927,000000,2311.48,2343.26,2268.44,2296.11,0,0
PLW_MV,D,20210928,000000,2296.11,2320.7,2290.98,2306.36,0,0
PLW_MV,D,20210929,000000,2306.36,2316.61,2272.53,2272.53,0,0
PLW_MV,D,20210930,000000,2281.76,2305.34,2275.61,2301.23,0,0
PLW_MV,D,20211001,000000,2255.11,2377.09,2247.93,2316.61,0,0
PLW_MV,D,20211004,000000,2318.66,2344.28,2276.63,2316.61,0,0
PLW_MV,D,20211005,000000,2337.1,2337.1,2300.2,2316.61,0,0
PLW_MV,D,20211006,000000,2329.95,2329.95,2229.47,2234.61,0,0
PLW_MV,D,20211007,000000,2254.08,2290.98,2245.88,2290.98,0,0
PLW_MV,D,20211008,000000,2296.11,2362.74,2296.11,2329.95,0,0
PLW_MV,D,20211011,000000,2311.48,2357.6,2311.48,2357.6,0,0
PLW_MV,D,20211012,000000,2357.6,2357.6,2251.01,2316.61,0,0
PLW_MV,D,20211013,000000,2345.31,2398.61,2345.31,2398.61,0,0
PLW_MV,D,20211014,000000,2383.24,2437.57,2339.16,2357.6,0,0
PLW_MV,D,20211015,000000,2372.99,2402.71,2367.86,2398.61,0,0
PLW_MV,D,20211018,000000,2384.26,2438.59,2384.26,2429.37,0,0
PLW_MV,D,20211019,000000,2419.11,2442.69,2372.99,2383.24,0,0
PLW_MV,D,20211020,000000,2372.99,2398.61,2372.99,2394.5,0,0
PLW_MV,D,20211021,000000,2388.36,2428.33,2388.36,2426.29,0,0
PLW_MV,D,20211022,000000,2429.37,2429.37,2375.04,2398.61,0,0
PLW_MV,D,20211025,000000,2429.37,2429.37,2338.13,2383.24,0,0
PLW_MV,D,20211026,000000,2403.73,2403.73,2347.36,2399.64,0,0
PLW_MV,D,20211027,000000,2398.61,2398.61,2321.74,2323.77,0,0
PLW_MV,D,20211028,000000,2323.77,2347.36,2286.87,2347.36,0,0
PLW_MV,D,20211029,000000,2357.6,2357.6,2316.61,2352.48,0,0
PLW_MV,D,20211102,000000,2306.36,2371.96,2306.36,2352.48,0,0
PLW_MV,D,20211103,000000,2357.6,2357.6,2314.56,2330.96,0,0
PLW_MV,D,20211104,000000,2347.36,2365.81,2323.77,2352.48,0,0
PLW_MV,D,20211105,000000,2352.48,2352.48,2317.63,2351.46,0,0
PLW_MV,D,20211108,000000,2357.6,2382.21,2278.69,2278.69,0,0
PLW_MV,D,20211109,000000,2280.73,2321.74,2269.46,2296.11,0,0
PLW_MV,D,20211110,000000,2296.11,2296.11,2266.37,2285.86,0,0
PLW_MV,D,20211112,000000,2270.48,2346.34,2270.48,2323.77,0,0
PLW_MV,D,20211115,000000,2282.78,2330.96,2282.78,2323.77,0,0
PLW_MV,D,20211116,000000,2315.59,2326.86,2280.73,2296.11,0,0
PLW_MV,D,20211117,000000,2325.84,2328.9,2310.46,2327.88,0,0
PLW_MV,D,20211118,000000,2327.88,2327.88,2142.35,2202.83,0,0
PLW_MV,D,20211119,000000,2203.85,2222.31,2188.48,2196.67,0,0
PLW_MV,D,20211122,000000,2193.61,2228.46,2093.14,2228.46,0,0
PLW_MV,D,20211123,000000,2208.98,2288.94,2176.18,2287.91,0,0
PLW_MV,D,20211124,000000,2287.91,2287.91,2216.15,2255.11,0,0
PLW_MV,D,20211125,000000,2273.56,2273.56,2165.92,2178.23,0,0
PLW_MV,D,20211126,000000,2173.1,2249.97,2126.98,2249.97,0,0
PLW_MV,D,20211129,000000,2218.21,2242.81,2183.35,2192.58,0,0
PLW_MV,D,20211130,000000,2152.6,2152.6,2089.05,2126.98,0,0
PLW_MV,D,20211201,000000,2125.94,2265.36,2108.52,2265.36,0,0
PLW_MV,D,20211202,000000,2260.23,2260.23,2208.98,2208.98,0,0
PLW_MV,D,20211203,000000,2102.38,2228.46,2102.38,2208.98,0,0
PLW_MV,D,20211206,000000,2183.35,2264.34,2183.35,2264.34,0,0
PLW_MV,D,20211207,000000,2262.28,2289.96,2244.86,2275.61,0,0
PLW_MV,D,20211208,000000,2290.98,2327.88,2276.63,2307.38,0,0
PLW_MV,D,20211209,000000,2265.36,2287.91,2203.85,2203.85,0,0
PLW_MV,D,20211210,000000,2203.85,2219.23,2179.25,2219.23,0,0
PLW_MV,D,20211213,000000,2206.92,2219.23,2152.6,2152.6,0,0
PLW_MV,D,20211214,000000,2152.6,2160.8,2145.42,2152.6,0,0
PLW_MV,D,20211215,000000,2147.48,2159.78,2137.23,2147.48,0,0
PLW_MV,D,20211216,000000,2173.1,2188.48,2137.23,2152.6,0,0
PLW_MV,D,20211217,000000,2128.01,2185.41,2126.98,2126.98,0,0
PLW_MV,D,20211220,000000,2126.98,2187.45,2126.98,2187.45,0,0
PLW_MV,D,20211221,000000,2157.73,2176.18,2126.98,2162.85,0,0
PLW_MV,D,20211222,000000,2162.85,2183.35,2152.6,2183.35,0,0
PLW_MV,D,20211223,000000,2193.61,2211.03,2142.35,2147.48,0,0
PLW_MV,D,20211227,000000,2135.17,2157.73,2132.1,2137.23,0,0
PLW_MV,D,20211228,000000,2132.1,2191.55,2132.1,2177.21,0,0
PLW_MV,D,20211229,000000,2159.78,2203.85,2159.78,2163.88,0,0
PLW_MV,D,20211230,000000,2163.88,2172.08,2137.23,2142.35,0,0
PLW_MV,D,20220103,000000,2151.59,2194.63,2132.1,2178.23,0,0
PLW_MV,D,20220104,000000,2196.67,2264.34,2196.67,2254.08,0,0
PLW_MV,D,20220105,000000,2260.23,2260.23,2229.47,2255.11,0,0
PLW_MV,D,20220107,000000,2249.97,2280.73,2223.33,2277.65,0,0
PLW_MV,D,20220110,000000,2278.69,2278.69,2212.05,2212.05,0,0
PLW_MV,D,20220111,000000,2208.98,2244.86,2179.25,2179.25,0,0
PLW_MV,D,20220112,000000,2179.25,2224.35,2179.25,2188.48,0,0
PLW_MV,D,20220113,000000,2203.85,2244.86,2178.23,2244.86,0,0
PLW_MV,D,20220114,000000,2214.11,2237.67,2184.38,2184.38,0,0
PLW_MV,D,20220117,000000,2183.35,2207.96,2166.95,2207.96,0,0
PLW_MV,D,20220118,000000,2203.85,2203.85,2161.83,2178.23,0,0
PLW_MV,D,20220119,000000,2188.48,2188.48,2139.28,2149.52,0,0
PLW_MV,D,20220120,000000,2147.48,2147.48,2109.54,2121.84,0,0
PLW_MV,D,20220121,000000,2106.48,2106.48,2056.25,2070.6,0,0
PLW_MV,D,20220124,000000,2055.22,2065.48,1876.85,1876.85,0,0
PLW_MV,D,20220125,000000,1896.33,1990.64,1896.33,1947.58,0,0
PLW_MV,D,20220126,000000,1973.22,2037.79,1947.58,1947.58,0,0
PLW_MV,D,20220127,000000,1924.02,2038.81,1924.02,1957.84,0,0
PLW_MV,D,20220128,000000,1969.12,2019.34,1952.72,1987.56,0,0
PLW_MV,D,20220131,000000,1998.84,2039.86,1939.39,1939.39,0,0
PLW_MV,D,20220201,000000,1932.22,2013.19,1932.22,1951.69,0,0
PLW_MV,D,20220202,000000,1957.84,1987.56,1945.55,1970.14,0,0
PLW_MV,D,20220203,000000,1969.12,1970.14,1878.92,1906.58,0,0
PLW_MV,D,20220204,000000,1906.58,1957.84,1906.58,1934.27,0,0
PLW_MV,D,20220207,000000,1932.22,1932.22,1875.84,1906.58,0,0
PLW_MV,D,20220208,000000,1921.96,1921.96,1839.95,1839.95,0,0
PLW_MV,D,20220209,000000,1835.85,1866.61,1819.45,1842.02,0,0
PLW_MV,D,20220210,000000,1842.02,1842.02,1773.33,1773.33,0,0
PLW_MV,D,20220211,000000,1781.54,1781.54,1722.08,1722.08,0,0
PLW_MV,D,20220214,000000,1665.7,1691.32,1610.35,1650.33,0,0
PLW_MV,D,20220215,000000,1640.08,1715.93,1640.08,1710.81,0,0
PLW_MV,D,20220216,000000,1711.82,1723.1,1651.35,1651.35,0,0
PLW_MV,D,20220217,000000,1655.46,1672.88,1616.5,1624.7,0,0
PLW_MV,D,20220218,000000,1604.2,1628.8,1552.95,1552.95,0,0
PLW_MV,D,20220221,000000,1558.07,1609.33,1542.7,1563.2,0,0
PLW_MV,D,20220222,000000,1537.57,1634.95,1514,1634.95,0,0
PLW_MV,D,20220223,000000,1634.95,1651.35,1584.73,1618.56,0,0
PLW_MV,D,20220224,000000,1486.32,1537.57,1352.04,1435.07,0,0
PLW_MV,D,20220225,000000,1465.82,1561.14,1460.7,1558.07,0,0
PLW_MV,D,20220228,000000,1558.07,1598.05,1527.33,1568.33,0,0
PLW_MV,D,20220301,000000,1588.83,1608.3,1532.45,1563.2,0,0
PLW_MV,D,20220302,000000,1605.23,1649.3,1533.47,1649.3,0,0
PLW_MV,D,20220303,000000,1658.53,1658.53,1570.37,1650.33,0,0
PLW_MV,D,20220304,000000,1643.15,1643.15,1497.6,1506.82,0,0
PLW_MV,D,20220307,000000,1477.1,1526.29,1420.72,1440.19,0,0
PLW_MV,D,20220308,000000,1433.01,1496.57,1414.57,1435.07,0,0
PLW_MV,D,20220309,000000,1491.45,1691.32,1491.45,1691.32,0,0
PLW_MV,D,20220310,000000,1686.2,1705.68,1629.84,1701.58,0,0
PLW_MV,D,20220311,000000,1742.58,1792.81,1704.66,1789.73,0,0
PLW_MV,D,20220314,000000,1783.59,1789.73,1764.11,1788.7,0,0
PLW_MV,D,20220315,000000,1768.21,1813.31,1752.83,1777.43,0,0
PLW_MV,D,20220316,000000,1804.09,1814.33,1716.96,1716.96,0,0
PLW_MV,D,20220317,000000,1716.96,1804.09,1663.65,1804.09,0,0
PLW_MV,D,20220318,000000,1818.44,1819.45,1749.76,1793.83,0,0
PLW_MV,D,20220321,000000,1793.83,1813.31,1742.58,1756.93,0,0
PLW_MV,D,20220322,000000,1756.93,1783.59,1716.96,1717.98,0,0
PLW_MV,D,20220323,000000,1717.98,1741.56,1693.38,1716.96,0,0
PLW_MV,D,20220324,000000,1731.3,1731.3,1686.2,1706.71,0,0
PLW_MV,D,20220325,000000,1706.71,1752.83,1692.36,1715.93,0,0
PLW_MV,D,20220328,000000,1732.33,1746.69,1686.2,1686.2,0,0
PLW_MV,D,20220329,000000,1687.23,1687.23,1650.33,1650.33,0,0
PLW_MV,D,20220330,000000,1649.3,1675.96,1640.08,1657.49,0,0
PLW_MV,D,20220331,000000,1670.83,1670.83,1629.84,1634.95,0,0
PLW_MV,D,20220401,000000,1634.95,1664.68,1634.95,1657.49,0,0
PLW_MV,D,20220404,000000,1659.56,1665.7,1640.08,1640.08,0,0
PLW_MV,D,20220405,000000,1640.08,1647.25,1599.08,1614.45,0,0
PLW_MV,D,20220406,000000,1624.7,1675.96,1604.2,1675.96,0,0
PLW_MV,D,20220407,000000,1670.83,1670.83,1568.33,1568.33,0,0
PLW_MV,D,20220408,000000,1570.37,1592.94,1538.6,1538.6,0,0
PLW_MV,D,20220411,000000,1563.2,1563.2,1514,1537.57,0,0
PLW_MV,D,20220412,000000,1558.07,1558.07,1486.32,1489.39,0,0
PLW_MV,D,20220413,000000,1486.32,1527.33,1460.7,1524.76,0,0
PLW_MV,D,20220414,000000,1532.45,1532.45,1465.82,1468.39,0,0
PLW_MV,D,20220419,000000,1499.13,1514.51,1470.95,1514.51,0,0
PLW_MV,D,20220420,000000,1517.07,1517.07,1465.82,1465.82,0,0
PLW_MV,D,20220421,000000,1465.82,1465.82,1358.18,1358.18,0,0
PLW_MV,D,20220422,000000,1373.57,1373.57,1255.68,1271.06,0,0
PLW_MV,D,20220425,000000,1255.68,1353.06,1219.81,1353.06,0,0
PLW_MV,D,20220426,000000,1353.06,1353.06,1271.06,1296.69,0,0
PLW_MV,D,20220427,000000,1296.69,1301.8,1183.93,1301.8,0,0
PLW_MV,D,20220428,000000,1327.43,1327.43,1240.31,1291.56,0,0
PLW_MV,D,20220429,000000,1301.8,1306.94,1260.81,1291.56,0,0
PLW_MV,D,20220502,000000,1322.31,1322.31,1235.18,1312.06,0,0
PLW_MV,D,20220504,000000,1332.56,1437.63,1327.43,1427.38,0,0
PLW_MV,D,20220505,000000,1440.19,1460.7,1345.38,1365.88,0,0
PLW_MV,D,20220506,000000,1342.81,1353.06,1286.44,1291.56,0,0
PLW_MV,D,20220509,000000,1306.94,1340.26,1258.25,1278.75,0,0
PLW_MV,D,20220510,000000,1286.44,1337.68,1240.31,1294.13,0,0
PLW_MV,D,20220511,000000,1260.81,1330,1260.81,1327.43,0,0
PLW_MV,D,20220512,000000,1296.69,1322.31,1250.55,1322.31,0,0
PLW_MV,D,20220513,000000,1342.81,1347.94,1299.25,1337.68,0,0
PLW_MV,D,20220516,000000,1399.19,1450.45,1363.31,1450.45,0,0
PLW_MV,D,20220517,000000,1455.57,1517.07,1414.57,1424.82,0,0
PLW_MV,D,20220518,000000,1435.07,1445.32,1373.57,1406.88,0,0
PLW_MV,D,20220519,000000,1396.63,1445.32,1388.93,1440.19,0,0
PLW_MV,D,20220520,000000,1460.7,1481.2,1447.89,1473.51,0,0
PLW_MV,D,20220523,000000,1486.32,1563.2,1486.32,1522.21,0,0
PLW_MV,D,20220524,000000,1524.76,1527.33,1447.89,1460.7,0,0
PLW_MV,D,20220525,000000,1453,1463.25,1414.57,1419.69,0,0
PLW_MV,D,20220526,000000,1419.69,1491.45,1412,1491.45,0,0
PLW_MV,D,20220527,000000,1491.45,1527.33,1476.07,1517.07,0,0
PLW_MV,D,20220530,000000,1522.21,1588.83,1522.21,1588.83,0,0
PLW_MV,D,20220531,000000,1611.88,1611.88,1568.33,1593.95,0,0
PLW_MV,D,20220601,000000,1604.2,1634.95,1593.95,1627.26,0,0
PLW_MV,D,20220602,000000,1640.08,1640.08,1568.33,1588.83,0,0
PLW_MV,D,20220603,000000,1629.84,1629.84,1588.83,1599.08,0,0
PLW_MV,D,20220606,000000,1606.76,1642.64,1581.14,1640.08,0,0
PLW_MV,D,20220607,000000,1640.08,1665.7,1629.84,1660.57,0,0
PLW_MV,D,20220608,000000,1665.7,1775.9,1665.7,1716.96,0,0
PLW_MV,D,20220609,000000,1704.15,1716.96,1647.76,1670.83,0,0
PLW_MV,D,20220610,000000,1665.7,1665.7,1609.33,1640.08,0,0
PLW_MV,D,20220613,000000,1640.08,1640.08,1606.76,1619.58,0,0
PLW_MV,D,20220614,000000,1614.45,1619.58,1591.38,1591.38,0,0
PLW_MV,D,20220615,000000,1599.08,1614.45,1599.08,1601.64,0,0
PLW_MV,D,20220617,000000,1563.2,1568.33,1545.26,1552.95,0,0
PLW_MV,D,20220620,000000,1542.7,1578.58,1542.7,1573.45,0,0
PLW_MV,D,20220621,000000,1619.58,1619.58,1581.14,1601.64,0,0
PLW_MV,D,20220622,000000,1614.45,1614.45,1563.2,1596.52,0,0
PLW_MV,D,20220623,000000,1596.52,1596.52,1504.25,1545.26,0,0
PLW_MV,D,20220624,000000,1550.38,1563.2,1514.51,1547.83,0,0
PLW_MV,D,20220627,000000,1566.96,1613.45,1558.76,1583.38,0,0
PLW_MV,D,20220628,000000,1597.05,1673.61,1580.64,1673.61,0,0
PLW_MV,D,20220629,000000,1613.45,1670.89,1613.45,1662.68,0,0
PLW_MV,D,20220630,000000,1662.68,1690.02,1657.21,1662.68,0,0
PLW_MV,D,20220701,000000,1651.74,1700.96,1651.74,1698.23,0,0
PLW_MV,D,20220704,000000,1717.37,1731.04,1662.68,1731.04,0,0
PLW_MV,D,20220705,000000,1750.19,1761.13,1695.49,1744.72,0,0
PLW_MV,D,20220706,000000,1747.45,1766.59,1717.37,1744.72,0,0
PLW_MV,D,20220707,000000,1750.19,1763.87,1733.78,1761.13,0,0
PLW_MV,D,20220708,000000,1763.87,1821.3,1752.93,1818.55,0,0
PLW_MV,D,20220711,000000,1818.55,1854.1,1815.82,1843.17,0,0
PLW_MV,D,20220712,000000,1859.57,1859.57,1703.7,1703.7,0,0
PLW_MV,D,20220713,000000,1709.17,1804.89,1654.47,1804.89,0,0
PLW_MV,D,20220714,000000,1788.47,1788.47,1673.61,1783,0,0
PLW_MV,D,20220715,000000,1777.53,1788.47,1733.78,1772.06,0,0
PLW_MV,D,20220718,000000,1755.66,1793.93,1747.45,1752.93,0,0
PLW_MV,D,20220719,000000,1793.93,1793.93,1750.19,1777.53,0,0
PLW_MV,D,20220720,000000,1755.66,1788.47,1755.66,1755.66,0,0
PLW_MV,D,20220721,000000,1766.59,1796.68,1755.66,1758.39,0,0
PLW_MV,D,20220722,000000,1783,1886.92,1783,1854.1,0,0
PLW_MV,D,20220725,000000,1854.1,1873.25,1785.74,1818.55,0,0
PLW_MV,D,20220726,000000,1810.35,1810.35,1739.25,1783,0,0
PLW_MV,D,20220727,000000,1752.93,1752.93,1706.43,1709.17,0,0
PLW_MV,D,20220728,000000,1755.66,1813.09,1714.63,1783,0,0
PLW_MV,D,20220729,000000,1788.47,1788.47,1717.37,1717.37,0,0
PLW_MV,D,20220801,000000,1741.98,1758.39,1709.17,1747.45,0,0
PLW_MV,D,20220802,000000,1750.19,1752.93,1700.96,1711.91,0,0
PLW_MV,D,20220803,000000,1700.96,1733.78,1690.02,1722.84,0,0
PLW_MV,D,20220804,000000,1733.78,1810.35,1709.17,1799.42,0,0
PLW_MV,D,20220805,000000,1804.89,1854.1,1793.93,1821.3,0,0
PLW_MV,D,20220808,000000,1843.17,1843.17,1783,1802.14,0,0
PLW_MV,D,20220809,000000,1810.35,1810.35,1750.19,1785.74,0,0
PLW_MV,D,20220810,000000,1783,1783,1747.45,1780.27,0,0
PLW_MV,D,20220811,000000,1785.74,1788.47,1772.06,1780.27,0,0
PLW_MV,D,20220812,000000,1780.27,1791.21,1772.06,1791.21,0,0
PLW_MV,D,20220816,000000,1799.42,1799.42,1744.72,1744.72,0,0
PLW_MV,D,20220817,000000,1755.66,1766.59,1739.25,1739.25,0,0
PLW_MV,D,20220818,000000,1739.25,1793.93,1739.25,1758.39,0,0
PLW_MV,D,20220819,000000,1788.47,1788.47,1725.57,1725.57,0,0
PLW_MV,D,20220822,000000,1725.57,1747.45,1665.41,1676.36,0,0
PLW_MV,D,20220823,000000,1673.61,1706.43,1662.68,1662.68,0,0
PLW_MV,D,20220824,000000,1662.68,1695.49,1651.74,1695.49,0,0
PLW_MV,D,20220825,000000,1679.08,1690.02,1657.21,1662.68,0,0
PLW_MV,D,20220826,000000,1668.15,1700.96,1657.21,1668.15,0,0
PLW_MV,D,20220829,000000,1668.15,1668.15,1591.58,1607.98,0,0
PLW_MV,D,20220830,000000,1616.19,1640.81,1602.51,1602.51,0,0
PLW_MV,D,20220831,000000,1602.51,1687.29,1599.79,1670.89,0,0
PLW_MV,D,20220901,000000,1624.4,1687.29,1621.65,1679.08,0,0
PLW_MV,D,20220902,000000,1668.15,1684.56,1640.81,1657.21,0,0
PLW_MV,D,20220905,000000,1629.86,1657.21,1629.86,1657.21,0,0
PLW_MV,D,20220906,000000,1621.65,1681.82,1621.65,1670.89,0,0
PLW_MV,D,20220907,000000,1673.61,1673.61,1616.19,1616.19,0,0
PLW_MV,D,20220908,000000,1624.4,1657.21,1583.38,1624.4,0,0
PLW_MV,D,20220909,000000,1624.4,1632.6,1597.05,1602.51,0,0
PLW_MV,D,20220912,000000,1635.34,1635.34,1580.64,1583.38,0,0
PLW_MV,D,20220913,000000,1586.1,1607.98,1531.41,1564.23,0,0
PLW_MV,D,20220914,000000,1561.49,1564.23,1498.6,1558.76,0,0
PLW_MV,D,20220915,000000,1506.81,1558.76,1498.6,1528.68,0,0
PLW_MV,D,20220916,000000,1528.68,1528.68,1432.96,1432.96,0,0
PLW_MV,D,20220919,000000,1432.96,1484.92,1430.23,1471.25,0,0
PLW_MV,D,20220920,000000,1479.45,1482.19,1460.32,1471.25,0,0
PLW_MV,D,20220921,000000,1471.25,1476.72,1446.64,1476.72,0,0
PLW_MV,D,20220922,000000,1449.38,1515,1449.38,1504.07,0,0
PLW_MV,D,20220923,000000,1504.07,1547.83,1498.6,1515,0,0
PLW_MV,D,20220926,000000,1506.81,1569.7,1506.81,1569.7,0,0
PLW_MV,D,20220927,000000,1566.96,1599.79,1558.76,1580.64,0,0
PLW_MV,D,20220928,000000,1569.7,1575.17,1536.89,1558.76,0,0
PLW_MV,D,20220929,000000,1569.7,1586.1,1512.28,1556.03,0,0
PLW_MV,D,20220930,000000,1556.03,1558.76,1523.21,1531.41,0,0
PLW_MV,D,20221003,000000,1553.29,1553.29,1454.85,1509.53,0,0
PLW_MV,D,20221004,000000,1509.53,1542.36,1490.4,1515,0,0
PLW_MV,D,20221005,000000,1539.62,1553.29,1493.12,1493.12,0,0
PLW_MV,D,20221006,000000,1536.89,1536.89,1484.92,1504.07,0,0
PLW_MV,D,20221007,000000,1528.68,1528.68,1468.52,1504.07,0,0
PLW_MV,D,20221010,000000,1504.07,1520.48,1446.64,1446.64,0,0
PLW_MV,D,20221011,000000,1473.98,1473.98,1356.4,1356.4,0,0
PLW_MV,D,20221012,000000,1364.6,1375.54,1326.32,1331.79,0,0
PLW_MV,D,20221013,000000,1323.58,1359.13,1279.83,1329.04,0,0
PLW_MV,D,20221014,000000,1353.66,1391.95,1298.97,1381,0,0
PLW_MV,D,20221017,000000,1386.47,1400.15,1345.45,1383.75,0,0
PLW_MV,D,20221018,000000,1383.75,1424.76,1378.27,1413.82,0,0
PLW_MV,D,20221019,000000,1411.09,1427.5,1356.4,1411.09,0,0
PLW_MV,D,20221020,000000,1413.82,1422.02,1383.75,1422.02,0,0
PLW_MV,D,20221021,000000,1411.09,1413.82,1386.47,1405.62,0,0
PLW_MV,D,20221024,000000,1416.56,1460.32,1386.47,1460.32,0,0
PLW_MV,D,20221025,000000,1446.64,1498.6,1446.64,1498.6,0,0
PLW_MV,D,20221026,000000,1504.07,1528.68,1490.4,1517.74,0,0
PLW_MV,D,20221027,000000,1517.74,1542.36,1501.33,1542.36,0,0
PLW_MV,D,20221028,000000,1531.41,1550.55,1493.12,1542.36,0,0
PLW_MV,D,20221031,000000,1539.62,1547.83,1498.6,1545.08,0,0
PLW_MV,D,20221102,000000,1556.03,1556.03,1506.81,1515,0,0
PLW_MV,D,20221103,000000,1506.81,1569.7,1506.81,1569.7,0,0
PLW_MV,D,20221104,000000,1569.7,1577.91,1553.29,1577.91,0,0
PLW_MV,D,20221107,000000,1577.91,1594.31,1547.83,1575.17,0,0
PLW_MV,D,20221108,000000,1558.76,1646.27,1558.76,1646.27,0,0
PLW_MV,D,20221109,000000,1654.47,1662.68,1621.65,1657.21,0,0
PLW_MV,D,20221110,000000,1651.74,1676.36,1610.72,1627.13,0,0
PLW_MV,D,20221114,000000,1640.81,1665.41,1588.85,1618.92,0,0
PLW_MV,D,20221115,000000,1618.92,1635.34,1586.1,1602.51,0,0
PLW_MV,D,20221116,000000,1613.45,1643.53,1602.51,1635.34,0,0
PLW_MV,D,20221117,000000,1607.98,1635.34,1607.98,1624.4,0,0
PLW_MV,D,20221118,000000,1624.4,1624.4,1602.51,1602.51,0,0
PLW_MV,D,20221121,000000,1602.51,1613.45,1588.85,1610.72,0,0
PLW_MV,D,20221122,000000,1613.45,1618.92,1588.85,1591.58,0,0
PLW_MV,D,20221123,000000,1610.72,1610.72,1561.49,1580.64,0,0
PLW_MV,D,20221124,000000,1597.05,1597.05,1553.29,1580.64,0,0
PLW_MV,D,20221125,000000,1580.64,1624.4,1558.76,1594.31,0,0
PLW_MV,D,20221128,000000,1591.58,1638.06,1591.58,1635.34,0,0
PLW_MV,D,20221129,000000,1640.81,1640.81,1597.05,1640.81,0,0
PLW_MV,D,20221130,000000,1750.19,1777.53,1728.32,1772.06,0,0
PLW_MV,D,20221201,000000,1796.68,1821.3,1793.93,1810.35,0,0
PLW_MV,D,20221202,000000,1810.35,1886.92,1810.35,1886.92,0,0
PLW_MV,D,20221205,000000,1903.33,2023.65,1903.33,1996.31,0,0
PLW_MV,D,20221206,000000,1993.58,1993.58,1919.74,1925.21,0,0
PLW_MV,D,20221207,000000,1914.27,1925.21,1884.19,1908.8,0,0
PLW_MV,D,20221208,000000,1908.8,1960.76,1889.65,1914.27,0,0
PLW_MV,D,20221209,000000,1900.6,1927.95,1870.51,1900.6,0,0
PLW_MV,D,20221212,000000,1900.6,1900.6,1870.51,1878.72,0,0
PLW_MV,D,20221213,000000,1881.45,1985.38,1878.72,1985.38,0,0
PLW_MV,D,20221214,000000,1968.96,1990.84,1947.08,1985.38,0,0
PLW_MV,D,20221215,000000,1944.35,1979.9,1903.33,1925.21,0,0
PLW_MV,D,20221216,000000,1892.4,1930.67,1884.19,1908.8,0,0
PLW_MV,D,20221219,000000,1892.4,1911.53,1867.78,1870.51,0,0
PLW_MV,D,20221220,000000,1873.25,1875.98,1832.23,1848.64,0,0
PLW_MV,D,20221221,000000,1829.49,1856.85,1793.93,1854.1,0,0
PLW_MV,D,20221222,000000,1851.37,1856.85,1815.82,1829.49,0,0
PLW_MV,D,20221223,000000,1832.23,1865.04,1832.23,1865.04,0,0
PLW_MV,D,20221227,000000,1865.04,1870.51,1813.09,1843.17,0,0
PLW_MV,D,20221228,000000,1867.78,1867.78,1815.82,1829.49,0,0
PLW_MV,D,20221229,000000,1829.49,1859.57,1769.33,1772.06,0,0
PLW_MV,D,20221230,000000,1777.53,1813.09,1695.49,1695.49,0,0
PLW_MV,D,20230102,000000,1711.91,1774.8,1695.49,1774.8,0,0
PLW_MV,D,20230103,000000,1832.23,1845.9,1788.47,1802.14,0,0
PLW_MV,D,20230104,000000,1821.3,1897.86,1821.3,1892.4,0,0
PLW_MV,D,20230105,000000,1886.92,1977.17,1886.92,1977.17,0,0
PLW_MV,D,20230109,000000,1979.9,1985.38,1952.55,1963.49,0,0
PLW_MV,D,20230110,000000,1941.62,2018.18,1930.67,2018.18,0,0
PLW_MV,D,20230111,000000,2034.59,2116.63,2018.18,2018.18,0,0
PLW_MV,D,20230112,000000,2018.18,2078.35,1999.04,2078.35,0,0
PLW_MV,D,20230113,000000,2089.29,2097.49,2023.65,2029.13,0,0
PLW_MV,D,20230116,000000,2070.14,2086.55,2034.59,2034.59,0,0
PLW_MV,D,20230117,000000,2056.47,2075.61,2045.53,2072.88,0,0
PLW_MV,D,20230118,000000,2067.41,2078.35,2051,2051,0,0
PLW_MV,D,20230119,000000,2051,2078.35,2023.65,2078.35,0,0
PLW_MV,D,20230120,000000,2078.35,2174.06,2075.61,2143.98,0,0
PLW_MV,D,20230123,000000,2160.39,2201.41,2083.82,2201.41,0,0
PLW_MV,D,20230124,000000,2171.33,2206.88,2165.86,2176.8,0,0
PLW_MV,D,20230125,000000,2157.66,2176.8,2097.49,2100.23,0,0
PLW_MV,D,20230126,000000,2089.29,2187.73,2089.29,2187.73,0,0
PLW_MV,D,20230127,000000,2187.73,2215.08,2146.71,2215.08,0,0
PLW_MV,D,20230130,000000,2223.28,2231.48,2163.12,2215.08,0,0
PLW_MV,D,20230131,000000,2212.35,2226.02,2141.25,2226.02,0,0
PLW_MV,D,20230201,000000,2165.86,2201.41,2127.57,2157.66,0,0
PLW_MV,D,20230202,000000,2157.66,2187.73,2133.04,2187.73,0,0
PLW_MV,D,20230203,000000,2168.59,2215.08,2165.86,2215.08,0,0
PLW_MV,D,20230206,000000,2220.55,2245.16,2154.92,2154.92,0,0
PLW_MV,D,20230207,000000,2163.12,2163.12,2133.04,2133.04,0,0
PLW_MV,D,20230208,000000,2138.5,2198.67,2133.04,2185,0,0
PLW_MV,D,20230209,000000,2182.26,2231.48,2171.33,2187.73,0,0
PLW_MV,D,20230210,000000,2185,2190.47,2116.63,2160.39,0,0
PLW_MV,D,20230213,000000,2160.39,2163.12,2100.23,2133.04,0,0
PLW_MV,D,20230214,000000,2133.04,2201.41,2124.84,2193.21,0,0
PLW_MV,D,20230215,000000,2187.73,2220.55,2187.73,2204.14,0,0
PLW_MV,D,20230216,000000,2215.08,2242.43,2204.14,2215.08,0,0
PLW_MV,D,20230217,000000,2236.96,2297.12,2217.82,2291.65,0,0
PLW_MV,D,20230220,000000,2302.58,2302.58,2242.43,2242.43,0,0
PLW_MV,D,20230221,000000,2242.43,2261.57,2228.76,2228.76,0,0
PLW_MV,D,20230222,000000,2223.28,2258.83,2215.08,2253.37,0,0
PLW_MV,D,20230223,000000,2250.63,2313.53,2239.69,2310.79,0,0
PLW_MV,D,20230224,000000,2310.79,2313.53,2267.03,2286.19,0,0
PLW_MV,D,20230227,000000,2286.19,2346.35,2264.31,2335.41,0,0
PLW_MV,D,20230228,000000,2335.41,2365.5,2297.12,2338.14,0,0
PLW_MV,D,20230301,000000,2332.67,2346.35,2324.47,2324.47,0,0
PLW_MV,D,20230302,000000,2329.95,2343.61,2297.12,2316.26,0,0
PLW_MV,D,20230303,000000,2324.47,2379.16,2308.06,2351.81,0,0
PLW_MV,D,20230306,000000,2351.81,2395.56,2351.81,2395.56,0,0
PLW_MV,D,20230307,000000,2392.84,2392.84,2324.47,2346.35,0,0
PLW_MV,D,20230308,000000,2395.56,2504.96,2288.92,2499.49,0,0
PLW_MV,D,20230309,000000,2494.02,2597.94,2453,2507.69,0,0
PLW_MV,D,20230310,000000,2499.49,2499.49,2406.51,2436.59,0,0
PLW_MV,D,20230313,000000,2436.59,2436.59,2324.47,2384.63,0,0
PLW_MV,D,20230314,000000,2384.63,2406.51,2335.41,2401.04,0,0
PLW_MV,D,20230315,000000,2395.56,2395.56,2277.99,2277.99,0,0
PLW_MV,D,20230316,000000,2288.92,2318.99,2286.19,2313.53,0,0
PLW_MV,D,20230317,000000,2318.99,2324.47,2242.43,2256.1,0,0
PLW_MV,D,20230320,000000,2258.83,2316.26,2223.28,2316.26,0,0
PLW_MV,D,20230321,000000,2316.26,2373.69,2302.58,2332.67,0,0
PLW_MV,D,20230322,000000,2338.14,2343.61,2297.12,2297.12,0,0
PLW_MV,D,20230323,000000,2297.12,2297.12,2258.83,2264.31,0,0
PLW_MV,D,20230324,000000,2302.58,2302.58,2215.08,2253.37,0,0
PLW_MV,D,20230327,000000,2258.83,2288.92,2209.61,2288.92,0,0
PLW_MV,D,20230328,000000,2275.24,2329.95,2247.9,2316.26,0,0
PLW_MV,D,20230329,000000,2313.53,2329.95,2277.99,2318.99,0,0
PLW_MV,D,20230330,000000,2318.99,2318.99,2258.83,2297.12,0,0
PLW_MV,D,20230331,000000,2286.19,2324.47,2250.63,2297.12,0,0
PLW_MV,D,20230403,000000,2318.99,2349.08,2291.65,2302.58,0,0
PLW_MV,D,20230404,000000,2302.58,2409.24,2302.58,2387.37,0,0
PLW_MV,D,20230405,000000,2392.84,2392.84,2329.95,2362.75,0,0
PLW_MV,D,20230406,000000,2362.75,2406.51,2362.75,2392.84,0,0
PLW_MV,D,20230411,000000,2406.51,2453,2395.56,2422.92,0,0
PLW_MV,D,20230412,000000,2428.39,2433.86,2411.98,2422.92,0,0
PLW_MV,D,20230413,000000,2422.92,2422.92,2373.69,2406.51,0,0
PLW_MV,D,20230414,000000,2422.92,2447.52,2376.43,2390.1,0,0
PLW_MV,D,20230417,000000,2406.51,2406.51,2335.41,2362.75,0,0
PLW_MV,D,20230418,000000,2335.41,2365.5,2332.67,2335.41,0,0
PLW_MV,D,20230419,000000,2360.01,2360.01,2335.41,2335.41,0,0
PLW_MV,D,20230420,000000,2343.61,2368.22,2329.95,2368.22,0,0
PLW_MV,D,20230421,000000,2362.75,2362.75,2318.99,2335.41,0,0
PLW_MV,D,20230424,000000,2335.41,2340.88,2286.19,2299.86,0,0
PLW_MV,D,20230425,000000,2297.12,2308.06,2269.78,2269.78,0,0
PLW_MV,D,20230426,000000,2313.53,2313.53,2247.9,2302.58,0,0
PLW_MV,D,20230427,000000,2302.58,2302.58,2283.45,2288.92,0,0
PLW_MV,D,20230428,000000,2291.65,2340.88,2277.99,2297.12,0,0
PLW_MV,D,20230502,000000,2258.83,2258.83,2165.86,2168.59,0,0
PLW_MV,D,20230504,000000,2171.33,2236.96,2171.33,2206.88,0,0
PLW_MV,D,20230505,000000,2231.48,2231.48,2187.73,2217.82,0,0
PLW_MV,D,20230508,000000,2215.08,2242.43,2190.47,2201.41,0,0
PLW_MV,D,20230509,000000,2193.21,2193.21,2141.25,2146.71,0,0
PLW_MV,D,20230510,000000,2143.98,2143.98,2100.23,2100.23,0,0
PLW_MV,D,20230511,000000,2078.35,2078.35,1979.9,2072.88,0,0
PLW_MV,D,20230512,000000,2092.02,2146.71,2092.02,2111.16,0,0
PLW_MV,D,20230515,000000,2111.16,2174.06,2111.16,2165.86,0,0
PLW_MV,D,20230516,000000,2174.06,2297.12,2174.06,2297.12,0,0
PLW_MV,D,20230517,000000,2297.12,2340.88,2250.63,2256.1,0,0
PLW_MV,D,20230518,000000,2242.43,2286.19,2242.43,2275.24,0,0
PLW_MV,D,20230519,000000,2269.78,2297.12,2256.1,2280.71,0,0
PLW_MV,D,20230522,000000,2275.24,2313.53,2250.63,2291.65,0,0
PLW_MV,D,20230523,000000,2313.53,2313.53,2198.67,2198.67,0,0
PLW_MV,D,20230524,000000,2204.14,2223.28,2179.53,2206.88,0,0
PLW_MV,D,20230525,000000,2220.55,2220.55,2163.12,2176.8,0,0
PLW_MV,D,20230526,000000,2179.53,2217.82,2176.8,2201.41,0,0
PLW_MV,D,20230529,000000,2215.08,2215.08,2179.53,2193.21,0,0
PLW_MV,D,20230530,000000,2176.8,2253.37,2176.8,2253.37,0,0
PLW_MV,D,20230531,000000,2182.26,2182.26,2092.02,2113.9,0,0
PLW_MV,D,20230601,000000,2113.9,2146.71,2094.75,2122.1,0,0
PLW_MV,D,20230602,000000,2146.71,2168.59,2124.84,2165.86,0,0
PLW_MV,D,20230605,000000,2149.46,2174.06,2113.9,2130.3,0,0
PLW_MV,D,20230606,000000,2127.57,2141.25,2100.23,2141.25,0,0
PLW_MV,D,20230607,000000,2149.46,2149.46,2100.23,2105.7,0,0
PLW_MV,D,20230609,000000,2122.1,2226.02,2100.23,2220.55,0,0
PLW_MV,D,20230612,000000,2204.14,2204.14,2138.5,2138.5,0,0
PLW_MV,D,20230613,000000,2127.57,2133.04,2064.68,2067.41,0,0
PLW_MV,D,20230614,000000,2078.35,2143.98,2078.35,2133.04,0,0
PLW_MV,D,20230615,000000,2149.46,2176.8,2111.16,2176.8,0,0
PLW_MV,D,20230616,000000,2187.73,2236.96,2154.92,2198.67,0,0
PLW_MV,D,20230619,000000,2215.08,2239.69,2182.26,2234.23,0,0
PLW_MV,D,20230620,000000,2201.41,2204.14,2157.66,2157.66,0,0
PLW_MV,D,20230621,000000,2185,2185,2135.78,2165.86,0,0
PLW_MV,D,20230622,000000,2160.39,2204.14,2141.25,2204.14,0,0
PLW_MV,D,20230623,000000,2201.41,2220.55,2165.86,2165.86,0,0
PLW_MV,D,20230626,000000,2198.67,2204.14,2171.33,2193.21,0,0
PLW_MV,D,20230627,000000,2204.14,2204.14,2127.57,2152.18,0,0
PLW_MV,D,20230628,000000,2165.86,2174.06,2124.84,2146.71,0,0
PLW_MV,D,20230629,000000,2163.12,2198.67,2160.39,2163.12,0,0
PLW_MV,D,20230630,000000,2163.12,2168.59,2143.98,2168.59,0,0
PLW_MV,D,20230703,000000,2146.71,2154.92,2113.9,2116.63,0,0
PLW_MV,D,20230704,000000,2130.3,2133.04,2108.43,2108.43,0,0
PLW_MV,D,20230705,000000,2094.75,2097.49,2059.2,2059.2,0,0
PLW_MV,D,20230706,000000,2051,2130.3,2051,2127.57,0,0
PLW_MV,D,20230707,000000,2133.04,2135.78,2100.23,2124.84,0,0
PLW_MV,D,20230710,000000,2111.16,2152.18,2105.7,2122.1,0,0
PLW_MV,D,20230711,000000,2133.04,2171.33,2105.7,2168.59,0,0
PLW_MV,D,20230712,000000,2127.57,2256.1,2127.57,2256.1,0,0
PLW_MV,D,20230713,000000,2267.03,2277.99,2217.82,2231.48,0,0
PLW_MV,D,20230714,000000,2250.63,2258.83,2209.61,2236.96,0,0
PLW_MV,D,20230717,000000,2215.08,2228.76,2187.73,2198.67,0,0
PLW_MV,D,20230718,000000,2187.73,2226.02,2171.33,2226.02,0,0
PLW_MV,D,20230719,000000,2234.23,2253.37,2198.67,2239.69,0,0
PLW_MV,D,20230720,000000,2226.02,2226.02,2198.67,2198.67,0,0
PLW_MV,D,20230721,000000,2198.67,2231.48,2198.67,2231.48,0,0
PLW_MV,D,20230724,000000,2231.48,2280.71,2223.28,2280.71,0,0
PLW_MV,D,20230725,000000,2272.51,2313.53,2272.51,2299.86,0,0
PLW_MV,D,20230726,000000,2308.06,2308.06,2275.24,2291.65,0,0
PLW_MV,D,20230727,000000,2291.65,2313.53,2291.65,2297.12,0,0
PLW_MV,D,20230728,000000,2294.39,2324.47,2294.39,2297.12,0,0
PLW_MV,D,20230731,000000,2308.06,2321.74,2294.39,2313.53,0,0
PLW_MV,D,20230801,000000,2313.53,2313.53,2286.19,2308.06,0,0
PLW_MV,D,20230802,000000,2302.58,2332.67,2291.65,2318.99,0,0
PLW_MV,D,20230803,000000,2318.99,2318.99,2288.92,2297.12,0,0
PLW_MV,D,20230804,000000,2294.39,2417.45,2294.39,2417.45,0,0
PLW_MV,D,20230807,000000,2414.71,2414.71,2174.06,2297.12,0,0
PLW_MV,D,20230808,000000,2308.06,2346.35,2294.39,2305.33,0,0
PLW_MV,D,20230809,000000,2305.33,2316.26,2269.78,2297.12,0,0
PLW_MV,D,20230810,000000,2297.12,2305.33,2258.83,2302.58,0,0
PLW_MV,D,20230811,000000,2297.12,2297.12,2231.48,2236.96,0,0
PLW_MV,D,20230814,000000,2234.23,2283.45,2209.61,2283.45,0,0
PLW_MV,D,20230816,000000,2269.78,2269.78,2239.69,2242.43,0,0
PLW_MV,D,20230817,000000,2261.57,2261.57,2242.43,2247.9,0,0
PLW_MV,D,20230818,000000,2247.9,2275.24,2239.69,2275.24,0,0
PLW_MV,D,20230821,000000,2312.54,2404.36,2312.54,2404.36,0,0
PLW_MV,D,20230822,000000,2401.49,2401.49,2378.53,2381.4,0,0
PLW_MV,D,20230823,000000,2381.4,2433.05,2381.4,2433.05,0,0
PLW_MV,D,20230824,000000,2427.31,2427.31,2381.4,2404.36,0,0
PLW_MV,D,20230825,000000,2375.67,2387.14,2278.12,2278.12,0,0
PLW_MV,D,20230828,000000,2329.76,2329.76,2235.08,2275.24,0,0
PLW_MV,D,20230829,000000,2272.38,2367.06,2272.38,2352.71,0,0
PLW_MV,D,20230830,000000,2364.19,2381.4,2344.1,2381.4,0,0
PLW_MV,D,20230831,000000,2381.4,2381.4,2346.98,2367.06,0,0
PLW_MV,D,20230901,000000,2364.19,2372.79,2332.62,2372.79,0,0
PLW_MV,D,20230904,000000,2372.79,2390.01,2341.23,2352.71,0,0
PLW_MV,D,20230905,000000,2358.45,2369.92,2341.23,2341.23,0,0
PLW_MV,D,20230906,000000,2324.02,2364.19,2318.28,2364.19,0,0
PLW_MV,D,20230907,000000,2318.28,2364.19,2315.41,2352.71,0,0
PLW_MV,D,20230908,000000,2364.19,2364.19,2329.76,2329.76,0,0
PLW_MV,D,20230911,000000,2329.76,2369.92,2329.76,2361.32,0,0
PLW_MV,D,20230912,000000,2369.92,2369.92,2329.76,2364.19,0,0
PLW_MV,D,20230913,000000,2358.45,2369.92,2344.1,2364.19,0,0
PLW_MV,D,20230914,000000,2358.45,2384.28,2352.71,2352.71,0,0
PLW_MV,D,20230915,000000,2364.19,2378.53,2341.23,2346.98,0,0
PLW_MV,D,20230918,000000,2369.92,2372.79,2338.37,2372.79,0,0
PLW_MV,D,20230919,000000,2381.4,2507.65,2355.58,2444.53,0,0
PLW_MV,D,20230920,000000,2447.39,2473.22,2410.09,2410.09,0,0
PLW_MV,D,20230921,000000,2378.53,2427.31,2378.53,2418.7,0,0
PLW_MV,D,20230922,000000,2404.36,2516.26,2404.36,2507.65,0,0
PLW_MV,D,20230925,000000,2519.13,2527.73,2441.66,2490.43,0,0
PLW_MV,D,20230926,000000,2484.69,2484.69,2404.36,2424.44,0,0
PLW_MV,D,20230927,000000,2427.31,2435.92,2381.4,2433.05,0,0
PLW_MV,D,20230928,000000,2435.92,2435.92,2404.36,2410.09,0,0
PLW_MV,D,20230929,000000,2410.09,2450.27,2401.49,2438.78,0,0
PLW_MV,D,20231002,000000,2450.27,2450.27,2407.22,2441.66,0,0
PLW_MV,D,20231003,000000,2352.71,2441.66,2352.71,2369.92,0,0
PLW_MV,D,20231004,000000,2318.28,2352.71,2266.63,2266.63,0,0
PLW_MV,D,20231005,000000,2278.12,2315.41,2278.12,2295.32,0,0
PLW_MV,D,20231006,000000,2289.59,2321.15,2283.85,2306.81,0,0
PLW_MV,D,20231009,000000,2295.32,2329.76,2292.46,2306.81,0,0
PLW_MV,D,20231010,000000,2295.32,2352.71,2295.32,2352.71,0,0
PLW_MV,D,20231011,000000,2349.84,2349.84,2278.12,2280.98,0,0
PLW_MV,D,20231012,000000,2338.37,2338.37,2209.25,2209.25,0,0
PLW_MV,D,20231013,000000,2214.99,2229.33,2169.08,2169.08,0,0
PLW_MV,D,20231016,000000,2163.35,2180.56,2114.57,2114.57,0,0
PLW_MV,D,20231017,000000,2111.7,2174.83,2111.7,2174.83,0,0
PLW_MV,D,20231018,000000,2146.13,2180.56,2123.18,2123.18,0,0
PLW_MV,D,20231019,000000,2128.92,2149,2103.09,2105.97,0,0
PLW_MV,D,20231020,000000,2094.48,2117.44,2068.67,2111.7,0,0
PLW_MV,D,20231023,000000,2134.66,2134.66,2042.84,2062.93,0,0
PLW_MV,D,20231024,000000,2062.93,2088.75,2019.89,2019.89,0,0
PLW_MV,D,20231025,000000,2017.02,2077.28,2002.68,2071.53,0,0
PLW_MV,D,20231026,000000,2071.53,2074.4,2014.15,2039.98,0,0
PLW_MV,D,20231027,000000,2022.76,2065.79,2022.76,2065.79,0,0
PLW_MV,D,20231030,000000,2060.06,2060.06,1965.38,1988.33,0,0
PLW_MV,D,20231031,000000,1982.59,1996.93,1951.03,1979.72,0,0
PLW_MV,D,20231102,000000,1973.99,2019.89,1965.38,1965.38,0,0
PLW_MV,D,20231103,000000,1971.11,2037.1,1965.38,2037.1,0,0
PLW_MV,D,20231106,000000,2037.1,2065.79,2011.29,2045.71,0,0
PLW_MV,D,20231107,000000,2037.1,2065.79,2011.29,2019.89,0,0
PLW_MV,D,20231108,000000,2019.89,2149,2019.89,2146.13,0,0
PLW_MV,D,20231109,000000,2137.53,2137.53,2100.23,2123.18,0,0
PLW_MV,D,20231110,000000,2123.18,2134.66,2085.88,2105.97,0,0
PLW_MV,D,20231113,000000,2120.31,2120.31,2037.1,2037.1,0,0
PLW_MV,D,20231114,000000,2037.1,2108.83,2037.1,2108.83,0,0
PLW_MV,D,20231115,000000,2094.48,2094.48,2037.1,2048.59,0,0
PLW_MV,D,20231116,000000,2057.18,2057.18,2002.68,2025.63,0,0
PLW_MV,D,20231117,000000,2025.63,2062.93,2011.29,2039.98,0,0
PLW_MV,D,20231120,000000,2025.63,2071.53,2014.15,2019.89,0,0
PLW_MV,D,20231121,000000,2019.89,2060.06,2011.29,2031.37,0,0
PLW_MV,D,20231122,000000,2031.37,2045.71,2011.29,2031.37,0,0
PLW_MV,D,20231123,000000,2031.37,2031.37,1994.07,2008.41,0,0
PLW_MV,D,20231124,000000,1994.07,2011.29,1985.46,2011.29,0,0
PLW_MV,D,20231127,000000,2008.41,2008.41,1956.77,1996.93,0,0
PLW_MV,D,20231128,000000,1996.93,1999.8,1973.99,1999.8,0,0
PLW_MV,D,20231129,000000,2014.15,2022.76,1968.24,1988.33,0,0
PLW_MV,D,20231130,000000,1951.03,1976.85,1899.39,1928.08,0,0
PLW_MV,D,20231201,000000,1936.69,1942.42,1913.73,1942.42,0,0
PLW_MV,D,20231204,000000,1933.82,1994.07,1933.82,1991.2,0,0
PLW_MV,D,20231205,000000,1994.07,2005.54,1976.85,1985.46,0,0
PLW_MV,D,20231206,000000,1996.93,1996.93,1928.08,1948.16,0,0
PLW_MV,D,20231207,000000,1939.55,1939.55,1910.86,1913.73,0,0
PLW_MV,D,20231208,000000,1916.6,1933.82,1896.52,1916.6,0,0
PLW_MV,D,20231211,000000,1916.6,1928.08,1879.3,1893.64,0,0
PLW_MV,D,20231212,000000,1890.78,1890.78,1833.39,1864.95,0,0
PLW_MV,D,20231213,000000,1905.12,2011.29,1905.12,1976.85,0,0
PLW_MV,D,20231214,000000,2008.41,2085.88,2002.68,2045.71,0,0
PLW_MV,D,20231215,000000,2123.18,2275.24,2123.18,2192.04,0,0
PLW_MV,D,20231218,000000,2177.69,2177.69,1965.38,1968.24,0,0
PLW_MV,D,20231219,000000,1976.85,2034.23,1968.24,2002.68,0,0
PLW_MV,D,20231220,000000,1999.8,2008.41,1956.77,1973.99,0,0
PLW_MV,D,20231221,000000,1973.99,1973.99,1893.64,1933.82,0,0
PLW_MV,D,20231222,000000,1922.33,1939.55,1882.17,1893.64,0,0
PLW_MV,D,20231227,000000,1893.64,1899.39,1847.74,1847.74,0,0
PLW_MV,D,20231228,000000,1856.34,1887.91,1842,1885.03,0,0
PLW_MV,D,20231229,000000,1882.17,1882.17,1836.26,1836.26,0,0
PLW_MV,D,20240102,000000,1856.34,1856.34,1798.96,1830.53,0,0
PLW_MV,D,20240103,000000,1830.53,1853.48,1770.27,1853.48,0,0
PLW_MV,D,20240104,000000,1864.95,1885.03,1804.7,1816.18,0,0
PLW_MV,D,20240105,000000,1824.79,1824.79,1767.4,1784.62,0,0
PLW_MV,D,20240108,000000,1801.84,1847.74,1793.23,1847.74,0,0
PLW_MV,D,20240109,000000,1853.48,1870.69,1816.18,1836.26,0,0
PLW_MV,D,20240110,000000,1839.14,1864.95,1824.79,1864.95,0,0
PLW_MV,D,20240111,000000,1870.69,1885.03,1856.34,1879.3,0,0
PLW_MV,D,20240112,000000,1882.17,1893.64,1844.87,1890.78,0,0
PLW_MV,D,20240115,000000,1905.12,1910.86,1839.14,1839.14,0,0
PLW_MV,D,20240116,000000,1856.34,1887.91,1816.18,1887.91,0,0
PLW_MV,D,20240117,000000,1862.09,1862.09,1827.65,1842,0,0
PLW_MV,D,20240118,000000,1833.39,1853.48,1824.79,1836.26,0,0
PLW_MV,D,20240119,000000,1836.26,1859.22,1827.65,1842,0,0
PLW_MV,D,20240122,000000,1847.74,1847.74,1824.79,1842,0,0
PLW_MV,D,20240123,000000,1833.39,1842,1793.23,1816.18,0,0
PLW_MV,D,20240124,000000,1833.39,1833.39,1804.7,1824.79,0,0
PLW_MV,D,20240125,000000,1824.79,1824.79,1767.4,1767.4,0,0
PLW_MV,D,20240126,000000,1767.4,1810.44,1767.4,1793.23,0,0
PLW_MV,D,20240129,000000,1798.96,1798.96,1755.93,1764.54,0,0
PLW_MV,D,20240130,000000,1773.14,1807.57,1732.97,1798.96,0,0
PLW_MV,D,20240131,000000,1819.05,1819.05,1767.4,1793.23,0,0
PLW_MV,D,20240201,000000,1784.62,1816.18,1773.14,1816.18,0,0
PLW_MV,D,20240202,000000,1813.31,1859.22,1790.36,1859.22,0,0
PLW_MV,D,20240205,000000,1859.22,1887.91,1836.26,1859.22,0,0
PLW_MV,D,20240206,000000,1876.43,1876.43,1830.53,1853.48,0,0
PLW_MV,D,20240207,000000,1853.48,1853.48,1827.65,1850.61,0,0
PLW_MV,D,20240208,000000,1836.26,1842,1813.31,1836.26,0,0
PLW_MV,D,20240209,000000,1847.74,1864.95,1827.65,1856.34,0,0
PLW_MV,D,20240212,000000,1853.48,1859.22,1833.39,1859.22,0,0
PLW_MV,D,20240213,000000,1859.22,1859.22,1813.31,1833.39,0,0
PLW_MV,D,20240214,000000,1833.39,1833.39,1807.57,1807.57,0,0
PLW_MV,D,20240215,000000,1807.57,1819.05,1790.36,1790.36,0,0
PLW_MV,D,20240216,000000,1810.44,1813.31,1784.62,1784.62,0,0
PLW_MV,D,20240219,000000,1784.62,1796.09,1776.01,1796.09,0,0
PLW_MV,D,20240220,000000,1796.09,1824.79,1778.88,1778.88,0,0
PLW_MV,D,20240221,000000,1790.36,1801.84,1773.14,1787.49,0,0
PLW_MV,D,20240222,000000,1787.49,1821.92,1781.75,1801.84,0,0
PLW_MV,D,20240223,000000,1801.84,1801.84,1773.14,1796.09,0,0
PLW_MV,D,20240226,000000,1778.88,1796.09,1773.14,1790.36,0,0
PLW_MV,D,20240227,000000,1773.14,1807.57,1764.54,1778.88,0,0
PLW_MV,D,20240228,000000,1778.88,1787.49,1758.79,1767.4,0,0
PLW_MV,D,20240229,000000,1770.27,1793.23,1741.58,1747.32,0,0
PLW_MV,D,20240301,000000,1750.19,1750.19,1589.51,1644.03,0,0
PLW_MV,D,20240304,000000,1658.38,1658.38,1555.09,1560.82,0,0
PLW_MV,D,20240305,000000,1560.82,1615.34,1497.7,1598.12,0,0
PLW_MV,D,20240306,000000,1601,1618.2,1572.3,1598.12,0,0
PLW_MV,D,20240307,000000,1601,1601,1563.7,1578.04,0,0
PLW_MV,D,20240308,000000,1578.04,1578.04,1503.44,1569.43,0,0
PLW_MV,D,20240311,000000,1569.43,1578.04,1491.96,1532.13,0,0
PLW_MV,D,20240312,000000,1532.13,1555.09,1491.96,1517.79,0,0
PLW_MV,D,20240313,000000,1512.04,1563.7,1500.57,1560.82,0,0
PLW_MV,D,20240314,000000,1560.82,1572.3,1537.87,1563.7,0,0
PLW_MV,D,20240315,000000,1578.04,1578.04,1497.7,1506.31,0,0
PLW_MV,D,20240318,000000,1509.18,1543.61,1500.57,1520.65,0,0
PLW_MV,D,20240319,000000,1520.65,1569.43,1520.65,1560.82,0,0
PLW_MV,D,20240320,000000,1578.04,1583.78,1514.92,1517.79,0,0
PLW_MV,D,20240321,000000,1535,1546.48,1512.04,1543.61,0,0
PLW_MV,D,20240322,000000,1552.22,1612.47,1552.22,1609.6,0,0
PLW_MV,D,20240325,000000,1609.6,1646.89,1606.73,1623.94,0,0
PLW_MV,D,20240326,000000,1612.47,1635.42,1606.73,1612.47,0,0
PLW_MV,D,20240327,000000,1632.55,1632.55,1606.73,1623.94,0,0
PLW_MV,D,20240328,000000,1618.2,1649.77,1612.47,1646.89,0,0
PLW_MV,D,20240402,000000,1638.3,1692.8,1638.3,1664.11,0,0
PLW_MV,D,20240403,000000,1687.07,1687.07,1644.03,1658.38,0,0
PLW_MV,D,20240404,000000,1658.38,1678.46,1646.89,1675.59,0,0
PLW_MV,D,20240405,000000,1678.46,1687.07,1655.5,1655.5,0,0
PLW_MV,D,20240408,000000,1689.94,1712.89,1675.59,1704.28,0,0
PLW_MV,D,20240409,000000,1712.89,1718.63,1681.33,1692.8,0,0
PLW_MV,D,20240410,000000,1695.68,1773.14,1695.68,1732.97,0,0
PLW_MV,D,20240411,000000,1721.49,1744.45,1689.94,1727.24,0,0
PLW_MV,D,20240412,000000,1721.49,1744.45,1678.46,1689.94,0,0
PLW_MV,D,20240415,000000,1689.94,1704.28,1666.99,1666.99,0,0
PLW_MV,D,20240416,000000,1664.11,1664.11,1606.73,1618.2,0,0
PLW_MV,D,20240417,000000,1609.6,1649.77,1606.73,1615.34,0,0
PLW_MV,D,20240418,000000,1615.34,1672.72,1615.34,1629.69,0,0
PLW_MV,D,20240419,000000,1632.55,1732.97,1632.55,1732.97,0,0
PLW_MV,D,20240422,000000,1710.02,1735.84,1687.07,1698.54,0,0
PLW_MV,D,20240423,000000,1698.54,1724.37,1672.72,1687.07,0,0
PLW_MV,D,20240424,000000,1687.07,1701.41,1675.59,1698.54,0,0
PLW_MV,D,20240425,000000,1698.54,1698.54,1652.64,1666.99,0,0
PLW_MV,D,20240426,000000,1687.07,1707.15,1669.85,1701.41,0,0
PLW_MV,D,20240429,000000,1721.49,1735.84,1675.59,1712.89,0,0
PLW_MV,D,20240430,000000,1712.89,1755.93,1712.89,1738.71,0,0
PLW_MV,D,20240502,000000,1738.71,1738.71,1704.28,1704.28,0,0
PLW_MV,D,20240506,000000,1710.02,1732.97,1704.28,1732.97,0,0
PLW_MV,D,20240507,000000,1727.24,1727.24,1695.68,1704.28,0,0
PLW_MV,D,20240508,000000,1704.28,1704.28,1681.33,1698.54,0,0
PLW_MV,D,20240509,000000,1698.54,1698.54,1681.33,1681.33,0,0
PLW_MV,D,20240510,000000,1675.59,1681.33,1652.64,1675.59,0,0
PLW_MV,D,20240513,000000,1675.59,1710.02,1675.59,1692.8,0,0
PLW_MV,D,20240514,000000,1721.49,1750.19,1710.02,1750.19,0,0
PLW_MV,D,20240515,000000,1753.06,1761.66,1735.84,1750.19,0,0
PLW_MV,D,20240516,000000,1750.19,1801.84,1724.37,1801.84,0,0
PLW_MV,D,20240517,000000,1804.7,1804.7,1770.27,1787.49,0,0
PLW_MV,D,20240520,000000,1813.31,1842,1796.09,1824.79,0,0
PLW_MV,D,20240521,000000,1827.65,1827.65,1790.36,1813.31,0,0
PLW_MV,D,20240522,000000,1819.05,1819.05,1773.14,1796.09,0,0
PLW_MV,D,20240523,000000,1801.84,1821.92,1770.27,1821.92,0,0
PLW_MV,D,20240524,000000,1853.48,1853.48,1801.84,1842,0,0
PLW_MV,D,20240527,000000,1856.34,1856.34,1821.92,1836.26,0,0
PLW_MV,D,20240528,000000,1859.22,1859.22,1824.79,1847.74,0,0
PLW_MV,D,20240529,000000,1853.48,1853.48,1784.62,1819.05,0,0
PLW_MV,D,20240531,000000,1816.18,1839.14,1778.88,1839.14,0,0
PLW_MV,D,20240603,000000,1893.64,1893.64,1853.48,1864.95,0,0
PLW_MV,D,20240604,000000,1844.87,1853.48,1819.05,1824.79,0,0
PLW_MV,D,20240605,000000,1836.26,1836.26,1801.84,1833.39,0,0
PLW_MV,D,20240606,000000,1813.31,1862.09,1807.57,1859.22,0,0
PLW_MV,D,20240607,000000,1864.95,1882.17,1842,1882.17,0,0
PLW_MV,D,20240610,000000,1864.95,1916.6,1864.95,1916.6,0,0
PLW_MV,D,20240611,000000,1913.73,1913.73,1870.69,1870.69,0,0
PLW_MV,D,20240612,000000,1867.83,1896.52,1850.61,1885.03,0,0
PLW_MV,D,20240613,000000,1885.03,1907.99,1864.95,1882.17,0,0
PLW_MV,D,20240614,000000,1882.17,1905.12,1867.83,1902.25,0,0
PLW_MV,D,20240617,000000,1893.64,1902.25,1859.22,1859.22,0,0
PLW_MV,D,20240618,000000,1864.95,1876.43,1844.87,1873.56,0,0
PLW_MV,D,20240619,000000,1876.43,1890.78,1862.09,1879.3,0,0
PLW_MV,D,20240620,000000,1885.03,1907.99,1879.3,1907.99,0,0
PLW_MV,D,20240621,000000,1907.99,1973.99,1899.39,1956.77,0,0
PLW_MV,D,20240624,000000,1962.51,1988.33,1933.82,1951.03,0,0
PLW_MV,D,20240625,000000,1953.9,1973.99,1948.16,1951.03,0,0
PLW_MV,D,20240626,000000,1968.24,1976.85,1933.82,1939.55,0,0
PLW_MV,D,20240627,000000,1951.03,1962.51,1930.94,1956.77,0,0
PLW_MV,D,20240628,000000,1951.03,1956.77,1933.82,1933.82,0,0
PLW_MV,D,20240701,000000,1951.03,1959.63,1928.08,1948.16,0,0
PLW_MV,D,20240702,000000,1960.43,1960.43,1902.14,1905.21,0,0
PLW_MV,D,20240703,000000,1902.14,1902.14,1846.92,1859.19,0,0
PLW_MV,D,20240704,000000,1859.19,1899.07,1853.05,1899.07,0,0
PLW_MV,D,20240705,000000,1908.28,1938.96,1902.14,1914.41,0,0
PLW_MV,D,20240708,000000,1926.68,1981.91,1926.68,1975.77,0,0
PLW_MV,D,20240709,000000,1975.77,1975.77,1935.89,1957.36,0,0
PLW_MV,D,20240710,000000,1963.5,1975.77,1938.96,1963.5,0,0
PLW_MV,D,20240711,000000,1963.5,1975.77,1942.02,1963.5,0,0
PLW_MV,D,20240712,000000,1963.5,1966.57,1920.55,1920.55,0,0
PLW_MV,D,20240715,000000,1951.23,1951.23,1868.39,1868.39,0,0
PLW_MV,D,20240716,000000,1871.46,1871.46,1803.97,1828.51,0,0
PLW_MV,D,20240717,000000,1813.17,1822.37,1782.49,1807.03,0,0
PLW_MV,D,20240718,000000,1803.97,1819.31,1788.63,1819.31,0,0
PLW_MV,D,20240719,000000,1822.37,1822.37,1705.79,1705.79,0,0
PLW_MV,D,20240722,000000,1745.67,1791.69,1745.67,1776.35,0,0
PLW_MV,D,20240723,000000,1776.35,1776.35,1730.33,1739.54,0,0
PLW_MV,D,20240724,000000,1739.54,1757.95,1718.06,1754.88,0,0
PLW_MV,D,20240725,000000,1739.54,1739.54,1681.25,1718.06,0,0
PLW_MV,D,20240726,000000,1721.13,1764.08,1705.79,1727.27,0,0
PLW_MV,D,20240729,000000,1733.4,1764.08,1718.06,1764.08,0,0
PLW_MV,D,20240730,000000,1773.29,1773.29,1736.47,1736.47,0,0
PLW_MV,D,20240731,000000,1736.47,1764.08,1736.47,1764.08,0,0
PLW_MV,D,20240801,000000,1754.88,1754.88,1705.79,1733.4,0,0
PLW_MV,D,20240802,000000,1705.79,1724.2,1681.25,1714.99,0,0
PLW_MV,D,20240805,000000,1681.25,1687.38,1647.5,1659.77,0,0
PLW_MV,D,20240806,000000,1684.31,1714.99,1644.43,1678.18,0,0
PLW_MV,D,20240807,000000,1693.52,1708.86,1662.84,1687.38,0,0
PLW_MV,D,20240808,000000,1693.52,1693.52,1641.36,1675.11,0,0
PLW_MV,D,20240809,000000,1668.98,1687.38,1644.43,1659.77,0,0
PLW_MV,D,20240812,000000,1659.77,1684.31,1659.77,1681.25,0,0
PLW_MV,D,20240813,000000,1681.25,1702.72,1672.04,1678.18,0,0
PLW_MV,D,20240814,000000,1687.38,1690.45,1672.04,1690.45,0,0
PLW_MV,D,20240816,000000,1736.47,1807.03,1736.47,1807.03,0,0
PLW_MV,D,20240819,000000,1807.03,1807.03,1770.22,1779.42,0,0
PLW_MV,D,20240820,000000,1779.42,1800.9,1748.74,1754.88,0,0
PLW_MV,D,20240821,000000,1757.95,1773.29,1757.95,1764.08,0,0
PLW_MV,D,20240822,000000,1773.29,1773.29,1748.74,1748.74,0,0
PLW_MV,D,20240823,000000,1751.81,1751.81,1736.47,1736.47,0,0
PLW_MV,D,20240826,000000,1739.54,1742.61,1699.65,1727.27,0,0
PLW_MV,D,20240827,000000,1711.93,1742.61,1699.65,1733.4,0,0
PLW_MV,D,20240828,000000,1761.01,1761.01,1718.06,1742.61,0,0
PLW_MV,D,20240829,000000,1742.61,1773.29,1739.54,1767.15,0,0
PLW_MV,D,20240830,000000,1757.95,1803.97,1757.95,1803.97,0,0
PLW_MV,D,20240902,000000,1794.76,1831.58,1791.69,1800.9,0,0
PLW_MV,D,20240903,000000,1803.97,1807.03,1767.15,1791.69,0,0
PLW_MV,D,20240904,000000,1779.42,1779.42,1736.47,1745.67,0,0
PLW_MV,D,20240905,000000,1745.67,1751.81,1724.2,1736.47,0,0
PLW_MV,D,20240906,000000,1718.06,1748.74,1711.93,1745.67,0,0
PLW_MV,D,20240909,000000,1708.86,1736.47,1696.59,1730.33,0,0
PLW_MV,D,20240910,000000,1718.06,1727.27,1693.52,1711.93,0,0
PLW_MV,D,20240911,000000,1702.72,1751.81,1702.72,1727.27,0,0
PLW_MV,D,20240912,000000,1730.33,1754.88,1711.93,1736.47,0,0
PLW_MV,D,20240913,000000,1730.33,1730.33,1705.79,1705.79,0,0
PLW_MV,D,20240916,000000,1711.93,1724.2,1693.52,1724.2,0,0
PLW_MV,D,20240917,000000,1718.06,1754.88,1699.65,1727.27,0,0
PLW_MV,D,20240918,000000,1727.27,1727.27,1705.79,1727.27,0,0
PLW_MV,D,20240919,000000,1727.27,1727.27,1687.38,1693.52,0,0
PLW_MV,D,20240920,000000,1696.59,1724.2,1672.04,1675.11,0,0
PLW_MV,D,20240923,000000,1684.31,1684.31,1619.89,1650.57,0,0
PLW_MV,D,20240924,000000,1644.43,1681.25,1644.43,1678.18,0,0
PLW_MV,D,20240925,000000,1678.18,1711.93,1675.11,1711.93,0,0
PLW_MV,D,20240926,000000,1714.99,1757.95,1705.79,1757.95,0,0
PLW_MV,D,20240927,000000,1757.95,1773.29,1748.74,1757.95,0,0
PLW_MV,D,20240930,000000,1757.95,1797.83,1757.95,1797.83,0,0
PLW_MV,D,20241001,000000,1871.46,1871.46,1813.17,1840.78,0,0
PLW_MV,D,20241002,000000,1834.65,1834.65,1788.63,1797.83,0,0
PLW_MV,D,20241003,000000,1807.03,1807.03,1739.54,1779.42,0,0
PLW_MV,D,20241004,000000,1748.74,1779.42,1733.4,1748.74,0,0
PLW_MV,D,20241007,000000,1748.74,1748.74,1711.93,1724.2,0,0
PLW_MV,D,20241008,000000,1718.06,1718.06,1693.52,1714.99,0,0
PLW_MV,D,20241009,000000,1687.38,1724.2,1687.38,1718.06,0,0
PLW_MV,D,20241010,000000,1718.06,1748.74,1711.93,1721.13,0,0
PLW_MV,D,20241011,000000,1739.54,1739.54,1702.72,1724.2,0,0
PLW_MV,D,20241014,000000,1711.93,1748.74,1711.93,1724.2,0,0
PLW_MV,D,20241015,000000,1739.54,1739.54,1708.86,1727.27,0,0
PLW_MV,D,20241016,000000,1730.33,1730.33,1693.52,1708.86,0,0
PLW_MV,D,20241017,000000,1699.65,1724.2,1699.65,1718.06,0,0
PLW_MV,D,20241018,000000,1718.06,1730.33,1702.72,1724.2,0,0
PLW_MV,D,20241021,000000,1724.2,1724.2,1693.52,1693.52,0,0
PLW_MV,D,20241022,000000,1708.86,1714.99,1687.38,1687.38,0,0
PLW_MV,D,20241023,000000,1711.93,1711.93,1684.31,1711.93,0,0
PLW_MV,D,20241024,000000,1693.52,1711.93,1687.38,1702.72,0,0
PLW_MV,D,20241025,000000,1705.79,1721.13,1699.65,1721.13,0,0
PLW_MV,D,20241028,000000,1699.65,1718.06,1668.98,1699.65,0,0
PLW_MV,D,20241029,000000,1705.79,1714.99,1687.38,1711.93,0,0
PLW_MV,D,20241030,000000,1699.65,1708.86,1668.98,1672.04,0,0
PLW_MV,D,20241031,000000,1681.25,1690.45,1662.84,1681.25,0,0
PLW_MV,D,20241104,000000,1681.25,1730.33,1681.25,1727.27,0,0
PLW_MV,D,20241105,000000,1718.06,1748.74,1708.86,1742.61,0,0
PLW_MV,D,20241106,000000,1748.74,1767.15,1721.13,1764.08,0,0
PLW_MV,D,20241107,000000,1764.08,1770.22,1730.33,1767.15,0,0
PLW_MV,D,20241108,000000,1767.15,1773.29,1730.33,1748.74,0,0
PLW_MV,D,20241112,000000,1745.67,1748.74,1724.2,1742.61,0,0
PLW_MV,D,20241113,000000,1742.61,1742.61,1711.93,1724.2,0,0
PLW_MV,D,20241114,000000,1711.93,1727.27,1693.52,1714.99,0,0
PLW_MV,D,20241115,000000,1711.93,1714.99,1687.38,1699.65,0,0
PLW_MV,D,20241118,000000,1711.93,1714.99,1681.25,1708.86,0,0
PLW_MV,D,20241119,000000,1708.86,1708.86,1650.57,1675.11,0,0
PLW_MV,D,20241120,000000,1662.84,1668.98,1644.43,1653.64,0,0
PLW_MV,D,20241121,000000,1653.64,1656.7,1626.02,1644.43,0,0
PLW_MV,D,20241122,000000,1647.5,1650.57,1626.02,1650.57,0,0
PLW_MV,D,20241125,000000,1656.7,1693.52,1644.43,1693.52,0,0
PLW_MV,D,20241126,000000,1699.65,1699.65,1638.3,1650.57,0,0
PLW_MV,D,20241127,000000,1656.7,1665.91,1622.96,1638.3,0,0
PLW_MV,D,20241128,000000,1644.43,1650.57,1613.75,1650.57,0,0
PLW_MV,D,20241129,000000,1690.45,1705.79,1681.25,1696.59,0,0
PLW_MV,D,20241202,000000,1690.45,1696.59,1644.43,1668.98,0,0
PLW_MV,D,20241203,000000,1675.11,1675.11,1656.7,1668.98,0,0
PLW_MV,D,20241204,000000,1665.91,1678.18,1644.43,1650.57,0,0
PLW_MV,D,20241205,000000,1644.43,1662.84,1632.16,1662.84,0,0
PLW_MV,D,20241206,000000,1665.91,1687.38,1647.5,1675.11,0,0
PLW_MV,D,20241209,000000,1690.45,1742.61,1678.18,1718.06,0,0
PLW_MV,D,20241210,000000,1718.06,1754.88,1711.93,1754.88,0,0
PLW_MV,D,20241211,000000,1754.88,1776.35,1730.33,1764.08,0,0
PLW_MV,D,20241212,000000,1757.95,1770.22,1711.93,1718.06,0,0
PLW_MV,D,20241213,000000,1714.99,1714.99,1675.11,1675.11,0,0
PLW_MV,D,20241216,000000,1675.11,1696.59,1665.91,1675.11,0,0
PLW_MV,D,20241217,000000,1699.65,1699.65,1672.04,1687.38,0,0
PLW_MV,D,20241218,000000,1696.59,1696.59,1665.91,1681.25,0,0
PLW_MV,D,20241219,000000,1681.25,1681.25,1629.09,1668.98,0,0
PLW_MV,D,20241220,000000,1650.57,1653.64,1622.96,1653.64,0,0
PLW_MV,D,20241223,000000,1653.64,1672.04,1629.09,1672.04,0,0
PLW_MV,D,20241227,000000,1672.04,1696.59,1659.77,1687.38,0,0
PLW_MV,D,20241230,000000,1687.38,1721.13,1675.11,1702.72,0,0
PLW_MV,D,20250102,000000,1705.79,1742.61,1705.79,1742.61,0,0
PLW_MV,D,20250103,000000,1742.61,1767.15,1742.61,1754.88,0,0
PLW_MV,D,20250107,000000,1754.88,1797.83,1754.88,1794.76,0,0
PLW_MV,D,20250108,000000,1794.76,1810.1,1764.08,1797.83,0,0
PLW_MV,D,20250109,000000,1797.83,1797.83,1761.01,1764.08,0,0
PLW_MV,D,20250110,000000,1800.9,1871.46,1788.63,1843.85,0,0
PLW_MV,D,20250113,000000,1871.46,1871.46,1813.17,1834.65,0,0
PLW_MV,D,20250114,000000,1837.71,1840.78,1810.1,1840.78,0,0
PLW_MV,D,20250115,000000,1837.71,1837.71,1807.03,1831.58,0,0
PLW_MV,D,20250116,000000,1803.97,1846.92,1803.97,1840.78,0,0
PLW_MV,D,20250117,000000,1853.05,1856.12,1828.51,1840.78,0,0
PLW_MV,D,20250120,000000,1840.78,1843.85,1822.37,1825.44,0,0
PLW_MV,D,20250121,000000,1816.24,1834.65,1794.76,1803.97,0,0
PLW_MV,D,20250122,000000,1803.97,1816.24,1779.42,1816.24,0,0
PLW_MV,D,20250123,000000,1819.31,1819.31,1788.63,1797.83,0,0
PLW_MV,D,20250124,000000,1800.9,1880.66,1800.9,1859.19,0,0
PLW_MV,D,20250127,000000,1914.41,1914.41,1868.39,1896,0,0
PLW_MV,D,20250128,000000,1896,1926.68,1868.39,1902.14,0,0
PLW_MV,D,20250129,000000,1902.14,1920.55,1877.6,1883.73,0,0
PLW_MV,D,20250130,000000,1914.41,1926.68,1883.73,1926.68,0,0
PLW_MV,D,20250131,000000,1926.68,1926.68,1889.87,1892.94,0,0
PLW_MV,D,20250203,000000,1865.33,1889.87,1853.05,1862.26,0,0
PLW_MV,D,20250204,000000,1862.26,1871.46,1828.51,1871.46,0,0
PLW_MV,D,20250205,000000,1874.53,1883.73,1840.78,1849.99,0,0
PLW_MV,D,20250206,000000,1853.05,1886.8,1831.58,1831.58,0,0
PLW_MV,D,20250207,000000,1856.12,1883.73,1856.12,1865.33,0,0
PLW_MV,D,20250210,000000,1877.6,1920.55,1877.6,1908.28,0,0
PLW_MV,D,20250211,000000,1914.41,1932.82,1914.41,1929.75,0,0
PLW_MV,D,20250212,000000,1932.82,1932.82,1899.07,1923.62,0,0
PLW_MV,D,20250213,000000,1929.75,1929.75,1902.14,1902.14,0,0
PLW_MV,D,20250214,000000,1932.82,1932.82,1905.21,1920.55,0,0
PLW_MV,D,20250217,000000,1926.68,1932.82,1914.41,1929.75,0,0
PLW_MV,D,20250218,000000,1932.82,1932.82,1905.21,1917.48,0,0
PLW_MV,D,20250219,000000,1920.55,1920.55,1883.73,1883.73,0,0
PLW_MV,D,20250220,000000,1877.6,1920.55,1874.53,1920.55,0,0
PLW_MV,D,20250221,000000,1920.55,1929.75,1905.21,1923.62,0,0
PLW_MV,D,20250224,000000,1920.55,1932.82,1905.21,1932.82,0,0
PLW_MV,D,20250225,000000,1932.82,1932.82,1896,1905.21,0,0
PLW_MV,D,20250226,000000,1905.21,1920.55,1889.87,1920.55,0,0
PLW_MV,D,20250227,000000,1920.55,1920.55,1880.66,1896,0,0
PLW_MV,D,20250228,000000,1871.46,1908.28,1871.46,1874.53,0,0
PLW_MV,D,20250303,000000,1874.53,1874.53,1825.44,1871.46,0,0
PLW_MV,D,20250304,000000,1856.12,1856.12,1773.29,1794.76,0,0
PLW_MV,D,20250305,000000,1794.76,1846.92,1794.76,1794.76,0,0
PLW_MV,D,20250306,000000,1816.24,1816.24,1767.15,1794.76,0,0
PLW_MV,D,20250307,000000,1807.03,1810.1,1776.35,1797.83,0,0
PLW_MV,D,20250310,000000,1791.69,1791.69,1751.81,1761.01,0,0
PLW_MV,D,20250311,000000,1748.74,1761.01,1739.54,1761.01,0,0
PLW_MV,D,20250312,000000,1761.01,1779.42,1748.74,1761.01,0,0
PLW_MV,D,20250313,000000,1754.88,1810.1,1730.33,1779.42,0,0
PLW_MV,D,20250314,000000,1779.42,1819.31,1764.08,1779.42,0,0
PLW_MV,D,20250317,000000,1748.74,1773.29,1748.74,1748.74,0,0
PLW_MV,D,20250318,000000,1767.15,1767.15,1736.47,1742.61,0,0
PLW_MV,D,20250319,000000,1742.61,1770.22,1739.54,1751.81,0,0
PLW_MV,D,20250320,000000,1733.4,1733.4,1711.93,1711.93,0,0
PLW_MV,D,20250321,000000,1718.06,1721.13,1711.93,1718.06,0,0
PLW_MV,D,20250324,000000,1718.06,1736.47,1711.93,1721.13,0,0
PLW_MV,D,20250325,000000,1721.13,1742.61,1711.93,1711.93,0,0
PLW_MV,D,20250326,000000,1714.99,1718.06,1699.65,1705.79,0,0
PLW_MV,D,20250327,000000,1730.33,1730.33,1696.59,1699.65,0,0
PLW_MV,D,20250328,000000,1718.06,1718.06,1699.65,1714.99,0,0
PLW_MV,D,20250331,000000,1705.79,1705.79,1675.11,1687.38,0,0
PLW_MV,D,20250401,000000,1687.38,1745.67,1687.38,1718.06,0,0
PLW_MV,D,20250402,000000,1745.67,1745.67,1718.06,1718.06,0,0
PLW_MV,D,20250403,000000,1714.99,1733.4,1693.52,1711.93,0,0
PLW_MV,D,20250404,000000,1693.52,1711.93,1662.84,1711.93,0,0
PLW_MV,D,20250407,000000,1656.7,1681.25,1629.09,1672.04,0,0
PLW_MV,D,20250408,000000,1681.25,1742.61,1681.25,1721.13,0,0
PLW_MV,D,20250409,000000,1714.99,1718.06,1675.11,1678.18,0,0
PLW_MV,D,20250410,000000,1736.47,1736.47,1693.52,1696.59,0,0
PLW_MV,D,20250411,000000,1724.2,1733.4,1708.86,1718.06,0,0
PLW_MV,D,20250414,000000,1718.06,1730.33,1702.72,1714.99,0,0
PLW_MV,D,20250415,000000,1736.47,1736.47,1696.59,1718.06,0,0
PLW_MV,D,20250416,000000,1724.2,1724.2,1702.72,1721.13,0,0
PLW_MV,D,20250417,000000,1730.33,1730.33,1699.65,1708.86,0,0
PLW_MV,D,20250422,000000,1708.86,1724.2,1708.86,1708.86,0,0
PLW_MV,D,20250423,000000,1718.06,1770.22,1718.06,1770.22,0,0
PLW_MV,D,20250424,000000,1779.42,1779.42,1751.81,1767.15,0,0
PLW_MV,D,20250425,000000,1767.15,1828.51,1767.15,1816.24,0,0
PLW_MV,D,20250428,000000,1834.65,1865.33,1834.65,1859.19,0,0
PLW_MV,D,20250429,000000,1865.33,1886.8,1859.19,1883.73,0,0
PLW_MV,D,20250430,000000,1853.05,1865.33,1849.99,1862.26,0,0
PLW_MV,D,20250502,000000,1859.19,1883.73,1840.78,1883.73,0,0
PLW_MV,D,20250505,000000,1889.87,1896,1859.19,1883.73,0,0
PLW_MV,D,20250506,000000,1883.73,1883.73,1831.58,1883.73,0,0
PLW_MV,D,20250507,000000,1892.94,1892.94,1859.19,1865.33,0,0
PLW_MV,D,20250508,000000,1865.33,1877.6,1834.65,1865.33,0,0
PLW_MV,D,20250509,000000,1871.46,1871.46,1834.65,1859.19,0,0
PLW_MV,D,20250512,000000,1859.19,1868.39,1840.78,1849.99,0,0
PLW_MV,D,20250513,000000,1843.85,1865.33,1834.65,1849.99,0,0
PLW_MV,D,20250514,000000,1862.26,1862.26,1825.44,1834.65,0,0
PLW_MV,D,20250515,000000,1834.65,1862.26,1800.9,1862.26,0,0
PLW_MV,D,20250516,000000,1865.33,1865.33,1837.71,1853.05,0,0
PLW_MV,D,20250519,000000,1871.46,1896,1859.19,1883.73,0,0
PLW_MV,D,20250520,000000,1886.8,1929.75,1886.8,1929.75,0,0
PLW_MV,D,20250521,000000,1929.75,1929.75,1883.73,1892.94,0,0
PLW_MV,D,20250522,000000,1889.87,1951.23,1846.92,1911.34,0,0
PLW_MV,D,20250523,000000,1923.62,1991.11,1923.62,1957.36,0,0
PLW_MV,D,20250526,000000,1988.04,2055.54,1988.04,2037.13,0,0
PLW_MV,D,20250527,000000,2043.27,2043.27,1991.11,2000.32,0,0
PLW_MV,D,20250528,000000,2012.59,2024.86,1960.43,1960.43,0,0
PLW_MV,D,20250529,000000,2009.52,2043.27,1966.57,1975.77,0,0
PLW_MV,D,20250530,000000,1981.91,2031,1954.3,2031,0,0
PLW_MV,D,20250602,000000,1994.18,2043.27,1969.64,2012.59,0,0
PLW_MV,D,20250603,000000,2037.13,2080.08,2037.13,2040.2,0,0
PLW_MV,D,20250604,000000,2055.54,2055.54,2037.13,2049.4,0,0
PLW_MV,D,20250605,000000,2049.4,2055.54,2031,2043.27,0,0
PLW_MV,D,20250606,000000,2043.27,2052.47,2009.52,2027.93,0,0
PLW_MV,D,20250609,000000,2024.86,2024.86,1997.25,2009.52,0,0
PLW_MV,D,20250610,000000,2012.59,2012.59,1988.04,2012.59,0,0
PLW_MV,D,20250611,000000,2012.59,2024.86,2006.45,2018.72,0,0
PLW_MV,D,20250612,000000,2003.38,2015.66,1963.5,1969.64,0,0
PLW_MV,D,20250613,000000,1972.7,2003.38,1963.5,1978.84,0,0
PLW_MV,D,20250616,000000,1978.84,1978.84,1963.5,1969.64,0,0
PLW_MV,D,20250617,000000,1963.5,1963.5,1932.82,1938.96,0,0
PLW_MV,D,20250618,000000,1929.75,1969.64,1929.75,1966.57,0,0
PLW_MV,D,20250620,000000,1963.5,1988.04,1963.5,1988.04,0,0
PLW_MV,D,20250623,000000,1988.04,1997.25,1948.16,1954.3,0,0
PLW_MV,D,20250624,000000,1981.91,1981.91,1957.36,1966.57,0,0
PLW_MV,D,20250625,000000,1966.57,1972.7,1905.21,1932.82,0,0
PLW_MV,D,20250626,000000,1957.36,1966.57,1923.62,1951.23,0,0
PLW_MV,D,20250627,000000,1932.82,1951.23,1929.75,1932.82,0,0
PLW_MV,D,20250630,000000,1951.23,1981.91,1951.23,1969.64,0,0
PLW_MV,D,20250701,000000,1969.64,1972.7,1945.09,1963.5,0,0
PLW_MV,D,20250702,000000,1963.5,1969.64,1948.16,1969.64,0,0
PLW_MV,D,20250703,000000,1969.64,1975.77,1954.3,1975.77,0,0
PLW_MV,D,20250704,000000,1981.91,1991.11,1951.23,1963.5,0,0
PLW_MV,D,20250707,000000,1986.6,1986.6,1950.3,1960.2,0,0
PLW_MV,D,20250708,000000,1970.1,1973.4,1953.6,1966.8,0,0
PLW_MV,D,20250709,000000,1973.4,1973.4,1933.8,1963.5,0,0
PLW_MV,D,20250710,000000,1970.1,1970.1,1907.4,1914,0,0
PLW_MV,D,20250711,000000,1900.8,1937.1,1900.8,1914,0,0
PLW_MV,D,20250714,000000,1914,1953.6,1874.4,1874.4,0,0
PLW_MV,D,20250715,000000,1894.2,1933.8,1877.7,1907.4,0,0
PLW_MV,D,20250716,000000,1910.7,1973.4,1904.1,1953.6,0,0
PLW_MV,D,20250717,000000,1953.6,1973.4,1917.3,1973.4,0,0
PLW_MV,D,20250718,000000,1973.4,1983.3,1923.9,1937.1,0,0
PLW_MV,D,20250721,000000,1937.1,1937.1,1914,1914,0,0
PLW_MV,D,20250722,000000,1894.2,1920.6,1857.9,1874.4,0,0
PLW_MV,D,20250723,000000,1904.1,1904.1,1864.5,1874.4,0,0
PLW_MV,D,20250724,000000,1874.4,1897.5,1834.8,1867.8,0,0
PLW_MV,D,20250725,000000,1867.8,1867.8,1834.8,1848,0,0
PLW_MV,D,20250728,000000,1854.6,1900.8,1841.4,1841.4,0,0
PLW_MV,D,20250729,000000,1848,1848,1831.5,1848,0,0
PLW_MV,D,20250730,000000,1854.6,1881,1834.8,1834.8,0,0
PLW_MV,D,20250731,000000,1857.9,1857.9,1815,1818.3,0,0
PLW_MV,D,20250801,000000,1824.9,1828.2,1775.4,1798.5,0,0
PLW_MV,D,20250804,000000,1801.8,1808.4,1765.5,1782,0,0
PLW_MV,D,20250805,000000,1791.9,1811.7,1765.5,1765.5,0,0
PLW_MV,D,20250806,000000,1782,1795.2,1775.4,1788.6,0,0
PLW_MV,D,20250807,000000,1805.1,1805.1,1778.7,1788.6,0,0
PLW_MV,D,20250808,000000,1788.6,1788.6,1775.4,1778.7,0,0
PLW_MV,D,20250811,000000,1775.4,1782,1775.4,1778.7,0,0
PLW_MV,D,20250812,000000,1782,1798.5,1768.8,1782,0,0
PLW_MV,D,20250813,000000,1782,1782,1749,1758.9,0,0
PLW_MV,D,20250814,000000,1768.8,1782,1762.2,1775.4,0,0
PLW_MV,D,20250818,000000,1782,1785.3,1765.5,1782,0,0
PLW_MV,D,20250819,000000,1782,1791.9,1775.4,1791.9,0,0
PLW_MV,D,20250820,000000,1795.2,1815,1778.7,1778.7,0,0
PLW_MV,D,20250821,000000,1801.8,1801.8,1778.7,1782,0,0
PLW_MV,D,20250822,000000,1782,1782,1749,1752.3,0,0
PLW_MV,D,20250825,000000,1752.3,1775.4,1742.4,1758.9,0,0
PLW_MV,D,20250826,000000,1775.4,1775.4,1749,1758.9,0,0
PLW_MV,D,20250827,000000,1775.4,1782,1758.9,1782,0,0
PLW_MV,D,20250828,000000,1782,1782,1762.2,1768.8,0,0
PLW_MV,D,20250829,000000,1778.7,1788.6,1752.3,1755.6,0,0
PLW_MV,D,20250901,000000,1755.6,1775.4,1752.3,1762.2,0,0
PLW_MV,D,20250902,000000,1762.2,1808.4,1755.6,1795.2,0,0
PLW_MV,D,20250903,000000,1818.3,1861.2,1801.8,1821.6,0,0
PLW_MV,D,20250904,000000,1848,1910.7,1848,1907.4,0,0
PLW_MV,D,20250905,000000,1914,1914,1871.1,1874.4,0,0
PLW_MV,D,20250908,000000,1874.4,1907.4,1867.8,1871.1,0,0
PLW_MV,D,20250909,000000,1874.4,1890.9,1828.2,1841.4,0,0
PLW_MV,D,20250910,000000,1821.6,1867.8,1815,1838.1,0,0
PLW_MV,D,20250911,000000,1871.1,1887.6,1841.4,1864.5,0,0
PLW_MV,D,20250912,000000,1874.4,1900.8,1864.5,1871.1,0,0
PLW_MV,D,20250915,000000,1864.5,1881,1838.1,1881,0,0
PLW_MV,D,20250916,000000,1881,1887.6,1851.3,1861.2,0,0
PLW_MV,D,20250917,000000,1871.1,1871.1,1834.8,1838.1,0,0
PLW_MV,D,20250918,000000,1848,1861.2,1844.7,1861.2,0,0
PLW_MV,D,20250919,000000,1857.9,1871.1,1834.8,1861.2,0,0
PLW_MV,D,20250922,000000,1857.9,1861.2,1844.7,1851.3,0,0
PLW_MV,D,20250923,000000,1867.8,1897.5,1867.8,1887.6,0,0
PLW_MV,D,20250924,000000,1884.3,1884.3,1857.9,1874.4,0,0
PLW_MV,D,20250925,000000,1874.4,1881,1857.9,1867.8,0,0
PLW_MV,D,20250926,000000,1881,1897.5,1854.6,1861.2,0,0
PLW_MV,D,20250929,000000,1874.4,1887.6,1851.3,1864.5,0,0
PLW_MV,D,20250930,000000,1871.1,1871.1,1844.7,1864.5,0,0
PLW_MV,D,20251001,000000,1864.5,1864.5,1834.8,1844.7,0,0
PLW_MV,D,20251002,000000,1848,1861.2,1841.4,1854.6,0,0
PLW_MV,D,20251003,000000,1854.6,1854.6,1841.4,1844.7,0,0
PLW_MV,D,20251006,000000,1854.6,1854.6,1805.1,1844.7,0,0
PLW_MV,D,20251007,000000,1824.9,1854.6,1815,1851.3,0,0
PLW_MV,D,20251008,000000,1848,1851.3,1831.5,1841.4,0,0
PLW_MV,D,20251009,000000,1831.5,1848,1831.5,1834.8,0,0
PLW_MV,D,20251010,000000,1844.7,1848,1824.9,1841.4,0,0
PLW_MV,D,20251013,000000,1834.8,1841.4,1824.9,1824.9,0,0
PLW_MV,D,20251014,000000,1821.6,1834.8,1818.3,1834.8,0,0
PLW_MV,D,20251015,000000,1834.8,1854.6,1821.6,1821.6,0,0
PLW_MV,D,20251016,000000,1824.9,1848,1824.9,1824.9,0,0
PLW_MV,D,20251017,000000,1834.8,1834.8,1815,1824.9,0,0
PLW_MV,D,20251020,000000,1834.8,1841.4,1811.7,1811.7,0,0
PLW_MV,D,20251021,000000,1815,1828.2,1801.8,1801.8,0,0
PLW_MV,D,20251022,000000,1798.5,1808.4,1782,1795.2,0,0
PLW_MV,D,20251023,000000,1785.3,1795.2,1765.5,1768.8,0,0
PLW_MV,D,20251024,000000,1772.1,1785.3,1762.2,1785.3,0,0
PLW_MV,D,20251027,000000,1782,1782,1755.6,1782,0,0
PLW_MV,D,20251028,000000,1782,1782,1762.2,1775.4,0,0
PLW_MV,D,20251029,000000,1762.2,1775.4,1762.2,1772.1,0,0
PLW_MV,D,20251030,000000,1775.4,1791.9,1765.5,1778.7,0,0
PLW_MV,D,20251031,000000,1778.7,1782,1762.2,1768.8,0,0
PLW_MV,D,20251103,000000,1768.8,1782,1765.5,1778.7,0,0
PLW_MV,D,20251104,000000,1772.1,1782,1755.6,1762.2,0,0
PLW_MV,D,20251105,000000,1762.2,1762.2,1749,1749,0,0
PLW_MV,D,20251106,000000,1749,1755.6,1735.8,1739.1,0,0
PLW_MV,D,20251107,000000,1732.5,1732.5,1716,1716,0,0
PLW_MV,D,20251110,000000,1702.8,1725.9,1702.8,1716,0,0
PLW_MV,D,20251112,000000,1716,1716,1706.1,1709.4,0,0
PLW_MV,D,20251113,000000,1716,1716,1699.5,1702.8,0,0
PLW_MV,D,20251114,000000,1709.4,1729.2,1696.2,1716,0,0
PLW_MV,D,20251117,000000,1716,1821.6,1709.4,1791.9,0,0
PLW_MV,D,20251118,000000,1758.9,1788.6,1732.5,1762.2,0,0
PLW_MV,D,20251119,000000,1765.5,1765.5,1742.4,1762.2,0,0
PLW_MV,D,20251120,000000,1765.5,1765.5,1725.9,1725.9,0,0
PLW_MV,D,20251121,000000,1745.7,1768.8,1706.1,1739.1,0,0
PLW_MV,D,20251124,000000,1739.1,1758.9,1699.5,1712.7,0,0
PLW_MV,D,20251125,000000,1716,1758.9,1716,1729.2,0,0
PLW_MV,D,20251126,000000,1745.7,1795.2,1722.6,1791.9,0,0
PLW_MV,D,20251127,000000,1795.2,1795.2,1775.4,1775.4,0,0
PLW_MV,D,20251128,000000,1788.6,1805.1,1758.9,1785.3,0,0
PLW_MV,D,20251201,000000,1666.5,1719.3,1666.5,1709.4,0,0
PLW_MV,D,20251202,000000,1702.8,1702.8,1656.6,1656.6,0,0
PLW_MV,D,20251203,000000,1683,1683,1646.7,1646.7,0,0
PLW_MV,D,20251204,000000,1643.4,1643.4,1541.1,1584,0,0
PLW_MV,D,20251205,000000,1570.8,1659.9,1570.8,1656.6,0,0
PLW_MV,D,20251208,000000,1646.7,1656.6,1610.4,1650,0,0
PLW_MV,D,20251209,000000,1650,1656.6,1584,1607.1,0,0
PLW_MV,D,20251210,000000,1610.4,1640.1,1597.2,1603.8,0,0
PLW_MV,D,20251211,000000,1603.8,1607.1,1580.7,1590.6,0,0
PLW_MV,D,20251212,000000,1590.6,1597.2,1564.2,1580.7,0,0
PLW_MV,D,20251215,000000,1584,1597.2,1557.6,1587.3,0,0
PLW_MV,D,20251216,000000,1584,1597.2,1544.4,1577.4,0,0
PLW_MV,D,20251217,000000,1590.6,1610.4,1567.5,1597.2,0,0
PLW_MV,D,20251218,000000,1590.6,1656.6,1590.6,1633.5,0,0
PLW_MV,D,20251219,000000,1650,1712.7,1650,1683,0,0
PLW_MV,D,20251222,000000,1683,1702.8,1650,1650,0,0
PLW_MV,D,20251223,000000,1646.7,1656.6,1617,1650,0,0
PLW_MV,D,20251229,000000,1673.1,1709.4,1656.6,1679.7,0,0
PLW_MV,D,20251230,000000,1699.5,1699.5,1673.1,1689.6,0,0
PLW_MV,D,20260102,000000,1699.5,1742.4,1699.5,1729.2,0,0
PLW_MV,D,20260105,000000,1742.4,1762.2,1735.8,1735.8,0,0
PLW_MV,D,20260107,000000,1749,1755.6,1719.3,1732.5,0,0
PLW_MV,D,20260108,000000,1752.3,1752.3,1719.3,1742.4,0,0
PLW_MV,D,20260109,000000,1742.4,1752.3,1732.5,1749,0,0
PLW_MV,D,20260112,000000,1749,1785.3,1709.4,1785.3,0,0
PLW_MV,D,20260113,000000,1795.2,1801.8,1745.7,1752.3,0,0
PLW_MV,D,20260114,000000,1785.3,1785.3,1762.2,1772.1,0,0
PLW_MV,D,20260115,000000,1775.4,1782,1752.3,1755.6,0,0
PLW_MV,D,20260116,000000,1795.2,1867.8,1795.2,1867.8,0,0
PLW_MV,D,20260119,000000,1867.8,1867.8,1808.4,1821.6,0,0
PLW_MV,D,20260120,000000,1811.7,1851.3,1795.2,1811.7,0,0
PLW_MV,D,20260121,000000,1821.6,1841.4,1791.9,1811.7,0,0
PLW_MV,D,20260122,000000,1841.4,1857.9,1821.6,1854.6,0,0
PLW_MV,D,20260123,000000,1841.4,1874.4,1841.4,1864.5,0,0
