<TICKER>,<PER>,<DATE>,<TIME>,<OPEN>,<HIGH>,<LOW>,<CLOSE>,<VOL>,<OPENINT>
SNT_PE,D,20110809,000000,33.6108,33.6108,33.6108,33.6108,0,0
SNT_PE,D,20110810,000000,39.9626,39.9626,33.0816,33.2574,0,0
SNT_PE,D,20110811,000000,36.7867,36.7867,36.7867,36.7867,0,0
SNT_PE,D,20110812,000000,39.6101,39.6101,36.7867,39.2567,0,0
SNT_PE,D,20110816,000000,39.6975,44.991,39.6975,44.991,0,0
SNT_PE,D,20110818,000000,33.6992,34.0524,33.6992,33.6992,0,0
SNT_PE,D,20110902,000000,33.3466,36.1691,33.3466,36.1691,0,0
SNT_PE,D,20110905,000000,36.1691,36.1691,36.1691,36.1691,0,0
SNT_PE,D,20110906,000000,36.1691,36.1691,36.1691,36.1691,0,0
SNT_PE,D,20110907,000000,34.9351,40.2276,34.9351,40.2276,0,0
SNT_PE,D,20110908,000000,38.6392,38.6392,37.7576,37.7576,0,0
SNT_PE,D,20110909,000000,38.1101,39.6101,33.8749,33.8749,0,0
SNT_PE,D,20110912,000000,35.9934,36.0808,31.5825,36.0808,0,0
SNT_PE,D,20110913,000000,34.1399,35.7283,34.1399,35.7283,0,0
SNT_PE,D,20110915,000000,34.0524,36.9633,34.0524,36.9633,0,0
SNT_PE,D,20110919,000000,35.7283,35.7283,35.7283,35.7283,0,0
SNT_PE,D,20110920,000000,35.5526,35.7283,35.5526,35.7283,0,0
SNT_PE,D,20110921,000000,35.2866,35.2866,32.4641,33.5224,0,0
SNT_PE,D,20110922,000000,33.1709,33.1709,33.0816,33.0816,0,0
SNT_PE,D,20110923,000000,34.3167,34.67,34.3167,34.67,0,0
SNT_PE,D,20110926,000000,34.67,38.7276,34.3167,38.6392,0,0
SNT_PE,D,20110927,000000,38.6392,38.7276,37.6683,37.7576,0,0
SNT_PE,D,20110928,000000,35.9041,37.14,34.67,37.14,0,0
SNT_PE,D,20110929,000000,34.3167,37.14,32.8165,37.14,0,0
SNT_PE,D,20110930,000000,37.14,37.14,37.14,37.14,0,0
SNT_PE,D,20111003,000000,37.14,37.14,37.14,37.14,0,0
SNT_PE,D,20111004,000000,35.1107,37.14,34.0524,37.14,0,0
SNT_PE,D,20111005,000000,37.0508,37.14,37.0508,37.14,0,0
SNT_PE,D,20111006,000000,37.7576,37.7576,37.14,37.14,0,0
SNT_PE,D,20111007,000000,37.7576,37.7576,37.7576,37.7576,0,0
SNT_PE,D,20111010,000000,37.4925,41.8152,37.4925,41.8152,0,0
SNT_PE,D,20111011,000000,41.551,41.551,40.2276,41.4617,0,0
SNT_PE,D,20111012,000000,41.8152,41.8152,40.2276,40.2276,0,0
SNT_PE,D,20111013,000000,40.2276,40.2276,40.2276,40.2276,0,0
SNT_PE,D,20111014,000000,40.8442,40.8442,40.6684,40.6684,0,0
SNT_PE,D,20111017,000000,40.4918,40.4918,40.4918,40.4918,0,0
SNT_PE,D,20111018,000000,40.4918,40.4918,40.4918,40.4918,0,0
SNT_PE,D,20111019,000000,40.4918,40.4918,40.4918,40.4918,0,0
SNT_PE,D,20111020,000000,40.4918,40.4918,40.4918,40.4918,0,0
SNT_PE,D,20111021,000000,40.4918,40.4918,40.4918,40.4918,0,0
SNT_PE,D,20111024,000000,40.2276,40.4918,40.2276,40.4918,0,0
SNT_PE,D,20111025,000000,40.2276,40.2276,40.2276,40.2276,0,0
SNT_PE,D,20111026,000000,40.2276,40.2276,40.2276,40.2276,0,0
SNT_PE,D,20111027,000000,40.2276,40.2276,40.2276,40.2276,0,0
SNT_PE,D,20111028,000000,40.2276,40.2276,40.2276,40.2276,0,0
SNT_PE,D,20111031,000000,40.2276,40.2276,40.2276,40.2276,0,0
SNT_PE,D,20111103,000000,40.2276,43.0502,40.2276,43.0502,0,0
SNT_PE,D,20111104,000000,43.0502,43.0502,43.0502,43.0502,0,0
SNT_PE,D,20111107,000000,43.0502,43.0502,41.1977,41.4617,0,0
SNT_PE,D,20111108,000000,41.4617,41.8152,41.4617,41.8152,0,0
SNT_PE,D,20111109,000000,41.8152,42.1686,41.8152,42.0792,0,0
SNT_PE,D,20111110,000000,42.0792,42.4336,42.0792,42.4336,0,0
SNT_PE,D,20111114,000000,42.4336,42.4336,42.4336,42.4336,0,0
SNT_PE,D,20111115,000000,42.4336,42.4336,42.3443,42.4336,0,0
SNT_PE,D,20111116,000000,42.4336,42.4336,42.3443,42.3443,0,0
SNT_PE,D,20111117,000000,42.2559,42.2559,42.2559,42.2559,0,0
SNT_PE,D,20111118,000000,42.2559,42.2559,42.2559,42.2559,0,0
SNT_PE,D,20111121,000000,42.9618,42.9618,42.7861,42.8744,0,0
SNT_PE,D,20111122,000000,43.0502,44.1085,37.5818,37.5818,0,0
SNT_PE,D,20111123,000000,37.7576,37.7576,37.6683,37.6683,0,0
SNT_PE,D,20111124,000000,37.6683,37.6683,37.6683,37.6683,0,0
SNT_PE,D,20111125,000000,37.6683,37.6683,37.6683,37.6683,0,0
SNT_PE,D,20111128,000000,37.5818,37.6683,37.5818,37.6683,0,0
SNT_PE,D,20111129,000000,37.6683,37.6683,37.6683,37.6683,0,0
SNT_PE,D,20111130,000000,37.7576,37.7576,37.6683,37.6683,0,0
SNT_PE,D,20111201,000000,37.6683,37.6683,36.0808,36.0808,0,0
SNT_PE,D,20111202,000000,36.0808,36.0808,36.0808,36.0808,0,0
SNT_PE,D,20111205,000000,35.9934,35.9934,35.9934,35.9934,0,0
SNT_PE,D,20111206,000000,35.9041,35.9934,35.9041,35.9934,0,0
SNT_PE,D,20111207,000000,35.9934,35.9934,35.9934,35.9934,0,0
SNT_PE,D,20111209,000000,35.9041,35.9041,35.8166,35.8166,0,0
SNT_PE,D,20111212,000000,35.5526,35.9934,35.5526,35.9934,0,0
SNT_PE,D,20111213,000000,36.1691,36.1691,36.0808,36.0808,0,0
SNT_PE,D,20111214,000000,36.0808,36.7867,36.0808,36.7867,0,0
SNT_PE,D,20111215,000000,36.875,36.875,36.875,36.875,0,0
SNT_PE,D,20111216,000000,36.875,36.875,36.875,36.875,0,0
SNT_PE,D,20111219,000000,36.6109,38.6392,36.6109,38.6392,0,0
SNT_PE,D,20111220,000000,37.5818,37.7576,36.875,37.7576,0,0
SNT_PE,D,20111221,000000,39.4325,39.4325,37.5818,37.5818,0,0
SNT_PE,D,20111223,000000,37.4925,37.4925,37.4925,37.4925,0,0
SNT_PE,D,20120103,000000,37.4925,44.0211,37.4925,44.0211,0,0
SNT_PE,D,20120104,000000,44.0211,44.0211,43.4036,43.4036,0,0
SNT_PE,D,20120105,000000,43.4036,43.4036,43.4036,43.4036,0,0
SNT_PE,D,20120110,000000,43.4036,43.4036,43.4036,43.4036,0,0
SNT_PE,D,20120111,000000,43.4036,43.4036,43.4036,43.4036,0,0
SNT_PE,D,20120112,000000,43.4036,43.4036,43.4036,43.4036,0,0
SNT_PE,D,20120113,000000,43.4036,44.1978,43.4036,44.1978,0,0
SNT_PE,D,20120116,000000,46.5795,48.0786,46.5795,48.0786,0,0
SNT_PE,D,20120118,000000,47.197,48.1669,46.4902,46.4902,0,0
SNT_PE,D,20120119,000000,48.3436,48.3436,48.3436,48.3436,0,0
SNT_PE,D,20120120,000000,47.7261,47.7261,46.4902,46.4902,0,0
SNT_PE,D,20120123,000000,47.1077,47.1077,46.2261,46.2261,0,0
SNT_PE,D,20120124,000000,46.2261,46.2261,46.2261,46.2261,0,0
SNT_PE,D,20120125,000000,46.2261,46.2261,46.2261,46.2261,0,0
SNT_PE,D,20120126,000000,44.991,46.2261,44.991,46.1377,0,0
SNT_PE,D,20120127,000000,46.1377,46.1377,46.1377,46.1377,0,0
SNT_PE,D,20120130,000000,46.1377,46.1377,46.1377,46.1377,0,0
SNT_PE,D,20120131,000000,46.1377,46.1377,46.1377,46.1377,0,0
SNT_PE,D,20120201,000000,46.0494,46.1377,46.0494,46.1377,0,0
SNT_PE,D,20120202,000000,46.1377,46.1377,46.1377,46.1377,0,0
SNT_PE,D,20120203,000000,45.9619,45.9619,45.8727,45.8727,0,0
SNT_PE,D,20120206,000000,46.0494,46.1377,44.1978,45.8727,0,0
SNT_PE,D,20120207,000000,45.6086,45.6086,45.5211,45.5211,0,0
SNT_PE,D,20120208,000000,45.8727,45.8727,44.5503,44.6395,0,0
SNT_PE,D,20120209,000000,44.3735,44.3735,43.5794,43.5794,0,0
SNT_PE,D,20120210,000000,44.6395,44.6395,44.6395,44.6395,0,0
SNT_PE,D,20120213,000000,43.8434,43.8434,43.8434,43.8434,0,0
SNT_PE,D,20120214,000000,43.8434,43.8434,43.8434,43.8434,0,0
SNT_PE,D,20120215,000000,43.8434,44.6395,43.8434,44.6395,0,0
SNT_PE,D,20120216,000000,44.6395,46.4902,44.6395,44.991,0,0
SNT_PE,D,20120217,000000,46.5795,46.5795,44.991,44.991,0,0
SNT_PE,D,20130529,000000,48.0786,48.0786,48.0786,48.0786,0,0
SNT_PE,D,20130531,000000,48.1669,48.1669,48.0786,48.0786,0,0
SNT_PE,D,20130603,000000,46.6669,46.6669,46.6669,46.6669,0,0
SNT_PE,D,20130604,000000,46.6669,46.6669,46.6669,46.6669,0,0
SNT_PE,D,20130605,000000,46.6669,49.6662,44.8153,49.6662,0,0
SNT_PE,D,20130607,000000,49.3136,49.3136,46.6669,48.5195,0,0
SNT_PE,D,20130610,000000,49.2262,49.3136,49.2262,49.3136,0,0
SNT_PE,D,20130611,000000,48.6087,49.3136,48.6087,49.3136,0,0
SNT_PE,D,20130612,000000,49.3136,49.3136,49.3136,49.3136,0,0
SNT_PE,D,20130613,000000,49.3136,50.4602,49.3136,50.4602,0,0
SNT_PE,D,20130614,000000,50.4602,50.4602,50.4602,50.4602,0,0
SNT_PE,D,20130617,000000,50.4602,50.4602,50.4602,50.4602,0,0
SNT_PE,D,20130618,000000,50.4602,50.4602,48.9612,50.2836,0,0
SNT_PE,D,20130619,000000,50.4602,50.4602,47.5494,50.4602,0,0
SNT_PE,D,20130620,000000,50.4602,50.4602,45.6086,48.9612,0,0
SNT_PE,D,20130621,000000,50.3728,50.3728,50.3728,50.3728,0,0
SNT_PE,D,20130624,000000,49.4019,49.4019,46.1377,49.4019,0,0
SNT_PE,D,20130625,000000,49.4019,49.4019,49.4019,49.4019,0,0
SNT_PE,D,20130626,000000,50.1078,50.1078,50.1078,50.1078,0,0
SNT_PE,D,20130627,000000,50.0195,50.0195,50.0195,50.0195,0,0
SNT_PE,D,20130628,000000,50.0195,50.0195,50.0195,50.0195,0,0
SNT_PE,D,20130701,000000,50.0195,50.0195,50.0195,50.0195,0,0
SNT_PE,D,20130702,000000,50.1078,50.1078,45.1678,47.4611,0,0
SNT_PE,D,20130703,000000,45.6086,48.3436,44.8153,47.4611,0,0
SNT_PE,D,20130705,000000,47.2845,47.2845,47.2845,47.2845,0,0
SNT_PE,D,20130709,000000,45.7853,47.197,45.7853,47.1077,0,0
SNT_PE,D,20130712,000000,44.8153,47.1077,44.8153,47.1077,0,0
SNT_PE,D,20130715,000000,47.1077,47.1077,47.1077,47.1077,0,0
SNT_PE,D,20130716,000000,46.6669,46.6669,46.6669,46.6669,0,0
SNT_PE,D,20130717,000000,49.5787,49.5787,44.0211,47.2845,0,0
SNT_PE,D,20130718,000000,49.6662,49.6662,47.2845,47.2845,0,0
SNT_PE,D,20130719,000000,49.3136,49.3136,49.3136,49.3136,0,0
SNT_PE,D,20130722,000000,49.3136,49.3136,45.9619,45.9619,0,0
SNT_PE,D,20130723,000000,49.3136,49.3136,44.0211,47.1077,0,0
SNT_PE,D,20130724,000000,44.0211,44.8153,44.0211,44.8153,0,0
SNT_PE,D,20130725,000000,49.3136,49.3136,44.8153,45.0794,0,0
SNT_PE,D,20130726,000000,47.3727,47.3727,47.3727,47.3727,0,0
SNT_PE,D,20130729,000000,49.5787,49.5787,49.5787,49.5787,0,0
SNT_PE,D,20130730,000000,49.5787,49.5787,49.5787,49.5787,0,0
SNT_PE,D,20130731,000000,49.5787,49.5787,49.5787,49.5787,0,0
SNT_PE,D,20130801,000000,49.9311,49.9311,45.0794,48.7844,0,0
SNT_PE,D,20130802,000000,48.7844,48.7844,46.8445,46.8445,0,0
SNT_PE,D,20130805,000000,49.9311,49.9311,48.7844,48.8719,0,0
SNT_PE,D,20130806,000000,49.5787,49.5787,47.0202,47.0202,0,0
SNT_PE,D,20130807,000000,47.902,48.5195,47.0202,48.5195,0,0
SNT_PE,D,20130808,000000,49.5787,49.5787,46.932,49.3136,0,0
SNT_PE,D,20130809,000000,49.5787,54.0771,48.9612,50.4602,0,0
SNT_PE,D,20130812,000000,49.137,51.7836,49.137,51.7836,0,0
SNT_PE,D,20130813,000000,52.5779,52.5779,52.5779,52.5779,0,0
SNT_PE,D,20130814,000000,52.2254,52.2254,52.2254,52.2254,0,0
SNT_PE,D,20130819,000000,49.137,52.2254,49.137,52.2254,0,0
SNT_PE,D,20130820,000000,50.7253,50.7253,50.7253,50.7253,0,0
SNT_PE,D,20130822,000000,49.2262,49.2262,49.2262,49.2262,0,0
SNT_PE,D,20130827,000000,47.2845,48.8719,25.2307,25.2307,0,0
SNT_PE,D,20130828,000000,24.4364,25.2307,24.4364,25.2307,0,0
SNT_PE,D,20130902,000000,24.4364,24.4364,24.4364,24.4364,0,0
SNT_PE,D,20130903,000000,24.5248,24.7888,24.5248,24.7888,0,0
SNT_PE,D,20130904,000000,26.9948,26.9948,26.0238,26.0238,0,0
SNT_PE,D,20130905,000000,24.4364,24.4364,24.2597,24.2597,0,0
SNT_PE,D,20130906,000000,24.2597,26.2006,24.2597,26.2006,0,0
SNT_PE,D,20130909,000000,26.9948,26.9948,25.2307,26.9948,0,0
SNT_PE,D,20130910,000000,26.9948,27.8774,26.9948,27.789,0,0
SNT_PE,D,20130911,000000,27.789,27.789,26.2006,26.2006,0,0
SNT_PE,D,20130912,000000,27.8774,27.8774,26.2006,27.1715,0,0
SNT_PE,D,20130913,000000,27.1715,27.1715,25.4063,26.3773,0,0
SNT_PE,D,20130916,000000,26.7307,26.7307,26.3773,26.3773,0,0
SNT_PE,D,20130917,000000,26.2889,26.3773,26.2006,26.2006,0,0
SNT_PE,D,20130918,000000,27.1715,27.1715,25.8482,26.2006,0,0
SNT_PE,D,20130919,000000,26.2006,26.3773,26.2006,26.3773,0,0
SNT_PE,D,20130920,000000,27.1715,27.1715,26.3773,26.3773,0,0
SNT_PE,D,20130923,000000,27.1715,27.1715,26.2006,26.2006,0,0
SNT_PE,D,20130924,000000,27.1715,27.1715,27.0822,27.0822,0,0
SNT_PE,D,20130925,000000,27.1715,27.1715,27.1715,27.1715,0,0
SNT_PE,D,20130926,000000,26.2006,27.1715,26.2006,27.1715,0,0
SNT_PE,D,20130927,000000,27.1715,27.1715,27.1715,27.1715,0,0
SNT_PE,D,20130930,000000,26.9948,26.9948,26.7307,26.9948,0,0
SNT_PE,D,20131001,000000,27.1715,27.1715,26.3773,27.1715,0,0
SNT_PE,D,20131002,000000,27.1715,27.1715,26.3773,27.1715,0,0
SNT_PE,D,20131003,000000,30.3465,32.3758,29.1124,30.1708,0,0
SNT_PE,D,20131004,000000,31.2281,31.2281,28.6706,29.1124,0,0
SNT_PE,D,20131007,000000,30.0824,30.0824,28.3182,28.9358,0,0
SNT_PE,D,20131008,000000,28.3182,29.3775,28.3182,29.3775,0,0
SNT_PE,D,20131009,000000,30.0824,30.0824,27.8774,29.1124,0,0
SNT_PE,D,20131010,000000,29.1124,29.1124,27.2589,28.0531,0,0
SNT_PE,D,20131011,000000,27.3482,28.0531,27.2589,27.524,0,0
SNT_PE,D,20131014,000000,27.4356,29.7289,27.4356,27.524,0,0
SNT_PE,D,20131015,000000,27.6997,28.6706,27.6997,28.4949,0,0
SNT_PE,D,20131016,000000,28.5823,28.6706,28.5823,28.6706,0,0
SNT_PE,D,20131017,000000,29.1998,29.1998,28.2299,29.1124,0,0
SNT_PE,D,20131018,000000,29.7289,29.7289,28.4056,28.4056,0,0
SNT_PE,D,20131021,000000,29.1124,29.1124,28.3182,28.3182,0,0
SNT_PE,D,20131022,000000,28.3182,29.2882,28.3182,29.1998,0,0
SNT_PE,D,20131023,000000,29.3775,29.3775,28.4056,28.9358,0,0
SNT_PE,D,20131024,000000,29.3775,30.8766,29.3775,30.8766,0,0
SNT_PE,D,20131025,000000,30.8766,31.0524,30.6106,31.0524,0,0
SNT_PE,D,20131028,000000,32.0234,32.9933,32.0234,32.3758,0,0
SNT_PE,D,20131029,000000,33.1709,33.1709,32.3758,32.8165,0,0
SNT_PE,D,20131030,000000,32.9933,32.9933,32.5525,32.5525,0,0
SNT_PE,D,20131031,000000,32.6409,32.7291,32.0234,32.7291,0,0
SNT_PE,D,20131104,000000,35.9041,35.9041,33.6108,35.5526,0,0
SNT_PE,D,20131105,000000,35.4633,35.4633,33.4341,33.4341,0,0
SNT_PE,D,20131106,000000,34.405,34.405,33.3466,33.3466,0,0
SNT_PE,D,20131107,000000,33.4341,33.4341,31.6699,33.1709,0,0
SNT_PE,D,20131108,000000,33.5224,35.2866,33.3466,34.7575,0,0
SNT_PE,D,20131112,000000,34.1399,36.9633,34.1399,35.9041,0,0
SNT_PE,D,20131113,000000,37.845,37.845,35.0216,36.6993,0,0
SNT_PE,D,20131114,000000,36.6109,36.6109,16.7613,16.7613,0,0
SNT_PE,D,20131115,000000,16.4088,16.9379,16.4088,16.6729,0,0
SNT_PE,D,20131118,000000,16.6729,17.6438,16.5845,17.202,0,0
SNT_PE,D,20131119,000000,17.4671,17.4671,16.5845,16.7613,0,0
SNT_PE,D,20131120,000000,16.7613,16.7613,16.5845,16.7613,0,0
SNT_PE,D,20131121,000000,16.7613,16.7613,15.967,16.0554,0,0
SNT_PE,D,20131122,000000,16.0554,16.1446,14.997,15.6145,0,0
SNT_PE,D,20131125,000000,15.6145,16.4971,15.6145,16.4088,0,0
SNT_PE,D,20131126,000000,17.2913,17.2913,16.232,16.5845,0,0
SNT_PE,D,20131127,000000,16.4088,16.5845,16.232,16.5845,0,0
SNT_PE,D,20131128,000000,16.3204,16.5845,16.3204,16.5845,0,0
SNT_PE,D,20131129,000000,16.5845,17.1146,16.4971,16.4971,0,0
SNT_PE,D,20131202,000000,16.4088,17.2913,16.4088,17.1146,0,0
SNT_PE,D,20131203,000000,17.1146,17.1146,16.4971,17.0263,0,0
SNT_PE,D,20131204,000000,16.4971,17.1146,16.4971,16.8495,0,0
SNT_PE,D,20131205,000000,16.8495,16.8495,16.5845,16.5845,0,0
SNT_PE,D,20131206,000000,16.5845,16.7613,16.4971,16.7613,0,0
SNT_PE,D,20131209,000000,16.7613,16.7613,16.6729,16.7613,0,0
SNT_PE,D,20131210,000000,16.6729,16.6729,16.5845,16.5845,0,0
SNT_PE,D,20131211,000000,16.6729,17.0263,16.4971,17.0263,0,0
SNT_PE,D,20131212,000000,17.0263,17.1146,16.232,16.8495,0,0
SNT_PE,D,20131213,000000,17.0263,17.0263,16.7613,17.0263,0,0
SNT_PE,D,20131216,000000,17.0263,17.0263,16.5845,17.0263,0,0
SNT_PE,D,20131217,000000,17.0263,17.5554,17.0263,17.5554,0,0
SNT_PE,D,20131218,000000,17.5554,17.5554,17.202,17.202,0,0
SNT_PE,D,20131219,000000,17.4671,17.4671,16.9379,17.0263,0,0
SNT_PE,D,20131220,000000,16.5845,17.202,16.5845,16.8495,0,0
SNT_PE,D,20131223,000000,17.202,17.5554,17.202,17.5554,0,0
SNT_PE,D,20131227,000000,17.5554,18.7905,17.3788,18.1729,0,0
SNT_PE,D,20131230,000000,18.0846,18.8788,18.0846,18.5263,0,0
SNT_PE,D,20140102,000000,18.7905,22.5838,18.7905,21.4372,0,0
SNT_PE,D,20140103,000000,21.1721,22.3197,21.0839,21.0839,0,0
SNT_PE,D,20140107,000000,20.0255,20.9955,20.0255,20.9955,0,0
SNT_PE,D,20140108,000000,20.378,20.642,19.673,20.0255,0,0
SNT_PE,D,20140109,000000,19.408,20.9955,19.408,20.7313,0,0
SNT_PE,D,20140110,000000,20.9955,20.9955,19.2313,19.8489,0,0
SNT_PE,D,20140113,000000,19.8489,20.2013,19.8489,20.2013,0,0
SNT_PE,D,20140114,000000,20.378,20.378,20.378,20.378,0,0
SNT_PE,D,20140115,000000,20.378,20.378,19.8489,20.0255,0,0
SNT_PE,D,20140116,000000,20.0255,20.0255,19.938,19.938,0,0
SNT_PE,D,20140117,000000,19.8489,19.8489,19.2313,19.7614,0,0
SNT_PE,D,20140120,000000,20.2013,20.2013,19.4963,20.0255,0,0
SNT_PE,D,20140121,000000,20.2013,20.2013,19.408,19.408,0,0
SNT_PE,D,20140122,000000,19.5837,19.5837,18.9662,18.9662,0,0
SNT_PE,D,20140123,000000,19.1438,24.8772,18.9662,24.8772,0,0
SNT_PE,D,20140124,000000,24.9665,25.2307,24.6122,25.2307,0,0
SNT_PE,D,20140127,000000,25.1423,25.1423,23.5547,25.0529,0,0
SNT_PE,D,20140128,000000,25.0529,25.7598,25.0529,25.7598,0,0
SNT_PE,D,20140129,000000,26.1132,26.1132,25.7598,25.7598,0,0
SNT_PE,D,20140130,000000,25.7598,25.7598,25.4947,25.7598,0,0
SNT_PE,D,20140131,000000,25.7598,27.3482,25.7598,27.3482,0,0
SNT_PE,D,20140203,000000,27.524,27.9648,27.3482,27.9648,0,0
SNT_PE,D,20140204,000000,27.4356,27.524,26.9948,27.4356,0,0
SNT_PE,D,20140205,000000,27.4356,27.4356,26.9065,27.3482,0,0
SNT_PE,D,20140206,000000,27.3482,27.524,26.554,27.2589,0,0
SNT_PE,D,20140207,000000,27.3482,27.524,26.9948,27.4356,0,0
SNT_PE,D,20140210,000000,27.524,27.524,27.2589,27.524,0,0
SNT_PE,D,20140211,000000,27.524,27.524,26.9948,26.9948,0,0
SNT_PE,D,20140212,000000,27.3482,27.524,27.2589,27.524,0,0
SNT_PE,D,20140213,000000,27.524,27.524,27.2589,27.4356,0,0
SNT_PE,D,20140214,000000,27.524,27.524,27.2589,27.524,0,0
SNT_PE,D,20140217,000000,27.524,27.524,27.4356,27.524,0,0
SNT_PE,D,20140218,000000,27.524,27.524,27.2589,27.2589,0,0
SNT_PE,D,20140219,000000,27.524,27.524,21.0839,21.0839,0,0
SNT_PE,D,20140220,000000,21.0839,21.0839,20.908,20.9955,0,0
SNT_PE,D,20140221,000000,21.2604,22.1431,21.2604,21.613,0,0
SNT_PE,D,20140224,000000,21.7896,21.8779,21.4372,21.4372,0,0
SNT_PE,D,20140225,000000,21.613,21.613,21.2604,21.2604,0,0
SNT_PE,D,20140226,000000,21.3488,21.4372,20.908,21.2604,0,0
SNT_PE,D,20140227,000000,20.8197,21.4372,20.8197,21.4372,0,0
SNT_PE,D,20140228,000000,21.7022,21.7022,21.4372,21.7022,0,0
SNT_PE,D,20140303,000000,21.2604,21.2604,17.9088,21.0839,0,0
SNT_PE,D,20140304,000000,20.9955,21.7022,20.9955,21.7022,0,0
SNT_PE,D,20140305,000000,21.7896,22.0547,21.613,21.613,0,0
SNT_PE,D,20140306,000000,21.7896,23.7305,21.7896,23.6421,0,0
SNT_PE,D,20140307,000000,24.1713,24.7014,23.9946,23.9946,0,0
SNT_PE,D,20140310,000000,24.349,24.9665,23.9946,24.8772,0,0
SNT_PE,D,20140311,000000,24.9665,24.9665,23.2888,23.5547,0,0
SNT_PE,D,20140312,000000,23.5547,24.6122,21.3488,21.8779,0,0
SNT_PE,D,20140313,000000,21.8779,22.9372,21.8779,22.1431,0,0
SNT_PE,D,20140314,000000,21.9663,21.9663,21.0839,21.2604,0,0
SNT_PE,D,20140317,000000,21.2604,22.5838,21.2604,22.1431,0,0
SNT_PE,D,20140318,000000,21.9663,22.1431,21.5247,21.7022,0,0
SNT_PE,D,20140319,000000,22.3197,22.3197,21.5247,21.9663,0,0
SNT_PE,D,20140320,000000,22.2305,22.4062,21.7022,22.0547,0,0
SNT_PE,D,20140321,000000,22.1431,22.3197,21.2604,22.1431,0,0
SNT_PE,D,20140324,000000,22.0547,22.1431,21.2604,21.2604,0,0
SNT_PE,D,20140325,000000,21.2604,21.2604,21.1721,21.2604,0,0
SNT_PE,D,20140326,000000,21.2604,21.2604,20.9955,21.2604,0,0
SNT_PE,D,20140327,000000,21.2604,21.2604,20.378,21.2604,0,0
SNT_PE,D,20140328,000000,21.2604,21.2604,20.908,21.2604,0,0
SNT_PE,D,20140331,000000,21.2604,22.4062,21.2604,22.4062,0,0
SNT_PE,D,20140401,000000,22.3197,22.4062,21.7022,22.1431,0,0
SNT_PE,D,20140402,000000,22.1431,22.1431,21.2604,22.1431,0,0
SNT_PE,D,20140403,000000,22.1431,22.1431,21.2604,21.5247,0,0
SNT_PE,D,20140404,000000,21.5247,21.5247,20.642,21.5247,0,0
SNT_PE,D,20140407,000000,21.2604,21.4372,20.4664,20.4664,0,0
SNT_PE,D,20140408,000000,20.642,21.2604,20.642,21.2604,0,0
SNT_PE,D,20140409,000000,21.2604,21.2604,20.4664,21.0839,0,0
SNT_PE,D,20140410,000000,20.5555,21.1721,20.378,21.1721,0,0
SNT_PE,D,20140411,000000,21.2604,21.2604,20.9955,21.2604,0,0
SNT_PE,D,20140414,000000,21.2604,21.2604,20.9955,21.2604,0,0
SNT_PE,D,20140415,000000,21.2604,22.1431,21.0839,22.1431,0,0
SNT_PE,D,20140416,000000,22.1431,22.1431,21.3488,21.9663,0,0
SNT_PE,D,20140417,000000,22.0547,22.1431,21.3488,22.1431,0,0
SNT_PE,D,20140422,000000,22.1431,23.7305,22.1431,22.5838,0,0
SNT_PE,D,20140423,000000,23.113,23.4665,21.9663,22.5838,0,0
SNT_PE,D,20140424,000000,21.7022,23.0246,21.7022,22.1431,0,0
SNT_PE,D,20140425,000000,22.3197,22.3197,21.3488,22.0547,0,0
SNT_PE,D,20140428,000000,22.3197,22.3197,21.0839,22.3197,0,0
SNT_PE,D,20140429,000000,22.2305,22.9372,21.7022,22.5838,0,0
SNT_PE,D,20140430,000000,22.5838,22.9372,22.4062,22.9372,0,0
SNT_PE,D,20140502,000000,23.0246,23.0246,21.9663,22.7606,0,0
SNT_PE,D,20140505,000000,22.6722,22.6722,22.1431,22.5838,0,0
SNT_PE,D,20140506,000000,22.7606,22.7606,21.9663,22.4062,0,0
SNT_PE,D,20140507,000000,22.4062,22.4062,21.7022,21.7896,0,0
SNT_PE,D,20140508,000000,22.1431,22.1431,21.3488,21.9663,0,0
SNT_PE,D,20140509,000000,21.9663,22.5838,21.2604,22.5838,0,0
SNT_PE,D,20140512,000000,22.4955,22.4955,21.3488,21.9663,0,0
SNT_PE,D,20140513,000000,22.1431,22.1431,21.3488,22.0547,0,0
SNT_PE,D,20140514,000000,22.0547,22.0547,21.4372,21.7022,0,0
SNT_PE,D,20140515,000000,20.9955,21.2604,20.2905,21.2604,0,0
SNT_PE,D,20140516,000000,21.4372,21.4372,20.4664,21.2604,0,0
SNT_PE,D,20140519,000000,20.8197,20.8197,19.938,20.378,0,0
SNT_PE,D,20140520,000000,20.4664,20.4664,19.3196,19.938,0,0
SNT_PE,D,20140521,000000,19.938,20.378,19.5837,20.378,0,0
SNT_PE,D,20140522,000000,20.378,21.1721,20.0255,20.8197,0,0
SNT_PE,D,20140523,000000,21.0839,21.0839,19.4963,20.642,0,0
SNT_PE,D,20140526,000000,20.7313,20.8197,19.7614,20.642,0,0
SNT_PE,D,20140527,000000,19.938,21.2604,19.938,21.2604,0,0
SNT_PE,D,20140528,000000,20.8197,21.2604,20.2013,21.0839,0,0
SNT_PE,D,20140529,000000,21.1721,21.1721,20.2013,20.8197,0,0
SNT_PE,D,20140530,000000,20.8197,20.9955,20.378,20.908,0,0
SNT_PE,D,20140602,000000,20.908,20.908,20.1138,20.5555,0,0
SNT_PE,D,20140603,000000,19.938,20.7313,19.938,20.7313,0,0
SNT_PE,D,20140604,000000,20.7313,20.7313,19.4963,20.378,0,0
SNT_PE,D,20140605,000000,20.378,20.5555,19.938,20.5555,0,0
SNT_PE,D,20140606,000000,20.4664,20.5555,19.8489,20.5555,0,0
SNT_PE,D,20140609,000000,20.4664,20.4664,19.5837,20.378,0,0
SNT_PE,D,20140610,000000,19.938,19.938,19.938,19.938,0,0
SNT_PE,D,20140611,000000,19.5837,20.378,19.1438,20.378,0,0
SNT_PE,D,20140612,000000,20.378,20.378,19.1438,19.4963,0,0
SNT_PE,D,20140613,000000,19.7614,19.7614,18.8788,19.5837,0,0
SNT_PE,D,20140616,000000,19.5837,19.673,19.1438,19.673,0,0
SNT_PE,D,20140617,000000,19.673,20.1138,19.0555,20.1138,0,0
SNT_PE,D,20140618,000000,20.0255,20.0255,19.4963,19.938,0,0
SNT_PE,D,20140620,000000,19.5837,20.8197,19.5837,20.2905,0,0
SNT_PE,D,20140623,000000,20.908,20.908,20.1138,20.8197,0,0
SNT_PE,D,20140624,000000,20.908,20.9955,19.8489,20.378,0,0
SNT_PE,D,20140625,000000,20.378,20.378,20.0255,20.378,0,0
SNT_PE,D,20140626,000000,20.378,20.378,19.4963,20.378,0,0
SNT_PE,D,20140627,000000,20.378,20.378,19.4963,20.2905,0,0
SNT_PE,D,20140630,000000,20.2905,20.2905,19.8489,20.1138,0,0
SNT_PE,D,20140701,000000,20.0255,20.1138,19.408,20.1138,0,0
SNT_PE,D,20140702,000000,19.8489,20.1138,19.2313,20.1138,0,0
SNT_PE,D,20140707,000000,19.673,19.673,19.2313,19.5837,0,0
SNT_PE,D,20140708,000000,19.5837,19.673,19.2313,19.5837,0,0
SNT_PE,D,20140709,000000,19.4963,19.4963,18.9662,19.1438,0,0
SNT_PE,D,20140710,000000,19.0555,19.2313,18.7905,18.8788,0,0
SNT_PE,D,20140711,000000,18.8788,19.1438,18.8788,19.1438,0,0
SNT_PE,D,20140714,000000,19.1438,19.1438,18.9662,18.9662,0,0
SNT_PE,D,20140715,000000,19.1438,19.3196,18.8788,19.2313,0,0
SNT_PE,D,20140716,000000,19.2313,19.5837,19.2313,19.5837,0,0
SNT_PE,D,20140717,000000,19.5837,19.938,19.1438,19.1438,0,0
SNT_PE,D,20140718,000000,19.1438,19.1438,18.3497,19.0555,0,0
SNT_PE,D,20140721,000000,19.1438,19.1438,19.1438,19.1438,0,0
SNT_PE,D,20140722,000000,19.1438,19.1438,18.4371,19.1438,0,0
SNT_PE,D,20140723,000000,18.6138,19.1438,18.6138,19.1438,0,0
SNT_PE,D,20140724,000000,18.7021,18.7021,17.4671,18.7021,0,0
SNT_PE,D,20140725,000000,18.2613,18.7021,17.8196,18.7021,0,0
SNT_PE,D,20140728,000000,18.7021,18.7021,18.2613,18.7021,0,0
SNT_PE,D,20140729,000000,18.7021,18.7021,18.7021,18.7021,0,0
SNT_PE,D,20140730,000000,18.7021,18.7905,18.1729,18.7021,0,0
SNT_PE,D,20140731,000000,18.6138,18.7021,18.5263,18.6138,0,0
SNT_PE,D,20140801,000000,18.7021,18.7021,18.5263,18.7021,0,0
SNT_PE,D,20140804,000000,18.7021,18.7021,18.5263,18.7021,0,0
SNT_PE,D,20140805,000000,19.1438,19.1438,18.4371,19.0555,0,0
SNT_PE,D,20140806,000000,19.0555,19.0555,18.2613,19.0555,0,0
SNT_PE,D,20140807,000000,19.0555,19.0555,18.3497,19.0555,0,0
SNT_PE,D,20140808,000000,19.0555,19.0555,17.9963,18.3497,0,0
SNT_PE,D,20140811,000000,17.3788,18.7021,17.1146,18.5263,0,0
SNT_PE,D,20140812,000000,18.5263,18.5263,17.3788,18.2613,0,0
SNT_PE,D,20140813,000000,17.8196,18.2613,17.8196,18.2613,0,0
SNT_PE,D,20140814,000000,18.2613,18.6138,18.1729,18.6138,0,0
SNT_PE,D,20140818,000000,18.5263,19.1438,17.4671,19.1438,0,0
SNT_PE,D,20140819,000000,19.1438,20.4664,18.8788,19.938,0,0
SNT_PE,D,20140820,000000,20.1138,20.4664,19.3196,20.378,0,0
SNT_PE,D,20140821,000000,20.378,20.378,19.673,20.378,0,0
SNT_PE,D,20140822,000000,20.2905,20.8197,19.938,20.4664,0,0
SNT_PE,D,20140825,000000,20.4664,20.5555,19.5837,20.5555,0,0
SNT_PE,D,20140826,000000,19.408,20.5555,19.408,20.4664,0,0
SNT_PE,D,20140827,000000,20.2905,20.7313,19.7614,20.7313,0,0
SNT_PE,D,20140828,000000,20.7313,20.7313,19.4963,20.7313,0,0
SNT_PE,D,20140829,000000,20.7313,20.7313,19.3196,19.7614,0,0
SNT_PE,D,20140901,000000,19.408,20.1138,18.8788,19.673,0,0
SNT_PE,D,20140902,000000,19.2313,19.4963,18.7905,19.4963,0,0
SNT_PE,D,20140903,000000,19.408,20.908,19.2313,20.7313,0,0
SNT_PE,D,20140904,000000,20.7313,20.7313,19.5837,20.7313,0,0
SNT_PE,D,20140905,000000,20.7313,20.7313,20.1138,20.642,0,0
SNT_PE,D,20140908,000000,20.642,20.642,20.642,20.642,0,0
SNT_PE,D,20140909,000000,20.642,20.642,20.642,20.642,0,0
SNT_PE,D,20140910,000000,20.642,20.908,20.642,20.642,0,0
SNT_PE,D,20140911,000000,20.908,20.908,20.2013,20.8197,0,0
SNT_PE,D,20140912,000000,20.908,20.908,20.5555,20.908,0,0
SNT_PE,D,20140915,000000,20.8197,20.8197,20.2013,20.8197,0,0
SNT_PE,D,20140916,000000,20.8197,20.8197,20.378,20.8197,0,0
SNT_PE,D,20140917,000000,20.8197,20.8197,19.3196,19.5837,0,0
SNT_PE,D,20140918,000000,19.8489,20.8197,19.5837,20.8197,0,0
SNT_PE,D,20140919,000000,20.9955,20.9955,20.908,20.908,0,0
SNT_PE,D,20140922,000000,20.908,20.908,20.378,20.908,0,0
SNT_PE,D,20140923,000000,20.908,20.9955,20.378,20.908,0,0
SNT_PE,D,20140924,000000,20.8197,20.908,20.7313,20.908,0,0
SNT_PE,D,20140925,000000,20.908,22.0547,20.908,21.7896,0,0
SNT_PE,D,20140926,000000,21.7896,21.7896,20.8197,21.613,0,0
SNT_PE,D,20140929,000000,21.7896,21.7896,20.8197,21.613,0,0
SNT_PE,D,20140930,000000,21.613,22.1431,21.3488,21.9663,0,0
SNT_PE,D,20141001,000000,22.0547,22.0547,20.9955,21.4372,0,0
SNT_PE,D,20141002,000000,20.7313,20.8197,20.0255,20.4664,0,0
SNT_PE,D,20141003,000000,21.3488,21.4372,20.642,20.7313,0,0
SNT_PE,D,20141006,000000,21.3488,21.7022,19.938,20.0255,0,0
SNT_PE,D,20141007,000000,20.4664,20.908,20.0255,20.2905,0,0
SNT_PE,D,20141008,000000,20.4664,20.4664,19.938,20.2905,0,0
SNT_PE,D,20141009,000000,20.2905,20.9955,20.2905,20.9955,0,0
SNT_PE,D,20141010,000000,21.3488,21.3488,20.378,20.642,0,0
SNT_PE,D,20141013,000000,20.642,20.642,20.4664,20.4664,0,0
SNT_PE,D,20141014,000000,20.8197,21.7896,19.938,21.3488,0,0
SNT_PE,D,20141015,000000,20.9955,20.9955,20.4664,20.4664,0,0
SNT_PE,D,20141016,000000,20.5555,20.642,19.673,20.642,0,0
SNT_PE,D,20141020,000000,20.5555,21.0839,20.5555,20.9955,0,0
SNT_PE,D,20141021,000000,21.1721,21.4372,21.0839,21.1721,0,0
SNT_PE,D,20141022,000000,21.613,21.9663,21.613,21.613,0,0
SNT_PE,D,20141023,000000,21.613,22.3197,21.5247,21.9663,0,0
SNT_PE,D,20141024,000000,22.0547,22.9372,21.9663,22.848,0,0
SNT_PE,D,20141027,000000,23.2014,23.5547,22.9372,23.0246,0,0
SNT_PE,D,20141028,000000,23.113,23.2014,23.113,23.113,0,0
SNT_PE,D,20141029,000000,23.2888,23.2888,23.113,23.113,0,0
SNT_PE,D,20141030,000000,23.2888,23.2888,22.4062,22.848,0,0
SNT_PE,D,20141031,000000,22.9372,22.9372,22.3197,22.5838,0,0
SNT_PE,D,20141103,000000,22.848,22.848,22.1431,22.5838,0,0
SNT_PE,D,20141104,000000,22.5838,22.5838,22.0547,22.1431,0,0
SNT_PE,D,20141105,000000,22.1431,22.1431,21.5247,21.9663,0,0
SNT_PE,D,20141106,000000,21.9663,21.9663,21.1721,21.8779,0,0
SNT_PE,D,20141107,000000,21.8779,21.8779,21.2604,21.613,0,0
SNT_PE,D,20141110,000000,21.8779,21.8779,21.613,21.7896,0,0
SNT_PE,D,20141112,000000,21.7896,21.7896,21.4372,21.7022,0,0
SNT_PE,D,20141113,000000,21.8779,21.8779,21.7896,21.7896,0,0
SNT_PE,D,20141114,000000,21.7896,21.7896,21.2604,21.5247,0,0
SNT_PE,D,20141117,000000,21.1721,21.2604,20.5555,21.2604,0,0
SNT_PE,D,20141118,000000,21.2604,21.2604,20.7313,21.2604,0,0
SNT_PE,D,20141119,000000,21.3488,21.3488,20.7313,21.0839,0,0
SNT_PE,D,20141120,000000,21.2604,21.2604,20.7313,20.908,0,0
SNT_PE,D,20141121,000000,20.908,20.908,20.7313,20.8197,0,0
SNT_PE,D,20141124,000000,20.908,20.9955,20.4664,20.9955,0,0
SNT_PE,D,20141125,000000,21.3488,26.4657,20.9955,26.4657,0,0
SNT_PE,D,20141126,000000,25.8482,26.8171,25.8482,26.554,0,0
SNT_PE,D,20141127,000000,26.554,26.554,26.554,26.554,0,0
SNT_PE,D,20141128,000000,26.7307,26.7307,25.4947,25.4947,0,0
SNT_PE,D,20141201,000000,26.2006,26.2006,25.5831,26.1132,0,0
SNT_PE,D,20141202,000000,25.4947,26.1132,25.0529,26.1132,0,0
SNT_PE,D,20141203,000000,26.1132,26.1132,25.4063,25.9356,0,0
SNT_PE,D,20141204,000000,25.4063,26.0238,25.1423,25.9356,0,0
SNT_PE,D,20141205,000000,25.9356,26.0238,25.3189,26.0238,0,0
SNT_PE,D,20141208,000000,26.0238,26.0238,25.5831,25.9356,0,0
SNT_PE,D,20141209,000000,25.9356,25.9356,25.2307,25.4947,0,0
SNT_PE,D,20141210,000000,25.4947,25.9356,25.1423,25.7598,0,0
SNT_PE,D,20141211,000000,25.7598,25.7598,25.1423,25.4063,0,0
SNT_PE,D,20141212,000000,25.6714,25.6714,25.2307,25.4063,0,0
SNT_PE,D,20141215,000000,25.4947,25.4947,24.9665,25.1423,0,0
SNT_PE,D,20141216,000000,25.4063,25.4947,24.8772,25.2307,0,0
SNT_PE,D,20141217,000000,24.8772,25.2307,24.8772,25.1423,0,0
SNT_PE,D,20141218,000000,25.1423,25.2307,24.7888,25.0529,0,0
SNT_PE,D,20141219,000000,25.1423,25.3189,24.5248,25.2307,0,0
SNT_PE,D,20141222,000000,25.2307,25.2307,24.8772,24.9665,0,0
SNT_PE,D,20141223,000000,24.9665,24.9665,24.084,24.084,0,0
SNT_PE,D,20141229,000000,23.9946,24.1713,23.8189,24.1713,0,0
SNT_PE,D,20141230,000000,24.1713,24.4364,23.2014,23.6421,0,0
SNT_PE,D,20150102,000000,23.6421,24.6122,23.6421,24.6122,0,0
SNT_PE,D,20150105,000000,24.2597,25.3189,24.2597,25.2307,0,0
SNT_PE,D,20150107,000000,24.7014,27.0822,24.7014,25.9356,0,0
SNT_PE,D,20150108,000000,25.9356,25.9356,24.4364,25.4063,0,0
SNT_PE,D,20150109,000000,25.8482,25.8482,25.1423,25.2307,0,0
SNT_PE,D,20150112,000000,25.4063,26.0238,25.4063,25.9356,0,0
SNT_PE,D,20150113,000000,25.9356,26.554,25.9356,26.3773,0,0
SNT_PE,D,20150114,000000,26.4657,26.4657,25.9356,25.9356,0,0
SNT_PE,D,20150115,000000,26.1132,26.1132,25.1423,25.9356,0,0
SNT_PE,D,20150116,000000,26.1132,26.1132,25.0529,25.1423,0,0
SNT_PE,D,20150119,000000,25.3189,25.3189,24.7888,24.8772,0,0
SNT_PE,D,20150120,000000,24.5248,24.9665,24.2597,24.9665,0,0
SNT_PE,D,20150121,000000,24.7014,24.9665,24.349,24.9665,0,0
SNT_PE,D,20150122,000000,25.3189,25.3189,24.084,24.2597,0,0
SNT_PE,D,20150123,000000,24.4364,24.4364,24.084,24.2597,0,0
SNT_PE,D,20150126,000000,24.1713,24.1713,23.9946,23.9946,0,0
SNT_PE,D,20150127,000000,23.9946,23.9946,22.6722,23.0246,0,0
SNT_PE,D,20150128,000000,23.0246,23.0246,22.4955,22.848,0,0
SNT_PE,D,20150129,000000,23.2014,23.2014,23.0246,23.0246,0,0
SNT_PE,D,20150130,000000,23.0246,23.0246,22.6722,22.9372,0,0
SNT_PE,D,20150202,000000,22.848,22.9372,20.5555,20.5555,0,0
SNT_PE,D,20150203,000000,20.4664,21.3488,19.2313,19.408,0,0
SNT_PE,D,20150204,000000,19.408,20.5555,17.8196,20.5555,0,0
SNT_PE,D,20150205,000000,20.9955,21.613,20.4664,21.613,0,0
SNT_PE,D,20150206,000000,21.613,21.613,20.908,21.5247,0,0
SNT_PE,D,20150209,000000,21.5247,21.5247,20.7313,20.7313,0,0
SNT_PE,D,20150210,000000,20.7313,20.7313,20.2905,20.7313,0,0
SNT_PE,D,20150211,000000,20.7313,20.7313,20.378,20.4664,0,0
SNT_PE,D,20150212,000000,19.938,19.938,19.673,19.7614,0,0
SNT_PE,D,20150213,000000,19.673,19.673,18.0846,19.5837,0,0
SNT_PE,D,20150216,000000,19.3196,20.0255,18.7021,19.938,0,0
SNT_PE,D,20150217,000000,19.4963,20.7313,19.3196,20.7313,0,0
SNT_PE,D,20150218,000000,20.7313,21.0839,20.5555,20.5555,0,0
SNT_PE,D,20150219,000000,20.378,20.4664,19.938,20.4664,0,0
SNT_PE,D,20150220,000000,20.4664,20.7313,19.673,20.642,0,0
SNT_PE,D,20150223,000000,20.5555,20.5555,19.8489,20.4664,0,0
SNT_PE,D,20150224,000000,20.1138,20.2905,19.938,20.0255,0,0
SNT_PE,D,20150225,000000,20.0255,20.4664,19.8489,20.378,0,0
SNT_PE,D,20150226,000000,20.378,20.378,19.938,20.2905,0,0
SNT_PE,D,20150227,000000,20.2905,20.642,19.938,20.1138,0,0
SNT_PE,D,20150302,000000,20.2013,20.4664,19.938,20.2013,0,0
SNT_PE,D,20150303,000000,20.5555,20.642,20.0255,20.0255,0,0
SNT_PE,D,20150304,000000,20.1138,20.2013,20.1138,20.1138,0,0
SNT_PE,D,20150305,000000,20.1138,21.0839,20.1138,20.908,0,0
SNT_PE,D,20150306,000000,21.0839,22.4062,21.0839,22.4062,0,0
SNT_PE,D,20150309,000000,22.4062,22.4955,22.3197,22.4062,0,0
SNT_PE,D,20150310,000000,22.4062,22.6722,22.3197,22.6722,0,0
SNT_PE,D,20150311,000000,22.6722,22.7606,22.4955,22.6722,0,0
SNT_PE,D,20150312,000000,22.6722,23.0246,22.5838,22.9372,0,0
SNT_PE,D,20150313,000000,22.9372,23.8189,22.9372,23.6421,0,0
SNT_PE,D,20150316,000000,23.7305,23.7305,22.848,23.113,0,0
SNT_PE,D,20150317,000000,23.2014,23.2014,22.848,23.0246,0,0
SNT_PE,D,20150318,000000,22.9372,22.9372,22.4955,22.848,0,0
SNT_PE,D,20150319,000000,22.2305,23.0246,22.2305,22.848,0,0
SNT_PE,D,20150320,000000,23.0246,23.0246,22.0547,22.6722,0,0
SNT_PE,D,20150323,000000,22.0547,22.3197,21.7022,21.9663,0,0
SNT_PE,D,20150324,000000,21.613,21.613,21.3488,21.4372,0,0
SNT_PE,D,20150325,000000,20.7313,21.613,20.5555,21.5247,0,0
SNT_PE,D,20150326,000000,21.5247,39.4325,21.0839,39.4325,0,0
SNT_PE,D,20150327,000000,39.4325,40.05,39.4325,39.9626,0,0
SNT_PE,D,20150330,000000,39.9626,40.05,39.6101,39.9626,0,0
SNT_PE,D,20150331,000000,39.9626,40.6684,38.3751,40.6684,0,0
SNT_PE,D,20150401,000000,39.1684,39.6101,38.1993,38.1993,0,0
SNT_PE,D,20150402,000000,38.2857,38.8159,38.1993,38.2857,0,0
SNT_PE,D,20150407,000000,38.7276,38.7276,38.2857,38.2857,0,0
SNT_PE,D,20150408,000000,38.3751,38.3751,37.7576,38.2857,0,0
SNT_PE,D,20150409,000000,37.845,38.1993,37.5818,38.1993,0,0
SNT_PE,D,20150410,000000,38.1101,38.2857,37.6683,38.2857,0,0
SNT_PE,D,20150413,000000,37.7576,38.0217,37.6683,38.0217,0,0
SNT_PE,D,20150414,000000,38.0217,38.0217,38.0217,38.0217,0,0
SNT_PE,D,20150415,000000,38.0217,38.1993,37.845,38.1993,0,0
SNT_PE,D,20150416,000000,37.6683,38.0217,37.6683,37.845,0,0
SNT_PE,D,20150417,000000,38.0217,38.1101,36.9633,37.5818,0,0
SNT_PE,D,20150420,000000,37.5818,37.5818,36.875,37.4925,0,0
SNT_PE,D,20150421,000000,37.5818,37.845,37.3168,37.3168,0,0
SNT_PE,D,20150422,000000,37.4042,37.4042,36.7867,36.9633,0,0
SNT_PE,D,20150423,000000,37.0508,37.0508,36.5216,36.5216,0,0
SNT_PE,D,20150424,000000,36.3458,36.3458,35.5526,36.1691,0,0
SNT_PE,D,20150427,000000,36.1691,36.5216,34.7575,35.9934,0,0
SNT_PE,D,20150428,000000,35.6391,35.9041,35.6391,35.9041,0,0
SNT_PE,D,20150429,000000,35.7283,36.2575,35.7283,35.8166,0,0
SNT_PE,D,20150430,000000,36.3458,36.5216,35.9934,35.9934,0,0
SNT_PE,D,20150504,000000,35.9934,36.7867,35.9934,36.1691,0,0
SNT_PE,D,20150505,000000,36.3458,36.7867,36.2575,36.6109,0,0
SNT_PE,D,20150506,000000,37.2274,37.2274,36.2575,36.3458,0,0
SNT_PE,D,20150507,000000,36.1691,36.5216,36.1691,36.1691,0,0
SNT_PE,D,20150508,000000,36.4342,36.4342,36.1691,36.2575,0,0
SNT_PE,D,20150511,000000,36.3458,36.3458,36.1691,36.2575,0,0
SNT_PE,D,20150512,000000,36.2575,36.3458,36.1691,36.3458,0,0
SNT_PE,D,20150513,000000,36.3458,36.4342,36.1691,36.3458,0,0
SNT_PE,D,20150514,000000,36.3458,36.3458,36.3458,36.3458,0,0
SNT_PE,D,20150515,000000,36.0808,36.0808,33.6108,35.0216,0,0
SNT_PE,D,20150518,000000,33.9641,34.405,33.6108,33.6992,0,0
SNT_PE,D,20150519,000000,34.1399,34.2283,33.6108,34.2283,0,0
SNT_PE,D,20150520,000000,34.2283,34.7575,33.8749,34.0524,0,0
SNT_PE,D,20150521,000000,34.0524,34.0524,33.7884,33.7884,0,0
SNT_PE,D,20150522,000000,33.9641,33.9641,33.9641,33.9641,0,0
SNT_PE,D,20150525,000000,33.9641,34.2283,33.3466,34.2283,0,0
SNT_PE,D,20150526,000000,33.6108,34.0524,32.5525,34.0524,0,0
SNT_PE,D,20150527,000000,34.0524,51.0777,33.4341,51.0777,0,0
SNT_PE,D,20150528,000000,48.7844,51.6953,48.7844,51.6079,0,0
SNT_PE,D,20150529,000000,51.6079,51.6079,51.0777,51.0777,0,0
SNT_PE,D,20150601,000000,51.3429,51.3429,51.0777,51.0777,0,0
SNT_PE,D,20150602,000000,50.8137,50.8137,49.5787,50.1962,0,0
SNT_PE,D,20150603,000000,50.7253,51.6953,50.0195,51.6953,0,0
SNT_PE,D,20150605,000000,50.5486,51.5186,50.4602,50.4602,0,0
SNT_PE,D,20150608,000000,50.5486,51.6953,50.5486,51.6953,0,0
SNT_PE,D,20150609,000000,51.2555,51.2555,50.3728,51.0777,0,0
SNT_PE,D,20150610,000000,50.8137,50.8137,50.637,50.637,0,0
SNT_PE,D,20150611,000000,50.4602,51.6079,50.4602,51.6079,0,0
SNT_PE,D,20150612,000000,50.637,51.0777,50.637,51.0777,0,0
SNT_PE,D,20150615,000000,51.0777,51.0777,50.1962,51.0777,0,0
SNT_PE,D,20150616,000000,51.4312,51.4312,51.0777,51.4312,0,0
SNT_PE,D,20150617,000000,51.5186,51.6079,48.0786,48.1669,0,0
SNT_PE,D,20150618,000000,48.1669,49.137,47.6377,49.137,0,0
SNT_PE,D,20150619,000000,49.137,49.8437,49.137,49.8437,0,0
SNT_PE,D,20150622,000000,49.8437,50.1078,49.0495,50.1078,0,0
SNT_PE,D,20150623,000000,49.4019,49.5787,48.696,49.5787,0,0
SNT_PE,D,20150624,000000,49.8437,49.8437,49.0495,49.7544,0,0
SNT_PE,D,20150625,000000,49.7544,50.1078,49.7544,50.0195,0,0
SNT_PE,D,20150626,000000,50.0195,50.0195,50.0195,50.0195,0,0
SNT_PE,D,20150629,000000,47.9903,49.5787,46.5795,49.5787,0,0
SNT_PE,D,20150630,000000,49.5787,50.4602,49.5787,50.4602,0,0
SNT_PE,D,20150701,000000,50.637,50.637,49.5787,50.0195,0,0
SNT_PE,D,20150702,000000,50.4602,50.4602,48.9612,49.5787,0,0
SNT_PE,D,20150703,000000,49.5787,49.5787,49.0495,49.5787,0,0
SNT_PE,D,20150706,000000,49.0495,49.0495,49.0495,49.0495,0,0
SNT_PE,D,20150707,000000,48.8719,49.5787,48.696,49.5787,0,0
SNT_PE,D,20150708,000000,48.696,49.5787,48.696,49.5787,0,0
SNT_PE,D,20150709,000000,50.8137,50.8137,50.7253,50.7253,0,0
SNT_PE,D,20150710,000000,50.7253,50.9904,48.9612,50.4602,0,0
SNT_PE,D,20150713,000000,50.9904,50.9904,50.8137,50.8137,0,0
SNT_PE,D,20150714,000000,50.9904,50.9904,49.0495,49.4903,0,0
SNT_PE,D,20150715,000000,49.5787,50.0195,49.5787,50.0195,0,0
SNT_PE,D,20150716,000000,49.8437,50.637,49.8437,50.4602,0,0
SNT_PE,D,20150717,000000,49.8437,50.0195,49.8437,50.0195,0,0
SNT_PE,D,20150720,000000,50.8137,51.0777,50.8137,50.9011,0,0
SNT_PE,D,20150721,000000,51.5186,51.5186,50.4602,50.4602,0,0
SNT_PE,D,20150722,000000,50.4602,51.0777,49.2262,50.4602,0,0
SNT_PE,D,20150723,000000,50.4602,50.4602,49.5787,50.4602,0,0
SNT_PE,D,20150724,000000,51.3429,51.3429,48.696,50.1962,0,0
SNT_PE,D,20150727,000000,48.9612,50.4602,48.9612,50.4602,0,0
SNT_PE,D,20150728,000000,51.0777,51.0777,49.5787,51.0777,0,0
SNT_PE,D,20150729,000000,50.8137,51.6079,50.1962,51.4312,0,0
SNT_PE,D,20150730,000000,51.4312,51.4312,51.4312,51.4312,0,0
SNT_PE,D,20150731,000000,51.5186,51.872,49.5787,51.872,0,0
SNT_PE,D,20150803,000000,52.5779,52.5779,50.3728,51.0777,0,0
SNT_PE,D,20150804,000000,52.2254,52.2254,51.1661,51.9604,0,0
SNT_PE,D,20150805,000000,52.2254,52.2254,52.2254,52.2254,0,0
SNT_PE,D,20150806,000000,52.1371,52.1371,50.8137,51.4312,0,0
SNT_PE,D,20150807,000000,52.0487,52.0487,50.8137,51.9604,0,0
SNT_PE,D,20150810,000000,51.9604,51.9604,50.7253,51.0777,0,0
SNT_PE,D,20150811,000000,51.0777,51.0777,49.8437,51.0777,0,0
SNT_PE,D,20150812,000000,51.3429,51.3429,49.0495,50.9904,0,0
SNT_PE,D,20150813,000000,50.8137,50.9011,50.8137,50.9011,0,0
SNT_PE,D,20150814,000000,50.8137,50.8137,49.3136,50.4602,0,0
SNT_PE,D,20150817,000000,50.4602,50.4602,48.432,50.4602,0,0
SNT_PE,D,20150818,000000,48.432,50.5486,48.432,50.4602,0,0
SNT_PE,D,20150819,000000,50.5486,50.9011,48.8719,50.9011,0,0
SNT_PE,D,20150820,000000,51.0777,51.4312,51.0777,51.1661,0,0
SNT_PE,D,20150821,000000,51.3429,51.4312,51.3429,51.4312,0,0
SNT_PE,D,20150824,000000,51.4312,51.4312,49.0495,51.4312,0,0
SNT_PE,D,20150825,000000,50.5486,51.1661,50.4602,51.0777,0,0
SNT_PE,D,20150826,000000,51.0777,51.1661,50.4602,51.1661,0,0
SNT_PE,D,20150827,000000,51.1661,51.6079,51.1661,51.4312,0,0
SNT_PE,D,20150828,000000,51.6953,51.6953,51.4312,51.6953,0,0
SNT_PE,D,20150831,000000,51.6953,51.6953,50.637,51.4312,0,0
SNT_PE,D,20150901,000000,48.9612,50.8137,48.9612,50.1962,0,0
SNT_PE,D,20150902,000000,51.0777,51.0777,50.1962,50.1962,0,0
SNT_PE,D,20150903,000000,50.9011,50.9011,49.5787,50.5486,0,0
SNT_PE,D,20150904,000000,50.8137,50.8137,49.3136,50.1078,0,0
SNT_PE,D,20150907,000000,50.1078,50.7253,49.2262,50.7253,0,0
SNT_PE,D,20151113,000000,781.963,781.963,781.963,781.963,0,0
SNT_PE,D,20151116,000000,769.259,801.549,769.259,777.285,0,0
SNT_PE,D,20151117,000000,775.35,812.569,775.35,811.787,0,0
SNT_PE,D,20151118,000000,810.198,819.191,784.688,819.191,0,0
SNT_PE,D,20151119,000000,818.567,820.605,812.569,820.605,0,0
SNT_PE,D,20151120,000000,818.567,820.605,803.223,820.605,0,0
SNT_PE,D,20151123,000000,803.223,818.567,798.637,816.903,0,0
SNT_PE,D,20151124,000000,820.865,835.252,814.867,828.546,0,0
SNT_PE,D,20151125,000000,826.425,826.425,820.428,824.836,0,0
SNT_PE,D,20151126,000000,822.278,823.422,807.455,823.422,0,0
SNT_PE,D,20151127,000000,820.865,821.042,807.9,821.042,0,0
SNT_PE,D,20151130,000000,819.014,820.167,796.788,820.167,0,0
SNT_PE,D,20151201,000000,819.014,821.042,803.223,821.042,0,0
SNT_PE,D,20151202,000000,819.014,819.014,799.076,805.251,0,0
SNT_PE,D,20151203,000000,803.223,805.251,794.406,805.251,0,0
SNT_PE,D,20151204,000000,803.223,803.223,766.088,790.78,0,0
SNT_PE,D,20151207,000000,788.845,813.63,788.845,813.63,0,0
SNT_PE,D,20151208,000000,811.602,811.602,780.987,808.514,0,0
SNT_PE,D,20151209,000000,811.602,812.662,810.635,812.662,0,0
SNT_PE,D,20151210,000000,810.635,811.342,782.317,811.342,0,0
SNT_PE,D,20151211,000000,809.761,811.787,809.761,811.787,0,0
SNT_PE,D,20151214,000000,809.761,809.928,807.9,809.928,0,0
SNT_PE,D,20151215,000000,789.292,807.9,789.292,805.251,0,0
SNT_PE,D,20151216,000000,807.455,807.455,803.223,805.251,0,0
SNT_PE,D,20151217,000000,807.455,807.455,788.845,805.251,0,0
SNT_PE,D,20151218,000000,809.761,811.602,784.688,805.251,0,0
SNT_PE,D,20151221,000000,796.258,803.223,793.96,800.573,0,0
SNT_PE,D,20151222,000000,798.637,816.903,789.292,816.903,0,0
SNT_PE,D,20151223,000000,814.867,825.72,805.604,825.72,0,0
SNT_PE,D,20151228,000000,806.051,825.72,806.051,825.72,0,0
SNT_PE,D,20151229,000000,823.692,837.363,819.981,837.363,0,0
SNT_PE,D,20151230,000000,835.772,837.809,821.842,837.809,0,0
SNT_PE,D,20160104,000000,835.772,837.809,835.252,837.809,0,0
SNT_PE,D,20160105,000000,835.772,835.772,810.198,812.216,0,0
SNT_PE,D,20160107,000000,812.569,826.156,803.223,826.156,0,0
SNT_PE,D,20160108,000000,834.358,834.358,819.46,821.571,0,0
SNT_PE,D,20160111,000000,817.163,828.1,817.163,828.1,0,0
SNT_PE,D,20160112,000000,834.358,837.809,812.569,837.809,0,0
SNT_PE,D,20160113,000000,826.425,867.801,826.425,861.096,0,0
SNT_PE,D,20160114,000000,856.679,856.679,853.861,855.971,0,0
SNT_PE,D,20160115,000000,853.861,863.123,853.861,860.212,0,0
SNT_PE,D,20160118,000000,861.273,861.273,815.304,837.809,0,0
SNT_PE,D,20160119,000000,839.484,839.484,815.304,833.215,0,0
SNT_PE,D,20160120,000000,820.865,835.772,813.899,815.918,0,0
SNT_PE,D,20160121,000000,813.899,834.545,813.899,834.545,0,0
SNT_PE,D,20160122,000000,832.071,832.694,817.163,832.694,0,0
SNT_PE,D,20160125,000000,831.105,831.105,805.604,830.658,0,0
SNT_PE,D,20160126,000000,830.658,831.811,829.691,831.811,0,0
SNT_PE,D,20160127,000000,828.277,832.694,817.61,832.694,0,0
SNT_PE,D,20160128,000000,831.105,831.105,826.425,828.546,0,0
SNT_PE,D,20160129,000000,831.105,845.035,807.9,838.776,0,0
SNT_PE,D,20160201,000000,844.077,846.188,844.077,846.188,0,0
SNT_PE,D,20160202,000000,843.631,843.631,835.772,837.809,0,0
SNT_PE,D,20160203,000000,835.772,837.809,835.772,837.809,0,0
SNT_PE,D,20160204,000000,835.772,835.772,814.867,823.868,0,0
SNT_PE,D,20160205,000000,821.842,821.842,806.051,821.571,0,0
SNT_PE,D,20160208,000000,814.43,814.605,812.569,814.605,0,0
SNT_PE,D,20160209,000000,760.964,789.292,708.047,742.885,0,0
SNT_PE,D,20160823,000000,55.4014,55.4014,55.4014,55.4014,0,0
SNT_PE,D,20160824,000000,54.6062,55.3121,54.6062,55.3121,0,0
SNT_PE,D,20160825,000000,53.7236,55.2247,53.7236,55.2247,0,0
SNT_PE,D,20160826,000000,55.2247,55.2247,53.8129,54.7838,0,0
SNT_PE,D,20160829,000000,54.7838,54.7838,54.6946,54.6946,0,0
SNT_PE,D,20160830,000000,54.7838,55.2247,54.7838,55.2247,0,0
SNT_PE,D,20160831,000000,55.2247,55.4014,53.9013,53.9013,0,0
SNT_PE,D,20160901,000000,55.1363,55.1363,53.8129,55.048,0,0
SNT_PE,D,20160902,000000,54.9596,54.9596,53.3722,54.8722,0,0
SNT_PE,D,20160905,000000,54.8722,54.8722,52.7546,52.7546,0,0
SNT_PE,D,20160906,000000,54.1653,54.1653,52.7546,53.0196,0,0
SNT_PE,D,20160907,000000,53.3722,54.7838,53.3722,54.7838,0,0
SNT_PE,D,20160908,000000,54.7838,54.7838,52.5779,53.7236,0,0
SNT_PE,D,20160909,000000,54.7838,60.4298,54.0771,60.4298,0,0
SNT_PE,D,20160912,000000,60.0773,62.8106,57.7831,62.3698,0,0
SNT_PE,D,20160913,000000,62.7231,65.634,61.3114,63.164,0,0
SNT_PE,D,20160914,000000,64.5748,64.5748,62.3698,62.3698,0,0
SNT_PE,D,20160915,000000,62.3698,62.3698,61.4881,61.5764,0,0
SNT_PE,D,20160916,000000,61.4881,61.7523,59.1947,61.6639,0,0
SNT_PE,D,20160919,000000,62.3698,62.3698,61.3114,61.6639,0,0
SNT_PE,D,20160920,000000,62.3698,62.3698,61.3114,61.8415,0,0
SNT_PE,D,20160921,000000,62.3698,62.3698,60.6056,61.3114,0,0
SNT_PE,D,20160922,000000,62.2823,62.2823,61.6639,61.6639,0,0
SNT_PE,D,20160923,000000,61.6639,61.6639,61.6639,61.6639,0,0
SNT_PE,D,20160926,000000,62.3698,62.3698,61.3114,61.3114,0,0
SNT_PE,D,20160927,000000,61.3114,63.8698,61.3114,63.7815,0,0
SNT_PE,D,20160928,000000,64.399,64.399,62.3698,62.8106,0,0
SNT_PE,D,20160929,000000,62.8106,64.9282,62.5456,64.9282,0,0
SNT_PE,D,20160930,000000,65.1058,66.7807,63.8698,66.7807,0,0
SNT_PE,D,20161003,000000,66.7807,66.7807,66.6933,66.7807,0,0
SNT_PE,D,20161004,000000,66.7807,66.7807,66.7807,66.7807,0,0
SNT_PE,D,20161005,000000,66.7807,66.7807,64.5748,66.4282,0,0
SNT_PE,D,20161006,000000,64.5748,64.5748,63.5164,63.5164,0,0
SNT_PE,D,20161007,000000,66.1632,66.1632,63.5164,64.9282,0,0
SNT_PE,D,20161010,000000,67.6632,67.6632,64.5748,64.7514,0,0
SNT_PE,D,20161011,000000,65.8991,65.8991,64.9282,64.9282,0,0
SNT_PE,D,20161012,000000,64.9282,64.9282,64.5748,64.5748,0,0
SNT_PE,D,20161013,000000,64.9282,64.9282,64.2232,64.2232,0,0
SNT_PE,D,20161014,000000,64.9282,64.9282,64.5748,64.5748,0,0
SNT_PE,D,20161017,000000,64.9282,64.9282,61.5764,61.5764,0,0
SNT_PE,D,20161018,000000,61.5764,61.6639,61.3997,61.3997,0,0
SNT_PE,D,20161019,000000,61.4881,62.194,61.4881,62.194,0,0
SNT_PE,D,20161020,000000,62.194,62.194,62.194,62.194,0,0
SNT_PE,D,20161021,000000,62.194,62.194,62.194,62.194,0,0
SNT_PE,D,20161024,000000,62.194,62.194,60.0773,62.0172,0,0
SNT_PE,D,20161025,000000,62.1047,62.1047,62.1047,62.1047,0,0
SNT_PE,D,20161026,000000,62.1047,63.164,62.1047,63.164,0,0
SNT_PE,D,20161027,000000,63.9581,63.9581,61.7523,63.8698,0,0
SNT_PE,D,20161028,000000,63.8698,65.4573,63.8698,65.4573,0,0
SNT_PE,D,20161031,000000,65.4573,4714.1,62.8998,4714.1,0,0
SNT_PE,D,20161102,000000,4709.24,4714.1,4423.86,4714.1,0,0
SNT_PE,D,20161103,000000,4709.24,4753.36,4670.34,4753.36,0,0
SNT_PE,D,20161104,000000,4709.24,4709.24,4436.82,4478.37,0,0
SNT_PE,D,20161107,000000,4439.47,4439.47,4047.6,4242.65,0,0
SNT_PE,D,20161108,000000,4237.02,4237.02,3917.93,3954.63,0,0
SNT_PE,D,20161109,000000,3853,3925.79,3710.36,3925.79,0,0
SNT_PE,D,20161110,000000,3889.36,4111.76,3889.36,4111.76,0,0
SNT_PE,D,20161114,000000,4148.8,4151.01,3943.87,4151.01,0,0
SNT_PE,D,20161115,000000,4151.44,4185.04,3902.34,4185.04,0,0
SNT_PE,D,20161116,000000,4151.44,4151.44,3894.55,4064.64,0,0
SNT_PE,D,20161117,000000,4151.44,4164.14,4125.5,4164.14,0,0
SNT_PE,D,20161118,000000,4148.8,4148.8,3891.99,3933.62,0,0
SNT_PE,D,20161121,000000,3891.99,3930.9,3891.99,3928.44,0,0
SNT_PE,D,20161122,000000,3866.06,3954.63,3866.06,3954.63,0,0
SNT_PE,D,20161123,000000,3891.99,4006.94,3891.99,4006.94,0,0
SNT_PE,D,20161124,000000,3923.14,4064.64,3891.99,4064.64,0,0
SNT_PE,D,20161125,000000,3923.14,4059.34,3923.14,4059.34,0,0
SNT_PE,D,20161128,000000,4019.12,4237.02,4019.12,4190.35,0,0
SNT_PE,D,20161129,000000,4151.44,4268.85,4076.2,4268.85,0,0
SNT_PE,D,20161130,000000,4281.13,4295.06,4255.2,4295.06,0,0
SNT_PE,D,20161201,000000,4255.2,4292.41,4252.64,4292.41,0,0
SNT_PE,D,20161202,000000,4252.64,4292.41,4252.64,4292.41,0,0
SNT_PE,D,20161205,000000,4229.25,4229.25,4076.2,4114.39,0,0
SNT_PE,D,20161206,000000,4076.2,4085.55,4047.6,4085.55,0,0
SNT_PE,D,20161207,000000,4021.68,4190.35,3995.73,4164.14,0,0
SNT_PE,D,20161208,000000,4125.5,4164.14,4125.5,4164.14,0,0
SNT_PE,D,20161209,000000,4117.67,4151.01,4112.53,4151.01,0,0
SNT_PE,D,20161212,000000,4252.64,4252.64,4125.5,4164.14,0,0
SNT_PE,D,20161213,000000,4252.64,4252.64,3868.62,3907.43,0,0
SNT_PE,D,20161214,000000,3866.06,4017.44,3866.06,4017.44,0,0
SNT_PE,D,20161215,000000,3980.21,3980.21,3840.03,3962.49,0,0
SNT_PE,D,20161216,000000,3925.69,3925.69,3777.85,3902.24,0,0
SNT_PE,D,20161219,000000,3840.03,3844.64,3658.49,3844.64,0,0
SNT_PE,D,20161220,000000,3886.79,3920.59,3775.19,3920.59,0,0
SNT_PE,D,20161221,000000,3821.95,3821.95,3785.6,3821.07,0,0
SNT_PE,D,20161222,000000,3886.79,3886.79,3772.63,3807.92,0,0
SNT_PE,D,20161223,000000,3819.3,3855.12,3819.3,3855.12,0,0
SNT_PE,D,20161227,000000,3821.95,3828.91,3793.36,3828.91,0,0
SNT_PE,D,20161228,000000,3762.22,3849.82,3684.42,3849.82,0,0
SNT_PE,D,20161229,000000,3816.74,3849.82,3814.11,3849.82,0,0
SNT_PE,D,20161230,000000,3819.3,4096.93,3811.54,4096.93,0,0
SNT_PE,D,20170102,000000,4143.69,4282.01,3891.99,4282.01,0,0
SNT_PE,D,20170103,000000,4151.44,4190.35,4151.44,4190.35,0,0
SNT_PE,D,20170104,000000,4148.8,4164.14,3949.07,4164.14,0,0
SNT_PE,D,20170105,000000,4112.53,4135.3,3951.63,4135.3,0,0
SNT_PE,D,20170109,000000,4096.93,4130.1,4091.71,4130.1,0,0
SNT_PE,D,20170110,000000,4091.71,4091.71,3917.93,3996.54,0,0
SNT_PE,D,20170111,000000,3959.39,3996.54,3959.39,3996.54,0,0
SNT_PE,D,20170112,000000,3959.39,3993.88,3775.19,3993.88,0,0
SNT_PE,D,20170113,000000,3954.27,3988.69,3951.63,3988.69,0,0
SNT_PE,D,20170116,000000,3803.77,3980.83,3803.77,3980.83,0,0
SNT_PE,D,20170117,000000,3943.87,3978.2,3941.23,3978.2,0,0
SNT_PE,D,20170118,000000,3941.23,3978.2,3941.23,3978.2,0,0
SNT_PE,D,20170119,000000,3941.23,3978.2,3790.81,3978.2,0,0
SNT_PE,D,20170120,000000,3941.23,3978.2,3941.23,3978.2,0,0
SNT_PE,D,20170123,000000,3941.23,3978.2,3941.23,3978.2,0,0
SNT_PE,D,20170124,000000,3941.23,3978.2,3886.79,3978.2,0,0
SNT_PE,D,20170125,000000,3941.23,3941.23,3816.74,3941.23,0,0
SNT_PE,D,20170126,000000,3891.99,3928.44,3866.06,3928.44,0,0
SNT_PE,D,20170127,000000,3891.99,3928.44,3821.95,3928.44,0,0
SNT_PE,D,20170130,000000,3866.06,4085.55,3819.3,4085.55,0,0
SNT_PE,D,20170131,000000,4151.44,4465.33,4151.44,4465.33,0,0
SNT_PE,D,20170201,000000,4465.43,4579.56,4413.45,4556.99,0,0
SNT_PE,D,20170202,000000,4488.7,4488.7,4372,4452.17,0,0
SNT_PE,D,20170203,000000,4410.9,4522.93,4351.26,4522.93,0,0
SNT_PE,D,20170206,000000,4486.15,4486.15,4410.9,4410.9,0,0
SNT_PE,D,20170207,000000,4486.15,4486.15,4425.98,4425.98,0,0
SNT_PE,D,20170208,000000,4439.47,4449.62,4408.34,4449.62,0,0
SNT_PE,D,20170209,000000,4408.34,4408.34,4255.2,4347.47,0,0
SNT_PE,D,20170210,000000,4408.34,4449.62,4408.34,4449.62,0,0
SNT_PE,D,20170213,000000,4408.34,4425.98,4384.96,4425.98,0,0
SNT_PE,D,20170214,000000,4408.34,4446.98,4205.88,4446.98,0,0
SNT_PE,D,20170215,000000,4483.58,4483.58,290.148,290.148,0,0
SNT_PE,D,20170216,000000,296.769,296.937,288.213,295.179,0,0
SNT_PE,D,20170217,000000,295.263,295.263,288.213,294.296,0,0
SNT_PE,D,20170220,000000,293.319,294.919,283.358,294.825,0,0
SNT_PE,D,20170221,000000,293.319,293.319,286.092,286.092,0,0
SNT_PE,D,20170222,000000,285.823,296.937,285.823,296.937,0,0
SNT_PE,D,20170223,000000,296.937,296.937,296.937,296.937,0,0
SNT_PE,D,20170224,000000,299.401,299.401,285.823,296.937,0,0
SNT_PE,D,20170227,000000,299.401,299.401,296.937,296.937,0,0
SNT_PE,D,20170228,000000,299.401,299.401,296.937,296.937,0,0
SNT_PE,D,20170301,000000,296.937,296.937,296.937,296.937,0,0
SNT_PE,D,20170302,000000,296.937,296.937,296.937,296.937,0,0
SNT_PE,D,20170303,000000,296.937,296.937,288.213,296.937,0,0
SNT_PE,D,20170306,000000,285.117,288.213,285.117,285.386,0,0
SNT_PE,D,20170307,000000,295.263,295.263,294.639,294.639,0,0
SNT_PE,D,20170308,000000,283.358,288.213,283.358,288.213,0,0
SNT_PE,D,20170309,000000,291.561,291.561,279.648,281.238,0,0
SNT_PE,D,20170310,000000,280.001,291.031,280.001,291.031,0,0
SNT_PE,D,20170313,000000,295.885,295.885,294.825,294.825,0,0
SNT_PE,D,20170314,000000,294.919,294.919,293.319,294.825,0,0
SNT_PE,D,20170315,000000,293.319,295.263,293.319,295.179,0,0
SNT_PE,D,20170316,000000,296.769,296.769,296.239,296.239,0,0
SNT_PE,D,20170317,000000,295.885,295.885,289.096,289.971,0,0
SNT_PE,D,20170320,000000,294.388,294.388,279.648,289.971,0,0
SNT_PE,D,20170321,000000,295.885,295.885,280.531,293.505,0,0
SNT_PE,D,20170322,000000,293.505,293.505,282.121,293.505,0,0
SNT_PE,D,20170323,000000,293.505,293.505,293.505,293.505,0,0
SNT_PE,D,20170324,000000,293.505,293.505,282.121,293.505,0,0
SNT_PE,D,20170327,000000,287.321,296.769,287.321,296.769,0,0
SNT_PE,D,20170328,000000,296.769,296.937,286.706,295.179,0,0
SNT_PE,D,20170329,000000,296.583,302.237,295.263,302.051,0,0
SNT_PE,D,20170330,000000,314.411,331.866,298.703,308.32,0,0
SNT_PE,D,20170331,000000,314.411,315.285,309.203,310.971,0,0
SNT_PE,D,20170403,000000,314.225,314.225,301.708,301.884,0,0
SNT_PE,D,20170404,000000,302.051,313.527,296.937,299.587,0,0
SNT_PE,D,20170405,000000,304.796,304.796,290.148,296.937,0,0
SNT_PE,D,20170406,000000,304.004,304.004,294.388,296.937,0,0
SNT_PE,D,20170407,000000,296.937,296.937,290.148,296.937,0,0
SNT_PE,D,20170410,000000,296.937,296.937,295.263,296.937,0,0
SNT_PE,D,20170411,000000,296.769,296.769,289.096,289.971,0,0
SNT_PE,D,20170412,000000,296.769,296.769,288.213,289.971,0,0
SNT_PE,D,20170413,000000,289.971,296.063,288.213,289.971,0,0
SNT_PE,D,20170418,000000,295.885,295.885,288.213,288.213,0,0
SNT_PE,D,20170419,000000,294.388,294.388,288.213,288.213,0,0
SNT_PE,D,20170420,000000,288.213,288.213,270.738,279.481,0,0
SNT_PE,D,20170421,000000,279.481,310.17,275.334,310.17,0,0
SNT_PE,D,20170424,000000,315.025,315.025,310.17,310.17,0,0
SNT_PE,D,20170425,000000,305.762,308.32,305.586,308.226,0,0
SNT_PE,D,20170426,000000,301.53,308.32,300.555,308.226,0,0
SNT_PE,D,20170427,000000,307.883,308.32,301.53,308.226,0,0
SNT_PE,D,20170428,000000,310.17,310.17,303.642,310.003,0,0
SNT_PE,D,20170502,000000,310.003,311.146,306.739,311.146,0,0
SNT_PE,D,20170504,000000,311.146,311.146,310.003,310.003,0,0
SNT_PE,D,20170505,000000,311.146,311.146,302.683,306.291,0,0
SNT_PE,D,20170508,000000,306.375,310.003,305.408,310.003,0,0
SNT_PE,D,20170509,000000,310.003,310.003,303.465,310.003,0,0
SNT_PE,D,20170510,000000,310.003,310.003,292.788,303.382,0,0
SNT_PE,D,20170511,000000,309.817,309.817,130.384,130.384,0,0
SNT_PE,D,20170512,000000,129.231,130.478,121.651,130.031,0,0
SNT_PE,D,20170515,000000,130.031,130.738,130.031,130.738,0,0
SNT_PE,D,20170516,000000,130.738,130.738,124.21,124.21,0,0
SNT_PE,D,20170517,000000,127.474,127.474,123.688,127.474,0,0
SNT_PE,D,20170518,000000,127.474,127.474,122.619,123.419,0,0
SNT_PE,D,20170519,000000,127.474,127.474,120.955,123.055,0,0
SNT_PE,D,20170522,000000,123.149,123.149,122.972,122.972,0,0
SNT_PE,D,20170523,000000,122.191,123.055,122.191,122.972,0,0
SNT_PE,D,20170524,000000,123.055,123.055,122.888,122.888,0,0
SNT_PE,D,20170525,000000,122.888,122.888,119.356,120.155,0,0
SNT_PE,D,20170526,000000,122.888,122.888,119.178,122.443,0,0
SNT_PE,D,20170529,000000,122.443,123.243,118.127,123.243,0,0
SNT_PE,D,20170530,000000,123.243,129.939,119.447,128.18,0,0
SNT_PE,D,20170531,000000,129.678,129.678,123.595,127.204,0,0
SNT_PE,D,20170601,000000,129.418,129.418,127.12,127.12,0,0
SNT_PE,D,20170602,000000,127.12,127.12,123.503,127.12,0,0
SNT_PE,D,20170605,000000,126.767,126.767,124.302,126.674,0,0
SNT_PE,D,20170606,000000,126.767,126.767,125.716,125.716,0,0
SNT_PE,D,20170607,000000,126.767,126.767,124.21,124.21,0,0
SNT_PE,D,20170608,000000,126.506,126.506,120.685,122.265,0,0
SNT_PE,D,20170609,000000,122.265,122.265,122.265,122.265,0,0
SNT_PE,D,20170612,000000,122.265,122.265,118.481,119.708,0,0
SNT_PE,D,20170613,000000,119.634,122.265,118.127,119.708,0,0
SNT_PE,D,20170614,000000,122.098,122.098,122.098,122.098,0,0
SNT_PE,D,20170616,000000,122.098,122.619,110.269,118.918,0,0
SNT_PE,D,20170619,000000,119.094,123.243,113.087,123.243,0,0
SNT_PE,D,20170620,000000,123.149,123.419,123.149,123.419,0,0
SNT_PE,D,20170621,000000,123.419,123.419,123.326,123.326,0,0
SNT_PE,D,20170622,000000,123.419,123.419,123.419,123.419,0,0
SNT_PE,D,20170623,000000,123.419,123.419,123.419,123.419,0,0
SNT_PE,D,20170626,000000,123.326,123.326,123.326,123.326,0,0
SNT_PE,D,20170627,000000,126.674,126.674,112.129,115.216,0,0
SNT_PE,D,20170628,000000,115.216,117.504,115.216,115.216,0,0
SNT_PE,D,20170629,000000,115.216,115.216,115.216,115.216,0,0
SNT_PE,D,20170630,000000,115.216,116.1,115.216,116.1,0,0
SNT_PE,D,20170703,000000,117.504,118.127,116.184,118.127,0,0
SNT_PE,D,20170704,000000,120.685,120.685,118.211,118.211,0,0
SNT_PE,D,20170705,000000,118.211,118.211,112.743,112.743,0,0
SNT_PE,D,20170706,000000,115.216,115.216,115.216,115.216,0,0
SNT_PE,D,20170707,000000,115.216,115.216,112.388,115.216,0,0
SNT_PE,D,20170710,000000,115.216,115.216,115.216,115.216,0,0
SNT_PE,D,20170711,000000,115.124,115.124,115.124,115.124,0,0
SNT_PE,D,20170712,000000,115.124,115.124,115.124,115.124,0,0
SNT_PE,D,20170713,000000,115.124,115.124,111.589,114.417,0,0
SNT_PE,D,20170714,000000,115.124,115.124,115.124,115.124,0,0
SNT_PE,D,20170717,000000,115.124,115.124,111.589,111.589,0,0
SNT_PE,D,20170718,000000,115.124,115.124,111.515,111.515,0,0
SNT_PE,D,20170719,000000,114.937,114.937,111.068,114.686,0,0
SNT_PE,D,20170720,000000,114.593,114.593,114.072,114.593,0,0
SNT_PE,D,20170721,000000,114.593,114.593,114.593,114.593,0,0
SNT_PE,D,20170724,000000,114.593,114.593,113.543,113.543,0,0
SNT_PE,D,20170725,000000,113.543,113.543,113.543,113.543,0,0
SNT_PE,D,20170726,000000,113.543,124.917,108.689,122.972,0,0
SNT_PE,D,20170727,000000,127.474,128.98,127.474,127.474,0,0
SNT_PE,D,20170728,000000,125.967,129.855,125.967,129.855,0,0
SNT_PE,D,20170731,000000,129.855,132.942,119.001,132.942,0,0
SNT_PE,D,20170801,000000,132.589,132.589,131.622,131.975,0,0
SNT_PE,D,20170802,000000,132.942,132.942,131.622,131.622,0,0
SNT_PE,D,20170803,000000,131.714,131.714,130.822,130.822,0,0
SNT_PE,D,20170804,000000,130.822,130.822,130.384,130.384,0,0
SNT_PE,D,20170807,000000,130.478,130.478,130.302,130.302,0,0
SNT_PE,D,20170808,000000,130.478,130.822,130.384,130.384,0,0
SNT_PE,D,20170809,000000,131.528,131.528,125.892,131.528,0,0
SNT_PE,D,20170810,000000,131.528,131.528,131.528,131.528,0,0
SNT_PE,D,20170811,000000,131.528,131.528,131.435,131.528,0,0
SNT_PE,D,20170814,000000,131.528,131.528,126.247,130.384,0,0
SNT_PE,D,20170816,000000,131.267,131.267,131.175,131.175,0,0
SNT_PE,D,20170817,000000,131.092,131.092,131.092,131.092,0,0
SNT_PE,D,20170818,000000,131.092,131.092,130.822,130.822,0,0
SNT_PE,D,20170821,000000,130.738,130.738,130.738,130.738,0,0
SNT_PE,D,20170822,000000,130.738,130.738,130.738,130.738,0,0
SNT_PE,D,20170823,000000,130.738,130.738,130.738,130.738,0,0
SNT_PE,D,20170824,000000,130.738,130.738,125.092,130.384,0,0
SNT_PE,D,20170825,000000,130.478,130.562,82.6603,82.6603,0,0
SNT_PE,D,20170828,000000,82.6603,82.6603,79.6611,79.6611,0,0
SNT_PE,D,20170829,000000,81.7777,81.7777,78.9542,78.9542,0,0
SNT_PE,D,20170830,000000,78.4251,81.7777,78.4251,81.2485,0,0
SNT_PE,D,20170831,000000,82.1311,82.3952,78.9542,82.2185,0,0
SNT_PE,D,20170901,000000,82.3078,82.3078,79.2192,82.3078,0,0
SNT_PE,D,20170904,000000,82.3078,82.3078,82.2185,82.2185,0,0
SNT_PE,D,20170905,000000,82.3078,82.3078,81.7777,81.7777,0,0
SNT_PE,D,20170906,000000,81.6903,81.7777,79.4844,81.7777,0,0
SNT_PE,D,20170907,000000,82.0428,82.1311,82.0428,82.1311,0,0
SNT_PE,D,20170908,000000,82.1311,82.3078,80.2786,80.7194,0,0
SNT_PE,D,20170911,000000,79.2192,82.2185,78.4251,82.2185,0,0
SNT_PE,D,20170912,000000,82.2185,82.2185,82.2185,82.2185,0,0
SNT_PE,D,20170913,000000,82.1311,82.1311,80.7194,80.7194,0,0
SNT_PE,D,20170914,000000,82.1311,82.1311,78.4251,78.6901,0,0
SNT_PE,D,20170915,000000,81.7777,81.7777,78.6901,80.0135,0,0
SNT_PE,D,20170918,000000,81.7777,81.7777,78.6901,79.396,0,0
SNT_PE,D,20170919,000000,81.7777,81.7777,78.0726,80.3659,0,0
SNT_PE,D,20170920,000000,81.7777,81.7777,78.3377,80.3659,0,0
SNT_PE,D,20170921,000000,81.7777,81.7777,78.161,80.1893,0,0
SNT_PE,D,20170922,000000,81.6903,81.6903,80.1893,80.1893,0,0
SNT_PE,D,20170925,000000,81.6903,81.6903,78.161,78.9542,0,0
SNT_PE,D,20170926,000000,82.2185,82.2185,78.6901,78.6901,0,0
SNT_PE,D,20170927,000000,81.6903,81.6903,79.1319,79.1319,0,0
SNT_PE,D,20170928,000000,79.1319,79.1319,79.1319,79.1319,0,0
SNT_PE,D,20170929,000000,81.2485,81.2485,81.2485,81.2485,0,0
SNT_PE,D,20171002,000000,81.6903,81.9544,81.6903,81.6903,0,0
SNT_PE,D,20171003,000000,81.7777,81.7777,78.6901,81.6903,0,0
SNT_PE,D,20171004,000000,81.6903,81.6903,81.1602,81.2485,0,0
SNT_PE,D,20171005,000000,80.2786,80.2786,76.22,78.6901,0,0
SNT_PE,D,20171006,000000,78.6901,81.5137,78.161,81.5137,0,0
SNT_PE,D,20171009,000000,81.6903,81.6903,78.0726,78.0726,0,0
SNT_PE,D,20171010,000000,79.396,79.396,77.6318,77.6318,0,0
SNT_PE,D,20171011,000000,79.7494,79.7494,74.5433,77.6318,0,0
SNT_PE,D,20171012,000000,79.7494,79.7494,79.0436,79.0436,0,0
SNT_PE,D,20171013,000000,79.1319,79.1319,75.6026,78.6027,0,0
SNT_PE,D,20171016,000000,81.0718,81.0718,78.0726,80.7194,0,0
SNT_PE,D,20171017,000000,81.1602,81.2485,81.1602,81.2485,0,0
SNT_PE,D,20171018,000000,79.1319,79.1319,79.1319,79.1319,0,0
SNT_PE,D,20171019,000000,79.1319,79.1319,79.1319,79.1319,0,0
SNT_PE,D,20171020,000000,81.2485,81.2485,75.8676,78.9542,0,0
SNT_PE,D,20171023,000000,80.4543,80.4543,78.8668,78.9542,0,0
SNT_PE,D,20171024,000000,79.2192,79.2192,79.0436,79.0436,0,0
SNT_PE,D,20171025,000000,79.0436,79.0436,75.8676,78.161,0,0
SNT_PE,D,20171026,000000,78.161,78.161,72.1626,75.5151,0,0
SNT_PE,D,20171027,000000,77.1027,77.1027,72.1626,72.8684,0,0
SNT_PE,D,20171030,000000,72.7792,72.9559,72.7792,72.9559,0,0
SNT_PE,D,20171031,000000,72.9559,72.9559,72.8684,72.8684,0,0
SNT_PE,D,20171102,000000,72.8684,76.0435,72.8684,76.0435,0,0
SNT_PE,D,20171103,000000,77.1027,80.4543,73.6617,73.6617,0,0
SNT_PE,D,20171106,000000,75.7784,75.7784,70.3984,72.8684,0,0
SNT_PE,D,20171107,000000,72.9559,72.9559,72.7792,72.7792,0,0
SNT_PE,D,20171108,000000,73.0442,73.0442,70.3101,72.25,0,0
SNT_PE,D,20171109,000000,72.9559,72.9559,70.5741,72.25,0,0
SNT_PE,D,20171110,000000,73.0442,73.0442,68.8993,69.075,0,0
SNT_PE,D,20171113,000000,68.6342,68.6342,66.6933,68.5449,0,0
SNT_PE,D,20171114,000000,68.5449,73.0442,68.5449,70.8392,0,0
SNT_PE,D,20171115,000000,73.1325,73.1325,73.1325,73.1325,0,0
SNT_PE,D,20171116,000000,73.1325,73.1325,71.1042,71.8091,0,0
SNT_PE,D,20171117,000000,73.1325,73.1325,71.8091,73.1325,0,0
SNT_PE,D,20171120,000000,73.1325,73.1325,71.7217,71.8091,0,0
SNT_PE,D,20171121,000000,71.8091,71.8091,71.5451,71.5451,0,0
SNT_PE,D,20171122,000000,71.5451,71.5451,69.6032,71.4567,0,0
SNT_PE,D,20171123,000000,71.4567,71.4567,71.2809,71.2809,0,0
SNT_PE,D,20171124,000000,71.4567,73.2209,71.4567,73.2209,0,0
SNT_PE,D,20171127,000000,73.4859,73.4859,71.5451,71.5451,0,0
SNT_PE,D,20171128,000000,73.4859,75.5151,71.1916,74.9851,0,0
SNT_PE,D,20171129,000000,74.9851,74.9851,73.4859,73.4859,0,0
SNT_PE,D,20171130,000000,75.3385,75.426,73.4859,74.8967,0,0
SNT_PE,D,20171201,000000,75.426,75.426,71.9859,74.4559,0,0
SNT_PE,D,20171204,000000,75.0743,75.0743,74.8967,74.8967,0,0
SNT_PE,D,20171205,000000,74.9851,74.9851,74.3676,74.4559,0,0
SNT_PE,D,20171206,000000,72.515,74.2792,72.515,72.8684,0,0
SNT_PE,D,20171207,000000,74.4559,74.4559,72.8684,73.4859,0,0
SNT_PE,D,20171208,000000,74.9851,74.9851,72.7792,74.4559,0,0
SNT_PE,D,20171211,000000,74.4559,74.8967,73.4859,74.0142,0,0
SNT_PE,D,20171212,000000,74.8967,74.8967,74.1034,74.1917,0,0
SNT_PE,D,20171213,000000,72.3384,73.5734,72.3384,73.5734,0,0
SNT_PE,D,20171214,000000,72.515,73.4859,72.515,73.4859,0,0
SNT_PE,D,20171215,000000,73.6617,77.3667,72.0742,77.3667,0,0
SNT_PE,D,20171218,000000,78.2493,80.8078,76.4851,79.396,0,0
SNT_PE,D,20171219,000000,79.396,79.396,77.8076,79.3076,0,0
SNT_PE,D,20171220,000000,79.2192,79.3076,79.2192,79.3076,0,0
SNT_PE,D,20171221,000000,79.3076,84.3371,79.3076,83.5429,0,0
SNT_PE,D,20171222,000000,83.2778,83.5429,83.2778,83.2778,0,0
SNT_PE,D,20171227,000000,84.072,85.6595,82.836,83.0127,0,0
SNT_PE,D,20171228,000000,85.307,85.307,81.7777,83.0127,0,0
SNT_PE,D,20171229,000000,82.836,83.2778,82.0428,82.7486,0,0
SNT_PE,D,20180103,000000,83.7186,83.7186,80.3659,82.3078,0,0
SNT_PE,D,20180104,000000,82.572,82.572,78.6027,79.5718,0,0
SNT_PE,D,20180105,000000,82.0428,82.0428,79.5718,80.8078,0,0
SNT_PE,D,20180108,000000,80.8078,80.8078,80.1019,80.631,0,0
SNT_PE,D,20180109,000000,82.1311,84.7769,79.9261,80.8078,0,0
SNT_PE,D,20180110,000000,82.3078,82.7486,81.3369,82.0428,0,0
SNT_PE,D,20180111,000000,82.7486,83.5429,81.5137,82.836,0,0
SNT_PE,D,20180112,000000,82.836,82.836,82.3078,82.572,0,0
SNT_PE,D,20180115,000000,81.8661,86.7187,81.8661,85.7479,0,0
SNT_PE,D,20180116,000000,86.5421,90.4229,86.5421,87.6879,0,0
SNT_PE,D,20180117,000000,87.4237,88.3937,85.2187,86.1887,0,0
SNT_PE,D,20180118,000000,85.2187,88.2179,84.7769,88.2179,0,0
SNT_PE,D,20180119,000000,88.4829,88.4829,85.7479,85.7479,0,0
SNT_PE,D,20180122,000000,87.6879,87.6879,85.042,85.7479,0,0
SNT_PE,D,20180123,000000,86.9829,86.9829,83.2778,84.7769,0,0
SNT_PE,D,20180124,000000,84.7769,84.7769,84.072,84.5129,0,0
SNT_PE,D,20180125,000000,84.7769,85.7479,83.2778,85.2187,0,0
SNT_PE,D,20180126,000000,85.9246,85.9246,85.4828,85.4828,0,0
SNT_PE,D,20180129,000000,85.4828,87.1595,83.2778,85.2187,0,0
SNT_PE,D,20180130,000000,85.2187,85.7479,84.9545,85.7479,0,0
SNT_PE,D,20180131,000000,86.5421,87.247,86.0119,87.247,0,0
SNT_PE,D,20180201,000000,87.6879,94.1243,87.5121,91.6634,0,0
SNT_PE,D,20180202,000000,93.5942,93.5942,33.1709,33.1709,0,0
SNT_PE,D,20180205,000000,31.6699,32.8165,31.6699,31.8466,0,0
SNT_PE,D,20180206,000000,31.1416,31.1416,29.9057,30.6106,0,0
SNT_PE,D,20180207,000000,30.5241,31.4932,30.5241,31.4932,0,0
SNT_PE,D,20180208,000000,31.6699,31.6699,30.6106,31.1416,0,0
SNT_PE,D,20180209,000000,30.2591,31.1416,30.0824,30.8766,0,0
SNT_PE,D,20180212,000000,31.3175,31.3175,30.4348,31.2281,0,0
SNT_PE,D,20180213,000000,31.5825,31.5825,30.5241,31.1416,0,0
SNT_PE,D,20180214,000000,31.6699,31.6699,31.3175,31.4932,0,0
SNT_PE,D,20180215,000000,31.5825,31.5825,30.6999,31.4058,0,0
SNT_PE,D,20180216,000000,31.4058,31.4058,29.9949,30.2591,0,0
SNT_PE,D,20180219,000000,30.8766,30.8766,30.3465,30.8766,0,0
SNT_PE,D,20180220,000000,30.965,30.965,30.3465,30.8766,0,0
SNT_PE,D,20180221,000000,30.8766,30.8766,29.9949,29.9949,0,0
SNT_PE,D,20180222,000000,30.5241,30.5241,30.0824,30.3465,0,0
SNT_PE,D,20180223,000000,30.6999,30.6999,29.1998,29.9057,0,0
SNT_PE,D,20180226,000000,29.8173,29.9057,29.3775,29.9057,0,0
SNT_PE,D,20180227,000000,29.8173,29.9057,29.4639,29.5533,0,0
SNT_PE,D,20180228,000000,29.9057,29.9057,28.1415,28.2299,0,0
SNT_PE,D,20180301,000000,27.9648,28.5823,27.6997,28.5823,0,0
SNT_PE,D,20180302,000000,29.3775,29.4639,29.1998,29.1998,0,0
SNT_PE,D,20180305,000000,29.4639,29.4639,27.9648,28.9358,0,0
SNT_PE,D,20180306,000000,29.3775,29.3775,28.3182,29.1998,0,0
SNT_PE,D,20180307,000000,29.1998,29.1998,28.4949,29.1124,0,0
SNT_PE,D,20180308,000000,29.1124,29.1998,28.76,29.1998,0,0
SNT_PE,D,20180309,000000,29.1998,29.1998,28.4949,29.1998,0,0
SNT_PE,D,20180312,000000,28.4056,28.76,27.9648,28.76,0,0
SNT_PE,D,20180313,000000,28.76,28.76,28.6706,28.76,0,0
SNT_PE,D,20180314,000000,28.76,28.76,28.3182,28.5823,0,0
SNT_PE,D,20180315,000000,29.2882,29.2882,28.6706,28.76,0,0
SNT_PE,D,20180316,000000,29.1998,29.1998,29.1998,29.1998,0,0
SNT_PE,D,20180319,000000,29.1124,29.2882,28.9358,29.2882,0,0
SNT_PE,D,20180320,000000,29.2882,29.3775,28.9358,29.3775,0,0
SNT_PE,D,20180321,000000,29.3775,29.4639,28.9358,29.4639,0,0
SNT_PE,D,20180322,000000,29.7289,30.2591,29.4639,30.0824,0,0
SNT_PE,D,20180323,000000,30.1708,30.1708,29.6416,29.9949,0,0
SNT_PE,D,20180326,000000,30.1708,30.1708,29.8173,30.1708,0,0
SNT_PE,D,20180327,000000,30.1708,30.1708,29.5533,30.1708,0,0
SNT_PE,D,20180328,000000,30.1708,30.1708,29.9949,30.0824,0,0
SNT_PE,D,20180329,000000,30.0824,30.0824,29.7289,29.9949,0,0
SNT_PE,D,20180403,000000,29.9949,29.9949,29.6416,29.9949,0,0
SNT_PE,D,20180404,000000,29.9949,29.9949,29.4639,29.4639,0,0
SNT_PE,D,20180405,000000,29.4639,29.9057,28.9358,29.9057,0,0
SNT_PE,D,20180406,000000,29.9057,29.9057,29.0232,29.1998,0,0
SNT_PE,D,20180409,000000,28.76,30.1708,28.76,30.1708,0,0
SNT_PE,D,20180410,000000,30.1708,31.3175,30.1708,31.2281,0,0
SNT_PE,D,20180411,000000,31.1416,31.1416,30.4348,31.0524,0,0
SNT_PE,D,20180412,000000,31.2281,31.4058,30.8766,30.8766,0,0
SNT_PE,D,20180413,000000,31.0524,31.2281,30.6999,31.2281,0,0
SNT_PE,D,20180416,000000,31.2281,31.4932,30.7883,31.4932,0,0
SNT_PE,D,20180417,000000,31.4932,31.8466,31.3175,31.8466,0,0
SNT_PE,D,20180418,000000,31.8466,32.0234,31.6699,32.0234,0,0
SNT_PE,D,20180419,000000,32.1107,32.6409,32.0234,32.6409,0,0
SNT_PE,D,20180420,000000,32.5525,32.7291,32.5525,32.7291,0,0
SNT_PE,D,20180423,000000,32.7291,32.7291,32.7291,32.7291,0,0
SNT_PE,D,20180424,000000,32.6409,32.8165,32.6409,32.8165,0,0
SNT_PE,D,20180425,000000,32.2883,32.6409,31.1416,31.1416,0,0
SNT_PE,D,20180426,000000,31.3175,32.6409,31.3175,32.1999,0,0
SNT_PE,D,20180427,000000,32.1999,32.9933,31.3175,31.4058,0,0
SNT_PE,D,20180430,000000,32.1999,32.1999,31.1416,32.0234,0,0
SNT_PE,D,20180502,000000,32.6409,32.6409,32.5525,32.6409,0,0
SNT_PE,D,20180504,000000,32.6409,32.6409,31.1416,32.0234,0,0
SNT_PE,D,20180507,000000,32.0234,32.0234,31.3175,32.0234,0,0
SNT_PE,D,20180508,000000,32.1107,32.1107,30.6999,31.935,0,0
SNT_PE,D,20180509,000000,30.965,31.8466,30.965,31.8466,0,0
SNT_PE,D,20180510,000000,31.7591,32.1999,31.6699,32.1999,0,0
SNT_PE,D,20180511,000000,32.2883,32.2883,31.3175,32.0234,0,0
SNT_PE,D,20180514,000000,32.4641,33.5224,11.3793,11.3793,0,0
SNT_PE,D,20180515,000000,11.557,11.557,11.1162,11.2036,0,0
SNT_PE,D,20180516,000000,11.3793,11.3793,10.9385,11.0269,0,0
SNT_PE,D,20180517,000000,11.292,11.292,10.5861,10.6753,0,0
SNT_PE,D,20180518,000000,10.6753,11.0269,10.4093,11.0269,0,0
SNT_PE,D,20180521,000000,11.0269,11.0269,10.7618,10.9385,0,0
SNT_PE,D,20180522,000000,10.9385,10.9385,10.5861,10.9385,0,0
SNT_PE,D,20180523,000000,10.9385,10.9385,10.9385,10.9385,0,0
SNT_PE,D,20180524,000000,10.9385,11.292,10.9385,11.2036,0,0
SNT_PE,D,20180525,000000,11.2036,11.2036,10.6753,11.1162,0,0
SNT_PE,D,20180528,000000,11.1162,11.1162,10.6753,10.6753,0,0
SNT_PE,D,20180529,000000,10.9385,10.9385,10.6753,10.6753,0,0
SNT_PE,D,20180530,000000,10.4977,10.4977,10.1443,10.4093,0,0
SNT_PE,D,20180601,000000,10.4093,10.4093,9.79281,9.88023,0,0
SNT_PE,D,20180604,000000,9.70441,10.5861,9.70441,10.0569,0,0
SNT_PE,D,20180605,000000,10.0569,10.2336,10.0569,10.2336,0,0
SNT_PE,D,20180606,000000,10.4977,10.6753,10.2336,10.4093,0,0
SNT_PE,D,20180607,000000,10.5861,10.6753,10.5861,10.6753,0,0
SNT_PE,D,20180608,000000,10.6753,10.6753,10.4093,10.5861,0,0
SNT_PE,D,20180611,000000,10.5861,10.6753,10.5861,10.6753,0,0
SNT_PE,D,20180612,000000,10.5861,10.6753,10.5861,10.6753,0,0
SNT_PE,D,20180613,000000,10.6753,10.6753,10.4977,10.6753,0,0
SNT_PE,D,20180614,000000,10.6753,10.6753,10.4977,10.6753,0,0
SNT_PE,D,20180615,000000,10.6753,10.6753,10.5861,10.5861,0,0
SNT_PE,D,20180618,000000,10.5861,10.5861,10.4093,10.4977,0,0
SNT_PE,D,20180619,000000,10.5861,10.5861,10.2336,10.4093,0,0
SNT_PE,D,20180620,000000,10.5861,10.5861,10.5861,10.5861,0,0
SNT_PE,D,20180621,000000,10.5861,10.5861,10.5861,10.5861,0,0
SNT_PE,D,20180622,000000,10.5861,10.5861,10.1443,10.4977,0,0
SNT_PE,D,20180625,000000,10.4977,10.4977,10.0569,10.4977,0,0
SNT_PE,D,20180626,000000,10.4977,10.4977,10.2336,10.4093,0,0
SNT_PE,D,20180627,000000,10.4977,10.4977,9.88023,10.4093,0,0
SNT_PE,D,20180628,000000,10.4093,10.4093,9.88023,10.4093,0,0
SNT_PE,D,20180629,000000,10.4093,10.4093,10.0569,10.1443,0,0
SNT_PE,D,20180702,000000,10.4093,10.4093,10.1443,10.4093,0,0
SNT_PE,D,20180703,000000,10.4093,10.4093,10.1443,10.4093,0,0
SNT_PE,D,20180704,000000,10.4093,10.4093,9.96863,10.4093,0,0
SNT_PE,D,20180705,000000,10.4093,10.4093,10.1443,10.4093,0,0
SNT_PE,D,20180706,000000,10.4093,10.8511,10.4093,10.6753,0,0
SNT_PE,D,20180709,000000,10.7618,10.7618,10.6753,10.6753,0,0
SNT_PE,D,20180710,000000,10.6753,10.8511,10.5861,10.8511,0,0
SNT_PE,D,20180711,000000,10.8511,10.8511,10.6753,10.6753,0,0
SNT_PE,D,20180712,000000,10.6753,10.6753,10.6753,10.6753,0,0
SNT_PE,D,20180713,000000,10.6753,10.7618,10.6753,10.6753,0,0
SNT_PE,D,20180716,000000,10.7618,10.7618,10.1443,10.1443,0,0
SNT_PE,D,20180717,000000,10.3219,10.4977,10.0569,10.4977,0,0
SNT_PE,D,20180718,000000,10.4977,10.5861,10.4977,10.5861,0,0
SNT_PE,D,20180719,000000,10.5861,10.5861,10.3219,10.5861,0,0
SNT_PE,D,20180720,000000,10.5861,10.5861,10.4093,10.4977,0,0
SNT_PE,D,20180723,000000,10.6753,10.6753,10.0569,10.4093,0,0
SNT_PE,D,20180724,000000,10.4093,10.4093,10.1443,10.3219,0,0
SNT_PE,D,20180725,000000,10.4093,10.4093,10.2336,10.4093,0,0
SNT_PE,D,20180726,000000,10.4093,10.4093,10.4093,10.4093,0,0
SNT_PE,D,20180727,000000,10.4093,10.4093,10.2336,10.2336,0,0
SNT_PE,D,20180730,000000,10.4977,10.4977,9.96863,9.96863,0,0
SNT_PE,D,20180731,000000,10.3219,10.3219,9.79281,10.0569,0,0
SNT_PE,D,20180801,000000,10.3219,10.3219,10.2336,10.3219,0,0
SNT_PE,D,20180802,000000,10.2336,10.2336,9.79281,10.2336,0,0
SNT_PE,D,20180803,000000,10.2336,10.6753,8.99765,8.99765,0,0
SNT_PE,D,20180806,000000,9.17434,9.17434,8.64556,9.17434,0,0
SNT_PE,D,20180807,000000,9.17434,9.17434,8.73307,8.82188,0,0
SNT_PE,D,20180808,000000,8.82188,8.82188,8.3807,8.46895,0,0
SNT_PE,D,20180809,000000,8.64556,9.08694,8.3807,8.73307,0,0
SNT_PE,D,20180810,000000,8.91115,8.91115,8.5572,8.5572,0,0
SNT_PE,D,20180813,000000,8.5572,8.5572,8.29253,8.3807,0,0
SNT_PE,D,20180814,000000,8.46895,8.46895,8.20428,8.20428,0,0
SNT_PE,D,20180816,000000,8.46895,8.46895,8.11602,8.20428,0,0
SNT_PE,D,20180817,000000,8.3807,8.3807,8.20428,8.29253,0,0
SNT_PE,D,20180820,000000,8.3807,8.3807,8.29253,8.3807,0,0
SNT_PE,D,20180821,000000,8.46895,8.46895,8.11602,8.11602,0,0
SNT_PE,D,20180822,000000,8.20428,8.20428,8.11602,8.20428,0,0
SNT_PE,D,20180823,000000,8.29253,8.29253,8.11602,8.20428,0,0
SNT_PE,D,20180824,000000,8.3807,8.3807,8.20428,8.20428,0,0
SNT_PE,D,20180827,000000,8.29253,8.29253,7.9396,8.20428,0,0
SNT_PE,D,20180828,000000,8.29253,8.29253,7.58676,7.58676,0,0
SNT_PE,D,20180829,000000,7.67492,7.76318,7.49851,7.49851,0,0
SNT_PE,D,20180830,000000,7.67492,7.67492,7.05741,7.41034,0,0
SNT_PE,D,20180831,000000,7.41034,7.41034,7.23384,7.23384,0,0
SNT_PE,D,20180903,000000,7.32209,7.49851,7.05741,7.23384,0,0
SNT_PE,D,20180904,000000,7.23384,7.23384,6.88099,7.05741,0,0
SNT_PE,D,20180905,000000,7.05741,7.05741,6.79274,6.96925,0,0
SNT_PE,D,20180906,000000,6.96925,7.05741,6.52815,6.70457,0,0
SNT_PE,D,20180907,000000,6.61632,6.96925,6.52815,6.70457,0,0
SNT_PE,D,20180910,000000,6.70457,6.70457,5.99881,5.99881,0,0
SNT_PE,D,20180911,000000,6.08705,6.17523,5.91055,5.99881,0,0
SNT_PE,D,20180912,000000,5.99881,6.26347,5.99881,5.99881,0,0
SNT_PE,D,20180913,000000,6.17523,6.17523,5.91055,5.99881,0,0
SNT_PE,D,20180914,000000,6.08705,6.08705,5.91055,5.99881,0,0
SNT_PE,D,20180917,000000,6.08705,6.26347,5.99881,6.17523,0,0
SNT_PE,D,20180918,000000,6.26347,6.4399,6.26347,6.4399,0,0
SNT_PE,D,20180919,000000,6.52815,6.52815,6.17523,6.52815,0,0
SNT_PE,D,20180920,000000,6.52815,7.05741,6.52815,6.52815,0,0
SNT_PE,D,20180921,000000,6.52815,6.52815,6.52815,6.52815,0,0
SNT_PE,D,20180924,000000,6.4399,6.96925,6.4399,6.70457,0,0
SNT_PE,D,20180925,000000,6.96925,6.96925,6.61632,6.70457,0,0
SNT_PE,D,20180926,000000,6.52815,6.70457,6.35164,6.35164,0,0
SNT_PE,D,20180927,000000,6.61632,6.61632,6.17523,6.17523,0,0
SNT_PE,D,20180928,000000,6.17523,6.4399,6.17523,6.26347,0,0
SNT_PE,D,20181001,000000,6.35164,6.35164,6.26347,6.26347,0,0
SNT_PE,D,20181002,000000,6.26347,6.26347,6.26347,6.26347,0,0
SNT_PE,D,20181003,000000,6.26347,6.35164,6.26347,6.35164,0,0
SNT_PE,D,20181004,000000,6.52815,6.70457,6.35164,6.52815,0,0
SNT_PE,D,20181005,000000,6.52815,6.61632,6.26347,6.52815,0,0
SNT_PE,D,20181008,000000,6.52815,6.96925,6.35164,6.70457,0,0
SNT_PE,D,20181009,000000,6.70457,6.88099,6.61632,6.88099,0,0
SNT_PE,D,20181010,000000,6.88099,6.96925,6.70457,6.79274,0,0
SNT_PE,D,20181011,000000,6.52815,6.52815,6.35164,6.35164,0,0
SNT_PE,D,20181012,000000,6.52815,6.52815,6.26347,6.35164,0,0
SNT_PE,D,20181015,000000,6.26347,6.88099,6.26347,6.70457,0,0
SNT_PE,D,20181016,000000,6.79274,6.88099,6.70457,6.88099,0,0
SNT_PE,D,20181017,000000,6.88099,7.23384,6.79274,7.05741,0,0
SNT_PE,D,20181018,000000,7.23384,7.49851,7.14567,7.49851,0,0
SNT_PE,D,20181019,000000,7.49851,8.29253,7.49851,8.20428,0,0
SNT_PE,D,20181022,000000,8.29253,8.64556,8.11602,8.5572,0,0
SNT_PE,D,20181023,000000,8.46895,8.5572,8.20428,8.46895,0,0
SNT_PE,D,20181024,000000,8.3807,8.3807,7.9396,8.11602,0,0
SNT_PE,D,20181025,000000,8.02786,8.02786,7.49851,7.58676,0,0
SNT_PE,D,20181026,000000,7.67492,7.67492,7.14567,7.41034,0,0
SNT_PE,D,20181029,000000,7.41034,7.41034,7.14567,7.32209,0,0
SNT_PE,D,20181030,000000,7.32209,7.32209,7.14567,7.23384,0,0
SNT_PE,D,20181031,000000,7.23384,7.41034,7.14567,7.41034,0,0
SNT_PE,D,20181102,000000,7.41034,7.41034,7.41034,7.41034,0,0
SNT_PE,D,20181105,000000,7.41034,7.41034,7.41034,7.41034,0,0
SNT_PE,D,20181106,000000,7.41034,7.41034,7.32209,7.32209,0,0
SNT_PE,D,20181107,000000,7.41034,7.41034,7.32209,7.41034,0,0
SNT_PE,D,20181108,000000,7.67492,7.67492,7.14567,7.41034,0,0
SNT_PE,D,20181109,000000,7.41034,7.41034,7.23384,7.41034,0,0
SNT_PE,D,20181113,000000,7.67492,7.85143,7.41034,7.85143,0,0
SNT_PE,D,20181114,000000,8.02786,8.02786,7.67492,7.76318,0,0
SNT_PE,D,20181115,000000,7.76318,7.76318,7.14567,7.14567,0,0
SNT_PE,D,20181116,000000,7.14567,7.32209,6.52815,6.70457,0,0
SNT_PE,D,20181119,000000,6.70457,6.79274,6.70457,6.79274,0,0
SNT_PE,D,20181120,000000,6.88099,6.88099,6.26347,6.35164,0,0
SNT_PE,D,20181121,000000,6.61632,6.61632,6.4399,6.61632,0,0
SNT_PE,D,20181122,000000,6.61632,6.61632,6.35164,6.4399,0,0
SNT_PE,D,20181123,000000,6.52815,6.52815,6.08705,6.26347,0,0
SNT_PE,D,20181126,000000,6.35164,6.70457,6.17523,6.26347,0,0
SNT_PE,D,20181127,000000,6.35164,6.35164,6.17523,6.26347,0,0
SNT_PE,D,20181128,000000,6.35164,6.35164,5.99881,5.99881,0,0
SNT_PE,D,20181129,000000,6.08705,6.08705,5.82239,5.91055,0,0
SNT_PE,D,20181130,000000,5.91055,5.91055,5.64597,5.73413,0,0
SNT_PE,D,20181203,000000,5.73413,6.17523,5.73413,5.82239,0,0
SNT_PE,D,20181204,000000,5.99881,5.99881,5.73413,5.73413,0,0
SNT_PE,D,20181205,000000,5.82239,5.82239,5.55771,5.82239,0,0
SNT_PE,D,20181206,000000,5.82239,5.82239,5.55771,5.64597,0,0
SNT_PE,D,20181207,000000,5.64597,5.64597,5.38129,5.55771,0,0
SNT_PE,D,20181210,000000,5.55771,5.55771,5.46946,5.46946,0,0
SNT_PE,D,20181211,000000,5.55771,5.55771,5.38129,5.38129,0,0
SNT_PE,D,20181212,000000,5.38129,5.46946,5.29303,5.38129,0,0
SNT_PE,D,20181213,000000,5.46946,5.46946,5.20487,5.29303,0,0
SNT_PE,D,20181214,000000,5.38129,5.38129,5.29303,5.38129,0,0
SNT_PE,D,20181217,000000,5.38129,5.46946,5.29303,5.29303,0,0
SNT_PE,D,20181218,000000,5.38129,5.38129,5.20487,5.29303,0,0
SNT_PE,D,20181219,000000,5.38129,5.38129,5.29303,5.29303,0,0
SNT_PE,D,20181220,000000,5.29303,5.38129,5.29303,5.29303,0,0
SNT_PE,D,20181221,000000,5.29303,5.46946,5.29303,5.38129,0,0
SNT_PE,D,20181227,000000,5.38129,5.38129,5.29303,5.29303,0,0
SNT_PE,D,20181228,000000,5.38129,5.38129,5.20487,5.20487,0,0
SNT_PE,D,20190102,000000,5.29303,5.29303,5.11661,5.11661,0,0
SNT_PE,D,20190103,000000,5.20487,5.20487,5.11661,5.11661,0,0
SNT_PE,D,20190104,000000,5.11661,5.11661,5.02836,5.11661,0,0
SNT_PE,D,20190107,000000,5.11661,5.29303,5.11661,5.29303,0,0
SNT_PE,D,20190108,000000,5.29303,5.64597,5.29303,5.64597,0,0
SNT_PE,D,20190109,000000,5.82239,5.82239,5.73413,5.82239,0,0
SNT_PE,D,20190110,000000,5.82239,5.82239,5.73413,5.73413,0,0
SNT_PE,D,20190111,000000,5.82239,5.82239,5.64597,5.64597,0,0
SNT_PE,D,20190114,000000,5.64597,5.73413,5.64597,5.64597,0,0
SNT_PE,D,20190115,000000,5.73413,5.73413,5.64597,5.64597,0,0
SNT_PE,D,20190116,000000,5.73413,5.73413,5.64597,5.64597,0,0
SNT_PE,D,20190117,000000,5.73413,5.73413,5.55771,5.64597,0,0
SNT_PE,D,20190118,000000,5.64597,5.73413,5.55771,5.64597,0,0
SNT_PE,D,20190121,000000,5.64597,5.64597,5.55771,5.55771,0,0
SNT_PE,D,20190122,000000,5.55771,6.17523,5.55771,6.17523,0,0
SNT_PE,D,20190123,000000,6.17523,6.70457,6.17523,6.4399,0,0
SNT_PE,D,20190124,000000,6.79274,7.41034,6.70457,6.88099,0,0
SNT_PE,D,20190125,000000,6.96925,7.23384,6.88099,7.14567,0,0
SNT_PE,D,20190128,000000,7.23384,7.85143,7.14567,7.85143,0,0
SNT_PE,D,20190129,000000,7.9396,8.29253,7.9396,8.11602,0,0
SNT_PE,D,20190130,000000,8.11602,8.11602,7.67492,7.85143,0,0
SNT_PE,D,20190131,000000,7.85143,7.85143,7.49851,7.76318,0,0
SNT_PE,D,20190201,000000,7.85143,7.85143,7.41034,7.76318,0,0
SNT_PE,D,20190204,000000,7.76318,7.76318,7.41034,7.49851,0,0
SNT_PE,D,20190205,000000,7.49851,7.49851,7.14567,7.32209,0,0
SNT_PE,D,20190206,000000,7.49851,7.67492,7.23384,7.58676,0,0
SNT_PE,D,20190207,000000,7.58676,7.85143,7.32209,7.49851,0,0
SNT_PE,D,20190208,000000,7.58676,7.58676,7.14567,7.32209,0,0
SNT_PE,D,20190211,000000,7.58676,7.67492,7.32209,7.49851,0,0
SNT_PE,D,20190212,000000,7.58676,7.76318,7.41034,7.76318,0,0
SNT_PE,D,20190213,000000,7.76318,7.9396,7.67492,7.76318,0,0
SNT_PE,D,20190214,000000,7.85143,7.85143,7.67492,7.76318,0,0
SNT_PE,D,20190215,000000,8.02786,8.5572,8.02786,8.20428,0,0
SNT_PE,D,20190218,000000,8.46895,8.82188,8.46895,8.82188,0,0
SNT_PE,D,20190219,000000,8.91115,8.91115,8.29253,8.46895,0,0
SNT_PE,D,20190220,000000,8.5572,8.91115,8.20428,8.82188,0,0
SNT_PE,D,20190221,000000,8.82188,9.43944,8.82188,9.2627,0,0
SNT_PE,D,20190222,000000,9.52771,9.70441,6.52815,6.52815,0,0
SNT_PE,D,20190225,000000,6.52815,6.52815,6.08705,6.4399,0,0
SNT_PE,D,20190226,000000,6.4399,6.61632,6.26347,6.4399,0,0
SNT_PE,D,20190227,000000,6.4399,6.4399,5.99881,6.26347,0,0
SNT_PE,D,20190228,000000,6.08705,6.52815,6.08705,6.52815,0,0
SNT_PE,D,20190301,000000,6.35164,6.4399,6.17523,6.26347,0,0
SNT_PE,D,20190304,000000,6.4399,6.4399,6.08705,6.35164,0,0
SNT_PE,D,20190305,000000,6.35164,6.35164,6.08705,6.26347,0,0
SNT_PE,D,20190306,000000,6.26347,6.26347,6.08705,6.26347,0,0
SNT_PE,D,20190307,000000,6.26347,6.26347,6.08705,6.08705,0,0
SNT_PE,D,20190308,000000,6.17523,6.17523,5.99881,6.08705,0,0
SNT_PE,D,20190311,000000,6.17523,6.17523,6.08705,6.17523,0,0
SNT_PE,D,20190312,000000,6.17523,6.17523,6.08705,6.17523,0,0
SNT_PE,D,20190313,000000,6.26347,6.26347,6.08705,6.17523,0,0
SNT_PE,D,20190314,000000,6.26347,6.26347,6.17523,6.17523,0,0
SNT_PE,D,20190315,000000,6.17523,6.17523,6.08705,6.08705,0,0
SNT_PE,D,20190318,000000,6.08705,6.08705,5.91055,6.08705,0,0
SNT_PE,D,20190319,000000,6.08705,6.08705,5.91055,5.99881,0,0
SNT_PE,D,20190320,000000,6.08705,6.08705,5.91055,5.91055,0,0
SNT_PE,D,20190321,000000,5.91055,5.91055,5.73413,5.91055,0,0
SNT_PE,D,20190322,000000,5.91055,6.26347,5.91055,6.08705,0,0
SNT_PE,D,20190325,000000,6.08705,6.08705,5.91055,5.91055,0,0
SNT_PE,D,20190326,000000,5.99881,5.99881,5.82239,5.82239,0,0
SNT_PE,D,20190327,000000,5.82239,5.91055,5.73413,5.91055,0,0
SNT_PE,D,20190328,000000,5.91055,6.08705,5.82239,5.99881,0,0
SNT_PE,D,20190329,000000,5.99881,5.99881,5.99881,5.99881,0,0
SNT_PE,D,20190401,000000,6.17523,6.35164,6.08705,6.35164,0,0
SNT_PE,D,20190402,000000,6.4399,6.61632,6.4399,6.61632,0,0
SNT_PE,D,20190403,000000,6.70457,6.70457,6.35164,6.61632,0,0
SNT_PE,D,20190404,000000,6.70457,6.70457,6.52815,6.52815,0,0
SNT_PE,D,20190405,000000,6.52815,6.70457,6.52815,6.52815,0,0
SNT_PE,D,20190408,000000,6.52815,6.52815,6.4399,6.4399,0,0
SNT_PE,D,20190409,000000,6.4399,6.61632,6.4399,6.52815,0,0
SNT_PE,D,20190410,000000,6.61632,6.70457,6.52815,6.70457,0,0
SNT_PE,D,20190411,000000,6.70457,6.96925,6.70457,6.88099,0,0
SNT_PE,D,20190412,000000,6.88099,7.14567,6.88099,7.14567,0,0
SNT_PE,D,20190415,000000,7.05741,7.32209,7.05741,7.23384,0,0
SNT_PE,D,20190416,000000,7.32209,7.41034,7.14567,7.32209,0,0
SNT_PE,D,20190417,000000,7.23384,7.58676,7.23384,7.49851,0,0
SNT_PE,D,20190418,000000,7.49851,7.49851,7.32209,7.49851,0,0
SNT_PE,D,20190423,000000,7.49851,7.49851,7.32209,7.41034,0,0
SNT_PE,D,20190424,000000,7.41034,7.41034,7.05741,7.05741,0,0
SNT_PE,D,20190425,000000,7.23384,7.23384,6.79274,7.14567,0,0
SNT_PE,D,20190426,000000,7.14567,7.14567,6.96925,7.14567,0,0
SNT_PE,D,20190429,000000,7.14567,7.14567,7.05741,7.05741,0,0
SNT_PE,D,20190430,000000,7.14567,7.14567,6.96925,7.14567,0,0
SNT_PE,D,20190502,000000,7.14567,7.23384,7.05741,7.23384,0,0
SNT_PE,D,20190506,000000,7.23384,7.23384,7.05741,7.14567,0,0
SNT_PE,D,20190507,000000,7.14567,7.23384,7.05741,7.23384,0,0
SNT_PE,D,20190508,000000,7.23384,7.23384,7.05741,7.14567,0,0
SNT_PE,D,20190509,000000,7.14567,7.14567,7.05741,7.14567,0,0
SNT_PE,D,20190510,000000,7.14567,7.32209,7.14567,7.14567,0,0
SNT_PE,D,20190513,000000,7.23384,7.23384,7.14567,7.14567,0,0
SNT_PE,D,20190514,000000,7.14567,7.32209,7.14567,7.23384,0,0
SNT_PE,D,20190515,000000,7.23384,7.23384,7.14567,7.14567,0,0
SNT_PE,D,20190516,000000,7.05741,7.14567,6.96925,7.14567,0,0
SNT_PE,D,20190517,000000,7.14567,7.14567,7.05741,7.05741,0,0
SNT_PE,D,20190520,000000,7.05741,7.14567,7.05741,7.05741,0,0
SNT_PE,D,20190521,000000,7.05741,7.23384,7.05741,7.23384,0,0
SNT_PE,D,20190522,000000,7.23384,7.23384,7.14567,7.23384,0,0
SNT_PE,D,20190523,000000,7.14567,7.23384,7.14567,7.23384,0,0
SNT_PE,D,20190524,000000,7.14567,7.23384,7.14567,7.23384,0,0
SNT_PE,D,20190527,000000,7.23384,7.23384,7.14567,7.14567,0,0
SNT_PE,D,20190528,000000,7.14567,7.23384,7.05741,7.23384,0,0
SNT_PE,D,20190529,000000,7.23384,7.32209,7.14567,7.23384,0,0
SNT_PE,D,20190530,000000,7.23384,7.23384,7.14567,7.23384,0,0
SNT_PE,D,20190531,000000,7.23384,7.23384,7.05741,7.14567,0,0
SNT_PE,D,20190603,000000,7.14567,7.14567,7.05741,7.05741,0,0
SNT_PE,D,20190604,000000,7.05741,7.14567,7.05741,7.14567,0,0
SNT_PE,D,20190605,000000,7.14567,7.23384,7.05741,7.05741,0,0
SNT_PE,D,20190606,000000,7.14567,7.23384,7.05741,7.23384,0,0
SNT_PE,D,20190607,000000,7.23384,7.23384,7.14567,7.14567,0,0
SNT_PE,D,20190610,000000,7.23384,7.23384,6.52815,6.52815,0,0
SNT_PE,D,20190611,000000,6.4399,6.4399,6.08705,6.35164,0,0
SNT_PE,D,20190612,000000,6.4399,6.61632,6.4399,6.61632,0,0
SNT_PE,D,20190613,000000,6.70457,6.70457,6.4399,6.61632,0,0
SNT_PE,D,20190614,000000,6.61632,6.61632,6.4399,6.61632,0,0
SNT_PE,D,20190617,000000,6.61632,6.61632,6.26347,6.26347,0,0
SNT_PE,D,20190618,000000,6.26347,6.4399,6.26347,6.4399,0,0
SNT_PE,D,20190619,000000,6.52815,10.8511,6.52815,10.8511,0,0
SNT_PE,D,20190621,000000,10.8511,10.8511,10.7618,10.8511,0,0
SNT_PE,D,20190624,000000,10.8511,10.8511,10.7618,10.7618,0,0
SNT_PE,D,20190625,000000,10.7618,11.2036,10.7618,11.1162,0,0
SNT_PE,D,20190626,000000,11.1162,11.1162,10.6753,10.8511,0,0
SNT_PE,D,20190627,000000,10.6753,11.1162,10.6753,11.1162,0,0
SNT_PE,D,20190628,000000,11.1162,11.1162,11.1162,11.1162,0,0
SNT_PE,D,20190701,000000,11.2036,11.2036,10.8511,10.8511,0,0
SNT_PE,D,20190702,000000,10.8511,11.1162,10.8511,10.8511,0,0
SNT_PE,D,20190703,000000,10.8511,11.0269,10.7618,10.8511,0,0
SNT_PE,D,20190704,000000,11.0269,11.3793,11.0269,11.2036,0,0
SNT_PE,D,20190705,000000,11.2036,11.3793,11.1162,11.292,0,0
SNT_PE,D,20190708,000000,11.2036,11.292,11.0269,11.2036,0,0
SNT_PE,D,20190709,000000,11.2036,11.2036,10.9385,10.9385,0,0
SNT_PE,D,20190710,000000,11.292,11.292,10.6753,11.2036,0,0
SNT_PE,D,20190711,000000,11.1162,11.1162,11.0269,11.1162,0,0
SNT_PE,D,20190712,000000,10.8511,11.1162,10.8511,11.1162,0,0
SNT_PE,D,20190715,000000,11.1162,11.1162,10.8511,11.0269,0,0
SNT_PE,D,20190716,000000,11.0269,11.0269,10.8511,11.0269,0,0
SNT_PE,D,20190717,000000,10.9385,11.0269,10.9385,10.9385,0,0
SNT_PE,D,20190718,000000,10.9385,10.9385,10.4093,10.4977,0,0
SNT_PE,D,20190719,000000,10.9385,10.9385,10.4093,10.6753,0,0
SNT_PE,D,20190722,000000,10.9385,10.9385,10.4977,10.7618,0,0
SNT_PE,D,20190723,000000,10.9385,11.0269,10.6753,11.0269,0,0
SNT_PE,D,20190724,000000,10.6753,11.2036,10.6753,11.2036,0,0
SNT_PE,D,20190725,000000,11.2036,11.2036,10.7618,10.7618,0,0
SNT_PE,D,20190726,000000,11.0269,11.0269,10.7618,10.7618,0,0
SNT_PE,D,20190729,000000,10.9385,10.9385,10.4977,10.5861,0,0
SNT_PE,D,20190730,000000,10.6753,10.6753,10.4093,10.6753,0,0
SNT_PE,D,20190731,000000,10.6753,10.6753,10.4977,10.5861,0,0
SNT_PE,D,20190801,000000,10.5861,10.8511,10.2336,10.4093,0,0
SNT_PE,D,20190802,000000,10.4093,10.4093,10.1443,10.2336,0,0
SNT_PE,D,20190805,000000,10.2336,10.2336,9.79281,10.0569,0,0
SNT_PE,D,20190806,000000,10.0569,10.0569,9.88023,9.96863,0,0
SNT_PE,D,20190807,000000,10.1443,10.4977,10.0569,10.4977,0,0
SNT_PE,D,20190808,000000,10.4977,10.9385,10.4977,10.8511,0,0
SNT_PE,D,20190809,000000,10.4977,12.791,10.4977,12.791,0,0
SNT_PE,D,20190812,000000,12.2619,12.791,12.2619,12.5269,0,0
SNT_PE,D,20190813,000000,12.5269,12.8804,12.5269,12.8804,0,0
SNT_PE,D,20190814,000000,12.8804,13.0562,12.7036,12.8804,0,0
SNT_PE,D,20190816,000000,12.8804,12.8804,12.2619,12.3503,0,0
SNT_PE,D,20190819,000000,12.3503,12.7036,12.3503,12.6153,0,0
SNT_PE,D,20190820,000000,12.6153,12.6153,12.6153,12.6153,0,0
SNT_PE,D,20190821,000000,12.6153,12.6153,12.6153,12.6153,0,0
SNT_PE,D,20190822,000000,12.6153,12.6153,12.5269,12.5269,0,0
SNT_PE,D,20190823,000000,12.6153,12.6153,12.2619,12.5269,0,0
SNT_PE,D,20190826,000000,12.3503,12.3503,12.1735,12.3503,0,0
SNT_PE,D,20190827,000000,12.6153,12.6153,12.4396,12.4396,0,0
SNT_PE,D,20190828,000000,12.5269,12.5269,11.8211,11.9094,0,0
SNT_PE,D,20190829,000000,11.8211,12.5269,11.8211,12.0861,0,0
SNT_PE,D,20190830,000000,12.4396,12.4396,12.4396,12.4396,0,0
SNT_PE,D,20190902,000000,12.4396,12.4396,12.4396,12.4396,0,0
SNT_PE,D,20190903,000000,12.4396,12.4396,12.0861,12.4396,0,0
SNT_PE,D,20190904,000000,12.2619,12.2619,12.2619,12.2619,0,0
SNT_PE,D,20190905,000000,12.2619,12.2619,12.0861,12.0861,0,0
SNT_PE,D,20190906,000000,12.3503,12.3503,11.8211,12.1735,0,0
SNT_PE,D,20190909,000000,11.9978,12.1735,11.9094,12.1735,0,0
SNT_PE,D,20190910,000000,12.1735,12.2619,12.1735,12.2619,0,0
SNT_PE,D,20190911,000000,12.2619,12.2619,11.9978,12.2619,0,0
SNT_PE,D,20190912,000000,12.2619,12.2619,11.8211,11.8211,0,0
SNT_PE,D,20190913,000000,12.2619,12.2619,11.8211,12.2619,0,0
SNT_PE,D,20190916,000000,12.2619,12.2619,11.9094,12.1735,0,0
SNT_PE,D,20190917,000000,12.2619,12.2619,11.9094,12.0861,0,0
SNT_PE,D,20190918,000000,12.2619,12.2619,11.557,11.8211,0,0
SNT_PE,D,20190919,000000,11.8211,12.2619,11.557,12.2619,0,0
SNT_PE,D,20190920,000000,12.2619,12.2619,12.1735,12.1735,0,0
SNT_PE,D,20190923,000000,12.1735,12.1735,11.6444,12.0861,0,0
SNT_PE,D,20190924,000000,12.1735,12.1735,11.7337,12.0861,0,0
SNT_PE,D,20190925,000000,12.1735,12.1735,11.8211,12.1735,0,0
SNT_PE,D,20190926,000000,12.1735,12.1735,11.8211,12.1735,0,0
SNT_PE,D,20190927,000000,12.1735,12.6153,12.1735,12.6153,0,0
SNT_PE,D,20190930,000000,12.6153,12.6153,12.0861,12.2619,0,0
SNT_PE,D,20191001,000000,12.2619,12.2619,11.9094,12.1735,0,0
SNT_PE,D,20191002,000000,12.2619,12.2619,11.8211,11.9978,0,0
SNT_PE,D,20191003,000000,12.0861,12.0861,11.8211,11.9978,0,0
SNT_PE,D,20191004,000000,12.2619,12.2619,11.9978,12.2619,0,0
SNT_PE,D,20191007,000000,12.2619,12.2619,12.2619,12.2619,0,0
SNT_PE,D,20191008,000000,12.1735,12.1735,12.0861,12.0861,0,0
SNT_PE,D,20191009,000000,12.1735,12.2619,11.7337,12.2619,0,0
SNT_PE,D,20191010,000000,12.1735,12.1735,11.9978,12.1735,0,0
SNT_PE,D,20191011,000000,12.1735,12.3503,11.7337,12.0861,0,0
SNT_PE,D,20191014,000000,12.1735,12.5269,12.0861,12.5269,0,0
SNT_PE,D,20191015,000000,12.5269,12.791,12.5269,12.791,0,0
SNT_PE,D,20191016,000000,12.791,12.9678,12.6153,12.8804,0,0
SNT_PE,D,20191017,000000,12.8804,12.8804,12.8804,12.8804,0,0
SNT_PE,D,20191018,000000,12.9678,13.0562,12.8804,12.9678,0,0
SNT_PE,D,20191021,000000,12.9678,12.9678,12.6153,12.791,0,0
SNT_PE,D,20191022,000000,12.791,12.9678,12.4396,12.8804,0,0
SNT_PE,D,20191023,000000,12.8804,12.8804,12.6153,12.8804,0,0
SNT_PE,D,20191024,000000,12.8804,12.8804,12.5269,12.8804,0,0
SNT_PE,D,20191025,000000,12.8804,12.8804,12.8804,12.8804,0,0
SNT_PE,D,20191028,000000,12.8804,12.8804,12.7036,12.791,0,0
SNT_PE,D,20191029,000000,12.791,12.8804,12.5269,12.791,0,0
SNT_PE,D,20191030,000000,12.8804,12.8804,12.6153,12.8804,0,0
SNT_PE,D,20191031,000000,12.8804,12.8804,12.8804,12.8804,0,0
SNT_PE,D,20191104,000000,12.8804,12.8804,12.7036,12.7036,0,0
SNT_PE,D,20191105,000000,12.5269,12.791,12.5269,12.7036,0,0
SNT_PE,D,20191106,000000,12.791,12.791,12.6153,12.6153,0,0
SNT_PE,D,20191107,000000,12.791,12.791,12.4396,12.791,0,0
SNT_PE,D,20191108,000000,12.8804,12.8804,11.7337,11.7337,0,0
SNT_PE,D,20191112,000000,11.6444,11.7337,11.2036,11.3793,0,0
SNT_PE,D,20191113,000000,11.3793,11.3793,11.2036,11.292,0,0
SNT_PE,D,20191114,000000,11.3793,11.3793,11.292,11.292,0,0
SNT_PE,D,20191115,000000,11.292,11.3793,10.9385,11.3793,0,0
SNT_PE,D,20191118,000000,11.3793,11.3793,11.3793,11.3793,0,0
SNT_PE,D,20191119,000000,11.3793,11.3793,11.0269,11.3793,0,0
SNT_PE,D,20191120,000000,11.3793,11.6444,11.3793,11.557,0,0
SNT_PE,D,20191121,000000,11.4686,11.557,11.4686,11.557,0,0
SNT_PE,D,20191122,000000,11.557,11.557,11.3793,11.3793,0,0
SNT_PE,D,20191125,000000,11.292,11.292,11.1162,11.1162,0,0
SNT_PE,D,20191126,000000,11.1162,11.3793,10.9385,11.3793,0,0
SNT_PE,D,20191127,000000,11.0269,11.3793,11.0269,11.3793,0,0
SNT_PE,D,20191128,000000,11.292,11.292,11.292,11.292,0,0
SNT_PE,D,20191129,000000,11.292,11.3793,11.1162,11.3793,0,0
SNT_PE,D,20191202,000000,11.292,11.292,11.0269,11.2036,0,0
SNT_PE,D,20191203,000000,11.2036,11.292,11.2036,11.292,0,0
SNT_PE,D,20191204,000000,11.292,11.292,11.0269,11.2036,0,0
SNT_PE,D,20191205,000000,11.292,11.292,10.9385,11.292,0,0
SNT_PE,D,20191206,000000,11.292,11.292,11.292,11.292,0,0
SNT_PE,D,20191209,000000,11.292,11.292,11.2036,11.2036,0,0
SNT_PE,D,20191210,000000,11.2036,11.292,10.9385,11.292,0,0
SNT_PE,D,20191211,000000,11.2036,11.2036,11.1162,11.1162,0,0
SNT_PE,D,20191212,000000,11.1162,11.1162,10.8511,10.9385,0,0
SNT_PE,D,20191213,000000,10.9385,11.0269,10.7618,10.9385,0,0
SNT_PE,D,20191216,000000,10.9385,10.9385,10.2336,10.8511,0,0
SNT_PE,D,20191217,000000,10.9385,10.9385,10.8511,10.8511,0,0
SNT_PE,D,20191218,000000,10.8511,10.8511,10.4093,10.7618,0,0
SNT_PE,D,20191219,000000,10.8511,10.8511,10.7618,10.7618,0,0
SNT_PE,D,20191220,000000,10.7618,10.7618,10.5861,10.6753,0,0
SNT_PE,D,20191223,000000,10.8511,11.6444,10.8511,11.6444,0,0
SNT_PE,D,20191227,000000,11.7337,12.3503,11.7337,12.3503,0,0
SNT_PE,D,20191230,000000,12.6153,12.7036,11.9094,12.7036,0,0
SNT_PE,D,20200102,000000,12.7036,12.7036,12.0861,12.2619,0,0
SNT_PE,D,20200103,000000,12.3503,12.3503,12.1735,12.2619,0,0
SNT_PE,D,20200107,000000,12.3503,12.3503,11.8211,11.8211,0,0
SNT_PE,D,20200108,000000,11.9978,11.9978,11.7337,11.8211,0,0
SNT_PE,D,20200109,000000,11.9094,12.5269,11.9094,11.9978,0,0
SNT_PE,D,20200110,000000,11.9978,12.2619,11.9094,12.0861,0,0
SNT_PE,D,20200113,000000,12.2619,12.2619,11.6444,11.9978,0,0
SNT_PE,D,20200114,000000,12.2619,12.2619,11.9978,12.0861,0,0
SNT_PE,D,20200115,000000,12.2619,12.2619,11.7337,11.9094,0,0
SNT_PE,D,20200116,000000,11.557,11.557,11.3793,11.4686,0,0
SNT_PE,D,20200117,000000,11.4686,11.9094,11.4686,11.557,0,0
SNT_PE,D,20200120,000000,11.4686,11.9094,11.4686,11.557,0,0
SNT_PE,D,20200121,000000,11.557,11.8211,11.557,11.7337,0,0
SNT_PE,D,20200122,000000,11.8211,11.8211,11.3793,11.557,0,0
SNT_PE,D,20200123,000000,11.8211,11.8211,11.4686,11.557,0,0
SNT_PE,D,20200124,000000,11.6444,11.7337,11.4686,11.6444,0,0
SNT_PE,D,20200127,000000,11.4686,11.7337,11.3793,11.7337,0,0
SNT_PE,D,20200128,000000,11.557,11.7337,11.3793,11.7337,0,0
SNT_PE,D,20200129,000000,11.7337,11.8211,11.6444,11.8211,0,0
SNT_PE,D,20200130,000000,11.9094,13.0562,11.9094,12.9678,0,0
SNT_PE,D,20200131,000000,12.9678,13.0562,12.4396,12.8804,0,0
SNT_PE,D,20200203,000000,12.8804,13.1435,12.791,13.1435,0,0
SNT_PE,D,20200204,000000,13.1435,13.1435,12.8804,12.9678,0,0
SNT_PE,D,20200205,000000,13.0562,13.2328,12.9678,13.1435,0,0
SNT_PE,D,20200206,000000,13.1435,13.1435,13.0562,13.1435,0,0
SNT_PE,D,20200207,000000,13.1435,13.2328,12.8804,13.2328,0,0
SNT_PE,D,20200210,000000,13.3212,13.7619,13.2328,13.7619,0,0
SNT_PE,D,20200211,000000,13.7619,13.7619,13.4979,13.6737,0,0
SNT_PE,D,20200212,000000,13.6737,13.6737,13.4086,13.4979,0,0
SNT_PE,D,20200213,000000,13.4979,13.6737,13.1435,13.3212,0,0
SNT_PE,D,20200214,000000,13.5853,13.5853,13.2328,13.4086,0,0
SNT_PE,D,20200217,000000,13.4086,13.5853,13.4086,13.5853,0,0
SNT_PE,D,20200218,000000,13.5853,13.8503,13.4979,13.7619,0,0
SNT_PE,D,20200219,000000,13.7619,13.9387,13.7619,13.7619,0,0
SNT_PE,D,20200220,000000,13.7619,13.7619,13.4979,13.5853,0,0
SNT_PE,D,20200221,000000,13.6737,13.6737,13.4086,13.4086,0,0
SNT_PE,D,20200224,000000,13.5853,13.5853,12.7036,12.9678,0,0
SNT_PE,D,20200225,000000,12.9678,12.9678,12.7036,12.791,0,0
SNT_PE,D,20200226,000000,12.791,13.1435,12.791,13.0562,0,0
SNT_PE,D,20200227,000000,12.7036,31.2281,11.8211,31.2281,0,0
SNT_PE,D,20200228,000000,30.3465,30.6999,29.0232,30.6106,0,0
SNT_PE,D,20200302,000000,30.4348,32.5525,30.4348,31.4058,0,0
SNT_PE,D,20200303,000000,31.8466,33.3466,31.8466,32.5525,0,0
SNT_PE,D,20200304,000000,32.3758,32.8165,31.935,32.7291,0,0
SNT_PE,D,20200305,000000,32.8165,33.1709,32.5525,33.1709,0,0
SNT_PE,D,20200306,000000,33.2574,33.2574,32.2883,32.5525,0,0
SNT_PE,D,20200309,000000,31.3639,32.2679,29.1049,29.2853,0,0
SNT_PE,D,20200310,000000,28.9236,31.5453,28.9236,30.1893,0,0
SNT_PE,D,20200311,000000,30.5502,30.5502,26.2117,27.0255,0,0
SNT_PE,D,20200312,000000,24.495,25.9411,22.9577,23.1391,0,0
SNT_PE,D,20200313,000000,23.3194,25.399,22.6871,24.8558,0,0
SNT_PE,D,20200316,000000,24.4049,24.4049,22.6871,24.4049,0,0
SNT_PE,D,20200317,000000,24.4049,26.4834,24.4049,26.393,0,0
SNT_PE,D,20200318,000000,26.2117,27.3873,26.2117,27.0255,0,0
SNT_PE,D,20200319,000000,26.6647,27.0255,26.1225,26.6647,0,0
SNT_PE,D,20200320,000000,27.0255,27.749,25.6696,25.6696,0,0
SNT_PE,D,20200323,000000,24.4049,24.6753,23.7714,24.4049,0,0
SNT_PE,D,20200324,000000,24.4049,25.2177,24.4049,24.947,0,0
SNT_PE,D,20200325,000000,25.0371,26.0314,24.495,25.3088,0,0
SNT_PE,D,20200326,000000,25.7608,25.7608,24.7665,25.7608,0,0
SNT_PE,D,20200327,000000,26.393,26.393,24.5852,24.5852,0,0
SNT_PE,D,20200330,000000,25.6696,27.0255,24.5852,26.4834,0,0
SNT_PE,D,20200331,000000,26.4834,28.4716,26.4834,27.1157,0,0
SNT_PE,D,20200401,000000,27.749,28.4716,26.6647,28.201,0,0
SNT_PE,D,20200402,000000,29.7373,29.7373,27.3873,27.749,0,0
SNT_PE,D,20200403,000000,30.008,31.0031,28.201,31.0031,0,0
SNT_PE,D,20200406,000000,31.0933,33.5337,31.0933,32.1777,0,0
SNT_PE,D,20200407,000000,32.3591,33.0816,31.1835,31.9061,0,0
SNT_PE,D,20200408,000000,31.2746,32.811,30.5502,31.1835,0,0
SNT_PE,D,20200409,000000,31.0031,31.0031,30.008,30.008,0,0
SNT_PE,D,20200414,000000,29.3765,33.0816,29.0138,32.9012,0,0
SNT_PE,D,20200415,000000,32.9012,32.9012,31.5453,31.5453,0,0
SNT_PE,D,20200416,000000,32.4482,32.4482,31.5453,32.0874,0,0
SNT_PE,D,20200417,000000,32.0874,32.4482,31.0933,31.0933,0,0
SNT_PE,D,20200420,000000,31.9061,31.9061,30.5502,31.0933,0,0
SNT_PE,D,20200421,000000,31.5453,32.4482,30.1893,31.0031,0,0
SNT_PE,D,20200422,000000,31.5453,31.5453,30.3697,30.9128,0,0
SNT_PE,D,20200423,000000,31.455,31.5453,30.7315,31.455,0,0
SNT_PE,D,20200424,000000,31.455,31.455,30.5502,31.0933,0,0
SNT_PE,D,20200427,000000,31.0933,31.0933,30.5502,31.0933,0,0
SNT_PE,D,20200428,000000,30.7315,31.1835,30.4608,31.0933,0,0
SNT_PE,D,20200429,000000,31.0933,31.3639,30.4608,31.3639,0,0
SNT_PE,D,20200430,000000,31.3639,31.7257,31.2746,31.3639,0,0
SNT_PE,D,20200504,000000,31.455,31.455,30.3697,31.0031,0,0
SNT_PE,D,20200505,000000,31.0933,31.3639,30.4608,31.3639,0,0
SNT_PE,D,20200506,000000,30.4608,32.2679,30.4608,31.9972,0,0
SNT_PE,D,20200507,000000,32.0874,41.3073,32.0874,41.3073,0,0
SNT_PE,D,20200508,000000,41.3073,41.3073,35.0708,35.0708,0,0
SNT_PE,D,20200511,000000,35.5218,36.1552,33.0816,34.0758,0,0
SNT_PE,D,20200512,000000,33.8953,34.709,32.811,34.6179,0,0
SNT_PE,D,20200513,000000,34.9797,34.9797,33.7149,34.7993,0,0
SNT_PE,D,20200514,000000,34.7993,37.6915,33.9856,36.3356,0,0
SNT_PE,D,20200515,000000,36.5161,36.7876,34.4376,34.6179,0,0
SNT_PE,D,20200518,000000,35.4317,36.0641,33.9856,35.0708,0,0
SNT_PE,D,20200519,000000,34.1659,35.5218,34.1659,35.5218,0,0
SNT_PE,D,20200520,000000,35.5218,35.5218,34.0758,34.9797,0,0
SNT_PE,D,20200521,000000,34.1659,34.7993,34.1659,34.3464,0,0
SNT_PE,D,20200522,000000,34.3464,34.7993,33.9856,34.7993,0,0
SNT_PE,D,20200525,000000,34.8895,36.4267,34.4376,36.3356,0,0
SNT_PE,D,20200526,000000,36.6974,36.969,34.9797,35.5218,0,0
SNT_PE,D,20200527,000000,36.1552,36.1552,34.6179,34.8895,0,0
SNT_PE,D,20200528,000000,35.7935,35.7935,34.0758,35.3415,0,0
SNT_PE,D,20200529,000000,35.7935,36.2445,35.7023,35.9738,0,0
SNT_PE,D,20200601,000000,36.1552,36.6072,35.3415,35.7935,0,0
SNT_PE,D,20200602,000000,36.4267,36.4267,35.613,35.9738,0,0
SNT_PE,D,20200603,000000,36.4267,36.4267,34.6179,35.3415,0,0
SNT_PE,D,20200604,000000,35.4317,35.4317,34.3464,34.7993,0,0
SNT_PE,D,20200605,000000,35.3415,35.3415,34.3464,34.6179,0,0
SNT_PE,D,20200608,000000,34.9797,36.5161,34.5287,35.8836,0,0
SNT_PE,D,20200609,000000,35.8836,35.8836,35.0708,35.7935,0,0
SNT_PE,D,20200610,000000,35.8836,38.0533,26.5736,26.5736,0,0
SNT_PE,D,20200612,000000,25.6696,27.2971,25.6696,27.2971,0,0
SNT_PE,D,20200615,000000,27.0255,27.2971,26.5736,27.2971,0,0
SNT_PE,D,20200616,000000,27.0255,29.7373,26.3029,29.1049,0,0
SNT_PE,D,20200617,000000,29.1049,29.3765,28.2913,28.5627,0,0
SNT_PE,D,20200618,000000,28.9236,29.2853,28.201,28.4716,0,0
SNT_PE,D,20200619,000000,28.9236,28.9236,28.1099,28.5627,0,0
SNT_PE,D,20200622,000000,28.5627,29.5569,28.4716,29.1049,0,0
SNT_PE,D,20200623,000000,29.2853,33.5337,29.2853,33.5337,0,0
SNT_PE,D,20200624,000000,35.4317,40.9455,35.4317,38.9564,0,0
SNT_PE,D,20200625,000000,39.7701,41.6681,36.4267,36.8778,0,0
SNT_PE,D,20200626,000000,37.5112,40.223,36.5161,37.2395,0,0
SNT_PE,D,20200629,000000,36.6072,38.3249,35.613,36.7876,0,0
SNT_PE,D,20200630,000000,36.6072,36.6072,35.0708,35.3415,0,0
SNT_PE,D,20200701,000000,35.3415,38.2337,34.0758,38.1436,0,0
SNT_PE,D,20200702,000000,38.4141,38.7759,37.5112,37.872,0,0
SNT_PE,D,20200703,000000,38.0533,39.1376,37.5112,38.6857,0,0
SNT_PE,D,20200706,000000,38.5053,38.6857,36.4267,36.8778,0,0
SNT_PE,D,20200707,000000,36.8778,37.5112,35.1601,37.0582,0,0
SNT_PE,D,20200708,000000,37.6915,37.6915,35.7935,36.4267,0,0
SNT_PE,D,20200709,000000,36.8778,36.8778,34.9797,35.613,0,0
SNT_PE,D,20200710,000000,36.2445,40.223,34.3464,36.6072,0,0
SNT_PE,D,20200713,000000,38.0533,41.0359,37.5112,41.0359,0,0
SNT_PE,D,20200714,000000,41.0359,45.0124,39.7701,43.5664,0,0
SNT_PE,D,20200715,000000,44.1996,44.832,41.4878,41.8495,0,0
SNT_PE,D,20200716,000000,42.6632,42.6632,40.7652,41.2162,0,0
SNT_PE,D,20200717,000000,42.2104,42.3015,40.7652,41.6681,0,0
SNT_PE,D,20200720,000000,43.1144,44.1996,42.7526,43.8378,0,0
SNT_PE,D,20200721,000000,44.0192,44.1996,43.2055,43.8378,0,0
SNT_PE,D,20200722,000000,44.1996,44.1996,42.5721,43.5664,0,0
SNT_PE,D,20200723,000000,42.7526,43.5664,42.1211,43.1144,0,0
SNT_PE,D,20200724,000000,43.2947,43.2947,42.2104,42.7526,0,0
SNT_PE,D,20200727,000000,42.4819,53.2383,42.4819,53.2383,0,0
SNT_PE,D,20200728,000000,55.4078,61.011,55.4078,57.8482,0,0
SNT_PE,D,20200729,000000,54.6843,59.4747,54.2323,59.2041,0,0
SNT_PE,D,20200730,000000,59.2041,59.2041,48.086,52.2432,0,0
SNT_PE,D,20200731,000000,50.7068,56.402,50.7068,55.1363,0,0
SNT_PE,D,20200803,000000,58.4805,58.4805,52.7863,54.5039,0,0
SNT_PE,D,20200804,000000,55.3167,55.3167,51.1587,51.9725,0,0
SNT_PE,D,20200805,000000,51.9725,51.9725,49.6223,50.7068,0,0
SNT_PE,D,20200806,000000,51.0694,51.9725,47.0909,47.9959,0,0
SNT_PE,D,20200807,000000,47.0909,47.0909,43.2055,44.38,0,0
SNT_PE,D,20200810,000000,45.6458,45.6458,42.7526,44.832,0,0
SNT_PE,D,20200811,000000,42.7526,44.38,34.7993,34.7993,0,0
SNT_PE,D,20200812,000000,33.3531,34.4376,31.8168,32.2679,0,0
SNT_PE,D,20200813,000000,33.5337,34.3464,32.3591,32.811,0,0
SNT_PE,D,20200814,000000,32.9012,34.2571,32.9012,33.9856,0,0
SNT_PE,D,20200817,000000,34.3464,34.7993,33.7149,34.2571,0,0
SNT_PE,D,20200818,000000,34.2571,34.5287,32.5394,34.1659,0,0
SNT_PE,D,20200819,000000,33.262,34.9797,33.262,34.1659,0,0
SNT_PE,D,20200820,000000,34.1659,34.5287,32.7199,33.7149,0,0
SNT_PE,D,20200821,000000,33.7149,33.7149,31.9972,32.4482,0,0
SNT_PE,D,20200824,000000,33.7149,33.7149,31.2746,32.9913,0,0
SNT_PE,D,20200825,000000,33.0816,33.0816,31.7257,32.0874,0,0
SNT_PE,D,20200826,000000,32.0874,32.9913,31.9972,32.811,0,0
SNT_PE,D,20200827,000000,33.0816,33.3531,32.5394,32.811,0,0
SNT_PE,D,20200828,000000,33.0816,33.3531,32.4482,32.811,0,0
SNT_PE,D,20200831,000000,32.7199,32.7199,31.3639,32.1777,0,0
SNT_PE,D,20200901,000000,32.1777,32.1777,31.0031,31.3639,0,0
SNT_PE,D,20200902,000000,31.2746,32.0874,31.2746,32.0874,0,0
SNT_PE,D,20200903,000000,31.8168,31.8168,31.2746,31.8168,0,0
SNT_PE,D,20200904,000000,31.1835,31.7257,29.3765,29.7373,0,0
SNT_PE,D,20200907,000000,29.3765,29.3765,26.3029,26.3029,0,0
SNT_PE,D,20200908,000000,25.0371,25.9411,23.4106,23.6822,0,0
SNT_PE,D,20200909,000000,22.5969,27.2068,22.5969,27.2068,0,0
SNT_PE,D,20200910,000000,27.749,29.1049,27.2068,28.0206,0,0
SNT_PE,D,20200911,000000,28.0206,28.8334,27.6588,28.8334,0,0
SNT_PE,D,20200914,000000,28.8334,30.9128,28.8334,30.7315,0,0
SNT_PE,D,20200915,000000,30.8218,30.8218,29.0138,30.1893,0,0
SNT_PE,D,20200916,000000,30.7315,31.0933,29.8276,30.2795,0,0
SNT_PE,D,20200917,000000,30.4608,30.4608,29.2853,30.0991,0,0
SNT_PE,D,20200918,000000,30.1893,30.9128,30.008,30.9128,0,0
SNT_PE,D,20200921,000000,31.1835,31.1835,29.1049,30.7315,0,0
SNT_PE,D,20200922,000000,31.0933,31.0933,29.8276,30.4608,0,0
SNT_PE,D,20200923,000000,30.0991,30.1893,29.1952,29.8276,0,0
SNT_PE,D,20200924,000000,29.8276,29.8276,27.8393,28.5627,0,0
SNT_PE,D,20200925,000000,28.5627,29.1049,27.6588,27.749,0,0
SNT_PE,D,20200928,000000,27.8393,28.7432,27.1157,27.9295,0,0
SNT_PE,D,20200929,000000,28.4716,29.9187,28.4716,28.5627,0,0
SNT_PE,D,20200930,000000,29.3765,29.3765,28.201,28.9236,0,0
SNT_PE,D,20201001,000000,29.2853,29.7373,28.5627,29.2853,0,0
SNT_PE,D,20201002,000000,29.5569,29.5569,28.0206,28.2913,0,0
SNT_PE,D,20201005,000000,28.3814,28.8334,27.9295,28.8334,0,0
SNT_PE,D,20201006,000000,28.8334,31.1835,28.8334,30.3697,0,0
SNT_PE,D,20201007,000000,31.0031,32.0874,30.2795,31.3639,0,0
SNT_PE,D,20201008,000000,31.6354,32.4482,30.3697,32.4482,0,0
SNT_PE,D,20201009,000000,33.0816,37.872,33.0816,36.6974,0,0
SNT_PE,D,20201012,000000,37.872,38.7759,36.7876,37.2395,0,0
SNT_PE,D,20201013,000000,36.6974,37.5112,33.7149,35.0708,0,0
SNT_PE,D,20201014,000000,35.0708,37.1494,31.9061,32.7199,0,0
SNT_PE,D,20201015,000000,33.0816,33.0816,29.1952,29.5569,0,0
SNT_PE,D,20201016,000000,29.5569,32.4482,29.1952,32.4482,0,0
SNT_PE,D,20201019,000000,32.7199,35.3415,32.5394,33.0816,0,0
SNT_PE,D,20201020,000000,33.7149,34.8895,32.5394,33.7149,0,0
SNT_PE,D,20201021,000000,33.7149,34.2571,32.811,33.1728,0,0
SNT_PE,D,20201022,000000,33.1728,33.5337,31.7257,32.4482,0,0
SNT_PE,D,20201023,000000,31.2746,31.9061,30.9128,31.9061,0,0
SNT_PE,D,20201026,000000,32.2679,32.2679,30.4608,31.6354,0,0
SNT_PE,D,20201027,000000,31.6354,32.811,31.0933,32.0874,0,0
SNT_PE,D,20201028,000000,32.4482,32.4482,28.5627,30.4608,0,0
SNT_PE,D,20201029,000000,29.2853,30.4608,28.6521,30.0991,0,0
SNT_PE,D,20201030,000000,30.6413,30.6413,29.5569,30.1893,0,0
SNT_PE,D,20201102,000000,32.3591,32.3591,30.7315,31.3639,0,0
SNT_PE,D,20201103,000000,32.1777,33.0816,31.455,31.8168,0,0
SNT_PE,D,20201104,000000,32.3591,32.3591,31.0031,31.3639,0,0
SNT_PE,D,20201105,000000,31.2746,32.1777,31.0933,31.9061,0,0
SNT_PE,D,20201106,000000,32.2679,35.4317,32.2679,34.1659,0,0
SNT_PE,D,20201109,000000,36.2445,40.9455,34.7993,37.2395,0,0
SNT_PE,D,20201110,000000,35.0708,37.6004,35.0708,37.3298,0,0
SNT_PE,D,20201112,000000,37.3298,40.4034,37.3298,40.223,0,0
SNT_PE,D,20201113,000000,40.223,40.223,38.7759,39.5896,0,0
SNT_PE,D,20201116,000000,40.1318,40.1318,24.3137,24.3137,0,0
SNT_PE,D,20201117,000000,23.8625,23.9528,22.9577,23.8625,0,0
SNT_PE,D,20201118,000000,24.495,24.947,23.7714,24.3137,0,0
SNT_PE,D,20201119,000000,24.3137,24.3137,23.0489,23.5,0,0
SNT_PE,D,20201120,000000,23.5,24.0431,23.0489,23.3194,0,0
SNT_PE,D,20201123,000000,23.4106,23.7714,22.9577,23.5911,0,0
SNT_PE,D,20201124,000000,23.5911,26.393,23.3194,25.8509,0,0
SNT_PE,D,20201125,000000,25.399,25.8509,24.495,25.399,0,0
SNT_PE,D,20201126,000000,26.0314,26.0314,24.7665,25.7608,0,0
SNT_PE,D,20201127,000000,24.495,25.399,24.3137,25.2177,0,0
SNT_PE,D,20201130,000000,25.6696,25.7608,24.5852,24.5852,0,0
SNT_PE,D,20201201,000000,24.5852,26.6647,24.5852,25.2177,0,0
SNT_PE,D,20201202,000000,25.3088,25.7608,24.5852,25.0371,0,0
SNT_PE,D,20201203,000000,25.0371,25.0371,24.495,24.8558,0,0
SNT_PE,D,20201204,000000,25.0371,25.0371,24.3137,25.0371,0,0
SNT_PE,D,20201207,000000,24.495,25.1274,24.3137,24.6753,0,0
SNT_PE,D,20201208,000000,24.4049,25.5803,24.4049,24.947,0,0
SNT_PE,D,20201209,000000,25.3088,25.3088,24.2244,25.0371,0,0
SNT_PE,D,20201210,000000,25.1274,25.3088,24.1332,24.3137,0,0
SNT_PE,D,20201211,000000,24.5852,24.5852,22.9577,23.5911,0,0
SNT_PE,D,20201214,000000,23.5,23.5911,22.3262,22.4155,0,0
SNT_PE,D,20201215,000000,22.4155,23.2293,22.0547,23.1391,0,0
SNT_PE,D,20201216,000000,23.2293,24.1332,23.2293,23.5911,0,0
SNT_PE,D,20201217,000000,23.7714,24.7665,23.6822,23.6822,0,0
SNT_PE,D,20201218,000000,24.0431,24.0431,23.1391,23.2293,0,0
SNT_PE,D,20201221,000000,23.5,23.5,22.4155,22.7773,0,0
SNT_PE,D,20201222,000000,23.3194,24.2244,22.7773,23.8625,0,0
SNT_PE,D,20201223,000000,23.9528,23.9528,23.0489,23.4106,0,0
SNT_PE,D,20201228,000000,23.7714,24.0431,23.4106,23.4106,0,0
SNT_PE,D,20201229,000000,23.4106,24.0431,23.4106,23.9528,0,0
SNT_PE,D,20201230,000000,23.9528,23.9528,23.4106,23.8625,0,0
SNT_PE,D,20210104,000000,24.2244,25.2177,24.0431,25.1274,0,0
SNT_PE,D,20210105,000000,25.1274,25.2177,24.4049,24.947,0,0
SNT_PE,D,20210107,000000,24.5852,25.5803,24.5852,25.5803,0,0
SNT_PE,D,20210108,000000,25.6696,27.1157,25.6696,26.6647,0,0
SNT_PE,D,20210111,000000,26.6647,27.9295,25.399,26.2117,0,0
SNT_PE,D,20210112,000000,26.2117,27.4784,26.2117,27.1157,0,0
SNT_PE,D,20210113,000000,27.749,28.7432,27.2068,28.4716,0,0
SNT_PE,D,20210114,000000,28.9236,28.9236,27.5676,27.5676,0,0
SNT_PE,D,20210115,000000,27.3873,27.9295,27.2068,27.2068,0,0
SNT_PE,D,20210118,000000,27.2068,27.5676,27.0255,27.5676,0,0
SNT_PE,D,20210119,000000,27.5676,28.1099,27.5676,27.9295,0,0
SNT_PE,D,20210120,000000,28.0206,28.0206,27.2068,27.9295,0,0
SNT_PE,D,20210121,000000,28.0206,28.0206,27.6588,27.9295,0,0
SNT_PE,D,20210122,000000,27.749,27.9295,27.2068,27.5676,0,0
SNT_PE,D,20210125,000000,27.2971,27.9295,26.4834,27.0255,0,0
SNT_PE,D,20210126,000000,27.2971,27.2971,26.2117,26.393,0,0
SNT_PE,D,20210127,000000,26.393,26.9354,24.6753,25.4891,0,0
SNT_PE,D,20210128,000000,25.399,26.0314,24.8558,25.7608,0,0
SNT_PE,D,20210129,000000,25.6696,26.1225,24.947,25.7608,0,0
SNT_PE,D,20210201,000000,25.6696,26.2117,24.947,26.1225,0,0
SNT_PE,D,20210202,000000,26.1225,26.2117,25.3088,25.8509,0,0
SNT_PE,D,20210203,000000,25.9411,26.0314,25.1274,25.399,0,0
SNT_PE,D,20210204,000000,25.6696,25.6696,24.8558,25.5803,0,0
SNT_PE,D,20210205,000000,25.5803,25.5803,25.0371,25.1274,0,0
SNT_PE,D,20210208,000000,25.2177,26.0314,24.4049,25.2177,0,0
SNT_PE,D,20210209,000000,25.3088,25.5803,24.495,25.1274,0,0
SNT_PE,D,20210210,000000,24.5852,25.399,24.5852,25.0371,0,0
SNT_PE,D,20210211,000000,25.1274,26.5736,24.8558,25.5803,0,0
SNT_PE,D,20210212,000000,25.7608,26.5736,25.7608,26.3029,0,0
SNT_PE,D,20210215,000000,26.4834,27.5676,26.4834,27.3873,0,0
SNT_PE,D,20210216,000000,27.5676,27.5676,26.2117,26.2117,0,0
SNT_PE,D,20210217,000000,26.9325,27.2078,26.2918,26.5661,0,0
SNT_PE,D,20210218,000000,26.7493,27.2078,25.742,26.5661,0,0
SNT_PE,D,20210219,000000,27.391,27.7574,25.3757,26.3829,0,0
SNT_PE,D,20210222,000000,26.3829,26.3829,25.742,26.1086,0,0
SNT_PE,D,20210223,000000,26.1996,26.1996,24.6428,24.8261,0,0
SNT_PE,D,20210224,000000,25.3757,26.1086,22.0779,22.0779,0,0
SNT_PE,D,20210225,000000,22.5355,22.902,22.3523,22.4444,0,0
SNT_PE,D,20210226,000000,22.0779,22.7187,21.8947,22.7187,0,0
SNT_PE,D,20210301,000000,22.7187,22.7187,21.8947,22.5355,0,0
SNT_PE,D,20210302,000000,22.3523,22.4444,21.8947,22.3523,0,0
SNT_PE,D,20210303,000000,22.3523,22.8108,22.2611,22.4444,0,0
SNT_PE,D,20210304,000000,22.4444,22.7187,21.8027,22.0779,0,0
SNT_PE,D,20210305,000000,22.1691,22.3523,21.8027,22.3523,0,0
SNT_PE,D,20210308,000000,22.4444,22.7187,22.2611,22.6275,0,0
SNT_PE,D,20210309,000000,22.6275,22.902,22.3523,22.8108,0,0
SNT_PE,D,20210310,000000,23.0851,23.2683,22.3523,22.4444,0,0
SNT_PE,D,20210311,000000,22.7187,22.8108,22.3523,22.5355,0,0
SNT_PE,D,20210312,000000,22.5355,22.8108,22.1691,22.3523,0,0
SNT_PE,D,20210315,000000,22.5355,23.1772,22.0779,22.5355,0,0
SNT_PE,D,20210316,000000,22.5355,22.8108,22.1691,22.7187,0,0
SNT_PE,D,20210317,000000,22.8108,22.994,22.4444,22.6275,0,0
SNT_PE,D,20210318,000000,22.902,22.902,22.1691,22.4444,0,0
SNT_PE,D,20210319,000000,22.7187,22.994,22.3523,22.994,0,0
SNT_PE,D,20210322,000000,22.994,24.1845,22.994,23.6347,0,0
SNT_PE,D,20210323,000000,24.1845,24.1845,23.5436,23.7269,0,0
SNT_PE,D,20210324,000000,24.0933,24.9172,23.818,24.5508,0,0
SNT_PE,D,20210325,000000,24.4597,24.5508,23.7269,23.7269,0,0
SNT_PE,D,20210326,000000,24.1845,24.5508,23.7269,24.0012,0,0
SNT_PE,D,20210329,000000,24.0012,24.4597,24.0012,24.4597,0,0
SNT_PE,D,20210330,000000,24.1845,24.734,24.1845,24.2764,0,0
SNT_PE,D,20210331,000000,24.5508,24.5508,22.902,23.6347,0,0
SNT_PE,D,20210401,000000,22.8108,23.7269,22.8108,23.6347,0,0
SNT_PE,D,20210406,000000,23.5436,24.0933,23.5436,23.91,0,0
SNT_PE,D,20210407,000000,23.91,23.91,23.6347,23.818,0,0
SNT_PE,D,20210408,000000,24.0012,24.0012,23.2683,23.2683,0,0
SNT_PE,D,20210409,000000,23.6347,23.6347,22.994,22.994,0,0
SNT_PE,D,20210412,000000,23.3604,23.3604,22.994,23.2683,0,0
SNT_PE,D,20210413,000000,23.2683,23.3604,22.7187,23.2683,0,0
SNT_PE,D,20210414,000000,23.2683,23.2683,22.902,22.902,0,0
SNT_PE,D,20210415,000000,23.1772,23.4516,22.902,23.1772,0,0
SNT_PE,D,20210416,000000,22.902,23.3604,22.902,23.1772,0,0
SNT_PE,D,20210419,000000,23.5436,23.7269,23.1772,23.1772,0,0
SNT_PE,D,20210420,000000,23.5436,23.7269,23.0851,23.6347,0,0
SNT_PE,D,20210421,000000,23.6347,23.6347,22.994,22.994,0,0
SNT_PE,D,20210422,000000,23.0851,23.5436,23.0851,23.1772,0,0
SNT_PE,D,20210423,000000,22.6275,23.1772,22.6275,22.8108,0,0
SNT_PE,D,20210426,000000,23.2683,23.2683,22.6275,22.8108,0,0
SNT_PE,D,20210427,000000,22.994,23.2683,22.8108,23.1772,0,0
SNT_PE,D,20210428,000000,23.1772,23.1772,22.994,22.994,0,0
SNT_PE,D,20210429,000000,23.1772,23.1772,22.7187,22.902,0,0
SNT_PE,D,20210430,000000,23.1772,23.1772,22.8108,22.8108,0,0
SNT_PE,D,20210504,000000,22.8108,23.2683,22.8108,23.0851,0,0
SNT_PE,D,20210505,000000,23.2683,23.7269,22.8108,23.5436,0,0
SNT_PE,D,20210506,000000,23.5436,23.5436,22.8108,23.4516,0,0
SNT_PE,D,20210507,000000,23.4516,23.4516,22.8108,23.3604,0,0
SNT_PE,D,20210510,000000,23.3604,23.3604,22.8108,23.0851,0,0
SNT_PE,D,20210511,000000,22.902,23.0851,22.2611,22.8108,0,0
SNT_PE,D,20210512,000000,23.0851,23.1772,22.4444,22.994,0,0
SNT_PE,D,20210513,000000,22.994,23.2683,22.8108,23.1772,0,0
SNT_PE,D,20210514,000000,23.1772,23.1772,22.8108,22.902,0,0
SNT_PE,D,20210517,000000,22.902,23.1772,22.902,22.902,0,0
SNT_PE,D,20210518,000000,23.0851,23.0851,22.8108,23.0851,0,0
SNT_PE,D,20210519,000000,23.0851,23.1772,22.5355,22.8108,0,0
SNT_PE,D,20210520,000000,23.0851,23.4516,22.8108,23.1772,0,0
SNT_PE,D,20210521,000000,23.4516,23.6347,23.4516,23.6347,0,0
SNT_PE,D,20210524,000000,23.7269,24.1845,23.4516,24.1845,0,0
SNT_PE,D,20210525,000000,24.2764,26.6581,24.2764,26.1996,0,0
SNT_PE,D,20210526,000000,26.1996,26.2918,25.3757,25.3757,0,0
SNT_PE,D,20210527,000000,25.8332,26.6581,25.8332,26.6581,0,0
SNT_PE,D,20210528,000000,26.8414,26.9325,25.5589,26.475,0,0
SNT_PE,D,20210531,000000,26.475,26.5661,25.65,25.742,0,0
SNT_PE,D,20210601,000000,25.8332,26.9325,24.8261,26.6581,0,0
SNT_PE,D,20210602,000000,26.7493,26.7493,26.1086,26.5661,0,0
SNT_PE,D,20210604,000000,26.6581,28.6735,26.0165,28.307,0,0
SNT_PE,D,20210607,000000,28.5823,29.1319,28.2159,28.2159,0,0
SNT_PE,D,20210608,000000,28.5823,29.0399,27.391,27.8494,0,0
SNT_PE,D,20210609,000000,28.1238,28.1238,27.7574,28.0326,0,0
SNT_PE,D,20210610,000000,28.0326,28.1238,27.5742,27.5742,0,0
SNT_PE,D,20210611,000000,27.5742,27.9406,27.5742,27.8494,0,0
SNT_PE,D,20210614,000000,27.8494,30.8719,27.8494,29.3151,0,0
SNT_PE,D,20210615,000000,29.4062,30.3223,28.8566,28.9487,0,0
SNT_PE,D,20210616,000000,28.9487,30.5976,28.9487,30.5976,0,0
SNT_PE,D,20210617,000000,30.964,31.1472,30.048,30.5055,0,0
SNT_PE,D,20210618,000000,30.8719,31.3304,30.5055,31.3304,0,0
SNT_PE,D,20210621,000000,31.3304,31.788,30.964,31.6047,0,0
SNT_PE,D,20210622,000000,31.788,31.788,30.964,31.788,0,0
SNT_PE,D,20210623,000000,31.788,31.788,30.964,31.6047,0,0
SNT_PE,D,20210624,000000,31.6047,31.6047,30.1391,30.5055,0,0
SNT_PE,D,20210625,000000,30.8719,30.8719,29.8648,30.4143,0,0
SNT_PE,D,20210628,000000,30.4143,30.5976,28.5823,29.1319,0,0
SNT_PE,D,20210629,000000,29.1319,29.4984,28.4902,29.2231,0,0
SNT_PE,D,20210630,000000,28.5823,30.8719,28.5823,30.1391,0,0
SNT_PE,D,20210701,000000,30.4143,30.4143,28.8566,29.2231,0,0
SNT_PE,D,20210702,000000,29.6815,29.6815,28.1238,28.2159,0,0
SNT_PE,D,20210705,000000,28.307,29.1319,27.8494,29.1319,0,0
SNT_PE,D,20210706,000000,28.4902,29.3151,28.307,29.0399,0,0
SNT_PE,D,20210707,000000,29.0399,29.0399,28.307,28.307,0,0
SNT_PE,D,20210708,000000,28.2159,28.4902,27.1157,27.4821,0,0
SNT_PE,D,20210709,000000,26.8414,27.2078,26.6581,27.2078,0,0
SNT_PE,D,20210712,000000,26.9325,27.2078,26.5661,27.0245,0,0
SNT_PE,D,20210713,000000,27.0245,27.0245,26.8414,27.0245,0,0
SNT_PE,D,20210714,000000,27.0245,27.2989,27.0245,27.2078,0,0
SNT_PE,D,20210715,000000,27.1157,27.2078,27.0245,27.2078,0,0
SNT_PE,D,20210716,000000,27.0245,28.307,26.8414,27.7574,0,0
SNT_PE,D,20210719,000000,28.4902,28.4902,27.1157,27.5742,0,0
SNT_PE,D,20210720,000000,27.1157,27.4821,25.4668,25.4668,0,0
SNT_PE,D,20210721,000000,25.4668,26.5661,25.4668,26.3829,0,0
SNT_PE,D,20210722,000000,26.8414,26.8414,26.475,26.475,0,0
SNT_PE,D,20210723,000000,26.8414,26.8414,26.0165,26.0165,0,0
SNT_PE,D,20210726,000000,26.0165,26.2918,25.65,25.742,0,0
SNT_PE,D,20210727,000000,25.742,25.742,24.9172,25.65,0,0
SNT_PE,D,20210728,000000,26.0165,26.0165,25.1004,25.2837,0,0
SNT_PE,D,20210729,000000,25.2837,25.65,24.6428,25.4668,0,0
SNT_PE,D,20210730,000000,25.4668,25.8332,25.0093,25.4668,0,0
SNT_PE,D,20210802,000000,25.2837,25.2837,24.6428,24.9172,0,0
SNT_PE,D,20210803,000000,24.5508,25.742,24.5508,25.5589,0,0
SNT_PE,D,20210804,000000,25.5589,25.9253,25.2837,25.742,0,0
SNT_PE,D,20210805,000000,25.742,25.8332,25.2837,25.742,0,0
SNT_PE,D,20210806,000000,25.8332,26.8414,25.4668,26.7493,0,0
SNT_PE,D,20210809,000000,26.7493,26.7493,26.1086,26.7493,0,0
SNT_PE,D,20210810,000000,26.0165,30.048,25.2837,30.048,0,0
SNT_PE,D,20210811,000000,30.5055,30.6887,30.4143,30.5055,0,0
SNT_PE,D,20210812,000000,30.7808,30.8719,30.5976,30.7808,0,0
SNT_PE,D,20210813,000000,30.7808,30.7808,30.5976,30.6887,0,0
SNT_PE,D,20210816,000000,30.5976,30.8719,30.5976,30.7808,0,0
SNT_PE,D,20210817,000000,30.964,31.0552,30.5055,30.5055,0,0
SNT_PE,D,20210818,000000,30.5055,30.964,30.5055,30.964,0,0
SNT_PE,D,20210819,000000,30.964,30.964,30.2312,30.4143,0,0
SNT_PE,D,20210820,000000,30.5055,30.964,30.2312,30.964,0,0
SNT_PE,D,20210823,000000,30.964,31.1472,30.5976,30.8719,0,0
SNT_PE,D,20210824,000000,30.964,30.964,30.048,30.5055,0,0
SNT_PE,D,20210825,000000,30.1391,30.7808,30.1391,30.6887,0,0
SNT_PE,D,20210826,000000,30.1391,30.6887,30.1391,30.5976,0,0
SNT_PE,D,20210827,000000,30.6887,30.6887,29.8648,30.3223,0,0
SNT_PE,D,20210830,000000,30.048,30.5055,29.6815,30.4143,0,0
SNT_PE,D,20210831,000000,30.048,30.4143,29.6815,29.7727,0,0
SNT_PE,D,20210901,000000,30.3223,30.3223,29.7727,30.048,0,0
SNT_PE,D,20210902,000000,30.7808,30.964,30.1391,30.8719,0,0
SNT_PE,D,20210903,000000,30.7808,31.4216,30.2312,31.3304,0,0
SNT_PE,D,20210906,000000,31.4216,32.796,30.964,32.1544,0,0
SNT_PE,D,20210907,000000,32.704,32.704,31.6047,31.6047,0,0
SNT_PE,D,20210908,000000,31.6047,32.2465,31.2383,31.2383,0,0
SNT_PE,D,20210909,000000,31.5136,31.6968,30.8719,30.8719,0,0
SNT_PE,D,20210910,000000,31.6968,31.6968,29.5895,30.048,0,0
SNT_PE,D,20210913,000000,29.956,30.1391,29.2231,29.956,0,0
SNT_PE,D,20210914,000000,29.4062,29.7727,29.0399,29.7727,0,0
SNT_PE,D,20210915,000000,29.6815,29.6815,28.3991,28.5823,0,0
SNT_PE,D,20210916,000000,28.5823,29.0399,28.307,28.9487,0,0
SNT_PE,D,20210917,000000,27.6663,29.0399,27.6663,29.0399,0,0
SNT_PE,D,20210920,000000,28.9487,28.9487,27.6663,27.8494,0,0
SNT_PE,D,20210921,000000,27.391,27.7574,27.2989,27.6663,0,0
SNT_PE,D,20210922,000000,27.7574,27.7574,26.5661,26.9325,0,0
SNT_PE,D,20210923,000000,27.4821,28.4902,27.1157,28.3991,0,0
SNT_PE,D,20210924,000000,28.4902,28.5823,27.2989,27.2989,0,0
SNT_PE,D,20210927,000000,28.307,28.4902,28.0326,28.3991,0,0
SNT_PE,D,20210928,000000,28.3991,28.4902,27.2989,27.2989,0,0
SNT_PE,D,20210929,000000,27.8494,27.8494,27.1157,27.6663,0,0
SNT_PE,D,20210930,000000,27.6663,29.4984,27.0245,28.6735,0,0
SNT_PE,D,20211001,000000,28.6735,28.6735,27.8494,28.307,0,0
SNT_PE,D,20211004,000000,28.2159,28.2159,27.8494,27.9406,0,0
SNT_PE,D,20211005,000000,28.0326,28.1238,27.6663,27.8494,0,0
SNT_PE,D,20211006,000000,28.1238,28.7656,27.1157,27.7574,0,0
SNT_PE,D,20211007,000000,27.7574,27.7574,27.5742,27.5742,0,0
SNT_PE,D,20211008,000000,27.9406,28.0326,27.2078,27.7574,0,0
SNT_PE,D,20211011,000000,27.6663,29.3151,27.5742,27.5742,0,0
SNT_PE,D,20211012,000000,27.4821,28.0326,27.2989,27.8494,0,0
SNT_PE,D,20211013,000000,27.8494,27.8494,27.391,27.7574,0,0
SNT_PE,D,20211014,000000,27.8494,27.8494,27.1157,27.8494,0,0
SNT_PE,D,20211015,000000,27.7574,27.7574,27.2078,27.7574,0,0
SNT_PE,D,20211018,000000,27.7574,27.7574,27.1157,27.5742,0,0
SNT_PE,D,20211019,000000,27.5742,27.6663,27.391,27.5742,0,0
SNT_PE,D,20211020,000000,27.4821,27.5742,27.391,27.5742,0,0
SNT_PE,D,20211021,000000,27.5742,27.5742,27.1157,27.4821,0,0
SNT_PE,D,20211022,000000,27.6663,27.6663,27.1157,27.2078,0,0
SNT_PE,D,20211025,000000,27.0245,27.2078,26.9325,26.9325,0,0
SNT_PE,D,20211026,000000,26.9325,31.4216,26.6581,30.8719,0,0
SNT_PE,D,20211027,000000,30.8719,32.4297,29.956,30.048,0,0
SNT_PE,D,20211028,000000,30.5055,30.5055,28.9487,28.9487,0,0
SNT_PE,D,20211029,000000,29.1319,30.2312,28.9487,29.7727,0,0
SNT_PE,D,20211102,000000,29.4062,30.048,28.7656,29.3151,0,0
SNT_PE,D,20211103,000000,29.3151,29.3151,28.1238,28.8566,0,0
SNT_PE,D,20211104,000000,28.9487,28.9487,27.9406,28.307,0,0
SNT_PE,D,20211105,000000,27.9406,29.4062,27.8494,29.4062,0,0
SNT_PE,D,20211108,000000,29.4062,29.8648,29.1319,29.5895,0,0
SNT_PE,D,20211109,000000,29.8648,29.956,29.0399,29.5895,0,0
SNT_PE,D,20211110,000000,29.7727,29.7727,28.5823,29.3151,0,0
SNT_PE,D,20211112,000000,29.3151,29.4062,28.5823,28.5823,0,0
SNT_PE,D,20211115,000000,29.1319,29.1319,28.0326,28.5823,0,0
SNT_PE,D,20211116,000000,28.5823,28.9487,28.2159,28.6735,0,0
SNT_PE,D,20211117,000000,29.2231,29.2231,28.1238,29.1319,0,0
SNT_PE,D,20211118,000000,29.0399,29.1319,27.2989,27.6663,0,0
SNT_PE,D,20211119,000000,27.7574,28.2159,27.4821,27.7574,0,0
SNT_PE,D,20211122,000000,28.2159,28.2159,26.6581,26.9325,0,0
SNT_PE,D,20211123,000000,26.9325,27.1157,25.65,26.475,0,0
SNT_PE,D,20211124,000000,27.391,27.4821,26.5661,27.2078,0,0
SNT_PE,D,20211125,000000,27.391,27.4821,26.9325,27.1157,0,0
SNT_PE,D,20211126,000000,27.1157,27.1157,26.1996,26.5661,0,0
SNT_PE,D,20211129,000000,26.6581,26.7493,26.1086,26.6581,0,0
SNT_PE,D,20211130,000000,27.0245,27.2078,26.475,27.2078,0,0
SNT_PE,D,20211201,000000,27.2078,27.9406,27.2078,27.9406,0,0
SNT_PE,D,20211202,000000,28.0326,29.956,27.9406,29.0399,0,0
SNT_PE,D,20211203,000000,29.4062,29.4062,28.7656,29.0399,0,0
SNT_PE,D,20211206,000000,29.4984,29.4984,28.8566,29.1319,0,0
SNT_PE,D,20211207,000000,29.1319,29.1319,27.9406,28.8566,0,0
SNT_PE,D,20211208,000000,28.9487,28.9487,27.8494,28.5823,0,0
SNT_PE,D,20211209,000000,28.5823,28.5823,27.5742,28.307,0,0
SNT_PE,D,20211210,000000,28.3991,28.3991,27.1157,28.2159,0,0
SNT_PE,D,20211213,000000,28.2159,28.2159,27.391,28.0326,0,0
SNT_PE,D,20211214,000000,28.1238,28.4902,27.8494,28.3991,0,0
SNT_PE,D,20211215,000000,28.3991,28.5823,27.2989,27.2989,0,0
SNT_PE,D,20211216,000000,27.391,28.8566,27.391,28.307,0,0
SNT_PE,D,20211217,000000,28.307,28.5823,27.391,28.4902,0,0
SNT_PE,D,20211220,000000,28.6735,28.6735,27.0245,27.2078,0,0
SNT_PE,D,20211221,000000,27.2078,27.2078,26.8414,27.2078,0,0
SNT_PE,D,20211222,000000,27.2078,27.2078,26.7493,27.1157,0,0
SNT_PE,D,20211223,000000,27.2078,27.6663,26.6581,27.4821,0,0
SNT_PE,D,20211227,000000,27.6663,27.6663,26.2918,26.2918,0,0
SNT_PE,D,20211228,000000,26.475,26.475,25.4668,26.0165,0,0
SNT_PE,D,20211229,000000,25.3757,27.0245,25.3757,27.0245,0,0
SNT_PE,D,20211230,000000,27.1157,27.1157,26.7493,26.9325,0,0
SNT_PE,D,20220103,000000,26.5661,27.5742,26.5661,27.5742,0,0
SNT_PE,D,20220104,000000,27.5742,27.5742,27.0245,27.5742,0,0
SNT_PE,D,20220105,000000,27.6663,27.8494,27.2989,27.391,0,0
SNT_PE,D,20220107,000000,27.391,27.7574,27.1157,27.1157,0,0
SNT_PE,D,20220110,000000,27.9406,28.7656,27.9406,28.3991,0,0
SNT_PE,D,20220111,000000,28.3991,28.3991,27.7574,27.9406,0,0
SNT_PE,D,20220112,000000,27.9406,28.7656,27.9406,28.6735,0,0
SNT_PE,D,20220113,000000,28.7656,30.5055,28.7656,30.5055,0,0
SNT_PE,D,20220114,000000,30.5976,31.1472,30.5976,31.1472,0,0
SNT_PE,D,20220117,000000,31.0552,32.0633,31.0552,31.8801,0,0
SNT_PE,D,20220118,000000,32.0633,32.0633,31.2383,32.0633,0,0
SNT_PE,D,20220119,000000,31.6968,31.788,30.5976,31.2383,0,0
SNT_PE,D,20220120,000000,31.6047,31.6047,30.4143,30.7808,0,0
SNT_PE,D,20220121,000000,30.7808,30.7808,29.0399,29.7727,0,0
SNT_PE,D,20220124,000000,29.7727,29.8648,27.391,27.7574,0,0
SNT_PE,D,20220125,000000,27.7574,29.7727,27.391,28.5823,0,0
SNT_PE,D,20220126,000000,28.8566,29.7727,28.8566,29.0399,0,0
SNT_PE,D,20220127,000000,28.6735,29.6815,28.0326,28.0326,0,0
SNT_PE,D,20220128,000000,28.0326,28.3991,27.7574,28.2159,0,0
SNT_PE,D,20220131,000000,28.2159,28.7656,28.2159,28.7656,0,0
SNT_PE,D,20220201,000000,28.7656,28.8566,27.5742,27.7574,0,0
SNT_PE,D,20220202,000000,27.8494,28.8566,27.8494,28.307,0,0
SNT_PE,D,20220203,000000,28.7656,28.7656,28.0326,28.4902,0,0
SNT_PE,D,20220204,000000,28.4902,28.4902,27.7574,28.3991,0,0
SNT_PE,D,20220207,000000,28.5823,28.7656,27.9406,28.3991,0,0
SNT_PE,D,20220208,000000,28.3991,28.5823,27.9406,28.0326,0,0
SNT_PE,D,20220209,000000,29.2017,29.3877,28.9227,29.3877,0,0
SNT_PE,D,20220210,000000,29.3877,29.3877,28.8296,28.8296,0,0
SNT_PE,D,20220211,000000,28.5506,28.7367,28.0856,28.7367,0,0
SNT_PE,D,20220214,000000,26.8767,28.2718,26.8767,27.6208,0,0
SNT_PE,D,20220215,000000,28.3647,28.4577,27.6208,28.3647,0,0
SNT_PE,D,20220216,000000,28.3647,28.6437,28.1786,28.3647,0,0
SNT_PE,D,20220217,000000,28.3647,28.3647,27.2487,27.2487,0,0
SNT_PE,D,20220218,000000,28.0856,28.8296,27.8997,28.2718,0,0
SNT_PE,D,20220221,000000,28.2718,28.4577,26.5047,27.8997,0,0
SNT_PE,D,20220222,000000,26.5047,27.4346,26.5047,27.1558,0,0
SNT_PE,D,20220223,000000,27.1558,34.9676,27.0627,34.9676,0,0
SNT_PE,D,20220224,000000,32.5497,33.7586,31.3406,31.7126,0,0
SNT_PE,D,20220225,000000,32.4566,33.6657,31.9916,33.2006,0,0
SNT_PE,D,20220228,000000,33.4797,33.4797,32.9217,33.2006,0,0
SNT_PE,D,20220301,000000,33.2006,33.2006,31.9916,31.9916,0,0
SNT_PE,D,20220302,000000,32.7356,32.7356,31.1547,31.2476,0,0
SNT_PE,D,20220303,000000,31.0616,31.9916,30.8757,31.9916,0,0
SNT_PE,D,20220304,000000,31.9916,31.9916,31.1547,31.1547,0,0
SNT_PE,D,20220307,000000,30.2247,31.4337,30.2247,31.1547,0,0
SNT_PE,D,20220308,000000,31.2476,31.9916,30.7827,31.3406,0,0
SNT_PE,D,20220309,000000,31.3406,32.7356,31.3406,32.5497,0,0
SNT_PE,D,20220310,000000,32.5497,33.1076,32.4566,32.4566,0,0
SNT_PE,D,20220311,000000,33.2006,33.6657,32.4566,33.5726,0,0
SNT_PE,D,20220314,000000,33.5726,34.6886,33.5726,34.0376,0,0
SNT_PE,D,20220315,000000,34.5956,34.5956,33.1076,33.7586,0,0
SNT_PE,D,20220316,000000,34.4096,34.9676,34.2236,34.2236,0,0
SNT_PE,D,20220317,000000,34.9676,34.9676,34.1307,34.1307,0,0
SNT_PE,D,20220318,000000,34.6886,34.9676,34.5956,34.9676,0,0
SNT_PE,D,20220321,000000,34.9676,35.0607,34.9676,35.0607,0,0
SNT_PE,D,20220322,000000,35.0607,35.0607,34.5956,34.6886,0,0
SNT_PE,D,20220323,000000,35.2466,35.2466,34.2236,34.4096,0,0
SNT_PE,D,20220324,000000,34.9676,35.0607,34.5956,35.0607,0,0
SNT_PE,D,20220325,000000,35.1536,35.1536,34.5026,35.0607,0,0
SNT_PE,D,20220328,000000,35.1536,35.1536,34.5956,34.5956,0,0
SNT_PE,D,20220329,000000,34.8746,35.1536,34.4096,34.4096,0,0
SNT_PE,D,20220330,000000,34.9676,34.9676,34.5026,34.6886,0,0
SNT_PE,D,20220331,000000,35.0607,35.0607,34.3167,34.4096,0,0
SNT_PE,D,20220401,000000,34.4096,34.6886,34.3167,34.3167,0,0
SNT_PE,D,20220404,000000,34.4096,34.8746,34.4096,34.8746,0,0
SNT_PE,D,20220405,000000,34.9676,35.1536,34.2236,34.2236,0,0
SNT_PE,D,20220406,000000,33.7586,34.1307,33.2936,33.3866,0,0
SNT_PE,D,20220407,000000,33.4797,33.8516,33.1076,33.6657,0,0
SNT_PE,D,20220408,000000,33.7586,34.0376,33.5726,33.8516,0,0
SNT_PE,D,20220411,000000,33.5726,33.9446,33.2936,33.9446,0,0
SNT_PE,D,20220412,000000,33.8516,34.1307,33.7586,34.1307,0,0
SNT_PE,D,20220413,000000,34.4096,35.6186,33.9446,34.6886,0,0
SNT_PE,D,20220414,000000,34.9676,35.1536,34.4096,34.8746,0,0
SNT_PE,D,20220419,000000,34.4096,34.7817,33.4797,34.0376,0,0
SNT_PE,D,20220420,000000,34.6886,34.6886,33.8516,33.8516,0,0
SNT_PE,D,20220421,000000,33.7586,34.3167,33.6657,34.1307,0,0
SNT_PE,D,20220422,000000,34.2236,34.2236,33.3866,33.8516,0,0
SNT_PE,D,20220425,000000,34.2236,34.2236,32.9217,33.2006,0,0
SNT_PE,D,20220426,000000,32.8286,33.6657,32.6426,33.6657,0,0
SNT_PE,D,20220427,000000,34.1307,34.1307,32.1777,32.1777,0,0
SNT_PE,D,20220428,000000,32.3636,33.7586,32.3636,32.5497,0,0
SNT_PE,D,20220429,000000,33.1076,33.5726,32.5497,33.5726,0,0
SNT_PE,D,20220502,000000,34.1307,34.1307,32.7356,33.6657,0,0
SNT_PE,D,20220504,000000,34.0376,34.0376,32.8286,33.2006,0,0
SNT_PE,D,20220505,000000,33.3866,33.7586,32.6426,33.6657,0,0
SNT_PE,D,20220506,000000,33.9446,33.9446,32.8286,32.8286,0,0
SNT_PE,D,20220509,000000,33.0147,33.7586,32.6426,32.8286,0,0
SNT_PE,D,20220510,000000,33.7586,33.7586,32.5497,32.7356,0,0
SNT_PE,D,20220511,000000,32.8286,33.8516,32.6426,32.7356,0,0
SNT_PE,D,20220512,000000,32.8286,33.4797,32.2707,32.5497,0,0
SNT_PE,D,20220513,000000,33.0147,33.6657,32.5497,32.5497,0,0
SNT_PE,D,20220516,000000,33.1076,33.1076,32.1777,32.2707,0,0
SNT_PE,D,20220517,000000,31.9916,32.7356,31.6197,31.6197,0,0
SNT_PE,D,20220518,000000,32.3636,32.5497,31.8057,31.8057,0,0
SNT_PE,D,20220519,000000,32.7356,32.7356,31.9916,32.6426,0,0
SNT_PE,D,20220520,000000,32.5497,33.1076,32.3636,33.0147,0,0
SNT_PE,D,20220523,000000,32.5497,33.1076,32.2707,32.6426,0,0
SNT_PE,D,20220524,000000,32.0846,32.6426,32.0846,32.1777,0,0
SNT_PE,D,20220525,000000,33.0147,33.0147,32.3636,32.4566,0,0
SNT_PE,D,20220526,000000,32.1777,32.5497,32.0846,32.5497,0,0
SNT_PE,D,20220527,000000,32.5497,32.5497,31.9916,32.4566,0,0
SNT_PE,D,20220530,000000,32.3636,32.5497,31.9916,31.9916,0,0
SNT_PE,D,20220531,000000,32.4566,32.4566,31.5267,31.9916,0,0
SNT_PE,D,20220601,000000,32.4566,32.4566,31.0616,31.8057,0,0
SNT_PE,D,20220602,000000,32.2707,32.3636,30.9687,31.4337,0,0
SNT_PE,D,20220603,000000,31.4337,31.9916,31.1547,31.2476,0,0
SNT_PE,D,20220606,000000,30.9687,32.3636,30.8757,31.7126,0,0
SNT_PE,D,20220607,000000,31.7126,31.8057,30.5037,30.5966,0,0
SNT_PE,D,20220608,000000,31.3406,32.2707,30.5037,32.1777,0,0
SNT_PE,D,20220609,000000,32.0846,32.1777,31.3406,31.5267,0,0
SNT_PE,D,20220610,000000,31.5267,33.1076,30.9687,32.3636,0,0
SNT_PE,D,20220613,000000,32.2707,32.5497,31.4337,31.4337,0,0
SNT_PE,D,20220614,000000,31.5267,32.0846,31.0616,31.1547,0,0
SNT_PE,D,20220615,000000,31.2476,31.6197,19.1577,19.1577,0,0
SNT_PE,D,20220617,000000,19.1577,19.6228,18.9718,19.0647,0,0
SNT_PE,D,20220620,000000,18.8788,18.8788,18.2278,18.4137,0,0
SNT_PE,D,20220621,000000,18.7858,18.7858,17.9488,18.0418,0,0
SNT_PE,D,20220622,000000,18.0418,18.4137,17.9488,18.0418,0,0
SNT_PE,D,20220623,000000,18.0418,18.5068,17.7627,17.7627,0,0
SNT_PE,D,20220624,000000,17.7627,18.4137,17.3908,17.8558,0,0
SNT_PE,D,20220627,000000,17.6698,18.5999,17.6698,18.4137,0,0
SNT_PE,D,20220628,000000,18.4137,19.6228,18.2278,19.6228,0,0
SNT_PE,D,20220629,000000,19.9018,19.9018,18.7858,19.6228,0,0
SNT_PE,D,20220630,000000,18.9718,19.1577,18.5068,18.5068,0,0
SNT_PE,D,20220701,000000,18.5068,18.7858,17.8558,17.9488,0,0
SNT_PE,D,20220704,000000,18.1348,18.8788,18.1348,18.6928,0,0
SNT_PE,D,20220705,000000,18.6928,18.6928,17.3908,17.3908,0,0
SNT_PE,D,20220706,000000,17.5768,17.8558,17.0188,17.0188,0,0
SNT_PE,D,20220707,000000,17.1118,18.4137,17.1118,17.8558,0,0
SNT_PE,D,20220708,000000,17.8558,18.4137,17.8558,18.4137,0,0
SNT_PE,D,20220711,000000,18.4137,18.5068,17.3908,18.5068,0,0
SNT_PE,D,20220712,000000,18.1348,18.6928,18.1348,18.5999,0,0
SNT_PE,D,20220713,000000,18.5999,18.8788,17.9488,18.4137,0,0
SNT_PE,D,20220714,000000,18.4137,18.4137,17.8558,18.1348,0,0
SNT_PE,D,20220715,000000,18.5999,18.7858,17.9488,18.4137,0,0
SNT_PE,D,20220718,000000,18.1348,18.7858,18.1348,18.5999,0,0
SNT_PE,D,20220719,000000,18.5999,18.5999,17.9488,18.4137,0,0
SNT_PE,D,20220720,000000,18.4137,18.4137,17.5768,18.2278,0,0
SNT_PE,D,20220721,000000,18.0418,18.3208,17.9488,18.3208,0,0
SNT_PE,D,20220722,000000,18.2278,18.7858,17.6698,18.6928,0,0
SNT_PE,D,20220725,000000,18.8788,19.5297,18.8788,19.5297,0,0
SNT_PE,D,20220726,000000,19.5297,19.9018,19.3438,19.9018,0,0
SNT_PE,D,20220727,000000,19.9018,20.4598,19.7158,19.8087,0,0
SNT_PE,D,20220728,000000,20.1808,20.2737,19.9018,20.2737,0,0
SNT_PE,D,20220729,000000,19.8087,20.7388,19.8087,20.2737,0,0
SNT_PE,D,20220801,000000,20.7388,20.8318,20.3668,20.8318,0,0
SNT_PE,D,20220802,000000,20.8318,20.8318,20.4598,20.4598,0,0
SNT_PE,D,20220803,000000,20.3668,20.6457,20.1808,20.6457,0,0
SNT_PE,D,20220804,000000,20.6457,20.7388,20.3668,20.4598,0,0
SNT_PE,D,20220805,000000,20.3668,20.6457,20.0878,20.6457,0,0
SNT_PE,D,20220808,000000,20.6457,20.9247,20.5528,20.9247,0,0
SNT_PE,D,20220809,000000,21.1108,21.2038,20.7388,20.7388,0,0
SNT_PE,D,20220810,000000,21.1108,21.1108,19.7158,19.7158,0,0
SNT_PE,D,20220811,000000,19.8087,20.0878,19.7158,19.9018,0,0
SNT_PE,D,20220812,000000,19.9018,19.9948,19.4368,19.9018,0,0
SNT_PE,D,20220816,000000,20.0878,20.4598,19.4368,19.4368,0,0
SNT_PE,D,20220817,000000,19.7158,19.7158,18.9718,19.0647,0,0
SNT_PE,D,20220818,000000,19.0647,19.3438,18.7858,19.0647,0,0
SNT_PE,D,20220819,000000,19.0647,19.1577,18.8788,19.1577,0,0
SNT_PE,D,20220822,000000,19.3438,19.4368,18.0418,18.0418,0,0
SNT_PE,D,20220823,000000,18.0418,18.7858,18.0418,18.6928,0,0
SNT_PE,D,20220824,000000,18.6928,18.6928,18.4137,18.6928,0,0
SNT_PE,D,20220825,000000,18.6928,18.6928,18.5999,18.5999,0,0
SNT_PE,D,20220826,000000,18.5999,18.6928,18.3208,18.6928,0,0
SNT_PE,D,20220829,000000,18.4137,19.0647,18.3208,18.9718,0,0
SNT_PE,D,20220830,000000,18.9718,18.9718,18.6928,18.9718,0,0
SNT_PE,D,20220831,000000,18.9718,19.1577,18.2278,18.5068,0,0
SNT_PE,D,20220901,000000,18.6928,18.6928,17.6698,17.9488,0,0
SNT_PE,D,20220902,000000,18.0418,18.2278,17.9488,18.2278,0,0
SNT_PE,D,20220905,000000,18.2278,18.9718,18.2278,18.4137,0,0
SNT_PE,D,20220906,000000,18.4137,18.4137,18.3208,18.4137,0,0
SNT_PE,D,20220907,000000,18.4137,18.4137,18.1348,18.4137,0,0
SNT_PE,D,20220908,000000,18.5999,18.5999,17.6698,17.8558,0,0
SNT_PE,D,20220909,000000,18.0418,18.4137,18.0418,18.4137,0,0
SNT_PE,D,20220912,000000,18.3208,18.8788,18.2278,18.4137,0,0
SNT_PE,D,20220913,000000,18.4137,18.8788,18.2278,18.2278,0,0
SNT_PE,D,20220914,000000,18.2278,18.8788,18.2278,18.7858,0,0
SNT_PE,D,20220915,000000,18.7858,19.0647,18.3208,19.0647,0,0
SNT_PE,D,20220916,000000,19.1577,19.1577,18.5068,18.5999,0,0
SNT_PE,D,20220919,000000,18.7858,19.0647,18.4137,19.0647,0,0
SNT_PE,D,20220920,000000,19.0647,19.0647,18.5999,18.5999,0,0
SNT_PE,D,20220921,000000,18.9718,18.9718,18.3208,18.5999,0,0
SNT_PE,D,20220922,000000,18.5999,18.8788,18.3208,18.3208,0,0
SNT_PE,D,20220923,000000,18.8788,18.8788,18.3208,18.7858,0,0
SNT_PE,D,20220926,000000,18.7858,18.7858,18.3208,18.3208,0,0
SNT_PE,D,20220927,000000,18.6928,19.8087,18.4137,18.8788,0,0
SNT_PE,D,20220928,000000,18.8788,19.1577,18.7858,19.1577,0,0
SNT_PE,D,20220929,000000,19.1577,19.4368,18.6928,19.4368,0,0
SNT_PE,D,20220930,000000,19.4368,19.8087,19.4368,19.6228,0,0
SNT_PE,D,20221003,000000,20.0878,20.6457,19.8087,20.6457,0,0
SNT_PE,D,20221004,000000,20.9247,22.3197,20.9247,22.3197,0,0
SNT_PE,D,20221005,000000,22.3197,22.5988,21.2968,21.4828,0,0
SNT_PE,D,20221006,000000,21.6687,21.6687,21.2038,21.4828,0,0
SNT_PE,D,20221007,000000,21.5757,21.9478,20.7388,21.7618,0,0
SNT_PE,D,20221010,000000,21.7618,22.2267,21.2968,22.1338,0,0
SNT_PE,D,20221011,000000,21.8548,22.1338,21.2038,22.1338,0,0
SNT_PE,D,20221012,000000,21.4828,21.8548,21.3898,21.4828,0,0
SNT_PE,D,20221013,000000,21.5757,21.5757,21.2038,21.4828,0,0
SNT_PE,D,20221014,000000,21.4828,21.4828,21.2038,21.3898,0,0
SNT_PE,D,20221017,000000,21.5757,21.5757,21.2038,21.3898,0,0
SNT_PE,D,20221018,000000,21.4828,21.5757,21.2968,21.4828,0,0
SNT_PE,D,20221019,000000,21.4828,21.4828,20.8318,20.8318,0,0
SNT_PE,D,20221020,000000,21.1108,21.1108,20.5528,20.8318,0,0
SNT_PE,D,20221021,000000,20.5528,21.2038,20.5528,21.2038,0,0
SNT_PE,D,20221024,000000,20.7388,21.1108,20.7388,20.9247,0,0
SNT_PE,D,20221025,000000,20.9247,20.9247,20.2737,20.2737,0,0
SNT_PE,D,20221026,000000,20.2737,20.7388,20.0878,20.4598,0,0
SNT_PE,D,20221027,000000,20.4598,20.4598,19.7158,20.3668,0,0
SNT_PE,D,20221028,000000,20.3668,20.9247,20.3668,20.8318,0,0
SNT_PE,D,20221031,000000,20.8318,20.8318,20.5528,20.8318,0,0
SNT_PE,D,20221102,000000,20.8318,20.8318,20.6457,20.8318,0,0
SNT_PE,D,20221103,000000,20.6457,20.9247,20.5528,20.8318,0,0
SNT_PE,D,20221104,000000,20.8318,21.2968,20.2737,21.2038,0,0
SNT_PE,D,20221107,000000,21.2038,21.2968,20.9247,21.2968,0,0
SNT_PE,D,20221108,000000,21.5757,22.1338,21.5757,21.9478,0,0
SNT_PE,D,20221109,000000,21.9478,21.9478,21.3898,21.8548,0,0
SNT_PE,D,20221110,000000,21.8548,21.8548,21.3898,21.8548,0,0
SNT_PE,D,20221114,000000,21.9478,21.9478,21.2038,21.7618,0,0
SNT_PE,D,20221115,000000,21.7618,21.9478,21.5757,21.9478,0,0
SNT_PE,D,20221116,000000,21.2968,21.8548,21.2038,21.5757,0,0
SNT_PE,D,20221117,000000,21.5757,21.5757,21.0178,21.4828,0,0
SNT_PE,D,20221118,000000,21.4828,21.9478,21.4828,21.5757,0,0
SNT_PE,D,20221121,000000,21.5757,21.8548,21.3898,21.6687,0,0
SNT_PE,D,20221122,000000,21.6687,21.9478,21.3898,21.3898,0,0
SNT_PE,D,20221123,000000,21.6687,22.8778,21.2038,22.8778,0,0
SNT_PE,D,20221124,000000,22.5058,22.8778,22.3197,22.7847,0,0
SNT_PE,D,20221125,000000,22.7847,22.8778,22.4128,22.7847,0,0
SNT_PE,D,20221128,000000,22.4128,22.6917,22.1338,22.1338,0,0
SNT_PE,D,20221129,000000,22.1338,22.6917,21.9478,21.9478,0,0
SNT_PE,D,20221130,000000,21.9478,22.6917,21.8548,22.0407,0,0
SNT_PE,D,20221201,000000,22.5988,23.7148,22.4128,23.2498,0,0
SNT_PE,D,20221202,000000,23.6217,23.6217,22.6917,22.9707,0,0
SNT_PE,D,20221205,000000,23.2498,24.1797,23.2498,23.9008,0,0
SNT_PE,D,20221206,000000,24.1797,24.9236,23.7148,24.5517,0,0
SNT_PE,D,20221207,000000,24.5517,25.1098,23.9938,25.1098,0,0
SNT_PE,D,20221208,000000,25.2027,25.3887,24.5517,25.2957,0,0
SNT_PE,D,20221209,000000,25.2957,25.3887,24.7377,25.0168,0,0
SNT_PE,D,20221212,000000,25.0168,25.2027,24.2727,24.6448,0,0
SNT_PE,D,20221213,000000,24.8307,24.8307,24.1797,24.5517,0,0
SNT_PE,D,20221214,000000,24.5517,25.4817,24.5517,24.8307,0,0
SNT_PE,D,20221215,000000,24.8307,25.2027,24.0867,24.4588,0,0
SNT_PE,D,20221216,000000,24.4588,25.0168,24.2727,24.6448,0,0
SNT_PE,D,20221219,000000,24.8307,25.0168,24.0867,24.0867,0,0
SNT_PE,D,20221220,000000,24.3658,24.3658,22.9707,22.9707,0,0
SNT_PE,D,20221221,000000,23.2498,23.7148,22.9707,23.6217,0,0
SNT_PE,D,20221222,000000,23.2498,23.6217,23.2498,23.5287,0,0
SNT_PE,D,20221223,000000,23.5287,23.6217,22.9707,23.4357,0,0
SNT_PE,D,20221227,000000,23.2498,23.6217,22.6917,22.6917,0,0
SNT_PE,D,20221228,000000,22.6917,23.2498,21.7618,21.8548,0,0
SNT_PE,D,20221229,000000,21.8548,22.5988,21.8548,22.0407,0,0
SNT_PE,D,20221230,000000,22.0407,22.1338,21.6687,21.8548,0,0
SNT_PE,D,20230102,000000,21.9478,22.7847,21.8548,22.4128,0,0
SNT_PE,D,20230103,000000,22.5058,23.3427,22.2267,22.9707,0,0
SNT_PE,D,20230104,000000,22.9707,23.3427,22.7847,23.0638,0,0
SNT_PE,D,20230105,000000,23.1567,24.0867,22.9707,23.9938,0,0
SNT_PE,D,20230109,000000,24.0867,24.3658,23.8077,24.3658,0,0
SNT_PE,D,20230110,000000,24.2727,24.4588,23.8077,24.1797,0,0
SNT_PE,D,20230111,000000,24.5517,24.5517,23.7148,24.0867,0,0
SNT_PE,D,20230112,000000,24.2727,24.6448,23.9008,24.4588,0,0
SNT_PE,D,20230113,000000,24.6448,26.5047,24.6448,25.9467,0,0
SNT_PE,D,20230116,000000,26.2257,26.6907,25.5747,26.2257,0,0
SNT_PE,D,20230117,000000,26.5977,26.7837,25.7608,26.2257,0,0
SNT_PE,D,20230118,000000,26.3187,26.5977,25.7608,26.1327,0,0
SNT_PE,D,20230119,000000,26.1327,26.2257,25.5747,25.6677,0,0
SNT_PE,D,20230120,000000,25.9467,26.5977,25.0168,26.5977,0,0
SNT_PE,D,20230123,000000,26.7837,27.2487,26.7837,27.1558,0,0
SNT_PE,D,20230124,000000,27.1558,27.6208,26.9697,27.5277,0,0
SNT_PE,D,20230125,000000,27.5277,28.6437,27.2487,28.3647,0,0
SNT_PE,D,20230126,000000,28.4577,28.6437,27.8997,28.6437,0,0
SNT_PE,D,20230127,000000,28.6437,28.6437,27.4346,27.6208,0,0
SNT_PE,D,20230130,000000,27.5277,28.0856,27.4346,27.8997,0,0
SNT_PE,D,20230131,000000,27.8067,28.4577,27.8067,28.4577,0,0
SNT_PE,D,20230201,000000,28.4577,29.0157,28.4577,28.9227,0,0
SNT_PE,D,20230202,000000,28.9227,29.1087,28.7367,29.0157,0,0
SNT_PE,D,20230203,000000,28.9227,29.0157,27.8997,28.1786,0,0
SNT_PE,D,20230206,000000,28.3647,28.6437,27.9927,28.1786,0,0
SNT_PE,D,20230207,000000,28.1786,28.5506,27.8067,27.8067,0,0
SNT_PE,D,20230208,000000,27.8067,27.9927,27.6208,27.7137,0,0
SNT_PE,D,20230209,000000,27.7137,27.7137,27.4346,27.4346,0,0
SNT_PE,D,20230210,000000,27.4346,27.4346,26.5047,26.5977,0,0
SNT_PE,D,20230213,000000,26.5977,27.4346,26.5977,26.9697,0,0
SNT_PE,D,20230214,000000,27.0627,27.6208,26.9697,27.5277,0,0
SNT_PE,D,20230215,000000,29.1087,29.1087,10.5088,10.5088,0,0
SNT_PE,D,20230216,000000,10.6019,10.6019,10.4159,10.5088,0,0
SNT_PE,D,20230217,000000,10.5088,10.5088,10.4159,10.4159,0,0
SNT_PE,D,20230220,000000,10.4159,10.4159,10.4159,10.4159,0,0
SNT_PE,D,20230221,000000,10.4159,10.5088,10.3229,10.4159,0,0
SNT_PE,D,20230222,000000,10.4159,10.4159,10.0438,10.1369,0,0
SNT_PE,D,20230223,000000,10.2299,11.0669,10.2299,11.0669,0,0
SNT_PE,D,20230224,000000,11.1599,11.9038,11.1599,11.6248,0,0
SNT_PE,D,20230227,000000,11.9038,12.5548,11.9038,12.4619,0,0
SNT_PE,D,20230228,000000,12.8256,12.8256,12.2597,12.4484,0,0
SNT_PE,D,20230301,000000,12.637,13.1085,12.637,12.9199,0,0
SNT_PE,D,20230302,000000,12.9199,13.3914,12.7313,12.7313,0,0
SNT_PE,D,20230303,000000,13.1085,13.3914,13.0142,13.3914,0,0
SNT_PE,D,20230306,000000,13.3914,14.5231,13.3914,14.1459,0,0
SNT_PE,D,20230307,000000,14.4288,14.7117,13.9572,14.2402,0,0
SNT_PE,D,20230308,000000,14.2402,16.1263,14.2402,15.2775,0,0
SNT_PE,D,20230309,000000,15.3718,15.3718,14.1459,14.3344,0,0
SNT_PE,D,20230310,000000,14.3344,14.3344,13.3914,13.7687,0,0
SNT_PE,D,20230313,000000,13.7687,14.2402,13.2971,13.8629,0,0
SNT_PE,D,20230314,000000,14.0516,14.7117,14.0516,14.4288,0,0
SNT_PE,D,20230315,000000,14.4288,14.6174,13.4857,13.58,0,0
SNT_PE,D,20230316,000000,13.7687,14.0516,13.2971,13.7687,0,0
SNT_PE,D,20230317,000000,13.58,13.8629,13.58,13.6744,0,0
SNT_PE,D,20230320,000000,13.6744,13.8629,13.2971,13.7687,0,0
SNT_PE,D,20230321,000000,13.7687,13.8629,13.58,13.58,0,0
SNT_PE,D,20230322,000000,13.58,13.7687,13.2971,13.3914,0,0
SNT_PE,D,20230323,000000,13.3914,13.3914,12.9199,12.9199,0,0
SNT_PE,D,20230324,000000,13.1085,13.1085,12.8256,13.1085,0,0
SNT_PE,D,20230327,000000,13.1085,13.3914,13.0142,13.3914,0,0
SNT_PE,D,20230328,000000,13.3914,13.58,13.0142,13.2971,0,0
SNT_PE,D,20230329,000000,13.2028,13.58,13.1085,13.3914,0,0
SNT_PE,D,20230330,000000,13.3914,13.58,13.2028,13.58,0,0
SNT_PE,D,20230331,000000,13.7687,13.8629,13.58,13.58,0,0
SNT_PE,D,20230403,000000,13.58,14.2402,13.58,14.2402,0,0
SNT_PE,D,20230404,000000,14.2402,14.2402,13.8629,13.8629,0,0
SNT_PE,D,20230405,000000,14.1459,14.2402,14.0516,14.0516,0,0
SNT_PE,D,20230406,000000,14.0516,14.3344,13.9572,14.2402,0,0
SNT_PE,D,20230411,000000,14.2402,14.9003,14.2402,14.806,0,0
SNT_PE,D,20230412,000000,14.806,14.9946,14.4288,14.5231,0,0
SNT_PE,D,20230413,000000,14.5231,14.6174,14.0516,14.1459,0,0
SNT_PE,D,20230414,000000,14.3344,14.4288,14.0516,14.2402,0,0
SNT_PE,D,20230417,000000,14.2402,14.4288,14.0516,14.1459,0,0
SNT_PE,D,20230418,000000,14.1459,14.7117,14.0516,14.3344,0,0
SNT_PE,D,20230419,000000,14.3344,14.6174,14.3344,14.5231,0,0
SNT_PE,D,20230420,000000,14.806,14.806,14.2402,14.2402,0,0
SNT_PE,D,20230421,000000,14.3344,14.5231,14.2402,14.5231,0,0
SNT_PE,D,20230424,000000,14.5231,14.5231,14.1459,14.4288,0,0
SNT_PE,D,20230425,000000,14.4288,15.5604,14.4288,15.1832,0,0
SNT_PE,D,20230426,000000,15.3718,15.7491,14.9003,15.1832,0,0
SNT_PE,D,20230427,000000,15.1832,15.2775,14.9946,15.1832,0,0
SNT_PE,D,20230428,000000,14.9946,15.3718,14.9946,15.1832,0,0
SNT_PE,D,20230502,000000,15.1832,17.0693,15.1832,16.5035,0,0
SNT_PE,D,20230504,000000,16.6921,17.6352,16.6921,17.3522,0,0
SNT_PE,D,20230505,000000,17.258,17.3522,16.6921,17.0693,0,0
SNT_PE,D,20230508,000000,17.1637,18.201,16.975,17.7295,0,0
SNT_PE,D,20230509,000000,17.6352,18.1067,17.4465,18.1067,0,0
SNT_PE,D,20230510,000000,18.1067,18.1067,17.258,17.4465,0,0
SNT_PE,D,20230511,000000,17.4465,17.4465,16.7865,16.8807,0,0
SNT_PE,D,20230512,000000,16.7865,17.258,16.7865,17.1637,0,0
SNT_PE,D,20230515,000000,17.1637,17.258,16.975,16.975,0,0
SNT_PE,D,20230516,000000,16.975,17.7295,16.975,17.6352,0,0
SNT_PE,D,20230517,000000,17.7295,17.7295,17.4465,17.5409,0,0
SNT_PE,D,20230518,000000,17.6352,17.6352,17.1637,17.3522,0,0
SNT_PE,D,20230519,000000,17.4465,18.0124,17.3522,17.8238,0,0
SNT_PE,D,20230522,000000,18.0124,18.7668,18.0124,18.6725,0,0
SNT_PE,D,20230523,000000,19.2384,19.8042,19.2384,19.7099,0,0
SNT_PE,D,20230524,000000,19.8986,19.8986,19.144,19.8042,0,0
SNT_PE,D,20230525,000000,19.8042,19.8042,19.5212,19.8042,0,0
SNT_PE,D,20230526,000000,19.7099,19.8042,19.427,19.8042,0,0
SNT_PE,D,20230529,000000,19.7099,19.7099,19.144,19.3327,0,0
SNT_PE,D,20230530,000000,19.2384,19.3327,18.9555,18.9555,0,0
SNT_PE,D,20230531,000000,18.8612,19.3327,17.6352,17.7295,0,0
SNT_PE,D,20230601,000000,18.5783,18.5783,17.6352,18.201,0,0
SNT_PE,D,20230602,000000,18.1067,19.3327,17.7295,19.2384,0,0
SNT_PE,D,20230605,000000,18.7668,19.8986,18.7668,19.6156,0,0
SNT_PE,D,20230606,000000,19.6156,20.2758,19.5212,20.1814,0,0
SNT_PE,D,20230607,000000,20.0871,20.7473,19.3327,20.7473,0,0
SNT_PE,D,20230609,000000,20.653,21.4074,20.653,20.9359,0,0
SNT_PE,D,20230612,000000,20.9359,21.5017,20.7473,20.8415,0,0
SNT_PE,D,20230613,000000,20.8415,21.1245,19.9928,19.9928,0,0
SNT_PE,D,20230614,000000,20.0871,20.5586,20.0871,20.4643,0,0
SNT_PE,D,20230615,000000,21.3131,21.596,20.4643,21.0302,0,0
SNT_PE,D,20230616,000000,21.5017,21.5017,20.7473,21.0302,0,0
SNT_PE,D,20230619,000000,21.1245,22.0676,20.9359,22.0676,0,0
SNT_PE,D,20230620,000000,21.9733,22.5391,21.6903,21.8789,0,0
SNT_PE,D,20230621,000000,22.0676,23.4821,21.8789,23.3879,0,0
SNT_PE,D,20230622,000000,23.2935,24.048,23.1049,23.8594,0,0
SNT_PE,D,20230623,000000,23.8594,23.9536,23.1992,23.2935,0,0
SNT_PE,D,20230626,000000,23.2935,23.9536,22.6333,23.4821,0,0
SNT_PE,D,20230627,000000,23.7651,23.7651,22.7277,22.9163,0,0
SNT_PE,D,20230628,000000,23.1049,23.2935,23.0106,23.2935,0,0
SNT_PE,D,20230629,000000,23.3879,23.3879,22.5391,22.7277,0,0
SNT_PE,D,20230630,000000,22.6333,23.0106,22.2561,22.2561,0,0
SNT_PE,D,20230703,000000,22.9163,22.9163,21.9733,22.0676,0,0
SNT_PE,D,20230704,000000,22.1618,23.4821,21.7846,23.0106,0,0
SNT_PE,D,20230705,000000,23.0106,23.0106,21.1245,21.1245,0,0
SNT_PE,D,20230706,000000,21.2188,21.8789,21.2188,21.8789,0,0
SNT_PE,D,20230707,000000,21.8789,21.8789,20.653,20.9359,0,0
SNT_PE,D,20230710,000000,20.653,21.6903,20.653,21.6903,0,0
SNT_PE,D,20230711,000000,21.7846,22.3505,21.7846,22.2561,0,0
SNT_PE,D,20230712,000000,22.3505,22.9163,22.3505,22.7277,0,0
SNT_PE,D,20230713,000000,22.822,23.6707,22.822,23.6707,0,0
SNT_PE,D,20230714,000000,23.7651,24.2366,23.1992,24.048,0,0
SNT_PE,D,20230717,000000,23.2935,23.9536,22.822,23.0106,0,0
SNT_PE,D,20230718,000000,22.822,23.4821,22.7277,23.2935,0,0
SNT_PE,D,20230719,000000,23.2935,23.2935,22.4448,22.7277,0,0
SNT_PE,D,20230720,000000,22.6333,22.822,22.3505,22.4448,0,0
SNT_PE,D,20230721,000000,22.4448,22.5391,21.8789,21.8789,0,0
SNT_PE,D,20230724,000000,21.8789,22.1618,21.8789,22.1618,0,0
SNT_PE,D,20230725,000000,22.3505,22.3505,21.6903,22.0676,0,0
SNT_PE,D,20230726,000000,22.3505,22.3505,21.5017,21.8789,0,0
SNT_PE,D,20230727,000000,21.9733,22.1618,21.5017,22.0676,0,0
SNT_PE,D,20230728,000000,21.9733,21.9733,21.596,21.6903,0,0
SNT_PE,D,20230731,000000,21.7846,21.9733,20.8415,20.8415,0,0
SNT_PE,D,20230801,000000,20.9359,21.1245,20.9359,21.1245,0,0
SNT_PE,D,20230802,000000,21.0302,21.0302,20.7473,20.9359,0,0
SNT_PE,D,20230803,000000,20.653,20.653,19.9928,20.0871,0,0
SNT_PE,D,20230804,000000,20.0871,20.6501,19.8042,20.3701,0,0
SNT_PE,D,20230807,000000,20.6209,21.6234,20.1192,21.596,0,0
SNT_PE,D,20230808,000000,22.4098,22.4098,13.9572,13.9572,0,0
SNT_PE,D,20230809,000000,14.2053,14.2468,13.9572,14.1459,0,0
SNT_PE,D,20230810,000000,14.1459,14.1459,13.7687,13.7687,0,0
SNT_PE,D,20230811,000000,13.8516,14.0516,13.8516,14.0516,0,0
SNT_PE,D,20230814,000000,14.0931,14.7975,14.0931,14.6174,0,0
SNT_PE,D,20230816,000000,14.6589,14.6589,14.1223,14.2402,0,0
SNT_PE,D,20230817,000000,14.4052,14.4052,14.0336,14.2402,0,0
SNT_PE,D,20230818,000000,14.2402,14.2402,13.8262,13.8629,0,0
SNT_PE,D,20230821,000000,13.8629,14.0279,13.6159,13.8629,0,0
SNT_PE,D,20230822,000000,13.9459,13.9459,13.6564,13.8629,0,0
SNT_PE,D,20230823,000000,13.8629,13.8629,13.4905,13.8629,0,0
SNT_PE,D,20230824,000000,13.8629,14.6495,13.6979,13.8629,0,0
SNT_PE,D,20230825,000000,13.9459,14.0694,13.7385,13.7687,0,0
SNT_PE,D,20230828,000000,13.7687,14.6786,13.7687,14.1459,0,0
SNT_PE,D,20230829,000000,14.558,15.0531,14.0224,14.0516,0,0
SNT_PE,D,20230830,000000,14.2581,14.6711,13.9572,13.9572,0,0
SNT_PE,D,20230831,000000,14.0393,14.3703,13.9987,14.1459,0,0
SNT_PE,D,20230901,000000,14.0638,15.136,14.0638,14.9003,0,0
SNT_PE,D,20230904,000000,15.1889,15.3134,14.9003,14.9946,0,0
SNT_PE,D,20230905,000000,14.8296,14.8296,14.1685,14.4288,0,0
SNT_PE,D,20230906,000000,14.5118,14.5118,13.8488,14.1459,0,0
SNT_PE,D,20230907,000000,14.3948,14.3948,13.8629,13.8629,0,0
SNT_PE,D,20230908,000000,13.9459,14.1516,13.9459,13.9572,0,0
SNT_PE,D,20230911,000000,14.0393,14.0393,13.2962,13.4857,0,0
SNT_PE,D,20230912,000000,13.4857,13.4857,13.0312,13.1085,0,0
SNT_PE,D,20230913,000000,13.067,13.067,12.6521,12.7313,0,0
SNT_PE,D,20230914,000000,12.7313,12.8558,12.4408,12.5426,0,0
SNT_PE,D,20230915,000000,12.7491,13.2443,12.7491,13.1085,0,0
SNT_PE,D,20230918,000000,13.233,13.5649,13.067,13.1085,0,0
SNT_PE,D,20230919,000000,13.482,13.482,12.818,12.8256,0,0
SNT_PE,D,20230920,000000,12.9916,13.531,12.7011,13.3914,0,0
SNT_PE,D,20230921,000000,13.4329,13.4329,12.8124,12.9199,0,0
SNT_PE,D,20230922,000000,12.9199,12.9613,12.7133,12.8256,0,0
SNT_PE,D,20230925,000000,12.9916,13.0736,12.4116,12.5426,0,0
SNT_PE,D,20230926,000000,12.5011,12.7906,12.3361,12.637,0,0
SNT_PE,D,20230927,000000,12.6785,12.7605,12.1654,12.1654,0,0
SNT_PE,D,20230928,000000,12.2889,12.4541,12.0004,12.0711,0,0
SNT_PE,D,20230929,000000,12.0711,12.7766,12.0711,12.5426,0,0
SNT_PE,D,20231002,000000,12.6256,12.7906,12.4182,12.4484,0,0
SNT_PE,D,20231003,000000,12.5728,12.5728,12.1654,12.1654,0,0
SNT_PE,D,20231004,000000,12.1654,12.4126,12.1239,12.2597,0,0
SNT_PE,D,20231005,000000,12.2597,12.637,12.2597,12.637,0,0
SNT_PE,D,20231006,000000,12.637,12.637,11.891,11.9769,0,0
SNT_PE,D,20231009,000000,11.8939,12.4484,11.8533,12.4484,0,0
SNT_PE,D,20231010,000000,12.5728,13.1538,12.5728,12.9199,0,0
SNT_PE,D,20231011,000000,12.8784,13.2509,12.8369,12.9199,0,0
SNT_PE,D,20231012,000000,13.0028,13.1265,12.7963,12.8256,0,0
SNT_PE,D,20231013,000000,12.8256,13.0142,12.8256,13.0142,0,0
SNT_PE,D,20231016,000000,13.1792,13.1792,12.6426,12.8256,0,0
SNT_PE,D,20231017,000000,12.8671,12.9906,12.7435,12.9199,0,0
SNT_PE,D,20231018,000000,12.9199,12.9199,12.3833,12.4484,0,0
SNT_PE,D,20231019,000000,12.6143,13.0708,12.6143,12.9199,0,0
SNT_PE,D,20231020,000000,12.9199,12.9199,12.0947,12.1654,0,0
SNT_PE,D,20231023,000000,12.1239,12.1654,11.4185,12.1654,0,0
SNT_PE,D,20231024,000000,12.2069,12.9133,11.958,12.8256,0,0
SNT_PE,D,20231025,000000,13.0321,13.0321,12.5361,12.7313,0,0
SNT_PE,D,20231026,000000,12.6483,12.6483,12.1513,12.3541,0,0
SNT_PE,D,20231027,000000,12.6021,13.2632,12.6021,12.9199,0,0
SNT_PE,D,20231030,000000,12.8784,12.9613,12.6728,12.8256,0,0
SNT_PE,D,20231031,000000,12.8256,13.0142,12.7021,13.0142,0,0
SNT_PE,D,20231102,000000,13.0142,13.5112,12.9727,13.4857,0,0
SNT_PE,D,20231103,000000,13.5687,13.5687,13.0717,13.2028,0,0
SNT_PE,D,20231106,000000,13.4103,13.7837,13.4103,13.6744,0,0
SNT_PE,D,20231107,000000,13.6744,14.0884,13.4669,13.7687,0,0
SNT_PE,D,20231108,000000,13.7687,13.9752,13.7687,13.9572,0,0
SNT_PE,D,20231109,000000,13.9987,13.9987,13.8337,13.9572,0,0
SNT_PE,D,20231110,000000,13.8337,13.9572,13.5442,13.58,0,0
SNT_PE,D,20231113,000000,13.7035,13.828,13.6215,13.7687,0,0
SNT_PE,D,20231114,000000,13.8516,14.3062,13.8516,14.2402,0,0
SNT_PE,D,20231115,000000,14.8598,14.8598,14.1459,14.1459,0,0
SNT_PE,D,20231116,000000,14.4344,14.4344,10.0907,10.0907,0,0
SNT_PE,D,20231117,000000,10.0907,10.7508,10.0907,10.7508,0,0
SNT_PE,D,20231120,000000,10.7206,10.9885,10.6028,10.7508,0,0
SNT_PE,D,20231121,000000,10.7508,10.8989,10.5726,10.8451,0,0
SNT_PE,D,20231122,000000,10.6377,10.8744,10.6377,10.8451,0,0
SNT_PE,D,20231123,000000,10.8159,11.1281,10.6971,11.1281,0,0
SNT_PE,D,20231124,000000,11.0988,11.3355,10.9395,10.9395,0,0
SNT_PE,D,20231127,000000,10.9395,11.2648,10.9395,11.2223,0,0
SNT_PE,D,20231128,000000,11.2223,11.4582,11.1931,11.411,0,0
SNT_PE,D,20231129,000000,11.411,12.0306,11.411,11.8825,0,0
SNT_PE,D,20231130,000000,11.9419,12.2069,11.676,11.9769,0,0
SNT_PE,D,20231201,000000,11.9769,12.0957,11.6213,11.8825,0,0
SNT_PE,D,20231204,000000,11.8825,11.8825,11.6165,11.8825,0,0
SNT_PE,D,20231205,000000,11.8533,12.4144,11.7939,11.9769,0,0
SNT_PE,D,20231206,000000,12.0061,12.1541,11.9476,12.0711,0,0
SNT_PE,D,20231207,000000,12.1306,12.1306,11.8637,12.0711,0,0
SNT_PE,D,20231208,000000,12.1306,12.5738,12.1306,12.3541,0,0
SNT_PE,D,20231211,000000,12.3833,12.7313,12.3833,12.7313,0,0
SNT_PE,D,20231212,000000,12.7313,13.0283,12.4342,12.8256,0,0
SNT_PE,D,20231213,000000,12.8256,13.3292,12.7963,13.2028,0,0
SNT_PE,D,20231214,000000,13.4697,13.647,13.1142,13.4857,0,0
SNT_PE,D,20231215,000000,13.663,13.7517,13.1905,13.2971,0,0
SNT_PE,D,20231218,000000,13.2377,13.2377,12.6473,12.8256,0,0
SNT_PE,D,20231219,000000,12.8841,13.3263,12.7369,12.8256,0,0
SNT_PE,D,20231220,000000,12.8256,12.8256,12.3541,12.4484,0,0
SNT_PE,D,20231221,000000,12.4484,12.8039,12.4484,12.637,0,0
SNT_PE,D,20231222,000000,12.637,12.8143,12.4003,12.5426,0,0
SNT_PE,D,20231227,000000,12.6606,12.9265,12.5426,12.637,0,0
SNT_PE,D,20231228,000000,12.637,13.0227,12.637,12.8256,0,0
SNT_PE,D,20231229,000000,12.9143,12.9736,12.6483,12.7313,0,0
SNT_PE,D,20240102,000000,12.9972,13.0566,12.3163,12.3541,0,0
SNT_PE,D,20240103,000000,12.4134,12.4134,11.941,12.2597,0,0
SNT_PE,D,20240104,000000,12.3191,12.5266,12.2004,12.2597,0,0
SNT_PE,D,20240105,000000,12.3776,12.3776,12.023,12.2597,0,0
SNT_PE,D,20240108,000000,12.2597,12.5549,12.2305,12.3541,0,0
SNT_PE,D,20240109,000000,12.3833,12.6785,12.3833,12.637,0,0
SNT_PE,D,20240110,000000,12.6662,13.0142,12.637,13.0142,0,0
SNT_PE,D,20240111,000000,13.0435,13.3999,13.0435,13.2028,0,0
SNT_PE,D,20240112,000000,13.2622,13.498,12.9963,13.4857,0,0
SNT_PE,D,20240115,000000,13.6036,13.7224,12.8058,12.8256,0,0
SNT_PE,D,20240116,000000,12.8256,12.9736,12.6775,12.8256,0,0
SNT_PE,D,20240117,000000,12.9143,12.9143,12.4418,12.637,0,0
SNT_PE,D,20240118,000000,12.7256,12.9038,12.637,12.637,0,0
SNT_PE,D,20240119,000000,13.0218,13.2028,12.637,13.2028,0,0
SNT_PE,D,20240122,000000,13.233,13.5084,13.05,13.2028,0,0
SNT_PE,D,20240123,000000,13.2028,13.2028,12.9888,13.1085,0,0
SNT_PE,D,20240124,000000,13.0161,13.2311,12.8633,13.2028,0,0
SNT_PE,D,20240125,000000,13.1726,13.234,12.8048,12.9199,0,0
SNT_PE,D,20240126,000000,12.9199,13.0123,12.8586,12.9199,0,0
SNT_PE,D,20240129,000000,12.9199,13.0123,12.8275,12.9199,0,0
SNT_PE,D,20240130,000000,12.8888,13.3197,12.8888,13.0142,0,0
SNT_PE,D,20240131,000000,13.0755,13.5677,13.0755,13.2028,0,0
SNT_PE,D,20240201,000000,13.2952,13.9686,13.2952,13.7687,0,0
SNT_PE,D,20240202,000000,13.7989,14.6249,13.7687,14.6174,0,0
SNT_PE,D,20240205,000000,14.74,15.0163,14.5873,14.6174,0,0
SNT_PE,D,20240206,000000,14.7098,15.2775,14.7098,15.2775,0,0
SNT_PE,D,20240207,000000,15.3388,15.5689,14.94,15.4662,0,0
SNT_PE,D,20240208,000000,15.3897,15.3897,15.037,15.2775,0,0
SNT_PE,D,20240209,000000,15.2775,15.385,14.8485,15.1832,0,0
SNT_PE,D,20240212,000000,15.1832,15.4897,15.0606,15.3718,0,0
SNT_PE,D,20240213,000000,15.4482,15.5246,15.2653,15.4662,0,0
SNT_PE,D,20240214,000000,15.6189,16.7676,12.9199,12.9199,0,0
SNT_PE,D,20240215,000000,12.9199,13.1566,12.637,12.637,0,0
SNT_PE,D,20240216,000000,12.637,12.9321,12.637,12.8256,0,0
SNT_PE,D,20240219,000000,12.8256,13.0028,12.7661,12.8256,0,0
SNT_PE,D,20240220,000000,12.885,12.885,12.4116,12.5426,0,0
SNT_PE,D,20240221,000000,12.6615,12.9566,12.5426,12.5426,0,0
SNT_PE,D,20240222,000000,12.7794,13.0755,12.7794,12.9199,0,0
SNT_PE,D,20240223,000000,12.9793,13.9224,12.9793,13.8629,0,0
SNT_PE,D,20240226,000000,13.9224,14.6174,13.9224,14.6174,0,0
SNT_PE,D,20240227,000000,14.6768,14.7947,14.2402,14.2402,0,0
SNT_PE,D,20240228,000000,14.2402,14.4174,13.7677,13.8629,0,0
SNT_PE,D,20240229,000000,13.9224,15.633,13.9224,15.5604,0,0
SNT_PE,D,20240301,000000,15.5604,15.9223,15.4398,15.9223,0,0
SNT_PE,D,20240304,000000,15.9223,15.9223,14.8328,15.3771,0,0
SNT_PE,D,20240305,000000,15.3771,15.7409,15.1349,15.3433,0,0
SNT_PE,D,20240306,000000,15.3433,15.4041,14.9187,15.1503,0,0
SNT_PE,D,20240307,000000,15.2111,15.2111,14.7277,15.1503,0,0
SNT_PE,D,20240308,000000,15.0287,15.3925,14.9689,15.3433,0,0
SNT_PE,D,20240311,000000,15.7004,17.2453,15.2671,16.6943,0,0
SNT_PE,D,20240312,000000,16.6943,17.8436,16.6943,17.5628,0,0
SNT_PE,D,20240313,000000,17.5628,17.8658,17.2733,17.2733,0,0
SNT_PE,D,20240314,000000,17.4547,18.8433,17.3939,18.6243,0,0
SNT_PE,D,20240315,000000,18.5037,18.5037,17.7172,18.2615,0,0
SNT_PE,D,20240318,000000,18.3222,18.3222,17.2337,17.5628,0,0
SNT_PE,D,20240319,000000,17.5628,18.0472,17.1392,17.7558,0,0
SNT_PE,D,20240320,000000,17.8166,18.4824,17.5136,18.4313,0,0
SNT_PE,D,20240321,000000,18.4921,18.7343,18.1891,18.5278,0,0
SNT_PE,D,20240322,000000,18.467,18.467,17.8619,17.9488,0,0
SNT_PE,D,20240325,000000,17.9488,17.9488,17.4634,17.5628,0,0
SNT_PE,D,20240326,000000,17.6236,17.6236,17.2009,17.2733,0,0
SNT_PE,D,20240327,000000,17.5753,18.4207,17.4547,18.3348,0,0
SNT_PE,D,20240328,000000,18.3956,18.3956,17.7297,18.0453,0,0
SNT_PE,D,20240402,000000,18.2016,18.2016,17.502,17.5628,0,0
SNT_PE,D,20240403,000000,17.5628,17.7568,16.9838,16.9838,0,0
SNT_PE,D,20240404,000000,16.7898,17.2984,16.234,16.5978,0,0
SNT_PE,D,20240405,000000,16.5978,17.0822,16.3556,16.6943,0,0
SNT_PE,D,20240408,000000,16.7667,17.3244,16.7667,17.1768,0,0
SNT_PE,D,20240409,000000,17.2733,17.7828,16.7908,16.7908,0,0
SNT_PE,D,20240410,000000,16.8391,17.1044,16.4531,16.8873,0,0
SNT_PE,D,20240411,000000,16.5968,16.5968,15.3144,15.5363,0,0
SNT_PE,D,20240412,000000,15.5363,16.0922,15.4157,15.5363,0,0
SNT_PE,D,20240415,000000,15.3192,15.5122,14.7402,15.3433,0,0
SNT_PE,D,20240416,000000,15.077,15.077,14.2818,14.2818,0,0
SNT_PE,D,20240417,000000,14.3301,14.5472,14.1853,14.2818,0,0
SNT_PE,D,20240418,000000,14.306,15.0065,14.306,14.9573,0,0
SNT_PE,D,20240419,000000,15.0056,15.2227,14.7402,14.8608,0,0
SNT_PE,D,20240422,000000,14.9824,15.6849,14.9824,15.6328,0,0
SNT_PE,D,20240423,000000,15.7052,16.069,15.3906,15.6328,0,0
SNT_PE,D,20240424,000000,15.9464,15.9464,15.6811,15.8258,0,0
SNT_PE,D,20240425,000000,15.7042,15.9715,15.0741,15.2468,0,0
SNT_PE,D,20240426,000000,15.2468,16.0227,15.2468,16.0188,0,0
SNT_PE,D,20240429,000000,16.0188,16.4309,15.655,15.8258,0,0
SNT_PE,D,20240430,000000,15.8741,15.8741,15.6328,15.6328,0,0
SNT_PE,D,20240502,000000,15.6087,15.6087,15.1735,15.27,0,0
SNT_PE,D,20240506,000000,15.27,15.8992,15.27,15.8258,0,0
SNT_PE,D,20240507,000000,15.8017,16.1153,15.7293,15.7293,0,0
SNT_PE,D,20240508,000000,15.7776,15.7776,15.3675,15.6328,0,0
SNT_PE,D,20240509,000000,15.7052,16.3093,15.7052,16.3083,0,0
SNT_PE,D,20240510,000000,16.4048,16.4048,15.5112,15.5363,0,0
SNT_PE,D,20240513,000000,15.6087,15.8992,15.4881,15.6328,0,0
SNT_PE,D,20240514,000000,15.6087,15.6087,15.3182,15.4398,0,0
SNT_PE,D,20240515,000000,15.4398,15.7303,15.3675,15.6328,0,0
SNT_PE,D,20240516,000000,15.6811,15.8258,15.4639,15.5363,0,0
SNT_PE,D,20240517,000000,15.6087,16.6007,15.4881,16.4048,0,0
SNT_PE,D,20240520,000000,16.4048,17.4181,16.4048,16.9838,0,0
SNT_PE,D,20240521,000000,17.2743,17.2743,16.5486,16.5978,0,0
SNT_PE,D,20240522,000000,16.6702,17.9488,16.6461,17.9488,0,0
SNT_PE,D,20240523,000000,17.9488,17.9488,17.2482,17.2733,0,0
SNT_PE,D,20240524,000000,17.2974,17.3457,16.814,17.1768,0,0
SNT_PE,D,20240527,000000,17.3466,17.8562,17.2984,17.7558,0,0
SNT_PE,D,20240528,000000,17.9256,18.1437,17.5136,18.1418,0,0
SNT_PE,D,20240529,000000,17.8031,17.8031,17.2694,17.2733,0,0
SNT_PE,D,20240531,000000,17.2733,17.3698,16.8622,16.9838,0,0
SNT_PE,D,20240603,000000,17.0079,17.6873,17.0079,17.2733,0,0
SNT_PE,D,20240604,000000,17.5387,17.5387,16.8381,16.8873,0,0
SNT_PE,D,20240605,000000,16.8873,17.2743,16.7908,17.1768,0,0
SNT_PE,D,20240606,000000,17.2009,17.9498,17.2009,17.6593,0,0
SNT_PE,D,20240607,000000,17.7317,17.7558,17.3447,17.6593,0,0
SNT_PE,D,20240610,000000,17.6593,17.6593,17.199,17.2733,0,0
SNT_PE,D,20240611,000000,17.2251,17.6612,16.2311,16.7908,0,0
SNT_PE,D,20240612,000000,17.639,17.9295,15.9223,15.9223,0,0
SNT_PE,D,20240613,000000,15.8789,15.8789,15.4398,15.4398,0,0
SNT_PE,D,20240614,000000,15.4398,15.4398,15.0731,15.2468,0,0
SNT_PE,D,20240617,000000,15.3115,15.7428,15.2468,15.2468,0,0
SNT_PE,D,20240618,000000,15.2468,15.3974,15.1175,15.1387,0,0
SNT_PE,D,20240619,000000,15.2034,15.3761,14.9014,14.9573,0,0
SNT_PE,D,20240620,000000,14.9573,15.2169,14.5675,14.5713,0,0
SNT_PE,D,20240621,000000,14.9178,14.9178,14.6678,14.6678,0,0
SNT_PE,D,20240624,000000,14.6678,14.6678,14.3233,14.4748,0,0
SNT_PE,D,20240625,000000,14.4748,14.7344,14.2809,14.2818,0,0
SNT_PE,D,20240626,000000,14.3899,14.7769,14.3677,14.4748,0,0
SNT_PE,D,20240627,000000,14.691,15.6627,14.691,14.9573,0,0
SNT_PE,D,20240628,000000,14.9786,15.7563,14.9786,15.7293,0,0
SNT_PE,D,20240701,000000,15.7293,15.9223,15.5566,15.9223,0,0
SNT_PE,D,20240702,000000,15.9223,15.9223,15.3163,15.4398,0,0
SNT_PE,D,20240703,000000,15.5913,16.0246,15.5913,15.8258,0,0
SNT_PE,D,20240704,000000,15.8258,15.8258,15.4379,15.6328,0,0
SNT_PE,D,20240705,000000,15.6975,15.6975,15.2468,15.2468,0,0
SNT_PE,D,20240708,000000,15.4408,15.5054,15.2256,15.3433,0,0
SNT_PE,D,20240709,000000,15.4302,15.5595,15.3433,15.5363,0,0
SNT_PE,D,20240710,000000,15.6222,15.6222,15.2989,15.4398,0,0
SNT_PE,D,20240711,000000,15.5913,15.656,15.3752,15.4398,0,0
SNT_PE,D,20240712,000000,15.5913,15.5913,15.2459,15.5363,0,0
SNT_PE,D,20240715,000000,15.5797,15.5797,14.995,15.0538,0,0
SNT_PE,D,20240716,000000,15.0973,15.0973,14.5588,14.6678,0,0
SNT_PE,D,20240717,000000,14.6678,15.0133,14.3446,14.7643,0,0
SNT_PE,D,20240718,000000,14.5694,15.0673,14.5048,14.9573,0,0
SNT_PE,D,20240719,000000,15.0008,15.0008,14.6119,14.7643,0,0
SNT_PE,D,20240722,000000,14.7856,15.2816,14.7856,15.1503,0,0
SNT_PE,D,20240723,000000,15.1503,15.2584,14.9342,15.0538,0,0
SNT_PE,D,20240724,000000,15.0751,15.6145,14.7952,15.5363,0,0
SNT_PE,D,20240725,000000,15.1262,15.6328,15.1262,15.6328,0,0
SNT_PE,D,20240726,000000,15.6328,16.0188,15.4813,16.0188,0,0
SNT_PE,D,20240729,000000,15.9976,16.04,14.8512,14.9573,0,0
SNT_PE,D,20240730,000000,14.9573,15.3038,14.9573,15.0538,0,0
SNT_PE,D,20240731,000000,15.0751,15.4427,14.9892,15.3433,0,0
SNT_PE,D,20240801,000000,15.2565,15.7756,15.0837,15.2468,0,0
SNT_PE,D,20240802,000000,15.1175,15.3337,14.9014,15.1503,0,0
SNT_PE,D,20240805,000000,14.717,14.7605,13.8949,14.5713,0,0
SNT_PE,D,20240806,000000,14.8309,15.1773,13.6063,13.6063,0,0
SNT_PE,D,20240807,000000,13.6681,13.8756,13.3786,13.4133,0,0
SNT_PE,D,20240808,000000,13.3931,13.3931,12.8334,13.2204,0,0
SNT_PE,D,20240809,000000,13.4491,13.6565,13.3033,13.6063,0,0
SNT_PE,D,20240812,000000,13.6063,13.9595,13.6063,13.8958,0,0
SNT_PE,D,20240813,000000,13.8958,14.1024,13.6681,14.0888,0,0
SNT_PE,D,20240814,000000,14.0888,14.2336,13.9026,13.9923,0,0
SNT_PE,D,20240816,000000,13.9923,14.4276,13.9923,14.2818,0,0
SNT_PE,D,20240819,000000,14.3436,14.3851,13.9508,14.2818,0,0
SNT_PE,D,20240820,000000,14.2616,14.2818,13.7839,13.8958,0,0
SNT_PE,D,20240821,000000,13.9373,14.2259,13.8958,14.0888,0,0
SNT_PE,D,20240822,000000,14.1303,14.7113,14.1303,14.4748,0,0
SNT_PE,D,20240823,000000,14.4333,15.1793,14.4333,15.0538,0,0
SNT_PE,D,20240826,000000,15.0326,15.0538,14.7846,14.8608,0,0
SNT_PE,D,20240827,000000,14.8608,15.0056,14.6534,14.8608,0,0
SNT_PE,D,20240828,000000,14.8811,15.2536,14.6949,15.2468,0,0
SNT_PE,D,20240829,000000,14.9564,15.2671,14.9564,15.1503,0,0
SNT_PE,D,20240830,000000,15.1503,15.4601,15.1088,15.4398,0,0
SNT_PE,D,20240902,000000,15.4813,16.8304,15.4398,16.8304,0,0
SNT_PE,D,20240903,000000,16.8091,17.5985,16.8091,17.1768,0,0
SNT_PE,D,20240904,000000,17.0736,17.3698,16.9288,17.3698,0,0
SNT_PE,D,20240905,000000,17.2665,17.9913,16.6451,16.6943,0,0
SNT_PE,D,20240906,000000,16.8806,17.3351,16.7976,16.8873,0,0
SNT_PE,D,20240909,000000,17.033,17.5522,17.033,17.3698,0,0
SNT_PE,D,20240910,000000,17.3698,17.8262,16.9346,16.9838,0,0
SNT_PE,D,20240911,000000,17.005,17.1083,16.5901,16.6943,0,0
SNT_PE,D,20240912,000000,16.9635,17.1922,16.9018,17.0803,0,0
SNT_PE,D,20240913,000000,17.0803,17.3708,16.8111,17.1768,0,0
SNT_PE,D,20240916,000000,17.1971,17.3216,16.8255,16.9838,0,0
SNT_PE,D,20240917,000000,17.3158,18.3522,17.3158,18.3348,0,0
SNT_PE,D,20240918,000000,18.2315,18.7903,18.2315,18.7208,0,0
SNT_PE,D,20240919,000000,18.7825,18.8655,18.4921,18.7208,0,0
SNT_PE,D,20240920,000000,18.7623,18.7825,18.5751,18.7208,0,0
SNT_PE,D,20240923,000000,18.8038,19.2998,18.7825,19.2998,0,0
SNT_PE,D,20240924,000000,19.321,19.321,18.6243,18.6243,0,0
SNT_PE,D,20240925,000000,18.6243,19.6395,18.1688,19.5893,0,0
SNT_PE,D,20240926,000000,19.6723,19.817,19.2786,19.2998,0,0
SNT_PE,D,20240927,000000,19.5073,19.7562,19.3828,19.5893,0,0
SNT_PE,D,20240930,000000,19.5275,19.8788,19.2583,19.8788,0,0
SNT_PE,D,20241001,000000,19.9405,20.0862,19.568,19.6858,0,0
SNT_PE,D,20241002,000000,19.7475,19.7688,18.7131,19.2998,0,0
SNT_PE,D,20241003,000000,19.1135,19.6308,18.907,18.9138,0,0
SNT_PE,D,20241004,000000,18.8935,19.4928,18.8105,18.8173,0,0
SNT_PE,D,20241007,000000,18.9205,18.9205,17.804,18.1418,0,0
SNT_PE,D,20241008,000000,17.9758,18.578,17.7056,18.4313,0,0
SNT_PE,D,20241009,000000,18.4516,19.3635,18.4516,19.2998,0,0
SNT_PE,D,20241010,000000,19.6723,19.7823,19.2168,19.7823,0,0
SNT_PE,D,20241011,000000,19.6578,19.844,19.3471,19.5893,0,0
SNT_PE,D,20241014,000000,19.6723,19.9618,19.486,19.8788,0,0
SNT_PE,D,20241015,000000,19.8788,19.9405,19.2371,19.3963,0,0
SNT_PE,D,20241016,000000,19.6028,19.6028,19.2313,19.2998,0,0
SNT_PE,D,20241017,000000,19.238,19.238,18.576,18.6243,0,0
SNT_PE,D,20241018,000000,18.6243,19.0383,18.5625,18.9138,0,0
SNT_PE,D,20241021,000000,18.9138,19.0798,18.7893,18.9138,0,0
SNT_PE,D,20241022,000000,18.9138,18.9755,18.521,18.6243,0,0
SNT_PE,D,20241023,000000,18.6243,19.0383,18.5828,18.9138,0,0
SNT_PE,D,20241024,000000,18.935,19.4744,18.935,19.1068,0,0
SNT_PE,D,20241025,000000,19.128,19.1483,18.8376,19.1068,0,0
SNT_PE,D,20241028,000000,19.1483,19.5632,18.8376,19.2033,0,0
SNT_PE,D,20241029,000000,19.2033,19.2033,18.9128,18.9138,0,0
SNT_PE,D,20241030,000000,18.9968,18.9968,18.6021,18.7208,0,0
SNT_PE,D,20241031,000000,18.659,18.8868,18.3473,18.5278,0,0
SNT_PE,D,20241104,000000,18.5278,18.88,18.1958,18.3348,0,0
SNT_PE,D,20241105,000000,18.4178,18.604,18.0038,18.1418,0,0
SNT_PE,D,20241106,000000,18.4535,18.7642,18.0376,18.1418,0,0
SNT_PE,D,20241107,000000,18.1418,18.66,18.1418,18.4313,0,0
SNT_PE,D,20241108,000000,18.576,18.742,18.4931,18.7208,0,0
SNT_PE,D,20241112,000000,18.9273,18.9273,18.245,18.4313,0,0
SNT_PE,D,20241113,000000,18.4728,18.5345,18.0791,18.1418,0,0
SNT_PE,D,20241114,000000,18.3493,18.577,17.2733,17.2733,0,0
SNT_PE,D,20241115,000000,17.0407,17.254,16.6133,16.7908,0,0
SNT_PE,D,20241118,000000,16.8883,17.1421,16.7512,17.0803,0,0
SNT_PE,D,20241119,000000,16.9442,17.0021,16.1645,16.5013,0,0
SNT_PE,D,20241120,000000,16.8902,17.2405,16.5013,16.7908,0,0
SNT_PE,D,20241121,000000,16.7908,17.1015,16.5775,16.9838,0,0
SNT_PE,D,20241122,000000,16.8863,17.1778,16.3817,17.1768,0,0
SNT_PE,D,20241125,000000,17.2154,17.3322,16.6509,16.7908,0,0
SNT_PE,D,20241126,000000,16.9269,16.9269,16.4598,16.5978,0,0
SNT_PE,D,20241127,000000,16.6953,16.6953,16.2678,16.6943,0,0
SNT_PE,D,20241128,000000,16.6943,16.6943,16.0729,16.1153,0,0
SNT_PE,D,20241129,000000,16.1153,16.5225,15.9021,16.2118,0,0
SNT_PE,D,20241202,000000,16.2118,16.8912,16.2118,16.8873,0,0
SNT_PE,D,20241203,000000,16.9066,17.9932,16.6345,17.6593,0,0
SNT_PE,D,20241204,000000,17.7954,17.9112,17.4653,17.4663,0,0
SNT_PE,D,20241205,000000,17.5831,17.7182,17.4084,17.4663,0,0
SNT_PE,D,20241206,000000,17.7191,17.9141,17.3109,17.6593,0,0
SNT_PE,D,20241209,000000,17.9121,18.0096,17.7172,17.9488,0,0
SNT_PE,D,20241210,000000,17.9488,17.9488,17.5609,17.9488,0,0
SNT_PE,D,20241211,000000,17.9681,18.2209,17.6371,18.1418,0,0
SNT_PE,D,20241212,000000,18.2972,18.7845,18.025,18.6243,0,0
SNT_PE,D,20241213,000000,18.7411,18.7411,18.3715,18.5278,0,0
SNT_PE,D,20241216,000000,18.5857,19.1068,18.1978,19.1068,0,0
SNT_PE,D,20241217,000000,19.1068,19.1068,18.1514,18.2383,0,0
SNT_PE,D,20241218,000000,18.2383,18.4902,17.8504,17.9488,0,0
SNT_PE,D,20241219,000000,17.9874,18.5915,17.832,18.5278,0,0
SNT_PE,D,20241220,000000,18.4496,18.4496,17.9063,18.4313,0,0
SNT_PE,D,20241223,000000,18.4313,19.0103,18.1003,19.0103,0,0
SNT_PE,D,20241227,000000,19.1695,19.6279,19.1695,19.3963,0,0
SNT_PE,D,20241230,000000,19.3567,20.2049,19.3567,19.7823,0,0
SNT_PE,D,20250102,000000,19.9222,20.8679,19.9222,20.8438,0,0
SNT_PE,D,20250103,000000,20.7444,20.9933,20.4954,20.8438,0,0
SNT_PE,D,20250107,000000,20.8939,20.8939,19.9463,20.0718,0,0
SNT_PE,D,20250108,000000,20.2213,20.2213,19.8624,19.9753,0,0
SNT_PE,D,20250109,000000,19.9753,20.1683,19.8054,20.1683,0,0
SNT_PE,D,20250110,000000,20.1683,20.8669,20.1683,20.7473,0,0
SNT_PE,D,20250113,000000,20.8467,21.3446,20.4983,21.0368,0,0
SNT_PE,D,20250114,000000,21.0368,21.1863,20.6874,21.0368,0,0
SNT_PE,D,20250115,000000,21.1362,21.8348,21.1362,21.8088,0,0
SNT_PE,D,20250116,000000,21.8088,21.8088,21.4594,21.6158,0,0
SNT_PE,D,20250117,000000,21.6158,22.3627,21.6158,22.2912,0,0
SNT_PE,D,20250120,000000,22.4408,23.3884,22.4408,23.2562,0,0
SNT_PE,D,20250121,000000,23.2562,23.7551,23.0565,23.2562,0,0
SNT_PE,D,20250122,000000,22.9571,23.4058,22.4592,22.5807,0,0
SNT_PE,D,20250123,000000,22.4312,22.7303,22.1822,22.5807,0,0
SNT_PE,D,20250124,000000,22.63,22.7795,22.4814,22.7737,0,0
SNT_PE,D,20250127,000000,23.332,23.439,22.3,22.3,0,0
SNT_PE,D,20250128,000000,22.352,23.438,22.352,22.7,0,0
SNT_PE,D,20250129,000000,22.958,23.01,22.287,22.4,0,0
SNT_PE,D,20250130,000000,22.659,22.917,22.09,22.4,0,0
SNT_PE,D,20250131,000000,22.452,22.71,22.194,22.7,0,0
SNT_PE,D,20250203,000000,22.287,22.545,22.184,22.2,0,0
SNT_PE,D,20250204,000000,22.407,22.873,22.355,22.7,0,0
SNT_PE,D,20250205,000000,23.113,24.6,23.113,24.6,0,0
SNT_PE,D,20250206,000000,24.811,25.285,24.337,24.7,0,0
SNT_PE,D,20250207,000000,24.7,24.7,24.279,24.4,0,0
SNT_PE,D,20250210,000000,24.505,24.505,23.978,24.4,0,0
SNT_PE,D,20250211,000000,24.189,24.558,23.768,24.2,0,0
SNT_PE,D,20250212,000000,24.568,25.042,24.463,24.7,0,0
SNT_PE,D,20250213,000000,24.7,24.7,24.227,24.5,0,0
SNT_PE,D,20250214,000000,24.5,24.553,23.9,23.9,0,0
SNT_PE,D,20250217,000000,24.005,24.111,23.742,23.9,0,0
SNT_PE,D,20250218,000000,24.005,24.058,23.532,23.9,0,0
SNT_PE,D,20250219,000000,23.953,24.425,23.9,24.2,0,0
SNT_PE,D,20250220,000000,23.936,24.411,23.725,24.1,0,0
SNT_PE,D,20250221,000000,24.1,24.416,23.626,23.8,0,0
SNT_PE,D,20250224,000000,23.853,23.853,23.432,23.6,0,0
SNT_PE,D,20250225,000000,23.337,24.127,23.337,23.7,0,0
SNT_PE,D,20250226,000000,23.7,23.858,23.437,23.7,0,0
SNT_PE,D,20250227,000000,23.753,23.805,23.331,23.4,0,0
SNT_PE,D,20250228,000000,23.347,23.716,23.295,23.5,0,0
SNT_PE,D,20250303,000000,23.5,23.5,23.237,23.3,0,0
SNT_PE,D,20250304,000000,23.195,23.195,21.719,21.8,0,0
SNT_PE,D,20250305,000000,22.221,22.853,21.9,21.9,0,0
SNT_PE,D,20250306,000000,22.005,22.374,21.847,22,0,0
SNT_PE,D,20250307,000000,22,22.474,21.895,22.1,0,0
SNT_PE,D,20250310,000000,22.258,22.258,21.1,21.3,0,0
SNT_PE,D,20250311,000000,21.353,21.616,21.3,21.5,0,0
SNT_PE,D,20250312,000000,21.974,22.343,21.869,21.9,0,0
SNT_PE,D,20250313,000000,21.9,22.163,21.638,21.8,0,0
SNT_PE,D,20250314,000000,21.747,22.221,21.747,22.2,0,0
SNT_PE,D,20250317,000000,22.621,22.621,21.621,22,0,0
SNT_PE,D,20250318,000000,22.053,22.053,21.632,22,0,0
SNT_PE,D,20250319,000000,21.842,22.053,21.789,21.9,0,0
SNT_PE,D,20250320,000000,21.9,22.1,21.742,22.1,0,0
SNT_PE,D,20250321,000000,22.417,22.417,21.942,22.3,0,0
SNT_PE,D,20250324,000000,22.353,22.773,22.353,22.4,0,0
SNT_PE,D,20250325,000000,22.453,22.453,21.979,22.1,0,0
SNT_PE,D,20250326,000000,22.205,22.521,21.679,22.3,0,0
SNT_PE,D,20250327,000000,22.51,23.51,22.51,23.4,0,0
SNT_PE,D,20250328,000000,23.453,23.453,22.82,22.9,0,0
SNT_PE,D,20250331,000000,22.9,22.9,22.06,22.6,0,0
SNT_PE,D,20250401,000000,22.516,22.516,22.032,22.3,0,0
SNT_PE,D,20250402,000000,22.3,22.49,22.047,22.3,0,0
SNT_PE,D,20250403,000000,21.942,21.942,21.647,21.815,0,0
SNT_PE,D,20250404,000000,21.815,21.815,20.635,21.3,0,0
SNT_PE,D,20250407,000000,19.507,20.72,19.507,19.929,0,0
SNT_PE,D,20250408,000000,20.256,21.173,20.172,21.1,0,0
SNT_PE,D,20250409,000000,20.889,20.889,20.055,20.1,0,0
SNT_PE,D,20250410,000000,21.877,21.877,20.731,20.794,0,0
SNT_PE,D,20250411,000000,20.836,21.225,20.458,20.8,0,0
SNT_PE,D,20250414,000000,20.863,21.768,20.863,21.6,0,0
SNT_PE,D,20250415,000000,21.642,21.705,21.326,21.5,0,0
SNT_PE,D,20250416,000000,21.353,21.689,21.332,21.6,0,0
SNT_PE,D,20250417,000000,21.621,21.831,21.263,21.4,0,0
SNT_PE,D,20250422,000000,21.337,21.715,20.927,21.7,0,0
SNT_PE,D,20250423,000000,21.7,21.7,21.259,21.5,0,0
SNT_PE,D,20250424,000000,21.458,21.7,21.121,21.7,0,0
SNT_PE,D,20250425,000000,21.679,22.354,21.679,22.1,0,0
SNT_PE,D,20250428,000000,22.1,22.814,22.1,22.7,0,0
SNT_PE,D,20250429,000000,22.7,23.628,22.7,23.6,0,0
SNT_PE,D,20250430,000000,23.579,23.937,23.579,23.8,0,0
SNT_PE,D,20250502,000000,23.8,24.2,23.695,24.2,0,0
SNT_PE,D,20250505,000000,24.2,24.411,24.074,24.2,0,0
SNT_PE,D,20250506,000000,24.2,24.81,23.864,24.7,0,0
SNT_PE,D,20250507,000000,24.7,24.826,24.237,24.4,0,0
SNT_PE,D,20250508,000000,24.253,24.906,24.126,24.2,0,0
SNT_PE,D,20250509,000000,24.116,24.263,23.947,24.1,0,0
SNT_PE,D,20250512,000000,24.1,24.395,23.7,24.2,0,0
SNT_PE,D,20250513,000000,24.453,24.726,24.116,24.5,0,0
SNT_PE,D,20250514,000000,24.521,24.605,24.058,24.1,0,0
SNT_PE,D,20250515,000000,24.163,24.352,23.953,24.1,0,0
SNT_PE,D,20250516,000000,24.121,24.353,23.7,23.7,0,0
SNT_PE,D,20250519,000000,23.679,23.742,23.447,23.7,0,0
SNT_PE,D,20250520,000000,23.7,23.9,23.406,23.9,0,0
SNT_PE,D,20250521,000000,23.732,23.774,23.268,23.289,0,0
SNT_PE,D,20250522,000000,23.395,23.626,23.31,23.4,0,0
SNT_PE,D,20250523,000000,23.295,23.568,22.79,23.2,0,0
SNT_PE,D,20250526,000000,23.411,23.917,23.369,23.7,0,0
SNT_PE,D,20250527,000000,23.658,23.9,23.658,23.9,0,0
SNT_PE,D,20250528,000000,23.9,23.9,23.605,23.7,0,0
SNT_PE,D,20250529,000000,23.448,23.511,22.902,23.2,0,0
SNT_PE,D,20250530,000000,22.989,22.989,22.567,22.8,0,0
SNT_PE,D,20250602,000000,22.254,23.157,22.254,22.8,0,0
SNT_PE,D,20250603,000000,22.653,23.304,22.632,23.2,0,0
SNT_PE,D,20250604,000000,22.927,23.389,22.927,23.1,0,0
SNT_PE,D,20250605,000000,23.206,23.206,22.8,22.8,0,0
SNT_PE,D,20250606,000000,23.073,23.073,22.106,22.8,0,0
SNT_PE,D,20250609,000000,23.052,23.052,22.275,22.5,0,0
SNT_PE,D,20250610,000000,22.584,23.004,22.5,22.8,0,0
SNT_PE,D,20250611,000000,22.8,22.8,22.378,22.5,0,0
SNT_PE,D,20250612,000000,22.689,23.487,22.689,22.7,0,0
SNT_PE,D,20250613,000000,22.659,22.659,21.717,22,0,0
SNT_PE,D,20250616,000000,22.041,22.226,21.652,21.8,0,0
SNT_PE,D,20250617,000000,21.78,21.882,21.227,21.5,0,0
SNT_PE,D,20250618,000000,21.439,21.541,21.151,21.3,0,0
SNT_PE,D,20250620,000000,21.484,21.689,21.4,21.4,0,0
SNT_PE,D,20250623,000000,21.114,21.584,21.114,21.3,0,0
SNT_PE,D,20250624,000000,21.69,21.69,21.3,21.6,0,0
SNT_PE,D,20250625,000000,21.58,22.298,21.58,21.9,0,0
SNT_PE,D,20250626,000000,22.002,22.719,21.798,22.7,0,0
SNT_PE,D,20250627,000000,22.7,23.1,22.659,23.1,0,0
SNT_PE,D,20250630,000000,23.1,23.1,19.281,19.3,0,0
SNT_PE,D,20250701,000000,19.526,19.998,18.766,19.7,0,0
SNT_PE,D,20250702,000000,19.864,20.818,19.864,20.8,0,0
SNT_PE,D,20250703,000000,20.882,21.231,20.595,20.6,0,0
SNT_PE,D,20250704,000000,20.497,20.62,20.241,20.3,0,0
SNT_PE,D,20250707,000000,20.3,20.587,19.89,20.5,0,0
SNT_PE,D,20250708,000000,20.746,20.746,20.203,20.3,0,0
SNT_PE,D,20250709,000000,20.485,20.69,20.218,20.6,0,0
SNT_PE,D,20250710,000000,20.6,20.723,20.2,20.2,0,0
SNT_PE,D,20250711,000000,20.497,20.497,20.149,20.2,0,0
SNT_PE,D,20250714,000000,19.807,20.6,19.807,20.6,0,0
SNT_PE,D,20250715,000000,20.62,20.805,20.518,20.6,0,0
SNT_PE,D,20250716,000000,20.784,20.784,20.467,20.7,0,0
SNT_PE,D,20250717,000000,20.495,20.659,20.475,20.5,0,0
SNT_PE,D,20250718,000000,20.705,21.32,20.5,21.1,0,0
SNT_PE,D,20250721,000000,21.284,21.284,20.7,20.7,0,0
SNT_PE,D,20250722,000000,20.802,21.273,20.761,21.1,0,0
SNT_PE,D,20250723,000000,21.243,21.551,21.038,21.4,0,0
SNT_PE,D,20250724,000000,21.441,21.891,21.441,21.5,0,0
SNT_PE,D,20250725,000000,21.889,21.93,21.602,21.9,0,0
SNT_PE,D,20250728,000000,21.941,22.228,21.367,21.4,0,0
SNT_PE,D,20250729,000000,21.338,21.954,21.277,21.9,0,0
SNT_PE,D,20250730,000000,22.002,22.105,21.675,22,0,0
SNT_PE,D,20250731,000000,22,22.185,21.774,22,0,0
SNT_PE,D,20250801,000000,21.959,21.959,20.9,20.9,0,0
SNT_PE,D,20250804,000000,20.818,21.249,20.818,21.1,0,0
SNT_PE,D,20250805,000000,21.141,21.387,21.039,21.1,0,0
SNT_PE,D,20250806,000000,21.284,22.001,21.223,22,0,0
SNT_PE,D,20250807,000000,22,22.225,19.3,19.3,0,0
SNT_PE,D,20250808,000000,19.545,19.81,19.527,19.6,0,0
SNT_PE,D,20250811,000000,19.789,20.167,19.789,20,0,0
SNT_PE,D,20250812,000000,20.113,20.264,19.906,20.1,0,0
SNT_PE,D,20250813,000000,20.251,20.648,20.1,20.4,0,0
SNT_PE,D,20250814,000000,20.4,20.494,20.249,20.4,0,0
SNT_PE,D,20250818,000000,20.306,20.665,20.306,20.6,0,0
SNT_PE,D,20250819,000000,20.676,20.7,20.411,20.7,0,0
SNT_PE,D,20250820,000000,20.7,20.757,20.6,20.6,0,0
SNT_PE,D,20250821,000000,20.676,21.015,20.676,20.9,0,0
SNT_PE,D,20250822,000000,20.994,21.259,20.919,21.1,0,0
SNT_PE,D,20250825,000000,21.214,21.706,20.968,21.3,0,0
SNT_PE,D,20250826,000000,21.432,21.432,21.111,21.3,0,0
SNT_PE,D,20250827,000000,21.3,21.6,21.243,21.6,0,0
SNT_PE,D,20250828,000000,21.619,21.922,21.581,21.7,0,0
SNT_PE,D,20250829,000000,21.852,21.852,21.4,21.4,0,0
SNT_PE,D,20250901,000000,21.532,21.929,21.532,21.7,0,0
SNT_PE,D,20250902,000000,21.813,21.945,21.36,21.8,0,0
SNT_PE,D,20250903,000000,21.932,22.4,21.819,22.4,0,0
SNT_PE,D,20250904,000000,22.494,22.9,22.116,22.9,0,0
SNT_PE,D,20250905,000000,23.108,23.108,22.748,22.9,0,0
SNT_PE,D,20250908,000000,22.9,22.9,22.314,22.4,0,0
SNT_PE,D,20250909,000000,22.4,22.4,21.927,22.3,0,0
SNT_PE,D,20250910,000000,21.846,21.941,21.335,21.8,0,0
SNT_PE,D,20250911,000000,22.178,22.178,21.743,22,0,0
SNT_PE,D,20250912,000000,22,22.585,21.943,22.1,0,0
SNT_PE,D,20250915,000000,22.27,22.874,22.27,22.6,0,0
SNT_PE,D,20250916,000000,22.6,22.94,22.468,22.9,0,0
SNT_PE,D,20250917,000000,22.9,22.919,22.787,22.9,0,0
SNT_PE,D,20250918,000000,22.9,23.752,22.9,23.7,0,0
SNT_PE,D,20250919,000000,23.946,24.06,23.416,23.7,0,0
SNT_PE,D,20250922,000000,23.7,23.927,23.605,23.7,0,0
SNT_PE,D,20250923,000000,23.946,24.495,23.946,24,0,0
SNT_PE,D,20250924,000000,24,24.246,23.641,24,0,0
SNT_PE,D,20250925,000000,23.962,23.962,23.319,23.4,0,0
SNT_PE,D,20250926,000000,23.646,23.987,23.608,23.9,0,0
SNT_PE,D,20250929,000000,23.957,23.976,23.56,23.9,0,0
SNT_PE,D,20250930,000000,23.9,23.9,23.276,23.8,0,0
SNT_PE,D,20251001,000000,23.8,24.083,23.611,23.7,0,0
SNT_PE,D,20251002,000000,24.022,24.515,23.965,24.4,0,0
SNT_PE,D,20251003,000000,24.589,24.589,24.097,24.3,0,0
SNT_PE,D,20251006,000000,24.489,24.622,24.092,24.1,0,0
SNT_PE,D,20251007,000000,24.402,24.402,23.987,24,0,0
SNT_PE,D,20251008,000000,24,24.34,23.868,24.2,0,0
SNT_PE,D,20251009,000000,24.389,24.806,24.162,24.2,0,0
SNT_PE,D,20251010,000000,24.257,25.106,24.257,25.1,0,0
SNT_PE,D,20251013,000000,24.552,24.873,24.496,24.5,0,0
SNT_PE,D,20251014,000000,24.5,24.5,23.669,23.8,0,0
SNT_PE,D,20251015,000000,24.103,24.595,24.065,24.2,0,0
SNT_PE,D,20251016,000000,24.238,24.238,23.84,24,0,0
SNT_PE,D,20251017,000000,24.265,24.265,23.773,24,0,0
SNT_PE,D,20251020,000000,23.792,24.227,23.792,24,0,0
SNT_PE,D,20251021,000000,24.133,24.208,23.886,23.9,0,0
SNT_PE,D,20251022,000000,24.051,24.353,23.919,24.1,0,0
SNT_PE,D,20251023,000000,24.289,24.762,24.289,24.4,0,0
SNT_PE,D,20251024,000000,24.476,24.608,24.324,24.4,0,0
SNT_PE,D,20251027,000000,24.74,24.872,24.589,24.7,0,0
SNT_PE,D,20251028,000000,24.965,24.965,24.757,24.9,0,0
SNT_PE,D,20251029,000000,24.957,25.108,24.636,25,0,0
SNT_PE,D,20251030,000000,25.151,25.151,24.679,24.9,0,0
SNT_PE,D,20251031,000000,24.9,25.014,24.559,24.9,0,0
SNT_PE,D,20251103,000000,25.089,25.184,24.843,24.9,0,0
SNT_PE,D,20251104,000000,24.919,25.183,24.768,25.1,0,0
SNT_PE,D,20251105,000000,25.27,25.441,25.119,25.3,0,0
SNT_PE,D,20251106,000000,25.394,25.394,25.017,25.1,0,0
SNT_PE,D,20251107,000000,25.251,25.251,24.741,24.9,0,0
SNT_PE,D,20251110,000000,25.486,25.486,24.9,24.9,0,0
SNT_PE,D,20251112,000000,25.296,25.296,24.919,25,0,0
SNT_PE,D,20251113,000000,24.811,25.265,24.811,25,0,0
SNT_PE,D,20251114,000000,25,25,24.281,24.6,0,0
SNT_PE,D,20251117,000000,24.6,24.638,24.24,24.4,0,0
SNT_PE,D,20251118,000000,24.4,24.608,20.7,20.7,0,0
SNT_PE,D,20251119,000000,20.85,21.351,20.667,21.3,0,0
SNT_PE,D,20251120,000000,21.417,22.32,21.417,21.7,0,0
SNT_PE,D,20251121,000000,21.516,21.7,21.283,21.7,0,0
SNT_PE,D,20251124,000000,21.349,22.318,21.349,22.1,0,0
SNT_PE,D,20251125,000000,22.3,23.2,22.2,23.2,0,0
SNT_PE,D,20251126,000000,23.367,23.417,22.766,23.3,0,0
SNT_PE,D,20251127,000000,23.317,23.417,22.833,23,0,0
SNT_PE,D,20251128,000000,23.05,23.5,23.05,23.5,0,0
SNT_PE,D,20251201,000000,23.634,23.634,23.249,23.4,0,0
SNT_PE,D,20251202,000000,23.567,23.567,22.965,23,0,0
SNT_PE,D,20251203,000000,23.133,23.55,23,23.2,0,0
SNT_PE,D,20251204,000000,23.217,23.217,22.599,22.6,0,0
SNT_PE,D,20251205,000000,22.8,23.118,22.55,22.8,0,0
SNT_PE,D,20251208,000000,22.8,22.967,22.767,22.8,0,0
SNT_PE,D,20251209,000000,22.8,23.1,22.8,23.1,0,0
SNT_PE,D,20251210,000000,23.133,23.2,22.95,23,0,0
SNT_PE,D,20251211,000000,23.1,23.1,22.45,22.6,0,0
SNT_PE,D,20251212,000000,22.951,22.951,22.6,22.6,0,0
SNT_PE,D,20251215,000000,22.6,22.918,22.4,22.4,0,0
SNT_PE,D,20251216,000000,22.617,22.617,22.317,22.5,0,0
SNT_PE,D,20251217,000000,22.584,22.584,21.9,21.9,0,0
SNT_PE,D,20251218,000000,22.05,22.05,21.367,21.6,0,0
SNT_PE,D,20251219,000000,21.667,21.783,21.267,21.6,0,0
SNT_PE,D,20251222,000000,21.667,23.033,21.667,22.7,0,0
SNT_PE,D,20251223,000000,22.916,23.131,22.733,22.816,0,0
SNT_PE,D,20251229,000000,23.131,23.397,22.916,23.2,0,0
SNT_PE,D,20251230,000000,23.531,23.78,23.4,23.4,0,0
SNT_PE,D,20260102,000000,23.797,23.98,23.648,23.9,0,0
SNT_PE,D,20260105,000000,24.166,24.166,23.668,23.7,0,0
SNT_PE,D,20260107,000000,23.7,23.981,23.7,23.9,0,0
SNT_PE,D,20260108,000000,24.231,25.522,24.231,25.3,0,0
SNT_PE,D,20260109,000000,25.483,25.483,25.068,25.4,0,0
SNT_PE,D,20260112,000000,25.814,26.145,24.97,25.1,0,0
SNT_PE,D,20260113,000000,25.846,25.846,25.282,25.4,0,0
SNT_PE,D,20260114,000000,25.566,25.566,24.188,24.5,0,0
SNT_PE,D,20260115,000000,24.749,24.749,24.102,24.4,0,0
SNT_PE,D,20260116,000000,24.732,24.997,24.715,24.9,0,0
SNT_PE,D,20260119,000000,25.215,25.215,24.601,24.7,0,0
SNT_PE,D,20260120,000000,24.799,24.9,24.402,24.9,0,0
SNT_PE,D,20260121,000000,24.9,24.95,24.668,24.8,0,0
SNT_PE,D,20260122,000000,24.932,24.932,24.486,24.7,0,0
SNT_PE,D,20260123,000000,25.032,25.032,24.65,24.7,0,0
