<TICKER>,<PER>,<DATE>,<TIME>,<OPEN>,<HIGH>,<LOW>,<CLOSE>,<VOL>,<OPENINT>
TOA_PE,D,20110909,000000,7.0224,7.0224,7.0224,7.0224,0,0
TOA_PE,D,20110912,000000,6.5968,6.8805,6.5968,6.8805,0,0
TOA_PE,D,20110913,000000,6.6678,6.8805,6.5968,6.8805,0,0
TOA_PE,D,20110916,000000,6.5968,6.8805,6.5968,6.5968,0,0
TOA_PE,D,20110919,000000,6.7386,6.8805,6.7386,6.8805,0,0
TOA_PE,D,20110920,000000,6.8805,6.8805,6.8805,6.8805,0,0
TOA_PE,D,20110921,000000,6.3841,6.8805,6.3841,6.8805,0,0
TOA_PE,D,20110923,000000,6.5968,6.8805,6.5968,6.8805,0,0
TOA_PE,D,20110926,000000,6.8805,6.9515,6.5259,6.9515,0,0
TOA_PE,D,20110927,000000,6.9515,7.164,6.9515,7.164,0,0
TOA_PE,D,20110928,000000,7.2349,7.3061,6.9515,7.164,0,0
TOA_PE,D,20110929,000000,7.164,7.3767,7.164,7.3767,0,0
TOA_PE,D,20110930,000000,7.3767,7.5192,7.3767,7.4484,0,0
TOA_PE,D,20111003,000000,6.7386,7.2349,6.7386,7.2349,0,0
TOA_PE,D,20111004,000000,7.0929,7.0929,7.0929,7.0929,0,0
TOA_PE,D,20111005,000000,7.0929,7.3767,7.0929,7.3767,0,0
TOA_PE,D,20111006,000000,7.3061,7.3767,7.3061,7.3061,0,0
TOA_PE,D,20111011,000000,7.3061,7.3061,7.3061,7.3061,0,0
TOA_PE,D,20111012,000000,7.164,7.2349,7.0224,7.2349,0,0
TOA_PE,D,20111013,000000,7.3061,7.3061,7.0929,7.0929,0,0
TOA_PE,D,20111017,000000,7.0929,7.3061,7.0929,7.0929,0,0
TOA_PE,D,20111018,000000,7.0929,7.2349,6.9515,7.2349,0,0
TOA_PE,D,20111026,000000,6.8805,7.2349,6.8805,7.0929,0,0
TOA_PE,D,20111028,000000,6.8805,7.0929,6.8805,7.0929,0,0
TOA_PE,D,20111031,000000,7.0929,7.0929,7.0929,7.0929,0,0
TOA_PE,D,20111103,000000,6.9515,6.9515,6.9515,6.9515,0,0
TOA_PE,D,20111104,000000,6.6678,7.0929,6.6678,7.0929,0,0
TOA_PE,D,20111107,000000,7.0929,7.0929,7.0929,7.0929,0,0
TOA_PE,D,20111108,000000,7.0929,7.0929,7.0929,7.0929,0,0
TOA_PE,D,20111109,000000,6.8096,7.0929,6.8096,7.0929,0,0
TOA_PE,D,20111110,000000,6.5968,7.2349,6.5968,7.2349,0,0
TOA_PE,D,20111114,000000,7.2349,7.3767,7.2349,7.3767,0,0
TOA_PE,D,20111115,000000,7.3767,7.3767,7.0929,7.0929,0,0
TOA_PE,D,20111116,000000,7.2349,7.3061,6.3131,6.3131,0,0
TOA_PE,D,20111117,000000,6.3131,6.3131,6.3131,6.3131,0,0
TOA_PE,D,20111118,000000,6.1002,6.2421,6.1002,6.2421,0,0
TOA_PE,D,20111121,000000,6.1002,6.1002,5.9583,6.1002,0,0
TOA_PE,D,20111122,000000,6.0293,6.1002,6.0293,6.1002,0,0
TOA_PE,D,20111124,000000,6.2421,6.2421,5.9583,6.0293,0,0
TOA_PE,D,20111128,000000,6.2421,6.2421,6.2421,6.2421,0,0
TOA_PE,D,20111129,000000,5.8874,6.2421,5.8874,6.2421,0,0
TOA_PE,D,20111130,000000,6.1712,6.3131,6.1712,6.3131,0,0
TOA_PE,D,20111202,000000,6.3131,6.3131,6.2421,6.2421,0,0
TOA_PE,D,20111206,000000,5.8165,6.2421,5.8165,6.2421,0,0
TOA_PE,D,20111209,000000,6.1712,6.2421,6.1002,6.2421,0,0
TOA_PE,D,20111214,000000,6.0293,6.0293,5.9583,5.9583,0,0
TOA_PE,D,20111216,000000,5.6037,6.1002,5.6037,5.9583,0,0
TOA_PE,D,20111222,000000,5.5327,5.9583,5.4619,5.8165,0,0
TOA_PE,D,20111223,000000,5.6747,5.8165,5.2491,5.2491,0,0
TOA_PE,D,20111227,000000,5.4619,5.4619,5.2491,5.2491,0,0
TOA_PE,D,20111228,000000,4.7525,5.391,4.7525,5.3201,0,0
TOA_PE,D,20111229,000000,5.1782,5.3201,4.8944,5.3201,0,0
TOA_PE,D,20111230,000000,5.0362,5.3201,5.0362,5.3201,0,0
TOA_PE,D,20120102,000000,5.3201,5.3201,5.2491,5.2491,0,0
TOA_PE,D,20120103,000000,5.6037,5.6747,5.6037,5.6747,0,0
TOA_PE,D,20120104,000000,5.6747,6.0293,5.6747,6.0293,0,0
TOA_PE,D,20120109,000000,5.8874,5.8874,5.4619,5.4619,0,0
TOA_PE,D,20120110,000000,5.4619,5.6037,5.3201,5.4619,0,0
TOA_PE,D,20120111,000000,5.3201,5.391,5.3201,5.391,0,0
TOA_PE,D,20120112,000000,5.391,5.391,5.3201,5.3201,0,0
TOA_PE,D,20120113,000000,5.3201,5.3201,5.3201,5.3201,0,0
TOA_PE,D,20120116,000000,5.2491,5.2491,5.2491,5.2491,0,0
TOA_PE,D,20120117,000000,5.2491,5.9583,5.2491,5.9583,0,0
TOA_PE,D,20120118,000000,6.0293,6.1002,6.0293,6.1002,0,0
TOA_PE,D,20120119,000000,6.0293,6.0293,5.6747,5.8874,0,0
TOA_PE,D,20120120,000000,5.6747,5.6747,5.391,5.6747,0,0
TOA_PE,D,20120123,000000,5.4619,5.4619,5.391,5.391,0,0
TOA_PE,D,20120124,000000,5.391,5.6747,5.391,5.6747,0,0
TOA_PE,D,20120125,000000,5.6747,5.6747,5.6747,5.6747,0,0
TOA_PE,D,20120126,000000,5.6037,5.6037,5.6037,5.6037,0,0
TOA_PE,D,20120127,000000,5.4619,5.7456,5.4619,5.7456,0,0
TOA_PE,D,20120130,000000,5.6747,5.6747,5.4619,5.4619,0,0
TOA_PE,D,20120131,000000,5.6037,5.7456,5.4619,5.7456,0,0
TOA_PE,D,20120203,000000,5.7456,5.7456,5.6037,5.6037,0,0
TOA_PE,D,20120207,000000,5.6037,5.6037,5.6037,5.6037,0,0
TOA_PE,D,20120209,000000,5.6037,5.6037,5.6037,5.6037,0,0
TOA_PE,D,20120210,000000,5.4619,5.4619,5.4619,5.4619,0,0
TOA_PE,D,20120213,000000,5.4619,5.4619,5.4619,5.4619,0,0
TOA_PE,D,20120216,000000,5.6037,5.6037,5.4619,5.5327,0,0
TOA_PE,D,20120221,000000,5.6037,5.6037,5.6037,5.6037,0,0
TOA_PE,D,20120222,000000,5.6037,5.6037,5.6037,5.6037,0,0
TOA_PE,D,20120223,000000,5.5327,5.5327,5.5327,5.5327,0,0
TOA_PE,D,20120227,000000,5.5327,5.5327,5.4619,5.4619,0,0
TOA_PE,D,20120228,000000,5.4619,5.4619,5.4619,5.4619,0,0
TOA_PE,D,20120229,000000,5.4619,5.4619,5.4619,5.4619,0,0
TOA_PE,D,20120301,000000,5.6747,5.7456,5.4619,5.6747,0,0
TOA_PE,D,20120302,000000,5.6747,5.6747,5.2491,5.2491,0,0
TOA_PE,D,20120306,000000,5.3201,5.3201,5.3201,5.3201,0,0
TOA_PE,D,20120308,000000,5.3201,5.5327,5.3201,5.5327,0,0
TOA_PE,D,20120309,000000,5.5327,5.5327,5.5327,5.5327,0,0
TOA_PE,D,20120312,000000,5.2491,5.5327,5.2491,5.5327,0,0
TOA_PE,D,20120313,000000,5.5327,5.5327,5.5327,5.5327,0,0
TOA_PE,D,20120314,000000,5.7456,5.8165,5.7456,5.7456,0,0
TOA_PE,D,20120315,000000,5.8165,5.8874,5.8165,5.8874,0,0
TOA_PE,D,20120316,000000,5.8874,6.1002,5.8874,6.1002,0,0
TOA_PE,D,20120319,000000,6.0293,6.1712,6.0293,6.1712,0,0
TOA_PE,D,20120320,000000,6.0293,6.1712,6.0293,6.1712,0,0
TOA_PE,D,20120321,000000,5.9583,6.3131,5.9583,6.3131,0,0
TOA_PE,D,20120322,000000,6.3131,6.5259,6.1712,6.1712,0,0
TOA_PE,D,20120323,000000,6.1712,6.3131,6.1712,6.3131,0,0
TOA_PE,D,20120326,000000,6.0293,6.2421,6.0293,6.2421,0,0
TOA_PE,D,20120327,000000,6.3131,6.3131,6.2421,6.2421,0,0
TOA_PE,D,20120328,000000,6.1712,6.3131,6.1712,6.2421,0,0
TOA_PE,D,20120329,000000,6.2421,6.3841,6.1712,6.1712,0,0
TOA_PE,D,20120330,000000,5.9583,6.1712,5.9583,6.1712,0,0
TOA_PE,D,20120404,000000,6.1002,6.1002,6.1002,6.1002,0,0
TOA_PE,D,20120410,000000,5.8874,6.1002,5.8874,6.1002,0,0
TOA_PE,D,20120411,000000,6.1002,6.1002,6.1002,6.1002,0,0
TOA_PE,D,20120412,000000,5.8874,6.1002,5.8874,6.1002,0,0
TOA_PE,D,20120413,000000,5.8874,6.1002,5.8874,6.1002,0,0
TOA_PE,D,20120416,000000,5.8874,6.1002,5.8874,6.1002,0,0
TOA_PE,D,20120417,000000,5.9583,5.9583,5.8874,5.8874,0,0
TOA_PE,D,20120418,000000,5.8165,5.8165,5.8165,5.8165,0,0
TOA_PE,D,20120419,000000,5.8165,5.8165,5.8165,5.8165,0,0
TOA_PE,D,20120420,000000,5.8165,5.8165,5.8165,5.8165,0,0
TOA_PE,D,20120423,000000,5.5327,6.0293,5.5327,6.0293,0,0
TOA_PE,D,20120424,000000,5.8165,5.9583,5.7456,5.8874,0,0
TOA_PE,D,20120425,000000,5.8874,5.9583,5.8165,5.9583,0,0
TOA_PE,D,20120426,000000,5.9583,5.9583,5.9583,5.9583,0,0
TOA_PE,D,20120427,000000,5.7456,5.9583,5.7456,5.8165,0,0
TOA_PE,D,20120430,000000,5.9583,5.9583,5.8165,5.9583,0,0
TOA_PE,D,20120504,000000,6.0293,6.0293,5.9583,6.0293,0,0
TOA_PE,D,20120507,000000,5.7456,5.9583,5.7456,5.9583,0,0
TOA_PE,D,20120508,000000,5.7456,5.7456,5.6747,5.6747,0,0
TOA_PE,D,20120509,000000,5.6747,5.7456,5.4619,5.7456,0,0
TOA_PE,D,20120516,000000,5.6037,6.3131,5.391,6.3131,0,0
TOA_PE,D,20120517,000000,6.3131,6.3131,5.8165,5.8165,0,0
TOA_PE,D,20120518,000000,5.8165,5.8165,5.4619,5.6037,0,0
TOA_PE,D,20120521,000000,5.4619,5.7456,5.4619,5.7456,0,0
TOA_PE,D,20120523,000000,5.5327,5.7456,5.5327,5.7456,0,0
TOA_PE,D,20120524,000000,5.5327,5.5327,5.3201,5.3201,0,0
TOA_PE,D,20120525,000000,5.3201,5.3201,5.3201,5.3201,0,0
TOA_PE,D,20120528,000000,5.3201,5.391,5.3201,5.391,0,0
TOA_PE,D,20120530,000000,5.1782,5.1782,5.1072,5.1072,0,0
TOA_PE,D,20120531,000000,5.1072,5.1072,5.1072,5.1072,0,0
TOA_PE,D,20120601,000000,5.1072,5.1072,5.1072,5.1072,0,0
TOA_PE,D,20120612,000000,4.8944,4.8944,4.8944,4.8944,0,0
TOA_PE,D,20120613,000000,4.6816,4.8944,4.6816,4.8234,0,0
TOA_PE,D,20120618,000000,4.7525,4.7525,4.7525,4.7525,0,0
TOA_PE,D,20120619,000000,4.9653,4.9653,4.9653,4.9653,0,0
TOA_PE,D,20120622,000000,4.9653,4.9653,4.9653,4.9653,0,0
TOA_PE,D,20120625,000000,4.3979,4.9653,4.3979,4.9653,0,0
TOA_PE,D,20120627,000000,4.9653,4.9653,4.9653,4.9653,0,0
TOA_PE,D,20120628,000000,5.7456,5.7456,5.3201,5.7456,0,0
TOA_PE,D,20120629,000000,5.7456,6.3131,5.7456,6.2421,0,0
TOA_PE,D,20120702,000000,5.8165,5.8165,5.8165,5.8165,0,0
TOA_PE,D,20120705,000000,5.8165,6.1002,5.8165,6.1002,0,0
TOA_PE,D,20120712,000000,5.6037,5.8874,5.6037,5.8874,0,0
TOA_PE,D,20120717,000000,5.4619,5.5327,5.4619,5.5327,0,0
TOA_PE,D,20120719,000000,5.3201,5.3201,5.2491,5.2491,0,0
TOA_PE,D,20120720,000000,5.3201,5.3201,5.1072,5.1072,0,0
TOA_PE,D,20120723,000000,6.0293,6.1002,6.0293,6.1002,0,0
TOA_PE,D,20120724,000000,6.1002,6.1002,6.1002,6.1002,0,0
TOA_PE,D,20120725,000000,6.3131,6.3131,6.3131,6.3131,0,0
TOA_PE,D,20120726,000000,5.6747,6.5259,5.6747,6.5259,0,0
TOA_PE,D,20120731,000000,6.5259,6.5259,6.5259,6.5259,0,0
TOA_PE,D,20120801,000000,6.5259,6.6678,6.5259,6.6678,0,0
TOA_PE,D,20120803,000000,6.0293,6.4549,6.0293,6.4549,0,0
TOA_PE,D,20120807,000000,6.5968,6.5968,6.5968,6.5968,0,0
TOA_PE,D,20120809,000000,6.3131,6.5968,6.3131,6.3131,0,0
TOA_PE,D,20120810,000000,6.3131,6.3131,6.3131,6.3131,0,0
TOA_PE,D,20120813,000000,6.3131,6.3131,6.3131,6.3131,0,0
TOA_PE,D,20120814,000000,6.3131,6.3131,6.1002,6.1002,0,0
TOA_PE,D,20120816,000000,6.5259,6.5259,6.5259,6.5259,0,0
TOA_PE,D,20120822,000000,6.4549,6.4549,6.4549,6.4549,0,0
TOA_PE,D,20120824,000000,6.3841,6.4549,6.3841,6.3841,0,0
TOA_PE,D,20120827,000000,6.3841,6.3841,6.3841,6.3841,0,0
TOA_PE,D,20120831,000000,5.9583,6.0293,5.9583,6.0293,0,0
TOA_PE,D,20120907,000000,5.7456,6.0293,5.7456,5.7456,0,0
TOA_PE,D,20120913,000000,5.7456,5.7456,5.7456,5.7456,0,0
TOA_PE,D,20120914,000000,5.9583,5.9583,5.9583,5.9583,0,0
TOA_PE,D,20120917,000000,6.0293,6.5259,5.9583,6.1712,0,0
TOA_PE,D,20120918,000000,6.3841,6.4549,6.1712,6.4549,0,0
TOA_PE,D,20120925,000000,6.1002,6.3841,6.1002,6.3131,0,0
TOA_PE,D,20121001,000000,6.0293,6.3131,6.0293,6.3131,0,0
TOA_PE,D,20121002,000000,6.0293,6.0293,6.0293,6.0293,0,0
TOA_PE,D,20121005,000000,6.0293,6.3131,6.0293,6.3131,0,0
TOA_PE,D,20121010,000000,6.0293,6.0293,6.0293,6.0293,0,0
TOA_PE,D,20121015,000000,6.0293,6.0293,6.0293,6.0293,0,0
TOA_PE,D,20121016,000000,5.5327,6.0293,5.5327,5.9583,0,0
TOA_PE,D,20121031,000000,5.8874,5.8874,5.8874,5.8874,0,0
TOA_PE,D,20121102,000000,5.4619,5.9583,5.4619,5.9583,0,0
TOA_PE,D,20121106,000000,5.6037,6.1002,5.6037,6.1002,0,0
TOA_PE,D,20121109,000000,6.1002,6.1002,6.1002,6.1002,0,0
TOA_PE,D,20121112,000000,5.5327,6.0293,5.5327,5.9583,0,0
TOA_PE,D,20121114,000000,5.7456,5.7456,5.6037,5.6037,0,0
TOA_PE,D,20121116,000000,6.3841,6.3841,6.3841,6.3841,0,0
TOA_PE,D,20121119,000000,6.3841,6.6678,6.3841,6.6678,0,0
TOA_PE,D,20121122,000000,6.3841,6.5968,6.2421,6.5968,0,0
TOA_PE,D,20121126,000000,6.2421,6.5968,6.2421,6.5968,0,0
TOA_PE,D,20121127,000000,6.4549,6.5259,6.4549,6.5259,0,0
TOA_PE,D,20121128,000000,6.5259,6.5259,6.5259,6.5259,0,0
TOA_PE,D,20121213,000000,6.3841,6.5259,6.3841,6.3841,0,0
TOA_PE,D,20121214,000000,6.6678,6.6678,6.6678,6.6678,0,0
TOA_PE,D,20121217,000000,6.6678,6.6678,6.6678,6.6678,0,0
TOA_PE,D,20121220,000000,6.3841,6.5968,6.3131,6.5968,0,0
TOA_PE,D,20121221,000000,6.5968,6.5968,6.5968,6.5968,0,0
TOA_PE,D,20121227,000000,6.1002,6.3841,6.0293,6.0293,0,0
TOA_PE,D,20121228,000000,6.3841,6.4549,6.3841,6.4549,0,0
TOA_PE,D,20130102,000000,6.4549,6.4549,6.4549,6.4549,0,0
TOA_PE,D,20130104,000000,6.1712,6.4549,5.7456,5.9583,0,0
TOA_PE,D,20130110,000000,5.9583,5.9583,5.8165,5.8165,0,0
TOA_PE,D,20130117,000000,5.7456,5.7456,5.7456,5.7456,0,0
TOA_PE,D,20130123,000000,5.8874,5.8874,5.8874,5.8874,0,0
TOA_PE,D,20130125,000000,5.9583,6.0293,5.9583,6.0293,0,0
TOA_PE,D,20130128,000000,6.0293,6.0293,5.7456,5.7456,0,0
TOA_PE,D,20130131,000000,6.0293,6.1712,6.0293,6.1712,0,0
TOA_PE,D,20130201,000000,6.3841,6.3841,6.1712,6.3841,0,0
TOA_PE,D,20130204,000000,6.3841,6.6678,6.3841,6.6678,0,0
TOA_PE,D,20130205,000000,6.7386,6.7386,6.7386,6.7386,0,0
TOA_PE,D,20130206,000000,6.7386,6.7386,6.5968,6.7386,0,0
TOA_PE,D,20130207,000000,6.3841,6.7386,6.3841,6.3841,0,0
TOA_PE,D,20130208,000000,6.3841,6.6678,6.3841,6.6678,0,0
TOA_PE,D,20130213,000000,6.6678,6.6678,6.6678,6.6678,0,0
TOA_PE,D,20130214,000000,6.6678,6.6678,6.6678,6.6678,0,0
TOA_PE,D,20130215,000000,6.5968,6.6678,6.4549,6.6678,0,0
TOA_PE,D,20130221,000000,6.3841,6.7386,6.3841,6.7386,0,0
TOA_PE,D,20130301,000000,6.5968,6.7386,6.5968,6.7386,0,0
TOA_PE,D,20130308,000000,7.5901,7.5901,7.5901,7.5901,0,0
TOA_PE,D,20130311,000000,7.5901,7.5901,7.5901,7.5901,0,0
TOA_PE,D,20130312,000000,7.3061,7.5901,7.3061,7.5901,0,0
TOA_PE,D,20130321,000000,7.4484,7.4484,7.4484,7.4484,0,0
TOA_PE,D,20130325,000000,7.5901,7.5901,7.2349,7.5901,0,0
TOA_PE,D,20130326,000000,6.9515,7.5901,6.9515,7.5192,0,0
TOA_PE,D,20130327,000000,7.3767,7.8026,7.2349,7.5192,0,0
TOA_PE,D,20130328,000000,7.5192,7.8734,7.5192,7.8734,0,0
TOA_PE,D,20130402,000000,7.8734,7.8734,7.8734,7.8734,0,0
TOA_PE,D,20130403,000000,7.2349,7.2349,7.2349,7.2349,0,0
TOA_PE,D,20130404,000000,7.8734,7.8734,7.8734,7.8734,0,0
TOA_PE,D,20130417,000000,7.8026,7.8026,7.8026,7.8026,0,0
TOA_PE,D,20130422,000000,7.6609,7.7317,7.6609,7.7317,0,0
TOA_PE,D,20130423,000000,7.5901,7.5901,7.5901,7.5901,0,0
TOA_PE,D,20130424,000000,7.7317,8.0151,7.7317,8.0151,0,0
TOA_PE,D,20130425,000000,8.228,8.228,7.164,7.164,0,0
TOA_PE,D,20130426,000000,7.2349,8.0151,7.2349,8.0151,0,0
TOA_PE,D,20130429,000000,7.8734,8.0151,7.6609,8.0151,0,0
TOA_PE,D,20130430,000000,8.1594,8.1594,7.3745,8.0184,0,0
TOA_PE,D,20130502,000000,7.7317,8.0151,7.5192,7.8734,0,0
TOA_PE,D,20130506,000000,7.3767,7.8734,7.0929,7.8734,0,0
TOA_PE,D,20130507,000000,7.5901,7.8734,7.5901,7.8734,0,0
TOA_PE,D,20130515,000000,7.6609,7.8734,7.6609,7.8734,0,0
TOA_PE,D,20130516,000000,7.9444,8.6534,7.9444,8.2991,0,0
TOA_PE,D,20130517,000000,8.6534,9.4344,8.6534,9.363,0,0
TOA_PE,D,20130520,000000,9.0789,10.002,8.5822,10.002,0,0
TOA_PE,D,20130521,000000,10.073,10.073,10.002,10.002,0,0
TOA_PE,D,20130522,000000,9.576,9.789,8.4407,8.4407,0,0
TOA_PE,D,20130523,000000,8.0867,8.7246,8.0867,8.7246,0,0
TOA_PE,D,20130524,000000,8.6534,8.9382,8.2991,8.9382,0,0
TOA_PE,D,20130527,000000,8.511,8.7246,8.511,8.7246,0,0
TOA_PE,D,20130528,000000,8.7246,8.7246,8.4407,8.5822,0,0
TOA_PE,D,20130529,000000,8.2991,8.5136,8.2991,8.5136,0,0
TOA_PE,D,20130531,000000,8.2245,8.2245,8.2245,8.2245,0,0
TOA_PE,D,20130603,000000,8.228,8.6534,8.1576,8.6534,0,0
TOA_PE,D,20130604,000000,8.2991,9.0755,8.2991,9.0102,0,0
TOA_PE,D,20130605,000000,9.2906,9.2906,9.0102,9.2906,0,0
TOA_PE,D,20130606,000000,9.2906,9.2906,8.9356,8.9356,0,0
TOA_PE,D,20130610,000000,8.867,8.867,8.867,8.867,0,0
TOA_PE,D,20130612,000000,8.867,8.867,8.867,8.867,0,0
TOA_PE,D,20130613,000000,8.867,8.867,8.867,8.867,0,0
TOA_PE,D,20130617,000000,8.867,8.867,8.867,8.867,0,0
TOA_PE,D,20130618,000000,8.7949,8.8687,8.7949,8.8687,0,0
TOA_PE,D,20130619,000000,8.9382,8.9382,8.867,8.867,0,0
TOA_PE,D,20130620,000000,8.7958,8.7958,8.511,8.511,0,0
TOA_PE,D,20130624,000000,8.4407,9.0093,8.4407,9.0093,0,0
TOA_PE,D,20130701,000000,8.7289,8.7289,8.7289,8.7289,0,0
TOA_PE,D,20130702,000000,8.9356,8.9356,8.8687,8.8687,0,0
TOA_PE,D,20130705,000000,8.5813,8.6543,8.5813,8.6543,0,0
TOA_PE,D,20130708,000000,8.8687,8.9356,8.8687,8.9356,0,0
TOA_PE,D,20130711,000000,8.7289,8.7289,8.6543,8.7289,0,0
TOA_PE,D,20130712,000000,8.7289,8.7289,8.7289,8.7289,0,0
TOA_PE,D,20130718,000000,8.2846,8.2846,8.2846,8.2846,0,0
TOA_PE,D,20130719,000000,8.2846,8.2846,8.2846,8.2846,0,0
TOA_PE,D,20130722,000000,8.2846,9.1728,8.2846,9.1728,0,0
TOA_PE,D,20130724,000000,9.1728,9.1728,9.1728,9.1728,0,0
TOA_PE,D,20130730,000000,9.1728,10.06,9.1728,10.06,0,0
TOA_PE,D,20130731,000000,9.838,11.096,9.838,11.021,0,0
TOA_PE,D,20130801,000000,11.096,11.096,11.096,11.096,0,0
TOA_PE,D,20130802,000000,11.021,11.021,10.356,10.799,0,0
TOA_PE,D,20130805,000000,10.431,10.799,10.431,10.726,0,0
TOA_PE,D,20130809,000000,10.726,10.726,10.577,10.577,0,0
TOA_PE,D,20130812,000000,10.356,10.652,10.356,10.652,0,0
TOA_PE,D,20130813,000000,10.652,10.652,10.356,10.504,0,0
TOA_PE,D,20130814,000000,10.282,10.282,10.282,10.282,0,0
TOA_PE,D,20130819,000000,10.282,10.504,9.838,10.504,0,0
TOA_PE,D,20130822,000000,10.504,10.504,10.431,10.431,0,0
TOA_PE,D,20130823,000000,9.912,10.431,9.912,10.431,0,0
TOA_PE,D,20130827,000000,10.431,10.504,10.431,10.504,0,0
TOA_PE,D,20130828,000000,10.577,10.799,10.504,10.577,0,0
TOA_PE,D,20130829,000000,10.577,10.577,10.06,10.06,0,0
TOA_PE,D,20130830,000000,10.06,10.504,10.06,10.504,0,0
TOA_PE,D,20130903,000000,10.504,10.504,10.207,10.207,0,0
TOA_PE,D,20130904,000000,9.912,10.577,9.912,10.577,0,0
TOA_PE,D,20130905,000000,9.912,10.577,9.1728,10.577,0,0
TOA_PE,D,20130906,000000,9.838,10.431,9.543,10.431,0,0
TOA_PE,D,20130909,000000,9.986,10.282,9.986,10.282,0,0
TOA_PE,D,20130916,000000,10.282,10.282,10.06,10.06,0,0
TOA_PE,D,20130917,000000,10.06,10.06,10.06,10.06,0,0
TOA_PE,D,20130918,000000,10.282,10.282,10.282,10.282,0,0
TOA_PE,D,20130919,000000,10.282,10.282,10.282,10.282,0,0
TOA_PE,D,20130925,000000,9.838,10.207,9.838,10.207,0,0
TOA_PE,D,20130927,000000,10.207,10.207,10.134,10.134,0,0
TOA_PE,D,20130930,000000,10.06,10.207,10.06,10.207,0,0
TOA_PE,D,20131009,000000,10.134,10.207,9.912,10.207,0,0
TOA_PE,D,20131010,000000,10.577,10.577,10.577,10.577,0,0
TOA_PE,D,20131011,000000,10.577,10.947,10.577,10.947,0,0
TOA_PE,D,20131014,000000,10.947,11.983,10.577,11.909,0,0
TOA_PE,D,20131015,000000,12.576,12.576,12.576,12.576,0,0
TOA_PE,D,20131017,000000,12.427,12.945,11.392,12.945,0,0
TOA_PE,D,20131018,000000,12.945,13.758,12.206,12.576,0,0
TOA_PE,D,20131021,000000,12.945,12.945,12.576,12.576,0,0
TOA_PE,D,20131022,000000,12.576,13.537,12.576,13.537,0,0
TOA_PE,D,20131023,000000,14.571,14.868,13.462,14.868,0,0
TOA_PE,D,20131024,000000,13.537,14.868,13.537,14.793,0,0
TOA_PE,D,20131025,000000,14.646,14.72,14.646,14.72,0,0
TOA_PE,D,20131028,000000,14.72,14.72,14.72,14.72,0,0
TOA_PE,D,20131029,000000,15.311,15.311,15.311,15.311,0,0
TOA_PE,D,20131030,000000,15.386,15.386,15.386,15.386,0,0
TOA_PE,D,20131031,000000,15.386,15.386,15.386,15.386,0,0
TOA_PE,D,20131104,000000,14.868,14.868,14.868,14.868,0,0
TOA_PE,D,20131106,000000,14.571,15.83,14.571,15.756,0,0
TOA_PE,D,20131107,000000,14.868,14.868,14.868,14.868,0,0
TOA_PE,D,20131108,000000,15.238,15.681,14.868,14.868,0,0
TOA_PE,D,20131113,000000,6.6573,7.1751,6.5833,7.1751,0,0
TOA_PE,D,20131114,000000,7.101,7.101,7.101,7.101,0,0
TOA_PE,D,20131115,000000,6.7313,7.101,6.7313,7.101,0,0
TOA_PE,D,20131118,000000,7.101,7.101,6.7313,6.7313,0,0
TOA_PE,D,20131119,000000,6.7313,6.8053,6.7313,6.8053,0,0
TOA_PE,D,20131121,000000,6.8792,6.9532,6.8792,6.9532,0,0
TOA_PE,D,20131126,000000,6.7313,7.0272,6.2874,7.0272,0,0
TOA_PE,D,20131127,000000,7.0272,7.0272,7.0272,7.0272,0,0
TOA_PE,D,20131128,000000,6.4354,6.5833,6.3615,6.3615,0,0
TOA_PE,D,20131129,000000,6.3615,6.7313,6.3615,6.6573,0,0
TOA_PE,D,20131202,000000,6.6573,6.7313,6.6573,6.7313,0,0
TOA_PE,D,20131203,000000,6.7313,6.7313,6.7313,6.7313,0,0
TOA_PE,D,20131204,000000,6.2874,6.7313,6.2874,6.7313,0,0
TOA_PE,D,20131205,000000,6.7313,6.7313,6.7313,6.7313,0,0
TOA_PE,D,20131209,000000,6.7313,6.7313,6.5833,6.5833,0,0
TOA_PE,D,20131210,000000,6.5833,6.5833,6.5833,6.5833,0,0
TOA_PE,D,20131212,000000,6.5833,6.8053,6.5833,6.8053,0,0
TOA_PE,D,20131213,000000,6.8053,6.8053,6.8053,6.8053,0,0
TOA_PE,D,20131216,000000,6.8053,6.8053,6.3615,6.5833,0,0
TOA_PE,D,20131217,000000,6.5833,6.5833,6.5833,6.5833,0,0
TOA_PE,D,20131219,000000,6.8053,6.8053,6.5833,6.8053,0,0
TOA_PE,D,20131220,000000,6.3615,6.8053,6.3615,6.8053,0,0
TOA_PE,D,20131223,000000,6.8053,12.945,6.8053,12.945,0,0
TOA_PE,D,20131227,000000,12.945,14.129,12.945,14.129,0,0
TOA_PE,D,20131230,000000,14.277,14.35,13.462,14.35,0,0
TOA_PE,D,20140102,000000,13.908,13.908,13.462,13.462,0,0
TOA_PE,D,20140103,000000,13.462,13.758,13.241,13.758,0,0
TOA_PE,D,20140107,000000,14.571,14.571,14.571,14.571,0,0
TOA_PE,D,20140108,000000,14.202,14.277,14.202,14.277,0,0
TOA_PE,D,20140109,000000,14.277,14.277,14.277,14.277,0,0
TOA_PE,D,20140110,000000,14.277,14.277,13.092,13.98,0,0
TOA_PE,D,20140113,000000,13.167,13.167,13.167,13.167,0,0
TOA_PE,D,20140115,000000,13.315,13.315,13.315,13.315,0,0
TOA_PE,D,20140117,000000,12.649,12.649,12.279,12.5,0,0
TOA_PE,D,20140120,000000,12.5,12.5,12.5,12.5,0,0
TOA_PE,D,20140121,000000,12.427,12.5,12.427,12.5,0,0
TOA_PE,D,20140122,000000,12.427,12.5,12.354,12.354,0,0
TOA_PE,D,20140123,000000,12.354,12.5,11.539,11.613,0,0
TOA_PE,D,20140124,000000,12.427,13.092,12.427,13.092,0,0
TOA_PE,D,20140127,000000,13.167,13.167,12.131,13.092,0,0
TOA_PE,D,20140128,000000,13.092,13.092,12.5,12.5,0,0
TOA_PE,D,20140131,000000,12.5,12.5,12.5,12.5,0,0
TOA_PE,D,20140203,000000,12.5,12.5,12.5,12.5,0,0
TOA_PE,D,20140207,000000,11.688,12.057,11.539,11.613,0,0
TOA_PE,D,20140210,000000,12.354,12.722,11.613,12.722,0,0
TOA_PE,D,20140211,000000,12.279,12.722,11.835,12.057,0,0
TOA_PE,D,20140212,000000,11.909,11.909,11.392,11.465,0,0
TOA_PE,D,20140213,000000,11.096,11.761,11.096,11.761,0,0
TOA_PE,D,20140214,000000,11.318,11.688,11.318,11.688,0,0
TOA_PE,D,20140217,000000,11.688,11.761,11.688,11.761,0,0
TOA_PE,D,20140218,000000,12.722,12.722,12.722,12.722,0,0
TOA_PE,D,20140219,000000,12.722,12.722,11.835,11.983,0,0
TOA_PE,D,20140220,000000,11.688,11.688,11.613,11.613,0,0
TOA_PE,D,20140221,000000,11.613,12.131,11.613,12.057,0,0
TOA_PE,D,20140224,000000,11.688,11.983,11.688,11.983,0,0
TOA_PE,D,20140225,000000,11.688,11.983,11.688,11.983,0,0
TOA_PE,D,20140226,000000,11.983,11.983,11.983,11.983,0,0
TOA_PE,D,20140227,000000,11.613,11.983,11.465,11.983,0,0
TOA_PE,D,20140228,000000,11.983,11.983,11.983,11.983,0,0
TOA_PE,D,20140303,000000,11.539,11.983,11.465,11.465,0,0
TOA_PE,D,20140304,000000,11.539,11.539,11.465,11.465,0,0
TOA_PE,D,20140305,000000,11.465,11.465,11.465,11.465,0,0
TOA_PE,D,20140306,000000,11.983,11.983,11.539,11.613,0,0
TOA_PE,D,20140307,000000,11.835,11.835,11.392,11.613,0,0
TOA_PE,D,20140310,000000,11.761,11.761,11.613,11.688,0,0
TOA_PE,D,20140311,000000,11.688,11.688,11.539,11.613,0,0
TOA_PE,D,20140312,000000,11.021,11.983,11.021,11.983,0,0
TOA_PE,D,20140313,000000,11.392,11.983,11.168,11.983,0,0
TOA_PE,D,20140314,000000,11.983,11.983,11.983,11.983,0,0
TOA_PE,D,20140317,000000,11.392,11.909,11.392,11.909,0,0
TOA_PE,D,20140318,000000,11.539,11.909,11.392,11.392,0,0
TOA_PE,D,20140319,000000,11.392,11.392,11.392,11.392,0,0
TOA_PE,D,20140320,000000,11.392,11.392,11.392,11.392,0,0
TOA_PE,D,20140321,000000,10.874,11.392,10.874,11.392,0,0
TOA_PE,D,20140324,000000,11.392,11.392,11.392,11.392,0,0
TOA_PE,D,20140325,000000,11.392,11.465,11.096,11.465,0,0
TOA_PE,D,20140326,000000,11.021,11.392,11.021,11.392,0,0
TOA_PE,D,20140327,000000,10.874,11.465,10.874,11.465,0,0
TOA_PE,D,20140328,000000,11.465,11.539,11.465,11.465,0,0
TOA_PE,D,20140331,000000,10.874,11.465,10.874,11.465,0,0
TOA_PE,D,20140401,000000,10.947,11.465,10.947,11.465,0,0
TOA_PE,D,20140402,000000,11.021,11.465,11.021,11.465,0,0
TOA_PE,D,20140403,000000,11.465,11.465,11.392,11.392,0,0
TOA_PE,D,20140404,000000,10.947,10.947,10.947,10.947,0,0
TOA_PE,D,20140407,000000,11.021,11.021,11.021,11.021,0,0
TOA_PE,D,20140408,000000,11.243,11.243,11.243,11.243,0,0
TOA_PE,D,20140409,000000,11.243,11.243,11.021,11.021,0,0
TOA_PE,D,20140410,000000,11.021,11.168,11.021,11.168,0,0
TOA_PE,D,20140411,000000,11.392,11.392,11.392,11.392,0,0
TOA_PE,D,20140414,000000,11.392,11.392,11.168,11.318,0,0
TOA_PE,D,20140415,000000,10.947,10.947,10.947,10.947,0,0
TOA_PE,D,20140416,000000,10.947,11.096,10.799,11.021,0,0
TOA_PE,D,20140417,000000,11.021,11.021,11.021,11.021,0,0
TOA_PE,D,20140422,000000,11.021,11.021,10.947,11.021,0,0
TOA_PE,D,20140423,000000,11.021,11.021,11.021,11.021,0,0
TOA_PE,D,20140424,000000,11.021,11.021,11.021,11.021,0,0
TOA_PE,D,20140425,000000,10.947,11.021,10.947,11.021,0,0
TOA_PE,D,20140430,000000,10.947,11.243,10.874,11.243,0,0
TOA_PE,D,20140502,000000,11.168,11.243,11.168,11.168,0,0
TOA_PE,D,20140507,000000,10.947,11.168,10.134,11.168,0,0
TOA_PE,D,20140508,000000,10.282,11.168,10.282,11.168,0,0
TOA_PE,D,20140512,000000,10.431,11.168,10.431,11.168,0,0
TOA_PE,D,20140513,000000,11.168,11.318,11.168,11.318,0,0
TOA_PE,D,20140514,000000,11.243,11.243,10.577,11.243,0,0
TOA_PE,D,20140515,000000,11.318,11.318,10.652,11.096,0,0
TOA_PE,D,20140516,000000,10.652,11.168,10.652,11.168,0,0
TOA_PE,D,20140519,000000,10.726,10.947,10.726,10.874,0,0
TOA_PE,D,20140520,000000,10.652,11.096,10.652,11.096,0,0
TOA_PE,D,20140521,000000,10.652,10.874,10.652,10.874,0,0
TOA_PE,D,20140522,000000,10.652,11.021,10.652,10.947,0,0
TOA_PE,D,20140523,000000,10.652,10.874,10.652,10.652,0,0
TOA_PE,D,20140526,000000,10.799,11.096,10.799,11.096,0,0
TOA_PE,D,20140527,000000,11.096,11.168,11.096,11.096,0,0
TOA_PE,D,20140528,000000,11.096,11.096,11.096,11.096,0,0
TOA_PE,D,20140529,000000,11.096,11.096,11.096,11.096,0,0
TOA_PE,D,20140530,000000,10.874,11.096,10.874,11.096,0,0
TOA_PE,D,20140603,000000,10.652,10.652,10.577,10.652,0,0
TOA_PE,D,20140604,000000,10.652,10.652,10.652,10.652,0,0
TOA_PE,D,20140605,000000,10.431,10.431,10.431,10.431,0,0
TOA_PE,D,20140606,000000,10.652,10.874,10.652,10.874,0,0
TOA_PE,D,20140609,000000,10.874,10.874,10.874,10.874,0,0
TOA_PE,D,20140612,000000,10.799,10.799,10.799,10.799,0,0
TOA_PE,D,20140617,000000,10.652,10.947,10.652,10.947,0,0
TOA_PE,D,20140618,000000,11.096,11.096,10.947,11.096,0,0
TOA_PE,D,20140620,000000,11.096,11.096,10.577,10.577,0,0
TOA_PE,D,20140623,000000,10.577,10.726,10.577,10.577,0,0
TOA_PE,D,20140624,000000,10.577,10.726,10.577,10.726,0,0
TOA_PE,D,20140625,000000,10.799,10.799,10.652,10.652,0,0
TOA_PE,D,20140626,000000,10.577,10.652,10.504,10.504,0,0
TOA_PE,D,20140627,000000,10.504,10.652,10.504,10.652,0,0
TOA_PE,D,20140630,000000,10.652,10.652,10.504,10.577,0,0
TOA_PE,D,20140701,000000,10.577,10.577,10.577,10.577,0,0
TOA_PE,D,20140702,000000,10.577,10.652,10.577,10.652,0,0
TOA_PE,D,20140703,000000,10.799,10.799,10.726,10.726,0,0
TOA_PE,D,20140704,000000,10.652,10.652,10.652,10.652,0,0
TOA_PE,D,20140707,000000,10.799,10.799,10.799,10.799,0,0
TOA_PE,D,20140708,000000,10.799,10.799,10.652,10.799,0,0
TOA_PE,D,20140709,000000,10.855,11.085,10.855,11.085,0,0
TOA_PE,D,20140710,000000,11.163,11.163,11.085,11.085,0,0
TOA_PE,D,20140711,000000,11.085,11.163,11.085,11.085,0,0
TOA_PE,D,20140714,000000,11.085,11.085,11.085,11.085,0,0
TOA_PE,D,20140715,000000,11.085,11.085,11.085,11.085,0,0
TOA_PE,D,20140716,000000,11.085,11.085,11.085,11.085,0,0
TOA_PE,D,20140717,000000,11.085,11.085,11.085,11.085,0,0
TOA_PE,D,20140718,000000,11.085,11.085,11.009,11.085,0,0
TOA_PE,D,20140721,000000,11.163,11.163,11.085,11.163,0,0
TOA_PE,D,20140722,000000,11.163,11.163,11.085,11.085,0,0
TOA_PE,D,20140723,000000,11.085,11.085,11.085,11.085,0,0
TOA_PE,D,20140724,000000,11.085,11.085,11.085,11.085,0,0
TOA_PE,D,20140725,000000,11.085,11.085,11.085,11.085,0,0
TOA_PE,D,20140728,000000,11.085,11.085,11.085,11.085,0,0
TOA_PE,D,20140729,000000,11.085,11.085,11.085,11.085,0,0
TOA_PE,D,20140730,000000,11.085,11.085,11.085,11.085,0,0
TOA_PE,D,20140731,000000,11.085,11.085,11.085,11.085,0,0
TOA_PE,D,20140801,000000,11.085,11.085,11.085,11.085,0,0
TOA_PE,D,20140804,000000,11.085,11.085,10.701,10.778,0,0
TOA_PE,D,20140805,000000,11.009,11.009,11.009,11.009,0,0
TOA_PE,D,20140806,000000,10.855,10.855,10.855,10.855,0,0
TOA_PE,D,20140807,000000,10.855,10.855,10.546,10.625,0,0
TOA_PE,D,20140808,000000,10.625,10.625,10.625,10.625,0,0
TOA_PE,D,20140811,000000,10.625,10.933,10.625,10.855,0,0
TOA_PE,D,20140812,000000,10.933,11.085,10.933,11.085,0,0
TOA_PE,D,20140813,000000,11.085,11.24,11.085,11.24,0,0
TOA_PE,D,20140814,000000,11.317,11.317,11.317,11.317,0,0
TOA_PE,D,20140818,000000,11.317,11.317,11.317,11.317,0,0
TOA_PE,D,20140819,000000,11.317,11.317,11.317,11.317,0,0
TOA_PE,D,20140820,000000,11.317,11.471,11.085,11.471,0,0
TOA_PE,D,20140821,000000,11.394,11.625,11.24,11.625,0,0
TOA_PE,D,20140822,000000,11.317,11.317,11.085,11.317,0,0
TOA_PE,D,20140825,000000,11.163,11.625,10.855,11.625,0,0
TOA_PE,D,20140826,000000,11.317,11.548,11.24,11.471,0,0
TOA_PE,D,20140827,000000,11.471,11.548,11.471,11.548,0,0
TOA_PE,D,20140828,000000,11.625,11.625,11.009,11.625,0,0
TOA_PE,D,20140829,000000,11.625,11.625,11.317,11.548,0,0
TOA_PE,D,20140901,000000,11.471,11.471,11.009,11.471,0,0
TOA_PE,D,20140902,000000,11.548,11.548,11.163,11.163,0,0
TOA_PE,D,20140903,000000,11.24,11.471,11.24,11.471,0,0
TOA_PE,D,20140904,000000,11.471,11.548,11.471,11.548,0,0
TOA_PE,D,20140905,000000,11.471,11.471,11.471,11.471,0,0
TOA_PE,D,20140908,000000,11.317,11.471,11.317,11.471,0,0
TOA_PE,D,20140909,000000,11.471,11.548,11.471,11.548,0,0
TOA_PE,D,20140910,000000,11.548,11.548,11.163,11.24,0,0
TOA_PE,D,20140911,000000,11.24,11.317,11.24,11.317,0,0
TOA_PE,D,20140912,000000,11.24,11.24,11.24,11.24,0,0
TOA_PE,D,20140915,000000,11.24,11.24,11.24,11.24,0,0
TOA_PE,D,20140916,000000,11.085,11.24,11.009,11.009,0,0
TOA_PE,D,20140917,000000,11.163,11.24,11.163,11.24,0,0
TOA_PE,D,20140918,000000,11.24,11.24,11.24,11.24,0,0
TOA_PE,D,20140919,000000,11.24,11.24,11.24,11.24,0,0
TOA_PE,D,20140922,000000,11.24,11.24,11.085,11.24,0,0
TOA_PE,D,20140923,000000,11.24,11.24,11.24,11.24,0,0
TOA_PE,D,20140924,000000,11.24,11.24,11.24,11.24,0,0
TOA_PE,D,20140925,000000,11.24,11.24,11.24,11.24,0,0
TOA_PE,D,20140926,000000,11.24,11.24,11.24,11.24,0,0
TOA_PE,D,20140929,000000,11.24,11.24,11.163,11.163,0,0
TOA_PE,D,20140930,000000,11.163,11.317,11.163,11.317,0,0
TOA_PE,D,20141001,000000,11.317,11.317,11.317,11.317,0,0
TOA_PE,D,20141002,000000,11.317,11.317,11.317,11.317,0,0
TOA_PE,D,20141003,000000,11.317,11.317,11.317,11.317,0,0
TOA_PE,D,20141006,000000,11.317,11.317,11.317,11.317,0,0
TOA_PE,D,20141007,000000,11.317,11.317,10.933,10.933,0,0
TOA_PE,D,20141008,000000,10.933,10.933,10.933,10.933,0,0
TOA_PE,D,20141009,000000,10.933,10.933,10.778,10.933,0,0
TOA_PE,D,20141010,000000,10.933,10.933,10.933,10.933,0,0
TOA_PE,D,20141015,000000,11.009,11.085,11.009,11.085,0,0
TOA_PE,D,20141020,000000,11.394,11.702,11.394,11.702,0,0
TOA_PE,D,20141021,000000,11.548,11.779,11.548,11.779,0,0
TOA_PE,D,20141022,000000,11.779,11.779,11.779,11.779,0,0
TOA_PE,D,20141023,000000,11.779,11.779,11.779,11.779,0,0
TOA_PE,D,20141024,000000,11.779,11.779,11.779,11.779,0,0
TOA_PE,D,20141027,000000,11.779,11.855,11.779,11.855,0,0
TOA_PE,D,20141028,000000,11.855,11.855,11.779,11.779,0,0
TOA_PE,D,20141029,000000,11.779,11.779,11.779,11.779,0,0
TOA_PE,D,20141030,000000,11.779,11.779,11.548,11.779,0,0
TOA_PE,D,20141031,000000,11.779,11.779,11.779,11.779,0,0
TOA_PE,D,20141103,000000,11.779,11.779,11.779,11.779,0,0
TOA_PE,D,20141104,000000,11.779,11.779,11.779,11.779,0,0
TOA_PE,D,20141105,000000,11.779,11.779,11.779,11.779,0,0
TOA_PE,D,20141106,000000,11.702,11.702,10.778,11.163,0,0
TOA_PE,D,20141107,000000,11.163,11.163,11.163,11.163,0,0
TOA_PE,D,20141110,000000,11.317,11.317,11.317,11.317,0,0
TOA_PE,D,20141112,000000,11.317,11.317,11.317,11.317,0,0
TOA_PE,D,20141113,000000,11.317,11.317,11.317,11.317,0,0
TOA_PE,D,20141114,000000,11.317,11.317,10.778,11.085,0,0
TOA_PE,D,20141117,000000,10.701,11.24,10.701,11.163,0,0
TOA_PE,D,20141118,000000,10.778,11.163,10.546,11.163,0,0
TOA_PE,D,20141119,000000,11.163,11.163,10.701,10.701,0,0
TOA_PE,D,20141120,000000,10.701,10.855,10.625,10.625,0,0
TOA_PE,D,20141121,000000,10.625,11.085,10.625,11.085,0,0
TOA_PE,D,20141124,000000,11.085,11.085,10.701,10.701,0,0
TOA_PE,D,20141125,000000,10.855,10.933,10.701,10.701,0,0
TOA_PE,D,20141126,000000,10.701,10.855,10.701,10.855,0,0
TOA_PE,D,20141127,000000,10.933,11.009,10.855,10.855,0,0
TOA_PE,D,20141128,000000,11.009,11.009,10.625,11.009,0,0
TOA_PE,D,20141201,000000,11.009,11.009,11.009,11.009,0,0
TOA_PE,D,20141202,000000,11.009,11.009,10.701,11.009,0,0
TOA_PE,D,20141203,000000,11.009,11.009,10.625,10.625,0,0
TOA_PE,D,20141204,000000,10.701,10.701,10.701,10.701,0,0
TOA_PE,D,20141205,000000,10.625,10.933,10.625,10.933,0,0
TOA_PE,D,20141208,000000,10.933,10.933,10.701,10.933,0,0
TOA_PE,D,20141209,000000,10.933,10.933,10.933,10.933,0,0
TOA_PE,D,20141210,000000,10.933,10.933,10.933,10.933,0,0
TOA_PE,D,20141211,000000,10.933,10.933,10.933,10.933,0,0
TOA_PE,D,20141212,000000,10.47,10.933,10.47,10.625,0,0
TOA_PE,D,20141216,000000,10.625,10.933,10.625,10.933,0,0
TOA_PE,D,20141217,000000,10.933,10.933,10.933,10.933,0,0
TOA_PE,D,20141218,000000,10.778,10.933,10.778,10.933,0,0
TOA_PE,D,20141219,000000,10.855,11.009,10.855,11.009,0,0
TOA_PE,D,20141222,000000,11.009,11.009,11.009,11.009,0,0
TOA_PE,D,20141223,000000,11.085,11.085,11.085,11.085,0,0
TOA_PE,D,20141229,000000,11.085,11.085,11.009,11.009,0,0
TOA_PE,D,20141230,000000,11.009,11.085,11.009,11.085,0,0
TOA_PE,D,20150102,000000,11.163,11.24,11.163,11.163,0,0
TOA_PE,D,20150105,000000,11.163,11.163,11.163,11.163,0,0
TOA_PE,D,20150107,000000,11.163,11.163,11.163,11.163,0,0
TOA_PE,D,20150108,000000,10.778,11.163,10.778,11.163,0,0
TOA_PE,D,20150109,000000,11.163,11.163,11.163,11.163,0,0
TOA_PE,D,20150112,000000,11.163,11.163,11.163,11.163,0,0
TOA_PE,D,20150113,000000,11.163,11.163,10.855,11.163,0,0
TOA_PE,D,20150114,000000,11.163,11.163,11.163,11.163,0,0
TOA_PE,D,20150115,000000,11.163,11.163,11.163,11.163,0,0
TOA_PE,D,20150116,000000,11.163,11.163,10.778,10.778,0,0
TOA_PE,D,20150119,000000,10.778,10.778,10.778,10.778,0,0
TOA_PE,D,20150120,000000,10.778,10.778,10.778,10.778,0,0
TOA_PE,D,20150121,000000,10.778,10.778,10.778,10.778,0,0
TOA_PE,D,20150122,000000,10.778,11.548,10.778,11.548,0,0
TOA_PE,D,20150123,000000,11.548,11.702,10.778,11.625,0,0
TOA_PE,D,20150126,000000,11.625,11.625,10.778,11.625,0,0
TOA_PE,D,20150127,000000,11.085,11.317,11.085,11.317,0,0
TOA_PE,D,20150128,000000,11.085,11.085,10.855,10.933,0,0
TOA_PE,D,20150129,000000,10.933,11.163,10.933,11.163,0,0
TOA_PE,D,20150130,000000,11.163,11.163,11.163,11.163,0,0
TOA_PE,D,20150202,000000,11.163,11.163,10.701,10.933,0,0
TOA_PE,D,20150203,000000,10.933,11.163,10.625,10.933,0,0
TOA_PE,D,20150204,000000,10.933,10.933,10.625,10.701,0,0
TOA_PE,D,20150205,000000,10.855,10.933,10.778,10.933,0,0
TOA_PE,D,20150206,000000,10.933,11.085,10.933,11.085,0,0
TOA_PE,D,20150209,000000,10.701,10.933,10.625,10.933,0,0
TOA_PE,D,20150210,000000,11.085,11.085,10.625,10.701,0,0
TOA_PE,D,20150211,000000,10.701,10.701,10.701,10.701,0,0
TOA_PE,D,20150212,000000,10.625,10.933,10.625,10.933,0,0
TOA_PE,D,20150213,000000,10.933,10.933,10.933,10.933,0,0
TOA_PE,D,20150216,000000,10.933,10.933,10.933,10.933,0,0
TOA_PE,D,20150217,000000,10.933,11.085,10.933,11.085,0,0
TOA_PE,D,20150218,000000,10.778,10.855,10.701,10.778,0,0
TOA_PE,D,20150219,000000,10.778,10.778,10.778,10.778,0,0
TOA_PE,D,20150220,000000,10.778,10.855,10.778,10.855,0,0
TOA_PE,D,20150223,000000,10.933,10.933,10.933,10.933,0,0
TOA_PE,D,20150224,000000,10.933,10.933,10.933,10.933,0,0
TOA_PE,D,20150225,000000,10.855,10.933,10.625,10.855,0,0
TOA_PE,D,20150226,000000,10.933,10.933,10.855,10.855,0,0
TOA_PE,D,20150227,000000,10.855,10.933,10.855,10.933,0,0
TOA_PE,D,20150302,000000,10.933,10.933,10.933,10.933,0,0
TOA_PE,D,20150303,000000,10.933,10.933,10.933,10.933,0,0
TOA_PE,D,20150304,000000,10.933,10.933,10.933,10.933,0,0
TOA_PE,D,20150305,000000,10.933,10.933,10.933,10.933,0,0
TOA_PE,D,20150306,000000,10.933,10.933,10.933,10.933,0,0
TOA_PE,D,20150309,000000,10.855,10.933,10.855,10.933,0,0
TOA_PE,D,20150310,000000,10.933,10.933,10.933,10.933,0,0
TOA_PE,D,20150311,000000,10.933,10.933,10.933,10.933,0,0
TOA_PE,D,20150312,000000,10.933,10.933,10.778,10.933,0,0
TOA_PE,D,20150313,000000,10.855,10.855,10.47,10.778,0,0
TOA_PE,D,20150316,000000,10.855,10.855,10.855,10.855,0,0
TOA_PE,D,20150317,000000,10.855,10.855,10.855,10.855,0,0
TOA_PE,D,20150318,000000,10.855,10.855,10.855,10.855,0,0
TOA_PE,D,20150319,000000,10.701,10.701,10.701,10.701,0,0
TOA_PE,D,20150320,000000,10.701,10.933,10.546,10.933,0,0
TOA_PE,D,20150323,000000,10.933,10.933,10.625,10.933,0,0
TOA_PE,D,20150324,000000,10.933,10.933,10.393,10.393,0,0
TOA_PE,D,20150325,000000,10.393,10.393,10.393,10.393,0,0
TOA_PE,D,20150326,000000,10.393,10.393,10.162,10.393,0,0
TOA_PE,D,20150327,000000,10.162,10.47,10.162,10.47,0,0
TOA_PE,D,20150330,000000,10.546,10.625,10.47,10.625,0,0
TOA_PE,D,20150331,000000,10.625,10.625,10.393,10.393,0,0
TOA_PE,D,20150407,000000,10.47,10.47,10.47,10.47,0,0
TOA_PE,D,20150408,000000,10.393,10.47,10.393,10.47,0,0
TOA_PE,D,20150409,000000,10.47,10.625,10.317,10.625,0,0
TOA_PE,D,20150410,000000,10.701,10.778,10.701,10.778,0,0
TOA_PE,D,20150413,000000,10.855,10.855,10.47,10.47,0,0
TOA_PE,D,20150414,000000,10.47,10.47,9.546,9.546,0,0
TOA_PE,D,20150415,000000,9.931,10.008,9.7,9.7,0,0
TOA_PE,D,20150416,000000,9.7,9.778,9.624,9.778,0,0
TOA_PE,D,20150420,000000,9.624,9.624,9.546,9.546,0,0
TOA_PE,D,20150421,000000,9.546,9.778,9.546,9.778,0,0
TOA_PE,D,20150422,000000,9.778,9.778,9.778,9.778,0,0
TOA_PE,D,20150423,000000,9.778,10.085,9.778,10.085,0,0
TOA_PE,D,20150424,000000,9.624,10.162,9.624,10.162,0,0
TOA_PE,D,20150427,000000,10.162,10.162,10.162,10.162,0,0
TOA_PE,D,20150428,000000,10.162,10.162,10.162,10.162,0,0
TOA_PE,D,20150429,000000,10.162,10.239,10.162,10.239,0,0
TOA_PE,D,20150430,000000,10.317,10.317,10.317,10.317,0,0
TOA_PE,D,20150504,000000,10.317,10.317,10.317,10.317,0,0
TOA_PE,D,20150505,000000,10.317,10.317,10.317,10.317,0,0
TOA_PE,D,20150506,000000,10.317,10.317,10.317,10.317,0,0
TOA_PE,D,20150507,000000,10.008,10.701,9.854,10.701,0,0
TOA_PE,D,20150508,000000,10.701,10.701,10.393,10.701,0,0
TOA_PE,D,20150511,000000,10.701,10.701,10.701,10.701,0,0
TOA_PE,D,20150512,000000,10.701,10.701,10.701,10.701,0,0
TOA_PE,D,20150514,000000,10.701,10.701,10.701,10.701,0,0
TOA_PE,D,20150515,000000,10.701,10.701,10.701,10.701,0,0
TOA_PE,D,20150518,000000,10.701,10.701,10.701,10.701,0,0
TOA_PE,D,20150519,000000,10.778,10.778,10.085,10.701,0,0
TOA_PE,D,20150520,000000,10.701,10.701,10.701,10.701,0,0
TOA_PE,D,20150521,000000,10.701,10.701,10.701,10.701,0,0
TOA_PE,D,20150522,000000,10.701,10.701,10.47,10.47,0,0
TOA_PE,D,20150525,000000,10.47,10.701,10.47,10.701,0,0
TOA_PE,D,20150526,000000,10.701,10.701,10.701,10.701,0,0
TOA_PE,D,20150527,000000,10.701,10.701,10.701,10.701,0,0
TOA_PE,D,20150528,000000,10.701,10.701,10.701,10.701,0,0
TOA_PE,D,20150529,000000,10.701,10.701,10.701,10.701,0,0
TOA_PE,D,20150601,000000,10.778,10.778,10.778,10.778,0,0
TOA_PE,D,20150602,000000,10.778,10.778,10.778,10.778,0,0
TOA_PE,D,20150603,000000,10.778,10.778,10.778,10.778,0,0
TOA_PE,D,20150605,000000,10.778,10.778,10.778,10.778,0,0
TOA_PE,D,20150608,000000,10.778,10.778,10.778,10.778,0,0
TOA_PE,D,20150609,000000,10.778,10.778,10.778,10.778,0,0
TOA_PE,D,20150610,000000,10.778,10.778,10.317,10.778,0,0
TOA_PE,D,20150611,000000,10.778,10.778,10.778,10.778,0,0
TOA_PE,D,20150612,000000,10.778,10.855,10.778,10.855,0,0
TOA_PE,D,20150615,000000,10.855,10.855,10.855,10.855,0,0
TOA_PE,D,20150616,000000,10.855,10.855,10.855,10.855,0,0
TOA_PE,D,20150619,000000,11.009,11.009,10.933,10.933,0,0
TOA_PE,D,20150622,000000,10.933,10.933,10.933,10.933,0,0
TOA_PE,D,20150623,000000,10.933,11.085,10.933,11.085,0,0
TOA_PE,D,20150624,000000,11.085,11.085,11.085,11.085,0,0
TOA_PE,D,20150625,000000,11.085,11.085,11.085,11.085,0,0
TOA_PE,D,20150626,000000,11.085,11.085,10.855,11.085,0,0
TOA_PE,D,20150629,000000,11.085,11.085,11.085,11.085,0,0
TOA_PE,D,20150630,000000,11.085,11.085,11.085,11.085,0,0
TOA_PE,D,20150701,000000,11.085,11.085,11.085,11.085,0,0
TOA_PE,D,20150702,000000,11.085,11.085,11.085,11.085,0,0
TOA_PE,D,20150703,000000,11.085,11.163,11.085,11.163,0,0
TOA_PE,D,20150706,000000,11.163,11.163,11.163,11.163,0,0
TOA_PE,D,20150707,000000,11.163,11.163,11.163,11.163,0,0
TOA_PE,D,20150708,000000,11.085,11.085,11.085,11.085,0,0
TOA_PE,D,20150709,000000,11.085,11.085,11.085,11.085,0,0
TOA_PE,D,20150710,000000,11.085,11.085,10.701,10.701,0,0
TOA_PE,D,20150713,000000,10.625,10.625,10.625,10.625,0,0
TOA_PE,D,20150715,000000,10.546,10.546,9.931,10.546,0,0
TOA_PE,D,20150716,000000,10.546,10.546,10.162,10.393,0,0
TOA_PE,D,20150717,000000,10.317,10.317,10.317,10.317,0,0
TOA_PE,D,20150720,000000,10.239,10.239,10.239,10.239,0,0
TOA_PE,D,20150723,000000,10.239,10.239,9.931,9.931,0,0
TOA_PE,D,20150724,000000,10.085,10.085,9.931,9.931,0,0
TOA_PE,D,20150727,000000,10.085,10.162,10.085,10.162,0,0
TOA_PE,D,20150728,000000,10.162,10.239,10.162,10.239,0,0
TOA_PE,D,20150729,000000,10.162,10.162,10.162,10.162,0,0
TOA_PE,D,20150730,000000,10.162,10.162,10.162,10.162,0,0
TOA_PE,D,20150803,000000,10.317,10.393,10.317,10.393,0,0
TOA_PE,D,20150810,000000,10.239,10.239,9.854,10.162,0,0
TOA_PE,D,20150811,000000,10.317,10.317,10.317,10.317,0,0
TOA_PE,D,20150812,000000,10.317,10.317,10.317,10.317,0,0
TOA_PE,D,20150813,000000,10.393,10.393,10.317,10.393,0,0
TOA_PE,D,20150818,000000,10.317,10.47,10.317,10.47,0,0
TOA_PE,D,20150819,000000,10.239,11.163,10.239,11.163,0,0
TOA_PE,D,20150821,000000,11.24,11.24,11.24,11.24,0,0
TOA_PE,D,20150824,000000,11.085,11.548,11.085,11.548,0,0
TOA_PE,D,20150825,000000,11.548,12.242,11.009,12.01,0,0
TOA_PE,D,20150826,000000,12.01,12.702,12.01,12.702,0,0
TOA_PE,D,20150827,000000,12.702,12.702,11.779,12.471,0,0
TOA_PE,D,20150828,000000,12.471,12.471,12.471,12.471,0,0
TOA_PE,D,20150831,000000,12.471,12.471,12.01,12.242,0,0
TOA_PE,D,20150901,000000,12.242,12.242,12.242,12.242,0,0
TOA_PE,D,20150902,000000,12.242,12.242,11.933,11.933,0,0
TOA_PE,D,20150903,000000,11.779,11.779,11.779,11.779,0,0
TOA_PE,D,20150908,000000,11.779,12.163,11.779,12.087,0,0
TOA_PE,D,20150909,000000,12.087,12.087,11.548,12.087,0,0
TOA_PE,D,20150915,000000,12.01,12.01,12.01,12.01,0,0
TOA_PE,D,20150922,000000,12.163,12.318,12.163,12.318,0,0
TOA_PE,D,20150923,000000,12.318,12.318,12.318,12.318,0,0
TOA_PE,D,20150924,000000,12.318,12.318,11.855,12.318,0,0
TOA_PE,D,20150925,000000,12.318,12.318,12.318,12.318,0,0
TOA_PE,D,20150928,000000,12.318,12.318,12.318,12.318,0,0
TOA_PE,D,20150929,000000,12.318,12.318,12.242,12.242,0,0
TOA_PE,D,20150930,000000,12.242,12.318,12.242,12.318,0,0
TOA_PE,D,20151006,000000,12.318,12.318,12.318,12.318,0,0
TOA_PE,D,20151007,000000,12.318,12.318,12.318,12.318,0,0
TOA_PE,D,20151008,000000,12.318,12.702,12.318,12.702,0,0
TOA_PE,D,20151009,000000,13.627,13.627,12.934,13.01,0,0
TOA_PE,D,20151013,000000,13.319,13.472,13.319,13.396,0,0
TOA_PE,D,20151014,000000,14.166,14.166,13.242,14.166,0,0
TOA_PE,D,20151015,000000,13.396,14.243,13.396,14.243,0,0
TOA_PE,D,20151016,000000,14.319,14.319,13.472,14.243,0,0
TOA_PE,D,20151019,000000,14.243,14.243,13.627,13.703,0,0
TOA_PE,D,20151020,000000,13.78,13.78,12.626,12.78,0,0
TOA_PE,D,20151021,000000,12.549,12.549,12.471,12.471,0,0
TOA_PE,D,20151022,000000,12.626,12.626,12.626,12.626,0,0
TOA_PE,D,20151023,000000,12.394,12.394,11.933,12.087,0,0
TOA_PE,D,20151026,000000,12.318,12.318,12.318,12.318,0,0
TOA_PE,D,20151027,000000,12.318,12.394,12.318,12.394,0,0
TOA_PE,D,20151028,000000,12.318,12.318,12.318,12.318,0,0
TOA_PE,D,20151029,000000,12.318,12.318,12.318,12.318,0,0
TOA_PE,D,20151030,000000,12.318,12.318,12.01,12.087,0,0
TOA_PE,D,20151102,000000,12.163,12.163,12.01,12.01,0,0
TOA_PE,D,20151103,000000,12.01,12.01,12.01,12.01,0,0
TOA_PE,D,20151104,000000,12.01,12.01,12.01,12.01,0,0
TOA_PE,D,20151105,000000,11.779,12.394,11.779,12.394,0,0
TOA_PE,D,20151106,000000,12.242,12.242,12.163,12.163,0,0
TOA_PE,D,20151116,000000,12.163,12.163,12.163,12.163,0,0
TOA_PE,D,20151117,000000,12.242,12.318,12.242,12.318,0,0
TOA_PE,D,20151118,000000,12.087,12.549,11.702,12.549,0,0
TOA_PE,D,20151119,000000,12.087,12.087,12.087,12.087,0,0
TOA_PE,D,20151120,000000,12.242,12.242,12.163,12.163,0,0
TOA_PE,D,20151123,000000,12.163,12.242,12.163,12.242,0,0
TOA_PE,D,20151124,000000,12.242,12.242,12.242,12.242,0,0
TOA_PE,D,20151125,000000,12.242,12.242,12.242,12.242,0,0
TOA_PE,D,20151126,000000,12.242,12.242,12.242,12.242,0,0
TOA_PE,D,20151127,000000,12.242,12.242,12.163,12.163,0,0
TOA_PE,D,20151130,000000,12.163,12.163,12.087,12.163,0,0
TOA_PE,D,20151201,000000,12.163,12.163,11.702,11.779,0,0
TOA_PE,D,20151204,000000,11.394,11.471,11.394,11.471,0,0
TOA_PE,D,20151207,000000,11.471,11.471,11.471,11.471,0,0
TOA_PE,D,20151208,000000,11.471,11.471,11.471,11.471,0,0
TOA_PE,D,20151209,000000,11.471,11.471,11.471,11.471,0,0
TOA_PE,D,20151210,000000,11.471,11.471,11.471,11.471,0,0
TOA_PE,D,20151211,000000,11.471,11.471,11.471,11.471,0,0
TOA_PE,D,20151214,000000,11.471,11.625,11.471,11.548,0,0
TOA_PE,D,20151215,000000,11.548,11.779,11.548,11.779,0,0
TOA_PE,D,20151216,000000,11.779,11.779,11.779,11.779,0,0
TOA_PE,D,20151217,000000,11.779,11.779,11.779,11.779,0,0
TOA_PE,D,20151218,000000,11.779,11.779,11.779,11.779,0,0
TOA_PE,D,20151221,000000,11.779,11.779,11.779,11.779,0,0
TOA_PE,D,20151222,000000,11.855,11.855,11.779,11.779,0,0
TOA_PE,D,20151223,000000,11.779,11.779,11.779,11.779,0,0
TOA_PE,D,20151228,000000,11.779,11.779,11.702,11.779,0,0
TOA_PE,D,20151229,000000,11.855,11.855,11.779,11.779,0,0
TOA_PE,D,20151230,000000,11.779,11.779,11.779,11.779,0,0
TOA_PE,D,20160111,000000,11.779,11.779,11.548,11.548,0,0
TOA_PE,D,20160113,000000,11.702,11.702,11.317,11.702,0,0
TOA_PE,D,20160125,000000,11.394,11.394,11.394,11.394,0,0
TOA_PE,D,20160126,000000,11.394,11.394,11.394,11.394,0,0
TOA_PE,D,20160127,000000,11.394,11.394,11.394,11.394,0,0
TOA_PE,D,20160128,000000,11.394,11.394,11.394,11.394,0,0
TOA_PE,D,20160129,000000,11.394,11.394,11.394,11.394,0,0
TOA_PE,D,20160201,000000,11.394,11.394,11.394,11.394,0,0
TOA_PE,D,20160202,000000,11.394,11.394,11.394,11.394,0,0
TOA_PE,D,20160203,000000,11.394,11.394,11.394,11.394,0,0
TOA_PE,D,20160204,000000,11.394,11.394,11.394,11.394,0,0
TOA_PE,D,20160205,000000,11.394,11.394,11.394,11.394,0,0
TOA_PE,D,20160208,000000,11.394,11.394,11.394,11.394,0,0
TOA_PE,D,20160209,000000,11.394,11.394,11.394,11.394,0,0
TOA_PE,D,20160210,000000,11.394,11.394,11.085,11.085,0,0
TOA_PE,D,20160211,000000,11.009,11.085,11.009,11.085,0,0
TOA_PE,D,20160212,000000,11.085,11.085,11.085,11.085,0,0
TOA_PE,D,20160216,000000,11.085,11.085,11.085,11.085,0,0
TOA_PE,D,20160217,000000,11.085,11.085,11.085,11.085,0,0
TOA_PE,D,20160218,000000,10.855,11.085,10.701,11.085,0,0
TOA_PE,D,20160219,000000,11.085,11.085,11.085,11.085,0,0
TOA_PE,D,20160226,000000,11.009,11.009,11.009,11.009,0,0
TOA_PE,D,20160229,000000,10.855,11.085,10.855,11.085,0,0
TOA_PE,D,20160301,000000,11.085,11.085,11.085,11.085,0,0
TOA_PE,D,20160303,000000,11.394,11.394,11.394,11.394,0,0
TOA_PE,D,20160304,000000,11.394,11.394,11.394,11.394,0,0
TOA_PE,D,20160307,000000,11.394,11.394,11.394,11.394,0,0
TOA_PE,D,20160308,000000,11.394,11.394,11.394,11.394,0,0
TOA_PE,D,20160309,000000,11.394,11.394,11.163,11.163,0,0
TOA_PE,D,20160310,000000,11.009,11.085,11.009,11.085,0,0
TOA_PE,D,20160311,000000,11.085,11.085,11.009,11.009,0,0
TOA_PE,D,20160314,000000,10.625,10.625,10.625,10.625,0,0
TOA_PE,D,20160315,000000,10.393,10.47,10.393,10.47,0,0
TOA_PE,D,20160316,000000,10.47,10.47,10.47,10.47,0,0
TOA_PE,D,20160317,000000,10.47,10.701,10.47,10.625,0,0
TOA_PE,D,20160318,000000,10.778,10.855,10.239,10.239,0,0
TOA_PE,D,20160321,000000,10.239,10.239,10.239,10.239,0,0
TOA_PE,D,20160322,000000,10.239,10.239,10.239,10.239,0,0
TOA_PE,D,20160323,000000,10.239,10.239,10.239,10.239,0,0
TOA_PE,D,20160324,000000,10.239,10.239,10.239,10.239,0,0
TOA_PE,D,20160329,000000,10.239,10.239,10.239,10.239,0,0
TOA_PE,D,20160330,000000,10.239,10.239,10.239,10.239,0,0
TOA_PE,D,20160331,000000,10.239,10.239,9.778,10.239,0,0
TOA_PE,D,20160401,000000,10.239,10.239,10.239,10.239,0,0
TOA_PE,D,20160404,000000,10.239,10.239,10.239,10.239,0,0
TOA_PE,D,20160405,000000,10.239,10.239,10.239,10.239,0,0
TOA_PE,D,20160406,000000,10.239,10.239,10.239,10.239,0,0
TOA_PE,D,20160407,000000,10.239,10.239,10.239,10.239,0,0
TOA_PE,D,20160408,000000,10.239,10.239,10.239,10.239,0,0
TOA_PE,D,20160411,000000,10.239,10.239,10.239,10.239,0,0
TOA_PE,D,20160412,000000,10.239,10.239,10.162,10.162,0,0
TOA_PE,D,20160413,000000,10.085,10.085,10.085,10.085,0,0
TOA_PE,D,20160414,000000,10.162,10.162,10.085,10.085,0,0
TOA_PE,D,20160415,000000,10.085,10.239,10.085,10.239,0,0
TOA_PE,D,20160418,000000,10.239,10.239,10.239,10.239,0,0
TOA_PE,D,20160419,000000,10.239,10.239,10.239,10.239,0,0
TOA_PE,D,20160420,000000,10.239,10.239,10.239,10.239,0,0
TOA_PE,D,20160421,000000,10.239,10.239,10.239,10.239,0,0
TOA_PE,D,20160422,000000,10.239,10.239,10.239,10.239,0,0
TOA_PE,D,20160425,000000,10.239,10.239,10.239,10.239,0,0
TOA_PE,D,20160426,000000,10.239,10.239,10.239,10.239,0,0
TOA_PE,D,20160427,000000,10.239,10.317,10.239,10.317,0,0
TOA_PE,D,20160428,000000,10.317,10.47,10.317,10.393,0,0
TOA_PE,D,20160429,000000,10.393,10.393,10.393,10.393,0,0
TOA_PE,D,20160502,000000,10.393,10.393,10.393,10.393,0,0
TOA_PE,D,20160504,000000,10.393,10.393,10.393,10.393,0,0
TOA_PE,D,20160505,000000,10.393,10.393,10.393,10.393,0,0
TOA_PE,D,20160506,000000,10.47,10.625,9.931,9.931,0,0
TOA_PE,D,20160509,000000,9.931,9.931,9.854,9.931,0,0
TOA_PE,D,20160510,000000,9.931,10.008,9.931,10.008,0,0
TOA_PE,D,20160511,000000,10.008,10.008,10.008,10.008,0,0
TOA_PE,D,20160512,000000,9.931,9.931,9.931,9.931,0,0
TOA_PE,D,20160513,000000,10.008,10.008,10.008,10.008,0,0
TOA_PE,D,20160516,000000,10.008,10.008,10.008,10.008,0,0
TOA_PE,D,20160517,000000,10.008,10.008,10.008,10.008,0,0
TOA_PE,D,20160518,000000,10.008,10.008,10.008,10.008,0,0
TOA_PE,D,20160519,000000,10.008,10.008,10.008,10.008,0,0
TOA_PE,D,20160520,000000,10.008,10.008,10.008,10.008,0,0
TOA_PE,D,20160523,000000,10.008,10.008,9.931,9.931,0,0
TOA_PE,D,20160524,000000,9.931,9.931,9.931,9.931,0,0
TOA_PE,D,20160525,000000,9.931,9.931,9.931,9.931,0,0
TOA_PE,D,20160527,000000,9.931,9.931,9.931,9.931,0,0
TOA_PE,D,20160530,000000,9.931,9.931,9.931,9.931,0,0
TOA_PE,D,20160531,000000,9.931,9.931,9.931,9.931,0,0
TOA_PE,D,20160601,000000,9.854,9.854,9.854,9.854,0,0
TOA_PE,D,20160602,000000,9.854,9.854,9.778,9.854,0,0
TOA_PE,D,20160603,000000,9.854,9.854,9.778,9.778,0,0
TOA_PE,D,20160606,000000,9.778,9.778,9.7,9.7,0,0
TOA_PE,D,20160607,000000,9.778,9.778,9.7,9.7,0,0
TOA_PE,D,20160608,000000,9.7,9.7,9.624,9.624,0,0
TOA_PE,D,20160609,000000,9.624,9.624,9.624,9.624,0,0
TOA_PE,D,20160610,000000,9.624,9.624,9.624,9.624,0,0
TOA_PE,D,20160613,000000,9.624,9.624,9.624,9.624,0,0
TOA_PE,D,20160614,000000,9.624,9.624,9.624,9.624,0,0
TOA_PE,D,20160615,000000,9.624,9.624,9.624,9.624,0,0
TOA_PE,D,20160616,000000,9.624,9.624,9.624,9.624,0,0
TOA_PE,D,20160617,000000,9.624,9.624,9.624,9.624,0,0
TOA_PE,D,20160620,000000,9.624,9.624,9.624,9.624,0,0
TOA_PE,D,20160621,000000,9.546,9.546,9.546,9.546,0,0
TOA_PE,D,20160622,000000,9.546,9.546,9.546,9.546,0,0
TOA_PE,D,20160623,000000,9.624,9.624,9.624,9.624,0,0
TOA_PE,D,20160624,000000,9.3157,9.7,9.3157,9.7,0,0
TOA_PE,D,20160627,000000,9.7,9.7,9.624,9.624,0,0
TOA_PE,D,20160628,000000,9.624,9.624,9.624,9.624,0,0
TOA_PE,D,20160629,000000,9.624,10.393,9.624,10.393,0,0
TOA_PE,D,20160630,000000,10.393,10.778,10.393,10.778,0,0
TOA_PE,D,20160701,000000,10.625,10.778,10.625,10.778,0,0
TOA_PE,D,20160704,000000,10.778,10.778,10.47,10.47,0,0
TOA_PE,D,20160705,000000,10.47,10.701,10.47,10.625,0,0
TOA_PE,D,20160706,000000,10.625,10.625,10.393,10.625,0,0
TOA_PE,D,20160707,000000,10.47,10.625,10.47,10.625,0,0
TOA_PE,D,20160708,000000,11.323,11.323,10.741,10.741,0,0
TOA_PE,D,20160711,000000,10.99,11.157,10.99,11.157,0,0
TOA_PE,D,20160712,000000,11.157,11.157,10.824,10.824,0,0
TOA_PE,D,20160713,000000,10.824,10.907,10.824,10.824,0,0
TOA_PE,D,20160714,000000,10.824,10.824,10.824,10.824,0,0
TOA_PE,D,20160715,000000,10.824,10.824,10.741,10.741,0,0
TOA_PE,D,20160718,000000,10.741,10.741,10.657,10.741,0,0
TOA_PE,D,20160719,000000,10.741,10.824,10.49,10.824,0,0
TOA_PE,D,20160720,000000,10.824,10.824,10.657,10.657,0,0
TOA_PE,D,20160721,000000,10.741,10.741,10.657,10.657,0,0
TOA_PE,D,20160722,000000,10.657,10.657,10.657,10.657,0,0
TOA_PE,D,20160725,000000,10.741,10.741,10.657,10.657,0,0
TOA_PE,D,20160726,000000,10.657,10.657,10.323,10.657,0,0
TOA_PE,D,20160727,000000,10.657,10.657,10.406,10.657,0,0
TOA_PE,D,20160728,000000,10.657,10.657,10.657,10.657,0,0
TOA_PE,D,20160729,000000,10.657,10.657,10.49,10.574,0,0
TOA_PE,D,20160801,000000,10.574,10.574,10.574,10.574,0,0
TOA_PE,D,20160802,000000,10.574,10.574,10.574,10.574,0,0
TOA_PE,D,20160803,000000,10.657,10.657,10.657,10.657,0,0
TOA_PE,D,20160804,000000,10.657,10.657,10.657,10.657,0,0
TOA_PE,D,20160805,000000,10.657,10.657,10.657,10.657,0,0
TOA_PE,D,20160808,000000,10.574,10.574,10.49,10.49,0,0
TOA_PE,D,20160809,000000,10.49,10.49,10.49,10.49,0,0
TOA_PE,D,20160810,000000,10.49,10.49,10.49,10.49,0,0
TOA_PE,D,20160811,000000,10.406,10.49,10.406,10.49,0,0
TOA_PE,D,20160812,000000,10.49,10.49,10.49,10.49,0,0
TOA_PE,D,20160816,000000,10.49,10.49,10.49,10.49,0,0
TOA_PE,D,20160817,000000,10.49,10.49,10.406,10.49,0,0
TOA_PE,D,20160818,000000,10.574,10.99,10.574,10.824,0,0
TOA_PE,D,20160819,000000,10.824,10.824,9.824,9.824,0,0
TOA_PE,D,20160822,000000,9.824,9.824,9.658,9.824,0,0
TOA_PE,D,20160823,000000,9.658,9.824,9.574,9.824,0,0
TOA_PE,D,20160824,000000,9.824,9.824,9.824,9.824,0,0
TOA_PE,D,20160825,000000,9.824,9.824,9.824,9.824,0,0
TOA_PE,D,20160826,000000,9.824,9.824,9.824,9.824,0,0
TOA_PE,D,20160829,000000,9.824,9.824,9.574,9.824,0,0
TOA_PE,D,20160830,000000,9.824,9.824,9.824,9.824,0,0
TOA_PE,D,20160831,000000,9.824,9.824,9.824,9.824,0,0
TOA_PE,D,20160901,000000,9.824,9.824,9.824,9.824,0,0
TOA_PE,D,20160902,000000,9.824,9.824,9.658,9.741,0,0
TOA_PE,D,20160905,000000,9.4913,9.574,9.4913,9.4913,0,0
TOA_PE,D,20160906,000000,9.4913,9.741,9.4083,9.741,0,0
TOA_PE,D,20160907,000000,9.741,9.741,9.741,9.741,0,0
TOA_PE,D,20160908,000000,9.741,9.741,9.741,9.741,0,0
TOA_PE,D,20160909,000000,9.741,9.741,9.4913,9.4913,0,0
TOA_PE,D,20160912,000000,9.658,9.658,9.658,9.658,0,0
TOA_PE,D,20160913,000000,9.658,9.824,9.658,9.824,0,0
TOA_PE,D,20160914,000000,9.824,10.073,9.824,9.824,0,0
TOA_PE,D,20160915,000000,9.741,9.99,9.741,9.99,0,0
TOA_PE,D,20160916,000000,9.99,9.99,9.741,9.99,0,0
TOA_PE,D,20160919,000000,9.824,10.323,9.741,10.323,0,0
TOA_PE,D,20160920,000000,10.24,11.157,10.073,11.157,0,0
TOA_PE,D,20160921,000000,10.657,11.656,10.657,11.49,0,0
TOA_PE,D,20160922,000000,11.49,11.989,11.323,11.739,0,0
TOA_PE,D,20160923,000000,11.822,12.073,11.406,12.073,0,0
TOA_PE,D,20160926,000000,12.073,12.988,11.822,12.655,0,0
TOA_PE,D,20160927,000000,12.905,13.488,11.906,13.154,0,0
TOA_PE,D,20160928,000000,13.488,13.571,13.071,13.321,0,0
TOA_PE,D,20160929,000000,13.321,13.321,13.071,13.238,0,0
TOA_PE,D,20160930,000000,12.905,13.321,12.905,13.321,0,0
TOA_PE,D,20161003,000000,13.321,13.571,13.321,13.488,0,0
TOA_PE,D,20161004,000000,13.571,13.571,13.154,13.154,0,0
TOA_PE,D,20161005,000000,13.154,13.154,13.154,13.154,0,0
TOA_PE,D,20161006,000000,13.154,13.154,13.154,13.154,0,0
TOA_PE,D,20161007,000000,13.238,13.238,13.238,13.238,0,0
TOA_PE,D,20161011,000000,13.321,13.321,13.321,13.321,0,0
TOA_PE,D,20161012,000000,13.404,13.488,13.154,13.154,0,0
TOA_PE,D,20161013,000000,13.238,13.238,12.905,12.905,0,0
TOA_PE,D,20161014,000000,13.154,13.154,13.154,13.154,0,0
TOA_PE,D,20161017,000000,13.154,13.154,12.406,12.572,0,0
TOA_PE,D,20161018,000000,12.822,12.988,12.822,12.988,0,0
TOA_PE,D,20161019,000000,13.071,13.154,13.071,13.154,0,0
TOA_PE,D,20161020,000000,13.154,13.238,13.154,13.238,0,0
TOA_PE,D,20161021,000000,13.238,13.238,13.238,13.238,0,0
TOA_PE,D,20161024,000000,13.238,13.488,13.238,13.488,0,0
TOA_PE,D,20161025,000000,13.488,13.571,13.488,13.571,0,0
TOA_PE,D,20161026,000000,13.571,13.571,13.571,13.571,0,0
TOA_PE,D,20161027,000000,13.571,13.571,13.571,13.571,0,0
TOA_PE,D,20161028,000000,13.571,13.571,13.571,13.571,0,0
TOA_PE,D,20161031,000000,13.488,13.571,13.321,13.571,0,0
TOA_PE,D,20161102,000000,13.571,13.571,13.571,13.571,0,0
TOA_PE,D,20161103,000000,13.488,13.488,13.321,13.321,0,0
TOA_PE,D,20161104,000000,13.238,13.238,12.322,12.322,0,0
TOA_PE,D,20161107,000000,12.073,12.073,11.573,11.906,0,0
TOA_PE,D,20161108,000000,11.739,11.739,11.24,11.49,0,0
TOA_PE,D,20161109,000000,10.741,11.49,10.741,11.49,0,0
TOA_PE,D,20161110,000000,11.49,11.822,11.406,11.822,0,0
TOA_PE,D,20161114,000000,11.323,12.073,11.074,12.073,0,0
TOA_PE,D,20161115,000000,11.656,12.073,11.406,12.073,0,0
TOA_PE,D,20161116,000000,11.573,12.073,11.573,11.989,0,0
TOA_PE,D,20161117,000000,11.656,11.989,11.656,11.989,0,0
TOA_PE,D,20161118,000000,11.989,11.989,11.989,11.989,0,0
TOA_PE,D,20161121,000000,11.739,12.156,11.573,12.156,0,0
TOA_PE,D,20161122,000000,12.156,12.655,12.156,12.655,0,0
TOA_PE,D,20161123,000000,12.905,12.905,12.655,12.905,0,0
TOA_PE,D,20161125,000000,12.572,12.905,12.572,12.905,0,0
TOA_PE,D,20161128,000000,12.905,12.905,12.905,12.905,0,0
TOA_PE,D,20161129,000000,12.905,12.905,12.655,12.905,0,0
TOA_PE,D,20161130,000000,12.988,12.988,12.239,12.905,0,0
TOA_PE,D,20161201,000000,12.822,12.822,12.738,12.822,0,0
TOA_PE,D,20161202,000000,12.822,12.822,12.822,12.822,0,0
TOA_PE,D,20161205,000000,12.822,12.822,12.572,12.738,0,0
TOA_PE,D,20161206,000000,12.738,12.905,12.738,12.822,0,0
TOA_PE,D,20161207,000000,12.822,12.822,12.572,12.572,0,0
TOA_PE,D,20161208,000000,12.572,12.572,12.572,12.572,0,0
TOA_PE,D,20161209,000000,12.655,12.655,12.655,12.655,0,0
TOA_PE,D,20161212,000000,12.655,12.655,12.655,12.655,0,0
TOA_PE,D,20161213,000000,12.655,12.655,12.655,12.655,0,0
TOA_PE,D,20161214,000000,12.489,12.655,12.489,12.655,0,0
TOA_PE,D,20161215,000000,12.655,12.655,12.655,12.655,0,0
TOA_PE,D,20161216,000000,12.655,12.655,12.655,12.655,0,0
TOA_PE,D,20161219,000000,12.572,12.572,12.572,12.572,0,0
TOA_PE,D,20161220,000000,12.572,12.572,12.572,12.572,0,0
TOA_PE,D,20161221,000000,12.572,12.572,12.156,12.156,0,0
TOA_PE,D,20161222,000000,12.322,12.322,12.322,12.322,0,0
TOA_PE,D,20161223,000000,12.322,12.322,12.156,12.156,0,0
TOA_PE,D,20161227,000000,11.989,12.655,11.989,12.655,0,0
TOA_PE,D,20161228,000000,12.073,12.572,11.739,12.572,0,0
TOA_PE,D,20161229,000000,12.572,12.572,11.989,12.572,0,0
TOA_PE,D,20161230,000000,12.572,12.572,12.073,12.572,0,0
TOA_PE,D,20170102,000000,11.989,12.322,11.989,12.322,0,0
TOA_PE,D,20170104,000000,12.239,12.239,12.239,12.239,0,0
TOA_PE,D,20170105,000000,12.322,12.322,12.322,12.322,0,0
TOA_PE,D,20170109,000000,12.406,12.406,12.406,12.406,0,0
TOA_PE,D,20170110,000000,12.406,12.406,12.406,12.406,0,0
TOA_PE,D,20170111,000000,12.406,12.406,12.073,12.073,0,0
TOA_PE,D,20170116,000000,12.073,12.073,12.073,12.073,0,0
TOA_PE,D,20170117,000000,12.073,12.073,12.073,12.073,0,0
TOA_PE,D,20170120,000000,12.156,12.156,12.156,12.156,0,0
TOA_PE,D,20170123,000000,12.156,12.156,12.073,12.073,0,0
TOA_PE,D,20170124,000000,12.073,12.073,12.073,12.073,0,0
TOA_PE,D,20170125,000000,12.073,12.073,12.073,12.073,0,0
TOA_PE,D,20170126,000000,12.073,12.073,12.073,12.073,0,0
TOA_PE,D,20170127,000000,12.073,12.073,12.073,12.073,0,0
TOA_PE,D,20170130,000000,12.073,12.073,12.073,12.073,0,0
TOA_PE,D,20170131,000000,12.073,12.406,12.073,12.406,0,0
TOA_PE,D,20170201,000000,12.406,12.406,12.406,12.406,0,0
TOA_PE,D,20170202,000000,12.406,12.406,12.406,12.406,0,0
TOA_PE,D,20170203,000000,12.406,12.406,12.406,12.406,0,0
TOA_PE,D,20170206,000000,12.406,12.406,12.406,12.406,0,0
TOA_PE,D,20170207,000000,12.406,12.406,12.406,12.406,0,0
TOA_PE,D,20170208,000000,12.406,12.406,12.406,12.406,0,0
TOA_PE,D,20170209,000000,12.406,12.406,12.406,12.406,0,0
TOA_PE,D,20170210,000000,12.406,12.406,12.406,12.406,0,0
TOA_PE,D,20170213,000000,12.406,12.572,12.406,12.489,0,0
TOA_PE,D,20170214,000000,12.489,12.489,12.489,12.489,0,0
TOA_PE,D,20170215,000000,12.489,12.489,12.156,12.156,0,0
TOA_PE,D,20170216,000000,12.322,12.572,11.989,12.489,0,0
TOA_PE,D,20170217,000000,12.489,12.572,11.989,12.572,0,0
TOA_PE,D,20170220,000000,12.655,12.655,12.655,12.655,0,0
TOA_PE,D,20170221,000000,12.655,12.655,12.073,12.655,0,0
TOA_PE,D,20170222,000000,12.655,12.655,12.239,12.655,0,0
TOA_PE,D,20170223,000000,12.655,12.655,12.156,12.572,0,0
TOA_PE,D,20170224,000000,12.655,12.655,12.322,12.322,0,0
TOA_PE,D,20170227,000000,12.322,12.322,12.322,12.322,0,0
TOA_PE,D,20170228,000000,12.489,12.572,12.489,12.572,0,0
TOA_PE,D,20170301,000000,12.489,12.489,12.406,12.406,0,0
TOA_PE,D,20170302,000000,12.406,12.489,12.406,12.489,0,0
TOA_PE,D,20170303,000000,12.655,12.655,12.156,12.156,0,0
TOA_PE,D,20170306,000000,12.156,12.406,12.156,12.406,0,0
TOA_PE,D,20170307,000000,12.406,12.406,12.406,12.406,0,0
TOA_PE,D,20170308,000000,12.406,12.406,12.156,12.156,0,0
TOA_PE,D,20170309,000000,12.073,12.322,11.906,12.322,0,0
TOA_PE,D,20170310,000000,12.322,12.322,11.656,11.989,0,0
TOA_PE,D,20170313,000000,11.822,11.822,11.49,11.49,0,0
TOA_PE,D,20170314,000000,11.49,11.822,11.24,11.822,0,0
TOA_PE,D,20170315,000000,11.656,11.822,11.656,11.822,0,0
TOA_PE,D,20170316,000000,11.739,11.739,11.656,11.739,0,0
TOA_PE,D,20170317,000000,11.739,11.739,11.323,11.323,0,0
TOA_PE,D,20170320,000000,11.24,11.323,11.24,11.323,0,0
TOA_PE,D,20170321,000000,11.323,11.406,11.074,11.323,0,0
TOA_PE,D,20170322,000000,11.323,11.323,11.323,11.323,0,0
TOA_PE,D,20170323,000000,11.323,11.323,11.323,11.323,0,0
TOA_PE,D,20170324,000000,11.323,11.323,11.323,11.323,0,0
TOA_PE,D,20170327,000000,11.323,11.323,11.323,11.323,0,0
TOA_PE,D,20170328,000000,11.323,11.49,11.24,11.49,0,0
TOA_PE,D,20170329,000000,11.49,11.49,11.49,11.49,0,0
TOA_PE,D,20170330,000000,11.49,11.49,11.49,11.49,0,0
TOA_PE,D,20170331,000000,11.49,11.49,11.157,11.49,0,0
TOA_PE,D,20170403,000000,11.157,11.406,11.157,11.406,0,0
TOA_PE,D,20170404,000000,11.406,11.406,11.406,11.406,0,0
TOA_PE,D,20170405,000000,11.406,11.406,11.406,11.406,0,0
TOA_PE,D,20170406,000000,11.406,11.406,11.406,11.406,0,0
TOA_PE,D,20170407,000000,11.406,11.406,11.406,11.406,0,0
TOA_PE,D,20170410,000000,11.406,11.406,11.157,11.406,0,0
TOA_PE,D,20170411,000000,11.406,11.406,11.406,11.406,0,0
TOA_PE,D,20170412,000000,11.24,11.323,11.24,11.323,0,0
TOA_PE,D,20170413,000000,11.323,11.323,11.323,11.323,0,0
TOA_PE,D,20170418,000000,11.406,12.489,11.406,12.406,0,0
TOA_PE,D,20170419,000000,11.906,12.406,11.49,12.406,0,0
TOA_PE,D,20170420,000000,11.989,12.073,11.656,11.989,0,0
TOA_PE,D,20170421,000000,12.156,12.156,12.073,12.073,0,0
TOA_PE,D,20170424,000000,12.073,12.073,11.906,11.906,0,0
TOA_PE,D,20170425,000000,12.073,12.489,12.073,12.489,0,0
TOA_PE,D,20170426,000000,12.572,12.905,12.322,12.905,0,0
TOA_PE,D,20170427,000000,12.822,13.404,12.822,13.404,0,0
TOA_PE,D,20170428,000000,13.154,13.404,13.154,13.404,0,0
TOA_PE,D,20170502,000000,13.654,13.654,13.654,13.654,0,0
TOA_PE,D,20170504,000000,13.654,13.654,13.654,13.654,0,0
TOA_PE,D,20170505,000000,13.654,13.904,13.321,13.904,0,0
TOA_PE,D,20170508,000000,13.904,13.904,13.904,13.904,0,0
TOA_PE,D,20170509,000000,13.987,14.32,13.571,13.987,0,0
TOA_PE,D,20170510,000000,13.987,14.32,13.987,14.07,0,0
TOA_PE,D,20170511,000000,14.486,14.486,12.822,12.822,0,0
TOA_PE,D,20170512,000000,12.905,12.905,12.406,12.406,0,0
TOA_PE,D,20170515,000000,12.406,12.572,12.406,12.406,0,0
TOA_PE,D,20170516,000000,12.322,12.406,12.322,12.406,0,0
TOA_PE,D,20170517,000000,12.489,12.489,12.406,12.406,0,0
TOA_PE,D,20170518,000000,12.489,12.489,12.489,12.489,0,0
TOA_PE,D,20170519,000000,12.489,12.489,12.489,12.489,0,0
TOA_PE,D,20170522,000000,12.489,12.489,12.489,12.489,0,0
TOA_PE,D,20170523,000000,12.489,12.489,12.156,12.489,0,0
TOA_PE,D,20170524,000000,12.406,12.406,12.406,12.406,0,0
TOA_PE,D,20170525,000000,12.406,12.406,12.406,12.406,0,0
TOA_PE,D,20170526,000000,12.406,12.406,11.739,11.739,0,0
TOA_PE,D,20170529,000000,11.573,12.572,11.573,12.572,0,0
TOA_PE,D,20170530,000000,12.322,13.321,12.322,12.988,0,0
TOA_PE,D,20170531,000000,13.071,13.238,12.988,13.238,0,0
TOA_PE,D,20170601,000000,13.238,13.238,13.238,13.238,0,0
TOA_PE,D,20170602,000000,13.238,13.238,13.238,13.238,0,0
TOA_PE,D,20170605,000000,13.238,13.238,12.822,12.822,0,0
TOA_PE,D,20170606,000000,12.738,13.404,12.738,13.404,0,0
TOA_PE,D,20170607,000000,13.404,13.404,13.404,13.404,0,0
TOA_PE,D,20170608,000000,13.404,13.404,12.905,13.404,0,0
TOA_PE,D,20170609,000000,13.404,13.404,13.238,13.404,0,0
TOA_PE,D,20170612,000000,13.571,13.571,13.321,13.321,0,0
TOA_PE,D,20170614,000000,13.321,13.321,13.321,13.321,0,0
TOA_PE,D,20170616,000000,13.321,14.986,13.321,14.986,0,0
TOA_PE,D,20170619,000000,14.486,14.486,14.403,14.403,0,0
TOA_PE,D,20170621,000000,14.403,14.403,14.403,14.403,0,0
TOA_PE,D,20170622,000000,14.403,14.403,14.403,14.403,0,0
TOA_PE,D,20170623,000000,14.403,14.403,14.403,14.403,0,0
TOA_PE,D,20170629,000000,14.403,14.403,14.403,14.403,0,0
TOA_PE,D,20170630,000000,14.653,14.819,14.486,14.486,0,0
TOA_PE,D,20170703,000000,14.486,14.486,14.486,14.486,0,0
TOA_PE,D,20170704,000000,14.486,14.486,14.486,14.486,0,0
TOA_PE,D,20170706,000000,14.486,14.486,14.486,14.486,0,0
TOA_PE,D,20170707,000000,14.486,14.57,13.654,14.57,0,0
TOA_PE,D,20170710,000000,14.986,15.07,14.986,15.07,0,0
TOA_PE,D,20170711,000000,15.07,15.07,15.07,15.07,0,0
TOA_PE,D,20170712,000000,15.07,15.07,14.32,14.986,0,0
TOA_PE,D,20170713,000000,14.986,14.986,14.986,14.986,0,0
TOA_PE,D,20170714,000000,15.07,15.07,15.07,15.07,0,0
TOA_PE,D,20170717,000000,14.986,14.986,14.986,14.986,0,0
TOA_PE,D,20170718,000000,14.986,14.986,14.819,14.819,0,0
TOA_PE,D,20170719,000000,14.986,14.986,14.986,14.986,0,0
TOA_PE,D,20170720,000000,14.819,15.07,14.819,15.07,0,0
TOA_PE,D,20170721,000000,14.819,14.819,14.154,14.819,0,0
TOA_PE,D,20170724,000000,14.32,15.402,14.32,15.402,0,0
TOA_PE,D,20170725,000000,15.319,15.319,15.319,15.319,0,0
TOA_PE,D,20170726,000000,15.319,15.319,15.319,15.319,0,0
TOA_PE,D,20170727,000000,15.319,15.319,15.319,15.319,0,0
TOA_PE,D,20170728,000000,14.986,15.402,14.986,15.402,0,0
TOA_PE,D,20170731,000000,15.07,15.402,15.07,15.402,0,0
TOA_PE,D,20170801,000000,15.735,15.735,15.735,15.735,0,0
TOA_PE,D,20170802,000000,15.735,15.735,15.236,15.735,0,0
TOA_PE,D,20170803,000000,15.735,15.735,14.986,14.986,0,0
TOA_PE,D,20170804,000000,15.652,15.652,15.652,15.652,0,0
TOA_PE,D,20170807,000000,15.652,15.652,15.07,15.569,0,0
TOA_PE,D,20170808,000000,15.652,15.652,15.569,15.569,0,0
TOA_PE,D,20170809,000000,15.652,15.652,15.652,15.652,0,0
TOA_PE,D,20170810,000000,15.569,15.652,15.569,15.652,0,0
TOA_PE,D,20170811,000000,15.569,15.652,15.569,15.652,0,0
TOA_PE,D,20170814,000000,15.652,15.652,15.569,15.569,0,0
TOA_PE,D,20170816,000000,15.569,15.569,15.569,15.569,0,0
TOA_PE,D,20170817,000000,15.569,15.569,15.569,15.569,0,0
TOA_PE,D,20170818,000000,15.153,15.569,15.153,15.569,0,0
TOA_PE,D,20170821,000000,15.569,15.569,15.569,15.569,0,0
TOA_PE,D,20170822,000000,15.486,15.569,15.486,15.569,0,0
TOA_PE,D,20170823,000000,15.486,15.486,14.986,14.986,0,0
TOA_PE,D,20170824,000000,14.986,14.986,14.986,14.986,0,0
TOA_PE,D,20170825,000000,14.819,14.819,14.57,14.57,0,0
TOA_PE,D,20170828,000000,14.57,14.986,14.486,14.903,0,0
TOA_PE,D,20170829,000000,14.903,14.986,14.903,14.986,0,0
TOA_PE,D,20170830,000000,14.986,14.986,14.986,14.986,0,0
TOA_PE,D,20170831,000000,14.986,15.07,14.986,15.07,0,0
TOA_PE,D,20170901,000000,15.07,15.07,15.07,15.07,0,0
TOA_PE,D,20170904,000000,15.07,15.07,15.07,15.07,0,0
TOA_PE,D,20170905,000000,15.07,15.07,14.486,15.07,0,0
TOA_PE,D,20170906,000000,15.07,15.07,14.32,14.32,0,0
TOA_PE,D,20170907,000000,14.32,15.07,14.32,15.07,0,0
TOA_PE,D,20170908,000000,15.07,15.07,14.486,15.07,0,0
TOA_PE,D,20170911,000000,15.07,15.07,15.07,15.07,0,0
TOA_PE,D,20170912,000000,15.07,15.07,15.07,15.07,0,0
TOA_PE,D,20170913,000000,15.07,15.07,15.07,15.07,0,0
TOA_PE,D,20170914,000000,15.07,15.07,15.07,15.07,0,0
TOA_PE,D,20170915,000000,15.07,15.07,15.07,15.07,0,0
TOA_PE,D,20170919,000000,15.07,15.07,15.07,15.07,0,0
TOA_PE,D,20170920,000000,15.07,15.07,15.07,15.07,0,0
TOA_PE,D,20170921,000000,15.07,15.07,15.07,15.07,0,0
TOA_PE,D,20170922,000000,15.07,15.07,15.07,15.07,0,0
TOA_PE,D,20170925,000000,15.07,15.07,15.07,15.07,0,0
TOA_PE,D,20170926,000000,15.07,15.07,15.07,15.07,0,0
TOA_PE,D,20170927,000000,15.07,15.07,14.736,14.736,0,0
TOA_PE,D,20170928,000000,14.736,14.736,14.736,14.736,0,0
TOA_PE,D,20170929,000000,14.986,14.986,14.986,14.986,0,0
TOA_PE,D,20171002,000000,14.819,14.819,14.819,14.819,0,0
TOA_PE,D,20171003,000000,14.819,14.819,14.819,14.819,0,0
TOA_PE,D,20171004,000000,14.819,14.903,14.819,14.903,0,0
TOA_PE,D,20171005,000000,14.903,14.903,14.903,14.903,0,0
TOA_PE,D,20171006,000000,14.903,14.903,14.819,14.819,0,0
TOA_PE,D,20171009,000000,14.736,14.736,14.736,14.736,0,0
TOA_PE,D,20171010,000000,14.653,14.653,14.653,14.653,0,0
TOA_PE,D,20171011,000000,14.653,14.653,14.653,14.653,0,0
TOA_PE,D,20171012,000000,14.653,14.653,14.57,14.653,0,0
TOA_PE,D,20171013,000000,14.653,14.653,14.653,14.653,0,0
TOA_PE,D,20171016,000000,14.736,14.736,14.653,14.653,0,0
TOA_PE,D,20171017,000000,14.653,14.653,14.653,14.653,0,0
TOA_PE,D,20171018,000000,14.653,14.653,14.653,14.653,0,0
TOA_PE,D,20171019,000000,14.653,14.653,14.403,14.403,0,0
TOA_PE,D,20171020,000000,14.403,14.486,13.987,14.486,0,0
TOA_PE,D,20171023,000000,14.486,14.486,14.486,14.486,0,0
TOA_PE,D,20171024,000000,13.987,14.653,13.987,14.653,0,0
TOA_PE,D,20171026,000000,14.736,14.819,14.736,14.819,0,0
TOA_PE,D,20171027,000000,14.903,14.903,14.819,14.903,0,0
TOA_PE,D,20171030,000000,14.819,15.236,14.819,15.153,0,0
TOA_PE,D,20171102,000000,15.153,15.319,15.153,15.319,0,0
TOA_PE,D,20171103,000000,15.402,15.402,15.153,15.153,0,0
TOA_PE,D,20171106,000000,15.319,15.402,15.319,15.402,0,0
TOA_PE,D,20171107,000000,15.402,15.402,15.402,15.402,0,0
TOA_PE,D,20171108,000000,15.319,15.402,14.819,14.819,0,0
TOA_PE,D,20171109,000000,15.319,15.319,14.819,14.819,0,0
TOA_PE,D,20171113,000000,14.653,14.736,14.653,14.736,0,0
TOA_PE,D,20171114,000000,14.736,14.736,14.07,14.736,0,0
TOA_PE,D,20171115,000000,14.653,14.653,14.653,14.653,0,0
TOA_PE,D,20171116,000000,14.653,14.653,14.653,14.653,0,0
TOA_PE,D,20171117,000000,14.653,14.653,14.32,14.32,0,0
TOA_PE,D,20171120,000000,13.987,14.653,13.987,14.653,0,0
TOA_PE,D,20171121,000000,13.987,14.736,13.987,14.736,0,0
TOA_PE,D,20171122,000000,14.736,14.736,13.821,13.821,0,0
TOA_PE,D,20171123,000000,13.987,14.486,13.987,14.486,0,0
TOA_PE,D,20171124,000000,14.154,14.736,14.154,14.736,0,0
TOA_PE,D,20171127,000000,14.736,14.903,14.736,14.819,0,0
TOA_PE,D,20171128,000000,14.653,16.068,14.653,16.068,0,0
TOA_PE,D,20171129,000000,15.402,16.734,15.402,16.734,0,0
TOA_PE,D,20171130,000000,16.151,17.317,16.151,17.317,0,0
TOA_PE,D,20171201,000000,16.318,17.818,16.318,17.818,0,0
TOA_PE,D,20171204,000000,17.483,17.818,17.317,17.818,0,0
TOA_PE,D,20171205,000000,16.485,18.15,16.485,17.15,0,0
TOA_PE,D,20171206,000000,17.734,17.734,17.65,17.65,0,0
TOA_PE,D,20171207,000000,17.65,17.818,17.65,17.818,0,0
TOA_PE,D,20171208,000000,17.818,19.15,17.818,19.15,0,0
TOA_PE,D,20171211,000000,18.899,19.15,18.899,18.899,0,0
TOA_PE,D,20171212,000000,18.816,18.816,18.733,18.733,0,0
TOA_PE,D,20171213,000000,18.733,18.733,18.733,18.733,0,0
TOA_PE,D,20171214,000000,18.733,18.733,18.733,18.733,0,0
TOA_PE,D,20171215,000000,18.733,18.733,17.901,18.733,0,0
TOA_PE,D,20171218,000000,18.733,18.733,18.733,18.733,0,0
TOA_PE,D,20171219,000000,18.733,18.733,17.734,18.317,0,0
TOA_PE,D,20171220,000000,18.733,18.733,18.733,18.733,0,0
TOA_PE,D,20171221,000000,18.65,18.65,17.567,17.567,0,0
TOA_PE,D,20171222,000000,17.984,17.984,17.567,17.984,0,0
TOA_PE,D,20171227,000000,17.984,17.984,17.984,17.984,0,0
TOA_PE,D,20171228,000000,17.984,17.984,17.901,17.901,0,0
TOA_PE,D,20171229,000000,17.567,17.901,17.567,17.818,0,0
TOA_PE,D,20180103,000000,17.734,17.734,17.734,17.734,0,0
TOA_PE,D,20180104,000000,17.233,17.233,17.15,17.233,0,0
TOA_PE,D,20180105,000000,17.317,17.317,17.233,17.317,0,0
TOA_PE,D,20180108,000000,17.317,17.317,17.317,17.317,0,0
TOA_PE,D,20180109,000000,17.317,17.317,17.317,17.317,0,0
TOA_PE,D,20180110,000000,17.317,17.317,17.317,17.317,0,0
TOA_PE,D,20180111,000000,17.317,17.317,17.317,17.317,0,0
TOA_PE,D,20180112,000000,17.317,17.317,17.317,17.317,0,0
TOA_PE,D,20180115,000000,17.15,17.15,17.15,17.15,0,0
TOA_PE,D,20180116,000000,17.15,17.15,17.15,17.15,0,0
TOA_PE,D,20180117,000000,17.317,17.317,17.317,17.317,0,0
TOA_PE,D,20180118,000000,17.317,17.317,17.317,17.317,0,0
TOA_PE,D,20180119,000000,17.317,17.317,17.317,17.317,0,0
TOA_PE,D,20180122,000000,17.317,17.317,17.317,17.317,0,0
TOA_PE,D,20180123,000000,17.317,17.317,16.568,16.568,0,0
TOA_PE,D,20180124,000000,16.485,16.485,16.485,16.485,0,0
TOA_PE,D,20180126,000000,16.485,16.901,16.485,16.901,0,0
TOA_PE,D,20180129,000000,16.901,16.901,16.901,16.901,0,0
TOA_PE,D,20180130,000000,16.318,16.901,16.318,16.901,0,0
TOA_PE,D,20180131,000000,16.901,17.65,16.901,17.65,0,0
TOA_PE,D,20180201,000000,17.65,17.65,17.65,17.65,0,0
TOA_PE,D,20180202,000000,17.65,17.65,17.65,17.65,0,0
TOA_PE,D,20180205,000000,17.65,17.65,17.65,17.65,0,0
TOA_PE,D,20180206,000000,16.568,17.65,15.153,17.317,0,0
TOA_PE,D,20180209,000000,17.317,18.733,17.317,18.733,0,0
TOA_PE,D,20180212,000000,18.733,18.733,18.733,18.733,0,0
TOA_PE,D,20180213,000000,18.733,18.733,18.733,18.733,0,0
TOA_PE,D,20180214,000000,18.733,18.733,18.733,18.733,0,0
TOA_PE,D,20180215,000000,18.733,18.733,17.317,18.733,0,0
TOA_PE,D,20180216,000000,18.733,18.733,18.733,18.733,0,0
TOA_PE,D,20180219,000000,18.733,18.733,18.733,18.733,0,0
TOA_PE,D,20180220,000000,18.733,18.733,18.733,18.733,0,0
TOA_PE,D,20180221,000000,18.733,18.733,18.733,18.733,0,0
TOA_PE,D,20180222,000000,18.733,19.066,18.733,19.066,0,0
TOA_PE,D,20180226,000000,18.067,19.316,17.901,19.316,0,0
TOA_PE,D,20180227,000000,18.317,19.482,18.317,19.399,0,0
TOA_PE,D,20180228,000000,18.4,19.399,18.4,19.316,0,0
TOA_PE,D,20180301,000000,19.15,19.399,18.483,19.399,0,0
TOA_PE,D,20180302,000000,19.482,19.482,19.399,19.399,0,0
TOA_PE,D,20180305,000000,19.399,19.399,19.399,19.399,0,0
TOA_PE,D,20180306,000000,19.399,19.399,19.399,19.399,0,0
TOA_PE,D,20180307,000000,19.399,20.981,18.982,19.066,0,0
TOA_PE,D,20180308,000000,18.65,19.649,18.65,19.566,0,0
TOA_PE,D,20180309,000000,18.733,20.398,18.733,20.398,0,0
TOA_PE,D,20180312,000000,19.566,20.398,19.566,20.398,0,0
TOA_PE,D,20180313,000000,20.398,20.398,20.398,20.398,0,0
TOA_PE,D,20180314,000000,20.398,20.398,20.398,20.398,0,0
TOA_PE,D,20180315,000000,20.398,20.398,20.398,20.398,0,0
TOA_PE,D,20180316,000000,20.398,20.565,20.231,20.231,0,0
TOA_PE,D,20180319,000000,20.231,20.231,20.231,20.231,0,0
TOA_PE,D,20180320,000000,19.399,19.399,19.399,19.399,0,0
TOA_PE,D,20180321,000000,19.732,19.732,19.732,19.732,0,0
TOA_PE,D,20180322,000000,19.732,19.732,19.732,19.732,0,0
TOA_PE,D,20180323,000000,19.732,19.732,19.732,19.732,0,0
TOA_PE,D,20180326,000000,19.732,19.732,19.732,19.732,0,0
TOA_PE,D,20180327,000000,19.732,19.732,19.732,19.732,0,0
TOA_PE,D,20180328,000000,19.066,20.231,19.066,20.231,0,0
TOA_PE,D,20180329,000000,20.231,20.231,19.732,20.231,0,0
TOA_PE,D,20180404,000000,20.231,20.231,20.231,20.231,0,0
TOA_PE,D,20180405,000000,20.231,20.231,20.231,20.231,0,0
TOA_PE,D,20180406,000000,19.898,20.231,19.898,20.231,0,0
TOA_PE,D,20180409,000000,20.565,20.565,20.231,20.231,0,0
TOA_PE,D,20180410,000000,19.399,19.399,19.399,19.399,0,0
TOA_PE,D,20180412,000000,19.399,20.231,19.399,20.231,0,0
TOA_PE,D,20180413,000000,20.231,20.231,20.231,20.231,0,0
TOA_PE,D,20180416,000000,20.065,21.064,20.065,21.064,0,0
TOA_PE,D,20180417,000000,20.481,21.896,20.481,21.813,0,0
TOA_PE,D,20180418,000000,21.813,22.645,21.064,21.813,0,0
TOA_PE,D,20180419,000000,21.813,21.813,20.731,21.813,0,0
TOA_PE,D,20180420,000000,20.981,22.313,20.981,22.146,0,0
TOA_PE,D,20180423,000000,21.813,22.313,21.48,22.146,0,0
TOA_PE,D,20180424,000000,21.563,21.98,21.563,21.729,0,0
TOA_PE,D,20180425,000000,21.48,22.313,21.48,22.313,0,0
TOA_PE,D,20180426,000000,22.23,22.313,21.397,21.397,0,0
TOA_PE,D,20180427,000000,21.729,21.729,20.981,21.646,0,0
TOA_PE,D,20180430,000000,21.563,22.645,21.23,22.645,0,0
TOA_PE,D,20180502,000000,22.978,22.978,22.645,22.645,0,0
TOA_PE,D,20180504,000000,22.978,22.978,22.978,22.978,0,0
TOA_PE,D,20180507,000000,22.978,23.061,22.978,22.978,0,0
TOA_PE,D,20180508,000000,23.061,23.728,23.061,23.728,0,0
TOA_PE,D,20180509,000000,24.227,24.477,23.728,24.477,0,0
TOA_PE,D,20180510,000000,24.644,24.644,24.477,24.477,0,0
TOA_PE,D,20180511,000000,24.477,25.477,24.393,25.477,0,0
TOA_PE,D,20180514,000000,25.477,25.643,25.477,25.643,0,0
TOA_PE,D,20180515,000000,25.643,25.643,25.477,25.643,0,0
TOA_PE,D,20180516,000000,25.061,25.643,25.061,25.643,0,0
TOA_PE,D,20180517,000000,25.643,25.81,25.643,25.81,0,0
TOA_PE,D,20180518,000000,25.81,25.81,25.643,25.643,0,0
TOA_PE,D,20180521,000000,25.061,25.56,23.478,25.56,0,0
TOA_PE,D,20180522,000000,24.56,25.643,24.56,25.643,0,0
TOA_PE,D,20180523,000000,25.726,25.726,25.643,25.643,0,0
TOA_PE,D,20180524,000000,25.061,25.643,24.978,25.56,0,0
TOA_PE,D,20180525,000000,25.726,25.726,25.061,25.726,0,0
TOA_PE,D,20180528,000000,25.643,25.726,25.643,25.643,0,0
TOA_PE,D,20180529,000000,25.061,25.81,25.061,25.643,0,0
TOA_PE,D,20180530,000000,25.643,26.393,25.061,26.393,0,0
TOA_PE,D,20180601,000000,25.81,26.059,25.227,25.56,0,0
TOA_PE,D,20180604,000000,25.81,25.81,24.894,25.643,0,0
TOA_PE,D,20180605,000000,25.643,25.643,25.061,25.56,0,0
TOA_PE,D,20180606,000000,25.643,25.643,25.643,25.643,0,0
TOA_PE,D,20180607,000000,25.56,25.56,25.144,25.144,0,0
TOA_PE,D,20180608,000000,25.144,25.144,24.56,24.644,0,0
TOA_PE,D,20180611,000000,24.56,24.727,24.31,24.56,0,0
TOA_PE,D,20180612,000000,24.894,24.894,24.894,24.894,0,0
TOA_PE,D,20180613,000000,24.894,24.894,24.144,24.894,0,0
TOA_PE,D,20180614,000000,24.894,24.894,24.894,24.894,0,0
TOA_PE,D,20180615,000000,24.894,25.477,24.894,25.477,0,0
TOA_PE,D,20180619,000000,25.477,25.477,25.477,25.477,0,0
TOA_PE,D,20180620,000000,26.726,26.726,26.726,26.726,0,0
TOA_PE,D,20180621,000000,27.308,27.308,26.393,26.892,0,0
TOA_PE,D,20180622,000000,27.808,27.808,26.892,27.808,0,0
TOA_PE,D,20180625,000000,26.559,26.559,25.81,25.81,0,0
TOA_PE,D,20180626,000000,27.142,27.142,25.061,25.061,0,0
TOA_PE,D,20180627,000000,24.811,24.811,23.311,23.311,0,0
TOA_PE,D,20180628,000000,23.645,24.644,22.063,24.061,0,0
TOA_PE,D,20180629,000000,23.977,23.977,23.728,23.811,0,0
TOA_PE,D,20180702,000000,24.448,24.448,21.874,21.874,0,0
TOA_PE,D,20180703,000000,21.874,22.131,21.616,22.131,0,0
TOA_PE,D,20180704,000000,20.673,20.673,20.673,20.673,0,0
TOA_PE,D,20180705,000000,20.073,21.53,19.214,19.214,0,0
TOA_PE,D,20180706,000000,19.643,19.643,19.214,19.214,0,0
TOA_PE,D,20180709,000000,19.214,19.815,17.757,19.815,0,0
TOA_PE,D,20180710,000000,19.815,21.273,19.815,21.273,0,0
TOA_PE,D,20180711,000000,21.273,21.273,21.273,21.273,0,0
TOA_PE,D,20180712,000000,21.273,21.273,21.273,21.273,0,0
TOA_PE,D,20180713,000000,20.93,21.874,20.759,21.273,0,0
TOA_PE,D,20180717,000000,21.444,21.444,21.444,21.444,0,0
TOA_PE,D,20180718,000000,21.444,22.045,21.444,21.444,0,0
TOA_PE,D,20180719,000000,21.444,21.444,21.444,21.444,0,0
TOA_PE,D,20180720,000000,21.188,21.616,21.188,21.616,0,0
TOA_PE,D,20180723,000000,21.444,21.444,21.359,21.359,0,0
TOA_PE,D,20180724,000000,21.359,22.217,21.102,22.217,0,0
TOA_PE,D,20180726,000000,22.045,22.131,22.045,22.131,0,0
TOA_PE,D,20180727,000000,22.131,22.131,22.131,22.131,0,0
TOA_PE,D,20180730,000000,22.131,22.303,22.131,22.217,0,0
TOA_PE,D,20180731,000000,21.102,23.332,21.102,23.332,0,0
TOA_PE,D,20180801,000000,22.131,22.131,22.131,22.131,0,0
TOA_PE,D,20180802,000000,21.53,21.53,21.444,21.444,0,0
TOA_PE,D,20180803,000000,21.444,21.444,21.444,21.444,0,0
TOA_PE,D,20180806,000000,21.444,21.444,21.444,21.444,0,0
TOA_PE,D,20180807,000000,21.444,21.444,21.444,21.444,0,0
TOA_PE,D,20180808,000000,21.444,21.444,21.444,21.444,0,0
TOA_PE,D,20180810,000000,21.273,21.273,20.844,21.273,0,0
TOA_PE,D,20180813,000000,20.759,21.273,20.759,20.844,0,0
TOA_PE,D,20180814,000000,21.102,21.102,20.073,20.073,0,0
TOA_PE,D,20180816,000000,20.073,20.073,20.073,20.073,0,0
TOA_PE,D,20180821,000000,20.073,20.073,18.7,18.7,0,0
TOA_PE,D,20180822,000000,19.3,20.073,19.3,19.815,0,0
TOA_PE,D,20180823,000000,19.386,20.93,19.386,20.93,0,0
TOA_PE,D,20180824,000000,20.93,21.96,20.329,20.329,0,0
TOA_PE,D,20180827,000000,20.329,21.102,20.329,21.102,0,0
TOA_PE,D,20180828,000000,21.359,21.359,21.359,21.359,0,0
TOA_PE,D,20180830,000000,21.188,21.359,20.501,21.359,0,0
TOA_PE,D,20180831,000000,20.158,20.158,19.3,19.3,0,0
TOA_PE,D,20180903,000000,20.158,20.158,18.099,18.099,0,0
TOA_PE,D,20180904,000000,18.7,18.7,18.013,18.013,0,0
TOA_PE,D,20180905,000000,18.099,18.099,16.298,16.384,0,0
TOA_PE,D,20180906,000000,13.724,15.011,13.554,14.839,0,0
TOA_PE,D,20180907,000000,14.583,14.583,14.497,14.497,0,0
TOA_PE,D,20180910,000000,13.382,13.382,13.21,13.21,0,0
TOA_PE,D,20180911,000000,12.181,12.609,12.181,12.609,0,0
TOA_PE,D,20180912,000000,13.296,13.382,13.296,13.382,0,0
TOA_PE,D,20180913,000000,13.382,13.382,13.382,13.382,0,0
TOA_PE,D,20180914,000000,13.382,13.382,12.953,12.953,0,0
TOA_PE,D,20180917,000000,13.382,13.382,12.609,12.609,0,0
TOA_PE,D,20180918,000000,12.609,12.609,12.609,12.609,0,0
TOA_PE,D,20180919,000000,12.609,12.609,12.181,12.181,0,0
TOA_PE,D,20180920,000000,12.181,12.181,12.181,12.181,0,0
TOA_PE,D,20180921,000000,12.181,12.181,12.009,12.009,0,0
TOA_PE,D,20180924,000000,12.181,12.181,11.837,11.923,0,0
TOA_PE,D,20180925,000000,11.923,11.923,11.58,11.58,0,0
TOA_PE,D,20180926,000000,11.58,11.58,11.323,11.323,0,0
TOA_PE,D,20180927,000000,11.237,11.237,11.152,11.152,0,0
TOA_PE,D,20180928,000000,11.152,11.58,11.152,11.152,0,0
TOA_PE,D,20181001,000000,11.152,11.152,11.152,11.152,0,0
TOA_PE,D,20181002,000000,11.58,11.58,11.58,11.58,0,0
TOA_PE,D,20181003,000000,11.58,11.58,11.409,11.409,0,0
TOA_PE,D,20181004,000000,11.409,11.409,11.409,11.409,0,0
TOA_PE,D,20181005,000000,11.58,11.58,11.58,11.58,0,0
TOA_PE,D,20181008,000000,11.58,11.837,11.494,11.752,0,0
TOA_PE,D,20181009,000000,11.752,11.752,11.752,11.752,0,0
TOA_PE,D,20181010,000000,11.752,11.752,11.752,11.752,0,0
TOA_PE,D,20181011,000000,11.752,11.752,11.58,11.58,0,0
TOA_PE,D,20181012,000000,11.837,11.923,11.837,11.923,0,0
TOA_PE,D,20181015,000000,11.923,12.095,11.923,12.009,0,0
TOA_PE,D,20181016,000000,12.009,12.009,12.009,12.009,0,0
TOA_PE,D,20181017,000000,12.181,12.181,12.181,12.181,0,0
TOA_PE,D,20181018,000000,12.181,12.267,12.181,12.267,0,0
TOA_PE,D,20181019,000000,12.353,12.609,12.353,12.609,0,0
TOA_PE,D,20181024,000000,12.609,12.609,12.609,12.609,0,0
TOA_PE,D,20181025,000000,12.609,12.609,12.609,12.609,0,0
TOA_PE,D,20181026,000000,12.609,12.609,12.609,12.609,0,0
TOA_PE,D,20181102,000000,12.095,12.095,12.095,12.095,0,0
TOA_PE,D,20181105,000000,12.095,12.095,11.152,11.237,0,0
TOA_PE,D,20181106,000000,11.152,11.152,11.152,11.152,0,0
TOA_PE,D,20181107,000000,11.323,11.409,11.323,11.409,0,0
TOA_PE,D,20181108,000000,11.58,11.58,11.152,11.152,0,0
TOA_PE,D,20181109,000000,11.323,11.323,11.237,11.237,0,0
TOA_PE,D,20181113,000000,11.152,11.152,11.152,11.152,0,0
TOA_PE,D,20181114,000000,11.152,11.152,11.152,11.152,0,0
TOA_PE,D,20181115,000000,11.58,11.58,11.152,11.152,0,0
TOA_PE,D,20181116,000000,11.152,11.152,11.152,11.152,0,0
TOA_PE,D,20181119,000000,11.152,11.152,11.152,11.152,0,0
TOA_PE,D,20181120,000000,11.323,11.58,10.894,10.894,0,0
TOA_PE,D,20181123,000000,11.152,11.152,11.152,11.152,0,0
TOA_PE,D,20181203,000000,11.666,11.666,11.666,11.666,0,0
TOA_PE,D,20181205,000000,11.666,11.666,11.666,11.666,0,0
TOA_PE,D,20181207,000000,11.752,11.752,11.323,11.323,0,0
TOA_PE,D,20181210,000000,11.752,11.752,11.752,11.752,0,0
TOA_PE,D,20181211,000000,11.752,11.752,11.752,11.752,0,0
TOA_PE,D,20181212,000000,11.752,11.752,11.666,11.666,0,0
TOA_PE,D,20181213,000000,11.666,11.666,11.066,11.066,0,0
TOA_PE,D,20181214,000000,10.98,10.98,10.636,10.636,0,0
TOA_PE,D,20181217,000000,10.551,10.551,10.036,10.294,0,0
TOA_PE,D,20181219,000000,10.294,10.465,10.294,10.465,0,0
TOA_PE,D,20181220,000000,10.465,10.465,10.294,10.294,0,0
TOA_PE,D,20181221,000000,10.551,10.551,10.294,10.294,0,0
TOA_PE,D,20181228,000000,10.294,10.379,10.294,10.379,0,0
TOA_PE,D,20190102,000000,10.379,10.379,10.379,10.379,0,0
TOA_PE,D,20190103,000000,10.379,11.066,10.379,10.465,0,0
TOA_PE,D,20190104,000000,10.722,10.722,10.465,10.465,0,0
TOA_PE,D,20190107,000000,11.066,11.066,11.066,11.066,0,0
TOA_PE,D,20190108,000000,11.066,11.066,10.551,11.066,0,0
TOA_PE,D,20190109,000000,10.98,11.066,10.98,11.066,0,0
TOA_PE,D,20190110,000000,10.808,10.808,10.465,10.465,0,0
TOA_PE,D,20190111,000000,10.551,10.551,10.551,10.551,0,0
TOA_PE,D,20190114,000000,10.465,10.465,10.465,10.465,0,0
TOA_PE,D,20190115,000000,10.551,10.551,10.036,10.122,0,0
TOA_PE,D,20190116,000000,10.122,10.122,10.036,10.036,0,0
TOA_PE,D,20190117,000000,10.122,10.122,10.036,10.036,0,0
TOA_PE,D,20190118,000000,10.036,10.036,9.693,9.693,0,0
TOA_PE,D,20190121,000000,9.693,9.693,9.521,9.607,0,0
TOA_PE,D,20190122,000000,9.607,9.607,9.3504,9.4354,0,0
TOA_PE,D,20190123,000000,9.4354,9.4354,9.2645,9.2645,0,0
TOA_PE,D,20190124,000000,9.2645,9.4354,9.0068,9.0068,0,0
TOA_PE,D,20190125,000000,9.0926,9.0926,8.2348,8.2348,0,0
TOA_PE,D,20190128,000000,8.8353,8.8353,7.4628,8.3206,0,0
TOA_PE,D,20190129,000000,8.149,8.149,7.9775,7.9775,0,0
TOA_PE,D,20190130,000000,8.0632,8.149,8.0632,8.0632,0,0
TOA_PE,D,20190131,000000,8.0632,8.0632,7.8059,8.0632,0,0
TOA_PE,D,20190201,000000,8.4064,8.4064,7.8917,8.0632,0,0
TOA_PE,D,20190204,000000,8.3206,8.4064,8.3206,8.4064,0,0
TOA_PE,D,20190205,000000,8.7495,8.7495,8.4064,8.4064,0,0
TOA_PE,D,20190206,000000,8.5779,8.5779,8.4921,8.4921,0,0
TOA_PE,D,20190207,000000,8.5779,8.5779,8.4064,8.4921,0,0
TOA_PE,D,20190208,000000,8.5779,8.5779,8.5779,8.5779,0,0
TOA_PE,D,20190211,000000,8.5779,8.6637,8.4921,8.5779,0,0
TOA_PE,D,20190212,000000,8.5779,8.5779,8.5779,8.5779,0,0
TOA_PE,D,20190213,000000,8.6637,8.6637,8.6637,8.6637,0,0
TOA_PE,D,20190214,000000,8.6637,8.8353,8.149,8.6637,0,0
TOA_PE,D,20190215,000000,8.6637,8.6637,8.6637,8.6637,0,0
TOA_PE,D,20190218,000000,8.6637,8.6637,8.6637,8.6637,0,0
TOA_PE,D,20190219,000000,8.6637,8.7495,8.5779,8.7495,0,0
TOA_PE,D,20190220,000000,8.7495,8.7495,8.5779,8.7495,0,0
TOA_PE,D,20190221,000000,8.8353,8.8353,8.6637,8.6637,0,0
TOA_PE,D,20190222,000000,8.5779,8.6637,8.0632,8.4921,0,0
TOA_PE,D,20190225,000000,8.4921,8.4921,8.4921,8.4921,0,0
TOA_PE,D,20190226,000000,8.4064,8.4064,8.4064,8.4064,0,0
TOA_PE,D,20190227,000000,8.4064,8.4064,8.3206,8.3206,0,0
TOA_PE,D,20190228,000000,8.149,8.149,8.149,8.149,0,0
TOA_PE,D,20190301,000000,8.5779,8.7495,8.5779,8.7495,0,0
TOA_PE,D,20190304,000000,8.7495,8.7495,8.7495,8.7495,0,0
TOA_PE,D,20190305,000000,8.7495,8.921,8.7495,8.8353,0,0
TOA_PE,D,20190306,000000,9.0926,9.0926,8.8353,8.8353,0,0
TOA_PE,D,20190307,000000,9.0926,10.208,9.0926,9.865,0,0
TOA_PE,D,20190308,000000,10.294,10.465,10.208,10.294,0,0
TOA_PE,D,20190311,000000,10.208,10.722,10.208,10.465,0,0
TOA_PE,D,20190312,000000,10.379,10.379,10.294,10.379,0,0
TOA_PE,D,20190313,000000,10.379,10.465,10.294,10.294,0,0
TOA_PE,D,20190314,000000,10.379,10.379,10.208,10.294,0,0
TOA_PE,D,20190315,000000,10.465,10.465,10.294,10.294,0,0
TOA_PE,D,20190318,000000,10.465,10.465,10.294,10.294,0,0
TOA_PE,D,20190319,000000,10.294,10.551,10.294,10.551,0,0
TOA_PE,D,20190320,000000,10.551,10.722,10.294,10.722,0,0
TOA_PE,D,20190321,000000,10.722,10.722,10.379,10.379,0,0
TOA_PE,D,20190322,000000,10.379,10.722,10.379,10.722,0,0
TOA_PE,D,20190325,000000,10.636,10.722,10.636,10.722,0,0
TOA_PE,D,20190326,000000,10.722,10.722,10.722,10.722,0,0
TOA_PE,D,20190327,000000,10.722,10.722,10.722,10.722,0,0
TOA_PE,D,20190328,000000,10.722,10.722,10.465,10.465,0,0
TOA_PE,D,20190329,000000,10.379,10.636,10.379,10.551,0,0
TOA_PE,D,20190401,000000,10.551,10.551,10.294,10.379,0,0
TOA_PE,D,20190402,000000,10.122,10.294,9.865,10.036,0,0
TOA_PE,D,20190403,000000,10.036,10.036,9.521,9.951,0,0
TOA_PE,D,20190404,000000,9.951,9.951,9.521,9.521,0,0
TOA_PE,D,20190405,000000,9.521,9.521,8.7495,9.4354,0,0
TOA_PE,D,20190408,000000,9.3504,10.208,9.3504,10.208,0,0
TOA_PE,D,20190409,000000,10.036,10.122,9.951,10.122,0,0
TOA_PE,D,20190410,000000,10.122,10.122,10.036,10.036,0,0
TOA_PE,D,20190411,000000,10.036,10.036,10.036,10.036,0,0
TOA_PE,D,20190412,000000,10.036,10.036,9.779,9.779,0,0
TOA_PE,D,20190415,000000,10.036,10.036,9.0926,9.1786,0,0
TOA_PE,D,20190416,000000,9.1786,9.2645,9.1786,9.2645,0,0
TOA_PE,D,20190417,000000,9.2645,9.693,9.2645,9.521,0,0
TOA_PE,D,20190418,000000,9.521,9.521,9.2645,9.521,0,0
TOA_PE,D,20190423,000000,9.521,9.521,9.2645,9.2645,0,0
TOA_PE,D,20190424,000000,9.2645,9.4354,9.0068,9.4354,0,0
TOA_PE,D,20190425,000000,9.4354,9.521,9.4354,9.521,0,0
TOA_PE,D,20190426,000000,9.521,9.521,9.521,9.521,0,0
TOA_PE,D,20190429,000000,9.521,9.521,9.4354,9.4354,0,0
TOA_PE,D,20190430,000000,9.521,9.521,9.521,9.521,0,0
TOA_PE,D,20190502,000000,9.521,9.521,9.521,9.521,0,0
TOA_PE,D,20190506,000000,9.521,9.521,9.0068,9.2645,0,0
TOA_PE,D,20190507,000000,9.0926,9.3504,9.0068,9.3504,0,0
TOA_PE,D,20190508,000000,9.4354,9.4354,8.7495,8.8353,0,0
TOA_PE,D,20190509,000000,9.0068,9.0926,9.0068,9.0068,0,0
TOA_PE,D,20190510,000000,9.0068,9.0068,9.0068,9.0068,0,0
TOA_PE,D,20190513,000000,9.0926,9.0926,8.6637,8.6637,0,0
TOA_PE,D,20190514,000000,8.5779,8.5779,7.7201,7.7201,0,0
TOA_PE,D,20190515,000000,7.7201,7.7201,7.5486,7.6344,0,0
TOA_PE,D,20190516,000000,7.6344,7.8917,7.377,7.377,0,0
TOA_PE,D,20190517,000000,7.5486,8.149,7.5486,8.149,0,0
TOA_PE,D,20190520,000000,7.6344,7.8917,7.6344,7.8059,0,0
TOA_PE,D,20190521,000000,7.8059,8.0632,7.8059,7.8059,0,0
TOA_PE,D,20190522,000000,7.377,8.149,7.377,8.149,0,0
TOA_PE,D,20190523,000000,7.9775,7.9775,7.6344,7.6344,0,0
TOA_PE,D,20190524,000000,8.0632,8.149,8.0632,8.149,0,0
TOA_PE,D,20190527,000000,8.149,8.149,7.6344,7.6344,0,0
TOA_PE,D,20190528,000000,7.9775,7.9775,7.8917,7.9775,0,0
TOA_PE,D,20190529,000000,8.149,8.149,7.5486,8.149,0,0
TOA_PE,D,20190530,000000,8.0632,8.0632,8.0632,8.0632,0,0
TOA_PE,D,20190531,000000,8.149,8.149,7.6344,7.6344,0,0
TOA_PE,D,20190603,000000,7.6344,7.8059,7.6344,7.7201,0,0
TOA_PE,D,20190604,000000,7.5486,7.6344,7.5486,7.6344,0,0
TOA_PE,D,20190605,000000,7.7201,7.7201,7.6344,7.6344,0,0
TOA_PE,D,20190606,000000,7.6344,7.9775,7.6344,7.9775,0,0
TOA_PE,D,20190610,000000,7.7201,7.7201,7.7201,7.7201,0,0
TOA_PE,D,20190611,000000,7.7201,7.7201,7.7201,7.7201,0,0
TOA_PE,D,20190612,000000,7.7201,7.7201,7.7201,7.7201,0,0
TOA_PE,D,20190613,000000,7.9775,7.9775,7.4628,7.4628,0,0
TOA_PE,D,20190614,000000,7.4628,7.8059,7.4628,7.4628,0,0
TOA_PE,D,20190617,000000,7.8059,8.0632,7.0339,7.4628,0,0
TOA_PE,D,20190618,000000,7.4628,7.7201,7.377,7.6344,0,0
TOA_PE,D,20190619,000000,7.2912,7.6344,7.2912,7.6344,0,0
TOA_PE,D,20190621,000000,7.6344,7.7201,7.377,7.6344,0,0
TOA_PE,D,20190624,000000,7.6344,7.6344,7.4628,7.6344,0,0
TOA_PE,D,20190625,000000,7.6344,7.6344,7.2912,7.2912,0,0
TOA_PE,D,20190626,000000,7.2055,7.4628,7.1197,7.2055,0,0
TOA_PE,D,20190627,000000,7.4628,7.6344,7.4628,7.5486,0,0
TOA_PE,D,20190628,000000,7.6344,7.6344,7.5486,7.5486,0,0
TOA_PE,D,20190701,000000,7.7201,7.7201,7.2055,7.377,0,0
TOA_PE,D,20190703,000000,7.4628,7.4628,7.377,7.4628,0,0
TOA_PE,D,20190704,000000,7.377,7.377,7.2055,7.377,0,0
TOA_PE,D,20190705,000000,7.2055,7.377,7.1197,7.377,0,0
TOA_PE,D,20190708,000000,7.377,7.377,7.2912,7.2912,0,0
TOA_PE,D,20190709,000000,7.2912,7.377,7.2055,7.2912,0,0
TOA_PE,D,20190710,000000,7.2912,7.2912,7.2055,7.2912,0,0
TOA_PE,D,20190711,000000,7.2912,7.2912,7.1197,7.2055,0,0
TOA_PE,D,20190712,000000,7.2055,7.377,7.2055,7.2912,0,0
TOA_PE,D,20190715,000000,7.2912,7.2912,7.2912,7.2912,0,0
TOA_PE,D,20190716,000000,7.2912,7.2912,7.1197,7.2055,0,0
TOA_PE,D,20190717,000000,7.2055,7.2055,7.1197,7.1197,0,0
TOA_PE,D,20190718,000000,7.1197,7.2055,7.1197,7.1197,0,0
TOA_PE,D,20190719,000000,7.1197,7.2055,7.1197,7.2055,0,0
TOA_PE,D,20190722,000000,7.2055,7.377,7.1197,7.2055,0,0
TOA_PE,D,20190723,000000,7.377,7.8917,7.377,7.7201,0,0
TOA_PE,D,20190724,000000,7.9775,7.9775,7.4628,7.5486,0,0
TOA_PE,D,20190725,000000,7.6344,7.6344,7.377,7.5486,0,0
TOA_PE,D,20190726,000000,7.6344,7.6344,7.377,7.4628,0,0
TOA_PE,D,20190729,000000,7.4628,7.4628,7.2055,7.2055,0,0
TOA_PE,D,20190730,000000,7.2055,7.2055,7.1197,7.2055,0,0
TOA_PE,D,20190731,000000,7.2055,7.2055,7.1197,7.2055,0,0
TOA_PE,D,20190801,000000,7.2912,7.2912,7.1197,7.2055,0,0
TOA_PE,D,20190802,000000,7.2055,7.2055,7.1197,7.2055,0,0
TOA_PE,D,20190805,000000,7.2055,7.5486,7.0339,7.2055,0,0
TOA_PE,D,20190806,000000,7.1197,7.1197,6.9481,6.9481,0,0
TOA_PE,D,20190807,000000,6.9481,7.2055,6.9481,7.2055,0,0
TOA_PE,D,20190808,000000,7.0339,7.2055,7.0339,7.2055,0,0
TOA_PE,D,20190809,000000,7.2055,7.2055,7.1197,7.2055,0,0
TOA_PE,D,20190812,000000,7.2055,7.2055,7.0339,7.1197,0,0
TOA_PE,D,20190813,000000,7.1197,7.1197,6.9481,7.1197,0,0
TOA_PE,D,20190814,000000,6.9481,7.1197,6.9481,7.0339,0,0
TOA_PE,D,20190816,000000,7.1197,7.2055,7.0339,7.1197,0,0
TOA_PE,D,20190819,000000,7.1197,7.1197,7.0339,7.0339,0,0
TOA_PE,D,20190820,000000,7.0339,7.0339,6.7766,6.9481,0,0
TOA_PE,D,20190821,000000,6.3477,6.6908,6.2619,6.6908,0,0
TOA_PE,D,20190822,000000,6.605,7.0339,6.605,6.9481,0,0
TOA_PE,D,20190823,000000,6.7766,6.8623,6.6908,6.8623,0,0
TOA_PE,D,20190826,000000,6.9481,7.0339,6.7766,6.8623,0,0
TOA_PE,D,20190827,000000,6.8623,7.0339,6.8623,7.0339,0,0
TOA_PE,D,20190828,000000,7.0339,7.377,7.0339,7.1197,0,0
TOA_PE,D,20190829,000000,7.1197,7.4628,7.1197,7.4628,0,0
TOA_PE,D,20190830,000000,7.4628,7.6344,7.377,7.4628,0,0
TOA_PE,D,20190902,000000,7.377,7.9775,7.377,7.8059,0,0
TOA_PE,D,20190903,000000,7.5486,7.5486,7.4628,7.4628,0,0
TOA_PE,D,20190904,000000,7.5486,7.6344,7.377,7.4628,0,0
TOA_PE,D,20190905,000000,7.4628,7.4628,7.1197,7.2055,0,0
TOA_PE,D,20190906,000000,7.2055,7.2055,7.2055,7.2055,0,0
TOA_PE,D,20190909,000000,7.2055,7.377,7.2055,7.2055,0,0
TOA_PE,D,20190910,000000,7.377,7.377,6.9481,7.0339,0,0
TOA_PE,D,20190911,000000,7.0339,7.0339,6.6908,6.6908,0,0
TOA_PE,D,20190912,000000,6.7766,6.7766,6.6908,6.7766,0,0
TOA_PE,D,20190913,000000,6.7766,6.8623,6.7766,6.7766,0,0
TOA_PE,D,20190916,000000,6.8623,7.0339,6.7766,7.0339,0,0
TOA_PE,D,20190917,000000,6.8623,6.8623,6.8623,6.8623,0,0
TOA_PE,D,20190918,000000,6.8623,6.8623,6.6908,6.6908,0,0
TOA_PE,D,20190919,000000,6.6908,6.8623,6.4334,6.6908,0,0
TOA_PE,D,20190920,000000,6.605,6.605,6.5192,6.5192,0,0
TOA_PE,D,20190923,000000,6.5192,6.5192,6.1761,6.4334,0,0
TOA_PE,D,20190924,000000,6.4334,6.4334,6.4334,6.4334,0,0
TOA_PE,D,20190925,000000,6.4334,6.4334,6.3477,6.4334,0,0
TOA_PE,D,20190926,000000,6.4334,6.4334,6.3477,6.3477,0,0
TOA_PE,D,20190927,000000,6.3477,6.3477,6.3477,6.3477,0,0
TOA_PE,D,20190930,000000,6.3477,6.4334,6.3477,6.4334,0,0
TOA_PE,D,20191001,000000,6.4334,6.4334,6.3477,6.3477,0,0
TOA_PE,D,20191002,000000,6.3477,6.3477,6.2619,6.3477,0,0
TOA_PE,D,20191003,000000,6.4334,6.4334,6.3477,6.3477,0,0
TOA_PE,D,20191004,000000,6.3477,6.3477,6.2619,6.3477,0,0
TOA_PE,D,20191007,000000,6.3477,6.3477,5.8329,5.9188,0,0
TOA_PE,D,20191008,000000,5.8329,6.2619,5.8329,6.0046,0,0
TOA_PE,D,20191009,000000,6.0046,6.0046,5.9188,6.0046,0,0
TOA_PE,D,20191010,000000,6.0046,6.0046,5.9188,5.9188,0,0
TOA_PE,D,20191011,000000,5.9188,6.0046,5.9188,5.9188,0,0
TOA_PE,D,20191014,000000,5.9188,5.9188,5.9188,5.9188,0,0
TOA_PE,D,20191015,000000,5.9188,6.8623,5.7472,6.5192,0,0
TOA_PE,D,20191016,000000,6.6908,6.6908,6.4334,6.5192,0,0
TOA_PE,D,20191017,000000,6.6908,6.6908,6.4334,6.4334,0,0
TOA_PE,D,20191018,000000,6.5192,6.6908,6.5192,6.6908,0,0
TOA_PE,D,20191021,000000,6.6908,7.2055,6.6908,7.1197,0,0
TOA_PE,D,20191022,000000,7.1197,7.1197,6.8623,6.8623,0,0
TOA_PE,D,20191023,000000,6.9481,6.9481,6.6908,6.7766,0,0
TOA_PE,D,20191024,000000,6.6908,6.7766,6.605,6.7766,0,0
TOA_PE,D,20191025,000000,6.605,6.7766,6.605,6.7766,0,0
TOA_PE,D,20191028,000000,6.605,6.7766,6.605,6.7766,0,0
TOA_PE,D,20191029,000000,6.7766,6.7766,6.6908,6.6908,0,0
TOA_PE,D,20191030,000000,6.6908,6.7766,6.6908,6.7766,0,0
TOA_PE,D,20191031,000000,6.7766,7.1197,6.7766,6.7766,0,0
TOA_PE,D,20191104,000000,6.7766,7.0339,6.7766,7.0339,0,0
TOA_PE,D,20191105,000000,7.0339,7.0339,6.8623,6.9481,0,0
TOA_PE,D,20191106,000000,7.0339,7.1197,6.9481,7.1197,0,0
TOA_PE,D,20191107,000000,7.1197,7.377,7.1197,7.377,0,0
TOA_PE,D,20191108,000000,7.377,7.377,7.1197,7.1197,0,0
TOA_PE,D,20191112,000000,7.1197,7.1197,7.0339,7.0339,0,0
TOA_PE,D,20191113,000000,7.0339,7.1197,7.0339,7.0339,0,0
TOA_PE,D,20191114,000000,7.0339,7.1197,6.9481,6.9481,0,0
TOA_PE,D,20191115,000000,6.9481,7.1197,6.9481,7.1197,0,0
TOA_PE,D,20191118,000000,7.1197,7.1197,6.9481,7.1197,0,0
TOA_PE,D,20191119,000000,7.1197,7.2055,7.0339,7.1197,0,0
TOA_PE,D,20191120,000000,7.1197,7.1197,6.8623,7.1197,0,0
TOA_PE,D,20191121,000000,7.1197,7.1197,6.9481,7.1197,0,0
TOA_PE,D,20191122,000000,7.1197,7.1197,7.0339,7.0339,0,0
TOA_PE,D,20191125,000000,7.0339,7.0339,7.0339,7.0339,0,0
TOA_PE,D,20191126,000000,7.0339,7.1197,7.0339,7.1197,0,0
TOA_PE,D,20191127,000000,7.0339,7.0339,6.8623,6.9481,0,0
TOA_PE,D,20191128,000000,7.0339,7.1197,6.9481,7.1197,0,0
TOA_PE,D,20191129,000000,7.0339,7.1197,6.8623,6.8623,0,0
TOA_PE,D,20191202,000000,6.8623,6.8623,6.605,6.8623,0,0
TOA_PE,D,20191203,000000,6.8623,6.8623,6.8623,6.8623,0,0
TOA_PE,D,20191204,000000,6.8623,6.8623,6.8623,6.8623,0,0
TOA_PE,D,20191205,000000,6.6908,6.6908,6.605,6.605,0,0
TOA_PE,D,20191206,000000,6.605,6.8623,6.5192,6.7766,0,0
TOA_PE,D,20191209,000000,6.7766,6.8623,6.6908,6.8623,0,0
TOA_PE,D,20191210,000000,6.9481,7.0339,6.9481,6.9481,0,0
TOA_PE,D,20191211,000000,6.9481,7.0339,6.9481,7.0339,0,0
TOA_PE,D,20191212,000000,6.9481,6.9481,6.9481,6.9481,0,0
TOA_PE,D,20191213,000000,6.9481,7.0339,6.8623,6.9481,0,0
TOA_PE,D,20191216,000000,6.9481,6.9481,6.9481,6.9481,0,0
TOA_PE,D,20191217,000000,7.0339,7.1197,7.0339,7.0339,0,0
TOA_PE,D,20191218,000000,7.0339,7.1197,7.0339,7.1197,0,0
TOA_PE,D,20191219,000000,7.1197,7.8059,7.1197,7.6344,0,0
TOA_PE,D,20191220,000000,7.6344,7.6344,7.377,7.5486,0,0
TOA_PE,D,20191223,000000,7.5486,7.6344,7.2055,7.4628,0,0
TOA_PE,D,20191227,000000,7.7201,7.7201,7.5486,7.5486,0,0
TOA_PE,D,20191230,000000,7.6344,7.8917,7.6344,7.6344,0,0
TOA_PE,D,20200102,000000,7.7201,7.9775,7.7201,7.8059,0,0
TOA_PE,D,20200103,000000,7.9775,7.9775,7.7201,7.8917,0,0
TOA_PE,D,20200107,000000,8.0632,8.2348,7.9775,8.0632,0,0
TOA_PE,D,20200108,000000,8.2348,8.2348,7.8917,8.0632,0,0
TOA_PE,D,20200109,000000,7.9775,8.0632,7.8917,7.9775,0,0
TOA_PE,D,20200110,000000,7.9775,8.149,7.8917,8.0632,0,0
TOA_PE,D,20200113,000000,8.149,8.4064,8.149,8.3206,0,0
TOA_PE,D,20200114,000000,8.3206,8.5779,8.3206,8.5779,0,0
TOA_PE,D,20200115,000000,8.5779,8.8353,8.2348,8.2348,0,0
TOA_PE,D,20200116,000000,8.3206,8.3206,8.0632,8.149,0,0
TOA_PE,D,20200117,000000,8.149,8.2348,8.0632,8.2348,0,0
TOA_PE,D,20200120,000000,8.3206,8.5779,7.9775,8.5779,0,0
TOA_PE,D,20200121,000000,8.8353,8.8353,8.3206,8.3206,0,0
TOA_PE,D,20200122,000000,8.4921,8.4921,8.0632,8.0632,0,0
TOA_PE,D,20200123,000000,8.149,8.3206,7.8917,8.3206,0,0
TOA_PE,D,20200124,000000,8.3206,8.3206,8.149,8.2348,0,0
TOA_PE,D,20200127,000000,8.2348,8.3206,7.9775,8.0632,0,0
TOA_PE,D,20200128,000000,7.9775,8.0632,7.8917,8.0632,0,0
TOA_PE,D,20200129,000000,8.149,8.2348,7.7201,7.7201,0,0
TOA_PE,D,20200130,000000,7.8059,7.9775,7.7201,7.9775,0,0
TOA_PE,D,20200131,000000,7.8917,8.149,7.8917,8.0632,0,0
TOA_PE,D,20200203,000000,7.9775,8.0632,7.8917,8.0632,0,0
TOA_PE,D,20200204,000000,8.0632,8.3206,8.0632,8.2348,0,0
TOA_PE,D,20200205,000000,8.3206,8.4921,8.149,8.3206,0,0
TOA_PE,D,20200206,000000,8.4064,8.4064,8.149,8.149,0,0
TOA_PE,D,20200207,000000,8.0632,8.149,7.8917,7.8917,0,0
TOA_PE,D,20200210,000000,7.8917,8.0632,7.7201,7.8917,0,0
TOA_PE,D,20200211,000000,7.8917,7.9775,7.7201,7.8917,0,0
TOA_PE,D,20200212,000000,7.8917,7.8917,7.8059,7.8917,0,0
TOA_PE,D,20200213,000000,7.8917,7.8917,7.7201,7.8917,0,0
TOA_PE,D,20200214,000000,7.7201,7.8917,7.7201,7.8917,0,0
TOA_PE,D,20200217,000000,7.8917,7.8917,7.6344,7.6344,0,0
TOA_PE,D,20200218,000000,7.7201,7.8917,7.5486,7.6344,0,0
TOA_PE,D,20200219,000000,7.5486,7.8059,7.4628,7.6344,0,0
TOA_PE,D,20200220,000000,7.7201,7.8059,7.6344,7.6344,0,0
TOA_PE,D,20200221,000000,7.5486,7.5486,7.2912,7.2912,0,0
TOA_PE,D,20200224,000000,7.2055,7.2055,6.7766,6.7766,0,0
TOA_PE,D,20200225,000000,6.7766,6.8623,6.605,6.8623,0,0
TOA_PE,D,20200226,000000,6.8623,6.8623,6.3477,6.7766,0,0
TOA_PE,D,20200227,000000,6.6908,6.7766,6.4334,6.4334,0,0
TOA_PE,D,20200228,000000,6.2619,6.2619,5.8329,6.0046,0,0
TOA_PE,D,20200302,000000,5.8329,6.2619,5.8329,6.0903,0,0
TOA_PE,D,20200303,000000,6.2619,6.605,6.1761,6.5192,0,0
TOA_PE,D,20200304,000000,6.3477,6.4334,6.2619,6.2619,0,0
TOA_PE,D,20200305,000000,6.3477,6.5192,6.2619,6.2619,0,0
TOA_PE,D,20200306,000000,6.0903,6.2619,5.9188,6.0903,0,0
TOA_PE,D,20200309,000000,6.0046,6.0046,5.4899,5.4899,0,0
TOA_PE,D,20200310,000000,5.6614,5.8329,5.4899,5.5757,0,0
TOA_PE,D,20200311,000000,5.8329,5.8329,4.8036,5.2325,0,0
TOA_PE,D,20200312,000000,5.061,5.061,4.6321,4.8894,0,0
TOA_PE,D,20200313,000000,4.8894,5.3183,4.8894,5.3183,0,0
TOA_PE,D,20200316,000000,5.3183,5.4899,5.061,5.3183,0,0
TOA_PE,D,20200317,000000,5.6614,5.7472,5.1468,5.4041,0,0
TOA_PE,D,20200318,000000,5.1468,5.4041,5.1468,5.2325,0,0
TOA_PE,D,20200319,000000,5.2325,5.4041,5.1468,5.1468,0,0
TOA_PE,D,20200320,000000,5.1468,5.6614,5.1468,5.4041,0,0
TOA_PE,D,20200323,000000,5.1468,5.5757,5.1468,5.4899,0,0
TOA_PE,D,20200324,000000,5.1468,5.4899,5.1468,5.4899,0,0
TOA_PE,D,20200325,000000,5.4899,5.8329,5.4899,5.7472,0,0
TOA_PE,D,20200326,000000,5.6614,6.0046,5.6614,6.0046,0,0
TOA_PE,D,20200327,000000,6.2619,6.2619,5.8329,5.8329,0,0
TOA_PE,D,20200330,000000,5.8329,5.8329,5.6614,5.7472,0,0
TOA_PE,D,20200331,000000,5.7472,5.8329,5.5757,5.7472,0,0
TOA_PE,D,20200401,000000,5.7472,5.7472,5.5757,5.6614,0,0
TOA_PE,D,20200402,000000,5.5757,5.7472,5.4041,5.6614,0,0
TOA_PE,D,20200403,000000,5.7472,5.8329,5.6614,5.6614,0,0
TOA_PE,D,20200406,000000,5.6614,6.1761,5.6614,6.1761,0,0
TOA_PE,D,20200407,000000,6.3477,6.9481,6.2619,6.7766,0,0
TOA_PE,D,20200408,000000,6.6908,6.6908,6.4334,6.605,0,0
TOA_PE,D,20200409,000000,6.605,6.7766,6.3477,6.5192,0,0
TOA_PE,D,20200414,000000,6.7766,6.8623,6.605,6.7766,0,0
TOA_PE,D,20200415,000000,6.7766,6.8623,6.6908,6.7766,0,0
TOA_PE,D,20200416,000000,6.7766,7.0339,6.7766,7.0339,0,0
TOA_PE,D,20200417,000000,7.0339,7.0339,6.9481,7.0339,0,0
TOA_PE,D,20200420,000000,7.1197,7.1197,7.0339,7.0339,0,0
TOA_PE,D,20200421,000000,7.0339,7.0339,6.4334,6.5192,0,0
TOA_PE,D,20200422,000000,6.4334,6.8623,6.4334,6.7766,0,0
TOA_PE,D,20200423,000000,6.605,6.6908,6.605,6.6908,0,0
TOA_PE,D,20200424,000000,6.6908,6.7766,6.6908,6.6908,0,0
TOA_PE,D,20200427,000000,6.7766,6.7766,6.5192,6.5192,0,0
TOA_PE,D,20200428,000000,6.5192,6.7766,6.0903,6.5192,0,0
TOA_PE,D,20200429,000000,6.5192,6.605,6.4334,6.5192,0,0
TOA_PE,D,20200430,000000,6.605,6.8623,6.4334,6.6908,0,0
TOA_PE,D,20200504,000000,6.5192,6.6908,6.3477,6.6908,0,0
TOA_PE,D,20200505,000000,6.7766,6.9481,6.6908,6.6908,0,0
TOA_PE,D,20200506,000000,6.8623,6.8623,6.8623,6.8623,0,0
TOA_PE,D,20200507,000000,6.8623,6.9481,6.6908,6.6908,0,0
TOA_PE,D,20200508,000000,6.8623,6.8623,6.605,6.605,0,0
TOA_PE,D,20200511,000000,6.605,6.6908,6.605,6.605,0,0
TOA_PE,D,20200512,000000,6.6908,6.6908,6.5192,6.5192,0,0
TOA_PE,D,20200513,000000,6.605,6.605,6.2619,6.4334,0,0
TOA_PE,D,20200514,000000,6.4334,6.4334,6.1761,6.1761,0,0
TOA_PE,D,20200515,000000,6.1761,6.5192,6.1761,6.5192,0,0
TOA_PE,D,20200518,000000,6.2619,6.6908,6.1761,6.4334,0,0
TOA_PE,D,20200519,000000,6.4334,6.5192,6.3477,6.5192,0,0
TOA_PE,D,20200520,000000,6.5192,6.605,6.3477,6.605,0,0
TOA_PE,D,20200521,000000,6.605,6.6908,6.5192,6.5192,0,0
TOA_PE,D,20200522,000000,6.605,6.6908,6.5192,6.605,0,0
TOA_PE,D,20200525,000000,6.605,6.6908,6.5192,6.605,0,0
TOA_PE,D,20200526,000000,6.605,6.605,6.605,6.605,0,0
TOA_PE,D,20200527,000000,6.605,6.605,6.605,6.605,0,0
TOA_PE,D,20200528,000000,6.605,6.605,6.4334,6.5192,0,0
TOA_PE,D,20200529,000000,6.5192,6.7766,6.5192,6.7766,0,0
TOA_PE,D,20200601,000000,6.8623,6.8623,6.6908,6.6908,0,0
TOA_PE,D,20200602,000000,6.6908,6.9481,6.6908,6.9481,0,0
TOA_PE,D,20200603,000000,6.9481,6.9481,6.6908,6.9481,0,0
TOA_PE,D,20200604,000000,6.9481,7.2055,6.7766,6.9481,0,0
TOA_PE,D,20200605,000000,6.8623,7.0339,6.6908,6.9481,0,0
TOA_PE,D,20200608,000000,7.0339,7.0339,6.7766,6.8623,0,0
TOA_PE,D,20200609,000000,7.0339,7.0339,6.605,6.605,0,0
TOA_PE,D,20200610,000000,6.7766,6.8623,6.7766,6.7766,0,0
TOA_PE,D,20200612,000000,6.5192,6.6908,6.4334,6.605,0,0
TOA_PE,D,20200615,000000,6.605,6.9481,6.605,6.9481,0,0
TOA_PE,D,20200616,000000,6.9481,6.9481,6.7766,6.7766,0,0
TOA_PE,D,20200617,000000,6.605,6.7766,6.605,6.605,0,0
TOA_PE,D,20200618,000000,6.605,6.6908,6.605,6.605,0,0
TOA_PE,D,20200619,000000,6.605,6.6908,6.605,6.6908,0,0
TOA_PE,D,20200622,000000,6.605,6.7766,6.605,6.605,0,0
TOA_PE,D,20200623,000000,6.605,6.7766,6.605,6.7766,0,0
TOA_PE,D,20200624,000000,6.6908,6.6908,6.605,6.605,0,0
TOA_PE,D,20200625,000000,6.605,6.6908,6.605,6.605,0,0
TOA_PE,D,20200626,000000,6.605,6.8623,6.605,6.605,0,0
TOA_PE,D,20200629,000000,6.605,6.6908,6.5192,6.6908,0,0
TOA_PE,D,20200630,000000,6.7766,6.7766,6.605,6.7766,0,0
TOA_PE,D,20200701,000000,6.605,6.7766,6.605,6.7766,0,0
TOA_PE,D,20200702,000000,6.7766,6.9481,6.7766,6.9481,0,0
TOA_PE,D,20200703,000000,6.9481,6.9481,6.8623,6.8623,0,0
TOA_PE,D,20200706,000000,6.8623,7.8059,6.8623,7.7201,0,0
TOA_PE,D,20200707,000000,7.7201,7.8917,7.4628,7.6344,0,0
TOA_PE,D,20200708,000000,7.8917,7.8917,7.2055,7.6344,0,0
TOA_PE,D,20200709,000000,7.6344,7.6344,7.4628,7.5486,0,0
TOA_PE,D,20200710,000000,7.2912,7.4628,7.2055,7.4628,0,0
TOA_PE,D,20200713,000000,7.4628,7.7201,7.4628,7.6344,0,0
TOA_PE,D,20200714,000000,7.8917,7.8917,7.4628,7.5486,0,0
TOA_PE,D,20200715,000000,7.6344,7.6344,7.377,7.5486,0,0
TOA_PE,D,20200716,000000,7.6344,7.6344,7.377,7.5486,0,0
TOA_PE,D,20200717,000000,7.5486,7.5486,7.4628,7.5486,0,0
TOA_PE,D,20200720,000000,7.6344,8.5779,7.6344,8.4921,0,0
TOA_PE,D,20200721,000000,8.5779,9.1786,8.4921,9.0926,0,0
TOA_PE,D,20200722,000000,9.521,9.521,9.0926,9.521,0,0
TOA_PE,D,20200723,000000,9.607,9.693,8.921,9.521,0,0
TOA_PE,D,20200724,000000,9.0926,9.2645,9.0068,9.0068,0,0
TOA_PE,D,20200727,000000,9.0068,9.3504,9.0068,9.0068,0,0
TOA_PE,D,20200728,000000,9.0068,9.1786,8.921,9.0068,0,0
TOA_PE,D,20200729,000000,9.1786,9.1786,8.921,8.921,0,0
TOA_PE,D,20200730,000000,8.921,8.921,8.149,8.2348,0,0
TOA_PE,D,20200731,000000,8.2348,8.5779,8.0632,8.3206,0,0
TOA_PE,D,20200803,000000,8.6637,8.6637,8.4921,8.6637,0,0
TOA_PE,D,20200804,000000,8.6637,8.921,8.6637,8.7495,0,0
TOA_PE,D,20200805,000000,8.921,9.0926,8.6637,9.0068,0,0
TOA_PE,D,20200806,000000,9.0926,9.1786,8.6637,9.1786,0,0
TOA_PE,D,20200807,000000,9.1786,9.1786,8.921,9.0068,0,0
TOA_PE,D,20200810,000000,9.0926,9.4354,9.0926,9.3504,0,0
TOA_PE,D,20200811,000000,9.521,9.521,9.3504,9.521,0,0
TOA_PE,D,20200812,000000,9.607,9.607,9.0926,9.521,0,0
TOA_PE,D,20200813,000000,9.607,9.607,9.2645,9.4354,0,0
TOA_PE,D,20200814,000000,9.607,9.607,9.1786,9.3504,0,0
TOA_PE,D,20200817,000000,9.3504,9.4354,9.2645,9.4354,0,0
TOA_PE,D,20200818,000000,9.693,10.036,9.4354,9.693,0,0
TOA_PE,D,20200819,000000,9.693,9.693,9.4354,9.607,0,0
TOA_PE,D,20200820,000000,9.4354,9.693,9.1786,9.1786,0,0
TOA_PE,D,20200821,000000,9.2645,9.607,9.2645,9.521,0,0
TOA_PE,D,20200824,000000,9.521,9.607,9.4354,9.521,0,0
TOA_PE,D,20200825,000000,9.607,9.693,9.521,9.693,0,0
TOA_PE,D,20200826,000000,9.693,10.294,9.693,10.122,0,0
TOA_PE,D,20200827,000000,10.122,10.551,10.122,10.465,0,0
TOA_PE,D,20200828,000000,10.636,10.894,9.521,9.521,0,0
TOA_PE,D,20200831,000000,9.521,9.693,9.4354,9.521,0,0
TOA_PE,D,20200901,000000,9.693,9.779,9.4354,9.521,0,0
TOA_PE,D,20200902,000000,9.4354,9.779,9.4354,9.693,0,0
TOA_PE,D,20200903,000000,9.693,10.036,9.693,10.036,0,0
TOA_PE,D,20200904,000000,9.865,10.036,9.693,9.693,0,0
TOA_PE,D,20200907,000000,9.693,10.036,9.693,9.951,0,0
TOA_PE,D,20200908,000000,10.036,10.036,8.4921,9.0926,0,0
TOA_PE,D,20200909,000000,9.0068,9.607,8.921,9.607,0,0
TOA_PE,D,20200910,000000,9.521,9.693,9.2645,9.607,0,0
TOA_PE,D,20200911,000000,9.607,9.607,9.3504,9.521,0,0
TOA_PE,D,20200914,000000,9.521,9.779,9.521,9.693,0,0
TOA_PE,D,20200915,000000,9.693,9.779,9.521,9.521,0,0
TOA_PE,D,20200916,000000,9.607,9.693,9.4354,9.4354,0,0
TOA_PE,D,20200917,000000,9.4354,9.607,9.4354,9.607,0,0
TOA_PE,D,20200918,000000,9.693,9.693,9.693,9.693,0,0
TOA_PE,D,20200921,000000,9.693,9.693,9.1786,9.4354,0,0
TOA_PE,D,20200922,000000,9.521,9.521,9.0068,9.1786,0,0
TOA_PE,D,20200923,000000,9.3504,9.3504,8.7495,9.0068,0,0
TOA_PE,D,20200924,000000,9.1786,9.2645,8.8353,9.0926,0,0
TOA_PE,D,20200925,000000,9.0926,9.3504,9.0068,9.3504,0,0
TOA_PE,D,20200928,000000,9.4354,9.779,9.2645,9.3504,0,0
TOA_PE,D,20200929,000000,9.4354,9.521,9.3504,9.521,0,0
TOA_PE,D,20200930,000000,9.607,9.607,9.4354,9.521,0,0
TOA_PE,D,20201001,000000,9.607,9.607,9.4354,9.4354,0,0
TOA_PE,D,20201002,000000,9.4354,9.521,9.3504,9.521,0,0
TOA_PE,D,20201005,000000,9.521,9.779,9.521,9.521,0,0
TOA_PE,D,20201006,000000,9.607,9.865,9.607,9.693,0,0
TOA_PE,D,20201007,000000,9.779,9.865,9.521,9.607,0,0
TOA_PE,D,20201008,000000,9.693,9.693,9.607,9.607,0,0
TOA_PE,D,20201009,000000,9.521,9.607,9.4354,9.521,0,0
TOA_PE,D,20201012,000000,9.521,9.693,9.521,9.607,0,0
TOA_PE,D,20201013,000000,9.693,9.693,9.521,9.607,0,0
TOA_PE,D,20201014,000000,9.693,9.865,9.607,9.693,0,0
TOA_PE,D,20201015,000000,9.693,9.693,9.4354,9.521,0,0
TOA_PE,D,20201016,000000,9.521,9.521,9.4354,9.521,0,0
TOA_PE,D,20201019,000000,9.521,9.693,9.521,9.607,0,0
TOA_PE,D,20201020,000000,9.607,9.607,9.3504,9.521,0,0
TOA_PE,D,20201021,000000,9.607,9.693,9.4354,9.521,0,0
TOA_PE,D,20201022,000000,9.607,9.607,9.2645,9.4354,0,0
TOA_PE,D,20201023,000000,9.521,9.521,9.3504,9.521,0,0
TOA_PE,D,20201026,000000,9.607,9.607,9.2645,9.4354,0,0
TOA_PE,D,20201027,000000,9.4354,9.4354,9.2645,9.2645,0,0
TOA_PE,D,20201028,000000,9.0926,9.3504,8.149,8.4921,0,0
TOA_PE,D,20201029,000000,8.149,8.3206,7.8917,8.2348,0,0
TOA_PE,D,20201030,000000,8.2348,8.3206,7.7201,8.3206,0,0
TOA_PE,D,20201102,000000,8.4064,8.8353,8.4064,8.8353,0,0
TOA_PE,D,20201103,000000,8.921,9.0068,8.8353,9.0068,0,0
TOA_PE,D,20201104,000000,9.0068,9.1786,8.921,9.0926,0,0
TOA_PE,D,20201105,000000,9.1786,9.2645,8.8353,9.0926,0,0
TOA_PE,D,20201106,000000,9.0926,9.0926,8.2348,8.2348,0,0
TOA_PE,D,20201109,000000,8.2348,8.3206,8.0632,8.2348,0,0
TOA_PE,D,20201110,000000,8.2348,8.4921,8.0632,8.4064,0,0
TOA_PE,D,20201112,000000,8.4921,8.4921,8.0632,8.3206,0,0
TOA_PE,D,20201113,000000,8.3206,8.4064,8.2348,8.4064,0,0
TOA_PE,D,20201116,000000,8.4921,8.7495,8.4921,8.5779,0,0
TOA_PE,D,20201117,000000,8.5779,8.6637,8.4921,8.6637,0,0
TOA_PE,D,20201118,000000,8.6637,8.6637,8.5779,8.5779,0,0
TOA_PE,D,20201119,000000,8.5779,8.6637,8.4921,8.4921,0,0
TOA_PE,D,20201120,000000,8.5779,8.5779,8.149,8.4064,0,0
TOA_PE,D,20201123,000000,9.75,9.75,8.2055,8.2055,0,0
TOA_PE,D,20201124,000000,8.2055,8.2055,7.9159,8.0124,0,0
TOA_PE,D,20201125,000000,8.0124,8.0124,7.7228,7.9159,0,0
TOA_PE,D,20201126,000000,7.9159,8.109,7.9159,8.109,0,0
TOA_PE,D,20201127,000000,8.109,8.109,8.0124,8.109,0,0
TOA_PE,D,20201130,000000,8.109,8.109,8.0124,8.0124,0,0
TOA_PE,D,20201201,000000,8.0124,8.0124,7.9159,7.9159,0,0
TOA_PE,D,20201202,000000,7.9159,8.0124,7.8194,8.0124,0,0
TOA_PE,D,20201203,000000,8.109,8.109,7.9159,7.9159,0,0
TOA_PE,D,20201204,000000,7.9159,8.0124,7.8194,8.0124,0,0
TOA_PE,D,20201207,000000,8.0124,8.0124,7.9159,8.0124,0,0
TOA_PE,D,20201208,000000,8.0124,8.0124,7.9159,7.9159,0,0
TOA_PE,D,20201209,000000,7.9159,7.9159,7.8194,7.8194,0,0
TOA_PE,D,20201210,000000,7.8194,7.8194,7.5297,7.7228,0,0
TOA_PE,D,20201211,000000,7.7228,7.9159,7.5297,7.8194,0,0
TOA_PE,D,20201214,000000,7.8194,7.8194,7.6263,7.7228,0,0
TOA_PE,D,20201215,000000,7.7228,7.9159,7.6263,7.9159,0,0
TOA_PE,D,20201216,000000,7.9159,8.0124,7.9159,8.0124,0,0
TOA_PE,D,20201217,000000,8.0124,8.0124,7.9159,8.0124,0,0
TOA_PE,D,20201218,000000,8.0124,8.0124,7.6263,7.9159,0,0
TOA_PE,D,20201221,000000,7.9159,7.9159,7.7228,7.7228,0,0
TOA_PE,D,20201222,000000,7.8194,7.8194,7.3367,7.7228,0,0
TOA_PE,D,20201223,000000,7.7228,7.8194,7.7228,7.8194,0,0
TOA_PE,D,20201228,000000,7.9159,7.9159,7.7228,7.8194,0,0
TOA_PE,D,20201229,000000,7.8194,7.9159,7.6263,7.6263,0,0
TOA_PE,D,20201230,000000,7.6263,7.7228,7.6263,7.7228,0,0
TOA_PE,D,20210104,000000,7.8194,8.109,7.8194,7.9159,0,0
TOA_PE,D,20210105,000000,8.0124,8.7847,8.0124,8.5916,0,0
TOA_PE,D,20210107,000000,8.9778,8.9778,8.4951,8.5916,0,0
TOA_PE,D,20210108,000000,8.7847,8.7847,8.3986,8.5916,0,0
TOA_PE,D,20210111,000000,8.5916,8.5916,8.3986,8.3986,0,0
TOA_PE,D,20210112,000000,8.3986,8.3986,8.2055,8.302,0,0
TOA_PE,D,20210113,000000,8.302,8.4951,8.2055,8.4951,0,0
TOA_PE,D,20210114,000000,8.5916,8.7847,8.3986,8.4951,0,0
TOA_PE,D,20210115,000000,8.4951,8.4951,8.3986,8.4951,0,0
TOA_PE,D,20210118,000000,8.4951,8.6882,8.3986,8.5916,0,0
TOA_PE,D,20210119,000000,8.6882,8.6882,8.4951,8.4951,0,0
TOA_PE,D,20210120,000000,8.4951,8.5916,8.3986,8.5916,0,0
TOA_PE,D,20210121,000000,8.4951,8.5916,8.3986,8.4951,0,0
TOA_PE,D,20210122,000000,8.3986,8.4951,8.109,8.3986,0,0
TOA_PE,D,20210125,000000,8.3986,8.3986,8.2055,8.3986,0,0
TOA_PE,D,20210126,000000,8.3986,8.3986,8.109,8.109,0,0
TOA_PE,D,20210127,000000,8.109,8.109,7.9159,7.9159,0,0
TOA_PE,D,20210128,000000,7.8194,8.2055,7.7228,8.2055,0,0
TOA_PE,D,20210129,000000,8.2055,8.2055,8.109,8.109,0,0
TOA_PE,D,20210201,000000,8.109,8.2055,8.0124,8.109,0,0
TOA_PE,D,20210202,000000,8.109,8.4951,7.9159,8.4951,0,0
TOA_PE,D,20210203,000000,8.5916,9.0743,8.5916,8.6882,0,0
TOA_PE,D,20210204,000000,8.6882,8.8812,8.5916,8.6882,0,0
TOA_PE,D,20210205,000000,8.6882,8.8812,8.6882,8.8812,0,0
TOA_PE,D,20210208,000000,8.8812,9.0743,8.8812,9.0743,0,0
TOA_PE,D,20210209,000000,9.0743,9.0743,8.6882,8.7847,0,0
TOA_PE,D,20210210,000000,8.7847,8.7847,8.4951,8.4951,0,0
TOA_PE,D,20210211,000000,8.4951,9.0743,8.3986,9.0743,0,0
TOA_PE,D,20210212,000000,9.1708,9.1708,8.7847,8.8812,0,0
TOA_PE,D,20210215,000000,8.9778,8.9778,8.7847,8.9778,0,0
TOA_PE,D,20210216,000000,8.9778,8.9778,8.7847,8.7847,0,0
TOA_PE,D,20210217,000000,8.8812,8.8812,8.5916,8.6882,0,0
TOA_PE,D,20210218,000000,8.5916,8.7847,8.4951,8.4951,0,0
TOA_PE,D,20210219,000000,8.4951,8.6882,8.4951,8.6882,0,0
TOA_PE,D,20210222,000000,8.7847,8.7847,8.5916,8.6882,0,0
TOA_PE,D,20210223,000000,8.6882,8.6882,8.4951,8.5916,0,0
TOA_PE,D,20210224,000000,8.5916,8.5916,8.4951,8.5916,0,0
TOA_PE,D,20210225,000000,8.5916,8.7847,8.5916,8.6882,0,0
TOA_PE,D,20210226,000000,8.5916,8.5916,8.4951,8.5916,0,0
TOA_PE,D,20210301,000000,8.6882,8.6882,8.5916,8.5916,0,0
TOA_PE,D,20210302,000000,8.5916,8.6882,8.5916,8.6882,0,0
TOA_PE,D,20210303,000000,8.6882,8.7847,8.5916,8.5916,0,0
TOA_PE,D,20210304,000000,8.5916,8.5916,8.4951,8.5916,0,0
TOA_PE,D,20210305,000000,8.5916,8.6882,8.5916,8.5916,0,0
TOA_PE,D,20210308,000000,8.6882,8.6882,8.4951,8.5916,0,0
TOA_PE,D,20210309,000000,8.5916,8.6882,8.4951,8.6882,0,0
TOA_PE,D,20210310,000000,8.6882,8.6882,8.5916,8.5916,0,0
TOA_PE,D,20210311,000000,8.5916,8.6882,8.5916,8.5916,0,0
TOA_PE,D,20210312,000000,8.5916,9.3639,8.5916,9.3639,0,0
TOA_PE,D,20210315,000000,9.4605,9.557,9.1708,9.2674,0,0
TOA_PE,D,20210316,000000,9.3639,9.3639,9.1708,9.2674,0,0
TOA_PE,D,20210317,000000,9.2674,9.2674,8.8812,9.0743,0,0
TOA_PE,D,20210318,000000,9.0743,9.2674,8.9778,9.2674,0,0
TOA_PE,D,20210319,000000,9.2674,9.2674,8.8812,9.0743,0,0
TOA_PE,D,20210322,000000,9.1708,9.847,8.9778,9.4605,0,0
TOA_PE,D,20210323,000000,9.4605,9.4605,9.3639,9.4605,0,0
TOA_PE,D,20210324,000000,9.75,9.75,9.0743,9.1708,0,0
TOA_PE,D,20210325,000000,9.2674,9.2674,8.9778,9.1708,0,0
TOA_PE,D,20210326,000000,9.0743,9.2674,9.0743,9.2674,0,0
TOA_PE,D,20210329,000000,9.3639,9.557,9.2674,9.4605,0,0
TOA_PE,D,20210330,000000,9.557,9.75,9.557,9.75,0,0
TOA_PE,D,20210331,000000,9.75,10.04,9.557,9.943,0,0
TOA_PE,D,20210401,000000,10.04,10.04,9.847,9.847,0,0
TOA_PE,D,20210406,000000,9.847,10.136,9.75,10.136,0,0
TOA_PE,D,20210407,000000,10.136,10.522,10.04,10.522,0,0
TOA_PE,D,20210408,000000,10.522,10.715,10.426,10.715,0,0
TOA_PE,D,20210409,000000,10.715,10.812,10.522,10.715,0,0
TOA_PE,D,20210412,000000,10.812,11.198,10.812,11.102,0,0
TOA_PE,D,20210413,000000,11.102,11.198,10.908,11.005,0,0
TOA_PE,D,20210414,000000,11.102,11.102,8.9778,8.9778,0,0
TOA_PE,D,20210415,000000,9.0743,9.0743,8.8812,9.0743,0,0
TOA_PE,D,20210416,000000,9.0743,9.4605,9.0743,9.3639,0,0
TOA_PE,D,20210419,000000,9.4605,9.75,9.3639,9.3639,0,0
TOA_PE,D,20210420,000000,9.3639,9.3639,8.8812,9.0743,0,0
TOA_PE,D,20210421,000000,9.0743,9.0743,8.5916,8.7847,0,0
TOA_PE,D,20210422,000000,8.7847,8.8812,8.5916,8.7847,0,0
TOA_PE,D,20210423,000000,8.7847,9.0743,8.5916,9.0743,0,0
TOA_PE,D,20210426,000000,9.0743,9.0743,8.6882,8.6882,0,0
TOA_PE,D,20210427,000000,8.6882,8.9778,8.5916,8.8812,0,0
TOA_PE,D,20210428,000000,8.8812,8.9778,8.7847,8.8812,0,0
TOA_PE,D,20210429,000000,8.8812,8.8812,8.6882,8.6882,0,0
TOA_PE,D,20210430,000000,8.7847,8.8812,8.6882,8.8812,0,0
TOA_PE,D,20210504,000000,8.9778,9.1708,8.5916,8.7847,0,0
TOA_PE,D,20210505,000000,8.7847,8.8812,8.7847,8.8812,0,0
TOA_PE,D,20210506,000000,8.8812,8.9778,8.7847,8.7847,0,0
TOA_PE,D,20210507,000000,8.8812,8.8812,8.7847,8.8812,0,0
TOA_PE,D,20210510,000000,8.8812,8.9778,8.109,8.109,0,0
TOA_PE,D,20210511,000000,8.2055,8.2055,8.0124,8.109,0,0
TOA_PE,D,20210512,000000,8.109,8.2055,8.0124,8.0124,0,0
TOA_PE,D,20210513,000000,8.0124,8.0124,7.7228,7.9159,0,0
TOA_PE,D,20210514,000000,7.9159,8.0124,7.8194,8.0124,0,0
TOA_PE,D,20210517,000000,8.109,8.109,8.0124,8.0124,0,0
TOA_PE,D,20210518,000000,7.9159,8.302,7.9159,8.2055,0,0
TOA_PE,D,20210519,000000,8.302,8.302,8.2055,8.2055,0,0
TOA_PE,D,20210520,000000,8.2055,8.4951,8.2055,8.4951,0,0
TOA_PE,D,20210521,000000,8.4951,8.8812,8.4951,8.7847,0,0
TOA_PE,D,20210524,000000,8.7847,8.8812,8.3986,8.3986,0,0
TOA_PE,D,20210525,000000,8.3986,8.4951,8.109,8.2055,0,0
TOA_PE,D,20210526,000000,8.2055,8.3986,8.2055,8.3986,0,0
TOA_PE,D,20210527,000000,8.4951,8.5916,8.3986,8.4951,0,0
TOA_PE,D,20210528,000000,8.5916,8.6882,8.4951,8.5916,0,0
TOA_PE,D,20210531,000000,8.5916,8.6882,8.4951,8.6882,0,0
TOA_PE,D,20210601,000000,8.6882,9.0743,8.5916,8.6882,0,0
TOA_PE,D,20210602,000000,8.8812,8.8812,8.6882,8.8812,0,0
TOA_PE,D,20210604,000000,8.8812,9.0743,8.8812,8.8812,0,0
TOA_PE,D,20210607,000000,8.8812,8.9778,8.6882,8.6882,0,0
TOA_PE,D,20210608,000000,8.7847,8.7847,8.5916,8.6882,0,0
TOA_PE,D,20210609,000000,8.7847,8.9778,8.5916,8.9778,0,0
TOA_PE,D,20210610,000000,9.0743,9.1708,8.9778,9.1708,0,0
TOA_PE,D,20210611,000000,9.2674,9.3639,8.9778,9.0743,0,0
TOA_PE,D,20210614,000000,9.1708,9.2674,9.0743,9.2674,0,0
TOA_PE,D,20210615,000000,9.2674,9.2674,9.0743,9.0743,0,0
TOA_PE,D,20210616,000000,9.0743,9.0743,8.7847,8.7847,0,0
TOA_PE,D,20210617,000000,8.7847,8.7847,8.3986,8.7847,0,0
TOA_PE,D,20210618,000000,8.7847,8.8812,8.5916,8.7847,0,0
TOA_PE,D,20210621,000000,8.6882,8.7847,8.5916,8.7847,0,0
TOA_PE,D,20210622,000000,8.7847,9.0743,8.7847,9.0743,0,0
TOA_PE,D,20210623,000000,9.0743,9.3639,9.0743,9.1708,0,0
TOA_PE,D,20210624,000000,9.1708,9.1708,9.0743,9.1708,0,0
TOA_PE,D,20210625,000000,9.1708,9.2674,9.0743,9.0743,0,0
TOA_PE,D,20210628,000000,9.0743,9.0743,8.8812,8.8812,0,0
TOA_PE,D,20210629,000000,8.8812,8.9778,8.7847,8.8812,0,0
TOA_PE,D,20210630,000000,8.8812,8.9778,8.5916,8.6882,0,0
TOA_PE,D,20210701,000000,8.7847,8.7847,8.5916,8.7847,0,0
TOA_PE,D,20210702,000000,8.6882,8.8812,8.6882,8.8812,0,0
TOA_PE,D,20210705,000000,8.9778,9.0743,8.8812,8.9778,0,0
TOA_PE,D,20210706,000000,9.0743,9.0743,8.7847,8.8812,0,0
TOA_PE,D,20210707,000000,8.8812,8.8812,8.7847,8.7847,0,0
TOA_PE,D,20210708,000000,8.8812,8.8812,8.6882,8.6882,0,0
TOA_PE,D,20210709,000000,8.6882,8.6882,8.5916,8.5916,0,0
TOA_PE,D,20210712,000000,8.5916,8.7847,8.5916,8.7847,0,0
TOA_PE,D,20210713,000000,8.7847,8.8812,8.6882,8.8812,0,0
TOA_PE,D,20210714,000000,8.8812,8.9778,8.6882,8.9778,0,0
TOA_PE,D,20210715,000000,8.9778,8.9778,8.7847,8.7847,0,0
TOA_PE,D,20210716,000000,8.7847,8.7847,8.4951,8.5916,0,0
TOA_PE,D,20210719,000000,8.5916,8.5916,8.302,8.302,0,0
TOA_PE,D,20210720,000000,8.2055,8.4951,8.2055,8.4951,0,0
TOA_PE,D,20210721,000000,8.4951,8.6882,8.3986,8.6882,0,0
TOA_PE,D,20210722,000000,8.6882,8.6882,8.5916,8.5916,0,0
TOA_PE,D,20210723,000000,8.5916,8.6882,8.4951,8.5916,0,0
TOA_PE,D,20210726,000000,8.8,9.1,8.5,8.6,0,0
TOA_PE,D,20210727,000000,8.6,8.7,8.5,8.5,0,0
TOA_PE,D,20210728,000000,8.5,8.6,8.3,8.4,0,0
TOA_PE,D,20210729,000000,8.4,8.8,8.4,8.8,0,0
TOA_PE,D,20210730,000000,8.8,8.9,8.6,8.8,0,0
TOA_PE,D,20210802,000000,8.8,8.8,8.7,8.8,0,0
TOA_PE,D,20210803,000000,8.8,8.8,8.7,8.8,0,0
TOA_PE,D,20210804,000000,8.8,8.9,8.6,8.7,0,0
TOA_PE,D,20210805,000000,8.7,8.8,8.6,8.8,0,0
TOA_PE,D,20210806,000000,8.8,9,8.8,8.9,0,0
TOA_PE,D,20210809,000000,8.9,9.2,8.8,9.1,0,0
TOA_PE,D,20210810,000000,9.2,9.2,9,9.1,0,0
TOA_PE,D,20210811,000000,9.1,9.2,9.1,9.2,0,0
TOA_PE,D,20210812,000000,9.2,9.3,9.1,9.2,0,0
TOA_PE,D,20210813,000000,9.3,9.3,9.2,9.2,0,0
TOA_PE,D,20210816,000000,9.2,9.4,9,9.3,0,0
TOA_PE,D,20210817,000000,9.2,9.3,9.1,9.1,0,0
TOA_PE,D,20210818,000000,9.2,9.2,9,9.1,0,0
TOA_PE,D,20210819,000000,9.1,9.1,8.8,9,0,0
TOA_PE,D,20210820,000000,9,9,9,9,0,0
TOA_PE,D,20210823,000000,9,9.1,8.9,9,0,0
TOA_PE,D,20210824,000000,9.1,9.1,9,9.1,0,0
TOA_PE,D,20210825,000000,9.2,9.2,9,9,0,0
TOA_PE,D,20210826,000000,9,9.2,9,9.1,0,0
TOA_PE,D,20210827,000000,9.2,9.3,8.6,8.6,0,0
TOA_PE,D,20210830,000000,8.6,8.8,8.6,8.7,0,0
TOA_PE,D,20210831,000000,8.7,8.7,8.6,8.7,0,0
TOA_PE,D,20210901,000000,8.7,8.7,8.6,8.7,0,0
TOA_PE,D,20210902,000000,8.7,8.7,8.4,8.6,0,0
TOA_PE,D,20210903,000000,8.6,8.7,8.6,8.7,0,0
TOA_PE,D,20210906,000000,8.7,8.7,8.6,8.6,0,0
TOA_PE,D,20210907,000000,8.6,8.7,8.6,8.6,0,0
TOA_PE,D,20210908,000000,8.6,8.7,8.6,8.6,0,0
TOA_PE,D,20210909,000000,8.6,8.7,8.5,8.7,0,0
TOA_PE,D,20210910,000000,8.7,9,8.7,9,0,0
TOA_PE,D,20210913,000000,9.1,9.4,9.1,9.1,0,0
TOA_PE,D,20210914,000000,9,9.1,8.9,9,0,0
TOA_PE,D,20210915,000000,8.9,9,8.9,8.9,0,0
TOA_PE,D,20210916,000000,8.9,9,8.9,9,0,0
TOA_PE,D,20210917,000000,9,9.1,8.9,8.9,0,0
TOA_PE,D,20210920,000000,8.9,8.9,8,8.6,0,0
TOA_PE,D,20210921,000000,8.5,8.7,8.4,8.6,0,0
TOA_PE,D,20210922,000000,8.7,9,8.7,8.9,0,0
TOA_PE,D,20210923,000000,9,9.1,8.8,9,0,0
TOA_PE,D,20210924,000000,9,9.1,8.9,8.9,0,0
TOA_PE,D,20210927,000000,8.9,9,8.8,8.8,0,0
TOA_PE,D,20210928,000000,8.8,8.9,8.7,8.8,0,0
TOA_PE,D,20210929,000000,8.7,8.9,8.6,8.9,0,0
TOA_PE,D,20210930,000000,8.9,8.9,8.6,8.8,0,0
TOA_PE,D,20211001,000000,8.7,8.7,8.5,8.6,0,0
TOA_PE,D,20211004,000000,8.6,8.7,8.6,8.7,0,0
TOA_PE,D,20211005,000000,8.7,8.7,8.6,8.6,0,0
TOA_PE,D,20211006,000000,8.6,8.7,8.5,8.6,0,0
TOA_PE,D,20211007,000000,8.6,8.7,8.6,8.7,0,0
TOA_PE,D,20211008,000000,8.6,8.7,8.5,8.5,0,0
TOA_PE,D,20211011,000000,8.5,8.5,8.4,8.5,0,0
TOA_PE,D,20211012,000000,8.5,8.5,8.4,8.5,0,0
TOA_PE,D,20211013,000000,8.4,8.4,8.2,8.4,0,0
TOA_PE,D,20211014,000000,8.4,8.5,8.4,8.4,0,0
TOA_PE,D,20211015,000000,8.4,8.4,8.3,8.4,0,0
TOA_PE,D,20211018,000000,8.4,8.4,8.3,8.3,0,0
TOA_PE,D,20211019,000000,8.3,8.4,8.2,8.3,0,0
TOA_PE,D,20211020,000000,8.3,8.4,8.3,8.3,0,0
TOA_PE,D,20211021,000000,8.3,8.3,8.1,8.2,0,0
TOA_PE,D,20211022,000000,8.2,8.3,8.2,8.2,0,0
TOA_PE,D,20211025,000000,8.2,8.2,8.1,8.1,0,0
TOA_PE,D,20211026,000000,8.1,8.3,8.1,8.3,0,0
TOA_PE,D,20211027,000000,8.3,8.3,8,8.1,0,0
TOA_PE,D,20211028,000000,8.2,8.2,7.9,8,0,0
TOA_PE,D,20211029,000000,8.1,8.1,7.9,8.1,0,0
TOA_PE,D,20211102,000000,8.1,8.1,8,8.1,0,0
TOA_PE,D,20211103,000000,8.1,8.1,8,8.1,0,0
TOA_PE,D,20211104,000000,8.1,8.5,8.1,8.5,0,0
TOA_PE,D,20211105,000000,8.4,8.5,7.9,8,0,0
TOA_PE,D,20211108,000000,7.9,8.1,7.7,7.7,0,0
TOA_PE,D,20211109,000000,7.7,7.8,7.7,7.7,0,0
TOA_PE,D,20211110,000000,7.7,7.7,7.5,7.6,0,0
TOA_PE,D,20211112,000000,7.6,7.8,7.6,7.6,0,0
TOA_PE,D,20211115,000000,7.6,7.7,7.6,7.6,0,0
TOA_PE,D,20211116,000000,7.5,7.7,7.5,7.7,0,0
TOA_PE,D,20211117,000000,7.7,7.8,7.7,7.7,0,0
TOA_PE,D,20211118,000000,7.7,7.7,7.5,7.6,0,0
TOA_PE,D,20211119,000000,7.6,7.6,7.1,7.3,0,0
TOA_PE,D,20211122,000000,7.3,7.3,6.8,6.9,0,0
TOA_PE,D,20211123,000000,7,7.2,7,7.2,0,0
TOA_PE,D,20211124,000000,7.2,7.4,7.2,7.3,0,0
TOA_PE,D,20211125,000000,7.4,7.5,7.4,7.4,0,0
TOA_PE,D,20211126,000000,7.4,7.6,7.1,7.6,0,0
TOA_PE,D,20211129,000000,7.6,7.6,7.2,7.5,0,0
TOA_PE,D,20211130,000000,7.4,7.5,7.2,7.5,0,0
TOA_PE,D,20211201,000000,7.5,7.7,7.3,7.7,0,0
TOA_PE,D,20211202,000000,7.6,7.7,7.5,7.6,0,0
TOA_PE,D,20211203,000000,7.6,7.7,7.5,7.6,0,0
TOA_PE,D,20211206,000000,7.6,7.6,7.3,7.3,0,0
TOA_PE,D,20211207,000000,7.4,7.4,7.1,7.3,0,0
TOA_PE,D,20211208,000000,7.3,7.3,7.2,7.3,0,0
TOA_PE,D,20211209,000000,7.3,7.4,7.2,7.3,0,0
TOA_PE,D,20211210,000000,7.3,7.6,7.1,7.5,0,0
TOA_PE,D,20211213,000000,7.5,7.5,7.4,7.4,0,0
TOA_PE,D,20211214,000000,7.4,7.4,7.1,7.1,0,0
TOA_PE,D,20211215,000000,7.1,7.2,7,7,0,0
TOA_PE,D,20211216,000000,7,7.2,7,7.2,0,0
TOA_PE,D,20211217,000000,7.1,7.2,7.1,7.1,0,0
TOA_PE,D,20211220,000000,7.1,7.1,6.9,7.1,0,0
TOA_PE,D,20211221,000000,7.1,7.2,7.1,7.1,0,0
TOA_PE,D,20211222,000000,7.1,7.3,7,7.2,0,0
TOA_PE,D,20211223,000000,7.1,7.2,7.1,7.2,0,0
TOA_PE,D,20211227,000000,7.1,7.3,7.1,7.3,0,0
TOA_PE,D,20211228,000000,7.3,7.4,7.1,7.4,0,0
TOA_PE,D,20211229,000000,7.4,7.6,7.4,7.5,0,0
TOA_PE,D,20211230,000000,7.5,7.5,7.3,7.5,0,0
TOA_PE,D,20220103,000000,7.5,7.5,7.4,7.5,0,0
TOA_PE,D,20220104,000000,7.5,7.6,7.5,7.5,0,0
TOA_PE,D,20220105,000000,7.5,7.5,7.4,7.4,0,0
TOA_PE,D,20220107,000000,7.4,7.4,7.3,7.4,0,0
TOA_PE,D,20220110,000000,7.4,7.4,7.3,7.3,0,0
TOA_PE,D,20220111,000000,7.3,7.4,7.3,7.4,0,0
TOA_PE,D,20220112,000000,7.4,7.5,7.4,7.5,0,0
TOA_PE,D,20220113,000000,7.5,7.6,7.5,7.6,0,0
TOA_PE,D,20220114,000000,7.6,7.8,7.6,7.7,0,0
TOA_PE,D,20220117,000000,7.8,7.8,7.7,7.7,0,0
TOA_PE,D,20220118,000000,7.7,7.7,7.5,7.7,0,0
TOA_PE,D,20220119,000000,7.7,7.7,7.5,7.7,0,0
TOA_PE,D,20220120,000000,7.7,7.7,7.3,7.3,0,0
TOA_PE,D,20220121,000000,7.3,7.6,7.3,7.5,0,0
TOA_PE,D,20220124,000000,7.4,7.4,7.1,7.2,0,0
TOA_PE,D,20220125,000000,7.1,7.3,7.1,7.2,0,0
TOA_PE,D,20220126,000000,7.2,7.2,7.1,7.2,0,0
TOA_PE,D,20220127,000000,7.1,7.2,7.1,7.1,0,0
TOA_PE,D,20220128,000000,7.1,7.1,6.9,6.9,0,0
TOA_PE,D,20220131,000000,6.9,7,6.9,7,0,0
TOA_PE,D,20220201,000000,7,7.2,7,7.2,0,0
TOA_PE,D,20220202,000000,7.3,7.3,7.2,7.2,0,0
TOA_PE,D,20220203,000000,7.2,7.3,7.2,7.2,0,0
TOA_PE,D,20220204,000000,7.2,7.2,7.1,7.1,0,0
TOA_PE,D,20220207,000000,7.1,7.1,7,7.1,0,0
TOA_PE,D,20220208,000000,7.2,7.2,7,7,0,0
TOA_PE,D,20220209,000000,7,7,6.9,7,0,0
TOA_PE,D,20220210,000000,7,7.1,7,7,0,0
TOA_PE,D,20220211,000000,7,7.1,6.9,7,0,0
TOA_PE,D,20220214,000000,6.9,7,6.8,6.8,0,0
TOA_PE,D,20220215,000000,6.8,7,6.8,6.9,0,0
TOA_PE,D,20220216,000000,7,7,6.7,6.7,0,0
TOA_PE,D,20220217,000000,6.7,6.8,6.5,6.6,0,0
TOA_PE,D,20220218,000000,6.7,6.7,6.5,6.6,0,0
TOA_PE,D,20220221,000000,6.5,6.6,6.4,6.4,0,0
TOA_PE,D,20220222,000000,6.3,6.4,6.3,6.3,0,0
TOA_PE,D,20220223,000000,6.3,6.4,6.2,6.3,0,0
TOA_PE,D,20220224,000000,6,6,5.5,5.8,0,0
TOA_PE,D,20220225,000000,5.7,6.1,5.7,5.8,0,0
TOA_PE,D,20220228,000000,5.8,6,5.7,5.9,0,0
TOA_PE,D,20220301,000000,6.1,6.1,5.7,5.7,0,0
TOA_PE,D,20220302,000000,5.7,5.8,5.6,5.6,0,0
TOA_PE,D,20220303,000000,5.6,6.1,5.6,6,0,0
TOA_PE,D,20220304,000000,6.1,6.1,5.7,5.7,0,0
TOA_PE,D,20220307,000000,5.7,5.7,5.1,5.6,0,0
TOA_PE,D,20220308,000000,5.6,5.8,5.6,5.8,0,0
TOA_PE,D,20220309,000000,5.8,5.9,5.8,5.8,0,0
TOA_PE,D,20220310,000000,5.9,5.9,5.8,5.8,0,0
TOA_PE,D,20220311,000000,5.9,6,5.8,5.9,0,0
TOA_PE,D,20220314,000000,5.9,6.1,5.9,6.1,0,0
TOA_PE,D,20220315,000000,6.1,6.3,6.1,6.2,0,0
TOA_PE,D,20220316,000000,6.2,6.3,6.2,6.2,0,0
TOA_PE,D,20220317,000000,6.2,6.4,6.2,6.4,0,0
TOA_PE,D,20220318,000000,6.4,6.8,6.4,6.8,0,0
TOA_PE,D,20220321,000000,6.8,6.8,6.8,6.8,0,0
TOA_PE,D,20220322,000000,6.8,6.8,6.8,6.8,0,0
TOA_PE,D,20220323,000000,6.8,6.8,6.8,6.8,0,0
TOA_PE,D,20220324,000000,6.8,6.8,6.8,6.8,0,0
TOA_PE,D,20220325,000000,6.8,6.8,6.5,6.5,0,0
TOA_PE,D,20220328,000000,6.5,6.5,6.3,6.4,0,0
TOA_PE,D,20220329,000000,6.4,6.4,6.2,6.4,0,0
TOA_PE,D,20220330,000000,6.5,6.7,6.4,6.7,0,0
TOA_PE,D,20220331,000000,6.7,6.7,6.6,6.6,0,0
TOA_PE,D,20220401,000000,6.6,6.6,6.5,6.5,0,0
TOA_PE,D,20220404,000000,6.5,6.6,6.5,6.5,0,0
TOA_PE,D,20220405,000000,6.5,6.7,6.5,6.7,0,0
TOA_PE,D,20220406,000000,6.6,6.7,6.6,6.7,0,0
TOA_PE,D,20220407,000000,6.6,6.7,6.6,6.7,0,0
TOA_PE,D,20220408,000000,6.7,6.7,6.5,6.6,0,0
TOA_PE,D,20220411,000000,6.5,6.7,6.5,6.5,0,0
TOA_PE,D,20220412,000000,6.5,6.5,6.2,6.2,0,0
TOA_PE,D,20220413,000000,6.2,6.3,6.1,6.1,0,0
TOA_PE,D,20220414,000000,6.1,6.3,6.1,6.2,0,0
TOA_PE,D,20220419,000000,6.2,6.2,6,6,0,0
TOA_PE,D,20220420,000000,6,6.1,6,6.1,0,0
TOA_PE,D,20220421,000000,6.2,6.2,6.1,6.1,0,0
TOA_PE,D,20220422,000000,6.1,6.1,6,6.1,0,0
TOA_PE,D,20220425,000000,6,6.1,5.9,5.9,0,0
TOA_PE,D,20220426,000000,5.9,6,5.8,5.8,0,0
TOA_PE,D,20220427,000000,5.8,5.9,5.6,5.8,0,0
TOA_PE,D,20220428,000000,5.9,5.9,5.7,5.7,0,0
TOA_PE,D,20220429,000000,5.7,5.8,5.6,5.6,0,0
TOA_PE,D,20220502,000000,5.6,5.7,5.5,5.6,0,0
TOA_PE,D,20220504,000000,5.7,5.9,5.6,5.6,0,0
TOA_PE,D,20220505,000000,5.7,6.1,5.7,5.8,0,0
TOA_PE,D,20220506,000000,5.9,5.9,5.7,5.8,0,0
TOA_PE,D,20220509,000000,5.9,5.9,5.6,5.6,0,0
TOA_PE,D,20220510,000000,5.7,5.7,5.5,5.5,0,0
TOA_PE,D,20220511,000000,5.4,5.6,5.4,5.6,0,0
TOA_PE,D,20220512,000000,5.8,5.8,5.6,5.6,0,0
TOA_PE,D,20220513,000000,5.6,5.9,5.6,5.8,0,0
TOA_PE,D,20220516,000000,5.9,6,5.8,5.8,0,0
TOA_PE,D,20220517,000000,5.8,5.8,5.7,5.7,0,0
TOA_PE,D,20220518,000000,5.8,5.8,5.7,5.7,0,0
TOA_PE,D,20220519,000000,5.5,5.7,5.5,5.7,0,0
TOA_PE,D,20220520,000000,5.7,5.8,5.6,5.7,0,0
TOA_PE,D,20220523,000000,5.8,5.9,5.7,5.8,0,0
TOA_PE,D,20220524,000000,5.7,5.8,5.5,5.6,0,0
TOA_PE,D,20220525,000000,5.6,5.7,5.6,5.7,0,0
TOA_PE,D,20220526,000000,5.7,5.8,5.7,5.7,0,0
TOA_PE,D,20220527,000000,5.7,5.8,5.7,5.7,0,0
TOA_PE,D,20220530,000000,5.7,5.8,5.7,5.8,0,0
TOA_PE,D,20220531,000000,5.9,6,5.8,5.8,0,0
TOA_PE,D,20220601,000000,5.8,5.9,5.7,5.8,0,0
TOA_PE,D,20220602,000000,5.8,5.8,5.7,5.7,0,0
TOA_PE,D,20220603,000000,5.7,5.8,5.7,5.7,0,0
TOA_PE,D,20220606,000000,5.7,5.7,5.6,5.7,0,0
TOA_PE,D,20220607,000000,5.8,5.8,5.7,5.7,0,0
TOA_PE,D,20220608,000000,5.7,5.7,5.7,5.7,0,0
TOA_PE,D,20220609,000000,5.7,5.7,5.6,5.7,0,0
TOA_PE,D,20220610,000000,5.8,5.8,5.6,5.6,0,0
TOA_PE,D,20220613,000000,5.6,5.8,5.4,5.4,0,0
TOA_PE,D,20220614,000000,5.3,5.6,5.3,5.4,0,0
TOA_PE,D,20220615,000000,5.4,5.5,5.2,5.3,0,0
TOA_PE,D,20220617,000000,5.3,5.4,5.2,5.3,0,0
TOA_PE,D,20220620,000000,5.3,5.4,5.2,5.3,0,0
TOA_PE,D,20220621,000000,5.3,5.5,5.3,5.5,0,0
TOA_PE,D,20220622,000000,5.4,5.7,5.3,5.5,0,0
TOA_PE,D,20220623,000000,5.5,5.6,5.4,5.5,0,0
TOA_PE,D,20220624,000000,5.5,5.5,5.4,5.4,0,0
TOA_PE,D,20220627,000000,5.3,5.4,5.3,5.4,0,0
TOA_PE,D,20220628,000000,5.5,5.5,5.2,5.2,0,0
TOA_PE,D,20220629,000000,5.2,5.2,5,5.1,0,0
TOA_PE,D,20220630,000000,5.1,5.2,5,5,0,0
TOA_PE,D,20220701,000000,5.1,5.1,4.9,5,0,0
TOA_PE,D,20220704,000000,5,5.3,4.9,5.2,0,0
TOA_PE,D,20220705,000000,5.3,5.3,5,5,0,0
TOA_PE,D,20220706,000000,5.1,5.1,4.9,4.9,0,0
TOA_PE,D,20220707,000000,5,5,4.9,5,0,0
TOA_PE,D,20220708,000000,5,5,5,5,0,0
TOA_PE,D,20220711,000000,5,5.1,5,5,0,0
TOA_PE,D,20220712,000000,5,5,4.9,4.9,0,0
TOA_PE,D,20220713,000000,4.9,5,4.8,4.9,0,0
TOA_PE,D,20220714,000000,4.8,4.9,4.8,4.8,0,0
TOA_PE,D,20220715,000000,4.8,4.9,4.7,4.7,0,0
TOA_PE,D,20220718,000000,4.7,4.8,4.7,4.8,0,0
TOA_PE,D,20220719,000000,4.8,4.8,4.8,4.8,0,0
TOA_PE,D,20220720,000000,4.8,5,4.8,4.9,0,0
TOA_PE,D,20220721,000000,4.8,4.9,4.8,4.8,0,0
TOA_PE,D,20220722,000000,4.8,4.8,4.7,4.7,0,0
TOA_PE,D,20220725,000000,4.7,4.8,4.7,4.7,0,0
TOA_PE,D,20220726,000000,4.7,4.7,4.7,4.7,0,0
TOA_PE,D,20220727,000000,4.7,4.7,4.7,4.7,0,0
TOA_PE,D,20220728,000000,4.7,4.7,4.7,4.7,0,0
TOA_PE,D,20220729,000000,4.7,4.8,4.7,4.8,0,0
TOA_PE,D,20220801,000000,4.8,4.8,4.7,4.7,0,0
TOA_PE,D,20220802,000000,4.7,4.8,4.7,4.7,0,0
TOA_PE,D,20220803,000000,4.7,4.8,4.7,4.7,0,0
TOA_PE,D,20220804,000000,4.7,4.8,4.7,4.7,0,0
TOA_PE,D,20220805,000000,4.7,4.7,4.7,4.7,0,0
TOA_PE,D,20220808,000000,4.7,4.8,4.7,4.7,0,0
TOA_PE,D,20220809,000000,4.7,4.8,4.7,4.8,0,0
TOA_PE,D,20220810,000000,4.8,4.8,4.8,4.8,0,0
TOA_PE,D,20220811,000000,4.8,5.2,4.8,5.1,0,0
TOA_PE,D,20220812,000000,5.1,5.2,5,5.1,0,0
TOA_PE,D,20220816,000000,5.1,5.2,5,5,0,0
TOA_PE,D,20220817,000000,5,5.1,4.9,5,0,0
TOA_PE,D,20220818,000000,5.1,5.1,5,5,0,0
TOA_PE,D,20220819,000000,5,5.1,5,5.1,0,0
TOA_PE,D,20220822,000000,5.1,5.1,4.8,4.8,0,0
TOA_PE,D,20220823,000000,4.8,5,4.8,4.8,0,0
TOA_PE,D,20220824,000000,4.8,4.9,4.8,4.9,0,0
TOA_PE,D,20220825,000000,5,5.1,4.9,4.9,0,0
TOA_PE,D,20220826,000000,5,5,4.8,4.9,0,0
TOA_PE,D,20220829,000000,4.8,5.2,4.8,5.2,0,0
TOA_PE,D,20220830,000000,5.3,5.3,5.1,5.1,0,0
TOA_PE,D,20220831,000000,5.1,5.2,5.1,5.1,0,0
TOA_PE,D,20220901,000000,5.1,5.1,5.1,5.1,0,0
TOA_PE,D,20220902,000000,5.1,5.3,5.1,5.2,0,0
TOA_PE,D,20220905,000000,5.2,5.3,5.2,5.2,0,0
TOA_PE,D,20220906,000000,5.2,5.2,5.1,5.1,0,0
TOA_PE,D,20220907,000000,5.2,5.2,5.1,5.2,0,0
TOA_PE,D,20220908,000000,5.2,5.2,5.1,5.1,0,0
TOA_PE,D,20220909,000000,5.2,5.2,5.1,5.1,0,0
TOA_PE,D,20220912,000000,5.2,5.2,5.1,5.1,0,0
TOA_PE,D,20220913,000000,5.2,5.2,5,5,0,0
TOA_PE,D,20220914,000000,5,5.1,5,5.1,0,0
TOA_PE,D,20220915,000000,5.1,5.1,5.1,5.1,0,0
TOA_PE,D,20220916,000000,5.1,5.1,5,5,0,0
TOA_PE,D,20220919,000000,5,5,4.9,5,0,0
TOA_PE,D,20220920,000000,5,5,4.9,5,0,0
TOA_PE,D,20220921,000000,5,5,4.9,4.9,0,0
TOA_PE,D,20220922,000000,4.9,5,4.9,4.9,0,0
TOA_PE,D,20220923,000000,4.9,5,4.9,4.9,0,0
TOA_PE,D,20220926,000000,4.8,5,4.8,5,0,0
TOA_PE,D,20220927,000000,4.9,5,4.9,4.9,0,0
TOA_PE,D,20220928,000000,4.9,4.9,4.8,4.9,0,0
TOA_PE,D,20220929,000000,4.8,5,4.7,4.7,0,0
TOA_PE,D,20220930,000000,4.8,4.8,4.7,4.8,0,0
TOA_PE,D,20221003,000000,4.8,4.9,4.7,4.8,0,0
TOA_PE,D,20221004,000000,4.8,4.8,4.7,4.7,0,0
TOA_PE,D,20221005,000000,4.8,4.8,4.7,4.7,0,0
TOA_PE,D,20221006,000000,4.8,4.8,4.7,4.7,0,0
TOA_PE,D,20221007,000000,4.8,4.8,4.7,4.8,0,0
TOA_PE,D,20221010,000000,4.8,4.8,4.7,4.7,0,0
TOA_PE,D,20221011,000000,4.7,4.7,4.6,4.6,0,0
TOA_PE,D,20221012,000000,4.6,4.7,4.4,4.5,0,0
TOA_PE,D,20221013,000000,4.5,4.7,4.5,4.6,0,0
TOA_PE,D,20221014,000000,4.6,4.6,4.5,4.6,0,0
TOA_PE,D,20221017,000000,4.6,4.6,4.5,4.6,0,0
TOA_PE,D,20221018,000000,4.6,4.8,4.6,4.7,0,0
TOA_PE,D,20221019,000000,4.7,4.7,4.6,4.7,0,0
TOA_PE,D,20221020,000000,4.7,4.7,4.5,4.7,0,0
TOA_PE,D,20221021,000000,4.7,4.7,4.6,4.7,0,0
TOA_PE,D,20221024,000000,4.7,4.7,4.6,4.7,0,0
TOA_PE,D,20221025,000000,4.7,4.8,4.5,4.6,0,0
TOA_PE,D,20221026,000000,4.6,4.7,4.6,4.7,0,0
TOA_PE,D,20221027,000000,4.6,4.8,4.6,4.7,0,0
TOA_PE,D,20221028,000000,4.7,4.7,4.6,4.7,0,0
TOA_PE,D,20221031,000000,4.7,4.8,4.6,4.7,0,0
TOA_PE,D,20221102,000000,4.7,4.8,4.7,4.8,0,0
TOA_PE,D,20221103,000000,4.8,4.8,4.6,4.7,0,0
TOA_PE,D,20221104,000000,4.8,5,4.8,4.9,0,0
TOA_PE,D,20221107,000000,4.9,5.1,4.8,5,0,0
TOA_PE,D,20221108,000000,5.1,5.3,4.9,5.3,0,0
TOA_PE,D,20221109,000000,5.3,5.4,5.2,5.2,0,0
TOA_PE,D,20221110,000000,5.2,5.3,5.2,5.2,0,0
TOA_PE,D,20221114,000000,5.2,5.4,5.2,5.3,0,0
TOA_PE,D,20221115,000000,5.4,5.4,5.2,5.3,0,0
TOA_PE,D,20221116,000000,5.3,5.4,5.3,5.4,0,0
TOA_PE,D,20221117,000000,5.3,5.4,5.3,5.4,0,0
TOA_PE,D,20221118,000000,5.3,5.4,5.3,5.3,0,0
TOA_PE,D,20221121,000000,5.4,5.6,5.3,5.6,0,0
TOA_PE,D,20221122,000000,5.6,5.8,5.6,5.8,0,0
TOA_PE,D,20221123,000000,5.8,6,5.8,5.9,0,0
TOA_PE,D,20221124,000000,5.9,5.9,5.7,5.7,0,0
TOA_PE,D,20221125,000000,5.7,5.8,5.7,5.8,0,0
TOA_PE,D,20221128,000000,5.9,5.9,5.6,5.8,0,0
TOA_PE,D,20221129,000000,5.8,5.9,5.7,5.8,0,0
TOA_PE,D,20221130,000000,5.8,5.8,5.7,5.8,0,0
TOA_PE,D,20221201,000000,5.8,5.8,5.7,5.7,0,0
TOA_PE,D,20221202,000000,5.7,5.7,5.6,5.6,0,0
TOA_PE,D,20221205,000000,5.7,5.7,5.4,5.6,0,0
TOA_PE,D,20221206,000000,5.6,5.6,5.5,5.5,0,0
TOA_PE,D,20221207,000000,5.5,5.7,5.5,5.6,0,0
TOA_PE,D,20221208,000000,5.6,5.6,5.6,5.6,0,0
TOA_PE,D,20221209,000000,5.6,5.7,5.5,5.6,0,0
TOA_PE,D,20221212,000000,5.7,5.7,5.5,5.5,0,0
TOA_PE,D,20221213,000000,5.5,5.6,5.4,5.6,0,0
TOA_PE,D,20221214,000000,5.6,5.6,5.5,5.5,0,0
TOA_PE,D,20221215,000000,5.6,5.6,5.5,5.5,0,0
TOA_PE,D,20221216,000000,5.5,5.6,5.4,5.5,0,0
TOA_PE,D,20221219,000000,5.5,5.6,5.5,5.5,0,0
TOA_PE,D,20221220,000000,5.6,5.6,5.5,5.5,0,0
TOA_PE,D,20221221,000000,5.5,5.6,5.4,5.5,0,0
TOA_PE,D,20221222,000000,5.5,5.6,5.4,5.5,0,0
TOA_PE,D,20221223,000000,5.5,5.6,5.5,5.5,0,0
TOA_PE,D,20221227,000000,5.5,5.5,5.4,5.4,0,0
TOA_PE,D,20221228,000000,5.4,5.5,5.4,5.4,0,0
TOA_PE,D,20221229,000000,5.4,5.6,5.4,5.6,0,0
TOA_PE,D,20221230,000000,5.6,5.9,5.5,5.7,0,0
TOA_PE,D,20230102,000000,5.7,5.7,5.5,5.6,0,0
TOA_PE,D,20230103,000000,5.7,5.8,5.7,5.7,0,0
TOA_PE,D,20230104,000000,5.7,5.9,5.7,5.7,0,0
TOA_PE,D,20230105,000000,5.7,5.8,5.6,5.8,0,0
TOA_PE,D,20230109,000000,5.9,6.3,5.9,6.3,0,0
TOA_PE,D,20230110,000000,6.3,6.4,6.1,6.4,0,0
TOA_PE,D,20230111,000000,6.4,6.5,6.1,6.1,0,0
TOA_PE,D,20230112,000000,6.3,6.4,6.2,6.3,0,0
TOA_PE,D,20230113,000000,6.4,6.4,6.2,6.4,0,0
TOA_PE,D,20230116,000000,6.4,6.5,6.3,6.4,0,0
TOA_PE,D,20230117,000000,6.4,6.6,6.3,6.3,0,0
TOA_PE,D,20230118,000000,6.3,6.4,6.3,6.4,0,0
TOA_PE,D,20230119,000000,6.3,6.4,6.2,6.3,0,0
TOA_PE,D,20230120,000000,6.3,6.4,6.3,6.4,0,0
TOA_PE,D,20230123,000000,6.4,6.5,6.3,6.5,0,0
TOA_PE,D,20230124,000000,6.5,6.6,6.4,6.5,0,0
TOA_PE,D,20230125,000000,6.5,6.5,6.3,6.3,0,0
TOA_PE,D,20230126,000000,6.4,6.4,6.3,6.3,0,0
TOA_PE,D,20230127,000000,6.3,6.4,6.2,6.3,0,0
TOA_PE,D,20230130,000000,6.3,6.3,6.2,6.2,0,0
TOA_PE,D,20230131,000000,6.2,6.4,6.2,6.3,0,0
TOA_PE,D,20230201,000000,6.5,6.7,6.5,6.7,0,0
TOA_PE,D,20230202,000000,6.7,7,6.7,6.9,0,0
TOA_PE,D,20230203,000000,6.9,6.9,6.6,6.8,0,0
TOA_PE,D,20230206,000000,6.7,6.8,6.6,6.8,0,0
TOA_PE,D,20230207,000000,6.6,6.7,6.6,6.7,0,0
TOA_PE,D,20230208,000000,6.8,6.8,6.7,6.7,0,0
TOA_PE,D,20230209,000000,6.7,6.8,6.7,6.8,0,0
TOA_PE,D,20230210,000000,6.7,6.8,6.5,6.6,0,0
TOA_PE,D,20230213,000000,6.5,6.6,6.4,6.5,0,0
TOA_PE,D,20230214,000000,6.6,6.6,6.4,6.5,0,0
TOA_PE,D,20230215,000000,6.5,6.5,6.4,6.4,0,0
TOA_PE,D,20230216,000000,6.4,6.4,6.4,6.4,0,0
TOA_PE,D,20230217,000000,6.4,6.4,6.2,6.3,0,0
TOA_PE,D,20230220,000000,6.3,6.7,6.3,6.6,0,0
TOA_PE,D,20230221,000000,6.5,6.6,6.4,6.6,0,0
TOA_PE,D,20230222,000000,6.5,6.5,6.4,6.5,0,0
TOA_PE,D,20230223,000000,6.3,6.5,6.3,6.5,0,0
TOA_PE,D,20230224,000000,6.4,6.5,6.4,6.4,0,0
TOA_PE,D,20230227,000000,6.4,6.4,6.4,6.4,0,0
TOA_PE,D,20230228,000000,6.4,6.5,6.4,6.5,0,0
TOA_PE,D,20230301,000000,6.5,6.7,6.5,6.7,0,0
TOA_PE,D,20230302,000000,6.8,6.8,6.6,6.7,0,0
TOA_PE,D,20230303,000000,6.7,6.8,6.6,6.8,0,0
TOA_PE,D,20230306,000000,6.8,6.8,6.7,6.8,0,0
TOA_PE,D,20230307,000000,6.7,6.8,6.7,6.8,0,0
TOA_PE,D,20230308,000000,6.7,6.7,6.6,6.7,0,0
TOA_PE,D,20230309,000000,6.7,6.8,6.7,6.7,0,0
TOA_PE,D,20230310,000000,6.7,6.7,6.6,6.7,0,0
TOA_PE,D,20230313,000000,6.6,6.6,6.3,6.4,0,0
TOA_PE,D,20230314,000000,6.4,6.5,6.3,6.5,0,0
TOA_PE,D,20230315,000000,6.5,6.6,6.3,6.3,0,0
TOA_PE,D,20230316,000000,6.3,6.4,6.2,6.3,0,0
TOA_PE,D,20230317,000000,6.4,6.5,6.3,6.3,0,0
TOA_PE,D,20230320,000000,6.3,6.3,5.9,6.1,0,0
TOA_PE,D,20230321,000000,6.1,6.2,6,6,0,0
TOA_PE,D,20230322,000000,6.2,6.2,6,6.1,0,0
TOA_PE,D,20230323,000000,6.1,6.1,5.8,5.9,0,0
TOA_PE,D,20230324,000000,6,6.4,6,6.2,0,0
TOA_PE,D,20230327,000000,6.3,6.4,6.3,6.3,0,0
TOA_PE,D,20230328,000000,6.3,6.4,6.2,6.3,0,0
TOA_PE,D,20230329,000000,6.3,6.4,6.2,6.4,0,0
TOA_PE,D,20230330,000000,6.4,6.4,6.3,6.3,0,0
TOA_PE,D,20230331,000000,6.3,6.3,6.1,6.1,0,0
TOA_PE,D,20230403,000000,6.1,6.4,6.1,6.3,0,0
TOA_PE,D,20230404,000000,6.3,6.4,6.2,6.3,0,0
TOA_PE,D,20230405,000000,6.3,6.4,6.1,6.3,0,0
TOA_PE,D,20230406,000000,6.3,6.4,6.3,6.4,0,0
TOA_PE,D,20230411,000000,6.4,6.5,6.3,6.5,0,0
TOA_PE,D,20230412,000000,6.5,6.6,6.4,6.6,0,0
TOA_PE,D,20230413,000000,6.6,6.7,6.6,6.6,0,0
TOA_PE,D,20230414,000000,6.6,6.7,6.6,6.6,0,0
TOA_PE,D,20230417,000000,6.7,6.7,6.6,6.7,0,0
TOA_PE,D,20230418,000000,6.7,6.9,6.7,6.9,0,0
TOA_PE,D,20230419,000000,7,7,6.7,6.8,0,0
TOA_PE,D,20230420,000000,6.8,6.9,6.7,6.9,0,0
TOA_PE,D,20230421,000000,6.9,6.9,6.8,6.8,0,0
TOA_PE,D,20230424,000000,6.8,6.8,6.7,6.8,0,0
TOA_PE,D,20230425,000000,6.7,6.8,6.7,6.8,0,0
TOA_PE,D,20230426,000000,6.8,6.8,6.8,6.8,0,0
TOA_PE,D,20230427,000000,6.8,6.8,6.7,6.7,0,0
TOA_PE,D,20230428,000000,6.7,6.8,6.7,6.8,0,0
TOA_PE,D,20230502,000000,6.8,6.9,6.8,6.8,0,0
TOA_PE,D,20230504,000000,6.8,7.1,6.8,7,0,0
TOA_PE,D,20230505,000000,7,7.1,6.9,6.9,0,0
TOA_PE,D,20230508,000000,6.9,7.3,6.8,7.3,0,0
TOA_PE,D,20230509,000000,7.3,7.3,7.2,7.2,0,0
TOA_PE,D,20230510,000000,7.3,7.4,7.1,7.4,0,0
TOA_PE,D,20230511,000000,7.4,7.4,7.3,7.4,0,0
TOA_PE,D,20230512,000000,6.9,7.3,6.5,7.3,0,0
TOA_PE,D,20230515,000000,7.3,7.3,7,7.1,0,0
TOA_PE,D,20230516,000000,7.1,7.3,7,7.2,0,0
TOA_PE,D,20230517,000000,7.2,7.2,7,7.2,0,0
TOA_PE,D,20230518,000000,7.2,7.2,7.2,7.2,0,0
TOA_PE,D,20230519,000000,7.1,7.2,7,7,0,0
TOA_PE,D,20230522,000000,7,7.1,7,7.1,0,0
TOA_PE,D,20230523,000000,7.1,7.3,7.1,7.2,0,0
TOA_PE,D,20230524,000000,7.1,7.1,6.9,7.1,0,0
TOA_PE,D,20230525,000000,7,7.2,6.9,7,0,0
TOA_PE,D,20230526,000000,7,7.1,6.9,7.1,0,0
TOA_PE,D,20230529,000000,7.1,7.1,6.9,6.9,0,0
TOA_PE,D,20230530,000000,7,7,6.9,7,0,0
TOA_PE,D,20230531,000000,7,7,6.9,6.9,0,0
TOA_PE,D,20230601,000000,6.9,6.9,6.9,6.9,0,0
TOA_PE,D,20230602,000000,7,7.1,6.9,7.1,0,0
TOA_PE,D,20230605,000000,7.1,7.1,7,7.1,0,0
TOA_PE,D,20230606,000000,7.1,7.3,7.1,7.2,0,0
TOA_PE,D,20230607,000000,7.2,7.2,7.2,7.2,0,0
TOA_PE,D,20230609,000000,7.2,7.2,7.2,7.2,0,0
TOA_PE,D,20230612,000000,7.2,7.2,7.2,7.2,0,0
TOA_PE,D,20230613,000000,7.2,7.2,7.1,7.2,0,0
TOA_PE,D,20230614,000000,7.2,7.2,7.1,7.2,0,0
TOA_PE,D,20230615,000000,7.2,7.2,7.2,7.2,0,0
TOA_PE,D,20230616,000000,7.2,7.3,7.2,7.2,0,0
TOA_PE,D,20230619,000000,7.2,7.3,7.2,7.2,0,0
TOA_PE,D,20230620,000000,7.2,7.2,7.1,7.2,0,0
TOA_PE,D,20230621,000000,7.3,7.3,7.2,7.2,0,0
TOA_PE,D,20230622,000000,7.2,7.2,7.1,7.2,0,0
TOA_PE,D,20230623,000000,7.2,7.3,7.2,7.2,0,0
TOA_PE,D,20230626,000000,7.2,7.2,7.1,7.2,0,0
TOA_PE,D,20230627,000000,7.2,7.2,7.1,7.2,0,0
TOA_PE,D,20230628,000000,7.2,7.2,7.1,7.2,0,0
TOA_PE,D,20230629,000000,7.2,7.2,7.2,7.2,0,0
TOA_PE,D,20230630,000000,7.2,7.2,7.2,7.2,0,0
TOA_PE,D,20230703,000000,7.2,7.2,7.2,7.2,0,0
TOA_PE,D,20230704,000000,7.2,7.2,7.2,7.2,0,0
TOA_PE,D,20230705,000000,7.2,7.2,7.2,7.2,0,0
TOA_PE,D,20230706,000000,7.2,7.2,7.2,7.2,0,0
TOA_PE,D,20230707,000000,7.2,7.2,7.2,7.2,0,0
TOA_PE,D,20230710,000000,7.2,7.2,7.2,7.2,0,0
TOA_PE,D,20230711,000000,7.2,7.2,7.2,7.2,0,0
TOA_PE,D,20230712,000000,7.2,7.2,7.2,7.2,0,0
TOA_PE,D,20230713,000000,7.2,7.5,7.2,7.4,0,0
TOA_PE,D,20230714,000000,7.4,7.6,7.3,7.6,0,0
TOA_PE,D,20230717,000000,7.6,7.6,7.4,7.5,0,0
TOA_PE,D,20230718,000000,7.5,7.5,7.2,7.4,0,0
TOA_PE,D,20230719,000000,7.4,7.5,7.2,7.2,0,0
TOA_PE,D,20230720,000000,7.2,7.3,7.1,7.1,0,0
TOA_PE,D,20230721,000000,7.1,7.5,7.1,7.5,0,0
TOA_PE,D,20230724,000000,7.5,7.5,7.4,7.4,0,0
TOA_PE,D,20230725,000000,7.4,7.4,7.3,7.4,0,0
TOA_PE,D,20230726,000000,7.4,7.4,7.3,7.4,0,0
TOA_PE,D,20230727,000000,7.4,7.4,7.2,7.2,0,0
TOA_PE,D,20230728,000000,7.2,7.2,7.2,7.2,0,0
TOA_PE,D,20230731,000000,7.3,7.5,7.3,7.5,0,0
TOA_PE,D,20230801,000000,7.6,7.6,7.3,7.4,0,0
TOA_PE,D,20230802,000000,7.4,7.4,7.3,7.3,0,0
TOA_PE,D,20230803,000000,7.4,7.5,7.3,7.4,0,0
TOA_PE,D,20230804,000000,7.4,7.5,7.2,7.2,0,0
TOA_PE,D,20230807,000000,7.2,7.26,7.152,7.2,0,0
TOA_PE,D,20230808,000000,7.14,7.236,7.14,7.2,0,0
TOA_PE,D,20230809,000000,7.212,7.224,7.152,7.2,0,0
TOA_PE,D,20230810,000000,7.2,7.319,7.14,7.3,0,0
TOA_PE,D,20230811,000000,7.312,7.312,7.145,7.2,0,0
TOA_PE,D,20230814,000000,7.2,7.32,7.2,7.2,0,0
TOA_PE,D,20230816,000000,7.188,7.2,6.95,7.2,0,0
TOA_PE,D,20230817,000000,7.212,7.212,7,7,0,0
TOA_PE,D,20230818,000000,7,7.071,7,7,0,0
TOA_PE,D,20230821,000000,6.952,7.1,6.94,7.1,0,0
TOA_PE,D,20230822,000000,7.148,7.16,7.076,7.1,0,0
TOA_PE,D,20230823,000000,7.1,7.1,6.993,7,0,0
TOA_PE,D,20230824,000000,7.047,7.1,7,7.1,0,0
TOA_PE,D,20230825,000000,7.34,7.412,7,7,0,0
TOA_PE,D,20230828,000000,7.035,7.115,7,7.1,0,0
TOA_PE,D,20230829,000000,7.1,7.1,6.951,7.1,0,0
TOA_PE,D,20230830,000000,7.066,7.1,6.997,7.1,0,0
TOA_PE,D,20230831,000000,7.146,7.273,7.112,7.2,0,0
TOA_PE,D,20230901,000000,7.2,7.3,7.097,7.3,0,0
TOA_PE,D,20230904,000000,7.3,7.415,7.3,7.4,0,0
TOA_PE,D,20230905,000000,7.342,7.4,7.226,7.4,0,0
TOA_PE,D,20230906,000000,7.353,7.353,7.122,7.2,0,0
TOA_PE,D,20230907,000000,7.188,7.534,7.142,7.3,0,0
TOA_PE,D,20230908,000000,7.312,7.415,7.198,7.4,0,0
TOA_PE,D,20230911,000000,7.435,7.596,7.343,7.4,0,0
TOA_PE,D,20230912,000000,7.4,7.617,7.4,7.6,0,0
TOA_PE,D,20230913,000000,7.646,7.911,7.612,7.9,0,0
TOA_PE,D,20230914,000000,7.75,7.83,7.727,7.8,0,0
TOA_PE,D,20230915,000000,7.789,7.789,7.57,7.6,0,0
TOA_PE,D,20230918,000000,7.6,7.658,7.439,7.5,0,0
TOA_PE,D,20230919,000000,7.397,7.454,7.363,7.4,0,0
TOA_PE,D,20230920,000000,7.377,7.5,7.377,7.5,0,0
TOA_PE,D,20230921,000000,7.5,7.512,7.373,7.4,0,0
TOA_PE,D,20230922,000000,7.411,7.411,7.261,7.4,0,0
TOA_PE,D,20230925,000000,7.377,7.4,7.342,7.4,0,0
TOA_PE,D,20230926,000000,7.307,7.4,7.284,7.4,0,0
TOA_PE,D,20230927,000000,7.4,7.469,7.238,7.3,0,0
TOA_PE,D,20230928,000000,7.22,7.3,7.118,7.2,0,0
TOA_PE,D,20230929,000000,7.189,7.3,7.154,7.3,0,0
TOA_PE,D,20231002,000000,7.254,7.3,7.116,7.3,0,0
TOA_PE,D,20231003,000000,7.311,7.346,7.196,7.2,0,0
TOA_PE,D,20231004,000000,7.2,7.269,7.2,7.2,0,0
TOA_PE,D,20231005,000000,7.223,7.407,7.2,7.2,0,0
TOA_PE,D,20231006,000000,7.211,7.257,7.2,7.2,0,0
TOA_PE,D,20231009,000000,7.223,7.246,7,7,0,0
TOA_PE,D,20231010,000000,6.943,7.069,6.943,7,0,0
TOA_PE,D,20231011,000000,7,7.206,7,7.1,0,0
TOA_PE,D,20231012,000000,7.192,7.71,7.192,7.4,0,0
TOA_PE,D,20231013,000000,7.525,7.822,7.48,7.8,0,0
TOA_PE,D,20231016,000000,7.904,7.962,7.696,7.8,0,0
TOA_PE,D,20231017,000000,7.8,7.8,7.571,7.8,0,0
TOA_PE,D,20231018,000000,7.8,7.8,7.523,7.6,0,0
TOA_PE,D,20231019,000000,7.658,7.658,7.474,7.6,0,0
TOA_PE,D,20231020,000000,7.6,7.6,7.324,7.4,0,0
TOA_PE,D,20231023,000000,7.596,7.851,7.504,7.8,0,0
TOA_PE,D,20231024,000000,7.8,7.823,7.662,7.7,0,0
TOA_PE,D,20231025,000000,7.746,7.8,7.666,7.8,0,0
TOA_PE,D,20231026,000000,7.8,7.8,7.605,7.7,0,0
TOA_PE,D,20231027,000000,7.746,7.793,7.585,7.6,0,0
TOA_PE,D,20231030,000000,7.6,7.658,7.508,7.6,0,0
TOA_PE,D,20231031,000000,7.566,7.784,7.566,7.7,0,0
TOA_PE,D,20231102,000000,7.689,8.3,7.689,8.3,0,0
TOA_PE,D,20231103,000000,8.254,8.392,8.092,8.2,0,0
TOA_PE,D,20231106,000000,8.2,8.592,8.165,8.4,0,0
TOA_PE,D,20231107,000000,8.377,8.4,8.182,8.3,0,0
TOA_PE,D,20231108,000000,8.311,8.415,8.219,8.3,0,0
TOA_PE,D,20231109,000000,8.311,8.427,8.196,8.4,0,0
TOA_PE,D,20231110,000000,8.469,8.987,8.1,8.1,0,0
TOA_PE,D,20231113,000000,8.048,8.184,8.037,8.1,0,0
TOA_PE,D,20231114,000000,8.079,8.1,7.869,8.1,0,0
TOA_PE,D,20231115,000000,8.1,8.226,8.1,8.2,0,0
TOA_PE,D,20231116,000000,8.2,8.221,8.074,8.1,0,0
TOA_PE,D,20231117,000000,8.1,8.2,8.079,8.2,0,0
TOA_PE,D,20231120,000000,8.2,8.242,8.021,8.2,0,0
TOA_PE,D,20231121,000000,8.116,8.21,8.063,8.1,0,0
TOA_PE,D,20231122,000000,8.016,8.1,7.995,8.1,0,0
TOA_PE,D,20231123,000000,8.026,8.1,7.9,7.9,0,0
TOA_PE,D,20231124,000000,7.9,7.984,7.9,7.9,0,0
TOA_PE,D,20231127,000000,7.921,8.089,7.89,7.9,0,0
TOA_PE,D,20231128,000000,7.9,8.172,7.784,7.8,0,0
TOA_PE,D,20231129,000000,7.852,7.873,7.663,7.7,0,0
TOA_PE,D,20231130,000000,7.731,7.794,7.668,7.7,0,0
TOA_PE,D,20231201,000000,7.721,7.93,7.627,7.9,0,0
TOA_PE,D,20231204,000000,8.046,8.391,8.046,8.3,0,0
TOA_PE,D,20231205,000000,8.3,8.332,8.206,8.3,0,0
TOA_PE,D,20231206,000000,8.332,8.342,8.289,8.3,0,0
TOA_PE,D,20231207,000000,8.332,8.332,8.1,8.1,0,0
TOA_PE,D,20231208,000000,8.079,8.131,8.026,8.1,0,0
TOA_PE,D,20231211,000000,8.058,8.2,8.058,8.2,0,0
TOA_PE,D,20231212,000000,8.137,8.368,8.137,8.3,0,0
TOA_PE,D,20231213,000000,8.311,8.363,8.206,8.3,0,0
TOA_PE,D,20231214,000000,8.279,8.332,8.247,8.3,0,0
TOA_PE,D,20231215,000000,8.31,8.416,8.3,8.3,0,0
TOA_PE,D,20231218,000000,8.3,8.5,8.3,8.5,0,0
TOA_PE,D,20231219,000000,8.468,8.5,8.416,8.5,0,0
TOA_PE,D,20231220,000000,8.5,8.511,8.384,8.5,0,0
TOA_PE,D,20231221,000000,8.511,8.521,8.469,8.5,0,0
TOA_PE,D,20231222,000000,8.511,8.721,8.469,8.6,0,0
TOA_PE,D,20231227,000000,8.6,8.945,8.6,8.8,0,0
TOA_PE,D,20231228,000000,8.821,8.937,8.748,8.9,0,0
TOA_PE,D,20231229,000000,8.932,8.932,8.722,8.8,0,0
TOA_PE,D,20240102,000000,8.863,9.19,8.863,9,0,0
TOA_PE,D,20240103,000000,9.062,9.083,8.885,8.9,0,0
TOA_PE,D,20240104,000000,8.921,9.119,8.921,9,0,0
TOA_PE,D,20240105,000000,9.083,9.083,8.874,9,0,0
TOA_PE,D,20240108,000000,9,9.1,9,9.1,0,0
TOA_PE,D,20240109,000000,9.121,9.174,9.038,9.1,0,0
TOA_PE,D,20240110,000000,9.121,9.142,9.058,9.1,0,0
TOA_PE,D,20240111,000000,9.058,9.121,8.838,9,0,0
TOA_PE,D,20240112,000000,8.916,9,8.873,8.9,0,0
TOA_PE,D,20240115,000000,8.848,8.848,8.5,8.5,0,0
TOA_PE,D,20240116,000000,8.479,8.741,8.374,8.5,0,0
TOA_PE,D,20240117,000000,8.668,8.814,8.4,8.4,0,0
TOA_PE,D,20240118,000000,8.39,8.8,8.39,8.8,0,0
TOA_PE,D,20240119,000000,8.884,8.905,8.8,8.8,0,0
TOA_PE,D,20240122,000000,8.81,8.884,8.779,8.8,0,0
TOA_PE,D,20240123,000000,8.8,8.811,8.696,8.7,0,0
TOA_PE,D,20240124,000000,8.7,8.805,8.7,8.7,0,0
TOA_PE,D,20240125,000000,8.721,8.8,8.595,8.8,0,0
TOA_PE,D,20240126,000000,8.716,8.821,8.7,8.7,0,0
TOA_PE,D,20240129,000000,8.7,8.836,8.7,8.8,0,0
TOA_PE,D,20240130,000000,8.821,8.821,8.674,8.8,0,0
TOA_PE,D,20240131,000000,8.8,8.8,8.706,8.8,0,0
TOA_PE,D,20240201,000000,8.842,8.863,8.8,8.8,0,0
TOA_PE,D,20240202,000000,8.832,8.832,8.747,8.8,0,0
TOA_PE,D,20240205,000000,8.8,8.842,8.758,8.8,0,0
TOA_PE,D,20240206,000000,8.769,8.8,8.737,8.8,0,0
TOA_PE,D,20240207,000000,8.768,8.81,8.7,8.7,0,0
TOA_PE,D,20240208,000000,8.721,8.742,8.689,8.7,0,0
TOA_PE,D,20240209,000000,8.7,8.8,8.7,8.8,0,0
TOA_PE,D,20240212,000000,8.8,8.842,8.7,8.7,0,0
TOA_PE,D,20240213,000000,8.7,8.7,8.596,8.7,0,0
TOA_PE,D,20240214,000000,8.7,8.7,8.5,8.5,0,0
TOA_PE,D,20240215,000000,8.459,8.5,8.177,8.4,0,0
TOA_PE,D,20240216,000000,8.505,8.692,8.411,8.6,0,0
TOA_PE,D,20240219,000000,8.6,8.653,8.559,8.6,0,0
TOA_PE,D,20240220,000000,8.6,8.663,8.568,8.6,0,0
TOA_PE,D,20240221,000000,8.558,8.6,8.39,8.5,0,0
TOA_PE,D,20240222,000000,8.531,8.594,8.489,8.5,0,0
TOA_PE,D,20240223,000000,8.511,8.626,8.49,8.5,0,0
TOA_PE,D,20240226,000000,8.5,8.574,8.459,8.5,0,0
TOA_PE,D,20240227,000000,8.5,8.521,8.4,8.4,0,0
TOA_PE,D,20240228,000000,8.4,8.462,8.232,8.3,0,0
TOA_PE,D,20240229,000000,8.3,8.553,8.258,8.3,0,0
TOA_PE,D,20240301,000000,8.206,8.3,8.196,8.3,0,0
TOA_PE,D,20240304,000000,8.268,8.374,8.268,8.332,0,0
TOA_PE,D,20240305,000000,8.384,8.416,8.3,8.4,0,0
TOA_PE,D,20240306,000000,8.389,8.389,8.284,8.3,0,0
TOA_PE,D,20240307,000000,8.3,8.321,8.226,8.3,0,0
TOA_PE,D,20240308,000000,8.321,8.321,8.227,8.3,0,0
TOA_PE,D,20240311,000000,8.3,8.3,8.227,8.3,0,0
TOA_PE,D,20240312,000000,8.311,8.311,8.2,8.2,0,0
TOA_PE,D,20240313,000000,8.242,8.3,8.2,8.3,0,0
TOA_PE,D,20240314,000000,8.321,8.321,8.269,8.3,0,0
TOA_PE,D,20240315,000000,8.321,8.395,8.3,8.311,0,0
TOA_PE,D,20240318,000000,8.374,8.374,7.9,7.9,0,0
TOA_PE,D,20240319,000000,8.004,8.119,7.743,8.1,0,0
TOA_PE,D,20240320,000000,7.995,8.246,7.995,8.1,0,0
TOA_PE,D,20240321,000000,8.037,8.089,7.839,8,0,0
TOA_PE,D,20240322,000000,8.074,8.179,8,8,0,0
TOA_PE,D,20240325,000000,8,8,7.853,7.9,0,0
TOA_PE,D,20240326,000000,7.9,7.995,7.879,7.9,0,0
TOA_PE,D,20240327,000000,7.91,7.995,7.9,7.9,0,0
TOA_PE,D,20240328,000000,7.953,8.142,7.953,8.1,0,0
TOA_PE,D,20240402,000000,7.933,7.933,7.421,7.5,0,0
TOA_PE,D,20240403,000000,7.51,7.9,7.49,7.9,0,0
TOA_PE,D,20240404,000000,7.911,8.064,7.911,8,0,0
TOA_PE,D,20240405,000000,8.011,8.1,7.913,8.1,0,0
TOA_PE,D,20240408,000000,8.1,8.199,8.056,8.1,0,0
TOA_PE,D,20240409,000000,8.122,8.177,8.1,8.1,0,0
TOA_PE,D,20240410,000000,8.1,8.1,7.8,7.8,0,0
TOA_PE,D,20240411,000000,7.833,8.2,7.833,8.2,0,0
TOA_PE,D,20240412,000000,8.2,8.222,8.1,8.1,0,0
TOA_PE,D,20240415,000000,8.111,8.188,8.078,8.1,0,0
TOA_PE,D,20240416,000000,8.111,8.111,7.957,8,0,0
TOA_PE,D,20240417,000000,8,8.2,8,8.2,0,0
TOA_PE,D,20240418,000000,8.211,8.277,8.1,8.1,0,0
TOA_PE,D,20240419,000000,8.089,8.1,8.045,8.1,0,0
TOA_PE,D,20240422,000000,8.1,8.144,8.078,8.1,0,0
TOA_PE,D,20240423,000000,8.1,8.144,8.078,8.1,0,0
TOA_PE,D,20240424,000000,8.045,8.089,7.991,8,0,0
TOA_PE,D,20240425,000000,8.043,8.054,7.956,8,0,0
TOA_PE,D,20240426,000000,8,8.2,8,8.2,0,0
TOA_PE,D,20240429,000000,8.2,8.354,8.178,8.3,0,0
TOA_PE,D,20240430,000000,8.267,8.3,8.19,8.3,0,0
TOA_PE,D,20240502,000000,8.3,8.421,8.278,8.421,0,0
TOA_PE,D,20240506,000000,8.465,8.465,8.146,8.2,0,0
TOA_PE,D,20240507,000000,8.2,8.364,8.189,8.3,0,0
TOA_PE,D,20240508,000000,8.3,8.366,8.246,8.3,0,0
TOA_PE,D,20240509,000000,8.311,8.454,8.3,8.3,0,0
TOA_PE,D,20240510,000000,8.398,8.519,8.332,8.4,0,0
TOA_PE,D,20240513,000000,8.553,9.057,8.553,8.7,0,0
TOA_PE,D,20240514,000000,8.679,8.731,8.637,8.7,0,0
TOA_PE,D,20240515,000000,8.679,8.8,8.532,8.8,0,0
TOA_PE,D,20240516,000000,8.8,8.8,8.524,8.6,0,0
TOA_PE,D,20240517,000000,8.579,8.589,8.484,8.5,0,0
TOA_PE,D,20240520,000000,8.5,8.6,8.49,8.6,0,0
TOA_PE,D,20240521,000000,8.165,8.324,8.102,8.3,0,0
TOA_PE,D,20240522,000000,8.236,8.289,8.057,8.2,0,0
TOA_PE,D,20240523,000000,8.2,8.221,7.957,8,0,0
TOA_PE,D,20240524,000000,8,8,7.652,7.8,0,0
TOA_PE,D,20240527,000000,7.842,8.033,7.842,7.9,0,0
TOA_PE,D,20240528,000000,7.9,7.9,7.794,7.8,0,0
TOA_PE,D,20240529,000000,8.484,8.642,8.358,8.5,0,0
TOA_PE,D,20240531,000000,8.5,8.744,8.5,8.6,0,0
TOA_PE,D,20240603,000000,8.61,8.748,8.61,8.7,0,0
TOA_PE,D,20240604,000000,8.721,8.743,8.584,8.6,0,0
TOA_PE,D,20240605,000000,8.547,8.579,8.452,8.5,0,0
TOA_PE,D,20240606,000000,8.51,8.616,8.51,8.6,0,0
TOA_PE,D,20240607,000000,8.537,8.59,8.494,8.5,0,0
TOA_PE,D,20240610,000000,8.469,8.543,8.384,8.5,0,0
TOA_PE,D,20240611,000000,8.5,8.5,8.331,8.4,0,0
TOA_PE,D,20240612,000000,8.411,8.5,8.337,8.5,0,0
TOA_PE,D,20240613,000000,8.542,8.542,8.31,8.4,0,0
TOA_PE,D,20240614,000000,8.4,8.432,8.304,8.4,0,0
TOA_PE,D,20240617,000000,8.315,8.537,8.315,8.5,0,0
TOA_PE,D,20240618,000000,8.458,8.553,8.405,8.415,0,0
TOA_PE,D,20240619,000000,8.405,8.51,8.352,8.5,0,0
TOA_PE,D,20240620,000000,8.5,8.659,8.468,8.6,0,0
TOA_PE,D,20240621,000000,8.6,8.7,8.568,8.7,0,0
TOA_PE,D,20240624,000000,8.7,8.7,8.626,8.7,0,0
TOA_PE,D,20240625,000000,8.668,8.8,8.647,8.8,0,0
TOA_PE,D,20240626,000000,8.8,8.8,8.7,8.7,0,0
TOA_PE,D,20240627,000000,8.648,8.911,8.648,8.9,0,0
TOA_PE,D,20240628,000000,8.91,8.91,8.837,8.9,0,0
TOA_PE,D,20240701,000000,8.9,9.1,8.9,9.1,0,0
TOA_PE,D,20240702,000000,9.1,9.163,8.983,9.1,0,0
TOA_PE,D,20240703,000000,9.1,9.216,9.1,9.1,0,0
TOA_PE,D,20240704,000000,9.1,9.1,8.952,9,0,0
TOA_PE,D,20240705,000000,8.947,9.021,8.916,9,0,0
TOA_PE,D,20240708,000000,9,9.042,8.936,9,0,0
TOA_PE,D,20240709,000000,9,9,8.799,8.8,0,0
TOA_PE,D,20240710,000000,8.789,8.9,8.632,8.9,0,0
TOA_PE,D,20240711,000000,8.9,8.9,8.773,8.9,0,0
TOA_PE,D,20240712,000000,8.921,8.932,8.8,8.8,0,0
TOA_PE,D,20240715,000000,8.8,8.8,8.632,8.7,0,0
TOA_PE,D,20240716,000000,8.71,8.827,8.424,8.6,0,0
TOA_PE,D,20240717,000000,8.515,8.589,8.462,8.5,0,0
TOA_PE,D,20240718,000000,8.468,8.595,8.468,8.5,0,0
TOA_PE,D,20240719,000000,8.574,8.6,8.5,8.6,0,0
TOA_PE,D,20240722,000000,8.525,8.653,8.525,8.6,0,0
TOA_PE,D,20240723,000000,8.6,8.6,8.473,8.6,0,0
TOA_PE,D,20240724,000000,8.558,8.558,8.452,8.5,0,0
TOA_PE,D,20240725,000000,8.468,8.5,8.278,8.3,0,0
TOA_PE,D,20240726,000000,8.3,8.554,8.3,8.5,0,0
TOA_PE,D,20240729,000000,8.564,8.574,8.372,8.4,0,0
TOA_PE,D,20240730,000000,8.389,8.4,8.085,8.1,0,0
TOA_PE,D,20240731,000000,8.016,8.1,7.858,7.9,0,0
TOA_PE,D,20240801,000000,7.9,7.9,7.8,7.8,0,0
TOA_PE,D,20240802,000000,7.873,7.905,7.621,7.7,0,0
TOA_PE,D,20240805,000000,7.551,7.551,6.903,7.4,0,0
TOA_PE,D,20240806,000000,7.4,7.601,7.295,7.5,0,0
TOA_PE,D,20240807,000000,7.532,7.617,7.447,7.6,0,0
TOA_PE,D,20240808,000000,7.611,7.611,7.431,7.5,0,0
TOA_PE,D,20240809,000000,7.489,7.605,7.489,7.6,0,0
TOA_PE,D,20240812,000000,7.526,7.7,7.432,7.7,0,0
TOA_PE,D,20240813,000000,7.71,7.721,7.456,7.6,0,0
TOA_PE,D,20240814,000000,7.569,7.621,7.569,7.6,0,0
TOA_PE,D,20240816,000000,7.6,7.684,7.536,7.6,0,0
TOA_PE,D,20240819,000000,7.558,7.589,7.41,7.5,0,0
TOA_PE,D,20240820,000000,7.458,7.468,7.384,7.4,0,0
TOA_PE,D,20240821,000000,7.4,7.516,7.379,7.5,0,0
TOA_PE,D,20240822,000000,7.511,7.67,7.511,7.6,0,0
TOA_PE,D,20240823,000000,7.6,7.9,7.526,7.9,0,0
TOA_PE,D,20240826,000000,7.9,8.059,7.9,8,0,0
TOA_PE,D,20240827,000000,8,8.074,8,8,0,0
TOA_PE,D,20240828,000000,8,8,7.81,7.9,0,0
TOA_PE,D,20240829,000000,8.028,8.356,8.028,8.2,0,0
TOA_PE,D,20240830,000000,8.138,8.19,8.065,8.1,0,0
TOA_PE,D,20240902,000000,8.1,8.1,7.964,8.079,0,0
TOA_PE,D,20240903,000000,8.121,8.194,8.037,8.1,0,0
TOA_PE,D,20240904,000000,8.069,8.069,7.785,7.9,0,0
TOA_PE,D,20240905,000000,7.9,7.9,7.7,7.8,0,0
TOA_PE,D,20240906,000000,7.79,7.8,7.5,7.5,0,0
TOA_PE,D,20240909,000000,7.636,7.636,7.4,7.4,0,0
TOA_PE,D,20240910,000000,7.379,7.7,7.379,7.7,0,0
TOA_PE,D,20240911,000000,7.564,7.711,7.48,7.6,0,0
TOA_PE,D,20240912,000000,7.6,7.79,7.6,7.6,0,0
TOA_PE,D,20240913,000000,7.694,7.8,7.642,7.8,0,0
TOA_PE,D,20240916,000000,7.8,7.8,7.497,7.6,0,0
TOA_PE,D,20240917,000000,7.6,7.694,7.433,7.5,0,0
TOA_PE,D,20240918,000000,7.647,7.763,7.595,7.7,0,0
TOA_PE,D,20240919,000000,7.752,7.953,7.7,7.7,0,0
TOA_PE,D,20240920,000000,7.711,7.9,7.711,7.9,0,0
TOA_PE,D,20240923,000000,7.9,8.015,7.805,8,0,0
TOA_PE,D,20240924,000000,8.042,8.074,7.895,8,0,0
TOA_PE,D,20240925,000000,8.127,8.338,8.127,8.2,0,0
TOA_PE,D,20240926,000000,8.21,8.535,8.2,8.5,0,0
TOA_PE,D,20240927,000000,8.489,8.489,8.353,8.4,0,0
TOA_PE,D,20240930,000000,8.557,8.599,8.243,8.4,0,0
TOA_PE,D,20241001,000000,8.442,8.442,8.253,8.3,0,0
TOA_PE,D,20241002,000000,8.3,8.352,8.008,8.2,0,0
TOA_PE,D,20241003,000000,8.2,8.2,7.949,8.2,0,0
TOA_PE,D,20241004,000000,8,8.242,7.957,8,0,0
TOA_PE,D,20241007,000000,8.146,8.146,7.979,8.1,0,0
TOA_PE,D,20241008,000000,8.1,8.195,7.9,7.9,0,0
TOA_PE,D,20241009,000000,7.815,8.037,7.815,8,0,0
TOA_PE,D,20241010,000000,7.968,8.021,7.873,7.9,0,0
TOA_PE,D,20241011,000000,7.879,8.089,7.868,8,0,0
TOA_PE,D,20241014,000000,8.01,8.125,7.896,8.1,0,0
TOA_PE,D,20241015,000000,8.1,8.247,8.068,8.1,0,0
TOA_PE,D,20241016,000000,8.016,8.2,7.995,8.2,0,0
TOA_PE,D,20241017,000000,8.126,8.358,8.105,8.3,0,0
TOA_PE,D,20241018,000000,8.153,8.489,8.153,8.4,0,0
TOA_PE,D,20241021,000000,8.431,8.431,8.201,8.3,0,0
TOA_PE,D,20241022,000000,8.258,8.268,8.058,8.1,0,0
TOA_PE,D,20241023,000000,8.058,8.174,7.911,8.1,0,0
TOA_PE,D,20241024,000000,8.027,8.048,7.848,8,0,0
TOA_PE,D,20241025,000000,8,8.1,7.832,8.1,0,0
TOA_PE,D,20241028,000000,8.079,8.1,7.859,8,0,0
TOA_PE,D,20241029,000000,7.906,8,7.749,8,0,0
TOA_PE,D,20241030,000000,7.937,7.958,7.789,7.8,0,0
TOA_PE,D,20241031,000000,7.8,7.977,7.675,7.8,0,0
TOA_PE,D,20241104,000000,7.8,8.147,7.726,8,0,0
TOA_PE,D,20241105,000000,7.969,7.969,7.728,7.9,0,0
TOA_PE,D,20241106,000000,7.858,8.09,7.858,7.9,0,0
TOA_PE,D,20241107,000000,7.869,7.952,7.753,7.9,0,0
TOA_PE,D,20241108,000000,7.9,8.1,7.784,8.1,0,0
TOA_PE,D,20241112,000000,8.111,8.261,8.1,8.1,0,0
TOA_PE,D,20241113,000000,8.132,8.228,8.015,8.1,0,0
TOA_PE,D,20241114,000000,8.1,8.229,7.874,8.1,0,0
TOA_PE,D,20241115,000000,8.1,8.185,8.036,8.1,0,0
TOA_PE,D,20241118,000000,8.1,8.358,7.971,8.3,0,0
TOA_PE,D,20241119,000000,8.279,8.279,7.585,8.2,0,0
TOA_PE,D,20241120,000000,8.2,8.2,8.008,8.2,0,0
TOA_PE,D,20241121,000000,8.157,8.34,8.061,8.1,0,0
TOA_PE,D,20241122,000000,8.196,8.26,8.057,8.1,0,0
TOA_PE,D,20241125,000000,8.1,8.3,8.1,8.3,0,0
TOA_PE,D,20241126,000000,8.172,8.332,8.172,8.3,0,0
TOA_PE,D,20241127,000000,8.322,8.45,8.247,8.4,0,0
TOA_PE,D,20241128,000000,8.4,8.4,7.942,8,0,0
TOA_PE,D,20241129,000000,8,8.224,8,8.1,0,0
TOA_PE,D,20241202,000000,8.1,8.25,8.015,8.2,0,0
TOA_PE,D,20241203,000000,8.232,8.3,8.157,8.3,0,0
TOA_PE,D,20241204,000000,8.257,8.343,8.257,8.3,0,0
TOA_PE,D,20241205,000000,8.3,8.354,8.192,8.2,0,0
TOA_PE,D,20241206,000000,8.2,8.2,8.147,8.2,0,0
TOA_PE,D,20241209,000000,8.189,8.243,8.157,8.2,0,0
TOA_PE,D,20241210,000000,8.2,8.265,8.061,8.1,0,0
TOA_PE,D,20241211,000000,8.1,8.143,7.982,8.1,0,0
TOA_PE,D,20241212,000000,8.1,8.175,8.089,8.1,0,0
TOA_PE,D,20241213,000000,8.068,8.079,7.971,8,0,0
TOA_PE,D,20241216,000000,7.968,7.989,7.861,7.9,0,0
TOA_PE,D,20241217,000000,7.911,7.953,7.708,7.8,0,0
TOA_PE,D,20241218,000000,7.821,8.259,7.714,7.9,0,0
TOA_PE,D,20241219,000000,7.836,7.943,7.782,7.8,0,0
TOA_PE,D,20241220,000000,7.778,7.789,7.5,7.5,0,0
TOA_PE,D,20241223,000000,7.554,7.768,7.5,7.6,0,0
TOA_PE,D,20241227,000000,7.6,7.964,7.568,7.8,0,0
TOA_PE,D,20241230,000000,7.8,7.8,7.533,7.7,0,0
TOA_PE,D,20250102,000000,7.625,7.818,7.625,7.7,0,0
TOA_PE,D,20250103,000000,7.7,8.01,7.657,8,0,0
TOA_PE,D,20250107,000000,8,8.01,7.829,7.9,0,0
TOA_PE,D,20250108,000000,7.879,7.932,7.847,7.9,0,0
TOA_PE,D,20250109,000000,7.847,7.9,7.8,7.8,0,0
TOA_PE,D,20250110,000000,7.8,7.832,7.672,7.8,0,0
TOA_PE,D,20250113,000000,7.8,7.8,7.586,7.7,0,0
TOA_PE,D,20250114,000000,7.732,7.807,7.721,7.8,0,0
TOA_PE,D,20250115,000000,7.8,7.821,7.692,7.8,0,0
TOA_PE,D,20250116,000000,7.757,7.843,7.746,7.8,0,0
TOA_PE,D,20250117,000000,7.789,7.865,7.789,7.8,0,0
TOA_PE,D,20250120,000000,7.832,7.993,7.8,7.9,0,0
TOA_PE,D,20250121,000000,7.943,8.007,7.815,8,0,0
TOA_PE,D,20250122,000000,8,8.011,7.84,7.9,0,0
TOA_PE,D,20250123,000000,7.932,8.018,7.9,7.9,0,0
TOA_PE,D,20250124,000000,7.9,8.071,7.793,7.8,0,0
TOA_PE,D,20250127,000000,7.725,7.779,7.7,7.7,0,0
TOA_PE,D,20250128,000000,7.689,7.8,7.593,7.8,0,0
TOA_PE,D,20250129,000000,7.8,7.832,7.692,7.7,0,0
TOA_PE,D,20250130,000000,7.7,7.721,7.657,7.7,0,0
TOA_PE,D,20250131,000000,7.721,7.797,7.581,7.7,0,0
TOA_PE,D,20250203,000000,7.646,7.678,7.474,7.6,0,0
TOA_PE,D,20250204,000000,7.6,7.664,7.514,7.6,0,0
TOA_PE,D,20250205,000000,7.6,7.7,7.514,7.7,0,0
TOA_PE,D,20250206,000000,7.71,7.914,7.71,7.9,0,0
TOA_PE,D,20250207,000000,7.889,7.9,7.739,7.8,0,0
TOA_PE,D,20250210,000000,7.8,8,7.778,8,0,0
TOA_PE,D,20250211,000000,8,8.235,8,8.2,0,0
TOA_PE,D,20250212,000000,8.2,8.297,8.158,8.2,0,0
TOA_PE,D,20250213,000000,8.2,8.36,8.168,8.2,0,0
TOA_PE,D,20250214,000000,8.2,8.329,8.114,8.2,0,0
TOA_PE,D,20250217,000000,8.157,8.2,8.104,8.2,0,0
TOA_PE,D,20250218,000000,8.211,8.211,7.848,7.9,0,0
TOA_PE,D,20250219,000000,7.921,7.996,7.7,7.7,0,0
TOA_PE,D,20250220,000000,7.689,7.7,7.614,7.7,0,0
TOA_PE,D,20250221,000000,7.743,7.947,7.689,7.8,0,0
TOA_PE,D,20250224,000000,7.736,7.949,7.736,7.8,0,0
TOA_PE,D,20250225,000000,7.853,7.9,7.736,7.9,0,0
TOA_PE,D,20250226,000000,7.9,8.1,7.89,8.1,0,0
TOA_PE,D,20250227,000000,8.089,8.089,7.841,7.9,0,0
TOA_PE,D,20250228,000000,7.868,7.868,7.782,7.8,0,0
TOA_PE,D,20250303,000000,7.822,7.865,7.7,7.7,0,0
TOA_PE,D,20250304,000000,7.7,7.7,7.496,7.6,0,0
TOA_PE,D,20250305,000000,7.653,7.739,7.61,7.7,0,0
TOA_PE,D,20250306,000000,7.7,7.7,7.636,7.7,0,0
TOA_PE,D,20250307,000000,7.7,7.785,7.668,7.7,0,0
TOA_PE,D,20250310,000000,7.786,7.796,7.657,7.7,0,0
TOA_PE,D,20250311,000000,7.7,7.7,7.347,7.5,0,0
TOA_PE,D,20250312,000000,7.575,7.618,7.532,7.6,0,0
TOA_PE,D,20250313,000000,7.643,7.7,7.611,7.7,0,0
TOA_PE,D,20250314,000000,7.71,7.732,7.646,7.7,0,0
TOA_PE,D,20250317,000000,7.7,7.721,7.678,7.7,0,0
TOA_PE,D,20250318,000000,7.71,7.71,7.646,7.7,0,0
TOA_PE,D,20250319,000000,7.56,7.764,7.549,7.7,0,0
TOA_PE,D,20250320,000000,7.678,7.732,7.625,7.7,0,0
TOA_PE,D,20250321,000000,7.732,7.754,7.678,7.7,0,0
TOA_PE,D,20250324,000000,7.7,7.732,7.657,7.7,0,0
TOA_PE,D,20250325,000000,7.743,7.743,7.678,7.7,0,0
TOA_PE,D,20250326,000000,7.7,7.732,7.657,7.7,0,0
TOA_PE,D,20250327,000000,7.732,7.764,7.689,7.7,0,0
TOA_PE,D,20250328,000000,7.646,7.646,7.356,7.5,0,0
TOA_PE,D,20250331,000000,7.479,7.543,7.286,7.5,0,0
TOA_PE,D,20250401,000000,7.511,7.709,7.5,7.6,0,0
TOA_PE,D,20250402,000000,7.6,7.633,7.501,7.6,0,0
TOA_PE,D,20250403,000000,7.49,7.556,7.294,7.294,0,0
TOA_PE,D,20250404,000000,7.359,7.425,6.889,7,0,0
TOA_PE,D,20250407,000000,6.924,6.989,6.662,6.989,0,0
TOA_PE,D,20250408,000000,6.956,7.175,6.956,7,0,0
TOA_PE,D,20250409,000000,6.924,6.924,6.717,6.8,0,0
TOA_PE,D,20250410,000000,7.119,7.119,6.921,6.943,0,0
TOA_PE,D,20250411,000000,7.053,7.053,6.601,6.7,0,0
TOA_PE,D,20250414,000000,6.744,6.898,6.744,6.8,0,0
TOA_PE,D,20250415,000000,6.877,7.043,6.866,6.9,0,0
TOA_PE,D,20250416,000000,6.911,7.076,6.889,6.9,0,0
TOA_PE,D,20250417,000000,6.9,7.043,6.9,7,0,0
TOA_PE,D,20250422,000000,7.11,7.11,6.9,6.9,0,0
TOA_PE,D,20250423,000000,6.955,7.151,6.955,7,0,0
TOA_PE,D,20250424,000000,7.066,7.276,7,7,0,0
TOA_PE,D,20250425,000000,7.087,7.317,7.087,7.2,0,0
TOA_PE,D,20250428,000000,7.309,7.494,7.287,7.3,0,0
TOA_PE,D,20250429,000000,7.322,7.54,7.322,7.4,0,0
TOA_PE,D,20250430,000000,7.476,7.476,7.291,7.4,0,0
TOA_PE,D,20250502,000000,7.488,7.576,7.4,7.4,0,0
TOA_PE,D,20250505,000000,7.465,7.607,7.443,7.5,0,0
TOA_PE,D,20250506,000000,7.522,7.566,7.423,7.5,0,0
TOA_PE,D,20250507,000000,7.577,7.686,7.5,7.5,0,0
TOA_PE,D,20250508,000000,7.5,7.6,7.478,7.6,0,0
TOA_PE,D,20250509,000000,7.896,8.938,7.8,7.8,0,0
TOA_PE,D,20250512,000000,8.016,8.508,8.016,8.3,0,0
TOA_PE,D,20250513,000000,8.163,8.261,8.045,8.2,0,0
TOA_PE,D,20250514,000000,8.21,8.318,8.112,8.2,0,0
TOA_PE,D,20250515,000000,8.22,8.22,7.995,8,0,0
TOA_PE,D,20250516,000000,7.99,8.204,7.853,8,0,0
TOA_PE,D,20250519,000000,7.99,7.99,7.707,7.8,0,0
TOA_PE,D,20250520,000000,7.761,7.78,7.585,7.7,0,0
TOA_PE,D,20250521,000000,7.71,7.739,7.602,7.7,0,0
TOA_PE,D,20250522,000000,7.641,7.68,7.553,7.6,0,0
TOA_PE,D,20250523,000000,7.62,7.836,7.541,7.7,0,0
TOA_PE,D,20250526,000000,7.788,7.915,7.749,7.9,0,0
TOA_PE,D,20250527,000000,7.9,7.919,7.763,7.8,0,0
TOA_PE,D,20250528,000000,7.869,7.917,7.761,7.9,0,0
TOA_PE,D,20250529,000000,7.87,7.87,7.6,7.6,0,0
TOA_PE,D,20250530,000000,7.6,7.668,7.541,7.6,0,0
TOA_PE,D,20250602,000000,7.425,7.639,7.425,7.6,0,0
TOA_PE,D,20250603,000000,7.689,7.797,7.59,7.7,0,0
TOA_PE,D,20250604,000000,7.816,8,7.729,8,0,0
TOA_PE,D,20250605,000000,8.068,8.244,8,8,0,0
TOA_PE,D,20250606,000000,8.029,8.1,7.893,8.1,0,0
TOA_PE,D,20250609,000000,8.071,8.139,8.032,8.1,0,0
TOA_PE,D,20250610,000000,8.1,8.178,7.993,8,0,0
TOA_PE,D,20250611,000000,8.039,8.1,8,8.1,0,0
TOA_PE,D,20250612,000000,8.09,8.129,7.972,8,0,0
TOA_PE,D,20250613,000000,8,8.039,7.844,7.9,0,0
TOA_PE,D,20250616,000000,7.9,7.939,7.841,7.9,0,0
TOA_PE,D,20250617,000000,7.9,8.057,7.9,8,0,0
TOA_PE,D,20250618,000000,8,8.1,7.882,8.1,0,0
TOA_PE,D,20250620,000000,8.11,8.257,8.11,8.2,0,0
TOA_PE,D,20250623,000000,8.2,8.2,7.955,8,0,0
TOA_PE,D,20250624,000000,8.029,8.127,8.029,8.1,0,0
TOA_PE,D,20250625,000000,8.07,8.305,8.07,8.3,0,0
TOA_PE,D,20250626,000000,8.359,8.75,8.359,8.7,0,0
TOA_PE,D,20250627,000000,8.759,8.759,8.475,8.7,0,0
TOA_PE,D,20250630,000000,8.73,8.73,8.4,8.4,0,0
TOA_PE,D,20250701,000000,8.419,8.478,8.322,8.4,0,0
TOA_PE,D,20250702,000000,8.449,8.527,8.381,8.5,0,0
TOA_PE,D,20250703,000000,8.5,8.636,8.49,8.6,0,0
TOA_PE,D,20250704,000000,8.61,8.62,8.463,8.5,0,0
TOA_PE,D,20250707,000000,8.5,8.959,8.451,8.8,0,0
TOA_PE,D,20250708,000000,8.83,8.888,8.771,8.8,0,0
TOA_PE,D,20250709,000000,8.8,8.976,8.605,8.9,0,0
TOA_PE,D,20250710,000000,8.793,8.871,8.725,8.8,0,0
TOA_PE,D,20250711,000000,8.79,9,8.79,9,0,0
TOA_PE,D,20250714,000000,9.151,9.403,9.1,9.1,0,0
TOA_PE,D,20250715,000000,9.119,9.589,9.1,9.5,0,0
TOA_PE,D,20250716,000000,9.48,9.831,9.325,9.8,0,0
TOA_PE,D,20250717,000000,9.84,9.977,9.585,9.8,0,0
TOA_PE,D,20250718,000000,9.82,9.918,9.595,9.6,0,0
TOA_PE,D,20250721,000000,9.561,9.678,9.493,9.6,0,0
TOA_PE,D,20250722,000000,9.6,10.09,9.512,10,0,0
TOA_PE,D,20250723,000000,10.039,10.2,10.019,10.2,0,0
TOA_PE,D,20250724,000000,10.2,10.259,9.945,10.1,0,0
TOA_PE,D,20250725,000000,9.904,10.041,9.807,9.9,0,0
TOA_PE,D,20250728,000000,10.096,10.253,10.018,10.2,0,0
TOA_PE,D,20250729,000000,10.121,10.219,10,10,0,0
TOA_PE,D,20250730,000000,10.039,10.2,9.942,10.2,0,0
TOA_PE,D,20250731,000000,10.239,10.239,9.868,9.9,0,0
TOA_PE,D,20250801,000000,9.861,10.057,9.685,9.8,0,0
TOA_PE,D,20250804,000000,9.722,9.839,9.604,9.7,0,0
TOA_PE,D,20250805,000000,9.788,9.994,9.72,9.8,0,0
TOA_PE,D,20250806,000000,9.761,10.034,9.702,10,0,0
TOA_PE,D,20250807,000000,9.903,10.117,9.747,10,0,0
TOA_PE,D,20250808,000000,10,10,9.667,9.9,0,0
TOA_PE,D,20250811,000000,9.9,9.9,9.7,9.7,0,0
TOA_PE,D,20250812,000000,9.7,9.876,9.7,9.8,0,0
TOA_PE,D,20250813,000000,9.8,9.918,9.761,9.8,0,0
TOA_PE,D,20250814,000000,10.034,10.034,9.1,9.1,0,0
TOA_PE,D,20250818,000000,9.137,9.202,9,9,0,0
TOA_PE,D,20250819,000000,9.01,9.434,8.88,9.4,0,0
TOA_PE,D,20250820,000000,9.382,9.5,9.29,9.5,0,0
TOA_PE,D,20250821,000000,9.389,9.574,9.389,9.5,0,0
TOA_PE,D,20250822,000000,9.444,9.444,9.147,9.2,0,0
TOA_PE,D,20250825,000000,9.219,9.219,9.089,9.2,0,0
TOA_PE,D,20250826,000000,9.246,9.246,9.098,9.1,0,0
TOA_PE,D,20250827,000000,9.128,9.128,8.896,9,0,0
TOA_PE,D,20250828,000000,8.935,9.093,8.842,8.9,0,0
TOA_PE,D,20250829,000000,8.817,8.845,8.503,8.7,0,0
TOA_PE,D,20250901,000000,8.709,8.839,8.635,8.8,0,0
TOA_PE,D,20250902,000000,8.736,8.976,8.532,8.9,0,0
TOA_PE,D,20250903,000000,8.91,9.1,8.873,9.1,0,0
TOA_PE,D,20250904,000000,9.119,9.119,8.98,9,0,0
TOA_PE,D,20250905,000000,8.945,9.009,8.816,8.9,0,0
TOA_PE,D,20250908,000000,8.872,8.937,8.725,8.8,0,0
TOA_PE,D,20250909,000000,8.727,8.727,8.57,8.7,0,0
TOA_PE,D,20250910,000000,8.551,8.69,8.357,8.6,0,0
TOA_PE,D,20250911,000000,8.553,8.747,8.553,8.7,0,0
TOA_PE,D,20250912,000000,8.654,8.755,8.535,8.7,0,0
TOA_PE,D,20250915,000000,8.608,8.792,8.608,8.7,0,0
TOA_PE,D,20250916,000000,8.654,8.7,8.543,8.7,0,0
TOA_PE,D,20250917,000000,8.7,8.765,8.533,8.7,0,0
TOA_PE,D,20250918,000000,8.709,8.8,8.7,8.8,0,0
TOA_PE,D,20250919,000000,8.856,8.856,8.745,8.8,0,0
TOA_PE,D,20250922,000000,8.8,8.8,8.579,8.8,0,0
TOA_PE,D,20250923,000000,8.809,8.809,8.698,8.8,0,0
TOA_PE,D,20250924,000000,8.8,8.8,8.522,8.7,0,0
TOA_PE,D,20250925,000000,8.709,8.765,8.644,8.7,0,0
TOA_PE,D,20250926,000000,8.7,8.829,8.608,8.8,0,0
TOA_PE,D,20250929,000000,8.809,8.9,8.736,8.9,0,0
TOA_PE,D,20250930,000000,8.956,8.956,8.817,8.9,0,0
TOA_PE,D,20251001,000000,8.854,9.001,8.771,8.9,0,0
TOA_PE,D,20251002,000000,8.992,9.2,8.964,9.2,0,0
TOA_PE,D,20251003,000000,9.219,9.736,9.219,9.7,0,0
TOA_PE,D,20251006,000000,9.718,9.737,9.515,9.7,0,0
TOA_PE,D,20251007,000000,9.7,9.7,9.331,9.5,0,0
TOA_PE,D,20251008,000000,9.722,9.722,9.4,9.4,0,0
TOA_PE,D,20251009,000000,9.4,9.529,9.327,9.4,0,0
TOA_PE,D,20251010,000000,9.4,9.492,9.308,9.4,0,0
TOA_PE,D,20251013,000000,9.289,9.382,9.142,9.2,0,0
TOA_PE,D,20251014,000000,9.2,9.2,8.905,9.1,0,0
TOA_PE,D,20251015,000000,9.155,9.4,9.118,9.4,0,0
TOA_PE,D,20251016,000000,9.418,9.455,9.289,9.4,0,0
TOA_PE,D,20251017,000000,9.4,9.5,9.234,9.5,0,0
TOA_PE,D,20251020,000000,9.37,9.463,9.333,9.4,0,0
TOA_PE,D,20251021,000000,9.307,9.418,9.307,9.4,0,0
TOA_PE,D,20251022,000000,9.437,9.492,9.363,9.4,0,0
TOA_PE,D,20251023,000000,9.308,9.4,9.289,9.4,0,0
TOA_PE,D,20251024,000000,9.4,9.437,9.363,9.4,0,0
TOA_PE,D,20251027,000000,9.474,9.548,9.345,9.4,0,0
TOA_PE,D,20251028,000000,9.492,9.492,9.344,9.4,0,0
TOA_PE,D,20251029,000000,9.344,9.622,9.344,9.5,0,0
TOA_PE,D,20251030,000000,9.5,9.555,9.408,9.5,0,0
TOA_PE,D,20251031,000000,9.444,9.704,9.407,9.685,0,0
TOA_PE,D,20251103,000000,9.704,10.112,9.704,10.1,0,0
TOA_PE,D,20251104,000000,10.193,10.545,10.026,10.5,0,0
TOA_PE,D,20251105,000000,10.611,10.648,10.408,10.5,0,0
TOA_PE,D,20251106,000000,10.5,10.555,10.058,10.1,0,0
TOA_PE,D,20251107,000000,9.397,9.397,9.027,9.3,0,0
TOA_PE,D,20251110,000000,9.355,9.503,9.088,9.2,0,0
TOA_PE,D,20251112,000000,9.209,9.209,8.868,8.9,0,0
TOA_PE,D,20251113,000000,8.9,9.057,8.8,8.8,0,0
TOA_PE,D,20251114,000000,8.901,8.91,8.754,8.8,0,0
TOA_PE,D,20251117,000000,8.754,9.058,8.579,8.8,0,0
TOA_PE,D,20251118,000000,8.947,8.947,8.596,8.6,0,0
TOA_PE,D,20251119,000000,8.71,8.803,8.646,8.7,0,0
TOA_PE,D,20251120,000000,8.7,8.801,8.589,8.6,0,0
TOA_PE,D,20251121,000000,8.526,8.609,8.307,8.4,0,0
TOA_PE,D,20251124,000000,8.4,8.704,8.4,8.7,0,0
TOA_PE,D,20251125,000000,8.69,8.819,8.681,8.8,0,0
TOA_PE,D,20251126,000000,8.727,8.846,8.607,8.7,0,0
TOA_PE,D,20251127,000000,8.69,8.69,8.6,8.6,0,0
TOA_PE,D,20251128,000000,8.536,8.7,8.536,8.7,0,0
TOA_PE,D,20251201,000000,8.616,8.746,8.589,8.7,0,0
TOA_PE,D,20251202,000000,8.672,8.9,8.672,8.9,0,0
TOA_PE,D,20251203,000000,8.873,9.029,8.845,9,0,0
TOA_PE,D,20251204,000000,8.954,8.963,8.871,8.9,0,0
TOA_PE,D,20251205,000000,8.9,9.13,8.891,9.1,0,0
TOA_PE,D,20251208,000000,9.1,9.155,9.008,9.1,0,0
TOA_PE,D,20251209,000000,9.155,9.192,8.971,9.1,0,0
TOA_PE,D,20251210,000000,9.183,9.331,9.008,9.1,0,0
TOA_PE,D,20251211,000000,9.146,9.146,8.9,8.9,0,0
TOA_PE,D,20251212,000000,8.891,9.083,8.891,9,0,0
TOA_PE,D,20251215,000000,9.083,9.083,8.88,8.9,0,0
TOA_PE,D,20251216,000000,8.9,8.9,8.5,8.5,0,0
TOA_PE,D,20251217,000000,8.537,8.665,8.39,8.4,0,0
TOA_PE,D,20251218,000000,8.427,8.6,8.427,8.6,0,0
TOA_PE,D,20251219,000000,8.6,8.609,8.471,8.5,0,0
TOA_PE,D,20251222,000000,8.592,8.75,8.5,8.5,0,0
TOA_PE,D,20251223,000000,8.518,8.72,8.518,8.546,0,0
TOA_PE,D,20251229,000000,8.601,8.72,8.601,8.7,0,0
TOA_PE,D,20251230,000000,8.737,8.995,8.682,8.8,0,0
TOA_PE,D,20260102,000000,8.983,9.02,8.855,9,0,0
TOA_PE,D,20260105,000000,9.074,9.074,8.982,9,0,0
TOA_PE,D,20260107,000000,9,9.138,8.927,9.1,0,0
TOA_PE,D,20260108,000000,9.1,9.2,9.063,9.2,0,0
TOA_PE,D,20260109,000000,9.098,9.209,9.098,9.2,0,0
TOA_PE,D,20260112,000000,9.191,9.191,8.997,9,0,0
TOA_PE,D,20260113,000000,9.092,9.092,8.927,9,0,0
TOA_PE,D,20260114,000000,9.056,9.074,8.88,8.9,0,0
TOA_PE,D,20260115,000000,8.919,9.011,8.845,8.9,0,0
TOA_PE,D,20260116,000000,8.927,8.964,8.826,8.9,0,0
TOA_PE,D,20260119,000000,8.937,8.937,8.598,8.7,0,0
TOA_PE,D,20260120,000000,8.672,8.82,8.534,8.6,0,0
TOA_PE,D,20260121,000000,8.572,8.683,8.508,8.6,0,0
TOA_PE,D,20260122,000000,8.646,8.905,8.637,8.8,0,0
TOA_PE,D,20260123,000000,8.809,8.809,8.625,8.7,0,0
