<TICKER>,<PER>,<DATE>,<TIME>,<OPEN>,<HIGH>,<LOW>,<CLOSE>,<VOL>,<OPENINT>
TPE_PE,D,20100630,000000,7.7632,7.7632,7.7632,7.7632,0,0
TPE_PE,D,20100701,000000,7.6793,7.7603,7.5986,7.7603,0,0
TPE_PE,D,20100702,000000,7.7603,7.8411,7.7603,7.7603,0,0
TPE_PE,D,20100705,000000,7.7603,7.7603,7.7603,7.7603,0,0
TPE_PE,D,20100706,000000,7.7603,7.8411,7.7603,7.7603,0,0
TPE_PE,D,20100707,000000,7.7603,7.7603,7.6793,7.7603,0,0
TPE_PE,D,20100708,000000,7.7603,7.8411,7.7603,7.8411,0,0
TPE_PE,D,20100709,000000,7.8411,7.9219,7.8411,7.8411,0,0
TPE_PE,D,20100712,000000,7.8411,7.9219,7.8411,7.9219,0,0
TPE_PE,D,20100713,000000,7.9219,7.9219,7.8411,7.8411,0,0
TPE_PE,D,20100714,000000,7.8411,7.8411,7.7603,7.8411,0,0
TPE_PE,D,20100715,000000,7.8411,7.8411,7.7603,7.7603,0,0
TPE_PE,D,20100716,000000,7.7603,7.7603,7.7603,7.7603,0,0
TPE_PE,D,20100719,000000,7.7603,7.7603,7.7603,7.7603,0,0
TPE_PE,D,20100720,000000,7.7603,7.7603,7.6793,7.7603,0,0
TPE_PE,D,20100721,000000,7.7603,7.8411,7.7603,7.7603,0,0
TPE_PE,D,20100722,000000,7.7603,7.8411,7.7603,7.8411,0,0
TPE_PE,D,20100723,000000,7.8411,7.8411,7.8411,7.8411,0,0
TPE_PE,D,20100726,000000,7.8411,7.8411,7.7603,7.7603,0,0
TPE_PE,D,20100727,000000,7.7603,7.8411,7.7603,7.8411,0,0
TPE_PE,D,20100728,000000,7.7603,7.8411,7.7603,7.8411,0,0
TPE_PE,D,20100729,000000,7.8411,7.9219,7.8411,7.8411,0,0
TPE_PE,D,20100730,000000,7.8411,7.8411,7.7603,7.8411,0,0
TPE_PE,D,20100802,000000,7.8411,7.8411,7.7603,7.8411,0,0
TPE_PE,D,20100803,000000,7.8411,7.8411,7.8411,7.8411,0,0
TPE_PE,D,20100804,000000,7.8411,7.8411,7.7603,7.8411,0,0
TPE_PE,D,20100805,000000,7.8411,7.8411,7.8411,7.8411,0,0
TPE_PE,D,20100806,000000,7.8411,7.8411,7.8411,7.8411,0,0
TPE_PE,D,20100809,000000,7.8411,7.8411,7.7603,7.8411,0,0
TPE_PE,D,20100810,000000,7.7603,7.8411,7.7603,7.8411,0,0
TPE_PE,D,20100811,000000,7.8411,7.8411,7.8411,7.8411,0,0
TPE_PE,D,20100812,000000,7.8411,7.9219,7.8411,7.8411,0,0
TPE_PE,D,20100813,000000,7.7603,7.8411,7.7603,7.8411,0,0
TPE_PE,D,20100816,000000,7.8411,7.9219,7.7603,7.9219,0,0
TPE_PE,D,20100817,000000,7.9219,7.9219,7.8411,7.8411,0,0
TPE_PE,D,20100818,000000,7.8411,7.9219,7.7603,7.9219,0,0
TPE_PE,D,20100819,000000,7.8411,7.9219,7.8411,7.8411,0,0
TPE_PE,D,20100820,000000,7.8411,7.8411,7.8411,7.8411,0,0
TPE_PE,D,20100823,000000,7.8411,8.1644,7.8411,8.1644,0,0
TPE_PE,D,20100824,000000,8.1644,8.2451,8.1644,8.1644,0,0
TPE_PE,D,20100825,000000,8.1644,8.1644,8.1644,8.1644,0,0
TPE_PE,D,20100826,000000,8.1644,8.1644,8.0028,8.0836,0,0
TPE_PE,D,20100827,000000,8.0028,8.1644,8.0028,8.1644,0,0
TPE_PE,D,20100830,000000,8.1644,8.2451,8.1644,8.2451,0,0
TPE_PE,D,20100831,000000,8.1644,8.2451,8.0836,8.2451,0,0
TPE_PE,D,20100901,000000,8.1644,8.7301,8.1644,8.7301,0,0
TPE_PE,D,20100902,000000,8.7301,8.8916,8.7301,8.8916,0,0
TPE_PE,D,20100903,000000,8.8916,9.0537,8.8109,8.9731,0,0
TPE_PE,D,20100906,000000,8.9731,9.2144,8.9731,9.1343,0,0
TPE_PE,D,20100907,000000,9.1343,9.2144,8.9731,9.0537,0,0
TPE_PE,D,20100908,000000,9.0537,9.2144,9.0537,9.2144,0,0
TPE_PE,D,20100909,000000,9.2144,9.2144,9.1343,9.1343,0,0
TPE_PE,D,20100910,000000,9.1343,9.2144,9.0537,9.0537,0,0
TPE_PE,D,20100913,000000,9.1343,9.2963,9.1343,9.2963,0,0
TPE_PE,D,20100914,000000,9.2963,9.62,9.2963,9.62,0,0
TPE_PE,D,20100915,000000,9.701,9.944,9.701,9.862,0,0
TPE_PE,D,20100916,000000,9.862,10.023,9.862,10.023,0,0
TPE_PE,D,20100917,000000,10.023,10.104,9.944,10.023,0,0
TPE_PE,D,20100920,000000,10.023,10.023,9.944,10.023,0,0
TPE_PE,D,20100921,000000,10.023,10.023,9.781,9.862,0,0
TPE_PE,D,20100922,000000,9.862,9.862,9.62,9.701,0,0
TPE_PE,D,20100923,000000,9.701,9.701,9.4571,9.4571,0,0
TPE_PE,D,20100924,000000,9.3772,9.862,9.3772,9.862,0,0
TPE_PE,D,20100927,000000,9.862,9.944,9.781,9.862,0,0
TPE_PE,D,20100928,000000,9.862,9.944,9.781,9.944,0,0
TPE_PE,D,20100929,000000,9.944,9.944,9.862,9.944,0,0
TPE_PE,D,20100930,000000,9.862,9.944,9.862,9.944,0,0
TPE_PE,D,20101001,000000,9.944,9.944,9.862,9.944,0,0
TPE_PE,D,20101004,000000,9.944,10.023,9.862,10.023,0,0
TPE_PE,D,20101005,000000,10.023,10.104,9.944,10.023,0,0
TPE_PE,D,20101006,000000,10.023,10.023,9.944,10.023,0,0
TPE_PE,D,20101007,000000,9.944,9.944,9.781,9.862,0,0
TPE_PE,D,20101008,000000,9.781,9.944,9.781,9.862,0,0
TPE_PE,D,20101011,000000,9.862,9.944,9.862,9.944,0,0
TPE_PE,D,20101012,000000,9.862,9.944,9.862,9.862,0,0
TPE_PE,D,20101013,000000,9.862,9.944,9.862,9.944,0,0
TPE_PE,D,20101014,000000,9.944,9.944,9.862,9.944,0,0
TPE_PE,D,20101015,000000,9.944,9.944,9.862,9.862,0,0
TPE_PE,D,20101018,000000,9.862,9.944,9.701,9.944,0,0
TPE_PE,D,20101019,000000,9.862,9.944,9.862,9.862,0,0
TPE_PE,D,20101020,000000,9.781,9.944,9.781,9.944,0,0
TPE_PE,D,20101021,000000,9.862,9.944,9.862,9.944,0,0
TPE_PE,D,20101022,000000,9.862,9.944,9.862,9.944,0,0
TPE_PE,D,20101025,000000,9.862,10.186,9.862,10.104,0,0
TPE_PE,D,20101026,000000,10.266,10.509,10.266,10.509,0,0
TPE_PE,D,20101027,000000,10.59,10.913,10.59,10.832,0,0
TPE_PE,D,20101028,000000,10.913,10.993,10.671,10.751,0,0
TPE_PE,D,20101029,000000,10.673,10.673,10.591,10.591,0,0
TPE_PE,D,20101102,000000,10.59,10.832,10.59,10.751,0,0
TPE_PE,D,20101103,000000,10.751,11.721,10.671,11.721,0,0
TPE_PE,D,20101104,000000,11.721,11.883,11.721,11.883,0,0
TPE_PE,D,20101105,000000,11.883,11.963,11.721,11.963,0,0
TPE_PE,D,20101108,000000,11.963,12.044,11.802,11.802,0,0
TPE_PE,D,20101109,000000,11.883,11.963,11.802,11.883,0,0
TPE_PE,D,20101110,000000,11.963,12.287,11.963,12.287,0,0
TPE_PE,D,20101112,000000,12.126,12.287,12.044,12.044,0,0
TPE_PE,D,20101115,000000,12.044,12.044,11.802,11.802,0,0
TPE_PE,D,20101116,000000,11.802,11.802,11.56,11.641,0,0
TPE_PE,D,20101117,000000,11.479,11.641,11.236,11.479,0,0
TPE_PE,D,20101118,000000,11.56,11.641,11.479,11.56,0,0
TPE_PE,D,20101119,000000,11.641,11.641,11.317,11.479,0,0
TPE_PE,D,20101122,000000,11.479,11.56,11.156,11.156,0,0
TPE_PE,D,20101123,000000,11.156,11.56,10.993,11.56,0,0
TPE_PE,D,20101124,000000,11.317,11.398,11.236,11.236,0,0
TPE_PE,D,20101125,000000,11.317,11.398,11.317,11.398,0,0
TPE_PE,D,20101126,000000,11.398,11.398,11.156,11.156,0,0
TPE_PE,D,20101129,000000,11.156,11.317,10.993,11.074,0,0
TPE_PE,D,20101130,000000,11.074,11.317,10.832,10.913,0,0
TPE_PE,D,20101201,000000,11.156,11.398,11.156,11.317,0,0
TPE_PE,D,20101202,000000,11.398,11.641,11.398,11.479,0,0
TPE_PE,D,20101203,000000,11.56,11.56,11.317,11.56,0,0
TPE_PE,D,20101206,000000,11.56,11.56,11.479,11.479,0,0
TPE_PE,D,20101207,000000,11.479,11.641,11.479,11.641,0,0
TPE_PE,D,20101208,000000,11.56,11.641,11.479,11.56,0,0
TPE_PE,D,20101209,000000,11.56,11.56,11.479,11.479,0,0
TPE_PE,D,20101210,000000,11.479,11.56,11.479,11.56,0,0
TPE_PE,D,20101213,000000,11.56,11.56,11.479,11.56,0,0
TPE_PE,D,20101214,000000,11.479,11.56,11.479,11.479,0,0
TPE_PE,D,20101215,000000,11.479,11.641,11.479,11.641,0,0
TPE_PE,D,20101216,000000,11.641,11.963,11.641,11.963,0,0
TPE_PE,D,20101217,000000,12.044,12.206,11.963,12.126,0,0
TPE_PE,D,20101220,000000,12.126,12.126,11.883,12.044,0,0
TPE_PE,D,20101221,000000,11.963,12.126,11.963,12.044,0,0
TPE_PE,D,20101222,000000,12.044,12.044,11.963,11.963,0,0
TPE_PE,D,20101223,000000,11.963,11.963,11.802,11.883,0,0
TPE_PE,D,20101227,000000,11.802,11.802,11.641,11.721,0,0
TPE_PE,D,20101228,000000,11.802,11.963,11.721,11.883,0,0
TPE_PE,D,20101229,000000,11.88,11.88,11.723,11.806,0,0
TPE_PE,D,20101230,000000,11.806,11.806,11.558,11.558,0,0
TPE_PE,D,20101231,000000,11.642,11.642,11.558,11.558,0,0
TPE_PE,D,20110103,000000,11.56,11.721,11.56,11.721,0,0
TPE_PE,D,20110104,000000,11.721,11.883,11.721,11.802,0,0
TPE_PE,D,20110105,000000,11.721,11.721,11.398,11.56,0,0
TPE_PE,D,20110107,000000,11.721,11.721,11.479,11.641,0,0
TPE_PE,D,20110110,000000,11.479,11.479,11.398,11.479,0,0
TPE_PE,D,20110111,000000,11.398,11.56,11.398,11.56,0,0
TPE_PE,D,20110112,000000,11.56,11.641,11.479,11.479,0,0
TPE_PE,D,20110113,000000,11.479,11.641,11.479,11.56,0,0
TPE_PE,D,20110114,000000,11.479,11.641,11.479,11.641,0,0
TPE_PE,D,20110117,000000,11.56,11.56,11.479,11.479,0,0
TPE_PE,D,20110118,000000,11.398,11.641,11.398,11.641,0,0
TPE_PE,D,20110119,000000,11.641,11.641,11.236,11.236,0,0
TPE_PE,D,20110120,000000,11.236,11.398,11.236,11.398,0,0
TPE_PE,D,20110121,000000,11.317,11.398,11.236,11.236,0,0
TPE_PE,D,20110124,000000,11.236,11.236,10.993,11.156,0,0
TPE_PE,D,20110125,000000,11.236,11.236,10.993,11.236,0,0
TPE_PE,D,20110126,000000,11.156,11.398,11.156,11.156,0,0
TPE_PE,D,20110127,000000,11.156,11.236,10.993,11.074,0,0
TPE_PE,D,20110128,000000,10.913,10.913,10.913,10.913,0,0
TPE_PE,D,20110131,000000,10.591,11.079,10.426,11.079,0,0
TPE_PE,D,20110201,000000,11.074,11.074,10.913,10.993,0,0
TPE_PE,D,20110202,000000,10.993,11.156,10.751,10.993,0,0
TPE_PE,D,20110203,000000,10.993,11.074,10.832,10.832,0,0
TPE_PE,D,20110204,000000,10.913,11.156,10.913,11.074,0,0
TPE_PE,D,20110207,000000,11.074,11.156,10.993,11.156,0,0
TPE_PE,D,20110208,000000,11.156,11.317,11.156,11.317,0,0
TPE_PE,D,20110209,000000,11.317,11.317,11.074,11.074,0,0
TPE_PE,D,20110210,000000,11.074,11.074,10.832,10.832,0,0
TPE_PE,D,20110211,000000,10.832,10.993,10.751,10.993,0,0
TPE_PE,D,20110214,000000,11.074,11.074,10.832,10.832,0,0
TPE_PE,D,20110215,000000,10.832,10.913,10.751,10.832,0,0
TPE_PE,D,20110216,000000,10.832,10.832,10.751,10.751,0,0
TPE_PE,D,20110217,000000,10.751,10.913,10.671,10.671,0,0
TPE_PE,D,20110218,000000,10.671,10.832,10.59,10.751,0,0
TPE_PE,D,20110221,000000,10.751,10.751,10.671,10.671,0,0
TPE_PE,D,20110222,000000,10.671,10.751,10.671,10.671,0,0
TPE_PE,D,20110223,000000,10.671,10.832,10.671,10.832,0,0
TPE_PE,D,20110224,000000,10.751,10.832,10.751,10.751,0,0
TPE_PE,D,20110225,000000,10.751,10.832,10.671,10.751,0,0
TPE_PE,D,20110228,000000,10.748,10.913,10.673,10.831,0,0
TPE_PE,D,20110301,000000,10.832,10.993,10.832,10.832,0,0
TPE_PE,D,20110302,000000,10.832,10.993,10.832,10.913,0,0
TPE_PE,D,20110303,000000,10.913,10.993,10.913,10.993,0,0
TPE_PE,D,20110304,000000,11.074,11.156,10.832,10.832,0,0
TPE_PE,D,20110307,000000,10.913,10.913,10.832,10.832,0,0
TPE_PE,D,20110308,000000,10.913,11.156,10.832,11.074,0,0
TPE_PE,D,20110309,000000,11.074,11.317,11.074,11.236,0,0
TPE_PE,D,20110310,000000,11.236,11.317,11.236,11.317,0,0
TPE_PE,D,20110311,000000,11.236,11.317,11.156,11.317,0,0
TPE_PE,D,20110314,000000,11.156,11.317,11.156,11.317,0,0
TPE_PE,D,20110315,000000,10.993,11.236,10.993,11.074,0,0
TPE_PE,D,20110316,000000,10.993,11.074,10.266,10.266,0,0
TPE_PE,D,20110317,000000,10.266,10.428,10.266,10.347,0,0
TPE_PE,D,20110318,000000,10.347,10.671,10.347,10.671,0,0
TPE_PE,D,20110321,000000,10.59,10.59,10.509,10.509,0,0
TPE_PE,D,20110322,000000,10.186,10.509,10.023,10.186,0,0
TPE_PE,D,20110323,000000,10.186,10.347,10.186,10.266,0,0
TPE_PE,D,20110324,000000,10.266,10.266,10.186,10.266,0,0
TPE_PE,D,20110325,000000,10.266,10.266,10.186,10.266,0,0
TPE_PE,D,20110328,000000,10.266,10.347,10.266,10.266,0,0
TPE_PE,D,20110329,000000,10.266,10.266,10.186,10.266,0,0
TPE_PE,D,20110330,000000,10.266,10.428,10.266,10.347,0,0
TPE_PE,D,20110331,000000,10.351,10.426,10.268,10.351,0,0
TPE_PE,D,20110401,000000,10.347,10.428,10.266,10.347,0,0
TPE_PE,D,20110404,000000,10.347,10.347,10.266,10.347,0,0
TPE_PE,D,20110405,000000,10.347,10.347,10.266,10.266,0,0
TPE_PE,D,20110406,000000,10.266,10.347,10.266,10.266,0,0
TPE_PE,D,20110407,000000,10.266,10.428,10.266,10.428,0,0
TPE_PE,D,20110408,000000,10.428,10.509,10.347,10.428,0,0
TPE_PE,D,20110411,000000,10.428,10.428,10.347,10.428,0,0
TPE_PE,D,20110412,000000,10.428,10.428,10.347,10.428,0,0
TPE_PE,D,20110413,000000,10.428,10.428,10.347,10.428,0,0
TPE_PE,D,20110414,000000,10.347,10.428,10.347,10.428,0,0
TPE_PE,D,20110415,000000,10.347,10.428,10.347,10.347,0,0
TPE_PE,D,20110418,000000,10.347,10.428,10.266,10.347,0,0
TPE_PE,D,20110419,000000,10.347,10.347,10.266,10.347,0,0
TPE_PE,D,20110420,000000,10.347,10.428,10.266,10.428,0,0
TPE_PE,D,20110421,000000,10.428,10.428,10.347,10.347,0,0
TPE_PE,D,20110426,000000,10.266,10.347,10.266,10.266,0,0
TPE_PE,D,20110427,000000,10.266,10.266,10.266,10.266,0,0
TPE_PE,D,20110428,000000,10.266,10.266,10.186,10.266,0,0
TPE_PE,D,20110429,000000,10.186,10.268,10.186,10.186,0,0
TPE_PE,D,20110502,000000,10.186,10.266,10.104,10.266,0,0
TPE_PE,D,20110504,000000,10.186,10.186,9.944,10.023,0,0
TPE_PE,D,20110505,000000,10.023,10.186,9.944,9.944,0,0
TPE_PE,D,20110506,000000,9.944,10.186,9.944,10.104,0,0
TPE_PE,D,20110509,000000,10.104,10.186,10.104,10.186,0,0
TPE_PE,D,20110510,000000,10.186,10.266,10.186,10.266,0,0
TPE_PE,D,20110511,000000,10.347,10.509,10.266,10.428,0,0
TPE_PE,D,20110512,000000,10.428,10.509,9.3772,9.3772,0,0
TPE_PE,D,20110513,000000,9.3772,9.3772,9.2963,9.2963,0,0
TPE_PE,D,20110516,000000,9.2963,9.4571,9.2144,9.3772,0,0
TPE_PE,D,20110517,000000,9.2963,9.3772,9.2963,9.3772,0,0
TPE_PE,D,20110518,000000,9.3772,9.62,9.3772,9.538,0,0
TPE_PE,D,20110519,000000,9.538,9.781,9.538,9.781,0,0
TPE_PE,D,20110520,000000,9.781,9.862,9.701,9.862,0,0
TPE_PE,D,20110523,000000,9.701,9.781,9.62,9.62,0,0
TPE_PE,D,20110524,000000,9.701,9.701,9.62,9.701,0,0
TPE_PE,D,20110525,000000,9.62,9.862,9.62,9.862,0,0
TPE_PE,D,20110526,000000,9.862,9.944,9.701,9.701,0,0
TPE_PE,D,20110527,000000,9.781,9.781,9.62,9.701,0,0
TPE_PE,D,20110530,000000,9.62,9.862,9.62,9.862,0,0
TPE_PE,D,20110531,000000,9.781,9.864,9.781,9.864,0,0
TPE_PE,D,20110601,000000,9.862,9.862,9.781,9.781,0,0
TPE_PE,D,20110602,000000,9.701,9.862,9.701,9.862,0,0
TPE_PE,D,20110603,000000,9.862,9.944,9.781,9.862,0,0
TPE_PE,D,20110606,000000,9.781,9.862,9.781,9.862,0,0
TPE_PE,D,20110607,000000,9.864,10.02,9.864,9.945,0,0
TPE_PE,D,20110608,000000,9.945,10.02,9.864,10.02,0,0
TPE_PE,D,20110609,000000,10.02,10.103,10.02,10.02,0,0
TPE_PE,D,20110610,000000,10.103,10.103,9.945,10.02,0,0
TPE_PE,D,20110613,000000,9.944,10.023,9.944,9.944,0,0
TPE_PE,D,20110614,000000,10.023,10.023,9.944,9.944,0,0
TPE_PE,D,20110615,000000,10.023,10.023,9.944,10.023,0,0
TPE_PE,D,20110616,000000,9.945,10.02,9.945,10.02,0,0
TPE_PE,D,20110617,000000,9.945,10.103,9.945,10.02,0,0
TPE_PE,D,20110620,000000,9.945,10.103,9.945,10.02,0,0
TPE_PE,D,20110621,000000,10.02,10.103,9.864,10.103,0,0
TPE_PE,D,20110622,000000,10.02,10.103,10.02,10.103,0,0
TPE_PE,D,20110624,000000,10.02,10.186,10.02,10.103,0,0
TPE_PE,D,20110627,000000,10.103,10.186,9.945,10.02,0,0
TPE_PE,D,20110628,000000,10.004,10.252,9.92,10.169,0,0
TPE_PE,D,20110629,000000,10.169,10.252,10.169,10.169,0,0
TPE_PE,D,20110630,000000,10.169,10.252,10.004,10.004,0,0
TPE_PE,D,20110701,000000,9.92,10.004,9.839,10.004,0,0
TPE_PE,D,20110704,000000,9.92,10.169,9.92,10.169,0,0
TPE_PE,D,20110705,000000,10.087,10.169,9.92,9.92,0,0
TPE_PE,D,20110706,000000,9.92,9.92,9.674,9.839,0,0
TPE_PE,D,20110707,000000,9.756,10.004,9.756,10.004,0,0
TPE_PE,D,20110708,000000,9.92,10.004,9.839,9.839,0,0
TPE_PE,D,20110711,000000,9.756,9.92,9.756,9.92,0,0
TPE_PE,D,20110712,000000,9.674,9.839,9.674,9.756,0,0
TPE_PE,D,20110713,000000,9.756,9.839,9.756,9.756,0,0
TPE_PE,D,20110714,000000,9.756,9.756,9.59,9.756,0,0
TPE_PE,D,20110715,000000,9.756,9.756,9.59,9.756,0,0
TPE_PE,D,20110718,000000,9.507,9.59,9.4253,9.507,0,0
TPE_PE,D,20110719,000000,9.4253,9.59,9.4253,9.59,0,0
TPE_PE,D,20110720,000000,9.59,9.674,9.59,9.59,0,0
TPE_PE,D,20110721,000000,9.59,9.756,9.507,9.756,0,0
TPE_PE,D,20110722,000000,9.756,9.839,9.756,9.839,0,0
TPE_PE,D,20110725,000000,9.839,9.92,9.756,9.92,0,0
TPE_PE,D,20110726,000000,9.92,9.92,9.839,9.92,0,0
TPE_PE,D,20110727,000000,9.839,9.839,9.756,9.756,0,0
TPE_PE,D,20110728,000000,9.674,9.839,9.674,9.839,0,0
TPE_PE,D,20110729,000000,9.756,9.839,9.674,9.839,0,0
TPE_PE,D,20110801,000000,9.839,9.92,9.756,9.756,0,0
TPE_PE,D,20110802,000000,9.756,9.839,9.674,9.839,0,0
TPE_PE,D,20110803,000000,9.756,9.839,9.59,9.674,0,0
TPE_PE,D,20110804,000000,9.59,9.59,9.3425,9.3425,0,0
TPE_PE,D,20110805,000000,8.5982,9.3425,8.5982,9.0945,0,0
TPE_PE,D,20110808,000000,8.8462,8.9286,8.2675,8.4328,0,0
TPE_PE,D,20110809,000000,8.3503,8.4328,7.7714,7.7714,0,0
TPE_PE,D,20110810,000000,8.0194,8.1849,7.11,7.6061,0,0
TPE_PE,D,20110811,000000,7.6061,8.1849,7.1928,8.1022,0,0
TPE_PE,D,20110812,000000,8.1849,8.4328,8.0194,8.1022,0,0
TPE_PE,D,20110816,000000,8.1849,8.3503,8.1022,8.3503,0,0
TPE_PE,D,20110817,000000,8.2675,8.3503,8.1849,8.2675,0,0
TPE_PE,D,20110818,000000,8.3503,8.3503,7.6888,8.2675,0,0
TPE_PE,D,20110819,000000,8.0194,8.2675,7.0274,7.0274,0,0
TPE_PE,D,20110822,000000,6.9448,7.3581,6.9448,7.2754,0,0
TPE_PE,D,20110823,000000,7.3581,7.4409,7.0274,7.11,0,0
TPE_PE,D,20110824,000000,6.9448,7.11,6.9448,6.9448,0,0
TPE_PE,D,20110825,000000,7.11,7.11,6.8621,6.9448,0,0
TPE_PE,D,20110826,000000,6.9448,6.9448,6.7794,6.8621,0,0
TPE_PE,D,20110829,000000,6.9448,7.0274,6.8621,7.0274,0,0
TPE_PE,D,20110830,000000,7.11,7.11,7.0274,7.11,0,0
TPE_PE,D,20110831,000000,7.1928,7.3581,7.11,7.1928,0,0
TPE_PE,D,20110901,000000,7.2754,7.2754,7.0274,7.1928,0,0
TPE_PE,D,20110902,000000,7.1928,7.1928,6.9448,7.0274,0,0
TPE_PE,D,20110905,000000,6.9448,7.0274,6.6967,6.6967,0,0
TPE_PE,D,20110906,000000,6.6967,6.9448,6.6967,6.9448,0,0
TPE_PE,D,20110907,000000,6.9448,7.1928,6.9448,7.1928,0,0
TPE_PE,D,20110908,000000,7.1928,7.1928,6.9448,7.0274,0,0
TPE_PE,D,20110909,000000,7.0274,7.0274,6.7794,6.7794,0,0
TPE_PE,D,20110912,000000,6.6967,6.6967,6.5314,6.614,0,0
TPE_PE,D,20110913,000000,6.614,6.6967,6.5314,6.5314,0,0
TPE_PE,D,20110914,000000,6.5314,6.6967,6.5314,6.6967,0,0
TPE_PE,D,20110915,000000,6.7794,7.0274,6.6967,6.9448,0,0
TPE_PE,D,20110916,000000,6.9448,7.0274,6.9448,6.9448,0,0
TPE_PE,D,20110919,000000,6.8621,6.8621,6.6967,6.8621,0,0
TPE_PE,D,20110920,000000,6.8621,6.9448,6.7794,6.8621,0,0
TPE_PE,D,20110921,000000,6.9448,6.9448,6.7794,6.8621,0,0
TPE_PE,D,20110922,000000,6.7794,6.7794,6.5314,6.5314,0,0
TPE_PE,D,20110923,000000,6.4486,6.5314,6.3659,6.4486,0,0
TPE_PE,D,20110926,000000,6.5314,6.6967,6.4486,6.4486,0,0
TPE_PE,D,20110927,000000,6.614,6.6967,6.4486,6.6967,0,0
TPE_PE,D,20110928,000000,6.614,6.6967,6.614,6.6967,0,0
TPE_PE,D,20110929,000000,6.6967,6.7794,6.614,6.6967,0,0
TPE_PE,D,20110930,000000,6.6967,6.9448,6.614,6.8621,0,0
TPE_PE,D,20111003,000000,6.6967,6.9448,6.614,6.9448,0,0
TPE_PE,D,20111004,000000,6.9448,6.9448,6.7794,6.9448,0,0
TPE_PE,D,20111005,000000,6.9448,6.9448,6.9448,6.9448,0,0
TPE_PE,D,20111006,000000,6.9448,7.0274,6.9448,6.9448,0,0
TPE_PE,D,20111007,000000,6.9448,6.9448,6.7794,6.8621,0,0
TPE_PE,D,20111010,000000,6.8621,6.9448,6.8621,6.9448,0,0
TPE_PE,D,20111011,000000,6.9448,7.11,6.9448,7.11,0,0
TPE_PE,D,20111012,000000,7.11,7.2754,7.0274,7.2754,0,0
TPE_PE,D,20111013,000000,7.2754,7.3581,7.11,7.1928,0,0
TPE_PE,D,20111014,000000,7.11,7.2754,7.11,7.11,0,0
TPE_PE,D,20111017,000000,7.11,7.1928,7.11,7.11,0,0
TPE_PE,D,20111018,000000,7.0274,7.1928,6.9448,7.1928,0,0
TPE_PE,D,20111019,000000,7.1928,7.1928,7.11,7.1928,0,0
TPE_PE,D,20111020,000000,7.11,7.1928,7.11,7.1928,0,0
TPE_PE,D,20111021,000000,7.1928,7.4409,7.1928,7.4409,0,0
TPE_PE,D,20111024,000000,7.4409,7.6061,7.3581,7.6061,0,0
TPE_PE,D,20111025,000000,7.5235,7.6888,7.4409,7.6061,0,0
TPE_PE,D,20111026,000000,7.5235,7.6061,7.3581,7.3581,0,0
TPE_PE,D,20111027,000000,7.6061,7.6061,7.4409,7.5235,0,0
TPE_PE,D,20111028,000000,7.6061,7.6061,7.4409,7.5235,0,0
TPE_PE,D,20111031,000000,7.4409,7.5235,7.3581,7.4409,0,0
TPE_PE,D,20111102,000000,7.0274,7.1928,7.0274,7.1928,0,0
TPE_PE,D,20111103,000000,7.1928,7.3581,7.11,7.2754,0,0
TPE_PE,D,20111104,000000,7.3581,7.3581,7.0274,7.0274,0,0
TPE_PE,D,20111107,000000,7.0274,7.11,7.0274,7.11,0,0
TPE_PE,D,20111108,000000,7.11,7.2754,7.11,7.2754,0,0
TPE_PE,D,20111109,000000,7.3581,7.3581,7.0274,7.11,0,0
TPE_PE,D,20111110,000000,7.1928,7.1928,7.0274,7.0274,0,0
TPE_PE,D,20111114,000000,7.1928,7.1928,7.0274,7.0274,0,0
TPE_PE,D,20111115,000000,7.0274,7.11,6.6967,6.6967,0,0
TPE_PE,D,20111116,000000,6.6967,6.7794,6.6967,6.7794,0,0
TPE_PE,D,20111117,000000,6.7794,6.7794,6.614,6.7794,0,0
TPE_PE,D,20111118,000000,6.6967,6.7794,6.614,6.6967,0,0
TPE_PE,D,20111121,000000,6.6967,6.6967,6.5314,6.5314,0,0
TPE_PE,D,20111122,000000,6.5314,6.5314,6.4486,6.4486,0,0
TPE_PE,D,20111123,000000,6.3659,6.4486,6.2833,6.3659,0,0
TPE_PE,D,20111124,000000,6.3659,6.3659,6.2833,6.3659,0,0
TPE_PE,D,20111125,000000,6.3659,6.4486,6.2833,6.3659,0,0
TPE_PE,D,20111128,000000,6.5314,6.614,6.4486,6.614,0,0
TPE_PE,D,20111129,000000,6.614,6.6967,6.5314,6.6967,0,0
TPE_PE,D,20111130,000000,6.6967,6.8621,6.6967,6.7794,0,0
TPE_PE,D,20111201,000000,6.7794,6.7794,6.6967,6.7794,0,0
TPE_PE,D,20111202,000000,6.7794,6.8621,6.6967,6.7794,0,0
TPE_PE,D,20111205,000000,6.7794,6.7794,6.6967,6.7794,0,0
TPE_PE,D,20111206,000000,6.7794,6.7794,6.6967,6.6967,0,0
TPE_PE,D,20111207,000000,6.614,6.6967,6.614,6.6967,0,0
TPE_PE,D,20111208,000000,6.614,6.6967,6.5314,6.6967,0,0
TPE_PE,D,20111209,000000,6.5314,6.6967,6.5314,6.6967,0,0
TPE_PE,D,20111212,000000,6.614,6.614,6.5314,6.614,0,0
TPE_PE,D,20111213,000000,6.614,6.614,6.4486,6.4486,0,0
TPE_PE,D,20111214,000000,6.5314,6.5314,6.4486,6.5314,0,0
TPE_PE,D,20111215,000000,6.614,6.614,6.4486,6.5314,0,0
TPE_PE,D,20111216,000000,6.5314,6.614,6.3659,6.3659,0,0
TPE_PE,D,20111219,000000,6.4486,6.5314,6.2833,6.2833,0,0
TPE_PE,D,20111220,000000,6.2833,6.5314,6.2833,6.4486,0,0
TPE_PE,D,20111221,000000,6.4486,6.5314,6.4486,6.4486,0,0
TPE_PE,D,20111222,000000,6.4486,6.4486,6.3659,6.3659,0,0
TPE_PE,D,20111223,000000,6.3659,6.4486,6.3659,6.4486,0,0
TPE_PE,D,20111227,000000,6.4486,6.4486,6.4486,6.4486,0,0
TPE_PE,D,20111228,000000,6.4486,6.5314,6.4486,6.5314,0,0
TPE_PE,D,20111229,000000,6.5314,6.6967,6.4486,6.6967,0,0
TPE_PE,D,20111230,000000,6.6985,6.6985,6.6985,6.6985,0,0
TPE_PE,D,20120102,000000,6.614,6.7794,6.614,6.6967,0,0
TPE_PE,D,20120103,000000,6.6967,6.8621,6.6967,6.8621,0,0
TPE_PE,D,20120104,000000,6.8621,6.8621,6.7794,6.8621,0,0
TPE_PE,D,20120105,000000,6.7794,6.8621,6.6967,6.8621,0,0
TPE_PE,D,20120109,000000,6.7794,6.8621,6.7794,6.7794,0,0
TPE_PE,D,20120110,000000,6.7794,6.8621,6.7794,6.7794,0,0
TPE_PE,D,20120111,000000,6.7794,6.8621,6.6967,6.7794,0,0
TPE_PE,D,20120112,000000,6.7794,6.8621,6.7794,6.8621,0,0
TPE_PE,D,20120113,000000,6.9448,6.9448,6.6967,6.7794,0,0
TPE_PE,D,20120116,000000,6.6967,6.7794,6.6967,6.7794,0,0
TPE_PE,D,20120117,000000,6.7794,6.7794,6.6967,6.6967,0,0
TPE_PE,D,20120118,000000,6.7794,6.7794,6.6967,6.7794,0,0
TPE_PE,D,20120119,000000,6.7794,6.7794,6.6967,6.7794,0,0
TPE_PE,D,20120120,000000,6.7794,6.7794,6.6967,6.7794,0,0
TPE_PE,D,20120123,000000,6.7794,6.7794,6.6967,6.6967,0,0
TPE_PE,D,20120124,000000,6.6967,6.6967,6.6967,6.6967,0,0
TPE_PE,D,20120125,000000,6.6967,6.6967,6.614,6.6967,0,0
TPE_PE,D,20120126,000000,6.6967,6.7794,6.614,6.614,0,0
TPE_PE,D,20120127,000000,6.614,6.6967,6.614,6.614,0,0
TPE_PE,D,20120130,000000,6.614,6.7794,6.614,6.6967,0,0
TPE_PE,D,20120131,000000,6.6985,6.778,6.6985,6.778,0,0
TPE_PE,D,20120201,000000,6.7794,6.9448,6.7794,6.8621,0,0
TPE_PE,D,20120202,000000,6.8621,6.8621,6.7794,6.7794,0,0
TPE_PE,D,20120203,000000,6.7794,6.8621,6.7794,6.8621,0,0
TPE_PE,D,20120206,000000,6.8621,6.8621,6.7794,6.8621,0,0
TPE_PE,D,20120207,000000,6.8621,6.8621,6.7794,6.7794,0,0
TPE_PE,D,20120208,000000,6.7794,6.8621,6.7794,6.7794,0,0
TPE_PE,D,20120209,000000,6.7794,6.8621,6.7794,6.7794,0,0
TPE_PE,D,20120210,000000,6.7794,6.7794,6.6967,6.7794,0,0
TPE_PE,D,20120213,000000,6.7794,6.7794,6.6967,6.7794,0,0
TPE_PE,D,20120214,000000,6.7794,6.8621,6.6967,6.8621,0,0
TPE_PE,D,20120215,000000,6.8621,6.9448,6.8621,6.9448,0,0
TPE_PE,D,20120216,000000,6.9448,6.9448,6.8621,6.8621,0,0
TPE_PE,D,20120217,000000,6.9448,7.0274,6.9448,6.9448,0,0
TPE_PE,D,20120220,000000,7.0274,7.0274,6.7794,6.7794,0,0
TPE_PE,D,20120221,000000,6.7794,6.8621,6.7794,6.7794,0,0
TPE_PE,D,20120222,000000,6.7794,6.7794,6.6967,6.6967,0,0
TPE_PE,D,20120223,000000,6.614,6.614,6.614,6.614,0,0
TPE_PE,D,20120224,000000,6.6967,6.7794,6.6967,6.7794,0,0
TPE_PE,D,20120227,000000,6.7794,6.7794,6.5314,6.5314,0,0
TPE_PE,D,20120228,000000,6.614,6.614,6.4486,6.4486,0,0
TPE_PE,D,20120229,000000,6.5305,6.5305,6.3627,6.451,0,0
TPE_PE,D,20120301,000000,6.4486,6.4486,6.4486,6.4486,0,0
TPE_PE,D,20120302,000000,6.4486,6.614,6.4486,6.5314,0,0
TPE_PE,D,20120305,000000,6.5314,6.5314,6.4486,6.4486,0,0
TPE_PE,D,20120306,000000,6.4486,6.4486,6.2833,6.3659,0,0
TPE_PE,D,20120307,000000,6.3659,6.4486,6.3659,6.4486,0,0
TPE_PE,D,20120308,000000,6.5314,6.5314,6.2833,6.2833,0,0
TPE_PE,D,20120309,000000,6.3659,6.3659,6.2833,6.2833,0,0
TPE_PE,D,20120312,000000,6.2833,6.4486,6.2833,6.4486,0,0
TPE_PE,D,20120313,000000,6.4486,6.5314,6.4486,6.4486,0,0
TPE_PE,D,20120314,000000,6.5314,6.5314,6.4486,6.5314,0,0
TPE_PE,D,20120315,000000,6.5314,6.5314,6.4486,6.4486,0,0
TPE_PE,D,20120316,000000,6.5314,6.6967,6.5314,6.6967,0,0
TPE_PE,D,20120319,000000,6.6967,6.6967,6.5314,6.5314,0,0
TPE_PE,D,20120320,000000,6.5314,6.614,6.5314,6.614,0,0
TPE_PE,D,20120321,000000,6.614,6.6967,6.118,6.118,0,0
TPE_PE,D,20120322,000000,6.118,6.118,5.9526,5.9526,0,0
TPE_PE,D,20120323,000000,5.9526,6.118,5.9526,6.118,0,0
TPE_PE,D,20120326,000000,6.118,6.2006,6.0353,6.2006,0,0
TPE_PE,D,20120327,000000,6.2006,6.2006,6.118,6.2006,0,0
TPE_PE,D,20120328,000000,6.118,6.2006,6.118,6.118,0,0
TPE_PE,D,20120329,000000,6.118,6.118,5.9526,6.0353,0,0
TPE_PE,D,20120330,000000,6.1153,6.1153,6.0357,6.0357,0,0
TPE_PE,D,20120402,000000,6.118,6.118,6.0353,6.118,0,0
TPE_PE,D,20120403,000000,6.118,6.118,6.0353,6.0353,0,0
TPE_PE,D,20120404,000000,6.0353,6.0353,5.9526,5.9526,0,0
TPE_PE,D,20120405,000000,5.9526,6.0353,5.9526,6.0353,0,0
TPE_PE,D,20120410,000000,6.0353,6.0353,5.9526,5.9526,0,0
TPE_PE,D,20120411,000000,5.9526,6.0353,5.9526,6.0353,0,0
TPE_PE,D,20120412,000000,6.0353,6.0353,6.0353,6.0353,0,0
TPE_PE,D,20120413,000000,6.0353,6.0353,5.9526,6.0353,0,0
TPE_PE,D,20120416,000000,6.0353,6.118,6.0353,6.118,0,0
TPE_PE,D,20120417,000000,6.118,6.118,6.0353,6.0353,0,0
TPE_PE,D,20120418,000000,6.0353,6.118,5.9526,5.9526,0,0
TPE_PE,D,20120419,000000,6.0353,6.0353,5.9526,5.9526,0,0
TPE_PE,D,20120420,000000,5.9526,5.9526,5.7873,5.7873,0,0
TPE_PE,D,20120423,000000,5.7873,5.7873,5.5392,5.5392,0,0
TPE_PE,D,20120424,000000,5.5392,5.5392,5.374,5.4566,0,0
TPE_PE,D,20120425,000000,5.5392,5.6219,5.4566,5.5392,0,0
TPE_PE,D,20120426,000000,5.6219,5.6219,5.5392,5.5392,0,0
TPE_PE,D,20120427,000000,5.5392,5.6219,5.5392,5.5392,0,0
TPE_PE,D,20120430,000000,5.5409,5.5409,5.4525,5.5409,0,0
TPE_PE,D,20120502,000000,5.5392,5.5392,5.4566,5.4566,0,0
TPE_PE,D,20120504,000000,5.5392,5.5392,5.2912,5.2912,0,0
TPE_PE,D,20120507,000000,5.2086,5.2912,5.2086,5.2912,0,0
TPE_PE,D,20120508,000000,5.2912,5.2912,5.2086,5.2086,0,0
TPE_PE,D,20120509,000000,5.2086,5.2912,5.2086,5.2912,0,0
TPE_PE,D,20120510,000000,5.374,5.4566,5.374,5.374,0,0
TPE_PE,D,20120511,000000,5.4566,5.4566,5.2912,5.2912,0,0
TPE_PE,D,20120514,000000,5.2086,5.2912,5.2086,5.2086,0,0
TPE_PE,D,20120515,000000,5.2086,5.2086,5.0432,5.0432,0,0
TPE_PE,D,20120516,000000,5.0432,5.1259,4.8778,5.1259,0,0
TPE_PE,D,20120517,000000,5.1259,5.1259,4.9605,4.9605,0,0
TPE_PE,D,20120518,000000,4.9605,5.1259,4.9605,5.1259,0,0
TPE_PE,D,20120521,000000,5.1259,5.2086,5.1259,5.1259,0,0
TPE_PE,D,20120522,000000,5.2086,5.2086,5.0432,5.0432,0,0
TPE_PE,D,20120523,000000,5.0432,5.0432,4.8778,4.8778,0,0
TPE_PE,D,20120524,000000,4.8778,4.9605,4.8778,4.9605,0,0
TPE_PE,D,20120525,000000,4.9605,5.1259,4.8778,4.9605,0,0
TPE_PE,D,20120528,000000,4.9605,5.0432,4.9605,4.9605,0,0
TPE_PE,D,20120529,000000,4.9605,5.0432,4.9605,5.0432,0,0
TPE_PE,D,20120530,000000,5.0432,5.0432,4.9605,5.0432,0,0
TPE_PE,D,20120531,000000,5.046,5.046,4.9576,5.046,0,0
TPE_PE,D,20120601,000000,5.0432,5.0432,4.8778,5.0432,0,0
TPE_PE,D,20120604,000000,5.0432,5.1259,4.9605,5.0432,0,0
TPE_PE,D,20120605,000000,5.046,5.046,4.9576,4.9576,0,0
TPE_PE,D,20120606,000000,4.9576,5.1255,4.9576,5.1255,0,0
TPE_PE,D,20120608,000000,5.205,5.5409,5.1255,5.5409,0,0
TPE_PE,D,20120611,000000,5.5392,5.6219,5.374,5.5392,0,0
TPE_PE,D,20120612,000000,5.4566,5.6219,5.4566,5.5392,0,0
TPE_PE,D,20120613,000000,5.5392,5.6219,5.4566,5.5392,0,0
TPE_PE,D,20120614,000000,5.6219,5.6219,5.5392,5.5392,0,0
TPE_PE,D,20120615,000000,5.5409,5.7088,5.5409,5.6203,0,0
TPE_PE,D,20120618,000000,5.7046,5.7046,5.5392,5.6219,0,0
TPE_PE,D,20120619,000000,5.6219,5.7873,5.6219,5.7046,0,0
TPE_PE,D,20120620,000000,5.7088,5.7883,5.6203,5.6203,0,0
TPE_PE,D,20120621,000000,5.6203,5.6203,5.5409,5.6203,0,0
TPE_PE,D,20120622,000000,5.6203,5.6203,5.5409,5.5409,0,0
TPE_PE,D,20120625,000000,5.5409,5.5409,5.5409,5.5409,0,0
TPE_PE,D,20120626,000000,5.5409,5.7088,5.5409,5.7088,0,0
TPE_PE,D,20120627,000000,5.7088,5.7088,5.6203,5.6203,0,0
TPE_PE,D,20120628,000000,5.7441,5.7441,5.5674,5.6558,0,0
TPE_PE,D,20120629,000000,5.7441,5.8325,5.7441,5.7441,0,0
TPE_PE,D,20120702,000000,5.7441,5.7441,5.6558,5.7441,0,0
TPE_PE,D,20120703,000000,5.6558,5.7441,5.6558,5.6558,0,0
TPE_PE,D,20120704,000000,5.6558,5.6558,5.5674,5.5674,0,0
TPE_PE,D,20120705,000000,5.5674,5.6558,5.479,5.5674,0,0
TPE_PE,D,20120706,000000,5.5674,5.5674,5.3906,5.3906,0,0
TPE_PE,D,20120709,000000,5.3906,5.3906,5.3022,5.3906,0,0
TPE_PE,D,20120710,000000,5.479,5.5674,5.3906,5.3906,0,0
TPE_PE,D,20120711,000000,5.3906,5.5674,5.3906,5.479,0,0
TPE_PE,D,20120712,000000,5.479,5.5674,5.3906,5.479,0,0
TPE_PE,D,20120713,000000,5.5674,5.6558,5.479,5.5674,0,0
TPE_PE,D,20120716,000000,5.5674,5.6558,5.479,5.6558,0,0
TPE_PE,D,20120717,000000,5.6558,5.7441,5.6558,5.7441,0,0
TPE_PE,D,20120718,000000,5.7441,5.7441,5.6558,5.7441,0,0
TPE_PE,D,20120719,000000,5.7441,5.9208,5.6558,5.9208,0,0
TPE_PE,D,20120720,000000,5.9208,5.9208,5.8325,5.9208,0,0
TPE_PE,D,20120723,000000,5.8325,5.8325,5.5674,5.5674,0,0
TPE_PE,D,20120724,000000,5.5674,5.6558,5.5674,5.6558,0,0
TPE_PE,D,20120725,000000,5.5674,5.6558,5.5674,5.6558,0,0
TPE_PE,D,20120726,000000,5.5674,5.7441,5.5674,5.5674,0,0
TPE_PE,D,20120727,000000,5.7441,5.8325,5.6558,5.8325,0,0
TPE_PE,D,20120730,000000,5.8325,5.8325,5.7441,5.7441,0,0
TPE_PE,D,20120731,000000,5.8325,5.8325,5.6558,5.8325,0,0
TPE_PE,D,20120801,000000,5.8325,5.8325,5.7441,5.7441,0,0
TPE_PE,D,20120802,000000,5.7441,5.7441,5.6558,5.7441,0,0
TPE_PE,D,20120803,000000,5.6558,5.8325,5.6558,5.7441,0,0
TPE_PE,D,20120806,000000,5.7441,5.8325,5.7441,5.7441,0,0
TPE_PE,D,20120807,000000,5.7441,5.9208,5.7441,5.9208,0,0
TPE_PE,D,20120808,000000,5.9208,6.0092,5.9208,6.0092,0,0
TPE_PE,D,20120809,000000,6.0092,6.1859,6.0092,6.1859,0,0
TPE_PE,D,20120810,000000,6.1859,6.2743,6.0976,6.1859,0,0
TPE_PE,D,20120813,000000,6.0976,6.1859,6.0092,6.0092,0,0
TPE_PE,D,20120814,000000,6.0092,6.0092,5.9208,6.0092,0,0
TPE_PE,D,20120816,000000,6.0092,6.0092,5.9208,6.0092,0,0
TPE_PE,D,20120817,000000,6.0092,6.0092,6.0092,6.0092,0,0
TPE_PE,D,20120820,000000,6.0092,6.0092,6.0092,6.0092,0,0
TPE_PE,D,20120821,000000,6.0092,6.0976,6.0092,6.0976,0,0
TPE_PE,D,20120822,000000,6.0092,6.0976,6.0092,6.0092,0,0
TPE_PE,D,20120823,000000,6.0976,6.1859,6.0092,6.1859,0,0
TPE_PE,D,20120824,000000,6.1859,6.1859,5.479,5.479,0,0
TPE_PE,D,20120827,000000,5.479,5.479,5.3906,5.3906,0,0
TPE_PE,D,20120828,000000,5.3906,5.479,5.3022,5.479,0,0
TPE_PE,D,20120829,000000,5.479,5.5674,5.3906,5.3906,0,0
TPE_PE,D,20120830,000000,5.3906,5.479,5.3906,5.479,0,0
TPE_PE,D,20120831,000000,5.479,5.5674,5.479,5.479,0,0
TPE_PE,D,20120903,000000,5.479,5.479,5.479,5.479,0,0
TPE_PE,D,20120904,000000,5.479,5.479,5.479,5.479,0,0
TPE_PE,D,20120905,000000,5.479,5.479,5.3906,5.479,0,0
TPE_PE,D,20120906,000000,5.479,5.479,5.479,5.479,0,0
TPE_PE,D,20120907,000000,5.479,5.479,5.3906,5.479,0,0
TPE_PE,D,20120910,000000,5.479,5.479,5.479,5.479,0,0
TPE_PE,D,20120911,000000,5.3906,5.5674,5.3906,5.5674,0,0
TPE_PE,D,20120912,000000,5.5674,5.6558,5.5674,5.5674,0,0
TPE_PE,D,20120913,000000,5.5674,5.6558,5.479,5.6558,0,0
TPE_PE,D,20120914,000000,5.6558,5.7441,5.6558,5.6558,0,0
TPE_PE,D,20120917,000000,5.6558,5.7441,5.5674,5.7441,0,0
TPE_PE,D,20120918,000000,5.7441,5.7441,5.6558,5.7441,0,0
TPE_PE,D,20120919,000000,5.7441,5.8325,5.7441,5.7441,0,0
TPE_PE,D,20120920,000000,5.7441,5.7441,5.6558,5.7441,0,0
TPE_PE,D,20120921,000000,5.6558,5.7441,5.5674,5.5674,0,0
TPE_PE,D,20120924,000000,5.5674,5.5674,5.479,5.479,0,0
TPE_PE,D,20120925,000000,5.479,5.5674,5.479,5.479,0,0
TPE_PE,D,20120926,000000,5.479,5.479,5.3906,5.479,0,0
TPE_PE,D,20120927,000000,5.479,5.5674,5.479,5.479,0,0
TPE_PE,D,20120928,000000,5.479,5.5674,5.479,5.5674,0,0
TPE_PE,D,20121001,000000,5.479,5.6558,5.479,5.5674,0,0
TPE_PE,D,20121002,000000,5.5674,5.5674,5.5674,5.5674,0,0
TPE_PE,D,20121003,000000,5.5674,5.5674,5.479,5.5674,0,0
TPE_PE,D,20121004,000000,5.5674,5.5674,5.479,5.479,0,0
TPE_PE,D,20121005,000000,5.479,5.5674,5.479,5.5674,0,0
TPE_PE,D,20121008,000000,5.5674,5.5674,5.479,5.479,0,0
TPE_PE,D,20121009,000000,5.479,5.479,5.3906,5.479,0,0
TPE_PE,D,20121010,000000,5.479,5.479,5.3022,5.3906,0,0
TPE_PE,D,20121011,000000,5.3022,5.3906,5.3022,5.3022,0,0
TPE_PE,D,20121012,000000,5.3022,5.3022,5.2139,5.2139,0,0
TPE_PE,D,20121015,000000,5.2139,5.3022,5.2139,5.3022,0,0
TPE_PE,D,20121016,000000,5.3022,5.3022,5.3022,5.3022,0,0
TPE_PE,D,20121017,000000,5.3022,5.3906,5.3022,5.3906,0,0
TPE_PE,D,20121018,000000,5.3906,5.3906,5.3022,5.3906,0,0
TPE_PE,D,20121019,000000,5.3906,5.479,5.3022,5.3906,0,0
TPE_PE,D,20121022,000000,5.3906,5.479,5.3022,5.3022,0,0
TPE_PE,D,20121023,000000,5.3022,5.3022,5.2139,5.3022,0,0
TPE_PE,D,20121024,000000,5.3022,5.3022,5.1255,5.1255,0,0
TPE_PE,D,20121025,000000,5.2139,5.2139,5.1255,5.2139,0,0
TPE_PE,D,20121026,000000,5.2139,5.2139,5.1255,5.1255,0,0
TPE_PE,D,20121029,000000,5.1255,5.2139,5.1255,5.2139,0,0
TPE_PE,D,20121030,000000,5.2139,5.2139,5.1255,5.1255,0,0
TPE_PE,D,20121031,000000,5.1255,5.1255,4.9487,4.9487,0,0
TPE_PE,D,20121102,000000,5.0372,5.0372,4.7721,5.0372,0,0
TPE_PE,D,20121105,000000,5.0372,5.0372,4.9487,5.0372,0,0
TPE_PE,D,20121106,000000,5.0372,5.0372,4.9487,4.9487,0,0
TPE_PE,D,20121107,000000,5.0372,5.0372,4.8603,4.8603,0,0
TPE_PE,D,20121108,000000,4.9487,4.9487,4.6837,4.7721,0,0
TPE_PE,D,20121109,000000,4.7721,4.7721,4.6837,4.6837,0,0
TPE_PE,D,20121112,000000,4.7721,4.8603,4.6837,4.8603,0,0
TPE_PE,D,20121113,000000,4.9487,4.9487,4.8603,4.8603,0,0
TPE_PE,D,20121114,000000,4.8603,4.8603,4.7721,4.8603,0,0
TPE_PE,D,20121115,000000,4.8603,4.8603,4.5069,4.5069,0,0
TPE_PE,D,20121116,000000,4.5069,4.6837,4.5069,4.5953,0,0
TPE_PE,D,20121119,000000,4.5953,4.5953,4.5069,4.5953,0,0
TPE_PE,D,20121120,000000,4.5953,4.5953,4.4185,4.4185,0,0
TPE_PE,D,20121121,000000,4.4185,4.4185,4.3302,4.4185,0,0
TPE_PE,D,20121122,000000,4.4185,4.5069,4.4185,4.4185,0,0
TPE_PE,D,20121123,000000,4.4185,4.5069,4.4185,4.5069,0,0
TPE_PE,D,20121126,000000,4.5069,4.5953,4.5069,4.5953,0,0
TPE_PE,D,20121127,000000,4.5953,4.5953,4.5069,4.5953,0,0
TPE_PE,D,20121128,000000,4.5953,4.6837,4.5069,4.5953,0,0
TPE_PE,D,20121129,000000,4.5953,4.6837,4.5069,4.5069,0,0
TPE_PE,D,20121130,000000,4.5069,4.5069,4.4185,4.5069,0,0
TPE_PE,D,20121203,000000,4.5069,4.5953,4.5069,4.5953,0,0
TPE_PE,D,20121204,000000,4.5953,4.6837,4.5953,4.5953,0,0
TPE_PE,D,20121205,000000,4.5953,4.5953,4.5953,4.5953,0,0
TPE_PE,D,20121206,000000,4.5953,4.6837,4.5953,4.6837,0,0
TPE_PE,D,20121207,000000,4.6837,4.6837,4.5953,4.5953,0,0
TPE_PE,D,20121210,000000,4.5953,4.6837,4.5953,4.5953,0,0
TPE_PE,D,20121211,000000,4.5953,4.6837,4.5953,4.6837,0,0
TPE_PE,D,20121212,000000,4.6837,4.6837,4.5953,4.5953,0,0
TPE_PE,D,20121213,000000,4.5953,4.5953,4.5953,4.5953,0,0
TPE_PE,D,20121214,000000,4.5953,4.6837,4.5953,4.6837,0,0
TPE_PE,D,20121217,000000,4.6837,4.7721,4.6837,4.7721,0,0
TPE_PE,D,20121218,000000,4.7721,4.8603,4.7721,4.7721,0,0
TPE_PE,D,20121219,000000,4.7721,4.7721,4.6837,4.7721,0,0
TPE_PE,D,20121220,000000,4.7721,4.7721,4.6837,4.6837,0,0
TPE_PE,D,20121221,000000,4.6837,4.8603,4.5953,4.8603,0,0
TPE_PE,D,20121227,000000,4.7721,4.8603,4.7721,4.8603,0,0
TPE_PE,D,20121228,000000,4.8603,4.9487,4.8603,4.8603,0,0
TPE_PE,D,20130102,000000,4.8603,4.9487,4.8603,4.9487,0,0
TPE_PE,D,20130103,000000,4.9487,5.0372,4.9487,4.9487,0,0
TPE_PE,D,20130104,000000,4.9487,5.1255,4.9487,5.1255,0,0
TPE_PE,D,20130107,000000,5.1255,5.1255,5.0372,5.0372,0,0
TPE_PE,D,20130108,000000,5.0372,5.0372,4.9487,5.0372,0,0
TPE_PE,D,20130109,000000,5.0372,5.0372,4.9487,5.0372,0,0
TPE_PE,D,20130110,000000,5.0372,5.0372,5.0372,5.0372,0,0
TPE_PE,D,20130111,000000,5.0372,5.0372,4.9487,4.9487,0,0
TPE_PE,D,20130114,000000,4.9487,5.0372,4.8603,5.0372,0,0
TPE_PE,D,20130115,000000,5.0372,5.0372,4.8603,4.8603,0,0
TPE_PE,D,20130116,000000,4.9487,5.0372,4.9487,5.0372,0,0
TPE_PE,D,20130117,000000,5.0372,5.1255,5.0372,5.0372,0,0
TPE_PE,D,20130118,000000,5.0372,5.0372,5.0372,5.0372,0,0
TPE_PE,D,20130121,000000,5.0372,5.1255,5.0372,5.1255,0,0
TPE_PE,D,20130122,000000,5.1255,5.1255,5.0372,5.0372,0,0
TPE_PE,D,20130123,000000,5.0372,5.0372,5.0372,5.0372,0,0
TPE_PE,D,20130124,000000,5.0372,5.0372,4.9487,4.9487,0,0
TPE_PE,D,20130125,000000,4.9487,4.9487,4.7721,4.8603,0,0
TPE_PE,D,20130128,000000,4.8603,4.8603,4.6837,4.7721,0,0
TPE_PE,D,20130129,000000,4.7721,4.7721,4.7721,4.7721,0,0
TPE_PE,D,20130130,000000,4.7721,4.8603,4.6837,4.7721,0,0
TPE_PE,D,20130131,000000,4.7721,4.8603,4.6837,4.8603,0,0
TPE_PE,D,20130201,000000,4.7721,4.8603,4.6837,4.6837,0,0
TPE_PE,D,20130204,000000,4.6837,4.7721,4.5069,4.5069,0,0
TPE_PE,D,20130205,000000,4.5069,4.5953,4.5069,4.5069,0,0
TPE_PE,D,20130206,000000,4.5953,4.5953,4.5069,4.5069,0,0
TPE_PE,D,20130207,000000,4.5953,4.6837,4.5069,4.5953,0,0
TPE_PE,D,20130208,000000,4.5953,4.6837,4.5953,4.5953,0,0
TPE_PE,D,20130211,000000,4.5953,4.6837,4.5953,4.5953,0,0
TPE_PE,D,20130212,000000,4.6837,4.6837,4.5953,4.6837,0,0
TPE_PE,D,20130213,000000,4.6837,4.6837,4.5953,4.6837,0,0
TPE_PE,D,20130214,000000,4.6837,4.6837,4.5953,4.6837,0,0
TPE_PE,D,20130215,000000,4.6837,4.6837,4.5953,4.6837,0,0
TPE_PE,D,20130218,000000,4.6837,4.7721,4.6837,4.7721,0,0
TPE_PE,D,20130219,000000,4.7721,4.7721,4.6837,4.6837,0,0
TPE_PE,D,20130220,000000,4.7721,4.7721,4.4185,4.4185,0,0
TPE_PE,D,20130221,000000,4.4185,4.4185,4.3302,4.4185,0,0
TPE_PE,D,20130222,000000,4.4185,4.5069,4.4185,4.4185,0,0
TPE_PE,D,20130225,000000,4.4185,4.5069,4.3302,4.4185,0,0
TPE_PE,D,20130226,000000,4.3302,4.4185,4.3302,4.4185,0,0
TPE_PE,D,20130227,000000,4.4185,4.5069,4.4185,4.5069,0,0
TPE_PE,D,20130228,000000,4.5116,4.5116,4.5116,4.5116,0,0
TPE_PE,D,20130301,000000,4.5069,4.6837,4.5069,4.6837,0,0
TPE_PE,D,20130304,000000,4.6837,4.7721,4.6837,4.7721,0,0
TPE_PE,D,20130305,000000,4.7721,4.9487,4.7721,4.8603,0,0
TPE_PE,D,20130306,000000,4.8603,4.9487,4.7721,4.8603,0,0
TPE_PE,D,20130307,000000,4.8603,4.9487,4.8603,4.8603,0,0
TPE_PE,D,20130308,000000,4.8603,4.8603,4.8603,4.8603,0,0
TPE_PE,D,20130311,000000,4.7721,4.9487,4.7721,4.7721,0,0
TPE_PE,D,20130312,000000,4.7721,4.8603,4.7721,4.8603,0,0
TPE_PE,D,20130313,000000,4.8603,4.8603,4.7721,4.7721,0,0
TPE_PE,D,20130314,000000,4.7721,4.8603,4.7721,4.8603,0,0
TPE_PE,D,20130315,000000,4.7721,4.8603,4.6837,4.6837,0,0
TPE_PE,D,20130318,000000,4.6837,4.7721,4.6837,4.7721,0,0
TPE_PE,D,20130319,000000,4.7721,4.7721,4.6837,4.7721,0,0
TPE_PE,D,20130320,000000,4.7721,4.7721,4.6837,4.6837,0,0
TPE_PE,D,20130321,000000,4.6837,4.7721,4.6837,4.6837,0,0
TPE_PE,D,20130322,000000,4.6837,4.6837,4.5953,4.5953,0,0
TPE_PE,D,20130325,000000,4.5953,4.6837,4.5069,4.5069,0,0
TPE_PE,D,20130326,000000,4.5069,4.5953,4.4185,4.5069,0,0
TPE_PE,D,20130327,000000,4.5069,4.5953,4.5069,4.5069,0,0
TPE_PE,D,20130328,000000,4.5069,4.5069,4.4185,4.5069,0,0
TPE_PE,D,20130402,000000,4.5953,4.5953,4.5069,4.5953,0,0
TPE_PE,D,20130403,000000,4.5953,4.5953,4.5069,4.5069,0,0
TPE_PE,D,20130404,000000,4.5069,4.5069,4.4185,4.5069,0,0
TPE_PE,D,20130405,000000,4.5069,4.5069,4.4185,4.4185,0,0
TPE_PE,D,20130408,000000,4.5069,4.5069,4.4185,4.4185,0,0
TPE_PE,D,20130409,000000,4.5069,4.5069,4.4185,4.4185,0,0
TPE_PE,D,20130410,000000,4.4185,4.5069,4.4185,4.5069,0,0
TPE_PE,D,20130411,000000,4.5069,4.5953,4.5069,4.5069,0,0
TPE_PE,D,20130412,000000,4.5069,4.5069,4.5069,4.5069,0,0
TPE_PE,D,20130415,000000,4.4185,4.4185,4.4185,4.4185,0,0
TPE_PE,D,20130417,000000,4.4189,4.4189,4.1503,4.1503,0,0
TPE_PE,D,20130418,000000,4.1534,4.2418,4.1534,4.1534,0,0
TPE_PE,D,20130419,000000,4.1534,4.2418,4.1534,4.1534,0,0
TPE_PE,D,20130422,000000,4.1534,4.2418,4.1534,4.1534,0,0
TPE_PE,D,20130423,000000,4.1534,4.2418,4.1534,4.2418,0,0
TPE_PE,D,20130424,000000,4.2418,4.2418,4.1534,4.2418,0,0
TPE_PE,D,20130425,000000,4.2418,4.4185,4.1534,4.4185,0,0
TPE_PE,D,20130426,000000,4.3302,4.4185,4.3302,4.3302,0,0
TPE_PE,D,20130429,000000,4.3302,4.3302,4.3302,4.3302,0,0
TPE_PE,D,20130430,000000,4.3263,4.4189,4.2429,4.3263,0,0
TPE_PE,D,20130502,000000,4.3263,4.4189,4.2429,4.4189,0,0
TPE_PE,D,20130506,000000,4.4185,4.5069,4.4185,4.4185,0,0
TPE_PE,D,20130507,000000,4.4189,4.4189,4.3263,4.4189,0,0
TPE_PE,D,20130508,000000,4.4189,4.4189,4.3263,4.4189,0,0
TPE_PE,D,20130509,000000,4.5116,4.5116,4.4189,4.4189,0,0
TPE_PE,D,20130510,000000,4.4189,4.4189,4.4189,4.4189,0,0
TPE_PE,D,20130513,000000,4.4185,4.4185,3.9766,3.9766,0,0
TPE_PE,D,20130514,000000,3.9766,4.065,3.9766,4.065,0,0
TPE_PE,D,20130515,000000,4.065,4.065,3.9766,4.065,0,0
TPE_PE,D,20130516,000000,3.9766,4.065,3.9766,4.065,0,0
TPE_PE,D,20130517,000000,4.0669,4.0669,4.0669,4.0669,0,0
TPE_PE,D,20130520,000000,4.065,4.065,4.065,4.065,0,0
TPE_PE,D,20130521,000000,4.0669,4.0669,3.9742,3.9742,0,0
TPE_PE,D,20130522,000000,3.9742,4.0669,3.9742,3.9742,0,0
TPE_PE,D,20130523,000000,3.8909,3.9742,3.8909,3.9742,0,0
TPE_PE,D,20130524,000000,3.9742,4.0669,3.9742,3.9742,0,0
TPE_PE,D,20130527,000000,3.9742,4.1503,3.9742,4.1503,0,0
TPE_PE,D,20130528,000000,4.1503,4.1503,4.0669,4.0669,0,0
TPE_PE,D,20130529,000000,4.0761,4.1688,4.0761,4.1688,0,0
TPE_PE,D,20130531,000000,4.1688,4.2614,4.1688,4.2614,0,0
TPE_PE,D,20130603,000000,4.2614,4.2614,4.1688,4.2614,0,0
TPE_PE,D,20130604,000000,4.2614,4.3541,4.1688,4.2614,0,0
TPE_PE,D,20130605,000000,4.2614,4.3541,4.2614,4.2614,0,0
TPE_PE,D,20130606,000000,4.2614,4.2614,4.1688,4.2614,0,0
TPE_PE,D,20130607,000000,4.2614,4.3541,4.2614,4.2614,0,0
TPE_PE,D,20130610,000000,4.2614,4.3541,4.2614,4.3541,0,0
TPE_PE,D,20130611,000000,4.3541,4.3541,4.2614,4.2614,0,0
TPE_PE,D,20130612,000000,4.2614,4.3541,4.2614,4.3541,0,0
TPE_PE,D,20130613,000000,4.2614,4.2614,4.2614,4.2614,0,0
TPE_PE,D,20130614,000000,4.2614,4.2614,4.1688,4.2614,0,0
TPE_PE,D,20130617,000000,4.2614,4.3541,4.2614,4.3541,0,0
TPE_PE,D,20130618,000000,4.3541,4.3541,4.2614,4.2614,0,0
TPE_PE,D,20130619,000000,4.2614,4.2614,4.2614,4.2614,0,0
TPE_PE,D,20130620,000000,4.2614,4.2614,3.8909,3.8909,0,0
TPE_PE,D,20130621,000000,3.9835,4.1688,3.8909,3.8909,0,0
TPE_PE,D,20130624,000000,3.8909,4.1688,3.8909,4.1688,0,0
TPE_PE,D,20130625,000000,4.1688,4.2614,4.0761,4.0761,0,0
TPE_PE,D,20130626,000000,4.0761,4.2614,3.9835,4.2614,0,0
TPE_PE,D,20130627,000000,4.2614,4.3541,4.0761,4.0761,0,0
TPE_PE,D,20130628,000000,4.0761,4.2614,3.9835,4.2614,0,0
TPE_PE,D,20130701,000000,4.2614,4.2614,4.2614,4.2614,0,0
TPE_PE,D,20130702,000000,4.2614,4.3541,4.1688,4.3541,0,0
TPE_PE,D,20130703,000000,4.3541,4.3541,4.2614,4.2614,0,0
TPE_PE,D,20130704,000000,4.2614,4.2614,4.1688,4.2614,0,0
TPE_PE,D,20130705,000000,4.2614,4.2614,4.1688,4.2614,0,0
TPE_PE,D,20130708,000000,4.2614,4.2614,4.1688,4.1688,0,0
TPE_PE,D,20130709,000000,4.1688,4.1688,4.1688,4.1688,0,0
TPE_PE,D,20130710,000000,4.1688,4.2614,4.1688,4.2614,0,0
TPE_PE,D,20130711,000000,4.2614,4.2614,4.2614,4.2614,0,0
TPE_PE,D,20130712,000000,4.2614,4.2614,4.2614,4.2614,0,0
TPE_PE,D,20130715,000000,4.2614,4.2614,4.1688,4.2614,0,0
TPE_PE,D,20130716,000000,4.2614,4.2614,4.2614,4.2614,0,0
TPE_PE,D,20130717,000000,4.2614,4.2614,4.2614,4.2614,0,0
TPE_PE,D,20130718,000000,4.2614,4.2614,4.1688,4.1688,0,0
TPE_PE,D,20130719,000000,4.1688,4.2614,4.1688,4.2614,0,0
TPE_PE,D,20130722,000000,4.2614,4.2614,4.1688,4.1688,0,0
TPE_PE,D,20130723,000000,4.1688,4.2614,4.1688,4.1688,0,0
TPE_PE,D,20130724,000000,4.1688,4.2614,4.1688,4.2614,0,0
TPE_PE,D,20130725,000000,4.2614,4.2614,4.2614,4.2614,0,0
TPE_PE,D,20130726,000000,4.2614,4.2614,4.1688,4.1688,0,0
TPE_PE,D,20130729,000000,4.1688,4.2614,4.1688,4.2614,0,0
TPE_PE,D,20130730,000000,4.2614,4.3541,4.2614,4.3541,0,0
TPE_PE,D,20130731,000000,4.3541,4.4467,4.2614,4.3541,0,0
TPE_PE,D,20130801,000000,4.3541,4.4467,4.3541,4.3541,0,0
TPE_PE,D,20130802,000000,4.3541,4.5394,4.3541,4.5394,0,0
TPE_PE,D,20130805,000000,4.5394,4.5394,4.4467,4.5394,0,0
TPE_PE,D,20130806,000000,4.5394,4.5394,4.4467,4.5394,0,0
TPE_PE,D,20130807,000000,4.4467,4.5394,4.4467,4.5394,0,0
TPE_PE,D,20130808,000000,4.5394,4.632,4.5394,4.632,0,0
TPE_PE,D,20130809,000000,4.632,4.632,4.5394,4.5394,0,0
TPE_PE,D,20130812,000000,4.5394,4.5394,4.4467,4.5394,0,0
TPE_PE,D,20130813,000000,4.5394,4.5394,4.5394,4.5394,0,0
TPE_PE,D,20130814,000000,4.5394,4.632,4.4467,4.632,0,0
TPE_PE,D,20130816,000000,4.632,4.632,4.5394,4.5394,0,0
TPE_PE,D,20130819,000000,4.5394,4.5394,4.4467,4.5394,0,0
TPE_PE,D,20130820,000000,4.4467,4.5394,4.4467,4.4467,0,0
TPE_PE,D,20130821,000000,4.4467,4.5394,4.4467,4.4467,0,0
TPE_PE,D,20130822,000000,4.4467,4.5394,4.4467,4.5394,0,0
TPE_PE,D,20130823,000000,4.5394,4.5394,4.3541,4.3541,0,0
TPE_PE,D,20130826,000000,4.3541,4.3541,4.2614,4.2614,0,0
TPE_PE,D,20130827,000000,4.2614,4.7246,4.0761,4.7246,0,0
TPE_PE,D,20130828,000000,4.7246,4.7246,4.7246,4.7246,0,0
TPE_PE,D,20130829,000000,4.7246,4.8173,4.7246,4.7246,0,0
TPE_PE,D,20130830,000000,4.7246,4.8173,4.7246,4.7246,0,0
TPE_PE,D,20130902,000000,4.7246,4.8173,4.7246,4.8173,0,0
TPE_PE,D,20130903,000000,4.8173,4.8173,4.7246,4.8173,0,0
TPE_PE,D,20130904,000000,4.8173,4.8173,4.7246,4.7246,0,0
TPE_PE,D,20130905,000000,4.7246,4.7246,4.5394,4.632,0,0
TPE_PE,D,20130906,000000,4.632,4.7246,4.5394,4.7246,0,0
TPE_PE,D,20130909,000000,4.7246,4.9099,4.7246,4.8173,0,0
TPE_PE,D,20130910,000000,4.8173,4.9099,4.7246,4.9099,0,0
TPE_PE,D,20130911,000000,4.9099,5.0952,4.9099,5.0952,0,0
TPE_PE,D,20130912,000000,5.0952,5.1878,5.0026,5.0952,0,0
TPE_PE,D,20130913,000000,5.0952,5.1878,5.0952,5.1878,0,0
TPE_PE,D,20130916,000000,5.1878,5.2804,5.1878,5.1878,0,0
TPE_PE,D,20130917,000000,5.1878,5.2804,5.1878,5.2804,0,0
TPE_PE,D,20130918,000000,5.2804,5.2804,5.2804,5.2804,0,0
TPE_PE,D,20130919,000000,5.2804,5.2804,5.1878,5.1878,0,0
TPE_PE,D,20130920,000000,5.1878,5.3731,5.1878,5.3731,0,0
TPE_PE,D,20130923,000000,5.2804,5.3731,5.2804,5.3731,0,0
TPE_PE,D,20130924,000000,5.2804,5.3731,5.2804,5.2804,0,0
TPE_PE,D,20130925,000000,5.2804,5.2804,5.1878,5.2804,0,0
TPE_PE,D,20130926,000000,5.2804,5.3731,5.2804,5.2804,0,0
TPE_PE,D,20130927,000000,5.2804,5.3731,5.2804,5.3731,0,0
TPE_PE,D,20130930,000000,5.3731,5.3731,5.2804,5.3731,0,0
TPE_PE,D,20131001,000000,5.2804,5.3731,5.2804,5.3731,0,0
TPE_PE,D,20131002,000000,5.2804,5.3731,5.2804,5.2804,0,0
TPE_PE,D,20131003,000000,5.2804,5.3731,5.2804,5.3731,0,0
TPE_PE,D,20131004,000000,5.3731,5.3731,5.2804,5.2804,0,0
TPE_PE,D,20131007,000000,5.1878,5.2804,5.0952,5.2804,0,0
TPE_PE,D,20131008,000000,5.2804,5.2804,5.1878,5.1878,0,0
TPE_PE,D,20131009,000000,5.0952,5.1878,5.0952,5.1878,0,0
TPE_PE,D,20131010,000000,5.1878,5.3731,5.1878,5.3731,0,0
TPE_PE,D,20131011,000000,5.3731,5.4658,5.3731,5.4658,0,0
TPE_PE,D,20131014,000000,5.4658,5.4658,5.3731,5.4658,0,0
TPE_PE,D,20131015,000000,5.4658,5.5584,5.3731,5.4658,0,0
TPE_PE,D,20131016,000000,5.4658,5.5584,5.3731,5.5584,0,0
TPE_PE,D,20131017,000000,5.5584,5.5584,5.4658,5.4658,0,0
TPE_PE,D,20131018,000000,5.3731,5.5584,5.3731,5.5584,0,0
TPE_PE,D,20131021,000000,5.5584,5.6511,5.5584,5.6511,0,0
TPE_PE,D,20131022,000000,5.5584,5.6511,5.5584,5.6511,0,0
TPE_PE,D,20131023,000000,5.5584,5.6511,5.4658,5.4658,0,0
TPE_PE,D,20131024,000000,5.4658,5.5584,5.4658,5.5584,0,0
TPE_PE,D,20131025,000000,5.4658,5.5584,5.3731,5.3731,0,0
TPE_PE,D,20131028,000000,5.3731,5.4658,5.3731,5.4658,0,0
TPE_PE,D,20131029,000000,5.4658,5.4658,5.4658,5.4658,0,0
TPE_PE,D,20131030,000000,5.4658,5.5584,5.3731,5.5584,0,0
TPE_PE,D,20131031,000000,5.5584,5.5584,5.5584,5.5584,0,0
TPE_PE,D,20131104,000000,5.4658,5.5584,5.4658,5.5584,0,0
TPE_PE,D,20131105,000000,5.4658,5.5584,5.3731,5.4658,0,0
TPE_PE,D,20131106,000000,5.4658,5.4658,5.4658,5.4658,0,0
TPE_PE,D,20131107,000000,5.4658,5.5584,5.4658,5.5584,0,0
TPE_PE,D,20131108,000000,5.4658,5.5584,5.4658,5.5584,0,0
TPE_PE,D,20131112,000000,5.5584,5.5584,5.4658,5.5584,0,0
TPE_PE,D,20131113,000000,5.5584,5.6511,5.5584,5.6511,0,0
TPE_PE,D,20131114,000000,5.6511,5.6511,5.5584,5.6511,0,0
TPE_PE,D,20131115,000000,5.6511,5.7437,5.6511,5.6511,0,0
TPE_PE,D,20131118,000000,5.6511,6.1142,5.6511,6.1142,0,0
TPE_PE,D,20131119,000000,6.0216,6.2069,6.0216,6.2069,0,0
TPE_PE,D,20131120,000000,6.2069,6.2069,6.1142,6.1142,0,0
TPE_PE,D,20131121,000000,6.1142,6.1142,6.0216,6.1142,0,0
TPE_PE,D,20131122,000000,6.1142,6.1142,5.9289,6.0216,0,0
TPE_PE,D,20131125,000000,6.0216,6.2069,6.0216,6.2069,0,0
TPE_PE,D,20131126,000000,6.1142,6.1142,6.0216,6.0216,0,0
TPE_PE,D,20131127,000000,6.0216,6.1142,5.9289,5.9289,0,0
TPE_PE,D,20131128,000000,5.9289,5.9289,5.9289,5.9289,0,0
TPE_PE,D,20131129,000000,5.9289,6.0216,5.9289,5.9289,0,0
TPE_PE,D,20131202,000000,5.9289,6.0216,5.8363,6.0216,0,0
TPE_PE,D,20131203,000000,5.9289,6.0216,5.8363,5.8363,0,0
TPE_PE,D,20131204,000000,5.8363,5.8363,5.5584,5.7437,0,0
TPE_PE,D,20131205,000000,5.7437,5.7437,5.6511,5.7437,0,0
TPE_PE,D,20131206,000000,5.7437,5.8363,5.5584,5.5584,0,0
TPE_PE,D,20131209,000000,5.5584,5.5584,5.4658,5.5584,0,0
TPE_PE,D,20131210,000000,5.4658,5.4658,5.3731,5.3731,0,0
TPE_PE,D,20131211,000000,5.4658,5.4658,5.3731,5.4658,0,0
TPE_PE,D,20131212,000000,5.3731,5.3731,5.2804,5.3731,0,0
TPE_PE,D,20131213,000000,5.3731,5.3731,5.2804,5.2804,0,0
TPE_PE,D,20131216,000000,5.2804,5.2804,5.2804,5.2804,0,0
TPE_PE,D,20131217,000000,5.2804,5.2804,5.0952,5.0952,0,0
TPE_PE,D,20131218,000000,5.0952,5.1878,5.0026,5.1878,0,0
TPE_PE,D,20131219,000000,5.2804,5.2804,5.0952,5.0952,0,0
TPE_PE,D,20131220,000000,5.0952,5.2804,5.0952,5.2804,0,0
TPE_PE,D,20131223,000000,5.2804,5.2804,5.1878,5.2804,0,0
TPE_PE,D,20131227,000000,5.2804,5.2804,5.1878,5.1878,0,0
TPE_PE,D,20131230,000000,5.0952,5.1878,5.0952,5.0952,0,0
TPE_PE,D,20140102,000000,5.0952,5.1878,5.0952,5.0952,0,0
TPE_PE,D,20140103,000000,5.0952,5.0952,5.0026,5.0026,0,0
TPE_PE,D,20140107,000000,5.0026,5.0026,4.9099,4.9099,0,0
TPE_PE,D,20140108,000000,4.9099,5.0026,4.9099,4.9099,0,0
TPE_PE,D,20140109,000000,4.9099,5.0026,4.8173,4.9099,0,0
TPE_PE,D,20140110,000000,4.9099,4.9099,4.8173,4.9099,0,0
TPE_PE,D,20140113,000000,5.0026,5.0026,5.0026,5.0026,0,0
TPE_PE,D,20140114,000000,4.9099,5.0952,4.9099,5.0952,0,0
TPE_PE,D,20140115,000000,5.0952,5.1878,4.9099,4.9099,0,0
TPE_PE,D,20140116,000000,4.9099,5.0026,4.9099,5.0026,0,0
TPE_PE,D,20140117,000000,5.0026,5.0026,4.9099,4.9099,0,0
TPE_PE,D,20140120,000000,4.9099,5.0026,4.9099,4.9099,0,0
TPE_PE,D,20140121,000000,4.9099,5.0026,4.9099,4.9099,0,0
TPE_PE,D,20140122,000000,4.9099,5.0026,4.9099,5.0026,0,0
TPE_PE,D,20140123,000000,5.0026,5.0026,4.9099,4.9099,0,0
TPE_PE,D,20140124,000000,4.9099,4.9099,4.632,4.632,0,0
TPE_PE,D,20140127,000000,4.632,4.7246,4.632,4.632,0,0
TPE_PE,D,20140128,000000,4.7246,4.7246,4.632,4.7246,0,0
TPE_PE,D,20140129,000000,4.7246,4.8173,4.7246,4.8173,0,0
TPE_PE,D,20140130,000000,4.8173,4.9099,4.8173,4.8173,0,0
TPE_PE,D,20140131,000000,4.9099,4.9099,4.8173,4.9099,0,0
TPE_PE,D,20140203,000000,4.9099,5.0026,4.9099,5.0026,0,0
TPE_PE,D,20140204,000000,4.9099,5.0026,4.9099,5.0026,0,0
TPE_PE,D,20140205,000000,5.0026,5.0952,5.0026,5.0026,0,0
TPE_PE,D,20140206,000000,5.0026,5.1878,5.0026,5.1878,0,0
TPE_PE,D,20140207,000000,5.1878,5.1878,5.0952,5.1878,0,0
TPE_PE,D,20140210,000000,5.1878,5.1878,5.0952,5.1878,0,0
TPE_PE,D,20140211,000000,5.1878,5.2804,5.1878,5.1878,0,0
TPE_PE,D,20140212,000000,5.2804,5.4658,5.1878,5.4658,0,0
TPE_PE,D,20140213,000000,5.3731,5.4658,5.3731,5.4658,0,0
TPE_PE,D,20140214,000000,5.4658,5.6511,5.4658,5.5584,0,0
TPE_PE,D,20140217,000000,5.5584,5.6511,5.5584,5.6511,0,0
TPE_PE,D,20140218,000000,5.6511,5.6511,5.5584,5.6511,0,0
TPE_PE,D,20140219,000000,5.6511,5.6511,5.5584,5.5584,0,0
TPE_PE,D,20140220,000000,5.4658,5.5584,5.4658,5.5584,0,0
TPE_PE,D,20140221,000000,5.5584,5.6511,5.5584,5.5584,0,0
TPE_PE,D,20140224,000000,5.5584,5.8363,5.5584,5.8363,0,0
TPE_PE,D,20140225,000000,5.7437,5.8363,5.6511,5.6511,0,0
TPE_PE,D,20140226,000000,5.6511,5.6511,5.3731,5.4658,0,0
TPE_PE,D,20140227,000000,5.4658,5.5584,5.4658,5.4658,0,0
TPE_PE,D,20140228,000000,5.4658,5.5584,5.4658,5.5584,0,0
TPE_PE,D,20140303,000000,5.3731,5.4658,5.2804,5.4658,0,0
TPE_PE,D,20140304,000000,5.4658,5.7437,5.4658,5.7437,0,0
TPE_PE,D,20140305,000000,5.6511,5.7437,5.5584,5.5584,0,0
TPE_PE,D,20140306,000000,5.6511,5.7437,5.6511,5.7437,0,0
TPE_PE,D,20140307,000000,5.7437,5.7437,5.6511,5.6511,0,0
TPE_PE,D,20140310,000000,5.6511,5.7437,5.5584,5.6511,0,0
TPE_PE,D,20140311,000000,5.6511,5.7437,5.6511,5.6511,0,0
TPE_PE,D,20140312,000000,5.6511,5.7437,5.6511,5.6511,0,0
TPE_PE,D,20140313,000000,5.6511,5.6511,5.5584,5.5584,0,0
TPE_PE,D,20140314,000000,5.4658,5.6511,5.4658,5.6511,0,0
TPE_PE,D,20140317,000000,5.6511,5.8363,5.6511,5.7437,0,0
TPE_PE,D,20140318,000000,5.7437,5.7437,5.6511,5.7437,0,0
TPE_PE,D,20140319,000000,5.7437,5.8363,5.6511,5.8363,0,0
TPE_PE,D,20140320,000000,5.7437,6.2995,5.7437,6.2995,0,0
TPE_PE,D,20140321,000000,6.2995,6.4848,6.2995,6.4848,0,0
TPE_PE,D,20140324,000000,6.3921,6.3921,6.2995,6.3921,0,0
TPE_PE,D,20140325,000000,6.2995,6.4848,6.2995,6.3921,0,0
TPE_PE,D,20140326,000000,6.3921,6.5774,6.3921,6.4848,0,0
TPE_PE,D,20140327,000000,6.4848,6.5774,6.3921,6.5774,0,0
TPE_PE,D,20140328,000000,6.5774,6.5774,6.4848,6.4848,0,0
TPE_PE,D,20140331,000000,6.4848,6.5774,6.3921,6.4848,0,0
TPE_PE,D,20140401,000000,6.3921,6.5774,6.3921,6.5774,0,0
TPE_PE,D,20140402,000000,6.5774,6.5774,6.4848,6.4848,0,0
TPE_PE,D,20140403,000000,6.4848,6.5774,6.4848,6.5774,0,0
TPE_PE,D,20140404,000000,6.4848,6.5774,6.3921,6.4848,0,0
TPE_PE,D,20140407,000000,6.4848,6.4848,6.2069,6.2995,0,0
TPE_PE,D,20140408,000000,6.2069,6.3921,6.1142,6.2995,0,0
TPE_PE,D,20140409,000000,6.2995,6.2995,6.2069,6.2069,0,0
TPE_PE,D,20140410,000000,6.2069,6.4848,6.2069,6.3921,0,0
TPE_PE,D,20140411,000000,6.2995,6.3921,6.2069,6.2995,0,0
TPE_PE,D,20140414,000000,6.2069,6.2995,6.2069,6.2069,0,0
TPE_PE,D,20140415,000000,6.2069,6.2995,6.1142,6.1142,0,0
TPE_PE,D,20140416,000000,6.2069,6.2995,6.2069,6.2069,0,0
TPE_PE,D,20140417,000000,6.2995,6.2995,6.2995,6.2995,0,0
TPE_PE,D,20140422,000000,6.2995,6.3921,6.2995,6.3921,0,0
TPE_PE,D,20140423,000000,6.3921,6.4848,6.3921,6.4848,0,0
TPE_PE,D,20140424,000000,6.3921,6.4848,6.3921,6.3921,0,0
TPE_PE,D,20140425,000000,6.2995,6.4848,6.2995,6.3921,0,0
TPE_PE,D,20140428,000000,6.3921,6.4848,6.3921,6.4848,0,0
TPE_PE,D,20140429,000000,6.4848,6.5774,6.4848,6.5774,0,0
TPE_PE,D,20140430,000000,6.5774,6.6701,6.4848,6.6701,0,0
TPE_PE,D,20140502,000000,6.5774,6.6701,6.4848,6.4848,0,0
TPE_PE,D,20140505,000000,6.4848,6.4848,6.3921,6.4848,0,0
TPE_PE,D,20140506,000000,6.4848,6.5774,6.4848,6.4848,0,0
TPE_PE,D,20140507,000000,6.4848,6.4848,6.2995,6.4848,0,0
TPE_PE,D,20140508,000000,6.4848,6.5774,6.4848,6.4848,0,0
TPE_PE,D,20140509,000000,6.4848,6.5774,6.2995,6.2995,0,0
TPE_PE,D,20140512,000000,6.2995,6.3921,6.2995,6.3921,0,0
TPE_PE,D,20140513,000000,6.3921,6.5774,6.3921,6.5774,0,0
TPE_PE,D,20140514,000000,6.5774,6.5774,6.4848,6.5774,0,0
TPE_PE,D,20140515,000000,6.5774,7.3186,6.3921,7.3186,0,0
TPE_PE,D,20140516,000000,7.3186,7.5039,7.3186,7.5039,0,0
TPE_PE,D,20140519,000000,7.5039,7.5964,7.5039,7.5964,0,0
TPE_PE,D,20140520,000000,7.5964,7.5964,7.5039,7.5964,0,0
TPE_PE,D,20140521,000000,7.5964,7.5964,7.5039,7.5964,0,0
TPE_PE,D,20140522,000000,7.5964,7.6891,7.5964,7.5964,0,0
TPE_PE,D,20140523,000000,7.5964,7.7817,7.5964,7.7817,0,0
TPE_PE,D,20140526,000000,7.7817,7.7817,7.6891,7.6891,0,0
TPE_PE,D,20140527,000000,7.6891,7.6891,7.5039,7.5039,0,0
TPE_PE,D,20140528,000000,7.5039,7.5039,7.4112,7.5039,0,0
TPE_PE,D,20140529,000000,7.5039,7.5964,7.5039,7.5964,0,0
TPE_PE,D,20140530,000000,7.5964,7.5964,7.5039,7.5964,0,0
TPE_PE,D,20140602,000000,7.5964,7.6891,7.5039,7.6891,0,0
TPE_PE,D,20140603,000000,7.5964,7.6891,7.5964,7.5964,0,0
TPE_PE,D,20140604,000000,7.5964,7.5964,7.5039,7.5964,0,0
TPE_PE,D,20140605,000000,7.5964,7.6891,7.5039,7.6891,0,0
TPE_PE,D,20140606,000000,7.6891,7.6891,7.5964,7.6891,0,0
TPE_PE,D,20140609,000000,7.6891,7.6891,7.5964,7.6891,0,0
TPE_PE,D,20140610,000000,7.6891,7.6891,7.6891,7.6891,0,0
TPE_PE,D,20140611,000000,7.6891,7.6891,7.5964,7.6891,0,0
TPE_PE,D,20140612,000000,7.5964,7.6891,7.5039,7.5039,0,0
TPE_PE,D,20140613,000000,7.5039,7.5964,7.5039,7.5964,0,0
TPE_PE,D,20140616,000000,7.5039,7.5964,7.4112,7.5964,0,0
TPE_PE,D,20140617,000000,7.5039,7.7817,7.5039,7.6891,0,0
TPE_PE,D,20140618,000000,7.6891,7.967,7.6891,7.967,0,0
TPE_PE,D,20140620,000000,7.8744,8.0597,7.8744,7.8744,0,0
TPE_PE,D,20140623,000000,7.8744,7.967,7.7817,7.8744,0,0
TPE_PE,D,20140624,000000,7.7817,7.967,7.7817,7.967,0,0
TPE_PE,D,20140625,000000,7.8744,7.967,7.7817,7.8744,0,0
TPE_PE,D,20140626,000000,7.7817,7.8744,7.6891,7.7817,0,0
TPE_PE,D,20140627,000000,7.6891,7.7817,7.5964,7.5964,0,0
TPE_PE,D,20140630,000000,7.5964,7.7817,7.3186,7.3186,0,0
TPE_PE,D,20140701,000000,7.3186,7.5039,7.3186,7.4112,0,0
TPE_PE,D,20140702,000000,7.3186,7.4112,7.2259,7.2259,0,0
TPE_PE,D,20140703,000000,7.2259,7.3186,7.1332,7.2259,0,0
TPE_PE,D,20140704,000000,7.2259,7.3186,7.2259,7.2259,0,0
TPE_PE,D,20140707,000000,7.2259,7.4112,7.2259,7.3186,0,0
TPE_PE,D,20140708,000000,7.3186,7.4112,7.3186,7.3186,0,0
TPE_PE,D,20140709,000000,7.2259,7.4112,7.2259,7.4112,0,0
TPE_PE,D,20140710,000000,7.4112,7.4112,7.1332,7.3186,0,0
TPE_PE,D,20140711,000000,7.3186,7.4112,7.2259,7.2259,0,0
TPE_PE,D,20140714,000000,7.2259,7.3186,7.2259,7.2259,0,0
TPE_PE,D,20140715,000000,7.2259,7.3186,7.2259,7.2259,0,0
TPE_PE,D,20140716,000000,7.2259,7.4112,7.2259,7.2259,0,0
TPE_PE,D,20140717,000000,7.2259,7.3186,7.1332,7.1332,0,0
TPE_PE,D,20140718,000000,7.1332,7.2259,7.0406,7.1332,0,0
TPE_PE,D,20140721,000000,7.1332,7.2259,7.1332,7.1332,0,0
TPE_PE,D,20140722,000000,7.1332,7.3186,7.1332,7.1332,0,0
TPE_PE,D,20140723,000000,7.1332,7.2259,7.1332,7.2259,0,0
TPE_PE,D,20140724,000000,7.2259,7.2259,7.1332,7.1332,0,0
TPE_PE,D,20140725,000000,7.1332,7.1332,7.0406,7.1332,0,0
TPE_PE,D,20140728,000000,7.1332,7.1332,7.1332,7.1332,0,0
TPE_PE,D,20140729,000000,7.1332,7.2259,7.1332,7.2259,0,0
TPE_PE,D,20140730,000000,7.2259,7.3186,7.1332,7.1332,0,0
TPE_PE,D,20140731,000000,7.1332,7.2259,7.0406,7.2259,0,0
TPE_PE,D,20140801,000000,7.1332,7.3186,7.1332,7.2259,0,0
TPE_PE,D,20140804,000000,7.2259,7.3186,7.2259,7.3186,0,0
TPE_PE,D,20140805,000000,7.4112,7.4112,7.2259,7.2259,0,0
TPE_PE,D,20140806,000000,7.2259,7.3186,7.2259,7.2259,0,0
TPE_PE,D,20140807,000000,7.2259,7.2259,7.1332,7.2259,0,0
TPE_PE,D,20140808,000000,7.1332,7.1332,7.0406,7.0406,0,0
TPE_PE,D,20140811,000000,7.1332,7.1332,7.0406,7.0406,0,0
TPE_PE,D,20140812,000000,7.3199,7.3199,7.031,7.2236,0,0
TPE_PE,D,20140813,000000,7.2236,7.5125,7.2236,7.4162,0,0
TPE_PE,D,20140814,000000,7.3199,7.5125,7.3199,7.5125,0,0
TPE_PE,D,20140818,000000,7.5125,7.7052,7.5125,7.6088,0,0
TPE_PE,D,20140819,000000,7.6088,7.6088,7.5125,7.6088,0,0
TPE_PE,D,20140820,000000,7.6088,7.7052,7.6088,7.7052,0,0
TPE_PE,D,20140821,000000,7.7052,7.8015,7.4162,7.4162,0,0
TPE_PE,D,20140822,000000,7.4162,7.4162,7.4162,7.4162,0,0
TPE_PE,D,20140825,000000,7.4162,7.4162,7.4162,7.4162,0,0
TPE_PE,D,20140826,000000,7.3199,7.4162,7.3199,7.4162,0,0
TPE_PE,D,20140827,000000,7.4162,7.5125,7.2236,7.2236,0,0
TPE_PE,D,20140828,000000,7.2236,7.2236,7.031,7.1273,0,0
TPE_PE,D,20140829,000000,7.031,7.2236,7.031,7.1273,0,0
TPE_PE,D,20140901,000000,7.1273,7.2236,7.1273,7.2236,0,0
TPE_PE,D,20140902,000000,7.2236,7.2236,7.2236,7.2236,0,0
TPE_PE,D,20140903,000000,7.2236,7.4162,7.2236,7.3199,0,0
TPE_PE,D,20140904,000000,7.2236,7.4162,7.2236,7.4162,0,0
TPE_PE,D,20140905,000000,7.3199,7.4162,7.3199,7.4162,0,0
TPE_PE,D,20140908,000000,7.4162,7.4162,7.3199,7.4162,0,0
TPE_PE,D,20140909,000000,7.4162,7.5125,7.4162,7.5125,0,0
TPE_PE,D,20140910,000000,7.4162,7.5125,7.4162,7.4162,0,0
TPE_PE,D,20140911,000000,7.4162,7.4162,7.031,7.3199,0,0
TPE_PE,D,20140912,000000,7.2236,7.5125,7.2236,7.4162,0,0
TPE_PE,D,20140915,000000,7.4162,7.4162,7.3199,7.4162,0,0
TPE_PE,D,20140916,000000,7.4162,7.6088,7.4162,7.6088,0,0
TPE_PE,D,20140917,000000,7.6088,7.6088,7.5125,7.6088,0,0
TPE_PE,D,20140918,000000,7.6088,7.6088,7.5125,7.6088,0,0
TPE_PE,D,20140919,000000,7.6088,7.7052,7.5125,7.5125,0,0
TPE_PE,D,20140922,000000,7.5125,7.7052,7.5125,7.6088,0,0
TPE_PE,D,20140923,000000,7.6088,7.6088,7.5125,7.5125,0,0
TPE_PE,D,20140924,000000,7.5125,7.6088,7.4162,7.5125,0,0
TPE_PE,D,20140925,000000,7.5125,7.6088,7.5125,7.5125,0,0
TPE_PE,D,20140926,000000,7.4162,7.5125,7.4162,7.5125,0,0
TPE_PE,D,20140929,000000,7.5125,7.6088,7.4162,7.4162,0,0
TPE_PE,D,20140930,000000,7.5125,7.6088,7.4162,7.6088,0,0
TPE_PE,D,20141001,000000,7.6088,7.6088,7.4162,7.6088,0,0
TPE_PE,D,20141002,000000,7.5125,7.5125,7.3199,7.3199,0,0
TPE_PE,D,20141003,000000,7.3199,7.5125,7.3199,7.3199,0,0
TPE_PE,D,20141006,000000,7.3199,7.3199,7.2236,7.2236,0,0
TPE_PE,D,20141007,000000,7.2236,7.3199,7.1273,7.1273,0,0
TPE_PE,D,20141008,000000,7.1273,7.2236,7.1273,7.2236,0,0
TPE_PE,D,20141009,000000,7.2236,7.4162,7.1273,7.4162,0,0
TPE_PE,D,20141010,000000,7.3199,7.3199,7.2236,7.2236,0,0
TPE_PE,D,20141013,000000,7.2236,7.3199,7.2236,7.2236,0,0
TPE_PE,D,20141014,000000,7.2236,7.3199,7.1273,7.3199,0,0
TPE_PE,D,20141015,000000,7.3199,7.4162,7.2236,7.2236,0,0
TPE_PE,D,20141016,000000,7.2236,7.3199,7.2236,7.3199,0,0
TPE_PE,D,20141017,000000,7.3199,7.4162,7.3199,7.4162,0,0
TPE_PE,D,20141020,000000,7.4162,7.4162,7.3199,7.4162,0,0
TPE_PE,D,20141021,000000,7.3199,7.4162,7.3199,7.3199,0,0
TPE_PE,D,20141022,000000,7.4162,7.5125,7.4162,7.5125,0,0
TPE_PE,D,20141023,000000,7.5125,7.5125,7.4162,7.5125,0,0
TPE_PE,D,20141024,000000,7.6088,7.8978,7.6088,7.6088,0,0
TPE_PE,D,20141027,000000,7.5125,7.6088,7.5125,7.6088,0,0
TPE_PE,D,20141028,000000,7.5125,7.6088,7.5125,7.6088,0,0
TPE_PE,D,20141029,000000,7.5125,7.6088,7.5125,7.5125,0,0
TPE_PE,D,20141030,000000,7.5125,7.5125,7.3199,7.3199,0,0
TPE_PE,D,20141031,000000,7.3199,7.5125,7.3199,7.5125,0,0
TPE_PE,D,20141103,000000,7.5125,7.5125,7.4162,7.4162,0,0
TPE_PE,D,20141104,000000,7.4162,7.5125,7.4162,7.5125,0,0
TPE_PE,D,20141105,000000,7.5125,7.5125,7.4162,7.4162,0,0
TPE_PE,D,20141106,000000,7.4162,7.5125,7.4162,7.5125,0,0
TPE_PE,D,20141107,000000,7.5125,7.6088,7.4162,7.4162,0,0
TPE_PE,D,20141110,000000,7.5125,7.5125,7.5125,7.5125,0,0
TPE_PE,D,20141112,000000,7.5125,7.5125,7.4162,7.4162,0,0
TPE_PE,D,20141113,000000,7.5125,7.8015,7.5125,7.8015,0,0
TPE_PE,D,20141114,000000,7.8015,7.8978,7.8015,7.8978,0,0
TPE_PE,D,20141117,000000,7.8978,7.9941,7.8015,7.8978,0,0
TPE_PE,D,20141118,000000,7.8978,7.9941,7.8015,7.8978,0,0
TPE_PE,D,20141119,000000,7.8978,8.0904,7.8978,8.0904,0,0
TPE_PE,D,20141120,000000,7.9941,8.0904,7.8015,7.8978,0,0
TPE_PE,D,20141121,000000,7.8978,8.0904,7.8978,7.9941,0,0
TPE_PE,D,20141124,000000,7.9941,8.0904,7.8015,7.8978,0,0
TPE_PE,D,20141125,000000,7.9941,7.9941,7.7052,7.7052,0,0
TPE_PE,D,20141126,000000,7.7052,7.8978,7.7052,7.8015,0,0
TPE_PE,D,20141127,000000,7.8015,7.8978,7.6088,7.6088,0,0
TPE_PE,D,20141128,000000,7.6088,7.7052,7.6088,7.7052,0,0
TPE_PE,D,20141201,000000,7.6088,7.8978,7.6088,7.8015,0,0
TPE_PE,D,20141202,000000,7.8015,7.9941,7.8015,7.9941,0,0
TPE_PE,D,20141203,000000,7.9941,8.0904,7.8978,8.0904,0,0
TPE_PE,D,20141204,000000,8.0904,8.1867,7.8015,7.8015,0,0
TPE_PE,D,20141205,000000,7.8978,7.8978,7.8015,7.8015,0,0
TPE_PE,D,20141208,000000,7.7052,7.8978,7.7052,7.8978,0,0
TPE_PE,D,20141209,000000,7.8015,7.8978,7.7052,7.7052,0,0
TPE_PE,D,20141210,000000,7.7052,7.7052,7.6088,7.6088,0,0
TPE_PE,D,20141211,000000,7.6088,7.6088,7.6088,7.6088,0,0
TPE_PE,D,20141212,000000,7.6088,7.6088,7.5125,7.6088,0,0
TPE_PE,D,20141215,000000,7.6088,7.6088,7.3199,7.3199,0,0
TPE_PE,D,20141216,000000,7.3199,7.5125,7.2236,7.2236,0,0
TPE_PE,D,20141217,000000,7.2236,7.4162,7.2236,7.3199,0,0
TPE_PE,D,20141218,000000,7.4162,7.5125,7.3199,7.4162,0,0
TPE_PE,D,20141219,000000,7.4162,7.4162,7.2236,7.2236,0,0
TPE_PE,D,20141222,000000,7.2236,7.4162,7.2236,7.4162,0,0
TPE_PE,D,20141223,000000,7.4162,7.4162,7.3199,7.3199,0,0
TPE_PE,D,20141229,000000,7.4162,7.4162,7.3199,7.3199,0,0
TPE_PE,D,20141230,000000,7.3199,7.5125,7.2236,7.5125,0,0
TPE_PE,D,20150102,000000,7.4162,7.5125,7.4162,7.4162,0,0
TPE_PE,D,20150105,000000,7.3199,7.4162,7.3199,7.4162,0,0
TPE_PE,D,20150107,000000,7.5125,7.6088,7.4162,7.6088,0,0
TPE_PE,D,20150108,000000,7.6088,7.7052,7.4162,7.5125,0,0
TPE_PE,D,20150109,000000,7.5125,7.5125,7.3199,7.5125,0,0
TPE_PE,D,20150112,000000,7.4162,7.6088,7.4162,7.6088,0,0
TPE_PE,D,20150113,000000,7.6088,7.8978,7.6088,7.8015,0,0
TPE_PE,D,20150114,000000,7.8015,7.8978,7.5125,7.5125,0,0
TPE_PE,D,20150115,000000,7.5125,7.6088,7.3199,7.4162,0,0
TPE_PE,D,20150116,000000,7.4162,7.5125,7.4162,7.4162,0,0
TPE_PE,D,20150119,000000,7.4162,7.4162,7.1273,7.2236,0,0
TPE_PE,D,20150120,000000,7.2236,7.3199,7.2236,7.2236,0,0
TPE_PE,D,20150121,000000,7.2236,7.3199,7.2236,7.3199,0,0
TPE_PE,D,20150122,000000,7.3199,7.5125,7.3199,7.4162,0,0
TPE_PE,D,20150123,000000,7.4162,7.5125,7.4162,7.4162,0,0
TPE_PE,D,20150126,000000,7.4162,7.5125,7.3199,7.4162,0,0
TPE_PE,D,20150127,000000,7.4162,7.5125,7.3199,7.4162,0,0
TPE_PE,D,20150128,000000,7.4162,7.4162,7.3199,7.3199,0,0
TPE_PE,D,20150129,000000,7.3199,7.4162,7.3199,7.4162,0,0
TPE_PE,D,20150130,000000,7.4162,7.4162,7.4162,7.4162,0,0
TPE_PE,D,20150202,000000,7.3199,7.4162,7.3199,7.4162,0,0
TPE_PE,D,20150203,000000,7.4162,7.5125,7.4162,7.5125,0,0
TPE_PE,D,20150204,000000,7.5125,7.5125,7.3199,7.3199,0,0
TPE_PE,D,20150205,000000,7.3199,7.4162,7.3199,7.4162,0,0
TPE_PE,D,20150206,000000,7.4162,7.5125,7.4162,7.5125,0,0
TPE_PE,D,20150209,000000,7.4162,7.5125,7.4162,7.4162,0,0
TPE_PE,D,20150210,000000,7.4162,7.4162,7.4162,7.4162,0,0
TPE_PE,D,20150211,000000,7.4162,7.4162,7.3199,7.3199,0,0
TPE_PE,D,20150212,000000,7.3199,7.4162,7.3199,7.4162,0,0
TPE_PE,D,20150213,000000,7.4162,7.4162,7.2236,7.2236,0,0
TPE_PE,D,20150216,000000,7.2236,7.3199,7.2236,7.2236,0,0
TPE_PE,D,20150217,000000,7.2236,7.2236,7.2236,7.2236,0,0
TPE_PE,D,20150218,000000,7.2236,7.2236,7.1273,7.1273,0,0
TPE_PE,D,20150219,000000,7.1273,7.2236,7.1273,7.2236,0,0
TPE_PE,D,20150220,000000,7.2236,7.3199,7.2236,7.2236,0,0
TPE_PE,D,20150223,000000,7.2236,7.2236,7.2236,7.2236,0,0
TPE_PE,D,20150224,000000,7.2236,7.2236,7.1273,7.2236,0,0
TPE_PE,D,20150225,000000,7.2236,7.3199,7.2236,7.2236,0,0
TPE_PE,D,20150226,000000,7.2236,7.2236,7.031,7.1273,0,0
TPE_PE,D,20150227,000000,7.1273,7.3199,7.1273,7.2236,0,0
TPE_PE,D,20150302,000000,7.2236,7.2236,7.031,7.031,0,0
TPE_PE,D,20150303,000000,7.1273,7.1273,6.8383,6.8383,0,0
TPE_PE,D,20150304,000000,6.8383,6.8383,6.742,6.8383,0,0
TPE_PE,D,20150305,000000,6.8383,6.8383,6.6457,6.742,0,0
TPE_PE,D,20150306,000000,6.742,6.9346,6.742,6.9346,0,0
TPE_PE,D,20150309,000000,6.8383,6.9346,6.8383,6.8383,0,0
TPE_PE,D,20150310,000000,6.8383,6.8383,6.742,6.742,0,0
TPE_PE,D,20150311,000000,6.742,6.742,6.6457,6.6457,0,0
TPE_PE,D,20150312,000000,6.742,6.8383,6.4531,6.4531,0,0
TPE_PE,D,20150313,000000,6.4531,6.5494,6.4531,6.4531,0,0
TPE_PE,D,20150316,000000,6.5494,6.5494,6.3568,6.3568,0,0
TPE_PE,D,20150317,000000,6.3568,6.4531,6.3568,6.3568,0,0
TPE_PE,D,20150318,000000,6.4531,6.5494,6.3568,6.4531,0,0
TPE_PE,D,20150319,000000,6.4531,6.6457,6.4531,6.6457,0,0
TPE_PE,D,20150320,000000,6.742,6.8383,6.742,6.8383,0,0
TPE_PE,D,20150323,000000,6.8383,6.8383,6.742,6.742,0,0
TPE_PE,D,20150324,000000,6.742,6.742,6.6457,6.6457,0,0
TPE_PE,D,20150325,000000,6.6457,6.6457,6.5494,6.6457,0,0
TPE_PE,D,20150326,000000,6.6457,6.6457,6.3568,6.4531,0,0
TPE_PE,D,20150327,000000,6.4531,6.4531,6.4531,6.4531,0,0
TPE_PE,D,20150330,000000,6.4531,6.5494,6.3568,6.4531,0,0
TPE_PE,D,20150331,000000,6.4531,6.4531,6.2604,6.2604,0,0
TPE_PE,D,20150401,000000,6.2604,6.3568,6.2604,6.3568,0,0
TPE_PE,D,20150402,000000,6.3568,6.6457,6.3568,6.5494,0,0
TPE_PE,D,20150407,000000,6.5494,6.742,6.5494,6.742,0,0
TPE_PE,D,20150408,000000,6.742,6.742,6.5494,6.6457,0,0
TPE_PE,D,20150409,000000,6.6457,6.742,6.6457,6.742,0,0
TPE_PE,D,20150410,000000,6.742,6.742,6.6457,6.742,0,0
TPE_PE,D,20150413,000000,6.742,6.742,6.6457,6.6457,0,0
TPE_PE,D,20150414,000000,6.6457,6.6457,6.5494,6.5494,0,0
TPE_PE,D,20150415,000000,6.5494,6.742,6.5494,6.742,0,0
TPE_PE,D,20150416,000000,6.742,6.9346,6.742,6.9346,0,0
TPE_PE,D,20150417,000000,6.9346,7.031,6.8383,6.9346,0,0
TPE_PE,D,20150420,000000,6.9346,6.9346,6.8383,6.9346,0,0
TPE_PE,D,20150421,000000,6.9346,7.031,6.9346,7.031,0,0
TPE_PE,D,20150422,000000,7.031,7.031,6.9346,7.031,0,0
TPE_PE,D,20150423,000000,7.031,7.031,6.9346,6.9346,0,0
TPE_PE,D,20150424,000000,6.9346,7.031,6.9346,7.031,0,0
TPE_PE,D,20150427,000000,7.031,7.031,6.9346,6.9346,0,0
TPE_PE,D,20150428,000000,6.9346,7.031,6.9346,7.031,0,0
TPE_PE,D,20150429,000000,7.031,7.031,7.031,7.031,0,0
TPE_PE,D,20150430,000000,7.031,7.031,6.9346,6.9346,0,0
TPE_PE,D,20150504,000000,6.9346,6.9346,6.8383,6.8383,0,0
TPE_PE,D,20150505,000000,6.8383,7.031,6.8383,7.031,0,0
TPE_PE,D,20150506,000000,7.031,7.1273,7.031,7.031,0,0
TPE_PE,D,20150507,000000,6.9346,7.031,6.9346,6.9346,0,0
TPE_PE,D,20150508,000000,6.9346,6.9346,6.9346,6.9346,0,0
TPE_PE,D,20150511,000000,6.9346,6.9346,6.9346,6.9346,0,0
TPE_PE,D,20150512,000000,6.9346,6.9346,6.8383,6.9346,0,0
TPE_PE,D,20150513,000000,6.9346,7.031,6.8383,6.8383,0,0
TPE_PE,D,20150514,000000,6.9346,6.9346,6.3568,6.3568,0,0
TPE_PE,D,20150515,000000,6.3568,6.3568,6.2604,6.2604,0,0
TPE_PE,D,20150518,000000,6.2604,6.3568,6.2604,6.3568,0,0
TPE_PE,D,20150519,000000,6.3568,6.3568,6.2604,6.2604,0,0
TPE_PE,D,20150520,000000,6.2604,6.2604,6.1641,6.1641,0,0
TPE_PE,D,20150521,000000,6.1641,6.2604,6.1641,6.1641,0,0
TPE_PE,D,20150522,000000,6.1641,6.1641,6.0678,6.0678,0,0
TPE_PE,D,20150525,000000,6.0678,6.1641,6.0678,6.1641,0,0
TPE_PE,D,20150526,000000,6.1641,6.1641,6.0678,6.0678,0,0
TPE_PE,D,20150527,000000,6.0678,6.1641,6.0678,6.1641,0,0
TPE_PE,D,20150528,000000,6.1641,6.1641,6.0678,6.1641,0,0
TPE_PE,D,20150529,000000,6.1641,6.2604,6.1641,6.2604,0,0
TPE_PE,D,20150601,000000,6.2604,6.2604,6.1641,6.1641,0,0
TPE_PE,D,20150602,000000,6.1641,6.1641,6.0678,6.0678,0,0
TPE_PE,D,20150603,000000,6.0678,6.0678,5.8752,5.9715,0,0
TPE_PE,D,20150605,000000,5.8752,5.9715,5.8752,5.9715,0,0
TPE_PE,D,20150608,000000,5.9715,5.9715,5.8752,5.8752,0,0
TPE_PE,D,20150609,000000,5.8752,5.8752,5.7789,5.7789,0,0
TPE_PE,D,20150610,000000,5.7789,5.9715,5.7789,5.9715,0,0
TPE_PE,D,20150611,000000,5.9715,5.9715,5.8752,5.9715,0,0
TPE_PE,D,20150612,000000,5.9715,5.9715,5.8752,5.8752,0,0
TPE_PE,D,20150615,000000,5.8752,5.9715,5.8752,5.9715,0,0
TPE_PE,D,20150616,000000,5.9715,6.0678,5.9715,5.9715,0,0
TPE_PE,D,20150617,000000,5.9715,5.9715,5.7789,5.7789,0,0
TPE_PE,D,20150618,000000,5.7789,5.7789,5.6826,5.7789,0,0
TPE_PE,D,20150619,000000,5.7789,5.8752,5.6826,5.6826,0,0
TPE_PE,D,20150622,000000,5.7789,5.7789,5.7789,5.7789,0,0
TPE_PE,D,20150623,000000,5.7789,5.8752,5.7789,5.7789,0,0
TPE_PE,D,20150624,000000,5.8752,5.8752,5.7789,5.8752,0,0
TPE_PE,D,20150625,000000,5.8752,5.8752,5.6826,5.6826,0,0
TPE_PE,D,20150626,000000,5.6826,5.7789,5.6826,5.6826,0,0
TPE_PE,D,20150629,000000,5.5862,5.7789,5.4899,5.7789,0,0
TPE_PE,D,20150630,000000,5.6826,5.7789,5.6826,5.7789,0,0
TPE_PE,D,20150701,000000,5.6826,5.7789,5.5862,5.5862,0,0
TPE_PE,D,20150702,000000,5.5862,5.6826,5.5862,5.6826,0,0
TPE_PE,D,20150703,000000,5.6826,5.6826,5.5862,5.5862,0,0
TPE_PE,D,20150706,000000,5.5862,5.5862,5.4899,5.4899,0,0
TPE_PE,D,20150707,000000,5.4899,5.5862,5.2973,5.2973,0,0
TPE_PE,D,20150708,000000,5.2973,5.2973,5.201,5.201,0,0
TPE_PE,D,20150709,000000,5.201,5.2973,5.201,5.2973,0,0
TPE_PE,D,20150710,000000,5.3936,5.5862,5.3936,5.4899,0,0
TPE_PE,D,20150713,000000,5.5862,5.5862,5.4899,5.4899,0,0
TPE_PE,D,20150714,000000,5.4899,5.4899,5.3936,5.3936,0,0
TPE_PE,D,20150715,000000,5.4899,5.4899,5.2973,5.2973,0,0
TPE_PE,D,20150716,000000,5.3936,5.4899,5.3936,5.4899,0,0
TPE_PE,D,20150717,000000,5.4899,5.5862,5.3936,5.3936,0,0
TPE_PE,D,20150720,000000,5.4899,5.4899,5.2973,5.2973,0,0
TPE_PE,D,20150721,000000,5.4,5.4,5.3,5.3,0,0
TPE_PE,D,20150722,000000,5.3,5.3,5.1,5.1,0,0
TPE_PE,D,20150723,000000,5.1,5.2,5.1,5.2,0,0
TPE_PE,D,20150724,000000,5.2,5.3,5.1,5.1,0,0
TPE_PE,D,20150727,000000,5.2,5.2,5.1,5.2,0,0
TPE_PE,D,20150728,000000,5.2,5.2,5.1,5.1,0,0
TPE_PE,D,20150729,000000,5.2,5.2,4.9,4.9,0,0
TPE_PE,D,20150730,000000,5,5,4.9,5,0,0
TPE_PE,D,20150731,000000,5.1,5.2,5,5.2,0,0
TPE_PE,D,20150803,000000,5.2,5.2,5.2,5.2,0,0
TPE_PE,D,20150804,000000,5.2,5.2,5.1,5.2,0,0
TPE_PE,D,20150805,000000,5.2,5.2,5.1,5.2,0,0
TPE_PE,D,20150806,000000,5.2,5.2,5.1,5.2,0,0
TPE_PE,D,20150807,000000,5.2,5.2,4.9,4.9,0,0
TPE_PE,D,20150810,000000,4.9,4.9,4.8,4.9,0,0
TPE_PE,D,20150811,000000,4.9,4.9,4.9,4.9,0,0
TPE_PE,D,20150812,000000,4.9,4.9,4.7,4.7,0,0
TPE_PE,D,20150813,000000,4.7,4.8,4.7,4.7,0,0
TPE_PE,D,20150814,000000,4.7,4.7,4.5,4.5,0,0
TPE_PE,D,20150817,000000,4.5,4.6,4.3,4.3,0,0
TPE_PE,D,20150818,000000,4.3,4.5,4.3,4.4,0,0
TPE_PE,D,20150819,000000,4.4,4.7,4.4,4.6,0,0
TPE_PE,D,20150820,000000,4.7,5.3,4.6,5.3,0,0
TPE_PE,D,20150821,000000,5.2,5.4,5.2,5.2,0,0
TPE_PE,D,20150824,000000,5.1,5.1,4.8,4.9,0,0
TPE_PE,D,20150825,000000,4.9,5.1,4.9,5,0,0
TPE_PE,D,20150826,000000,5,5.1,5,5.1,0,0
TPE_PE,D,20150827,000000,5.2,5.3,5.2,5.2,0,0
TPE_PE,D,20150828,000000,5.2,5.2,5.2,5.2,0,0
TPE_PE,D,20150831,000000,5.2,5.2,5.2,5.2,0,0
TPE_PE,D,20150901,000000,5.2,5.2,5.1,5.1,0,0
TPE_PE,D,20150902,000000,5.2,5.2,5,5.1,0,0
TPE_PE,D,20150903,000000,5.1,5.3,5.1,5.3,0,0
TPE_PE,D,20150904,000000,5.3,5.3,5.1,5.2,0,0
TPE_PE,D,20150907,000000,5.2,5.3,5.2,5.2,0,0
TPE_PE,D,20150908,000000,5.3,5.5,5.3,5.4,0,0
TPE_PE,D,20150909,000000,5.5,5.7,5.5,5.5,0,0
TPE_PE,D,20150910,000000,5.5,5.6,5.4,5.5,0,0
TPE_PE,D,20150911,000000,5.5,5.5,5.3,5.4,0,0
TPE_PE,D,20150914,000000,5.4,5.5,5.3,5.4,0,0
TPE_PE,D,20150915,000000,5.4,5.4,5.3,5.3,0,0
TPE_PE,D,20150916,000000,5.3,5.3,5.2,5.3,0,0
TPE_PE,D,20150917,000000,5.3,5.3,5.2,5.3,0,0
TPE_PE,D,20150918,000000,5.3,5.3,5.1,5.1,0,0
TPE_PE,D,20150921,000000,5.1,5.3,5.1,5.3,0,0
TPE_PE,D,20150922,000000,5.3,5.3,5,5,0,0
TPE_PE,D,20150923,000000,5,5.1,4.9,5,0,0
TPE_PE,D,20150924,000000,5.1,5.1,4.8,4.9,0,0
TPE_PE,D,20150925,000000,4.9,5,4.9,4.9,0,0
TPE_PE,D,20150928,000000,4.9,5,4.8,5,0,0
TPE_PE,D,20150929,000000,5,5,4.9,4.9,0,0
TPE_PE,D,20150930,000000,4.9,4.9,4.9,4.9,0,0
TPE_PE,D,20151001,000000,4.9,5,4.8,4.9,0,0
TPE_PE,D,20151002,000000,4.9,5,4.8,4.8,0,0
TPE_PE,D,20151005,000000,4.9,4.9,4.8,4.8,0,0
TPE_PE,D,20151006,000000,4.8,4.8,4.7,4.8,0,0
TPE_PE,D,20151007,000000,4.8,4.9,4.8,4.8,0,0
TPE_PE,D,20151008,000000,4.8,4.8,4.8,4.8,0,0
TPE_PE,D,20151009,000000,4.8,5.1,4.8,5,0,0
TPE_PE,D,20151012,000000,5,5.1,5,5,0,0
TPE_PE,D,20151013,000000,5,5,4.9,4.9,0,0
TPE_PE,D,20151014,000000,4.9,4.9,4.8,4.8,0,0
TPE_PE,D,20151015,000000,4.8,4.8,4.8,4.8,0,0
TPE_PE,D,20151016,000000,4.9,4.9,4.8,4.8,0,0
TPE_PE,D,20151019,000000,4.8,4.9,4.8,4.8,0,0
TPE_PE,D,20151020,000000,4.8,4.8,4.7,4.8,0,0
TPE_PE,D,20151021,000000,4.8,4.8,4.7,4.7,0,0
TPE_PE,D,20151022,000000,4.7,4.7,4.7,4.7,0,0
TPE_PE,D,20151023,000000,4.7,4.8,4.7,4.7,0,0
TPE_PE,D,20151026,000000,4.7,4.7,4.7,4.7,0,0
TPE_PE,D,20151027,000000,4.7,4.7,4.7,4.7,0,0
TPE_PE,D,20151028,000000,4.7,4.7,4.6,4.6,0,0
TPE_PE,D,20151029,000000,4.6,4.6,4.5,4.5,0,0
TPE_PE,D,20151030,000000,4.5,4.5,4.4,4.5,0,0
TPE_PE,D,20151102,000000,4.5,4.6,4.5,4.6,0,0
TPE_PE,D,20151103,000000,4.6,4.8,4.6,4.7,0,0
TPE_PE,D,20151104,000000,4.7,4.8,4.6,4.7,0,0
TPE_PE,D,20151105,000000,4.7,4.8,4.7,4.8,0,0
TPE_PE,D,20151106,000000,4.8,4.8,4.8,4.8,0,0
TPE_PE,D,20151109,000000,4.8,4.8,4.7,4.7,0,0
TPE_PE,D,20151110,000000,4.7,4.8,4.6,4.8,0,0
TPE_PE,D,20151112,000000,4.9,4.9,4.6,4.6,0,0
TPE_PE,D,20151113,000000,4.6,4.6,4.4,4.4,0,0
TPE_PE,D,20151116,000000,4.4,4.5,4.3,4.4,0,0
TPE_PE,D,20151117,000000,4.4,4.7,4.4,4.7,0,0
TPE_PE,D,20151118,000000,4.7,4.7,4.5,4.5,0,0
TPE_PE,D,20151119,000000,4.5,4.6,4.5,4.5,0,0
TPE_PE,D,20151120,000000,4.5,4.5,4.4,4.4,0,0
TPE_PE,D,20151123,000000,4.4,4.4,4.2,4.2,0,0
TPE_PE,D,20151124,000000,4.2,4.2,4,4,0,0
TPE_PE,D,20151125,000000,4,4.1,3.9,3.9,0,0
TPE_PE,D,20151126,000000,4,4.1,4,4.1,0,0
TPE_PE,D,20151127,000000,4.1,4.2,4.1,4.1,0,0
TPE_PE,D,20151130,000000,4.1,4.1,4,4.1,0,0
TPE_PE,D,20151201,000000,4.1,4.1,4,4,0,0
TPE_PE,D,20151202,000000,4,4,3.8,3.8,0,0
TPE_PE,D,20151203,000000,3.8,3.9,3.8,3.9,0,0
TPE_PE,D,20151204,000000,3.9,3.9,3.7,3.8,0,0
TPE_PE,D,20151207,000000,3.9,3.9,3.7,3.7,0,0
TPE_PE,D,20151208,000000,3.7,3.7,3.4,3.4,0,0
TPE_PE,D,20151209,000000,3.4,3.8,3.4,3.8,0,0
TPE_PE,D,20151210,000000,3.8,4.2,3.8,4,0,0
TPE_PE,D,20151211,000000,4.1,4.1,3.8,3.8,0,0
TPE_PE,D,20151214,000000,3.8,3.8,3.7,3.8,0,0
TPE_PE,D,20151215,000000,3.8,3.9,3.7,3.7,0,0
TPE_PE,D,20151216,000000,3.7,4,3.7,3.9,0,0
TPE_PE,D,20151217,000000,4,4.1,4,4.1,0,0
TPE_PE,D,20151218,000000,4.1,4.2,4.1,4.2,0,0
TPE_PE,D,20151221,000000,4.2,4.3,4.1,4.3,0,0
TPE_PE,D,20151222,000000,4.3,4.3,4.2,4.3,0,0
TPE_PE,D,20151223,000000,4.3,4.3,4.2,4.3,0,0
TPE_PE,D,20151228,000000,4.3,4.3,4.2,4.2,0,0
TPE_PE,D,20151229,000000,4.2,4.2,4.2,4.2,0,0
TPE_PE,D,20151230,000000,4.2,4.2,4.1,4.2,0,0
TPE_PE,D,20160104,000000,4.1,4.1,4,4.1,0,0
TPE_PE,D,20160105,000000,4.1,4.1,3.9,3.9,0,0
TPE_PE,D,20160107,000000,3.7,3.8,3.7,3.8,0,0
TPE_PE,D,20160108,000000,3.8,3.9,3.7,3.7,0,0
TPE_PE,D,20160111,000000,3.7,3.8,3.6,3.8,0,0
TPE_PE,D,20160112,000000,3.8,4,3.8,4,0,0
TPE_PE,D,20160113,000000,4.1,4.3,4.1,4.2,0,0
TPE_PE,D,20160114,000000,4.2,4.3,4,4.3,0,0
TPE_PE,D,20160115,000000,4.3,4.3,4.1,4.1,0,0
TPE_PE,D,20160118,000000,4,4.1,4,4.1,0,0
TPE_PE,D,20160119,000000,4.2,4.2,3.9,4,0,0
TPE_PE,D,20160120,000000,4,4,3.8,3.9,0,0
TPE_PE,D,20160121,000000,3.9,4,3.8,3.8,0,0
TPE_PE,D,20160122,000000,3.9,4,3.9,4,0,0
TPE_PE,D,20160125,000000,4.1,4.1,3.9,4,0,0
TPE_PE,D,20160126,000000,3.9,3.9,3.9,3.9,0,0
TPE_PE,D,20160127,000000,3.9,3.9,3.9,3.9,0,0
TPE_PE,D,20160128,000000,3.9,3.9,3.9,3.9,0,0
TPE_PE,D,20160129,000000,3.9,4,3.9,3.9,0,0
TPE_PE,D,20160201,000000,3.9,3.9,3.9,3.9,0,0
TPE_PE,D,20160202,000000,3.9,3.9,3.9,3.9,0,0
TPE_PE,D,20160203,000000,3.9,3.9,3.8,3.8,0,0
TPE_PE,D,20160204,000000,3.9,3.9,3.9,3.9,0,0
TPE_PE,D,20160205,000000,3.9,3.9,3.9,3.9,0,0
TPE_PE,D,20160208,000000,3.9,3.9,3.8,3.9,0,0
TPE_PE,D,20160209,000000,3.9,4,3.9,3.9,0,0
TPE_PE,D,20160210,000000,3.9,4,3.9,3.9,0,0
TPE_PE,D,20160211,000000,3.9,3.9,3.8,3.9,0,0
TPE_PE,D,20160212,000000,3.9,4,3.9,3.9,0,0
TPE_PE,D,20160215,000000,3.9,4.1,3.9,4.1,0,0
TPE_PE,D,20160216,000000,4.1,4.1,3.9,3.9,0,0
TPE_PE,D,20160217,000000,3.9,3.9,3.8,3.8,0,0
TPE_PE,D,20160218,000000,3.8,3.8,3.7,3.7,0,0
TPE_PE,D,20160219,000000,3.7,3.7,3.7,3.7,0,0
TPE_PE,D,20160222,000000,3.7,3.8,3.7,3.8,0,0
TPE_PE,D,20160223,000000,3.8,3.8,3.7,3.7,0,0
TPE_PE,D,20160224,000000,3.7,3.7,3.6,3.7,0,0
TPE_PE,D,20160225,000000,3.7,3.7,3.7,3.7,0,0
TPE_PE,D,20160226,000000,3.7,3.7,3.7,3.7,0,0
TPE_PE,D,20160229,000000,3.7,3.7,3.6,3.7,0,0
TPE_PE,D,20160301,000000,3.7,3.7,3.5,3.6,0,0
TPE_PE,D,20160302,000000,3.6,3.6,3.6,3.6,0,0
TPE_PE,D,20160303,000000,3.6,3.8,3.6,3.8,0,0
TPE_PE,D,20160304,000000,3.8,3.9,3.8,3.8,0,0
TPE_PE,D,20160307,000000,3.8,3.8,3.8,3.8,0,0
TPE_PE,D,20160308,000000,3.8,3.9,3.8,3.9,0,0
TPE_PE,D,20160309,000000,3.9,3.9,3.8,3.9,0,0
TPE_PE,D,20160310,000000,3.8,3.9,3.8,3.9,0,0
TPE_PE,D,20170316,000000,15.1,15.1,15.1,15.1,0,0
TPE_PE,D,20170317,000000,15.4,15.6,15,15,0,0
TPE_PE,D,20170320,000000,15,15.2,15,15.2,0,0
TPE_PE,D,20170321,000000,15.2,15.3,15,15.1,0,0
TPE_PE,D,20170322,000000,14.9,15,14.7,14.9,0,0
TPE_PE,D,20170323,000000,14.9,15,14.7,15,0,0
TPE_PE,D,20170324,000000,14.9,15.2,14.9,15.1,0,0
TPE_PE,D,20170327,000000,15,15.2,14.8,15.2,0,0
TPE_PE,D,20170328,000000,15.2,16.4,15.2,16.4,0,0
TPE_PE,D,20170329,000000,16.4,16.4,15.9,16,0,0
TPE_PE,D,20170330,000000,16,16.2,15.8,16,0,0
TPE_PE,D,20170331,000000,15.9,16.2,15.8,16.2,0,0
TPE_PE,D,20170403,000000,16.2,16.2,15.8,16,0,0
TPE_PE,D,20170404,000000,15.9,16,15.9,16,0,0
TPE_PE,D,20170405,000000,16,16,15.8,15.8,0,0
TPE_PE,D,20170406,000000,15.8,15.8,15.5,15.5,0,0
TPE_PE,D,20170407,000000,15.6,16,15.6,15.9,0,0
TPE_PE,D,20170410,000000,15.9,15.9,15.8,15.8,0,0
TPE_PE,D,20170411,000000,15.8,15.9,15.8,15.9,0,0
TPE_PE,D,20170412,000000,15.9,15.9,15.6,15.6,0,0
TPE_PE,D,20170413,000000,15.6,15.9,15.5,15.9,0,0
TPE_PE,D,20170418,000000,15.8,15.8,15.4,15.4,0,0
TPE_PE,D,20170419,000000,15.4,15.5,15,15,0,0
TPE_PE,D,20170420,000000,15.1,15.2,14.9,15.1,0,0
TPE_PE,D,20170421,000000,15.1,15.3,14.9,14.9,0,0
TPE_PE,D,20170424,000000,15.1,15.2,14.9,14.9,0,0
TPE_PE,D,20170425,000000,14.9,15.2,14.9,15.2,0,0
TPE_PE,D,20170426,000000,15.2,15.2,15.1,15.2,0,0
TPE_PE,D,20170427,000000,15.2,15.5,15.1,15.5,0,0
TPE_PE,D,20170428,000000,15.8,16,15.7,15.7,0,0
TPE_PE,D,20170502,000000,15.7,15.9,15.6,15.6,0,0
TPE_PE,D,20170504,000000,15.6,15.9,15.6,15.9,0,0
TPE_PE,D,20170505,000000,15.9,15.9,15.6,15.8,0,0
TPE_PE,D,20170508,000000,15.8,15.9,15.6,15.6,0,0
TPE_PE,D,20170509,000000,15.7,16,15.6,16,0,0
TPE_PE,D,20170510,000000,15.9,16.2,15.9,15.9,0,0
TPE_PE,D,20170511,000000,16.1,16.6,8.9,8.9,0,0
TPE_PE,D,20170512,000000,8.8,8.9,8.7,8.8,0,0
TPE_PE,D,20170515,000000,8.9,8.9,8.6,8.6,0,0
TPE_PE,D,20170516,000000,8.6,8.7,8.4,8.4,0,0
TPE_PE,D,20170517,000000,8.5,8.5,8.3,8.4,0,0
TPE_PE,D,20170518,000000,8.3,8.4,8.2,8.3,0,0
TPE_PE,D,20170519,000000,8.2,8.6,8.2,8.5,0,0
TPE_PE,D,20170522,000000,8.5,8.6,8.4,8.5,0,0
TPE_PE,D,20170523,000000,8.5,8.6,8.4,8.5,0,0
TPE_PE,D,20170524,000000,8.5,8.8,8.5,8.8,0,0
TPE_PE,D,20170525,000000,8.8,8.9,8.7,8.7,0,0
TPE_PE,D,20170526,000000,8.8,8.8,8.6,8.7,0,0
TPE_PE,D,20170529,000000,8.7,8.7,8.6,8.7,0,0
TPE_PE,D,20170530,000000,8.6,8.6,8.4,8.5,0,0
TPE_PE,D,20170531,000000,8.6,8.7,8.2,8.2,0,0
TPE_PE,D,20170601,000000,8.2,8.6,8.2,8.6,0,0
TPE_PE,D,20170602,000000,8.7,8.8,8.7,8.8,0,0
TPE_PE,D,20170605,000000,8.7,8.8,8.6,8.6,0,0
TPE_PE,D,20170606,000000,8.5,8.7,8.5,8.7,0,0
TPE_PE,D,20170607,000000,8.7,8.9,8.7,8.8,0,0
TPE_PE,D,20170608,000000,8.7,8.8,8.7,8.8,0,0
TPE_PE,D,20170609,000000,8.8,9,8.8,8.9,0,0
TPE_PE,D,20170612,000000,8.9,9,8.7,9,0,0
TPE_PE,D,20170613,000000,9,9.1,8.9,9,0,0
TPE_PE,D,20170614,000000,8.9,9.2,8.9,9.2,0,0
TPE_PE,D,20170616,000000,9.3,9.3,9.2,9.2,0,0
TPE_PE,D,20170619,000000,9.2,9.5,9.2,9.5,0,0
TPE_PE,D,20170620,000000,9.5,9.5,9.3,9.4,0,0
TPE_PE,D,20170621,000000,9.3,9.4,9.2,9.4,0,0
TPE_PE,D,20170622,000000,9.4,9.4,9.2,9.2,0,0
TPE_PE,D,20170623,000000,9.2,9.3,9.2,9.2,0,0
TPE_PE,D,20170626,000000,9.2,9.4,9.2,9.4,0,0
TPE_PE,D,20170627,000000,9.4,9.4,9.3,9.3,0,0
TPE_PE,D,20170628,000000,9.2,9.3,9.2,9.2,0,0
TPE_PE,D,20170629,000000,9.3,9.3,9.1,9.2,0,0
TPE_PE,D,20170630,000000,9.2,9.3,9.1,9.2,0,0
TPE_PE,D,20170703,000000,9.3,9.3,9.1,9.1,0,0
TPE_PE,D,20170704,000000,9.1,9.1,8.8,8.9,0,0
TPE_PE,D,20170705,000000,9,9,8.9,9,0,0
TPE_PE,D,20170706,000000,9.1,9.1,8.9,8.9,0,0
TPE_PE,D,20170707,000000,8.9,9.2,8.9,9.2,0,0
TPE_PE,D,20170710,000000,9.2,9.4,9.2,9.4,0,0
TPE_PE,D,20170711,000000,9.4,9.4,9.3,9.3,0,0
TPE_PE,D,20170712,000000,9.3,9.4,9.2,9.2,0,0
TPE_PE,D,20170713,000000,9.3,9.5,9.3,9.5,0,0
TPE_PE,D,20170714,000000,9.5,9.6,9.5,9.6,0,0
TPE_PE,D,20170717,000000,9.6,9.7,9.6,9.7,0,0
TPE_PE,D,20170718,000000,9.7,9.8,9.7,9.8,0,0
TPE_PE,D,20170719,000000,9.8,9.8,9.7,9.7,0,0
TPE_PE,D,20170720,000000,9.8,9.8,9.7,9.7,0,0
TPE_PE,D,20170721,000000,9.7,9.9,9.7,9.8,0,0
TPE_PE,D,20170724,000000,9.9,9.9,9.6,9.6,0,0
TPE_PE,D,20170725,000000,9.7,9.7,9.5,9.7,0,0
TPE_PE,D,20170726,000000,9.8,9.8,9.6,9.6,0,0
TPE_PE,D,20170727,000000,9.7,9.7,9.5,9.7,0,0
TPE_PE,D,20170728,000000,9.7,9.7,9.5,9.7,0,0
TPE_PE,D,20170731,000000,9.6,9.8,9.6,9.8,0,0
TPE_PE,D,20170801,000000,9.8,10,9.8,9.9,0,0
TPE_PE,D,20170802,000000,10,10.1,9.9,9.9,0,0
TPE_PE,D,20170803,000000,10,10,9.7,9.8,0,0
TPE_PE,D,20170804,000000,9.8,9.9,9.7,9.7,0,0
TPE_PE,D,20170807,000000,9.7,9.8,9.7,9.8,0,0
TPE_PE,D,20170808,000000,9.8,10,9.7,9.9,0,0
TPE_PE,D,20170809,000000,9.9,9.9,9.6,9.6,0,0
TPE_PE,D,20170810,000000,9.6,9.7,9.5,9.5,0,0
TPE_PE,D,20170811,000000,9.5,9.7,9.4,9.6,0,0
TPE_PE,D,20170814,000000,9.7,9.8,9.5,9.5,0,0
TPE_PE,D,20170816,000000,9.6,9.7,9.5,9.5,0,0
TPE_PE,D,20170817,000000,9.5,9.8,9.4,9.4,0,0
TPE_PE,D,20170818,000000,9.5,9.7,4.8,4.8,0,0
TPE_PE,D,20170821,000000,4.9,5.1,4.8,5.1,0,0
TPE_PE,D,20170822,000000,5.1,5.2,5,5.1,0,0
TPE_PE,D,20170823,000000,5.1,5.1,5,5,0,0
TPE_PE,D,20170824,000000,5,5.2,5,5.2,0,0
TPE_PE,D,20170825,000000,5.2,5.2,5.2,5.2,0,0
TPE_PE,D,20170828,000000,5.2,5.3,5.2,5.3,0,0
TPE_PE,D,20170829,000000,5.3,5.3,5.1,5.1,0,0
TPE_PE,D,20170830,000000,5.1,5.1,5,5.1,0,0
TPE_PE,D,20170831,000000,5.1,5.1,5,5,0,0
TPE_PE,D,20170901,000000,5,5,5,5,0,0
TPE_PE,D,20170904,000000,5,5,4.9,5,0,0
TPE_PE,D,20170905,000000,5,5.1,5,5,0,0
TPE_PE,D,20170906,000000,5,5,4.9,4.9,0,0
TPE_PE,D,20170907,000000,4.9,5,4.9,5,0,0
TPE_PE,D,20170908,000000,5,5.1,5,5.1,0,0
TPE_PE,D,20170911,000000,5.1,5.1,5.1,5.1,0,0
TPE_PE,D,20170912,000000,5.1,5.1,5.1,5.1,0,0
TPE_PE,D,20170913,000000,5.1,5.1,5,5,0,0
TPE_PE,D,20170914,000000,5,5,4.8,4.9,0,0
TPE_PE,D,20170915,000000,4.9,4.9,4.9,4.9,0,0
TPE_PE,D,20170918,000000,4.9,5,4.9,5,0,0
TPE_PE,D,20170919,000000,5,5,4.9,4.9,0,0
TPE_PE,D,20170920,000000,4.9,5,4.9,5,0,0
TPE_PE,D,20170921,000000,5,5,4.9,4.9,0,0
TPE_PE,D,20170922,000000,4.9,4.9,4.7,4.7,0,0
TPE_PE,D,20170925,000000,4.7,4.9,4.7,4.9,0,0
TPE_PE,D,20170926,000000,4.9,4.9,4.8,4.9,0,0
TPE_PE,D,20170927,000000,4.9,4.9,4.7,4.7,0,0
TPE_PE,D,20170928,000000,4.7,4.7,4.7,4.7,0,0
TPE_PE,D,20170929,000000,4.8,4.8,4.8,4.8,0,0
TPE_PE,D,20171002,000000,4.8,4.9,4.7,4.8,0,0
TPE_PE,D,20171003,000000,4.8,4.8,4.6,4.7,0,0
TPE_PE,D,20171004,000000,4.7,4.7,4.5,4.5,0,0
TPE_PE,D,20171005,000000,4.5,4.6,4.5,4.5,0,0
TPE_PE,D,20171006,000000,4.5,4.6,4.5,4.6,0,0
TPE_PE,D,20171009,000000,4.6,4.7,4.6,4.7,0,0
TPE_PE,D,20171010,000000,4.7,4.7,4.6,4.6,0,0
TPE_PE,D,20171011,000000,4.6,4.8,4.6,4.7,0,0
TPE_PE,D,20171012,000000,4.8,4.8,4.7,4.7,0,0
TPE_PE,D,20171013,000000,4.7,4.7,4.6,4.6,0,0
TPE_PE,D,20171016,000000,4.6,4.6,4.5,4.5,0,0
TPE_PE,D,20171017,000000,4.5,4.5,4.4,4.4,0,0
TPE_PE,D,20171018,000000,4.4,4.5,4.4,4.4,0,0
TPE_PE,D,20171019,000000,4.4,4.5,4.4,4.5,0,0
TPE_PE,D,20171020,000000,4.5,4.6,4.4,4.4,0,0
TPE_PE,D,20171023,000000,4.4,4.5,4.4,4.4,0,0
TPE_PE,D,20171024,000000,4.4,4.5,4.4,4.5,0,0
TPE_PE,D,20171025,000000,4.5,4.5,4.5,4.5,0,0
TPE_PE,D,20171026,000000,4.5,4.5,4.5,4.5,0,0
TPE_PE,D,20171027,000000,4.5,4.6,4.5,4.5,0,0
TPE_PE,D,20171030,000000,4.5,4.6,4.4,4.4,0,0
TPE_PE,D,20171031,000000,4.5,4.5,4.4,4.5,0,0
TPE_PE,D,20171102,000000,4.5,4.5,4.4,4.4,0,0
TPE_PE,D,20171103,000000,4.4,4.4,4.3,4.3,0,0
TPE_PE,D,20171106,000000,4.3,4.4,4.3,4.3,0,0
TPE_PE,D,20171107,000000,4.3,4.4,4.3,4.3,0,0
TPE_PE,D,20171108,000000,4.3,4.3,4.2,4.2,0,0
TPE_PE,D,20171109,000000,4.2,4.4,4.1,4.4,0,0
TPE_PE,D,20171110,000000,4.4,4.4,4.3,4.3,0,0
TPE_PE,D,20171113,000000,4.3,4.3,4.2,4.2,0,0
TPE_PE,D,20171114,000000,4.2,4.3,4.2,4.3,0,0
TPE_PE,D,20171115,000000,4.3,4.3,4.2,4.2,0,0
TPE_PE,D,20171116,000000,4.2,4.3,4.2,4.2,0,0
TPE_PE,D,20171117,000000,4.2,4.3,4.2,4.2,0,0
TPE_PE,D,20171120,000000,4.2,4.3,4.2,4.3,0,0
TPE_PE,D,20171121,000000,4.3,4.4,4.3,4.4,0,0
TPE_PE,D,20171122,000000,4.4,4.4,4.3,4.4,0,0
TPE_PE,D,20171123,000000,4.4,4.5,4.4,4.5,0,0
TPE_PE,D,20171124,000000,4.5,4.5,4.4,4.4,0,0
TPE_PE,D,20171127,000000,4.4,4.4,4.3,4.4,0,0
TPE_PE,D,20171128,000000,4.4,4.4,4.3,4.3,0,0
TPE_PE,D,20171129,000000,4.3,4.3,4.2,4.2,0,0
TPE_PE,D,20171130,000000,4.2,4.3,4.2,4.2,0,0
TPE_PE,D,20171201,000000,4.2,4.3,4.1,4.3,0,0
TPE_PE,D,20171204,000000,4.3,4.3,4.2,4.2,0,0
TPE_PE,D,20171205,000000,4.2,4.3,4.2,4.2,0,0
TPE_PE,D,20171206,000000,4.2,4.3,4.2,4.2,0,0
TPE_PE,D,20171207,000000,4.2,4.5,4.2,4.4,0,0
TPE_PE,D,20171208,000000,4.5,4.6,4.4,4.5,0,0
TPE_PE,D,20171211,000000,4.5,4.5,4.4,4.4,0,0
TPE_PE,D,20171212,000000,4.4,4.5,4.4,4.4,0,0
TPE_PE,D,20171213,000000,4.4,4.4,4.3,4.4,0,0
TPE_PE,D,20171214,000000,4.4,4.4,4.2,4.2,0,0
TPE_PE,D,20171215,000000,4.2,4.3,4.2,4.2,0,0
TPE_PE,D,20171218,000000,4.2,4.3,4.2,4.3,0,0
TPE_PE,D,20171219,000000,4.3,4.3,4.2,4.2,0,0
TPE_PE,D,20171220,000000,4.2,4.2,4.1,4.2,0,0
TPE_PE,D,20171221,000000,4.2,4.2,4.1,4.1,0,0
TPE_PE,D,20171222,000000,4.1,4.1,4.1,4.1,0,0
TPE_PE,D,20171227,000000,4.1,4.2,4.1,4.2,0,0
TPE_PE,D,20171228,000000,4.2,4.2,4.2,4.2,0,0
TPE_PE,D,20171229,000000,4.2,4.2,4.2,4.2,0,0
TPE_PE,D,20180103,000000,4.2,4.2,4.1,4.1,0,0
TPE_PE,D,20180104,000000,4.1,4.3,4.1,4.3,0,0
TPE_PE,D,20180105,000000,4.3,4.5,4.3,4.5,0,0
TPE_PE,D,20180108,000000,4.5,4.5,4.4,4.4,0,0
TPE_PE,D,20180109,000000,4.4,4.4,4.3,4.3,0,0
TPE_PE,D,20180110,000000,4.3,4.3,4.3,4.3,0,0
TPE_PE,D,20180111,000000,4.3,4.4,4.3,4.4,0,0
TPE_PE,D,20180112,000000,4.4,4.4,4.3,4.3,0,0
TPE_PE,D,20180115,000000,4.3,4.4,4.3,4.3,0,0
TPE_PE,D,20180116,000000,4.3,4.4,4.3,4.4,0,0
TPE_PE,D,20180117,000000,4.4,4.5,4.4,4.4,0,0
TPE_PE,D,20180118,000000,4.4,4.4,4.3,4.4,0,0
TPE_PE,D,20180119,000000,4.4,4.5,4.4,4.4,0,0
TPE_PE,D,20180122,000000,4.4,4.5,4.4,4.5,0,0
TPE_PE,D,20180123,000000,4.5,4.6,4.4,4.4,0,0
TPE_PE,D,20180124,000000,4.4,4.4,4.3,4.3,0,0
TPE_PE,D,20180125,000000,4.3,4.3,4.2,4.2,0,0
TPE_PE,D,20180126,000000,4.2,4.2,4.1,4.2,0,0
TPE_PE,D,20180129,000000,4.2,4.3,4.2,4.3,0,0
TPE_PE,D,20180130,000000,4.3,4.3,4.2,4.2,0,0
TPE_PE,D,20180131,000000,4.2,4.2,4.2,4.2,0,0
TPE_PE,D,20180201,000000,4.2,4.2,4.2,4.2,0,0
TPE_PE,D,20180202,000000,4.2,4.2,4.1,4.2,0,0
TPE_PE,D,20180205,000000,4.2,4.2,4.1,4.1,0,0
TPE_PE,D,20180206,000000,4,4,3.9,3.9,0,0
TPE_PE,D,20180207,000000,4,4,3.9,4,0,0
TPE_PE,D,20180208,000000,4,4,3.8,3.8,0,0
TPE_PE,D,20180209,000000,3.7,3.8,3.7,3.8,0,0
TPE_PE,D,20180212,000000,3.9,3.9,3.8,3.8,0,0
TPE_PE,D,20180213,000000,3.8,3.9,3.8,3.9,0,0
TPE_PE,D,20180214,000000,3.9,4,3.9,3.9,0,0
TPE_PE,D,20180215,000000,3.9,3.9,3.8,3.9,0,0
TPE_PE,D,20180216,000000,3.9,3.9,3.9,3.9,0,0
TPE_PE,D,20180219,000000,3.9,3.9,3.9,3.9,0,0
TPE_PE,D,20180220,000000,3.9,3.9,3.9,3.9,0,0
TPE_PE,D,20180221,000000,3.9,3.9,3.7,3.7,0,0
TPE_PE,D,20180222,000000,3.7,3.8,3.7,3.8,0,0
TPE_PE,D,20180223,000000,3.8,3.8,3.7,3.7,0,0
TPE_PE,D,20180226,000000,3.7,3.7,3.7,3.7,0,0
TPE_PE,D,20180227,000000,3.7,3.7,3.6,3.6,0,0
TPE_PE,D,20180228,000000,3.6,3.6,3.5,3.5,0,0
TPE_PE,D,20180301,000000,3.5,3.7,3.5,3.7,0,0
TPE_PE,D,20180302,000000,3.7,3.7,3.6,3.7,0,0
TPE_PE,D,20180305,000000,3.7,3.7,3.6,3.7,0,0
TPE_PE,D,20180306,000000,3.7,3.7,3.5,3.5,0,0
TPE_PE,D,20180307,000000,3.5,3.5,3.4,3.5,0,0
TPE_PE,D,20180308,000000,3.5,3.6,3.5,3.5,0,0
TPE_PE,D,20180309,000000,3.5,3.6,3.5,3.6,0,0
TPE_PE,D,20180312,000000,3.6,3.6,3.6,3.6,0,0
TPE_PE,D,20180313,000000,3.6,3.6,3.5,3.5,0,0
TPE_PE,D,20180314,000000,3.6,3.6,3.2,3.2,0,0
TPE_PE,D,20180315,000000,3.2,3.3,3.2,3.2,0,0
TPE_PE,D,20180316,000000,3.2,3.2,3.1,3.2,0,0
TPE_PE,D,20180319,000000,3.2,3.2,3.1,3.1,0,0
TPE_PE,D,20180320,000000,3.1,3.1,3.1,3.1,0,0
TPE_PE,D,20180321,000000,3.1,3.2,3.1,3.2,0,0
TPE_PE,D,20180322,000000,3.2,3.2,3.1,3.1,0,0
TPE_PE,D,20180323,000000,3.1,3.1,3,3.1,0,0
TPE_PE,D,20180326,000000,3.1,3.1,3,3,0,0
TPE_PE,D,20180327,000000,3,3.1,3,3,0,0
TPE_PE,D,20180328,000000,3,3.1,2.9,3.1,0,0
TPE_PE,D,20180329,000000,3.1,3.1,3.1,3.1,0,0
TPE_PE,D,20180403,000000,3.1,3.1,3,3,0,0
TPE_PE,D,20180404,000000,3,3,2.9,3,0,0
TPE_PE,D,20180405,000000,3,3.1,3,3,0,0
TPE_PE,D,20180406,000000,3,3.1,2.9,3.1,0,0
TPE_PE,D,20180409,000000,3.2,3.3,3.2,3.2,0,0
TPE_PE,D,20180410,000000,3.2,3.2,3.2,3.2,0,0
TPE_PE,D,20180411,000000,3.2,3.2,3.2,3.2,0,0
TPE_PE,D,20180412,000000,3.2,3.2,3.1,3.1,0,0
TPE_PE,D,20180413,000000,3.1,3.2,3.1,3.2,0,0
TPE_PE,D,20180416,000000,3.2,3.2,3.2,3.2,0,0
TPE_PE,D,20180417,000000,3.2,3.2,3.1,3.2,0,0
TPE_PE,D,20180418,000000,3.2,3.3,3.2,3.2,0,0
TPE_PE,D,20180419,000000,3.2,3.2,3.2,3.2,0,0
TPE_PE,D,20180420,000000,3.2,3.2,3.1,3.1,0,0
TPE_PE,D,20180423,000000,3.1,3.1,3,3,0,0
TPE_PE,D,20180424,000000,3,3,3,3,0,0
TPE_PE,D,20180425,000000,3,3,2.9,2.9,0,0
TPE_PE,D,20180426,000000,2.9,3.1,2.9,3.1,0,0
TPE_PE,D,20180427,000000,3.1,3.1,3,3,0,0
TPE_PE,D,20180430,000000,3,3.1,3,3,0,0
TPE_PE,D,20180502,000000,3,3,3,3,0,0
TPE_PE,D,20180504,000000,3,3,2.9,2.9,0,0
TPE_PE,D,20180507,000000,2.9,2.9,2.8,2.9,0,0
TPE_PE,D,20180508,000000,2.9,2.9,2.8,2.9,0,0
TPE_PE,D,20180509,000000,2.9,3,2.9,3,0,0
TPE_PE,D,20180510,000000,3,3.1,3,3.1,0,0
TPE_PE,D,20180511,000000,3.1,3.1,3,3.1,0,0
TPE_PE,D,20180514,000000,3.1,3.1,3,3,0,0
TPE_PE,D,20180515,000000,3,3,2.8,2.9,0,0
TPE_PE,D,20180516,000000,2.9,2.9,2.8,2.8,0,0
TPE_PE,D,20180517,000000,2.8,2.8,2.8,2.8,0,0
TPE_PE,D,20180518,000000,2.8,2.8,2.7,2.7,0,0
TPE_PE,D,20180521,000000,2.7,2.8,2.7,2.7,0,0
TPE_PE,D,20180522,000000,2.7,2.7,2.6,2.7,0,0
TPE_PE,D,20180523,000000,2.7,2.7,2.5,2.6,0,0
TPE_PE,D,20180524,000000,2.6,2.7,2.5,2.5,0,0
TPE_PE,D,20180525,000000,2.5,2.5,2.5,2.5,0,0
TPE_PE,D,20180528,000000,2.5,2.6,2.5,2.6,0,0
TPE_PE,D,20180529,000000,2.6,2.8,2.6,2.8,0,0
TPE_PE,D,20180530,000000,2.8,2.9,2.7,2.9,0,0
TPE_PE,D,20180601,000000,2.9,3,2.9,2.9,0,0
TPE_PE,D,20180604,000000,2.9,2.9,2.8,2.9,0,0
TPE_PE,D,20180605,000000,2.9,3,2.9,2.9,0,0
TPE_PE,D,20180606,000000,2.9,3,2.9,3,0,0
TPE_PE,D,20180607,000000,3,3.2,3,3.1,0,0
TPE_PE,D,20180608,000000,3.1,3.1,3,3,0,0
TPE_PE,D,20180611,000000,3,3,3,3,0,0
TPE_PE,D,20180612,000000,3,3,2.9,2.9,0,0
TPE_PE,D,20180613,000000,2.9,3,2.9,3,0,0
TPE_PE,D,20180614,000000,3,3,2.9,3,0,0
TPE_PE,D,20180615,000000,3,3,2.8,2.8,0,0
TPE_PE,D,20180618,000000,2.8,2.9,2.8,2.8,0,0
TPE_PE,D,20180619,000000,2.7,2.8,2.7,2.8,0,0
TPE_PE,D,20180620,000000,2.8,2.9,2.8,2.8,0,0
TPE_PE,D,20180621,000000,2.8,2.9,2.8,2.9,0,0
TPE_PE,D,20180622,000000,2.9,3,2.9,3,0,0
TPE_PE,D,20180625,000000,3,3.1,3,3,0,0
TPE_PE,D,20180626,000000,3,3,2.8,2.9,0,0
TPE_PE,D,20180627,000000,2.9,3,2.9,2.9,0,0
TPE_PE,D,20180628,000000,2.9,2.9,2.8,2.9,0,0
TPE_PE,D,20180629,000000,2.9,3,2.9,2.9,0,0
TPE_PE,D,20180702,000000,2.8,2.9,2.8,2.8,0,0
TPE_PE,D,20180703,000000,2.8,2.9,2.8,2.9,0,0
TPE_PE,D,20180704,000000,2.9,3,2.9,2.9,0,0
TPE_PE,D,20180705,000000,2.9,3,2.9,2.9,0,0
TPE_PE,D,20180706,000000,2.9,2.9,2.9,2.9,0,0
TPE_PE,D,20180709,000000,2.9,2.9,2.8,2.9,0,0
TPE_PE,D,20180710,000000,2.9,3,2.9,2.9,0,0
TPE_PE,D,20180711,000000,2.9,2.9,2.8,2.8,0,0
TPE_PE,D,20180712,000000,2.8,2.8,2.8,2.8,0,0
TPE_PE,D,20180713,000000,2.8,2.8,2.7,2.8,0,0
TPE_PE,D,20180716,000000,2.8,2.8,2.7,2.7,0,0
TPE_PE,D,20180717,000000,2.7,2.8,2.7,2.8,0,0
TPE_PE,D,20180718,000000,2.8,2.8,2.7,2.7,0,0
TPE_PE,D,20180719,000000,2.7,2.7,2.6,2.6,0,0
TPE_PE,D,20180720,000000,2.6,2.7,2.6,2.7,0,0
TPE_PE,D,20180723,000000,2.7,2.8,2.7,2.7,0,0
TPE_PE,D,20180724,000000,2.7,2.8,2.7,2.7,0,0
TPE_PE,D,20180725,000000,2.7,2.8,2.7,2.8,0,0
TPE_PE,D,20180726,000000,2.8,2.8,2.8,2.8,0,0
TPE_PE,D,20180727,000000,2.8,2.9,2.8,2.8,0,0
TPE_PE,D,20180730,000000,2.8,2.9,2.8,2.8,0,0
TPE_PE,D,20180731,000000,2.8,2.9,2.8,2.9,0,0
TPE_PE,D,20180801,000000,2.9,2.9,2.9,2.9,0,0
TPE_PE,D,20180802,000000,2.9,2.9,2.8,2.8,0,0
TPE_PE,D,20180803,000000,2.8,2.8,2.8,2.8,0,0
TPE_PE,D,20180806,000000,2.8,2.8,2.8,2.8,0,0
TPE_PE,D,20180807,000000,2.8,2.8,2.8,2.8,0,0
TPE_PE,D,20180808,000000,2.8,2.8,2.8,2.8,0,0
TPE_PE,D,20180809,000000,2.8,2.8,2.8,2.8,0,0
TPE_PE,D,20180810,000000,2.8,2.8,2.7,2.7,0,0
TPE_PE,D,20180813,000000,2.7,2.7,2.7,2.7,0,0
TPE_PE,D,20180814,000000,2.7,2.7,2.7,2.7,0,0
TPE_PE,D,20180816,000000,2.7,2.7,2.6,2.6,0,0
TPE_PE,D,20180817,000000,2.6,2.6,2.6,2.6,0,0
TPE_PE,D,20180820,000000,2.6,2.6,2.6,2.6,0,0
TPE_PE,D,20180821,000000,2.6,2.6,2.6,2.6,0,0
TPE_PE,D,20180822,000000,2.6,2.6,2.5,2.6,0,0
TPE_PE,D,20180823,000000,2.6,3.8,2.6,3.8,0,0
TPE_PE,D,20180824,000000,3.8,3.8,3.7,3.8,0,0
TPE_PE,D,20180827,000000,3.8,3.9,3.8,3.8,0,0
TPE_PE,D,20180828,000000,3.8,3.9,3.8,3.8,0,0
TPE_PE,D,20180829,000000,3.8,3.8,3.7,3.7,0,0
TPE_PE,D,20180830,000000,3.7,3.7,3.7,3.7,0,0
TPE_PE,D,20180831,000000,3.7,3.7,3.7,3.7,0,0
TPE_PE,D,20180903,000000,3.7,3.7,3.7,3.7,0,0
TPE_PE,D,20180904,000000,3.7,3.7,3.5,3.5,0,0
TPE_PE,D,20180905,000000,3.5,3.5,3.3,3.3,0,0
TPE_PE,D,20180906,000000,3.3,3.3,3.2,3.2,0,0
TPE_PE,D,20180907,000000,3.2,3.3,3.1,3.2,0,0
TPE_PE,D,20180910,000000,3.2,3.2,3.1,3.1,0,0
TPE_PE,D,20180911,000000,3.1,3.2,3.1,3.2,0,0
TPE_PE,D,20180912,000000,3.2,3.3,3.1,3.2,0,0
TPE_PE,D,20180913,000000,3.2,3.2,3.2,3.2,0,0
TPE_PE,D,20180914,000000,3.2,3.3,3.2,3.2,0,0
TPE_PE,D,20180917,000000,3.2,3.2,3.1,3.1,0,0
TPE_PE,D,20180918,000000,3.1,3.1,3.1,3.1,0,0
TPE_PE,D,20180919,000000,3.1,3.3,3,3.3,0,0
TPE_PE,D,20180920,000000,3.3,3.4,3.2,3.2,0,0
TPE_PE,D,20180921,000000,3.2,3.2,3.1,3.2,0,0
TPE_PE,D,20180924,000000,3.2,3.3,3.2,3.3,0,0
TPE_PE,D,20180925,000000,3.3,3.5,3.3,3.4,0,0
TPE_PE,D,20180926,000000,3.4,3.4,3.4,3.4,0,0
TPE_PE,D,20180927,000000,3.4,3.4,3.3,3.4,0,0
TPE_PE,D,20180928,000000,3.4,3.4,3.3,3.3,0,0
TPE_PE,D,20181001,000000,3.3,3.4,3.3,3.3,0,0
TPE_PE,D,20181002,000000,3.3,3.3,3.2,3.3,0,0
TPE_PE,D,20181003,000000,3.3,3.5,3.3,3.5,0,0
TPE_PE,D,20181004,000000,3.5,3.5,3.4,3.4,0,0
TPE_PE,D,20181005,000000,3.4,3.4,3.3,3.4,0,0
TPE_PE,D,20181008,000000,3.4,3.4,3.4,3.4,0,0
TPE_PE,D,20181009,000000,3.4,3.5,3.4,3.4,0,0
TPE_PE,D,20181010,000000,3.4,3.4,3.3,3.3,0,0
TPE_PE,D,20181011,000000,3.3,3.3,3.2,3.3,0,0
TPE_PE,D,20181012,000000,3.3,3.4,3.3,3.3,0,0
TPE_PE,D,20181015,000000,3.4,3.4,3.3,3.4,0,0
TPE_PE,D,20181016,000000,3.4,3.5,3.4,3.4,0,0
TPE_PE,D,20181017,000000,3.4,3.4,3.3,3.3,0,0
TPE_PE,D,20181018,000000,3.3,3.4,3.3,3.3,0,0
TPE_PE,D,20181019,000000,3.3,3.4,3.3,3.4,0,0
TPE_PE,D,20181022,000000,3.4,3.5,3.4,3.4,0,0
TPE_PE,D,20181023,000000,3.4,3.4,3.3,3.3,0,0
TPE_PE,D,20181024,000000,3.3,3.4,3.2,3.3,0,0
TPE_PE,D,20181025,000000,3.3,3.4,3.3,3.4,0,0
TPE_PE,D,20181026,000000,3.4,3.4,3.3,3.3,0,0
TPE_PE,D,20181029,000000,3.3,3.4,3.3,3.3,0,0
TPE_PE,D,20181030,000000,3.3,3.3,3.3,3.3,0,0
TPE_PE,D,20181031,000000,3.3,3.3,3.3,3.3,0,0
TPE_PE,D,20181102,000000,3.3,3.3,3.3,3.3,0,0
TPE_PE,D,20181105,000000,3.3,3.3,3.3,3.3,0,0
TPE_PE,D,20181106,000000,3.3,3.4,3.3,3.4,0,0
TPE_PE,D,20181107,000000,3.4,3.5,3.2,3.2,0,0
TPE_PE,D,20181108,000000,3.2,3.3,3.1,3.1,0,0
TPE_PE,D,20181109,000000,3.1,3.1,3.1,3.1,0,0
TPE_PE,D,20181113,000000,3.1,3.1,3.1,3.1,0,0
TPE_PE,D,20181114,000000,3.1,3.3,3.1,3.3,0,0
TPE_PE,D,20181115,000000,3.3,3.5,3.3,3.4,0,0
TPE_PE,D,20181116,000000,3.4,3.5,3.3,3.5,0,0
TPE_PE,D,20181119,000000,3.5,3.7,3.5,3.6,0,0
TPE_PE,D,20181120,000000,3.6,3.6,3.4,3.5,0,0
TPE_PE,D,20181121,000000,3.5,3.7,3.5,3.7,0,0
TPE_PE,D,20181122,000000,3.7,3.7,3.7,3.7,0,0
TPE_PE,D,20181123,000000,3.7,3.7,3.7,3.7,0,0
TPE_PE,D,20181126,000000,3.7,3.8,3.7,3.7,0,0
TPE_PE,D,20181127,000000,3.7,3.7,3.6,3.6,0,0
TPE_PE,D,20181128,000000,3.6,3.7,3.6,3.7,0,0
TPE_PE,D,20181129,000000,3.7,3.7,3.6,3.7,0,0
TPE_PE,D,20181130,000000,3.7,3.9,3.7,3.8,0,0
TPE_PE,D,20181203,000000,3.9,4,3.8,4,0,0
TPE_PE,D,20181204,000000,4,4.1,3.9,4.1,0,0
TPE_PE,D,20181205,000000,4.1,4.2,4,4,0,0
TPE_PE,D,20181206,000000,4,4,3.8,3.9,0,0
TPE_PE,D,20181207,000000,3.9,4,3.9,3.9,0,0
TPE_PE,D,20181210,000000,3.9,3.9,3.7,3.8,0,0
TPE_PE,D,20181211,000000,3.8,3.9,3.6,3.6,0,0
TPE_PE,D,20181212,000000,3.6,3.8,3.5,3.7,0,0
TPE_PE,D,20181213,000000,3.7,3.9,3.7,3.9,0,0
TPE_PE,D,20181214,000000,3.9,3.9,3.8,3.8,0,0
TPE_PE,D,20181217,000000,3.8,3.9,3.7,3.9,0,0
TPE_PE,D,20181218,000000,3.8,4,3.8,3.9,0,0
TPE_PE,D,20181219,000000,3.9,4,3.9,4,0,0
TPE_PE,D,20181220,000000,3.9,3.9,3.7,3.7,0,0
TPE_PE,D,20181221,000000,3.7,3.7,3.6,3.6,0,0
TPE_PE,D,20181227,000000,3.6,3.6,3.5,3.5,0,0
TPE_PE,D,20181228,000000,3.5,3.7,3.5,3.7,0,0
TPE_PE,D,20190102,000000,3.7,3.7,3.6,3.7,0,0
TPE_PE,D,20190103,000000,3.7,3.7,3.6,3.6,0,0
TPE_PE,D,20190104,000000,3.6,3.7,3.6,3.7,0,0
TPE_PE,D,20190107,000000,3.7,3.8,3.7,3.7,0,0
TPE_PE,D,20190108,000000,3.7,3.7,3.7,3.7,0,0
TPE_PE,D,20190109,000000,3.7,3.7,3.6,3.7,0,0
TPE_PE,D,20190110,000000,3.7,3.7,3.6,3.7,0,0
TPE_PE,D,20190111,000000,3.7,3.8,3.7,3.7,0,0
TPE_PE,D,20190114,000000,3.7,3.8,3.7,3.7,0,0
TPE_PE,D,20190115,000000,3.7,3.8,3.7,3.7,0,0
TPE_PE,D,20190116,000000,3.7,3.7,3.7,3.7,0,0
TPE_PE,D,20190117,000000,3.7,3.7,3.7,3.7,0,0
TPE_PE,D,20190118,000000,3.7,3.7,3.7,3.7,0,0
TPE_PE,D,20190121,000000,3.7,3.7,3.6,3.7,0,0
TPE_PE,D,20190122,000000,3.7,3.7,3.7,3.7,0,0
TPE_PE,D,20190123,000000,3.7,3.8,3.7,3.7,0,0
TPE_PE,D,20190124,000000,3.7,3.8,3.7,3.8,0,0
TPE_PE,D,20190125,000000,3.8,3.9,3.8,3.9,0,0
TPE_PE,D,20190128,000000,3.9,4,3.9,3.9,0,0
TPE_PE,D,20190129,000000,3.9,4,3.9,3.9,0,0
TPE_PE,D,20190130,000000,3.9,3.9,3.8,3.8,0,0
TPE_PE,D,20190131,000000,3.8,4,3.8,4,0,0
TPE_PE,D,20190201,000000,4,4,3.9,4,0,0
TPE_PE,D,20190204,000000,4,4.1,4,4,0,0
TPE_PE,D,20190205,000000,4,4.1,3.9,4.1,0,0
TPE_PE,D,20190206,000000,4.1,4.1,4.1,4.1,0,0
TPE_PE,D,20190207,000000,4.1,4.1,4,4,0,0
TPE_PE,D,20190208,000000,4,4.1,4,4,0,0
TPE_PE,D,20190211,000000,4,4,4,4,0,0
TPE_PE,D,20190212,000000,4,4,4,4,0,0
TPE_PE,D,20190213,000000,4,4,3.9,3.9,0,0
TPE_PE,D,20190214,000000,3.9,3.9,3.8,3.9,0,0
TPE_PE,D,20190215,000000,3.9,4,3.9,3.9,0,0
TPE_PE,D,20190218,000000,3.9,3.9,3.8,3.9,0,0
TPE_PE,D,20190219,000000,3.9,4,3.9,3.9,0,0
TPE_PE,D,20190220,000000,3.9,4,3.9,4,0,0
TPE_PE,D,20190221,000000,4,4.1,4,4.1,0,0
TPE_PE,D,20190222,000000,4.1,4.1,4,4,0,0
TPE_PE,D,20190225,000000,4,4,3.9,4,0,0
TPE_PE,D,20190226,000000,3.9,4,3.9,4,0,0
TPE_PE,D,20190227,000000,4,4,3.9,3.9,0,0
TPE_PE,D,20190228,000000,3.9,4,3.9,3.9,0,0
TPE_PE,D,20190301,000000,3.9,3.9,3.9,3.9,0,0
TPE_PE,D,20190304,000000,3.9,3.9,3.7,3.8,0,0
TPE_PE,D,20190305,000000,3.8,3.8,3.8,3.8,0,0
TPE_PE,D,20190306,000000,3.8,3.8,3.7,3.7,0,0
TPE_PE,D,20190307,000000,3.7,3.7,3.6,3.7,0,0
TPE_PE,D,20190308,000000,3.7,3.7,3.6,3.6,0,0
TPE_PE,D,20190311,000000,3.6,3.6,3.6,3.6,0,0
TPE_PE,D,20190312,000000,3.6,3.6,3.6,3.6,0,0
TPE_PE,D,20190313,000000,3.6,3.6,3.5,3.5,0,0
TPE_PE,D,20190314,000000,3.5,3.6,3.5,3.6,0,0
TPE_PE,D,20190315,000000,3.6,3.7,3.5,3.5,0,0
TPE_PE,D,20190318,000000,3.5,3.6,3.5,3.5,0,0
TPE_PE,D,20190319,000000,3.5,3.5,3.5,3.5,0,0
TPE_PE,D,20190320,000000,3.5,3.5,3.5,3.5,0,0
TPE_PE,D,20190321,000000,3.5,3.6,3.5,3.6,0,0
TPE_PE,D,20190322,000000,3.6,3.6,3.5,3.5,0,0
TPE_PE,D,20190325,000000,3.5,3.5,3.4,3.5,0,0
TPE_PE,D,20190326,000000,3.5,3.5,3.5,3.5,0,0
TPE_PE,D,20190327,000000,3.5,3.5,3.5,3.5,0,0
TPE_PE,D,20190328,000000,3.5,3.5,3.5,3.5,0,0
TPE_PE,D,20190329,000000,3.5,3.5,3.4,3.4,0,0
TPE_PE,D,20190401,000000,3.4,3.4,3.4,3.4,0,0
TPE_PE,D,20190402,000000,3.4,3.5,3.4,3.5,0,0
TPE_PE,D,20190403,000000,3.5,3.5,3.4,3.4,0,0
TPE_PE,D,20190404,000000,3.4,16.8,3.3,16.8,0,0
TPE_PE,D,20190405,000000,16.8,16.8,16.1,16.2,0,0
TPE_PE,D,20190408,000000,16.2,16.4,15.9,16,0,0
TPE_PE,D,20190409,000000,16.1,16.1,15.4,15.4,0,0
TPE_PE,D,20190410,000000,15.4,15.8,15.2,15.5,0,0
TPE_PE,D,20190411,000000,15.7,15.7,15.2,15.2,0,0
TPE_PE,D,20190412,000000,15.2,15.4,15.1,15.1,0,0
TPE_PE,D,20190415,000000,15.2,15.8,15,15.5,0,0
TPE_PE,D,20190416,000000,15.6,15.9,15.2,15.7,0,0
TPE_PE,D,20190417,000000,16,16.1,15.5,15.7,0,0
TPE_PE,D,20190418,000000,15.7,15.8,15.5,15.7,0,0
TPE_PE,D,20190423,000000,15.8,15.8,15.4,15.4,0,0
TPE_PE,D,20190424,000000,15.4,15.5,15.1,15.2,0,0
TPE_PE,D,20190425,000000,15.3,15.4,15.2,15.3,0,0
TPE_PE,D,20190426,000000,15.4,15.4,15.1,15.2,0,0
TPE_PE,D,20190429,000000,15.3,15.5,15.2,15.2,0,0
TPE_PE,D,20190430,000000,15.2,15.2,14.7,14.8,0,0
TPE_PE,D,20190502,000000,15.2,15.3,14.9,14.9,0,0
TPE_PE,D,20190506,000000,14.7,15.2,14.7,15,0,0
TPE_PE,D,20190507,000000,14.9,14.9,14.3,14.4,0,0
TPE_PE,D,20190508,000000,14.6,14.7,14.3,14.3,0,0
TPE_PE,D,20190509,000000,14.3,14.7,14.3,14.4,0,0
TPE_PE,D,20190510,000000,14.6,14.7,14.4,14.6,0,0
TPE_PE,D,20190513,000000,14.6,14.7,14.5,14.5,0,0
TPE_PE,D,20190514,000000,14.7,14.7,14.5,14.6,0,0
TPE_PE,D,20190515,000000,14.7,15.1,14.6,15,0,0
TPE_PE,D,20190516,000000,15.1,15.2,14.9,15,0,0
TPE_PE,D,20190517,000000,15,15,14.7,14.7,0,0
TPE_PE,D,20190520,000000,14.8,14.8,14,14.1,0,0
TPE_PE,D,20190521,000000,14.2,14.3,14.1,14.3,0,0
TPE_PE,D,20190522,000000,14.4,14.5,14.3,14.3,0,0
TPE_PE,D,20190523,000000,14.3,14.4,14.2,14.3,0,0
TPE_PE,D,20190524,000000,14.3,14.4,14.2,14.2,0,0
TPE_PE,D,20190527,000000,14.3,31.3,14.1,31.3,0,0
TPE_PE,D,20190528,000000,31.3,31.6,31.3,31.3,0,0
TPE_PE,D,20190529,000000,31.4,31.4,29.5,29.5,0,0
TPE_PE,D,20190530,000000,29.9,30.2,29.8,29.8,0,0
TPE_PE,D,20190531,000000,30.1,30.2,29.5,29.9,0,0
TPE_PE,D,20190603,000000,30,30.3,29.9,30.1,0,0
TPE_PE,D,20190604,000000,30.1,30.1,29.6,29.6,0,0
TPE_PE,D,20190605,000000,29.7,29.7,28.4,28.4,0,0
TPE_PE,D,20190606,000000,28.5,29,28.3,28.5,0,0
TPE_PE,D,20190607,000000,28.7,29.7,28.7,29.6,0,0
TPE_PE,D,20190610,000000,29.7,29.7,28.8,28.9,0,0
TPE_PE,D,20190611,000000,29.1,29.1,28.3,28.4,0,0
TPE_PE,D,20190612,000000,28.4,29.1,28.4,28.8,0,0
TPE_PE,D,20190613,000000,28.9,29.2,28.7,28.7,0,0
TPE_PE,D,20190614,000000,28.7,28.7,28.3,28.4,0,0
TPE_PE,D,20190617,000000,28.5,28.5,27.9,27.9,0,0
TPE_PE,D,20190618,000000,28,28.2,27.8,28.1,0,0
TPE_PE,D,20190619,000000,28.2,28.5,28.2,28.5,0,0
TPE_PE,D,20190621,000000,28.6,29.3,28.6,28.6,0,0
TPE_PE,D,20190624,000000,28.7,29.6,28.7,29.6,0,0
TPE_PE,D,20190625,000000,29.6,30.9,29.6,30.5,0,0
TPE_PE,D,20190626,000000,30.6,32.7,30.6,32.1,0,0
TPE_PE,D,20190627,000000,32.3,32.9,31.8,32.2,0,0
TPE_PE,D,20190628,000000,32.3,32.4,31.8,32.3,0,0
TPE_PE,D,20190701,000000,32.6,32.9,32.3,32.6,0,0
TPE_PE,D,20190702,000000,32.6,32.7,31.6,32.4,0,0
TPE_PE,D,20190703,000000,32.5,32.7,32.1,32.6,0,0
TPE_PE,D,20190704,000000,32.7,32.9,32.3,32.9,0,0
TPE_PE,D,20190705,000000,32.8,33.9,32.8,33.9,0,0
TPE_PE,D,20190708,000000,34,34.3,33.5,34,0,0
TPE_PE,D,20190709,000000,34.1,34.8,33.5,34.7,0,0
TPE_PE,D,20190710,000000,34.7,35.9,34.5,35.3,0,0
TPE_PE,D,20190711,000000,35.7,36,35.1,35.4,0,0
TPE_PE,D,20190712,000000,35.5,35.7,34.9,35.6,0,0
TPE_PE,D,20190715,000000,35.6,35.7,35.1,35.1,0,0
TPE_PE,D,20190716,000000,34.8,34.8,33.5,33.5,0,0
TPE_PE,D,20190717,000000,33.2,33.2,31.8,31.8,0,0
TPE_PE,D,20190718,000000,31.2,32.2,31.2,31.9,0,0
TPE_PE,D,20190719,000000,32.2,32.6,32.2,32.5,0,0
TPE_PE,D,20190722,000000,32.6,32.6,31.8,32.1,0,0
TPE_PE,D,20190723,000000,32.1,32.2,31.5,31.5,0,0
TPE_PE,D,20190724,000000,31.4,31.4,30.6,30.7,0,0
TPE_PE,D,20190725,000000,30.9,31.4,30.4,30.8,0,0
TPE_PE,D,20190726,000000,31,31,30.1,30.3,0,0
TPE_PE,D,20190729,000000,30.4,30.4,29.4,29.6,0,0
TPE_PE,D,20190730,000000,29.7,30,29.5,29.6,0,0
TPE_PE,D,20190731,000000,29.9,30.1,29.8,29.8,0,0
TPE_PE,D,20190801,000000,29.8,30.8,29.2,29.2,0,0
TPE_PE,D,20190802,000000,29.2,29.5,29,29.4,0,0
TPE_PE,D,20190805,000000,29.4,29.4,28.2,28.3,0,0
TPE_PE,D,20190806,000000,28.3,28.8,28.3,28.7,0,0
TPE_PE,D,20190807,000000,28.9,29,27.8,28.1,0,0
TPE_PE,D,20190808,000000,28.5,28.7,28.2,28.6,0,0
TPE_PE,D,20190809,000000,28.7,28.9,27.9,28.1,0,0
TPE_PE,D,20190812,000000,28.2,28.6,28,28.6,0,0
TPE_PE,D,20190813,000000,28.6,29.8,28.6,29.7,0,0
TPE_PE,D,20190814,000000,29.8,29.9,29.1,29.2,0,0
TPE_PE,D,20190816,000000,29.2,29.3,28,28.3,0,0
TPE_PE,D,20190819,000000,28.7,28.9,28.4,28.4,0,0
TPE_PE,D,20190820,000000,28.4,28.5,27.5,28,0,0
TPE_PE,D,20190821,000000,28.1,28.2,27.4,27.4,0,0
TPE_PE,D,20190822,000000,27.5,27.8,27.1,27.6,0,0
TPE_PE,D,20190823,000000,27.8,27.9,27.4,27.6,0,0
TPE_PE,D,20190826,000000,27.5,27.5,27.2,27.3,0,0
TPE_PE,D,20190827,000000,27.5,27.5,27,27.4,0,0
TPE_PE,D,20190828,000000,27.4,27.6,27,27.1,0,0
TPE_PE,D,20190829,000000,27.1,27.6,27.1,27.4,0,0
TPE_PE,D,20190830,000000,27.5,28.5,27.5,28.2,0,0
TPE_PE,D,20190902,000000,28.3,28.7,28.2,28.4,0,0
TPE_PE,D,20190903,000000,28.3,29.1,28.3,29,0,0
TPE_PE,D,20190904,000000,29.6,30,28.7,28.7,0,0
TPE_PE,D,20190905,000000,29,29.4,28.6,29.3,0,0
TPE_PE,D,20190906,000000,29.6,29.9,29.4,29.4,0,0
TPE_PE,D,20190909,000000,29.6,30.5,29.4,30.3,0,0
TPE_PE,D,20190910,000000,30.4,30.6,30.1,30.2,0,0
TPE_PE,D,20190911,000000,30.4,30.6,30.2,30.4,0,0
TPE_PE,D,20190912,000000,30.5,30.5,29.8,30.2,0,0
TPE_PE,D,20190913,000000,30.2,31.1,30.2,31.1,0,0
TPE_PE,D,20190916,000000,31.1,31.2,30.6,31.1,0,0
TPE_PE,D,20190917,000000,30.8,31.1,30.7,30.7,0,0
TPE_PE,D,20190918,000000,30.7,31.5,30.6,31.3,0,0
TPE_PE,D,20190919,000000,31.3,31.8,30.9,31.4,0,0
TPE_PE,D,20190920,000000,31.5,31.5,30.8,30.9,0,0
TPE_PE,D,20190923,000000,30.9,31.5,30,30.1,0,0
TPE_PE,D,20190924,000000,30.1,30.5,29.9,30.1,0,0
TPE_PE,D,20190925,000000,30,30.1,28.9,28.9,0,0
TPE_PE,D,20190926,000000,28.9,29.3,28.9,29.2,0,0
TPE_PE,D,20190927,000000,29.3,29.3,28.8,28.9,0,0
TPE_PE,D,20190930,000000,28.9,29.2,28.6,29.2,0,0
TPE_PE,D,20191001,000000,29.5,30.3,9.1,9.1,0,0
TPE_PE,D,20191002,000000,9,9.1,8.8,8.8,0,0
TPE_PE,D,20191003,000000,8.8,9.2,8.8,9.2,0,0
TPE_PE,D,20191004,000000,9.2,9.4,9.2,9.2,0,0
TPE_PE,D,20191007,000000,9.2,9.3,9.1,9.3,0,0
TPE_PE,D,20191008,000000,9.4,9.5,9.3,9.4,0,0
TPE_PE,D,20191009,000000,9.4,9.4,9.3,9.4,0,0
TPE_PE,D,20191010,000000,9.4,9.4,9.2,9.2,0,0
TPE_PE,D,20191011,000000,9.2,9.6,9.2,9.6,0,0
TPE_PE,D,20191014,000000,9.5,9.6,9.5,9.5,0,0
TPE_PE,D,20191015,000000,9.5,10,9.5,9.9,0,0
TPE_PE,D,20191016,000000,9.9,10.2,9.9,10.1,0,0
TPE_PE,D,20191017,000000,10.1,10.2,10,10.1,0,0
TPE_PE,D,20191018,000000,10,10.1,9.7,9.7,0,0
TPE_PE,D,20191021,000000,9.7,10,9.7,9.9,0,0
TPE_PE,D,20191022,000000,10,10.1,9.9,9.9,0,0
TPE_PE,D,20191023,000000,9.9,10,9.8,9.9,0,0
TPE_PE,D,20191024,000000,10,10,9.7,9.7,0,0
TPE_PE,D,20191025,000000,9.8,9.8,9.6,9.6,0,0
TPE_PE,D,20191028,000000,9.6,9.7,9.5,9.7,0,0
TPE_PE,D,20191029,000000,9.7,9.7,9.5,9.5,0,0
TPE_PE,D,20191030,000000,9.6,9.7,9.5,9.6,0,0
TPE_PE,D,20191031,000000,9.8,9.9,9.5,9.5,0,0
TPE_PE,D,20191104,000000,9.6,9.9,9.5,9.9,0,0
TPE_PE,D,20191105,000000,9.9,10.1,9.9,10,0,0
TPE_PE,D,20191106,000000,10,10.1,10,10.1,0,0
TPE_PE,D,20191107,000000,10.1,10.5,10.1,10.5,0,0
TPE_PE,D,20191108,000000,10.5,10.9,10.4,10.7,0,0
TPE_PE,D,20191112,000000,10.7,10.9,10.6,10.8,0,0
TPE_PE,D,20191113,000000,10.7,10.7,10.5,10.7,0,0
TPE_PE,D,20191114,000000,10.6,15.9,10.6,15.9,0,0
TPE_PE,D,20191115,000000,15.9,15.9,15.7,15.9,0,0
TPE_PE,D,20191118,000000,15.9,15.9,15.4,15.4,0,0
TPE_PE,D,20191119,000000,15.4,15.4,14.8,14.9,0,0
TPE_PE,D,20191120,000000,15,15,14.6,14.6,0,0
TPE_PE,D,20191121,000000,14.6,14.7,14.4,14.5,0,0
TPE_PE,D,20191122,000000,14.6,14.9,14.6,14.9,0,0
TPE_PE,D,20191125,000000,15,15.4,15,15.3,0,0
TPE_PE,D,20191126,000000,15.5,15.5,15.1,15.3,0,0
TPE_PE,D,20191127,000000,15.3,15.5,15,15,0,0
TPE_PE,D,20191128,000000,15.1,15.2,14.9,15.1,0,0
TPE_PE,D,20191129,000000,15,15.2,15,15.2,0,0
TPE_PE,D,20191202,000000,15.2,15.5,14.6,14.6,0,0
TPE_PE,D,20191203,000000,14.7,14.9,14.6,14.9,0,0
TPE_PE,D,20191204,000000,14.9,15,14.2,14.2,0,0
TPE_PE,D,20191205,000000,14.3,14.4,14.2,14.4,0,0
TPE_PE,D,20191206,000000,14.4,14.9,14.2,14.6,0,0
TPE_PE,D,20191209,000000,14.8,14.8,14.4,14.4,0,0
TPE_PE,D,20191210,000000,14.4,14.6,14.3,14.6,0,0
TPE_PE,D,20191211,000000,14.6,14.6,14.3,14.4,0,0
TPE_PE,D,20191212,000000,14.4,14.4,13.8,13.8,0,0
TPE_PE,D,20191213,000000,13.9,13.9,13,13.1,0,0
TPE_PE,D,20191216,000000,13.2,13.9,13.1,13.9,0,0
TPE_PE,D,20191217,000000,13.7,14.5,13.7,14.5,0,0
TPE_PE,D,20191218,000000,14.5,14.5,14.1,14.2,0,0
TPE_PE,D,20191219,000000,14,14.2,13.8,13.8,0,0
TPE_PE,D,20191220,000000,13.7,14,13.6,13.6,0,0
TPE_PE,D,20191223,000000,13.6,13.8,13.4,13.5,0,0
TPE_PE,D,20191227,000000,13.6,14,13.6,13.9,0,0
TPE_PE,D,20191230,000000,13.9,14,13.9,13.9,0,0
TPE_PE,D,20200102,000000,14.1,14.5,14,14.5,0,0
TPE_PE,D,20200103,000000,14.5,14.5,14.2,14.2,0,0
TPE_PE,D,20200107,000000,14.2,14.6,14.2,14.2,0,0
TPE_PE,D,20200108,000000,14.3,14.3,13.8,13.8,0,0
TPE_PE,D,20200109,000000,13.9,14.2,13.9,14,0,0
TPE_PE,D,20200110,000000,14.1,14.1,13.8,13.9,0,0
TPE_PE,D,20200113,000000,13.9,14,13.7,13.7,0,0
TPE_PE,D,20200114,000000,13.8,13.9,13.7,13.7,0,0
TPE_PE,D,20200115,000000,13.9,13.9,13.6,13.6,0,0
TPE_PE,D,20200116,000000,13.5,13.6,13.3,13.5,0,0
TPE_PE,D,20200117,000000,13.5,13.7,13.5,13.5,0,0
TPE_PE,D,20200120,000000,13.5,13.6,13.4,13.4,0,0
TPE_PE,D,20200121,000000,13.5,13.5,13.3,13.5,0,0
TPE_PE,D,20200122,000000,13.5,13.5,13,13,0,0
TPE_PE,D,20200123,000000,13,13,12.7,12.7,0,0
TPE_PE,D,20200124,000000,12.8,13.3,12.8,13.3,0,0
TPE_PE,D,20200127,000000,13.1,13.3,12.8,12.8,0,0
TPE_PE,D,20200128,000000,12.9,13.2,12.8,13.2,0,0
TPE_PE,D,20200129,000000,13.2,13.3,13,13.2,0,0
TPE_PE,D,20200130,000000,13.1,13.3,12.9,12.9,0,0
TPE_PE,D,20200131,000000,13,13,12.6,12.6,0,0
TPE_PE,D,20200203,000000,12.6,12.8,12.4,12.6,0,0
TPE_PE,D,20200204,000000,12.7,12.8,12.4,12.4,0,0
TPE_PE,D,20200205,000000,12.4,12.7,12.4,12.6,0,0
TPE_PE,D,20200206,000000,12.7,12.7,12.2,12.2,0,0
TPE_PE,D,20200207,000000,12.3,12.3,12.2,12.2,0,0
TPE_PE,D,20200210,000000,12.2,12.4,12.2,12.3,0,0
TPE_PE,D,20200211,000000,12.5,13,12.4,13,0,0
TPE_PE,D,20200212,000000,13.3,13.3,12.7,12.7,0,0
TPE_PE,D,20200213,000000,12.7,12.7,12.4,12.4,0,0
TPE_PE,D,20200214,000000,12.5,12.5,12.2,12.3,0,0
TPE_PE,D,20200217,000000,12.4,12.4,12.1,12.1,0,0
TPE_PE,D,20200218,000000,12.1,12.1,12,12.1,0,0
TPE_PE,D,20200219,000000,12.1,12.1,11.8,11.9,0,0
TPE_PE,D,20200220,000000,11.9,11.9,11.4,11.4,0,0
TPE_PE,D,20200221,000000,11.4,11.6,11.2,11.5,0,0
TPE_PE,D,20200224,000000,11.5,11.5,10.9,10.9,0,0
TPE_PE,D,20200225,000000,11,11,10.4,10.4,0,0
TPE_PE,D,20200226,000000,10.3,10.5,10.2,10.4,0,0
TPE_PE,D,20200227,000000,10.5,10.5,9.8,9.8,0,0
TPE_PE,D,20200228,000000,9.5,9.6,9.1,9.3,0,0
TPE_PE,D,20200302,000000,9.8,9.8,9.4,9.8,0,0
TPE_PE,D,20200303,000000,10.1,10.5,10,10.4,0,0
TPE_PE,D,20200304,000000,10.3,10.5,10.1,10.1,0,0
TPE_PE,D,20200305,000000,10.2,10.3,9.7,9.8,0,0
TPE_PE,D,20200306,000000,9.6,9.8,9.4,9.6,0,0
TPE_PE,D,20200309,000000,9.1,9.4,8.8,8.9,0,0
TPE_PE,D,20200310,000000,9.2,9.2,8.8,8.8,0,0
TPE_PE,D,20200311,000000,8.9,8.9,8.4,8.5,0,0
TPE_PE,D,20200312,000000,8.1,8.1,7.3,7.3,0,0
TPE_PE,D,20200313,000000,7.6,8,7.2,7.5,0,0
TPE_PE,D,20200316,000000,7.5,8.1,7,7.9,0,0
TPE_PE,D,20200317,000000,8.2,9.2,8,9.2,0,0
TPE_PE,D,20200318,000000,9.2,10.3,9,9.9,0,0
TPE_PE,D,20200319,000000,9.9,10.8,9.9,10.7,0,0
TPE_PE,D,20200320,000000,10.9,11.3,10.1,10.5,0,0
TPE_PE,D,20200323,000000,9.9,10.2,9.7,9.8,0,0
TPE_PE,D,20200324,000000,10.1,10.2,9.8,9.9,0,0
TPE_PE,D,20200325,000000,10.2,10.2,9.5,9.7,0,0
TPE_PE,D,20200326,000000,9.7,9.9,9.6,9.7,0,0
TPE_PE,D,20200327,000000,9.8,9.8,9.4,9.4,0,0
TPE_PE,D,20200330,000000,9.3,9.4,9.1,9.3,0,0
TPE_PE,D,20200331,000000,9.4,9.6,9.4,9.5,0,0
TPE_PE,D,20200401,000000,9.3,9.4,9.2,9.3,0,0
TPE_PE,D,20200402,000000,9.3,9.7,9.3,9.6,0,0
TPE_PE,D,20220331,000000,14.9,14.9,14.9,14.9,0,0
TPE_PE,D,20220401,000000,14.6,14.9,14.5,14.8,0,0
TPE_PE,D,20220404,000000,14.8,15.3,14.5,14.5,0,0
TPE_PE,D,20220405,000000,14.7,15,14.6,15,0,0
TPE_PE,D,20220406,000000,15.1,15.1,14.6,14.8,0,0
TPE_PE,D,20220407,000000,14.8,14.8,14.4,14.4,0,0
TPE_PE,D,20220408,000000,14.4,14.9,14.4,14.7,0,0
TPE_PE,D,20220411,000000,14.9,15.5,14.7,15.5,0,0
TPE_PE,D,20220412,000000,15.5,16.1,15.3,15.8,0,0
TPE_PE,D,20220413,000000,15.6,15.9,15.5,15.6,0,0
TPE_PE,D,20220414,000000,15.7,15.9,15.5,15.9,0,0
TPE_PE,D,20220419,000000,15.9,16.2,15.7,15.8,0,0
TPE_PE,D,20220420,000000,15.8,16,15.4,15.4,0,0
TPE_PE,D,20220421,000000,15.4,15.4,15,15,0,0
TPE_PE,D,20220422,000000,14.9,15.5,14.9,15.4,0,0
TPE_PE,D,20220425,000000,15.2,16.4,15.2,16.4,0,0
TPE_PE,D,20220426,000000,16.4,16.4,16.1,16.2,0,0
TPE_PE,D,20220427,000000,16.1,16.4,16.1,16.3,0,0
TPE_PE,D,20220428,000000,16.3,17.1,16.3,17.1,0,0
TPE_PE,D,20220429,000000,17.1,17.8,17.1,17.4,0,0
TPE_PE,D,20220502,000000,17.4,17.5,16.9,17,0,0
TPE_PE,D,20220504,000000,17,17.8,17,17.6,0,0
TPE_PE,D,20220505,000000,17.6,17.6,16.9,16.9,0,0
TPE_PE,D,20220506,000000,16.8,17.1,16.4,17,0,0
TPE_PE,D,20220509,000000,16.9,17.7,16.9,17.5,0,0
TPE_PE,D,20220510,000000,17.5,17.5,16.8,17.5,0,0
TPE_PE,D,20220511,000000,17.5,17.5,16.3,16.3,0,0
TPE_PE,D,20220512,000000,16.1,16.2,15.8,15.9,0,0
TPE_PE,D,20220513,000000,15.9,17,15.9,17,0,0
TPE_PE,D,20220516,000000,16.8,17.5,16.8,17.5,0,0
TPE_PE,D,20220517,000000,17.5,17.7,17,17,0,0
TPE_PE,D,20220518,000000,17,17.5,17,17.1,0,0
TPE_PE,D,20220519,000000,16.8,17.5,16.8,17.3,0,0
TPE_PE,D,20220520,000000,17.2,17.7,17.2,17.4,0,0
TPE_PE,D,20220523,000000,17.4,18.1,17.4,17.9,0,0
TPE_PE,D,20220524,000000,17.8,18.5,17.8,18.3,0,0
TPE_PE,D,20220525,000000,18.3,18.5,18.1,18.2,0,0
TPE_PE,D,20220526,000000,18.2,18.6,18,18.5,0,0
TPE_PE,D,20220527,000000,18.5,18.5,17.8,17.9,0,0
TPE_PE,D,20220530,000000,17.7,17.8,15,15,0,0
TPE_PE,D,20220531,000000,15,15,14.5,14.5,0,0
TPE_PE,D,20220601,000000,14.5,14.9,14.2,14.7,0,0
TPE_PE,D,20220602,000000,14.6,14.6,14.2,14.3,0,0
TPE_PE,D,20220603,000000,14.4,14.8,14.3,14.5,0,0
TPE_PE,D,20220606,000000,14.6,14.8,14.5,14.5,0,0
TPE_PE,D,20220607,000000,14.4,14.5,14.3,14.5,0,0
TPE_PE,D,20220608,000000,14.5,14.7,14,14.1,0,0
TPE_PE,D,20220609,000000,14.1,14.4,14.1,14.2,0,0
TPE_PE,D,20220610,000000,14,14.5,13.9,14.5,0,0
TPE_PE,D,20220613,000000,14.2,14.4,14,14.1,0,0
TPE_PE,D,20220614,000000,14.1,14.3,14,14.2,0,0
TPE_PE,D,20220615,000000,14,14.2,13.9,14.2,0,0
TPE_PE,D,20220617,000000,14,15.3,13.9,14.9,0,0
TPE_PE,D,20220620,000000,14.9,15.2,14.9,15.2,0,0
TPE_PE,D,20220621,000000,15.1,16,14.9,15,0,0
TPE_PE,D,20220622,000000,15,15,14.7,14.8,0,0
TPE_PE,D,20220623,000000,14.7,14.9,14.5,14.5,0,0
TPE_PE,D,20220624,000000,14.5,15,14.4,14.9,0,0
TPE_PE,D,20220627,000000,14.9,15.2,14.8,15.1,0,0
TPE_PE,D,20220628,000000,15.1,15.3,15,15.1,0,0
TPE_PE,D,20220629,000000,15,15.3,14.9,15.2,0,0
TPE_PE,D,20220630,000000,15.3,15.3,14.9,15.1,0,0
TPE_PE,D,20220701,000000,15.2,15.3,14.9,14.9,0,0
TPE_PE,D,20220704,000000,14.9,15.1,14.4,14.4,0,0
TPE_PE,D,20220705,000000,14.4,14.5,14,14.1,0,0
TPE_PE,D,20220706,000000,14.1,14.2,13.7,13.9,0,0
TPE_PE,D,20220707,000000,13.9,14.5,13.9,14.5,0,0
TPE_PE,D,20220708,000000,14.5,14.8,14.4,14.7,0,0
TPE_PE,D,20220711,000000,14.1,14.2,13.2,13.6,0,0
TPE_PE,D,20220712,000000,13.6,13.9,13.6,13.7,0,0
TPE_PE,D,20220713,000000,13.5,13.7,13.3,13.5,0,0
TPE_PE,D,20220714,000000,13.7,14.1,13.7,14.1,0,0
TPE_PE,D,20220715,000000,14.2,14.4,14.1,14.4,0,0
TPE_PE,D,20220718,000000,14.5,14.6,14.2,14.3,0,0
TPE_PE,D,20220719,000000,14.1,15.2,14.1,15.2,0,0
TPE_PE,D,20220720,000000,15.2,15.2,14.8,15,0,0
TPE_PE,D,20220721,000000,14.9,15,14.7,14.7,0,0
TPE_PE,D,20220722,000000,15,15,14.8,14.9,0,0
TPE_PE,D,20220725,000000,14.9,14.9,14.6,14.6,0,0
TPE_PE,D,20220726,000000,14.5,14.7,14.1,14.3,0,0
TPE_PE,D,20220727,000000,14.1,14.5,13.9,14.1,0,0
TPE_PE,D,20220728,000000,14.1,14.2,13.9,14,0,0
TPE_PE,D,20220729,000000,14,14.4,14,14.3,0,0
TPE_PE,D,20220801,000000,14.2,14.4,14.1,14.1,0,0
TPE_PE,D,20220802,000000,14,14.3,13.8,13.8,0,0
TPE_PE,D,20220803,000000,13.8,14,13.7,14,0,0
TPE_PE,D,20220804,000000,14,14,13.5,13.5,0,0
TPE_PE,D,20220805,000000,13.5,13.8,13.5,13.7,0,0
TPE_PE,D,20220808,000000,13.7,14,13.6,13.9,0,0
TPE_PE,D,20220809,000000,13.9,13.9,13.3,13.3,0,0
TPE_PE,D,20220810,000000,13.4,13.4,13.1,13.2,0,0
TPE_PE,D,20220811,000000,13.2,13.4,13.1,13.3,0,0
TPE_PE,D,20220812,000000,13.7,13.7,13.3,13.4,0,0
TPE_PE,D,20220816,000000,13.4,13.5,13.1,13.1,0,0
TPE_PE,D,20220817,000000,13.1,13.1,12.7,12.8,0,0
TPE_PE,D,20220818,000000,12.8,12.8,11.9,12,0,0
TPE_PE,D,20220819,000000,12,12.1,11.5,11.6,0,0
TPE_PE,D,20220822,000000,11.6,11.7,11.2,11.3,0,0
TPE_PE,D,20220823,000000,11.4,11.7,11.3,11.4,0,0
TPE_PE,D,20220824,000000,11.6,11.6,11.1,11.4,0,0
TPE_PE,D,20220825,000000,11.5,11.6,11.3,11.3,0,0
TPE_PE,D,20220826,000000,11.2,11.2,10.7,10.8,0,0
TPE_PE,D,20220829,000000,10.7,10.7,10.3,10.6,0,0
TPE_PE,D,20220830,000000,10.7,10.8,10,10.1,0,0
TPE_PE,D,20220831,000000,10.2,10.3,9.9,10.1,0,0
TPE_PE,D,20220901,000000,10.1,10.1,9.8,9.9,0,0
TPE_PE,D,20220902,000000,9.9,10.5,9.9,10.4,0,0
TPE_PE,D,20220905,000000,10.7,10.8,10.3,10.8,0,0
TPE_PE,D,20220906,000000,10.8,10.8,10.1,10.3,0,0
TPE_PE,D,20220907,000000,10.2,10.6,10,10.4,0,0
TPE_PE,D,20220908,000000,10.7,10.8,10.4,10.6,0,0
TPE_PE,D,20220909,000000,10.6,11.1,7.2,7.2,0,0
TPE_PE,D,20220912,000000,7.2,7.2,6.9,6.9,0,0
TPE_PE,D,20220913,000000,7,7,6.8,6.9,0,0
TPE_PE,D,20220914,000000,6.8,7,6.8,7,0,0
TPE_PE,D,20220915,000000,7,7.2,6.7,6.7,0,0
TPE_PE,D,20220916,000000,6.7,6.8,6.6,6.6,0,0
TPE_PE,D,20220919,000000,6.7,6.8,6.7,6.8,0,0
TPE_PE,D,20220920,000000,6.9,6.9,6.7,6.7,0,0
TPE_PE,D,20220921,000000,6.6,6.7,6.5,6.7,0,0
TPE_PE,D,20220922,000000,6.8,7,6.7,6.9,0,0
TPE_PE,D,20220923,000000,6.9,6.9,6.7,6.8,0,0
TPE_PE,D,20220926,000000,6.7,6.7,6.2,6.3,0,0
TPE_PE,D,20220927,000000,6.3,6.4,6.1,6.2,0,0
TPE_PE,D,20220928,000000,6.2,6.3,6,6.3,0,0
TPE_PE,D,20220929,000000,6.3,6.3,5.9,6,0,0
TPE_PE,D,20220930,000000,6,6.1,5.8,5.9,0,0
TPE_PE,D,20221003,000000,6,6.2,5.8,6.2,0,0
TPE_PE,D,20221004,000000,6.2,6.4,6,6.1,0,0
TPE_PE,D,20221005,000000,6.1,6.2,6,6.1,0,0
TPE_PE,D,20221006,000000,6.1,6.2,6.1,6.1,0,0
TPE_PE,D,20221007,000000,6.1,6.2,6,6.2,0,0
TPE_PE,D,20221010,000000,6.2,6.2,5.8,5.8,0,0
TPE_PE,D,20221011,000000,5.8,6,5.6,5.8,0,0
TPE_PE,D,20221012,000000,5.8,6,5.8,5.9,0,0
TPE_PE,D,20221013,000000,5.9,5.9,5.7,5.8,0,0
TPE_PE,D,20221014,000000,5.9,5.9,5.7,5.7,0,0
TPE_PE,D,20221017,000000,5.7,5.8,5.7,5.7,0,0
TPE_PE,D,20221018,000000,5.7,5.8,5.4,5.4,0,0
TPE_PE,D,20221019,000000,5.4,5.4,5.2,5.3,0,0
TPE_PE,D,20221020,000000,5.3,5.3,5.1,5.2,0,0
TPE_PE,D,20221021,000000,5.2,5.2,4.9,5,0,0
TPE_PE,D,20221024,000000,5,5.2,4.9,5.2,0,0
TPE_PE,D,20221025,000000,5.2,5.5,5.2,5.3,0,0
TPE_PE,D,20221026,000000,5.3,5.5,5.2,5.3,0,0
TPE_PE,D,20221027,000000,5.3,5.4,5.2,5.4,0,0
TPE_PE,D,20221028,000000,5.4,5.4,5.3,5.3,0,0
TPE_PE,D,20221031,000000,5.4,5.6,5.4,5.6,0,0
TPE_PE,D,20221102,000000,5.7,6,5.7,5.9,0,0
TPE_PE,D,20221103,000000,5.8,6.1,5.8,6.1,0,0
TPE_PE,D,20221104,000000,6.2,6.4,6.1,6.4,0,0
TPE_PE,D,20221107,000000,6.5,6.7,5.9,5.9,0,0
TPE_PE,D,20221108,000000,6,6.1,5.8,5.9,0,0
TPE_PE,D,20221109,000000,5.9,5.9,5.8,5.8,0,0
TPE_PE,D,20221110,000000,5.8,6.2,5.7,6.1,0,0
TPE_PE,D,20221114,000000,6.2,6.2,5.8,5.9,0,0
TPE_PE,D,20221115,000000,5.9,6,5.8,5.9,0,0
TPE_PE,D,20221116,000000,5.8,5.8,5.7,5.7,0,0
TPE_PE,D,20221117,000000,5.7,5.9,5.7,5.8,0,0
TPE_PE,D,20221118,000000,5.8,5.8,5.7,5.8,0,0
TPE_PE,D,20221121,000000,5.8,5.9,5.8,5.8,0,0
TPE_PE,D,20221122,000000,5.8,6,5.8,5.9,0,0
TPE_PE,D,20221123,000000,5.9,6.1,5.9,6,0,0
TPE_PE,D,20221124,000000,6,6,5.8,5.8,0,0
TPE_PE,D,20221125,000000,5.9,13.1,5.9,13.1,0,0
TPE_PE,D,20221128,000000,13.2,13.2,12.8,12.9,0,0
TPE_PE,D,20221129,000000,12.9,12.9,12.7,12.9,0,0
TPE_PE,D,20221130,000000,12.9,13.1,12.8,13,0,0
TPE_PE,D,20221201,000000,13.1,13.6,13.1,13.5,0,0
TPE_PE,D,20221202,000000,13.5,13.6,13.2,13.3,0,0
TPE_PE,D,20221205,000000,13.4,13.5,13.4,13.4,0,0
TPE_PE,D,20221206,000000,13.4,13.5,13.2,13.3,0,0
TPE_PE,D,20221207,000000,13.3,13.6,13.3,13.5,0,0
TPE_PE,D,20221208,000000,13.5,13.8,13.4,13.6,0,0
TPE_PE,D,20221209,000000,13.7,13.7,13.1,13.3,0,0
TPE_PE,D,20221212,000000,13.4,13.5,13.2,13.4,0,0
TPE_PE,D,20221213,000000,13.4,13.5,13.2,13.5,0,0
TPE_PE,D,20221214,000000,13.5,13.5,13.4,13.4,0,0
TPE_PE,D,20221215,000000,13.4,13.4,13,13,0,0
TPE_PE,D,20221216,000000,13,13.4,12.9,13,0,0
TPE_PE,D,20221219,000000,13.1,13.6,13.1,13.4,0,0
TPE_PE,D,20221220,000000,13.4,13.5,13.3,13.5,0,0
TPE_PE,D,20221221,000000,13.6,13.6,13.4,13.6,0,0
TPE_PE,D,20221222,000000,13.6,13.6,13.2,13.4,0,0
TPE_PE,D,20221223,000000,13.4,13.4,13.2,13.2,0,0
TPE_PE,D,20221227,000000,13.3,13.3,12.9,13,0,0
TPE_PE,D,20221228,000000,12.9,13.3,12.9,13.2,0,0
TPE_PE,D,20221229,000000,13.2,13.4,13.2,13.4,0,0
TPE_PE,D,20221230,000000,13.4,13.5,13.3,13.5,0,0
TPE_PE,D,20230102,000000,13.5,13.7,13.5,13.6,0,0
TPE_PE,D,20230103,000000,13.6,14,13.6,13.7,0,0
TPE_PE,D,20230104,000000,13.7,14.1,13.7,14,0,0
TPE_PE,D,20230105,000000,14.1,14.3,14,14.1,0,0
TPE_PE,D,20230109,000000,14.3,14.4,13.6,13.8,0,0
TPE_PE,D,20230110,000000,13.8,13.8,13.4,13.6,0,0
TPE_PE,D,20230111,000000,13.6,14.1,13.6,13.8,0,0
TPE_PE,D,20230112,000000,13.9,14.5,13.9,14.3,0,0
TPE_PE,D,20230113,000000,14.5,14.5,14,14.2,0,0
TPE_PE,D,20230116,000000,14.2,14.2,13.9,13.9,0,0
TPE_PE,D,20230117,000000,13.9,14,13.8,14,0,0
TPE_PE,D,20230118,000000,14,14.3,13.9,14.1,0,0
TPE_PE,D,20230119,000000,14.1,14.1,13.8,14,0,0
TPE_PE,D,20230120,000000,14.1,14.1,13.9,13.9,0,0
TPE_PE,D,20230123,000000,13.9,14.7,13.9,14.7,0,0
TPE_PE,D,20230124,000000,14.7,15.5,14.7,14.8,0,0
TPE_PE,D,20230125,000000,14.8,14.8,14.5,14.8,0,0
TPE_PE,D,20230126,000000,14.9,15,14.7,14.8,0,0
TPE_PE,D,20230127,000000,14.8,14.9,14.5,14.6,0,0
TPE_PE,D,20230130,000000,14.6,14.7,14.4,14.7,0,0
TPE_PE,D,20230131,000000,14.8,15.2,14.7,15,0,0
TPE_PE,D,20230201,000000,15,15,14.2,14.3,0,0
TPE_PE,D,20230202,000000,14.6,14.7,14.3,14.3,0,0
TPE_PE,D,20230203,000000,14.3,14.3,13.9,14,0,0
TPE_PE,D,20230206,000000,14,14,13.8,13.8,0,0
TPE_PE,D,20230207,000000,13.7,13.9,13.7,13.9,0,0
TPE_PE,D,20230208,000000,14,14.1,13.9,14,0,0
TPE_PE,D,20230209,000000,14,14.1,13.9,14,0,0
TPE_PE,D,20230210,000000,14,14,13.5,13.8,0,0
TPE_PE,D,20230213,000000,13.8,13.8,13.4,13.5,0,0
TPE_PE,D,20230214,000000,13.6,13.6,13.4,13.4,0,0
TPE_PE,D,20230215,000000,13.4,13.6,13.3,13.5,0,0
TPE_PE,D,20230216,000000,13.6,13.8,13.5,13.7,0,0
TPE_PE,D,20230217,000000,13.7,13.8,13.6,13.8,0,0
TPE_PE,D,20230220,000000,13.9,13.9,13.6,13.9,0,0
TPE_PE,D,20230221,000000,13.8,13.8,13.5,13.6,0,0
TPE_PE,D,20230222,000000,13.6,13.6,13.2,13.3,0,0
TPE_PE,D,20230223,000000,13.4,13.8,13.4,13.8,0,0
TPE_PE,D,20230224,000000,13.8,13.8,13.5,13.6,0,0
TPE_PE,D,20230227,000000,13.6,13.7,13.4,13.6,0,0
TPE_PE,D,20230228,000000,13.6,13.7,13.3,13.7,0,0
TPE_PE,D,20230301,000000,13.5,13.8,13.5,13.6,0,0
TPE_PE,D,20230302,000000,13.5,13.5,13.1,13.1,0,0
TPE_PE,D,20230303,000000,13.2,13.2,12.9,13.2,0,0
TPE_PE,D,20230306,000000,13.2,13.4,13.1,13.2,0,0
TPE_PE,D,20230307,000000,13.2,13.3,13,13.1,0,0
TPE_PE,D,20230308,000000,13.1,13.1,12.8,13,0,0
TPE_PE,D,20230309,000000,13,13.3,13,13.3,0,0
TPE_PE,D,20230310,000000,13.2,13.2,12.8,13.1,0,0
TPE_PE,D,20230313,000000,13.1,13.2,12.7,12.9,0,0
TPE_PE,D,20230314,000000,12.8,12.9,12.6,12.8,0,0
TPE_PE,D,20230315,000000,12.9,13,12.3,12.3,0,0
TPE_PE,D,20230316,000000,12.3,12.4,11.8,12.4,0,0
TPE_PE,D,20230317,000000,12.5,12.6,12,12,0,0
TPE_PE,D,20230320,000000,12,12.1,11.7,12.1,0,0
TPE_PE,D,20230321,000000,12.2,12.6,12.2,12.5,0,0
TPE_PE,D,20230322,000000,12.6,12.6,12.3,12.4,0,0
TPE_PE,D,20230323,000000,12.4,12.4,12.1,12.4,0,0
TPE_PE,D,20230324,000000,12.2,12.3,12,12.1,0,0
TPE_PE,D,20230327,000000,12.1,12.2,12,12,0,0
TPE_PE,D,20230328,000000,12,12.1,11.7,11.7,0,0
TPE_PE,D,20230329,000000,11.7,11.9,11.5,11.8,0,0
TPE_PE,D,20230330,000000,12,12.6,12,12.6,0,0
TPE_PE,D,20230907,000000,5.8,5.8,5.8,5.8,0,0
TPE_PE,D,20230908,000000,5.889,6.031,5.881,6,0,0
TPE_PE,D,20230911,000000,6.033,6.258,6.016,6.1,0,0
TPE_PE,D,20230912,000000,6.1,6.114,5.9,5.9,0,0
TPE_PE,D,20230913,000000,5.955,6.008,5.85,6,0,0
TPE_PE,D,20230914,000000,6.003,6.109,5.997,6.1,0,0
TPE_PE,D,20230915,000000,6.1,6.1,5.974,6,0,0
TPE_PE,D,20230918,000000,6,6,5.75,5.9,0,0
TPE_PE,D,20230919,000000,5.979,5.979,5.854,5.9,0,0
TPE_PE,D,20230920,000000,5.897,6.1,5.852,6.1,0,0
TPE_PE,D,20230921,000000,6.007,6.075,5.9,5.9,0,0
TPE_PE,D,20230922,000000,5.884,5.884,5.675,5.8,0,0
TPE_PE,D,20230925,000000,5.722,5.768,5.651,5.7,0,0
TPE_PE,D,20230926,000000,5.638,5.811,5.638,5.8,0,0
TPE_PE,D,20230927,000000,5.778,5.827,5.697,5.7,0,0
TPE_PE,D,20230928,000000,5.658,5.7,5.501,5.6,0,0
TPE_PE,D,20230929,000000,5.581,5.759,5.567,5.7,0,0
TPE_PE,D,20231002,000000,5.631,5.7,5.5,5.5,0,0
TPE_PE,D,20231003,000000,5.478,5.5,5.131,5.3,0,0
TPE_PE,D,20231004,000000,5.289,5.357,5.209,5.3,0,0
TPE_PE,D,20231005,000000,5.293,5.335,5.2,5.2,0,0
TPE_PE,D,20231006,000000,5.181,5.181,4.951,5.1,0,0
TPE_PE,D,20231009,000000,5.045,5.274,5.045,5.2,0,0
TPE_PE,D,20231010,000000,5.202,5.6,5.202,5.6,0,0
TPE_PE,D,20231011,000000,5.63,5.774,5.63,5.7,0,0
TPE_PE,D,20231012,000000,5.739,5.773,5.611,5.7,0,0
TPE_PE,D,20231013,000000,5.702,5.883,5.634,5.8,0,0
TPE_PE,D,20231016,000000,5.881,5.881,5.498,5.7,0,0
TPE_PE,D,20231017,000000,5.7,6.199,5.7,6,0,0
TPE_PE,D,20231018,000000,5.929,6.064,5.924,6,0,0
TPE_PE,D,20231019,000000,5.972,5.972,5.6,5.6,0,0
TPE_PE,D,20231020,000000,5.6,5.858,5.534,5.7,0,0
TPE_PE,D,20231023,000000,5.683,5.819,5.615,5.8,0,0
TPE_PE,D,20231024,000000,5.81,5.901,5.761,5.9,0,0
TPE_PE,D,20231025,000000,5.886,6.142,5.886,6.1,0,0
TPE_PE,D,20231026,000000,5.952,6.101,5.9,5.9,0,0
TPE_PE,D,20231027,000000,5.941,5.964,5.867,5.9,0,0
TPE_PE,D,20231030,000000,5.914,6.008,5.827,5.9,0,0
TPE_PE,D,20231031,000000,5.941,5.958,5.8,5.8,0,0
TPE_PE,D,20231102,000000,5.804,6,5.8,6,0,0
TPE_PE,D,20231103,000000,6,6.252,6,6.2,0,0
TPE_PE,D,20231106,000000,6.216,6.31,6.132,6.2,0,0
TPE_PE,D,20231107,000000,6.17,6.232,6,6,0,0
TPE_PE,D,20231108,000000,6.029,6.032,5.853,6,0,0
TPE_PE,D,20231109,000000,6.008,6.09,5.9,5.9,0,0
TPE_PE,D,20231110,000000,5.862,5.961,5.725,5.8,0,0
TPE_PE,D,20231113,000000,5.8,5.8,5.572,5.6,0,0
TPE_PE,D,20231114,000000,5.634,5.814,5.523,5.8,0,0
TPE_PE,D,20231115,000000,5.835,5.975,5.663,5.7,0,0
TPE_PE,D,20231116,000000,5.716,5.91,5.651,5.8,0,0
TPE_PE,D,20231117,000000,5.8,5.988,5.758,5.8,0,0
TPE_PE,D,20231120,000000,5.786,5.956,5.786,5.9,0,0
TPE_PE,D,20231121,000000,5.903,5.971,5.756,5.9,0,0
TPE_PE,D,20231122,000000,5.924,5.924,5.8,5.8,0,0
TPE_PE,D,20231123,000000,5.814,5.932,3.8,3.8,0,0
TPE_PE,D,20231124,000000,3.811,4.042,3.771,4,0,0
TPE_PE,D,20231127,000000,3.978,4.212,3.978,4.2,0,0
TPE_PE,D,20231128,000000,4.203,4.3,4.178,4.3,0,0
TPE_PE,D,20231129,000000,4.3,4.3,4.163,4.2,0,0
TPE_PE,D,20231130,000000,4.171,4.297,4.121,4.2,0,0
TPE_PE,D,20231201,000000,4.201,4.404,4.2,4.4,0,0
TPE_PE,D,20231204,000000,4.4,4.523,4.397,4.4,0,0
TPE_PE,D,20231205,000000,4.332,4.463,4.332,4.4,0,0
TPE_PE,D,20231206,000000,4.39,4.425,4.269,4.3,0,0
TPE_PE,D,20231207,000000,4.304,4.304,4.137,4.2,0,0
TPE_PE,D,20231208,000000,4.201,4.252,4.192,4.2,0,0
TPE_PE,D,20231211,000000,4.17,4.187,4.083,4.1,0,0
TPE_PE,D,20231212,000000,4.107,4.107,3.962,4,0,0
TPE_PE,D,20231213,000000,4.004,4.011,3.958,4,0,0
TPE_PE,D,20231214,000000,4.041,4.184,4.041,4.1,0,0
TPE_PE,D,20231215,000000,4.094,4.094,3.911,4,0,0
TPE_PE,D,20231218,000000,4.064,4.088,3.9,3.9,0,0
TPE_PE,D,20231219,000000,3.971,4,3.903,4,0,0
TPE_PE,D,20231220,000000,4.012,4.094,4,4,0,0
TPE_PE,D,20231221,000000,3.977,4,3.925,4,0,0
TPE_PE,D,20231222,000000,4.019,4.041,3.965,4,0,0
TPE_PE,D,20231227,000000,3.99,4.029,3.9,3.9,0,0
TPE_PE,D,20231228,000000,3.9,3.928,3.825,3.9,0,0
TPE_PE,D,20231229,000000,3.884,3.884,3.751,3.8,0,0
TPE_PE,D,20240102,000000,3.8,3.856,3.757,3.8,0,0
TPE_PE,D,20240103,000000,3.864,3.864,3.656,3.7,0,0
TPE_PE,D,20240104,000000,3.687,3.769,3.687,3.7,0,0
TPE_PE,D,20240105,000000,3.705,3.721,3.629,3.7,0,0
TPE_PE,D,20240108,000000,3.731,3.731,3.628,3.7,0,0
TPE_PE,D,20240109,000000,3.719,3.8,3.667,3.8,0,0
TPE_PE,D,20240110,000000,3.791,3.83,3.774,3.8,0,0
TPE_PE,D,20240111,000000,3.793,3.793,3.6,3.6,0,0
TPE_PE,D,20240112,000000,3.591,3.7,3.591,3.7,0,0
TPE_PE,D,20240115,000000,3.682,3.684,3.6,3.6,0,0
TPE_PE,D,20240116,000000,3.597,3.6,3.523,3.6,0,0
TPE_PE,D,20240117,000000,3.599,3.599,3.427,3.5,0,0
TPE_PE,D,20240118,000000,3.512,3.625,3.5,3.5,0,0
TPE_PE,D,20240119,000000,3.481,3.6,3.481,3.6,0,0
TPE_PE,D,20240122,000000,3.634,3.634,3.55,3.6,0,0
TPE_PE,D,20240123,000000,3.593,3.6,3.514,3.6,0,0
TPE_PE,D,20240124,000000,3.639,3.719,3.62,3.7,0,0
TPE_PE,D,20240125,000000,3.7,3.743,3.68,3.7,0,0
TPE_PE,D,20240126,000000,3.69,3.717,3.635,3.7,0,0
TPE_PE,D,20240129,000000,3.666,3.686,3.6,3.6,0,0
TPE_PE,D,20240130,000000,3.601,3.674,3.555,3.6,0,0
TPE_PE,D,20240131,000000,3.6,3.7,3.598,3.7,0,0
TPE_PE,D,20240201,000000,3.73,3.911,3.73,3.9,0,0
TPE_PE,D,20240202,000000,3.913,4.011,3.88,3.9,0,0
TPE_PE,D,20240205,000000,3.92,3.969,3.852,3.9,0,0
TPE_PE,D,20240206,000000,3.918,3.944,3.867,3.9,0,0
TPE_PE,D,20240207,000000,3.9,3.94,3.851,3.9,0,0
TPE_PE,D,20240208,000000,3.948,3.948,3.7,3.7,0,0
TPE_PE,D,20240209,000000,3.72,3.72,3.656,3.7,0,0
TPE_PE,D,20240212,000000,3.69,3.8,3.69,3.8,0,0
TPE_PE,D,20240213,000000,3.798,3.8,3.696,3.7,0,0
TPE_PE,D,20240214,000000,3.7,3.8,3.633,3.8,0,0
TPE_PE,D,20240215,000000,3.771,3.8,3.6,3.6,0,0
TPE_PE,D,20240216,000000,3.603,3.637,3.57,3.6,0,0
TPE_PE,D,20240219,000000,3.603,3.8,3.603,3.8,0,0
TPE_PE,D,20240220,000000,3.851,3.918,3.8,3.8,0,0
TPE_PE,D,20240221,000000,3.803,3.803,3.665,3.7,0,0
TPE_PE,D,20240222,000000,3.729,3.729,3.6,3.6,0,0
TPE_PE,D,20240223,000000,3.598,3.644,3.592,3.6,0,0
TPE_PE,D,20240226,000000,3.61,3.61,3.537,3.6,0,0
TPE_PE,D,20240227,000000,3.636,3.7,3.598,3.7,0,0
TPE_PE,D,20240228,000000,3.7,3.7,3.6,3.6,0,0
TPE_PE,D,20240229,000000,3.6,3.729,3.6,3.7,0,0
TPE_PE,D,20240301,000000,3.715,3.733,3.6,3.6,0,0
TPE_PE,D,20240304,000000,3.601,3.601,3.263,3.284,0,0
TPE_PE,D,20240305,000000,3.291,3.291,3.101,3.2,0,0
TPE_PE,D,20240306,000000,3.2,3.241,3.1,3.1,0,0
TPE_PE,D,20240307,000000,3.108,3.108,3.011,3.1,0,0
TPE_PE,D,20240308,000000,3.118,3.2,3.104,3.2,0,0
TPE_PE,D,20240311,000000,3.209,3.231,3.152,3.2,0,0
TPE_PE,D,20240312,000000,3.21,3.21,3.1,3.1,0,0
TPE_PE,D,20240313,000000,3.1,3.2,3.071,3.2,0,0
TPE_PE,D,20240314,000000,3.196,3.23,3.159,3.2,0,0
TPE_PE,D,20240315,000000,3.197,3.197,3.136,3.161,0,0
TPE_PE,D,20240318,000000,3.188,3.205,3.1,3.1,0,0
TPE_PE,D,20240319,000000,3.102,3.2,3.082,3.2,0,0
TPE_PE,D,20240320,000000,3.184,3.185,3.1,3.1,0,0
TPE_PE,D,20240321,000000,3.124,3.132,3.083,3.1,0,0
TPE_PE,D,20240322,000000,3.091,3.137,3.091,3.1,0,0
TPE_PE,D,20240325,000000,3.106,3.2,3.088,3.2,0,0
TPE_PE,D,20240326,000000,3.191,3.191,3.091,3.1,0,0
TPE_PE,D,20240327,000000,3.105,3.113,3.048,3.1,0,0
TPE_PE,D,20240328,000000,3.121,3.121,3.087,3.1,0,0
TPE_PE,D,20240402,000000,3.141,3.209,3.141,3.2,0,0
TPE_PE,D,20240403,000000,3.236,3.236,3.1,3.1,0,0
TPE_PE,D,20240404,000000,3.1,3.2,3.1,3.2,0,0
TPE_PE,D,20240405,000000,3.21,3.216,3.1,3.1,0,0
TPE_PE,D,20240408,000000,3.1,3.13,3.08,3.1,0,0
TPE_PE,D,20240409,000000,3.1,3.142,3.086,3.1,0,0
TPE_PE,D,20240410,000000,3.058,3.1,2.894,3.1,0,0
TPE_PE,D,20240411,000000,3.12,3.189,3.1,3.1,0,0
TPE_PE,D,20240412,000000,3.118,3.135,2.964,3,0,0
TPE_PE,D,20240415,000000,3.026,3.026,2.9,2.9,0,0
TPE_PE,D,20240416,000000,2.901,2.915,2.837,2.9,0,0
TPE_PE,D,20240417,000000,2.913,2.913,2.873,2.9,0,0
TPE_PE,D,20240418,000000,2.91,3,2.876,3,0,0
TPE_PE,D,20240419,000000,3.002,3.103,2.974,3.1,0,0
TPE_PE,D,20240422,000000,3.114,3.114,3,3,0,0
TPE_PE,D,20240423,000000,3.01,3.012,2.943,3,0,0
TPE_PE,D,20240424,000000,2.995,3.002,2.944,3,0,0
TPE_PE,D,20240425,000000,3,3.015,2.9,2.9,0,0
TPE_PE,D,20240426,000000,2.924,3.124,2.924,3.1,0,0
TPE_PE,D,20240429,000000,3.1,3.1,3.008,3.1,0,0
TPE_PE,D,20240430,000000,3.087,3.117,3.054,3.1,0,0
TPE_PE,D,20240502,000000,3.1,3.142,3.086,3.111,0,0
TPE_PE,D,20240506,000000,3.1,3.217,3.067,3.2,0,0
TPE_PE,D,20240507,000000,3.27,3.608,3.27,3.4,0,0
TPE_PE,D,20240508,000000,3.395,3.418,3.338,3.4,0,0
TPE_PE,D,20240509,000000,3.478,3.629,3.455,3.6,0,0
TPE_PE,D,20240510,000000,3.662,3.865,3.599,3.6,0,0
TPE_PE,D,20240513,000000,3.706,3.795,3.578,3.6,0,0
TPE_PE,D,20240514,000000,3.621,3.9,3.621,3.9,0,0
TPE_PE,D,20240515,000000,3.9,3.9,3.6,3.6,0,0
TPE_PE,D,20240516,000000,3.623,3.8,3.537,3.8,0,0
TPE_PE,D,20240517,000000,3.78,3.844,3.758,3.8,0,0
TPE_PE,D,20240520,000000,3.82,4.151,3.809,4.1,0,0
TPE_PE,D,20240521,000000,4.058,4.147,4.03,4.1,0,0
TPE_PE,D,20240522,000000,4.092,4.2,4.065,4.2,0,0
TPE_PE,D,20240523,000000,4.181,5.8,4.004,5.8,0,0
TPE_PE,D,20240524,000000,5.762,5.827,5.69,5.8,0,0
TPE_PE,D,20240527,000000,5.804,5.889,5.7,5.7,0,0
TPE_PE,D,20240528,000000,5.724,5.724,5.59,5.7,0,0
TPE_PE,D,20240529,000000,5.727,5.906,5.727,5.8,0,0
TPE_PE,D,20240531,000000,5.782,6.145,5.782,6.1,0,0
TPE_PE,D,20240603,000000,6.103,6.136,6.02,6.1,0,0
TPE_PE,D,20240604,000000,6.102,6.102,5.966,6,0,0
TPE_PE,D,20240605,000000,5.919,6.029,5.906,6,0,0
TPE_PE,D,20240606,000000,6.002,6.08,5.949,6,0,0
TPE_PE,D,20240607,000000,5.957,5.999,5.868,5.9,0,0
TPE_PE,D,20240610,000000,5.897,5.925,5.812,5.9,0,0
TPE_PE,D,20240611,000000,5.9,5.9,5.697,5.7,0,0
TPE_PE,D,20240612,000000,5.755,5.9,5.73,5.9,0,0
TPE_PE,D,20240613,000000,5.846,5.861,5.774,5.8,0,0
TPE_PE,D,20240614,000000,5.8,5.806,5.707,5.8,0,0
TPE_PE,D,20240617,000000,5.771,5.908,5.771,5.8,0,0
TPE_PE,D,20240618,000000,5.766,5.876,5.753,5.8,0,0
TPE_PE,D,20240619,000000,5.799,6,5.799,6,0,0
TPE_PE,D,20240620,000000,5.965,6.054,5.9,5.9,0,0
TPE_PE,D,20240621,000000,5.851,5.961,5.845,5.9,0,0
TPE_PE,D,20240624,000000,5.87,5.964,5.867,5.9,0,0
TPE_PE,D,20240625,000000,5.894,5.919,5.802,5.9,0,0
TPE_PE,D,20240626,000000,5.894,5.942,5.8,5.8,0,0
TPE_PE,D,20240627,000000,5.816,5.979,5.803,5.9,0,0
TPE_PE,D,20240628,000000,5.9,5.948,5.882,5.9,0,0
TPE_PE,D,20240701,000000,5.974,6,5.939,6,0,0
TPE_PE,D,20240702,000000,5.987,5.987,5.87,5.9,0,0
TPE_PE,D,20240703,000000,5.907,6.076,5.907,6,0,0
TPE_PE,D,20240704,000000,5.988,6.011,5.885,5.9,0,0
TPE_PE,D,20240705,000000,5.9,5.9,5.764,5.8,0,0
TPE_PE,D,20240708,000000,5.801,5.807,5.701,5.8,0,0
TPE_PE,D,20240709,000000,5.81,5.913,5.771,5.9,0,0
TPE_PE,D,20240710,000000,5.888,5.903,5.8,5.8,0,0
TPE_PE,D,20240711,000000,5.792,5.83,5.744,5.8,0,0
TPE_PE,D,20240712,000000,5.797,5.81,5.747,5.8,0,0
TPE_PE,D,20240715,000000,5.8,5.8,5.7,5.7,0,0
TPE_PE,D,20240716,000000,5.7,5.717,5.573,5.6,0,0
TPE_PE,D,20240717,000000,5.652,5.7,5.448,5.7,0,0
TPE_PE,D,20240718,000000,5.7,5.706,5.641,5.7,0,0
TPE_PE,D,20240719,000000,5.7,5.716,5.61,5.7,0,0
TPE_PE,D,20240722,000000,5.702,5.702,5.594,5.7,0,0
TPE_PE,D,20240723,000000,5.685,5.685,5.6,5.6,0,0
TPE_PE,D,20240724,000000,5.57,5.623,5.563,5.6,0,0
TPE_PE,D,20240725,000000,5.524,5.6,5.484,5.6,0,0
TPE_PE,D,20240726,000000,5.612,5.7,5.603,5.7,0,0
TPE_PE,D,20240729,000000,5.688,5.742,5.674,5.7,0,0
TPE_PE,D,20240730,000000,5.631,5.706,5.631,5.7,0,0
TPE_PE,D,20240731,000000,5.7,5.711,5.651,5.7,0,0
TPE_PE,D,20240801,000000,5.7,5.712,5.6,5.6,0,0
TPE_PE,D,20240802,000000,5.583,5.7,5.523,5.7,0,0
TPE_PE,D,20240805,000000,5.508,5.508,5.2,5.3,0,0
TPE_PE,D,20240806,000000,5.324,5.384,5.01,5.1,0,0
TPE_PE,D,20240807,000000,5.136,5.198,4.989,5.1,0,0
TPE_PE,D,20240808,000000,5.1,5.2,5.018,5.2,0,0
TPE_PE,D,20240809,000000,5.262,5.392,5.2,5.2,0,0
TPE_PE,D,20240812,000000,5.2,5.427,5.2,5.4,0,0
TPE_PE,D,20240813,000000,5.406,5.466,5.385,5.4,0,0
TPE_PE,D,20240814,000000,5.439,5.5,5.4,5.5,0,0
TPE_PE,D,20240816,000000,5.476,5.7,5.476,5.7,0,0
TPE_PE,D,20240819,000000,5.698,5.746,5.6,5.6,0,0
TPE_PE,D,20240820,000000,5.603,5.603,5.478,5.5,0,0
TPE_PE,D,20240821,000000,5.49,5.5,5.423,5.5,0,0
TPE_PE,D,20240822,000000,5.501,5.548,5.465,5.5,0,0
TPE_PE,D,20240823,000000,5.49,5.512,5.415,5.5,0,0
TPE_PE,D,20240826,000000,5.5,5.617,5.5,5.5,0,0
TPE_PE,D,20240827,000000,5.469,5.558,5.444,5.5,0,0
TPE_PE,D,20240828,000000,5.475,5.484,5.215,5.3,0,0
TPE_PE,D,20240829,000000,5.299,5.394,5.252,5.3,0,0
TPE_PE,D,20240830,000000,5.31,5.389,5.3,5.3,0,0
TPE_PE,D,20240902,000000,5.267,5.645,5.215,5.606,0,0
TPE_PE,D,20240903,000000,5.591,5.692,5.5,5.5,0,0
TPE_PE,D,20240904,000000,5.456,5.5,5.337,5.5,0,0
TPE_PE,D,20240905,000000,5.452,5.506,5.393,5.4,0,0
TPE_PE,D,20240906,000000,5.477,5.477,5.2,5.2,0,0
TPE_PE,D,20240909,000000,5.23,5.258,5.069,5.1,0,0
TPE_PE,D,20240910,000000,5.109,5.165,5.021,5.1,0,0
TPE_PE,D,20240911,000000,5.145,5.161,4.977,5,0,0
TPE_PE,D,20240912,000000,5.078,5.128,5.041,5.12,0,0
TPE_PE,D,20250416,000000,14.4,14.4,14.4,14.4,0,0
TPE_PE,D,20250417,000000,14.813,15.782,14.813,15.3,0,0
TPE_PE,D,20250422,000000,14.984,16.765,14.984,16.5,0,0
TPE_PE,D,20250423,000000,16.5,17.015,16.014,16.7,0,0
TPE_PE,D,20250424,000000,16.579,17.461,16.579,17.2,0,0
TPE_PE,D,20250425,000000,17.23,17.783,17.23,17.7,0,0
TPE_PE,D,20250428,000000,17.638,17.913,17.435,17.5,0,0
TPE_PE,D,20250429,000000,17.499,18,17.499,18,0,0
TPE_PE,D,20250430,000000,17.838,18.185,17.61,17.7,0,0
TPE_PE,D,20250502,000000,17.7,18.149,17.7,18.1,0,0
TPE_PE,D,20250505,000000,18.084,18.084,17.831,18,0,0
TPE_PE,D,20250506,000000,18.002,18.35,17.852,18.3,0,0
TPE_PE,D,20250507,000000,18.3,19.414,18.3,19.4,0,0
TPE_PE,D,20250508,000000,19.4,19.94,19.4,19.8,0,0
TPE_PE,D,20250509,000000,19.802,20,19.748,19.9,0,0
TPE_PE,D,20250512,000000,19.88,20.276,19.88,20,0,0
TPE_PE,D,20250513,000000,20.305,21.3,20.305,21.3,0,0
TPE_PE,D,20250514,000000,21.296,21.554,20.9,20.9,0,0
TPE_PE,D,20250515,000000,20.892,20.958,20.515,20.6,0,0
TPE_PE,D,20250516,000000,20.605,21.731,20.605,21.6,0,0
TPE_PE,D,20250519,000000,21.443,21.982,21.401,21.9,0,0
TPE_PE,D,20250520,000000,21.538,22.333,21.538,22.2,0,0
TPE_PE,D,20250521,000000,22.208,22.645,21.746,22.214,0,0
TPE_PE,D,20250522,000000,22.214,22.639,14.2,14.2,0,0
TPE_PE,D,20250523,000000,14.186,14.279,13.647,13.8,0,0
TPE_PE,D,20250526,000000,13.909,14.167,13.909,14.1,0,0
TPE_PE,D,20250527,000000,14.11,14.192,14.056,14.1,0,0
TPE_PE,D,20250528,000000,14.1,14.504,13.988,14.4,0,0
TPE_PE,D,20250529,000000,14.399,14.608,14,14,0,0
TPE_PE,D,20250530,000000,14.082,14.082,13.09,13.3,0,0
TPE_PE,D,20250602,000000,13.1,13.769,13.1,13.6,0,0
TPE_PE,D,20250603,000000,13.657,13.738,13.36,13.5,0,0
TPE_PE,D,20250604,000000,13.5,13.79,13.5,13.7,0,0
TPE_PE,D,20250605,000000,13.652,13.706,13.5,13.5,0,0
TPE_PE,D,20250606,000000,13.464,13.518,13.141,13.4,0,0
TPE_PE,D,20250609,000000,13.449,13.842,13.449,13.7,0,0
TPE_PE,D,20250610,000000,13.701,14.459,13.701,14.2,0,0
TPE_PE,D,20250611,000000,14.201,14.5,14.201,14.5,0,0
TPE_PE,D,20250612,000000,14.501,14.907,14.084,14.3,0,0
TPE_PE,D,20250613,000000,14.039,14.201,13.827,14.1,0,0
TPE_PE,D,20250616,000000,14.074,14.352,14.074,14.3,0,0
TPE_PE,D,20250617,000000,14.254,15.1,14.254,15.1,0,0
TPE_PE,D,20250618,000000,15.061,16.046,15.061,15.8,0,0
TPE_PE,D,20250620,000000,15.611,15.611,14.609,15.3,0,0
TPE_PE,D,20250623,000000,15.285,15.6,14.992,15.6,0,0
TPE_PE,D,20250624,000000,15.603,15.8,15.429,15.8,0,0
TPE_PE,D,20250625,000000,15.799,16.338,15.799,15.8,0,0
TPE_PE,D,20250626,000000,15.658,16.1,15.658,16.1,0,0
TPE_PE,D,20250627,000000,16.076,16.076,15.801,15.9,0,0
TPE_PE,D,20250630,000000,15.915,16.3,15.915,16.3,0,0
TPE_PE,D,20250701,000000,16.276,16.815,16.272,16.4,0,0
TPE_PE,D,20250702,000000,16.4,16.4,16,16,0,0
TPE_PE,D,20250703,000000,16.02,16.5,16.02,16.5,0,0
TPE_PE,D,20250704,000000,16.502,16.502,16.258,16.4,0,0
TPE_PE,D,20250707,000000,16.396,17.007,16.31,17,0,0
TPE_PE,D,20250708,000000,17.001,17.012,16.4,16.4,0,0
TPE_PE,D,20250709,000000,16.462,16.766,16.365,16.7,0,0
TPE_PE,D,20250710,000000,16.795,16.795,16.382,16.6,0,0
TPE_PE,D,20250711,000000,16.599,16.831,16.561,16.8,0,0
TPE_PE,D,20250714,000000,16.976,17.284,16.706,17.1,0,0
TPE_PE,D,20250715,000000,17.1,17.321,16.934,17,0,0
TPE_PE,D,20250716,000000,16.893,17.421,16.893,17.2,0,0
TPE_PE,D,20250717,000000,17.2,17.2,16.833,17.2,0,0
TPE_PE,D,20250718,000000,17.201,17.263,16.726,16.9,0,0
TPE_PE,D,20250721,000000,16.793,17.017,16.762,17,0,0
TPE_PE,D,20250722,000000,16.871,16.871,16.585,16.7,0,0
TPE_PE,D,20250723,000000,16.686,17.182,16.686,17.1,0,0
TPE_PE,D,20250724,000000,17.047,17.047,16.683,16.9,0,0
TPE_PE,D,20250725,000000,16.672,16.969,16.637,16.8,0,0
TPE_PE,D,20250728,000000,16.649,16.707,15.924,16.3,0,0
TPE_PE,D,20250729,000000,16.301,16.464,16.197,16.2,0,0
TPE_PE,D,20250730,000000,16.201,16.3,16.054,16.3,0,0
TPE_PE,D,20250731,000000,16.216,16.247,15.965,16.1,0,0
TPE_PE,D,20250801,000000,16.026,16.026,15.71,15.9,0,0
TPE_PE,D,20250804,000000,15.85,15.85,15.152,15.6,0,0
TPE_PE,D,20250805,000000,15.464,15.773,15.448,15.7,0,0
TPE_PE,D,20250806,000000,15.695,16.157,15.692,16.1,0,0
TPE_PE,D,20250807,000000,16.108,16.178,15.857,15.9,0,0
TPE_PE,D,20250808,000000,15.877,15.974,15.68,15.8,0,0
TPE_PE,D,20250811,000000,15.721,16.395,15.5,16.2,0,0
TPE_PE,D,20250812,000000,16.232,16.949,16.221,16.9,0,0
TPE_PE,D,20250813,000000,16.903,17.054,16.019,16.1,0,0
TPE_PE,D,20250814,000000,16.101,16.221,15.721,15.9,0,0
TPE_PE,D,20250818,000000,15.888,16.5,15.718,16.5,0,0
TPE_PE,D,20250819,000000,16.357,16.911,16.357,16.9,0,0
TPE_PE,D,20250820,000000,16.68,16.788,16.432,16.7,0,0
TPE_PE,D,20250821,000000,16.572,16.8,16.502,16.8,0,0
TPE_PE,D,20250822,000000,16.644,17.004,16.257,16.3,0,0
TPE_PE,D,20250825,000000,16.301,16.684,16.05,16.6,0,0
TPE_PE,D,20250826,000000,16.601,16.805,16.389,16.8,0,0
TPE_PE,D,20250827,000000,16.651,16.782,16.382,16.5,0,0
TPE_PE,D,20250828,000000,16.499,17.316,16.441,17.2,0,0
TPE_PE,D,20250829,000000,17.201,17.201,15.975,16.3,0,0
TPE_PE,D,20250901,000000,16.345,16.611,14.759,15.3,0,0
TPE_PE,D,20250902,000000,15.301,15.359,14.875,15.3,0,0
TPE_PE,D,20250903,000000,15.437,15.778,15.352,15.7,0,0
TPE_PE,D,20250904,000000,15.705,16.654,15.635,16.6,0,0
TPE_PE,D,20250905,000000,16.618,18.124,16.618,18.1,0,0
TPE_PE,D,20250908,000000,17.995,18.1,17.733,18.1,0,0
TPE_PE,D,20250909,000000,17.96,18.053,16.907,17,0,0
TPE_PE,D,20250910,000000,16.866,17.543,16.623,17.5,0,0
TPE_PE,D,20250911,000000,17.405,17.633,17.219,17.6,0,0
TPE_PE,D,20250912,000000,17.74,17.74,17.276,17.4,0,0
TPE_PE,D,20250915,000000,17.423,17.828,17.423,17.7,0,0
TPE_PE,D,20250916,000000,17.699,17.699,17.3,17.3,0,0
TPE_PE,D,20250917,000000,17.3,17.3,4.9,4.9,0,0
TPE_PE,D,20250918,000000,4.932,4.961,4.739,4.8,0,0
TPE_PE,D,20250919,000000,4.774,4.846,4.684,4.7,0,0
TPE_PE,D,20250922,000000,4.719,4.719,4.435,4.5,0,0
TPE_PE,D,20250923,000000,4.509,4.629,4.509,4.6,0,0
TPE_PE,D,20250924,000000,4.581,4.733,4.581,4.7,0,0
TPE_PE,D,20250925,000000,4.742,4.8,4.702,4.8,0,0
TPE_PE,D,20250926,000000,4.82,4.82,4.767,4.8,0,0
TPE_PE,D,20250929,000000,4.819,4.9,4.765,4.9,0,0
TPE_PE,D,20250930,000000,4.916,5.109,4.903,5.1,0,0
TPE_PE,D,20251001,000000,5.099,5.099,4.8,4.8,0,0
TPE_PE,D,20251002,000000,4.835,4.968,4.804,4.9,0,0
TPE_PE,D,20251003,000000,4.916,4.965,4.765,4.8,0,0
TPE_PE,D,20251006,000000,4.821,4.879,4.699,4.8,0,0
TPE_PE,D,20251007,000000,4.8,4.81,4.7,4.7,0,0
TPE_PE,D,20251008,000000,4.7,4.8,4.691,4.8,0,0
TPE_PE,D,20251009,000000,4.79,4.848,4.768,4.8,0,0
TPE_PE,D,20251010,000000,4.767,4.832,4.738,4.8,0,0
TPE_PE,D,20251013,000000,4.76,4.8,4.721,4.8,0,0
TPE_PE,D,20251014,000000,4.8,4.8,4.602,4.7,0,0
TPE_PE,D,20251015,000000,4.7,5.048,4.7,5,0,0
TPE_PE,D,20251016,000000,4.988,4.988,4.851,4.9,0,0
TPE_PE,D,20251017,000000,4.889,4.9,4.759,4.9,0,0
TPE_PE,D,20251020,000000,4.9,5.2,4.9,5.2,0,0
TPE_PE,D,20251021,000000,5.194,5.4,5.194,5.4,0,0
TPE_PE,D,20251022,000000,5.383,5.506,5.383,5.5,0,0
TPE_PE,D,20251023,000000,5.489,5.522,5.4,5.4,0,0
TPE_PE,D,20251024,000000,5.4,5.7,5.4,5.7,0,0
TPE_PE,D,20251027,000000,5.7,5.887,5.7,5.8,0,0
TPE_PE,D,20251028,000000,5.742,5.891,5.722,5.8,0,0
TPE_PE,D,20251029,000000,5.797,5.8,5.615,5.7,0,0
TPE_PE,D,20251030,000000,5.748,5.748,5.469,5.5,0,0
TPE_PE,D,20251031,000000,5.483,5.561,5.422,5.539,0,0
TPE_PE,D,20251103,000000,5.555,5.577,5.446,5.5,0,0
TPE_PE,D,20251104,000000,5.5,5.611,5.5,5.6,0,0
TPE_PE,D,20251105,000000,5.592,5.847,5.567,5.8,0,0
TPE_PE,D,20251106,000000,5.8,5.9,5.8,5.9,0,0
TPE_PE,D,20251107,000000,5.805,5.883,5.627,5.7,0,0
TPE_PE,D,20251110,000000,5.711,5.819,5.689,5.8,0,0
TPE_PE,D,20251112,000000,5.789,5.797,5.692,5.7,0,0
TPE_PE,D,20251113,000000,5.73,5.962,5.73,5.9,0,0
TPE_PE,D,20251114,000000,5.844,5.906,5.772,5.9,0,0
TPE_PE,D,20251117,000000,5.9,5.922,5.756,5.9,0,0
TPE_PE,D,20251118,000000,5.795,5.795,5.2,5.2,0,0
TPE_PE,D,20251119,000000,5.205,5.361,5.147,5.3,0,0
TPE_PE,D,20251120,000000,5.382,5.6,5.338,5.6,0,0
TPE_PE,D,20251121,000000,5.499,5.515,5.1,5.1,0,0
TPE_PE,D,20251124,000000,4.98,5.128,4.966,5,0,0
TPE_PE,D,20251125,000000,5.001,5.001,4.7,4.7,0,0
TPE_PE,D,20251126,000000,4.728,4.8,4.631,4.8,0,0
TPE_PE,D,20251127,000000,4.832,4.9,4.832,4.9,0,0
TPE_PE,D,20251128,000000,4.904,5.051,4.9,4.9,0,0
TPE_PE,D,20251201,000000,4.845,4.896,4.679,4.7,0,0
TPE_PE,D,20251202,000000,4.704,4.704,4.59,4.7,0,0
TPE_PE,D,20251203,000000,4.678,4.773,4.568,4.6,0,0
TPE_PE,D,20251204,000000,4.599,4.599,4.3,4.4,0,0
TPE_PE,D,20251205,000000,4.434,4.562,4.434,4.5,0,0
TPE_PE,D,20251208,000000,4.459,4.521,4.39,4.4,0,0
TPE_PE,D,20251209,000000,4.398,4.5,4.367,4.5,0,0
TPE_PE,D,20251210,000000,4.501,4.829,4.501,4.7,0,0
TPE_PE,D,20251211,000000,4.696,4.748,4.571,4.6,0,0
TPE_PE,D,20251212,000000,4.6,4.646,4.488,4.5,0,0
TPE_PE,D,20251215,000000,4.448,4.6,4.432,4.6,0,0
TPE_PE,D,20251216,000000,4.582,4.582,4.451,4.5,0,0
TPE_PE,D,20251217,000000,4.465,4.8,4.465,4.8,0,0
TPE_PE,D,20251218,000000,4.8,4.8,4.5,4.5,0,0
TPE_PE,D,20251219,000000,4.5,4.637,4.5,4.6,0,0
TPE_PE,D,20251222,000000,4.605,4.668,4.567,4.6,0,0
TPE_PE,D,20251223,000000,4.594,4.603,4.466,4.501,0,0
TPE_PE,D,20251229,000000,4.501,4.555,4.409,4.5,0,0
TPE_PE,D,20251230,000000,4.488,4.515,4.395,4.5,0,0
TPE_PE,D,20260102,000000,4.5,4.71,4.5,4.7,0,0
TPE_PE,D,20260105,000000,4.7,4.814,4.7,4.7,0,0
TPE_PE,D,20260107,000000,4.705,5,4.705,5,0,0
TPE_PE,D,20260108,000000,4.997,4.997,4.779,4.8,0,0
TPE_PE,D,20260109,000000,4.857,5.069,4.798,5,0,0
TPE_PE,D,20260112,000000,5,5.047,4.948,5,0,0
TPE_PE,D,20260113,000000,4.993,5.009,4.888,5,0,0
TPE_PE,D,20260114,000000,5,5.134,4.968,5.1,0,0
TPE_PE,D,20260115,000000,5.091,5.189,5.084,5.1,0,0
TPE_PE,D,20260116,000000,5.1,5.108,4.914,5,0,0
TPE_PE,D,20260119,000000,4.996,5.154,4.996,5,0,0
TPE_PE,D,20260120,000000,5,5,4.841,4.9,0,0
TPE_PE,D,20260121,000000,4.843,5.019,4.843,5,0,0
TPE_PE,D,20260122,000000,5.012,5.2,5.011,5.2,0,0
TPE_PE,D,20260123,000000,5.199,5.2,5.089,5.2,0,0
