<TICKER>,<PER>,<DATE>,<TIME>,<OPEN>,<HIGH>,<LOW>,<CLOSE>,<VOL>,<OPENINT>
WPL_MV,D,20150507,000000,747.283,747.283,747.283,747.283,0,0
WPL_MV,D,20150508,000000,759.66,760.085,748.354,750.06,0,0
WPL_MV,D,20150511,000000,757.944,757.944,747.283,747.283,0,0
WPL_MV,D,20150512,000000,749.414,749.414,745.143,745.143,0,0
WPL_MV,D,20150513,000000,743.215,746.213,732.334,732.334,0,0
WPL_MV,D,20150514,000000,734.464,744.074,726.995,744.074,0,0
WPL_MV,D,20150515,000000,736.604,751.553,736.604,751.553,0,0
WPL_MV,D,20150518,000000,754.745,757.944,743.438,743.438,0,0
WPL_MV,D,20150519,000000,740.874,743.215,740.874,743.004,0,0
WPL_MV,D,20150520,000000,741.935,755.823,741.935,743.004,0,0
WPL_MV,D,20150521,000000,757.944,757.944,747.495,747.495,0,0
WPL_MV,D,20150522,000000,741.298,757.52,741.298,743.438,0,0
WPL_MV,D,20150525,000000,755.389,755.389,755.389,755.389,0,0
WPL_MV,D,20150526,000000,744.074,744.074,744.074,744.074,0,0
WPL_MV,D,20150527,000000,736.825,841.388,736.825,841.388,0,0
WPL_MV,D,20150528,000000,840.18,843.584,836.556,841.388,0,0
WPL_MV,D,20150529,000000,833.162,844.792,833.162,842.616,0,0
WPL_MV,D,20150601,000000,840.18,843.814,836.556,841.388,0,0
WPL_MV,D,20150602,000000,840.18,841.388,835.348,841.388,0,0
WPL_MV,D,20150603,000000,835.348,842.616,835.348,839.701,0,0
WPL_MV,D,20150605,000000,838.982,838.982,837.773,837.773,0,0
WPL_MV,D,20150608,000000,837.285,842.616,837.285,842.616,0,0
WPL_MV,D,20150609,000000,837.773,837.773,837.773,837.773,0,0
WPL_MV,D,20150610,000000,837.773,840.18,835.837,836.806,0,0
WPL_MV,D,20150611,000000,840.18,840.18,835.837,836.556,0,0
WPL_MV,D,20150612,000000,838.982,838.982,836.556,836.556,0,0
WPL_MV,D,20150615,000000,842.616,842.616,837.773,837.773,0,0
WPL_MV,D,20150616,000000,837.773,841.388,834.868,841.388,0,0
WPL_MV,D,20150617,000000,842.616,842.616,838.982,840.18,0,0
WPL_MV,D,20150618,000000,841.388,843.814,841.388,842.136,0,0
WPL_MV,D,20150619,000000,841.388,845.032,834.868,834.868,0,0
WPL_MV,D,20150622,000000,835.588,840.18,835.588,837.773,0,0
WPL_MV,D,20150623,000000,842.616,842.616,837.773,837.773,0,0
WPL_MV,D,20150624,000000,838.022,845.032,838.022,841.877,0,0
WPL_MV,D,20150625,000000,840.18,842.616,840.18,840.18,0,0
WPL_MV,D,20150626,000000,837.773,837.773,836.317,837.285,0,0
WPL_MV,D,20150629,000000,823.239,823.239,778.685,815.982,0,0
WPL_MV,D,20150630,000000,811.378,815.982,811.378,815.252,0,0
WPL_MV,D,20150701,000000,815.252,844.553,815.252,844.064,0,0
WPL_MV,D,20150702,000000,844.553,845.512,828.09,843.814,0,0
WPL_MV,D,20150703,000000,843.814,845.512,827.842,835.348,0,0
WPL_MV,D,20150706,000000,829.307,845.032,824.456,845.032,0,0
WPL_MV,D,20150707,000000,835.348,840.18,835.348,835.348,0,0
WPL_MV,D,20150708,000000,842.616,842.616,835.348,835.348,0,0
WPL_MV,D,20150709,000000,837.773,837.773,828.09,835.348,0,0
WPL_MV,D,20150710,000000,835.348,842.357,834.14,835.348,0,0
WPL_MV,D,20150713,000000,840.18,840.18,823.239,830.026,0,0
WPL_MV,D,20150714,000000,831.466,832.203,823.239,829.307,0,0
WPL_MV,D,20150715,000000,829.307,837.773,829.307,837.773,0,0
WPL_MV,D,20150716,000000,840.18,869.481,837.773,864.407,0,0
WPL_MV,D,20150717,000000,859.806,886.92,859.806,886.69,0,0
WPL_MV,D,20150720,000000,883.776,883.776,876.516,883.776,0,0
WPL_MV,D,20150721,000000,883.776,892.961,876.516,892.961,0,0
WPL_MV,D,20150722,000000,893.449,893.449,888.856,893.449,0,0
WPL_MV,D,20150723,000000,891.034,893.449,886.431,888.617,0,0
WPL_MV,D,20150724,000000,893.449,895.875,891.034,895.875,0,0
WPL_MV,D,20150727,000000,899.517,899.517,891.034,891.282,0,0
WPL_MV,D,20150728,000000,891.523,900.236,891.523,895.875,0,0
WPL_MV,D,20150729,000000,895.875,899.517,895.404,895.404,0,0
WPL_MV,D,20150730,000000,895.404,895.875,895.404,895.875,0,0
WPL_MV,D,20150731,000000,895.875,910.4,895.875,910.4,0,0
WPL_MV,D,20150803,000000,910.4,920.093,910.4,920.093,0,0
WPL_MV,D,20150804,000000,920.093,920.093,895.875,895.875,0,0
WPL_MV,D,20150805,000000,895.875,912.835,895.875,909.201,0,0
WPL_MV,D,20150806,000000,909.201,914.034,898.301,906.767,0,0
WPL_MV,D,20150807,000000,906.767,906.767,895.875,899.517,0,0
WPL_MV,D,20150810,000000,899.517,899.517,895.875,895.875,0,0
WPL_MV,D,20150811,000000,895.875,898.301,891.034,895.875,0,0
WPL_MV,D,20150812,000000,895.875,895.875,891.282,892.5,0,0
WPL_MV,D,20150813,000000,892.5,898.301,892.5,895.875,0,0
WPL_MV,D,20150814,000000,893.449,895.875,891.034,892.5,0,0
WPL_MV,D,20150817,000000,891.034,895.875,891.034,894.667,0,0
WPL_MV,D,20150818,000000,894.667,898.301,894.667,898.301,0,0
WPL_MV,D,20150819,000000,900.716,900.716,894.667,897.083,0,0
WPL_MV,D,20150820,000000,897.083,897.083,895.404,897.083,0,0
WPL_MV,D,20150821,000000,895.404,904.35,893.707,897.083,0,0
WPL_MV,D,20150824,000000,895.875,895.875,859.557,871.665,0,0
WPL_MV,D,20150825,000000,871.665,887.888,871.665,883.776,0,0
WPL_MV,D,20150826,000000,883.776,884.983,878.933,883.776,0,0
WPL_MV,D,20150827,000000,890.802,890.802,887.4,888.617,0,0
WPL_MV,D,20150828,000000,895.875,910.4,895.635,910.4,0,0
WPL_MV,D,20150831,000000,907.753,912.835,906.767,910.4,0,0
WPL_MV,D,20150901,000000,910.4,915.251,896.603,915.251,0,0
WPL_MV,D,20150902,000000,910.4,917.676,898.781,910.4,0,0
WPL_MV,D,20150903,000000,915.251,946.727,907.983,946.727,0,0
WPL_MV,D,20150904,000000,946.727,956.16,944.302,951.328,0,0
WPL_MV,D,20150907,000000,945.506,951.57,937.034,939.468,0,0
WPL_MV,D,20150908,000000,932.193,937.034,914.291,915.251,0,0
WPL_MV,D,20150909,000000,915.251,933.414,915.251,920.093,0,0
WPL_MV,D,20150910,000000,920.582,932.193,920.582,932.193,0,0
WPL_MV,D,20150911,000000,939.468,939.468,916.478,916.478,0,0
WPL_MV,D,20150914,000000,910.4,915.251,886.431,915.251,0,0
WPL_MV,D,20150915,000000,915.251,915.251,903.151,904.848,0,0
WPL_MV,D,20150916,000000,907.495,917.676,905.807,917.676,0,0
WPL_MV,D,20150917,000000,907.983,907.983,885.462,888.617,0,0
WPL_MV,D,20150918,000000,903.151,903.151,893.937,901.444,0,0
WPL_MV,D,20150921,000000,907.983,915.251,907.983,915.251,0,0
WPL_MV,D,20150922,000000,917.676,923.716,910.658,921.31,0,0
WPL_MV,D,20150923,000000,921.31,924.944,921.31,924.944,0,0
WPL_MV,D,20150924,000000,924.944,938.265,924.944,938.265,0,0
WPL_MV,D,20150925,000000,923.965,961.268,923.965,949.629,0,0
WPL_MV,D,20150928,000000,949.629,952.783,932.193,944.302,0,0
WPL_MV,D,20150929,000000,922.74,946.727,920.093,944.302,0,0
WPL_MV,D,20150930,000000,950.339,956.418,944.302,956.418,0,0
WPL_MV,D,20151001,000000,958.838,958.838,951.57,956.418,0,0
WPL_MV,D,20151002,000000,944.302,956.418,944.302,956.418,0,0
WPL_MV,D,20151005,000000,956.418,956.418,944.778,956.418,0,0
WPL_MV,D,20151006,000000,962.468,962.468,953.749,962.23,0,0
WPL_MV,D,20151007,000000,962.23,963.44,947.931,962.23,0,0
WPL_MV,D,20151008,000000,962.23,962.23,957.39,962.23,0,0
WPL_MV,D,20151009,000000,961.268,971.664,947.931,965.623,0,0
WPL_MV,D,20151012,000000,966.109,966.109,963.669,963.669,0,0
WPL_MV,D,20151013,000000,962.468,962.468,950.6,955.932,0,0
WPL_MV,D,20151014,000000,963.669,963.669,951.822,952.783,0,0
WPL_MV,D,20151015,000000,951.57,956.16,951.57,956.16,0,0
WPL_MV,D,20151016,000000,956.16,961.268,953.016,961.268,0,0
WPL_MV,D,20151019,000000,954.473,961.268,954.473,958.114,0,0
WPL_MV,D,20151020,000000,960.049,961.268,954.473,960.049,0,0
WPL_MV,D,20151021,000000,951.822,960.049,951.822,960.049,0,0
WPL_MV,D,20151022,000000,958.838,961.011,958.838,960.049,0,0
WPL_MV,D,20151023,000000,956.418,963.669,956.418,963.44,0,0
WPL_MV,D,20151026,000000,963.669,980.61,963.669,978.199,0,0
WPL_MV,D,20151027,000000,978.199,992.723,978.199,984.255,0,0
WPL_MV,D,20151028,000000,983.04,990.798,980.61,988.853,0,0
WPL_MV,D,20151029,000000,988.853,989.34,972.15,989.34,0,0
WPL_MV,D,20151030,000000,987.881,987.881,981.844,987.881,0,0
WPL_MV,D,20151102,000000,975.778,987.881,975.778,987.881,0,0
WPL_MV,D,20151103,000000,987.881,995.872,987.881,995.872,0,0
WPL_MV,D,20151104,000000,993.452,1002.42,993.452,993.452,0,0
WPL_MV,D,20151105,000000,993.452,997.564,993.452,997.088,0,0
WPL_MV,D,20151106,000000,997.088,1002.42,987.881,992.723,0,0
WPL_MV,D,20151109,000000,1002.42,1002.42,980.61,990.312,0,0
WPL_MV,D,20151110,000000,987.881,987.881,978.442,983.04,0,0
WPL_MV,D,20151112,000000,990.312,992.723,987.881,987.881,0,0
WPL_MV,D,20151113,000000,982.321,987.881,982.321,985.461,0,0
WPL_MV,D,20151116,000000,968.272,985.461,955.198,966.109,0,0
WPL_MV,D,20151117,000000,968.519,968.519,966.109,966.109,0,0
WPL_MV,D,20151118,000000,966.109,967.3,959.067,966.109,0,0
WPL_MV,D,20151119,000000,966.109,968.519,964.155,966.109,0,0
WPL_MV,D,20151120,000000,964.889,970.949,964.155,967.071,0,0
WPL_MV,D,20151123,000000,966.109,966.109,963.669,966.109,0,0
WPL_MV,D,20151124,000000,966.109,968.272,946.242,966.109,0,0
WPL_MV,D,20151125,000000,966.109,966.109,957.39,966.109,0,0
WPL_MV,D,20151126,000000,966.109,974.32,966.109,966.328,0,0
WPL_MV,D,20151127,000000,966.328,966.328,965.623,966.109,0,0
WPL_MV,D,20151130,000000,966.109,966.824,959.324,966.109,0,0
WPL_MV,D,20151201,000000,960.049,966.109,960.049,962.23,0,0
WPL_MV,D,20151202,000000,946.98,965.623,946.98,963.44,0,0
WPL_MV,D,20151203,000000,963.44,966.109,955.932,964.889,0,0
WPL_MV,D,20151204,000000,965.623,965.623,937.034,951.57,0,0
WPL_MV,D,20151207,000000,942.613,968.519,942.613,958.838,0,0
WPL_MV,D,20151208,000000,944.553,966.109,944.553,950.6,0,0
WPL_MV,D,20151209,000000,949.144,953.749,934.869,946.727,0,0
WPL_MV,D,20151210,000000,924.944,939.468,924.944,928.817,0,0
WPL_MV,D,20151211,000000,927.351,927.351,850.123,872.404,0,0
WPL_MV,D,20151214,000000,883.776,883.776,838.982,847.457,0,0
WPL_MV,D,20151215,000000,844.553,875.54,844.553,875.54,0,0
WPL_MV,D,20151216,000000,875.54,909.201,875.54,895.875,0,0
WPL_MV,D,20151217,000000,911.867,920.093,898.549,920.093,0,0
WPL_MV,D,20151218,000000,898.301,931.952,898.301,929.297,0,0
WPL_MV,D,20151221,000000,929.297,939.468,926.153,934.626,0,0
WPL_MV,D,20151222,000000,939.468,944.302,934.626,941.876,0,0
WPL_MV,D,20151223,000000,939.701,967.3,939.701,956.418,0,0
WPL_MV,D,20151228,000000,964.889,968.519,950.339,968.519,0,0
WPL_MV,D,20151229,000000,968.519,968.519,946.98,946.98,0,0
WPL_MV,D,20151230,000000,953.987,966.824,953.987,966.109,0,0
WPL_MV,D,20160104,000000,956.418,956.418,938.265,944.302,0,0
WPL_MV,D,20160105,000000,949.397,949.397,949.397,949.397,0,0
WPL_MV,D,20160107,000000,944.302,944.302,932.193,944.302,0,0
WPL_MV,D,20160108,000000,944.302,944.302,927.6,944.077,0,0
WPL_MV,D,20160111,000000,944.302,944.302,920.582,927.6,0,0
WPL_MV,D,20160112,000000,920.582,932.193,920.582,932.193,0,0
WPL_MV,D,20160113,000000,932.193,934.626,921.061,934.626,0,0
WPL_MV,D,20160114,000000,920.582,920.582,911.627,920.093,0,0
WPL_MV,D,20160115,000000,920.093,928.56,895.875,923.716,0,0
WPL_MV,D,20160118,000000,920.093,920.093,891.523,909.201,0,0
WPL_MV,D,20160119,000000,905.559,905.559,884.504,900.716,0,0
WPL_MV,D,20160120,000000,900.236,907.983,875.3,907.983,0,0
WPL_MV,D,20160121,000000,907.983,907.983,871.665,871.665,0,0
WPL_MV,D,20160122,000000,871.906,883.776,861.982,861.982,0,0
WPL_MV,D,20160125,000000,905.079,905.079,871.665,895.875,0,0
WPL_MV,D,20160126,000000,866.824,883.776,866.824,883.526,0,0
WPL_MV,D,20160127,000000,866.824,881.359,860.766,880.621,0,0
WPL_MV,D,20160128,000000,883.776,932.193,883.776,927.351,0,0
WPL_MV,D,20160129,000000,903.632,938.265,903.632,938.265,0,0
WPL_MV,D,20160201,000000,915.251,930.984,915.251,930.984,0,0
WPL_MV,D,20160202,000000,920.333,932.193,920.333,926.872,0,0
WPL_MV,D,20160203,000000,932.193,932.193,932.193,932.193,0,0
WPL_MV,D,20160204,000000,934.626,941.876,934.626,937.034,0,0
WPL_MV,D,20160205,000000,940.672,941.876,939.468,940.672,0,0
WPL_MV,D,20160208,000000,944.302,944.302,919.125,944.302,0,0
WPL_MV,D,20160209,000000,944.302,944.302,912.835,927.6,0,0
WPL_MV,D,20160210,000000,932.193,934.626,932.193,932.441,0,0
WPL_MV,D,20160211,000000,937.034,937.034,920.822,932.193,0,0
WPL_MV,D,20160212,000000,934.626,937.034,934.364,934.364,0,0
WPL_MV,D,20160215,000000,934.364,934.626,920.333,932.193,0,0
WPL_MV,D,20160216,000000,934.626,934.626,929.786,929.786,0,0
WPL_MV,D,20160217,000000,920.093,929.786,920.093,929.786,0,0
WPL_MV,D,20160218,000000,920.093,934.626,908.223,924.944,0,0
WPL_MV,D,20160219,000000,927.351,939.468,927.351,939.216,0,0
WPL_MV,D,20160222,000000,941.876,949.144,941.876,941.876,0,0
WPL_MV,D,20160223,000000,944.302,944.302,941.876,944.302,0,0
WPL_MV,D,20160224,000000,951.57,951.57,944.302,944.302,0,0
WPL_MV,D,20160225,000000,944.302,944.302,932.93,944.077,0,0
WPL_MV,D,20160226,000000,932.441,956.418,932.441,953.987,0,0
WPL_MV,D,20160229,000000,953.987,958.838,947.931,958.838,0,0
WPL_MV,D,20160301,000000,961.268,965.851,951.57,961.268,0,0
WPL_MV,D,20160302,000000,962.468,962.468,952.532,962.468,0,0
WPL_MV,D,20160303,000000,962.468,962.468,956.418,956.646,0,0
WPL_MV,D,20160304,000000,949.629,962.468,949.629,957.628,0,0
WPL_MV,D,20160307,000000,961.973,961.973,934.626,947.698,0,0
WPL_MV,D,20160308,000000,944.302,949.144,944.302,949.144,0,0
WPL_MV,D,20160309,000000,946.727,964.641,946.727,964.641,0,0
WPL_MV,D,20160310,000000,965.137,984.255,961.487,961.487,0,0
WPL_MV,D,20160311,000000,961.744,968.519,952.532,952.532,0,0
WPL_MV,D,20160314,000000,963.669,963.669,946.727,962.468,0,0
WPL_MV,D,20160315,000000,961.268,961.268,950.339,950.339,0,0
WPL_MV,D,20160316,000000,950.339,962.468,950.339,961.011,0,0
WPL_MV,D,20160317,000000,961.268,966.585,960.763,966.585,0,0
WPL_MV,D,20160318,000000,968.519,985.461,966.824,979.424,0,0
WPL_MV,D,20160321,000000,978.199,978.199,968.996,971.188,0,0
WPL_MV,D,20160322,000000,969.473,983.04,969.473,983.04,0,0
WPL_MV,D,20160323,000000,986.695,1013.31,986.695,992.723,0,0
WPL_MV,D,20160324,000000,1007.27,1007.27,992.723,1004.85,0,0
WPL_MV,D,20160329,000000,1005.08,1012.12,992.985,997.564,0,0
WPL_MV,D,20160330,000000,997.564,1004.36,997.564,999.994,0,0
WPL_MV,D,20160331,000000,1002.42,1003.62,997.564,1003.62,0,0
WPL_MV,D,20160401,000000,998.779,1012.12,993.948,997.564,0,0
WPL_MV,D,20160404,000000,1000.71,1000.71,998.779,998.779,0,0
WPL_MV,D,20160405,000000,1001.94,1001.94,992.723,998.779,0,0
WPL_MV,D,20160406,000000,998.779,998.779,997.331,998.06,0,0
WPL_MV,D,20160407,000000,998.779,1044.79,998.779,1016.95,0,0
WPL_MV,D,20160408,000000,1024.21,1040.93,998.779,1040.44,0,0
WPL_MV,D,20160411,000000,1041.15,1073.61,1041.15,1065.37,0,0
WPL_MV,D,20160412,000000,1070.21,1138,1070.21,1113.55,0,0
WPL_MV,D,20160413,000000,1135.59,1136.81,1089.83,1089.83,0,0
WPL_MV,D,20160414,000000,1090.07,1113.79,1090.07,1101.47,0,0
WPL_MV,D,20160415,000000,1105.56,1105.8,1050.84,1065.37,0,0
WPL_MV,D,20160418,000000,1064.9,1064.9,1047.21,1049.14,0,0
WPL_MV,D,20160419,000000,1053.27,1086.92,1053.27,1085.94,0,0
WPL_MV,D,20160420,000000,1085.94,1090.78,1084.74,1089.59,0,0
WPL_MV,D,20160421,000000,1079.42,1079.42,1054.72,1064.9,0,0
WPL_MV,D,20160422,000000,1064.64,1064.64,1053.75,1062.7,0,0
WPL_MV,D,20160425,000000,1058.11,1077.47,1058.11,1077.47,0,0
WPL_MV,D,20160426,000000,1067.79,1077.72,1060.53,1060.53,0,0
WPL_MV,D,20160427,000000,1058.11,1058.11,1029.05,1038.72,0,0
WPL_MV,D,20160428,000000,1037.51,1079.91,1037.51,1073.83,0,0
WPL_MV,D,20160429,000000,1068.04,1089.59,1068.04,1089.59,0,0
WPL_MV,D,20160502,000000,1101.69,1101.69,1055.68,1100.49,0,0
WPL_MV,D,20160504,000000,1100.49,1113.55,1094.42,1113.55,0,0
WPL_MV,D,20160505,000000,1113.55,1113.55,1090.78,1090.78,0,0
WPL_MV,D,20160506,000000,1084.98,1084.98,1062.96,1062.96,0,0
WPL_MV,D,20160509,000000,1062.96,1062.96,1053.27,1060.53,0,0
WPL_MV,D,20160510,000000,1058.11,1061.74,1053.27,1053.27,0,0
WPL_MV,D,20160511,000000,1053.27,1081.83,1053.27,1081.83,0,0
WPL_MV,D,20160512,000000,1082.33,1096.86,1082.33,1096.86,0,0
WPL_MV,D,20160513,000000,1101.69,1162.22,1089.59,1162.22,0,0
WPL_MV,D,20160516,000000,1162.22,1202.18,1162.22,1196.13,0,0
WPL_MV,D,20160517,000000,1198.54,1208,1177.96,1177.96,0,0
WPL_MV,D,20160518,000000,1178.21,1203.39,1175.54,1197.33,0,0
WPL_MV,D,20160519,000000,1196.86,1196.86,1165.86,1165.86,0,0
WPL_MV,D,20160520,000000,1165.86,1173.12,1141.65,1161.97,0,0
WPL_MV,D,20160523,000000,1138.25,1138.25,1126.37,1126.37,0,0
WPL_MV,D,20160524,000000,1138,1138,1096.6,1125.18,0,0
WPL_MV,D,20160525,000000,1125.18,1125.18,1113.79,1117.44,0,0
WPL_MV,D,20160527,000000,1113.79,1125.18,1113.79,1114.28,0,0
WPL_MV,D,20160530,000000,1115.01,1137.79,1113.79,1135.34,0,0
WPL_MV,D,20160531,000000,1135.34,1138,1096.36,1133.17,0,0
WPL_MV,D,20160601,000000,1104.12,1113.79,1099.28,1113.79,0,0
WPL_MV,D,20160602,000000,1107.25,1129.77,1096.36,1123.48,0,0
WPL_MV,D,20160603,000000,1123.48,1138,1123.48,1130.74,0,0
WPL_MV,D,20160606,000000,1114.05,1137.3,1114.05,1116.47,0,0
WPL_MV,D,20160607,000000,1113.79,1133.17,1113.79,1114.05,0,0
WPL_MV,D,20160608,000000,1113.79,1133.17,1101.69,1125.9,0,0
WPL_MV,D,20160609,000000,1150.12,1150.12,1123.48,1135.59,0,0
WPL_MV,D,20160610,000000,1138,1149.87,1125.9,1149.87,0,0
WPL_MV,D,20160613,000000,1149.87,1149.87,1131.48,1149.63,0,0
WPL_MV,D,20160614,000000,1133.4,1147.46,1113.79,1147.21,0,0
WPL_MV,D,20160615,000000,1125.9,1125.9,1125.9,1125.9,0,0
WPL_MV,D,20160616,000000,1106.53,1116.22,1096.86,1113.79,0,0
WPL_MV,D,20160617,000000,1113.79,1121.05,1104.35,1113.79,0,0
WPL_MV,D,20160620,000000,1114.05,1128.32,1114.05,1117.44,0,0
WPL_MV,D,20160621,000000,1114.28,1123.24,1114.05,1114.05,0,0
WPL_MV,D,20160622,000000,1114.05,1130.51,1114.05,1128.09,0,0
WPL_MV,D,20160623,000000,1125.66,1125.9,1114.05,1125.66,0,0
WPL_MV,D,20160624,000000,1055.21,1094.42,1004.59,1094.42,0,0
WPL_MV,D,20160627,000000,1101.21,1113.79,1094.42,1107.74,0,0
WPL_MV,D,20160628,000000,1107.74,1122.27,1107.74,1109.68,0,0
WPL_MV,D,20160629,000000,1123.48,1123.48,1113.79,1113.79,0,0
WPL_MV,D,20160630,000000,1114.05,1145.28,1113.79,1145.28,0,0
WPL_MV,D,20160701,000000,1145.76,1145.76,1116.7,1138,0,0
WPL_MV,D,20160704,000000,1116.47,1138,1116.47,1138,0,0
WPL_MV,D,20160705,000000,1138,1138,1121.05,1121.05,0,0
WPL_MV,D,20160706,000000,1121.05,1121.05,1113.79,1113.79,0,0
WPL_MV,D,20160707,000000,1149.87,1149.87,1116.22,1116.22,0,0
WPL_MV,D,20160708,000000,1149.63,1149.63,1116.7,1117.44,0,0
WPL_MV,D,20160711,000000,1119.86,1119.86,1115.01,1115.01,0,0
WPL_MV,D,20160712,000000,1119.61,1119.61,1099.76,1099.76,0,0
WPL_MV,D,20160713,000000,1104.12,1107.74,1099.28,1107.74,0,0
WPL_MV,D,20160714,000000,1110.17,1110.4,1110.17,1110.4,0,0
WPL_MV,D,20160715,000000,1125.9,1125.9,1099.28,1114.77,0,0
WPL_MV,D,20160718,000000,1099.5,1113.79,1099.5,1102.41,0,0
WPL_MV,D,20160719,000000,1101.92,1128.32,1101.92,1108.96,0,0
WPL_MV,D,20160720,000000,1104.6,1123.48,1104.6,1114.05,0,0
WPL_MV,D,20160721,000000,1101.69,1121.53,1101.69,1108.96,0,0
WPL_MV,D,20160722,000000,1125.9,1126.37,1125.9,1126.37,0,0
WPL_MV,D,20160725,000000,1126.16,1138.74,1118.39,1118.39,0,0
WPL_MV,D,20160726,000000,1115.01,1150.12,1115.01,1150.12,0,0
WPL_MV,D,20160727,000000,1150.12,1196.13,1150.12,1186.43,0,0
WPL_MV,D,20160728,000000,1195.4,1208.22,1191.27,1208.22,0,0
WPL_MV,D,20160729,000000,1208.22,1208.22,1199.5,1207.02,0,0
WPL_MV,D,20160801,000000,1207.02,1207.02,1171.9,1180.63,0,0
WPL_MV,D,20160802,000000,1203.39,1203.39,1186.68,1198.3,0,0
WPL_MV,D,20160803,000000,1203.39,1203.39,1154.96,1154.96,0,0
WPL_MV,D,20160804,000000,1202.9,1202.9,1157.38,1194.9,0,0
WPL_MV,D,20160805,000000,1167.07,1184.99,1162.71,1168.27,0,0
WPL_MV,D,20160808,000000,1186.43,1188.85,1186.43,1186.43,0,0
WPL_MV,D,20160809,000000,1186.43,1203.39,1167.07,1196.13,0,0
WPL_MV,D,20160810,000000,1196.13,1208.22,1196.13,1204.6,0,0
WPL_MV,D,20160811,000000,1196.13,1204.6,1196.13,1196.13,0,0
WPL_MV,D,20160812,000000,1196.13,1209.45,1174.56,1183.04,0,0
WPL_MV,D,20160816,000000,1183.04,1195.87,1182.57,1195.87,0,0
WPL_MV,D,20160817,000000,1182.81,1182.81,1182.57,1182.81,0,0
WPL_MV,D,20160818,000000,1183.04,1185.22,1170.46,1185.22,0,0
WPL_MV,D,20160819,000000,1185.22,1185.22,1124.94,1147.21,0,0
WPL_MV,D,20160822,000000,1146.73,1146.73,1128.58,1138,0,0
WPL_MV,D,20160823,000000,1138,1183.77,1135.59,1183.77,0,0
WPL_MV,D,20160824,000000,1152.76,1173.12,1152.76,1159.56,0,0
WPL_MV,D,20160825,000000,1159.07,1174.33,1157.38,1174.33,0,0
WPL_MV,D,20160826,000000,1174.33,1186.43,1162.22,1186.43,0,0
WPL_MV,D,20160829,000000,1169.72,1169.72,1162.22,1162.46,0,0
WPL_MV,D,20160830,000000,1167.07,1186.18,1167.07,1179.17,0,0
WPL_MV,D,20160831,000000,1186.18,1234.86,1186.18,1234.86,0,0
WPL_MV,D,20160901,000000,1234.86,1270.94,1222.76,1222.76,0,0
WPL_MV,D,20160902,000000,1258.6,1258.6,1211.86,1234.86,0,0
WPL_MV,D,20160905,000000,1233.64,1258.6,1233.64,1258.6,0,0
WPL_MV,D,20160906,000000,1258.6,1319.62,1235.34,1319.36,0,0
WPL_MV,D,20160907,000000,1319.62,1396.15,1319.62,1352.3,0,0
WPL_MV,D,20160908,000000,1377.48,1379.65,1351.08,1377.72,0,0
WPL_MV,D,20160909,000000,1377.72,1377.72,1346.24,1355.92,0,0
WPL_MV,D,20160912,000000,1356.9,1377.72,1331.72,1331.72,0,0
WPL_MV,D,20160913,000000,1331.72,1355.44,1323.23,1331.72,0,0
WPL_MV,D,20160914,000000,1336.56,1341.38,1319.62,1322.02,0,0
WPL_MV,D,20160915,000000,1322.99,1331.72,1304.83,1305.08,0,0
WPL_MV,D,20160916,000000,1307.25,1311.12,1290.55,1292.98,0,0
WPL_MV,D,20160919,000000,1292.98,1326.13,1292.98,1312.35,0,0
WPL_MV,D,20160920,000000,1324.46,1324.46,1312.58,1313.54,0,0
WPL_MV,D,20160921,000000,1319.62,1319.62,1284.5,1289.57,0,0
WPL_MV,D,20160922,000000,1302.65,1331.72,1288.13,1331.72,0,0
WPL_MV,D,20160923,000000,1331.72,1331.72,1314.77,1331.48,0,0
WPL_MV,D,20160926,000000,1322.02,1331.24,1307.51,1312.35,0,0
WPL_MV,D,20160927,000000,1309.94,1319.12,1302.9,1308.7,0,0
WPL_MV,D,20160928,000000,1330.26,1330.26,1293.21,1307.51,0,0
WPL_MV,D,20160929,000000,1326.87,1328.81,1313.54,1319.84,0,0
WPL_MV,D,20160930,000000,1314.77,1363.19,1314.77,1353.25,0,0
WPL_MV,D,20161003,000000,1353.25,1367.55,1353.25,1360.78,0,0
WPL_MV,D,20161004,000000,1358.34,1411.61,1358.34,1382.57,0,0
WPL_MV,D,20161005,000000,1386.19,1404.34,1386.19,1393.71,0,0
WPL_MV,D,20161006,000000,1415.98,1427.59,1399.51,1399.51,0,0
WPL_MV,D,20161007,000000,1414.04,1414.04,1329.05,1329.05,0,0
WPL_MV,D,20161010,000000,1331.72,1342.36,1329.3,1329.3,0,0
WPL_MV,D,20161011,000000,1329.3,1329.3,1288.13,1290.55,0,0
WPL_MV,D,20161012,000000,1290.55,1290.55,1241.16,1269.73,0,0
WPL_MV,D,20161013,000000,1285.7,1300.23,1285.7,1295.65,0,0
WPL_MV,D,20161014,000000,1319.62,1362.29,1319.62,1362.29,0,0
WPL_MV,D,20161017,000000,1353.68,1372.1,1353.68,1367.2,0,0
WPL_MV,D,20161018,000000,1372.1,1399.11,1369.65,1374.56,0,0
WPL_MV,D,20161019,000000,1374.56,1394.19,1369.65,1384.35,0,0
WPL_MV,D,20161020,000000,1394.19,1394.19,1357.37,1364.74,0,0
WPL_MV,D,20161021,000000,1363.51,1363.51,1352.46,1362.29,0,0
WPL_MV,D,20161024,000000,1364.74,1373.33,1314.43,1367.43,0,0
WPL_MV,D,20161025,000000,1366.2,1375.78,1366.2,1375.78,0,0
WPL_MV,D,20161026,000000,1382.17,1386.82,1369.65,1377,0,0
WPL_MV,D,20161027,000000,1375.78,1379.45,1362.29,1367.2,0,0
WPL_MV,D,20161028,000000,1374.56,1374.56,1364.74,1374.56,0,0
WPL_MV,D,20161031,000000,1374.56,1374.56,1355.15,1357.37,0,0
WPL_MV,D,20161102,000000,1352.21,1353.94,1329.14,1349.52,0,0
WPL_MV,D,20161103,000000,1347.06,1347.06,1300.91,1300.91,0,0
WPL_MV,D,20161104,000000,1300.91,1325.46,1290.1,1323,0,0
WPL_MV,D,20161107,000000,1325.46,1325.46,1323.24,1325.46,0,0
WPL_MV,D,20161108,000000,1346.81,1349.52,1325.46,1349.52,0,0
WPL_MV,D,20161109,000000,1300.91,1325.46,1300.91,1325.46,0,0
WPL_MV,D,20161110,000000,1349.76,1349.76,1315.89,1345.12,0,0
WPL_MV,D,20161114,000000,1346.33,1350.02,1330.37,1342.65,0,0
WPL_MV,D,20161115,000000,1342.65,1342.65,1335.28,1335.28,0,0
WPL_MV,D,20161116,000000,1335.28,1335.28,1325.46,1325.46,0,0
WPL_MV,D,20161117,000000,1330.37,1330.37,1325.46,1325.46,0,0
WPL_MV,D,20161118,000000,1325.46,1325.46,1291.09,1325.46,0,0
WPL_MV,D,20161121,000000,1325.46,1337.73,1293.55,1327.1,0,0
WPL_MV,D,20161122,000000,1314.83,1351.69,1314.83,1329.55,0,0
WPL_MV,D,20161123,000000,1363.25,1363.25,1339.39,1344.31,0,0
WPL_MV,D,20161124,000000,1349.22,1376.03,1349.22,1352.92,0,0
WPL_MV,D,20161125,000000,1359.06,1359.06,1341.86,1344.31,0,0
WPL_MV,D,20161128,000000,1351.69,1351.69,1327.1,1339.39,0,0
WPL_MV,D,20161129,000000,1311.12,1340.63,1302.54,1304.25,0,0
WPL_MV,D,20161130,000000,1319.74,1324.64,1308.66,1314.83,0,0
WPL_MV,D,20161201,000000,1301.8,1301.8,1241.08,1241.08,0,0
WPL_MV,D,20161202,000000,1255.84,1261.74,1244.05,1253.86,0,0
WPL_MV,D,20161205,000000,1261.5,1264.44,1253.63,1259.77,0,0
WPL_MV,D,20161206,000000,1260.26,1282.64,1259.53,1279.91,0,0
WPL_MV,D,20161207,000000,1297.61,1297.61,1286.32,1290.25,0,0
WPL_MV,D,20161208,000000,1297.38,1297.38,1287.79,1292.7,0,0
WPL_MV,D,20161209,000000,1297.38,1297.38,1278.43,1283.12,0,0
WPL_MV,D,20161212,000000,1289.02,1297.38,1280.41,1290.25,0,0
WPL_MV,D,20161213,000000,1297.38,1297.38,1278.43,1280.41,0,0
WPL_MV,D,20161214,000000,1280.41,1297.13,1277.96,1280.41,0,0
WPL_MV,D,20161215,000000,1296.87,1296.87,1283.12,1292.7,0,0
WPL_MV,D,20161216,000000,1292.7,1292.7,1270.59,1290.25,0,0
WPL_MV,D,20161219,000000,1290.25,1290.25,1265.66,1282.87,0,0
WPL_MV,D,20161220,000000,1285.33,1285.33,1253.38,1282.87,0,0
WPL_MV,D,20161221,000000,1282.87,1290.25,1282.87,1289.02,0,0
WPL_MV,D,20161222,000000,1289.02,1351.2,1289.02,1346.77,0,0
WPL_MV,D,20161223,000000,1344.31,1347.01,1282.87,1344.31,0,0
WPL_MV,D,20161227,000000,1322.19,1336.94,1314.83,1336.94,0,0
WPL_MV,D,20161228,000000,1315.07,1327.1,1303.01,1325.39,0,0
WPL_MV,D,20161229,000000,1332.03,1332.03,1317.53,1327.1,0,0
WPL_MV,D,20161230,000000,1319.74,1319.74,1310.15,1317.29,0,0
WPL_MV,D,20170102,000000,1325.9,1327.61,1321.7,1324.64,0,0
WPL_MV,D,20170103,000000,1327.1,1327.1,1323.42,1326.87,0,0
WPL_MV,D,20170104,000000,1327.1,1327.1,1309.92,1312.38,0,0
WPL_MV,D,20170105,000000,1327.1,1327.1,1319.74,1327.1,0,0
WPL_MV,D,20170109,000000,1327.1,1361.53,1327.1,1351.44,0,0
WPL_MV,D,20170110,000000,1350.46,1363.49,1339.39,1351.69,0,0
WPL_MV,D,20170111,000000,1354.14,1361.04,1339.39,1356.35,0,0
WPL_MV,D,20170112,000000,1356.61,1356.61,1338.17,1338.17,0,0
WPL_MV,D,20170113,000000,1346.28,1349.22,1318.27,1327.1,0,0
WPL_MV,D,20170116,000000,1339.39,1351.69,1339.39,1351.69,0,0
WPL_MV,D,20170117,000000,1362.5,1400.84,1356.61,1376.26,0,0
WPL_MV,D,20170118,000000,1376.26,1376.26,1344.56,1344.8,0,0
WPL_MV,D,20170119,000000,1334.74,1375.04,1308.66,1375.04,0,0
WPL_MV,D,20170120,000000,1375.04,1459.82,1366.43,1459.82,0,0
WPL_MV,D,20170123,000000,1458.6,1462.27,1420.99,1462.27,0,0
WPL_MV,D,20170124,000000,1473.34,1473.34,1415.82,1454.92,0,0
WPL_MV,D,20170125,000000,1457.37,1468.43,1446.3,1449.74,0,0
WPL_MV,D,20170126,000000,1437.7,1437.7,1391,1391,0,0
WPL_MV,D,20170127,000000,1393.47,1437.7,1393.47,1425.42,0,0
WPL_MV,D,20170130,000000,1425.42,1432.05,1415.82,1422.96,0,0
WPL_MV,D,20170131,000000,1423.2,1425.42,1416.08,1416.82,0,0
WPL_MV,D,20170201,000000,1416.82,1416.82,1402.31,1407.96,0,0
WPL_MV,D,20170202,000000,1404.04,1406.98,1398.38,1405.76,0,0
WPL_MV,D,20170203,000000,1400.84,1422.96,1400.84,1413.12,0,0
WPL_MV,D,20170206,000000,1424.69,1424.69,1403.53,1405.99,0,0
WPL_MV,D,20170207,000000,1413.37,1413.37,1405.76,1405.76,0,0
WPL_MV,D,20170208,000000,1405.76,1405.76,1401.58,1401.58,0,0
WPL_MV,D,20170209,000000,1401.58,1408.22,1400.84,1408.22,0,0
WPL_MV,D,20170210,000000,1410.67,1413.12,1400.84,1408.22,0,0
WPL_MV,D,20170213,000000,1411.9,1411.9,1371.35,1376.03,0,0
WPL_MV,D,20170214,000000,1376.26,1420.74,1374.05,1411.9,0,0
WPL_MV,D,20170215,000000,1411.9,1411.9,1400.84,1409.45,0,0
WPL_MV,D,20170216,000000,1409.45,1413.12,1400.84,1400.84,0,0
WPL_MV,D,20170217,000000,1400.84,1408.22,1371.35,1377.24,0,0
WPL_MV,D,20170220,000000,1377.24,1393.47,1376.52,1386.09,0,0
WPL_MV,D,20170221,000000,1388.54,1410.67,1388.54,1406.98,0,0
WPL_MV,D,20170222,000000,1410.67,1417.56,1402.54,1402.82,0,0
WPL_MV,D,20170223,000000,1415.09,1415.09,1400.84,1400.84,0,0
WPL_MV,D,20170224,000000,1400.84,1401.92,1400.84,1401.92,0,0
WPL_MV,D,20170227,000000,1403.16,1403.16,1390.1,1390.1,0,0
WPL_MV,D,20170228,000000,1401.92,1401.92,1375.12,1389.61,0,0
WPL_MV,D,20170301,000000,1388.4,1396.74,1370.2,1377.32,0,0
WPL_MV,D,20170302,000000,1377.32,1414.21,1377.32,1409.29,0,0
WPL_MV,D,20170303,000000,1403.16,1447.41,1403.16,1428.97,0,0
WPL_MV,D,20170306,000000,1428.72,1433.89,1412.99,1427.99,0,0
WPL_MV,D,20170307,000000,1420.36,1420.36,1395.77,1414.21,0,0
WPL_MV,D,20170308,000000,1414.21,1414.21,1389.61,1409.05,0,0
WPL_MV,D,20170309,000000,1389.88,1401.92,1389.61,1401.92,0,0
WPL_MV,D,20170310,000000,1389.61,1421.6,1389.61,1421.6,0,0
WPL_MV,D,20170313,000000,1403.16,1403.16,1399.45,1399.45,0,0
WPL_MV,D,20170314,000000,1409.29,1409.29,1332.08,1362.56,0,0
WPL_MV,D,20170315,000000,1365.02,1365.02,1340.42,1352.72,0,0
WPL_MV,D,20170316,000000,1352.72,1367.48,1348.05,1352.72,0,0
WPL_MV,D,20170317,000000,1368.71,1372.4,1347.8,1365.02,0,0
WPL_MV,D,20170320,000000,1365.02,1365.02,1352.72,1361.32,0,0
WPL_MV,D,20170321,000000,1377.08,1392.08,1358.64,1369.71,0,0
WPL_MV,D,20170322,000000,1363.79,1363.79,1333.29,1361.32,0,0
WPL_MV,D,20170323,000000,1361.32,1363.79,1352.72,1363.54,0,0
WPL_MV,D,20170324,000000,1357.65,1384.69,1357.65,1371.17,0,0
WPL_MV,D,20170327,000000,1340.42,1377.32,1340.42,1369.94,0,0
WPL_MV,D,20170328,000000,1357.9,1371.17,1357.65,1371.17,0,0
WPL_MV,D,20170329,000000,1371.17,1377.08,1362.56,1372.4,0,0
WPL_MV,D,20170330,000000,1377.32,1377.32,1362.56,1377.08,0,0
WPL_MV,D,20170331,000000,1376.58,1376.58,1361.32,1374.86,0,0
WPL_MV,D,20170403,000000,1374.86,1374.86,1352.72,1374.38,0,0
WPL_MV,D,20170404,000000,1374.11,1374.11,1355.92,1366.98,0,0
WPL_MV,D,20170405,000000,1359.14,1359.14,1346.58,1350.26,0,0
WPL_MV,D,20170406,000000,1347.8,1352.72,1337.22,1345.59,0,0
WPL_MV,D,20170407,000000,1333.55,1352.72,1333.55,1351.99,0,0
WPL_MV,D,20170410,000000,1351.99,1351.99,1340.42,1349.05,0,0
WPL_MV,D,20170411,000000,1340.68,1340.68,1291.75,1303.03,0,0
WPL_MV,D,20170412,000000,1298.62,1325.43,1280.19,1316.58,0,0
WPL_MV,D,20170413,000000,1312.64,1322.96,1306,1322.96,0,0
WPL_MV,D,20170418,000000,1322.73,1322.73,1307.49,1311.15,0,0
WPL_MV,D,20170419,000000,1310.67,1319.27,1306.24,1315.6,0,0
WPL_MV,D,20170420,000000,1315.6,1322.96,1315.6,1320.75,0,0
WPL_MV,D,20170421,000000,1308.46,1324.45,1308.46,1324.45,0,0
WPL_MV,D,20170424,000000,1320.75,1324.2,1315.83,1321.98,0,0
WPL_MV,D,20170425,000000,1322.73,1322.96,1315.83,1322.73,0,0
WPL_MV,D,20170426,000000,1321.98,1325.67,1308.95,1312.64,0,0
WPL_MV,D,20170427,000000,1309.19,1328.14,1309.19,1324.2,0,0
WPL_MV,D,20170428,000000,1322.23,1322.23,1309.68,1311.41,0,0
WPL_MV,D,20170502,000000,1308.95,1308.95,1291.47,1295.18,0,0
WPL_MV,D,20170504,000000,1293.7,1293.94,1278.94,1286.33,0,0
WPL_MV,D,20170505,000000,1269.11,1278.94,1261.73,1273.53,0,0
WPL_MV,D,20170508,000000,1272.79,1272.79,1262.95,1265.91,0,0
WPL_MV,D,20170509,000000,1261.73,1264.19,1230.25,1231.22,0,0
WPL_MV,D,20170510,000000,1229.74,1266.39,1229.74,1249.92,0,0
WPL_MV,D,20170511,000000,1273.29,1273.29,1213.78,1229.74,0,0
WPL_MV,D,20170512,000000,1229.74,1229.74,1217.71,1219.91,0,0
WPL_MV,D,20170515,000000,1217.46,1224.84,1214.51,1224.84,0,0
WPL_MV,D,20170516,000000,1212.55,1226.06,1183.27,1217.46,0,0
WPL_MV,D,20170517,000000,1225.82,1258.29,1225.82,1258.29,0,0
WPL_MV,D,20170518,000000,1258.53,1273.77,1244.51,1271.58,0,0
WPL_MV,D,20170519,000000,1274.02,1301.09,1271.58,1299.35,0,0
WPL_MV,D,20170522,000000,1299.11,1302.31,1281.41,1298.62,0,0
WPL_MV,D,20170523,000000,1291.25,1369.2,1291.25,1352.49,0,0
WPL_MV,D,20170524,000000,1350.03,1365.02,1340.42,1362.56,0,0
WPL_MV,D,20170525,000000,1363.54,1373.39,1329.36,1365.02,0,0
WPL_MV,D,20170526,000000,1365.02,1365.02,1347.8,1365.02,0,0
WPL_MV,D,20170529,000000,1365.02,1374.11,1352.97,1352.97,0,0
WPL_MV,D,20170530,000000,1365.02,1365.02,1335.52,1362.07,0,0
WPL_MV,D,20170531,000000,1352.72,1367.85,1341.17,1367.85,0,0
WPL_MV,D,20170601,000000,1357.97,1357.97,1350.54,1357.97,0,0
WPL_MV,D,20170602,000000,1343.4,1353.03,1338.22,1351.79,0,0
WPL_MV,D,20170605,000000,1351.54,1355.5,1334.02,1355.5,0,0
WPL_MV,D,20170606,000000,1345.88,1345.88,1322.16,1333.04,0,0
WPL_MV,D,20170607,000000,1333.27,1353.78,1321.17,1332.54,0,0
WPL_MV,D,20170608,000000,1345.61,1345.61,1314.26,1328.34,0,0
WPL_MV,D,20170609,000000,1327.09,1347.84,1315,1347.1,0,0
WPL_MV,D,20170612,000000,1344.15,1344.15,1297.72,1334.51,0,0
WPL_MV,D,20170613,000000,1303.65,1333.27,1303.65,1327.09,0,0
WPL_MV,D,20170614,000000,1308.58,1340.68,1308.58,1340.68,0,0
WPL_MV,D,20170616,000000,1340.68,1343.4,1306.36,1343.4,0,0
WPL_MV,D,20170619,000000,1308.58,1343.65,1308.58,1343.65,0,0
WPL_MV,D,20170620,000000,1309.08,1343.15,1309.08,1343.15,0,0
WPL_MV,D,20170621,000000,1333.04,1333.27,1306.86,1308.58,0,0
WPL_MV,D,20170622,000000,1308.58,1327.09,1308.58,1308.58,0,0
WPL_MV,D,20170623,000000,1305.12,1329.33,1304.88,1329.33,0,0
WPL_MV,D,20170626,000000,1325.38,1333.27,1306.12,1333.27,0,0
WPL_MV,D,20170627,000000,1311.06,1332.05,1310.07,1330.82,0,0
WPL_MV,D,20170628,000000,1306.62,1333.27,1306.62,1333.27,0,0
WPL_MV,D,20170629,000000,1320.93,1320.93,1305.88,1308.58,0,0
WPL_MV,D,20170630,000000,1308.58,1308.58,1304.39,1308.58,0,0
WPL_MV,D,20170703,000000,1311.06,1311.06,1306.12,1306.36,0,0
WPL_MV,D,20170704,000000,1294.52,1306.36,1294.52,1301.68,0,0
WPL_MV,D,20170705,000000,1301.68,1308.58,1296.73,1306.12,0,0
WPL_MV,D,20170706,000000,1308.35,1308.58,1296.99,1308.58,0,0
WPL_MV,D,20170707,000000,1336.08,1336.32,1309.85,1309.85,0,0
WPL_MV,D,20170710,000000,1285.9,1336.32,1285.9,1336.08,0,0
WPL_MV,D,20170711,000000,1336.32,1336.32,1311.6,1335.07,0,0
WPL_MV,D,20170712,000000,1331.03,1331.28,1300.27,1331.28,0,0
WPL_MV,D,20170713,000000,1326.24,1326.24,1301.27,1302.53,0,0
WPL_MV,D,20170714,000000,1307.08,1336.32,1307.08,1336.32,0,0
WPL_MV,D,20170717,000000,1336.32,1336.32,1311.86,1336.32,0,0
WPL_MV,D,20170718,000000,1311.36,1336.08,1311.36,1336.08,0,0
WPL_MV,D,20170719,000000,1333.55,1336.32,1311.36,1336.32,0,0
WPL_MV,D,20170720,000000,1333.8,1361.04,1301.53,1336.57,0,0
WPL_MV,D,20170721,000000,1337.57,1359.02,1302.28,1350.17,0,0
WPL_MV,D,20170724,000000,1347.67,1347.67,1311.36,1335.57,0,0
WPL_MV,D,20170725,000000,1313.63,1335.8,1304.04,1333.29,0,0
WPL_MV,D,20170726,000000,1335.8,1336.08,1307.83,1336.08,0,0
WPL_MV,D,20170727,000000,1326.98,1357.75,1314.14,1357.75,0,0
WPL_MV,D,20170728,000000,1355.99,1355.99,1315.89,1333.55,0,0
WPL_MV,D,20170731,000000,1334.82,1334.82,1304.8,1334.3,0,0
WPL_MV,D,20170801,000000,1306.57,1323.71,1306.57,1323.71,0,0
WPL_MV,D,20170802,000000,1314.14,1323.46,1306.31,1323.46,0,0
WPL_MV,D,20170803,000000,1308.08,1308.08,1288.67,1304.56,0,0
WPL_MV,D,20170804,000000,1285.9,1293.46,1285.9,1293.46,0,0
WPL_MV,D,20170807,000000,1285.9,1303.03,1285.9,1303.03,0,0
WPL_MV,D,20170808,000000,1304.56,1336.08,1304.56,1336.08,0,0
WPL_MV,D,20170809,000000,1311.1,1311.1,1283.37,1293.21,0,0
WPL_MV,D,20170810,000000,1291.19,1333.29,1255.65,1333.29,0,0
WPL_MV,D,20170811,000000,1333.05,1333.05,1293.71,1310.87,0,0
WPL_MV,D,20170814,000000,1333.29,1333.29,1285.9,1324.71,0,0
WPL_MV,D,20170816,000000,1332.55,1336.08,1305.81,1336.08,0,0
WPL_MV,D,20170817,000000,1299.77,1336.32,1299.77,1336.32,0,0
WPL_MV,D,20170818,000000,1299.77,1323.46,1299.77,1323.46,0,0
WPL_MV,D,20170821,000000,1299.26,1299.77,1294.71,1298.24,0,0
WPL_MV,D,20170822,000000,1293.71,1293.71,1266.99,1283.37,0,0
WPL_MV,D,20170823,000000,1268.51,1268.51,1248.06,1260.68,0,0
WPL_MV,D,20170824,000000,1298.5,1298.5,1229.17,1234.71,0,0
WPL_MV,D,20170825,000000,1227.15,1247.82,1226.88,1247.56,0,0
WPL_MV,D,20170828,000000,1247.56,1253.11,1226.88,1253.11,0,0
WPL_MV,D,20170829,000000,1233.69,1235.47,1230.43,1235.23,0,0
WPL_MV,D,20170830,000000,1226.88,1235.47,1225.39,1232.17,0,0
WPL_MV,D,20170831,000000,1222.86,1222.86,1164.87,1208.57,0,0
WPL_MV,D,20170901,000000,1176.27,1176.27,1168.44,1173.22,0,0
WPL_MV,D,20170904,000000,1172.23,1172.23,1148.26,1160.12,0,0
WPL_MV,D,20170905,000000,1160.12,1167.19,1155.81,1165.93,0,0
WPL_MV,D,20170906,000000,1160.88,1172.98,1160.88,1162.88,0,0
WPL_MV,D,20170907,000000,1162.88,1168.44,1148.26,1168.44,0,0
WPL_MV,D,20170908,000000,1168.44,1173.49,1164.16,1173.49,0,0
WPL_MV,D,20170911,000000,1172.74,1178.54,1160.88,1170.97,0,0
WPL_MV,D,20170912,000000,1173.49,1173.49,1143.97,1150.79,0,0
WPL_MV,D,20170913,000000,1150.79,1150.79,1125.79,1140.67,0,0
WPL_MV,D,20170914,000000,1135.89,1135.89,1101.56,1110.39,0,0
WPL_MV,D,20170915,000000,1110.39,1128.08,1086.42,1128.08,0,0
WPL_MV,D,20170918,000000,1140.43,1155.81,1128.08,1145.73,0,0
WPL_MV,D,20170919,000000,1145.73,1199.99,1118.47,1160.38,0,0
WPL_MV,D,20170920,000000,1125.79,1176,1125.79,1159.61,0,0
WPL_MV,D,20170921,000000,1144.49,1159.61,1110.39,1110.39,0,0
WPL_MV,D,20170922,000000,1108.39,1148.26,1108.39,1135.89,0,0
WPL_MV,D,20170925,000000,1135.64,1138.17,1116.7,1138.17,0,0
WPL_MV,D,20170926,000000,1140.67,1155.31,1133.1,1139.92,0,0
WPL_MV,D,20170927,000000,1137.16,1156.33,1123.02,1123.02,0,0
WPL_MV,D,20170928,000000,1123.02,1123.02,1123.02,1123.02,0,0
WPL_MV,D,20170929,000000,1135.64,1135.64,1135.64,1135.64,0,0
WPL_MV,D,20171002,000000,1150.79,1150.79,1123.26,1135.64,0,0
WPL_MV,D,20171003,000000,1123.78,1148,1098.03,1098.03,0,0
WPL_MV,D,20171004,000000,1097.78,1135.39,1086.42,1097.78,0,0
WPL_MV,D,20171005,000000,1092.74,1100.3,1092.74,1097.78,0,0
WPL_MV,D,20171006,000000,1095.51,1120.5,1095.51,1098.03,0,0
WPL_MV,D,20171009,000000,1135.64,1135.64,1100.56,1135.39,0,0
WPL_MV,D,20171010,000000,1129.08,1129.08,1100.8,1127.81,0,0
WPL_MV,D,20171011,000000,1107.12,1135.64,1085.41,1097.52,0,0
WPL_MV,D,20171012,000000,1090.21,1090.21,1086.42,1086.42,0,0
WPL_MV,D,20171013,000000,1084.91,1084.91,1070.01,1071.78,0,0
WPL_MV,D,20171016,000000,1070.01,1070.01,1054.87,1064.97,0,0
WPL_MV,D,20171017,000000,1057.65,1062.46,1055.64,1059.93,0,0
WPL_MV,D,20171018,000000,1047.56,1100.3,1047.56,1097.78,0,0
WPL_MV,D,20171019,000000,1097.78,1110.39,1085.41,1110.39,0,0
WPL_MV,D,20171020,000000,1125.54,1148,1110.65,1110.91,0,0
WPL_MV,D,20171023,000000,1112.92,1127.56,1112.92,1113.43,0,0
WPL_MV,D,20171024,000000,1112.92,1112.92,1083.91,1085.16,0,0
WPL_MV,D,20171025,000000,1083.91,1083.91,1063.72,1072.55,0,0
WPL_MV,D,20171026,000000,1066.5,1089.46,1061.19,1089.46,0,0
WPL_MV,D,20171027,000000,1095.26,1095.26,1062.46,1075.07,0,0
WPL_MV,D,20171030,000000,1085.16,1087.68,1066.5,1072.55,0,0
WPL_MV,D,20171031,000000,1072.29,1072.55,1039.73,1070.01,0,0
WPL_MV,D,20171102,000000,1054.87,1085.16,1054.87,1085.16,0,0
WPL_MV,D,20171103,000000,1085.16,1085.16,1073.04,1078.86,0,0
WPL_MV,D,20171106,000000,1083.4,1100.3,1083.4,1100.3,0,0
WPL_MV,D,20171107,000000,1097.78,1097.78,1085.16,1097.78,0,0
WPL_MV,D,20171108,000000,1086.68,1106.61,1083.91,1083.91,0,0
WPL_MV,D,20171109,000000,1085.16,1085.16,1054.87,1059.93,0,0
WPL_MV,D,20171110,000000,1061.7,1072.55,1060.17,1072.55,0,0
WPL_MV,D,20171113,000000,1059.93,1072.55,1059.93,1063.96,0,0
WPL_MV,D,20171114,000000,1072.55,1133.1,1063.96,1116.96,0,0
WPL_MV,D,20171115,000000,1134.37,1134.37,1116.7,1116.7,0,0
WPL_MV,D,20171116,000000,1116.2,1116.2,1077.6,1112.92,0,0
WPL_MV,D,20171117,000000,1116.96,1116.96,1112.92,1112.92,0,0
WPL_MV,D,20171120,000000,1110.65,1112.92,1085.16,1085.16,0,0
WPL_MV,D,20171121,000000,1085.16,1085.16,1085.16,1085.16,0,0
WPL_MV,D,20171122,000000,1085.16,1085.16,1085.16,1085.16,0,0
WPL_MV,D,20171123,000000,1082.89,1097.78,1082.89,1095,0,0
WPL_MV,D,20171124,000000,1089.96,1089.96,1085.16,1085.16,0,0
WPL_MV,D,20171127,000000,1079.6,1092.74,1072.55,1092.74,0,0
WPL_MV,D,20171128,000000,1092.74,1116.96,1085.16,1116.96,0,0
WPL_MV,D,20171129,000000,1116.46,1116.46,1088.44,1112.92,0,0
WPL_MV,D,20171130,000000,1088.95,1116.7,1088.95,1116.7,0,0
WPL_MV,D,20171201,000000,1116.7,1117.96,1085.41,1095.26,0,0
WPL_MV,D,20171204,000000,1085.41,1109.91,1085.41,1105.36,0,0
WPL_MV,D,20171205,000000,1087.94,1097.78,1087.94,1097.52,0,0
WPL_MV,D,20171206,000000,1105.36,1109.91,1088.95,1109.91,0,0
WPL_MV,D,20171207,000000,1110.39,1123.02,1102.83,1123.02,0,0
WPL_MV,D,20171208,000000,1110.39,1158.09,1110.39,1157.08,0,0
WPL_MV,D,20171211,000000,1160.88,1160.88,1135.89,1160.62,0,0
WPL_MV,D,20171212,000000,1140.67,1157.08,1135.64,1157.08,0,0
WPL_MV,D,20171213,000000,1156.83,1156.83,1142.2,1148,0,0
WPL_MV,D,20171214,000000,1135.64,1141.95,1129.33,1141.95,0,0
WPL_MV,D,20171215,000000,1135.39,1148.77,1135.39,1148.77,0,0
WPL_MV,D,20171218,000000,1148.77,1148.77,1118.98,1127.57,0,0
WPL_MV,D,20171219,000000,1131.34,1131.34,1116.46,1127.57,0,0
WPL_MV,D,20171220,000000,1130.34,1146.25,1130.34,1146.25,0,0
WPL_MV,D,20171221,000000,1121.25,1136.41,1121.25,1136.41,0,0
WPL_MV,D,20171222,000000,1145.24,1149.03,1136.41,1149.03,0,0
WPL_MV,D,20171227,000000,1156.6,1197.02,1138.18,1197.02,0,0
WPL_MV,D,20171228,000000,1195.74,1274.03,1169.99,1274.03,0,0
WPL_MV,D,20171229,000000,1272.76,1272.76,1224.79,1224.79,0,0
WPL_MV,D,20180103,000000,1267.72,1267.72,1166.71,1191.97,0,0
WPL_MV,D,20180104,000000,1194.48,1217.21,1186.92,1217.21,0,0
WPL_MV,D,20180105,000000,1214.69,1224.79,1202.06,1224.79,0,0
WPL_MV,D,20180108,000000,1219.74,1222.27,1217.21,1222.27,0,0
WPL_MV,D,20180109,000000,1214.69,1222.27,1214.69,1217.21,0,0
WPL_MV,D,20180110,000000,1219.74,1250.04,1219.74,1250.04,0,0
WPL_MV,D,20180111,000000,1260.14,1298.04,1234.89,1287.93,0,0
WPL_MV,D,20180112,000000,1303.06,1303.06,1267.72,1267.72,0,0
WPL_MV,D,20180115,000000,1262.67,1272.76,1250.04,1272.76,0,0
WPL_MV,D,20180116,000000,1272.76,1272.76,1250.04,1267.72,0,0
WPL_MV,D,20180117,000000,1262.67,1262.67,1242.47,1247.53,0,0
WPL_MV,D,20180118,000000,1244.99,1262.67,1239.93,1262.67,0,0
WPL_MV,D,20180119,000000,1272.76,1272.76,1262.67,1262.67,0,0
WPL_MV,D,20180122,000000,1255.11,1313.17,1255.11,1308.13,0,0
WPL_MV,D,20180123,000000,1313.17,1333.38,1298.04,1313.17,0,0
WPL_MV,D,20180124,000000,1308.13,1308.13,1282.88,1282.88,0,0
WPL_MV,D,20180125,000000,1252.58,1262.67,1239.93,1239.93,0,0
WPL_MV,D,20180126,000000,1257.61,1292.98,1257.61,1292.98,0,0
WPL_MV,D,20180129,000000,1287.93,1318.24,1287.93,1313.17,0,0
WPL_MV,D,20180130,000000,1303.06,1313.17,1272.76,1313.17,0,0
WPL_MV,D,20180131,000000,1308.13,1313.17,1287.93,1313.17,0,0
WPL_MV,D,20180201,000000,1308.13,1318.24,1308.13,1308.13,0,0
WPL_MV,D,20180202,000000,1313.17,1318.24,1313.17,1318.24,0,0
WPL_MV,D,20180205,000000,1262.67,1313.17,1262.67,1313.17,0,0
WPL_MV,D,20180206,000000,1239.93,1318.24,1239.93,1292.98,0,0
WPL_MV,D,20180207,000000,1292.98,1308.13,1287.93,1308.13,0,0
WPL_MV,D,20180208,000000,1282.88,1313.17,1277.82,1313.17,0,0
WPL_MV,D,20180209,000000,1262.67,1313.17,1262.67,1262.67,0,0
WPL_MV,D,20180212,000000,1262.67,1287.93,1262.67,1287.93,0,0
WPL_MV,D,20180213,000000,1298.04,1298.04,1267.72,1292.98,0,0
WPL_MV,D,20180214,000000,1303.06,1358.64,1277.82,1343.48,0,0
WPL_MV,D,20180215,000000,1338.45,1373.79,1333.38,1373.79,0,0
WPL_MV,D,20180216,000000,1338.45,1373.79,1333.38,1338.45,0,0
WPL_MV,D,20180219,000000,1338.45,1363.68,1338.45,1363.68,0,0
WPL_MV,D,20180220,000000,1358.64,1363.68,1338.45,1348.53,0,0
WPL_MV,D,20180221,000000,1323.27,1348.53,1323.27,1343.48,0,0
WPL_MV,D,20180222,000000,1338.45,1363.68,1338.45,1363.68,0,0
WPL_MV,D,20180223,000000,1343.48,1343.48,1338.45,1343.48,0,0
WPL_MV,D,20180226,000000,1343.48,1343.48,1338.45,1338.45,0,0
WPL_MV,D,20180227,000000,1338.45,1338.45,1313.17,1338.45,0,0
WPL_MV,D,20180228,000000,1313.17,1338.45,1298.04,1323.27,0,0
WPL_MV,D,20180301,000000,1323.27,1343.48,1323.27,1343.48,0,0
WPL_MV,D,20180302,000000,1343.48,1343.48,1323.27,1323.27,0,0
WPL_MV,D,20180305,000000,1313.17,1313.17,1313.17,1313.17,0,0
WPL_MV,D,20180306,000000,1313.17,1338.45,1313.17,1338.45,0,0
WPL_MV,D,20180307,000000,1338.45,1338.45,1313.17,1323.27,0,0
WPL_MV,D,20180308,000000,1318.24,1338.45,1318.24,1333.38,0,0
WPL_MV,D,20180309,000000,1318.24,1318.24,1303.06,1313.17,0,0
WPL_MV,D,20180312,000000,1328.33,1338.45,1292.98,1333.38,0,0
WPL_MV,D,20180313,000000,1333.38,1348.53,1313.17,1348.53,0,0
WPL_MV,D,20180314,000000,1348.53,1348.53,1313.17,1313.17,0,0
WPL_MV,D,20180315,000000,1358.64,1358.64,1328.33,1358.64,0,0
WPL_MV,D,20180316,000000,1363.68,1378.84,1353.59,1378.84,0,0
WPL_MV,D,20180319,000000,1388.95,1388.95,1318.24,1378.84,0,0
WPL_MV,D,20180320,000000,1323.27,1363.68,1323.27,1363.68,0,0
WPL_MV,D,20180321,000000,1363.68,1368.73,1338.45,1358.64,0,0
WPL_MV,D,20180322,000000,1363.68,1363.68,1338.45,1338.45,0,0
WPL_MV,D,20180323,000000,1338.45,1338.45,1328.33,1328.33,0,0
WPL_MV,D,20180326,000000,1313.17,1363.68,1313.17,1363.68,0,0
WPL_MV,D,20180327,000000,1363.68,1363.68,1338.45,1363.68,0,0
WPL_MV,D,20180328,000000,1363.68,1363.68,1313.17,1333.38,0,0
WPL_MV,D,20180329,000000,1328.33,1363.68,1303.06,1343.48,0,0
WPL_MV,D,20180403,000000,1338.45,1353.59,1308.13,1353.59,0,0
WPL_MV,D,20180404,000000,1313.17,1328.33,1313.17,1323.27,0,0
WPL_MV,D,20180405,000000,1313.17,1318.24,1313.17,1318.24,0,0
WPL_MV,D,20180406,000000,1338.45,1338.45,1282.88,1308.13,0,0
WPL_MV,D,20180409,000000,1277.82,1333.38,1277.82,1333.38,0,0
WPL_MV,D,20180410,000000,1328.33,1363.68,1328.33,1363.68,0,0
WPL_MV,D,20180411,000000,1363.68,1363.68,1318.24,1363.68,0,0
WPL_MV,D,20180412,000000,1318.24,1383.89,1318.24,1383.89,0,0
WPL_MV,D,20180413,000000,1343.48,1383.89,1343.48,1363.68,0,0
WPL_MV,D,20180416,000000,1358.64,1358.64,1323.27,1353.59,0,0
WPL_MV,D,20180417,000000,1353.59,1358.64,1353.59,1358.64,0,0
WPL_MV,D,20180418,000000,1353.59,1353.59,1328.33,1343.48,0,0
WPL_MV,D,20180419,000000,1308.13,1353.59,1308.13,1328.33,0,0
WPL_MV,D,20180420,000000,1338.45,1363.68,1338.45,1363.68,0,0
WPL_MV,D,20180423,000000,1348.53,1363.68,1338.45,1363.68,0,0
WPL_MV,D,20180424,000000,1348.53,1409.13,1348.53,1409.13,0,0
WPL_MV,D,20180425,000000,1414.18,1414.18,1399.04,1414.18,0,0
WPL_MV,D,20180426,000000,1414.18,1424.29,1414.18,1414.18,0,0
WPL_MV,D,20180427,000000,1414.18,1414.18,1409.13,1409.13,0,0
WPL_MV,D,20180430,000000,1414.18,1419.23,1338.45,1338.45,0,0
WPL_MV,D,20180502,000000,1373.79,1388.95,1353.59,1368.73,0,0
WPL_MV,D,20180504,000000,1378.84,1383.89,1358.64,1383.89,0,0
WPL_MV,D,20180507,000000,1378.84,1388.95,1368.73,1388.95,0,0
WPL_MV,D,20180508,000000,1388.95,1414.18,1373.79,1414.18,0,0
WPL_MV,D,20180509,000000,1414.18,1414.18,1404.1,1414.18,0,0
WPL_MV,D,20180510,000000,1414.18,1414.18,1378.84,1414.18,0,0
WPL_MV,D,20180511,000000,1414.18,1414.18,1393.99,1414.18,0,0
WPL_MV,D,20180514,000000,1414.18,1414.18,1388.95,1414.18,0,0
WPL_MV,D,20180515,000000,1414.18,1414.18,1399.04,1414.18,0,0
WPL_MV,D,20180516,000000,1419.23,1429.35,1414.18,1429.35,0,0
WPL_MV,D,20180517,000000,1429.35,1429.35,1393.99,1424.29,0,0
WPL_MV,D,20180518,000000,1404.1,1414.18,1404.1,1409.13,0,0
WPL_MV,D,20180521,000000,1424.29,1429.35,1393.99,1429.35,0,0
WPL_MV,D,20180522,000000,1434.39,1439.45,1378.84,1414.18,0,0
WPL_MV,D,20180523,000000,1414.18,1414.18,1373.79,1388.95,0,0
WPL_MV,D,20180524,000000,1393.99,1399.04,1348.53,1363.68,0,0
WPL_MV,D,20180525,000000,1363.68,1363.68,1323.27,1363.68,0,0
WPL_MV,D,20180528,000000,1363.68,1399.04,1343.48,1399.04,0,0
WPL_MV,D,20180529,000000,1393.99,1393.99,1348.53,1358.64,0,0
WPL_MV,D,20180530,000000,1358.64,1373.79,1338.45,1363.68,0,0
WPL_MV,D,20180601,000000,1323.27,1388.95,1323.27,1378.84,0,0
WPL_MV,D,20180604,000000,1363.68,1368.73,1348.53,1363.68,0,0
WPL_MV,D,20180605,000000,1363.68,1363.68,1338.45,1353.59,0,0
WPL_MV,D,20180606,000000,1328.33,1328.33,1328.33,1328.33,0,0
WPL_MV,D,20180607,000000,1328.33,1383.89,1303.06,1383.89,0,0
WPL_MV,D,20180608,000000,1348.53,1348.53,1348.53,1348.53,0,0
WPL_MV,D,20180611,000000,1343.48,1383.89,1343.48,1363.68,0,0
WPL_MV,D,20180612,000000,1363.68,1373.79,1353.59,1353.59,0,0
WPL_MV,D,20180613,000000,1343.48,1363.68,1338.45,1338.45,0,0
WPL_MV,D,20180614,000000,1338.45,1353.59,1313.17,1318.24,0,0
WPL_MV,D,20180615,000000,1313.17,1333.38,1313.17,1333.38,0,0
WPL_MV,D,20180618,000000,1328.33,1328.33,1313.17,1313.17,0,0
WPL_MV,D,20180619,000000,1298.04,1313.17,1262.67,1313.17,0,0
WPL_MV,D,20180620,000000,1308.13,1308.13,1267.72,1267.72,0,0
WPL_MV,D,20180621,000000,1262.67,1323.27,1262.67,1287.93,0,0
WPL_MV,D,20180622,000000,1287.93,1287.93,1262.67,1262.67,0,0
WPL_MV,D,20180625,000000,1255.11,1287.93,1212.17,1287.93,0,0
WPL_MV,D,20180626,000000,1287.93,1287.93,1287.93,1287.93,0,0
WPL_MV,D,20180627,000000,1262.67,1267.72,1250.04,1250.04,0,0
WPL_MV,D,20180628,000000,1260.14,1260.14,1237.42,1237.42,0,0
WPL_MV,D,20180629,000000,1237.42,1285.05,1237.42,1285.05,0,0
WPL_MV,D,20180702,000000,1274.92,1279.97,1264.81,1279.97,0,0
WPL_MV,D,20180703,000000,1269.86,1269.86,1264.81,1264.81,0,0
WPL_MV,D,20180704,000000,1285.05,1285.05,1279.97,1279.97,0,0
WPL_MV,D,20180705,000000,1264.81,1285.05,1264.81,1285.05,0,0
WPL_MV,D,20180706,000000,1269.86,1285.05,1264.81,1285.05,0,0
WPL_MV,D,20180709,000000,1290.2,1419.23,1290.2,1310.85,0,0
WPL_MV,D,20180710,000000,1310.85,1310.85,1290.2,1290.2,0,0
WPL_MV,D,20180711,000000,1264.4,1300.52,1246.34,1287.62,0,0
WPL_MV,D,20180712,000000,1290.2,1305.69,1290.2,1305.69,0,0
WPL_MV,D,20180713,000000,1300.52,1300.52,1279.88,1300.52,0,0
WPL_MV,D,20180716,000000,1272.14,1300.52,1272.14,1300.52,0,0
WPL_MV,D,20180717,000000,1290.2,1290.2,1266.99,1290.2,0,0
WPL_MV,D,20180718,000000,1266.99,1290.2,1266.99,1290.2,0,0
WPL_MV,D,20180719,000000,1274.72,1274.72,1272.14,1272.14,0,0
WPL_MV,D,20180720,000000,1266.99,1277.3,1261.82,1261.82,0,0
WPL_MV,D,20180723,000000,1259.23,1310.85,1238.58,1238.58,0,0
WPL_MV,D,20180724,000000,1272.14,1272.14,1238.58,1238.58,0,0
WPL_MV,D,20180725,000000,1238.58,1238.58,1238.58,1238.58,0,0
WPL_MV,D,20180726,000000,1243.75,1243.75,1230.85,1230.85,0,0
WPL_MV,D,20180727,000000,1230.85,1254.08,1230.85,1246.34,0,0
WPL_MV,D,20180730,000000,1254.08,1254.08,1238.58,1238.58,0,0
WPL_MV,D,20180731,000000,1241.18,1261.82,1220.54,1261.82,0,0
WPL_MV,D,20180801,000000,1259.23,1264.4,1230.85,1264.4,0,0
WPL_MV,D,20180802,000000,1264.4,1264.4,1238.58,1264.4,0,0
WPL_MV,D,20180803,000000,1285.05,1285.05,1241.18,1241.18,0,0
WPL_MV,D,20180806,000000,1246.34,1246.34,1238.58,1238.58,0,0
WPL_MV,D,20180807,000000,1254.08,1261.82,1228.28,1228.28,0,0
WPL_MV,D,20180808,000000,1254.08,1254.08,1230.85,1241.18,0,0
WPL_MV,D,20180810,000000,1259.23,1259.23,1225.69,1238.58,0,0
WPL_MV,D,20180813,000000,1225.69,1238.58,1225.69,1238.58,0,0
WPL_MV,D,20180814,000000,1238.58,1238.58,1238.58,1238.58,0,0
WPL_MV,D,20180816,000000,1225.69,1248.91,1225.69,1248.91,0,0
WPL_MV,D,20180817,000000,1248.91,1248.91,1248.91,1248.91,0,0
WPL_MV,D,20180820,000000,1259.23,1259.23,1233.44,1233.44,0,0
WPL_MV,D,20180821,000000,1259.23,1272.14,1246.34,1272.14,0,0
WPL_MV,D,20180822,000000,1259.23,1310.85,1259.23,1310.85,0,0
WPL_MV,D,20180823,000000,1282.46,1310.85,1282.46,1310.85,0,0
WPL_MV,D,20180824,000000,1310.85,1367.6,1310.85,1367.6,0,0
WPL_MV,D,20180827,000000,1367.6,1367.6,1367.6,1367.6,0,0
WPL_MV,D,20180828,000000,1367.6,1434.71,1367.6,1434.71,0,0
WPL_MV,D,20180829,000000,1372.78,1470.84,1372.78,1470.84,0,0
WPL_MV,D,20180830,000000,1470.84,1470.84,1398.59,1445.03,0,0
WPL_MV,D,20180831,000000,1388.24,1470.84,1388.24,1470.84,0,0
WPL_MV,D,20180903,000000,1470.84,1470.84,1408.9,1419.23,0,0
WPL_MV,D,20180904,000000,1403.75,1419.23,1316,1316,0,0
WPL_MV,D,20180905,000000,1316,1341.82,1264.4,1290.2,0,0
WPL_MV,D,20180906,000000,1287.62,1287.62,1212.79,1282.46,0,0
WPL_MV,D,20180907,000000,1266.99,1290.2,1266.99,1287.62,0,0
WPL_MV,D,20180910,000000,1287.62,1341.82,1251.49,1341.82,0,0
WPL_MV,D,20180911,000000,1290.2,1357.28,1290.2,1357.28,0,0
WPL_MV,D,20180912,000000,1388.24,1388.24,1357.28,1367.6,0,0
WPL_MV,D,20180913,000000,1362.45,1362.45,1362.45,1362.45,0,0
WPL_MV,D,20180914,000000,1331.5,1388.24,1331.5,1352.13,0,0
WPL_MV,D,20180917,000000,1352.13,1352.13,1352.13,1352.13,0,0
WPL_MV,D,20180918,000000,1341.82,1341.82,1310.85,1316,0,0
WPL_MV,D,20180919,000000,1316,1393.41,1279.88,1307.37,0,0
WPL_MV,D,20180920,000000,1276.37,1312.53,1276.37,1291.86,0,0
WPL_MV,D,20180921,000000,1289.29,1302.2,1278.94,1291.86,0,0
WPL_MV,D,20180924,000000,1255.71,1348.71,1255.71,1307.37,0,0
WPL_MV,D,20180925,000000,1317.7,1317.7,1307.37,1307.37,0,0
WPL_MV,D,20180926,000000,1307.37,1312.53,1291.86,1312.53,0,0
WPL_MV,D,20180927,000000,1302.2,1317.7,1302.2,1317.7,0,0
WPL_MV,D,20180928,000000,1317.7,1333.21,1302.2,1333.21,0,0
WPL_MV,D,20181001,000000,1328.04,1353.88,1328.04,1333.21,0,0
WPL_MV,D,20181002,000000,1333.21,1343.54,1333.21,1343.54,0,0
WPL_MV,D,20181003,000000,1333.21,1333.21,1307.37,1317.7,0,0
WPL_MV,D,20181004,000000,1333.21,1343.54,1317.7,1343.54,0,0
WPL_MV,D,20181005,000000,1328.04,1333.21,1328.04,1333.21,0,0
WPL_MV,D,20181008,000000,1333.21,1333.21,1302.2,1317.7,0,0
WPL_MV,D,20181009,000000,1333.21,1333.21,1297.04,1297.04,0,0
WPL_MV,D,20181010,000000,1312.53,1312.53,1302.2,1302.2,0,0
WPL_MV,D,20181011,000000,1302.2,1317.7,1297.04,1297.04,0,0
WPL_MV,D,20181012,000000,1317.7,1317.7,1297.04,1317.7,0,0
WPL_MV,D,20181015,000000,1317.7,1338.38,1284.12,1338.38,0,0
WPL_MV,D,20181016,000000,1338.38,1374.55,1312.53,1343.54,0,0
WPL_MV,D,20181017,000000,1395.22,1395.22,1328.04,1343.54,0,0
WPL_MV,D,20181018,000000,1343.54,1379.71,1322.87,1343.54,0,0
WPL_MV,D,20181019,000000,1333.21,1395.22,1328.04,1395.22,0,0
WPL_MV,D,20181022,000000,1384.88,1395.22,1369.37,1369.37,0,0
WPL_MV,D,20181023,000000,1359.05,1359.05,1317.7,1317.7,0,0
WPL_MV,D,20181024,000000,1317.7,1395.22,1297.04,1297.04,0,0
WPL_MV,D,20181025,000000,1297.04,1317.7,1291.86,1317.7,0,0
WPL_MV,D,20181026,000000,1297.04,1328.04,1297.04,1328.04,0,0
WPL_MV,D,20181029,000000,1312.53,1328.04,1281.53,1291.86,0,0
WPL_MV,D,20181030,000000,1289.29,1348.71,1289.29,1312.53,0,0
WPL_MV,D,20181031,000000,1297.04,1364.22,1284.12,1343.54,0,0
WPL_MV,D,20181102,000000,1343.54,1369.37,1343.54,1369.37,0,0
WPL_MV,D,20181105,000000,1379.71,1379.71,1348.71,1379.71,0,0
WPL_MV,D,20181106,000000,1353.88,1379.71,1338.38,1379.71,0,0
WPL_MV,D,20181107,000000,1369.37,1384.88,1359.05,1384.88,0,0
WPL_MV,D,20181108,000000,1395.22,1410.71,1353.88,1384.88,0,0
WPL_MV,D,20181109,000000,1374.55,1395.22,1369.37,1395.22,0,0
WPL_MV,D,20181113,000000,1395.22,1395.22,1343.54,1369.37,0,0
WPL_MV,D,20181114,000000,1369.37,1384.88,1359.05,1369.37,0,0
WPL_MV,D,20181115,000000,1369.37,1369.37,1359.05,1369.37,0,0
WPL_MV,D,20181116,000000,1369.37,1369.37,1333.21,1343.54,0,0
WPL_MV,D,20181119,000000,1343.54,1343.54,1297.04,1312.53,0,0
WPL_MV,D,20181120,000000,1302.2,1302.2,1276.37,1291.86,0,0
WPL_MV,D,20181121,000000,1291.86,1291.86,1289.29,1291.86,0,0
WPL_MV,D,20181122,000000,1297.04,1302.2,1273.77,1291.86,0,0
WPL_MV,D,20181123,000000,1291.86,1291.86,1278.94,1291.86,0,0
WPL_MV,D,20181126,000000,1284.12,1291.86,1284.12,1291.86,0,0
WPL_MV,D,20181127,000000,1291.86,1291.86,1291.86,1291.86,0,0
WPL_MV,D,20181128,000000,1291.86,1291.86,1284.12,1291.86,0,0
WPL_MV,D,20181129,000000,1291.86,1302.2,1286.69,1291.86,0,0
WPL_MV,D,20181130,000000,1322.87,1343.54,1284.12,1284.12,0,0
WPL_MV,D,20181203,000000,1289.29,1328.04,1289.29,1322.87,0,0
WPL_MV,D,20181204,000000,1343.54,1348.71,1338.38,1348.71,0,0
WPL_MV,D,20181205,000000,1338.38,1369.37,1338.38,1369.37,0,0
WPL_MV,D,20181206,000000,1343.54,1343.54,1328.04,1343.54,0,0
WPL_MV,D,20181207,000000,1343.54,1343.54,1307.37,1307.37,0,0
WPL_MV,D,20181210,000000,1328.04,1353.88,1297.04,1312.53,0,0
WPL_MV,D,20181211,000000,1317.7,1348.71,1291.86,1348.71,0,0
WPL_MV,D,20181212,000000,1369.37,1369.37,1322.87,1333.21,0,0
WPL_MV,D,20181213,000000,1343.54,1390.03,1343.54,1369.37,0,0
WPL_MV,D,20181214,000000,1379.71,1379.71,1348.71,1364.88,0,0
WPL_MV,D,20181217,000000,1380.39,1380.39,1333.87,1344.21,0,0
WPL_MV,D,20181218,000000,1344.21,1344.21,1318.34,1328.69,0,0
WPL_MV,D,20181219,000000,1333.87,1344.21,1318.34,1344.21,0,0
WPL_MV,D,20181220,000000,1344.21,1344.21,1308,1328.69,0,0
WPL_MV,D,20181221,000000,1339.03,1339.03,1318.34,1323.54,0,0
WPL_MV,D,20181227,000000,1344.21,1370.05,1318.34,1370.05,0,0
WPL_MV,D,20181228,000000,1385.57,1385.57,1344.21,1364.88,0,0
WPL_MV,D,20190102,000000,1385.57,1385.57,1333.87,1364.88,0,0
WPL_MV,D,20190103,000000,1370.05,1395.9,1354.55,1380.39,0,0
WPL_MV,D,20190104,000000,1370.05,1385.57,1370.05,1370.05,0,0
WPL_MV,D,20190107,000000,1370.05,1390.73,1364.88,1375.23,0,0
WPL_MV,D,20190108,000000,1375.23,1380.39,1370.05,1380.39,0,0
WPL_MV,D,20190109,000000,1375.23,1380.39,1370.05,1380.39,0,0
WPL_MV,D,20190110,000000,1380.39,1385.57,1370.05,1385.57,0,0
WPL_MV,D,20190111,000000,1385.57,1385.57,1364.88,1375.23,0,0
WPL_MV,D,20190114,000000,1395.9,1395.9,1375.23,1375.23,0,0
WPL_MV,D,20190115,000000,1385.57,1385.57,1370.05,1385.57,0,0
WPL_MV,D,20190116,000000,1385.57,1421.75,1370.05,1421.75,0,0
WPL_MV,D,20190117,000000,1416.59,1416.59,1390.73,1390.73,0,0
WPL_MV,D,20190118,000000,1401.07,1416.59,1401.07,1416.59,0,0
WPL_MV,D,20190121,000000,1411.42,1416.59,1411.42,1416.59,0,0
WPL_MV,D,20190122,000000,1411.42,1421.75,1411.42,1416.59,0,0
WPL_MV,D,20190123,000000,1416.59,1468.3,1416.59,1432.09,0,0
WPL_MV,D,20190124,000000,1426.92,1499.29,1426.92,1499.29,0,0
WPL_MV,D,20190125,000000,1499.29,1499.29,1488.96,1499.29,0,0
WPL_MV,D,20190128,000000,1509.64,1509.64,1483.8,1499.29,0,0
WPL_MV,D,20190129,000000,1494.13,1504.47,1483.8,1499.29,0,0
WPL_MV,D,20190130,000000,1478.62,1494.13,1452.76,1463.12,0,0
WPL_MV,D,20190131,000000,1463.12,1509.64,1463.12,1509.64,0,0
WPL_MV,D,20190201,000000,1509.64,1525.16,1504.47,1525.16,0,0
WPL_MV,D,20190204,000000,1525.16,1525.16,1509.64,1525.16,0,0
WPL_MV,D,20190205,000000,1499.29,1535.49,1499.29,1535.49,0,0
WPL_MV,D,20190206,000000,1499.29,1556.17,1499.29,1551,0,0
WPL_MV,D,20190207,000000,1556.17,1556.17,1494.13,1494.13,0,0
WPL_MV,D,20190208,000000,1514.82,1530.33,1494.13,1525.16,0,0
WPL_MV,D,20190211,000000,1540.66,1545.83,1509.64,1509.64,0,0
WPL_MV,D,20190212,000000,1525.16,1525.16,1494.13,1499.29,0,0
WPL_MV,D,20190213,000000,1494.13,1509.64,1457.95,1468.3,0,0
WPL_MV,D,20190214,000000,1499.29,1499.29,1457.95,1457.95,0,0
WPL_MV,D,20190215,000000,1447.61,1494.13,1432.09,1478.62,0,0
WPL_MV,D,20190218,000000,1525.16,1525.16,1473.45,1488.96,0,0
WPL_MV,D,20190219,000000,1488.96,1488.96,1478.62,1478.62,0,0
WPL_MV,D,20190220,000000,1473.45,1488.96,1426.92,1488.96,0,0
WPL_MV,D,20190221,000000,1452.76,1504.47,1452.76,1504.47,0,0
WPL_MV,D,20190222,000000,1525.16,1525.16,1473.45,1525.16,0,0
WPL_MV,D,20190225,000000,1519.99,1525.16,1473.45,1483.8,0,0
WPL_MV,D,20190226,000000,1494.13,1494.13,1452.76,1452.76,0,0
WPL_MV,D,20190227,000000,1457.95,1468.3,1447.61,1447.61,0,0
WPL_MV,D,20190228,000000,1463.12,1463.12,1442.43,1442.43,0,0
WPL_MV,D,20190301,000000,1447.61,1447.61,1432.09,1438.2,0,0
WPL_MV,D,20190304,000000,1422.68,1433.02,1407.17,1433.02,0,0
WPL_MV,D,20190305,000000,1438.2,1438.2,1433.02,1433.02,0,0
WPL_MV,D,20190306,000000,1443.37,1448.55,1443.37,1443.37,0,0
WPL_MV,D,20190307,000000,1448.55,1448.55,1443.37,1443.37,0,0
WPL_MV,D,20190308,000000,1443.37,1443.37,1433.02,1438.2,0,0
WPL_MV,D,20190311,000000,1469.24,1469.24,1427.87,1438.2,0,0
WPL_MV,D,20190312,000000,1464.07,1464.07,1438.2,1448.55,0,0
WPL_MV,D,20190313,000000,1458.9,1500.28,1443.37,1500.28,0,0
WPL_MV,D,20190314,000000,1479.59,1479.59,1453.72,1469.24,0,0
WPL_MV,D,20190315,000000,1489.94,1489.94,1453.72,1474.41,0,0
WPL_MV,D,20190318,000000,1474.41,1479.59,1448.55,1458.9,0,0
WPL_MV,D,20190319,000000,1458.9,1479.59,1458.9,1474.41,0,0
WPL_MV,D,20190320,000000,1469.24,1500.28,1469.24,1500.28,0,0
WPL_MV,D,20190321,000000,1495.1,1562.36,1495.1,1536.5,0,0
WPL_MV,D,20190322,000000,1536.5,1552.02,1526.15,1526.15,0,0
WPL_MV,D,20190325,000000,1526.15,1526.15,1505.45,1526.15,0,0
WPL_MV,D,20190326,000000,1500.28,1505.45,1479.59,1500.28,0,0
WPL_MV,D,20190327,000000,1489.94,1520.98,1489.94,1520.98,0,0
WPL_MV,D,20190328,000000,1531.33,1531.33,1484.77,1484.77,0,0
WPL_MV,D,20190329,000000,1515.8,1520.98,1484.77,1520.98,0,0
WPL_MV,D,20190401,000000,1546.84,1546.84,1489.94,1500.28,0,0
WPL_MV,D,20190402,000000,1546.84,1546.84,1505.45,1541.67,0,0
WPL_MV,D,20190403,000000,1541.67,1541.67,1526.15,1541.67,0,0
WPL_MV,D,20190404,000000,1536.5,1546.84,1520.98,1546.84,0,0
WPL_MV,D,20190405,000000,1546.84,1552.02,1526.15,1552.02,0,0
WPL_MV,D,20190408,000000,1546.84,1552.02,1531.33,1531.33,0,0
WPL_MV,D,20190409,000000,1536.5,1546.84,1510.64,1536.5,0,0
WPL_MV,D,20190410,000000,1541.67,1546.84,1526.15,1536.5,0,0
WPL_MV,D,20190411,000000,1531.33,1572.72,1531.33,1562.36,0,0
WPL_MV,D,20190412,000000,1552.02,1572.72,1546.84,1552.02,0,0
WPL_MV,D,20190415,000000,1562.36,1562.36,1536.5,1541.67,0,0
WPL_MV,D,20190416,000000,1572.72,1572.72,1552.02,1552.02,0,0
WPL_MV,D,20190417,000000,1552.02,1552.02,1541.67,1546.84,0,0
WPL_MV,D,20190418,000000,1526.15,1526.15,1500.28,1520.98,0,0
WPL_MV,D,20190423,000000,1500.28,1546.84,1500.28,1546.84,0,0
WPL_MV,D,20190424,000000,1546.84,1546.84,1505.45,1505.45,0,0
WPL_MV,D,20190425,000000,1526.15,1541.67,1526.15,1541.67,0,0
WPL_MV,D,20190426,000000,1510.64,1541.67,1510.64,1531.33,0,0
WPL_MV,D,20190429,000000,1526.15,1552.02,1515.8,1531.33,0,0
WPL_MV,D,20190430,000000,1526.15,1552.02,1520.98,1552.02,0,0
WPL_MV,D,20190502,000000,1526.15,1552.02,1526.15,1531.33,0,0
WPL_MV,D,20190506,000000,1546.84,1546.84,1484.77,1495.1,0,0
WPL_MV,D,20190507,000000,1495.1,1526.15,1495.1,1505.45,0,0
WPL_MV,D,20190508,000000,1500.28,1505.45,1489.94,1489.94,0,0
WPL_MV,D,20190509,000000,1489.94,1495.1,1489.94,1495.1,0,0
WPL_MV,D,20190510,000000,1484.77,1510.64,1484.77,1510.64,0,0
WPL_MV,D,20190513,000000,1500.28,1505.45,1495.1,1495.1,0,0
WPL_MV,D,20190514,000000,1479.59,1577.88,1479.59,1500.28,0,0
WPL_MV,D,20190515,000000,1505.45,1562.36,1500.28,1515.8,0,0
WPL_MV,D,20190516,000000,1515.8,1526.15,1515.8,1520.98,0,0
WPL_MV,D,20190517,000000,1520.98,1520.98,1479.59,1495.1,0,0
WPL_MV,D,20190520,000000,1484.77,1484.77,1433.02,1448.55,0,0
WPL_MV,D,20190521,000000,1448.55,1469.24,1433.02,1433.02,0,0
WPL_MV,D,20190522,000000,1458.9,1458.9,1448.55,1453.72,0,0
WPL_MV,D,20190523,000000,1448.55,1469.24,1448.55,1453.72,0,0
WPL_MV,D,20190524,000000,1453.72,1469.24,1448.55,1449.59,0,0
WPL_MV,D,20190527,000000,1454.78,1496.18,1454.78,1491.02,0,0
WPL_MV,D,20190528,000000,1470.31,1506.54,1470.31,1496.18,0,0
WPL_MV,D,20190529,000000,1480.67,1480.67,1459.94,1459.94,0,0
WPL_MV,D,20190530,000000,1475.49,1480.67,1470.31,1470.31,0,0
WPL_MV,D,20190531,000000,1470.31,1496.18,1454.78,1496.18,0,0
WPL_MV,D,20190603,000000,1496.18,1516.91,1491.02,1501.36,0,0
WPL_MV,D,20190604,000000,1516.91,1516.91,1496.18,1496.18,0,0
WPL_MV,D,20190605,000000,1475.49,1501.36,1475.49,1485.83,0,0
WPL_MV,D,20190606,000000,1506.91,1575.4,1506.91,1570.14,0,0
WPL_MV,D,20190607,000000,1527.99,1575.4,1527.99,1554.33,0,0
WPL_MV,D,20190610,000000,1570.14,1580.68,1538.53,1580.68,0,0
WPL_MV,D,20190611,000000,1575.4,1591.21,1575.4,1580.68,0,0
WPL_MV,D,20190612,000000,1570.14,1570.14,1554.33,1554.33,0,0
WPL_MV,D,20190613,000000,1564.87,1659.71,1554.33,1633.38,0,0
WPL_MV,D,20190614,000000,1633.38,1659.71,1633.38,1643.9,0,0
WPL_MV,D,20190617,000000,1649.18,1654.44,1638.63,1638.63,0,0
WPL_MV,D,20190618,000000,1638.63,1654.44,1591.21,1649.18,0,0
WPL_MV,D,20190619,000000,1649.18,1664.98,1633.38,1633.38,0,0
WPL_MV,D,20190621,000000,1633.38,1659.71,1633.38,1659.71,0,0
WPL_MV,D,20190624,000000,1659.71,1664.98,1638.63,1654.44,0,0
WPL_MV,D,20190625,000000,1664.98,1664.98,1617.55,1649.18,0,0
WPL_MV,D,20190626,000000,1649.18,1675.52,1633.38,1649.18,0,0
WPL_MV,D,20190627,000000,1649.18,1670.25,1649.18,1670.25,0,0
WPL_MV,D,20190628,000000,1654.44,1654.44,1638.63,1654.44,0,0
WPL_MV,D,20190701,000000,1680.78,1680.78,1575.4,1580.68,0,0
WPL_MV,D,20190702,000000,1643.9,1659.71,1612.29,1612.29,0,0
WPL_MV,D,20190703,000000,1612.29,1654.44,1612.29,1628.1,0,0
WPL_MV,D,20190704,000000,1633.38,1659.71,1607.03,1633.38,0,0
WPL_MV,D,20190705,000000,1633.38,1659.71,1633.38,1659.71,0,0
WPL_MV,D,20190708,000000,1670.25,1675.52,1638.63,1670.25,0,0
WPL_MV,D,20190709,000000,1659.71,1659.71,1649.18,1649.18,0,0
WPL_MV,D,20190710,000000,1649.18,1675.52,1649.18,1675.52,0,0
WPL_MV,D,20190711,000000,1654.44,1654.44,1612.29,1612.29,0,0
WPL_MV,D,20190712,000000,1612.29,1654.44,1591.21,1596.48,0,0
WPL_MV,D,20190715,000000,1591.21,1607.03,1580.68,1585.94,0,0
WPL_MV,D,20190716,000000,1596.48,1601.75,1580.68,1580.68,0,0
WPL_MV,D,20190717,000000,1585.94,1601.75,1575.4,1575.4,0,0
WPL_MV,D,20190718,000000,1564.87,1607.03,1564.87,1580.68,0,0
WPL_MV,D,20190719,000000,1607.03,1612.29,1580.68,1580.68,0,0
WPL_MV,D,20190722,000000,1575.4,1617.55,1575.4,1612.29,0,0
WPL_MV,D,20190723,000000,1612.29,1612.29,1607.03,1612.29,0,0
WPL_MV,D,20190724,000000,1612.29,1633.38,1612.29,1633.38,0,0
WPL_MV,D,20190725,000000,1607.03,1633.38,1607.03,1633.38,0,0
WPL_MV,D,20190726,000000,1628.1,1659.71,1628.1,1633.38,0,0
WPL_MV,D,20190729,000000,1654.44,1654.44,1633.38,1649.18,0,0
WPL_MV,D,20190730,000000,1649.18,1654.44,1633.38,1654.44,0,0
WPL_MV,D,20190731,000000,1643.9,1675.52,1638.63,1643.9,0,0
WPL_MV,D,20190801,000000,1670.25,1670.25,1633.38,1633.38,0,0
WPL_MV,D,20190802,000000,1633.38,1654.44,1633.38,1633.38,0,0
WPL_MV,D,20190805,000000,1649.18,1649.18,1633.38,1638.63,0,0
WPL_MV,D,20190806,000000,1633.38,1659.71,1628.1,1633.38,0,0
WPL_MV,D,20190807,000000,1633.38,1643.9,1612.29,1643.9,0,0
WPL_MV,D,20190808,000000,1643.9,1649.18,1596.48,1633.38,0,0
WPL_MV,D,20190809,000000,1643.9,1659.71,1570.14,1580.68,0,0
WPL_MV,D,20190812,000000,1580.68,1628.1,1564.87,1628.1,0,0
WPL_MV,D,20190813,000000,1628.1,1654.44,1601.75,1654.44,0,0
WPL_MV,D,20190814,000000,1633.38,1638.63,1607.03,1607.03,0,0
WPL_MV,D,20190816,000000,1607.03,1670.25,1607.03,1633.38,0,0
WPL_MV,D,20190819,000000,1659.71,1659.71,1612.29,1633.38,0,0
WPL_MV,D,20190820,000000,1628.1,1659.71,1622.84,1659.71,0,0
WPL_MV,D,20190821,000000,1654.44,1659.71,1633.38,1633.38,0,0
WPL_MV,D,20190822,000000,1638.63,1638.63,1585.94,1585.94,0,0
WPL_MV,D,20190823,000000,1649.18,1649.18,1580.68,1580.68,0,0
WPL_MV,D,20190826,000000,1554.33,1628.1,1554.33,1596.48,0,0
WPL_MV,D,20190827,000000,1607.03,1607.03,1559.6,1559.6,0,0
WPL_MV,D,20190828,000000,1591.21,1607.03,1559.6,1559.6,0,0
WPL_MV,D,20190829,000000,1570.14,1596.48,1564.87,1596.48,0,0
WPL_MV,D,20190830,000000,1601.75,1628.1,1596.48,1607.94,0,0
WPL_MV,D,20190902,000000,1607.94,1618.48,1607.94,1618.48,0,0
WPL_MV,D,20190903,000000,1602.67,1629.03,1602.67,1613.21,0,0
WPL_MV,D,20190904,000000,1618.48,1671.2,1618.48,1650.11,0,0
WPL_MV,D,20190905,000000,1650.11,1660.65,1644.83,1660.65,0,0
WPL_MV,D,20190906,000000,1660.65,1660.65,1623.75,1623.75,0,0
WPL_MV,D,20190909,000000,1623.75,1665.93,1623.75,1634.28,0,0
WPL_MV,D,20190910,000000,1655.38,1660.65,1618.48,1634.28,0,0
WPL_MV,D,20190911,000000,1597.39,1650.11,1597.39,1629.03,0,0
WPL_MV,D,20190912,000000,1639.57,1660.65,1639.57,1660.65,0,0
WPL_MV,D,20190913,000000,1634.28,1660.65,1623.75,1660.65,0,0
WPL_MV,D,20190916,000000,1660.65,1681.74,1650.11,1681.74,0,0
WPL_MV,D,20190917,000000,1681.74,1681.74,1665.93,1676.46,0,0
WPL_MV,D,20190918,000000,1687,1729.19,1681.74,1713.37,0,0
WPL_MV,D,20190919,000000,1729.19,1739.73,1708.1,1739.73,0,0
WPL_MV,D,20190920,000000,1739.73,1739.73,1713.37,1739.73,0,0
WPL_MV,D,20190923,000000,1739.73,1739.73,1723.92,1734.46,0,0
WPL_MV,D,20190924,000000,1734.46,1734.46,1713.37,1734.46,0,0
WPL_MV,D,20190925,000000,1713.37,1734.46,1713.37,1734.46,0,0
WPL_MV,D,20190926,000000,1729.19,1739.73,1718.65,1734.46,0,0
WPL_MV,D,20190927,000000,1739.73,1750.28,1729.19,1739.73,0,0
WPL_MV,D,20190930,000000,1750.28,1766.09,1750.28,1766.09,0,0
WPL_MV,D,20191001,000000,1818.81,1818.81,1723.92,1760.81,0,0
WPL_MV,D,20191002,000000,1760.81,1760.81,1702.81,1713.37,0,0
WPL_MV,D,20191003,000000,1713.37,1755.54,1697.55,1745,0,0
WPL_MV,D,20191004,000000,1745,1771.36,1729.19,1771.36,0,0
WPL_MV,D,20191007,000000,1797.72,1797.72,1734.46,1766.09,0,0
WPL_MV,D,20191008,000000,1776.64,1776.64,1718.65,1745,0,0
WPL_MV,D,20191009,000000,1750.28,1750.28,1713.37,1713.37,0,0
WPL_MV,D,20191010,000000,1739.73,1739.73,1739.73,1739.73,0,0
WPL_MV,D,20191011,000000,1739.73,1755.54,1734.46,1739.73,0,0
WPL_MV,D,20191014,000000,1718.65,1739.73,1713.37,1739.73,0,0
WPL_MV,D,20191015,000000,1813.53,1813.53,1718.65,1766.09,0,0
WPL_MV,D,20191016,000000,1802.99,1802.99,1755.54,1766.09,0,0
WPL_MV,D,20191017,000000,1718.65,1766.09,1718.65,1745,0,0
WPL_MV,D,20191018,000000,1755.54,1760.81,1713.37,1713.37,0,0
WPL_MV,D,20191021,000000,1729.19,1739.73,1692.28,1713.37,0,0
WPL_MV,D,20191022,000000,1734.46,1734.46,1665.93,1708.1,0,0
WPL_MV,D,20191023,000000,1734.46,1734.46,1687,1687,0,0
WPL_MV,D,20191024,000000,1687,1687,1655.38,1681.74,0,0
WPL_MV,D,20191025,000000,1676.46,1676.46,1639.57,1660.65,0,0
WPL_MV,D,20191028,000000,1629.03,1687,1629.03,1687,0,0
WPL_MV,D,20191029,000000,1739.73,1739.73,1681.74,1708.1,0,0
WPL_MV,D,20191030,000000,1697.55,1713.37,1676.46,1676.46,0,0
WPL_MV,D,20191031,000000,1702.81,1702.81,1665.93,1692.28,0,0
WPL_MV,D,20191104,000000,1671.2,1781.91,1671.2,1713.37,0,0
WPL_MV,D,20191105,000000,1702.81,1734.46,1702.81,1718.65,0,0
WPL_MV,D,20191106,000000,1692.28,1718.65,1687,1687,0,0
WPL_MV,D,20191107,000000,1687,1718.65,1687,1708.1,0,0
WPL_MV,D,20191108,000000,1708.1,1708.1,1692.28,1692.28,0,0
WPL_MV,D,20191112,000000,1687,1723.92,1687,1723.92,0,0
WPL_MV,D,20191113,000000,1739.73,1739.73,1687,1729.19,0,0
WPL_MV,D,20191114,000000,1729.19,1729.19,1676.46,1718.65,0,0
WPL_MV,D,20191115,000000,1697.55,1739.73,1697.55,1739.73,0,0
WPL_MV,D,20191118,000000,1771.36,1792.44,1697.55,1792.44,0,0
WPL_MV,D,20191119,000000,1745,1818.81,1745,1808.26,0,0
WPL_MV,D,20191120,000000,1808.26,1808.26,1745,1776.64,0,0
WPL_MV,D,20191121,000000,1755.54,1755.54,1729.19,1755.54,0,0
WPL_MV,D,20191122,000000,1755.54,1787.17,1739.73,1750.28,0,0
WPL_MV,D,20191125,000000,1755.54,1792.44,1755.54,1787.17,0,0
WPL_MV,D,20191126,000000,1776.64,1802.99,1771.36,1802.99,0,0
WPL_MV,D,20191127,000000,1787.17,1818.81,1787.17,1818.81,0,0
WPL_MV,D,20191128,000000,1818.81,1818.81,1792.44,1818.81,0,0
WPL_MV,D,20191129,000000,1797.72,1813.53,1792.44,1802.99,0,0
WPL_MV,D,20191202,000000,1813.53,1813.53,1792.44,1813.53,0,0
WPL_MV,D,20191203,000000,1818.81,1818.81,1766.09,1787.17,0,0
WPL_MV,D,20191204,000000,1787.17,1802.99,1787.17,1797.72,0,0
WPL_MV,D,20191205,000000,1787.17,1813.53,1771.36,1802.99,0,0
WPL_MV,D,20191206,000000,1797.72,1797.72,1776.64,1797.72,0,0
WPL_MV,D,20191209,000000,1776.64,1797.72,1776.64,1792.44,0,0
WPL_MV,D,20191210,000000,1797.72,1818.81,1750.28,1776.64,0,0
WPL_MV,D,20191211,000000,1813.53,1813.53,1755.54,1766.09,0,0
WPL_MV,D,20191212,000000,1766.09,1818.81,1750.28,1750.28,0,0
WPL_MV,D,20191213,000000,1750.28,1766.09,1739.73,1766.09,0,0
WPL_MV,D,20191216,000000,1766.09,1845.17,1766.09,1813.53,0,0
WPL_MV,D,20191217,000000,1818.81,1818.81,1797.72,1797.72,0,0
WPL_MV,D,20191218,000000,1818.81,1845.17,1797.72,1824.08,0,0
WPL_MV,D,20191219,000000,1824.08,1829.34,1766.09,1766.09,0,0
WPL_MV,D,20191220,000000,1792.44,1860.99,1776.64,1834.64,0,0
WPL_MV,D,20191223,000000,1829.34,1829.34,1818.81,1818.81,0,0
WPL_MV,D,20191227,000000,1845.17,1845.17,1818.81,1839.9,0,0
WPL_MV,D,20191230,000000,1818.81,1845.17,1818.81,1839.9,0,0
WPL_MV,D,20200102,000000,1845.17,1882.07,1824.08,1855.71,0,0
WPL_MV,D,20200103,000000,1871.52,1882.07,1829.34,1871.52,0,0
WPL_MV,D,20200107,000000,1871.52,2056.04,1871.52,2029.69,0,0
WPL_MV,D,20200108,000000,2135.13,2135.13,2045.5,2045.5,0,0
WPL_MV,D,20200109,000000,2135.13,2135.13,1955.88,1955.88,0,0
WPL_MV,D,20200110,000000,1950.6,1971.7,1892.61,1950.6,0,0
WPL_MV,D,20200113,000000,1950.6,2013.86,1950.6,1976.97,0,0
WPL_MV,D,20200114,000000,1976.97,2066.58,1976.97,2045.5,0,0
WPL_MV,D,20200115,000000,2050.76,2108.77,2040.24,2061.3,0,0
WPL_MV,D,20200116,000000,2050.76,2082.41,2019.15,2056.04,0,0
WPL_MV,D,20200117,000000,2056.04,2071.87,2029.69,2040.24,0,0
WPL_MV,D,20200120,000000,2066.58,2066.58,2003.32,2040.24,0,0
WPL_MV,D,20200121,000000,2024.41,2056.04,2024.41,2029.69,0,0
WPL_MV,D,20200122,000000,2040.24,2066.58,2034.95,2056.04,0,0
WPL_MV,D,20200123,000000,2103.48,2114.04,2082.41,2108.77,0,0
WPL_MV,D,20200124,000000,2119.3,2172.01,2087.69,2172.01,0,0
WPL_MV,D,20200127,000000,2187.85,2187.85,2124.58,2135.13,0,0
WPL_MV,D,20200128,000000,2135.13,2156.21,2087.69,2119.3,0,0
WPL_MV,D,20200129,000000,2140.4,2140.4,2082.41,2092.95,0,0
WPL_MV,D,20200130,000000,2092.95,2161.48,2082.41,2103.48,0,0
WPL_MV,D,20200131,000000,2092.95,2156.21,2092.95,2135.89,0,0
WPL_MV,D,20200203,000000,2125.35,2151.73,2104.25,2151.73,0,0
WPL_MV,D,20200204,000000,2172.82,2172.82,2157,2167.54,0,0
WPL_MV,D,20200205,000000,2167.54,2320.48,2162.26,2278.3,0,0
WPL_MV,D,20200206,000000,2346.84,2346.84,2241.36,2246.64,0,0
WPL_MV,D,20200207,000000,2246.64,2257.19,2183.37,2236.1,0,0
WPL_MV,D,20200210,000000,2278.3,2283.57,2167.54,2220.28,0,0
WPL_MV,D,20200211,000000,2199.18,2278.3,2193.91,2214.99,0,0
WPL_MV,D,20200212,000000,2220.28,2220.28,2199.18,2214.99,0,0
WPL_MV,D,20200213,000000,2209.73,2214.99,2204.46,2214.99,0,0
WPL_MV,D,20200214,000000,2214.99,2241.36,2199.18,2241.36,0,0
WPL_MV,D,20200217,000000,2230.83,2320.48,2230.83,2230.83,0,0
WPL_MV,D,20200218,000000,2241.36,2257.19,2220.28,2241.36,0,0
WPL_MV,D,20200219,000000,2241.36,2267.74,2241.36,2267.74,0,0
WPL_MV,D,20200220,000000,2267.74,2315.21,2267.74,2304.65,0,0
WPL_MV,D,20200221,000000,2294.11,2304.65,2251.92,2288.83,0,0
WPL_MV,D,20200224,000000,2246.64,2262.45,2172.82,2209.73,0,0
WPL_MV,D,20200225,000000,2114.8,2114.8,1977.67,2077.88,0,0
WPL_MV,D,20200226,000000,2056.79,2114.8,2056.79,2093.69,0,0
WPL_MV,D,20200227,000000,2009.32,2104.25,2004.04,2004.04,0,0
WPL_MV,D,20200228,000000,1977.67,2056.79,1903.85,1982.95,0,0
WPL_MV,D,20200302,000000,1977.67,2051.51,1872.2,1872.2,0,0
WPL_MV,D,20200303,000000,1951.3,2030.42,1951.3,1982.95,0,0
WPL_MV,D,20200304,000000,2072.61,2093.69,2019.88,2056.79,0,0
WPL_MV,D,20200305,000000,2109.53,2135.89,2051.51,2083.16,0,0
WPL_MV,D,20200306,000000,2004.04,2083.16,1903.85,1935.49,0,0
WPL_MV,D,20200309,000000,1761.46,1919.67,1761.46,1798.37,0,0
WPL_MV,D,20200310,000000,1793.1,1893.3,1793.1,1830.02,0,0
WPL_MV,D,20200311,000000,1924.94,1924.94,1671.79,1756.18,0,0
WPL_MV,D,20200312,000000,1608.5,1650.7,1555.77,1582.14,0,0
WPL_MV,D,20200313,000000,1645.43,1645.43,1334.27,1334.27,0,0
WPL_MV,D,20200316,000000,1355.37,1355.37,1220.89,1249.9,0,0
WPL_MV,D,20200317,000000,1344.82,1408.1,1292.08,1371.19,0,0
WPL_MV,D,20200318,000000,1360.63,1450.3,1360.63,1402.84,0,0
WPL_MV,D,20200319,000000,1350.09,1418.65,1350.09,1418.65,0,0
WPL_MV,D,20200320,000000,1460.84,1513.58,1418.65,1504.82,0,0
WPL_MV,D,20200323,000000,1541.78,1541.78,1404.51,1425.61,0,0
WPL_MV,D,20200324,000000,1473.16,1568.19,1441.48,1478.43,0,0
WPL_MV,D,20200325,000000,1525.95,1536.51,1415.06,1457.31,0,0
WPL_MV,D,20200326,000000,1452.03,1452.03,1425.61,1425.61,0,0
WPL_MV,D,20200327,000000,1436.19,1446.76,1399.23,1404.51,0,0
WPL_MV,D,20200330,000000,1415.06,1415.06,1372.83,1399.23,0,0
WPL_MV,D,20200331,000000,1425.61,1425.61,1399.23,1425.61,0,0
WPL_MV,D,20200401,000000,1409.78,1446.76,1399.23,1446.76,0,0
WPL_MV,D,20200402,000000,1446.76,1473.16,1430.91,1452.03,0,0
WPL_MV,D,20200403,000000,1452.03,1452.03,1409.78,1446.76,0,0
WPL_MV,D,20200406,000000,1452.03,1473.16,1452.03,1473.16,0,0
WPL_MV,D,20200407,000000,1478.43,1531.23,1478.43,1520.67,0,0
WPL_MV,D,20200408,000000,1536.51,1573.47,1531.23,1547.07,0,0
WPL_MV,D,20200409,000000,1531.23,1689.63,1531.23,1689.63,0,0
WPL_MV,D,20200414,000000,1737.15,1795.23,1737.15,1768.83,0,0
WPL_MV,D,20200415,000000,1768.83,1768.83,1663.24,1726.59,0,0
WPL_MV,D,20200416,000000,1716.03,1768.83,1710.75,1710.75,0,0
WPL_MV,D,20200417,000000,1710.75,1789.95,1710.75,1789.95,0,0
WPL_MV,D,20200420,000000,1800.51,1895.56,1768.83,1853.32,0,0
WPL_MV,D,20200421,000000,1837.47,1900.85,1795.23,1874.44,0,0
WPL_MV,D,20200422,000000,1900.85,1900.85,1768.83,1879.71,0,0
WPL_MV,D,20200423,000000,1858.6,1858.6,1758.27,1784.68,0,0
WPL_MV,D,20200424,000000,1784.68,1837.47,1758.27,1784.68,0,0
WPL_MV,D,20200427,000000,1795.23,1821.64,1663.24,1663.24,0,0
WPL_MV,D,20200428,000000,1663.24,1747.72,1663.24,1737.15,0,0
WPL_MV,D,20200429,000000,1763.54,1779.4,1710.75,1779.4,0,0
WPL_MV,D,20200430,000000,1789.95,1821.64,1758.27,1768.83,0,0
WPL_MV,D,20200504,000000,1795.23,1800.51,1768.83,1789.95,0,0
WPL_MV,D,20200505,000000,1805.79,1826.92,1742.44,1742.44,0,0
WPL_MV,D,20200506,000000,1747.72,1747.72,1705.48,1742.44,0,0
WPL_MV,D,20200507,000000,1784.68,1784.68,1726.59,1763.54,0,0
WPL_MV,D,20200508,000000,1768.83,1768.83,1742.44,1752.99,0,0
WPL_MV,D,20200511,000000,1742.44,1789.95,1742.44,1768.83,0,0
WPL_MV,D,20200512,000000,1742.44,1805.79,1742.44,1805.79,0,0
WPL_MV,D,20200513,000000,1805.79,1816.35,1774.12,1795.23,0,0
WPL_MV,D,20200514,000000,1795.23,1795.23,1700.21,1705.48,0,0
WPL_MV,D,20200515,000000,1716.03,1768.83,1716.03,1752.99,0,0
WPL_MV,D,20200518,000000,1721.31,1795.23,1700.21,1731.87,0,0
WPL_MV,D,20200519,000000,1758.27,1763.54,1710.75,1752.99,0,0
WPL_MV,D,20200520,000000,1721.31,1789.95,1721.31,1768.83,0,0
WPL_MV,D,20200521,000000,1768.83,1779.4,1758.27,1779.4,0,0
WPL_MV,D,20200522,000000,1774.12,1784.68,1726.59,1774.12,0,0
WPL_MV,D,20200525,000000,1795.23,1795.23,1779.4,1784.68,0,0
WPL_MV,D,20200526,000000,1789.95,1821.64,1779.4,1821.64,0,0
WPL_MV,D,20200527,000000,1816.35,1943.08,1805.79,1929.06,0,0
WPL_MV,D,20200528,000000,1929.06,1976.62,1929.06,1976.62,0,0
WPL_MV,D,20200529,000000,1981.91,1981.91,1876.21,1939.62,0,0
WPL_MV,D,20200601,000000,1981.91,2061.19,1876.21,1997.76,0,0
WPL_MV,D,20200602,000000,1997.76,2003.06,1960.76,1971.33,0,0
WPL_MV,D,20200603,000000,1971.33,1976.62,1955.47,1955.47,0,0
WPL_MV,D,20200604,000000,1960.76,2008.34,1944.91,1976.62,0,0
WPL_MV,D,20200605,000000,1971.33,1971.33,1939.62,1955.47,0,0
WPL_MV,D,20200608,000000,1960.76,2003.06,1944.91,1955.47,0,0
WPL_MV,D,20200609,000000,1960.76,1960.76,1886.77,1934.35,0,0
WPL_MV,D,20200610,000000,1944.91,1944.91,1881.49,1923.77,0,0
WPL_MV,D,20200612,000000,1849.79,1918.48,1849.79,1849.79,0,0
WPL_MV,D,20200615,000000,1865.64,1876.21,1833.94,1876.21,0,0
WPL_MV,D,20200616,000000,1892.06,1892.06,1823.36,1823.36,0,0
WPL_MV,D,20200617,000000,1833.94,1849.79,1786.35,1791.66,0,0
WPL_MV,D,20200618,000000,1802.2,1849.79,1802.2,1844.49,0,0
WPL_MV,D,20200619,000000,1855.06,1855.06,1775.79,1823.36,0,0
WPL_MV,D,20200622,000000,1802.2,1876.21,1802.2,1833.94,0,0
WPL_MV,D,20200623,000000,1839.2,1886.77,1839.2,1865.64,0,0
WPL_MV,D,20200624,000000,1870.92,1876.21,1849.79,1849.79,0,0
WPL_MV,D,20200625,000000,1876.21,1876.21,1849.79,1876.21,0,0
WPL_MV,D,20200626,000000,1860.35,1860.35,1812.78,1823.36,0,0
WPL_MV,D,20200629,000000,1844.49,1860.35,1770.5,1823.36,0,0
WPL_MV,D,20200630,000000,1839.2,1865.64,1791.66,1802.2,0,0
WPL_MV,D,20200701,000000,1812.78,1812.78,1749.38,1807.5,0,0
WPL_MV,D,20200702,000000,1807.5,1849.79,1807.5,1849.79,0,0
WPL_MV,D,20200703,000000,1849.79,1849.79,1833.94,1849.79,0,0
WPL_MV,D,20200706,000000,1849.79,1849.79,1828.64,1849.79,0,0
WPL_MV,D,20200707,000000,1844.49,1849.79,1823.36,1833.94,0,0
WPL_MV,D,20200708,000000,1855.06,1918.48,1833.94,1855.06,0,0
WPL_MV,D,20200709,000000,1870.92,1923.77,1855.06,1907.92,0,0
WPL_MV,D,20200710,000000,1897.35,1923.77,1876.21,1876.21,0,0
WPL_MV,D,20200713,000000,1897.35,1923.77,1849.79,1849.79,0,0
WPL_MV,D,20200714,000000,1855.06,1892.06,1855.06,1860.35,0,0
WPL_MV,D,20200715,000000,1865.64,1886.77,1865.64,1886.77,0,0
WPL_MV,D,20200716,000000,1881.49,1886.77,1870.92,1881.49,0,0
WPL_MV,D,20200717,000000,1881.49,1881.49,1860.35,1881.49,0,0
WPL_MV,D,20200720,000000,1881.49,1918.48,1881.49,1881.49,0,0
WPL_MV,D,20200721,000000,1902.63,1976.62,1897.35,1976.62,0,0
WPL_MV,D,20200722,000000,1997.76,1997.76,1892.06,1892.06,0,0
WPL_MV,D,20200723,000000,1907.92,1934.35,1870.92,1902.63,0,0
WPL_MV,D,20200724,000000,1902.63,1902.63,1839.2,1870.92,0,0
WPL_MV,D,20200727,000000,1849.79,1855.06,1833.94,1839.2,0,0
WPL_MV,D,20200728,000000,1833.94,1849.79,1796.94,1807.5,0,0
WPL_MV,D,20200729,000000,1807.5,1849.79,1802.2,1823.36,0,0
WPL_MV,D,20200730,000000,1823.36,1886.77,1823.36,1849.79,0,0
WPL_MV,D,20200731,000000,1828.64,1897.35,1802.2,1881.49,0,0
WPL_MV,D,20200803,000000,1886.77,2018.91,1828.64,2018.91,0,0
WPL_MV,D,20200804,000000,2018.91,2018.91,1960.76,1981.91,0,0
WPL_MV,D,20200805,000000,1981.91,2008.34,1981.91,2008.34,0,0
WPL_MV,D,20200806,000000,1987.19,2003.06,1981.91,1981.91,0,0
WPL_MV,D,20200807,000000,1981.91,2008.34,1981.91,1981.91,0,0
WPL_MV,D,20200810,000000,1960.76,1966.05,1939.62,1955.47,0,0
WPL_MV,D,20200811,000000,1971.33,1971.33,1881.49,1929.06,0,0
WPL_MV,D,20200812,000000,1886.77,1934.35,1886.77,1907.92,0,0
WPL_MV,D,20200813,000000,1892.06,1976.62,1892.06,1913.19,0,0
WPL_MV,D,20200814,000000,1876.21,1929.06,1860.35,1860.35,0,0
WPL_MV,D,20200817,000000,1907.92,1923.77,1855.06,1899.34,0,0
WPL_MV,D,20200818,000000,1867.6,1925.79,1851.73,1909.92,0,0
WPL_MV,D,20200819,000000,1862.3,1946.96,1862.3,1909.92,0,0
WPL_MV,D,20200820,000000,1867.6,1931.08,1867.6,1925.79,0,0
WPL_MV,D,20200821,000000,1931.08,1957.53,1830.57,1851.73,0,0
WPL_MV,D,20200824,000000,1862.3,1888.76,1830.57,1851.73,0,0
WPL_MV,D,20200825,000000,1851.73,1925.79,1851.73,1888.76,0,0
WPL_MV,D,20200826,000000,1872.89,1957.53,1872.89,1946.96,0,0
WPL_MV,D,20200827,000000,1957.53,1983.99,1946.96,1957.53,0,0
WPL_MV,D,20200828,000000,1957.53,1962.83,1946.96,1946.96,0,0
WPL_MV,D,20200831,000000,1957.53,1957.53,1957.53,1957.53,0,0
WPL_MV,D,20200901,000000,1957.53,1957.53,1957.53,1957.53,0,0
WPL_MV,D,20200902,000000,1957.53,1978.71,1931.08,1957.53,0,0
WPL_MV,D,20200903,000000,1946.96,1957.53,1931.08,1931.08,0,0
WPL_MV,D,20200904,000000,1941.67,1983.99,1915.22,1968.12,0,0
WPL_MV,D,20200907,000000,2010.45,2010.45,1899.34,1909.92,0,0
WPL_MV,D,20200908,000000,1920.52,1931.08,1777.66,1793.53,0,0
WPL_MV,D,20200909,000000,1798.83,1851.73,1798.83,1851.73,0,0
WPL_MV,D,20200910,000000,1851.73,1862.3,1809.4,1851.73,0,0
WPL_MV,D,20200911,000000,1819.98,1841.15,1809.4,1841.15,0,0
WPL_MV,D,20200914,000000,1814.7,1851.73,1798.83,1841.15,0,0
WPL_MV,D,20200915,000000,1825.27,1835.86,1798.83,1825.27,0,0
WPL_MV,D,20200916,000000,1825.27,1862.3,1782.96,1862.3,0,0
WPL_MV,D,20200917,000000,1862.3,1899.34,1841.15,1841.15,0,0
WPL_MV,D,20200918,000000,1846.44,1846.44,1756.49,1761.78,0,0
WPL_MV,D,20200921,000000,1756.49,1920.52,1756.49,1761.78,0,0
WPL_MV,D,20200922,000000,1740.63,1782.96,1740.63,1761.78,0,0
WPL_MV,D,20200923,000000,1767.08,1846.44,1767.08,1814.7,0,0
WPL_MV,D,20200924,000000,1814.7,1835.86,1798.83,1835.86,0,0
WPL_MV,D,20200925,000000,1835.86,1835.86,1804.11,1825.27,0,0
WPL_MV,D,20200928,000000,1825.27,1851.73,1814.7,1851.73,0,0
WPL_MV,D,20200929,000000,1851.73,1920.52,1851.73,1904.63,0,0
WPL_MV,D,20200930,000000,1904.63,1936.38,1904.63,1925.79,0,0
WPL_MV,D,20201001,000000,1920.52,1920.52,1825.27,1825.27,0,0
WPL_MV,D,20201002,000000,1857.02,1857.02,1772.37,1798.83,0,0
WPL_MV,D,20201005,000000,1835.86,1835.86,1777.66,1814.7,0,0
WPL_MV,D,20201006,000000,1830.57,1830.57,1772.37,1804.11,0,0
WPL_MV,D,20201007,000000,1804.11,1825.27,1788.23,1809.4,0,0
WPL_MV,D,20201008,000000,1804.11,1825.27,1777.66,1777.66,0,0
WPL_MV,D,20201009,000000,1793.53,1793.53,1740.63,1740.63,0,0
WPL_MV,D,20201012,000000,1745.92,1899.34,1745.92,1899.34,0,0
WPL_MV,D,20201013,000000,1872.89,1883.48,1851.73,1878.18,0,0
WPL_MV,D,20201014,000000,1862.3,1941.67,1857.02,1931.08,0,0
WPL_MV,D,20201015,000000,1957.53,1957.53,1841.15,1931.08,0,0
WPL_MV,D,20201016,000000,1915.22,1978.71,1862.3,1978.71,0,0
WPL_MV,D,20201019,000000,1978.71,1978.71,1883.48,1931.08,0,0
WPL_MV,D,20201020,000000,1931.08,1957.53,1931.08,1957.53,0,0
WPL_MV,D,20201021,000000,1936.38,1957.53,1931.08,1957.53,0,0
WPL_MV,D,20201022,000000,1952.26,1957.53,1931.08,1957.53,0,0
WPL_MV,D,20201023,000000,1957.53,1957.53,1931.08,1946.96,0,0
WPL_MV,D,20201026,000000,1936.38,1952.26,1883.48,1936.38,0,0
WPL_MV,D,20201027,000000,1946.96,1946.96,1909.92,1941.67,0,0
WPL_MV,D,20201028,000000,1941.67,1941.67,1867.6,1915.22,0,0
WPL_MV,D,20201029,000000,1883.48,1936.38,1878.18,1931.08,0,0
WPL_MV,D,20201030,000000,1946.96,1946.96,1878.18,1925.79,0,0
WPL_MV,D,20201102,000000,1925.79,1946.96,1883.48,1931.08,0,0
WPL_MV,D,20201103,000000,1931.08,1957.53,1909.92,1931.08,0,0
WPL_MV,D,20201104,000000,1920.52,1952.26,1909.92,1936.38,0,0
WPL_MV,D,20201105,000000,1915.22,1962.83,1915.22,1962.83,0,0
WPL_MV,D,20201106,000000,1925.79,1978.71,1925.79,1978.71,0,0
WPL_MV,D,20201109,000000,1978.71,2100.38,1968.12,2042.19,0,0
WPL_MV,D,20201110,000000,2153.3,2153.3,2042.19,2089.8,0,0
WPL_MV,D,20201112,000000,2110.98,2110.98,2036.9,2058.07,0,0
WPL_MV,D,20201113,000000,2073.92,2073.92,1999.86,2043.28,0,0
WPL_MV,D,20201116,000000,2080.34,2080.34,2022.11,2043.28,0,0
WPL_MV,D,20201117,000000,2043.28,2117.39,2043.28,2117.39,0,0
WPL_MV,D,20201118,000000,2117.39,2159.73,2117.39,2143.85,0,0
WPL_MV,D,20201119,000000,2143.85,2165.03,2143.85,2143.85,0,0
WPL_MV,D,20201120,000000,2143.85,2159.73,2143.85,2143.85,0,0
WPL_MV,D,20201123,000000,2122.68,2196.79,2112.09,2112.09,0,0
WPL_MV,D,20201124,000000,2191.51,2191.51,2027.4,2096.22,0,0
WPL_MV,D,20201125,000000,2090.92,2117.39,2090.92,2090.92,0,0
WPL_MV,D,20201126,000000,2069.74,2170.32,2048.58,2170.32,0,0
WPL_MV,D,20201127,000000,2090.92,2217.96,2090.92,2196.79,0,0
WPL_MV,D,20201130,000000,2196.79,2196.79,2149.16,2159.73,0,0
WPL_MV,D,20201201,000000,2170.32,2180.91,2085.63,2101.51,0,0
WPL_MV,D,20201202,000000,2217.96,2217.96,2064.45,2117.39,0,0
WPL_MV,D,20201203,000000,2117.39,2191.51,2112.09,2117.39,0,0
WPL_MV,D,20201204,000000,2122.68,2154.44,2122.68,2154.44,0,0
WPL_MV,D,20201207,000000,2170.32,2170.32,2112.09,2170.32,0,0
WPL_MV,D,20201208,000000,2175.62,2175.62,2117.39,2159.73,0,0
WPL_MV,D,20201209,000000,2191.51,2217.96,2154.44,2154.44,0,0
WPL_MV,D,20201210,000000,2175.62,2196.79,2138.56,2143.85,0,0
WPL_MV,D,20201211,000000,2143.85,2165.03,2122.68,2138.56,0,0
WPL_MV,D,20201214,000000,2143.85,2196.79,2133.28,2159.73,0,0
WPL_MV,D,20201215,000000,2143.85,2165.03,2127.97,2159.73,0,0
WPL_MV,D,20201216,000000,2154.44,2196.79,2154.44,2196.79,0,0
WPL_MV,D,20201217,000000,2212.68,2212.68,2180.91,2196.79,0,0
WPL_MV,D,20201218,000000,2180.91,2207.38,2138.56,2186.2,0,0
WPL_MV,D,20201221,000000,2186.2,2196.79,2154.44,2196.79,0,0
WPL_MV,D,20201222,000000,2196.79,2207.38,2186.2,2196.79,0,0
WPL_MV,D,20201223,000000,2207.38,2223.26,2175.62,2223.26,0,0
WPL_MV,D,20201228,000000,2249.72,2313.25,2249.72,2313.25,0,0
WPL_MV,D,20201229,000000,2329.12,2456.17,2313.25,2392.66,0,0
WPL_MV,D,20201230,000000,2429.7,2461.46,2392.66,2461.46,0,0
WPL_MV,D,20210104,000000,2461.46,2461.46,2387.35,2408.54,0,0
WPL_MV,D,20210105,000000,2392.66,2392.66,2292.07,2323.83,0,0
WPL_MV,D,20210107,000000,2329.12,2355.58,2318.54,2318.54,0,0
WPL_MV,D,20210108,000000,2371.48,2382.05,2318.54,2318.54,0,0
WPL_MV,D,20210111,000000,2323.83,2350.3,2297.37,2302.66,0,0
WPL_MV,D,20210112,000000,2307.96,2307.96,2265.6,2270.9,0,0
WPL_MV,D,20210113,000000,2255.02,2350.3,2255.02,2318.54,0,0
WPL_MV,D,20210114,000000,2318.54,2350.3,2281.49,2318.54,0,0
WPL_MV,D,20210115,000000,2339.72,2345.01,2302.66,2318.54,0,0
WPL_MV,D,20210118,000000,2318.54,2318.54,2281.49,2307.96,0,0
WPL_MV,D,20210119,000000,2302.66,2329.12,2297.37,2329.12,0,0
WPL_MV,D,20210120,000000,2329.12,2382.05,2307.96,2371.48,0,0
WPL_MV,D,20210121,000000,2371.48,2376.78,2339.72,2345.01,0,0
WPL_MV,D,20210122,000000,2329.12,2408.54,2329.12,2387.35,0,0
WPL_MV,D,20210125,000000,2387.35,2403.24,2323.83,2329.12,0,0
WPL_MV,D,20210126,000000,2397.94,2429.7,2329.12,2424.41,0,0
WPL_MV,D,20210127,000000,2450.88,2461.46,2334.43,2397.94,0,0
WPL_MV,D,20210128,000000,2408.54,2408.54,2329.12,2371.48,0,0
WPL_MV,D,20210129,000000,2387.35,2387.35,2313.25,2355.58,0,0
WPL_MV,D,20210201,000000,2382.05,2397.94,2313.25,2360.89,0,0
WPL_MV,D,20210202,000000,2360.89,2360.89,2313.25,2329.12,0,0
WPL_MV,D,20210203,000000,2318.54,2345.01,2318.54,2339.72,0,0
WPL_MV,D,20210204,000000,2334.43,2403.24,2334.43,2387.35,0,0
WPL_MV,D,20210205,000000,2403.24,2408.54,2355.58,2360.89,0,0
WPL_MV,D,20210208,000000,2355.58,2387.35,2329.12,2334.43,0,0
WPL_MV,D,20210209,000000,2334.43,2355.58,2323.83,2345.01,0,0
WPL_MV,D,20210210,000000,2318.54,2350.3,2318.54,2329.12,0,0
WPL_MV,D,20210211,000000,2345.01,2382.05,2334.43,2382.05,0,0
WPL_MV,D,20210212,000000,2355.58,2382.05,2350.3,2360.89,0,0
WPL_MV,D,20210215,000000,2387.35,2435.01,2371.48,2413.81,0,0
WPL_MV,D,20210216,000000,2435.01,2477.35,2424.41,2477.35,0,0
WPL_MV,D,20210217,000000,2487.93,2540.87,2477.35,2524.99,0,0
WPL_MV,D,20210218,000000,2535.58,2540.87,2487.93,2493.23,0,0
WPL_MV,D,20210219,000000,2514.4,2546.15,2482.64,2535.58,0,0
WPL_MV,D,20210222,000000,2514.4,2514.4,2435.01,2435.01,0,0
WPL_MV,D,20210223,000000,2466.76,2482.64,2366.19,2408.54,0,0
WPL_MV,D,20210224,000000,2403.24,2487.93,2382.05,2487.93,0,0
WPL_MV,D,20210225,000000,2461.46,2620.27,2461.46,2572.63,0,0
WPL_MV,D,20210226,000000,2530.28,2551.45,2493.23,2551.45,0,0
WPL_MV,D,20210301,000000,2482.64,2540.87,2482.64,2498.52,0,0
WPL_MV,D,20210302,000000,2503.81,2535.58,2472.05,2535.58,0,0
WPL_MV,D,20210303,000000,2530.28,2535.58,2429.7,2477.35,0,0
WPL_MV,D,20210304,000000,2487.93,2503.81,2450.88,2503.81,0,0
WPL_MV,D,20210305,000000,2509.11,2509.11,2440.29,2440.29,0,0
WPL_MV,D,20210308,000000,2514.4,2514.4,2424.41,2424.41,0,0
WPL_MV,D,20210309,000000,2435.01,2482.64,2413.81,2461.46,0,0
WPL_MV,D,20210310,000000,2487.93,2545.96,2408.54,2545.96,0,0
WPL_MV,D,20210311,000000,2545.96,2551.27,2514.13,2514.13,0,0
WPL_MV,D,20210312,000000,2545.96,2652.05,2514.13,2556.57,0,0
WPL_MV,D,20210315,000000,2599.01,2678.56,2556.57,2588.39,0,0
WPL_MV,D,20210316,000000,2599.01,2609.61,2492.93,2524.75,0,0
WPL_MV,D,20210317,000000,2450.49,2556.57,2450.49,2492.93,0,0
WPL_MV,D,20210318,000000,2498.23,2551.27,2498.23,2530.05,0,0
WPL_MV,D,20210319,000000,2556.57,2583.09,2519.45,2519.45,0,0
WPL_MV,D,20210322,000000,2535.35,2577.79,2524.75,2572.48,0,0
WPL_MV,D,20210323,000000,2588.39,2588.39,2545.96,2567.18,0,0
WPL_MV,D,20210324,000000,2577.79,2577.79,2535.35,2551.27,0,0
WPL_MV,D,20210325,000000,2577.79,2577.79,2498.23,2514.13,0,0
WPL_MV,D,20210326,000000,2545.96,2556.57,2514.13,2545.96,0,0
WPL_MV,D,20210329,000000,2545.96,2599.01,2524.75,2561.87,0,0
WPL_MV,D,20210330,000000,2551.27,2646.74,2551.27,2599.01,0,0
WPL_MV,D,20210331,000000,2630.83,2630.83,2561.87,2625.53,0,0
WPL_MV,D,20210401,000000,2614.91,2620.23,2564.53,2585.75,0,0
WPL_MV,D,20210406,000000,2585.75,2652.05,2583.09,2652.05,0,0
WPL_MV,D,20210407,000000,2662.66,2710.4,2652.05,2657.35,0,0
WPL_MV,D,20210408,000000,2678.56,2678.56,2625.53,2633.47,0,0
WPL_MV,D,20210409,000000,2633.47,2646.74,2601.66,2630.83,0,0
WPL_MV,D,20210412,000000,2630.83,2644.09,2591.06,2599.01,0,0
WPL_MV,D,20210413,000000,2633.47,2667.96,2630.83,2652.05,0,0
WPL_MV,D,20210414,000000,2673.26,2705.09,2667.96,2689.18,0,0
WPL_MV,D,20210415,000000,2705.09,2758.13,2630.83,2633.47,0,0
WPL_MV,D,20210416,000000,2673.26,2673.26,2625.53,2652.05,0,0
WPL_MV,D,20210419,000000,2652.05,2652.05,2641.43,2646.74,0,0
WPL_MV,D,20210420,000000,2662.66,2662.66,2614.91,2641.43,0,0
WPL_MV,D,20210421,000000,2572.48,2641.43,2572.48,2620.23,0,0
WPL_MV,D,20210422,000000,2652.05,2652.05,2585.75,2585.75,0,0
WPL_MV,D,20210423,000000,2585.75,2625.53,2556.57,2596.36,0,0
WPL_MV,D,20210426,000000,2591.06,2630.83,2540.65,2540.65,0,0
WPL_MV,D,20210427,000000,2572.48,2633.47,2572.48,2625.53,0,0
WPL_MV,D,20210428,000000,2633.47,2673.26,2620.23,2652.05,0,0
WPL_MV,D,20210429,000000,2662.66,2694.49,2601.66,2694.49,0,0
WPL_MV,D,20210430,000000,2699.79,2699.79,2657.35,2657.35,0,0
WPL_MV,D,20210504,000000,2689.18,2689.18,2609.61,2609.61,0,0
WPL_MV,D,20210505,000000,2614.91,2652.05,2614.91,2630.83,0,0
WPL_MV,D,20210506,000000,2657.35,2683.87,2630.83,2673.26,0,0
WPL_MV,D,20210507,000000,2683.87,2890.74,2657.35,2890.74,0,0
WPL_MV,D,20210510,000000,2890.74,2890.74,2816.48,2890.74,0,0
WPL_MV,D,20210511,000000,2890.74,2959.7,2874.81,2959.7,0,0
WPL_MV,D,20210512,000000,2943.77,2965,2890.74,2943.77,0,0
WPL_MV,D,20210513,000000,2975.59,3044.55,2949.07,3033.94,0,0
WPL_MV,D,20210514,000000,3049.84,3071.07,3028.64,3033.94,0,0
WPL_MV,D,20210517,000000,3097.6,3155.94,3097.6,3129.43,0,0
WPL_MV,D,20210518,000000,3155.94,3155.94,3081.68,3150.64,0,0
WPL_MV,D,20210519,000000,3155.94,3155.94,2970.29,3007.42,0,0
WPL_MV,D,20210520,000000,3007.42,3028.64,2880.13,2885.42,0,0
WPL_MV,D,20210521,000000,2890.74,2922.55,2848.3,2880.13,0,0
WPL_MV,D,20210524,000000,2890.74,2943.77,2827.08,2832.39,0,0
WPL_MV,D,20210525,000000,2890.74,2996.81,2832.39,2965,0,0
WPL_MV,D,20210526,000000,3007.42,3060.47,2943.77,3023.32,0,0
WPL_MV,D,20210527,000000,3028.64,3177.16,3028.64,3155.94,0,0
WPL_MV,D,20210528,000000,3177.16,3177.16,3007.42,3055.15,0,0
WPL_MV,D,20210531,000000,3055.15,3055.15,2996.81,3023.32,0,0
WPL_MV,D,20210601,000000,3044.55,3076.37,2970.29,2975.59,0,0
WPL_MV,D,20210602,000000,2986.2,3028.64,2986.2,2986.2,0,0
WPL_MV,D,20210604,000000,3044.55,3055.15,3002.11,3049.84,0,0
WPL_MV,D,20210607,000000,3060.47,3060.47,2959.7,3002.11,0,0
WPL_MV,D,20210608,000000,2959.7,2991.51,2938.47,2959.7,0,0
WPL_MV,D,20210609,000000,2965,2965,2880.13,2938.47,0,0
WPL_MV,D,20210610,000000,2965,2965,2874.81,2874.81,0,0
WPL_MV,D,20210611,000000,2890.74,2917.25,2874.81,2890.74,0,0
WPL_MV,D,20210614,000000,2896.04,2901.34,2874.81,2890.74,0,0
WPL_MV,D,20210615,000000,2917.25,2917.25,2858.9,2880.13,0,0
WPL_MV,D,20210616,000000,2880.13,2943.77,2864.22,2885.42,0,0
WPL_MV,D,20210617,000000,2911.95,2911.95,2869.52,2873.1,0,0
WPL_MV,D,20210618,000000,2894.34,2942.15,2777.51,2867.8,0,0
WPL_MV,D,20210621,000000,2835.46,2910.91,2835.46,2862.4,0,0
WPL_MV,D,20210622,000000,2883.97,2997.17,2862.4,2954.04,0,0
WPL_MV,D,20210623,000000,3002.56,3056.46,2948.64,3051.08,0,0
WPL_MV,D,20210624,000000,3056.46,3180.44,3056.46,3153.5,0,0
WPL_MV,D,20210625,000000,3153.5,3180.44,3126.54,3153.5,0,0
WPL_MV,D,20210628,000000,3175.06,3180.44,3072.63,3180.44,0,0
WPL_MV,D,20210629,000000,3131.93,3153.5,3094.19,3099.59,0,0
WPL_MV,D,20210630,000000,3148.1,3148.1,3045.69,3131.93,0,0
WPL_MV,D,20210701,000000,3131.93,3169.66,3099.59,3137.32,0,0
WPL_MV,D,20210702,000000,3099.59,3180.44,3099.59,3180.44,0,0
WPL_MV,D,20210705,000000,3180.44,3180.44,3153.5,3169.66,0,0
WPL_MV,D,20210706,000000,3153.5,3164.28,3126.54,3137.32,0,0
WPL_MV,D,20210707,000000,3153.5,3234.35,3137.32,3180.44,0,0
WPL_MV,D,20210708,000000,3142.71,3196.62,3142.71,3142.71,0,0
WPL_MV,D,20210709,000000,3131.93,3218.17,3072.63,3218.17,0,0
WPL_MV,D,20210712,000000,3218.17,3218.17,3121.15,3185.85,0,0
WPL_MV,D,20210713,000000,3180.44,3325.99,3137.32,3325.99,0,0
WPL_MV,D,20210714,000000,3309.83,3352.94,3272.08,3352.94,0,0
WPL_MV,D,20210715,000000,3363.72,3363.72,3137.32,3137.32,0,0
WPL_MV,D,20210716,000000,3158.89,3207.4,3158.89,3169.66,0,0
WPL_MV,D,20210719,000000,3169.66,3191.22,3131.93,3148.1,0,0
WPL_MV,D,20210720,000000,3180.44,3255.92,3180.44,3180.44,0,0
WPL_MV,D,20210721,000000,3207.4,3272.08,3180.44,3261.31,0,0
WPL_MV,D,20210722,000000,3288.26,3288.26,3207.4,3262.7,0,0
WPL_MV,D,20210723,000000,3295.06,3359.76,3219.55,3354.37,0,0
WPL_MV,D,20210726,000000,3327.4,3354.37,3322.03,3322.03,0,0
WPL_MV,D,20210727,000000,3365.15,3370.56,3322.03,3327.4,0,0
WPL_MV,D,20210728,000000,3322.03,3381.33,3322.03,3370.56,0,0
WPL_MV,D,20210729,000000,3370.56,3408.3,3343.59,3375.95,0,0
WPL_MV,D,20210730,000000,3375.95,3424.48,3300.45,3305.84,0,0
WPL_MV,D,20210802,000000,3289.66,3392.13,3289.66,3370.56,0,0
WPL_MV,D,20210803,000000,3370.56,3451.45,3370.56,3370.56,0,0
WPL_MV,D,20210804,000000,3365.15,3446.06,3343.59,3365.15,0,0
WPL_MV,D,20210805,000000,3354.37,3375.95,3348.99,3375.95,0,0
WPL_MV,D,20210806,000000,3397.53,3462.23,3365.15,3462.23,0,0
WPL_MV,D,20210809,000000,3462.23,3521.55,3408.3,3424.48,0,0
WPL_MV,D,20210810,000000,3429.87,3429.87,3370.56,3397.53,0,0
WPL_MV,D,20210811,000000,3375.95,3386.72,3327.4,3386.72,0,0
WPL_MV,D,20210812,000000,3327.4,3370.56,3311.24,3311.24,0,0
WPL_MV,D,20210813,000000,3305.84,3365.15,3295.06,3316.62,0,0
WPL_MV,D,20210816,000000,3327.4,3392.13,3300.45,3300.45,0,0
WPL_MV,D,20210817,000000,3305.84,3370.56,3305.84,3316.62,0,0
WPL_MV,D,20210818,000000,3316.62,3316.62,3251.91,3251.91,0,0
WPL_MV,D,20210819,000000,3262.7,3262.7,3187.2,3214.16,0,0
WPL_MV,D,20210820,000000,3214.16,3251.91,3187.2,3187.2,0,0
WPL_MV,D,20210823,000000,3187.2,3289.66,3187.2,3235.73,0,0
WPL_MV,D,20210824,000000,3375.95,3489.2,3375.95,3478.41,0,0
WPL_MV,D,20210825,000000,3499.98,3748.05,3478.41,3694.12,0,0
WPL_MV,D,20210826,000000,3694.12,3872.09,3694.12,3769.62,0,0
WPL_MV,D,20210827,000000,3769.62,3769.62,3602.44,3607.84,0,0
WPL_MV,D,20210830,000000,3607.84,3775.02,3607.84,3769.62,0,0
WPL_MV,D,20210831,000000,3775.02,3775.02,3694.12,3753.45,0,0
WPL_MV,D,20210901,000000,3775.02,3775.02,3694.12,3694.12,0,0
WPL_MV,D,20210902,000000,3694.12,3742.65,3586.27,3640.19,0,0
WPL_MV,D,20210903,000000,3667.16,3667.16,3586.27,3613.23,0,0
WPL_MV,D,20210906,000000,3694.12,3710.31,3629.41,3640.19,0,0
WPL_MV,D,20210907,000000,3683.35,3683.35,3634.81,3640.19,0,0
WPL_MV,D,20210908,000000,3640.19,3650.98,3613.23,3613.23,0,0
WPL_MV,D,20210909,000000,3607.84,3640.19,3559.31,3613.23,0,0
WPL_MV,D,20210910,000000,3634.81,3640.19,3613.23,3640.19,0,0
WPL_MV,D,20210913,000000,3629.41,3650.98,3618.62,3634.81,0,0
WPL_MV,D,20210914,000000,3667.16,3667.16,3559.31,3586.27,0,0
WPL_MV,D,20210915,000000,3553.92,3737.26,3553.92,3634.81,0,0
WPL_MV,D,20210916,000000,3667.16,3667.16,3618.62,3650.98,0,0
WPL_MV,D,20210917,000000,3629.41,3834.34,3629.41,3775.02,0,0
WPL_MV,D,20210920,000000,3775.02,3775.02,3629.41,3640.19,0,0
WPL_MV,D,20210921,000000,3634.81,3694.12,3634.81,3656.38,0,0
WPL_MV,D,20210922,000000,3667.16,3683.35,3634.81,3640.19,0,0
WPL_MV,D,20210923,000000,3624.02,3661.78,3624.02,3656.38,0,0
WPL_MV,D,20210924,000000,3624.02,3640.19,3586.27,3586.27,0,0
WPL_MV,D,20210927,000000,3586.27,3640.19,3505.38,3532.35,0,0
WPL_MV,D,20210928,000000,3489.2,3618.62,3462.23,3586.27,0,0
WPL_MV,D,20210929,000000,3559.31,3640.19,3559.31,3640.19,0,0
WPL_MV,D,20210930,000000,3532.35,3656.38,3532.35,3640.19,0,0
WPL_MV,D,20211001,000000,3624.02,3656.38,3575.49,3575.49,0,0
WPL_MV,D,20211004,000000,3575.49,3629.41,3575.49,3586.27,0,0
WPL_MV,D,20211005,000000,3570.09,3640.19,3559.31,3640.19,0,0
WPL_MV,D,20211006,000000,3683.35,3683.35,3548.52,3597.05,0,0
WPL_MV,D,20211007,000000,3586.27,3645.59,3580.88,3640.19,0,0
WPL_MV,D,20211008,000000,3645.59,3990.73,3629.41,3877.48,0,0
WPL_MV,D,20211011,000000,3909.84,4093.21,3909.84,3990.73,0,0
WPL_MV,D,20211012,000000,3990.73,3990.73,3828.95,3855.9,0,0
WPL_MV,D,20211013,000000,3839.74,3958.38,3828.95,3861.3,0,0
WPL_MV,D,20211014,000000,3882.87,3899.05,3807.37,3818.18,0,0
WPL_MV,D,20211015,000000,3850.51,3850.51,3715.7,3758.84,0,0
WPL_MV,D,20211018,000000,3753.45,3823.56,3731.88,3731.88,0,0
WPL_MV,D,20211019,000000,3769.62,3769.62,3699.52,3721.08,0,0
WPL_MV,D,20211020,000000,3721.08,3721.08,3613.23,3661.78,0,0
WPL_MV,D,20211021,000000,3656.38,3667.16,3640.19,3640.19,0,0
WPL_MV,D,20211022,000000,3640.19,3640.19,3597.05,3624.02,0,0
WPL_MV,D,20211025,000000,3624.02,3634.81,3543.12,3564.7,0,0
WPL_MV,D,20211026,000000,3602.44,3882.87,3564.7,3828.95,0,0
WPL_MV,D,20211027,000000,3877.48,3904.44,3801.99,3904.44,0,0
WPL_MV,D,20211028,000000,3909.84,3963.77,3861.3,3936.82,0,0
WPL_MV,D,20211029,000000,3936.82,3990.73,3936.82,3937.92,0,0
WPL_MV,D,20211102,000000,3937.92,3991.87,3937.92,3943.31,0,0
WPL_MV,D,20211103,000000,3991.87,3991.87,3910.96,3991.87,0,0
WPL_MV,D,20211104,000000,3986.47,3991.87,3937.92,3991.87,0,0
WPL_MV,D,20211105,000000,3986.47,4099.75,3937.92,4072.78,0,0
WPL_MV,D,20211108,000000,4072.78,4175.27,4072.78,4175.27,0,0
WPL_MV,D,20211109,000000,4132.12,4153.7,4072.78,4094.36,0,0
WPL_MV,D,20211110,000000,4148.32,4148.32,3943.31,4132.12,0,0
WPL_MV,D,20211112,000000,4126.73,4153.7,4072.78,4153.7,0,0
WPL_MV,D,20211115,000000,4088.96,4202.24,4083.56,4153.7,0,0
WPL_MV,D,20211116,000000,4218.44,4250.8,3975.68,4067.4,0,0
WPL_MV,D,20211117,000000,4067.4,4148.32,4045.81,4137.52,0,0
WPL_MV,D,20211118,000000,4126.73,4137.52,3900.17,3964.89,0,0
WPL_MV,D,20211119,000000,3986.47,4045.81,3873.18,4040.41,0,0
WPL_MV,D,20211122,000000,4115.95,4115.95,3830.04,3937.92,0,0
WPL_MV,D,20211123,000000,3878.58,3932.53,3813.85,3824.63,0,0
WPL_MV,D,20211124,000000,3857.01,3883.98,3727.54,3727.54,0,0
WPL_MV,D,20211125,000000,3738.32,3921.73,3738.32,3749.11,0,0
WPL_MV,D,20211126,000000,3792.28,3792.28,3527.95,3668.2,0,0
WPL_MV,D,20211129,000000,3662.81,3878.58,3571.1,3781.5,0,0
WPL_MV,D,20211130,000000,3776.09,3910.96,3652.02,3910.96,0,0
WPL_MV,D,20211201,000000,3910.96,3910.96,3738.32,3738.32,0,0
WPL_MV,D,20211202,000000,3759.91,3770.7,3652.02,3652.02,0,0
WPL_MV,D,20211203,000000,3684.39,3851.62,3668.2,3738.32,0,0
WPL_MV,D,20211206,000000,3727.54,3857.01,3700.56,3722.15,0,0
WPL_MV,D,20211207,000000,3824.63,3943.31,3813.85,3943.31,0,0
WPL_MV,D,20211208,000000,3959.5,3981.08,3883.98,3910.96,0,0
WPL_MV,D,20211209,000000,3970.28,3970.28,3813.85,3851.62,0,0
WPL_MV,D,20211210,000000,3813.85,3813.85,3711.36,3732.94,0,0
WPL_MV,D,20211213,000000,3743.72,3797.66,3727.54,3732.94,0,0
WPL_MV,D,20211214,000000,3776.09,3776.09,3625.05,3641.23,0,0
WPL_MV,D,20211215,000000,3689.77,3689.77,3641.23,3641.23,0,0
WPL_MV,D,20211216,000000,3646.63,3824.63,3646.63,3824.63,0,0
WPL_MV,D,20211217,000000,3722.15,3846.21,3657.41,3668.2,0,0
WPL_MV,D,20211220,000000,3668.2,3684.39,3452.42,3614.26,0,0
WPL_MV,D,20211221,000000,3614.26,3716.75,3560.3,3705.96,0,0
WPL_MV,D,20211222,000000,3711.36,3819.23,3630.44,3776.09,0,0
WPL_MV,D,20211223,000000,3819.23,3819.23,3673.6,3722.15,0,0
WPL_MV,D,20211227,000000,3776.09,3857.01,3700.56,3776.09,0,0
WPL_MV,D,20211228,000000,3851.62,3851.62,3765.3,3770.7,0,0
WPL_MV,D,20211229,000000,3770.7,3910.96,3765.3,3851.62,0,0
WPL_MV,D,20211230,000000,3851.62,3873.18,3786.89,3803.06,0,0
WPL_MV,D,20220103,000000,3808.45,3857.01,3803.06,3851.62,0,0
WPL_MV,D,20220104,000000,3873.18,3905.56,3754.51,3754.51,0,0
WPL_MV,D,20220105,000000,3781.5,3851.62,3727.54,3808.45,0,0
WPL_MV,D,20220107,000000,3776.09,3803.06,3749.11,3776.09,0,0
WPL_MV,D,20220110,000000,3808.45,3808.45,3646.63,3646.63,0,0
WPL_MV,D,20220111,000000,3695.17,3695.17,3587.28,3614.26,0,0
WPL_MV,D,20220112,000000,3635.84,3695.17,3625.05,3646.63,0,0
WPL_MV,D,20220113,000000,3641.23,3705.96,3614.26,3695.17,0,0
WPL_MV,D,20220114,000000,3673.6,3689.77,3592.67,3592.67,0,0
WPL_MV,D,20220117,000000,3592.67,3678.98,3549.53,3641.23,0,0
WPL_MV,D,20220118,000000,3641.23,3678.98,3544.14,3614.26,0,0
WPL_MV,D,20220119,000000,3565.71,3684.39,3565.71,3565.71,0,0
WPL_MV,D,20220120,000000,3538.73,3689.77,3538.73,3619.65,0,0
WPL_MV,D,20220121,000000,3625.05,3625.05,3560.3,3565.71,0,0
WPL_MV,D,20220124,000000,3625.05,3625.05,3517.16,3522.55,0,0
WPL_MV,D,20220125,000000,3490.18,3603.47,3490.18,3560.3,0,0
WPL_MV,D,20220126,000000,3538.73,3598.07,3538.73,3587.28,0,0
WPL_MV,D,20220127,000000,3587.28,3599.4,3560.3,3599.4,0,0
WPL_MV,D,20220128,000000,3594.01,3615.61,3507.67,3615.61,0,0
WPL_MV,D,20220131,000000,3599.4,3615.61,3448.31,3610.21,0,0
WPL_MV,D,20220201,000000,3610.21,3610.21,3507.67,3507.67,0,0
WPL_MV,D,20220202,000000,3502.27,3588.62,3464.51,3556.24,0,0
WPL_MV,D,20220203,000000,3496.88,3556.24,3426.73,3475.29,0,0
WPL_MV,D,20220204,000000,3534.67,3534.67,3324.2,3340.39,0,0
WPL_MV,D,20220207,000000,3345.78,3421.33,3345.78,3388.96,0,0
WPL_MV,D,20220208,000000,3372.75,3388.96,3281.02,3297.21,0,0
WPL_MV,D,20220209,000000,3291.81,3313.4,3210.87,3227.07,0,0
WPL_MV,D,20220210,000000,3237.85,3237.85,3200.08,3232.46,0,0
WPL_MV,D,20220211,000000,3237.85,3237.85,3200.08,3200.08,0,0
WPL_MV,D,20220214,000000,3119.13,3183.88,3043.57,3178.49,0,0
WPL_MV,D,20220215,000000,3167.69,3281.02,3167.69,3264.83,0,0
WPL_MV,D,20220216,000000,3264.83,3264.83,3205.48,3243.24,0,0
WPL_MV,D,20220217,000000,3254.04,3254.04,3178.49,3210.87,0,0
WPL_MV,D,20220218,000000,3237.85,3243.24,3183.88,3227.07,0,0
WPL_MV,D,20220221,000000,3281.02,3286.42,3210.87,3243.24,0,0
WPL_MV,D,20220222,000000,3108.35,3351.17,3108.35,3351.17,0,0
WPL_MV,D,20220223,000000,3308.01,3361.96,3259.43,3356.57,0,0
WPL_MV,D,20220224,000000,3021.98,3124.53,2968.03,3021.98,0,0
WPL_MV,D,20220225,000000,2903.28,3156.91,2903.28,3156.91,0,0
WPL_MV,D,20220228,000000,3156.91,3237.85,2989.61,3237.85,0,0
WPL_MV,D,20220301,000000,3237.85,3237.85,3108.35,3135.32,0,0
WPL_MV,D,20220302,000000,3205.48,3286.42,3102.94,3286.42,0,0
WPL_MV,D,20220303,000000,3194.69,3205.48,3086.76,3129.92,0,0
WPL_MV,D,20220304,000000,3135.32,3135.32,2941.04,3048.98,0,0
WPL_MV,D,20220307,000000,2914.05,2962.63,2811.53,2930.26,0,0
WPL_MV,D,20220308,000000,2860.1,2908.67,2811.53,2860.1,0,0
WPL_MV,D,20220309,000000,2887.09,2887.09,2833.12,2860.1,0,0
WPL_MV,D,20220310,000000,2876.29,2876.29,2784.55,2822.32,0,0
WPL_MV,D,20220311,000000,2854.71,2860.1,2806.15,2833.12,0,0
WPL_MV,D,20220314,000000,2838.51,2838.51,2779.16,2800.73,0,0
WPL_MV,D,20220315,000000,2800.73,2827.72,2762.96,2800.73,0,0
WPL_MV,D,20220316,000000,2860.1,3011.2,2860.1,2989.61,0,0
WPL_MV,D,20220317,000000,2989.61,2989.61,2870.89,2935.66,0,0
WPL_MV,D,20220318,000000,2951.84,2995.02,2919.46,2941.04,0,0
WPL_MV,D,20220321,000000,2935.66,2935.66,2811.53,2833.12,0,0
WPL_MV,D,20220322,000000,2903.28,3178.49,2730.59,3178.49,0,0
WPL_MV,D,20220323,000000,3178.49,3178.49,3043.57,3162.3,0,0
WPL_MV,D,20220324,000000,3156.91,3183.88,3102.94,3183.88,0,0
WPL_MV,D,20220325,000000,3178.49,3356.57,3151.51,3356.57,0,0
WPL_MV,D,20220328,000000,3367.36,3367.36,3243.24,3264.83,0,0
WPL_MV,D,20220329,000000,3264.83,3264.83,3086.76,3086.76,0,0
WPL_MV,D,20220330,000000,3167.69,3210.87,3081.36,3210.87,0,0
WPL_MV,D,20220331,000000,3216.26,3259.43,3097.55,3108.35,0,0
WPL_MV,D,20220401,000000,3113.73,3156.91,3054.37,3075.97,0,0
WPL_MV,D,20220404,000000,3102.94,3237.85,3102.94,3216.26,0,0
WPL_MV,D,20220405,000000,3232.46,3340.39,3216.26,3237.85,0,0
WPL_MV,D,20220406,000000,3237.85,3264.83,3162.3,3162.3,0,0
WPL_MV,D,20220407,000000,3286.42,3286.42,3119.13,3146.12,0,0
WPL_MV,D,20220408,000000,3156.91,3216.26,3032.79,3216.26,0,0
WPL_MV,D,20220411,000000,3210.87,3216.26,3048.98,3065.16,0,0
WPL_MV,D,20220412,000000,3059.77,3075.97,3032.79,3032.79,0,0
WPL_MV,D,20220413,000000,3075.97,3097.55,3075.97,3075.97,0,0
WPL_MV,D,20220414,000000,3075.97,3124.53,3075.97,3102.94,0,0
WPL_MV,D,20220419,000000,3097.55,3097.55,3016.59,3032.79,0,0
WPL_MV,D,20220420,000000,3048.98,3081.36,2903.28,2908.67,0,0
WPL_MV,D,20220421,000000,2908.67,3038.18,2908.67,2924.86,0,0
WPL_MV,D,20220422,000000,3038.18,3038.18,2833.12,2833.12,0,0
WPL_MV,D,20220425,000000,2941.04,2941.04,2768.37,2784.55,0,0
WPL_MV,D,20220426,000000,2768.37,2806.15,2638.85,2672.08,0,0
WPL_MV,D,20220427,000000,2672.08,2709.87,2593.81,2709.87,0,0
WPL_MV,D,20220428,000000,2726.06,2769.24,2690.97,2704.46,0,0
WPL_MV,D,20220429,000000,2715.26,2715.26,2650.48,2690.97,0,0
WPL_MV,D,20220502,000000,2682.88,2690.97,2512.83,2545.22,0,0
WPL_MV,D,20220504,000000,2550.63,2615.39,2510.14,2615.39,0,0
WPL_MV,D,20220505,000000,2623.49,2636.99,2469.65,2472.35,0,0
WPL_MV,D,20220506,000000,2477.75,2477.75,2348.19,2442.66,0,0
WPL_MV,D,20220509,000000,2431.86,2469.65,2394.07,2456.15,0,0
WPL_MV,D,20220510,000000,2475.05,2475.05,2375.18,2402.17,0,0
WPL_MV,D,20220511,000000,2410.27,2588.41,2410.27,2588.41,0,0
WPL_MV,D,20220512,000000,2583.02,2639.69,2539.82,2639.69,0,0
WPL_MV,D,20220513,000000,2596.5,2699.06,2596.5,2699.06,0,0
WPL_MV,D,20220516,000000,2720.65,2753.05,2682.88,2742.26,0,0
WPL_MV,D,20220517,000000,2780.04,2780.04,2620.8,2620.8,0,0
WPL_MV,D,20220518,000000,2704.46,2704.46,2564.13,2626.2,0,0
WPL_MV,D,20220519,000000,2596.5,2618.09,2596.5,2612.71,0,0
WPL_MV,D,20220520,000000,2666.68,2666.68,2620.8,2663.98,0,0
WPL_MV,D,20220523,000000,2720.65,2726.06,2674.79,2726.06,0,0
WPL_MV,D,20220524,000000,2726.06,2726.06,2591.12,2591.12,0,0
WPL_MV,D,20220525,000000,2696.37,2696.37,2580.31,2593.81,0,0
WPL_MV,D,20220526,000000,2574.92,2658.58,2553.32,2658.58,0,0
WPL_MV,D,20220527,000000,2666.68,2699.06,2628.89,2699.06,0,0
WPL_MV,D,20220530,000000,2699.06,2699.06,2647.78,2693.68,0,0
WPL_MV,D,20220531,000000,2645.09,2726.06,2645.09,2726.06,0,0
WPL_MV,D,20220601,000000,2747.65,2801.63,2672.08,2682.88,0,0
WPL_MV,D,20220602,000000,2666.68,2685.58,2550.63,2623.49,0,0
WPL_MV,D,20220603,000000,2634.29,2639.69,2466.95,2469.65,0,0
WPL_MV,D,20220606,000000,2475.05,2499.33,2431.86,2499.33,0,0
WPL_MV,D,20220607,000000,2472.35,2510.14,2439.97,2469.65,0,0
WPL_MV,D,20220608,000000,2502.05,2502.05,2437.26,2450.76,0,0
WPL_MV,D,20220609,000000,2534.43,2534.43,2429.16,2453.47,0,0
WPL_MV,D,20220610,000000,2493.94,2493.94,2402.17,2445.36,0,0
WPL_MV,D,20220613,000000,2361.69,2461.56,2334.69,2337.39,0,0
WPL_MV,D,20220614,000000,2453.47,2453.47,2248.32,2253.73,0,0
WPL_MV,D,20220615,000000,2240.23,2286.11,2118.77,2159.26,0,0
WPL_MV,D,20220617,000000,2086.37,2234.83,2086.37,2202.44,0,0
WPL_MV,D,20220620,000000,2240.23,2283.42,2199.74,2259.13,0,0
WPL_MV,D,20220621,000000,2286.11,2512.83,2286.11,2512.83,0,0
WPL_MV,D,20220622,000000,2431.86,2512.83,2421.07,2510.14,0,0
WPL_MV,D,20220623,000000,2529.02,2545.22,2510.14,2537.12,0,0
WPL_MV,D,20220624,000000,2461.56,2604.6,2461.56,2591.12,0,0
WPL_MV,D,20220627,000000,2620.8,2642.39,2596.5,2639.69,0,0
WPL_MV,D,20220628,000000,2593.81,2674.79,2558.72,2618.09,0,0
WPL_MV,D,20220629,000000,2653.19,2742.26,2626.2,2742.26,0,0
WPL_MV,D,20220630,000000,2726.06,2796.24,2696.37,2796.24,0,0
WPL_MV,D,20220701,000000,2790.79,2894.54,2711.58,2834.46,0,0
WPL_MV,D,20220704,000000,2834.46,2910.92,2758.01,2867.24,0,0
WPL_MV,D,20220705,000000,2867.24,2867.24,2752.54,2785.31,0,0
WPL_MV,D,20220706,000000,2829,2839.93,2616.01,2616.01,0,0
WPL_MV,D,20220707,000000,2703.39,2730.7,2640.59,2730.7,0,0
WPL_MV,D,20220708,000000,2730.7,2834.46,2684.28,2834.46,0,0
WPL_MV,D,20220711,000000,2829,2867.24,2796.24,2867.24,0,0
WPL_MV,D,20220712,000000,2839.93,2867.24,2768.92,2768.92,0,0
WPL_MV,D,20220713,000000,2785.31,2867.24,2689.74,2736.16,0,0
WPL_MV,D,20220714,000000,2717.05,2717.05,2558.66,2607.82,0,0
WPL_MV,D,20220715,000000,2591.44,2594.17,2545.01,2585.97,0,0
WPL_MV,D,20220718,000000,2577.78,2706.12,2577.78,2700.67,0,0
WPL_MV,D,20220719,000000,2689.74,2714.31,2648.78,2695.19,0,0
WPL_MV,D,20220720,000000,2695.19,2823.55,2695.19,2790.79,0,0
WPL_MV,D,20220721,000000,2785.31,2878.16,2752.54,2878.16,0,0
WPL_MV,D,20220722,000000,2878.16,2889.08,2768.92,2790.79,0,0
WPL_MV,D,20220725,000000,2785.31,2785.31,2689.74,2689.74,0,0
WPL_MV,D,20220726,000000,2758.01,2758.01,2621.48,2621.48,0,0
WPL_MV,D,20220727,000000,2714.31,2714.31,2621.48,2621.48,0,0
WPL_MV,D,20220728,000000,2621.48,2621.48,2569.59,2569.59,0,0
WPL_MV,D,20220729,000000,2542.28,2700.67,2542.28,2700.67,0,0
WPL_MV,D,20220801,000000,2700.67,2707,2640.59,2707,0,0
WPL_MV,D,20220802,000000,2709.72,2857.21,2709.72,2786.21,0,0
WPL_MV,D,20220803,000000,2840.84,2922.77,2786.21,2884.54,0,0
WPL_MV,D,20220804,000000,2879.08,2879.08,2758.89,2797.13,0,0
WPL_MV,D,20220805,000000,2797.13,2906.39,2737.04,2758.89,0,0
WPL_MV,D,20220808,000000,2786.21,2895.47,2786.21,2868.15,0,0
WPL_MV,D,20220809,000000,2900.93,2900.93,2835.37,2840.84,0,0
WPL_MV,D,20220810,000000,2928.25,2928.25,2840.84,2922.77,0,0
WPL_MV,D,20220811,000000,2933.71,2950.09,2911.85,2950.09,0,0
WPL_MV,D,20220812,000000,2977.42,3075.74,2950.09,3075.74,0,0
WPL_MV,D,20220816,000000,3075.74,3272.42,3075.74,3223.26,0,0
WPL_MV,D,20220817,000000,3261.49,3261.49,3081.21,3119.46,0,0
WPL_MV,D,20220818,000000,3119.46,3146.78,3092.13,3113.99,0,0
WPL_MV,D,20220819,000000,3119.46,3163.16,3032.04,3032.04,0,0
WPL_MV,D,20220822,000000,3010.2,3026.58,2879.08,2879.08,0,0
WPL_MV,D,20220823,000000,2879.08,2971.95,2879.08,2922.77,0,0
WPL_MV,D,20220824,000000,2988.35,2988.35,2758.89,2758.89,0,0
WPL_MV,D,20220825,000000,2758.89,2840.84,2758.89,2802.59,0,0
WPL_MV,D,20220826,000000,2829.91,2829.91,2633.23,2633.23,0,0
WPL_MV,D,20220829,000000,2635.96,2635.96,2493.92,2556.75,0,0
WPL_MV,D,20220830,000000,2605.92,2715.18,2567.68,2573.14,0,0
WPL_MV,D,20220831,000000,2567.68,2769.82,2567.68,2704.25,0,0
WPL_MV,D,20220901,000000,2663.28,2726.11,2567.68,2567.68,0,0
WPL_MV,D,20220902,000000,2622.31,2712.45,2622.31,2712.45,0,0
WPL_MV,D,20220905,000000,2726.11,2726.11,2562.21,2608.64,0,0
WPL_MV,D,20220906,000000,2660.55,2660.55,2597.73,2649.63,0,0
WPL_MV,D,20220907,000000,2649.63,2701.52,2592.26,2649.63,0,0
WPL_MV,D,20220908,000000,2671.47,2791.67,2671.47,2693.33,0,0
WPL_MV,D,20220909,000000,2731.57,2786.21,2690.6,2731.57,0,0
WPL_MV,D,20220912,000000,2791.67,2813.51,2704.25,2731.57,0,0
WPL_MV,D,20220913,000000,2764.34,2769.82,2594.99,2594.99,0,0
WPL_MV,D,20220914,000000,2630.51,2646.9,2543.09,2603.19,0,0
WPL_MV,D,20220915,000000,2690.6,2690.6,2603.19,2690.6,0,0
WPL_MV,D,20220916,000000,2687.85,2687.85,2534.9,2534.9,0,0
WPL_MV,D,20220919,000000,2534.9,2649.63,2534.9,2649.63,0,0
WPL_MV,D,20220920,000000,2649.63,2846.3,2614.12,2775.28,0,0
WPL_MV,D,20220921,000000,2737.04,2862.69,2737.04,2808.06,0,0
WPL_MV,D,20220922,000000,2824.45,2824.45,2679.67,2679.67,0,0
WPL_MV,D,20220923,000000,2758.89,2758.89,2567.68,2567.68,0,0
WPL_MV,D,20220926,000000,2556.75,2616.85,2499.38,2567.68,0,0
WPL_MV,D,20220927,000000,2504.86,2622.31,2504.86,2611.37,0,0
WPL_MV,D,20220928,000000,2616.85,2616.85,2567.68,2608.64,0,0
WPL_MV,D,20220929,000000,2622.31,2663.28,2493.92,2567.68,0,0
WPL_MV,D,20220930,000000,2540.36,2554.02,2425.64,2485.72,0,0
WPL_MV,D,20221003,000000,2420.17,2529.43,2420.17,2472.07,0,0
WPL_MV,D,20221004,000000,2485.72,2633.23,2485.72,2594.99,0,0
WPL_MV,D,20221005,000000,2608.64,2646.9,2559.48,2559.48,0,0
WPL_MV,D,20221006,000000,2562.21,2622.31,2559.48,2603.19,0,0
WPL_MV,D,20221007,000000,2622.31,2622.31,2543.09,2581.34,0,0
WPL_MV,D,20221010,000000,2567.68,2567.68,2521.25,2540.36,0,0
WPL_MV,D,20221011,000000,2564.95,2564.95,2485.72,2513.05,0,0
WPL_MV,D,20221012,000000,2564.95,2564.95,2450.21,2458.42,0,0
WPL_MV,D,20221013,000000,2458.42,2510.31,2458.42,2458.42,0,0
WPL_MV,D,20221014,000000,2469.34,2529.43,2469.34,2485.72,0,0
WPL_MV,D,20221017,000000,2529.43,2529.43,2439.29,2485.72,0,0
WPL_MV,D,20221018,000000,2513.05,2513.05,2442.02,2499.38,0,0
WPL_MV,D,20221019,000000,2513.05,2513.05,2431.1,2431.1,0,0
WPL_MV,D,20221020,000000,2458.42,2474.8,2420.17,2442.02,0,0
WPL_MV,D,20221021,000000,2482.99,2482.99,2398.32,2472.8,0,0
WPL_MV,D,20221024,000000,2486.46,2486.46,2401.76,2429.08,0,0
WPL_MV,D,20221025,000000,2459.14,2511.05,2415.43,2459.14,0,0
WPL_MV,D,20221026,000000,2409.95,2554.78,2409.95,2541.11,0,0
WPL_MV,D,20221027,000000,2541.11,2582.09,2541.11,2582.09,0,0
WPL_MV,D,20221028,000000,2590.29,2590.29,2472.8,2486.46,0,0
WPL_MV,D,20221031,000000,2513.78,2535.64,2445.48,2535.64,0,0
WPL_MV,D,20221102,000000,2535.64,2593.03,2508.33,2593.03,0,0
WPL_MV,D,20221103,000000,2582.09,2582.09,2541.11,2546.57,0,0
WPL_MV,D,20221104,000000,2590.29,2623.08,2571.17,2623.08,0,0
WPL_MV,D,20221107,000000,2623.08,2787.02,2595.76,2787.02,0,0
WPL_MV,D,20221108,000000,2781.56,2787.02,2685.92,2787.02,0,0
WPL_MV,D,20221109,000000,2787.02,2841.67,2664.08,2677.72,0,0
WPL_MV,D,20221110,000000,2650.4,2688.66,2612.16,2650.4,0,0
WPL_MV,D,20221114,000000,2683.2,2729.65,2666.8,2729.65,0,0
WPL_MV,D,20221115,000000,2710.52,2710.52,2653.14,2653.14,0,0
WPL_MV,D,20221116,000000,2650.4,2743.31,2631.28,2743.31,0,0
WPL_MV,D,20221117,000000,2715.99,2729.65,2658.6,2729.65,0,0
WPL_MV,D,20221118,000000,2705.05,2729.65,2666.8,2702.31,0,0
WPL_MV,D,20221121,000000,2724.17,2724.17,2666.8,2702.31,0,0
WPL_MV,D,20221122,000000,2726.91,2732.38,2634.01,2691.39,0,0
WPL_MV,D,20221123,000000,2677.72,2688.66,2623.08,2655.87,0,0
WPL_MV,D,20221124,000000,2674.99,2674.99,2601.22,2647.68,0,0
WPL_MV,D,20221125,000000,2650.4,2674.99,2647.68,2655.87,0,0
WPL_MV,D,20221128,000000,2677.72,2677.72,2625.81,2634.01,0,0
WPL_MV,D,20221129,000000,2628.55,2666.8,2623.08,2664.08,0,0
WPL_MV,D,20221130,000000,2674.99,2674.99,2617.61,2636.75,0,0
WPL_MV,D,20221201,000000,2664.08,2664.08,2617.61,2642.2,0,0
WPL_MV,D,20221202,000000,2631.28,2642.2,2614.87,2631.28,0,0
WPL_MV,D,20221205,000000,2658.6,2658.6,2576.64,2620.35,0,0
WPL_MV,D,20221206,000000,2590.29,2595.76,2532.9,2532.9,0,0
WPL_MV,D,20221207,000000,2532.9,2560.24,2494.66,2502.86,0,0
WPL_MV,D,20221208,000000,2546.57,2549.3,2393.56,2396.3,0,0
WPL_MV,D,20221209,000000,2418.16,2450.94,2358.04,2440,0,0
WPL_MV,D,20221212,000000,2442.75,2459.14,2396.3,2459.14,0,0
WPL_MV,D,20221213,000000,2489.19,2672.26,2459.14,2655.87,0,0
WPL_MV,D,20221214,000000,2609.42,2702.31,2609.42,2674.99,0,0
WPL_MV,D,20221215,000000,2699.59,2748.77,2658.6,2732.38,0,0
WPL_MV,D,20221216,000000,2705.05,2705.05,2573.9,2669.53,0,0
WPL_MV,D,20221219,000000,2669.53,2688.66,2642.2,2688.66,0,0
WPL_MV,D,20221220,000000,2650.4,2650.4,2573.9,2612.16,0,0
WPL_MV,D,20221221,000000,2614.87,2650.4,2595.76,2650.4,0,0
WPL_MV,D,20221222,000000,2650.4,2683.2,2650.4,2650.4,0,0
WPL_MV,D,20221223,000000,2683.2,2683.2,2601.22,2680.47,0,0
WPL_MV,D,20221227,000000,2729.65,2729.65,2628.55,2680.47,0,0
WPL_MV,D,20221228,000000,2625.81,2677.72,2614.87,2677.72,0,0
WPL_MV,D,20221229,000000,2677.72,2759.7,2620.35,2759.7,0,0
WPL_MV,D,20221230,000000,2781.56,2803.41,2713.26,2759.7,0,0
WPL_MV,D,20230102,000000,2792.49,2814.35,2737.84,2787.02,0,0
WPL_MV,D,20230103,000000,2787.02,2787.02,2748.77,2754.23,0,0
WPL_MV,D,20230104,000000,2776.09,2808.88,2685.92,2808.88,0,0
WPL_MV,D,20230105,000000,2759.7,2797.96,2721.45,2759.7,0,0
WPL_MV,D,20230109,000000,2787.02,2825.28,2754.23,2770.63,0,0
WPL_MV,D,20230110,000000,2770.63,2814.35,2759.7,2759.7,0,0
WPL_MV,D,20230111,000000,2759.7,2787.02,2691.39,2715.99,0,0
WPL_MV,D,20230112,000000,2715.99,2776.09,2699.59,2718.72,0,0
WPL_MV,D,20230113,000000,2776.09,2776.09,2655.87,2699.59,0,0
WPL_MV,D,20230116,000000,2699.59,2715.99,2680.47,2715.99,0,0
WPL_MV,D,20230117,000000,2726.91,2726.91,2677.72,2715.99,0,0
WPL_MV,D,20230118,000000,2669.53,2713.26,2650.4,2650.4,0,0
WPL_MV,D,20230119,000000,2677.72,2836.2,2653.14,2830.74,0,0
WPL_MV,D,20230120,000000,2830.74,2956.43,2830.74,2956.43,0,0
WPL_MV,D,20230123,000000,2967.36,2978.29,2896.31,2950.97,0,0
WPL_MV,D,20230124,000000,2950.97,3000.14,2901.79,2923.64,0,0
WPL_MV,D,20230125,000000,2923.64,2929.1,2721.45,2765.17,0,0
WPL_MV,D,20230126,000000,2743.31,2923.64,2743.31,2923.64,0,0
WPL_MV,D,20230127,000000,2923.64,2923.64,2797.96,2819.81,0,0
WPL_MV,D,20230130,000000,2841.67,2841.67,2781.56,2819.81,0,0
WPL_MV,D,20230131,000000,2869,2869,2787.02,2841.67,0,0
WPL_MV,D,20230201,000000,2841.67,2890.86,2803.41,2890.86,0,0
WPL_MV,D,20230202,000000,2858.07,2978.29,2858.07,2950.97,0,0
WPL_MV,D,20230203,000000,2874.47,2983.76,2874.47,2945.5,0,0
WPL_MV,D,20230206,000000,2923.64,2956.43,2841.67,2847.13,0,0
WPL_MV,D,20230207,000000,2896.31,2896.31,2819.81,2830.74,0,0
WPL_MV,D,20230208,000000,2841.67,2841.67,2732.38,2732.38,0,0
WPL_MV,D,20230209,000000,2759.7,2808.88,2732.38,2787.02,0,0
WPL_MV,D,20230210,000000,2759.7,2759.7,2661.34,2677.72,0,0
WPL_MV,D,20230213,000000,2664.08,2669.53,2620.35,2623.68,0,0
WPL_MV,D,20230214,000000,2651.01,2713.86,2640.08,2678.34,0,0
WPL_MV,D,20230215,000000,2716.6,2724.81,2659.2,2700.21,0,0
WPL_MV,D,20230216,000000,2664.68,2771.26,2664.68,2771.26,0,0
WPL_MV,D,20230217,000000,2782.19,2782.19,2694.74,2694.74,0,0
WPL_MV,D,20230220,000000,2760.34,2760.34,2689.27,2711.14,0,0
WPL_MV,D,20230221,000000,2733.01,2733.01,2612.76,2615.48,0,0
WPL_MV,D,20230222,000000,2596.36,2705.66,2574.49,2574.49,0,0
WPL_MV,D,20230223,000000,2637.34,2648.28,2590.88,2610.01,0,0
WPL_MV,D,20230224,000000,2661.94,2661.94,2569.02,2574.49,0,0
WPL_MV,D,20230227,000000,2596.36,2596.36,2560.81,2560.81,0,0
WPL_MV,D,20230228,000000,2569.02,2620.94,2569.02,2618.21,0,0
WPL_MV,D,20230301,000000,2618.21,2642.81,2599.09,2623.68,0,0
WPL_MV,D,20230302,000000,2651.01,2713.86,2612.76,2713.86,0,0
WPL_MV,D,20230303,000000,2711.14,2716.6,2634.61,2716.6,0,0
WPL_MV,D,20230306,000000,2711.14,2814.99,2711.14,2814.99,0,0
WPL_MV,D,20230307,000000,2814.99,2946.18,2793.13,2946.18,0,0
WPL_MV,D,20230308,000000,2951.64,2951.64,2820.46,2820.46,0,0
WPL_MV,D,20230309,000000,2902.45,2902.45,2831.38,2853.26,0,0
WPL_MV,D,20230310,000000,2836.86,2858.71,2787.67,2858.71,0,0
WPL_MV,D,20230313,000000,2825.93,2842.32,2694.74,2760.34,0,0
WPL_MV,D,20230314,000000,2776.73,2787.67,2738.46,2754.86,0,0
WPL_MV,D,20230315,000000,2760.34,2760.34,2664.68,2689.27,0,0
WPL_MV,D,20230316,000000,2702.94,2754.86,2702.94,2708.41,0,0
WPL_MV,D,20230317,000000,2760.34,2760.34,2667.41,2719.33,0,0
WPL_MV,D,20230320,000000,2719.33,2719.33,2667.41,2694.74,0,0
WPL_MV,D,20230321,000000,2694.74,2776.73,2694.74,2705.66,0,0
WPL_MV,D,20230322,000000,2705.66,2754.86,2694.74,2694.74,0,0
WPL_MV,D,20230323,000000,2678.34,2730.27,2678.34,2730.27,0,0
WPL_MV,D,20230324,000000,2705.66,2733.01,2683.81,2733.01,0,0
WPL_MV,D,20230327,000000,2733.01,2771.26,2702.94,2713.86,0,0
WPL_MV,D,20230328,000000,2713.86,2776.73,2713.86,2738.46,0,0
WPL_MV,D,20230329,000000,2754.86,2804.06,2713.86,2754.86,0,0
WPL_MV,D,20230330,000000,2804.06,2858.71,2738.46,2858.71,0,0
WPL_MV,D,20230331,000000,2836.86,2842.32,2760.34,2760.34,0,0
WPL_MV,D,20230403,000000,2743.93,2798.58,2738.46,2793.13,0,0
WPL_MV,D,20230404,000000,2809.53,2858.71,2793.13,2825.93,0,0
WPL_MV,D,20230405,000000,2814.99,2842.32,2787.67,2814.99,0,0
WPL_MV,D,20230406,000000,2814.99,2842.32,2782.19,2842.32,0,0
WPL_MV,D,20230411,000000,2836.86,2842.32,2798.58,2842.32,0,0
WPL_MV,D,20230412,000000,2820.46,2853.26,2798.58,2836.86,0,0
WPL_MV,D,20230413,000000,2836.86,2896.98,2831.38,2836.86,0,0
WPL_MV,D,20230414,000000,2864.18,2896.98,2842.32,2869.66,0,0
WPL_MV,D,20230417,000000,2864.18,2864.18,2820.46,2836.86,0,0
WPL_MV,D,20230418,000000,2825.93,2858.71,2809.53,2847.78,0,0
WPL_MV,D,20230419,000000,2847.78,2858.71,2842.32,2853.26,0,0
WPL_MV,D,20230420,000000,2864.18,2864.18,2842.32,2858.71,0,0
WPL_MV,D,20230421,000000,2864.18,2924.31,2847.78,2847.78,0,0
WPL_MV,D,20230424,000000,2842.32,2929.77,2842.32,2924.31,0,0
WPL_MV,D,20230425,000000,2929.77,3006.3,2880.58,2989.9,0,0
WPL_MV,D,20230426,000000,2989.9,3050.03,2951.64,3011.76,0,0
WPL_MV,D,20230427,000000,3011.76,3039.1,2989.9,3033.63,0,0
WPL_MV,D,20230428,000000,3033.63,3170.27,3033.63,3170.27,0,0
WPL_MV,D,20230502,000000,3170.27,3224.93,3110.16,3132.02,0,0
WPL_MV,D,20230504,000000,3142.95,3142.95,3022.7,3039.1,0,0
WPL_MV,D,20230505,000000,3033.63,3159.36,3033.63,3104.68,0,0
WPL_MV,D,20230508,000000,3181.21,3230.4,3126.56,3126.56,0,0
WPL_MV,D,20230509,000000,3137.48,3137.48,3093.76,3093.76,0,0
WPL_MV,D,20230510,000000,3115.62,3230.4,3115.62,3192.66,0,0
WPL_MV,D,20230511,000000,3220.01,3220.01,3154.41,3170.8,0,0
WPL_MV,D,20230512,000000,3209.07,3340.28,3203.61,3291.08,0,0
WPL_MV,D,20230515,000000,3296.55,3345.75,3192.66,3252.8,0,0
WPL_MV,D,20230516,000000,3192.66,3307.47,3192.66,3307.47,0,0
WPL_MV,D,20230517,000000,3307.47,3307.47,3269.2,3302,0,0
WPL_MV,D,20230518,000000,3269.2,3307.47,3263.75,3296.55,0,0
WPL_MV,D,20230519,000000,3296.55,3323.87,3241.86,3323.87,0,0
WPL_MV,D,20230522,000000,3329.34,3329.34,3291.08,3323.87,0,0
WPL_MV,D,20230523,000000,3307.47,3307.47,3258.27,3296.55,0,0
WPL_MV,D,20230524,000000,3285.61,3285.61,3138,3148.94,0,0
WPL_MV,D,20230525,000000,3143.47,3220.01,3105.2,3170.8,0,0
WPL_MV,D,20230526,000000,3181.74,3198.14,3148.94,3198.14,0,0
WPL_MV,D,20230529,000000,3176.26,3192.66,3176.26,3192.66,0,0
WPL_MV,D,20230530,000000,3192.66,3192.66,3176.26,3176.26,0,0
WPL_MV,D,20230531,000000,3176.26,3236.41,3170.8,3187.21,0,0
WPL_MV,D,20230601,000000,3198.14,3209.07,3143.47,3209.07,0,0
WPL_MV,D,20230602,000000,3209.07,3209.07,3159.88,3198.14,0,0
WPL_MV,D,20230605,000000,3214.55,3214.55,3094.27,3099.74,0,0
WPL_MV,D,20230606,000000,3116.13,3187.21,3116.13,3181.74,0,0
WPL_MV,D,20230607,000000,3143.47,3170.8,3099.74,3121.6,0,0
WPL_MV,D,20230609,000000,3116.13,3116.13,3088.8,3110.66,0,0
WPL_MV,D,20230612,000000,3110.66,3116.13,3056,3116.13,0,0
WPL_MV,D,20230613,000000,3116.13,3116.13,3028.67,3034.12,0,0
WPL_MV,D,20230614,000000,3034.12,3061.46,3023.21,3056,0,0
WPL_MV,D,20230615,000000,3056,3056,2990.4,3034.12,0,0
WPL_MV,D,20230616,000000,3028.67,3077.87,2935.72,2935.72,0,0
WPL_MV,D,20230619,000000,2941.2,3039.6,2941.2,3039.6,0,0
WPL_MV,D,20230620,000000,3050.53,3088.8,2979.45,3088.8,0,0
WPL_MV,D,20230621,000000,3099.74,3099.74,3045.06,3072.4,0,0
WPL_MV,D,20230622,000000,3061.46,3138,3045.06,3138,0,0
WPL_MV,D,20230623,000000,3138,3170.8,3056,3121.6,0,0
WPL_MV,D,20230626,000000,3116.13,3170.8,3061.46,3170.8,0,0
WPL_MV,D,20230627,000000,3165.33,3165.33,3061.46,3066.94,0,0
WPL_MV,D,20230628,000000,3099.74,3116.13,3072.4,3116.13,0,0
WPL_MV,D,20230629,000000,3116.13,3159.88,3099.74,3159.88,0,0
WPL_MV,D,20230630,000000,3165.33,3170.8,3116.13,3148.94,0,0
WPL_MV,D,20230703,000000,3210.36,3221.52,3143.36,3221.52,0,0
WPL_MV,D,20230704,000000,3221.52,3221.52,3176.85,3215.94,0,0
WPL_MV,D,20230705,000000,3171.27,3193.6,3171.27,3182.44,0,0
WPL_MV,D,20230706,000000,3182.44,3232.68,3171.27,3232.68,0,0
WPL_MV,D,20230707,000000,3193.6,3266.19,3193.6,3266.19,0,0
WPL_MV,D,20230710,000000,3266.19,3400.18,3266.19,3383.43,0,0
WPL_MV,D,20230711,000000,3377.85,3439.26,3322.02,3405.77,0,0
WPL_MV,D,20230712,000000,3405.77,3595.59,3394.6,3595.59,0,0
WPL_MV,D,20230713,000000,3595.59,3595.59,3478.35,3550.93,0,0
WPL_MV,D,20230714,000000,3567.68,3606.76,3517.43,3556.51,0,0
WPL_MV,D,20230717,000000,3601.17,3601.17,3528.59,3550.93,0,0
WPL_MV,D,20230718,000000,3573.26,3595.59,3550.93,3595.59,0,0
WPL_MV,D,20230719,000000,3606.76,3779.83,3573.26,3601.17,0,0
WPL_MV,D,20230720,000000,3617.93,3617.93,3539.76,3573.26,0,0
WPL_MV,D,20230721,000000,3573.26,3573.26,3489.52,3556.51,0,0
WPL_MV,D,20230724,000000,3556.51,3556.51,3394.6,3416.93,0,0
WPL_MV,D,20230725,000000,3383.43,3433.69,3338.77,3366.69,0,0
WPL_MV,D,20230726,000000,3366.69,3377.85,3344.35,3361.1,0,0
WPL_MV,D,20230727,000000,3366.69,3366.69,3238.27,3282.94,0,0
WPL_MV,D,20230728,000000,3282.94,3282.94,3215.94,3249.43,0,0
WPL_MV,D,20230731,000000,3266.19,3305.26,3238.27,3238.27,0,0
WPL_MV,D,20230801,000000,3294.11,3294.11,3215.94,3238.59,0,0
WPL_MV,D,20230802,000000,3238.59,3266.51,3210.67,3238.59,0,0
WPL_MV,D,20230803,000000,3266.51,3266.51,3182.75,3266.51,0,0
WPL_MV,D,20230804,000000,3260.93,3350.31,3249.76,3311.14,0,0
WPL_MV,D,20230807,000000,3288.85,3350.31,3272.07,3272.07,0,0
WPL_MV,D,20230808,000000,3238.63,3272.07,3238.63,3272.07,0,0
WPL_MV,D,20230809,000000,3288.85,3288.85,3238.63,3238.63,0,0
WPL_MV,D,20230810,000000,3283.22,3333.54,3266.55,3322.39,0,0
WPL_MV,D,20230811,000000,3322.39,3327.91,3238.63,3316.77,0,0
WPL_MV,D,20230814,000000,3316.77,3316.77,3266.55,3266.55,0,0
WPL_MV,D,20230816,000000,3294.47,3294.47,3132.47,3132.47,0,0
WPL_MV,D,20230817,000000,3126.95,3160.39,3110.18,3126.95,0,0
WPL_MV,D,20230818,000000,3126.95,3210.71,3126.95,3210.71,0,0
WPL_MV,D,20230821,000000,3193.94,3277.7,3193.94,3260.93,0,0
WPL_MV,D,20230822,000000,3221.86,3277.7,3221.86,3233.01,0,0
WPL_MV,D,20230823,000000,3266.55,3266.55,3188.31,3188.31,0,0
WPL_MV,D,20230824,000000,3238.63,3255.3,3154.87,3154.87,0,0
WPL_MV,D,20230825,000000,3182.79,3233.01,3143.62,3188.31,0,0
WPL_MV,D,20230828,000000,3188.31,3188.31,3177.17,3177.17,0,0
WPL_MV,D,20230829,000000,3210.71,3255.3,3138.1,3154.87,0,0
WPL_MV,D,20230830,000000,3182.79,3182.79,3082.26,3082.26,0,0
WPL_MV,D,20230831,000000,3082.26,3093.41,2914.73,2931.5,0,0
WPL_MV,D,20230901,000000,2970.58,2998.5,2931.5,2981.73,0,0
WPL_MV,D,20230904,000000,2981.73,2998.5,2931.5,2992.88,0,0
WPL_MV,D,20230905,000000,2992.88,2992.88,2931.5,2942.66,0,0
WPL_MV,D,20230906,000000,2942.66,3004.11,2931.5,2959.42,0,0
WPL_MV,D,20230907,000000,2959.42,2998.5,2931.5,2931.5,0,0
WPL_MV,D,20230908,000000,2959.42,2981.73,2875.66,2892.43,0,0
WPL_MV,D,20230911,000000,2903.58,2964.96,2903.58,2931.5,0,0
WPL_MV,D,20230912,000000,2931.5,2970.58,2920.35,2953.81,0,0
WPL_MV,D,20230913,000000,2970.58,3043.19,2914.73,3032.03,0,0
WPL_MV,D,20230914,000000,3009.65,3065.49,3009.65,3065.49,0,0
WPL_MV,D,20230915,000000,3065.49,3065.49,3004.11,3048.72,0,0
WPL_MV,D,20230918,000000,3015.27,3093.41,3015.27,3093.41,0,0
WPL_MV,D,20230919,000000,3126.95,3126.95,2970.58,3009.65,0,0
WPL_MV,D,20230920,000000,3015.27,3015.27,2948.27,2987.35,0,0
WPL_MV,D,20230921,000000,2942.66,3015.27,2942.66,2976.19,0,0
WPL_MV,D,20230922,000000,3015.27,3076.64,2964.96,3009.65,0,0
WPL_MV,D,20230925,000000,3009.65,3065.49,2920.35,2931.5,0,0
WPL_MV,D,20230926,000000,2964.96,2964.96,2875.66,2886.81,0,0
WPL_MV,D,20230927,000000,2920.35,2920.35,2875.66,2875.66,0,0
WPL_MV,D,20230928,000000,2914.73,2914.73,2797.44,2814.2,0,0
WPL_MV,D,20230929,000000,2830.97,2881.2,2803.05,2803.05,0,0
WPL_MV,D,20231002,000000,2808.67,2814.2,2719.29,2755.6,0,0
WPL_MV,D,20231003,000000,2755.6,2755.6,2657.83,2657.93,0,0
WPL_MV,D,20231004,000000,2632.77,2786.28,2627.15,2780.75,0,0
WPL_MV,D,20231005,000000,2780.75,2814.2,2769.51,2791.9,0,0
WPL_MV,D,20231006,000000,2791.9,2808.67,2755.6,2763.98,0,0
WPL_MV,D,20231009,000000,2763.98,2789.14,2763.98,2769.51,0,0
WPL_MV,D,20231010,000000,2763.98,2931.5,2763.98,2886.81,0,0
WPL_MV,D,20231011,000000,2931.5,3004.11,2892.43,2959.42,0,0
WPL_MV,D,20231012,000000,2959.42,2959.42,2925.89,2948.27,0,0
WPL_MV,D,20231013,000000,2920.35,3026.42,2920.35,3009.65,0,0
WPL_MV,D,20231016,000000,3015.27,3193.94,3015.27,3071.11,0,0
WPL_MV,D,20231017,000000,3071.11,3099.03,3054.34,3054.34,0,0
WPL_MV,D,20231018,000000,3020.8,3032.03,2942.66,2987.35,0,0
WPL_MV,D,20231019,000000,2981.73,3020.8,2931.5,3015.27,0,0
WPL_MV,D,20231020,000000,2959.42,3043.19,2914.73,3015.27,0,0
WPL_MV,D,20231023,000000,3043.19,3043.19,2987.35,2998.5,0,0
WPL_MV,D,20231024,000000,3015.27,3015.27,2992.88,2992.88,0,0
WPL_MV,D,20231025,000000,2998.5,3015.27,2987.35,2987.35,0,0
WPL_MV,D,20231026,000000,3009.65,3015.27,2959.42,3015.27,0,0
WPL_MV,D,20231027,000000,3015.27,3015.27,2998.5,2998.97,0,0
WPL_MV,D,20231030,000000,3015.74,3015.74,2959.9,3004.59,0,0
WPL_MV,D,20231031,000000,3015.74,3015.74,2971.05,2998.97,0,0
WPL_MV,D,20231102,000000,3015.74,3015.74,2864.9,2976.57,0,0
WPL_MV,D,20231103,000000,2959.9,3015.74,2909.59,3015.74,0,0
WPL_MV,D,20231106,000000,3015.74,3015.74,2987.82,3015.74,0,0
WPL_MV,D,20231107,000000,3010.12,3010.12,2965.43,2965.43,0,0
WPL_MV,D,20231108,000000,3004.49,3004.49,2931.98,2959.9,0,0
WPL_MV,D,20231109,000000,2959.9,3043.66,2959.9,3043.66,0,0
WPL_MV,D,20231110,000000,3043.66,3110.65,3010.12,3038.04,0,0
WPL_MV,D,20231113,000000,3093.88,3105.03,3032.51,3099.5,0,0
WPL_MV,D,20231114,000000,3099.5,3211.18,3060.43,3211.18,0,0
WPL_MV,D,20231115,000000,3211.18,3211.18,3144.19,3155.34,0,0
WPL_MV,D,20231116,000000,3155.34,3278.17,3155.34,3278.17,0,0
WPL_MV,D,20231117,000000,3294.94,3373.17,3267.02,3373.17,0,0
WPL_MV,D,20231120,000000,3373.17,3412.24,3334.01,3361.93,0,0
WPL_MV,D,20231121,000000,3378.7,3490.39,3378.7,3429.01,0,0
WPL_MV,D,20231122,000000,3440.16,3440.16,3283.79,3283.79,0,0
WPL_MV,D,20231123,000000,3283.79,3283.79,3172.11,3205.56,0,0
WPL_MV,D,20231124,000000,3239.1,3255.87,3116.27,3121.8,0,0
WPL_MV,D,20231127,000000,3121.8,3149.72,3049.19,3049.19,0,0
WPL_MV,D,20231128,000000,3004.49,3116.27,3004.49,3099.5,0,0
WPL_MV,D,20231129,000000,3121.8,3160.96,3121.8,3160.96,0,0
WPL_MV,D,20231130,000000,3166.49,3166.49,3099.5,3127.42,0,0
WPL_MV,D,20231201,000000,3110.65,3211.18,3088.35,3211.18,0,0
WPL_MV,D,20231204,000000,3211.18,3211.18,3144.19,3144.19,0,0
WPL_MV,D,20231205,000000,3144.19,3188.88,3144.19,3149.72,0,0
WPL_MV,D,20231206,000000,3149.72,3155.34,3138.57,3155.34,0,0
WPL_MV,D,20231207,000000,3172.11,3172.11,3105.03,3105.03,0,0
WPL_MV,D,20231208,000000,3127.42,3127.42,3077.11,3077.11,0,0
WPL_MV,D,20231211,000000,3099.5,3155.34,3077.11,3155.34,0,0
WPL_MV,D,20231212,000000,3172.11,3172.11,3110.65,3138.57,0,0
WPL_MV,D,20231213,000000,3138.57,3138.57,3077.11,3082.73,0,0
WPL_MV,D,20231214,000000,3127.42,3194.41,3099.5,3188.88,0,0
WPL_MV,D,20231215,000000,3188.88,3434.54,3177.64,3294.94,0,0
WPL_MV,D,20231218,000000,3289.32,3373.17,3289.32,3350.78,0,0
WPL_MV,D,20231219,000000,3345.16,3417.77,3267.02,3406.62,0,0
WPL_MV,D,20231220,000000,3423.39,3445.7,3350.78,3350.78,0,0
WPL_MV,D,20231221,000000,3311.71,3373.17,3306.09,3334.01,0,0
WPL_MV,D,20231222,000000,3373.17,3378.7,3322.86,3339.63,0,0
WPL_MV,D,20231227,000000,3378.7,3429.01,3350.78,3429.01,0,0
WPL_MV,D,20231228,000000,3406.62,3501.54,3406.62,3496,0,0
WPL_MV,D,20231229,000000,3484.85,3490.39,3367.55,3395.47,0,0
WPL_MV,D,20240102,000000,3468.08,3468.08,3239.1,3239.1,0,0
WPL_MV,D,20240103,000000,3239.1,3272.64,3205.56,3222.33,0,0
WPL_MV,D,20240104,000000,3211.18,3294.94,3211.18,3244.72,0,0
WPL_MV,D,20240105,000000,3267.02,3289.32,3177.64,3211.18,0,0
WPL_MV,D,20240108,000000,3255.87,3294.94,3227.95,3294.94,0,0
WPL_MV,D,20240109,000000,3306.09,3306.09,3267.02,3272.64,0,0
WPL_MV,D,20240110,000000,3239.1,3417.77,3239.1,3417.77,0,0
WPL_MV,D,20240111,000000,3373.17,3401.09,3300.56,3300.56,0,0
WPL_MV,D,20240112,000000,3300.56,3322.86,3250.25,3322.86,0,0
WPL_MV,D,20240115,000000,3322.86,3322.86,3200.03,3294.94,0,0
WPL_MV,D,20240116,000000,3250.25,3272.64,3194.41,3200.03,0,0
WPL_MV,D,20240117,000000,3205.56,3205.56,3121.8,3121.8,0,0
WPL_MV,D,20240118,000000,3121.8,3149.72,3088.35,3105.03,0,0
WPL_MV,D,20240119,000000,3105.03,3160.86,3105.03,3155.34,0,0
WPL_MV,D,20240122,000000,3194.41,3194.41,3127.42,3127.42,0,0
WPL_MV,D,20240123,000000,3149.72,3149.72,3110.65,3110.65,0,0
WPL_MV,D,20240124,000000,3132.95,3132.95,3082.73,3088.35,0,0
WPL_MV,D,20240125,000000,3088.35,3183.26,3088.35,3156.39,0,0
WPL_MV,D,20240126,000000,3212.23,3212.23,3133.99,3156.39,0,0
WPL_MV,D,20240129,000000,3212.23,3212.23,3106.07,3106.07,0,0
WPL_MV,D,20240130,000000,3100.55,3223.38,3100.55,3217.85,0,0
WPL_MV,D,20240131,000000,3217.85,3346.3,3217.85,3312.86,0,0
WPL_MV,D,20240201,000000,3340.78,3340.78,3268.17,3312.86,0,0
WPL_MV,D,20240202,000000,3324,3374.22,3296.08,3351.92,0,0
WPL_MV,D,20240205,000000,3351.92,3351.92,3268.17,3296.08,0,0
WPL_MV,D,20240206,000000,3296.08,3402.24,3195.46,3402.24,0,0
WPL_MV,D,20240207,000000,3379.84,3379.84,3307.23,3374.22,0,0
WPL_MV,D,20240208,000000,3379.84,3379.84,3268.17,3368.7,0,0
WPL_MV,D,20240209,000000,3368.7,3368.7,3296.08,3324,0,0
WPL_MV,D,20240212,000000,3301.61,3351.92,3290.46,3351.92,0,0
WPL_MV,D,20240213,000000,3368.7,3368.7,3273.69,3273.69,0,0
WPL_MV,D,20240214,000000,3307.23,3390.99,3223.38,3329.53,0,0
WPL_MV,D,20240215,000000,3301.61,3407.76,3301.61,3324,0,0
WPL_MV,D,20240216,000000,3324,3379.84,3262.54,3268.17,0,0
WPL_MV,D,20240219,000000,3324,3324,3234.62,3256.92,0,0
WPL_MV,D,20240220,000000,3318.38,3318.38,3201.08,3234.62,0,0
WPL_MV,D,20240221,000000,3234.62,3251.39,3217.85,3229,0,0
WPL_MV,D,20240222,000000,3223.38,3229,3156.39,3229,0,0
WPL_MV,D,20240223,000000,3156.39,3262.54,3156.39,3256.92,0,0
WPL_MV,D,20240226,000000,3256.92,3324,3234.62,3324,0,0
WPL_MV,D,20240227,000000,3324,3374.22,3290.46,3374.22,0,0
WPL_MV,D,20240228,000000,3301.61,3374.22,3279.31,3374.22,0,0
WPL_MV,D,20240229,000000,3374.22,3374.22,3290.46,3307.23,0,0
WPL_MV,D,20240301,000000,3324,3368.7,3307.23,3368.7,0,0
WPL_MV,D,20240304,000000,3368.7,3379.84,3217.85,3217.85,0,0
WPL_MV,D,20240305,000000,3217.85,3262.54,3217.85,3217.85,0,0
WPL_MV,D,20240306,000000,3217.85,3240.15,3206.7,3212.23,0,0
WPL_MV,D,20240307,000000,3195.46,3195.46,3133.99,3134.09,0,0
WPL_MV,D,20240308,000000,3156.39,3178.68,3150.76,3156.39,0,0
WPL_MV,D,20240311,000000,3195.46,3212.23,3089.3,3094.93,0,0
WPL_MV,D,20240312,000000,3083.78,3156.39,3072.63,3072.63,0,0
WPL_MV,D,20240313,000000,3100.55,3100.55,3050.23,3072.63,0,0
WPL_MV,D,20240314,000000,3072.63,3167.54,3072.63,3128.47,0,0
WPL_MV,D,20240315,000000,3128.47,3173.16,3072.63,3156.39,0,0
WPL_MV,D,20240318,000000,3184.31,3184.31,3055.86,3061.38,0,0
WPL_MV,D,20240319,000000,3128.47,3134.09,3044.61,3134.09,0,0
WPL_MV,D,20240320,000000,3078.15,3173.16,3055.86,3078.15,0,0
WPL_MV,D,20240321,000000,3078.15,3212.23,3078.15,3212.23,0,0
WPL_MV,D,20240322,000000,3212.23,3212.23,3184.31,3206.7,0,0
WPL_MV,D,20240325,000000,3206.7,3268.17,3184.31,3240.15,0,0
WPL_MV,D,20240326,000000,3268.17,3374.22,3234.62,3324,0,0
WPL_MV,D,20240327,000000,3374.22,3463.6,3335.15,3458.08,0,0
WPL_MV,D,20240328,000000,3463.6,3525.07,3424.54,3491.62,0,0
WPL_MV,D,20240402,000000,3486,3486,3379.84,3474.85,0,0
WPL_MV,D,20240403,000000,3446.93,3486,3390.99,3474.85,0,0
WPL_MV,D,20240404,000000,3430.16,3536.31,3430.16,3536.31,0,0
WPL_MV,D,20240405,000000,3519.54,3525.07,3407.76,3407.76,0,0
WPL_MV,D,20240408,000000,3390.99,3508.3,3390.99,3474.85,0,0
WPL_MV,D,20240409,000000,3519.54,3519.54,3463.6,3491.62,0,0
WPL_MV,D,20240410,000000,3508.3,3519.54,3474.85,3519.54,0,0
WPL_MV,D,20240411,000000,3508.3,3508.3,3407.76,3491.62,0,0
WPL_MV,D,20240412,000000,3390.99,3458.08,3363.07,3363.07,0,0
WPL_MV,D,20240415,000000,3486,3486,3256.92,3262.54,0,0
WPL_MV,D,20240416,000000,3262.54,3418.91,3217.85,3217.85,0,0
WPL_MV,D,20240417,000000,3217.85,3240.15,3167.54,3201.08,0,0
WPL_MV,D,20240418,000000,3178.68,3245.77,3178.68,3212.23,0,0
WPL_MV,D,20240419,000000,3279.31,3335.15,3262.54,3318.38,0,0
WPL_MV,D,20240422,000000,3318.38,3374.22,3290.46,3351.92,0,0
WPL_MV,D,20240423,000000,3351.92,3351.92,3279.31,3279.31,0,0
WPL_MV,D,20240424,000000,3379.84,3379.84,3245.77,3245.77,0,0
WPL_MV,D,20240425,000000,3296.08,3351.92,3251.39,3351.92,0,0
WPL_MV,D,20240426,000000,3351.92,3351.92,3268.17,3301.61,0,0
WPL_MV,D,20240429,000000,3301.61,3407.76,3301.61,3406.25,0,0
WPL_MV,D,20240430,000000,3389.38,3389.38,3305.42,3355.83,0,0
WPL_MV,D,20240502,000000,3355.83,3372.6,3344.59,3372.6,0,0
WPL_MV,D,20240506,000000,3417.39,3417.39,3316.57,3322.19,0,0
WPL_MV,D,20240507,000000,3327.82,3361.36,3277.41,3282.94,0,0
WPL_MV,D,20240508,000000,3282.94,3294.18,3238.15,3282.94,0,0
WPL_MV,D,20240509,000000,3294.18,3338.96,3221.38,3221.38,0,0
WPL_MV,D,20240510,000000,3226.9,3288.56,3226.9,3249.4,0,0
WPL_MV,D,20240513,000000,3277.41,3389.38,3232.53,3361.46,0,0
WPL_MV,D,20240514,000000,3400.62,3501.44,3361.36,3445.4,0,0
WPL_MV,D,20240515,000000,3445.4,3551.84,3445.4,3495.91,0,0
WPL_MV,D,20240516,000000,3445.4,3568.71,3445.4,3568.71,0,0
WPL_MV,D,20240517,000000,3579.86,3585.48,3490.29,3579.86,0,0
WPL_MV,D,20240520,000000,3596.73,3596.73,3501.44,3529.46,0,0
WPL_MV,D,20240521,000000,3529.46,3613.5,3473.42,3484.67,0,0
WPL_MV,D,20240522,000000,3484.67,3501.44,3361.36,3400.62,0,0
WPL_MV,D,20240523,000000,3389.38,3389.38,3316.57,3361.46,0,0
WPL_MV,D,20240524,000000,3338.96,3372.6,3282.94,3282.94,0,0
WPL_MV,D,20240527,000000,3305.42,3305.42,3221.38,3221.38,0,0
WPL_MV,D,20240528,000000,3221.38,3277.41,3154.11,3182.12,0,0
WPL_MV,D,20240529,000000,3198.89,3198.89,3120.46,3120.46,0,0
WPL_MV,D,20240531,000000,3126.09,3154.11,3092.45,3131.71,0,0
WPL_MV,D,20240603,000000,3131.71,3294.18,3131.71,3277.41,0,0
WPL_MV,D,20240604,000000,3305.42,3305.42,3193.36,3198.98,0,0
WPL_MV,D,20240605,000000,3198.89,3221.38,3159.73,3159.73,0,0
WPL_MV,D,20240606,000000,3165.35,3187.74,3126.09,3126.09,0,0
WPL_MV,D,20240607,000000,3131.71,3137.33,3109.32,3137.33,0,0
WPL_MV,D,20240610,000000,3137.33,3137.33,3103.69,3103.69,0,0
WPL_MV,D,20240611,000000,3137.33,3165.35,3109.32,3120.46,0,0
WPL_MV,D,20240612,000000,3131.71,3137.33,3098.07,3098.07,0,0
WPL_MV,D,20240613,000000,3103.69,3154.11,3081.3,3081.3,0,0
WPL_MV,D,20240614,000000,3086.92,3137.33,3081.3,3109.32,0,0
WPL_MV,D,20240617,000000,3103.69,3103.69,3008.5,3070.06,0,0
WPL_MV,D,20240618,000000,3030.9,3058.91,3002.88,3014.03,0,0
WPL_MV,D,20240619,000000,3025.27,3030.9,3002.88,3025.27,0,0
WPL_MV,D,20240620,000000,3025.27,3030.9,3002.88,3002.88,0,0
WPL_MV,D,20240621,000000,3014.03,3019.65,2924.46,2924.46,0,0
WPL_MV,D,20240624,000000,2935.61,2969.24,2924.46,2969.24,0,0
WPL_MV,D,20240625,000000,3002.88,3002.88,2963.61,2980.48,0,0
WPL_MV,D,20240626,000000,2969.24,2986.01,2963.61,2986.01,0,0
WPL_MV,D,20240627,000000,2952.47,2969.24,2952.47,2969.24,0,0
WPL_MV,D,20240628,000000,2986.01,3025.27,2924.46,2941.23,0,0
WPL_MV,D,20240701,000000,2941.23,2991.63,2896.44,2952.47,0,0
WPL_MV,D,20240702,000000,2969.24,2969.24,2929.98,2946.85,0,0
WPL_MV,D,20240703,000000,2958,2958,2935.61,2941.23,0,0
WPL_MV,D,20240704,000000,2946.85,2974.86,2941.23,2946.85,0,0
WPL_MV,D,20240705,000000,2952.47,2952.47,2896.44,2918.83,0,0
WPL_MV,D,20240708,000000,2896.44,3025.27,2896.44,2907.59,0,0
WPL_MV,D,20240709,000000,2941.23,2941.23,2890.82,2902.06,0,0
WPL_MV,D,20240710,000000,2929.98,2929.98,2890.82,2907.59,0,0
WPL_MV,D,20240711,000000,2913.21,2929.98,2896.44,2896.44,0,0
WPL_MV,D,20240712,000000,2913.21,2913.21,2862.8,2862.8,0,0
WPL_MV,D,20240715,000000,2857.18,2885.19,2857.18,2879.57,0,0
WPL_MV,D,20240716,000000,2885.19,2885.19,2778.76,2802.2,0,0
WPL_MV,D,20240717,000000,2819.16,2850.22,2695,2796.58,0,0
WPL_MV,D,20240718,000000,2827.64,2850.22,2785.33,2850.22,0,0
WPL_MV,D,20240719,000000,2901.97,2901.97,2850.15,2855.99,0,0
WPL_MV,D,20240722,000000,2879.03,2901.97,2740.79,2763.83,0,0
WPL_MV,D,20240723,000000,2792.6,2818.56,2769.56,2792.6,0,0
WPL_MV,D,20240724,000000,2815.64,2821.38,2749.44,2778.22,0,0
WPL_MV,D,20240725,000000,2749.44,2749.44,2671.67,2694.71,0,0
WPL_MV,D,20240726,000000,2717.75,2726.4,2651.54,2651.54,0,0
WPL_MV,D,20240729,000000,2694.71,2694.71,2654.46,2668.85,0,0
WPL_MV,D,20240730,000000,2688.97,2688.97,2660.2,2660.2,0,0
WPL_MV,D,20240731,000000,2674.58,2732.14,2634.24,2651.54,0,0
WPL_MV,D,20240801,000000,2677.5,2677.5,2634.24,2654.46,0,0
WPL_MV,D,20240802,000000,2645.81,2645.81,2568.04,2568.04,0,0
WPL_MV,D,20240805,000000,2519.14,2524.87,2475.97,2484.53,0,0
WPL_MV,D,20240806,000000,2510.49,2510.49,2421.24,2421.24,0,0
WPL_MV,D,20240807,000000,2475.97,2706.28,2452.93,2706.28,0,0
WPL_MV,D,20240808,000000,2706.28,2706.28,2547.91,2663.11,0,0
WPL_MV,D,20240809,000000,2591.08,2634.24,2582.42,2588.26,0,0
WPL_MV,D,20240812,000000,2637.16,2706.28,2591.08,2628.5,0,0
WPL_MV,D,20240813,000000,2703.36,2703.36,2550.83,2588.26,0,0
WPL_MV,D,20240814,000000,2547.91,2588.26,2496.1,2533.53,0,0
WPL_MV,D,20240816,000000,2556.57,2556.57,2493.18,2516.22,0,0
WPL_MV,D,20240819,000000,2490.36,2700.54,2490.36,2700.54,0,0
WPL_MV,D,20240820,000000,2729.32,2729.32,2614.12,2619.85,0,0
WPL_MV,D,20240821,000000,2619.85,2686.06,2591.08,2677.5,0,0
WPL_MV,D,20240822,000000,2648.63,2732.14,2648.63,2677.5,0,0
WPL_MV,D,20240823,000000,2680.32,2706.28,2628.5,2706.28,0,0
WPL_MV,D,20240826,000000,2735.05,2867.46,2735.05,2809.91,0,0
WPL_MV,D,20240827,000000,2818.56,2838.68,2712.01,2821.38,0,0
WPL_MV,D,20240828,000000,2861.72,2896.23,2850.15,2850.15,0,0
WPL_MV,D,20240829,000000,2879.03,2879.03,2821.38,2850.15,0,0
WPL_MV,D,20240830,000000,2850.15,2873.19,2798.34,2850.15,0,0
WPL_MV,D,20240902,000000,2850.15,2850.15,2809.91,2818.56,0,0
WPL_MV,D,20240903,000000,2847.34,2847.34,2735.05,2735.05,0,0
WPL_MV,D,20240904,000000,2735.05,2801.26,2729.32,2763.83,0,0
WPL_MV,D,20240905,000000,2778.22,2792.6,2735.05,2735.05,0,0
WPL_MV,D,20240906,000000,2763.83,2763.83,2732.14,2735.05,0,0
WPL_MV,D,20240909,000000,2783.95,2786.87,2619.85,2628.5,0,0
WPL_MV,D,20240910,000000,2608.38,2789.78,2608.38,2665.93,0,0
WPL_MV,D,20240911,000000,2663.02,2735.05,2663.02,2706.28,0,0
WPL_MV,D,20240912,000000,2706.28,2706.28,2677.5,2697.62,0,0
WPL_MV,D,20240913,000000,2760.91,2786.87,2726.4,2772.48,0,0
WPL_MV,D,20240916,000000,2752.36,2812.73,2735.05,2752.36,0,0
WPL_MV,D,20240917,000000,2746.52,2783.95,2735.05,2749.44,0,0
WPL_MV,D,20240918,000000,2720.66,2760.91,2654.46,2735.05,0,0
WPL_MV,D,20240919,000000,2735.05,2737.87,2660.2,2671.67,0,0
WPL_MV,D,20240920,000000,2671.67,2680.32,2605.46,2680.32,0,0
WPL_MV,D,20240923,000000,2642.89,2703.36,2608.38,2691.89,0,0
WPL_MV,D,20240924,000000,2735.05,2735.05,2611.2,2625.69,0,0
WPL_MV,D,20240925,000000,2645.81,2660.2,2591.08,2591.08,0,0
WPL_MV,D,20240926,000000,2602.65,2617.03,2542.18,2542.18,0,0
WPL_MV,D,20240927,000000,2565.22,2585.34,2481.71,2484.53,0,0
WPL_MV,D,20240930,000000,2547.91,2550.83,2493.18,2550.83,0,0
WPL_MV,D,20241001,000000,2553.65,2553.65,2478.79,2478.79,0,0
WPL_MV,D,20241002,000000,2478.79,2507.57,2461.49,2461.59,0,0
WPL_MV,D,20241003,000000,2501.83,2501.83,2401.12,2424.16,0,0
WPL_MV,D,20241004,000000,2426.98,2429.89,2360.77,2366.51,0,0
WPL_MV,D,20241007,000000,2369.43,2401.12,2337.73,2337.73,0,0
WPL_MV,D,20241008,000000,2337.73,2352.12,2245.57,2274.45,0,0
WPL_MV,D,20241009,000000,2291.65,2332,2280.18,2280.18,0,0
WPL_MV,D,20241010,000000,2303.22,2317.61,2280.18,2303.22,0,0
WPL_MV,D,20241011,000000,2332,2383.81,2326.26,2355.04,0,0
WPL_MV,D,20241014,000000,2360.77,2375.16,2355.04,2375.16,0,0
WPL_MV,D,20241015,000000,2360.77,2389.55,2355.04,2383.81,0,0
WPL_MV,D,20241016,000000,2360.77,2432.71,2360.77,2426.98,0,0
WPL_MV,D,20241017,000000,2432.71,2447.1,2306.04,2337.73,0,0
WPL_MV,D,20241018,000000,2360.77,2418.33,2343.47,2409.67,0,0
WPL_MV,D,20241021,000000,2415.51,2441.37,2366.51,2375.16,0,0
WPL_MV,D,20241022,000000,2403.94,2403.94,2274.45,2274.74,0,0
WPL_MV,D,20241023,000000,2303.51,2303.51,2280.47,2286.21,0,0
WPL_MV,D,20241024,000000,2286.21,2312.17,2280.47,2280.47,0,0
WPL_MV,D,20241025,000000,2303.51,2303.51,2263.17,2292.04,0,0
WPL_MV,D,20241028,000000,2300.6,2303.51,2260.35,2260.35,0,0
WPL_MV,D,20241029,000000,2289.13,2289.13,2188.31,2188.31,0,0
WPL_MV,D,20241030,000000,2188.31,2228.66,2145.15,2150.89,0,0
WPL_MV,D,20241031,000000,2194.15,2194.15,2122.11,2130.76,0,0
WPL_MV,D,20241104,000000,2243.05,2243.05,2148.07,2173.93,0,0
WPL_MV,D,20241105,000000,2188.31,2188.31,2119.19,2130.76,0,0
WPL_MV,D,20241106,000000,2153.8,2283.39,2153.8,2274.74,0,0
WPL_MV,D,20241107,000000,2274.74,2274.74,2248.78,2254.61,0,0
WPL_MV,D,20241108,000000,2271.82,2271.82,2222.92,2240.23,0,0
WPL_MV,D,20241112,000000,2254.61,2274.74,2234.39,2274.74,0,0
WPL_MV,D,20241113,000000,2274.74,2289.13,2237.31,2237.31,0,0
WPL_MV,D,20241114,000000,2274.74,2274.74,2225.74,2231.57,0,0
WPL_MV,D,20241115,000000,2234.39,2271.82,2234.39,2257.43,0,0
WPL_MV,D,20241118,000000,2257.43,2271.82,2220.01,2266.09,0,0
WPL_MV,D,20241119,000000,2266.09,2274.74,2231.57,2269,0,0
WPL_MV,D,20241120,000000,2271.82,2271.82,2159.54,2182.58,0,0
WPL_MV,D,20241121,000000,2182.58,2245.96,2165.27,2217.19,0,0
WPL_MV,D,20241122,000000,2220.01,2263.17,2191.23,2263.17,0,0
WPL_MV,D,20241125,000000,2263.17,2274.74,2217.19,2225.74,0,0
WPL_MV,D,20241126,000000,2248.78,2355.33,2248.78,2280.47,0,0
WPL_MV,D,20241127,000000,2271.82,2297.78,2208.53,2214.27,0,0
WPL_MV,D,20241128,000000,2237.31,2237.31,2133.68,2136.5,0,0
WPL_MV,D,20241129,000000,2159.54,2159.54,2113.46,2159.54,0,0
WPL_MV,D,20241202,000000,2148.07,2251.7,2148.07,2220.01,0,0
WPL_MV,D,20241203,000000,2243.05,2243.05,2173.93,2188.31,0,0
WPL_MV,D,20241204,000000,2205.62,2205.62,2136.5,2136.5,0,0
WPL_MV,D,20241205,000000,2133.68,2162.45,2133.68,2142.23,0,0
WPL_MV,D,20241206,000000,2139.41,2159.54,2139.41,2139.41,0,0
WPL_MV,D,20241209,000000,2145.15,2153.8,2101.99,2113.46,0,0
WPL_MV,D,20241210,000000,2130.76,2130.76,2038.6,2041.52,0,0
WPL_MV,D,20241211,000000,2035.78,2073.21,2027.13,2038.6,0,0
WPL_MV,D,20241212,000000,2024.21,2029.95,1972.4,1986.79,0,0
WPL_MV,D,20241213,000000,2052.99,2052.99,1958.01,1958.01,0,0
WPL_MV,D,20241216,000000,1986.79,1998.26,1958.01,1975.32,0,0
WPL_MV,D,20241217,000000,1992.52,1992.52,1932.05,1932.05,0,0
WPL_MV,D,20241218,000000,1934.97,1966.66,1900.36,1900.46,0,0
WPL_MV,D,20241219,000000,1986.79,1986.79,1857.2,1894.63,0,0
WPL_MV,D,20241220,000000,1854.38,1986.79,1845.73,1958.01,0,0
WPL_MV,D,20241223,000000,1975.32,2217.19,1975.32,2217.19,0,0
WPL_MV,D,20241227,000000,2245.96,2292.04,2245.96,2269,0,0
WPL_MV,D,20241230,000000,2303.51,2303.51,2254.61,2254.61,0,0
WPL_MV,D,20250102,000000,2254.61,2254.61,2173.93,2199.88,0,0
WPL_MV,D,20250103,000000,2214.27,2231.57,2194.15,2217.19,0,0
WPL_MV,D,20250107,000000,2269,2292.04,2225.74,2245.96,0,0
WPL_MV,D,20250108,000000,2274.74,2274.74,2185.49,2205.62,0,0
WPL_MV,D,20250109,000000,2217.19,2228.66,2202.7,2205.62,0,0
WPL_MV,D,20250110,000000,2205.62,2217.19,2113.46,2156.72,0,0
WPL_MV,D,20250113,000000,2156.72,2185.49,2070.29,2073.21,0,0
WPL_MV,D,20250114,000000,2073.21,2087.6,2055.91,2055.91,0,0
WPL_MV,D,20250115,000000,2058.73,2084.68,1995.44,1995.44,0,0
WPL_MV,D,20250116,000000,2009.83,2029.95,1986.79,1995.44,0,0
WPL_MV,D,20250117,000000,2015.56,2058.73,1995.44,2024.21,0,0
WPL_MV,D,20250120,000000,2038.6,2061.64,2038.6,2055.23,0,0
WPL_MV,D,20250121,000000,2060.96,2118.9,2058.05,2095.67,0,0
WPL_MV,D,20250122,000000,2121.72,2133.29,2092.85,2113.07,0,0
WPL_MV,D,20250123,000000,2110.15,2142.04,2089.93,2121.72,0,0
WPL_MV,D,20250124,000000,2127.55,2208.63,2127.55,2199.88,0,0
WPL_MV,D,20250127,000000,2211.45,2211.45,2156.52,2171.01,0,0
WPL_MV,D,20250128,000000,2196.97,2199.88,2179.66,2199.88,0,0
WPL_MV,D,20250129,000000,2199.88,2237.5,2188.31,2217.28,0,0
WPL_MV,D,20250130,000000,2228.85,2228.85,2179.66,2228.85,0,0
WPL_MV,D,20250131,000000,2251.99,2251.99,2231.77,2240.42,0,0
WPL_MV,D,20250203,000000,2240.42,2240.42,2223.02,2228.85,0,0
WPL_MV,D,20250204,000000,2231.77,2257.82,2231.77,2254.91,0,0
WPL_MV,D,20250205,000000,2263.56,2263.56,2237.5,2254.91,0,0
WPL_MV,D,20250206,000000,2269.39,2286.7,2254.91,2272.31,0,0
WPL_MV,D,20250207,000000,2286.7,2286.7,2202.8,2254.91,0,0
WPL_MV,D,20250210,000000,2286.7,2286.7,2170.91,2257.82,0,0
WPL_MV,D,20250211,000000,2260.74,2275.13,2228.85,2231.77,0,0
WPL_MV,D,20250212,000000,2237.5,2257.82,2237.5,2257.82,0,0
WPL_MV,D,20250213,000000,2257.82,2257.82,2220.2,2228.85,0,0
WPL_MV,D,20250214,000000,2228.85,2269.39,2185.4,2191.23,0,0
WPL_MV,D,20250217,000000,2199.88,2199.88,2118.9,2150.69,0,0
WPL_MV,D,20250218,000000,2162.26,2234.69,2130.47,2223.02,0,0
WPL_MV,D,20250219,000000,2228.85,2251.99,2223.02,2249.07,0,0
WPL_MV,D,20250220,000000,2249.07,2254.91,2223.02,2254.91,0,0
WPL_MV,D,20250221,000000,2254.91,2257.82,2231.77,2231.77,0,0
WPL_MV,D,20250224,000000,2249.07,2263.56,2194.15,2217.28,0,0
WPL_MV,D,20250225,000000,2228.85,2228.85,2159.34,2211.45,0,0
WPL_MV,D,20250226,000000,2211.45,2234.69,2153.61,2168.09,0,0
WPL_MV,D,20250227,000000,2173.83,2202.8,2124.64,2127.55,0,0
WPL_MV,D,20250228,000000,2124.64,2170.91,2124.64,2153.61,0,0
WPL_MV,D,20250303,000000,2153.61,2194.15,2153.61,2179.66,0,0
WPL_MV,D,20250304,000000,2188.31,2188.31,2115.99,2115.99,0,0
WPL_MV,D,20250305,000000,2115.99,2170.91,2115.99,2147.78,0,0
WPL_MV,D,20250306,000000,2147.78,2147.78,2127.55,2133.29,0,0
WPL_MV,D,20250307,000000,2142.04,2142.04,2121.72,2130.47,0,0
WPL_MV,D,20250310,000000,2139.12,2139.12,2110.15,2115.99,0,0
WPL_MV,D,20250311,000000,2110.15,2142.04,2078.36,2078.36,0,0
WPL_MV,D,20250312,000000,2063.88,2133.29,2063.88,2124.64,0,0
WPL_MV,D,20250313,000000,2136.21,2142.04,2113.07,2130.47,0,0
WPL_MV,D,20250314,000000,2179.66,2179.66,2107.24,2127.55,0,0
WPL_MV,D,20250317,000000,2130.47,2142.04,2115.99,2142.04,0,0
WPL_MV,D,20250318,000000,2142.04,2147.78,2124.64,2127.55,0,0
WPL_MV,D,20250319,000000,2124.64,2182.58,2098.58,2171.01,0,0
WPL_MV,D,20250320,000000,2194.15,2202.8,2168.09,2182.58,0,0
WPL_MV,D,20250321,000000,2182.58,2243.34,2162.26,2243.34,0,0
WPL_MV,D,20250324,000000,2223.02,2228.85,2199.88,2214.37,0,0
WPL_MV,D,20250325,000000,2289.61,2373.61,2289.61,2373.61,0,0
WPL_MV,D,20250326,000000,2402.48,2495.13,2376.52,2486.47,0,0
WPL_MV,D,20250327,000000,2486.47,2486.47,2393.83,2460.42,0,0
WPL_MV,D,20250328,000000,2460.42,2460.42,2402.48,2402.58,0,0
WPL_MV,D,20250331,000000,2402.48,2402.48,2350.47,2364.86,0,0
WPL_MV,D,20250401,000000,2382.26,2390.91,2359.12,2373.61,0,0
WPL_MV,D,20250402,000000,2373.61,2373.61,2362.04,2373.61,0,0
WPL_MV,D,20250403,000000,2359.12,2396.74,2327.23,2364.86,0,0
WPL_MV,D,20250404,000000,2370.69,2457.5,2359.12,2428.63,0,0
WPL_MV,D,20250407,000000,2376.52,2425.71,2295.45,2388.09,0,0
WPL_MV,D,20250408,000000,2402.48,2561.72,2402.48,2489.39,0,0
WPL_MV,D,20250409,000000,2431.45,2480.64,2402.48,2457.5,0,0
WPL_MV,D,20250410,000000,2576.2,2625.39,2532.75,2532.75,0,0
WPL_MV,D,20250411,000000,2532.75,2587.77,2524.1,2579.12,0,0
WPL_MV,D,20250414,000000,2605.17,2648.53,2512.53,2544.41,0,0
WPL_MV,D,20250415,000000,2474.9,2576.2,2474.9,2506.69,0,0
WPL_MV,D,20250416,000000,2535.66,2558.8,2483.56,2495.13,0,0
WPL_MV,D,20250417,000000,2573.29,2576.2,2521.18,2544.41,0,0
WPL_MV,D,20250422,000000,2547.23,2567.55,2471.99,2489.39,0,0
WPL_MV,D,20250423,000000,2518.36,2544.32,2506.69,2518.36,0,0
WPL_MV,D,20250424,000000,2527.01,2541.5,2506.69,2515.44,0,0
WPL_MV,D,20250425,000000,2553.07,2553.07,2471.99,2489.39,0,0
WPL_MV,D,20250428,000000,2489.39,2555.98,2477.82,2555.98,0,0
WPL_MV,D,20250429,000000,2593.6,2735.44,2582.04,2605.17,0,0
WPL_MV,D,20250430,000000,2689.07,2689.07,2576.2,2596.42,0,0
WPL_MV,D,20250502,000000,2605.17,2657.28,2605.17,2634.14,0,0
WPL_MV,D,20250505,000000,2631.23,2648.53,2576.2,2642.79,0,0
WPL_MV,D,20250506,000000,2608.09,2628.31,2582.04,2625.39,0,0
WPL_MV,D,20250507,000000,2625.39,2718.04,2625.39,2715.12,0,0
WPL_MV,D,20250508,000000,2720.96,2793.28,2668.85,2686.25,0,0
WPL_MV,D,20250509,000000,2689.07,2749.93,2689.07,2735.44,0,0
WPL_MV,D,20250512,000000,2735.44,2877.28,2735.44,2833.82,0,0
WPL_MV,D,20250513,000000,2836.74,2993.06,2807.77,2969.92,0,0
WPL_MV,D,20250514,000000,2969.83,2993.06,2900.42,2906.15,0,0
WPL_MV,D,20250515,000000,2911.98,2911.98,2845.39,2894.58,0,0
WPL_MV,D,20250516,000000,2891.76,2929.39,2848.31,2871.45,0,0
WPL_MV,D,20250519,000000,2865.71,2865.71,2758.58,2822.25,0,0
WPL_MV,D,20250520,000000,2856.96,2865.71,2787.55,2807.77,0,0
WPL_MV,D,20250521,000000,2807.77,2848.31,2781.72,2816.42,0,0
WPL_MV,D,20250522,000000,2819.34,2845.39,2807.77,2810.69,0,0
WPL_MV,D,20250523,000000,2862.79,2862.79,2749.93,2784.63,0,0
WPL_MV,D,20250526,000000,2741.18,2862.79,2741.18,2854.04,0,0
WPL_MV,D,20250527,000000,2801.94,2833.82,2625.39,2625.39,0,0
WPL_MV,D,20250528,000000,2628.31,2634.14,2474.9,2512.53,0,0
WPL_MV,D,20250529,000000,2518.36,2567.55,2515.44,2532.75,0,0
WPL_MV,D,20250530,000000,2547.23,2547.23,2489.39,2489.39,0,0
WPL_MV,D,20250602,000000,2489.39,2558.8,2454.59,2529.93,0,0
WPL_MV,D,20250603,000000,2553.07,2570.37,2480.64,2480.64,0,0
WPL_MV,D,20250604,000000,2480.64,2555.98,2471.99,2489.39,0,0
WPL_MV,D,20250605,000000,2541.5,2541.5,2440.2,2440.2,0,0
WPL_MV,D,20250606,000000,2440.2,2443.02,2388.09,2393.83,0,0
WPL_MV,D,20250609,000000,2422.8,2428.53,2335.98,2402.58,0,0
WPL_MV,D,20250610,000000,2416.96,2477.82,2405.4,2408.31,0,0
WPL_MV,D,20250611,000000,2416.96,2416.96,2344.64,2344.64,0,0
WPL_MV,D,20250612,000000,2359.12,2370.69,2341.72,2359.12,0,0
WPL_MV,D,20250613,000000,2341.72,2359.12,2304.1,2304.1,0,0
WPL_MV,D,20250616,000000,2286.7,2338.8,2275.13,2298.36,0,0
WPL_MV,D,20250617,000000,2304.1,2304.1,2199.88,2225.94,0,0
WPL_MV,D,20250618,000000,2225.94,2292.53,2225.94,2246.25,0,0
WPL_MV,D,20250620,000000,2257.82,2275.13,2173.83,2199.88,0,0
WPL_MV,D,20250623,000000,2185.4,2243.34,2176.75,2197.06,0,0
WPL_MV,D,20250624,000000,2251.99,2298.36,2231.77,2257.82,0,0
WPL_MV,D,20250625,000000,2298.36,2399.66,2298.36,2359.12,0,0
WPL_MV,D,20250626,000000,2402.48,2408.31,2286.7,2307.01,0,0
WPL_MV,D,20250627,000000,2304.1,2350.47,2292.53,2315.67,0,0
WPL_MV,D,20250630,000000,2344.64,2344.64,2304.1,2309.93,0,0
WPL_MV,D,20250701,000000,2315.67,2341.72,2283.88,2315.67,0,0
WPL_MV,D,20250702,000000,2353.29,2440.2,2353.29,2373.61,0,0
WPL_MV,D,20250703,000000,2402.48,2500.96,2402.48,2437.28,0,0
WPL_MV,D,20250704,000000,2471.99,2483.56,2402.48,2405.4,0,0
WPL_MV,D,20250707,000000,2414.14,2434.37,2350.47,2364.86,0,0
WPL_MV,D,20250708,000000,2373.61,2408.31,2344.64,2359.12,0,0
WPL_MV,D,20250709,000000,2388.09,2388.09,2324.42,2338.8,0,0
WPL_MV,D,20250710,000000,2324.42,2379.34,2324.42,2338.8,0,0
WPL_MV,D,20250711,000000,2344.64,2353.29,2315.67,2327.23,0,0
WPL_MV,D,20250714,000000,2327.23,2347.55,2307.01,2307.01,0,0
WPL_MV,D,20250715,000000,2307.01,2338.8,2292.53,2315.67,0,0
WPL_MV,D,20250716,000000,2338.8,2341.72,2298.36,2315.67,0,0
WPL_MV,D,20250717,000000,2338.8,2338.8,2278.04,2286.79,0,0
WPL_MV,D,20250718,000000,2301.6,2370.1,2301.6,2328.4,0,0
WPL_MV,D,20250721,000000,2349.3,2364.2,2301.6,2304.6,0,0
WPL_MV,D,20250722,000000,2328.4,2328.4,2248,2260,0,0
WPL_MV,D,20250723,000000,2271.9,2295.7,2236.1,2236.1,0,0
WPL_MV,D,20250724,000000,2236.1,2340.3,2236.1,2304.6,0,0
WPL_MV,D,20250725,000000,2325.5,2325.5,2265.9,2268.9,0,0
WPL_MV,D,20250728,000000,2292.7,2310.6,2257,2257,0,0
WPL_MV,D,20250729,000000,2298.7,2325.5,2271.9,2307.6,0,0
WPL_MV,D,20250730,000000,2322.5,2322.5,2262.9,2262.9,0,0
WPL_MV,D,20250731,000000,2289.7,2313.5,2179.6,2218.3,0,0
WPL_MV,D,20250801,000000,2242.1,2242.1,2194.4,2194.4,0,0
WPL_MV,D,20250804,000000,2221.2,2257,2173.6,2245.1,0,0
WPL_MV,D,20250805,000000,2245.1,2245.1,2206.3,2218.3,0,0
WPL_MV,D,20250806,000000,2230.2,2233.2,2209.3,2233.2,0,0
WPL_MV,D,20250807,000000,2230.2,2233.1,2203.4,2221.2,0,0
WPL_MV,D,20250808,000000,2239.1,2262.9,2212.3,2218.3,0,0
WPL_MV,D,20250811,000000,2218.3,2262.9,2215.3,2224.2,0,0
WPL_MV,D,20250812,000000,2239.1,2239.1,2176.6,2188.5,0,0
WPL_MV,D,20250813,000000,2179.6,2194.4,2146.8,2170.6,0,0
WPL_MV,D,20250814,000000,2188.5,2215.3,2158.7,2203.4,0,0
WPL_MV,D,20250818,000000,2203.4,2233.1,2182.5,2203.4,0,0
WPL_MV,D,20250819,000000,2203.4,2230.2,2203.4,2218.3,0,0
WPL_MV,D,20250820,000000,2230.2,2230.2,2173.6,2182.5,0,0
WPL_MV,D,20250821,000000,2212.3,2212.3,2149.8,2173.6,0,0
WPL_MV,D,20250822,000000,2170.6,2188.5,2161.7,2188.5,0,0
WPL_MV,D,20250825,000000,2188.5,2274.8,2188.5,2248,0,0
WPL_MV,D,20250826,000000,2248,2254,2203.4,2203.4,0,0
WPL_MV,D,20250827,000000,2173.6,2173.6,1935.4,1935.4,0,0
WPL_MV,D,20250828,000000,1941.3,2009.8,1926.5,1935.4,0,0
WPL_MV,D,20250829,000000,1971.1,2006.9,1950.3,1977.1,0,0
WPL_MV,D,20250901,000000,1992,1992,1944.3,1944.3,0,0
WPL_MV,D,20250902,000000,1977.1,1977.1,1929.4,1938.4,0,0
WPL_MV,D,20250903,000000,1935.4,1965.2,1917.5,1965.2,0,0
WPL_MV,D,20250904,000000,1974.1,1974.1,1950.3,1971.1,0,0
WPL_MV,D,20250905,000000,1980.1,1983,1953.3,1956.2,0,0
WPL_MV,D,20250908,000000,1977.1,2021.7,1977.1,2006.9,0,0
WPL_MV,D,20250909,000000,2024.7,2051.5,1994.9,2009.8,0,0
WPL_MV,D,20250910,000000,2009.8,2009.8,1959.2,1965.2,0,0
WPL_MV,D,20250911,000000,1989,1994.9,1932.4,1956.2,0,0
WPL_MV,D,20250912,000000,1956.2,1956.2,1917.5,1917.5,0,0
WPL_MV,D,20250915,000000,1935.4,1935.4,1896.7,1914.6,0,0
WPL_MV,D,20250916,000000,1917.5,1923.5,1849,1855,0,0
WPL_MV,D,20250917,000000,1846.1,1869.9,1816.3,1846.1,0,0
WPL_MV,D,20250918,000000,1858,1858,1813.3,1822.3,0,0
WPL_MV,D,20250919,000000,1828.2,1843.1,1816.3,1819.3,0,0
WPL_MV,D,20250922,000000,1846.1,1846.1,1801.4,1804.4,0,0
WPL_MV,D,20250923,000000,1828.2,1828.2,1786.5,1786.5,0,0
WPL_MV,D,20250924,000000,1786.5,1798.4,1768.7,1780.6,0,0
WPL_MV,D,20250925,000000,1783.5,1801.4,1759.7,1768.7,0,0
WPL_MV,D,20250926,000000,1786.5,1789.5,1747.8,1768.7,0,0
WPL_MV,D,20250929,000000,1768.7,1777.6,1753.8,1771.6,0,0
WPL_MV,D,20250930,000000,1771.6,1810.3,1771.6,1780.6,0,0
WPL_MV,D,20251001,000000,1786.5,1804.4,1780.6,1786.5,0,0
WPL_MV,D,20251002,000000,1813.3,1813.3,1759.7,1759.7,0,0
WPL_MV,D,20251003,000000,1777.6,1777.6,1735.9,1747.8,0,0
WPL_MV,D,20251006,000000,1756.7,1756.7,1735.9,1735.9,0,0
WPL_MV,D,20251007,000000,1732.9,1777.6,1703.1,1727,0,0
WPL_MV,D,20251008,000000,1724,1756.7,1709.1,1727,0,0
WPL_MV,D,20251009,000000,1727,1738.9,1700.2,1709.1,0,0
WPL_MV,D,20251010,000000,1703.1,1727,1703.1,1712.1,0,0
WPL_MV,D,20251013,000000,1712.1,1727,1703.1,1727,0,0
WPL_MV,D,20251014,000000,1727,1762.7,1706.1,1762.7,0,0
WPL_MV,D,20251015,000000,1786.5,1866.9,1786.5,1840.1,0,0
WPL_MV,D,20251016,000000,1846.1,1846.1,1792.5,1807.4,0,0
WPL_MV,D,20251017,000000,1807.4,1807.4,1765.7,1774.6,0,0
WPL_MV,D,20251020,000000,1807.4,1834.2,1789.5,1831.2,0,0
WPL_MV,D,20251021,000000,1837.1,1861,1801.4,1801.4,0,0
WPL_MV,D,20251022,000000,1804.4,1816.3,1750.8,1750.8,0,0
WPL_MV,D,20251023,000000,1756.7,1756.7,1724,1724,0,0
WPL_MV,D,20251024,000000,1753.8,1756.7,1694.2,1697.2,0,0
WPL_MV,D,20251027,000000,1724,1753.8,1718,1729.9,0,0
WPL_MV,D,20251028,000000,1741.9,1741.9,1706.1,1738.9,0,0
WPL_MV,D,20251029,000000,1738.9,1741.9,1691.2,1703.2,0,0
WPL_MV,D,20251030,000000,1712.1,1718,1682.3,1685.3,0,0
WPL_MV,D,20251031,000000,1682.3,1691.2,1643.6,1649.6,0,0
WPL_MV,D,20251103,000000,1664.4,1682.3,1637.6,1640.6,0,0
WPL_MV,D,20251104,000000,1643.6,1643.6,1613.8,1634.7,0,0
WPL_MV,D,20251105,000000,1652.5,1652.5,1622.8,1634.7,0,0
WPL_MV,D,20251106,000000,1649.6,1673.4,1649.6,1655.5,0,0
WPL_MV,D,20251107,000000,1682.3,1682.3,1625.7,1643.6,0,0
WPL_MV,D,20251110,000000,1658.5,1658.5,1637.6,1643.6,0,0
WPL_MV,D,20251112,000000,1646.6,1646.6,1613.8,1622.8,0,0
WPL_MV,D,20251113,000000,1622.8,1646.6,1622.8,1625.7,0,0
WPL_MV,D,20251114,000000,1625.7,1625.7,1593,1596,0,0
WPL_MV,D,20251117,000000,1616.8,1616.8,1572.1,1587,0,0
WPL_MV,D,20251118,000000,1587,1587,1527.5,1548.3,0,0
WPL_MV,D,20251119,000000,1637.6,1694.2,1637.6,1682.3,0,0
WPL_MV,D,20251120,000000,1703.1,1703.1,1634.7,1649.6,0,0
WPL_MV,D,20251121,000000,1640.6,1640.6,1596,1619.8,0,0
WPL_MV,D,20251124,000000,1634.7,1658.5,1622.8,1658.5,0,0
WPL_MV,D,20251125,000000,1664.4,1712.1,1664.4,1712.1,0,0
WPL_MV,D,20251126,000000,1712.1,1712.1,1685.3,1697.2,0,0
WPL_MV,D,20251127,000000,1697.2,1712.1,1682.3,1712.1,0,0
WPL_MV,D,20251128,000000,1712.1,1777.6,1709.1,1744.8,0,0
WPL_MV,D,20251201,000000,1756.7,1783.5,1750.8,1771.6,0,0
WPL_MV,D,20251202,000000,1771.6,1771.6,1750.8,1765.7,0,0
WPL_MV,D,20251203,000000,1756.7,1840.1,1756.7,1825.2,0,0
WPL_MV,D,20251204,000000,1837.1,1843.1,1804.4,1816.3,0,0
WPL_MV,D,20251205,000000,1816.3,1846.1,1816.3,1831.2,0,0
WPL_MV,D,20251208,000000,1831.2,1846.1,1786.5,1786.5,0,0
WPL_MV,D,20251209,000000,1786.5,1786.5,1741.9,1777.6,0,0
WPL_MV,D,20251210,000000,1783.5,1819.3,1780.6,1792.5,0,0
WPL_MV,D,20251211,000000,1795.5,1807.4,1777.6,1792.5,0,0
WPL_MV,D,20251212,000000,1798.4,1804.4,1777.6,1780.6,0,0
WPL_MV,D,20251215,000000,1786.5,1792.5,1768.7,1777.6,0,0
WPL_MV,D,20251216,000000,1786.5,1801.4,1780.6,1801.4,0,0
WPL_MV,D,20251217,000000,1801.4,1801.4,1732.9,1738.9,0,0
WPL_MV,D,20251218,000000,1738.9,1753.8,1697.2,1715.1,0,0
WPL_MV,D,20251219,000000,1727,1777.6,1721,1777.6,0,0
WPL_MV,D,20251222,000000,1777.6,1777.6,1753.8,1762.7,0,0
WPL_MV,D,20251223,000000,1777.6,1777.6,1756.7,1759.7,0,0
WPL_MV,D,20251229,000000,1798.4,1840.1,1789.5,1801.4,0,0
WPL_MV,D,20251230,000000,1831.2,1831.2,1795.5,1807.4,0,0
WPL_MV,D,20260102,000000,1840.1,1896.7,1840.1,1887.8,0,0
WPL_MV,D,20260105,000000,1911.6,1938.4,1899.7,1929.4,0,0
WPL_MV,D,20260107,000000,1950.3,1956.2,1929.4,1932.4,0,0
WPL_MV,D,20260108,000000,1935.4,1944.3,1890.7,1902.6,0,0
WPL_MV,D,20260109,000000,1902.6,1944.3,1902.6,1944.3,0,0
WPL_MV,D,20260112,000000,1944.3,2003.9,1944.3,1959.2,0,0
WPL_MV,D,20260113,000000,1971.1,1977.1,1944.3,1959.2,0,0
WPL_MV,D,20260114,000000,2006.9,2006.9,1920.5,1941.4,0,0
WPL_MV,D,20260115,000000,1950.3,1994.9,1950.3,1986,0,0
WPL_MV,D,20260116,000000,1986,1997.9,1974.1,1989,0,0
WPL_MV,D,20260119,000000,1994.9,1994.9,1950.3,1950.3,0,0
WPL_MV,D,20260120,000000,1950.3,1950.3,1881.8,1896.7,0,0
WPL_MV,D,20260121,000000,1896.7,1896.7,1840.1,1855,0,0
WPL_MV,D,20260122,000000,1875.8,1896.7,1872.9,1890.7,0,0
WPL_MV,D,20260123,000000,1890.7,1890.7,1840.1,1852,0,0
