,date,nav,cash,weights
0,2019-01-01,100000.0,-2.9103830456733704e-11,"{'PKO': 0.16458196181698487, 'PKN': 0.15832784726793944, 'PZU': 0.12585034013605442, 'PEO': 0.08953258722843976, 'KGH': 0.06583278472679395, 'SPL': 0.06495501426377003, 'LPP': 0.05584814570989686, 'PGE': 0.05102040816326531, 'CDR': 0.05069124423963134, 'CPS': 0.032916392363396975, 'CCC': 0.028198376124643404, 'MBK': 0.027978933508887423, 'ALR': 0.024577572964669742, 'JSW': 0.020517884573184115, 'OPL': 0.017006802721088437, 'TPE': 0.01217906517445688, 'ENG': 0.009984639016897081}"
1,2019-01-02,101194.93143319883,0.0,"{'PKO': 0.16458196181698487, 'PKN': 0.15832784726793944, 'PZU': 0.12585034013605442, 'PEO': 0.08953258722843976, 'KGH': 0.06583278472679395, 'SPL': 0.06495501426377003, 'LPP': 0.05584814570989686, 'PGE': 0.05102040816326531, 'CDR': 0.05069124423963134, 'CPS': 0.032916392363396975, 'CCC': 0.028198376124643404, 'MBK': 0.027978933508887423, 'ALR': 0.024577572964669742, 'JSW': 0.020517884573184115, 'OPL': 0.017006802721088437, 'TPE': 0.01217906517445688, 'ENG': 0.009984639016897081}"
2,2019-01-03,98599.25206249155,0.0,"{'PKO': 0.16458196181698487, 'PKN': 0.15832784726793944, 'PZU': 0.12585034013605442, 'PEO': 0.08953258722843976, 'KGH': 0.06583278472679395, 'SPL': 0.06495501426377003, 'LPP': 0.05584814570989686, 'PGE': 0.05102040816326531, 'CDR': 0.05069124423963134, 'CPS': 0.032916392363396975, 'CCC': 0.028198376124643404, 'MBK': 0.027978933508887423, 'ALR': 0.024577572964669742, 'JSW': 0.020517884573184115, 'OPL': 0.017006802721088437, 'TPE': 0.01217906517445688, 'ENG': 0.009984639016897081}"
3,2019-01-04,100401.81456293624,1.4551915228366852e-11,"{'PKO': 0.16458196181698487, 'PKN': 0.15832784726793944, 'PZU': 0.12585034013605442, 'PEO': 0.08953258722843976, 'KGH': 0.06583278472679395, 'SPL': 0.06495501426377003, 'LPP': 0.05584814570989686, 'PGE': 0.05102040816326531, 'CDR': 0.05069124423963134, 'CPS': 0.032916392363396975, 'CCC': 0.028198376124643404, 'MBK': 0.027978933508887423, 'ALR': 0.024577572964669742, 'JSW': 0.020517884573184115, 'OPL': 0.017006802721088437, 'TPE': 0.01217906517445688, 'ENG': 0.009984639016897081}"
4,2019-01-07,102262.42170820359,0.0,"{'PKO': 0.16458196181698487, 'PKN': 0.15832784726793944, 'PZU': 0.12585034013605442, 'PEO': 0.08953258722843976, 'KGH': 0.06583278472679395, 'SPL': 0.06495501426377003, 'LPP': 0.05584814570989686, 'PGE': 0.05102040816326531, 'CDR': 0.05069124423963134, 'CPS': 0.032916392363396975, 'CCC': 0.028198376124643404, 'MBK': 0.027978933508887423, 'ALR': 0.024577572964669742, 'JSW': 0.020517884573184115, 'OPL': 0.017006802721088437, 'TPE': 0.01217906517445688, 'ENG': 0.009984639016897081}"
5,2019-01-08,102001.86907562021,-1.4551915228366852e-11,"{'PKO': 0.16458196181698487, 'PKN': 0.15832784726793944, 'PZU': 0.12585034013605442, 'PEO': 0.08953258722843976, 'KGH': 0.06583278472679395, 'SPL': 0.06495501426377003, 'LPP': 0.05584814570989686, 'PGE': 0.05102040816326531, 'CDR': 0.05069124423963134, 'CPS': 0.032916392363396975, 'CCC': 0.028198376124643404, 'MBK': 0.027978933508887423, 'ALR': 0.024577572964669742, 'JSW': 0.020517884573184115, 'OPL': 0.017006802721088437, 'TPE': 0.01217906517445688, 'ENG': 0.009984639016897081}"
6,2019-01-09,102570.87333929432,1.4551915228366852e-11,"{'PKO': 0.16458196181698487, 'PKN': 0.15832784726793944, 'PZU': 0.12585034013605442, 'PEO': 0.08953258722843976, 'KGH': 0.06583278472679395, 'SPL': 0.06495501426377003, 'LPP': 0.05584814570989686, 'PGE': 0.05102040816326531, 'CDR': 0.05069124423963134, 'CPS': 0.032916392363396975, 'CCC': 0.028198376124643404, 'MBK': 0.027978933508887423, 'ALR': 0.024577572964669742, 'JSW': 0.020517884573184115, 'OPL': 0.017006802721088437, 'TPE': 0.01217906517445688, 'ENG': 0.009984639016897081}"
7,2019-01-10,102220.89935628853,0.0,"{'PKO': 0.16458196181698487, 'PKN': 0.15832784726793944, 'PZU': 0.12585034013605442, 'PEO': 0.08953258722843976, 'KGH': 0.06583278472679395, 'SPL': 0.06495501426377003, 'LPP': 0.05584814570989686, 'PGE': 0.05102040816326531, 'CDR': 0.05069124423963134, 'CPS': 0.032916392363396975, 'CCC': 0.028198376124643404, 'MBK': 0.027978933508887423, 'ALR': 0.024577572964669742, 'JSW': 0.020517884573184115, 'OPL': 0.017006802721088437, 'TPE': 0.01217906517445688, 'ENG': 0.009984639016897081}"
8,2019-01-11,102303.86762022959,0.0,"{'PKO': 0.16458196181698487, 'PKN': 0.15832784726793944, 'PZU': 0.12585034013605442, 'PEO': 0.08953258722843976, 'KGH': 0.06583278472679395, 'SPL': 0.06495501426377003, 'LPP': 0.05584814570989686, 'PGE': 0.05102040816326531, 'CDR': 0.05069124423963134, 'CPS': 0.032916392363396975, 'CCC': 0.028198376124643404, 'MBK': 0.027978933508887423, 'ALR': 0.024577572964669742, 'JSW': 0.020517884573184115, 'OPL': 0.017006802721088437, 'TPE': 0.01217906517445688, 'ENG': 0.009984639016897081}"
9,2019-01-14,101911.38683687395,1.4551915228366852e-11,"{'PKO': 0.16458196181698487, 'PKN': 0.15832784726793944, 'PZU': 0.12585034013605442, 'PEO': 0.08953258722843976, 'KGH': 0.06583278472679395, 'SPL': 0.06495501426377003, 'LPP': 0.05584814570989686, 'PGE': 0.05102040816326531, 'CDR': 0.05069124423963134, 'CPS': 0.032916392363396975, 'CCC': 0.028198376124643404, 'MBK': 0.027978933508887423, 'ALR': 0.024577572964669742, 'JSW': 0.020517884573184115, 'OPL': 0.017006802721088437, 'TPE': 0.01217906517445688, 'ENG': 0.009984639016897081}"
10,2019-01-15,102675.03437350898,0.0,"{'PKO': 0.16458196181698487, 'PKN': 0.15832784726793944, 'PZU': 0.12585034013605442, 'PEO': 0.08953258722843976, 'KGH': 0.06583278472679395, 'SPL': 0.06495501426377003, 'LPP': 0.05584814570989686, 'PGE': 0.05102040816326531, 'CDR': 0.05069124423963134, 'CPS': 0.032916392363396975, 'CCC': 0.028198376124643404, 'MBK': 0.027978933508887423, 'ALR': 0.024577572964669742, 'JSW': 0.020517884573184115, 'OPL': 0.017006802721088437, 'TPE': 0.01217906517445688, 'ENG': 0.009984639016897081}"
11,2019-01-16,103303.22717072809,-1.4551915228366852e-11,"{'PKO': 0.16458196181698487, 'PKN': 0.15832784726793944, 'PZU': 0.12585034013605442, 'PEO': 0.08953258722843976, 'KGH': 0.06583278472679395, 'SPL': 0.06495501426377003, 'LPP': 0.05584814570989686, 'PGE': 0.05102040816326531, 'CDR': 0.05069124423963134, 'CPS': 0.032916392363396975, 'CCC': 0.028198376124643404, 'MBK': 0.027978933508887423, 'ALR': 0.024577572964669742, 'JSW': 0.020517884573184115, 'OPL': 0.017006802721088437, 'TPE': 0.01217906517445688, 'ENG': 0.009984639016897081}"
12,2019-01-17,103127.39174518366,-1.4551915228366852e-11,"{'PKO': 0.16458196181698487, 'PKN': 0.15832784726793944, 'PZU': 0.12585034013605442, 'PEO': 0.08953258722843976, 'KGH': 0.06583278472679395, 'SPL': 0.06495501426377003, 'LPP': 0.05584814570989686, 'PGE': 0.05102040816326531, 'CDR': 0.05069124423963134, 'CPS': 0.032916392363396975, 'CCC': 0.028198376124643404, 'MBK': 0.027978933508887423, 'ALR': 0.024577572964669742, 'JSW': 0.020517884573184115, 'OPL': 0.017006802721088437, 'TPE': 0.01217906517445688, 'ENG': 0.009984639016897081}"
13,2019-01-18,104004.95581328154,-4.3655745685100555e-11,"{'PKO': 0.16458196181698487, 'PKN': 0.15832784726793944, 'PZU': 0.12585034013605442, 'PEO': 0.08953258722843976, 'KGH': 0.06583278472679395, 'SPL': 0.06495501426377003, 'LPP': 0.05584814570989686, 'PGE': 0.05102040816326531, 'CDR': 0.05069124423963134, 'CPS': 0.032916392363396975, 'CCC': 0.028198376124643404, 'MBK': 0.027978933508887423, 'ALR': 0.024577572964669742, 'JSW': 0.020517884573184115, 'OPL': 0.017006802721088437, 'TPE': 0.01217906517445688, 'ENG': 0.009984639016897081}"
14,2019-01-21,103198.60525400814,1.4551915228366852e-11,"{'PKO': 0.16458196181698487, 'PKN': 0.15832784726793944, 'PZU': 0.12585034013605442, 'PEO': 0.08953258722843976, 'KGH': 0.06583278472679395, 'SPL': 0.06495501426377003, 'LPP': 0.05584814570989686, 'PGE': 0.05102040816326531, 'CDR': 0.05069124423963134, 'CPS': 0.032916392363396975, 'CCC': 0.028198376124643404, 'MBK': 0.027978933508887423, 'ALR': 0.024577572964669742, 'JSW': 0.020517884573184115, 'OPL': 0.017006802721088437, 'TPE': 0.01217906517445688, 'ENG': 0.009984639016897081}"
15,2019-01-22,103207.57621905705,1.4551915228366852e-11,"{'PKO': 0.16458196181698487, 'PKN': 0.15832784726793944, 'PZU': 0.12585034013605442, 'PEO': 0.08953258722843976, 'KGH': 0.06583278472679395, 'SPL': 0.06495501426377003, 'LPP': 0.05584814570989686, 'PGE': 0.05102040816326531, 'CDR': 0.05069124423963134, 'CPS': 0.032916392363396975, 'CCC': 0.028198376124643404, 'MBK': 0.027978933508887423, 'ALR': 0.024577572964669742, 'JSW': 0.020517884573184115, 'OPL': 0.017006802721088437, 'TPE': 0.01217906517445688, 'ENG': 0.009984639016897081}"
16,2019-01-23,105249.05112368429,1.4551915228366852e-11,"{'PKO': 0.16458196181698487, 'PKN': 0.15832784726793944, 'PZU': 0.12585034013605442, 'PEO': 0.08953258722843976, 'KGH': 0.06583278472679395, 'SPL': 0.06495501426377003, 'LPP': 0.05584814570989686, 'PGE': 0.05102040816326531, 'CDR': 0.05069124423963134, 'CPS': 0.032916392363396975, 'CCC': 0.028198376124643404, 'MBK': 0.027978933508887423, 'ALR': 0.024577572964669742, 'JSW': 0.020517884573184115, 'OPL': 0.017006802721088437, 'TPE': 0.01217906517445688, 'ENG': 0.009984639016897081}"
17,2019-01-24,105329.30779609273,0.0,"{'PKO': 0.16458196181698487, 'PKN': 0.15832784726793944, 'PZU': 0.12585034013605442, 'PEO': 0.08953258722843976, 'KGH': 0.06583278472679395, 'SPL': 0.06495501426377003, 'LPP': 0.05584814570989686, 'PGE': 0.05102040816326531, 'CDR': 0.05069124423963134, 'CPS': 0.032916392363396975, 'CCC': 0.028198376124643404, 'MBK': 0.027978933508887423, 'ALR': 0.024577572964669742, 'JSW': 0.020517884573184115, 'OPL': 0.017006802721088437, 'TPE': 0.01217906517445688, 'ENG': 0.009984639016897081}"
18,2019-01-25,105025.48714582363,0.0,"{'PKO': 0.16458196181698487, 'PKN': 0.15832784726793944, 'PZU': 0.12585034013605442, 'PEO': 0.08953258722843976, 'KGH': 0.06583278472679395, 'SPL': 0.06495501426377003, 'LPP': 0.05584814570989686, 'PGE': 0.05102040816326531, 'CDR': 0.05069124423963134, 'CPS': 0.032916392363396975, 'CCC': 0.028198376124643404, 'MBK': 0.027978933508887423, 'ALR': 0.024577572964669742, 'JSW': 0.020517884573184115, 'OPL': 0.017006802721088437, 'TPE': 0.01217906517445688, 'ENG': 0.009984639016897081}"
19,2019-01-28,103884.1440562726,0.0,"{'PKO': 0.16458196181698487, 'PKN': 0.15832784726793944, 'PZU': 0.12585034013605442, 'PEO': 0.08953258722843976, 'KGH': 0.06583278472679395, 'SPL': 0.06495501426377003, 'LPP': 0.05584814570989686, 'PGE': 0.05102040816326531, 'CDR': 0.05069124423963134, 'CPS': 0.032916392363396975, 'CCC': 0.028198376124643404, 'MBK': 0.027978933508887423, 'ALR': 0.024577572964669742, 'JSW': 0.020517884573184115, 'OPL': 0.017006802721088437, 'TPE': 0.01217906517445688, 'ENG': 0.009984639016897081}"
20,2019-01-29,104129.83766617803,0.0,"{'PKO': 0.16458196181698487, 'PKN': 0.15832784726793944, 'PZU': 0.12585034013605442, 'PEO': 0.08953258722843976, 'KGH': 0.06583278472679395, 'SPL': 0.06495501426377003, 'LPP': 0.05584814570989686, 'PGE': 0.05102040816326531, 'CDR': 0.05069124423963134, 'CPS': 0.032916392363396975, 'CCC': 0.028198376124643404, 'MBK': 0.027978933508887423, 'ALR': 0.024577572964669742, 'JSW': 0.020517884573184115, 'OPL': 0.017006802721088437, 'TPE': 0.01217906517445688, 'ENG': 0.009984639016897081}"
21,2019-01-30,103251.55531576002,0.0,"{'PKO': 0.16458196181698487, 'PKN': 0.15832784726793944, 'PZU': 0.12585034013605442, 'PEO': 0.08953258722843976, 'KGH': 0.06583278472679395, 'SPL': 0.06495501426377003, 'LPP': 0.05584814570989686, 'PGE': 0.05102040816326531, 'CDR': 0.05069124423963134, 'CPS': 0.032916392363396975, 'CCC': 0.028198376124643404, 'MBK': 0.027978933508887423, 'ALR': 0.024577572964669742, 'JSW': 0.020517884573184115, 'OPL': 0.017006802721088437, 'TPE': 0.01217906517445688, 'ENG': 0.009984639016897081}"
22,2019-01-31,104231.14724146751,0.0,"{'PKO': 0.16458196181698487, 'PKN': 0.15832784726793944, 'PZU': 0.12585034013605442, 'PEO': 0.08953258722843976, 'KGH': 0.06583278472679395, 'SPL': 0.06495501426377003, 'LPP': 0.05584814570989686, 'PGE': 0.05102040816326531, 'CDR': 0.05069124423963134, 'CPS': 0.032916392363396975, 'CCC': 0.028198376124643404, 'MBK': 0.027978933508887423, 'ALR': 0.024577572964669742, 'JSW': 0.020517884573184115, 'OPL': 0.017006802721088437, 'TPE': 0.01217906517445688, 'ENG': 0.009984639016897081}"
23,2019-02-01,104949.37115343355,-2.9103830456733704e-11,"{'PKO': 0.16458196181698487, 'PKN': 0.15832784726793944, 'PZU': 0.12585034013605442, 'PEO': 0.08953258722843976, 'KGH': 0.06583278472679395, 'SPL': 0.06495501426377003, 'LPP': 0.05584814570989686, 'PGE': 0.05102040816326531, 'CDR': 0.05069124423963134, 'CPS': 0.032916392363396975, 'CCC': 0.028198376124643404, 'MBK': 0.027978933508887423, 'ALR': 0.024577572964669742, 'JSW': 0.020517884573184115, 'OPL': 0.017006802721088437, 'TPE': 0.01217906517445688, 'ENG': 0.009984639016897081}"
24,2019-02-04,104854.57980234502,-1.4551915228366852e-11,"{'PKO': 0.16458196181698487, 'PKN': 0.15832784726793944, 'PZU': 0.12585034013605442, 'PEO': 0.08953258722843976, 'KGH': 0.06583278472679395, 'SPL': 0.06495501426377003, 'LPP': 0.05584814570989686, 'PGE': 0.05102040816326531, 'CDR': 0.05069124423963134, 'CPS': 0.032916392363396975, 'CCC': 0.028198376124643404, 'MBK': 0.027978933508887423, 'ALR': 0.024577572964669742, 'JSW': 0.020517884573184115, 'OPL': 0.017006802721088437, 'TPE': 0.01217906517445688, 'ENG': 0.009984639016897081}"
25,2019-02-05,105706.84335582089,-1.4551915228366852e-11,"{'PKO': 0.16458196181698487, 'PKN': 0.15832784726793944, 'PZU': 0.12585034013605442, 'PEO': 0.08953258722843976, 'KGH': 0.06583278472679395, 'SPL': 0.06495501426377003, 'LPP': 0.05584814570989686, 'PGE': 0.05102040816326531, 'CDR': 0.05069124423963134, 'CPS': 0.032916392363396975, 'CCC': 0.028198376124643404, 'MBK': 0.027978933508887423, 'ALR': 0.024577572964669742, 'JSW': 0.020517884573184115, 'OPL': 0.017006802721088437, 'TPE': 0.01217906517445688, 'ENG': 0.009984639016897081}"
26,2019-02-06,105991.5728794782,0.0,"{'PKO': 0.16458196181698487, 'PKN': 0.15832784726793944, 'PZU': 0.12585034013605442, 'PEO': 0.08953258722843976, 'KGH': 0.06583278472679395, 'SPL': 0.06495501426377003, 'LPP': 0.05584814570989686, 'PGE': 0.05102040816326531, 'CDR': 0.05069124423963134, 'CPS': 0.032916392363396975, 'CCC': 0.028198376124643404, 'MBK': 0.027978933508887423, 'ALR': 0.024577572964669742, 'JSW': 0.020517884573184115, 'OPL': 0.017006802721088437, 'TPE': 0.01217906517445688, 'ENG': 0.009984639016897081}"
27,2019-02-07,104212.27274529805,0.0,"{'PKO': 0.16458196181698487, 'PKN': 0.15832784726793944, 'PZU': 0.12585034013605442, 'PEO': 0.08953258722843976, 'KGH': 0.06583278472679395, 'SPL': 0.06495501426377003, 'LPP': 0.05584814570989686, 'PGE': 0.05102040816326531, 'CDR': 0.05069124423963134, 'CPS': 0.032916392363396975, 'CCC': 0.028198376124643404, 'MBK': 0.027978933508887423, 'ALR': 0.024577572964669742, 'JSW': 0.020517884573184115, 'OPL': 0.017006802721088437, 'TPE': 0.01217906517445688, 'ENG': 0.009984639016897081}"
28,2019-02-08,103446.49551818479,2.9103830456733704e-11,"{'PKO': 0.16458196181698487, 'PKN': 0.15832784726793944, 'PZU': 0.12585034013605442, 'PEO': 0.08953258722843976, 'KGH': 0.06583278472679395, 'SPL': 0.06495501426377003, 'LPP': 0.05584814570989686, 'PGE': 0.05102040816326531, 'CDR': 0.05069124423963134, 'CPS': 0.032916392363396975, 'CCC': 0.028198376124643404, 'MBK': 0.027978933508887423, 'ALR': 0.024577572964669742, 'JSW': 0.020517884573184115, 'OPL': 0.017006802721088437, 'TPE': 0.01217906517445688, 'ENG': 0.009984639016897081}"
29,2019-02-11,103465.37826469258,-2.9103830456733704e-11,"{'PKO': 0.16458196181698487, 'PKN': 0.15832784726793944, 'PZU': 0.12585034013605442, 'PEO': 0.08953258722843976, 'KGH': 0.06583278472679395, 'SPL': 0.06495501426377003, 'LPP': 0.05584814570989686, 'PGE': 0.05102040816326531, 'CDR': 0.05069124423963134, 'CPS': 0.032916392363396975, 'CCC': 0.028198376124643404, 'MBK': 0.027978933508887423, 'ALR': 0.024577572964669742, 'JSW': 0.020517884573184115, 'OPL': 0.017006802721088437, 'TPE': 0.01217906517445688, 'ENG': 0.009984639016897081}"
30,2019-02-12,104234.61443504406,-1.4551915228366852e-11,"{'PKO': 0.16458196181698487, 'PKN': 0.15832784726793944, 'PZU': 0.12585034013605442, 'PEO': 0.08953258722843976, 'KGH': 0.06583278472679395, 'SPL': 0.06495501426377003, 'LPP': 0.05584814570989686, 'PGE': 0.05102040816326531, 'CDR': 0.05069124423963134, 'CPS': 0.032916392363396975, 'CCC': 0.028198376124643404, 'MBK': 0.027978933508887423, 'ALR': 0.024577572964669742, 'JSW': 0.020517884573184115, 'OPL': 0.017006802721088437, 'TPE': 0.01217906517445688, 'ENG': 0.009984639016897081}"
31,2019-02-13,103040.80741243556,-4.3655745685100555e-11,"{'PKO': 0.16458196181698487, 'PKN': 0.15832784726793944, 'PZU': 0.12585034013605442, 'PEO': 0.08953258722843976, 'KGH': 0.06583278472679395, 'SPL': 0.06495501426377003, 'LPP': 0.05584814570989686, 'PGE': 0.05102040816326531, 'CDR': 0.05069124423963134, 'CPS': 0.032916392363396975, 'CCC': 0.028198376124643404, 'MBK': 0.027978933508887423, 'ALR': 0.024577572964669742, 'JSW': 0.020517884573184115, 'OPL': 0.017006802721088437, 'TPE': 0.01217906517445688, 'ENG': 0.009984639016897081}"
32,2019-02-14,102087.61422567096,-1.4551915228366852e-11,"{'PKO': 0.16458196181698487, 'PKN': 0.15832784726793944, 'PZU': 0.12585034013605442, 'PEO': 0.08953258722843976, 'KGH': 0.06583278472679395, 'SPL': 0.06495501426377003, 'LPP': 0.05584814570989686, 'PGE': 0.05102040816326531, 'CDR': 0.05069124423963134, 'CPS': 0.032916392363396975, 'CCC': 0.028198376124643404, 'MBK': 0.027978933508887423, 'ALR': 0.024577572964669742, 'JSW': 0.020517884573184115, 'OPL': 0.017006802721088437, 'TPE': 0.01217906517445688, 'ENG': 0.009984639016897081}"
33,2019-02-15,102915.36855067851,-1.4551915228366852e-11,"{'PKO': 0.16458196181698487, 'PKN': 0.15832784726793944, 'PZU': 0.12585034013605442, 'PEO': 0.08953258722843976, 'KGH': 0.06583278472679395, 'SPL': 0.06495501426377003, 'LPP': 0.05584814570989686, 'PGE': 0.05102040816326531, 'CDR': 0.05069124423963134, 'CPS': 0.032916392363396975, 'CCC': 0.028198376124643404, 'MBK': 0.027978933508887423, 'ALR': 0.024577572964669742, 'JSW': 0.020517884573184115, 'OPL': 0.017006802721088437, 'TPE': 0.01217906517445688, 'ENG': 0.009984639016897081}"
34,2019-02-18,102295.69994365428,0.0,"{'PKO': 0.16458196181698487, 'PKN': 0.15832784726793944, 'PZU': 0.12585034013605442, 'PEO': 0.08953258722843976, 'KGH': 0.06583278472679395, 'SPL': 0.06495501426377003, 'LPP': 0.05584814570989686, 'PGE': 0.05102040816326531, 'CDR': 0.05069124423963134, 'CPS': 0.032916392363396975, 'CCC': 0.028198376124643404, 'MBK': 0.027978933508887423, 'ALR': 0.024577572964669742, 'JSW': 0.020517884573184115, 'OPL': 0.017006802721088437, 'TPE': 0.01217906517445688, 'ENG': 0.009984639016897081}"
35,2019-02-19,102129.11243524571,-1.4551915228366852e-11,"{'PKO': 0.16458196181698487, 'PKN': 0.15832784726793944, 'PZU': 0.12585034013605442, 'PEO': 0.08953258722843976, 'KGH': 0.06583278472679395, 'SPL': 0.06495501426377003, 'LPP': 0.05584814570989686, 'PGE': 0.05102040816326531, 'CDR': 0.05069124423963134, 'CPS': 0.032916392363396975, 'CCC': 0.028198376124643404, 'MBK': 0.027978933508887423, 'ALR': 0.024577572964669742, 'JSW': 0.020517884573184115, 'OPL': 0.017006802721088437, 'TPE': 0.01217906517445688, 'ENG': 0.009984639016897081}"
36,2019-02-20,104163.4271453075,1.4551915228366852e-11,"{'PKO': 0.16458196181698487, 'PKN': 0.15832784726793944, 'PZU': 0.12585034013605442, 'PEO': 0.08953258722843976, 'KGH': 0.06583278472679395, 'SPL': 0.06495501426377003, 'LPP': 0.05584814570989686, 'PGE': 0.05102040816326531, 'CDR': 0.05069124423963134, 'CPS': 0.032916392363396975, 'CCC': 0.028198376124643404, 'MBK': 0.027978933508887423, 'ALR': 0.024577572964669742, 'JSW': 0.020517884573184115, 'OPL': 0.017006802721088437, 'TPE': 0.01217906517445688, 'ENG': 0.009984639016897081}"
37,2019-02-21,102944.34154296816,1.4551915228366852e-11,"{'PKO': 0.16458196181698487, 'PKN': 0.15832784726793944, 'PZU': 0.12585034013605442, 'PEO': 0.08953258722843976, 'KGH': 0.06583278472679395, 'SPL': 0.06495501426377003, 'LPP': 0.05584814570989686, 'PGE': 0.05102040816326531, 'CDR': 0.05069124423963134, 'CPS': 0.032916392363396975, 'CCC': 0.028198376124643404, 'MBK': 0.027978933508887423, 'ALR': 0.024577572964669742, 'JSW': 0.020517884573184115, 'OPL': 0.017006802721088437, 'TPE': 0.01217906517445688, 'ENG': 0.009984639016897081}"
38,2019-02-22,103584.55009394018,-1.4551915228366852e-11,"{'PKO': 0.16458196181698487, 'PKN': 0.15832784726793944, 'PZU': 0.12585034013605442, 'PEO': 0.08953258722843976, 'KGH': 0.06583278472679395, 'SPL': 0.06495501426377003, 'LPP': 0.05584814570989686, 'PGE': 0.05102040816326531, 'CDR': 0.05069124423963134, 'CPS': 0.032916392363396975, 'CCC': 0.028198376124643404, 'MBK': 0.027978933508887423, 'ALR': 0.024577572964669742, 'JSW': 0.020517884573184115, 'OPL': 0.017006802721088437, 'TPE': 0.01217906517445688, 'ENG': 0.009984639016897081}"
39,2019-02-25,104244.92795349692,1.4551915228366852e-11,"{'PKO': 0.16458196181698487, 'PKN': 0.15832784726793944, 'PZU': 0.12585034013605442, 'PEO': 0.08953258722843976, 'KGH': 0.06583278472679395, 'SPL': 0.06495501426377003, 'LPP': 0.05584814570989686, 'PGE': 0.05102040816326531, 'CDR': 0.05069124423963134, 'CPS': 0.032916392363396975, 'CCC': 0.028198376124643404, 'MBK': 0.027978933508887423, 'ALR': 0.024577572964669742, 'JSW': 0.020517884573184115, 'OPL': 0.017006802721088437, 'TPE': 0.01217906517445688, 'ENG': 0.009984639016897081}"
40,2019-02-26,103861.76885456473,-1.4551915228366852e-11,"{'PKO': 0.16458196181698487, 'PKN': 0.15832784726793944, 'PZU': 0.12585034013605442, 'PEO': 0.08953258722843976, 'KGH': 0.06583278472679395, 'SPL': 0.06495501426377003, 'LPP': 0.05584814570989686, 'PGE': 0.05102040816326531, 'CDR': 0.05069124423963134, 'CPS': 0.032916392363396975, 'CCC': 0.028198376124643404, 'MBK': 0.027978933508887423, 'ALR': 0.024577572964669742, 'JSW': 0.020517884573184115, 'OPL': 0.017006802721088437, 'TPE': 0.01217906517445688, 'ENG': 0.009984639016897081}"
41,2019-02-27,102529.7487077386,-2.9103830456733704e-11,"{'PKO': 0.16458196181698487, 'PKN': 0.15832784726793944, 'PZU': 0.12585034013605442, 'PEO': 0.08953258722843976, 'KGH': 0.06583278472679395, 'SPL': 0.06495501426377003, 'LPP': 0.05584814570989686, 'PGE': 0.05102040816326531, 'CDR': 0.05069124423963134, 'CPS': 0.032916392363396975, 'CCC': 0.028198376124643404, 'MBK': 0.027978933508887423, 'ALR': 0.024577572964669742, 'JSW': 0.020517884573184115, 'OPL': 0.017006802721088437, 'TPE': 0.01217906517445688, 'ENG': 0.009984639016897081}"
42,2019-02-28,102389.31523989601,-1.4551915228366852e-11,"{'PKO': 0.16458196181698487, 'PKN': 0.15832784726793944, 'PZU': 0.12585034013605442, 'PEO': 0.08953258722843976, 'KGH': 0.06583278472679395, 'SPL': 0.06495501426377003, 'LPP': 0.05584814570989686, 'PGE': 0.05102040816326531, 'CDR': 0.05069124423963134, 'CPS': 0.032916392363396975, 'CCC': 0.028198376124643404, 'MBK': 0.027978933508887423, 'ALR': 0.024577572964669742, 'JSW': 0.020517884573184115, 'OPL': 0.017006802721088437, 'TPE': 0.01217906517445688, 'ENG': 0.009984639016897081}"
43,2019-03-01,102501.3729857341,-1.4551915228366852e-11,"{'PKO': 0.16458196181698487, 'PKN': 0.15832784726793944, 'PZU': 0.12585034013605442, 'PEO': 0.08953258722843976, 'KGH': 0.06583278472679395, 'SPL': 0.06495501426377003, 'LPP': 0.05584814570989686, 'PGE': 0.05102040816326531, 'CDR': 0.05069124423963134, 'CPS': 0.032916392363396975, 'CCC': 0.028198376124643404, 'MBK': 0.027978933508887423, 'ALR': 0.024577572964669742, 'JSW': 0.020517884573184115, 'OPL': 0.017006802721088437, 'TPE': 0.01217906517445688, 'ENG': 0.009984639016897081}"
44,2019-03-04,102533.59718039102,0.0,"{'PKO': 0.16458196181698487, 'PKN': 0.15832784726793944, 'PZU': 0.12585034013605442, 'PEO': 0.08953258722843976, 'KGH': 0.06583278472679395, 'SPL': 0.06495501426377003, 'LPP': 0.05584814570989686, 'PGE': 0.05102040816326531, 'CDR': 0.05069124423963134, 'CPS': 0.032916392363396975, 'CCC': 0.028198376124643404, 'MBK': 0.027978933508887423, 'ALR': 0.024577572964669742, 'JSW': 0.020517884573184115, 'OPL': 0.017006802721088437, 'TPE': 0.01217906517445688, 'ENG': 0.009984639016897081}"
45,2019-03-05,102014.2058994555,-1.4551915228366852e-11,"{'PKO': 0.16458196181698487, 'PKN': 0.15832784726793944, 'PZU': 0.12585034013605442, 'PEO': 0.08953258722843976, 'KGH': 0.06583278472679395, 'SPL': 0.06495501426377003, 'LPP': 0.05584814570989686, 'PGE': 0.05102040816326531, 'CDR': 0.05069124423963134, 'CPS': 0.032916392363396975, 'CCC': 0.028198376124643404, 'MBK': 0.027978933508887423, 'ALR': 0.024577572964669742, 'JSW': 0.020517884573184115, 'OPL': 0.017006802721088437, 'TPE': 0.01217906517445688, 'ENG': 0.009984639016897081}"
46,2019-03-06,102179.95705122132,1.4551915228366852e-11,"{'PKO': 0.16458196181698487, 'PKN': 0.15832784726793944, 'PZU': 0.12585034013605442, 'PEO': 0.08953258722843976, 'KGH': 0.06583278472679395, 'SPL': 0.06495501426377003, 'LPP': 0.05584814570989686, 'PGE': 0.05102040816326531, 'CDR': 0.05069124423963134, 'CPS': 0.032916392363396975, 'CCC': 0.028198376124643404, 'MBK': 0.027978933508887423, 'ALR': 0.024577572964669742, 'JSW': 0.020517884573184115, 'OPL': 0.017006802721088437, 'TPE': 0.01217906517445688, 'ENG': 0.009984639016897081}"
47,2019-03-07,101486.17088972157,-4.3655745685100555e-11,"{'PKO': 0.16458196181698487, 'PKN': 0.15832784726793944, 'PZU': 0.12585034013605442, 'PEO': 0.08953258722843976, 'KGH': 0.06583278472679395, 'SPL': 0.06495501426377003, 'LPP': 0.05584814570989686, 'PGE': 0.05102040816326531, 'CDR': 0.05069124423963134, 'CPS': 0.032916392363396975, 'CCC': 0.028198376124643404, 'MBK': 0.027978933508887423, 'ALR': 0.024577572964669742, 'JSW': 0.020517884573184115, 'OPL': 0.017006802721088437, 'TPE': 0.01217906517445688, 'ENG': 0.009984639016897081}"
48,2019-03-08,101189.07899831087,0.0,"{'PKO': 0.16458196181698487, 'PKN': 0.15832784726793944, 'PZU': 0.12585034013605442, 'PEO': 0.08953258722843976, 'KGH': 0.06583278472679395, 'SPL': 0.06495501426377003, 'LPP': 0.05584814570989686, 'PGE': 0.05102040816326531, 'CDR': 0.05069124423963134, 'CPS': 0.032916392363396975, 'CCC': 0.028198376124643404, 'MBK': 0.027978933508887423, 'ALR': 0.024577572964669742, 'JSW': 0.020517884573184115, 'OPL': 0.017006802721088437, 'TPE': 0.01217906517445688, 'ENG': 0.009984639016897081}"
49,2019-03-11,101276.95253138874,0.0,"{'PKO': 0.16458196181698487, 'PKN': 0.15832784726793944, 'PZU': 0.12585034013605442, 'PEO': 0.08953258722843976, 'KGH': 0.06583278472679395, 'SPL': 0.06495501426377003, 'LPP': 0.05584814570989686, 'PGE': 0.05102040816326531, 'CDR': 0.05069124423963134, 'CPS': 0.032916392363396975, 'CCC': 0.028198376124643404, 'MBK': 0.027978933508887423, 'ALR': 0.024577572964669742, 'JSW': 0.020517884573184115, 'OPL': 0.017006802721088437, 'TPE': 0.01217906517445688, 'ENG': 0.009984639016897081}"
50,2019-03-12,101746.11699044565,-2.9103830456733704e-11,"{'PKO': 0.16458196181698487, 'PKN': 0.15832784726793944, 'PZU': 0.12585034013605442, 'PEO': 0.08953258722843976, 'KGH': 0.06583278472679395, 'SPL': 0.06495501426377003, 'LPP': 0.05584814570989686, 'PGE': 0.05102040816326531, 'CDR': 0.05069124423963134, 'CPS': 0.032916392363396975, 'CCC': 0.028198376124643404, 'MBK': 0.027978933508887423, 'ALR': 0.024577572964669742, 'JSW': 0.020517884573184115, 'OPL': 0.017006802721088437, 'TPE': 0.01217906517445688, 'ENG': 0.009984639016897081}"
51,2019-03-13,102093.85693818274,0.0,"{'PKO': 0.16458196181698487, 'PKN': 0.15832784726793944, 'PZU': 0.12585034013605442, 'PEO': 0.08953258722843976, 'KGH': 0.06583278472679395, 'SPL': 0.06495501426377003, 'LPP': 0.05584814570989686, 'PGE': 0.05102040816326531, 'CDR': 0.05069124423963134, 'CPS': 0.032916392363396975, 'CCC': 0.028198376124643404, 'MBK': 0.027978933508887423, 'ALR': 0.024577572964669742, 'JSW': 0.020517884573184115, 'OPL': 0.017006802721088437, 'TPE': 0.01217906517445688, 'ENG': 0.009984639016897081}"
52,2019-03-14,102301.65459295911,-1.4551915228366852e-11,"{'PKO': 0.16458196181698487, 'PKN': 0.15832784726793944, 'PZU': 0.12585034013605442, 'PEO': 0.08953258722843976, 'KGH': 0.06583278472679395, 'SPL': 0.06495501426377003, 'LPP': 0.05584814570989686, 'PGE': 0.05102040816326531, 'CDR': 0.05069124423963134, 'CPS': 0.032916392363396975, 'CCC': 0.028198376124643404, 'MBK': 0.027978933508887423, 'ALR': 0.024577572964669742, 'JSW': 0.020517884573184115, 'OPL': 0.017006802721088437, 'TPE': 0.01217906517445688, 'ENG': 0.009984639016897081}"
53,2019-03-15,103502.85851303632,0.0,"{'PKO': 0.16635244538094715, 'PKN': 0.15027170899412226, 'PZU': 0.12188089164910729, 'PEO': 0.08883220583342577, 'KGH': 0.06543196184983921, 'SPL': 0.06376843739602973, 'CDR': 0.06177220805145838, 'LPP': 0.050903848286569825, 'PGE': 0.04824220916047467, 'CPS': 0.034490407008983044, 'MBK': 0.02872352223577687, 'ALR': 0.025729178218919825, 'CCC': 0.024509260286126214, 'DNP': 0.022513030941554844, 'OPL': 0.017744260840634362, 'JSW': 0.016635244538094715, 'TPE': 0.012199179327936125}"
54,2019-03-18,103588.372245391,-4.3655745685100555e-11,"{'PKO': 0.16635244538094715, 'PKN': 0.15027170899412226, 'PZU': 0.12188089164910729, 'PEO': 0.08883220583342577, 'KGH': 0.06543196184983921, 'SPL': 0.06376843739602973, 'CDR': 0.06177220805145838, 'LPP': 0.050903848286569825, 'PGE': 0.04824220916047467, 'CPS': 0.034490407008983044, 'MBK': 0.02872352223577687, 'ALR': 0.025729178218919825, 'CCC': 0.024509260286126214, 'DNP': 0.022513030941554844, 'OPL': 0.017744260840634362, 'JSW': 0.016635244538094715, 'TPE': 0.012199179327936125}"
55,2019-03-19,104078.42249611083,-1.4551915228366852e-11,"{'PKO': 0.16635244538094715, 'PKN': 0.15027170899412226, 'PZU': 0.12188089164910729, 'PEO': 0.08883220583342577, 'KGH': 0.06543196184983921, 'SPL': 0.06376843739602973, 'CDR': 0.06177220805145838, 'LPP': 0.050903848286569825, 'PGE': 0.04824220916047467, 'CPS': 0.034490407008983044, 'MBK': 0.02872352223577687, 'ALR': 0.025729178218919825, 'CCC': 0.024509260286126214, 'DNP': 0.022513030941554844, 'OPL': 0.017744260840634362, 'JSW': 0.016635244538094715, 'TPE': 0.012199179327936125}"
56,2019-03-20,104261.5127443559,-1.4551915228366852e-11,"{'PKO': 0.16635244538094715, 'PKN': 0.15027170899412226, 'PZU': 0.12188089164910729, 'PEO': 0.08883220583342577, 'KGH': 0.06543196184983921, 'SPL': 0.06376843739602973, 'CDR': 0.06177220805145838, 'LPP': 0.050903848286569825, 'PGE': 0.04824220916047467, 'CPS': 0.034490407008983044, 'MBK': 0.02872352223577687, 'ALR': 0.025729178218919825, 'CCC': 0.024509260286126214, 'DNP': 0.022513030941554844, 'OPL': 0.017744260840634362, 'JSW': 0.016635244538094715, 'TPE': 0.012199179327936125}"
57,2019-03-21,104374.93854436064,-5.820766091346741e-11,"{'PKO': 0.16635244538094715, 'PKN': 0.15027170899412226, 'PZU': 0.12188089164910729, 'PEO': 0.08883220583342577, 'KGH': 0.06543196184983921, 'SPL': 0.06376843739602973, 'CDR': 0.06177220805145838, 'LPP': 0.050903848286569825, 'PGE': 0.04824220916047467, 'CPS': 0.034490407008983044, 'MBK': 0.02872352223577687, 'ALR': 0.025729178218919825, 'CCC': 0.024509260286126214, 'DNP': 0.022513030941554844, 'OPL': 0.017744260840634362, 'JSW': 0.016635244538094715, 'TPE': 0.012199179327936125}"
58,2019-03-22,102629.4058024914,-2.9103830456733704e-11,"{'PKO': 0.16635244538094715, 'PKN': 0.15027170899412226, 'PZU': 0.12188089164910729, 'PEO': 0.08883220583342577, 'KGH': 0.06543196184983921, 'SPL': 0.06376843739602973, 'CDR': 0.06177220805145838, 'LPP': 0.050903848286569825, 'PGE': 0.04824220916047467, 'CPS': 0.034490407008983044, 'MBK': 0.02872352223577687, 'ALR': 0.025729178218919825, 'CCC': 0.024509260286126214, 'DNP': 0.022513030941554844, 'OPL': 0.017744260840634362, 'JSW': 0.016635244538094715, 'TPE': 0.012199179327936125}"
59,2019-03-25,102385.14662336926,-4.3655745685100555e-11,"{'PKO': 0.16635244538094715, 'PKN': 0.15027170899412226, 'PZU': 0.12188089164910729, 'PEO': 0.08883220583342577, 'KGH': 0.06543196184983921, 'SPL': 0.06376843739602973, 'CDR': 0.06177220805145838, 'LPP': 0.050903848286569825, 'PGE': 0.04824220916047467, 'CPS': 0.034490407008983044, 'MBK': 0.02872352223577687, 'ALR': 0.025729178218919825, 'CCC': 0.024509260286126214, 'DNP': 0.022513030941554844, 'OPL': 0.017744260840634362, 'JSW': 0.016635244538094715, 'TPE': 0.012199179327936125}"
60,2019-03-26,102946.03051872709,-4.3655745685100555e-11,"{'PKO': 0.16635244538094715, 'PKN': 0.15027170899412226, 'PZU': 0.12188089164910729, 'PEO': 0.08883220583342577, 'KGH': 0.06543196184983921, 'SPL': 0.06376843739602973, 'CDR': 0.06177220805145838, 'LPP': 0.050903848286569825, 'PGE': 0.04824220916047467, 'CPS': 0.034490407008983044, 'MBK': 0.02872352223577687, 'ALR': 0.025729178218919825, 'CCC': 0.024509260286126214, 'DNP': 0.022513030941554844, 'OPL': 0.017744260840634362, 'JSW': 0.016635244538094715, 'TPE': 0.012199179327936125}"
61,2019-03-27,102512.72921551052,-5.820766091346741e-11,"{'PKO': 0.16635244538094715, 'PKN': 0.15027170899412226, 'PZU': 0.12188089164910729, 'PEO': 0.08883220583342577, 'KGH': 0.06543196184983921, 'SPL': 0.06376843739602973, 'CDR': 0.06177220805145838, 'LPP': 0.050903848286569825, 'PGE': 0.04824220916047467, 'CPS': 0.034490407008983044, 'MBK': 0.02872352223577687, 'ALR': 0.025729178218919825, 'CCC': 0.024509260286126214, 'DNP': 0.022513030941554844, 'OPL': 0.017744260840634362, 'JSW': 0.016635244538094715, 'TPE': 0.012199179327936125}"
62,2019-03-28,102398.92956381304,-1.4551915228366852e-11,"{'PKO': 0.16635244538094715, 'PKN': 0.15027170899412226, 'PZU': 0.12188089164910729, 'PEO': 0.08883220583342577, 'KGH': 0.06543196184983921, 'SPL': 0.06376843739602973, 'CDR': 0.06177220805145838, 'LPP': 0.050903848286569825, 'PGE': 0.04824220916047467, 'CPS': 0.034490407008983044, 'MBK': 0.02872352223577687, 'ALR': 0.025729178218919825, 'CCC': 0.024509260286126214, 'DNP': 0.022513030941554844, 'OPL': 0.017744260840634362, 'JSW': 0.016635244538094715, 'TPE': 0.012199179327936125}"
63,2019-03-29,102319.99170059463,-5.820766091346741e-11,"{'PKO': 0.16635244538094715, 'PKN': 0.15027170899412226, 'PZU': 0.12188089164910729, 'PEO': 0.08883220583342577, 'KGH': 0.06543196184983921, 'SPL': 0.06376843739602973, 'CDR': 0.06177220805145838, 'LPP': 0.050903848286569825, 'PGE': 0.04824220916047467, 'CPS': 0.034490407008983044, 'MBK': 0.02872352223577687, 'ALR': 0.025729178218919825, 'CCC': 0.024509260286126214, 'DNP': 0.022513030941554844, 'OPL': 0.017744260840634362, 'JSW': 0.016635244538094715, 'TPE': 0.012199179327936125}"
64,2019-04-01,103500.71162992356,-4.3655745685100555e-11,"{'PKO': 0.16635244538094715, 'PKN': 0.15027170899412226, 'PZU': 0.12188089164910729, 'PEO': 0.08883220583342577, 'KGH': 0.06543196184983921, 'SPL': 0.06376843739602973, 'CDR': 0.06177220805145838, 'LPP': 0.050903848286569825, 'PGE': 0.04824220916047467, 'CPS': 0.034490407008983044, 'MBK': 0.02872352223577687, 'ALR': 0.025729178218919825, 'CCC': 0.024509260286126214, 'DNP': 0.022513030941554844, 'OPL': 0.017744260840634362, 'JSW': 0.016635244538094715, 'TPE': 0.012199179327936125}"
65,2019-04-02,104765.70547698061,-4.3655745685100555e-11,"{'PKO': 0.16635244538094715, 'PKN': 0.15027170899412226, 'PZU': 0.12188089164910729, 'PEO': 0.08883220583342577, 'KGH': 0.06543196184983921, 'SPL': 0.06376843739602973, 'CDR': 0.06177220805145838, 'LPP': 0.050903848286569825, 'PGE': 0.04824220916047467, 'CPS': 0.034490407008983044, 'MBK': 0.02872352223577687, 'ALR': 0.025729178218919825, 'CCC': 0.024509260286126214, 'DNP': 0.022513030941554844, 'OPL': 0.017744260840634362, 'JSW': 0.016635244538094715, 'TPE': 0.012199179327936125}"
66,2019-04-03,106473.28649330787,-4.3655745685100555e-11,"{'PKO': 0.16635244538094715, 'PKN': 0.15027170899412226, 'PZU': 0.12188089164910729, 'PEO': 0.08883220583342577, 'KGH': 0.06543196184983921, 'SPL': 0.06376843739602973, 'CDR': 0.06177220805145838, 'LPP': 0.050903848286569825, 'PGE': 0.04824220916047467, 'CPS': 0.034490407008983044, 'MBK': 0.02872352223577687, 'ALR': 0.025729178218919825, 'CCC': 0.024509260286126214, 'DNP': 0.022513030941554844, 'OPL': 0.017744260840634362, 'JSW': 0.016635244538094715, 'TPE': 0.012199179327936125}"
67,2019-04-04,105824.1744540539,-4.3655745685100555e-11,"{'PKO': 0.16635244538094715, 'PKN': 0.15027170899412226, 'PZU': 0.12188089164910729, 'PEO': 0.08883220583342577, 'KGH': 0.06543196184983921, 'SPL': 0.06376843739602973, 'CDR': 0.06177220805145838, 'LPP': 0.050903848286569825, 'PGE': 0.04824220916047467, 'CPS': 0.034490407008983044, 'MBK': 0.02872352223577687, 'ALR': 0.025729178218919825, 'CCC': 0.024509260286126214, 'DNP': 0.022513030941554844, 'OPL': 0.017744260840634362, 'JSW': 0.016635244538094715, 'TPE': 0.012199179327936125}"
68,2019-04-05,104069.82360158193,-2.9103830456733704e-11,"{'PKO': 0.16635244538094715, 'PKN': 0.15027170899412226, 'PZU': 0.12188089164910729, 'PEO': 0.08883220583342577, 'KGH': 0.06543196184983921, 'SPL': 0.06376843739602973, 'CDR': 0.06177220805145838, 'LPP': 0.050903848286569825, 'PGE': 0.04824220916047467, 'CPS': 0.034490407008983044, 'MBK': 0.02872352223577687, 'ALR': 0.025729178218919825, 'CCC': 0.024509260286126214, 'DNP': 0.022513030941554844, 'OPL': 0.017744260840634362, 'JSW': 0.016635244538094715, 'TPE': 0.012199179327936125}"
69,2019-04-08,104495.2643240448,-4.3655745685100555e-11,"{'PKO': 0.16635244538094715, 'PKN': 0.15027170899412226, 'PZU': 0.12188089164910729, 'PEO': 0.08883220583342577, 'KGH': 0.06543196184983921, 'SPL': 0.06376843739602973, 'CDR': 0.06177220805145838, 'LPP': 0.050903848286569825, 'PGE': 0.04824220916047467, 'CPS': 0.034490407008983044, 'MBK': 0.02872352223577687, 'ALR': 0.025729178218919825, 'CCC': 0.024509260286126214, 'DNP': 0.022513030941554844, 'OPL': 0.017744260840634362, 'JSW': 0.016635244538094715, 'TPE': 0.012199179327936125}"
70,2019-04-09,104843.16079068788,-2.9103830456733704e-11,"{'PKO': 0.16635244538094715, 'PKN': 0.15027170899412226, 'PZU': 0.12188089164910729, 'PEO': 0.08883220583342577, 'KGH': 0.06543196184983921, 'SPL': 0.06376843739602973, 'CDR': 0.06177220805145838, 'LPP': 0.050903848286569825, 'PGE': 0.04824220916047467, 'CPS': 0.034490407008983044, 'MBK': 0.02872352223577687, 'ALR': 0.025729178218919825, 'CCC': 0.024509260286126214, 'DNP': 0.022513030941554844, 'OPL': 0.017744260840634362, 'JSW': 0.016635244538094715, 'TPE': 0.012199179327936125}"
71,2019-04-10,105896.13037653592,-4.3655745685100555e-11,"{'PKO': 0.16635244538094715, 'PKN': 0.15027170899412226, 'PZU': 0.12188089164910729, 'PEO': 0.08883220583342577, 'KGH': 0.06543196184983921, 'SPL': 0.06376843739602973, 'CDR': 0.06177220805145838, 'LPP': 0.050903848286569825, 'PGE': 0.04824220916047467, 'CPS': 0.034490407008983044, 'MBK': 0.02872352223577687, 'ALR': 0.025729178218919825, 'CCC': 0.024509260286126214, 'DNP': 0.022513030941554844, 'OPL': 0.017744260840634362, 'JSW': 0.016635244538094715, 'TPE': 0.012199179327936125}"
72,2019-04-11,105188.85657966878,-2.9103830456733704e-11,"{'PKO': 0.16635244538094715, 'PKN': 0.15027170899412226, 'PZU': 0.12188089164910729, 'PEO': 0.08883220583342577, 'KGH': 0.06543196184983921, 'SPL': 0.06376843739602973, 'CDR': 0.06177220805145838, 'LPP': 0.050903848286569825, 'PGE': 0.04824220916047467, 'CPS': 0.034490407008983044, 'MBK': 0.02872352223577687, 'ALR': 0.025729178218919825, 'CCC': 0.024509260286126214, 'DNP': 0.022513030941554844, 'OPL': 0.017744260840634362, 'JSW': 0.016635244538094715, 'TPE': 0.012199179327936125}"
73,2019-04-12,104869.61092448964,-4.3655745685100555e-11,"{'PKO': 0.16635244538094715, 'PKN': 0.15027170899412226, 'PZU': 0.12188089164910729, 'PEO': 0.08883220583342577, 'KGH': 0.06543196184983921, 'SPL': 0.06376843739602973, 'CDR': 0.06177220805145838, 'LPP': 0.050903848286569825, 'PGE': 0.04824220916047467, 'CPS': 0.034490407008983044, 'MBK': 0.02872352223577687, 'ALR': 0.025729178218919825, 'CCC': 0.024509260286126214, 'DNP': 0.022513030941554844, 'OPL': 0.017744260840634362, 'JSW': 0.016635244538094715, 'TPE': 0.012199179327936125}"
74,2019-04-15,104462.87932522155,-2.9103830456733704e-11,"{'PKO': 0.16635244538094715, 'PKN': 0.15027170899412226, 'PZU': 0.12188089164910729, 'PEO': 0.08883220583342577, 'KGH': 0.06543196184983921, 'SPL': 0.06376843739602973, 'CDR': 0.06177220805145838, 'LPP': 0.050903848286569825, 'PGE': 0.04824220916047467, 'CPS': 0.034490407008983044, 'MBK': 0.02872352223577687, 'ALR': 0.025729178218919825, 'CCC': 0.024509260286126214, 'DNP': 0.022513030941554844, 'OPL': 0.017744260840634362, 'JSW': 0.016635244538094715, 'TPE': 0.012199179327936125}"
75,2019-04-16,105247.01255946861,-2.9103830456733704e-11,"{'PKO': 0.16635244538094715, 'PKN': 0.15027170899412226, 'PZU': 0.12188089164910729, 'PEO': 0.08883220583342577, 'KGH': 0.06543196184983921, 'SPL': 0.06376843739602973, 'CDR': 0.06177220805145838, 'LPP': 0.050903848286569825, 'PGE': 0.04824220916047467, 'CPS': 0.034490407008983044, 'MBK': 0.02872352223577687, 'ALR': 0.025729178218919825, 'CCC': 0.024509260286126214, 'DNP': 0.022513030941554844, 'OPL': 0.017744260840634362, 'JSW': 0.016635244538094715, 'TPE': 0.012199179327936125}"
76,2019-04-17,105545.54403454762,-1.4551915228366852e-11,"{'PKO': 0.16635244538094715, 'PKN': 0.15027170899412226, 'PZU': 0.12188089164910729, 'PEO': 0.08883220583342577, 'KGH': 0.06543196184983921, 'SPL': 0.06376843739602973, 'CDR': 0.06177220805145838, 'LPP': 0.050903848286569825, 'PGE': 0.04824220916047467, 'CPS': 0.034490407008983044, 'MBK': 0.02872352223577687, 'ALR': 0.025729178218919825, 'CCC': 0.024509260286126214, 'DNP': 0.022513030941554844, 'OPL': 0.017744260840634362, 'JSW': 0.016635244538094715, 'TPE': 0.012199179327936125}"
77,2019-04-18,105040.26689428932,-2.9103830456733704e-11,"{'PKO': 0.16635244538094715, 'PKN': 0.15027170899412226, 'PZU': 0.12188089164910729, 'PEO': 0.08883220583342577, 'KGH': 0.06543196184983921, 'SPL': 0.06376843739602973, 'CDR': 0.06177220805145838, 'LPP': 0.050903848286569825, 'PGE': 0.04824220916047467, 'CPS': 0.034490407008983044, 'MBK': 0.02872352223577687, 'ALR': 0.025729178218919825, 'CCC': 0.024509260286126214, 'DNP': 0.022513030941554844, 'OPL': 0.017744260840634362, 'JSW': 0.016635244538094715, 'TPE': 0.012199179327936125}"
78,2019-04-19,105040.26689428932,-2.9103830456733704e-11,"{'PKO': 0.16635244538094715, 'PKN': 0.15027170899412226, 'PZU': 0.12188089164910729, 'PEO': 0.08883220583342577, 'KGH': 0.06543196184983921, 'SPL': 0.06376843739602973, 'CDR': 0.06177220805145838, 'LPP': 0.050903848286569825, 'PGE': 0.04824220916047467, 'CPS': 0.034490407008983044, 'MBK': 0.02872352223577687, 'ALR': 0.025729178218919825, 'CCC': 0.024509260286126214, 'DNP': 0.022513030941554844, 'OPL': 0.017744260840634362, 'JSW': 0.016635244538094715, 'TPE': 0.012199179327936125}"
79,2019-04-22,105040.26689428932,-2.9103830456733704e-11,"{'PKO': 0.16635244538094715, 'PKN': 0.15027170899412226, 'PZU': 0.12188089164910729, 'PEO': 0.08883220583342577, 'KGH': 0.06543196184983921, 'SPL': 0.06376843739602973, 'CDR': 0.06177220805145838, 'LPP': 0.050903848286569825, 'PGE': 0.04824220916047467, 'CPS': 0.034490407008983044, 'MBK': 0.02872352223577687, 'ALR': 0.025729178218919825, 'CCC': 0.024509260286126214, 'DNP': 0.022513030941554844, 'OPL': 0.017744260840634362, 'JSW': 0.016635244538094715, 'TPE': 0.012199179327936125}"
80,2019-04-23,105394.16133666932,-4.3655745685100555e-11,"{'PKO': 0.16635244538094715, 'PKN': 0.15027170899412226, 'PZU': 0.12188089164910729, 'PEO': 0.08883220583342577, 'KGH': 0.06543196184983921, 'SPL': 0.06376843739602973, 'CDR': 0.06177220805145838, 'LPP': 0.050903848286569825, 'PGE': 0.04824220916047467, 'CPS': 0.034490407008983044, 'MBK': 0.02872352223577687, 'ALR': 0.025729178218919825, 'CCC': 0.024509260286126214, 'DNP': 0.022513030941554844, 'OPL': 0.017744260840634362, 'JSW': 0.016635244538094715, 'TPE': 0.012199179327936125}"
81,2019-04-24,105354.62807398991,-2.9103830456733704e-11,"{'PKO': 0.16635244538094715, 'PKN': 0.15027170899412226, 'PZU': 0.12188089164910729, 'PEO': 0.08883220583342577, 'KGH': 0.06543196184983921, 'SPL': 0.06376843739602973, 'CDR': 0.06177220805145838, 'LPP': 0.050903848286569825, 'PGE': 0.04824220916047467, 'CPS': 0.034490407008983044, 'MBK': 0.02872352223577687, 'ALR': 0.025729178218919825, 'CCC': 0.024509260286126214, 'DNP': 0.022513030941554844, 'OPL': 0.017744260840634362, 'JSW': 0.016635244538094715, 'TPE': 0.012199179327936125}"
82,2019-04-25,104770.70241515261,-2.9103830456733704e-11,"{'PKO': 0.16635244538094715, 'PKN': 0.15027170899412226, 'PZU': 0.12188089164910729, 'PEO': 0.08883220583342577, 'KGH': 0.06543196184983921, 'SPL': 0.06376843739602973, 'CDR': 0.06177220805145838, 'LPP': 0.050903848286569825, 'PGE': 0.04824220916047467, 'CPS': 0.034490407008983044, 'MBK': 0.02872352223577687, 'ALR': 0.025729178218919825, 'CCC': 0.024509260286126214, 'DNP': 0.022513030941554844, 'OPL': 0.017744260840634362, 'JSW': 0.016635244538094715, 'TPE': 0.012199179327936125}"
83,2019-04-26,105397.23680203133,-2.9103830456733704e-11,"{'PKO': 0.16635244538094715, 'PKN': 0.15027170899412226, 'PZU': 0.12188089164910729, 'PEO': 0.08883220583342577, 'KGH': 0.06543196184983921, 'SPL': 0.06376843739602973, 'CDR': 0.06177220805145838, 'LPP': 0.050903848286569825, 'PGE': 0.04824220916047467, 'CPS': 0.034490407008983044, 'MBK': 0.02872352223577687, 'ALR': 0.025729178218919825, 'CCC': 0.024509260286126214, 'DNP': 0.022513030941554844, 'OPL': 0.017744260840634362, 'JSW': 0.016635244538094715, 'TPE': 0.012199179327936125}"
84,2019-04-29,105498.62510698977,-2.9103830456733704e-11,"{'PKO': 0.16635244538094715, 'PKN': 0.15027170899412226, 'PZU': 0.12188089164910729, 'PEO': 0.08883220583342577, 'KGH': 0.06543196184983921, 'SPL': 0.06376843739602973, 'CDR': 0.06177220805145838, 'LPP': 0.050903848286569825, 'PGE': 0.04824220916047467, 'CPS': 0.034490407008983044, 'MBK': 0.02872352223577687, 'ALR': 0.025729178218919825, 'CCC': 0.024509260286126214, 'DNP': 0.022513030941554844, 'OPL': 0.017744260840634362, 'JSW': 0.016635244538094715, 'TPE': 0.012199179327936125}"
85,2019-04-30,103870.91878121391,-1.4551915228366852e-11,"{'PKO': 0.16635244538094715, 'PKN': 0.15027170899412226, 'PZU': 0.12188089164910729, 'PEO': 0.08883220583342577, 'KGH': 0.06543196184983921, 'SPL': 0.06376843739602973, 'CDR': 0.06177220805145838, 'LPP': 0.050903848286569825, 'PGE': 0.04824220916047467, 'CPS': 0.034490407008983044, 'MBK': 0.02872352223577687, 'ALR': 0.025729178218919825, 'CCC': 0.024509260286126214, 'DNP': 0.022513030941554844, 'OPL': 0.017744260840634362, 'JSW': 0.016635244538094715, 'TPE': 0.012199179327936125}"
86,2019-05-01,103870.91878121391,-1.4551915228366852e-11,"{'PKO': 0.16635244538094715, 'PKN': 0.15027170899412226, 'PZU': 0.12188089164910729, 'PEO': 0.08883220583342577, 'KGH': 0.06543196184983921, 'SPL': 0.06376843739602973, 'CDR': 0.06177220805145838, 'LPP': 0.050903848286569825, 'PGE': 0.04824220916047467, 'CPS': 0.034490407008983044, 'MBK': 0.02872352223577687, 'ALR': 0.025729178218919825, 'CCC': 0.024509260286126214, 'DNP': 0.022513030941554844, 'OPL': 0.017744260840634362, 'JSW': 0.016635244538094715, 'TPE': 0.012199179327936125}"
87,2019-05-02,103163.1060747175,-4.3655745685100555e-11,"{'PKO': 0.16635244538094715, 'PKN': 0.15027170899412226, 'PZU': 0.12188089164910729, 'PEO': 0.08883220583342577, 'KGH': 0.06543196184983921, 'SPL': 0.06376843739602973, 'CDR': 0.06177220805145838, 'LPP': 0.050903848286569825, 'PGE': 0.04824220916047467, 'CPS': 0.034490407008983044, 'MBK': 0.02872352223577687, 'ALR': 0.025729178218919825, 'CCC': 0.024509260286126214, 'DNP': 0.022513030941554844, 'OPL': 0.017744260840634362, 'JSW': 0.016635244538094715, 'TPE': 0.012199179327936125}"
88,2019-05-03,103163.1060747175,-4.3655745685100555e-11,"{'PKO': 0.16635244538094715, 'PKN': 0.15027170899412226, 'PZU': 0.12188089164910729, 'PEO': 0.08883220583342577, 'KGH': 0.06543196184983921, 'SPL': 0.06376843739602973, 'CDR': 0.06177220805145838, 'LPP': 0.050903848286569825, 'PGE': 0.04824220916047467, 'CPS': 0.034490407008983044, 'MBK': 0.02872352223577687, 'ALR': 0.025729178218919825, 'CCC': 0.024509260286126214, 'DNP': 0.022513030941554844, 'OPL': 0.017744260840634362, 'JSW': 0.016635244538094715, 'TPE': 0.012199179327936125}"
89,2019-05-06,101978.42805622397,-4.3655745685100555e-11,"{'PKO': 0.16635244538094715, 'PKN': 0.15027170899412226, 'PZU': 0.12188089164910729, 'PEO': 0.08883220583342577, 'KGH': 0.06543196184983921, 'SPL': 0.06376843739602973, 'CDR': 0.06177220805145838, 'LPP': 0.050903848286569825, 'PGE': 0.04824220916047467, 'CPS': 0.034490407008983044, 'MBK': 0.02872352223577687, 'ALR': 0.025729178218919825, 'CCC': 0.024509260286126214, 'DNP': 0.022513030941554844, 'OPL': 0.017744260840634362, 'JSW': 0.016635244538094715, 'TPE': 0.012199179327936125}"
90,2019-05-07,99401.074255765,-1.4551915228366852e-11,"{'PKO': 0.16635244538094715, 'PKN': 0.15027170899412226, 'PZU': 0.12188089164910729, 'PEO': 0.08883220583342577, 'KGH': 0.06543196184983921, 'SPL': 0.06376843739602973, 'CDR': 0.06177220805145838, 'LPP': 0.050903848286569825, 'PGE': 0.04824220916047467, 'CPS': 0.034490407008983044, 'MBK': 0.02872352223577687, 'ALR': 0.025729178218919825, 'CCC': 0.024509260286126214, 'DNP': 0.022513030941554844, 'OPL': 0.017744260840634362, 'JSW': 0.016635244538094715, 'TPE': 0.012199179327936125}"
91,2019-05-08,98652.29996802079,-1.4551915228366852e-11,"{'PKO': 0.16635244538094715, 'PKN': 0.15027170899412226, 'PZU': 0.12188089164910729, 'PEO': 0.08883220583342577, 'KGH': 0.06543196184983921, 'SPL': 0.06376843739602973, 'CDR': 0.06177220805145838, 'LPP': 0.050903848286569825, 'PGE': 0.04824220916047467, 'CPS': 0.034490407008983044, 'MBK': 0.02872352223577687, 'ALR': 0.025729178218919825, 'CCC': 0.024509260286126214, 'DNP': 0.022513030941554844, 'OPL': 0.017744260840634362, 'JSW': 0.016635244538094715, 'TPE': 0.012199179327936125}"
92,2019-05-09,96784.6548021105,-4.3655745685100555e-11,"{'PKO': 0.16635244538094715, 'PKN': 0.15027170899412226, 'PZU': 0.12188089164910729, 'PEO': 0.08883220583342577, 'KGH': 0.06543196184983921, 'SPL': 0.06376843739602973, 'CDR': 0.06177220805145838, 'LPP': 0.050903848286569825, 'PGE': 0.04824220916047467, 'CPS': 0.034490407008983044, 'MBK': 0.02872352223577687, 'ALR': 0.025729178218919825, 'CCC': 0.024509260286126214, 'DNP': 0.022513030941554844, 'OPL': 0.017744260840634362, 'JSW': 0.016635244538094715, 'TPE': 0.012199179327936125}"
93,2019-05-10,97315.40190381443,0.0,"{'PKO': 0.16635244538094715, 'PKN': 0.15027170899412226, 'PZU': 0.12188089164910729, 'PEO': 0.08883220583342577, 'KGH': 0.06543196184983921, 'SPL': 0.06376843739602973, 'CDR': 0.06177220805145838, 'LPP': 0.050903848286569825, 'PGE': 0.04824220916047467, 'CPS': 0.034490407008983044, 'MBK': 0.02872352223577687, 'ALR': 0.025729178218919825, 'CCC': 0.024509260286126214, 'DNP': 0.022513030941554844, 'OPL': 0.017744260840634362, 'JSW': 0.016635244538094715, 'TPE': 0.012199179327936125}"
94,2019-05-13,96598.39687871709,-4.3655745685100555e-11,"{'PKO': 0.16635244538094715, 'PKN': 0.15027170899412226, 'PZU': 0.12188089164910729, 'PEO': 0.08883220583342577, 'KGH': 0.06543196184983921, 'SPL': 0.06376843739602973, 'CDR': 0.06177220805145838, 'LPP': 0.050903848286569825, 'PGE': 0.04824220916047467, 'CPS': 0.034490407008983044, 'MBK': 0.02872352223577687, 'ALR': 0.025729178218919825, 'CCC': 0.024509260286126214, 'DNP': 0.022513030941554844, 'OPL': 0.017744260840634362, 'JSW': 0.016635244538094715, 'TPE': 0.012199179327936125}"
95,2019-05-14,96196.14452423989,-4.3655745685100555e-11,"{'PKO': 0.16635244538094715, 'PKN': 0.15027170899412226, 'PZU': 0.12188089164910729, 'PEO': 0.08883220583342577, 'KGH': 0.06543196184983921, 'SPL': 0.06376843739602973, 'CDR': 0.06177220805145838, 'LPP': 0.050903848286569825, 'PGE': 0.04824220916047467, 'CPS': 0.034490407008983044, 'MBK': 0.02872352223577687, 'ALR': 0.025729178218919825, 'CCC': 0.024509260286126214, 'DNP': 0.022513030941554844, 'OPL': 0.017744260840634362, 'JSW': 0.016635244538094715, 'TPE': 0.012199179327936125}"
96,2019-05-15,96126.72957193569,-4.3655745685100555e-11,"{'PKO': 0.16635244538094715, 'PKN': 0.15027170899412226, 'PZU': 0.12188089164910729, 'PEO': 0.08883220583342577, 'KGH': 0.06543196184983921, 'SPL': 0.06376843739602973, 'CDR': 0.06177220805145838, 'LPP': 0.050903848286569825, 'PGE': 0.04824220916047467, 'CPS': 0.034490407008983044, 'MBK': 0.02872352223577687, 'ALR': 0.025729178218919825, 'CCC': 0.024509260286126214, 'DNP': 0.022513030941554844, 'OPL': 0.017744260840634362, 'JSW': 0.016635244538094715, 'TPE': 0.012199179327936125}"
97,2019-05-16,97029.3119710409,-4.3655745685100555e-11,"{'PKO': 0.16635244538094715, 'PKN': 0.15027170899412226, 'PZU': 0.12188089164910729, 'PEO': 0.08883220583342577, 'KGH': 0.06543196184983921, 'SPL': 0.06376843739602973, 'CDR': 0.06177220805145838, 'LPP': 0.050903848286569825, 'PGE': 0.04824220916047467, 'CPS': 0.034490407008983044, 'MBK': 0.02872352223577687, 'ALR': 0.025729178218919825, 'CCC': 0.024509260286126214, 'DNP': 0.022513030941554844, 'OPL': 0.017744260840634362, 'JSW': 0.016635244538094715, 'TPE': 0.012199179327936125}"
98,2019-05-17,96851.65635128037,-2.9103830456733704e-11,"{'PKO': 0.16635244538094715, 'PKN': 0.15027170899412226, 'PZU': 0.12188089164910729, 'PEO': 0.08883220583342577, 'KGH': 0.06543196184983921, 'SPL': 0.06376843739602973, 'CDR': 0.06177220805145838, 'LPP': 0.050903848286569825, 'PGE': 0.04824220916047467, 'CPS': 0.034490407008983044, 'MBK': 0.02872352223577687, 'ALR': 0.025729178218919825, 'CCC': 0.024509260286126214, 'DNP': 0.022513030941554844, 'OPL': 0.017744260840634362, 'JSW': 0.016635244538094715, 'TPE': 0.012199179327936125}"
99,2019-05-20,96470.45769806032,0.0,"{'PKO': 0.16635244538094715, 'PKN': 0.15027170899412226, 'PZU': 0.12188089164910729, 'PEO': 0.08883220583342577, 'KGH': 0.06543196184983921, 'SPL': 0.06376843739602973, 'CDR': 0.06177220805145838, 'LPP': 0.050903848286569825, 'PGE': 0.04824220916047467, 'CPS': 0.034490407008983044, 'MBK': 0.02872352223577687, 'ALR': 0.025729178218919825, 'CCC': 0.024509260286126214, 'DNP': 0.022513030941554844, 'OPL': 0.017744260840634362, 'JSW': 0.016635244538094715, 'TPE': 0.012199179327936125}"
100,2019-05-21,97073.21802076363,-1.4551915228366852e-11,"{'PKO': 0.16635244538094715, 'PKN': 0.15027170899412226, 'PZU': 0.12188089164910729, 'PEO': 0.08883220583342577, 'KGH': 0.06543196184983921, 'SPL': 0.06376843739602973, 'CDR': 0.06177220805145838, 'LPP': 0.050903848286569825, 'PGE': 0.04824220916047467, 'CPS': 0.034490407008983044, 'MBK': 0.02872352223577687, 'ALR': 0.025729178218919825, 'CCC': 0.024509260286126214, 'DNP': 0.022513030941554844, 'OPL': 0.017744260840634362, 'JSW': 0.016635244538094715, 'TPE': 0.012199179327936125}"
101,2019-05-22,98095.15826052408,-2.9103830456733704e-11,"{'PKO': 0.16635244538094715, 'PKN': 0.15027170899412226, 'PZU': 0.12188089164910729, 'PEO': 0.08883220583342577, 'KGH': 0.06543196184983921, 'SPL': 0.06376843739602973, 'CDR': 0.06177220805145838, 'LPP': 0.050903848286569825, 'PGE': 0.04824220916047467, 'CPS': 0.034490407008983044, 'MBK': 0.02872352223577687, 'ALR': 0.025729178218919825, 'CCC': 0.024509260286126214, 'DNP': 0.022513030941554844, 'OPL': 0.017744260840634362, 'JSW': 0.016635244538094715, 'TPE': 0.012199179327936125}"
102,2019-05-23,96382.85263858263,-4.3655745685100555e-11,"{'PKO': 0.16635244538094715, 'PKN': 0.15027170899412226, 'PZU': 0.12188089164910729, 'PEO': 0.08883220583342577, 'KGH': 0.06543196184983921, 'SPL': 0.06376843739602973, 'CDR': 0.06177220805145838, 'LPP': 0.050903848286569825, 'PGE': 0.04824220916047467, 'CPS': 0.034490407008983044, 'MBK': 0.02872352223577687, 'ALR': 0.025729178218919825, 'CCC': 0.024509260286126214, 'DNP': 0.022513030941554844, 'OPL': 0.017744260840634362, 'JSW': 0.016635244538094715, 'TPE': 0.012199179327936125}"
103,2019-05-24,97037.85456336485,-1.4551915228366852e-11,"{'PKO': 0.16635244538094715, 'PKN': 0.15027170899412226, 'PZU': 0.12188089164910729, 'PEO': 0.08883220583342577, 'KGH': 0.06543196184983921, 'SPL': 0.06376843739602973, 'CDR': 0.06177220805145838, 'LPP': 0.050903848286569825, 'PGE': 0.04824220916047467, 'CPS': 0.034490407008983044, 'MBK': 0.02872352223577687, 'ALR': 0.025729178218919825, 'CCC': 0.024509260286126214, 'DNP': 0.022513030941554844, 'OPL': 0.017744260840634362, 'JSW': 0.016635244538094715, 'TPE': 0.012199179327936125}"
104,2019-05-27,97106.91363475376,-4.3655745685100555e-11,"{'PKO': 0.16635244538094715, 'PKN': 0.15027170899412226, 'PZU': 0.12188089164910729, 'PEO': 0.08883220583342577, 'KGH': 0.06543196184983921, 'SPL': 0.06376843739602973, 'CDR': 0.06177220805145838, 'LPP': 0.050903848286569825, 'PGE': 0.04824220916047467, 'CPS': 0.034490407008983044, 'MBK': 0.02872352223577687, 'ALR': 0.025729178218919825, 'CCC': 0.024509260286126214, 'DNP': 0.022513030941554844, 'OPL': 0.017744260840634362, 'JSW': 0.016635244538094715, 'TPE': 0.012199179327936125}"
105,2019-05-28,96960.73504353556,-4.3655745685100555e-11,"{'PKO': 0.16635244538094715, 'PKN': 0.15027170899412226, 'PZU': 0.12188089164910729, 'PEO': 0.08883220583342577, 'KGH': 0.06543196184983921, 'SPL': 0.06376843739602973, 'CDR': 0.06177220805145838, 'LPP': 0.050903848286569825, 'PGE': 0.04824220916047467, 'CPS': 0.034490407008983044, 'MBK': 0.02872352223577687, 'ALR': 0.025729178218919825, 'CCC': 0.024509260286126214, 'DNP': 0.022513030941554844, 'OPL': 0.017744260840634362, 'JSW': 0.016635244538094715, 'TPE': 0.012199179327936125}"
106,2019-05-29,97264.00953948098,-2.9103830456733704e-11,"{'PKO': 0.16635244538094715, 'PKN': 0.15027170899412226, 'PZU': 0.12188089164910729, 'PEO': 0.08883220583342577, 'KGH': 0.06543196184983921, 'SPL': 0.06376843739602973, 'CDR': 0.06177220805145838, 'LPP': 0.050903848286569825, 'PGE': 0.04824220916047467, 'CPS': 0.034490407008983044, 'MBK': 0.02872352223577687, 'ALR': 0.025729178218919825, 'CCC': 0.024509260286126214, 'DNP': 0.022513030941554844, 'OPL': 0.017744260840634362, 'JSW': 0.016635244538094715, 'TPE': 0.012199179327936125}"
107,2019-05-30,98957.09767892509,0.0,"{'PKO': 0.16635244538094715, 'PKN': 0.15027170899412226, 'PZU': 0.12188089164910729, 'PEO': 0.08883220583342577, 'KGH': 0.06543196184983921, 'SPL': 0.06376843739602973, 'CDR': 0.06177220805145838, 'LPP': 0.050903848286569825, 'PGE': 0.04824220916047467, 'CPS': 0.034490407008983044, 'MBK': 0.02872352223577687, 'ALR': 0.025729178218919825, 'CCC': 0.024509260286126214, 'DNP': 0.022513030941554844, 'OPL': 0.017744260840634362, 'JSW': 0.016635244538094715, 'TPE': 0.012199179327936125}"
108,2019-05-31,99739.78128201143,-2.9103830456733704e-11,"{'PKO': 0.16635244538094715, 'PKN': 0.15027170899412226, 'PZU': 0.12188089164910729, 'PEO': 0.08883220583342577, 'KGH': 0.06543196184983921, 'SPL': 0.06376843739602973, 'CDR': 0.06177220805145838, 'LPP': 0.050903848286569825, 'PGE': 0.04824220916047467, 'CPS': 0.034490407008983044, 'MBK': 0.02872352223577687, 'ALR': 0.025729178218919825, 'CCC': 0.024509260286126214, 'DNP': 0.022513030941554844, 'OPL': 0.017744260840634362, 'JSW': 0.016635244538094715, 'TPE': 0.012199179327936125}"
109,2019-06-03,99769.10286134676,-4.3655745685100555e-11,"{'PKO': 0.16635244538094715, 'PKN': 0.15027170899412226, 'PZU': 0.12188089164910729, 'PEO': 0.08883220583342577, 'KGH': 0.06543196184983921, 'SPL': 0.06376843739602973, 'CDR': 0.06177220805145838, 'LPP': 0.050903848286569825, 'PGE': 0.04824220916047467, 'CPS': 0.034490407008983044, 'MBK': 0.02872352223577687, 'ALR': 0.025729178218919825, 'CCC': 0.024509260286126214, 'DNP': 0.022513030941554844, 'OPL': 0.017744260840634362, 'JSW': 0.016635244538094715, 'TPE': 0.012199179327936125}"
110,2019-06-04,99535.39150944828,-4.3655745685100555e-11,"{'PKO': 0.16635244538094715, 'PKN': 0.15027170899412226, 'PZU': 0.12188089164910729, 'PEO': 0.08883220583342577, 'KGH': 0.06543196184983921, 'SPL': 0.06376843739602973, 'CDR': 0.06177220805145838, 'LPP': 0.050903848286569825, 'PGE': 0.04824220916047467, 'CPS': 0.034490407008983044, 'MBK': 0.02872352223577687, 'ALR': 0.025729178218919825, 'CCC': 0.024509260286126214, 'DNP': 0.022513030941554844, 'OPL': 0.017744260840634362, 'JSW': 0.016635244538094715, 'TPE': 0.012199179327936125}"
111,2019-06-05,99110.0917767073,0.0,"{'PKO': 0.16635244538094715, 'PKN': 0.15027170899412226, 'PZU': 0.12188089164910729, 'PEO': 0.08883220583342577, 'KGH': 0.06543196184983921, 'SPL': 0.06376843739602973, 'CDR': 0.06177220805145838, 'LPP': 0.050903848286569825, 'PGE': 0.04824220916047467, 'CPS': 0.034490407008983044, 'MBK': 0.02872352223577687, 'ALR': 0.025729178218919825, 'CCC': 0.024509260286126214, 'DNP': 0.022513030941554844, 'OPL': 0.017744260840634362, 'JSW': 0.016635244538094715, 'TPE': 0.012199179327936125}"
112,2019-06-06,100805.8339272455,-2.9103830456733704e-11,"{'PKO': 0.16635244538094715, 'PKN': 0.15027170899412226, 'PZU': 0.12188089164910729, 'PEO': 0.08883220583342577, 'KGH': 0.06543196184983921, 'SPL': 0.06376843739602973, 'CDR': 0.06177220805145838, 'LPP': 0.050903848286569825, 'PGE': 0.04824220916047467, 'CPS': 0.034490407008983044, 'MBK': 0.02872352223577687, 'ALR': 0.025729178218919825, 'CCC': 0.024509260286126214, 'DNP': 0.022513030941554844, 'OPL': 0.017744260840634362, 'JSW': 0.016635244538094715, 'TPE': 0.012199179327936125}"
113,2019-06-07,101440.54386168419,-1.4551915228366852e-11,"{'PKO': 0.16635244538094715, 'PKN': 0.15027170899412226, 'PZU': 0.12188089164910729, 'PEO': 0.08883220583342577, 'KGH': 0.06543196184983921, 'SPL': 0.06376843739602973, 'CDR': 0.06177220805145838, 'LPP': 0.050903848286569825, 'PGE': 0.04824220916047467, 'CPS': 0.034490407008983044, 'MBK': 0.02872352223577687, 'ALR': 0.025729178218919825, 'CCC': 0.024509260286126214, 'DNP': 0.022513030941554844, 'OPL': 0.017744260840634362, 'JSW': 0.016635244538094715, 'TPE': 0.012199179327936125}"
114,2019-06-10,101475.18974762535,-2.9103830456733704e-11,"{'PKO': 0.16635244538094715, 'PKN': 0.15027170899412226, 'PZU': 0.12188089164910729, 'PEO': 0.08883220583342577, 'KGH': 0.06543196184983921, 'SPL': 0.06376843739602973, 'CDR': 0.06177220805145838, 'LPP': 0.050903848286569825, 'PGE': 0.04824220916047467, 'CPS': 0.034490407008983044, 'MBK': 0.02872352223577687, 'ALR': 0.025729178218919825, 'CCC': 0.024509260286126214, 'DNP': 0.022513030941554844, 'OPL': 0.017744260840634362, 'JSW': 0.016635244538094715, 'TPE': 0.012199179327936125}"
115,2019-06-11,102156.82762619208,-4.3655745685100555e-11,"{'PKO': 0.16635244538094715, 'PKN': 0.15027170899412226, 'PZU': 0.12188089164910729, 'PEO': 0.08883220583342577, 'KGH': 0.06543196184983921, 'SPL': 0.06376843739602973, 'CDR': 0.06177220805145838, 'LPP': 0.050903848286569825, 'PGE': 0.04824220916047467, 'CPS': 0.034490407008983044, 'MBK': 0.02872352223577687, 'ALR': 0.025729178218919825, 'CCC': 0.024509260286126214, 'DNP': 0.022513030941554844, 'OPL': 0.017744260840634362, 'JSW': 0.016635244538094715, 'TPE': 0.012199179327936125}"
116,2019-06-12,101544.98128404144,-1.4551915228366852e-11,"{'PKO': 0.16635244538094715, 'PKN': 0.15027170899412226, 'PZU': 0.12188089164910729, 'PEO': 0.08883220583342577, 'KGH': 0.06543196184983921, 'SPL': 0.06376843739602973, 'CDR': 0.06177220805145838, 'LPP': 0.050903848286569825, 'PGE': 0.04824220916047467, 'CPS': 0.034490407008983044, 'MBK': 0.02872352223577687, 'ALR': 0.025729178218919825, 'CCC': 0.024509260286126214, 'DNP': 0.022513030941554844, 'OPL': 0.017744260840634362, 'JSW': 0.016635244538094715, 'TPE': 0.012199179327936125}"
117,2019-06-13,102336.63044670165,-4.3655745685100555e-11,"{'PKO': 0.16635244538094715, 'PKN': 0.15027170899412226, 'PZU': 0.12188089164910729, 'PEO': 0.08883220583342577, 'KGH': 0.06543196184983921, 'SPL': 0.06376843739602973, 'CDR': 0.06177220805145838, 'LPP': 0.050903848286569825, 'PGE': 0.04824220916047467, 'CPS': 0.034490407008983044, 'MBK': 0.02872352223577687, 'ALR': 0.025729178218919825, 'CCC': 0.024509260286126214, 'DNP': 0.022513030941554844, 'OPL': 0.017744260840634362, 'JSW': 0.016635244538094715, 'TPE': 0.012199179327936125}"
118,2019-06-14,101798.27030196573,-1.4551915228366852e-11,"{'PKO': 0.16635244538094715, 'PKN': 0.15027170899412226, 'PZU': 0.12188089164910729, 'PEO': 0.08883220583342577, 'KGH': 0.06543196184983921, 'SPL': 0.06376843739602973, 'CDR': 0.06177220805145838, 'LPP': 0.050903848286569825, 'PGE': 0.04824220916047467, 'CPS': 0.034490407008983044, 'MBK': 0.02872352223577687, 'ALR': 0.025729178218919825, 'CCC': 0.024509260286126214, 'DNP': 0.022513030941554844, 'OPL': 0.017744260840634362, 'JSW': 0.016635244538094715, 'TPE': 0.012199179327936125}"
119,2019-06-17,101376.71375105383,-1.4551915228366852e-11,"{'PKO': 0.16635244538094715, 'PKN': 0.15027170899412226, 'PZU': 0.12188089164910729, 'PEO': 0.08883220583342577, 'KGH': 0.06543196184983921, 'SPL': 0.06376843739602973, 'CDR': 0.06177220805145838, 'LPP': 0.050903848286569825, 'PGE': 0.04824220916047467, 'CPS': 0.034490407008983044, 'MBK': 0.02872352223577687, 'ALR': 0.025729178218919825, 'CCC': 0.024509260286126214, 'DNP': 0.022513030941554844, 'OPL': 0.017744260840634362, 'JSW': 0.016635244538094715, 'TPE': 0.012199179327936125}"
120,2019-06-18,103474.9389738484,-2.9103830456733704e-11,"{'PKO': 0.16635244538094715, 'PKN': 0.15027170899412226, 'PZU': 0.12188089164910729, 'PEO': 0.08883220583342577, 'KGH': 0.06543196184983921, 'SPL': 0.06376843739602973, 'CDR': 0.06177220805145838, 'LPP': 0.050903848286569825, 'PGE': 0.04824220916047467, 'CPS': 0.034490407008983044, 'MBK': 0.02872352223577687, 'ALR': 0.025729178218919825, 'CCC': 0.024509260286126214, 'DNP': 0.022513030941554844, 'OPL': 0.017744260840634362, 'JSW': 0.016635244538094715, 'TPE': 0.012199179327936125}"
121,2019-06-19,103295.86120282783,-5.820766091346741e-11,"{'PKO': 0.16635244538094715, 'PKN': 0.15027170899412226, 'PZU': 0.12188089164910729, 'PEO': 0.08883220583342577, 'KGH': 0.06543196184983921, 'SPL': 0.06376843739602973, 'CDR': 0.06177220805145838, 'LPP': 0.050903848286569825, 'PGE': 0.04824220916047467, 'CPS': 0.034490407008983044, 'MBK': 0.02872352223577687, 'ALR': 0.025729178218919825, 'CCC': 0.024509260286126214, 'DNP': 0.022513030941554844, 'OPL': 0.017744260840634362, 'JSW': 0.016635244538094715, 'TPE': 0.012199179327936125}"
122,2019-06-20,103295.86120282783,-4.3655745685100555e-11,"{'PKO': 0.16635244538094715, 'PKN': 0.15027170899412226, 'PZU': 0.12188089164910729, 'PEO': 0.08883220583342577, 'KGH': 0.06543196184983921, 'SPL': 0.06376843739602973, 'CDR': 0.06177220805145838, 'LPP': 0.050903848286569825, 'PGE': 0.04824220916047467, 'CPS': 0.034490407008983044, 'MBK': 0.02872352223577687, 'ALR': 0.025729178218919825, 'CCC': 0.024509260286126214, 'DNP': 0.022513030941554844, 'OPL': 0.017744260840634362, 'JSW': 0.016635244538094715, 'TPE': 0.012199179327936125}"
123,2019-06-21,102658.74021714204,-1.4551915228366852e-11,"{'PKO': 0.16476274165202107, 'PKN': 0.1389499121265378, 'PZU': 0.12137521968365554, 'PEO': 0.08864235500878734, 'CDR': 0.07842706502636203, 'KGH': 0.06854130052724076, 'SPL': 0.06601493848857644, 'LPP': 0.05030755711775044, 'PGE': 0.03844463971880492, 'CPS': 0.03646748681898066, 'DNP': 0.03229349736379613, 'MBK': 0.027021089630931458, 'ALR': 0.024165202108963092, 'CCC': 0.02383567662565905, 'OPL': 0.01680579964850615, 'JSW': 0.014718804920913884, 'TPE': 0.00922671353251318}"
124,2019-06-24,103694.42168443112,-1.4551915228366852e-11,"{'PKO': 0.16476274165202107, 'PKN': 0.1389499121265378, 'PZU': 0.12137521968365554, 'PEO': 0.08864235500878734, 'CDR': 0.07842706502636203, 'KGH': 0.06854130052724076, 'SPL': 0.06601493848857644, 'LPP': 0.05030755711775044, 'PGE': 0.03844463971880492, 'CPS': 0.03646748681898066, 'DNP': 0.03229349736379613, 'MBK': 0.027021089630931458, 'ALR': 0.024165202108963092, 'CCC': 0.02383567662565905, 'OPL': 0.01680579964850615, 'JSW': 0.014718804920913884, 'TPE': 0.00922671353251318}"
125,2019-06-25,102739.93949119037,2.9103830456733704e-11,"{'PKO': 0.16476274165202107, 'PKN': 0.1389499121265378, 'PZU': 0.12137521968365554, 'PEO': 0.08864235500878734, 'CDR': 0.07842706502636203, 'KGH': 0.06854130052724076, 'SPL': 0.06601493848857644, 'LPP': 0.05030755711775044, 'PGE': 0.03844463971880492, 'CPS': 0.03646748681898066, 'DNP': 0.03229349736379613, 'MBK': 0.027021089630931458, 'ALR': 0.024165202108963092, 'CCC': 0.02383567662565905, 'OPL': 0.01680579964850615, 'JSW': 0.014718804920913884, 'TPE': 0.00922671353251318}"
126,2019-06-26,103464.79479221147,1.4551915228366852e-11,"{'PKO': 0.16476274165202107, 'PKN': 0.1389499121265378, 'PZU': 0.12137521968365554, 'PEO': 0.08864235500878734, 'CDR': 0.07842706502636203, 'KGH': 0.06854130052724076, 'SPL': 0.06601493848857644, 'LPP': 0.05030755711775044, 'PGE': 0.03844463971880492, 'CPS': 0.03646748681898066, 'DNP': 0.03229349736379613, 'MBK': 0.027021089630931458, 'ALR': 0.024165202108963092, 'CCC': 0.02383567662565905, 'OPL': 0.01680579964850615, 'JSW': 0.014718804920913884, 'TPE': 0.00922671353251318}"
127,2019-06-27,104351.15313772768,1.4551915228366852e-11,"{'PKO': 0.16476274165202107, 'PKN': 0.1389499121265378, 'PZU': 0.12137521968365554, 'PEO': 0.08864235500878734, 'CDR': 0.07842706502636203, 'KGH': 0.06854130052724076, 'SPL': 0.06601493848857644, 'LPP': 0.05030755711775044, 'PGE': 0.03844463971880492, 'CPS': 0.03646748681898066, 'DNP': 0.03229349736379613, 'MBK': 0.027021089630931458, 'ALR': 0.024165202108963092, 'CCC': 0.02383567662565905, 'OPL': 0.01680579964850615, 'JSW': 0.014718804920913884, 'TPE': 0.00922671353251318}"
128,2019-06-28,104078.70037125735,2.9103830456733704e-11,"{'PKO': 0.16476274165202107, 'PKN': 0.1389499121265378, 'PZU': 0.12137521968365554, 'PEO': 0.08864235500878734, 'CDR': 0.07842706502636203, 'KGH': 0.06854130052724076, 'SPL': 0.06601493848857644, 'LPP': 0.05030755711775044, 'PGE': 0.03844463971880492, 'CPS': 0.03646748681898066, 'DNP': 0.03229349736379613, 'MBK': 0.027021089630931458, 'ALR': 0.024165202108963092, 'CCC': 0.02383567662565905, 'OPL': 0.01680579964850615, 'JSW': 0.014718804920913884, 'TPE': 0.00922671353251318}"
129,2019-07-01,104254.16838670743,0.0,"{'PKO': 0.16476274165202107, 'PKN': 0.1389499121265378, 'PZU': 0.12137521968365554, 'PEO': 0.08864235500878734, 'CDR': 0.07842706502636203, 'KGH': 0.06854130052724076, 'SPL': 0.06601493848857644, 'LPP': 0.05030755711775044, 'PGE': 0.03844463971880492, 'CPS': 0.03646748681898066, 'DNP': 0.03229349736379613, 'MBK': 0.027021089630931458, 'ALR': 0.024165202108963092, 'CCC': 0.02383567662565905, 'OPL': 0.01680579964850615, 'JSW': 0.014718804920913884, 'TPE': 0.00922671353251318}"
130,2019-07-02,104809.96288161259,0.0,"{'PKO': 0.16476274165202107, 'PKN': 0.1389499121265378, 'PZU': 0.12137521968365554, 'PEO': 0.08864235500878734, 'CDR': 0.07842706502636203, 'KGH': 0.06854130052724076, 'SPL': 0.06601493848857644, 'LPP': 0.05030755711775044, 'PGE': 0.03844463971880492, 'CPS': 0.03646748681898066, 'DNP': 0.03229349736379613, 'MBK': 0.027021089630931458, 'ALR': 0.024165202108963092, 'CCC': 0.02383567662565905, 'OPL': 0.01680579964850615, 'JSW': 0.014718804920913884, 'TPE': 0.00922671353251318}"
131,2019-07-03,104975.36706320297,4.3655745685100555e-11,"{'PKO': 0.16476274165202107, 'PKN': 0.1389499121265378, 'PZU': 0.12137521968365554, 'PEO': 0.08864235500878734, 'CDR': 0.07842706502636203, 'KGH': 0.06854130052724076, 'SPL': 0.06601493848857644, 'LPP': 0.05030755711775044, 'PGE': 0.03844463971880492, 'CPS': 0.03646748681898066, 'DNP': 0.03229349736379613, 'MBK': 0.027021089630931458, 'ALR': 0.024165202108963092, 'CCC': 0.02383567662565905, 'OPL': 0.01680579964850615, 'JSW': 0.014718804920913884, 'TPE': 0.00922671353251318}"
132,2019-07-04,105203.10862473078,0.0,"{'PKO': 0.16476274165202107, 'PKN': 0.1389499121265378, 'PZU': 0.12137521968365554, 'PEO': 0.08864235500878734, 'CDR': 0.07842706502636203, 'KGH': 0.06854130052724076, 'SPL': 0.06601493848857644, 'LPP': 0.05030755711775044, 'PGE': 0.03844463971880492, 'CPS': 0.03646748681898066, 'DNP': 0.03229349736379613, 'MBK': 0.027021089630931458, 'ALR': 0.024165202108963092, 'CCC': 0.02383567662565905, 'OPL': 0.01680579964850615, 'JSW': 0.014718804920913884, 'TPE': 0.00922671353251318}"
133,2019-07-05,104473.6024120234,0.0,"{'PKO': 0.16476274165202107, 'PKN': 0.1389499121265378, 'PZU': 0.12137521968365554, 'PEO': 0.08864235500878734, 'CDR': 0.07842706502636203, 'KGH': 0.06854130052724076, 'SPL': 0.06601493848857644, 'LPP': 0.05030755711775044, 'PGE': 0.03844463971880492, 'CPS': 0.03646748681898066, 'DNP': 0.03229349736379613, 'MBK': 0.027021089630931458, 'ALR': 0.024165202108963092, 'CCC': 0.02383567662565905, 'OPL': 0.01680579964850615, 'JSW': 0.014718804920913884, 'TPE': 0.00922671353251318}"
134,2019-07-08,104540.33681189855,-2.9103830456733704e-11,"{'PKO': 0.16476274165202107, 'PKN': 0.1389499121265378, 'PZU': 0.12137521968365554, 'PEO': 0.08864235500878734, 'CDR': 0.07842706502636203, 'KGH': 0.06854130052724076, 'SPL': 0.06601493848857644, 'LPP': 0.05030755711775044, 'PGE': 0.03844463971880492, 'CPS': 0.03646748681898066, 'DNP': 0.03229349736379613, 'MBK': 0.027021089630931458, 'ALR': 0.024165202108963092, 'CCC': 0.02383567662565905, 'OPL': 0.01680579964850615, 'JSW': 0.014718804920913884, 'TPE': 0.00922671353251318}"
135,2019-07-09,103898.88390654071,0.0,"{'PKO': 0.16476274165202107, 'PKN': 0.1389499121265378, 'PZU': 0.12137521968365554, 'PEO': 0.08864235500878734, 'CDR': 0.07842706502636203, 'KGH': 0.06854130052724076, 'SPL': 0.06601493848857644, 'LPP': 0.05030755711775044, 'PGE': 0.03844463971880492, 'CPS': 0.03646748681898066, 'DNP': 0.03229349736379613, 'MBK': 0.027021089630931458, 'ALR': 0.024165202108963092, 'CCC': 0.02383567662565905, 'OPL': 0.01680579964850615, 'JSW': 0.014718804920913884, 'TPE': 0.00922671353251318}"
136,2019-07-10,103928.42342077455,0.0,"{'PKO': 0.16476274165202107, 'PKN': 0.1389499121265378, 'PZU': 0.12137521968365554, 'PEO': 0.08864235500878734, 'CDR': 0.07842706502636203, 'KGH': 0.06854130052724076, 'SPL': 0.06601493848857644, 'LPP': 0.05030755711775044, 'PGE': 0.03844463971880492, 'CPS': 0.03646748681898066, 'DNP': 0.03229349736379613, 'MBK': 0.027021089630931458, 'ALR': 0.024165202108963092, 'CCC': 0.02383567662565905, 'OPL': 0.01680579964850615, 'JSW': 0.014718804920913884, 'TPE': 0.00922671353251318}"
137,2019-07-11,103887.4545290595,2.9103830456733704e-11,"{'PKO': 0.16476274165202107, 'PKN': 0.1389499121265378, 'PZU': 0.12137521968365554, 'PEO': 0.08864235500878734, 'CDR': 0.07842706502636203, 'KGH': 0.06854130052724076, 'SPL': 0.06601493848857644, 'LPP': 0.05030755711775044, 'PGE': 0.03844463971880492, 'CPS': 0.03646748681898066, 'DNP': 0.03229349736379613, 'MBK': 0.027021089630931458, 'ALR': 0.024165202108963092, 'CCC': 0.02383567662565905, 'OPL': 0.01680579964850615, 'JSW': 0.014718804920913884, 'TPE': 0.00922671353251318}"
138,2019-07-12,103620.94855020985,0.0,"{'PKO': 0.16476274165202107, 'PKN': 0.1389499121265378, 'PZU': 0.12137521968365554, 'PEO': 0.08864235500878734, 'CDR': 0.07842706502636203, 'KGH': 0.06854130052724076, 'SPL': 0.06601493848857644, 'LPP': 0.05030755711775044, 'PGE': 0.03844463971880492, 'CPS': 0.03646748681898066, 'DNP': 0.03229349736379613, 'MBK': 0.027021089630931458, 'ALR': 0.024165202108963092, 'CCC': 0.02383567662565905, 'OPL': 0.01680579964850615, 'JSW': 0.014718804920913884, 'TPE': 0.00922671353251318}"
139,2019-07-15,103958.03438882767,1.4551915228366852e-11,"{'PKO': 0.16476274165202107, 'PKN': 0.1389499121265378, 'PZU': 0.12137521968365554, 'PEO': 0.08864235500878734, 'CDR': 0.07842706502636203, 'KGH': 0.06854130052724076, 'SPL': 0.06601493848857644, 'LPP': 0.05030755711775044, 'PGE': 0.03844463971880492, 'CPS': 0.03646748681898066, 'DNP': 0.03229349736379613, 'MBK': 0.027021089630931458, 'ALR': 0.024165202108963092, 'CCC': 0.02383567662565905, 'OPL': 0.01680579964850615, 'JSW': 0.014718804920913884, 'TPE': 0.00922671353251318}"
140,2019-07-16,103954.36925821425,-2.9103830456733704e-11,"{'PKO': 0.16476274165202107, 'PKN': 0.1389499121265378, 'PZU': 0.12137521968365554, 'PEO': 0.08864235500878734, 'CDR': 0.07842706502636203, 'KGH': 0.06854130052724076, 'SPL': 0.06601493848857644, 'LPP': 0.05030755711775044, 'PGE': 0.03844463971880492, 'CPS': 0.03646748681898066, 'DNP': 0.03229349736379613, 'MBK': 0.027021089630931458, 'ALR': 0.024165202108963092, 'CCC': 0.02383567662565905, 'OPL': 0.01680579964850615, 'JSW': 0.014718804920913884, 'TPE': 0.00922671353251318}"
141,2019-07-17,103520.40944572397,0.0,"{'PKO': 0.16476274165202107, 'PKN': 0.1389499121265378, 'PZU': 0.12137521968365554, 'PEO': 0.08864235500878734, 'CDR': 0.07842706502636203, 'KGH': 0.06854130052724076, 'SPL': 0.06601493848857644, 'LPP': 0.05030755711775044, 'PGE': 0.03844463971880492, 'CPS': 0.03646748681898066, 'DNP': 0.03229349736379613, 'MBK': 0.027021089630931458, 'ALR': 0.024165202108963092, 'CCC': 0.02383567662565905, 'OPL': 0.01680579964850615, 'JSW': 0.014718804920913884, 'TPE': 0.00922671353251318}"
142,2019-07-18,104259.0073755502,-1.4551915228366852e-11,"{'PKO': 0.16476274165202107, 'PKN': 0.1389499121265378, 'PZU': 0.12137521968365554, 'PEO': 0.08864235500878734, 'CDR': 0.07842706502636203, 'KGH': 0.06854130052724076, 'SPL': 0.06601493848857644, 'LPP': 0.05030755711775044, 'PGE': 0.03844463971880492, 'CPS': 0.03646748681898066, 'DNP': 0.03229349736379613, 'MBK': 0.027021089630931458, 'ALR': 0.024165202108963092, 'CCC': 0.02383567662565905, 'OPL': 0.01680579964850615, 'JSW': 0.014718804920913884, 'TPE': 0.00922671353251318}"
143,2019-07-19,105818.27946288341,0.0,"{'PKO': 0.16476274165202107, 'PKN': 0.1389499121265378, 'PZU': 0.12137521968365554, 'PEO': 0.08864235500878734, 'CDR': 0.07842706502636203, 'KGH': 0.06854130052724076, 'SPL': 0.06601493848857644, 'LPP': 0.05030755711775044, 'PGE': 0.03844463971880492, 'CPS': 0.03646748681898066, 'DNP': 0.03229349736379613, 'MBK': 0.027021089630931458, 'ALR': 0.024165202108963092, 'CCC': 0.02383567662565905, 'OPL': 0.01680579964850615, 'JSW': 0.014718804920913884, 'TPE': 0.00922671353251318}"
144,2019-07-22,105784.26206628322,1.4551915228366852e-11,"{'PKO': 0.16476274165202107, 'PKN': 0.1389499121265378, 'PZU': 0.12137521968365554, 'PEO': 0.08864235500878734, 'CDR': 0.07842706502636203, 'KGH': 0.06854130052724076, 'SPL': 0.06601493848857644, 'LPP': 0.05030755711775044, 'PGE': 0.03844463971880492, 'CPS': 0.03646748681898066, 'DNP': 0.03229349736379613, 'MBK': 0.027021089630931458, 'ALR': 0.024165202108963092, 'CCC': 0.02383567662565905, 'OPL': 0.01680579964850615, 'JSW': 0.014718804920913884, 'TPE': 0.00922671353251318}"
145,2019-07-23,105445.73986113614,2.9103830456733704e-11,"{'PKO': 0.16476274165202107, 'PKN': 0.1389499121265378, 'PZU': 0.12137521968365554, 'PEO': 0.08864235500878734, 'CDR': 0.07842706502636203, 'KGH': 0.06854130052724076, 'SPL': 0.06601493848857644, 'LPP': 0.05030755711775044, 'PGE': 0.03844463971880492, 'CPS': 0.03646748681898066, 'DNP': 0.03229349736379613, 'MBK': 0.027021089630931458, 'ALR': 0.024165202108963092, 'CCC': 0.02383567662565905, 'OPL': 0.01680579964850615, 'JSW': 0.014718804920913884, 'TPE': 0.00922671353251318}"
146,2019-07-24,105253.4771796784,0.0,"{'PKO': 0.16476274165202107, 'PKN': 0.1389499121265378, 'PZU': 0.12137521968365554, 'PEO': 0.08864235500878734, 'CDR': 0.07842706502636203, 'KGH': 0.06854130052724076, 'SPL': 0.06601493848857644, 'LPP': 0.05030755711775044, 'PGE': 0.03844463971880492, 'CPS': 0.03646748681898066, 'DNP': 0.03229349736379613, 'MBK': 0.027021089630931458, 'ALR': 0.024165202108963092, 'CCC': 0.02383567662565905, 'OPL': 0.01680579964850615, 'JSW': 0.014718804920913884, 'TPE': 0.00922671353251318}"
147,2019-07-25,104196.83414971716,1.4551915228366852e-11,"{'PKO': 0.16476274165202107, 'PKN': 0.1389499121265378, 'PZU': 0.12137521968365554, 'PEO': 0.08864235500878734, 'CDR': 0.07842706502636203, 'KGH': 0.06854130052724076, 'SPL': 0.06601493848857644, 'LPP': 0.05030755711775044, 'PGE': 0.03844463971880492, 'CPS': 0.03646748681898066, 'DNP': 0.03229349736379613, 'MBK': 0.027021089630931458, 'ALR': 0.024165202108963092, 'CCC': 0.02383567662565905, 'OPL': 0.01680579964850615, 'JSW': 0.014718804920913884, 'TPE': 0.00922671353251318}"
148,2019-07-26,103968.95382784728,4.3655745685100555e-11,"{'PKO': 0.16476274165202107, 'PKN': 0.1389499121265378, 'PZU': 0.12137521968365554, 'PEO': 0.08864235500878734, 'CDR': 0.07842706502636203, 'KGH': 0.06854130052724076, 'SPL': 0.06601493848857644, 'LPP': 0.05030755711775044, 'PGE': 0.03844463971880492, 'CPS': 0.03646748681898066, 'DNP': 0.03229349736379613, 'MBK': 0.027021089630931458, 'ALR': 0.024165202108963092, 'CCC': 0.02383567662565905, 'OPL': 0.01680579964850615, 'JSW': 0.014718804920913884, 'TPE': 0.00922671353251318}"
149,2019-07-29,103083.54285093593,0.0,"{'PKO': 0.16476274165202107, 'PKN': 0.1389499121265378, 'PZU': 0.12137521968365554, 'PEO': 0.08864235500878734, 'CDR': 0.07842706502636203, 'KGH': 0.06854130052724076, 'SPL': 0.06601493848857644, 'LPP': 0.05030755711775044, 'PGE': 0.03844463971880492, 'CPS': 0.03646748681898066, 'DNP': 0.03229349736379613, 'MBK': 0.027021089630931458, 'ALR': 0.024165202108963092, 'CCC': 0.02383567662565905, 'OPL': 0.01680579964850615, 'JSW': 0.014718804920913884, 'TPE': 0.00922671353251318}"
150,2019-07-30,102388.10514963239,0.0,"{'PKO': 0.16476274165202107, 'PKN': 0.1389499121265378, 'PZU': 0.12137521968365554, 'PEO': 0.08864235500878734, 'CDR': 0.07842706502636203, 'KGH': 0.06854130052724076, 'SPL': 0.06601493848857644, 'LPP': 0.05030755711775044, 'PGE': 0.03844463971880492, 'CPS': 0.03646748681898066, 'DNP': 0.03229349736379613, 'MBK': 0.027021089630931458, 'ALR': 0.024165202108963092, 'CCC': 0.02383567662565905, 'OPL': 0.01680579964850615, 'JSW': 0.014718804920913884, 'TPE': 0.00922671353251318}"
151,2019-07-31,102896.41212431289,0.0,"{'PKO': 0.16476274165202107, 'PKN': 0.1389499121265378, 'PZU': 0.12137521968365554, 'PEO': 0.08864235500878734, 'CDR': 0.07842706502636203, 'KGH': 0.06854130052724076, 'SPL': 0.06601493848857644, 'LPP': 0.05030755711775044, 'PGE': 0.03844463971880492, 'CPS': 0.03646748681898066, 'DNP': 0.03229349736379613, 'MBK': 0.027021089630931458, 'ALR': 0.024165202108963092, 'CCC': 0.02383567662565905, 'OPL': 0.01680579964850615, 'JSW': 0.014718804920913884, 'TPE': 0.00922671353251318}"
152,2019-08-01,100996.21546304693,1.4551915228366852e-11,"{'PKO': 0.16476274165202107, 'PKN': 0.1389499121265378, 'PZU': 0.12137521968365554, 'PEO': 0.08864235500878734, 'CDR': 0.07842706502636203, 'KGH': 0.06854130052724076, 'SPL': 0.06601493848857644, 'LPP': 0.05030755711775044, 'PGE': 0.03844463971880492, 'CPS': 0.03646748681898066, 'DNP': 0.03229349736379613, 'MBK': 0.027021089630931458, 'ALR': 0.024165202108963092, 'CCC': 0.02383567662565905, 'OPL': 0.01680579964850615, 'JSW': 0.014718804920913884, 'TPE': 0.00922671353251318}"
153,2019-08-02,99938.60498664601,0.0,"{'PKO': 0.16476274165202107, 'PKN': 0.1389499121265378, 'PZU': 0.12137521968365554, 'PEO': 0.08864235500878734, 'CDR': 0.07842706502636203, 'KGH': 0.06854130052724076, 'SPL': 0.06601493848857644, 'LPP': 0.05030755711775044, 'PGE': 0.03844463971880492, 'CPS': 0.03646748681898066, 'DNP': 0.03229349736379613, 'MBK': 0.027021089630931458, 'ALR': 0.024165202108963092, 'CCC': 0.02383567662565905, 'OPL': 0.01680579964850615, 'JSW': 0.014718804920913884, 'TPE': 0.00922671353251318}"
154,2019-08-05,97618.47797582198,-1.4551915228366852e-11,"{'PKO': 0.16476274165202107, 'PKN': 0.1389499121265378, 'PZU': 0.12137521968365554, 'PEO': 0.08864235500878734, 'CDR': 0.07842706502636203, 'KGH': 0.06854130052724076, 'SPL': 0.06601493848857644, 'LPP': 0.05030755711775044, 'PGE': 0.03844463971880492, 'CPS': 0.03646748681898066, 'DNP': 0.03229349736379613, 'MBK': 0.027021089630931458, 'ALR': 0.024165202108963092, 'CCC': 0.02383567662565905, 'OPL': 0.01680579964850615, 'JSW': 0.014718804920913884, 'TPE': 0.00922671353251318}"
155,2019-08-06,97435.040881791,-1.4551915228366852e-11,"{'PKO': 0.16476274165202107, 'PKN': 0.1389499121265378, 'PZU': 0.12137521968365554, 'PEO': 0.08864235500878734, 'CDR': 0.07842706502636203, 'KGH': 0.06854130052724076, 'SPL': 0.06601493848857644, 'LPP': 0.05030755711775044, 'PGE': 0.03844463971880492, 'CPS': 0.03646748681898066, 'DNP': 0.03229349736379613, 'MBK': 0.027021089630931458, 'ALR': 0.024165202108963092, 'CCC': 0.02383567662565905, 'OPL': 0.01680579964850615, 'JSW': 0.014718804920913884, 'TPE': 0.00922671353251318}"
156,2019-08-07,96798.79000964262,1.4551915228366852e-11,"{'PKO': 0.16476274165202107, 'PKN': 0.1389499121265378, 'PZU': 0.12137521968365554, 'PEO': 0.08864235500878734, 'CDR': 0.07842706502636203, 'KGH': 0.06854130052724076, 'SPL': 0.06601493848857644, 'LPP': 0.05030755711775044, 'PGE': 0.03844463971880492, 'CPS': 0.03646748681898066, 'DNP': 0.03229349736379613, 'MBK': 0.027021089630931458, 'ALR': 0.024165202108963092, 'CCC': 0.02383567662565905, 'OPL': 0.01680579964850615, 'JSW': 0.014718804920913884, 'TPE': 0.00922671353251318}"
157,2019-08-08,97718.51175594713,1.4551915228366852e-11,"{'PKO': 0.16476274165202107, 'PKN': 0.1389499121265378, 'PZU': 0.12137521968365554, 'PEO': 0.08864235500878734, 'CDR': 0.07842706502636203, 'KGH': 0.06854130052724076, 'SPL': 0.06601493848857644, 'LPP': 0.05030755711775044, 'PGE': 0.03844463971880492, 'CPS': 0.03646748681898066, 'DNP': 0.03229349736379613, 'MBK': 0.027021089630931458, 'ALR': 0.024165202108963092, 'CCC': 0.02383567662565905, 'OPL': 0.01680579964850615, 'JSW': 0.014718804920913884, 'TPE': 0.00922671353251318}"
158,2019-08-09,96471.07000425635,2.9103830456733704e-11,"{'PKO': 0.16476274165202107, 'PKN': 0.1389499121265378, 'PZU': 0.12137521968365554, 'PEO': 0.08864235500878734, 'CDR': 0.07842706502636203, 'KGH': 0.06854130052724076, 'SPL': 0.06601493848857644, 'LPP': 0.05030755711775044, 'PGE': 0.03844463971880492, 'CPS': 0.03646748681898066, 'DNP': 0.03229349736379613, 'MBK': 0.027021089630931458, 'ALR': 0.024165202108963092, 'CCC': 0.02383567662565905, 'OPL': 0.01680579964850615, 'JSW': 0.014718804920913884, 'TPE': 0.00922671353251318}"
159,2019-08-12,95550.05056659122,1.4551915228366852e-11,"{'PKO': 0.16476274165202107, 'PKN': 0.1389499121265378, 'PZU': 0.12137521968365554, 'PEO': 0.08864235500878734, 'CDR': 0.07842706502636203, 'KGH': 0.06854130052724076, 'SPL': 0.06601493848857644, 'LPP': 0.05030755711775044, 'PGE': 0.03844463971880492, 'CPS': 0.03646748681898066, 'DNP': 0.03229349736379613, 'MBK': 0.027021089630931458, 'ALR': 0.024165202108963092, 'CCC': 0.02383567662565905, 'OPL': 0.01680579964850615, 'JSW': 0.014718804920913884, 'TPE': 0.00922671353251318}"
160,2019-08-13,97715.10617331801,-1.4551915228366852e-11,"{'PKO': 0.16476274165202107, 'PKN': 0.1389499121265378, 'PZU': 0.12137521968365554, 'PEO': 0.08864235500878734, 'CDR': 0.07842706502636203, 'KGH': 0.06854130052724076, 'SPL': 0.06601493848857644, 'LPP': 0.05030755711775044, 'PGE': 0.03844463971880492, 'CPS': 0.03646748681898066, 'DNP': 0.03229349736379613, 'MBK': 0.027021089630931458, 'ALR': 0.024165202108963092, 'CCC': 0.02383567662565905, 'OPL': 0.01680579964850615, 'JSW': 0.014718804920913884, 'TPE': 0.00922671353251318}"
161,2019-08-14,94848.65429302565,1.4551915228366852e-11,"{'PKO': 0.16476274165202107, 'PKN': 0.1389499121265378, 'PZU': 0.12137521968365554, 'PEO': 0.08864235500878734, 'CDR': 0.07842706502636203, 'KGH': 0.06854130052724076, 'SPL': 0.06601493848857644, 'LPP': 0.05030755711775044, 'PGE': 0.03844463971880492, 'CPS': 0.03646748681898066, 'DNP': 0.03229349736379613, 'MBK': 0.027021089630931458, 'ALR': 0.024165202108963092, 'CCC': 0.02383567662565905, 'OPL': 0.01680579964850615, 'JSW': 0.014718804920913884, 'TPE': 0.00922671353251318}"
162,2019-08-15,94848.65429302565,1.4551915228366852e-11,"{'PKO': 0.16476274165202107, 'PKN': 0.1389499121265378, 'PZU': 0.12137521968365554, 'PEO': 0.08864235500878734, 'CDR': 0.07842706502636203, 'KGH': 0.06854130052724076, 'SPL': 0.06601493848857644, 'LPP': 0.05030755711775044, 'PGE': 0.03844463971880492, 'CPS': 0.03646748681898066, 'DNP': 0.03229349736379613, 'MBK': 0.027021089630931458, 'ALR': 0.024165202108963092, 'CCC': 0.02383567662565905, 'OPL': 0.01680579964850615, 'JSW': 0.014718804920913884, 'TPE': 0.00922671353251318}"
163,2019-08-16,94274.5626261212,0.0,"{'PKO': 0.16476274165202107, 'PKN': 0.1389499121265378, 'PZU': 0.12137521968365554, 'PEO': 0.08864235500878734, 'CDR': 0.07842706502636203, 'KGH': 0.06854130052724076, 'SPL': 0.06601493848857644, 'LPP': 0.05030755711775044, 'PGE': 0.03844463971880492, 'CPS': 0.03646748681898066, 'DNP': 0.03229349736379613, 'MBK': 0.027021089630931458, 'ALR': 0.024165202108963092, 'CCC': 0.02383567662565905, 'OPL': 0.01680579964850615, 'JSW': 0.014718804920913884, 'TPE': 0.00922671353251318}"
164,2019-08-19,96002.73051217844,0.0,"{'PKO': 0.16476274165202107, 'PKN': 0.1389499121265378, 'PZU': 0.12137521968365554, 'PEO': 0.08864235500878734, 'CDR': 0.07842706502636203, 'KGH': 0.06854130052724076, 'SPL': 0.06601493848857644, 'LPP': 0.05030755711775044, 'PGE': 0.03844463971880492, 'CPS': 0.03646748681898066, 'DNP': 0.03229349736379613, 'MBK': 0.027021089630931458, 'ALR': 0.024165202108963092, 'CCC': 0.02383567662565905, 'OPL': 0.01680579964850615, 'JSW': 0.014718804920913884, 'TPE': 0.00922671353251318}"
165,2019-08-20,96447.95164101465,1.4551915228366852e-11,"{'PKO': 0.16476274165202107, 'PKN': 0.1389499121265378, 'PZU': 0.12137521968365554, 'PEO': 0.08864235500878734, 'CDR': 0.07842706502636203, 'KGH': 0.06854130052724076, 'SPL': 0.06601493848857644, 'LPP': 0.05030755711775044, 'PGE': 0.03844463971880492, 'CPS': 0.03646748681898066, 'DNP': 0.03229349736379613, 'MBK': 0.027021089630931458, 'ALR': 0.024165202108963092, 'CCC': 0.02383567662565905, 'OPL': 0.01680579964850615, 'JSW': 0.014718804920913884, 'TPE': 0.00922671353251318}"
166,2019-08-21,96195.72574383553,0.0,"{'PKO': 0.16476274165202107, 'PKN': 0.1389499121265378, 'PZU': 0.12137521968365554, 'PEO': 0.08864235500878734, 'CDR': 0.07842706502636203, 'KGH': 0.06854130052724076, 'SPL': 0.06601493848857644, 'LPP': 0.05030755711775044, 'PGE': 0.03844463971880492, 'CPS': 0.03646748681898066, 'DNP': 0.03229349736379613, 'MBK': 0.027021089630931458, 'ALR': 0.024165202108963092, 'CCC': 0.02383567662565905, 'OPL': 0.01680579964850615, 'JSW': 0.014718804920913884, 'TPE': 0.00922671353251318}"
167,2019-08-22,96310.51353348678,1.4551915228366852e-11,"{'PKO': 0.16476274165202107, 'PKN': 0.1389499121265378, 'PZU': 0.12137521968365554, 'PEO': 0.08864235500878734, 'CDR': 0.07842706502636203, 'KGH': 0.06854130052724076, 'SPL': 0.06601493848857644, 'LPP': 0.05030755711775044, 'PGE': 0.03844463971880492, 'CPS': 0.03646748681898066, 'DNP': 0.03229349736379613, 'MBK': 0.027021089630931458, 'ALR': 0.024165202108963092, 'CCC': 0.02383567662565905, 'OPL': 0.01680579964850615, 'JSW': 0.014718804920913884, 'TPE': 0.00922671353251318}"
168,2019-08-23,96173.76239147483,1.4551915228366852e-11,"{'PKO': 0.16476274165202107, 'PKN': 0.1389499121265378, 'PZU': 0.12137521968365554, 'PEO': 0.08864235500878734, 'CDR': 0.07842706502636203, 'KGH': 0.06854130052724076, 'SPL': 0.06601493848857644, 'LPP': 0.05030755711775044, 'PGE': 0.03844463971880492, 'CPS': 0.03646748681898066, 'DNP': 0.03229349736379613, 'MBK': 0.027021089630931458, 'ALR': 0.024165202108963092, 'CCC': 0.02383567662565905, 'OPL': 0.01680579964850615, 'JSW': 0.014718804920913884, 'TPE': 0.00922671353251318}"
169,2019-08-26,95874.45292251995,-1.4551915228366852e-11,"{'PKO': 0.16476274165202107, 'PKN': 0.1389499121265378, 'PZU': 0.12137521968365554, 'PEO': 0.08864235500878734, 'CDR': 0.07842706502636203, 'KGH': 0.06854130052724076, 'SPL': 0.06601493848857644, 'LPP': 0.05030755711775044, 'PGE': 0.03844463971880492, 'CPS': 0.03646748681898066, 'DNP': 0.03229349736379613, 'MBK': 0.027021089630931458, 'ALR': 0.024165202108963092, 'CCC': 0.02383567662565905, 'OPL': 0.01680579964850615, 'JSW': 0.014718804920913884, 'TPE': 0.00922671353251318}"
170,2019-08-27,95582.94866957198,0.0,"{'PKO': 0.16476274165202107, 'PKN': 0.1389499121265378, 'PZU': 0.12137521968365554, 'PEO': 0.08864235500878734, 'CDR': 0.07842706502636203, 'KGH': 0.06854130052724076, 'SPL': 0.06601493848857644, 'LPP': 0.05030755711775044, 'PGE': 0.03844463971880492, 'CPS': 0.03646748681898066, 'DNP': 0.03229349736379613, 'MBK': 0.027021089630931458, 'ALR': 0.024165202108963092, 'CCC': 0.02383567662565905, 'OPL': 0.01680579964850615, 'JSW': 0.014718804920913884, 'TPE': 0.00922671353251318}"
171,2019-08-28,93363.83313828547,1.4551915228366852e-11,"{'PKO': 0.16476274165202107, 'PKN': 0.1389499121265378, 'PZU': 0.12137521968365554, 'PEO': 0.08864235500878734, 'CDR': 0.07842706502636203, 'KGH': 0.06854130052724076, 'SPL': 0.06601493848857644, 'LPP': 0.05030755711775044, 'PGE': 0.03844463971880492, 'CPS': 0.03646748681898066, 'DNP': 0.03229349736379613, 'MBK': 0.027021089630931458, 'ALR': 0.024165202108963092, 'CCC': 0.02383567662565905, 'OPL': 0.01680579964850615, 'JSW': 0.014718804920913884, 'TPE': 0.00922671353251318}"
172,2019-08-29,94203.5350429076,2.9103830456733704e-11,"{'PKO': 0.16476274165202107, 'PKN': 0.1389499121265378, 'PZU': 0.12137521968365554, 'PEO': 0.08864235500878734, 'CDR': 0.07842706502636203, 'KGH': 0.06854130052724076, 'SPL': 0.06601493848857644, 'LPP': 0.05030755711775044, 'PGE': 0.03844463971880492, 'CPS': 0.03646748681898066, 'DNP': 0.03229349736379613, 'MBK': 0.027021089630931458, 'ALR': 0.024165202108963092, 'CCC': 0.02383567662565905, 'OPL': 0.01680579964850615, 'JSW': 0.014718804920913884, 'TPE': 0.00922671353251318}"
173,2019-08-30,97193.5023354181,-2.9103830456733704e-11,"{'PKO': 0.16476274165202107, 'PKN': 0.1389499121265378, 'PZU': 0.12137521968365554, 'PEO': 0.08864235500878734, 'CDR': 0.07842706502636203, 'KGH': 0.06854130052724076, 'SPL': 0.06601493848857644, 'LPP': 0.05030755711775044, 'PGE': 0.03844463971880492, 'CPS': 0.03646748681898066, 'DNP': 0.03229349736379613, 'MBK': 0.027021089630931458, 'ALR': 0.024165202108963092, 'CCC': 0.02383567662565905, 'OPL': 0.01680579964850615, 'JSW': 0.014718804920913884, 'TPE': 0.00922671353251318}"
174,2019-09-02,97544.31019864687,1.4551915228366852e-11,"{'PKO': 0.16476274165202107, 'PKN': 0.1389499121265378, 'PZU': 0.12137521968365554, 'PEO': 0.08864235500878734, 'CDR': 0.07842706502636203, 'KGH': 0.06854130052724076, 'SPL': 0.06601493848857644, 'LPP': 0.05030755711775044, 'PGE': 0.03844463971880492, 'CPS': 0.03646748681898066, 'DNP': 0.03229349736379613, 'MBK': 0.027021089630931458, 'ALR': 0.024165202108963092, 'CCC': 0.02383567662565905, 'OPL': 0.01680579964850615, 'JSW': 0.014718804920913884, 'TPE': 0.00922671353251318}"
175,2019-09-03,95742.9287284493,0.0,"{'PKO': 0.16476274165202107, 'PKN': 0.1389499121265378, 'PZU': 0.12137521968365554, 'PEO': 0.08864235500878734, 'CDR': 0.07842706502636203, 'KGH': 0.06854130052724076, 'SPL': 0.06601493848857644, 'LPP': 0.05030755711775044, 'PGE': 0.03844463971880492, 'CPS': 0.03646748681898066, 'DNP': 0.03229349736379613, 'MBK': 0.027021089630931458, 'ALR': 0.024165202108963092, 'CCC': 0.02383567662565905, 'OPL': 0.01680579964850615, 'JSW': 0.014718804920913884, 'TPE': 0.00922671353251318}"
176,2019-09-04,95821.79030046792,0.0,"{'PKO': 0.16476274165202107, 'PKN': 0.1389499121265378, 'PZU': 0.12137521968365554, 'PEO': 0.08864235500878734, 'CDR': 0.07842706502636203, 'KGH': 0.06854130052724076, 'SPL': 0.06601493848857644, 'LPP': 0.05030755711775044, 'PGE': 0.03844463971880492, 'CPS': 0.03646748681898066, 'DNP': 0.03229349736379613, 'MBK': 0.027021089630931458, 'ALR': 0.024165202108963092, 'CCC': 0.02383567662565905, 'OPL': 0.01680579964850615, 'JSW': 0.014718804920913884, 'TPE': 0.00922671353251318}"
177,2019-09-05,96256.13860514543,0.0,"{'PKO': 0.16476274165202107, 'PKN': 0.1389499121265378, 'PZU': 0.12137521968365554, 'PEO': 0.08864235500878734, 'CDR': 0.07842706502636203, 'KGH': 0.06854130052724076, 'SPL': 0.06601493848857644, 'LPP': 0.05030755711775044, 'PGE': 0.03844463971880492, 'CPS': 0.03646748681898066, 'DNP': 0.03229349736379613, 'MBK': 0.027021089630931458, 'ALR': 0.024165202108963092, 'CCC': 0.02383567662565905, 'OPL': 0.01680579964850615, 'JSW': 0.014718804920913884, 'TPE': 0.00922671353251318}"
178,2019-09-06,97030.83208513875,1.4551915228366852e-11,"{'PKO': 0.16476274165202107, 'PKN': 0.1389499121265378, 'PZU': 0.12137521968365554, 'PEO': 0.08864235500878734, 'CDR': 0.07842706502636203, 'KGH': 0.06854130052724076, 'SPL': 0.06601493848857644, 'LPP': 0.05030755711775044, 'PGE': 0.03844463971880492, 'CPS': 0.03646748681898066, 'DNP': 0.03229349736379613, 'MBK': 0.027021089630931458, 'ALR': 0.024165202108963092, 'CCC': 0.02383567662565905, 'OPL': 0.01680579964850615, 'JSW': 0.014718804920913884, 'TPE': 0.00922671353251318}"
179,2019-09-09,99561.08051170337,1.4551915228366852e-11,"{'PKO': 0.16476274165202107, 'PKN': 0.1389499121265378, 'PZU': 0.12137521968365554, 'PEO': 0.08864235500878734, 'CDR': 0.07842706502636203, 'KGH': 0.06854130052724076, 'SPL': 0.06601493848857644, 'LPP': 0.05030755711775044, 'PGE': 0.03844463971880492, 'CPS': 0.03646748681898066, 'DNP': 0.03229349736379613, 'MBK': 0.027021089630931458, 'ALR': 0.024165202108963092, 'CCC': 0.02383567662565905, 'OPL': 0.01680579964850615, 'JSW': 0.014718804920913884, 'TPE': 0.00922671353251318}"
180,2019-09-10,100048.55814842369,-1.4551915228366852e-11,"{'PKO': 0.16476274165202107, 'PKN': 0.1389499121265378, 'PZU': 0.12137521968365554, 'PEO': 0.08864235500878734, 'CDR': 0.07842706502636203, 'KGH': 0.06854130052724076, 'SPL': 0.06601493848857644, 'LPP': 0.05030755711775044, 'PGE': 0.03844463971880492, 'CPS': 0.03646748681898066, 'DNP': 0.03229349736379613, 'MBK': 0.027021089630931458, 'ALR': 0.024165202108963092, 'CCC': 0.02383567662565905, 'OPL': 0.01680579964850615, 'JSW': 0.014718804920913884, 'TPE': 0.00922671353251318}"
181,2019-09-11,100165.55370531288,1.4551915228366852e-11,"{'PKO': 0.16476274165202107, 'PKN': 0.1389499121265378, 'PZU': 0.12137521968365554, 'PEO': 0.08864235500878734, 'CDR': 0.07842706502636203, 'KGH': 0.06854130052724076, 'SPL': 0.06601493848857644, 'LPP': 0.05030755711775044, 'PGE': 0.03844463971880492, 'CPS': 0.03646748681898066, 'DNP': 0.03229349736379613, 'MBK': 0.027021089630931458, 'ALR': 0.024165202108963092, 'CCC': 0.02383567662565905, 'OPL': 0.01680579964850615, 'JSW': 0.014718804920913884, 'TPE': 0.00922671353251318}"
182,2019-09-12,100337.7627370693,1.4551915228366852e-11,"{'PKO': 0.16476274165202107, 'PKN': 0.1389499121265378, 'PZU': 0.12137521968365554, 'PEO': 0.08864235500878734, 'CDR': 0.07842706502636203, 'KGH': 0.06854130052724076, 'SPL': 0.06601493848857644, 'LPP': 0.05030755711775044, 'PGE': 0.03844463971880492, 'CPS': 0.03646748681898066, 'DNP': 0.03229349736379613, 'MBK': 0.027021089630931458, 'ALR': 0.024165202108963092, 'CCC': 0.02383567662565905, 'OPL': 0.01680579964850615, 'JSW': 0.014718804920913884, 'TPE': 0.00922671353251318}"
183,2019-09-13,100954.61700484669,2.9103830456733704e-11,"{'PKO': 0.16476274165202107, 'PKN': 0.1389499121265378, 'PZU': 0.12137521968365554, 'PEO': 0.08864235500878734, 'CDR': 0.07842706502636203, 'KGH': 0.06854130052724076, 'SPL': 0.06601493848857644, 'LPP': 0.05030755711775044, 'PGE': 0.03844463971880492, 'CPS': 0.03646748681898066, 'DNP': 0.03229349736379613, 'MBK': 0.027021089630931458, 'ALR': 0.024165202108963092, 'CCC': 0.02383567662565905, 'OPL': 0.01680579964850615, 'JSW': 0.014718804920913884, 'TPE': 0.00922671353251318}"
184,2019-09-16,101712.00205057923,2.9103830456733704e-11,"{'PKO': 0.16476274165202107, 'PKN': 0.1389499121265378, 'PZU': 0.12137521968365554, 'PEO': 0.08864235500878734, 'CDR': 0.07842706502636203, 'KGH': 0.06854130052724076, 'SPL': 0.06601493848857644, 'LPP': 0.05030755711775044, 'PGE': 0.03844463971880492, 'CPS': 0.03646748681898066, 'DNP': 0.03229349736379613, 'MBK': 0.027021089630931458, 'ALR': 0.024165202108963092, 'CCC': 0.02383567662565905, 'OPL': 0.01680579964850615, 'JSW': 0.014718804920913884, 'TPE': 0.00922671353251318}"
185,2019-09-17,100438.72957434706,-2.9103830456733704e-11,"{'PKO': 0.16476274165202107, 'PKN': 0.1389499121265378, 'PZU': 0.12137521968365554, 'PEO': 0.08864235500878734, 'CDR': 0.07842706502636203, 'KGH': 0.06854130052724076, 'SPL': 0.06601493848857644, 'LPP': 0.05030755711775044, 'PGE': 0.03844463971880492, 'CPS': 0.03646748681898066, 'DNP': 0.03229349736379613, 'MBK': 0.027021089630931458, 'ALR': 0.024165202108963092, 'CCC': 0.02383567662565905, 'OPL': 0.01680579964850615, 'JSW': 0.014718804920913884, 'TPE': 0.00922671353251318}"
186,2019-09-18,100989.72669844309,2.9103830456733704e-11,"{'PKO': 0.16476274165202107, 'PKN': 0.1389499121265378, 'PZU': 0.12137521968365554, 'PEO': 0.08864235500878734, 'CDR': 0.07842706502636203, 'KGH': 0.06854130052724076, 'SPL': 0.06601493848857644, 'LPP': 0.05030755711775044, 'PGE': 0.03844463971880492, 'CPS': 0.03646748681898066, 'DNP': 0.03229349736379613, 'MBK': 0.027021089630931458, 'ALR': 0.024165202108963092, 'CCC': 0.02383567662565905, 'OPL': 0.01680579964850615, 'JSW': 0.014718804920913884, 'TPE': 0.00922671353251318}"
187,2019-09-19,100210.1435662375,1.4551915228366852e-11,"{'PKO': 0.16476274165202107, 'PKN': 0.1389499121265378, 'PZU': 0.12137521968365554, 'PEO': 0.08864235500878734, 'CDR': 0.07842706502636203, 'KGH': 0.06854130052724076, 'SPL': 0.06601493848857644, 'LPP': 0.05030755711775044, 'PGE': 0.03844463971880492, 'CPS': 0.03646748681898066, 'DNP': 0.03229349736379613, 'MBK': 0.027021089630931458, 'ALR': 0.024165202108963092, 'CCC': 0.02383567662565905, 'OPL': 0.01680579964850615, 'JSW': 0.014718804920913884, 'TPE': 0.00922671353251318}"
188,2019-09-20,99394.21864384665,-1.4551915228366852e-11,"{'PKO': 0.1646247707600067, 'PKN': 0.14636020119341983, 'PZU': 0.12008279528470756, 'CDR': 0.09125151043227173, 'PEO': 0.08791401757973052, 'KGH': 0.058154249020208236, 'SPL': 0.05742112004109034, 'LPP': 0.05285113640479255, 'CPS': 0.042839755345640676, 'DNP': 0.03974371215688082, 'PGE': 0.0335911357243435, 'MBK': 0.02382778931980337, 'OPL': 0.02180070964251182, 'ALR': 0.020883200920142717, 'CCC': 0.020579193843472572, 'JSW': 0.009451656838567852, 'TPE': 0.008623045492409151}"
189,2019-09-23,98182.83463790028,1.4551915228366852e-11,"{'PKO': 0.1646247707600067, 'PKN': 0.14636020119341983, 'PZU': 0.12008279528470756, 'CDR': 0.09125151043227173, 'PEO': 0.08791401757973052, 'KGH': 0.058154249020208236, 'SPL': 0.05742112004109034, 'LPP': 0.05285113640479255, 'CPS': 0.042839755345640676, 'DNP': 0.03974371215688082, 'PGE': 0.0335911357243435, 'MBK': 0.02382778931980337, 'OPL': 0.02180070964251182, 'ALR': 0.020883200920142717, 'CCC': 0.020579193843472572, 'JSW': 0.009451656838567852, 'TPE': 0.008623045492409151}"
190,2019-09-24,99498.98062649021,0.0,"{'PKO': 0.1646247707600067, 'PKN': 0.14636020119341983, 'PZU': 0.12008279528470756, 'CDR': 0.09125151043227173, 'PEO': 0.08791401757973052, 'KGH': 0.058154249020208236, 'SPL': 0.05742112004109034, 'LPP': 0.05285113640479255, 'CPS': 0.042839755345640676, 'DNP': 0.03974371215688082, 'PGE': 0.0335911357243435, 'MBK': 0.02382778931980337, 'OPL': 0.02180070964251182, 'ALR': 0.020883200920142717, 'CCC': 0.020579193843472572, 'JSW': 0.009451656838567852, 'TPE': 0.008623045492409151}"
191,2019-09-25,98861.59385111963,-1.4551915228366852e-11,"{'PKO': 0.1646247707600067, 'PKN': 0.14636020119341983, 'PZU': 0.12008279528470756, 'CDR': 0.09125151043227173, 'PEO': 0.08791401757973052, 'KGH': 0.058154249020208236, 'SPL': 0.05742112004109034, 'LPP': 0.05285113640479255, 'CPS': 0.042839755345640676, 'DNP': 0.03974371215688082, 'PGE': 0.0335911357243435, 'MBK': 0.02382778931980337, 'OPL': 0.02180070964251182, 'ALR': 0.020883200920142717, 'CCC': 0.020579193843472572, 'JSW': 0.009451656838567852, 'TPE': 0.008623045492409151}"
192,2019-09-26,99516.73137660537,2.9103830456733704e-11,"{'PKO': 0.1646247707600067, 'PKN': 0.14636020119341983, 'PZU': 0.12008279528470756, 'CDR': 0.09125151043227173, 'PEO': 0.08791401757973052, 'KGH': 0.058154249020208236, 'SPL': 0.05742112004109034, 'LPP': 0.05285113640479255, 'CPS': 0.042839755345640676, 'DNP': 0.03974371215688082, 'PGE': 0.0335911357243435, 'MBK': 0.02382778931980337, 'OPL': 0.02180070964251182, 'ALR': 0.020883200920142717, 'CCC': 0.020579193843472572, 'JSW': 0.009451656838567852, 'TPE': 0.008623045492409151}"
193,2019-09-27,100132.99767807928,0.0,"{'PKO': 0.1646247707600067, 'PKN': 0.14636020119341983, 'PZU': 0.12008279528470756, 'CDR': 0.09125151043227173, 'PEO': 0.08791401757973052, 'KGH': 0.058154249020208236, 'SPL': 0.05742112004109034, 'LPP': 0.05285113640479255, 'CPS': 0.042839755345640676, 'DNP': 0.03974371215688082, 'PGE': 0.0335911357243435, 'MBK': 0.02382778931980337, 'OPL': 0.02180070964251182, 'ALR': 0.020883200920142717, 'CCC': 0.020579193843472572, 'JSW': 0.009451656838567852, 'TPE': 0.008623045492409151}"
194,2019-09-30,99511.23893312663,-1.4551915228366852e-11,"{'PKO': 0.1646247707600067, 'PKN': 0.14636020119341983, 'PZU': 0.12008279528470756, 'CDR': 0.09125151043227173, 'PEO': 0.08791401757973052, 'KGH': 0.058154249020208236, 'SPL': 0.05742112004109034, 'LPP': 0.05285113640479255, 'CPS': 0.042839755345640676, 'DNP': 0.03974371215688082, 'PGE': 0.0335911357243435, 'MBK': 0.02382778931980337, 'OPL': 0.02180070964251182, 'ALR': 0.020883200920142717, 'CCC': 0.020579193843472572, 'JSW': 0.009451656838567852, 'TPE': 0.008623045492409151}"
195,2019-10-01,98451.96655832608,0.0,"{'PKO': 0.1646247707600067, 'PKN': 0.14636020119341983, 'PZU': 0.12008279528470756, 'CDR': 0.09125151043227173, 'PEO': 0.08791401757973052, 'KGH': 0.058154249020208236, 'SPL': 0.05742112004109034, 'LPP': 0.05285113640479255, 'CPS': 0.042839755345640676, 'DNP': 0.03974371215688082, 'PGE': 0.0335911357243435, 'MBK': 0.02382778931980337, 'OPL': 0.02180070964251182, 'ALR': 0.020883200920142717, 'CCC': 0.020579193843472572, 'JSW': 0.009451656838567852, 'TPE': 0.008623045492409151}"
196,2019-10-02,95950.74857341591,2.9103830456733704e-11,"{'PKO': 0.1646247707600067, 'PKN': 0.14636020119341983, 'PZU': 0.12008279528470756, 'CDR': 0.09125151043227173, 'PEO': 0.08791401757973052, 'KGH': 0.058154249020208236, 'SPL': 0.05742112004109034, 'LPP': 0.05285113640479255, 'CPS': 0.042839755345640676, 'DNP': 0.03974371215688082, 'PGE': 0.0335911357243435, 'MBK': 0.02382778931980337, 'OPL': 0.02180070964251182, 'ALR': 0.020883200920142717, 'CCC': 0.020579193843472572, 'JSW': 0.009451656838567852, 'TPE': 0.008623045492409151}"
197,2019-10-03,96047.34658958182,0.0,"{'PKO': 0.1646247707600067, 'PKN': 0.14636020119341983, 'PZU': 0.12008279528470756, 'CDR': 0.09125151043227173, 'PEO': 0.08791401757973052, 'KGH': 0.058154249020208236, 'SPL': 0.05742112004109034, 'LPP': 0.05285113640479255, 'CPS': 0.042839755345640676, 'DNP': 0.03974371215688082, 'PGE': 0.0335911357243435, 'MBK': 0.02382778931980337, 'OPL': 0.02180070964251182, 'ALR': 0.020883200920142717, 'CCC': 0.020579193843472572, 'JSW': 0.009451656838567852, 'TPE': 0.008623045492409151}"
198,2019-10-04,96887.29401445594,0.0,"{'PKO': 0.1646247707600067, 'PKN': 0.14636020119341983, 'PZU': 0.12008279528470756, 'CDR': 0.09125151043227173, 'PEO': 0.08791401757973052, 'KGH': 0.058154249020208236, 'SPL': 0.05742112004109034, 'LPP': 0.05285113640479255, 'CPS': 0.042839755345640676, 'DNP': 0.03974371215688082, 'PGE': 0.0335911357243435, 'MBK': 0.02382778931980337, 'OPL': 0.02180070964251182, 'ALR': 0.020883200920142717, 'CCC': 0.020579193843472572, 'JSW': 0.009451656838567852, 'TPE': 0.008623045492409151}"
199,2019-10-07,96891.43867888015,0.0,"{'PKO': 0.1646247707600067, 'PKN': 0.14636020119341983, 'PZU': 0.12008279528470756, 'CDR': 0.09125151043227173, 'PEO': 0.08791401757973052, 'KGH': 0.058154249020208236, 'SPL': 0.05742112004109034, 'LPP': 0.05285113640479255, 'CPS': 0.042839755345640676, 'DNP': 0.03974371215688082, 'PGE': 0.0335911357243435, 'MBK': 0.02382778931980337, 'OPL': 0.02180070964251182, 'ALR': 0.020883200920142717, 'CCC': 0.020579193843472572, 'JSW': 0.009451656838567852, 'TPE': 0.008623045492409151}"
200,2019-10-08,97152.8786748928,4.3655745685100555e-11,"{'PKO': 0.1646247707600067, 'PKN': 0.14636020119341983, 'PZU': 0.12008279528470756, 'CDR': 0.09125151043227173, 'PEO': 0.08791401757973052, 'KGH': 0.058154249020208236, 'SPL': 0.05742112004109034, 'LPP': 0.05285113640479255, 'CPS': 0.042839755345640676, 'DNP': 0.03974371215688082, 'PGE': 0.0335911357243435, 'MBK': 0.02382778931980337, 'OPL': 0.02180070964251182, 'ALR': 0.020883200920142717, 'CCC': 0.020579193843472572, 'JSW': 0.009451656838567852, 'TPE': 0.008623045492409151}"
201,2019-10-09,97361.53530616903,2.9103830456733704e-11,"{'PKO': 0.1646247707600067, 'PKN': 0.14636020119341983, 'PZU': 0.12008279528470756, 'CDR': 0.09125151043227173, 'PEO': 0.08791401757973052, 'KGH': 0.058154249020208236, 'SPL': 0.05742112004109034, 'LPP': 0.05285113640479255, 'CPS': 0.042839755345640676, 'DNP': 0.03974371215688082, 'PGE': 0.0335911357243435, 'MBK': 0.02382778931980337, 'OPL': 0.02180070964251182, 'ALR': 0.020883200920142717, 'CCC': 0.020579193843472572, 'JSW': 0.009451656838567852, 'TPE': 0.008623045492409151}"
202,2019-10-10,96854.58550119867,1.4551915228366852e-11,"{'PKO': 0.1646247707600067, 'PKN': 0.14636020119341983, 'PZU': 0.12008279528470756, 'CDR': 0.09125151043227173, 'PEO': 0.08791401757973052, 'KGH': 0.058154249020208236, 'SPL': 0.05742112004109034, 'LPP': 0.05285113640479255, 'CPS': 0.042839755345640676, 'DNP': 0.03974371215688082, 'PGE': 0.0335911357243435, 'MBK': 0.02382778931980337, 'OPL': 0.02180070964251182, 'ALR': 0.020883200920142717, 'CCC': 0.020579193843472572, 'JSW': 0.009451656838567852, 'TPE': 0.008623045492409151}"
203,2019-10-11,98668.81905225787,0.0,"{'PKO': 0.1646247707600067, 'PKN': 0.14636020119341983, 'PZU': 0.12008279528470756, 'CDR': 0.09125151043227173, 'PEO': 0.08791401757973052, 'KGH': 0.058154249020208236, 'SPL': 0.05742112004109034, 'LPP': 0.05285113640479255, 'CPS': 0.042839755345640676, 'DNP': 0.03974371215688082, 'PGE': 0.0335911357243435, 'MBK': 0.02382778931980337, 'OPL': 0.02180070964251182, 'ALR': 0.020883200920142717, 'CCC': 0.020579193843472572, 'JSW': 0.009451656838567852, 'TPE': 0.008623045492409151}"
204,2019-10-14,98086.20019567959,-2.9103830456733704e-11,"{'PKO': 0.1646247707600067, 'PKN': 0.14636020119341983, 'PZU': 0.12008279528470756, 'CDR': 0.09125151043227173, 'PEO': 0.08791401757973052, 'KGH': 0.058154249020208236, 'SPL': 0.05742112004109034, 'LPP': 0.05285113640479255, 'CPS': 0.042839755345640676, 'DNP': 0.03974371215688082, 'PGE': 0.0335911357243435, 'MBK': 0.02382778931980337, 'OPL': 0.02180070964251182, 'ALR': 0.020883200920142717, 'CCC': 0.020579193843472572, 'JSW': 0.009451656838567852, 'TPE': 0.008623045492409151}"
205,2019-10-15,98412.05135465169,0.0,"{'PKO': 0.1646247707600067, 'PKN': 0.14636020119341983, 'PZU': 0.12008279528470756, 'CDR': 0.09125151043227173, 'PEO': 0.08791401757973052, 'KGH': 0.058154249020208236, 'SPL': 0.05742112004109034, 'LPP': 0.05285113640479255, 'CPS': 0.042839755345640676, 'DNP': 0.03974371215688082, 'PGE': 0.0335911357243435, 'MBK': 0.02382778931980337, 'OPL': 0.02180070964251182, 'ALR': 0.020883200920142717, 'CCC': 0.020579193843472572, 'JSW': 0.009451656838567852, 'TPE': 0.008623045492409151}"
206,2019-10-16,98518.47850564665,0.0,"{'PKO': 0.1646247707600067, 'PKN': 0.14636020119341983, 'PZU': 0.12008279528470756, 'CDR': 0.09125151043227173, 'PEO': 0.08791401757973052, 'KGH': 0.058154249020208236, 'SPL': 0.05742112004109034, 'LPP': 0.05285113640479255, 'CPS': 0.042839755345640676, 'DNP': 0.03974371215688082, 'PGE': 0.0335911357243435, 'MBK': 0.02382778931980337, 'OPL': 0.02180070964251182, 'ALR': 0.020883200920142717, 'CCC': 0.020579193843472572, 'JSW': 0.009451656838567852, 'TPE': 0.008623045492409151}"
207,2019-10-17,99411.45358897465,0.0,"{'PKO': 0.1646247707600067, 'PKN': 0.14636020119341983, 'PZU': 0.12008279528470756, 'CDR': 0.09125151043227173, 'PEO': 0.08791401757973052, 'KGH': 0.058154249020208236, 'SPL': 0.05742112004109034, 'LPP': 0.05285113640479255, 'CPS': 0.042839755345640676, 'DNP': 0.03974371215688082, 'PGE': 0.0335911357243435, 'MBK': 0.02382778931980337, 'OPL': 0.02180070964251182, 'ALR': 0.020883200920142717, 'CCC': 0.020579193843472572, 'JSW': 0.009451656838567852, 'TPE': 0.008623045492409151}"
208,2019-10-18,98989.43607826898,0.0,"{'PKO': 0.1646247707600067, 'PKN': 0.14636020119341983, 'PZU': 0.12008279528470756, 'CDR': 0.09125151043227173, 'PEO': 0.08791401757973052, 'KGH': 0.058154249020208236, 'SPL': 0.05742112004109034, 'LPP': 0.05285113640479255, 'CPS': 0.042839755345640676, 'DNP': 0.03974371215688082, 'PGE': 0.0335911357243435, 'MBK': 0.02382778931980337, 'OPL': 0.02180070964251182, 'ALR': 0.020883200920142717, 'CCC': 0.020579193843472572, 'JSW': 0.009451656838567852, 'TPE': 0.008623045492409151}"
209,2019-10-21,99964.1252635057,1.4551915228366852e-11,"{'PKO': 0.1646247707600067, 'PKN': 0.14636020119341983, 'PZU': 0.12008279528470756, 'CDR': 0.09125151043227173, 'PEO': 0.08791401757973052, 'KGH': 0.058154249020208236, 'SPL': 0.05742112004109034, 'LPP': 0.05285113640479255, 'CPS': 0.042839755345640676, 'DNP': 0.03974371215688082, 'PGE': 0.0335911357243435, 'MBK': 0.02382778931980337, 'OPL': 0.02180070964251182, 'ALR': 0.020883200920142717, 'CCC': 0.020579193843472572, 'JSW': 0.009451656838567852, 'TPE': 0.008623045492409151}"
210,2019-10-22,101207.43479450914,2.9103830456733704e-11,"{'PKO': 0.1646247707600067, 'PKN': 0.14636020119341983, 'PZU': 0.12008279528470756, 'CDR': 0.09125151043227173, 'PEO': 0.08791401757973052, 'KGH': 0.058154249020208236, 'SPL': 0.05742112004109034, 'LPP': 0.05285113640479255, 'CPS': 0.042839755345640676, 'DNP': 0.03974371215688082, 'PGE': 0.0335911357243435, 'MBK': 0.02382778931980337, 'OPL': 0.02180070964251182, 'ALR': 0.020883200920142717, 'CCC': 0.020579193843472572, 'JSW': 0.009451656838567852, 'TPE': 0.008623045492409151}"
211,2019-10-23,101067.43427893668,1.4551915228366852e-11,"{'PKO': 0.1646247707600067, 'PKN': 0.14636020119341983, 'PZU': 0.12008279528470756, 'CDR': 0.09125151043227173, 'PEO': 0.08791401757973052, 'KGH': 0.058154249020208236, 'SPL': 0.05742112004109034, 'LPP': 0.05285113640479255, 'CPS': 0.042839755345640676, 'DNP': 0.03974371215688082, 'PGE': 0.0335911357243435, 'MBK': 0.02382778931980337, 'OPL': 0.02180070964251182, 'ALR': 0.020883200920142717, 'CCC': 0.020579193843472572, 'JSW': 0.009451656838567852, 'TPE': 0.008623045492409151}"
212,2019-10-24,101183.13238321536,-1.4551915228366852e-11,"{'PKO': 0.1646247707600067, 'PKN': 0.14636020119341983, 'PZU': 0.12008279528470756, 'CDR': 0.09125151043227173, 'PEO': 0.08791401757973052, 'KGH': 0.058154249020208236, 'SPL': 0.05742112004109034, 'LPP': 0.05285113640479255, 'CPS': 0.042839755345640676, 'DNP': 0.03974371215688082, 'PGE': 0.0335911357243435, 'MBK': 0.02382778931980337, 'OPL': 0.02180070964251182, 'ALR': 0.020883200920142717, 'CCC': 0.020579193843472572, 'JSW': 0.009451656838567852, 'TPE': 0.008623045492409151}"
213,2019-10-25,99496.70286523395,0.0,"{'PKO': 0.1646247707600067, 'PKN': 0.14636020119341983, 'PZU': 0.12008279528470756, 'CDR': 0.09125151043227173, 'PEO': 0.08791401757973052, 'KGH': 0.058154249020208236, 'SPL': 0.05742112004109034, 'LPP': 0.05285113640479255, 'CPS': 0.042839755345640676, 'DNP': 0.03974371215688082, 'PGE': 0.0335911357243435, 'MBK': 0.02382778931980337, 'OPL': 0.02180070964251182, 'ALR': 0.020883200920142717, 'CCC': 0.020579193843472572, 'JSW': 0.009451656838567852, 'TPE': 0.008623045492409151}"
214,2019-10-28,101018.77531862243,-1.4551915228366852e-11,"{'PKO': 0.1646247707600067, 'PKN': 0.14636020119341983, 'PZU': 0.12008279528470756, 'CDR': 0.09125151043227173, 'PEO': 0.08791401757973052, 'KGH': 0.058154249020208236, 'SPL': 0.05742112004109034, 'LPP': 0.05285113640479255, 'CPS': 0.042839755345640676, 'DNP': 0.03974371215688082, 'PGE': 0.0335911357243435, 'MBK': 0.02382778931980337, 'OPL': 0.02180070964251182, 'ALR': 0.020883200920142717, 'CCC': 0.020579193843472572, 'JSW': 0.009451656838567852, 'TPE': 0.008623045492409151}"
215,2019-10-29,101724.04004077862,1.4551915228366852e-11,"{'PKO': 0.1646247707600067, 'PKN': 0.14636020119341983, 'PZU': 0.12008279528470756, 'CDR': 0.09125151043227173, 'PEO': 0.08791401757973052, 'KGH': 0.058154249020208236, 'SPL': 0.05742112004109034, 'LPP': 0.05285113640479255, 'CPS': 0.042839755345640676, 'DNP': 0.03974371215688082, 'PGE': 0.0335911357243435, 'MBK': 0.02382778931980337, 'OPL': 0.02180070964251182, 'ALR': 0.020883200920142717, 'CCC': 0.020579193843472572, 'JSW': 0.009451656838567852, 'TPE': 0.008623045492409151}"
216,2019-10-30,101657.3186048301,0.0,"{'PKO': 0.1646247707600067, 'PKN': 0.14636020119341983, 'PZU': 0.12008279528470756, 'CDR': 0.09125151043227173, 'PEO': 0.08791401757973052, 'KGH': 0.058154249020208236, 'SPL': 0.05742112004109034, 'LPP': 0.05285113640479255, 'CPS': 0.042839755345640676, 'DNP': 0.03974371215688082, 'PGE': 0.0335911357243435, 'MBK': 0.02382778931980337, 'OPL': 0.02180070964251182, 'ALR': 0.020883200920142717, 'CCC': 0.020579193843472572, 'JSW': 0.009451656838567852, 'TPE': 0.008623045492409151}"
217,2019-10-31,100039.94934525376,0.0,"{'PKO': 0.1646247707600067, 'PKN': 0.14636020119341983, 'PZU': 0.12008279528470756, 'CDR': 0.09125151043227173, 'PEO': 0.08791401757973052, 'KGH': 0.058154249020208236, 'SPL': 0.05742112004109034, 'LPP': 0.05285113640479255, 'CPS': 0.042839755345640676, 'DNP': 0.03974371215688082, 'PGE': 0.0335911357243435, 'MBK': 0.02382778931980337, 'OPL': 0.02180070964251182, 'ALR': 0.020883200920142717, 'CCC': 0.020579193843472572, 'JSW': 0.009451656838567852, 'TPE': 0.008623045492409151}"
218,2019-11-01,100039.94934525376,0.0,"{'PKO': 0.1646247707600067, 'PKN': 0.14636020119341983, 'PZU': 0.12008279528470756, 'CDR': 0.09125151043227173, 'PEO': 0.08791401757973052, 'KGH': 0.058154249020208236, 'SPL': 0.05742112004109034, 'LPP': 0.05285113640479255, 'CPS': 0.042839755345640676, 'DNP': 0.03974371215688082, 'PGE': 0.0335911357243435, 'MBK': 0.02382778931980337, 'OPL': 0.02180070964251182, 'ALR': 0.020883200920142717, 'CCC': 0.020579193843472572, 'JSW': 0.009451656838567852, 'TPE': 0.008623045492409151}"
219,2019-11-04,103144.64013642013,-1.4551915228366852e-11,"{'PKO': 0.1646247707600067, 'PKN': 0.14636020119341983, 'PZU': 0.12008279528470756, 'CDR': 0.09125151043227173, 'PEO': 0.08791401757973052, 'KGH': 0.058154249020208236, 'SPL': 0.05742112004109034, 'LPP': 0.05285113640479255, 'CPS': 0.042839755345640676, 'DNP': 0.03974371215688082, 'PGE': 0.0335911357243435, 'MBK': 0.02382778931980337, 'OPL': 0.02180070964251182, 'ALR': 0.020883200920142717, 'CCC': 0.020579193843472572, 'JSW': 0.009451656838567852, 'TPE': 0.008623045492409151}"
220,2019-11-05,103551.41820594715,2.9103830456733704e-11,"{'PKO': 0.1646247707600067, 'PKN': 0.14636020119341983, 'PZU': 0.12008279528470756, 'CDR': 0.09125151043227173, 'PEO': 0.08791401757973052, 'KGH': 0.058154249020208236, 'SPL': 0.05742112004109034, 'LPP': 0.05285113640479255, 'CPS': 0.042839755345640676, 'DNP': 0.03974371215688082, 'PGE': 0.0335911357243435, 'MBK': 0.02382778931980337, 'OPL': 0.02180070964251182, 'ALR': 0.020883200920142717, 'CCC': 0.020579193843472572, 'JSW': 0.009451656838567852, 'TPE': 0.008623045492409151}"
221,2019-11-06,102864.0606604639,1.4551915228366852e-11,"{'PKO': 0.1646247707600067, 'PKN': 0.14636020119341983, 'PZU': 0.12008279528470756, 'CDR': 0.09125151043227173, 'PEO': 0.08791401757973052, 'KGH': 0.058154249020208236, 'SPL': 0.05742112004109034, 'LPP': 0.05285113640479255, 'CPS': 0.042839755345640676, 'DNP': 0.03974371215688082, 'PGE': 0.0335911357243435, 'MBK': 0.02382778931980337, 'OPL': 0.02180070964251182, 'ALR': 0.020883200920142717, 'CCC': 0.020579193843472572, 'JSW': 0.009451656838567852, 'TPE': 0.008623045492409151}"
222,2019-11-07,103747.0130359945,0.0,"{'PKO': 0.1646247707600067, 'PKN': 0.14636020119341983, 'PZU': 0.12008279528470756, 'CDR': 0.09125151043227173, 'PEO': 0.08791401757973052, 'KGH': 0.058154249020208236, 'SPL': 0.05742112004109034, 'LPP': 0.05285113640479255, 'CPS': 0.042839755345640676, 'DNP': 0.03974371215688082, 'PGE': 0.0335911357243435, 'MBK': 0.02382778931980337, 'OPL': 0.02180070964251182, 'ALR': 0.020883200920142717, 'CCC': 0.020579193843472572, 'JSW': 0.009451656838567852, 'TPE': 0.008623045492409151}"
223,2019-11-08,102860.64069746863,0.0,"{'PKO': 0.1646247707600067, 'PKN': 0.14636020119341983, 'PZU': 0.12008279528470756, 'CDR': 0.09125151043227173, 'PEO': 0.08791401757973052, 'KGH': 0.058154249020208236, 'SPL': 0.05742112004109034, 'LPP': 0.05285113640479255, 'CPS': 0.042839755345640676, 'DNP': 0.03974371215688082, 'PGE': 0.0335911357243435, 'MBK': 0.02382778931980337, 'OPL': 0.02180070964251182, 'ALR': 0.020883200920142717, 'CCC': 0.020579193843472572, 'JSW': 0.009451656838567852, 'TPE': 0.008623045492409151}"
224,2019-11-11,102860.64069746863,0.0,"{'PKO': 0.1646247707600067, 'PKN': 0.14636020119341983, 'PZU': 0.12008279528470756, 'CDR': 0.09125151043227173, 'PEO': 0.08791401757973052, 'KGH': 0.058154249020208236, 'SPL': 0.05742112004109034, 'LPP': 0.05285113640479255, 'CPS': 0.042839755345640676, 'DNP': 0.03974371215688082, 'PGE': 0.0335911357243435, 'MBK': 0.02382778931980337, 'OPL': 0.02180070964251182, 'ALR': 0.020883200920142717, 'CCC': 0.020579193843472572, 'JSW': 0.009451656838567852, 'TPE': 0.008623045492409151}"
225,2019-11-12,102622.74783235698,0.0,"{'PKO': 0.1646247707600067, 'PKN': 0.14636020119341983, 'PZU': 0.12008279528470756, 'CDR': 0.09125151043227173, 'PEO': 0.08791401757973052, 'KGH': 0.058154249020208236, 'SPL': 0.05742112004109034, 'LPP': 0.05285113640479255, 'CPS': 0.042839755345640676, 'DNP': 0.03974371215688082, 'PGE': 0.0335911357243435, 'MBK': 0.02382778931980337, 'OPL': 0.02180070964251182, 'ALR': 0.020883200920142717, 'CCC': 0.020579193843472572, 'JSW': 0.009451656838567852, 'TPE': 0.008623045492409151}"
226,2019-11-13,102060.90708245094,-1.4551915228366852e-11,"{'PKO': 0.1646247707600067, 'PKN': 0.14636020119341983, 'PZU': 0.12008279528470756, 'CDR': 0.09125151043227173, 'PEO': 0.08791401757973052, 'KGH': 0.058154249020208236, 'SPL': 0.05742112004109034, 'LPP': 0.05285113640479255, 'CPS': 0.042839755345640676, 'DNP': 0.03974371215688082, 'PGE': 0.0335911357243435, 'MBK': 0.02382778931980337, 'OPL': 0.02180070964251182, 'ALR': 0.020883200920142717, 'CCC': 0.020579193843472572, 'JSW': 0.009451656838567852, 'TPE': 0.008623045492409151}"
227,2019-11-14,101715.10364802628,-1.4551915228366852e-11,"{'PKO': 0.1646247707600067, 'PKN': 0.14636020119341983, 'PZU': 0.12008279528470756, 'CDR': 0.09125151043227173, 'PEO': 0.08791401757973052, 'KGH': 0.058154249020208236, 'SPL': 0.05742112004109034, 'LPP': 0.05285113640479255, 'CPS': 0.042839755345640676, 'DNP': 0.03974371215688082, 'PGE': 0.0335911357243435, 'MBK': 0.02382778931980337, 'OPL': 0.02180070964251182, 'ALR': 0.020883200920142717, 'CCC': 0.020579193843472572, 'JSW': 0.009451656838567852, 'TPE': 0.008623045492409151}"
228,2019-11-15,102094.6827717708,1.4551915228366852e-11,"{'PKO': 0.1646247707600067, 'PKN': 0.14636020119341983, 'PZU': 0.12008279528470756, 'CDR': 0.09125151043227173, 'PEO': 0.08791401757973052, 'KGH': 0.058154249020208236, 'SPL': 0.05742112004109034, 'LPP': 0.05285113640479255, 'CPS': 0.042839755345640676, 'DNP': 0.03974371215688082, 'PGE': 0.0335911357243435, 'MBK': 0.02382778931980337, 'OPL': 0.02180070964251182, 'ALR': 0.020883200920142717, 'CCC': 0.020579193843472572, 'JSW': 0.009451656838567852, 'TPE': 0.008623045492409151}"
229,2019-11-18,102041.00003921083,1.4551915228366852e-11,"{'PKO': 0.1646247707600067, 'PKN': 0.14636020119341983, 'PZU': 0.12008279528470756, 'CDR': 0.09125151043227173, 'PEO': 0.08791401757973052, 'KGH': 0.058154249020208236, 'SPL': 0.05742112004109034, 'LPP': 0.05285113640479255, 'CPS': 0.042839755345640676, 'DNP': 0.03974371215688082, 'PGE': 0.0335911357243435, 'MBK': 0.02382778931980337, 'OPL': 0.02180070964251182, 'ALR': 0.020883200920142717, 'CCC': 0.020579193843472572, 'JSW': 0.009451656838567852, 'TPE': 0.008623045492409151}"
230,2019-11-19,101084.29825730839,0.0,"{'PKO': 0.1646247707600067, 'PKN': 0.14636020119341983, 'PZU': 0.12008279528470756, 'CDR': 0.09125151043227173, 'PEO': 0.08791401757973052, 'KGH': 0.058154249020208236, 'SPL': 0.05742112004109034, 'LPP': 0.05285113640479255, 'CPS': 0.042839755345640676, 'DNP': 0.03974371215688082, 'PGE': 0.0335911357243435, 'MBK': 0.02382778931980337, 'OPL': 0.02180070964251182, 'ALR': 0.020883200920142717, 'CCC': 0.020579193843472572, 'JSW': 0.009451656838567852, 'TPE': 0.008623045492409151}"
231,2019-11-20,100576.77461382546,-1.4551915228366852e-11,"{'PKO': 0.1646247707600067, 'PKN': 0.14636020119341983, 'PZU': 0.12008279528470756, 'CDR': 0.09125151043227173, 'PEO': 0.08791401757973052, 'KGH': 0.058154249020208236, 'SPL': 0.05742112004109034, 'LPP': 0.05285113640479255, 'CPS': 0.042839755345640676, 'DNP': 0.03974371215688082, 'PGE': 0.0335911357243435, 'MBK': 0.02382778931980337, 'OPL': 0.02180070964251182, 'ALR': 0.020883200920142717, 'CCC': 0.020579193843472572, 'JSW': 0.009451656838567852, 'TPE': 0.008623045492409151}"
232,2019-11-21,99921.42420816889,2.9103830456733704e-11,"{'PKO': 0.1646247707600067, 'PKN': 0.14636020119341983, 'PZU': 0.12008279528470756, 'CDR': 0.09125151043227173, 'PEO': 0.08791401757973052, 'KGH': 0.058154249020208236, 'SPL': 0.05742112004109034, 'LPP': 0.05285113640479255, 'CPS': 0.042839755345640676, 'DNP': 0.03974371215688082, 'PGE': 0.0335911357243435, 'MBK': 0.02382778931980337, 'OPL': 0.02180070964251182, 'ALR': 0.020883200920142717, 'CCC': 0.020579193843472572, 'JSW': 0.009451656838567852, 'TPE': 0.008623045492409151}"
233,2019-11-22,100328.64845151613,0.0,"{'PKO': 0.1646247707600067, 'PKN': 0.14636020119341983, 'PZU': 0.12008279528470756, 'CDR': 0.09125151043227173, 'PEO': 0.08791401757973052, 'KGH': 0.058154249020208236, 'SPL': 0.05742112004109034, 'LPP': 0.05285113640479255, 'CPS': 0.042839755345640676, 'DNP': 0.03974371215688082, 'PGE': 0.0335911357243435, 'MBK': 0.02382778931980337, 'OPL': 0.02180070964251182, 'ALR': 0.020883200920142717, 'CCC': 0.020579193843472572, 'JSW': 0.009451656838567852, 'TPE': 0.008623045492409151}"
234,2019-11-25,100683.09051729372,0.0,"{'PKO': 0.1646247707600067, 'PKN': 0.14636020119341983, 'PZU': 0.12008279528470756, 'CDR': 0.09125151043227173, 'PEO': 0.08791401757973052, 'KGH': 0.058154249020208236, 'SPL': 0.05742112004109034, 'LPP': 0.05285113640479255, 'CPS': 0.042839755345640676, 'DNP': 0.03974371215688082, 'PGE': 0.0335911357243435, 'MBK': 0.02382778931980337, 'OPL': 0.02180070964251182, 'ALR': 0.020883200920142717, 'CCC': 0.020579193843472572, 'JSW': 0.009451656838567852, 'TPE': 0.008623045492409151}"
235,2019-11-26,100184.87221335527,0.0,"{'PKO': 0.1646247707600067, 'PKN': 0.14636020119341983, 'PZU': 0.12008279528470756, 'CDR': 0.09125151043227173, 'PEO': 0.08791401757973052, 'KGH': 0.058154249020208236, 'SPL': 0.05742112004109034, 'LPP': 0.05285113640479255, 'CPS': 0.042839755345640676, 'DNP': 0.03974371215688082, 'PGE': 0.0335911357243435, 'MBK': 0.02382778931980337, 'OPL': 0.02180070964251182, 'ALR': 0.020883200920142717, 'CCC': 0.020579193843472572, 'JSW': 0.009451656838567852, 'TPE': 0.008623045492409151}"
236,2019-11-27,99785.90015428548,4.3655745685100555e-11,"{'PKO': 0.1646247707600067, 'PKN': 0.14636020119341983, 'PZU': 0.12008279528470756, 'CDR': 0.09125151043227173, 'PEO': 0.08791401757973052, 'KGH': 0.058154249020208236, 'SPL': 0.05742112004109034, 'LPP': 0.05285113640479255, 'CPS': 0.042839755345640676, 'DNP': 0.03974371215688082, 'PGE': 0.0335911357243435, 'MBK': 0.02382778931980337, 'OPL': 0.02180070964251182, 'ALR': 0.020883200920142717, 'CCC': 0.020579193843472572, 'JSW': 0.009451656838567852, 'TPE': 0.008623045492409151}"
237,2019-11-28,99094.25125270677,-1.4551915228366852e-11,"{'PKO': 0.1646247707600067, 'PKN': 0.14636020119341983, 'PZU': 0.12008279528470756, 'CDR': 0.09125151043227173, 'PEO': 0.08791401757973052, 'KGH': 0.058154249020208236, 'SPL': 0.05742112004109034, 'LPP': 0.05285113640479255, 'CPS': 0.042839755345640676, 'DNP': 0.03974371215688082, 'PGE': 0.0335911357243435, 'MBK': 0.02382778931980337, 'OPL': 0.02180070964251182, 'ALR': 0.020883200920142717, 'CCC': 0.020579193843472572, 'JSW': 0.009451656838567852, 'TPE': 0.008623045492409151}"
238,2019-11-29,98554.36971202448,1.4551915228366852e-11,"{'PKO': 0.1646247707600067, 'PKN': 0.14636020119341983, 'PZU': 0.12008279528470756, 'CDR': 0.09125151043227173, 'PEO': 0.08791401757973052, 'KGH': 0.058154249020208236, 'SPL': 0.05742112004109034, 'LPP': 0.05285113640479255, 'CPS': 0.042839755345640676, 'DNP': 0.03974371215688082, 'PGE': 0.0335911357243435, 'MBK': 0.02382778931980337, 'OPL': 0.02180070964251182, 'ALR': 0.020883200920142717, 'CCC': 0.020579193843472572, 'JSW': 0.009451656838567852, 'TPE': 0.008623045492409151}"
239,2019-12-02,96938.87016141256,1.4551915228366852e-11,"{'PKO': 0.1646247707600067, 'PKN': 0.14636020119341983, 'PZU': 0.12008279528470756, 'CDR': 0.09125151043227173, 'PEO': 0.08791401757973052, 'KGH': 0.058154249020208236, 'SPL': 0.05742112004109034, 'LPP': 0.05285113640479255, 'CPS': 0.042839755345640676, 'DNP': 0.03974371215688082, 'PGE': 0.0335911357243435, 'MBK': 0.02382778931980337, 'OPL': 0.02180070964251182, 'ALR': 0.020883200920142717, 'CCC': 0.020579193843472572, 'JSW': 0.009451656838567852, 'TPE': 0.008623045492409151}"
240,2019-12-03,95517.56619020717,0.0,"{'PKO': 0.1646247707600067, 'PKN': 0.14636020119341983, 'PZU': 0.12008279528470756, 'CDR': 0.09125151043227173, 'PEO': 0.08791401757973052, 'KGH': 0.058154249020208236, 'SPL': 0.05742112004109034, 'LPP': 0.05285113640479255, 'CPS': 0.042839755345640676, 'DNP': 0.03974371215688082, 'PGE': 0.0335911357243435, 'MBK': 0.02382778931980337, 'OPL': 0.02180070964251182, 'ALR': 0.020883200920142717, 'CCC': 0.020579193843472572, 'JSW': 0.009451656838567852, 'TPE': 0.008623045492409151}"
241,2019-12-04,95146.92398722593,2.9103830456733704e-11,"{'PKO': 0.1646247707600067, 'PKN': 0.14636020119341983, 'PZU': 0.12008279528470756, 'CDR': 0.09125151043227173, 'PEO': 0.08791401757973052, 'KGH': 0.058154249020208236, 'SPL': 0.05742112004109034, 'LPP': 0.05285113640479255, 'CPS': 0.042839755345640676, 'DNP': 0.03974371215688082, 'PGE': 0.0335911357243435, 'MBK': 0.02382778931980337, 'OPL': 0.02180070964251182, 'ALR': 0.020883200920142717, 'CCC': 0.020579193843472572, 'JSW': 0.009451656838567852, 'TPE': 0.008623045492409151}"
242,2019-12-05,95605.61423520824,0.0,"{'PKO': 0.1646247707600067, 'PKN': 0.14636020119341983, 'PZU': 0.12008279528470756, 'CDR': 0.09125151043227173, 'PEO': 0.08791401757973052, 'KGH': 0.058154249020208236, 'SPL': 0.05742112004109034, 'LPP': 0.05285113640479255, 'CPS': 0.042839755345640676, 'DNP': 0.03974371215688082, 'PGE': 0.0335911357243435, 'MBK': 0.02382778931980337, 'OPL': 0.02180070964251182, 'ALR': 0.020883200920142717, 'CCC': 0.020579193843472572, 'JSW': 0.009451656838567852, 'TPE': 0.008623045492409151}"
243,2019-12-06,94752.69412384315,1.4551915228366852e-11,"{'PKO': 0.1646247707600067, 'PKN': 0.14636020119341983, 'PZU': 0.12008279528470756, 'CDR': 0.09125151043227173, 'PEO': 0.08791401757973052, 'KGH': 0.058154249020208236, 'SPL': 0.05742112004109034, 'LPP': 0.05285113640479255, 'CPS': 0.042839755345640676, 'DNP': 0.03974371215688082, 'PGE': 0.0335911357243435, 'MBK': 0.02382778931980337, 'OPL': 0.02180070964251182, 'ALR': 0.020883200920142717, 'CCC': 0.020579193843472572, 'JSW': 0.009451656838567852, 'TPE': 0.008623045492409151}"
244,2019-12-09,94519.41728835015,1.4551915228366852e-11,"{'PKO': 0.1646247707600067, 'PKN': 0.14636020119341983, 'PZU': 0.12008279528470756, 'CDR': 0.09125151043227173, 'PEO': 0.08791401757973052, 'KGH': 0.058154249020208236, 'SPL': 0.05742112004109034, 'LPP': 0.05285113640479255, 'CPS': 0.042839755345640676, 'DNP': 0.03974371215688082, 'PGE': 0.0335911357243435, 'MBK': 0.02382778931980337, 'OPL': 0.02180070964251182, 'ALR': 0.020883200920142717, 'CCC': 0.020579193843472572, 'JSW': 0.009451656838567852, 'TPE': 0.008623045492409151}"
245,2019-12-10,93936.96875788628,1.4551915228366852e-11,"{'PKO': 0.1646247707600067, 'PKN': 0.14636020119341983, 'PZU': 0.12008279528470756, 'CDR': 0.09125151043227173, 'PEO': 0.08791401757973052, 'KGH': 0.058154249020208236, 'SPL': 0.05742112004109034, 'LPP': 0.05285113640479255, 'CPS': 0.042839755345640676, 'DNP': 0.03974371215688082, 'PGE': 0.0335911357243435, 'MBK': 0.02382778931980337, 'OPL': 0.02180070964251182, 'ALR': 0.020883200920142717, 'CCC': 0.020579193843472572, 'JSW': 0.009451656838567852, 'TPE': 0.008623045492409151}"
246,2019-12-11,93690.66201128058,1.4551915228366852e-11,"{'PKO': 0.1646247707600067, 'PKN': 0.14636020119341983, 'PZU': 0.12008279528470756, 'CDR': 0.09125151043227173, 'PEO': 0.08791401757973052, 'KGH': 0.058154249020208236, 'SPL': 0.05742112004109034, 'LPP': 0.05285113640479255, 'CPS': 0.042839755345640676, 'DNP': 0.03974371215688082, 'PGE': 0.0335911357243435, 'MBK': 0.02382778931980337, 'OPL': 0.02180070964251182, 'ALR': 0.020883200920142717, 'CCC': 0.020579193843472572, 'JSW': 0.009451656838567852, 'TPE': 0.008623045492409151}"
247,2019-12-12,96341.89919165638,1.4551915228366852e-11,"{'PKO': 0.1646247707600067, 'PKN': 0.14636020119341983, 'PZU': 0.12008279528470756, 'CDR': 0.09125151043227173, 'PEO': 0.08791401757973052, 'KGH': 0.058154249020208236, 'SPL': 0.05742112004109034, 'LPP': 0.05285113640479255, 'CPS': 0.042839755345640676, 'DNP': 0.03974371215688082, 'PGE': 0.0335911357243435, 'MBK': 0.02382778931980337, 'OPL': 0.02180070964251182, 'ALR': 0.020883200920142717, 'CCC': 0.020579193843472572, 'JSW': 0.009451656838567852, 'TPE': 0.008623045492409151}"
248,2019-12-13,96524.00155951512,0.0,"{'PKO': 0.1646247707600067, 'PKN': 0.14636020119341983, 'PZU': 0.12008279528470756, 'CDR': 0.09125151043227173, 'PEO': 0.08791401757973052, 'KGH': 0.058154249020208236, 'SPL': 0.05742112004109034, 'LPP': 0.05285113640479255, 'CPS': 0.042839755345640676, 'DNP': 0.03974371215688082, 'PGE': 0.0335911357243435, 'MBK': 0.02382778931980337, 'OPL': 0.02180070964251182, 'ALR': 0.020883200920142717, 'CCC': 0.020579193843472572, 'JSW': 0.009451656838567852, 'TPE': 0.008623045492409151}"
249,2019-12-16,96862.8809734151,0.0,"{'PKO': 0.1646247707600067, 'PKN': 0.14636020119341983, 'PZU': 0.12008279528470756, 'CDR': 0.09125151043227173, 'PEO': 0.08791401757973052, 'KGH': 0.058154249020208236, 'SPL': 0.05742112004109034, 'LPP': 0.05285113640479255, 'CPS': 0.042839755345640676, 'DNP': 0.03974371215688082, 'PGE': 0.0335911357243435, 'MBK': 0.02382778931980337, 'OPL': 0.02180070964251182, 'ALR': 0.020883200920142717, 'CCC': 0.020579193843472572, 'JSW': 0.009451656838567852, 'TPE': 0.008623045492409151}"
250,2019-12-17,97932.80293555492,2.9103830456733704e-11,"{'PKO': 0.1646247707600067, 'PKN': 0.14636020119341983, 'PZU': 0.12008279528470756, 'CDR': 0.09125151043227173, 'PEO': 0.08791401757973052, 'KGH': 0.058154249020208236, 'SPL': 0.05742112004109034, 'LPP': 0.05285113640479255, 'CPS': 0.042839755345640676, 'DNP': 0.03974371215688082, 'PGE': 0.0335911357243435, 'MBK': 0.02382778931980337, 'OPL': 0.02180070964251182, 'ALR': 0.020883200920142717, 'CCC': 0.020579193843472572, 'JSW': 0.009451656838567852, 'TPE': 0.008623045492409151}"
251,2019-12-18,97985.47953720999,0.0,"{'PKO': 0.1646247707600067, 'PKN': 0.14636020119341983, 'PZU': 0.12008279528470756, 'CDR': 0.09125151043227173, 'PEO': 0.08791401757973052, 'KGH': 0.058154249020208236, 'SPL': 0.05742112004109034, 'LPP': 0.05285113640479255, 'CPS': 0.042839755345640676, 'DNP': 0.03974371215688082, 'PGE': 0.0335911357243435, 'MBK': 0.02382778931980337, 'OPL': 0.02180070964251182, 'ALR': 0.020883200920142717, 'CCC': 0.020579193843472572, 'JSW': 0.009451656838567852, 'TPE': 0.008623045492409151}"
252,2019-12-19,98066.0501740992,1.4551915228366852e-11,"{'PKO': 0.1646247707600067, 'PKN': 0.14636020119341983, 'PZU': 0.12008279528470756, 'CDR': 0.09125151043227173, 'PEO': 0.08791401757973052, 'KGH': 0.058154249020208236, 'SPL': 0.05742112004109034, 'LPP': 0.05285113640479255, 'CPS': 0.042839755345640676, 'DNP': 0.03974371215688082, 'PGE': 0.0335911357243435, 'MBK': 0.02382778931980337, 'OPL': 0.02180070964251182, 'ALR': 0.020883200920142717, 'CCC': 0.020579193843472572, 'JSW': 0.009451656838567852, 'TPE': 0.008623045492409151}"
253,2019-12-20,97659.17468836639,1.4551915228366852e-11,"{'PKO': 0.1650506375355959, 'PKN': 0.1456109734466534, 'PZU': 0.11527576660519447, 'CDR': 0.09580309238874486, 'PEO': 0.08930119760742596, 'KGH': 0.06596083678472556, 'LPP': 0.06093669537814201, 'SPL': 0.052351861551123875, 'CPS': 0.04210661831049766, 'PGE': 0.03631224059541467, 'DNP': 0.03435143902149179, 'MBK': 0.027047398141749886, 'OPL': 0.022953041993283536, 'CCC': 0.016840666716548637, 'ALR': 0.014465037873619625, 'TPE': 0.009761094703855142, 'JSW': 0.005871401345932932}"
254,2019-12-23,98331.1735028945,2.9103830456733704e-11,"{'PKO': 0.1650506375355959, 'PKN': 0.1456109734466534, 'PZU': 0.11527576660519447, 'CDR': 0.09580309238874486, 'PEO': 0.08930119760742596, 'KGH': 0.06596083678472556, 'LPP': 0.06093669537814201, 'SPL': 0.052351861551123875, 'CPS': 0.04210661831049766, 'PGE': 0.03631224059541467, 'DNP': 0.03435143902149179, 'MBK': 0.027047398141749886, 'OPL': 0.022953041993283536, 'CCC': 0.016840666716548637, 'ALR': 0.014465037873619625, 'TPE': 0.009761094703855142, 'JSW': 0.005871401345932932}"
255,2019-12-24,98331.1735028945,2.9103830456733704e-11,"{'PKO': 0.1650506375355959, 'PKN': 0.1456109734466534, 'PZU': 0.11527576660519447, 'CDR': 0.09580309238874486, 'PEO': 0.08930119760742596, 'KGH': 0.06596083678472556, 'LPP': 0.06093669537814201, 'SPL': 0.052351861551123875, 'CPS': 0.04210661831049766, 'PGE': 0.03631224059541467, 'DNP': 0.03435143902149179, 'MBK': 0.027047398141749886, 'OPL': 0.022953041993283536, 'CCC': 0.016840666716548637, 'ALR': 0.014465037873619625, 'TPE': 0.009761094703855142, 'JSW': 0.005871401345932932}"
256,2019-12-25,98331.1735028945,2.9103830456733704e-11,"{'PKO': 0.1650506375355959, 'PKN': 0.1456109734466534, 'PZU': 0.11527576660519447, 'CDR': 0.09580309238874486, 'PEO': 0.08930119760742596, 'KGH': 0.06596083678472556, 'LPP': 0.06093669537814201, 'SPL': 0.052351861551123875, 'CPS': 0.04210661831049766, 'PGE': 0.03631224059541467, 'DNP': 0.03435143902149179, 'MBK': 0.027047398141749886, 'OPL': 0.022953041993283536, 'CCC': 0.016840666716548637, 'ALR': 0.014465037873619625, 'TPE': 0.009761094703855142, 'JSW': 0.005871401345932932}"
257,2019-12-26,98331.1735028945,2.9103830456733704e-11,"{'PKO': 0.1650506375355959, 'PKN': 0.1456109734466534, 'PZU': 0.11527576660519447, 'CDR': 0.09580309238874486, 'PEO': 0.08930119760742596, 'KGH': 0.06596083678472556, 'LPP': 0.06093669537814201, 'SPL': 0.052351861551123875, 'CPS': 0.04210661831049766, 'PGE': 0.03631224059541467, 'DNP': 0.03435143902149179, 'MBK': 0.027047398141749886, 'OPL': 0.022953041993283536, 'CCC': 0.016840666716548637, 'ALR': 0.014465037873619625, 'TPE': 0.009761094703855142, 'JSW': 0.005871401345932932}"
258,2019-12-27,98762.07380411058,0.0,"{'PKO': 0.1650506375355959, 'PKN': 0.1456109734466534, 'PZU': 0.11527576660519447, 'CDR': 0.09580309238874486, 'PEO': 0.08930119760742596, 'KGH': 0.06596083678472556, 'LPP': 0.06093669537814201, 'SPL': 0.052351861551123875, 'CPS': 0.04210661831049766, 'PGE': 0.03631224059541467, 'DNP': 0.03435143902149179, 'MBK': 0.027047398141749886, 'OPL': 0.022953041993283536, 'CCC': 0.016840666716548637, 'ALR': 0.014465037873619625, 'TPE': 0.009761094703855142, 'JSW': 0.005871401345932932}"
259,2019-12-30,98588.24958977892,1.4551915228366852e-11,"{'PKO': 0.1650506375355959, 'PKN': 0.1456109734466534, 'PZU': 0.11527576660519447, 'CDR': 0.09580309238874486, 'PEO': 0.08930119760742596, 'KGH': 0.06596083678472556, 'LPP': 0.06093669537814201, 'SPL': 0.052351861551123875, 'CPS': 0.04210661831049766, 'PGE': 0.03631224059541467, 'DNP': 0.03435143902149179, 'MBK': 0.027047398141749886, 'OPL': 0.022953041993283536, 'CCC': 0.016840666716548637, 'ALR': 0.014465037873619625, 'TPE': 0.009761094703855142, 'JSW': 0.005871401345932932}"
260,2019-12-31,98588.24958977892,1.4551915228366852e-11,"{'PKO': 0.1650506375355959, 'PKN': 0.1456109734466534, 'PZU': 0.11527576660519447, 'CDR': 0.09580309238874486, 'PEO': 0.08930119760742596, 'KGH': 0.06596083678472556, 'LPP': 0.06093669537814201, 'SPL': 0.052351861551123875, 'CPS': 0.04210661831049766, 'PGE': 0.03631224059541467, 'DNP': 0.03435143902149179, 'MBK': 0.027047398141749886, 'OPL': 0.022953041993283536, 'CCC': 0.016840666716548637, 'ALR': 0.014465037873619625, 'TPE': 0.009761094703855142, 'JSW': 0.005871401345932932}"
261,2020-01-01,98588.24958977892,1.4551915228366852e-11,"{'PKO': 0.1650506375355959, 'PKN': 0.1456109734466534, 'PZU': 0.11527576660519447, 'CDR': 0.09580309238874486, 'PEO': 0.08930119760742596, 'KGH': 0.06596083678472556, 'LPP': 0.06093669537814201, 'SPL': 0.052351861551123875, 'CPS': 0.04210661831049766, 'PGE': 0.03631224059541467, 'DNP': 0.03435143902149179, 'MBK': 0.027047398141749886, 'OPL': 0.022953041993283536, 'CCC': 0.016840666716548637, 'ALR': 0.014465037873619625, 'TPE': 0.009761094703855142, 'JSW': 0.005871401345932932}"
262,2020-01-02,100795.8293196449,0.0,"{'PKO': 0.1650506375355959, 'PKN': 0.1456109734466534, 'PZU': 0.11527576660519447, 'CDR': 0.09580309238874486, 'PEO': 0.08930119760742596, 'KGH': 0.06596083678472556, 'LPP': 0.06093669537814201, 'SPL': 0.052351861551123875, 'CPS': 0.04210661831049766, 'PGE': 0.03631224059541467, 'DNP': 0.03435143902149179, 'MBK': 0.027047398141749886, 'OPL': 0.022953041993283536, 'CCC': 0.016840666716548637, 'ALR': 0.014465037873619625, 'TPE': 0.009761094703855142, 'JSW': 0.005871401345932932}"
263,2020-01-03,99597.4439436366,1.4551915228366852e-11,"{'PKO': 0.1650506375355959, 'PKN': 0.1456109734466534, 'PZU': 0.11527576660519447, 'CDR': 0.09580309238874486, 'PEO': 0.08930119760742596, 'KGH': 0.06596083678472556, 'LPP': 0.06093669537814201, 'SPL': 0.052351861551123875, 'CPS': 0.04210661831049766, 'PGE': 0.03631224059541467, 'DNP': 0.03435143902149179, 'MBK': 0.027047398141749886, 'OPL': 0.022953041993283536, 'CCC': 0.016840666716548637, 'ALR': 0.014465037873619625, 'TPE': 0.009761094703855142, 'JSW': 0.005871401345932932}"
264,2020-01-06,99597.4439436366,1.4551915228366852e-11,"{'PKO': 0.1650506375355959, 'PKN': 0.1456109734466534, 'PZU': 0.11527576660519447, 'CDR': 0.09580309238874486, 'PEO': 0.08930119760742596, 'KGH': 0.06596083678472556, 'LPP': 0.06093669537814201, 'SPL': 0.052351861551123875, 'CPS': 0.04210661831049766, 'PGE': 0.03631224059541467, 'DNP': 0.03435143902149179, 'MBK': 0.027047398141749886, 'OPL': 0.022953041993283536, 'CCC': 0.016840666716548637, 'ALR': 0.014465037873619625, 'TPE': 0.009761094703855142, 'JSW': 0.005871401345932932}"
265,2020-01-07,98278.24027221903,0.0,"{'PKO': 0.1650506375355959, 'PKN': 0.1456109734466534, 'PZU': 0.11527576660519447, 'CDR': 0.09580309238874486, 'PEO': 0.08930119760742596, 'KGH': 0.06596083678472556, 'LPP': 0.06093669537814201, 'SPL': 0.052351861551123875, 'CPS': 0.04210661831049766, 'PGE': 0.03631224059541467, 'DNP': 0.03435143902149179, 'MBK': 0.027047398141749886, 'OPL': 0.022953041993283536, 'CCC': 0.016840666716548637, 'ALR': 0.014465037873619625, 'TPE': 0.009761094703855142, 'JSW': 0.005871401345932932}"
266,2020-01-08,97006.2786829587,1.4551915228366852e-11,"{'PKO': 0.1650506375355959, 'PKN': 0.1456109734466534, 'PZU': 0.11527576660519447, 'CDR': 0.09580309238874486, 'PEO': 0.08930119760742596, 'KGH': 0.06596083678472556, 'LPP': 0.06093669537814201, 'SPL': 0.052351861551123875, 'CPS': 0.04210661831049766, 'PGE': 0.03631224059541467, 'DNP': 0.03435143902149179, 'MBK': 0.027047398141749886, 'OPL': 0.022953041993283536, 'CCC': 0.016840666716548637, 'ALR': 0.014465037873619625, 'TPE': 0.009761094703855142, 'JSW': 0.005871401345932932}"
267,2020-01-09,98924.5374701727,1.4551915228366852e-11,"{'PKO': 0.1650506375355959, 'PKN': 0.1456109734466534, 'PZU': 0.11527576660519447, 'CDR': 0.09580309238874486, 'PEO': 0.08930119760742596, 'KGH': 0.06596083678472556, 'LPP': 0.06093669537814201, 'SPL': 0.052351861551123875, 'CPS': 0.04210661831049766, 'PGE': 0.03631224059541467, 'DNP': 0.03435143902149179, 'MBK': 0.027047398141749886, 'OPL': 0.022953041993283536, 'CCC': 0.016840666716548637, 'ALR': 0.014465037873619625, 'TPE': 0.009761094703855142, 'JSW': 0.005871401345932932}"
268,2020-01-10,99405.43147289578,1.4551915228366852e-11,"{'PKO': 0.1650506375355959, 'PKN': 0.1456109734466534, 'PZU': 0.11527576660519447, 'CDR': 0.09580309238874486, 'PEO': 0.08930119760742596, 'KGH': 0.06596083678472556, 'LPP': 0.06093669537814201, 'SPL': 0.052351861551123875, 'CPS': 0.04210661831049766, 'PGE': 0.03631224059541467, 'DNP': 0.03435143902149179, 'MBK': 0.027047398141749886, 'OPL': 0.022953041993283536, 'CCC': 0.016840666716548637, 'ALR': 0.014465037873619625, 'TPE': 0.009761094703855142, 'JSW': 0.005871401345932932}"
269,2020-01-13,100621.61795263804,-1.4551915228366852e-11,"{'PKO': 0.1650506375355959, 'PKN': 0.1456109734466534, 'PZU': 0.11527576660519447, 'CDR': 0.09580309238874486, 'PEO': 0.08930119760742596, 'KGH': 0.06596083678472556, 'LPP': 0.06093669537814201, 'SPL': 0.052351861551123875, 'CPS': 0.04210661831049766, 'PGE': 0.03631224059541467, 'DNP': 0.03435143902149179, 'MBK': 0.027047398141749886, 'OPL': 0.022953041993283536, 'CCC': 0.016840666716548637, 'ALR': 0.014465037873619625, 'TPE': 0.009761094703855142, 'JSW': 0.005871401345932932}"
270,2020-01-14,100125.06657248658,1.4551915228366852e-11,"{'PKO': 0.1650506375355959, 'PKN': 0.1456109734466534, 'PZU': 0.11527576660519447, 'CDR': 0.09580309238874486, 'PEO': 0.08930119760742596, 'KGH': 0.06596083678472556, 'LPP': 0.06093669537814201, 'SPL': 0.052351861551123875, 'CPS': 0.04210661831049766, 'PGE': 0.03631224059541467, 'DNP': 0.03435143902149179, 'MBK': 0.027047398141749886, 'OPL': 0.022953041993283536, 'CCC': 0.016840666716548637, 'ALR': 0.014465037873619625, 'TPE': 0.009761094703855142, 'JSW': 0.005871401345932932}"
271,2020-01-15,99256.50159555313,1.4551915228366852e-11,"{'PKO': 0.1650506375355959, 'PKN': 0.1456109734466534, 'PZU': 0.11527576660519447, 'CDR': 0.09580309238874486, 'PEO': 0.08930119760742596, 'KGH': 0.06596083678472556, 'LPP': 0.06093669537814201, 'SPL': 0.052351861551123875, 'CPS': 0.04210661831049766, 'PGE': 0.03631224059541467, 'DNP': 0.03435143902149179, 'MBK': 0.027047398141749886, 'OPL': 0.022953041993283536, 'CCC': 0.016840666716548637, 'ALR': 0.014465037873619625, 'TPE': 0.009761094703855142, 'JSW': 0.005871401345932932}"
272,2020-01-16,99654.18557316448,4.3655745685100555e-11,"{'PKO': 0.1650506375355959, 'PKN': 0.1456109734466534, 'PZU': 0.11527576660519447, 'CDR': 0.09580309238874486, 'PEO': 0.08930119760742596, 'KGH': 0.06596083678472556, 'LPP': 0.06093669537814201, 'SPL': 0.052351861551123875, 'CPS': 0.04210661831049766, 'PGE': 0.03631224059541467, 'DNP': 0.03435143902149179, 'MBK': 0.027047398141749886, 'OPL': 0.022953041993283536, 'CCC': 0.016840666716548637, 'ALR': 0.014465037873619625, 'TPE': 0.009761094703855142, 'JSW': 0.005871401345932932}"
273,2020-01-17,99783.06793811661,4.3655745685100555e-11,"{'PKO': 0.1650506375355959, 'PKN': 0.1456109734466534, 'PZU': 0.11527576660519447, 'CDR': 0.09580309238874486, 'PEO': 0.08930119760742596, 'KGH': 0.06596083678472556, 'LPP': 0.06093669537814201, 'SPL': 0.052351861551123875, 'CPS': 0.04210661831049766, 'PGE': 0.03631224059541467, 'DNP': 0.03435143902149179, 'MBK': 0.027047398141749886, 'OPL': 0.022953041993283536, 'CCC': 0.016840666716548637, 'ALR': 0.014465037873619625, 'TPE': 0.009761094703855142, 'JSW': 0.005871401345932932}"
274,2020-01-20,99845.76354964847,-1.4551915228366852e-11,"{'PKO': 0.1650506375355959, 'PKN': 0.1456109734466534, 'PZU': 0.11527576660519447, 'CDR': 0.09580309238874486, 'PEO': 0.08930119760742596, 'KGH': 0.06596083678472556, 'LPP': 0.06093669537814201, 'SPL': 0.052351861551123875, 'CPS': 0.04210661831049766, 'PGE': 0.03631224059541467, 'DNP': 0.03435143902149179, 'MBK': 0.027047398141749886, 'OPL': 0.022953041993283536, 'CCC': 0.016840666716548637, 'ALR': 0.014465037873619625, 'TPE': 0.009761094703855142, 'JSW': 0.005871401345932932}"
275,2020-01-21,98981.17947759984,1.4551915228366852e-11,"{'PKO': 0.1650506375355959, 'PKN': 0.1456109734466534, 'PZU': 0.11527576660519447, 'CDR': 0.09580309238874486, 'PEO': 0.08930119760742596, 'KGH': 0.06596083678472556, 'LPP': 0.06093669537814201, 'SPL': 0.052351861551123875, 'CPS': 0.04210661831049766, 'PGE': 0.03631224059541467, 'DNP': 0.03435143902149179, 'MBK': 0.027047398141749886, 'OPL': 0.022953041993283536, 'CCC': 0.016840666716548637, 'ALR': 0.014465037873619625, 'TPE': 0.009761094703855142, 'JSW': 0.005871401345932932}"
276,2020-01-22,98439.1460686134,-1.4551915228366852e-11,"{'PKO': 0.1650506375355959, 'PKN': 0.1456109734466534, 'PZU': 0.11527576660519447, 'CDR': 0.09580309238874486, 'PEO': 0.08930119760742596, 'KGH': 0.06596083678472556, 'LPP': 0.06093669537814201, 'SPL': 0.052351861551123875, 'CPS': 0.04210661831049766, 'PGE': 0.03631224059541467, 'DNP': 0.03435143902149179, 'MBK': 0.027047398141749886, 'OPL': 0.022953041993283536, 'CCC': 0.016840666716548637, 'ALR': 0.014465037873619625, 'TPE': 0.009761094703855142, 'JSW': 0.005871401345932932}"
277,2020-01-23,98614.2213077761,1.4551915228366852e-11,"{'PKO': 0.1650506375355959, 'PKN': 0.1456109734466534, 'PZU': 0.11527576660519447, 'CDR': 0.09580309238874486, 'PEO': 0.08930119760742596, 'KGH': 0.06596083678472556, 'LPP': 0.06093669537814201, 'SPL': 0.052351861551123875, 'CPS': 0.04210661831049766, 'PGE': 0.03631224059541467, 'DNP': 0.03435143902149179, 'MBK': 0.027047398141749886, 'OPL': 0.022953041993283536, 'CCC': 0.016840666716548637, 'ALR': 0.014465037873619625, 'TPE': 0.009761094703855142, 'JSW': 0.005871401345932932}"
278,2020-01-24,98901.92717620563,1.4551915228366852e-11,"{'PKO': 0.1650506375355959, 'PKN': 0.1456109734466534, 'PZU': 0.11527576660519447, 'CDR': 0.09580309238874486, 'PEO': 0.08930119760742596, 'KGH': 0.06596083678472556, 'LPP': 0.06093669537814201, 'SPL': 0.052351861551123875, 'CPS': 0.04210661831049766, 'PGE': 0.03631224059541467, 'DNP': 0.03435143902149179, 'MBK': 0.027047398141749886, 'OPL': 0.022953041993283536, 'CCC': 0.016840666716548637, 'ALR': 0.014465037873619625, 'TPE': 0.009761094703855142, 'JSW': 0.005871401345932932}"
279,2020-01-27,95662.95947018097,1.4551915228366852e-11,"{'PKO': 0.1650506375355959, 'PKN': 0.1456109734466534, 'PZU': 0.11527576660519447, 'CDR': 0.09580309238874486, 'PEO': 0.08930119760742596, 'KGH': 0.06596083678472556, 'LPP': 0.06093669537814201, 'SPL': 0.052351861551123875, 'CPS': 0.04210661831049766, 'PGE': 0.03631224059541467, 'DNP': 0.03435143902149179, 'MBK': 0.027047398141749886, 'OPL': 0.022953041993283536, 'CCC': 0.016840666716548637, 'ALR': 0.014465037873619625, 'TPE': 0.009761094703855142, 'JSW': 0.005871401345932932}"
280,2020-01-28,96401.13962308649,-2.9103830456733704e-11,"{'PKO': 0.1650506375355959, 'PKN': 0.1456109734466534, 'PZU': 0.11527576660519447, 'CDR': 0.09580309238874486, 'PEO': 0.08930119760742596, 'KGH': 0.06596083678472556, 'LPP': 0.06093669537814201, 'SPL': 0.052351861551123875, 'CPS': 0.04210661831049766, 'PGE': 0.03631224059541467, 'DNP': 0.03435143902149179, 'MBK': 0.027047398141749886, 'OPL': 0.022953041993283536, 'CCC': 0.016840666716548637, 'ALR': 0.014465037873619625, 'TPE': 0.009761094703855142, 'JSW': 0.005871401345932932}"
281,2020-01-29,96568.40014368661,0.0,"{'PKO': 0.1650506375355959, 'PKN': 0.1456109734466534, 'PZU': 0.11527576660519447, 'CDR': 0.09580309238874486, 'PEO': 0.08930119760742596, 'KGH': 0.06596083678472556, 'LPP': 0.06093669537814201, 'SPL': 0.052351861551123875, 'CPS': 0.04210661831049766, 'PGE': 0.03631224059541467, 'DNP': 0.03435143902149179, 'MBK': 0.027047398141749886, 'OPL': 0.022953041993283536, 'CCC': 0.016840666716548637, 'ALR': 0.014465037873619625, 'TPE': 0.009761094703855142, 'JSW': 0.005871401345932932}"
282,2020-01-30,95790.33589154315,1.4551915228366852e-11,"{'PKO': 0.1650506375355959, 'PKN': 0.1456109734466534, 'PZU': 0.11527576660519447, 'CDR': 0.09580309238874486, 'PEO': 0.08930119760742596, 'KGH': 0.06596083678472556, 'LPP': 0.06093669537814201, 'SPL': 0.052351861551123875, 'CPS': 0.04210661831049766, 'PGE': 0.03631224059541467, 'DNP': 0.03435143902149179, 'MBK': 0.027047398141749886, 'OPL': 0.022953041993283536, 'CCC': 0.016840666716548637, 'ALR': 0.014465037873619625, 'TPE': 0.009761094703855142, 'JSW': 0.005871401345932932}"
283,2020-01-31,95129.63119863233,0.0,"{'PKO': 0.1650506375355959, 'PKN': 0.1456109734466534, 'PZU': 0.11527576660519447, 'CDR': 0.09580309238874486, 'PEO': 0.08930119760742596, 'KGH': 0.06596083678472556, 'LPP': 0.06093669537814201, 'SPL': 0.052351861551123875, 'CPS': 0.04210661831049766, 'PGE': 0.03631224059541467, 'DNP': 0.03435143902149179, 'MBK': 0.027047398141749886, 'OPL': 0.022953041993283536, 'CCC': 0.016840666716548637, 'ALR': 0.014465037873619625, 'TPE': 0.009761094703855142, 'JSW': 0.005871401345932932}"
284,2020-02-03,95511.41550081462,0.0,"{'PKO': 0.1650506375355959, 'PKN': 0.1456109734466534, 'PZU': 0.11527576660519447, 'CDR': 0.09580309238874486, 'PEO': 0.08930119760742596, 'KGH': 0.06596083678472556, 'LPP': 0.06093669537814201, 'SPL': 0.052351861551123875, 'CPS': 0.04210661831049766, 'PGE': 0.03631224059541467, 'DNP': 0.03435143902149179, 'MBK': 0.027047398141749886, 'OPL': 0.022953041993283536, 'CCC': 0.016840666716548637, 'ALR': 0.014465037873619625, 'TPE': 0.009761094703855142, 'JSW': 0.005871401345932932}"
285,2020-02-04,97057.36976216406,-2.9103830456733704e-11,"{'PKO': 0.1650506375355959, 'PKN': 0.1456109734466534, 'PZU': 0.11527576660519447, 'CDR': 0.09580309238874486, 'PEO': 0.08930119760742596, 'KGH': 0.06596083678472556, 'LPP': 0.06093669537814201, 'SPL': 0.052351861551123875, 'CPS': 0.04210661831049766, 'PGE': 0.03631224059541467, 'DNP': 0.03435143902149179, 'MBK': 0.027047398141749886, 'OPL': 0.022953041993283536, 'CCC': 0.016840666716548637, 'ALR': 0.014465037873619625, 'TPE': 0.009761094703855142, 'JSW': 0.005871401345932932}"
286,2020-02-05,97911.70178892527,-2.9103830456733704e-11,"{'PKO': 0.1650506375355959, 'PKN': 0.1456109734466534, 'PZU': 0.11527576660519447, 'CDR': 0.09580309238874486, 'PEO': 0.08930119760742596, 'KGH': 0.06596083678472556, 'LPP': 0.06093669537814201, 'SPL': 0.052351861551123875, 'CPS': 0.04210661831049766, 'PGE': 0.03631224059541467, 'DNP': 0.03435143902149179, 'MBK': 0.027047398141749886, 'OPL': 0.022953041993283536, 'CCC': 0.016840666716548637, 'ALR': 0.014465037873619625, 'TPE': 0.009761094703855142, 'JSW': 0.005871401345932932}"
287,2020-02-06,97341.5857565107,1.4551915228366852e-11,"{'PKO': 0.1650506375355959, 'PKN': 0.1456109734466534, 'PZU': 0.11527576660519447, 'CDR': 0.09580309238874486, 'PEO': 0.08930119760742596, 'KGH': 0.06596083678472556, 'LPP': 0.06093669537814201, 'SPL': 0.052351861551123875, 'CPS': 0.04210661831049766, 'PGE': 0.03631224059541467, 'DNP': 0.03435143902149179, 'MBK': 0.027047398141749886, 'OPL': 0.022953041993283536, 'CCC': 0.016840666716548637, 'ALR': 0.014465037873619625, 'TPE': 0.009761094703855142, 'JSW': 0.005871401345932932}"
288,2020-02-07,97411.13684499906,1.4551915228366852e-11,"{'PKO': 0.1650506375355959, 'PKN': 0.1456109734466534, 'PZU': 0.11527576660519447, 'CDR': 0.09580309238874486, 'PEO': 0.08930119760742596, 'KGH': 0.06596083678472556, 'LPP': 0.06093669537814201, 'SPL': 0.052351861551123875, 'CPS': 0.04210661831049766, 'PGE': 0.03631224059541467, 'DNP': 0.03435143902149179, 'MBK': 0.027047398141749886, 'OPL': 0.022953041993283536, 'CCC': 0.016840666716548637, 'ALR': 0.014465037873619625, 'TPE': 0.009761094703855142, 'JSW': 0.005871401345932932}"
289,2020-02-10,96592.3161787231,4.3655745685100555e-11,"{'PKO': 0.1650506375355959, 'PKN': 0.1456109734466534, 'PZU': 0.11527576660519447, 'CDR': 0.09580309238874486, 'PEO': 0.08930119760742596, 'KGH': 0.06596083678472556, 'LPP': 0.06093669537814201, 'SPL': 0.052351861551123875, 'CPS': 0.04210661831049766, 'PGE': 0.03631224059541467, 'DNP': 0.03435143902149179, 'MBK': 0.027047398141749886, 'OPL': 0.022953041993283536, 'CCC': 0.016840666716548637, 'ALR': 0.014465037873619625, 'TPE': 0.009761094703855142, 'JSW': 0.005871401345932932}"
290,2020-02-11,97245.6888953264,0.0,"{'PKO': 0.1650506375355959, 'PKN': 0.1456109734466534, 'PZU': 0.11527576660519447, 'CDR': 0.09580309238874486, 'PEO': 0.08930119760742596, 'KGH': 0.06596083678472556, 'LPP': 0.06093669537814201, 'SPL': 0.052351861551123875, 'CPS': 0.04210661831049766, 'PGE': 0.03631224059541467, 'DNP': 0.03435143902149179, 'MBK': 0.027047398141749886, 'OPL': 0.022953041993283536, 'CCC': 0.016840666716548637, 'ALR': 0.014465037873619625, 'TPE': 0.009761094703855142, 'JSW': 0.005871401345932932}"
291,2020-02-12,98252.43924055473,-1.4551915228366852e-11,"{'PKO': 0.1650506375355959, 'PKN': 0.1456109734466534, 'PZU': 0.11527576660519447, 'CDR': 0.09580309238874486, 'PEO': 0.08930119760742596, 'KGH': 0.06596083678472556, 'LPP': 0.06093669537814201, 'SPL': 0.052351861551123875, 'CPS': 0.04210661831049766, 'PGE': 0.03631224059541467, 'DNP': 0.03435143902149179, 'MBK': 0.027047398141749886, 'OPL': 0.022953041993283536, 'CCC': 0.016840666716548637, 'ALR': 0.014465037873619625, 'TPE': 0.009761094703855142, 'JSW': 0.005871401345932932}"
292,2020-02-13,97700.52283599465,1.4551915228366852e-11,"{'PKO': 0.1650506375355959, 'PKN': 0.1456109734466534, 'PZU': 0.11527576660519447, 'CDR': 0.09580309238874486, 'PEO': 0.08930119760742596, 'KGH': 0.06596083678472556, 'LPP': 0.06093669537814201, 'SPL': 0.052351861551123875, 'CPS': 0.04210661831049766, 'PGE': 0.03631224059541467, 'DNP': 0.03435143902149179, 'MBK': 0.027047398141749886, 'OPL': 0.022953041993283536, 'CCC': 0.016840666716548637, 'ALR': 0.014465037873619625, 'TPE': 0.009761094703855142, 'JSW': 0.005871401345932932}"
293,2020-02-14,97566.05265959555,0.0,"{'PKO': 0.1650506375355959, 'PKN': 0.1456109734466534, 'PZU': 0.11527576660519447, 'CDR': 0.09580309238874486, 'PEO': 0.08930119760742596, 'KGH': 0.06596083678472556, 'LPP': 0.06093669537814201, 'SPL': 0.052351861551123875, 'CPS': 0.04210661831049766, 'PGE': 0.03631224059541467, 'DNP': 0.03435143902149179, 'MBK': 0.027047398141749886, 'OPL': 0.022953041993283536, 'CCC': 0.016840666716548637, 'ALR': 0.014465037873619625, 'TPE': 0.009761094703855142, 'JSW': 0.005871401345932932}"
294,2020-02-17,97666.13443513485,0.0,"{'PKO': 0.1650506375355959, 'PKN': 0.1456109734466534, 'PZU': 0.11527576660519447, 'CDR': 0.09580309238874486, 'PEO': 0.08930119760742596, 'KGH': 0.06596083678472556, 'LPP': 0.06093669537814201, 'SPL': 0.052351861551123875, 'CPS': 0.04210661831049766, 'PGE': 0.03631224059541467, 'DNP': 0.03435143902149179, 'MBK': 0.027047398141749886, 'OPL': 0.022953041993283536, 'CCC': 0.016840666716548637, 'ALR': 0.014465037873619625, 'TPE': 0.009761094703855142, 'JSW': 0.005871401345932932}"
295,2020-02-18,97233.05488016008,0.0,"{'PKO': 0.1650506375355959, 'PKN': 0.1456109734466534, 'PZU': 0.11527576660519447, 'CDR': 0.09580309238874486, 'PEO': 0.08930119760742596, 'KGH': 0.06596083678472556, 'LPP': 0.06093669537814201, 'SPL': 0.052351861551123875, 'CPS': 0.04210661831049766, 'PGE': 0.03631224059541467, 'DNP': 0.03435143902149179, 'MBK': 0.027047398141749886, 'OPL': 0.022953041993283536, 'CCC': 0.016840666716548637, 'ALR': 0.014465037873619625, 'TPE': 0.009761094703855142, 'JSW': 0.005871401345932932}"
296,2020-02-19,97157.0047138496,1.4551915228366852e-11,"{'PKO': 0.1650506375355959, 'PKN': 0.1456109734466534, 'PZU': 0.11527576660519447, 'CDR': 0.09580309238874486, 'PEO': 0.08930119760742596, 'KGH': 0.06596083678472556, 'LPP': 0.06093669537814201, 'SPL': 0.052351861551123875, 'CPS': 0.04210661831049766, 'PGE': 0.03631224059541467, 'DNP': 0.03435143902149179, 'MBK': 0.027047398141749886, 'OPL': 0.022953041993283536, 'CCC': 0.016840666716548637, 'ALR': 0.014465037873619625, 'TPE': 0.009761094703855142, 'JSW': 0.005871401345932932}"
297,2020-02-20,96419.54310657729,1.4551915228366852e-11,"{'PKO': 0.1650506375355959, 'PKN': 0.1456109734466534, 'PZU': 0.11527576660519447, 'CDR': 0.09580309238874486, 'PEO': 0.08930119760742596, 'KGH': 0.06596083678472556, 'LPP': 0.06093669537814201, 'SPL': 0.052351861551123875, 'CPS': 0.04210661831049766, 'PGE': 0.03631224059541467, 'DNP': 0.03435143902149179, 'MBK': 0.027047398141749886, 'OPL': 0.022953041993283536, 'CCC': 0.016840666716548637, 'ALR': 0.014465037873619625, 'TPE': 0.009761094703855142, 'JSW': 0.005871401345932932}"
298,2020-02-21,95954.59953468014,0.0,"{'PKO': 0.1650506375355959, 'PKN': 0.1456109734466534, 'PZU': 0.11527576660519447, 'CDR': 0.09580309238874486, 'PEO': 0.08930119760742596, 'KGH': 0.06596083678472556, 'LPP': 0.06093669537814201, 'SPL': 0.052351861551123875, 'CPS': 0.04210661831049766, 'PGE': 0.03631224059541467, 'DNP': 0.03435143902149179, 'MBK': 0.027047398141749886, 'OPL': 0.022953041993283536, 'CCC': 0.016840666716548637, 'ALR': 0.014465037873619625, 'TPE': 0.009761094703855142, 'JSW': 0.005871401345932932}"
299,2020-02-24,91884.04509267533,0.0,"{'PKO': 0.1650506375355959, 'PKN': 0.1456109734466534, 'PZU': 0.11527576660519447, 'CDR': 0.09580309238874486, 'PEO': 0.08930119760742596, 'KGH': 0.06596083678472556, 'LPP': 0.06093669537814201, 'SPL': 0.052351861551123875, 'CPS': 0.04210661831049766, 'PGE': 0.03631224059541467, 'DNP': 0.03435143902149179, 'MBK': 0.027047398141749886, 'OPL': 0.022953041993283536, 'CCC': 0.016840666716548637, 'ALR': 0.014465037873619625, 'TPE': 0.009761094703855142, 'JSW': 0.005871401345932932}"
300,2020-02-25,89343.04150347,-1.4551915228366852e-11,"{'PKO': 0.1650506375355959, 'PKN': 0.1456109734466534, 'PZU': 0.11527576660519447, 'CDR': 0.09580309238874486, 'PEO': 0.08930119760742596, 'KGH': 0.06596083678472556, 'LPP': 0.06093669537814201, 'SPL': 0.052351861551123875, 'CPS': 0.04210661831049766, 'PGE': 0.03631224059541467, 'DNP': 0.03435143902149179, 'MBK': 0.027047398141749886, 'OPL': 0.022953041993283536, 'CCC': 0.016840666716548637, 'ALR': 0.014465037873619625, 'TPE': 0.009761094703855142, 'JSW': 0.005871401345932932}"
301,2020-02-26,88795.18908257262,1.4551915228366852e-11,"{'PKO': 0.1650506375355959, 'PKN': 0.1456109734466534, 'PZU': 0.11527576660519447, 'CDR': 0.09580309238874486, 'PEO': 0.08930119760742596, 'KGH': 0.06596083678472556, 'LPP': 0.06093669537814201, 'SPL': 0.052351861551123875, 'CPS': 0.04210661831049766, 'PGE': 0.03631224059541467, 'DNP': 0.03435143902149179, 'MBK': 0.027047398141749886, 'OPL': 0.022953041993283536, 'CCC': 0.016840666716548637, 'ALR': 0.014465037873619625, 'TPE': 0.009761094703855142, 'JSW': 0.005871401345932932}"
302,2020-02-27,85034.66238989959,0.0,"{'PKO': 0.1650506375355959, 'PKN': 0.1456109734466534, 'PZU': 0.11527576660519447, 'CDR': 0.09580309238874486, 'PEO': 0.08930119760742596, 'KGH': 0.06596083678472556, 'LPP': 0.06093669537814201, 'SPL': 0.052351861551123875, 'CPS': 0.04210661831049766, 'PGE': 0.03631224059541467, 'DNP': 0.03435143902149179, 'MBK': 0.027047398141749886, 'OPL': 0.022953041993283536, 'CCC': 0.016840666716548637, 'ALR': 0.014465037873619625, 'TPE': 0.009761094703855142, 'JSW': 0.005871401345932932}"
303,2020-02-28,81110.8864345572,1.4551915228366852e-11,"{'PKO': 0.1650506375355959, 'PKN': 0.1456109734466534, 'PZU': 0.11527576660519447, 'CDR': 0.09580309238874486, 'PEO': 0.08930119760742596, 'KGH': 0.06596083678472556, 'LPP': 0.06093669537814201, 'SPL': 0.052351861551123875, 'CPS': 0.04210661831049766, 'PGE': 0.03631224059541467, 'DNP': 0.03435143902149179, 'MBK': 0.027047398141749886, 'OPL': 0.022953041993283536, 'CCC': 0.016840666716548637, 'ALR': 0.014465037873619625, 'TPE': 0.009761094703855142, 'JSW': 0.005871401345932932}"
304,2020-03-02,83079.22415478496,1.4551915228366852e-11,"{'PKO': 0.1650506375355959, 'PKN': 0.1456109734466534, 'PZU': 0.11527576660519447, 'CDR': 0.09580309238874486, 'PEO': 0.08930119760742596, 'KGH': 0.06596083678472556, 'LPP': 0.06093669537814201, 'SPL': 0.052351861551123875, 'CPS': 0.04210661831049766, 'PGE': 0.03631224059541467, 'DNP': 0.03435143902149179, 'MBK': 0.027047398141749886, 'OPL': 0.022953041993283536, 'CCC': 0.016840666716548637, 'ALR': 0.014465037873619625, 'TPE': 0.009761094703855142, 'JSW': 0.005871401345932932}"
305,2020-03-03,87032.33112837884,0.0,"{'PKO': 0.1650506375355959, 'PKN': 0.1456109734466534, 'PZU': 0.11527576660519447, 'CDR': 0.09580309238874486, 'PEO': 0.08930119760742596, 'KGH': 0.06596083678472556, 'LPP': 0.06093669537814201, 'SPL': 0.052351861551123875, 'CPS': 0.04210661831049766, 'PGE': 0.03631224059541467, 'DNP': 0.03435143902149179, 'MBK': 0.027047398141749886, 'OPL': 0.022953041993283536, 'CCC': 0.016840666716548637, 'ALR': 0.014465037873619625, 'TPE': 0.009761094703855142, 'JSW': 0.005871401345932932}"
306,2020-03-04,85492.03836258863,2.9103830456733704e-11,"{'PKO': 0.1650506375355959, 'PKN': 0.1456109734466534, 'PZU': 0.11527576660519447, 'CDR': 0.09580309238874486, 'PEO': 0.08930119760742596, 'KGH': 0.06596083678472556, 'LPP': 0.06093669537814201, 'SPL': 0.052351861551123875, 'CPS': 0.04210661831049766, 'PGE': 0.03631224059541467, 'DNP': 0.03435143902149179, 'MBK': 0.027047398141749886, 'OPL': 0.022953041993283536, 'CCC': 0.016840666716548637, 'ALR': 0.014465037873619625, 'TPE': 0.009761094703855142, 'JSW': 0.005871401345932932}"
307,2020-03-05,83583.84471226919,0.0,"{'PKO': 0.1650506375355959, 'PKN': 0.1456109734466534, 'PZU': 0.11527576660519447, 'CDR': 0.09580309238874486, 'PEO': 0.08930119760742596, 'KGH': 0.06596083678472556, 'LPP': 0.06093669537814201, 'SPL': 0.052351861551123875, 'CPS': 0.04210661831049766, 'PGE': 0.03631224059541467, 'DNP': 0.03435143902149179, 'MBK': 0.027047398141749886, 'OPL': 0.022953041993283536, 'CCC': 0.016840666716548637, 'ALR': 0.014465037873619625, 'TPE': 0.009761094703855142, 'JSW': 0.005871401345932932}"
308,2020-03-06,80840.19773227544,0.0,"{'PKO': 0.1650506375355959, 'PKN': 0.1456109734466534, 'PZU': 0.11527576660519447, 'CDR': 0.09580309238874486, 'PEO': 0.08930119760742596, 'KGH': 0.06596083678472556, 'LPP': 0.06093669537814201, 'SPL': 0.052351861551123875, 'CPS': 0.04210661831049766, 'PGE': 0.03631224059541467, 'DNP': 0.03435143902149179, 'MBK': 0.027047398141749886, 'OPL': 0.022953041993283536, 'CCC': 0.016840666716548637, 'ALR': 0.014465037873619625, 'TPE': 0.009761094703855142, 'JSW': 0.005871401345932932}"
309,2020-03-09,74610.89995582568,1.4551915228366852e-11,"{'PKO': 0.1650506375355959, 'PKN': 0.1456109734466534, 'PZU': 0.11527576660519447, 'CDR': 0.09580309238874486, 'PEO': 0.08930119760742596, 'KGH': 0.06596083678472556, 'LPP': 0.06093669537814201, 'SPL': 0.052351861551123875, 'CPS': 0.04210661831049766, 'PGE': 0.03631224059541467, 'DNP': 0.03435143902149179, 'MBK': 0.027047398141749886, 'OPL': 0.022953041993283536, 'CCC': 0.016840666716548637, 'ALR': 0.014465037873619625, 'TPE': 0.009761094703855142, 'JSW': 0.005871401345932932}"
310,2020-03-10,73339.31548510803,-1.4551915228366852e-11,"{'PKO': 0.1650506375355959, 'PKN': 0.1456109734466534, 'PZU': 0.11527576660519447, 'CDR': 0.09580309238874486, 'PEO': 0.08930119760742596, 'KGH': 0.06596083678472556, 'LPP': 0.06093669537814201, 'SPL': 0.052351861551123875, 'CPS': 0.04210661831049766, 'PGE': 0.03631224059541467, 'DNP': 0.03435143902149179, 'MBK': 0.027047398141749886, 'OPL': 0.022953041993283536, 'CCC': 0.016840666716548637, 'ALR': 0.014465037873619625, 'TPE': 0.009761094703855142, 'JSW': 0.005871401345932932}"
311,2020-03-11,68836.1287454586,1.4551915228366852e-11,"{'PKO': 0.1650506375355959, 'PKN': 0.1456109734466534, 'PZU': 0.11527576660519447, 'CDR': 0.09580309238874486, 'PEO': 0.08930119760742596, 'KGH': 0.06596083678472556, 'LPP': 0.06093669537814201, 'SPL': 0.052351861551123875, 'CPS': 0.04210661831049766, 'PGE': 0.03631224059541467, 'DNP': 0.03435143902149179, 'MBK': 0.027047398141749886, 'OPL': 0.022953041993283536, 'CCC': 0.016840666716548637, 'ALR': 0.014465037873619625, 'TPE': 0.009761094703855142, 'JSW': 0.005871401345932932}"
312,2020-03-12,59524.852691872766,7.275957614183426e-12,"{'PKO': 0.1650506375355959, 'PKN': 0.1456109734466534, 'PZU': 0.11527576660519447, 'CDR': 0.09580309238874486, 'PEO': 0.08930119760742596, 'KGH': 0.06596083678472556, 'LPP': 0.06093669537814201, 'SPL': 0.052351861551123875, 'CPS': 0.04210661831049766, 'PGE': 0.03631224059541467, 'DNP': 0.03435143902149179, 'MBK': 0.027047398141749886, 'OPL': 0.022953041993283536, 'CCC': 0.016840666716548637, 'ALR': 0.014465037873619625, 'TPE': 0.009761094703855142, 'JSW': 0.005871401345932932}"
313,2020-03-13,61960.04717706205,1.4551915228366852e-11,"{'PKO': 0.1650506375355959, 'PKN': 0.1456109734466534, 'PZU': 0.11527576660519447, 'CDR': 0.09580309238874486, 'PEO': 0.08930119760742596, 'KGH': 0.06596083678472556, 'LPP': 0.06093669537814201, 'SPL': 0.052351861551123875, 'CPS': 0.04210661831049766, 'PGE': 0.03631224059541467, 'DNP': 0.03435143902149179, 'MBK': 0.027047398141749886, 'OPL': 0.022953041993283536, 'CCC': 0.016840666716548637, 'ALR': 0.014465037873619625, 'TPE': 0.009761094703855142, 'JSW': 0.005871401345932932}"
314,2020-03-16,60518.22235519023,-7.275957614183426e-12,"{'PKO': 0.1650506375355959, 'PKN': 0.1456109734466534, 'PZU': 0.11527576660519447, 'CDR': 0.09580309238874486, 'PEO': 0.08930119760742596, 'KGH': 0.06596083678472556, 'LPP': 0.06093669537814201, 'SPL': 0.052351861551123875, 'CPS': 0.04210661831049766, 'PGE': 0.03631224059541467, 'DNP': 0.03435143902149179, 'MBK': 0.027047398141749886, 'OPL': 0.022953041993283536, 'CCC': 0.016840666716548637, 'ALR': 0.014465037873619625, 'TPE': 0.009761094703855142, 'JSW': 0.005871401345932932}"
315,2020-03-17,64506.49483756472,-7.275957614183426e-12,"{'PKO': 0.1650506375355959, 'PKN': 0.1456109734466534, 'PZU': 0.11527576660519447, 'CDR': 0.09580309238874486, 'PEO': 0.08930119760742596, 'KGH': 0.06596083678472556, 'LPP': 0.06093669537814201, 'SPL': 0.052351861551123875, 'CPS': 0.04210661831049766, 'PGE': 0.03631224059541467, 'DNP': 0.03435143902149179, 'MBK': 0.027047398141749886, 'OPL': 0.022953041993283536, 'CCC': 0.016840666716548637, 'ALR': 0.014465037873619625, 'TPE': 0.009761094703855142, 'JSW': 0.005871401345932932}"
316,2020-03-18,63048.093668407935,1.4551915228366852e-11,"{'PKO': 0.1650506375355959, 'PKN': 0.1456109734466534, 'PZU': 0.11527576660519447, 'CDR': 0.09580309238874486, 'PEO': 0.08930119760742596, 'KGH': 0.06596083678472556, 'LPP': 0.06093669537814201, 'SPL': 0.052351861551123875, 'CPS': 0.04210661831049766, 'PGE': 0.03631224059541467, 'DNP': 0.03435143902149179, 'MBK': 0.027047398141749886, 'OPL': 0.022953041993283536, 'CCC': 0.016840666716548637, 'ALR': 0.014465037873619625, 'TPE': 0.009761094703855142, 'JSW': 0.005871401345932932}"
317,2020-03-19,66208.67667585469,0.0,"{'PKO': 0.1650506375355959, 'PKN': 0.1456109734466534, 'PZU': 0.11527576660519447, 'CDR': 0.09580309238874486, 'PEO': 0.08930119760742596, 'KGH': 0.06596083678472556, 'LPP': 0.06093669537814201, 'SPL': 0.052351861551123875, 'CPS': 0.04210661831049766, 'PGE': 0.03631224059541467, 'DNP': 0.03435143902149179, 'MBK': 0.027047398141749886, 'OPL': 0.022953041993283536, 'CCC': 0.016840666716548637, 'ALR': 0.014465037873619625, 'TPE': 0.009761094703855142, 'JSW': 0.005871401345932932}"
318,2020-03-20,67423.25214850582,0.0,"{'PKO': 0.16074868954280752, 'PZU': 0.12283827656772936, 'CDR': 0.12143225102402441, 'PKN': 0.11541389536599683, 'PEO': 0.09689596173345197, 'KGH': 0.06752952272457473, 'LPP': 0.0583364463385069, 'SPL': 0.05372411622418429, 'DNP': 0.04355629711029622, 'CPS': 0.04286036347557316, 'MBK': 0.026534784157108922, 'OPL': 0.026253796867971912, 'PGE': 0.02457440772126932, 'CCC': 0.014150650572702192, 'ALR': 0.012885118673565739, 'TPE': 0.007674873746312041, 'JSW': 0.004590548153924401}"
319,2020-03-23,63540.651505323454,-7.275957614183426e-12,"{'PKO': 0.16074868954280752, 'PZU': 0.12283827656772936, 'CDR': 0.12143225102402441, 'PKN': 0.11541389536599683, 'PEO': 0.09689596173345197, 'KGH': 0.06752952272457473, 'LPP': 0.0583364463385069, 'SPL': 0.05372411622418429, 'DNP': 0.04355629711029622, 'CPS': 0.04286036347557316, 'MBK': 0.026534784157108922, 'OPL': 0.026253796867971912, 'PGE': 0.02457440772126932, 'CCC': 0.014150650572702192, 'ALR': 0.012885118673565739, 'TPE': 0.007674873746312041, 'JSW': 0.004590548153924401}"
320,2020-03-24,65649.15821383594,0.0,"{'PKO': 0.16074868954280752, 'PZU': 0.12283827656772936, 'CDR': 0.12143225102402441, 'PKN': 0.11541389536599683, 'PEO': 0.09689596173345197, 'KGH': 0.06752952272457473, 'LPP': 0.0583364463385069, 'SPL': 0.05372411622418429, 'DNP': 0.04355629711029622, 'CPS': 0.04286036347557316, 'MBK': 0.026534784157108922, 'OPL': 0.026253796867971912, 'PGE': 0.02457440772126932, 'CCC': 0.014150650572702192, 'ALR': 0.012885118673565739, 'TPE': 0.007674873746312041, 'JSW': 0.004590548153924401}"
321,2020-03-25,65186.93316067929,0.0,"{'PKO': 0.16074868954280752, 'PZU': 0.12283827656772936, 'CDR': 0.12143225102402441, 'PKN': 0.11541389536599683, 'PEO': 0.09689596173345197, 'KGH': 0.06752952272457473, 'LPP': 0.0583364463385069, 'SPL': 0.05372411622418429, 'DNP': 0.04355629711029622, 'CPS': 0.04286036347557316, 'MBK': 0.026534784157108922, 'OPL': 0.026253796867971912, 'PGE': 0.02457440772126932, 'CCC': 0.014150650572702192, 'ALR': 0.012885118673565739, 'TPE': 0.007674873746312041, 'JSW': 0.004590548153924401}"
322,2020-03-26,67516.17969599465,1.4551915228366852e-11,"{'PKO': 0.16074868954280752, 'PZU': 0.12283827656772936, 'CDR': 0.12143225102402441, 'PKN': 0.11541389536599683, 'PEO': 0.09689596173345197, 'KGH': 0.06752952272457473, 'LPP': 0.0583364463385069, 'SPL': 0.05372411622418429, 'DNP': 0.04355629711029622, 'CPS': 0.04286036347557316, 'MBK': 0.026534784157108922, 'OPL': 0.026253796867971912, 'PGE': 0.02457440772126932, 'CCC': 0.014150650572702192, 'ALR': 0.012885118673565739, 'TPE': 0.007674873746312041, 'JSW': 0.004590548153924401}"
323,2020-03-27,66469.96358998152,0.0,"{'PKO': 0.16074868954280752, 'PZU': 0.12283827656772936, 'CDR': 0.12143225102402441, 'PKN': 0.11541389536599683, 'PEO': 0.09689596173345197, 'KGH': 0.06752952272457473, 'LPP': 0.0583364463385069, 'SPL': 0.05372411622418429, 'DNP': 0.04355629711029622, 'CPS': 0.04286036347557316, 'MBK': 0.026534784157108922, 'OPL': 0.026253796867971912, 'PGE': 0.02457440772126932, 'CCC': 0.014150650572702192, 'ALR': 0.012885118673565739, 'TPE': 0.007674873746312041, 'JSW': 0.004590548153924401}"
324,2020-03-30,66664.0953697791,0.0,"{'PKO': 0.16074868954280752, 'PZU': 0.12283827656772936, 'CDR': 0.12143225102402441, 'PKN': 0.11541389536599683, 'PEO': 0.09689596173345197, 'KGH': 0.06752952272457473, 'LPP': 0.0583364463385069, 'SPL': 0.05372411622418429, 'DNP': 0.04355629711029622, 'CPS': 0.04286036347557316, 'MBK': 0.026534784157108922, 'OPL': 0.026253796867971912, 'PGE': 0.02457440772126932, 'CCC': 0.014150650572702192, 'ALR': 0.012885118673565739, 'TPE': 0.007674873746312041, 'JSW': 0.004590548153924401}"
325,2020-03-31,67941.08228937707,1.4551915228366852e-11,"{'PKO': 0.16074868954280752, 'PZU': 0.12283827656772936, 'CDR': 0.12143225102402441, 'PKN': 0.11541389536599683, 'PEO': 0.09689596173345197, 'KGH': 0.06752952272457473, 'LPP': 0.0583364463385069, 'SPL': 0.05372411622418429, 'DNP': 0.04355629711029622, 'CPS': 0.04286036347557316, 'MBK': 0.026534784157108922, 'OPL': 0.026253796867971912, 'PGE': 0.02457440772126932, 'CCC': 0.014150650572702192, 'ALR': 0.012885118673565739, 'TPE': 0.007674873746312041, 'JSW': 0.004590548153924401}"
326,2020-04-01,66552.06604068386,0.0,"{'PKO': 0.16074868954280752, 'PZU': 0.12283827656772936, 'CDR': 0.12143225102402441, 'PKN': 0.11541389536599683, 'PEO': 0.09689596173345197, 'KGH': 0.06752952272457473, 'LPP': 0.0583364463385069, 'SPL': 0.05372411622418429, 'DNP': 0.04355629711029622, 'CPS': 0.04286036347557316, 'MBK': 0.026534784157108922, 'OPL': 0.026253796867971912, 'PGE': 0.02457440772126932, 'CCC': 0.014150650572702192, 'ALR': 0.012885118673565739, 'TPE': 0.007674873746312041, 'JSW': 0.004590548153924401}"
327,2020-04-02,66636.117734206,0.0,"{'PKO': 0.16074868954280752, 'PZU': 0.12283827656772936, 'CDR': 0.12143225102402441, 'PKN': 0.11541389536599683, 'PEO': 0.09689596173345197, 'KGH': 0.06752952272457473, 'LPP': 0.0583364463385069, 'SPL': 0.05372411622418429, 'DNP': 0.04355629711029622, 'CPS': 0.04286036347557316, 'MBK': 0.026534784157108922, 'OPL': 0.026253796867971912, 'PGE': 0.02457440772126932, 'CCC': 0.014150650572702192, 'ALR': 0.012885118673565739, 'TPE': 0.007674873746312041, 'JSW': 0.004590548153924401}"
328,2020-04-03,66912.4177886201,1.4551915228366852e-11,"{'PKO': 0.16074868954280752, 'PZU': 0.12283827656772936, 'CDR': 0.12143225102402441, 'PKN': 0.11541389536599683, 'PEO': 0.09689596173345197, 'KGH': 0.06752952272457473, 'LPP': 0.0583364463385069, 'SPL': 0.05372411622418429, 'DNP': 0.04355629711029622, 'CPS': 0.04286036347557316, 'MBK': 0.026534784157108922, 'OPL': 0.026253796867971912, 'PGE': 0.02457440772126932, 'CCC': 0.014150650572702192, 'ALR': 0.012885118673565739, 'TPE': 0.007674873746312041, 'JSW': 0.004590548153924401}"
329,2020-04-06,70519.07582498137,2.9103830456733704e-11,"{'PKO': 0.16074868954280752, 'PZU': 0.12283827656772936, 'CDR': 0.12143225102402441, 'PKN': 0.11541389536599683, 'PEO': 0.09689596173345197, 'KGH': 0.06752952272457473, 'LPP': 0.0583364463385069, 'SPL': 0.05372411622418429, 'DNP': 0.04355629711029622, 'CPS': 0.04286036347557316, 'MBK': 0.026534784157108922, 'OPL': 0.026253796867971912, 'PGE': 0.02457440772126932, 'CCC': 0.014150650572702192, 'ALR': 0.012885118673565739, 'TPE': 0.007674873746312041, 'JSW': 0.004590548153924401}"
330,2020-04-07,72051.6875355008,1.4551915228366852e-11,"{'PKO': 0.16074868954280752, 'PZU': 0.12283827656772936, 'CDR': 0.12143225102402441, 'PKN': 0.11541389536599683, 'PEO': 0.09689596173345197, 'KGH': 0.06752952272457473, 'LPP': 0.0583364463385069, 'SPL': 0.05372411622418429, 'DNP': 0.04355629711029622, 'CPS': 0.04286036347557316, 'MBK': 0.026534784157108922, 'OPL': 0.026253796867971912, 'PGE': 0.02457440772126932, 'CCC': 0.014150650572702192, 'ALR': 0.012885118673565739, 'TPE': 0.007674873746312041, 'JSW': 0.004590548153924401}"
331,2020-04-08,70243.22716098673,-1.4551915228366852e-11,"{'PKO': 0.16074868954280752, 'PZU': 0.12283827656772936, 'CDR': 0.12143225102402441, 'PKN': 0.11541389536599683, 'PEO': 0.09689596173345197, 'KGH': 0.06752952272457473, 'LPP': 0.0583364463385069, 'SPL': 0.05372411622418429, 'DNP': 0.04355629711029622, 'CPS': 0.04286036347557316, 'MBK': 0.026534784157108922, 'OPL': 0.026253796867971912, 'PGE': 0.02457440772126932, 'CCC': 0.014150650572702192, 'ALR': 0.012885118673565739, 'TPE': 0.007674873746312041, 'JSW': 0.004590548153924401}"
332,2020-04-09,71964.30063877448,0.0,"{'PKO': 0.16074868954280752, 'PZU': 0.12283827656772936, 'CDR': 0.12143225102402441, 'PKN': 0.11541389536599683, 'PEO': 0.09689596173345197, 'KGH': 0.06752952272457473, 'LPP': 0.0583364463385069, 'SPL': 0.05372411622418429, 'DNP': 0.04355629711029622, 'CPS': 0.04286036347557316, 'MBK': 0.026534784157108922, 'OPL': 0.026253796867971912, 'PGE': 0.02457440772126932, 'CCC': 0.014150650572702192, 'ALR': 0.012885118673565739, 'TPE': 0.007674873746312041, 'JSW': 0.004590548153924401}"
333,2020-04-10,71964.30063877448,0.0,"{'PKO': 0.16074868954280752, 'PZU': 0.12283827656772936, 'CDR': 0.12143225102402441, 'PKN': 0.11541389536599683, 'PEO': 0.09689596173345197, 'KGH': 0.06752952272457473, 'LPP': 0.0583364463385069, 'SPL': 0.05372411622418429, 'DNP': 0.04355629711029622, 'CPS': 0.04286036347557316, 'MBK': 0.026534784157108922, 'OPL': 0.026253796867971912, 'PGE': 0.02457440772126932, 'CCC': 0.014150650572702192, 'ALR': 0.012885118673565739, 'TPE': 0.007674873746312041, 'JSW': 0.004590548153924401}"
334,2020-04-13,71964.30063877448,0.0,"{'PKO': 0.16074868954280752, 'PZU': 0.12283827656772936, 'CDR': 0.12143225102402441, 'PKN': 0.11541389536599683, 'PEO': 0.09689596173345197, 'KGH': 0.06752952272457473, 'LPP': 0.0583364463385069, 'SPL': 0.05372411622418429, 'DNP': 0.04355629711029622, 'CPS': 0.04286036347557316, 'MBK': 0.026534784157108922, 'OPL': 0.026253796867971912, 'PGE': 0.02457440772126932, 'CCC': 0.014150650572702192, 'ALR': 0.012885118673565739, 'TPE': 0.007674873746312041, 'JSW': 0.004590548153924401}"
335,2020-04-14,74464.38012270174,0.0,"{'PKO': 0.16074868954280752, 'PZU': 0.12283827656772936, 'CDR': 0.12143225102402441, 'PKN': 0.11541389536599683, 'PEO': 0.09689596173345197, 'KGH': 0.06752952272457473, 'LPP': 0.0583364463385069, 'SPL': 0.05372411622418429, 'DNP': 0.04355629711029622, 'CPS': 0.04286036347557316, 'MBK': 0.026534784157108922, 'OPL': 0.026253796867971912, 'PGE': 0.02457440772126932, 'CCC': 0.014150650572702192, 'ALR': 0.012885118673565739, 'TPE': 0.007674873746312041, 'JSW': 0.004590548153924401}"
336,2020-04-15,71665.77920754367,1.4551915228366852e-11,"{'PKO': 0.16074868954280752, 'PZU': 0.12283827656772936, 'CDR': 0.12143225102402441, 'PKN': 0.11541389536599683, 'PEO': 0.09689596173345197, 'KGH': 0.06752952272457473, 'LPP': 0.0583364463385069, 'SPL': 0.05372411622418429, 'DNP': 0.04355629711029622, 'CPS': 0.04286036347557316, 'MBK': 0.026534784157108922, 'OPL': 0.026253796867971912, 'PGE': 0.02457440772126932, 'CCC': 0.014150650572702192, 'ALR': 0.012885118673565739, 'TPE': 0.007674873746312041, 'JSW': 0.004590548153924401}"
337,2020-04-16,71177.5738884605,1.4551915228366852e-11,"{'PKO': 0.16074868954280752, 'PZU': 0.12283827656772936, 'CDR': 0.12143225102402441, 'PKN': 0.11541389536599683, 'PEO': 0.09689596173345197, 'KGH': 0.06752952272457473, 'LPP': 0.0583364463385069, 'SPL': 0.05372411622418429, 'DNP': 0.04355629711029622, 'CPS': 0.04286036347557316, 'MBK': 0.026534784157108922, 'OPL': 0.026253796867971912, 'PGE': 0.02457440772126932, 'CCC': 0.014150650572702192, 'ALR': 0.012885118673565739, 'TPE': 0.007674873746312041, 'JSW': 0.004590548153924401}"
338,2020-04-17,72295.77015329506,1.4551915228366852e-11,"{'PKO': 0.16074868954280752, 'PZU': 0.12283827656772936, 'CDR': 0.12143225102402441, 'PKN': 0.11541389536599683, 'PEO': 0.09689596173345197, 'KGH': 0.06752952272457473, 'LPP': 0.0583364463385069, 'SPL': 0.05372411622418429, 'DNP': 0.04355629711029622, 'CPS': 0.04286036347557316, 'MBK': 0.026534784157108922, 'OPL': 0.026253796867971912, 'PGE': 0.02457440772126932, 'CCC': 0.014150650572702192, 'ALR': 0.012885118673565739, 'TPE': 0.007674873746312041, 'JSW': 0.004590548153924401}"
339,2020-04-20,72905.49951087027,1.4551915228366852e-11,"{'PKO': 0.16074868954280752, 'PZU': 0.12283827656772936, 'CDR': 0.12143225102402441, 'PKN': 0.11541389536599683, 'PEO': 0.09689596173345197, 'KGH': 0.06752952272457473, 'LPP': 0.0583364463385069, 'SPL': 0.05372411622418429, 'DNP': 0.04355629711029622, 'CPS': 0.04286036347557316, 'MBK': 0.026534784157108922, 'OPL': 0.026253796867971912, 'PGE': 0.02457440772126932, 'CCC': 0.014150650572702192, 'ALR': 0.012885118673565739, 'TPE': 0.007674873746312041, 'JSW': 0.004590548153924401}"
340,2020-04-21,69855.42730891074,0.0,"{'PKO': 0.16074868954280752, 'PZU': 0.12283827656772936, 'CDR': 0.12143225102402441, 'PKN': 0.11541389536599683, 'PEO': 0.09689596173345197, 'KGH': 0.06752952272457473, 'LPP': 0.0583364463385069, 'SPL': 0.05372411622418429, 'DNP': 0.04355629711029622, 'CPS': 0.04286036347557316, 'MBK': 0.026534784157108922, 'OPL': 0.026253796867971912, 'PGE': 0.02457440772126932, 'CCC': 0.014150650572702192, 'ALR': 0.012885118673565739, 'TPE': 0.007674873746312041, 'JSW': 0.004590548153924401}"
341,2020-04-22,71112.33114548854,0.0,"{'PKO': 0.16074868954280752, 'PZU': 0.12283827656772936, 'CDR': 0.12143225102402441, 'PKN': 0.11541389536599683, 'PEO': 0.09689596173345197, 'KGH': 0.06752952272457473, 'LPP': 0.0583364463385069, 'SPL': 0.05372411622418429, 'DNP': 0.04355629711029622, 'CPS': 0.04286036347557316, 'MBK': 0.026534784157108922, 'OPL': 0.026253796867971912, 'PGE': 0.02457440772126932, 'CCC': 0.014150650572702192, 'ALR': 0.012885118673565739, 'TPE': 0.007674873746312041, 'JSW': 0.004590548153924401}"
342,2020-04-23,71833.10680985714,2.9103830456733704e-11,"{'PKO': 0.16074868954280752, 'PZU': 0.12283827656772936, 'CDR': 0.12143225102402441, 'PKN': 0.11541389536599683, 'PEO': 0.09689596173345197, 'KGH': 0.06752952272457473, 'LPP': 0.0583364463385069, 'SPL': 0.05372411622418429, 'DNP': 0.04355629711029622, 'CPS': 0.04286036347557316, 'MBK': 0.026534784157108922, 'OPL': 0.026253796867971912, 'PGE': 0.02457440772126932, 'CCC': 0.014150650572702192, 'ALR': 0.012885118673565739, 'TPE': 0.007674873746312041, 'JSW': 0.004590548153924401}"
343,2020-04-24,70733.9335928605,0.0,"{'PKO': 0.16074868954280752, 'PZU': 0.12283827656772936, 'CDR': 0.12143225102402441, 'PKN': 0.11541389536599683, 'PEO': 0.09689596173345197, 'KGH': 0.06752952272457473, 'LPP': 0.0583364463385069, 'SPL': 0.05372411622418429, 'DNP': 0.04355629711029622, 'CPS': 0.04286036347557316, 'MBK': 0.026534784157108922, 'OPL': 0.026253796867971912, 'PGE': 0.02457440772126932, 'CCC': 0.014150650572702192, 'ALR': 0.012885118673565739, 'TPE': 0.007674873746312041, 'JSW': 0.004590548153924401}"
344,2020-04-27,69937.295302487,1.4551915228366852e-11,"{'PKO': 0.16074868954280752, 'PZU': 0.12283827656772936, 'CDR': 0.12143225102402441, 'PKN': 0.11541389536599683, 'PEO': 0.09689596173345197, 'KGH': 0.06752952272457473, 'LPP': 0.0583364463385069, 'SPL': 0.05372411622418429, 'DNP': 0.04355629711029622, 'CPS': 0.04286036347557316, 'MBK': 0.026534784157108922, 'OPL': 0.026253796867971912, 'PGE': 0.02457440772126932, 'CCC': 0.014150650572702192, 'ALR': 0.012885118673565739, 'TPE': 0.007674873746312041, 'JSW': 0.004590548153924401}"
345,2020-04-28,70296.85149903061,1.4551915228366852e-11,"{'PKO': 0.16074868954280752, 'PZU': 0.12283827656772936, 'CDR': 0.12143225102402441, 'PKN': 0.11541389536599683, 'PEO': 0.09689596173345197, 'KGH': 0.06752952272457473, 'LPP': 0.0583364463385069, 'SPL': 0.05372411622418429, 'DNP': 0.04355629711029622, 'CPS': 0.04286036347557316, 'MBK': 0.026534784157108922, 'OPL': 0.026253796867971912, 'PGE': 0.02457440772126932, 'CCC': 0.014150650572702192, 'ALR': 0.012885118673565739, 'TPE': 0.007674873746312041, 'JSW': 0.004590548153924401}"
346,2020-04-29,73570.72946788394,1.4551915228366852e-11,"{'PKO': 0.16074868954280752, 'PZU': 0.12283827656772936, 'CDR': 0.12143225102402441, 'PKN': 0.11541389536599683, 'PEO': 0.09689596173345197, 'KGH': 0.06752952272457473, 'LPP': 0.0583364463385069, 'SPL': 0.05372411622418429, 'DNP': 0.04355629711029622, 'CPS': 0.04286036347557316, 'MBK': 0.026534784157108922, 'OPL': 0.026253796867971912, 'PGE': 0.02457440772126932, 'CCC': 0.014150650572702192, 'ALR': 0.012885118673565739, 'TPE': 0.007674873746312041, 'JSW': 0.004590548153924401}"
347,2020-04-30,73517.77371543313,1.4551915228366852e-11,"{'PKO': 0.16074868954280752, 'PZU': 0.12283827656772936, 'CDR': 0.12143225102402441, 'PKN': 0.11541389536599683, 'PEO': 0.09689596173345197, 'KGH': 0.06752952272457473, 'LPP': 0.0583364463385069, 'SPL': 0.05372411622418429, 'DNP': 0.04355629711029622, 'CPS': 0.04286036347557316, 'MBK': 0.026534784157108922, 'OPL': 0.026253796867971912, 'PGE': 0.02457440772126932, 'CCC': 0.014150650572702192, 'ALR': 0.012885118673565739, 'TPE': 0.007674873746312041, 'JSW': 0.004590548153924401}"
348,2020-05-01,73517.77371543313,1.4551915228366852e-11,"{'PKO': 0.16074868954280752, 'PZU': 0.12283827656772936, 'CDR': 0.12143225102402441, 'PKN': 0.11541389536599683, 'PEO': 0.09689596173345197, 'KGH': 0.06752952272457473, 'LPP': 0.0583364463385069, 'SPL': 0.05372411622418429, 'DNP': 0.04355629711029622, 'CPS': 0.04286036347557316, 'MBK': 0.026534784157108922, 'OPL': 0.026253796867971912, 'PGE': 0.02457440772126932, 'CCC': 0.014150650572702192, 'ALR': 0.012885118673565739, 'TPE': 0.007674873746312041, 'JSW': 0.004590548153924401}"
349,2020-05-04,71194.41697136192,1.4551915228366852e-11,"{'PKO': 0.16074868954280752, 'PZU': 0.12283827656772936, 'CDR': 0.12143225102402441, 'PKN': 0.11541389536599683, 'PEO': 0.09689596173345197, 'KGH': 0.06752952272457473, 'LPP': 0.0583364463385069, 'SPL': 0.05372411622418429, 'DNP': 0.04355629711029622, 'CPS': 0.04286036347557316, 'MBK': 0.026534784157108922, 'OPL': 0.026253796867971912, 'PGE': 0.02457440772126932, 'CCC': 0.014150650572702192, 'ALR': 0.012885118673565739, 'TPE': 0.007674873746312041, 'JSW': 0.004590548153924401}"
350,2020-05-05,70901.47795396899,1.4551915228366852e-11,"{'PKO': 0.16074868954280752, 'PZU': 0.12283827656772936, 'CDR': 0.12143225102402441, 'PKN': 0.11541389536599683, 'PEO': 0.09689596173345197, 'KGH': 0.06752952272457473, 'LPP': 0.0583364463385069, 'SPL': 0.05372411622418429, 'DNP': 0.04355629711029622, 'CPS': 0.04286036347557316, 'MBK': 0.026534784157108922, 'OPL': 0.026253796867971912, 'PGE': 0.02457440772126932, 'CCC': 0.014150650572702192, 'ALR': 0.012885118673565739, 'TPE': 0.007674873746312041, 'JSW': 0.004590548153924401}"
351,2020-05-06,69505.15659443385,1.4551915228366852e-11,"{'PKO': 0.16074868954280752, 'PZU': 0.12283827656772936, 'CDR': 0.12143225102402441, 'PKN': 0.11541389536599683, 'PEO': 0.09689596173345197, 'KGH': 0.06752952272457473, 'LPP': 0.0583364463385069, 'SPL': 0.05372411622418429, 'DNP': 0.04355629711029622, 'CPS': 0.04286036347557316, 'MBK': 0.026534784157108922, 'OPL': 0.026253796867971912, 'PGE': 0.02457440772126932, 'CCC': 0.014150650572702192, 'ALR': 0.012885118673565739, 'TPE': 0.007674873746312041, 'JSW': 0.004590548153924401}"
352,2020-05-07,70454.60358817369,0.0,"{'PKO': 0.16074868954280752, 'PZU': 0.12283827656772936, 'CDR': 0.12143225102402441, 'PKN': 0.11541389536599683, 'PEO': 0.09689596173345197, 'KGH': 0.06752952272457473, 'LPP': 0.0583364463385069, 'SPL': 0.05372411622418429, 'DNP': 0.04355629711029622, 'CPS': 0.04286036347557316, 'MBK': 0.026534784157108922, 'OPL': 0.026253796867971912, 'PGE': 0.02457440772126932, 'CCC': 0.014150650572702192, 'ALR': 0.012885118673565739, 'TPE': 0.007674873746312041, 'JSW': 0.004590548153924401}"
353,2020-05-08,71300.38912730209,2.9103830456733704e-11,"{'PKO': 0.16074868954280752, 'PZU': 0.12283827656772936, 'CDR': 0.12143225102402441, 'PKN': 0.11541389536599683, 'PEO': 0.09689596173345197, 'KGH': 0.06752952272457473, 'LPP': 0.0583364463385069, 'SPL': 0.05372411622418429, 'DNP': 0.04355629711029622, 'CPS': 0.04286036347557316, 'MBK': 0.026534784157108922, 'OPL': 0.026253796867971912, 'PGE': 0.02457440772126932, 'CCC': 0.014150650572702192, 'ALR': 0.012885118673565739, 'TPE': 0.007674873746312041, 'JSW': 0.004590548153924401}"
354,2020-05-11,70249.78981855915,1.4551915228366852e-11,"{'PKO': 0.16074868954280752, 'PZU': 0.12283827656772936, 'CDR': 0.12143225102402441, 'PKN': 0.11541389536599683, 'PEO': 0.09689596173345197, 'KGH': 0.06752952272457473, 'LPP': 0.0583364463385069, 'SPL': 0.05372411622418429, 'DNP': 0.04355629711029622, 'CPS': 0.04286036347557316, 'MBK': 0.026534784157108922, 'OPL': 0.026253796867971912, 'PGE': 0.02457440772126932, 'CCC': 0.014150650572702192, 'ALR': 0.012885118673565739, 'TPE': 0.007674873746312041, 'JSW': 0.004590548153924401}"
355,2020-05-12,71961.50414339421,0.0,"{'PKO': 0.16074868954280752, 'PZU': 0.12283827656772936, 'CDR': 0.12143225102402441, 'PKN': 0.11541389536599683, 'PEO': 0.09689596173345197, 'KGH': 0.06752952272457473, 'LPP': 0.0583364463385069, 'SPL': 0.05372411622418429, 'DNP': 0.04355629711029622, 'CPS': 0.04286036347557316, 'MBK': 0.026534784157108922, 'OPL': 0.026253796867971912, 'PGE': 0.02457440772126932, 'CCC': 0.014150650572702192, 'ALR': 0.012885118673565739, 'TPE': 0.007674873746312041, 'JSW': 0.004590548153924401}"
356,2020-05-13,71707.16135867576,0.0,"{'PKO': 0.16074868954280752, 'PZU': 0.12283827656772936, 'CDR': 0.12143225102402441, 'PKN': 0.11541389536599683, 'PEO': 0.09689596173345197, 'KGH': 0.06752952272457473, 'LPP': 0.0583364463385069, 'SPL': 0.05372411622418429, 'DNP': 0.04355629711029622, 'CPS': 0.04286036347557316, 'MBK': 0.026534784157108922, 'OPL': 0.026253796867971912, 'PGE': 0.02457440772126932, 'CCC': 0.014150650572702192, 'ALR': 0.012885118673565739, 'TPE': 0.007674873746312041, 'JSW': 0.004590548153924401}"
357,2020-05-14,69975.62933522496,1.4551915228366852e-11,"{'PKO': 0.16074868954280752, 'PZU': 0.12283827656772936, 'CDR': 0.12143225102402441, 'PKN': 0.11541389536599683, 'PEO': 0.09689596173345197, 'KGH': 0.06752952272457473, 'LPP': 0.0583364463385069, 'SPL': 0.05372411622418429, 'DNP': 0.04355629711029622, 'CPS': 0.04286036347557316, 'MBK': 0.026534784157108922, 'OPL': 0.026253796867971912, 'PGE': 0.02457440772126932, 'CCC': 0.014150650572702192, 'ALR': 0.012885118673565739, 'TPE': 0.007674873746312041, 'JSW': 0.004590548153924401}"
358,2020-05-15,69729.56825570956,-1.4551915228366852e-11,"{'PKO': 0.16074868954280752, 'PZU': 0.12283827656772936, 'CDR': 0.12143225102402441, 'PKN': 0.11541389536599683, 'PEO': 0.09689596173345197, 'KGH': 0.06752952272457473, 'LPP': 0.0583364463385069, 'SPL': 0.05372411622418429, 'DNP': 0.04355629711029622, 'CPS': 0.04286036347557316, 'MBK': 0.026534784157108922, 'OPL': 0.026253796867971912, 'PGE': 0.02457440772126932, 'CCC': 0.014150650572702192, 'ALR': 0.012885118673565739, 'TPE': 0.007674873746312041, 'JSW': 0.004590548153924401}"
359,2020-05-18,72848.42639686808,0.0,"{'PKO': 0.16074868954280752, 'PZU': 0.12283827656772936, 'CDR': 0.12143225102402441, 'PKN': 0.11541389536599683, 'PEO': 0.09689596173345197, 'KGH': 0.06752952272457473, 'LPP': 0.0583364463385069, 'SPL': 0.05372411622418429, 'DNP': 0.04355629711029622, 'CPS': 0.04286036347557316, 'MBK': 0.026534784157108922, 'OPL': 0.026253796867971912, 'PGE': 0.02457440772126932, 'CCC': 0.014150650572702192, 'ALR': 0.012885118673565739, 'TPE': 0.007674873746312041, 'JSW': 0.004590548153924401}"
360,2020-05-19,72884.7385807001,1.4551915228366852e-11,"{'PKO': 0.16074868954280752, 'PZU': 0.12283827656772936, 'CDR': 0.12143225102402441, 'PKN': 0.11541389536599683, 'PEO': 0.09689596173345197, 'KGH': 0.06752952272457473, 'LPP': 0.0583364463385069, 'SPL': 0.05372411622418429, 'DNP': 0.04355629711029622, 'CPS': 0.04286036347557316, 'MBK': 0.026534784157108922, 'OPL': 0.026253796867971912, 'PGE': 0.02457440772126932, 'CCC': 0.014150650572702192, 'ALR': 0.012885118673565739, 'TPE': 0.007674873746312041, 'JSW': 0.004590548153924401}"
361,2020-05-20,73287.40723332629,0.0,"{'PKO': 0.16074868954280752, 'PZU': 0.12283827656772936, 'CDR': 0.12143225102402441, 'PKN': 0.11541389536599683, 'PEO': 0.09689596173345197, 'KGH': 0.06752952272457473, 'LPP': 0.0583364463385069, 'SPL': 0.05372411622418429, 'DNP': 0.04355629711029622, 'CPS': 0.04286036347557316, 'MBK': 0.026534784157108922, 'OPL': 0.026253796867971912, 'PGE': 0.02457440772126932, 'CCC': 0.014150650572702192, 'ALR': 0.012885118673565739, 'TPE': 0.007674873746312041, 'JSW': 0.004590548153924401}"
362,2020-05-21,72752.7968678519,0.0,"{'PKO': 0.16074868954280752, 'PZU': 0.12283827656772936, 'CDR': 0.12143225102402441, 'PKN': 0.11541389536599683, 'PEO': 0.09689596173345197, 'KGH': 0.06752952272457473, 'LPP': 0.0583364463385069, 'SPL': 0.05372411622418429, 'DNP': 0.04355629711029622, 'CPS': 0.04286036347557316, 'MBK': 0.026534784157108922, 'OPL': 0.026253796867971912, 'PGE': 0.02457440772126932, 'CCC': 0.014150650572702192, 'ALR': 0.012885118673565739, 'TPE': 0.007674873746312041, 'JSW': 0.004590548153924401}"
363,2020-05-22,72278.68924871423,-2.9103830456733704e-11,"{'PKO': 0.16074868954280752, 'PZU': 0.12283827656772936, 'CDR': 0.12143225102402441, 'PKN': 0.11541389536599683, 'PEO': 0.09689596173345197, 'KGH': 0.06752952272457473, 'LPP': 0.0583364463385069, 'SPL': 0.05372411622418429, 'DNP': 0.04355629711029622, 'CPS': 0.04286036347557316, 'MBK': 0.026534784157108922, 'OPL': 0.026253796867971912, 'PGE': 0.02457440772126932, 'CCC': 0.014150650572702192, 'ALR': 0.012885118673565739, 'TPE': 0.007674873746312041, 'JSW': 0.004590548153924401}"
364,2020-05-25,72860.25677164488,-1.4551915228366852e-11,"{'PKO': 0.16074868954280752, 'PZU': 0.12283827656772936, 'CDR': 0.12143225102402441, 'PKN': 0.11541389536599683, 'PEO': 0.09689596173345197, 'KGH': 0.06752952272457473, 'LPP': 0.0583364463385069, 'SPL': 0.05372411622418429, 'DNP': 0.04355629711029622, 'CPS': 0.04286036347557316, 'MBK': 0.026534784157108922, 'OPL': 0.026253796867971912, 'PGE': 0.02457440772126932, 'CCC': 0.014150650572702192, 'ALR': 0.012885118673565739, 'TPE': 0.007674873746312041, 'JSW': 0.004590548153924401}"
365,2020-05-26,76053.33400463352,0.0,"{'PKO': 0.16074868954280752, 'PZU': 0.12283827656772936, 'CDR': 0.12143225102402441, 'PKN': 0.11541389536599683, 'PEO': 0.09689596173345197, 'KGH': 0.06752952272457473, 'LPP': 0.0583364463385069, 'SPL': 0.05372411622418429, 'DNP': 0.04355629711029622, 'CPS': 0.04286036347557316, 'MBK': 0.026534784157108922, 'OPL': 0.026253796867971912, 'PGE': 0.02457440772126932, 'CCC': 0.014150650572702192, 'ALR': 0.012885118673565739, 'TPE': 0.007674873746312041, 'JSW': 0.004590548153924401}"
366,2020-05-27,76635.7667619982,0.0,"{'PKO': 0.16074868954280752, 'PZU': 0.12283827656772936, 'CDR': 0.12143225102402441, 'PKN': 0.11541389536599683, 'PEO': 0.09689596173345197, 'KGH': 0.06752952272457473, 'LPP': 0.0583364463385069, 'SPL': 0.05372411622418429, 'DNP': 0.04355629711029622, 'CPS': 0.04286036347557316, 'MBK': 0.026534784157108922, 'OPL': 0.026253796867971912, 'PGE': 0.02457440772126932, 'CCC': 0.014150650572702192, 'ALR': 0.012885118673565739, 'TPE': 0.007674873746312041, 'JSW': 0.004590548153924401}"
367,2020-05-28,76707.96303169627,0.0,"{'PKO': 0.16074868954280752, 'PZU': 0.12283827656772936, 'CDR': 0.12143225102402441, 'PKN': 0.11541389536599683, 'PEO': 0.09689596173345197, 'KGH': 0.06752952272457473, 'LPP': 0.0583364463385069, 'SPL': 0.05372411622418429, 'DNP': 0.04355629711029622, 'CPS': 0.04286036347557316, 'MBK': 0.026534784157108922, 'OPL': 0.026253796867971912, 'PGE': 0.02457440772126932, 'CCC': 0.014150650572702192, 'ALR': 0.012885118673565739, 'TPE': 0.007674873746312041, 'JSW': 0.004590548153924401}"
368,2020-05-29,76752.94460736384,-1.4551915228366852e-11,"{'PKO': 0.16074868954280752, 'PZU': 0.12283827656772936, 'CDR': 0.12143225102402441, 'PKN': 0.11541389536599683, 'PEO': 0.09689596173345197, 'KGH': 0.06752952272457473, 'LPP': 0.0583364463385069, 'SPL': 0.05372411622418429, 'DNP': 0.04355629711029622, 'CPS': 0.04286036347557316, 'MBK': 0.026534784157108922, 'OPL': 0.026253796867971912, 'PGE': 0.02457440772126932, 'CCC': 0.014150650572702192, 'ALR': 0.012885118673565739, 'TPE': 0.007674873746312041, 'JSW': 0.004590548153924401}"
369,2020-06-01,77242.29171413994,2.9103830456733704e-11,"{'PKO': 0.16074868954280752, 'PZU': 0.12283827656772936, 'CDR': 0.12143225102402441, 'PKN': 0.11541389536599683, 'PEO': 0.09689596173345197, 'KGH': 0.06752952272457473, 'LPP': 0.0583364463385069, 'SPL': 0.05372411622418429, 'DNP': 0.04355629711029622, 'CPS': 0.04286036347557316, 'MBK': 0.026534784157108922, 'OPL': 0.026253796867971912, 'PGE': 0.02457440772126932, 'CCC': 0.014150650572702192, 'ALR': 0.012885118673565739, 'TPE': 0.007674873746312041, 'JSW': 0.004590548153924401}"
370,2020-06-02,77385.78080023933,1.4551915228366852e-11,"{'PKO': 0.16074868954280752, 'PZU': 0.12283827656772936, 'CDR': 0.12143225102402441, 'PKN': 0.11541389536599683, 'PEO': 0.09689596173345197, 'KGH': 0.06752952272457473, 'LPP': 0.0583364463385069, 'SPL': 0.05372411622418429, 'DNP': 0.04355629711029622, 'CPS': 0.04286036347557316, 'MBK': 0.026534784157108922, 'OPL': 0.026253796867971912, 'PGE': 0.02457440772126932, 'CCC': 0.014150650572702192, 'ALR': 0.012885118673565739, 'TPE': 0.007674873746312041, 'JSW': 0.004590548153924401}"
371,2020-06-03,79003.50609504002,0.0,"{'PKO': 0.16074868954280752, 'PZU': 0.12283827656772936, 'CDR': 0.12143225102402441, 'PKN': 0.11541389536599683, 'PEO': 0.09689596173345197, 'KGH': 0.06752952272457473, 'LPP': 0.0583364463385069, 'SPL': 0.05372411622418429, 'DNP': 0.04355629711029622, 'CPS': 0.04286036347557316, 'MBK': 0.026534784157108922, 'OPL': 0.026253796867971912, 'PGE': 0.02457440772126932, 'CCC': 0.014150650572702192, 'ALR': 0.012885118673565739, 'TPE': 0.007674873746312041, 'JSW': 0.004590548153924401}"
372,2020-06-04,80121.77977967447,2.9103830456733704e-11,"{'PKO': 0.16074868954280752, 'PZU': 0.12283827656772936, 'CDR': 0.12143225102402441, 'PKN': 0.11541389536599683, 'PEO': 0.09689596173345197, 'KGH': 0.06752952272457473, 'LPP': 0.0583364463385069, 'SPL': 0.05372411622418429, 'DNP': 0.04355629711029622, 'CPS': 0.04286036347557316, 'MBK': 0.026534784157108922, 'OPL': 0.026253796867971912, 'PGE': 0.02457440772126932, 'CCC': 0.014150650572702192, 'ALR': 0.012885118673565739, 'TPE': 0.007674873746312041, 'JSW': 0.004590548153924401}"
373,2020-06-05,82916.69410919229,1.4551915228366852e-11,"{'PKO': 0.16074868954280752, 'PZU': 0.12283827656772936, 'CDR': 0.12143225102402441, 'PKN': 0.11541389536599683, 'PEO': 0.09689596173345197, 'KGH': 0.06752952272457473, 'LPP': 0.0583364463385069, 'SPL': 0.05372411622418429, 'DNP': 0.04355629711029622, 'CPS': 0.04286036347557316, 'MBK': 0.026534784157108922, 'OPL': 0.026253796867971912, 'PGE': 0.02457440772126932, 'CCC': 0.014150650572702192, 'ALR': 0.012885118673565739, 'TPE': 0.007674873746312041, 'JSW': 0.004590548153924401}"
374,2020-06-08,83285.41737714327,0.0,"{'PKO': 0.16074868954280752, 'PZU': 0.12283827656772936, 'CDR': 0.12143225102402441, 'PKN': 0.11541389536599683, 'PEO': 0.09689596173345197, 'KGH': 0.06752952272457473, 'LPP': 0.0583364463385069, 'SPL': 0.05372411622418429, 'DNP': 0.04355629711029622, 'CPS': 0.04286036347557316, 'MBK': 0.026534784157108922, 'OPL': 0.026253796867971912, 'PGE': 0.02457440772126932, 'CCC': 0.014150650572702192, 'ALR': 0.012885118673565739, 'TPE': 0.007674873746312041, 'JSW': 0.004590548153924401}"
375,2020-06-09,82713.25299078319,-1.4551915228366852e-11,"{'PKO': 0.16074868954280752, 'PZU': 0.12283827656772936, 'CDR': 0.12143225102402441, 'PKN': 0.11541389536599683, 'PEO': 0.09689596173345197, 'KGH': 0.06752952272457473, 'LPP': 0.0583364463385069, 'SPL': 0.05372411622418429, 'DNP': 0.04355629711029622, 'CPS': 0.04286036347557316, 'MBK': 0.026534784157108922, 'OPL': 0.026253796867971912, 'PGE': 0.02457440772126932, 'CCC': 0.014150650572702192, 'ALR': 0.012885118673565739, 'TPE': 0.007674873746312041, 'JSW': 0.004590548153924401}"
376,2020-06-10,82575.7920010637,1.4551915228366852e-11,"{'PKO': 0.16074868954280752, 'PZU': 0.12283827656772936, 'CDR': 0.12143225102402441, 'PKN': 0.11541389536599683, 'PEO': 0.09689596173345197, 'KGH': 0.06752952272457473, 'LPP': 0.0583364463385069, 'SPL': 0.05372411622418429, 'DNP': 0.04355629711029622, 'CPS': 0.04286036347557316, 'MBK': 0.026534784157108922, 'OPL': 0.026253796867971912, 'PGE': 0.02457440772126932, 'CCC': 0.014150650572702192, 'ALR': 0.012885118673565739, 'TPE': 0.007674873746312041, 'JSW': 0.004590548153924401}"
377,2020-06-11,82575.7920010637,1.4551915228366852e-11,"{'PKO': 0.16074868954280752, 'PZU': 0.12283827656772936, 'CDR': 0.12143225102402441, 'PKN': 0.11541389536599683, 'PEO': 0.09689596173345197, 'KGH': 0.06752952272457473, 'LPP': 0.0583364463385069, 'SPL': 0.05372411622418429, 'DNP': 0.04355629711029622, 'CPS': 0.04286036347557316, 'MBK': 0.026534784157108922, 'OPL': 0.026253796867971912, 'PGE': 0.02457440772126932, 'CCC': 0.014150650572702192, 'ALR': 0.012885118673565739, 'TPE': 0.007674873746312041, 'JSW': 0.004590548153924401}"
378,2020-06-12,80058.49038233145,0.0,"{'PKO': 0.16074868954280752, 'PZU': 0.12283827656772936, 'CDR': 0.12143225102402441, 'PKN': 0.11541389536599683, 'PEO': 0.09689596173345197, 'KGH': 0.06752952272457473, 'LPP': 0.0583364463385069, 'SPL': 0.05372411622418429, 'DNP': 0.04355629711029622, 'CPS': 0.04286036347557316, 'MBK': 0.026534784157108922, 'OPL': 0.026253796867971912, 'PGE': 0.02457440772126932, 'CCC': 0.014150650572702192, 'ALR': 0.012885118673565739, 'TPE': 0.007674873746312041, 'JSW': 0.004590548153924401}"
379,2020-06-15,77560.58973193135,1.4551915228366852e-11,"{'PKO': 0.16074868954280752, 'PZU': 0.12283827656772936, 'CDR': 0.12143225102402441, 'PKN': 0.11541389536599683, 'PEO': 0.09689596173345197, 'KGH': 0.06752952272457473, 'LPP': 0.0583364463385069, 'SPL': 0.05372411622418429, 'DNP': 0.04355629711029622, 'CPS': 0.04286036347557316, 'MBK': 0.026534784157108922, 'OPL': 0.026253796867971912, 'PGE': 0.02457440772126932, 'CCC': 0.014150650572702192, 'ALR': 0.012885118673565739, 'TPE': 0.007674873746312041, 'JSW': 0.004590548153924401}"
380,2020-06-16,80598.96144215428,4.3655745685100555e-11,"{'PKO': 0.16074868954280752, 'PZU': 0.12283827656772936, 'CDR': 0.12143225102402441, 'PKN': 0.11541389536599683, 'PEO': 0.09689596173345197, 'KGH': 0.06752952272457473, 'LPP': 0.0583364463385069, 'SPL': 0.05372411622418429, 'DNP': 0.04355629711029622, 'CPS': 0.04286036347557316, 'MBK': 0.026534784157108922, 'OPL': 0.026253796867971912, 'PGE': 0.02457440772126932, 'CCC': 0.014150650572702192, 'ALR': 0.012885118673565739, 'TPE': 0.007674873746312041, 'JSW': 0.004590548153924401}"
381,2020-06-17,80070.06579072711,-1.4551915228366852e-11,"{'PKO': 0.16074868954280752, 'PZU': 0.12283827656772936, 'CDR': 0.12143225102402441, 'PKN': 0.11541389536599683, 'PEO': 0.09689596173345197, 'KGH': 0.06752952272457473, 'LPP': 0.0583364463385069, 'SPL': 0.05372411622418429, 'DNP': 0.04355629711029622, 'CPS': 0.04286036347557316, 'MBK': 0.026534784157108922, 'OPL': 0.026253796867971912, 'PGE': 0.02457440772126932, 'CCC': 0.014150650572702192, 'ALR': 0.012885118673565739, 'TPE': 0.007674873746312041, 'JSW': 0.004590548153924401}"
382,2020-06-18,80316.0209561065,2.9103830456733704e-11,"{'PKO': 0.16074868954280752, 'PZU': 0.12283827656772936, 'CDR': 0.12143225102402441, 'PKN': 0.11541389536599683, 'PEO': 0.09689596173345197, 'KGH': 0.06752952272457473, 'LPP': 0.0583364463385069, 'SPL': 0.05372411622418429, 'DNP': 0.04355629711029622, 'CPS': 0.04286036347557316, 'MBK': 0.026534784157108922, 'OPL': 0.026253796867971912, 'PGE': 0.02457440772126932, 'CCC': 0.014150650572702192, 'ALR': 0.012885118673565739, 'TPE': 0.007674873746312041, 'JSW': 0.004590548153924401}"
383,2020-06-19,80762.09059456186,0.0,"{'CDR': 0.16699416514607174, 'PKO': 0.13129812975174315, 'PKN': 0.13077264777232378, 'PZU': 0.11921983739004678, 'KGH': 0.07891692820157131, 'PEO': 0.06468104245827594, 'DNP': 0.06079225314871695, 'LPP': 0.058802769468161015, 'CPS': 0.049103619034471385, 'SPL': 0.035840765600524585, 'OPL': 0.03003819764134296, 'PGE': 0.02417217105329077, 'MBK': 0.017301939496093953, 'CCC': 0.009787101866685665, 'TPE': 0.008672679278976378, 'ALR': 0.008642619928458745, 'JSW': 0.004963132763244761}"
384,2020-06-22,80298.4586741877,1.4551915228366852e-11,"{'CDR': 0.16699416514607174, 'PKO': 0.13129812975174315, 'PKN': 0.13077264777232378, 'PZU': 0.11921983739004678, 'KGH': 0.07891692820157131, 'PEO': 0.06468104245827594, 'DNP': 0.06079225314871695, 'LPP': 0.058802769468161015, 'CPS': 0.049103619034471385, 'SPL': 0.035840765600524585, 'OPL': 0.03003819764134296, 'PGE': 0.02417217105329077, 'MBK': 0.017301939496093953, 'CCC': 0.009787101866685665, 'TPE': 0.008672679278976378, 'ALR': 0.008642619928458745, 'JSW': 0.004963132763244761}"
385,2020-06-23,81862.18546339343,1.4551915228366852e-11,"{'CDR': 0.16699416514607174, 'PKO': 0.13129812975174315, 'PKN': 0.13077264777232378, 'PZU': 0.11921983739004678, 'KGH': 0.07891692820157131, 'PEO': 0.06468104245827594, 'DNP': 0.06079225314871695, 'LPP': 0.058802769468161015, 'CPS': 0.049103619034471385, 'SPL': 0.035840765600524585, 'OPL': 0.03003819764134296, 'PGE': 0.02417217105329077, 'MBK': 0.017301939496093953, 'CCC': 0.009787101866685665, 'TPE': 0.008672679278976378, 'ALR': 0.008642619928458745, 'JSW': 0.004963132763244761}"
386,2020-06-24,79977.80920345448,1.4551915228366852e-11,"{'CDR': 0.16699416514607174, 'PKO': 0.13129812975174315, 'PKN': 0.13077264777232378, 'PZU': 0.11921983739004678, 'KGH': 0.07891692820157131, 'PEO': 0.06468104245827594, 'DNP': 0.06079225314871695, 'LPP': 0.058802769468161015, 'CPS': 0.049103619034471385, 'SPL': 0.035840765600524585, 'OPL': 0.03003819764134296, 'PGE': 0.02417217105329077, 'MBK': 0.017301939496093953, 'CCC': 0.009787101866685665, 'TPE': 0.008672679278976378, 'ALR': 0.008642619928458745, 'JSW': 0.004963132763244761}"
387,2020-06-25,80397.72013814708,0.0,"{'CDR': 0.16699416514607174, 'PKO': 0.13129812975174315, 'PKN': 0.13077264777232378, 'PZU': 0.11921983739004678, 'KGH': 0.07891692820157131, 'PEO': 0.06468104245827594, 'DNP': 0.06079225314871695, 'LPP': 0.058802769468161015, 'CPS': 0.049103619034471385, 'SPL': 0.035840765600524585, 'OPL': 0.03003819764134296, 'PGE': 0.02417217105329077, 'MBK': 0.017301939496093953, 'CCC': 0.009787101866685665, 'TPE': 0.008672679278976378, 'ALR': 0.008642619928458745, 'JSW': 0.004963132763244761}"
388,2020-06-26,78774.59999414033,2.9103830456733704e-11,"{'CDR': 0.16699416514607174, 'PKO': 0.13129812975174315, 'PKN': 0.13077264777232378, 'PZU': 0.11921983739004678, 'KGH': 0.07891692820157131, 'PEO': 0.06468104245827594, 'DNP': 0.06079225314871695, 'LPP': 0.058802769468161015, 'CPS': 0.049103619034471385, 'SPL': 0.035840765600524585, 'OPL': 0.03003819764134296, 'PGE': 0.02417217105329077, 'MBK': 0.017301939496093953, 'CCC': 0.009787101866685665, 'TPE': 0.008672679278976378, 'ALR': 0.008642619928458745, 'JSW': 0.004963132763244761}"
389,2020-06-29,79151.35913736119,-1.4551915228366852e-11,"{'CDR': 0.16699416514607174, 'PKO': 0.13129812975174315, 'PKN': 0.13077264777232378, 'PZU': 0.11921983739004678, 'KGH': 0.07891692820157131, 'PEO': 0.06468104245827594, 'DNP': 0.06079225314871695, 'LPP': 0.058802769468161015, 'CPS': 0.049103619034471385, 'SPL': 0.035840765600524585, 'OPL': 0.03003819764134296, 'PGE': 0.02417217105329077, 'MBK': 0.017301939496093953, 'CCC': 0.009787101866685665, 'TPE': 0.008672679278976378, 'ALR': 0.008642619928458745, 'JSW': 0.004963132763244761}"
390,2020-06-30,78546.30410921194,2.9103830456733704e-11,"{'CDR': 0.16699416514607174, 'PKO': 0.13129812975174315, 'PKN': 0.13077264777232378, 'PZU': 0.11921983739004678, 'KGH': 0.07891692820157131, 'PEO': 0.06468104245827594, 'DNP': 0.06079225314871695, 'LPP': 0.058802769468161015, 'CPS': 0.049103619034471385, 'SPL': 0.035840765600524585, 'OPL': 0.03003819764134296, 'PGE': 0.02417217105329077, 'MBK': 0.017301939496093953, 'CCC': 0.009787101866685665, 'TPE': 0.008672679278976378, 'ALR': 0.008642619928458745, 'JSW': 0.004963132763244761}"
391,2020-07-01,79126.89224133488,1.4551915228366852e-11,"{'CDR': 0.16699416514607174, 'PKO': 0.13129812975174315, 'PKN': 0.13077264777232378, 'PZU': 0.11921983739004678, 'KGH': 0.07891692820157131, 'PEO': 0.06468104245827594, 'DNP': 0.06079225314871695, 'LPP': 0.058802769468161015, 'CPS': 0.049103619034471385, 'SPL': 0.035840765600524585, 'OPL': 0.03003819764134296, 'PGE': 0.02417217105329077, 'MBK': 0.017301939496093953, 'CCC': 0.009787101866685665, 'TPE': 0.008672679278976378, 'ALR': 0.008642619928458745, 'JSW': 0.004963132763244761}"
392,2020-07-02,80476.88998811362,0.0,"{'CDR': 0.16699416514607174, 'PKO': 0.13129812975174315, 'PKN': 0.13077264777232378, 'PZU': 0.11921983739004678, 'KGH': 0.07891692820157131, 'PEO': 0.06468104245827594, 'DNP': 0.06079225314871695, 'LPP': 0.058802769468161015, 'CPS': 0.049103619034471385, 'SPL': 0.035840765600524585, 'OPL': 0.03003819764134296, 'PGE': 0.02417217105329077, 'MBK': 0.017301939496093953, 'CCC': 0.009787101866685665, 'TPE': 0.008672679278976378, 'ALR': 0.008642619928458745, 'JSW': 0.004963132763244761}"
393,2020-07-03,80418.8121659564,2.9103830456733704e-11,"{'CDR': 0.16699416514607174, 'PKO': 0.13129812975174315, 'PKN': 0.13077264777232378, 'PZU': 0.11921983739004678, 'KGH': 0.07891692820157131, 'PEO': 0.06468104245827594, 'DNP': 0.06079225314871695, 'LPP': 0.058802769468161015, 'CPS': 0.049103619034471385, 'SPL': 0.035840765600524585, 'OPL': 0.03003819764134296, 'PGE': 0.02417217105329077, 'MBK': 0.017301939496093953, 'CCC': 0.009787101866685665, 'TPE': 0.008672679278976378, 'ALR': 0.008642619928458745, 'JSW': 0.004963132763244761}"
394,2020-07-06,81196.228918024,0.0,"{'CDR': 0.16699416514607174, 'PKO': 0.13129812975174315, 'PKN': 0.13077264777232378, 'PZU': 0.11921983739004678, 'KGH': 0.07891692820157131, 'PEO': 0.06468104245827594, 'DNP': 0.06079225314871695, 'LPP': 0.058802769468161015, 'CPS': 0.049103619034471385, 'SPL': 0.035840765600524585, 'OPL': 0.03003819764134296, 'PGE': 0.02417217105329077, 'MBK': 0.017301939496093953, 'CCC': 0.009787101866685665, 'TPE': 0.008672679278976378, 'ALR': 0.008642619928458745, 'JSW': 0.004963132763244761}"
395,2020-07-07,80441.24559803747,0.0,"{'CDR': 0.16699416514607174, 'PKO': 0.13129812975174315, 'PKN': 0.13077264777232378, 'PZU': 0.11921983739004678, 'KGH': 0.07891692820157131, 'PEO': 0.06468104245827594, 'DNP': 0.06079225314871695, 'LPP': 0.058802769468161015, 'CPS': 0.049103619034471385, 'SPL': 0.035840765600524585, 'OPL': 0.03003819764134296, 'PGE': 0.02417217105329077, 'MBK': 0.017301939496093953, 'CCC': 0.009787101866685665, 'TPE': 0.008672679278976378, 'ALR': 0.008642619928458745, 'JSW': 0.004963132763244761}"
396,2020-07-08,79805.74641839357,2.9103830456733704e-11,"{'CDR': 0.16699416514607174, 'PKO': 0.13129812975174315, 'PKN': 0.13077264777232378, 'PZU': 0.11921983739004678, 'KGH': 0.07891692820157131, 'PEO': 0.06468104245827594, 'DNP': 0.06079225314871695, 'LPP': 0.058802769468161015, 'CPS': 0.049103619034471385, 'SPL': 0.035840765600524585, 'OPL': 0.03003819764134296, 'PGE': 0.02417217105329077, 'MBK': 0.017301939496093953, 'CCC': 0.009787101866685665, 'TPE': 0.008672679278976378, 'ALR': 0.008642619928458745, 'JSW': 0.004963132763244761}"
397,2020-07-09,79751.12202943531,0.0,"{'CDR': 0.16699416514607174, 'PKO': 0.13129812975174315, 'PKN': 0.13077264777232378, 'PZU': 0.11921983739004678, 'KGH': 0.07891692820157131, 'PEO': 0.06468104245827594, 'DNP': 0.06079225314871695, 'LPP': 0.058802769468161015, 'CPS': 0.049103619034471385, 'SPL': 0.035840765600524585, 'OPL': 0.03003819764134296, 'PGE': 0.02417217105329077, 'MBK': 0.017301939496093953, 'CCC': 0.009787101866685665, 'TPE': 0.008672679278976378, 'ALR': 0.008642619928458745, 'JSW': 0.004963132763244761}"
398,2020-07-10,79959.68368323466,1.4551915228366852e-11,"{'CDR': 0.16699416514607174, 'PKO': 0.13129812975174315, 'PKN': 0.13077264777232378, 'PZU': 0.11921983739004678, 'KGH': 0.07891692820157131, 'PEO': 0.06468104245827594, 'DNP': 0.06079225314871695, 'LPP': 0.058802769468161015, 'CPS': 0.049103619034471385, 'SPL': 0.035840765600524585, 'OPL': 0.03003819764134296, 'PGE': 0.02417217105329077, 'MBK': 0.017301939496093953, 'CCC': 0.009787101866685665, 'TPE': 0.008672679278976378, 'ALR': 0.008642619928458745, 'JSW': 0.004963132763244761}"
399,2020-07-13,80221.07353525599,2.9103830456733704e-11,"{'CDR': 0.16699416514607174, 'PKO': 0.13129812975174315, 'PKN': 0.13077264777232378, 'PZU': 0.11921983739004678, 'KGH': 0.07891692820157131, 'PEO': 0.06468104245827594, 'DNP': 0.06079225314871695, 'LPP': 0.058802769468161015, 'CPS': 0.049103619034471385, 'SPL': 0.035840765600524585, 'OPL': 0.03003819764134296, 'PGE': 0.02417217105329077, 'MBK': 0.017301939496093953, 'CCC': 0.009787101866685665, 'TPE': 0.008672679278976378, 'ALR': 0.008642619928458745, 'JSW': 0.004963132763244761}"
400,2020-07-14,78329.3284677701,4.3655745685100555e-11,"{'CDR': 0.16699416514607174, 'PKO': 0.13129812975174315, 'PKN': 0.13077264777232378, 'PZU': 0.11921983739004678, 'KGH': 0.07891692820157131, 'PEO': 0.06468104245827594, 'DNP': 0.06079225314871695, 'LPP': 0.058802769468161015, 'CPS': 0.049103619034471385, 'SPL': 0.035840765600524585, 'OPL': 0.03003819764134296, 'PGE': 0.02417217105329077, 'MBK': 0.017301939496093953, 'CCC': 0.009787101866685665, 'TPE': 0.008672679278976378, 'ALR': 0.008642619928458745, 'JSW': 0.004963132763244761}"
401,2020-07-15,79420.145285367,2.9103830456733704e-11,"{'CDR': 0.16699416514607174, 'PKO': 0.13129812975174315, 'PKN': 0.13077264777232378, 'PZU': 0.11921983739004678, 'KGH': 0.07891692820157131, 'PEO': 0.06468104245827594, 'DNP': 0.06079225314871695, 'LPP': 0.058802769468161015, 'CPS': 0.049103619034471385, 'SPL': 0.035840765600524585, 'OPL': 0.03003819764134296, 'PGE': 0.02417217105329077, 'MBK': 0.017301939496093953, 'CCC': 0.009787101866685665, 'TPE': 0.008672679278976378, 'ALR': 0.008642619928458745, 'JSW': 0.004963132763244761}"
402,2020-07-16,79865.56271105031,0.0,"{'CDR': 0.16699416514607174, 'PKO': 0.13129812975174315, 'PKN': 0.13077264777232378, 'PZU': 0.11921983739004678, 'KGH': 0.07891692820157131, 'PEO': 0.06468104245827594, 'DNP': 0.06079225314871695, 'LPP': 0.058802769468161015, 'CPS': 0.049103619034471385, 'SPL': 0.035840765600524585, 'OPL': 0.03003819764134296, 'PGE': 0.02417217105329077, 'MBK': 0.017301939496093953, 'CCC': 0.009787101866685665, 'TPE': 0.008672679278976378, 'ALR': 0.008642619928458745, 'JSW': 0.004963132763244761}"
403,2020-07-17,79721.41882558148,1.4551915228366852e-11,"{'CDR': 0.16699416514607174, 'PKO': 0.13129812975174315, 'PKN': 0.13077264777232378, 'PZU': 0.11921983739004678, 'KGH': 0.07891692820157131, 'PEO': 0.06468104245827594, 'DNP': 0.06079225314871695, 'LPP': 0.058802769468161015, 'CPS': 0.049103619034471385, 'SPL': 0.035840765600524585, 'OPL': 0.03003819764134296, 'PGE': 0.02417217105329077, 'MBK': 0.017301939496093953, 'CCC': 0.009787101866685665, 'TPE': 0.008672679278976378, 'ALR': 0.008642619928458745, 'JSW': 0.004963132763244761}"
404,2020-07-20,81652.33237184676,1.4551915228366852e-11,"{'CDR': 0.16699416514607174, 'PKO': 0.13129812975174315, 'PKN': 0.13077264777232378, 'PZU': 0.11921983739004678, 'KGH': 0.07891692820157131, 'PEO': 0.06468104245827594, 'DNP': 0.06079225314871695, 'LPP': 0.058802769468161015, 'CPS': 0.049103619034471385, 'SPL': 0.035840765600524585, 'OPL': 0.03003819764134296, 'PGE': 0.02417217105329077, 'MBK': 0.017301939496093953, 'CCC': 0.009787101866685665, 'TPE': 0.008672679278976378, 'ALR': 0.008642619928458745, 'JSW': 0.004963132763244761}"
405,2020-07-21,81960.80812822266,1.4551915228366852e-11,"{'CDR': 0.16699416514607174, 'PKO': 0.13129812975174315, 'PKN': 0.13077264777232378, 'PZU': 0.11921983739004678, 'KGH': 0.07891692820157131, 'PEO': 0.06468104245827594, 'DNP': 0.06079225314871695, 'LPP': 0.058802769468161015, 'CPS': 0.049103619034471385, 'SPL': 0.035840765600524585, 'OPL': 0.03003819764134296, 'PGE': 0.02417217105329077, 'MBK': 0.017301939496093953, 'CCC': 0.009787101866685665, 'TPE': 0.008672679278976378, 'ALR': 0.008642619928458745, 'JSW': 0.004963132763244761}"
406,2020-07-22,81201.68375213345,0.0,"{'CDR': 0.16699416514607174, 'PKO': 0.13129812975174315, 'PKN': 0.13077264777232378, 'PZU': 0.11921983739004678, 'KGH': 0.07891692820157131, 'PEO': 0.06468104245827594, 'DNP': 0.06079225314871695, 'LPP': 0.058802769468161015, 'CPS': 0.049103619034471385, 'SPL': 0.035840765600524585, 'OPL': 0.03003819764134296, 'PGE': 0.02417217105329077, 'MBK': 0.017301939496093953, 'CCC': 0.009787101866685665, 'TPE': 0.008672679278976378, 'ALR': 0.008642619928458745, 'JSW': 0.004963132763244761}"
407,2020-07-23,80694.26873534985,0.0,"{'CDR': 0.16699416514607174, 'PKO': 0.13129812975174315, 'PKN': 0.13077264777232378, 'PZU': 0.11921983739004678, 'KGH': 0.07891692820157131, 'PEO': 0.06468104245827594, 'DNP': 0.06079225314871695, 'LPP': 0.058802769468161015, 'CPS': 0.049103619034471385, 'SPL': 0.035840765600524585, 'OPL': 0.03003819764134296, 'PGE': 0.02417217105329077, 'MBK': 0.017301939496093953, 'CCC': 0.009787101866685665, 'TPE': 0.008672679278976378, 'ALR': 0.008642619928458745, 'JSW': 0.004963132763244761}"
408,2020-07-24,80295.8681838217,-1.4551915228366852e-11,"{'CDR': 0.16699416514607174, 'PKO': 0.13129812975174315, 'PKN': 0.13077264777232378, 'PZU': 0.11921983739004678, 'KGH': 0.07891692820157131, 'PEO': 0.06468104245827594, 'DNP': 0.06079225314871695, 'LPP': 0.058802769468161015, 'CPS': 0.049103619034471385, 'SPL': 0.035840765600524585, 'OPL': 0.03003819764134296, 'PGE': 0.02417217105329077, 'MBK': 0.017301939496093953, 'CCC': 0.009787101866685665, 'TPE': 0.008672679278976378, 'ALR': 0.008642619928458745, 'JSW': 0.004963132763244761}"
409,2020-07-27,80970.53917500183,1.4551915228366852e-11,"{'CDR': 0.16699416514607174, 'PKO': 0.13129812975174315, 'PKN': 0.13077264777232378, 'PZU': 0.11921983739004678, 'KGH': 0.07891692820157131, 'PEO': 0.06468104245827594, 'DNP': 0.06079225314871695, 'LPP': 0.058802769468161015, 'CPS': 0.049103619034471385, 'SPL': 0.035840765600524585, 'OPL': 0.03003819764134296, 'PGE': 0.02417217105329077, 'MBK': 0.017301939496093953, 'CCC': 0.009787101866685665, 'TPE': 0.008672679278976378, 'ALR': 0.008642619928458745, 'JSW': 0.004963132763244761}"
410,2020-07-28,80752.46428732497,1.4551915228366852e-11,"{'CDR': 0.16699416514607174, 'PKO': 0.13129812975174315, 'PKN': 0.13077264777232378, 'PZU': 0.11921983739004678, 'KGH': 0.07891692820157131, 'PEO': 0.06468104245827594, 'DNP': 0.06079225314871695, 'LPP': 0.058802769468161015, 'CPS': 0.049103619034471385, 'SPL': 0.035840765600524585, 'OPL': 0.03003819764134296, 'PGE': 0.02417217105329077, 'MBK': 0.017301939496093953, 'CCC': 0.009787101866685665, 'TPE': 0.008672679278976378, 'ALR': 0.008642619928458745, 'JSW': 0.004963132763244761}"
411,2020-07-29,80933.02319220222,-1.4551915228366852e-11,"{'CDR': 0.16699416514607174, 'PKO': 0.13129812975174315, 'PKN': 0.13077264777232378, 'PZU': 0.11921983739004678, 'KGH': 0.07891692820157131, 'PEO': 0.06468104245827594, 'DNP': 0.06079225314871695, 'LPP': 0.058802769468161015, 'CPS': 0.049103619034471385, 'SPL': 0.035840765600524585, 'OPL': 0.03003819764134296, 'PGE': 0.02417217105329077, 'MBK': 0.017301939496093953, 'CCC': 0.009787101866685665, 'TPE': 0.008672679278976378, 'ALR': 0.008642619928458745, 'JSW': 0.004963132763244761}"
412,2020-07-30,78259.29556401086,-1.4551915228366852e-11,"{'CDR': 0.16699416514607174, 'PKO': 0.13129812975174315, 'PKN': 0.13077264777232378, 'PZU': 0.11921983739004678, 'KGH': 0.07891692820157131, 'PEO': 0.06468104245827594, 'DNP': 0.06079225314871695, 'LPP': 0.058802769468161015, 'CPS': 0.049103619034471385, 'SPL': 0.035840765600524585, 'OPL': 0.03003819764134296, 'PGE': 0.02417217105329077, 'MBK': 0.017301939496093953, 'CCC': 0.009787101866685665, 'TPE': 0.008672679278976378, 'ALR': 0.008642619928458745, 'JSW': 0.004963132763244761}"
413,2020-07-31,78564.38641382351,-1.4551915228366852e-11,"{'CDR': 0.16699416514607174, 'PKO': 0.13129812975174315, 'PKN': 0.13077264777232378, 'PZU': 0.11921983739004678, 'KGH': 0.07891692820157131, 'PEO': 0.06468104245827594, 'DNP': 0.06079225314871695, 'LPP': 0.058802769468161015, 'CPS': 0.049103619034471385, 'SPL': 0.035840765600524585, 'OPL': 0.03003819764134296, 'PGE': 0.02417217105329077, 'MBK': 0.017301939496093953, 'CCC': 0.009787101866685665, 'TPE': 0.008672679278976378, 'ALR': 0.008642619928458745, 'JSW': 0.004963132763244761}"
414,2020-08-03,80272.00862050963,0.0,"{'CDR': 0.16699416514607174, 'PKO': 0.13129812975174315, 'PKN': 0.13077264777232378, 'PZU': 0.11921983739004678, 'KGH': 0.07891692820157131, 'PEO': 0.06468104245827594, 'DNP': 0.06079225314871695, 'LPP': 0.058802769468161015, 'CPS': 0.049103619034471385, 'SPL': 0.035840765600524585, 'OPL': 0.03003819764134296, 'PGE': 0.02417217105329077, 'MBK': 0.017301939496093953, 'CCC': 0.009787101866685665, 'TPE': 0.008672679278976378, 'ALR': 0.008642619928458745, 'JSW': 0.004963132763244761}"
415,2020-08-04,80774.51011837508,0.0,"{'CDR': 0.16699416514607174, 'PKO': 0.13129812975174315, 'PKN': 0.13077264777232378, 'PZU': 0.11921983739004678, 'KGH': 0.07891692820157131, 'PEO': 0.06468104245827594, 'DNP': 0.06079225314871695, 'LPP': 0.058802769468161015, 'CPS': 0.049103619034471385, 'SPL': 0.035840765600524585, 'OPL': 0.03003819764134296, 'PGE': 0.02417217105329077, 'MBK': 0.017301939496093953, 'CCC': 0.009787101866685665, 'TPE': 0.008672679278976378, 'ALR': 0.008642619928458745, 'JSW': 0.004963132763244761}"
416,2020-08-05,81440.24382945124,1.4551915228366852e-11,"{'CDR': 0.16699416514607174, 'PKO': 0.13129812975174315, 'PKN': 0.13077264777232378, 'PZU': 0.11921983739004678, 'KGH': 0.07891692820157131, 'PEO': 0.06468104245827594, 'DNP': 0.06079225314871695, 'LPP': 0.058802769468161015, 'CPS': 0.049103619034471385, 'SPL': 0.035840765600524585, 'OPL': 0.03003819764134296, 'PGE': 0.02417217105329077, 'MBK': 0.017301939496093953, 'CCC': 0.009787101866685665, 'TPE': 0.008672679278976378, 'ALR': 0.008642619928458745, 'JSW': 0.004963132763244761}"
417,2020-08-06,80684.35207942521,0.0,"{'CDR': 0.16699416514607174, 'PKO': 0.13129812975174315, 'PKN': 0.13077264777232378, 'PZU': 0.11921983739004678, 'KGH': 0.07891692820157131, 'PEO': 0.06468104245827594, 'DNP': 0.06079225314871695, 'LPP': 0.058802769468161015, 'CPS': 0.049103619034471385, 'SPL': 0.035840765600524585, 'OPL': 0.03003819764134296, 'PGE': 0.02417217105329077, 'MBK': 0.017301939496093953, 'CCC': 0.009787101866685665, 'TPE': 0.008672679278976378, 'ALR': 0.008642619928458745, 'JSW': 0.004963132763244761}"
418,2020-08-07,80837.02569793547,1.4551915228366852e-11,"{'CDR': 0.16699416514607174, 'PKO': 0.13129812975174315, 'PKN': 0.13077264777232378, 'PZU': 0.11921983739004678, 'KGH': 0.07891692820157131, 'PEO': 0.06468104245827594, 'DNP': 0.06079225314871695, 'LPP': 0.058802769468161015, 'CPS': 0.049103619034471385, 'SPL': 0.035840765600524585, 'OPL': 0.03003819764134296, 'PGE': 0.02417217105329077, 'MBK': 0.017301939496093953, 'CCC': 0.009787101866685665, 'TPE': 0.008672679278976378, 'ALR': 0.008642619928458745, 'JSW': 0.004963132763244761}"
419,2020-08-10,81152.83340092252,1.4551915228366852e-11,"{'CDR': 0.16699416514607174, 'PKO': 0.13129812975174315, 'PKN': 0.13077264777232378, 'PZU': 0.11921983739004678, 'KGH': 0.07891692820157131, 'PEO': 0.06468104245827594, 'DNP': 0.06079225314871695, 'LPP': 0.058802769468161015, 'CPS': 0.049103619034471385, 'SPL': 0.035840765600524585, 'OPL': 0.03003819764134296, 'PGE': 0.02417217105329077, 'MBK': 0.017301939496093953, 'CCC': 0.009787101866685665, 'TPE': 0.008672679278976378, 'ALR': 0.008642619928458745, 'JSW': 0.004963132763244761}"
420,2020-08-11,82631.27654913394,1.4551915228366852e-11,"{'CDR': 0.16699416514607174, 'PKO': 0.13129812975174315, 'PKN': 0.13077264777232378, 'PZU': 0.11921983739004678, 'KGH': 0.07891692820157131, 'PEO': 0.06468104245827594, 'DNP': 0.06079225314871695, 'LPP': 0.058802769468161015, 'CPS': 0.049103619034471385, 'SPL': 0.035840765600524585, 'OPL': 0.03003819764134296, 'PGE': 0.02417217105329077, 'MBK': 0.017301939496093953, 'CCC': 0.009787101866685665, 'TPE': 0.008672679278976378, 'ALR': 0.008642619928458745, 'JSW': 0.004963132763244761}"
421,2020-08-12,83096.32446184341,1.4551915228366852e-11,"{'CDR': 0.16699416514607174, 'PKO': 0.13129812975174315, 'PKN': 0.13077264777232378, 'PZU': 0.11921983739004678, 'KGH': 0.07891692820157131, 'PEO': 0.06468104245827594, 'DNP': 0.06079225314871695, 'LPP': 0.058802769468161015, 'CPS': 0.049103619034471385, 'SPL': 0.035840765600524585, 'OPL': 0.03003819764134296, 'PGE': 0.02417217105329077, 'MBK': 0.017301939496093953, 'CCC': 0.009787101866685665, 'TPE': 0.008672679278976378, 'ALR': 0.008642619928458745, 'JSW': 0.004963132763244761}"
422,2020-08-13,83179.9485528551,1.4551915228366852e-11,"{'CDR': 0.16699416514607174, 'PKO': 0.13129812975174315, 'PKN': 0.13077264777232378, 'PZU': 0.11921983739004678, 'KGH': 0.07891692820157131, 'PEO': 0.06468104245827594, 'DNP': 0.06079225314871695, 'LPP': 0.058802769468161015, 'CPS': 0.049103619034471385, 'SPL': 0.035840765600524585, 'OPL': 0.03003819764134296, 'PGE': 0.02417217105329077, 'MBK': 0.017301939496093953, 'CCC': 0.009787101866685665, 'TPE': 0.008672679278976378, 'ALR': 0.008642619928458745, 'JSW': 0.004963132763244761}"
423,2020-08-14,83077.42955797749,-1.4551915228366852e-11,"{'CDR': 0.16699416514607174, 'PKO': 0.13129812975174315, 'PKN': 0.13077264777232378, 'PZU': 0.11921983739004678, 'KGH': 0.07891692820157131, 'PEO': 0.06468104245827594, 'DNP': 0.06079225314871695, 'LPP': 0.058802769468161015, 'CPS': 0.049103619034471385, 'SPL': 0.035840765600524585, 'OPL': 0.03003819764134296, 'PGE': 0.02417217105329077, 'MBK': 0.017301939496093953, 'CCC': 0.009787101866685665, 'TPE': 0.008672679278976378, 'ALR': 0.008642619928458745, 'JSW': 0.004963132763244761}"
424,2020-08-17,83366.06504683125,-1.4551915228366852e-11,"{'CDR': 0.16699416514607174, 'PKO': 0.13129812975174315, 'PKN': 0.13077264777232378, 'PZU': 0.11921983739004678, 'KGH': 0.07891692820157131, 'PEO': 0.06468104245827594, 'DNP': 0.06079225314871695, 'LPP': 0.058802769468161015, 'CPS': 0.049103619034471385, 'SPL': 0.035840765600524585, 'OPL': 0.03003819764134296, 'PGE': 0.02417217105329077, 'MBK': 0.017301939496093953, 'CCC': 0.009787101866685665, 'TPE': 0.008672679278976378, 'ALR': 0.008642619928458745, 'JSW': 0.004963132763244761}"
425,2020-08-18,82215.11055536866,4.3655745685100555e-11,"{'CDR': 0.16699416514607174, 'PKO': 0.13129812975174315, 'PKN': 0.13077264777232378, 'PZU': 0.11921983739004678, 'KGH': 0.07891692820157131, 'PEO': 0.06468104245827594, 'DNP': 0.06079225314871695, 'LPP': 0.058802769468161015, 'CPS': 0.049103619034471385, 'SPL': 0.035840765600524585, 'OPL': 0.03003819764134296, 'PGE': 0.02417217105329077, 'MBK': 0.017301939496093953, 'CCC': 0.009787101866685665, 'TPE': 0.008672679278976378, 'ALR': 0.008642619928458745, 'JSW': 0.004963132763244761}"
426,2020-08-19,81865.65954569199,1.4551915228366852e-11,"{'CDR': 0.16699416514607174, 'PKO': 0.13129812975174315, 'PKN': 0.13077264777232378, 'PZU': 0.11921983739004678, 'KGH': 0.07891692820157131, 'PEO': 0.06468104245827594, 'DNP': 0.06079225314871695, 'LPP': 0.058802769468161015, 'CPS': 0.049103619034471385, 'SPL': 0.035840765600524585, 'OPL': 0.03003819764134296, 'PGE': 0.02417217105329077, 'MBK': 0.017301939496093953, 'CCC': 0.009787101866685665, 'TPE': 0.008672679278976378, 'ALR': 0.008642619928458745, 'JSW': 0.004963132763244761}"
427,2020-08-20,81124.42613665709,0.0,"{'CDR': 0.16699416514607174, 'PKO': 0.13129812975174315, 'PKN': 0.13077264777232378, 'PZU': 0.11921983739004678, 'KGH': 0.07891692820157131, 'PEO': 0.06468104245827594, 'DNP': 0.06079225314871695, 'LPP': 0.058802769468161015, 'CPS': 0.049103619034471385, 'SPL': 0.035840765600524585, 'OPL': 0.03003819764134296, 'PGE': 0.02417217105329077, 'MBK': 0.017301939496093953, 'CCC': 0.009787101866685665, 'TPE': 0.008672679278976378, 'ALR': 0.008642619928458745, 'JSW': 0.004963132763244761}"
428,2020-08-21,81456.14084427203,0.0,"{'CDR': 0.16699416514607174, 'PKO': 0.13129812975174315, 'PKN': 0.13077264777232378, 'PZU': 0.11921983739004678, 'KGH': 0.07891692820157131, 'PEO': 0.06468104245827594, 'DNP': 0.06079225314871695, 'LPP': 0.058802769468161015, 'CPS': 0.049103619034471385, 'SPL': 0.035840765600524585, 'OPL': 0.03003819764134296, 'PGE': 0.02417217105329077, 'MBK': 0.017301939496093953, 'CCC': 0.009787101866685665, 'TPE': 0.008672679278976378, 'ALR': 0.008642619928458745, 'JSW': 0.004963132763244761}"
429,2020-08-24,82316.36877214919,1.4551915228366852e-11,"{'CDR': 0.16699416514607174, 'PKO': 0.13129812975174315, 'PKN': 0.13077264777232378, 'PZU': 0.11921983739004678, 'KGH': 0.07891692820157131, 'PEO': 0.06468104245827594, 'DNP': 0.06079225314871695, 'LPP': 0.058802769468161015, 'CPS': 0.049103619034471385, 'SPL': 0.035840765600524585, 'OPL': 0.03003819764134296, 'PGE': 0.02417217105329077, 'MBK': 0.017301939496093953, 'CCC': 0.009787101866685665, 'TPE': 0.008672679278976378, 'ALR': 0.008642619928458745, 'JSW': 0.004963132763244761}"
430,2020-08-25,81396.01714429838,0.0,"{'CDR': 0.16699416514607174, 'PKO': 0.13129812975174315, 'PKN': 0.13077264777232378, 'PZU': 0.11921983739004678, 'KGH': 0.07891692820157131, 'PEO': 0.06468104245827594, 'DNP': 0.06079225314871695, 'LPP': 0.058802769468161015, 'CPS': 0.049103619034471385, 'SPL': 0.035840765600524585, 'OPL': 0.03003819764134296, 'PGE': 0.02417217105329077, 'MBK': 0.017301939496093953, 'CCC': 0.009787101866685665, 'TPE': 0.008672679278976378, 'ALR': 0.008642619928458745, 'JSW': 0.004963132763244761}"
431,2020-08-26,82743.21686695049,1.4551915228366852e-11,"{'CDR': 0.16699416514607174, 'PKO': 0.13129812975174315, 'PKN': 0.13077264777232378, 'PZU': 0.11921983739004678, 'KGH': 0.07891692820157131, 'PEO': 0.06468104245827594, 'DNP': 0.06079225314871695, 'LPP': 0.058802769468161015, 'CPS': 0.049103619034471385, 'SPL': 0.035840765600524585, 'OPL': 0.03003819764134296, 'PGE': 0.02417217105329077, 'MBK': 0.017301939496093953, 'CCC': 0.009787101866685665, 'TPE': 0.008672679278976378, 'ALR': 0.008642619928458745, 'JSW': 0.004963132763244761}"
432,2020-08-27,82831.16825383365,2.9103830456733704e-11,"{'CDR': 0.16699416514607174, 'PKO': 0.13129812975174315, 'PKN': 0.13077264777232378, 'PZU': 0.11921983739004678, 'KGH': 0.07891692820157131, 'PEO': 0.06468104245827594, 'DNP': 0.06079225314871695, 'LPP': 0.058802769468161015, 'CPS': 0.049103619034471385, 'SPL': 0.035840765600524585, 'OPL': 0.03003819764134296, 'PGE': 0.02417217105329077, 'MBK': 0.017301939496093953, 'CCC': 0.009787101866685665, 'TPE': 0.008672679278976378, 'ALR': 0.008642619928458745, 'JSW': 0.004963132763244761}"
433,2020-08-28,81991.76213053509,1.4551915228366852e-11,"{'CDR': 0.16699416514607174, 'PKO': 0.13129812975174315, 'PKN': 0.13077264777232378, 'PZU': 0.11921983739004678, 'KGH': 0.07891692820157131, 'PEO': 0.06468104245827594, 'DNP': 0.06079225314871695, 'LPP': 0.058802769468161015, 'CPS': 0.049103619034471385, 'SPL': 0.035840765600524585, 'OPL': 0.03003819764134296, 'PGE': 0.02417217105329077, 'MBK': 0.017301939496093953, 'CCC': 0.009787101866685665, 'TPE': 0.008672679278976378, 'ALR': 0.008642619928458745, 'JSW': 0.004963132763244761}"
434,2020-08-31,80657.71097525781,2.9103830456733704e-11,"{'CDR': 0.16699416514607174, 'PKO': 0.13129812975174315, 'PKN': 0.13077264777232378, 'PZU': 0.11921983739004678, 'KGH': 0.07891692820157131, 'PEO': 0.06468104245827594, 'DNP': 0.06079225314871695, 'LPP': 0.058802769468161015, 'CPS': 0.049103619034471385, 'SPL': 0.035840765600524585, 'OPL': 0.03003819764134296, 'PGE': 0.02417217105329077, 'MBK': 0.017301939496093953, 'CCC': 0.009787101866685665, 'TPE': 0.008672679278976378, 'ALR': 0.008642619928458745, 'JSW': 0.004963132763244761}"
435,2020-09-01,79440.72919618306,-1.4551915228366852e-11,"{'CDR': 0.16699416514607174, 'PKO': 0.13129812975174315, 'PKN': 0.13077264777232378, 'PZU': 0.11921983739004678, 'KGH': 0.07891692820157131, 'PEO': 0.06468104245827594, 'DNP': 0.06079225314871695, 'LPP': 0.058802769468161015, 'CPS': 0.049103619034471385, 'SPL': 0.035840765600524585, 'OPL': 0.03003819764134296, 'PGE': 0.02417217105329077, 'MBK': 0.017301939496093953, 'CCC': 0.009787101866685665, 'TPE': 0.008672679278976378, 'ALR': 0.008642619928458745, 'JSW': 0.004963132763244761}"
436,2020-09-02,79936.3304231192,1.4551915228366852e-11,"{'CDR': 0.16699416514607174, 'PKO': 0.13129812975174315, 'PKN': 0.13077264777232378, 'PZU': 0.11921983739004678, 'KGH': 0.07891692820157131, 'PEO': 0.06468104245827594, 'DNP': 0.06079225314871695, 'LPP': 0.058802769468161015, 'CPS': 0.049103619034471385, 'SPL': 0.035840765600524585, 'OPL': 0.03003819764134296, 'PGE': 0.02417217105329077, 'MBK': 0.017301939496093953, 'CCC': 0.009787101866685665, 'TPE': 0.008672679278976378, 'ALR': 0.008642619928458745, 'JSW': 0.004963132763244761}"
437,2020-09-03,79395.44844030072,0.0,"{'CDR': 0.16699416514607174, 'PKO': 0.13129812975174315, 'PKN': 0.13077264777232378, 'PZU': 0.11921983739004678, 'KGH': 0.07891692820157131, 'PEO': 0.06468104245827594, 'DNP': 0.06079225314871695, 'LPP': 0.058802769468161015, 'CPS': 0.049103619034471385, 'SPL': 0.035840765600524585, 'OPL': 0.03003819764134296, 'PGE': 0.02417217105329077, 'MBK': 0.017301939496093953, 'CCC': 0.009787101866685665, 'TPE': 0.008672679278976378, 'ALR': 0.008642619928458745, 'JSW': 0.004963132763244761}"
438,2020-09-04,78827.98857403015,2.9103830456733704e-11,"{'CDR': 0.16699416514607174, 'PKO': 0.13129812975174315, 'PKN': 0.13077264777232378, 'PZU': 0.11921983739004678, 'KGH': 0.07891692820157131, 'PEO': 0.06468104245827594, 'DNP': 0.06079225314871695, 'LPP': 0.058802769468161015, 'CPS': 0.049103619034471385, 'SPL': 0.035840765600524585, 'OPL': 0.03003819764134296, 'PGE': 0.02417217105329077, 'MBK': 0.017301939496093953, 'CCC': 0.009787101866685665, 'TPE': 0.008672679278976378, 'ALR': 0.008642619928458745, 'JSW': 0.004963132763244761}"
439,2020-09-07,79407.8132443194,1.4551915228366852e-11,"{'CDR': 0.16699416514607174, 'PKO': 0.13129812975174315, 'PKN': 0.13077264777232378, 'PZU': 0.11921983739004678, 'KGH': 0.07891692820157131, 'PEO': 0.06468104245827594, 'DNP': 0.06079225314871695, 'LPP': 0.058802769468161015, 'CPS': 0.049103619034471385, 'SPL': 0.035840765600524585, 'OPL': 0.03003819764134296, 'PGE': 0.02417217105329077, 'MBK': 0.017301939496093953, 'CCC': 0.009787101866685665, 'TPE': 0.008672679278976378, 'ALR': 0.008642619928458745, 'JSW': 0.004963132763244761}"
440,2020-09-08,77745.79319899305,2.9103830456733704e-11,"{'CDR': 0.16699416514607174, 'PKO': 0.13129812975174315, 'PKN': 0.13077264777232378, 'PZU': 0.11921983739004678, 'KGH': 0.07891692820157131, 'PEO': 0.06468104245827594, 'DNP': 0.06079225314871695, 'LPP': 0.058802769468161015, 'CPS': 0.049103619034471385, 'SPL': 0.035840765600524585, 'OPL': 0.03003819764134296, 'PGE': 0.02417217105329077, 'MBK': 0.017301939496093953, 'CCC': 0.009787101866685665, 'TPE': 0.008672679278976378, 'ALR': 0.008642619928458745, 'JSW': 0.004963132763244761}"
441,2020-09-09,79514.13265931969,0.0,"{'CDR': 0.16699416514607174, 'PKO': 0.13129812975174315, 'PKN': 0.13077264777232378, 'PZU': 0.11921983739004678, 'KGH': 0.07891692820157131, 'PEO': 0.06468104245827594, 'DNP': 0.06079225314871695, 'LPP': 0.058802769468161015, 'CPS': 0.049103619034471385, 'SPL': 0.035840765600524585, 'OPL': 0.03003819764134296, 'PGE': 0.02417217105329077, 'MBK': 0.017301939496093953, 'CCC': 0.009787101866685665, 'TPE': 0.008672679278976378, 'ALR': 0.008642619928458745, 'JSW': 0.004963132763244761}"
442,2020-09-10,79242.94526849767,0.0,"{'CDR': 0.16699416514607174, 'PKO': 0.13129812975174315, 'PKN': 0.13077264777232378, 'PZU': 0.11921983739004678, 'KGH': 0.07891692820157131, 'PEO': 0.06468104245827594, 'DNP': 0.06079225314871695, 'LPP': 0.058802769468161015, 'CPS': 0.049103619034471385, 'SPL': 0.035840765600524585, 'OPL': 0.03003819764134296, 'PGE': 0.02417217105329077, 'MBK': 0.017301939496093953, 'CCC': 0.009787101866685665, 'TPE': 0.008672679278976378, 'ALR': 0.008642619928458745, 'JSW': 0.004963132763244761}"
443,2020-09-11,79691.6795231127,2.9103830456733704e-11,"{'CDR': 0.16699416514607174, 'PKO': 0.13129812975174315, 'PKN': 0.13077264777232378, 'PZU': 0.11921983739004678, 'KGH': 0.07891692820157131, 'PEO': 0.06468104245827594, 'DNP': 0.06079225314871695, 'LPP': 0.058802769468161015, 'CPS': 0.049103619034471385, 'SPL': 0.035840765600524585, 'OPL': 0.03003819764134296, 'PGE': 0.02417217105329077, 'MBK': 0.017301939496093953, 'CCC': 0.009787101866685665, 'TPE': 0.008672679278976378, 'ALR': 0.008642619928458745, 'JSW': 0.004963132763244761}"
444,2020-09-14,79052.15014563334,0.0,"{'CDR': 0.16699416514607174, 'PKO': 0.13129812975174315, 'PKN': 0.13077264777232378, 'PZU': 0.11921983739004678, 'KGH': 0.07891692820157131, 'PEO': 0.06468104245827594, 'DNP': 0.06079225314871695, 'LPP': 0.058802769468161015, 'CPS': 0.049103619034471385, 'SPL': 0.035840765600524585, 'OPL': 0.03003819764134296, 'PGE': 0.02417217105329077, 'MBK': 0.017301939496093953, 'CCC': 0.009787101866685665, 'TPE': 0.008672679278976378, 'ALR': 0.008642619928458745, 'JSW': 0.004963132763244761}"
445,2020-09-15,78487.92110479366,-1.4551915228366852e-11,"{'CDR': 0.16699416514607174, 'PKO': 0.13129812975174315, 'PKN': 0.13077264777232378, 'PZU': 0.11921983739004678, 'KGH': 0.07891692820157131, 'PEO': 0.06468104245827594, 'DNP': 0.06079225314871695, 'LPP': 0.058802769468161015, 'CPS': 0.049103619034471385, 'SPL': 0.035840765600524585, 'OPL': 0.03003819764134296, 'PGE': 0.02417217105329077, 'MBK': 0.017301939496093953, 'CCC': 0.009787101866685665, 'TPE': 0.008672679278976378, 'ALR': 0.008642619928458745, 'JSW': 0.004963132763244761}"
446,2020-09-16,78109.75010011655,-1.4551915228366852e-11,"{'CDR': 0.16699416514607174, 'PKO': 0.13129812975174315, 'PKN': 0.13077264777232378, 'PZU': 0.11921983739004678, 'KGH': 0.07891692820157131, 'PEO': 0.06468104245827594, 'DNP': 0.06079225314871695, 'LPP': 0.058802769468161015, 'CPS': 0.049103619034471385, 'SPL': 0.035840765600524585, 'OPL': 0.03003819764134296, 'PGE': 0.02417217105329077, 'MBK': 0.017301939496093953, 'CCC': 0.009787101866685665, 'TPE': 0.008672679278976378, 'ALR': 0.008642619928458745, 'JSW': 0.004963132763244761}"
447,2020-09-17,78826.13249862423,1.4551915228366852e-11,"{'CDR': 0.16699416514607174, 'PKO': 0.13129812975174315, 'PKN': 0.13077264777232378, 'PZU': 0.11921983739004678, 'KGH': 0.07891692820157131, 'PEO': 0.06468104245827594, 'DNP': 0.06079225314871695, 'LPP': 0.058802769468161015, 'CPS': 0.049103619034471385, 'SPL': 0.035840765600524585, 'OPL': 0.03003819764134296, 'PGE': 0.02417217105329077, 'MBK': 0.017301939496093953, 'CCC': 0.009787101866685665, 'TPE': 0.008672679278976378, 'ALR': 0.008642619928458745, 'JSW': 0.004963132763244761}"
448,2020-09-18,78026.06499620083,1.4551915228366852e-11,"{'CDR': 0.1661157125470249, 'PKO': 0.12020323839203349, 'KGH': 0.11579892777129923, 'PZU': 0.10160590667114074, 'PKN': 0.09719716626854003, 'DNP': 0.07245461965339173, 'LPP': 0.06001025494502087, 'PEO': 0.05940005249291511, 'CPS': 0.05011079991893499, 'PGE': 0.034059485325793844, 'SPL': 0.03281250173038354, 'OPL': 0.030956423128334104, 'TPE': 0.016692525518312167, 'MBK': 0.01586083397288309, 'CCC': 0.0137146046585801, 'ALR': 0.007892763840576581, 'JSW': 0.005114183164835506}"
449,2020-09-21,74951.7982188096,0.0,"{'CDR': 0.1661157125470249, 'PKO': 0.12020323839203349, 'KGH': 0.11579892777129923, 'PZU': 0.10160590667114074, 'PKN': 0.09719716626854003, 'DNP': 0.07245461965339173, 'LPP': 0.06001025494502087, 'PEO': 0.05940005249291511, 'CPS': 0.05011079991893499, 'PGE': 0.034059485325793844, 'SPL': 0.03281250173038354, 'OPL': 0.030956423128334104, 'TPE': 0.016692525518312167, 'MBK': 0.01586083397288309, 'CCC': 0.0137146046585801, 'ALR': 0.007892763840576581, 'JSW': 0.005114183164835506}"
450,2020-09-22,75401.97070954465,0.0,"{'CDR': 0.1661157125470249, 'PKO': 0.12020323839203349, 'KGH': 0.11579892777129923, 'PZU': 0.10160590667114074, 'PKN': 0.09719716626854003, 'DNP': 0.07245461965339173, 'LPP': 0.06001025494502087, 'PEO': 0.05940005249291511, 'CPS': 0.05011079991893499, 'PGE': 0.034059485325793844, 'SPL': 0.03281250173038354, 'OPL': 0.030956423128334104, 'TPE': 0.016692525518312167, 'MBK': 0.01586083397288309, 'CCC': 0.0137146046585801, 'ALR': 0.007892763840576581, 'JSW': 0.005114183164835506}"
451,2020-09-23,74869.6416421744,-1.4551915228366852e-11,"{'CDR': 0.1661157125470249, 'PKO': 0.12020323839203349, 'KGH': 0.11579892777129923, 'PZU': 0.10160590667114074, 'PKN': 0.09719716626854003, 'DNP': 0.07245461965339173, 'LPP': 0.06001025494502087, 'PEO': 0.05940005249291511, 'CPS': 0.05011079991893499, 'PGE': 0.034059485325793844, 'SPL': 0.03281250173038354, 'OPL': 0.030956423128334104, 'TPE': 0.016692525518312167, 'MBK': 0.01586083397288309, 'CCC': 0.0137146046585801, 'ALR': 0.007892763840576581, 'JSW': 0.005114183164835506}"
452,2020-09-24,73833.760614239,0.0,"{'CDR': 0.1661157125470249, 'PKO': 0.12020323839203349, 'KGH': 0.11579892777129923, 'PZU': 0.10160590667114074, 'PKN': 0.09719716626854003, 'DNP': 0.07245461965339173, 'LPP': 0.06001025494502087, 'PEO': 0.05940005249291511, 'CPS': 0.05011079991893499, 'PGE': 0.034059485325793844, 'SPL': 0.03281250173038354, 'OPL': 0.030956423128334104, 'TPE': 0.016692525518312167, 'MBK': 0.01586083397288309, 'CCC': 0.0137146046585801, 'ALR': 0.007892763840576581, 'JSW': 0.005114183164835506}"
453,2020-09-25,74461.55570281266,1.4551915228366852e-11,"{'CDR': 0.1661157125470249, 'PKO': 0.12020323839203349, 'KGH': 0.11579892777129923, 'PZU': 0.10160590667114074, 'PKN': 0.09719716626854003, 'DNP': 0.07245461965339173, 'LPP': 0.06001025494502087, 'PEO': 0.05940005249291511, 'CPS': 0.05011079991893499, 'PGE': 0.034059485325793844, 'SPL': 0.03281250173038354, 'OPL': 0.030956423128334104, 'TPE': 0.016692525518312167, 'MBK': 0.01586083397288309, 'CCC': 0.0137146046585801, 'ALR': 0.007892763840576581, 'JSW': 0.005114183164835506}"
454,2020-09-28,77458.65006618193,1.4551915228366852e-11,"{'CDR': 0.1661157125470249, 'PKO': 0.12020323839203349, 'KGH': 0.11579892777129923, 'PZU': 0.10160590667114074, 'PKN': 0.09719716626854003, 'DNP': 0.07245461965339173, 'LPP': 0.06001025494502087, 'PEO': 0.05940005249291511, 'CPS': 0.05011079991893499, 'PGE': 0.034059485325793844, 'SPL': 0.03281250173038354, 'OPL': 0.030956423128334104, 'TPE': 0.016692525518312167, 'MBK': 0.01586083397288309, 'CCC': 0.0137146046585801, 'ALR': 0.007892763840576581, 'JSW': 0.005114183164835506}"
455,2020-09-29,76445.8891492969,0.0,"{'CDR': 0.1661157125470249, 'PKO': 0.12020323839203349, 'KGH': 0.11579892777129923, 'PZU': 0.10160590667114074, 'PKN': 0.09719716626854003, 'DNP': 0.07245461965339173, 'LPP': 0.06001025494502087, 'PEO': 0.05940005249291511, 'CPS': 0.05011079991893499, 'PGE': 0.034059485325793844, 'SPL': 0.03281250173038354, 'OPL': 0.030956423128334104, 'TPE': 0.016692525518312167, 'MBK': 0.01586083397288309, 'CCC': 0.0137146046585801, 'ALR': 0.007892763840576581, 'JSW': 0.005114183164835506}"
456,2020-09-30,76220.11413972288,0.0,"{'CDR': 0.1661157125470249, 'PKO': 0.12020323839203349, 'KGH': 0.11579892777129923, 'PZU': 0.10160590667114074, 'PKN': 0.09719716626854003, 'DNP': 0.07245461965339173, 'LPP': 0.06001025494502087, 'PEO': 0.05940005249291511, 'CPS': 0.05011079991893499, 'PGE': 0.034059485325793844, 'SPL': 0.03281250173038354, 'OPL': 0.030956423128334104, 'TPE': 0.016692525518312167, 'MBK': 0.01586083397288309, 'CCC': 0.0137146046585801, 'ALR': 0.007892763840576581, 'JSW': 0.005114183164835506}"
457,2020-10-01,75428.25027211434,-1.4551915228366852e-11,"{'CDR': 0.1661157125470249, 'PKO': 0.12020323839203349, 'KGH': 0.11579892777129923, 'PZU': 0.10160590667114074, 'PKN': 0.09719716626854003, 'DNP': 0.07245461965339173, 'LPP': 0.06001025494502087, 'PEO': 0.05940005249291511, 'CPS': 0.05011079991893499, 'PGE': 0.034059485325793844, 'SPL': 0.03281250173038354, 'OPL': 0.030956423128334104, 'TPE': 0.016692525518312167, 'MBK': 0.01586083397288309, 'CCC': 0.0137146046585801, 'ALR': 0.007892763840576581, 'JSW': 0.005114183164835506}"
458,2020-10-02,75697.51701400916,1.4551915228366852e-11,"{'CDR': 0.1661157125470249, 'PKO': 0.12020323839203349, 'KGH': 0.11579892777129923, 'PZU': 0.10160590667114074, 'PKN': 0.09719716626854003, 'DNP': 0.07245461965339173, 'LPP': 0.06001025494502087, 'PEO': 0.05940005249291511, 'CPS': 0.05011079991893499, 'PGE': 0.034059485325793844, 'SPL': 0.03281250173038354, 'OPL': 0.030956423128334104, 'TPE': 0.016692525518312167, 'MBK': 0.01586083397288309, 'CCC': 0.0137146046585801, 'ALR': 0.007892763840576581, 'JSW': 0.005114183164835506}"
459,2020-10-05,77210.44071683985,-1.4551915228366852e-11,"{'CDR': 0.1661157125470249, 'PKO': 0.12020323839203349, 'KGH': 0.11579892777129923, 'PZU': 0.10160590667114074, 'PKN': 0.09719716626854003, 'DNP': 0.07245461965339173, 'LPP': 0.06001025494502087, 'PEO': 0.05940005249291511, 'CPS': 0.05011079991893499, 'PGE': 0.034059485325793844, 'SPL': 0.03281250173038354, 'OPL': 0.030956423128334104, 'TPE': 0.016692525518312167, 'MBK': 0.01586083397288309, 'CCC': 0.0137146046585801, 'ALR': 0.007892763840576581, 'JSW': 0.005114183164835506}"
460,2020-10-06,77379.8076258619,0.0,"{'CDR': 0.1661157125470249, 'PKO': 0.12020323839203349, 'KGH': 0.11579892777129923, 'PZU': 0.10160590667114074, 'PKN': 0.09719716626854003, 'DNP': 0.07245461965339173, 'LPP': 0.06001025494502087, 'PEO': 0.05940005249291511, 'CPS': 0.05011079991893499, 'PGE': 0.034059485325793844, 'SPL': 0.03281250173038354, 'OPL': 0.030956423128334104, 'TPE': 0.016692525518312167, 'MBK': 0.01586083397288309, 'CCC': 0.0137146046585801, 'ALR': 0.007892763840576581, 'JSW': 0.005114183164835506}"
461,2020-10-07,77375.36515193169,0.0,"{'CDR': 0.1661157125470249, 'PKO': 0.12020323839203349, 'KGH': 0.11579892777129923, 'PZU': 0.10160590667114074, 'PKN': 0.09719716626854003, 'DNP': 0.07245461965339173, 'LPP': 0.06001025494502087, 'PEO': 0.05940005249291511, 'CPS': 0.05011079991893499, 'PGE': 0.034059485325793844, 'SPL': 0.03281250173038354, 'OPL': 0.030956423128334104, 'TPE': 0.016692525518312167, 'MBK': 0.01586083397288309, 'CCC': 0.0137146046585801, 'ALR': 0.007892763840576581, 'JSW': 0.005114183164835506}"
462,2020-10-08,76597.88643920665,0.0,"{'CDR': 0.1661157125470249, 'PKO': 0.12020323839203349, 'KGH': 0.11579892777129923, 'PZU': 0.10160590667114074, 'PKN': 0.09719716626854003, 'DNP': 0.07245461965339173, 'LPP': 0.06001025494502087, 'PEO': 0.05940005249291511, 'CPS': 0.05011079991893499, 'PGE': 0.034059485325793844, 'SPL': 0.03281250173038354, 'OPL': 0.030956423128334104, 'TPE': 0.016692525518312167, 'MBK': 0.01586083397288309, 'CCC': 0.0137146046585801, 'ALR': 0.007892763840576581, 'JSW': 0.005114183164835506}"
463,2020-10-09,75680.4688552781,0.0,"{'CDR': 0.1661157125470249, 'PKO': 0.12020323839203349, 'KGH': 0.11579892777129923, 'PZU': 0.10160590667114074, 'PKN': 0.09719716626854003, 'DNP': 0.07245461965339173, 'LPP': 0.06001025494502087, 'PEO': 0.05940005249291511, 'CPS': 0.05011079991893499, 'PGE': 0.034059485325793844, 'SPL': 0.03281250173038354, 'OPL': 0.030956423128334104, 'TPE': 0.016692525518312167, 'MBK': 0.01586083397288309, 'CCC': 0.0137146046585801, 'ALR': 0.007892763840576581, 'JSW': 0.005114183164835506}"
464,2020-10-12,75102.58486118124,2.9103830456733704e-11,"{'CDR': 0.1661157125470249, 'PKO': 0.12020323839203349, 'KGH': 0.11579892777129923, 'PZU': 0.10160590667114074, 'PKN': 0.09719716626854003, 'DNP': 0.07245461965339173, 'LPP': 0.06001025494502087, 'PEO': 0.05940005249291511, 'CPS': 0.05011079991893499, 'PGE': 0.034059485325793844, 'SPL': 0.03281250173038354, 'OPL': 0.030956423128334104, 'TPE': 0.016692525518312167, 'MBK': 0.01586083397288309, 'CCC': 0.0137146046585801, 'ALR': 0.007892763840576581, 'JSW': 0.005114183164835506}"
465,2020-10-13,74158.55134716067,0.0,"{'CDR': 0.1661157125470249, 'PKO': 0.12020323839203349, 'KGH': 0.11579892777129923, 'PZU': 0.10160590667114074, 'PKN': 0.09719716626854003, 'DNP': 0.07245461965339173, 'LPP': 0.06001025494502087, 'PEO': 0.05940005249291511, 'CPS': 0.05011079991893499, 'PGE': 0.034059485325793844, 'SPL': 0.03281250173038354, 'OPL': 0.030956423128334104, 'TPE': 0.016692525518312167, 'MBK': 0.01586083397288309, 'CCC': 0.0137146046585801, 'ALR': 0.007892763840576581, 'JSW': 0.005114183164835506}"
466,2020-10-14,74793.47164787847,-1.4551915228366852e-11,"{'CDR': 0.1661157125470249, 'PKO': 0.12020323839203349, 'KGH': 0.11579892777129923, 'PZU': 0.10160590667114074, 'PKN': 0.09719716626854003, 'DNP': 0.07245461965339173, 'LPP': 0.06001025494502087, 'PEO': 0.05940005249291511, 'CPS': 0.05011079991893499, 'PGE': 0.034059485325793844, 'SPL': 0.03281250173038354, 'OPL': 0.030956423128334104, 'TPE': 0.016692525518312167, 'MBK': 0.01586083397288309, 'CCC': 0.0137146046585801, 'ALR': 0.007892763840576581, 'JSW': 0.005114183164835506}"
467,2020-10-15,72132.07517876352,1.4551915228366852e-11,"{'CDR': 0.1661157125470249, 'PKO': 0.12020323839203349, 'KGH': 0.11579892777129923, 'PZU': 0.10160590667114074, 'PKN': 0.09719716626854003, 'DNP': 0.07245461965339173, 'LPP': 0.06001025494502087, 'PEO': 0.05940005249291511, 'CPS': 0.05011079991893499, 'PGE': 0.034059485325793844, 'SPL': 0.03281250173038354, 'OPL': 0.030956423128334104, 'TPE': 0.016692525518312167, 'MBK': 0.01586083397288309, 'CCC': 0.0137146046585801, 'ALR': 0.007892763840576581, 'JSW': 0.005114183164835506}"
468,2020-10-16,73235.49295518483,0.0,"{'CDR': 0.1661157125470249, 'PKO': 0.12020323839203349, 'KGH': 0.11579892777129923, 'PZU': 0.10160590667114074, 'PKN': 0.09719716626854003, 'DNP': 0.07245461965339173, 'LPP': 0.06001025494502087, 'PEO': 0.05940005249291511, 'CPS': 0.05011079991893499, 'PGE': 0.034059485325793844, 'SPL': 0.03281250173038354, 'OPL': 0.030956423128334104, 'TPE': 0.016692525518312167, 'MBK': 0.01586083397288309, 'CCC': 0.0137146046585801, 'ALR': 0.007892763840576581, 'JSW': 0.005114183164835506}"
469,2020-10-19,72666.399978099,-1.4551915228366852e-11,"{'CDR': 0.1661157125470249, 'PKO': 0.12020323839203349, 'KGH': 0.11579892777129923, 'PZU': 0.10160590667114074, 'PKN': 0.09719716626854003, 'DNP': 0.07245461965339173, 'LPP': 0.06001025494502087, 'PEO': 0.05940005249291511, 'CPS': 0.05011079991893499, 'PGE': 0.034059485325793844, 'SPL': 0.03281250173038354, 'OPL': 0.030956423128334104, 'TPE': 0.016692525518312167, 'MBK': 0.01586083397288309, 'CCC': 0.0137146046585801, 'ALR': 0.007892763840576581, 'JSW': 0.005114183164835506}"
470,2020-10-20,72590.74727072062,0.0,"{'CDR': 0.1661157125470249, 'PKO': 0.12020323839203349, 'KGH': 0.11579892777129923, 'PZU': 0.10160590667114074, 'PKN': 0.09719716626854003, 'DNP': 0.07245461965339173, 'LPP': 0.06001025494502087, 'PEO': 0.05940005249291511, 'CPS': 0.05011079991893499, 'PGE': 0.034059485325793844, 'SPL': 0.03281250173038354, 'OPL': 0.030956423128334104, 'TPE': 0.016692525518312167, 'MBK': 0.01586083397288309, 'CCC': 0.0137146046585801, 'ALR': 0.007892763840576581, 'JSW': 0.005114183164835506}"
471,2020-10-21,71976.83335990102,1.4551915228366852e-11,"{'CDR': 0.1661157125470249, 'PKO': 0.12020323839203349, 'KGH': 0.11579892777129923, 'PZU': 0.10160590667114074, 'PKN': 0.09719716626854003, 'DNP': 0.07245461965339173, 'LPP': 0.06001025494502087, 'PEO': 0.05940005249291511, 'CPS': 0.05011079991893499, 'PGE': 0.034059485325793844, 'SPL': 0.03281250173038354, 'OPL': 0.030956423128334104, 'TPE': 0.016692525518312167, 'MBK': 0.01586083397288309, 'CCC': 0.0137146046585801, 'ALR': 0.007892763840576581, 'JSW': 0.005114183164835506}"
472,2020-10-22,71934.35209805686,0.0,"{'CDR': 0.1661157125470249, 'PKO': 0.12020323839203349, 'KGH': 0.11579892777129923, 'PZU': 0.10160590667114074, 'PKN': 0.09719716626854003, 'DNP': 0.07245461965339173, 'LPP': 0.06001025494502087, 'PEO': 0.05940005249291511, 'CPS': 0.05011079991893499, 'PGE': 0.034059485325793844, 'SPL': 0.03281250173038354, 'OPL': 0.030956423128334104, 'TPE': 0.016692525518312167, 'MBK': 0.01586083397288309, 'CCC': 0.0137146046585801, 'ALR': 0.007892763840576581, 'JSW': 0.005114183164835506}"
473,2020-10-23,71777.27195487941,0.0,"{'CDR': 0.1661157125470249, 'PKO': 0.12020323839203349, 'KGH': 0.11579892777129923, 'PZU': 0.10160590667114074, 'PKN': 0.09719716626854003, 'DNP': 0.07245461965339173, 'LPP': 0.06001025494502087, 'PEO': 0.05940005249291511, 'CPS': 0.05011079991893499, 'PGE': 0.034059485325793844, 'SPL': 0.03281250173038354, 'OPL': 0.030956423128334104, 'TPE': 0.016692525518312167, 'MBK': 0.01586083397288309, 'CCC': 0.0137146046585801, 'ALR': 0.007892763840576581, 'JSW': 0.005114183164835506}"
474,2020-10-26,70725.74308834785,-1.4551915228366852e-11,"{'CDR': 0.1661157125470249, 'PKO': 0.12020323839203349, 'KGH': 0.11579892777129923, 'PZU': 0.10160590667114074, 'PKN': 0.09719716626854003, 'DNP': 0.07245461965339173, 'LPP': 0.06001025494502087, 'PEO': 0.05940005249291511, 'CPS': 0.05011079991893499, 'PGE': 0.034059485325793844, 'SPL': 0.03281250173038354, 'OPL': 0.030956423128334104, 'TPE': 0.016692525518312167, 'MBK': 0.01586083397288309, 'CCC': 0.0137146046585801, 'ALR': 0.007892763840576581, 'JSW': 0.005114183164835506}"
475,2020-10-27,70038.45702788282,0.0,"{'CDR': 0.1661157125470249, 'PKO': 0.12020323839203349, 'KGH': 0.11579892777129923, 'PZU': 0.10160590667114074, 'PKN': 0.09719716626854003, 'DNP': 0.07245461965339173, 'LPP': 0.06001025494502087, 'PEO': 0.05940005249291511, 'CPS': 0.05011079991893499, 'PGE': 0.034059485325793844, 'SPL': 0.03281250173038354, 'OPL': 0.030956423128334104, 'TPE': 0.016692525518312167, 'MBK': 0.01586083397288309, 'CCC': 0.0137146046585801, 'ALR': 0.007892763840576581, 'JSW': 0.005114183164835506}"
476,2020-10-28,66809.14234588806,0.0,"{'CDR': 0.1661157125470249, 'PKO': 0.12020323839203349, 'KGH': 0.11579892777129923, 'PZU': 0.10160590667114074, 'PKN': 0.09719716626854003, 'DNP': 0.07245461965339173, 'LPP': 0.06001025494502087, 'PEO': 0.05940005249291511, 'CPS': 0.05011079991893499, 'PGE': 0.034059485325793844, 'SPL': 0.03281250173038354, 'OPL': 0.030956423128334104, 'TPE': 0.016692525518312167, 'MBK': 0.01586083397288309, 'CCC': 0.0137146046585801, 'ALR': 0.007892763840576581, 'JSW': 0.005114183164835506}"
477,2020-10-29,66874.00194514428,-1.4551915228366852e-11,"{'CDR': 0.1661157125470249, 'PKO': 0.12020323839203349, 'KGH': 0.11579892777129923, 'PZU': 0.10160590667114074, 'PKN': 0.09719716626854003, 'DNP': 0.07245461965339173, 'LPP': 0.06001025494502087, 'PEO': 0.05940005249291511, 'CPS': 0.05011079991893499, 'PGE': 0.034059485325793844, 'SPL': 0.03281250173038354, 'OPL': 0.030956423128334104, 'TPE': 0.016692525518312167, 'MBK': 0.01586083397288309, 'CCC': 0.0137146046585801, 'ALR': 0.007892763840576581, 'JSW': 0.005114183164835506}"
478,2020-10-30,66129.51338718226,-1.4551915228366852e-11,"{'CDR': 0.1661157125470249, 'PKO': 0.12020323839203349, 'KGH': 0.11579892777129923, 'PZU': 0.10160590667114074, 'PKN': 0.09719716626854003, 'DNP': 0.07245461965339173, 'LPP': 0.06001025494502087, 'PEO': 0.05940005249291511, 'CPS': 0.05011079991893499, 'PGE': 0.034059485325793844, 'SPL': 0.03281250173038354, 'OPL': 0.030956423128334104, 'TPE': 0.016692525518312167, 'MBK': 0.01586083397288309, 'CCC': 0.0137146046585801, 'ALR': 0.007892763840576581, 'JSW': 0.005114183164835506}"
479,2020-11-02,67802.29720549891,0.0,"{'CDR': 0.1661157125470249, 'PKO': 0.12020323839203349, 'KGH': 0.11579892777129923, 'PZU': 0.10160590667114074, 'PKN': 0.09719716626854003, 'DNP': 0.07245461965339173, 'LPP': 0.06001025494502087, 'PEO': 0.05940005249291511, 'CPS': 0.05011079991893499, 'PGE': 0.034059485325793844, 'SPL': 0.03281250173038354, 'OPL': 0.030956423128334104, 'TPE': 0.016692525518312167, 'MBK': 0.01586083397288309, 'CCC': 0.0137146046585801, 'ALR': 0.007892763840576581, 'JSW': 0.005114183164835506}"
480,2020-11-03,72299.98960514266,-1.4551915228366852e-11,"{'CDR': 0.1661157125470249, 'PKO': 0.12020323839203349, 'KGH': 0.11579892777129923, 'PZU': 0.10160590667114074, 'PKN': 0.09719716626854003, 'DNP': 0.07245461965339173, 'LPP': 0.06001025494502087, 'PEO': 0.05940005249291511, 'CPS': 0.05011079991893499, 'PGE': 0.034059485325793844, 'SPL': 0.03281250173038354, 'OPL': 0.030956423128334104, 'TPE': 0.016692525518312167, 'MBK': 0.01586083397288309, 'CCC': 0.0137146046585801, 'ALR': 0.007892763840576581, 'JSW': 0.005114183164835506}"
481,2020-11-04,72068.11123010326,0.0,"{'CDR': 0.1661157125470249, 'PKO': 0.12020323839203349, 'KGH': 0.11579892777129923, 'PZU': 0.10160590667114074, 'PKN': 0.09719716626854003, 'DNP': 0.07245461965339173, 'LPP': 0.06001025494502087, 'PEO': 0.05940005249291511, 'CPS': 0.05011079991893499, 'PGE': 0.034059485325793844, 'SPL': 0.03281250173038354, 'OPL': 0.030956423128334104, 'TPE': 0.016692525518312167, 'MBK': 0.01586083397288309, 'CCC': 0.0137146046585801, 'ALR': 0.007892763840576581, 'JSW': 0.005114183164835506}"
482,2020-11-05,73510.02423664599,-1.4551915228366852e-11,"{'CDR': 0.1661157125470249, 'PKO': 0.12020323839203349, 'KGH': 0.11579892777129923, 'PZU': 0.10160590667114074, 'PKN': 0.09719716626854003, 'DNP': 0.07245461965339173, 'LPP': 0.06001025494502087, 'PEO': 0.05940005249291511, 'CPS': 0.05011079991893499, 'PGE': 0.034059485325793844, 'SPL': 0.03281250173038354, 'OPL': 0.030956423128334104, 'TPE': 0.016692525518312167, 'MBK': 0.01586083397288309, 'CCC': 0.0137146046585801, 'ALR': 0.007892763840576581, 'JSW': 0.005114183164835506}"
483,2020-11-06,74312.58066824383,1.4551915228366852e-11,"{'CDR': 0.1661157125470249, 'PKO': 0.12020323839203349, 'KGH': 0.11579892777129923, 'PZU': 0.10160590667114074, 'PKN': 0.09719716626854003, 'DNP': 0.07245461965339173, 'LPP': 0.06001025494502087, 'PEO': 0.05940005249291511, 'CPS': 0.05011079991893499, 'PGE': 0.034059485325793844, 'SPL': 0.03281250173038354, 'OPL': 0.030956423128334104, 'TPE': 0.016692525518312167, 'MBK': 0.01586083397288309, 'CCC': 0.0137146046585801, 'ALR': 0.007892763840576581, 'JSW': 0.005114183164835506}"
484,2020-11-09,78571.78714743812,0.0,"{'CDR': 0.1661157125470249, 'PKO': 0.12020323839203349, 'KGH': 0.11579892777129923, 'PZU': 0.10160590667114074, 'PKN': 0.09719716626854003, 'DNP': 0.07245461965339173, 'LPP': 0.06001025494502087, 'PEO': 0.05940005249291511, 'CPS': 0.05011079991893499, 'PGE': 0.034059485325793844, 'SPL': 0.03281250173038354, 'OPL': 0.030956423128334104, 'TPE': 0.016692525518312167, 'MBK': 0.01586083397288309, 'CCC': 0.0137146046585801, 'ALR': 0.007892763840576581, 'JSW': 0.005114183164835506}"
485,2020-11-10,80506.95148261591,0.0,"{'CDR': 0.1661157125470249, 'PKO': 0.12020323839203349, 'KGH': 0.11579892777129923, 'PZU': 0.10160590667114074, 'PKN': 0.09719716626854003, 'DNP': 0.07245461965339173, 'LPP': 0.06001025494502087, 'PEO': 0.05940005249291511, 'CPS': 0.05011079991893499, 'PGE': 0.034059485325793844, 'SPL': 0.03281250173038354, 'OPL': 0.030956423128334104, 'TPE': 0.016692525518312167, 'MBK': 0.01586083397288309, 'CCC': 0.0137146046585801, 'ALR': 0.007892763840576581, 'JSW': 0.005114183164835506}"
486,2020-11-11,80506.95148261591,0.0,"{'CDR': 0.1661157125470249, 'PKO': 0.12020323839203349, 'KGH': 0.11579892777129923, 'PZU': 0.10160590667114074, 'PKN': 0.09719716626854003, 'DNP': 0.07245461965339173, 'LPP': 0.06001025494502087, 'PEO': 0.05940005249291511, 'CPS': 0.05011079991893499, 'PGE': 0.034059485325793844, 'SPL': 0.03281250173038354, 'OPL': 0.030956423128334104, 'TPE': 0.016692525518312167, 'MBK': 0.01586083397288309, 'CCC': 0.0137146046585801, 'ALR': 0.007892763840576581, 'JSW': 0.005114183164835506}"
487,2020-11-12,80707.73012860464,1.4551915228366852e-11,"{'CDR': 0.1661157125470249, 'PKO': 0.12020323839203349, 'KGH': 0.11579892777129923, 'PZU': 0.10160590667114074, 'PKN': 0.09719716626854003, 'DNP': 0.07245461965339173, 'LPP': 0.06001025494502087, 'PEO': 0.05940005249291511, 'CPS': 0.05011079991893499, 'PGE': 0.034059485325793844, 'SPL': 0.03281250173038354, 'OPL': 0.030956423128334104, 'TPE': 0.016692525518312167, 'MBK': 0.01586083397288309, 'CCC': 0.0137146046585801, 'ALR': 0.007892763840576581, 'JSW': 0.005114183164835506}"
488,2020-11-13,79956.23467048918,0.0,"{'CDR': 0.1661157125470249, 'PKO': 0.12020323839203349, 'KGH': 0.11579892777129923, 'PZU': 0.10160590667114074, 'PKN': 0.09719716626854003, 'DNP': 0.07245461965339173, 'LPP': 0.06001025494502087, 'PEO': 0.05940005249291511, 'CPS': 0.05011079991893499, 'PGE': 0.034059485325793844, 'SPL': 0.03281250173038354, 'OPL': 0.030956423128334104, 'TPE': 0.016692525518312167, 'MBK': 0.01586083397288309, 'CCC': 0.0137146046585801, 'ALR': 0.007892763840576581, 'JSW': 0.005114183164835506}"
489,2020-11-16,83089.87244018969,1.4551915228366852e-11,"{'CDR': 0.1661157125470249, 'PKO': 0.12020323839203349, 'KGH': 0.11579892777129923, 'PZU': 0.10160590667114074, 'PKN': 0.09719716626854003, 'DNP': 0.07245461965339173, 'LPP': 0.06001025494502087, 'PEO': 0.05940005249291511, 'CPS': 0.05011079991893499, 'PGE': 0.034059485325793844, 'SPL': 0.03281250173038354, 'OPL': 0.030956423128334104, 'TPE': 0.016692525518312167, 'MBK': 0.01586083397288309, 'CCC': 0.0137146046585801, 'ALR': 0.007892763840576581, 'JSW': 0.005114183164835506}"
490,2020-11-17,83275.15651476495,0.0,"{'CDR': 0.1661157125470249, 'PKO': 0.12020323839203349, 'KGH': 0.11579892777129923, 'PZU': 0.10160590667114074, 'PKN': 0.09719716626854003, 'DNP': 0.07245461965339173, 'LPP': 0.06001025494502087, 'PEO': 0.05940005249291511, 'CPS': 0.05011079991893499, 'PGE': 0.034059485325793844, 'SPL': 0.03281250173038354, 'OPL': 0.030956423128334104, 'TPE': 0.016692525518312167, 'MBK': 0.01586083397288309, 'CCC': 0.0137146046585801, 'ALR': 0.007892763840576581, 'JSW': 0.005114183164835506}"
491,2020-11-18,84143.21579856837,0.0,"{'CDR': 0.1661157125470249, 'PKO': 0.12020323839203349, 'KGH': 0.11579892777129923, 'PZU': 0.10160590667114074, 'PKN': 0.09719716626854003, 'DNP': 0.07245461965339173, 'LPP': 0.06001025494502087, 'PEO': 0.05940005249291511, 'CPS': 0.05011079991893499, 'PGE': 0.034059485325793844, 'SPL': 0.03281250173038354, 'OPL': 0.030956423128334104, 'TPE': 0.016692525518312167, 'MBK': 0.01586083397288309, 'CCC': 0.0137146046585801, 'ALR': 0.007892763840576581, 'JSW': 0.005114183164835506}"
492,2020-11-19,82601.89541568399,-1.4551915228366852e-11,"{'CDR': 0.1661157125470249, 'PKO': 0.12020323839203349, 'KGH': 0.11579892777129923, 'PZU': 0.10160590667114074, 'PKN': 0.09719716626854003, 'DNP': 0.07245461965339173, 'LPP': 0.06001025494502087, 'PEO': 0.05940005249291511, 'CPS': 0.05011079991893499, 'PGE': 0.034059485325793844, 'SPL': 0.03281250173038354, 'OPL': 0.030956423128334104, 'TPE': 0.016692525518312167, 'MBK': 0.01586083397288309, 'CCC': 0.0137146046585801, 'ALR': 0.007892763840576581, 'JSW': 0.005114183164835506}"
493,2020-11-20,83476.2192896847,-1.4551915228366852e-11,"{'CDR': 0.1661157125470249, 'PKO': 0.12020323839203349, 'KGH': 0.11579892777129923, 'PZU': 0.10160590667114074, 'PKN': 0.09719716626854003, 'DNP': 0.07245461965339173, 'LPP': 0.06001025494502087, 'PEO': 0.05940005249291511, 'CPS': 0.05011079991893499, 'PGE': 0.034059485325793844, 'SPL': 0.03281250173038354, 'OPL': 0.030956423128334104, 'TPE': 0.016692525518312167, 'MBK': 0.01586083397288309, 'CCC': 0.0137146046585801, 'ALR': 0.007892763840576581, 'JSW': 0.005114183164835506}"
494,2020-11-23,84231.38805564237,-1.4551915228366852e-11,"{'CDR': 0.1661157125470249, 'PKO': 0.12020323839203349, 'KGH': 0.11579892777129923, 'PZU': 0.10160590667114074, 'PKN': 0.09719716626854003, 'DNP': 0.07245461965339173, 'LPP': 0.06001025494502087, 'PEO': 0.05940005249291511, 'CPS': 0.05011079991893499, 'PGE': 0.034059485325793844, 'SPL': 0.03281250173038354, 'OPL': 0.030956423128334104, 'TPE': 0.016692525518312167, 'MBK': 0.01586083397288309, 'CCC': 0.0137146046585801, 'ALR': 0.007892763840576581, 'JSW': 0.005114183164835506}"
495,2020-11-24,85459.00969983185,-1.4551915228366852e-11,"{'CDR': 0.1661157125470249, 'PKO': 0.12020323839203349, 'KGH': 0.11579892777129923, 'PZU': 0.10160590667114074, 'PKN': 0.09719716626854003, 'DNP': 0.07245461965339173, 'LPP': 0.06001025494502087, 'PEO': 0.05940005249291511, 'CPS': 0.05011079991893499, 'PGE': 0.034059485325793844, 'SPL': 0.03281250173038354, 'OPL': 0.030956423128334104, 'TPE': 0.016692525518312167, 'MBK': 0.01586083397288309, 'CCC': 0.0137146046585801, 'ALR': 0.007892763840576581, 'JSW': 0.005114183164835506}"
496,2020-11-25,85184.43957800901,-1.4551915228366852e-11,"{'CDR': 0.1661157125470249, 'PKO': 0.12020323839203349, 'KGH': 0.11579892777129923, 'PZU': 0.10160590667114074, 'PKN': 0.09719716626854003, 'DNP': 0.07245461965339173, 'LPP': 0.06001025494502087, 'PEO': 0.05940005249291511, 'CPS': 0.05011079991893499, 'PGE': 0.034059485325793844, 'SPL': 0.03281250173038354, 'OPL': 0.030956423128334104, 'TPE': 0.016692525518312167, 'MBK': 0.01586083397288309, 'CCC': 0.0137146046585801, 'ALR': 0.007892763840576581, 'JSW': 0.005114183164835506}"
497,2020-11-26,85257.1311826064,0.0,"{'CDR': 0.1661157125470249, 'PKO': 0.12020323839203349, 'KGH': 0.11579892777129923, 'PZU': 0.10160590667114074, 'PKN': 0.09719716626854003, 'DNP': 0.07245461965339173, 'LPP': 0.06001025494502087, 'PEO': 0.05940005249291511, 'CPS': 0.05011079991893499, 'PGE': 0.034059485325793844, 'SPL': 0.03281250173038354, 'OPL': 0.030956423128334104, 'TPE': 0.016692525518312167, 'MBK': 0.01586083397288309, 'CCC': 0.0137146046585801, 'ALR': 0.007892763840576581, 'JSW': 0.005114183164835506}"
498,2020-11-27,85366.00200942575,-1.4551915228366852e-11,"{'CDR': 0.1661157125470249, 'PKO': 0.12020323839203349, 'KGH': 0.11579892777129923, 'PZU': 0.10160590667114074, 'PKN': 0.09719716626854003, 'DNP': 0.07245461965339173, 'LPP': 0.06001025494502087, 'PEO': 0.05940005249291511, 'CPS': 0.05011079991893499, 'PGE': 0.034059485325793844, 'SPL': 0.03281250173038354, 'OPL': 0.030956423128334104, 'TPE': 0.016692525518312167, 'MBK': 0.01586083397288309, 'CCC': 0.0137146046585801, 'ALR': 0.007892763840576581, 'JSW': 0.005114183164835506}"
499,2020-11-30,84204.08675528273,-2.9103830456733704e-11,"{'CDR': 0.1661157125470249, 'PKO': 0.12020323839203349, 'KGH': 0.11579892777129923, 'PZU': 0.10160590667114074, 'PKN': 0.09719716626854003, 'DNP': 0.07245461965339173, 'LPP': 0.06001025494502087, 'PEO': 0.05940005249291511, 'CPS': 0.05011079991893499, 'PGE': 0.034059485325793844, 'SPL': 0.03281250173038354, 'OPL': 0.030956423128334104, 'TPE': 0.016692525518312167, 'MBK': 0.01586083397288309, 'CCC': 0.0137146046585801, 'ALR': 0.007892763840576581, 'JSW': 0.005114183164835506}"
500,2020-12-01,85829.40003075969,0.0,"{'CDR': 0.1661157125470249, 'PKO': 0.12020323839203349, 'KGH': 0.11579892777129923, 'PZU': 0.10160590667114074, 'PKN': 0.09719716626854003, 'DNP': 0.07245461965339173, 'LPP': 0.06001025494502087, 'PEO': 0.05940005249291511, 'CPS': 0.05011079991893499, 'PGE': 0.034059485325793844, 'SPL': 0.03281250173038354, 'OPL': 0.030956423128334104, 'TPE': 0.016692525518312167, 'MBK': 0.01586083397288309, 'CCC': 0.0137146046585801, 'ALR': 0.007892763840576581, 'JSW': 0.005114183164835506}"
501,2020-12-02,88027.95554933761,0.0,"{'CDR': 0.1661157125470249, 'PKO': 0.12020323839203349, 'KGH': 0.11579892777129923, 'PZU': 0.10160590667114074, 'PKN': 0.09719716626854003, 'DNP': 0.07245461965339173, 'LPP': 0.06001025494502087, 'PEO': 0.05940005249291511, 'CPS': 0.05011079991893499, 'PGE': 0.034059485325793844, 'SPL': 0.03281250173038354, 'OPL': 0.030956423128334104, 'TPE': 0.016692525518312167, 'MBK': 0.01586083397288309, 'CCC': 0.0137146046585801, 'ALR': 0.007892763840576581, 'JSW': 0.005114183164835506}"
502,2020-12-03,87703.13366713001,-1.4551915228366852e-11,"{'CDR': 0.1661157125470249, 'PKO': 0.12020323839203349, 'KGH': 0.11579892777129923, 'PZU': 0.10160590667114074, 'PKN': 0.09719716626854003, 'DNP': 0.07245461965339173, 'LPP': 0.06001025494502087, 'PEO': 0.05940005249291511, 'CPS': 0.05011079991893499, 'PGE': 0.034059485325793844, 'SPL': 0.03281250173038354, 'OPL': 0.030956423128334104, 'TPE': 0.016692525518312167, 'MBK': 0.01586083397288309, 'CCC': 0.0137146046585801, 'ALR': 0.007892763840576581, 'JSW': 0.005114183164835506}"
503,2020-12-04,90691.20201438433,-1.4551915228366852e-11,"{'CDR': 0.1661157125470249, 'PKO': 0.12020323839203349, 'KGH': 0.11579892777129923, 'PZU': 0.10160590667114074, 'PKN': 0.09719716626854003, 'DNP': 0.07245461965339173, 'LPP': 0.06001025494502087, 'PEO': 0.05940005249291511, 'CPS': 0.05011079991893499, 'PGE': 0.034059485325793844, 'SPL': 0.03281250173038354, 'OPL': 0.030956423128334104, 'TPE': 0.016692525518312167, 'MBK': 0.01586083397288309, 'CCC': 0.0137146046585801, 'ALR': 0.007892763840576581, 'JSW': 0.005114183164835506}"
504,2020-12-07,91378.92741039518,-2.9103830456733704e-11,"{'CDR': 0.1661157125470249, 'PKO': 0.12020323839203349, 'KGH': 0.11579892777129923, 'PZU': 0.10160590667114074, 'PKN': 0.09719716626854003, 'DNP': 0.07245461965339173, 'LPP': 0.06001025494502087, 'PEO': 0.05940005249291511, 'CPS': 0.05011079991893499, 'PGE': 0.034059485325793844, 'SPL': 0.03281250173038354, 'OPL': 0.030956423128334104, 'TPE': 0.016692525518312167, 'MBK': 0.01586083397288309, 'CCC': 0.0137146046585801, 'ALR': 0.007892763840576581, 'JSW': 0.005114183164835506}"
505,2020-12-08,91181.83665707395,0.0,"{'CDR': 0.1661157125470249, 'PKO': 0.12020323839203349, 'KGH': 0.11579892777129923, 'PZU': 0.10160590667114074, 'PKN': 0.09719716626854003, 'DNP': 0.07245461965339173, 'LPP': 0.06001025494502087, 'PEO': 0.05940005249291511, 'CPS': 0.05011079991893499, 'PGE': 0.034059485325793844, 'SPL': 0.03281250173038354, 'OPL': 0.030956423128334104, 'TPE': 0.016692525518312167, 'MBK': 0.01586083397288309, 'CCC': 0.0137146046585801, 'ALR': 0.007892763840576581, 'JSW': 0.005114183164835506}"
506,2020-12-09,92874.66241103479,-2.9103830456733704e-11,"{'CDR': 0.1661157125470249, 'PKO': 0.12020323839203349, 'KGH': 0.11579892777129923, 'PZU': 0.10160590667114074, 'PKN': 0.09719716626854003, 'DNP': 0.07245461965339173, 'LPP': 0.06001025494502087, 'PEO': 0.05940005249291511, 'CPS': 0.05011079991893499, 'PGE': 0.034059485325793844, 'SPL': 0.03281250173038354, 'OPL': 0.030956423128334104, 'TPE': 0.016692525518312167, 'MBK': 0.01586083397288309, 'CCC': 0.0137146046585801, 'ALR': 0.007892763840576581, 'JSW': 0.005114183164835506}"
507,2020-12-10,91355.04816887813,0.0,"{'CDR': 0.1661157125470249, 'PKO': 0.12020323839203349, 'KGH': 0.11579892777129923, 'PZU': 0.10160590667114074, 'PKN': 0.09719716626854003, 'DNP': 0.07245461965339173, 'LPP': 0.06001025494502087, 'PEO': 0.05940005249291511, 'CPS': 0.05011079991893499, 'PGE': 0.034059485325793844, 'SPL': 0.03281250173038354, 'OPL': 0.030956423128334104, 'TPE': 0.016692525518312167, 'MBK': 0.01586083397288309, 'CCC': 0.0137146046585801, 'ALR': 0.007892763840576581, 'JSW': 0.005114183164835506}"
508,2020-12-11,89043.49339319627,0.0,"{'CDR': 0.1661157125470249, 'PKO': 0.12020323839203349, 'KGH': 0.11579892777129923, 'PZU': 0.10160590667114074, 'PKN': 0.09719716626854003, 'DNP': 0.07245461965339173, 'LPP': 0.06001025494502087, 'PEO': 0.05940005249291511, 'CPS': 0.05011079991893499, 'PGE': 0.034059485325793844, 'SPL': 0.03281250173038354, 'OPL': 0.030956423128334104, 'TPE': 0.016692525518312167, 'MBK': 0.01586083397288309, 'CCC': 0.0137146046585801, 'ALR': 0.007892763840576581, 'JSW': 0.005114183164835506}"
509,2020-12-14,87790.85752498182,0.0,"{'CDR': 0.1661157125470249, 'PKO': 0.12020323839203349, 'KGH': 0.11579892777129923, 'PZU': 0.10160590667114074, 'PKN': 0.09719716626854003, 'DNP': 0.07245461965339173, 'LPP': 0.06001025494502087, 'PEO': 0.05940005249291511, 'CPS': 0.05011079991893499, 'PGE': 0.034059485325793844, 'SPL': 0.03281250173038354, 'OPL': 0.030956423128334104, 'TPE': 0.016692525518312167, 'MBK': 0.01586083397288309, 'CCC': 0.0137146046585801, 'ALR': 0.007892763840576581, 'JSW': 0.005114183164835506}"
510,2020-12-15,88385.28956582211,-1.4551915228366852e-11,"{'CDR': 0.1661157125470249, 'PKO': 0.12020323839203349, 'KGH': 0.11579892777129923, 'PZU': 0.10160590667114074, 'PKN': 0.09719716626854003, 'DNP': 0.07245461965339173, 'LPP': 0.06001025494502087, 'PEO': 0.05940005249291511, 'CPS': 0.05011079991893499, 'PGE': 0.034059485325793844, 'SPL': 0.03281250173038354, 'OPL': 0.030956423128334104, 'TPE': 0.016692525518312167, 'MBK': 0.01586083397288309, 'CCC': 0.0137146046585801, 'ALR': 0.007892763840576581, 'JSW': 0.005114183164835506}"
511,2020-12-16,89935.04571414324,-2.9103830456733704e-11,"{'CDR': 0.1661157125470249, 'PKO': 0.12020323839203349, 'KGH': 0.11579892777129923, 'PZU': 0.10160590667114074, 'PKN': 0.09719716626854003, 'DNP': 0.07245461965339173, 'LPP': 0.06001025494502087, 'PEO': 0.05940005249291511, 'CPS': 0.05011079991893499, 'PGE': 0.034059485325793844, 'SPL': 0.03281250173038354, 'OPL': 0.030956423128334104, 'TPE': 0.016692525518312167, 'MBK': 0.01586083397288309, 'CCC': 0.0137146046585801, 'ALR': 0.007892763840576581, 'JSW': 0.005114183164835506}"
512,2020-12-17,89590.72550597442,0.0,"{'CDR': 0.1661157125470249, 'PKO': 0.12020323839203349, 'KGH': 0.11579892777129923, 'PZU': 0.10160590667114074, 'PKN': 0.09719716626854003, 'DNP': 0.07245461965339173, 'LPP': 0.06001025494502087, 'PEO': 0.05940005249291511, 'CPS': 0.05011079991893499, 'PGE': 0.034059485325793844, 'SPL': 0.03281250173038354, 'OPL': 0.030956423128334104, 'TPE': 0.016692525518312167, 'MBK': 0.01586083397288309, 'CCC': 0.0137146046585801, 'ALR': 0.007892763840576581, 'JSW': 0.005114183164835506}"
513,2020-12-18,87753.04244321615,-1.4551915228366852e-11,"{'CDR': 0.1354010349083272, 'ALE': 0.1308811103320569, 'PKO': 0.1242862929109943, 'KGH': 0.10499782675596533, 'PZU': 0.08144007292793608, 'PKN': 0.07812891620161361, 'DNP': 0.07039830116826408, 'PEO': 0.054305719914846916, 'LPP': 0.04100504340671602, 'CPS': 0.03958582516119549, 'SPL': 0.03206143036471371, 'PGE': 0.02610748198745547, 'OPL': 0.022361676454196375, 'ACP': 0.020822956225260186, 'TPE': 0.012153245959405284, 'CCC': 0.011986154690558604, 'ALR': 0.00816314876093364, 'JSW': 0.005913761869560942}"
514,2020-12-21,84936.06154269661,-1.4551915228366852e-11,"{'CDR': 0.1354010349083272, 'ALE': 0.1308811103320569, 'PKO': 0.1242862929109943, 'KGH': 0.10499782675596533, 'PZU': 0.08144007292793608, 'PKN': 0.07812891620161361, 'DNP': 0.07039830116826408, 'PEO': 0.054305719914846916, 'LPP': 0.04100504340671602, 'CPS': 0.03958582516119549, 'SPL': 0.03206143036471371, 'PGE': 0.02610748198745547, 'OPL': 0.022361676454196375, 'ACP': 0.020822956225260186, 'TPE': 0.012153245959405284, 'CCC': 0.011986154690558604, 'ALR': 0.00816314876093364, 'JSW': 0.005913761869560942}"
515,2020-12-22,86782.70944373941,-1.4551915228366852e-11,"{'CDR': 0.1354010349083272, 'ALE': 0.1308811103320569, 'PKO': 0.1242862929109943, 'KGH': 0.10499782675596533, 'PZU': 0.08144007292793608, 'PKN': 0.07812891620161361, 'DNP': 0.07039830116826408, 'PEO': 0.054305719914846916, 'LPP': 0.04100504340671602, 'CPS': 0.03958582516119549, 'SPL': 0.03206143036471371, 'PGE': 0.02610748198745547, 'OPL': 0.022361676454196375, 'ACP': 0.020822956225260186, 'TPE': 0.012153245959405284, 'CCC': 0.011986154690558604, 'ALR': 0.00816314876093364, 'JSW': 0.005913761869560942}"
516,2020-12-23,88002.35195694792,-1.4551915228366852e-11,"{'CDR': 0.1354010349083272, 'ALE': 0.1308811103320569, 'PKO': 0.1242862929109943, 'KGH': 0.10499782675596533, 'PZU': 0.08144007292793608, 'PKN': 0.07812891620161361, 'DNP': 0.07039830116826408, 'PEO': 0.054305719914846916, 'LPP': 0.04100504340671602, 'CPS': 0.03958582516119549, 'SPL': 0.03206143036471371, 'PGE': 0.02610748198745547, 'OPL': 0.022361676454196375, 'ACP': 0.020822956225260186, 'TPE': 0.012153245959405284, 'CCC': 0.011986154690558604, 'ALR': 0.00816314876093364, 'JSW': 0.005913761869560942}"
517,2020-12-24,88002.35195694792,-1.4551915228366852e-11,"{'CDR': 0.1354010349083272, 'ALE': 0.1308811103320569, 'PKO': 0.1242862929109943, 'KGH': 0.10499782675596533, 'PZU': 0.08144007292793608, 'PKN': 0.07812891620161361, 'DNP': 0.07039830116826408, 'PEO': 0.054305719914846916, 'LPP': 0.04100504340671602, 'CPS': 0.03958582516119549, 'SPL': 0.03206143036471371, 'PGE': 0.02610748198745547, 'OPL': 0.022361676454196375, 'ACP': 0.020822956225260186, 'TPE': 0.012153245959405284, 'CCC': 0.011986154690558604, 'ALR': 0.00816314876093364, 'JSW': 0.005913761869560942}"
518,2020-12-25,88002.35195694792,-1.4551915228366852e-11,"{'CDR': 0.1354010349083272, 'ALE': 0.1308811103320569, 'PKO': 0.1242862929109943, 'KGH': 0.10499782675596533, 'PZU': 0.08144007292793608, 'PKN': 0.07812891620161361, 'DNP': 0.07039830116826408, 'PEO': 0.054305719914846916, 'LPP': 0.04100504340671602, 'CPS': 0.03958582516119549, 'SPL': 0.03206143036471371, 'PGE': 0.02610748198745547, 'OPL': 0.022361676454196375, 'ACP': 0.020822956225260186, 'TPE': 0.012153245959405284, 'CCC': 0.011986154690558604, 'ALR': 0.00816314876093364, 'JSW': 0.005913761869560942}"
519,2020-12-28,90087.44571244146,-2.9103830456733704e-11,"{'CDR': 0.1354010349083272, 'ALE': 0.1308811103320569, 'PKO': 0.1242862929109943, 'KGH': 0.10499782675596533, 'PZU': 0.08144007292793608, 'PKN': 0.07812891620161361, 'DNP': 0.07039830116826408, 'PEO': 0.054305719914846916, 'LPP': 0.04100504340671602, 'CPS': 0.03958582516119549, 'SPL': 0.03206143036471371, 'PGE': 0.02610748198745547, 'OPL': 0.022361676454196375, 'ACP': 0.020822956225260186, 'TPE': 0.012153245959405284, 'CCC': 0.011986154690558604, 'ALR': 0.00816314876093364, 'JSW': 0.005913761869560942}"
520,2020-12-29,90788.12276363457,0.0,"{'CDR': 0.1354010349083272, 'ALE': 0.1308811103320569, 'PKO': 0.1242862929109943, 'KGH': 0.10499782675596533, 'PZU': 0.08144007292793608, 'PKN': 0.07812891620161361, 'DNP': 0.07039830116826408, 'PEO': 0.054305719914846916, 'LPP': 0.04100504340671602, 'CPS': 0.03958582516119549, 'SPL': 0.03206143036471371, 'PGE': 0.02610748198745547, 'OPL': 0.022361676454196375, 'ACP': 0.020822956225260186, 'TPE': 0.012153245959405284, 'CCC': 0.011986154690558604, 'ALR': 0.00816314876093364, 'JSW': 0.005913761869560942}"
521,2020-12-30,89250.04660116976,-1.4551915228366852e-11,"{'CDR': 0.1354010349083272, 'ALE': 0.1308811103320569, 'PKO': 0.1242862929109943, 'KGH': 0.10499782675596533, 'PZU': 0.08144007292793608, 'PKN': 0.07812891620161361, 'DNP': 0.07039830116826408, 'PEO': 0.054305719914846916, 'LPP': 0.04100504340671602, 'CPS': 0.03958582516119549, 'SPL': 0.03206143036471371, 'PGE': 0.02610748198745547, 'OPL': 0.022361676454196375, 'ACP': 0.020822956225260186, 'TPE': 0.012153245959405284, 'CCC': 0.011986154690558604, 'ALR': 0.00816314876093364, 'JSW': 0.005913761869560942}"
522,2020-12-31,89250.04660116976,-1.4551915228366852e-11,"{'CDR': 0.1354010349083272, 'ALE': 0.1308811103320569, 'PKO': 0.1242862929109943, 'KGH': 0.10499782675596533, 'PZU': 0.08144007292793608, 'PKN': 0.07812891620161361, 'DNP': 0.07039830116826408, 'PEO': 0.054305719914846916, 'LPP': 0.04100504340671602, 'CPS': 0.03958582516119549, 'SPL': 0.03206143036471371, 'PGE': 0.02610748198745547, 'OPL': 0.022361676454196375, 'ACP': 0.020822956225260186, 'TPE': 0.012153245959405284, 'CCC': 0.011986154690558604, 'ALR': 0.00816314876093364, 'JSW': 0.005913761869560942}"
523,2021-01-01,89250.04660116976,-1.4551915228366852e-11,"{'CDR': 0.1354010349083272, 'ALE': 0.1308811103320569, 'PKO': 0.1242862929109943, 'KGH': 0.10499782675596533, 'PZU': 0.08144007292793608, 'PKN': 0.07812891620161361, 'DNP': 0.07039830116826408, 'PEO': 0.054305719914846916, 'LPP': 0.04100504340671602, 'CPS': 0.03958582516119549, 'SPL': 0.03206143036471371, 'PGE': 0.02610748198745547, 'OPL': 0.022361676454196375, 'ACP': 0.020822956225260186, 'TPE': 0.012153245959405284, 'CCC': 0.011986154690558604, 'ALR': 0.00816314876093364, 'JSW': 0.005913761869560942}"
524,2021-01-04,90286.6731687124,-1.4551915228366852e-11,"{'CDR': 0.1354010349083272, 'ALE': 0.1308811103320569, 'PKO': 0.1242862929109943, 'KGH': 0.10499782675596533, 'PZU': 0.08144007292793608, 'PKN': 0.07812891620161361, 'DNP': 0.07039830116826408, 'PEO': 0.054305719914846916, 'LPP': 0.04100504340671602, 'CPS': 0.03958582516119549, 'SPL': 0.03206143036471371, 'PGE': 0.02610748198745547, 'OPL': 0.022361676454196375, 'ACP': 0.020822956225260186, 'TPE': 0.012153245959405284, 'CCC': 0.011986154690558604, 'ALR': 0.00816314876093364, 'JSW': 0.005913761869560942}"
525,2021-01-05,90153.68098856258,0.0,"{'CDR': 0.1354010349083272, 'ALE': 0.1308811103320569, 'PKO': 0.1242862929109943, 'KGH': 0.10499782675596533, 'PZU': 0.08144007292793608, 'PKN': 0.07812891620161361, 'DNP': 0.07039830116826408, 'PEO': 0.054305719914846916, 'LPP': 0.04100504340671602, 'CPS': 0.03958582516119549, 'SPL': 0.03206143036471371, 'PGE': 0.02610748198745547, 'OPL': 0.022361676454196375, 'ACP': 0.020822956225260186, 'TPE': 0.012153245959405284, 'CCC': 0.011986154690558604, 'ALR': 0.00816314876093364, 'JSW': 0.005913761869560942}"
526,2021-01-06,90153.68098856258,0.0,"{'CDR': 0.1354010349083272, 'ALE': 0.1308811103320569, 'PKO': 0.1242862929109943, 'KGH': 0.10499782675596533, 'PZU': 0.08144007292793608, 'PKN': 0.07812891620161361, 'DNP': 0.07039830116826408, 'PEO': 0.054305719914846916, 'LPP': 0.04100504340671602, 'CPS': 0.03958582516119549, 'SPL': 0.03206143036471371, 'PGE': 0.02610748198745547, 'OPL': 0.022361676454196375, 'ACP': 0.020822956225260186, 'TPE': 0.012153245959405284, 'CCC': 0.011986154690558604, 'ALR': 0.00816314876093364, 'JSW': 0.005913761869560942}"
527,2021-01-07,92307.88703890951,0.0,"{'CDR': 0.1354010349083272, 'ALE': 0.1308811103320569, 'PKO': 0.1242862929109943, 'KGH': 0.10499782675596533, 'PZU': 0.08144007292793608, 'PKN': 0.07812891620161361, 'DNP': 0.07039830116826408, 'PEO': 0.054305719914846916, 'LPP': 0.04100504340671602, 'CPS': 0.03958582516119549, 'SPL': 0.03206143036471371, 'PGE': 0.02610748198745547, 'OPL': 0.022361676454196375, 'ACP': 0.020822956225260186, 'TPE': 0.012153245959405284, 'CCC': 0.011986154690558604, 'ALR': 0.00816314876093364, 'JSW': 0.005913761869560942}"
528,2021-01-08,92184.84777282523,0.0,"{'CDR': 0.1354010349083272, 'ALE': 0.1308811103320569, 'PKO': 0.1242862929109943, 'KGH': 0.10499782675596533, 'PZU': 0.08144007292793608, 'PKN': 0.07812891620161361, 'DNP': 0.07039830116826408, 'PEO': 0.054305719914846916, 'LPP': 0.04100504340671602, 'CPS': 0.03958582516119549, 'SPL': 0.03206143036471371, 'PGE': 0.02610748198745547, 'OPL': 0.022361676454196375, 'ACP': 0.020822956225260186, 'TPE': 0.012153245959405284, 'CCC': 0.011986154690558604, 'ALR': 0.00816314876093364, 'JSW': 0.005913761869560942}"
529,2021-01-11,92075.43667106588,-2.9103830456733704e-11,"{'CDR': 0.1354010349083272, 'ALE': 0.1308811103320569, 'PKO': 0.1242862929109943, 'KGH': 0.10499782675596533, 'PZU': 0.08144007292793608, 'PKN': 0.07812891620161361, 'DNP': 0.07039830116826408, 'PEO': 0.054305719914846916, 'LPP': 0.04100504340671602, 'CPS': 0.03958582516119549, 'SPL': 0.03206143036471371, 'PGE': 0.02610748198745547, 'OPL': 0.022361676454196375, 'ACP': 0.020822956225260186, 'TPE': 0.012153245959405284, 'CCC': 0.011986154690558604, 'ALR': 0.00816314876093364, 'JSW': 0.005913761869560942}"
530,2021-01-12,91044.38670039516,0.0,"{'CDR': 0.1354010349083272, 'ALE': 0.1308811103320569, 'PKO': 0.1242862929109943, 'KGH': 0.10499782675596533, 'PZU': 0.08144007292793608, 'PKN': 0.07812891620161361, 'DNP': 0.07039830116826408, 'PEO': 0.054305719914846916, 'LPP': 0.04100504340671602, 'CPS': 0.03958582516119549, 'SPL': 0.03206143036471371, 'PGE': 0.02610748198745547, 'OPL': 0.022361676454196375, 'ACP': 0.020822956225260186, 'TPE': 0.012153245959405284, 'CCC': 0.011986154690558604, 'ALR': 0.00816314876093364, 'JSW': 0.005913761869560942}"
531,2021-01-13,90067.33496540597,-2.9103830456733704e-11,"{'CDR': 0.1354010349083272, 'ALE': 0.1308811103320569, 'PKO': 0.1242862929109943, 'KGH': 0.10499782675596533, 'PZU': 0.08144007292793608, 'PKN': 0.07812891620161361, 'DNP': 0.07039830116826408, 'PEO': 0.054305719914846916, 'LPP': 0.04100504340671602, 'CPS': 0.03958582516119549, 'SPL': 0.03206143036471371, 'PGE': 0.02610748198745547, 'OPL': 0.022361676454196375, 'ACP': 0.020822956225260186, 'TPE': 0.012153245959405284, 'CCC': 0.011986154690558604, 'ALR': 0.00816314876093364, 'JSW': 0.005913761869560942}"
532,2021-01-14,90839.1860104467,-2.9103830456733704e-11,"{'CDR': 0.1354010349083272, 'ALE': 0.1308811103320569, 'PKO': 0.1242862929109943, 'KGH': 0.10499782675596533, 'PZU': 0.08144007292793608, 'PKN': 0.07812891620161361, 'DNP': 0.07039830116826408, 'PEO': 0.054305719914846916, 'LPP': 0.04100504340671602, 'CPS': 0.03958582516119549, 'SPL': 0.03206143036471371, 'PGE': 0.02610748198745547, 'OPL': 0.022361676454196375, 'ACP': 0.020822956225260186, 'TPE': 0.012153245959405284, 'CCC': 0.011986154690558604, 'ALR': 0.00816314876093364, 'JSW': 0.005913761869560942}"
533,2021-01-15,88765.03343535317,-2.9103830456733704e-11,"{'CDR': 0.1354010349083272, 'ALE': 0.1308811103320569, 'PKO': 0.1242862929109943, 'KGH': 0.10499782675596533, 'PZU': 0.08144007292793608, 'PKN': 0.07812891620161361, 'DNP': 0.07039830116826408, 'PEO': 0.054305719914846916, 'LPP': 0.04100504340671602, 'CPS': 0.03958582516119549, 'SPL': 0.03206143036471371, 'PGE': 0.02610748198745547, 'OPL': 0.022361676454196375, 'ACP': 0.020822956225260186, 'TPE': 0.012153245959405284, 'CCC': 0.011986154690558604, 'ALR': 0.00816314876093364, 'JSW': 0.005913761869560942}"
534,2021-01-18,90253.478035715,-5.820766091346741e-11,"{'CDR': 0.1354010349083272, 'ALE': 0.1308811103320569, 'PKO': 0.1242862929109943, 'KGH': 0.10499782675596533, 'PZU': 0.08144007292793608, 'PKN': 0.07812891620161361, 'DNP': 0.07039830116826408, 'PEO': 0.054305719914846916, 'LPP': 0.04100504340671602, 'CPS': 0.03958582516119549, 'SPL': 0.03206143036471371, 'PGE': 0.02610748198745547, 'OPL': 0.022361676454196375, 'ACP': 0.020822956225260186, 'TPE': 0.012153245959405284, 'CCC': 0.011986154690558604, 'ALR': 0.00816314876093364, 'JSW': 0.005913761869560942}"
535,2021-01-19,88330.15677763561,-1.4551915228366852e-11,"{'CDR': 0.1354010349083272, 'ALE': 0.1308811103320569, 'PKO': 0.1242862929109943, 'KGH': 0.10499782675596533, 'PZU': 0.08144007292793608, 'PKN': 0.07812891620161361, 'DNP': 0.07039830116826408, 'PEO': 0.054305719914846916, 'LPP': 0.04100504340671602, 'CPS': 0.03958582516119549, 'SPL': 0.03206143036471371, 'PGE': 0.02610748198745547, 'OPL': 0.022361676454196375, 'ACP': 0.020822956225260186, 'TPE': 0.012153245959405284, 'CCC': 0.011986154690558604, 'ALR': 0.00816314876093364, 'JSW': 0.005913761869560942}"
536,2021-01-20,88608.976514464,-1.4551915228366852e-11,"{'CDR': 0.1354010349083272, 'ALE': 0.1308811103320569, 'PKO': 0.1242862929109943, 'KGH': 0.10499782675596533, 'PZU': 0.08144007292793608, 'PKN': 0.07812891620161361, 'DNP': 0.07039830116826408, 'PEO': 0.054305719914846916, 'LPP': 0.04100504340671602, 'CPS': 0.03958582516119549, 'SPL': 0.03206143036471371, 'PGE': 0.02610748198745547, 'OPL': 0.022361676454196375, 'ACP': 0.020822956225260186, 'TPE': 0.012153245959405284, 'CCC': 0.011986154690558604, 'ALR': 0.00816314876093364, 'JSW': 0.005913761869560942}"
537,2021-01-21,87273.78813012574,0.0,"{'CDR': 0.1354010349083272, 'ALE': 0.1308811103320569, 'PKO': 0.1242862929109943, 'KGH': 0.10499782675596533, 'PZU': 0.08144007292793608, 'PKN': 0.07812891620161361, 'DNP': 0.07039830116826408, 'PEO': 0.054305719914846916, 'LPP': 0.04100504340671602, 'CPS': 0.03958582516119549, 'SPL': 0.03206143036471371, 'PGE': 0.02610748198745547, 'OPL': 0.022361676454196375, 'ACP': 0.020822956225260186, 'TPE': 0.012153245959405284, 'CCC': 0.011986154690558604, 'ALR': 0.00816314876093364, 'JSW': 0.005913761869560942}"
538,2021-01-22,87286.9979040205,-2.9103830456733704e-11,"{'CDR': 0.1354010349083272, 'ALE': 0.1308811103320569, 'PKO': 0.1242862929109943, 'KGH': 0.10499782675596533, 'PZU': 0.08144007292793608, 'PKN': 0.07812891620161361, 'DNP': 0.07039830116826408, 'PEO': 0.054305719914846916, 'LPP': 0.04100504340671602, 'CPS': 0.03958582516119549, 'SPL': 0.03206143036471371, 'PGE': 0.02610748198745547, 'OPL': 0.022361676454196375, 'ACP': 0.020822956225260186, 'TPE': 0.012153245959405284, 'CCC': 0.011986154690558604, 'ALR': 0.00816314876093364, 'JSW': 0.005913761869560942}"
539,2021-01-25,87476.85424745425,0.0,"{'CDR': 0.1354010349083272, 'ALE': 0.1308811103320569, 'PKO': 0.1242862929109943, 'KGH': 0.10499782675596533, 'PZU': 0.08144007292793608, 'PKN': 0.07812891620161361, 'DNP': 0.07039830116826408, 'PEO': 0.054305719914846916, 'LPP': 0.04100504340671602, 'CPS': 0.03958582516119549, 'SPL': 0.03206143036471371, 'PGE': 0.02610748198745547, 'OPL': 0.022361676454196375, 'ACP': 0.020822956225260186, 'TPE': 0.012153245959405284, 'CCC': 0.011986154690558604, 'ALR': 0.00816314876093364, 'JSW': 0.005913761869560942}"
540,2021-01-26,89625.73688491851,-1.4551915228366852e-11,"{'CDR': 0.1354010349083272, 'ALE': 0.1308811103320569, 'PKO': 0.1242862929109943, 'KGH': 0.10499782675596533, 'PZU': 0.08144007292793608, 'PKN': 0.07812891620161361, 'DNP': 0.07039830116826408, 'PEO': 0.054305719914846916, 'LPP': 0.04100504340671602, 'CPS': 0.03958582516119549, 'SPL': 0.03206143036471371, 'PGE': 0.02610748198745547, 'OPL': 0.022361676454196375, 'ACP': 0.020822956225260186, 'TPE': 0.012153245959405284, 'CCC': 0.011986154690558604, 'ALR': 0.00816314876093364, 'JSW': 0.005913761869560942}"
541,2021-01-27,87586.92919563138,-2.9103830456733704e-11,"{'CDR': 0.1354010349083272, 'ALE': 0.1308811103320569, 'PKO': 0.1242862929109943, 'KGH': 0.10499782675596533, 'PZU': 0.08144007292793608, 'PKN': 0.07812891620161361, 'DNP': 0.07039830116826408, 'PEO': 0.054305719914846916, 'LPP': 0.04100504340671602, 'CPS': 0.03958582516119549, 'SPL': 0.03206143036471371, 'PGE': 0.02610748198745547, 'OPL': 0.022361676454196375, 'ACP': 0.020822956225260186, 'TPE': 0.012153245959405284, 'CCC': 0.011986154690558604, 'ALR': 0.00816314876093364, 'JSW': 0.005913761869560942}"
542,2021-01-28,90616.28580212937,0.0,"{'CDR': 0.1354010349083272, 'ALE': 0.1308811103320569, 'PKO': 0.1242862929109943, 'KGH': 0.10499782675596533, 'PZU': 0.08144007292793608, 'PKN': 0.07812891620161361, 'DNP': 0.07039830116826408, 'PEO': 0.054305719914846916, 'LPP': 0.04100504340671602, 'CPS': 0.03958582516119549, 'SPL': 0.03206143036471371, 'PGE': 0.02610748198745547, 'OPL': 0.022361676454196375, 'ACP': 0.020822956225260186, 'TPE': 0.012153245959405284, 'CCC': 0.011986154690558604, 'ALR': 0.00816314876093364, 'JSW': 0.005913761869560942}"
543,2021-01-29,88578.07533445186,-1.4551915228366852e-11,"{'CDR': 0.1354010349083272, 'ALE': 0.1308811103320569, 'PKO': 0.1242862929109943, 'KGH': 0.10499782675596533, 'PZU': 0.08144007292793608, 'PKN': 0.07812891620161361, 'DNP': 0.07039830116826408, 'PEO': 0.054305719914846916, 'LPP': 0.04100504340671602, 'CPS': 0.03958582516119549, 'SPL': 0.03206143036471371, 'PGE': 0.02610748198745547, 'OPL': 0.022361676454196375, 'ACP': 0.020822956225260186, 'TPE': 0.012153245959405284, 'CCC': 0.011986154690558604, 'ALR': 0.00816314876093364, 'JSW': 0.005913761869560942}"
544,2021-02-01,89262.58529204816,-2.9103830456733704e-11,"{'CDR': 0.1354010349083272, 'ALE': 0.1308811103320569, 'PKO': 0.1242862929109943, 'KGH': 0.10499782675596533, 'PZU': 0.08144007292793608, 'PKN': 0.07812891620161361, 'DNP': 0.07039830116826408, 'PEO': 0.054305719914846916, 'LPP': 0.04100504340671602, 'CPS': 0.03958582516119549, 'SPL': 0.03206143036471371, 'PGE': 0.02610748198745547, 'OPL': 0.022361676454196375, 'ACP': 0.020822956225260186, 'TPE': 0.012153245959405284, 'CCC': 0.011986154690558604, 'ALR': 0.00816314876093364, 'JSW': 0.005913761869560942}"
545,2021-02-02,88406.01069690577,-4.3655745685100555e-11,"{'CDR': 0.1354010349083272, 'ALE': 0.1308811103320569, 'PKO': 0.1242862929109943, 'KGH': 0.10499782675596533, 'PZU': 0.08144007292793608, 'PKN': 0.07812891620161361, 'DNP': 0.07039830116826408, 'PEO': 0.054305719914846916, 'LPP': 0.04100504340671602, 'CPS': 0.03958582516119549, 'SPL': 0.03206143036471371, 'PGE': 0.02610748198745547, 'OPL': 0.022361676454196375, 'ACP': 0.020822956225260186, 'TPE': 0.012153245959405284, 'CCC': 0.011986154690558604, 'ALR': 0.00816314876093364, 'JSW': 0.005913761869560942}"
546,2021-02-03,87889.28215164768,0.0,"{'CDR': 0.1354010349083272, 'ALE': 0.1308811103320569, 'PKO': 0.1242862929109943, 'KGH': 0.10499782675596533, 'PZU': 0.08144007292793608, 'PKN': 0.07812891620161361, 'DNP': 0.07039830116826408, 'PEO': 0.054305719914846916, 'LPP': 0.04100504340671602, 'CPS': 0.03958582516119549, 'SPL': 0.03206143036471371, 'PGE': 0.02610748198745547, 'OPL': 0.022361676454196375, 'ACP': 0.020822956225260186, 'TPE': 0.012153245959405284, 'CCC': 0.011986154690558604, 'ALR': 0.00816314876093364, 'JSW': 0.005913761869560942}"
547,2021-02-04,87404.52886887555,-1.4551915228366852e-11,"{'CDR': 0.1354010349083272, 'ALE': 0.1308811103320569, 'PKO': 0.1242862929109943, 'KGH': 0.10499782675596533, 'PZU': 0.08144007292793608, 'PKN': 0.07812891620161361, 'DNP': 0.07039830116826408, 'PEO': 0.054305719914846916, 'LPP': 0.04100504340671602, 'CPS': 0.03958582516119549, 'SPL': 0.03206143036471371, 'PGE': 0.02610748198745547, 'OPL': 0.022361676454196375, 'ACP': 0.020822956225260186, 'TPE': 0.012153245959405284, 'CCC': 0.011986154690558604, 'ALR': 0.00816314876093364, 'JSW': 0.005913761869560942}"
548,2021-02-05,88664.22825496041,-2.9103830456733704e-11,"{'CDR': 0.1354010349083272, 'ALE': 0.1308811103320569, 'PKO': 0.1242862929109943, 'KGH': 0.10499782675596533, 'PZU': 0.08144007292793608, 'PKN': 0.07812891620161361, 'DNP': 0.07039830116826408, 'PEO': 0.054305719914846916, 'LPP': 0.04100504340671602, 'CPS': 0.03958582516119549, 'SPL': 0.03206143036471371, 'PGE': 0.02610748198745547, 'OPL': 0.022361676454196375, 'ACP': 0.020822956225260186, 'TPE': 0.012153245959405284, 'CCC': 0.011986154690558604, 'ALR': 0.00816314876093364, 'JSW': 0.005913761869560942}"
549,2021-02-08,88136.14614460753,-1.4551915228366852e-11,"{'CDR': 0.1354010349083272, 'ALE': 0.1308811103320569, 'PKO': 0.1242862929109943, 'KGH': 0.10499782675596533, 'PZU': 0.08144007292793608, 'PKN': 0.07812891620161361, 'DNP': 0.07039830116826408, 'PEO': 0.054305719914846916, 'LPP': 0.04100504340671602, 'CPS': 0.03958582516119549, 'SPL': 0.03206143036471371, 'PGE': 0.02610748198745547, 'OPL': 0.022361676454196375, 'ACP': 0.020822956225260186, 'TPE': 0.012153245959405284, 'CCC': 0.011986154690558604, 'ALR': 0.00816314876093364, 'JSW': 0.005913761869560942}"
550,2021-02-09,87437.83500621907,-1.4551915228366852e-11,"{'CDR': 0.1354010349083272, 'ALE': 0.1308811103320569, 'PKO': 0.1242862929109943, 'KGH': 0.10499782675596533, 'PZU': 0.08144007292793608, 'PKN': 0.07812891620161361, 'DNP': 0.07039830116826408, 'PEO': 0.054305719914846916, 'LPP': 0.04100504340671602, 'CPS': 0.03958582516119549, 'SPL': 0.03206143036471371, 'PGE': 0.02610748198745547, 'OPL': 0.022361676454196375, 'ACP': 0.020822956225260186, 'TPE': 0.012153245959405284, 'CCC': 0.011986154690558604, 'ALR': 0.00816314876093364, 'JSW': 0.005913761869560942}"
551,2021-02-10,86249.96005738132,-2.9103830456733704e-11,"{'CDR': 0.1354010349083272, 'ALE': 0.1308811103320569, 'PKO': 0.1242862929109943, 'KGH': 0.10499782675596533, 'PZU': 0.08144007292793608, 'PKN': 0.07812891620161361, 'DNP': 0.07039830116826408, 'PEO': 0.054305719914846916, 'LPP': 0.04100504340671602, 'CPS': 0.03958582516119549, 'SPL': 0.03206143036471371, 'PGE': 0.02610748198745547, 'OPL': 0.022361676454196375, 'ACP': 0.020822956225260186, 'TPE': 0.012153245959405284, 'CCC': 0.011986154690558604, 'ALR': 0.00816314876093364, 'JSW': 0.005913761869560942}"
552,2021-02-11,88016.9019125731,-1.4551915228366852e-11,"{'CDR': 0.1354010349083272, 'ALE': 0.1308811103320569, 'PKO': 0.1242862929109943, 'KGH': 0.10499782675596533, 'PZU': 0.08144007292793608, 'PKN': 0.07812891620161361, 'DNP': 0.07039830116826408, 'PEO': 0.054305719914846916, 'LPP': 0.04100504340671602, 'CPS': 0.03958582516119549, 'SPL': 0.03206143036471371, 'PGE': 0.02610748198745547, 'OPL': 0.022361676454196375, 'ACP': 0.020822956225260186, 'TPE': 0.012153245959405284, 'CCC': 0.011986154690558604, 'ALR': 0.00816314876093364, 'JSW': 0.005913761869560942}"
553,2021-02-12,87243.54140645608,-1.4551915228366852e-11,"{'CDR': 0.1354010349083272, 'ALE': 0.1308811103320569, 'PKO': 0.1242862929109943, 'KGH': 0.10499782675596533, 'PZU': 0.08144007292793608, 'PKN': 0.07812891620161361, 'DNP': 0.07039830116826408, 'PEO': 0.054305719914846916, 'LPP': 0.04100504340671602, 'CPS': 0.03958582516119549, 'SPL': 0.03206143036471371, 'PGE': 0.02610748198745547, 'OPL': 0.022361676454196375, 'ACP': 0.020822956225260186, 'TPE': 0.012153245959405284, 'CCC': 0.011986154690558604, 'ALR': 0.00816314876093364, 'JSW': 0.005913761869560942}"
554,2021-02-15,88910.57430865955,-2.9103830456733704e-11,"{'CDR': 0.1354010349083272, 'ALE': 0.1308811103320569, 'PKO': 0.1242862929109943, 'KGH': 0.10499782675596533, 'PZU': 0.08144007292793608, 'PKN': 0.07812891620161361, 'DNP': 0.07039830116826408, 'PEO': 0.054305719914846916, 'LPP': 0.04100504340671602, 'CPS': 0.03958582516119549, 'SPL': 0.03206143036471371, 'PGE': 0.02610748198745547, 'OPL': 0.022361676454196375, 'ACP': 0.020822956225260186, 'TPE': 0.012153245959405284, 'CCC': 0.011986154690558604, 'ALR': 0.00816314876093364, 'JSW': 0.005913761869560942}"
555,2021-02-16,90250.49342865986,1.4551915228366852e-11,"{'CDR': 0.1354010349083272, 'ALE': 0.1308811103320569, 'PKO': 0.1242862929109943, 'KGH': 0.10499782675596533, 'PZU': 0.08144007292793608, 'PKN': 0.07812891620161361, 'DNP': 0.07039830116826408, 'PEO': 0.054305719914846916, 'LPP': 0.04100504340671602, 'CPS': 0.03958582516119549, 'SPL': 0.03206143036471371, 'PGE': 0.02610748198745547, 'OPL': 0.022361676454196375, 'ACP': 0.020822956225260186, 'TPE': 0.012153245959405284, 'CCC': 0.011986154690558604, 'ALR': 0.00816314876093364, 'JSW': 0.005913761869560942}"
556,2021-02-17,89381.7244036656,-1.4551915228366852e-11,"{'CDR': 0.1354010349083272, 'ALE': 0.1308811103320569, 'PKO': 0.1242862929109943, 'KGH': 0.10499782675596533, 'PZU': 0.08144007292793608, 'PKN': 0.07812891620161361, 'DNP': 0.07039830116826408, 'PEO': 0.054305719914846916, 'LPP': 0.04100504340671602, 'CPS': 0.03958582516119549, 'SPL': 0.03206143036471371, 'PGE': 0.02610748198745547, 'OPL': 0.022361676454196375, 'ACP': 0.020822956225260186, 'TPE': 0.012153245959405284, 'CCC': 0.011986154690558604, 'ALR': 0.00816314876093364, 'JSW': 0.005913761869560942}"
557,2021-02-18,89189.3419214119,1.4551915228366852e-11,"{'CDR': 0.1354010349083272, 'ALE': 0.1308811103320569, 'PKO': 0.1242862929109943, 'KGH': 0.10499782675596533, 'PZU': 0.08144007292793608, 'PKN': 0.07812891620161361, 'DNP': 0.07039830116826408, 'PEO': 0.054305719914846916, 'LPP': 0.04100504340671602, 'CPS': 0.03958582516119549, 'SPL': 0.03206143036471371, 'PGE': 0.02610748198745547, 'OPL': 0.022361676454196375, 'ACP': 0.020822956225260186, 'TPE': 0.012153245959405284, 'CCC': 0.011986154690558604, 'ALR': 0.00816314876093364, 'JSW': 0.005913761869560942}"
558,2021-02-19,89132.07251177463,0.0,"{'CDR': 0.1354010349083272, 'ALE': 0.1308811103320569, 'PKO': 0.1242862929109943, 'KGH': 0.10499782675596533, 'PZU': 0.08144007292793608, 'PKN': 0.07812891620161361, 'DNP': 0.07039830116826408, 'PEO': 0.054305719914846916, 'LPP': 0.04100504340671602, 'CPS': 0.03958582516119549, 'SPL': 0.03206143036471371, 'PGE': 0.02610748198745547, 'OPL': 0.022361676454196375, 'ACP': 0.020822956225260186, 'TPE': 0.012153245959405284, 'CCC': 0.011986154690558604, 'ALR': 0.00816314876093364, 'JSW': 0.005913761869560942}"
559,2021-02-22,88007.13930230346,-1.4551915228366852e-11,"{'CDR': 0.1354010349083272, 'ALE': 0.1308811103320569, 'PKO': 0.1242862929109943, 'KGH': 0.10499782675596533, 'PZU': 0.08144007292793608, 'PKN': 0.07812891620161361, 'DNP': 0.07039830116826408, 'PEO': 0.054305719914846916, 'LPP': 0.04100504340671602, 'CPS': 0.03958582516119549, 'SPL': 0.03206143036471371, 'PGE': 0.02610748198745547, 'OPL': 0.022361676454196375, 'ACP': 0.020822956225260186, 'TPE': 0.012153245959405284, 'CCC': 0.011986154690558604, 'ALR': 0.00816314876093364, 'JSW': 0.005913761869560942}"
560,2021-02-23,86263.65218063757,-2.9103830456733704e-11,"{'CDR': 0.1354010349083272, 'ALE': 0.1308811103320569, 'PKO': 0.1242862929109943, 'KGH': 0.10499782675596533, 'PZU': 0.08144007292793608, 'PKN': 0.07812891620161361, 'DNP': 0.07039830116826408, 'PEO': 0.054305719914846916, 'LPP': 0.04100504340671602, 'CPS': 0.03958582516119549, 'SPL': 0.03206143036471371, 'PGE': 0.02610748198745547, 'OPL': 0.022361676454196375, 'ACP': 0.020822956225260186, 'TPE': 0.012153245959405284, 'CCC': 0.011986154690558604, 'ALR': 0.00816314876093364, 'JSW': 0.005913761869560942}"
561,2021-02-24,86907.11608543702,-2.9103830456733704e-11,"{'CDR': 0.1354010349083272, 'ALE': 0.1308811103320569, 'PKO': 0.1242862929109943, 'KGH': 0.10499782675596533, 'PZU': 0.08144007292793608, 'PKN': 0.07812891620161361, 'DNP': 0.07039830116826408, 'PEO': 0.054305719914846916, 'LPP': 0.04100504340671602, 'CPS': 0.03958582516119549, 'SPL': 0.03206143036471371, 'PGE': 0.02610748198745547, 'OPL': 0.022361676454196375, 'ACP': 0.020822956225260186, 'TPE': 0.012153245959405284, 'CCC': 0.011986154690558604, 'ALR': 0.00816314876093364, 'JSW': 0.005913761869560942}"
562,2021-02-25,86830.45299689786,0.0,"{'CDR': 0.1354010349083272, 'ALE': 0.1308811103320569, 'PKO': 0.1242862929109943, 'KGH': 0.10499782675596533, 'PZU': 0.08144007292793608, 'PKN': 0.07812891620161361, 'DNP': 0.07039830116826408, 'PEO': 0.054305719914846916, 'LPP': 0.04100504340671602, 'CPS': 0.03958582516119549, 'SPL': 0.03206143036471371, 'PGE': 0.02610748198745547, 'OPL': 0.022361676454196375, 'ACP': 0.020822956225260186, 'TPE': 0.012153245959405284, 'CCC': 0.011986154690558604, 'ALR': 0.00816314876093364, 'JSW': 0.005913761869560942}"
563,2021-02-26,85471.25333927805,-1.4551915228366852e-11,"{'CDR': 0.1354010349083272, 'ALE': 0.1308811103320569, 'PKO': 0.1242862929109943, 'KGH': 0.10499782675596533, 'PZU': 0.08144007292793608, 'PKN': 0.07812891620161361, 'DNP': 0.07039830116826408, 'PEO': 0.054305719914846916, 'LPP': 0.04100504340671602, 'CPS': 0.03958582516119549, 'SPL': 0.03206143036471371, 'PGE': 0.02610748198745547, 'OPL': 0.022361676454196375, 'ACP': 0.020822956225260186, 'TPE': 0.012153245959405284, 'CCC': 0.011986154690558604, 'ALR': 0.00816314876093364, 'JSW': 0.005913761869560942}"
564,2021-03-01,87208.21291365706,0.0,"{'CDR': 0.1354010349083272, 'ALE': 0.1308811103320569, 'PKO': 0.1242862929109943, 'KGH': 0.10499782675596533, 'PZU': 0.08144007292793608, 'PKN': 0.07812891620161361, 'DNP': 0.07039830116826408, 'PEO': 0.054305719914846916, 'LPP': 0.04100504340671602, 'CPS': 0.03958582516119549, 'SPL': 0.03206143036471371, 'PGE': 0.02610748198745547, 'OPL': 0.022361676454196375, 'ACP': 0.020822956225260186, 'TPE': 0.012153245959405284, 'CCC': 0.011986154690558604, 'ALR': 0.00816314876093364, 'JSW': 0.005913761869560942}"
565,2021-03-02,87772.8012533355,0.0,"{'CDR': 0.1354010349083272, 'ALE': 0.1308811103320569, 'PKO': 0.1242862929109943, 'KGH': 0.10499782675596533, 'PZU': 0.08144007292793608, 'PKN': 0.07812891620161361, 'DNP': 0.07039830116826408, 'PEO': 0.054305719914846916, 'LPP': 0.04100504340671602, 'CPS': 0.03958582516119549, 'SPL': 0.03206143036471371, 'PGE': 0.02610748198745547, 'OPL': 0.022361676454196375, 'ACP': 0.020822956225260186, 'TPE': 0.012153245959405284, 'CCC': 0.011986154690558604, 'ALR': 0.00816314876093364, 'JSW': 0.005913761869560942}"
566,2021-03-03,86819.02630387855,-1.4551915228366852e-11,"{'CDR': 0.1354010349083272, 'ALE': 0.1308811103320569, 'PKO': 0.1242862929109943, 'KGH': 0.10499782675596533, 'PZU': 0.08144007292793608, 'PKN': 0.07812891620161361, 'DNP': 0.07039830116826408, 'PEO': 0.054305719914846916, 'LPP': 0.04100504340671602, 'CPS': 0.03958582516119549, 'SPL': 0.03206143036471371, 'PGE': 0.02610748198745547, 'OPL': 0.022361676454196375, 'ACP': 0.020822956225260186, 'TPE': 0.012153245959405284, 'CCC': 0.011986154690558604, 'ALR': 0.00816314876093364, 'JSW': 0.005913761869560942}"
567,2021-03-04,86976.03306109585,-4.3655745685100555e-11,"{'CDR': 0.1354010349083272, 'ALE': 0.1308811103320569, 'PKO': 0.1242862929109943, 'KGH': 0.10499782675596533, 'PZU': 0.08144007292793608, 'PKN': 0.07812891620161361, 'DNP': 0.07039830116826408, 'PEO': 0.054305719914846916, 'LPP': 0.04100504340671602, 'CPS': 0.03958582516119549, 'SPL': 0.03206143036471371, 'PGE': 0.02610748198745547, 'OPL': 0.022361676454196375, 'ACP': 0.020822956225260186, 'TPE': 0.012153245959405284, 'CCC': 0.011986154690558604, 'ALR': 0.00816314876093364, 'JSW': 0.005913761869560942}"
568,2021-03-05,86467.91231398623,-2.9103830456733704e-11,"{'CDR': 0.1354010349083272, 'ALE': 0.1308811103320569, 'PKO': 0.1242862929109943, 'KGH': 0.10499782675596533, 'PZU': 0.08144007292793608, 'PKN': 0.07812891620161361, 'DNP': 0.07039830116826408, 'PEO': 0.054305719914846916, 'LPP': 0.04100504340671602, 'CPS': 0.03958582516119549, 'SPL': 0.03206143036471371, 'PGE': 0.02610748198745547, 'OPL': 0.022361676454196375, 'ACP': 0.020822956225260186, 'TPE': 0.012153245959405284, 'CCC': 0.011986154690558604, 'ALR': 0.00816314876093364, 'JSW': 0.005913761869560942}"
569,2021-03-08,87459.05419191963,0.0,"{'CDR': 0.1354010349083272, 'ALE': 0.1308811103320569, 'PKO': 0.1242862929109943, 'KGH': 0.10499782675596533, 'PZU': 0.08144007292793608, 'PKN': 0.07812891620161361, 'DNP': 0.07039830116826408, 'PEO': 0.054305719914846916, 'LPP': 0.04100504340671602, 'CPS': 0.03958582516119549, 'SPL': 0.03206143036471371, 'PGE': 0.02610748198745547, 'OPL': 0.022361676454196375, 'ACP': 0.020822956225260186, 'TPE': 0.012153245959405284, 'CCC': 0.011986154690558604, 'ALR': 0.00816314876093364, 'JSW': 0.005913761869560942}"
570,2021-03-09,88592.3579429497,-2.9103830456733704e-11,"{'CDR': 0.1354010349083272, 'ALE': 0.1308811103320569, 'PKO': 0.1242862929109943, 'KGH': 0.10499782675596533, 'PZU': 0.08144007292793608, 'PKN': 0.07812891620161361, 'DNP': 0.07039830116826408, 'PEO': 0.054305719914846916, 'LPP': 0.04100504340671602, 'CPS': 0.03958582516119549, 'SPL': 0.03206143036471371, 'PGE': 0.02610748198745547, 'OPL': 0.022361676454196375, 'ACP': 0.020822956225260186, 'TPE': 0.012153245959405284, 'CCC': 0.011986154690558604, 'ALR': 0.00816314876093364, 'JSW': 0.005913761869560942}"
571,2021-03-10,88564.17996279603,1.4551915228366852e-11,"{'CDR': 0.1354010349083272, 'ALE': 0.1308811103320569, 'PKO': 0.1242862929109943, 'KGH': 0.10499782675596533, 'PZU': 0.08144007292793608, 'PKN': 0.07812891620161361, 'DNP': 0.07039830116826408, 'PEO': 0.054305719914846916, 'LPP': 0.04100504340671602, 'CPS': 0.03958582516119549, 'SPL': 0.03206143036471371, 'PGE': 0.02610748198745547, 'OPL': 0.022361676454196375, 'ACP': 0.020822956225260186, 'TPE': 0.012153245959405284, 'CCC': 0.011986154690558604, 'ALR': 0.00816314876093364, 'JSW': 0.005913761869560942}"
572,2021-03-11,88658.13528334665,0.0,"{'CDR': 0.1354010349083272, 'ALE': 0.1308811103320569, 'PKO': 0.1242862929109943, 'KGH': 0.10499782675596533, 'PZU': 0.08144007292793608, 'PKN': 0.07812891620161361, 'DNP': 0.07039830116826408, 'PEO': 0.054305719914846916, 'LPP': 0.04100504340671602, 'CPS': 0.03958582516119549, 'SPL': 0.03206143036471371, 'PGE': 0.02610748198745547, 'OPL': 0.022361676454196375, 'ACP': 0.020822956225260186, 'TPE': 0.012153245959405284, 'CCC': 0.011986154690558604, 'ALR': 0.00816314876093364, 'JSW': 0.005913761869560942}"
573,2021-03-12,89268.59394620008,-1.4551915228366852e-11,"{'CDR': 0.1354010349083272, 'ALE': 0.1308811103320569, 'PKO': 0.1242862929109943, 'KGH': 0.10499782675596533, 'PZU': 0.08144007292793608, 'PKN': 0.07812891620161361, 'DNP': 0.07039830116826408, 'PEO': 0.054305719914846916, 'LPP': 0.04100504340671602, 'CPS': 0.03958582516119549, 'SPL': 0.03206143036471371, 'PGE': 0.02610748198745547, 'OPL': 0.022361676454196375, 'ACP': 0.020822956225260186, 'TPE': 0.012153245959405284, 'CCC': 0.011986154690558604, 'ALR': 0.00816314876093364, 'JSW': 0.005913761869560942}"
574,2021-03-15,89112.30851323972,0.0,"{'CDR': 0.1354010349083272, 'ALE': 0.1308811103320569, 'PKO': 0.1242862929109943, 'KGH': 0.10499782675596533, 'PZU': 0.08144007292793608, 'PKN': 0.07812891620161361, 'DNP': 0.07039830116826408, 'PEO': 0.054305719914846916, 'LPP': 0.04100504340671602, 'CPS': 0.03958582516119549, 'SPL': 0.03206143036471371, 'PGE': 0.02610748198745547, 'OPL': 0.022361676454196375, 'ACP': 0.020822956225260186, 'TPE': 0.012153245959405284, 'CCC': 0.011986154690558604, 'ALR': 0.00816314876093364, 'JSW': 0.005913761869560942}"
575,2021-03-16,88429.5598109337,-2.9103830456733704e-11,"{'CDR': 0.1354010349083272, 'ALE': 0.1308811103320569, 'PKO': 0.1242862929109943, 'KGH': 0.10499782675596533, 'PZU': 0.08144007292793608, 'PKN': 0.07812891620161361, 'DNP': 0.07039830116826408, 'PEO': 0.054305719914846916, 'LPP': 0.04100504340671602, 'CPS': 0.03958582516119549, 'SPL': 0.03206143036471371, 'PGE': 0.02610748198745547, 'OPL': 0.022361676454196375, 'ACP': 0.020822956225260186, 'TPE': 0.012153245959405284, 'CCC': 0.011986154690558604, 'ALR': 0.00816314876093364, 'JSW': 0.005913761869560942}"
576,2021-03-17,86609.40183981115,-1.4551915228366852e-11,"{'CDR': 0.1354010349083272, 'ALE': 0.1308811103320569, 'PKO': 0.1242862929109943, 'KGH': 0.10499782675596533, 'PZU': 0.08144007292793608, 'PKN': 0.07812891620161361, 'DNP': 0.07039830116826408, 'PEO': 0.054305719914846916, 'LPP': 0.04100504340671602, 'CPS': 0.03958582516119549, 'SPL': 0.03206143036471371, 'PGE': 0.02610748198745547, 'OPL': 0.022361676454196375, 'ACP': 0.020822956225260186, 'TPE': 0.012153245959405284, 'CCC': 0.011986154690558604, 'ALR': 0.00816314876093364, 'JSW': 0.005913761869560942}"
577,2021-03-18,87232.10416523559,-4.3655745685100555e-11,"{'CDR': 0.1354010349083272, 'ALE': 0.1308811103320569, 'PKO': 0.1242862929109943, 'KGH': 0.10499782675596533, 'PZU': 0.08144007292793608, 'PKN': 0.07812891620161361, 'DNP': 0.07039830116826408, 'PEO': 0.054305719914846916, 'LPP': 0.04100504340671602, 'CPS': 0.03958582516119549, 'SPL': 0.03206143036471371, 'PGE': 0.02610748198745547, 'OPL': 0.022361676454196375, 'ACP': 0.020822956225260186, 'TPE': 0.012153245959405284, 'CCC': 0.011986154690558604, 'ALR': 0.00816314876093364, 'JSW': 0.005913761869560942}"
578,2021-03-19,86023.01747025721,0.0,"{'KGH': 0.14174586139386267, 'PKO': 0.13167337916804767, 'ALE': 0.10457647295798031, 'CDR': 0.0942546032767806, 'PKN': 0.087833409179803, 'PZU': 0.08699998614514133, 'DNP': 0.06018337438279267, 'PEO': 0.05933822800621122, 'LPP': 0.04277954042368156, 'CPS': 0.039126120778131476, 'SPL': 0.036162246789136494, 'PGE': 0.026454253921191422, 'OPL': 0.01966111015784946, 'CCC': 0.01934031689258967, 'ACP': 0.01846532928203056, 'TPE': 0.014110640638005578, 'JSW': 0.010504114360134665, 'MRC': 0.00679101224662927}"
579,2021-03-22,86027.47619950489,7.275957614183426e-11,"{'KGH': 0.14174586139386267, 'PKO': 0.13167337916804767, 'ALE': 0.10457647295798031, 'CDR': 0.0942546032767806, 'PKN': 0.087833409179803, 'PZU': 0.08699998614514133, 'DNP': 0.06018337438279267, 'PEO': 0.05933822800621122, 'LPP': 0.04277954042368156, 'CPS': 0.039126120778131476, 'SPL': 0.036162246789136494, 'PGE': 0.026454253921191422, 'OPL': 0.01966111015784946, 'CCC': 0.01934031689258967, 'ACP': 0.01846532928203056, 'TPE': 0.014110640638005578, 'JSW': 0.010504114360134665, 'MRC': 0.00679101224662927}"
580,2021-03-23,85800.32505722225,1.4551915228366852e-11,"{'KGH': 0.14174586139386267, 'PKO': 0.13167337916804767, 'ALE': 0.10457647295798031, 'CDR': 0.0942546032767806, 'PKN': 0.087833409179803, 'PZU': 0.08699998614514133, 'DNP': 0.06018337438279267, 'PEO': 0.05933822800621122, 'LPP': 0.04277954042368156, 'CPS': 0.039126120778131476, 'SPL': 0.036162246789136494, 'PGE': 0.026454253921191422, 'OPL': 0.01966111015784946, 'CCC': 0.01934031689258967, 'ACP': 0.01846532928203056, 'TPE': 0.014110640638005578, 'JSW': 0.010504114360134665, 'MRC': 0.00679101224662927}"
581,2021-03-24,84459.52914673733,2.9103830456733704e-11,"{'KGH': 0.14174586139386267, 'PKO': 0.13167337916804767, 'ALE': 0.10457647295798031, 'CDR': 0.0942546032767806, 'PKN': 0.087833409179803, 'PZU': 0.08699998614514133, 'DNP': 0.06018337438279267, 'PEO': 0.05933822800621122, 'LPP': 0.04277954042368156, 'CPS': 0.039126120778131476, 'SPL': 0.036162246789136494, 'PGE': 0.026454253921191422, 'OPL': 0.01966111015784946, 'CCC': 0.01934031689258967, 'ACP': 0.01846532928203056, 'TPE': 0.014110640638005578, 'JSW': 0.010504114360134665, 'MRC': 0.00679101224662927}"
582,2021-03-25,83313.53615067118,0.0,"{'KGH': 0.14174586139386267, 'PKO': 0.13167337916804767, 'ALE': 0.10457647295798031, 'CDR': 0.0942546032767806, 'PKN': 0.087833409179803, 'PZU': 0.08699998614514133, 'DNP': 0.06018337438279267, 'PEO': 0.05933822800621122, 'LPP': 0.04277954042368156, 'CPS': 0.039126120778131476, 'SPL': 0.036162246789136494, 'PGE': 0.026454253921191422, 'OPL': 0.01966111015784946, 'CCC': 0.01934031689258967, 'ACP': 0.01846532928203056, 'TPE': 0.014110640638005578, 'JSW': 0.010504114360134665, 'MRC': 0.00679101224662927}"
583,2021-03-26,85253.50305280359,2.9103830456733704e-11,"{'KGH': 0.14174586139386267, 'PKO': 0.13167337916804767, 'ALE': 0.10457647295798031, 'CDR': 0.0942546032767806, 'PKN': 0.087833409179803, 'PZU': 0.08699998614514133, 'DNP': 0.06018337438279267, 'PEO': 0.05933822800621122, 'LPP': 0.04277954042368156, 'CPS': 0.039126120778131476, 'SPL': 0.036162246789136494, 'PGE': 0.026454253921191422, 'OPL': 0.01966111015784946, 'CCC': 0.01934031689258967, 'ACP': 0.01846532928203056, 'TPE': 0.014110640638005578, 'JSW': 0.010504114360134665, 'MRC': 0.00679101224662927}"
584,2021-03-29,86937.67661838418,2.9103830456733704e-11,"{'KGH': 0.14174586139386267, 'PKO': 0.13167337916804767, 'ALE': 0.10457647295798031, 'CDR': 0.0942546032767806, 'PKN': 0.087833409179803, 'PZU': 0.08699998614514133, 'DNP': 0.06018337438279267, 'PEO': 0.05933822800621122, 'LPP': 0.04277954042368156, 'CPS': 0.039126120778131476, 'SPL': 0.036162246789136494, 'PGE': 0.026454253921191422, 'OPL': 0.01966111015784946, 'CCC': 0.01934031689258967, 'ACP': 0.01846532928203056, 'TPE': 0.014110640638005578, 'JSW': 0.010504114360134665, 'MRC': 0.00679101224662927}"
585,2021-03-30,86418.51549562514,2.9103830456733704e-11,"{'KGH': 0.14174586139386267, 'PKO': 0.13167337916804767, 'ALE': 0.10457647295798031, 'CDR': 0.0942546032767806, 'PKN': 0.087833409179803, 'PZU': 0.08699998614514133, 'DNP': 0.06018337438279267, 'PEO': 0.05933822800621122, 'LPP': 0.04277954042368156, 'CPS': 0.039126120778131476, 'SPL': 0.036162246789136494, 'PGE': 0.026454253921191422, 'OPL': 0.01966111015784946, 'CCC': 0.01934031689258967, 'ACP': 0.01846532928203056, 'TPE': 0.014110640638005578, 'JSW': 0.010504114360134665, 'MRC': 0.00679101224662927}"
586,2021-03-31,86160.81123190407,1.4551915228366852e-11,"{'KGH': 0.14174586139386267, 'PKO': 0.13167337916804767, 'ALE': 0.10457647295798031, 'CDR': 0.0942546032767806, 'PKN': 0.087833409179803, 'PZU': 0.08699998614514133, 'DNP': 0.06018337438279267, 'PEO': 0.05933822800621122, 'LPP': 0.04277954042368156, 'CPS': 0.039126120778131476, 'SPL': 0.036162246789136494, 'PGE': 0.026454253921191422, 'OPL': 0.01966111015784946, 'CCC': 0.01934031689258967, 'ACP': 0.01846532928203056, 'TPE': 0.014110640638005578, 'JSW': 0.010504114360134665, 'MRC': 0.00679101224662927}"
587,2021-04-01,86775.11545807747,4.3655745685100555e-11,"{'KGH': 0.14174586139386267, 'PKO': 0.13167337916804767, 'ALE': 0.10457647295798031, 'CDR': 0.0942546032767806, 'PKN': 0.087833409179803, 'PZU': 0.08699998614514133, 'DNP': 0.06018337438279267, 'PEO': 0.05933822800621122, 'LPP': 0.04277954042368156, 'CPS': 0.039126120778131476, 'SPL': 0.036162246789136494, 'PGE': 0.026454253921191422, 'OPL': 0.01966111015784946, 'CCC': 0.01934031689258967, 'ACP': 0.01846532928203056, 'TPE': 0.014110640638005578, 'JSW': 0.010504114360134665, 'MRC': 0.00679101224662927}"
588,2021-04-02,86775.11545807747,4.3655745685100555e-11,"{'KGH': 0.14174586139386267, 'PKO': 0.13167337916804767, 'ALE': 0.10457647295798031, 'CDR': 0.0942546032767806, 'PKN': 0.087833409179803, 'PZU': 0.08699998614514133, 'DNP': 0.06018337438279267, 'PEO': 0.05933822800621122, 'LPP': 0.04277954042368156, 'CPS': 0.039126120778131476, 'SPL': 0.036162246789136494, 'PGE': 0.026454253921191422, 'OPL': 0.01966111015784946, 'CCC': 0.01934031689258967, 'ACP': 0.01846532928203056, 'TPE': 0.014110640638005578, 'JSW': 0.010504114360134665, 'MRC': 0.00679101224662927}"
589,2021-04-05,86775.11545807747,4.3655745685100555e-11,"{'KGH': 0.14174586139386267, 'PKO': 0.13167337916804767, 'ALE': 0.10457647295798031, 'CDR': 0.0942546032767806, 'PKN': 0.087833409179803, 'PZU': 0.08699998614514133, 'DNP': 0.06018337438279267, 'PEO': 0.05933822800621122, 'LPP': 0.04277954042368156, 'CPS': 0.039126120778131476, 'SPL': 0.036162246789136494, 'PGE': 0.026454253921191422, 'OPL': 0.01966111015784946, 'CCC': 0.01934031689258967, 'ACP': 0.01846532928203056, 'TPE': 0.014110640638005578, 'JSW': 0.010504114360134665, 'MRC': 0.00679101224662927}"
590,2021-04-06,89379.66012616293,2.9103830456733704e-11,"{'KGH': 0.14174586139386267, 'PKO': 0.13167337916804767, 'ALE': 0.10457647295798031, 'CDR': 0.0942546032767806, 'PKN': 0.087833409179803, 'PZU': 0.08699998614514133, 'DNP': 0.06018337438279267, 'PEO': 0.05933822800621122, 'LPP': 0.04277954042368156, 'CPS': 0.039126120778131476, 'SPL': 0.036162246789136494, 'PGE': 0.026454253921191422, 'OPL': 0.01966111015784946, 'CCC': 0.01934031689258967, 'ACP': 0.01846532928203056, 'TPE': 0.014110640638005578, 'JSW': 0.010504114360134665, 'MRC': 0.00679101224662927}"
591,2021-04-07,88558.13847004231,4.3655745685100555e-11,"{'KGH': 0.14174586139386267, 'PKO': 0.13167337916804767, 'ALE': 0.10457647295798031, 'CDR': 0.0942546032767806, 'PKN': 0.087833409179803, 'PZU': 0.08699998614514133, 'DNP': 0.06018337438279267, 'PEO': 0.05933822800621122, 'LPP': 0.04277954042368156, 'CPS': 0.039126120778131476, 'SPL': 0.036162246789136494, 'PGE': 0.026454253921191422, 'OPL': 0.01966111015784946, 'CCC': 0.01934031689258967, 'ACP': 0.01846532928203056, 'TPE': 0.014110640638005578, 'JSW': 0.010504114360134665, 'MRC': 0.00679101224662927}"
592,2021-04-08,87689.22955131429,5.820766091346741e-11,"{'KGH': 0.14174586139386267, 'PKO': 0.13167337916804767, 'ALE': 0.10457647295798031, 'CDR': 0.0942546032767806, 'PKN': 0.087833409179803, 'PZU': 0.08699998614514133, 'DNP': 0.06018337438279267, 'PEO': 0.05933822800621122, 'LPP': 0.04277954042368156, 'CPS': 0.039126120778131476, 'SPL': 0.036162246789136494, 'PGE': 0.026454253921191422, 'OPL': 0.01966111015784946, 'CCC': 0.01934031689258967, 'ACP': 0.01846532928203056, 'TPE': 0.014110640638005578, 'JSW': 0.010504114360134665, 'MRC': 0.00679101224662927}"
593,2021-04-09,87542.29031994255,2.9103830456733704e-11,"{'KGH': 0.14174586139386267, 'PKO': 0.13167337916804767, 'ALE': 0.10457647295798031, 'CDR': 0.0942546032767806, 'PKN': 0.087833409179803, 'PZU': 0.08699998614514133, 'DNP': 0.06018337438279267, 'PEO': 0.05933822800621122, 'LPP': 0.04277954042368156, 'CPS': 0.039126120778131476, 'SPL': 0.036162246789136494, 'PGE': 0.026454253921191422, 'OPL': 0.01966111015784946, 'CCC': 0.01934031689258967, 'ACP': 0.01846532928203056, 'TPE': 0.014110640638005578, 'JSW': 0.010504114360134665, 'MRC': 0.00679101224662927}"
594,2021-04-12,87639.12777763228,4.3655745685100555e-11,"{'KGH': 0.14174586139386267, 'PKO': 0.13167337916804767, 'ALE': 0.10457647295798031, 'CDR': 0.0942546032767806, 'PKN': 0.087833409179803, 'PZU': 0.08699998614514133, 'DNP': 0.06018337438279267, 'PEO': 0.05933822800621122, 'LPP': 0.04277954042368156, 'CPS': 0.039126120778131476, 'SPL': 0.036162246789136494, 'PGE': 0.026454253921191422, 'OPL': 0.01966111015784946, 'CCC': 0.01934031689258967, 'ACP': 0.01846532928203056, 'TPE': 0.014110640638005578, 'JSW': 0.010504114360134665, 'MRC': 0.00679101224662927}"
595,2021-04-13,87333.23463245094,5.820766091346741e-11,"{'KGH': 0.14174586139386267, 'PKO': 0.13167337916804767, 'ALE': 0.10457647295798031, 'CDR': 0.0942546032767806, 'PKN': 0.087833409179803, 'PZU': 0.08699998614514133, 'DNP': 0.06018337438279267, 'PEO': 0.05933822800621122, 'LPP': 0.04277954042368156, 'CPS': 0.039126120778131476, 'SPL': 0.036162246789136494, 'PGE': 0.026454253921191422, 'OPL': 0.01966111015784946, 'CCC': 0.01934031689258967, 'ACP': 0.01846532928203056, 'TPE': 0.014110640638005578, 'JSW': 0.010504114360134665, 'MRC': 0.00679101224662927}"
596,2021-04-14,88966.58360642836,4.3655745685100555e-11,"{'KGH': 0.14174586139386267, 'PKO': 0.13167337916804767, 'ALE': 0.10457647295798031, 'CDR': 0.0942546032767806, 'PKN': 0.087833409179803, 'PZU': 0.08699998614514133, 'DNP': 0.06018337438279267, 'PEO': 0.05933822800621122, 'LPP': 0.04277954042368156, 'CPS': 0.039126120778131476, 'SPL': 0.036162246789136494, 'PGE': 0.026454253921191422, 'OPL': 0.01966111015784946, 'CCC': 0.01934031689258967, 'ACP': 0.01846532928203056, 'TPE': 0.014110640638005578, 'JSW': 0.010504114360134665, 'MRC': 0.00679101224662927}"
597,2021-04-15,89216.27962664748,5.820766091346741e-11,"{'KGH': 0.14174586139386267, 'PKO': 0.13167337916804767, 'ALE': 0.10457647295798031, 'CDR': 0.0942546032767806, 'PKN': 0.087833409179803, 'PZU': 0.08699998614514133, 'DNP': 0.06018337438279267, 'PEO': 0.05933822800621122, 'LPP': 0.04277954042368156, 'CPS': 0.039126120778131476, 'SPL': 0.036162246789136494, 'PGE': 0.026454253921191422, 'OPL': 0.01966111015784946, 'CCC': 0.01934031689258967, 'ACP': 0.01846532928203056, 'TPE': 0.014110640638005578, 'JSW': 0.010504114360134665, 'MRC': 0.00679101224662927}"
598,2021-04-16,88647.1653726826,2.9103830456733704e-11,"{'KGH': 0.14174586139386267, 'PKO': 0.13167337916804767, 'ALE': 0.10457647295798031, 'CDR': 0.0942546032767806, 'PKN': 0.087833409179803, 'PZU': 0.08699998614514133, 'DNP': 0.06018337438279267, 'PEO': 0.05933822800621122, 'LPP': 0.04277954042368156, 'CPS': 0.039126120778131476, 'SPL': 0.036162246789136494, 'PGE': 0.026454253921191422, 'OPL': 0.01966111015784946, 'CCC': 0.01934031689258967, 'ACP': 0.01846532928203056, 'TPE': 0.014110640638005578, 'JSW': 0.010504114360134665, 'MRC': 0.00679101224662927}"
599,2021-04-19,88102.65729791815,2.9103830456733704e-11,"{'KGH': 0.14174586139386267, 'PKO': 0.13167337916804767, 'ALE': 0.10457647295798031, 'CDR': 0.0942546032767806, 'PKN': 0.087833409179803, 'PZU': 0.08699998614514133, 'DNP': 0.06018337438279267, 'PEO': 0.05933822800621122, 'LPP': 0.04277954042368156, 'CPS': 0.039126120778131476, 'SPL': 0.036162246789136494, 'PGE': 0.026454253921191422, 'OPL': 0.01966111015784946, 'CCC': 0.01934031689258967, 'ACP': 0.01846532928203056, 'TPE': 0.014110640638005578, 'JSW': 0.010504114360134665, 'MRC': 0.00679101224662927}"
600,2021-04-20,87446.85741350988,4.3655745685100555e-11,"{'KGH': 0.14174586139386267, 'PKO': 0.13167337916804767, 'ALE': 0.10457647295798031, 'CDR': 0.0942546032767806, 'PKN': 0.087833409179803, 'PZU': 0.08699998614514133, 'DNP': 0.06018337438279267, 'PEO': 0.05933822800621122, 'LPP': 0.04277954042368156, 'CPS': 0.039126120778131476, 'SPL': 0.036162246789136494, 'PGE': 0.026454253921191422, 'OPL': 0.01966111015784946, 'CCC': 0.01934031689258967, 'ACP': 0.01846532928203056, 'TPE': 0.014110640638005578, 'JSW': 0.010504114360134665, 'MRC': 0.00679101224662927}"
601,2021-04-21,87131.85687250178,1.4551915228366852e-11,"{'KGH': 0.14174586139386267, 'PKO': 0.13167337916804767, 'ALE': 0.10457647295798031, 'CDR': 0.0942546032767806, 'PKN': 0.087833409179803, 'PZU': 0.08699998614514133, 'DNP': 0.06018337438279267, 'PEO': 0.05933822800621122, 'LPP': 0.04277954042368156, 'CPS': 0.039126120778131476, 'SPL': 0.036162246789136494, 'PGE': 0.026454253921191422, 'OPL': 0.01966111015784946, 'CCC': 0.01934031689258967, 'ACP': 0.01846532928203056, 'TPE': 0.014110640638005578, 'JSW': 0.010504114360134665, 'MRC': 0.00679101224662927}"
602,2021-04-22,87537.86374039565,2.9103830456733704e-11,"{'KGH': 0.14174586139386267, 'PKO': 0.13167337916804767, 'ALE': 0.10457647295798031, 'CDR': 0.0942546032767806, 'PKN': 0.087833409179803, 'PZU': 0.08699998614514133, 'DNP': 0.06018337438279267, 'PEO': 0.05933822800621122, 'LPP': 0.04277954042368156, 'CPS': 0.039126120778131476, 'SPL': 0.036162246789136494, 'PGE': 0.026454253921191422, 'OPL': 0.01966111015784946, 'CCC': 0.01934031689258967, 'ACP': 0.01846532928203056, 'TPE': 0.014110640638005578, 'JSW': 0.010504114360134665, 'MRC': 0.00679101224662927}"
603,2021-04-23,87499.38710449396,2.9103830456733704e-11,"{'KGH': 0.14174586139386267, 'PKO': 0.13167337916804767, 'ALE': 0.10457647295798031, 'CDR': 0.0942546032767806, 'PKN': 0.087833409179803, 'PZU': 0.08699998614514133, 'DNP': 0.06018337438279267, 'PEO': 0.05933822800621122, 'LPP': 0.04277954042368156, 'CPS': 0.039126120778131476, 'SPL': 0.036162246789136494, 'PGE': 0.026454253921191422, 'OPL': 0.01966111015784946, 'CCC': 0.01934031689258967, 'ACP': 0.01846532928203056, 'TPE': 0.014110640638005578, 'JSW': 0.010504114360134665, 'MRC': 0.00679101224662927}"
604,2021-04-26,88338.61686691336,2.9103830456733704e-11,"{'KGH': 0.14174586139386267, 'PKO': 0.13167337916804767, 'ALE': 0.10457647295798031, 'CDR': 0.0942546032767806, 'PKN': 0.087833409179803, 'PZU': 0.08699998614514133, 'DNP': 0.06018337438279267, 'PEO': 0.05933822800621122, 'LPP': 0.04277954042368156, 'CPS': 0.039126120778131476, 'SPL': 0.036162246789136494, 'PGE': 0.026454253921191422, 'OPL': 0.01966111015784946, 'CCC': 0.01934031689258967, 'ACP': 0.01846532928203056, 'TPE': 0.014110640638005578, 'JSW': 0.010504114360134665, 'MRC': 0.00679101224662927}"
605,2021-04-27,88007.94149420348,5.820766091346741e-11,"{'KGH': 0.14174586139386267, 'PKO': 0.13167337916804767, 'ALE': 0.10457647295798031, 'CDR': 0.0942546032767806, 'PKN': 0.087833409179803, 'PZU': 0.08699998614514133, 'DNP': 0.06018337438279267, 'PEO': 0.05933822800621122, 'LPP': 0.04277954042368156, 'CPS': 0.039126120778131476, 'SPL': 0.036162246789136494, 'PGE': 0.026454253921191422, 'OPL': 0.01966111015784946, 'CCC': 0.01934031689258967, 'ACP': 0.01846532928203056, 'TPE': 0.014110640638005578, 'JSW': 0.010504114360134665, 'MRC': 0.00679101224662927}"
606,2021-04-28,89369.61382399118,4.3655745685100555e-11,"{'KGH': 0.14174586139386267, 'PKO': 0.13167337916804767, 'ALE': 0.10457647295798031, 'CDR': 0.0942546032767806, 'PKN': 0.087833409179803, 'PZU': 0.08699998614514133, 'DNP': 0.06018337438279267, 'PEO': 0.05933822800621122, 'LPP': 0.04277954042368156, 'CPS': 0.039126120778131476, 'SPL': 0.036162246789136494, 'PGE': 0.026454253921191422, 'OPL': 0.01966111015784946, 'CCC': 0.01934031689258967, 'ACP': 0.01846532928203056, 'TPE': 0.014110640638005578, 'JSW': 0.010504114360134665, 'MRC': 0.00679101224662927}"
607,2021-04-29,90395.06455986545,2.9103830456733704e-11,"{'KGH': 0.14174586139386267, 'PKO': 0.13167337916804767, 'ALE': 0.10457647295798031, 'CDR': 0.0942546032767806, 'PKN': 0.087833409179803, 'PZU': 0.08699998614514133, 'DNP': 0.06018337438279267, 'PEO': 0.05933822800621122, 'LPP': 0.04277954042368156, 'CPS': 0.039126120778131476, 'SPL': 0.036162246789136494, 'PGE': 0.026454253921191422, 'OPL': 0.01966111015784946, 'CCC': 0.01934031689258967, 'ACP': 0.01846532928203056, 'TPE': 0.014110640638005578, 'JSW': 0.010504114360134665, 'MRC': 0.00679101224662927}"
608,2021-04-30,89826.64383324842,4.3655745685100555e-11,"{'KGH': 0.14174586139386267, 'PKO': 0.13167337916804767, 'ALE': 0.10457647295798031, 'CDR': 0.0942546032767806, 'PKN': 0.087833409179803, 'PZU': 0.08699998614514133, 'DNP': 0.06018337438279267, 'PEO': 0.05933822800621122, 'LPP': 0.04277954042368156, 'CPS': 0.039126120778131476, 'SPL': 0.036162246789136494, 'PGE': 0.026454253921191422, 'OPL': 0.01966111015784946, 'CCC': 0.01934031689258967, 'ACP': 0.01846532928203056, 'TPE': 0.014110640638005578, 'JSW': 0.010504114360134665, 'MRC': 0.00679101224662927}"
609,2021-05-03,89826.64383324842,4.3655745685100555e-11,"{'KGH': 0.14174586139386267, 'PKO': 0.13167337916804767, 'ALE': 0.10457647295798031, 'CDR': 0.0942546032767806, 'PKN': 0.087833409179803, 'PZU': 0.08699998614514133, 'DNP': 0.06018337438279267, 'PEO': 0.05933822800621122, 'LPP': 0.04277954042368156, 'CPS': 0.039126120778131476, 'SPL': 0.036162246789136494, 'PGE': 0.026454253921191422, 'OPL': 0.01966111015784946, 'CCC': 0.01934031689258967, 'ACP': 0.01846532928203056, 'TPE': 0.014110640638005578, 'JSW': 0.010504114360134665, 'MRC': 0.00679101224662927}"
610,2021-05-04,88138.6569240732,1.4551915228366852e-11,"{'KGH': 0.14174586139386267, 'PKO': 0.13167337916804767, 'ALE': 0.10457647295798031, 'CDR': 0.0942546032767806, 'PKN': 0.087833409179803, 'PZU': 0.08699998614514133, 'DNP': 0.06018337438279267, 'PEO': 0.05933822800621122, 'LPP': 0.04277954042368156, 'CPS': 0.039126120778131476, 'SPL': 0.036162246789136494, 'PGE': 0.026454253921191422, 'OPL': 0.01966111015784946, 'CCC': 0.01934031689258967, 'ACP': 0.01846532928203056, 'TPE': 0.014110640638005578, 'JSW': 0.010504114360134665, 'MRC': 0.00679101224662927}"
611,2021-05-05,89867.84365097425,1.4551915228366852e-11,"{'KGH': 0.14174586139386267, 'PKO': 0.13167337916804767, 'ALE': 0.10457647295798031, 'CDR': 0.0942546032767806, 'PKN': 0.087833409179803, 'PZU': 0.08699998614514133, 'DNP': 0.06018337438279267, 'PEO': 0.05933822800621122, 'LPP': 0.04277954042368156, 'CPS': 0.039126120778131476, 'SPL': 0.036162246789136494, 'PGE': 0.026454253921191422, 'OPL': 0.01966111015784946, 'CCC': 0.01934031689258967, 'ACP': 0.01846532928203056, 'TPE': 0.014110640638005578, 'JSW': 0.010504114360134665, 'MRC': 0.00679101224662927}"
612,2021-05-06,89508.75912451882,4.3655745685100555e-11,"{'KGH': 0.14174586139386267, 'PKO': 0.13167337916804767, 'ALE': 0.10457647295798031, 'CDR': 0.0942546032767806, 'PKN': 0.087833409179803, 'PZU': 0.08699998614514133, 'DNP': 0.06018337438279267, 'PEO': 0.05933822800621122, 'LPP': 0.04277954042368156, 'CPS': 0.039126120778131476, 'SPL': 0.036162246789136494, 'PGE': 0.026454253921191422, 'OPL': 0.01966111015784946, 'CCC': 0.01934031689258967, 'ACP': 0.01846532928203056, 'TPE': 0.014110640638005578, 'JSW': 0.010504114360134665, 'MRC': 0.00679101224662927}"
613,2021-05-07,92096.97723624157,2.9103830456733704e-11,"{'KGH': 0.14174586139386267, 'PKO': 0.13167337916804767, 'ALE': 0.10457647295798031, 'CDR': 0.0942546032767806, 'PKN': 0.087833409179803, 'PZU': 0.08699998614514133, 'DNP': 0.06018337438279267, 'PEO': 0.05933822800621122, 'LPP': 0.04277954042368156, 'CPS': 0.039126120778131476, 'SPL': 0.036162246789136494, 'PGE': 0.026454253921191422, 'OPL': 0.01966111015784946, 'CCC': 0.01934031689258967, 'ACP': 0.01846532928203056, 'TPE': 0.014110640638005578, 'JSW': 0.010504114360134665, 'MRC': 0.00679101224662927}"
614,2021-05-10,92595.40212715945,2.9103830456733704e-11,"{'KGH': 0.14174586139386267, 'PKO': 0.13167337916804767, 'ALE': 0.10457647295798031, 'CDR': 0.0942546032767806, 'PKN': 0.087833409179803, 'PZU': 0.08699998614514133, 'DNP': 0.06018337438279267, 'PEO': 0.05933822800621122, 'LPP': 0.04277954042368156, 'CPS': 0.039126120778131476, 'SPL': 0.036162246789136494, 'PGE': 0.026454253921191422, 'OPL': 0.01966111015784946, 'CCC': 0.01934031689258967, 'ACP': 0.01846532928203056, 'TPE': 0.014110640638005578, 'JSW': 0.010504114360134665, 'MRC': 0.00679101224662927}"
615,2021-05-11,92296.69247146619,4.3655745685100555e-11,"{'KGH': 0.14174586139386267, 'PKO': 0.13167337916804767, 'ALE': 0.10457647295798031, 'CDR': 0.0942546032767806, 'PKN': 0.087833409179803, 'PZU': 0.08699998614514133, 'DNP': 0.06018337438279267, 'PEO': 0.05933822800621122, 'LPP': 0.04277954042368156, 'CPS': 0.039126120778131476, 'SPL': 0.036162246789136494, 'PGE': 0.026454253921191422, 'OPL': 0.01966111015784946, 'CCC': 0.01934031689258967, 'ACP': 0.01846532928203056, 'TPE': 0.014110640638005578, 'JSW': 0.010504114360134665, 'MRC': 0.00679101224662927}"
616,2021-05-12,91928.51578347413,5.820766091346741e-11,"{'KGH': 0.14174586139386267, 'PKO': 0.13167337916804767, 'ALE': 0.10457647295798031, 'CDR': 0.0942546032767806, 'PKN': 0.087833409179803, 'PZU': 0.08699998614514133, 'DNP': 0.06018337438279267, 'PEO': 0.05933822800621122, 'LPP': 0.04277954042368156, 'CPS': 0.039126120778131476, 'SPL': 0.036162246789136494, 'PGE': 0.026454253921191422, 'OPL': 0.01966111015784946, 'CCC': 0.01934031689258967, 'ACP': 0.01846532928203056, 'TPE': 0.014110640638005578, 'JSW': 0.010504114360134665, 'MRC': 0.00679101224662927}"
617,2021-05-13,91859.15222951489,2.9103830456733704e-11,"{'KGH': 0.14174586139386267, 'PKO': 0.13167337916804767, 'ALE': 0.10457647295798031, 'CDR': 0.0942546032767806, 'PKN': 0.087833409179803, 'PZU': 0.08699998614514133, 'DNP': 0.06018337438279267, 'PEO': 0.05933822800621122, 'LPP': 0.04277954042368156, 'CPS': 0.039126120778131476, 'SPL': 0.036162246789136494, 'PGE': 0.026454253921191422, 'OPL': 0.01966111015784946, 'CCC': 0.01934031689258967, 'ACP': 0.01846532928203056, 'TPE': 0.014110640638005578, 'JSW': 0.010504114360134665, 'MRC': 0.00679101224662927}"
618,2021-05-14,92284.40790528608,4.3655745685100555e-11,"{'KGH': 0.14174586139386267, 'PKO': 0.13167337916804767, 'ALE': 0.10457647295798031, 'CDR': 0.0942546032767806, 'PKN': 0.087833409179803, 'PZU': 0.08699998614514133, 'DNP': 0.06018337438279267, 'PEO': 0.05933822800621122, 'LPP': 0.04277954042368156, 'CPS': 0.039126120778131476, 'SPL': 0.036162246789136494, 'PGE': 0.026454253921191422, 'OPL': 0.01966111015784946, 'CCC': 0.01934031689258967, 'ACP': 0.01846532928203056, 'TPE': 0.014110640638005578, 'JSW': 0.010504114360134665, 'MRC': 0.00679101224662927}"
619,2021-05-17,94025.78414106456,2.9103830456733704e-11,"{'KGH': 0.14174586139386267, 'PKO': 0.13167337916804767, 'ALE': 0.10457647295798031, 'CDR': 0.0942546032767806, 'PKN': 0.087833409179803, 'PZU': 0.08699998614514133, 'DNP': 0.06018337438279267, 'PEO': 0.05933822800621122, 'LPP': 0.04277954042368156, 'CPS': 0.039126120778131476, 'SPL': 0.036162246789136494, 'PGE': 0.026454253921191422, 'OPL': 0.01966111015784946, 'CCC': 0.01934031689258967, 'ACP': 0.01846532928203056, 'TPE': 0.014110640638005578, 'JSW': 0.010504114360134665, 'MRC': 0.00679101224662927}"
620,2021-05-18,94433.00574798457,4.3655745685100555e-11,"{'KGH': 0.14174586139386267, 'PKO': 0.13167337916804767, 'ALE': 0.10457647295798031, 'CDR': 0.0942546032767806, 'PKN': 0.087833409179803, 'PZU': 0.08699998614514133, 'DNP': 0.06018337438279267, 'PEO': 0.05933822800621122, 'LPP': 0.04277954042368156, 'CPS': 0.039126120778131476, 'SPL': 0.036162246789136494, 'PGE': 0.026454253921191422, 'OPL': 0.01966111015784946, 'CCC': 0.01934031689258967, 'ACP': 0.01846532928203056, 'TPE': 0.014110640638005578, 'JSW': 0.010504114360134665, 'MRC': 0.00679101224662927}"
621,2021-05-19,93474.49351761545,4.3655745685100555e-11,"{'KGH': 0.14174586139386267, 'PKO': 0.13167337916804767, 'ALE': 0.10457647295798031, 'CDR': 0.0942546032767806, 'PKN': 0.087833409179803, 'PZU': 0.08699998614514133, 'DNP': 0.06018337438279267, 'PEO': 0.05933822800621122, 'LPP': 0.04277954042368156, 'CPS': 0.039126120778131476, 'SPL': 0.036162246789136494, 'PGE': 0.026454253921191422, 'OPL': 0.01966111015784946, 'CCC': 0.01934031689258967, 'ACP': 0.01846532928203056, 'TPE': 0.014110640638005578, 'JSW': 0.010504114360134665, 'MRC': 0.00679101224662927}"
622,2021-05-20,94269.18690720358,2.9103830456733704e-11,"{'KGH': 0.14174586139386267, 'PKO': 0.13167337916804767, 'ALE': 0.10457647295798031, 'CDR': 0.0942546032767806, 'PKN': 0.087833409179803, 'PZU': 0.08699998614514133, 'DNP': 0.06018337438279267, 'PEO': 0.05933822800621122, 'LPP': 0.04277954042368156, 'CPS': 0.039126120778131476, 'SPL': 0.036162246789136494, 'PGE': 0.026454253921191422, 'OPL': 0.01966111015784946, 'CCC': 0.01934031689258967, 'ACP': 0.01846532928203056, 'TPE': 0.014110640638005578, 'JSW': 0.010504114360134665, 'MRC': 0.00679101224662927}"
623,2021-05-21,94544.05174328318,2.9103830456733704e-11,"{'KGH': 0.14174586139386267, 'PKO': 0.13167337916804767, 'ALE': 0.10457647295798031, 'CDR': 0.0942546032767806, 'PKN': 0.087833409179803, 'PZU': 0.08699998614514133, 'DNP': 0.06018337438279267, 'PEO': 0.05933822800621122, 'LPP': 0.04277954042368156, 'CPS': 0.039126120778131476, 'SPL': 0.036162246789136494, 'PGE': 0.026454253921191422, 'OPL': 0.01966111015784946, 'CCC': 0.01934031689258967, 'ACP': 0.01846532928203056, 'TPE': 0.014110640638005578, 'JSW': 0.010504114360134665, 'MRC': 0.00679101224662927}"
624,2021-05-24,94277.42525530043,1.4551915228366852e-11,"{'KGH': 0.14174586139386267, 'PKO': 0.13167337916804767, 'ALE': 0.10457647295798031, 'CDR': 0.0942546032767806, 'PKN': 0.087833409179803, 'PZU': 0.08699998614514133, 'DNP': 0.06018337438279267, 'PEO': 0.05933822800621122, 'LPP': 0.04277954042368156, 'CPS': 0.039126120778131476, 'SPL': 0.036162246789136494, 'PGE': 0.026454253921191422, 'OPL': 0.01966111015784946, 'CCC': 0.01934031689258967, 'ACP': 0.01846532928203056, 'TPE': 0.014110640638005578, 'JSW': 0.010504114360134665, 'MRC': 0.00679101224662927}"
625,2021-05-25,95026.61367037952,2.9103830456733704e-11,"{'KGH': 0.14174586139386267, 'PKO': 0.13167337916804767, 'ALE': 0.10457647295798031, 'CDR': 0.0942546032767806, 'PKN': 0.087833409179803, 'PZU': 0.08699998614514133, 'DNP': 0.06018337438279267, 'PEO': 0.05933822800621122, 'LPP': 0.04277954042368156, 'CPS': 0.039126120778131476, 'SPL': 0.036162246789136494, 'PGE': 0.026454253921191422, 'OPL': 0.01966111015784946, 'CCC': 0.01934031689258967, 'ACP': 0.01846532928203056, 'TPE': 0.014110640638005578, 'JSW': 0.010504114360134665, 'MRC': 0.00679101224662927}"
626,2021-05-26,95394.85413108265,4.3655745685100555e-11,"{'KGH': 0.14174586139386267, 'PKO': 0.13167337916804767, 'ALE': 0.10457647295798031, 'CDR': 0.0942546032767806, 'PKN': 0.087833409179803, 'PZU': 0.08699998614514133, 'DNP': 0.06018337438279267, 'PEO': 0.05933822800621122, 'LPP': 0.04277954042368156, 'CPS': 0.039126120778131476, 'SPL': 0.036162246789136494, 'PGE': 0.026454253921191422, 'OPL': 0.01966111015784946, 'CCC': 0.01934031689258967, 'ACP': 0.01846532928203056, 'TPE': 0.014110640638005578, 'JSW': 0.010504114360134665, 'MRC': 0.00679101224662927}"
627,2021-05-27,97569.05984691017,2.9103830456733704e-11,"{'KGH': 0.14174586139386267, 'PKO': 0.13167337916804767, 'ALE': 0.10457647295798031, 'CDR': 0.0942546032767806, 'PKN': 0.087833409179803, 'PZU': 0.08699998614514133, 'DNP': 0.06018337438279267, 'PEO': 0.05933822800621122, 'LPP': 0.04277954042368156, 'CPS': 0.039126120778131476, 'SPL': 0.036162246789136494, 'PGE': 0.026454253921191422, 'OPL': 0.01966111015784946, 'CCC': 0.01934031689258967, 'ACP': 0.01846532928203056, 'TPE': 0.014110640638005578, 'JSW': 0.010504114360134665, 'MRC': 0.00679101224662927}"
628,2021-05-28,98883.42445231129,4.3655745685100555e-11,"{'KGH': 0.14174586139386267, 'PKO': 0.13167337916804767, 'ALE': 0.10457647295798031, 'CDR': 0.0942546032767806, 'PKN': 0.087833409179803, 'PZU': 0.08699998614514133, 'DNP': 0.06018337438279267, 'PEO': 0.05933822800621122, 'LPP': 0.04277954042368156, 'CPS': 0.039126120778131476, 'SPL': 0.036162246789136494, 'PGE': 0.026454253921191422, 'OPL': 0.01966111015784946, 'CCC': 0.01934031689258967, 'ACP': 0.01846532928203056, 'TPE': 0.014110640638005578, 'JSW': 0.010504114360134665, 'MRC': 0.00679101224662927}"
629,2021-05-31,98735.04024778184,2.9103830456733704e-11,"{'KGH': 0.14174586139386267, 'PKO': 0.13167337916804767, 'ALE': 0.10457647295798031, 'CDR': 0.0942546032767806, 'PKN': 0.087833409179803, 'PZU': 0.08699998614514133, 'DNP': 0.06018337438279267, 'PEO': 0.05933822800621122, 'LPP': 0.04277954042368156, 'CPS': 0.039126120778131476, 'SPL': 0.036162246789136494, 'PGE': 0.026454253921191422, 'OPL': 0.01966111015784946, 'CCC': 0.01934031689258967, 'ACP': 0.01846532928203056, 'TPE': 0.014110640638005578, 'JSW': 0.010504114360134665, 'MRC': 0.00679101224662927}"
630,2021-06-01,98505.01013055736,4.3655745685100555e-11,"{'KGH': 0.14174586139386267, 'PKO': 0.13167337916804767, 'ALE': 0.10457647295798031, 'CDR': 0.0942546032767806, 'PKN': 0.087833409179803, 'PZU': 0.08699998614514133, 'DNP': 0.06018337438279267, 'PEO': 0.05933822800621122, 'LPP': 0.04277954042368156, 'CPS': 0.039126120778131476, 'SPL': 0.036162246789136494, 'PGE': 0.026454253921191422, 'OPL': 0.01966111015784946, 'CCC': 0.01934031689258967, 'ACP': 0.01846532928203056, 'TPE': 0.014110640638005578, 'JSW': 0.010504114360134665, 'MRC': 0.00679101224662927}"
631,2021-06-02,99564.49676143075,4.3655745685100555e-11,"{'KGH': 0.14174586139386267, 'PKO': 0.13167337916804767, 'ALE': 0.10457647295798031, 'CDR': 0.0942546032767806, 'PKN': 0.087833409179803, 'PZU': 0.08699998614514133, 'DNP': 0.06018337438279267, 'PEO': 0.05933822800621122, 'LPP': 0.04277954042368156, 'CPS': 0.039126120778131476, 'SPL': 0.036162246789136494, 'PGE': 0.026454253921191422, 'OPL': 0.01966111015784946, 'CCC': 0.01934031689258967, 'ACP': 0.01846532928203056, 'TPE': 0.014110640638005578, 'JSW': 0.010504114360134665, 'MRC': 0.00679101224662927}"
632,2021-06-03,99564.49676143075,4.3655745685100555e-11,"{'KGH': 0.14174586139386267, 'PKO': 0.13167337916804767, 'ALE': 0.10457647295798031, 'CDR': 0.0942546032767806, 'PKN': 0.087833409179803, 'PZU': 0.08699998614514133, 'DNP': 0.06018337438279267, 'PEO': 0.05933822800621122, 'LPP': 0.04277954042368156, 'CPS': 0.039126120778131476, 'SPL': 0.036162246789136494, 'PGE': 0.026454253921191422, 'OPL': 0.01966111015784946, 'CCC': 0.01934031689258967, 'ACP': 0.01846532928203056, 'TPE': 0.014110640638005578, 'JSW': 0.010504114360134665, 'MRC': 0.00679101224662927}"
633,2021-06-04,99890.25223904023,1.4551915228366852e-11,"{'KGH': 0.14174586139386267, 'PKO': 0.13167337916804767, 'ALE': 0.10457647295798031, 'CDR': 0.0942546032767806, 'PKN': 0.087833409179803, 'PZU': 0.08699998614514133, 'DNP': 0.06018337438279267, 'PEO': 0.05933822800621122, 'LPP': 0.04277954042368156, 'CPS': 0.039126120778131476, 'SPL': 0.036162246789136494, 'PGE': 0.026454253921191422, 'OPL': 0.01966111015784946, 'CCC': 0.01934031689258967, 'ACP': 0.01846532928203056, 'TPE': 0.014110640638005578, 'JSW': 0.010504114360134665, 'MRC': 0.00679101224662927}"
634,2021-06-07,99402.79114485388,1.4551915228366852e-11,"{'KGH': 0.14174586139386267, 'PKO': 0.13167337916804767, 'ALE': 0.10457647295798031, 'CDR': 0.0942546032767806, 'PKN': 0.087833409179803, 'PZU': 0.08699998614514133, 'DNP': 0.06018337438279267, 'PEO': 0.05933822800621122, 'LPP': 0.04277954042368156, 'CPS': 0.039126120778131476, 'SPL': 0.036162246789136494, 'PGE': 0.026454253921191422, 'OPL': 0.01966111015784946, 'CCC': 0.01934031689258967, 'ACP': 0.01846532928203056, 'TPE': 0.014110640638005578, 'JSW': 0.010504114360134665, 'MRC': 0.00679101224662927}"
635,2021-06-08,99160.00433536683,5.820766091346741e-11,"{'KGH': 0.14174586139386267, 'PKO': 0.13167337916804767, 'ALE': 0.10457647295798031, 'CDR': 0.0942546032767806, 'PKN': 0.087833409179803, 'PZU': 0.08699998614514133, 'DNP': 0.06018337438279267, 'PEO': 0.05933822800621122, 'LPP': 0.04277954042368156, 'CPS': 0.039126120778131476, 'SPL': 0.036162246789136494, 'PGE': 0.026454253921191422, 'OPL': 0.01966111015784946, 'CCC': 0.01934031689258967, 'ACP': 0.01846532928203056, 'TPE': 0.014110640638005578, 'JSW': 0.010504114360134665, 'MRC': 0.00679101224662927}"
636,2021-06-09,98499.75649710033,1.4551915228366852e-11,"{'KGH': 0.14174586139386267, 'PKO': 0.13167337916804767, 'ALE': 0.10457647295798031, 'CDR': 0.0942546032767806, 'PKN': 0.087833409179803, 'PZU': 0.08699998614514133, 'DNP': 0.06018337438279267, 'PEO': 0.05933822800621122, 'LPP': 0.04277954042368156, 'CPS': 0.039126120778131476, 'SPL': 0.036162246789136494, 'PGE': 0.026454253921191422, 'OPL': 0.01966111015784946, 'CCC': 0.01934031689258967, 'ACP': 0.01846532928203056, 'TPE': 0.014110640638005578, 'JSW': 0.010504114360134665, 'MRC': 0.00679101224662927}"
637,2021-06-10,99118.56622767083,2.9103830456733704e-11,"{'KGH': 0.14174586139386267, 'PKO': 0.13167337916804767, 'ALE': 0.10457647295798031, 'CDR': 0.0942546032767806, 'PKN': 0.087833409179803, 'PZU': 0.08699998614514133, 'DNP': 0.06018337438279267, 'PEO': 0.05933822800621122, 'LPP': 0.04277954042368156, 'CPS': 0.039126120778131476, 'SPL': 0.036162246789136494, 'PGE': 0.026454253921191422, 'OPL': 0.01966111015784946, 'CCC': 0.01934031689258967, 'ACP': 0.01846532928203056, 'TPE': 0.014110640638005578, 'JSW': 0.010504114360134665, 'MRC': 0.00679101224662927}"
638,2021-06-11,98914.13489871366,2.9103830456733704e-11,"{'KGH': 0.14174586139386267, 'PKO': 0.13167337916804767, 'ALE': 0.10457647295798031, 'CDR': 0.0942546032767806, 'PKN': 0.087833409179803, 'PZU': 0.08699998614514133, 'DNP': 0.06018337438279267, 'PEO': 0.05933822800621122, 'LPP': 0.04277954042368156, 'CPS': 0.039126120778131476, 'SPL': 0.036162246789136494, 'PGE': 0.026454253921191422, 'OPL': 0.01966111015784946, 'CCC': 0.01934031689258967, 'ACP': 0.01846532928203056, 'TPE': 0.014110640638005578, 'JSW': 0.010504114360134665, 'MRC': 0.00679101224662927}"
639,2021-06-14,100091.48402702285,2.9103830456733704e-11,"{'KGH': 0.14174586139386267, 'PKO': 0.13167337916804767, 'ALE': 0.10457647295798031, 'CDR': 0.0942546032767806, 'PKN': 0.087833409179803, 'PZU': 0.08699998614514133, 'DNP': 0.06018337438279267, 'PEO': 0.05933822800621122, 'LPP': 0.04277954042368156, 'CPS': 0.039126120778131476, 'SPL': 0.036162246789136494, 'PGE': 0.026454253921191422, 'OPL': 0.01966111015784946, 'CCC': 0.01934031689258967, 'ACP': 0.01846532928203056, 'TPE': 0.014110640638005578, 'JSW': 0.010504114360134665, 'MRC': 0.00679101224662927}"
640,2021-06-15,99223.02666408832,1.4551915228366852e-11,"{'KGH': 0.14174586139386267, 'PKO': 0.13167337916804767, 'ALE': 0.10457647295798031, 'CDR': 0.0942546032767806, 'PKN': 0.087833409179803, 'PZU': 0.08699998614514133, 'DNP': 0.06018337438279267, 'PEO': 0.05933822800621122, 'LPP': 0.04277954042368156, 'CPS': 0.039126120778131476, 'SPL': 0.036162246789136494, 'PGE': 0.026454253921191422, 'OPL': 0.01966111015784946, 'CCC': 0.01934031689258967, 'ACP': 0.01846532928203056, 'TPE': 0.014110640638005578, 'JSW': 0.010504114360134665, 'MRC': 0.00679101224662927}"
641,2021-06-16,98736.05830550414,4.3655745685100555e-11,"{'KGH': 0.14174586139386267, 'PKO': 0.13167337916804767, 'ALE': 0.10457647295798031, 'CDR': 0.0942546032767806, 'PKN': 0.087833409179803, 'PZU': 0.08699998614514133, 'DNP': 0.06018337438279267, 'PEO': 0.05933822800621122, 'LPP': 0.04277954042368156, 'CPS': 0.039126120778131476, 'SPL': 0.036162246789136494, 'PGE': 0.026454253921191422, 'OPL': 0.01966111015784946, 'CCC': 0.01934031689258967, 'ACP': 0.01846532928203056, 'TPE': 0.014110640638005578, 'JSW': 0.010504114360134665, 'MRC': 0.00679101224662927}"
642,2021-06-17,97774.94605189285,2.9103830456733704e-11,"{'KGH': 0.14174586139386267, 'PKO': 0.13167337916804767, 'ALE': 0.10457647295798031, 'CDR': 0.0942546032767806, 'PKN': 0.087833409179803, 'PZU': 0.08699998614514133, 'DNP': 0.06018337438279267, 'PEO': 0.05933822800621122, 'LPP': 0.04277954042368156, 'CPS': 0.039126120778131476, 'SPL': 0.036162246789136494, 'PGE': 0.026454253921191422, 'OPL': 0.01966111015784946, 'CCC': 0.01934031689258967, 'ACP': 0.01846532928203056, 'TPE': 0.014110640638005578, 'JSW': 0.010504114360134665, 'MRC': 0.00679101224662927}"
643,2021-06-18,98365.39155950349,1.4551915228366852e-11,"{'PKO': 0.14552084090297043, 'KGH': 0.1238666917444291, 'ALE': 0.1017092062460727, 'PKN': 0.10074527975241411, 'PZU': 0.09236702730198898, 'PEO': 0.07417531920714375, 'DNP': 0.06088980460718393, 'CDR': 0.056331992527966696, 'LPP': 0.04949687739111479, 'SPL': 0.03915016307669948, 'CPS': 0.03587046195803179, 'PGE': 0.033434998012302354, 'CCC': 0.020839834315783175, 'OPL': 0.019890868987214618, 'ACP': 0.018191708094845237, 'TPE': 0.015195200458239114, 'JSW': 0.0077103432946195385, 'MRC': 0.004613382120980255}"
644,2021-06-21,98447.26057235543,-4.3655745685100555e-11,"{'PKO': 0.14552084090297043, 'KGH': 0.1238666917444291, 'ALE': 0.1017092062460727, 'PKN': 0.10074527975241411, 'PZU': 0.09236702730198898, 'PEO': 0.07417531920714375, 'DNP': 0.06088980460718393, 'CDR': 0.056331992527966696, 'LPP': 0.04949687739111479, 'SPL': 0.03915016307669948, 'CPS': 0.03587046195803179, 'PGE': 0.033434998012302354, 'CCC': 0.020839834315783175, 'OPL': 0.019890868987214618, 'ACP': 0.018191708094845237, 'TPE': 0.015195200458239114, 'JSW': 0.0077103432946195385, 'MRC': 0.004613382120980255}"
645,2021-06-22,98413.85493121741,-1.4551915228366852e-11,"{'PKO': 0.14552084090297043, 'KGH': 0.1238666917444291, 'ALE': 0.1017092062460727, 'PKN': 0.10074527975241411, 'PZU': 0.09236702730198898, 'PEO': 0.07417531920714375, 'DNP': 0.06088980460718393, 'CDR': 0.056331992527966696, 'LPP': 0.04949687739111479, 'SPL': 0.03915016307669948, 'CPS': 0.03587046195803179, 'PGE': 0.033434998012302354, 'CCC': 0.020839834315783175, 'OPL': 0.019890868987214618, 'ACP': 0.018191708094845237, 'TPE': 0.015195200458239114, 'JSW': 0.0077103432946195385, 'MRC': 0.004613382120980255}"
646,2021-06-23,99101.00127004454,-1.4551915228366852e-11,"{'PKO': 0.14552084090297043, 'KGH': 0.1238666917444291, 'ALE': 0.1017092062460727, 'PKN': 0.10074527975241411, 'PZU': 0.09236702730198898, 'PEO': 0.07417531920714375, 'DNP': 0.06088980460718393, 'CDR': 0.056331992527966696, 'LPP': 0.04949687739111479, 'SPL': 0.03915016307669948, 'CPS': 0.03587046195803179, 'PGE': 0.033434998012302354, 'CCC': 0.020839834315783175, 'OPL': 0.019890868987214618, 'ACP': 0.018191708094845237, 'TPE': 0.015195200458239114, 'JSW': 0.0077103432946195385, 'MRC': 0.004613382120980255}"
647,2021-06-24,100843.22277978522,1.4551915228366852e-11,"{'PKO': 0.14552084090297043, 'KGH': 0.1238666917444291, 'ALE': 0.1017092062460727, 'PKN': 0.10074527975241411, 'PZU': 0.09236702730198898, 'PEO': 0.07417531920714375, 'DNP': 0.06088980460718393, 'CDR': 0.056331992527966696, 'LPP': 0.04949687739111479, 'SPL': 0.03915016307669948, 'CPS': 0.03587046195803179, 'PGE': 0.033434998012302354, 'CCC': 0.020839834315783175, 'OPL': 0.019890868987214618, 'ACP': 0.018191708094845237, 'TPE': 0.015195200458239114, 'JSW': 0.0077103432946195385, 'MRC': 0.004613382120980255}"
648,2021-06-25,101198.40893619799,-1.4551915228366852e-11,"{'PKO': 0.14552084090297043, 'KGH': 0.1238666917444291, 'ALE': 0.1017092062460727, 'PKN': 0.10074527975241411, 'PZU': 0.09236702730198898, 'PEO': 0.07417531920714375, 'DNP': 0.06088980460718393, 'CDR': 0.056331992527966696, 'LPP': 0.04949687739111479, 'SPL': 0.03915016307669948, 'CPS': 0.03587046195803179, 'PGE': 0.033434998012302354, 'CCC': 0.020839834315783175, 'OPL': 0.019890868987214618, 'ACP': 0.018191708094845237, 'TPE': 0.015195200458239114, 'JSW': 0.0077103432946195385, 'MRC': 0.004613382120980255}"
649,2021-06-28,101280.24286782132,0.0,"{'PKO': 0.14552084090297043, 'KGH': 0.1238666917444291, 'ALE': 0.1017092062460727, 'PKN': 0.10074527975241411, 'PZU': 0.09236702730198898, 'PEO': 0.07417531920714375, 'DNP': 0.06088980460718393, 'CDR': 0.056331992527966696, 'LPP': 0.04949687739111479, 'SPL': 0.03915016307669948, 'CPS': 0.03587046195803179, 'PGE': 0.033434998012302354, 'CCC': 0.020839834315783175, 'OPL': 0.019890868987214618, 'ACP': 0.018191708094845237, 'TPE': 0.015195200458239114, 'JSW': 0.0077103432946195385, 'MRC': 0.004613382120980255}"
650,2021-06-29,100157.09316261965,1.4551915228366852e-11,"{'PKO': 0.14552084090297043, 'KGH': 0.1238666917444291, 'ALE': 0.1017092062460727, 'PKN': 0.10074527975241411, 'PZU': 0.09236702730198898, 'PEO': 0.07417531920714375, 'DNP': 0.06088980460718393, 'CDR': 0.056331992527966696, 'LPP': 0.04949687739111479, 'SPL': 0.03915016307669948, 'CPS': 0.03587046195803179, 'PGE': 0.033434998012302354, 'CCC': 0.020839834315783175, 'OPL': 0.019890868987214618, 'ACP': 0.018191708094845237, 'TPE': 0.015195200458239114, 'JSW': 0.0077103432946195385, 'MRC': 0.004613382120980255}"
651,2021-06-30,98368.34368706447,0.0,"{'PKO': 0.14552084090297043, 'KGH': 0.1238666917444291, 'ALE': 0.1017092062460727, 'PKN': 0.10074527975241411, 'PZU': 0.09236702730198898, 'PEO': 0.07417531920714375, 'DNP': 0.06088980460718393, 'CDR': 0.056331992527966696, 'LPP': 0.04949687739111479, 'SPL': 0.03915016307669948, 'CPS': 0.03587046195803179, 'PGE': 0.033434998012302354, 'CCC': 0.020839834315783175, 'OPL': 0.019890868987214618, 'ACP': 0.018191708094845237, 'TPE': 0.015195200458239114, 'JSW': 0.0077103432946195385, 'MRC': 0.004613382120980255}"
652,2021-07-01,99936.77161475779,0.0,"{'PKO': 0.14552084090297043, 'KGH': 0.1238666917444291, 'ALE': 0.1017092062460727, 'PKN': 0.10074527975241411, 'PZU': 0.09236702730198898, 'PEO': 0.07417531920714375, 'DNP': 0.06088980460718393, 'CDR': 0.056331992527966696, 'LPP': 0.04949687739111479, 'SPL': 0.03915016307669948, 'CPS': 0.03587046195803179, 'PGE': 0.033434998012302354, 'CCC': 0.020839834315783175, 'OPL': 0.019890868987214618, 'ACP': 0.018191708094845237, 'TPE': 0.015195200458239114, 'JSW': 0.0077103432946195385, 'MRC': 0.004613382120980255}"
653,2021-07-02,99961.26019605134,1.4551915228366852e-11,"{'PKO': 0.14552084090297043, 'KGH': 0.1238666917444291, 'ALE': 0.1017092062460727, 'PKN': 0.10074527975241411, 'PZU': 0.09236702730198898, 'PEO': 0.07417531920714375, 'DNP': 0.06088980460718393, 'CDR': 0.056331992527966696, 'LPP': 0.04949687739111479, 'SPL': 0.03915016307669948, 'CPS': 0.03587046195803179, 'PGE': 0.033434998012302354, 'CCC': 0.020839834315783175, 'OPL': 0.019890868987214618, 'ACP': 0.018191708094845237, 'TPE': 0.015195200458239114, 'JSW': 0.0077103432946195385, 'MRC': 0.004613382120980255}"
654,2021-07-05,100483.49143281837,-2.9103830456733704e-11,"{'PKO': 0.14552084090297043, 'KGH': 0.1238666917444291, 'ALE': 0.1017092062460727, 'PKN': 0.10074527975241411, 'PZU': 0.09236702730198898, 'PEO': 0.07417531920714375, 'DNP': 0.06088980460718393, 'CDR': 0.056331992527966696, 'LPP': 0.04949687739111479, 'SPL': 0.03915016307669948, 'CPS': 0.03587046195803179, 'PGE': 0.033434998012302354, 'CCC': 0.020839834315783175, 'OPL': 0.019890868987214618, 'ACP': 0.018191708094845237, 'TPE': 0.015195200458239114, 'JSW': 0.0077103432946195385, 'MRC': 0.004613382120980255}"
655,2021-07-06,99107.17709435169,1.4551915228366852e-11,"{'PKO': 0.14552084090297043, 'KGH': 0.1238666917444291, 'ALE': 0.1017092062460727, 'PKN': 0.10074527975241411, 'PZU': 0.09236702730198898, 'PEO': 0.07417531920714375, 'DNP': 0.06088980460718393, 'CDR': 0.056331992527966696, 'LPP': 0.04949687739111479, 'SPL': 0.03915016307669948, 'CPS': 0.03587046195803179, 'PGE': 0.033434998012302354, 'CCC': 0.020839834315783175, 'OPL': 0.019890868987214618, 'ACP': 0.018191708094845237, 'TPE': 0.015195200458239114, 'JSW': 0.0077103432946195385, 'MRC': 0.004613382120980255}"
656,2021-07-07,101592.76263648456,2.9103830456733704e-11,"{'PKO': 0.14552084090297043, 'KGH': 0.1238666917444291, 'ALE': 0.1017092062460727, 'PKN': 0.10074527975241411, 'PZU': 0.09236702730198898, 'PEO': 0.07417531920714375, 'DNP': 0.06088980460718393, 'CDR': 0.056331992527966696, 'LPP': 0.04949687739111479, 'SPL': 0.03915016307669948, 'CPS': 0.03587046195803179, 'PGE': 0.033434998012302354, 'CCC': 0.020839834315783175, 'OPL': 0.019890868987214618, 'ACP': 0.018191708094845237, 'TPE': 0.015195200458239114, 'JSW': 0.0077103432946195385, 'MRC': 0.004613382120980255}"
657,2021-07-08,99344.49149656264,-1.4551915228366852e-11,"{'PKO': 0.14552084090297043, 'KGH': 0.1238666917444291, 'ALE': 0.1017092062460727, 'PKN': 0.10074527975241411, 'PZU': 0.09236702730198898, 'PEO': 0.07417531920714375, 'DNP': 0.06088980460718393, 'CDR': 0.056331992527966696, 'LPP': 0.04949687739111479, 'SPL': 0.03915016307669948, 'CPS': 0.03587046195803179, 'PGE': 0.033434998012302354, 'CCC': 0.020839834315783175, 'OPL': 0.019890868987214618, 'ACP': 0.018191708094845237, 'TPE': 0.015195200458239114, 'JSW': 0.0077103432946195385, 'MRC': 0.004613382120980255}"
658,2021-07-09,100115.87810086049,-1.4551915228366852e-11,"{'PKO': 0.14552084090297043, 'KGH': 0.1238666917444291, 'ALE': 0.1017092062460727, 'PKN': 0.10074527975241411, 'PZU': 0.09236702730198898, 'PEO': 0.07417531920714375, 'DNP': 0.06088980460718393, 'CDR': 0.056331992527966696, 'LPP': 0.04949687739111479, 'SPL': 0.03915016307669948, 'CPS': 0.03587046195803179, 'PGE': 0.033434998012302354, 'CCC': 0.020839834315783175, 'OPL': 0.019890868987214618, 'ACP': 0.018191708094845237, 'TPE': 0.015195200458239114, 'JSW': 0.0077103432946195385, 'MRC': 0.004613382120980255}"
659,2021-07-12,100217.32675555769,1.4551915228366852e-11,"{'PKO': 0.14552084090297043, 'KGH': 0.1238666917444291, 'ALE': 0.1017092062460727, 'PKN': 0.10074527975241411, 'PZU': 0.09236702730198898, 'PEO': 0.07417531920714375, 'DNP': 0.06088980460718393, 'CDR': 0.056331992527966696, 'LPP': 0.04949687739111479, 'SPL': 0.03915016307669948, 'CPS': 0.03587046195803179, 'PGE': 0.033434998012302354, 'CCC': 0.020839834315783175, 'OPL': 0.019890868987214618, 'ACP': 0.018191708094845237, 'TPE': 0.015195200458239114, 'JSW': 0.0077103432946195385, 'MRC': 0.004613382120980255}"
660,2021-07-13,100675.65446088939,-1.4551915228366852e-11,"{'PKO': 0.14552084090297043, 'KGH': 0.1238666917444291, 'ALE': 0.1017092062460727, 'PKN': 0.10074527975241411, 'PZU': 0.09236702730198898, 'PEO': 0.07417531920714375, 'DNP': 0.06088980460718393, 'CDR': 0.056331992527966696, 'LPP': 0.04949687739111479, 'SPL': 0.03915016307669948, 'CPS': 0.03587046195803179, 'PGE': 0.033434998012302354, 'CCC': 0.020839834315783175, 'OPL': 0.019890868987214618, 'ACP': 0.018191708094845237, 'TPE': 0.015195200458239114, 'JSW': 0.0077103432946195385, 'MRC': 0.004613382120980255}"
661,2021-07-14,100896.78067351093,-1.4551915228366852e-11,"{'PKO': 0.14552084090297043, 'KGH': 0.1238666917444291, 'ALE': 0.1017092062460727, 'PKN': 0.10074527975241411, 'PZU': 0.09236702730198898, 'PEO': 0.07417531920714375, 'DNP': 0.06088980460718393, 'CDR': 0.056331992527966696, 'LPP': 0.04949687739111479, 'SPL': 0.03915016307669948, 'CPS': 0.03587046195803179, 'PGE': 0.033434998012302354, 'CCC': 0.020839834315783175, 'OPL': 0.019890868987214618, 'ACP': 0.018191708094845237, 'TPE': 0.015195200458239114, 'JSW': 0.0077103432946195385, 'MRC': 0.004613382120980255}"
662,2021-07-15,100589.97414566836,0.0,"{'PKO': 0.14552084090297043, 'KGH': 0.1238666917444291, 'ALE': 0.1017092062460727, 'PKN': 0.10074527975241411, 'PZU': 0.09236702730198898, 'PEO': 0.07417531920714375, 'DNP': 0.06088980460718393, 'CDR': 0.056331992527966696, 'LPP': 0.04949687739111479, 'SPL': 0.03915016307669948, 'CPS': 0.03587046195803179, 'PGE': 0.033434998012302354, 'CCC': 0.020839834315783175, 'OPL': 0.019890868987214618, 'ACP': 0.018191708094845237, 'TPE': 0.015195200458239114, 'JSW': 0.0077103432946195385, 'MRC': 0.004613382120980255}"
663,2021-07-16,100569.90861143707,-1.4551915228366852e-11,"{'PKO': 0.14552084090297043, 'KGH': 0.1238666917444291, 'ALE': 0.1017092062460727, 'PKN': 0.10074527975241411, 'PZU': 0.09236702730198898, 'PEO': 0.07417531920714375, 'DNP': 0.06088980460718393, 'CDR': 0.056331992527966696, 'LPP': 0.04949687739111479, 'SPL': 0.03915016307669948, 'CPS': 0.03587046195803179, 'PGE': 0.033434998012302354, 'CCC': 0.020839834315783175, 'OPL': 0.019890868987214618, 'ACP': 0.018191708094845237, 'TPE': 0.015195200458239114, 'JSW': 0.0077103432946195385, 'MRC': 0.004613382120980255}"
664,2021-07-19,98266.91622336817,0.0,"{'PKO': 0.14552084090297043, 'KGH': 0.1238666917444291, 'ALE': 0.1017092062460727, 'PKN': 0.10074527975241411, 'PZU': 0.09236702730198898, 'PEO': 0.07417531920714375, 'DNP': 0.06088980460718393, 'CDR': 0.056331992527966696, 'LPP': 0.04949687739111479, 'SPL': 0.03915016307669948, 'CPS': 0.03587046195803179, 'PGE': 0.033434998012302354, 'CCC': 0.020839834315783175, 'OPL': 0.019890868987214618, 'ACP': 0.018191708094845237, 'TPE': 0.015195200458239114, 'JSW': 0.0077103432946195385, 'MRC': 0.004613382120980255}"
665,2021-07-20,98942.40128925511,0.0,"{'PKO': 0.14552084090297043, 'KGH': 0.1238666917444291, 'ALE': 0.1017092062460727, 'PKN': 0.10074527975241411, 'PZU': 0.09236702730198898, 'PEO': 0.07417531920714375, 'DNP': 0.06088980460718393, 'CDR': 0.056331992527966696, 'LPP': 0.04949687739111479, 'SPL': 0.03915016307669948, 'CPS': 0.03587046195803179, 'PGE': 0.033434998012302354, 'CCC': 0.020839834315783175, 'OPL': 0.019890868987214618, 'ACP': 0.018191708094845237, 'TPE': 0.015195200458239114, 'JSW': 0.0077103432946195385, 'MRC': 0.004613382120980255}"
666,2021-07-21,100488.11173241792,1.4551915228366852e-11,"{'PKO': 0.14552084090297043, 'KGH': 0.1238666917444291, 'ALE': 0.1017092062460727, 'PKN': 0.10074527975241411, 'PZU': 0.09236702730198898, 'PEO': 0.07417531920714375, 'DNP': 0.06088980460718393, 'CDR': 0.056331992527966696, 'LPP': 0.04949687739111479, 'SPL': 0.03915016307669948, 'CPS': 0.03587046195803179, 'PGE': 0.033434998012302354, 'CCC': 0.020839834315783175, 'OPL': 0.019890868987214618, 'ACP': 0.018191708094845237, 'TPE': 0.015195200458239114, 'JSW': 0.0077103432946195385, 'MRC': 0.004613382120980255}"
667,2021-07-22,99832.87606902,0.0,"{'PKO': 0.14552084090297043, 'KGH': 0.1238666917444291, 'ALE': 0.1017092062460727, 'PKN': 0.10074527975241411, 'PZU': 0.09236702730198898, 'PEO': 0.07417531920714375, 'DNP': 0.06088980460718393, 'CDR': 0.056331992527966696, 'LPP': 0.04949687739111479, 'SPL': 0.03915016307669948, 'CPS': 0.03587046195803179, 'PGE': 0.033434998012302354, 'CCC': 0.020839834315783175, 'OPL': 0.019890868987214618, 'ACP': 0.018191708094845237, 'TPE': 0.015195200458239114, 'JSW': 0.0077103432946195385, 'MRC': 0.004613382120980255}"
668,2021-07-23,100482.07704698482,0.0,"{'PKO': 0.14552084090297043, 'KGH': 0.1238666917444291, 'ALE': 0.1017092062460727, 'PKN': 0.10074527975241411, 'PZU': 0.09236702730198898, 'PEO': 0.07417531920714375, 'DNP': 0.06088980460718393, 'CDR': 0.056331992527966696, 'LPP': 0.04949687739111479, 'SPL': 0.03915016307669948, 'CPS': 0.03587046195803179, 'PGE': 0.033434998012302354, 'CCC': 0.020839834315783175, 'OPL': 0.019890868987214618, 'ACP': 0.018191708094845237, 'TPE': 0.015195200458239114, 'JSW': 0.0077103432946195385, 'MRC': 0.004613382120980255}"
669,2021-07-26,100468.25027923123,-1.4551915228366852e-11,"{'PKO': 0.14552084090297043, 'KGH': 0.1238666917444291, 'ALE': 0.1017092062460727, 'PKN': 0.10074527975241411, 'PZU': 0.09236702730198898, 'PEO': 0.07417531920714375, 'DNP': 0.06088980460718393, 'CDR': 0.056331992527966696, 'LPP': 0.04949687739111479, 'SPL': 0.03915016307669948, 'CPS': 0.03587046195803179, 'PGE': 0.033434998012302354, 'CCC': 0.020839834315783175, 'OPL': 0.019890868987214618, 'ACP': 0.018191708094845237, 'TPE': 0.015195200458239114, 'JSW': 0.0077103432946195385, 'MRC': 0.004613382120980255}"
670,2021-07-27,99687.65324706359,0.0,"{'PKO': 0.14552084090297043, 'KGH': 0.1238666917444291, 'ALE': 0.1017092062460727, 'PKN': 0.10074527975241411, 'PZU': 0.09236702730198898, 'PEO': 0.07417531920714375, 'DNP': 0.06088980460718393, 'CDR': 0.056331992527966696, 'LPP': 0.04949687739111479, 'SPL': 0.03915016307669948, 'CPS': 0.03587046195803179, 'PGE': 0.033434998012302354, 'CCC': 0.020839834315783175, 'OPL': 0.019890868987214618, 'ACP': 0.018191708094845237, 'TPE': 0.015195200458239114, 'JSW': 0.0077103432946195385, 'MRC': 0.004613382120980255}"
671,2021-07-28,100761.6532460298,1.4551915228366852e-11,"{'PKO': 0.14552084090297043, 'KGH': 0.1238666917444291, 'ALE': 0.1017092062460727, 'PKN': 0.10074527975241411, 'PZU': 0.09236702730198898, 'PEO': 0.07417531920714375, 'DNP': 0.06088980460718393, 'CDR': 0.056331992527966696, 'LPP': 0.04949687739111479, 'SPL': 0.03915016307669948, 'CPS': 0.03587046195803179, 'PGE': 0.033434998012302354, 'CCC': 0.020839834315783175, 'OPL': 0.019890868987214618, 'ACP': 0.018191708094845237, 'TPE': 0.015195200458239114, 'JSW': 0.0077103432946195385, 'MRC': 0.004613382120980255}"
672,2021-07-29,101682.13338126695,1.4551915228366852e-11,"{'PKO': 0.14552084090297043, 'KGH': 0.1238666917444291, 'ALE': 0.1017092062460727, 'PKN': 0.10074527975241411, 'PZU': 0.09236702730198898, 'PEO': 0.07417531920714375, 'DNP': 0.06088980460718393, 'CDR': 0.056331992527966696, 'LPP': 0.04949687739111479, 'SPL': 0.03915016307669948, 'CPS': 0.03587046195803179, 'PGE': 0.033434998012302354, 'CCC': 0.020839834315783175, 'OPL': 0.019890868987214618, 'ACP': 0.018191708094845237, 'TPE': 0.015195200458239114, 'JSW': 0.0077103432946195385, 'MRC': 0.004613382120980255}"
673,2021-07-30,101120.63692607591,0.0,"{'PKO': 0.14552084090297043, 'KGH': 0.1238666917444291, 'ALE': 0.1017092062460727, 'PKN': 0.10074527975241411, 'PZU': 0.09236702730198898, 'PEO': 0.07417531920714375, 'DNP': 0.06088980460718393, 'CDR': 0.056331992527966696, 'LPP': 0.04949687739111479, 'SPL': 0.03915016307669948, 'CPS': 0.03587046195803179, 'PGE': 0.033434998012302354, 'CCC': 0.020839834315783175, 'OPL': 0.019890868987214618, 'ACP': 0.018191708094845237, 'TPE': 0.015195200458239114, 'JSW': 0.0077103432946195385, 'MRC': 0.004613382120980255}"
674,2021-08-02,101102.98508415029,-1.4551915228366852e-11,"{'PKO': 0.14552084090297043, 'KGH': 0.1238666917444291, 'ALE': 0.1017092062460727, 'PKN': 0.10074527975241411, 'PZU': 0.09236702730198898, 'PEO': 0.07417531920714375, 'DNP': 0.06088980460718393, 'CDR': 0.056331992527966696, 'LPP': 0.04949687739111479, 'SPL': 0.03915016307669948, 'CPS': 0.03587046195803179, 'PGE': 0.033434998012302354, 'CCC': 0.020839834315783175, 'OPL': 0.019890868987214618, 'ACP': 0.018191708094845237, 'TPE': 0.015195200458239114, 'JSW': 0.0077103432946195385, 'MRC': 0.004613382120980255}"
675,2021-08-03,101283.89503111996,2.9103830456733704e-11,"{'PKO': 0.14552084090297043, 'KGH': 0.1238666917444291, 'ALE': 0.1017092062460727, 'PKN': 0.10074527975241411, 'PZU': 0.09236702730198898, 'PEO': 0.07417531920714375, 'DNP': 0.06088980460718393, 'CDR': 0.056331992527966696, 'LPP': 0.04949687739111479, 'SPL': 0.03915016307669948, 'CPS': 0.03587046195803179, 'PGE': 0.033434998012302354, 'CCC': 0.020839834315783175, 'OPL': 0.019890868987214618, 'ACP': 0.018191708094845237, 'TPE': 0.015195200458239114, 'JSW': 0.0077103432946195385, 'MRC': 0.004613382120980255}"
676,2021-08-04,102077.0805821387,1.4551915228366852e-11,"{'PKO': 0.14552084090297043, 'KGH': 0.1238666917444291, 'ALE': 0.1017092062460727, 'PKN': 0.10074527975241411, 'PZU': 0.09236702730198898, 'PEO': 0.07417531920714375, 'DNP': 0.06088980460718393, 'CDR': 0.056331992527966696, 'LPP': 0.04949687739111479, 'SPL': 0.03915016307669948, 'CPS': 0.03587046195803179, 'PGE': 0.033434998012302354, 'CCC': 0.020839834315783175, 'OPL': 0.019890868987214618, 'ACP': 0.018191708094845237, 'TPE': 0.015195200458239114, 'JSW': 0.0077103432946195385, 'MRC': 0.004613382120980255}"
677,2021-08-05,102029.94538602051,0.0,"{'PKO': 0.14552084090297043, 'KGH': 0.1238666917444291, 'ALE': 0.1017092062460727, 'PKN': 0.10074527975241411, 'PZU': 0.09236702730198898, 'PEO': 0.07417531920714375, 'DNP': 0.06088980460718393, 'CDR': 0.056331992527966696, 'LPP': 0.04949687739111479, 'SPL': 0.03915016307669948, 'CPS': 0.03587046195803179, 'PGE': 0.033434998012302354, 'CCC': 0.020839834315783175, 'OPL': 0.019890868987214618, 'ACP': 0.018191708094845237, 'TPE': 0.015195200458239114, 'JSW': 0.0077103432946195385, 'MRC': 0.004613382120980255}"
678,2021-08-06,102133.01609683852,0.0,"{'PKO': 0.14552084090297043, 'KGH': 0.1238666917444291, 'ALE': 0.1017092062460727, 'PKN': 0.10074527975241411, 'PZU': 0.09236702730198898, 'PEO': 0.07417531920714375, 'DNP': 0.06088980460718393, 'CDR': 0.056331992527966696, 'LPP': 0.04949687739111479, 'SPL': 0.03915016307669948, 'CPS': 0.03587046195803179, 'PGE': 0.033434998012302354, 'CCC': 0.020839834315783175, 'OPL': 0.019890868987214618, 'ACP': 0.018191708094845237, 'TPE': 0.015195200458239114, 'JSW': 0.0077103432946195385, 'MRC': 0.004613382120980255}"
679,2021-08-09,102142.22708094728,0.0,"{'PKO': 0.14552084090297043, 'KGH': 0.1238666917444291, 'ALE': 0.1017092062460727, 'PKN': 0.10074527975241411, 'PZU': 0.09236702730198898, 'PEO': 0.07417531920714375, 'DNP': 0.06088980460718393, 'CDR': 0.056331992527966696, 'LPP': 0.04949687739111479, 'SPL': 0.03915016307669948, 'CPS': 0.03587046195803179, 'PGE': 0.033434998012302354, 'CCC': 0.020839834315783175, 'OPL': 0.019890868987214618, 'ACP': 0.018191708094845237, 'TPE': 0.015195200458239114, 'JSW': 0.0077103432946195385, 'MRC': 0.004613382120980255}"
680,2021-08-10,102281.35014106294,-1.4551915228366852e-11,"{'PKO': 0.14552084090297043, 'KGH': 0.1238666917444291, 'ALE': 0.1017092062460727, 'PKN': 0.10074527975241411, 'PZU': 0.09236702730198898, 'PEO': 0.07417531920714375, 'DNP': 0.06088980460718393, 'CDR': 0.056331992527966696, 'LPP': 0.04949687739111479, 'SPL': 0.03915016307669948, 'CPS': 0.03587046195803179, 'PGE': 0.033434998012302354, 'CCC': 0.020839834315783175, 'OPL': 0.019890868987214618, 'ACP': 0.018191708094845237, 'TPE': 0.015195200458239114, 'JSW': 0.0077103432946195385, 'MRC': 0.004613382120980255}"
681,2021-08-11,102605.75516491204,-2.9103830456733704e-11,"{'PKO': 0.14552084090297043, 'KGH': 0.1238666917444291, 'ALE': 0.1017092062460727, 'PKN': 0.10074527975241411, 'PZU': 0.09236702730198898, 'PEO': 0.07417531920714375, 'DNP': 0.06088980460718393, 'CDR': 0.056331992527966696, 'LPP': 0.04949687739111479, 'SPL': 0.03915016307669948, 'CPS': 0.03587046195803179, 'PGE': 0.033434998012302354, 'CCC': 0.020839834315783175, 'OPL': 0.019890868987214618, 'ACP': 0.018191708094845237, 'TPE': 0.015195200458239114, 'JSW': 0.0077103432946195385, 'MRC': 0.004613382120980255}"
682,2021-08-12,103188.84509744236,1.4551915228366852e-11,"{'PKO': 0.14552084090297043, 'KGH': 0.1238666917444291, 'ALE': 0.1017092062460727, 'PKN': 0.10074527975241411, 'PZU': 0.09236702730198898, 'PEO': 0.07417531920714375, 'DNP': 0.06088980460718393, 'CDR': 0.056331992527966696, 'LPP': 0.04949687739111479, 'SPL': 0.03915016307669948, 'CPS': 0.03587046195803179, 'PGE': 0.033434998012302354, 'CCC': 0.020839834315783175, 'OPL': 0.019890868987214618, 'ACP': 0.018191708094845237, 'TPE': 0.015195200458239114, 'JSW': 0.0077103432946195385, 'MRC': 0.004613382120980255}"
683,2021-08-13,103347.56507843087,0.0,"{'PKO': 0.14552084090297043, 'KGH': 0.1238666917444291, 'ALE': 0.1017092062460727, 'PKN': 0.10074527975241411, 'PZU': 0.09236702730198898, 'PEO': 0.07417531920714375, 'DNP': 0.06088980460718393, 'CDR': 0.056331992527966696, 'LPP': 0.04949687739111479, 'SPL': 0.03915016307669948, 'CPS': 0.03587046195803179, 'PGE': 0.033434998012302354, 'CCC': 0.020839834315783175, 'OPL': 0.019890868987214618, 'ACP': 0.018191708094845237, 'TPE': 0.015195200458239114, 'JSW': 0.0077103432946195385, 'MRC': 0.004613382120980255}"
684,2021-08-16,102394.6992025675,0.0,"{'PKO': 0.14552084090297043, 'KGH': 0.1238666917444291, 'ALE': 0.1017092062460727, 'PKN': 0.10074527975241411, 'PZU': 0.09236702730198898, 'PEO': 0.07417531920714375, 'DNP': 0.06088980460718393, 'CDR': 0.056331992527966696, 'LPP': 0.04949687739111479, 'SPL': 0.03915016307669948, 'CPS': 0.03587046195803179, 'PGE': 0.033434998012302354, 'CCC': 0.020839834315783175, 'OPL': 0.019890868987214618, 'ACP': 0.018191708094845237, 'TPE': 0.015195200458239114, 'JSW': 0.0077103432946195385, 'MRC': 0.004613382120980255}"
685,2021-08-17,103218.85020759465,-1.4551915228366852e-11,"{'PKO': 0.14552084090297043, 'KGH': 0.1238666917444291, 'ALE': 0.1017092062460727, 'PKN': 0.10074527975241411, 'PZU': 0.09236702730198898, 'PEO': 0.07417531920714375, 'DNP': 0.06088980460718393, 'CDR': 0.056331992527966696, 'LPP': 0.04949687739111479, 'SPL': 0.03915016307669948, 'CPS': 0.03587046195803179, 'PGE': 0.033434998012302354, 'CCC': 0.020839834315783175, 'OPL': 0.019890868987214618, 'ACP': 0.018191708094845237, 'TPE': 0.015195200458239114, 'JSW': 0.0077103432946195385, 'MRC': 0.004613382120980255}"
686,2021-08-18,102394.5524032265,-1.4551915228366852e-11,"{'PKO': 0.14552084090297043, 'KGH': 0.1238666917444291, 'ALE': 0.1017092062460727, 'PKN': 0.10074527975241411, 'PZU': 0.09236702730198898, 'PEO': 0.07417531920714375, 'DNP': 0.06088980460718393, 'CDR': 0.056331992527966696, 'LPP': 0.04949687739111479, 'SPL': 0.03915016307669948, 'CPS': 0.03587046195803179, 'PGE': 0.033434998012302354, 'CCC': 0.020839834315783175, 'OPL': 0.019890868987214618, 'ACP': 0.018191708094845237, 'TPE': 0.015195200458239114, 'JSW': 0.0077103432946195385, 'MRC': 0.004613382120980255}"
687,2021-08-19,101222.62140965347,0.0,"{'PKO': 0.14552084090297043, 'KGH': 0.1238666917444291, 'ALE': 0.1017092062460727, 'PKN': 0.10074527975241411, 'PZU': 0.09236702730198898, 'PEO': 0.07417531920714375, 'DNP': 0.06088980460718393, 'CDR': 0.056331992527966696, 'LPP': 0.04949687739111479, 'SPL': 0.03915016307669948, 'CPS': 0.03587046195803179, 'PGE': 0.033434998012302354, 'CCC': 0.020839834315783175, 'OPL': 0.019890868987214618, 'ACP': 0.018191708094845237, 'TPE': 0.015195200458239114, 'JSW': 0.0077103432946195385, 'MRC': 0.004613382120980255}"
688,2021-08-20,101008.52195656636,1.4551915228366852e-11,"{'PKO': 0.14552084090297043, 'KGH': 0.1238666917444291, 'ALE': 0.1017092062460727, 'PKN': 0.10074527975241411, 'PZU': 0.09236702730198898, 'PEO': 0.07417531920714375, 'DNP': 0.06088980460718393, 'CDR': 0.056331992527966696, 'LPP': 0.04949687739111479, 'SPL': 0.03915016307669948, 'CPS': 0.03587046195803179, 'PGE': 0.033434998012302354, 'CCC': 0.020839834315783175, 'OPL': 0.019890868987214618, 'ACP': 0.018191708094845237, 'TPE': 0.015195200458239114, 'JSW': 0.0077103432946195385, 'MRC': 0.004613382120980255}"
689,2021-08-23,102594.3577965297,-1.4551915228366852e-11,"{'PKO': 0.14552084090297043, 'KGH': 0.1238666917444291, 'ALE': 0.1017092062460727, 'PKN': 0.10074527975241411, 'PZU': 0.09236702730198898, 'PEO': 0.07417531920714375, 'DNP': 0.06088980460718393, 'CDR': 0.056331992527966696, 'LPP': 0.04949687739111479, 'SPL': 0.03915016307669948, 'CPS': 0.03587046195803179, 'PGE': 0.033434998012302354, 'CCC': 0.020839834315783175, 'OPL': 0.019890868987214618, 'ACP': 0.018191708094845237, 'TPE': 0.015195200458239114, 'JSW': 0.0077103432946195385, 'MRC': 0.004613382120980255}"
690,2021-08-24,103202.20156631568,0.0,"{'PKO': 0.14552084090297043, 'KGH': 0.1238666917444291, 'ALE': 0.1017092062460727, 'PKN': 0.10074527975241411, 'PZU': 0.09236702730198898, 'PEO': 0.07417531920714375, 'DNP': 0.06088980460718393, 'CDR': 0.056331992527966696, 'LPP': 0.04949687739111479, 'SPL': 0.03915016307669948, 'CPS': 0.03587046195803179, 'PGE': 0.033434998012302354, 'CCC': 0.020839834315783175, 'OPL': 0.019890868987214618, 'ACP': 0.018191708094845237, 'TPE': 0.015195200458239114, 'JSW': 0.0077103432946195385, 'MRC': 0.004613382120980255}"
691,2021-08-25,104342.3643139207,1.4551915228366852e-11,"{'PKO': 0.14552084090297043, 'KGH': 0.1238666917444291, 'ALE': 0.1017092062460727, 'PKN': 0.10074527975241411, 'PZU': 0.09236702730198898, 'PEO': 0.07417531920714375, 'DNP': 0.06088980460718393, 'CDR': 0.056331992527966696, 'LPP': 0.04949687739111479, 'SPL': 0.03915016307669948, 'CPS': 0.03587046195803179, 'PGE': 0.033434998012302354, 'CCC': 0.020839834315783175, 'OPL': 0.019890868987214618, 'ACP': 0.018191708094845237, 'TPE': 0.015195200458239114, 'JSW': 0.0077103432946195385, 'MRC': 0.004613382120980255}"
692,2021-08-26,103644.81669789621,0.0,"{'PKO': 0.14552084090297043, 'KGH': 0.1238666917444291, 'ALE': 0.1017092062460727, 'PKN': 0.10074527975241411, 'PZU': 0.09236702730198898, 'PEO': 0.07417531920714375, 'DNP': 0.06088980460718393, 'CDR': 0.056331992527966696, 'LPP': 0.04949687739111479, 'SPL': 0.03915016307669948, 'CPS': 0.03587046195803179, 'PGE': 0.033434998012302354, 'CCC': 0.020839834315783175, 'OPL': 0.019890868987214618, 'ACP': 0.018191708094845237, 'TPE': 0.015195200458239114, 'JSW': 0.0077103432946195385, 'MRC': 0.004613382120980255}"
693,2021-08-27,104324.31216498495,-1.4551915228366852e-11,"{'PKO': 0.14552084090297043, 'KGH': 0.1238666917444291, 'ALE': 0.1017092062460727, 'PKN': 0.10074527975241411, 'PZU': 0.09236702730198898, 'PEO': 0.07417531920714375, 'DNP': 0.06088980460718393, 'CDR': 0.056331992527966696, 'LPP': 0.04949687739111479, 'SPL': 0.03915016307669948, 'CPS': 0.03587046195803179, 'PGE': 0.033434998012302354, 'CCC': 0.020839834315783175, 'OPL': 0.019890868987214618, 'ACP': 0.018191708094845237, 'TPE': 0.015195200458239114, 'JSW': 0.0077103432946195385, 'MRC': 0.004613382120980255}"
694,2021-08-30,105459.08582090901,0.0,"{'PKO': 0.14552084090297043, 'KGH': 0.1238666917444291, 'ALE': 0.1017092062460727, 'PKN': 0.10074527975241411, 'PZU': 0.09236702730198898, 'PEO': 0.07417531920714375, 'DNP': 0.06088980460718393, 'CDR': 0.056331992527966696, 'LPP': 0.04949687739111479, 'SPL': 0.03915016307669948, 'CPS': 0.03587046195803179, 'PGE': 0.033434998012302354, 'CCC': 0.020839834315783175, 'OPL': 0.019890868987214618, 'ACP': 0.018191708094845237, 'TPE': 0.015195200458239114, 'JSW': 0.0077103432946195385, 'MRC': 0.004613382120980255}"
695,2021-08-31,106331.70466149472,2.9103830456733704e-11,"{'PKO': 0.14552084090297043, 'KGH': 0.1238666917444291, 'ALE': 0.1017092062460727, 'PKN': 0.10074527975241411, 'PZU': 0.09236702730198898, 'PEO': 0.07417531920714375, 'DNP': 0.06088980460718393, 'CDR': 0.056331992527966696, 'LPP': 0.04949687739111479, 'SPL': 0.03915016307669948, 'CPS': 0.03587046195803179, 'PGE': 0.033434998012302354, 'CCC': 0.020839834315783175, 'OPL': 0.019890868987214618, 'ACP': 0.018191708094845237, 'TPE': 0.015195200458239114, 'JSW': 0.0077103432946195385, 'MRC': 0.004613382120980255}"
696,2021-09-01,106467.29917498751,-1.4551915228366852e-11,"{'PKO': 0.14552084090297043, 'KGH': 0.1238666917444291, 'ALE': 0.1017092062460727, 'PKN': 0.10074527975241411, 'PZU': 0.09236702730198898, 'PEO': 0.07417531920714375, 'DNP': 0.06088980460718393, 'CDR': 0.056331992527966696, 'LPP': 0.04949687739111479, 'SPL': 0.03915016307669948, 'CPS': 0.03587046195803179, 'PGE': 0.033434998012302354, 'CCC': 0.020839834315783175, 'OPL': 0.019890868987214618, 'ACP': 0.018191708094845237, 'TPE': 0.015195200458239114, 'JSW': 0.0077103432946195385, 'MRC': 0.004613382120980255}"
697,2021-09-02,107512.06232708221,0.0,"{'PKO': 0.14552084090297043, 'KGH': 0.1238666917444291, 'ALE': 0.1017092062460727, 'PKN': 0.10074527975241411, 'PZU': 0.09236702730198898, 'PEO': 0.07417531920714375, 'DNP': 0.06088980460718393, 'CDR': 0.056331992527966696, 'LPP': 0.04949687739111479, 'SPL': 0.03915016307669948, 'CPS': 0.03587046195803179, 'PGE': 0.033434998012302354, 'CCC': 0.020839834315783175, 'OPL': 0.019890868987214618, 'ACP': 0.018191708094845237, 'TPE': 0.015195200458239114, 'JSW': 0.0077103432946195385, 'MRC': 0.004613382120980255}"
698,2021-09-03,107089.13394850818,1.4551915228366852e-11,"{'PKO': 0.14552084090297043, 'KGH': 0.1238666917444291, 'ALE': 0.1017092062460727, 'PKN': 0.10074527975241411, 'PZU': 0.09236702730198898, 'PEO': 0.07417531920714375, 'DNP': 0.06088980460718393, 'CDR': 0.056331992527966696, 'LPP': 0.04949687739111479, 'SPL': 0.03915016307669948, 'CPS': 0.03587046195803179, 'PGE': 0.033434998012302354, 'CCC': 0.020839834315783175, 'OPL': 0.019890868987214618, 'ACP': 0.018191708094845237, 'TPE': 0.015195200458239114, 'JSW': 0.0077103432946195385, 'MRC': 0.004613382120980255}"
699,2021-09-06,108709.10887299047,0.0,"{'PKO': 0.14552084090297043, 'KGH': 0.1238666917444291, 'ALE': 0.1017092062460727, 'PKN': 0.10074527975241411, 'PZU': 0.09236702730198898, 'PEO': 0.07417531920714375, 'DNP': 0.06088980460718393, 'CDR': 0.056331992527966696, 'LPP': 0.04949687739111479, 'SPL': 0.03915016307669948, 'CPS': 0.03587046195803179, 'PGE': 0.033434998012302354, 'CCC': 0.020839834315783175, 'OPL': 0.019890868987214618, 'ACP': 0.018191708094845237, 'TPE': 0.015195200458239114, 'JSW': 0.0077103432946195385, 'MRC': 0.004613382120980255}"
700,2021-09-07,107680.6738190071,1.4551915228366852e-11,"{'PKO': 0.14552084090297043, 'KGH': 0.1238666917444291, 'ALE': 0.1017092062460727, 'PKN': 0.10074527975241411, 'PZU': 0.09236702730198898, 'PEO': 0.07417531920714375, 'DNP': 0.06088980460718393, 'CDR': 0.056331992527966696, 'LPP': 0.04949687739111479, 'SPL': 0.03915016307669948, 'CPS': 0.03587046195803179, 'PGE': 0.033434998012302354, 'CCC': 0.020839834315783175, 'OPL': 0.019890868987214618, 'ACP': 0.018191708094845237, 'TPE': 0.015195200458239114, 'JSW': 0.0077103432946195385, 'MRC': 0.004613382120980255}"
701,2021-09-08,106309.4704827714,1.4551915228366852e-11,"{'PKO': 0.14552084090297043, 'KGH': 0.1238666917444291, 'ALE': 0.1017092062460727, 'PKN': 0.10074527975241411, 'PZU': 0.09236702730198898, 'PEO': 0.07417531920714375, 'DNP': 0.06088980460718393, 'CDR': 0.056331992527966696, 'LPP': 0.04949687739111479, 'SPL': 0.03915016307669948, 'CPS': 0.03587046195803179, 'PGE': 0.033434998012302354, 'CCC': 0.020839834315783175, 'OPL': 0.019890868987214618, 'ACP': 0.018191708094845237, 'TPE': 0.015195200458239114, 'JSW': 0.0077103432946195385, 'MRC': 0.004613382120980255}"
702,2021-09-09,106166.2289732426,0.0,"{'PKO': 0.14552084090297043, 'KGH': 0.1238666917444291, 'ALE': 0.1017092062460727, 'PKN': 0.10074527975241411, 'PZU': 0.09236702730198898, 'PEO': 0.07417531920714375, 'DNP': 0.06088980460718393, 'CDR': 0.056331992527966696, 'LPP': 0.04949687739111479, 'SPL': 0.03915016307669948, 'CPS': 0.03587046195803179, 'PGE': 0.033434998012302354, 'CCC': 0.020839834315783175, 'OPL': 0.019890868987214618, 'ACP': 0.018191708094845237, 'TPE': 0.015195200458239114, 'JSW': 0.0077103432946195385, 'MRC': 0.004613382120980255}"
703,2021-09-10,106393.91979793139,0.0,"{'PKO': 0.14552084090297043, 'KGH': 0.1238666917444291, 'ALE': 0.1017092062460727, 'PKN': 0.10074527975241411, 'PZU': 0.09236702730198898, 'PEO': 0.07417531920714375, 'DNP': 0.06088980460718393, 'CDR': 0.056331992527966696, 'LPP': 0.04949687739111479, 'SPL': 0.03915016307669948, 'CPS': 0.03587046195803179, 'PGE': 0.033434998012302354, 'CCC': 0.020839834315783175, 'OPL': 0.019890868987214618, 'ACP': 0.018191708094845237, 'TPE': 0.015195200458239114, 'JSW': 0.0077103432946195385, 'MRC': 0.004613382120980255}"
704,2021-09-13,107580.80563087105,1.4551915228366852e-11,"{'PKO': 0.14552084090297043, 'KGH': 0.1238666917444291, 'ALE': 0.1017092062460727, 'PKN': 0.10074527975241411, 'PZU': 0.09236702730198898, 'PEO': 0.07417531920714375, 'DNP': 0.06088980460718393, 'CDR': 0.056331992527966696, 'LPP': 0.04949687739111479, 'SPL': 0.03915016307669948, 'CPS': 0.03587046195803179, 'PGE': 0.033434998012302354, 'CCC': 0.020839834315783175, 'OPL': 0.019890868987214618, 'ACP': 0.018191708094845237, 'TPE': 0.015195200458239114, 'JSW': 0.0077103432946195385, 'MRC': 0.004613382120980255}"
705,2021-09-14,107935.26676165225,-1.4551915228366852e-11,"{'PKO': 0.14552084090297043, 'KGH': 0.1238666917444291, 'ALE': 0.1017092062460727, 'PKN': 0.10074527975241411, 'PZU': 0.09236702730198898, 'PEO': 0.07417531920714375, 'DNP': 0.06088980460718393, 'CDR': 0.056331992527966696, 'LPP': 0.04949687739111479, 'SPL': 0.03915016307669948, 'CPS': 0.03587046195803179, 'PGE': 0.033434998012302354, 'CCC': 0.020839834315783175, 'OPL': 0.019890868987214618, 'ACP': 0.018191708094845237, 'TPE': 0.015195200458239114, 'JSW': 0.0077103432946195385, 'MRC': 0.004613382120980255}"
706,2021-09-15,107048.76704754515,1.4551915228366852e-11,"{'PKO': 0.14552084090297043, 'KGH': 0.1238666917444291, 'ALE': 0.1017092062460727, 'PKN': 0.10074527975241411, 'PZU': 0.09236702730198898, 'PEO': 0.07417531920714375, 'DNP': 0.06088980460718393, 'CDR': 0.056331992527966696, 'LPP': 0.04949687739111479, 'SPL': 0.03915016307669948, 'CPS': 0.03587046195803179, 'PGE': 0.033434998012302354, 'CCC': 0.020839834315783175, 'OPL': 0.019890868987214618, 'ACP': 0.018191708094845237, 'TPE': 0.015195200458239114, 'JSW': 0.0077103432946195385, 'MRC': 0.004613382120980255}"
707,2021-09-16,107063.69644381168,0.0,"{'PKO': 0.14552084090297043, 'KGH': 0.1238666917444291, 'ALE': 0.1017092062460727, 'PKN': 0.10074527975241411, 'PZU': 0.09236702730198898, 'PEO': 0.07417531920714375, 'DNP': 0.06088980460718393, 'CDR': 0.056331992527966696, 'LPP': 0.04949687739111479, 'SPL': 0.03915016307669948, 'CPS': 0.03587046195803179, 'PGE': 0.033434998012302354, 'CCC': 0.020839834315783175, 'OPL': 0.019890868987214618, 'ACP': 0.018191708094845237, 'TPE': 0.015195200458239114, 'JSW': 0.0077103432946195385, 'MRC': 0.004613382120980255}"
708,2021-09-17,105971.60256867153,-2.9103830456733704e-11,"{'PKO': 0.14480890042869232, 'ALE': 0.1091534658847455, 'KGH': 0.10225836227166431, 'PZU': 0.09860669663889014, 'PKN': 0.0898175446225866, 'PEO': 0.07838930209059457, 'DNP': 0.06680757448822322, 'LPP': 0.05908855449039759, 'CDR': 0.050889893647636644, 'CPS': 0.04077799876785596, 'SPL': 0.03924314806406296, 'PGE': 0.03206665515528639, 'OPL': 0.0230248922939836, 'ACP': 0.019580005158803752, 'CCC': 0.01884988520595778, 'TPE': 0.015709836474447934, 'JSW': 0.007834133800610103, 'MRC': 0.003093150515560615}"
709,2021-09-20,103345.147380021,1.4551915228366852e-11,"{'PKO': 0.14480890042869232, 'ALE': 0.1091534658847455, 'KGH': 0.10225836227166431, 'PZU': 0.09860669663889014, 'PKN': 0.0898175446225866, 'PEO': 0.07838930209059457, 'DNP': 0.06680757448822322, 'LPP': 0.05908855449039759, 'CDR': 0.050889893647636644, 'CPS': 0.04077799876785596, 'SPL': 0.03924314806406296, 'PGE': 0.03206665515528639, 'OPL': 0.0230248922939836, 'ACP': 0.019580005158803752, 'CCC': 0.01884988520595778, 'TPE': 0.015709836474447934, 'JSW': 0.007834133800610103, 'MRC': 0.003093150515560615}"
710,2021-09-21,103443.93910731036,0.0,"{'PKO': 0.14480890042869232, 'ALE': 0.1091534658847455, 'KGH': 0.10225836227166431, 'PZU': 0.09860669663889014, 'PKN': 0.0898175446225866, 'PEO': 0.07838930209059457, 'DNP': 0.06680757448822322, 'LPP': 0.05908855449039759, 'CDR': 0.050889893647636644, 'CPS': 0.04077799876785596, 'SPL': 0.03924314806406296, 'PGE': 0.03206665515528639, 'OPL': 0.0230248922939836, 'ACP': 0.019580005158803752, 'CCC': 0.01884988520595778, 'TPE': 0.015709836474447934, 'JSW': 0.007834133800610103, 'MRC': 0.003093150515560615}"
711,2021-09-22,106005.1818188619,1.4551915228366852e-11,"{'PKO': 0.14480890042869232, 'ALE': 0.1091534658847455, 'KGH': 0.10225836227166431, 'PZU': 0.09860669663889014, 'PKN': 0.0898175446225866, 'PEO': 0.07838930209059457, 'DNP': 0.06680757448822322, 'LPP': 0.05908855449039759, 'CDR': 0.050889893647636644, 'CPS': 0.04077799876785596, 'SPL': 0.03924314806406296, 'PGE': 0.03206665515528639, 'OPL': 0.0230248922939836, 'ACP': 0.019580005158803752, 'CCC': 0.01884988520595778, 'TPE': 0.015709836474447934, 'JSW': 0.007834133800610103, 'MRC': 0.003093150515560615}"
712,2021-09-23,105411.66989228445,-2.9103830456733704e-11,"{'PKO': 0.14480890042869232, 'ALE': 0.1091534658847455, 'KGH': 0.10225836227166431, 'PZU': 0.09860669663889014, 'PKN': 0.0898175446225866, 'PEO': 0.07838930209059457, 'DNP': 0.06680757448822322, 'LPP': 0.05908855449039759, 'CDR': 0.050889893647636644, 'CPS': 0.04077799876785596, 'SPL': 0.03924314806406296, 'PGE': 0.03206665515528639, 'OPL': 0.0230248922939836, 'ACP': 0.019580005158803752, 'CCC': 0.01884988520595778, 'TPE': 0.015709836474447934, 'JSW': 0.007834133800610103, 'MRC': 0.003093150515560615}"
713,2021-09-24,104363.6182494723,-1.4551915228366852e-11,"{'PKO': 0.14480890042869232, 'ALE': 0.1091534658847455, 'KGH': 0.10225836227166431, 'PZU': 0.09860669663889014, 'PKN': 0.0898175446225866, 'PEO': 0.07838930209059457, 'DNP': 0.06680757448822322, 'LPP': 0.05908855449039759, 'CDR': 0.050889893647636644, 'CPS': 0.04077799876785596, 'SPL': 0.03924314806406296, 'PGE': 0.03206665515528639, 'OPL': 0.0230248922939836, 'ACP': 0.019580005158803752, 'CCC': 0.01884988520595778, 'TPE': 0.015709836474447934, 'JSW': 0.007834133800610103, 'MRC': 0.003093150515560615}"
714,2021-09-27,104087.87653292295,0.0,"{'PKO': 0.14480890042869232, 'ALE': 0.1091534658847455, 'KGH': 0.10225836227166431, 'PZU': 0.09860669663889014, 'PKN': 0.0898175446225866, 'PEO': 0.07838930209059457, 'DNP': 0.06680757448822322, 'LPP': 0.05908855449039759, 'CDR': 0.050889893647636644, 'CPS': 0.04077799876785596, 'SPL': 0.03924314806406296, 'PGE': 0.03206665515528639, 'OPL': 0.0230248922939836, 'ACP': 0.019580005158803752, 'CCC': 0.01884988520595778, 'TPE': 0.015709836474447934, 'JSW': 0.007834133800610103, 'MRC': 0.003093150515560615}"
715,2021-09-28,103243.17814573724,0.0,"{'PKO': 0.14480890042869232, 'ALE': 0.1091534658847455, 'KGH': 0.10225836227166431, 'PZU': 0.09860669663889014, 'PKN': 0.0898175446225866, 'PEO': 0.07838930209059457, 'DNP': 0.06680757448822322, 'LPP': 0.05908855449039759, 'CDR': 0.050889893647636644, 'CPS': 0.04077799876785596, 'SPL': 0.03924314806406296, 'PGE': 0.03206665515528639, 'OPL': 0.0230248922939836, 'ACP': 0.019580005158803752, 'CCC': 0.01884988520595778, 'TPE': 0.015709836474447934, 'JSW': 0.007834133800610103, 'MRC': 0.003093150515560615}"
716,2021-09-29,103904.991819785,0.0,"{'PKO': 0.14480890042869232, 'ALE': 0.1091534658847455, 'KGH': 0.10225836227166431, 'PZU': 0.09860669663889014, 'PKN': 0.0898175446225866, 'PEO': 0.07838930209059457, 'DNP': 0.06680757448822322, 'LPP': 0.05908855449039759, 'CDR': 0.050889893647636644, 'CPS': 0.04077799876785596, 'SPL': 0.03924314806406296, 'PGE': 0.03206665515528639, 'OPL': 0.0230248922939836, 'ACP': 0.019580005158803752, 'CCC': 0.01884988520595778, 'TPE': 0.015709836474447934, 'JSW': 0.007834133800610103, 'MRC': 0.003093150515560615}"
717,2021-09-30,104590.24300273218,-1.4551915228366852e-11,"{'PKO': 0.14480890042869232, 'ALE': 0.1091534658847455, 'KGH': 0.10225836227166431, 'PZU': 0.09860669663889014, 'PKN': 0.0898175446225866, 'PEO': 0.07838930209059457, 'DNP': 0.06680757448822322, 'LPP': 0.05908855449039759, 'CDR': 0.050889893647636644, 'CPS': 0.04077799876785596, 'SPL': 0.03924314806406296, 'PGE': 0.03206665515528639, 'OPL': 0.0230248922939836, 'ACP': 0.019580005158803752, 'CCC': 0.01884988520595778, 'TPE': 0.015709836474447934, 'JSW': 0.007834133800610103, 'MRC': 0.003093150515560615}"
718,2021-10-01,105527.51532240347,2.9103830456733704e-11,"{'PKO': 0.14480890042869232, 'ALE': 0.1091534658847455, 'KGH': 0.10225836227166431, 'PZU': 0.09860669663889014, 'PKN': 0.0898175446225866, 'PEO': 0.07838930209059457, 'DNP': 0.06680757448822322, 'LPP': 0.05908855449039759, 'CDR': 0.050889893647636644, 'CPS': 0.04077799876785596, 'SPL': 0.03924314806406296, 'PGE': 0.03206665515528639, 'OPL': 0.0230248922939836, 'ACP': 0.019580005158803752, 'CCC': 0.01884988520595778, 'TPE': 0.015709836474447934, 'JSW': 0.007834133800610103, 'MRC': 0.003093150515560615}"
719,2021-10-04,105864.4993299313,1.4551915228366852e-11,"{'PKO': 0.14480890042869232, 'ALE': 0.1091534658847455, 'KGH': 0.10225836227166431, 'PZU': 0.09860669663889014, 'PKN': 0.0898175446225866, 'PEO': 0.07838930209059457, 'DNP': 0.06680757448822322, 'LPP': 0.05908855449039759, 'CDR': 0.050889893647636644, 'CPS': 0.04077799876785596, 'SPL': 0.03924314806406296, 'PGE': 0.03206665515528639, 'OPL': 0.0230248922939836, 'ACP': 0.019580005158803752, 'CCC': 0.01884988520595778, 'TPE': 0.015709836474447934, 'JSW': 0.007834133800610103, 'MRC': 0.003093150515560615}"
720,2021-10-05,106986.50185147836,1.4551915228366852e-11,"{'PKO': 0.14480890042869232, 'ALE': 0.1091534658847455, 'KGH': 0.10225836227166431, 'PZU': 0.09860669663889014, 'PKN': 0.0898175446225866, 'PEO': 0.07838930209059457, 'DNP': 0.06680757448822322, 'LPP': 0.05908855449039759, 'CDR': 0.050889893647636644, 'CPS': 0.04077799876785596, 'SPL': 0.03924314806406296, 'PGE': 0.03206665515528639, 'OPL': 0.0230248922939836, 'ACP': 0.019580005158803752, 'CCC': 0.01884988520595778, 'TPE': 0.015709836474447934, 'JSW': 0.007834133800610103, 'MRC': 0.003093150515560615}"
721,2021-10-06,106221.36509750958,-1.4551915228366852e-11,"{'PKO': 0.14480890042869232, 'ALE': 0.1091534658847455, 'KGH': 0.10225836227166431, 'PZU': 0.09860669663889014, 'PKN': 0.0898175446225866, 'PEO': 0.07838930209059457, 'DNP': 0.06680757448822322, 'LPP': 0.05908855449039759, 'CDR': 0.050889893647636644, 'CPS': 0.04077799876785596, 'SPL': 0.03924314806406296, 'PGE': 0.03206665515528639, 'OPL': 0.0230248922939836, 'ACP': 0.019580005158803752, 'CCC': 0.01884988520595778, 'TPE': 0.015709836474447934, 'JSW': 0.007834133800610103, 'MRC': 0.003093150515560615}"
722,2021-10-07,106822.51479842905,0.0,"{'PKO': 0.14480890042869232, 'ALE': 0.1091534658847455, 'KGH': 0.10225836227166431, 'PZU': 0.09860669663889014, 'PKN': 0.0898175446225866, 'PEO': 0.07838930209059457, 'DNP': 0.06680757448822322, 'LPP': 0.05908855449039759, 'CDR': 0.050889893647636644, 'CPS': 0.04077799876785596, 'SPL': 0.03924314806406296, 'PGE': 0.03206665515528639, 'OPL': 0.0230248922939836, 'ACP': 0.019580005158803752, 'CCC': 0.01884988520595778, 'TPE': 0.015709836474447934, 'JSW': 0.007834133800610103, 'MRC': 0.003093150515560615}"
723,2021-10-08,109304.2617516117,-1.4551915228366852e-11,"{'PKO': 0.14480890042869232, 'ALE': 0.1091534658847455, 'KGH': 0.10225836227166431, 'PZU': 0.09860669663889014, 'PKN': 0.0898175446225866, 'PEO': 0.07838930209059457, 'DNP': 0.06680757448822322, 'LPP': 0.05908855449039759, 'CDR': 0.050889893647636644, 'CPS': 0.04077799876785596, 'SPL': 0.03924314806406296, 'PGE': 0.03206665515528639, 'OPL': 0.0230248922939836, 'ACP': 0.019580005158803752, 'CCC': 0.01884988520595778, 'TPE': 0.015709836474447934, 'JSW': 0.007834133800610103, 'MRC': 0.003093150515560615}"
724,2021-10-11,111456.61697083207,2.9103830456733704e-11,"{'PKO': 0.14480890042869232, 'ALE': 0.1091534658847455, 'KGH': 0.10225836227166431, 'PZU': 0.09860669663889014, 'PKN': 0.0898175446225866, 'PEO': 0.07838930209059457, 'DNP': 0.06680757448822322, 'LPP': 0.05908855449039759, 'CDR': 0.050889893647636644, 'CPS': 0.04077799876785596, 'SPL': 0.03924314806406296, 'PGE': 0.03206665515528639, 'OPL': 0.0230248922939836, 'ACP': 0.019580005158803752, 'CCC': 0.01884988520595778, 'TPE': 0.015709836474447934, 'JSW': 0.007834133800610103, 'MRC': 0.003093150515560615}"
725,2021-10-12,111867.13499577128,1.4551915228366852e-11,"{'PKO': 0.14480890042869232, 'ALE': 0.1091534658847455, 'KGH': 0.10225836227166431, 'PZU': 0.09860669663889014, 'PKN': 0.0898175446225866, 'PEO': 0.07838930209059457, 'DNP': 0.06680757448822322, 'LPP': 0.05908855449039759, 'CDR': 0.050889893647636644, 'CPS': 0.04077799876785596, 'SPL': 0.03924314806406296, 'PGE': 0.03206665515528639, 'OPL': 0.0230248922939836, 'ACP': 0.019580005158803752, 'CCC': 0.01884988520595778, 'TPE': 0.015709836474447934, 'JSW': 0.007834133800610103, 'MRC': 0.003093150515560615}"
726,2021-10-13,110919.15837406625,-1.4551915228366852e-11,"{'PKO': 0.14480890042869232, 'ALE': 0.1091534658847455, 'KGH': 0.10225836227166431, 'PZU': 0.09860669663889014, 'PKN': 0.0898175446225866, 'PEO': 0.07838930209059457, 'DNP': 0.06680757448822322, 'LPP': 0.05908855449039759, 'CDR': 0.050889893647636644, 'CPS': 0.04077799876785596, 'SPL': 0.03924314806406296, 'PGE': 0.03206665515528639, 'OPL': 0.0230248922939836, 'ACP': 0.019580005158803752, 'CCC': 0.01884988520595778, 'TPE': 0.015709836474447934, 'JSW': 0.007834133800610103, 'MRC': 0.003093150515560615}"
727,2021-10-14,111277.44073939021,-1.4551915228366852e-11,"{'PKO': 0.14480890042869232, 'ALE': 0.1091534658847455, 'KGH': 0.10225836227166431, 'PZU': 0.09860669663889014, 'PKN': 0.0898175446225866, 'PEO': 0.07838930209059457, 'DNP': 0.06680757448822322, 'LPP': 0.05908855449039759, 'CDR': 0.050889893647636644, 'CPS': 0.04077799876785596, 'SPL': 0.03924314806406296, 'PGE': 0.03206665515528639, 'OPL': 0.0230248922939836, 'ACP': 0.019580005158803752, 'CCC': 0.01884988520595778, 'TPE': 0.015709836474447934, 'JSW': 0.007834133800610103, 'MRC': 0.003093150515560615}"
728,2021-10-15,110981.52788626496,1.4551915228366852e-11,"{'PKO': 0.14480890042869232, 'ALE': 0.1091534658847455, 'KGH': 0.10225836227166431, 'PZU': 0.09860669663889014, 'PKN': 0.0898175446225866, 'PEO': 0.07838930209059457, 'DNP': 0.06680757448822322, 'LPP': 0.05908855449039759, 'CDR': 0.050889893647636644, 'CPS': 0.04077799876785596, 'SPL': 0.03924314806406296, 'PGE': 0.03206665515528639, 'OPL': 0.0230248922939836, 'ACP': 0.019580005158803752, 'CCC': 0.01884988520595778, 'TPE': 0.015709836474447934, 'JSW': 0.007834133800610103, 'MRC': 0.003093150515560615}"
729,2021-10-18,111334.59147349613,0.0,"{'PKO': 0.14480890042869232, 'ALE': 0.1091534658847455, 'KGH': 0.10225836227166431, 'PZU': 0.09860669663889014, 'PKN': 0.0898175446225866, 'PEO': 0.07838930209059457, 'DNP': 0.06680757448822322, 'LPP': 0.05908855449039759, 'CDR': 0.050889893647636644, 'CPS': 0.04077799876785596, 'SPL': 0.03924314806406296, 'PGE': 0.03206665515528639, 'OPL': 0.0230248922939836, 'ACP': 0.019580005158803752, 'CCC': 0.01884988520595778, 'TPE': 0.015709836474447934, 'JSW': 0.007834133800610103, 'MRC': 0.003093150515560615}"
730,2021-10-19,110625.34614191977,-1.4551915228366852e-11,"{'PKO': 0.14480890042869232, 'ALE': 0.1091534658847455, 'KGH': 0.10225836227166431, 'PZU': 0.09860669663889014, 'PKN': 0.0898175446225866, 'PEO': 0.07838930209059457, 'DNP': 0.06680757448822322, 'LPP': 0.05908855449039759, 'CDR': 0.050889893647636644, 'CPS': 0.04077799876785596, 'SPL': 0.03924314806406296, 'PGE': 0.03206665515528639, 'OPL': 0.0230248922939836, 'ACP': 0.019580005158803752, 'CCC': 0.01884988520595778, 'TPE': 0.015709836474447934, 'JSW': 0.007834133800610103, 'MRC': 0.003093150515560615}"
731,2021-10-20,110540.8151891836,0.0,"{'PKO': 0.14480890042869232, 'ALE': 0.1091534658847455, 'KGH': 0.10225836227166431, 'PZU': 0.09860669663889014, 'PKN': 0.0898175446225866, 'PEO': 0.07838930209059457, 'DNP': 0.06680757448822322, 'LPP': 0.05908855449039759, 'CDR': 0.050889893647636644, 'CPS': 0.04077799876785596, 'SPL': 0.03924314806406296, 'PGE': 0.03206665515528639, 'OPL': 0.0230248922939836, 'ACP': 0.019580005158803752, 'CCC': 0.01884988520595778, 'TPE': 0.015709836474447934, 'JSW': 0.007834133800610103, 'MRC': 0.003093150515560615}"
732,2021-10-21,109846.77699134189,-1.4551915228366852e-11,"{'PKO': 0.14480890042869232, 'ALE': 0.1091534658847455, 'KGH': 0.10225836227166431, 'PZU': 0.09860669663889014, 'PKN': 0.0898175446225866, 'PEO': 0.07838930209059457, 'DNP': 0.06680757448822322, 'LPP': 0.05908855449039759, 'CDR': 0.050889893647636644, 'CPS': 0.04077799876785596, 'SPL': 0.03924314806406296, 'PGE': 0.03206665515528639, 'OPL': 0.0230248922939836, 'ACP': 0.019580005158803752, 'CCC': 0.01884988520595778, 'TPE': 0.015709836474447934, 'JSW': 0.007834133800610103, 'MRC': 0.003093150515560615}"
733,2021-10-22,109531.3284077767,0.0,"{'PKO': 0.14480890042869232, 'ALE': 0.1091534658847455, 'KGH': 0.10225836227166431, 'PZU': 0.09860669663889014, 'PKN': 0.0898175446225866, 'PEO': 0.07838930209059457, 'DNP': 0.06680757448822322, 'LPP': 0.05908855449039759, 'CDR': 0.050889893647636644, 'CPS': 0.04077799876785596, 'SPL': 0.03924314806406296, 'PGE': 0.03206665515528639, 'OPL': 0.0230248922939836, 'ACP': 0.019580005158803752, 'CCC': 0.01884988520595778, 'TPE': 0.015709836474447934, 'JSW': 0.007834133800610103, 'MRC': 0.003093150515560615}"
734,2021-10-25,109745.22286420816,0.0,"{'PKO': 0.14480890042869232, 'ALE': 0.1091534658847455, 'KGH': 0.10225836227166431, 'PZU': 0.09860669663889014, 'PKN': 0.0898175446225866, 'PEO': 0.07838930209059457, 'DNP': 0.06680757448822322, 'LPP': 0.05908855449039759, 'CDR': 0.050889893647636644, 'CPS': 0.04077799876785596, 'SPL': 0.03924314806406296, 'PGE': 0.03206665515528639, 'OPL': 0.0230248922939836, 'ACP': 0.019580005158803752, 'CCC': 0.01884988520595778, 'TPE': 0.015709836474447934, 'JSW': 0.007834133800610103, 'MRC': 0.003093150515560615}"
735,2021-10-26,109553.9232506807,0.0,"{'PKO': 0.14480890042869232, 'ALE': 0.1091534658847455, 'KGH': 0.10225836227166431, 'PZU': 0.09860669663889014, 'PKN': 0.0898175446225866, 'PEO': 0.07838930209059457, 'DNP': 0.06680757448822322, 'LPP': 0.05908855449039759, 'CDR': 0.050889893647636644, 'CPS': 0.04077799876785596, 'SPL': 0.03924314806406296, 'PGE': 0.03206665515528639, 'OPL': 0.0230248922939836, 'ACP': 0.019580005158803752, 'CCC': 0.01884988520595778, 'TPE': 0.015709836474447934, 'JSW': 0.007834133800610103, 'MRC': 0.003093150515560615}"
736,2021-10-27,108621.1075113019,0.0,"{'PKO': 0.14480890042869232, 'ALE': 0.1091534658847455, 'KGH': 0.10225836227166431, 'PZU': 0.09860669663889014, 'PKN': 0.0898175446225866, 'PEO': 0.07838930209059457, 'DNP': 0.06680757448822322, 'LPP': 0.05908855449039759, 'CDR': 0.050889893647636644, 'CPS': 0.04077799876785596, 'SPL': 0.03924314806406296, 'PGE': 0.03206665515528639, 'OPL': 0.0230248922939836, 'ACP': 0.019580005158803752, 'CCC': 0.01884988520595778, 'TPE': 0.015709836474447934, 'JSW': 0.007834133800610103, 'MRC': 0.003093150515560615}"
737,2021-10-28,108048.49810249246,2.9103830456733704e-11,"{'PKO': 0.14480890042869232, 'ALE': 0.1091534658847455, 'KGH': 0.10225836227166431, 'PZU': 0.09860669663889014, 'PKN': 0.0898175446225866, 'PEO': 0.07838930209059457, 'DNP': 0.06680757448822322, 'LPP': 0.05908855449039759, 'CDR': 0.050889893647636644, 'CPS': 0.04077799876785596, 'SPL': 0.03924314806406296, 'PGE': 0.03206665515528639, 'OPL': 0.0230248922939836, 'ACP': 0.019580005158803752, 'CCC': 0.01884988520595778, 'TPE': 0.015709836474447934, 'JSW': 0.007834133800610103, 'MRC': 0.003093150515560615}"
738,2021-10-29,108571.00621943011,1.4551915228366852e-11,"{'PKO': 0.14480890042869232, 'ALE': 0.1091534658847455, 'KGH': 0.10225836227166431, 'PZU': 0.09860669663889014, 'PKN': 0.0898175446225866, 'PEO': 0.07838930209059457, 'DNP': 0.06680757448822322, 'LPP': 0.05908855449039759, 'CDR': 0.050889893647636644, 'CPS': 0.04077799876785596, 'SPL': 0.03924314806406296, 'PGE': 0.03206665515528639, 'OPL': 0.0230248922939836, 'ACP': 0.019580005158803752, 'CCC': 0.01884988520595778, 'TPE': 0.015709836474447934, 'JSW': 0.007834133800610103, 'MRC': 0.003093150515560615}"
739,2021-11-01,108571.00621943011,1.4551915228366852e-11,"{'PKO': 0.14480890042869232, 'ALE': 0.1091534658847455, 'KGH': 0.10225836227166431, 'PZU': 0.09860669663889014, 'PKN': 0.0898175446225866, 'PEO': 0.07838930209059457, 'DNP': 0.06680757448822322, 'LPP': 0.05908855449039759, 'CDR': 0.050889893647636644, 'CPS': 0.04077799876785596, 'SPL': 0.03924314806406296, 'PGE': 0.03206665515528639, 'OPL': 0.0230248922939836, 'ACP': 0.019580005158803752, 'CCC': 0.01884988520595778, 'TPE': 0.015709836474447934, 'JSW': 0.007834133800610103, 'MRC': 0.003093150515560615}"
740,2021-11-02,108371.11566325345,0.0,"{'PKO': 0.14480890042869232, 'ALE': 0.1091534658847455, 'KGH': 0.10225836227166431, 'PZU': 0.09860669663889014, 'PKN': 0.0898175446225866, 'PEO': 0.07838930209059457, 'DNP': 0.06680757448822322, 'LPP': 0.05908855449039759, 'CDR': 0.050889893647636644, 'CPS': 0.04077799876785596, 'SPL': 0.03924314806406296, 'PGE': 0.03206665515528639, 'OPL': 0.0230248922939836, 'ACP': 0.019580005158803752, 'CCC': 0.01884988520595778, 'TPE': 0.015709836474447934, 'JSW': 0.007834133800610103, 'MRC': 0.003093150515560615}"
741,2021-11-03,107206.47795635583,2.9103830456733704e-11,"{'PKO': 0.14480890042869232, 'ALE': 0.1091534658847455, 'KGH': 0.10225836227166431, 'PZU': 0.09860669663889014, 'PKN': 0.0898175446225866, 'PEO': 0.07838930209059457, 'DNP': 0.06680757448822322, 'LPP': 0.05908855449039759, 'CDR': 0.050889893647636644, 'CPS': 0.04077799876785596, 'SPL': 0.03924314806406296, 'PGE': 0.03206665515528639, 'OPL': 0.0230248922939836, 'ACP': 0.019580005158803752, 'CCC': 0.01884988520595778, 'TPE': 0.015709836474447934, 'JSW': 0.007834133800610103, 'MRC': 0.003093150515560615}"
742,2021-11-04,109709.84148730463,-1.4551915228366852e-11,"{'PKO': 0.14480890042869232, 'ALE': 0.1091534658847455, 'KGH': 0.10225836227166431, 'PZU': 0.09860669663889014, 'PKN': 0.0898175446225866, 'PEO': 0.07838930209059457, 'DNP': 0.06680757448822322, 'LPP': 0.05908855449039759, 'CDR': 0.050889893647636644, 'CPS': 0.04077799876785596, 'SPL': 0.03924314806406296, 'PGE': 0.03206665515528639, 'OPL': 0.0230248922939836, 'ACP': 0.019580005158803752, 'CCC': 0.01884988520595778, 'TPE': 0.015709836474447934, 'JSW': 0.007834133800610103, 'MRC': 0.003093150515560615}"
743,2021-11-05,110259.35487764725,0.0,"{'PKO': 0.14480890042869232, 'ALE': 0.1091534658847455, 'KGH': 0.10225836227166431, 'PZU': 0.09860669663889014, 'PKN': 0.0898175446225866, 'PEO': 0.07838930209059457, 'DNP': 0.06680757448822322, 'LPP': 0.05908855449039759, 'CDR': 0.050889893647636644, 'CPS': 0.04077799876785596, 'SPL': 0.03924314806406296, 'PGE': 0.03206665515528639, 'OPL': 0.0230248922939836, 'ACP': 0.019580005158803752, 'CCC': 0.01884988520595778, 'TPE': 0.015709836474447934, 'JSW': 0.007834133800610103, 'MRC': 0.003093150515560615}"
744,2021-11-08,109533.79540684045,0.0,"{'PKO': 0.14480890042869232, 'ALE': 0.1091534658847455, 'KGH': 0.10225836227166431, 'PZU': 0.09860669663889014, 'PKN': 0.0898175446225866, 'PEO': 0.07838930209059457, 'DNP': 0.06680757448822322, 'LPP': 0.05908855449039759, 'CDR': 0.050889893647636644, 'CPS': 0.04077799876785596, 'SPL': 0.03924314806406296, 'PGE': 0.03206665515528639, 'OPL': 0.0230248922939836, 'ACP': 0.019580005158803752, 'CCC': 0.01884988520595778, 'TPE': 0.015709836474447934, 'JSW': 0.007834133800610103, 'MRC': 0.003093150515560615}"
745,2021-11-09,107763.7345474693,-2.9103830456733704e-11,"{'PKO': 0.14480890042869232, 'ALE': 0.1091534658847455, 'KGH': 0.10225836227166431, 'PZU': 0.09860669663889014, 'PKN': 0.0898175446225866, 'PEO': 0.07838930209059457, 'DNP': 0.06680757448822322, 'LPP': 0.05908855449039759, 'CDR': 0.050889893647636644, 'CPS': 0.04077799876785596, 'SPL': 0.03924314806406296, 'PGE': 0.03206665515528639, 'OPL': 0.0230248922939836, 'ACP': 0.019580005158803752, 'CCC': 0.01884988520595778, 'TPE': 0.015709836474447934, 'JSW': 0.007834133800610103, 'MRC': 0.003093150515560615}"
746,2021-11-10,106548.34525871329,-1.4551915228366852e-11,"{'PKO': 0.14480890042869232, 'ALE': 0.1091534658847455, 'KGH': 0.10225836227166431, 'PZU': 0.09860669663889014, 'PKN': 0.0898175446225866, 'PEO': 0.07838930209059457, 'DNP': 0.06680757448822322, 'LPP': 0.05908855449039759, 'CDR': 0.050889893647636644, 'CPS': 0.04077799876785596, 'SPL': 0.03924314806406296, 'PGE': 0.03206665515528639, 'OPL': 0.0230248922939836, 'ACP': 0.019580005158803752, 'CCC': 0.01884988520595778, 'TPE': 0.015709836474447934, 'JSW': 0.007834133800610103, 'MRC': 0.003093150515560615}"
747,2021-11-11,106548.34525871329,-1.4551915228366852e-11,"{'PKO': 0.14480890042869232, 'ALE': 0.1091534658847455, 'KGH': 0.10225836227166431, 'PZU': 0.09860669663889014, 'PKN': 0.0898175446225866, 'PEO': 0.07838930209059457, 'DNP': 0.06680757448822322, 'LPP': 0.05908855449039759, 'CDR': 0.050889893647636644, 'CPS': 0.04077799876785596, 'SPL': 0.03924314806406296, 'PGE': 0.03206665515528639, 'OPL': 0.0230248922939836, 'ACP': 0.019580005158803752, 'CCC': 0.01884988520595778, 'TPE': 0.015709836474447934, 'JSW': 0.007834133800610103, 'MRC': 0.003093150515560615}"
748,2021-11-12,106119.26229840278,0.0,"{'PKO': 0.14480890042869232, 'ALE': 0.1091534658847455, 'KGH': 0.10225836227166431, 'PZU': 0.09860669663889014, 'PKN': 0.0898175446225866, 'PEO': 0.07838930209059457, 'DNP': 0.06680757448822322, 'LPP': 0.05908855449039759, 'CDR': 0.050889893647636644, 'CPS': 0.04077799876785596, 'SPL': 0.03924314806406296, 'PGE': 0.03206665515528639, 'OPL': 0.0230248922939836, 'ACP': 0.019580005158803752, 'CCC': 0.01884988520595778, 'TPE': 0.015709836474447934, 'JSW': 0.007834133800610103, 'MRC': 0.003093150515560615}"
749,2021-11-15,105313.942150083,0.0,"{'PKO': 0.14480890042869232, 'ALE': 0.1091534658847455, 'KGH': 0.10225836227166431, 'PZU': 0.09860669663889014, 'PKN': 0.0898175446225866, 'PEO': 0.07838930209059457, 'DNP': 0.06680757448822322, 'LPP': 0.05908855449039759, 'CDR': 0.050889893647636644, 'CPS': 0.04077799876785596, 'SPL': 0.03924314806406296, 'PGE': 0.03206665515528639, 'OPL': 0.0230248922939836, 'ACP': 0.019580005158803752, 'CCC': 0.01884988520595778, 'TPE': 0.015709836474447934, 'JSW': 0.007834133800610103, 'MRC': 0.003093150515560615}"
750,2021-11-16,105852.66729543934,2.9103830456733704e-11,"{'PKO': 0.14480890042869232, 'ALE': 0.1091534658847455, 'KGH': 0.10225836227166431, 'PZU': 0.09860669663889014, 'PKN': 0.0898175446225866, 'PEO': 0.07838930209059457, 'DNP': 0.06680757448822322, 'LPP': 0.05908855449039759, 'CDR': 0.050889893647636644, 'CPS': 0.04077799876785596, 'SPL': 0.03924314806406296, 'PGE': 0.03206665515528639, 'OPL': 0.0230248922939836, 'ACP': 0.019580005158803752, 'CCC': 0.01884988520595778, 'TPE': 0.015709836474447934, 'JSW': 0.007834133800610103, 'MRC': 0.003093150515560615}"
751,2021-11-17,104796.86584477243,0.0,"{'PKO': 0.14480890042869232, 'ALE': 0.1091534658847455, 'KGH': 0.10225836227166431, 'PZU': 0.09860669663889014, 'PKN': 0.0898175446225866, 'PEO': 0.07838930209059457, 'DNP': 0.06680757448822322, 'LPP': 0.05908855449039759, 'CDR': 0.050889893647636644, 'CPS': 0.04077799876785596, 'SPL': 0.03924314806406296, 'PGE': 0.03206665515528639, 'OPL': 0.0230248922939836, 'ACP': 0.019580005158803752, 'CCC': 0.01884988520595778, 'TPE': 0.015709836474447934, 'JSW': 0.007834133800610103, 'MRC': 0.003093150515560615}"
752,2021-11-18,103118.61257254785,-1.4551915228366852e-11,"{'PKO': 0.14480890042869232, 'ALE': 0.1091534658847455, 'KGH': 0.10225836227166431, 'PZU': 0.09860669663889014, 'PKN': 0.0898175446225866, 'PEO': 0.07838930209059457, 'DNP': 0.06680757448822322, 'LPP': 0.05908855449039759, 'CDR': 0.050889893647636644, 'CPS': 0.04077799876785596, 'SPL': 0.03924314806406296, 'PGE': 0.03206665515528639, 'OPL': 0.0230248922939836, 'ACP': 0.019580005158803752, 'CCC': 0.01884988520595778, 'TPE': 0.015709836474447934, 'JSW': 0.007834133800610103, 'MRC': 0.003093150515560615}"
753,2021-11-19,101974.49464380383,0.0,"{'PKO': 0.14480890042869232, 'ALE': 0.1091534658847455, 'KGH': 0.10225836227166431, 'PZU': 0.09860669663889014, 'PKN': 0.0898175446225866, 'PEO': 0.07838930209059457, 'DNP': 0.06680757448822322, 'LPP': 0.05908855449039759, 'CDR': 0.050889893647636644, 'CPS': 0.04077799876785596, 'SPL': 0.03924314806406296, 'PGE': 0.03206665515528639, 'OPL': 0.0230248922939836, 'ACP': 0.019580005158803752, 'CCC': 0.01884988520595778, 'TPE': 0.015709836474447934, 'JSW': 0.007834133800610103, 'MRC': 0.003093150515560615}"
754,2021-11-22,101755.29927219704,0.0,"{'PKO': 0.14480890042869232, 'ALE': 0.1091534658847455, 'KGH': 0.10225836227166431, 'PZU': 0.09860669663889014, 'PKN': 0.0898175446225866, 'PEO': 0.07838930209059457, 'DNP': 0.06680757448822322, 'LPP': 0.05908855449039759, 'CDR': 0.050889893647636644, 'CPS': 0.04077799876785596, 'SPL': 0.03924314806406296, 'PGE': 0.03206665515528639, 'OPL': 0.0230248922939836, 'ACP': 0.019580005158803752, 'CCC': 0.01884988520595778, 'TPE': 0.015709836474447934, 'JSW': 0.007834133800610103, 'MRC': 0.003093150515560615}"
755,2021-11-23,102305.66754248604,2.9103830456733704e-11,"{'PKO': 0.14480890042869232, 'ALE': 0.1091534658847455, 'KGH': 0.10225836227166431, 'PZU': 0.09860669663889014, 'PKN': 0.0898175446225866, 'PEO': 0.07838930209059457, 'DNP': 0.06680757448822322, 'LPP': 0.05908855449039759, 'CDR': 0.050889893647636644, 'CPS': 0.04077799876785596, 'SPL': 0.03924314806406296, 'PGE': 0.03206665515528639, 'OPL': 0.0230248922939836, 'ACP': 0.019580005158803752, 'CCC': 0.01884988520595778, 'TPE': 0.015709836474447934, 'JSW': 0.007834133800610103, 'MRC': 0.003093150515560615}"
756,2021-11-24,100984.5689064475,-1.4551915228366852e-11,"{'PKO': 0.14480890042869232, 'ALE': 0.1091534658847455, 'KGH': 0.10225836227166431, 'PZU': 0.09860669663889014, 'PKN': 0.0898175446225866, 'PEO': 0.07838930209059457, 'DNP': 0.06680757448822322, 'LPP': 0.05908855449039759, 'CDR': 0.050889893647636644, 'CPS': 0.04077799876785596, 'SPL': 0.03924314806406296, 'PGE': 0.03206665515528639, 'OPL': 0.0230248922939836, 'ACP': 0.019580005158803752, 'CCC': 0.01884988520595778, 'TPE': 0.015709836474447934, 'JSW': 0.007834133800610103, 'MRC': 0.003093150515560615}"
757,2021-11-25,100544.05810350926,0.0,"{'PKO': 0.14480890042869232, 'ALE': 0.1091534658847455, 'KGH': 0.10225836227166431, 'PZU': 0.09860669663889014, 'PKN': 0.0898175446225866, 'PEO': 0.07838930209059457, 'DNP': 0.06680757448822322, 'LPP': 0.05908855449039759, 'CDR': 0.050889893647636644, 'CPS': 0.04077799876785596, 'SPL': 0.03924314806406296, 'PGE': 0.03206665515528639, 'OPL': 0.0230248922939836, 'ACP': 0.019580005158803752, 'CCC': 0.01884988520595778, 'TPE': 0.015709836474447934, 'JSW': 0.007834133800610103, 'MRC': 0.003093150515560615}"
758,2021-11-26,97195.45179002486,1.4551915228366852e-11,"{'PKO': 0.14480890042869232, 'ALE': 0.1091534658847455, 'KGH': 0.10225836227166431, 'PZU': 0.09860669663889014, 'PKN': 0.0898175446225866, 'PEO': 0.07838930209059457, 'DNP': 0.06680757448822322, 'LPP': 0.05908855449039759, 'CDR': 0.050889893647636644, 'CPS': 0.04077799876785596, 'SPL': 0.03924314806406296, 'PGE': 0.03206665515528639, 'OPL': 0.0230248922939836, 'ACP': 0.019580005158803752, 'CCC': 0.01884988520595778, 'TPE': 0.015709836474447934, 'JSW': 0.007834133800610103, 'MRC': 0.003093150515560615}"
759,2021-11-29,97594.87726771561,1.4551915228366852e-11,"{'PKO': 0.14480890042869232, 'ALE': 0.1091534658847455, 'KGH': 0.10225836227166431, 'PZU': 0.09860669663889014, 'PKN': 0.0898175446225866, 'PEO': 0.07838930209059457, 'DNP': 0.06680757448822322, 'LPP': 0.05908855449039759, 'CDR': 0.050889893647636644, 'CPS': 0.04077799876785596, 'SPL': 0.03924314806406296, 'PGE': 0.03206665515528639, 'OPL': 0.0230248922939836, 'ACP': 0.019580005158803752, 'CCC': 0.01884988520595778, 'TPE': 0.015709836474447934, 'JSW': 0.007834133800610103, 'MRC': 0.003093150515560615}"
760,2021-11-30,99722.55047240446,2.9103830456733704e-11,"{'PKO': 0.14480890042869232, 'ALE': 0.1091534658847455, 'KGH': 0.10225836227166431, 'PZU': 0.09860669663889014, 'PKN': 0.0898175446225866, 'PEO': 0.07838930209059457, 'DNP': 0.06680757448822322, 'LPP': 0.05908855449039759, 'CDR': 0.050889893647636644, 'CPS': 0.04077799876785596, 'SPL': 0.03924314806406296, 'PGE': 0.03206665515528639, 'OPL': 0.0230248922939836, 'ACP': 0.019580005158803752, 'CCC': 0.01884988520595778, 'TPE': 0.015709836474447934, 'JSW': 0.007834133800610103, 'MRC': 0.003093150515560615}"
761,2021-12-01,100482.55383769986,-1.4551915228366852e-11,"{'PKO': 0.14480890042869232, 'ALE': 0.1091534658847455, 'KGH': 0.10225836227166431, 'PZU': 0.09860669663889014, 'PKN': 0.0898175446225866, 'PEO': 0.07838930209059457, 'DNP': 0.06680757448822322, 'LPP': 0.05908855449039759, 'CDR': 0.050889893647636644, 'CPS': 0.04077799876785596, 'SPL': 0.03924314806406296, 'PGE': 0.03206665515528639, 'OPL': 0.0230248922939836, 'ACP': 0.019580005158803752, 'CCC': 0.01884988520595778, 'TPE': 0.015709836474447934, 'JSW': 0.007834133800610103, 'MRC': 0.003093150515560615}"
762,2021-12-02,99537.0578463929,0.0,"{'PKO': 0.14480890042869232, 'ALE': 0.1091534658847455, 'KGH': 0.10225836227166431, 'PZU': 0.09860669663889014, 'PKN': 0.0898175446225866, 'PEO': 0.07838930209059457, 'DNP': 0.06680757448822322, 'LPP': 0.05908855449039759, 'CDR': 0.050889893647636644, 'CPS': 0.04077799876785596, 'SPL': 0.03924314806406296, 'PGE': 0.03206665515528639, 'OPL': 0.0230248922939836, 'ACP': 0.019580005158803752, 'CCC': 0.01884988520595778, 'TPE': 0.015709836474447934, 'JSW': 0.007834133800610103, 'MRC': 0.003093150515560615}"
763,2021-12-03,98384.18040528137,0.0,"{'PKO': 0.14480890042869232, 'ALE': 0.1091534658847455, 'KGH': 0.10225836227166431, 'PZU': 0.09860669663889014, 'PKN': 0.0898175446225866, 'PEO': 0.07838930209059457, 'DNP': 0.06680757448822322, 'LPP': 0.05908855449039759, 'CDR': 0.050889893647636644, 'CPS': 0.04077799876785596, 'SPL': 0.03924314806406296, 'PGE': 0.03206665515528639, 'OPL': 0.0230248922939836, 'ACP': 0.019580005158803752, 'CCC': 0.01884988520595778, 'TPE': 0.015709836474447934, 'JSW': 0.007834133800610103, 'MRC': 0.003093150515560615}"
764,2021-12-06,98499.77679044176,0.0,"{'PKO': 0.14480890042869232, 'ALE': 0.1091534658847455, 'KGH': 0.10225836227166431, 'PZU': 0.09860669663889014, 'PKN': 0.0898175446225866, 'PEO': 0.07838930209059457, 'DNP': 0.06680757448822322, 'LPP': 0.05908855449039759, 'CDR': 0.050889893647636644, 'CPS': 0.04077799876785596, 'SPL': 0.03924314806406296, 'PGE': 0.03206665515528639, 'OPL': 0.0230248922939836, 'ACP': 0.019580005158803752, 'CCC': 0.01884988520595778, 'TPE': 0.015709836474447934, 'JSW': 0.007834133800610103, 'MRC': 0.003093150515560615}"
765,2021-12-07,100719.62474213004,1.4551915228366852e-11,"{'PKO': 0.14480890042869232, 'ALE': 0.1091534658847455, 'KGH': 0.10225836227166431, 'PZU': 0.09860669663889014, 'PKN': 0.0898175446225866, 'PEO': 0.07838930209059457, 'DNP': 0.06680757448822322, 'LPP': 0.05908855449039759, 'CDR': 0.050889893647636644, 'CPS': 0.04077799876785596, 'SPL': 0.03924314806406296, 'PGE': 0.03206665515528639, 'OPL': 0.0230248922939836, 'ACP': 0.019580005158803752, 'CCC': 0.01884988520595778, 'TPE': 0.015709836474447934, 'JSW': 0.007834133800610103, 'MRC': 0.003093150515560615}"
766,2021-12-08,100365.12062950755,1.4551915228366852e-11,"{'PKO': 0.14480890042869232, 'ALE': 0.1091534658847455, 'KGH': 0.10225836227166431, 'PZU': 0.09860669663889014, 'PKN': 0.0898175446225866, 'PEO': 0.07838930209059457, 'DNP': 0.06680757448822322, 'LPP': 0.05908855449039759, 'CDR': 0.050889893647636644, 'CPS': 0.04077799876785596, 'SPL': 0.03924314806406296, 'PGE': 0.03206665515528639, 'OPL': 0.0230248922939836, 'ACP': 0.019580005158803752, 'CCC': 0.01884988520595778, 'TPE': 0.015709836474447934, 'JSW': 0.007834133800610103, 'MRC': 0.003093150515560615}"
767,2021-12-09,100252.31976273886,2.9103830456733704e-11,"{'PKO': 0.14480890042869232, 'ALE': 0.1091534658847455, 'KGH': 0.10225836227166431, 'PZU': 0.09860669663889014, 'PKN': 0.0898175446225866, 'PEO': 0.07838930209059457, 'DNP': 0.06680757448822322, 'LPP': 0.05908855449039759, 'CDR': 0.050889893647636644, 'CPS': 0.04077799876785596, 'SPL': 0.03924314806406296, 'PGE': 0.03206665515528639, 'OPL': 0.0230248922939836, 'ACP': 0.019580005158803752, 'CCC': 0.01884988520595778, 'TPE': 0.015709836474447934, 'JSW': 0.007834133800610103, 'MRC': 0.003093150515560615}"
768,2021-12-10,100138.57569413056,-1.4551915228366852e-11,"{'PKO': 0.14480890042869232, 'ALE': 0.1091534658847455, 'KGH': 0.10225836227166431, 'PZU': 0.09860669663889014, 'PKN': 0.0898175446225866, 'PEO': 0.07838930209059457, 'DNP': 0.06680757448822322, 'LPP': 0.05908855449039759, 'CDR': 0.050889893647636644, 'CPS': 0.04077799876785596, 'SPL': 0.03924314806406296, 'PGE': 0.03206665515528639, 'OPL': 0.0230248922939836, 'ACP': 0.019580005158803752, 'CCC': 0.01884988520595778, 'TPE': 0.015709836474447934, 'JSW': 0.007834133800610103, 'MRC': 0.003093150515560615}"
769,2021-12-13,100217.26149043362,0.0,"{'PKO': 0.14480890042869232, 'ALE': 0.1091534658847455, 'KGH': 0.10225836227166431, 'PZU': 0.09860669663889014, 'PKN': 0.0898175446225866, 'PEO': 0.07838930209059457, 'DNP': 0.06680757448822322, 'LPP': 0.05908855449039759, 'CDR': 0.050889893647636644, 'CPS': 0.04077799876785596, 'SPL': 0.03924314806406296, 'PGE': 0.03206665515528639, 'OPL': 0.0230248922939836, 'ACP': 0.019580005158803752, 'CCC': 0.01884988520595778, 'TPE': 0.015709836474447934, 'JSW': 0.007834133800610103, 'MRC': 0.003093150515560615}"
770,2021-12-14,99786.25379473045,-2.9103830456733704e-11,"{'PKO': 0.14480890042869232, 'ALE': 0.1091534658847455, 'KGH': 0.10225836227166431, 'PZU': 0.09860669663889014, 'PKN': 0.0898175446225866, 'PEO': 0.07838930209059457, 'DNP': 0.06680757448822322, 'LPP': 0.05908855449039759, 'CDR': 0.050889893647636644, 'CPS': 0.04077799876785596, 'SPL': 0.03924314806406296, 'PGE': 0.03206665515528639, 'OPL': 0.0230248922939836, 'ACP': 0.019580005158803752, 'CCC': 0.01884988520595778, 'TPE': 0.015709836474447934, 'JSW': 0.007834133800610103, 'MRC': 0.003093150515560615}"
771,2021-12-15,97293.33780868372,-1.4551915228366852e-11,"{'PKO': 0.14480890042869232, 'ALE': 0.1091534658847455, 'KGH': 0.10225836227166431, 'PZU': 0.09860669663889014, 'PKN': 0.0898175446225866, 'PEO': 0.07838930209059457, 'DNP': 0.06680757448822322, 'LPP': 0.05908855449039759, 'CDR': 0.050889893647636644, 'CPS': 0.04077799876785596, 'SPL': 0.03924314806406296, 'PGE': 0.03206665515528639, 'OPL': 0.0230248922939836, 'ACP': 0.019580005158803752, 'CCC': 0.01884988520595778, 'TPE': 0.015709836474447934, 'JSW': 0.007834133800610103, 'MRC': 0.003093150515560615}"
772,2021-12-16,100095.43204001803,0.0,"{'PKO': 0.14480890042869232, 'ALE': 0.1091534658847455, 'KGH': 0.10225836227166431, 'PZU': 0.09860669663889014, 'PKN': 0.0898175446225866, 'PEO': 0.07838930209059457, 'DNP': 0.06680757448822322, 'LPP': 0.05908855449039759, 'CDR': 0.050889893647636644, 'CPS': 0.04077799876785596, 'SPL': 0.03924314806406296, 'PGE': 0.03206665515528639, 'OPL': 0.0230248922939836, 'ACP': 0.019580005158803752, 'CCC': 0.01884988520595778, 'TPE': 0.015709836474447934, 'JSW': 0.007834133800610103, 'MRC': 0.003093150515560615}"
773,2021-12-17,99264.44794498892,-2.9103830456733704e-11,"{'PKO': 0.15973556309980708, 'PKN': 0.09758565020893414, 'PEO': 0.09195763386905094, 'PZU': 0.08914948266975634, 'KGH': 0.0851944301274051, 'ALE': 0.07661130587017548, 'DNP': 0.07041995544442695, 'LPP': 0.059622896282633994, 'CDR': 0.05831412956896957, 'SPL': 0.050065385090495525, 'CPS': 0.04059839071744696, 'PGE': 0.03239650200414887, 'OPL': 0.023391675860335748, 'ACP': 0.022594062948590714, 'CCC': 0.017381359072767007, 'TPE': 0.013778789672989358, 'JSW': 0.009435047260428604, 'MRC': 0.001767740231637865}"
774,2021-12-20,99272.30773205092,-1.4551915228366852e-11,"{'PKO': 0.15973556309980708, 'PKN': 0.09758565020893414, 'PEO': 0.09195763386905094, 'PZU': 0.08914948266975634, 'KGH': 0.0851944301274051, 'ALE': 0.07661130587017548, 'DNP': 0.07041995544442695, 'LPP': 0.059622896282633994, 'CDR': 0.05831412956896957, 'SPL': 0.050065385090495525, 'CPS': 0.04059839071744696, 'PGE': 0.03239650200414887, 'OPL': 0.023391675860335748, 'ACP': 0.022594062948590714, 'CCC': 0.017381359072767007, 'TPE': 0.013778789672989358, 'JSW': 0.009435047260428604, 'MRC': 0.001767740231637865}"
775,2021-12-21,99007.61264312669,-1.4551915228366852e-11,"{'PKO': 0.15973556309980708, 'PKN': 0.09758565020893414, 'PEO': 0.09195763386905094, 'PZU': 0.08914948266975634, 'KGH': 0.0851944301274051, 'ALE': 0.07661130587017548, 'DNP': 0.07041995544442695, 'LPP': 0.059622896282633994, 'CDR': 0.05831412956896957, 'SPL': 0.050065385090495525, 'CPS': 0.04059839071744696, 'PGE': 0.03239650200414887, 'OPL': 0.023391675860335748, 'ACP': 0.022594062948590714, 'CCC': 0.017381359072767007, 'TPE': 0.013778789672989358, 'JSW': 0.009435047260428604, 'MRC': 0.001767740231637865}"
776,2021-12-22,100270.85601853763,-1.4551915228366852e-11,"{'PKO': 0.15973556309980708, 'PKN': 0.09758565020893414, 'PEO': 0.09195763386905094, 'PZU': 0.08914948266975634, 'KGH': 0.0851944301274051, 'ALE': 0.07661130587017548, 'DNP': 0.07041995544442695, 'LPP': 0.059622896282633994, 'CDR': 0.05831412956896957, 'SPL': 0.050065385090495525, 'CPS': 0.04059839071744696, 'PGE': 0.03239650200414887, 'OPL': 0.023391675860335748, 'ACP': 0.022594062948590714, 'CCC': 0.017381359072767007, 'TPE': 0.013778789672989358, 'JSW': 0.009435047260428604, 'MRC': 0.001767740231637865}"
777,2021-12-23,100932.35582273753,-2.9103830456733704e-11,"{'PKO': 0.15973556309980708, 'PKN': 0.09758565020893414, 'PEO': 0.09195763386905094, 'PZU': 0.08914948266975634, 'KGH': 0.0851944301274051, 'ALE': 0.07661130587017548, 'DNP': 0.07041995544442695, 'LPP': 0.059622896282633994, 'CDR': 0.05831412956896957, 'SPL': 0.050065385090495525, 'CPS': 0.04059839071744696, 'PGE': 0.03239650200414887, 'OPL': 0.023391675860335748, 'ACP': 0.022594062948590714, 'CCC': 0.017381359072767007, 'TPE': 0.013778789672989358, 'JSW': 0.009435047260428604, 'MRC': 0.001767740231637865}"
778,2021-12-24,100932.35582273753,-2.9103830456733704e-11,"{'PKO': 0.15973556309980708, 'PKN': 0.09758565020893414, 'PEO': 0.09195763386905094, 'PZU': 0.08914948266975634, 'KGH': 0.0851944301274051, 'ALE': 0.07661130587017548, 'DNP': 0.07041995544442695, 'LPP': 0.059622896282633994, 'CDR': 0.05831412956896957, 'SPL': 0.050065385090495525, 'CPS': 0.04059839071744696, 'PGE': 0.03239650200414887, 'OPL': 0.023391675860335748, 'ACP': 0.022594062948590714, 'CCC': 0.017381359072767007, 'TPE': 0.013778789672989358, 'JSW': 0.009435047260428604, 'MRC': 0.001767740231637865}"
779,2021-12-27,100992.2129026154,-1.4551915228366852e-11,"{'PKO': 0.15973556309980708, 'PKN': 0.09758565020893414, 'PEO': 0.09195763386905094, 'PZU': 0.08914948266975634, 'KGH': 0.0851944301274051, 'ALE': 0.07661130587017548, 'DNP': 0.07041995544442695, 'LPP': 0.059622896282633994, 'CDR': 0.05831412956896957, 'SPL': 0.050065385090495525, 'CPS': 0.04059839071744696, 'PGE': 0.03239650200414887, 'OPL': 0.023391675860335748, 'ACP': 0.022594062948590714, 'CCC': 0.017381359072767007, 'TPE': 0.013778789672989358, 'JSW': 0.009435047260428604, 'MRC': 0.001767740231637865}"
780,2021-12-28,102180.01593128218,-2.9103830456733704e-11,"{'PKO': 0.15973556309980708, 'PKN': 0.09758565020893414, 'PEO': 0.09195763386905094, 'PZU': 0.08914948266975634, 'KGH': 0.0851944301274051, 'ALE': 0.07661130587017548, 'DNP': 0.07041995544442695, 'LPP': 0.059622896282633994, 'CDR': 0.05831412956896957, 'SPL': 0.050065385090495525, 'CPS': 0.04059839071744696, 'PGE': 0.03239650200414887, 'OPL': 0.023391675860335748, 'ACP': 0.022594062948590714, 'CCC': 0.017381359072767007, 'TPE': 0.013778789672989358, 'JSW': 0.009435047260428604, 'MRC': 0.001767740231637865}"
781,2021-12-29,102313.72563491581,-1.4551915228366852e-11,"{'PKO': 0.15973556309980708, 'PKN': 0.09758565020893414, 'PEO': 0.09195763386905094, 'PZU': 0.08914948266975634, 'KGH': 0.0851944301274051, 'ALE': 0.07661130587017548, 'DNP': 0.07041995544442695, 'LPP': 0.059622896282633994, 'CDR': 0.05831412956896957, 'SPL': 0.050065385090495525, 'CPS': 0.04059839071744696, 'PGE': 0.03239650200414887, 'OPL': 0.023391675860335748, 'ACP': 0.022594062948590714, 'CCC': 0.017381359072767007, 'TPE': 0.013778789672989358, 'JSW': 0.009435047260428604, 'MRC': 0.001767740231637865}"
782,2021-12-30,102581.56029585394,-2.9103830456733704e-11,"{'PKO': 0.15973556309980708, 'PKN': 0.09758565020893414, 'PEO': 0.09195763386905094, 'PZU': 0.08914948266975634, 'KGH': 0.0851944301274051, 'ALE': 0.07661130587017548, 'DNP': 0.07041995544442695, 'LPP': 0.059622896282633994, 'CDR': 0.05831412956896957, 'SPL': 0.050065385090495525, 'CPS': 0.04059839071744696, 'PGE': 0.03239650200414887, 'OPL': 0.023391675860335748, 'ACP': 0.022594062948590714, 'CCC': 0.017381359072767007, 'TPE': 0.013778789672989358, 'JSW': 0.009435047260428604, 'MRC': 0.001767740231637865}"
783,2021-12-31,102581.56029585394,-2.9103830456733704e-11,"{'PKO': 0.15973556309980708, 'PKN': 0.09758565020893414, 'PEO': 0.09195763386905094, 'PZU': 0.08914948266975634, 'KGH': 0.0851944301274051, 'ALE': 0.07661130587017548, 'DNP': 0.07041995544442695, 'LPP': 0.059622896282633994, 'CDR': 0.05831412956896957, 'SPL': 0.050065385090495525, 'CPS': 0.04059839071744696, 'PGE': 0.03239650200414887, 'OPL': 0.023391675860335748, 'ACP': 0.022594062948590714, 'CCC': 0.017381359072767007, 'TPE': 0.013778789672989358, 'JSW': 0.009435047260428604, 'MRC': 0.001767740231637865}"
784,2022-01-03,103616.18428980655,-4.3655745685100555e-11,"{'PKO': 0.15973556309980708, 'PKN': 0.09758565020893414, 'PEO': 0.09195763386905094, 'PZU': 0.08914948266975634, 'KGH': 0.0851944301274051, 'ALE': 0.07661130587017548, 'DNP': 0.07041995544442695, 'LPP': 0.059622896282633994, 'CDR': 0.05831412956896957, 'SPL': 0.050065385090495525, 'CPS': 0.04059839071744696, 'PGE': 0.03239650200414887, 'OPL': 0.023391675860335748, 'ACP': 0.022594062948590714, 'CCC': 0.017381359072767007, 'TPE': 0.013778789672989358, 'JSW': 0.009435047260428604, 'MRC': 0.001767740231637865}"
785,2022-01-04,104161.61764003492,-2.9103830456733704e-11,"{'PKO': 0.15973556309980708, 'PKN': 0.09758565020893414, 'PEO': 0.09195763386905094, 'PZU': 0.08914948266975634, 'KGH': 0.0851944301274051, 'ALE': 0.07661130587017548, 'DNP': 0.07041995544442695, 'LPP': 0.059622896282633994, 'CDR': 0.05831412956896957, 'SPL': 0.050065385090495525, 'CPS': 0.04059839071744696, 'PGE': 0.03239650200414887, 'OPL': 0.023391675860335748, 'ACP': 0.022594062948590714, 'CCC': 0.017381359072767007, 'TPE': 0.013778789672989358, 'JSW': 0.009435047260428604, 'MRC': 0.001767740231637865}"
786,2022-01-05,104549.74562775054,-2.9103830456733704e-11,"{'PKO': 0.15973556309980708, 'PKN': 0.09758565020893414, 'PEO': 0.09195763386905094, 'PZU': 0.08914948266975634, 'KGH': 0.0851944301274051, 'ALE': 0.07661130587017548, 'DNP': 0.07041995544442695, 'LPP': 0.059622896282633994, 'CDR': 0.05831412956896957, 'SPL': 0.050065385090495525, 'CPS': 0.04059839071744696, 'PGE': 0.03239650200414887, 'OPL': 0.023391675860335748, 'ACP': 0.022594062948590714, 'CCC': 0.017381359072767007, 'TPE': 0.013778789672989358, 'JSW': 0.009435047260428604, 'MRC': 0.001767740231637865}"
787,2022-01-06,104549.74562775054,-2.9103830456733704e-11,"{'PKO': 0.15973556309980708, 'PKN': 0.09758565020893414, 'PEO': 0.09195763386905094, 'PZU': 0.08914948266975634, 'KGH': 0.0851944301274051, 'ALE': 0.07661130587017548, 'DNP': 0.07041995544442695, 'LPP': 0.059622896282633994, 'CDR': 0.05831412956896957, 'SPL': 0.050065385090495525, 'CPS': 0.04059839071744696, 'PGE': 0.03239650200414887, 'OPL': 0.023391675860335748, 'ACP': 0.022594062948590714, 'CCC': 0.017381359072767007, 'TPE': 0.013778789672989358, 'JSW': 0.009435047260428604, 'MRC': 0.001767740231637865}"
788,2022-01-07,104547.62688118669,-4.3655745685100555e-11,"{'PKO': 0.15973556309980708, 'PKN': 0.09758565020893414, 'PEO': 0.09195763386905094, 'PZU': 0.08914948266975634, 'KGH': 0.0851944301274051, 'ALE': 0.07661130587017548, 'DNP': 0.07041995544442695, 'LPP': 0.059622896282633994, 'CDR': 0.05831412956896957, 'SPL': 0.050065385090495525, 'CPS': 0.04059839071744696, 'PGE': 0.03239650200414887, 'OPL': 0.023391675860335748, 'ACP': 0.022594062948590714, 'CCC': 0.017381359072767007, 'TPE': 0.013778789672989358, 'JSW': 0.009435047260428604, 'MRC': 0.001767740231637865}"
789,2022-01-10,103666.07580082676,-2.9103830456733704e-11,"{'PKO': 0.15973556309980708, 'PKN': 0.09758565020893414, 'PEO': 0.09195763386905094, 'PZU': 0.08914948266975634, 'KGH': 0.0851944301274051, 'ALE': 0.07661130587017548, 'DNP': 0.07041995544442695, 'LPP': 0.059622896282633994, 'CDR': 0.05831412956896957, 'SPL': 0.050065385090495525, 'CPS': 0.04059839071744696, 'PGE': 0.03239650200414887, 'OPL': 0.023391675860335748, 'ACP': 0.022594062948590714, 'CCC': 0.017381359072767007, 'TPE': 0.013778789672989358, 'JSW': 0.009435047260428604, 'MRC': 0.001767740231637865}"
790,2022-01-11,106315.79626552969,-2.9103830456733704e-11,"{'PKO': 0.15973556309980708, 'PKN': 0.09758565020893414, 'PEO': 0.09195763386905094, 'PZU': 0.08914948266975634, 'KGH': 0.0851944301274051, 'ALE': 0.07661130587017548, 'DNP': 0.07041995544442695, 'LPP': 0.059622896282633994, 'CDR': 0.05831412956896957, 'SPL': 0.050065385090495525, 'CPS': 0.04059839071744696, 'PGE': 0.03239650200414887, 'OPL': 0.023391675860335748, 'ACP': 0.022594062948590714, 'CCC': 0.017381359072767007, 'TPE': 0.013778789672989358, 'JSW': 0.009435047260428604, 'MRC': 0.001767740231637865}"
791,2022-01-12,109497.31357332382,-1.4551915228366852e-11,"{'PKO': 0.15973556309980708, 'PKN': 0.09758565020893414, 'PEO': 0.09195763386905094, 'PZU': 0.08914948266975634, 'KGH': 0.0851944301274051, 'ALE': 0.07661130587017548, 'DNP': 0.07041995544442695, 'LPP': 0.059622896282633994, 'CDR': 0.05831412956896957, 'SPL': 0.050065385090495525, 'CPS': 0.04059839071744696, 'PGE': 0.03239650200414887, 'OPL': 0.023391675860335748, 'ACP': 0.022594062948590714, 'CCC': 0.017381359072767007, 'TPE': 0.013778789672989358, 'JSW': 0.009435047260428604, 'MRC': 0.001767740231637865}"
792,2022-01-13,109540.96400987079,-1.4551915228366852e-11,"{'PKO': 0.15973556309980708, 'PKN': 0.09758565020893414, 'PEO': 0.09195763386905094, 'PZU': 0.08914948266975634, 'KGH': 0.0851944301274051, 'ALE': 0.07661130587017548, 'DNP': 0.07041995544442695, 'LPP': 0.059622896282633994, 'CDR': 0.05831412956896957, 'SPL': 0.050065385090495525, 'CPS': 0.04059839071744696, 'PGE': 0.03239650200414887, 'OPL': 0.023391675860335748, 'ACP': 0.022594062948590714, 'CCC': 0.017381359072767007, 'TPE': 0.013778789672989358, 'JSW': 0.009435047260428604, 'MRC': 0.001767740231637865}"
793,2022-01-14,108442.10960149474,-4.3655745685100555e-11,"{'PKO': 0.15973556309980708, 'PKN': 0.09758565020893414, 'PEO': 0.09195763386905094, 'PZU': 0.08914948266975634, 'KGH': 0.0851944301274051, 'ALE': 0.07661130587017548, 'DNP': 0.07041995544442695, 'LPP': 0.059622896282633994, 'CDR': 0.05831412956896957, 'SPL': 0.050065385090495525, 'CPS': 0.04059839071744696, 'PGE': 0.03239650200414887, 'OPL': 0.023391675860335748, 'ACP': 0.022594062948590714, 'CCC': 0.017381359072767007, 'TPE': 0.013778789672989358, 'JSW': 0.009435047260428604, 'MRC': 0.001767740231637865}"
794,2022-01-17,107782.96569824097,-4.3655745685100555e-11,"{'PKO': 0.15973556309980708, 'PKN': 0.09758565020893414, 'PEO': 0.09195763386905094, 'PZU': 0.08914948266975634, 'KGH': 0.0851944301274051, 'ALE': 0.07661130587017548, 'DNP': 0.07041995544442695, 'LPP': 0.059622896282633994, 'CDR': 0.05831412956896957, 'SPL': 0.050065385090495525, 'CPS': 0.04059839071744696, 'PGE': 0.03239650200414887, 'OPL': 0.023391675860335748, 'ACP': 0.022594062948590714, 'CCC': 0.017381359072767007, 'TPE': 0.013778789672989358, 'JSW': 0.009435047260428604, 'MRC': 0.001767740231637865}"
795,2022-01-18,105565.29781551224,-2.9103830456733704e-11,"{'PKO': 0.15973556309980708, 'PKN': 0.09758565020893414, 'PEO': 0.09195763386905094, 'PZU': 0.08914948266975634, 'KGH': 0.0851944301274051, 'ALE': 0.07661130587017548, 'DNP': 0.07041995544442695, 'LPP': 0.059622896282633994, 'CDR': 0.05831412956896957, 'SPL': 0.050065385090495525, 'CPS': 0.04059839071744696, 'PGE': 0.03239650200414887, 'OPL': 0.023391675860335748, 'ACP': 0.022594062948590714, 'CCC': 0.017381359072767007, 'TPE': 0.013778789672989358, 'JSW': 0.009435047260428604, 'MRC': 0.001767740231637865}"
796,2022-01-19,105570.76158219825,-2.9103830456733704e-11,"{'PKO': 0.15973556309980708, 'PKN': 0.09758565020893414, 'PEO': 0.09195763386905094, 'PZU': 0.08914948266975634, 'KGH': 0.0851944301274051, 'ALE': 0.07661130587017548, 'DNP': 0.07041995544442695, 'LPP': 0.059622896282633994, 'CDR': 0.05831412956896957, 'SPL': 0.050065385090495525, 'CPS': 0.04059839071744696, 'PGE': 0.03239650200414887, 'OPL': 0.023391675860335748, 'ACP': 0.022594062948590714, 'CCC': 0.017381359072767007, 'TPE': 0.013778789672989358, 'JSW': 0.009435047260428604, 'MRC': 0.001767740231637865}"
797,2022-01-20,105316.19485452991,-2.9103830456733704e-11,"{'PKO': 0.15973556309980708, 'PKN': 0.09758565020893414, 'PEO': 0.09195763386905094, 'PZU': 0.08914948266975634, 'KGH': 0.0851944301274051, 'ALE': 0.07661130587017548, 'DNP': 0.07041995544442695, 'LPP': 0.059622896282633994, 'CDR': 0.05831412956896957, 'SPL': 0.050065385090495525, 'CPS': 0.04059839071744696, 'PGE': 0.03239650200414887, 'OPL': 0.023391675860335748, 'ACP': 0.022594062948590714, 'CCC': 0.017381359072767007, 'TPE': 0.013778789672989358, 'JSW': 0.009435047260428604, 'MRC': 0.001767740231637865}"
798,2022-01-21,103692.10891169347,0.0,"{'PKO': 0.15973556309980708, 'PKN': 0.09758565020893414, 'PEO': 0.09195763386905094, 'PZU': 0.08914948266975634, 'KGH': 0.0851944301274051, 'ALE': 0.07661130587017548, 'DNP': 0.07041995544442695, 'LPP': 0.059622896282633994, 'CDR': 0.05831412956896957, 'SPL': 0.050065385090495525, 'CPS': 0.04059839071744696, 'PGE': 0.03239650200414887, 'OPL': 0.023391675860335748, 'ACP': 0.022594062948590714, 'CCC': 0.017381359072767007, 'TPE': 0.013778789672989358, 'JSW': 0.009435047260428604, 'MRC': 0.001767740231637865}"
799,2022-01-24,99073.60552842147,-2.9103830456733704e-11,"{'PKO': 0.15973556309980708, 'PKN': 0.09758565020893414, 'PEO': 0.09195763386905094, 'PZU': 0.08914948266975634, 'KGH': 0.0851944301274051, 'ALE': 0.07661130587017548, 'DNP': 0.07041995544442695, 'LPP': 0.059622896282633994, 'CDR': 0.05831412956896957, 'SPL': 0.050065385090495525, 'CPS': 0.04059839071744696, 'PGE': 0.03239650200414887, 'OPL': 0.023391675860335748, 'ACP': 0.022594062948590714, 'CCC': 0.017381359072767007, 'TPE': 0.013778789672989358, 'JSW': 0.009435047260428604, 'MRC': 0.001767740231637865}"
800,2022-01-25,100426.21044614265,-1.4551915228366852e-11,"{'PKO': 0.15973556309980708, 'PKN': 0.09758565020893414, 'PEO': 0.09195763386905094, 'PZU': 0.08914948266975634, 'KGH': 0.0851944301274051, 'ALE': 0.07661130587017548, 'DNP': 0.07041995544442695, 'LPP': 0.059622896282633994, 'CDR': 0.05831412956896957, 'SPL': 0.050065385090495525, 'CPS': 0.04059839071744696, 'PGE': 0.03239650200414887, 'OPL': 0.023391675860335748, 'ACP': 0.022594062948590714, 'CCC': 0.017381359072767007, 'TPE': 0.013778789672989358, 'JSW': 0.009435047260428604, 'MRC': 0.001767740231637865}"
801,2022-01-26,101958.77870878542,-2.9103830456733704e-11,"{'PKO': 0.15973556309980708, 'PKN': 0.09758565020893414, 'PEO': 0.09195763386905094, 'PZU': 0.08914948266975634, 'KGH': 0.0851944301274051, 'ALE': 0.07661130587017548, 'DNP': 0.07041995544442695, 'LPP': 0.059622896282633994, 'CDR': 0.05831412956896957, 'SPL': 0.050065385090495525, 'CPS': 0.04059839071744696, 'PGE': 0.03239650200414887, 'OPL': 0.023391675860335748, 'ACP': 0.022594062948590714, 'CCC': 0.017381359072767007, 'TPE': 0.013778789672989358, 'JSW': 0.009435047260428604, 'MRC': 0.001767740231637865}"
802,2022-01-27,101993.77050663866,-2.9103830456733704e-11,"{'PKO': 0.15973556309980708, 'PKN': 0.09758565020893414, 'PEO': 0.09195763386905094, 'PZU': 0.08914948266975634, 'KGH': 0.0851944301274051, 'ALE': 0.07661130587017548, 'DNP': 0.07041995544442695, 'LPP': 0.059622896282633994, 'CDR': 0.05831412956896957, 'SPL': 0.050065385090495525, 'CPS': 0.04059839071744696, 'PGE': 0.03239650200414887, 'OPL': 0.023391675860335748, 'ACP': 0.022594062948590714, 'CCC': 0.017381359072767007, 'TPE': 0.013778789672989358, 'JSW': 0.009435047260428604, 'MRC': 0.001767740231637865}"
803,2022-01-28,99570.30428312525,-2.9103830456733704e-11,"{'PKO': 0.15973556309980708, 'PKN': 0.09758565020893414, 'PEO': 0.09195763386905094, 'PZU': 0.08914948266975634, 'KGH': 0.0851944301274051, 'ALE': 0.07661130587017548, 'DNP': 0.07041995544442695, 'LPP': 0.059622896282633994, 'CDR': 0.05831412956896957, 'SPL': 0.050065385090495525, 'CPS': 0.04059839071744696, 'PGE': 0.03239650200414887, 'OPL': 0.023391675860335748, 'ACP': 0.022594062948590714, 'CCC': 0.017381359072767007, 'TPE': 0.013778789672989358, 'JSW': 0.009435047260428604, 'MRC': 0.001767740231637865}"
804,2022-01-31,100899.45455462654,-4.3655745685100555e-11,"{'PKO': 0.15973556309980708, 'PKN': 0.09758565020893414, 'PEO': 0.09195763386905094, 'PZU': 0.08914948266975634, 'KGH': 0.0851944301274051, 'ALE': 0.07661130587017548, 'DNP': 0.07041995544442695, 'LPP': 0.059622896282633994, 'CDR': 0.05831412956896957, 'SPL': 0.050065385090495525, 'CPS': 0.04059839071744696, 'PGE': 0.03239650200414887, 'OPL': 0.023391675860335748, 'ACP': 0.022594062948590714, 'CCC': 0.017381359072767007, 'TPE': 0.013778789672989358, 'JSW': 0.009435047260428604, 'MRC': 0.001767740231637865}"
805,2022-02-01,101623.8484651533,-2.9103830456733704e-11,"{'PKO': 0.15973556309980708, 'PKN': 0.09758565020893414, 'PEO': 0.09195763386905094, 'PZU': 0.08914948266975634, 'KGH': 0.0851944301274051, 'ALE': 0.07661130587017548, 'DNP': 0.07041995544442695, 'LPP': 0.059622896282633994, 'CDR': 0.05831412956896957, 'SPL': 0.050065385090495525, 'CPS': 0.04059839071744696, 'PGE': 0.03239650200414887, 'OPL': 0.023391675860335748, 'ACP': 0.022594062948590714, 'CCC': 0.017381359072767007, 'TPE': 0.013778789672989358, 'JSW': 0.009435047260428604, 'MRC': 0.001767740231637865}"
806,2022-02-02,102914.70045300595,-2.9103830456733704e-11,"{'PKO': 0.15973556309980708, 'PKN': 0.09758565020893414, 'PEO': 0.09195763386905094, 'PZU': 0.08914948266975634, 'KGH': 0.0851944301274051, 'ALE': 0.07661130587017548, 'DNP': 0.07041995544442695, 'LPP': 0.059622896282633994, 'CDR': 0.05831412956896957, 'SPL': 0.050065385090495525, 'CPS': 0.04059839071744696, 'PGE': 0.03239650200414887, 'OPL': 0.023391675860335748, 'ACP': 0.022594062948590714, 'CCC': 0.017381359072767007, 'TPE': 0.013778789672989358, 'JSW': 0.009435047260428604, 'MRC': 0.001767740231637865}"
807,2022-02-03,101883.48285509422,-5.820766091346741e-11,"{'PKO': 0.15973556309980708, 'PKN': 0.09758565020893414, 'PEO': 0.09195763386905094, 'PZU': 0.08914948266975634, 'KGH': 0.0851944301274051, 'ALE': 0.07661130587017548, 'DNP': 0.07041995544442695, 'LPP': 0.059622896282633994, 'CDR': 0.05831412956896957, 'SPL': 0.050065385090495525, 'CPS': 0.04059839071744696, 'PGE': 0.03239650200414887, 'OPL': 0.023391675860335748, 'ACP': 0.022594062948590714, 'CCC': 0.017381359072767007, 'TPE': 0.013778789672989358, 'JSW': 0.009435047260428604, 'MRC': 0.001767740231637865}"
808,2022-02-04,99099.05236748014,-1.4551915228366852e-11,"{'PKO': 0.15973556309980708, 'PKN': 0.09758565020893414, 'PEO': 0.09195763386905094, 'PZU': 0.08914948266975634, 'KGH': 0.0851944301274051, 'ALE': 0.07661130587017548, 'DNP': 0.07041995544442695, 'LPP': 0.059622896282633994, 'CDR': 0.05831412956896957, 'SPL': 0.050065385090495525, 'CPS': 0.04059839071744696, 'PGE': 0.03239650200414887, 'OPL': 0.023391675860335748, 'ACP': 0.022594062948590714, 'CCC': 0.017381359072767007, 'TPE': 0.013778789672989358, 'JSW': 0.009435047260428604, 'MRC': 0.001767740231637865}"
809,2022-02-07,98938.55484084875,0.0,"{'PKO': 0.15973556309980708, 'PKN': 0.09758565020893414, 'PEO': 0.09195763386905094, 'PZU': 0.08914948266975634, 'KGH': 0.0851944301274051, 'ALE': 0.07661130587017548, 'DNP': 0.07041995544442695, 'LPP': 0.059622896282633994, 'CDR': 0.05831412956896957, 'SPL': 0.050065385090495525, 'CPS': 0.04059839071744696, 'PGE': 0.03239650200414887, 'OPL': 0.023391675860335748, 'ACP': 0.022594062948590714, 'CCC': 0.017381359072767007, 'TPE': 0.013778789672989358, 'JSW': 0.009435047260428604, 'MRC': 0.001767740231637865}"
810,2022-02-08,100748.4965548087,-4.3655745685100555e-11,"{'PKO': 0.15973556309980708, 'PKN': 0.09758565020893414, 'PEO': 0.09195763386905094, 'PZU': 0.08914948266975634, 'KGH': 0.0851944301274051, 'ALE': 0.07661130587017548, 'DNP': 0.07041995544442695, 'LPP': 0.059622896282633994, 'CDR': 0.05831412956896957, 'SPL': 0.050065385090495525, 'CPS': 0.04059839071744696, 'PGE': 0.03239650200414887, 'OPL': 0.023391675860335748, 'ACP': 0.022594062948590714, 'CCC': 0.017381359072767007, 'TPE': 0.013778789672989358, 'JSW': 0.009435047260428604, 'MRC': 0.001767740231637865}"
811,2022-02-09,101915.19894011464,-1.4551915228366852e-11,"{'PKO': 0.15973556309980708, 'PKN': 0.09758565020893414, 'PEO': 0.09195763386905094, 'PZU': 0.08914948266975634, 'KGH': 0.0851944301274051, 'ALE': 0.07661130587017548, 'DNP': 0.07041995544442695, 'LPP': 0.059622896282633994, 'CDR': 0.05831412956896957, 'SPL': 0.050065385090495525, 'CPS': 0.04059839071744696, 'PGE': 0.03239650200414887, 'OPL': 0.023391675860335748, 'ACP': 0.022594062948590714, 'CCC': 0.017381359072767007, 'TPE': 0.013778789672989358, 'JSW': 0.009435047260428604, 'MRC': 0.001767740231637865}"
812,2022-02-10,100783.23989533992,0.0,"{'PKO': 0.15973556309980708, 'PKN': 0.09758565020893414, 'PEO': 0.09195763386905094, 'PZU': 0.08914948266975634, 'KGH': 0.0851944301274051, 'ALE': 0.07661130587017548, 'DNP': 0.07041995544442695, 'LPP': 0.059622896282633994, 'CDR': 0.05831412956896957, 'SPL': 0.050065385090495525, 'CPS': 0.04059839071744696, 'PGE': 0.03239650200414887, 'OPL': 0.023391675860335748, 'ACP': 0.022594062948590714, 'CCC': 0.017381359072767007, 'TPE': 0.013778789672989358, 'JSW': 0.009435047260428604, 'MRC': 0.001767740231637865}"
813,2022-02-11,100239.25226523977,-2.9103830456733704e-11,"{'PKO': 0.15973556309980708, 'PKN': 0.09758565020893414, 'PEO': 0.09195763386905094, 'PZU': 0.08914948266975634, 'KGH': 0.0851944301274051, 'ALE': 0.07661130587017548, 'DNP': 0.07041995544442695, 'LPP': 0.059622896282633994, 'CDR': 0.05831412956896957, 'SPL': 0.050065385090495525, 'CPS': 0.04059839071744696, 'PGE': 0.03239650200414887, 'OPL': 0.023391675860335748, 'ACP': 0.022594062948590714, 'CCC': 0.017381359072767007, 'TPE': 0.013778789672989358, 'JSW': 0.009435047260428604, 'MRC': 0.001767740231637865}"
814,2022-02-14,98525.2167933042,0.0,"{'PKO': 0.15973556309980708, 'PKN': 0.09758565020893414, 'PEO': 0.09195763386905094, 'PZU': 0.08914948266975634, 'KGH': 0.0851944301274051, 'ALE': 0.07661130587017548, 'DNP': 0.07041995544442695, 'LPP': 0.059622896282633994, 'CDR': 0.05831412956896957, 'SPL': 0.050065385090495525, 'CPS': 0.04059839071744696, 'PGE': 0.03239650200414887, 'OPL': 0.023391675860335748, 'ACP': 0.022594062948590714, 'CCC': 0.017381359072767007, 'TPE': 0.013778789672989358, 'JSW': 0.009435047260428604, 'MRC': 0.001767740231637865}"
815,2022-02-15,100737.77680146064,-2.9103830456733704e-11,"{'PKO': 0.15973556309980708, 'PKN': 0.09758565020893414, 'PEO': 0.09195763386905094, 'PZU': 0.08914948266975634, 'KGH': 0.0851944301274051, 'ALE': 0.07661130587017548, 'DNP': 0.07041995544442695, 'LPP': 0.059622896282633994, 'CDR': 0.05831412956896957, 'SPL': 0.050065385090495525, 'CPS': 0.04059839071744696, 'PGE': 0.03239650200414887, 'OPL': 0.023391675860335748, 'ACP': 0.022594062948590714, 'CCC': 0.017381359072767007, 'TPE': 0.013778789672989358, 'JSW': 0.009435047260428604, 'MRC': 0.001767740231637865}"
816,2022-02-16,100775.73775183801,-2.9103830456733704e-11,"{'PKO': 0.15973556309980708, 'PKN': 0.09758565020893414, 'PEO': 0.09195763386905094, 'PZU': 0.08914948266975634, 'KGH': 0.0851944301274051, 'ALE': 0.07661130587017548, 'DNP': 0.07041995544442695, 'LPP': 0.059622896282633994, 'CDR': 0.05831412956896957, 'SPL': 0.050065385090495525, 'CPS': 0.04059839071744696, 'PGE': 0.03239650200414887, 'OPL': 0.023391675860335748, 'ACP': 0.022594062948590714, 'CCC': 0.017381359072767007, 'TPE': 0.013778789672989358, 'JSW': 0.009435047260428604, 'MRC': 0.001767740231637865}"
817,2022-02-17,99084.97220401415,-2.9103830456733704e-11,"{'PKO': 0.15973556309980708, 'PKN': 0.09758565020893414, 'PEO': 0.09195763386905094, 'PZU': 0.08914948266975634, 'KGH': 0.0851944301274051, 'ALE': 0.07661130587017548, 'DNP': 0.07041995544442695, 'LPP': 0.059622896282633994, 'CDR': 0.05831412956896957, 'SPL': 0.050065385090495525, 'CPS': 0.04059839071744696, 'PGE': 0.03239650200414887, 'OPL': 0.023391675860335748, 'ACP': 0.022594062948590714, 'CCC': 0.017381359072767007, 'TPE': 0.013778789672989358, 'JSW': 0.009435047260428604, 'MRC': 0.001767740231637865}"
818,2022-02-18,97570.33816612406,-2.9103830456733704e-11,"{'PKO': 0.15973556309980708, 'PKN': 0.09758565020893414, 'PEO': 0.09195763386905094, 'PZU': 0.08914948266975634, 'KGH': 0.0851944301274051, 'ALE': 0.07661130587017548, 'DNP': 0.07041995544442695, 'LPP': 0.059622896282633994, 'CDR': 0.05831412956896957, 'SPL': 0.050065385090495525, 'CPS': 0.04059839071744696, 'PGE': 0.03239650200414887, 'OPL': 0.023391675860335748, 'ACP': 0.022594062948590714, 'CCC': 0.017381359072767007, 'TPE': 0.013778789672989358, 'JSW': 0.009435047260428604, 'MRC': 0.001767740231637865}"
819,2022-02-21,94203.6901685212,-4.3655745685100555e-11,"{'PKO': 0.15973556309980708, 'PKN': 0.09758565020893414, 'PEO': 0.09195763386905094, 'PZU': 0.08914948266975634, 'KGH': 0.0851944301274051, 'ALE': 0.07661130587017548, 'DNP': 0.07041995544442695, 'LPP': 0.059622896282633994, 'CDR': 0.05831412956896957, 'SPL': 0.050065385090495525, 'CPS': 0.04059839071744696, 'PGE': 0.03239650200414887, 'OPL': 0.023391675860335748, 'ACP': 0.022594062948590714, 'CCC': 0.017381359072767007, 'TPE': 0.013778789672989358, 'JSW': 0.009435047260428604, 'MRC': 0.001767740231637865}"
820,2022-02-22,95461.33338183732,-1.4551915228366852e-11,"{'PKO': 0.15973556309980708, 'PKN': 0.09758565020893414, 'PEO': 0.09195763386905094, 'PZU': 0.08914948266975634, 'KGH': 0.0851944301274051, 'ALE': 0.07661130587017548, 'DNP': 0.07041995544442695, 'LPP': 0.059622896282633994, 'CDR': 0.05831412956896957, 'SPL': 0.050065385090495525, 'CPS': 0.04059839071744696, 'PGE': 0.03239650200414887, 'OPL': 0.023391675860335748, 'ACP': 0.022594062948590714, 'CCC': 0.017381359072767007, 'TPE': 0.013778789672989358, 'JSW': 0.009435047260428604, 'MRC': 0.001767740231637865}"
821,2022-02-23,92560.69099958104,-1.4551915228366852e-11,"{'PKO': 0.15973556309980708, 'PKN': 0.09758565020893414, 'PEO': 0.09195763386905094, 'PZU': 0.08914948266975634, 'KGH': 0.0851944301274051, 'ALE': 0.07661130587017548, 'DNP': 0.07041995544442695, 'LPP': 0.059622896282633994, 'CDR': 0.05831412956896957, 'SPL': 0.050065385090495525, 'CPS': 0.04059839071744696, 'PGE': 0.03239650200414887, 'OPL': 0.023391675860335748, 'ACP': 0.022594062948590714, 'CCC': 0.017381359072767007, 'TPE': 0.013778789672989358, 'JSW': 0.009435047260428604, 'MRC': 0.001767740231637865}"
822,2022-02-24,82302.39332333008,-1.4551915228366852e-11,"{'PKO': 0.15973556309980708, 'PKN': 0.09758565020893414, 'PEO': 0.09195763386905094, 'PZU': 0.08914948266975634, 'KGH': 0.0851944301274051, 'ALE': 0.07661130587017548, 'DNP': 0.07041995544442695, 'LPP': 0.059622896282633994, 'CDR': 0.05831412956896957, 'SPL': 0.050065385090495525, 'CPS': 0.04059839071744696, 'PGE': 0.03239650200414887, 'OPL': 0.023391675860335748, 'ACP': 0.022594062948590714, 'CCC': 0.017381359072767007, 'TPE': 0.013778789672989358, 'JSW': 0.009435047260428604, 'MRC': 0.001767740231637865}"
823,2022-02-25,89360.60022215277,-1.4551915228366852e-11,"{'PKO': 0.15973556309980708, 'PKN': 0.09758565020893414, 'PEO': 0.09195763386905094, 'PZU': 0.08914948266975634, 'KGH': 0.0851944301274051, 'ALE': 0.07661130587017548, 'DNP': 0.07041995544442695, 'LPP': 0.059622896282633994, 'CDR': 0.05831412956896957, 'SPL': 0.050065385090495525, 'CPS': 0.04059839071744696, 'PGE': 0.03239650200414887, 'OPL': 0.023391675860335748, 'ACP': 0.022594062948590714, 'CCC': 0.017381359072767007, 'TPE': 0.013778789672989358, 'JSW': 0.009435047260428604, 'MRC': 0.001767740231637865}"
824,2022-02-28,90813.78936063431,-2.9103830456733704e-11,"{'PKO': 0.15973556309980708, 'PKN': 0.09758565020893414, 'PEO': 0.09195763386905094, 'PZU': 0.08914948266975634, 'KGH': 0.0851944301274051, 'ALE': 0.07661130587017548, 'DNP': 0.07041995544442695, 'LPP': 0.059622896282633994, 'CDR': 0.05831412956896957, 'SPL': 0.050065385090495525, 'CPS': 0.04059839071744696, 'PGE': 0.03239650200414887, 'OPL': 0.023391675860335748, 'ACP': 0.022594062948590714, 'CCC': 0.017381359072767007, 'TPE': 0.013778789672989358, 'JSW': 0.009435047260428604, 'MRC': 0.001767740231637865}"
825,2022-03-01,89178.53159803829,-2.9103830456733704e-11,"{'PKO': 0.15973556309980708, 'PKN': 0.09758565020893414, 'PEO': 0.09195763386905094, 'PZU': 0.08914948266975634, 'KGH': 0.0851944301274051, 'ALE': 0.07661130587017548, 'DNP': 0.07041995544442695, 'LPP': 0.059622896282633994, 'CDR': 0.05831412956896957, 'SPL': 0.050065385090495525, 'CPS': 0.04059839071744696, 'PGE': 0.03239650200414887, 'OPL': 0.023391675860335748, 'ACP': 0.022594062948590714, 'CCC': 0.017381359072767007, 'TPE': 0.013778789672989358, 'JSW': 0.009435047260428604, 'MRC': 0.001767740231637865}"
826,2022-03-02,91563.69490276318,-4.3655745685100555e-11,"{'PKO': 0.15973556309980708, 'PKN': 0.09758565020893414, 'PEO': 0.09195763386905094, 'PZU': 0.08914948266975634, 'KGH': 0.0851944301274051, 'ALE': 0.07661130587017548, 'DNP': 0.07041995544442695, 'LPP': 0.059622896282633994, 'CDR': 0.05831412956896957, 'SPL': 0.050065385090495525, 'CPS': 0.04059839071744696, 'PGE': 0.03239650200414887, 'OPL': 0.023391675860335748, 'ACP': 0.022594062948590714, 'CCC': 0.017381359072767007, 'TPE': 0.013778789672989358, 'JSW': 0.009435047260428604, 'MRC': 0.001767740231637865}"
827,2022-03-03,89633.66706887376,-1.4551915228366852e-11,"{'PKO': 0.15973556309980708, 'PKN': 0.09758565020893414, 'PEO': 0.09195763386905094, 'PZU': 0.08914948266975634, 'KGH': 0.0851944301274051, 'ALE': 0.07661130587017548, 'DNP': 0.07041995544442695, 'LPP': 0.059622896282633994, 'CDR': 0.05831412956896957, 'SPL': 0.050065385090495525, 'CPS': 0.04059839071744696, 'PGE': 0.03239650200414887, 'OPL': 0.023391675860335748, 'ACP': 0.022594062948590714, 'CCC': 0.017381359072767007, 'TPE': 0.013778789672989358, 'JSW': 0.009435047260428604, 'MRC': 0.001767740231637865}"
828,2022-03-04,85275.20922579264,0.0,"{'PKO': 0.15973556309980708, 'PKN': 0.09758565020893414, 'PEO': 0.09195763386905094, 'PZU': 0.08914948266975634, 'KGH': 0.0851944301274051, 'ALE': 0.07661130587017548, 'DNP': 0.07041995544442695, 'LPP': 0.059622896282633994, 'CDR': 0.05831412956896957, 'SPL': 0.050065385090495525, 'CPS': 0.04059839071744696, 'PGE': 0.03239650200414887, 'OPL': 0.023391675860335748, 'ACP': 0.022594062948590714, 'CCC': 0.017381359072767007, 'TPE': 0.013778789672989358, 'JSW': 0.009435047260428604, 'MRC': 0.001767740231637865}"
829,2022-03-07,85593.84348059217,0.0,"{'PKO': 0.15973556309980708, 'PKN': 0.09758565020893414, 'PEO': 0.09195763386905094, 'PZU': 0.08914948266975634, 'KGH': 0.0851944301274051, 'ALE': 0.07661130587017548, 'DNP': 0.07041995544442695, 'LPP': 0.059622896282633994, 'CDR': 0.05831412956896957, 'SPL': 0.050065385090495525, 'CPS': 0.04059839071744696, 'PGE': 0.03239650200414887, 'OPL': 0.023391675860335748, 'ACP': 0.022594062948590714, 'CCC': 0.017381359072767007, 'TPE': 0.013778789672989358, 'JSW': 0.009435047260428604, 'MRC': 0.001767740231637865}"
830,2022-03-08,84595.92141969009,-2.9103830456733704e-11,"{'PKO': 0.15973556309980708, 'PKN': 0.09758565020893414, 'PEO': 0.09195763386905094, 'PZU': 0.08914948266975634, 'KGH': 0.0851944301274051, 'ALE': 0.07661130587017548, 'DNP': 0.07041995544442695, 'LPP': 0.059622896282633994, 'CDR': 0.05831412956896957, 'SPL': 0.050065385090495525, 'CPS': 0.04059839071744696, 'PGE': 0.03239650200414887, 'OPL': 0.023391675860335748, 'ACP': 0.022594062948590714, 'CCC': 0.017381359072767007, 'TPE': 0.013778789672989358, 'JSW': 0.009435047260428604, 'MRC': 0.001767740231637865}"
831,2022-03-09,88923.206781859,0.0,"{'PKO': 0.15973556309980708, 'PKN': 0.09758565020893414, 'PEO': 0.09195763386905094, 'PZU': 0.08914948266975634, 'KGH': 0.0851944301274051, 'ALE': 0.07661130587017548, 'DNP': 0.07041995544442695, 'LPP': 0.059622896282633994, 'CDR': 0.05831412956896957, 'SPL': 0.050065385090495525, 'CPS': 0.04059839071744696, 'PGE': 0.03239650200414887, 'OPL': 0.023391675860335748, 'ACP': 0.022594062948590714, 'CCC': 0.017381359072767007, 'TPE': 0.013778789672989358, 'JSW': 0.009435047260428604, 'MRC': 0.001767740231637865}"
832,2022-03-10,88594.24115374747,-1.4551915228366852e-11,"{'PKO': 0.15973556309980708, 'PKN': 0.09758565020893414, 'PEO': 0.09195763386905094, 'PZU': 0.08914948266975634, 'KGH': 0.0851944301274051, 'ALE': 0.07661130587017548, 'DNP': 0.07041995544442695, 'LPP': 0.059622896282633994, 'CDR': 0.05831412956896957, 'SPL': 0.050065385090495525, 'CPS': 0.04059839071744696, 'PGE': 0.03239650200414887, 'OPL': 0.023391675860335748, 'ACP': 0.022594062948590714, 'CCC': 0.017381359072767007, 'TPE': 0.013778789672989358, 'JSW': 0.009435047260428604, 'MRC': 0.001767740231637865}"
833,2022-03-11,91616.55498125886,-4.3655745685100555e-11,"{'PKO': 0.15973556309980708, 'PKN': 0.09758565020893414, 'PEO': 0.09195763386905094, 'PZU': 0.08914948266975634, 'KGH': 0.0851944301274051, 'ALE': 0.07661130587017548, 'DNP': 0.07041995544442695, 'LPP': 0.059622896282633994, 'CDR': 0.05831412956896957, 'SPL': 0.050065385090495525, 'CPS': 0.04059839071744696, 'PGE': 0.03239650200414887, 'OPL': 0.023391675860335748, 'ACP': 0.022594062948590714, 'CCC': 0.017381359072767007, 'TPE': 0.013778789672989358, 'JSW': 0.009435047260428604, 'MRC': 0.001767740231637865}"
834,2022-03-14,89020.77946151236,-1.4551915228366852e-11,"{'PKO': 0.15973556309980708, 'PKN': 0.09758565020893414, 'PEO': 0.09195763386905094, 'PZU': 0.08914948266975634, 'KGH': 0.0851944301274051, 'ALE': 0.07661130587017548, 'DNP': 0.07041995544442695, 'LPP': 0.059622896282633994, 'CDR': 0.05831412956896957, 'SPL': 0.050065385090495525, 'CPS': 0.04059839071744696, 'PGE': 0.03239650200414887, 'OPL': 0.023391675860335748, 'ACP': 0.022594062948590714, 'CCC': 0.017381359072767007, 'TPE': 0.013778789672989358, 'JSW': 0.009435047260428604, 'MRC': 0.001767740231637865}"
835,2022-03-15,90334.84667265983,-1.4551915228366852e-11,"{'PKO': 0.15973556309980708, 'PKN': 0.09758565020893414, 'PEO': 0.09195763386905094, 'PZU': 0.08914948266975634, 'KGH': 0.0851944301274051, 'ALE': 0.07661130587017548, 'DNP': 0.07041995544442695, 'LPP': 0.059622896282633994, 'CDR': 0.05831412956896957, 'SPL': 0.050065385090495525, 'CPS': 0.04059839071744696, 'PGE': 0.03239650200414887, 'OPL': 0.023391675860335748, 'ACP': 0.022594062948590714, 'CCC': 0.017381359072767007, 'TPE': 0.013778789672989358, 'JSW': 0.009435047260428604, 'MRC': 0.001767740231637865}"
836,2022-03-16,93595.93358532034,-1.4551915228366852e-11,"{'PKO': 0.15973556309980708, 'PKN': 0.09758565020893414, 'PEO': 0.09195763386905094, 'PZU': 0.08914948266975634, 'KGH': 0.0851944301274051, 'ALE': 0.07661130587017548, 'DNP': 0.07041995544442695, 'LPP': 0.059622896282633994, 'CDR': 0.05831412956896957, 'SPL': 0.050065385090495525, 'CPS': 0.04059839071744696, 'PGE': 0.03239650200414887, 'OPL': 0.023391675860335748, 'ACP': 0.022594062948590714, 'CCC': 0.017381359072767007, 'TPE': 0.013778789672989358, 'JSW': 0.009435047260428604, 'MRC': 0.001767740231637865}"
837,2022-03-17,96544.31219853116,0.0,"{'PKO': 0.15973556309980708, 'PKN': 0.09758565020893414, 'PEO': 0.09195763386905094, 'PZU': 0.08914948266975634, 'KGH': 0.0851944301274051, 'ALE': 0.07661130587017548, 'DNP': 0.07041995544442695, 'LPP': 0.059622896282633994, 'CDR': 0.05831412956896957, 'SPL': 0.050065385090495525, 'CPS': 0.04059839071744696, 'PGE': 0.03239650200414887, 'OPL': 0.023391675860335748, 'ACP': 0.022594062948590714, 'CCC': 0.017381359072767007, 'TPE': 0.013778789672989358, 'JSW': 0.009435047260428604, 'MRC': 0.001767740231637865}"
838,2022-03-18,95524.30748895122,-2.9103830456733704e-11,"{'PKO': 0.15894629204791702, 'PEO': 0.10084930302050937, 'KGH': 0.09315100427565527, 'PKN': 0.0915149171095087, 'PZU': 0.08750523198211324, 'LPP': 0.06993848778497747, 'DNP': 0.06197421891142983, 'ALE': 0.05622672099097715, 'CDR': 0.05504098165229969, 'SPL': 0.05155370000476839, 'CPS': 0.03393927192001823, 'PGE': 0.026848148010787158, 'MBK': 0.02636177235712053, 'OPL': 0.023958504421356025, 'PCO': 0.021860413366323522, 'ACP': 0.019917030035550988, 'JSW': 0.01045548709091198, 'CCC': 0.009958515017775494}"
839,2022-03-21,94792.98008466608,-1.4551915228366852e-11,"{'PKO': 0.15894629204791702, 'PEO': 0.10084930302050937, 'KGH': 0.09315100427565527, 'PKN': 0.0915149171095087, 'PZU': 0.08750523198211324, 'LPP': 0.06993848778497747, 'DNP': 0.06197421891142983, 'ALE': 0.05622672099097715, 'CDR': 0.05504098165229969, 'SPL': 0.05155370000476839, 'CPS': 0.03393927192001823, 'PGE': 0.026848148010787158, 'MBK': 0.02636177235712053, 'OPL': 0.023958504421356025, 'PCO': 0.021860413366323522, 'ACP': 0.019917030035550988, 'JSW': 0.01045548709091198, 'CCC': 0.009958515017775494}"
840,2022-03-22,96282.12417022345,-1.4551915228366852e-11,"{'PKO': 0.15894629204791702, 'PEO': 0.10084930302050937, 'KGH': 0.09315100427565527, 'PKN': 0.0915149171095087, 'PZU': 0.08750523198211324, 'LPP': 0.06993848778497747, 'DNP': 0.06197421891142983, 'ALE': 0.05622672099097715, 'CDR': 0.05504098165229969, 'SPL': 0.05155370000476839, 'CPS': 0.03393927192001823, 'PGE': 0.026848148010787158, 'MBK': 0.02636177235712053, 'OPL': 0.023958504421356025, 'PCO': 0.021860413366323522, 'ACP': 0.019917030035550988, 'JSW': 0.01045548709091198, 'CCC': 0.009958515017775494}"
841,2022-03-23,96231.68039129236,1.4551915228366852e-11,"{'PKO': 0.15894629204791702, 'PEO': 0.10084930302050937, 'KGH': 0.09315100427565527, 'PKN': 0.0915149171095087, 'PZU': 0.08750523198211324, 'LPP': 0.06993848778497747, 'DNP': 0.06197421891142983, 'ALE': 0.05622672099097715, 'CDR': 0.05504098165229969, 'SPL': 0.05155370000476839, 'CPS': 0.03393927192001823, 'PGE': 0.026848148010787158, 'MBK': 0.02636177235712053, 'OPL': 0.023958504421356025, 'PCO': 0.021860413366323522, 'ACP': 0.019917030035550988, 'JSW': 0.01045548709091198, 'CCC': 0.009958515017775494}"
842,2022-03-24,97048.72511360573,1.4551915228366852e-11,"{'PKO': 0.15894629204791702, 'PEO': 0.10084930302050937, 'KGH': 0.09315100427565527, 'PKN': 0.0915149171095087, 'PZU': 0.08750523198211324, 'LPP': 0.06993848778497747, 'DNP': 0.06197421891142983, 'ALE': 0.05622672099097715, 'CDR': 0.05504098165229969, 'SPL': 0.05155370000476839, 'CPS': 0.03393927192001823, 'PGE': 0.026848148010787158, 'MBK': 0.02636177235712053, 'OPL': 0.023958504421356025, 'PCO': 0.021860413366323522, 'ACP': 0.019917030035550988, 'JSW': 0.01045548709091198, 'CCC': 0.009958515017775494}"
843,2022-03-25,95962.25579509058,0.0,"{'PKO': 0.15894629204791702, 'PEO': 0.10084930302050937, 'KGH': 0.09315100427565527, 'PKN': 0.0915149171095087, 'PZU': 0.08750523198211324, 'LPP': 0.06993848778497747, 'DNP': 0.06197421891142983, 'ALE': 0.05622672099097715, 'CDR': 0.05504098165229969, 'SPL': 0.05155370000476839, 'CPS': 0.03393927192001823, 'PGE': 0.026848148010787158, 'MBK': 0.02636177235712053, 'OPL': 0.023958504421356025, 'PCO': 0.021860413366323522, 'ACP': 0.019917030035550988, 'JSW': 0.01045548709091198, 'CCC': 0.009958515017775494}"
844,2022-03-28,96329.26699973641,0.0,"{'PKO': 0.15894629204791702, 'PEO': 0.10084930302050937, 'KGH': 0.09315100427565527, 'PKN': 0.0915149171095087, 'PZU': 0.08750523198211324, 'LPP': 0.06993848778497747, 'DNP': 0.06197421891142983, 'ALE': 0.05622672099097715, 'CDR': 0.05504098165229969, 'SPL': 0.05155370000476839, 'CPS': 0.03393927192001823, 'PGE': 0.026848148010787158, 'MBK': 0.02636177235712053, 'OPL': 0.023958504421356025, 'PCO': 0.021860413366323522, 'ACP': 0.019917030035550988, 'JSW': 0.01045548709091198, 'CCC': 0.009958515017775494}"
845,2022-03-29,99468.06827078604,0.0,"{'PKO': 0.15894629204791702, 'PEO': 0.10084930302050937, 'KGH': 0.09315100427565527, 'PKN': 0.0915149171095087, 'PZU': 0.08750523198211324, 'LPP': 0.06993848778497747, 'DNP': 0.06197421891142983, 'ALE': 0.05622672099097715, 'CDR': 0.05504098165229969, 'SPL': 0.05155370000476839, 'CPS': 0.03393927192001823, 'PGE': 0.026848148010787158, 'MBK': 0.02636177235712053, 'OPL': 0.023958504421356025, 'PCO': 0.021860413366323522, 'ACP': 0.019917030035550988, 'JSW': 0.01045548709091198, 'CCC': 0.009958515017775494}"
846,2022-03-30,99870.22157008336,1.4551915228366852e-11,"{'PKO': 0.15894629204791702, 'PEO': 0.10084930302050937, 'KGH': 0.09315100427565527, 'PKN': 0.0915149171095087, 'PZU': 0.08750523198211324, 'LPP': 0.06993848778497747, 'DNP': 0.06197421891142983, 'ALE': 0.05622672099097715, 'CDR': 0.05504098165229969, 'SPL': 0.05155370000476839, 'CPS': 0.03393927192001823, 'PGE': 0.026848148010787158, 'MBK': 0.02636177235712053, 'OPL': 0.023958504421356025, 'PCO': 0.021860413366323522, 'ACP': 0.019917030035550988, 'JSW': 0.01045548709091198, 'CCC': 0.009958515017775494}"
847,2022-03-31,97615.03278039399,0.0,"{'PKO': 0.15894629204791702, 'PEO': 0.10084930302050937, 'KGH': 0.09315100427565527, 'PKN': 0.0915149171095087, 'PZU': 0.08750523198211324, 'LPP': 0.06993848778497747, 'DNP': 0.06197421891142983, 'ALE': 0.05622672099097715, 'CDR': 0.05504098165229969, 'SPL': 0.05155370000476839, 'CPS': 0.03393927192001823, 'PGE': 0.026848148010787158, 'MBK': 0.02636177235712053, 'OPL': 0.023958504421356025, 'PCO': 0.021860413366323522, 'ACP': 0.019917030035550988, 'JSW': 0.01045548709091198, 'CCC': 0.009958515017775494}"
848,2022-04-01,99230.91194788147,-1.4551915228366852e-11,"{'PKO': 0.15894629204791702, 'PEO': 0.10084930302050937, 'KGH': 0.09315100427565527, 'PKN': 0.0915149171095087, 'PZU': 0.08750523198211324, 'LPP': 0.06993848778497747, 'DNP': 0.06197421891142983, 'ALE': 0.05622672099097715, 'CDR': 0.05504098165229969, 'SPL': 0.05155370000476839, 'CPS': 0.03393927192001823, 'PGE': 0.026848148010787158, 'MBK': 0.02636177235712053, 'OPL': 0.023958504421356025, 'PCO': 0.021860413366323522, 'ACP': 0.019917030035550988, 'JSW': 0.01045548709091198, 'CCC': 0.009958515017775494}"
849,2022-04-04,98945.61516247025,0.0,"{'PKO': 0.15894629204791702, 'PEO': 0.10084930302050937, 'KGH': 0.09315100427565527, 'PKN': 0.0915149171095087, 'PZU': 0.08750523198211324, 'LPP': 0.06993848778497747, 'DNP': 0.06197421891142983, 'ALE': 0.05622672099097715, 'CDR': 0.05504098165229969, 'SPL': 0.05155370000476839, 'CPS': 0.03393927192001823, 'PGE': 0.026848148010787158, 'MBK': 0.02636177235712053, 'OPL': 0.023958504421356025, 'PCO': 0.021860413366323522, 'ACP': 0.019917030035550988, 'JSW': 0.01045548709091198, 'CCC': 0.009958515017775494}"
850,2022-04-05,97264.00807162891,0.0,"{'PKO': 0.15894629204791702, 'PEO': 0.10084930302050937, 'KGH': 0.09315100427565527, 'PKN': 0.0915149171095087, 'PZU': 0.08750523198211324, 'LPP': 0.06993848778497747, 'DNP': 0.06197421891142983, 'ALE': 0.05622672099097715, 'CDR': 0.05504098165229969, 'SPL': 0.05155370000476839, 'CPS': 0.03393927192001823, 'PGE': 0.026848148010787158, 'MBK': 0.02636177235712053, 'OPL': 0.023958504421356025, 'PCO': 0.021860413366323522, 'ACP': 0.019917030035550988, 'JSW': 0.01045548709091198, 'CCC': 0.009958515017775494}"
851,2022-04-06,96172.62600088134,0.0,"{'PKO': 0.15894629204791702, 'PEO': 0.10084930302050937, 'KGH': 0.09315100427565527, 'PKN': 0.0915149171095087, 'PZU': 0.08750523198211324, 'LPP': 0.06993848778497747, 'DNP': 0.06197421891142983, 'ALE': 0.05622672099097715, 'CDR': 0.05504098165229969, 'SPL': 0.05155370000476839, 'CPS': 0.03393927192001823, 'PGE': 0.026848148010787158, 'MBK': 0.02636177235712053, 'OPL': 0.023958504421356025, 'PCO': 0.021860413366323522, 'ACP': 0.019917030035550988, 'JSW': 0.01045548709091198, 'CCC': 0.009958515017775494}"
852,2022-04-07,94919.4289670091,0.0,"{'PKO': 0.15894629204791702, 'PEO': 0.10084930302050937, 'KGH': 0.09315100427565527, 'PKN': 0.0915149171095087, 'PZU': 0.08750523198211324, 'LPP': 0.06993848778497747, 'DNP': 0.06197421891142983, 'ALE': 0.05622672099097715, 'CDR': 0.05504098165229969, 'SPL': 0.05155370000476839, 'CPS': 0.03393927192001823, 'PGE': 0.026848148010787158, 'MBK': 0.02636177235712053, 'OPL': 0.023958504421356025, 'PCO': 0.021860413366323522, 'ACP': 0.019917030035550988, 'JSW': 0.01045548709091198, 'CCC': 0.009958515017775494}"
853,2022-04-08,95064.87994840514,0.0,"{'PKO': 0.15894629204791702, 'PEO': 0.10084930302050937, 'KGH': 0.09315100427565527, 'PKN': 0.0915149171095087, 'PZU': 0.08750523198211324, 'LPP': 0.06993848778497747, 'DNP': 0.06197421891142983, 'ALE': 0.05622672099097715, 'CDR': 0.05504098165229969, 'SPL': 0.05155370000476839, 'CPS': 0.03393927192001823, 'PGE': 0.026848148010787158, 'MBK': 0.02636177235712053, 'OPL': 0.023958504421356025, 'PCO': 0.021860413366323522, 'ACP': 0.019917030035550988, 'JSW': 0.01045548709091198, 'CCC': 0.009958515017775494}"
854,2022-04-11,96580.5208914344,0.0,"{'PKO': 0.15894629204791702, 'PEO': 0.10084930302050937, 'KGH': 0.09315100427565527, 'PKN': 0.0915149171095087, 'PZU': 0.08750523198211324, 'LPP': 0.06993848778497747, 'DNP': 0.06197421891142983, 'ALE': 0.05622672099097715, 'CDR': 0.05504098165229969, 'SPL': 0.05155370000476839, 'CPS': 0.03393927192001823, 'PGE': 0.026848148010787158, 'MBK': 0.02636177235712053, 'OPL': 0.023958504421356025, 'PCO': 0.021860413366323522, 'ACP': 0.019917030035550988, 'JSW': 0.01045548709091198, 'CCC': 0.009958515017775494}"
855,2022-04-12,94948.86568714393,1.4551915228366852e-11,"{'PKO': 0.15894629204791702, 'PEO': 0.10084930302050937, 'KGH': 0.09315100427565527, 'PKN': 0.0915149171095087, 'PZU': 0.08750523198211324, 'LPP': 0.06993848778497747, 'DNP': 0.06197421891142983, 'ALE': 0.05622672099097715, 'CDR': 0.05504098165229969, 'SPL': 0.05155370000476839, 'CPS': 0.03393927192001823, 'PGE': 0.026848148010787158, 'MBK': 0.02636177235712053, 'OPL': 0.023958504421356025, 'PCO': 0.021860413366323522, 'ACP': 0.019917030035550988, 'JSW': 0.01045548709091198, 'CCC': 0.009958515017775494}"
856,2022-04-13,95149.81381791203,-2.9103830456733704e-11,"{'PKO': 0.15894629204791702, 'PEO': 0.10084930302050937, 'KGH': 0.09315100427565527, 'PKN': 0.0915149171095087, 'PZU': 0.08750523198211324, 'LPP': 0.06993848778497747, 'DNP': 0.06197421891142983, 'ALE': 0.05622672099097715, 'CDR': 0.05504098165229969, 'SPL': 0.05155370000476839, 'CPS': 0.03393927192001823, 'PGE': 0.026848148010787158, 'MBK': 0.02636177235712053, 'OPL': 0.023958504421356025, 'PCO': 0.021860413366323522, 'ACP': 0.019917030035550988, 'JSW': 0.01045548709091198, 'CCC': 0.009958515017775494}"
857,2022-04-14,94712.80176185863,-1.4551915228366852e-11,"{'PKO': 0.15894629204791702, 'PEO': 0.10084930302050937, 'KGH': 0.09315100427565527, 'PKN': 0.0915149171095087, 'PZU': 0.08750523198211324, 'LPP': 0.06993848778497747, 'DNP': 0.06197421891142983, 'ALE': 0.05622672099097715, 'CDR': 0.05504098165229969, 'SPL': 0.05155370000476839, 'CPS': 0.03393927192001823, 'PGE': 0.026848148010787158, 'MBK': 0.02636177235712053, 'OPL': 0.023958504421356025, 'PCO': 0.021860413366323522, 'ACP': 0.019917030035550988, 'JSW': 0.01045548709091198, 'CCC': 0.009958515017775494}"
858,2022-04-15,94712.80176185863,-1.4551915228366852e-11,"{'PKO': 0.15894629204791702, 'PEO': 0.10084930302050937, 'KGH': 0.09315100427565527, 'PKN': 0.0915149171095087, 'PZU': 0.08750523198211324, 'LPP': 0.06993848778497747, 'DNP': 0.06197421891142983, 'ALE': 0.05622672099097715, 'CDR': 0.05504098165229969, 'SPL': 0.05155370000476839, 'CPS': 0.03393927192001823, 'PGE': 0.026848148010787158, 'MBK': 0.02636177235712053, 'OPL': 0.023958504421356025, 'PCO': 0.021860413366323522, 'ACP': 0.019917030035550988, 'JSW': 0.01045548709091198, 'CCC': 0.009958515017775494}"
859,2022-04-18,94712.80176185863,-1.4551915228366852e-11,"{'PKO': 0.15894629204791702, 'PEO': 0.10084930302050937, 'KGH': 0.09315100427565527, 'PKN': 0.0915149171095087, 'PZU': 0.08750523198211324, 'LPP': 0.06993848778497747, 'DNP': 0.06197421891142983, 'ALE': 0.05622672099097715, 'CDR': 0.05504098165229969, 'SPL': 0.05155370000476839, 'CPS': 0.03393927192001823, 'PGE': 0.026848148010787158, 'MBK': 0.02636177235712053, 'OPL': 0.023958504421356025, 'PCO': 0.021860413366323522, 'ACP': 0.019917030035550988, 'JSW': 0.01045548709091198, 'CCC': 0.009958515017775494}"
860,2022-04-19,93280.50244061498,0.0,"{'PKO': 0.15894629204791702, 'PEO': 0.10084930302050937, 'KGH': 0.09315100427565527, 'PKN': 0.0915149171095087, 'PZU': 0.08750523198211324, 'LPP': 0.06993848778497747, 'DNP': 0.06197421891142983, 'ALE': 0.05622672099097715, 'CDR': 0.05504098165229969, 'SPL': 0.05155370000476839, 'CPS': 0.03393927192001823, 'PGE': 0.026848148010787158, 'MBK': 0.02636177235712053, 'OPL': 0.023958504421356025, 'PCO': 0.021860413366323522, 'ACP': 0.019917030035550988, 'JSW': 0.01045548709091198, 'CCC': 0.009958515017775494}"
861,2022-04-20,92638.46667223319,-2.9103830456733704e-11,"{'PKO': 0.15894629204791702, 'PEO': 0.10084930302050937, 'KGH': 0.09315100427565527, 'PKN': 0.0915149171095087, 'PZU': 0.08750523198211324, 'LPP': 0.06993848778497747, 'DNP': 0.06197421891142983, 'ALE': 0.05622672099097715, 'CDR': 0.05504098165229969, 'SPL': 0.05155370000476839, 'CPS': 0.03393927192001823, 'PGE': 0.026848148010787158, 'MBK': 0.02636177235712053, 'OPL': 0.023958504421356025, 'PCO': 0.021860413366323522, 'ACP': 0.019917030035550988, 'JSW': 0.01045548709091198, 'CCC': 0.009958515017775494}"
862,2022-04-21,92083.663018825,0.0,"{'PKO': 0.15894629204791702, 'PEO': 0.10084930302050937, 'KGH': 0.09315100427565527, 'PKN': 0.0915149171095087, 'PZU': 0.08750523198211324, 'LPP': 0.06993848778497747, 'DNP': 0.06197421891142983, 'ALE': 0.05622672099097715, 'CDR': 0.05504098165229969, 'SPL': 0.05155370000476839, 'CPS': 0.03393927192001823, 'PGE': 0.026848148010787158, 'MBK': 0.02636177235712053, 'OPL': 0.023958504421356025, 'PCO': 0.021860413366323522, 'ACP': 0.019917030035550988, 'JSW': 0.01045548709091198, 'CCC': 0.009958515017775494}"
863,2022-04-22,89451.06705501712,1.4551915228366852e-11,"{'PKO': 0.15894629204791702, 'PEO': 0.10084930302050937, 'KGH': 0.09315100427565527, 'PKN': 0.0915149171095087, 'PZU': 0.08750523198211324, 'LPP': 0.06993848778497747, 'DNP': 0.06197421891142983, 'ALE': 0.05622672099097715, 'CDR': 0.05504098165229969, 'SPL': 0.05155370000476839, 'CPS': 0.03393927192001823, 'PGE': 0.026848148010787158, 'MBK': 0.02636177235712053, 'OPL': 0.023958504421356025, 'PCO': 0.021860413366323522, 'ACP': 0.019917030035550988, 'JSW': 0.01045548709091198, 'CCC': 0.009958515017775494}"
864,2022-04-25,86861.83712425572,1.4551915228366852e-11,"{'PKO': 0.15894629204791702, 'PEO': 0.10084930302050937, 'KGH': 0.09315100427565527, 'PKN': 0.0915149171095087, 'PZU': 0.08750523198211324, 'LPP': 0.06993848778497747, 'DNP': 0.06197421891142983, 'ALE': 0.05622672099097715, 'CDR': 0.05504098165229969, 'SPL': 0.05155370000476839, 'CPS': 0.03393927192001823, 'PGE': 0.026848148010787158, 'MBK': 0.02636177235712053, 'OPL': 0.023958504421356025, 'PCO': 0.021860413366323522, 'ACP': 0.019917030035550988, 'JSW': 0.01045548709091198, 'CCC': 0.009958515017775494}"
865,2022-04-26,85796.97384011083,1.4551915228366852e-11,"{'PKO': 0.15894629204791702, 'PEO': 0.10084930302050937, 'KGH': 0.09315100427565527, 'PKN': 0.0915149171095087, 'PZU': 0.08750523198211324, 'LPP': 0.06993848778497747, 'DNP': 0.06197421891142983, 'ALE': 0.05622672099097715, 'CDR': 0.05504098165229969, 'SPL': 0.05155370000476839, 'CPS': 0.03393927192001823, 'PGE': 0.026848148010787158, 'MBK': 0.02636177235712053, 'OPL': 0.023958504421356025, 'PCO': 0.021860413366323522, 'ACP': 0.019917030035550988, 'JSW': 0.01045548709091198, 'CCC': 0.009958515017775494}"
866,2022-04-27,84923.14365284366,0.0,"{'PKO': 0.15894629204791702, 'PEO': 0.10084930302050937, 'KGH': 0.09315100427565527, 'PKN': 0.0915149171095087, 'PZU': 0.08750523198211324, 'LPP': 0.06993848778497747, 'DNP': 0.06197421891142983, 'ALE': 0.05622672099097715, 'CDR': 0.05504098165229969, 'SPL': 0.05155370000476839, 'CPS': 0.03393927192001823, 'PGE': 0.026848148010787158, 'MBK': 0.02636177235712053, 'OPL': 0.023958504421356025, 'PCO': 0.021860413366323522, 'ACP': 0.019917030035550988, 'JSW': 0.01045548709091198, 'CCC': 0.009958515017775494}"
867,2022-04-28,84823.41442277156,1.4551915228366852e-11,"{'PKO': 0.15894629204791702, 'PEO': 0.10084930302050937, 'KGH': 0.09315100427565527, 'PKN': 0.0915149171095087, 'PZU': 0.08750523198211324, 'LPP': 0.06993848778497747, 'DNP': 0.06197421891142983, 'ALE': 0.05622672099097715, 'CDR': 0.05504098165229969, 'SPL': 0.05155370000476839, 'CPS': 0.03393927192001823, 'PGE': 0.026848148010787158, 'MBK': 0.02636177235712053, 'OPL': 0.023958504421356025, 'PCO': 0.021860413366323522, 'ACP': 0.019917030035550988, 'JSW': 0.01045548709091198, 'CCC': 0.009958515017775494}"
868,2022-04-29,83514.87606254492,2.9103830456733704e-11,"{'PKO': 0.15894629204791702, 'PEO': 0.10084930302050937, 'KGH': 0.09315100427565527, 'PKN': 0.0915149171095087, 'PZU': 0.08750523198211324, 'LPP': 0.06993848778497747, 'DNP': 0.06197421891142983, 'ALE': 0.05622672099097715, 'CDR': 0.05504098165229969, 'SPL': 0.05155370000476839, 'CPS': 0.03393927192001823, 'PGE': 0.026848148010787158, 'MBK': 0.02636177235712053, 'OPL': 0.023958504421356025, 'PCO': 0.021860413366323522, 'ACP': 0.019917030035550988, 'JSW': 0.01045548709091198, 'CCC': 0.009958515017775494}"
869,2022-05-02,82132.32283190175,0.0,"{'PKO': 0.15894629204791702, 'PEO': 0.10084930302050937, 'KGH': 0.09315100427565527, 'PKN': 0.0915149171095087, 'PZU': 0.08750523198211324, 'LPP': 0.06993848778497747, 'DNP': 0.06197421891142983, 'ALE': 0.05622672099097715, 'CDR': 0.05504098165229969, 'SPL': 0.05155370000476839, 'CPS': 0.03393927192001823, 'PGE': 0.026848148010787158, 'MBK': 0.02636177235712053, 'OPL': 0.023958504421356025, 'PCO': 0.021860413366323522, 'ACP': 0.019917030035550988, 'JSW': 0.01045548709091198, 'CCC': 0.009958515017775494}"
870,2022-05-03,82132.32283190175,0.0,"{'PKO': 0.15894629204791702, 'PEO': 0.10084930302050937, 'KGH': 0.09315100427565527, 'PKN': 0.0915149171095087, 'PZU': 0.08750523198211324, 'LPP': 0.06993848778497747, 'DNP': 0.06197421891142983, 'ALE': 0.05622672099097715, 'CDR': 0.05504098165229969, 'SPL': 0.05155370000476839, 'CPS': 0.03393927192001823, 'PGE': 0.026848148010787158, 'MBK': 0.02636177235712053, 'OPL': 0.023958504421356025, 'PCO': 0.021860413366323522, 'ACP': 0.019917030035550988, 'JSW': 0.01045548709091198, 'CCC': 0.009958515017775494}"
871,2022-05-04,81304.5783099515,-2.9103830456733704e-11,"{'PKO': 0.15894629204791702, 'PEO': 0.10084930302050937, 'KGH': 0.09315100427565527, 'PKN': 0.0915149171095087, 'PZU': 0.08750523198211324, 'LPP': 0.06993848778497747, 'DNP': 0.06197421891142983, 'ALE': 0.05622672099097715, 'CDR': 0.05504098165229969, 'SPL': 0.05155370000476839, 'CPS': 0.03393927192001823, 'PGE': 0.026848148010787158, 'MBK': 0.02636177235712053, 'OPL': 0.023958504421356025, 'PCO': 0.021860413366323522, 'ACP': 0.019917030035550988, 'JSW': 0.01045548709091198, 'CCC': 0.009958515017775494}"
872,2022-05-05,79095.97108224833,0.0,"{'PKO': 0.15894629204791702, 'PEO': 0.10084930302050937, 'KGH': 0.09315100427565527, 'PKN': 0.0915149171095087, 'PZU': 0.08750523198211324, 'LPP': 0.06993848778497747, 'DNP': 0.06197421891142983, 'ALE': 0.05622672099097715, 'CDR': 0.05504098165229969, 'SPL': 0.05155370000476839, 'CPS': 0.03393927192001823, 'PGE': 0.026848148010787158, 'MBK': 0.02636177235712053, 'OPL': 0.023958504421356025, 'PCO': 0.021860413366323522, 'ACP': 0.019917030035550988, 'JSW': 0.01045548709091198, 'CCC': 0.009958515017775494}"
873,2022-05-06,78724.72749948909,0.0,"{'PKO': 0.15894629204791702, 'PEO': 0.10084930302050937, 'KGH': 0.09315100427565527, 'PKN': 0.0915149171095087, 'PZU': 0.08750523198211324, 'LPP': 0.06993848778497747, 'DNP': 0.06197421891142983, 'ALE': 0.05622672099097715, 'CDR': 0.05504098165229969, 'SPL': 0.05155370000476839, 'CPS': 0.03393927192001823, 'PGE': 0.026848148010787158, 'MBK': 0.02636177235712053, 'OPL': 0.023958504421356025, 'PCO': 0.021860413366323522, 'ACP': 0.019917030035550988, 'JSW': 0.01045548709091198, 'CCC': 0.009958515017775494}"
874,2022-05-09,77007.34679086709,-2.9103830456733704e-11,"{'PKO': 0.15894629204791702, 'PEO': 0.10084930302050937, 'KGH': 0.09315100427565527, 'PKN': 0.0915149171095087, 'PZU': 0.08750523198211324, 'LPP': 0.06993848778497747, 'DNP': 0.06197421891142983, 'ALE': 0.05622672099097715, 'CDR': 0.05504098165229969, 'SPL': 0.05155370000476839, 'CPS': 0.03393927192001823, 'PGE': 0.026848148010787158, 'MBK': 0.02636177235712053, 'OPL': 0.023958504421356025, 'PCO': 0.021860413366323522, 'ACP': 0.019917030035550988, 'JSW': 0.01045548709091198, 'CCC': 0.009958515017775494}"
875,2022-05-10,76856.76578980841,0.0,"{'PKO': 0.15894629204791702, 'PEO': 0.10084930302050937, 'KGH': 0.09315100427565527, 'PKN': 0.0915149171095087, 'PZU': 0.08750523198211324, 'LPP': 0.06993848778497747, 'DNP': 0.06197421891142983, 'ALE': 0.05622672099097715, 'CDR': 0.05504098165229969, 'SPL': 0.05155370000476839, 'CPS': 0.03393927192001823, 'PGE': 0.026848148010787158, 'MBK': 0.02636177235712053, 'OPL': 0.023958504421356025, 'PCO': 0.021860413366323522, 'ACP': 0.019917030035550988, 'JSW': 0.01045548709091198, 'CCC': 0.009958515017775494}"
876,2022-05-11,76999.43658113378,-1.4551915228366852e-11,"{'PKO': 0.15894629204791702, 'PEO': 0.10084930302050937, 'KGH': 0.09315100427565527, 'PKN': 0.0915149171095087, 'PZU': 0.08750523198211324, 'LPP': 0.06993848778497747, 'DNP': 0.06197421891142983, 'ALE': 0.05622672099097715, 'CDR': 0.05504098165229969, 'SPL': 0.05155370000476839, 'CPS': 0.03393927192001823, 'PGE': 0.026848148010787158, 'MBK': 0.02636177235712053, 'OPL': 0.023958504421356025, 'PCO': 0.021860413366323522, 'ACP': 0.019917030035550988, 'JSW': 0.01045548709091198, 'CCC': 0.009958515017775494}"
877,2022-05-12,75876.47663709325,-1.4551915228366852e-11,"{'PKO': 0.15894629204791702, 'PEO': 0.10084930302050937, 'KGH': 0.09315100427565527, 'PKN': 0.0915149171095087, 'PZU': 0.08750523198211324, 'LPP': 0.06993848778497747, 'DNP': 0.06197421891142983, 'ALE': 0.05622672099097715, 'CDR': 0.05504098165229969, 'SPL': 0.05155370000476839, 'CPS': 0.03393927192001823, 'PGE': 0.026848148010787158, 'MBK': 0.02636177235712053, 'OPL': 0.023958504421356025, 'PCO': 0.021860413366323522, 'ACP': 0.019917030035550988, 'JSW': 0.01045548709091198, 'CCC': 0.009958515017775494}"
878,2022-05-13,79275.10231619324,0.0,"{'PKO': 0.15894629204791702, 'PEO': 0.10084930302050937, 'KGH': 0.09315100427565527, 'PKN': 0.0915149171095087, 'PZU': 0.08750523198211324, 'LPP': 0.06993848778497747, 'DNP': 0.06197421891142983, 'ALE': 0.05622672099097715, 'CDR': 0.05504098165229969, 'SPL': 0.05155370000476839, 'CPS': 0.03393927192001823, 'PGE': 0.026848148010787158, 'MBK': 0.02636177235712053, 'OPL': 0.023958504421356025, 'PCO': 0.021860413366323522, 'ACP': 0.019917030035550988, 'JSW': 0.01045548709091198, 'CCC': 0.009958515017775494}"
879,2022-05-16,79086.08525605196,-1.4551915228366852e-11,"{'PKO': 0.15894629204791702, 'PEO': 0.10084930302050937, 'KGH': 0.09315100427565527, 'PKN': 0.0915149171095087, 'PZU': 0.08750523198211324, 'LPP': 0.06993848778497747, 'DNP': 0.06197421891142983, 'ALE': 0.05622672099097715, 'CDR': 0.05504098165229969, 'SPL': 0.05155370000476839, 'CPS': 0.03393927192001823, 'PGE': 0.026848148010787158, 'MBK': 0.02636177235712053, 'OPL': 0.023958504421356025, 'PCO': 0.021860413366323522, 'ACP': 0.019917030035550988, 'JSW': 0.01045548709091198, 'CCC': 0.009958515017775494}"
880,2022-05-17,81324.71778893816,0.0,"{'PKO': 0.15894629204791702, 'PEO': 0.10084930302050937, 'KGH': 0.09315100427565527, 'PKN': 0.0915149171095087, 'PZU': 0.08750523198211324, 'LPP': 0.06993848778497747, 'DNP': 0.06197421891142983, 'ALE': 0.05622672099097715, 'CDR': 0.05504098165229969, 'SPL': 0.05155370000476839, 'CPS': 0.03393927192001823, 'PGE': 0.026848148010787158, 'MBK': 0.02636177235712053, 'OPL': 0.023958504421356025, 'PCO': 0.021860413366323522, 'ACP': 0.019917030035550988, 'JSW': 0.01045548709091198, 'CCC': 0.009958515017775494}"
881,2022-05-18,81341.59642657157,-1.4551915228366852e-11,"{'PKO': 0.15894629204791702, 'PEO': 0.10084930302050937, 'KGH': 0.09315100427565527, 'PKN': 0.0915149171095087, 'PZU': 0.08750523198211324, 'LPP': 0.06993848778497747, 'DNP': 0.06197421891142983, 'ALE': 0.05622672099097715, 'CDR': 0.05504098165229969, 'SPL': 0.05155370000476839, 'CPS': 0.03393927192001823, 'PGE': 0.026848148010787158, 'MBK': 0.02636177235712053, 'OPL': 0.023958504421356025, 'PCO': 0.021860413366323522, 'ACP': 0.019917030035550988, 'JSW': 0.01045548709091198, 'CCC': 0.009958515017775494}"
882,2022-05-19,79839.49550454936,1.4551915228366852e-11,"{'PKO': 0.15894629204791702, 'PEO': 0.10084930302050937, 'KGH': 0.09315100427565527, 'PKN': 0.0915149171095087, 'PZU': 0.08750523198211324, 'LPP': 0.06993848778497747, 'DNP': 0.06197421891142983, 'ALE': 0.05622672099097715, 'CDR': 0.05504098165229969, 'SPL': 0.05155370000476839, 'CPS': 0.03393927192001823, 'PGE': 0.026848148010787158, 'MBK': 0.02636177235712053, 'OPL': 0.023958504421356025, 'PCO': 0.021860413366323522, 'ACP': 0.019917030035550988, 'JSW': 0.01045548709091198, 'CCC': 0.009958515017775494}"
883,2022-05-20,80248.95686760692,0.0,"{'PKO': 0.15894629204791702, 'PEO': 0.10084930302050937, 'KGH': 0.09315100427565527, 'PKN': 0.0915149171095087, 'PZU': 0.08750523198211324, 'LPP': 0.06993848778497747, 'DNP': 0.06197421891142983, 'ALE': 0.05622672099097715, 'CDR': 0.05504098165229969, 'SPL': 0.05155370000476839, 'CPS': 0.03393927192001823, 'PGE': 0.026848148010787158, 'MBK': 0.02636177235712053, 'OPL': 0.023958504421356025, 'PCO': 0.021860413366323522, 'ACP': 0.019917030035550988, 'JSW': 0.01045548709091198, 'CCC': 0.009958515017775494}"
884,2022-05-23,82700.82285149758,0.0,"{'PKO': 0.15894629204791702, 'PEO': 0.10084930302050937, 'KGH': 0.09315100427565527, 'PKN': 0.0915149171095087, 'PZU': 0.08750523198211324, 'LPP': 0.06993848778497747, 'DNP': 0.06197421891142983, 'ALE': 0.05622672099097715, 'CDR': 0.05504098165229969, 'SPL': 0.05155370000476839, 'CPS': 0.03393927192001823, 'PGE': 0.026848148010787158, 'MBK': 0.02636177235712053, 'OPL': 0.023958504421356025, 'PCO': 0.021860413366323522, 'ACP': 0.019917030035550988, 'JSW': 0.01045548709091198, 'CCC': 0.009958515017775494}"
885,2022-05-24,81571.01197924318,0.0,"{'PKO': 0.15894629204791702, 'PEO': 0.10084930302050937, 'KGH': 0.09315100427565527, 'PKN': 0.0915149171095087, 'PZU': 0.08750523198211324, 'LPP': 0.06993848778497747, 'DNP': 0.06197421891142983, 'ALE': 0.05622672099097715, 'CDR': 0.05504098165229969, 'SPL': 0.05155370000476839, 'CPS': 0.03393927192001823, 'PGE': 0.026848148010787158, 'MBK': 0.02636177235712053, 'OPL': 0.023958504421356025, 'PCO': 0.021860413366323522, 'ACP': 0.019917030035550988, 'JSW': 0.01045548709091198, 'CCC': 0.009958515017775494}"
886,2022-05-25,80766.87017987322,0.0,"{'PKO': 0.15894629204791702, 'PEO': 0.10084930302050937, 'KGH': 0.09315100427565527, 'PKN': 0.0915149171095087, 'PZU': 0.08750523198211324, 'LPP': 0.06993848778497747, 'DNP': 0.06197421891142983, 'ALE': 0.05622672099097715, 'CDR': 0.05504098165229969, 'SPL': 0.05155370000476839, 'CPS': 0.03393927192001823, 'PGE': 0.026848148010787158, 'MBK': 0.02636177235712053, 'OPL': 0.023958504421356025, 'PCO': 0.021860413366323522, 'ACP': 0.019917030035550988, 'JSW': 0.01045548709091198, 'CCC': 0.009958515017775494}"
887,2022-05-26,82239.41161866234,0.0,"{'PKO': 0.15894629204791702, 'PEO': 0.10084930302050937, 'KGH': 0.09315100427565527, 'PKN': 0.0915149171095087, 'PZU': 0.08750523198211324, 'LPP': 0.06993848778497747, 'DNP': 0.06197421891142983, 'ALE': 0.05622672099097715, 'CDR': 0.05504098165229969, 'SPL': 0.05155370000476839, 'CPS': 0.03393927192001823, 'PGE': 0.026848148010787158, 'MBK': 0.02636177235712053, 'OPL': 0.023958504421356025, 'PCO': 0.021860413366323522, 'ACP': 0.019917030035550988, 'JSW': 0.01045548709091198, 'CCC': 0.009958515017775494}"
888,2022-05-27,81660.28870327081,0.0,"{'PKO': 0.15894629204791702, 'PEO': 0.10084930302050937, 'KGH': 0.09315100427565527, 'PKN': 0.0915149171095087, 'PZU': 0.08750523198211324, 'LPP': 0.06993848778497747, 'DNP': 0.06197421891142983, 'ALE': 0.05622672099097715, 'CDR': 0.05504098165229969, 'SPL': 0.05155370000476839, 'CPS': 0.03393927192001823, 'PGE': 0.026848148010787158, 'MBK': 0.02636177235712053, 'OPL': 0.023958504421356025, 'PCO': 0.021860413366323522, 'ACP': 0.019917030035550988, 'JSW': 0.01045548709091198, 'CCC': 0.009958515017775494}"
889,2022-05-30,83957.69226700254,0.0,"{'PKO': 0.15894629204791702, 'PEO': 0.10084930302050937, 'KGH': 0.09315100427565527, 'PKN': 0.0915149171095087, 'PZU': 0.08750523198211324, 'LPP': 0.06993848778497747, 'DNP': 0.06197421891142983, 'ALE': 0.05622672099097715, 'CDR': 0.05504098165229969, 'SPL': 0.05155370000476839, 'CPS': 0.03393927192001823, 'PGE': 0.026848148010787158, 'MBK': 0.02636177235712053, 'OPL': 0.023958504421356025, 'PCO': 0.021860413366323522, 'ACP': 0.019917030035550988, 'JSW': 0.01045548709091198, 'CCC': 0.009958515017775494}"
890,2022-05-31,83345.55277774442,0.0,"{'PKO': 0.15894629204791702, 'PEO': 0.10084930302050937, 'KGH': 0.09315100427565527, 'PKN': 0.0915149171095087, 'PZU': 0.08750523198211324, 'LPP': 0.06993848778497747, 'DNP': 0.06197421891142983, 'ALE': 0.05622672099097715, 'CDR': 0.05504098165229969, 'SPL': 0.05155370000476839, 'CPS': 0.03393927192001823, 'PGE': 0.026848148010787158, 'MBK': 0.02636177235712053, 'OPL': 0.023958504421356025, 'PCO': 0.021860413366323522, 'ACP': 0.019917030035550988, 'JSW': 0.01045548709091198, 'CCC': 0.009958515017775494}"
891,2022-06-01,82442.1675521147,0.0,"{'PKO': 0.15894629204791702, 'PEO': 0.10084930302050937, 'KGH': 0.09315100427565527, 'PKN': 0.0915149171095087, 'PZU': 0.08750523198211324, 'LPP': 0.06993848778497747, 'DNP': 0.06197421891142983, 'ALE': 0.05622672099097715, 'CDR': 0.05504098165229969, 'SPL': 0.05155370000476839, 'CPS': 0.03393927192001823, 'PGE': 0.026848148010787158, 'MBK': 0.02636177235712053, 'OPL': 0.023958504421356025, 'PCO': 0.021860413366323522, 'ACP': 0.019917030035550988, 'JSW': 0.01045548709091198, 'CCC': 0.009958515017775494}"
892,2022-06-02,82929.30756073317,0.0,"{'PKO': 0.15894629204791702, 'PEO': 0.10084930302050937, 'KGH': 0.09315100427565527, 'PKN': 0.0915149171095087, 'PZU': 0.08750523198211324, 'LPP': 0.06993848778497747, 'DNP': 0.06197421891142983, 'ALE': 0.05622672099097715, 'CDR': 0.05504098165229969, 'SPL': 0.05155370000476839, 'CPS': 0.03393927192001823, 'PGE': 0.026848148010787158, 'MBK': 0.02636177235712053, 'OPL': 0.023958504421356025, 'PCO': 0.021860413366323522, 'ACP': 0.019917030035550988, 'JSW': 0.01045548709091198, 'CCC': 0.009958515017775494}"
893,2022-06-03,81768.88865492232,-2.9103830456733704e-11,"{'PKO': 0.15894629204791702, 'PEO': 0.10084930302050937, 'KGH': 0.09315100427565527, 'PKN': 0.0915149171095087, 'PZU': 0.08750523198211324, 'LPP': 0.06993848778497747, 'DNP': 0.06197421891142983, 'ALE': 0.05622672099097715, 'CDR': 0.05504098165229969, 'SPL': 0.05155370000476839, 'CPS': 0.03393927192001823, 'PGE': 0.026848148010787158, 'MBK': 0.02636177235712053, 'OPL': 0.023958504421356025, 'PCO': 0.021860413366323522, 'ACP': 0.019917030035550988, 'JSW': 0.01045548709091198, 'CCC': 0.009958515017775494}"
894,2022-06-06,83373.9561679226,-2.9103830456733704e-11,"{'PKO': 0.15894629204791702, 'PEO': 0.10084930302050937, 'KGH': 0.09315100427565527, 'PKN': 0.0915149171095087, 'PZU': 0.08750523198211324, 'LPP': 0.06993848778497747, 'DNP': 0.06197421891142983, 'ALE': 0.05622672099097715, 'CDR': 0.05504098165229969, 'SPL': 0.05155370000476839, 'CPS': 0.03393927192001823, 'PGE': 0.026848148010787158, 'MBK': 0.02636177235712053, 'OPL': 0.023958504421356025, 'PCO': 0.021860413366323522, 'ACP': 0.019917030035550988, 'JSW': 0.01045548709091198, 'CCC': 0.009958515017775494}"
895,2022-06-07,82187.53344077118,-1.4551915228366852e-11,"{'PKO': 0.15894629204791702, 'PEO': 0.10084930302050937, 'KGH': 0.09315100427565527, 'PKN': 0.0915149171095087, 'PZU': 0.08750523198211324, 'LPP': 0.06993848778497747, 'DNP': 0.06197421891142983, 'ALE': 0.05622672099097715, 'CDR': 0.05504098165229969, 'SPL': 0.05155370000476839, 'CPS': 0.03393927192001823, 'PGE': 0.026848148010787158, 'MBK': 0.02636177235712053, 'OPL': 0.023958504421356025, 'PCO': 0.021860413366323522, 'ACP': 0.019917030035550988, 'JSW': 0.01045548709091198, 'CCC': 0.009958515017775494}"
896,2022-06-08,80406.13939337517,0.0,"{'PKO': 0.15894629204791702, 'PEO': 0.10084930302050937, 'KGH': 0.09315100427565527, 'PKN': 0.0915149171095087, 'PZU': 0.08750523198211324, 'LPP': 0.06993848778497747, 'DNP': 0.06197421891142983, 'ALE': 0.05622672099097715, 'CDR': 0.05504098165229969, 'SPL': 0.05155370000476839, 'CPS': 0.03393927192001823, 'PGE': 0.026848148010787158, 'MBK': 0.02636177235712053, 'OPL': 0.023958504421356025, 'PCO': 0.021860413366323522, 'ACP': 0.019917030035550988, 'JSW': 0.01045548709091198, 'CCC': 0.009958515017775494}"
897,2022-06-09,79052.14568896481,1.4551915228366852e-11,"{'PKO': 0.15894629204791702, 'PEO': 0.10084930302050937, 'KGH': 0.09315100427565527, 'PKN': 0.0915149171095087, 'PZU': 0.08750523198211324, 'LPP': 0.06993848778497747, 'DNP': 0.06197421891142983, 'ALE': 0.05622672099097715, 'CDR': 0.05504098165229969, 'SPL': 0.05155370000476839, 'CPS': 0.03393927192001823, 'PGE': 0.026848148010787158, 'MBK': 0.02636177235712053, 'OPL': 0.023958504421356025, 'PCO': 0.021860413366323522, 'ACP': 0.019917030035550988, 'JSW': 0.01045548709091198, 'CCC': 0.009958515017775494}"
898,2022-06-10,77041.09512998101,-2.9103830456733704e-11,"{'PKO': 0.15894629204791702, 'PEO': 0.10084930302050937, 'KGH': 0.09315100427565527, 'PKN': 0.0915149171095087, 'PZU': 0.08750523198211324, 'LPP': 0.06993848778497747, 'DNP': 0.06197421891142983, 'ALE': 0.05622672099097715, 'CDR': 0.05504098165229969, 'SPL': 0.05155370000476839, 'CPS': 0.03393927192001823, 'PGE': 0.026848148010787158, 'MBK': 0.02636177235712053, 'OPL': 0.023958504421356025, 'PCO': 0.021860413366323522, 'ACP': 0.019917030035550988, 'JSW': 0.01045548709091198, 'CCC': 0.009958515017775494}"
899,2022-06-13,74697.63155552665,-1.4551915228366852e-11,"{'PKO': 0.15894629204791702, 'PEO': 0.10084930302050937, 'KGH': 0.09315100427565527, 'PKN': 0.0915149171095087, 'PZU': 0.08750523198211324, 'LPP': 0.06993848778497747, 'DNP': 0.06197421891142983, 'ALE': 0.05622672099097715, 'CDR': 0.05504098165229969, 'SPL': 0.05155370000476839, 'CPS': 0.03393927192001823, 'PGE': 0.026848148010787158, 'MBK': 0.02636177235712053, 'OPL': 0.023958504421356025, 'PCO': 0.021860413366323522, 'ACP': 0.019917030035550988, 'JSW': 0.01045548709091198, 'CCC': 0.009958515017775494}"
900,2022-06-14,75759.96289062222,-1.4551915228366852e-11,"{'PKO': 0.15894629204791702, 'PEO': 0.10084930302050937, 'KGH': 0.09315100427565527, 'PKN': 0.0915149171095087, 'PZU': 0.08750523198211324, 'LPP': 0.06993848778497747, 'DNP': 0.06197421891142983, 'ALE': 0.05622672099097715, 'CDR': 0.05504098165229969, 'SPL': 0.05155370000476839, 'CPS': 0.03393927192001823, 'PGE': 0.026848148010787158, 'MBK': 0.02636177235712053, 'OPL': 0.023958504421356025, 'PCO': 0.021860413366323522, 'ACP': 0.019917030035550988, 'JSW': 0.01045548709091198, 'CCC': 0.009958515017775494}"
901,2022-06-15,75977.49333374438,0.0,"{'PKO': 0.15894629204791702, 'PEO': 0.10084930302050937, 'KGH': 0.09315100427565527, 'PKN': 0.0915149171095087, 'PZU': 0.08750523198211324, 'LPP': 0.06993848778497747, 'DNP': 0.06197421891142983, 'ALE': 0.05622672099097715, 'CDR': 0.05504098165229969, 'SPL': 0.05155370000476839, 'CPS': 0.03393927192001823, 'PGE': 0.026848148010787158, 'MBK': 0.02636177235712053, 'OPL': 0.023958504421356025, 'PCO': 0.021860413366323522, 'ACP': 0.019917030035550988, 'JSW': 0.01045548709091198, 'CCC': 0.009958515017775494}"
902,2022-06-16,75977.49333374438,0.0,"{'PKO': 0.15894629204791702, 'PEO': 0.10084930302050937, 'KGH': 0.09315100427565527, 'PKN': 0.0915149171095087, 'PZU': 0.08750523198211324, 'LPP': 0.06993848778497747, 'DNP': 0.06197421891142983, 'ALE': 0.05622672099097715, 'CDR': 0.05504098165229969, 'SPL': 0.05155370000476839, 'CPS': 0.03393927192001823, 'PGE': 0.026848148010787158, 'MBK': 0.02636177235712053, 'OPL': 0.023958504421356025, 'PCO': 0.021860413366323522, 'ACP': 0.019917030035550988, 'JSW': 0.01045548709091198, 'CCC': 0.009958515017775494}"
903,2022-06-17,74728.46760119348,0.0,"{'PKO': 0.14095609701081416, 'PKN': 0.10974120617183807, 'KGH': 0.09872316521422282, 'PZU': 0.09340826179559365, 'PEO': 0.08703710130090964, 'DNP': 0.07807409849434566, 'LPP': 0.057762296610867944, 'ALE': 0.05523443701714737, 'CDR': 0.04526506196563586, 'SPL': 0.04465559946384651, 'PGE': 0.04176227925962235, 'CPS': 0.029802933228069112, 'PCO': 0.02632075512620862, 'ACP': 0.023403576959280966, 'OPL': 0.02105573653868677, 'JSW': 0.018997445029085024, 'MBK': 0.01845955641540617, 'CCC': 0.0093403923984193}"
904,2022-06-20,75108.01297800567,0.0,"{'PKO': 0.14095609701081416, 'PKN': 0.10974120617183807, 'KGH': 0.09872316521422282, 'PZU': 0.09340826179559365, 'PEO': 0.08703710130090964, 'DNP': 0.07807409849434566, 'LPP': 0.057762296610867944, 'ALE': 0.05523443701714737, 'CDR': 0.04526506196563586, 'SPL': 0.04465559946384651, 'PGE': 0.04176227925962235, 'CPS': 0.029802933228069112, 'PCO': 0.02632075512620862, 'ACP': 0.023403576959280966, 'OPL': 0.02105573653868677, 'JSW': 0.018997445029085024, 'MBK': 0.01845955641540617, 'CCC': 0.0093403923984193}"
905,2022-06-21,76848.12717045408,1.4551915228366852e-11,"{'PKO': 0.14095609701081416, 'PKN': 0.10974120617183807, 'KGH': 0.09872316521422282, 'PZU': 0.09340826179559365, 'PEO': 0.08703710130090964, 'DNP': 0.07807409849434566, 'LPP': 0.057762296610867944, 'ALE': 0.05523443701714737, 'CDR': 0.04526506196563586, 'SPL': 0.04465559946384651, 'PGE': 0.04176227925962235, 'CPS': 0.029802933228069112, 'PCO': 0.02632075512620862, 'ACP': 0.023403576959280966, 'OPL': 0.02105573653868677, 'JSW': 0.018997445029085024, 'MBK': 0.01845955641540617, 'CCC': 0.0093403923984193}"
906,2022-06-22,75246.74950332758,0.0,"{'PKO': 0.14095609701081416, 'PKN': 0.10974120617183807, 'KGH': 0.09872316521422282, 'PZU': 0.09340826179559365, 'PEO': 0.08703710130090964, 'DNP': 0.07807409849434566, 'LPP': 0.057762296610867944, 'ALE': 0.05523443701714737, 'CDR': 0.04526506196563586, 'SPL': 0.04465559946384651, 'PGE': 0.04176227925962235, 'CPS': 0.029802933228069112, 'PCO': 0.02632075512620862, 'ACP': 0.023403576959280966, 'OPL': 0.02105573653868677, 'JSW': 0.018997445029085024, 'MBK': 0.01845955641540617, 'CCC': 0.0093403923984193}"
907,2022-06-23,74226.08492800064,-2.9103830456733704e-11,"{'PKO': 0.14095609701081416, 'PKN': 0.10974120617183807, 'KGH': 0.09872316521422282, 'PZU': 0.09340826179559365, 'PEO': 0.08703710130090964, 'DNP': 0.07807409849434566, 'LPP': 0.057762296610867944, 'ALE': 0.05523443701714737, 'CDR': 0.04526506196563586, 'SPL': 0.04465559946384651, 'PGE': 0.04176227925962235, 'CPS': 0.029802933228069112, 'PCO': 0.02632075512620862, 'ACP': 0.023403576959280966, 'OPL': 0.02105573653868677, 'JSW': 0.018997445029085024, 'MBK': 0.01845955641540617, 'CCC': 0.0093403923984193}"
908,2022-06-24,75617.4516662999,0.0,"{'PKO': 0.14095609701081416, 'PKN': 0.10974120617183807, 'KGH': 0.09872316521422282, 'PZU': 0.09340826179559365, 'PEO': 0.08703710130090964, 'DNP': 0.07807409849434566, 'LPP': 0.057762296610867944, 'ALE': 0.05523443701714737, 'CDR': 0.04526506196563586, 'SPL': 0.04465559946384651, 'PGE': 0.04176227925962235, 'CPS': 0.029802933228069112, 'PCO': 0.02632075512620862, 'ACP': 0.023403576959280966, 'OPL': 0.02105573653868677, 'JSW': 0.018997445029085024, 'MBK': 0.01845955641540617, 'CCC': 0.0093403923984193}"
909,2022-06-27,76892.86228961634,-1.4551915228366852e-11,"{'PKO': 0.14095609701081416, 'PKN': 0.10974120617183807, 'KGH': 0.09872316521422282, 'PZU': 0.09340826179559365, 'PEO': 0.08703710130090964, 'DNP': 0.07807409849434566, 'LPP': 0.057762296610867944, 'ALE': 0.05523443701714737, 'CDR': 0.04526506196563586, 'SPL': 0.04465559946384651, 'PGE': 0.04176227925962235, 'CPS': 0.029802933228069112, 'PCO': 0.02632075512620862, 'ACP': 0.023403576959280966, 'OPL': 0.02105573653868677, 'JSW': 0.018997445029085024, 'MBK': 0.01845955641540617, 'CCC': 0.0093403923984193}"
910,2022-06-28,78031.05919562773,1.4551915228366852e-11,"{'PKO': 0.14095609701081416, 'PKN': 0.10974120617183807, 'KGH': 0.09872316521422282, 'PZU': 0.09340826179559365, 'PEO': 0.08703710130090964, 'DNP': 0.07807409849434566, 'LPP': 0.057762296610867944, 'ALE': 0.05523443701714737, 'CDR': 0.04526506196563586, 'SPL': 0.04465559946384651, 'PGE': 0.04176227925962235, 'CPS': 0.029802933228069112, 'PCO': 0.02632075512620862, 'ACP': 0.023403576959280966, 'OPL': 0.02105573653868677, 'JSW': 0.018997445029085024, 'MBK': 0.01845955641540617, 'CCC': 0.0093403923984193}"
911,2022-06-29,77676.8713872328,-2.9103830456733704e-11,"{'PKO': 0.14095609701081416, 'PKN': 0.10974120617183807, 'KGH': 0.09872316521422282, 'PZU': 0.09340826179559365, 'PEO': 0.08703710130090964, 'DNP': 0.07807409849434566, 'LPP': 0.057762296610867944, 'ALE': 0.05523443701714737, 'CDR': 0.04526506196563586, 'SPL': 0.04465559946384651, 'PGE': 0.04176227925962235, 'CPS': 0.029802933228069112, 'PCO': 0.02632075512620862, 'ACP': 0.023403576959280966, 'OPL': 0.02105573653868677, 'JSW': 0.018997445029085024, 'MBK': 0.01845955641540617, 'CCC': 0.0093403923984193}"
912,2022-06-30,76063.03271718389,-1.4551915228366852e-11,"{'PKO': 0.14095609701081416, 'PKN': 0.10974120617183807, 'KGH': 0.09872316521422282, 'PZU': 0.09340826179559365, 'PEO': 0.08703710130090964, 'DNP': 0.07807409849434566, 'LPP': 0.057762296610867944, 'ALE': 0.05523443701714737, 'CDR': 0.04526506196563586, 'SPL': 0.04465559946384651, 'PGE': 0.04176227925962235, 'CPS': 0.029802933228069112, 'PCO': 0.02632075512620862, 'ACP': 0.023403576959280966, 'OPL': 0.02105573653868677, 'JSW': 0.018997445029085024, 'MBK': 0.01845955641540617, 'CCC': 0.0093403923984193}"
913,2022-07-01,75684.13408409744,0.0,"{'PKO': 0.14095609701081416, 'PKN': 0.10974120617183807, 'KGH': 0.09872316521422282, 'PZU': 0.09340826179559365, 'PEO': 0.08703710130090964, 'DNP': 0.07807409849434566, 'LPP': 0.057762296610867944, 'ALE': 0.05523443701714737, 'CDR': 0.04526506196563586, 'SPL': 0.04465559946384651, 'PGE': 0.04176227925962235, 'CPS': 0.029802933228069112, 'PCO': 0.02632075512620862, 'ACP': 0.023403576959280966, 'OPL': 0.02105573653868677, 'JSW': 0.018997445029085024, 'MBK': 0.01845955641540617, 'CCC': 0.0093403923984193}"
914,2022-07-04,75680.05960547054,1.4551915228366852e-11,"{'PKO': 0.14095609701081416, 'PKN': 0.10974120617183807, 'KGH': 0.09872316521422282, 'PZU': 0.09340826179559365, 'PEO': 0.08703710130090964, 'DNP': 0.07807409849434566, 'LPP': 0.057762296610867944, 'ALE': 0.05523443701714737, 'CDR': 0.04526506196563586, 'SPL': 0.04465559946384651, 'PGE': 0.04176227925962235, 'CPS': 0.029802933228069112, 'PCO': 0.02632075512620862, 'ACP': 0.023403576959280966, 'OPL': 0.02105573653868677, 'JSW': 0.018997445029085024, 'MBK': 0.01845955641540617, 'CCC': 0.0093403923984193}"
915,2022-07-05,73449.60360137282,0.0,"{'PKO': 0.14095609701081416, 'PKN': 0.10974120617183807, 'KGH': 0.09872316521422282, 'PZU': 0.09340826179559365, 'PEO': 0.08703710130090964, 'DNP': 0.07807409849434566, 'LPP': 0.057762296610867944, 'ALE': 0.05523443701714737, 'CDR': 0.04526506196563586, 'SPL': 0.04465559946384651, 'PGE': 0.04176227925962235, 'CPS': 0.029802933228069112, 'PCO': 0.02632075512620862, 'ACP': 0.023403576959280966, 'OPL': 0.02105573653868677, 'JSW': 0.018997445029085024, 'MBK': 0.01845955641540617, 'CCC': 0.0093403923984193}"
916,2022-07-06,74354.76908525443,-1.4551915228366852e-11,"{'PKO': 0.14095609701081416, 'PKN': 0.10974120617183807, 'KGH': 0.09872316521422282, 'PZU': 0.09340826179559365, 'PEO': 0.08703710130090964, 'DNP': 0.07807409849434566, 'LPP': 0.057762296610867944, 'ALE': 0.05523443701714737, 'CDR': 0.04526506196563586, 'SPL': 0.04465559946384651, 'PGE': 0.04176227925962235, 'CPS': 0.029802933228069112, 'PCO': 0.02632075512620862, 'ACP': 0.023403576959280966, 'OPL': 0.02105573653868677, 'JSW': 0.018997445029085024, 'MBK': 0.01845955641540617, 'CCC': 0.0093403923984193}"
917,2022-07-07,76895.04547643012,-1.4551915228366852e-11,"{'PKO': 0.14095609701081416, 'PKN': 0.10974120617183807, 'KGH': 0.09872316521422282, 'PZU': 0.09340826179559365, 'PEO': 0.08703710130090964, 'DNP': 0.07807409849434566, 'LPP': 0.057762296610867944, 'ALE': 0.05523443701714737, 'CDR': 0.04526506196563586, 'SPL': 0.04465559946384651, 'PGE': 0.04176227925962235, 'CPS': 0.029802933228069112, 'PCO': 0.02632075512620862, 'ACP': 0.023403576959280966, 'OPL': 0.02105573653868677, 'JSW': 0.018997445029085024, 'MBK': 0.01845955641540617, 'CCC': 0.0093403923984193}"
918,2022-07-08,78270.33984455599,1.4551915228366852e-11,"{'PKO': 0.14095609701081416, 'PKN': 0.10974120617183807, 'KGH': 0.09872316521422282, 'PZU': 0.09340826179559365, 'PEO': 0.08703710130090964, 'DNP': 0.07807409849434566, 'LPP': 0.057762296610867944, 'ALE': 0.05523443701714737, 'CDR': 0.04526506196563586, 'SPL': 0.04465559946384651, 'PGE': 0.04176227925962235, 'CPS': 0.029802933228069112, 'PCO': 0.02632075512620862, 'ACP': 0.023403576959280966, 'OPL': 0.02105573653868677, 'JSW': 0.018997445029085024, 'MBK': 0.01845955641540617, 'CCC': 0.0093403923984193}"
919,2022-07-11,77212.4194103348,1.4551915228366852e-11,"{'PKO': 0.14095609701081416, 'PKN': 0.10974120617183807, 'KGH': 0.09872316521422282, 'PZU': 0.09340826179559365, 'PEO': 0.08703710130090964, 'DNP': 0.07807409849434566, 'LPP': 0.057762296610867944, 'ALE': 0.05523443701714737, 'CDR': 0.04526506196563586, 'SPL': 0.04465559946384651, 'PGE': 0.04176227925962235, 'CPS': 0.029802933228069112, 'PCO': 0.02632075512620862, 'ACP': 0.023403576959280966, 'OPL': 0.02105573653868677, 'JSW': 0.018997445029085024, 'MBK': 0.01845955641540617, 'CCC': 0.0093403923984193}"
920,2022-07-12,74986.78079700358,-2.9103830456733704e-11,"{'PKO': 0.14095609701081416, 'PKN': 0.10974120617183807, 'KGH': 0.09872316521422282, 'PZU': 0.09340826179559365, 'PEO': 0.08703710130090964, 'DNP': 0.07807409849434566, 'LPP': 0.057762296610867944, 'ALE': 0.05523443701714737, 'CDR': 0.04526506196563586, 'SPL': 0.04465559946384651, 'PGE': 0.04176227925962235, 'CPS': 0.029802933228069112, 'PCO': 0.02632075512620862, 'ACP': 0.023403576959280966, 'OPL': 0.02105573653868677, 'JSW': 0.018997445029085024, 'MBK': 0.01845955641540617, 'CCC': 0.0093403923984193}"
921,2022-07-13,74403.58679487988,-1.4551915228366852e-11,"{'PKO': 0.14095609701081416, 'PKN': 0.10974120617183807, 'KGH': 0.09872316521422282, 'PZU': 0.09340826179559365, 'PEO': 0.08703710130090964, 'DNP': 0.07807409849434566, 'LPP': 0.057762296610867944, 'ALE': 0.05523443701714737, 'CDR': 0.04526506196563586, 'SPL': 0.04465559946384651, 'PGE': 0.04176227925962235, 'CPS': 0.029802933228069112, 'PCO': 0.02632075512620862, 'ACP': 0.023403576959280966, 'OPL': 0.02105573653868677, 'JSW': 0.018997445029085024, 'MBK': 0.01845955641540617, 'CCC': 0.0093403923984193}"
922,2022-07-14,72544.72518853022,2.9103830456733704e-11,"{'PKO': 0.14095609701081416, 'PKN': 0.10974120617183807, 'KGH': 0.09872316521422282, 'PZU': 0.09340826179559365, 'PEO': 0.08703710130090964, 'DNP': 0.07807409849434566, 'LPP': 0.057762296610867944, 'ALE': 0.05523443701714737, 'CDR': 0.04526506196563586, 'SPL': 0.04465559946384651, 'PGE': 0.04176227925962235, 'CPS': 0.029802933228069112, 'PCO': 0.02632075512620862, 'ACP': 0.023403576959280966, 'OPL': 0.02105573653868677, 'JSW': 0.018997445029085024, 'MBK': 0.01845955641540617, 'CCC': 0.0093403923984193}"
923,2022-07-15,72821.63974787183,0.0,"{'PKO': 0.14095609701081416, 'PKN': 0.10974120617183807, 'KGH': 0.09872316521422282, 'PZU': 0.09340826179559365, 'PEO': 0.08703710130090964, 'DNP': 0.07807409849434566, 'LPP': 0.057762296610867944, 'ALE': 0.05523443701714737, 'CDR': 0.04526506196563586, 'SPL': 0.04465559946384651, 'PGE': 0.04176227925962235, 'CPS': 0.029802933228069112, 'PCO': 0.02632075512620862, 'ACP': 0.023403576959280966, 'OPL': 0.02105573653868677, 'JSW': 0.018997445029085024, 'MBK': 0.01845955641540617, 'CCC': 0.0093403923984193}"
924,2022-07-18,75001.55732124338,0.0,"{'PKO': 0.14095609701081416, 'PKN': 0.10974120617183807, 'KGH': 0.09872316521422282, 'PZU': 0.09340826179559365, 'PEO': 0.08703710130090964, 'DNP': 0.07807409849434566, 'LPP': 0.057762296610867944, 'ALE': 0.05523443701714737, 'CDR': 0.04526506196563586, 'SPL': 0.04465559946384651, 'PGE': 0.04176227925962235, 'CPS': 0.029802933228069112, 'PCO': 0.02632075512620862, 'ACP': 0.023403576959280966, 'OPL': 0.02105573653868677, 'JSW': 0.018997445029085024, 'MBK': 0.01845955641540617, 'CCC': 0.0093403923984193}"
925,2022-07-19,75429.9776683528,0.0,"{'PKO': 0.14095609701081416, 'PKN': 0.10974120617183807, 'KGH': 0.09872316521422282, 'PZU': 0.09340826179559365, 'PEO': 0.08703710130090964, 'DNP': 0.07807409849434566, 'LPP': 0.057762296610867944, 'ALE': 0.05523443701714737, 'CDR': 0.04526506196563586, 'SPL': 0.04465559946384651, 'PGE': 0.04176227925962235, 'CPS': 0.029802933228069112, 'PCO': 0.02632075512620862, 'ACP': 0.023403576959280966, 'OPL': 0.02105573653868677, 'JSW': 0.018997445029085024, 'MBK': 0.01845955641540617, 'CCC': 0.0093403923984193}"
926,2022-07-20,76165.56158033678,-2.9103830456733704e-11,"{'PKO': 0.14095609701081416, 'PKN': 0.10974120617183807, 'KGH': 0.09872316521422282, 'PZU': 0.09340826179559365, 'PEO': 0.08703710130090964, 'DNP': 0.07807409849434566, 'LPP': 0.057762296610867944, 'ALE': 0.05523443701714737, 'CDR': 0.04526506196563586, 'SPL': 0.04465559946384651, 'PGE': 0.04176227925962235, 'CPS': 0.029802933228069112, 'PCO': 0.02632075512620862, 'ACP': 0.023403576959280966, 'OPL': 0.02105573653868677, 'JSW': 0.018997445029085024, 'MBK': 0.01845955641540617, 'CCC': 0.0093403923984193}"
927,2022-07-21,75653.56383156491,-2.9103830456733704e-11,"{'PKO': 0.14095609701081416, 'PKN': 0.10974120617183807, 'KGH': 0.09872316521422282, 'PZU': 0.09340826179559365, 'PEO': 0.08703710130090964, 'DNP': 0.07807409849434566, 'LPP': 0.057762296610867944, 'ALE': 0.05523443701714737, 'CDR': 0.04526506196563586, 'SPL': 0.04465559946384651, 'PGE': 0.04176227925962235, 'CPS': 0.029802933228069112, 'PCO': 0.02632075512620862, 'ACP': 0.023403576959280966, 'OPL': 0.02105573653868677, 'JSW': 0.018997445029085024, 'MBK': 0.01845955641540617, 'CCC': 0.0093403923984193}"
928,2022-07-22,76383.4064682182,0.0,"{'PKO': 0.14095609701081416, 'PKN': 0.10974120617183807, 'KGH': 0.09872316521422282, 'PZU': 0.09340826179559365, 'PEO': 0.08703710130090964, 'DNP': 0.07807409849434566, 'LPP': 0.057762296610867944, 'ALE': 0.05523443701714737, 'CDR': 0.04526506196563586, 'SPL': 0.04465559946384651, 'PGE': 0.04176227925962235, 'CPS': 0.029802933228069112, 'PCO': 0.02632075512620862, 'ACP': 0.023403576959280966, 'OPL': 0.02105573653868677, 'JSW': 0.018997445029085024, 'MBK': 0.01845955641540617, 'CCC': 0.0093403923984193}"
929,2022-07-25,75552.51900848594,1.4551915228366852e-11,"{'PKO': 0.14095609701081416, 'PKN': 0.10974120617183807, 'KGH': 0.09872316521422282, 'PZU': 0.09340826179559365, 'PEO': 0.08703710130090964, 'DNP': 0.07807409849434566, 'LPP': 0.057762296610867944, 'ALE': 0.05523443701714737, 'CDR': 0.04526506196563586, 'SPL': 0.04465559946384651, 'PGE': 0.04176227925962235, 'CPS': 0.029802933228069112, 'PCO': 0.02632075512620862, 'ACP': 0.023403576959280966, 'OPL': 0.02105573653868677, 'JSW': 0.018997445029085024, 'MBK': 0.01845955641540617, 'CCC': 0.0093403923984193}"
930,2022-07-26,74360.72385532934,0.0,"{'PKO': 0.14095609701081416, 'PKN': 0.10974120617183807, 'KGH': 0.09872316521422282, 'PZU': 0.09340826179559365, 'PEO': 0.08703710130090964, 'DNP': 0.07807409849434566, 'LPP': 0.057762296610867944, 'ALE': 0.05523443701714737, 'CDR': 0.04526506196563586, 'SPL': 0.04465559946384651, 'PGE': 0.04176227925962235, 'CPS': 0.029802933228069112, 'PCO': 0.02632075512620862, 'ACP': 0.023403576959280966, 'OPL': 0.02105573653868677, 'JSW': 0.018997445029085024, 'MBK': 0.01845955641540617, 'CCC': 0.0093403923984193}"
931,2022-07-27,74108.5654758304,-1.4551915228366852e-11,"{'PKO': 0.14095609701081416, 'PKN': 0.10974120617183807, 'KGH': 0.09872316521422282, 'PZU': 0.09340826179559365, 'PEO': 0.08703710130090964, 'DNP': 0.07807409849434566, 'LPP': 0.057762296610867944, 'ALE': 0.05523443701714737, 'CDR': 0.04526506196563586, 'SPL': 0.04465559946384651, 'PGE': 0.04176227925962235, 'CPS': 0.029802933228069112, 'PCO': 0.02632075512620862, 'ACP': 0.023403576959280966, 'OPL': 0.02105573653868677, 'JSW': 0.018997445029085024, 'MBK': 0.01845955641540617, 'CCC': 0.0093403923984193}"
932,2022-07-28,75039.75505432184,0.0,"{'PKO': 0.14095609701081416, 'PKN': 0.10974120617183807, 'KGH': 0.09872316521422282, 'PZU': 0.09340826179559365, 'PEO': 0.08703710130090964, 'DNP': 0.07807409849434566, 'LPP': 0.057762296610867944, 'ALE': 0.05523443701714737, 'CDR': 0.04526506196563586, 'SPL': 0.04465559946384651, 'PGE': 0.04176227925962235, 'CPS': 0.029802933228069112, 'PCO': 0.02632075512620862, 'ACP': 0.023403576959280966, 'OPL': 0.02105573653868677, 'JSW': 0.018997445029085024, 'MBK': 0.01845955641540617, 'CCC': 0.0093403923984193}"
933,2022-07-29,77135.87006653433,1.4551915228366852e-11,"{'PKO': 0.14095609701081416, 'PKN': 0.10974120617183807, 'KGH': 0.09872316521422282, 'PZU': 0.09340826179559365, 'PEO': 0.08703710130090964, 'DNP': 0.07807409849434566, 'LPP': 0.057762296610867944, 'ALE': 0.05523443701714737, 'CDR': 0.04526506196563586, 'SPL': 0.04465559946384651, 'PGE': 0.04176227925962235, 'CPS': 0.029802933228069112, 'PCO': 0.02632075512620862, 'ACP': 0.023403576959280966, 'OPL': 0.02105573653868677, 'JSW': 0.018997445029085024, 'MBK': 0.01845955641540617, 'CCC': 0.0093403923984193}"
934,2022-08-01,77920.28600844486,1.4551915228366852e-11,"{'PKO': 0.14095609701081416, 'PKN': 0.10974120617183807, 'KGH': 0.09872316521422282, 'PZU': 0.09340826179559365, 'PEO': 0.08703710130090964, 'DNP': 0.07807409849434566, 'LPP': 0.057762296610867944, 'ALE': 0.05523443701714737, 'CDR': 0.04526506196563586, 'SPL': 0.04465559946384651, 'PGE': 0.04176227925962235, 'CPS': 0.029802933228069112, 'PCO': 0.02632075512620862, 'ACP': 0.023403576959280966, 'OPL': 0.02105573653868677, 'JSW': 0.018997445029085024, 'MBK': 0.01845955641540617, 'CCC': 0.0093403923984193}"
935,2022-08-02,76731.90066989603,1.4551915228366852e-11,"{'PKO': 0.14095609701081416, 'PKN': 0.10974120617183807, 'KGH': 0.09872316521422282, 'PZU': 0.09340826179559365, 'PEO': 0.08703710130090964, 'DNP': 0.07807409849434566, 'LPP': 0.057762296610867944, 'ALE': 0.05523443701714737, 'CDR': 0.04526506196563586, 'SPL': 0.04465559946384651, 'PGE': 0.04176227925962235, 'CPS': 0.029802933228069112, 'PCO': 0.02632075512620862, 'ACP': 0.023403576959280966, 'OPL': 0.02105573653868677, 'JSW': 0.018997445029085024, 'MBK': 0.01845955641540617, 'CCC': 0.0093403923984193}"
936,2022-08-03,76273.28335323604,-2.9103830456733704e-11,"{'PKO': 0.14095609701081416, 'PKN': 0.10974120617183807, 'KGH': 0.09872316521422282, 'PZU': 0.09340826179559365, 'PEO': 0.08703710130090964, 'DNP': 0.07807409849434566, 'LPP': 0.057762296610867944, 'ALE': 0.05523443701714737, 'CDR': 0.04526506196563586, 'SPL': 0.04465559946384651, 'PGE': 0.04176227925962235, 'CPS': 0.029802933228069112, 'PCO': 0.02632075512620862, 'ACP': 0.023403576959280966, 'OPL': 0.02105573653868677, 'JSW': 0.018997445029085024, 'MBK': 0.01845955641540617, 'CCC': 0.0093403923984193}"
937,2022-08-04,75605.85715785463,1.4551915228366852e-11,"{'PKO': 0.14095609701081416, 'PKN': 0.10974120617183807, 'KGH': 0.09872316521422282, 'PZU': 0.09340826179559365, 'PEO': 0.08703710130090964, 'DNP': 0.07807409849434566, 'LPP': 0.057762296610867944, 'ALE': 0.05523443701714737, 'CDR': 0.04526506196563586, 'SPL': 0.04465559946384651, 'PGE': 0.04176227925962235, 'CPS': 0.029802933228069112, 'PCO': 0.02632075512620862, 'ACP': 0.023403576959280966, 'OPL': 0.02105573653868677, 'JSW': 0.018997445029085024, 'MBK': 0.01845955641540617, 'CCC': 0.0093403923984193}"
938,2022-08-05,74798.48227498455,1.4551915228366852e-11,"{'PKO': 0.14095609701081416, 'PKN': 0.10974120617183807, 'KGH': 0.09872316521422282, 'PZU': 0.09340826179559365, 'PEO': 0.08703710130090964, 'DNP': 0.07807409849434566, 'LPP': 0.057762296610867944, 'ALE': 0.05523443701714737, 'CDR': 0.04526506196563586, 'SPL': 0.04465559946384651, 'PGE': 0.04176227925962235, 'CPS': 0.029802933228069112, 'PCO': 0.02632075512620862, 'ACP': 0.023403576959280966, 'OPL': 0.02105573653868677, 'JSW': 0.018997445029085024, 'MBK': 0.01845955641540617, 'CCC': 0.0093403923984193}"
939,2022-08-08,77041.46423258811,2.9103830456733704e-11,"{'PKO': 0.14095609701081416, 'PKN': 0.10974120617183807, 'KGH': 0.09872316521422282, 'PZU': 0.09340826179559365, 'PEO': 0.08703710130090964, 'DNP': 0.07807409849434566, 'LPP': 0.057762296610867944, 'ALE': 0.05523443701714737, 'CDR': 0.04526506196563586, 'SPL': 0.04465559946384651, 'PGE': 0.04176227925962235, 'CPS': 0.029802933228069112, 'PCO': 0.02632075512620862, 'ACP': 0.023403576959280966, 'OPL': 0.02105573653868677, 'JSW': 0.018997445029085024, 'MBK': 0.01845955641540617, 'CCC': 0.0093403923984193}"
940,2022-08-09,76444.92878698399,-2.9103830456733704e-11,"{'PKO': 0.14095609701081416, 'PKN': 0.10974120617183807, 'KGH': 0.09872316521422282, 'PZU': 0.09340826179559365, 'PEO': 0.08703710130090964, 'DNP': 0.07807409849434566, 'LPP': 0.057762296610867944, 'ALE': 0.05523443701714737, 'CDR': 0.04526506196563586, 'SPL': 0.04465559946384651, 'PGE': 0.04176227925962235, 'CPS': 0.029802933228069112, 'PCO': 0.02632075512620862, 'ACP': 0.023403576959280966, 'OPL': 0.02105573653868677, 'JSW': 0.018997445029085024, 'MBK': 0.01845955641540617, 'CCC': 0.0093403923984193}"
941,2022-08-10,76900.56673566606,1.4551915228366852e-11,"{'PKO': 0.14095609701081416, 'PKN': 0.10974120617183807, 'KGH': 0.09872316521422282, 'PZU': 0.09340826179559365, 'PEO': 0.08703710130090964, 'DNP': 0.07807409849434566, 'LPP': 0.057762296610867944, 'ALE': 0.05523443701714737, 'CDR': 0.04526506196563586, 'SPL': 0.04465559946384651, 'PGE': 0.04176227925962235, 'CPS': 0.029802933228069112, 'PCO': 0.02632075512620862, 'ACP': 0.023403576959280966, 'OPL': 0.02105573653868677, 'JSW': 0.018997445029085024, 'MBK': 0.01845955641540617, 'CCC': 0.0093403923984193}"
942,2022-08-11,78315.74774872803,0.0,"{'PKO': 0.14095609701081416, 'PKN': 0.10974120617183807, 'KGH': 0.09872316521422282, 'PZU': 0.09340826179559365, 'PEO': 0.08703710130090964, 'DNP': 0.07807409849434566, 'LPP': 0.057762296610867944, 'ALE': 0.05523443701714737, 'CDR': 0.04526506196563586, 'SPL': 0.04465559946384651, 'PGE': 0.04176227925962235, 'CPS': 0.029802933228069112, 'PCO': 0.02632075512620862, 'ACP': 0.023403576959280966, 'OPL': 0.02105573653868677, 'JSW': 0.018997445029085024, 'MBK': 0.01845955641540617, 'CCC': 0.0093403923984193}"
943,2022-08-12,78720.31219595054,0.0,"{'PKO': 0.14095609701081416, 'PKN': 0.10974120617183807, 'KGH': 0.09872316521422282, 'PZU': 0.09340826179559365, 'PEO': 0.08703710130090964, 'DNP': 0.07807409849434566, 'LPP': 0.057762296610867944, 'ALE': 0.05523443701714737, 'CDR': 0.04526506196563586, 'SPL': 0.04465559946384651, 'PGE': 0.04176227925962235, 'CPS': 0.029802933228069112, 'PCO': 0.02632075512620862, 'ACP': 0.023403576959280966, 'OPL': 0.02105573653868677, 'JSW': 0.018997445029085024, 'MBK': 0.01845955641540617, 'CCC': 0.0093403923984193}"
944,2022-08-15,78720.31219595054,0.0,"{'PKO': 0.14095609701081416, 'PKN': 0.10974120617183807, 'KGH': 0.09872316521422282, 'PZU': 0.09340826179559365, 'PEO': 0.08703710130090964, 'DNP': 0.07807409849434566, 'LPP': 0.057762296610867944, 'ALE': 0.05523443701714737, 'CDR': 0.04526506196563586, 'SPL': 0.04465559946384651, 'PGE': 0.04176227925962235, 'CPS': 0.029802933228069112, 'PCO': 0.02632075512620862, 'ACP': 0.023403576959280966, 'OPL': 0.02105573653868677, 'JSW': 0.018997445029085024, 'MBK': 0.01845955641540617, 'CCC': 0.0093403923984193}"
945,2022-08-16,78737.01010699314,0.0,"{'PKO': 0.14095609701081416, 'PKN': 0.10974120617183807, 'KGH': 0.09872316521422282, 'PZU': 0.09340826179559365, 'PEO': 0.08703710130090964, 'DNP': 0.07807409849434566, 'LPP': 0.057762296610867944, 'ALE': 0.05523443701714737, 'CDR': 0.04526506196563586, 'SPL': 0.04465559946384651, 'PGE': 0.04176227925962235, 'CPS': 0.029802933228069112, 'PCO': 0.02632075512620862, 'ACP': 0.023403576959280966, 'OPL': 0.02105573653868677, 'JSW': 0.018997445029085024, 'MBK': 0.01845955641540617, 'CCC': 0.0093403923984193}"
946,2022-08-17,76298.85430349593,-1.4551915228366852e-11,"{'PKO': 0.14095609701081416, 'PKN': 0.10974120617183807, 'KGH': 0.09872316521422282, 'PZU': 0.09340826179559365, 'PEO': 0.08703710130090964, 'DNP': 0.07807409849434566, 'LPP': 0.057762296610867944, 'ALE': 0.05523443701714737, 'CDR': 0.04526506196563586, 'SPL': 0.04465559946384651, 'PGE': 0.04176227925962235, 'CPS': 0.029802933228069112, 'PCO': 0.02632075512620862, 'ACP': 0.023403576959280966, 'OPL': 0.02105573653868677, 'JSW': 0.018997445029085024, 'MBK': 0.01845955641540617, 'CCC': 0.0093403923984193}"
947,2022-08-18,77174.50146613318,1.4551915228366852e-11,"{'PKO': 0.14095609701081416, 'PKN': 0.10974120617183807, 'KGH': 0.09872316521422282, 'PZU': 0.09340826179559365, 'PEO': 0.08703710130090964, 'DNP': 0.07807409849434566, 'LPP': 0.057762296610867944, 'ALE': 0.05523443701714737, 'CDR': 0.04526506196563586, 'SPL': 0.04465559946384651, 'PGE': 0.04176227925962235, 'CPS': 0.029802933228069112, 'PCO': 0.02632075512620862, 'ACP': 0.023403576959280966, 'OPL': 0.02105573653868677, 'JSW': 0.018997445029085024, 'MBK': 0.01845955641540617, 'CCC': 0.0093403923984193}"
948,2022-08-19,75906.75833820344,0.0,"{'PKO': 0.14095609701081416, 'PKN': 0.10974120617183807, 'KGH': 0.09872316521422282, 'PZU': 0.09340826179559365, 'PEO': 0.08703710130090964, 'DNP': 0.07807409849434566, 'LPP': 0.057762296610867944, 'ALE': 0.05523443701714737, 'CDR': 0.04526506196563586, 'SPL': 0.04465559946384651, 'PGE': 0.04176227925962235, 'CPS': 0.029802933228069112, 'PCO': 0.02632075512620862, 'ACP': 0.023403576959280966, 'OPL': 0.02105573653868677, 'JSW': 0.018997445029085024, 'MBK': 0.01845955641540617, 'CCC': 0.0093403923984193}"
949,2022-08-22,74501.50537780894,1.4551915228366852e-11,"{'PKO': 0.14095609701081416, 'PKN': 0.10974120617183807, 'KGH': 0.09872316521422282, 'PZU': 0.09340826179559365, 'PEO': 0.08703710130090964, 'DNP': 0.07807409849434566, 'LPP': 0.057762296610867944, 'ALE': 0.05523443701714737, 'CDR': 0.04526506196563586, 'SPL': 0.04465559946384651, 'PGE': 0.04176227925962235, 'CPS': 0.029802933228069112, 'PCO': 0.02632075512620862, 'ACP': 0.023403576959280966, 'OPL': 0.02105573653868677, 'JSW': 0.018997445029085024, 'MBK': 0.01845955641540617, 'CCC': 0.0093403923984193}"
950,2022-08-23,75015.64728718072,1.4551915228366852e-11,"{'PKO': 0.14095609701081416, 'PKN': 0.10974120617183807, 'KGH': 0.09872316521422282, 'PZU': 0.09340826179559365, 'PEO': 0.08703710130090964, 'DNP': 0.07807409849434566, 'LPP': 0.057762296610867944, 'ALE': 0.05523443701714737, 'CDR': 0.04526506196563586, 'SPL': 0.04465559946384651, 'PGE': 0.04176227925962235, 'CPS': 0.029802933228069112, 'PCO': 0.02632075512620862, 'ACP': 0.023403576959280966, 'OPL': 0.02105573653868677, 'JSW': 0.018997445029085024, 'MBK': 0.01845955641540617, 'CCC': 0.0093403923984193}"
951,2022-08-24,73371.22111885672,0.0,"{'PKO': 0.14095609701081416, 'PKN': 0.10974120617183807, 'KGH': 0.09872316521422282, 'PZU': 0.09340826179559365, 'PEO': 0.08703710130090964, 'DNP': 0.07807409849434566, 'LPP': 0.057762296610867944, 'ALE': 0.05523443701714737, 'CDR': 0.04526506196563586, 'SPL': 0.04465559946384651, 'PGE': 0.04176227925962235, 'CPS': 0.029802933228069112, 'PCO': 0.02632075512620862, 'ACP': 0.023403576959280966, 'OPL': 0.02105573653868677, 'JSW': 0.018997445029085024, 'MBK': 0.01845955641540617, 'CCC': 0.0093403923984193}"
952,2022-08-25,74178.23426254519,-1.4551915228366852e-11,"{'PKO': 0.14095609701081416, 'PKN': 0.10974120617183807, 'KGH': 0.09872316521422282, 'PZU': 0.09340826179559365, 'PEO': 0.08703710130090964, 'DNP': 0.07807409849434566, 'LPP': 0.057762296610867944, 'ALE': 0.05523443701714737, 'CDR': 0.04526506196563586, 'SPL': 0.04465559946384651, 'PGE': 0.04176227925962235, 'CPS': 0.029802933228069112, 'PCO': 0.02632075512620862, 'ACP': 0.023403576959280966, 'OPL': 0.02105573653868677, 'JSW': 0.018997445029085024, 'MBK': 0.01845955641540617, 'CCC': 0.0093403923984193}"
953,2022-08-26,72868.05515278685,-1.4551915228366852e-11,"{'PKO': 0.14095609701081416, 'PKN': 0.10974120617183807, 'KGH': 0.09872316521422282, 'PZU': 0.09340826179559365, 'PEO': 0.08703710130090964, 'DNP': 0.07807409849434566, 'LPP': 0.057762296610867944, 'ALE': 0.05523443701714737, 'CDR': 0.04526506196563586, 'SPL': 0.04465559946384651, 'PGE': 0.04176227925962235, 'CPS': 0.029802933228069112, 'PCO': 0.02632075512620862, 'ACP': 0.023403576959280966, 'OPL': 0.02105573653868677, 'JSW': 0.018997445029085024, 'MBK': 0.01845955641540617, 'CCC': 0.0093403923984193}"
954,2022-08-29,71228.32933182718,0.0,"{'PKO': 0.14095609701081416, 'PKN': 0.10974120617183807, 'KGH': 0.09872316521422282, 'PZU': 0.09340826179559365, 'PEO': 0.08703710130090964, 'DNP': 0.07807409849434566, 'LPP': 0.057762296610867944, 'ALE': 0.05523443701714737, 'CDR': 0.04526506196563586, 'SPL': 0.04465559946384651, 'PGE': 0.04176227925962235, 'CPS': 0.029802933228069112, 'PCO': 0.02632075512620862, 'ACP': 0.023403576959280966, 'OPL': 0.02105573653868677, 'JSW': 0.018997445029085024, 'MBK': 0.01845955641540617, 'CCC': 0.0093403923984193}"
955,2022-08-30,69700.82720897958,0.0,"{'PKO': 0.14095609701081416, 'PKN': 0.10974120617183807, 'KGH': 0.09872316521422282, 'PZU': 0.09340826179559365, 'PEO': 0.08703710130090964, 'DNP': 0.07807409849434566, 'LPP': 0.057762296610867944, 'ALE': 0.05523443701714737, 'CDR': 0.04526506196563586, 'SPL': 0.04465559946384651, 'PGE': 0.04176227925962235, 'CPS': 0.029802933228069112, 'PCO': 0.02632075512620862, 'ACP': 0.023403576959280966, 'OPL': 0.02105573653868677, 'JSW': 0.018997445029085024, 'MBK': 0.01845955641540617, 'CCC': 0.0093403923984193}"
956,2022-08-31,69397.56860599286,0.0,"{'PKO': 0.14095609701081416, 'PKN': 0.10974120617183807, 'KGH': 0.09872316521422282, 'PZU': 0.09340826179559365, 'PEO': 0.08703710130090964, 'DNP': 0.07807409849434566, 'LPP': 0.057762296610867944, 'ALE': 0.05523443701714737, 'CDR': 0.04526506196563586, 'SPL': 0.04465559946384651, 'PGE': 0.04176227925962235, 'CPS': 0.029802933228069112, 'PCO': 0.02632075512620862, 'ACP': 0.023403576959280966, 'OPL': 0.02105573653868677, 'JSW': 0.018997445029085024, 'MBK': 0.01845955641540617, 'CCC': 0.0093403923984193}"
957,2022-09-01,66423.17859113068,0.0,"{'PKO': 0.14095609701081416, 'PKN': 0.10974120617183807, 'KGH': 0.09872316521422282, 'PZU': 0.09340826179559365, 'PEO': 0.08703710130090964, 'DNP': 0.07807409849434566, 'LPP': 0.057762296610867944, 'ALE': 0.05523443701714737, 'CDR': 0.04526506196563586, 'SPL': 0.04465559946384651, 'PGE': 0.04176227925962235, 'CPS': 0.029802933228069112, 'PCO': 0.02632075512620862, 'ACP': 0.023403576959280966, 'OPL': 0.02105573653868677, 'JSW': 0.018997445029085024, 'MBK': 0.01845955641540617, 'CCC': 0.0093403923984193}"
958,2022-09-02,68369.72161025839,1.4551915228366852e-11,"{'PKO': 0.14095609701081416, 'PKN': 0.10974120617183807, 'KGH': 0.09872316521422282, 'PZU': 0.09340826179559365, 'PEO': 0.08703710130090964, 'DNP': 0.07807409849434566, 'LPP': 0.057762296610867944, 'ALE': 0.05523443701714737, 'CDR': 0.04526506196563586, 'SPL': 0.04465559946384651, 'PGE': 0.04176227925962235, 'CPS': 0.029802933228069112, 'PCO': 0.02632075512620862, 'ACP': 0.023403576959280966, 'OPL': 0.02105573653868677, 'JSW': 0.018997445029085024, 'MBK': 0.01845955641540617, 'CCC': 0.0093403923984193}"
959,2022-09-05,67740.8600494516,0.0,"{'PKO': 0.14095609701081416, 'PKN': 0.10974120617183807, 'KGH': 0.09872316521422282, 'PZU': 0.09340826179559365, 'PEO': 0.08703710130090964, 'DNP': 0.07807409849434566, 'LPP': 0.057762296610867944, 'ALE': 0.05523443701714737, 'CDR': 0.04526506196563586, 'SPL': 0.04465559946384651, 'PGE': 0.04176227925962235, 'CPS': 0.029802933228069112, 'PCO': 0.02632075512620862, 'ACP': 0.023403576959280966, 'OPL': 0.02105573653868677, 'JSW': 0.018997445029085024, 'MBK': 0.01845955641540617, 'CCC': 0.0093403923984193}"
960,2022-09-06,66123.91832463148,0.0,"{'PKO': 0.14095609701081416, 'PKN': 0.10974120617183807, 'KGH': 0.09872316521422282, 'PZU': 0.09340826179559365, 'PEO': 0.08703710130090964, 'DNP': 0.07807409849434566, 'LPP': 0.057762296610867944, 'ALE': 0.05523443701714737, 'CDR': 0.04526506196563586, 'SPL': 0.04465559946384651, 'PGE': 0.04176227925962235, 'CPS': 0.029802933228069112, 'PCO': 0.02632075512620862, 'ACP': 0.023403576959280966, 'OPL': 0.02105573653868677, 'JSW': 0.018997445029085024, 'MBK': 0.01845955641540617, 'CCC': 0.0093403923984193}"
961,2022-09-07,66797.70131123337,1.4551915228366852e-11,"{'PKO': 0.14095609701081416, 'PKN': 0.10974120617183807, 'KGH': 0.09872316521422282, 'PZU': 0.09340826179559365, 'PEO': 0.08703710130090964, 'DNP': 0.07807409849434566, 'LPP': 0.057762296610867944, 'ALE': 0.05523443701714737, 'CDR': 0.04526506196563586, 'SPL': 0.04465559946384651, 'PGE': 0.04176227925962235, 'CPS': 0.029802933228069112, 'PCO': 0.02632075512620862, 'ACP': 0.023403576959280966, 'OPL': 0.02105573653868677, 'JSW': 0.018997445029085024, 'MBK': 0.01845955641540617, 'CCC': 0.0093403923984193}"
962,2022-09-08,67412.23393673543,-1.4551915228366852e-11,"{'PKO': 0.14095609701081416, 'PKN': 0.10974120617183807, 'KGH': 0.09872316521422282, 'PZU': 0.09340826179559365, 'PEO': 0.08703710130090964, 'DNP': 0.07807409849434566, 'LPP': 0.057762296610867944, 'ALE': 0.05523443701714737, 'CDR': 0.04526506196563586, 'SPL': 0.04465559946384651, 'PGE': 0.04176227925962235, 'CPS': 0.029802933228069112, 'PCO': 0.02632075512620862, 'ACP': 0.023403576959280966, 'OPL': 0.02105573653868677, 'JSW': 0.018997445029085024, 'MBK': 0.01845955641540617, 'CCC': 0.0093403923984193}"
963,2022-09-09,70473.8871773146,1.4551915228366852e-11,"{'PKO': 0.14095609701081416, 'PKN': 0.10974120617183807, 'KGH': 0.09872316521422282, 'PZU': 0.09340826179559365, 'PEO': 0.08703710130090964, 'DNP': 0.07807409849434566, 'LPP': 0.057762296610867944, 'ALE': 0.05523443701714737, 'CDR': 0.04526506196563586, 'SPL': 0.04465559946384651, 'PGE': 0.04176227925962235, 'CPS': 0.029802933228069112, 'PCO': 0.02632075512620862, 'ACP': 0.023403576959280966, 'OPL': 0.02105573653868677, 'JSW': 0.018997445029085024, 'MBK': 0.01845955641540617, 'CCC': 0.0093403923984193}"
964,2022-09-12,71748.98319596314,0.0,"{'PKO': 0.14095609701081416, 'PKN': 0.10974120617183807, 'KGH': 0.09872316521422282, 'PZU': 0.09340826179559365, 'PEO': 0.08703710130090964, 'DNP': 0.07807409849434566, 'LPP': 0.057762296610867944, 'ALE': 0.05523443701714737, 'CDR': 0.04526506196563586, 'SPL': 0.04465559946384651, 'PGE': 0.04176227925962235, 'CPS': 0.029802933228069112, 'PCO': 0.02632075512620862, 'ACP': 0.023403576959280966, 'OPL': 0.02105573653868677, 'JSW': 0.018997445029085024, 'MBK': 0.01845955641540617, 'CCC': 0.0093403923984193}"
965,2022-09-13,69797.42470739807,-1.4551915228366852e-11,"{'PKO': 0.14095609701081416, 'PKN': 0.10974120617183807, 'KGH': 0.09872316521422282, 'PZU': 0.09340826179559365, 'PEO': 0.08703710130090964, 'DNP': 0.07807409849434566, 'LPP': 0.057762296610867944, 'ALE': 0.05523443701714737, 'CDR': 0.04526506196563586, 'SPL': 0.04465559946384651, 'PGE': 0.04176227925962235, 'CPS': 0.029802933228069112, 'PCO': 0.02632075512620862, 'ACP': 0.023403576959280966, 'OPL': 0.02105573653868677, 'JSW': 0.018997445029085024, 'MBK': 0.01845955641540617, 'CCC': 0.0093403923984193}"
966,2022-09-14,70143.7386780467,0.0,"{'PKO': 0.14095609701081416, 'PKN': 0.10974120617183807, 'KGH': 0.09872316521422282, 'PZU': 0.09340826179559365, 'PEO': 0.08703710130090964, 'DNP': 0.07807409849434566, 'LPP': 0.057762296610867944, 'ALE': 0.05523443701714737, 'CDR': 0.04526506196563586, 'SPL': 0.04465559946384651, 'PGE': 0.04176227925962235, 'CPS': 0.029802933228069112, 'PCO': 0.02632075512620862, 'ACP': 0.023403576959280966, 'OPL': 0.02105573653868677, 'JSW': 0.018997445029085024, 'MBK': 0.01845955641540617, 'CCC': 0.0093403923984193}"
967,2022-09-15,70707.28993669724,1.4551915228366852e-11,"{'PKO': 0.14095609701081416, 'PKN': 0.10974120617183807, 'KGH': 0.09872316521422282, 'PZU': 0.09340826179559365, 'PEO': 0.08703710130090964, 'DNP': 0.07807409849434566, 'LPP': 0.057762296610867944, 'ALE': 0.05523443701714737, 'CDR': 0.04526506196563586, 'SPL': 0.04465559946384651, 'PGE': 0.04176227925962235, 'CPS': 0.029802933228069112, 'PCO': 0.02632075512620862, 'ACP': 0.023403576959280966, 'OPL': 0.02105573653868677, 'JSW': 0.018997445029085024, 'MBK': 0.01845955641540617, 'CCC': 0.0093403923984193}"
968,2022-09-16,68849.1497046518,0.0,"{'PKN': 0.14959143533662267, 'PKO': 0.11525279938546472, 'PZU': 0.09342329071823811, 'DNP': 0.09210959493852537, 'KGH': 0.07539031009551465, 'PEO': 0.06901176311690943, 'ALE': 0.06202543399443711, 'LPP': 0.05507709125595647, 'SPL': 0.04362314130512774, 'PGE': 0.04186521586817881, 'CDR': 0.03409700034187746, 'KTY': 0.030049340092095877, 'CPS': 0.026778290359477815, 'PCO': 0.025141710315835678, 'ACP': 0.023559999493514883, 'OPL': 0.022028937183183005, 'MBK': 0.01730490826288266, 'JSW': 0.015085870331367891, 'CCC': 0.008583867604789661}"
969,2022-09-19,70147.8529411187,0.0,"{'PKN': 0.14959143533662267, 'PKO': 0.11525279938546472, 'PZU': 0.09342329071823811, 'DNP': 0.09210959493852537, 'KGH': 0.07539031009551465, 'PEO': 0.06901176311690943, 'ALE': 0.06202543399443711, 'LPP': 0.05507709125595647, 'SPL': 0.04362314130512774, 'PGE': 0.04186521586817881, 'CDR': 0.03409700034187746, 'KTY': 0.030049340092095877, 'CPS': 0.026778290359477815, 'PCO': 0.025141710315835678, 'ACP': 0.023559999493514883, 'OPL': 0.022028937183183005, 'MBK': 0.01730490826288266, 'JSW': 0.015085870331367891, 'CCC': 0.008583867604789661}"
970,2022-09-20,68768.90888645043,-1.4551915228366852e-11,"{'PKN': 0.14959143533662267, 'PKO': 0.11525279938546472, 'PZU': 0.09342329071823811, 'DNP': 0.09210959493852537, 'KGH': 0.07539031009551465, 'PEO': 0.06901176311690943, 'ALE': 0.06202543399443711, 'LPP': 0.05507709125595647, 'SPL': 0.04362314130512774, 'PGE': 0.04186521586817881, 'CDR': 0.03409700034187746, 'KTY': 0.030049340092095877, 'CPS': 0.026778290359477815, 'PCO': 0.025141710315835678, 'ACP': 0.023559999493514883, 'OPL': 0.022028937183183005, 'MBK': 0.01730490826288266, 'JSW': 0.015085870331367891, 'CCC': 0.008583867604789661}"
971,2022-09-21,69311.99305346994,-1.4551915228366852e-11,"{'PKN': 0.14959143533662267, 'PKO': 0.11525279938546472, 'PZU': 0.09342329071823811, 'DNP': 0.09210959493852537, 'KGH': 0.07539031009551465, 'PEO': 0.06901176311690943, 'ALE': 0.06202543399443711, 'LPP': 0.05507709125595647, 'SPL': 0.04362314130512774, 'PGE': 0.04186521586817881, 'CDR': 0.03409700034187746, 'KTY': 0.030049340092095877, 'CPS': 0.026778290359477815, 'PCO': 0.025141710315835678, 'ACP': 0.023559999493514883, 'OPL': 0.022028937183183005, 'MBK': 0.01730490826288266, 'JSW': 0.015085870331367891, 'CCC': 0.008583867604789661}"
972,2022-09-22,69732.97550927021,-1.4551915228366852e-11,"{'PKN': 0.14959143533662267, 'PKO': 0.11525279938546472, 'PZU': 0.09342329071823811, 'DNP': 0.09210959493852537, 'KGH': 0.07539031009551465, 'PEO': 0.06901176311690943, 'ALE': 0.06202543399443711, 'LPP': 0.05507709125595647, 'SPL': 0.04362314130512774, 'PGE': 0.04186521586817881, 'CDR': 0.03409700034187746, 'KTY': 0.030049340092095877, 'CPS': 0.026778290359477815, 'PCO': 0.025141710315835678, 'ACP': 0.023559999493514883, 'OPL': 0.022028937183183005, 'MBK': 0.01730490826288266, 'JSW': 0.015085870331367891, 'CCC': 0.008583867604789661}"
973,2022-09-23,67013.04015122094,0.0,"{'PKN': 0.14959143533662267, 'PKO': 0.11525279938546472, 'PZU': 0.09342329071823811, 'DNP': 0.09210959493852537, 'KGH': 0.07539031009551465, 'PEO': 0.06901176311690943, 'ALE': 0.06202543399443711, 'LPP': 0.05507709125595647, 'SPL': 0.04362314130512774, 'PGE': 0.04186521586817881, 'CDR': 0.03409700034187746, 'KTY': 0.030049340092095877, 'CPS': 0.026778290359477815, 'PCO': 0.025141710315835678, 'ACP': 0.023559999493514883, 'OPL': 0.022028937183183005, 'MBK': 0.01730490826288266, 'JSW': 0.015085870331367891, 'CCC': 0.008583867604789661}"
974,2022-09-26,65859.43529855799,-2.9103830456733704e-11,"{'PKN': 0.14959143533662267, 'PKO': 0.11525279938546472, 'PZU': 0.09342329071823811, 'DNP': 0.09210959493852537, 'KGH': 0.07539031009551465, 'PEO': 0.06901176311690943, 'ALE': 0.06202543399443711, 'LPP': 0.05507709125595647, 'SPL': 0.04362314130512774, 'PGE': 0.04186521586817881, 'CDR': 0.03409700034187746, 'KTY': 0.030049340092095877, 'CPS': 0.026778290359477815, 'PCO': 0.025141710315835678, 'ACP': 0.023559999493514883, 'OPL': 0.022028937183183005, 'MBK': 0.01730490826288266, 'JSW': 0.015085870331367891, 'CCC': 0.008583867604789661}"
975,2022-09-27,67033.63080958244,0.0,"{'PKN': 0.14959143533662267, 'PKO': 0.11525279938546472, 'PZU': 0.09342329071823811, 'DNP': 0.09210959493852537, 'KGH': 0.07539031009551465, 'PEO': 0.06901176311690943, 'ALE': 0.06202543399443711, 'LPP': 0.05507709125595647, 'SPL': 0.04362314130512774, 'PGE': 0.04186521586817881, 'CDR': 0.03409700034187746, 'KTY': 0.030049340092095877, 'CPS': 0.026778290359477815, 'PCO': 0.025141710315835678, 'ACP': 0.023559999493514883, 'OPL': 0.022028937183183005, 'MBK': 0.01730490826288266, 'JSW': 0.015085870331367891, 'CCC': 0.008583867604789661}"
976,2022-09-28,66348.46107083897,0.0,"{'PKN': 0.14959143533662267, 'PKO': 0.11525279938546472, 'PZU': 0.09342329071823811, 'DNP': 0.09210959493852537, 'KGH': 0.07539031009551465, 'PEO': 0.06901176311690943, 'ALE': 0.06202543399443711, 'LPP': 0.05507709125595647, 'SPL': 0.04362314130512774, 'PGE': 0.04186521586817881, 'CDR': 0.03409700034187746, 'KTY': 0.030049340092095877, 'CPS': 0.026778290359477815, 'PCO': 0.025141710315835678, 'ACP': 0.023559999493514883, 'OPL': 0.022028937183183005, 'MBK': 0.01730490826288266, 'JSW': 0.015085870331367891, 'CCC': 0.008583867604789661}"
977,2022-09-29,63811.0039533256,7.275957614183426e-12,"{'PKN': 0.14959143533662267, 'PKO': 0.11525279938546472, 'PZU': 0.09342329071823811, 'DNP': 0.09210959493852537, 'KGH': 0.07539031009551465, 'PEO': 0.06901176311690943, 'ALE': 0.06202543399443711, 'LPP': 0.05507709125595647, 'SPL': 0.04362314130512774, 'PGE': 0.04186521586817881, 'CDR': 0.03409700034187746, 'KTY': 0.030049340092095877, 'CPS': 0.026778290359477815, 'PCO': 0.025141710315835678, 'ACP': 0.023559999493514883, 'OPL': 0.022028937183183005, 'MBK': 0.01730490826288266, 'JSW': 0.015085870331367891, 'CCC': 0.008583867604789661}"
978,2022-09-30,63683.372407110895,-7.275957614183426e-12,"{'PKN': 0.14959143533662267, 'PKO': 0.11525279938546472, 'PZU': 0.09342329071823811, 'DNP': 0.09210959493852537, 'KGH': 0.07539031009551465, 'PEO': 0.06901176311690943, 'ALE': 0.06202543399443711, 'LPP': 0.05507709125595647, 'SPL': 0.04362314130512774, 'PGE': 0.04186521586817881, 'CDR': 0.03409700034187746, 'KTY': 0.030049340092095877, 'CPS': 0.026778290359477815, 'PCO': 0.025141710315835678, 'ACP': 0.023559999493514883, 'OPL': 0.022028937183183005, 'MBK': 0.01730490826288266, 'JSW': 0.015085870331367891, 'CCC': 0.008583867604789661}"
979,2022-10-03,64095.94965281862,-7.275957614183426e-12,"{'PKN': 0.14959143533662267, 'PKO': 0.11525279938546472, 'PZU': 0.09342329071823811, 'DNP': 0.09210959493852537, 'KGH': 0.07539031009551465, 'PEO': 0.06901176311690943, 'ALE': 0.06202543399443711, 'LPP': 0.05507709125595647, 'SPL': 0.04362314130512774, 'PGE': 0.04186521586817881, 'CDR': 0.03409700034187746, 'KTY': 0.030049340092095877, 'CPS': 0.026778290359477815, 'PCO': 0.025141710315835678, 'ACP': 0.023559999493514883, 'OPL': 0.022028937183183005, 'MBK': 0.01730490826288266, 'JSW': 0.015085870331367891, 'CCC': 0.008583867604789661}"
980,2022-10-04,67000.1762198869,-1.4551915228366852e-11,"{'PKN': 0.14959143533662267, 'PKO': 0.11525279938546472, 'PZU': 0.09342329071823811, 'DNP': 0.09210959493852537, 'KGH': 0.07539031009551465, 'PEO': 0.06901176311690943, 'ALE': 0.06202543399443711, 'LPP': 0.05507709125595647, 'SPL': 0.04362314130512774, 'PGE': 0.04186521586817881, 'CDR': 0.03409700034187746, 'KTY': 0.030049340092095877, 'CPS': 0.026778290359477815, 'PCO': 0.025141710315835678, 'ACP': 0.023559999493514883, 'OPL': 0.022028937183183005, 'MBK': 0.01730490826288266, 'JSW': 0.015085870331367891, 'CCC': 0.008583867604789661}"
981,2022-10-05,65566.3470210367,1.4551915228366852e-11,"{'PKN': 0.14959143533662267, 'PKO': 0.11525279938546472, 'PZU': 0.09342329071823811, 'DNP': 0.09210959493852537, 'KGH': 0.07539031009551465, 'PEO': 0.06901176311690943, 'ALE': 0.06202543399443711, 'LPP': 0.05507709125595647, 'SPL': 0.04362314130512774, 'PGE': 0.04186521586817881, 'CDR': 0.03409700034187746, 'KTY': 0.030049340092095877, 'CPS': 0.026778290359477815, 'PCO': 0.025141710315835678, 'ACP': 0.023559999493514883, 'OPL': 0.022028937183183005, 'MBK': 0.01730490826288266, 'JSW': 0.015085870331367891, 'CCC': 0.008583867604789661}"
982,2022-10-06,65480.554606966936,0.0,"{'PKN': 0.14959143533662267, 'PKO': 0.11525279938546472, 'PZU': 0.09342329071823811, 'DNP': 0.09210959493852537, 'KGH': 0.07539031009551465, 'PEO': 0.06901176311690943, 'ALE': 0.06202543399443711, 'LPP': 0.05507709125595647, 'SPL': 0.04362314130512774, 'PGE': 0.04186521586817881, 'CDR': 0.03409700034187746, 'KTY': 0.030049340092095877, 'CPS': 0.026778290359477815, 'PCO': 0.025141710315835678, 'ACP': 0.023559999493514883, 'OPL': 0.022028937183183005, 'MBK': 0.01730490826288266, 'JSW': 0.015085870331367891, 'CCC': 0.008583867604789661}"
983,2022-10-07,64855.62261399086,7.275957614183426e-12,"{'PKN': 0.14959143533662267, 'PKO': 0.11525279938546472, 'PZU': 0.09342329071823811, 'DNP': 0.09210959493852537, 'KGH': 0.07539031009551465, 'PEO': 0.06901176311690943, 'ALE': 0.06202543399443711, 'LPP': 0.05507709125595647, 'SPL': 0.04362314130512774, 'PGE': 0.04186521586817881, 'CDR': 0.03409700034187746, 'KTY': 0.030049340092095877, 'CPS': 0.026778290359477815, 'PCO': 0.025141710315835678, 'ACP': 0.023559999493514883, 'OPL': 0.022028937183183005, 'MBK': 0.01730490826288266, 'JSW': 0.015085870331367891, 'CCC': 0.008583867604789661}"
984,2022-10-10,63626.262237120616,1.4551915228366852e-11,"{'PKN': 0.14959143533662267, 'PKO': 0.11525279938546472, 'PZU': 0.09342329071823811, 'DNP': 0.09210959493852537, 'KGH': 0.07539031009551465, 'PEO': 0.06901176311690943, 'ALE': 0.06202543399443711, 'LPP': 0.05507709125595647, 'SPL': 0.04362314130512774, 'PGE': 0.04186521586817881, 'CDR': 0.03409700034187746, 'KTY': 0.030049340092095877, 'CPS': 0.026778290359477815, 'PCO': 0.025141710315835678, 'ACP': 0.023559999493514883, 'OPL': 0.022028937183183005, 'MBK': 0.01730490826288266, 'JSW': 0.015085870331367891, 'CCC': 0.008583867604789661}"
985,2022-10-11,63683.28659376226,0.0,"{'PKN': 0.14959143533662267, 'PKO': 0.11525279938546472, 'PZU': 0.09342329071823811, 'DNP': 0.09210959493852537, 'KGH': 0.07539031009551465, 'PEO': 0.06901176311690943, 'ALE': 0.06202543399443711, 'LPP': 0.05507709125595647, 'SPL': 0.04362314130512774, 'PGE': 0.04186521586817881, 'CDR': 0.03409700034187746, 'KTY': 0.030049340092095877, 'CPS': 0.026778290359477815, 'PCO': 0.025141710315835678, 'ACP': 0.023559999493514883, 'OPL': 0.022028937183183005, 'MBK': 0.01730490826288266, 'JSW': 0.015085870331367891, 'CCC': 0.008583867604789661}"
986,2022-10-12,63546.09243905112,7.275957614183426e-12,"{'PKN': 0.14959143533662267, 'PKO': 0.11525279938546472, 'PZU': 0.09342329071823811, 'DNP': 0.09210959493852537, 'KGH': 0.07539031009551465, 'PEO': 0.06901176311690943, 'ALE': 0.06202543399443711, 'LPP': 0.05507709125595647, 'SPL': 0.04362314130512774, 'PGE': 0.04186521586817881, 'CDR': 0.03409700034187746, 'KTY': 0.030049340092095877, 'CPS': 0.026778290359477815, 'PCO': 0.025141710315835678, 'ACP': 0.023559999493514883, 'OPL': 0.022028937183183005, 'MBK': 0.01730490826288266, 'JSW': 0.015085870331367891, 'CCC': 0.008583867604789661}"
987,2022-10-13,62641.369975128626,7.275957614183426e-12,"{'PKN': 0.14959143533662267, 'PKO': 0.11525279938546472, 'PZU': 0.09342329071823811, 'DNP': 0.09210959493852537, 'KGH': 0.07539031009551465, 'PEO': 0.06901176311690943, 'ALE': 0.06202543399443711, 'LPP': 0.05507709125595647, 'SPL': 0.04362314130512774, 'PGE': 0.04186521586817881, 'CDR': 0.03409700034187746, 'KTY': 0.030049340092095877, 'CPS': 0.026778290359477815, 'PCO': 0.025141710315835678, 'ACP': 0.023559999493514883, 'OPL': 0.022028937183183005, 'MBK': 0.01730490826288266, 'JSW': 0.015085870331367891, 'CCC': 0.008583867604789661}"
988,2022-10-14,64494.40315391008,0.0,"{'PKN': 0.14959143533662267, 'PKO': 0.11525279938546472, 'PZU': 0.09342329071823811, 'DNP': 0.09210959493852537, 'KGH': 0.07539031009551465, 'PEO': 0.06901176311690943, 'ALE': 0.06202543399443711, 'LPP': 0.05507709125595647, 'SPL': 0.04362314130512774, 'PGE': 0.04186521586817881, 'CDR': 0.03409700034187746, 'KTY': 0.030049340092095877, 'CPS': 0.026778290359477815, 'PCO': 0.025141710315835678, 'ACP': 0.023559999493514883, 'OPL': 0.022028937183183005, 'MBK': 0.01730490826288266, 'JSW': 0.015085870331367891, 'CCC': 0.008583867604789661}"
989,2022-10-17,65215.478304700235,-1.4551915228366852e-11,"{'PKN': 0.14959143533662267, 'PKO': 0.11525279938546472, 'PZU': 0.09342329071823811, 'DNP': 0.09210959493852537, 'KGH': 0.07539031009551465, 'PEO': 0.06901176311690943, 'ALE': 0.06202543399443711, 'LPP': 0.05507709125595647, 'SPL': 0.04362314130512774, 'PGE': 0.04186521586817881, 'CDR': 0.03409700034187746, 'KTY': 0.030049340092095877, 'CPS': 0.026778290359477815, 'PCO': 0.025141710315835678, 'ACP': 0.023559999493514883, 'OPL': 0.022028937183183005, 'MBK': 0.01730490826288266, 'JSW': 0.015085870331367891, 'CCC': 0.008583867604789661}"
990,2022-10-18,65969.7152429345,1.4551915228366852e-11,"{'PKN': 0.14959143533662267, 'PKO': 0.11525279938546472, 'PZU': 0.09342329071823811, 'DNP': 0.09210959493852537, 'KGH': 0.07539031009551465, 'PEO': 0.06901176311690943, 'ALE': 0.06202543399443711, 'LPP': 0.05507709125595647, 'SPL': 0.04362314130512774, 'PGE': 0.04186521586817881, 'CDR': 0.03409700034187746, 'KTY': 0.030049340092095877, 'CPS': 0.026778290359477815, 'PCO': 0.025141710315835678, 'ACP': 0.023559999493514883, 'OPL': 0.022028937183183005, 'MBK': 0.01730490826288266, 'JSW': 0.015085870331367891, 'CCC': 0.008583867604789661}"
991,2022-10-19,64562.278935878705,0.0,"{'PKN': 0.14959143533662267, 'PKO': 0.11525279938546472, 'PZU': 0.09342329071823811, 'DNP': 0.09210959493852537, 'KGH': 0.07539031009551465, 'PEO': 0.06901176311690943, 'ALE': 0.06202543399443711, 'LPP': 0.05507709125595647, 'SPL': 0.04362314130512774, 'PGE': 0.04186521586817881, 'CDR': 0.03409700034187746, 'KTY': 0.030049340092095877, 'CPS': 0.026778290359477815, 'PCO': 0.025141710315835678, 'ACP': 0.023559999493514883, 'OPL': 0.022028937183183005, 'MBK': 0.01730490826288266, 'JSW': 0.015085870331367891, 'CCC': 0.008583867604789661}"
992,2022-10-20,65821.71962531497,0.0,"{'PKN': 0.14959143533662267, 'PKO': 0.11525279938546472, 'PZU': 0.09342329071823811, 'DNP': 0.09210959493852537, 'KGH': 0.07539031009551465, 'PEO': 0.06901176311690943, 'ALE': 0.06202543399443711, 'LPP': 0.05507709125595647, 'SPL': 0.04362314130512774, 'PGE': 0.04186521586817881, 'CDR': 0.03409700034187746, 'KTY': 0.030049340092095877, 'CPS': 0.026778290359477815, 'PCO': 0.025141710315835678, 'ACP': 0.023559999493514883, 'OPL': 0.022028937183183005, 'MBK': 0.01730490826288266, 'JSW': 0.015085870331367891, 'CCC': 0.008583867604789661}"
993,2022-10-21,65098.97830250209,-7.275957614183426e-12,"{'PKN': 0.14959143533662267, 'PKO': 0.11525279938546472, 'PZU': 0.09342329071823811, 'DNP': 0.09210959493852537, 'KGH': 0.07539031009551465, 'PEO': 0.06901176311690943, 'ALE': 0.06202543399443711, 'LPP': 0.05507709125595647, 'SPL': 0.04362314130512774, 'PGE': 0.04186521586817881, 'CDR': 0.03409700034187746, 'KTY': 0.030049340092095877, 'CPS': 0.026778290359477815, 'PCO': 0.025141710315835678, 'ACP': 0.023559999493514883, 'OPL': 0.022028937183183005, 'MBK': 0.01730490826288266, 'JSW': 0.015085870331367891, 'CCC': 0.008583867604789661}"
994,2022-10-24,66138.39069335023,0.0,"{'PKN': 0.14959143533662267, 'PKO': 0.11525279938546472, 'PZU': 0.09342329071823811, 'DNP': 0.09210959493852537, 'KGH': 0.07539031009551465, 'PEO': 0.06901176311690943, 'ALE': 0.06202543399443711, 'LPP': 0.05507709125595647, 'SPL': 0.04362314130512774, 'PGE': 0.04186521586817881, 'CDR': 0.03409700034187746, 'KTY': 0.030049340092095877, 'CPS': 0.026778290359477815, 'PCO': 0.025141710315835678, 'ACP': 0.023559999493514883, 'OPL': 0.022028937183183005, 'MBK': 0.01730490826288266, 'JSW': 0.015085870331367891, 'CCC': 0.008583867604789661}"
995,2022-10-25,66781.57189421295,0.0,"{'PKN': 0.14959143533662267, 'PKO': 0.11525279938546472, 'PZU': 0.09342329071823811, 'DNP': 0.09210959493852537, 'KGH': 0.07539031009551465, 'PEO': 0.06901176311690943, 'ALE': 0.06202543399443711, 'LPP': 0.05507709125595647, 'SPL': 0.04362314130512774, 'PGE': 0.04186521586817881, 'CDR': 0.03409700034187746, 'KTY': 0.030049340092095877, 'CPS': 0.026778290359477815, 'PCO': 0.025141710315835678, 'ACP': 0.023559999493514883, 'OPL': 0.022028937183183005, 'MBK': 0.01730490826288266, 'JSW': 0.015085870331367891, 'CCC': 0.008583867604789661}"
996,2022-10-26,68794.17245023786,0.0,"{'PKN': 0.14959143533662267, 'PKO': 0.11525279938546472, 'PZU': 0.09342329071823811, 'DNP': 0.09210959493852537, 'KGH': 0.07539031009551465, 'PEO': 0.06901176311690943, 'ALE': 0.06202543399443711, 'LPP': 0.05507709125595647, 'SPL': 0.04362314130512774, 'PGE': 0.04186521586817881, 'CDR': 0.03409700034187746, 'KTY': 0.030049340092095877, 'CPS': 0.026778290359477815, 'PCO': 0.025141710315835678, 'ACP': 0.023559999493514883, 'OPL': 0.022028937183183005, 'MBK': 0.01730490826288266, 'JSW': 0.015085870331367891, 'CCC': 0.008583867604789661}"
997,2022-10-27,69634.38387841222,0.0,"{'PKN': 0.14959143533662267, 'PKO': 0.11525279938546472, 'PZU': 0.09342329071823811, 'DNP': 0.09210959493852537, 'KGH': 0.07539031009551465, 'PEO': 0.06901176311690943, 'ALE': 0.06202543399443711, 'LPP': 0.05507709125595647, 'SPL': 0.04362314130512774, 'PGE': 0.04186521586817881, 'CDR': 0.03409700034187746, 'KTY': 0.030049340092095877, 'CPS': 0.026778290359477815, 'PCO': 0.025141710315835678, 'ACP': 0.023559999493514883, 'OPL': 0.022028937183183005, 'MBK': 0.01730490826288266, 'JSW': 0.015085870331367891, 'CCC': 0.008583867604789661}"
998,2022-10-28,69649.48647675719,1.4551915228366852e-11,"{'PKN': 0.14959143533662267, 'PKO': 0.11525279938546472, 'PZU': 0.09342329071823811, 'DNP': 0.09210959493852537, 'KGH': 0.07539031009551465, 'PEO': 0.06901176311690943, 'ALE': 0.06202543399443711, 'LPP': 0.05507709125595647, 'SPL': 0.04362314130512774, 'PGE': 0.04186521586817881, 'CDR': 0.03409700034187746, 'KTY': 0.030049340092095877, 'CPS': 0.026778290359477815, 'PCO': 0.025141710315835678, 'ACP': 0.023559999493514883, 'OPL': 0.022028937183183005, 'MBK': 0.01730490826288266, 'JSW': 0.015085870331367891, 'CCC': 0.008583867604789661}"
999,2022-10-31,70977.97041062242,0.0,"{'PKN': 0.14959143533662267, 'PKO': 0.11525279938546472, 'PZU': 0.09342329071823811, 'DNP': 0.09210959493852537, 'KGH': 0.07539031009551465, 'PEO': 0.06901176311690943, 'ALE': 0.06202543399443711, 'LPP': 0.05507709125595647, 'SPL': 0.04362314130512774, 'PGE': 0.04186521586817881, 'CDR': 0.03409700034187746, 'KTY': 0.030049340092095877, 'CPS': 0.026778290359477815, 'PCO': 0.025141710315835678, 'ACP': 0.023559999493514883, 'OPL': 0.022028937183183005, 'MBK': 0.01730490826288266, 'JSW': 0.015085870331367891, 'CCC': 0.008583867604789661}"
1000,2022-11-01,70977.97041062242,0.0,"{'PKN': 0.14959143533662267, 'PKO': 0.11525279938546472, 'PZU': 0.09342329071823811, 'DNP': 0.09210959493852537, 'KGH': 0.07539031009551465, 'PEO': 0.06901176311690943, 'ALE': 0.06202543399443711, 'LPP': 0.05507709125595647, 'SPL': 0.04362314130512774, 'PGE': 0.04186521586817881, 'CDR': 0.03409700034187746, 'KTY': 0.030049340092095877, 'CPS': 0.026778290359477815, 'PCO': 0.025141710315835678, 'ACP': 0.023559999493514883, 'OPL': 0.022028937183183005, 'MBK': 0.01730490826288266, 'JSW': 0.015085870331367891, 'CCC': 0.008583867604789661}"
1001,2022-11-02,72835.04337696798,1.4551915228366852e-11,"{'PKN': 0.14959143533662267, 'PKO': 0.11525279938546472, 'PZU': 0.09342329071823811, 'DNP': 0.09210959493852537, 'KGH': 0.07539031009551465, 'PEO': 0.06901176311690943, 'ALE': 0.06202543399443711, 'LPP': 0.05507709125595647, 'SPL': 0.04362314130512774, 'PGE': 0.04186521586817881, 'CDR': 0.03409700034187746, 'KTY': 0.030049340092095877, 'CPS': 0.026778290359477815, 'PCO': 0.025141710315835678, 'ACP': 0.023559999493514883, 'OPL': 0.022028937183183005, 'MBK': 0.01730490826288266, 'JSW': 0.015085870331367891, 'CCC': 0.008583867604789661}"
1002,2022-11-03,72210.6881546208,0.0,"{'PKN': 0.14959143533662267, 'PKO': 0.11525279938546472, 'PZU': 0.09342329071823811, 'DNP': 0.09210959493852537, 'KGH': 0.07539031009551465, 'PEO': 0.06901176311690943, 'ALE': 0.06202543399443711, 'LPP': 0.05507709125595647, 'SPL': 0.04362314130512774, 'PGE': 0.04186521586817881, 'CDR': 0.03409700034187746, 'KTY': 0.030049340092095877, 'CPS': 0.026778290359477815, 'PCO': 0.025141710315835678, 'ACP': 0.023559999493514883, 'OPL': 0.022028937183183005, 'MBK': 0.01730490826288266, 'JSW': 0.015085870331367891, 'CCC': 0.008583867604789661}"
1003,2022-11-04,74305.62865375006,0.0,"{'PKN': 0.14959143533662267, 'PKO': 0.11525279938546472, 'PZU': 0.09342329071823811, 'DNP': 0.09210959493852537, 'KGH': 0.07539031009551465, 'PEO': 0.06901176311690943, 'ALE': 0.06202543399443711, 'LPP': 0.05507709125595647, 'SPL': 0.04362314130512774, 'PGE': 0.04186521586817881, 'CDR': 0.03409700034187746, 'KTY': 0.030049340092095877, 'CPS': 0.026778290359477815, 'PCO': 0.025141710315835678, 'ACP': 0.023559999493514883, 'OPL': 0.022028937183183005, 'MBK': 0.01730490826288266, 'JSW': 0.015085870331367891, 'CCC': 0.008583867604789661}"
1004,2022-11-07,74980.054047272,-1.4551915228366852e-11,"{'PKN': 0.14959143533662267, 'PKO': 0.11525279938546472, 'PZU': 0.09342329071823811, 'DNP': 0.09210959493852537, 'KGH': 0.07539031009551465, 'PEO': 0.06901176311690943, 'ALE': 0.06202543399443711, 'LPP': 0.05507709125595647, 'SPL': 0.04362314130512774, 'PGE': 0.04186521586817881, 'CDR': 0.03409700034187746, 'KTY': 0.030049340092095877, 'CPS': 0.026778290359477815, 'PCO': 0.025141710315835678, 'ACP': 0.023559999493514883, 'OPL': 0.022028937183183005, 'MBK': 0.01730490826288266, 'JSW': 0.015085870331367891, 'CCC': 0.008583867604789661}"
1005,2022-11-08,76259.7044192046,0.0,"{'PKN': 0.14959143533662267, 'PKO': 0.11525279938546472, 'PZU': 0.09342329071823811, 'DNP': 0.09210959493852537, 'KGH': 0.07539031009551465, 'PEO': 0.06901176311690943, 'ALE': 0.06202543399443711, 'LPP': 0.05507709125595647, 'SPL': 0.04362314130512774, 'PGE': 0.04186521586817881, 'CDR': 0.03409700034187746, 'KTY': 0.030049340092095877, 'CPS': 0.026778290359477815, 'PCO': 0.025141710315835678, 'ACP': 0.023559999493514883, 'OPL': 0.022028937183183005, 'MBK': 0.01730490826288266, 'JSW': 0.015085870331367891, 'CCC': 0.008583867604789661}"
1006,2022-11-09,76128.28810319708,1.4551915228366852e-11,"{'PKN': 0.14959143533662267, 'PKO': 0.11525279938546472, 'PZU': 0.09342329071823811, 'DNP': 0.09210959493852537, 'KGH': 0.07539031009551465, 'PEO': 0.06901176311690943, 'ALE': 0.06202543399443711, 'LPP': 0.05507709125595647, 'SPL': 0.04362314130512774, 'PGE': 0.04186521586817881, 'CDR': 0.03409700034187746, 'KTY': 0.030049340092095877, 'CPS': 0.026778290359477815, 'PCO': 0.025141710315835678, 'ACP': 0.023559999493514883, 'OPL': 0.022028937183183005, 'MBK': 0.01730490826288266, 'JSW': 0.015085870331367891, 'CCC': 0.008583867604789661}"
1007,2022-11-10,78360.63781396442,0.0,"{'PKN': 0.14959143533662267, 'PKO': 0.11525279938546472, 'PZU': 0.09342329071823811, 'DNP': 0.09210959493852537, 'KGH': 0.07539031009551465, 'PEO': 0.06901176311690943, 'ALE': 0.06202543399443711, 'LPP': 0.05507709125595647, 'SPL': 0.04362314130512774, 'PGE': 0.04186521586817881, 'CDR': 0.03409700034187746, 'KTY': 0.030049340092095877, 'CPS': 0.026778290359477815, 'PCO': 0.025141710315835678, 'ACP': 0.023559999493514883, 'OPL': 0.022028937183183005, 'MBK': 0.01730490826288266, 'JSW': 0.015085870331367891, 'CCC': 0.008583867604789661}"
1008,2022-11-11,78360.63781396442,0.0,"{'PKN': 0.14959143533662267, 'PKO': 0.11525279938546472, 'PZU': 0.09342329071823811, 'DNP': 0.09210959493852537, 'KGH': 0.07539031009551465, 'PEO': 0.06901176311690943, 'ALE': 0.06202543399443711, 'LPP': 0.05507709125595647, 'SPL': 0.04362314130512774, 'PGE': 0.04186521586817881, 'CDR': 0.03409700034187746, 'KTY': 0.030049340092095877, 'CPS': 0.026778290359477815, 'PCO': 0.025141710315835678, 'ACP': 0.023559999493514883, 'OPL': 0.022028937183183005, 'MBK': 0.01730490826288266, 'JSW': 0.015085870331367891, 'CCC': 0.008583867604789661}"
1009,2022-11-14,80747.07089188424,0.0,"{'PKN': 0.14959143533662267, 'PKO': 0.11525279938546472, 'PZU': 0.09342329071823811, 'DNP': 0.09210959493852537, 'KGH': 0.07539031009551465, 'PEO': 0.06901176311690943, 'ALE': 0.06202543399443711, 'LPP': 0.05507709125595647, 'SPL': 0.04362314130512774, 'PGE': 0.04186521586817881, 'CDR': 0.03409700034187746, 'KTY': 0.030049340092095877, 'CPS': 0.026778290359477815, 'PCO': 0.025141710315835678, 'ACP': 0.023559999493514883, 'OPL': 0.022028937183183005, 'MBK': 0.01730490826288266, 'JSW': 0.015085870331367891, 'CCC': 0.008583867604789661}"
1010,2022-11-15,81981.4849423781,-2.9103830456733704e-11,"{'PKN': 0.14959143533662267, 'PKO': 0.11525279938546472, 'PZU': 0.09342329071823811, 'DNP': 0.09210959493852537, 'KGH': 0.07539031009551465, 'PEO': 0.06901176311690943, 'ALE': 0.06202543399443711, 'LPP': 0.05507709125595647, 'SPL': 0.04362314130512774, 'PGE': 0.04186521586817881, 'CDR': 0.03409700034187746, 'KTY': 0.030049340092095877, 'CPS': 0.026778290359477815, 'PCO': 0.025141710315835678, 'ACP': 0.023559999493514883, 'OPL': 0.022028937183183005, 'MBK': 0.01730490826288266, 'JSW': 0.015085870331367891, 'CCC': 0.008583867604789661}"
1011,2022-11-16,80648.3722045974,0.0,"{'PKN': 0.14959143533662267, 'PKO': 0.11525279938546472, 'PZU': 0.09342329071823811, 'DNP': 0.09210959493852537, 'KGH': 0.07539031009551465, 'PEO': 0.06901176311690943, 'ALE': 0.06202543399443711, 'LPP': 0.05507709125595647, 'SPL': 0.04362314130512774, 'PGE': 0.04186521586817881, 'CDR': 0.03409700034187746, 'KTY': 0.030049340092095877, 'CPS': 0.026778290359477815, 'PCO': 0.025141710315835678, 'ACP': 0.023559999493514883, 'OPL': 0.022028937183183005, 'MBK': 0.01730490826288266, 'JSW': 0.015085870331367891, 'CCC': 0.008583867604789661}"
1012,2022-11-17,79210.5186624681,1.4551915228366852e-11,"{'PKN': 0.14959143533662267, 'PKO': 0.11525279938546472, 'PZU': 0.09342329071823811, 'DNP': 0.09210959493852537, 'KGH': 0.07539031009551465, 'PEO': 0.06901176311690943, 'ALE': 0.06202543399443711, 'LPP': 0.05507709125595647, 'SPL': 0.04362314130512774, 'PGE': 0.04186521586817881, 'CDR': 0.03409700034187746, 'KTY': 0.030049340092095877, 'CPS': 0.026778290359477815, 'PCO': 0.025141710315835678, 'ACP': 0.023559999493514883, 'OPL': 0.022028937183183005, 'MBK': 0.01730490826288266, 'JSW': 0.015085870331367891, 'CCC': 0.008583867604789661}"
1013,2022-11-18,79192.11220728679,1.4551915228366852e-11,"{'PKN': 0.14959143533662267, 'PKO': 0.11525279938546472, 'PZU': 0.09342329071823811, 'DNP': 0.09210959493852537, 'KGH': 0.07539031009551465, 'PEO': 0.06901176311690943, 'ALE': 0.06202543399443711, 'LPP': 0.05507709125595647, 'SPL': 0.04362314130512774, 'PGE': 0.04186521586817881, 'CDR': 0.03409700034187746, 'KTY': 0.030049340092095877, 'CPS': 0.026778290359477815, 'PCO': 0.025141710315835678, 'ACP': 0.023559999493514883, 'OPL': 0.022028937183183005, 'MBK': 0.01730490826288266, 'JSW': 0.015085870331367891, 'CCC': 0.008583867604789661}"
1014,2022-11-21,78279.25013001237,0.0,"{'PKN': 0.14959143533662267, 'PKO': 0.11525279938546472, 'PZU': 0.09342329071823811, 'DNP': 0.09210959493852537, 'KGH': 0.07539031009551465, 'PEO': 0.06901176311690943, 'ALE': 0.06202543399443711, 'LPP': 0.05507709125595647, 'SPL': 0.04362314130512774, 'PGE': 0.04186521586817881, 'CDR': 0.03409700034187746, 'KTY': 0.030049340092095877, 'CPS': 0.026778290359477815, 'PCO': 0.025141710315835678, 'ACP': 0.023559999493514883, 'OPL': 0.022028937183183005, 'MBK': 0.01730490826288266, 'JSW': 0.015085870331367891, 'CCC': 0.008583867604789661}"
1015,2022-11-22,79837.25286261768,-2.9103830456733704e-11,"{'PKN': 0.14959143533662267, 'PKO': 0.11525279938546472, 'PZU': 0.09342329071823811, 'DNP': 0.09210959493852537, 'KGH': 0.07539031009551465, 'PEO': 0.06901176311690943, 'ALE': 0.06202543399443711, 'LPP': 0.05507709125595647, 'SPL': 0.04362314130512774, 'PGE': 0.04186521586817881, 'CDR': 0.03409700034187746, 'KTY': 0.030049340092095877, 'CPS': 0.026778290359477815, 'PCO': 0.025141710315835678, 'ACP': 0.023559999493514883, 'OPL': 0.022028937183183005, 'MBK': 0.01730490826288266, 'JSW': 0.015085870331367891, 'CCC': 0.008583867604789661}"
1016,2022-11-23,79609.97531229754,0.0,"{'PKN': 0.14959143533662267, 'PKO': 0.11525279938546472, 'PZU': 0.09342329071823811, 'DNP': 0.09210959493852537, 'KGH': 0.07539031009551465, 'PEO': 0.06901176311690943, 'ALE': 0.06202543399443711, 'LPP': 0.05507709125595647, 'SPL': 0.04362314130512774, 'PGE': 0.04186521586817881, 'CDR': 0.03409700034187746, 'KTY': 0.030049340092095877, 'CPS': 0.026778290359477815, 'PCO': 0.025141710315835678, 'ACP': 0.023559999493514883, 'OPL': 0.022028937183183005, 'MBK': 0.01730490826288266, 'JSW': 0.015085870331367891, 'CCC': 0.008583867604789661}"
1017,2022-11-24,81534.88122129574,-1.4551915228366852e-11,"{'PKN': 0.14959143533662267, 'PKO': 0.11525279938546472, 'PZU': 0.09342329071823811, 'DNP': 0.09210959493852537, 'KGH': 0.07539031009551465, 'PEO': 0.06901176311690943, 'ALE': 0.06202543399443711, 'LPP': 0.05507709125595647, 'SPL': 0.04362314130512774, 'PGE': 0.04186521586817881, 'CDR': 0.03409700034187746, 'KTY': 0.030049340092095877, 'CPS': 0.026778290359477815, 'PCO': 0.025141710315835678, 'ACP': 0.023559999493514883, 'OPL': 0.022028937183183005, 'MBK': 0.01730490826288266, 'JSW': 0.015085870331367891, 'CCC': 0.008583867604789661}"
1018,2022-11-25,81601.75200385704,0.0,"{'PKN': 0.14959143533662267, 'PKO': 0.11525279938546472, 'PZU': 0.09342329071823811, 'DNP': 0.09210959493852537, 'KGH': 0.07539031009551465, 'PEO': 0.06901176311690943, 'ALE': 0.06202543399443711, 'LPP': 0.05507709125595647, 'SPL': 0.04362314130512774, 'PGE': 0.04186521586817881, 'CDR': 0.03409700034187746, 'KTY': 0.030049340092095877, 'CPS': 0.026778290359477815, 'PCO': 0.025141710315835678, 'ACP': 0.023559999493514883, 'OPL': 0.022028937183183005, 'MBK': 0.01730490826288266, 'JSW': 0.015085870331367891, 'CCC': 0.008583867604789661}"
1019,2022-11-28,80292.16895940944,1.4551915228366852e-11,"{'PKN': 0.14959143533662267, 'PKO': 0.11525279938546472, 'PZU': 0.09342329071823811, 'DNP': 0.09210959493852537, 'KGH': 0.07539031009551465, 'PEO': 0.06901176311690943, 'ALE': 0.06202543399443711, 'LPP': 0.05507709125595647, 'SPL': 0.04362314130512774, 'PGE': 0.04186521586817881, 'CDR': 0.03409700034187746, 'KTY': 0.030049340092095877, 'CPS': 0.026778290359477815, 'PCO': 0.025141710315835678, 'ACP': 0.023559999493514883, 'OPL': 0.022028937183183005, 'MBK': 0.01730490826288266, 'JSW': 0.015085870331367891, 'CCC': 0.008583867604789661}"
1020,2022-11-29,80724.35869549865,1.4551915228366852e-11,"{'PKN': 0.14959143533662267, 'PKO': 0.11525279938546472, 'PZU': 0.09342329071823811, 'DNP': 0.09210959493852537, 'KGH': 0.07539031009551465, 'PEO': 0.06901176311690943, 'ALE': 0.06202543399443711, 'LPP': 0.05507709125595647, 'SPL': 0.04362314130512774, 'PGE': 0.04186521586817881, 'CDR': 0.03409700034187746, 'KTY': 0.030049340092095877, 'CPS': 0.026778290359477815, 'PCO': 0.025141710315835678, 'ACP': 0.023559999493514883, 'OPL': 0.022028937183183005, 'MBK': 0.01730490826288266, 'JSW': 0.015085870331367891, 'CCC': 0.008583867604789661}"
1021,2022-11-30,80682.67787439139,-1.4551915228366852e-11,"{'PKN': 0.14959143533662267, 'PKO': 0.11525279938546472, 'PZU': 0.09342329071823811, 'DNP': 0.09210959493852537, 'KGH': 0.07539031009551465, 'PEO': 0.06901176311690943, 'ALE': 0.06202543399443711, 'LPP': 0.05507709125595647, 'SPL': 0.04362314130512774, 'PGE': 0.04186521586817881, 'CDR': 0.03409700034187746, 'KTY': 0.030049340092095877, 'CPS': 0.026778290359477815, 'PCO': 0.025141710315835678, 'ACP': 0.023559999493514883, 'OPL': 0.022028937183183005, 'MBK': 0.01730490826288266, 'JSW': 0.015085870331367891, 'CCC': 0.008583867604789661}"
1022,2022-12-01,82226.02402077628,-1.4551915228366852e-11,"{'PKN': 0.14959143533662267, 'PKO': 0.11525279938546472, 'PZU': 0.09342329071823811, 'DNP': 0.09210959493852537, 'KGH': 0.07539031009551465, 'PEO': 0.06901176311690943, 'ALE': 0.06202543399443711, 'LPP': 0.05507709125595647, 'SPL': 0.04362314130512774, 'PGE': 0.04186521586817881, 'CDR': 0.03409700034187746, 'KTY': 0.030049340092095877, 'CPS': 0.026778290359477815, 'PCO': 0.025141710315835678, 'ACP': 0.023559999493514883, 'OPL': 0.022028937183183005, 'MBK': 0.01730490826288266, 'JSW': 0.015085870331367891, 'CCC': 0.008583867604789661}"
1023,2022-12-02,80668.64341826353,-1.4551915228366852e-11,"{'PKN': 0.14959143533662267, 'PKO': 0.11525279938546472, 'PZU': 0.09342329071823811, 'DNP': 0.09210959493852537, 'KGH': 0.07539031009551465, 'PEO': 0.06901176311690943, 'ALE': 0.06202543399443711, 'LPP': 0.05507709125595647, 'SPL': 0.04362314130512774, 'PGE': 0.04186521586817881, 'CDR': 0.03409700034187746, 'KTY': 0.030049340092095877, 'CPS': 0.026778290359477815, 'PCO': 0.025141710315835678, 'ACP': 0.023559999493514883, 'OPL': 0.022028937183183005, 'MBK': 0.01730490826288266, 'JSW': 0.015085870331367891, 'CCC': 0.008583867604789661}"
1024,2022-12-05,81320.53461967828,-2.9103830456733704e-11,"{'PKN': 0.14959143533662267, 'PKO': 0.11525279938546472, 'PZU': 0.09342329071823811, 'DNP': 0.09210959493852537, 'KGH': 0.07539031009551465, 'PEO': 0.06901176311690943, 'ALE': 0.06202543399443711, 'LPP': 0.05507709125595647, 'SPL': 0.04362314130512774, 'PGE': 0.04186521586817881, 'CDR': 0.03409700034187746, 'KTY': 0.030049340092095877, 'CPS': 0.026778290359477815, 'PCO': 0.025141710315835678, 'ACP': 0.023559999493514883, 'OPL': 0.022028937183183005, 'MBK': 0.01730490826288266, 'JSW': 0.015085870331367891, 'CCC': 0.008583867604789661}"
1025,2022-12-06,80809.19010569026,0.0,"{'PKN': 0.14959143533662267, 'PKO': 0.11525279938546472, 'PZU': 0.09342329071823811, 'DNP': 0.09210959493852537, 'KGH': 0.07539031009551465, 'PEO': 0.06901176311690943, 'ALE': 0.06202543399443711, 'LPP': 0.05507709125595647, 'SPL': 0.04362314130512774, 'PGE': 0.04186521586817881, 'CDR': 0.03409700034187746, 'KTY': 0.030049340092095877, 'CPS': 0.026778290359477815, 'PCO': 0.025141710315835678, 'ACP': 0.023559999493514883, 'OPL': 0.022028937183183005, 'MBK': 0.01730490826288266, 'JSW': 0.015085870331367891, 'CCC': 0.008583867604789661}"
1026,2022-12-07,81003.93721107858,0.0,"{'PKN': 0.14959143533662267, 'PKO': 0.11525279938546472, 'PZU': 0.09342329071823811, 'DNP': 0.09210959493852537, 'KGH': 0.07539031009551465, 'PEO': 0.06901176311690943, 'ALE': 0.06202543399443711, 'LPP': 0.05507709125595647, 'SPL': 0.04362314130512774, 'PGE': 0.04186521586817881, 'CDR': 0.03409700034187746, 'KTY': 0.030049340092095877, 'CPS': 0.026778290359477815, 'PCO': 0.025141710315835678, 'ACP': 0.023559999493514883, 'OPL': 0.022028937183183005, 'MBK': 0.01730490826288266, 'JSW': 0.015085870331367891, 'CCC': 0.008583867604789661}"
1027,2022-12-08,80587.49840895922,-1.4551915228366852e-11,"{'PKN': 0.14959143533662267, 'PKO': 0.11525279938546472, 'PZU': 0.09342329071823811, 'DNP': 0.09210959493852537, 'KGH': 0.07539031009551465, 'PEO': 0.06901176311690943, 'ALE': 0.06202543399443711, 'LPP': 0.05507709125595647, 'SPL': 0.04362314130512774, 'PGE': 0.04186521586817881, 'CDR': 0.03409700034187746, 'KTY': 0.030049340092095877, 'CPS': 0.026778290359477815, 'PCO': 0.025141710315835678, 'ACP': 0.023559999493514883, 'OPL': 0.022028937183183005, 'MBK': 0.01730490826288266, 'JSW': 0.015085870331367891, 'CCC': 0.008583867604789661}"
1028,2022-12-09,80759.84320121312,1.4551915228366852e-11,"{'PKN': 0.14959143533662267, 'PKO': 0.11525279938546472, 'PZU': 0.09342329071823811, 'DNP': 0.09210959493852537, 'KGH': 0.07539031009551465, 'PEO': 0.06901176311690943, 'ALE': 0.06202543399443711, 'LPP': 0.05507709125595647, 'SPL': 0.04362314130512774, 'PGE': 0.04186521586817881, 'CDR': 0.03409700034187746, 'KTY': 0.030049340092095877, 'CPS': 0.026778290359477815, 'PCO': 0.025141710315835678, 'ACP': 0.023559999493514883, 'OPL': 0.022028937183183005, 'MBK': 0.01730490826288266, 'JSW': 0.015085870331367891, 'CCC': 0.008583867604789661}"
1029,2022-12-12,82000.6213800784,0.0,"{'PKN': 0.14959143533662267, 'PKO': 0.11525279938546472, 'PZU': 0.09342329071823811, 'DNP': 0.09210959493852537, 'KGH': 0.07539031009551465, 'PEO': 0.06901176311690943, 'ALE': 0.06202543399443711, 'LPP': 0.05507709125595647, 'SPL': 0.04362314130512774, 'PGE': 0.04186521586817881, 'CDR': 0.03409700034187746, 'KTY': 0.030049340092095877, 'CPS': 0.026778290359477815, 'PCO': 0.025141710315835678, 'ACP': 0.023559999493514883, 'OPL': 0.022028937183183005, 'MBK': 0.01730490826288266, 'JSW': 0.015085870331367891, 'CCC': 0.008583867604789661}"
1030,2022-12-13,83231.22061391042,-1.4551915228366852e-11,"{'PKN': 0.14959143533662267, 'PKO': 0.11525279938546472, 'PZU': 0.09342329071823811, 'DNP': 0.09210959493852537, 'KGH': 0.07539031009551465, 'PEO': 0.06901176311690943, 'ALE': 0.06202543399443711, 'LPP': 0.05507709125595647, 'SPL': 0.04362314130512774, 'PGE': 0.04186521586817881, 'CDR': 0.03409700034187746, 'KTY': 0.030049340092095877, 'CPS': 0.026778290359477815, 'PCO': 0.025141710315835678, 'ACP': 0.023559999493514883, 'OPL': 0.022028937183183005, 'MBK': 0.01730490826288266, 'JSW': 0.015085870331367891, 'CCC': 0.008583867604789661}"
1031,2022-12-14,83283.89533261675,-2.9103830456733704e-11,"{'PKN': 0.14959143533662267, 'PKO': 0.11525279938546472, 'PZU': 0.09342329071823811, 'DNP': 0.09210959493852537, 'KGH': 0.07539031009551465, 'PEO': 0.06901176311690943, 'ALE': 0.06202543399443711, 'LPP': 0.05507709125595647, 'SPL': 0.04362314130512774, 'PGE': 0.04186521586817881, 'CDR': 0.03409700034187746, 'KTY': 0.030049340092095877, 'CPS': 0.026778290359477815, 'PCO': 0.025141710315835678, 'ACP': 0.023559999493514883, 'OPL': 0.022028937183183005, 'MBK': 0.01730490826288266, 'JSW': 0.015085870331367891, 'CCC': 0.008583867604789661}"
1032,2022-12-15,81886.72728358231,-1.4551915228366852e-11,"{'PKN': 0.14959143533662267, 'PKO': 0.11525279938546472, 'PZU': 0.09342329071823811, 'DNP': 0.09210959493852537, 'KGH': 0.07539031009551465, 'PEO': 0.06901176311690943, 'ALE': 0.06202543399443711, 'LPP': 0.05507709125595647, 'SPL': 0.04362314130512774, 'PGE': 0.04186521586817881, 'CDR': 0.03409700034187746, 'KTY': 0.030049340092095877, 'CPS': 0.026778290359477815, 'PCO': 0.025141710315835678, 'ACP': 0.023559999493514883, 'OPL': 0.022028937183183005, 'MBK': 0.01730490826288266, 'JSW': 0.015085870331367891, 'CCC': 0.008583867604789661}"
1033,2022-12-16,81177.40820699451,0.0,"{'PKN': 0.14959143533662267, 'PKO': 0.11525279938546472, 'PZU': 0.09342329071823811, 'DNP': 0.09210959493852537, 'KGH': 0.07539031009551465, 'PEO': 0.06901176311690943, 'ALE': 0.06202543399443711, 'LPP': 0.05507709125595647, 'SPL': 0.04362314130512774, 'PGE': 0.04186521586817881, 'CDR': 0.03409700034187746, 'KTY': 0.030049340092095877, 'CPS': 0.026778290359477815, 'PCO': 0.025141710315835678, 'ACP': 0.023559999493514883, 'OPL': 0.022028937183183005, 'MBK': 0.01730490826288266, 'JSW': 0.015085870331367891, 'CCC': 0.008583867604789661}"
1034,2022-12-19,81280.10458319998,0.0,"{'PKN': 0.14959143533662267, 'PKO': 0.11525279938546472, 'PZU': 0.09342329071823811, 'DNP': 0.09210959493852537, 'KGH': 0.07539031009551465, 'PEO': 0.06901176311690943, 'ALE': 0.06202543399443711, 'LPP': 0.05507709125595647, 'SPL': 0.04362314130512774, 'PGE': 0.04186521586817881, 'CDR': 0.03409700034187746, 'KTY': 0.030049340092095877, 'CPS': 0.026778290359477815, 'PCO': 0.025141710315835678, 'ACP': 0.023559999493514883, 'OPL': 0.022028937183183005, 'MBK': 0.01730490826288266, 'JSW': 0.015085870331367891, 'CCC': 0.008583867604789661}"
1035,2022-12-20,82219.86503149403,-2.9103830456733704e-11,"{'PKN': 0.14959143533662267, 'PKO': 0.11525279938546472, 'PZU': 0.09342329071823811, 'DNP': 0.09210959493852537, 'KGH': 0.07539031009551465, 'PEO': 0.06901176311690943, 'ALE': 0.06202543399443711, 'LPP': 0.05507709125595647, 'SPL': 0.04362314130512774, 'PGE': 0.04186521586817881, 'CDR': 0.03409700034187746, 'KTY': 0.030049340092095877, 'CPS': 0.026778290359477815, 'PCO': 0.025141710315835678, 'ACP': 0.023559999493514883, 'OPL': 0.022028937183183005, 'MBK': 0.01730490826288266, 'JSW': 0.015085870331367891, 'CCC': 0.008583867604789661}"
1036,2022-12-21,83220.22655908528,1.4551915228366852e-11,"{'PKN': 0.14959143533662267, 'PKO': 0.11525279938546472, 'PZU': 0.09342329071823811, 'DNP': 0.09210959493852537, 'KGH': 0.07539031009551465, 'PEO': 0.06901176311690943, 'ALE': 0.06202543399443711, 'LPP': 0.05507709125595647, 'SPL': 0.04362314130512774, 'PGE': 0.04186521586817881, 'CDR': 0.03409700034187746, 'KTY': 0.030049340092095877, 'CPS': 0.026778290359477815, 'PCO': 0.025141710315835678, 'ACP': 0.023559999493514883, 'OPL': 0.022028937183183005, 'MBK': 0.01730490826288266, 'JSW': 0.015085870331367891, 'CCC': 0.008583867604789661}"
1037,2022-12-22,82939.12684643964,0.0,"{'PKN': 0.14959143533662267, 'PKO': 0.11525279938546472, 'PZU': 0.09342329071823811, 'DNP': 0.09210959493852537, 'KGH': 0.07539031009551465, 'PEO': 0.06901176311690943, 'ALE': 0.06202543399443711, 'LPP': 0.05507709125595647, 'SPL': 0.04362314130512774, 'PGE': 0.04186521586817881, 'CDR': 0.03409700034187746, 'KTY': 0.030049340092095877, 'CPS': 0.026778290359477815, 'PCO': 0.025141710315835678, 'ACP': 0.023559999493514883, 'OPL': 0.022028937183183005, 'MBK': 0.01730490826288266, 'JSW': 0.015085870331367891, 'CCC': 0.008583867604789661}"
1038,2022-12-23,82938.13213370787,1.4551915228366852e-11,"{'PKN': 0.14959143533662267, 'PKO': 0.11525279938546472, 'PZU': 0.09342329071823811, 'DNP': 0.09210959493852537, 'KGH': 0.07539031009551465, 'PEO': 0.06901176311690943, 'ALE': 0.06202543399443711, 'LPP': 0.05507709125595647, 'SPL': 0.04362314130512774, 'PGE': 0.04186521586817881, 'CDR': 0.03409700034187746, 'KTY': 0.030049340092095877, 'CPS': 0.026778290359477815, 'PCO': 0.025141710315835678, 'ACP': 0.023559999493514883, 'OPL': 0.022028937183183005, 'MBK': 0.01730490826288266, 'JSW': 0.015085870331367891, 'CCC': 0.008583867604789661}"
1039,2022-12-26,82938.13213370787,1.4551915228366852e-11,"{'PKN': 0.14959143533662267, 'PKO': 0.11525279938546472, 'PZU': 0.09342329071823811, 'DNP': 0.09210959493852537, 'KGH': 0.07539031009551465, 'PEO': 0.06901176311690943, 'ALE': 0.06202543399443711, 'LPP': 0.05507709125595647, 'SPL': 0.04362314130512774, 'PGE': 0.04186521586817881, 'CDR': 0.03409700034187746, 'KTY': 0.030049340092095877, 'CPS': 0.026778290359477815, 'PCO': 0.025141710315835678, 'ACP': 0.023559999493514883, 'OPL': 0.022028937183183005, 'MBK': 0.01730490826288266, 'JSW': 0.015085870331367891, 'CCC': 0.008583867604789661}"
1040,2022-12-27,82198.61994633863,0.0,"{'PKN': 0.14959143533662267, 'PKO': 0.11525279938546472, 'PZU': 0.09342329071823811, 'DNP': 0.09210959493852537, 'KGH': 0.07539031009551465, 'PEO': 0.06901176311690943, 'ALE': 0.06202543399443711, 'LPP': 0.05507709125595647, 'SPL': 0.04362314130512774, 'PGE': 0.04186521586817881, 'CDR': 0.03409700034187746, 'KTY': 0.030049340092095877, 'CPS': 0.026778290359477815, 'PCO': 0.025141710315835678, 'ACP': 0.023559999493514883, 'OPL': 0.022028937183183005, 'MBK': 0.01730490826288266, 'JSW': 0.015085870331367891, 'CCC': 0.008583867604789661}"
1041,2022-12-28,82332.86732086651,0.0,"{'PKN': 0.14959143533662267, 'PKO': 0.11525279938546472, 'PZU': 0.09342329071823811, 'DNP': 0.09210959493852537, 'KGH': 0.07539031009551465, 'PEO': 0.06901176311690943, 'ALE': 0.06202543399443711, 'LPP': 0.05507709125595647, 'SPL': 0.04362314130512774, 'PGE': 0.04186521586817881, 'CDR': 0.03409700034187746, 'KTY': 0.030049340092095877, 'CPS': 0.026778290359477815, 'PCO': 0.025141710315835678, 'ACP': 0.023559999493514883, 'OPL': 0.022028937183183005, 'MBK': 0.01730490826288266, 'JSW': 0.015085870331367891, 'CCC': 0.008583867604789661}"
1042,2022-12-29,83915.61451032832,0.0,"{'PKN': 0.14959143533662267, 'PKO': 0.11525279938546472, 'PZU': 0.09342329071823811, 'DNP': 0.09210959493852537, 'KGH': 0.07539031009551465, 'PEO': 0.06901176311690943, 'ALE': 0.06202543399443711, 'LPP': 0.05507709125595647, 'SPL': 0.04362314130512774, 'PGE': 0.04186521586817881, 'CDR': 0.03409700034187746, 'KTY': 0.030049340092095877, 'CPS': 0.026778290359477815, 'PCO': 0.025141710315835678, 'ACP': 0.023559999493514883, 'OPL': 0.022028937183183005, 'MBK': 0.01730490826288266, 'JSW': 0.015085870331367891, 'CCC': 0.008583867604789661}"
1043,2022-12-30,83442.1543902432,-1.4551915228366852e-11,"{'PKN': 0.14959143533662267, 'PKO': 0.11525279938546472, 'PZU': 0.09342329071823811, 'DNP': 0.09210959493852537, 'KGH': 0.07539031009551465, 'PEO': 0.06901176311690943, 'ALE': 0.06202543399443711, 'LPP': 0.05507709125595647, 'SPL': 0.04362314130512774, 'PGE': 0.04186521586817881, 'CDR': 0.03409700034187746, 'KTY': 0.030049340092095877, 'CPS': 0.026778290359477815, 'PCO': 0.025141710315835678, 'ACP': 0.023559999493514883, 'OPL': 0.022028937183183005, 'MBK': 0.01730490826288266, 'JSW': 0.015085870331367891, 'CCC': 0.008583867604789661}"
