,date,nav,cash,weights
0,2019-01-01,100000.0,-2.9103830456733704e-11,"{'PKO': 0.16458196181698487, 'PKN': 0.15832784726793944, 'PZU': 0.12585034013605442, 'PEO': 0.08953258722843976, 'KGH': 0.06583278472679395, 'SPL': 0.06495501426377003, 'LPP': 0.05584814570989686, 'PGE': 0.05102040816326531, 'CDR': 0.05069124423963134, 'CPS': 0.032916392363396975, 'CCC': 0.028198376124643404, 'MBK': 0.027978933508887423, 'ALR': 0.024577572964669742, 'JSW': 0.020517884573184115, 'OPL': 0.017006802721088437, 'TPE': 0.01217906517445688, 'ENG': 0.009984639016897081}"
1,2019-01-02,101194.93143319883,-2.9103830456733704e-11,"{'PKO': 0.16458196181698487, 'PKN': 0.15832784726793944, 'PZU': 0.12585034013605442, 'PEO': 0.08953258722843976, 'KGH': 0.06583278472679395, 'SPL': 0.06495501426377003, 'LPP': 0.05584814570989686, 'PGE': 0.05102040816326531, 'CDR': 0.05069124423963134, 'CPS': 0.032916392363396975, 'CCC': 0.028198376124643404, 'MBK': 0.027978933508887423, 'ALR': 0.024577572964669742, 'JSW': 0.020517884573184115, 'OPL': 0.017006802721088437, 'TPE': 0.01217906517445688, 'ENG': 0.009984639016897081}"
2,2019-01-03,98607.84164374163,-2.9103830456733704e-11,"{'PKO': 0.16458196181698487, 'PKN': 0.15832784726793944, 'PZU': 0.12585034013605442, 'PEO': 0.08953258722843976, 'KGH': 0.06583278472679395, 'SPL': 0.06495501426377003, 'LPP': 0.05584814570989686, 'PGE': 0.05102040816326531, 'CDR': 0.05069124423963134, 'CPS': 0.032916392363396975, 'CCC': 0.028198376124643404, 'MBK': 0.027978933508887423, 'ALR': 0.024577572964669742, 'JSW': 0.020517884573184115, 'OPL': 0.017006802721088437, 'TPE': 0.01217906517445688, 'ENG': 0.009984639016897081}"
3,2019-01-04,100410.7835581436,-2.9103830456733704e-11,"{'PKO': 0.16458196181698487, 'PKN': 0.15832784726793944, 'PZU': 0.12585034013605442, 'PEO': 0.08953258722843976, 'KGH': 0.06583278472679395, 'SPL': 0.06495501426377003, 'LPP': 0.05584814570989686, 'PGE': 0.05102040816326531, 'CDR': 0.05069124423963134, 'CPS': 0.032916392363396975, 'CCC': 0.028198376124643404, 'MBK': 0.027978933508887423, 'ALR': 0.024577572964669742, 'JSW': 0.020517884573184115, 'OPL': 0.017006802721088437, 'TPE': 0.01217906517445688, 'ENG': 0.009984639016897081}"
4,2019-01-07,102249.31906070784,-2.9103830456733704e-11,"{'PKO': 0.16458196181698487, 'PKN': 0.15832784726793944, 'PZU': 0.12585034013605442, 'PEO': 0.08953258722843976, 'KGH': 0.06583278472679395, 'SPL': 0.06495501426377003, 'LPP': 0.05584814570989686, 'PGE': 0.05102040816326531, 'CDR': 0.05069124423963134, 'CPS': 0.032916392363396975, 'CCC': 0.028198376124643404, 'MBK': 0.027978933508887423, 'ALR': 0.024577572964669742, 'JSW': 0.020517884573184115, 'OPL': 0.017006802721088437, 'TPE': 0.01217906517445688, 'ENG': 0.009984639016897081}"
5,2019-01-08,101980.46423233258,-2.9103830456733704e-11,"{'PKO': 0.16458196181698487, 'PKN': 0.15832784726793944, 'PZU': 0.12585034013605442, 'PEO': 0.08953258722843976, 'KGH': 0.06583278472679395, 'SPL': 0.06495501426377003, 'LPP': 0.05584814570989686, 'PGE': 0.05102040816326531, 'CDR': 0.05069124423963134, 'CPS': 0.032916392363396975, 'CCC': 0.028198376124643404, 'MBK': 0.027978933508887423, 'ALR': 0.024577572964669742, 'JSW': 0.020517884573184115, 'OPL': 0.017006802721088437, 'TPE': 0.01217906517445688, 'ENG': 0.009984639016897081}"
6,2019-01-09,102558.48861721907,-2.9103830456733704e-11,"{'PKO': 0.16458196181698487, 'PKN': 0.15832784726793944, 'PZU': 0.12585034013605442, 'PEO': 0.08953258722843976, 'KGH': 0.06583278472679395, 'SPL': 0.06495501426377003, 'LPP': 0.05584814570989686, 'PGE': 0.05102040816326531, 'CDR': 0.05069124423963134, 'CPS': 0.032916392363396975, 'CCC': 0.028198376124643404, 'MBK': 0.027978933508887423, 'ALR': 0.024577572964669742, 'JSW': 0.020517884573184115, 'OPL': 0.017006802721088437, 'TPE': 0.01217906517445688, 'ENG': 0.009984639016897081}"
7,2019-01-10,102223.89307663948,-2.9103830456733704e-11,"{'PKO': 0.16458196181698487, 'PKN': 0.15832784726793944, 'PZU': 0.12585034013605442, 'PEO': 0.08953258722843976, 'KGH': 0.06583278472679395, 'SPL': 0.06495501426377003, 'LPP': 0.05584814570989686, 'PGE': 0.05102040816326531, 'CDR': 0.05069124423963134, 'CPS': 0.032916392363396975, 'CCC': 0.028198376124643404, 'MBK': 0.027978933508887423, 'ALR': 0.024577572964669742, 'JSW': 0.020517884573184115, 'OPL': 0.017006802721088437, 'TPE': 0.01217906517445688, 'ENG': 0.009984639016897081}"
8,2019-01-11,102273.57953328367,-2.9103830456733704e-11,"{'PKO': 0.16458196181698487, 'PKN': 0.15832784726793944, 'PZU': 0.12585034013605442, 'PEO': 0.08953258722843976, 'KGH': 0.06583278472679395, 'SPL': 0.06495501426377003, 'LPP': 0.05584814570989686, 'PGE': 0.05102040816326531, 'CDR': 0.05069124423963134, 'CPS': 0.032916392363396975, 'CCC': 0.028198376124643404, 'MBK': 0.027978933508887423, 'ALR': 0.024577572964669742, 'JSW': 0.020517884573184115, 'OPL': 0.017006802721088437, 'TPE': 0.01217906517445688, 'ENG': 0.009984639016897081}"
9,2019-01-14,101869.86751651816,-2.9103830456733704e-11,"{'PKO': 0.16458196181698487, 'PKN': 0.15832784726793944, 'PZU': 0.12585034013605442, 'PEO': 0.08953258722843976, 'KGH': 0.06583278472679395, 'SPL': 0.06495501426377003, 'LPP': 0.05584814570989686, 'PGE': 0.05102040816326531, 'CDR': 0.05069124423963134, 'CPS': 0.032916392363396975, 'CCC': 0.028198376124643404, 'MBK': 0.027978933508887423, 'ALR': 0.024577572964669742, 'JSW': 0.020517884573184115, 'OPL': 0.017006802721088437, 'TPE': 0.01217906517445688, 'ENG': 0.009984639016897081}"
10,2019-01-15,102639.96150690141,-2.9103830456733704e-11,"{'PKO': 0.16458196181698487, 'PKN': 0.15832784726793944, 'PZU': 0.12585034013605442, 'PEO': 0.08953258722843976, 'KGH': 0.06583278472679395, 'SPL': 0.06495501426377003, 'LPP': 0.05584814570989686, 'PGE': 0.05102040816326531, 'CDR': 0.05069124423963134, 'CPS': 0.032916392363396975, 'CCC': 0.028198376124643404, 'MBK': 0.027978933508887423, 'ALR': 0.024577572964669742, 'JSW': 0.020517884573184115, 'OPL': 0.017006802721088437, 'TPE': 0.01217906517445688, 'ENG': 0.009984639016897081}"
11,2019-01-16,103275.88130406098,-2.9103830456733704e-11,"{'PKO': 0.16458196181698487, 'PKN': 0.15832784726793944, 'PZU': 0.12585034013605442, 'PEO': 0.08953258722843976, 'KGH': 0.06583278472679395, 'SPL': 0.06495501426377003, 'LPP': 0.05584814570989686, 'PGE': 0.05102040816326531, 'CDR': 0.05069124423963134, 'CPS': 0.032916392363396975, 'CCC': 0.028198376124643404, 'MBK': 0.027978933508887423, 'ALR': 0.024577572964669742, 'JSW': 0.020517884573184115, 'OPL': 0.017006802721088437, 'TPE': 0.01217906517445688, 'ENG': 0.009984639016897081}"
12,2019-01-17,103112.13832720953,-2.9103830456733704e-11,"{'PKO': 0.16458196181698487, 'PKN': 0.15832784726793944, 'PZU': 0.12585034013605442, 'PEO': 0.08953258722843976, 'KGH': 0.06583278472679395, 'SPL': 0.06495501426377003, 'LPP': 0.05584814570989686, 'PGE': 0.05102040816326531, 'CDR': 0.05069124423963134, 'CPS': 0.032916392363396975, 'CCC': 0.028198376124643404, 'MBK': 0.027978933508887423, 'ALR': 0.024577572964669742, 'JSW': 0.020517884573184115, 'OPL': 0.017006802721088437, 'TPE': 0.01217906517445688, 'ENG': 0.009984639016897081}"
13,2019-01-18,103981.9190171508,-2.9103830456733704e-11,"{'PKO': 0.16458196181698487, 'PKN': 0.15832784726793944, 'PZU': 0.12585034013605442, 'PEO': 0.08953258722843976, 'KGH': 0.06583278472679395, 'SPL': 0.06495501426377003, 'LPP': 0.05584814570989686, 'PGE': 0.05102040816326531, 'CDR': 0.05069124423963134, 'CPS': 0.032916392363396975, 'CCC': 0.028198376124643404, 'MBK': 0.027978933508887423, 'ALR': 0.024577572964669742, 'JSW': 0.020517884573184115, 'OPL': 0.017006802721088437, 'TPE': 0.01217906517445688, 'ENG': 0.009984639016897081}"
14,2019-01-21,103174.6750557872,-2.9103830456733704e-11,"{'PKO': 0.16458196181698487, 'PKN': 0.15832784726793944, 'PZU': 0.12585034013605442, 'PEO': 0.08953258722843976, 'KGH': 0.06583278472679395, 'SPL': 0.06495501426377003, 'LPP': 0.05584814570989686, 'PGE': 0.05102040816326531, 'CDR': 0.05069124423963134, 'CPS': 0.032916392363396975, 'CCC': 0.028198376124643404, 'MBK': 0.027978933508887423, 'ALR': 0.024577572964669742, 'JSW': 0.020517884573184115, 'OPL': 0.017006802721088437, 'TPE': 0.01217906517445688, 'ENG': 0.009984639016897081}"
15,2019-01-22,103182.54954656928,-2.9103830456733704e-11,"{'PKO': 0.16458196181698487, 'PKN': 0.15832784726793944, 'PZU': 0.12585034013605442, 'PEO': 0.08953258722843976, 'KGH': 0.06583278472679395, 'SPL': 0.06495501426377003, 'LPP': 0.05584814570989686, 'PGE': 0.05102040816326531, 'CDR': 0.05069124423963134, 'CPS': 0.032916392363396975, 'CCC': 0.028198376124643404, 'MBK': 0.027978933508887423, 'ALR': 0.024577572964669742, 'JSW': 0.020517884573184115, 'OPL': 0.017006802721088437, 'TPE': 0.01217906517445688, 'ENG': 0.009984639016897081}"
16,2019-01-23,105312.54558962771,-2.9103830456733704e-11,"{'PKO': 0.16458196181698487, 'PKN': 0.15832784726793944, 'PZU': 0.12585034013605442, 'PEO': 0.08953258722843976, 'KGH': 0.06583278472679395, 'SPL': 0.06495501426377003, 'LPP': 0.05584814570989686, 'PGE': 0.05102040816326531, 'CDR': 0.05069124423963134, 'CPS': 0.032916392363396975, 'CCC': 0.028198376124643404, 'MBK': 0.027978933508887423, 'ALR': 0.024577572964669742, 'JSW': 0.020517884573184115, 'OPL': 0.017006802721088437, 'TPE': 0.01217906517445688, 'ENG': 0.009984639016897081}"
17,2019-01-24,105347.1331149801,-2.9103830456733704e-11,"{'PKO': 0.16458196181698487, 'PKN': 0.15832784726793944, 'PZU': 0.12585034013605442, 'PEO': 0.08953258722843976, 'KGH': 0.06583278472679395, 'SPL': 0.06495501426377003, 'LPP': 0.05584814570989686, 'PGE': 0.05102040816326531, 'CDR': 0.05069124423963134, 'CPS': 0.032916392363396975, 'CCC': 0.028198376124643404, 'MBK': 0.027978933508887423, 'ALR': 0.024577572964669742, 'JSW': 0.020517884573184115, 'OPL': 0.017006802721088437, 'TPE': 0.01217906517445688, 'ENG': 0.009984639016897081}"
18,2019-01-25,105027.56785588745,-2.9103830456733704e-11,"{'PKO': 0.16458196181698487, 'PKN': 0.15832784726793944, 'PZU': 0.12585034013605442, 'PEO': 0.08953258722843976, 'KGH': 0.06583278472679395, 'SPL': 0.06495501426377003, 'LPP': 0.05584814570989686, 'PGE': 0.05102040816326531, 'CDR': 0.05069124423963134, 'CPS': 0.032916392363396975, 'CCC': 0.028198376124643404, 'MBK': 0.027978933508887423, 'ALR': 0.024577572964669742, 'JSW': 0.020517884573184115, 'OPL': 0.017006802721088437, 'TPE': 0.01217906517445688, 'ENG': 0.009984639016897081}"
19,2019-01-28,103897.26030100536,-2.9103830456733704e-11,"{'PKO': 0.16458196181698487, 'PKN': 0.15832784726793944, 'PZU': 0.12585034013605442, 'PEO': 0.08953258722843976, 'KGH': 0.06583278472679395, 'SPL': 0.06495501426377003, 'LPP': 0.05584814570989686, 'PGE': 0.05102040816326531, 'CDR': 0.05069124423963134, 'CPS': 0.032916392363396975, 'CCC': 0.028198376124643404, 'MBK': 0.027978933508887423, 'ALR': 0.024577572964669742, 'JSW': 0.020517884573184115, 'OPL': 0.017006802721088437, 'TPE': 0.01217906517445688, 'ENG': 0.009984639016897081}"
20,2019-01-29,104145.93337395857,-2.9103830456733704e-11,"{'PKO': 0.16458196181698487, 'PKN': 0.15832784726793944, 'PZU': 0.12585034013605442, 'PEO': 0.08953258722843976, 'KGH': 0.06583278472679395, 'SPL': 0.06495501426377003, 'LPP': 0.05584814570989686, 'PGE': 0.05102040816326531, 'CDR': 0.05069124423963134, 'CPS': 0.032916392363396975, 'CCC': 0.028198376124643404, 'MBK': 0.027978933508887423, 'ALR': 0.024577572964669742, 'JSW': 0.020517884573184115, 'OPL': 0.017006802721088437, 'TPE': 0.01217906517445688, 'ENG': 0.009984639016897081}"
21,2019-01-30,103346.07813669964,-2.9103830456733704e-11,"{'PKO': 0.16458196181698487, 'PKN': 0.15832784726793944, 'PZU': 0.12585034013605442, 'PEO': 0.08953258722843976, 'KGH': 0.06583278472679395, 'SPL': 0.06495501426377003, 'LPP': 0.05584814570989686, 'PGE': 0.05102040816326531, 'CDR': 0.05069124423963134, 'CPS': 0.032916392363396975, 'CCC': 0.028198376124643404, 'MBK': 0.027978933508887423, 'ALR': 0.024577572964669742, 'JSW': 0.020517884573184115, 'OPL': 0.017006802721088437, 'TPE': 0.01217906517445688, 'ENG': 0.009984639016897081}"
22,2019-01-31,104275.90916398076,-2.9103830456733704e-11,"{'PKO': 0.16458196181698487, 'PKN': 0.15832784726793944, 'PZU': 0.12585034013605442, 'PEO': 0.08953258722843976, 'KGH': 0.06583278472679395, 'SPL': 0.06495501426377003, 'LPP': 0.05584814570989686, 'PGE': 0.05102040816326531, 'CDR': 0.05069124423963134, 'CPS': 0.032916392363396975, 'CCC': 0.028198376124643404, 'MBK': 0.027978933508887423, 'ALR': 0.024577572964669742, 'JSW': 0.020517884573184115, 'OPL': 0.017006802721088437, 'TPE': 0.01217906517445688, 'ENG': 0.009984639016897081}"
23,2019-02-01,105000.6632709511,-2.9103830456733704e-11,"{'PKO': 0.16458196181698487, 'PKN': 0.15832784726793944, 'PZU': 0.12585034013605442, 'PEO': 0.08953258722843976, 'KGH': 0.06583278472679395, 'SPL': 0.06495501426377003, 'LPP': 0.05584814570989686, 'PGE': 0.05102040816326531, 'CDR': 0.05069124423963134, 'CPS': 0.032916392363396975, 'CCC': 0.028198376124643404, 'MBK': 0.027978933508887423, 'ALR': 0.024577572964669742, 'JSW': 0.020517884573184115, 'OPL': 0.017006802721088437, 'TPE': 0.01217906517445688, 'ENG': 0.009984639016897081}"
24,2019-02-04,104952.16924211872,-2.9103830456733704e-11,"{'PKO': 0.16458196181698487, 'PKN': 0.15832784726793944, 'PZU': 0.12585034013605442, 'PEO': 0.08953258722843976, 'KGH': 0.06583278472679395, 'SPL': 0.06495501426377003, 'LPP': 0.05584814570989686, 'PGE': 0.05102040816326531, 'CDR': 0.05069124423963134, 'CPS': 0.032916392363396975, 'CCC': 0.028198376124643404, 'MBK': 0.027978933508887423, 'ALR': 0.024577572964669742, 'JSW': 0.020517884573184115, 'OPL': 0.017006802721088437, 'TPE': 0.01217906517445688, 'ENG': 0.009984639016897081}"
25,2019-02-05,105764.7466970626,-2.9103830456733704e-11,"{'PKO': 0.16458196181698487, 'PKN': 0.15832784726793944, 'PZU': 0.12585034013605442, 'PEO': 0.08953258722843976, 'KGH': 0.06583278472679395, 'SPL': 0.06495501426377003, 'LPP': 0.05584814570989686, 'PGE': 0.05102040816326531, 'CDR': 0.05069124423963134, 'CPS': 0.032916392363396975, 'CCC': 0.028198376124643404, 'MBK': 0.027978933508887423, 'ALR': 0.024577572964669742, 'JSW': 0.020517884573184115, 'OPL': 0.017006802721088437, 'TPE': 0.01217906517445688, 'ENG': 0.009984639016897081}"
26,2019-02-06,105966.13609015434,-2.9103830456733704e-11,"{'PKO': 0.16458196181698487, 'PKN': 0.15832784726793944, 'PZU': 0.12585034013605442, 'PEO': 0.08953258722843976, 'KGH': 0.06583278472679395, 'SPL': 0.06495501426377003, 'LPP': 0.05584814570989686, 'PGE': 0.05102040816326531, 'CDR': 0.05069124423963134, 'CPS': 0.032916392363396975, 'CCC': 0.028198376124643404, 'MBK': 0.027978933508887423, 'ALR': 0.024577572964669742, 'JSW': 0.020517884573184115, 'OPL': 0.017006802721088437, 'TPE': 0.01217906517445688, 'ENG': 0.009984639016897081}"
27,2019-02-07,104172.29485700415,-2.9103830456733704e-11,"{'PKO': 0.16458196181698487, 'PKN': 0.15832784726793944, 'PZU': 0.12585034013605442, 'PEO': 0.08953258722843976, 'KGH': 0.06583278472679395, 'SPL': 0.06495501426377003, 'LPP': 0.05584814570989686, 'PGE': 0.05102040816326531, 'CDR': 0.05069124423963134, 'CPS': 0.032916392363396975, 'CCC': 0.028198376124643404, 'MBK': 0.027978933508887423, 'ALR': 0.024577572964669742, 'JSW': 0.020517884573184115, 'OPL': 0.017006802721088437, 'TPE': 0.01217906517445688, 'ENG': 0.009984639016897081}"
28,2019-02-08,103434.152506937,-2.9103830456733704e-11,"{'PKO': 0.16458196181698487, 'PKN': 0.15832784726793944, 'PZU': 0.12585034013605442, 'PEO': 0.08953258722843976, 'KGH': 0.06583278472679395, 'SPL': 0.06495501426377003, 'LPP': 0.05584814570989686, 'PGE': 0.05102040816326531, 'CDR': 0.05069124423963134, 'CPS': 0.032916392363396975, 'CCC': 0.028198376124643404, 'MBK': 0.027978933508887423, 'ALR': 0.024577572964669742, 'JSW': 0.020517884573184115, 'OPL': 0.017006802721088437, 'TPE': 0.01217906517445688, 'ENG': 0.009984639016897081}"
29,2019-02-11,103486.85326775804,-2.9103830456733704e-11,"{'PKO': 0.16458196181698487, 'PKN': 0.15832784726793944, 'PZU': 0.12585034013605442, 'PEO': 0.08953258722843976, 'KGH': 0.06583278472679395, 'SPL': 0.06495501426377003, 'LPP': 0.05584814570989686, 'PGE': 0.05102040816326531, 'CDR': 0.05069124423963134, 'CPS': 0.032916392363396975, 'CCC': 0.028198376124643404, 'MBK': 0.027978933508887423, 'ALR': 0.024577572964669742, 'JSW': 0.020517884573184115, 'OPL': 0.017006802721088437, 'TPE': 0.01217906517445688, 'ENG': 0.009984639016897081}"
30,2019-02-12,104183.56354333155,-2.9103830456733704e-11,"{'PKO': 0.16458196181698487, 'PKN': 0.15832784726793944, 'PZU': 0.12585034013605442, 'PEO': 0.08953258722843976, 'KGH': 0.06583278472679395, 'SPL': 0.06495501426377003, 'LPP': 0.05584814570989686, 'PGE': 0.05102040816326531, 'CDR': 0.05069124423963134, 'CPS': 0.032916392363396975, 'CCC': 0.028198376124643404, 'MBK': 0.027978933508887423, 'ALR': 0.024577572964669742, 'JSW': 0.020517884573184115, 'OPL': 0.017006802721088437, 'TPE': 0.01217906517445688, 'ENG': 0.009984639016897081}"
31,2019-02-13,102995.13720782015,-2.9103830456733704e-11,"{'PKO': 0.16458196181698487, 'PKN': 0.15832784726793944, 'PZU': 0.12585034013605442, 'PEO': 0.08953258722843976, 'KGH': 0.06583278472679395, 'SPL': 0.06495501426377003, 'LPP': 0.05584814570989686, 'PGE': 0.05102040816326531, 'CDR': 0.05069124423963134, 'CPS': 0.032916392363396975, 'CCC': 0.028198376124643404, 'MBK': 0.027978933508887423, 'ALR': 0.024577572964669742, 'JSW': 0.020517884573184115, 'OPL': 0.017006802721088437, 'TPE': 0.01217906517445688, 'ENG': 0.009984639016897081}"
32,2019-02-14,102023.93011917325,-2.9103830456733704e-11,"{'PKO': 0.16458196181698487, 'PKN': 0.15832784726793944, 'PZU': 0.12585034013605442, 'PEO': 0.08953258722843976, 'KGH': 0.06583278472679395, 'SPL': 0.06495501426377003, 'LPP': 0.05584814570989686, 'PGE': 0.05102040816326531, 'CDR': 0.05069124423963134, 'CPS': 0.032916392363396975, 'CCC': 0.028198376124643404, 'MBK': 0.027978933508887423, 'ALR': 0.024577572964669742, 'JSW': 0.020517884573184115, 'OPL': 0.017006802721088437, 'TPE': 0.01217906517445688, 'ENG': 0.009984639016897081}"
33,2019-02-15,102904.9781012602,-2.9103830456733704e-11,"{'PKO': 0.16458196181698487, 'PKN': 0.15832784726793944, 'PZU': 0.12585034013605442, 'PEO': 0.08953258722843976, 'KGH': 0.06583278472679395, 'SPL': 0.06495501426377003, 'LPP': 0.05584814570989686, 'PGE': 0.05102040816326531, 'CDR': 0.05069124423963134, 'CPS': 0.032916392363396975, 'CCC': 0.028198376124643404, 'MBK': 0.027978933508887423, 'ALR': 0.024577572964669742, 'JSW': 0.020517884573184115, 'OPL': 0.017006802721088437, 'TPE': 0.01217906517445688, 'ENG': 0.009984639016897081}"
34,2019-02-18,102279.08702711588,-2.9103830456733704e-11,"{'PKO': 0.16458196181698487, 'PKN': 0.15832784726793944, 'PZU': 0.12585034013605442, 'PEO': 0.08953258722843976, 'KGH': 0.06583278472679395, 'SPL': 0.06495501426377003, 'LPP': 0.05584814570989686, 'PGE': 0.05102040816326531, 'CDR': 0.05069124423963134, 'CPS': 0.032916392363396975, 'CCC': 0.028198376124643404, 'MBK': 0.027978933508887423, 'ALR': 0.024577572964669742, 'JSW': 0.020517884573184115, 'OPL': 0.017006802721088437, 'TPE': 0.01217906517445688, 'ENG': 0.009984639016897081}"
35,2019-02-19,102122.90150608776,-2.9103830456733704e-11,"{'PKO': 0.16458196181698487, 'PKN': 0.15832784726793944, 'PZU': 0.12585034013605442, 'PEO': 0.08953258722843976, 'KGH': 0.06583278472679395, 'SPL': 0.06495501426377003, 'LPP': 0.05584814570989686, 'PGE': 0.05102040816326531, 'CDR': 0.05069124423963134, 'CPS': 0.032916392363396975, 'CCC': 0.028198376124643404, 'MBK': 0.027978933508887423, 'ALR': 0.024577572964669742, 'JSW': 0.020517884573184115, 'OPL': 0.017006802721088437, 'TPE': 0.01217906517445688, 'ENG': 0.009984639016897081}"
36,2019-02-20,104118.7271629774,-2.9103830456733704e-11,"{'PKO': 0.16458196181698487, 'PKN': 0.15832784726793944, 'PZU': 0.12585034013605442, 'PEO': 0.08953258722843976, 'KGH': 0.06583278472679395, 'SPL': 0.06495501426377003, 'LPP': 0.05584814570989686, 'PGE': 0.05102040816326531, 'CDR': 0.05069124423963134, 'CPS': 0.032916392363396975, 'CCC': 0.028198376124643404, 'MBK': 0.027978933508887423, 'ALR': 0.024577572964669742, 'JSW': 0.020517884573184115, 'OPL': 0.017006802721088437, 'TPE': 0.01217906517445688, 'ENG': 0.009984639016897081}"
37,2019-02-21,102892.26062403551,-2.9103830456733704e-11,"{'PKO': 0.16458196181698487, 'PKN': 0.15832784726793944, 'PZU': 0.12585034013605442, 'PEO': 0.08953258722843976, 'KGH': 0.06583278472679395, 'SPL': 0.06495501426377003, 'LPP': 0.05584814570989686, 'PGE': 0.05102040816326531, 'CDR': 0.05069124423963134, 'CPS': 0.032916392363396975, 'CCC': 0.028198376124643404, 'MBK': 0.027978933508887423, 'ALR': 0.024577572964669742, 'JSW': 0.020517884573184115, 'OPL': 0.017006802721088437, 'TPE': 0.01217906517445688, 'ENG': 0.009984639016897081}"
38,2019-02-22,103537.84766434776,-2.9103830456733704e-11,"{'PKO': 0.16458196181698487, 'PKN': 0.15832784726793944, 'PZU': 0.12585034013605442, 'PEO': 0.08953258722843976, 'KGH': 0.06583278472679395, 'SPL': 0.06495501426377003, 'LPP': 0.05584814570989686, 'PGE': 0.05102040816326531, 'CDR': 0.05069124423963134, 'CPS': 0.032916392363396975, 'CCC': 0.028198376124643404, 'MBK': 0.027978933508887423, 'ALR': 0.024577572964669742, 'JSW': 0.020517884573184115, 'OPL': 0.017006802721088437, 'TPE': 0.01217906517445688, 'ENG': 0.009984639016897081}"
39,2019-02-25,104221.13095401246,-2.9103830456733704e-11,"{'PKO': 0.16458196181698487, 'PKN': 0.15832784726793944, 'PZU': 0.12585034013605442, 'PEO': 0.08953258722843976, 'KGH': 0.06583278472679395, 'SPL': 0.06495501426377003, 'LPP': 0.05584814570989686, 'PGE': 0.05102040816326531, 'CDR': 0.05069124423963134, 'CPS': 0.032916392363396975, 'CCC': 0.028198376124643404, 'MBK': 0.027978933508887423, 'ALR': 0.024577572964669742, 'JSW': 0.020517884573184115, 'OPL': 0.017006802721088437, 'TPE': 0.01217906517445688, 'ENG': 0.009984639016897081}"
40,2019-02-26,103839.32397775036,-2.9103830456733704e-11,"{'PKO': 0.16458196181698487, 'PKN': 0.15832784726793944, 'PZU': 0.12585034013605442, 'PEO': 0.08953258722843976, 'KGH': 0.06583278472679395, 'SPL': 0.06495501426377003, 'LPP': 0.05584814570989686, 'PGE': 0.05102040816326531, 'CDR': 0.05069124423963134, 'CPS': 0.032916392363396975, 'CCC': 0.028198376124643404, 'MBK': 0.027978933508887423, 'ALR': 0.024577572964669742, 'JSW': 0.020517884573184115, 'OPL': 0.017006802721088437, 'TPE': 0.01217906517445688, 'ENG': 0.009984639016897081}"
41,2019-02-27,102573.82935813275,-2.9103830456733704e-11,"{'PKO': 0.16458196181698487, 'PKN': 0.15832784726793944, 'PZU': 0.12585034013605442, 'PEO': 0.08953258722843976, 'KGH': 0.06583278472679395, 'SPL': 0.06495501426377003, 'LPP': 0.05584814570989686, 'PGE': 0.05102040816326531, 'CDR': 0.05069124423963134, 'CPS': 0.032916392363396975, 'CCC': 0.028198376124643404, 'MBK': 0.027978933508887423, 'ALR': 0.024577572964669742, 'JSW': 0.020517884573184115, 'OPL': 0.017006802721088437, 'TPE': 0.01217906517445688, 'ENG': 0.009984639016897081}"
42,2019-02-28,102459.14048374312,-2.9103830456733704e-11,"{'PKO': 0.16458196181698487, 'PKN': 0.15832784726793944, 'PZU': 0.12585034013605442, 'PEO': 0.08953258722843976, 'KGH': 0.06583278472679395, 'SPL': 0.06495501426377003, 'LPP': 0.05584814570989686, 'PGE': 0.05102040816326531, 'CDR': 0.05069124423963134, 'CPS': 0.032916392363396975, 'CCC': 0.028198376124643404, 'MBK': 0.027978933508887423, 'ALR': 0.024577572964669742, 'JSW': 0.020517884573184115, 'OPL': 0.017006802721088437, 'TPE': 0.01217906517445688, 'ENG': 0.009984639016897081}"
43,2019-03-01,102563.42668530442,-2.9103830456733704e-11,"{'PKO': 0.16458196181698487, 'PKN': 0.15832784726793944, 'PZU': 0.12585034013605442, 'PEO': 0.08953258722843976, 'KGH': 0.06583278472679395, 'SPL': 0.06495501426377003, 'LPP': 0.05584814570989686, 'PGE': 0.05102040816326531, 'CDR': 0.05069124423963134, 'CPS': 0.032916392363396975, 'CCC': 0.028198376124643404, 'MBK': 0.027978933508887423, 'ALR': 0.024577572964669742, 'JSW': 0.020517884573184115, 'OPL': 0.017006802721088437, 'TPE': 0.01217906517445688, 'ENG': 0.009984639016897081}"
44,2019-03-04,102495.71141814518,-2.9103830456733704e-11,"{'PKO': 0.16458196181698487, 'PKN': 0.15832784726793944, 'PZU': 0.12585034013605442, 'PEO': 0.08953258722843976, 'KGH': 0.06583278472679395, 'SPL': 0.06495501426377003, 'LPP': 0.05584814570989686, 'PGE': 0.05102040816326531, 'CDR': 0.05069124423963134, 'CPS': 0.032916392363396975, 'CCC': 0.028198376124643404, 'MBK': 0.027978933508887423, 'ALR': 0.024577572964669742, 'JSW': 0.020517884573184115, 'OPL': 0.017006802721088437, 'TPE': 0.01217906517445688, 'ENG': 0.009984639016897081}"
45,2019-03-05,102005.34844779047,-2.9103830456733704e-11,"{'PZU': 0.1160686921661077, 'CDR': 0.06402946947076314, 'CPS': 0.035502476778418036, 'CCC': 0.026870426822309057, 'PTW': 0.06357673202073619, 'BIP': 0.060649880436860155, 'EHG': 0.05949829915812171, 'IZO': 0.05886749711318509, 'BST': 0.05856253754456023, 'CSR': 0.05792248840307651, 'JWW': 0.05780102888498203, 'MBR': 0.057408756825056494, 'EKP': 0.057312031610135296, 'MOJ': 0.05715293359660157, 'PMA': 0.0562746371297107, 'PRT': 0.05626908031528341, 'NTU': 0.05623303172409287}"
46,2019-03-06,101959.9834217658,-2.9103830456733704e-11,"{'PZU': 0.1160686921661077, 'CDR': 0.06402946947076314, 'CPS': 0.035502476778418036, 'CCC': 0.026870426822309057, 'PTW': 0.06357673202073619, 'BIP': 0.060649880436860155, 'EHG': 0.05949829915812171, 'IZO': 0.05886749711318509, 'BST': 0.05856253754456023, 'CSR': 0.05792248840307651, 'JWW': 0.05780102888498203, 'MBR': 0.057408756825056494, 'EKP': 0.057312031610135296, 'MOJ': 0.05715293359660157, 'PMA': 0.0562746371297107, 'PRT': 0.05626908031528341, 'NTU': 0.05623303172409287}"
47,2019-03-07,101403.18761965653,-2.9103830456733704e-11,"{'PZU': 0.1160686921661077, 'CDR': 0.06402946947076314, 'CPS': 0.035502476778418036, 'CCC': 0.026870426822309057, 'PTW': 0.06357673202073619, 'BIP': 0.060649880436860155, 'EHG': 0.05949829915812171, 'IZO': 0.05886749711318509, 'BST': 0.05856253754456023, 'CSR': 0.05792248840307651, 'JWW': 0.05780102888498203, 'MBR': 0.057408756825056494, 'EKP': 0.057312031610135296, 'MOJ': 0.05715293359660157, 'PMA': 0.0562746371297107, 'PRT': 0.05626908031528341, 'NTU': 0.05623303172409287}"
48,2019-03-08,101910.70843004418,-2.9103830456733704e-11,"{'PZU': 0.1160686921661077, 'CDR': 0.06402946947076314, 'CPS': 0.035502476778418036, 'CCC': 0.026870426822309057, 'PTW': 0.06357673202073619, 'BIP': 0.060649880436860155, 'EHG': 0.05949829915812171, 'IZO': 0.05886749711318509, 'BST': 0.05856253754456023, 'CSR': 0.05792248840307651, 'JWW': 0.05780102888498203, 'MBR': 0.057408756825056494, 'EKP': 0.057312031610135296, 'MOJ': 0.05715293359660157, 'PMA': 0.0562746371297107, 'PRT': 0.05626908031528341, 'NTU': 0.05623303172409287}"
49,2019-03-11,100830.33889076632,-2.9103830456733704e-11,"{'PZU': 0.1160686921661077, 'CDR': 0.06402946947076314, 'CPS': 0.035502476778418036, 'CCC': 0.026870426822309057, 'PTW': 0.06357673202073619, 'BIP': 0.060649880436860155, 'EHG': 0.05949829915812171, 'IZO': 0.05886749711318509, 'BST': 0.05856253754456023, 'CSR': 0.05792248840307651, 'JWW': 0.05780102888498203, 'MBR': 0.057408756825056494, 'EKP': 0.057312031610135296, 'MOJ': 0.05715293359660157, 'PMA': 0.0562746371297107, 'PRT': 0.05626908031528341, 'NTU': 0.05623303172409287}"
50,2019-03-12,101873.7636999406,-2.9103830456733704e-11,"{'PZU': 0.1160686921661077, 'CDR': 0.06402946947076314, 'CPS': 0.035502476778418036, 'CCC': 0.026870426822309057, 'PTW': 0.06357673202073619, 'BIP': 0.060649880436860155, 'EHG': 0.05949829915812171, 'IZO': 0.05886749711318509, 'BST': 0.05856253754456023, 'CSR': 0.05792248840307651, 'JWW': 0.05780102888498203, 'MBR': 0.057408756825056494, 'EKP': 0.057312031610135296, 'MOJ': 0.05715293359660157, 'PMA': 0.0562746371297107, 'PRT': 0.05626908031528341, 'NTU': 0.05623303172409287}"
51,2019-03-13,103962.24054246403,-2.9103830456733704e-11,"{'PZU': 0.1160686921661077, 'CDR': 0.06402946947076314, 'CPS': 0.035502476778418036, 'CCC': 0.026870426822309057, 'PTW': 0.06357673202073619, 'BIP': 0.060649880436860155, 'EHG': 0.05949829915812171, 'IZO': 0.05886749711318509, 'BST': 0.05856253754456023, 'CSR': 0.05792248840307651, 'JWW': 0.05780102888498203, 'MBR': 0.057408756825056494, 'EKP': 0.057312031610135296, 'MOJ': 0.05715293359660157, 'PMA': 0.0562746371297107, 'PRT': 0.05626908031528341, 'NTU': 0.05623303172409287}"
52,2019-03-14,106606.59860032308,-2.9103830456733704e-11,"{'PZU': 0.1160686921661077, 'CDR': 0.06402946947076314, 'CPS': 0.035502476778418036, 'CCC': 0.026870426822309057, 'PTW': 0.06357673202073619, 'BIP': 0.060649880436860155, 'EHG': 0.05949829915812171, 'IZO': 0.05886749711318509, 'BST': 0.05856253754456023, 'CSR': 0.05792248840307651, 'JWW': 0.05780102888498203, 'MBR': 0.057408756825056494, 'EKP': 0.057312031610135296, 'MOJ': 0.05715293359660157, 'PMA': 0.0562746371297107, 'PRT': 0.05626908031528341, 'NTU': 0.05623303172409287}"
53,2019-03-15,108715.20950021315,-2.9103830456733704e-11,"{'PKO': 0.16635244538094715, 'PKN': 0.15027170899412226, 'PZU': 0.12188089164910729, 'PEO': 0.08883220583342577, 'KGH': 0.06543196184983921, 'SPL': 0.06376843739602973, 'CDR': 0.06177220805145838, 'LPP': 0.050903848286569825, 'PGE': 0.04824220916047467, 'CPS': 0.034490407008983044, 'MBK': 0.02872352223577687, 'ALR': 0.025729178218919825, 'CCC': 0.024509260286126214, 'DNP': 0.022513030941554844, 'OPL': 0.017744260840634362, 'JSW': 0.016635244538094715, 'TPE': 0.012199179327936125}"
54,2019-03-18,108805.02966036758,-2.9103830456733704e-11,"{'PKO': 0.16635244538094715, 'PKN': 0.15027170899412226, 'PZU': 0.12188089164910729, 'PEO': 0.08883220583342577, 'KGH': 0.06543196184983921, 'SPL': 0.06376843739602973, 'CDR': 0.06177220805145838, 'LPP': 0.050903848286569825, 'PGE': 0.04824220916047467, 'CPS': 0.034490407008983044, 'MBK': 0.02872352223577687, 'ALR': 0.025729178218919825, 'CCC': 0.024509260286126214, 'DNP': 0.022513030941554844, 'OPL': 0.017744260840634362, 'JSW': 0.016635244538094715, 'TPE': 0.012199179327936125}"
55,2019-03-19,109322.83587992293,-2.9103830456733704e-11,"{'PKO': 0.16635244538094715, 'PKN': 0.15027170899412226, 'PZU': 0.12188089164910729, 'PEO': 0.08883220583342577, 'KGH': 0.06543196184983921, 'SPL': 0.06376843739602973, 'CDR': 0.06177220805145838, 'LPP': 0.050903848286569825, 'PGE': 0.04824220916047467, 'CPS': 0.034490407008983044, 'MBK': 0.02872352223577687, 'ALR': 0.025729178218919825, 'CCC': 0.024509260286126214, 'DNP': 0.022513030941554844, 'OPL': 0.017744260840634362, 'JSW': 0.016635244538094715, 'TPE': 0.012199179327936125}"
56,2019-03-20,109513.2270662962,-2.9103830456733704e-11,"{'PKO': 0.16635244538094715, 'PKN': 0.15027170899412226, 'PZU': 0.12188089164910729, 'PEO': 0.08883220583342577, 'KGH': 0.06543196184983921, 'SPL': 0.06376843739602973, 'CDR': 0.06177220805145838, 'LPP': 0.050903848286569825, 'PGE': 0.04824220916047467, 'CPS': 0.034490407008983044, 'MBK': 0.02872352223577687, 'ALR': 0.025729178218919825, 'CCC': 0.024509260286126214, 'DNP': 0.022513030941554844, 'OPL': 0.017744260840634362, 'JSW': 0.016635244538094715, 'TPE': 0.012199179327936125}"
57,2019-03-21,109633.29438024331,-2.9103830456733704e-11,"{'PKO': 0.16635244538094715, 'PKN': 0.15027170899412226, 'PZU': 0.12188089164910729, 'PEO': 0.08883220583342577, 'KGH': 0.06543196184983921, 'SPL': 0.06376843739602973, 'CDR': 0.06177220805145838, 'LPP': 0.050903848286569825, 'PGE': 0.04824220916047467, 'CPS': 0.034490407008983044, 'MBK': 0.02872352223577687, 'ALR': 0.025729178218919825, 'CCC': 0.024509260286126214, 'DNP': 0.022513030941554844, 'OPL': 0.017744260840634362, 'JSW': 0.016635244538094715, 'TPE': 0.012199179327936125}"
58,2019-03-22,107796.49097439436,-2.9103830456733704e-11,"{'PKO': 0.16635244538094715, 'PKN': 0.15027170899412226, 'PZU': 0.12188089164910729, 'PEO': 0.08883220583342577, 'KGH': 0.06543196184983921, 'SPL': 0.06376843739602973, 'CDR': 0.06177220805145838, 'LPP': 0.050903848286569825, 'PGE': 0.04824220916047467, 'CPS': 0.034490407008983044, 'MBK': 0.02872352223577687, 'ALR': 0.025729178218919825, 'CCC': 0.024509260286126214, 'DNP': 0.022513030941554844, 'OPL': 0.017744260840634362, 'JSW': 0.016635244538094715, 'TPE': 0.012199179327936125}"
59,2019-03-25,107540.79255605556,-2.9103830456733704e-11,"{'PKO': 0.16635244538094715, 'PKN': 0.15027170899412226, 'PZU': 0.12188089164910729, 'PEO': 0.08883220583342577, 'KGH': 0.06543196184983921, 'SPL': 0.06376843739602973, 'CDR': 0.06177220805145838, 'LPP': 0.050903848286569825, 'PGE': 0.04824220916047467, 'CPS': 0.034490407008983044, 'MBK': 0.02872352223577687, 'ALR': 0.025729178218919825, 'CCC': 0.024509260286126214, 'DNP': 0.022513030941554844, 'OPL': 0.017744260840634362, 'JSW': 0.016635244538094715, 'TPE': 0.012199179327936125}"
60,2019-03-26,108130.55823364697,-2.9103830456733704e-11,"{'PKO': 0.16635244538094715, 'PKN': 0.15027170899412226, 'PZU': 0.12188089164910729, 'PEO': 0.08883220583342577, 'KGH': 0.06543196184983921, 'SPL': 0.06376843739602973, 'CDR': 0.06177220805145838, 'LPP': 0.050903848286569825, 'PGE': 0.04824220916047467, 'CPS': 0.034490407008983044, 'MBK': 0.02872352223577687, 'ALR': 0.025729178218919825, 'CCC': 0.024509260286126214, 'DNP': 0.022513030941554844, 'OPL': 0.017744260840634362, 'JSW': 0.016635244538094715, 'TPE': 0.012199179327936125}"
61,2019-03-27,107663.1151039483,-2.9103830456733704e-11,"{'PKO': 0.16635244538094715, 'PKN': 0.15027170899412226, 'PZU': 0.12188089164910729, 'PEO': 0.08883220583342577, 'KGH': 0.06543196184983921, 'SPL': 0.06376843739602973, 'CDR': 0.06177220805145838, 'LPP': 0.050903848286569825, 'PGE': 0.04824220916047467, 'CPS': 0.034490407008983044, 'MBK': 0.02872352223577687, 'ALR': 0.025729178218919825, 'CCC': 0.024509260286126214, 'DNP': 0.022513030941554844, 'OPL': 0.017744260840634362, 'JSW': 0.016635244538094715, 'TPE': 0.012199179327936125}"
62,2019-03-28,107559.82027119664,-2.9103830456733704e-11,"{'PKO': 0.16635244538094715, 'PKN': 0.15027170899412226, 'PZU': 0.12188089164910729, 'PEO': 0.08883220583342577, 'KGH': 0.06543196184983921, 'SPL': 0.06376843739602973, 'CDR': 0.06177220805145838, 'LPP': 0.050903848286569825, 'PGE': 0.04824220916047467, 'CPS': 0.034490407008983044, 'MBK': 0.02872352223577687, 'ALR': 0.025729178218919825, 'CCC': 0.024509260286126214, 'DNP': 0.022513030941554844, 'OPL': 0.017744260840634362, 'JSW': 0.016635244538094715, 'TPE': 0.012199179327936125}"
63,2019-03-29,107485.65109345633,-2.9103830456733704e-11,"{'PKO': 0.16635244538094715, 'PKN': 0.15027170899412226, 'PZU': 0.12188089164910729, 'PEO': 0.08883220583342577, 'KGH': 0.06543196184983921, 'SPL': 0.06376843739602973, 'CDR': 0.06177220805145838, 'LPP': 0.050903848286569825, 'PGE': 0.04824220916047467, 'CPS': 0.034490407008983044, 'MBK': 0.02872352223577687, 'ALR': 0.025729178218919825, 'CCC': 0.024509260286126214, 'DNP': 0.022513030941554844, 'OPL': 0.017744260840634362, 'JSW': 0.016635244538094715, 'TPE': 0.012199179327936125}"
64,2019-04-01,108741.29713228252,-2.9103830456733704e-11,"{'PKO': 0.16635244538094715, 'PKN': 0.15027170899412226, 'PZU': 0.12188089164910729, 'PEO': 0.08883220583342577, 'KGH': 0.06543196184983921, 'SPL': 0.06376843739602973, 'CDR': 0.06177220805145838, 'LPP': 0.050903848286569825, 'PGE': 0.04824220916047467, 'CPS': 0.034490407008983044, 'MBK': 0.02872352223577687, 'ALR': 0.025729178218919825, 'CCC': 0.024509260286126214, 'DNP': 0.022513030941554844, 'OPL': 0.017744260840634362, 'JSW': 0.016635244538094715, 'TPE': 0.012199179327936125}"
65,2019-04-02,110134.13076145064,-2.9103830456733704e-11,"{'PKO': 0.16635244538094715, 'PKN': 0.15027170899412226, 'PZU': 0.12188089164910729, 'PEO': 0.08883220583342577, 'KGH': 0.06543196184983921, 'SPL': 0.06376843739602973, 'CDR': 0.06177220805145838, 'LPP': 0.050903848286569825, 'PGE': 0.04824220916047467, 'CPS': 0.034490407008983044, 'MBK': 0.02872352223577687, 'ALR': 0.025729178218919825, 'CCC': 0.024509260286126214, 'DNP': 0.022513030941554844, 'OPL': 0.017744260840634362, 'JSW': 0.016635244538094715, 'TPE': 0.012199179327936125}"
66,2019-04-03,111894.1319038673,-2.9103830456733704e-11,"{'PKO': 0.16635244538094715, 'PKN': 0.15027170899412226, 'PZU': 0.12188089164910729, 'PEO': 0.08883220583342577, 'KGH': 0.06543196184983921, 'SPL': 0.06376843739602973, 'CDR': 0.06177220805145838, 'LPP': 0.050903848286569825, 'PGE': 0.04824220916047467, 'CPS': 0.034490407008983044, 'MBK': 0.02872352223577687, 'ALR': 0.025729178218919825, 'CCC': 0.024509260286126214, 'DNP': 0.022513030941554844, 'OPL': 0.017744260840634362, 'JSW': 0.016635244538094715, 'TPE': 0.012199179327936125}"
67,2019-04-04,111108.03753921403,-2.9103830456733704e-11,"{'PKO': 0.16635244538094715, 'PKN': 0.15027170899412226, 'PZU': 0.12188089164910729, 'PEO': 0.08883220583342577, 'KGH': 0.06543196184983921, 'SPL': 0.06376843739602973, 'CDR': 0.06177220805145838, 'LPP': 0.050903848286569825, 'PGE': 0.04824220916047467, 'CPS': 0.034490407008983044, 'MBK': 0.02872352223577687, 'ALR': 0.025729178218919825, 'CCC': 0.024509260286126214, 'DNP': 0.022513030941554844, 'OPL': 0.017744260840634362, 'JSW': 0.016635244538094715, 'TPE': 0.012199179327936125}"
68,2019-04-05,109296.5216978467,-2.9103830456733704e-11,"{'PKO': 0.16635244538094715, 'PKN': 0.15027170899412226, 'PZU': 0.12188089164910729, 'PEO': 0.08883220583342577, 'KGH': 0.06543196184983921, 'SPL': 0.06376843739602973, 'CDR': 0.06177220805145838, 'LPP': 0.050903848286569825, 'PGE': 0.04824220916047467, 'CPS': 0.034490407008983044, 'MBK': 0.02872352223577687, 'ALR': 0.025729178218919825, 'CCC': 0.024509260286126214, 'DNP': 0.022513030941554844, 'OPL': 0.017744260840634362, 'JSW': 0.016635244538094715, 'TPE': 0.012199179327936125}"
69,2019-04-08,109763.95110694139,-2.9103830456733704e-11,"{'PKO': 0.16635244538094715, 'PKN': 0.15027170899412226, 'PZU': 0.12188089164910729, 'PEO': 0.08883220583342577, 'KGH': 0.06543196184983921, 'SPL': 0.06376843739602973, 'CDR': 0.06177220805145838, 'LPP': 0.050903848286569825, 'PGE': 0.04824220916047467, 'CPS': 0.034490407008983044, 'MBK': 0.02872352223577687, 'ALR': 0.025729178218919825, 'CCC': 0.024509260286126214, 'DNP': 0.022513030941554844, 'OPL': 0.017744260840634362, 'JSW': 0.016635244538094715, 'TPE': 0.012199179327936125}"
70,2019-04-09,110125.52336840637,-2.9103830456733704e-11,"{'PKO': 0.16635244538094715, 'PKN': 0.15027170899412226, 'PZU': 0.12188089164910729, 'PEO': 0.08883220583342577, 'KGH': 0.06543196184983921, 'SPL': 0.06376843739602973, 'CDR': 0.06177220805145838, 'LPP': 0.050903848286569825, 'PGE': 0.04824220916047467, 'CPS': 0.034490407008983044, 'MBK': 0.02872352223577687, 'ALR': 0.025729178218919825, 'CCC': 0.024509260286126214, 'DNP': 0.022513030941554844, 'OPL': 0.017744260840634362, 'JSW': 0.016635244538094715, 'TPE': 0.012199179327936125}"
71,2019-04-10,111237.00491107554,-2.9103830456733704e-11,"{'PKO': 0.16635244538094715, 'PKN': 0.15027170899412226, 'PZU': 0.12188089164910729, 'PEO': 0.08883220583342577, 'KGH': 0.06543196184983921, 'SPL': 0.06376843739602973, 'CDR': 0.06177220805145838, 'LPP': 0.050903848286569825, 'PGE': 0.04824220916047467, 'CPS': 0.034490407008983044, 'MBK': 0.02872352223577687, 'ALR': 0.025729178218919825, 'CCC': 0.024509260286126214, 'DNP': 0.022513030941554844, 'OPL': 0.017744260840634362, 'JSW': 0.016635244538094715, 'TPE': 0.012199179327936125}"
72,2019-04-11,110520.47799453218,-2.9103830456733704e-11,"{'PKO': 0.16635244538094715, 'PKN': 0.15027170899412226, 'PZU': 0.12188089164910729, 'PEO': 0.08883220583342577, 'KGH': 0.06543196184983921, 'SPL': 0.06376843739602973, 'CDR': 0.06177220805145838, 'LPP': 0.050903848286569825, 'PGE': 0.04824220916047467, 'CPS': 0.034490407008983044, 'MBK': 0.02872352223577687, 'ALR': 0.025729178218919825, 'CCC': 0.024509260286126214, 'DNP': 0.022513030941554844, 'OPL': 0.017744260840634362, 'JSW': 0.016635244538094715, 'TPE': 0.012199179327936125}"
73,2019-04-12,110155.78359006485,2.9103830456733704e-11,"{'PKN': 0.14779760972087458, 'PZU': 0.11980105384180145, 'PEO': 0.09003831867671953, 'KGH': 0.07070901827677133, 'SPL': 0.06273907300694884, 'CDR': 0.06830674670356644, 'PGE': 0.042569581489719906, 'CPS': 0.032342171224650405, 'CCC': 0.02802127945672392, 'DNP': 0.02605764083598556, 'JSW': 0.01661644317975308, 'TPE': 0.010147699310857062, 'CSR': 0.0589272447126206, 'PTW': 0.05823477804002536, 'BIP': 0.05659625794199054, 'EHG': 0.05569619512064403, 'IZO': 0.0553988884603473}"
74,2019-04-15,109867.14640983431,2.9103830456733704e-11,"{'PKN': 0.14779760972087458, 'PZU': 0.11980105384180145, 'PEO': 0.09003831867671953, 'KGH': 0.07070901827677133, 'SPL': 0.06273907300694884, 'CDR': 0.06830674670356644, 'PGE': 0.042569581489719906, 'CPS': 0.032342171224650405, 'CCC': 0.02802127945672392, 'DNP': 0.02605764083598556, 'JSW': 0.01661644317975308, 'TPE': 0.010147699310857062, 'CSR': 0.0589272447126206, 'PTW': 0.05823477804002536, 'BIP': 0.05659625794199054, 'EHG': 0.05569619512064403, 'IZO': 0.0553988884603473}"
75,2019-04-16,110061.7617660307,2.9103830456733704e-11,"{'PKN': 0.14779760972087458, 'PZU': 0.11980105384180145, 'PEO': 0.09003831867671953, 'KGH': 0.07070901827677133, 'SPL': 0.06273907300694884, 'CDR': 0.06830674670356644, 'PGE': 0.042569581489719906, 'CPS': 0.032342171224650405, 'CCC': 0.02802127945672392, 'DNP': 0.02605764083598556, 'JSW': 0.01661644317975308, 'TPE': 0.010147699310857062, 'CSR': 0.0589272447126206, 'PTW': 0.05823477804002536, 'BIP': 0.05659625794199054, 'EHG': 0.05569619512064403, 'IZO': 0.0553988884603473}"
76,2019-04-17,110320.33019569011,2.9103830456733704e-11,"{'PKN': 0.14779760972087458, 'PZU': 0.11980105384180145, 'PEO': 0.09003831867671953, 'KGH': 0.07070901827677133, 'SPL': 0.06273907300694884, 'CDR': 0.06830674670356644, 'PGE': 0.042569581489719906, 'CPS': 0.032342171224650405, 'CCC': 0.02802127945672392, 'DNP': 0.02605764083598556, 'JSW': 0.01661644317975308, 'TPE': 0.010147699310857062, 'CSR': 0.0589272447126206, 'PTW': 0.05823477804002536, 'BIP': 0.05659625794199054, 'EHG': 0.05569619512064403, 'IZO': 0.0553988884603473}"
77,2019-04-18,111042.5424216792,2.9103830456733704e-11,"{'PKN': 0.14779760972087458, 'PZU': 0.11980105384180145, 'PEO': 0.09003831867671953, 'KGH': 0.07070901827677133, 'SPL': 0.06273907300694884, 'CDR': 0.06830674670356644, 'PGE': 0.042569581489719906, 'CPS': 0.032342171224650405, 'CCC': 0.02802127945672392, 'DNP': 0.02605764083598556, 'JSW': 0.01661644317975308, 'TPE': 0.010147699310857062, 'CSR': 0.0589272447126206, 'PTW': 0.05823477804002536, 'BIP': 0.05659625794199054, 'EHG': 0.05569619512064403, 'IZO': 0.0553988884603473}"
78,2019-04-19,111042.5424216792,2.9103830456733704e-11,"{'PKN': 0.14779760972087458, 'PZU': 0.11980105384180145, 'PEO': 0.09003831867671953, 'KGH': 0.07070901827677133, 'SPL': 0.06273907300694884, 'CDR': 0.06830674670356644, 'PGE': 0.042569581489719906, 'CPS': 0.032342171224650405, 'CCC': 0.02802127945672392, 'DNP': 0.02605764083598556, 'JSW': 0.01661644317975308, 'TPE': 0.010147699310857062, 'CSR': 0.0589272447126206, 'PTW': 0.05823477804002536, 'BIP': 0.05659625794199054, 'EHG': 0.05569619512064403, 'IZO': 0.0553988884603473}"
79,2019-04-22,111042.5424216792,2.9103830456733704e-11,"{'PKN': 0.14779760972087458, 'PZU': 0.11980105384180145, 'PEO': 0.09003831867671953, 'KGH': 0.07070901827677133, 'SPL': 0.06273907300694884, 'CDR': 0.06830674670356644, 'PGE': 0.042569581489719906, 'CPS': 0.032342171224650405, 'CCC': 0.02802127945672392, 'DNP': 0.02605764083598556, 'JSW': 0.01661644317975308, 'TPE': 0.010147699310857062, 'CSR': 0.0589272447126206, 'PTW': 0.05823477804002536, 'BIP': 0.05659625794199054, 'EHG': 0.05569619512064403, 'IZO': 0.0553988884603473}"
80,2019-04-23,110491.55187901764,2.9103830456733704e-11,"{'PKN': 0.14779760972087458, 'PZU': 0.11980105384180145, 'PEO': 0.09003831867671953, 'KGH': 0.07070901827677133, 'SPL': 0.06273907300694884, 'CDR': 0.06830674670356644, 'PGE': 0.042569581489719906, 'CPS': 0.032342171224650405, 'CCC': 0.02802127945672392, 'DNP': 0.02605764083598556, 'JSW': 0.01661644317975308, 'TPE': 0.010147699310857062, 'CSR': 0.0589272447126206, 'PTW': 0.05823477804002536, 'BIP': 0.05659625794199054, 'EHG': 0.05569619512064403, 'IZO': 0.0553988884603473}"
81,2019-04-24,110336.27374627971,2.9103830456733704e-11,"{'PKN': 0.14779760972087458, 'PZU': 0.11980105384180145, 'PEO': 0.09003831867671953, 'KGH': 0.07070901827677133, 'SPL': 0.06273907300694884, 'CDR': 0.06830674670356644, 'PGE': 0.042569581489719906, 'CPS': 0.032342171224650405, 'CCC': 0.02802127945672392, 'DNP': 0.02605764083598556, 'JSW': 0.01661644317975308, 'TPE': 0.010147699310857062, 'CSR': 0.0589272447126206, 'PTW': 0.05823477804002536, 'BIP': 0.05659625794199054, 'EHG': 0.05569619512064403, 'IZO': 0.0553988884603473}"
82,2019-04-25,109954.25323700711,2.9103830456733704e-11,"{'PKN': 0.14779760972087458, 'PZU': 0.11980105384180145, 'PEO': 0.09003831867671953, 'KGH': 0.07070901827677133, 'SPL': 0.06273907300694884, 'CDR': 0.06830674670356644, 'PGE': 0.042569581489719906, 'CPS': 0.032342171224650405, 'CCC': 0.02802127945672392, 'DNP': 0.02605764083598556, 'JSW': 0.01661644317975308, 'TPE': 0.010147699310857062, 'CSR': 0.0589272447126206, 'PTW': 0.05823477804002536, 'BIP': 0.05659625794199054, 'EHG': 0.05569619512064403, 'IZO': 0.0553988884603473}"
83,2019-04-26,110284.8944640325,2.9103830456733704e-11,"{'PKN': 0.14779760972087458, 'PZU': 0.11980105384180145, 'PEO': 0.09003831867671953, 'KGH': 0.07070901827677133, 'SPL': 0.06273907300694884, 'CDR': 0.06830674670356644, 'PGE': 0.042569581489719906, 'CPS': 0.032342171224650405, 'CCC': 0.02802127945672392, 'DNP': 0.02605764083598556, 'JSW': 0.01661644317975308, 'TPE': 0.010147699310857062, 'CSR': 0.0589272447126206, 'PTW': 0.05823477804002536, 'BIP': 0.05659625794199054, 'EHG': 0.05569619512064403, 'IZO': 0.0553988884603473}"
84,2019-04-29,110135.24352303418,2.9103830456733704e-11,"{'PKN': 0.14779760972087458, 'PZU': 0.11980105384180145, 'PEO': 0.09003831867671953, 'KGH': 0.07070901827677133, 'SPL': 0.06273907300694884, 'CDR': 0.06830674670356644, 'PGE': 0.042569581489719906, 'CPS': 0.032342171224650405, 'CCC': 0.02802127945672392, 'DNP': 0.02605764083598556, 'JSW': 0.01661644317975308, 'TPE': 0.010147699310857062, 'CSR': 0.0589272447126206, 'PTW': 0.05823477804002536, 'BIP': 0.05659625794199054, 'EHG': 0.05569619512064403, 'IZO': 0.0553988884603473}"
85,2019-04-30,108907.93368646677,2.9103830456733704e-11,"{'PKN': 0.14779760972087458, 'PZU': 0.11980105384180145, 'PEO': 0.09003831867671953, 'KGH': 0.07070901827677133, 'SPL': 0.06273907300694884, 'CDR': 0.06830674670356644, 'PGE': 0.042569581489719906, 'CPS': 0.032342171224650405, 'CCC': 0.02802127945672392, 'DNP': 0.02605764083598556, 'JSW': 0.01661644317975308, 'TPE': 0.010147699310857062, 'CSR': 0.0589272447126206, 'PTW': 0.05823477804002536, 'BIP': 0.05659625794199054, 'EHG': 0.05569619512064403, 'IZO': 0.0553988884603473}"
86,2019-05-01,108907.93368646677,2.9103830456733704e-11,"{'PKN': 0.14779760972087458, 'PZU': 0.11980105384180145, 'PEO': 0.09003831867671953, 'KGH': 0.07070901827677133, 'SPL': 0.06273907300694884, 'CDR': 0.06830674670356644, 'PGE': 0.042569581489719906, 'CPS': 0.032342171224650405, 'CCC': 0.02802127945672392, 'DNP': 0.02605764083598556, 'JSW': 0.01661644317975308, 'TPE': 0.010147699310857062, 'CSR': 0.0589272447126206, 'PTW': 0.05823477804002536, 'BIP': 0.05659625794199054, 'EHG': 0.05569619512064403, 'IZO': 0.0553988884603473}"
87,2019-05-02,108913.73472040225,2.9103830456733704e-11,"{'PKN': 0.14779760972087458, 'PZU': 0.11980105384180145, 'PEO': 0.09003831867671953, 'KGH': 0.07070901827677133, 'SPL': 0.06273907300694884, 'CDR': 0.06830674670356644, 'PGE': 0.042569581489719906, 'CPS': 0.032342171224650405, 'CCC': 0.02802127945672392, 'DNP': 0.02605764083598556, 'JSW': 0.01661644317975308, 'TPE': 0.010147699310857062, 'CSR': 0.0589272447126206, 'PTW': 0.05823477804002536, 'BIP': 0.05659625794199054, 'EHG': 0.05569619512064403, 'IZO': 0.0553988884603473}"
88,2019-05-03,108913.73472040225,2.9103830456733704e-11,"{'PKN': 0.14779760972087458, 'PZU': 0.11980105384180145, 'PEO': 0.09003831867671953, 'KGH': 0.07070901827677133, 'SPL': 0.06273907300694884, 'CDR': 0.06830674670356644, 'PGE': 0.042569581489719906, 'CPS': 0.032342171224650405, 'CCC': 0.02802127945672392, 'DNP': 0.02605764083598556, 'JSW': 0.01661644317975308, 'TPE': 0.010147699310857062, 'CSR': 0.0589272447126206, 'PTW': 0.05823477804002536, 'BIP': 0.05659625794199054, 'EHG': 0.05569619512064403, 'IZO': 0.0553988884603473}"
89,2019-05-06,108003.69494516359,2.9103830456733704e-11,"{'PKN': 0.14779760972087458, 'PZU': 0.11980105384180145, 'PEO': 0.09003831867671953, 'KGH': 0.07070901827677133, 'SPL': 0.06273907300694884, 'CDR': 0.06830674670356644, 'PGE': 0.042569581489719906, 'CPS': 0.032342171224650405, 'CCC': 0.02802127945672392, 'DNP': 0.02605764083598556, 'JSW': 0.01661644317975308, 'TPE': 0.010147699310857062, 'CSR': 0.0589272447126206, 'PTW': 0.05823477804002536, 'BIP': 0.05659625794199054, 'EHG': 0.05569619512064403, 'IZO': 0.0553988884603473}"
90,2019-05-07,106168.4836329438,2.9103830456733704e-11,"{'PKN': 0.14779760972087458, 'PZU': 0.11980105384180145, 'PEO': 0.09003831867671953, 'KGH': 0.07070901827677133, 'SPL': 0.06273907300694884, 'CDR': 0.06830674670356644, 'PGE': 0.042569581489719906, 'CPS': 0.032342171224650405, 'CCC': 0.02802127945672392, 'DNP': 0.02605764083598556, 'JSW': 0.01661644317975308, 'TPE': 0.010147699310857062, 'CSR': 0.0589272447126206, 'PTW': 0.05823477804002536, 'BIP': 0.05659625794199054, 'EHG': 0.05569619512064403, 'IZO': 0.0553988884603473}"
91,2019-05-08,105626.78175912394,2.9103830456733704e-11,"{'PKN': 0.14779760972087458, 'PZU': 0.11980105384180145, 'PEO': 0.09003831867671953, 'KGH': 0.07070901827677133, 'SPL': 0.06273907300694884, 'CDR': 0.06830674670356644, 'PGE': 0.042569581489719906, 'CPS': 0.032342171224650405, 'CCC': 0.02802127945672392, 'DNP': 0.02605764083598556, 'JSW': 0.01661644317975308, 'TPE': 0.010147699310857062, 'CSR': 0.0589272447126206, 'PTW': 0.05823477804002536, 'BIP': 0.05659625794199054, 'EHG': 0.05569619512064403, 'IZO': 0.0553988884603473}"
92,2019-05-09,104139.67078267725,2.9103830456733704e-11,"{'PKN': 0.14779760972087458, 'PZU': 0.11980105384180145, 'PEO': 0.09003831867671953, 'KGH': 0.07070901827677133, 'SPL': 0.06273907300694884, 'CDR': 0.06830674670356644, 'PGE': 0.042569581489719906, 'CPS': 0.032342171224650405, 'CCC': 0.02802127945672392, 'DNP': 0.02605764083598556, 'JSW': 0.01661644317975308, 'TPE': 0.010147699310857062, 'CSR': 0.0589272447126206, 'PTW': 0.05823477804002536, 'BIP': 0.05659625794199054, 'EHG': 0.05569619512064403, 'IZO': 0.0553988884603473}"
93,2019-05-10,103946.0906677746,2.9103830456733704e-11,"{'PKN': 0.14779760972087458, 'PZU': 0.11980105384180145, 'PEO': 0.09003831867671953, 'KGH': 0.07070901827677133, 'SPL': 0.06273907300694884, 'CDR': 0.06830674670356644, 'PGE': 0.042569581489719906, 'CPS': 0.032342171224650405, 'CCC': 0.02802127945672392, 'DNP': 0.02605764083598556, 'JSW': 0.01661644317975308, 'TPE': 0.010147699310857062, 'CSR': 0.0589272447126206, 'PTW': 0.05823477804002536, 'BIP': 0.05659625794199054, 'EHG': 0.05569619512064403, 'IZO': 0.0553988884603473}"
94,2019-05-13,103287.10425011186,2.9103830456733704e-11,"{'PKN': 0.14779760972087458, 'PZU': 0.11980105384180145, 'PEO': 0.09003831867671953, 'KGH': 0.07070901827677133, 'SPL': 0.06273907300694884, 'CDR': 0.06830674670356644, 'PGE': 0.042569581489719906, 'CPS': 0.032342171224650405, 'CCC': 0.02802127945672392, 'DNP': 0.02605764083598556, 'JSW': 0.01661644317975308, 'TPE': 0.010147699310857062, 'CSR': 0.0589272447126206, 'PTW': 0.05823477804002536, 'BIP': 0.05659625794199054, 'EHG': 0.05569619512064403, 'IZO': 0.0553988884603473}"
95,2019-05-14,103135.39550420386,2.9103830456733704e-11,"{'PKN': 0.14779760972087458, 'PZU': 0.11980105384180145, 'PEO': 0.09003831867671953, 'KGH': 0.07070901827677133, 'SPL': 0.06273907300694884, 'CDR': 0.06830674670356644, 'PGE': 0.042569581489719906, 'CPS': 0.032342171224650405, 'CCC': 0.02802127945672392, 'DNP': 0.02605764083598556, 'JSW': 0.01661644317975308, 'TPE': 0.010147699310857062, 'CSR': 0.0589272447126206, 'PTW': 0.05823477804002536, 'BIP': 0.05659625794199054, 'EHG': 0.05569619512064403, 'IZO': 0.0553988884603473}"
96,2019-05-15,104195.25296952353,2.9103830456733704e-11,"{'PKN': 0.14779760972087458, 'PZU': 0.11980105384180145, 'PEO': 0.09003831867671953, 'KGH': 0.07070901827677133, 'SPL': 0.06273907300694884, 'CDR': 0.06830674670356644, 'PGE': 0.042569581489719906, 'CPS': 0.032342171224650405, 'CCC': 0.02802127945672392, 'DNP': 0.02605764083598556, 'JSW': 0.01661644317975308, 'TPE': 0.010147699310857062, 'CSR': 0.0589272447126206, 'PTW': 0.05823477804002536, 'BIP': 0.05659625794199054, 'EHG': 0.05569619512064403, 'IZO': 0.0553988884603473}"
97,2019-05-16,104670.30083522627,2.9103830456733704e-11,"{'PKN': 0.14779760972087458, 'PZU': 0.11980105384180145, 'PEO': 0.09003831867671953, 'KGH': 0.07070901827677133, 'SPL': 0.06273907300694884, 'CDR': 0.06830674670356644, 'PGE': 0.042569581489719906, 'CPS': 0.032342171224650405, 'CCC': 0.02802127945672392, 'DNP': 0.02605764083598556, 'JSW': 0.01661644317975308, 'TPE': 0.010147699310857062, 'CSR': 0.0589272447126206, 'PTW': 0.05823477804002536, 'BIP': 0.05659625794199054, 'EHG': 0.05569619512064403, 'IZO': 0.0553988884603473}"
98,2019-05-17,103884.1472695701,2.9103830456733704e-11,"{'PKN': 0.14779760972087458, 'PZU': 0.11980105384180145, 'PEO': 0.09003831867671953, 'KGH': 0.07070901827677133, 'SPL': 0.06273907300694884, 'CDR': 0.06830674670356644, 'PGE': 0.042569581489719906, 'CPS': 0.032342171224650405, 'CCC': 0.02802127945672392, 'DNP': 0.02605764083598556, 'JSW': 0.01661644317975308, 'TPE': 0.010147699310857062, 'CSR': 0.0589272447126206, 'PTW': 0.05823477804002536, 'BIP': 0.05659625794199054, 'EHG': 0.05569619512064403, 'IZO': 0.0553988884603473}"
99,2019-05-20,104134.54076357523,2.9103830456733704e-11,"{'PKN': 0.14779760972087458, 'PZU': 0.11980105384180145, 'PEO': 0.09003831867671953, 'KGH': 0.07070901827677133, 'SPL': 0.06273907300694884, 'CDR': 0.06830674670356644, 'PGE': 0.042569581489719906, 'CPS': 0.032342171224650405, 'CCC': 0.02802127945672392, 'DNP': 0.02605764083598556, 'JSW': 0.01661644317975308, 'TPE': 0.010147699310857062, 'CSR': 0.0589272447126206, 'PTW': 0.05823477804002536, 'BIP': 0.05659625794199054, 'EHG': 0.05569619512064403, 'IZO': 0.0553988884603473}"
100,2019-05-21,104926.69106851028,2.9103830456733704e-11,"{'PKN': 0.14779760972087458, 'PZU': 0.11980105384180145, 'PEO': 0.09003831867671953, 'KGH': 0.07070901827677133, 'SPL': 0.06273907300694884, 'CDR': 0.06830674670356644, 'PGE': 0.042569581489719906, 'CPS': 0.032342171224650405, 'CCC': 0.02802127945672392, 'DNP': 0.02605764083598556, 'JSW': 0.01661644317975308, 'TPE': 0.010147699310857062, 'CSR': 0.0589272447126206, 'PTW': 0.05823477804002536, 'BIP': 0.05659625794199054, 'EHG': 0.05569619512064403, 'IZO': 0.0553988884603473}"
101,2019-05-22,105819.37014475423,2.9103830456733704e-11,"{'PKN': 0.14779760972087458, 'PZU': 0.11980105384180145, 'PEO': 0.09003831867671953, 'KGH': 0.07070901827677133, 'SPL': 0.06273907300694884, 'CDR': 0.06830674670356644, 'PGE': 0.042569581489719906, 'CPS': 0.032342171224650405, 'CCC': 0.02802127945672392, 'DNP': 0.02605764083598556, 'JSW': 0.01661644317975308, 'TPE': 0.010147699310857062, 'CSR': 0.0589272447126206, 'PTW': 0.05823477804002536, 'BIP': 0.05659625794199054, 'EHG': 0.05569619512064403, 'IZO': 0.0553988884603473}"
102,2019-05-23,104699.37218048242,2.9103830456733704e-11,"{'PKN': 0.14779760972087458, 'PZU': 0.11980105384180145, 'PEO': 0.09003831867671953, 'KGH': 0.07070901827677133, 'SPL': 0.06273907300694884, 'CDR': 0.06830674670356644, 'PGE': 0.042569581489719906, 'CPS': 0.032342171224650405, 'CCC': 0.02802127945672392, 'DNP': 0.02605764083598556, 'JSW': 0.01661644317975308, 'TPE': 0.010147699310857062, 'CSR': 0.0589272447126206, 'PTW': 0.05823477804002536, 'BIP': 0.05659625794199054, 'EHG': 0.05569619512064403, 'IZO': 0.0553988884603473}"
103,2019-05-24,105586.95684183597,2.9103830456733704e-11,"{'PKN': 0.14779760972087458, 'PZU': 0.11980105384180145, 'PEO': 0.09003831867671953, 'KGH': 0.07070901827677133, 'SPL': 0.06273907300694884, 'CDR': 0.06830674670356644, 'PGE': 0.042569581489719906, 'CPS': 0.032342171224650405, 'CCC': 0.02802127945672392, 'DNP': 0.02605764083598556, 'JSW': 0.01661644317975308, 'TPE': 0.010147699310857062, 'CSR': 0.0589272447126206, 'PTW': 0.05823477804002536, 'BIP': 0.05659625794199054, 'EHG': 0.05569619512064403, 'IZO': 0.0553988884603473}"
104,2019-05-27,105507.28978471465,2.9103830456733704e-11,"{'PKN': 0.14779760972087458, 'PZU': 0.11980105384180145, 'PEO': 0.09003831867671953, 'KGH': 0.07070901827677133, 'SPL': 0.06273907300694884, 'CDR': 0.06830674670356644, 'PGE': 0.042569581489719906, 'CPS': 0.032342171224650405, 'CCC': 0.02802127945672392, 'DNP': 0.02605764083598556, 'JSW': 0.01661644317975308, 'TPE': 0.010147699310857062, 'CSR': 0.0589272447126206, 'PTW': 0.05823477804002536, 'BIP': 0.05659625794199054, 'EHG': 0.05569619512064403, 'IZO': 0.0553988884603473}"
105,2019-05-28,105230.62900739034,2.9103830456733704e-11,"{'PKN': 0.14779760972087458, 'PZU': 0.11980105384180145, 'PEO': 0.09003831867671953, 'KGH': 0.07070901827677133, 'SPL': 0.06273907300694884, 'CDR': 0.06830674670356644, 'PGE': 0.042569581489719906, 'CPS': 0.032342171224650405, 'CCC': 0.02802127945672392, 'DNP': 0.02605764083598556, 'JSW': 0.01661644317975308, 'TPE': 0.010147699310857062, 'CSR': 0.0589272447126206, 'PTW': 0.05823477804002536, 'BIP': 0.05659625794199054, 'EHG': 0.05569619512064403, 'IZO': 0.0553988884603473}"
106,2019-05-29,105020.56533443241,2.9103830456733704e-11,"{'PKN': 0.14779760972087458, 'PZU': 0.11980105384180145, 'PEO': 0.09003831867671953, 'KGH': 0.07070901827677133, 'SPL': 0.06273907300694884, 'CDR': 0.06830674670356644, 'PGE': 0.042569581489719906, 'CPS': 0.032342171224650405, 'CCC': 0.02802127945672392, 'DNP': 0.02605764083598556, 'JSW': 0.01661644317975308, 'TPE': 0.010147699310857062, 'CSR': 0.0589272447126206, 'PTW': 0.05823477804002536, 'BIP': 0.05659625794199054, 'EHG': 0.05569619512064403, 'IZO': 0.0553988884603473}"
107,2019-05-30,106928.82145566688,2.9103830456733704e-11,"{'PKN': 0.14779760972087458, 'PZU': 0.11980105384180145, 'PEO': 0.09003831867671953, 'KGH': 0.07070901827677133, 'SPL': 0.06273907300694884, 'CDR': 0.06830674670356644, 'PGE': 0.042569581489719906, 'CPS': 0.032342171224650405, 'CCC': 0.02802127945672392, 'DNP': 0.02605764083598556, 'JSW': 0.01661644317975308, 'TPE': 0.010147699310857062, 'CSR': 0.0589272447126206, 'PTW': 0.05823477804002536, 'BIP': 0.05659625794199054, 'EHG': 0.05569619512064403, 'IZO': 0.0553988884603473}"
108,2019-05-31,107243.88312213408,2.9103830456733704e-11,"{'PKN': 0.14779760972087458, 'PZU': 0.11980105384180145, 'PEO': 0.09003831867671953, 'KGH': 0.07070901827677133, 'SPL': 0.06273907300694884, 'CDR': 0.06830674670356644, 'PGE': 0.042569581489719906, 'CPS': 0.032342171224650405, 'CCC': 0.02802127945672392, 'DNP': 0.02605764083598556, 'JSW': 0.01661644317975308, 'TPE': 0.010147699310857062, 'CSR': 0.0589272447126206, 'PTW': 0.05823477804002536, 'BIP': 0.05659625794199054, 'EHG': 0.05569619512064403, 'IZO': 0.0553988884603473}"
109,2019-06-03,106538.47427275233,2.9103830456733704e-11,"{'PKN': 0.14779760972087458, 'PZU': 0.11980105384180145, 'PEO': 0.09003831867671953, 'KGH': 0.07070901827677133, 'SPL': 0.06273907300694884, 'CDR': 0.06830674670356644, 'PGE': 0.042569581489719906, 'CPS': 0.032342171224650405, 'CCC': 0.02802127945672392, 'DNP': 0.02605764083598556, 'JSW': 0.01661644317975308, 'TPE': 0.010147699310857062, 'CSR': 0.0589272447126206, 'PTW': 0.05823477804002536, 'BIP': 0.05659625794199054, 'EHG': 0.05569619512064403, 'IZO': 0.0553988884603473}"
110,2019-06-04,106986.59324567256,2.9103830456733704e-11,"{'PKN': 0.14779760972087458, 'PZU': 0.11980105384180145, 'PEO': 0.09003831867671953, 'KGH': 0.07070901827677133, 'SPL': 0.06273907300694884, 'CDR': 0.06830674670356644, 'PGE': 0.042569581489719906, 'CPS': 0.032342171224650405, 'CCC': 0.02802127945672392, 'DNP': 0.02605764083598556, 'JSW': 0.01661644317975308, 'TPE': 0.010147699310857062, 'CSR': 0.0589272447126206, 'PTW': 0.05823477804002536, 'BIP': 0.05659625794199054, 'EHG': 0.05569619512064403, 'IZO': 0.0553988884603473}"
111,2019-06-05,106775.34956934769,2.9103830456733704e-11,"{'PKN': 0.14779760972087458, 'PZU': 0.11980105384180145, 'PEO': 0.09003831867671953, 'KGH': 0.07070901827677133, 'SPL': 0.06273907300694884, 'CDR': 0.06830674670356644, 'PGE': 0.042569581489719906, 'CPS': 0.032342171224650405, 'CCC': 0.02802127945672392, 'DNP': 0.02605764083598556, 'JSW': 0.01661644317975308, 'TPE': 0.010147699310857062, 'CSR': 0.0589272447126206, 'PTW': 0.05823477804002536, 'BIP': 0.05659625794199054, 'EHG': 0.05569619512064403, 'IZO': 0.0553988884603473}"
112,2019-06-06,107165.79169362012,2.9103830456733704e-11,"{'PKN': 0.14779760972087458, 'PZU': 0.11980105384180145, 'PEO': 0.09003831867671953, 'KGH': 0.07070901827677133, 'SPL': 0.06273907300694884, 'CDR': 0.06830674670356644, 'PGE': 0.042569581489719906, 'CPS': 0.032342171224650405, 'CCC': 0.02802127945672392, 'DNP': 0.02605764083598556, 'JSW': 0.01661644317975308, 'TPE': 0.010147699310857062, 'CSR': 0.0589272447126206, 'PTW': 0.05823477804002536, 'BIP': 0.05659625794199054, 'EHG': 0.05569619512064403, 'IZO': 0.0553988884603473}"
113,2019-06-07,107393.99874640637,2.9103830456733704e-11,"{'PKN': 0.14779760972087458, 'PZU': 0.11980105384180145, 'PEO': 0.09003831867671953, 'KGH': 0.07070901827677133, 'SPL': 0.06273907300694884, 'CDR': 0.06830674670356644, 'PGE': 0.042569581489719906, 'CPS': 0.032342171224650405, 'CCC': 0.02802127945672392, 'DNP': 0.02605764083598556, 'JSW': 0.01661644317975308, 'TPE': 0.010147699310857062, 'CSR': 0.0589272447126206, 'PTW': 0.05823477804002536, 'BIP': 0.05659625794199054, 'EHG': 0.05569619512064403, 'IZO': 0.0553988884603473}"
114,2019-06-10,107496.5286956418,2.9103830456733704e-11,"{'PKN': 0.14779760972087458, 'PZU': 0.11980105384180145, 'PEO': 0.09003831867671953, 'KGH': 0.07070901827677133, 'SPL': 0.06273907300694884, 'CDR': 0.06830674670356644, 'PGE': 0.042569581489719906, 'CPS': 0.032342171224650405, 'CCC': 0.02802127945672392, 'DNP': 0.02605764083598556, 'JSW': 0.01661644317975308, 'TPE': 0.010147699310857062, 'CSR': 0.0589272447126206, 'PTW': 0.05823477804002536, 'BIP': 0.05659625794199054, 'EHG': 0.05569619512064403, 'IZO': 0.0553988884603473}"
115,2019-06-11,108298.39858873721,2.9103830456733704e-11,"{'PKN': 0.14779760972087458, 'PZU': 0.11980105384180145, 'PEO': 0.09003831867671953, 'KGH': 0.07070901827677133, 'SPL': 0.06273907300694884, 'CDR': 0.06830674670356644, 'PGE': 0.042569581489719906, 'CPS': 0.032342171224650405, 'CCC': 0.02802127945672392, 'DNP': 0.02605764083598556, 'JSW': 0.01661644317975308, 'TPE': 0.010147699310857062, 'CSR': 0.0589272447126206, 'PTW': 0.05823477804002536, 'BIP': 0.05659625794199054, 'EHG': 0.05569619512064403, 'IZO': 0.0553988884603473}"
116,2019-06-12,107775.41128036716,2.9103830456733704e-11,"{'PKN': 0.14779760972087458, 'PZU': 0.11980105384180145, 'PEO': 0.09003831867671953, 'KGH': 0.07070901827677133, 'SPL': 0.06273907300694884, 'CDR': 0.06830674670356644, 'PGE': 0.042569581489719906, 'CPS': 0.032342171224650405, 'CCC': 0.02802127945672392, 'DNP': 0.02605764083598556, 'JSW': 0.01661644317975308, 'TPE': 0.010147699310857062, 'CSR': 0.0589272447126206, 'PTW': 0.05823477804002536, 'BIP': 0.05659625794199054, 'EHG': 0.05569619512064403, 'IZO': 0.0553988884603473}"
117,2019-06-13,108252.78801217566,2.9103830456733704e-11,"{'PKN': 0.14779760972087458, 'PZU': 0.11980105384180145, 'PEO': 0.09003831867671953, 'KGH': 0.07070901827677133, 'SPL': 0.06273907300694884, 'CDR': 0.06830674670356644, 'PGE': 0.042569581489719906, 'CPS': 0.032342171224650405, 'CCC': 0.02802127945672392, 'DNP': 0.02605764083598556, 'JSW': 0.01661644317975308, 'TPE': 0.010147699310857062, 'CSR': 0.0589272447126206, 'PTW': 0.05823477804002536, 'BIP': 0.05659625794199054, 'EHG': 0.05569619512064403, 'IZO': 0.0553988884603473}"
118,2019-06-14,108013.21364823374,2.9103830456733704e-11,"{'PKN': 0.14779760972087458, 'PZU': 0.11980105384180145, 'PEO': 0.09003831867671953, 'KGH': 0.07070901827677133, 'SPL': 0.06273907300694884, 'CDR': 0.06830674670356644, 'PGE': 0.042569581489719906, 'CPS': 0.032342171224650405, 'CCC': 0.02802127945672392, 'DNP': 0.02605764083598556, 'JSW': 0.01661644317975308, 'TPE': 0.010147699310857062, 'CSR': 0.0589272447126206, 'PTW': 0.05823477804002536, 'BIP': 0.05659625794199054, 'EHG': 0.05569619512064403, 'IZO': 0.0553988884603473}"
119,2019-06-17,107812.3058966362,2.9103830456733704e-11,"{'PKN': 0.14779760972087458, 'PZU': 0.11980105384180145, 'PEO': 0.09003831867671953, 'KGH': 0.07070901827677133, 'SPL': 0.06273907300694884, 'CDR': 0.06830674670356644, 'PGE': 0.042569581489719906, 'CPS': 0.032342171224650405, 'CCC': 0.02802127945672392, 'DNP': 0.02605764083598556, 'JSW': 0.01661644317975308, 'TPE': 0.010147699310857062, 'CSR': 0.0589272447126206, 'PTW': 0.05823477804002536, 'BIP': 0.05659625794199054, 'EHG': 0.05569619512064403, 'IZO': 0.0553988884603473}"
120,2019-06-18,108957.97625098212,2.9103830456733704e-11,"{'PKN': 0.14779760972087458, 'PZU': 0.11980105384180145, 'PEO': 0.09003831867671953, 'KGH': 0.07070901827677133, 'SPL': 0.06273907300694884, 'CDR': 0.06830674670356644, 'PGE': 0.042569581489719906, 'CPS': 0.032342171224650405, 'CCC': 0.02802127945672392, 'DNP': 0.02605764083598556, 'JSW': 0.01661644317975308, 'TPE': 0.010147699310857062, 'CSR': 0.0589272447126206, 'PTW': 0.05823477804002536, 'BIP': 0.05659625794199054, 'EHG': 0.05569619512064403, 'IZO': 0.0553988884603473}"
121,2019-06-19,108759.43775973465,2.9103830456733704e-11,"{'PKN': 0.14779760972087458, 'PZU': 0.11980105384180145, 'PEO': 0.09003831867671953, 'KGH': 0.07070901827677133, 'SPL': 0.06273907300694884, 'CDR': 0.06830674670356644, 'PGE': 0.042569581489719906, 'CPS': 0.032342171224650405, 'CCC': 0.02802127945672392, 'DNP': 0.02605764083598556, 'JSW': 0.01661644317975308, 'TPE': 0.010147699310857062, 'CSR': 0.0589272447126206, 'PTW': 0.05823477804002536, 'BIP': 0.05659625794199054, 'EHG': 0.05569619512064403, 'IZO': 0.0553988884603473}"
122,2019-06-20,108759.43775973465,2.9103830456733704e-11,"{'PKN': 0.14779760972087458, 'PZU': 0.11980105384180145, 'PEO': 0.09003831867671953, 'KGH': 0.07070901827677133, 'SPL': 0.06273907300694884, 'CDR': 0.06830674670356644, 'PGE': 0.042569581489719906, 'CPS': 0.032342171224650405, 'CCC': 0.02802127945672392, 'DNP': 0.02605764083598556, 'JSW': 0.01661644317975308, 'TPE': 0.010147699310857062, 'CSR': 0.0589272447126206, 'PTW': 0.05823477804002536, 'BIP': 0.05659625794199054, 'EHG': 0.05569619512064403, 'IZO': 0.0553988884603473}"
123,2019-06-21,107795.27334276377,0.0,"{'PKO': 0.16476274165202107, 'PKN': 0.1389499121265378, 'PZU': 0.12137521968365554, 'PEO': 0.08864235500878734, 'CDR': 0.07842706502636203, 'KGH': 0.06854130052724076, 'SPL': 0.06601493848857644, 'LPP': 0.05030755711775044, 'PGE': 0.03844463971880492, 'CPS': 0.03646748681898066, 'DNP': 0.03229349736379613, 'MBK': 0.027021089630931458, 'ALR': 0.024165202108963092, 'CCC': 0.02383567662565905, 'OPL': 0.01680579964850615, 'JSW': 0.014718804920913884, 'TPE': 0.00922671353251318}"
124,2019-06-24,108882.77516312816,0.0,"{'PKO': 0.16476274165202107, 'PKN': 0.1389499121265378, 'PZU': 0.12137521968365554, 'PEO': 0.08864235500878734, 'CDR': 0.07842706502636203, 'KGH': 0.06854130052724076, 'SPL': 0.06601493848857644, 'LPP': 0.05030755711775044, 'PGE': 0.03844463971880492, 'CPS': 0.03646748681898066, 'DNP': 0.03229349736379613, 'MBK': 0.027021089630931458, 'ALR': 0.024165202108963092, 'CCC': 0.02383567662565905, 'OPL': 0.01680579964850615, 'JSW': 0.014718804920913884, 'TPE': 0.00922671353251318}"
125,2019-06-25,107881.10018060425,0.0,"{'PKO': 0.16476274165202107, 'PKN': 0.1389499121265378, 'PZU': 0.12137521968365554, 'PEO': 0.08864235500878734, 'CDR': 0.07842706502636203, 'KGH': 0.06854130052724076, 'SPL': 0.06601493848857644, 'LPP': 0.05030755711775044, 'PGE': 0.03844463971880492, 'CPS': 0.03646748681898066, 'DNP': 0.03229349736379613, 'MBK': 0.027021089630931458, 'ALR': 0.024165202108963092, 'CCC': 0.02383567662565905, 'OPL': 0.01680579964850615, 'JSW': 0.014718804920913884, 'TPE': 0.00922671353251318}"
126,2019-06-26,108652.07155774244,0.0,"{'PKO': 0.16476274165202107, 'PKN': 0.1389499121265378, 'PZU': 0.12137521968365554, 'PEO': 0.08864235500878734, 'CDR': 0.07842706502636203, 'KGH': 0.06854130052724076, 'SPL': 0.06601493848857644, 'LPP': 0.05030755711775044, 'PGE': 0.03844463971880492, 'CPS': 0.03646748681898066, 'DNP': 0.03229349736379613, 'MBK': 0.027021089630931458, 'ALR': 0.024165202108963092, 'CCC': 0.02383567662565905, 'OPL': 0.01680579964850615, 'JSW': 0.014718804920913884, 'TPE': 0.00922671353251318}"
127,2019-06-27,109578.27921053993,0.0,"{'PKO': 0.16476274165202107, 'PKN': 0.1389499121265378, 'PZU': 0.12137521968365554, 'PEO': 0.08864235500878734, 'CDR': 0.07842706502636203, 'KGH': 0.06854130052724076, 'SPL': 0.06601493848857644, 'LPP': 0.05030755711775044, 'PGE': 0.03844463971880492, 'CPS': 0.03646748681898066, 'DNP': 0.03229349736379613, 'MBK': 0.027021089630931458, 'ALR': 0.024165202108963092, 'CCC': 0.02383567662565905, 'OPL': 0.01680579964850615, 'JSW': 0.014718804920913884, 'TPE': 0.00922671353251318}"
128,2019-06-28,109290.0792813531,0.0,"{'PKO': 0.16476274165202107, 'PKN': 0.1389499121265378, 'PZU': 0.12137521968365554, 'PEO': 0.08864235500878734, 'CDR': 0.07842706502636203, 'KGH': 0.06854130052724076, 'SPL': 0.06601493848857644, 'LPP': 0.05030755711775044, 'PGE': 0.03844463971880492, 'CPS': 0.03646748681898066, 'DNP': 0.03229349736379613, 'MBK': 0.027021089630931458, 'ALR': 0.024165202108963092, 'CCC': 0.02383567662565905, 'OPL': 0.01680579964850615, 'JSW': 0.014718804920913884, 'TPE': 0.00922671353251318}"
129,2019-07-01,109468.15994239056,0.0,"{'PKO': 0.16476274165202107, 'PKN': 0.1389499121265378, 'PZU': 0.12137521968365554, 'PEO': 0.08864235500878734, 'CDR': 0.07842706502636203, 'KGH': 0.06854130052724076, 'SPL': 0.06601493848857644, 'LPP': 0.05030755711775044, 'PGE': 0.03844463971880492, 'CPS': 0.03646748681898066, 'DNP': 0.03229349736379613, 'MBK': 0.027021089630931458, 'ALR': 0.024165202108963092, 'CCC': 0.02383567662565905, 'OPL': 0.01680579964850615, 'JSW': 0.014718804920913884, 'TPE': 0.00922671353251318}"
130,2019-07-02,110037.14187294446,0.0,"{'PKO': 0.16476274165202107, 'PKN': 0.1389499121265378, 'PZU': 0.12137521968365554, 'PEO': 0.08864235500878734, 'CDR': 0.07842706502636203, 'KGH': 0.06854130052724076, 'SPL': 0.06601493848857644, 'LPP': 0.05030755711775044, 'PGE': 0.03844463971880492, 'CPS': 0.03646748681898066, 'DNP': 0.03229349736379613, 'MBK': 0.027021089630931458, 'ALR': 0.024165202108963092, 'CCC': 0.02383567662565905, 'OPL': 0.01680579964850615, 'JSW': 0.014718804920913884, 'TPE': 0.00922671353251318}"
131,2019-07-03,110228.92183179899,0.0,"{'PKO': 0.16476274165202107, 'PKN': 0.1389499121265378, 'PZU': 0.12137521968365554, 'PEO': 0.08864235500878734, 'CDR': 0.07842706502636203, 'KGH': 0.06854130052724076, 'SPL': 0.06601493848857644, 'LPP': 0.05030755711775044, 'PGE': 0.03844463971880492, 'CPS': 0.03646748681898066, 'DNP': 0.03229349736379613, 'MBK': 0.027021089630931458, 'ALR': 0.024165202108963092, 'CCC': 0.02383567662565905, 'OPL': 0.01680579964850615, 'JSW': 0.014718804920913884, 'TPE': 0.00922671353251318}"
132,2019-07-04,110471.84255370795,0.0,"{'PKO': 0.16476274165202107, 'PKN': 0.1389499121265378, 'PZU': 0.12137521968365554, 'PEO': 0.08864235500878734, 'CDR': 0.07842706502636203, 'KGH': 0.06854130052724076, 'SPL': 0.06601493848857644, 'LPP': 0.05030755711775044, 'PGE': 0.03844463971880492, 'CPS': 0.03646748681898066, 'DNP': 0.03229349736379613, 'MBK': 0.027021089630931458, 'ALR': 0.024165202108963092, 'CCC': 0.02383567662565905, 'OPL': 0.01680579964850615, 'JSW': 0.014718804920913884, 'TPE': 0.00922671353251318}"
133,2019-07-05,109740.16503986431,0.0,"{'PKO': 0.16476274165202107, 'PKN': 0.1389499121265378, 'PZU': 0.12137521968365554, 'PEO': 0.08864235500878734, 'CDR': 0.07842706502636203, 'KGH': 0.06854130052724076, 'SPL': 0.06601493848857644, 'LPP': 0.05030755711775044, 'PGE': 0.03844463971880492, 'CPS': 0.03646748681898066, 'DNP': 0.03229349736379613, 'MBK': 0.027021089630931458, 'ALR': 0.024165202108963092, 'CCC': 0.02383567662565905, 'OPL': 0.01680579964850615, 'JSW': 0.014718804920913884, 'TPE': 0.00922671353251318}"
134,2019-07-08,109807.70103662096,0.0,"{'PKO': 0.16476274165202107, 'PKN': 0.1389499121265378, 'PZU': 0.12137521968365554, 'PEO': 0.08864235500878734, 'CDR': 0.07842706502636203, 'KGH': 0.06854130052724076, 'SPL': 0.06601493848857644, 'LPP': 0.05030755711775044, 'PGE': 0.03844463971880492, 'CPS': 0.03646748681898066, 'DNP': 0.03229349736379613, 'MBK': 0.027021089630931458, 'ALR': 0.024165202108963092, 'CCC': 0.02383567662565905, 'OPL': 0.01680579964850615, 'JSW': 0.014718804920913884, 'TPE': 0.00922671353251318}"
135,2019-07-09,109117.22986251822,0.0,"{'PKO': 0.16476274165202107, 'PKN': 0.1389499121265378, 'PZU': 0.12137521968365554, 'PEO': 0.08864235500878734, 'CDR': 0.07842706502636203, 'KGH': 0.06854130052724076, 'SPL': 0.06601493848857644, 'LPP': 0.05030755711775044, 'PGE': 0.03844463971880492, 'CPS': 0.03646748681898066, 'DNP': 0.03229349736379613, 'MBK': 0.027021089630931458, 'ALR': 0.024165202108963092, 'CCC': 0.02383567662565905, 'OPL': 0.01680579964850615, 'JSW': 0.014718804920913884, 'TPE': 0.00922671353251318}"
136,2019-07-10,109160.87925242783,0.0,"{'PKO': 0.16476274165202107, 'PKN': 0.1389499121265378, 'PZU': 0.12137521968365554, 'PEO': 0.08864235500878734, 'CDR': 0.07842706502636203, 'KGH': 0.06854130052724076, 'SPL': 0.06601493848857644, 'LPP': 0.05030755711775044, 'PGE': 0.03844463971880492, 'CPS': 0.03646748681898066, 'DNP': 0.03229349736379613, 'MBK': 0.027021089630931458, 'ALR': 0.024165202108963092, 'CCC': 0.02383567662565905, 'OPL': 0.01680579964850615, 'JSW': 0.014718804920913884, 'TPE': 0.00922671353251318}"
137,2019-07-11,109139.06427036741,0.0,"{'PKO': 0.16476274165202107, 'PKN': 0.1389499121265378, 'PZU': 0.12137521968365554, 'PEO': 0.08864235500878734, 'CDR': 0.07842706502636203, 'KGH': 0.06854130052724076, 'SPL': 0.06601493848857644, 'LPP': 0.05030755711775044, 'PGE': 0.03844463971880492, 'CPS': 0.03646748681898066, 'DNP': 0.03229349736379613, 'MBK': 0.027021089630931458, 'ALR': 0.024165202108963092, 'CCC': 0.02383567662565905, 'OPL': 0.01680579964850615, 'JSW': 0.014718804920913884, 'TPE': 0.00922671353251318}"
138,2019-07-12,108906.2379859878,0.0,"{'PKO': 0.16476274165202107, 'PKN': 0.1389499121265378, 'PZU': 0.12137521968365554, 'PEO': 0.08864235500878734, 'CDR': 0.07842706502636203, 'KGH': 0.06854130052724076, 'SPL': 0.06601493848857644, 'LPP': 0.05030755711775044, 'PGE': 0.03844463971880492, 'CPS': 0.03646748681898066, 'DNP': 0.03229349736379613, 'MBK': 0.027021089630931458, 'ALR': 0.024165202108963092, 'CCC': 0.02383567662565905, 'OPL': 0.01680579964850615, 'JSW': 0.014718804920913884, 'TPE': 0.00922671353251318}"
139,2019-07-15,109228.63922643068,0.0,"{'PKO': 0.16476274165202107, 'PKN': 0.1389499121265378, 'PZU': 0.12137521968365554, 'PEO': 0.08864235500878734, 'CDR': 0.07842706502636203, 'KGH': 0.06854130052724076, 'SPL': 0.06601493848857644, 'LPP': 0.05030755711775044, 'PGE': 0.03844463971880492, 'CPS': 0.03646748681898066, 'DNP': 0.03229349736379613, 'MBK': 0.027021089630931458, 'ALR': 0.024165202108963092, 'CCC': 0.02383567662565905, 'OPL': 0.01680579964850615, 'JSW': 0.014718804920913884, 'TPE': 0.00922671353251318}"
140,2019-07-16,109192.7290532764,0.0,"{'PKO': 0.16476274165202107, 'PKN': 0.1389499121265378, 'PZU': 0.12137521968365554, 'PEO': 0.08864235500878734, 'CDR': 0.07842706502636203, 'KGH': 0.06854130052724076, 'SPL': 0.06601493848857644, 'LPP': 0.05030755711775044, 'PGE': 0.03844463971880492, 'CPS': 0.03646748681898066, 'DNP': 0.03229349736379613, 'MBK': 0.027021089630931458, 'ALR': 0.024165202108963092, 'CCC': 0.02383567662565905, 'OPL': 0.01680579964850615, 'JSW': 0.014718804920913884, 'TPE': 0.00922671353251318}"
141,2019-07-17,108728.9304083092,0.0,"{'PKO': 0.16476274165202107, 'PKN': 0.1389499121265378, 'PZU': 0.12137521968365554, 'PEO': 0.08864235500878734, 'CDR': 0.07842706502636203, 'KGH': 0.06854130052724076, 'SPL': 0.06601493848857644, 'LPP': 0.05030755711775044, 'PGE': 0.03844463971880492, 'CPS': 0.03646748681898066, 'DNP': 0.03229349736379613, 'MBK': 0.027021089630931458, 'ALR': 0.024165202108963092, 'CCC': 0.02383567662565905, 'OPL': 0.01680579964850615, 'JSW': 0.014718804920913884, 'TPE': 0.00922671353251318}"
142,2019-07-18,109503.18657286173,0.0,"{'PKO': 0.16476274165202107, 'PKN': 0.1389499121265378, 'PZU': 0.12137521968365554, 'PEO': 0.08864235500878734, 'CDR': 0.07842706502636203, 'KGH': 0.06854130052724076, 'SPL': 0.06601493848857644, 'LPP': 0.05030755711775044, 'PGE': 0.03844463971880492, 'CPS': 0.03646748681898066, 'DNP': 0.03229349736379613, 'MBK': 0.027021089630931458, 'ALR': 0.024165202108963092, 'CCC': 0.02383567662565905, 'OPL': 0.01680579964850615, 'JSW': 0.014718804920913884, 'TPE': 0.00922671353251318}"
143,2019-07-19,111197.32830153994,2.9103830456733704e-11,"{'PKN': 0.15599470735638296, 'PZU': 0.12095325921463179, 'PEO': 0.08563187176194645, 'CDR': 0.08368338125420104, 'KGH': 0.061903075392719546, 'SPL': 0.06161134220572412, 'LPP': 0.052173865959774676, 'PGE': 0.03953863674683683, 'CPS': 0.036593294689951206, 'DNP': 0.034943432095651775, 'ALR': 0.024949519767607654, 'CCC': 0.022022735241307954, 'OPL': 0.014209915960934244, 'TPE': 0.01016063007249032, 'FMG': 0.06727253101806538, 'EHG': 0.06436091930896212, 'IBS': 0.06399688195281172}"
144,2019-07-22,111216.58424149241,2.9103830456733704e-11,"{'PKN': 0.15599470735638296, 'PZU': 0.12095325921463179, 'PEO': 0.08563187176194645, 'CDR': 0.08368338125420104, 'KGH': 0.061903075392719546, 'SPL': 0.06161134220572412, 'LPP': 0.052173865959774676, 'PGE': 0.03953863674683683, 'CPS': 0.036593294689951206, 'DNP': 0.034943432095651775, 'ALR': 0.024949519767607654, 'CCC': 0.022022735241307954, 'OPL': 0.014209915960934244, 'TPE': 0.01016063007249032, 'FMG': 0.06727253101806538, 'EHG': 0.06436091930896212, 'IBS': 0.06399688195281172}"
145,2019-07-23,109494.01883920912,2.9103830456733704e-11,"{'PKN': 0.15599470735638296, 'PZU': 0.12095325921463179, 'PEO': 0.08563187176194645, 'CDR': 0.08368338125420104, 'KGH': 0.061903075392719546, 'SPL': 0.06161134220572412, 'LPP': 0.052173865959774676, 'PGE': 0.03953863674683683, 'CPS': 0.036593294689951206, 'DNP': 0.034943432095651775, 'ALR': 0.024949519767607654, 'CCC': 0.022022735241307954, 'OPL': 0.014209915960934244, 'TPE': 0.01016063007249032, 'FMG': 0.06727253101806538, 'EHG': 0.06436091930896212, 'IBS': 0.06399688195281172}"
146,2019-07-24,109434.09313263107,2.9103830456733704e-11,"{'PKN': 0.15599470735638296, 'PZU': 0.12095325921463179, 'PEO': 0.08563187176194645, 'CDR': 0.08368338125420104, 'KGH': 0.061903075392719546, 'SPL': 0.06161134220572412, 'LPP': 0.052173865959774676, 'PGE': 0.03953863674683683, 'CPS': 0.036593294689951206, 'DNP': 0.034943432095651775, 'ALR': 0.024949519767607654, 'CCC': 0.022022735241307954, 'OPL': 0.014209915960934244, 'TPE': 0.01016063007249032, 'FMG': 0.06727253101806538, 'EHG': 0.06436091930896212, 'IBS': 0.06399688195281172}"
147,2019-07-25,107896.07436631578,2.9103830456733704e-11,"{'PKN': 0.15599470735638296, 'PZU': 0.12095325921463179, 'PEO': 0.08563187176194645, 'CDR': 0.08368338125420104, 'KGH': 0.061903075392719546, 'SPL': 0.06161134220572412, 'LPP': 0.052173865959774676, 'PGE': 0.03953863674683683, 'CPS': 0.036593294689951206, 'DNP': 0.034943432095651775, 'ALR': 0.024949519767607654, 'CCC': 0.022022735241307954, 'OPL': 0.014209915960934244, 'TPE': 0.01016063007249032, 'FMG': 0.06727253101806538, 'EHG': 0.06436091930896212, 'IBS': 0.06399688195281172}"
148,2019-07-26,108153.67125005908,2.9103830456733704e-11,"{'PKN': 0.15599470735638296, 'PZU': 0.12095325921463179, 'PEO': 0.08563187176194645, 'CDR': 0.08368338125420104, 'KGH': 0.061903075392719546, 'SPL': 0.06161134220572412, 'LPP': 0.052173865959774676, 'PGE': 0.03953863674683683, 'CPS': 0.036593294689951206, 'DNP': 0.034943432095651775, 'ALR': 0.024949519767607654, 'CCC': 0.022022735241307954, 'OPL': 0.014209915960934244, 'TPE': 0.01016063007249032, 'FMG': 0.06727253101806538, 'EHG': 0.06436091930896212, 'IBS': 0.06399688195281172}"
149,2019-07-29,107443.77677360228,2.9103830456733704e-11,"{'PKN': 0.15599470735638296, 'PZU': 0.12095325921463179, 'PEO': 0.08563187176194645, 'CDR': 0.08368338125420104, 'KGH': 0.061903075392719546, 'SPL': 0.06161134220572412, 'LPP': 0.052173865959774676, 'PGE': 0.03953863674683683, 'CPS': 0.036593294689951206, 'DNP': 0.034943432095651775, 'ALR': 0.024949519767607654, 'CCC': 0.022022735241307954, 'OPL': 0.014209915960934244, 'TPE': 0.01016063007249032, 'FMG': 0.06727253101806538, 'EHG': 0.06436091930896212, 'IBS': 0.06399688195281172}"
150,2019-07-30,106975.03445627145,2.9103830456733704e-11,"{'PKN': 0.15599470735638296, 'PZU': 0.12095325921463179, 'PEO': 0.08563187176194645, 'CDR': 0.08368338125420104, 'KGH': 0.061903075392719546, 'SPL': 0.06161134220572412, 'LPP': 0.052173865959774676, 'PGE': 0.03953863674683683, 'CPS': 0.036593294689951206, 'DNP': 0.034943432095651775, 'ALR': 0.024949519767607654, 'CCC': 0.022022735241307954, 'OPL': 0.014209915960934244, 'TPE': 0.01016063007249032, 'FMG': 0.06727253101806538, 'EHG': 0.06436091930896212, 'IBS': 0.06399688195281172}"
151,2019-07-31,107280.95753863777,2.9103830456733704e-11,"{'PKN': 0.15599470735638296, 'PZU': 0.12095325921463179, 'PEO': 0.08563187176194645, 'CDR': 0.08368338125420104, 'KGH': 0.061903075392719546, 'SPL': 0.06161134220572412, 'LPP': 0.052173865959774676, 'PGE': 0.03953863674683683, 'CPS': 0.036593294689951206, 'DNP': 0.034943432095651775, 'ALR': 0.024949519767607654, 'CCC': 0.022022735241307954, 'OPL': 0.014209915960934244, 'TPE': 0.01016063007249032, 'FMG': 0.06727253101806538, 'EHG': 0.06436091930896212, 'IBS': 0.06399688195281172}"
152,2019-08-01,106112.66193576367,2.9103830456733704e-11,"{'PKN': 0.15599470735638296, 'PZU': 0.12095325921463179, 'PEO': 0.08563187176194645, 'CDR': 0.08368338125420104, 'KGH': 0.061903075392719546, 'SPL': 0.06161134220572412, 'LPP': 0.052173865959774676, 'PGE': 0.03953863674683683, 'CPS': 0.036593294689951206, 'DNP': 0.034943432095651775, 'ALR': 0.024949519767607654, 'CCC': 0.022022735241307954, 'OPL': 0.014209915960934244, 'TPE': 0.01016063007249032, 'FMG': 0.06727253101806538, 'EHG': 0.06436091930896212, 'IBS': 0.06399688195281172}"
153,2019-08-02,105196.82841679596,2.9103830456733704e-11,"{'PKN': 0.15599470735638296, 'PZU': 0.12095325921463179, 'PEO': 0.08563187176194645, 'CDR': 0.08368338125420104, 'KGH': 0.061903075392719546, 'SPL': 0.06161134220572412, 'LPP': 0.052173865959774676, 'PGE': 0.03953863674683683, 'CPS': 0.036593294689951206, 'DNP': 0.034943432095651775, 'ALR': 0.024949519767607654, 'CCC': 0.022022735241307954, 'OPL': 0.014209915960934244, 'TPE': 0.01016063007249032, 'FMG': 0.06727253101806538, 'EHG': 0.06436091930896212, 'IBS': 0.06399688195281172}"
154,2019-08-05,103113.28237574744,2.9103830456733704e-11,"{'PKN': 0.15599470735638296, 'PZU': 0.12095325921463179, 'PEO': 0.08563187176194645, 'CDR': 0.08368338125420104, 'KGH': 0.061903075392719546, 'SPL': 0.06161134220572412, 'LPP': 0.052173865959774676, 'PGE': 0.03953863674683683, 'CPS': 0.036593294689951206, 'DNP': 0.034943432095651775, 'ALR': 0.024949519767607654, 'CCC': 0.022022735241307954, 'OPL': 0.014209915960934244, 'TPE': 0.01016063007249032, 'FMG': 0.06727253101806538, 'EHG': 0.06436091930896212, 'IBS': 0.06399688195281172}"
155,2019-08-06,103039.04337302003,2.9103830456733704e-11,"{'PKN': 0.15599470735638296, 'PZU': 0.12095325921463179, 'PEO': 0.08563187176194645, 'CDR': 0.08368338125420104, 'KGH': 0.061903075392719546, 'SPL': 0.06161134220572412, 'LPP': 0.052173865959774676, 'PGE': 0.03953863674683683, 'CPS': 0.036593294689951206, 'DNP': 0.034943432095651775, 'ALR': 0.024949519767607654, 'CCC': 0.022022735241307954, 'OPL': 0.014209915960934244, 'TPE': 0.01016063007249032, 'FMG': 0.06727253101806538, 'EHG': 0.06436091930896212, 'IBS': 0.06399688195281172}"
156,2019-08-07,102246.36880585508,2.9103830456733704e-11,"{'PKN': 0.15599470735638296, 'PZU': 0.12095325921463179, 'PEO': 0.08563187176194645, 'CDR': 0.08368338125420104, 'KGH': 0.061903075392719546, 'SPL': 0.06161134220572412, 'LPP': 0.052173865959774676, 'PGE': 0.03953863674683683, 'CPS': 0.036593294689951206, 'DNP': 0.034943432095651775, 'ALR': 0.024949519767607654, 'CCC': 0.022022735241307954, 'OPL': 0.014209915960934244, 'TPE': 0.01016063007249032, 'FMG': 0.06727253101806538, 'EHG': 0.06436091930896212, 'IBS': 0.06399688195281172}"
157,2019-08-08,102790.01696016044,2.9103830456733704e-11,"{'PKN': 0.15599470735638296, 'PZU': 0.12095325921463179, 'PEO': 0.08563187176194645, 'CDR': 0.08368338125420104, 'KGH': 0.061903075392719546, 'SPL': 0.06161134220572412, 'LPP': 0.052173865959774676, 'PGE': 0.03953863674683683, 'CPS': 0.036593294689951206, 'DNP': 0.034943432095651775, 'ALR': 0.024949519767607654, 'CCC': 0.022022735241307954, 'OPL': 0.014209915960934244, 'TPE': 0.01016063007249032, 'FMG': 0.06727253101806538, 'EHG': 0.06436091930896212, 'IBS': 0.06399688195281172}"
158,2019-08-09,101737.92249059801,2.9103830456733704e-11,"{'PKN': 0.15599470735638296, 'PZU': 0.12095325921463179, 'PEO': 0.08563187176194645, 'CDR': 0.08368338125420104, 'KGH': 0.061903075392719546, 'SPL': 0.06161134220572412, 'LPP': 0.052173865959774676, 'PGE': 0.03953863674683683, 'CPS': 0.036593294689951206, 'DNP': 0.034943432095651775, 'ALR': 0.024949519767607654, 'CCC': 0.022022735241307954, 'OPL': 0.014209915960934244, 'TPE': 0.01016063007249032, 'FMG': 0.06727253101806538, 'EHG': 0.06436091930896212, 'IBS': 0.06399688195281172}"
159,2019-08-12,100926.92212300225,2.9103830456733704e-11,"{'PKN': 0.15599470735638296, 'PZU': 0.12095325921463179, 'PEO': 0.08563187176194645, 'CDR': 0.08368338125420104, 'KGH': 0.061903075392719546, 'SPL': 0.06161134220572412, 'LPP': 0.052173865959774676, 'PGE': 0.03953863674683683, 'CPS': 0.036593294689951206, 'DNP': 0.034943432095651775, 'ALR': 0.024949519767607654, 'CCC': 0.022022735241307954, 'OPL': 0.014209915960934244, 'TPE': 0.01016063007249032, 'FMG': 0.06727253101806538, 'EHG': 0.06436091930896212, 'IBS': 0.06399688195281172}"
160,2019-08-13,102736.64315458259,2.9103830456733704e-11,"{'PKN': 0.15599470735638296, 'PZU': 0.12095325921463179, 'PEO': 0.08563187176194645, 'CDR': 0.08368338125420104, 'KGH': 0.061903075392719546, 'SPL': 0.06161134220572412, 'LPP': 0.052173865959774676, 'PGE': 0.03953863674683683, 'CPS': 0.036593294689951206, 'DNP': 0.034943432095651775, 'ALR': 0.024949519767607654, 'CCC': 0.022022735241307954, 'OPL': 0.014209915960934244, 'TPE': 0.01016063007249032, 'FMG': 0.06727253101806538, 'EHG': 0.06436091930896212, 'IBS': 0.06399688195281172}"
161,2019-08-14,100451.6422868687,2.9103830456733704e-11,"{'PKN': 0.15599470735638296, 'PZU': 0.12095325921463179, 'PEO': 0.08563187176194645, 'CDR': 0.08368338125420104, 'KGH': 0.061903075392719546, 'SPL': 0.06161134220572412, 'LPP': 0.052173865959774676, 'PGE': 0.03953863674683683, 'CPS': 0.036593294689951206, 'DNP': 0.034943432095651775, 'ALR': 0.024949519767607654, 'CCC': 0.022022735241307954, 'OPL': 0.014209915960934244, 'TPE': 0.01016063007249032, 'FMG': 0.06727253101806538, 'EHG': 0.06436091930896212, 'IBS': 0.06399688195281172}"
162,2019-08-15,100451.6422868687,2.9103830456733704e-11,"{'PKN': 0.15599470735638296, 'PZU': 0.12095325921463179, 'PEO': 0.08563187176194645, 'CDR': 0.08368338125420104, 'KGH': 0.061903075392719546, 'SPL': 0.06161134220572412, 'LPP': 0.052173865959774676, 'PGE': 0.03953863674683683, 'CPS': 0.036593294689951206, 'DNP': 0.034943432095651775, 'ALR': 0.024949519767607654, 'CCC': 0.022022735241307954, 'OPL': 0.014209915960934244, 'TPE': 0.01016063007249032, 'FMG': 0.06727253101806538, 'EHG': 0.06436091930896212, 'IBS': 0.06399688195281172}"
163,2019-08-16,99760.8799405924,2.9103830456733704e-11,"{'PKN': 0.15599470735638296, 'PZU': 0.12095325921463179, 'PEO': 0.08563187176194645, 'CDR': 0.08368338125420104, 'KGH': 0.061903075392719546, 'SPL': 0.06161134220572412, 'LPP': 0.052173865959774676, 'PGE': 0.03953863674683683, 'CPS': 0.036593294689951206, 'DNP': 0.034943432095651775, 'ALR': 0.024949519767607654, 'CCC': 0.022022735241307954, 'OPL': 0.014209915960934244, 'TPE': 0.01016063007249032, 'FMG': 0.06727253101806538, 'EHG': 0.06436091930896212, 'IBS': 0.06399688195281172}"
164,2019-08-19,102298.19157746944,2.9103830456733704e-11,"{'PKN': 0.15599470735638296, 'PZU': 0.12095325921463179, 'PEO': 0.08563187176194645, 'CDR': 0.08368338125420104, 'KGH': 0.061903075392719546, 'SPL': 0.06161134220572412, 'LPP': 0.052173865959774676, 'PGE': 0.03953863674683683, 'CPS': 0.036593294689951206, 'DNP': 0.034943432095651775, 'ALR': 0.024949519767607654, 'CCC': 0.022022735241307954, 'OPL': 0.014209915960934244, 'TPE': 0.01016063007249032, 'FMG': 0.06727253101806538, 'EHG': 0.06436091930896212, 'IBS': 0.06399688195281172}"
165,2019-08-20,103879.17838485773,2.9103830456733704e-11,"{'PKN': 0.15599470735638296, 'PZU': 0.12095325921463179, 'PEO': 0.08563187176194645, 'CDR': 0.08368338125420104, 'KGH': 0.061903075392719546, 'SPL': 0.06161134220572412, 'LPP': 0.052173865959774676, 'PGE': 0.03953863674683683, 'CPS': 0.036593294689951206, 'DNP': 0.034943432095651775, 'ALR': 0.024949519767607654, 'CCC': 0.022022735241307954, 'OPL': 0.014209915960934244, 'TPE': 0.01016063007249032, 'FMG': 0.06727253101806538, 'EHG': 0.06436091930896212, 'IBS': 0.06399688195281172}"
166,2019-08-21,104252.36018800312,2.9103830456733704e-11,"{'PKN': 0.15599470735638296, 'PZU': 0.12095325921463179, 'PEO': 0.08563187176194645, 'CDR': 0.08368338125420104, 'KGH': 0.061903075392719546, 'SPL': 0.06161134220572412, 'LPP': 0.052173865959774676, 'PGE': 0.03953863674683683, 'CPS': 0.036593294689951206, 'DNP': 0.034943432095651775, 'ALR': 0.024949519767607654, 'CCC': 0.022022735241307954, 'OPL': 0.014209915960934244, 'TPE': 0.01016063007249032, 'FMG': 0.06727253101806538, 'EHG': 0.06436091930896212, 'IBS': 0.06399688195281172}"
167,2019-08-22,105987.27352913647,2.9103830456733704e-11,"{'PKN': 0.15599470735638296, 'PZU': 0.12095325921463179, 'PEO': 0.08563187176194645, 'CDR': 0.08368338125420104, 'KGH': 0.061903075392719546, 'SPL': 0.06161134220572412, 'LPP': 0.052173865959774676, 'PGE': 0.03953863674683683, 'CPS': 0.036593294689951206, 'DNP': 0.034943432095651775, 'ALR': 0.024949519767607654, 'CCC': 0.022022735241307954, 'OPL': 0.014209915960934244, 'TPE': 0.01016063007249032, 'FMG': 0.06727253101806538, 'EHG': 0.06436091930896212, 'IBS': 0.06399688195281172}"
168,2019-08-23,107005.98341878068,2.9103830456733704e-11,"{'PKN': 0.15599470735638296, 'PZU': 0.12095325921463179, 'PEO': 0.08563187176194645, 'CDR': 0.08368338125420104, 'KGH': 0.061903075392719546, 'SPL': 0.06161134220572412, 'LPP': 0.052173865959774676, 'PGE': 0.03953863674683683, 'CPS': 0.036593294689951206, 'DNP': 0.034943432095651775, 'ALR': 0.024949519767607654, 'CCC': 0.022022735241307954, 'OPL': 0.014209915960934244, 'TPE': 0.01016063007249032, 'FMG': 0.06727253101806538, 'EHG': 0.06436091930896212, 'IBS': 0.06399688195281172}"
169,2019-08-26,107867.53893161476,2.9103830456733704e-11,"{'PKN': 0.15599470735638296, 'PZU': 0.12095325921463179, 'PEO': 0.08563187176194645, 'CDR': 0.08368338125420104, 'KGH': 0.061903075392719546, 'SPL': 0.06161134220572412, 'LPP': 0.052173865959774676, 'PGE': 0.03953863674683683, 'CPS': 0.036593294689951206, 'DNP': 0.034943432095651775, 'ALR': 0.024949519767607654, 'CCC': 0.022022735241307954, 'OPL': 0.014209915960934244, 'TPE': 0.01016063007249032, 'FMG': 0.06727253101806538, 'EHG': 0.06436091930896212, 'IBS': 0.06399688195281172}"
170,2019-08-27,107602.2480328936,2.9103830456733704e-11,"{'PKN': 0.15599470735638296, 'PZU': 0.12095325921463179, 'PEO': 0.08563187176194645, 'CDR': 0.08368338125420104, 'KGH': 0.061903075392719546, 'SPL': 0.06161134220572412, 'LPP': 0.052173865959774676, 'PGE': 0.03953863674683683, 'CPS': 0.036593294689951206, 'DNP': 0.034943432095651775, 'ALR': 0.024949519767607654, 'CCC': 0.022022735241307954, 'OPL': 0.014209915960934244, 'TPE': 0.01016063007249032, 'FMG': 0.06727253101806538, 'EHG': 0.06436091930896212, 'IBS': 0.06399688195281172}"
171,2019-08-28,106504.10214950511,2.9103830456733704e-11,"{'PKN': 0.15599470735638296, 'PZU': 0.12095325921463179, 'PEO': 0.08563187176194645, 'CDR': 0.08368338125420104, 'KGH': 0.061903075392719546, 'SPL': 0.06161134220572412, 'LPP': 0.052173865959774676, 'PGE': 0.03953863674683683, 'CPS': 0.036593294689951206, 'DNP': 0.034943432095651775, 'ALR': 0.024949519767607654, 'CCC': 0.022022735241307954, 'OPL': 0.014209915960934244, 'TPE': 0.01016063007249032, 'FMG': 0.06727253101806538, 'EHG': 0.06436091930896212, 'IBS': 0.06399688195281172}"
172,2019-08-29,107018.53123843575,2.9103830456733704e-11,"{'PKN': 0.15599470735638296, 'PZU': 0.12095325921463179, 'PEO': 0.08563187176194645, 'CDR': 0.08368338125420104, 'KGH': 0.061903075392719546, 'SPL': 0.06161134220572412, 'LPP': 0.052173865959774676, 'PGE': 0.03953863674683683, 'CPS': 0.036593294689951206, 'DNP': 0.034943432095651775, 'ALR': 0.024949519767607654, 'CCC': 0.022022735241307954, 'OPL': 0.014209915960934244, 'TPE': 0.01016063007249032, 'FMG': 0.06727253101806538, 'EHG': 0.06436091930896212, 'IBS': 0.06399688195281172}"
173,2019-08-30,109332.46260930614,2.9103830456733704e-11,"{'PKN': 0.15599470735638296, 'PZU': 0.12095325921463179, 'PEO': 0.08563187176194645, 'CDR': 0.08368338125420104, 'KGH': 0.061903075392719546, 'SPL': 0.06161134220572412, 'LPP': 0.052173865959774676, 'PGE': 0.03953863674683683, 'CPS': 0.036593294689951206, 'DNP': 0.034943432095651775, 'ALR': 0.024949519767607654, 'CCC': 0.022022735241307954, 'OPL': 0.014209915960934244, 'TPE': 0.01016063007249032, 'FMG': 0.06727253101806538, 'EHG': 0.06436091930896212, 'IBS': 0.06399688195281172}"
174,2019-09-02,109617.05772337024,2.9103830456733704e-11,"{'PKN': 0.15599470735638296, 'PZU': 0.12095325921463179, 'PEO': 0.08563187176194645, 'CDR': 0.08368338125420104, 'KGH': 0.061903075392719546, 'SPL': 0.06161134220572412, 'LPP': 0.052173865959774676, 'PGE': 0.03953863674683683, 'CPS': 0.036593294689951206, 'DNP': 0.034943432095651775, 'ALR': 0.024949519767607654, 'CCC': 0.022022735241307954, 'OPL': 0.014209915960934244, 'TPE': 0.01016063007249032, 'FMG': 0.06727253101806538, 'EHG': 0.06436091930896212, 'IBS': 0.06399688195281172}"
175,2019-09-03,108224.19631212606,2.9103830456733704e-11,"{'PKN': 0.15599470735638296, 'PZU': 0.12095325921463179, 'PEO': 0.08563187176194645, 'CDR': 0.08368338125420104, 'KGH': 0.061903075392719546, 'SPL': 0.06161134220572412, 'LPP': 0.052173865959774676, 'PGE': 0.03953863674683683, 'CPS': 0.036593294689951206, 'DNP': 0.034943432095651775, 'ALR': 0.024949519767607654, 'CCC': 0.022022735241307954, 'OPL': 0.014209915960934244, 'TPE': 0.01016063007249032, 'FMG': 0.06727253101806538, 'EHG': 0.06436091930896212, 'IBS': 0.06399688195281172}"
176,2019-09-04,108251.22372468845,2.9103830456733704e-11,"{'PKN': 0.15599470735638296, 'PZU': 0.12095325921463179, 'PEO': 0.08563187176194645, 'CDR': 0.08368338125420104, 'KGH': 0.061903075392719546, 'SPL': 0.06161134220572412, 'LPP': 0.052173865959774676, 'PGE': 0.03953863674683683, 'CPS': 0.036593294689951206, 'DNP': 0.034943432095651775, 'ALR': 0.024949519767607654, 'CCC': 0.022022735241307954, 'OPL': 0.014209915960934244, 'TPE': 0.01016063007249032, 'FMG': 0.06727253101806538, 'EHG': 0.06436091930896212, 'IBS': 0.06399688195281172}"
177,2019-09-05,108369.23295063904,2.9103830456733704e-11,"{'PKN': 0.15599470735638296, 'PZU': 0.12095325921463179, 'PEO': 0.08563187176194645, 'CDR': 0.08368338125420104, 'KGH': 0.061903075392719546, 'SPL': 0.06161134220572412, 'LPP': 0.052173865959774676, 'PGE': 0.03953863674683683, 'CPS': 0.036593294689951206, 'DNP': 0.034943432095651775, 'ALR': 0.024949519767607654, 'CCC': 0.022022735241307954, 'OPL': 0.014209915960934244, 'TPE': 0.01016063007249032, 'FMG': 0.06727253101806538, 'EHG': 0.06436091930896212, 'IBS': 0.06399688195281172}"
178,2019-09-06,108738.33074593835,2.9103830456733704e-11,"{'PKN': 0.15599470735638296, 'PZU': 0.12095325921463179, 'PEO': 0.08563187176194645, 'CDR': 0.08368338125420104, 'KGH': 0.061903075392719546, 'SPL': 0.06161134220572412, 'LPP': 0.052173865959774676, 'PGE': 0.03953863674683683, 'CPS': 0.036593294689951206, 'DNP': 0.034943432095651775, 'ALR': 0.024949519767607654, 'CCC': 0.022022735241307954, 'OPL': 0.014209915960934244, 'TPE': 0.01016063007249032, 'FMG': 0.06727253101806538, 'EHG': 0.06436091930896212, 'IBS': 0.06399688195281172}"
179,2019-09-09,109536.90613882667,2.9103830456733704e-11,"{'PKN': 0.15599470735638296, 'PZU': 0.12095325921463179, 'PEO': 0.08563187176194645, 'CDR': 0.08368338125420104, 'KGH': 0.061903075392719546, 'SPL': 0.06161134220572412, 'LPP': 0.052173865959774676, 'PGE': 0.03953863674683683, 'CPS': 0.036593294689951206, 'DNP': 0.034943432095651775, 'ALR': 0.024949519767607654, 'CCC': 0.022022735241307954, 'OPL': 0.014209915960934244, 'TPE': 0.01016063007249032, 'FMG': 0.06727253101806538, 'EHG': 0.06436091930896212, 'IBS': 0.06399688195281172}"
180,2019-09-10,110002.38875737788,2.9103830456733704e-11,"{'PKN': 0.15599470735638296, 'PZU': 0.12095325921463179, 'PEO': 0.08563187176194645, 'CDR': 0.08368338125420104, 'KGH': 0.061903075392719546, 'SPL': 0.06161134220572412, 'LPP': 0.052173865959774676, 'PGE': 0.03953863674683683, 'CPS': 0.036593294689951206, 'DNP': 0.034943432095651775, 'ALR': 0.024949519767607654, 'CCC': 0.022022735241307954, 'OPL': 0.014209915960934244, 'TPE': 0.01016063007249032, 'FMG': 0.06727253101806538, 'EHG': 0.06436091930896212, 'IBS': 0.06399688195281172}"
181,2019-09-11,110289.64537582775,2.9103830456733704e-11,"{'PKN': 0.15599470735638296, 'PZU': 0.12095325921463179, 'PEO': 0.08563187176194645, 'CDR': 0.08368338125420104, 'KGH': 0.061903075392719546, 'SPL': 0.06161134220572412, 'LPP': 0.052173865959774676, 'PGE': 0.03953863674683683, 'CPS': 0.036593294689951206, 'DNP': 0.034943432095651775, 'ALR': 0.024949519767607654, 'CCC': 0.022022735241307954, 'OPL': 0.014209915960934244, 'TPE': 0.01016063007249032, 'FMG': 0.06727253101806538, 'EHG': 0.06436091930896212, 'IBS': 0.06399688195281172}"
182,2019-09-12,110333.89239642418,2.9103830456733704e-11,"{'PKN': 0.15599470735638296, 'PZU': 0.12095325921463179, 'PEO': 0.08563187176194645, 'CDR': 0.08368338125420104, 'KGH': 0.061903075392719546, 'SPL': 0.06161134220572412, 'LPP': 0.052173865959774676, 'PGE': 0.03953863674683683, 'CPS': 0.036593294689951206, 'DNP': 0.034943432095651775, 'ALR': 0.024949519767607654, 'CCC': 0.022022735241307954, 'OPL': 0.014209915960934244, 'TPE': 0.01016063007249032, 'FMG': 0.06727253101806538, 'EHG': 0.06436091930896212, 'IBS': 0.06399688195281172}"
183,2019-09-13,110852.88907161205,2.9103830456733704e-11,"{'PKN': 0.15599470735638296, 'PZU': 0.12095325921463179, 'PEO': 0.08563187176194645, 'CDR': 0.08368338125420104, 'KGH': 0.061903075392719546, 'SPL': 0.06161134220572412, 'LPP': 0.052173865959774676, 'PGE': 0.03953863674683683, 'CPS': 0.036593294689951206, 'DNP': 0.034943432095651775, 'ALR': 0.024949519767607654, 'CCC': 0.022022735241307954, 'OPL': 0.014209915960934244, 'TPE': 0.01016063007249032, 'FMG': 0.06727253101806538, 'EHG': 0.06436091930896212, 'IBS': 0.06399688195281172}"
184,2019-09-16,111361.52724782283,2.9103830456733704e-11,"{'PKN': 0.15599470735638296, 'PZU': 0.12095325921463179, 'PEO': 0.08563187176194645, 'CDR': 0.08368338125420104, 'KGH': 0.061903075392719546, 'SPL': 0.06161134220572412, 'LPP': 0.052173865959774676, 'PGE': 0.03953863674683683, 'CPS': 0.036593294689951206, 'DNP': 0.034943432095651775, 'ALR': 0.024949519767607654, 'CCC': 0.022022735241307954, 'OPL': 0.014209915960934244, 'TPE': 0.01016063007249032, 'FMG': 0.06727253101806538, 'EHG': 0.06436091930896212, 'IBS': 0.06399688195281172}"
185,2019-09-17,109973.57109681444,2.9103830456733704e-11,"{'PKN': 0.15599470735638296, 'PZU': 0.12095325921463179, 'PEO': 0.08563187176194645, 'CDR': 0.08368338125420104, 'KGH': 0.061903075392719546, 'SPL': 0.06161134220572412, 'LPP': 0.052173865959774676, 'PGE': 0.03953863674683683, 'CPS': 0.036593294689951206, 'DNP': 0.034943432095651775, 'ALR': 0.024949519767607654, 'CCC': 0.022022735241307954, 'OPL': 0.014209915960934244, 'TPE': 0.01016063007249032, 'FMG': 0.06727253101806538, 'EHG': 0.06436091930896212, 'IBS': 0.06399688195281172}"
186,2019-09-18,110536.78289412016,2.9103830456733704e-11,"{'PKN': 0.15599470735638296, 'PZU': 0.12095325921463179, 'PEO': 0.08563187176194645, 'CDR': 0.08368338125420104, 'KGH': 0.061903075392719546, 'SPL': 0.06161134220572412, 'LPP': 0.052173865959774676, 'PGE': 0.03953863674683683, 'CPS': 0.036593294689951206, 'DNP': 0.034943432095651775, 'ALR': 0.024949519767607654, 'CCC': 0.022022735241307954, 'OPL': 0.014209915960934244, 'TPE': 0.01016063007249032, 'FMG': 0.06727253101806538, 'EHG': 0.06436091930896212, 'IBS': 0.06399688195281172}"
187,2019-09-19,110383.23478610544,2.9103830456733704e-11,"{'PKN': 0.15599470735638296, 'PZU': 0.12095325921463179, 'PEO': 0.08563187176194645, 'CDR': 0.08368338125420104, 'KGH': 0.061903075392719546, 'SPL': 0.06161134220572412, 'LPP': 0.052173865959774676, 'PGE': 0.03953863674683683, 'CPS': 0.036593294689951206, 'DNP': 0.034943432095651775, 'ALR': 0.024949519767607654, 'CCC': 0.022022735241307954, 'OPL': 0.014209915960934244, 'TPE': 0.01016063007249032, 'FMG': 0.06727253101806538, 'EHG': 0.06436091930896212, 'IBS': 0.06399688195281172}"
188,2019-09-20,110112.01856519248,1.4551915228366852e-11,"{'PKO': 0.1646247707600067, 'PKN': 0.14636020119341983, 'PZU': 0.12008279528470756, 'CDR': 0.09125151043227173, 'PEO': 0.08791401757973052, 'KGH': 0.058154249020208236, 'SPL': 0.05742112004109034, 'LPP': 0.05285113640479255, 'CPS': 0.042839755345640676, 'DNP': 0.03974371215688082, 'PGE': 0.0335911357243435, 'MBK': 0.02382778931980337, 'OPL': 0.02180070964251182, 'ALR': 0.020883200920142717, 'CCC': 0.020579193843472572, 'JSW': 0.009451656838567852, 'TPE': 0.008623045492409151}"
189,2019-09-23,108770.00954321605,1.4551915228366852e-11,"{'PKO': 0.1646247707600067, 'PKN': 0.14636020119341983, 'PZU': 0.12008279528470756, 'CDR': 0.09125151043227173, 'PEO': 0.08791401757973052, 'KGH': 0.058154249020208236, 'SPL': 0.05742112004109034, 'LPP': 0.05285113640479255, 'CPS': 0.042839755345640676, 'DNP': 0.03974371215688082, 'PGE': 0.0335911357243435, 'MBK': 0.02382778931980337, 'OPL': 0.02180070964251182, 'ALR': 0.020883200920142717, 'CCC': 0.020579193843472572, 'JSW': 0.009451656838567852, 'TPE': 0.008623045492409151}"
190,2019-09-24,110228.54963719749,1.4551915228366852e-11,"{'PKO': 0.1646247707600067, 'PKN': 0.14636020119341983, 'PZU': 0.12008279528470756, 'CDR': 0.09125151043227173, 'PEO': 0.08791401757973052, 'KGH': 0.058154249020208236, 'SPL': 0.05742112004109034, 'LPP': 0.05285113640479255, 'CPS': 0.042839755345640676, 'DNP': 0.03974371215688082, 'PGE': 0.0335911357243435, 'MBK': 0.02382778931980337, 'OPL': 0.02180070964251182, 'ALR': 0.020883200920142717, 'CCC': 0.020579193843472572, 'JSW': 0.009451656838567852, 'TPE': 0.008623045492409151}"
191,2019-09-25,109522.60668566293,1.4551915228366852e-11,"{'PKO': 0.1646247707600067, 'PKN': 0.14636020119341983, 'PZU': 0.12008279528470756, 'CDR': 0.09125151043227173, 'PEO': 0.08791401757973052, 'KGH': 0.058154249020208236, 'SPL': 0.05742112004109034, 'LPP': 0.05285113640479255, 'CPS': 0.042839755345640676, 'DNP': 0.03974371215688082, 'PGE': 0.0335911357243435, 'MBK': 0.02382778931980337, 'OPL': 0.02180070964251182, 'ALR': 0.020883200920142717, 'CCC': 0.020579193843472572, 'JSW': 0.009451656838567852, 'TPE': 0.008623045492409151}"
192,2019-09-26,110249.07567054224,1.4551915228366852e-11,"{'PKO': 0.1646247707600067, 'PKN': 0.14636020119341983, 'PZU': 0.12008279528470756, 'CDR': 0.09125151043227173, 'PEO': 0.08791401757973052, 'KGH': 0.058154249020208236, 'SPL': 0.05742112004109034, 'LPP': 0.05285113640479255, 'CPS': 0.042839755345640676, 'DNP': 0.03974371215688082, 'PGE': 0.0335911357243435, 'MBK': 0.02382778931980337, 'OPL': 0.02180070964251182, 'ALR': 0.020883200920142717, 'CCC': 0.020579193843472572, 'JSW': 0.009451656838567852, 'TPE': 0.008623045492409151}"
193,2019-09-27,110944.13137054609,1.4551915228366852e-11,"{'PKO': 0.1646247707600067, 'PKN': 0.14636020119341983, 'PZU': 0.12008279528470756, 'CDR': 0.09125151043227173, 'PEO': 0.08791401757973052, 'KGH': 0.058154249020208236, 'SPL': 0.05742112004109034, 'LPP': 0.05285113640479255, 'CPS': 0.042839755345640676, 'DNP': 0.03974371215688082, 'PGE': 0.0335911357243435, 'MBK': 0.02382778931980337, 'OPL': 0.02180070964251182, 'ALR': 0.020883200920142717, 'CCC': 0.020579193843472572, 'JSW': 0.009451656838567852, 'TPE': 0.008623045492409151}"
194,2019-09-30,110239.25800786178,1.4551915228366852e-11,"{'PKO': 0.1646247707600067, 'PKN': 0.14636020119341983, 'PZU': 0.12008279528470756, 'CDR': 0.09125151043227173, 'PEO': 0.08791401757973052, 'KGH': 0.058154249020208236, 'SPL': 0.05742112004109034, 'LPP': 0.05285113640479255, 'CPS': 0.042839755345640676, 'DNP': 0.03974371215688082, 'PGE': 0.0335911357243435, 'MBK': 0.02382778931980337, 'OPL': 0.02180070964251182, 'ALR': 0.020883200920142717, 'CCC': 0.020579193843472572, 'JSW': 0.009451656838567852, 'TPE': 0.008623045492409151}"
195,2019-10-01,109064.52802051886,1.4551915228366852e-11,"{'PKO': 0.1646247707600067, 'PKN': 0.14636020119341983, 'PZU': 0.12008279528470756, 'CDR': 0.09125151043227173, 'PEO': 0.08791401757973052, 'KGH': 0.058154249020208236, 'SPL': 0.05742112004109034, 'LPP': 0.05285113640479255, 'CPS': 0.042839755345640676, 'DNP': 0.03974371215688082, 'PGE': 0.0335911357243435, 'MBK': 0.02382778931980337, 'OPL': 0.02180070964251182, 'ALR': 0.020883200920142717, 'CCC': 0.020579193843472572, 'JSW': 0.009451656838567852, 'TPE': 0.008623045492409151}"
196,2019-10-02,106317.93935627727,1.4551915228366852e-11,"{'PKO': 0.1646247707600067, 'PKN': 0.14636020119341983, 'PZU': 0.12008279528470756, 'CDR': 0.09125151043227173, 'PEO': 0.08791401757973052, 'KGH': 0.058154249020208236, 'SPL': 0.05742112004109034, 'LPP': 0.05285113640479255, 'CPS': 0.042839755345640676, 'DNP': 0.03974371215688082, 'PGE': 0.0335911357243435, 'MBK': 0.02382778931980337, 'OPL': 0.02180070964251182, 'ALR': 0.020883200920142717, 'CCC': 0.020579193843472572, 'JSW': 0.009451656838567852, 'TPE': 0.008623045492409151}"
197,2019-10-03,106429.22089136679,1.4551915228366852e-11,"{'PKO': 0.1646247707600067, 'PKN': 0.14636020119341983, 'PZU': 0.12008279528470756, 'CDR': 0.09125151043227173, 'PEO': 0.08791401757973052, 'KGH': 0.058154249020208236, 'SPL': 0.05742112004109034, 'LPP': 0.05285113640479255, 'CPS': 0.042839755345640676, 'DNP': 0.03974371215688082, 'PGE': 0.0335911357243435, 'MBK': 0.02382778931980337, 'OPL': 0.02180070964251182, 'ALR': 0.020883200920142717, 'CCC': 0.020579193843472572, 'JSW': 0.009451656838567852, 'TPE': 0.008623045492409151}"
198,2019-10-04,107359.14398887937,1.4551915228366852e-11,"{'PKO': 0.1646247707600067, 'PKN': 0.14636020119341983, 'PZU': 0.12008279528470756, 'CDR': 0.09125151043227173, 'PEO': 0.08791401757973052, 'KGH': 0.058154249020208236, 'SPL': 0.05742112004109034, 'LPP': 0.05285113640479255, 'CPS': 0.042839755345640676, 'DNP': 0.03974371215688082, 'PGE': 0.0335911357243435, 'MBK': 0.02382778931980337, 'OPL': 0.02180070964251182, 'ALR': 0.020883200920142717, 'CCC': 0.020579193843472572, 'JSW': 0.009451656838567852, 'TPE': 0.008623045492409151}"
199,2019-10-07,107337.4639432195,1.4551915228366852e-11,"{'PKO': 0.1646247707600067, 'PKN': 0.14636020119341983, 'PZU': 0.12008279528470756, 'CDR': 0.09125151043227173, 'PEO': 0.08791401757973052, 'KGH': 0.058154249020208236, 'SPL': 0.05742112004109034, 'LPP': 0.05285113640479255, 'CPS': 0.042839755345640676, 'DNP': 0.03974371215688082, 'PGE': 0.0335911357243435, 'MBK': 0.02382778931980337, 'OPL': 0.02180070964251182, 'ALR': 0.020883200920142717, 'CCC': 0.020579193843472572, 'JSW': 0.009451656838567852, 'TPE': 0.008623045492409151}"
200,2019-10-08,107675.53043934282,1.4551915228366852e-11,"{'PKO': 0.1646247707600067, 'PKN': 0.14636020119341983, 'PZU': 0.12008279528470756, 'CDR': 0.09125151043227173, 'PEO': 0.08791401757973052, 'KGH': 0.058154249020208236, 'SPL': 0.05742112004109034, 'LPP': 0.05285113640479255, 'CPS': 0.042839755345640676, 'DNP': 0.03974371215688082, 'PGE': 0.0335911357243435, 'MBK': 0.02382778931980337, 'OPL': 0.02180070964251182, 'ALR': 0.020883200920142717, 'CCC': 0.020579193843472572, 'JSW': 0.009451656838567852, 'TPE': 0.008623045492409151}"
201,2019-10-09,107891.05004627882,1.4551915228366852e-11,"{'PKO': 0.1646247707600067, 'PKN': 0.14636020119341983, 'PZU': 0.12008279528470756, 'CDR': 0.09125151043227173, 'PEO': 0.08791401757973052, 'KGH': 0.058154249020208236, 'SPL': 0.05742112004109034, 'LPP': 0.05285113640479255, 'CPS': 0.042839755345640676, 'DNP': 0.03974371215688082, 'PGE': 0.0335911357243435, 'MBK': 0.02382778931980337, 'OPL': 0.02180070964251182, 'ALR': 0.020883200920142717, 'CCC': 0.020579193843472572, 'JSW': 0.009451656838567852, 'TPE': 0.008623045492409151}"
202,2019-10-10,107305.98086970029,1.4551915228366852e-11,"{'PKO': 0.1646247707600067, 'PKN': 0.14636020119341983, 'PZU': 0.12008279528470756, 'CDR': 0.09125151043227173, 'PEO': 0.08791401757973052, 'KGH': 0.058154249020208236, 'SPL': 0.05742112004109034, 'LPP': 0.05285113640479255, 'CPS': 0.042839755345640676, 'DNP': 0.03974371215688082, 'PGE': 0.0335911357243435, 'MBK': 0.02382778931980337, 'OPL': 0.02180070964251182, 'ALR': 0.020883200920142717, 'CCC': 0.020579193843472572, 'JSW': 0.009451656838567852, 'TPE': 0.008623045492409151}"
203,2019-10-11,109235.25571234747,1.4551915228366852e-11,"{'PKO': 0.1646247707600067, 'PKN': 0.14636020119341983, 'PZU': 0.12008279528470756, 'CDR': 0.09125151043227173, 'PEO': 0.08791401757973052, 'KGH': 0.058154249020208236, 'SPL': 0.05742112004109034, 'LPP': 0.05285113640479255, 'CPS': 0.042839755345640676, 'DNP': 0.03974371215688082, 'PGE': 0.0335911357243435, 'MBK': 0.02382778931980337, 'OPL': 0.02180070964251182, 'ALR': 0.020883200920142717, 'CCC': 0.020579193843472572, 'JSW': 0.009451656838567852, 'TPE': 0.008623045492409151}"
204,2019-10-14,108612.88698641854,1.4551915228366852e-11,"{'PKO': 0.1646247707600067, 'PKN': 0.14636020119341983, 'PZU': 0.12008279528470756, 'CDR': 0.09125151043227173, 'PEO': 0.08791401757973052, 'KGH': 0.058154249020208236, 'SPL': 0.05742112004109034, 'LPP': 0.05285113640479255, 'CPS': 0.042839755345640676, 'DNP': 0.03974371215688082, 'PGE': 0.0335911357243435, 'MBK': 0.02382778931980337, 'OPL': 0.02180070964251182, 'ALR': 0.020883200920142717, 'CCC': 0.020579193843472572, 'JSW': 0.009451656838567852, 'TPE': 0.008623045492409151}"
205,2019-10-15,108986.63207690603,1.4551915228366852e-11,"{'PKO': 0.1646247707600067, 'PKN': 0.14636020119341983, 'PZU': 0.12008279528470756, 'CDR': 0.09125151043227173, 'PEO': 0.08791401757973052, 'KGH': 0.058154249020208236, 'SPL': 0.05742112004109034, 'LPP': 0.05285113640479255, 'CPS': 0.042839755345640676, 'DNP': 0.03974371215688082, 'PGE': 0.0335911357243435, 'MBK': 0.02382778931980337, 'OPL': 0.02180070964251182, 'ALR': 0.020883200920142717, 'CCC': 0.020579193843472572, 'JSW': 0.009451656838567852, 'TPE': 0.008623045492409151}"
206,2019-10-16,109116.82801867013,1.4551915228366852e-11,"{'PKO': 0.1646247707600067, 'PKN': 0.14636020119341983, 'PZU': 0.12008279528470756, 'CDR': 0.09125151043227173, 'PEO': 0.08791401757973052, 'KGH': 0.058154249020208236, 'SPL': 0.05742112004109034, 'LPP': 0.05285113640479255, 'CPS': 0.042839755345640676, 'DNP': 0.03974371215688082, 'PGE': 0.0335911357243435, 'MBK': 0.02382778931980337, 'OPL': 0.02180070964251182, 'ALR': 0.020883200920142717, 'CCC': 0.020579193843472572, 'JSW': 0.009451656838567852, 'TPE': 0.008623045492409151}"
207,2019-10-17,110068.47657813365,1.4551915228366852e-11,"{'PKO': 0.1646247707600067, 'PKN': 0.14636020119341983, 'PZU': 0.12008279528470756, 'CDR': 0.09125151043227173, 'PEO': 0.08791401757973052, 'KGH': 0.058154249020208236, 'SPL': 0.05742112004109034, 'LPP': 0.05285113640479255, 'CPS': 0.042839755345640676, 'DNP': 0.03974371215688082, 'PGE': 0.0335911357243435, 'MBK': 0.02382778931980337, 'OPL': 0.02180070964251182, 'ALR': 0.020883200920142717, 'CCC': 0.020579193843472572, 'JSW': 0.009451656838567852, 'TPE': 0.008623045492409151}"
208,2019-10-18,109616.77602440798,1.4551915228366852e-11,"{'PKO': 0.1646247707600067, 'PKN': 0.14636020119341983, 'PZU': 0.12008279528470756, 'CDR': 0.09125151043227173, 'PEO': 0.08791401757973052, 'KGH': 0.058154249020208236, 'SPL': 0.05742112004109034, 'LPP': 0.05285113640479255, 'CPS': 0.042839755345640676, 'DNP': 0.03974371215688082, 'PGE': 0.0335911357243435, 'MBK': 0.02382778931980337, 'OPL': 0.02180070964251182, 'ALR': 0.020883200920142717, 'CCC': 0.020579193843472572, 'JSW': 0.009451656838567852, 'TPE': 0.008623045492409151}"
209,2019-10-21,110651.17596998945,1.4551915228366852e-11,"{'PKO': 0.1646247707600067, 'PKN': 0.14636020119341983, 'PZU': 0.12008279528470756, 'CDR': 0.09125151043227173, 'PEO': 0.08791401757973052, 'KGH': 0.058154249020208236, 'SPL': 0.05742112004109034, 'LPP': 0.05285113640479255, 'CPS': 0.042839755345640676, 'DNP': 0.03974371215688082, 'PGE': 0.0335911357243435, 'MBK': 0.02382778931980337, 'OPL': 0.02180070964251182, 'ALR': 0.020883200920142717, 'CCC': 0.020579193843472572, 'JSW': 0.009451656838567852, 'TPE': 0.008623045492409151}"
210,2019-10-22,112044.41165550564,1.4551915228366852e-11,"{'PKO': 0.1646247707600067, 'PKN': 0.14636020119341983, 'PZU': 0.12008279528470756, 'CDR': 0.09125151043227173, 'PEO': 0.08791401757973052, 'KGH': 0.058154249020208236, 'SPL': 0.05742112004109034, 'LPP': 0.05285113640479255, 'CPS': 0.042839755345640676, 'DNP': 0.03974371215688082, 'PGE': 0.0335911357243435, 'MBK': 0.02382778931980337, 'OPL': 0.02180070964251182, 'ALR': 0.020883200920142717, 'CCC': 0.020579193843472572, 'JSW': 0.009451656838567852, 'TPE': 0.008623045492409151}"
211,2019-10-23,111905.56377517627,1.4551915228366852e-11,"{'PKO': 0.1646247707600067, 'PKN': 0.14636020119341983, 'PZU': 0.12008279528470756, 'CDR': 0.09125151043227173, 'PEO': 0.08791401757973052, 'KGH': 0.058154249020208236, 'SPL': 0.05742112004109034, 'LPP': 0.05285113640479255, 'CPS': 0.042839755345640676, 'DNP': 0.03974371215688082, 'PGE': 0.0335911357243435, 'MBK': 0.02382778931980337, 'OPL': 0.02180070964251182, 'ALR': 0.020883200920142717, 'CCC': 0.020579193843472572, 'JSW': 0.009451656838567852, 'TPE': 0.008623045492409151}"
212,2019-10-24,111954.9969060201,1.4551915228366852e-11,"{'PKO': 0.1646247707600067, 'PKN': 0.14636020119341983, 'PZU': 0.12008279528470756, 'CDR': 0.09125151043227173, 'PEO': 0.08791401757973052, 'KGH': 0.058154249020208236, 'SPL': 0.05742112004109034, 'LPP': 0.05285113640479255, 'CPS': 0.042839755345640676, 'DNP': 0.03974371215688082, 'PGE': 0.0335911357243435, 'MBK': 0.02382778931980337, 'OPL': 0.02180070964251182, 'ALR': 0.020883200920142717, 'CCC': 0.020579193843472572, 'JSW': 0.009451656838567852, 'TPE': 0.008623045492409151}"
213,2019-10-25,110096.60464680113,1.4551915228366852e-11,"{'PKO': 0.1646247707600067, 'PKN': 0.14636020119341983, 'PZU': 0.12008279528470756, 'CDR': 0.09125151043227173, 'PEO': 0.08791401757973052, 'KGH': 0.058154249020208236, 'SPL': 0.05742112004109034, 'LPP': 0.05285113640479255, 'CPS': 0.042839755345640676, 'DNP': 0.03974371215688082, 'PGE': 0.0335911357243435, 'MBK': 0.02382778931980337, 'OPL': 0.02180070964251182, 'ALR': 0.020883200920142717, 'CCC': 0.020579193843472572, 'JSW': 0.009451656838567852, 'TPE': 0.008623045492409151}"
214,2019-10-28,111813.83884334478,1.4551915228366852e-11,"{'PKO': 0.1646247707600067, 'PKN': 0.14636020119341983, 'PZU': 0.12008279528470756, 'CDR': 0.09125151043227173, 'PEO': 0.08791401757973052, 'KGH': 0.058154249020208236, 'SPL': 0.05742112004109034, 'LPP': 0.05285113640479255, 'CPS': 0.042839755345640676, 'DNP': 0.03974371215688082, 'PGE': 0.0335911357243435, 'MBK': 0.02382778931980337, 'OPL': 0.02180070964251182, 'ALR': 0.020883200920142717, 'CCC': 0.020579193843472572, 'JSW': 0.009451656838567852, 'TPE': 0.008623045492409151}"
215,2019-10-29,112600.67895256003,1.4551915228366852e-11,"{'PKO': 0.1646247707600067, 'PKN': 0.14636020119341983, 'PZU': 0.12008279528470756, 'CDR': 0.09125151043227173, 'PEO': 0.08791401757973052, 'KGH': 0.058154249020208236, 'SPL': 0.05742112004109034, 'LPP': 0.05285113640479255, 'CPS': 0.042839755345640676, 'DNP': 0.03974371215688082, 'PGE': 0.0335911357243435, 'MBK': 0.02382778931980337, 'OPL': 0.02180070964251182, 'ALR': 0.020883200920142717, 'CCC': 0.020579193843472572, 'JSW': 0.009451656838567852, 'TPE': 0.008623045492409151}"
216,2019-10-30,112533.20779407262,1.4551915228366852e-11,"{'PKO': 0.1646247707600067, 'PKN': 0.14636020119341983, 'PZU': 0.12008279528470756, 'CDR': 0.09125151043227173, 'PEO': 0.08791401757973052, 'KGH': 0.058154249020208236, 'SPL': 0.05742112004109034, 'LPP': 0.05285113640479255, 'CPS': 0.042839755345640676, 'DNP': 0.03974371215688082, 'PGE': 0.0335911357243435, 'MBK': 0.02382778931980337, 'OPL': 0.02180070964251182, 'ALR': 0.020883200920142717, 'CCC': 0.020579193843472572, 'JSW': 0.009451656838567852, 'TPE': 0.008623045492409151}"
217,2019-10-31,110788.61458262749,1.4551915228366852e-11,"{'PKO': 0.1646247707600067, 'PKN': 0.14636020119341983, 'PZU': 0.12008279528470756, 'CDR': 0.09125151043227173, 'PEO': 0.08791401757973052, 'KGH': 0.058154249020208236, 'SPL': 0.05742112004109034, 'LPP': 0.05285113640479255, 'CPS': 0.042839755345640676, 'DNP': 0.03974371215688082, 'PGE': 0.0335911357243435, 'MBK': 0.02382778931980337, 'OPL': 0.02180070964251182, 'ALR': 0.020883200920142717, 'CCC': 0.020579193843472572, 'JSW': 0.009451656838567852, 'TPE': 0.008623045492409151}"
218,2019-11-01,110788.61458262749,1.4551915228366852e-11,"{'PKO': 0.1646247707600067, 'PKN': 0.14636020119341983, 'PZU': 0.12008279528470756, 'CDR': 0.09125151043227173, 'PEO': 0.08791401757973052, 'KGH': 0.058154249020208236, 'SPL': 0.05742112004109034, 'LPP': 0.05285113640479255, 'CPS': 0.042839755345640676, 'DNP': 0.03974371215688082, 'PGE': 0.0335911357243435, 'MBK': 0.02382778931980337, 'OPL': 0.02180070964251182, 'ALR': 0.020883200920142717, 'CCC': 0.020579193843472572, 'JSW': 0.009451656838567852, 'TPE': 0.008623045492409151}"
219,2019-11-04,114220.96953684547,1.4551915228366852e-11,"{'PKO': 0.1646247707600067, 'PKN': 0.14636020119341983, 'PZU': 0.12008279528470756, 'CDR': 0.09125151043227173, 'PEO': 0.08791401757973052, 'KGH': 0.058154249020208236, 'SPL': 0.05742112004109034, 'LPP': 0.05285113640479255, 'CPS': 0.042839755345640676, 'DNP': 0.03974371215688082, 'PGE': 0.0335911357243435, 'MBK': 0.02382778931980337, 'OPL': 0.02180070964251182, 'ALR': 0.020883200920142717, 'CCC': 0.020579193843472572, 'JSW': 0.009451656838567852, 'TPE': 0.008623045492409151}"
220,2019-11-05,114640.95489348743,1.4551915228366852e-11,"{'PKO': 0.1646247707600067, 'PKN': 0.14636020119341983, 'PZU': 0.12008279528470756, 'CDR': 0.09125151043227173, 'PEO': 0.08791401757973052, 'KGH': 0.058154249020208236, 'SPL': 0.05742112004109034, 'LPP': 0.05285113640479255, 'CPS': 0.042839755345640676, 'DNP': 0.03974371215688082, 'PGE': 0.0335911357243435, 'MBK': 0.02382778931980337, 'OPL': 0.02180070964251182, 'ALR': 0.020883200920142717, 'CCC': 0.020579193843472572, 'JSW': 0.009451656838567852, 'TPE': 0.008623045492409151}"
221,2019-11-06,113839.82029535626,1.4551915228366852e-11,"{'PKO': 0.1646247707600067, 'PKN': 0.14636020119341983, 'PZU': 0.12008279528470756, 'CDR': 0.09125151043227173, 'PEO': 0.08791401757973052, 'KGH': 0.058154249020208236, 'SPL': 0.05742112004109034, 'LPP': 0.05285113640479255, 'CPS': 0.042839755345640676, 'DNP': 0.03974371215688082, 'PGE': 0.0335911357243435, 'MBK': 0.02382778931980337, 'OPL': 0.02180070964251182, 'ALR': 0.020883200920142717, 'CCC': 0.020579193843472572, 'JSW': 0.009451656838567852, 'TPE': 0.008623045492409151}"
222,2019-11-07,114823.70088160704,1.4551915228366852e-11,"{'PKO': 0.1646247707600067, 'PKN': 0.14636020119341983, 'PZU': 0.12008279528470756, 'CDR': 0.09125151043227173, 'PEO': 0.08791401757973052, 'KGH': 0.058154249020208236, 'SPL': 0.05742112004109034, 'LPP': 0.05285113640479255, 'CPS': 0.042839755345640676, 'DNP': 0.03974371215688082, 'PGE': 0.0335911357243435, 'MBK': 0.02382778931980337, 'OPL': 0.02180070964251182, 'ALR': 0.020883200920142717, 'CCC': 0.020579193843472572, 'JSW': 0.009451656838567852, 'TPE': 0.008623045492409151}"
223,2019-11-08,113869.55543452188,1.4551915228366852e-11,"{'PKO': 0.1646247707600067, 'PKN': 0.14636020119341983, 'PZU': 0.12008279528470756, 'CDR': 0.09125151043227173, 'PEO': 0.08791401757973052, 'KGH': 0.058154249020208236, 'SPL': 0.05742112004109034, 'LPP': 0.05285113640479255, 'CPS': 0.042839755345640676, 'DNP': 0.03974371215688082, 'PGE': 0.0335911357243435, 'MBK': 0.02382778931980337, 'OPL': 0.02180070964251182, 'ALR': 0.020883200920142717, 'CCC': 0.020579193843472572, 'JSW': 0.009451656838567852, 'TPE': 0.008623045492409151}"
224,2019-11-11,113869.55543452188,1.4551915228366852e-11,"{'PKO': 0.1646247707600067, 'PKN': 0.14636020119341983, 'PZU': 0.12008279528470756, 'CDR': 0.09125151043227173, 'PEO': 0.08791401757973052, 'KGH': 0.058154249020208236, 'SPL': 0.05742112004109034, 'LPP': 0.05285113640479255, 'CPS': 0.042839755345640676, 'DNP': 0.03974371215688082, 'PGE': 0.0335911357243435, 'MBK': 0.02382778931980337, 'OPL': 0.02180070964251182, 'ALR': 0.020883200920142717, 'CCC': 0.020579193843472572, 'JSW': 0.009451656838567852, 'TPE': 0.008623045492409151}"
225,2019-11-12,113579.53518031957,1.4551915228366852e-11,"{'PKO': 0.1646247707600067, 'PKN': 0.14636020119341983, 'PZU': 0.12008279528470756, 'CDR': 0.09125151043227173, 'PEO': 0.08791401757973052, 'KGH': 0.058154249020208236, 'SPL': 0.05742112004109034, 'LPP': 0.05285113640479255, 'CPS': 0.042839755345640676, 'DNP': 0.03974371215688082, 'PGE': 0.0335911357243435, 'MBK': 0.02382778931980337, 'OPL': 0.02180070964251182, 'ALR': 0.020883200920142717, 'CCC': 0.020579193843472572, 'JSW': 0.009451656838567852, 'TPE': 0.008623045492409151}"
226,2019-11-13,112921.97652764288,1.4551915228366852e-11,"{'PKO': 0.1646247707600067, 'PKN': 0.14636020119341983, 'PZU': 0.12008279528470756, 'CDR': 0.09125151043227173, 'PEO': 0.08791401757973052, 'KGH': 0.058154249020208236, 'SPL': 0.05742112004109034, 'LPP': 0.05285113640479255, 'CPS': 0.042839755345640676, 'DNP': 0.03974371215688082, 'PGE': 0.0335911357243435, 'MBK': 0.02382778931980337, 'OPL': 0.02180070964251182, 'ALR': 0.020883200920142717, 'CCC': 0.020579193843472572, 'JSW': 0.009451656838567852, 'TPE': 0.008623045492409151}"
227,2019-11-14,112490.24985435062,1.4551915228366852e-11,"{'PKO': 0.1646247707600067, 'PKN': 0.14636020119341983, 'PZU': 0.12008279528470756, 'CDR': 0.09125151043227173, 'PEO': 0.08791401757973052, 'KGH': 0.058154249020208236, 'SPL': 0.05742112004109034, 'LPP': 0.05285113640479255, 'CPS': 0.042839755345640676, 'DNP': 0.03974371215688082, 'PGE': 0.0335911357243435, 'MBK': 0.02382778931980337, 'OPL': 0.02180070964251182, 'ALR': 0.020883200920142717, 'CCC': 0.020579193843472572, 'JSW': 0.009451656838567852, 'TPE': 0.008623045492409151}"
228,2019-11-15,112927.54140508058,1.4551915228366852e-11,"{'PKO': 0.1646247707600067, 'PKN': 0.14636020119341983, 'PZU': 0.12008279528470756, 'CDR': 0.09125151043227173, 'PEO': 0.08791401757973052, 'KGH': 0.058154249020208236, 'SPL': 0.05742112004109034, 'LPP': 0.05285113640479255, 'CPS': 0.042839755345640676, 'DNP': 0.03974371215688082, 'PGE': 0.0335911357243435, 'MBK': 0.02382778931980337, 'OPL': 0.02180070964251182, 'ALR': 0.020883200920142717, 'CCC': 0.020579193843472572, 'JSW': 0.009451656838567852, 'TPE': 0.008623045492409151}"
229,2019-11-18,112875.95949209822,1.4551915228366852e-11,"{'PKO': 0.1646247707600067, 'PKN': 0.14636020119341983, 'PZU': 0.12008279528470756, 'CDR': 0.09125151043227173, 'PEO': 0.08791401757973052, 'KGH': 0.058154249020208236, 'SPL': 0.05742112004109034, 'LPP': 0.05285113640479255, 'CPS': 0.042839755345640676, 'DNP': 0.03974371215688082, 'PGE': 0.0335911357243435, 'MBK': 0.02382778931980337, 'OPL': 0.02180070964251182, 'ALR': 0.020883200920142717, 'CCC': 0.020579193843472572, 'JSW': 0.009451656838567852, 'TPE': 0.008623045492409151}"
230,2019-11-19,111772.55072181024,1.4551915228366852e-11,"{'PKO': 0.1646247707600067, 'PKN': 0.14636020119341983, 'PZU': 0.12008279528470756, 'CDR': 0.09125151043227173, 'PEO': 0.08791401757973052, 'KGH': 0.058154249020208236, 'SPL': 0.05742112004109034, 'LPP': 0.05285113640479255, 'CPS': 0.042839755345640676, 'DNP': 0.03974371215688082, 'PGE': 0.0335911357243435, 'MBK': 0.02382778931980337, 'OPL': 0.02180070964251182, 'ALR': 0.020883200920142717, 'CCC': 0.020579193843472572, 'JSW': 0.009451656838567852, 'TPE': 0.008623045492409151}"
231,2019-11-20,111220.68258638043,1.4551915228366852e-11,"{'PKO': 0.1646247707600067, 'PKN': 0.14636020119341983, 'PZU': 0.12008279528470756, 'CDR': 0.09125151043227173, 'PEO': 0.08791401757973052, 'KGH': 0.058154249020208236, 'SPL': 0.05742112004109034, 'LPP': 0.05285113640479255, 'CPS': 0.042839755345640676, 'DNP': 0.03974371215688082, 'PGE': 0.0335911357243435, 'MBK': 0.02382778931980337, 'OPL': 0.02180070964251182, 'ALR': 0.020883200920142717, 'CCC': 0.020579193843472572, 'JSW': 0.009451656838567852, 'TPE': 0.008623045492409151}"
232,2019-11-21,110454.80341779717,1.4551915228366852e-11,"{'PKO': 0.1646247707600067, 'PKN': 0.14636020119341983, 'PZU': 0.12008279528470756, 'CDR': 0.09125151043227173, 'PEO': 0.08791401757973052, 'KGH': 0.058154249020208236, 'SPL': 0.05742112004109034, 'LPP': 0.05285113640479255, 'CPS': 0.042839755345640676, 'DNP': 0.03974371215688082, 'PGE': 0.0335911357243435, 'MBK': 0.02382778931980337, 'OPL': 0.02180070964251182, 'ALR': 0.020883200920142717, 'CCC': 0.020579193843472572, 'JSW': 0.009451656838567852, 'TPE': 0.008623045492409151}"
233,2019-11-22,110906.52845747219,1.4551915228366852e-11,"{'PKO': 0.1646247707600067, 'PKN': 0.14636020119341983, 'PZU': 0.12008279528470756, 'CDR': 0.09125151043227173, 'PEO': 0.08791401757973052, 'KGH': 0.058154249020208236, 'SPL': 0.05742112004109034, 'LPP': 0.05285113640479255, 'CPS': 0.042839755345640676, 'DNP': 0.03974371215688082, 'PGE': 0.0335911357243435, 'MBK': 0.02382778931980337, 'OPL': 0.02180070964251182, 'ALR': 0.020883200920142717, 'CCC': 0.020579193843472572, 'JSW': 0.009451656838567852, 'TPE': 0.008623045492409151}"
234,2019-11-25,111305.42951213395,1.4551915228366852e-11,"{'PKO': 0.1646247707600067, 'PKN': 0.14636020119341983, 'PZU': 0.12008279528470756, 'CDR': 0.09125151043227173, 'PEO': 0.08791401757973052, 'KGH': 0.058154249020208236, 'SPL': 0.05742112004109034, 'LPP': 0.05285113640479255, 'CPS': 0.042839755345640676, 'DNP': 0.03974371215688082, 'PGE': 0.0335911357243435, 'MBK': 0.02382778931980337, 'OPL': 0.02180070964251182, 'ALR': 0.020883200920142717, 'CCC': 0.020579193843472572, 'JSW': 0.009451656838567852, 'TPE': 0.008623045492409151}"
235,2019-11-26,110778.33455689225,1.4551915228366852e-11,"{'PKO': 0.1646247707600067, 'PKN': 0.14636020119341983, 'PZU': 0.12008279528470756, 'CDR': 0.09125151043227173, 'PEO': 0.08791401757973052, 'KGH': 0.058154249020208236, 'SPL': 0.05742112004109034, 'LPP': 0.05285113640479255, 'CPS': 0.042839755345640676, 'DNP': 0.03974371215688082, 'PGE': 0.0335911357243435, 'MBK': 0.02382778931980337, 'OPL': 0.02180070964251182, 'ALR': 0.020883200920142717, 'CCC': 0.020579193843472572, 'JSW': 0.009451656838567852, 'TPE': 0.008623045492409151}"
236,2019-11-27,110296.28093886022,1.4551915228366852e-11,"{'PKO': 0.1646247707600067, 'PKN': 0.14636020119341983, 'PZU': 0.12008279528470756, 'CDR': 0.09125151043227173, 'PEO': 0.08791401757973052, 'KGH': 0.058154249020208236, 'SPL': 0.05742112004109034, 'LPP': 0.05285113640479255, 'CPS': 0.042839755345640676, 'DNP': 0.03974371215688082, 'PGE': 0.0335911357243435, 'MBK': 0.02382778931980337, 'OPL': 0.02180070964251182, 'ALR': 0.020883200920142717, 'CCC': 0.020579193843472572, 'JSW': 0.009451656838567852, 'TPE': 0.008623045492409151}"
237,2019-11-28,109583.6455712268,1.4551915228366852e-11,"{'PKO': 0.1646247707600067, 'PKN': 0.14636020119341983, 'PZU': 0.12008279528470756, 'CDR': 0.09125151043227173, 'PEO': 0.08791401757973052, 'KGH': 0.058154249020208236, 'SPL': 0.05742112004109034, 'LPP': 0.05285113640479255, 'CPS': 0.042839755345640676, 'DNP': 0.03974371215688082, 'PGE': 0.0335911357243435, 'MBK': 0.02382778931980337, 'OPL': 0.02180070964251182, 'ALR': 0.020883200920142717, 'CCC': 0.020579193843472572, 'JSW': 0.009451656838567852, 'TPE': 0.008623045492409151}"
238,2019-11-29,108976.35065004812,1.4551915228366852e-11,"{'PKO': 0.1646247707600067, 'PKN': 0.14636020119341983, 'PZU': 0.12008279528470756, 'CDR': 0.09125151043227173, 'PEO': 0.08791401757973052, 'KGH': 0.058154249020208236, 'SPL': 0.05742112004109034, 'LPP': 0.05285113640479255, 'CPS': 0.042839755345640676, 'DNP': 0.03974371215688082, 'PGE': 0.0335911357243435, 'MBK': 0.02382778931980337, 'OPL': 0.02180070964251182, 'ALR': 0.020883200920142717, 'CCC': 0.020579193843472572, 'JSW': 0.009451656838567852, 'TPE': 0.008623045492409151}"
239,2019-12-02,107127.56248024083,1.4551915228366852e-11,"{'PKO': 0.1646247707600067, 'PKN': 0.14636020119341983, 'PZU': 0.12008279528470756, 'CDR': 0.09125151043227173, 'PEO': 0.08791401757973052, 'KGH': 0.058154249020208236, 'SPL': 0.05742112004109034, 'LPP': 0.05285113640479255, 'CPS': 0.042839755345640676, 'DNP': 0.03974371215688082, 'PGE': 0.0335911357243435, 'MBK': 0.02382778931980337, 'OPL': 0.02180070964251182, 'ALR': 0.020883200920142717, 'CCC': 0.020579193843472572, 'JSW': 0.009451656838567852, 'TPE': 0.008623045492409151}"
240,2019-12-03,105569.18182023006,1.4551915228366852e-11,"{'PKO': 0.1646247707600067, 'PKN': 0.14636020119341983, 'PZU': 0.12008279528470756, 'CDR': 0.09125151043227173, 'PEO': 0.08791401757973052, 'KGH': 0.058154249020208236, 'SPL': 0.05742112004109034, 'LPP': 0.05285113640479255, 'CPS': 0.042839755345640676, 'DNP': 0.03974371215688082, 'PGE': 0.0335911357243435, 'MBK': 0.02382778931980337, 'OPL': 0.02180070964251182, 'ALR': 0.020883200920142717, 'CCC': 0.020579193843472572, 'JSW': 0.009451656838567852, 'TPE': 0.008623045492409151}"
241,2019-12-04,105219.80359995397,1.4551915228366852e-11,"{'PKO': 0.1646247707600067, 'PKN': 0.14636020119341983, 'PZU': 0.12008279528470756, 'CDR': 0.09125151043227173, 'PEO': 0.08791401757973052, 'KGH': 0.058154249020208236, 'SPL': 0.05742112004109034, 'LPP': 0.05285113640479255, 'CPS': 0.042839755345640676, 'DNP': 0.03974371215688082, 'PGE': 0.0335911357243435, 'MBK': 0.02382778931980337, 'OPL': 0.02180070964251182, 'ALR': 0.020883200920142717, 'CCC': 0.020579193843472572, 'JSW': 0.009451656838567852, 'TPE': 0.008623045492409151}"
242,2019-12-05,105792.40329430749,1.4551915228366852e-11,"{'PKO': 0.1646247707600067, 'PKN': 0.14636020119341983, 'PZU': 0.12008279528470756, 'CDR': 0.09125151043227173, 'PEO': 0.08791401757973052, 'KGH': 0.058154249020208236, 'SPL': 0.05742112004109034, 'LPP': 0.05285113640479255, 'CPS': 0.042839755345640676, 'DNP': 0.03974371215688082, 'PGE': 0.0335911357243435, 'MBK': 0.02382778931980337, 'OPL': 0.02180070964251182, 'ALR': 0.020883200920142717, 'CCC': 0.020579193843472572, 'JSW': 0.009451656838567852, 'TPE': 0.008623045492409151}"
243,2019-12-06,104946.19250894859,1.4551915228366852e-11,"{'PKO': 0.1646247707600067, 'PKN': 0.14636020119341983, 'PZU': 0.12008279528470756, 'CDR': 0.09125151043227173, 'PEO': 0.08791401757973052, 'KGH': 0.058154249020208236, 'SPL': 0.05742112004109034, 'LPP': 0.05285113640479255, 'CPS': 0.042839755345640676, 'DNP': 0.03974371215688082, 'PGE': 0.0335911357243435, 'MBK': 0.02382778931980337, 'OPL': 0.02180070964251182, 'ALR': 0.020883200920142717, 'CCC': 0.020579193843472572, 'JSW': 0.009451656838567852, 'TPE': 0.008623045492409151}"
244,2019-12-09,104727.94878903111,1.4551915228366852e-11,"{'PKO': 0.1646247707600067, 'PKN': 0.14636020119341983, 'PZU': 0.12008279528470756, 'CDR': 0.09125151043227173, 'PEO': 0.08791401757973052, 'KGH': 0.058154249020208236, 'SPL': 0.05742112004109034, 'LPP': 0.05285113640479255, 'CPS': 0.042839755345640676, 'DNP': 0.03974371215688082, 'PGE': 0.0335911357243435, 'MBK': 0.02382778931980337, 'OPL': 0.02180070964251182, 'ALR': 0.020883200920142717, 'CCC': 0.020579193843472572, 'JSW': 0.009451656838567852, 'TPE': 0.008623045492409151}"
245,2019-12-10,104089.2151686109,1.4551915228366852e-11,"{'PKO': 0.1646247707600067, 'PKN': 0.14636020119341983, 'PZU': 0.12008279528470756, 'CDR': 0.09125151043227173, 'PEO': 0.08791401757973052, 'KGH': 0.058154249020208236, 'SPL': 0.05742112004109034, 'LPP': 0.05285113640479255, 'CPS': 0.042839755345640676, 'DNP': 0.03974371215688082, 'PGE': 0.0335911357243435, 'MBK': 0.02382778931980337, 'OPL': 0.02180070964251182, 'ALR': 0.020883200920142717, 'CCC': 0.020579193843472572, 'JSW': 0.009451656838567852, 'TPE': 0.008623045492409151}"
246,2019-12-11,103759.29877350327,1.4551915228366852e-11,"{'PKO': 0.1646247707600067, 'PKN': 0.14636020119341983, 'PZU': 0.12008279528470756, 'CDR': 0.09125151043227173, 'PEO': 0.08791401757973052, 'KGH': 0.058154249020208236, 'SPL': 0.05742112004109034, 'LPP': 0.05285113640479255, 'CPS': 0.042839755345640676, 'DNP': 0.03974371215688082, 'PGE': 0.0335911357243435, 'MBK': 0.02382778931980337, 'OPL': 0.02180070964251182, 'ALR': 0.020883200920142717, 'CCC': 0.020579193843472572, 'JSW': 0.009451656838567852, 'TPE': 0.008623045492409151}"
247,2019-12-12,106644.37682445363,1.4551915228366852e-11,"{'PKO': 0.1646247707600067, 'PKN': 0.14636020119341983, 'PZU': 0.12008279528470756, 'CDR': 0.09125151043227173, 'PEO': 0.08791401757973052, 'KGH': 0.058154249020208236, 'SPL': 0.05742112004109034, 'LPP': 0.05285113640479255, 'CPS': 0.042839755345640676, 'DNP': 0.03974371215688082, 'PGE': 0.0335911357243435, 'MBK': 0.02382778931980337, 'OPL': 0.02180070964251182, 'ALR': 0.020883200920142717, 'CCC': 0.020579193843472572, 'JSW': 0.009451656838567852, 'TPE': 0.008623045492409151}"
248,2019-12-13,106852.78480110115,1.4551915228366852e-11,"{'PKO': 0.1646247707600067, 'PKN': 0.14636020119341983, 'PZU': 0.12008279528470756, 'CDR': 0.09125151043227173, 'PEO': 0.08791401757973052, 'KGH': 0.058154249020208236, 'SPL': 0.05742112004109034, 'LPP': 0.05285113640479255, 'CPS': 0.042839755345640676, 'DNP': 0.03974371215688082, 'PGE': 0.0335911357243435, 'MBK': 0.02382778931980337, 'OPL': 0.02180070964251182, 'ALR': 0.020883200920142717, 'CCC': 0.020579193843472572, 'JSW': 0.009451656838567852, 'TPE': 0.008623045492409151}"
249,2019-12-16,107241.43422042693,1.4551915228366852e-11,"{'PKO': 0.1646247707600067, 'PKN': 0.14636020119341983, 'PZU': 0.12008279528470756, 'CDR': 0.09125151043227173, 'PEO': 0.08791401757973052, 'KGH': 0.058154249020208236, 'SPL': 0.05742112004109034, 'LPP': 0.05285113640479255, 'CPS': 0.042839755345640676, 'DNP': 0.03974371215688082, 'PGE': 0.0335911357243435, 'MBK': 0.02382778931980337, 'OPL': 0.02180070964251182, 'ALR': 0.020883200920142717, 'CCC': 0.020579193843472572, 'JSW': 0.009451656838567852, 'TPE': 0.008623045492409151}"
250,2019-12-17,108452.15009553204,1.4551915228366852e-11,"{'PKO': 0.1646247707600067, 'PKN': 0.14636020119341983, 'PZU': 0.12008279528470756, 'CDR': 0.09125151043227173, 'PEO': 0.08791401757973052, 'KGH': 0.058154249020208236, 'SPL': 0.05742112004109034, 'LPP': 0.05285113640479255, 'CPS': 0.042839755345640676, 'DNP': 0.03974371215688082, 'PGE': 0.0335911357243435, 'MBK': 0.02382778931980337, 'OPL': 0.02180070964251182, 'ALR': 0.020883200920142717, 'CCC': 0.020579193843472572, 'JSW': 0.009451656838567852, 'TPE': 0.008623045492409151}"
251,2019-12-18,108496.66262922804,-2.9103830456733704e-11,"{'PKN': 0.12935782921399802, 'PZU': 0.12952495322017044, 'CDR': 0.10171214331037552, 'PEO': 0.08596170320922727, 'KGH': 0.06909049761096056, 'SPL': 0.05724685106850099, 'LPP': 0.05679521394016529, 'CPS': 0.04690340546602336, 'DNP': 0.03642348170619502, 'PGE': 0.03291962564661886, 'MBK': 0.028380909494909377, 'OPL': 0.02835046556007115, 'ALR': 0.015416821521993966, 'CCC': 0.01760876817033477, 'JSW': 0.007452539928171763, 'TPE': 0.008943886588588397, 'MEG': 0.14791090434369542}"
252,2019-12-19,108707.21121611912,-2.9103830456733704e-11,"{'PKN': 0.12935782921399802, 'PZU': 0.12952495322017044, 'CDR': 0.10171214331037552, 'PEO': 0.08596170320922727, 'KGH': 0.06909049761096056, 'SPL': 0.05724685106850099, 'LPP': 0.05679521394016529, 'CPS': 0.04690340546602336, 'DNP': 0.03642348170619502, 'PGE': 0.03291962564661886, 'MBK': 0.028380909494909377, 'OPL': 0.02835046556007115, 'ALR': 0.015416821521993966, 'CCC': 0.01760876817033477, 'JSW': 0.007452539928171763, 'TPE': 0.008943886588588397, 'MEG': 0.14791090434369542}"
253,2019-12-20,108391.46607989486,1.4551915228366852e-11,"{'PKO': 0.1650506375355959, 'PKN': 0.1456109734466534, 'PZU': 0.11527576660519447, 'CDR': 0.09580309238874486, 'PEO': 0.08930119760742596, 'KGH': 0.06596083678472556, 'LPP': 0.06093669537814201, 'SPL': 0.052351861551123875, 'CPS': 0.04210661831049766, 'PGE': 0.03631224059541467, 'DNP': 0.03435143902149179, 'MBK': 0.027047398141749886, 'OPL': 0.022953041993283536, 'CCC': 0.016840666716548637, 'ALR': 0.014465037873619625, 'TPE': 0.009761094703855142, 'JSW': 0.005871401345932932}"
254,2019-12-23,109137.31445454156,1.4551915228366852e-11,"{'PKO': 0.1650506375355959, 'PKN': 0.1456109734466534, 'PZU': 0.11527576660519447, 'CDR': 0.09580309238874486, 'PEO': 0.08930119760742596, 'KGH': 0.06596083678472556, 'LPP': 0.06093669537814201, 'SPL': 0.052351861551123875, 'CPS': 0.04210661831049766, 'PGE': 0.03631224059541467, 'DNP': 0.03435143902149179, 'MBK': 0.027047398141749886, 'OPL': 0.022953041993283536, 'CCC': 0.016840666716548637, 'ALR': 0.014465037873619625, 'TPE': 0.009761094703855142, 'JSW': 0.005871401345932932}"
255,2019-12-24,109137.31445454156,1.4551915228366852e-11,"{'PKO': 0.1650506375355959, 'PKN': 0.1456109734466534, 'PZU': 0.11527576660519447, 'CDR': 0.09580309238874486, 'PEO': 0.08930119760742596, 'KGH': 0.06596083678472556, 'LPP': 0.06093669537814201, 'SPL': 0.052351861551123875, 'CPS': 0.04210661831049766, 'PGE': 0.03631224059541467, 'DNP': 0.03435143902149179, 'MBK': 0.027047398141749886, 'OPL': 0.022953041993283536, 'CCC': 0.016840666716548637, 'ALR': 0.014465037873619625, 'TPE': 0.009761094703855142, 'JSW': 0.005871401345932932}"
256,2019-12-25,109137.31445454156,1.4551915228366852e-11,"{'PKO': 0.1650506375355959, 'PKN': 0.1456109734466534, 'PZU': 0.11527576660519447, 'CDR': 0.09580309238874486, 'PEO': 0.08930119760742596, 'KGH': 0.06596083678472556, 'LPP': 0.06093669537814201, 'SPL': 0.052351861551123875, 'CPS': 0.04210661831049766, 'PGE': 0.03631224059541467, 'DNP': 0.03435143902149179, 'MBK': 0.027047398141749886, 'OPL': 0.022953041993283536, 'CCC': 0.016840666716548637, 'ALR': 0.014465037873619625, 'TPE': 0.009761094703855142, 'JSW': 0.005871401345932932}"
257,2019-12-26,109137.31445454156,1.4551915228366852e-11,"{'PKO': 0.1650506375355959, 'PKN': 0.1456109734466534, 'PZU': 0.11527576660519447, 'CDR': 0.09580309238874486, 'PEO': 0.08930119760742596, 'KGH': 0.06596083678472556, 'LPP': 0.06093669537814201, 'SPL': 0.052351861551123875, 'CPS': 0.04210661831049766, 'PGE': 0.03631224059541467, 'DNP': 0.03435143902149179, 'MBK': 0.027047398141749886, 'OPL': 0.022953041993283536, 'CCC': 0.016840666716548637, 'ALR': 0.014465037873619625, 'TPE': 0.009761094703855142, 'JSW': 0.005871401345932932}"
258,2019-12-27,109610.93145838729,1.4551915228366852e-11,"{'PKO': 0.1650506375355959, 'PKN': 0.1456109734466534, 'PZU': 0.11527576660519447, 'CDR': 0.09580309238874486, 'PEO': 0.08930119760742596, 'KGH': 0.06596083678472556, 'LPP': 0.06093669537814201, 'SPL': 0.052351861551123875, 'CPS': 0.04210661831049766, 'PGE': 0.03631224059541467, 'DNP': 0.03435143902149179, 'MBK': 0.027047398141749886, 'OPL': 0.022953041993283536, 'CCC': 0.016840666716548637, 'ALR': 0.014465037873619625, 'TPE': 0.009761094703855142, 'JSW': 0.005871401345932932}"
259,2019-12-30,109423.0652911092,1.4551915228366852e-11,"{'PKO': 0.1650506375355959, 'PKN': 0.1456109734466534, 'PZU': 0.11527576660519447, 'CDR': 0.09580309238874486, 'PEO': 0.08930119760742596, 'KGH': 0.06596083678472556, 'LPP': 0.06093669537814201, 'SPL': 0.052351861551123875, 'CPS': 0.04210661831049766, 'PGE': 0.03631224059541467, 'DNP': 0.03435143902149179, 'MBK': 0.027047398141749886, 'OPL': 0.022953041993283536, 'CCC': 0.016840666716548637, 'ALR': 0.014465037873619625, 'TPE': 0.009761094703855142, 'JSW': 0.005871401345932932}"
260,2019-12-31,109423.0652911092,1.4551915228366852e-11,"{'PKO': 0.1650506375355959, 'PKN': 0.1456109734466534, 'PZU': 0.11527576660519447, 'CDR': 0.09580309238874486, 'PEO': 0.08930119760742596, 'KGH': 0.06596083678472556, 'LPP': 0.06093669537814201, 'SPL': 0.052351861551123875, 'CPS': 0.04210661831049766, 'PGE': 0.03631224059541467, 'DNP': 0.03435143902149179, 'MBK': 0.027047398141749886, 'OPL': 0.022953041993283536, 'CCC': 0.016840666716548637, 'ALR': 0.014465037873619625, 'TPE': 0.009761094703855142, 'JSW': 0.005871401345932932}"
261,2020-01-01,109423.0652911092,1.4551915228366852e-11,"{'PKO': 0.1650506375355959, 'PKN': 0.1456109734466534, 'PZU': 0.11527576660519447, 'CDR': 0.09580309238874486, 'PEO': 0.08930119760742596, 'KGH': 0.06596083678472556, 'LPP': 0.06093669537814201, 'SPL': 0.052351861551123875, 'CPS': 0.04210661831049766, 'PGE': 0.03631224059541467, 'DNP': 0.03435143902149179, 'MBK': 0.027047398141749886, 'OPL': 0.022953041993283536, 'CCC': 0.016840666716548637, 'ALR': 0.014465037873619625, 'TPE': 0.009761094703855142, 'JSW': 0.005871401345932932}"
262,2020-01-02,111871.36981624248,1.4551915228366852e-11,"{'PKO': 0.1650506375355959, 'PKN': 0.1456109734466534, 'PZU': 0.11527576660519447, 'CDR': 0.09580309238874486, 'PEO': 0.08930119760742596, 'KGH': 0.06596083678472556, 'LPP': 0.06093669537814201, 'SPL': 0.052351861551123875, 'CPS': 0.04210661831049766, 'PGE': 0.03631224059541467, 'DNP': 0.03435143902149179, 'MBK': 0.027047398141749886, 'OPL': 0.022953041993283536, 'CCC': 0.016840666716548637, 'ALR': 0.014465037873619625, 'TPE': 0.009761094703855142, 'JSW': 0.005871401345932932}"
263,2020-01-03,110539.93129244106,1.4551915228366852e-11,"{'PKO': 0.1650506375355959, 'PKN': 0.1456109734466534, 'PZU': 0.11527576660519447, 'CDR': 0.09580309238874486, 'PEO': 0.08930119760742596, 'KGH': 0.06596083678472556, 'LPP': 0.06093669537814201, 'SPL': 0.052351861551123875, 'CPS': 0.04210661831049766, 'PGE': 0.03631224059541467, 'DNP': 0.03435143902149179, 'MBK': 0.027047398141749886, 'OPL': 0.022953041993283536, 'CCC': 0.016840666716548637, 'ALR': 0.014465037873619625, 'TPE': 0.009761094703855142, 'JSW': 0.005871401345932932}"
264,2020-01-06,110539.93129244106,1.4551915228366852e-11,"{'PKO': 0.1650506375355959, 'PKN': 0.1456109734466534, 'PZU': 0.11527576660519447, 'CDR': 0.09580309238874486, 'PEO': 0.08930119760742596, 'KGH': 0.06596083678472556, 'LPP': 0.06093669537814201, 'SPL': 0.052351861551123875, 'CPS': 0.04210661831049766, 'PGE': 0.03631224059541467, 'DNP': 0.03435143902149179, 'MBK': 0.027047398141749886, 'OPL': 0.022953041993283536, 'CCC': 0.016840666716548637, 'ALR': 0.014465037873619625, 'TPE': 0.009761094703855142, 'JSW': 0.005871401345932932}"
265,2020-01-07,109078.92831989034,1.4551915228366852e-11,"{'PKO': 0.1650506375355959, 'PKN': 0.1456109734466534, 'PZU': 0.11527576660519447, 'CDR': 0.09580309238874486, 'PEO': 0.08930119760742596, 'KGH': 0.06596083678472556, 'LPP': 0.06093669537814201, 'SPL': 0.052351861551123875, 'CPS': 0.04210661831049766, 'PGE': 0.03631224059541467, 'DNP': 0.03435143902149179, 'MBK': 0.027047398141749886, 'OPL': 0.022953041993283536, 'CCC': 0.016840666716548637, 'ALR': 0.014465037873619625, 'TPE': 0.009761094703855142, 'JSW': 0.005871401345932932}"
266,2020-01-08,107655.7182991081,1.4551915228366852e-11,"{'PKO': 0.1650506375355959, 'PKN': 0.1456109734466534, 'PZU': 0.11527576660519447, 'CDR': 0.09580309238874486, 'PEO': 0.08930119760742596, 'KGH': 0.06596083678472556, 'LPP': 0.06093669537814201, 'SPL': 0.052351861551123875, 'CPS': 0.04210661831049766, 'PGE': 0.03631224059541467, 'DNP': 0.03435143902149179, 'MBK': 0.027047398141749886, 'OPL': 0.022953041993283536, 'CCC': 0.016840666716548637, 'ALR': 0.014465037873619625, 'TPE': 0.009761094703855142, 'JSW': 0.005871401345932932}"
267,2020-01-09,109771.8720516569,1.4551915228366852e-11,"{'PKO': 0.1650506375355959, 'PKN': 0.1456109734466534, 'PZU': 0.11527576660519447, 'CDR': 0.09580309238874486, 'PEO': 0.08930119760742596, 'KGH': 0.06596083678472556, 'LPP': 0.06093669537814201, 'SPL': 0.052351861551123875, 'CPS': 0.04210661831049766, 'PGE': 0.03631224059541467, 'DNP': 0.03435143902149179, 'MBK': 0.027047398141749886, 'OPL': 0.022953041993283536, 'CCC': 0.016840666716548637, 'ALR': 0.014465037873619625, 'TPE': 0.009761094703855142, 'JSW': 0.005871401345932932}"
268,2020-01-10,110295.49477466175,1.4551915228366852e-11,"{'PKO': 0.1650506375355959, 'PKN': 0.1456109734466534, 'PZU': 0.11527576660519447, 'CDR': 0.09580309238874486, 'PEO': 0.08930119760742596, 'KGH': 0.06596083678472556, 'LPP': 0.06093669537814201, 'SPL': 0.052351861551123875, 'CPS': 0.04210661831049766, 'PGE': 0.03631224059541467, 'DNP': 0.03435143902149179, 'MBK': 0.027047398141749886, 'OPL': 0.022953041993283536, 'CCC': 0.016840666716548637, 'ALR': 0.014465037873619625, 'TPE': 0.009761094703855142, 'JSW': 0.005871401345932932}"
269,2020-01-13,111662.03298712635,1.4551915228366852e-11,"{'PKO': 0.1650506375355959, 'PKN': 0.1456109734466534, 'PZU': 0.11527576660519447, 'CDR': 0.09580309238874486, 'PEO': 0.08930119760742596, 'KGH': 0.06596083678472556, 'LPP': 0.06093669537814201, 'SPL': 0.052351861551123875, 'CPS': 0.04210661831049766, 'PGE': 0.03631224059541467, 'DNP': 0.03435143902149179, 'MBK': 0.027047398141749886, 'OPL': 0.022953041993283536, 'CCC': 0.016840666716548637, 'ALR': 0.014465037873619625, 'TPE': 0.009761094703855142, 'JSW': 0.005871401345932932}"
270,2020-01-14,111079.26647069541,1.4551915228366852e-11,"{'PKO': 0.1650506375355959, 'PKN': 0.1456109734466534, 'PZU': 0.11527576660519447, 'CDR': 0.09580309238874486, 'PEO': 0.08930119760742596, 'KGH': 0.06596083678472556, 'LPP': 0.06093669537814201, 'SPL': 0.052351861551123875, 'CPS': 0.04210661831049766, 'PGE': 0.03631224059541467, 'DNP': 0.03435143902149179, 'MBK': 0.027047398141749886, 'OPL': 0.022953041993283536, 'CCC': 0.016840666716548637, 'ALR': 0.014465037873619625, 'TPE': 0.009761094703855142, 'JSW': 0.005871401345932932}"
271,2020-01-15,110106.61140255544,1.4551915228366852e-11,"{'PKO': 0.1650506375355959, 'PKN': 0.1456109734466534, 'PZU': 0.11527576660519447, 'CDR': 0.09580309238874486, 'PEO': 0.08930119760742596, 'KGH': 0.06596083678472556, 'LPP': 0.06093669537814201, 'SPL': 0.052351861551123875, 'CPS': 0.04210661831049766, 'PGE': 0.03631224059541467, 'DNP': 0.03435143902149179, 'MBK': 0.027047398141749886, 'OPL': 0.022953041993283536, 'CCC': 0.016840666716548637, 'ALR': 0.014465037873619625, 'TPE': 0.009761094703855142, 'JSW': 0.005871401345932932}"
272,2020-01-16,110539.53621191945,1.4551915228366852e-11,"{'PKO': 0.1650506375355959, 'PKN': 0.1456109734466534, 'PZU': 0.11527576660519447, 'CDR': 0.09580309238874486, 'PEO': 0.08930119760742596, 'KGH': 0.06596083678472556, 'LPP': 0.06093669537814201, 'SPL': 0.052351861551123875, 'CPS': 0.04210661831049766, 'PGE': 0.03631224059541467, 'DNP': 0.03435143902149179, 'MBK': 0.027047398141749886, 'OPL': 0.022953041993283536, 'CCC': 0.016840666716548637, 'ALR': 0.014465037873619625, 'TPE': 0.009761094703855142, 'JSW': 0.005871401345932932}"
273,2020-01-17,110669.11451170123,2.9103830456733704e-11,"{'PKO': 0.16276918296747026, 'PKN': 0.14624227036846577, 'PZU': 0.1158521582990596, 'CDR': 0.09258095445486089, 'PEO': 0.09043195668491932, 'KGH': 0.06866633828555894, 'LPP': 0.05981944961530282, 'CPS': 0.042274723917402196, 'PGE': 0.034545447258855444, 'DNP': 0.036866748696772395, 'MBK': 0.027241149496711185, 'OPL': 0.024711451198162773, 'CCC': 0.015000942460856601, 'ALR': 0.013957076594213629, 'TPE': 0.009524376116224581, 'JSW': 0.006583684310599162, 'MEG': 0.05293208927456438}"
274,2020-01-20,110932.18032016217,2.9103830456733704e-11,"{'PKO': 0.16276918296747026, 'PKN': 0.14624227036846577, 'PZU': 0.1158521582990596, 'CDR': 0.09258095445486089, 'PEO': 0.09043195668491932, 'KGH': 0.06866633828555894, 'LPP': 0.05981944961530282, 'CPS': 0.042274723917402196, 'PGE': 0.034545447258855444, 'DNP': 0.036866748696772395, 'MBK': 0.027241149496711185, 'OPL': 0.024711451198162773, 'CCC': 0.015000942460856601, 'ALR': 0.013957076594213629, 'TPE': 0.009524376116224581, 'JSW': 0.006583684310599162, 'MEG': 0.05293208927456438}"
275,2020-01-21,110075.11280875192,2.9103830456733704e-11,"{'PKO': 0.16276918296747026, 'PKN': 0.14624227036846577, 'PZU': 0.1158521582990596, 'CDR': 0.09258095445486089, 'PEO': 0.09043195668491932, 'KGH': 0.06866633828555894, 'LPP': 0.05981944961530282, 'CPS': 0.042274723917402196, 'PGE': 0.034545447258855444, 'DNP': 0.036866748696772395, 'MBK': 0.027241149496711185, 'OPL': 0.024711451198162773, 'CCC': 0.015000942460856601, 'ALR': 0.013957076594213629, 'TPE': 0.009524376116224581, 'JSW': 0.006583684310599162, 'MEG': 0.05293208927456438}"
276,2020-01-22,109551.22060539997,2.9103830456733704e-11,"{'PKO': 0.16276918296747026, 'PKN': 0.14624227036846577, 'PZU': 0.1158521582990596, 'CDR': 0.09258095445486089, 'PEO': 0.09043195668491932, 'KGH': 0.06866633828555894, 'LPP': 0.05981944961530282, 'CPS': 0.042274723917402196, 'PGE': 0.034545447258855444, 'DNP': 0.036866748696772395, 'MBK': 0.027241149496711185, 'OPL': 0.024711451198162773, 'CCC': 0.015000942460856601, 'ALR': 0.013957076594213629, 'TPE': 0.009524376116224581, 'JSW': 0.006583684310599162, 'MEG': 0.05293208927456438}"
277,2020-01-23,109709.21272868066,2.9103830456733704e-11,"{'PKO': 0.16276918296747026, 'PKN': 0.14624227036846577, 'PZU': 0.1158521582990596, 'CDR': 0.09258095445486089, 'PEO': 0.09043195668491932, 'KGH': 0.06866633828555894, 'LPP': 0.05981944961530282, 'CPS': 0.042274723917402196, 'PGE': 0.034545447258855444, 'DNP': 0.036866748696772395, 'MBK': 0.027241149496711185, 'OPL': 0.024711451198162773, 'CCC': 0.015000942460856601, 'ALR': 0.013957076594213629, 'TPE': 0.009524376116224581, 'JSW': 0.006583684310599162, 'MEG': 0.05293208927456438}"
278,2020-01-24,109938.92592879107,2.9103830456733704e-11,"{'PKO': 0.16276918296747026, 'PKN': 0.14624227036846577, 'PZU': 0.1158521582990596, 'CDR': 0.09258095445486089, 'PEO': 0.09043195668491932, 'KGH': 0.06866633828555894, 'LPP': 0.05981944961530282, 'CPS': 0.042274723917402196, 'PGE': 0.034545447258855444, 'DNP': 0.036866748696772395, 'MBK': 0.027241149496711185, 'OPL': 0.024711451198162773, 'CCC': 0.015000942460856601, 'ALR': 0.013957076594213629, 'TPE': 0.009524376116224581, 'JSW': 0.006583684310599162, 'MEG': 0.05293208927456438}"
279,2020-01-27,106623.95653666442,2.9103830456733704e-11,"{'PKO': 0.16276918296747026, 'PKN': 0.14624227036846577, 'PZU': 0.1158521582990596, 'CDR': 0.09258095445486089, 'PEO': 0.09043195668491932, 'KGH': 0.06866633828555894, 'LPP': 0.05981944961530282, 'CPS': 0.042274723917402196, 'PGE': 0.034545447258855444, 'DNP': 0.036866748696772395, 'MBK': 0.027241149496711185, 'OPL': 0.024711451198162773, 'CCC': 0.015000942460856601, 'ALR': 0.013957076594213629, 'TPE': 0.009524376116224581, 'JSW': 0.006583684310599162, 'MEG': 0.05293208927456438}"
280,2020-01-28,107355.21458465274,2.9103830456733704e-11,"{'PKO': 0.16276918296747026, 'PKN': 0.14624227036846577, 'PZU': 0.1158521582990596, 'CDR': 0.09258095445486089, 'PEO': 0.09043195668491932, 'KGH': 0.06866633828555894, 'LPP': 0.05981944961530282, 'CPS': 0.042274723917402196, 'PGE': 0.034545447258855444, 'DNP': 0.036866748696772395, 'MBK': 0.027241149496711185, 'OPL': 0.024711451198162773, 'CCC': 0.015000942460856601, 'ALR': 0.013957076594213629, 'TPE': 0.009524376116224581, 'JSW': 0.006583684310599162, 'MEG': 0.05293208927456438}"
281,2020-01-29,107334.85777430312,2.9103830456733704e-11,"{'PKO': 0.16276918296747026, 'PKN': 0.14624227036846577, 'PZU': 0.1158521582990596, 'CDR': 0.09258095445486089, 'PEO': 0.09043195668491932, 'KGH': 0.06866633828555894, 'LPP': 0.05981944961530282, 'CPS': 0.042274723917402196, 'PGE': 0.034545447258855444, 'DNP': 0.036866748696772395, 'MBK': 0.027241149496711185, 'OPL': 0.024711451198162773, 'CCC': 0.015000942460856601, 'ALR': 0.013957076594213629, 'TPE': 0.009524376116224581, 'JSW': 0.006583684310599162, 'MEG': 0.05293208927456438}"
282,2020-01-30,106587.60612503665,2.9103830456733704e-11,"{'PKO': 0.16276918296747026, 'PKN': 0.14624227036846577, 'PZU': 0.1158521582990596, 'CDR': 0.09258095445486089, 'PEO': 0.09043195668491932, 'KGH': 0.06866633828555894, 'LPP': 0.05981944961530282, 'CPS': 0.042274723917402196, 'PGE': 0.034545447258855444, 'DNP': 0.036866748696772395, 'MBK': 0.027241149496711185, 'OPL': 0.024711451198162773, 'CCC': 0.015000942460856601, 'ALR': 0.013957076594213629, 'TPE': 0.009524376116224581, 'JSW': 0.006583684310599162, 'MEG': 0.05293208927456438}"
283,2020-01-31,106457.60154264809,2.9103830456733704e-11,"{'PKO': 0.16276918296747026, 'PKN': 0.14624227036846577, 'PZU': 0.1158521582990596, 'CDR': 0.09258095445486089, 'PEO': 0.09043195668491932, 'KGH': 0.06866633828555894, 'LPP': 0.05981944961530282, 'CPS': 0.042274723917402196, 'PGE': 0.034545447258855444, 'DNP': 0.036866748696772395, 'MBK': 0.027241149496711185, 'OPL': 0.024711451198162773, 'CCC': 0.015000942460856601, 'ALR': 0.013957076594213629, 'TPE': 0.009524376116224581, 'JSW': 0.006583684310599162, 'MEG': 0.05293208927456438}"
284,2020-02-03,106859.81241417245,2.9103830456733704e-11,"{'PKO': 0.16276918296747026, 'PKN': 0.14624227036846577, 'PZU': 0.1158521582990596, 'CDR': 0.09258095445486089, 'PEO': 0.09043195668491932, 'KGH': 0.06866633828555894, 'LPP': 0.05981944961530282, 'CPS': 0.042274723917402196, 'PGE': 0.034545447258855444, 'DNP': 0.036866748696772395, 'MBK': 0.027241149496711185, 'OPL': 0.024711451198162773, 'CCC': 0.015000942460856601, 'ALR': 0.013957076594213629, 'TPE': 0.009524376116224581, 'JSW': 0.006583684310599162, 'MEG': 0.05293208927456438}"
285,2020-02-04,108373.38562196221,2.9103830456733704e-11,"{'PKO': 0.16276918296747026, 'PKN': 0.14624227036846577, 'PZU': 0.1158521582990596, 'CDR': 0.09258095445486089, 'PEO': 0.09043195668491932, 'KGH': 0.06866633828555894, 'LPP': 0.05981944961530282, 'CPS': 0.042274723917402196, 'PGE': 0.034545447258855444, 'DNP': 0.036866748696772395, 'MBK': 0.027241149496711185, 'OPL': 0.024711451198162773, 'CCC': 0.015000942460856601, 'ALR': 0.013957076594213629, 'TPE': 0.009524376116224581, 'JSW': 0.006583684310599162, 'MEG': 0.05293208927456438}"
286,2020-02-05,109205.84821257766,2.9103830456733704e-11,"{'PKO': 0.16276918296747026, 'PKN': 0.14624227036846577, 'PZU': 0.1158521582990596, 'CDR': 0.09258095445486089, 'PEO': 0.09043195668491932, 'KGH': 0.06866633828555894, 'LPP': 0.05981944961530282, 'CPS': 0.042274723917402196, 'PGE': 0.034545447258855444, 'DNP': 0.036866748696772395, 'MBK': 0.027241149496711185, 'OPL': 0.024711451198162773, 'CCC': 0.015000942460856601, 'ALR': 0.013957076594213629, 'TPE': 0.009524376116224581, 'JSW': 0.006583684310599162, 'MEG': 0.05293208927456438}"
287,2020-02-06,108611.01900556938,2.9103830456733704e-11,"{'PKO': 0.16276918296747026, 'PKN': 0.14624227036846577, 'PZU': 0.1158521582990596, 'CDR': 0.09258095445486089, 'PEO': 0.09043195668491932, 'KGH': 0.06866633828555894, 'LPP': 0.05981944961530282, 'CPS': 0.042274723917402196, 'PGE': 0.034545447258855444, 'DNP': 0.036866748696772395, 'MBK': 0.027241149496711185, 'OPL': 0.024711451198162773, 'CCC': 0.015000942460856601, 'ALR': 0.013957076594213629, 'TPE': 0.009524376116224581, 'JSW': 0.006583684310599162, 'MEG': 0.05293208927456438}"
288,2020-02-07,108536.3909421454,2.9103830456733704e-11,"{'PKO': 0.16276918296747026, 'PKN': 0.14624227036846577, 'PZU': 0.1158521582990596, 'CDR': 0.09258095445486089, 'PEO': 0.09043195668491932, 'KGH': 0.06866633828555894, 'LPP': 0.05981944961530282, 'CPS': 0.042274723917402196, 'PGE': 0.034545447258855444, 'DNP': 0.036866748696772395, 'MBK': 0.027241149496711185, 'OPL': 0.024711451198162773, 'CCC': 0.015000942460856601, 'ALR': 0.013957076594213629, 'TPE': 0.009524376116224581, 'JSW': 0.006583684310599162, 'MEG': 0.05293208927456438}"
289,2020-02-10,107709.70665997114,2.9103830456733704e-11,"{'PKO': 0.16276918296747026, 'PKN': 0.14624227036846577, 'PZU': 0.1158521582990596, 'CDR': 0.09258095445486089, 'PEO': 0.09043195668491932, 'KGH': 0.06866633828555894, 'LPP': 0.05981944961530282, 'CPS': 0.042274723917402196, 'PGE': 0.034545447258855444, 'DNP': 0.036866748696772395, 'MBK': 0.027241149496711185, 'OPL': 0.024711451198162773, 'CCC': 0.015000942460856601, 'ALR': 0.013957076594213629, 'TPE': 0.009524376116224581, 'JSW': 0.006583684310599162, 'MEG': 0.05293208927456438}"
290,2020-02-11,108424.00252514328,2.9103830456733704e-11,"{'PKO': 0.16276918296747026, 'PKN': 0.14624227036846577, 'PZU': 0.1158521582990596, 'CDR': 0.09258095445486089, 'PEO': 0.09043195668491932, 'KGH': 0.06866633828555894, 'LPP': 0.05981944961530282, 'CPS': 0.042274723917402196, 'PGE': 0.034545447258855444, 'DNP': 0.036866748696772395, 'MBK': 0.027241149496711185, 'OPL': 0.024711451198162773, 'CCC': 0.015000942460856601, 'ALR': 0.013957076594213629, 'TPE': 0.009524376116224581, 'JSW': 0.006583684310599162, 'MEG': 0.05293208927456438}"
291,2020-02-12,109613.5784308871,2.9103830456733704e-11,"{'PKO': 0.16276918296747026, 'PKN': 0.14624227036846577, 'PZU': 0.1158521582990596, 'CDR': 0.09258095445486089, 'PEO': 0.09043195668491932, 'KGH': 0.06866633828555894, 'LPP': 0.05981944961530282, 'CPS': 0.042274723917402196, 'PGE': 0.034545447258855444, 'DNP': 0.036866748696772395, 'MBK': 0.027241149496711185, 'OPL': 0.024711451198162773, 'CCC': 0.015000942460856601, 'ALR': 0.013957076594213629, 'TPE': 0.009524376116224581, 'JSW': 0.006583684310599162, 'MEG': 0.05293208927456438}"
292,2020-02-13,109063.22298877552,2.9103830456733704e-11,"{'PKO': 0.16276918296747026, 'PKN': 0.14624227036846577, 'PZU': 0.1158521582990596, 'CDR': 0.09258095445486089, 'PEO': 0.09043195668491932, 'KGH': 0.06866633828555894, 'LPP': 0.05981944961530282, 'CPS': 0.042274723917402196, 'PGE': 0.034545447258855444, 'DNP': 0.036866748696772395, 'MBK': 0.027241149496711185, 'OPL': 0.024711451198162773, 'CCC': 0.015000942460856601, 'ALR': 0.013957076594213629, 'TPE': 0.009524376116224581, 'JSW': 0.006583684310599162, 'MEG': 0.05293208927456438}"
293,2020-02-14,108935.62542160902,2.9103830456733704e-11,"{'PKO': 0.16276918296747026, 'PKN': 0.14624227036846577, 'PZU': 0.1158521582990596, 'CDR': 0.09258095445486089, 'PEO': 0.09043195668491932, 'KGH': 0.06866633828555894, 'LPP': 0.05981944961530282, 'CPS': 0.042274723917402196, 'PGE': 0.034545447258855444, 'DNP': 0.036866748696772395, 'MBK': 0.027241149496711185, 'OPL': 0.024711451198162773, 'CCC': 0.015000942460856601, 'ALR': 0.013957076594213629, 'TPE': 0.009524376116224581, 'JSW': 0.006583684310599162, 'MEG': 0.05293208927456438}"
294,2020-02-17,109049.12766158643,2.9103830456733704e-11,"{'PKO': 0.16276918296747026, 'PKN': 0.14624227036846577, 'PZU': 0.1158521582990596, 'CDR': 0.09258095445486089, 'PEO': 0.09043195668491932, 'KGH': 0.06866633828555894, 'LPP': 0.05981944961530282, 'CPS': 0.042274723917402196, 'PGE': 0.034545447258855444, 'DNP': 0.036866748696772395, 'MBK': 0.027241149496711185, 'OPL': 0.024711451198162773, 'CCC': 0.015000942460856601, 'ALR': 0.013957076594213629, 'TPE': 0.009524376116224581, 'JSW': 0.006583684310599162, 'MEG': 0.05293208927456438}"
295,2020-02-18,108720.24909377165,2.9103830456733704e-11,"{'PKO': 0.16276918296747026, 'PKN': 0.14624227036846577, 'PZU': 0.1158521582990596, 'CDR': 0.09258095445486089, 'PEO': 0.09043195668491932, 'KGH': 0.06866633828555894, 'LPP': 0.05981944961530282, 'CPS': 0.042274723917402196, 'PGE': 0.034545447258855444, 'DNP': 0.036866748696772395, 'MBK': 0.027241149496711185, 'OPL': 0.024711451198162773, 'CCC': 0.015000942460856601, 'ALR': 0.013957076594213629, 'TPE': 0.009524376116224581, 'JSW': 0.006583684310599162, 'MEG': 0.05293208927456438}"
296,2020-02-19,107723.62277382644,2.9103830456733704e-11,"{'PKO': 0.16276918296747026, 'PKN': 0.14624227036846577, 'PZU': 0.1158521582990596, 'CDR': 0.09258095445486089, 'PEO': 0.09043195668491932, 'KGH': 0.06866633828555894, 'LPP': 0.05981944961530282, 'CPS': 0.042274723917402196, 'PGE': 0.034545447258855444, 'DNP': 0.036866748696772395, 'MBK': 0.027241149496711185, 'OPL': 0.024711451198162773, 'CCC': 0.015000942460856601, 'ALR': 0.013957076594213629, 'TPE': 0.009524376116224581, 'JSW': 0.006583684310599162, 'MEG': 0.05293208927456438}"
297,2020-02-20,107887.97548839633,2.9103830456733704e-11,"{'PKO': 0.16276918296747026, 'PKN': 0.14624227036846577, 'PZU': 0.1158521582990596, 'CDR': 0.09258095445486089, 'PEO': 0.09043195668491932, 'KGH': 0.06866633828555894, 'LPP': 0.05981944961530282, 'CPS': 0.042274723917402196, 'PGE': 0.034545447258855444, 'DNP': 0.036866748696772395, 'MBK': 0.027241149496711185, 'OPL': 0.024711451198162773, 'CCC': 0.015000942460856601, 'ALR': 0.013957076594213629, 'TPE': 0.009524376116224581, 'JSW': 0.006583684310599162, 'MEG': 0.05293208927456438}"
298,2020-02-21,107425.33447876463,2.9103830456733704e-11,"{'PKO': 0.16276918296747026, 'PKN': 0.14624227036846577, 'PZU': 0.1158521582990596, 'CDR': 0.09258095445486089, 'PEO': 0.09043195668491932, 'KGH': 0.06866633828555894, 'LPP': 0.05981944961530282, 'CPS': 0.042274723917402196, 'PGE': 0.034545447258855444, 'DNP': 0.036866748696772395, 'MBK': 0.027241149496711185, 'OPL': 0.024711451198162773, 'CCC': 0.015000942460856601, 'ALR': 0.013957076594213629, 'TPE': 0.009524376116224581, 'JSW': 0.006583684310599162, 'MEG': 0.05293208927456438}"
299,2020-02-24,103160.69698452155,2.9103830456733704e-11,"{'PKO': 0.16276918296747026, 'PKN': 0.14624227036846577, 'PZU': 0.1158521582990596, 'CDR': 0.09258095445486089, 'PEO': 0.09043195668491932, 'KGH': 0.06866633828555894, 'LPP': 0.05981944961530282, 'CPS': 0.042274723917402196, 'PGE': 0.034545447258855444, 'DNP': 0.036866748696772395, 'MBK': 0.027241149496711185, 'OPL': 0.024711451198162773, 'CCC': 0.015000942460856601, 'ALR': 0.013957076594213629, 'TPE': 0.009524376116224581, 'JSW': 0.006583684310599162, 'MEG': 0.05293208927456438}"
300,2020-02-25,100520.28920833048,2.9103830456733704e-11,"{'PKO': 0.16276918296747026, 'PKN': 0.14624227036846577, 'PZU': 0.1158521582990596, 'CDR': 0.09258095445486089, 'PEO': 0.09043195668491932, 'KGH': 0.06866633828555894, 'LPP': 0.05981944961530282, 'CPS': 0.042274723917402196, 'PGE': 0.034545447258855444, 'DNP': 0.036866748696772395, 'MBK': 0.027241149496711185, 'OPL': 0.024711451198162773, 'CCC': 0.015000942460856601, 'ALR': 0.013957076594213629, 'TPE': 0.009524376116224581, 'JSW': 0.006583684310599162, 'MEG': 0.05293208927456438}"
301,2020-02-26,99973.35828679486,2.9103830456733704e-11,"{'PKO': 0.16276918296747026, 'PKN': 0.14624227036846577, 'PZU': 0.1158521582990596, 'CDR': 0.09258095445486089, 'PEO': 0.09043195668491932, 'KGH': 0.06866633828555894, 'LPP': 0.05981944961530282, 'CPS': 0.042274723917402196, 'PGE': 0.034545447258855444, 'DNP': 0.036866748696772395, 'MBK': 0.027241149496711185, 'OPL': 0.024711451198162773, 'CCC': 0.015000942460856601, 'ALR': 0.013957076594213629, 'TPE': 0.009524376116224581, 'JSW': 0.006583684310599162, 'MEG': 0.05293208927456438}"
302,2020-02-27,96205.3934294854,2.9103830456733704e-11,"{'PKO': 0.16276918296747026, 'PKN': 0.14624227036846577, 'PZU': 0.1158521582990596, 'CDR': 0.09258095445486089, 'PEO': 0.09043195668491932, 'KGH': 0.06866633828555894, 'LPP': 0.05981944961530282, 'CPS': 0.042274723917402196, 'PGE': 0.034545447258855444, 'DNP': 0.036866748696772395, 'MBK': 0.027241149496711185, 'OPL': 0.024711451198162773, 'CCC': 0.015000942460856601, 'ALR': 0.013957076594213629, 'TPE': 0.009524376116224581, 'JSW': 0.006583684310599162, 'MEG': 0.05293208927456438}"
303,2020-02-28,92144.83992605697,2.9103830456733704e-11,"{'PKO': 0.16276918296747026, 'PKN': 0.14624227036846577, 'PZU': 0.1158521582990596, 'CDR': 0.09258095445486089, 'PEO': 0.09043195668491932, 'KGH': 0.06866633828555894, 'LPP': 0.05981944961530282, 'CPS': 0.042274723917402196, 'PGE': 0.034545447258855444, 'DNP': 0.036866748696772395, 'MBK': 0.027241149496711185, 'OPL': 0.024711451198162773, 'CCC': 0.015000942460856601, 'ALR': 0.013957076594213629, 'TPE': 0.009524376116224581, 'JSW': 0.006583684310599162, 'MEG': 0.05293208927456438}"
304,2020-03-02,94160.68219720191,2.9103830456733704e-11,"{'PKO': 0.16276918296747026, 'PKN': 0.14624227036846577, 'PZU': 0.1158521582990596, 'CDR': 0.09258095445486089, 'PEO': 0.09043195668491932, 'KGH': 0.06866633828555894, 'LPP': 0.05981944961530282, 'CPS': 0.042274723917402196, 'PGE': 0.034545447258855444, 'DNP': 0.036866748696772395, 'MBK': 0.027241149496711185, 'OPL': 0.024711451198162773, 'CCC': 0.015000942460856601, 'ALR': 0.013957076594213629, 'TPE': 0.009524376116224581, 'JSW': 0.006583684310599162, 'MEG': 0.05293208927456438}"
305,2020-03-03,98318.33316232893,2.9103830456733704e-11,"{'PKO': 0.16276918296747026, 'PKN': 0.14624227036846577, 'PZU': 0.1158521582990596, 'CDR': 0.09258095445486089, 'PEO': 0.09043195668491932, 'KGH': 0.06866633828555894, 'LPP': 0.05981944961530282, 'CPS': 0.042274723917402196, 'PGE': 0.034545447258855444, 'DNP': 0.036866748696772395, 'MBK': 0.027241149496711185, 'OPL': 0.024711451198162773, 'CCC': 0.015000942460856601, 'ALR': 0.013957076594213629, 'TPE': 0.009524376116224581, 'JSW': 0.006583684310599162, 'MEG': 0.05293208927456438}"
306,2020-03-04,96651.33562383636,2.9103830456733704e-11,"{'PKO': 0.16276918296747026, 'PKN': 0.14624227036846577, 'PZU': 0.1158521582990596, 'CDR': 0.09258095445486089, 'PEO': 0.09043195668491932, 'KGH': 0.06866633828555894, 'LPP': 0.05981944961530282, 'CPS': 0.042274723917402196, 'PGE': 0.034545447258855444, 'DNP': 0.036866748696772395, 'MBK': 0.027241149496711185, 'OPL': 0.024711451198162773, 'CCC': 0.015000942460856601, 'ALR': 0.013957076594213629, 'TPE': 0.009524376116224581, 'JSW': 0.006583684310599162, 'MEG': 0.05293208927456438}"
307,2020-03-05,94832.8600172833,2.9103830456733704e-11,"{'PKO': 0.16276918296747026, 'PKN': 0.14624227036846577, 'PZU': 0.1158521582990596, 'CDR': 0.09258095445486089, 'PEO': 0.09043195668491932, 'KGH': 0.06866633828555894, 'LPP': 0.05981944961530282, 'CPS': 0.042274723917402196, 'PGE': 0.034545447258855444, 'DNP': 0.036866748696772395, 'MBK': 0.027241149496711185, 'OPL': 0.024711451198162773, 'CCC': 0.015000942460856601, 'ALR': 0.013957076594213629, 'TPE': 0.009524376116224581, 'JSW': 0.006583684310599162, 'MEG': 0.05293208927456438}"
308,2020-03-06,92195.51940437636,2.9103830456733704e-11,"{'PKO': 0.16276918296747026, 'PKN': 0.14624227036846577, 'PZU': 0.1158521582990596, 'CDR': 0.09258095445486089, 'PEO': 0.09043195668491932, 'KGH': 0.06866633828555894, 'LPP': 0.05981944961530282, 'CPS': 0.042274723917402196, 'PGE': 0.034545447258855444, 'DNP': 0.036866748696772395, 'MBK': 0.027241149496711185, 'OPL': 0.024711451198162773, 'CCC': 0.015000942460856601, 'ALR': 0.013957076594213629, 'TPE': 0.009524376116224581, 'JSW': 0.006583684310599162, 'MEG': 0.05293208927456438}"
309,2020-03-09,85493.09246640248,2.9103830456733704e-11,"{'PKO': 0.16276918296747026, 'PKN': 0.14624227036846577, 'PZU': 0.1158521582990596, 'CDR': 0.09258095445486089, 'PEO': 0.09043195668491932, 'KGH': 0.06866633828555894, 'LPP': 0.05981944961530282, 'CPS': 0.042274723917402196, 'PGE': 0.034545447258855444, 'DNP': 0.036866748696772395, 'MBK': 0.027241149496711185, 'OPL': 0.024711451198162773, 'CCC': 0.015000942460856601, 'ALR': 0.013957076594213629, 'TPE': 0.009524376116224581, 'JSW': 0.006583684310599162, 'MEG': 0.05293208927456438}"
310,2020-03-10,84354.7368993825,2.9103830456733704e-11,"{'PKO': 0.16276918296747026, 'PKN': 0.14624227036846577, 'PZU': 0.1158521582990596, 'CDR': 0.09258095445486089, 'PEO': 0.09043195668491932, 'KGH': 0.06866633828555894, 'LPP': 0.05981944961530282, 'CPS': 0.042274723917402196, 'PGE': 0.034545447258855444, 'DNP': 0.036866748696772395, 'MBK': 0.027241149496711185, 'OPL': 0.024711451198162773, 'CCC': 0.015000942460856601, 'ALR': 0.013957076594213629, 'TPE': 0.009524376116224581, 'JSW': 0.006583684310599162, 'MEG': 0.05293208927456438}"
311,2020-03-11,78668.87946454334,2.9103830456733704e-11,"{'PKO': 0.16276918296747026, 'PKN': 0.14624227036846577, 'PZU': 0.1158521582990596, 'CDR': 0.09258095445486089, 'PEO': 0.09043195668491932, 'KGH': 0.06866633828555894, 'LPP': 0.05981944961530282, 'CPS': 0.042274723917402196, 'PGE': 0.034545447258855444, 'DNP': 0.036866748696772395, 'MBK': 0.027241149496711185, 'OPL': 0.024711451198162773, 'CCC': 0.015000942460856601, 'ALR': 0.013957076594213629, 'TPE': 0.009524376116224581, 'JSW': 0.006583684310599162, 'MEG': 0.05293208927456438}"
312,2020-03-12,68891.41404244046,2.9103830456733704e-11,"{'PKO': 0.16276918296747026, 'PKN': 0.14624227036846577, 'PZU': 0.1158521582990596, 'CDR': 0.09258095445486089, 'PEO': 0.09043195668491932, 'KGH': 0.06866633828555894, 'LPP': 0.05981944961530282, 'CPS': 0.042274723917402196, 'PGE': 0.034545447258855444, 'DNP': 0.036866748696772395, 'MBK': 0.027241149496711185, 'OPL': 0.024711451198162773, 'CCC': 0.015000942460856601, 'ALR': 0.013957076594213629, 'TPE': 0.009524376116224581, 'JSW': 0.006583684310599162, 'MEG': 0.05293208927456438}"
313,2020-03-13,71531.39108963888,2.9103830456733704e-11,"{'PKO': 0.16276918296747026, 'PKN': 0.14624227036846577, 'PZU': 0.1158521582990596, 'CDR': 0.09258095445486089, 'PEO': 0.09043195668491932, 'KGH': 0.06866633828555894, 'LPP': 0.05981944961530282, 'CPS': 0.042274723917402196, 'PGE': 0.034545447258855444, 'DNP': 0.036866748696772395, 'MBK': 0.027241149496711185, 'OPL': 0.024711451198162773, 'CCC': 0.015000942460856601, 'ALR': 0.013957076594213629, 'TPE': 0.009524376116224581, 'JSW': 0.006583684310599162, 'MEG': 0.05293208927456438}"
314,2020-03-16,70409.34814235759,2.9103830456733704e-11,"{'PKO': 0.16276918296747026, 'PKN': 0.14624227036846577, 'PZU': 0.1158521582990596, 'CDR': 0.09258095445486089, 'PEO': 0.09043195668491932, 'KGH': 0.06866633828555894, 'LPP': 0.05981944961530282, 'CPS': 0.042274723917402196, 'PGE': 0.034545447258855444, 'DNP': 0.036866748696772395, 'MBK': 0.027241149496711185, 'OPL': 0.024711451198162773, 'CCC': 0.015000942460856601, 'ALR': 0.013957076594213629, 'TPE': 0.009524376116224581, 'JSW': 0.006583684310599162, 'MEG': 0.05293208927456438}"
315,2020-03-17,74378.74323423223,2.9103830456733704e-11,"{'PKO': 0.16276918296747026, 'PKN': 0.14624227036846577, 'PZU': 0.1158521582990596, 'CDR': 0.09258095445486089, 'PEO': 0.09043195668491932, 'KGH': 0.06866633828555894, 'LPP': 0.05981944961530282, 'CPS': 0.042274723917402196, 'PGE': 0.034545447258855444, 'DNP': 0.036866748696772395, 'MBK': 0.027241149496711185, 'OPL': 0.024711451198162773, 'CCC': 0.015000942460856601, 'ALR': 0.013957076594213629, 'TPE': 0.009524376116224581, 'JSW': 0.006583684310599162, 'MEG': 0.05293208927456438}"
316,2020-03-18,72943.69919973525,2.9103830456733704e-11,"{'PKO': 0.16276918296747026, 'PKN': 0.14624227036846577, 'PZU': 0.1158521582990596, 'CDR': 0.09258095445486089, 'PEO': 0.09043195668491932, 'KGH': 0.06866633828555894, 'LPP': 0.05981944961530282, 'CPS': 0.042274723917402196, 'PGE': 0.034545447258855444, 'DNP': 0.036866748696772395, 'MBK': 0.027241149496711185, 'OPL': 0.024711451198162773, 'CCC': 0.015000942460856601, 'ALR': 0.013957076594213629, 'TPE': 0.009524376116224581, 'JSW': 0.006583684310599162, 'MEG': 0.05293208927456438}"
317,2020-03-19,75955.20252146131,2.9103830456733704e-11,"{'PKO': 0.16276918296747026, 'PKN': 0.14624227036846577, 'PZU': 0.1158521582990596, 'CDR': 0.09258095445486089, 'PEO': 0.09043195668491932, 'KGH': 0.06866633828555894, 'LPP': 0.05981944961530282, 'CPS': 0.042274723917402196, 'PGE': 0.034545447258855444, 'DNP': 0.036866748696772395, 'MBK': 0.027241149496711185, 'OPL': 0.024711451198162773, 'CCC': 0.015000942460856601, 'ALR': 0.013957076594213629, 'TPE': 0.009524376116224581, 'JSW': 0.006583684310599162, 'MEG': 0.05293208927456438}"
318,2020-03-20,76963.69999326578,1.4551915228366852e-11,"{'PKO': 0.16074868954280752, 'PZU': 0.12283827656772936, 'CDR': 0.12143225102402441, 'PKN': 0.11541389536599683, 'PEO': 0.09689596173345197, 'KGH': 0.06752952272457473, 'LPP': 0.0583364463385069, 'SPL': 0.05372411622418429, 'DNP': 0.04355629711029622, 'CPS': 0.04286036347557316, 'MBK': 0.026534784157108922, 'OPL': 0.026253796867971912, 'PGE': 0.02457440772126932, 'CCC': 0.014150650572702192, 'ALR': 0.012885118673565739, 'TPE': 0.007674873746312041, 'JSW': 0.004590548153924401}"
319,2020-03-23,72531.70803836318,1.4551915228366852e-11,"{'PKO': 0.16074868954280752, 'PZU': 0.12283827656772936, 'CDR': 0.12143225102402441, 'PKN': 0.11541389536599683, 'PEO': 0.09689596173345197, 'KGH': 0.06752952272457473, 'LPP': 0.0583364463385069, 'SPL': 0.05372411622418429, 'DNP': 0.04355629711029622, 'CPS': 0.04286036347557316, 'MBK': 0.026534784157108922, 'OPL': 0.026253796867971912, 'PGE': 0.02457440772126932, 'CCC': 0.014150650572702192, 'ALR': 0.012885118673565739, 'TPE': 0.007674873746312041, 'JSW': 0.004590548153924401}"
320,2020-03-24,74974.84312802678,1.4551915228366852e-11,"{'PKO': 0.16074868954280752, 'PZU': 0.12283827656772936, 'CDR': 0.12143225102402441, 'PKN': 0.11541389536599683, 'PEO': 0.09689596173345197, 'KGH': 0.06752952272457473, 'LPP': 0.0583364463385069, 'SPL': 0.05372411622418429, 'DNP': 0.04355629711029622, 'CPS': 0.04286036347557316, 'MBK': 0.026534784157108922, 'OPL': 0.026253796867971912, 'PGE': 0.02457440772126932, 'CCC': 0.014150650572702192, 'ALR': 0.012885118673565739, 'TPE': 0.007674873746312041, 'JSW': 0.004590548153924401}"
321,2020-03-25,74438.76196555259,1.4551915228366852e-11,"{'PKO': 0.16074868954280752, 'PZU': 0.12283827656772936, 'CDR': 0.12143225102402441, 'PKN': 0.11541389536599683, 'PEO': 0.09689596173345197, 'KGH': 0.06752952272457473, 'LPP': 0.0583364463385069, 'SPL': 0.05372411622418429, 'DNP': 0.04355629711029622, 'CPS': 0.04286036347557316, 'MBK': 0.026534784157108922, 'OPL': 0.026253796867971912, 'PGE': 0.02457440772126932, 'CCC': 0.014150650572702192, 'ALR': 0.012885118673565739, 'TPE': 0.007674873746312041, 'JSW': 0.004590548153924401}"
322,2020-03-26,77073.69921216648,1.4551915228366852e-11,"{'PKO': 0.16074868954280752, 'PZU': 0.12283827656772936, 'CDR': 0.12143225102402441, 'PKN': 0.11541389536599683, 'PEO': 0.09689596173345197, 'KGH': 0.06752952272457473, 'LPP': 0.0583364463385069, 'SPL': 0.05372411622418429, 'DNP': 0.04355629711029622, 'CPS': 0.04286036347557316, 'MBK': 0.026534784157108922, 'OPL': 0.026253796867971912, 'PGE': 0.02457440772126932, 'CCC': 0.014150650572702192, 'ALR': 0.012885118673565739, 'TPE': 0.007674873746312041, 'JSW': 0.004590548153924401}"
323,2020-03-27,75868.72438384527,1.4551915228366852e-11,"{'PKO': 0.16074868954280752, 'PZU': 0.12283827656772936, 'CDR': 0.12143225102402441, 'PKN': 0.11541389536599683, 'PEO': 0.09689596173345197, 'KGH': 0.06752952272457473, 'LPP': 0.0583364463385069, 'SPL': 0.05372411622418429, 'DNP': 0.04355629711029622, 'CPS': 0.04286036347557316, 'MBK': 0.026534784157108922, 'OPL': 0.026253796867971912, 'PGE': 0.02457440772126932, 'CCC': 0.014150650572702192, 'ALR': 0.012885118673565739, 'TPE': 0.007674873746312041, 'JSW': 0.004590548153924401}"
324,2020-03-30,76096.53155541435,1.4551915228366852e-11,"{'PKO': 0.16074868954280752, 'PZU': 0.12283827656772936, 'CDR': 0.12143225102402441, 'PKN': 0.11541389536599683, 'PEO': 0.09689596173345197, 'KGH': 0.06752952272457473, 'LPP': 0.0583364463385069, 'SPL': 0.05372411622418429, 'DNP': 0.04355629711029622, 'CPS': 0.04286036347557316, 'MBK': 0.026534784157108922, 'OPL': 0.026253796867971912, 'PGE': 0.02457440772126932, 'CCC': 0.014150650572702192, 'ALR': 0.012885118673565739, 'TPE': 0.007674873746312041, 'JSW': 0.004590548153924401}"
325,2020-03-31,77580.20349945701,1.4551915228366852e-11,"{'PKO': 0.16074868954280752, 'PZU': 0.12283827656772936, 'CDR': 0.12143225102402441, 'PKN': 0.11541389536599683, 'PEO': 0.09689596173345197, 'KGH': 0.06752952272457473, 'LPP': 0.0583364463385069, 'SPL': 0.05372411622418429, 'DNP': 0.04355629711029622, 'CPS': 0.04286036347557316, 'MBK': 0.026534784157108922, 'OPL': 0.026253796867971912, 'PGE': 0.02457440772126932, 'CCC': 0.014150650572702192, 'ALR': 0.012885118673565739, 'TPE': 0.007674873746312041, 'JSW': 0.004590548153924401}"
326,2020-04-01,76015.59496289106,1.4551915228366852e-11,"{'PKO': 0.16074868954280752, 'PZU': 0.12283827656772936, 'CDR': 0.12143225102402441, 'PKN': 0.11541389536599683, 'PEO': 0.09689596173345197, 'KGH': 0.06752952272457473, 'LPP': 0.0583364463385069, 'SPL': 0.05372411622418429, 'DNP': 0.04355629711029622, 'CPS': 0.04286036347557316, 'MBK': 0.026534784157108922, 'OPL': 0.026253796867971912, 'PGE': 0.02457440772126932, 'CCC': 0.014150650572702192, 'ALR': 0.012885118673565739, 'TPE': 0.007674873746312041, 'JSW': 0.004590548153924401}"
327,2020-04-02,76200.47708561392,1.4551915228366852e-11,"{'PKO': 0.16074868954280752, 'PZU': 0.12283827656772936, 'CDR': 0.12143225102402441, 'PKN': 0.11541389536599683, 'PEO': 0.09689596173345197, 'KGH': 0.06752952272457473, 'LPP': 0.0583364463385069, 'SPL': 0.05372411622418429, 'DNP': 0.04355629711029622, 'CPS': 0.04286036347557316, 'MBK': 0.026534784157108922, 'OPL': 0.026253796867971912, 'PGE': 0.02457440772126932, 'CCC': 0.014150650572702192, 'ALR': 0.012885118673565739, 'TPE': 0.007674873746312041, 'JSW': 0.004590548153924401}"
328,2020-04-03,76593.00265361505,1.4551915228366852e-11,"{'PKO': 0.16074868954280752, 'PZU': 0.12283827656772936, 'CDR': 0.12143225102402441, 'PKN': 0.11541389536599683, 'PEO': 0.09689596173345197, 'KGH': 0.06752952272457473, 'LPP': 0.0583364463385069, 'SPL': 0.05372411622418429, 'DNP': 0.04355629711029622, 'CPS': 0.04286036347557316, 'MBK': 0.026534784157108922, 'OPL': 0.026253796867971912, 'PGE': 0.02457440772126932, 'CCC': 0.014150650572702192, 'ALR': 0.012885118673565739, 'TPE': 0.007674873746312041, 'JSW': 0.004590548153924401}"
329,2020-04-06,80642.91358496447,1.4551915228366852e-11,"{'PKO': 0.16074868954280752, 'PZU': 0.12283827656772936, 'CDR': 0.12143225102402441, 'PKN': 0.11541389536599683, 'PEO': 0.09689596173345197, 'KGH': 0.06752952272457473, 'LPP': 0.0583364463385069, 'SPL': 0.05372411622418429, 'DNP': 0.04355629711029622, 'CPS': 0.04286036347557316, 'MBK': 0.026534784157108922, 'OPL': 0.026253796867971912, 'PGE': 0.02457440772126932, 'CCC': 0.014150650572702192, 'ALR': 0.012885118673565739, 'TPE': 0.007674873746312041, 'JSW': 0.004590548153924401}"
330,2020-04-07,82269.65212462762,1.4551915228366852e-11,"{'PKO': 0.16074868954280752, 'PZU': 0.12283827656772936, 'CDR': 0.12143225102402441, 'PKN': 0.11541389536599683, 'PEO': 0.09689596173345197, 'KGH': 0.06752952272457473, 'LPP': 0.0583364463385069, 'SPL': 0.05372411622418429, 'DNP': 0.04355629711029622, 'CPS': 0.04286036347557316, 'MBK': 0.026534784157108922, 'OPL': 0.026253796867971912, 'PGE': 0.02457440772126932, 'CCC': 0.014150650572702192, 'ALR': 0.012885118673565739, 'TPE': 0.007674873746312041, 'JSW': 0.004590548153924401}"
331,2020-04-08,80283.22021207375,1.4551915228366852e-11,"{'PKO': 0.16074868954280752, 'PZU': 0.12283827656772936, 'CDR': 0.12143225102402441, 'PKN': 0.11541389536599683, 'PEO': 0.09689596173345197, 'KGH': 0.06752952272457473, 'LPP': 0.0583364463385069, 'SPL': 0.05372411622418429, 'DNP': 0.04355629711029622, 'CPS': 0.04286036347557316, 'MBK': 0.026534784157108922, 'OPL': 0.026253796867971912, 'PGE': 0.02457440772126932, 'CCC': 0.014150650572702192, 'ALR': 0.012885118673565739, 'TPE': 0.007674873746312041, 'JSW': 0.004590548153924401}"
332,2020-04-09,82283.41635938326,1.4551915228366852e-11,"{'PKO': 0.16074868954280752, 'PZU': 0.12283827656772936, 'CDR': 0.12143225102402441, 'PKN': 0.11541389536599683, 'PEO': 0.09689596173345197, 'KGH': 0.06752952272457473, 'LPP': 0.0583364463385069, 'SPL': 0.05372411622418429, 'DNP': 0.04355629711029622, 'CPS': 0.04286036347557316, 'MBK': 0.026534784157108922, 'OPL': 0.026253796867971912, 'PGE': 0.02457440772126932, 'CCC': 0.014150650572702192, 'ALR': 0.012885118673565739, 'TPE': 0.007674873746312041, 'JSW': 0.004590548153924401}"
333,2020-04-10,82283.41635938326,1.4551915228366852e-11,"{'PKO': 0.16074868954280752, 'PZU': 0.12283827656772936, 'CDR': 0.12143225102402441, 'PKN': 0.11541389536599683, 'PEO': 0.09689596173345197, 'KGH': 0.06752952272457473, 'LPP': 0.0583364463385069, 'SPL': 0.05372411622418429, 'DNP': 0.04355629711029622, 'CPS': 0.04286036347557316, 'MBK': 0.026534784157108922, 'OPL': 0.026253796867971912, 'PGE': 0.02457440772126932, 'CCC': 0.014150650572702192, 'ALR': 0.012885118673565739, 'TPE': 0.007674873746312041, 'JSW': 0.004590548153924401}"
334,2020-04-13,82283.41635938326,1.4551915228366852e-11,"{'PKO': 0.16074868954280752, 'PZU': 0.12283827656772936, 'CDR': 0.12143225102402441, 'PKN': 0.11541389536599683, 'PEO': 0.09689596173345197, 'KGH': 0.06752952272457473, 'LPP': 0.0583364463385069, 'SPL': 0.05372411622418429, 'DNP': 0.04355629711029622, 'CPS': 0.04286036347557316, 'MBK': 0.026534784157108922, 'OPL': 0.026253796867971912, 'PGE': 0.02457440772126932, 'CCC': 0.014150650572702192, 'ALR': 0.012885118673565739, 'TPE': 0.007674873746312041, 'JSW': 0.004590548153924401}"
335,2020-04-14,85126.71593020366,1.4551915228366852e-11,"{'PKO': 0.16074868954280752, 'PZU': 0.12283827656772936, 'CDR': 0.12143225102402441, 'PKN': 0.11541389536599683, 'PEO': 0.09689596173345197, 'KGH': 0.06752952272457473, 'LPP': 0.0583364463385069, 'SPL': 0.05372411622418429, 'DNP': 0.04355629711029622, 'CPS': 0.04286036347557316, 'MBK': 0.026534784157108922, 'OPL': 0.026253796867971912, 'PGE': 0.02457440772126932, 'CCC': 0.014150650572702192, 'ALR': 0.012885118673565739, 'TPE': 0.007674873746312041, 'JSW': 0.004590548153924401}"
336,2020-04-15,82035.12636140527,1.4551915228366852e-11,"{'PKO': 0.16074868954280752, 'PZU': 0.12283827656772936, 'CDR': 0.12143225102402441, 'PKN': 0.11541389536599683, 'PEO': 0.09689596173345197, 'KGH': 0.06752952272457473, 'LPP': 0.0583364463385069, 'SPL': 0.05372411622418429, 'DNP': 0.04355629711029622, 'CPS': 0.04286036347557316, 'MBK': 0.026534784157108922, 'OPL': 0.026253796867971912, 'PGE': 0.02457440772126932, 'CCC': 0.014150650572702192, 'ALR': 0.012885118673565739, 'TPE': 0.007674873746312041, 'JSW': 0.004590548153924401}"
337,2020-04-16,81360.73405036451,1.4551915228366852e-11,"{'PKO': 0.16074868954280752, 'PZU': 0.12283827656772936, 'CDR': 0.12143225102402441, 'PKN': 0.11541389536599683, 'PEO': 0.09689596173345197, 'KGH': 0.06752952272457473, 'LPP': 0.0583364463385069, 'SPL': 0.05372411622418429, 'DNP': 0.04355629711029622, 'CPS': 0.04286036347557316, 'MBK': 0.026534784157108922, 'OPL': 0.026253796867971912, 'PGE': 0.02457440772126932, 'CCC': 0.014150650572702192, 'ALR': 0.012885118673565739, 'TPE': 0.007674873746312041, 'JSW': 0.004590548153924401}"
338,2020-04-17,82750.80392758755,1.4551915228366852e-11,"{'PKO': 0.16074868954280752, 'PZU': 0.12283827656772936, 'CDR': 0.12143225102402441, 'PKN': 0.11541389536599683, 'PEO': 0.09689596173345197, 'KGH': 0.06752952272457473, 'LPP': 0.0583364463385069, 'SPL': 0.05372411622418429, 'DNP': 0.04355629711029622, 'CPS': 0.04286036347557316, 'MBK': 0.026534784157108922, 'OPL': 0.026253796867971912, 'PGE': 0.02457440772126932, 'CCC': 0.014150650572702192, 'ALR': 0.012885118673565739, 'TPE': 0.007674873746312041, 'JSW': 0.004590548153924401}"
339,2020-04-20,83442.24303756501,1.4551915228366852e-11,"{'PKO': 0.16074868954280752, 'PZU': 0.12283827656772936, 'CDR': 0.12143225102402441, 'PKN': 0.11541389536599683, 'PEO': 0.09689596173345197, 'KGH': 0.06752952272457473, 'LPP': 0.0583364463385069, 'SPL': 0.05372411622418429, 'DNP': 0.04355629711029622, 'CPS': 0.04286036347557316, 'MBK': 0.026534784157108922, 'OPL': 0.026253796867971912, 'PGE': 0.02457440772126932, 'CCC': 0.014150650572702192, 'ALR': 0.012885118673565739, 'TPE': 0.007674873746312041, 'JSW': 0.004590548153924401}"
340,2020-04-21,79973.926579713,1.4551915228366852e-11,"{'PKO': 0.16074868954280752, 'PZU': 0.12283827656772936, 'CDR': 0.12143225102402441, 'PKN': 0.11541389536599683, 'PEO': 0.09689596173345197, 'KGH': 0.06752952272457473, 'LPP': 0.0583364463385069, 'SPL': 0.05372411622418429, 'DNP': 0.04355629711029622, 'CPS': 0.04286036347557316, 'MBK': 0.026534784157108922, 'OPL': 0.026253796867971912, 'PGE': 0.02457440772126932, 'CCC': 0.014150650572702192, 'ALR': 0.012885118673565739, 'TPE': 0.007674873746312041, 'JSW': 0.004590548153924401}"
341,2020-04-22,81538.33094462057,1.4551915228366852e-11,"{'PKO': 0.16074868954280752, 'PZU': 0.12283827656772936, 'CDR': 0.12143225102402441, 'PKN': 0.11541389536599683, 'PEO': 0.09689596173345197, 'KGH': 0.06752952272457473, 'LPP': 0.0583364463385069, 'SPL': 0.05372411622418429, 'DNP': 0.04355629711029622, 'CPS': 0.04286036347557316, 'MBK': 0.026534784157108922, 'OPL': 0.026253796867971912, 'PGE': 0.02457440772126932, 'CCC': 0.014150650572702192, 'ALR': 0.012885118673565739, 'TPE': 0.007674873746312041, 'JSW': 0.004590548153924401}"
342,2020-04-23,82510.88547190788,1.4551915228366852e-11,"{'PKO': 0.16074868954280752, 'PZU': 0.12283827656772936, 'CDR': 0.12143225102402441, 'PKN': 0.11541389536599683, 'PEO': 0.09689596173345197, 'KGH': 0.06752952272457473, 'LPP': 0.0583364463385069, 'SPL': 0.05372411622418429, 'DNP': 0.04355629711029622, 'CPS': 0.04286036347557316, 'MBK': 0.026534784157108922, 'OPL': 0.026253796867971912, 'PGE': 0.02457440772126932, 'CCC': 0.014150650572702192, 'ALR': 0.012885118673565739, 'TPE': 0.007674873746312041, 'JSW': 0.004590548153924401}"
343,2020-04-24,81365.11566590231,1.4551915228366852e-11,"{'PKO': 0.16074868954280752, 'PZU': 0.12283827656772936, 'CDR': 0.12143225102402441, 'PKN': 0.11541389536599683, 'PEO': 0.09689596173345197, 'KGH': 0.06752952272457473, 'LPP': 0.0583364463385069, 'SPL': 0.05372411622418429, 'DNP': 0.04355629711029622, 'CPS': 0.04286036347557316, 'MBK': 0.026534784157108922, 'OPL': 0.026253796867971912, 'PGE': 0.02457440772126932, 'CCC': 0.014150650572702192, 'ALR': 0.012885118673565739, 'TPE': 0.007674873746312041, 'JSW': 0.004590548153924401}"
344,2020-04-27,80575.3625014624,1.4551915228366852e-11,"{'PKO': 0.16074868954280752, 'PZU': 0.12283827656772936, 'CDR': 0.12143225102402441, 'PKN': 0.11541389536599683, 'PEO': 0.09689596173345197, 'KGH': 0.06752952272457473, 'LPP': 0.0583364463385069, 'SPL': 0.05372411622418429, 'DNP': 0.04355629711029622, 'CPS': 0.04286036347557316, 'MBK': 0.026534784157108922, 'OPL': 0.026253796867971912, 'PGE': 0.02457440772126932, 'CCC': 0.014150650572702192, 'ALR': 0.012885118673565739, 'TPE': 0.007674873746312041, 'JSW': 0.004590548153924401}"
345,2020-04-28,80850.82740870098,1.4551915228366852e-11,"{'PKO': 0.16074868954280752, 'PZU': 0.12283827656772936, 'CDR': 0.12143225102402441, 'PKN': 0.11541389536599683, 'PEO': 0.09689596173345197, 'KGH': 0.06752952272457473, 'LPP': 0.0583364463385069, 'SPL': 0.05372411622418429, 'DNP': 0.04355629711029622, 'CPS': 0.04286036347557316, 'MBK': 0.026534784157108922, 'OPL': 0.026253796867971912, 'PGE': 0.02457440772126932, 'CCC': 0.014150650572702192, 'ALR': 0.012885118673565739, 'TPE': 0.007674873746312041, 'JSW': 0.004590548153924401}"
346,2020-04-29,84354.27082693412,1.4551915228366852e-11,"{'PKO': 0.16074868954280752, 'PZU': 0.12283827656772936, 'CDR': 0.12143225102402441, 'PKN': 0.11541389536599683, 'PEO': 0.09689596173345197, 'KGH': 0.06752952272457473, 'LPP': 0.0583364463385069, 'SPL': 0.05372411622418429, 'DNP': 0.04355629711029622, 'CPS': 0.04286036347557316, 'MBK': 0.026534784157108922, 'OPL': 0.026253796867971912, 'PGE': 0.02457440772126932, 'CCC': 0.014150650572702192, 'ALR': 0.012885118673565739, 'TPE': 0.007674873746312041, 'JSW': 0.004590548153924401}"
347,2020-04-30,84265.34296497499,1.4551915228366852e-11,"{'PKO': 0.16074868954280752, 'PZU': 0.12283827656772936, 'CDR': 0.12143225102402441, 'PKN': 0.11541389536599683, 'PEO': 0.09689596173345197, 'KGH': 0.06752952272457473, 'LPP': 0.0583364463385069, 'SPL': 0.05372411622418429, 'DNP': 0.04355629711029622, 'CPS': 0.04286036347557316, 'MBK': 0.026534784157108922, 'OPL': 0.026253796867971912, 'PGE': 0.02457440772126932, 'CCC': 0.014150650572702192, 'ALR': 0.012885118673565739, 'TPE': 0.007674873746312041, 'JSW': 0.004590548153924401}"
348,2020-05-01,84265.34296497499,1.4551915228366852e-11,"{'PKO': 0.16074868954280752, 'PZU': 0.12283827656772936, 'CDR': 0.12143225102402441, 'PKN': 0.11541389536599683, 'PEO': 0.09689596173345197, 'KGH': 0.06752952272457473, 'LPP': 0.0583364463385069, 'SPL': 0.05372411622418429, 'DNP': 0.04355629711029622, 'CPS': 0.04286036347557316, 'MBK': 0.026534784157108922, 'OPL': 0.026253796867971912, 'PGE': 0.02457440772126932, 'CCC': 0.014150650572702192, 'ALR': 0.012885118673565739, 'TPE': 0.007674873746312041, 'JSW': 0.004590548153924401}"
349,2020-05-04,81663.65233166907,1.4551915228366852e-11,"{'PKO': 0.16074868954280752, 'PZU': 0.12283827656772936, 'CDR': 0.12143225102402441, 'PKN': 0.11541389536599683, 'PEO': 0.09689596173345197, 'KGH': 0.06752952272457473, 'LPP': 0.0583364463385069, 'SPL': 0.05372411622418429, 'DNP': 0.04355629711029622, 'CPS': 0.04286036347557316, 'MBK': 0.026534784157108922, 'OPL': 0.026253796867971912, 'PGE': 0.02457440772126932, 'CCC': 0.014150650572702192, 'ALR': 0.012885118673565739, 'TPE': 0.007674873746312041, 'JSW': 0.004590548153924401}"
350,2020-05-05,81409.99867641994,1.4551915228366852e-11,"{'PKO': 0.16074868954280752, 'PZU': 0.12283827656772936, 'CDR': 0.12143225102402441, 'PKN': 0.11541389536599683, 'PEO': 0.09689596173345197, 'KGH': 0.06752952272457473, 'LPP': 0.0583364463385069, 'SPL': 0.05372411622418429, 'DNP': 0.04355629711029622, 'CPS': 0.04286036347557316, 'MBK': 0.026534784157108922, 'OPL': 0.026253796867971912, 'PGE': 0.02457440772126932, 'CCC': 0.014150650572702192, 'ALR': 0.012885118673565739, 'TPE': 0.007674873746312041, 'JSW': 0.004590548153924401}"
351,2020-05-06,79875.9632922979,1.4551915228366852e-11,"{'PKO': 0.16074868954280752, 'PZU': 0.12283827656772936, 'CDR': 0.12143225102402441, 'PKN': 0.11541389536599683, 'PEO': 0.09689596173345197, 'KGH': 0.06752952272457473, 'LPP': 0.0583364463385069, 'SPL': 0.05372411622418429, 'DNP': 0.04355629711029622, 'CPS': 0.04286036347557316, 'MBK': 0.026534784157108922, 'OPL': 0.026253796867971912, 'PGE': 0.02457440772126932, 'CCC': 0.014150650572702192, 'ALR': 0.012885118673565739, 'TPE': 0.007674873746312041, 'JSW': 0.004590548153924401}"
352,2020-05-07,80915.96107733039,1.4551915228366852e-11,"{'PKO': 0.16074868954280752, 'PZU': 0.12283827656772936, 'CDR': 0.12143225102402441, 'PKN': 0.11541389536599683, 'PEO': 0.09689596173345197, 'KGH': 0.06752952272457473, 'LPP': 0.0583364463385069, 'SPL': 0.05372411622418429, 'DNP': 0.04355629711029622, 'CPS': 0.04286036347557316, 'MBK': 0.026534784157108922, 'OPL': 0.026253796867971912, 'PGE': 0.02457440772126932, 'CCC': 0.014150650572702192, 'ALR': 0.012885118673565739, 'TPE': 0.007674873746312041, 'JSW': 0.004590548153924401}"
353,2020-05-08,81882.40385057143,1.4551915228366852e-11,"{'PKO': 0.16074868954280752, 'PZU': 0.12283827656772936, 'CDR': 0.12143225102402441, 'PKN': 0.11541389536599683, 'PEO': 0.09689596173345197, 'KGH': 0.06752952272457473, 'LPP': 0.0583364463385069, 'SPL': 0.05372411622418429, 'DNP': 0.04355629711029622, 'CPS': 0.04286036347557316, 'MBK': 0.026534784157108922, 'OPL': 0.026253796867971912, 'PGE': 0.02457440772126932, 'CCC': 0.014150650572702192, 'ALR': 0.012885118673565739, 'TPE': 0.007674873746312041, 'JSW': 0.004590548153924401}"
354,2020-05-11,80829.64319441798,1.4551915228366852e-11,"{'PKO': 0.16074868954280752, 'PZU': 0.12283827656772936, 'CDR': 0.12143225102402441, 'PKN': 0.11541389536599683, 'PEO': 0.09689596173345197, 'KGH': 0.06752952272457473, 'LPP': 0.0583364463385069, 'SPL': 0.05372411622418429, 'DNP': 0.04355629711029622, 'CPS': 0.04286036347557316, 'MBK': 0.026534784157108922, 'OPL': 0.026253796867971912, 'PGE': 0.02457440772126932, 'CCC': 0.014150650572702192, 'ALR': 0.012885118673565739, 'TPE': 0.007674873746312041, 'JSW': 0.004590548153924401}"
355,2020-05-12,82677.28900409235,1.4551915228366852e-11,"{'PKO': 0.16074868954280752, 'PZU': 0.12283827656772936, 'CDR': 0.12143225102402441, 'PKN': 0.11541389536599683, 'PEO': 0.09689596173345197, 'KGH': 0.06752952272457473, 'LPP': 0.0583364463385069, 'SPL': 0.05372411622418429, 'DNP': 0.04355629711029622, 'CPS': 0.04286036347557316, 'MBK': 0.026534784157108922, 'OPL': 0.026253796867971912, 'PGE': 0.02457440772126932, 'CCC': 0.014150650572702192, 'ALR': 0.012885118673565739, 'TPE': 0.007674873746312041, 'JSW': 0.004590548153924401}"
356,2020-05-13,82363.56713089626,1.4551915228366852e-11,"{'PKO': 0.16074868954280752, 'PZU': 0.12283827656772936, 'CDR': 0.12143225102402441, 'PKN': 0.11541389536599683, 'PEO': 0.09689596173345197, 'KGH': 0.06752952272457473, 'LPP': 0.0583364463385069, 'SPL': 0.05372411622418429, 'DNP': 0.04355629711029622, 'CPS': 0.04286036347557316, 'MBK': 0.026534784157108922, 'OPL': 0.026253796867971912, 'PGE': 0.02457440772126932, 'CCC': 0.014150650572702192, 'ALR': 0.012885118673565739, 'TPE': 0.007674873746312041, 'JSW': 0.004590548153924401}"
357,2020-05-14,80364.61526095218,1.4551915228366852e-11,"{'PKO': 0.16074868954280752, 'PZU': 0.12283827656772936, 'CDR': 0.12143225102402441, 'PKN': 0.11541389536599683, 'PEO': 0.09689596173345197, 'KGH': 0.06752952272457473, 'LPP': 0.0583364463385069, 'SPL': 0.05372411622418429, 'DNP': 0.04355629711029622, 'CPS': 0.04286036347557316, 'MBK': 0.026534784157108922, 'OPL': 0.026253796867971912, 'PGE': 0.02457440772126932, 'CCC': 0.014150650572702192, 'ALR': 0.012885118673565739, 'TPE': 0.007674873746312041, 'JSW': 0.004590548153924401}"
358,2020-05-15,80125.45920272761,1.4551915228366852e-11,"{'PKO': 0.16074868954280752, 'PZU': 0.12283827656772936, 'CDR': 0.12143225102402441, 'PKN': 0.11541389536599683, 'PEO': 0.09689596173345197, 'KGH': 0.06752952272457473, 'LPP': 0.0583364463385069, 'SPL': 0.05372411622418429, 'DNP': 0.04355629711029622, 'CPS': 0.04286036347557316, 'MBK': 0.026534784157108922, 'OPL': 0.026253796867971912, 'PGE': 0.02457440772126932, 'CCC': 0.014150650572702192, 'ALR': 0.012885118673565739, 'TPE': 0.007674873746312041, 'JSW': 0.004590548153924401}"
359,2020-05-18,83810.11105665687,1.4551915228366852e-11,"{'PKO': 0.16074868954280752, 'PZU': 0.12283827656772936, 'CDR': 0.12143225102402441, 'PKN': 0.11541389536599683, 'PEO': 0.09689596173345197, 'KGH': 0.06752952272457473, 'LPP': 0.0583364463385069, 'SPL': 0.05372411622418429, 'DNP': 0.04355629711029622, 'CPS': 0.04286036347557316, 'MBK': 0.026534784157108922, 'OPL': 0.026253796867971912, 'PGE': 0.02457440772126932, 'CCC': 0.014150650572702192, 'ALR': 0.012885118673565739, 'TPE': 0.007674873746312041, 'JSW': 0.004590548153924401}"
360,2020-05-19,83866.47714431945,1.4551915228366852e-11,"{'PKO': 0.16074868954280752, 'PZU': 0.12283827656772936, 'CDR': 0.12143225102402441, 'PKN': 0.11541389536599683, 'PEO': 0.09689596173345197, 'KGH': 0.06752952272457473, 'LPP': 0.0583364463385069, 'SPL': 0.05372411622418429, 'DNP': 0.04355629711029622, 'CPS': 0.04286036347557316, 'MBK': 0.026534784157108922, 'OPL': 0.026253796867971912, 'PGE': 0.02457440772126932, 'CCC': 0.014150650572702192, 'ALR': 0.012885118673565739, 'TPE': 0.007674873746312041, 'JSW': 0.004590548153924401}"
361,2020-05-20,84452.47873813298,1.4551915228366852e-11,"{'PKO': 0.16074868954280752, 'PZU': 0.12283827656772936, 'CDR': 0.12143225102402441, 'PKN': 0.11541389536599683, 'PEO': 0.09689596173345197, 'KGH': 0.06752952272457473, 'LPP': 0.0583364463385069, 'SPL': 0.05372411622418429, 'DNP': 0.04355629711029622, 'CPS': 0.04286036347557316, 'MBK': 0.026534784157108922, 'OPL': 0.026253796867971912, 'PGE': 0.02457440772126932, 'CCC': 0.014150650572702192, 'ALR': 0.012885118673565739, 'TPE': 0.007674873746312041, 'JSW': 0.004590548153924401}"
362,2020-05-21,83789.91770393793,1.4551915228366852e-11,"{'PKO': 0.16074868954280752, 'PZU': 0.12283827656772936, 'CDR': 0.12143225102402441, 'PKN': 0.11541389536599683, 'PEO': 0.09689596173345197, 'KGH': 0.06752952272457473, 'LPP': 0.0583364463385069, 'SPL': 0.05372411622418429, 'DNP': 0.04355629711029622, 'CPS': 0.04286036347557316, 'MBK': 0.026534784157108922, 'OPL': 0.026253796867971912, 'PGE': 0.02457440772126932, 'CCC': 0.014150650572702192, 'ALR': 0.012885118673565739, 'TPE': 0.007674873746312041, 'JSW': 0.004590548153924401}"
363,2020-05-22,83302.0028230101,1.4551915228366852e-11,"{'PKO': 0.16074868954280752, 'PZU': 0.12283827656772936, 'CDR': 0.12143225102402441, 'PKN': 0.11541389536599683, 'PEO': 0.09689596173345197, 'KGH': 0.06752952272457473, 'LPP': 0.0583364463385069, 'SPL': 0.05372411622418429, 'DNP': 0.04355629711029622, 'CPS': 0.04286036347557316, 'MBK': 0.026534784157108922, 'OPL': 0.026253796867971912, 'PGE': 0.02457440772126932, 'CCC': 0.014150650572702192, 'ALR': 0.012885118673565739, 'TPE': 0.007674873746312041, 'JSW': 0.004590548153924401}"
364,2020-05-25,83981.92096695183,1.4551915228366852e-11,"{'PKO': 0.16074868954280752, 'PZU': 0.12283827656772936, 'CDR': 0.12143225102402441, 'PKN': 0.11541389536599683, 'PEO': 0.09689596173345197, 'KGH': 0.06752952272457473, 'LPP': 0.0583364463385069, 'SPL': 0.05372411622418429, 'DNP': 0.04355629711029622, 'CPS': 0.04286036347557316, 'MBK': 0.026534784157108922, 'OPL': 0.026253796867971912, 'PGE': 0.02457440772126932, 'CCC': 0.014150650572702192, 'ALR': 0.012885118673565739, 'TPE': 0.007674873746312041, 'JSW': 0.004590548153924401}"
365,2020-05-26,87629.0875689166,1.4551915228366852e-11,"{'PKO': 0.16074868954280752, 'PZU': 0.12283827656772936, 'CDR': 0.12143225102402441, 'PKN': 0.11541389536599683, 'PEO': 0.09689596173345197, 'KGH': 0.06752952272457473, 'LPP': 0.0583364463385069, 'SPL': 0.05372411622418429, 'DNP': 0.04355629711029622, 'CPS': 0.04286036347557316, 'MBK': 0.026534784157108922, 'OPL': 0.026253796867971912, 'PGE': 0.02457440772126932, 'CCC': 0.014150650572702192, 'ALR': 0.012885118673565739, 'TPE': 0.007674873746312041, 'JSW': 0.004590548153924401}"
366,2020-05-27,87737.47147213948,1.4551915228366852e-11,"{'PKO': 0.16074868954280752, 'PZU': 0.12283827656772936, 'CDR': 0.12143225102402441, 'PKN': 0.11541389536599683, 'PEO': 0.09689596173345197, 'KGH': 0.06752952272457473, 'LPP': 0.0583364463385069, 'SPL': 0.05372411622418429, 'DNP': 0.04355629711029622, 'CPS': 0.04286036347557316, 'MBK': 0.026534784157108922, 'OPL': 0.026253796867971912, 'PGE': 0.02457440772126932, 'CCC': 0.014150650572702192, 'ALR': 0.012885118673565739, 'TPE': 0.007674873746312041, 'JSW': 0.004590548153924401}"
367,2020-05-28,88111.79556212766,1.4551915228366852e-11,"{'PKO': 0.16074868954280752, 'PZU': 0.12283827656772936, 'CDR': 0.12143225102402441, 'PKN': 0.11541389536599683, 'PEO': 0.09689596173345197, 'KGH': 0.06752952272457473, 'LPP': 0.0583364463385069, 'SPL': 0.05372411622418429, 'DNP': 0.04355629711029622, 'CPS': 0.04286036347557316, 'MBK': 0.026534784157108922, 'OPL': 0.026253796867971912, 'PGE': 0.02457440772126932, 'CCC': 0.014150650572702192, 'ALR': 0.012885118673565739, 'TPE': 0.007674873746312041, 'JSW': 0.004590548153924401}"
368,2020-05-29,88262.36614141788,1.4551915228366852e-11,"{'PKO': 0.16074868954280752, 'PZU': 0.12283827656772936, 'CDR': 0.12143225102402441, 'PKN': 0.11541389536599683, 'PEO': 0.09689596173345197, 'KGH': 0.06752952272457473, 'LPP': 0.0583364463385069, 'SPL': 0.05372411622418429, 'DNP': 0.04355629711029622, 'CPS': 0.04286036347557316, 'MBK': 0.026534784157108922, 'OPL': 0.026253796867971912, 'PGE': 0.02457440772126932, 'CCC': 0.014150650572702192, 'ALR': 0.012885118673565739, 'TPE': 0.007674873746312041, 'JSW': 0.004590548153924401}"
369,2020-06-01,88783.4181090077,1.4551915228366852e-11,"{'PKO': 0.16074868954280752, 'PZU': 0.12283827656772936, 'CDR': 0.12143225102402441, 'PKN': 0.11541389536599683, 'PEO': 0.09689596173345197, 'KGH': 0.06752952272457473, 'LPP': 0.0583364463385069, 'SPL': 0.05372411622418429, 'DNP': 0.04355629711029622, 'CPS': 0.04286036347557316, 'MBK': 0.026534784157108922, 'OPL': 0.026253796867971912, 'PGE': 0.02457440772126932, 'CCC': 0.014150650572702192, 'ALR': 0.012885118673565739, 'TPE': 0.007674873746312041, 'JSW': 0.004590548153924401}"
370,2020-06-02,89022.2871382901,1.4551915228366852e-11,"{'PKO': 0.16074868954280752, 'PZU': 0.12283827656772936, 'CDR': 0.12143225102402441, 'PKN': 0.11541389536599683, 'PEO': 0.09689596173345197, 'KGH': 0.06752952272457473, 'LPP': 0.0583364463385069, 'SPL': 0.05372411622418429, 'DNP': 0.04355629711029622, 'CPS': 0.04286036347557316, 'MBK': 0.026534784157108922, 'OPL': 0.026253796867971912, 'PGE': 0.02457440772126932, 'CCC': 0.014150650572702192, 'ALR': 0.012885118673565739, 'TPE': 0.007674873746312041, 'JSW': 0.004590548153924401}"
371,2020-06-03,90770.47908671132,1.4551915228366852e-11,"{'PKO': 0.16074868954280752, 'PZU': 0.12283827656772936, 'CDR': 0.12143225102402441, 'PKN': 0.11541389536599683, 'PEO': 0.09689596173345197, 'KGH': 0.06752952272457473, 'LPP': 0.0583364463385069, 'SPL': 0.05372411622418429, 'DNP': 0.04355629711029622, 'CPS': 0.04286036347557316, 'MBK': 0.026534784157108922, 'OPL': 0.026253796867971912, 'PGE': 0.02457440772126932, 'CCC': 0.014150650572702192, 'ALR': 0.012885118673565739, 'TPE': 0.007674873746312041, 'JSW': 0.004590548153924401}"
372,2020-06-04,92100.54069779954,1.4551915228366852e-11,"{'PKO': 0.16074868954280752, 'PZU': 0.12283827656772936, 'CDR': 0.12143225102402441, 'PKN': 0.11541389536599683, 'PEO': 0.09689596173345197, 'KGH': 0.06752952272457473, 'LPP': 0.0583364463385069, 'SPL': 0.05372411622418429, 'DNP': 0.04355629711029622, 'CPS': 0.04286036347557316, 'MBK': 0.026534784157108922, 'OPL': 0.026253796867971912, 'PGE': 0.02457440772126932, 'CCC': 0.014150650572702192, 'ALR': 0.012885118673565739, 'TPE': 0.007674873746312041, 'JSW': 0.004590548153924401}"
373,2020-06-05,95184.24829583964,1.4551915228366852e-11,"{'PKO': 0.16074868954280752, 'PZU': 0.12283827656772936, 'CDR': 0.12143225102402441, 'PKN': 0.11541389536599683, 'PEO': 0.09689596173345197, 'KGH': 0.06752952272457473, 'LPP': 0.0583364463385069, 'SPL': 0.05372411622418429, 'DNP': 0.04355629711029622, 'CPS': 0.04286036347557316, 'MBK': 0.026534784157108922, 'OPL': 0.026253796867971912, 'PGE': 0.02457440772126932, 'CCC': 0.014150650572702192, 'ALR': 0.012885118673565739, 'TPE': 0.007674873746312041, 'JSW': 0.004590548153924401}"
374,2020-06-08,95224.74963075329,1.4551915228366852e-11,"{'PKO': 0.16074868954280752, 'PZU': 0.12283827656772936, 'CDR': 0.12143225102402441, 'PKN': 0.11541389536599683, 'PEO': 0.09689596173345197, 'KGH': 0.06752952272457473, 'LPP': 0.0583364463385069, 'SPL': 0.05372411622418429, 'DNP': 0.04355629711029622, 'CPS': 0.04286036347557316, 'MBK': 0.026534784157108922, 'OPL': 0.026253796867971912, 'PGE': 0.02457440772126932, 'CCC': 0.014150650572702192, 'ALR': 0.012885118673565739, 'TPE': 0.007674873746312041, 'JSW': 0.004590548153924401}"
375,2020-06-09,94701.90860641967,1.4551915228366852e-11,"{'PKO': 0.16074868954280752, 'PZU': 0.12283827656772936, 'CDR': 0.12143225102402441, 'PKN': 0.11541389536599683, 'PEO': 0.09689596173345197, 'KGH': 0.06752952272457473, 'LPP': 0.0583364463385069, 'SPL': 0.05372411622418429, 'DNP': 0.04355629711029622, 'CPS': 0.04286036347557316, 'MBK': 0.026534784157108922, 'OPL': 0.026253796867971912, 'PGE': 0.02457440772126932, 'CCC': 0.014150650572702192, 'ALR': 0.012885118673565739, 'TPE': 0.007674873746312041, 'JSW': 0.004590548153924401}"
376,2020-06-10,94927.34126871676,1.4551915228366852e-11,"{'PKO': 0.16074868954280752, 'PZU': 0.12283827656772936, 'CDR': 0.12143225102402441, 'PKN': 0.11541389536599683, 'PEO': 0.09689596173345197, 'KGH': 0.06752952272457473, 'LPP': 0.0583364463385069, 'SPL': 0.05372411622418429, 'DNP': 0.04355629711029622, 'CPS': 0.04286036347557316, 'MBK': 0.026534784157108922, 'OPL': 0.026253796867971912, 'PGE': 0.02457440772126932, 'CCC': 0.014150650572702192, 'ALR': 0.012885118673565739, 'TPE': 0.007674873746312041, 'JSW': 0.004590548153924401}"
377,2020-06-11,94927.34126871676,1.4551915228366852e-11,"{'PKO': 0.16074868954280752, 'PZU': 0.12283827656772936, 'CDR': 0.12143225102402441, 'PKN': 0.11541389536599683, 'PEO': 0.09689596173345197, 'KGH': 0.06752952272457473, 'LPP': 0.0583364463385069, 'SPL': 0.05372411622418429, 'DNP': 0.04355629711029622, 'CPS': 0.04286036347557316, 'MBK': 0.026534784157108922, 'OPL': 0.026253796867971912, 'PGE': 0.02457440772126932, 'CCC': 0.014150650572702192, 'ALR': 0.012885118673565739, 'TPE': 0.007674873746312041, 'JSW': 0.004590548153924401}"
378,2020-06-12,92154.05012917734,1.4551915228366852e-11,"{'PKO': 0.16074868954280752, 'PZU': 0.12283827656772936, 'CDR': 0.12143225102402441, 'PKN': 0.11541389536599683, 'PEO': 0.09689596173345197, 'KGH': 0.06752952272457473, 'LPP': 0.0583364463385069, 'SPL': 0.05372411622418429, 'DNP': 0.04355629711029622, 'CPS': 0.04286036347557316, 'MBK': 0.026534784157108922, 'OPL': 0.026253796867971912, 'PGE': 0.02457440772126932, 'CCC': 0.014150650572702192, 'ALR': 0.012885118673565739, 'TPE': 0.007674873746312041, 'JSW': 0.004590548153924401}"
379,2020-06-15,89105.40573641077,1.4551915228366852e-11,"{'PKO': 0.16074868954280752, 'PZU': 0.12283827656772936, 'CDR': 0.12143225102402441, 'PKN': 0.11541389536599683, 'PEO': 0.09689596173345197, 'KGH': 0.06752952272457473, 'LPP': 0.0583364463385069, 'SPL': 0.05372411622418429, 'DNP': 0.04355629711029622, 'CPS': 0.04286036347557316, 'MBK': 0.026534784157108922, 'OPL': 0.026253796867971912, 'PGE': 0.02457440772126932, 'CCC': 0.014150650572702192, 'ALR': 0.012885118673565739, 'TPE': 0.007674873746312041, 'JSW': 0.004590548153924401}"
380,2020-06-16,92398.80191884832,1.4551915228366852e-11,"{'PKO': 0.16074868954280752, 'PZU': 0.12283827656772936, 'CDR': 0.12143225102402441, 'PKN': 0.11541389536599683, 'PEO': 0.09689596173345197, 'KGH': 0.06752952272457473, 'LPP': 0.0583364463385069, 'SPL': 0.05372411622418429, 'DNP': 0.04355629711029622, 'CPS': 0.04286036347557316, 'MBK': 0.026534784157108922, 'OPL': 0.026253796867971912, 'PGE': 0.02457440772126932, 'CCC': 0.014150650572702192, 'ALR': 0.012885118673565739, 'TPE': 0.007674873746312041, 'JSW': 0.004590548153924401}"
381,2020-06-17,91762.70960624228,1.4551915228366852e-11,"{'PKO': 0.16074868954280752, 'PZU': 0.12283827656772936, 'CDR': 0.12143225102402441, 'PKN': 0.11541389536599683, 'PEO': 0.09689596173345197, 'KGH': 0.06752952272457473, 'LPP': 0.0583364463385069, 'SPL': 0.05372411622418429, 'DNP': 0.04355629711029622, 'CPS': 0.04286036347557316, 'MBK': 0.026534784157108922, 'OPL': 0.026253796867971912, 'PGE': 0.02457440772126932, 'CCC': 0.014150650572702192, 'ALR': 0.012885118673565739, 'TPE': 0.007674873746312041, 'JSW': 0.004590548153924401}"
382,2020-06-18,92232.15130825542,1.4551915228366852e-11,"{'PKO': 0.16074868954280752, 'PZU': 0.12283827656772936, 'CDR': 0.12143225102402441, 'PKN': 0.11541389536599683, 'PEO': 0.09689596173345197, 'KGH': 0.06752952272457473, 'LPP': 0.0583364463385069, 'SPL': 0.05372411622418429, 'DNP': 0.04355629711029622, 'CPS': 0.04286036347557316, 'MBK': 0.026534784157108922, 'OPL': 0.026253796867971912, 'PGE': 0.02457440772126932, 'CCC': 0.014150650572702192, 'ALR': 0.012885118673565739, 'TPE': 0.007674873746312041, 'JSW': 0.004590548153924401}"
383,2020-06-19,92881.68310563131,1.4551915228366852e-11,"{'CDR': 0.16699416514607174, 'PKO': 0.13129812975174315, 'PKN': 0.13077264777232378, 'PZU': 0.11921983739004678, 'KGH': 0.07891692820157131, 'PEO': 0.06468104245827594, 'DNP': 0.06079225314871695, 'LPP': 0.058802769468161015, 'CPS': 0.049103619034471385, 'SPL': 0.035840765600524585, 'OPL': 0.03003819764134296, 'PGE': 0.02417217105329077, 'MBK': 0.017301939496093953, 'CCC': 0.009787101866685665, 'TPE': 0.008672679278976378, 'ALR': 0.008642619928458745, 'JSW': 0.004963132763244761}"
384,2020-06-22,92348.47609242966,1.4551915228366852e-11,"{'CDR': 0.16699416514607174, 'PKO': 0.13129812975174315, 'PKN': 0.13077264777232378, 'PZU': 0.11921983739004678, 'KGH': 0.07891692820157131, 'PEO': 0.06468104245827594, 'DNP': 0.06079225314871695, 'LPP': 0.058802769468161015, 'CPS': 0.049103619034471385, 'SPL': 0.035840765600524585, 'OPL': 0.03003819764134296, 'PGE': 0.02417217105329077, 'MBK': 0.017301939496093953, 'CCC': 0.009787101866685665, 'TPE': 0.008672679278976378, 'ALR': 0.008642619928458745, 'JSW': 0.004963132763244761}"
385,2020-06-23,94115.27179985431,1.4551915228366852e-11,"{'CDR': 0.16699416514607174, 'PKO': 0.13129812975174315, 'PKN': 0.13077264777232378, 'PZU': 0.11921983739004678, 'KGH': 0.07891692820157131, 'PEO': 0.06468104245827594, 'DNP': 0.06079225314871695, 'LPP': 0.058802769468161015, 'CPS': 0.049103619034471385, 'SPL': 0.035840765600524585, 'OPL': 0.03003819764134296, 'PGE': 0.02417217105329077, 'MBK': 0.017301939496093953, 'CCC': 0.009787101866685665, 'TPE': 0.008672679278976378, 'ALR': 0.008642619928458745, 'JSW': 0.004963132763244761}"
386,2020-06-24,91957.39659253809,1.4551915228366852e-11,"{'CDR': 0.16699416514607174, 'PKO': 0.13129812975174315, 'PKN': 0.13077264777232378, 'PZU': 0.11921983739004678, 'KGH': 0.07891692820157131, 'PEO': 0.06468104245827594, 'DNP': 0.06079225314871695, 'LPP': 0.058802769468161015, 'CPS': 0.049103619034471385, 'SPL': 0.035840765600524585, 'OPL': 0.03003819764134296, 'PGE': 0.02417217105329077, 'MBK': 0.017301939496093953, 'CCC': 0.009787101866685665, 'TPE': 0.008672679278976378, 'ALR': 0.008642619928458745, 'JSW': 0.004963132763244761}"
387,2020-06-25,92442.43150068814,1.4551915228366852e-11,"{'CDR': 0.16699416514607174, 'PKO': 0.13129812975174315, 'PKN': 0.13077264777232378, 'PZU': 0.11921983739004678, 'KGH': 0.07891692820157131, 'PEO': 0.06468104245827594, 'DNP': 0.06079225314871695, 'LPP': 0.058802769468161015, 'CPS': 0.049103619034471385, 'SPL': 0.035840765600524585, 'OPL': 0.03003819764134296, 'PGE': 0.02417217105329077, 'MBK': 0.017301939496093953, 'CCC': 0.009787101866685665, 'TPE': 0.008672679278976378, 'ALR': 0.008642619928458745, 'JSW': 0.004963132763244761}"
388,2020-06-26,90556.77091614777,1.4551915228366852e-11,"{'CDR': 0.16699416514607174, 'PKO': 0.13129812975174315, 'PKN': 0.13077264777232378, 'PZU': 0.11921983739004678, 'KGH': 0.07891692820157131, 'PEO': 0.06468104245827594, 'DNP': 0.06079225314871695, 'LPP': 0.058802769468161015, 'CPS': 0.049103619034471385, 'SPL': 0.035840765600524585, 'OPL': 0.03003819764134296, 'PGE': 0.02417217105329077, 'MBK': 0.017301939496093953, 'CCC': 0.009787101866685665, 'TPE': 0.008672679278976378, 'ALR': 0.008642619928458745, 'JSW': 0.004963132763244761}"
389,2020-06-29,91016.51951400338,1.4551915228366852e-11,"{'CDR': 0.16699416514607174, 'PKO': 0.13129812975174315, 'PKN': 0.13077264777232378, 'PZU': 0.11921983739004678, 'KGH': 0.07891692820157131, 'PEO': 0.06468104245827594, 'DNP': 0.06079225314871695, 'LPP': 0.058802769468161015, 'CPS': 0.049103619034471385, 'SPL': 0.035840765600524585, 'OPL': 0.03003819764134296, 'PGE': 0.02417217105329077, 'MBK': 0.017301939496093953, 'CCC': 0.009787101866685665, 'TPE': 0.008672679278976378, 'ALR': 0.008642619928458745, 'JSW': 0.004963132763244761}"
390,2020-06-30,90322.06188589432,1.4551915228366852e-11,"{'CDR': 0.16699416514607174, 'PKO': 0.13129812975174315, 'PKN': 0.13077264777232378, 'PZU': 0.11921983739004678, 'KGH': 0.07891692820157131, 'PEO': 0.06468104245827594, 'DNP': 0.06079225314871695, 'LPP': 0.058802769468161015, 'CPS': 0.049103619034471385, 'SPL': 0.035840765600524585, 'OPL': 0.03003819764134296, 'PGE': 0.02417217105329077, 'MBK': 0.017301939496093953, 'CCC': 0.009787101866685665, 'TPE': 0.008672679278976378, 'ALR': 0.008642619928458745, 'JSW': 0.004963132763244761}"
391,2020-07-01,91001.58302059828,1.4551915228366852e-11,"{'CDR': 0.16699416514607174, 'PKO': 0.13129812975174315, 'PKN': 0.13077264777232378, 'PZU': 0.11921983739004678, 'KGH': 0.07891692820157131, 'PEO': 0.06468104245827594, 'DNP': 0.06079225314871695, 'LPP': 0.058802769468161015, 'CPS': 0.049103619034471385, 'SPL': 0.035840765600524585, 'OPL': 0.03003819764134296, 'PGE': 0.02417217105329077, 'MBK': 0.017301939496093953, 'CCC': 0.009787101866685665, 'TPE': 0.008672679278976378, 'ALR': 0.008642619928458745, 'JSW': 0.004963132763244761}"
392,2020-07-02,92534.75137092723,1.4551915228366852e-11,"{'CDR': 0.16699416514607174, 'PKO': 0.13129812975174315, 'PKN': 0.13077264777232378, 'PZU': 0.11921983739004678, 'KGH': 0.07891692820157131, 'PEO': 0.06468104245827594, 'DNP': 0.06079225314871695, 'LPP': 0.058802769468161015, 'CPS': 0.049103619034471385, 'SPL': 0.035840765600524585, 'OPL': 0.03003819764134296, 'PGE': 0.02417217105329077, 'MBK': 0.017301939496093953, 'CCC': 0.009787101866685665, 'TPE': 0.008672679278976378, 'ALR': 0.008642619928458745, 'JSW': 0.004963132763244761}"
393,2020-07-03,92440.71909886133,1.4551915228366852e-11,"{'CDR': 0.16699416514607174, 'PKO': 0.13129812975174315, 'PKN': 0.13077264777232378, 'PZU': 0.11921983739004678, 'KGH': 0.07891692820157131, 'PEO': 0.06468104245827594, 'DNP': 0.06079225314871695, 'LPP': 0.058802769468161015, 'CPS': 0.049103619034471385, 'SPL': 0.035840765600524585, 'OPL': 0.03003819764134296, 'PGE': 0.02417217105329077, 'MBK': 0.017301939496093953, 'CCC': 0.009787101866685665, 'TPE': 0.008672679278976378, 'ALR': 0.008642619928458745, 'JSW': 0.004963132763244761}"
394,2020-07-06,93330.78209286588,1.4551915228366852e-11,"{'CDR': 0.16699416514607174, 'PKO': 0.13129812975174315, 'PKN': 0.13077264777232378, 'PZU': 0.11921983739004678, 'KGH': 0.07891692820157131, 'PEO': 0.06468104245827594, 'DNP': 0.06079225314871695, 'LPP': 0.058802769468161015, 'CPS': 0.049103619034471385, 'SPL': 0.035840765600524585, 'OPL': 0.03003819764134296, 'PGE': 0.02417217105329077, 'MBK': 0.017301939496093953, 'CCC': 0.009787101866685665, 'TPE': 0.008672679278976378, 'ALR': 0.008642619928458745, 'JSW': 0.004963132763244761}"
395,2020-07-07,92476.08228043892,1.4551915228366852e-11,"{'CDR': 0.16699416514607174, 'PKO': 0.13129812975174315, 'PKN': 0.13077264777232378, 'PZU': 0.11921983739004678, 'KGH': 0.07891692820157131, 'PEO': 0.06468104245827594, 'DNP': 0.06079225314871695, 'LPP': 0.058802769468161015, 'CPS': 0.049103619034471385, 'SPL': 0.035840765600524585, 'OPL': 0.03003819764134296, 'PGE': 0.02417217105329077, 'MBK': 0.017301939496093953, 'CCC': 0.009787101866685665, 'TPE': 0.008672679278976378, 'ALR': 0.008642619928458745, 'JSW': 0.004963132763244761}"
396,2020-07-08,91749.20702624423,1.4551915228366852e-11,"{'CDR': 0.16699416514607174, 'PKO': 0.13129812975174315, 'PKN': 0.13077264777232378, 'PZU': 0.11921983739004678, 'KGH': 0.07891692820157131, 'PEO': 0.06468104245827594, 'DNP': 0.06079225314871695, 'LPP': 0.058802769468161015, 'CPS': 0.049103619034471385, 'SPL': 0.035840765600524585, 'OPL': 0.03003819764134296, 'PGE': 0.02417217105329077, 'MBK': 0.017301939496093953, 'CCC': 0.009787101866685665, 'TPE': 0.008672679278976378, 'ALR': 0.008642619928458745, 'JSW': 0.004963132763244761}"
397,2020-07-09,91710.29999041918,1.4551915228366852e-11,"{'CDR': 0.16699416514607174, 'PKO': 0.13129812975174315, 'PKN': 0.13077264777232378, 'PZU': 0.11921983739004678, 'KGH': 0.07891692820157131, 'PEO': 0.06468104245827594, 'DNP': 0.06079225314871695, 'LPP': 0.058802769468161015, 'CPS': 0.049103619034471385, 'SPL': 0.035840765600524585, 'OPL': 0.03003819764134296, 'PGE': 0.02417217105329077, 'MBK': 0.017301939496093953, 'CCC': 0.009787101866685665, 'TPE': 0.008672679278976378, 'ALR': 0.008642619928458745, 'JSW': 0.004963132763244761}"
398,2020-07-10,91960.45311937423,1.4551915228366852e-11,"{'CDR': 0.16699416514607174, 'PKO': 0.13129812975174315, 'PKN': 0.13077264777232378, 'PZU': 0.11921983739004678, 'KGH': 0.07891692820157131, 'PEO': 0.06468104245827594, 'DNP': 0.06079225314871695, 'LPP': 0.058802769468161015, 'CPS': 0.049103619034471385, 'SPL': 0.035840765600524585, 'OPL': 0.03003819764134296, 'PGE': 0.02417217105329077, 'MBK': 0.017301939496093953, 'CCC': 0.009787101866685665, 'TPE': 0.008672679278976378, 'ALR': 0.008642619928458745, 'JSW': 0.004963132763244761}"
399,2020-07-13,92325.17370721049,1.4551915228366852e-11,"{'CDR': 0.16699416514607174, 'PKO': 0.13129812975174315, 'PKN': 0.13077264777232378, 'PZU': 0.11921983739004678, 'KGH': 0.07891692820157131, 'PEO': 0.06468104245827594, 'DNP': 0.06079225314871695, 'LPP': 0.058802769468161015, 'CPS': 0.049103619034471385, 'SPL': 0.035840765600524585, 'OPL': 0.03003819764134296, 'PGE': 0.02417217105329077, 'MBK': 0.017301939496093953, 'CCC': 0.009787101866685665, 'TPE': 0.008672679278976378, 'ALR': 0.008642619928458745, 'JSW': 0.004963132763244761}"
400,2020-07-14,90191.7991081013,1.4551915228366852e-11,"{'CDR': 0.16699416514607174, 'PKO': 0.13129812975174315, 'PKN': 0.13077264777232378, 'PZU': 0.11921983739004678, 'KGH': 0.07891692820157131, 'PEO': 0.06468104245827594, 'DNP': 0.06079225314871695, 'LPP': 0.058802769468161015, 'CPS': 0.049103619034471385, 'SPL': 0.035840765600524585, 'OPL': 0.03003819764134296, 'PGE': 0.02417217105329077, 'MBK': 0.017301939496093953, 'CCC': 0.009787101866685665, 'TPE': 0.008672679278976378, 'ALR': 0.008642619928458745, 'JSW': 0.004963132763244761}"
401,2020-07-15,91471.84258279826,1.4551915228366852e-11,"{'CDR': 0.16699416514607174, 'PKO': 0.13129812975174315, 'PKN': 0.13077264777232378, 'PZU': 0.11921983739004678, 'KGH': 0.07891692820157131, 'PEO': 0.06468104245827594, 'DNP': 0.06079225314871695, 'LPP': 0.058802769468161015, 'CPS': 0.049103619034471385, 'SPL': 0.035840765600524585, 'OPL': 0.03003819764134296, 'PGE': 0.02417217105329077, 'MBK': 0.017301939496093953, 'CCC': 0.009787101866685665, 'TPE': 0.008672679278976378, 'ALR': 0.008642619928458745, 'JSW': 0.004963132763244761}"
402,2020-07-16,91951.97026998673,1.4551915228366852e-11,"{'CDR': 0.16699416514607174, 'PKO': 0.13129812975174315, 'PKN': 0.13077264777232378, 'PZU': 0.11921983739004678, 'KGH': 0.07891692820157131, 'PEO': 0.06468104245827594, 'DNP': 0.06079225314871695, 'LPP': 0.058802769468161015, 'CPS': 0.049103619034471385, 'SPL': 0.035840765600524585, 'OPL': 0.03003819764134296, 'PGE': 0.02417217105329077, 'MBK': 0.017301939496093953, 'CCC': 0.009787101866685665, 'TPE': 0.008672679278976378, 'ALR': 0.008642619928458745, 'JSW': 0.004963132763244761}"
403,2020-07-17,91780.64841890737,1.4551915228366852e-11,"{'CDR': 0.16699416514607174, 'PKO': 0.13129812975174315, 'PKN': 0.13077264777232378, 'PZU': 0.11921983739004678, 'KGH': 0.07891692820157131, 'PEO': 0.06468104245827594, 'DNP': 0.06079225314871695, 'LPP': 0.058802769468161015, 'CPS': 0.049103619034471385, 'SPL': 0.035840765600524585, 'OPL': 0.03003819764134296, 'PGE': 0.02417217105329077, 'MBK': 0.017301939496093953, 'CCC': 0.009787101866685665, 'TPE': 0.008672679278976378, 'ALR': 0.008642619928458745, 'JSW': 0.004963132763244761}"
404,2020-07-20,93972.93864503728,1.4551915228366852e-11,"{'CDR': 0.16699416514607174, 'PKO': 0.13129812975174315, 'PKN': 0.13077264777232378, 'PZU': 0.11921983739004678, 'KGH': 0.07891692820157131, 'PEO': 0.06468104245827594, 'DNP': 0.06079225314871695, 'LPP': 0.058802769468161015, 'CPS': 0.049103619034471385, 'SPL': 0.035840765600524585, 'OPL': 0.03003819764134296, 'PGE': 0.02417217105329077, 'MBK': 0.017301939496093953, 'CCC': 0.009787101866685665, 'TPE': 0.008672679278976378, 'ALR': 0.008642619928458745, 'JSW': 0.004963132763244761}"
405,2020-07-21,94332.50188907802,1.4551915228366852e-11,"{'CDR': 0.16699416514607174, 'PKO': 0.13129812975174315, 'PKN': 0.13077264777232378, 'PZU': 0.11921983739004678, 'KGH': 0.07891692820157131, 'PEO': 0.06468104245827594, 'DNP': 0.06079225314871695, 'LPP': 0.058802769468161015, 'CPS': 0.049103619034471385, 'SPL': 0.035840765600524585, 'OPL': 0.03003819764134296, 'PGE': 0.02417217105329077, 'MBK': 0.017301939496093953, 'CCC': 0.009787101866685665, 'TPE': 0.008672679278976378, 'ALR': 0.008642619928458745, 'JSW': 0.004963132763244761}"
406,2020-07-22,93487.56437222514,1.4551915228366852e-11,"{'CDR': 0.16699416514607174, 'PKO': 0.13129812975174315, 'PKN': 0.13077264777232378, 'PZU': 0.11921983739004678, 'KGH': 0.07891692820157131, 'PEO': 0.06468104245827594, 'DNP': 0.06079225314871695, 'LPP': 0.058802769468161015, 'CPS': 0.049103619034471385, 'SPL': 0.035840765600524585, 'OPL': 0.03003819764134296, 'PGE': 0.02417217105329077, 'MBK': 0.017301939496093953, 'CCC': 0.009787101866685665, 'TPE': 0.008672679278976378, 'ALR': 0.008642619928458745, 'JSW': 0.004963132763244761}"
407,2020-07-23,93010.43507131157,1.4551915228366852e-11,"{'CDR': 0.16699416514607174, 'PKO': 0.13129812975174315, 'PKN': 0.13077264777232378, 'PZU': 0.11921983739004678, 'KGH': 0.07891692820157131, 'PEO': 0.06468104245827594, 'DNP': 0.06079225314871695, 'LPP': 0.058802769468161015, 'CPS': 0.049103619034471385, 'SPL': 0.035840765600524585, 'OPL': 0.03003819764134296, 'PGE': 0.02417217105329077, 'MBK': 0.017301939496093953, 'CCC': 0.009787101866685665, 'TPE': 0.008672679278976378, 'ALR': 0.008642619928458745, 'JSW': 0.004963132763244761}"
408,2020-07-24,92563.64379566441,1.4551915228366852e-11,"{'CDR': 0.16699416514607174, 'PKO': 0.13129812975174315, 'PKN': 0.13077264777232378, 'PZU': 0.11921983739004678, 'KGH': 0.07891692820157131, 'PEO': 0.06468104245827594, 'DNP': 0.06079225314871695, 'LPP': 0.058802769468161015, 'CPS': 0.049103619034471385, 'SPL': 0.035840765600524585, 'OPL': 0.03003819764134296, 'PGE': 0.02417217105329077, 'MBK': 0.017301939496093953, 'CCC': 0.009787101866685665, 'TPE': 0.008672679278976378, 'ALR': 0.008642619928458745, 'JSW': 0.004963132763244761}"
409,2020-07-27,93611.97646924412,1.4551915228366852e-11,"{'CDR': 0.16699416514607174, 'PKO': 0.13129812975174315, 'PKN': 0.13077264777232378, 'PZU': 0.11921983739004678, 'KGH': 0.07891692820157131, 'PEO': 0.06468104245827594, 'DNP': 0.06079225314871695, 'LPP': 0.058802769468161015, 'CPS': 0.049103619034471385, 'SPL': 0.035840765600524585, 'OPL': 0.03003819764134296, 'PGE': 0.02417217105329077, 'MBK': 0.017301939496093953, 'CCC': 0.009787101866685665, 'TPE': 0.008672679278976378, 'ALR': 0.008642619928458745, 'JSW': 0.004963132763244761}"
410,2020-07-28,93280.44838716439,1.4551915228366852e-11,"{'CDR': 0.16699416514607174, 'PKO': 0.13129812975174315, 'PKN': 0.13077264777232378, 'PZU': 0.11921983739004678, 'KGH': 0.07891692820157131, 'PEO': 0.06468104245827594, 'DNP': 0.06079225314871695, 'LPP': 0.058802769468161015, 'CPS': 0.049103619034471385, 'SPL': 0.035840765600524585, 'OPL': 0.03003819764134296, 'PGE': 0.02417217105329077, 'MBK': 0.017301939496093953, 'CCC': 0.009787101866685665, 'TPE': 0.008672679278976378, 'ALR': 0.008642619928458745, 'JSW': 0.004963132763244761}"
411,2020-07-29,93572.06090048201,1.4551915228366852e-11,"{'CDR': 0.16699416514607174, 'PKO': 0.13129812975174315, 'PKN': 0.13077264777232378, 'PZU': 0.11921983739004678, 'KGH': 0.07891692820157131, 'PEO': 0.06468104245827594, 'DNP': 0.06079225314871695, 'LPP': 0.058802769468161015, 'CPS': 0.049103619034471385, 'SPL': 0.035840765600524585, 'OPL': 0.03003819764134296, 'PGE': 0.02417217105329077, 'MBK': 0.017301939496093953, 'CCC': 0.009787101866685665, 'TPE': 0.008672679278976378, 'ALR': 0.008642619928458745, 'JSW': 0.004963132763244761}"
412,2020-07-30,90539.12468510585,1.4551915228366852e-11,"{'CDR': 0.16699416514607174, 'PKO': 0.13129812975174315, 'PKN': 0.13077264777232378, 'PZU': 0.11921983739004678, 'KGH': 0.07891692820157131, 'PEO': 0.06468104245827594, 'DNP': 0.06079225314871695, 'LPP': 0.058802769468161015, 'CPS': 0.049103619034471385, 'SPL': 0.035840765600524585, 'OPL': 0.03003819764134296, 'PGE': 0.02417217105329077, 'MBK': 0.017301939496093953, 'CCC': 0.009787101866685665, 'TPE': 0.008672679278976378, 'ALR': 0.008642619928458745, 'JSW': 0.004963132763244761}"
413,2020-07-31,90889.71854425667,1.4551915228366852e-11,"{'CDR': 0.16699416514607174, 'PKO': 0.13129812975174315, 'PKN': 0.13077264777232378, 'PZU': 0.11921983739004678, 'KGH': 0.07891692820157131, 'PEO': 0.06468104245827594, 'DNP': 0.06079225314871695, 'LPP': 0.058802769468161015, 'CPS': 0.049103619034471385, 'SPL': 0.035840765600524585, 'OPL': 0.03003819764134296, 'PGE': 0.02417217105329077, 'MBK': 0.017301939496093953, 'CCC': 0.009787101866685665, 'TPE': 0.008672679278976378, 'ALR': 0.008642619928458745, 'JSW': 0.004963132763244761}"
414,2020-08-03,93001.34984262804,1.4551915228366852e-11,"{'CDR': 0.16699416514607174, 'PKO': 0.13129812975174315, 'PKN': 0.13077264777232378, 'PZU': 0.11921983739004678, 'KGH': 0.07891692820157131, 'PEO': 0.06468104245827594, 'DNP': 0.06079225314871695, 'LPP': 0.058802769468161015, 'CPS': 0.049103619034471385, 'SPL': 0.035840765600524585, 'OPL': 0.03003819764134296, 'PGE': 0.02417217105329077, 'MBK': 0.017301939496093953, 'CCC': 0.009787101866685665, 'TPE': 0.008672679278976378, 'ALR': 0.008642619928458745, 'JSW': 0.004963132763244761}"
415,2020-08-04,93482.6069283403,1.4551915228366852e-11,"{'CDR': 0.16699416514607174, 'PKO': 0.13129812975174315, 'PKN': 0.13077264777232378, 'PZU': 0.11921983739004678, 'KGH': 0.07891692820157131, 'PEO': 0.06468104245827594, 'DNP': 0.06079225314871695, 'LPP': 0.058802769468161015, 'CPS': 0.049103619034471385, 'SPL': 0.035840765600524585, 'OPL': 0.03003819764134296, 'PGE': 0.02417217105329077, 'MBK': 0.017301939496093953, 'CCC': 0.009787101866685665, 'TPE': 0.008672679278976378, 'ALR': 0.008642619928458745, 'JSW': 0.004963132763244761}"
416,2020-08-05,94400.04367496575,1.4551915228366852e-11,"{'CDR': 0.16699416514607174, 'PKO': 0.13129812975174315, 'PKN': 0.13077264777232378, 'PZU': 0.11921983739004678, 'KGH': 0.07891692820157131, 'PEO': 0.06468104245827594, 'DNP': 0.06079225314871695, 'LPP': 0.058802769468161015, 'CPS': 0.049103619034471385, 'SPL': 0.035840765600524585, 'OPL': 0.03003819764134296, 'PGE': 0.02417217105329077, 'MBK': 0.017301939496093953, 'CCC': 0.009787101866685665, 'TPE': 0.008672679278976378, 'ALR': 0.008642619928458745, 'JSW': 0.004963132763244761}"
417,2020-08-06,93732.9872452014,1.4551915228366852e-11,"{'CDR': 0.16699416514607174, 'PKO': 0.13129812975174315, 'PKN': 0.13077264777232378, 'PZU': 0.11921983739004678, 'KGH': 0.07891692820157131, 'PEO': 0.06468104245827594, 'DNP': 0.06079225314871695, 'LPP': 0.058802769468161015, 'CPS': 0.049103619034471385, 'SPL': 0.035840765600524585, 'OPL': 0.03003819764134296, 'PGE': 0.02417217105329077, 'MBK': 0.017301939496093953, 'CCC': 0.009787101866685665, 'TPE': 0.008672679278976378, 'ALR': 0.008642619928458745, 'JSW': 0.004963132763244761}"
418,2020-08-07,93806.34141824191,1.4551915228366852e-11,"{'CDR': 0.16699416514607174, 'PKO': 0.13129812975174315, 'PKN': 0.13077264777232378, 'PZU': 0.11921983739004678, 'KGH': 0.07891692820157131, 'PEO': 0.06468104245827594, 'DNP': 0.06079225314871695, 'LPP': 0.058802769468161015, 'CPS': 0.049103619034471385, 'SPL': 0.035840765600524585, 'OPL': 0.03003819764134296, 'PGE': 0.02417217105329077, 'MBK': 0.017301939496093953, 'CCC': 0.009787101866685665, 'TPE': 0.008672679278976378, 'ALR': 0.008642619928458745, 'JSW': 0.004963132763244761}"
419,2020-08-10,94173.27976869767,1.4551915228366852e-11,"{'CDR': 0.16699416514607174, 'PKO': 0.13129812975174315, 'PKN': 0.13077264777232378, 'PZU': 0.11921983739004678, 'KGH': 0.07891692820157131, 'PEO': 0.06468104245827594, 'DNP': 0.06079225314871695, 'LPP': 0.058802769468161015, 'CPS': 0.049103619034471385, 'SPL': 0.035840765600524585, 'OPL': 0.03003819764134296, 'PGE': 0.02417217105329077, 'MBK': 0.017301939496093953, 'CCC': 0.009787101866685665, 'TPE': 0.008672679278976378, 'ALR': 0.008642619928458745, 'JSW': 0.004963132763244761}"
420,2020-08-11,95436.73518202899,1.4551915228366852e-11,"{'CDR': 0.16699416514607174, 'PKO': 0.13129812975174315, 'PKN': 0.13077264777232378, 'PZU': 0.11921983739004678, 'KGH': 0.07891692820157131, 'PEO': 0.06468104245827594, 'DNP': 0.06079225314871695, 'LPP': 0.058802769468161015, 'CPS': 0.049103619034471385, 'SPL': 0.035840765600524585, 'OPL': 0.03003819764134296, 'PGE': 0.02417217105329077, 'MBK': 0.017301939496093953, 'CCC': 0.009787101866685665, 'TPE': 0.008672679278976378, 'ALR': 0.008642619928458745, 'JSW': 0.004963132763244761}"
421,2020-08-12,95997.524695334,1.4551915228366852e-11,"{'CDR': 0.16699416514607174, 'PKO': 0.13129812975174315, 'PKN': 0.13077264777232378, 'PZU': 0.11921983739004678, 'KGH': 0.07891692820157131, 'PEO': 0.06468104245827594, 'DNP': 0.06079225314871695, 'LPP': 0.058802769468161015, 'CPS': 0.049103619034471385, 'SPL': 0.035840765600524585, 'OPL': 0.03003819764134296, 'PGE': 0.02417217105329077, 'MBK': 0.017301939496093953, 'CCC': 0.009787101866685665, 'TPE': 0.008672679278976378, 'ALR': 0.008642619928458745, 'JSW': 0.004963132763244761}"
422,2020-08-13,96050.67143658275,1.4551915228366852e-11,"{'CDR': 0.16699416514607174, 'PKO': 0.13129812975174315, 'PKN': 0.13077264777232378, 'PZU': 0.11921983739004678, 'KGH': 0.07891692820157131, 'PEO': 0.06468104245827594, 'DNP': 0.06079225314871695, 'LPP': 0.058802769468161015, 'CPS': 0.049103619034471385, 'SPL': 0.035840765600524585, 'OPL': 0.03003819764134296, 'PGE': 0.02417217105329077, 'MBK': 0.017301939496093953, 'CCC': 0.009787101866685665, 'TPE': 0.008672679278976378, 'ALR': 0.008642619928458745, 'JSW': 0.004963132763244761}"
423,2020-08-14,95927.00894496191,1.4551915228366852e-11,"{'CDR': 0.16699416514607174, 'PKO': 0.13129812975174315, 'PKN': 0.13077264777232378, 'PZU': 0.11921983739004678, 'KGH': 0.07891692820157131, 'PEO': 0.06468104245827594, 'DNP': 0.06079225314871695, 'LPP': 0.058802769468161015, 'CPS': 0.049103619034471385, 'SPL': 0.035840765600524585, 'OPL': 0.03003819764134296, 'PGE': 0.02417217105329077, 'MBK': 0.017301939496093953, 'CCC': 0.009787101866685665, 'TPE': 0.008672679278976378, 'ALR': 0.008642619928458745, 'JSW': 0.004963132763244761}"
424,2020-08-17,96337.58629497545,1.4551915228366852e-11,"{'CDR': 0.16699416514607174, 'PKO': 0.13129812975174315, 'PKN': 0.13077264777232378, 'PZU': 0.11921983739004678, 'KGH': 0.07891692820157131, 'PEO': 0.06468104245827594, 'DNP': 0.06079225314871695, 'LPP': 0.058802769468161015, 'CPS': 0.049103619034471385, 'SPL': 0.035840765600524585, 'OPL': 0.03003819764134296, 'PGE': 0.02417217105329077, 'MBK': 0.017301939496093953, 'CCC': 0.009787101866685665, 'TPE': 0.008672679278976378, 'ALR': 0.008642619928458745, 'JSW': 0.004963132763244761}"
425,2020-08-18,95136.18688323737,1.4551915228366852e-11,"{'CDR': 0.16699416514607174, 'PKO': 0.13129812975174315, 'PKN': 0.13077264777232378, 'PZU': 0.11921983739004678, 'KGH': 0.07891692820157131, 'PEO': 0.06468104245827594, 'DNP': 0.06079225314871695, 'LPP': 0.058802769468161015, 'CPS': 0.049103619034471385, 'SPL': 0.035840765600524585, 'OPL': 0.03003819764134296, 'PGE': 0.02417217105329077, 'MBK': 0.017301939496093953, 'CCC': 0.009787101866685665, 'TPE': 0.008672679278976378, 'ALR': 0.008642619928458745, 'JSW': 0.004963132763244761}"
426,2020-08-19,94884.84317430033,1.4551915228366852e-11,"{'CDR': 0.16699416514607174, 'PKO': 0.13129812975174315, 'PKN': 0.13077264777232378, 'PZU': 0.11921983739004678, 'KGH': 0.07891692820157131, 'PEO': 0.06468104245827594, 'DNP': 0.06079225314871695, 'LPP': 0.058802769468161015, 'CPS': 0.049103619034471385, 'SPL': 0.035840765600524585, 'OPL': 0.03003819764134296, 'PGE': 0.02417217105329077, 'MBK': 0.017301939496093953, 'CCC': 0.009787101866685665, 'TPE': 0.008672679278976378, 'ALR': 0.008642619928458745, 'JSW': 0.004963132763244761}"
427,2020-08-20,93884.14260320498,1.4551915228366852e-11,"{'CDR': 0.16699416514607174, 'PKO': 0.13129812975174315, 'PKN': 0.13077264777232378, 'PZU': 0.11921983739004678, 'KGH': 0.07891692820157131, 'PEO': 0.06468104245827594, 'DNP': 0.06079225314871695, 'LPP': 0.058802769468161015, 'CPS': 0.049103619034471385, 'SPL': 0.035840765600524585, 'OPL': 0.03003819764134296, 'PGE': 0.02417217105329077, 'MBK': 0.017301939496093953, 'CCC': 0.009787101866685665, 'TPE': 0.008672679278976378, 'ALR': 0.008642619928458745, 'JSW': 0.004963132763244761}"
428,2020-08-21,94282.3519009495,1.4551915228366852e-11,"{'CDR': 0.16699416514607174, 'PKO': 0.13129812975174315, 'PKN': 0.13077264777232378, 'PZU': 0.11921983739004678, 'KGH': 0.07891692820157131, 'PEO': 0.06468104245827594, 'DNP': 0.06079225314871695, 'LPP': 0.058802769468161015, 'CPS': 0.049103619034471385, 'SPL': 0.035840765600524585, 'OPL': 0.03003819764134296, 'PGE': 0.02417217105329077, 'MBK': 0.017301939496093953, 'CCC': 0.009787101866685665, 'TPE': 0.008672679278976378, 'ALR': 0.008642619928458745, 'JSW': 0.004963132763244761}"
429,2020-08-24,95352.47755081543,1.4551915228366852e-11,"{'CDR': 0.16699416514607174, 'PKO': 0.13129812975174315, 'PKN': 0.13077264777232378, 'PZU': 0.11921983739004678, 'KGH': 0.07891692820157131, 'PEO': 0.06468104245827594, 'DNP': 0.06079225314871695, 'LPP': 0.058802769468161015, 'CPS': 0.049103619034471385, 'SPL': 0.035840765600524585, 'OPL': 0.03003819764134296, 'PGE': 0.02417217105329077, 'MBK': 0.017301939496093953, 'CCC': 0.009787101866685665, 'TPE': 0.008672679278976378, 'ALR': 0.008642619928458745, 'JSW': 0.004963132763244761}"
430,2020-08-25,94172.87769554748,1.4551915228366852e-11,"{'CDR': 0.16699416514607174, 'PKO': 0.13129812975174315, 'PKN': 0.13077264777232378, 'PZU': 0.11921983739004678, 'KGH': 0.07891692820157131, 'PEO': 0.06468104245827594, 'DNP': 0.06079225314871695, 'LPP': 0.058802769468161015, 'CPS': 0.049103619034471385, 'SPL': 0.035840765600524585, 'OPL': 0.03003819764134296, 'PGE': 0.02417217105329077, 'MBK': 0.017301939496093953, 'CCC': 0.009787101866685665, 'TPE': 0.008672679278976378, 'ALR': 0.008642619928458745, 'JSW': 0.004963132763244761}"
431,2020-08-26,95831.71878841166,1.4551915228366852e-11,"{'CDR': 0.16699416514607174, 'PKO': 0.13129812975174315, 'PKN': 0.13077264777232378, 'PZU': 0.11921983739004678, 'KGH': 0.07891692820157131, 'PEO': 0.06468104245827594, 'DNP': 0.06079225314871695, 'LPP': 0.058802769468161015, 'CPS': 0.049103619034471385, 'SPL': 0.035840765600524585, 'OPL': 0.03003819764134296, 'PGE': 0.02417217105329077, 'MBK': 0.017301939496093953, 'CCC': 0.009787101866685665, 'TPE': 0.008672679278976378, 'ALR': 0.008642619928458745, 'JSW': 0.004963132763244761}"
432,2020-08-27,95957.95381631696,1.4551915228366852e-11,"{'CDR': 0.16699416514607174, 'PKO': 0.13129812975174315, 'PKN': 0.13077264777232378, 'PZU': 0.11921983739004678, 'KGH': 0.07891692820157131, 'PEO': 0.06468104245827594, 'DNP': 0.06079225314871695, 'LPP': 0.058802769468161015, 'CPS': 0.049103619034471385, 'SPL': 0.035840765600524585, 'OPL': 0.03003819764134296, 'PGE': 0.02417217105329077, 'MBK': 0.017301939496093953, 'CCC': 0.009787101866685665, 'TPE': 0.008672679278976378, 'ALR': 0.008642619928458745, 'JSW': 0.004963132763244761}"
433,2020-08-28,95017.9952836305,1.4551915228366852e-11,"{'CDR': 0.16699416514607174, 'PKO': 0.13129812975174315, 'PKN': 0.13077264777232378, 'PZU': 0.11921983739004678, 'KGH': 0.07891692820157131, 'PEO': 0.06468104245827594, 'DNP': 0.06079225314871695, 'LPP': 0.058802769468161015, 'CPS': 0.049103619034471385, 'SPL': 0.035840765600524585, 'OPL': 0.03003819764134296, 'PGE': 0.02417217105329077, 'MBK': 0.017301939496093953, 'CCC': 0.009787101866685665, 'TPE': 0.008672679278976378, 'ALR': 0.008642619928458745, 'JSW': 0.004963132763244761}"
434,2020-08-31,93602.98617273191,1.4551915228366852e-11,"{'CDR': 0.16699416514607174, 'PKO': 0.13129812975174315, 'PKN': 0.13077264777232378, 'PZU': 0.11921983739004678, 'KGH': 0.07891692820157131, 'PEO': 0.06468104245827594, 'DNP': 0.06079225314871695, 'LPP': 0.058802769468161015, 'CPS': 0.049103619034471385, 'SPL': 0.035840765600524585, 'OPL': 0.03003819764134296, 'PGE': 0.02417217105329077, 'MBK': 0.017301939496093953, 'CCC': 0.009787101866685665, 'TPE': 0.008672679278976378, 'ALR': 0.008642619928458745, 'JSW': 0.004963132763244761}"
435,2020-09-01,92278.37448751408,1.4551915228366852e-11,"{'CDR': 0.16699416514607174, 'PKO': 0.13129812975174315, 'PKN': 0.13077264777232378, 'PZU': 0.11921983739004678, 'KGH': 0.07891692820157131, 'PEO': 0.06468104245827594, 'DNP': 0.06079225314871695, 'LPP': 0.058802769468161015, 'CPS': 0.049103619034471385, 'SPL': 0.035840765600524585, 'OPL': 0.03003819764134296, 'PGE': 0.02417217105329077, 'MBK': 0.017301939496093953, 'CCC': 0.009787101866685665, 'TPE': 0.008672679278976378, 'ALR': 0.008642619928458745, 'JSW': 0.004963132763244761}"
436,2020-09-02,92874.50561181073,1.4551915228366852e-11,"{'CDR': 0.16699416514607174, 'PKO': 0.13129812975174315, 'PKN': 0.13077264777232378, 'PZU': 0.11921983739004678, 'KGH': 0.07891692820157131, 'PEO': 0.06468104245827594, 'DNP': 0.06079225314871695, 'LPP': 0.058802769468161015, 'CPS': 0.049103619034471385, 'SPL': 0.035840765600524585, 'OPL': 0.03003819764134296, 'PGE': 0.02417217105329077, 'MBK': 0.017301939496093953, 'CCC': 0.009787101866685665, 'TPE': 0.008672679278976378, 'ALR': 0.008642619928458745, 'JSW': 0.004963132763244761}"
437,2020-09-03,92036.0241038627,1.4551915228366852e-11,"{'CDR': 0.16699416514607174, 'PKO': 0.13129812975174315, 'PKN': 0.13077264777232378, 'PZU': 0.11921983739004678, 'KGH': 0.07891692820157131, 'PEO': 0.06468104245827594, 'DNP': 0.06079225314871695, 'LPP': 0.058802769468161015, 'CPS': 0.049103619034471385, 'SPL': 0.035840765600524585, 'OPL': 0.03003819764134296, 'PGE': 0.02417217105329077, 'MBK': 0.017301939496093953, 'CCC': 0.009787101866685665, 'TPE': 0.008672679278976378, 'ALR': 0.008642619928458745, 'JSW': 0.004963132763244761}"
438,2020-09-04,91498.8567803699,1.4551915228366852e-11,"{'CDR': 0.16699416514607174, 'PKO': 0.13129812975174315, 'PKN': 0.13077264777232378, 'PZU': 0.11921983739004678, 'KGH': 0.07891692820157131, 'PEO': 0.06468104245827594, 'DNP': 0.06079225314871695, 'LPP': 0.058802769468161015, 'CPS': 0.049103619034471385, 'SPL': 0.035840765600524585, 'OPL': 0.03003819764134296, 'PGE': 0.02417217105329077, 'MBK': 0.017301939496093953, 'CCC': 0.009787101866685665, 'TPE': 0.008672679278976378, 'ALR': 0.008642619928458745, 'JSW': 0.004963132763244761}"
439,2020-09-07,92242.5573987419,1.4551915228366852e-11,"{'CDR': 0.16699416514607174, 'PKO': 0.13129812975174315, 'PKN': 0.13077264777232378, 'PZU': 0.11921983739004678, 'KGH': 0.07891692820157131, 'PEO': 0.06468104245827594, 'DNP': 0.06079225314871695, 'LPP': 0.058802769468161015, 'CPS': 0.049103619034471385, 'SPL': 0.035840765600524585, 'OPL': 0.03003819764134296, 'PGE': 0.02417217105329077, 'MBK': 0.017301939496093953, 'CCC': 0.009787101866685665, 'TPE': 0.008672679278976378, 'ALR': 0.008642619928458745, 'JSW': 0.004963132763244761}"
440,2020-09-08,90323.37022736794,1.4551915228366852e-11,"{'CDR': 0.16699416514607174, 'PKO': 0.13129812975174315, 'PKN': 0.13077264777232378, 'PZU': 0.11921983739004678, 'KGH': 0.07891692820157131, 'PEO': 0.06468104245827594, 'DNP': 0.06079225314871695, 'LPP': 0.058802769468161015, 'CPS': 0.049103619034471385, 'SPL': 0.035840765600524585, 'OPL': 0.03003819764134296, 'PGE': 0.02417217105329077, 'MBK': 0.017301939496093953, 'CCC': 0.009787101866685665, 'TPE': 0.008672679278976378, 'ALR': 0.008642619928458745, 'JSW': 0.004963132763244761}"
441,2020-09-09,92348.53212577272,1.4551915228366852e-11,"{'CDR': 0.16699416514607174, 'PKO': 0.13129812975174315, 'PKN': 0.13077264777232378, 'PZU': 0.11921983739004678, 'KGH': 0.07891692820157131, 'PEO': 0.06468104245827594, 'DNP': 0.06079225314871695, 'LPP': 0.058802769468161015, 'CPS': 0.049103619034471385, 'SPL': 0.035840765600524585, 'OPL': 0.03003819764134296, 'PGE': 0.02417217105329077, 'MBK': 0.017301939496093953, 'CCC': 0.009787101866685665, 'TPE': 0.008672679278976378, 'ALR': 0.008642619928458745, 'JSW': 0.004963132763244761}"
442,2020-09-10,91941.4401274103,1.4551915228366852e-11,"{'CDR': 0.16699416514607174, 'PKO': 0.13129812975174315, 'PKN': 0.13077264777232378, 'PZU': 0.11921983739004678, 'KGH': 0.07891692820157131, 'PEO': 0.06468104245827594, 'DNP': 0.06079225314871695, 'LPP': 0.058802769468161015, 'CPS': 0.049103619034471385, 'SPL': 0.035840765600524585, 'OPL': 0.03003819764134296, 'PGE': 0.02417217105329077, 'MBK': 0.017301939496093953, 'CCC': 0.009787101866685665, 'TPE': 0.008672679278976378, 'ALR': 0.008642619928458745, 'JSW': 0.004963132763244761}"
443,2020-09-11,92437.18309934696,1.4551915228366852e-11,"{'CDR': 0.16699416514607174, 'PKO': 0.13129812975174315, 'PKN': 0.13077264777232378, 'PZU': 0.11921983739004678, 'KGH': 0.07891692820157131, 'PEO': 0.06468104245827594, 'DNP': 0.06079225314871695, 'LPP': 0.058802769468161015, 'CPS': 0.049103619034471385, 'SPL': 0.035840765600524585, 'OPL': 0.03003819764134296, 'PGE': 0.02417217105329077, 'MBK': 0.017301939496093953, 'CCC': 0.009787101866685665, 'TPE': 0.008672679278976378, 'ALR': 0.008642619928458745, 'JSW': 0.004963132763244761}"
444,2020-09-14,91713.41582172413,1.4551915228366852e-11,"{'CDR': 0.16699416514607174, 'PKO': 0.13129812975174315, 'PKN': 0.13077264777232378, 'PZU': 0.11921983739004678, 'KGH': 0.07891692820157131, 'PEO': 0.06468104245827594, 'DNP': 0.06079225314871695, 'LPP': 0.058802769468161015, 'CPS': 0.049103619034471385, 'SPL': 0.035840765600524585, 'OPL': 0.03003819764134296, 'PGE': 0.02417217105329077, 'MBK': 0.017301939496093953, 'CCC': 0.009787101866685665, 'TPE': 0.008672679278976378, 'ALR': 0.008642619928458745, 'JSW': 0.004963132763244761}"
445,2020-09-15,91023.7004992972,1.4551915228366852e-11,"{'CDR': 0.16699416514607174, 'PKO': 0.13129812975174315, 'PKN': 0.13077264777232378, 'PZU': 0.11921983739004678, 'KGH': 0.07891692820157131, 'PEO': 0.06468104245827594, 'DNP': 0.06079225314871695, 'LPP': 0.058802769468161015, 'CPS': 0.049103619034471385, 'SPL': 0.035840765600524585, 'OPL': 0.03003819764134296, 'PGE': 0.02417217105329077, 'MBK': 0.017301939496093953, 'CCC': 0.009787101866685665, 'TPE': 0.008672679278976378, 'ALR': 0.008642619928458745, 'JSW': 0.004963132763244761}"
446,2020-09-16,90679.75616112353,1.4551915228366852e-11,"{'CDR': 0.16699416514607174, 'PKO': 0.13129812975174315, 'PKN': 0.13077264777232378, 'PZU': 0.11921983739004678, 'KGH': 0.07891692820157131, 'PEO': 0.06468104245827594, 'DNP': 0.06079225314871695, 'LPP': 0.058802769468161015, 'CPS': 0.049103619034471385, 'SPL': 0.035840765600524585, 'OPL': 0.03003819764134296, 'PGE': 0.02417217105329077, 'MBK': 0.017301939496093953, 'CCC': 0.009787101866685665, 'TPE': 0.008672679278976378, 'ALR': 0.008642619928458745, 'JSW': 0.004963132763244761}"
447,2020-09-17,91249.72823487656,1.4551915228366852e-11,"{'CDR': 0.16699416514607174, 'PKO': 0.13129812975174315, 'PKN': 0.13077264777232378, 'PZU': 0.11921983739004678, 'KGH': 0.07891692820157131, 'PEO': 0.06468104245827594, 'DNP': 0.06079225314871695, 'LPP': 0.058802769468161015, 'CPS': 0.049103619034471385, 'SPL': 0.035840765600524585, 'OPL': 0.03003819764134296, 'PGE': 0.02417217105329077, 'MBK': 0.017301939496093953, 'CCC': 0.009787101866685665, 'TPE': 0.008672679278976378, 'ALR': 0.008642619928458745, 'JSW': 0.004963132763244761}"
448,2020-09-18,90531.79409767085,1.4551915228366852e-11,"{'CDR': 0.1661157125470249, 'PKO': 0.12020323839203349, 'KGH': 0.11579892777129923, 'PZU': 0.10160590667114074, 'PKN': 0.09719716626854003, 'DNP': 0.07245461965339173, 'LPP': 0.06001025494502087, 'PEO': 0.05940005249291511, 'CPS': 0.05011079991893499, 'PGE': 0.034059485325793844, 'SPL': 0.03281250173038354, 'OPL': 0.030956423128334104, 'TPE': 0.016692525518312167, 'MBK': 0.01586083397288309, 'CCC': 0.0137146046585801, 'ALR': 0.007892763840576581, 'JSW': 0.005114183164835506}"
449,2020-09-21,86964.79521203382,1.4551915228366852e-11,"{'CDR': 0.1661157125470249, 'PKO': 0.12020323839203349, 'KGH': 0.11579892777129923, 'PZU': 0.10160590667114074, 'PKN': 0.09719716626854003, 'DNP': 0.07245461965339173, 'LPP': 0.06001025494502087, 'PEO': 0.05940005249291511, 'CPS': 0.05011079991893499, 'PGE': 0.034059485325793844, 'SPL': 0.03281250173038354, 'OPL': 0.030956423128334104, 'TPE': 0.016692525518312167, 'MBK': 0.01586083397288309, 'CCC': 0.0137146046585801, 'ALR': 0.007892763840576581, 'JSW': 0.005114183164835506}"
450,2020-09-22,87482.44201494844,1.4551915228366852e-11,"{'CDR': 0.1661157125470249, 'PKO': 0.12020323839203349, 'KGH': 0.11579892777129923, 'PZU': 0.10160590667114074, 'PKN': 0.09719716626854003, 'DNP': 0.07245461965339173, 'LPP': 0.06001025494502087, 'PEO': 0.05940005249291511, 'CPS': 0.05011079991893499, 'PGE': 0.034059485325793844, 'SPL': 0.03281250173038354, 'OPL': 0.030956423128334104, 'TPE': 0.016692525518312167, 'MBK': 0.01586083397288309, 'CCC': 0.0137146046585801, 'ALR': 0.007892763840576581, 'JSW': 0.005114183164835506}"
451,2020-09-23,86880.65282292006,1.4551915228366852e-11,"{'CDR': 0.1661157125470249, 'PKO': 0.12020323839203349, 'KGH': 0.11579892777129923, 'PZU': 0.10160590667114074, 'PKN': 0.09719716626854003, 'DNP': 0.07245461965339173, 'LPP': 0.06001025494502087, 'PEO': 0.05940005249291511, 'CPS': 0.05011079991893499, 'PGE': 0.034059485325793844, 'SPL': 0.03281250173038354, 'OPL': 0.030956423128334104, 'TPE': 0.016692525518312167, 'MBK': 0.01586083397288309, 'CCC': 0.0137146046585801, 'ALR': 0.007892763840576581, 'JSW': 0.005114183164835506}"
452,2020-09-24,85697.37893789045,1.4551915228366852e-11,"{'CDR': 0.1661157125470249, 'PKO': 0.12020323839203349, 'KGH': 0.11579892777129923, 'PZU': 0.10160590667114074, 'PKN': 0.09719716626854003, 'DNP': 0.07245461965339173, 'LPP': 0.06001025494502087, 'PEO': 0.05940005249291511, 'CPS': 0.05011079991893499, 'PGE': 0.034059485325793844, 'SPL': 0.03281250173038354, 'OPL': 0.030956423128334104, 'TPE': 0.016692525518312167, 'MBK': 0.01586083397288309, 'CCC': 0.0137146046585801, 'ALR': 0.007892763840576581, 'JSW': 0.005114183164835506}"
453,2020-09-25,86408.1472698187,1.4551915228366852e-11,"{'CDR': 0.1661157125470249, 'PKO': 0.12020323839203349, 'KGH': 0.11579892777129923, 'PZU': 0.10160590667114074, 'PKN': 0.09719716626854003, 'DNP': 0.07245461965339173, 'LPP': 0.06001025494502087, 'PEO': 0.05940005249291511, 'CPS': 0.05011079991893499, 'PGE': 0.034059485325793844, 'SPL': 0.03281250173038354, 'OPL': 0.030956423128334104, 'TPE': 0.016692525518312167, 'MBK': 0.01586083397288309, 'CCC': 0.0137146046585801, 'ALR': 0.007892763840576581, 'JSW': 0.005114183164835506}"
454,2020-09-28,89907.79578289701,1.4551915228366852e-11,"{'CDR': 0.1661157125470249, 'PKO': 0.12020323839203349, 'KGH': 0.11579892777129923, 'PZU': 0.10160590667114074, 'PKN': 0.09719716626854003, 'DNP': 0.07245461965339173, 'LPP': 0.06001025494502087, 'PEO': 0.05940005249291511, 'CPS': 0.05011079991893499, 'PGE': 0.034059485325793844, 'SPL': 0.03281250173038354, 'OPL': 0.030956423128334104, 'TPE': 0.016692525518312167, 'MBK': 0.01586083397288309, 'CCC': 0.0137146046585801, 'ALR': 0.007892763840576581, 'JSW': 0.005114183164835506}"
455,2020-09-29,88748.43174278636,1.4551915228366852e-11,"{'CDR': 0.1661157125470249, 'PKO': 0.12020323839203349, 'KGH': 0.11579892777129923, 'PZU': 0.10160590667114074, 'PKN': 0.09719716626854003, 'DNP': 0.07245461965339173, 'LPP': 0.06001025494502087, 'PEO': 0.05940005249291511, 'CPS': 0.05011079991893499, 'PGE': 0.034059485325793844, 'SPL': 0.03281250173038354, 'OPL': 0.030956423128334104, 'TPE': 0.016692525518312167, 'MBK': 0.01586083397288309, 'CCC': 0.0137146046585801, 'ALR': 0.007892763840576581, 'JSW': 0.005114183164835506}"
456,2020-09-30,88430.71698708693,1.4551915228366852e-11,"{'CDR': 0.1661157125470249, 'PKO': 0.12020323839203349, 'KGH': 0.11579892777129923, 'PZU': 0.10160590667114074, 'PKN': 0.09719716626854003, 'DNP': 0.07245461965339173, 'LPP': 0.06001025494502087, 'PEO': 0.05940005249291511, 'CPS': 0.05011079991893499, 'PGE': 0.034059485325793844, 'SPL': 0.03281250173038354, 'OPL': 0.030956423128334104, 'TPE': 0.016692525518312167, 'MBK': 0.01586083397288309, 'CCC': 0.0137146046585801, 'ALR': 0.007892763840576581, 'JSW': 0.005114183164835506}"
457,2020-10-01,87499.64454044428,1.4551915228366852e-11,"{'CDR': 0.1661157125470249, 'PKO': 0.12020323839203349, 'KGH': 0.11579892777129923, 'PZU': 0.10160590667114074, 'PKN': 0.09719716626854003, 'DNP': 0.07245461965339173, 'LPP': 0.06001025494502087, 'PEO': 0.05940005249291511, 'CPS': 0.05011079991893499, 'PGE': 0.034059485325793844, 'SPL': 0.03281250173038354, 'OPL': 0.030956423128334104, 'TPE': 0.016692525518312167, 'MBK': 0.01586083397288309, 'CCC': 0.0137146046585801, 'ALR': 0.007892763840576581, 'JSW': 0.005114183164835506}"
458,2020-10-02,87784.10461240324,1.4551915228366852e-11,"{'CDR': 0.1661157125470249, 'PKO': 0.12020323839203349, 'KGH': 0.11579892777129923, 'PZU': 0.10160590667114074, 'PKN': 0.09719716626854003, 'DNP': 0.07245461965339173, 'LPP': 0.06001025494502087, 'PEO': 0.05940005249291511, 'CPS': 0.05011079991893499, 'PGE': 0.034059485325793844, 'SPL': 0.03281250173038354, 'OPL': 0.030956423128334104, 'TPE': 0.016692525518312167, 'MBK': 0.01586083397288309, 'CCC': 0.0137146046585801, 'ALR': 0.007892763840576581, 'JSW': 0.005114183164835506}"
459,2020-10-05,89476.45165442911,1.4551915228366852e-11,"{'CDR': 0.1661157125470249, 'PKO': 0.12020323839203349, 'KGH': 0.11579892777129923, 'PZU': 0.10160590667114074, 'PKN': 0.09719716626854003, 'DNP': 0.07245461965339173, 'LPP': 0.06001025494502087, 'PEO': 0.05940005249291511, 'CPS': 0.05011079991893499, 'PGE': 0.034059485325793844, 'SPL': 0.03281250173038354, 'OPL': 0.030956423128334104, 'TPE': 0.016692525518312167, 'MBK': 0.01586083397288309, 'CCC': 0.0137146046585801, 'ALR': 0.007892763840576581, 'JSW': 0.005114183164835506}"
460,2020-10-06,89653.70862720792,1.4551915228366852e-11,"{'CDR': 0.1661157125470249, 'PKO': 0.12020323839203349, 'KGH': 0.11579892777129923, 'PZU': 0.10160590667114074, 'PKN': 0.09719716626854003, 'DNP': 0.07245461965339173, 'LPP': 0.06001025494502087, 'PEO': 0.05940005249291511, 'CPS': 0.05011079991893499, 'PGE': 0.034059485325793844, 'SPL': 0.03281250173038354, 'OPL': 0.030956423128334104, 'TPE': 0.016692525518312167, 'MBK': 0.01586083397288309, 'CCC': 0.0137146046585801, 'ALR': 0.007892763840576581, 'JSW': 0.005114183164835506}"
461,2020-10-07,89616.50428533246,1.4551915228366852e-11,"{'CDR': 0.1661157125470249, 'PKO': 0.12020323839203349, 'KGH': 0.11579892777129923, 'PZU': 0.10160590667114074, 'PKN': 0.09719716626854003, 'DNP': 0.07245461965339173, 'LPP': 0.06001025494502087, 'PEO': 0.05940005249291511, 'CPS': 0.05011079991893499, 'PGE': 0.034059485325793844, 'SPL': 0.03281250173038354, 'OPL': 0.030956423128334104, 'TPE': 0.016692525518312167, 'MBK': 0.01586083397288309, 'CCC': 0.0137146046585801, 'ALR': 0.007892763840576581, 'JSW': 0.005114183164835506}"
462,2020-10-08,88678.69018245887,1.4551915228366852e-11,"{'CDR': 0.1661157125470249, 'PKO': 0.12020323839203349, 'KGH': 0.11579892777129923, 'PZU': 0.10160590667114074, 'PKN': 0.09719716626854003, 'DNP': 0.07245461965339173, 'LPP': 0.06001025494502087, 'PEO': 0.05940005249291511, 'CPS': 0.05011079991893499, 'PGE': 0.034059485325793844, 'SPL': 0.03281250173038354, 'OPL': 0.030956423128334104, 'TPE': 0.016692525518312167, 'MBK': 0.01586083397288309, 'CCC': 0.0137146046585801, 'ALR': 0.007892763840576581, 'JSW': 0.005114183164835506}"
463,2020-10-09,87543.49466129993,1.4551915228366852e-11,"{'CDR': 0.1661157125470249, 'PKO': 0.12020323839203349, 'KGH': 0.11579892777129923, 'PZU': 0.10160590667114074, 'PKN': 0.09719716626854003, 'DNP': 0.07245461965339173, 'LPP': 0.06001025494502087, 'PEO': 0.05940005249291511, 'CPS': 0.05011079991893499, 'PGE': 0.034059485325793844, 'SPL': 0.03281250173038354, 'OPL': 0.030956423128334104, 'TPE': 0.016692525518312167, 'MBK': 0.01586083397288309, 'CCC': 0.0137146046585801, 'ALR': 0.007892763840576581, 'JSW': 0.005114183164835506}"
464,2020-10-12,86851.98789431027,1.4551915228366852e-11,"{'CDR': 0.1661157125470249, 'PKO': 0.12020323839203349, 'KGH': 0.11579892777129923, 'PZU': 0.10160590667114074, 'PKN': 0.09719716626854003, 'DNP': 0.07245461965339173, 'LPP': 0.06001025494502087, 'PEO': 0.05940005249291511, 'CPS': 0.05011079991893499, 'PGE': 0.034059485325793844, 'SPL': 0.03281250173038354, 'OPL': 0.030956423128334104, 'TPE': 0.016692525518312167, 'MBK': 0.01586083397288309, 'CCC': 0.0137146046585801, 'ALR': 0.007892763840576581, 'JSW': 0.005114183164835506}"
465,2020-10-13,85703.98627176088,1.4551915228366852e-11,"{'CDR': 0.1661157125470249, 'PKO': 0.12020323839203349, 'KGH': 0.11579892777129923, 'PZU': 0.10160590667114074, 'PKN': 0.09719716626854003, 'DNP': 0.07245461965339173, 'LPP': 0.06001025494502087, 'PEO': 0.05940005249291511, 'CPS': 0.05011079991893499, 'PGE': 0.034059485325793844, 'SPL': 0.03281250173038354, 'OPL': 0.030956423128334104, 'TPE': 0.016692525518312167, 'MBK': 0.01586083397288309, 'CCC': 0.0137146046585801, 'ALR': 0.007892763840576581, 'JSW': 0.005114183164835506}"
466,2020-10-14,86434.81542912731,1.4551915228366852e-11,"{'CDR': 0.1661157125470249, 'PKO': 0.12020323839203349, 'KGH': 0.11579892777129923, 'PZU': 0.10160590667114074, 'PKN': 0.09719716626854003, 'DNP': 0.07245461965339173, 'LPP': 0.06001025494502087, 'PEO': 0.05940005249291511, 'CPS': 0.05011079991893499, 'PGE': 0.034059485325793844, 'SPL': 0.03281250173038354, 'OPL': 0.030956423128334104, 'TPE': 0.016692525518312167, 'MBK': 0.01586083397288309, 'CCC': 0.0137146046585801, 'ALR': 0.007892763840576581, 'JSW': 0.005114183164835506}"
467,2020-10-15,83336.13716800566,1.4551915228366852e-11,"{'CDR': 0.1661157125470249, 'PKO': 0.12020323839203349, 'KGH': 0.11579892777129923, 'PZU': 0.10160590667114074, 'PKN': 0.09719716626854003, 'DNP': 0.07245461965339173, 'LPP': 0.06001025494502087, 'PEO': 0.05940005249291511, 'CPS': 0.05011079991893499, 'PGE': 0.034059485325793844, 'SPL': 0.03281250173038354, 'OPL': 0.030956423128334104, 'TPE': 0.016692525518312167, 'MBK': 0.01586083397288309, 'CCC': 0.0137146046585801, 'ALR': 0.007892763840576581, 'JSW': 0.005114183164835506}"
468,2020-10-16,84604.76389659771,1.4551915228366852e-11,"{'CDR': 0.1661157125470249, 'PKO': 0.12020323839203349, 'KGH': 0.11579892777129923, 'PZU': 0.10160590667114074, 'PKN': 0.09719716626854003, 'DNP': 0.07245461965339173, 'LPP': 0.06001025494502087, 'PEO': 0.05940005249291511, 'CPS': 0.05011079991893499, 'PGE': 0.034059485325793844, 'SPL': 0.03281250173038354, 'OPL': 0.030956423128334104, 'TPE': 0.016692525518312167, 'MBK': 0.01586083397288309, 'CCC': 0.0137146046585801, 'ALR': 0.007892763840576581, 'JSW': 0.005114183164835506}"
469,2020-10-19,83953.8216425171,1.4551915228366852e-11,"{'CDR': 0.1661157125470249, 'PKO': 0.12020323839203349, 'KGH': 0.11579892777129923, 'PZU': 0.10160590667114074, 'PKN': 0.09719716626854003, 'DNP': 0.07245461965339173, 'LPP': 0.06001025494502087, 'PEO': 0.05940005249291511, 'CPS': 0.05011079991893499, 'PGE': 0.034059485325793844, 'SPL': 0.03281250173038354, 'OPL': 0.030956423128334104, 'TPE': 0.016692525518312167, 'MBK': 0.01586083397288309, 'CCC': 0.0137146046585801, 'ALR': 0.007892763840576581, 'JSW': 0.005114183164835506}"
470,2020-10-20,83870.19023984588,1.4551915228366852e-11,"{'CDR': 0.1661157125470249, 'PKO': 0.12020323839203349, 'KGH': 0.11579892777129923, 'PZU': 0.10160590667114074, 'PKN': 0.09719716626854003, 'DNP': 0.07245461965339173, 'LPP': 0.06001025494502087, 'PEO': 0.05940005249291511, 'CPS': 0.05011079991893499, 'PGE': 0.034059485325793844, 'SPL': 0.03281250173038354, 'OPL': 0.030956423128334104, 'TPE': 0.016692525518312167, 'MBK': 0.01586083397288309, 'CCC': 0.0137146046585801, 'ALR': 0.007892763840576581, 'JSW': 0.005114183164835506}"
471,2020-10-21,83178.8506888974,1.4551915228366852e-11,"{'CDR': 0.1661157125470249, 'PKO': 0.12020323839203349, 'KGH': 0.11579892777129923, 'PZU': 0.10160590667114074, 'PKN': 0.09719716626854003, 'DNP': 0.07245461965339173, 'LPP': 0.06001025494502087, 'PEO': 0.05940005249291511, 'CPS': 0.05011079991893499, 'PGE': 0.034059485325793844, 'SPL': 0.03281250173038354, 'OPL': 0.030956423128334104, 'TPE': 0.016692525518312167, 'MBK': 0.01586083397288309, 'CCC': 0.0137146046585801, 'ALR': 0.007892763840576581, 'JSW': 0.005114183164835506}"
472,2020-10-22,83111.48378447069,1.4551915228366852e-11,"{'CDR': 0.1661157125470249, 'PKO': 0.12020323839203349, 'KGH': 0.11579892777129923, 'PZU': 0.10160590667114074, 'PKN': 0.09719716626854003, 'DNP': 0.07245461965339173, 'LPP': 0.06001025494502087, 'PEO': 0.05940005249291511, 'CPS': 0.05011079991893499, 'PGE': 0.034059485325793844, 'SPL': 0.03281250173038354, 'OPL': 0.030956423128334104, 'TPE': 0.016692525518312167, 'MBK': 0.01586083397288309, 'CCC': 0.0137146046585801, 'ALR': 0.007892763840576581, 'JSW': 0.005114183164835506}"
473,2020-10-23,82939.29221254992,1.4551915228366852e-11,"{'CDR': 0.1661157125470249, 'PKO': 0.12020323839203349, 'KGH': 0.11579892777129923, 'PZU': 0.10160590667114074, 'PKN': 0.09719716626854003, 'DNP': 0.07245461965339173, 'LPP': 0.06001025494502087, 'PEO': 0.05940005249291511, 'CPS': 0.05011079991893499, 'PGE': 0.034059485325793844, 'SPL': 0.03281250173038354, 'OPL': 0.030956423128334104, 'TPE': 0.016692525518312167, 'MBK': 0.01586083397288309, 'CCC': 0.0137146046585801, 'ALR': 0.007892763840576581, 'JSW': 0.005114183164835506}"
474,2020-10-26,81744.41622129513,1.4551915228366852e-11,"{'CDR': 0.1661157125470249, 'PKO': 0.12020323839203349, 'KGH': 0.11579892777129923, 'PZU': 0.10160590667114074, 'PKN': 0.09719716626854003, 'DNP': 0.07245461965339173, 'LPP': 0.06001025494502087, 'PEO': 0.05940005249291511, 'CPS': 0.05011079991893499, 'PGE': 0.034059485325793844, 'SPL': 0.03281250173038354, 'OPL': 0.030956423128334104, 'TPE': 0.016692525518312167, 'MBK': 0.01586083397288309, 'CCC': 0.0137146046585801, 'ALR': 0.007892763840576581, 'JSW': 0.005114183164835506}"
475,2020-10-27,80942.85681127137,1.4551915228366852e-11,"{'CDR': 0.1661157125470249, 'PKO': 0.12020323839203349, 'KGH': 0.11579892777129923, 'PZU': 0.10160590667114074, 'PKN': 0.09719716626854003, 'DNP': 0.07245461965339173, 'LPP': 0.06001025494502087, 'PEO': 0.05940005249291511, 'CPS': 0.05011079991893499, 'PGE': 0.034059485325793844, 'SPL': 0.03281250173038354, 'OPL': 0.030956423128334104, 'TPE': 0.016692525518312167, 'MBK': 0.01586083397288309, 'CCC': 0.0137146046585801, 'ALR': 0.007892763840576581, 'JSW': 0.005114183164835506}"
476,2020-10-28,77192.84002470305,1.4551915228366852e-11,"{'CDR': 0.1661157125470249, 'PKO': 0.12020323839203349, 'KGH': 0.11579892777129923, 'PZU': 0.10160590667114074, 'PKN': 0.09719716626854003, 'DNP': 0.07245461965339173, 'LPP': 0.06001025494502087, 'PEO': 0.05940005249291511, 'CPS': 0.05011079991893499, 'PGE': 0.034059485325793844, 'SPL': 0.03281250173038354, 'OPL': 0.030956423128334104, 'TPE': 0.016692525518312167, 'MBK': 0.01586083397288309, 'CCC': 0.0137146046585801, 'ALR': 0.007892763840576581, 'JSW': 0.005114183164835506}"
477,2020-10-29,77128.14431590702,1.4551915228366852e-11,"{'CDR': 0.1661157125470249, 'PKO': 0.12020323839203349, 'KGH': 0.11579892777129923, 'PZU': 0.10160590667114074, 'PKN': 0.09719716626854003, 'DNP': 0.07245461965339173, 'LPP': 0.06001025494502087, 'PEO': 0.05940005249291511, 'CPS': 0.05011079991893499, 'PGE': 0.034059485325793844, 'SPL': 0.03281250173038354, 'OPL': 0.030956423128334104, 'TPE': 0.016692525518312167, 'MBK': 0.01586083397288309, 'CCC': 0.0137146046585801, 'ALR': 0.007892763840576581, 'JSW': 0.005114183164835506}"
478,2020-10-30,76260.97155229322,1.4551915228366852e-11,"{'CDR': 0.1661157125470249, 'PKO': 0.12020323839203349, 'KGH': 0.11579892777129923, 'PZU': 0.10160590667114074, 'PKN': 0.09719716626854003, 'DNP': 0.07245461965339173, 'LPP': 0.06001025494502087, 'PEO': 0.05940005249291511, 'CPS': 0.05011079991893499, 'PGE': 0.034059485325793844, 'SPL': 0.03281250173038354, 'OPL': 0.030956423128334104, 'TPE': 0.016692525518312167, 'MBK': 0.01586083397288309, 'CCC': 0.0137146046585801, 'ALR': 0.007892763840576581, 'JSW': 0.005114183164835506}"
479,2020-11-02,78204.10570394108,1.4551915228366852e-11,"{'CDR': 0.1661157125470249, 'PKO': 0.12020323839203349, 'KGH': 0.11579892777129923, 'PZU': 0.10160590667114074, 'PKN': 0.09719716626854003, 'DNP': 0.07245461965339173, 'LPP': 0.06001025494502087, 'PEO': 0.05940005249291511, 'CPS': 0.05011079991893499, 'PGE': 0.034059485325793844, 'SPL': 0.03281250173038354, 'OPL': 0.030956423128334104, 'TPE': 0.016692525518312167, 'MBK': 0.01586083397288309, 'CCC': 0.0137146046585801, 'ALR': 0.007892763840576581, 'JSW': 0.005114183164835506}"
480,2020-11-03,83217.00535299638,1.4551915228366852e-11,"{'CDR': 0.1661157125470249, 'PKO': 0.12020323839203349, 'KGH': 0.11579892777129923, 'PZU': 0.10160590667114074, 'PKN': 0.09719716626854003, 'DNP': 0.07245461965339173, 'LPP': 0.06001025494502087, 'PEO': 0.05940005249291511, 'CPS': 0.05011079991893499, 'PGE': 0.034059485325793844, 'SPL': 0.03281250173038354, 'OPL': 0.030956423128334104, 'TPE': 0.016692525518312167, 'MBK': 0.01586083397288309, 'CCC': 0.0137146046585801, 'ALR': 0.007892763840576581, 'JSW': 0.005114183164835506}"
481,2020-11-04,82974.99690960081,1.4551915228366852e-11,"{'CDR': 0.1661157125470249, 'PKO': 0.12020323839203349, 'KGH': 0.11579892777129923, 'PZU': 0.10160590667114074, 'PKN': 0.09719716626854003, 'DNP': 0.07245461965339173, 'LPP': 0.06001025494502087, 'PEO': 0.05940005249291511, 'CPS': 0.05011079991893499, 'PGE': 0.034059485325793844, 'SPL': 0.03281250173038354, 'OPL': 0.030956423128334104, 'TPE': 0.016692525518312167, 'MBK': 0.01586083397288309, 'CCC': 0.0137146046585801, 'ALR': 0.007892763840576581, 'JSW': 0.005114183164835506}"
482,2020-11-05,84657.21032110076,1.4551915228366852e-11,"{'CDR': 0.1661157125470249, 'PKO': 0.12020323839203349, 'KGH': 0.11579892777129923, 'PZU': 0.10160590667114074, 'PKN': 0.09719716626854003, 'DNP': 0.07245461965339173, 'LPP': 0.06001025494502087, 'PEO': 0.05940005249291511, 'CPS': 0.05011079991893499, 'PGE': 0.034059485325793844, 'SPL': 0.03281250173038354, 'OPL': 0.030956423128334104, 'TPE': 0.016692525518312167, 'MBK': 0.01586083397288309, 'CCC': 0.0137146046585801, 'ALR': 0.007892763840576581, 'JSW': 0.005114183164835506}"
483,2020-11-06,85704.49070099689,1.4551915228366852e-11,"{'CDR': 0.1661157125470249, 'PKO': 0.12020323839203349, 'KGH': 0.11579892777129923, 'PZU': 0.10160590667114074, 'PKN': 0.09719716626854003, 'DNP': 0.07245461965339173, 'LPP': 0.06001025494502087, 'PEO': 0.05940005249291511, 'CPS': 0.05011079991893499, 'PGE': 0.034059485325793844, 'SPL': 0.03281250173038354, 'OPL': 0.030956423128334104, 'TPE': 0.016692525518312167, 'MBK': 0.01586083397288309, 'CCC': 0.0137146046585801, 'ALR': 0.007892763840576581, 'JSW': 0.005114183164835506}"
484,2020-11-09,90145.87000197422,1.4551915228366852e-11,"{'CDR': 0.1661157125470249, 'PKO': 0.12020323839203349, 'KGH': 0.11579892777129923, 'PZU': 0.10160590667114074, 'PKN': 0.09719716626854003, 'DNP': 0.07245461965339173, 'LPP': 0.06001025494502087, 'PEO': 0.05940005249291511, 'CPS': 0.05011079991893499, 'PGE': 0.034059485325793844, 'SPL': 0.03281250173038354, 'OPL': 0.030956423128334104, 'TPE': 0.016692525518312167, 'MBK': 0.01586083397288309, 'CCC': 0.0137146046585801, 'ALR': 0.007892763840576581, 'JSW': 0.005114183164835506}"
485,2020-11-10,92362.99720429283,1.4551915228366852e-11,"{'CDR': 0.1661157125470249, 'PKO': 0.12020323839203349, 'KGH': 0.11579892777129923, 'PZU': 0.10160590667114074, 'PKN': 0.09719716626854003, 'DNP': 0.07245461965339173, 'LPP': 0.06001025494502087, 'PEO': 0.05940005249291511, 'CPS': 0.05011079991893499, 'PGE': 0.034059485325793844, 'SPL': 0.03281250173038354, 'OPL': 0.030956423128334104, 'TPE': 0.016692525518312167, 'MBK': 0.01586083397288309, 'CCC': 0.0137146046585801, 'ALR': 0.007892763840576581, 'JSW': 0.005114183164835506}"
486,2020-11-11,92362.99720429283,1.4551915228366852e-11,"{'CDR': 0.1661157125470249, 'PKO': 0.12020323839203349, 'KGH': 0.11579892777129923, 'PZU': 0.10160590667114074, 'PKN': 0.09719716626854003, 'DNP': 0.07245461965339173, 'LPP': 0.06001025494502087, 'PEO': 0.05940005249291511, 'CPS': 0.05011079991893499, 'PGE': 0.034059485325793844, 'SPL': 0.03281250173038354, 'OPL': 0.030956423128334104, 'TPE': 0.016692525518312167, 'MBK': 0.01586083397288309, 'CCC': 0.0137146046585801, 'ALR': 0.007892763840576581, 'JSW': 0.005114183164835506}"
487,2020-11-12,92577.13856076698,1.4551915228366852e-11,"{'CDR': 0.1661157125470249, 'PKO': 0.12020323839203349, 'KGH': 0.11579892777129923, 'PZU': 0.10160590667114074, 'PKN': 0.09719716626854003, 'DNP': 0.07245461965339173, 'LPP': 0.06001025494502087, 'PEO': 0.05940005249291511, 'CPS': 0.05011079991893499, 'PGE': 0.034059485325793844, 'SPL': 0.03281250173038354, 'OPL': 0.030956423128334104, 'TPE': 0.016692525518312167, 'MBK': 0.01586083397288309, 'CCC': 0.0137146046585801, 'ALR': 0.007892763840576581, 'JSW': 0.005114183164835506}"
488,2020-11-13,91795.00398576225,1.4551915228366852e-11,"{'CDR': 0.1661157125470249, 'PKO': 0.12020323839203349, 'KGH': 0.11579892777129923, 'PZU': 0.10160590667114074, 'PKN': 0.09719716626854003, 'DNP': 0.07245461965339173, 'LPP': 0.06001025494502087, 'PEO': 0.05940005249291511, 'CPS': 0.05011079991893499, 'PGE': 0.034059485325793844, 'SPL': 0.03281250173038354, 'OPL': 0.030956423128334104, 'TPE': 0.016692525518312167, 'MBK': 0.01586083397288309, 'CCC': 0.0137146046585801, 'ALR': 0.007892763840576581, 'JSW': 0.005114183164835506}"
489,2020-11-16,95458.39750915453,1.4551915228366852e-11,"{'CDR': 0.1661157125470249, 'PKO': 0.12020323839203349, 'KGH': 0.11579892777129923, 'PZU': 0.10160590667114074, 'PKN': 0.09719716626854003, 'DNP': 0.07245461965339173, 'LPP': 0.06001025494502087, 'PEO': 0.05940005249291511, 'CPS': 0.05011079991893499, 'PGE': 0.034059485325793844, 'SPL': 0.03281250173038354, 'OPL': 0.030956423128334104, 'TPE': 0.016692525518312167, 'MBK': 0.01586083397288309, 'CCC': 0.0137146046585801, 'ALR': 0.007892763840576581, 'JSW': 0.005114183164835506}"
490,2020-11-17,95588.97044711784,1.4551915228366852e-11,"{'CDR': 0.1661157125470249, 'PKO': 0.12020323839203349, 'KGH': 0.11579892777129923, 'PZU': 0.10160590667114074, 'PKN': 0.09719716626854003, 'DNP': 0.07245461965339173, 'LPP': 0.06001025494502087, 'PEO': 0.05940005249291511, 'CPS': 0.05011079991893499, 'PGE': 0.034059485325793844, 'SPL': 0.03281250173038354, 'OPL': 0.030956423128334104, 'TPE': 0.016692525518312167, 'MBK': 0.01586083397288309, 'CCC': 0.0137146046585801, 'ALR': 0.007892763840576581, 'JSW': 0.005114183164835506}"
491,2020-11-18,96582.26822384578,1.4551915228366852e-11,"{'CDR': 0.1661157125470249, 'PKO': 0.12020323839203349, 'KGH': 0.11579892777129923, 'PZU': 0.10160590667114074, 'PKN': 0.09719716626854003, 'DNP': 0.07245461965339173, 'LPP': 0.06001025494502087, 'PEO': 0.05940005249291511, 'CPS': 0.05011079991893499, 'PGE': 0.034059485325793844, 'SPL': 0.03281250173038354, 'OPL': 0.030956423128334104, 'TPE': 0.016692525518312167, 'MBK': 0.01586083397288309, 'CCC': 0.0137146046585801, 'ALR': 0.007892763840576581, 'JSW': 0.005114183164835506}"
492,2020-11-19,94761.98063581744,1.4551915228366852e-11,"{'CDR': 0.1661157125470249, 'PKO': 0.12020323839203349, 'KGH': 0.11579892777129923, 'PZU': 0.10160590667114074, 'PKN': 0.09719716626854003, 'DNP': 0.07245461965339173, 'LPP': 0.06001025494502087, 'PEO': 0.05940005249291511, 'CPS': 0.05011079991893499, 'PGE': 0.034059485325793844, 'SPL': 0.03281250173038354, 'OPL': 0.030956423128334104, 'TPE': 0.016692525518312167, 'MBK': 0.01586083397288309, 'CCC': 0.0137146046585801, 'ALR': 0.007892763840576581, 'JSW': 0.005114183164835506}"
493,2020-11-20,95758.95084481318,1.4551915228366852e-11,"{'CDR': 0.1661157125470249, 'PKO': 0.12020323839203349, 'KGH': 0.11579892777129923, 'PZU': 0.10160590667114074, 'PKN': 0.09719716626854003, 'DNP': 0.07245461965339173, 'LPP': 0.06001025494502087, 'PEO': 0.05940005249291511, 'CPS': 0.05011079991893499, 'PGE': 0.034059485325793844, 'SPL': 0.03281250173038354, 'OPL': 0.030956423128334104, 'TPE': 0.016692525518312167, 'MBK': 0.01586083397288309, 'CCC': 0.0137146046585801, 'ALR': 0.007892763840576581, 'JSW': 0.005114183164835506}"
494,2020-11-23,96678.55639517338,1.4551915228366852e-11,"{'CDR': 0.1661157125470249, 'PKO': 0.12020323839203349, 'KGH': 0.11579892777129923, 'PZU': 0.10160590667114074, 'PKN': 0.09719716626854003, 'DNP': 0.07245461965339173, 'LPP': 0.06001025494502087, 'PEO': 0.05940005249291511, 'CPS': 0.05011079991893499, 'PGE': 0.034059485325793844, 'SPL': 0.03281250173038354, 'OPL': 0.030956423128334104, 'TPE': 0.016692525518312167, 'MBK': 0.01586083397288309, 'CCC': 0.0137146046585801, 'ALR': 0.007892763840576581, 'JSW': 0.005114183164835506}"
495,2020-11-24,98112.79323380593,1.4551915228366852e-11,"{'CDR': 0.1661157125470249, 'PKO': 0.12020323839203349, 'KGH': 0.11579892777129923, 'PZU': 0.10160590667114074, 'PKN': 0.09719716626854003, 'DNP': 0.07245461965339173, 'LPP': 0.06001025494502087, 'PEO': 0.05940005249291511, 'CPS': 0.05011079991893499, 'PGE': 0.034059485325793844, 'SPL': 0.03281250173038354, 'OPL': 0.030956423128334104, 'TPE': 0.016692525518312167, 'MBK': 0.01586083397288309, 'CCC': 0.0137146046585801, 'ALR': 0.007892763840576581, 'JSW': 0.005114183164835506}"
496,2020-11-25,97821.57883153857,1.4551915228366852e-11,"{'CDR': 0.1661157125470249, 'PKO': 0.12020323839203349, 'KGH': 0.11579892777129923, 'PZU': 0.10160590667114074, 'PKN': 0.09719716626854003, 'DNP': 0.07245461965339173, 'LPP': 0.06001025494502087, 'PEO': 0.05940005249291511, 'CPS': 0.05011079991893499, 'PGE': 0.034059485325793844, 'SPL': 0.03281250173038354, 'OPL': 0.030956423128334104, 'TPE': 0.016692525518312167, 'MBK': 0.01586083397288309, 'CCC': 0.0137146046585801, 'ALR': 0.007892763840576581, 'JSW': 0.005114183164835506}"
497,2020-11-26,97972.48458087245,1.4551915228366852e-11,"{'CDR': 0.1661157125470249, 'PKO': 0.12020323839203349, 'KGH': 0.11579892777129923, 'PZU': 0.10160590667114074, 'PKN': 0.09719716626854003, 'DNP': 0.07245461965339173, 'LPP': 0.06001025494502087, 'PEO': 0.05940005249291511, 'CPS': 0.05011079991893499, 'PGE': 0.034059485325793844, 'SPL': 0.03281250173038354, 'OPL': 0.030956423128334104, 'TPE': 0.016692525518312167, 'MBK': 0.01586083397288309, 'CCC': 0.0137146046585801, 'ALR': 0.007892763840576581, 'JSW': 0.005114183164835506}"
498,2020-11-27,98041.62789395,1.4551915228366852e-11,"{'CDR': 0.1661157125470249, 'PKO': 0.12020323839203349, 'KGH': 0.11579892777129923, 'PZU': 0.10160590667114074, 'PKN': 0.09719716626854003, 'DNP': 0.07245461965339173, 'LPP': 0.06001025494502087, 'PEO': 0.05940005249291511, 'CPS': 0.05011079991893499, 'PGE': 0.034059485325793844, 'SPL': 0.03281250173038354, 'OPL': 0.030956423128334104, 'TPE': 0.016692525518312167, 'MBK': 0.01586083397288309, 'CCC': 0.0137146046585801, 'ALR': 0.007892763840576581, 'JSW': 0.005114183164835506}"
499,2020-11-30,96361.76366288227,1.4551915228366852e-11,"{'CDR': 0.1661157125470249, 'PKO': 0.12020323839203349, 'KGH': 0.11579892777129923, 'PZU': 0.10160590667114074, 'PKN': 0.09719716626854003, 'DNP': 0.07245461965339173, 'LPP': 0.06001025494502087, 'PEO': 0.05940005249291511, 'CPS': 0.05011079991893499, 'PGE': 0.034059485325793844, 'SPL': 0.03281250173038354, 'OPL': 0.030956423128334104, 'TPE': 0.016692525518312167, 'MBK': 0.01586083397288309, 'CCC': 0.0137146046585801, 'ALR': 0.007892763840576581, 'JSW': 0.005114183164835506}"
500,2020-12-01,98200.80541883445,1.4551915228366852e-11,"{'CDR': 0.1661157125470249, 'PKO': 0.12020323839203349, 'KGH': 0.11579892777129923, 'PZU': 0.10160590667114074, 'PKN': 0.09719716626854003, 'DNP': 0.07245461965339173, 'LPP': 0.06001025494502087, 'PEO': 0.05940005249291511, 'CPS': 0.05011079991893499, 'PGE': 0.034059485325793844, 'SPL': 0.03281250173038354, 'OPL': 0.030956423128334104, 'TPE': 0.016692525518312167, 'MBK': 0.01586083397288309, 'CCC': 0.0137146046585801, 'ALR': 0.007892763840576581, 'JSW': 0.005114183164835506}"
501,2020-12-02,100688.17210764976,1.4551915228366852e-11,"{'CDR': 0.1661157125470249, 'PKO': 0.12020323839203349, 'KGH': 0.11579892777129923, 'PZU': 0.10160590667114074, 'PKN': 0.09719716626854003, 'DNP': 0.07245461965339173, 'LPP': 0.06001025494502087, 'PEO': 0.05940005249291511, 'CPS': 0.05011079991893499, 'PGE': 0.034059485325793844, 'SPL': 0.03281250173038354, 'OPL': 0.030956423128334104, 'TPE': 0.016692525518312167, 'MBK': 0.01586083397288309, 'CCC': 0.0137146046585801, 'ALR': 0.007892763840576581, 'JSW': 0.005114183164835506}"
502,2020-12-03,100350.00833843426,1.4551915228366852e-11,"{'CDR': 0.1661157125470249, 'PKO': 0.12020323839203349, 'KGH': 0.11579892777129923, 'PZU': 0.10160590667114074, 'PKN': 0.09719716626854003, 'DNP': 0.07245461965339173, 'LPP': 0.06001025494502087, 'PEO': 0.05940005249291511, 'CPS': 0.05011079991893499, 'PGE': 0.034059485325793844, 'SPL': 0.03281250173038354, 'OPL': 0.030956423128334104, 'TPE': 0.016692525518312167, 'MBK': 0.01586083397288309, 'CCC': 0.0137146046585801, 'ALR': 0.007892763840576581, 'JSW': 0.005114183164835506}"
503,2020-12-04,103777.22321377585,1.4551915228366852e-11,"{'CDR': 0.1661157125470249, 'PKO': 0.12020323839203349, 'KGH': 0.11579892777129923, 'PZU': 0.10160590667114074, 'PKN': 0.09719716626854003, 'DNP': 0.07245461965339173, 'LPP': 0.06001025494502087, 'PEO': 0.05940005249291511, 'CPS': 0.05011079991893499, 'PGE': 0.034059485325793844, 'SPL': 0.03281250173038354, 'OPL': 0.030956423128334104, 'TPE': 0.016692525518312167, 'MBK': 0.01586083397288309, 'CCC': 0.0137146046585801, 'ALR': 0.007892763840576581, 'JSW': 0.005114183164835506}"
504,2020-12-07,104551.83080697151,1.4551915228366852e-11,"{'CDR': 0.1661157125470249, 'PKO': 0.12020323839203349, 'KGH': 0.11579892777129923, 'PZU': 0.10160590667114074, 'PKN': 0.09719716626854003, 'DNP': 0.07245461965339173, 'LPP': 0.06001025494502087, 'PEO': 0.05940005249291511, 'CPS': 0.05011079991893499, 'PGE': 0.034059485325793844, 'SPL': 0.03281250173038354, 'OPL': 0.030956423128334104, 'TPE': 0.016692525518312167, 'MBK': 0.01586083397288309, 'CCC': 0.0137146046585801, 'ALR': 0.007892763840576581, 'JSW': 0.005114183164835506}"
505,2020-12-08,104489.87257231267,1.4551915228366852e-11,"{'CDR': 0.1661157125470249, 'PKO': 0.12020323839203349, 'KGH': 0.11579892777129923, 'PZU': 0.10160590667114074, 'PKN': 0.09719716626854003, 'DNP': 0.07245461965339173, 'LPP': 0.06001025494502087, 'PEO': 0.05940005249291511, 'CPS': 0.05011079991893499, 'PGE': 0.034059485325793844, 'SPL': 0.03281250173038354, 'OPL': 0.030956423128334104, 'TPE': 0.016692525518312167, 'MBK': 0.01586083397288309, 'CCC': 0.0137146046585801, 'ALR': 0.007892763840576581, 'JSW': 0.005114183164835506}"
506,2020-12-09,106487.54128408355,1.4551915228366852e-11,"{'CDR': 0.1661157125470249, 'PKO': 0.12020323839203349, 'KGH': 0.11579892777129923, 'PZU': 0.10160590667114074, 'PKN': 0.09719716626854003, 'DNP': 0.07245461965339173, 'LPP': 0.06001025494502087, 'PEO': 0.05940005249291511, 'CPS': 0.05011079991893499, 'PGE': 0.034059485325793844, 'SPL': 0.03281250173038354, 'OPL': 0.030956423128334104, 'TPE': 0.016692525518312167, 'MBK': 0.01586083397288309, 'CCC': 0.0137146046585801, 'ALR': 0.007892763840576581, 'JSW': 0.005114183164835506}"
507,2020-12-10,104996.82602834112,1.4551915228366852e-11,"{'CDR': 0.1661157125470249, 'PKO': 0.12020323839203349, 'KGH': 0.11579892777129923, 'PZU': 0.10160590667114074, 'PKN': 0.09719716626854003, 'DNP': 0.07245461965339173, 'LPP': 0.06001025494502087, 'PEO': 0.05940005249291511, 'CPS': 0.05011079991893499, 'PGE': 0.034059485325793844, 'SPL': 0.03281250173038354, 'OPL': 0.030956423128334104, 'TPE': 0.016692525518312167, 'MBK': 0.01586083397288309, 'CCC': 0.0137146046585801, 'ALR': 0.007892763840576581, 'JSW': 0.005114183164835506}"
508,2020-12-11,102618.70066730169,1.4551915228366852e-11,"{'CDR': 0.1661157125470249, 'PKO': 0.12020323839203349, 'KGH': 0.11579892777129923, 'PZU': 0.10160590667114074, 'PKN': 0.09719716626854003, 'DNP': 0.07245461965339173, 'LPP': 0.06001025494502087, 'PEO': 0.05940005249291511, 'CPS': 0.05011079991893499, 'PGE': 0.034059485325793844, 'SPL': 0.03281250173038354, 'OPL': 0.030956423128334104, 'TPE': 0.016692525518312167, 'MBK': 0.01586083397288309, 'CCC': 0.0137146046585801, 'ALR': 0.007892763840576581, 'JSW': 0.005114183164835506}"
509,2020-12-14,101481.6150000684,1.4551915228366852e-11,"{'CDR': 0.1661157125470249, 'PKO': 0.12020323839203349, 'KGH': 0.11579892777129923, 'PZU': 0.10160590667114074, 'PKN': 0.09719716626854003, 'DNP': 0.07245461965339173, 'LPP': 0.06001025494502087, 'PEO': 0.05940005249291511, 'CPS': 0.05011079991893499, 'PGE': 0.034059485325793844, 'SPL': 0.03281250173038354, 'OPL': 0.030956423128334104, 'TPE': 0.016692525518312167, 'MBK': 0.01586083397288309, 'CCC': 0.0137146046585801, 'ALR': 0.007892763840576581, 'JSW': 0.005114183164835506}"
510,2020-12-15,102168.92906315284,1.4551915228366852e-11,"{'CDR': 0.1661157125470249, 'PKO': 0.12020323839203349, 'KGH': 0.11579892777129923, 'PZU': 0.10160590667114074, 'PKN': 0.09719716626854003, 'DNP': 0.07245461965339173, 'LPP': 0.06001025494502087, 'PEO': 0.05940005249291511, 'CPS': 0.05011079991893499, 'PGE': 0.034059485325793844, 'SPL': 0.03281250173038354, 'OPL': 0.030956423128334104, 'TPE': 0.016692525518312167, 'MBK': 0.01586083397288309, 'CCC': 0.0137146046585801, 'ALR': 0.007892763840576581, 'JSW': 0.005114183164835506}"
511,2020-12-16,104049.69660514886,1.4551915228366852e-11,"{'CDR': 0.1661157125470249, 'PKO': 0.12020323839203349, 'KGH': 0.11579892777129923, 'PZU': 0.10160590667114074, 'PKN': 0.09719716626854003, 'DNP': 0.07245461965339173, 'LPP': 0.06001025494502087, 'PEO': 0.05940005249291511, 'CPS': 0.05011079991893499, 'PGE': 0.034059485325793844, 'SPL': 0.03281250173038354, 'OPL': 0.030956423128334104, 'TPE': 0.016692525518312167, 'MBK': 0.01586083397288309, 'CCC': 0.0137146046585801, 'ALR': 0.007892763840576581, 'JSW': 0.005114183164835506}"
512,2020-12-17,103322.83150617155,1.4551915228366852e-11,"{'CDR': 0.1661157125470249, 'PKO': 0.12020323839203349, 'KGH': 0.11579892777129923, 'PZU': 0.10160590667114074, 'PKN': 0.09719716626854003, 'DNP': 0.07245461965339173, 'LPP': 0.06001025494502087, 'PEO': 0.05940005249291511, 'CPS': 0.05011079991893499, 'PGE': 0.034059485325793844, 'SPL': 0.03281250173038354, 'OPL': 0.030956423128334104, 'TPE': 0.016692525518312167, 'MBK': 0.01586083397288309, 'CCC': 0.0137146046585801, 'ALR': 0.007892763840576581, 'JSW': 0.005114183164835506}"
513,2020-12-18,101847.9391004449,-1.4551915228366852e-11,"{'CDR': 0.1354010349083272, 'ALE': 0.1308811103320569, 'PKO': 0.1242862929109943, 'KGH': 0.10499782675596533, 'PZU': 0.08144007292793608, 'PKN': 0.07812891620161361, 'DNP': 0.07039830116826408, 'PEO': 0.054305719914846916, 'LPP': 0.04100504340671602, 'CPS': 0.03958582516119549, 'SPL': 0.03206143036471371, 'PGE': 0.02610748198745547, 'OPL': 0.022361676454196375, 'ACP': 0.020822956225260186, 'TPE': 0.012153245959405284, 'CCC': 0.011986154690558604, 'ALR': 0.00816314876093364, 'JSW': 0.005913761869560942}"
514,2020-12-21,98578.49463202222,-1.4551915228366852e-11,"{'CDR': 0.1354010349083272, 'ALE': 0.1308811103320569, 'PKO': 0.1242862929109943, 'KGH': 0.10499782675596533, 'PZU': 0.08144007292793608, 'PKN': 0.07812891620161361, 'DNP': 0.07039830116826408, 'PEO': 0.054305719914846916, 'LPP': 0.04100504340671602, 'CPS': 0.03958582516119549, 'SPL': 0.03206143036471371, 'PGE': 0.02610748198745547, 'OPL': 0.022361676454196375, 'ACP': 0.020822956225260186, 'TPE': 0.012153245959405284, 'CCC': 0.011986154690558604, 'ALR': 0.00816314876093364, 'JSW': 0.005913761869560942}"
515,2020-12-22,100702.08722183178,-1.4551915228366852e-11,"{'CDR': 0.1354010349083272, 'ALE': 0.1308811103320569, 'PKO': 0.1242862929109943, 'KGH': 0.10499782675596533, 'PZU': 0.08144007292793608, 'PKN': 0.07812891620161361, 'DNP': 0.07039830116826408, 'PEO': 0.054305719914846916, 'LPP': 0.04100504340671602, 'CPS': 0.03958582516119549, 'SPL': 0.03206143036471371, 'PGE': 0.02610748198745547, 'OPL': 0.022361676454196375, 'ACP': 0.020822956225260186, 'TPE': 0.012153245959405284, 'CCC': 0.011986154690558604, 'ALR': 0.00816314876093364, 'JSW': 0.005913761869560942}"
516,2020-12-23,102102.35936455955,-1.4551915228366852e-11,"{'CDR': 0.1354010349083272, 'ALE': 0.1308811103320569, 'PKO': 0.1242862929109943, 'KGH': 0.10499782675596533, 'PZU': 0.08144007292793608, 'PKN': 0.07812891620161361, 'DNP': 0.07039830116826408, 'PEO': 0.054305719914846916, 'LPP': 0.04100504340671602, 'CPS': 0.03958582516119549, 'SPL': 0.03206143036471371, 'PGE': 0.02610748198745547, 'OPL': 0.022361676454196375, 'ACP': 0.020822956225260186, 'TPE': 0.012153245959405284, 'CCC': 0.011986154690558604, 'ALR': 0.00816314876093364, 'JSW': 0.005913761869560942}"
517,2020-12-24,102102.35936455955,-1.4551915228366852e-11,"{'CDR': 0.1354010349083272, 'ALE': 0.1308811103320569, 'PKO': 0.1242862929109943, 'KGH': 0.10499782675596533, 'PZU': 0.08144007292793608, 'PKN': 0.07812891620161361, 'DNP': 0.07039830116826408, 'PEO': 0.054305719914846916, 'LPP': 0.04100504340671602, 'CPS': 0.03958582516119549, 'SPL': 0.03206143036471371, 'PGE': 0.02610748198745547, 'OPL': 0.022361676454196375, 'ACP': 0.020822956225260186, 'TPE': 0.012153245959405284, 'CCC': 0.011986154690558604, 'ALR': 0.00816314876093364, 'JSW': 0.005913761869560942}"
518,2020-12-25,102102.35936455955,-1.4551915228366852e-11,"{'CDR': 0.1354010349083272, 'ALE': 0.1308811103320569, 'PKO': 0.1242862929109943, 'KGH': 0.10499782675596533, 'PZU': 0.08144007292793608, 'PKN': 0.07812891620161361, 'DNP': 0.07039830116826408, 'PEO': 0.054305719914846916, 'LPP': 0.04100504340671602, 'CPS': 0.03958582516119549, 'SPL': 0.03206143036471371, 'PGE': 0.02610748198745547, 'OPL': 0.022361676454196375, 'ACP': 0.020822956225260186, 'TPE': 0.012153245959405284, 'CCC': 0.011986154690558604, 'ALR': 0.00816314876093364, 'JSW': 0.005913761869560942}"
519,2020-12-28,104524.48331610311,-1.4551915228366852e-11,"{'CDR': 0.1354010349083272, 'ALE': 0.1308811103320569, 'PKO': 0.1242862929109943, 'KGH': 0.10499782675596533, 'PZU': 0.08144007292793608, 'PKN': 0.07812891620161361, 'DNP': 0.07039830116826408, 'PEO': 0.054305719914846916, 'LPP': 0.04100504340671602, 'CPS': 0.03958582516119549, 'SPL': 0.03206143036471371, 'PGE': 0.02610748198745547, 'OPL': 0.022361676454196375, 'ACP': 0.020822956225260186, 'TPE': 0.012153245959405284, 'CCC': 0.011986154690558604, 'ALR': 0.00816314876093364, 'JSW': 0.005913761869560942}"
520,2020-12-29,105346.72346787446,-1.4551915228366852e-11,"{'CDR': 0.1354010349083272, 'ALE': 0.1308811103320569, 'PKO': 0.1242862929109943, 'KGH': 0.10499782675596533, 'PZU': 0.08144007292793608, 'PKN': 0.07812891620161361, 'DNP': 0.07039830116826408, 'PEO': 0.054305719914846916, 'LPP': 0.04100504340671602, 'CPS': 0.03958582516119549, 'SPL': 0.03206143036471371, 'PGE': 0.02610748198745547, 'OPL': 0.022361676454196375, 'ACP': 0.020822956225260186, 'TPE': 0.012153245959405284, 'CCC': 0.011986154690558604, 'ALR': 0.00816314876093364, 'JSW': 0.005913761869560942}"
521,2020-12-30,103559.58272220955,-1.4551915228366852e-11,"{'CDR': 0.1354010349083272, 'ALE': 0.1308811103320569, 'PKO': 0.1242862929109943, 'KGH': 0.10499782675596533, 'PZU': 0.08144007292793608, 'PKN': 0.07812891620161361, 'DNP': 0.07039830116826408, 'PEO': 0.054305719914846916, 'LPP': 0.04100504340671602, 'CPS': 0.03958582516119549, 'SPL': 0.03206143036471371, 'PGE': 0.02610748198745547, 'OPL': 0.022361676454196375, 'ACP': 0.020822956225260186, 'TPE': 0.012153245959405284, 'CCC': 0.011986154690558604, 'ALR': 0.00816314876093364, 'JSW': 0.005913761869560942}"
522,2020-12-31,103559.58272220955,-1.4551915228366852e-11,"{'CDR': 0.1354010349083272, 'ALE': 0.1308811103320569, 'PKO': 0.1242862929109943, 'KGH': 0.10499782675596533, 'PZU': 0.08144007292793608, 'PKN': 0.07812891620161361, 'DNP': 0.07039830116826408, 'PEO': 0.054305719914846916, 'LPP': 0.04100504340671602, 'CPS': 0.03958582516119549, 'SPL': 0.03206143036471371, 'PGE': 0.02610748198745547, 'OPL': 0.022361676454196375, 'ACP': 0.020822956225260186, 'TPE': 0.012153245959405284, 'CCC': 0.011986154690558604, 'ALR': 0.00816314876093364, 'JSW': 0.005913761869560942}"
523,2021-01-01,103559.58272220955,-1.4551915228366852e-11,"{'CDR': 0.1354010349083272, 'ALE': 0.1308811103320569, 'PKO': 0.1242862929109943, 'KGH': 0.10499782675596533, 'PZU': 0.08144007292793608, 'PKN': 0.07812891620161361, 'DNP': 0.07039830116826408, 'PEO': 0.054305719914846916, 'LPP': 0.04100504340671602, 'CPS': 0.03958582516119549, 'SPL': 0.03206143036471371, 'PGE': 0.02610748198745547, 'OPL': 0.022361676454196375, 'ACP': 0.020822956225260186, 'TPE': 0.012153245959405284, 'CCC': 0.011986154690558604, 'ALR': 0.00816314876093364, 'JSW': 0.005913761869560942}"
524,2021-01-04,104726.00924931066,-1.4551915228366852e-11,"{'CDR': 0.1354010349083272, 'ALE': 0.1308811103320569, 'PKO': 0.1242862929109943, 'KGH': 0.10499782675596533, 'PZU': 0.08144007292793608, 'PKN': 0.07812891620161361, 'DNP': 0.07039830116826408, 'PEO': 0.054305719914846916, 'LPP': 0.04100504340671602, 'CPS': 0.03958582516119549, 'SPL': 0.03206143036471371, 'PGE': 0.02610748198745547, 'OPL': 0.022361676454196375, 'ACP': 0.020822956225260186, 'TPE': 0.012153245959405284, 'CCC': 0.011986154690558604, 'ALR': 0.00816314876093364, 'JSW': 0.005913761869560942}"
525,2021-01-05,104561.0993289154,-1.4551915228366852e-11,"{'CDR': 0.1354010349083272, 'ALE': 0.1308811103320569, 'PKO': 0.1242862929109943, 'KGH': 0.10499782675596533, 'PZU': 0.08144007292793608, 'PKN': 0.07812891620161361, 'DNP': 0.07039830116826408, 'PEO': 0.054305719914846916, 'LPP': 0.04100504340671602, 'CPS': 0.03958582516119549, 'SPL': 0.03206143036471371, 'PGE': 0.02610748198745547, 'OPL': 0.022361676454196375, 'ACP': 0.020822956225260186, 'TPE': 0.012153245959405284, 'CCC': 0.011986154690558604, 'ALR': 0.00816314876093364, 'JSW': 0.005913761869560942}"
526,2021-01-06,104561.0993289154,-1.4551915228366852e-11,"{'CDR': 0.1354010349083272, 'ALE': 0.1308811103320569, 'PKO': 0.1242862929109943, 'KGH': 0.10499782675596533, 'PZU': 0.08144007292793608, 'PKN': 0.07812891620161361, 'DNP': 0.07039830116826408, 'PEO': 0.054305719914846916, 'LPP': 0.04100504340671602, 'CPS': 0.03958582516119549, 'SPL': 0.03206143036471371, 'PGE': 0.02610748198745547, 'OPL': 0.022361676454196375, 'ACP': 0.020822956225260186, 'TPE': 0.012153245959405284, 'CCC': 0.011986154690558604, 'ALR': 0.00816314876093364, 'JSW': 0.005913761869560942}"
527,2021-01-07,107187.25610354485,-1.4551915228366852e-11,"{'CDR': 0.1354010349083272, 'ALE': 0.1308811103320569, 'PKO': 0.1242862929109943, 'KGH': 0.10499782675596533, 'PZU': 0.08144007292793608, 'PKN': 0.07812891620161361, 'DNP': 0.07039830116826408, 'PEO': 0.054305719914846916, 'LPP': 0.04100504340671602, 'CPS': 0.03958582516119549, 'SPL': 0.03206143036471371, 'PGE': 0.02610748198745547, 'OPL': 0.022361676454196375, 'ACP': 0.020822956225260186, 'TPE': 0.012153245959405284, 'CCC': 0.011986154690558604, 'ALR': 0.00816314876093364, 'JSW': 0.005913761869560942}"
528,2021-01-08,107164.42842811684,-1.4551915228366852e-11,"{'CDR': 0.1354010349083272, 'ALE': 0.1308811103320569, 'PKO': 0.1242862929109943, 'KGH': 0.10499782675596533, 'PZU': 0.08144007292793608, 'PKN': 0.07812891620161361, 'DNP': 0.07039830116826408, 'PEO': 0.054305719914846916, 'LPP': 0.04100504340671602, 'CPS': 0.03958582516119549, 'SPL': 0.03206143036471371, 'PGE': 0.02610748198745547, 'OPL': 0.022361676454196375, 'ACP': 0.020822956225260186, 'TPE': 0.012153245959405284, 'CCC': 0.011986154690558604, 'ALR': 0.00816314876093364, 'JSW': 0.005913761869560942}"
529,2021-01-11,106965.50873825004,-1.4551915228366852e-11,"{'CDR': 0.1354010349083272, 'ALE': 0.1308811103320569, 'PKO': 0.1242862929109943, 'KGH': 0.10499782675596533, 'PZU': 0.08144007292793608, 'PKN': 0.07812891620161361, 'DNP': 0.07039830116826408, 'PEO': 0.054305719914846916, 'LPP': 0.04100504340671602, 'CPS': 0.03958582516119549, 'SPL': 0.03206143036471371, 'PGE': 0.02610748198745547, 'OPL': 0.022361676454196375, 'ACP': 0.020822956225260186, 'TPE': 0.012153245959405284, 'CCC': 0.011986154690558604, 'ALR': 0.00816314876093364, 'JSW': 0.005913761869560942}"
530,2021-01-12,105693.65986482795,-1.4551915228366852e-11,"{'CDR': 0.1354010349083272, 'ALE': 0.1308811103320569, 'PKO': 0.1242862929109943, 'KGH': 0.10499782675596533, 'PZU': 0.08144007292793608, 'PKN': 0.07812891620161361, 'DNP': 0.07039830116826408, 'PEO': 0.054305719914846916, 'LPP': 0.04100504340671602, 'CPS': 0.03958582516119549, 'SPL': 0.03206143036471371, 'PGE': 0.02610748198745547, 'OPL': 0.022361676454196375, 'ACP': 0.020822956225260186, 'TPE': 0.012153245959405284, 'CCC': 0.011986154690558604, 'ALR': 0.00816314876093364, 'JSW': 0.005913761869560942}"
531,2021-01-13,104558.39873145803,-1.4551915228366852e-11,"{'CDR': 0.1354010349083272, 'ALE': 0.1308811103320569, 'PKO': 0.1242862929109943, 'KGH': 0.10499782675596533, 'PZU': 0.08144007292793608, 'PKN': 0.07812891620161361, 'DNP': 0.07039830116826408, 'PEO': 0.054305719914846916, 'LPP': 0.04100504340671602, 'CPS': 0.03958582516119549, 'SPL': 0.03206143036471371, 'PGE': 0.02610748198745547, 'OPL': 0.022361676454196375, 'ACP': 0.020822956225260186, 'TPE': 0.012153245959405284, 'CCC': 0.011986154690558604, 'ALR': 0.00816314876093364, 'JSW': 0.005913761869560942}"
532,2021-01-14,105339.92551987762,-1.4551915228366852e-11,"{'CDR': 0.1354010349083272, 'ALE': 0.1308811103320569, 'PKO': 0.1242862929109943, 'KGH': 0.10499782675596533, 'PZU': 0.08144007292793608, 'PKN': 0.07812891620161361, 'DNP': 0.07039830116826408, 'PEO': 0.054305719914846916, 'LPP': 0.04100504340671602, 'CPS': 0.03958582516119549, 'SPL': 0.03206143036471371, 'PGE': 0.02610748198745547, 'OPL': 0.022361676454196375, 'ACP': 0.020822956225260186, 'TPE': 0.012153245959405284, 'CCC': 0.011986154690558604, 'ALR': 0.00816314876093364, 'JSW': 0.005913761869560942}"
533,2021-01-15,102919.96879904196,-1.4551915228366852e-11,"{'CDR': 0.1354010349083272, 'ALE': 0.1308811103320569, 'PKO': 0.1242862929109943, 'KGH': 0.10499782675596533, 'PZU': 0.08144007292793608, 'PKN': 0.07812891620161361, 'DNP': 0.07039830116826408, 'PEO': 0.054305719914846916, 'LPP': 0.04100504340671602, 'CPS': 0.03958582516119549, 'SPL': 0.03206143036471371, 'PGE': 0.02610748198745547, 'OPL': 0.022361676454196375, 'ACP': 0.020822956225260186, 'TPE': 0.012153245959405284, 'CCC': 0.011986154690558604, 'ALR': 0.00816314876093364, 'JSW': 0.005913761869560942}"
534,2021-01-18,104706.36192565673,-1.4551915228366852e-11,"{'CDR': 0.1354010349083272, 'ALE': 0.1308811103320569, 'PKO': 0.1242862929109943, 'KGH': 0.10499782675596533, 'PZU': 0.08144007292793608, 'PKN': 0.07812891620161361, 'DNP': 0.07039830116826408, 'PEO': 0.054305719914846916, 'LPP': 0.04100504340671602, 'CPS': 0.03958582516119549, 'SPL': 0.03206143036471371, 'PGE': 0.02610748198745547, 'OPL': 0.022361676454196375, 'ACP': 0.020822956225260186, 'TPE': 0.012153245959405284, 'CCC': 0.011986154690558604, 'ALR': 0.00816314876093364, 'JSW': 0.005913761869560942}"
535,2021-01-19,102478.00028917954,-1.4551915228366852e-11,"{'CDR': 0.1354010349083272, 'ALE': 0.1308811103320569, 'PKO': 0.1242862929109943, 'KGH': 0.10499782675596533, 'PZU': 0.08144007292793608, 'PKN': 0.07812891620161361, 'DNP': 0.07039830116826408, 'PEO': 0.054305719914846916, 'LPP': 0.04100504340671602, 'CPS': 0.03958582516119549, 'SPL': 0.03206143036471371, 'PGE': 0.02610748198745547, 'OPL': 0.022361676454196375, 'ACP': 0.020822956225260186, 'TPE': 0.012153245959405284, 'CCC': 0.011986154690558604, 'ALR': 0.00816314876093364, 'JSW': 0.005913761869560942}"
536,2021-01-20,102839.2043291339,-1.4551915228366852e-11,"{'CDR': 0.1354010349083272, 'ALE': 0.1308811103320569, 'PKO': 0.1242862929109943, 'KGH': 0.10499782675596533, 'PZU': 0.08144007292793608, 'PKN': 0.07812891620161361, 'DNP': 0.07039830116826408, 'PEO': 0.054305719914846916, 'LPP': 0.04100504340671602, 'CPS': 0.03958582516119549, 'SPL': 0.03206143036471371, 'PGE': 0.02610748198745547, 'OPL': 0.022361676454196375, 'ACP': 0.020822956225260186, 'TPE': 0.012153245959405284, 'CCC': 0.011986154690558604, 'ALR': 0.00816314876093364, 'JSW': 0.005913761869560942}"
537,2021-01-21,101191.56053508885,-1.4551915228366852e-11,"{'CDR': 0.1354010349083272, 'ALE': 0.1308811103320569, 'PKO': 0.1242862929109943, 'KGH': 0.10499782675596533, 'PZU': 0.08144007292793608, 'PKN': 0.07812891620161361, 'DNP': 0.07039830116826408, 'PEO': 0.054305719914846916, 'LPP': 0.04100504340671602, 'CPS': 0.03958582516119549, 'SPL': 0.03206143036471371, 'PGE': 0.02610748198745547, 'OPL': 0.022361676454196375, 'ACP': 0.020822956225260186, 'TPE': 0.012153245959405284, 'CCC': 0.011986154690558604, 'ALR': 0.00816314876093364, 'JSW': 0.005913761869560942}"
538,2021-01-22,101206.77250952789,-1.4551915228366852e-11,"{'CDR': 0.1354010349083272, 'ALE': 0.1308811103320569, 'PKO': 0.1242862929109943, 'KGH': 0.10499782675596533, 'PZU': 0.08144007292793608, 'PKN': 0.07812891620161361, 'DNP': 0.07039830116826408, 'PEO': 0.054305719914846916, 'LPP': 0.04100504340671602, 'CPS': 0.03958582516119549, 'SPL': 0.03206143036471371, 'PGE': 0.02610748198745547, 'OPL': 0.022361676454196375, 'ACP': 0.020822956225260186, 'TPE': 0.012153245959405284, 'CCC': 0.011986154690558604, 'ALR': 0.00816314876093364, 'JSW': 0.005913761869560942}"
539,2021-01-25,101350.35099025677,-1.4551915228366852e-11,"{'CDR': 0.1354010349083272, 'ALE': 0.1308811103320569, 'PKO': 0.1242862929109943, 'KGH': 0.10499782675596533, 'PZU': 0.08144007292793608, 'PKN': 0.07812891620161361, 'DNP': 0.07039830116826408, 'PEO': 0.054305719914846916, 'LPP': 0.04100504340671602, 'CPS': 0.03958582516119549, 'SPL': 0.03206143036471371, 'PGE': 0.02610748198745547, 'OPL': 0.022361676454196375, 'ACP': 0.020822956225260186, 'TPE': 0.012153245959405284, 'CCC': 0.011986154690558604, 'ALR': 0.00816314876093364, 'JSW': 0.005913761869560942}"
540,2021-01-26,103726.05272901453,-1.4551915228366852e-11,"{'CDR': 0.1354010349083272, 'ALE': 0.1308811103320569, 'PKO': 0.1242862929109943, 'KGH': 0.10499782675596533, 'PZU': 0.08144007292793608, 'PKN': 0.07812891620161361, 'DNP': 0.07039830116826408, 'PEO': 0.054305719914846916, 'LPP': 0.04100504340671602, 'CPS': 0.03958582516119549, 'SPL': 0.03206143036471371, 'PGE': 0.02610748198745547, 'OPL': 0.022361676454196375, 'ACP': 0.020822956225260186, 'TPE': 0.012153245959405284, 'CCC': 0.011986154690558604, 'ALR': 0.00816314876093364, 'JSW': 0.005913761869560942}"
541,2021-01-27,101473.29302296527,-1.4551915228366852e-11,"{'CDR': 0.1354010349083272, 'ALE': 0.1308811103320569, 'PKO': 0.1242862929109943, 'KGH': 0.10499782675596533, 'PZU': 0.08144007292793608, 'PKN': 0.07812891620161361, 'DNP': 0.07039830116826408, 'PEO': 0.054305719914846916, 'LPP': 0.04100504340671602, 'CPS': 0.03958582516119549, 'SPL': 0.03206143036471371, 'PGE': 0.02610748198745547, 'OPL': 0.022361676454196375, 'ACP': 0.020822956225260186, 'TPE': 0.012153245959405284, 'CCC': 0.011986154690558604, 'ALR': 0.00816314876093364, 'JSW': 0.005913761869560942}"
542,2021-01-28,105287.12511773288,-1.4551915228366852e-11,"{'CDR': 0.1354010349083272, 'ALE': 0.1308811103320569, 'PKO': 0.1242862929109943, 'KGH': 0.10499782675596533, 'PZU': 0.08144007292793608, 'PKN': 0.07812891620161361, 'DNP': 0.07039830116826408, 'PEO': 0.054305719914846916, 'LPP': 0.04100504340671602, 'CPS': 0.03958582516119549, 'SPL': 0.03206143036471371, 'PGE': 0.02610748198745547, 'OPL': 0.022361676454196375, 'ACP': 0.020822956225260186, 'TPE': 0.012153245959405284, 'CCC': 0.011986154690558604, 'ALR': 0.00816314876093364, 'JSW': 0.005913761869560942}"
543,2021-01-29,102155.57419030198,-1.4551915228366852e-11,"{'CDR': 0.1354010349083272, 'ALE': 0.1308811103320569, 'PKO': 0.1242862929109943, 'KGH': 0.10499782675596533, 'PZU': 0.08144007292793608, 'PKN': 0.07812891620161361, 'DNP': 0.07039830116826408, 'PEO': 0.054305719914846916, 'LPP': 0.04100504340671602, 'CPS': 0.03958582516119549, 'SPL': 0.03206143036471371, 'PGE': 0.02610748198745547, 'OPL': 0.022361676454196375, 'ACP': 0.020822956225260186, 'TPE': 0.012153245959405284, 'CCC': 0.011986154690558604, 'ALR': 0.00816314876093364, 'JSW': 0.005913761869560942}"
544,2021-02-01,103009.82553585761,-1.4551915228366852e-11,"{'CDR': 0.1354010349083272, 'ALE': 0.1308811103320569, 'PKO': 0.1242862929109943, 'KGH': 0.10499782675596533, 'PZU': 0.08144007292793608, 'PKN': 0.07812891620161361, 'DNP': 0.07039830116826408, 'PEO': 0.054305719914846916, 'LPP': 0.04100504340671602, 'CPS': 0.03958582516119549, 'SPL': 0.03206143036471371, 'PGE': 0.02610748198745547, 'OPL': 0.022361676454196375, 'ACP': 0.020822956225260186, 'TPE': 0.012153245959405284, 'CCC': 0.011986154690558604, 'ALR': 0.00816314876093364, 'JSW': 0.005913761869560942}"
545,2021-02-02,101865.64751319213,-1.4551915228366852e-11,"{'CDR': 0.1354010349083272, 'ALE': 0.1308811103320569, 'PKO': 0.1242862929109943, 'KGH': 0.10499782675596533, 'PZU': 0.08144007292793608, 'PKN': 0.07812891620161361, 'DNP': 0.07039830116826408, 'PEO': 0.054305719914846916, 'LPP': 0.04100504340671602, 'CPS': 0.03958582516119549, 'SPL': 0.03206143036471371, 'PGE': 0.02610748198745547, 'OPL': 0.022361676454196375, 'ACP': 0.020822956225260186, 'TPE': 0.012153245959405284, 'CCC': 0.011986154690558604, 'ALR': 0.00816314876093364, 'JSW': 0.005913761869560942}"
546,2021-02-03,101274.95958595558,1.4551915228366852e-11,"{'CDR': 0.14449874154149117, 'ALE': 0.10870628766365861, 'PKO': 0.1282271831590168, 'PZU': 0.08038121102590731, 'DNP': 0.06487176988942074, 'PEO': 0.05854367326719418, 'LPP': 0.04328920872761471, 'SPL': 0.034510394589204886, 'PGE': 0.027787852637334173, 'OPL': 0.02255756038479569, 'ACP': 0.021414701726252018, 'TPE': 0.013417840532508008, 'CCC': 0.0133250370194228, 'ALR': 0.008426114268450725, 'JSW': 0.007745589601784626, 'CCE': 0.07550631110590701, 'PBG': 0.07346042776172292, 'BST': 0.07333009509831348}"
547,2021-02-04,100847.4798161528,1.4551915228366852e-11,"{'CDR': 0.14449874154149117, 'ALE': 0.10870628766365861, 'PKO': 0.1282271831590168, 'PZU': 0.08038121102590731, 'DNP': 0.06487176988942074, 'PEO': 0.05854367326719418, 'LPP': 0.04328920872761471, 'SPL': 0.034510394589204886, 'PGE': 0.027787852637334173, 'OPL': 0.02255756038479569, 'ACP': 0.021414701726252018, 'TPE': 0.013417840532508008, 'CCC': 0.0133250370194228, 'ALR': 0.008426114268450725, 'JSW': 0.007745589601784626, 'CCE': 0.07550631110590701, 'PBG': 0.07346042776172292, 'BST': 0.07333009509831348}"
548,2021-02-05,101772.61711974785,1.4551915228366852e-11,"{'CDR': 0.14449874154149117, 'ALE': 0.10870628766365861, 'PKO': 0.1282271831590168, 'PZU': 0.08038121102590731, 'DNP': 0.06487176988942074, 'PEO': 0.05854367326719418, 'LPP': 0.04328920872761471, 'SPL': 0.034510394589204886, 'PGE': 0.027787852637334173, 'OPL': 0.02255756038479569, 'ACP': 0.021414701726252018, 'TPE': 0.013417840532508008, 'CCC': 0.0133250370194228, 'ALR': 0.008426114268450725, 'JSW': 0.007745589601784626, 'CCE': 0.07550631110590701, 'PBG': 0.07346042776172292, 'BST': 0.07333009509831348}"
549,2021-02-08,100928.76146780807,1.4551915228366852e-11,"{'CDR': 0.14449874154149117, 'ALE': 0.10870628766365861, 'PKO': 0.1282271831590168, 'PZU': 0.08038121102590731, 'DNP': 0.06487176988942074, 'PEO': 0.05854367326719418, 'LPP': 0.04328920872761471, 'SPL': 0.034510394589204886, 'PGE': 0.027787852637334173, 'OPL': 0.02255756038479569, 'ACP': 0.021414701726252018, 'TPE': 0.013417840532508008, 'CCC': 0.0133250370194228, 'ALR': 0.008426114268450725, 'JSW': 0.007745589601784626, 'CCE': 0.07550631110590701, 'PBG': 0.07346042776172292, 'BST': 0.07333009509831348}"
550,2021-02-09,100062.75473244849,1.4551915228366852e-11,"{'CDR': 0.14449874154149117, 'ALE': 0.10870628766365861, 'PKO': 0.1282271831590168, 'PZU': 0.08038121102590731, 'DNP': 0.06487176988942074, 'PEO': 0.05854367326719418, 'LPP': 0.04328920872761471, 'SPL': 0.034510394589204886, 'PGE': 0.027787852637334173, 'OPL': 0.02255756038479569, 'ACP': 0.021414701726252018, 'TPE': 0.013417840532508008, 'CCC': 0.0133250370194228, 'ALR': 0.008426114268450725, 'JSW': 0.007745589601784626, 'CCE': 0.07550631110590701, 'PBG': 0.07346042776172292, 'BST': 0.07333009509831348}"
551,2021-02-10,99850.20364045401,1.4551915228366852e-11,"{'CDR': 0.14449874154149117, 'ALE': 0.10870628766365861, 'PKO': 0.1282271831590168, 'PZU': 0.08038121102590731, 'DNP': 0.06487176988942074, 'PEO': 0.05854367326719418, 'LPP': 0.04328920872761471, 'SPL': 0.034510394589204886, 'PGE': 0.027787852637334173, 'OPL': 0.02255756038479569, 'ACP': 0.021414701726252018, 'TPE': 0.013417840532508008, 'CCC': 0.0133250370194228, 'ALR': 0.008426114268450725, 'JSW': 0.007745589601784626, 'CCE': 0.07550631110590701, 'PBG': 0.07346042776172292, 'BST': 0.07333009509831348}"
552,2021-02-11,101563.1292826954,1.4551915228366852e-11,"{'CDR': 0.14449874154149117, 'ALE': 0.10870628766365861, 'PKO': 0.1282271831590168, 'PZU': 0.08038121102590731, 'DNP': 0.06487176988942074, 'PEO': 0.05854367326719418, 'LPP': 0.04328920872761471, 'SPL': 0.034510394589204886, 'PGE': 0.027787852637334173, 'OPL': 0.02255756038479569, 'ACP': 0.021414701726252018, 'TPE': 0.013417840532508008, 'CCC': 0.0133250370194228, 'ALR': 0.008426114268450725, 'JSW': 0.007745589601784626, 'CCE': 0.07550631110590701, 'PBG': 0.07346042776172292, 'BST': 0.07333009509831348}"
553,2021-02-12,100826.11737445611,1.4551915228366852e-11,"{'CDR': 0.14449874154149117, 'ALE': 0.10870628766365861, 'PKO': 0.1282271831590168, 'PZU': 0.08038121102590731, 'DNP': 0.06487176988942074, 'PEO': 0.05854367326719418, 'LPP': 0.04328920872761471, 'SPL': 0.034510394589204886, 'PGE': 0.027787852637334173, 'OPL': 0.02255756038479569, 'ACP': 0.021414701726252018, 'TPE': 0.013417840532508008, 'CCC': 0.0133250370194228, 'ALR': 0.008426114268450725, 'JSW': 0.007745589601784626, 'CCE': 0.07550631110590701, 'PBG': 0.07346042776172292, 'BST': 0.07333009509831348}"
554,2021-02-15,102410.92044507313,1.4551915228366852e-11,"{'CDR': 0.14449874154149117, 'ALE': 0.10870628766365861, 'PKO': 0.1282271831590168, 'PZU': 0.08038121102590731, 'DNP': 0.06487176988942074, 'PEO': 0.05854367326719418, 'LPP': 0.04328920872761471, 'SPL': 0.034510394589204886, 'PGE': 0.027787852637334173, 'OPL': 0.02255756038479569, 'ACP': 0.021414701726252018, 'TPE': 0.013417840532508008, 'CCC': 0.0133250370194228, 'ALR': 0.008426114268450725, 'JSW': 0.007745589601784626, 'CCE': 0.07550631110590701, 'PBG': 0.07346042776172292, 'BST': 0.07333009509831348}"
555,2021-02-16,103949.48032709041,1.4551915228366852e-11,"{'CDR': 0.14449874154149117, 'ALE': 0.10870628766365861, 'PKO': 0.1282271831590168, 'PZU': 0.08038121102590731, 'DNP': 0.06487176988942074, 'PEO': 0.05854367326719418, 'LPP': 0.04328920872761471, 'SPL': 0.034510394589204886, 'PGE': 0.027787852637334173, 'OPL': 0.02255756038479569, 'ACP': 0.021414701726252018, 'TPE': 0.013417840532508008, 'CCC': 0.0133250370194228, 'ALR': 0.008426114268450725, 'JSW': 0.007745589601784626, 'CCE': 0.07550631110590701, 'PBG': 0.07346042776172292, 'BST': 0.07333009509831348}"
556,2021-02-17,102890.58261863308,1.4551915228366852e-11,"{'CDR': 0.14449874154149117, 'ALE': 0.10870628766365861, 'PKO': 0.1282271831590168, 'PZU': 0.08038121102590731, 'DNP': 0.06487176988942074, 'PEO': 0.05854367326719418, 'LPP': 0.04328920872761471, 'SPL': 0.034510394589204886, 'PGE': 0.027787852637334173, 'OPL': 0.02255756038479569, 'ACP': 0.021414701726252018, 'TPE': 0.013417840532508008, 'CCC': 0.0133250370194228, 'ALR': 0.008426114268450725, 'JSW': 0.007745589601784626, 'CCE': 0.07550631110590701, 'PBG': 0.07346042776172292, 'BST': 0.07333009509831348}"
557,2021-02-18,102733.18670744105,1.4551915228366852e-11,"{'CDR': 0.14449874154149117, 'ALE': 0.10870628766365861, 'PKO': 0.1282271831590168, 'PZU': 0.08038121102590731, 'DNP': 0.06487176988942074, 'PEO': 0.05854367326719418, 'LPP': 0.04328920872761471, 'SPL': 0.034510394589204886, 'PGE': 0.027787852637334173, 'OPL': 0.02255756038479569, 'ACP': 0.021414701726252018, 'TPE': 0.013417840532508008, 'CCC': 0.0133250370194228, 'ALR': 0.008426114268450725, 'JSW': 0.007745589601784626, 'CCE': 0.07550631110590701, 'PBG': 0.07346042776172292, 'BST': 0.07333009509831348}"
558,2021-02-19,101821.44317468113,1.4551915228366852e-11,"{'CDR': 0.14449874154149117, 'ALE': 0.10870628766365861, 'PKO': 0.1282271831590168, 'PZU': 0.08038121102590731, 'DNP': 0.06487176988942074, 'PEO': 0.05854367326719418, 'LPP': 0.04328920872761471, 'SPL': 0.034510394589204886, 'PGE': 0.027787852637334173, 'OPL': 0.02255756038479569, 'ACP': 0.021414701726252018, 'TPE': 0.013417840532508008, 'CCC': 0.0133250370194228, 'ALR': 0.008426114268450725, 'JSW': 0.007745589601784626, 'CCE': 0.07550631110590701, 'PBG': 0.07346042776172292, 'BST': 0.07333009509831348}"
559,2021-02-22,100591.99020294237,1.4551915228366852e-11,"{'CDR': 0.14449874154149117, 'ALE': 0.10870628766365861, 'PKO': 0.1282271831590168, 'PZU': 0.08038121102590731, 'DNP': 0.06487176988942074, 'PEO': 0.05854367326719418, 'LPP': 0.04328920872761471, 'SPL': 0.034510394589204886, 'PGE': 0.027787852637334173, 'OPL': 0.02255756038479569, 'ACP': 0.021414701726252018, 'TPE': 0.013417840532508008, 'CCC': 0.0133250370194228, 'ALR': 0.008426114268450725, 'JSW': 0.007745589601784626, 'CCE': 0.07550631110590701, 'PBG': 0.07346042776172292, 'BST': 0.07333009509831348}"
560,2021-02-23,99102.27913336383,1.4551915228366852e-11,"{'CDR': 0.14449874154149117, 'ALE': 0.10870628766365861, 'PKO': 0.1282271831590168, 'PZU': 0.08038121102590731, 'DNP': 0.06487176988942074, 'PEO': 0.05854367326719418, 'LPP': 0.04328920872761471, 'SPL': 0.034510394589204886, 'PGE': 0.027787852637334173, 'OPL': 0.02255756038479569, 'ACP': 0.021414701726252018, 'TPE': 0.013417840532508008, 'CCC': 0.0133250370194228, 'ALR': 0.008426114268450725, 'JSW': 0.007745589601784626, 'CCE': 0.07550631110590701, 'PBG': 0.07346042776172292, 'BST': 0.07333009509831348}"
561,2021-02-24,99469.86516110899,1.4551915228366852e-11,"{'CDR': 0.14449874154149117, 'ALE': 0.10870628766365861, 'PKO': 0.1282271831590168, 'PZU': 0.08038121102590731, 'DNP': 0.06487176988942074, 'PEO': 0.05854367326719418, 'LPP': 0.04328920872761471, 'SPL': 0.034510394589204886, 'PGE': 0.027787852637334173, 'OPL': 0.02255756038479569, 'ACP': 0.021414701726252018, 'TPE': 0.013417840532508008, 'CCC': 0.0133250370194228, 'ALR': 0.008426114268450725, 'JSW': 0.007745589601784626, 'CCE': 0.07550631110590701, 'PBG': 0.07346042776172292, 'BST': 0.07333009509831348}"
562,2021-02-25,99676.47281231554,1.4551915228366852e-11,"{'CDR': 0.14449874154149117, 'ALE': 0.10870628766365861, 'PKO': 0.1282271831590168, 'PZU': 0.08038121102590731, 'DNP': 0.06487176988942074, 'PEO': 0.05854367326719418, 'LPP': 0.04328920872761471, 'SPL': 0.034510394589204886, 'PGE': 0.027787852637334173, 'OPL': 0.02255756038479569, 'ACP': 0.021414701726252018, 'TPE': 0.013417840532508008, 'CCC': 0.0133250370194228, 'ALR': 0.008426114268450725, 'JSW': 0.007745589601784626, 'CCE': 0.07550631110590701, 'PBG': 0.07346042776172292, 'BST': 0.07333009509831348}"
563,2021-02-26,98630.45729668901,1.4551915228366852e-11,"{'CDR': 0.14449874154149117, 'ALE': 0.10870628766365861, 'PKO': 0.1282271831590168, 'PZU': 0.08038121102590731, 'DNP': 0.06487176988942074, 'PEO': 0.05854367326719418, 'LPP': 0.04328920872761471, 'SPL': 0.034510394589204886, 'PGE': 0.027787852637334173, 'OPL': 0.02255756038479569, 'ACP': 0.021414701726252018, 'TPE': 0.013417840532508008, 'CCC': 0.0133250370194228, 'ALR': 0.008426114268450725, 'JSW': 0.007745589601784626, 'CCE': 0.07550631110590701, 'PBG': 0.07346042776172292, 'BST': 0.07333009509831348}"
564,2021-03-01,100281.25668543679,1.4551915228366852e-11,"{'CDR': 0.14449874154149117, 'ALE': 0.10870628766365861, 'PKO': 0.1282271831590168, 'PZU': 0.08038121102590731, 'DNP': 0.06487176988942074, 'PEO': 0.05854367326719418, 'LPP': 0.04328920872761471, 'SPL': 0.034510394589204886, 'PGE': 0.027787852637334173, 'OPL': 0.02255756038479569, 'ACP': 0.021414701726252018, 'TPE': 0.013417840532508008, 'CCC': 0.0133250370194228, 'ALR': 0.008426114268450725, 'JSW': 0.007745589601784626, 'CCE': 0.07550631110590701, 'PBG': 0.07346042776172292, 'BST': 0.07333009509831348}"
565,2021-03-02,100634.46130741044,1.4551915228366852e-11,"{'CDR': 0.14449874154149117, 'ALE': 0.10870628766365861, 'PKO': 0.1282271831590168, 'PZU': 0.08038121102590731, 'DNP': 0.06487176988942074, 'PEO': 0.05854367326719418, 'LPP': 0.04328920872761471, 'SPL': 0.034510394589204886, 'PGE': 0.027787852637334173, 'OPL': 0.02255756038479569, 'ACP': 0.021414701726252018, 'TPE': 0.013417840532508008, 'CCC': 0.0133250370194228, 'ALR': 0.008426114268450725, 'JSW': 0.007745589601784626, 'CCE': 0.07550631110590701, 'PBG': 0.07346042776172292, 'BST': 0.07333009509831348}"
566,2021-03-03,100078.68769948883,0.0,"{'CDR': 0.1159141492703267, 'ALE': 0.10281223486705963, 'DNP': 0.06153154967870034, 'LPP': 0.04440396776580122, 'OPL': 0.022616559680477974, 'ACP': 0.021255143359114045, 'TPE': 0.012139412423068157, 'CCC': 0.014384698896150454, 'ALR': 0.011745298143346562, 'CCE': 0.07872428173285652, 'PBG': 0.07707338531306876, 'BST': 0.07420663268303339, 'YAN': 0.06303926813157731, 'NTC': 0.061005652172922704, 'CPL': 0.06096209247001531, 'MEG': 0.0608152869666616, 'RAF': 0.05870655543084829, 'PMA': 0.058663831014971}"
567,2021-03-04,99910.24819912945,0.0,"{'CDR': 0.1159141492703267, 'ALE': 0.10281223486705963, 'DNP': 0.06153154967870034, 'LPP': 0.04440396776580122, 'OPL': 0.022616559680477974, 'ACP': 0.021255143359114045, 'TPE': 0.012139412423068157, 'CCC': 0.014384698896150454, 'ALR': 0.011745298143346562, 'CCE': 0.07872428173285652, 'PBG': 0.07707338531306876, 'BST': 0.07420663268303339, 'YAN': 0.06303926813157731, 'NTC': 0.061005652172922704, 'CPL': 0.06096209247001531, 'MEG': 0.0608152869666616, 'RAF': 0.05870655543084829, 'PMA': 0.058663831014971}"
568,2021-03-05,100716.33693902649,0.0,"{'CDR': 0.1159141492703267, 'ALE': 0.10281223486705963, 'DNP': 0.06153154967870034, 'LPP': 0.04440396776580122, 'OPL': 0.022616559680477974, 'ACP': 0.021255143359114045, 'TPE': 0.012139412423068157, 'CCC': 0.014384698896150454, 'ALR': 0.011745298143346562, 'CCE': 0.07872428173285652, 'PBG': 0.07707338531306876, 'BST': 0.07420663268303339, 'YAN': 0.06303926813157731, 'NTC': 0.061005652172922704, 'CPL': 0.06096209247001531, 'MEG': 0.0608152869666616, 'RAF': 0.05870655543084829, 'PMA': 0.058663831014971}"
569,2021-03-08,103139.04322934832,0.0,"{'CDR': 0.1159141492703267, 'ALE': 0.10281223486705963, 'DNP': 0.06153154967870034, 'LPP': 0.04440396776580122, 'OPL': 0.022616559680477974, 'ACP': 0.021255143359114045, 'TPE': 0.012139412423068157, 'CCC': 0.014384698896150454, 'ALR': 0.011745298143346562, 'CCE': 0.07872428173285652, 'PBG': 0.07707338531306876, 'BST': 0.07420663268303339, 'YAN': 0.06303926813157731, 'NTC': 0.061005652172922704, 'CPL': 0.06096209247001531, 'MEG': 0.0608152869666616, 'RAF': 0.05870655543084829, 'PMA': 0.058663831014971}"
570,2021-03-09,104164.03564757801,0.0,"{'CDR': 0.1159141492703267, 'ALE': 0.10281223486705963, 'DNP': 0.06153154967870034, 'LPP': 0.04440396776580122, 'OPL': 0.022616559680477974, 'ACP': 0.021255143359114045, 'TPE': 0.012139412423068157, 'CCC': 0.014384698896150454, 'ALR': 0.011745298143346562, 'CCE': 0.07872428173285652, 'PBG': 0.07707338531306876, 'BST': 0.07420663268303339, 'YAN': 0.06303926813157731, 'NTC': 0.061005652172922704, 'CPL': 0.06096209247001531, 'MEG': 0.0608152869666616, 'RAF': 0.05870655543084829, 'PMA': 0.058663831014971}"
571,2021-03-10,102590.55218173226,0.0,"{'CDR': 0.1159141492703267, 'ALE': 0.10281223486705963, 'DNP': 0.06153154967870034, 'LPP': 0.04440396776580122, 'OPL': 0.022616559680477974, 'ACP': 0.021255143359114045, 'TPE': 0.012139412423068157, 'CCC': 0.014384698896150454, 'ALR': 0.011745298143346562, 'CCE': 0.07872428173285652, 'PBG': 0.07707338531306876, 'BST': 0.07420663268303339, 'YAN': 0.06303926813157731, 'NTC': 0.061005652172922704, 'CPL': 0.06096209247001531, 'MEG': 0.0608152869666616, 'RAF': 0.05870655543084829, 'PMA': 0.058663831014971}"
572,2021-03-11,102535.9663856571,0.0,"{'CDR': 0.1159141492703267, 'ALE': 0.10281223486705963, 'DNP': 0.06153154967870034, 'LPP': 0.04440396776580122, 'OPL': 0.022616559680477974, 'ACP': 0.021255143359114045, 'TPE': 0.012139412423068157, 'CCC': 0.014384698896150454, 'ALR': 0.011745298143346562, 'CCE': 0.07872428173285652, 'PBG': 0.07707338531306876, 'BST': 0.07420663268303339, 'YAN': 0.06303926813157731, 'NTC': 0.061005652172922704, 'CPL': 0.06096209247001531, 'MEG': 0.0608152869666616, 'RAF': 0.05870655543084829, 'PMA': 0.058663831014971}"
573,2021-03-12,102578.30992843608,0.0,"{'CDR': 0.1159141492703267, 'ALE': 0.10281223486705963, 'DNP': 0.06153154967870034, 'LPP': 0.04440396776580122, 'OPL': 0.022616559680477974, 'ACP': 0.021255143359114045, 'TPE': 0.012139412423068157, 'CCC': 0.014384698896150454, 'ALR': 0.011745298143346562, 'CCE': 0.07872428173285652, 'PBG': 0.07707338531306876, 'BST': 0.07420663268303339, 'YAN': 0.06303926813157731, 'NTC': 0.061005652172922704, 'CPL': 0.06096209247001531, 'MEG': 0.0608152869666616, 'RAF': 0.05870655543084829, 'PMA': 0.058663831014971}"
574,2021-03-15,107250.28547528209,0.0,"{'CDR': 0.1159141492703267, 'ALE': 0.10281223486705963, 'DNP': 0.06153154967870034, 'LPP': 0.04440396776580122, 'OPL': 0.022616559680477974, 'ACP': 0.021255143359114045, 'TPE': 0.012139412423068157, 'CCC': 0.014384698896150454, 'ALR': 0.011745298143346562, 'CCE': 0.07872428173285652, 'PBG': 0.07707338531306876, 'BST': 0.07420663268303339, 'YAN': 0.06303926813157731, 'NTC': 0.061005652172922704, 'CPL': 0.06096209247001531, 'MEG': 0.0608152869666616, 'RAF': 0.05870655543084829, 'PMA': 0.058663831014971}"
575,2021-03-16,110079.39807321526,0.0,"{'CDR': 0.1159141492703267, 'ALE': 0.10281223486705963, 'DNP': 0.06153154967870034, 'LPP': 0.04440396776580122, 'OPL': 0.022616559680477974, 'ACP': 0.021255143359114045, 'TPE': 0.012139412423068157, 'CCC': 0.014384698896150454, 'ALR': 0.011745298143346562, 'CCE': 0.07872428173285652, 'PBG': 0.07707338531306876, 'BST': 0.07420663268303339, 'YAN': 0.06303926813157731, 'NTC': 0.061005652172922704, 'CPL': 0.06096209247001531, 'MEG': 0.0608152869666616, 'RAF': 0.05870655543084829, 'PMA': 0.058663831014971}"
576,2021-03-17,108078.71360506855,0.0,"{'CDR': 0.1159141492703267, 'ALE': 0.10281223486705963, 'DNP': 0.06153154967870034, 'LPP': 0.04440396776580122, 'OPL': 0.022616559680477974, 'ACP': 0.021255143359114045, 'TPE': 0.012139412423068157, 'CCC': 0.014384698896150454, 'ALR': 0.011745298143346562, 'CCE': 0.07872428173285652, 'PBG': 0.07707338531306876, 'BST': 0.07420663268303339, 'YAN': 0.06303926813157731, 'NTC': 0.061005652172922704, 'CPL': 0.06096209247001531, 'MEG': 0.0608152869666616, 'RAF': 0.05870655543084829, 'PMA': 0.058663831014971}"
577,2021-03-18,107498.25818435004,0.0,"{'CDR': 0.1159141492703267, 'ALE': 0.10281223486705963, 'DNP': 0.06153154967870034, 'LPP': 0.04440396776580122, 'OPL': 0.022616559680477974, 'ACP': 0.021255143359114045, 'TPE': 0.012139412423068157, 'CCC': 0.014384698896150454, 'ALR': 0.011745298143346562, 'CCE': 0.07872428173285652, 'PBG': 0.07707338531306876, 'BST': 0.07420663268303339, 'YAN': 0.06303926813157731, 'NTC': 0.061005652172922704, 'CPL': 0.06096209247001531, 'MEG': 0.0608152869666616, 'RAF': 0.05870655543084829, 'PMA': 0.058663831014971}"
578,2021-03-19,105057.59053090125,4.3655745685100555e-11,"{'KGH': 0.14174586139386267, 'PKO': 0.13167337916804767, 'ALE': 0.10457647295798031, 'CDR': 0.0942546032767806, 'PKN': 0.087833409179803, 'PZU': 0.08699998614514133, 'DNP': 0.06018337438279267, 'PEO': 0.05933822800621122, 'LPP': 0.04277954042368156, 'CPS': 0.039126120778131476, 'SPL': 0.036162246789136494, 'PGE': 0.026454253921191422, 'OPL': 0.01966111015784946, 'CCC': 0.01934031689258967, 'ACP': 0.01846532928203056, 'TPE': 0.014110640638005578, 'JSW': 0.010504114360134665, 'MRC': 0.00679101224662927}"
579,2021-03-22,105063.0358566451,4.3655745685100555e-11,"{'KGH': 0.14174586139386267, 'PKO': 0.13167337916804767, 'ALE': 0.10457647295798031, 'CDR': 0.0942546032767806, 'PKN': 0.087833409179803, 'PZU': 0.08699998614514133, 'DNP': 0.06018337438279267, 'PEO': 0.05933822800621122, 'LPP': 0.04277954042368156, 'CPS': 0.039126120778131476, 'SPL': 0.036162246789136494, 'PGE': 0.026454253921191422, 'OPL': 0.01966111015784946, 'CCC': 0.01934031689258967, 'ACP': 0.01846532928203056, 'TPE': 0.014110640638005578, 'JSW': 0.010504114360134665, 'MRC': 0.00679101224662927}"
580,2021-03-23,104790.32757765967,4.3655745685100555e-11,"{'KGH': 0.14174586139386267, 'PKO': 0.13167337916804767, 'ALE': 0.10457647295798031, 'CDR': 0.0942546032767806, 'PKN': 0.087833409179803, 'PZU': 0.08699998614514133, 'DNP': 0.06018337438279267, 'PEO': 0.05933822800621122, 'LPP': 0.04277954042368156, 'CPS': 0.039126120778131476, 'SPL': 0.036162246789136494, 'PGE': 0.026454253921191422, 'OPL': 0.01966111015784946, 'CCC': 0.01934031689258967, 'ACP': 0.01846532928203056, 'TPE': 0.014110640638005578, 'JSW': 0.010504114360134665, 'MRC': 0.00679101224662927}"
581,2021-03-24,103159.10465929197,4.3655745685100555e-11,"{'KGH': 0.14174586139386267, 'PKO': 0.13167337916804767, 'ALE': 0.10457647295798031, 'CDR': 0.0942546032767806, 'PKN': 0.087833409179803, 'PZU': 0.08699998614514133, 'DNP': 0.06018337438279267, 'PEO': 0.05933822800621122, 'LPP': 0.04277954042368156, 'CPS': 0.039126120778131476, 'SPL': 0.036162246789136494, 'PGE': 0.026454253921191422, 'OPL': 0.01966111015784946, 'CCC': 0.01934031689258967, 'ACP': 0.01846532928203056, 'TPE': 0.014110640638005578, 'JSW': 0.010504114360134665, 'MRC': 0.00679101224662927}"
582,2021-03-25,101797.46355777832,4.3655745685100555e-11,"{'KGH': 0.14174586139386267, 'PKO': 0.13167337916804767, 'ALE': 0.10457647295798031, 'CDR': 0.0942546032767806, 'PKN': 0.087833409179803, 'PZU': 0.08699998614514133, 'DNP': 0.06018337438279267, 'PEO': 0.05933822800621122, 'LPP': 0.04277954042368156, 'CPS': 0.039126120778131476, 'SPL': 0.036162246789136494, 'PGE': 0.026454253921191422, 'OPL': 0.01966111015784946, 'CCC': 0.01934031689258967, 'ACP': 0.01846532928203056, 'TPE': 0.014110640638005578, 'JSW': 0.010504114360134665, 'MRC': 0.00679101224662927}"
583,2021-03-26,104125.84374544818,4.3655745685100555e-11,"{'KGH': 0.14174586139386267, 'PKO': 0.13167337916804767, 'ALE': 0.10457647295798031, 'CDR': 0.0942546032767806, 'PKN': 0.087833409179803, 'PZU': 0.08699998614514133, 'DNP': 0.06018337438279267, 'PEO': 0.05933822800621122, 'LPP': 0.04277954042368156, 'CPS': 0.039126120778131476, 'SPL': 0.036162246789136494, 'PGE': 0.026454253921191422, 'OPL': 0.01966111015784946, 'CCC': 0.01934031689258967, 'ACP': 0.01846532928203056, 'TPE': 0.014110640638005578, 'JSW': 0.010504114360134665, 'MRC': 0.00679101224662927}"
584,2021-03-29,106126.55625451941,4.3655745685100555e-11,"{'KGH': 0.14174586139386267, 'PKO': 0.13167337916804767, 'ALE': 0.10457647295798031, 'CDR': 0.0942546032767806, 'PKN': 0.087833409179803, 'PZU': 0.08699998614514133, 'DNP': 0.06018337438279267, 'PEO': 0.05933822800621122, 'LPP': 0.04277954042368156, 'CPS': 0.039126120778131476, 'SPL': 0.036162246789136494, 'PGE': 0.026454253921191422, 'OPL': 0.01966111015784946, 'CCC': 0.01934031689258967, 'ACP': 0.01846532928203056, 'TPE': 0.014110640638005578, 'JSW': 0.010504114360134665, 'MRC': 0.00679101224662927}"
585,2021-03-30,105377.3179979463,4.3655745685100555e-11,"{'KGH': 0.14174586139386267, 'PKO': 0.13167337916804767, 'ALE': 0.10457647295798031, 'CDR': 0.0942546032767806, 'PKN': 0.087833409179803, 'PZU': 0.08699998614514133, 'DNP': 0.06018337438279267, 'PEO': 0.05933822800621122, 'LPP': 0.04277954042368156, 'CPS': 0.039126120778131476, 'SPL': 0.036162246789136494, 'PGE': 0.026454253921191422, 'OPL': 0.01966111015784946, 'CCC': 0.01934031689258967, 'ACP': 0.01846532928203056, 'TPE': 0.014110640638005578, 'JSW': 0.010504114360134665, 'MRC': 0.00679101224662927}"
586,2021-03-31,105060.04789686363,4.3655745685100555e-11,"{'KGH': 0.14174586139386267, 'PKO': 0.13167337916804767, 'ALE': 0.10457647295798031, 'CDR': 0.0942546032767806, 'PKN': 0.087833409179803, 'PZU': 0.08699998614514133, 'DNP': 0.06018337438279267, 'PEO': 0.05933822800621122, 'LPP': 0.04277954042368156, 'CPS': 0.039126120778131476, 'SPL': 0.036162246789136494, 'PGE': 0.026454253921191422, 'OPL': 0.01966111015784946, 'CCC': 0.01934031689258967, 'ACP': 0.01846532928203056, 'TPE': 0.014110640638005578, 'JSW': 0.010504114360134665, 'MRC': 0.00679101224662927}"
587,2021-04-01,105775.13099597764,4.3655745685100555e-11,"{'KGH': 0.14174586139386267, 'PKO': 0.13167337916804767, 'ALE': 0.10457647295798031, 'CDR': 0.0942546032767806, 'PKN': 0.087833409179803, 'PZU': 0.08699998614514133, 'DNP': 0.06018337438279267, 'PEO': 0.05933822800621122, 'LPP': 0.04277954042368156, 'CPS': 0.039126120778131476, 'SPL': 0.036162246789136494, 'PGE': 0.026454253921191422, 'OPL': 0.01966111015784946, 'CCC': 0.01934031689258967, 'ACP': 0.01846532928203056, 'TPE': 0.014110640638005578, 'JSW': 0.010504114360134665, 'MRC': 0.00679101224662927}"
588,2021-04-02,105775.13099597764,4.3655745685100555e-11,"{'KGH': 0.14174586139386267, 'PKO': 0.13167337916804767, 'ALE': 0.10457647295798031, 'CDR': 0.0942546032767806, 'PKN': 0.087833409179803, 'PZU': 0.08699998614514133, 'DNP': 0.06018337438279267, 'PEO': 0.05933822800621122, 'LPP': 0.04277954042368156, 'CPS': 0.039126120778131476, 'SPL': 0.036162246789136494, 'PGE': 0.026454253921191422, 'OPL': 0.01966111015784946, 'CCC': 0.01934031689258967, 'ACP': 0.01846532928203056, 'TPE': 0.014110640638005578, 'JSW': 0.010504114360134665, 'MRC': 0.00679101224662927}"
589,2021-04-05,105775.13099597764,4.3655745685100555e-11,"{'KGH': 0.14174586139386267, 'PKO': 0.13167337916804767, 'ALE': 0.10457647295798031, 'CDR': 0.0942546032767806, 'PKN': 0.087833409179803, 'PZU': 0.08699998614514133, 'DNP': 0.06018337438279267, 'PEO': 0.05933822800621122, 'LPP': 0.04277954042368156, 'CPS': 0.039126120778131476, 'SPL': 0.036162246789136494, 'PGE': 0.026454253921191422, 'OPL': 0.01966111015784946, 'CCC': 0.01934031689258967, 'ACP': 0.01846532928203056, 'TPE': 0.014110640638005578, 'JSW': 0.010504114360134665, 'MRC': 0.00679101224662927}"
590,2021-04-06,108985.27221603753,4.3655745685100555e-11,"{'KGH': 0.14174586139386267, 'PKO': 0.13167337916804767, 'ALE': 0.10457647295798031, 'CDR': 0.0942546032767806, 'PKN': 0.087833409179803, 'PZU': 0.08699998614514133, 'DNP': 0.06018337438279267, 'PEO': 0.05933822800621122, 'LPP': 0.04277954042368156, 'CPS': 0.039126120778131476, 'SPL': 0.036162246789136494, 'PGE': 0.026454253921191422, 'OPL': 0.01966111015784946, 'CCC': 0.01934031689258967, 'ACP': 0.01846532928203056, 'TPE': 0.014110640638005578, 'JSW': 0.010504114360134665, 'MRC': 0.00679101224662927}"
591,2021-04-07,108015.43908270338,4.3655745685100555e-11,"{'KGH': 0.14174586139386267, 'PKO': 0.13167337916804767, 'ALE': 0.10457647295798031, 'CDR': 0.0942546032767806, 'PKN': 0.087833409179803, 'PZU': 0.08699998614514133, 'DNP': 0.06018337438279267, 'PEO': 0.05933822800621122, 'LPP': 0.04277954042368156, 'CPS': 0.039126120778131476, 'SPL': 0.036162246789136494, 'PGE': 0.026454253921191422, 'OPL': 0.01966111015784946, 'CCC': 0.01934031689258967, 'ACP': 0.01846532928203056, 'TPE': 0.014110640638005578, 'JSW': 0.010504114360134665, 'MRC': 0.00679101224662927}"
592,2021-04-08,107017.69718654813,4.3655745685100555e-11,"{'KGH': 0.14174586139386267, 'PKO': 0.13167337916804767, 'ALE': 0.10457647295798031, 'CDR': 0.0942546032767806, 'PKN': 0.087833409179803, 'PZU': 0.08699998614514133, 'DNP': 0.06018337438279267, 'PEO': 0.05933822800621122, 'LPP': 0.04277954042368156, 'CPS': 0.039126120778131476, 'SPL': 0.036162246789136494, 'PGE': 0.026454253921191422, 'OPL': 0.01966111015784946, 'CCC': 0.01934031689258967, 'ACP': 0.01846532928203056, 'TPE': 0.014110640638005578, 'JSW': 0.010504114360134665, 'MRC': 0.00679101224662927}"
593,2021-04-09,106763.17902159723,4.3655745685100555e-11,"{'KGH': 0.14174586139386267, 'PKO': 0.13167337916804767, 'ALE': 0.10457647295798031, 'CDR': 0.0942546032767806, 'PKN': 0.087833409179803, 'PZU': 0.08699998614514133, 'DNP': 0.06018337438279267, 'PEO': 0.05933822800621122, 'LPP': 0.04277954042368156, 'CPS': 0.039126120778131476, 'SPL': 0.036162246789136494, 'PGE': 0.026454253921191422, 'OPL': 0.01966111015784946, 'CCC': 0.01934031689258967, 'ACP': 0.01846532928203056, 'TPE': 0.014110640638005578, 'JSW': 0.010504114360134665, 'MRC': 0.00679101224662927}"
594,2021-04-12,106933.64857574021,4.3655745685100555e-11,"{'KGH': 0.14174586139386267, 'PKO': 0.13167337916804767, 'ALE': 0.10457647295798031, 'CDR': 0.0942546032767806, 'PKN': 0.087833409179803, 'PZU': 0.08699998614514133, 'DNP': 0.06018337438279267, 'PEO': 0.05933822800621122, 'LPP': 0.04277954042368156, 'CPS': 0.039126120778131476, 'SPL': 0.036162246789136494, 'PGE': 0.026454253921191422, 'OPL': 0.01966111015784946, 'CCC': 0.01934031689258967, 'ACP': 0.01846532928203056, 'TPE': 0.014110640638005578, 'JSW': 0.010504114360134665, 'MRC': 0.00679101224662927}"
595,2021-04-13,106543.91835008303,4.3655745685100555e-11,"{'KGH': 0.14174586139386267, 'PKO': 0.13167337916804767, 'ALE': 0.10457647295798031, 'CDR': 0.0942546032767806, 'PKN': 0.087833409179803, 'PZU': 0.08699998614514133, 'DNP': 0.06018337438279267, 'PEO': 0.05933822800621122, 'LPP': 0.04277954042368156, 'CPS': 0.039126120778131476, 'SPL': 0.036162246789136494, 'PGE': 0.026454253921191422, 'OPL': 0.01966111015784946, 'CCC': 0.01934031689258967, 'ACP': 0.01846532928203056, 'TPE': 0.014110640638005578, 'JSW': 0.010504114360134665, 'MRC': 0.00679101224662927}"
596,2021-04-14,108560.74367227641,4.3655745685100555e-11,"{'KGH': 0.14174586139386267, 'PKO': 0.13167337916804767, 'ALE': 0.10457647295798031, 'CDR': 0.0942546032767806, 'PKN': 0.087833409179803, 'PZU': 0.08699998614514133, 'DNP': 0.06018337438279267, 'PEO': 0.05933822800621122, 'LPP': 0.04277954042368156, 'CPS': 0.039126120778131476, 'SPL': 0.036162246789136494, 'PGE': 0.026454253921191422, 'OPL': 0.01966111015784946, 'CCC': 0.01934031689258967, 'ACP': 0.01846532928203056, 'TPE': 0.014110640638005578, 'JSW': 0.010504114360134665, 'MRC': 0.00679101224662927}"
597,2021-04-15,108863.50912102062,4.3655745685100555e-11,"{'KGH': 0.14174586139386267, 'PKO': 0.13167337916804767, 'ALE': 0.10457647295798031, 'CDR': 0.0942546032767806, 'PKN': 0.087833409179803, 'PZU': 0.08699998614514133, 'DNP': 0.06018337438279267, 'PEO': 0.05933822800621122, 'LPP': 0.04277954042368156, 'CPS': 0.039126120778131476, 'SPL': 0.036162246789136494, 'PGE': 0.026454253921191422, 'OPL': 0.01966111015784946, 'CCC': 0.01934031689258967, 'ACP': 0.01846532928203056, 'TPE': 0.014110640638005578, 'JSW': 0.010504114360134665, 'MRC': 0.00679101224662927}"
598,2021-04-16,108293.94877826808,0.0,"{'ALE': 0.09723258275249114, 'CDR': 0.0724127238827291, 'PKN': 0.08986507212610993, 'PZU': 0.08185254338350408, 'DNP': 0.061604893333688564, 'LPP': 0.044222106583124796, 'CPS': 0.040196459899940536, 'SPL': 0.03541667435617318, 'PGE': 0.034625586655082266, 'CCC': 0.021236486425689517, 'ACP': 0.018189790318902135, 'TPE': 0.01726786191803393, 'JSW': 0.010980818453028014, 'MRC': 0.006126721242506471, 'CCE': 0.0940306902818452, 'PBG': 0.0930525147419661, 'BST': 0.09257027317837044, 'YAN': 0.08911620046681452}"
599,2021-04-19,107794.86795683873,0.0,"{'ALE': 0.09723258275249114, 'CDR': 0.0724127238827291, 'PKN': 0.08986507212610993, 'PZU': 0.08185254338350408, 'DNP': 0.061604893333688564, 'LPP': 0.044222106583124796, 'CPS': 0.040196459899940536, 'SPL': 0.03541667435617318, 'PGE': 0.034625586655082266, 'CCC': 0.021236486425689517, 'ACP': 0.018189790318902135, 'TPE': 0.01726786191803393, 'JSW': 0.010980818453028014, 'MRC': 0.006126721242506471, 'CCE': 0.0940306902818452, 'PBG': 0.0930525147419661, 'BST': 0.09257027317837044, 'YAN': 0.08911620046681452}"
600,2021-04-20,107212.7649411259,0.0,"{'ALE': 0.09723258275249114, 'CDR': 0.0724127238827291, 'PKN': 0.08986507212610993, 'PZU': 0.08185254338350408, 'DNP': 0.061604893333688564, 'LPP': 0.044222106583124796, 'CPS': 0.040196459899940536, 'SPL': 0.03541667435617318, 'PGE': 0.034625586655082266, 'CCC': 0.021236486425689517, 'ACP': 0.018189790318902135, 'TPE': 0.01726786191803393, 'JSW': 0.010980818453028014, 'MRC': 0.006126721242506471, 'CCE': 0.0940306902818452, 'PBG': 0.0930525147419661, 'BST': 0.09257027317837044, 'YAN': 0.08911620046681452}"
601,2021-04-21,106239.60613745567,0.0,"{'ALE': 0.09723258275249114, 'CDR': 0.0724127238827291, 'PKN': 0.08986507212610993, 'PZU': 0.08185254338350408, 'DNP': 0.061604893333688564, 'LPP': 0.044222106583124796, 'CPS': 0.040196459899940536, 'SPL': 0.03541667435617318, 'PGE': 0.034625586655082266, 'CCC': 0.021236486425689517, 'ACP': 0.018189790318902135, 'TPE': 0.01726786191803393, 'JSW': 0.010980818453028014, 'MRC': 0.006126721242506471, 'CCE': 0.0940306902818452, 'PBG': 0.0930525147419661, 'BST': 0.09257027317837044, 'YAN': 0.08911620046681452}"
602,2021-04-22,107043.80393412916,0.0,"{'ALE': 0.09723258275249114, 'CDR': 0.0724127238827291, 'PKN': 0.08986507212610993, 'PZU': 0.08185254338350408, 'DNP': 0.061604893333688564, 'LPP': 0.044222106583124796, 'CPS': 0.040196459899940536, 'SPL': 0.03541667435617318, 'PGE': 0.034625586655082266, 'CCC': 0.021236486425689517, 'ACP': 0.018189790318902135, 'TPE': 0.01726786191803393, 'JSW': 0.010980818453028014, 'MRC': 0.006126721242506471, 'CCE': 0.0940306902818452, 'PBG': 0.0930525147419661, 'BST': 0.09257027317837044, 'YAN': 0.08911620046681452}"
603,2021-04-23,106939.57984411574,0.0,"{'ALE': 0.09723258275249114, 'CDR': 0.0724127238827291, 'PKN': 0.08986507212610993, 'PZU': 0.08185254338350408, 'DNP': 0.061604893333688564, 'LPP': 0.044222106583124796, 'CPS': 0.040196459899940536, 'SPL': 0.03541667435617318, 'PGE': 0.034625586655082266, 'CCC': 0.021236486425689517, 'ACP': 0.018189790318902135, 'TPE': 0.01726786191803393, 'JSW': 0.010980818453028014, 'MRC': 0.006126721242506471, 'CCE': 0.0940306902818452, 'PBG': 0.0930525147419661, 'BST': 0.09257027317837044, 'YAN': 0.08911620046681452}"
604,2021-04-26,107648.07865989427,0.0,"{'ALE': 0.09723258275249114, 'CDR': 0.0724127238827291, 'PKN': 0.08986507212610993, 'PZU': 0.08185254338350408, 'DNP': 0.061604893333688564, 'LPP': 0.044222106583124796, 'CPS': 0.040196459899940536, 'SPL': 0.03541667435617318, 'PGE': 0.034625586655082266, 'CCC': 0.021236486425689517, 'ACP': 0.018189790318902135, 'TPE': 0.01726786191803393, 'JSW': 0.010980818453028014, 'MRC': 0.006126721242506471, 'CCE': 0.0940306902818452, 'PBG': 0.0930525147419661, 'BST': 0.09257027317837044, 'YAN': 0.08911620046681452}"
605,2021-04-27,106899.74156826094,0.0,"{'ALE': 0.09723258275249114, 'CDR': 0.0724127238827291, 'PKN': 0.08986507212610993, 'PZU': 0.08185254338350408, 'DNP': 0.061604893333688564, 'LPP': 0.044222106583124796, 'CPS': 0.040196459899940536, 'SPL': 0.03541667435617318, 'PGE': 0.034625586655082266, 'CCC': 0.021236486425689517, 'ACP': 0.018189790318902135, 'TPE': 0.01726786191803393, 'JSW': 0.010980818453028014, 'MRC': 0.006126721242506471, 'CCE': 0.0940306902818452, 'PBG': 0.0930525147419661, 'BST': 0.09257027317837044, 'YAN': 0.08911620046681452}"
606,2021-04-28,107427.70894951776,0.0,"{'ALE': 0.09723258275249114, 'CDR': 0.0724127238827291, 'PKN': 0.08986507212610993, 'PZU': 0.08185254338350408, 'DNP': 0.061604893333688564, 'LPP': 0.044222106583124796, 'CPS': 0.040196459899940536, 'SPL': 0.03541667435617318, 'PGE': 0.034625586655082266, 'CCC': 0.021236486425689517, 'ACP': 0.018189790318902135, 'TPE': 0.01726786191803393, 'JSW': 0.010980818453028014, 'MRC': 0.006126721242506471, 'CCE': 0.0940306902818452, 'PBG': 0.0930525147419661, 'BST': 0.09257027317837044, 'YAN': 0.08911620046681452}"
607,2021-04-29,108379.86765117917,0.0,"{'ALE': 0.09723258275249114, 'CDR': 0.0724127238827291, 'PKN': 0.08986507212610993, 'PZU': 0.08185254338350408, 'DNP': 0.061604893333688564, 'LPP': 0.044222106583124796, 'CPS': 0.040196459899940536, 'SPL': 0.03541667435617318, 'PGE': 0.034625586655082266, 'CCC': 0.021236486425689517, 'ACP': 0.018189790318902135, 'TPE': 0.01726786191803393, 'JSW': 0.010980818453028014, 'MRC': 0.006126721242506471, 'CCE': 0.0940306902818452, 'PBG': 0.0930525147419661, 'BST': 0.09257027317837044, 'YAN': 0.08911620046681452}"
608,2021-04-30,108328.07422205902,0.0,"{'ALE': 0.09723258275249114, 'CDR': 0.0724127238827291, 'PKN': 0.08986507212610993, 'PZU': 0.08185254338350408, 'DNP': 0.061604893333688564, 'LPP': 0.044222106583124796, 'CPS': 0.040196459899940536, 'SPL': 0.03541667435617318, 'PGE': 0.034625586655082266, 'CCC': 0.021236486425689517, 'ACP': 0.018189790318902135, 'TPE': 0.01726786191803393, 'JSW': 0.010980818453028014, 'MRC': 0.006126721242506471, 'CCE': 0.0940306902818452, 'PBG': 0.0930525147419661, 'BST': 0.09257027317837044, 'YAN': 0.08911620046681452}"
609,2021-05-03,108328.07422205902,0.0,"{'ALE': 0.09723258275249114, 'CDR': 0.0724127238827291, 'PKN': 0.08986507212610993, 'PZU': 0.08185254338350408, 'DNP': 0.061604893333688564, 'LPP': 0.044222106583124796, 'CPS': 0.040196459899940536, 'SPL': 0.03541667435617318, 'PGE': 0.034625586655082266, 'CCC': 0.021236486425689517, 'ACP': 0.018189790318902135, 'TPE': 0.01726786191803393, 'JSW': 0.010980818453028014, 'MRC': 0.006126721242506471, 'CCE': 0.0940306902818452, 'PBG': 0.0930525147419661, 'BST': 0.09257027317837044, 'YAN': 0.08911620046681452}"
610,2021-05-04,106628.53479162391,0.0,"{'ALE': 0.09723258275249114, 'CDR': 0.0724127238827291, 'PKN': 0.08986507212610993, 'PZU': 0.08185254338350408, 'DNP': 0.061604893333688564, 'LPP': 0.044222106583124796, 'CPS': 0.040196459899940536, 'SPL': 0.03541667435617318, 'PGE': 0.034625586655082266, 'CCC': 0.021236486425689517, 'ACP': 0.018189790318902135, 'TPE': 0.01726786191803393, 'JSW': 0.010980818453028014, 'MRC': 0.006126721242506471, 'CCE': 0.0940306902818452, 'PBG': 0.0930525147419661, 'BST': 0.09257027317837044, 'YAN': 0.08911620046681452}"
611,2021-05-05,108951.94688133372,0.0,"{'ALE': 0.09723258275249114, 'CDR': 0.0724127238827291, 'PKN': 0.08986507212610993, 'PZU': 0.08185254338350408, 'DNP': 0.061604893333688564, 'LPP': 0.044222106583124796, 'CPS': 0.040196459899940536, 'SPL': 0.03541667435617318, 'PGE': 0.034625586655082266, 'CCC': 0.021236486425689517, 'ACP': 0.018189790318902135, 'TPE': 0.01726786191803393, 'JSW': 0.010980818453028014, 'MRC': 0.006126721242506471, 'CCE': 0.0940306902818452, 'PBG': 0.0930525147419661, 'BST': 0.09257027317837044, 'YAN': 0.08911620046681452}"
612,2021-05-06,108454.87001843174,0.0,"{'ALE': 0.09723258275249114, 'CDR': 0.0724127238827291, 'PKN': 0.08986507212610993, 'PZU': 0.08185254338350408, 'DNP': 0.061604893333688564, 'LPP': 0.044222106583124796, 'CPS': 0.040196459899940536, 'SPL': 0.03541667435617318, 'PGE': 0.034625586655082266, 'CCC': 0.021236486425689517, 'ACP': 0.018189790318902135, 'TPE': 0.01726786191803393, 'JSW': 0.010980818453028014, 'MRC': 0.006126721242506471, 'CCE': 0.0940306902818452, 'PBG': 0.0930525147419661, 'BST': 0.09257027317837044, 'YAN': 0.08911620046681452}"
613,2021-05-07,110845.00297171333,0.0,"{'ALE': 0.09723258275249114, 'CDR': 0.0724127238827291, 'PKN': 0.08986507212610993, 'PZU': 0.08185254338350408, 'DNP': 0.061604893333688564, 'LPP': 0.044222106583124796, 'CPS': 0.040196459899940536, 'SPL': 0.03541667435617318, 'PGE': 0.034625586655082266, 'CCC': 0.021236486425689517, 'ACP': 0.018189790318902135, 'TPE': 0.01726786191803393, 'JSW': 0.010980818453028014, 'MRC': 0.006126721242506471, 'CCE': 0.0940306902818452, 'PBG': 0.0930525147419661, 'BST': 0.09257027317837044, 'YAN': 0.08911620046681452}"
614,2021-05-10,111081.88958217154,0.0,"{'ALE': 0.09723258275249114, 'CDR': 0.0724127238827291, 'PKN': 0.08986507212610993, 'PZU': 0.08185254338350408, 'DNP': 0.061604893333688564, 'LPP': 0.044222106583124796, 'CPS': 0.040196459899940536, 'SPL': 0.03541667435617318, 'PGE': 0.034625586655082266, 'CCC': 0.021236486425689517, 'ACP': 0.018189790318902135, 'TPE': 0.01726786191803393, 'JSW': 0.010980818453028014, 'MRC': 0.006126721242506471, 'CCE': 0.0940306902818452, 'PBG': 0.0930525147419661, 'BST': 0.09257027317837044, 'YAN': 0.08911620046681452}"
615,2021-05-11,111725.08633999867,0.0,"{'ALE': 0.09723258275249114, 'CDR': 0.0724127238827291, 'PKN': 0.08986507212610993, 'PZU': 0.08185254338350408, 'DNP': 0.061604893333688564, 'LPP': 0.044222106583124796, 'CPS': 0.040196459899940536, 'SPL': 0.03541667435617318, 'PGE': 0.034625586655082266, 'CCC': 0.021236486425689517, 'ACP': 0.018189790318902135, 'TPE': 0.01726786191803393, 'JSW': 0.010980818453028014, 'MRC': 0.006126721242506471, 'CCE': 0.0940306902818452, 'PBG': 0.0930525147419661, 'BST': 0.09257027317837044, 'YAN': 0.08911620046681452}"
616,2021-05-12,111427.75957741811,0.0,"{'ALE': 0.09723258275249114, 'CDR': 0.0724127238827291, 'PKN': 0.08986507212610993, 'PZU': 0.08185254338350408, 'DNP': 0.061604893333688564, 'LPP': 0.044222106583124796, 'CPS': 0.040196459899940536, 'SPL': 0.03541667435617318, 'PGE': 0.034625586655082266, 'CCC': 0.021236486425689517, 'ACP': 0.018189790318902135, 'TPE': 0.01726786191803393, 'JSW': 0.010980818453028014, 'MRC': 0.006126721242506471, 'CCE': 0.0940306902818452, 'PBG': 0.0930525147419661, 'BST': 0.09257027317837044, 'YAN': 0.08911620046681452}"
617,2021-05-13,111149.15984127614,0.0,"{'ALE': 0.09723258275249114, 'CDR': 0.0724127238827291, 'PKN': 0.08986507212610993, 'PZU': 0.08185254338350408, 'DNP': 0.061604893333688564, 'LPP': 0.044222106583124796, 'CPS': 0.040196459899940536, 'SPL': 0.03541667435617318, 'PGE': 0.034625586655082266, 'CCC': 0.021236486425689517, 'ACP': 0.018189790318902135, 'TPE': 0.01726786191803393, 'JSW': 0.010980818453028014, 'MRC': 0.006126721242506471, 'CCE': 0.0940306902818452, 'PBG': 0.0930525147419661, 'BST': 0.09257027317837044, 'YAN': 0.08911620046681452}"
618,2021-05-14,112044.9462923491,0.0,"{'ALE': 0.09723258275249114, 'CDR': 0.0724127238827291, 'PKN': 0.08986507212610993, 'PZU': 0.08185254338350408, 'DNP': 0.061604893333688564, 'LPP': 0.044222106583124796, 'CPS': 0.040196459899940536, 'SPL': 0.03541667435617318, 'PGE': 0.034625586655082266, 'CCC': 0.021236486425689517, 'ACP': 0.018189790318902135, 'TPE': 0.01726786191803393, 'JSW': 0.010980818453028014, 'MRC': 0.006126721242506471, 'CCE': 0.0940306902818452, 'PBG': 0.0930525147419661, 'BST': 0.09257027317837044, 'YAN': 0.08911620046681452}"
619,2021-05-17,113095.53225528577,0.0,"{'ALE': 0.09723258275249114, 'CDR': 0.0724127238827291, 'PKN': 0.08986507212610993, 'PZU': 0.08185254338350408, 'DNP': 0.061604893333688564, 'LPP': 0.044222106583124796, 'CPS': 0.040196459899940536, 'SPL': 0.03541667435617318, 'PGE': 0.034625586655082266, 'CCC': 0.021236486425689517, 'ACP': 0.018189790318902135, 'TPE': 0.01726786191803393, 'JSW': 0.010980818453028014, 'MRC': 0.006126721242506471, 'CCE': 0.0940306902818452, 'PBG': 0.0930525147419661, 'BST': 0.09257027317837044, 'YAN': 0.08911620046681452}"
620,2021-05-18,113423.42689385985,0.0,"{'ALE': 0.09723258275249114, 'CDR': 0.0724127238827291, 'PKN': 0.08986507212610993, 'PZU': 0.08185254338350408, 'DNP': 0.061604893333688564, 'LPP': 0.044222106583124796, 'CPS': 0.040196459899940536, 'SPL': 0.03541667435617318, 'PGE': 0.034625586655082266, 'CCC': 0.021236486425689517, 'ACP': 0.018189790318902135, 'TPE': 0.01726786191803393, 'JSW': 0.010980818453028014, 'MRC': 0.006126721242506471, 'CCE': 0.0940306902818452, 'PBG': 0.0930525147419661, 'BST': 0.09257027317837044, 'YAN': 0.08911620046681452}"
621,2021-05-19,112575.83702573736,0.0,"{'ALE': 0.09723258275249114, 'CDR': 0.0724127238827291, 'PKN': 0.08986507212610993, 'PZU': 0.08185254338350408, 'DNP': 0.061604893333688564, 'LPP': 0.044222106583124796, 'CPS': 0.040196459899940536, 'SPL': 0.03541667435617318, 'PGE': 0.034625586655082266, 'CCC': 0.021236486425689517, 'ACP': 0.018189790318902135, 'TPE': 0.01726786191803393, 'JSW': 0.010980818453028014, 'MRC': 0.006126721242506471, 'CCE': 0.0940306902818452, 'PBG': 0.0930525147419661, 'BST': 0.09257027317837044, 'YAN': 0.08911620046681452}"
622,2021-05-20,114877.21258714188,0.0,"{'ALE': 0.09723258275249114, 'CDR': 0.0724127238827291, 'PKN': 0.08986507212610993, 'PZU': 0.08185254338350408, 'DNP': 0.061604893333688564, 'LPP': 0.044222106583124796, 'CPS': 0.040196459899940536, 'SPL': 0.03541667435617318, 'PGE': 0.034625586655082266, 'CCC': 0.021236486425689517, 'ACP': 0.018189790318902135, 'TPE': 0.01726786191803393, 'JSW': 0.010980818453028014, 'MRC': 0.006126721242506471, 'CCE': 0.0940306902818452, 'PBG': 0.0930525147419661, 'BST': 0.09257027317837044, 'YAN': 0.08911620046681452}"
623,2021-05-21,117564.08059553023,0.0,"{'ALE': 0.09723258275249114, 'CDR': 0.0724127238827291, 'PKN': 0.08986507212610993, 'PZU': 0.08185254338350408, 'DNP': 0.061604893333688564, 'LPP': 0.044222106583124796, 'CPS': 0.040196459899940536, 'SPL': 0.03541667435617318, 'PGE': 0.034625586655082266, 'CCC': 0.021236486425689517, 'ACP': 0.018189790318902135, 'TPE': 0.01726786191803393, 'JSW': 0.010980818453028014, 'MRC': 0.006126721242506471, 'CCE': 0.0940306902818452, 'PBG': 0.0930525147419661, 'BST': 0.09257027317837044, 'YAN': 0.08911620046681452}"
624,2021-05-24,121180.60470281178,0.0,"{'ALE': 0.09723258275249114, 'CDR': 0.0724127238827291, 'PKN': 0.08986507212610993, 'PZU': 0.08185254338350408, 'DNP': 0.061604893333688564, 'LPP': 0.044222106583124796, 'CPS': 0.040196459899940536, 'SPL': 0.03541667435617318, 'PGE': 0.034625586655082266, 'CCC': 0.021236486425689517, 'ACP': 0.018189790318902135, 'TPE': 0.01726786191803393, 'JSW': 0.010980818453028014, 'MRC': 0.006126721242506471, 'CCE': 0.0940306902818452, 'PBG': 0.0930525147419661, 'BST': 0.09257027317837044, 'YAN': 0.08911620046681452}"
625,2021-05-25,126613.31308998432,0.0,"{'ALE': 0.09723258275249114, 'CDR': 0.0724127238827291, 'PKN': 0.08986507212610993, 'PZU': 0.08185254338350408, 'DNP': 0.061604893333688564, 'LPP': 0.044222106583124796, 'CPS': 0.040196459899940536, 'SPL': 0.03541667435617318, 'PGE': 0.034625586655082266, 'CCC': 0.021236486425689517, 'ACP': 0.018189790318902135, 'TPE': 0.01726786191803393, 'JSW': 0.010980818453028014, 'MRC': 0.006126721242506471, 'CCE': 0.0940306902818452, 'PBG': 0.0930525147419661, 'BST': 0.09257027317837044, 'YAN': 0.08911620046681452}"
626,2021-05-26,134068.89513470678,0.0,"{'ALE': 0.09723258275249114, 'CDR': 0.0724127238827291, 'PKN': 0.08986507212610993, 'PZU': 0.08185254338350408, 'DNP': 0.061604893333688564, 'LPP': 0.044222106583124796, 'CPS': 0.040196459899940536, 'SPL': 0.03541667435617318, 'PGE': 0.034625586655082266, 'CCC': 0.021236486425689517, 'ACP': 0.018189790318902135, 'TPE': 0.01726786191803393, 'JSW': 0.010980818453028014, 'MRC': 0.006126721242506471, 'CCE': 0.0940306902818452, 'PBG': 0.0930525147419661, 'BST': 0.09257027317837044, 'YAN': 0.08911620046681452}"
627,2021-05-27,144691.16471236257,0.0,"{'ALE': 0.09723258275249114, 'CDR': 0.0724127238827291, 'PKN': 0.08986507212610993, 'PZU': 0.08185254338350408, 'DNP': 0.061604893333688564, 'LPP': 0.044222106583124796, 'CPS': 0.040196459899940536, 'SPL': 0.03541667435617318, 'PGE': 0.034625586655082266, 'CCC': 0.021236486425689517, 'ACP': 0.018189790318902135, 'TPE': 0.01726786191803393, 'JSW': 0.010980818453028014, 'MRC': 0.006126721242506471, 'CCE': 0.0940306902818452, 'PBG': 0.0930525147419661, 'BST': 0.09257027317837044, 'YAN': 0.08911620046681452}"
628,2021-05-28,156535.5368211672,0.0,"{'ALE': 0.09723258275249114, 'CDR': 0.0724127238827291, 'PKN': 0.08986507212610993, 'PZU': 0.08185254338350408, 'DNP': 0.061604893333688564, 'LPP': 0.044222106583124796, 'CPS': 0.040196459899940536, 'SPL': 0.03541667435617318, 'PGE': 0.034625586655082266, 'CCC': 0.021236486425689517, 'ACP': 0.018189790318902135, 'TPE': 0.01726786191803393, 'JSW': 0.010980818453028014, 'MRC': 0.006126721242506471, 'CCE': 0.0940306902818452, 'PBG': 0.0930525147419661, 'BST': 0.09257027317837044, 'YAN': 0.08911620046681452}"
629,2021-05-31,158556.99784712898,0.0,"{'ALE': 0.09723258275249114, 'CDR': 0.0724127238827291, 'PKN': 0.08986507212610993, 'PZU': 0.08185254338350408, 'DNP': 0.061604893333688564, 'LPP': 0.044222106583124796, 'CPS': 0.040196459899940536, 'SPL': 0.03541667435617318, 'PGE': 0.034625586655082266, 'CCC': 0.021236486425689517, 'ACP': 0.018189790318902135, 'TPE': 0.01726786191803393, 'JSW': 0.010980818453028014, 'MRC': 0.006126721242506471, 'CCE': 0.0940306902818452, 'PBG': 0.0930525147419661, 'BST': 0.09257027317837044, 'YAN': 0.08911620046681452}"
630,2021-06-01,173417.99244933476,0.0,"{'ALE': 0.09723258275249114, 'CDR': 0.0724127238827291, 'PKN': 0.08986507212610993, 'PZU': 0.08185254338350408, 'DNP': 0.061604893333688564, 'LPP': 0.044222106583124796, 'CPS': 0.040196459899940536, 'SPL': 0.03541667435617318, 'PGE': 0.034625586655082266, 'CCC': 0.021236486425689517, 'ACP': 0.018189790318902135, 'TPE': 0.01726786191803393, 'JSW': 0.010980818453028014, 'MRC': 0.006126721242506471, 'CCE': 0.0940306902818452, 'PBG': 0.0930525147419661, 'BST': 0.09257027317837044, 'YAN': 0.08911620046681452}"
631,2021-06-02,152807.41453380408,0.0,"{'ALE': 0.09723258275249114, 'CDR': 0.0724127238827291, 'PKN': 0.08986507212610993, 'PZU': 0.08185254338350408, 'DNP': 0.061604893333688564, 'LPP': 0.044222106583124796, 'CPS': 0.040196459899940536, 'SPL': 0.03541667435617318, 'PGE': 0.034625586655082266, 'CCC': 0.021236486425689517, 'ACP': 0.018189790318902135, 'TPE': 0.01726786191803393, 'JSW': 0.010980818453028014, 'MRC': 0.006126721242506471, 'CCE': 0.0940306902818452, 'PBG': 0.0930525147419661, 'BST': 0.09257027317837044, 'YAN': 0.08911620046681452}"
632,2021-06-03,152807.41453380408,0.0,"{'ALE': 0.09723258275249114, 'CDR': 0.0724127238827291, 'PKN': 0.08986507212610993, 'PZU': 0.08185254338350408, 'DNP': 0.061604893333688564, 'LPP': 0.044222106583124796, 'CPS': 0.040196459899940536, 'SPL': 0.03541667435617318, 'PGE': 0.034625586655082266, 'CCC': 0.021236486425689517, 'ACP': 0.018189790318902135, 'TPE': 0.01726786191803393, 'JSW': 0.010980818453028014, 'MRC': 0.006126721242506471, 'CCE': 0.0940306902818452, 'PBG': 0.0930525147419661, 'BST': 0.09257027317837044, 'YAN': 0.08911620046681452}"
633,2021-06-04,151909.1831714298,0.0,"{'ALE': 0.09723258275249114, 'CDR': 0.0724127238827291, 'PKN': 0.08986507212610993, 'PZU': 0.08185254338350408, 'DNP': 0.061604893333688564, 'LPP': 0.044222106583124796, 'CPS': 0.040196459899940536, 'SPL': 0.03541667435617318, 'PGE': 0.034625586655082266, 'CCC': 0.021236486425689517, 'ACP': 0.018189790318902135, 'TPE': 0.01726786191803393, 'JSW': 0.010980818453028014, 'MRC': 0.006126721242506471, 'CCE': 0.0940306902818452, 'PBG': 0.0930525147419661, 'BST': 0.09257027317837044, 'YAN': 0.08911620046681452}"
634,2021-06-07,162771.92314072984,0.0,"{'ALE': 0.09723258275249114, 'CDR': 0.0724127238827291, 'PKN': 0.08986507212610993, 'PZU': 0.08185254338350408, 'DNP': 0.061604893333688564, 'LPP': 0.044222106583124796, 'CPS': 0.040196459899940536, 'SPL': 0.03541667435617318, 'PGE': 0.034625586655082266, 'CCC': 0.021236486425689517, 'ACP': 0.018189790318902135, 'TPE': 0.01726786191803393, 'JSW': 0.010980818453028014, 'MRC': 0.006126721242506471, 'CCE': 0.0940306902818452, 'PBG': 0.0930525147419661, 'BST': 0.09257027317837044, 'YAN': 0.08911620046681452}"
635,2021-06-08,159911.14994756496,0.0,"{'ALE': 0.09723258275249114, 'CDR': 0.0724127238827291, 'PKN': 0.08986507212610993, 'PZU': 0.08185254338350408, 'DNP': 0.061604893333688564, 'LPP': 0.044222106583124796, 'CPS': 0.040196459899940536, 'SPL': 0.03541667435617318, 'PGE': 0.034625586655082266, 'CCC': 0.021236486425689517, 'ACP': 0.018189790318902135, 'TPE': 0.01726786191803393, 'JSW': 0.010980818453028014, 'MRC': 0.006126721242506471, 'CCE': 0.0940306902818452, 'PBG': 0.0930525147419661, 'BST': 0.09257027317837044, 'YAN': 0.08911620046681452}"
636,2021-06-09,155412.6841677273,0.0,"{'ALE': 0.09723258275249114, 'CDR': 0.0724127238827291, 'PKN': 0.08986507212610993, 'PZU': 0.08185254338350408, 'DNP': 0.061604893333688564, 'LPP': 0.044222106583124796, 'CPS': 0.040196459899940536, 'SPL': 0.03541667435617318, 'PGE': 0.034625586655082266, 'CCC': 0.021236486425689517, 'ACP': 0.018189790318902135, 'TPE': 0.01726786191803393, 'JSW': 0.010980818453028014, 'MRC': 0.006126721242506471, 'CCE': 0.0940306902818452, 'PBG': 0.0930525147419661, 'BST': 0.09257027317837044, 'YAN': 0.08911620046681452}"
637,2021-06-10,153384.41373168054,0.0,"{'ALE': 0.09723258275249114, 'CDR': 0.0724127238827291, 'PKN': 0.08986507212610993, 'PZU': 0.08185254338350408, 'DNP': 0.061604893333688564, 'LPP': 0.044222106583124796, 'CPS': 0.040196459899940536, 'SPL': 0.03541667435617318, 'PGE': 0.034625586655082266, 'CCC': 0.021236486425689517, 'ACP': 0.018189790318902135, 'TPE': 0.01726786191803393, 'JSW': 0.010980818453028014, 'MRC': 0.006126721242506471, 'CCE': 0.0940306902818452, 'PBG': 0.0930525147419661, 'BST': 0.09257027317837044, 'YAN': 0.08911620046681452}"
638,2021-06-11,149699.4699100803,0.0,"{'ALE': 0.09723258275249114, 'CDR': 0.0724127238827291, 'PKN': 0.08986507212610993, 'PZU': 0.08185254338350408, 'DNP': 0.061604893333688564, 'LPP': 0.044222106583124796, 'CPS': 0.040196459899940536, 'SPL': 0.03541667435617318, 'PGE': 0.034625586655082266, 'CCC': 0.021236486425689517, 'ACP': 0.018189790318902135, 'TPE': 0.01726786191803393, 'JSW': 0.010980818453028014, 'MRC': 0.006126721242506471, 'CCE': 0.0940306902818452, 'PBG': 0.0930525147419661, 'BST': 0.09257027317837044, 'YAN': 0.08911620046681452}"
639,2021-06-14,150754.7444195051,0.0,"{'ALE': 0.09723258275249114, 'CDR': 0.0724127238827291, 'PKN': 0.08986507212610993, 'PZU': 0.08185254338350408, 'DNP': 0.061604893333688564, 'LPP': 0.044222106583124796, 'CPS': 0.040196459899940536, 'SPL': 0.03541667435617318, 'PGE': 0.034625586655082266, 'CCC': 0.021236486425689517, 'ACP': 0.018189790318902135, 'TPE': 0.01726786191803393, 'JSW': 0.010980818453028014, 'MRC': 0.006126721242506471, 'CCE': 0.0940306902818452, 'PBG': 0.0930525147419661, 'BST': 0.09257027317837044, 'YAN': 0.08911620046681452}"
640,2021-06-15,150304.53469766866,0.0,"{'ALE': 0.09723258275249114, 'CDR': 0.0724127238827291, 'PKN': 0.08986507212610993, 'PZU': 0.08185254338350408, 'DNP': 0.061604893333688564, 'LPP': 0.044222106583124796, 'CPS': 0.040196459899940536, 'SPL': 0.03541667435617318, 'PGE': 0.034625586655082266, 'CCC': 0.021236486425689517, 'ACP': 0.018189790318902135, 'TPE': 0.01726786191803393, 'JSW': 0.010980818453028014, 'MRC': 0.006126721242506471, 'CCE': 0.0940306902818452, 'PBG': 0.0930525147419661, 'BST': 0.09257027317837044, 'YAN': 0.08911620046681452}"
641,2021-06-16,152421.64255653392,0.0,"{'ALE': 0.09723258275249114, 'CDR': 0.0724127238827291, 'PKN': 0.08986507212610993, 'PZU': 0.08185254338350408, 'DNP': 0.061604893333688564, 'LPP': 0.044222106583124796, 'CPS': 0.040196459899940536, 'SPL': 0.03541667435617318, 'PGE': 0.034625586655082266, 'CCC': 0.021236486425689517, 'ACP': 0.018189790318902135, 'TPE': 0.01726786191803393, 'JSW': 0.010980818453028014, 'MRC': 0.006126721242506471, 'CCE': 0.0940306902818452, 'PBG': 0.0930525147419661, 'BST': 0.09257027317837044, 'YAN': 0.08911620046681452}"
642,2021-06-17,148094.8400969473,0.0,"{'ALE': 0.09723258275249114, 'CDR': 0.0724127238827291, 'PKN': 0.08986507212610993, 'PZU': 0.08185254338350408, 'DNP': 0.061604893333688564, 'LPP': 0.044222106583124796, 'CPS': 0.040196459899940536, 'SPL': 0.03541667435617318, 'PGE': 0.034625586655082266, 'CCC': 0.021236486425689517, 'ACP': 0.018189790318902135, 'TPE': 0.01726786191803393, 'JSW': 0.010980818453028014, 'MRC': 0.006126721242506471, 'CCE': 0.0940306902818452, 'PBG': 0.0930525147419661, 'BST': 0.09257027317837044, 'YAN': 0.08911620046681452}"
643,2021-06-18,147846.41626054375,2.9103830456733704e-11,"{'PKO': 0.14552084090297043, 'KGH': 0.1238666917444291, 'ALE': 0.1017092062460727, 'PKN': 0.10074527975241411, 'PZU': 0.09236702730198898, 'PEO': 0.07417531920714375, 'DNP': 0.06088980460718393, 'CDR': 0.056331992527966696, 'LPP': 0.04949687739111479, 'SPL': 0.03915016307669948, 'CPS': 0.03587046195803179, 'PGE': 0.033434998012302354, 'CCC': 0.020839834315783175, 'OPL': 0.019890868987214618, 'ACP': 0.018191708094845237, 'TPE': 0.015195200458239114, 'JSW': 0.0077103432946195385, 'MRC': 0.004613382120980255}"
644,2021-06-21,147969.46807745873,2.9103830456733704e-11,"{'PKO': 0.14552084090297043, 'KGH': 0.1238666917444291, 'ALE': 0.1017092062460727, 'PKN': 0.10074527975241411, 'PZU': 0.09236702730198898, 'PEO': 0.07417531920714375, 'DNP': 0.06088980460718393, 'CDR': 0.056331992527966696, 'LPP': 0.04949687739111479, 'SPL': 0.03915016307669948, 'CPS': 0.03587046195803179, 'PGE': 0.033434998012302354, 'CCC': 0.020839834315783175, 'OPL': 0.019890868987214618, 'ACP': 0.018191708094845237, 'TPE': 0.015195200458239114, 'JSW': 0.0077103432946195385, 'MRC': 0.004613382120980255}"
645,2021-06-22,147921.22743707264,2.9103830456733704e-11,"{'PKO': 0.14552084090297043, 'KGH': 0.1238666917444291, 'ALE': 0.1017092062460727, 'PKN': 0.10074527975241411, 'PZU': 0.09236702730198898, 'PEO': 0.07417531920714375, 'DNP': 0.06088980460718393, 'CDR': 0.056331992527966696, 'LPP': 0.04949687739111479, 'SPL': 0.03915016307669948, 'CPS': 0.03587046195803179, 'PGE': 0.033434998012302354, 'CCC': 0.020839834315783175, 'OPL': 0.019890868987214618, 'ACP': 0.018191708094845237, 'TPE': 0.015195200458239114, 'JSW': 0.0077103432946195385, 'MRC': 0.004613382120980255}"
646,2021-06-23,148957.27161474695,2.9103830456733704e-11,"{'PKO': 0.14552084090297043, 'KGH': 0.1238666917444291, 'ALE': 0.1017092062460727, 'PKN': 0.10074527975241411, 'PZU': 0.09236702730198898, 'PEO': 0.07417531920714375, 'DNP': 0.06088980460718393, 'CDR': 0.056331992527966696, 'LPP': 0.04949687739111479, 'SPL': 0.03915016307669948, 'CPS': 0.03587046195803179, 'PGE': 0.033434998012302354, 'CCC': 0.020839834315783175, 'OPL': 0.019890868987214618, 'ACP': 0.018191708094845237, 'TPE': 0.015195200458239114, 'JSW': 0.0077103432946195385, 'MRC': 0.004613382120980255}"
647,2021-06-24,151532.76706599316,2.9103830456733704e-11,"{'PKO': 0.14552084090297043, 'KGH': 0.1238666917444291, 'ALE': 0.1017092062460727, 'PKN': 0.10074527975241411, 'PZU': 0.09236702730198898, 'PEO': 0.07417531920714375, 'DNP': 0.06088980460718393, 'CDR': 0.056331992527966696, 'LPP': 0.04949687739111479, 'SPL': 0.03915016307669948, 'CPS': 0.03587046195803179, 'PGE': 0.033434998012302354, 'CCC': 0.020839834315783175, 'OPL': 0.019890868987214618, 'ACP': 0.018191708094845237, 'TPE': 0.015195200458239114, 'JSW': 0.0077103432946195385, 'MRC': 0.004613382120980255}"
648,2021-06-25,152067.74303432097,2.9103830456733704e-11,"{'PKO': 0.14552084090297043, 'KGH': 0.1238666917444291, 'ALE': 0.1017092062460727, 'PKN': 0.10074527975241411, 'PZU': 0.09236702730198898, 'PEO': 0.07417531920714375, 'DNP': 0.06088980460718393, 'CDR': 0.056331992527966696, 'LPP': 0.04949687739111479, 'SPL': 0.03915016307669948, 'CPS': 0.03587046195803179, 'PGE': 0.033434998012302354, 'CCC': 0.020839834315783175, 'OPL': 0.019890868987214618, 'ACP': 0.018191708094845237, 'TPE': 0.015195200458239114, 'JSW': 0.0077103432946195385, 'MRC': 0.004613382120980255}"
649,2021-06-28,152182.09039475623,2.9103830456733704e-11,"{'PKO': 0.14552084090297043, 'KGH': 0.1238666917444291, 'ALE': 0.1017092062460727, 'PKN': 0.10074527975241411, 'PZU': 0.09236702730198898, 'PEO': 0.07417531920714375, 'DNP': 0.06088980460718393, 'CDR': 0.056331992527966696, 'LPP': 0.04949687739111479, 'SPL': 0.03915016307669948, 'CPS': 0.03587046195803179, 'PGE': 0.033434998012302354, 'CCC': 0.020839834315783175, 'OPL': 0.019890868987214618, 'ACP': 0.018191708094845237, 'TPE': 0.015195200458239114, 'JSW': 0.0077103432946195385, 'MRC': 0.004613382120980255}"
650,2021-06-29,150509.6081289578,2.9103830456733704e-11,"{'PKO': 0.14552084090297043, 'KGH': 0.1238666917444291, 'ALE': 0.1017092062460727, 'PKN': 0.10074527975241411, 'PZU': 0.09236702730198898, 'PEO': 0.07417531920714375, 'DNP': 0.06088980460718393, 'CDR': 0.056331992527966696, 'LPP': 0.04949687739111479, 'SPL': 0.03915016307669948, 'CPS': 0.03587046195803179, 'PGE': 0.033434998012302354, 'CCC': 0.020839834315783175, 'OPL': 0.019890868987214618, 'ACP': 0.018191708094845237, 'TPE': 0.015195200458239114, 'JSW': 0.0077103432946195385, 'MRC': 0.004613382120980255}"
651,2021-06-30,147897.23316979618,2.9103830456733704e-11,"{'PKO': 0.14552084090297043, 'KGH': 0.1238666917444291, 'ALE': 0.1017092062460727, 'PKN': 0.10074527975241411, 'PZU': 0.09236702730198898, 'PEO': 0.07417531920714375, 'DNP': 0.06088980460718393, 'CDR': 0.056331992527966696, 'LPP': 0.04949687739111479, 'SPL': 0.03915016307669948, 'CPS': 0.03587046195803179, 'PGE': 0.033434998012302354, 'CCC': 0.020839834315783175, 'OPL': 0.019890868987214618, 'ACP': 0.018191708094845237, 'TPE': 0.015195200458239114, 'JSW': 0.0077103432946195385, 'MRC': 0.004613382120980255}"
652,2021-07-01,150284.07182800942,2.9103830456733704e-11,"{'PKO': 0.14552084090297043, 'KGH': 0.1238666917444291, 'ALE': 0.1017092062460727, 'PKN': 0.10074527975241411, 'PZU': 0.09236702730198898, 'PEO': 0.07417531920714375, 'DNP': 0.06088980460718393, 'CDR': 0.056331992527966696, 'LPP': 0.04949687739111479, 'SPL': 0.03915016307669948, 'CPS': 0.03587046195803179, 'PGE': 0.033434998012302354, 'CCC': 0.020839834315783175, 'OPL': 0.019890868987214618, 'ACP': 0.018191708094845237, 'TPE': 0.015195200458239114, 'JSW': 0.0077103432946195385, 'MRC': 0.004613382120980255}"
653,2021-07-02,150346.0110638215,2.9103830456733704e-11,"{'PKO': 0.14552084090297043, 'KGH': 0.1238666917444291, 'ALE': 0.1017092062460727, 'PKN': 0.10074527975241411, 'PZU': 0.09236702730198898, 'PEO': 0.07417531920714375, 'DNP': 0.06088980460718393, 'CDR': 0.056331992527966696, 'LPP': 0.04949687739111479, 'SPL': 0.03915016307669948, 'CPS': 0.03587046195803179, 'PGE': 0.033434998012302354, 'CCC': 0.020839834315783175, 'OPL': 0.019890868987214618, 'ACP': 0.018191708094845237, 'TPE': 0.015195200458239114, 'JSW': 0.0077103432946195385, 'MRC': 0.004613382120980255}"
654,2021-07-05,151180.68374751636,2.9103830456733704e-11,"{'PKO': 0.14552084090297043, 'KGH': 0.1238666917444291, 'ALE': 0.1017092062460727, 'PKN': 0.10074527975241411, 'PZU': 0.09236702730198898, 'PEO': 0.07417531920714375, 'DNP': 0.06088980460718393, 'CDR': 0.056331992527966696, 'LPP': 0.04949687739111479, 'SPL': 0.03915016307669948, 'CPS': 0.03587046195803179, 'PGE': 0.033434998012302354, 'CCC': 0.020839834315783175, 'OPL': 0.019890868987214618, 'ACP': 0.018191708094845237, 'TPE': 0.015195200458239114, 'JSW': 0.0077103432946195385, 'MRC': 0.004613382120980255}"
655,2021-07-06,149212.57076561294,2.9103830456733704e-11,"{'PKO': 0.14552084090297043, 'KGH': 0.1238666917444291, 'ALE': 0.1017092062460727, 'PKN': 0.10074527975241411, 'PZU': 0.09236702730198898, 'PEO': 0.07417531920714375, 'DNP': 0.06088980460718393, 'CDR': 0.056331992527966696, 'LPP': 0.04949687739111479, 'SPL': 0.03915016307669948, 'CPS': 0.03587046195803179, 'PGE': 0.033434998012302354, 'CCC': 0.020839834315783175, 'OPL': 0.019890868987214618, 'ACP': 0.018191708094845237, 'TPE': 0.015195200458239114, 'JSW': 0.0077103432946195385, 'MRC': 0.004613382120980255}"
656,2021-07-07,153098.1788693614,2.9103830456733704e-11,"{'PKO': 0.14552084090297043, 'KGH': 0.1238666917444291, 'ALE': 0.1017092062460727, 'PKN': 0.10074527975241411, 'PZU': 0.09236702730198898, 'PEO': 0.07417531920714375, 'DNP': 0.06088980460718393, 'CDR': 0.056331992527966696, 'LPP': 0.04949687739111479, 'SPL': 0.03915016307669948, 'CPS': 0.03587046195803179, 'PGE': 0.033434998012302354, 'CCC': 0.020839834315783175, 'OPL': 0.019890868987214618, 'ACP': 0.018191708094845237, 'TPE': 0.015195200458239114, 'JSW': 0.0077103432946195385, 'MRC': 0.004613382120980255}"
657,2021-07-08,149691.32585094203,2.9103830456733704e-11,"{'PKO': 0.14552084090297043, 'KGH': 0.1238666917444291, 'ALE': 0.1017092062460727, 'PKN': 0.10074527975241411, 'PZU': 0.09236702730198898, 'PEO': 0.07417531920714375, 'DNP': 0.06088980460718393, 'CDR': 0.056331992527966696, 'LPP': 0.04949687739111479, 'SPL': 0.03915016307669948, 'CPS': 0.03587046195803179, 'PGE': 0.033434998012302354, 'CCC': 0.020839834315783175, 'OPL': 0.019890868987214618, 'ACP': 0.018191708094845237, 'TPE': 0.015195200458239114, 'JSW': 0.0077103432946195385, 'MRC': 0.004613382120980255}"
658,2021-07-09,150781.28286964097,2.9103830456733704e-11,"{'PKO': 0.14552084090297043, 'KGH': 0.1238666917444291, 'ALE': 0.1017092062460727, 'PKN': 0.10074527975241411, 'PZU': 0.09236702730198898, 'PEO': 0.07417531920714375, 'DNP': 0.06088980460718393, 'CDR': 0.056331992527966696, 'LPP': 0.04949687739111479, 'SPL': 0.03915016307669948, 'CPS': 0.03587046195803179, 'PGE': 0.033434998012302354, 'CCC': 0.020839834315783175, 'OPL': 0.019890868987214618, 'ACP': 0.018191708094845237, 'TPE': 0.015195200458239114, 'JSW': 0.0077103432946195385, 'MRC': 0.004613382120980255}"
659,2021-07-12,151074.4361929301,2.9103830456733704e-11,"{'PKO': 0.14552084090297043, 'KGH': 0.1238666917444291, 'ALE': 0.1017092062460727, 'PKN': 0.10074527975241411, 'PZU': 0.09236702730198898, 'PEO': 0.07417531920714375, 'DNP': 0.06088980460718393, 'CDR': 0.056331992527966696, 'LPP': 0.04949687739111479, 'SPL': 0.03915016307669948, 'CPS': 0.03587046195803179, 'PGE': 0.033434998012302354, 'CCC': 0.020839834315783175, 'OPL': 0.019890868987214618, 'ACP': 0.018191708094845237, 'TPE': 0.015195200458239114, 'JSW': 0.0077103432946195385, 'MRC': 0.004613382120980255}"
660,2021-07-13,151760.07385337132,2.9103830456733704e-11,"{'PKO': 0.14552084090297043, 'KGH': 0.1238666917444291, 'ALE': 0.1017092062460727, 'PKN': 0.10074527975241411, 'PZU': 0.09236702730198898, 'PEO': 0.07417531920714375, 'DNP': 0.06088980460718393, 'CDR': 0.056331992527966696, 'LPP': 0.04949687739111479, 'SPL': 0.03915016307669948, 'CPS': 0.03587046195803179, 'PGE': 0.033434998012302354, 'CCC': 0.020839834315783175, 'OPL': 0.019890868987214618, 'ACP': 0.018191708094845237, 'TPE': 0.015195200458239114, 'JSW': 0.0077103432946195385, 'MRC': 0.004613382120980255}"
661,2021-07-14,152037.9805126899,2.9103830456733704e-11,"{'PKO': 0.14552084090297043, 'KGH': 0.1238666917444291, 'ALE': 0.1017092062460727, 'PKN': 0.10074527975241411, 'PZU': 0.09236702730198898, 'PEO': 0.07417531920714375, 'DNP': 0.06088980460718393, 'CDR': 0.056331992527966696, 'LPP': 0.04949687739111479, 'SPL': 0.03915016307669948, 'CPS': 0.03587046195803179, 'PGE': 0.033434998012302354, 'CCC': 0.020839834315783175, 'OPL': 0.019890868987214618, 'ACP': 0.018191708094845237, 'TPE': 0.015195200458239114, 'JSW': 0.0077103432946195385, 'MRC': 0.004613382120980255}"
662,2021-07-15,151546.90697363,2.9103830456733704e-11,"{'PKO': 0.14552084090297043, 'KGH': 0.1238666917444291, 'ALE': 0.1017092062460727, 'PKN': 0.10074527975241411, 'PZU': 0.09236702730198898, 'PEO': 0.07417531920714375, 'DNP': 0.06088980460718393, 'CDR': 0.056331992527966696, 'LPP': 0.04949687739111479, 'SPL': 0.03915016307669948, 'CPS': 0.03587046195803179, 'PGE': 0.033434998012302354, 'CCC': 0.020839834315783175, 'OPL': 0.019890868987214618, 'ACP': 0.018191708094845237, 'TPE': 0.015195200458239114, 'JSW': 0.0077103432946195385, 'MRC': 0.004613382120980255}"
663,2021-07-16,151512.4298253787,5.820766091346741e-11,"{'KGH': 0.12617254294063118, 'ALE': 0.12164313558678418, 'PKN': 0.09279954218460564, 'PZU': 0.08811923697809826, 'PEO': 0.06774750606298548, 'DNP': 0.06476680894274336, 'CDR': 0.05804211108338906, 'LPP': 0.05690634949603287, 'SPL': 0.03594188978642102, 'CPS': 0.03846448862705442, 'PGE': 0.02813694292918185, 'CCC': 0.022602096606338242, 'OPL': 0.02201732991503724, 'ACP': 0.01928355724448182, 'TPE': 0.014099455986748291, 'JSW': 0.007865773001391248, 'MRC': 0.004891580154934503, 'PBG': 0.1304996524731412}"
664,2021-07-19,148403.93422328867,5.820766091346741e-11,"{'KGH': 0.12617254294063118, 'ALE': 0.12164313558678418, 'PKN': 0.09279954218460564, 'PZU': 0.08811923697809826, 'PEO': 0.06774750606298548, 'DNP': 0.06476680894274336, 'CDR': 0.05804211108338906, 'LPP': 0.05690634949603287, 'SPL': 0.03594188978642102, 'CPS': 0.03846448862705442, 'PGE': 0.02813694292918185, 'CCC': 0.022602096606338242, 'OPL': 0.02201732991503724, 'ACP': 0.01928355724448182, 'TPE': 0.014099455986748291, 'JSW': 0.007865773001391248, 'MRC': 0.004891580154934503, 'PBG': 0.1304996524731412}"
665,2021-07-20,149432.73999694613,5.820766091346741e-11,"{'KGH': 0.12617254294063118, 'ALE': 0.12164313558678418, 'PKN': 0.09279954218460564, 'PZU': 0.08811923697809826, 'PEO': 0.06774750606298548, 'DNP': 0.06476680894274336, 'CDR': 0.05804211108338906, 'LPP': 0.05690634949603287, 'SPL': 0.03594188978642102, 'CPS': 0.03846448862705442, 'PGE': 0.02813694292918185, 'CCC': 0.022602096606338242, 'OPL': 0.02201732991503724, 'ACP': 0.01928355724448182, 'TPE': 0.014099455986748291, 'JSW': 0.007865773001391248, 'MRC': 0.004891580154934503, 'PBG': 0.1304996524731412}"
666,2021-07-21,150897.238623771,5.820766091346741e-11,"{'KGH': 0.12617254294063118, 'ALE': 0.12164313558678418, 'PKN': 0.09279954218460564, 'PZU': 0.08811923697809826, 'PEO': 0.06774750606298548, 'DNP': 0.06476680894274336, 'CDR': 0.05804211108338906, 'LPP': 0.05690634949603287, 'SPL': 0.03594188978642102, 'CPS': 0.03846448862705442, 'PGE': 0.02813694292918185, 'CCC': 0.022602096606338242, 'OPL': 0.02201732991503724, 'ACP': 0.01928355724448182, 'TPE': 0.014099455986748291, 'JSW': 0.007865773001391248, 'MRC': 0.004891580154934503, 'PBG': 0.1304996524731412}"
667,2021-07-22,150328.402665409,5.820766091346741e-11,"{'KGH': 0.12617254294063118, 'ALE': 0.12164313558678418, 'PKN': 0.09279954218460564, 'PZU': 0.08811923697809826, 'PEO': 0.06774750606298548, 'DNP': 0.06476680894274336, 'CDR': 0.05804211108338906, 'LPP': 0.05690634949603287, 'SPL': 0.03594188978642102, 'CPS': 0.03846448862705442, 'PGE': 0.02813694292918185, 'CCC': 0.022602096606338242, 'OPL': 0.02201732991503724, 'ACP': 0.01928355724448182, 'TPE': 0.014099455986748291, 'JSW': 0.007865773001391248, 'MRC': 0.004891580154934503, 'PBG': 0.1304996524731412}"
668,2021-07-23,151360.97144616387,5.820766091346741e-11,"{'KGH': 0.12617254294063118, 'ALE': 0.12164313558678418, 'PKN': 0.09279954218460564, 'PZU': 0.08811923697809826, 'PEO': 0.06774750606298548, 'DNP': 0.06476680894274336, 'CDR': 0.05804211108338906, 'LPP': 0.05690634949603287, 'SPL': 0.03594188978642102, 'CPS': 0.03846448862705442, 'PGE': 0.02813694292918185, 'CCC': 0.022602096606338242, 'OPL': 0.02201732991503724, 'ACP': 0.01928355724448182, 'TPE': 0.014099455986748291, 'JSW': 0.007865773001391248, 'MRC': 0.004891580154934503, 'PBG': 0.1304996524731412}"
669,2021-07-26,151226.92975560483,5.820766091346741e-11,"{'KGH': 0.12617254294063118, 'ALE': 0.12164313558678418, 'PKN': 0.09279954218460564, 'PZU': 0.08811923697809826, 'PEO': 0.06774750606298548, 'DNP': 0.06476680894274336, 'CDR': 0.05804211108338906, 'LPP': 0.05690634949603287, 'SPL': 0.03594188978642102, 'CPS': 0.03846448862705442, 'PGE': 0.02813694292918185, 'CCC': 0.022602096606338242, 'OPL': 0.02201732991503724, 'ACP': 0.01928355724448182, 'TPE': 0.014099455986748291, 'JSW': 0.007865773001391248, 'MRC': 0.004891580154934503, 'PBG': 0.1304996524731412}"
670,2021-07-27,150296.1735457985,5.820766091346741e-11,"{'KGH': 0.12617254294063118, 'ALE': 0.12164313558678418, 'PKN': 0.09279954218460564, 'PZU': 0.08811923697809826, 'PEO': 0.06774750606298548, 'DNP': 0.06476680894274336, 'CDR': 0.05804211108338906, 'LPP': 0.05690634949603287, 'SPL': 0.03594188978642102, 'CPS': 0.03846448862705442, 'PGE': 0.02813694292918185, 'CCC': 0.022602096606338242, 'OPL': 0.02201732991503724, 'ACP': 0.01928355724448182, 'TPE': 0.014099455986748291, 'JSW': 0.007865773001391248, 'MRC': 0.004891580154934503, 'PBG': 0.1304996524731412}"
671,2021-07-28,150409.6013986494,5.820766091346741e-11,"{'KGH': 0.12617254294063118, 'ALE': 0.12164313558678418, 'PKN': 0.09279954218460564, 'PZU': 0.08811923697809826, 'PEO': 0.06774750606298548, 'DNP': 0.06476680894274336, 'CDR': 0.05804211108338906, 'LPP': 0.05690634949603287, 'SPL': 0.03594188978642102, 'CPS': 0.03846448862705442, 'PGE': 0.02813694292918185, 'CCC': 0.022602096606338242, 'OPL': 0.02201732991503724, 'ACP': 0.01928355724448182, 'TPE': 0.014099455986748291, 'JSW': 0.007865773001391248, 'MRC': 0.004891580154934503, 'PBG': 0.1304996524731412}"
672,2021-07-29,151838.48462281926,5.820766091346741e-11,"{'KGH': 0.12617254294063118, 'ALE': 0.12164313558678418, 'PKN': 0.09279954218460564, 'PZU': 0.08811923697809826, 'PEO': 0.06774750606298548, 'DNP': 0.06476680894274336, 'CDR': 0.05804211108338906, 'LPP': 0.05690634949603287, 'SPL': 0.03594188978642102, 'CPS': 0.03846448862705442, 'PGE': 0.02813694292918185, 'CCC': 0.022602096606338242, 'OPL': 0.02201732991503724, 'ACP': 0.01928355724448182, 'TPE': 0.014099455986748291, 'JSW': 0.007865773001391248, 'MRC': 0.004891580154934503, 'PBG': 0.1304996524731412}"
673,2021-07-30,150977.53754219753,5.820766091346741e-11,"{'KGH': 0.12617254294063118, 'ALE': 0.12164313558678418, 'PKN': 0.09279954218460564, 'PZU': 0.08811923697809826, 'PEO': 0.06774750606298548, 'DNP': 0.06476680894274336, 'CDR': 0.05804211108338906, 'LPP': 0.05690634949603287, 'SPL': 0.03594188978642102, 'CPS': 0.03846448862705442, 'PGE': 0.02813694292918185, 'CCC': 0.022602096606338242, 'OPL': 0.02201732991503724, 'ACP': 0.01928355724448182, 'TPE': 0.014099455986748291, 'JSW': 0.007865773001391248, 'MRC': 0.004891580154934503, 'PBG': 0.1304996524731412}"
674,2021-08-02,151011.42918967584,5.820766091346741e-11,"{'KGH': 0.12617254294063118, 'ALE': 0.12164313558678418, 'PKN': 0.09279954218460564, 'PZU': 0.08811923697809826, 'PEO': 0.06774750606298548, 'DNP': 0.06476680894274336, 'CDR': 0.05804211108338906, 'LPP': 0.05690634949603287, 'SPL': 0.03594188978642102, 'CPS': 0.03846448862705442, 'PGE': 0.02813694292918185, 'CCC': 0.022602096606338242, 'OPL': 0.02201732991503724, 'ACP': 0.01928355724448182, 'TPE': 0.014099455986748291, 'JSW': 0.007865773001391248, 'MRC': 0.004891580154934503, 'PBG': 0.1304996524731412}"
675,2021-08-03,151399.19766056986,5.820766091346741e-11,"{'KGH': 0.12617254294063118, 'ALE': 0.12164313558678418, 'PKN': 0.09279954218460564, 'PZU': 0.08811923697809826, 'PEO': 0.06774750606298548, 'DNP': 0.06476680894274336, 'CDR': 0.05804211108338906, 'LPP': 0.05690634949603287, 'SPL': 0.03594188978642102, 'CPS': 0.03846448862705442, 'PGE': 0.02813694292918185, 'CCC': 0.022602096606338242, 'OPL': 0.02201732991503724, 'ACP': 0.01928355724448182, 'TPE': 0.014099455986748291, 'JSW': 0.007865773001391248, 'MRC': 0.004891580154934503, 'PBG': 0.1304996524731412}"
676,2021-08-04,149546.3095868879,5.820766091346741e-11,"{'KGH': 0.12617254294063118, 'ALE': 0.12164313558678418, 'PKN': 0.09279954218460564, 'PZU': 0.08811923697809826, 'PEO': 0.06774750606298548, 'DNP': 0.06476680894274336, 'CDR': 0.05804211108338906, 'LPP': 0.05690634949603287, 'SPL': 0.03594188978642102, 'CPS': 0.03846448862705442, 'PGE': 0.02813694292918185, 'CCC': 0.022602096606338242, 'OPL': 0.02201732991503724, 'ACP': 0.01928355724448182, 'TPE': 0.014099455986748291, 'JSW': 0.007865773001391248, 'MRC': 0.004891580154934503, 'PBG': 0.1304996524731412}"
677,2021-08-05,149339.0113222843,5.820766091346741e-11,"{'KGH': 0.12617254294063118, 'ALE': 0.12164313558678418, 'PKN': 0.09279954218460564, 'PZU': 0.08811923697809826, 'PEO': 0.06774750606298548, 'DNP': 0.06476680894274336, 'CDR': 0.05804211108338906, 'LPP': 0.05690634949603287, 'SPL': 0.03594188978642102, 'CPS': 0.03846448862705442, 'PGE': 0.02813694292918185, 'CCC': 0.022602096606338242, 'OPL': 0.02201732991503724, 'ACP': 0.01928355724448182, 'TPE': 0.014099455986748291, 'JSW': 0.007865773001391248, 'MRC': 0.004891580154934503, 'PBG': 0.1304996524731412}"
678,2021-08-06,149134.05179048516,5.820766091346741e-11,"{'KGH': 0.12617254294063118, 'ALE': 0.12164313558678418, 'PKN': 0.09279954218460564, 'PZU': 0.08811923697809826, 'PEO': 0.06774750606298548, 'DNP': 0.06476680894274336, 'CDR': 0.05804211108338906, 'LPP': 0.05690634949603287, 'SPL': 0.03594188978642102, 'CPS': 0.03846448862705442, 'PGE': 0.02813694292918185, 'CCC': 0.022602096606338242, 'OPL': 0.02201732991503724, 'ACP': 0.01928355724448182, 'TPE': 0.014099455986748291, 'JSW': 0.007865773001391248, 'MRC': 0.004891580154934503, 'PBG': 0.1304996524731412}"
679,2021-08-09,148646.50024398288,5.820766091346741e-11,"{'KGH': 0.12617254294063118, 'ALE': 0.12164313558678418, 'PKN': 0.09279954218460564, 'PZU': 0.08811923697809826, 'PEO': 0.06774750606298548, 'DNP': 0.06476680894274336, 'CDR': 0.05804211108338906, 'LPP': 0.05690634949603287, 'SPL': 0.03594188978642102, 'CPS': 0.03846448862705442, 'PGE': 0.02813694292918185, 'CCC': 0.022602096606338242, 'OPL': 0.02201732991503724, 'ACP': 0.01928355724448182, 'TPE': 0.014099455986748291, 'JSW': 0.007865773001391248, 'MRC': 0.004891580154934503, 'PBG': 0.1304996524731412}"
680,2021-08-10,149147.22244121286,5.820766091346741e-11,"{'KGH': 0.12617254294063118, 'ALE': 0.12164313558678418, 'PKN': 0.09279954218460564, 'PZU': 0.08811923697809826, 'PEO': 0.06774750606298548, 'DNP': 0.06476680894274336, 'CDR': 0.05804211108338906, 'LPP': 0.05690634949603287, 'SPL': 0.03594188978642102, 'CPS': 0.03846448862705442, 'PGE': 0.02813694292918185, 'CCC': 0.022602096606338242, 'OPL': 0.02201732991503724, 'ACP': 0.01928355724448182, 'TPE': 0.014099455986748291, 'JSW': 0.007865773001391248, 'MRC': 0.004891580154934503, 'PBG': 0.1304996524731412}"
681,2021-08-11,146496.64063054387,5.820766091346741e-11,"{'KGH': 0.12617254294063118, 'ALE': 0.12164313558678418, 'PKN': 0.09279954218460564, 'PZU': 0.08811923697809826, 'PEO': 0.06774750606298548, 'DNP': 0.06476680894274336, 'CDR': 0.05804211108338906, 'LPP': 0.05690634949603287, 'SPL': 0.03594188978642102, 'CPS': 0.03846448862705442, 'PGE': 0.02813694292918185, 'CCC': 0.022602096606338242, 'OPL': 0.02201732991503724, 'ACP': 0.01928355724448182, 'TPE': 0.014099455986748291, 'JSW': 0.007865773001391248, 'MRC': 0.004891580154934503, 'PBG': 0.1304996524731412}"
682,2021-08-12,147634.16526158058,5.820766091346741e-11,"{'KGH': 0.12617254294063118, 'ALE': 0.12164313558678418, 'PKN': 0.09279954218460564, 'PZU': 0.08811923697809826, 'PEO': 0.06774750606298548, 'DNP': 0.06476680894274336, 'CDR': 0.05804211108338906, 'LPP': 0.05690634949603287, 'SPL': 0.03594188978642102, 'CPS': 0.03846448862705442, 'PGE': 0.02813694292918185, 'CCC': 0.022602096606338242, 'OPL': 0.02201732991503724, 'ACP': 0.01928355724448182, 'TPE': 0.014099455986748291, 'JSW': 0.007865773001391248, 'MRC': 0.004891580154934503, 'PBG': 0.1304996524731412}"
683,2021-08-13,147893.32114088815,5.820766091346741e-11,"{'KGH': 0.12617254294063118, 'ALE': 0.12164313558678418, 'PKN': 0.09279954218460564, 'PZU': 0.08811923697809826, 'PEO': 0.06774750606298548, 'DNP': 0.06476680894274336, 'CDR': 0.05804211108338906, 'LPP': 0.05690634949603287, 'SPL': 0.03594188978642102, 'CPS': 0.03846448862705442, 'PGE': 0.02813694292918185, 'CCC': 0.022602096606338242, 'OPL': 0.02201732991503724, 'ACP': 0.01928355724448182, 'TPE': 0.014099455986748291, 'JSW': 0.007865773001391248, 'MRC': 0.004891580154934503, 'PBG': 0.1304996524731412}"
684,2021-08-16,146536.30761756215,5.820766091346741e-11,"{'KGH': 0.12617254294063118, 'ALE': 0.12164313558678418, 'PKN': 0.09279954218460564, 'PZU': 0.08811923697809826, 'PEO': 0.06774750606298548, 'DNP': 0.06476680894274336, 'CDR': 0.05804211108338906, 'LPP': 0.05690634949603287, 'SPL': 0.03594188978642102, 'CPS': 0.03846448862705442, 'PGE': 0.02813694292918185, 'CCC': 0.022602096606338242, 'OPL': 0.02201732991503724, 'ACP': 0.01928355724448182, 'TPE': 0.014099455986748291, 'JSW': 0.007865773001391248, 'MRC': 0.004891580154934503, 'PBG': 0.1304996524731412}"
685,2021-08-17,147513.2472955335,5.820766091346741e-11,"{'KGH': 0.12617254294063118, 'ALE': 0.12164313558678418, 'PKN': 0.09279954218460564, 'PZU': 0.08811923697809826, 'PEO': 0.06774750606298548, 'DNP': 0.06476680894274336, 'CDR': 0.05804211108338906, 'LPP': 0.05690634949603287, 'SPL': 0.03594188978642102, 'CPS': 0.03846448862705442, 'PGE': 0.02813694292918185, 'CCC': 0.022602096606338242, 'OPL': 0.02201732991503724, 'ACP': 0.01928355724448182, 'TPE': 0.014099455986748291, 'JSW': 0.007865773001391248, 'MRC': 0.004891580154934503, 'PBG': 0.1304996524731412}"
686,2021-08-18,146016.28939901257,5.820766091346741e-11,"{'KGH': 0.12617254294063118, 'ALE': 0.12164313558678418, 'PKN': 0.09279954218460564, 'PZU': 0.08811923697809826, 'PEO': 0.06774750606298548, 'DNP': 0.06476680894274336, 'CDR': 0.05804211108338906, 'LPP': 0.05690634949603287, 'SPL': 0.03594188978642102, 'CPS': 0.03846448862705442, 'PGE': 0.02813694292918185, 'CCC': 0.022602096606338242, 'OPL': 0.02201732991503724, 'ACP': 0.01928355724448182, 'TPE': 0.014099455986748291, 'JSW': 0.007865773001391248, 'MRC': 0.004891580154934503, 'PBG': 0.1304996524731412}"
687,2021-08-19,144786.30094771352,5.820766091346741e-11,"{'KGH': 0.12617254294063118, 'ALE': 0.12164313558678418, 'PKN': 0.09279954218460564, 'PZU': 0.08811923697809826, 'PEO': 0.06774750606298548, 'DNP': 0.06476680894274336, 'CDR': 0.05804211108338906, 'LPP': 0.05690634949603287, 'SPL': 0.03594188978642102, 'CPS': 0.03846448862705442, 'PGE': 0.02813694292918185, 'CCC': 0.022602096606338242, 'OPL': 0.02201732991503724, 'ACP': 0.01928355724448182, 'TPE': 0.014099455986748291, 'JSW': 0.007865773001391248, 'MRC': 0.004891580154934503, 'PBG': 0.1304996524731412}"
688,2021-08-20,144427.36583420137,5.820766091346741e-11,"{'KGH': 0.12617254294063118, 'ALE': 0.12164313558678418, 'PKN': 0.09279954218460564, 'PZU': 0.08811923697809826, 'PEO': 0.06774750606298548, 'DNP': 0.06476680894274336, 'CDR': 0.05804211108338906, 'LPP': 0.05690634949603287, 'SPL': 0.03594188978642102, 'CPS': 0.03846448862705442, 'PGE': 0.02813694292918185, 'CCC': 0.022602096606338242, 'OPL': 0.02201732991503724, 'ACP': 0.01928355724448182, 'TPE': 0.014099455986748291, 'JSW': 0.007865773001391248, 'MRC': 0.004891580154934503, 'PBG': 0.1304996524731412}"
689,2021-08-23,146143.58397497074,5.820766091346741e-11,"{'KGH': 0.12617254294063118, 'ALE': 0.12164313558678418, 'PKN': 0.09279954218460564, 'PZU': 0.08811923697809826, 'PEO': 0.06774750606298548, 'DNP': 0.06476680894274336, 'CDR': 0.05804211108338906, 'LPP': 0.05690634949603287, 'SPL': 0.03594188978642102, 'CPS': 0.03846448862705442, 'PGE': 0.02813694292918185, 'CCC': 0.022602096606338242, 'OPL': 0.02201732991503724, 'ACP': 0.01928355724448182, 'TPE': 0.014099455986748291, 'JSW': 0.007865773001391248, 'MRC': 0.004891580154934503, 'PBG': 0.1304996524731412}"
690,2021-08-24,146886.50433054758,5.820766091346741e-11,"{'KGH': 0.12617254294063118, 'ALE': 0.12164313558678418, 'PKN': 0.09279954218460564, 'PZU': 0.08811923697809826, 'PEO': 0.06774750606298548, 'DNP': 0.06476680894274336, 'CDR': 0.05804211108338906, 'LPP': 0.05690634949603287, 'SPL': 0.03594188978642102, 'CPS': 0.03846448862705442, 'PGE': 0.02813694292918185, 'CCC': 0.022602096606338242, 'OPL': 0.02201732991503724, 'ACP': 0.01928355724448182, 'TPE': 0.014099455986748291, 'JSW': 0.007865773001391248, 'MRC': 0.004891580154934503, 'PBG': 0.1304996524731412}"
691,2021-08-25,149502.02134631033,5.820766091346741e-11,"{'KGH': 0.12617254294063118, 'ALE': 0.12164313558678418, 'PKN': 0.09279954218460564, 'PZU': 0.08811923697809826, 'PEO': 0.06774750606298548, 'DNP': 0.06476680894274336, 'CDR': 0.05804211108338906, 'LPP': 0.05690634949603287, 'SPL': 0.03594188978642102, 'CPS': 0.03846448862705442, 'PGE': 0.02813694292918185, 'CCC': 0.022602096606338242, 'OPL': 0.02201732991503724, 'ACP': 0.01928355724448182, 'TPE': 0.014099455986748291, 'JSW': 0.007865773001391248, 'MRC': 0.004891580154934503, 'PBG': 0.1304996524731412}"
692,2021-08-26,148806.93007964906,5.820766091346741e-11,"{'KGH': 0.12617254294063118, 'ALE': 0.12164313558678418, 'PKN': 0.09279954218460564, 'PZU': 0.08811923697809826, 'PEO': 0.06774750606298548, 'DNP': 0.06476680894274336, 'CDR': 0.05804211108338906, 'LPP': 0.05690634949603287, 'SPL': 0.03594188978642102, 'CPS': 0.03846448862705442, 'PGE': 0.02813694292918185, 'CCC': 0.022602096606338242, 'OPL': 0.02201732991503724, 'ACP': 0.01928355724448182, 'TPE': 0.014099455986748291, 'JSW': 0.007865773001391248, 'MRC': 0.004891580154934503, 'PBG': 0.1304996524731412}"
693,2021-08-27,149531.41150605012,5.820766091346741e-11,"{'KGH': 0.12617254294063118, 'ALE': 0.12164313558678418, 'PKN': 0.09279954218460564, 'PZU': 0.08811923697809826, 'PEO': 0.06774750606298548, 'DNP': 0.06476680894274336, 'CDR': 0.05804211108338906, 'LPP': 0.05690634949603287, 'SPL': 0.03594188978642102, 'CPS': 0.03846448862705442, 'PGE': 0.02813694292918185, 'CCC': 0.022602096606338242, 'OPL': 0.02201732991503724, 'ACP': 0.01928355724448182, 'TPE': 0.014099455986748291, 'JSW': 0.007865773001391248, 'MRC': 0.004891580154934503, 'PBG': 0.1304996524731412}"
694,2021-08-30,151227.0940455629,5.820766091346741e-11,"{'KGH': 0.12617254294063118, 'ALE': 0.12164313558678418, 'PKN': 0.09279954218460564, 'PZU': 0.08811923697809826, 'PEO': 0.06774750606298548, 'DNP': 0.06476680894274336, 'CDR': 0.05804211108338906, 'LPP': 0.05690634949603287, 'SPL': 0.03594188978642102, 'CPS': 0.03846448862705442, 'PGE': 0.02813694292918185, 'CCC': 0.022602096606338242, 'OPL': 0.02201732991503724, 'ACP': 0.01928355724448182, 'TPE': 0.014099455986748291, 'JSW': 0.007865773001391248, 'MRC': 0.004891580154934503, 'PBG': 0.1304996524731412}"
695,2021-08-31,151907.4944238973,5.820766091346741e-11,"{'KGH': 0.12617254294063118, 'ALE': 0.12164313558678418, 'PKN': 0.09279954218460564, 'PZU': 0.08811923697809826, 'PEO': 0.06774750606298548, 'DNP': 0.06476680894274336, 'CDR': 0.05804211108338906, 'LPP': 0.05690634949603287, 'SPL': 0.03594188978642102, 'CPS': 0.03846448862705442, 'PGE': 0.02813694292918185, 'CCC': 0.022602096606338242, 'OPL': 0.02201732991503724, 'ACP': 0.01928355724448182, 'TPE': 0.014099455986748291, 'JSW': 0.007865773001391248, 'MRC': 0.004891580154934503, 'PBG': 0.1304996524731412}"
696,2021-09-01,155452.37242930455,5.820766091346741e-11,"{'KGH': 0.12617254294063118, 'ALE': 0.12164313558678418, 'PKN': 0.09279954218460564, 'PZU': 0.08811923697809826, 'PEO': 0.06774750606298548, 'DNP': 0.06476680894274336, 'CDR': 0.05804211108338906, 'LPP': 0.05690634949603287, 'SPL': 0.03594188978642102, 'CPS': 0.03846448862705442, 'PGE': 0.02813694292918185, 'CCC': 0.022602096606338242, 'OPL': 0.02201732991503724, 'ACP': 0.01928355724448182, 'TPE': 0.014099455986748291, 'JSW': 0.007865773001391248, 'MRC': 0.004891580154934503, 'PBG': 0.1304996524731412}"
697,2021-09-02,156899.3635828638,5.820766091346741e-11,"{'KGH': 0.12617254294063118, 'ALE': 0.12164313558678418, 'PKN': 0.09279954218460564, 'PZU': 0.08811923697809826, 'PEO': 0.06774750606298548, 'DNP': 0.06476680894274336, 'CDR': 0.05804211108338906, 'LPP': 0.05690634949603287, 'SPL': 0.03594188978642102, 'CPS': 0.03846448862705442, 'PGE': 0.02813694292918185, 'CCC': 0.022602096606338242, 'OPL': 0.02201732991503724, 'ACP': 0.01928355724448182, 'TPE': 0.014099455986748291, 'JSW': 0.007865773001391248, 'MRC': 0.004891580154934503, 'PBG': 0.1304996524731412}"
698,2021-09-03,156110.49563762205,5.820766091346741e-11,"{'KGH': 0.12617254294063118, 'ALE': 0.12164313558678418, 'PKN': 0.09279954218460564, 'PZU': 0.08811923697809826, 'PEO': 0.06774750606298548, 'DNP': 0.06476680894274336, 'CDR': 0.05804211108338906, 'LPP': 0.05690634949603287, 'SPL': 0.03594188978642102, 'CPS': 0.03846448862705442, 'PGE': 0.02813694292918185, 'CCC': 0.022602096606338242, 'OPL': 0.02201732991503724, 'ACP': 0.01928355724448182, 'TPE': 0.014099455986748291, 'JSW': 0.007865773001391248, 'MRC': 0.004891580154934503, 'PBG': 0.1304996524731412}"
699,2021-09-06,157960.63565183844,5.820766091346741e-11,"{'KGH': 0.12617254294063118, 'ALE': 0.12164313558678418, 'PKN': 0.09279954218460564, 'PZU': 0.08811923697809826, 'PEO': 0.06774750606298548, 'DNP': 0.06476680894274336, 'CDR': 0.05804211108338906, 'LPP': 0.05690634949603287, 'SPL': 0.03594188978642102, 'CPS': 0.03846448862705442, 'PGE': 0.02813694292918185, 'CCC': 0.022602096606338242, 'OPL': 0.02201732991503724, 'ACP': 0.01928355724448182, 'TPE': 0.014099455986748291, 'JSW': 0.007865773001391248, 'MRC': 0.004891580154934503, 'PBG': 0.1304996524731412}"
700,2021-09-07,156644.0765040143,5.820766091346741e-11,"{'KGH': 0.12617254294063118, 'ALE': 0.12164313558678418, 'PKN': 0.09279954218460564, 'PZU': 0.08811923697809826, 'PEO': 0.06774750606298548, 'DNP': 0.06476680894274336, 'CDR': 0.05804211108338906, 'LPP': 0.05690634949603287, 'SPL': 0.03594188978642102, 'CPS': 0.03846448862705442, 'PGE': 0.02813694292918185, 'CCC': 0.022602096606338242, 'OPL': 0.02201732991503724, 'ACP': 0.01928355724448182, 'TPE': 0.014099455986748291, 'JSW': 0.007865773001391248, 'MRC': 0.004891580154934503, 'PBG': 0.1304996524731412}"
701,2021-09-08,154818.09959967752,5.820766091346741e-11,"{'KGH': 0.12617254294063118, 'ALE': 0.12164313558678418, 'PKN': 0.09279954218460564, 'PZU': 0.08811923697809826, 'PEO': 0.06774750606298548, 'DNP': 0.06476680894274336, 'CDR': 0.05804211108338906, 'LPP': 0.05690634949603287, 'SPL': 0.03594188978642102, 'CPS': 0.03846448862705442, 'PGE': 0.02813694292918185, 'CCC': 0.022602096606338242, 'OPL': 0.02201732991503724, 'ACP': 0.01928355724448182, 'TPE': 0.014099455986748291, 'JSW': 0.007865773001391248, 'MRC': 0.004891580154934503, 'PBG': 0.1304996524731412}"
702,2021-09-09,154597.33565296375,5.820766091346741e-11,"{'KGH': 0.12617254294063118, 'ALE': 0.12164313558678418, 'PKN': 0.09279954218460564, 'PZU': 0.08811923697809826, 'PEO': 0.06774750606298548, 'DNP': 0.06476680894274336, 'CDR': 0.05804211108338906, 'LPP': 0.05690634949603287, 'SPL': 0.03594188978642102, 'CPS': 0.03846448862705442, 'PGE': 0.02813694292918185, 'CCC': 0.022602096606338242, 'OPL': 0.02201732991503724, 'ACP': 0.01928355724448182, 'TPE': 0.014099455986748291, 'JSW': 0.007865773001391248, 'MRC': 0.004891580154934503, 'PBG': 0.1304996524731412}"
703,2021-09-10,154902.7855091985,5.820766091346741e-11,"{'KGH': 0.12617254294063118, 'ALE': 0.12164313558678418, 'PKN': 0.09279954218460564, 'PZU': 0.08811923697809826, 'PEO': 0.06774750606298548, 'DNP': 0.06476680894274336, 'CDR': 0.05804211108338906, 'LPP': 0.05690634949603287, 'SPL': 0.03594188978642102, 'CPS': 0.03846448862705442, 'PGE': 0.02813694292918185, 'CCC': 0.022602096606338242, 'OPL': 0.02201732991503724, 'ACP': 0.01928355724448182, 'TPE': 0.014099455986748291, 'JSW': 0.007865773001391248, 'MRC': 0.004891580154934503, 'PBG': 0.1304996524731412}"
704,2021-09-13,156280.63370925773,5.820766091346741e-11,"{'KGH': 0.12617254294063118, 'ALE': 0.12164313558678418, 'PKN': 0.09279954218460564, 'PZU': 0.08811923697809826, 'PEO': 0.06774750606298548, 'DNP': 0.06476680894274336, 'CDR': 0.05804211108338906, 'LPP': 0.05690634949603287, 'SPL': 0.03594188978642102, 'CPS': 0.03846448862705442, 'PGE': 0.02813694292918185, 'CCC': 0.022602096606338242, 'OPL': 0.02201732991503724, 'ACP': 0.01928355724448182, 'TPE': 0.014099455986748291, 'JSW': 0.007865773001391248, 'MRC': 0.004891580154934503, 'PBG': 0.1304996524731412}"
705,2021-09-14,156841.21922162827,5.820766091346741e-11,"{'KGH': 0.12617254294063118, 'ALE': 0.12164313558678418, 'PKN': 0.09279954218460564, 'PZU': 0.08811923697809826, 'PEO': 0.06774750606298548, 'DNP': 0.06476680894274336, 'CDR': 0.05804211108338906, 'LPP': 0.05690634949603287, 'SPL': 0.03594188978642102, 'CPS': 0.03846448862705442, 'PGE': 0.02813694292918185, 'CCC': 0.022602096606338242, 'OPL': 0.02201732991503724, 'ACP': 0.01928355724448182, 'TPE': 0.014099455986748291, 'JSW': 0.007865773001391248, 'MRC': 0.004891580154934503, 'PBG': 0.1304996524731412}"
706,2021-09-15,153956.53411889856,5.820766091346741e-11,"{'KGH': 0.12617254294063118, 'ALE': 0.12164313558678418, 'PKN': 0.09279954218460564, 'PZU': 0.08811923697809826, 'PEO': 0.06774750606298548, 'DNP': 0.06476680894274336, 'CDR': 0.05804211108338906, 'LPP': 0.05690634949603287, 'SPL': 0.03594188978642102, 'CPS': 0.03846448862705442, 'PGE': 0.02813694292918185, 'CCC': 0.022602096606338242, 'OPL': 0.02201732991503724, 'ACP': 0.01928355724448182, 'TPE': 0.014099455986748291, 'JSW': 0.007865773001391248, 'MRC': 0.004891580154934503, 'PBG': 0.1304996524731412}"
707,2021-09-16,153693.2278671633,5.820766091346741e-11,"{'KGH': 0.12617254294063118, 'ALE': 0.12164313558678418, 'PKN': 0.09279954218460564, 'PZU': 0.08811923697809826, 'PEO': 0.06774750606298548, 'DNP': 0.06476680894274336, 'CDR': 0.05804211108338906, 'LPP': 0.05690634949603287, 'SPL': 0.03594188978642102, 'CPS': 0.03846448862705442, 'PGE': 0.02813694292918185, 'CCC': 0.022602096606338242, 'OPL': 0.02201732991503724, 'ACP': 0.01928355724448182, 'TPE': 0.014099455986748291, 'JSW': 0.007865773001391248, 'MRC': 0.004891580154934503, 'PBG': 0.1304996524731412}"
708,2021-09-17,152628.61010630993,0.0,"{'PKO': 0.14480890042869232, 'ALE': 0.1091534658847455, 'KGH': 0.10225836227166431, 'PZU': 0.09860669663889014, 'PKN': 0.0898175446225866, 'PEO': 0.07838930209059457, 'DNP': 0.06680757448822322, 'LPP': 0.05908855449039759, 'CDR': 0.050889893647636644, 'CPS': 0.04077799876785596, 'SPL': 0.03924314806406296, 'PGE': 0.03206665515528639, 'OPL': 0.0230248922939836, 'ACP': 0.019580005158803752, 'CCC': 0.01884988520595778, 'TPE': 0.015709836474447934, 'JSW': 0.007834133800610103, 'MRC': 0.003093150515560615}"
709,2021-09-20,148845.78343167828,0.0,"{'PKO': 0.14480890042869232, 'ALE': 0.1091534658847455, 'KGH': 0.10225836227166431, 'PZU': 0.09860669663889014, 'PKN': 0.0898175446225866, 'PEO': 0.07838930209059457, 'DNP': 0.06680757448822322, 'LPP': 0.05908855449039759, 'CDR': 0.050889893647636644, 'CPS': 0.04077799876785596, 'SPL': 0.03924314806406296, 'PGE': 0.03206665515528639, 'OPL': 0.0230248922939836, 'ACP': 0.019580005158803752, 'CCC': 0.01884988520595778, 'TPE': 0.015709836474447934, 'JSW': 0.007834133800610103, 'MRC': 0.003093150515560615}"
710,2021-09-21,148994.53468971382,0.0,"{'PKO': 0.14480890042869232, 'ALE': 0.1091534658847455, 'KGH': 0.10225836227166431, 'PZU': 0.09860669663889014, 'PKN': 0.0898175446225866, 'PEO': 0.07838930209059457, 'DNP': 0.06680757448822322, 'LPP': 0.05908855449039759, 'CDR': 0.050889893647636644, 'CPS': 0.04077799876785596, 'SPL': 0.03924314806406296, 'PGE': 0.03206665515528639, 'OPL': 0.0230248922939836, 'ACP': 0.019580005158803752, 'CCC': 0.01884988520595778, 'TPE': 0.015709836474447934, 'JSW': 0.007834133800610103, 'MRC': 0.003093150515560615}"
711,2021-09-22,152649.77780007946,0.0,"{'PKO': 0.14480890042869232, 'ALE': 0.1091534658847455, 'KGH': 0.10225836227166431, 'PZU': 0.09860669663889014, 'PKN': 0.0898175446225866, 'PEO': 0.07838930209059457, 'DNP': 0.06680757448822322, 'LPP': 0.05908855449039759, 'CDR': 0.050889893647636644, 'CPS': 0.04077799876785596, 'SPL': 0.03924314806406296, 'PGE': 0.03206665515528639, 'OPL': 0.0230248922939836, 'ACP': 0.019580005158803752, 'CCC': 0.01884988520595778, 'TPE': 0.015709836474447934, 'JSW': 0.007834133800610103, 'MRC': 0.003093150515560615}"
712,2021-09-23,151793.10264414997,0.0,"{'PKO': 0.14480890042869232, 'ALE': 0.1091534658847455, 'KGH': 0.10225836227166431, 'PZU': 0.09860669663889014, 'PKN': 0.0898175446225866, 'PEO': 0.07838930209059457, 'DNP': 0.06680757448822322, 'LPP': 0.05908855449039759, 'CDR': 0.050889893647636644, 'CPS': 0.04077799876785596, 'SPL': 0.03924314806406296, 'PGE': 0.03206665515528639, 'OPL': 0.0230248922939836, 'ACP': 0.019580005158803752, 'CCC': 0.01884988520595778, 'TPE': 0.015709836474447934, 'JSW': 0.007834133800610103, 'MRC': 0.003093150515560615}"
713,2021-09-24,150285.3470944004,0.0,"{'PKO': 0.14480890042869232, 'ALE': 0.1091534658847455, 'KGH': 0.10225836227166431, 'PZU': 0.09860669663889014, 'PKN': 0.0898175446225866, 'PEO': 0.07838930209059457, 'DNP': 0.06680757448822322, 'LPP': 0.05908855449039759, 'CDR': 0.050889893647636644, 'CPS': 0.04077799876785596, 'SPL': 0.03924314806406296, 'PGE': 0.03206665515528639, 'OPL': 0.0230248922939836, 'ACP': 0.019580005158803752, 'CCC': 0.01884988520595778, 'TPE': 0.015709836474447934, 'JSW': 0.007834133800610103, 'MRC': 0.003093150515560615}"
714,2021-09-27,149899.48351509045,0.0,"{'PKO': 0.14480890042869232, 'ALE': 0.1091534658847455, 'KGH': 0.10225836227166431, 'PZU': 0.09860669663889014, 'PKN': 0.0898175446225866, 'PEO': 0.07838930209059457, 'DNP': 0.06680757448822322, 'LPP': 0.05908855449039759, 'CDR': 0.050889893647636644, 'CPS': 0.04077799876785596, 'SPL': 0.03924314806406296, 'PGE': 0.03206665515528639, 'OPL': 0.0230248922939836, 'ACP': 0.019580005158803752, 'CCC': 0.01884988520595778, 'TPE': 0.015709836474447934, 'JSW': 0.007834133800610103, 'MRC': 0.003093150515560615}"
715,2021-09-28,148691.68623735133,0.0,"{'PKO': 0.14480890042869232, 'ALE': 0.1091534658847455, 'KGH': 0.10225836227166431, 'PZU': 0.09860669663889014, 'PKN': 0.0898175446225866, 'PEO': 0.07838930209059457, 'DNP': 0.06680757448822322, 'LPP': 0.05908855449039759, 'CDR': 0.050889893647636644, 'CPS': 0.04077799876785596, 'SPL': 0.03924314806406296, 'PGE': 0.03206665515528639, 'OPL': 0.0230248922939836, 'ACP': 0.019580005158803752, 'CCC': 0.01884988520595778, 'TPE': 0.015709836474447934, 'JSW': 0.007834133800610103, 'MRC': 0.003093150515560615}"
716,2021-09-29,149670.24491266217,0.0,"{'PKO': 0.14480890042869232, 'ALE': 0.1091534658847455, 'KGH': 0.10225836227166431, 'PZU': 0.09860669663889014, 'PKN': 0.0898175446225866, 'PEO': 0.07838930209059457, 'DNP': 0.06680757448822322, 'LPP': 0.05908855449039759, 'CDR': 0.050889893647636644, 'CPS': 0.04077799876785596, 'SPL': 0.03924314806406296, 'PGE': 0.03206665515528639, 'OPL': 0.0230248922939836, 'ACP': 0.019580005158803752, 'CCC': 0.01884988520595778, 'TPE': 0.015709836474447934, 'JSW': 0.007834133800610103, 'MRC': 0.003093150515560615}"
717,2021-09-30,150641.48440229945,0.0,"{'PKO': 0.14480890042869232, 'ALE': 0.1091534658847455, 'KGH': 0.10225836227166431, 'PZU': 0.09860669663889014, 'PKN': 0.0898175446225866, 'PEO': 0.07838930209059457, 'DNP': 0.06680757448822322, 'LPP': 0.05908855449039759, 'CDR': 0.050889893647636644, 'CPS': 0.04077799876785596, 'SPL': 0.03924314806406296, 'PGE': 0.03206665515528639, 'OPL': 0.0230248922939836, 'ACP': 0.019580005158803752, 'CCC': 0.01884988520595778, 'TPE': 0.015709836474447934, 'JSW': 0.007834133800610103, 'MRC': 0.003093150515560615}"
718,2021-10-01,151982.85623820365,0.0,"{'PKO': 0.14480890042869232, 'ALE': 0.1091534658847455, 'KGH': 0.10225836227166431, 'PZU': 0.09860669663889014, 'PKN': 0.0898175446225866, 'PEO': 0.07838930209059457, 'DNP': 0.06680757448822322, 'LPP': 0.05908855449039759, 'CDR': 0.050889893647636644, 'CPS': 0.04077799876785596, 'SPL': 0.03924314806406296, 'PGE': 0.03206665515528639, 'OPL': 0.0230248922939836, 'ACP': 0.019580005158803752, 'CCC': 0.01884988520595778, 'TPE': 0.015709836474447934, 'JSW': 0.007834133800610103, 'MRC': 0.003093150515560615}"
719,2021-10-04,152509.54942917064,0.0,"{'PKO': 0.14480890042869232, 'ALE': 0.1091534658847455, 'KGH': 0.10225836227166431, 'PZU': 0.09860669663889014, 'PKN': 0.0898175446225866, 'PEO': 0.07838930209059457, 'DNP': 0.06680757448822322, 'LPP': 0.05908855449039759, 'CDR': 0.050889893647636644, 'CPS': 0.04077799876785596, 'SPL': 0.03924314806406296, 'PGE': 0.03206665515528639, 'OPL': 0.0230248922939836, 'ACP': 0.019580005158803752, 'CCC': 0.01884988520595778, 'TPE': 0.015709836474447934, 'JSW': 0.007834133800610103, 'MRC': 0.003093150515560615}"
720,2021-10-05,154155.91825054787,0.0,"{'PKO': 0.14480890042869232, 'ALE': 0.1091534658847455, 'KGH': 0.10225836227166431, 'PZU': 0.09860669663889014, 'PKN': 0.0898175446225866, 'PEO': 0.07838930209059457, 'DNP': 0.06680757448822322, 'LPP': 0.05908855449039759, 'CDR': 0.050889893647636644, 'CPS': 0.04077799876785596, 'SPL': 0.03924314806406296, 'PGE': 0.03206665515528639, 'OPL': 0.0230248922939836, 'ACP': 0.019580005158803752, 'CCC': 0.01884988520595778, 'TPE': 0.015709836474447934, 'JSW': 0.007834133800610103, 'MRC': 0.003093150515560615}"
721,2021-10-06,153234.84949230286,0.0,"{'PKO': 0.14480890042869232, 'ALE': 0.1091534658847455, 'KGH': 0.10225836227166431, 'PZU': 0.09860669663889014, 'PKN': 0.0898175446225866, 'PEO': 0.07838930209059457, 'DNP': 0.06680757448822322, 'LPP': 0.05908855449039759, 'CDR': 0.050889893647636644, 'CPS': 0.04077799876785596, 'SPL': 0.03924314806406296, 'PGE': 0.03206665515528639, 'OPL': 0.0230248922939836, 'ACP': 0.019580005158803752, 'CCC': 0.01884988520595778, 'TPE': 0.015709836474447934, 'JSW': 0.007834133800610103, 'MRC': 0.003093150515560615}"
722,2021-10-07,154105.68819640842,0.0,"{'PKO': 0.14480890042869232, 'ALE': 0.1091534658847455, 'KGH': 0.10225836227166431, 'PZU': 0.09860669663889014, 'PKN': 0.0898175446225866, 'PEO': 0.07838930209059457, 'DNP': 0.06680757448822322, 'LPP': 0.05908855449039759, 'CDR': 0.050889893647636644, 'CPS': 0.04077799876785596, 'SPL': 0.03924314806406296, 'PGE': 0.03206665515528639, 'OPL': 0.0230248922939836, 'ACP': 0.019580005158803752, 'CCC': 0.01884988520595778, 'TPE': 0.015709836474447934, 'JSW': 0.007834133800610103, 'MRC': 0.003093150515560615}"
723,2021-10-08,157518.91055440443,0.0,"{'PKO': 0.14480890042869232, 'ALE': 0.1091534658847455, 'KGH': 0.10225836227166431, 'PZU': 0.09860669663889014, 'PKN': 0.0898175446225866, 'PEO': 0.07838930209059457, 'DNP': 0.06680757448822322, 'LPP': 0.05908855449039759, 'CDR': 0.050889893647636644, 'CPS': 0.04077799876785596, 'SPL': 0.03924314806406296, 'PGE': 0.03206665515528639, 'OPL': 0.0230248922939836, 'ACP': 0.019580005158803752, 'CCC': 0.01884988520595778, 'TPE': 0.015709836474447934, 'JSW': 0.007834133800610103, 'MRC': 0.003093150515560615}"
724,2021-10-11,160615.0934114098,0.0,"{'PKO': 0.14480890042869232, 'ALE': 0.1091534658847455, 'KGH': 0.10225836227166431, 'PZU': 0.09860669663889014, 'PKN': 0.0898175446225866, 'PEO': 0.07838930209059457, 'DNP': 0.06680757448822322, 'LPP': 0.05908855449039759, 'CDR': 0.050889893647636644, 'CPS': 0.04077799876785596, 'SPL': 0.03924314806406296, 'PGE': 0.03206665515528639, 'OPL': 0.0230248922939836, 'ACP': 0.019580005158803752, 'CCC': 0.01884988520595778, 'TPE': 0.015709836474447934, 'JSW': 0.007834133800610103, 'MRC': 0.003093150515560615}"
725,2021-10-12,161342.2220105218,0.0,"{'PKO': 0.14480890042869232, 'ALE': 0.1091534658847455, 'KGH': 0.10225836227166431, 'PZU': 0.09860669663889014, 'PKN': 0.0898175446225866, 'PEO': 0.07838930209059457, 'DNP': 0.06680757448822322, 'LPP': 0.05908855449039759, 'CDR': 0.050889893647636644, 'CPS': 0.04077799876785596, 'SPL': 0.03924314806406296, 'PGE': 0.03206665515528639, 'OPL': 0.0230248922939836, 'ACP': 0.019580005158803752, 'CCC': 0.01884988520595778, 'TPE': 0.015709836474447934, 'JSW': 0.007834133800610103, 'MRC': 0.003093150515560615}"
726,2021-10-13,160021.9950616144,0.0,"{'PKO': 0.14480890042869232, 'ALE': 0.1091534658847455, 'KGH': 0.10225836227166431, 'PZU': 0.09860669663889014, 'PKN': 0.0898175446225866, 'PEO': 0.07838930209059457, 'DNP': 0.06680757448822322, 'LPP': 0.05908855449039759, 'CDR': 0.050889893647636644, 'CPS': 0.04077799876785596, 'SPL': 0.03924314806406296, 'PGE': 0.03206665515528639, 'OPL': 0.0230248922939836, 'ACP': 0.019580005158803752, 'CCC': 0.01884988520595778, 'TPE': 0.015709836474447934, 'JSW': 0.007834133800610103, 'MRC': 0.003093150515560615}"
727,2021-10-14,160573.38526567013,0.0,"{'PKO': 0.14480890042869232, 'ALE': 0.1091534658847455, 'KGH': 0.10225836227166431, 'PZU': 0.09860669663889014, 'PKN': 0.0898175446225866, 'PEO': 0.07838930209059457, 'DNP': 0.06680757448822322, 'LPP': 0.05908855449039759, 'CDR': 0.050889893647636644, 'CPS': 0.04077799876785596, 'SPL': 0.03924314806406296, 'PGE': 0.03206665515528639, 'OPL': 0.0230248922939836, 'ACP': 0.019580005158803752, 'CCC': 0.01884988520595778, 'TPE': 0.015709836474447934, 'JSW': 0.007834133800610103, 'MRC': 0.003093150515560615}"
728,2021-10-15,160146.22396697506,0.0,"{'PKO': 0.14480890042869232, 'ALE': 0.1091534658847455, 'KGH': 0.10225836227166431, 'PZU': 0.09860669663889014, 'PKN': 0.0898175446225866, 'PEO': 0.07838930209059457, 'DNP': 0.06680757448822322, 'LPP': 0.05908855449039759, 'CDR': 0.050889893647636644, 'CPS': 0.04077799876785596, 'SPL': 0.03924314806406296, 'PGE': 0.03206665515528639, 'OPL': 0.0230248922939836, 'ACP': 0.019580005158803752, 'CCC': 0.01884988520595778, 'TPE': 0.015709836474447934, 'JSW': 0.007834133800610103, 'MRC': 0.003093150515560615}"
729,2021-10-18,160653.35658529715,0.0,"{'PKO': 0.14480890042869232, 'ALE': 0.1091534658847455, 'KGH': 0.10225836227166431, 'PZU': 0.09860669663889014, 'PKN': 0.0898175446225866, 'PEO': 0.07838930209059457, 'DNP': 0.06680757448822322, 'LPP': 0.05908855449039759, 'CDR': 0.050889893647636644, 'CPS': 0.04077799876785596, 'SPL': 0.03924314806406296, 'PGE': 0.03206665515528639, 'OPL': 0.0230248922939836, 'ACP': 0.019580005158803752, 'CCC': 0.01884988520595778, 'TPE': 0.015709836474447934, 'JSW': 0.007834133800610103, 'MRC': 0.003093150515560615}"
730,2021-10-19,159686.23476768885,0.0,"{'PKO': 0.14480890042869232, 'ALE': 0.1091534658847455, 'KGH': 0.10225836227166431, 'PZU': 0.09860669663889014, 'PKN': 0.0898175446225866, 'PEO': 0.07838930209059457, 'DNP': 0.06680757448822322, 'LPP': 0.05908855449039759, 'CDR': 0.050889893647636644, 'CPS': 0.04077799876785596, 'SPL': 0.03924314806406296, 'PGE': 0.03206665515528639, 'OPL': 0.0230248922939836, 'ACP': 0.019580005158803752, 'CCC': 0.01884988520595778, 'TPE': 0.015709836474447934, 'JSW': 0.007834133800610103, 'MRC': 0.003093150515560615}"
731,2021-10-20,159593.16453187217,0.0,"{'PKO': 0.14480890042869232, 'ALE': 0.1091534658847455, 'KGH': 0.10225836227166431, 'PZU': 0.09860669663889014, 'PKN': 0.0898175446225866, 'PEO': 0.07838930209059457, 'DNP': 0.06680757448822322, 'LPP': 0.05908855449039759, 'CDR': 0.050889893647636644, 'CPS': 0.04077799876785596, 'SPL': 0.03924314806406296, 'PGE': 0.03206665515528639, 'OPL': 0.0230248922939836, 'ACP': 0.019580005158803752, 'CCC': 0.01884988520595778, 'TPE': 0.015709836474447934, 'JSW': 0.007834133800610103, 'MRC': 0.003093150515560615}"
732,2021-10-21,158619.88759262426,0.0,"{'PKO': 0.14480890042869232, 'ALE': 0.1091534658847455, 'KGH': 0.10225836227166431, 'PZU': 0.09860669663889014, 'PKN': 0.0898175446225866, 'PEO': 0.07838930209059457, 'DNP': 0.06680757448822322, 'LPP': 0.05908855449039759, 'CDR': 0.050889893647636644, 'CPS': 0.04077799876785596, 'SPL': 0.03924314806406296, 'PGE': 0.03206665515528639, 'OPL': 0.0230248922939836, 'ACP': 0.019580005158803752, 'CCC': 0.01884988520595778, 'TPE': 0.015709836474447934, 'JSW': 0.007834133800610103, 'MRC': 0.003093150515560615}"
733,2021-10-22,157987.6506708796,0.0,"{'PKO': 0.14480890042869232, 'ALE': 0.1091534658847455, 'KGH': 0.10225836227166431, 'PZU': 0.09860669663889014, 'PKN': 0.0898175446225866, 'PEO': 0.07838930209059457, 'DNP': 0.06680757448822322, 'LPP': 0.05908855449039759, 'CDR': 0.050889893647636644, 'CPS': 0.04077799876785596, 'SPL': 0.03924314806406296, 'PGE': 0.03206665515528639, 'OPL': 0.0230248922939836, 'ACP': 0.019580005158803752, 'CCC': 0.01884988520595778, 'TPE': 0.015709836474447934, 'JSW': 0.007834133800610103, 'MRC': 0.003093150515560615}"
734,2021-10-25,158516.62953299106,0.0,"{'PKO': 0.14480890042869232, 'ALE': 0.1091534658847455, 'KGH': 0.10225836227166431, 'PZU': 0.09860669663889014, 'PKN': 0.0898175446225866, 'PEO': 0.07838930209059457, 'DNP': 0.06680757448822322, 'LPP': 0.05908855449039759, 'CDR': 0.050889893647636644, 'CPS': 0.04077799876785596, 'SPL': 0.03924314806406296, 'PGE': 0.03206665515528639, 'OPL': 0.0230248922939836, 'ACP': 0.019580005158803752, 'CCC': 0.01884988520595778, 'TPE': 0.015709836474447934, 'JSW': 0.007834133800610103, 'MRC': 0.003093150515560615}"
735,2021-10-26,158481.62130895574,0.0,"{'PKO': 0.14480890042869232, 'ALE': 0.1091534658847455, 'KGH': 0.10225836227166431, 'PZU': 0.09860669663889014, 'PKN': 0.0898175446225866, 'PEO': 0.07838930209059457, 'DNP': 0.06680757448822322, 'LPP': 0.05908855449039759, 'CDR': 0.050889893647636644, 'CPS': 0.04077799876785596, 'SPL': 0.03924314806406296, 'PGE': 0.03206665515528639, 'OPL': 0.0230248922939836, 'ACP': 0.019580005158803752, 'CCC': 0.01884988520595778, 'TPE': 0.015709836474447934, 'JSW': 0.007834133800610103, 'MRC': 0.003093150515560615}"
736,2021-10-27,157085.90822881946,0.0,"{'PKO': 0.14480890042869232, 'ALE': 0.1091534658847455, 'KGH': 0.10225836227166431, 'PZU': 0.09860669663889014, 'PKN': 0.0898175446225866, 'PEO': 0.07838930209059457, 'DNP': 0.06680757448822322, 'LPP': 0.05908855449039759, 'CDR': 0.050889893647636644, 'CPS': 0.04077799876785596, 'SPL': 0.03924314806406296, 'PGE': 0.03206665515528639, 'OPL': 0.0230248922939836, 'ACP': 0.019580005158803752, 'CCC': 0.01884988520595778, 'TPE': 0.015709836474447934, 'JSW': 0.007834133800610103, 'MRC': 0.003093150515560615}"
737,2021-10-28,156444.99395461695,0.0,"{'PKO': 0.14480890042869232, 'ALE': 0.1091534658847455, 'KGH': 0.10225836227166431, 'PZU': 0.09860669663889014, 'PKN': 0.0898175446225866, 'PEO': 0.07838930209059457, 'DNP': 0.06680757448822322, 'LPP': 0.05908855449039759, 'CDR': 0.050889893647636644, 'CPS': 0.04077799876785596, 'SPL': 0.03924314806406296, 'PGE': 0.03206665515528639, 'OPL': 0.0230248922939836, 'ACP': 0.019580005158803752, 'CCC': 0.01884988520595778, 'TPE': 0.015709836474447934, 'JSW': 0.007834133800610103, 'MRC': 0.003093150515560615}"
738,2021-10-29,157445.09788863765,0.0,"{'PKO': 0.14480890042869232, 'ALE': 0.1091534658847455, 'KGH': 0.10225836227166431, 'PZU': 0.09860669663889014, 'PKN': 0.0898175446225866, 'PEO': 0.07838930209059457, 'DNP': 0.06680757448822322, 'LPP': 0.05908855449039759, 'CDR': 0.050889893647636644, 'CPS': 0.04077799876785596, 'SPL': 0.03924314806406296, 'PGE': 0.03206665515528639, 'OPL': 0.0230248922939836, 'ACP': 0.019580005158803752, 'CCC': 0.01884988520595778, 'TPE': 0.015709836474447934, 'JSW': 0.007834133800610103, 'MRC': 0.003093150515560615}"
739,2021-11-01,157445.09788863765,0.0,"{'PKO': 0.14480890042869232, 'ALE': 0.1091534658847455, 'KGH': 0.10225836227166431, 'PZU': 0.09860669663889014, 'PKN': 0.0898175446225866, 'PEO': 0.07838930209059457, 'DNP': 0.06680757448822322, 'LPP': 0.05908855449039759, 'CDR': 0.050889893647636644, 'CPS': 0.04077799876785596, 'SPL': 0.03924314806406296, 'PGE': 0.03206665515528639, 'OPL': 0.0230248922939836, 'ACP': 0.019580005158803752, 'CCC': 0.01884988520595778, 'TPE': 0.015709836474447934, 'JSW': 0.007834133800610103, 'MRC': 0.003093150515560615}"
740,2021-11-02,157380.66093446533,0.0,"{'PKO': 0.14480890042869232, 'ALE': 0.1091534658847455, 'KGH': 0.10225836227166431, 'PZU': 0.09860669663889014, 'PKN': 0.0898175446225866, 'PEO': 0.07838930209059457, 'DNP': 0.06680757448822322, 'LPP': 0.05908855449039759, 'CDR': 0.050889893647636644, 'CPS': 0.04077799876785596, 'SPL': 0.03924314806406296, 'PGE': 0.03206665515528639, 'OPL': 0.0230248922939836, 'ACP': 0.019580005158803752, 'CCC': 0.01884988520595778, 'TPE': 0.015709836474447934, 'JSW': 0.007834133800610103, 'MRC': 0.003093150515560615}"
741,2021-11-03,155484.38398298566,0.0,"{'PKO': 0.14480890042869232, 'ALE': 0.1091534658847455, 'KGH': 0.10225836227166431, 'PZU': 0.09860669663889014, 'PKN': 0.0898175446225866, 'PEO': 0.07838930209059457, 'DNP': 0.06680757448822322, 'LPP': 0.05908855449039759, 'CDR': 0.050889893647636644, 'CPS': 0.04077799876785596, 'SPL': 0.03924314806406296, 'PGE': 0.03206665515528639, 'OPL': 0.0230248922939836, 'ACP': 0.019580005158803752, 'CCC': 0.01884988520595778, 'TPE': 0.015709836474447934, 'JSW': 0.007834133800610103, 'MRC': 0.003093150515560615}"
742,2021-11-04,159153.88695311814,0.0,"{'PKO': 0.14480890042869232, 'ALE': 0.1091534658847455, 'KGH': 0.10225836227166431, 'PZU': 0.09860669663889014, 'PKN': 0.0898175446225866, 'PEO': 0.07838930209059457, 'DNP': 0.06680757448822322, 'LPP': 0.05908855449039759, 'CDR': 0.050889893647636644, 'CPS': 0.04077799876785596, 'SPL': 0.03924314806406296, 'PGE': 0.03206665515528639, 'OPL': 0.0230248922939836, 'ACP': 0.019580005158803752, 'CCC': 0.01884988520595778, 'TPE': 0.015709836474447934, 'JSW': 0.007834133800610103, 'MRC': 0.003093150515560615}"
743,2021-11-05,159313.67916161614,0.0,"{'PKO': 0.14480890042869232, 'ALE': 0.1091534658847455, 'KGH': 0.10225836227166431, 'PZU': 0.09860669663889014, 'PKN': 0.0898175446225866, 'PEO': 0.07838930209059457, 'DNP': 0.06680757448822322, 'LPP': 0.05908855449039759, 'CDR': 0.050889893647636644, 'CPS': 0.04077799876785596, 'SPL': 0.03924314806406296, 'PGE': 0.03206665515528639, 'OPL': 0.0230248922939836, 'ACP': 0.019580005158803752, 'CCC': 0.01884988520595778, 'TPE': 0.015709836474447934, 'JSW': 0.007834133800610103, 'MRC': 0.003093150515560615}"
744,2021-11-08,158286.0636886169,0.0,"{'PKO': 0.14480890042869232, 'ALE': 0.1091534658847455, 'KGH': 0.10225836227166431, 'PZU': 0.09860669663889014, 'PKN': 0.0898175446225866, 'PEO': 0.07838930209059457, 'DNP': 0.06680757448822322, 'LPP': 0.05908855449039759, 'CDR': 0.050889893647636644, 'CPS': 0.04077799876785596, 'SPL': 0.03924314806406296, 'PGE': 0.03206665515528639, 'OPL': 0.0230248922939836, 'ACP': 0.019580005158803752, 'CCC': 0.01884988520595778, 'TPE': 0.015709836474447934, 'JSW': 0.007834133800610103, 'MRC': 0.003093150515560615}"
745,2021-11-09,156168.87607604108,0.0,"{'PKO': 0.14480890042869232, 'ALE': 0.1091534658847455, 'KGH': 0.10225836227166431, 'PZU': 0.09860669663889014, 'PKN': 0.0898175446225866, 'PEO': 0.07838930209059457, 'DNP': 0.06680757448822322, 'LPP': 0.05908855449039759, 'CDR': 0.050889893647636644, 'CPS': 0.04077799876785596, 'SPL': 0.03924314806406296, 'PGE': 0.03206665515528639, 'OPL': 0.0230248922939836, 'ACP': 0.019580005158803752, 'CCC': 0.01884988520595778, 'TPE': 0.015709836474447934, 'JSW': 0.007834133800610103, 'MRC': 0.003093150515560615}"
746,2021-11-10,154350.67143552695,0.0,"{'PKO': 0.14480890042869232, 'ALE': 0.1091534658847455, 'KGH': 0.10225836227166431, 'PZU': 0.09860669663889014, 'PKN': 0.0898175446225866, 'PEO': 0.07838930209059457, 'DNP': 0.06680757448822322, 'LPP': 0.05908855449039759, 'CDR': 0.050889893647636644, 'CPS': 0.04077799876785596, 'SPL': 0.03924314806406296, 'PGE': 0.03206665515528639, 'OPL': 0.0230248922939836, 'ACP': 0.019580005158803752, 'CCC': 0.01884988520595778, 'TPE': 0.015709836474447934, 'JSW': 0.007834133800610103, 'MRC': 0.003093150515560615}"
747,2021-11-11,154350.67143552695,0.0,"{'PKO': 0.14480890042869232, 'ALE': 0.1091534658847455, 'KGH': 0.10225836227166431, 'PZU': 0.09860669663889014, 'PKN': 0.0898175446225866, 'PEO': 0.07838930209059457, 'DNP': 0.06680757448822322, 'LPP': 0.05908855449039759, 'CDR': 0.050889893647636644, 'CPS': 0.04077799876785596, 'SPL': 0.03924314806406296, 'PGE': 0.03206665515528639, 'OPL': 0.0230248922939836, 'ACP': 0.019580005158803752, 'CCC': 0.01884988520595778, 'TPE': 0.015709836474447934, 'JSW': 0.007834133800610103, 'MRC': 0.003093150515560615}"
748,2021-11-12,153741.83317739732,0.0,"{'PKO': 0.14480890042869232, 'ALE': 0.1091534658847455, 'KGH': 0.10225836227166431, 'PZU': 0.09860669663889014, 'PKN': 0.0898175446225866, 'PEO': 0.07838930209059457, 'DNP': 0.06680757448822322, 'LPP': 0.05908855449039759, 'CDR': 0.050889893647636644, 'CPS': 0.04077799876785596, 'SPL': 0.03924314806406296, 'PGE': 0.03206665515528639, 'OPL': 0.0230248922939836, 'ACP': 0.019580005158803752, 'CCC': 0.01884988520595778, 'TPE': 0.015709836474447934, 'JSW': 0.007834133800610103, 'MRC': 0.003093150515560615}"
749,2021-11-15,152411.55969250776,2.9103830456733704e-11,"{'ALE': 0.07094446125898174, 'KGH': 0.0933022950712575, 'PZU': 0.1044539237766265, 'PKN': 0.09793754450014687, 'PEO': 0.0960090718521459, 'DNP': 0.06758786393504887, 'LPP': 0.05716539314297144, 'CDR': 0.04790985935856057, 'CPS': 0.042626401628759435, 'SPL': 0.04867004874286937, 'PGE': 0.0309207819076499, 'OPL': 0.023978223866194165, 'ACP': 0.02115732720929548, 'CCC': 0.01846533385214931, 'TPE': 0.013581973399721874, 'JSW': 0.006162302588787188, 'MRC': 0.0020131292277344123, 'PBG': 0.15711406468109945}"
750,2021-11-16,152649.38020494184,2.9103830456733704e-11,"{'ALE': 0.07094446125898174, 'KGH': 0.0933022950712575, 'PZU': 0.1044539237766265, 'PKN': 0.09793754450014687, 'PEO': 0.0960090718521459, 'DNP': 0.06758786393504887, 'LPP': 0.05716539314297144, 'CDR': 0.04790985935856057, 'CPS': 0.042626401628759435, 'SPL': 0.04867004874286937, 'PGE': 0.0309207819076499, 'OPL': 0.023978223866194165, 'ACP': 0.02115732720929548, 'CCC': 0.01846533385214931, 'TPE': 0.013581973399721874, 'JSW': 0.006162302588787188, 'MRC': 0.0020131292277344123, 'PBG': 0.15711406468109945}"
751,2021-11-17,150929.49697192773,2.9103830456733704e-11,"{'ALE': 0.07094446125898174, 'KGH': 0.0933022950712575, 'PZU': 0.1044539237766265, 'PKN': 0.09793754450014687, 'PEO': 0.0960090718521459, 'DNP': 0.06758786393504887, 'LPP': 0.05716539314297144, 'CDR': 0.04790985935856057, 'CPS': 0.042626401628759435, 'SPL': 0.04867004874286937, 'PGE': 0.0309207819076499, 'OPL': 0.023978223866194165, 'ACP': 0.02115732720929548, 'CCC': 0.01846533385214931, 'TPE': 0.013581973399721874, 'JSW': 0.006162302588787188, 'MRC': 0.0020131292277344123, 'PBG': 0.15711406468109945}"
752,2021-11-18,148652.26199842765,2.9103830456733704e-11,"{'ALE': 0.07094446125898174, 'KGH': 0.0933022950712575, 'PZU': 0.1044539237766265, 'PKN': 0.09793754450014687, 'PEO': 0.0960090718521459, 'DNP': 0.06758786393504887, 'LPP': 0.05716539314297144, 'CDR': 0.04790985935856057, 'CPS': 0.042626401628759435, 'SPL': 0.04867004874286937, 'PGE': 0.0309207819076499, 'OPL': 0.023978223866194165, 'ACP': 0.02115732720929548, 'CCC': 0.01846533385214931, 'TPE': 0.013581973399721874, 'JSW': 0.006162302588787188, 'MRC': 0.0020131292277344123, 'PBG': 0.15711406468109945}"
753,2021-11-19,147402.8804777465,2.9103830456733704e-11,"{'ALE': 0.07094446125898174, 'KGH': 0.0933022950712575, 'PZU': 0.1044539237766265, 'PKN': 0.09793754450014687, 'PEO': 0.0960090718521459, 'DNP': 0.06758786393504887, 'LPP': 0.05716539314297144, 'CDR': 0.04790985935856057, 'CPS': 0.042626401628759435, 'SPL': 0.04867004874286937, 'PGE': 0.0309207819076499, 'OPL': 0.023978223866194165, 'ACP': 0.02115732720929548, 'CCC': 0.01846533385214931, 'TPE': 0.013581973399721874, 'JSW': 0.006162302588787188, 'MRC': 0.0020131292277344123, 'PBG': 0.15711406468109945}"
754,2021-11-22,147412.350445018,2.9103830456733704e-11,"{'ALE': 0.07094446125898174, 'KGH': 0.0933022950712575, 'PZU': 0.1044539237766265, 'PKN': 0.09793754450014687, 'PEO': 0.0960090718521459, 'DNP': 0.06758786393504887, 'LPP': 0.05716539314297144, 'CDR': 0.04790985935856057, 'CPS': 0.042626401628759435, 'SPL': 0.04867004874286937, 'PGE': 0.0309207819076499, 'OPL': 0.023978223866194165, 'ACP': 0.02115732720929548, 'CCC': 0.01846533385214931, 'TPE': 0.013581973399721874, 'JSW': 0.006162302588787188, 'MRC': 0.0020131292277344123, 'PBG': 0.15711406468109945}"
755,2021-11-23,147990.07191627074,2.9103830456733704e-11,"{'ALE': 0.07094446125898174, 'KGH': 0.0933022950712575, 'PZU': 0.1044539237766265, 'PKN': 0.09793754450014687, 'PEO': 0.0960090718521459, 'DNP': 0.06758786393504887, 'LPP': 0.05716539314297144, 'CDR': 0.04790985935856057, 'CPS': 0.042626401628759435, 'SPL': 0.04867004874286937, 'PGE': 0.0309207819076499, 'OPL': 0.023978223866194165, 'ACP': 0.02115732720929548, 'CCC': 0.01846533385214931, 'TPE': 0.013581973399721874, 'JSW': 0.006162302588787188, 'MRC': 0.0020131292277344123, 'PBG': 0.15711406468109945}"
756,2021-11-24,142976.40501602858,2.9103830456733704e-11,"{'ALE': 0.07094446125898174, 'KGH': 0.0933022950712575, 'PZU': 0.1044539237766265, 'PKN': 0.09793754450014687, 'PEO': 0.0960090718521459, 'DNP': 0.06758786393504887, 'LPP': 0.05716539314297144, 'CDR': 0.04790985935856057, 'CPS': 0.042626401628759435, 'SPL': 0.04867004874286937, 'PGE': 0.0309207819076499, 'OPL': 0.023978223866194165, 'ACP': 0.02115732720929548, 'CCC': 0.01846533385214931, 'TPE': 0.013581973399721874, 'JSW': 0.006162302588787188, 'MRC': 0.0020131292277344123, 'PBG': 0.15711406468109945}"
757,2021-11-25,142143.62396316038,2.9103830456733704e-11,"{'ALE': 0.07094446125898174, 'KGH': 0.0933022950712575, 'PZU': 0.1044539237766265, 'PKN': 0.09793754450014687, 'PEO': 0.0960090718521459, 'DNP': 0.06758786393504887, 'LPP': 0.05716539314297144, 'CDR': 0.04790985935856057, 'CPS': 0.042626401628759435, 'SPL': 0.04867004874286937, 'PGE': 0.0309207819076499, 'OPL': 0.023978223866194165, 'ACP': 0.02115732720929548, 'CCC': 0.01846533385214931, 'TPE': 0.013581973399721874, 'JSW': 0.006162302588787188, 'MRC': 0.0020131292277344123, 'PBG': 0.15711406468109945}"
758,2021-11-26,138169.03213021,2.9103830456733704e-11,"{'ALE': 0.07094446125898174, 'KGH': 0.0933022950712575, 'PZU': 0.1044539237766265, 'PKN': 0.09793754450014687, 'PEO': 0.0960090718521459, 'DNP': 0.06758786393504887, 'LPP': 0.05716539314297144, 'CDR': 0.04790985935856057, 'CPS': 0.042626401628759435, 'SPL': 0.04867004874286937, 'PGE': 0.0309207819076499, 'OPL': 0.023978223866194165, 'ACP': 0.02115732720929548, 'CCC': 0.01846533385214931, 'TPE': 0.013581973399721874, 'JSW': 0.006162302588787188, 'MRC': 0.0020131292277344123, 'PBG': 0.15711406468109945}"
759,2021-11-29,138781.09868739583,2.9103830456733704e-11,"{'ALE': 0.07094446125898174, 'KGH': 0.0933022950712575, 'PZU': 0.1044539237766265, 'PKN': 0.09793754450014687, 'PEO': 0.0960090718521459, 'DNP': 0.06758786393504887, 'LPP': 0.05716539314297144, 'CDR': 0.04790985935856057, 'CPS': 0.042626401628759435, 'SPL': 0.04867004874286937, 'PGE': 0.0309207819076499, 'OPL': 0.023978223866194165, 'ACP': 0.02115732720929548, 'CCC': 0.01846533385214931, 'TPE': 0.013581973399721874, 'JSW': 0.006162302588787188, 'MRC': 0.0020131292277344123, 'PBG': 0.15711406468109945}"
760,2021-11-30,141057.4128067205,2.9103830456733704e-11,"{'ALE': 0.07094446125898174, 'KGH': 0.0933022950712575, 'PZU': 0.1044539237766265, 'PKN': 0.09793754450014687, 'PEO': 0.0960090718521459, 'DNP': 0.06758786393504887, 'LPP': 0.05716539314297144, 'CDR': 0.04790985935856057, 'CPS': 0.042626401628759435, 'SPL': 0.04867004874286937, 'PGE': 0.0309207819076499, 'OPL': 0.023978223866194165, 'ACP': 0.02115732720929548, 'CCC': 0.01846533385214931, 'TPE': 0.013581973399721874, 'JSW': 0.006162302588787188, 'MRC': 0.0020131292277344123, 'PBG': 0.15711406468109945}"
761,2021-12-01,141486.77716141474,2.9103830456733704e-11,"{'ALE': 0.07094446125898174, 'KGH': 0.0933022950712575, 'PZU': 0.1044539237766265, 'PKN': 0.09793754450014687, 'PEO': 0.0960090718521459, 'DNP': 0.06758786393504887, 'LPP': 0.05716539314297144, 'CDR': 0.04790985935856057, 'CPS': 0.042626401628759435, 'SPL': 0.04867004874286937, 'PGE': 0.0309207819076499, 'OPL': 0.023978223866194165, 'ACP': 0.02115732720929548, 'CCC': 0.01846533385214931, 'TPE': 0.013581973399721874, 'JSW': 0.006162302588787188, 'MRC': 0.0020131292277344123, 'PBG': 0.15711406468109945}"
762,2021-12-02,140396.5102106093,2.9103830456733704e-11,"{'ALE': 0.07094446125898174, 'KGH': 0.0933022950712575, 'PZU': 0.1044539237766265, 'PKN': 0.09793754450014687, 'PEO': 0.0960090718521459, 'DNP': 0.06758786393504887, 'LPP': 0.05716539314297144, 'CDR': 0.04790985935856057, 'CPS': 0.042626401628759435, 'SPL': 0.04867004874286937, 'PGE': 0.0309207819076499, 'OPL': 0.023978223866194165, 'ACP': 0.02115732720929548, 'CCC': 0.01846533385214931, 'TPE': 0.013581973399721874, 'JSW': 0.006162302588787188, 'MRC': 0.0020131292277344123, 'PBG': 0.15711406468109945}"
763,2021-12-03,138663.02028477303,2.9103830456733704e-11,"{'ALE': 0.07094446125898174, 'KGH': 0.0933022950712575, 'PZU': 0.1044539237766265, 'PKN': 0.09793754450014687, 'PEO': 0.0960090718521459, 'DNP': 0.06758786393504887, 'LPP': 0.05716539314297144, 'CDR': 0.04790985935856057, 'CPS': 0.042626401628759435, 'SPL': 0.04867004874286937, 'PGE': 0.0309207819076499, 'OPL': 0.023978223866194165, 'ACP': 0.02115732720929548, 'CCC': 0.01846533385214931, 'TPE': 0.013581973399721874, 'JSW': 0.006162302588787188, 'MRC': 0.0020131292277344123, 'PBG': 0.15711406468109945}"
764,2021-12-06,138891.48167904024,2.9103830456733704e-11,"{'ALE': 0.07094446125898174, 'KGH': 0.0933022950712575, 'PZU': 0.1044539237766265, 'PKN': 0.09793754450014687, 'PEO': 0.0960090718521459, 'DNP': 0.06758786393504887, 'LPP': 0.05716539314297144, 'CDR': 0.04790985935856057, 'CPS': 0.042626401628759435, 'SPL': 0.04867004874286937, 'PGE': 0.0309207819076499, 'OPL': 0.023978223866194165, 'ACP': 0.02115732720929548, 'CCC': 0.01846533385214931, 'TPE': 0.013581973399721874, 'JSW': 0.006162302588787188, 'MRC': 0.0020131292277344123, 'PBG': 0.15711406468109945}"
765,2021-12-07,141668.54328399396,2.9103830456733704e-11,"{'ALE': 0.07094446125898174, 'KGH': 0.0933022950712575, 'PZU': 0.1044539237766265, 'PKN': 0.09793754450014687, 'PEO': 0.0960090718521459, 'DNP': 0.06758786393504887, 'LPP': 0.05716539314297144, 'CDR': 0.04790985935856057, 'CPS': 0.042626401628759435, 'SPL': 0.04867004874286937, 'PGE': 0.0309207819076499, 'OPL': 0.023978223866194165, 'ACP': 0.02115732720929548, 'CCC': 0.01846533385214931, 'TPE': 0.013581973399721874, 'JSW': 0.006162302588787188, 'MRC': 0.0020131292277344123, 'PBG': 0.15711406468109945}"
766,2021-12-08,141340.56669110604,2.9103830456733704e-11,"{'ALE': 0.07094446125898174, 'KGH': 0.0933022950712575, 'PZU': 0.1044539237766265, 'PKN': 0.09793754450014687, 'PEO': 0.0960090718521459, 'DNP': 0.06758786393504887, 'LPP': 0.05716539314297144, 'CDR': 0.04790985935856057, 'CPS': 0.042626401628759435, 'SPL': 0.04867004874286937, 'PGE': 0.0309207819076499, 'OPL': 0.023978223866194165, 'ACP': 0.02115732720929548, 'CCC': 0.01846533385214931, 'TPE': 0.013581973399721874, 'JSW': 0.006162302588787188, 'MRC': 0.0020131292277344123, 'PBG': 0.15711406468109945}"
767,2021-12-09,141072.1883767249,2.9103830456733704e-11,"{'ALE': 0.07094446125898174, 'KGH': 0.0933022950712575, 'PZU': 0.1044539237766265, 'PKN': 0.09793754450014687, 'PEO': 0.0960090718521459, 'DNP': 0.06758786393504887, 'LPP': 0.05716539314297144, 'CDR': 0.04790985935856057, 'CPS': 0.042626401628759435, 'SPL': 0.04867004874286937, 'PGE': 0.0309207819076499, 'OPL': 0.023978223866194165, 'ACP': 0.02115732720929548, 'CCC': 0.01846533385214931, 'TPE': 0.013581973399721874, 'JSW': 0.006162302588787188, 'MRC': 0.0020131292277344123, 'PBG': 0.15711406468109945}"
768,2021-12-10,141342.62405104452,2.9103830456733704e-11,"{'ALE': 0.07094446125898174, 'KGH': 0.0933022950712575, 'PZU': 0.1044539237766265, 'PKN': 0.09793754450014687, 'PEO': 0.0960090718521459, 'DNP': 0.06758786393504887, 'LPP': 0.05716539314297144, 'CDR': 0.04790985935856057, 'CPS': 0.042626401628759435, 'SPL': 0.04867004874286937, 'PGE': 0.0309207819076499, 'OPL': 0.023978223866194165, 'ACP': 0.02115732720929548, 'CCC': 0.01846533385214931, 'TPE': 0.013581973399721874, 'JSW': 0.006162302588787188, 'MRC': 0.0020131292277344123, 'PBG': 0.15711406468109945}"
769,2021-12-13,141758.90751102247,2.9103830456733704e-11,"{'ALE': 0.07094446125898174, 'KGH': 0.0933022950712575, 'PZU': 0.1044539237766265, 'PKN': 0.09793754450014687, 'PEO': 0.0960090718521459, 'DNP': 0.06758786393504887, 'LPP': 0.05716539314297144, 'CDR': 0.04790985935856057, 'CPS': 0.042626401628759435, 'SPL': 0.04867004874286937, 'PGE': 0.0309207819076499, 'OPL': 0.023978223866194165, 'ACP': 0.02115732720929548, 'CCC': 0.01846533385214931, 'TPE': 0.013581973399721874, 'JSW': 0.006162302588787188, 'MRC': 0.0020131292277344123, 'PBG': 0.15711406468109945}"
770,2021-12-14,141176.71901223887,2.9103830456733704e-11,"{'ALE': 0.07094446125898174, 'KGH': 0.0933022950712575, 'PZU': 0.1044539237766265, 'PKN': 0.09793754450014687, 'PEO': 0.0960090718521459, 'DNP': 0.06758786393504887, 'LPP': 0.05716539314297144, 'CDR': 0.04790985935856057, 'CPS': 0.042626401628759435, 'SPL': 0.04867004874286937, 'PGE': 0.0309207819076499, 'OPL': 0.023978223866194165, 'ACP': 0.02115732720929548, 'CCC': 0.01846533385214931, 'TPE': 0.013581973399721874, 'JSW': 0.006162302588787188, 'MRC': 0.0020131292277344123, 'PBG': 0.15711406468109945}"
771,2021-12-15,137720.442439092,2.9103830456733704e-11,"{'ALE': 0.07094446125898174, 'KGH': 0.0933022950712575, 'PZU': 0.1044539237766265, 'PKN': 0.09793754450014687, 'PEO': 0.0960090718521459, 'DNP': 0.06758786393504887, 'LPP': 0.05716539314297144, 'CDR': 0.04790985935856057, 'CPS': 0.042626401628759435, 'SPL': 0.04867004874286937, 'PGE': 0.0309207819076499, 'OPL': 0.023978223866194165, 'ACP': 0.02115732720929548, 'CCC': 0.01846533385214931, 'TPE': 0.013581973399721874, 'JSW': 0.006162302588787188, 'MRC': 0.0020131292277344123, 'PBG': 0.15711406468109945}"
772,2021-12-16,140604.4620693825,2.9103830456733704e-11,"{'ALE': 0.07094446125898174, 'KGH': 0.0933022950712575, 'PZU': 0.1044539237766265, 'PKN': 0.09793754450014687, 'PEO': 0.0960090718521459, 'DNP': 0.06758786393504887, 'LPP': 0.05716539314297144, 'CDR': 0.04790985935856057, 'CPS': 0.042626401628759435, 'SPL': 0.04867004874286937, 'PGE': 0.0309207819076499, 'OPL': 0.023978223866194165, 'ACP': 0.02115732720929548, 'CCC': 0.01846533385214931, 'TPE': 0.013581973399721874, 'JSW': 0.006162302588787188, 'MRC': 0.0020131292277344123, 'PBG': 0.15711406468109945}"
773,2021-12-17,139772.91615967182,0.0,"{'PKO': 0.15973556309980708, 'PKN': 0.09758565020893414, 'PEO': 0.09195763386905094, 'PZU': 0.08914948266975634, 'KGH': 0.0851944301274051, 'ALE': 0.07661130587017548, 'DNP': 0.07041995544442695, 'LPP': 0.059622896282633994, 'CDR': 0.05831412956896957, 'SPL': 0.050065385090495525, 'CPS': 0.04059839071744696, 'PGE': 0.03239650200414887, 'OPL': 0.023391675860335748, 'ACP': 0.022594062948590714, 'CCC': 0.017381359072767007, 'TPE': 0.013778789672989358, 'JSW': 0.009435047260428604, 'MRC': 0.001767740231637865}"
774,2021-12-20,139783.98341870363,0.0,"{'PKO': 0.15973556309980708, 'PKN': 0.09758565020893414, 'PEO': 0.09195763386905094, 'PZU': 0.08914948266975634, 'KGH': 0.0851944301274051, 'ALE': 0.07661130587017548, 'DNP': 0.07041995544442695, 'LPP': 0.059622896282633994, 'CDR': 0.05831412956896957, 'SPL': 0.050065385090495525, 'CPS': 0.04059839071744696, 'PGE': 0.03239650200414887, 'OPL': 0.023391675860335748, 'ACP': 0.022594062948590714, 'CCC': 0.017381359072767007, 'TPE': 0.013778789672989358, 'JSW': 0.009435047260428604, 'MRC': 0.001767740231637865}"
775,2021-12-21,139392.77758560338,0.0,"{'PKO': 0.15973556309980708, 'PKN': 0.09758565020893414, 'PEO': 0.09195763386905094, 'PZU': 0.08914948266975634, 'KGH': 0.0851944301274051, 'ALE': 0.07661130587017548, 'DNP': 0.07041995544442695, 'LPP': 0.059622896282633994, 'CDR': 0.05831412956896957, 'SPL': 0.050065385090495525, 'CPS': 0.04059839071744696, 'PGE': 0.03239650200414887, 'OPL': 0.023391675860335748, 'ACP': 0.022594062948590714, 'CCC': 0.017381359072767007, 'TPE': 0.013778789672989358, 'JSW': 0.009435047260428604, 'MRC': 0.001767740231637865}"
776,2021-12-22,141189.15116383714,0.0,"{'PKO': 0.15973556309980708, 'PKN': 0.09758565020893414, 'PEO': 0.09195763386905094, 'PZU': 0.08914948266975634, 'KGH': 0.0851944301274051, 'ALE': 0.07661130587017548, 'DNP': 0.07041995544442695, 'LPP': 0.059622896282633994, 'CDR': 0.05831412956896957, 'SPL': 0.050065385090495525, 'CPS': 0.04059839071744696, 'PGE': 0.03239650200414887, 'OPL': 0.023391675860335748, 'ACP': 0.022594062948590714, 'CCC': 0.017381359072767007, 'TPE': 0.013778789672989358, 'JSW': 0.009435047260428604, 'MRC': 0.001767740231637865}"
777,2021-12-23,142059.52506113803,0.0,"{'PKO': 0.15973556309980708, 'PKN': 0.09758565020893414, 'PEO': 0.09195763386905094, 'PZU': 0.08914948266975634, 'KGH': 0.0851944301274051, 'ALE': 0.07661130587017548, 'DNP': 0.07041995544442695, 'LPP': 0.059622896282633994, 'CDR': 0.05831412956896957, 'SPL': 0.050065385090495525, 'CPS': 0.04059839071744696, 'PGE': 0.03239650200414887, 'OPL': 0.023391675860335748, 'ACP': 0.022594062948590714, 'CCC': 0.017381359072767007, 'TPE': 0.013778789672989358, 'JSW': 0.009435047260428604, 'MRC': 0.001767740231637865}"
778,2021-12-24,142059.52506113803,0.0,"{'PKO': 0.15973556309980708, 'PKN': 0.09758565020893414, 'PEO': 0.09195763386905094, 'PZU': 0.08914948266975634, 'KGH': 0.0851944301274051, 'ALE': 0.07661130587017548, 'DNP': 0.07041995544442695, 'LPP': 0.059622896282633994, 'CDR': 0.05831412956896957, 'SPL': 0.050065385090495525, 'CPS': 0.04059839071744696, 'PGE': 0.03239650200414887, 'OPL': 0.023391675860335748, 'ACP': 0.022594062948590714, 'CCC': 0.017381359072767007, 'TPE': 0.013778789672989358, 'JSW': 0.009435047260428604, 'MRC': 0.001767740231637865}"
779,2021-12-27,142164.95152024803,0.0,"{'PKO': 0.15973556309980708, 'PKN': 0.09758565020893414, 'PEO': 0.09195763386905094, 'PZU': 0.08914948266975634, 'KGH': 0.0851944301274051, 'ALE': 0.07661130587017548, 'DNP': 0.07041995544442695, 'LPP': 0.059622896282633994, 'CDR': 0.05831412956896957, 'SPL': 0.050065385090495525, 'CPS': 0.04059839071744696, 'PGE': 0.03239650200414887, 'OPL': 0.023391675860335748, 'ACP': 0.022594062948590714, 'CCC': 0.017381359072767007, 'TPE': 0.013778789672989358, 'JSW': 0.009435047260428604, 'MRC': 0.001767740231637865}"
780,2021-12-28,143824.12865959745,0.0,"{'PKO': 0.15973556309980708, 'PKN': 0.09758565020893414, 'PEO': 0.09195763386905094, 'PZU': 0.08914948266975634, 'KGH': 0.0851944301274051, 'ALE': 0.07661130587017548, 'DNP': 0.07041995544442695, 'LPP': 0.059622896282633994, 'CDR': 0.05831412956896957, 'SPL': 0.050065385090495525, 'CPS': 0.04059839071744696, 'PGE': 0.03239650200414887, 'OPL': 0.023391675860335748, 'ACP': 0.022594062948590714, 'CCC': 0.017381359072767007, 'TPE': 0.013778789672989358, 'JSW': 0.009435047260428604, 'MRC': 0.001767740231637865}"
781,2021-12-29,143973.37545750057,0.0,"{'PKO': 0.15973556309980708, 'PKN': 0.09758565020893414, 'PEO': 0.09195763386905094, 'PZU': 0.08914948266975634, 'KGH': 0.0851944301274051, 'ALE': 0.07661130587017548, 'DNP': 0.07041995544442695, 'LPP': 0.059622896282633994, 'CDR': 0.05831412956896957, 'SPL': 0.050065385090495525, 'CPS': 0.04059839071744696, 'PGE': 0.03239650200414887, 'OPL': 0.023391675860335748, 'ACP': 0.022594062948590714, 'CCC': 0.017381359072767007, 'TPE': 0.013778789672989358, 'JSW': 0.009435047260428604, 'MRC': 0.001767740231637865}"
782,2021-12-30,144365.87461910665,0.0,"{'PKO': 0.15973556309980708, 'PKN': 0.09758565020893414, 'PEO': 0.09195763386905094, 'PZU': 0.08914948266975634, 'KGH': 0.0851944301274051, 'ALE': 0.07661130587017548, 'DNP': 0.07041995544442695, 'LPP': 0.059622896282633994, 'CDR': 0.05831412956896957, 'SPL': 0.050065385090495525, 'CPS': 0.04059839071744696, 'PGE': 0.03239650200414887, 'OPL': 0.023391675860335748, 'ACP': 0.022594062948590714, 'CCC': 0.017381359072767007, 'TPE': 0.013778789672989358, 'JSW': 0.009435047260428604, 'MRC': 0.001767740231637865}"
783,2021-12-31,144365.87461910665,0.0,"{'PKO': 0.15973556309980708, 'PKN': 0.09758565020893414, 'PEO': 0.09195763386905094, 'PZU': 0.08914948266975634, 'KGH': 0.0851944301274051, 'ALE': 0.07661130587017548, 'DNP': 0.07041995544442695, 'LPP': 0.059622896282633994, 'CDR': 0.05831412956896957, 'SPL': 0.050065385090495525, 'CPS': 0.04059839071744696, 'PGE': 0.03239650200414887, 'OPL': 0.023391675860335748, 'ACP': 0.022594062948590714, 'CCC': 0.017381359072767007, 'TPE': 0.013778789672989358, 'JSW': 0.009435047260428604, 'MRC': 0.001767740231637865}"
784,2022-01-03,145837.5885133674,0.0,"{'PKO': 0.15973556309980708, 'PKN': 0.09758565020893414, 'PEO': 0.09195763386905094, 'PZU': 0.08914948266975634, 'KGH': 0.0851944301274051, 'ALE': 0.07661130587017548, 'DNP': 0.07041995544442695, 'LPP': 0.059622896282633994, 'CDR': 0.05831412956896957, 'SPL': 0.050065385090495525, 'CPS': 0.04059839071744696, 'PGE': 0.03239650200414887, 'OPL': 0.023391675860335748, 'ACP': 0.022594062948590714, 'CCC': 0.017381359072767007, 'TPE': 0.013778789672989358, 'JSW': 0.009435047260428604, 'MRC': 0.001767740231637865}"
785,2022-01-04,146605.6286790767,0.0,"{'PKO': 0.15973556309980708, 'PKN': 0.09758565020893414, 'PEO': 0.09195763386905094, 'PZU': 0.08914948266975634, 'KGH': 0.0851944301274051, 'ALE': 0.07661130587017548, 'DNP': 0.07041995544442695, 'LPP': 0.059622896282633994, 'CDR': 0.05831412956896957, 'SPL': 0.050065385090495525, 'CPS': 0.04059839071744696, 'PGE': 0.03239650200414887, 'OPL': 0.023391675860335748, 'ACP': 0.022594062948590714, 'CCC': 0.017381359072767007, 'TPE': 0.013778789672989358, 'JSW': 0.009435047260428604, 'MRC': 0.001767740231637865}"
786,2022-01-05,147099.99981105814,0.0,"{'PKO': 0.15973556309980708, 'PKN': 0.09758565020893414, 'PEO': 0.09195763386905094, 'PZU': 0.08914948266975634, 'KGH': 0.0851944301274051, 'ALE': 0.07661130587017548, 'DNP': 0.07041995544442695, 'LPP': 0.059622896282633994, 'CDR': 0.05831412956896957, 'SPL': 0.050065385090495525, 'CPS': 0.04059839071744696, 'PGE': 0.03239650200414887, 'OPL': 0.023391675860335748, 'ACP': 0.022594062948590714, 'CCC': 0.017381359072767007, 'TPE': 0.013778789672989358, 'JSW': 0.009435047260428604, 'MRC': 0.001767740231637865}"
787,2022-01-06,147099.99981105814,0.0,"{'PKO': 0.15973556309980708, 'PKN': 0.09758565020893414, 'PEO': 0.09195763386905094, 'PZU': 0.08914948266975634, 'KGH': 0.0851944301274051, 'ALE': 0.07661130587017548, 'DNP': 0.07041995544442695, 'LPP': 0.059622896282633994, 'CDR': 0.05831412956896957, 'SPL': 0.050065385090495525, 'CPS': 0.04059839071744696, 'PGE': 0.03239650200414887, 'OPL': 0.023391675860335748, 'ACP': 0.022594062948590714, 'CCC': 0.017381359072767007, 'TPE': 0.013778789672989358, 'JSW': 0.009435047260428604, 'MRC': 0.001767740231637865}"
788,2022-01-07,147117.66295739333,0.0,"{'PKO': 0.15973556309980708, 'PKN': 0.09758565020893414, 'PEO': 0.09195763386905094, 'PZU': 0.08914948266975634, 'KGH': 0.0851944301274051, 'ALE': 0.07661130587017548, 'DNP': 0.07041995544442695, 'LPP': 0.059622896282633994, 'CDR': 0.05831412956896957, 'SPL': 0.050065385090495525, 'CPS': 0.04059839071744696, 'PGE': 0.03239650200414887, 'OPL': 0.023391675860335748, 'ACP': 0.022594062948590714, 'CCC': 0.017381359072767007, 'TPE': 0.013778789672989358, 'JSW': 0.009435047260428604, 'MRC': 0.001767740231637865}"
789,2022-01-10,145919.22431474502,0.0,"{'PKO': 0.15973556309980708, 'PKN': 0.09758565020893414, 'PEO': 0.09195763386905094, 'PZU': 0.08914948266975634, 'KGH': 0.0851944301274051, 'ALE': 0.07661130587017548, 'DNP': 0.07041995544442695, 'LPP': 0.059622896282633994, 'CDR': 0.05831412956896957, 'SPL': 0.050065385090495525, 'CPS': 0.04059839071744696, 'PGE': 0.03239650200414887, 'OPL': 0.023391675860335748, 'ACP': 0.022594062948590714, 'CCC': 0.017381359072767007, 'TPE': 0.013778789672989358, 'JSW': 0.009435047260428604, 'MRC': 0.001767740231637865}"
790,2022-01-11,149693.96096219867,0.0,"{'PKO': 0.15973556309980708, 'PKN': 0.09758565020893414, 'PEO': 0.09195763386905094, 'PZU': 0.08914948266975634, 'KGH': 0.0851944301274051, 'ALE': 0.07661130587017548, 'DNP': 0.07041995544442695, 'LPP': 0.059622896282633994, 'CDR': 0.05831412956896957, 'SPL': 0.050065385090495525, 'CPS': 0.04059839071744696, 'PGE': 0.03239650200414887, 'OPL': 0.023391675860335748, 'ACP': 0.022594062948590714, 'CCC': 0.017381359072767007, 'TPE': 0.013778789672989358, 'JSW': 0.009435047260428604, 'MRC': 0.001767740231637865}"
791,2022-01-12,154159.78361440124,0.0,"{'PKO': 0.15973556309980708, 'PKN': 0.09758565020893414, 'PEO': 0.09195763386905094, 'PZU': 0.08914948266975634, 'KGH': 0.0851944301274051, 'ALE': 0.07661130587017548, 'DNP': 0.07041995544442695, 'LPP': 0.059622896282633994, 'CDR': 0.05831412956896957, 'SPL': 0.050065385090495525, 'CPS': 0.04059839071744696, 'PGE': 0.03239650200414887, 'OPL': 0.023391675860335748, 'ACP': 0.022594062948590714, 'CCC': 0.017381359072767007, 'TPE': 0.013778789672989358, 'JSW': 0.009435047260428604, 'MRC': 0.001767740231637865}"
792,2022-01-13,154227.66651576821,0.0,"{'PKO': 0.15973556309980708, 'PKN': 0.09758565020893414, 'PEO': 0.09195763386905094, 'PZU': 0.08914948266975634, 'KGH': 0.0851944301274051, 'ALE': 0.07661130587017548, 'DNP': 0.07041995544442695, 'LPP': 0.059622896282633994, 'CDR': 0.05831412956896957, 'SPL': 0.050065385090495525, 'CPS': 0.04059839071744696, 'PGE': 0.03239650200414887, 'OPL': 0.023391675860335748, 'ACP': 0.022594062948590714, 'CCC': 0.017381359072767007, 'TPE': 0.013778789672989358, 'JSW': 0.009435047260428604, 'MRC': 0.001767740231637865}"
793,2022-01-14,152650.9735363055,2.9103830456733704e-11,"{'PKN': 0.10070295637984075, 'PEO': 0.1005141623719873, 'PZU': 0.08558305425247302, 'KGH': 0.08286189188665095, 'ALE': 0.07999092445024819, 'DNP': 0.06574088362916439, 'LPP': 0.05659447422279224, 'CDR': 0.053971079091289995, 'SPL': 0.05445598852479858, 'CPS': 0.03423870727879813, 'PGE': 0.032369230788882215, 'OPL': 0.0231675653715266, 'ACP': 0.0198006348256779, 'CCC': 0.01589143020051913, 'TPE': 0.014025358371062197, 'JSW': 0.009413115911921998, 'MRC': 0.0016170512487377446, 'PBG': 0.16906149119362868}"
794,2022-01-17,151626.1178147342,2.9103830456733704e-11,"{'PKN': 0.10070295637984075, 'PEO': 0.1005141623719873, 'PZU': 0.08558305425247302, 'KGH': 0.08286189188665095, 'ALE': 0.07999092445024819, 'DNP': 0.06574088362916439, 'LPP': 0.05659447422279224, 'CDR': 0.053971079091289995, 'SPL': 0.05445598852479858, 'CPS': 0.03423870727879813, 'PGE': 0.032369230788882215, 'OPL': 0.0231675653715266, 'ACP': 0.0198006348256779, 'CCC': 0.01589143020051913, 'TPE': 0.014025358371062197, 'JSW': 0.009413115911921998, 'MRC': 0.0016170512487377446, 'PBG': 0.16906149119362868}"
795,2022-01-18,148921.92643777895,2.9103830456733704e-11,"{'PKN': 0.10070295637984075, 'PEO': 0.1005141623719873, 'PZU': 0.08558305425247302, 'KGH': 0.08286189188665095, 'ALE': 0.07999092445024819, 'DNP': 0.06574088362916439, 'LPP': 0.05659447422279224, 'CDR': 0.053971079091289995, 'SPL': 0.05445598852479858, 'CPS': 0.03423870727879813, 'PGE': 0.032369230788882215, 'OPL': 0.0231675653715266, 'ACP': 0.0198006348256779, 'CCC': 0.01589143020051913, 'TPE': 0.014025358371062197, 'JSW': 0.009413115911921998, 'MRC': 0.0016170512487377446, 'PBG': 0.16906149119362868}"
796,2022-01-19,147057.07598715383,2.9103830456733704e-11,"{'PKN': 0.10070295637984075, 'PEO': 0.1005141623719873, 'PZU': 0.08558305425247302, 'KGH': 0.08286189188665095, 'ALE': 0.07999092445024819, 'DNP': 0.06574088362916439, 'LPP': 0.05659447422279224, 'CDR': 0.053971079091289995, 'SPL': 0.05445598852479858, 'CPS': 0.03423870727879813, 'PGE': 0.032369230788882215, 'OPL': 0.0231675653715266, 'ACP': 0.0198006348256779, 'CCC': 0.01589143020051913, 'TPE': 0.014025358371062197, 'JSW': 0.009413115911921998, 'MRC': 0.0016170512487377446, 'PBG': 0.16906149119362868}"
797,2022-01-20,146763.93879857459,2.9103830456733704e-11,"{'PKN': 0.10070295637984075, 'PEO': 0.1005141623719873, 'PZU': 0.08558305425247302, 'KGH': 0.08286189188665095, 'ALE': 0.07999092445024819, 'DNP': 0.06574088362916439, 'LPP': 0.05659447422279224, 'CDR': 0.053971079091289995, 'SPL': 0.05445598852479858, 'CPS': 0.03423870727879813, 'PGE': 0.032369230788882215, 'OPL': 0.0231675653715266, 'ACP': 0.0198006348256779, 'CCC': 0.01589143020051913, 'TPE': 0.014025358371062197, 'JSW': 0.009413115911921998, 'MRC': 0.0016170512487377446, 'PBG': 0.16906149119362868}"
798,2022-01-21,144510.50223751625,2.9103830456733704e-11,"{'PKN': 0.10070295637984075, 'PEO': 0.1005141623719873, 'PZU': 0.08558305425247302, 'KGH': 0.08286189188665095, 'ALE': 0.07999092445024819, 'DNP': 0.06574088362916439, 'LPP': 0.05659447422279224, 'CDR': 0.053971079091289995, 'SPL': 0.05445598852479858, 'CPS': 0.03423870727879813, 'PGE': 0.032369230788882215, 'OPL': 0.0231675653715266, 'ACP': 0.0198006348256779, 'CCC': 0.01589143020051913, 'TPE': 0.014025358371062197, 'JSW': 0.009413115911921998, 'MRC': 0.0016170512487377446, 'PBG': 0.16906149119362868}"
799,2022-01-24,139087.8063116593,2.9103830456733704e-11,"{'PKN': 0.10070295637984075, 'PEO': 0.1005141623719873, 'PZU': 0.08558305425247302, 'KGH': 0.08286189188665095, 'ALE': 0.07999092445024819, 'DNP': 0.06574088362916439, 'LPP': 0.05659447422279224, 'CDR': 0.053971079091289995, 'SPL': 0.05445598852479858, 'CPS': 0.03423870727879813, 'PGE': 0.032369230788882215, 'OPL': 0.0231675653715266, 'ACP': 0.0198006348256779, 'CCC': 0.01589143020051913, 'TPE': 0.014025358371062197, 'JSW': 0.009413115911921998, 'MRC': 0.0016170512487377446, 'PBG': 0.16906149119362868}"
800,2022-01-25,140560.61015699632,2.9103830456733704e-11,"{'PKN': 0.10070295637984075, 'PEO': 0.1005141623719873, 'PZU': 0.08558305425247302, 'KGH': 0.08286189188665095, 'ALE': 0.07999092445024819, 'DNP': 0.06574088362916439, 'LPP': 0.05659447422279224, 'CDR': 0.053971079091289995, 'SPL': 0.05445598852479858, 'CPS': 0.03423870727879813, 'PGE': 0.032369230788882215, 'OPL': 0.0231675653715266, 'ACP': 0.0198006348256779, 'CCC': 0.01589143020051913, 'TPE': 0.014025358371062197, 'JSW': 0.009413115911921998, 'MRC': 0.0016170512487377446, 'PBG': 0.16906149119362868}"
801,2022-01-26,141800.1676291887,2.9103830456733704e-11,"{'PKN': 0.10070295637984075, 'PEO': 0.1005141623719873, 'PZU': 0.08558305425247302, 'KGH': 0.08286189188665095, 'ALE': 0.07999092445024819, 'DNP': 0.06574088362916439, 'LPP': 0.05659447422279224, 'CDR': 0.053971079091289995, 'SPL': 0.05445598852479858, 'CPS': 0.03423870727879813, 'PGE': 0.032369230788882215, 'OPL': 0.0231675653715266, 'ACP': 0.0198006348256779, 'CCC': 0.01589143020051913, 'TPE': 0.014025358371062197, 'JSW': 0.009413115911921998, 'MRC': 0.0016170512487377446, 'PBG': 0.16906149119362868}"
802,2022-01-27,141698.03589285992,2.9103830456733704e-11,"{'PKN': 0.10070295637984075, 'PEO': 0.1005141623719873, 'PZU': 0.08558305425247302, 'KGH': 0.08286189188665095, 'ALE': 0.07999092445024819, 'DNP': 0.06574088362916439, 'LPP': 0.05659447422279224, 'CDR': 0.053971079091289995, 'SPL': 0.05445598852479858, 'CPS': 0.03423870727879813, 'PGE': 0.032369230788882215, 'OPL': 0.0231675653715266, 'ACP': 0.0198006348256779, 'CCC': 0.01589143020051913, 'TPE': 0.014025358371062197, 'JSW': 0.009413115911921998, 'MRC': 0.0016170512487377446, 'PBG': 0.16906149119362868}"
803,2022-01-28,138783.87457714442,2.9103830456733704e-11,"{'PKN': 0.10070295637984075, 'PEO': 0.1005141623719873, 'PZU': 0.08558305425247302, 'KGH': 0.08286189188665095, 'ALE': 0.07999092445024819, 'DNP': 0.06574088362916439, 'LPP': 0.05659447422279224, 'CDR': 0.053971079091289995, 'SPL': 0.05445598852479858, 'CPS': 0.03423870727879813, 'PGE': 0.032369230788882215, 'OPL': 0.0231675653715266, 'ACP': 0.0198006348256779, 'CCC': 0.01589143020051913, 'TPE': 0.014025358371062197, 'JSW': 0.009413115911921998, 'MRC': 0.0016170512487377446, 'PBG': 0.16906149119362868}"
804,2022-01-31,140339.50098644954,2.9103830456733704e-11,"{'PKN': 0.10070295637984075, 'PEO': 0.1005141623719873, 'PZU': 0.08558305425247302, 'KGH': 0.08286189188665095, 'ALE': 0.07999092445024819, 'DNP': 0.06574088362916439, 'LPP': 0.05659447422279224, 'CDR': 0.053971079091289995, 'SPL': 0.05445598852479858, 'CPS': 0.03423870727879813, 'PGE': 0.032369230788882215, 'OPL': 0.0231675653715266, 'ACP': 0.0198006348256779, 'CCC': 0.01589143020051913, 'TPE': 0.014025358371062197, 'JSW': 0.009413115911921998, 'MRC': 0.0016170512487377446, 'PBG': 0.16906149119362868}"
805,2022-02-01,141236.3439308721,2.9103830456733704e-11,"{'PKN': 0.10070295637984075, 'PEO': 0.1005141623719873, 'PZU': 0.08558305425247302, 'KGH': 0.08286189188665095, 'ALE': 0.07999092445024819, 'DNP': 0.06574088362916439, 'LPP': 0.05659447422279224, 'CDR': 0.053971079091289995, 'SPL': 0.05445598852479858, 'CPS': 0.03423870727879813, 'PGE': 0.032369230788882215, 'OPL': 0.0231675653715266, 'ACP': 0.0198006348256779, 'CCC': 0.01589143020051913, 'TPE': 0.014025358371062197, 'JSW': 0.009413115911921998, 'MRC': 0.0016170512487377446, 'PBG': 0.16906149119362868}"
806,2022-02-02,142457.7916363248,2.9103830456733704e-11,"{'PKN': 0.10070295637984075, 'PEO': 0.1005141623719873, 'PZU': 0.08558305425247302, 'KGH': 0.08286189188665095, 'ALE': 0.07999092445024819, 'DNP': 0.06574088362916439, 'LPP': 0.05659447422279224, 'CDR': 0.053971079091289995, 'SPL': 0.05445598852479858, 'CPS': 0.03423870727879813, 'PGE': 0.032369230788882215, 'OPL': 0.0231675653715266, 'ACP': 0.0198006348256779, 'CCC': 0.01589143020051913, 'TPE': 0.014025358371062197, 'JSW': 0.009413115911921998, 'MRC': 0.0016170512487377446, 'PBG': 0.16906149119362868}"
807,2022-02-03,141140.11242303232,2.9103830456733704e-11,"{'PKN': 0.10070295637984075, 'PEO': 0.1005141623719873, 'PZU': 0.08558305425247302, 'KGH': 0.08286189188665095, 'ALE': 0.07999092445024819, 'DNP': 0.06574088362916439, 'LPP': 0.05659447422279224, 'CDR': 0.053971079091289995, 'SPL': 0.05445598852479858, 'CPS': 0.03423870727879813, 'PGE': 0.032369230788882215, 'OPL': 0.0231675653715266, 'ACP': 0.0198006348256779, 'CCC': 0.01589143020051913, 'TPE': 0.014025358371062197, 'JSW': 0.009413115911921998, 'MRC': 0.0016170512487377446, 'PBG': 0.16906149119362868}"
808,2022-02-04,137847.68484679618,2.9103830456733704e-11,"{'PKN': 0.10070295637984075, 'PEO': 0.1005141623719873, 'PZU': 0.08558305425247302, 'KGH': 0.08286189188665095, 'ALE': 0.07999092445024819, 'DNP': 0.06574088362916439, 'LPP': 0.05659447422279224, 'CDR': 0.053971079091289995, 'SPL': 0.05445598852479858, 'CPS': 0.03423870727879813, 'PGE': 0.032369230788882215, 'OPL': 0.0231675653715266, 'ACP': 0.0198006348256779, 'CCC': 0.01589143020051913, 'TPE': 0.014025358371062197, 'JSW': 0.009413115911921998, 'MRC': 0.0016170512487377446, 'PBG': 0.16906149119362868}"
809,2022-02-07,137838.78246498454,2.9103830456733704e-11,"{'PKN': 0.10070295637984075, 'PEO': 0.1005141623719873, 'PZU': 0.08558305425247302, 'KGH': 0.08286189188665095, 'ALE': 0.07999092445024819, 'DNP': 0.06574088362916439, 'LPP': 0.05659447422279224, 'CDR': 0.053971079091289995, 'SPL': 0.05445598852479858, 'CPS': 0.03423870727879813, 'PGE': 0.032369230788882215, 'OPL': 0.0231675653715266, 'ACP': 0.0198006348256779, 'CCC': 0.01589143020051913, 'TPE': 0.014025358371062197, 'JSW': 0.009413115911921998, 'MRC': 0.0016170512487377446, 'PBG': 0.16906149119362868}"
810,2022-02-08,139771.28344448164,2.9103830456733704e-11,"{'PKN': 0.10070295637984075, 'PEO': 0.1005141623719873, 'PZU': 0.08558305425247302, 'KGH': 0.08286189188665095, 'ALE': 0.07999092445024819, 'DNP': 0.06574088362916439, 'LPP': 0.05659447422279224, 'CDR': 0.053971079091289995, 'SPL': 0.05445598852479858, 'CPS': 0.03423870727879813, 'PGE': 0.032369230788882215, 'OPL': 0.0231675653715266, 'ACP': 0.0198006348256779, 'CCC': 0.01589143020051913, 'TPE': 0.014025358371062197, 'JSW': 0.009413115911921998, 'MRC': 0.0016170512487377446, 'PBG': 0.16906149119362868}"
811,2022-02-09,143029.89204878054,2.9103830456733704e-11,"{'PKN': 0.10070295637984075, 'PEO': 0.1005141623719873, 'PZU': 0.08558305425247302, 'KGH': 0.08286189188665095, 'ALE': 0.07999092445024819, 'DNP': 0.06574088362916439, 'LPP': 0.05659447422279224, 'CDR': 0.053971079091289995, 'SPL': 0.05445598852479858, 'CPS': 0.03423870727879813, 'PGE': 0.032369230788882215, 'OPL': 0.0231675653715266, 'ACP': 0.0198006348256779, 'CCC': 0.01589143020051913, 'TPE': 0.014025358371062197, 'JSW': 0.009413115911921998, 'MRC': 0.0016170512487377446, 'PBG': 0.16906149119362868}"
812,2022-02-10,141901.48532147176,2.9103830456733704e-11,"{'PKN': 0.10070295637984075, 'PEO': 0.1005141623719873, 'PZU': 0.08558305425247302, 'KGH': 0.08286189188665095, 'ALE': 0.07999092445024819, 'DNP': 0.06574088362916439, 'LPP': 0.05659447422279224, 'CDR': 0.053971079091289995, 'SPL': 0.05445598852479858, 'CPS': 0.03423870727879813, 'PGE': 0.032369230788882215, 'OPL': 0.0231675653715266, 'ACP': 0.0198006348256779, 'CCC': 0.01589143020051913, 'TPE': 0.014025358371062197, 'JSW': 0.009413115911921998, 'MRC': 0.0016170512487377446, 'PBG': 0.16906149119362868}"
813,2022-02-11,141390.4411917171,2.9103830456733704e-11,"{'PKN': 0.10070295637984075, 'PEO': 0.1005141623719873, 'PZU': 0.08558305425247302, 'KGH': 0.08286189188665095, 'ALE': 0.07999092445024819, 'DNP': 0.06574088362916439, 'LPP': 0.05659447422279224, 'CDR': 0.053971079091289995, 'SPL': 0.05445598852479858, 'CPS': 0.03423870727879813, 'PGE': 0.032369230788882215, 'OPL': 0.0231675653715266, 'ACP': 0.0198006348256779, 'CCC': 0.01589143020051913, 'TPE': 0.014025358371062197, 'JSW': 0.009413115911921998, 'MRC': 0.0016170512487377446, 'PBG': 0.16906149119362868}"
814,2022-02-14,139607.14685742027,2.9103830456733704e-11,"{'PKN': 0.10070295637984075, 'PEO': 0.1005141623719873, 'PZU': 0.08558305425247302, 'KGH': 0.08286189188665095, 'ALE': 0.07999092445024819, 'DNP': 0.06574088362916439, 'LPP': 0.05659447422279224, 'CDR': 0.053971079091289995, 'SPL': 0.05445598852479858, 'CPS': 0.03423870727879813, 'PGE': 0.032369230788882215, 'OPL': 0.0231675653715266, 'ACP': 0.0198006348256779, 'CCC': 0.01589143020051913, 'TPE': 0.014025358371062197, 'JSW': 0.009413115911921998, 'MRC': 0.0016170512487377446, 'PBG': 0.16906149119362868}"
815,2022-02-15,142162.8559988646,2.9103830456733704e-11,"{'PKN': 0.10070295637984075, 'PEO': 0.1005141623719873, 'PZU': 0.08558305425247302, 'KGH': 0.08286189188665095, 'ALE': 0.07999092445024819, 'DNP': 0.06574088362916439, 'LPP': 0.05659447422279224, 'CDR': 0.053971079091289995, 'SPL': 0.05445598852479858, 'CPS': 0.03423870727879813, 'PGE': 0.032369230788882215, 'OPL': 0.0231675653715266, 'ACP': 0.0198006348256779, 'CCC': 0.01589143020051913, 'TPE': 0.014025358371062197, 'JSW': 0.009413115911921998, 'MRC': 0.0016170512487377446, 'PBG': 0.16906149119362868}"
816,2022-02-16,135647.10193679898,2.9103830456733704e-11,"{'PKN': 0.10070295637984075, 'PEO': 0.1005141623719873, 'PZU': 0.08558305425247302, 'KGH': 0.08286189188665095, 'ALE': 0.07999092445024819, 'DNP': 0.06574088362916439, 'LPP': 0.05659447422279224, 'CDR': 0.053971079091289995, 'SPL': 0.05445598852479858, 'CPS': 0.03423870727879813, 'PGE': 0.032369230788882215, 'OPL': 0.0231675653715266, 'ACP': 0.0198006348256779, 'CCC': 0.01589143020051913, 'TPE': 0.014025358371062197, 'JSW': 0.009413115911921998, 'MRC': 0.0016170512487377446, 'PBG': 0.16906149119362868}"
817,2022-02-17,133528.49903698653,2.9103830456733704e-11,"{'PKN': 0.10070295637984075, 'PEO': 0.1005141623719873, 'PZU': 0.08558305425247302, 'KGH': 0.08286189188665095, 'ALE': 0.07999092445024819, 'DNP': 0.06574088362916439, 'LPP': 0.05659447422279224, 'CDR': 0.053971079091289995, 'SPL': 0.05445598852479858, 'CPS': 0.03423870727879813, 'PGE': 0.032369230788882215, 'OPL': 0.0231675653715266, 'ACP': 0.0198006348256779, 'CCC': 0.01589143020051913, 'TPE': 0.014025358371062197, 'JSW': 0.009413115911921998, 'MRC': 0.0016170512487377446, 'PBG': 0.16906149119362868}"
818,2022-02-18,131825.47420281972,2.9103830456733704e-11,"{'PKN': 0.10070295637984075, 'PEO': 0.1005141623719873, 'PZU': 0.08558305425247302, 'KGH': 0.08286189188665095, 'ALE': 0.07999092445024819, 'DNP': 0.06574088362916439, 'LPP': 0.05659447422279224, 'CDR': 0.053971079091289995, 'SPL': 0.05445598852479858, 'CPS': 0.03423870727879813, 'PGE': 0.032369230788882215, 'OPL': 0.0231675653715266, 'ACP': 0.0198006348256779, 'CCC': 0.01589143020051913, 'TPE': 0.014025358371062197, 'JSW': 0.009413115911921998, 'MRC': 0.0016170512487377446, 'PBG': 0.16906149119362868}"
819,2022-02-21,128014.83989160234,2.9103830456733704e-11,"{'PKN': 0.10070295637984075, 'PEO': 0.1005141623719873, 'PZU': 0.08558305425247302, 'KGH': 0.08286189188665095, 'ALE': 0.07999092445024819, 'DNP': 0.06574088362916439, 'LPP': 0.05659447422279224, 'CDR': 0.053971079091289995, 'SPL': 0.05445598852479858, 'CPS': 0.03423870727879813, 'PGE': 0.032369230788882215, 'OPL': 0.0231675653715266, 'ACP': 0.0198006348256779, 'CCC': 0.01589143020051913, 'TPE': 0.014025358371062197, 'JSW': 0.009413115911921998, 'MRC': 0.0016170512487377446, 'PBG': 0.16906149119362868}"
820,2022-02-22,129821.88457512386,2.9103830456733704e-11,"{'PKN': 0.10070295637984075, 'PEO': 0.1005141623719873, 'PZU': 0.08558305425247302, 'KGH': 0.08286189188665095, 'ALE': 0.07999092445024819, 'DNP': 0.06574088362916439, 'LPP': 0.05659447422279224, 'CDR': 0.053971079091289995, 'SPL': 0.05445598852479858, 'CPS': 0.03423870727879813, 'PGE': 0.032369230788882215, 'OPL': 0.0231675653715266, 'ACP': 0.0198006348256779, 'CCC': 0.01589143020051913, 'TPE': 0.014025358371062197, 'JSW': 0.009413115911921998, 'MRC': 0.0016170512487377446, 'PBG': 0.16906149119362868}"
821,2022-02-23,135706.6311319203,2.9103830456733704e-11,"{'PKN': 0.10070295637984075, 'PEO': 0.1005141623719873, 'PZU': 0.08558305425247302, 'KGH': 0.08286189188665095, 'ALE': 0.07999092445024819, 'DNP': 0.06574088362916439, 'LPP': 0.05659447422279224, 'CDR': 0.053971079091289995, 'SPL': 0.05445598852479858, 'CPS': 0.03423870727879813, 'PGE': 0.032369230788882215, 'OPL': 0.0231675653715266, 'ACP': 0.0198006348256779, 'CCC': 0.01589143020051913, 'TPE': 0.014025358371062197, 'JSW': 0.009413115911921998, 'MRC': 0.0016170512487377446, 'PBG': 0.16906149119362868}"
822,2022-02-24,125214.91012651405,2.9103830456733704e-11,"{'PKN': 0.10070295637984075, 'PEO': 0.1005141623719873, 'PZU': 0.08558305425247302, 'KGH': 0.08286189188665095, 'ALE': 0.07999092445024819, 'DNP': 0.06574088362916439, 'LPP': 0.05659447422279224, 'CDR': 0.053971079091289995, 'SPL': 0.05445598852479858, 'CPS': 0.03423870727879813, 'PGE': 0.032369230788882215, 'OPL': 0.0231675653715266, 'ACP': 0.0198006348256779, 'CCC': 0.01589143020051913, 'TPE': 0.014025358371062197, 'JSW': 0.009413115911921998, 'MRC': 0.0016170512487377446, 'PBG': 0.16906149119362868}"
823,2022-02-25,132965.3408018247,2.9103830456733704e-11,"{'PKN': 0.10070295637984075, 'PEO': 0.1005141623719873, 'PZU': 0.08558305425247302, 'KGH': 0.08286189188665095, 'ALE': 0.07999092445024819, 'DNP': 0.06574088362916439, 'LPP': 0.05659447422279224, 'CDR': 0.053971079091289995, 'SPL': 0.05445598852479858, 'CPS': 0.03423870727879813, 'PGE': 0.032369230788882215, 'OPL': 0.0231675653715266, 'ACP': 0.0198006348256779, 'CCC': 0.01589143020051913, 'TPE': 0.014025358371062197, 'JSW': 0.009413115911921998, 'MRC': 0.0016170512487377446, 'PBG': 0.16906149119362868}"
824,2022-02-28,135327.29154712046,2.9103830456733704e-11,"{'PKN': 0.10070295637984075, 'PEO': 0.1005141623719873, 'PZU': 0.08558305425247302, 'KGH': 0.08286189188665095, 'ALE': 0.07999092445024819, 'DNP': 0.06574088362916439, 'LPP': 0.05659447422279224, 'CDR': 0.053971079091289995, 'SPL': 0.05445598852479858, 'CPS': 0.03423870727879813, 'PGE': 0.032369230788882215, 'OPL': 0.0231675653715266, 'ACP': 0.0198006348256779, 'CCC': 0.01589143020051913, 'TPE': 0.014025358371062197, 'JSW': 0.009413115911921998, 'MRC': 0.0016170512487377446, 'PBG': 0.16906149119362868}"
825,2022-03-01,134093.6372152289,2.9103830456733704e-11,"{'PKN': 0.10070295637984075, 'PEO': 0.1005141623719873, 'PZU': 0.08558305425247302, 'KGH': 0.08286189188665095, 'ALE': 0.07999092445024819, 'DNP': 0.06574088362916439, 'LPP': 0.05659447422279224, 'CDR': 0.053971079091289995, 'SPL': 0.05445598852479858, 'CPS': 0.03423870727879813, 'PGE': 0.032369230788882215, 'OPL': 0.0231675653715266, 'ACP': 0.0198006348256779, 'CCC': 0.01589143020051913, 'TPE': 0.014025358371062197, 'JSW': 0.009413115911921998, 'MRC': 0.0016170512487377446, 'PBG': 0.16906149119362868}"
826,2022-03-02,129985.45175397646,2.9103830456733704e-11,"{'PKN': 0.10070295637984075, 'PEO': 0.1005141623719873, 'PZU': 0.08558305425247302, 'KGH': 0.08286189188665095, 'ALE': 0.07999092445024819, 'DNP': 0.06574088362916439, 'LPP': 0.05659447422279224, 'CDR': 0.053971079091289995, 'SPL': 0.05445598852479858, 'CPS': 0.03423870727879813, 'PGE': 0.032369230788882215, 'OPL': 0.0231675653715266, 'ACP': 0.0198006348256779, 'CCC': 0.01589143020051913, 'TPE': 0.014025358371062197, 'JSW': 0.009413115911921998, 'MRC': 0.0016170512487377446, 'PBG': 0.16906149119362868}"
827,2022-03-03,128258.91959731598,2.9103830456733704e-11,"{'PKN': 0.10070295637984075, 'PEO': 0.1005141623719873, 'PZU': 0.08558305425247302, 'KGH': 0.08286189188665095, 'ALE': 0.07999092445024819, 'DNP': 0.06574088362916439, 'LPP': 0.05659447422279224, 'CDR': 0.053971079091289995, 'SPL': 0.05445598852479858, 'CPS': 0.03423870727879813, 'PGE': 0.032369230788882215, 'OPL': 0.0231675653715266, 'ACP': 0.0198006348256779, 'CCC': 0.01589143020051913, 'TPE': 0.014025358371062197, 'JSW': 0.009413115911921998, 'MRC': 0.0016170512487377446, 'PBG': 0.16906149119362868}"
828,2022-03-04,123344.66932824336,2.9103830456733704e-11,"{'PKN': 0.10070295637984075, 'PEO': 0.1005141623719873, 'PZU': 0.08558305425247302, 'KGH': 0.08286189188665095, 'ALE': 0.07999092445024819, 'DNP': 0.06574088362916439, 'LPP': 0.05659447422279224, 'CDR': 0.053971079091289995, 'SPL': 0.05445598852479858, 'CPS': 0.03423870727879813, 'PGE': 0.032369230788882215, 'OPL': 0.0231675653715266, 'ACP': 0.0198006348256779, 'CCC': 0.01589143020051913, 'TPE': 0.014025358371062197, 'JSW': 0.009413115911921998, 'MRC': 0.0016170512487377446, 'PBG': 0.16906149119362868}"
829,2022-03-07,124841.16890409915,2.9103830456733704e-11,"{'PKN': 0.10070295637984075, 'PEO': 0.1005141623719873, 'PZU': 0.08558305425247302, 'KGH': 0.08286189188665095, 'ALE': 0.07999092445024819, 'DNP': 0.06574088362916439, 'LPP': 0.05659447422279224, 'CDR': 0.053971079091289995, 'SPL': 0.05445598852479858, 'CPS': 0.03423870727879813, 'PGE': 0.032369230788882215, 'OPL': 0.0231675653715266, 'ACP': 0.0198006348256779, 'CCC': 0.01589143020051913, 'TPE': 0.014025358371062197, 'JSW': 0.009413115911921998, 'MRC': 0.0016170512487377446, 'PBG': 0.16906149119362868}"
830,2022-03-08,123346.6522448227,2.9103830456733704e-11,"{'PKN': 0.10070295637984075, 'PEO': 0.1005141623719873, 'PZU': 0.08558305425247302, 'KGH': 0.08286189188665095, 'ALE': 0.07999092445024819, 'DNP': 0.06574088362916439, 'LPP': 0.05659447422279224, 'CDR': 0.053971079091289995, 'SPL': 0.05445598852479858, 'CPS': 0.03423870727879813, 'PGE': 0.032369230788882215, 'OPL': 0.0231675653715266, 'ACP': 0.0198006348256779, 'CCC': 0.01589143020051913, 'TPE': 0.014025358371062197, 'JSW': 0.009413115911921998, 'MRC': 0.0016170512487377446, 'PBG': 0.16906149119362868}"
831,2022-03-09,128874.02141066111,2.9103830456733704e-11,"{'PKN': 0.10070295637984075, 'PEO': 0.1005141623719873, 'PZU': 0.08558305425247302, 'KGH': 0.08286189188665095, 'ALE': 0.07999092445024819, 'DNP': 0.06574088362916439, 'LPP': 0.05659447422279224, 'CDR': 0.053971079091289995, 'SPL': 0.05445598852479858, 'CPS': 0.03423870727879813, 'PGE': 0.032369230788882215, 'OPL': 0.0231675653715266, 'ACP': 0.0198006348256779, 'CCC': 0.01589143020051913, 'TPE': 0.014025358371062197, 'JSW': 0.009413115911921998, 'MRC': 0.0016170512487377446, 'PBG': 0.16906149119362868}"
832,2022-03-10,129082.43584760473,2.9103830456733704e-11,"{'PKN': 0.10070295637984075, 'PEO': 0.1005141623719873, 'PZU': 0.08558305425247302, 'KGH': 0.08286189188665095, 'ALE': 0.07999092445024819, 'DNP': 0.06574088362916439, 'LPP': 0.05659447422279224, 'CDR': 0.053971079091289995, 'SPL': 0.05445598852479858, 'CPS': 0.03423870727879813, 'PGE': 0.032369230788882215, 'OPL': 0.0231675653715266, 'ACP': 0.0198006348256779, 'CCC': 0.01589143020051913, 'TPE': 0.014025358371062197, 'JSW': 0.009413115911921998, 'MRC': 0.0016170512487377446, 'PBG': 0.16906149119362868}"
833,2022-03-11,132345.50083027242,2.9103830456733704e-11,"{'PKN': 0.10070295637984075, 'PEO': 0.1005141623719873, 'PZU': 0.08558305425247302, 'KGH': 0.08286189188665095, 'ALE': 0.07999092445024819, 'DNP': 0.06574088362916439, 'LPP': 0.05659447422279224, 'CDR': 0.053971079091289995, 'SPL': 0.05445598852479858, 'CPS': 0.03423870727879813, 'PGE': 0.032369230788882215, 'OPL': 0.0231675653715266, 'ACP': 0.0198006348256779, 'CCC': 0.01589143020051913, 'TPE': 0.014025358371062197, 'JSW': 0.009413115911921998, 'MRC': 0.0016170512487377446, 'PBG': 0.16906149119362868}"
834,2022-03-14,128820.36196454198,2.9103830456733704e-11,"{'PKN': 0.10070295637984075, 'PEO': 0.1005141623719873, 'PZU': 0.08558305425247302, 'KGH': 0.08286189188665095, 'ALE': 0.07999092445024819, 'DNP': 0.06574088362916439, 'LPP': 0.05659447422279224, 'CDR': 0.053971079091289995, 'SPL': 0.05445598852479858, 'CPS': 0.03423870727879813, 'PGE': 0.032369230788882215, 'OPL': 0.0231675653715266, 'ACP': 0.0198006348256779, 'CCC': 0.01589143020051913, 'TPE': 0.014025358371062197, 'JSW': 0.009413115911921998, 'MRC': 0.0016170512487377446, 'PBG': 0.16906149119362868}"
835,2022-03-15,130241.09620565904,2.9103830456733704e-11,"{'PKN': 0.10070295637984075, 'PEO': 0.1005141623719873, 'PZU': 0.08558305425247302, 'KGH': 0.08286189188665095, 'ALE': 0.07999092445024819, 'DNP': 0.06574088362916439, 'LPP': 0.05659447422279224, 'CDR': 0.053971079091289995, 'SPL': 0.05445598852479858, 'CPS': 0.03423870727879813, 'PGE': 0.032369230788882215, 'OPL': 0.0231675653715266, 'ACP': 0.0198006348256779, 'CCC': 0.01589143020051913, 'TPE': 0.014025358371062197, 'JSW': 0.009413115911921998, 'MRC': 0.0016170512487377446, 'PBG': 0.16906149119362868}"
836,2022-03-16,133580.71928995047,2.9103830456733704e-11,"{'PKN': 0.10070295637984075, 'PEO': 0.1005141623719873, 'PZU': 0.08558305425247302, 'KGH': 0.08286189188665095, 'ALE': 0.07999092445024819, 'DNP': 0.06574088362916439, 'LPP': 0.05659447422279224, 'CDR': 0.053971079091289995, 'SPL': 0.05445598852479858, 'CPS': 0.03423870727879813, 'PGE': 0.032369230788882215, 'OPL': 0.0231675653715266, 'ACP': 0.0198006348256779, 'CCC': 0.01589143020051913, 'TPE': 0.014025358371062197, 'JSW': 0.009413115911921998, 'MRC': 0.0016170512487377446, 'PBG': 0.16906149119362868}"
837,2022-03-17,137252.87179349948,2.9103830456733704e-11,"{'PKN': 0.10070295637984075, 'PEO': 0.1005141623719873, 'PZU': 0.08558305425247302, 'KGH': 0.08286189188665095, 'ALE': 0.07999092445024819, 'DNP': 0.06574088362916439, 'LPP': 0.05659447422279224, 'CDR': 0.053971079091289995, 'SPL': 0.05445598852479858, 'CPS': 0.03423870727879813, 'PGE': 0.032369230788882215, 'OPL': 0.0231675653715266, 'ACP': 0.0198006348256779, 'CCC': 0.01589143020051913, 'TPE': 0.014025358371062197, 'JSW': 0.009413115911921998, 'MRC': 0.0016170512487377446, 'PBG': 0.16906149119362868}"
838,2022-03-18,135942.41327070317,0.0,"{'PKO': 0.15894629204791702, 'PEO': 0.10084930302050937, 'KGH': 0.09315100427565527, 'PKN': 0.0915149171095087, 'PZU': 0.08750523198211324, 'LPP': 0.06993848778497747, 'DNP': 0.06197421891142983, 'ALE': 0.05622672099097715, 'CDR': 0.05504098165229969, 'SPL': 0.05155370000476839, 'CPS': 0.03393927192001823, 'PGE': 0.026848148010787158, 'MBK': 0.02636177235712053, 'OPL': 0.023958504421356025, 'PCO': 0.021860413366323522, 'ACP': 0.019917030035550988, 'JSW': 0.01045548709091198, 'CCC': 0.009958515017775494}"
839,2022-03-21,134901.64768084517,0.0,"{'PKO': 0.15894629204791702, 'PEO': 0.10084930302050937, 'KGH': 0.09315100427565527, 'PKN': 0.0915149171095087, 'PZU': 0.08750523198211324, 'LPP': 0.06993848778497747, 'DNP': 0.06197421891142983, 'ALE': 0.05622672099097715, 'CDR': 0.05504098165229969, 'SPL': 0.05155370000476839, 'CPS': 0.03393927192001823, 'PGE': 0.026848148010787158, 'MBK': 0.02636177235712053, 'OPL': 0.023958504421356025, 'PCO': 0.021860413366323522, 'ACP': 0.019917030035550988, 'JSW': 0.01045548709091198, 'CCC': 0.009958515017775494}"
840,2022-03-22,136995.12999143507,0.0,"{'PKO': 0.15894629204791702, 'PEO': 0.10084930302050937, 'KGH': 0.09315100427565527, 'PKN': 0.0915149171095087, 'PZU': 0.08750523198211324, 'LPP': 0.06993848778497747, 'DNP': 0.06197421891142983, 'ALE': 0.05622672099097715, 'CDR': 0.05504098165229969, 'SPL': 0.05155370000476839, 'CPS': 0.03393927192001823, 'PGE': 0.026848148010787158, 'MBK': 0.02636177235712053, 'OPL': 0.023958504421356025, 'PCO': 0.021860413366323522, 'ACP': 0.019917030035550988, 'JSW': 0.01045548709091198, 'CCC': 0.009958515017775494}"
841,2022-03-23,136936.3426448874,0.0,"{'PKO': 0.15894629204791702, 'PEO': 0.10084930302050937, 'KGH': 0.09315100427565527, 'PKN': 0.0915149171095087, 'PZU': 0.08750523198211324, 'LPP': 0.06993848778497747, 'DNP': 0.06197421891142983, 'ALE': 0.05622672099097715, 'CDR': 0.05504098165229969, 'SPL': 0.05155370000476839, 'CPS': 0.03393927192001823, 'PGE': 0.026848148010787158, 'MBK': 0.02636177235712053, 'OPL': 0.023958504421356025, 'PCO': 0.021860413366323522, 'ACP': 0.019917030035550988, 'JSW': 0.01045548709091198, 'CCC': 0.009958515017775494}"
842,2022-03-24,138082.46839260342,0.0,"{'PKO': 0.15894629204791702, 'PEO': 0.10084930302050937, 'KGH': 0.09315100427565527, 'PKN': 0.0915149171095087, 'PZU': 0.08750523198211324, 'LPP': 0.06993848778497747, 'DNP': 0.06197421891142983, 'ALE': 0.05622672099097715, 'CDR': 0.05504098165229969, 'SPL': 0.05155370000476839, 'CPS': 0.03393927192001823, 'PGE': 0.026848148010787158, 'MBK': 0.02636177235712053, 'OPL': 0.023958504421356025, 'PCO': 0.021860413366323522, 'ACP': 0.019917030035550988, 'JSW': 0.01045548709091198, 'CCC': 0.009958515017775494}"
843,2022-03-25,136521.00779903217,0.0,"{'PKO': 0.15894629204791702, 'PEO': 0.10084930302050937, 'KGH': 0.09315100427565527, 'PKN': 0.0915149171095087, 'PZU': 0.08750523198211324, 'LPP': 0.06993848778497747, 'DNP': 0.06197421891142983, 'ALE': 0.05622672099097715, 'CDR': 0.05504098165229969, 'SPL': 0.05155370000476839, 'CPS': 0.03393927192001823, 'PGE': 0.026848148010787158, 'MBK': 0.02636177235712053, 'OPL': 0.023958504421356025, 'PCO': 0.021860413366323522, 'ACP': 0.019917030035550988, 'JSW': 0.01045548709091198, 'CCC': 0.009958515017775494}"
844,2022-03-28,137088.3291847453,0.0,"{'PKO': 0.15894629204791702, 'PEO': 0.10084930302050937, 'KGH': 0.09315100427565527, 'PKN': 0.0915149171095087, 'PZU': 0.08750523198211324, 'LPP': 0.06993848778497747, 'DNP': 0.06197421891142983, 'ALE': 0.05622672099097715, 'CDR': 0.05504098165229969, 'SPL': 0.05155370000476839, 'CPS': 0.03393927192001823, 'PGE': 0.026848148010787158, 'MBK': 0.02636177235712053, 'OPL': 0.023958504421356025, 'PCO': 0.021860413366323522, 'ACP': 0.019917030035550988, 'JSW': 0.01045548709091198, 'CCC': 0.009958515017775494}"
845,2022-03-29,141374.1418069795,0.0,"{'PKO': 0.15894629204791702, 'PEO': 0.10084930302050937, 'KGH': 0.09315100427565527, 'PKN': 0.0915149171095087, 'PZU': 0.08750523198211324, 'LPP': 0.06993848778497747, 'DNP': 0.06197421891142983, 'ALE': 0.05622672099097715, 'CDR': 0.05504098165229969, 'SPL': 0.05155370000476839, 'CPS': 0.03393927192001823, 'PGE': 0.026848148010787158, 'MBK': 0.02636177235712053, 'OPL': 0.023958504421356025, 'PCO': 0.021860413366323522, 'ACP': 0.019917030035550988, 'JSW': 0.01045548709091198, 'CCC': 0.009958515017775494}"
846,2022-03-30,141962.06686578825,0.0,"{'PKO': 0.15894629204791702, 'PEO': 0.10084930302050937, 'KGH': 0.09315100427565527, 'PKN': 0.0915149171095087, 'PZU': 0.08750523198211324, 'LPP': 0.06993848778497747, 'DNP': 0.06197421891142983, 'ALE': 0.05622672099097715, 'CDR': 0.05504098165229969, 'SPL': 0.05155370000476839, 'CPS': 0.03393927192001823, 'PGE': 0.026848148010787158, 'MBK': 0.02636177235712053, 'OPL': 0.023958504421356025, 'PCO': 0.021860413366323522, 'ACP': 0.019917030035550988, 'JSW': 0.01045548709091198, 'CCC': 0.009958515017775494}"
847,2022-03-31,138668.3273581637,0.0,"{'PKO': 0.15894629204791702, 'PEO': 0.10084930302050937, 'KGH': 0.09315100427565527, 'PKN': 0.0915149171095087, 'PZU': 0.08750523198211324, 'LPP': 0.06993848778497747, 'DNP': 0.06197421891142983, 'ALE': 0.05622672099097715, 'CDR': 0.05504098165229969, 'SPL': 0.05155370000476839, 'CPS': 0.03393927192001823, 'PGE': 0.026848148010787158, 'MBK': 0.02636177235712053, 'OPL': 0.023958504421356025, 'PCO': 0.021860413366323522, 'ACP': 0.019917030035550988, 'JSW': 0.01045548709091198, 'CCC': 0.009958515017775494}"
848,2022-04-01,140913.18084593376,0.0,"{'PKO': 0.15894629204791702, 'PEO': 0.10084930302050937, 'KGH': 0.09315100427565527, 'PKN': 0.0915149171095087, 'PZU': 0.08750523198211324, 'LPP': 0.06993848778497747, 'DNP': 0.06197421891142983, 'ALE': 0.05622672099097715, 'CDR': 0.05504098165229969, 'SPL': 0.05155370000476839, 'CPS': 0.03393927192001823, 'PGE': 0.026848148010787158, 'MBK': 0.02636177235712053, 'OPL': 0.023958504421356025, 'PCO': 0.021860413366323522, 'ACP': 0.019917030035550988, 'JSW': 0.01045548709091198, 'CCC': 0.009958515017775494}"
849,2022-04-04,140486.2082948789,0.0,"{'PKO': 0.15894629204791702, 'PEO': 0.10084930302050937, 'KGH': 0.09315100427565527, 'PKN': 0.0915149171095087, 'PZU': 0.08750523198211324, 'LPP': 0.06993848778497747, 'DNP': 0.06197421891142983, 'ALE': 0.05622672099097715, 'CDR': 0.05504098165229969, 'SPL': 0.05155370000476839, 'CPS': 0.03393927192001823, 'PGE': 0.026848148010787158, 'MBK': 0.02636177235712053, 'OPL': 0.023958504421356025, 'PCO': 0.021860413366323522, 'ACP': 0.019917030035550988, 'JSW': 0.01045548709091198, 'CCC': 0.009958515017775494}"
850,2022-04-05,138044.7954334374,0.0,"{'PKO': 0.15894629204791702, 'PEO': 0.10084930302050937, 'KGH': 0.09315100427565527, 'PKN': 0.0915149171095087, 'PZU': 0.08750523198211324, 'LPP': 0.06993848778497747, 'DNP': 0.06197421891142983, 'ALE': 0.05622672099097715, 'CDR': 0.05504098165229969, 'SPL': 0.05155370000476839, 'CPS': 0.03393927192001823, 'PGE': 0.026848148010787158, 'MBK': 0.02636177235712053, 'OPL': 0.023958504421356025, 'PCO': 0.021860413366323522, 'ACP': 0.019917030035550988, 'JSW': 0.01045548709091198, 'CCC': 0.009958515017775494}"
851,2022-04-06,136496.73892447804,0.0,"{'PKO': 0.15894629204791702, 'PEO': 0.10084930302050937, 'KGH': 0.09315100427565527, 'PKN': 0.0915149171095087, 'PZU': 0.08750523198211324, 'LPP': 0.06993848778497747, 'DNP': 0.06197421891142983, 'ALE': 0.05622672099097715, 'CDR': 0.05504098165229969, 'SPL': 0.05155370000476839, 'CPS': 0.03393927192001823, 'PGE': 0.026848148010787158, 'MBK': 0.02636177235712053, 'OPL': 0.023958504421356025, 'PCO': 0.021860413366323522, 'ACP': 0.019917030035550988, 'JSW': 0.01045548709091198, 'CCC': 0.009958515017775494}"
852,2022-04-07,134744.32277798295,0.0,"{'PKO': 0.15894629204791702, 'PEO': 0.10084930302050937, 'KGH': 0.09315100427565527, 'PKN': 0.0915149171095087, 'PZU': 0.08750523198211324, 'LPP': 0.06993848778497747, 'DNP': 0.06197421891142983, 'ALE': 0.05622672099097715, 'CDR': 0.05504098165229969, 'SPL': 0.05155370000476839, 'CPS': 0.03393927192001823, 'PGE': 0.026848148010787158, 'MBK': 0.02636177235712053, 'OPL': 0.023958504421356025, 'PCO': 0.021860413366323522, 'ACP': 0.019917030035550988, 'JSW': 0.01045548709091198, 'CCC': 0.009958515017775494}"
853,2022-04-08,134889.09802886166,0.0,"{'PKO': 0.15894629204791702, 'PEO': 0.10084930302050937, 'KGH': 0.09315100427565527, 'PKN': 0.0915149171095087, 'PZU': 0.08750523198211324, 'LPP': 0.06993848778497747, 'DNP': 0.06197421891142983, 'ALE': 0.05622672099097715, 'CDR': 0.05504098165229969, 'SPL': 0.05155370000476839, 'CPS': 0.03393927192001823, 'PGE': 0.026848148010787158, 'MBK': 0.02636177235712053, 'OPL': 0.023958504421356025, 'PCO': 0.021860413366323522, 'ACP': 0.019917030035550988, 'JSW': 0.01045548709091198, 'CCC': 0.009958515017775494}"
854,2022-04-11,137027.63485717142,0.0,"{'PKO': 0.15894629204791702, 'PEO': 0.10084930302050937, 'KGH': 0.09315100427565527, 'PKN': 0.0915149171095087, 'PZU': 0.08750523198211324, 'LPP': 0.06993848778497747, 'DNP': 0.06197421891142983, 'ALE': 0.05622672099097715, 'CDR': 0.05504098165229969, 'SPL': 0.05155370000476839, 'CPS': 0.03393927192001823, 'PGE': 0.026848148010787158, 'MBK': 0.02636177235712053, 'OPL': 0.023958504421356025, 'PCO': 0.021860413366323522, 'ACP': 0.019917030035550988, 'JSW': 0.01045548709091198, 'CCC': 0.009958515017775494}"
855,2022-04-12,134734.7595409882,0.0,"{'PKO': 0.15894629204791702, 'PEO': 0.10084930302050937, 'KGH': 0.09315100427565527, 'PKN': 0.0915149171095087, 'PZU': 0.08750523198211324, 'LPP': 0.06993848778497747, 'DNP': 0.06197421891142983, 'ALE': 0.05622672099097715, 'CDR': 0.05504098165229969, 'SPL': 0.05155370000476839, 'CPS': 0.03393927192001823, 'PGE': 0.026848148010787158, 'MBK': 0.02636177235712053, 'OPL': 0.023958504421356025, 'PCO': 0.021860413366323522, 'ACP': 0.019917030035550988, 'JSW': 0.01045548709091198, 'CCC': 0.009958515017775494}"
856,2022-04-13,135083.40835582683,0.0,"{'PKO': 0.15894629204791702, 'PEO': 0.10084930302050937, 'KGH': 0.09315100427565527, 'PKN': 0.0915149171095087, 'PZU': 0.08750523198211324, 'LPP': 0.06993848778497747, 'DNP': 0.06197421891142983, 'ALE': 0.05622672099097715, 'CDR': 0.05504098165229969, 'SPL': 0.05155370000476839, 'CPS': 0.03393927192001823, 'PGE': 0.026848148010787158, 'MBK': 0.02636177235712053, 'OPL': 0.023958504421356025, 'PCO': 0.021860413366323522, 'ACP': 0.019917030035550988, 'JSW': 0.01045548709091198, 'CCC': 0.009958515017775494}"
857,2022-04-14,134394.80234331219,0.0,"{'PKO': 0.15894629204791702, 'PEO': 0.10084930302050937, 'KGH': 0.09315100427565527, 'PKN': 0.0915149171095087, 'PZU': 0.08750523198211324, 'LPP': 0.06993848778497747, 'DNP': 0.06197421891142983, 'ALE': 0.05622672099097715, 'CDR': 0.05504098165229969, 'SPL': 0.05155370000476839, 'CPS': 0.03393927192001823, 'PGE': 0.026848148010787158, 'MBK': 0.02636177235712053, 'OPL': 0.023958504421356025, 'PCO': 0.021860413366323522, 'ACP': 0.019917030035550988, 'JSW': 0.01045548709091198, 'CCC': 0.009958515017775494}"
858,2022-04-15,134394.80234331219,0.0,"{'PKO': 0.15894629204791702, 'PEO': 0.10084930302050937, 'KGH': 0.09315100427565527, 'PKN': 0.0915149171095087, 'PZU': 0.08750523198211324, 'LPP': 0.06993848778497747, 'DNP': 0.06197421891142983, 'ALE': 0.05622672099097715, 'CDR': 0.05504098165229969, 'SPL': 0.05155370000476839, 'CPS': 0.03393927192001823, 'PGE': 0.026848148010787158, 'MBK': 0.02636177235712053, 'OPL': 0.023958504421356025, 'PCO': 0.021860413366323522, 'ACP': 0.019917030035550988, 'JSW': 0.01045548709091198, 'CCC': 0.009958515017775494}"
859,2022-04-18,134394.80234331219,0.0,"{'PKO': 0.15894629204791702, 'PEO': 0.10084930302050937, 'KGH': 0.09315100427565527, 'PKN': 0.0915149171095087, 'PZU': 0.08750523198211324, 'LPP': 0.06993848778497747, 'DNP': 0.06197421891142983, 'ALE': 0.05622672099097715, 'CDR': 0.05504098165229969, 'SPL': 0.05155370000476839, 'CPS': 0.03393927192001823, 'PGE': 0.026848148010787158, 'MBK': 0.02636177235712053, 'OPL': 0.023958504421356025, 'PCO': 0.021860413366323522, 'ACP': 0.019917030035550988, 'JSW': 0.01045548709091198, 'CCC': 0.009958515017775494}"
860,2022-04-19,132364.15215546713,0.0,"{'PKO': 0.15894629204791702, 'PEO': 0.10084930302050937, 'KGH': 0.09315100427565527, 'PKN': 0.0915149171095087, 'PZU': 0.08750523198211324, 'LPP': 0.06993848778497747, 'DNP': 0.06197421891142983, 'ALE': 0.05622672099097715, 'CDR': 0.05504098165229969, 'SPL': 0.05155370000476839, 'CPS': 0.03393927192001823, 'PGE': 0.026848148010787158, 'MBK': 0.02636177235712053, 'OPL': 0.023958504421356025, 'PCO': 0.021860413366323522, 'ACP': 0.019917030035550988, 'JSW': 0.01045548709091198, 'CCC': 0.009958515017775494}"
861,2022-04-20,131452.67960215412,0.0,"{'PKO': 0.15894629204791702, 'PEO': 0.10084930302050937, 'KGH': 0.09315100427565527, 'PKN': 0.0915149171095087, 'PZU': 0.08750523198211324, 'LPP': 0.06993848778497747, 'DNP': 0.06197421891142983, 'ALE': 0.05622672099097715, 'CDR': 0.05504098165229969, 'SPL': 0.05155370000476839, 'CPS': 0.03393927192001823, 'PGE': 0.026848148010787158, 'MBK': 0.02636177235712053, 'OPL': 0.023958504421356025, 'PCO': 0.021860413366323522, 'ACP': 0.019917030035550988, 'JSW': 0.01045548709091198, 'CCC': 0.009958515017775494}"
862,2022-04-21,130623.77495466279,0.0,"{'PKO': 0.15894629204791702, 'PEO': 0.10084930302050937, 'KGH': 0.09315100427565527, 'PKN': 0.0915149171095087, 'PZU': 0.08750523198211324, 'LPP': 0.06993848778497747, 'DNP': 0.06197421891142983, 'ALE': 0.05622672099097715, 'CDR': 0.05504098165229969, 'SPL': 0.05155370000476839, 'CPS': 0.03393927192001823, 'PGE': 0.026848148010787158, 'MBK': 0.02636177235712053, 'OPL': 0.023958504421356025, 'PCO': 0.021860413366323522, 'ACP': 0.019917030035550988, 'JSW': 0.01045548709091198, 'CCC': 0.009958515017775494}"
863,2022-04-22,126873.70943047451,0.0,"{'PKO': 0.15894629204791702, 'PEO': 0.10084930302050937, 'KGH': 0.09315100427565527, 'PKN': 0.0915149171095087, 'PZU': 0.08750523198211324, 'LPP': 0.06993848778497747, 'DNP': 0.06197421891142983, 'ALE': 0.05622672099097715, 'CDR': 0.05504098165229969, 'SPL': 0.05155370000476839, 'CPS': 0.03393927192001823, 'PGE': 0.026848148010787158, 'MBK': 0.02636177235712053, 'OPL': 0.023958504421356025, 'PCO': 0.021860413366323522, 'ACP': 0.019917030035550988, 'JSW': 0.01045548709091198, 'CCC': 0.009958515017775494}"
864,2022-04-25,123096.90241730546,0.0,"{'PKO': 0.15894629204791702, 'PEO': 0.10084930302050937, 'KGH': 0.09315100427565527, 'PKN': 0.0915149171095087, 'PZU': 0.08750523198211324, 'LPP': 0.06993848778497747, 'DNP': 0.06197421891142983, 'ALE': 0.05622672099097715, 'CDR': 0.05504098165229969, 'SPL': 0.05155370000476839, 'CPS': 0.03393927192001823, 'PGE': 0.026848148010787158, 'MBK': 0.02636177235712053, 'OPL': 0.023958504421356025, 'PCO': 0.021860413366323522, 'ACP': 0.019917030035550988, 'JSW': 0.01045548709091198, 'CCC': 0.009958515017775494}"
865,2022-04-26,121670.78902524833,0.0,"{'PKO': 0.15894629204791702, 'PEO': 0.10084930302050937, 'KGH': 0.09315100427565527, 'PKN': 0.0915149171095087, 'PZU': 0.08750523198211324, 'LPP': 0.06993848778497747, 'DNP': 0.06197421891142983, 'ALE': 0.05622672099097715, 'CDR': 0.05504098165229969, 'SPL': 0.05155370000476839, 'CPS': 0.03393927192001823, 'PGE': 0.026848148010787158, 'MBK': 0.02636177235712053, 'OPL': 0.023958504421356025, 'PCO': 0.021860413366323522, 'ACP': 0.019917030035550988, 'JSW': 0.01045548709091198, 'CCC': 0.009958515017775494}"
866,2022-04-27,120394.2333829972,0.0,"{'PKO': 0.15894629204791702, 'PEO': 0.10084930302050937, 'KGH': 0.09315100427565527, 'PKN': 0.0915149171095087, 'PZU': 0.08750523198211324, 'LPP': 0.06993848778497747, 'DNP': 0.06197421891142983, 'ALE': 0.05622672099097715, 'CDR': 0.05504098165229969, 'SPL': 0.05155370000476839, 'CPS': 0.03393927192001823, 'PGE': 0.026848148010787158, 'MBK': 0.02636177235712053, 'OPL': 0.023958504421356025, 'PCO': 0.021860413366323522, 'ACP': 0.019917030035550988, 'JSW': 0.01045548709091198, 'CCC': 0.009958515017775494}"
867,2022-04-28,120301.37303724648,0.0,"{'PKO': 0.15894629204791702, 'PEO': 0.10084930302050937, 'KGH': 0.09315100427565527, 'PKN': 0.0915149171095087, 'PZU': 0.08750523198211324, 'LPP': 0.06993848778497747, 'DNP': 0.06197421891142983, 'ALE': 0.05622672099097715, 'CDR': 0.05504098165229969, 'SPL': 0.05155370000476839, 'CPS': 0.03393927192001823, 'PGE': 0.026848148010787158, 'MBK': 0.02636177235712053, 'OPL': 0.023958504421356025, 'PCO': 0.021860413366323522, 'ACP': 0.019917030035550988, 'JSW': 0.01045548709091198, 'CCC': 0.009958515017775494}"
868,2022-04-29,118452.90379207738,0.0,"{'PKO': 0.15894629204791702, 'PEO': 0.10084930302050937, 'KGH': 0.09315100427565527, 'PKN': 0.0915149171095087, 'PZU': 0.08750523198211324, 'LPP': 0.06993848778497747, 'DNP': 0.06197421891142983, 'ALE': 0.05622672099097715, 'CDR': 0.05504098165229969, 'SPL': 0.05155370000476839, 'CPS': 0.03393927192001823, 'PGE': 0.026848148010787158, 'MBK': 0.02636177235712053, 'OPL': 0.023958504421356025, 'PCO': 0.021860413366323522, 'ACP': 0.019917030035550988, 'JSW': 0.01045548709091198, 'CCC': 0.009958515017775494}"
869,2022-05-02,116426.89913605925,0.0,"{'PKO': 0.15894629204791702, 'PEO': 0.10084930302050937, 'KGH': 0.09315100427565527, 'PKN': 0.0915149171095087, 'PZU': 0.08750523198211324, 'LPP': 0.06993848778497747, 'DNP': 0.06197421891142983, 'ALE': 0.05622672099097715, 'CDR': 0.05504098165229969, 'SPL': 0.05155370000476839, 'CPS': 0.03393927192001823, 'PGE': 0.026848148010787158, 'MBK': 0.02636177235712053, 'OPL': 0.023958504421356025, 'PCO': 0.021860413366323522, 'ACP': 0.019917030035550988, 'JSW': 0.01045548709091198, 'CCC': 0.009958515017775494}"
870,2022-05-03,116426.89913605925,0.0,"{'PKO': 0.15894629204791702, 'PEO': 0.10084930302050937, 'KGH': 0.09315100427565527, 'PKN': 0.0915149171095087, 'PZU': 0.08750523198211324, 'LPP': 0.06993848778497747, 'DNP': 0.06197421891142983, 'ALE': 0.05622672099097715, 'CDR': 0.05504098165229969, 'SPL': 0.05155370000476839, 'CPS': 0.03393927192001823, 'PGE': 0.026848148010787158, 'MBK': 0.02636177235712053, 'OPL': 0.023958504421356025, 'PCO': 0.021860413366323522, 'ACP': 0.019917030035550988, 'JSW': 0.01045548709091198, 'CCC': 0.009958515017775494}"
871,2022-05-04,115287.99148966862,0.0,"{'PKO': 0.15894629204791702, 'PEO': 0.10084930302050937, 'KGH': 0.09315100427565527, 'PKN': 0.0915149171095087, 'PZU': 0.08750523198211324, 'LPP': 0.06993848778497747, 'DNP': 0.06197421891142983, 'ALE': 0.05622672099097715, 'CDR': 0.05504098165229969, 'SPL': 0.05155370000476839, 'CPS': 0.03393927192001823, 'PGE': 0.026848148010787158, 'MBK': 0.02636177235712053, 'OPL': 0.023958504421356025, 'PCO': 0.021860413366323522, 'ACP': 0.019917030035550988, 'JSW': 0.01045548709091198, 'CCC': 0.009958515017775494}"
872,2022-05-05,112198.07486788643,0.0,"{'PKO': 0.15894629204791702, 'PEO': 0.10084930302050937, 'KGH': 0.09315100427565527, 'PKN': 0.0915149171095087, 'PZU': 0.08750523198211324, 'LPP': 0.06993848778497747, 'DNP': 0.06197421891142983, 'ALE': 0.05622672099097715, 'CDR': 0.05504098165229969, 'SPL': 0.05155370000476839, 'CPS': 0.03393927192001823, 'PGE': 0.026848148010787158, 'MBK': 0.02636177235712053, 'OPL': 0.023958504421356025, 'PCO': 0.021860413366323522, 'ACP': 0.019917030035550988, 'JSW': 0.01045548709091198, 'CCC': 0.009958515017775494}"
873,2022-05-06,111727.22187936779,0.0,"{'PKO': 0.15894629204791702, 'PEO': 0.10084930302050937, 'KGH': 0.09315100427565527, 'PKN': 0.0915149171095087, 'PZU': 0.08750523198211324, 'LPP': 0.06993848778497747, 'DNP': 0.06197421891142983, 'ALE': 0.05622672099097715, 'CDR': 0.05504098165229969, 'SPL': 0.05155370000476839, 'CPS': 0.03393927192001823, 'PGE': 0.026848148010787158, 'MBK': 0.02636177235712053, 'OPL': 0.023958504421356025, 'PCO': 0.021860413366323522, 'ACP': 0.019917030035550988, 'JSW': 0.01045548709091198, 'CCC': 0.009958515017775494}"
874,2022-05-09,109361.88901771457,0.0,"{'PKO': 0.15894629204791702, 'PEO': 0.10084930302050937, 'KGH': 0.09315100427565527, 'PKN': 0.0915149171095087, 'PZU': 0.08750523198211324, 'LPP': 0.06993848778497747, 'DNP': 0.06197421891142983, 'ALE': 0.05622672099097715, 'CDR': 0.05504098165229969, 'SPL': 0.05155370000476839, 'CPS': 0.03393927192001823, 'PGE': 0.026848148010787158, 'MBK': 0.02636177235712053, 'OPL': 0.023958504421356025, 'PCO': 0.021860413366323522, 'ACP': 0.019917030035550988, 'JSW': 0.01045548709091198, 'CCC': 0.009958515017775494}"
875,2022-05-10,109172.69692958907,0.0,"{'PKO': 0.15894629204791702, 'PEO': 0.10084930302050937, 'KGH': 0.09315100427565527, 'PKN': 0.0915149171095087, 'PZU': 0.08750523198211324, 'LPP': 0.06993848778497747, 'DNP': 0.06197421891142983, 'ALE': 0.05622672099097715, 'CDR': 0.05504098165229969, 'SPL': 0.05155370000476839, 'CPS': 0.03393927192001823, 'PGE': 0.026848148010787158, 'MBK': 0.02636177235712053, 'OPL': 0.023958504421356025, 'PCO': 0.021860413366323522, 'ACP': 0.019917030035550988, 'JSW': 0.01045548709091198, 'CCC': 0.009958515017775494}"
876,2022-05-11,109240.38152242369,0.0,"{'PKO': 0.15894629204791702, 'PEO': 0.10084930302050937, 'KGH': 0.09315100427565527, 'PKN': 0.0915149171095087, 'PZU': 0.08750523198211324, 'LPP': 0.06993848778497747, 'DNP': 0.06197421891142983, 'ALE': 0.05622672099097715, 'CDR': 0.05504098165229969, 'SPL': 0.05155370000476839, 'CPS': 0.03393927192001823, 'PGE': 0.026848148010787158, 'MBK': 0.02636177235712053, 'OPL': 0.023958504421356025, 'PCO': 0.021860413366323522, 'ACP': 0.019917030035550988, 'JSW': 0.01045548709091198, 'CCC': 0.009958515017775494}"
877,2022-05-12,107691.90969482406,0.0,"{'PKO': 0.15894629204791702, 'PEO': 0.10084930302050937, 'KGH': 0.09315100427565527, 'PKN': 0.0915149171095087, 'PZU': 0.08750523198211324, 'LPP': 0.06993848778497747, 'DNP': 0.06197421891142983, 'ALE': 0.05622672099097715, 'CDR': 0.05504098165229969, 'SPL': 0.05155370000476839, 'CPS': 0.03393927192001823, 'PGE': 0.026848148010787158, 'MBK': 0.02636177235712053, 'OPL': 0.023958504421356025, 'PCO': 0.021860413366323522, 'ACP': 0.019917030035550988, 'JSW': 0.01045548709091198, 'CCC': 0.009958515017775494}"
878,2022-05-13,112508.225719029,0.0,"{'PKO': 0.15894629204791702, 'PEO': 0.10084930302050937, 'KGH': 0.09315100427565527, 'PKN': 0.0915149171095087, 'PZU': 0.08750523198211324, 'LPP': 0.06993848778497747, 'DNP': 0.06197421891142983, 'ALE': 0.05622672099097715, 'CDR': 0.05504098165229969, 'SPL': 0.05155370000476839, 'CPS': 0.03393927192001823, 'PGE': 0.026848148010787158, 'MBK': 0.02636177235712053, 'OPL': 0.023958504421356025, 'PCO': 0.021860413366323522, 'ACP': 0.019917030035550988, 'JSW': 0.01045548709091198, 'CCC': 0.009958515017775494}"
879,2022-05-16,112201.01775874394,0.0,"{'PKO': 0.15894629204791702, 'PEO': 0.10084930302050937, 'KGH': 0.09315100427565527, 'PKN': 0.0915149171095087, 'PZU': 0.08750523198211324, 'LPP': 0.06993848778497747, 'DNP': 0.06197421891142983, 'ALE': 0.05622672099097715, 'CDR': 0.05504098165229969, 'SPL': 0.05155370000476839, 'CPS': 0.03393927192001823, 'PGE': 0.026848148010787158, 'MBK': 0.02636177235712053, 'OPL': 0.023958504421356025, 'PCO': 0.021860413366323522, 'ACP': 0.019917030035550988, 'JSW': 0.01045548709091198, 'CCC': 0.009958515017775494}"
880,2022-05-17,115172.44718726461,0.0,"{'PKO': 0.15894629204791702, 'PEO': 0.10084930302050937, 'KGH': 0.09315100427565527, 'PKN': 0.0915149171095087, 'PZU': 0.08750523198211324, 'LPP': 0.06993848778497747, 'DNP': 0.06197421891142983, 'ALE': 0.05622672099097715, 'CDR': 0.05504098165229969, 'SPL': 0.05155370000476839, 'CPS': 0.03393927192001823, 'PGE': 0.026848148010787158, 'MBK': 0.02636177235712053, 'OPL': 0.023958504421356025, 'PCO': 0.021860413366323522, 'ACP': 0.019917030035550988, 'JSW': 0.01045548709091198, 'CCC': 0.009958515017775494}"
881,2022-05-18,115234.13019455339,0.0,"{'PKO': 0.15894629204791702, 'PEO': 0.10084930302050937, 'KGH': 0.09315100427565527, 'PKN': 0.0915149171095087, 'PZU': 0.08750523198211324, 'LPP': 0.06993848778497747, 'DNP': 0.06197421891142983, 'ALE': 0.05622672099097715, 'CDR': 0.05504098165229969, 'SPL': 0.05155370000476839, 'CPS': 0.03393927192001823, 'PGE': 0.026848148010787158, 'MBK': 0.02636177235712053, 'OPL': 0.023958504421356025, 'PCO': 0.021860413366323522, 'ACP': 0.019917030035550988, 'JSW': 0.01045548709091198, 'CCC': 0.009958515017775494}"
882,2022-05-19,113016.77353113944,0.0,"{'PKO': 0.15894629204791702, 'PEO': 0.10084930302050937, 'KGH': 0.09315100427565527, 'PKN': 0.0915149171095087, 'PZU': 0.08750523198211324, 'LPP': 0.06993848778497747, 'DNP': 0.06197421891142983, 'ALE': 0.05622672099097715, 'CDR': 0.05504098165229969, 'SPL': 0.05155370000476839, 'CPS': 0.03393927192001823, 'PGE': 0.026848148010787158, 'MBK': 0.02636177235712053, 'OPL': 0.023958504421356025, 'PCO': 0.021860413366323522, 'ACP': 0.019917030035550988, 'JSW': 0.01045548709091198, 'CCC': 0.009958515017775494}"
883,2022-05-20,113589.29667115527,0.0,"{'PKO': 0.15894629204791702, 'PEO': 0.10084930302050937, 'KGH': 0.09315100427565527, 'PKN': 0.0915149171095087, 'PZU': 0.08750523198211324, 'LPP': 0.06993848778497747, 'DNP': 0.06197421891142983, 'ALE': 0.05622672099097715, 'CDR': 0.05504098165229969, 'SPL': 0.05155370000476839, 'CPS': 0.03393927192001823, 'PGE': 0.026848148010787158, 'MBK': 0.02636177235712053, 'OPL': 0.023958504421356025, 'PCO': 0.021860413366323522, 'ACP': 0.019917030035550988, 'JSW': 0.01045548709091198, 'CCC': 0.009958515017775494}"
884,2022-05-23,117125.81962314808,0.0,"{'PKO': 0.15894629204791702, 'PEO': 0.10084930302050937, 'KGH': 0.09315100427565527, 'PKN': 0.0915149171095087, 'PZU': 0.08750523198211324, 'LPP': 0.06993848778497747, 'DNP': 0.06197421891142983, 'ALE': 0.05622672099097715, 'CDR': 0.05504098165229969, 'SPL': 0.05155370000476839, 'CPS': 0.03393927192001823, 'PGE': 0.026848148010787158, 'MBK': 0.02636177235712053, 'OPL': 0.023958504421356025, 'PCO': 0.021860413366323522, 'ACP': 0.019917030035550988, 'JSW': 0.01045548709091198, 'CCC': 0.009958515017775494}"
885,2022-05-24,115590.23322630291,0.0,"{'PKO': 0.15894629204791702, 'PEO': 0.10084930302050937, 'KGH': 0.09315100427565527, 'PKN': 0.0915149171095087, 'PZU': 0.08750523198211324, 'LPP': 0.06993848778497747, 'DNP': 0.06197421891142983, 'ALE': 0.05622672099097715, 'CDR': 0.05504098165229969, 'SPL': 0.05155370000476839, 'CPS': 0.03393927192001823, 'PGE': 0.026848148010787158, 'MBK': 0.02636177235712053, 'OPL': 0.023958504421356025, 'PCO': 0.021860413366323522, 'ACP': 0.019917030035550988, 'JSW': 0.01045548709091198, 'CCC': 0.009958515017775494}"
886,2022-05-25,114382.46319419854,0.0,"{'PKO': 0.15894629204791702, 'PEO': 0.10084930302050937, 'KGH': 0.09315100427565527, 'PKN': 0.0915149171095087, 'PZU': 0.08750523198211324, 'LPP': 0.06993848778497747, 'DNP': 0.06197421891142983, 'ALE': 0.05622672099097715, 'CDR': 0.05504098165229969, 'SPL': 0.05155370000476839, 'CPS': 0.03393927192001823, 'PGE': 0.026848148010787158, 'MBK': 0.02636177235712053, 'OPL': 0.023958504421356025, 'PCO': 0.021860413366323522, 'ACP': 0.019917030035550988, 'JSW': 0.01045548709091198, 'CCC': 0.009958515017775494}"
887,2022-05-26,116405.69346612597,0.0,"{'PKO': 0.15894629204791702, 'PEO': 0.10084930302050937, 'KGH': 0.09315100427565527, 'PKN': 0.0915149171095087, 'PZU': 0.08750523198211324, 'LPP': 0.06993848778497747, 'DNP': 0.06197421891142983, 'ALE': 0.05622672099097715, 'CDR': 0.05504098165229969, 'SPL': 0.05155370000476839, 'CPS': 0.03393927192001823, 'PGE': 0.026848148010787158, 'MBK': 0.02636177235712053, 'OPL': 0.023958504421356025, 'PCO': 0.021860413366323522, 'ACP': 0.019917030035550988, 'JSW': 0.01045548709091198, 'CCC': 0.009958515017775494}"
888,2022-05-27,115486.10343313657,0.0,"{'PKO': 0.15894629204791702, 'PEO': 0.10084930302050937, 'KGH': 0.09315100427565527, 'PKN': 0.0915149171095087, 'PZU': 0.08750523198211324, 'LPP': 0.06993848778497747, 'DNP': 0.06197421891142983, 'ALE': 0.05622672099097715, 'CDR': 0.05504098165229969, 'SPL': 0.05155370000476839, 'CPS': 0.03393927192001823, 'PGE': 0.026848148010787158, 'MBK': 0.02636177235712053, 'OPL': 0.023958504421356025, 'PCO': 0.021860413366323522, 'ACP': 0.019917030035550988, 'JSW': 0.01045548709091198, 'CCC': 0.009958515017775494}"
889,2022-05-30,118756.41979625454,0.0,"{'PKO': 0.15894629204791702, 'PEO': 0.10084930302050937, 'KGH': 0.09315100427565527, 'PKN': 0.0915149171095087, 'PZU': 0.08750523198211324, 'LPP': 0.06993848778497747, 'DNP': 0.06197421891142983, 'ALE': 0.05622672099097715, 'CDR': 0.05504098165229969, 'SPL': 0.05155370000476839, 'CPS': 0.03393927192001823, 'PGE': 0.026848148010787158, 'MBK': 0.02636177235712053, 'OPL': 0.023958504421356025, 'PCO': 0.021860413366323522, 'ACP': 0.019917030035550988, 'JSW': 0.01045548709091198, 'CCC': 0.009958515017775494}"
890,2022-05-31,117937.63633795743,0.0,"{'PKO': 0.15894629204791702, 'PEO': 0.10084930302050937, 'KGH': 0.09315100427565527, 'PKN': 0.0915149171095087, 'PZU': 0.08750523198211324, 'LPP': 0.06993848778497747, 'DNP': 0.06197421891142983, 'ALE': 0.05622672099097715, 'CDR': 0.05504098165229969, 'SPL': 0.05155370000476839, 'CPS': 0.03393927192001823, 'PGE': 0.026848148010787158, 'MBK': 0.02636177235712053, 'OPL': 0.023958504421356025, 'PCO': 0.021860413366323522, 'ACP': 0.019917030035550988, 'JSW': 0.01045548709091198, 'CCC': 0.009958515017775494}"
891,2022-06-01,116693.9826288281,0.0,"{'PKO': 0.15894629204791702, 'PEO': 0.10084930302050937, 'KGH': 0.09315100427565527, 'PKN': 0.0915149171095087, 'PZU': 0.08750523198211324, 'LPP': 0.06993848778497747, 'DNP': 0.06197421891142983, 'ALE': 0.05622672099097715, 'CDR': 0.05504098165229969, 'SPL': 0.05155370000476839, 'CPS': 0.03393927192001823, 'PGE': 0.026848148010787158, 'MBK': 0.02636177235712053, 'OPL': 0.023958504421356025, 'PCO': 0.021860413366323522, 'ACP': 0.019917030035550988, 'JSW': 0.01045548709091198, 'CCC': 0.009958515017775494}"
892,2022-06-02,117385.77386596595,0.0,"{'PKO': 0.15894629204791702, 'PEO': 0.10084930302050937, 'KGH': 0.09315100427565527, 'PKN': 0.0915149171095087, 'PZU': 0.08750523198211324, 'LPP': 0.06993848778497747, 'DNP': 0.06197421891142983, 'ALE': 0.05622672099097715, 'CDR': 0.05504098165229969, 'SPL': 0.05155370000476839, 'CPS': 0.03393927192001823, 'PGE': 0.026848148010787158, 'MBK': 0.02636177235712053, 'OPL': 0.023958504421356025, 'PCO': 0.021860413366323522, 'ACP': 0.019917030035550988, 'JSW': 0.01045548709091198, 'CCC': 0.009958515017775494}"
893,2022-06-03,115914.64652802264,0.0,"{'PKO': 0.15894629204791702, 'PEO': 0.10084930302050937, 'KGH': 0.09315100427565527, 'PKN': 0.0915149171095087, 'PZU': 0.08750523198211324, 'LPP': 0.06993848778497747, 'DNP': 0.06197421891142983, 'ALE': 0.05622672099097715, 'CDR': 0.05504098165229969, 'SPL': 0.05155370000476839, 'CPS': 0.03393927192001823, 'PGE': 0.026848148010787158, 'MBK': 0.02636177235712053, 'OPL': 0.023958504421356025, 'PCO': 0.021860413366323522, 'ACP': 0.019917030035550988, 'JSW': 0.01045548709091198, 'CCC': 0.009958515017775494}"
894,2022-06-06,118082.49239904826,0.0,"{'PKO': 0.15894629204791702, 'PEO': 0.10084930302050937, 'KGH': 0.09315100427565527, 'PKN': 0.0915149171095087, 'PZU': 0.08750523198211324, 'LPP': 0.06993848778497747, 'DNP': 0.06197421891142983, 'ALE': 0.05622672099097715, 'CDR': 0.05504098165229969, 'SPL': 0.05155370000476839, 'CPS': 0.03393927192001823, 'PGE': 0.026848148010787158, 'MBK': 0.02636177235712053, 'OPL': 0.023958504421356025, 'PCO': 0.021860413366323522, 'ACP': 0.019917030035550988, 'JSW': 0.01045548709091198, 'CCC': 0.009958515017775494}"
895,2022-06-07,116473.7267901178,0.0,"{'PKO': 0.15894629204791702, 'PEO': 0.10084930302050937, 'KGH': 0.09315100427565527, 'PKN': 0.0915149171095087, 'PZU': 0.08750523198211324, 'LPP': 0.06993848778497747, 'DNP': 0.06197421891142983, 'ALE': 0.05622672099097715, 'CDR': 0.05504098165229969, 'SPL': 0.05155370000476839, 'CPS': 0.03393927192001823, 'PGE': 0.026848148010787158, 'MBK': 0.02636177235712053, 'OPL': 0.023958504421356025, 'PCO': 0.021860413366323522, 'ACP': 0.019917030035550988, 'JSW': 0.01045548709091198, 'CCC': 0.009958515017775494}"
896,2022-06-08,114051.85308374309,0.0,"{'PKO': 0.15894629204791702, 'PEO': 0.10084930302050937, 'KGH': 0.09315100427565527, 'PKN': 0.0915149171095087, 'PZU': 0.08750523198211324, 'LPP': 0.06993848778497747, 'DNP': 0.06197421891142983, 'ALE': 0.05622672099097715, 'CDR': 0.05504098165229969, 'SPL': 0.05155370000476839, 'CPS': 0.03393927192001823, 'PGE': 0.026848148010787158, 'MBK': 0.02636177235712053, 'OPL': 0.023958504421356025, 'PCO': 0.021860413366323522, 'ACP': 0.019917030035550988, 'JSW': 0.01045548709091198, 'CCC': 0.009958515017775494}"
897,2022-06-09,112412.0826072719,0.0,"{'PKO': 0.15894629204791702, 'PEO': 0.10084930302050937, 'KGH': 0.09315100427565527, 'PKN': 0.0915149171095087, 'PZU': 0.08750523198211324, 'LPP': 0.06993848778497747, 'DNP': 0.06197421891142983, 'ALE': 0.05622672099097715, 'CDR': 0.05504098165229969, 'SPL': 0.05155370000476839, 'CPS': 0.03393927192001823, 'PGE': 0.026848148010787158, 'MBK': 0.02636177235712053, 'OPL': 0.023958504421356025, 'PCO': 0.021860413366323522, 'ACP': 0.019917030035550988, 'JSW': 0.01045548709091198, 'CCC': 0.009958515017775494}"
898,2022-06-10,109464.07705730935,0.0,"{'PKO': 0.15894629204791702, 'PEO': 0.10084930302050937, 'KGH': 0.09315100427565527, 'PKN': 0.0915149171095087, 'PZU': 0.08750523198211324, 'LPP': 0.06993848778497747, 'DNP': 0.06197421891142983, 'ALE': 0.05622672099097715, 'CDR': 0.05504098165229969, 'SPL': 0.05155370000476839, 'CPS': 0.03393927192001823, 'PGE': 0.026848148010787158, 'MBK': 0.02636177235712053, 'OPL': 0.023958504421356025, 'PCO': 0.021860413366323522, 'ACP': 0.019917030035550988, 'JSW': 0.01045548709091198, 'CCC': 0.009958515017775494}"
899,2022-06-13,106383.09849845579,0.0,"{'PKO': 0.15894629204791702, 'PEO': 0.10084930302050937, 'KGH': 0.09315100427565527, 'PKN': 0.0915149171095087, 'PZU': 0.08750523198211324, 'LPP': 0.06993848778497747, 'DNP': 0.06197421891142983, 'ALE': 0.05622672099097715, 'CDR': 0.05504098165229969, 'SPL': 0.05155370000476839, 'CPS': 0.03393927192001823, 'PGE': 0.026848148010787158, 'MBK': 0.02636177235712053, 'OPL': 0.023958504421356025, 'PCO': 0.021860413366323522, 'ACP': 0.019917030035550988, 'JSW': 0.01045548709091198, 'CCC': 0.009958515017775494}"
900,2022-06-14,107781.932588628,0.0,"{'PKO': 0.15894629204791702, 'PEO': 0.10084930302050937, 'KGH': 0.09315100427565527, 'PKN': 0.0915149171095087, 'PZU': 0.08750523198211324, 'LPP': 0.06993848778497747, 'DNP': 0.06197421891142983, 'ALE': 0.05622672099097715, 'CDR': 0.05504098165229969, 'SPL': 0.05155370000476839, 'CPS': 0.03393927192001823, 'PGE': 0.026848148010787158, 'MBK': 0.02636177235712053, 'OPL': 0.023958504421356025, 'PCO': 0.021860413366323522, 'ACP': 0.019917030035550988, 'JSW': 0.01045548709091198, 'CCC': 0.009958515017775494}"
901,2022-06-15,107892.63552881556,0.0,"{'PKO': 0.15894629204791702, 'PEO': 0.10084930302050937, 'KGH': 0.09315100427565527, 'PKN': 0.0915149171095087, 'PZU': 0.08750523198211324, 'LPP': 0.06993848778497747, 'DNP': 0.06197421891142983, 'ALE': 0.05622672099097715, 'CDR': 0.05504098165229969, 'SPL': 0.05155370000476839, 'CPS': 0.03393927192001823, 'PGE': 0.026848148010787158, 'MBK': 0.02636177235712053, 'OPL': 0.023958504421356025, 'PCO': 0.021860413366323522, 'ACP': 0.019917030035550988, 'JSW': 0.01045548709091198, 'CCC': 0.009958515017775494}"
902,2022-06-16,107892.63552881556,0.0,"{'PKO': 0.15894629204791702, 'PEO': 0.10084930302050937, 'KGH': 0.09315100427565527, 'PKN': 0.0915149171095087, 'PZU': 0.08750523198211324, 'LPP': 0.06993848778497747, 'DNP': 0.06197421891142983, 'ALE': 0.05622672099097715, 'CDR': 0.05504098165229969, 'SPL': 0.05155370000476839, 'CPS': 0.03393927192001823, 'PGE': 0.026848148010787158, 'MBK': 0.02636177235712053, 'OPL': 0.023958504421356025, 'PCO': 0.021860413366323522, 'ACP': 0.019917030035550988, 'JSW': 0.01045548709091198, 'CCC': 0.009958515017775494}"
903,2022-06-17,106102.03955912533,2.9103830456733704e-11,"{'PKO': 0.14095609701081416, 'PKN': 0.10974120617183807, 'KGH': 0.09872316521422282, 'PZU': 0.09340826179559365, 'PEO': 0.08703710130090964, 'DNP': 0.07807409849434566, 'LPP': 0.057762296610867944, 'ALE': 0.05523443701714737, 'CDR': 0.04526506196563586, 'SPL': 0.04465559946384651, 'PGE': 0.04176227925962235, 'CPS': 0.029802933228069112, 'PCO': 0.02632075512620862, 'ACP': 0.023403576959280966, 'OPL': 0.02105573653868677, 'JSW': 0.018997445029085024, 'MBK': 0.01845955641540617, 'CCC': 0.0093403923984193}"
904,2022-06-20,106640.93109374004,2.9103830456733704e-11,"{'PKO': 0.14095609701081416, 'PKN': 0.10974120617183807, 'KGH': 0.09872316521422282, 'PZU': 0.09340826179559365, 'PEO': 0.08703710130090964, 'DNP': 0.07807409849434566, 'LPP': 0.057762296610867944, 'ALE': 0.05523443701714737, 'CDR': 0.04526506196563586, 'SPL': 0.04465559946384651, 'PGE': 0.04176227925962235, 'CPS': 0.029802933228069112, 'PCO': 0.02632075512620862, 'ACP': 0.023403576959280966, 'OPL': 0.02105573653868677, 'JSW': 0.018997445029085024, 'MBK': 0.01845955641540617, 'CCC': 0.0093403923984193}"
905,2022-06-21,109088.38305208388,2.9103830456733704e-11,"{'PKO': 0.14095609701081416, 'PKN': 0.10974120617183807, 'KGH': 0.09872316521422282, 'PZU': 0.09340826179559365, 'PEO': 0.08703710130090964, 'DNP': 0.07807409849434566, 'LPP': 0.057762296610867944, 'ALE': 0.05523443701714737, 'CDR': 0.04526506196563586, 'SPL': 0.04465559946384651, 'PGE': 0.04176227925962235, 'CPS': 0.029802933228069112, 'PCO': 0.02632075512620862, 'ACP': 0.023403576959280966, 'OPL': 0.02105573653868677, 'JSW': 0.018997445029085024, 'MBK': 0.01845955641540617, 'CCC': 0.0093403923984193}"
906,2022-06-22,106838.83323185956,2.9103830456733704e-11,"{'PKO': 0.14095609701081416, 'PKN': 0.10974120617183807, 'KGH': 0.09872316521422282, 'PZU': 0.09340826179559365, 'PEO': 0.08703710130090964, 'DNP': 0.07807409849434566, 'LPP': 0.057762296610867944, 'ALE': 0.05523443701714737, 'CDR': 0.04526506196563586, 'SPL': 0.04465559946384651, 'PGE': 0.04176227925962235, 'CPS': 0.029802933228069112, 'PCO': 0.02632075512620862, 'ACP': 0.023403576959280966, 'OPL': 0.02105573653868677, 'JSW': 0.018997445029085024, 'MBK': 0.01845955641540617, 'CCC': 0.0093403923984193}"
907,2022-06-23,105445.24705347558,2.9103830456733704e-11,"{'PKO': 0.14095609701081416, 'PKN': 0.10974120617183807, 'KGH': 0.09872316521422282, 'PZU': 0.09340826179559365, 'PEO': 0.08703710130090964, 'DNP': 0.07807409849434566, 'LPP': 0.057762296610867944, 'ALE': 0.05523443701714737, 'CDR': 0.04526506196563586, 'SPL': 0.04465559946384651, 'PGE': 0.04176227925962235, 'CPS': 0.029802933228069112, 'PCO': 0.02632075512620862, 'ACP': 0.023403576959280966, 'OPL': 0.02105573653868677, 'JSW': 0.018997445029085024, 'MBK': 0.01845955641540617, 'CCC': 0.0093403923984193}"
908,2022-06-24,107428.898256638,2.9103830456733704e-11,"{'PKO': 0.14095609701081416, 'PKN': 0.10974120617183807, 'KGH': 0.09872316521422282, 'PZU': 0.09340826179559365, 'PEO': 0.08703710130090964, 'DNP': 0.07807409849434566, 'LPP': 0.057762296610867944, 'ALE': 0.05523443701714737, 'CDR': 0.04526506196563586, 'SPL': 0.04465559946384651, 'PGE': 0.04176227925962235, 'CPS': 0.029802933228069112, 'PCO': 0.02632075512620862, 'ACP': 0.023403576959280966, 'OPL': 0.02105573653868677, 'JSW': 0.018997445029085024, 'MBK': 0.01845955641540617, 'CCC': 0.0093403923984193}"
909,2022-06-27,109185.02334621348,2.9103830456733704e-11,"{'PKO': 0.14095609701081416, 'PKN': 0.10974120617183807, 'KGH': 0.09872316521422282, 'PZU': 0.09340826179559365, 'PEO': 0.08703710130090964, 'DNP': 0.07807409849434566, 'LPP': 0.057762296610867944, 'ALE': 0.05523443701714737, 'CDR': 0.04526506196563586, 'SPL': 0.04465559946384651, 'PGE': 0.04176227925962235, 'CPS': 0.029802933228069112, 'PCO': 0.02632075512620862, 'ACP': 0.023403576959280966, 'OPL': 0.02105573653868677, 'JSW': 0.018997445029085024, 'MBK': 0.01845955641540617, 'CCC': 0.0093403923984193}"
910,2022-06-28,110776.79942303532,2.9103830456733704e-11,"{'PKO': 0.14095609701081416, 'PKN': 0.10974120617183807, 'KGH': 0.09872316521422282, 'PZU': 0.09340826179559365, 'PEO': 0.08703710130090964, 'DNP': 0.07807409849434566, 'LPP': 0.057762296610867944, 'ALE': 0.05523443701714737, 'CDR': 0.04526506196563586, 'SPL': 0.04465559946384651, 'PGE': 0.04176227925962235, 'CPS': 0.029802933228069112, 'PCO': 0.02632075512620862, 'ACP': 0.023403576959280966, 'OPL': 0.02105573653868677, 'JSW': 0.018997445029085024, 'MBK': 0.01845955641540617, 'CCC': 0.0093403923984193}"
911,2022-06-29,110261.58935565196,2.9103830456733704e-11,"{'PKO': 0.14095609701081416, 'PKN': 0.10974120617183807, 'KGH': 0.09872316521422282, 'PZU': 0.09340826179559365, 'PEO': 0.08703710130090964, 'DNP': 0.07807409849434566, 'LPP': 0.057762296610867944, 'ALE': 0.05523443701714737, 'CDR': 0.04526506196563586, 'SPL': 0.04465559946384651, 'PGE': 0.04176227925962235, 'CPS': 0.029802933228069112, 'PCO': 0.02632075512620862, 'ACP': 0.023403576959280966, 'OPL': 0.02105573653868677, 'JSW': 0.018997445029085024, 'MBK': 0.01845955641540617, 'CCC': 0.0093403923984193}"
912,2022-06-30,108021.90228440509,2.9103830456733704e-11,"{'PKO': 0.14095609701081416, 'PKN': 0.10974120617183807, 'KGH': 0.09872316521422282, 'PZU': 0.09340826179559365, 'PEO': 0.08703710130090964, 'DNP': 0.07807409849434566, 'LPP': 0.057762296610867944, 'ALE': 0.05523443701714737, 'CDR': 0.04526506196563586, 'SPL': 0.04465559946384651, 'PGE': 0.04176227925962235, 'CPS': 0.029802933228069112, 'PCO': 0.02632075512620862, 'ACP': 0.023403576959280966, 'OPL': 0.02105573653868677, 'JSW': 0.018997445029085024, 'MBK': 0.01845955641540617, 'CCC': 0.0093403923984193}"
913,2022-07-01,107540.38495669868,2.9103830456733704e-11,"{'PKO': 0.14095609701081416, 'PKN': 0.10974120617183807, 'KGH': 0.09872316521422282, 'PZU': 0.09340826179559365, 'PEO': 0.08703710130090964, 'DNP': 0.07807409849434566, 'LPP': 0.057762296610867944, 'ALE': 0.05523443701714737, 'CDR': 0.04526506196563586, 'SPL': 0.04465559946384651, 'PGE': 0.04176227925962235, 'CPS': 0.029802933228069112, 'PCO': 0.02632075512620862, 'ACP': 0.023403576959280966, 'OPL': 0.02105573653868677, 'JSW': 0.018997445029085024, 'MBK': 0.01845955641540617, 'CCC': 0.0093403923984193}"
914,2022-07-04,107531.23930263727,2.9103830456733704e-11,"{'PKO': 0.14095609701081416, 'PKN': 0.10974120617183807, 'KGH': 0.09872316521422282, 'PZU': 0.09340826179559365, 'PEO': 0.08703710130090964, 'DNP': 0.07807409849434566, 'LPP': 0.057762296610867944, 'ALE': 0.05523443701714737, 'CDR': 0.04526506196563586, 'SPL': 0.04465559946384651, 'PGE': 0.04176227925962235, 'CPS': 0.029802933228069112, 'PCO': 0.02632075512620862, 'ACP': 0.023403576959280966, 'OPL': 0.02105573653868677, 'JSW': 0.018997445029085024, 'MBK': 0.01845955641540617, 'CCC': 0.0093403923984193}"
915,2022-07-05,104544.6289655068,2.9103830456733704e-11,"{'PKO': 0.14095609701081416, 'PKN': 0.10974120617183807, 'KGH': 0.09872316521422282, 'PZU': 0.09340826179559365, 'PEO': 0.08703710130090964, 'DNP': 0.07807409849434566, 'LPP': 0.057762296610867944, 'ALE': 0.05523443701714737, 'CDR': 0.04526506196563586, 'SPL': 0.04465559946384651, 'PGE': 0.04176227925962235, 'CPS': 0.029802933228069112, 'PCO': 0.02632075512620862, 'ACP': 0.023403576959280966, 'OPL': 0.02105573653868677, 'JSW': 0.018997445029085024, 'MBK': 0.01845955641540617, 'CCC': 0.0093403923984193}"
916,2022-07-06,105957.10591252796,2.9103830456733704e-11,"{'PKO': 0.14095609701081416, 'PKN': 0.10974120617183807, 'KGH': 0.09872316521422282, 'PZU': 0.09340826179559365, 'PEO': 0.08703710130090964, 'DNP': 0.07807409849434566, 'LPP': 0.057762296610867944, 'ALE': 0.05523443701714737, 'CDR': 0.04526506196563586, 'SPL': 0.04465559946384651, 'PGE': 0.04176227925962235, 'CPS': 0.029802933228069112, 'PCO': 0.02632075512620862, 'ACP': 0.023403576959280966, 'OPL': 0.02105573653868677, 'JSW': 0.018997445029085024, 'MBK': 0.01845955641540617, 'CCC': 0.0093403923984193}"
917,2022-07-07,109385.23475917579,2.9103830456733704e-11,"{'PKO': 0.14095609701081416, 'PKN': 0.10974120617183807, 'KGH': 0.09872316521422282, 'PZU': 0.09340826179559365, 'PEO': 0.08703710130090964, 'DNP': 0.07807409849434566, 'LPP': 0.057762296610867944, 'ALE': 0.05523443701714737, 'CDR': 0.04526506196563586, 'SPL': 0.04465559946384651, 'PGE': 0.04176227925962235, 'CPS': 0.029802933228069112, 'PCO': 0.02632075512620862, 'ACP': 0.023403576959280966, 'OPL': 0.02105573653868677, 'JSW': 0.018997445029085024, 'MBK': 0.01845955641540617, 'CCC': 0.0093403923984193}"
918,2022-07-08,111240.7453762113,2.9103830456733704e-11,"{'PKO': 0.14095609701081416, 'PKN': 0.10974120617183807, 'KGH': 0.09872316521422282, 'PZU': 0.09340826179559365, 'PEO': 0.08703710130090964, 'DNP': 0.07807409849434566, 'LPP': 0.057762296610867944, 'ALE': 0.05523443701714737, 'CDR': 0.04526506196563586, 'SPL': 0.04465559946384651, 'PGE': 0.04176227925962235, 'CPS': 0.029802933228069112, 'PCO': 0.02632075512620862, 'ACP': 0.023403576959280966, 'OPL': 0.02105573653868677, 'JSW': 0.018997445029085024, 'MBK': 0.01845955641540617, 'CCC': 0.0093403923984193}"
919,2022-07-11,109901.4577162739,2.9103830456733704e-11,"{'PKO': 0.14095609701081416, 'PKN': 0.10974120617183807, 'KGH': 0.09872316521422282, 'PZU': 0.09340826179559365, 'PEO': 0.08703710130090964, 'DNP': 0.07807409849434566, 'LPP': 0.057762296610867944, 'ALE': 0.05523443701714737, 'CDR': 0.04526506196563586, 'SPL': 0.04465559946384651, 'PGE': 0.04176227925962235, 'CPS': 0.029802933228069112, 'PCO': 0.02632075512620862, 'ACP': 0.023403576959280966, 'OPL': 0.02105573653868677, 'JSW': 0.018997445029085024, 'MBK': 0.01845955641540617, 'CCC': 0.0093403923984193}"
920,2022-07-12,106621.928760513,2.9103830456733704e-11,"{'PKO': 0.14095609701081416, 'PKN': 0.10974120617183807, 'KGH': 0.09872316521422282, 'PZU': 0.09340826179559365, 'PEO': 0.08703710130090964, 'DNP': 0.07807409849434566, 'LPP': 0.057762296610867944, 'ALE': 0.05523443701714737, 'CDR': 0.04526506196563586, 'SPL': 0.04465559946384651, 'PGE': 0.04176227925962235, 'CPS': 0.029802933228069112, 'PCO': 0.02632075512620862, 'ACP': 0.023403576959280966, 'OPL': 0.02105573653868677, 'JSW': 0.018997445029085024, 'MBK': 0.01845955641540617, 'CCC': 0.0093403923984193}"
921,2022-07-13,105770.80616688651,2.9103830456733704e-11,"{'PKO': 0.14095609701081416, 'PKN': 0.10974120617183807, 'KGH': 0.09872316521422282, 'PZU': 0.09340826179559365, 'PEO': 0.08703710130090964, 'DNP': 0.07807409849434566, 'LPP': 0.057762296610867944, 'ALE': 0.05523443701714737, 'CDR': 0.04526506196563586, 'SPL': 0.04465559946384651, 'PGE': 0.04176227925962235, 'CPS': 0.029802933228069112, 'PCO': 0.02632075512620862, 'ACP': 0.023403576959280966, 'OPL': 0.02105573653868677, 'JSW': 0.018997445029085024, 'MBK': 0.01845955641540617, 'CCC': 0.0093403923984193}"
922,2022-07-14,103156.67848953359,2.9103830456733704e-11,"{'PKO': 0.14095609701081416, 'PKN': 0.10974120617183807, 'KGH': 0.09872316521422282, 'PZU': 0.09340826179559365, 'PEO': 0.08703710130090964, 'DNP': 0.07807409849434566, 'LPP': 0.057762296610867944, 'ALE': 0.05523443701714737, 'CDR': 0.04526506196563586, 'SPL': 0.04465559946384651, 'PGE': 0.04176227925962235, 'CPS': 0.029802933228069112, 'PCO': 0.02632075512620862, 'ACP': 0.023403576959280966, 'OPL': 0.02105573653868677, 'JSW': 0.018997445029085024, 'MBK': 0.01845955641540617, 'CCC': 0.0093403923984193}"
923,2022-07-15,103566.29213499873,2.9103830456733704e-11,"{'PKO': 0.14095609701081416, 'PKN': 0.10974120617183807, 'KGH': 0.09872316521422282, 'PZU': 0.09340826179559365, 'PEO': 0.08703710130090964, 'DNP': 0.07807409849434566, 'LPP': 0.057762296610867944, 'ALE': 0.05523443701714737, 'CDR': 0.04526506196563586, 'SPL': 0.04465559946384651, 'PGE': 0.04176227925962235, 'CPS': 0.029802933228069112, 'PCO': 0.02632075512620862, 'ACP': 0.023403576959280966, 'OPL': 0.02105573653868677, 'JSW': 0.018997445029085024, 'MBK': 0.01845955641540617, 'CCC': 0.0093403923984193}"
924,2022-07-18,106539.15427844386,2.9103830456733704e-11,"{'PKO': 0.14095609701081416, 'PKN': 0.10974120617183807, 'KGH': 0.09872316521422282, 'PZU': 0.09340826179559365, 'PEO': 0.08703710130090964, 'DNP': 0.07807409849434566, 'LPP': 0.057762296610867944, 'ALE': 0.05523443701714737, 'CDR': 0.04526506196563586, 'SPL': 0.04465559946384651, 'PGE': 0.04176227925962235, 'CPS': 0.029802933228069112, 'PCO': 0.02632075512620862, 'ACP': 0.023403576959280966, 'OPL': 0.02105573653868677, 'JSW': 0.018997445029085024, 'MBK': 0.01845955641540617, 'CCC': 0.0093403923984193}"
925,2022-07-19,107105.73430787264,2.9103830456733704e-11,"{'PKO': 0.14095609701081416, 'PKN': 0.10974120617183807, 'KGH': 0.09872316521422282, 'PZU': 0.09340826179559365, 'PEO': 0.08703710130090964, 'DNP': 0.07807409849434566, 'LPP': 0.057762296610867944, 'ALE': 0.05523443701714737, 'CDR': 0.04526506196563586, 'SPL': 0.04465559946384651, 'PGE': 0.04176227925962235, 'CPS': 0.029802933228069112, 'PCO': 0.02632075512620862, 'ACP': 0.023403576959280966, 'OPL': 0.02105573653868677, 'JSW': 0.018997445029085024, 'MBK': 0.01845955641540617, 'CCC': 0.0093403923984193}"
926,2022-07-20,108212.96337996374,2.9103830456733704e-11,"{'PKO': 0.14095609701081416, 'PKN': 0.10974120617183807, 'KGH': 0.09872316521422282, 'PZU': 0.09340826179559365, 'PEO': 0.08703710130090964, 'DNP': 0.07807409849434566, 'LPP': 0.057762296610867944, 'ALE': 0.05523443701714737, 'CDR': 0.04526506196563586, 'SPL': 0.04465559946384651, 'PGE': 0.04176227925962235, 'CPS': 0.029802933228069112, 'PCO': 0.02632075512620862, 'ACP': 0.023403576959280966, 'OPL': 0.02105573653868677, 'JSW': 0.018997445029085024, 'MBK': 0.01845955641540617, 'CCC': 0.0093403923984193}"
927,2022-07-21,107465.03024315232,2.9103830456733704e-11,"{'PKO': 0.14095609701081416, 'PKN': 0.10974120617183807, 'KGH': 0.09872316521422282, 'PZU': 0.09340826179559365, 'PEO': 0.08703710130090964, 'DNP': 0.07807409849434566, 'LPP': 0.057762296610867944, 'ALE': 0.05523443701714737, 'CDR': 0.04526506196563586, 'SPL': 0.04465559946384651, 'PGE': 0.04176227925962235, 'CPS': 0.029802933228069112, 'PCO': 0.02632075512620862, 'ACP': 0.023403576959280966, 'OPL': 0.02105573653868677, 'JSW': 0.018997445029085024, 'MBK': 0.01845955641540617, 'CCC': 0.0093403923984193}"
928,2022-07-22,108529.70219704471,2.9103830456733704e-11,"{'PKO': 0.14095609701081416, 'PKN': 0.10974120617183807, 'KGH': 0.09872316521422282, 'PZU': 0.09340826179559365, 'PEO': 0.08703710130090964, 'DNP': 0.07807409849434566, 'LPP': 0.057762296610867944, 'ALE': 0.05523443701714737, 'CDR': 0.04526506196563586, 'SPL': 0.04465559946384651, 'PGE': 0.04176227925962235, 'CPS': 0.029802933228069112, 'PCO': 0.02632075512620862, 'ACP': 0.023403576959280966, 'OPL': 0.02105573653868677, 'JSW': 0.018997445029085024, 'MBK': 0.01845955641540617, 'CCC': 0.0093403923984193}"
929,2022-07-25,107273.61194833135,2.9103830456733704e-11,"{'PKO': 0.14095609701081416, 'PKN': 0.10974120617183807, 'KGH': 0.09872316521422282, 'PZU': 0.09340826179559365, 'PEO': 0.08703710130090964, 'DNP': 0.07807409849434566, 'LPP': 0.057762296610867944, 'ALE': 0.05523443701714737, 'CDR': 0.04526506196563586, 'SPL': 0.04465559946384651, 'PGE': 0.04176227925962235, 'CPS': 0.029802933228069112, 'PCO': 0.02632075512620862, 'ACP': 0.023403576959280966, 'OPL': 0.02105573653868677, 'JSW': 0.018997445029085024, 'MBK': 0.01845955641540617, 'CCC': 0.0093403923984193}"
930,2022-07-26,105582.28812727433,2.9103830456733704e-11,"{'PKO': 0.14095609701081416, 'PKN': 0.10974120617183807, 'KGH': 0.09872316521422282, 'PZU': 0.09340826179559365, 'PEO': 0.08703710130090964, 'DNP': 0.07807409849434566, 'LPP': 0.057762296610867944, 'ALE': 0.05523443701714737, 'CDR': 0.04526506196563586, 'SPL': 0.04465559946384651, 'PGE': 0.04176227925962235, 'CPS': 0.029802933228069112, 'PCO': 0.02632075512620862, 'ACP': 0.023403576959280966, 'OPL': 0.02105573653868677, 'JSW': 0.018997445029085024, 'MBK': 0.01845955641540617, 'CCC': 0.0093403923984193}"
931,2022-07-27,105296.56575161841,2.9103830456733704e-11,"{'PKO': 0.14095609701081416, 'PKN': 0.10974120617183807, 'KGH': 0.09872316521422282, 'PZU': 0.09340826179559365, 'PEO': 0.08703710130090964, 'DNP': 0.07807409849434566, 'LPP': 0.057762296610867944, 'ALE': 0.05523443701714737, 'CDR': 0.04526506196563586, 'SPL': 0.04465559946384651, 'PGE': 0.04176227925962235, 'CPS': 0.029802933228069112, 'PCO': 0.02632075512620862, 'ACP': 0.023403576959280966, 'OPL': 0.02105573653868677, 'JSW': 0.018997445029085024, 'MBK': 0.01845955641540617, 'CCC': 0.0093403923984193}"
932,2022-07-28,106478.51015603772,2.9103830456733704e-11,"{'PKO': 0.14095609701081416, 'PKN': 0.10974120617183807, 'KGH': 0.09872316521422282, 'PZU': 0.09340826179559365, 'PEO': 0.08703710130090964, 'DNP': 0.07807409849434566, 'LPP': 0.057762296610867944, 'ALE': 0.05523443701714737, 'CDR': 0.04526506196563586, 'SPL': 0.04465559946384651, 'PGE': 0.04176227925962235, 'CPS': 0.029802933228069112, 'PCO': 0.02632075512620862, 'ACP': 0.023403576959280966, 'OPL': 0.02105573653868677, 'JSW': 0.018997445029085024, 'MBK': 0.01845955641540617, 'CCC': 0.0093403923984193}"
933,2022-07-29,109367.72830778742,2.9103830456733704e-11,"{'PKO': 0.14095609701081416, 'PKN': 0.10974120617183807, 'KGH': 0.09872316521422282, 'PZU': 0.09340826179559365, 'PEO': 0.08703710130090964, 'DNP': 0.07807409849434566, 'LPP': 0.057762296610867944, 'ALE': 0.05523443701714737, 'CDR': 0.04526506196563586, 'SPL': 0.04465559946384651, 'PGE': 0.04176227925962235, 'CPS': 0.029802933228069112, 'PCO': 0.02632075512620862, 'ACP': 0.023403576959280966, 'OPL': 0.02105573653868677, 'JSW': 0.018997445029085024, 'MBK': 0.01845955641540617, 'CCC': 0.0093403923984193}"
934,2022-08-01,110451.29225768389,2.9103830456733704e-11,"{'PKO': 0.14095609701081416, 'PKN': 0.10974120617183807, 'KGH': 0.09872316521422282, 'PZU': 0.09340826179559365, 'PEO': 0.08703710130090964, 'DNP': 0.07807409849434566, 'LPP': 0.057762296610867944, 'ALE': 0.05523443701714737, 'CDR': 0.04526506196563586, 'SPL': 0.04465559946384651, 'PGE': 0.04176227925962235, 'CPS': 0.029802933228069112, 'PCO': 0.02632075512620862, 'ACP': 0.023403576959280966, 'OPL': 0.02105573653868677, 'JSW': 0.018997445029085024, 'MBK': 0.01845955641540617, 'CCC': 0.0093403923984193}"
935,2022-08-02,108903.99206004402,2.9103830456733704e-11,"{'PKO': 0.14095609701081416, 'PKN': 0.10974120617183807, 'KGH': 0.09872316521422282, 'PZU': 0.09340826179559365, 'PEO': 0.08703710130090964, 'DNP': 0.07807409849434566, 'LPP': 0.057762296610867944, 'ALE': 0.05523443701714737, 'CDR': 0.04526506196563586, 'SPL': 0.04465559946384651, 'PGE': 0.04176227925962235, 'CPS': 0.029802933228069112, 'PCO': 0.02632075512620862, 'ACP': 0.023403576959280966, 'OPL': 0.02105573653868677, 'JSW': 0.018997445029085024, 'MBK': 0.01845955641540617, 'CCC': 0.0093403923984193}"
936,2022-08-03,108217.16555963663,2.9103830456733704e-11,"{'PKO': 0.14095609701081416, 'PKN': 0.10974120617183807, 'KGH': 0.09872316521422282, 'PZU': 0.09340826179559365, 'PEO': 0.08703710130090964, 'DNP': 0.07807409849434566, 'LPP': 0.057762296610867944, 'ALE': 0.05523443701714737, 'CDR': 0.04526506196563586, 'SPL': 0.04465559946384651, 'PGE': 0.04176227925962235, 'CPS': 0.029802933228069112, 'PCO': 0.02632075512620862, 'ACP': 0.023403576959280966, 'OPL': 0.02105573653868677, 'JSW': 0.018997445029085024, 'MBK': 0.01845955641540617, 'CCC': 0.0093403923984193}"
937,2022-08-04,107380.87726811042,2.9103830456733704e-11,"{'PKO': 0.14095609701081416, 'PKN': 0.10974120617183807, 'KGH': 0.09872316521422282, 'PZU': 0.09340826179559365, 'PEO': 0.08703710130090964, 'DNP': 0.07807409849434566, 'LPP': 0.057762296610867944, 'ALE': 0.05523443701714737, 'CDR': 0.04526506196563586, 'SPL': 0.04465559946384651, 'PGE': 0.04176227925962235, 'CPS': 0.029802933228069112, 'PCO': 0.02632075512620862, 'ACP': 0.023403576959280966, 'OPL': 0.02105573653868677, 'JSW': 0.018997445029085024, 'MBK': 0.01845955641540617, 'CCC': 0.0093403923984193}"
938,2022-08-05,106121.96121426091,2.9103830456733704e-11,"{'PKO': 0.14095609701081416, 'PKN': 0.10974120617183807, 'KGH': 0.09872316521422282, 'PZU': 0.09340826179559365, 'PEO': 0.08703710130090964, 'DNP': 0.07807409849434566, 'LPP': 0.057762296610867944, 'ALE': 0.05523443701714737, 'CDR': 0.04526506196563586, 'SPL': 0.04465559946384651, 'PGE': 0.04176227925962235, 'CPS': 0.029802933228069112, 'PCO': 0.02632075512620862, 'ACP': 0.023403576959280966, 'OPL': 0.02105573653868677, 'JSW': 0.018997445029085024, 'MBK': 0.01845955641540617, 'CCC': 0.0093403923984193}"
939,2022-08-08,109015.392568668,2.9103830456733704e-11,"{'PKO': 0.14095609701081416, 'PKN': 0.10974120617183807, 'KGH': 0.09872316521422282, 'PZU': 0.09340826179559365, 'PEO': 0.08703710130090964, 'DNP': 0.07807409849434566, 'LPP': 0.057762296610867944, 'ALE': 0.05523443701714737, 'CDR': 0.04526506196563586, 'SPL': 0.04465559946384651, 'PGE': 0.04176227925962235, 'CPS': 0.029802933228069112, 'PCO': 0.02632075512620862, 'ACP': 0.023403576959280966, 'OPL': 0.02105573653868677, 'JSW': 0.018997445029085024, 'MBK': 0.01845955641540617, 'CCC': 0.0093403923984193}"
940,2022-08-09,108224.63348639457,2.9103830456733704e-11,"{'PKO': 0.14095609701081416, 'PKN': 0.10974120617183807, 'KGH': 0.09872316521422282, 'PZU': 0.09340826179559365, 'PEO': 0.08703710130090964, 'DNP': 0.07807409849434566, 'LPP': 0.057762296610867944, 'ALE': 0.05523443701714737, 'CDR': 0.04526506196563586, 'SPL': 0.04465559946384651, 'PGE': 0.04176227925962235, 'CPS': 0.029802933228069112, 'PCO': 0.02632075512620862, 'ACP': 0.023403576959280966, 'OPL': 0.02105573653868677, 'JSW': 0.018997445029085024, 'MBK': 0.01845955641540617, 'CCC': 0.0093403923984193}"
941,2022-08-10,108905.55058644796,2.9103830456733704e-11,"{'PKO': 0.14095609701081416, 'PKN': 0.10974120617183807, 'KGH': 0.09872316521422282, 'PZU': 0.09340826179559365, 'PEO': 0.08703710130090964, 'DNP': 0.07807409849434566, 'LPP': 0.057762296610867944, 'ALE': 0.05523443701714737, 'CDR': 0.04526506196563586, 'SPL': 0.04465559946384651, 'PGE': 0.04176227925962235, 'CPS': 0.029802933228069112, 'PCO': 0.02632075512620862, 'ACP': 0.023403576959280966, 'OPL': 0.02105573653868677, 'JSW': 0.018997445029085024, 'MBK': 0.01845955641540617, 'CCC': 0.0093403923984193}"
942,2022-08-11,110945.99631292181,2.9103830456733704e-11,"{'PKO': 0.14095609701081416, 'PKN': 0.10974120617183807, 'KGH': 0.09872316521422282, 'PZU': 0.09340826179559365, 'PEO': 0.08703710130090964, 'DNP': 0.07807409849434566, 'LPP': 0.057762296610867944, 'ALE': 0.05523443701714737, 'CDR': 0.04526506196563586, 'SPL': 0.04465559946384651, 'PGE': 0.04176227925962235, 'CPS': 0.029802933228069112, 'PCO': 0.02632075512620862, 'ACP': 0.023403576959280966, 'OPL': 0.02105573653868677, 'JSW': 0.018997445029085024, 'MBK': 0.01845955641540617, 'CCC': 0.0093403923984193}"
943,2022-08-12,111551.80468768455,2.9103830456733704e-11,"{'PKO': 0.14095609701081416, 'PKN': 0.10974120617183807, 'KGH': 0.09872316521422282, 'PZU': 0.09340826179559365, 'PEO': 0.08703710130090964, 'DNP': 0.07807409849434566, 'LPP': 0.057762296610867944, 'ALE': 0.05523443701714737, 'CDR': 0.04526506196563586, 'SPL': 0.04465559946384651, 'PGE': 0.04176227925962235, 'CPS': 0.029802933228069112, 'PCO': 0.02632075512620862, 'ACP': 0.023403576959280966, 'OPL': 0.02105573653868677, 'JSW': 0.018997445029085024, 'MBK': 0.01845955641540617, 'CCC': 0.0093403923984193}"
944,2022-08-15,111551.80468768455,2.9103830456733704e-11,"{'PKO': 0.14095609701081416, 'PKN': 0.10974120617183807, 'KGH': 0.09872316521422282, 'PZU': 0.09340826179559365, 'PEO': 0.08703710130090964, 'DNP': 0.07807409849434566, 'LPP': 0.057762296610867944, 'ALE': 0.05523443701714737, 'CDR': 0.04526506196563586, 'SPL': 0.04465559946384651, 'PGE': 0.04176227925962235, 'CPS': 0.029802933228069112, 'PCO': 0.02632075512620862, 'ACP': 0.023403576959280966, 'OPL': 0.02105573653868677, 'JSW': 0.018997445029085024, 'MBK': 0.01845955641540617, 'CCC': 0.0093403923984193}"
945,2022-08-16,111728.12091700446,2.9103830456733704e-11,"{'PKO': 0.14095609701081416, 'PKN': 0.10974120617183807, 'KGH': 0.09872316521422282, 'PZU': 0.09340826179559365, 'PEO': 0.08703710130090964, 'DNP': 0.07807409849434566, 'LPP': 0.057762296610867944, 'ALE': 0.05523443701714737, 'CDR': 0.04526506196563586, 'SPL': 0.04465559946384651, 'PGE': 0.04176227925962235, 'CPS': 0.029802933228069112, 'PCO': 0.02632075512620862, 'ACP': 0.023403576959280966, 'OPL': 0.02105573653868677, 'JSW': 0.018997445029085024, 'MBK': 0.01845955641540617, 'CCC': 0.0093403923984193}"
946,2022-08-17,108279.44075221481,2.9103830456733704e-11,"{'PKO': 0.14095609701081416, 'PKN': 0.10974120617183807, 'KGH': 0.09872316521422282, 'PZU': 0.09340826179559365, 'PEO': 0.08703710130090964, 'DNP': 0.07807409849434566, 'LPP': 0.057762296610867944, 'ALE': 0.05523443701714737, 'CDR': 0.04526506196563586, 'SPL': 0.04465559946384651, 'PGE': 0.04176227925962235, 'CPS': 0.029802933228069112, 'PCO': 0.02632075512620862, 'ACP': 0.023403576959280966, 'OPL': 0.02105573653868677, 'JSW': 0.018997445029085024, 'MBK': 0.01845955641540617, 'CCC': 0.0093403923984193}"
947,2022-08-18,109375.549959217,2.9103830456733704e-11,"{'PKO': 0.14095609701081416, 'PKN': 0.10974120617183807, 'KGH': 0.09872316521422282, 'PZU': 0.09340826179559365, 'PEO': 0.08703710130090964, 'DNP': 0.07807409849434566, 'LPP': 0.057762296610867944, 'ALE': 0.05523443701714737, 'CDR': 0.04526506196563586, 'SPL': 0.04465559946384651, 'PGE': 0.04176227925962235, 'CPS': 0.029802933228069112, 'PCO': 0.02632075512620862, 'ACP': 0.023403576959280966, 'OPL': 0.02105573653868677, 'JSW': 0.018997445029085024, 'MBK': 0.01845955641540617, 'CCC': 0.0093403923984193}"
948,2022-08-19,107595.10114055697,2.9103830456733704e-11,"{'PKO': 0.14095609701081416, 'PKN': 0.10974120617183807, 'KGH': 0.09872316521422282, 'PZU': 0.09340826179559365, 'PEO': 0.08703710130090964, 'DNP': 0.07807409849434566, 'LPP': 0.057762296610867944, 'ALE': 0.05523443701714737, 'CDR': 0.04526506196563586, 'SPL': 0.04465559946384651, 'PGE': 0.04176227925962235, 'CPS': 0.029802933228069112, 'PCO': 0.02632075512620862, 'ACP': 0.023403576959280966, 'OPL': 0.02105573653868677, 'JSW': 0.018997445029085024, 'MBK': 0.01845955641540617, 'CCC': 0.0093403923984193}"
949,2022-08-22,105535.48316714705,2.9103830456733704e-11,"{'PKO': 0.14095609701081416, 'PKN': 0.10974120617183807, 'KGH': 0.09872316521422282, 'PZU': 0.09340826179559365, 'PEO': 0.08703710130090964, 'DNP': 0.07807409849434566, 'LPP': 0.057762296610867944, 'ALE': 0.05523443701714737, 'CDR': 0.04526506196563586, 'SPL': 0.04465559946384651, 'PGE': 0.04176227925962235, 'CPS': 0.029802933228069112, 'PCO': 0.02632075512620862, 'ACP': 0.023403576959280966, 'OPL': 0.02105573653868677, 'JSW': 0.018997445029085024, 'MBK': 0.01845955641540617, 'CCC': 0.0093403923984193}"
950,2022-08-23,106282.0055372463,2.9103830456733704e-11,"{'PKO': 0.14095609701081416, 'PKN': 0.10974120617183807, 'KGH': 0.09872316521422282, 'PZU': 0.09340826179559365, 'PEO': 0.08703710130090964, 'DNP': 0.07807409849434566, 'LPP': 0.057762296610867944, 'ALE': 0.05523443701714737, 'CDR': 0.04526506196563586, 'SPL': 0.04465559946384651, 'PGE': 0.04176227925962235, 'CPS': 0.029802933228069112, 'PCO': 0.02632075512620862, 'ACP': 0.023403576959280966, 'OPL': 0.02105573653868677, 'JSW': 0.018997445029085024, 'MBK': 0.01845955641540617, 'CCC': 0.0093403923984193}"
951,2022-08-24,104038.9343768712,2.9103830456733704e-11,"{'PKO': 0.14095609701081416, 'PKN': 0.10974120617183807, 'KGH': 0.09872316521422282, 'PZU': 0.09340826179559365, 'PEO': 0.08703710130090964, 'DNP': 0.07807409849434566, 'LPP': 0.057762296610867944, 'ALE': 0.05523443701714737, 'CDR': 0.04526506196563586, 'SPL': 0.04465559946384651, 'PGE': 0.04176227925962235, 'CPS': 0.029802933228069112, 'PCO': 0.02632075512620862, 'ACP': 0.023403576959280966, 'OPL': 0.02105573653868677, 'JSW': 0.018997445029085024, 'MBK': 0.01845955641540617, 'CCC': 0.0093403923984193}"
952,2022-08-25,105194.71738646511,2.9103830456733704e-11,"{'PKO': 0.14095609701081416, 'PKN': 0.10974120617183807, 'KGH': 0.09872316521422282, 'PZU': 0.09340826179559365, 'PEO': 0.08703710130090964, 'DNP': 0.07807409849434566, 'LPP': 0.057762296610867944, 'ALE': 0.05523443701714737, 'CDR': 0.04526506196563586, 'SPL': 0.04465559946384651, 'PGE': 0.04176227925962235, 'CPS': 0.029802933228069112, 'PCO': 0.02632075512620862, 'ACP': 0.023403576959280966, 'OPL': 0.02105573653868677, 'JSW': 0.018997445029085024, 'MBK': 0.01845955641540617, 'CCC': 0.0093403923984193}"
953,2022-08-26,103457.06087717079,2.9103830456733704e-11,"{'PKO': 0.14095609701081416, 'PKN': 0.10974120617183807, 'KGH': 0.09872316521422282, 'PZU': 0.09340826179559365, 'PEO': 0.08703710130090964, 'DNP': 0.07807409849434566, 'LPP': 0.057762296610867944, 'ALE': 0.05523443701714737, 'CDR': 0.04526506196563586, 'SPL': 0.04465559946384651, 'PGE': 0.04176227925962235, 'CPS': 0.029802933228069112, 'PCO': 0.02632075512620862, 'ACP': 0.023403576959280966, 'OPL': 0.02105573653868677, 'JSW': 0.018997445029085024, 'MBK': 0.01845955641540617, 'CCC': 0.0093403923984193}"
954,2022-08-29,101135.64265595004,2.9103830456733704e-11,"{'PKO': 0.14095609701081416, 'PKN': 0.10974120617183807, 'KGH': 0.09872316521422282, 'PZU': 0.09340826179559365, 'PEO': 0.08703710130090964, 'DNP': 0.07807409849434566, 'LPP': 0.057762296610867944, 'ALE': 0.05523443701714737, 'CDR': 0.04526506196563586, 'SPL': 0.04465559946384651, 'PGE': 0.04176227925962235, 'CPS': 0.029802933228069112, 'PCO': 0.02632075512620862, 'ACP': 0.023403576959280966, 'OPL': 0.02105573653868677, 'JSW': 0.018997445029085024, 'MBK': 0.01845955641540617, 'CCC': 0.0093403923984193}"
955,2022-08-30,98945.46815102744,2.9103830456733704e-11,"{'PKO': 0.14095609701081416, 'PKN': 0.10974120617183807, 'KGH': 0.09872316521422282, 'PZU': 0.09340826179559365, 'PEO': 0.08703710130090964, 'DNP': 0.07807409849434566, 'LPP': 0.057762296610867944, 'ALE': 0.05523443701714737, 'CDR': 0.04526506196563586, 'SPL': 0.04465559946384651, 'PGE': 0.04176227925962235, 'CPS': 0.029802933228069112, 'PCO': 0.02632075512620862, 'ACP': 0.023403576959280966, 'OPL': 0.02105573653868677, 'JSW': 0.018997445029085024, 'MBK': 0.01845955641540617, 'CCC': 0.0093403923984193}"
956,2022-08-31,98524.82535142046,2.9103830456733704e-11,"{'PKO': 0.14095609701081416, 'PKN': 0.10974120617183807, 'KGH': 0.09872316521422282, 'PZU': 0.09340826179559365, 'PEO': 0.08703710130090964, 'DNP': 0.07807409849434566, 'LPP': 0.057762296610867944, 'ALE': 0.05523443701714737, 'CDR': 0.04526506196563586, 'SPL': 0.04465559946384651, 'PGE': 0.04176227925962235, 'CPS': 0.029802933228069112, 'PCO': 0.02632075512620862, 'ACP': 0.023403576959280966, 'OPL': 0.02105573653868677, 'JSW': 0.018997445029085024, 'MBK': 0.01845955641540617, 'CCC': 0.0093403923984193}"
957,2022-09-01,94401.65941801413,2.9103830456733704e-11,"{'PKO': 0.14095609701081416, 'PKN': 0.10974120617183807, 'KGH': 0.09872316521422282, 'PZU': 0.09340826179559365, 'PEO': 0.08703710130090964, 'DNP': 0.07807409849434566, 'LPP': 0.057762296610867944, 'ALE': 0.05523443701714737, 'CDR': 0.04526506196563586, 'SPL': 0.04465559946384651, 'PGE': 0.04176227925962235, 'CPS': 0.029802933228069112, 'PCO': 0.02632075512620862, 'ACP': 0.023403576959280966, 'OPL': 0.02105573653868677, 'JSW': 0.018997445029085024, 'MBK': 0.01845955641540617, 'CCC': 0.0093403923984193}"
958,2022-09-02,97135.00851184584,2.9103830456733704e-11,"{'PKO': 0.14095609701081416, 'PKN': 0.10974120617183807, 'KGH': 0.09872316521422282, 'PZU': 0.09340826179559365, 'PEO': 0.08703710130090964, 'DNP': 0.07807409849434566, 'LPP': 0.057762296610867944, 'ALE': 0.05523443701714737, 'CDR': 0.04526506196563586, 'SPL': 0.04465559946384651, 'PGE': 0.04176227925962235, 'CPS': 0.029802933228069112, 'PCO': 0.02632075512620862, 'ACP': 0.023403576959280966, 'OPL': 0.02105573653868677, 'JSW': 0.018997445029085024, 'MBK': 0.01845955641540617, 'CCC': 0.0093403923984193}"
959,2022-09-05,96124.75982668775,2.9103830456733704e-11,"{'PKO': 0.14095609701081416, 'PKN': 0.10974120617183807, 'KGH': 0.09872316521422282, 'PZU': 0.09340826179559365, 'PEO': 0.08703710130090964, 'DNP': 0.07807409849434566, 'LPP': 0.057762296610867944, 'ALE': 0.05523443701714737, 'CDR': 0.04526506196563586, 'SPL': 0.04465559946384651, 'PGE': 0.04176227925962235, 'CPS': 0.029802933228069112, 'PCO': 0.02632075512620862, 'ACP': 0.023403576959280966, 'OPL': 0.02105573653868677, 'JSW': 0.018997445029085024, 'MBK': 0.01845955641540617, 'CCC': 0.0093403923984193}"
960,2022-09-06,93909.48367139506,2.9103830456733704e-11,"{'PKO': 0.14095609701081416, 'PKN': 0.10974120617183807, 'KGH': 0.09872316521422282, 'PZU': 0.09340826179559365, 'PEO': 0.08703710130090964, 'DNP': 0.07807409849434566, 'LPP': 0.057762296610867944, 'ALE': 0.05523443701714737, 'CDR': 0.04526506196563586, 'SPL': 0.04465559946384651, 'PGE': 0.04176227925962235, 'CPS': 0.029802933228069112, 'PCO': 0.02632075512620862, 'ACP': 0.023403576959280966, 'OPL': 0.02105573653868677, 'JSW': 0.018997445029085024, 'MBK': 0.01845955641540617, 'CCC': 0.0093403923984193}"
961,2022-09-07,94907.80902953776,2.9103830456733704e-11,"{'PKO': 0.14095609701081416, 'PKN': 0.10974120617183807, 'KGH': 0.09872316521422282, 'PZU': 0.09340826179559365, 'PEO': 0.08703710130090964, 'DNP': 0.07807409849434566, 'LPP': 0.057762296610867944, 'ALE': 0.05523443701714737, 'CDR': 0.04526506196563586, 'SPL': 0.04465559946384651, 'PGE': 0.04176227925962235, 'CPS': 0.029802933228069112, 'PCO': 0.02632075512620862, 'ACP': 0.023403576959280966, 'OPL': 0.02105573653868677, 'JSW': 0.018997445029085024, 'MBK': 0.01845955641540617, 'CCC': 0.0093403923984193}"
962,2022-09-08,95775.71265144763,2.9103830456733704e-11,"{'PKO': 0.14095609701081416, 'PKN': 0.10974120617183807, 'KGH': 0.09872316521422282, 'PZU': 0.09340826179559365, 'PEO': 0.08703710130090964, 'DNP': 0.07807409849434566, 'LPP': 0.057762296610867944, 'ALE': 0.05523443701714737, 'CDR': 0.04526506196563586, 'SPL': 0.04465559946384651, 'PGE': 0.04176227925962235, 'CPS': 0.029802933228069112, 'PCO': 0.02632075512620862, 'ACP': 0.023403576959280966, 'OPL': 0.02105573653868677, 'JSW': 0.018997445029085024, 'MBK': 0.01845955641540617, 'CCC': 0.0093403923984193}"
963,2022-09-09,99875.91459762203,2.9103830456733704e-11,"{'PKO': 0.14095609701081416, 'PKN': 0.10974120617183807, 'KGH': 0.09872316521422282, 'PZU': 0.09340826179559365, 'PEO': 0.08703710130090964, 'DNP': 0.07807409849434566, 'LPP': 0.057762296610867944, 'ALE': 0.05523443701714737, 'CDR': 0.04526506196563586, 'SPL': 0.04465559946384651, 'PGE': 0.04176227925962235, 'CPS': 0.029802933228069112, 'PCO': 0.02632075512620862, 'ACP': 0.023403576959280966, 'OPL': 0.02105573653868677, 'JSW': 0.018997445029085024, 'MBK': 0.01845955641540617, 'CCC': 0.0093403923984193}"
964,2022-09-12,101697.84092222435,2.9103830456733704e-11,"{'PKO': 0.14095609701081416, 'PKN': 0.10974120617183807, 'KGH': 0.09872316521422282, 'PZU': 0.09340826179559365, 'PEO': 0.08703710130090964, 'DNP': 0.07807409849434566, 'LPP': 0.057762296610867944, 'ALE': 0.05523443701714737, 'CDR': 0.04526506196563586, 'SPL': 0.04465559946384651, 'PGE': 0.04176227925962235, 'CPS': 0.029802933228069112, 'PCO': 0.02632075512620862, 'ACP': 0.023403576959280966, 'OPL': 0.02105573653868677, 'JSW': 0.018997445029085024, 'MBK': 0.01845955641540617, 'CCC': 0.0093403923984193}"
965,2022-09-13,98993.97216670413,2.9103830456733704e-11,"{'PKO': 0.14095609701081416, 'PKN': 0.10974120617183807, 'KGH': 0.09872316521422282, 'PZU': 0.09340826179559365, 'PEO': 0.08703710130090964, 'DNP': 0.07807409849434566, 'LPP': 0.057762296610867944, 'ALE': 0.05523443701714737, 'CDR': 0.04526506196563586, 'SPL': 0.04465559946384651, 'PGE': 0.04176227925962235, 'CPS': 0.029802933228069112, 'PCO': 0.02632075512620862, 'ACP': 0.023403576959280966, 'OPL': 0.02105573653868677, 'JSW': 0.018997445029085024, 'MBK': 0.01845955641540617, 'CCC': 0.0093403923984193}"
966,2022-09-14,99545.88212115513,2.9103830456733704e-11,"{'PKO': 0.14095609701081416, 'PKN': 0.10974120617183807, 'KGH': 0.09872316521422282, 'PZU': 0.09340826179559365, 'PEO': 0.08703710130090964, 'DNP': 0.07807409849434566, 'LPP': 0.057762296610867944, 'ALE': 0.05523443701714737, 'CDR': 0.04526506196563586, 'SPL': 0.04465559946384651, 'PGE': 0.04176227925962235, 'CPS': 0.029802933228069112, 'PCO': 0.02632075512620862, 'ACP': 0.023403576959280966, 'OPL': 0.02105573653868677, 'JSW': 0.018997445029085024, 'MBK': 0.01845955641540617, 'CCC': 0.0093403923984193}"
967,2022-09-15,100413.75835426705,2.9103830456733704e-11,"{'PKO': 0.14095609701081416, 'PKN': 0.10974120617183807, 'KGH': 0.09872316521422282, 'PZU': 0.09340826179559365, 'PEO': 0.08703710130090964, 'DNP': 0.07807409849434566, 'LPP': 0.057762296610867944, 'ALE': 0.05523443701714737, 'CDR': 0.04526506196563586, 'SPL': 0.04465559946384651, 'PGE': 0.04176227925962235, 'CPS': 0.029802933228069112, 'PCO': 0.02632075512620862, 'ACP': 0.023403576959280966, 'OPL': 0.02105573653868677, 'JSW': 0.018997445029085024, 'MBK': 0.01845955641540617, 'CCC': 0.0093403923984193}"
968,2022-09-16,97803.37067012001,0.0,"{'PKN': 0.14959143533662267, 'PKO': 0.11525279938546472, 'PZU': 0.09342329071823811, 'DNP': 0.09210959493852537, 'KGH': 0.07539031009551465, 'PEO': 0.06901176311690943, 'ALE': 0.06202543399443711, 'LPP': 0.05507709125595647, 'SPL': 0.04362314130512774, 'PGE': 0.04186521586817881, 'CDR': 0.03409700034187746, 'KTY': 0.030049340092095877, 'CPS': 0.026778290359477815, 'PCO': 0.025141710315835678, 'ACP': 0.023559999493514883, 'OPL': 0.022028937183183005, 'MBK': 0.01730490826288266, 'JSW': 0.015085870331367891, 'CCC': 0.008583867604789661}"
969,2022-09-19,99648.23810234736,0.0,"{'PKN': 0.14959143533662267, 'PKO': 0.11525279938546472, 'PZU': 0.09342329071823811, 'DNP': 0.09210959493852537, 'KGH': 0.07539031009551465, 'PEO': 0.06901176311690943, 'ALE': 0.06202543399443711, 'LPP': 0.05507709125595647, 'SPL': 0.04362314130512774, 'PGE': 0.04186521586817881, 'CDR': 0.03409700034187746, 'KTY': 0.030049340092095877, 'CPS': 0.026778290359477815, 'PCO': 0.025141710315835678, 'ACP': 0.023559999493514883, 'OPL': 0.022028937183183005, 'MBK': 0.01730490826288266, 'JSW': 0.015085870331367891, 'CCC': 0.008583867604789661}"
970,2022-09-20,97676.03118723696,0.0,"{'PKN': 0.14959143533662267, 'PKO': 0.11525279938546472, 'PZU': 0.09342329071823811, 'DNP': 0.09210959493852537, 'KGH': 0.07539031009551465, 'PEO': 0.06901176311690943, 'ALE': 0.06202543399443711, 'LPP': 0.05507709125595647, 'SPL': 0.04362314130512774, 'PGE': 0.04186521586817881, 'CDR': 0.03409700034187746, 'KTY': 0.030049340092095877, 'CPS': 0.026778290359477815, 'PCO': 0.025141710315835678, 'ACP': 0.023559999493514883, 'OPL': 0.022028937183183005, 'MBK': 0.01730490826288266, 'JSW': 0.015085870331367891, 'CCC': 0.008583867604789661}"
971,2022-09-21,98437.90226133057,0.0,"{'PKN': 0.14959143533662267, 'PKO': 0.11525279938546472, 'PZU': 0.09342329071823811, 'DNP': 0.09210959493852537, 'KGH': 0.07539031009551465, 'PEO': 0.06901176311690943, 'ALE': 0.06202543399443711, 'LPP': 0.05507709125595647, 'SPL': 0.04362314130512774, 'PGE': 0.04186521586817881, 'CDR': 0.03409700034187746, 'KTY': 0.030049340092095877, 'CPS': 0.026778290359477815, 'PCO': 0.025141710315835678, 'ACP': 0.023559999493514883, 'OPL': 0.022028937183183005, 'MBK': 0.01730490826288266, 'JSW': 0.015085870331367891, 'CCC': 0.008583867604789661}"
972,2022-09-22,99039.51788027448,0.0,"{'PKN': 0.14959143533662267, 'PKO': 0.11525279938546472, 'PZU': 0.09342329071823811, 'DNP': 0.09210959493852537, 'KGH': 0.07539031009551465, 'PEO': 0.06901176311690943, 'ALE': 0.06202543399443711, 'LPP': 0.05507709125595647, 'SPL': 0.04362314130512774, 'PGE': 0.04186521586817881, 'CDR': 0.03409700034187746, 'KTY': 0.030049340092095877, 'CPS': 0.026778290359477815, 'PCO': 0.025141710315835678, 'ACP': 0.023559999493514883, 'OPL': 0.022028937183183005, 'MBK': 0.01730490826288266, 'JSW': 0.015085870331367891, 'CCC': 0.008583867604789661}"
973,2022-09-23,95171.64303323471,0.0,"{'PKN': 0.14959143533662267, 'PKO': 0.11525279938546472, 'PZU': 0.09342329071823811, 'DNP': 0.09210959493852537, 'KGH': 0.07539031009551465, 'PEO': 0.06901176311690943, 'ALE': 0.06202543399443711, 'LPP': 0.05507709125595647, 'SPL': 0.04362314130512774, 'PGE': 0.04186521586817881, 'CDR': 0.03409700034187746, 'KTY': 0.030049340092095877, 'CPS': 0.026778290359477815, 'PCO': 0.025141710315835678, 'ACP': 0.023559999493514883, 'OPL': 0.022028937183183005, 'MBK': 0.01730490826288266, 'JSW': 0.015085870331367891, 'CCC': 0.008583867604789661}"
974,2022-09-26,93519.20922470241,0.0,"{'PKN': 0.14959143533662267, 'PKO': 0.11525279938546472, 'PZU': 0.09342329071823811, 'DNP': 0.09210959493852537, 'KGH': 0.07539031009551465, 'PEO': 0.06901176311690943, 'ALE': 0.06202543399443711, 'LPP': 0.05507709125595647, 'SPL': 0.04362314130512774, 'PGE': 0.04186521586817881, 'CDR': 0.03409700034187746, 'KTY': 0.030049340092095877, 'CPS': 0.026778290359477815, 'PCO': 0.025141710315835678, 'ACP': 0.023559999493514883, 'OPL': 0.022028937183183005, 'MBK': 0.01730490826288266, 'JSW': 0.015085870331367891, 'CCC': 0.008583867604789661}"
975,2022-09-27,95183.85933304003,0.0,"{'PKN': 0.14959143533662267, 'PKO': 0.11525279938546472, 'PZU': 0.09342329071823811, 'DNP': 0.09210959493852537, 'KGH': 0.07539031009551465, 'PEO': 0.06901176311690943, 'ALE': 0.06202543399443711, 'LPP': 0.05507709125595647, 'SPL': 0.04362314130512774, 'PGE': 0.04186521586817881, 'CDR': 0.03409700034187746, 'KTY': 0.030049340092095877, 'CPS': 0.026778290359477815, 'PCO': 0.025141710315835678, 'ACP': 0.023559999493514883, 'OPL': 0.022028937183183005, 'MBK': 0.01730490826288266, 'JSW': 0.015085870331367891, 'CCC': 0.008583867604789661}"
976,2022-09-28,94214.69300719252,0.0,"{'PKN': 0.14959143533662267, 'PKO': 0.11525279938546472, 'PZU': 0.09342329071823811, 'DNP': 0.09210959493852537, 'KGH': 0.07539031009551465, 'PEO': 0.06901176311690943, 'ALE': 0.06202543399443711, 'LPP': 0.05507709125595647, 'SPL': 0.04362314130512774, 'PGE': 0.04186521586817881, 'CDR': 0.03409700034187746, 'KTY': 0.030049340092095877, 'CPS': 0.026778290359477815, 'PCO': 0.025141710315835678, 'ACP': 0.023559999493514883, 'OPL': 0.022028937183183005, 'MBK': 0.01730490826288266, 'JSW': 0.015085870331367891, 'CCC': 0.008583867604789661}"
977,2022-09-29,90571.08615847785,0.0,"{'PKN': 0.14959143533662267, 'PKO': 0.11525279938546472, 'PZU': 0.09342329071823811, 'DNP': 0.09210959493852537, 'KGH': 0.07539031009551465, 'PEO': 0.06901176311690943, 'ALE': 0.06202543399443711, 'LPP': 0.05507709125595647, 'SPL': 0.04362314130512774, 'PGE': 0.04186521586817881, 'CDR': 0.03409700034187746, 'KTY': 0.030049340092095877, 'CPS': 0.026778290359477815, 'PCO': 0.025141710315835678, 'ACP': 0.023559999493514883, 'OPL': 0.022028937183183005, 'MBK': 0.01730490826288266, 'JSW': 0.015085870331367891, 'CCC': 0.008583867604789661}"
978,2022-09-30,90413.89689682859,0.0,"{'PKN': 0.14959143533662267, 'PKO': 0.11525279938546472, 'PZU': 0.09342329071823811, 'DNP': 0.09210959493852537, 'KGH': 0.07539031009551465, 'PEO': 0.06901176311690943, 'ALE': 0.06202543399443711, 'LPP': 0.05507709125595647, 'SPL': 0.04362314130512774, 'PGE': 0.04186521586817881, 'CDR': 0.03409700034187746, 'KTY': 0.030049340092095877, 'CPS': 0.026778290359477815, 'PCO': 0.025141710315835678, 'ACP': 0.023559999493514883, 'OPL': 0.022028937183183005, 'MBK': 0.01730490826288266, 'JSW': 0.015085870331367891, 'CCC': 0.008583867604789661}"
979,2022-10-03,91071.83184802353,0.0,"{'PKN': 0.14959143533662267, 'PKO': 0.11525279938546472, 'PZU': 0.09342329071823811, 'DNP': 0.09210959493852537, 'KGH': 0.07539031009551465, 'PEO': 0.06901176311690943, 'ALE': 0.06202543399443711, 'LPP': 0.05507709125595647, 'SPL': 0.04362314130512774, 'PGE': 0.04186521586817881, 'CDR': 0.03409700034187746, 'KTY': 0.030049340092095877, 'CPS': 0.026778290359477815, 'PCO': 0.025141710315835678, 'ACP': 0.023559999493514883, 'OPL': 0.022028937183183005, 'MBK': 0.01730490826288266, 'JSW': 0.015085870331367891, 'CCC': 0.008583867604789661}"
980,2022-10-04,95189.19182989307,0.0,"{'PKN': 0.14959143533662267, 'PKO': 0.11525279938546472, 'PZU': 0.09342329071823811, 'DNP': 0.09210959493852537, 'KGH': 0.07539031009551465, 'PEO': 0.06901176311690943, 'ALE': 0.06202543399443711, 'LPP': 0.05507709125595647, 'SPL': 0.04362314130512774, 'PGE': 0.04186521586817881, 'CDR': 0.03409700034187746, 'KTY': 0.030049340092095877, 'CPS': 0.026778290359477815, 'PCO': 0.025141710315835678, 'ACP': 0.023559999493514883, 'OPL': 0.022028937183183005, 'MBK': 0.01730490826288266, 'JSW': 0.015085870331367891, 'CCC': 0.008583867604789661}"
981,2022-10-05,93164.4215328577,0.0,"{'PKN': 0.14959143533662267, 'PKO': 0.11525279938546472, 'PZU': 0.09342329071823811, 'DNP': 0.09210959493852537, 'KGH': 0.07539031009551465, 'PEO': 0.06901176311690943, 'ALE': 0.06202543399443711, 'LPP': 0.05507709125595647, 'SPL': 0.04362314130512774, 'PGE': 0.04186521586817881, 'CDR': 0.03409700034187746, 'KTY': 0.030049340092095877, 'CPS': 0.026778290359477815, 'PCO': 0.025141710315835678, 'ACP': 0.023559999493514883, 'OPL': 0.022028937183183005, 'MBK': 0.01730490826288266, 'JSW': 0.015085870331367891, 'CCC': 0.008583867604789661}"
982,2022-10-06,93055.91998494382,0.0,"{'PKN': 0.14959143533662267, 'PKO': 0.11525279938546472, 'PZU': 0.09342329071823811, 'DNP': 0.09210959493852537, 'KGH': 0.07539031009551465, 'PEO': 0.06901176311690943, 'ALE': 0.06202543399443711, 'LPP': 0.05507709125595647, 'SPL': 0.04362314130512774, 'PGE': 0.04186521586817881, 'CDR': 0.03409700034187746, 'KTY': 0.030049340092095877, 'CPS': 0.026778290359477815, 'PCO': 0.025141710315835678, 'ACP': 0.023559999493514883, 'OPL': 0.022028937183183005, 'MBK': 0.01730490826288266, 'JSW': 0.015085870331367891, 'CCC': 0.008583867604789661}"
983,2022-10-07,92226.10653778502,0.0,"{'PKN': 0.14959143533662267, 'PKO': 0.11525279938546472, 'PZU': 0.09342329071823811, 'DNP': 0.09210959493852537, 'KGH': 0.07539031009551465, 'PEO': 0.06901176311690943, 'ALE': 0.06202543399443711, 'LPP': 0.05507709125595647, 'SPL': 0.04362314130512774, 'PGE': 0.04186521586817881, 'CDR': 0.03409700034187746, 'KTY': 0.030049340092095877, 'CPS': 0.026778290359477815, 'PCO': 0.025141710315835678, 'ACP': 0.023559999493514883, 'OPL': 0.022028937183183005, 'MBK': 0.01730490826288266, 'JSW': 0.015085870331367891, 'CCC': 0.008583867604789661}"
984,2022-10-10,90511.00149897234,0.0,"{'PKN': 0.14959143533662267, 'PKO': 0.11525279938546472, 'PZU': 0.09342329071823811, 'DNP': 0.09210959493852537, 'KGH': 0.07539031009551465, 'PEO': 0.06901176311690943, 'ALE': 0.06202543399443711, 'LPP': 0.05507709125595647, 'SPL': 0.04362314130512774, 'PGE': 0.04186521586817881, 'CDR': 0.03409700034187746, 'KTY': 0.030049340092095877, 'CPS': 0.026778290359477815, 'PCO': 0.025141710315835678, 'ACP': 0.023559999493514883, 'OPL': 0.022028937183183005, 'MBK': 0.01730490826288266, 'JSW': 0.015085870331367891, 'CCC': 0.008583867604789661}"
985,2022-10-11,90661.71066857879,0.0,"{'PKN': 0.14959143533662267, 'PKO': 0.11525279938546472, 'PZU': 0.09342329071823811, 'DNP': 0.09210959493852537, 'KGH': 0.07539031009551465, 'PEO': 0.06901176311690943, 'ALE': 0.06202543399443711, 'LPP': 0.05507709125595647, 'SPL': 0.04362314130512774, 'PGE': 0.04186521586817881, 'CDR': 0.03409700034187746, 'KTY': 0.030049340092095877, 'CPS': 0.026778290359477815, 'PCO': 0.025141710315835678, 'ACP': 0.023559999493514883, 'OPL': 0.022028937183183005, 'MBK': 0.01730490826288266, 'JSW': 0.015085870331367891, 'CCC': 0.008583867604789661}"
986,2022-10-12,90405.87692210295,0.0,"{'PKN': 0.14959143533662267, 'PKO': 0.11525279938546472, 'PZU': 0.09342329071823811, 'DNP': 0.09210959493852537, 'KGH': 0.07539031009551465, 'PEO': 0.06901176311690943, 'ALE': 0.06202543399443711, 'LPP': 0.05507709125595647, 'SPL': 0.04362314130512774, 'PGE': 0.04186521586817881, 'CDR': 0.03409700034187746, 'KTY': 0.030049340092095877, 'CPS': 0.026778290359477815, 'PCO': 0.025141710315835678, 'ACP': 0.023559999493514883, 'OPL': 0.022028937183183005, 'MBK': 0.01730490826288266, 'JSW': 0.015085870331367891, 'CCC': 0.008583867604789661}"
987,2022-10-13,89107.25444070266,0.0,"{'PKN': 0.14959143533662267, 'PKO': 0.11525279938546472, 'PZU': 0.09342329071823811, 'DNP': 0.09210959493852537, 'KGH': 0.07539031009551465, 'PEO': 0.06901176311690943, 'ALE': 0.06202543399443711, 'LPP': 0.05507709125595647, 'SPL': 0.04362314130512774, 'PGE': 0.04186521586817881, 'CDR': 0.03409700034187746, 'KTY': 0.030049340092095877, 'CPS': 0.026778290359477815, 'PCO': 0.025141710315835678, 'ACP': 0.023559999493514883, 'OPL': 0.022028937183183005, 'MBK': 0.01730490826288266, 'JSW': 0.015085870331367891, 'CCC': 0.008583867604789661}"
988,2022-10-14,91656.64235327326,0.0,"{'PKN': 0.15036990256087412, 'DNP': 0.08316351043557092, 'LPP': 0.05609121734252986, 'PGE': 0.035778489026989914, 'KTY': 0.03011551043708432, 'PCO': 0.02416212557091937, 'ACP': 0.0221123421134553, 'JSW': 0.016339272505039196, 'SFG': 0.054736340826002, 'NTU': 0.05397833647634504, 'FFI': 0.05348846712424268, 'PBF': 0.05300730849137796, 'IZB': 0.052687752533419806, 'EQU': 0.05260221022067301, 'BST': 0.05247226741442823, 'PBG': 0.05239467734463263, 'SKL': 0.05230335409219516, 'FMG': 0.05210324053480758, 'CPI': 0.05209367494941262}"
989,2022-10-17,91285.47972007026,0.0,"{'PKN': 0.15036990256087412, 'DNP': 0.08316351043557092, 'LPP': 0.05609121734252986, 'PGE': 0.035778489026989914, 'KTY': 0.03011551043708432, 'PCO': 0.02416212557091937, 'ACP': 0.0221123421134553, 'JSW': 0.016339272505039196, 'SFG': 0.054736340826002, 'NTU': 0.05397833647634504, 'FFI': 0.05348846712424268, 'PBF': 0.05300730849137796, 'IZB': 0.052687752533419806, 'EQU': 0.05260221022067301, 'BST': 0.05247226741442823, 'PBG': 0.05239467734463263, 'SKL': 0.05230335409219516, 'FMG': 0.05210324053480758, 'CPI': 0.05209367494941262}"
990,2022-10-18,95036.55642851166,0.0,"{'PKN': 0.15036990256087412, 'DNP': 0.08316351043557092, 'LPP': 0.05609121734252986, 'PGE': 0.035778489026989914, 'KTY': 0.03011551043708432, 'PCO': 0.02416212557091937, 'ACP': 0.0221123421134553, 'JSW': 0.016339272505039196, 'SFG': 0.054736340826002, 'NTU': 0.05397833647634504, 'FFI': 0.05348846712424268, 'PBF': 0.05300730849137796, 'IZB': 0.052687752533419806, 'EQU': 0.05260221022067301, 'BST': 0.05247226741442823, 'PBG': 0.05239467734463263, 'SKL': 0.05230335409219516, 'FMG': 0.05210324053480758, 'CPI': 0.05209367494941262}"
991,2022-10-19,91818.09898785208,0.0,"{'PKN': 0.15036990256087412, 'DNP': 0.08316351043557092, 'LPP': 0.05609121734252986, 'PGE': 0.035778489026989914, 'KTY': 0.03011551043708432, 'PCO': 0.02416212557091937, 'ACP': 0.0221123421134553, 'JSW': 0.016339272505039196, 'SFG': 0.054736340826002, 'NTU': 0.05397833647634504, 'FFI': 0.05348846712424268, 'PBF': 0.05300730849137796, 'IZB': 0.052687752533419806, 'EQU': 0.05260221022067301, 'BST': 0.05247226741442823, 'PBG': 0.05239467734463263, 'SKL': 0.05230335409219516, 'FMG': 0.05210324053480758, 'CPI': 0.05209367494941262}"
992,2022-10-20,90100.8556885009,0.0,"{'PKN': 0.15036990256087412, 'DNP': 0.08316351043557092, 'LPP': 0.05609121734252986, 'PGE': 0.035778489026989914, 'KTY': 0.03011551043708432, 'PCO': 0.02416212557091937, 'ACP': 0.0221123421134553, 'JSW': 0.016339272505039196, 'SFG': 0.054736340826002, 'NTU': 0.05397833647634504, 'FFI': 0.05348846712424268, 'PBF': 0.05300730849137796, 'IZB': 0.052687752533419806, 'EQU': 0.05260221022067301, 'BST': 0.05247226741442823, 'PBG': 0.05239467734463263, 'SKL': 0.05230335409219516, 'FMG': 0.05210324053480758, 'CPI': 0.05209367494941262}"
993,2022-10-21,90105.46060586507,0.0,"{'PKN': 0.15036990256087412, 'DNP': 0.08316351043557092, 'LPP': 0.05609121734252986, 'PGE': 0.035778489026989914, 'KTY': 0.03011551043708432, 'PCO': 0.02416212557091937, 'ACP': 0.0221123421134553, 'JSW': 0.016339272505039196, 'SFG': 0.054736340826002, 'NTU': 0.05397833647634504, 'FFI': 0.05348846712424268, 'PBF': 0.05300730849137796, 'IZB': 0.052687752533419806, 'EQU': 0.05260221022067301, 'BST': 0.05247226741442823, 'PBG': 0.05239467734463263, 'SKL': 0.05230335409219516, 'FMG': 0.05210324053480758, 'CPI': 0.05209367494941262}"
994,2022-10-24,91676.46637336281,0.0,"{'PKN': 0.15036990256087412, 'DNP': 0.08316351043557092, 'LPP': 0.05609121734252986, 'PGE': 0.035778489026989914, 'KTY': 0.03011551043708432, 'PCO': 0.02416212557091937, 'ACP': 0.0221123421134553, 'JSW': 0.016339272505039196, 'SFG': 0.054736340826002, 'NTU': 0.05397833647634504, 'FFI': 0.05348846712424268, 'PBF': 0.05300730849137796, 'IZB': 0.052687752533419806, 'EQU': 0.05260221022067301, 'BST': 0.05247226741442823, 'PBG': 0.05239467734463263, 'SKL': 0.05230335409219516, 'FMG': 0.05210324053480758, 'CPI': 0.05209367494941262}"
995,2022-10-25,93399.67135932484,0.0,"{'PKN': 0.15036990256087412, 'DNP': 0.08316351043557092, 'LPP': 0.05609121734252986, 'PGE': 0.035778489026989914, 'KTY': 0.03011551043708432, 'PCO': 0.02416212557091937, 'ACP': 0.0221123421134553, 'JSW': 0.016339272505039196, 'SFG': 0.054736340826002, 'NTU': 0.05397833647634504, 'FFI': 0.05348846712424268, 'PBF': 0.05300730849137796, 'IZB': 0.052687752533419806, 'EQU': 0.05260221022067301, 'BST': 0.05247226741442823, 'PBG': 0.05239467734463263, 'SKL': 0.05230335409219516, 'FMG': 0.05210324053480758, 'CPI': 0.05209367494941262}"
996,2022-10-26,97148.60469159989,0.0,"{'PKN': 0.15036990256087412, 'DNP': 0.08316351043557092, 'LPP': 0.05609121734252986, 'PGE': 0.035778489026989914, 'KTY': 0.03011551043708432, 'PCO': 0.02416212557091937, 'ACP': 0.0221123421134553, 'JSW': 0.016339272505039196, 'SFG': 0.054736340826002, 'NTU': 0.05397833647634504, 'FFI': 0.05348846712424268, 'PBF': 0.05300730849137796, 'IZB': 0.052687752533419806, 'EQU': 0.05260221022067301, 'BST': 0.05247226741442823, 'PBG': 0.05239467734463263, 'SKL': 0.05230335409219516, 'FMG': 0.05210324053480758, 'CPI': 0.05209367494941262}"
997,2022-10-27,98635.5448175878,0.0,"{'PKN': 0.15036990256087412, 'DNP': 0.08316351043557092, 'LPP': 0.05609121734252986, 'PGE': 0.035778489026989914, 'KTY': 0.03011551043708432, 'PCO': 0.02416212557091937, 'ACP': 0.0221123421134553, 'JSW': 0.016339272505039196, 'SFG': 0.054736340826002, 'NTU': 0.05397833647634504, 'FFI': 0.05348846712424268, 'PBF': 0.05300730849137796, 'IZB': 0.052687752533419806, 'EQU': 0.05260221022067301, 'BST': 0.05247226741442823, 'PBG': 0.05239467734463263, 'SKL': 0.05230335409219516, 'FMG': 0.05210324053480758, 'CPI': 0.05209367494941262}"
998,2022-10-28,100312.8189703092,0.0,"{'PKN': 0.15036990256087412, 'DNP': 0.08316351043557092, 'LPP': 0.05609121734252986, 'PGE': 0.035778489026989914, 'KTY': 0.03011551043708432, 'PCO': 0.02416212557091937, 'ACP': 0.0221123421134553, 'JSW': 0.016339272505039196, 'SFG': 0.054736340826002, 'NTU': 0.05397833647634504, 'FFI': 0.05348846712424268, 'PBF': 0.05300730849137796, 'IZB': 0.052687752533419806, 'EQU': 0.05260221022067301, 'BST': 0.05247226741442823, 'PBG': 0.05239467734463263, 'SKL': 0.05230335409219516, 'FMG': 0.05210324053480758, 'CPI': 0.05209367494941262}"
999,2022-10-31,100245.67514027805,0.0,"{'PKN': 0.15036990256087412, 'DNP': 0.08316351043557092, 'LPP': 0.05609121734252986, 'PGE': 0.035778489026989914, 'KTY': 0.03011551043708432, 'PCO': 0.02416212557091937, 'ACP': 0.0221123421134553, 'JSW': 0.016339272505039196, 'SFG': 0.054736340826002, 'NTU': 0.05397833647634504, 'FFI': 0.05348846712424268, 'PBF': 0.05300730849137796, 'IZB': 0.052687752533419806, 'EQU': 0.05260221022067301, 'BST': 0.05247226741442823, 'PBG': 0.05239467734463263, 'SKL': 0.05230335409219516, 'FMG': 0.05210324053480758, 'CPI': 0.05209367494941262}"
1000,2022-11-01,100245.67514027805,0.0,"{'PKN': 0.15036990256087412, 'DNP': 0.08316351043557092, 'LPP': 0.05609121734252986, 'PGE': 0.035778489026989914, 'KTY': 0.03011551043708432, 'PCO': 0.02416212557091937, 'ACP': 0.0221123421134553, 'JSW': 0.016339272505039196, 'SFG': 0.054736340826002, 'NTU': 0.05397833647634504, 'FFI': 0.05348846712424268, 'PBF': 0.05300730849137796, 'IZB': 0.052687752533419806, 'EQU': 0.05260221022067301, 'BST': 0.05247226741442823, 'PBG': 0.05239467734463263, 'SKL': 0.05230335409219516, 'FMG': 0.05210324053480758, 'CPI': 0.05209367494941262}"
1001,2022-11-02,102416.38182922953,0.0,"{'PKN': 0.15036990256087412, 'DNP': 0.08316351043557092, 'LPP': 0.05609121734252986, 'PGE': 0.035778489026989914, 'KTY': 0.03011551043708432, 'PCO': 0.02416212557091937, 'ACP': 0.0221123421134553, 'JSW': 0.016339272505039196, 'SFG': 0.054736340826002, 'NTU': 0.05397833647634504, 'FFI': 0.05348846712424268, 'PBF': 0.05300730849137796, 'IZB': 0.052687752533419806, 'EQU': 0.05260221022067301, 'BST': 0.05247226741442823, 'PBG': 0.05239467734463263, 'SKL': 0.05230335409219516, 'FMG': 0.05210324053480758, 'CPI': 0.05209367494941262}"
1002,2022-11-03,100369.1692636096,0.0,"{'PKN': 0.15036990256087412, 'DNP': 0.08316351043557092, 'LPP': 0.05609121734252986, 'PGE': 0.035778489026989914, 'KTY': 0.03011551043708432, 'PCO': 0.02416212557091937, 'ACP': 0.0221123421134553, 'JSW': 0.016339272505039196, 'SFG': 0.054736340826002, 'NTU': 0.05397833647634504, 'FFI': 0.05348846712424268, 'PBF': 0.05300730849137796, 'IZB': 0.052687752533419806, 'EQU': 0.05260221022067301, 'BST': 0.05247226741442823, 'PBG': 0.05239467734463263, 'SKL': 0.05230335409219516, 'FMG': 0.05210324053480758, 'CPI': 0.05209367494941262}"
1003,2022-11-04,101244.90741399088,0.0,"{'PKN': 0.15036990256087412, 'DNP': 0.08316351043557092, 'LPP': 0.05609121734252986, 'PGE': 0.035778489026989914, 'KTY': 0.03011551043708432, 'PCO': 0.02416212557091937, 'ACP': 0.0221123421134553, 'JSW': 0.016339272505039196, 'SFG': 0.054736340826002, 'NTU': 0.05397833647634504, 'FFI': 0.05348846712424268, 'PBF': 0.05300730849137796, 'IZB': 0.052687752533419806, 'EQU': 0.05260221022067301, 'BST': 0.05247226741442823, 'PBG': 0.05239467734463263, 'SKL': 0.05230335409219516, 'FMG': 0.05210324053480758, 'CPI': 0.05209367494941262}"
1004,2022-11-07,102261.23475526387,0.0,"{'PKN': 0.15036990256087412, 'DNP': 0.08316351043557092, 'LPP': 0.05609121734252986, 'PGE': 0.035778489026989914, 'KTY': 0.03011551043708432, 'PCO': 0.02416212557091937, 'ACP': 0.0221123421134553, 'JSW': 0.016339272505039196, 'SFG': 0.054736340826002, 'NTU': 0.05397833647634504, 'FFI': 0.05348846712424268, 'PBF': 0.05300730849137796, 'IZB': 0.052687752533419806, 'EQU': 0.05260221022067301, 'BST': 0.05247226741442823, 'PBG': 0.05239467734463263, 'SKL': 0.05230335409219516, 'FMG': 0.05210324053480758, 'CPI': 0.05209367494941262}"
1005,2022-11-08,104914.81191081149,0.0,"{'PKN': 0.15036990256087412, 'DNP': 0.08316351043557092, 'LPP': 0.05609121734252986, 'PGE': 0.035778489026989914, 'KTY': 0.03011551043708432, 'PCO': 0.02416212557091937, 'ACP': 0.0221123421134553, 'JSW': 0.016339272505039196, 'SFG': 0.054736340826002, 'NTU': 0.05397833647634504, 'FFI': 0.05348846712424268, 'PBF': 0.05300730849137796, 'IZB': 0.052687752533419806, 'EQU': 0.05260221022067301, 'BST': 0.05247226741442823, 'PBG': 0.05239467734463263, 'SKL': 0.05230335409219516, 'FMG': 0.05210324053480758, 'CPI': 0.05209367494941262}"
1006,2022-11-09,102298.19118551056,0.0,"{'PKN': 0.15036990256087412, 'DNP': 0.08316351043557092, 'LPP': 0.05609121734252986, 'PGE': 0.035778489026989914, 'KTY': 0.03011551043708432, 'PCO': 0.02416212557091937, 'ACP': 0.0221123421134553, 'JSW': 0.016339272505039196, 'SFG': 0.054736340826002, 'NTU': 0.05397833647634504, 'FFI': 0.05348846712424268, 'PBF': 0.05300730849137796, 'IZB': 0.052687752533419806, 'EQU': 0.05260221022067301, 'BST': 0.05247226741442823, 'PBG': 0.05239467734463263, 'SKL': 0.05230335409219516, 'FMG': 0.05210324053480758, 'CPI': 0.05209367494941262}"
1007,2022-11-10,101867.0639966056,0.0,"{'PKN': 0.15036990256087412, 'DNP': 0.08316351043557092, 'LPP': 0.05609121734252986, 'PGE': 0.035778489026989914, 'KTY': 0.03011551043708432, 'PCO': 0.02416212557091937, 'ACP': 0.0221123421134553, 'JSW': 0.016339272505039196, 'SFG': 0.054736340826002, 'NTU': 0.05397833647634504, 'FFI': 0.05348846712424268, 'PBF': 0.05300730849137796, 'IZB': 0.052687752533419806, 'EQU': 0.05260221022067301, 'BST': 0.05247226741442823, 'PBG': 0.05239467734463263, 'SKL': 0.05230335409219516, 'FMG': 0.05210324053480758, 'CPI': 0.05209367494941262}"
1008,2022-11-11,101867.0639966056,0.0,"{'PKN': 0.15036990256087412, 'DNP': 0.08316351043557092, 'LPP': 0.05609121734252986, 'PGE': 0.035778489026989914, 'KTY': 0.03011551043708432, 'PCO': 0.02416212557091937, 'ACP': 0.0221123421134553, 'JSW': 0.016339272505039196, 'SFG': 0.054736340826002, 'NTU': 0.05397833647634504, 'FFI': 0.05348846712424268, 'PBF': 0.05300730849137796, 'IZB': 0.052687752533419806, 'EQU': 0.05260221022067301, 'BST': 0.05247226741442823, 'PBG': 0.05239467734463263, 'SKL': 0.05230335409219516, 'FMG': 0.05210324053480758, 'CPI': 0.05209367494941262}"
1009,2022-11-14,101971.78038196743,0.0,"{'PKN': 0.15036990256087412, 'DNP': 0.08316351043557092, 'LPP': 0.05609121734252986, 'PGE': 0.035778489026989914, 'KTY': 0.03011551043708432, 'PCO': 0.02416212557091937, 'ACP': 0.0221123421134553, 'JSW': 0.016339272505039196, 'SFG': 0.054736340826002, 'NTU': 0.05397833647634504, 'FFI': 0.05348846712424268, 'PBF': 0.05300730849137796, 'IZB': 0.052687752533419806, 'EQU': 0.05260221022067301, 'BST': 0.05247226741442823, 'PBG': 0.05239467734463263, 'SKL': 0.05230335409219516, 'FMG': 0.05210324053480758, 'CPI': 0.05209367494941262}"
1010,2022-11-15,104040.25859905373,0.0,"{'PKN': 0.15036990256087412, 'DNP': 0.08316351043557092, 'LPP': 0.05609121734252986, 'PGE': 0.035778489026989914, 'KTY': 0.03011551043708432, 'PCO': 0.02416212557091937, 'ACP': 0.0221123421134553, 'JSW': 0.016339272505039196, 'SFG': 0.054736340826002, 'NTU': 0.05397833647634504, 'FFI': 0.05348846712424268, 'PBF': 0.05300730849137796, 'IZB': 0.052687752533419806, 'EQU': 0.05260221022067301, 'BST': 0.05247226741442823, 'PBG': 0.05239467734463263, 'SKL': 0.05230335409219516, 'FMG': 0.05210324053480758, 'CPI': 0.05209367494941262}"
1011,2022-11-16,104533.71616535967,0.0,"{'PKN': 0.15036990256087412, 'DNP': 0.08316351043557092, 'LPP': 0.05609121734252986, 'PGE': 0.035778489026989914, 'KTY': 0.03011551043708432, 'PCO': 0.02416212557091937, 'ACP': 0.0221123421134553, 'JSW': 0.016339272505039196, 'SFG': 0.054736340826002, 'NTU': 0.05397833647634504, 'FFI': 0.05348846712424268, 'PBF': 0.05300730849137796, 'IZB': 0.052687752533419806, 'EQU': 0.05260221022067301, 'BST': 0.05247226741442823, 'PBG': 0.05239467734463263, 'SKL': 0.05230335409219516, 'FMG': 0.05210324053480758, 'CPI': 0.05209367494941262}"
1012,2022-11-17,103831.1578136339,0.0,"{'PKN': 0.15036990256087412, 'DNP': 0.08316351043557092, 'LPP': 0.05609121734252986, 'PGE': 0.035778489026989914, 'KTY': 0.03011551043708432, 'PCO': 0.02416212557091937, 'ACP': 0.0221123421134553, 'JSW': 0.016339272505039196, 'SFG': 0.054736340826002, 'NTU': 0.05397833647634504, 'FFI': 0.05348846712424268, 'PBF': 0.05300730849137796, 'IZB': 0.052687752533419806, 'EQU': 0.05260221022067301, 'BST': 0.05247226741442823, 'PBG': 0.05239467734463263, 'SKL': 0.05230335409219516, 'FMG': 0.05210324053480758, 'CPI': 0.05209367494941262}"
1013,2022-11-18,103847.08010986248,0.0,"{'PKN': 0.15036990256087412, 'DNP': 0.08316351043557092, 'LPP': 0.05609121734252986, 'PGE': 0.035778489026989914, 'KTY': 0.03011551043708432, 'PCO': 0.02416212557091937, 'ACP': 0.0221123421134553, 'JSW': 0.016339272505039196, 'SFG': 0.054736340826002, 'NTU': 0.05397833647634504, 'FFI': 0.05348846712424268, 'PBF': 0.05300730849137796, 'IZB': 0.052687752533419806, 'EQU': 0.05260221022067301, 'BST': 0.05247226741442823, 'PBG': 0.05239467734463263, 'SKL': 0.05230335409219516, 'FMG': 0.05210324053480758, 'CPI': 0.05209367494941262}"
1014,2022-11-21,104014.38902285845,0.0,"{'PKN': 0.15036990256087412, 'DNP': 0.08316351043557092, 'LPP': 0.05609121734252986, 'PGE': 0.035778489026989914, 'KTY': 0.03011551043708432, 'PCO': 0.02416212557091937, 'ACP': 0.0221123421134553, 'JSW': 0.016339272505039196, 'SFG': 0.054736340826002, 'NTU': 0.05397833647634504, 'FFI': 0.05348846712424268, 'PBF': 0.05300730849137796, 'IZB': 0.052687752533419806, 'EQU': 0.05260221022067301, 'BST': 0.05247226741442823, 'PBG': 0.05239467734463263, 'SKL': 0.05230335409219516, 'FMG': 0.05210324053480758, 'CPI': 0.05209367494941262}"
1015,2022-11-22,103794.15092880916,0.0,"{'PKN': 0.15036990256087412, 'DNP': 0.08316351043557092, 'LPP': 0.05609121734252986, 'PGE': 0.035778489026989914, 'KTY': 0.03011551043708432, 'PCO': 0.02416212557091937, 'ACP': 0.0221123421134553, 'JSW': 0.016339272505039196, 'SFG': 0.054736340826002, 'NTU': 0.05397833647634504, 'FFI': 0.05348846712424268, 'PBF': 0.05300730849137796, 'IZB': 0.052687752533419806, 'EQU': 0.05260221022067301, 'BST': 0.05247226741442823, 'PBG': 0.05239467734463263, 'SKL': 0.05230335409219516, 'FMG': 0.05210324053480758, 'CPI': 0.05209367494941262}"
1016,2022-11-23,105303.75023477209,0.0,"{'PKN': 0.15036990256087412, 'DNP': 0.08316351043557092, 'LPP': 0.05609121734252986, 'PGE': 0.035778489026989914, 'KTY': 0.03011551043708432, 'PCO': 0.02416212557091937, 'ACP': 0.0221123421134553, 'JSW': 0.016339272505039196, 'SFG': 0.054736340826002, 'NTU': 0.05397833647634504, 'FFI': 0.05348846712424268, 'PBF': 0.05300730849137796, 'IZB': 0.052687752533419806, 'EQU': 0.05260221022067301, 'BST': 0.05247226741442823, 'PBG': 0.05239467734463263, 'SKL': 0.05230335409219516, 'FMG': 0.05210324053480758, 'CPI': 0.05209367494941262}"
1017,2022-11-24,106708.39230838568,0.0,"{'PKN': 0.15036990256087412, 'DNP': 0.08316351043557092, 'LPP': 0.05609121734252986, 'PGE': 0.035778489026989914, 'KTY': 0.03011551043708432, 'PCO': 0.02416212557091937, 'ACP': 0.0221123421134553, 'JSW': 0.016339272505039196, 'SFG': 0.054736340826002, 'NTU': 0.05397833647634504, 'FFI': 0.05348846712424268, 'PBF': 0.05300730849137796, 'IZB': 0.052687752533419806, 'EQU': 0.05260221022067301, 'BST': 0.05247226741442823, 'PBG': 0.05239467734463263, 'SKL': 0.05230335409219516, 'FMG': 0.05210324053480758, 'CPI': 0.05209367494941262}"
1018,2022-11-25,103674.6091161493,0.0,"{'PKN': 0.15036990256087412, 'DNP': 0.08316351043557092, 'LPP': 0.05609121734252986, 'PGE': 0.035778489026989914, 'KTY': 0.03011551043708432, 'PCO': 0.02416212557091937, 'ACP': 0.0221123421134553, 'JSW': 0.016339272505039196, 'SFG': 0.054736340826002, 'NTU': 0.05397833647634504, 'FFI': 0.05348846712424268, 'PBF': 0.05300730849137796, 'IZB': 0.052687752533419806, 'EQU': 0.05260221022067301, 'BST': 0.05247226741442823, 'PBG': 0.05239467734463263, 'SKL': 0.05230335409219516, 'FMG': 0.05210324053480758, 'CPI': 0.05209367494941262}"
1019,2022-11-28,105665.1744362744,0.0,"{'PKN': 0.15036990256087412, 'DNP': 0.08316351043557092, 'LPP': 0.05609121734252986, 'PGE': 0.035778489026989914, 'KTY': 0.03011551043708432, 'PCO': 0.02416212557091937, 'ACP': 0.0221123421134553, 'JSW': 0.016339272505039196, 'SFG': 0.054736340826002, 'NTU': 0.05397833647634504, 'FFI': 0.05348846712424268, 'PBF': 0.05300730849137796, 'IZB': 0.052687752533419806, 'EQU': 0.05260221022067301, 'BST': 0.05247226741442823, 'PBG': 0.05239467734463263, 'SKL': 0.05230335409219516, 'FMG': 0.05210324053480758, 'CPI': 0.05209367494941262}"
1020,2022-11-29,106402.21436692592,0.0,"{'PKN': 0.15036990256087412, 'DNP': 0.08316351043557092, 'LPP': 0.05609121734252986, 'PGE': 0.035778489026989914, 'KTY': 0.03011551043708432, 'PCO': 0.02416212557091937, 'ACP': 0.0221123421134553, 'JSW': 0.016339272505039196, 'SFG': 0.054736340826002, 'NTU': 0.05397833647634504, 'FFI': 0.05348846712424268, 'PBF': 0.05300730849137796, 'IZB': 0.052687752533419806, 'EQU': 0.05260221022067301, 'BST': 0.05247226741442823, 'PBG': 0.05239467734463263, 'SKL': 0.05230335409219516, 'FMG': 0.05210324053480758, 'CPI': 0.05209367494941262}"
1021,2022-11-30,108641.16897628817,0.0,"{'PKN': 0.15036990256087412, 'DNP': 0.08316351043557092, 'LPP': 0.05609121734252986, 'PGE': 0.035778489026989914, 'KTY': 0.03011551043708432, 'PCO': 0.02416212557091937, 'ACP': 0.0221123421134553, 'JSW': 0.016339272505039196, 'SFG': 0.054736340826002, 'NTU': 0.05397833647634504, 'FFI': 0.05348846712424268, 'PBF': 0.05300730849137796, 'IZB': 0.052687752533419806, 'EQU': 0.05260221022067301, 'BST': 0.05247226741442823, 'PBG': 0.05239467734463263, 'SKL': 0.05230335409219516, 'FMG': 0.05210324053480758, 'CPI': 0.05209367494941262}"
1022,2022-12-01,110254.41310954287,0.0,"{'PKN': 0.15036990256087412, 'DNP': 0.08316351043557092, 'LPP': 0.05609121734252986, 'PGE': 0.035778489026989914, 'KTY': 0.03011551043708432, 'PCO': 0.02416212557091937, 'ACP': 0.0221123421134553, 'JSW': 0.016339272505039196, 'SFG': 0.054736340826002, 'NTU': 0.05397833647634504, 'FFI': 0.05348846712424268, 'PBF': 0.05300730849137796, 'IZB': 0.052687752533419806, 'EQU': 0.05260221022067301, 'BST': 0.05247226741442823, 'PBG': 0.05239467734463263, 'SKL': 0.05230335409219516, 'FMG': 0.05210324053480758, 'CPI': 0.05209367494941262}"
1023,2022-12-02,108886.59391435611,0.0,"{'PKN': 0.15036990256087412, 'DNP': 0.08316351043557092, 'LPP': 0.05609121734252986, 'PGE': 0.035778489026989914, 'KTY': 0.03011551043708432, 'PCO': 0.02416212557091937, 'ACP': 0.0221123421134553, 'JSW': 0.016339272505039196, 'SFG': 0.054736340826002, 'NTU': 0.05397833647634504, 'FFI': 0.05348846712424268, 'PBF': 0.05300730849137796, 'IZB': 0.052687752533419806, 'EQU': 0.05260221022067301, 'BST': 0.05247226741442823, 'PBG': 0.05239467734463263, 'SKL': 0.05230335409219516, 'FMG': 0.05210324053480758, 'CPI': 0.05209367494941262}"
1024,2022-12-05,111158.68569643926,0.0,"{'PKN': 0.15036990256087412, 'DNP': 0.08316351043557092, 'LPP': 0.05609121734252986, 'PGE': 0.035778489026989914, 'KTY': 0.03011551043708432, 'PCO': 0.02416212557091937, 'ACP': 0.0221123421134553, 'JSW': 0.016339272505039196, 'SFG': 0.054736340826002, 'NTU': 0.05397833647634504, 'FFI': 0.05348846712424268, 'PBF': 0.05300730849137796, 'IZB': 0.052687752533419806, 'EQU': 0.05260221022067301, 'BST': 0.05247226741442823, 'PBG': 0.05239467734463263, 'SKL': 0.05230335409219516, 'FMG': 0.05210324053480758, 'CPI': 0.05209367494941262}"
1025,2022-12-06,112237.58444212316,0.0,"{'PKN': 0.15036990256087412, 'DNP': 0.08316351043557092, 'LPP': 0.05609121734252986, 'PGE': 0.035778489026989914, 'KTY': 0.03011551043708432, 'PCO': 0.02416212557091937, 'ACP': 0.0221123421134553, 'JSW': 0.016339272505039196, 'SFG': 0.054736340826002, 'NTU': 0.05397833647634504, 'FFI': 0.05348846712424268, 'PBF': 0.05300730849137796, 'IZB': 0.052687752533419806, 'EQU': 0.05260221022067301, 'BST': 0.05247226741442823, 'PBG': 0.05239467734463263, 'SKL': 0.05230335409219516, 'FMG': 0.05210324053480758, 'CPI': 0.05209367494941262}"
1026,2022-12-07,111373.15975081404,0.0,"{'PKN': 0.15036990256087412, 'DNP': 0.08316351043557092, 'LPP': 0.05609121734252986, 'PGE': 0.035778489026989914, 'KTY': 0.03011551043708432, 'PCO': 0.02416212557091937, 'ACP': 0.0221123421134553, 'JSW': 0.016339272505039196, 'SFG': 0.054736340826002, 'NTU': 0.05397833647634504, 'FFI': 0.05348846712424268, 'PBF': 0.05300730849137796, 'IZB': 0.052687752533419806, 'EQU': 0.05260221022067301, 'BST': 0.05247226741442823, 'PBG': 0.05239467734463263, 'SKL': 0.05230335409219516, 'FMG': 0.05210324053480758, 'CPI': 0.05209367494941262}"
1027,2022-12-08,112516.58330918584,0.0,"{'PKN': 0.15036990256087412, 'DNP': 0.08316351043557092, 'LPP': 0.05609121734252986, 'PGE': 0.035778489026989914, 'KTY': 0.03011551043708432, 'PCO': 0.02416212557091937, 'ACP': 0.0221123421134553, 'JSW': 0.016339272505039196, 'SFG': 0.054736340826002, 'NTU': 0.05397833647634504, 'FFI': 0.05348846712424268, 'PBF': 0.05300730849137796, 'IZB': 0.052687752533419806, 'EQU': 0.05260221022067301, 'BST': 0.05247226741442823, 'PBG': 0.05239467734463263, 'SKL': 0.05230335409219516, 'FMG': 0.05210324053480758, 'CPI': 0.05209367494941262}"
1028,2022-12-09,114637.86419545082,0.0,"{'PKN': 0.15036990256087412, 'DNP': 0.08316351043557092, 'LPP': 0.05609121734252986, 'PGE': 0.035778489026989914, 'KTY': 0.03011551043708432, 'PCO': 0.02416212557091937, 'ACP': 0.0221123421134553, 'JSW': 0.016339272505039196, 'SFG': 0.054736340826002, 'NTU': 0.05397833647634504, 'FFI': 0.05348846712424268, 'PBF': 0.05300730849137796, 'IZB': 0.052687752533419806, 'EQU': 0.05260221022067301, 'BST': 0.05247226741442823, 'PBG': 0.05239467734463263, 'SKL': 0.05230335409219516, 'FMG': 0.05210324053480758, 'CPI': 0.05209367494941262}"
1029,2022-12-12,115953.70585932153,0.0,"{'PKN': 0.15036990256087412, 'DNP': 0.08316351043557092, 'LPP': 0.05609121734252986, 'PGE': 0.035778489026989914, 'KTY': 0.03011551043708432, 'PCO': 0.02416212557091937, 'ACP': 0.0221123421134553, 'JSW': 0.016339272505039196, 'SFG': 0.054736340826002, 'NTU': 0.05397833647634504, 'FFI': 0.05348846712424268, 'PBF': 0.05300730849137796, 'IZB': 0.052687752533419806, 'EQU': 0.05260221022067301, 'BST': 0.05247226741442823, 'PBG': 0.05239467734463263, 'SKL': 0.05230335409219516, 'FMG': 0.05210324053480758, 'CPI': 0.05209367494941262}"
1030,2022-12-13,113211.63605141641,0.0,"{'PKN': 0.15036990256087412, 'DNP': 0.08316351043557092, 'LPP': 0.05609121734252986, 'PGE': 0.035778489026989914, 'KTY': 0.03011551043708432, 'PCO': 0.02416212557091937, 'ACP': 0.0221123421134553, 'JSW': 0.016339272505039196, 'SFG': 0.054736340826002, 'NTU': 0.05397833647634504, 'FFI': 0.05348846712424268, 'PBF': 0.05300730849137796, 'IZB': 0.052687752533419806, 'EQU': 0.05260221022067301, 'BST': 0.05247226741442823, 'PBG': 0.05239467734463263, 'SKL': 0.05230335409219516, 'FMG': 0.05210324053480758, 'CPI': 0.05209367494941262}"
1031,2022-12-14,112677.43705029189,0.0,"{'PKN': 0.15036990256087412, 'DNP': 0.08316351043557092, 'LPP': 0.05609121734252986, 'PGE': 0.035778489026989914, 'KTY': 0.03011551043708432, 'PCO': 0.02416212557091937, 'ACP': 0.0221123421134553, 'JSW': 0.016339272505039196, 'SFG': 0.054736340826002, 'NTU': 0.05397833647634504, 'FFI': 0.05348846712424268, 'PBF': 0.05300730849137796, 'IZB': 0.052687752533419806, 'EQU': 0.05260221022067301, 'BST': 0.05247226741442823, 'PBG': 0.05239467734463263, 'SKL': 0.05230335409219516, 'FMG': 0.05210324053480758, 'CPI': 0.05209367494941262}"
1032,2022-12-15,112586.07722023195,0.0,"{'PKN': 0.15036990256087412, 'DNP': 0.08316351043557092, 'LPP': 0.05609121734252986, 'PGE': 0.035778489026989914, 'KTY': 0.03011551043708432, 'PCO': 0.02416212557091937, 'ACP': 0.0221123421134553, 'JSW': 0.016339272505039196, 'SFG': 0.054736340826002, 'NTU': 0.05397833647634504, 'FFI': 0.05348846712424268, 'PBF': 0.05300730849137796, 'IZB': 0.052687752533419806, 'EQU': 0.05260221022067301, 'BST': 0.05247226741442823, 'PBG': 0.05239467734463263, 'SKL': 0.05230335409219516, 'FMG': 0.05210324053480758, 'CPI': 0.05209367494941262}"
1033,2022-12-16,111131.5451703764,0.0,"{'PKN': 0.15036990256087412, 'DNP': 0.08316351043557092, 'LPP': 0.05609121734252986, 'PGE': 0.035778489026989914, 'KTY': 0.03011551043708432, 'PCO': 0.02416212557091937, 'ACP': 0.0221123421134553, 'JSW': 0.016339272505039196, 'SFG': 0.054736340826002, 'NTU': 0.05397833647634504, 'FFI': 0.05348846712424268, 'PBF': 0.05300730849137796, 'IZB': 0.052687752533419806, 'EQU': 0.05260221022067301, 'BST': 0.05247226741442823, 'PBG': 0.05239467734463263, 'SKL': 0.05230335409219516, 'FMG': 0.05210324053480758, 'CPI': 0.05209367494941262}"
1034,2022-12-19,112103.1850982719,0.0,"{'PKN': 0.15036990256087412, 'DNP': 0.08316351043557092, 'LPP': 0.05609121734252986, 'PGE': 0.035778489026989914, 'KTY': 0.03011551043708432, 'PCO': 0.02416212557091937, 'ACP': 0.0221123421134553, 'JSW': 0.016339272505039196, 'SFG': 0.054736340826002, 'NTU': 0.05397833647634504, 'FFI': 0.05348846712424268, 'PBF': 0.05300730849137796, 'IZB': 0.052687752533419806, 'EQU': 0.05260221022067301, 'BST': 0.05247226741442823, 'PBG': 0.05239467734463263, 'SKL': 0.05230335409219516, 'FMG': 0.05210324053480758, 'CPI': 0.05209367494941262}"
1035,2022-12-20,113164.3913720563,0.0,"{'PKN': 0.15036990256087412, 'DNP': 0.08316351043557092, 'LPP': 0.05609121734252986, 'PGE': 0.035778489026989914, 'KTY': 0.03011551043708432, 'PCO': 0.02416212557091937, 'ACP': 0.0221123421134553, 'JSW': 0.016339272505039196, 'SFG': 0.054736340826002, 'NTU': 0.05397833647634504, 'FFI': 0.05348846712424268, 'PBF': 0.05300730849137796, 'IZB': 0.052687752533419806, 'EQU': 0.05260221022067301, 'BST': 0.05247226741442823, 'PBG': 0.05239467734463263, 'SKL': 0.05230335409219516, 'FMG': 0.05210324053480758, 'CPI': 0.05209367494941262}"
1036,2022-12-21,112218.1945284499,0.0,"{'PKN': 0.15036990256087412, 'DNP': 0.08316351043557092, 'LPP': 0.05609121734252986, 'PGE': 0.035778489026989914, 'KTY': 0.03011551043708432, 'PCO': 0.02416212557091937, 'ACP': 0.0221123421134553, 'JSW': 0.016339272505039196, 'SFG': 0.054736340826002, 'NTU': 0.05397833647634504, 'FFI': 0.05348846712424268, 'PBF': 0.05300730849137796, 'IZB': 0.052687752533419806, 'EQU': 0.05260221022067301, 'BST': 0.05247226741442823, 'PBG': 0.05239467734463263, 'SKL': 0.05230335409219516, 'FMG': 0.05210324053480758, 'CPI': 0.05209367494941262}"
1037,2022-12-22,111760.36771590447,0.0,"{'PKN': 0.15036990256087412, 'DNP': 0.08316351043557092, 'LPP': 0.05609121734252986, 'PGE': 0.035778489026989914, 'KTY': 0.03011551043708432, 'PCO': 0.02416212557091937, 'ACP': 0.0221123421134553, 'JSW': 0.016339272505039196, 'SFG': 0.054736340826002, 'NTU': 0.05397833647634504, 'FFI': 0.05348846712424268, 'PBF': 0.05300730849137796, 'IZB': 0.052687752533419806, 'EQU': 0.05260221022067301, 'BST': 0.05247226741442823, 'PBG': 0.05239467734463263, 'SKL': 0.05230335409219516, 'FMG': 0.05210324053480758, 'CPI': 0.05209367494941262}"
1038,2022-12-23,111989.93300966609,0.0,"{'PKN': 0.15036990256087412, 'DNP': 0.08316351043557092, 'LPP': 0.05609121734252986, 'PGE': 0.035778489026989914, 'KTY': 0.03011551043708432, 'PCO': 0.02416212557091937, 'ACP': 0.0221123421134553, 'JSW': 0.016339272505039196, 'SFG': 0.054736340826002, 'NTU': 0.05397833647634504, 'FFI': 0.05348846712424268, 'PBF': 0.05300730849137796, 'IZB': 0.052687752533419806, 'EQU': 0.05260221022067301, 'BST': 0.05247226741442823, 'PBG': 0.05239467734463263, 'SKL': 0.05230335409219516, 'FMG': 0.05210324053480758, 'CPI': 0.05209367494941262}"
1039,2022-12-26,111989.93300966609,0.0,"{'PKN': 0.15036990256087412, 'DNP': 0.08316351043557092, 'LPP': 0.05609121734252986, 'PGE': 0.035778489026989914, 'KTY': 0.03011551043708432, 'PCO': 0.02416212557091937, 'ACP': 0.0221123421134553, 'JSW': 0.016339272505039196, 'SFG': 0.054736340826002, 'NTU': 0.05397833647634504, 'FFI': 0.05348846712424268, 'PBF': 0.05300730849137796, 'IZB': 0.052687752533419806, 'EQU': 0.05260221022067301, 'BST': 0.05247226741442823, 'PBG': 0.05239467734463263, 'SKL': 0.05230335409219516, 'FMG': 0.05210324053480758, 'CPI': 0.05209367494941262}"
1040,2022-12-27,108660.0468407575,0.0,"{'PKN': 0.15036990256087412, 'DNP': 0.08316351043557092, 'LPP': 0.05609121734252986, 'PGE': 0.035778489026989914, 'KTY': 0.03011551043708432, 'PCO': 0.02416212557091937, 'ACP': 0.0221123421134553, 'JSW': 0.016339272505039196, 'SFG': 0.054736340826002, 'NTU': 0.05397833647634504, 'FFI': 0.05348846712424268, 'PBF': 0.05300730849137796, 'IZB': 0.052687752533419806, 'EQU': 0.05260221022067301, 'BST': 0.05247226741442823, 'PBG': 0.05239467734463263, 'SKL': 0.05230335409219516, 'FMG': 0.05210324053480758, 'CPI': 0.05209367494941262}"
1041,2022-12-28,109521.52559829279,0.0,"{'PKN': 0.15036990256087412, 'DNP': 0.08316351043557092, 'LPP': 0.05609121734252986, 'PGE': 0.035778489026989914, 'KTY': 0.03011551043708432, 'PCO': 0.02416212557091937, 'ACP': 0.0221123421134553, 'JSW': 0.016339272505039196, 'SFG': 0.054736340826002, 'NTU': 0.05397833647634504, 'FFI': 0.05348846712424268, 'PBF': 0.05300730849137796, 'IZB': 0.052687752533419806, 'EQU': 0.05260221022067301, 'BST': 0.05247226741442823, 'PBG': 0.05239467734463263, 'SKL': 0.05230335409219516, 'FMG': 0.05210324053480758, 'CPI': 0.05209367494941262}"
1042,2022-12-29,110875.1922378095,0.0,"{'PKN': 0.15036990256087412, 'DNP': 0.08316351043557092, 'LPP': 0.05609121734252986, 'PGE': 0.035778489026989914, 'KTY': 0.03011551043708432, 'PCO': 0.02416212557091937, 'ACP': 0.0221123421134553, 'JSW': 0.016339272505039196, 'SFG': 0.054736340826002, 'NTU': 0.05397833647634504, 'FFI': 0.05348846712424268, 'PBF': 0.05300730849137796, 'IZB': 0.052687752533419806, 'EQU': 0.05260221022067301, 'BST': 0.05247226741442823, 'PBG': 0.05239467734463263, 'SKL': 0.05230335409219516, 'FMG': 0.05210324053480758, 'CPI': 0.05209367494941262}"
1043,2022-12-30,111085.36349249791,0.0,"{'PKN': 0.15036990256087412, 'DNP': 0.08316351043557092, 'LPP': 0.05609121734252986, 'PGE': 0.035778489026989914, 'KTY': 0.03011551043708432, 'PCO': 0.02416212557091937, 'ACP': 0.0221123421134553, 'JSW': 0.016339272505039196, 'SFG': 0.054736340826002, 'NTU': 0.05397833647634504, 'FFI': 0.05348846712424268, 'PBF': 0.05300730849137796, 'IZB': 0.052687752533419806, 'EQU': 0.05260221022067301, 'BST': 0.05247226741442823, 'PBG': 0.05239467734463263, 'SKL': 0.05230335409219516, 'FMG': 0.05210324053480758, 'CPI': 0.05209367494941262}"
