,date,nav,cash,weights
0,2019-01-01,100000.0,-2.9103830456733704e-11,"{'PKO': 0.16458196181698487, 'PKN': 0.15832784726793944, 'PZU': 0.12585034013605442, 'PEO': 0.08953258722843976, 'KGH': 0.06583278472679395, 'SPL': 0.06495501426377003, 'LPP': 0.05584814570989686, 'PGE': 0.05102040816326531, 'CDR': 0.05069124423963134, 'CPS': 0.032916392363396975, 'CCC': 0.028198376124643404, 'MBK': 0.027978933508887423, 'ALR': 0.024577572964669742, 'JSW': 0.020517884573184115, 'OPL': 0.017006802721088437, 'TPE': 0.01217906517445688, 'ENG': 0.009984639016897081}"
1,2019-01-02,101194.93143319883,-2.9103830456733704e-11,"{'PKO': 0.16458196181698487, 'PKN': 0.15832784726793944, 'PZU': 0.12585034013605442, 'PEO': 0.08953258722843976, 'KGH': 0.06583278472679395, 'SPL': 0.06495501426377003, 'LPP': 0.05584814570989686, 'PGE': 0.05102040816326531, 'CDR': 0.05069124423963134, 'CPS': 0.032916392363396975, 'CCC': 0.028198376124643404, 'MBK': 0.027978933508887423, 'ALR': 0.024577572964669742, 'JSW': 0.020517884573184115, 'OPL': 0.017006802721088437, 'TPE': 0.01217906517445688, 'ENG': 0.009984639016897081}"
2,2019-01-03,98607.84164374163,-2.9103830456733704e-11,"{'PKO': 0.16458196181698487, 'PKN': 0.15832784726793944, 'PZU': 0.12585034013605442, 'PEO': 0.08953258722843976, 'KGH': 0.06583278472679395, 'SPL': 0.06495501426377003, 'LPP': 0.05584814570989686, 'PGE': 0.05102040816326531, 'CDR': 0.05069124423963134, 'CPS': 0.032916392363396975, 'CCC': 0.028198376124643404, 'MBK': 0.027978933508887423, 'ALR': 0.024577572964669742, 'JSW': 0.020517884573184115, 'OPL': 0.017006802721088437, 'TPE': 0.01217906517445688, 'ENG': 0.009984639016897081}"
3,2019-01-04,100410.7835581436,-2.9103830456733704e-11,"{'PKO': 0.16458196181698487, 'PKN': 0.15832784726793944, 'PZU': 0.12585034013605442, 'PEO': 0.08953258722843976, 'KGH': 0.06583278472679395, 'SPL': 0.06495501426377003, 'LPP': 0.05584814570989686, 'PGE': 0.05102040816326531, 'CDR': 0.05069124423963134, 'CPS': 0.032916392363396975, 'CCC': 0.028198376124643404, 'MBK': 0.027978933508887423, 'ALR': 0.024577572964669742, 'JSW': 0.020517884573184115, 'OPL': 0.017006802721088437, 'TPE': 0.01217906517445688, 'ENG': 0.009984639016897081}"
4,2019-01-07,102249.31906070784,-2.9103830456733704e-11,"{'PKO': 0.16458196181698487, 'PKN': 0.15832784726793944, 'PZU': 0.12585034013605442, 'PEO': 0.08953258722843976, 'KGH': 0.06583278472679395, 'SPL': 0.06495501426377003, 'LPP': 0.05584814570989686, 'PGE': 0.05102040816326531, 'CDR': 0.05069124423963134, 'CPS': 0.032916392363396975, 'CCC': 0.028198376124643404, 'MBK': 0.027978933508887423, 'ALR': 0.024577572964669742, 'JSW': 0.020517884573184115, 'OPL': 0.017006802721088437, 'TPE': 0.01217906517445688, 'ENG': 0.009984639016897081}"
5,2019-01-08,101980.46423233258,-2.9103830456733704e-11,"{'PKO': 0.16458196181698487, 'PKN': 0.15832784726793944, 'PZU': 0.12585034013605442, 'PEO': 0.08953258722843976, 'KGH': 0.06583278472679395, 'SPL': 0.06495501426377003, 'LPP': 0.05584814570989686, 'PGE': 0.05102040816326531, 'CDR': 0.05069124423963134, 'CPS': 0.032916392363396975, 'CCC': 0.028198376124643404, 'MBK': 0.027978933508887423, 'ALR': 0.024577572964669742, 'JSW': 0.020517884573184115, 'OPL': 0.017006802721088437, 'TPE': 0.01217906517445688, 'ENG': 0.009984639016897081}"
6,2019-01-09,102558.48861721907,-2.9103830456733704e-11,"{'PKO': 0.16458196181698487, 'PKN': 0.15832784726793944, 'PZU': 0.12585034013605442, 'PEO': 0.08953258722843976, 'KGH': 0.06583278472679395, 'SPL': 0.06495501426377003, 'LPP': 0.05584814570989686, 'PGE': 0.05102040816326531, 'CDR': 0.05069124423963134, 'CPS': 0.032916392363396975, 'CCC': 0.028198376124643404, 'MBK': 0.027978933508887423, 'ALR': 0.024577572964669742, 'JSW': 0.020517884573184115, 'OPL': 0.017006802721088437, 'TPE': 0.01217906517445688, 'ENG': 0.009984639016897081}"
7,2019-01-10,102223.89307663948,-2.9103830456733704e-11,"{'PKO': 0.16458196181698487, 'PKN': 0.15832784726793944, 'PZU': 0.12585034013605442, 'PEO': 0.08953258722843976, 'KGH': 0.06583278472679395, 'SPL': 0.06495501426377003, 'LPP': 0.05584814570989686, 'PGE': 0.05102040816326531, 'CDR': 0.05069124423963134, 'CPS': 0.032916392363396975, 'CCC': 0.028198376124643404, 'MBK': 0.027978933508887423, 'ALR': 0.024577572964669742, 'JSW': 0.020517884573184115, 'OPL': 0.017006802721088437, 'TPE': 0.01217906517445688, 'ENG': 0.009984639016897081}"
8,2019-01-11,102273.57953328367,-2.9103830456733704e-11,"{'PKO': 0.16458196181698487, 'PKN': 0.15832784726793944, 'PZU': 0.12585034013605442, 'PEO': 0.08953258722843976, 'KGH': 0.06583278472679395, 'SPL': 0.06495501426377003, 'LPP': 0.05584814570989686, 'PGE': 0.05102040816326531, 'CDR': 0.05069124423963134, 'CPS': 0.032916392363396975, 'CCC': 0.028198376124643404, 'MBK': 0.027978933508887423, 'ALR': 0.024577572964669742, 'JSW': 0.020517884573184115, 'OPL': 0.017006802721088437, 'TPE': 0.01217906517445688, 'ENG': 0.009984639016897081}"
9,2019-01-14,101869.86751651816,-2.9103830456733704e-11,"{'PKO': 0.16458196181698487, 'PKN': 0.15832784726793944, 'PZU': 0.12585034013605442, 'PEO': 0.08953258722843976, 'KGH': 0.06583278472679395, 'SPL': 0.06495501426377003, 'LPP': 0.05584814570989686, 'PGE': 0.05102040816326531, 'CDR': 0.05069124423963134, 'CPS': 0.032916392363396975, 'CCC': 0.028198376124643404, 'MBK': 0.027978933508887423, 'ALR': 0.024577572964669742, 'JSW': 0.020517884573184115, 'OPL': 0.017006802721088437, 'TPE': 0.01217906517445688, 'ENG': 0.009984639016897081}"
10,2019-01-15,102639.96150690141,-2.9103830456733704e-11,"{'PKO': 0.16458196181698487, 'PKN': 0.15832784726793944, 'PZU': 0.12585034013605442, 'PEO': 0.08953258722843976, 'KGH': 0.06583278472679395, 'SPL': 0.06495501426377003, 'LPP': 0.05584814570989686, 'PGE': 0.05102040816326531, 'CDR': 0.05069124423963134, 'CPS': 0.032916392363396975, 'CCC': 0.028198376124643404, 'MBK': 0.027978933508887423, 'ALR': 0.024577572964669742, 'JSW': 0.020517884573184115, 'OPL': 0.017006802721088437, 'TPE': 0.01217906517445688, 'ENG': 0.009984639016897081}"
11,2019-01-16,103275.88130406098,-2.9103830456733704e-11,"{'PKO': 0.16458196181698487, 'PKN': 0.15832784726793944, 'PZU': 0.12585034013605442, 'PEO': 0.08953258722843976, 'KGH': 0.06583278472679395, 'SPL': 0.06495501426377003, 'LPP': 0.05584814570989686, 'PGE': 0.05102040816326531, 'CDR': 0.05069124423963134, 'CPS': 0.032916392363396975, 'CCC': 0.028198376124643404, 'MBK': 0.027978933508887423, 'ALR': 0.024577572964669742, 'JSW': 0.020517884573184115, 'OPL': 0.017006802721088437, 'TPE': 0.01217906517445688, 'ENG': 0.009984639016897081}"
12,2019-01-17,103112.13832720953,-2.9103830456733704e-11,"{'PKO': 0.16458196181698487, 'PKN': 0.15832784726793944, 'PZU': 0.12585034013605442, 'PEO': 0.08953258722843976, 'KGH': 0.06583278472679395, 'SPL': 0.06495501426377003, 'LPP': 0.05584814570989686, 'PGE': 0.05102040816326531, 'CDR': 0.05069124423963134, 'CPS': 0.032916392363396975, 'CCC': 0.028198376124643404, 'MBK': 0.027978933508887423, 'ALR': 0.024577572964669742, 'JSW': 0.020517884573184115, 'OPL': 0.017006802721088437, 'TPE': 0.01217906517445688, 'ENG': 0.009984639016897081}"
13,2019-01-18,103981.9190171508,-2.9103830456733704e-11,"{'PKO': 0.16458196181698487, 'PKN': 0.15832784726793944, 'PZU': 0.12585034013605442, 'PEO': 0.08953258722843976, 'KGH': 0.06583278472679395, 'SPL': 0.06495501426377003, 'LPP': 0.05584814570989686, 'PGE': 0.05102040816326531, 'CDR': 0.05069124423963134, 'CPS': 0.032916392363396975, 'CCC': 0.028198376124643404, 'MBK': 0.027978933508887423, 'ALR': 0.024577572964669742, 'JSW': 0.020517884573184115, 'OPL': 0.017006802721088437, 'TPE': 0.01217906517445688, 'ENG': 0.009984639016897081}"
14,2019-01-21,103174.6750557872,-2.9103830456733704e-11,"{'PKO': 0.16458196181698487, 'PKN': 0.15832784726793944, 'PZU': 0.12585034013605442, 'PEO': 0.08953258722843976, 'KGH': 0.06583278472679395, 'SPL': 0.06495501426377003, 'LPP': 0.05584814570989686, 'PGE': 0.05102040816326531, 'CDR': 0.05069124423963134, 'CPS': 0.032916392363396975, 'CCC': 0.028198376124643404, 'MBK': 0.027978933508887423, 'ALR': 0.024577572964669742, 'JSW': 0.020517884573184115, 'OPL': 0.017006802721088437, 'TPE': 0.01217906517445688, 'ENG': 0.009984639016897081}"
15,2019-01-22,103182.54954656928,-2.9103830456733704e-11,"{'PKO': 0.16458196181698487, 'PKN': 0.15832784726793944, 'PZU': 0.12585034013605442, 'PEO': 0.08953258722843976, 'KGH': 0.06583278472679395, 'SPL': 0.06495501426377003, 'LPP': 0.05584814570989686, 'PGE': 0.05102040816326531, 'CDR': 0.05069124423963134, 'CPS': 0.032916392363396975, 'CCC': 0.028198376124643404, 'MBK': 0.027978933508887423, 'ALR': 0.024577572964669742, 'JSW': 0.020517884573184115, 'OPL': 0.017006802721088437, 'TPE': 0.01217906517445688, 'ENG': 0.009984639016897081}"
16,2019-01-23,105312.54558962771,-2.9103830456733704e-11,"{'PKO': 0.16458196181698487, 'PKN': 0.15832784726793944, 'PZU': 0.12585034013605442, 'PEO': 0.08953258722843976, 'KGH': 0.06583278472679395, 'SPL': 0.06495501426377003, 'LPP': 0.05584814570989686, 'PGE': 0.05102040816326531, 'CDR': 0.05069124423963134, 'CPS': 0.032916392363396975, 'CCC': 0.028198376124643404, 'MBK': 0.027978933508887423, 'ALR': 0.024577572964669742, 'JSW': 0.020517884573184115, 'OPL': 0.017006802721088437, 'TPE': 0.01217906517445688, 'ENG': 0.009984639016897081}"
17,2019-01-24,105347.1331149801,-2.9103830456733704e-11,"{'PKO': 0.16458196181698487, 'PKN': 0.15832784726793944, 'PZU': 0.12585034013605442, 'PEO': 0.08953258722843976, 'KGH': 0.06583278472679395, 'SPL': 0.06495501426377003, 'LPP': 0.05584814570989686, 'PGE': 0.05102040816326531, 'CDR': 0.05069124423963134, 'CPS': 0.032916392363396975, 'CCC': 0.028198376124643404, 'MBK': 0.027978933508887423, 'ALR': 0.024577572964669742, 'JSW': 0.020517884573184115, 'OPL': 0.017006802721088437, 'TPE': 0.01217906517445688, 'ENG': 0.009984639016897081}"
18,2019-01-25,105027.56785588745,-2.9103830456733704e-11,"{'PKO': 0.16458196181698487, 'PKN': 0.15832784726793944, 'PZU': 0.12585034013605442, 'PEO': 0.08953258722843976, 'KGH': 0.06583278472679395, 'SPL': 0.06495501426377003, 'LPP': 0.05584814570989686, 'PGE': 0.05102040816326531, 'CDR': 0.05069124423963134, 'CPS': 0.032916392363396975, 'CCC': 0.028198376124643404, 'MBK': 0.027978933508887423, 'ALR': 0.024577572964669742, 'JSW': 0.020517884573184115, 'OPL': 0.017006802721088437, 'TPE': 0.01217906517445688, 'ENG': 0.009984639016897081}"
19,2019-01-28,103897.26030100536,-2.9103830456733704e-11,"{'PKO': 0.16458196181698487, 'PKN': 0.15832784726793944, 'PZU': 0.12585034013605442, 'PEO': 0.08953258722843976, 'KGH': 0.06583278472679395, 'SPL': 0.06495501426377003, 'LPP': 0.05584814570989686, 'PGE': 0.05102040816326531, 'CDR': 0.05069124423963134, 'CPS': 0.032916392363396975, 'CCC': 0.028198376124643404, 'MBK': 0.027978933508887423, 'ALR': 0.024577572964669742, 'JSW': 0.020517884573184115, 'OPL': 0.017006802721088437, 'TPE': 0.01217906517445688, 'ENG': 0.009984639016897081}"
20,2019-01-29,104145.93337395857,-2.9103830456733704e-11,"{'PKO': 0.16458196181698487, 'PKN': 0.15832784726793944, 'PZU': 0.12585034013605442, 'PEO': 0.08953258722843976, 'KGH': 0.06583278472679395, 'SPL': 0.06495501426377003, 'LPP': 0.05584814570989686, 'PGE': 0.05102040816326531, 'CDR': 0.05069124423963134, 'CPS': 0.032916392363396975, 'CCC': 0.028198376124643404, 'MBK': 0.027978933508887423, 'ALR': 0.024577572964669742, 'JSW': 0.020517884573184115, 'OPL': 0.017006802721088437, 'TPE': 0.01217906517445688, 'ENG': 0.009984639016897081}"
21,2019-01-30,103346.07813669964,-2.9103830456733704e-11,"{'PKO': 0.16458196181698487, 'PKN': 0.15832784726793944, 'PZU': 0.12585034013605442, 'PEO': 0.08953258722843976, 'KGH': 0.06583278472679395, 'SPL': 0.06495501426377003, 'LPP': 0.05584814570989686, 'PGE': 0.05102040816326531, 'CDR': 0.05069124423963134, 'CPS': 0.032916392363396975, 'CCC': 0.028198376124643404, 'MBK': 0.027978933508887423, 'ALR': 0.024577572964669742, 'JSW': 0.020517884573184115, 'OPL': 0.017006802721088437, 'TPE': 0.01217906517445688, 'ENG': 0.009984639016897081}"
22,2019-01-31,104275.90916398076,-2.9103830456733704e-11,"{'PKO': 0.16458196181698487, 'PKN': 0.15832784726793944, 'PZU': 0.12585034013605442, 'PEO': 0.08953258722843976, 'KGH': 0.06583278472679395, 'SPL': 0.06495501426377003, 'LPP': 0.05584814570989686, 'PGE': 0.05102040816326531, 'CDR': 0.05069124423963134, 'CPS': 0.032916392363396975, 'CCC': 0.028198376124643404, 'MBK': 0.027978933508887423, 'ALR': 0.024577572964669742, 'JSW': 0.020517884573184115, 'OPL': 0.017006802721088437, 'TPE': 0.01217906517445688, 'ENG': 0.009984639016897081}"
23,2019-02-01,105000.6632709511,-2.9103830456733704e-11,"{'PKO': 0.16458196181698487, 'PKN': 0.15832784726793944, 'PZU': 0.12585034013605442, 'PEO': 0.08953258722843976, 'KGH': 0.06583278472679395, 'SPL': 0.06495501426377003, 'LPP': 0.05584814570989686, 'PGE': 0.05102040816326531, 'CDR': 0.05069124423963134, 'CPS': 0.032916392363396975, 'CCC': 0.028198376124643404, 'MBK': 0.027978933508887423, 'ALR': 0.024577572964669742, 'JSW': 0.020517884573184115, 'OPL': 0.017006802721088437, 'TPE': 0.01217906517445688, 'ENG': 0.009984639016897081}"
24,2019-02-04,104952.16924211872,-2.9103830456733704e-11,"{'PKO': 0.16458196181698487, 'PKN': 0.15832784726793944, 'PZU': 0.12585034013605442, 'PEO': 0.08953258722843976, 'KGH': 0.06583278472679395, 'SPL': 0.06495501426377003, 'LPP': 0.05584814570989686, 'PGE': 0.05102040816326531, 'CDR': 0.05069124423963134, 'CPS': 0.032916392363396975, 'CCC': 0.028198376124643404, 'MBK': 0.027978933508887423, 'ALR': 0.024577572964669742, 'JSW': 0.020517884573184115, 'OPL': 0.017006802721088437, 'TPE': 0.01217906517445688, 'ENG': 0.009984639016897081}"
25,2019-02-05,105764.7466970626,-2.9103830456733704e-11,"{'PKO': 0.16458196181698487, 'PKN': 0.15832784726793944, 'PZU': 0.12585034013605442, 'PEO': 0.08953258722843976, 'KGH': 0.06583278472679395, 'SPL': 0.06495501426377003, 'LPP': 0.05584814570989686, 'PGE': 0.05102040816326531, 'CDR': 0.05069124423963134, 'CPS': 0.032916392363396975, 'CCC': 0.028198376124643404, 'MBK': 0.027978933508887423, 'ALR': 0.024577572964669742, 'JSW': 0.020517884573184115, 'OPL': 0.017006802721088437, 'TPE': 0.01217906517445688, 'ENG': 0.009984639016897081}"
26,2019-02-06,105966.13609015434,-2.9103830456733704e-11,"{'PKO': 0.16458196181698487, 'PKN': 0.15832784726793944, 'PZU': 0.12585034013605442, 'PEO': 0.08953258722843976, 'KGH': 0.06583278472679395, 'SPL': 0.06495501426377003, 'LPP': 0.05584814570989686, 'PGE': 0.05102040816326531, 'CDR': 0.05069124423963134, 'CPS': 0.032916392363396975, 'CCC': 0.028198376124643404, 'MBK': 0.027978933508887423, 'ALR': 0.024577572964669742, 'JSW': 0.020517884573184115, 'OPL': 0.017006802721088437, 'TPE': 0.01217906517445688, 'ENG': 0.009984639016897081}"
27,2019-02-07,104172.29485700415,-2.9103830456733704e-11,"{'PKO': 0.16458196181698487, 'PKN': 0.15832784726793944, 'PZU': 0.12585034013605442, 'PEO': 0.08953258722843976, 'KGH': 0.06583278472679395, 'SPL': 0.06495501426377003, 'LPP': 0.05584814570989686, 'PGE': 0.05102040816326531, 'CDR': 0.05069124423963134, 'CPS': 0.032916392363396975, 'CCC': 0.028198376124643404, 'MBK': 0.027978933508887423, 'ALR': 0.024577572964669742, 'JSW': 0.020517884573184115, 'OPL': 0.017006802721088437, 'TPE': 0.01217906517445688, 'ENG': 0.009984639016897081}"
28,2019-02-08,103434.152506937,-2.9103830456733704e-11,"{'PKO': 0.16458196181698487, 'PKN': 0.15832784726793944, 'PZU': 0.12585034013605442, 'PEO': 0.08953258722843976, 'KGH': 0.06583278472679395, 'SPL': 0.06495501426377003, 'LPP': 0.05584814570989686, 'PGE': 0.05102040816326531, 'CDR': 0.05069124423963134, 'CPS': 0.032916392363396975, 'CCC': 0.028198376124643404, 'MBK': 0.027978933508887423, 'ALR': 0.024577572964669742, 'JSW': 0.020517884573184115, 'OPL': 0.017006802721088437, 'TPE': 0.01217906517445688, 'ENG': 0.009984639016897081}"
29,2019-02-11,103486.85326775804,-2.9103830456733704e-11,"{'PKO': 0.16458196181698487, 'PKN': 0.15832784726793944, 'PZU': 0.12585034013605442, 'PEO': 0.08953258722843976, 'KGH': 0.06583278472679395, 'SPL': 0.06495501426377003, 'LPP': 0.05584814570989686, 'PGE': 0.05102040816326531, 'CDR': 0.05069124423963134, 'CPS': 0.032916392363396975, 'CCC': 0.028198376124643404, 'MBK': 0.027978933508887423, 'ALR': 0.024577572964669742, 'JSW': 0.020517884573184115, 'OPL': 0.017006802721088437, 'TPE': 0.01217906517445688, 'ENG': 0.009984639016897081}"
30,2019-02-12,104183.56354333155,-2.9103830456733704e-11,"{'PKO': 0.16458196181698487, 'PKN': 0.15832784726793944, 'PZU': 0.12585034013605442, 'PEO': 0.08953258722843976, 'KGH': 0.06583278472679395, 'SPL': 0.06495501426377003, 'LPP': 0.05584814570989686, 'PGE': 0.05102040816326531, 'CDR': 0.05069124423963134, 'CPS': 0.032916392363396975, 'CCC': 0.028198376124643404, 'MBK': 0.027978933508887423, 'ALR': 0.024577572964669742, 'JSW': 0.020517884573184115, 'OPL': 0.017006802721088437, 'TPE': 0.01217906517445688, 'ENG': 0.009984639016897081}"
31,2019-02-13,102995.13720782015,-2.9103830456733704e-11,"{'PKO': 0.16458196181698487, 'PKN': 0.15832784726793944, 'PZU': 0.12585034013605442, 'PEO': 0.08953258722843976, 'KGH': 0.06583278472679395, 'SPL': 0.06495501426377003, 'LPP': 0.05584814570989686, 'PGE': 0.05102040816326531, 'CDR': 0.05069124423963134, 'CPS': 0.032916392363396975, 'CCC': 0.028198376124643404, 'MBK': 0.027978933508887423, 'ALR': 0.024577572964669742, 'JSW': 0.020517884573184115, 'OPL': 0.017006802721088437, 'TPE': 0.01217906517445688, 'ENG': 0.009984639016897081}"
32,2019-02-14,102023.93011917325,-2.9103830456733704e-11,"{'PKO': 0.16458196181698487, 'PKN': 0.15832784726793944, 'PZU': 0.12585034013605442, 'PEO': 0.08953258722843976, 'KGH': 0.06583278472679395, 'SPL': 0.06495501426377003, 'LPP': 0.05584814570989686, 'PGE': 0.05102040816326531, 'CDR': 0.05069124423963134, 'CPS': 0.032916392363396975, 'CCC': 0.028198376124643404, 'MBK': 0.027978933508887423, 'ALR': 0.024577572964669742, 'JSW': 0.020517884573184115, 'OPL': 0.017006802721088437, 'TPE': 0.01217906517445688, 'ENG': 0.009984639016897081}"
33,2019-02-15,102904.9781012602,-2.9103830456733704e-11,"{'PKO': 0.16458196181698487, 'PKN': 0.15832784726793944, 'PZU': 0.12585034013605442, 'PEO': 0.08953258722843976, 'KGH': 0.06583278472679395, 'SPL': 0.06495501426377003, 'LPP': 0.05584814570989686, 'PGE': 0.05102040816326531, 'CDR': 0.05069124423963134, 'CPS': 0.032916392363396975, 'CCC': 0.028198376124643404, 'MBK': 0.027978933508887423, 'ALR': 0.024577572964669742, 'JSW': 0.020517884573184115, 'OPL': 0.017006802721088437, 'TPE': 0.01217906517445688, 'ENG': 0.009984639016897081}"
34,2019-02-18,102279.08702711588,-2.9103830456733704e-11,"{'PKO': 0.16458196181698487, 'PKN': 0.15832784726793944, 'PZU': 0.12585034013605442, 'PEO': 0.08953258722843976, 'KGH': 0.06583278472679395, 'SPL': 0.06495501426377003, 'LPP': 0.05584814570989686, 'PGE': 0.05102040816326531, 'CDR': 0.05069124423963134, 'CPS': 0.032916392363396975, 'CCC': 0.028198376124643404, 'MBK': 0.027978933508887423, 'ALR': 0.024577572964669742, 'JSW': 0.020517884573184115, 'OPL': 0.017006802721088437, 'TPE': 0.01217906517445688, 'ENG': 0.009984639016897081}"
35,2019-02-19,102122.90150608776,-2.9103830456733704e-11,"{'PKO': 0.16458196181698487, 'PKN': 0.15832784726793944, 'PZU': 0.12585034013605442, 'PEO': 0.08953258722843976, 'KGH': 0.06583278472679395, 'SPL': 0.06495501426377003, 'LPP': 0.05584814570989686, 'PGE': 0.05102040816326531, 'CDR': 0.05069124423963134, 'CPS': 0.032916392363396975, 'CCC': 0.028198376124643404, 'MBK': 0.027978933508887423, 'ALR': 0.024577572964669742, 'JSW': 0.020517884573184115, 'OPL': 0.017006802721088437, 'TPE': 0.01217906517445688, 'ENG': 0.009984639016897081}"
36,2019-02-20,104118.7271629774,-2.9103830456733704e-11,"{'PKO': 0.16458196181698487, 'PKN': 0.15832784726793944, 'PZU': 0.12585034013605442, 'PEO': 0.08953258722843976, 'KGH': 0.06583278472679395, 'SPL': 0.06495501426377003, 'LPP': 0.05584814570989686, 'PGE': 0.05102040816326531, 'CDR': 0.05069124423963134, 'CPS': 0.032916392363396975, 'CCC': 0.028198376124643404, 'MBK': 0.027978933508887423, 'ALR': 0.024577572964669742, 'JSW': 0.020517884573184115, 'OPL': 0.017006802721088437, 'TPE': 0.01217906517445688, 'ENG': 0.009984639016897081}"
37,2019-02-21,102892.26062403551,-2.9103830456733704e-11,"{'PKO': 0.16458196181698487, 'PKN': 0.15832784726793944, 'PZU': 0.12585034013605442, 'PEO': 0.08953258722843976, 'KGH': 0.06583278472679395, 'SPL': 0.06495501426377003, 'LPP': 0.05584814570989686, 'PGE': 0.05102040816326531, 'CDR': 0.05069124423963134, 'CPS': 0.032916392363396975, 'CCC': 0.028198376124643404, 'MBK': 0.027978933508887423, 'ALR': 0.024577572964669742, 'JSW': 0.020517884573184115, 'OPL': 0.017006802721088437, 'TPE': 0.01217906517445688, 'ENG': 0.009984639016897081}"
38,2019-02-22,103537.84766434776,-2.9103830456733704e-11,"{'PKO': 0.16458196181698487, 'PKN': 0.15832784726793944, 'PZU': 0.12585034013605442, 'PEO': 0.08953258722843976, 'KGH': 0.06583278472679395, 'SPL': 0.06495501426377003, 'LPP': 0.05584814570989686, 'PGE': 0.05102040816326531, 'CDR': 0.05069124423963134, 'CPS': 0.032916392363396975, 'CCC': 0.028198376124643404, 'MBK': 0.027978933508887423, 'ALR': 0.024577572964669742, 'JSW': 0.020517884573184115, 'OPL': 0.017006802721088437, 'TPE': 0.01217906517445688, 'ENG': 0.009984639016897081}"
39,2019-02-25,104221.13095401246,-2.9103830456733704e-11,"{'PKO': 0.16458196181698487, 'PKN': 0.15832784726793944, 'PZU': 0.12585034013605442, 'PEO': 0.08953258722843976, 'KGH': 0.06583278472679395, 'SPL': 0.06495501426377003, 'LPP': 0.05584814570989686, 'PGE': 0.05102040816326531, 'CDR': 0.05069124423963134, 'CPS': 0.032916392363396975, 'CCC': 0.028198376124643404, 'MBK': 0.027978933508887423, 'ALR': 0.024577572964669742, 'JSW': 0.020517884573184115, 'OPL': 0.017006802721088437, 'TPE': 0.01217906517445688, 'ENG': 0.009984639016897081}"
40,2019-02-26,103839.32397775036,-2.9103830456733704e-11,"{'PKO': 0.16458196181698487, 'PKN': 0.15832784726793944, 'PZU': 0.12585034013605442, 'PEO': 0.08953258722843976, 'KGH': 0.06583278472679395, 'SPL': 0.06495501426377003, 'LPP': 0.05584814570989686, 'PGE': 0.05102040816326531, 'CDR': 0.05069124423963134, 'CPS': 0.032916392363396975, 'CCC': 0.028198376124643404, 'MBK': 0.027978933508887423, 'ALR': 0.024577572964669742, 'JSW': 0.020517884573184115, 'OPL': 0.017006802721088437, 'TPE': 0.01217906517445688, 'ENG': 0.009984639016897081}"
41,2019-02-27,102573.82935813275,-2.9103830456733704e-11,"{'PKO': 0.16458196181698487, 'PKN': 0.15832784726793944, 'PZU': 0.12585034013605442, 'PEO': 0.08953258722843976, 'KGH': 0.06583278472679395, 'SPL': 0.06495501426377003, 'LPP': 0.05584814570989686, 'PGE': 0.05102040816326531, 'CDR': 0.05069124423963134, 'CPS': 0.032916392363396975, 'CCC': 0.028198376124643404, 'MBK': 0.027978933508887423, 'ALR': 0.024577572964669742, 'JSW': 0.020517884573184115, 'OPL': 0.017006802721088437, 'TPE': 0.01217906517445688, 'ENG': 0.009984639016897081}"
42,2019-02-28,102459.14048374312,-2.9103830456733704e-11,"{'PKO': 0.16458196181698487, 'PKN': 0.15832784726793944, 'PZU': 0.12585034013605442, 'PEO': 0.08953258722843976, 'KGH': 0.06583278472679395, 'SPL': 0.06495501426377003, 'LPP': 0.05584814570989686, 'PGE': 0.05102040816326531, 'CDR': 0.05069124423963134, 'CPS': 0.032916392363396975, 'CCC': 0.028198376124643404, 'MBK': 0.027978933508887423, 'ALR': 0.024577572964669742, 'JSW': 0.020517884573184115, 'OPL': 0.017006802721088437, 'TPE': 0.01217906517445688, 'ENG': 0.009984639016897081}"
43,2019-03-01,102563.42668530442,-2.9103830456733704e-11,"{'PKO': 0.16458196181698487, 'PKN': 0.15832784726793944, 'PZU': 0.12585034013605442, 'PEO': 0.08953258722843976, 'KGH': 0.06583278472679395, 'SPL': 0.06495501426377003, 'LPP': 0.05584814570989686, 'PGE': 0.05102040816326531, 'CDR': 0.05069124423963134, 'CPS': 0.032916392363396975, 'CCC': 0.028198376124643404, 'MBK': 0.027978933508887423, 'ALR': 0.024577572964669742, 'JSW': 0.020517884573184115, 'OPL': 0.017006802721088437, 'TPE': 0.01217906517445688, 'ENG': 0.009984639016897081}"
44,2019-03-04,102495.71141814518,-2.9103830456733704e-11,"{'PKO': 0.16458196181698487, 'PKN': 0.15832784726793944, 'PZU': 0.12585034013605442, 'PEO': 0.08953258722843976, 'KGH': 0.06583278472679395, 'SPL': 0.06495501426377003, 'LPP': 0.05584814570989686, 'PGE': 0.05102040816326531, 'CDR': 0.05069124423963134, 'CPS': 0.032916392363396975, 'CCC': 0.028198376124643404, 'MBK': 0.027978933508887423, 'ALR': 0.024577572964669742, 'JSW': 0.020517884573184115, 'OPL': 0.017006802721088437, 'TPE': 0.01217906517445688, 'ENG': 0.009984639016897081}"
45,2019-03-05,102005.34844779047,1.4551915228366852e-11,"{'PZU': 0.11606869216610764, 'CDR': 0.06402946947076311, 'CPS': 0.03550247677841802, 'CCC': 0.026870426822309047, 'PTW': 0.1558283941426414, 'BIP': 0.14552788429788086, 'EHG': 0.08982541838249503, 'IZO': 0.07377608799573396, 'BST': 0.0670915665341774, 'CSR': 0.055796371410995436, 'JWW': 0.054719019521982014, 'MBR': 0.028310377273343474, 'EKP': 0.02801083119106774, 'MOJ': 0.01896976143811074, 'PMA': 0.016860926882828697, 'PRT': 0.012375784921600701, 'NTU': 0.010436510769544579}"
46,2019-03-06,101661.3530048667,1.4551915228366852e-11,"{'PZU': 0.11606869216610764, 'CDR': 0.06402946947076311, 'CPS': 0.03550247677841802, 'CCC': 0.026870426822309047, 'PTW': 0.1558283941426414, 'BIP': 0.14552788429788086, 'EHG': 0.08982541838249503, 'IZO': 0.07377608799573396, 'BST': 0.0670915665341774, 'CSR': 0.055796371410995436, 'JWW': 0.054719019521982014, 'MBR': 0.028310377273343474, 'EKP': 0.02801083119106774, 'MOJ': 0.01896976143811074, 'PMA': 0.016860926882828697, 'PRT': 0.012375784921600701, 'NTU': 0.010436510769544579}"
47,2019-03-07,101175.70915797696,1.4551915228366852e-11,"{'PZU': 0.11606869216610764, 'CDR': 0.06402946947076311, 'CPS': 0.03550247677841802, 'CCC': 0.026870426822309047, 'PTW': 0.1558283941426414, 'BIP': 0.14552788429788086, 'EHG': 0.08982541838249503, 'IZO': 0.07377608799573396, 'BST': 0.0670915665341774, 'CSR': 0.055796371410995436, 'JWW': 0.054719019521982014, 'MBR': 0.028310377273343474, 'EKP': 0.02801083119106774, 'MOJ': 0.01896976143811074, 'PMA': 0.016860926882828697, 'PRT': 0.012375784921600701, 'NTU': 0.010436510769544579}"
48,2019-03-08,101626.32451532719,1.4551915228366852e-11,"{'PZU': 0.11606869216610764, 'CDR': 0.06402946947076311, 'CPS': 0.03550247677841802, 'CCC': 0.026870426822309047, 'PTW': 0.1558283941426414, 'BIP': 0.14552788429788086, 'EHG': 0.08982541838249503, 'IZO': 0.07377608799573396, 'BST': 0.0670915665341774, 'CSR': 0.055796371410995436, 'JWW': 0.054719019521982014, 'MBR': 0.028310377273343474, 'EKP': 0.02801083119106774, 'MOJ': 0.01896976143811074, 'PMA': 0.016860926882828697, 'PRT': 0.012375784921600701, 'NTU': 0.010436510769544579}"
49,2019-03-11,100223.00971670738,1.4551915228366852e-11,"{'PZU': 0.11606869216610764, 'CDR': 0.06402946947076311, 'CPS': 0.03550247677841802, 'CCC': 0.026870426822309047, 'PTW': 0.1558283941426414, 'BIP': 0.14552788429788086, 'EHG': 0.08982541838249503, 'IZO': 0.07377608799573396, 'BST': 0.0670915665341774, 'CSR': 0.055796371410995436, 'JWW': 0.054719019521982014, 'MBR': 0.028310377273343474, 'EKP': 0.02801083119106774, 'MOJ': 0.01896976143811074, 'PMA': 0.016860926882828697, 'PRT': 0.012375784921600701, 'NTU': 0.010436510769544579}"
50,2019-03-12,100703.8646756569,1.4551915228366852e-11,"{'PZU': 0.11606869216610764, 'CDR': 0.06402946947076311, 'CPS': 0.03550247677841802, 'CCC': 0.026870426822309047, 'PTW': 0.1558283941426414, 'BIP': 0.14552788429788086, 'EHG': 0.08982541838249503, 'IZO': 0.07377608799573396, 'BST': 0.0670915665341774, 'CSR': 0.055796371410995436, 'JWW': 0.054719019521982014, 'MBR': 0.028310377273343474, 'EKP': 0.02801083119106774, 'MOJ': 0.01896976143811074, 'PMA': 0.016860926882828697, 'PRT': 0.012375784921600701, 'NTU': 0.010436510769544579}"
51,2019-03-13,103520.61769576675,1.4551915228366852e-11,"{'PZU': 0.11606869216610764, 'CDR': 0.06402946947076311, 'CPS': 0.03550247677841802, 'CCC': 0.026870426822309047, 'PTW': 0.1558283941426414, 'BIP': 0.14552788429788086, 'EHG': 0.08982541838249503, 'IZO': 0.07377608799573396, 'BST': 0.0670915665341774, 'CSR': 0.055796371410995436, 'JWW': 0.054719019521982014, 'MBR': 0.028310377273343474, 'EKP': 0.02801083119106774, 'MOJ': 0.01896976143811074, 'PMA': 0.016860926882828697, 'PRT': 0.012375784921600701, 'NTU': 0.010436510769544579}"
52,2019-03-14,106341.44545525192,1.4551915228366852e-11,"{'PZU': 0.11606869216610764, 'CDR': 0.06402946947076311, 'CPS': 0.03550247677841802, 'CCC': 0.026870426822309047, 'PTW': 0.1558283941426414, 'BIP': 0.14552788429788086, 'EHG': 0.08982541838249503, 'IZO': 0.07377608799573396, 'BST': 0.0670915665341774, 'CSR': 0.055796371410995436, 'JWW': 0.054719019521982014, 'MBR': 0.028310377273343474, 'EKP': 0.02801083119106774, 'MOJ': 0.01896976143811074, 'PMA': 0.016860926882828697, 'PRT': 0.012375784921600701, 'NTU': 0.010436510769544579}"
53,2019-03-15,109555.81602449848,-1.4551915228366852e-11,"{'PKO': 0.16635244538094715, 'PKN': 0.15027170899412226, 'PZU': 0.12188089164910729, 'PEO': 0.08883220583342577, 'KGH': 0.06543196184983921, 'SPL': 0.06376843739602973, 'CDR': 0.06177220805145838, 'LPP': 0.050903848286569825, 'PGE': 0.04824220916047467, 'CPS': 0.034490407008983044, 'MBK': 0.02872352223577687, 'ALR': 0.025729178218919825, 'CCC': 0.024509260286126214, 'DNP': 0.022513030941554844, 'OPL': 0.017744260840634362, 'JSW': 0.016635244538094715, 'TPE': 0.012199179327936125}"
54,2019-03-18,109646.33069108844,-1.4551915228366852e-11,"{'PKO': 0.16635244538094715, 'PKN': 0.15027170899412226, 'PZU': 0.12188089164910729, 'PEO': 0.08883220583342577, 'KGH': 0.06543196184983921, 'SPL': 0.06376843739602973, 'CDR': 0.06177220805145838, 'LPP': 0.050903848286569825, 'PGE': 0.04824220916047467, 'CPS': 0.034490407008983044, 'MBK': 0.02872352223577687, 'ALR': 0.025729178218919825, 'CCC': 0.024509260286126214, 'DNP': 0.022513030941554844, 'OPL': 0.017744260840634362, 'JSW': 0.016635244538094715, 'TPE': 0.012199179327936125}"
55,2019-03-19,110168.14068609045,-1.4551915228366852e-11,"{'PKO': 0.16635244538094715, 'PKN': 0.15027170899412226, 'PZU': 0.12188089164910729, 'PEO': 0.08883220583342577, 'KGH': 0.06543196184983921, 'SPL': 0.06376843739602973, 'CDR': 0.06177220805145838, 'LPP': 0.050903848286569825, 'PGE': 0.04824220916047467, 'CPS': 0.034490407008983044, 'MBK': 0.02872352223577687, 'ALR': 0.025729178218919825, 'CCC': 0.024509260286126214, 'DNP': 0.022513030941554844, 'OPL': 0.017744260840634362, 'JSW': 0.016635244538094715, 'TPE': 0.012199179327936125}"
56,2019-03-20,110360.00401306085,-1.4551915228366852e-11,"{'PKO': 0.16635244538094715, 'PKN': 0.15027170899412226, 'PZU': 0.12188089164910729, 'PEO': 0.08883220583342577, 'KGH': 0.06543196184983921, 'SPL': 0.06376843739602973, 'CDR': 0.06177220805145838, 'LPP': 0.050903848286569825, 'PGE': 0.04824220916047467, 'CPS': 0.034490407008983044, 'MBK': 0.02872352223577687, 'ALR': 0.025729178218919825, 'CCC': 0.024509260286126214, 'DNP': 0.022513030941554844, 'OPL': 0.017744260840634362, 'JSW': 0.016635244538094715, 'TPE': 0.012199179327936125}"
57,2019-03-21,110480.999710147,-1.4551915228366852e-11,"{'PKO': 0.16635244538094715, 'PKN': 0.15027170899412226, 'PZU': 0.12188089164910729, 'PEO': 0.08883220583342577, 'KGH': 0.06543196184983921, 'SPL': 0.06376843739602973, 'CDR': 0.06177220805145838, 'LPP': 0.050903848286569825, 'PGE': 0.04824220916047467, 'CPS': 0.034490407008983044, 'MBK': 0.02872352223577687, 'ALR': 0.025729178218919825, 'CCC': 0.024509260286126214, 'DNP': 0.022513030941554844, 'OPL': 0.017744260840634362, 'JSW': 0.016635244538094715, 'TPE': 0.012199179327936125}"
58,2019-03-22,108629.99379359247,-1.4551915228366852e-11,"{'PKO': 0.16635244538094715, 'PKN': 0.15027170899412226, 'PZU': 0.12188089164910729, 'PEO': 0.08883220583342577, 'KGH': 0.06543196184983921, 'SPL': 0.06376843739602973, 'CDR': 0.06177220805145838, 'LPP': 0.050903848286569825, 'PGE': 0.04824220916047467, 'CPS': 0.034490407008983044, 'MBK': 0.02872352223577687, 'ALR': 0.025729178218919825, 'CCC': 0.024509260286126214, 'DNP': 0.022513030941554844, 'OPL': 0.017744260840634362, 'JSW': 0.016635244538094715, 'TPE': 0.012199179327936125}"
59,2019-03-25,108372.31826680957,-1.4551915228366852e-11,"{'PKO': 0.16635244538094715, 'PKN': 0.15027170899412226, 'PZU': 0.12188089164910729, 'PEO': 0.08883220583342577, 'KGH': 0.06543196184983921, 'SPL': 0.06376843739602973, 'CDR': 0.06177220805145838, 'LPP': 0.050903848286569825, 'PGE': 0.04824220916047467, 'CPS': 0.034490407008983044, 'MBK': 0.02872352223577687, 'ALR': 0.025729178218919825, 'CCC': 0.024509260286126214, 'DNP': 0.022513030941554844, 'OPL': 0.017744260840634362, 'JSW': 0.016635244538094715, 'TPE': 0.012199179327936125}"
60,2019-03-26,108966.64412396241,-1.4551915228366852e-11,"{'PKO': 0.16635244538094715, 'PKN': 0.15027170899412226, 'PZU': 0.12188089164910729, 'PEO': 0.08883220583342577, 'KGH': 0.06543196184983921, 'SPL': 0.06376843739602973, 'CDR': 0.06177220805145838, 'LPP': 0.050903848286569825, 'PGE': 0.04824220916047467, 'CPS': 0.034490407008983044, 'MBK': 0.02872352223577687, 'ALR': 0.025729178218919825, 'CCC': 0.024509260286126214, 'DNP': 0.022513030941554844, 'OPL': 0.017744260840634362, 'JSW': 0.016635244538094715, 'TPE': 0.012199179327936125}"
61,2019-03-27,108495.58663573596,-1.4551915228366852e-11,"{'PKO': 0.16635244538094715, 'PKN': 0.15027170899412226, 'PZU': 0.12188089164910729, 'PEO': 0.08883220583342577, 'KGH': 0.06543196184983921, 'SPL': 0.06376843739602973, 'CDR': 0.06177220805145838, 'LPP': 0.050903848286569825, 'PGE': 0.04824220916047467, 'CPS': 0.034490407008983044, 'MBK': 0.02872352223577687, 'ALR': 0.025729178218919825, 'CCC': 0.024509260286126214, 'DNP': 0.022513030941554844, 'OPL': 0.017744260840634362, 'JSW': 0.016635244538094715, 'TPE': 0.012199179327936125}"
62,2019-03-28,108391.49310783637,-1.4551915228366852e-11,"{'PKO': 0.16635244538094715, 'PKN': 0.15027170899412226, 'PZU': 0.12188089164910729, 'PEO': 0.08883220583342577, 'KGH': 0.06543196184983921, 'SPL': 0.06376843739602973, 'CDR': 0.06177220805145838, 'LPP': 0.050903848286569825, 'PGE': 0.04824220916047467, 'CPS': 0.034490407008983044, 'MBK': 0.02872352223577687, 'ALR': 0.025729178218919825, 'CCC': 0.024509260286126214, 'DNP': 0.022513030941554844, 'OPL': 0.017744260840634362, 'JSW': 0.016635244538094715, 'TPE': 0.012199179327936125}"
63,2019-03-29,108316.75044001132,-1.4551915228366852e-11,"{'PKO': 0.16635244538094715, 'PKN': 0.15027170899412226, 'PZU': 0.12188089164910729, 'PEO': 0.08883220583342577, 'KGH': 0.06543196184983921, 'SPL': 0.06376843739602973, 'CDR': 0.06177220805145838, 'LPP': 0.050903848286569825, 'PGE': 0.04824220916047467, 'CPS': 0.034490407008983044, 'MBK': 0.02872352223577687, 'ALR': 0.025729178218919825, 'CCC': 0.024509260286126214, 'DNP': 0.022513030941554844, 'OPL': 0.017744260840634362, 'JSW': 0.016635244538094715, 'TPE': 0.012199179327936125}"
64,2019-04-01,109582.10537106413,-1.4551915228366852e-11,"{'PKO': 0.16635244538094715, 'PKN': 0.15027170899412226, 'PZU': 0.12188089164910729, 'PEO': 0.08883220583342577, 'KGH': 0.06543196184983921, 'SPL': 0.06376843739602973, 'CDR': 0.06177220805145838, 'LPP': 0.050903848286569825, 'PGE': 0.04824220916047467, 'CPS': 0.034490407008983044, 'MBK': 0.02872352223577687, 'ALR': 0.025729178218919825, 'CCC': 0.024509260286126214, 'DNP': 0.022513030941554844, 'OPL': 0.017744260840634362, 'JSW': 0.016635244538094715, 'TPE': 0.012199179327936125}"
65,2019-04-02,110985.70865280715,-1.4551915228366852e-11,"{'PKO': 0.16635244538094715, 'PKN': 0.15027170899412226, 'PZU': 0.12188089164910729, 'PEO': 0.08883220583342577, 'KGH': 0.06543196184983921, 'SPL': 0.06376843739602973, 'CDR': 0.06177220805145838, 'LPP': 0.050903848286569825, 'PGE': 0.04824220916047467, 'CPS': 0.034490407008983044, 'MBK': 0.02872352223577687, 'ALR': 0.025729178218919825, 'CCC': 0.024509260286126214, 'DNP': 0.022513030941554844, 'OPL': 0.017744260840634362, 'JSW': 0.016635244538094715, 'TPE': 0.012199179327936125}"
66,2019-04-03,112759.31845632893,-1.4551915228366852e-11,"{'PKO': 0.16635244538094715, 'PKN': 0.15027170899412226, 'PZU': 0.12188089164910729, 'PEO': 0.08883220583342577, 'KGH': 0.06543196184983921, 'SPL': 0.06376843739602973, 'CDR': 0.06177220805145838, 'LPP': 0.050903848286569825, 'PGE': 0.04824220916047467, 'CPS': 0.034490407008983044, 'MBK': 0.02872352223577687, 'ALR': 0.025729178218919825, 'CCC': 0.024509260286126214, 'DNP': 0.022513030941554844, 'OPL': 0.017744260840634362, 'JSW': 0.016635244538094715, 'TPE': 0.012199179327936125}"
67,2019-04-04,111967.1458616408,-1.4551915228366852e-11,"{'PKO': 0.16635244538094715, 'PKN': 0.15027170899412226, 'PZU': 0.12188089164910729, 'PEO': 0.08883220583342577, 'KGH': 0.06543196184983921, 'SPL': 0.06376843739602973, 'CDR': 0.06177220805145838, 'LPP': 0.050903848286569825, 'PGE': 0.04824220916047467, 'CPS': 0.034490407008983044, 'MBK': 0.02872352223577687, 'ALR': 0.025729178218919825, 'CCC': 0.024509260286126214, 'DNP': 0.022513030941554844, 'OPL': 0.017744260840634362, 'JSW': 0.016635244538094715, 'TPE': 0.012199179327936125}"
68,2019-04-05,110141.62303779052,-1.4551915228366852e-11,"{'PKO': 0.16635244538094715, 'PKN': 0.15027170899412226, 'PZU': 0.12188089164910729, 'PEO': 0.08883220583342577, 'KGH': 0.06543196184983921, 'SPL': 0.06376843739602973, 'CDR': 0.06177220805145838, 'LPP': 0.050903848286569825, 'PGE': 0.04824220916047467, 'CPS': 0.034490407008983044, 'MBK': 0.02872352223577687, 'ALR': 0.025729178218919825, 'CCC': 0.024509260286126214, 'DNP': 0.022513030941554844, 'OPL': 0.017744260840634362, 'JSW': 0.016635244538094715, 'TPE': 0.012199179327936125}"
69,2019-04-08,110612.66669932271,-1.4551915228366852e-11,"{'PKO': 0.16635244538094715, 'PKN': 0.15027170899412226, 'PZU': 0.12188089164910729, 'PEO': 0.08883220583342577, 'KGH': 0.06543196184983921, 'SPL': 0.06376843739602973, 'CDR': 0.06177220805145838, 'LPP': 0.050903848286569825, 'PGE': 0.04824220916047467, 'CPS': 0.034490407008983044, 'MBK': 0.02872352223577687, 'ALR': 0.025729178218919825, 'CCC': 0.024509260286126214, 'DNP': 0.022513030941554844, 'OPL': 0.017744260840634362, 'JSW': 0.016635244538094715, 'TPE': 0.012199179327936125}"
70,2019-04-09,110977.03470577486,-1.4551915228366852e-11,"{'PKO': 0.16635244538094715, 'PKN': 0.15027170899412226, 'PZU': 0.12188089164910729, 'PEO': 0.08883220583342577, 'KGH': 0.06543196184983921, 'SPL': 0.06376843739602973, 'CDR': 0.06177220805145838, 'LPP': 0.050903848286569825, 'PGE': 0.04824220916047467, 'CPS': 0.034490407008983044, 'MBK': 0.02872352223577687, 'ALR': 0.025729178218919825, 'CCC': 0.024509260286126214, 'DNP': 0.022513030941554844, 'OPL': 0.017744260840634362, 'JSW': 0.016635244538094715, 'TPE': 0.012199179327936125}"
71,2019-04-10,112097.11043356938,-1.4551915228366852e-11,"{'PKO': 0.16635244538094715, 'PKN': 0.15027170899412226, 'PZU': 0.12188089164910729, 'PEO': 0.08883220583342577, 'KGH': 0.06543196184983921, 'SPL': 0.06376843739602973, 'CDR': 0.06177220805145838, 'LPP': 0.050903848286569825, 'PGE': 0.04824220916047467, 'CPS': 0.034490407008983044, 'MBK': 0.02872352223577687, 'ALR': 0.025729178218919825, 'CCC': 0.024509260286126214, 'DNP': 0.022513030941554844, 'OPL': 0.017744260840634362, 'JSW': 0.016635244538094715, 'TPE': 0.012199179327936125}"
72,2019-04-11,111375.0431956336,-1.4551915228366852e-11,"{'PKO': 0.16635244538094715, 'PKN': 0.15027170899412226, 'PZU': 0.12188089164910729, 'PEO': 0.08883220583342577, 'KGH': 0.06543196184983921, 'SPL': 0.06376843739602973, 'CDR': 0.06177220805145838, 'LPP': 0.050903848286569825, 'PGE': 0.04824220916047467, 'CPS': 0.034490407008983044, 'MBK': 0.02872352223577687, 'ALR': 0.025729178218919825, 'CCC': 0.024509260286126214, 'DNP': 0.022513030941554844, 'OPL': 0.017744260840634362, 'JSW': 0.016635244538094715, 'TPE': 0.012199179327936125}"
73,2019-04-12,111007.52890518005,0.0,"{'PKN': 0.14779760972087458, 'PZU': 0.11980105384180145, 'PEO': 0.09003831867671953, 'KGH': 0.07070901827677131, 'SPL': 0.06273907300694884, 'CDR': 0.06830674670356646, 'PGE': 0.0425695814897199, 'CPS': 0.032342171224650405, 'CCC': 0.028021279456723922, 'DNP': 0.026057640835985562, 'JSW': 0.01661644317975308, 'TPE': 0.01014769931085706, 'CSR': 0.16568295173541098, 'PTW': 0.051824036828547776, 'BIP': 0.027463988798953926, 'EHG': 0.023468715644839724, 'IZO': 0.01641367126787551}"
74,2019-04-15,110716.65992777993,0.0,"{'PKN': 0.14779760972087458, 'PZU': 0.11980105384180145, 'PEO': 0.09003831867671953, 'KGH': 0.07070901827677131, 'SPL': 0.06273907300694884, 'CDR': 0.06830674670356646, 'PGE': 0.0425695814897199, 'CPS': 0.032342171224650405, 'CCC': 0.028021279456723922, 'DNP': 0.026057640835985562, 'JSW': 0.01661644317975308, 'TPE': 0.01014769931085706, 'CSR': 0.16568295173541098, 'PTW': 0.051824036828547776, 'BIP': 0.027463988798953926, 'EHG': 0.023468715644839724, 'IZO': 0.01641367126787551}"
75,2019-04-16,110995.95754746065,0.0,"{'PKN': 0.14779760972087458, 'PZU': 0.11980105384180145, 'PEO': 0.09003831867671953, 'KGH': 0.07070901827677131, 'SPL': 0.06273907300694884, 'CDR': 0.06830674670356646, 'PGE': 0.0425695814897199, 'CPS': 0.032342171224650405, 'CCC': 0.028021279456723922, 'DNP': 0.026057640835985562, 'JSW': 0.01661644317975308, 'TPE': 0.01014769931085706, 'CSR': 0.16568295173541098, 'PTW': 0.051824036828547776, 'BIP': 0.027463988798953926, 'EHG': 0.023468715644839724, 'IZO': 0.01641367126787551}"
76,2019-04-17,111285.86182928253,0.0,"{'PKN': 0.14779760972087458, 'PZU': 0.11980105384180145, 'PEO': 0.09003831867671953, 'KGH': 0.07070901827677131, 'SPL': 0.06273907300694884, 'CDR': 0.06830674670356646, 'PGE': 0.0425695814897199, 'CPS': 0.032342171224650405, 'CCC': 0.028021279456723922, 'DNP': 0.026057640835985562, 'JSW': 0.01661644317975308, 'TPE': 0.01014769931085706, 'CSR': 0.16568295173541098, 'PTW': 0.051824036828547776, 'BIP': 0.027463988798953926, 'EHG': 0.023468715644839724, 'IZO': 0.01641367126787551}"
77,2019-04-18,111474.66314222549,0.0,"{'PKN': 0.14779760972087458, 'PZU': 0.11980105384180145, 'PEO': 0.09003831867671953, 'KGH': 0.07070901827677131, 'SPL': 0.06273907300694884, 'CDR': 0.06830674670356646, 'PGE': 0.0425695814897199, 'CPS': 0.032342171224650405, 'CCC': 0.028021279456723922, 'DNP': 0.026057640835985562, 'JSW': 0.01661644317975308, 'TPE': 0.01014769931085706, 'CSR': 0.16568295173541098, 'PTW': 0.051824036828547776, 'BIP': 0.027463988798953926, 'EHG': 0.023468715644839724, 'IZO': 0.01641367126787551}"
78,2019-04-19,111474.66314222549,0.0,"{'PKN': 0.14779760972087458, 'PZU': 0.11980105384180145, 'PEO': 0.09003831867671953, 'KGH': 0.07070901827677131, 'SPL': 0.06273907300694884, 'CDR': 0.06830674670356646, 'PGE': 0.0425695814897199, 'CPS': 0.032342171224650405, 'CCC': 0.028021279456723922, 'DNP': 0.026057640835985562, 'JSW': 0.01661644317975308, 'TPE': 0.01014769931085706, 'CSR': 0.16568295173541098, 'PTW': 0.051824036828547776, 'BIP': 0.027463988798953926, 'EHG': 0.023468715644839724, 'IZO': 0.01641367126787551}"
79,2019-04-22,111474.66314222549,0.0,"{'PKN': 0.14779760972087458, 'PZU': 0.11980105384180145, 'PEO': 0.09003831867671953, 'KGH': 0.07070901827677131, 'SPL': 0.06273907300694884, 'CDR': 0.06830674670356646, 'PGE': 0.0425695814897199, 'CPS': 0.032342171224650405, 'CCC': 0.028021279456723922, 'DNP': 0.026057640835985562, 'JSW': 0.01661644317975308, 'TPE': 0.01014769931085706, 'CSR': 0.16568295173541098, 'PTW': 0.051824036828547776, 'BIP': 0.027463988798953926, 'EHG': 0.023468715644839724, 'IZO': 0.01641367126787551}"
80,2019-04-23,111269.0482857717,0.0,"{'PKN': 0.14779760972087458, 'PZU': 0.11980105384180145, 'PEO': 0.09003831867671953, 'KGH': 0.07070901827677131, 'SPL': 0.06273907300694884, 'CDR': 0.06830674670356646, 'PGE': 0.0425695814897199, 'CPS': 0.032342171224650405, 'CCC': 0.028021279456723922, 'DNP': 0.026057640835985562, 'JSW': 0.01661644317975308, 'TPE': 0.01014769931085706, 'CSR': 0.16568295173541098, 'PTW': 0.051824036828547776, 'BIP': 0.027463988798953926, 'EHG': 0.023468715644839724, 'IZO': 0.01641367126787551}"
81,2019-04-24,111112.56951319637,0.0,"{'PKN': 0.14779760972087458, 'PZU': 0.11980105384180145, 'PEO': 0.09003831867671953, 'KGH': 0.07070901827677131, 'SPL': 0.06273907300694884, 'CDR': 0.06830674670356646, 'PGE': 0.0425695814897199, 'CPS': 0.032342171224650405, 'CCC': 0.028021279456723922, 'DNP': 0.026057640835985562, 'JSW': 0.01661644317975308, 'TPE': 0.01014769931085706, 'CSR': 0.16568295173541098, 'PTW': 0.051824036828547776, 'BIP': 0.027463988798953926, 'EHG': 0.023468715644839724, 'IZO': 0.01641367126787551}"
82,2019-04-25,110727.59514922409,0.0,"{'PKN': 0.14779760972087458, 'PZU': 0.11980105384180145, 'PEO': 0.09003831867671953, 'KGH': 0.07070901827677131, 'SPL': 0.06273907300694884, 'CDR': 0.06830674670356646, 'PGE': 0.0425695814897199, 'CPS': 0.032342171224650405, 'CCC': 0.028021279456723922, 'DNP': 0.026057640835985562, 'JSW': 0.01661644317975308, 'TPE': 0.01014769931085706, 'CSR': 0.16568295173541098, 'PTW': 0.051824036828547776, 'BIP': 0.027463988798953926, 'EHG': 0.023468715644839724, 'IZO': 0.01641367126787551}"
83,2019-04-26,111060.79295663889,0.0,"{'PKN': 0.14779760972087458, 'PZU': 0.11980105384180145, 'PEO': 0.09003831867671953, 'KGH': 0.07070901827677131, 'SPL': 0.06273907300694884, 'CDR': 0.06830674670356646, 'PGE': 0.0425695814897199, 'CPS': 0.032342171224650405, 'CCC': 0.028021279456723922, 'DNP': 0.026057640835985562, 'JSW': 0.01661644317975308, 'TPE': 0.01014769931085706, 'CSR': 0.16568295173541098, 'PTW': 0.051824036828547776, 'BIP': 0.027463988798953926, 'EHG': 0.023468715644839724, 'IZO': 0.01641367126787551}"
84,2019-04-29,110939.32143856103,0.0,"{'PKN': 0.14779760972087458, 'PZU': 0.11980105384180145, 'PEO': 0.09003831867671953, 'KGH': 0.07070901827677131, 'SPL': 0.06273907300694884, 'CDR': 0.06830674670356646, 'PGE': 0.0425695814897199, 'CPS': 0.032342171224650405, 'CCC': 0.028021279456723922, 'DNP': 0.026057640835985562, 'JSW': 0.01661644317975308, 'TPE': 0.01014769931085706, 'CSR': 0.16568295173541098, 'PTW': 0.051824036828547776, 'BIP': 0.027463988798953926, 'EHG': 0.023468715644839724, 'IZO': 0.01641367126787551}"
85,2019-04-30,109783.68391250039,0.0,"{'PKN': 0.14779760972087458, 'PZU': 0.11980105384180145, 'PEO': 0.09003831867671953, 'KGH': 0.07070901827677131, 'SPL': 0.06273907300694884, 'CDR': 0.06830674670356646, 'PGE': 0.0425695814897199, 'CPS': 0.032342171224650405, 'CCC': 0.028021279456723922, 'DNP': 0.026057640835985562, 'JSW': 0.01661644317975308, 'TPE': 0.01014769931085706, 'CSR': 0.16568295173541098, 'PTW': 0.051824036828547776, 'BIP': 0.027463988798953926, 'EHG': 0.023468715644839724, 'IZO': 0.01641367126787551}"
86,2019-05-01,109783.68391250039,0.0,"{'PKN': 0.14779760972087458, 'PZU': 0.11980105384180145, 'PEO': 0.09003831867671953, 'KGH': 0.07070901827677131, 'SPL': 0.06273907300694884, 'CDR': 0.06830674670356646, 'PGE': 0.0425695814897199, 'CPS': 0.032342171224650405, 'CCC': 0.028021279456723922, 'DNP': 0.026057640835985562, 'JSW': 0.01661644317975308, 'TPE': 0.01014769931085706, 'CSR': 0.16568295173541098, 'PTW': 0.051824036828547776, 'BIP': 0.027463988798953926, 'EHG': 0.023468715644839724, 'IZO': 0.01641367126787551}"
87,2019-05-02,109440.33938309368,0.0,"{'PKN': 0.14779760972087458, 'PZU': 0.11980105384180145, 'PEO': 0.09003831867671953, 'KGH': 0.07070901827677131, 'SPL': 0.06273907300694884, 'CDR': 0.06830674670356646, 'PGE': 0.0425695814897199, 'CPS': 0.032342171224650405, 'CCC': 0.028021279456723922, 'DNP': 0.026057640835985562, 'JSW': 0.01661644317975308, 'TPE': 0.01014769931085706, 'CSR': 0.16568295173541098, 'PTW': 0.051824036828547776, 'BIP': 0.027463988798953926, 'EHG': 0.023468715644839724, 'IZO': 0.01641367126787551}"
88,2019-05-03,109440.33938309368,0.0,"{'PKN': 0.14779760972087458, 'PZU': 0.11980105384180145, 'PEO': 0.09003831867671953, 'KGH': 0.07070901827677131, 'SPL': 0.06273907300694884, 'CDR': 0.06830674670356646, 'PGE': 0.0425695814897199, 'CPS': 0.032342171224650405, 'CCC': 0.028021279456723922, 'DNP': 0.026057640835985562, 'JSW': 0.01661644317975308, 'TPE': 0.01014769931085706, 'CSR': 0.16568295173541098, 'PTW': 0.051824036828547776, 'BIP': 0.027463988798953926, 'EHG': 0.023468715644839724, 'IZO': 0.01641367126787551}"
89,2019-05-06,108523.26300850575,0.0,"{'PKN': 0.14779760972087458, 'PZU': 0.11980105384180145, 'PEO': 0.09003831867671953, 'KGH': 0.07070901827677131, 'SPL': 0.06273907300694884, 'CDR': 0.06830674670356646, 'PGE': 0.0425695814897199, 'CPS': 0.032342171224650405, 'CCC': 0.028021279456723922, 'DNP': 0.026057640835985562, 'JSW': 0.01661644317975308, 'TPE': 0.01014769931085706, 'CSR': 0.16568295173541098, 'PTW': 0.051824036828547776, 'BIP': 0.027463988798953926, 'EHG': 0.023468715644839724, 'IZO': 0.01641367126787551}"
90,2019-05-07,106673.86149594889,0.0,"{'PKN': 0.14779760972087458, 'PZU': 0.11980105384180145, 'PEO': 0.09003831867671953, 'KGH': 0.07070901827677131, 'SPL': 0.06273907300694884, 'CDR': 0.06830674670356646, 'PGE': 0.0425695814897199, 'CPS': 0.032342171224650405, 'CCC': 0.028021279456723922, 'DNP': 0.026057640835985562, 'JSW': 0.01661644317975308, 'TPE': 0.01014769931085706, 'CSR': 0.16568295173541098, 'PTW': 0.051824036828547776, 'BIP': 0.027463988798953926, 'EHG': 0.023468715644839724, 'IZO': 0.01641367126787551}"
91,2019-05-08,106151.5081045398,0.0,"{'PKN': 0.14779760972087458, 'PZU': 0.11980105384180145, 'PEO': 0.09003831867671953, 'KGH': 0.07070901827677131, 'SPL': 0.06273907300694884, 'CDR': 0.06830674670356646, 'PGE': 0.0425695814897199, 'CPS': 0.032342171224650405, 'CCC': 0.028021279456723922, 'DNP': 0.026057640835985562, 'JSW': 0.01661644317975308, 'TPE': 0.01014769931085706, 'CSR': 0.16568295173541098, 'PTW': 0.051824036828547776, 'BIP': 0.027463988798953926, 'EHG': 0.023468715644839724, 'IZO': 0.01641367126787551}"
92,2019-05-09,104652.89850527036,0.0,"{'PKN': 0.14779760972087458, 'PZU': 0.11980105384180145, 'PEO': 0.09003831867671953, 'KGH': 0.07070901827677131, 'SPL': 0.06273907300694884, 'CDR': 0.06830674670356646, 'PGE': 0.0425695814897199, 'CPS': 0.032342171224650405, 'CCC': 0.028021279456723922, 'DNP': 0.026057640835985562, 'JSW': 0.01661644317975308, 'TPE': 0.01014769931085706, 'CSR': 0.16568295173541098, 'PTW': 0.051824036828547776, 'BIP': 0.027463988798953926, 'EHG': 0.023468715644839724, 'IZO': 0.01641367126787551}"
93,2019-05-10,103426.79609168235,0.0,"{'PKN': 0.14779760972087458, 'PZU': 0.11980105384180145, 'PEO': 0.09003831867671953, 'KGH': 0.07070901827677131, 'SPL': 0.06273907300694884, 'CDR': 0.06830674670356646, 'PGE': 0.0425695814897199, 'CPS': 0.032342171224650405, 'CCC': 0.028021279456723922, 'DNP': 0.026057640835985562, 'JSW': 0.01661644317975308, 'TPE': 0.01014769931085706, 'CSR': 0.16568295173541098, 'PTW': 0.051824036828547776, 'BIP': 0.027463988798953926, 'EHG': 0.023468715644839724, 'IZO': 0.01641367126787551}"
94,2019-05-13,102748.64716974391,0.0,"{'PKN': 0.14779760972087458, 'PZU': 0.11980105384180145, 'PEO': 0.09003831867671953, 'KGH': 0.07070901827677131, 'SPL': 0.06273907300694884, 'CDR': 0.06830674670356646, 'PGE': 0.0425695814897199, 'CPS': 0.032342171224650405, 'CCC': 0.028021279456723922, 'DNP': 0.026057640835985562, 'JSW': 0.01661644317975308, 'TPE': 0.01014769931085706, 'CSR': 0.16568295173541098, 'PTW': 0.051824036828547776, 'BIP': 0.027463988798953926, 'EHG': 0.023468715644839724, 'IZO': 0.01641367126787551}"
95,2019-05-14,102568.7911385129,0.0,"{'PKN': 0.14779760972087458, 'PZU': 0.11980105384180145, 'PEO': 0.09003831867671953, 'KGH': 0.07070901827677131, 'SPL': 0.06273907300694884, 'CDR': 0.06830674670356646, 'PGE': 0.0425695814897199, 'CPS': 0.032342171224650405, 'CCC': 0.028021279456723922, 'DNP': 0.026057640835985562, 'JSW': 0.01661644317975308, 'TPE': 0.01014769931085706, 'CSR': 0.16568295173541098, 'PTW': 0.051824036828547776, 'BIP': 0.027463988798953926, 'EHG': 0.023468715644839724, 'IZO': 0.01641367126787551}"
96,2019-05-15,103093.1363475418,0.0,"{'PKN': 0.14779760972087458, 'PZU': 0.11980105384180145, 'PEO': 0.09003831867671953, 'KGH': 0.07070901827677131, 'SPL': 0.06273907300694884, 'CDR': 0.06830674670356646, 'PGE': 0.0425695814897199, 'CPS': 0.032342171224650405, 'CCC': 0.028021279456723922, 'DNP': 0.026057640835985562, 'JSW': 0.01661644317975308, 'TPE': 0.01014769931085706, 'CSR': 0.16568295173541098, 'PTW': 0.051824036828547776, 'BIP': 0.027463988798953926, 'EHG': 0.023468715644839724, 'IZO': 0.01641367126787551}"
97,2019-05-16,103647.79153236757,0.0,"{'PKN': 0.14779760972087458, 'PZU': 0.11980105384180145, 'PEO': 0.09003831867671953, 'KGH': 0.07070901827677131, 'SPL': 0.06273907300694884, 'CDR': 0.06830674670356646, 'PGE': 0.0425695814897199, 'CPS': 0.032342171224650405, 'CCC': 0.028021279456723922, 'DNP': 0.026057640835985562, 'JSW': 0.01661644317975308, 'TPE': 0.01014769931085706, 'CSR': 0.16568295173541098, 'PTW': 0.051824036828547776, 'BIP': 0.027463988798953926, 'EHG': 0.023468715644839724, 'IZO': 0.01641367126787551}"
98,2019-05-17,103006.83881688809,0.0,"{'PKN': 0.14779760972087458, 'PZU': 0.11980105384180145, 'PEO': 0.09003831867671953, 'KGH': 0.07070901827677131, 'SPL': 0.06273907300694884, 'CDR': 0.06830674670356646, 'PGE': 0.0425695814897199, 'CPS': 0.032342171224650405, 'CCC': 0.028021279456723922, 'DNP': 0.026057640835985562, 'JSW': 0.01661644317975308, 'TPE': 0.01014769931085706, 'CSR': 0.16568295173541098, 'PTW': 0.051824036828547776, 'BIP': 0.027463988798953926, 'EHG': 0.023468715644839724, 'IZO': 0.01641367126787551}"
99,2019-05-20,102876.62644428425,0.0,"{'PKN': 0.14779760972087458, 'PZU': 0.11980105384180145, 'PEO': 0.09003831867671953, 'KGH': 0.07070901827677131, 'SPL': 0.06273907300694884, 'CDR': 0.06830674670356646, 'PGE': 0.0425695814897199, 'CPS': 0.032342171224650405, 'CCC': 0.028021279456723922, 'DNP': 0.026057640835985562, 'JSW': 0.01661644317975308, 'TPE': 0.01014769931085706, 'CSR': 0.16568295173541098, 'PTW': 0.051824036828547776, 'BIP': 0.027463988798953926, 'EHG': 0.023468715644839724, 'IZO': 0.01641367126787551}"
100,2019-05-21,103955.73103544523,0.0,"{'PKN': 0.14779760972087458, 'PZU': 0.11980105384180145, 'PEO': 0.09003831867671953, 'KGH': 0.07070901827677131, 'SPL': 0.06273907300694884, 'CDR': 0.06830674670356646, 'PGE': 0.0425695814897199, 'CPS': 0.032342171224650405, 'CCC': 0.028021279456723922, 'DNP': 0.026057640835985562, 'JSW': 0.01661644317975308, 'TPE': 0.01014769931085706, 'CSR': 0.16568295173541098, 'PTW': 0.051824036828547776, 'BIP': 0.027463988798953926, 'EHG': 0.023468715644839724, 'IZO': 0.01641367126787551}"
101,2019-05-22,105267.37988073679,0.0,"{'PKN': 0.14779760972087458, 'PZU': 0.11980105384180145, 'PEO': 0.09003831867671953, 'KGH': 0.07070901827677131, 'SPL': 0.06273907300694884, 'CDR': 0.06830674670356646, 'PGE': 0.0425695814897199, 'CPS': 0.032342171224650405, 'CCC': 0.028021279456723922, 'DNP': 0.026057640835985562, 'JSW': 0.01661644317975308, 'TPE': 0.01014769931085706, 'CSR': 0.16568295173541098, 'PTW': 0.051824036828547776, 'BIP': 0.027463988798953926, 'EHG': 0.023468715644839724, 'IZO': 0.01641367126787551}"
102,2019-05-23,104084.83751867269,0.0,"{'PKN': 0.14779760972087458, 'PZU': 0.11980105384180145, 'PEO': 0.09003831867671953, 'KGH': 0.07070901827677131, 'SPL': 0.06273907300694884, 'CDR': 0.06830674670356646, 'PGE': 0.0425695814897199, 'CPS': 0.032342171224650405, 'CCC': 0.028021279456723922, 'DNP': 0.026057640835985562, 'JSW': 0.01661644317975308, 'TPE': 0.01014769931085706, 'CSR': 0.16568295173541098, 'PTW': 0.051824036828547776, 'BIP': 0.027463988798953926, 'EHG': 0.023468715644839724, 'IZO': 0.01641367126787551}"
103,2019-05-24,104979.2851521956,0.0,"{'PKN': 0.14779760972087458, 'PZU': 0.11980105384180145, 'PEO': 0.09003831867671953, 'KGH': 0.07070901827677131, 'SPL': 0.06273907300694884, 'CDR': 0.06830674670356646, 'PGE': 0.0425695814897199, 'CPS': 0.032342171224650405, 'CCC': 0.028021279456723922, 'DNP': 0.026057640835985562, 'JSW': 0.01661644317975308, 'TPE': 0.01014769931085706, 'CSR': 0.16568295173541098, 'PTW': 0.051824036828547776, 'BIP': 0.027463988798953926, 'EHG': 0.023468715644839724, 'IZO': 0.01641367126787551}"
104,2019-05-27,104899.00209434822,0.0,"{'PKN': 0.14779760972087458, 'PZU': 0.11980105384180145, 'PEO': 0.09003831867671953, 'KGH': 0.07070901827677131, 'SPL': 0.06273907300694884, 'CDR': 0.06830674670356646, 'PGE': 0.0425695814897199, 'CPS': 0.032342171224650405, 'CCC': 0.028021279456723922, 'DNP': 0.026057640835985562, 'JSW': 0.01661644317975308, 'TPE': 0.01014769931085706, 'CSR': 0.16568295173541098, 'PTW': 0.051824036828547776, 'BIP': 0.027463988798953926, 'EHG': 0.023468715644839724, 'IZO': 0.01641367126787551}"
105,2019-05-28,104727.96501808905,0.0,"{'PKN': 0.14779760972087458, 'PZU': 0.11980105384180145, 'PEO': 0.09003831867671953, 'KGH': 0.07070901827677131, 'SPL': 0.06273907300694884, 'CDR': 0.06830674670356646, 'PGE': 0.0425695814897199, 'CPS': 0.032342171224650405, 'CCC': 0.028021279456723922, 'DNP': 0.026057640835985562, 'JSW': 0.01661644317975308, 'TPE': 0.01014769931085706, 'CSR': 0.16568295173541098, 'PTW': 0.051824036828547776, 'BIP': 0.027463988798953926, 'EHG': 0.023468715644839724, 'IZO': 0.01641367126787551}"
106,2019-05-29,104677.9826471488,0.0,"{'PKN': 0.14779760972087458, 'PZU': 0.11980105384180145, 'PEO': 0.09003831867671953, 'KGH': 0.07070901827677131, 'SPL': 0.06273907300694884, 'CDR': 0.06830674670356646, 'PGE': 0.0425695814897199, 'CPS': 0.032342171224650405, 'CCC': 0.028021279456723922, 'DNP': 0.026057640835985562, 'JSW': 0.01661644317975308, 'TPE': 0.01014769931085706, 'CSR': 0.16568295173541098, 'PTW': 0.051824036828547776, 'BIP': 0.027463988798953926, 'EHG': 0.023468715644839724, 'IZO': 0.01641367126787551}"
107,2019-05-30,107527.93118176515,0.0,"{'PKN': 0.14779760972087458, 'PZU': 0.11980105384180145, 'PEO': 0.09003831867671953, 'KGH': 0.07070901827677131, 'SPL': 0.06273907300694884, 'CDR': 0.06830674670356646, 'PGE': 0.0425695814897199, 'CPS': 0.032342171224650405, 'CCC': 0.028021279456723922, 'DNP': 0.026057640835985562, 'JSW': 0.01661644317975308, 'TPE': 0.01014769931085706, 'CSR': 0.16568295173541098, 'PTW': 0.051824036828547776, 'BIP': 0.027463988798953926, 'EHG': 0.023468715644839724, 'IZO': 0.01641367126787551}"
108,2019-05-31,107845.42896451823,0.0,"{'PKN': 0.14779760972087458, 'PZU': 0.11980105384180145, 'PEO': 0.09003831867671953, 'KGH': 0.07070901827677131, 'SPL': 0.06273907300694884, 'CDR': 0.06830674670356646, 'PGE': 0.0425695814897199, 'CPS': 0.032342171224650405, 'CCC': 0.028021279456723922, 'DNP': 0.026057640835985562, 'JSW': 0.01661644317975308, 'TPE': 0.01014769931085706, 'CSR': 0.16568295173541098, 'PTW': 0.051824036828547776, 'BIP': 0.027463988798953926, 'EHG': 0.023468715644839724, 'IZO': 0.01641367126787551}"
109,2019-06-03,107579.0287683554,0.0,"{'PKN': 0.14779760972087458, 'PZU': 0.11980105384180145, 'PEO': 0.09003831867671953, 'KGH': 0.07070901827677131, 'SPL': 0.06273907300694884, 'CDR': 0.06830674670356646, 'PGE': 0.0425695814897199, 'CPS': 0.032342171224650405, 'CCC': 0.028021279456723922, 'DNP': 0.026057640835985562, 'JSW': 0.01661644317975308, 'TPE': 0.01014769931085706, 'CSR': 0.16568295173541098, 'PTW': 0.051824036828547776, 'BIP': 0.027463988798953926, 'EHG': 0.023468715644839724, 'IZO': 0.01641367126787551}"
110,2019-06-04,107702.41828858141,0.0,"{'PKN': 0.14779760972087458, 'PZU': 0.11980105384180145, 'PEO': 0.09003831867671953, 'KGH': 0.07070901827677131, 'SPL': 0.06273907300694884, 'CDR': 0.06830674670356646, 'PGE': 0.0425695814897199, 'CPS': 0.032342171224650405, 'CCC': 0.028021279456723922, 'DNP': 0.026057640835985562, 'JSW': 0.01661644317975308, 'TPE': 0.01014769931085706, 'CSR': 0.16568295173541098, 'PTW': 0.051824036828547776, 'BIP': 0.027463988798953926, 'EHG': 0.023468715644839724, 'IZO': 0.01641367126787551}"
111,2019-06-05,107457.85491163244,0.0,"{'PKN': 0.14779760972087458, 'PZU': 0.11980105384180145, 'PEO': 0.09003831867671953, 'KGH': 0.07070901827677131, 'SPL': 0.06273907300694884, 'CDR': 0.06830674670356646, 'PGE': 0.0425695814897199, 'CPS': 0.032342171224650405, 'CCC': 0.028021279456723922, 'DNP': 0.026057640835985562, 'JSW': 0.01661644317975308, 'TPE': 0.01014769931085706, 'CSR': 0.16568295173541098, 'PTW': 0.051824036828547776, 'BIP': 0.027463988798953926, 'EHG': 0.023468715644839724, 'IZO': 0.01641367126787551}"
112,2019-06-06,107932.44947128034,0.0,"{'PKN': 0.14779760972087458, 'PZU': 0.11980105384180145, 'PEO': 0.09003831867671953, 'KGH': 0.07070901827677131, 'SPL': 0.06273907300694884, 'CDR': 0.06830674670356646, 'PGE': 0.0425695814897199, 'CPS': 0.032342171224650405, 'CCC': 0.028021279456723922, 'DNP': 0.026057640835985562, 'JSW': 0.01661644317975308, 'TPE': 0.01014769931085706, 'CSR': 0.16568295173541098, 'PTW': 0.051824036828547776, 'BIP': 0.027463988798953926, 'EHG': 0.023468715644839724, 'IZO': 0.01641367126787551}"
113,2019-06-07,108162.42106408213,0.0,"{'PKN': 0.14779760972087458, 'PZU': 0.11980105384180145, 'PEO': 0.09003831867671953, 'KGH': 0.07070901827677131, 'SPL': 0.06273907300694884, 'CDR': 0.06830674670356646, 'PGE': 0.0425695814897199, 'CPS': 0.032342171224650405, 'CCC': 0.028021279456723922, 'DNP': 0.026057640835985562, 'JSW': 0.01661644317975308, 'TPE': 0.01014769931085706, 'CSR': 0.16568295173541098, 'PTW': 0.051824036828547776, 'BIP': 0.027463988798953926, 'EHG': 0.023468715644839724, 'IZO': 0.01641367126787551}"
114,2019-06-10,108346.59657123928,0.0,"{'PKN': 0.14779760972087458, 'PZU': 0.11980105384180145, 'PEO': 0.09003831867671953, 'KGH': 0.07070901827677131, 'SPL': 0.06273907300694884, 'CDR': 0.06830674670356646, 'PGE': 0.0425695814897199, 'CPS': 0.032342171224650405, 'CCC': 0.028021279456723922, 'DNP': 0.026057640835985562, 'JSW': 0.01661644317975308, 'TPE': 0.01014769931085706, 'CSR': 0.16568295173541098, 'PTW': 0.051824036828547776, 'BIP': 0.027463988798953926, 'EHG': 0.023468715644839724, 'IZO': 0.01641367126787551}"
115,2019-06-11,108837.1625803399,0.0,"{'PKN': 0.14779760972087458, 'PZU': 0.11980105384180145, 'PEO': 0.09003831867671953, 'KGH': 0.07070901827677131, 'SPL': 0.06273907300694884, 'CDR': 0.06830674670356646, 'PGE': 0.0425695814897199, 'CPS': 0.032342171224650405, 'CCC': 0.028021279456723922, 'DNP': 0.026057640835985562, 'JSW': 0.01661644317975308, 'TPE': 0.01014769931085706, 'CSR': 0.16568295173541098, 'PTW': 0.051824036828547776, 'BIP': 0.027463988798953926, 'EHG': 0.023468715644839724, 'IZO': 0.01641367126787551}"
116,2019-06-12,108310.13143536632,0.0,"{'PKN': 0.14779760972087458, 'PZU': 0.11980105384180145, 'PEO': 0.09003831867671953, 'KGH': 0.07070901827677131, 'SPL': 0.06273907300694884, 'CDR': 0.06830674670356646, 'PGE': 0.0425695814897199, 'CPS': 0.032342171224650405, 'CCC': 0.028021279456723922, 'DNP': 0.026057640835985562, 'JSW': 0.01661644317975308, 'TPE': 0.01014769931085706, 'CSR': 0.16568295173541098, 'PTW': 0.051824036828547776, 'BIP': 0.027463988798953926, 'EHG': 0.023468715644839724, 'IZO': 0.01641367126787551}"
117,2019-06-13,108737.31497210225,0.0,"{'PKN': 0.14779760972087458, 'PZU': 0.11980105384180145, 'PEO': 0.09003831867671953, 'KGH': 0.07070901827677131, 'SPL': 0.06273907300694884, 'CDR': 0.06830674670356646, 'PGE': 0.0425695814897199, 'CPS': 0.032342171224650405, 'CCC': 0.028021279456723922, 'DNP': 0.026057640835985562, 'JSW': 0.01661644317975308, 'TPE': 0.01014769931085706, 'CSR': 0.16568295173541098, 'PTW': 0.051824036828547776, 'BIP': 0.027463988798953926, 'EHG': 0.023468715644839724, 'IZO': 0.01641367126787551}"
118,2019-06-14,108495.88817394892,0.0,"{'PKN': 0.14779760972087458, 'PZU': 0.11980105384180145, 'PEO': 0.09003831867671953, 'KGH': 0.07070901827677131, 'SPL': 0.06273907300694884, 'CDR': 0.06830674670356646, 'PGE': 0.0425695814897199, 'CPS': 0.032342171224650405, 'CCC': 0.028021279456723922, 'DNP': 0.026057640835985562, 'JSW': 0.01661644317975308, 'TPE': 0.01014769931085706, 'CSR': 0.16568295173541098, 'PTW': 0.051824036828547776, 'BIP': 0.027463988798953926, 'EHG': 0.023468715644839724, 'IZO': 0.01641367126787551}"
119,2019-06-17,108261.74064104864,0.0,"{'PKN': 0.14779760972087458, 'PZU': 0.11980105384180145, 'PEO': 0.09003831867671953, 'KGH': 0.07070901827677131, 'SPL': 0.06273907300694884, 'CDR': 0.06830674670356646, 'PGE': 0.0425695814897199, 'CPS': 0.032342171224650405, 'CCC': 0.028021279456723922, 'DNP': 0.026057640835985562, 'JSW': 0.01661644317975308, 'TPE': 0.01014769931085706, 'CSR': 0.16568295173541098, 'PTW': 0.051824036828547776, 'BIP': 0.027463988798953926, 'EHG': 0.023468715644839724, 'IZO': 0.01641367126787551}"
120,2019-06-18,109603.75439890294,0.0,"{'PKN': 0.14779760972087458, 'PZU': 0.11980105384180145, 'PEO': 0.09003831867671953, 'KGH': 0.07070901827677131, 'SPL': 0.06273907300694884, 'CDR': 0.06830674670356646, 'PGE': 0.0425695814897199, 'CPS': 0.032342171224650405, 'CCC': 0.028021279456723922, 'DNP': 0.026057640835985562, 'JSW': 0.01661644317975308, 'TPE': 0.01014769931085706, 'CSR': 0.16568295173541098, 'PTW': 0.051824036828547776, 'BIP': 0.027463988798953926, 'EHG': 0.023468715644839724, 'IZO': 0.01641367126787551}"
121,2019-06-19,109425.80760278439,0.0,"{'PKN': 0.14779760972087458, 'PZU': 0.11980105384180145, 'PEO': 0.09003831867671953, 'KGH': 0.07070901827677131, 'SPL': 0.06273907300694884, 'CDR': 0.06830674670356646, 'PGE': 0.0425695814897199, 'CPS': 0.032342171224650405, 'CCC': 0.028021279456723922, 'DNP': 0.026057640835985562, 'JSW': 0.01661644317975308, 'TPE': 0.01014769931085706, 'CSR': 0.16568295173541098, 'PTW': 0.051824036828547776, 'BIP': 0.027463988798953926, 'EHG': 0.023468715644839724, 'IZO': 0.01641367126787551}"
122,2019-06-20,109425.80760278439,0.0,"{'PKN': 0.14779760972087458, 'PZU': 0.11980105384180145, 'PEO': 0.09003831867671953, 'KGH': 0.07070901827677131, 'SPL': 0.06273907300694884, 'CDR': 0.06830674670356646, 'PGE': 0.0425695814897199, 'CPS': 0.032342171224650405, 'CCC': 0.028021279456723922, 'DNP': 0.026057640835985562, 'JSW': 0.01661644317975308, 'TPE': 0.01014769931085706, 'CSR': 0.16568295173541098, 'PTW': 0.051824036828547776, 'BIP': 0.027463988798953926, 'EHG': 0.023468715644839724, 'IZO': 0.01641367126787551}"
123,2019-06-21,108454.13532586461,0.0,"{'PKO': 0.16476274165202107, 'PKN': 0.1389499121265378, 'PZU': 0.12137521968365554, 'PEO': 0.08864235500878734, 'CDR': 0.07842706502636203, 'KGH': 0.06854130052724076, 'SPL': 0.06601493848857644, 'LPP': 0.05030755711775044, 'PGE': 0.03844463971880492, 'CPS': 0.03646748681898066, 'DNP': 0.03229349736379613, 'MBK': 0.027021089630931458, 'ALR': 0.024165202108963092, 'CCC': 0.02383567662565905, 'OPL': 0.01680579964850615, 'JSW': 0.014718804920913884, 'TPE': 0.00922671353251318}"
124,2019-06-24,109548.28413160949,0.0,"{'PKO': 0.16476274165202107, 'PKN': 0.1389499121265378, 'PZU': 0.12137521968365554, 'PEO': 0.08864235500878734, 'CDR': 0.07842706502636203, 'KGH': 0.06854130052724076, 'SPL': 0.06601493848857644, 'LPP': 0.05030755711775044, 'PGE': 0.03844463971880492, 'CPS': 0.03646748681898066, 'DNP': 0.03229349736379613, 'MBK': 0.027021089630931458, 'ALR': 0.024165202108963092, 'CCC': 0.02383567662565905, 'OPL': 0.01680579964850615, 'JSW': 0.014718804920913884, 'TPE': 0.00922671353251318}"
125,2019-06-25,108540.48675109031,0.0,"{'PKO': 0.16476274165202107, 'PKN': 0.1389499121265378, 'PZU': 0.12137521968365554, 'PEO': 0.08864235500878734, 'CDR': 0.07842706502636203, 'KGH': 0.06854130052724076, 'SPL': 0.06601493848857644, 'LPP': 0.05030755711775044, 'PGE': 0.03844463971880492, 'CPS': 0.03646748681898066, 'DNP': 0.03229349736379613, 'MBK': 0.027021089630931458, 'ALR': 0.024165202108963092, 'CCC': 0.02383567662565905, 'OPL': 0.01680579964850615, 'JSW': 0.014718804920913884, 'TPE': 0.00922671353251318}"
126,2019-06-26,109316.17042882113,0.0,"{'PKO': 0.16476274165202107, 'PKN': 0.1389499121265378, 'PZU': 0.12137521968365554, 'PEO': 0.08864235500878734, 'CDR': 0.07842706502636203, 'KGH': 0.06854130052724076, 'SPL': 0.06601493848857644, 'LPP': 0.05030755711775044, 'PGE': 0.03844463971880492, 'CPS': 0.03646748681898066, 'DNP': 0.03229349736379613, 'MBK': 0.027021089630931458, 'ALR': 0.024165202108963092, 'CCC': 0.02383567662565905, 'OPL': 0.01680579964850615, 'JSW': 0.014718804920913884, 'TPE': 0.00922671353251318}"
127,2019-06-27,110248.03921120214,0.0,"{'PKO': 0.16476274165202107, 'PKN': 0.1389499121265378, 'PZU': 0.12137521968365554, 'PEO': 0.08864235500878734, 'CDR': 0.07842706502636203, 'KGH': 0.06854130052724076, 'SPL': 0.06601493848857644, 'LPP': 0.05030755711775044, 'PGE': 0.03844463971880492, 'CPS': 0.03646748681898066, 'DNP': 0.03229349736379613, 'MBK': 0.027021089630931458, 'ALR': 0.024165202108963092, 'CCC': 0.02383567662565905, 'OPL': 0.01680579964850615, 'JSW': 0.014718804920913884, 'TPE': 0.00922671353251318}"
128,2019-06-28,109958.07775786881,0.0,"{'PKO': 0.16476274165202107, 'PKN': 0.1389499121265378, 'PZU': 0.12137521968365554, 'PEO': 0.08864235500878734, 'CDR': 0.07842706502636203, 'KGH': 0.06854130052724076, 'SPL': 0.06601493848857644, 'LPP': 0.05030755711775044, 'PGE': 0.03844463971880492, 'CPS': 0.03646748681898066, 'DNP': 0.03229349736379613, 'MBK': 0.027021089630931458, 'ALR': 0.024165202108963092, 'CCC': 0.02383567662565905, 'OPL': 0.01680579964850615, 'JSW': 0.014718804920913884, 'TPE': 0.00922671353251318}"
129,2019-07-01,110137.24687644103,0.0,"{'PKO': 0.16476274165202107, 'PKN': 0.1389499121265378, 'PZU': 0.12137521968365554, 'PEO': 0.08864235500878734, 'CDR': 0.07842706502636203, 'KGH': 0.06854130052724076, 'SPL': 0.06601493848857644, 'LPP': 0.05030755711775044, 'PGE': 0.03844463971880492, 'CPS': 0.03646748681898066, 'DNP': 0.03229349736379613, 'MBK': 0.027021089630931458, 'ALR': 0.024165202108963092, 'CCC': 0.02383567662565905, 'OPL': 0.01680579964850615, 'JSW': 0.014718804920913884, 'TPE': 0.00922671353251318}"
130,2019-07-02,110709.70651572452,0.0,"{'PKO': 0.16476274165202107, 'PKN': 0.1389499121265378, 'PZU': 0.12137521968365554, 'PEO': 0.08864235500878734, 'CDR': 0.07842706502636203, 'KGH': 0.06854130052724076, 'SPL': 0.06601493848857644, 'LPP': 0.05030755711775044, 'PGE': 0.03844463971880492, 'CPS': 0.03646748681898066, 'DNP': 0.03229349736379613, 'MBK': 0.027021089630931458, 'ALR': 0.024165202108963092, 'CCC': 0.02383567662565905, 'OPL': 0.01680579964850615, 'JSW': 0.014718804920913884, 'TPE': 0.00922671353251318}"
131,2019-07-03,110902.65866441716,0.0,"{'PKO': 0.16476274165202107, 'PKN': 0.1389499121265378, 'PZU': 0.12137521968365554, 'PEO': 0.08864235500878734, 'CDR': 0.07842706502636203, 'KGH': 0.06854130052724076, 'SPL': 0.06601493848857644, 'LPP': 0.05030755711775044, 'PGE': 0.03844463971880492, 'CPS': 0.03646748681898066, 'DNP': 0.03229349736379613, 'MBK': 0.027021089630931458, 'ALR': 0.024165202108963092, 'CCC': 0.02383567662565905, 'OPL': 0.01680579964850615, 'JSW': 0.014718804920913884, 'TPE': 0.00922671353251318}"
132,2019-07-04,111147.06415670252,0.0,"{'PKO': 0.16476274165202107, 'PKN': 0.1389499121265378, 'PZU': 0.12137521968365554, 'PEO': 0.08864235500878734, 'CDR': 0.07842706502636203, 'KGH': 0.06854130052724076, 'SPL': 0.06601493848857644, 'LPP': 0.05030755711775044, 'PGE': 0.03844463971880492, 'CPS': 0.03646748681898066, 'DNP': 0.03229349736379613, 'MBK': 0.027021089630931458, 'ALR': 0.024165202108963092, 'CCC': 0.02383567662565905, 'OPL': 0.01680579964850615, 'JSW': 0.014718804920913884, 'TPE': 0.00922671353251318}"
133,2019-07-05,110410.91451265493,0.0,"{'PKO': 0.16476274165202107, 'PKN': 0.1389499121265378, 'PZU': 0.12137521968365554, 'PEO': 0.08864235500878734, 'CDR': 0.07842706502636203, 'KGH': 0.06854130052724076, 'SPL': 0.06601493848857644, 'LPP': 0.05030755711775044, 'PGE': 0.03844463971880492, 'CPS': 0.03646748681898066, 'DNP': 0.03229349736379613, 'MBK': 0.027021089630931458, 'ALR': 0.024165202108963092, 'CCC': 0.02383567662565905, 'OPL': 0.01680579964850615, 'JSW': 0.014718804920913884, 'TPE': 0.00922671353251318}"
134,2019-07-08,110478.86330024528,0.0,"{'PKO': 0.16476274165202107, 'PKN': 0.1389499121265378, 'PZU': 0.12137521968365554, 'PEO': 0.08864235500878734, 'CDR': 0.07842706502636203, 'KGH': 0.06854130052724076, 'SPL': 0.06601493848857644, 'LPP': 0.05030755711775044, 'PGE': 0.03844463971880492, 'CPS': 0.03646748681898066, 'DNP': 0.03229349736379613, 'MBK': 0.027021089630931458, 'ALR': 0.024165202108963092, 'CCC': 0.02383567662565905, 'OPL': 0.01680579964850615, 'JSW': 0.014718804920913884, 'TPE': 0.00922671353251318}"
135,2019-07-09,109784.17185568971,0.0,"{'PKO': 0.16476274165202107, 'PKN': 0.1389499121265378, 'PZU': 0.12137521968365554, 'PEO': 0.08864235500878734, 'CDR': 0.07842706502636203, 'KGH': 0.06854130052724076, 'SPL': 0.06601493848857644, 'LPP': 0.05030755711775044, 'PGE': 0.03844463971880492, 'CPS': 0.03646748681898066, 'DNP': 0.03229349736379613, 'MBK': 0.027021089630931458, 'ALR': 0.024165202108963092, 'CCC': 0.02383567662565905, 'OPL': 0.01680579964850615, 'JSW': 0.014718804920913884, 'TPE': 0.00922671353251318}"
136,2019-07-10,109828.08803766452,0.0,"{'PKO': 0.16476274165202107, 'PKN': 0.1389499121265378, 'PZU': 0.12137521968365554, 'PEO': 0.08864235500878734, 'CDR': 0.07842706502636203, 'KGH': 0.06854130052724076, 'SPL': 0.06601493848857644, 'LPP': 0.05030755711775044, 'PGE': 0.03844463971880492, 'CPS': 0.03646748681898066, 'DNP': 0.03229349736379613, 'MBK': 0.027021089630931458, 'ALR': 0.024165202108963092, 'CCC': 0.02383567662565905, 'OPL': 0.01680579964850615, 'JSW': 0.014718804920913884, 'TPE': 0.00922671353251318}"
137,2019-07-11,109806.13971893827,0.0,"{'PKO': 0.16476274165202107, 'PKN': 0.1389499121265378, 'PZU': 0.12137521968365554, 'PEO': 0.08864235500878734, 'CDR': 0.07842706502636203, 'KGH': 0.06854130052724076, 'SPL': 0.06601493848857644, 'LPP': 0.05030755711775044, 'PGE': 0.03844463971880492, 'CPS': 0.03646748681898066, 'DNP': 0.03229349736379613, 'MBK': 0.027021089630931458, 'ALR': 0.024165202108963092, 'CCC': 0.02383567662565905, 'OPL': 0.01680579964850615, 'JSW': 0.014718804920913884, 'TPE': 0.00922671353251318}"
138,2019-07-12,109571.89036300195,0.0,"{'PKO': 0.16476274165202107, 'PKN': 0.1389499121265378, 'PZU': 0.12137521968365554, 'PEO': 0.08864235500878734, 'CDR': 0.07842706502636203, 'KGH': 0.06854130052724076, 'SPL': 0.06601493848857644, 'LPP': 0.05030755711775044, 'PGE': 0.03844463971880492, 'CPS': 0.03646748681898066, 'DNP': 0.03229349736379613, 'MBK': 0.027021089630931458, 'ALR': 0.024165202108963092, 'CCC': 0.02383567662565905, 'OPL': 0.01680579964850615, 'JSW': 0.014718804920913884, 'TPE': 0.00922671353251318}"
139,2019-07-15,109896.26217148596,0.0,"{'PKO': 0.16476274165202107, 'PKN': 0.1389499121265378, 'PZU': 0.12137521968365554, 'PEO': 0.08864235500878734, 'CDR': 0.07842706502636203, 'KGH': 0.06854130052724076, 'SPL': 0.06601493848857644, 'LPP': 0.05030755711775044, 'PGE': 0.03844463971880492, 'CPS': 0.03646748681898066, 'DNP': 0.03229349736379613, 'MBK': 0.027021089630931458, 'ALR': 0.024165202108963092, 'CCC': 0.02383567662565905, 'OPL': 0.01680579964850615, 'JSW': 0.014718804920913884, 'TPE': 0.00922671353251318}"
140,2019-07-16,109860.13250959931,0.0,"{'PKO': 0.16476274165202107, 'PKN': 0.1389499121265378, 'PZU': 0.12137521968365554, 'PEO': 0.08864235500878734, 'CDR': 0.07842706502636203, 'KGH': 0.06854130052724076, 'SPL': 0.06601493848857644, 'LPP': 0.05030755711775044, 'PGE': 0.03844463971880492, 'CPS': 0.03646748681898066, 'DNP': 0.03229349736379613, 'MBK': 0.027021089630931458, 'ALR': 0.024165202108963092, 'CCC': 0.02383567662565905, 'OPL': 0.01680579964850615, 'JSW': 0.014718804920913884, 'TPE': 0.00922671353251318}"
141,2019-07-17,109393.49905299788,0.0,"{'PKO': 0.16476274165202107, 'PKN': 0.1389499121265378, 'PZU': 0.12137521968365554, 'PEO': 0.08864235500878734, 'CDR': 0.07842706502636203, 'KGH': 0.06854130052724076, 'SPL': 0.06601493848857644, 'LPP': 0.05030755711775044, 'PGE': 0.03844463971880492, 'CPS': 0.03646748681898066, 'DNP': 0.03229349736379613, 'MBK': 0.027021089630931458, 'ALR': 0.024165202108963092, 'CCC': 0.02383567662565905, 'OPL': 0.01680579964850615, 'JSW': 0.014718804920913884, 'TPE': 0.00922671353251318}"
142,2019-07-18,110172.48759529009,0.0,"{'PKO': 0.16476274165202107, 'PKN': 0.1389499121265378, 'PZU': 0.12137521968365554, 'PEO': 0.08864235500878734, 'CDR': 0.07842706502636203, 'KGH': 0.06854130052724076, 'SPL': 0.06601493848857644, 'LPP': 0.05030755711775044, 'PGE': 0.03844463971880492, 'CPS': 0.03646748681898066, 'DNP': 0.03229349736379613, 'MBK': 0.027021089630931458, 'ALR': 0.024165202108963092, 'CCC': 0.02383567662565905, 'OPL': 0.01680579964850615, 'JSW': 0.014718804920913884, 'TPE': 0.00922671353251318}"
143,2019-07-19,111876.9841896725,1.4551915228366852e-11,"{'PKN': 0.15599470735638302, 'PZU': 0.12095325921463185, 'PEO': 0.08563187176194649, 'CDR': 0.08368338125420104, 'KGH': 0.06190307539271956, 'SPL': 0.06161134220572414, 'LPP': 0.052173865959774704, 'PGE': 0.039538636746836844, 'CPS': 0.03659329468995122, 'DNP': 0.03494343209565179, 'ALR': 0.024949519767607665, 'CCC': 0.02202273524130796, 'OPL': 0.01420991596093425, 'TPE': 0.01016063007249032, 'FMG': 0.15779592031571205, 'EHG': 0.02339884036329811, 'IBS': 0.014435571600829145}"
144,2019-07-22,111928.86909887391,1.4551915228366852e-11,"{'PKN': 0.15599470735638302, 'PZU': 0.12095325921463185, 'PEO': 0.08563187176194649, 'CDR': 0.08368338125420104, 'KGH': 0.06190307539271956, 'SPL': 0.06161134220572414, 'LPP': 0.052173865959774704, 'PGE': 0.039538636746836844, 'CPS': 0.03659329468995122, 'DNP': 0.03494343209565179, 'ALR': 0.024949519767607665, 'CCC': 0.02202273524130796, 'OPL': 0.01420991596093425, 'TPE': 0.01016063007249032, 'FMG': 0.15779592031571205, 'EHG': 0.02339884036329811, 'IBS': 0.014435571600829145}"
145,2019-07-23,111266.92383821799,1.4551915228366852e-11,"{'PKN': 0.15599470735638302, 'PZU': 0.12095325921463185, 'PEO': 0.08563187176194649, 'CDR': 0.08368338125420104, 'KGH': 0.06190307539271956, 'SPL': 0.06161134220572414, 'LPP': 0.052173865959774704, 'PGE': 0.039538636746836844, 'CPS': 0.03659329468995122, 'DNP': 0.03494343209565179, 'ALR': 0.024949519767607665, 'CCC': 0.02202273524130796, 'OPL': 0.01420991596093425, 'TPE': 0.01016063007249032, 'FMG': 0.15779592031571205, 'EHG': 0.02339884036329811, 'IBS': 0.014435571600829145}"
146,2019-07-24,111239.14312997769,1.4551915228366852e-11,"{'PKN': 0.15599470735638302, 'PZU': 0.12095325921463185, 'PEO': 0.08563187176194649, 'CDR': 0.08368338125420104, 'KGH': 0.06190307539271956, 'SPL': 0.06161134220572414, 'LPP': 0.052173865959774704, 'PGE': 0.039538636746836844, 'CPS': 0.03659329468995122, 'DNP': 0.03494343209565179, 'ALR': 0.024949519767607665, 'CCC': 0.02202273524130796, 'OPL': 0.01420991596093425, 'TPE': 0.01016063007249032, 'FMG': 0.15779592031571205, 'EHG': 0.02339884036329811, 'IBS': 0.014435571600829145}"
147,2019-07-25,109984.25280306426,1.4551915228366852e-11,"{'PKN': 0.15599470735638302, 'PZU': 0.12095325921463185, 'PEO': 0.08563187176194649, 'CDR': 0.08368338125420104, 'KGH': 0.06190307539271956, 'SPL': 0.06161134220572414, 'LPP': 0.052173865959774704, 'PGE': 0.039538636746836844, 'CPS': 0.03659329468995122, 'DNP': 0.03494343209565179, 'ALR': 0.024949519767607665, 'CCC': 0.02202273524130796, 'OPL': 0.01420991596093425, 'TPE': 0.01016063007249032, 'FMG': 0.15779592031571205, 'EHG': 0.02339884036329811, 'IBS': 0.014435571600829145}"
148,2019-07-26,109950.89510369273,1.4551915228366852e-11,"{'PKN': 0.15599470735638302, 'PZU': 0.12095325921463185, 'PEO': 0.08563187176194649, 'CDR': 0.08368338125420104, 'KGH': 0.06190307539271956, 'SPL': 0.06161134220572414, 'LPP': 0.052173865959774704, 'PGE': 0.039538636746836844, 'CPS': 0.03659329468995122, 'DNP': 0.03494343209565179, 'ALR': 0.024949519767607665, 'CCC': 0.02202273524130796, 'OPL': 0.01420991596093425, 'TPE': 0.01016063007249032, 'FMG': 0.15779592031571205, 'EHG': 0.02339884036329811, 'IBS': 0.014435571600829145}"
149,2019-07-29,109236.6616384469,1.4551915228366852e-11,"{'PKN': 0.15599470735638302, 'PZU': 0.12095325921463185, 'PEO': 0.08563187176194649, 'CDR': 0.08368338125420104, 'KGH': 0.06190307539271956, 'SPL': 0.06161134220572414, 'LPP': 0.052173865959774704, 'PGE': 0.039538636746836844, 'CPS': 0.03659329468995122, 'DNP': 0.03494343209565179, 'ALR': 0.024949519767607665, 'CCC': 0.02202273524130796, 'OPL': 0.01420991596093425, 'TPE': 0.01016063007249032, 'FMG': 0.15779592031571205, 'EHG': 0.02339884036329811, 'IBS': 0.014435571600829145}"
150,2019-07-30,108765.05429296424,1.4551915228366852e-11,"{'PKN': 0.15599470735638302, 'PZU': 0.12095325921463185, 'PEO': 0.08563187176194649, 'CDR': 0.08368338125420104, 'KGH': 0.06190307539271956, 'SPL': 0.06161134220572414, 'LPP': 0.052173865959774704, 'PGE': 0.039538636746836844, 'CPS': 0.03659329468995122, 'DNP': 0.03494343209565179, 'ALR': 0.024949519767607665, 'CCC': 0.02202273524130796, 'OPL': 0.01420991596093425, 'TPE': 0.01016063007249032, 'FMG': 0.15779592031571205, 'EHG': 0.02339884036329811, 'IBS': 0.014435571600829145}"
151,2019-07-31,109072.84722622912,1.4551915228366852e-11,"{'PKN': 0.15599470735638302, 'PZU': 0.12095325921463185, 'PEO': 0.08563187176194649, 'CDR': 0.08368338125420104, 'KGH': 0.06190307539271956, 'SPL': 0.06161134220572414, 'LPP': 0.052173865959774704, 'PGE': 0.039538636746836844, 'CPS': 0.03659329468995122, 'DNP': 0.03494343209565179, 'ALR': 0.024949519767607665, 'CCC': 0.02202273524130796, 'OPL': 0.01420991596093425, 'TPE': 0.01016063007249032, 'FMG': 0.15779592031571205, 'EHG': 0.02339884036329811, 'IBS': 0.014435571600829145}"
152,2019-08-01,107897.41081342999,1.4551915228366852e-11,"{'PKN': 0.15599470735638302, 'PZU': 0.12095325921463185, 'PEO': 0.08563187176194649, 'CDR': 0.08368338125420104, 'KGH': 0.06190307539271956, 'SPL': 0.06161134220572414, 'LPP': 0.052173865959774704, 'PGE': 0.039538636746836844, 'CPS': 0.03659329468995122, 'DNP': 0.03494343209565179, 'ALR': 0.024949519767607665, 'CCC': 0.02202273524130796, 'OPL': 0.01420991596093425, 'TPE': 0.01016063007249032, 'FMG': 0.15779592031571205, 'EHG': 0.02339884036329811, 'IBS': 0.014435571600829145}"
153,2019-08-02,106975.979573247,1.4551915228366852e-11,"{'PKN': 0.15599470735638302, 'PZU': 0.12095325921463185, 'PEO': 0.08563187176194649, 'CDR': 0.08368338125420104, 'KGH': 0.06190307539271956, 'SPL': 0.06161134220572414, 'LPP': 0.052173865959774704, 'PGE': 0.039538636746836844, 'CPS': 0.03659329468995122, 'DNP': 0.03494343209565179, 'ALR': 0.024949519767607665, 'CCC': 0.02202273524130796, 'OPL': 0.01420991596093425, 'TPE': 0.01016063007249032, 'FMG': 0.15779592031571205, 'EHG': 0.02339884036329811, 'IBS': 0.014435571600829145}"
154,2019-08-05,104879.69856494143,1.4551915228366852e-11,"{'PKN': 0.15599470735638302, 'PZU': 0.12095325921463185, 'PEO': 0.08563187176194649, 'CDR': 0.08368338125420104, 'KGH': 0.06190307539271956, 'SPL': 0.06161134220572414, 'LPP': 0.052173865959774704, 'PGE': 0.039538636746836844, 'CPS': 0.03659329468995122, 'DNP': 0.03494343209565179, 'ALR': 0.024949519767607665, 'CCC': 0.02202273524130796, 'OPL': 0.01420991596093425, 'TPE': 0.01016063007249032, 'FMG': 0.15779592031571205, 'EHG': 0.02339884036329811, 'IBS': 0.014435571600829145}"
155,2019-08-06,104805.00580153376,1.4551915228366852e-11,"{'PKN': 0.15599470735638302, 'PZU': 0.12095325921463185, 'PEO': 0.08563187176194649, 'CDR': 0.08368338125420104, 'KGH': 0.06190307539271956, 'SPL': 0.06161134220572414, 'LPP': 0.052173865959774704, 'PGE': 0.039538636746836844, 'CPS': 0.03659329468995122, 'DNP': 0.03494343209565179, 'ALR': 0.024949519767607665, 'CCC': 0.02202273524130796, 'OPL': 0.01420991596093425, 'TPE': 0.01016063007249032, 'FMG': 0.15779592031571205, 'EHG': 0.02339884036329811, 'IBS': 0.014435571600829145}"
156,2019-08-07,104007.48628040116,1.4551915228366852e-11,"{'PKN': 0.15599470735638302, 'PZU': 0.12095325921463185, 'PEO': 0.08563187176194649, 'CDR': 0.08368338125420104, 'KGH': 0.06190307539271956, 'SPL': 0.06161134220572414, 'LPP': 0.052173865959774704, 'PGE': 0.039538636746836844, 'CPS': 0.03659329468995122, 'DNP': 0.03494343209565179, 'ALR': 0.024949519767607665, 'CCC': 0.02202273524130796, 'OPL': 0.01420991596093425, 'TPE': 0.01016063007249032, 'FMG': 0.15779592031571205, 'EHG': 0.02339884036329811, 'IBS': 0.014435571600829145}"
157,2019-08-08,104554.45729933638,1.4551915228366852e-11,"{'PKN': 0.15599470735638302, 'PZU': 0.12095325921463185, 'PEO': 0.08563187176194649, 'CDR': 0.08368338125420104, 'KGH': 0.06190307539271956, 'SPL': 0.06161134220572414, 'LPP': 0.052173865959774704, 'PGE': 0.039538636746836844, 'CPS': 0.03659329468995122, 'DNP': 0.03494343209565179, 'ALR': 0.024949519767607665, 'CCC': 0.02202273524130796, 'OPL': 0.01420991596093425, 'TPE': 0.01016063007249032, 'FMG': 0.15779592031571205, 'EHG': 0.02339884036329811, 'IBS': 0.014435571600829145}"
158,2019-08-09,103495.93225979504,1.4551915228366852e-11,"{'PKN': 0.15599470735638302, 'PZU': 0.12095325921463185, 'PEO': 0.08563187176194649, 'CDR': 0.08368338125420104, 'KGH': 0.06190307539271956, 'SPL': 0.06161134220572414, 'LPP': 0.052173865959774704, 'PGE': 0.039538636746836844, 'CPS': 0.03659329468995122, 'DNP': 0.03494343209565179, 'ALR': 0.024949519767607665, 'CCC': 0.02202273524130796, 'OPL': 0.01420991596093425, 'TPE': 0.01016063007249032, 'FMG': 0.15779592031571205, 'EHG': 0.02339884036329811, 'IBS': 0.014435571600829145}"
159,2019-08-12,102679.974928003,1.4551915228366852e-11,"{'PKN': 0.15599470735638302, 'PZU': 0.12095325921463185, 'PEO': 0.08563187176194649, 'CDR': 0.08368338125420104, 'KGH': 0.06190307539271956, 'SPL': 0.06161134220572414, 'LPP': 0.052173865959774704, 'PGE': 0.039538636746836844, 'CPS': 0.03659329468995122, 'DNP': 0.03494343209565179, 'ALR': 0.024949519767607665, 'CCC': 0.02202273524130796, 'OPL': 0.01420991596093425, 'TPE': 0.01016063007249032, 'FMG': 0.15779592031571205, 'EHG': 0.02339884036329811, 'IBS': 0.014435571600829145}"
160,2019-08-13,104500.75726450654,1.4551915228366852e-11,"{'PKN': 0.15599470735638302, 'PZU': 0.12095325921463185, 'PEO': 0.08563187176194649, 'CDR': 0.08368338125420104, 'KGH': 0.06190307539271956, 'SPL': 0.06161134220572414, 'LPP': 0.052173865959774704, 'PGE': 0.039538636746836844, 'CPS': 0.03659329468995122, 'DNP': 0.03494343209565179, 'ALR': 0.024949519767607665, 'CCC': 0.02202273524130796, 'OPL': 0.01420991596093425, 'TPE': 0.01016063007249032, 'FMG': 0.15779592031571205, 'EHG': 0.02339884036329811, 'IBS': 0.014435571600829145}"
161,2019-08-14,102201.79010535516,1.4551915228366852e-11,"{'PKN': 0.15599470735638302, 'PZU': 0.12095325921463185, 'PEO': 0.08563187176194649, 'CDR': 0.08368338125420104, 'KGH': 0.06190307539271956, 'SPL': 0.06161134220572414, 'LPP': 0.052173865959774704, 'PGE': 0.039538636746836844, 'CPS': 0.03659329468995122, 'DNP': 0.03494343209565179, 'ALR': 0.024949519767607665, 'CCC': 0.02202273524130796, 'OPL': 0.01420991596093425, 'TPE': 0.01016063007249032, 'FMG': 0.15779592031571205, 'EHG': 0.02339884036329811, 'IBS': 0.014435571600829145}"
162,2019-08-15,102201.79010535516,1.4551915228366852e-11,"{'PKN': 0.15599470735638302, 'PZU': 0.12095325921463185, 'PEO': 0.08563187176194649, 'CDR': 0.08368338125420104, 'KGH': 0.06190307539271956, 'SPL': 0.06161134220572414, 'LPP': 0.052173865959774704, 'PGE': 0.039538636746836844, 'CPS': 0.03659329468995122, 'DNP': 0.03494343209565179, 'ALR': 0.024949519767607665, 'CCC': 0.02202273524130796, 'OPL': 0.01420991596093425, 'TPE': 0.01016063007249032, 'FMG': 0.15779592031571205, 'EHG': 0.02339884036329811, 'IBS': 0.014435571600829145}"
163,2019-08-16,101506.80570893505,1.4551915228366852e-11,"{'PKN': 0.15599470735638302, 'PZU': 0.12095325921463185, 'PEO': 0.08563187176194649, 'CDR': 0.08368338125420104, 'KGH': 0.06190307539271956, 'SPL': 0.06161134220572414, 'LPP': 0.052173865959774704, 'PGE': 0.039538636746836844, 'CPS': 0.03659329468995122, 'DNP': 0.03494343209565179, 'ALR': 0.024949519767607665, 'CCC': 0.02202273524130796, 'OPL': 0.01420991596093425, 'TPE': 0.01016063007249032, 'FMG': 0.15779592031571205, 'EHG': 0.02339884036329811, 'IBS': 0.014435571600829145}"
164,2019-08-19,103177.50331149307,1.4551915228366852e-11,"{'PKN': 0.15599470735638302, 'PZU': 0.12095325921463185, 'PEO': 0.08563187176194649, 'CDR': 0.08368338125420104, 'KGH': 0.06190307539271956, 'SPL': 0.06161134220572414, 'LPP': 0.052173865959774704, 'PGE': 0.039538636746836844, 'CPS': 0.03659329468995122, 'DNP': 0.03494343209565179, 'ALR': 0.024949519767607665, 'CCC': 0.02202273524130796, 'OPL': 0.01420991596093425, 'TPE': 0.01016063007249032, 'FMG': 0.15779592031571205, 'EHG': 0.02339884036329811, 'IBS': 0.014435571600829145}"
165,2019-08-20,103760.01337545391,1.4551915228366852e-11,"{'PKN': 0.15599470735638302, 'PZU': 0.12095325921463185, 'PEO': 0.08563187176194649, 'CDR': 0.08368338125420104, 'KGH': 0.06190307539271956, 'SPL': 0.06161134220572414, 'LPP': 0.052173865959774704, 'PGE': 0.039538636746836844, 'CPS': 0.03659329468995122, 'DNP': 0.03494343209565179, 'ALR': 0.024949519767607665, 'CCC': 0.02202273524130796, 'OPL': 0.01420991596093425, 'TPE': 0.01016063007249032, 'FMG': 0.15779592031571205, 'EHG': 0.02339884036329811, 'IBS': 0.014435571600829145}"
166,2019-08-21,103694.41488077324,1.4551915228366852e-11,"{'PKN': 0.15599470735638302, 'PZU': 0.12095325921463185, 'PEO': 0.08563187176194649, 'CDR': 0.08368338125420104, 'KGH': 0.06190307539271956, 'SPL': 0.06161134220572414, 'LPP': 0.052173865959774704, 'PGE': 0.039538636746836844, 'CPS': 0.03659329468995122, 'DNP': 0.03494343209565179, 'ALR': 0.024949519767607665, 'CCC': 0.02202273524130796, 'OPL': 0.01420991596093425, 'TPE': 0.01016063007249032, 'FMG': 0.15779592031571205, 'EHG': 0.02339884036329811, 'IBS': 0.014435571600829145}"
167,2019-08-22,104116.74855582968,1.4551915228366852e-11,"{'PKN': 0.15599470735638302, 'PZU': 0.12095325921463185, 'PEO': 0.08563187176194649, 'CDR': 0.08368338125420104, 'KGH': 0.06190307539271956, 'SPL': 0.06161134220572414, 'LPP': 0.052173865959774704, 'PGE': 0.039538636746836844, 'CPS': 0.03659329468995122, 'DNP': 0.03494343209565179, 'ALR': 0.024949519767607665, 'CCC': 0.02202273524130796, 'OPL': 0.01420991596093425, 'TPE': 0.01016063007249032, 'FMG': 0.15779592031571205, 'EHG': 0.02339884036329811, 'IBS': 0.014435571600829145}"
168,2019-08-23,104448.58872171747,1.4551915228366852e-11,"{'PKN': 0.15599470735638302, 'PZU': 0.12095325921463185, 'PEO': 0.08563187176194649, 'CDR': 0.08368338125420104, 'KGH': 0.06190307539271956, 'SPL': 0.06161134220572414, 'LPP': 0.052173865959774704, 'PGE': 0.039538636746836844, 'CPS': 0.03659329468995122, 'DNP': 0.03494343209565179, 'ALR': 0.024949519767607665, 'CCC': 0.02202273524130796, 'OPL': 0.01420991596093425, 'TPE': 0.01016063007249032, 'FMG': 0.15779592031571205, 'EHG': 0.02339884036329811, 'IBS': 0.014435571600829145}"
169,2019-08-26,104559.30520880505,1.4551915228366852e-11,"{'PKN': 0.15599470735638302, 'PZU': 0.12095325921463185, 'PEO': 0.08563187176194649, 'CDR': 0.08368338125420104, 'KGH': 0.06190307539271956, 'SPL': 0.06161134220572414, 'LPP': 0.052173865959774704, 'PGE': 0.039538636746836844, 'CPS': 0.03659329468995122, 'DNP': 0.03494343209565179, 'ALR': 0.024949519767607665, 'CCC': 0.02202273524130796, 'OPL': 0.01420991596093425, 'TPE': 0.01016063007249032, 'FMG': 0.15779592031571205, 'EHG': 0.02339884036329811, 'IBS': 0.014435571600829145}"
170,2019-08-27,104292.39280960239,1.4551915228366852e-11,"{'PKN': 0.15599470735638302, 'PZU': 0.12095325921463185, 'PEO': 0.08563187176194649, 'CDR': 0.08368338125420104, 'KGH': 0.06190307539271956, 'SPL': 0.06161134220572414, 'LPP': 0.052173865959774704, 'PGE': 0.039538636746836844, 'CPS': 0.03659329468995122, 'DNP': 0.03494343209565179, 'ALR': 0.024949519767607665, 'CCC': 0.02202273524130796, 'OPL': 0.01420991596093425, 'TPE': 0.01016063007249032, 'FMG': 0.15779592031571205, 'EHG': 0.02339884036329811, 'IBS': 0.014435571600829145}"
171,2019-08-28,103187.53488261471,1.4551915228366852e-11,"{'PKN': 0.15599470735638302, 'PZU': 0.12095325921463185, 'PEO': 0.08563187176194649, 'CDR': 0.08368338125420104, 'KGH': 0.06190307539271956, 'SPL': 0.06161134220572414, 'LPP': 0.052173865959774704, 'PGE': 0.039538636746836844, 'CPS': 0.03659329468995122, 'DNP': 0.03494343209565179, 'ALR': 0.024949519767607665, 'CCC': 0.02202273524130796, 'OPL': 0.01420991596093425, 'TPE': 0.01016063007249032, 'FMG': 0.15779592031571205, 'EHG': 0.02339884036329811, 'IBS': 0.014435571600829145}"
172,2019-08-29,103705.10824456571,1.4551915228366852e-11,"{'PKN': 0.15599470735638302, 'PZU': 0.12095325921463185, 'PEO': 0.08563187176194649, 'CDR': 0.08368338125420104, 'KGH': 0.06190307539271956, 'SPL': 0.06161134220572414, 'LPP': 0.052173865959774704, 'PGE': 0.039538636746836844, 'CPS': 0.03659329468995122, 'DNP': 0.03494343209565179, 'ALR': 0.024949519767607665, 'CCC': 0.02202273524130796, 'OPL': 0.01420991596093425, 'TPE': 0.01016063007249032, 'FMG': 0.15779592031571205, 'EHG': 0.02339884036329811, 'IBS': 0.014435571600829145}"
173,2019-08-30,106033.18273474449,1.4551915228366852e-11,"{'PKN': 0.15599470735638302, 'PZU': 0.12095325921463185, 'PEO': 0.08563187176194649, 'CDR': 0.08368338125420104, 'KGH': 0.06190307539271956, 'SPL': 0.06161134220572414, 'LPP': 0.052173865959774704, 'PGE': 0.039538636746836844, 'CPS': 0.03659329468995122, 'DNP': 0.03494343209565179, 'ALR': 0.024949519767607665, 'CCC': 0.02202273524130796, 'OPL': 0.01420991596093425, 'TPE': 0.01016063007249032, 'FMG': 0.15779592031571205, 'EHG': 0.02339884036329811, 'IBS': 0.014435571600829145}"
174,2019-09-02,106352.02861360596,1.4551915228366852e-11,"{'PKN': 0.15599470735638302, 'PZU': 0.12095325921463185, 'PEO': 0.08563187176194649, 'CDR': 0.08368338125420104, 'KGH': 0.06190307539271956, 'SPL': 0.06161134220572414, 'LPP': 0.052173865959774704, 'PGE': 0.039538636746836844, 'CPS': 0.03659329468995122, 'DNP': 0.03494343209565179, 'ALR': 0.024949519767607665, 'CCC': 0.02202273524130796, 'OPL': 0.01420991596093425, 'TPE': 0.01016063007249032, 'FMG': 0.15779592031571205, 'EHG': 0.02339884036329811, 'IBS': 0.014435571600829145}"
175,2019-09-03,104950.653810233,1.4551915228366852e-11,"{'PKN': 0.15599470735638302, 'PZU': 0.12095325921463185, 'PEO': 0.08563187176194649, 'CDR': 0.08368338125420104, 'KGH': 0.06190307539271956, 'SPL': 0.06161134220572414, 'LPP': 0.052173865959774704, 'PGE': 0.039538636746836844, 'CPS': 0.03659329468995122, 'DNP': 0.03494343209565179, 'ALR': 0.024949519767607665, 'CCC': 0.02202273524130796, 'OPL': 0.01420991596093425, 'TPE': 0.01016063007249032, 'FMG': 0.15779592031571205, 'EHG': 0.02339884036329811, 'IBS': 0.014435571600829145}"
176,2019-09-04,104977.84641867166,1.4551915228366852e-11,"{'PKN': 0.15599470735638302, 'PZU': 0.12095325921463185, 'PEO': 0.08563187176194649, 'CDR': 0.08368338125420104, 'KGH': 0.06190307539271956, 'SPL': 0.06161134220572414, 'LPP': 0.052173865959774704, 'PGE': 0.039538636746836844, 'CPS': 0.03659329468995122, 'DNP': 0.03494343209565179, 'ALR': 0.024949519767607665, 'CCC': 0.02202273524130796, 'OPL': 0.01420991596093425, 'TPE': 0.01016063007249032, 'FMG': 0.15779592031571205, 'EHG': 0.02339884036329811, 'IBS': 0.014435571600829145}"
177,2019-09-05,105096.5769359203,1.4551915228366852e-11,"{'PKN': 0.15599470735638302, 'PZU': 0.12095325921463185, 'PEO': 0.08563187176194649, 'CDR': 0.08368338125420104, 'KGH': 0.06190307539271956, 'SPL': 0.06161134220572414, 'LPP': 0.052173865959774704, 'PGE': 0.039538636746836844, 'CPS': 0.03659329468995122, 'DNP': 0.03494343209565179, 'ALR': 0.024949519767607665, 'CCC': 0.02202273524130796, 'OPL': 0.01420991596093425, 'TPE': 0.01016063007249032, 'FMG': 0.15779592031571205, 'EHG': 0.02339884036329811, 'IBS': 0.014435571600829145}"
178,2019-09-06,105656.95696385918,1.4551915228366852e-11,"{'PKN': 0.15599470735638302, 'PZU': 0.12095325921463185, 'PEO': 0.08563187176194649, 'CDR': 0.08368338125420104, 'KGH': 0.06190307539271956, 'SPL': 0.06161134220572414, 'LPP': 0.052173865959774704, 'PGE': 0.039538636746836844, 'CPS': 0.03659329468995122, 'DNP': 0.03494343209565179, 'ALR': 0.024949519767607665, 'CCC': 0.02202273524130796, 'OPL': 0.01420991596093425, 'TPE': 0.01016063007249032, 'FMG': 0.15779592031571205, 'EHG': 0.02339884036329811, 'IBS': 0.014435571600829145}"
179,2019-09-09,107142.93290398837,1.4551915228366852e-11,"{'PKN': 0.15599470735638302, 'PZU': 0.12095325921463185, 'PEO': 0.08563187176194649, 'CDR': 0.08368338125420104, 'KGH': 0.06190307539271956, 'SPL': 0.06161134220572414, 'LPP': 0.052173865959774704, 'PGE': 0.039538636746836844, 'CPS': 0.03659329468995122, 'DNP': 0.03494343209565179, 'ALR': 0.024949519767607665, 'CCC': 0.02202273524130796, 'OPL': 0.01420991596093425, 'TPE': 0.01016063007249032, 'FMG': 0.15779592031571205, 'EHG': 0.02339884036329811, 'IBS': 0.014435571600829145}"
180,2019-09-10,107578.74935303169,1.4551915228366852e-11,"{'PKN': 0.15599470735638302, 'PZU': 0.12095325921463185, 'PEO': 0.08563187176194649, 'CDR': 0.08368338125420104, 'KGH': 0.06190307539271956, 'SPL': 0.06161134220572414, 'LPP': 0.052173865959774704, 'PGE': 0.039538636746836844, 'CPS': 0.03659329468995122, 'DNP': 0.03494343209565179, 'ALR': 0.024949519767607665, 'CCC': 0.02202273524130796, 'OPL': 0.01420991596093425, 'TPE': 0.01016063007249032, 'FMG': 0.15779592031571205, 'EHG': 0.02339884036329811, 'IBS': 0.014435571600829145}"
181,2019-09-11,107867.76172996168,1.4551915228366852e-11,"{'PKN': 0.15599470735638302, 'PZU': 0.12095325921463185, 'PEO': 0.08563187176194649, 'CDR': 0.08368338125420104, 'KGH': 0.06190307539271956, 'SPL': 0.06161134220572414, 'LPP': 0.052173865959774704, 'PGE': 0.039538636746836844, 'CPS': 0.03659329468995122, 'DNP': 0.03494343209565179, 'ALR': 0.024949519767607665, 'CCC': 0.02202273524130796, 'OPL': 0.01420991596093425, 'TPE': 0.01016063007249032, 'FMG': 0.15779592031571205, 'EHG': 0.02339884036329811, 'IBS': 0.014435571600829145}"
182,2019-09-12,107944.79046929633,1.4551915228366852e-11,"{'PKN': 0.15599470735638302, 'PZU': 0.12095325921463185, 'PEO': 0.08563187176194649, 'CDR': 0.08368338125420104, 'KGH': 0.06190307539271956, 'SPL': 0.06161134220572414, 'LPP': 0.052173865959774704, 'PGE': 0.039538636746836844, 'CPS': 0.03659329468995122, 'DNP': 0.03494343209565179, 'ALR': 0.024949519767607665, 'CCC': 0.02202273524130796, 'OPL': 0.01420991596093425, 'TPE': 0.01016063007249032, 'FMG': 0.15779592031571205, 'EHG': 0.02339884036329811, 'IBS': 0.014435571600829145}"
183,2019-09-13,108466.9593353237,1.4551915228366852e-11,"{'PKN': 0.15599470735638302, 'PZU': 0.12095325921463185, 'PEO': 0.08563187176194649, 'CDR': 0.08368338125420104, 'KGH': 0.06190307539271956, 'SPL': 0.06161134220572414, 'LPP': 0.052173865959774704, 'PGE': 0.039538636746836844, 'CPS': 0.03659329468995122, 'DNP': 0.03494343209565179, 'ALR': 0.024949519767607665, 'CCC': 0.02202273524130796, 'OPL': 0.01420991596093425, 'TPE': 0.01016063007249032, 'FMG': 0.15779592031571205, 'EHG': 0.02339884036329811, 'IBS': 0.014435571600829145}"
184,2019-09-16,108978.70638956841,1.4551915228366852e-11,"{'PKN': 0.15599470735638302, 'PZU': 0.12095325921463185, 'PEO': 0.08563187176194649, 'CDR': 0.08368338125420104, 'KGH': 0.06190307539271956, 'SPL': 0.06161134220572414, 'LPP': 0.052173865959774704, 'PGE': 0.039538636746836844, 'CPS': 0.03659329468995122, 'DNP': 0.03494343209565179, 'ALR': 0.024949519767607665, 'CCC': 0.02202273524130796, 'OPL': 0.01420991596093425, 'TPE': 0.01016063007249032, 'FMG': 0.15779592031571205, 'EHG': 0.02339884036329811, 'IBS': 0.014435571600829145}"
185,2019-09-17,107809.77333699477,1.4551915228366852e-11,"{'PKN': 0.15599470735638302, 'PZU': 0.12095325921463185, 'PEO': 0.08563187176194649, 'CDR': 0.08368338125420104, 'KGH': 0.06190307539271956, 'SPL': 0.06161134220572414, 'LPP': 0.052173865959774704, 'PGE': 0.039538636746836844, 'CPS': 0.03659329468995122, 'DNP': 0.03494343209565179, 'ALR': 0.024949519767607665, 'CCC': 0.02202273524130796, 'OPL': 0.01420991596093425, 'TPE': 0.01016063007249032, 'FMG': 0.15779592031571205, 'EHG': 0.02339884036329811, 'IBS': 0.014435571600829145}"
186,2019-09-18,108376.42757505109,1.4551915228366852e-11,"{'PKN': 0.15599470735638302, 'PZU': 0.12095325921463185, 'PEO': 0.08563187176194649, 'CDR': 0.08368338125420104, 'KGH': 0.06190307539271956, 'SPL': 0.06161134220572414, 'LPP': 0.052173865959774704, 'PGE': 0.039538636746836844, 'CPS': 0.03659329468995122, 'DNP': 0.03494343209565179, 'ALR': 0.024949519767607665, 'CCC': 0.02202273524130796, 'OPL': 0.01420991596093425, 'TPE': 0.01016063007249032, 'FMG': 0.15779592031571205, 'EHG': 0.02339884036329811, 'IBS': 0.014435571600829145}"
187,2019-09-19,108026.9457214281,1.4551915228366852e-11,"{'PKN': 0.15599470735638302, 'PZU': 0.12095325921463185, 'PEO': 0.08563187176194649, 'CDR': 0.08368338125420104, 'KGH': 0.06190307539271956, 'SPL': 0.06161134220572414, 'LPP': 0.052173865959774704, 'PGE': 0.039538636746836844, 'CPS': 0.03659329468995122, 'DNP': 0.03494343209565179, 'ALR': 0.024949519767607665, 'CCC': 0.02202273524130796, 'OPL': 0.01420991596093425, 'TPE': 0.01016063007249032, 'FMG': 0.15779592031571205, 'EHG': 0.02339884036329811, 'IBS': 0.014435571600829145}"
188,2019-09-20,107721.56050965653,0.0,"{'PKO': 0.1646247707600067, 'PKN': 0.14636020119341983, 'PZU': 0.12008279528470756, 'CDR': 0.09125151043227173, 'PEO': 0.08791401757973052, 'KGH': 0.058154249020208236, 'SPL': 0.05742112004109034, 'LPP': 0.05285113640479255, 'CPS': 0.042839755345640676, 'DNP': 0.03974371215688082, 'PGE': 0.0335911357243435, 'MBK': 0.02382778931980337, 'OPL': 0.02180070964251182, 'ALR': 0.020883200920142717, 'CCC': 0.020579193843472572, 'JSW': 0.009451656838567852, 'TPE': 0.008623045492409151}"
189,2019-09-23,106408.68560327425,0.0,"{'PKO': 0.1646247707600067, 'PKN': 0.14636020119341983, 'PZU': 0.12008279528470756, 'CDR': 0.09125151043227173, 'PEO': 0.08791401757973052, 'KGH': 0.058154249020208236, 'SPL': 0.05742112004109034, 'LPP': 0.05285113640479255, 'CPS': 0.042839755345640676, 'DNP': 0.03974371215688082, 'PGE': 0.0335911357243435, 'MBK': 0.02382778931980337, 'OPL': 0.02180070964251182, 'ALR': 0.020883200920142717, 'CCC': 0.020579193843472572, 'JSW': 0.009451656838567852, 'TPE': 0.008623045492409151}"
190,2019-09-24,107835.56177026198,0.0,"{'PKO': 0.1646247707600067, 'PKN': 0.14636020119341983, 'PZU': 0.12008279528470756, 'CDR': 0.09125151043227173, 'PEO': 0.08791401757973052, 'KGH': 0.058154249020208236, 'SPL': 0.05742112004109034, 'LPP': 0.05285113640479255, 'CPS': 0.042839755345640676, 'DNP': 0.03974371215688082, 'PGE': 0.0335911357243435, 'MBK': 0.02382778931980337, 'OPL': 0.02180070964251182, 'ALR': 0.020883200920142717, 'CCC': 0.020579193843472572, 'JSW': 0.009451656838567852, 'TPE': 0.008623045492409151}"
191,2019-09-25,107144.94436663065,0.0,"{'PKO': 0.1646247707600067, 'PKN': 0.14636020119341983, 'PZU': 0.12008279528470756, 'CDR': 0.09125151043227173, 'PEO': 0.08791401757973052, 'KGH': 0.058154249020208236, 'SPL': 0.05742112004109034, 'LPP': 0.05285113640479255, 'CPS': 0.042839755345640676, 'DNP': 0.03974371215688082, 'PGE': 0.0335911357243435, 'MBK': 0.02382778931980337, 'OPL': 0.02180070964251182, 'ALR': 0.020883200920142717, 'CCC': 0.020579193843472572, 'JSW': 0.009451656838567852, 'TPE': 0.008623045492409151}"
192,2019-09-26,107855.64219719246,0.0,"{'PKO': 0.1646247707600067, 'PKN': 0.14636020119341983, 'PZU': 0.12008279528470756, 'CDR': 0.09125151043227173, 'PEO': 0.08791401757973052, 'KGH': 0.058154249020208236, 'SPL': 0.05742112004109034, 'LPP': 0.05285113640479255, 'CPS': 0.042839755345640676, 'DNP': 0.03974371215688082, 'PGE': 0.0335911357243435, 'MBK': 0.02382778931980337, 'OPL': 0.02180070964251182, 'ALR': 0.020883200920142717, 'CCC': 0.020579193843472572, 'JSW': 0.009451656838567852, 'TPE': 0.008623045492409151}"
193,2019-09-27,108535.6087042202,0.0,"{'PKO': 0.1646247707600067, 'PKN': 0.14636020119341983, 'PZU': 0.12008279528470756, 'CDR': 0.09125151043227173, 'PEO': 0.08791401757973052, 'KGH': 0.058154249020208236, 'SPL': 0.05742112004109034, 'LPP': 0.05285113640479255, 'CPS': 0.042839755345640676, 'DNP': 0.03974371215688082, 'PGE': 0.0335911357243435, 'MBK': 0.02382778931980337, 'OPL': 0.02180070964251182, 'ALR': 0.020883200920142717, 'CCC': 0.020579193843472572, 'JSW': 0.009451656838567852, 'TPE': 0.008623045492409151}"
194,2019-09-30,107846.0376693827,0.0,"{'PKO': 0.1646247707600067, 'PKN': 0.14636020119341983, 'PZU': 0.12008279528470756, 'CDR': 0.09125151043227173, 'PEO': 0.08791401757973052, 'KGH': 0.058154249020208236, 'SPL': 0.05742112004109034, 'LPP': 0.05285113640479255, 'CPS': 0.042839755345640676, 'DNP': 0.03974371215688082, 'PGE': 0.0335911357243435, 'MBK': 0.02382778931980337, 'OPL': 0.02180070964251182, 'ALR': 0.020883200920142717, 'CCC': 0.020579193843472572, 'JSW': 0.009451656838567852, 'TPE': 0.008623045492409151}"
195,2019-10-01,106696.81028200951,0.0,"{'PKO': 0.1646247707600067, 'PKN': 0.14636020119341983, 'PZU': 0.12008279528470756, 'CDR': 0.09125151043227173, 'PEO': 0.08791401757973052, 'KGH': 0.058154249020208236, 'SPL': 0.05742112004109034, 'LPP': 0.05285113640479255, 'CPS': 0.042839755345640676, 'DNP': 0.03974371215688082, 'PGE': 0.0335911357243435, 'MBK': 0.02382778931980337, 'OPL': 0.02180070964251182, 'ALR': 0.020883200920142717, 'CCC': 0.020579193843472572, 'JSW': 0.009451656838567852, 'TPE': 0.008623045492409151}"
196,2019-10-02,104009.84821514787,0.0,"{'PKO': 0.1646247707600067, 'PKN': 0.14636020119341983, 'PZU': 0.12008279528470756, 'CDR': 0.09125151043227173, 'PEO': 0.08791401757973052, 'KGH': 0.058154249020208236, 'SPL': 0.05742112004109034, 'LPP': 0.05285113640479255, 'CPS': 0.042839755345640676, 'DNP': 0.03974371215688082, 'PGE': 0.0335911357243435, 'MBK': 0.02382778931980337, 'OPL': 0.02180070964251182, 'ALR': 0.020883200920142717, 'CCC': 0.020579193843472572, 'JSW': 0.009451656838567852, 'TPE': 0.008623045492409151}"
197,2019-10-03,104118.71390276268,0.0,"{'PKO': 0.1646247707600067, 'PKN': 0.14636020119341983, 'PZU': 0.12008279528470756, 'CDR': 0.09125151043227173, 'PEO': 0.08791401757973052, 'KGH': 0.058154249020208236, 'SPL': 0.05742112004109034, 'LPP': 0.05285113640479255, 'CPS': 0.042839755345640676, 'DNP': 0.03974371215688082, 'PGE': 0.0335911357243435, 'MBK': 0.02382778931980337, 'OPL': 0.02180070964251182, 'ALR': 0.020883200920142717, 'CCC': 0.020579193843472572, 'JSW': 0.009451656838567852, 'TPE': 0.008623045492409151}"
198,2019-10-04,105028.44899365758,0.0,"{'PKO': 0.1646247707600067, 'PKN': 0.14636020119341983, 'PZU': 0.12008279528470756, 'CDR': 0.09125151043227173, 'PEO': 0.08791401757973052, 'KGH': 0.058154249020208236, 'SPL': 0.05742112004109034, 'LPP': 0.05285113640479255, 'CPS': 0.042839755345640676, 'DNP': 0.03974371215688082, 'PGE': 0.0335911357243435, 'MBK': 0.02382778931980337, 'OPL': 0.02180070964251182, 'ALR': 0.020883200920142717, 'CCC': 0.020579193843472572, 'JSW': 0.009451656838567852, 'TPE': 0.008623045492409151}"
199,2019-10-07,105007.23960724517,0.0,"{'PKO': 0.1646247707600067, 'PKN': 0.14636020119341983, 'PZU': 0.12008279528470756, 'CDR': 0.09125151043227173, 'PEO': 0.08791401757973052, 'KGH': 0.058154249020208236, 'SPL': 0.05742112004109034, 'LPP': 0.05285113640479255, 'CPS': 0.042839755345640676, 'DNP': 0.03974371215688082, 'PGE': 0.0335911357243435, 'MBK': 0.02382778931980337, 'OPL': 0.02180070964251182, 'ALR': 0.020883200920142717, 'CCC': 0.020579193843472572, 'JSW': 0.009451656838567852, 'TPE': 0.008623045492409151}"
200,2019-10-08,105337.96690652605,0.0,"{'PKO': 0.1646247707600067, 'PKN': 0.14636020119341983, 'PZU': 0.12008279528470756, 'CDR': 0.09125151043227173, 'PEO': 0.08791401757973052, 'KGH': 0.058154249020208236, 'SPL': 0.05742112004109034, 'LPP': 0.05285113640479255, 'CPS': 0.042839755345640676, 'DNP': 0.03974371215688082, 'PGE': 0.0335911357243435, 'MBK': 0.02382778931980337, 'OPL': 0.02180070964251182, 'ALR': 0.020883200920142717, 'CCC': 0.020579193843472572, 'JSW': 0.009451656838567852, 'TPE': 0.008623045492409151}"
201,2019-10-09,105548.8077273746,0.0,"{'PKO': 0.1646247707600067, 'PKN': 0.14636020119341983, 'PZU': 0.12008279528470756, 'CDR': 0.09125151043227173, 'PEO': 0.08791401757973052, 'KGH': 0.058154249020208236, 'SPL': 0.05742112004109034, 'LPP': 0.05285113640479255, 'CPS': 0.042839755345640676, 'DNP': 0.03974371215688082, 'PGE': 0.0335911357243435, 'MBK': 0.02382778931980337, 'OPL': 0.02180070964251182, 'ALR': 0.020883200920142717, 'CCC': 0.020579193843472572, 'JSW': 0.009451656838567852, 'TPE': 0.008623045492409151}"
202,2019-10-10,104976.44001013196,0.0,"{'PKO': 0.1646247707600067, 'PKN': 0.14636020119341983, 'PZU': 0.12008279528470756, 'CDR': 0.09125151043227173, 'PEO': 0.08791401757973052, 'KGH': 0.058154249020208236, 'SPL': 0.05742112004109034, 'LPP': 0.05285113640479255, 'CPS': 0.042839755345640676, 'DNP': 0.03974371215688082, 'PGE': 0.0335911357243435, 'MBK': 0.02382778931980337, 'OPL': 0.02180070964251182, 'ALR': 0.020883200920142717, 'CCC': 0.020579193843472572, 'JSW': 0.009451656838567852, 'TPE': 0.008623045492409151}"
203,2019-10-11,106863.83159017941,0.0,"{'PKO': 0.1646247707600067, 'PKN': 0.14636020119341983, 'PZU': 0.12008279528470756, 'CDR': 0.09125151043227173, 'PEO': 0.08791401757973052, 'KGH': 0.058154249020208236, 'SPL': 0.05742112004109034, 'LPP': 0.05285113640479255, 'CPS': 0.042839755345640676, 'DNP': 0.03974371215688082, 'PGE': 0.0335911357243435, 'MBK': 0.02382778931980337, 'OPL': 0.02180070964251182, 'ALR': 0.020883200920142717, 'CCC': 0.020579193843472572, 'JSW': 0.009451656838567852, 'TPE': 0.008623045492409151}"
204,2019-10-14,106254.97407178076,0.0,"{'PKO': 0.1646247707600067, 'PKN': 0.14636020119341983, 'PZU': 0.12008279528470756, 'CDR': 0.09125151043227173, 'PEO': 0.08791401757973052, 'KGH': 0.058154249020208236, 'SPL': 0.05742112004109034, 'LPP': 0.05285113640479255, 'CPS': 0.042839755345640676, 'DNP': 0.03974371215688082, 'PGE': 0.0335911357243435, 'MBK': 0.02382778931980337, 'OPL': 0.02180070964251182, 'ALR': 0.020883200920142717, 'CCC': 0.020579193843472572, 'JSW': 0.009451656838567852, 'TPE': 0.008623045492409151}"
205,2019-10-15,106620.6054070768,0.0,"{'PKO': 0.1646247707600067, 'PKN': 0.14636020119341983, 'PZU': 0.12008279528470756, 'CDR': 0.09125151043227173, 'PEO': 0.08791401757973052, 'KGH': 0.058154249020208236, 'SPL': 0.05742112004109034, 'LPP': 0.05285113640479255, 'CPS': 0.042839755345640676, 'DNP': 0.03974371215688082, 'PGE': 0.0335911357243435, 'MBK': 0.02382778931980337, 'OPL': 0.02180070964251182, 'ALR': 0.020883200920142717, 'CCC': 0.020579193843472572, 'JSW': 0.009451656838567852, 'TPE': 0.008623045492409151}"
206,2019-10-16,106747.97488228584,0.0,"{'PKO': 0.1646247707600067, 'PKN': 0.14636020119341983, 'PZU': 0.12008279528470756, 'CDR': 0.09125151043227173, 'PEO': 0.08791401757973052, 'KGH': 0.058154249020208236, 'SPL': 0.05742112004109034, 'LPP': 0.05285113640479255, 'CPS': 0.042839755345640676, 'DNP': 0.03974371215688082, 'PGE': 0.0335911357243435, 'MBK': 0.02382778931980337, 'OPL': 0.02180070964251182, 'ALR': 0.020883200920142717, 'CCC': 0.020579193843472572, 'JSW': 0.009451656838567852, 'TPE': 0.008623045492409151}"
207,2019-10-17,107678.96378992706,0.0,"{'PKO': 0.1646247707600067, 'PKN': 0.14636020119341983, 'PZU': 0.12008279528470756, 'CDR': 0.09125151043227173, 'PEO': 0.08791401757973052, 'KGH': 0.058154249020208236, 'SPL': 0.05742112004109034, 'LPP': 0.05285113640479255, 'CPS': 0.042839755345640676, 'DNP': 0.03974371215688082, 'PGE': 0.0335911357243435, 'MBK': 0.02382778931980337, 'OPL': 0.02180070964251182, 'ALR': 0.020883200920142717, 'CCC': 0.020579193843472572, 'JSW': 0.009451656838567852, 'TPE': 0.008623045492409151}"
208,2019-10-18,107237.06935220408,0.0,"{'PKO': 0.1646247707600067, 'PKN': 0.14636020119341983, 'PZU': 0.12008279528470756, 'CDR': 0.09125151043227173, 'PEO': 0.08791401757973052, 'KGH': 0.058154249020208236, 'SPL': 0.05742112004109034, 'LPP': 0.05285113640479255, 'CPS': 0.042839755345640676, 'DNP': 0.03974371215688082, 'PGE': 0.0335911357243435, 'MBK': 0.02382778931980337, 'OPL': 0.02180070964251182, 'ALR': 0.020883200920142717, 'CCC': 0.020579193843472572, 'JSW': 0.009451656838567852, 'TPE': 0.008623045492409151}"
209,2019-10-21,108249.0131688835,0.0,"{'PKO': 0.1646247707600067, 'PKN': 0.14636020119341983, 'PZU': 0.12008279528470756, 'CDR': 0.09125151043227173, 'PEO': 0.08791401757973052, 'KGH': 0.058154249020208236, 'SPL': 0.05742112004109034, 'LPP': 0.05285113640479255, 'CPS': 0.042839755345640676, 'DNP': 0.03974371215688082, 'PGE': 0.0335911357243435, 'MBK': 0.02382778931980337, 'OPL': 0.02180070964251182, 'ALR': 0.020883200920142717, 'CCC': 0.020579193843472572, 'JSW': 0.009451656838567852, 'TPE': 0.008623045492409151}"
210,2019-10-22,109612.00264230497,0.0,"{'PKO': 0.1646247707600067, 'PKN': 0.14636020119341983, 'PZU': 0.12008279528470756, 'CDR': 0.09125151043227173, 'PEO': 0.08791401757973052, 'KGH': 0.058154249020208236, 'SPL': 0.05742112004109034, 'LPP': 0.05285113640479255, 'CPS': 0.042839755345640676, 'DNP': 0.03974371215688082, 'PGE': 0.0335911357243435, 'MBK': 0.02382778931980337, 'OPL': 0.02180070964251182, 'ALR': 0.020883200920142717, 'CCC': 0.020579193843472572, 'JSW': 0.009451656838567852, 'TPE': 0.008623045492409151}"
211,2019-10-23,109476.16905631291,0.0,"{'PKO': 0.1646247707600067, 'PKN': 0.14636020119341983, 'PZU': 0.12008279528470756, 'CDR': 0.09125151043227173, 'PEO': 0.08791401757973052, 'KGH': 0.058154249020208236, 'SPL': 0.05742112004109034, 'LPP': 0.05285113640479255, 'CPS': 0.042839755345640676, 'DNP': 0.03974371215688082, 'PGE': 0.0335911357243435, 'MBK': 0.02382778931980337, 'OPL': 0.02180070964251182, 'ALR': 0.020883200920142717, 'CCC': 0.020579193843472572, 'JSW': 0.009451656838567852, 'TPE': 0.008623045492409151}"
212,2019-10-24,109524.52902704779,0.0,"{'PKO': 0.1646247707600067, 'PKN': 0.14636020119341983, 'PZU': 0.12008279528470756, 'CDR': 0.09125151043227173, 'PEO': 0.08791401757973052, 'KGH': 0.058154249020208236, 'SPL': 0.05742112004109034, 'LPP': 0.05285113640479255, 'CPS': 0.042839755345640676, 'DNP': 0.03974371215688082, 'PGE': 0.0335911357243435, 'MBK': 0.02382778931980337, 'OPL': 0.02180070964251182, 'ALR': 0.020883200920142717, 'CCC': 0.020579193843472572, 'JSW': 0.009451656838567852, 'TPE': 0.008623045492409151}"
213,2019-10-25,107706.48121709315,0.0,"{'PKO': 0.1646247707600067, 'PKN': 0.14636020119341983, 'PZU': 0.12008279528470756, 'CDR': 0.09125151043227173, 'PEO': 0.08791401757973052, 'KGH': 0.058154249020208236, 'SPL': 0.05742112004109034, 'LPP': 0.05285113640479255, 'CPS': 0.042839755345640676, 'DNP': 0.03974371215688082, 'PGE': 0.0335911357243435, 'MBK': 0.02382778931980337, 'OPL': 0.02180070964251182, 'ALR': 0.020883200920142717, 'CCC': 0.020579193843472572, 'JSW': 0.009451656838567852, 'TPE': 0.008623045492409151}"
214,2019-10-28,109386.43541121874,0.0,"{'PKO': 0.1646247707600067, 'PKN': 0.14636020119341983, 'PZU': 0.12008279528470756, 'CDR': 0.09125151043227173, 'PEO': 0.08791401757973052, 'KGH': 0.058154249020208236, 'SPL': 0.05742112004109034, 'LPP': 0.05285113640479255, 'CPS': 0.042839755345640676, 'DNP': 0.03974371215688082, 'PGE': 0.0335911357243435, 'MBK': 0.02382778931980337, 'OPL': 0.02180070964251182, 'ALR': 0.020883200920142717, 'CCC': 0.020579193843472572, 'JSW': 0.009451656838567852, 'TPE': 0.008623045492409151}"
215,2019-10-29,110156.19374950654,0.0,"{'PKO': 0.1646247707600067, 'PKN': 0.14636020119341983, 'PZU': 0.12008279528470756, 'CDR': 0.09125151043227173, 'PEO': 0.08791401757973052, 'KGH': 0.058154249020208236, 'SPL': 0.05742112004109034, 'LPP': 0.05285113640479255, 'CPS': 0.042839755345640676, 'DNP': 0.03974371215688082, 'PGE': 0.0335911357243435, 'MBK': 0.02382778931980337, 'OPL': 0.02180070964251182, 'ALR': 0.020883200920142717, 'CCC': 0.020579193843472572, 'JSW': 0.009451656838567852, 'TPE': 0.008623045492409151}"
216,2019-10-30,110090.18734460756,0.0,"{'PKO': 0.1646247707600067, 'PKN': 0.14636020119341983, 'PZU': 0.12008279528470756, 'CDR': 0.09125151043227173, 'PEO': 0.08791401757973052, 'KGH': 0.058154249020208236, 'SPL': 0.05742112004109034, 'LPP': 0.05285113640479255, 'CPS': 0.042839755345640676, 'DNP': 0.03974371215688082, 'PGE': 0.0335911357243435, 'MBK': 0.02382778931980337, 'OPL': 0.02180070964251182, 'ALR': 0.020883200920142717, 'CCC': 0.020579193843472572, 'JSW': 0.009451656838567852, 'TPE': 0.008623045492409151}"
217,2019-10-31,108383.46808144047,0.0,"{'PKO': 0.1646247707600067, 'PKN': 0.14636020119341983, 'PZU': 0.12008279528470756, 'CDR': 0.09125151043227173, 'PEO': 0.08791401757973052, 'KGH': 0.058154249020208236, 'SPL': 0.05742112004109034, 'LPP': 0.05285113640479255, 'CPS': 0.042839755345640676, 'DNP': 0.03974371215688082, 'PGE': 0.0335911357243435, 'MBK': 0.02382778931980337, 'OPL': 0.02180070964251182, 'ALR': 0.020883200920142717, 'CCC': 0.020579193843472572, 'JSW': 0.009451656838567852, 'TPE': 0.008623045492409151}"
218,2019-11-01,108383.46808144047,0.0,"{'PKO': 0.1646247707600067, 'PKN': 0.14636020119341983, 'PZU': 0.12008279528470756, 'CDR': 0.09125151043227173, 'PEO': 0.08791401757973052, 'KGH': 0.058154249020208236, 'SPL': 0.05742112004109034, 'LPP': 0.05285113640479255, 'CPS': 0.042839755345640676, 'DNP': 0.03974371215688082, 'PGE': 0.0335911357243435, 'MBK': 0.02382778931980337, 'OPL': 0.02180070964251182, 'ALR': 0.020883200920142717, 'CCC': 0.020579193843472572, 'JSW': 0.009451656838567852, 'TPE': 0.008623045492409151}"
219,2019-11-04,111741.30891216236,0.0,"{'PKO': 0.1646247707600067, 'PKN': 0.14636020119341983, 'PZU': 0.12008279528470756, 'CDR': 0.09125151043227173, 'PEO': 0.08791401757973052, 'KGH': 0.058154249020208236, 'SPL': 0.05742112004109034, 'LPP': 0.05285113640479255, 'CPS': 0.042839755345640676, 'DNP': 0.03974371215688082, 'PGE': 0.0335911357243435, 'MBK': 0.02382778931980337, 'OPL': 0.02180070964251182, 'ALR': 0.020883200920142717, 'CCC': 0.020579193843472572, 'JSW': 0.009451656838567852, 'TPE': 0.008623045492409151}"
220,2019-11-05,112152.17666845453,0.0,"{'PKO': 0.1646247707600067, 'PKN': 0.14636020119341983, 'PZU': 0.12008279528470756, 'CDR': 0.09125151043227173, 'PEO': 0.08791401757973052, 'KGH': 0.058154249020208236, 'SPL': 0.05742112004109034, 'LPP': 0.05285113640479255, 'CPS': 0.042839755345640676, 'DNP': 0.03974371215688082, 'PGE': 0.0335911357243435, 'MBK': 0.02382778931980337, 'OPL': 0.02180070964251182, 'ALR': 0.020883200920142717, 'CCC': 0.020579193843472572, 'JSW': 0.009451656838567852, 'TPE': 0.008623045492409151}"
221,2019-11-06,111368.43416501586,0.0,"{'PKO': 0.1646247707600067, 'PKN': 0.14636020119341983, 'PZU': 0.12008279528470756, 'CDR': 0.09125151043227173, 'PEO': 0.08791401757973052, 'KGH': 0.058154249020208236, 'SPL': 0.05742112004109034, 'LPP': 0.05285113640479255, 'CPS': 0.042839755345640676, 'DNP': 0.03974371215688082, 'PGE': 0.0335911357243435, 'MBK': 0.02382778931980337, 'OPL': 0.02180070964251182, 'ALR': 0.020883200920142717, 'CCC': 0.020579193843472572, 'JSW': 0.009451656838567852, 'TPE': 0.008623045492409151}"
222,2019-11-07,112330.95536376529,0.0,"{'PKO': 0.1646247707600067, 'PKN': 0.14636020119341983, 'PZU': 0.12008279528470756, 'CDR': 0.09125151043227173, 'PEO': 0.08791401757973052, 'KGH': 0.058154249020208236, 'SPL': 0.05742112004109034, 'LPP': 0.05285113640479255, 'CPS': 0.042839755345640676, 'DNP': 0.03974371215688082, 'PGE': 0.0335911357243435, 'MBK': 0.02382778931980337, 'OPL': 0.02180070964251182, 'ALR': 0.020883200920142717, 'CCC': 0.020579193843472572, 'JSW': 0.009451656838567852, 'TPE': 0.008623045492409151}"
223,2019-11-08,111397.52377425773,0.0,"{'PKO': 0.1646247707600067, 'PKN': 0.14636020119341983, 'PZU': 0.12008279528470756, 'CDR': 0.09125151043227173, 'PEO': 0.08791401757973052, 'KGH': 0.058154249020208236, 'SPL': 0.05742112004109034, 'LPP': 0.05285113640479255, 'CPS': 0.042839755345640676, 'DNP': 0.03974371215688082, 'PGE': 0.0335911357243435, 'MBK': 0.02382778931980337, 'OPL': 0.02180070964251182, 'ALR': 0.020883200920142717, 'CCC': 0.020579193843472572, 'JSW': 0.009451656838567852, 'TPE': 0.008623045492409151}"
224,2019-11-11,111397.52377425773,0.0,"{'PKO': 0.1646247707600067, 'PKN': 0.14636020119341983, 'PZU': 0.12008279528470756, 'CDR': 0.09125151043227173, 'PEO': 0.08791401757973052, 'KGH': 0.058154249020208236, 'SPL': 0.05742112004109034, 'LPP': 0.05285113640479255, 'CPS': 0.042839755345640676, 'DNP': 0.03974371215688082, 'PGE': 0.0335911357243435, 'MBK': 0.02382778931980337, 'OPL': 0.02180070964251182, 'ALR': 0.020883200920142717, 'CCC': 0.020579193843472572, 'JSW': 0.009451656838567852, 'TPE': 0.008623045492409151}"
225,2019-11-12,111113.79966521707,0.0,"{'PKO': 0.1646247707600067, 'PKN': 0.14636020119341983, 'PZU': 0.12008279528470756, 'CDR': 0.09125151043227173, 'PEO': 0.08791401757973052, 'KGH': 0.058154249020208236, 'SPL': 0.05742112004109034, 'LPP': 0.05285113640479255, 'CPS': 0.042839755345640676, 'DNP': 0.03974371215688082, 'PGE': 0.0335911357243435, 'MBK': 0.02382778931980337, 'OPL': 0.02180070964251182, 'ALR': 0.020883200920142717, 'CCC': 0.020579193843472572, 'JSW': 0.009451656838567852, 'TPE': 0.008623045492409151}"
226,2019-11-13,110470.51616977346,0.0,"{'PKO': 0.1646247707600067, 'PKN': 0.14636020119341983, 'PZU': 0.12008279528470756, 'CDR': 0.09125151043227173, 'PEO': 0.08791401757973052, 'KGH': 0.058154249020208236, 'SPL': 0.05742112004109034, 'LPP': 0.05285113640479255, 'CPS': 0.042839755345640676, 'DNP': 0.03974371215688082, 'PGE': 0.0335911357243435, 'MBK': 0.02382778931980337, 'OPL': 0.02180070964251182, 'ALR': 0.020883200920142717, 'CCC': 0.020579193843472572, 'JSW': 0.009451656838567852, 'TPE': 0.008623045492409151}"
227,2019-11-14,110048.16199293904,0.0,"{'PKO': 0.1646247707600067, 'PKN': 0.14636020119341983, 'PZU': 0.12008279528470756, 'CDR': 0.09125151043227173, 'PEO': 0.08791401757973052, 'KGH': 0.058154249020208236, 'SPL': 0.05742112004109034, 'LPP': 0.05285113640479255, 'CPS': 0.042839755345640676, 'DNP': 0.03974371215688082, 'PGE': 0.0335911357243435, 'MBK': 0.02382778931980337, 'OPL': 0.02180070964251182, 'ALR': 0.020883200920142717, 'CCC': 0.020579193843472572, 'JSW': 0.009451656838567852, 'TPE': 0.008623045492409151}"
228,2019-11-15,110475.96023745518,0.0,"{'PKO': 0.1646247707600067, 'PKN': 0.14636020119341983, 'PZU': 0.12008279528470756, 'CDR': 0.09125151043227173, 'PEO': 0.08791401757973052, 'KGH': 0.058154249020208236, 'SPL': 0.05742112004109034, 'LPP': 0.05285113640479255, 'CPS': 0.042839755345640676, 'DNP': 0.03974371215688082, 'PGE': 0.0335911357243435, 'MBK': 0.02382778931980337, 'OPL': 0.02180070964251182, 'ALR': 0.020883200920142717, 'CCC': 0.020579193843472572, 'JSW': 0.009451656838567852, 'TPE': 0.008623045492409151}"
229,2019-11-18,110425.49813320045,0.0,"{'PKO': 0.1646247707600067, 'PKN': 0.14636020119341983, 'PZU': 0.12008279528470756, 'CDR': 0.09125151043227173, 'PEO': 0.08791401757973052, 'KGH': 0.058154249020208236, 'SPL': 0.05742112004109034, 'LPP': 0.05285113640479255, 'CPS': 0.042839755345640676, 'DNP': 0.03974371215688082, 'PGE': 0.0335911357243435, 'MBK': 0.02382778931980337, 'OPL': 0.02180070964251182, 'ALR': 0.020883200920142717, 'CCC': 0.020579193843472572, 'JSW': 0.009451656838567852, 'TPE': 0.008623045492409151}"
230,2019-11-19,109346.04362710501,0.0,"{'PKO': 0.1646247707600067, 'PKN': 0.14636020119341983, 'PZU': 0.12008279528470756, 'CDR': 0.09125151043227173, 'PEO': 0.08791401757973052, 'KGH': 0.058154249020208236, 'SPL': 0.05742112004109034, 'LPP': 0.05285113640479255, 'CPS': 0.042839755345640676, 'DNP': 0.03974371215688082, 'PGE': 0.0335911357243435, 'MBK': 0.02382778931980337, 'OPL': 0.02180070964251182, 'ALR': 0.020883200920142717, 'CCC': 0.020579193843472572, 'JSW': 0.009451656838567852, 'TPE': 0.008623045492409151}"
231,2019-11-20,108806.15617868028,0.0,"{'PKO': 0.1646247707600067, 'PKN': 0.14636020119341983, 'PZU': 0.12008279528470756, 'CDR': 0.09125151043227173, 'PEO': 0.08791401757973052, 'KGH': 0.058154249020208236, 'SPL': 0.05742112004109034, 'LPP': 0.05285113640479255, 'CPS': 0.042839755345640676, 'DNP': 0.03974371215688082, 'PGE': 0.0335911357243435, 'MBK': 0.02382778931980337, 'OPL': 0.02180070964251182, 'ALR': 0.020883200920142717, 'CCC': 0.020579193843472572, 'JSW': 0.009451656838567852, 'TPE': 0.008623045492409151}"
232,2019-11-21,108056.90373306483,0.0,"{'PKO': 0.1646247707600067, 'PKN': 0.14636020119341983, 'PZU': 0.12008279528470756, 'CDR': 0.09125151043227173, 'PEO': 0.08791401757973052, 'KGH': 0.058154249020208236, 'SPL': 0.05742112004109034, 'LPP': 0.05285113640479255, 'CPS': 0.042839755345640676, 'DNP': 0.03974371215688082, 'PGE': 0.0335911357243435, 'MBK': 0.02382778931980337, 'OPL': 0.02180070964251182, 'ALR': 0.020883200920142717, 'CCC': 0.020579193843472572, 'JSW': 0.009451656838567852, 'TPE': 0.008623045492409151}"
233,2019-11-22,108498.82212516364,0.0,"{'PKO': 0.1646247707600067, 'PKN': 0.14636020119341983, 'PZU': 0.12008279528470756, 'CDR': 0.09125151043227173, 'PEO': 0.08791401757973052, 'KGH': 0.058154249020208236, 'SPL': 0.05742112004109034, 'LPP': 0.05285113640479255, 'CPS': 0.042839755345640676, 'DNP': 0.03974371215688082, 'PGE': 0.0335911357243435, 'MBK': 0.02382778931980337, 'OPL': 0.02180070964251182, 'ALR': 0.020883200920142717, 'CCC': 0.020579193843472572, 'JSW': 0.009451656838567852, 'TPE': 0.008623045492409151}"
234,2019-11-25,108889.06330552736,0.0,"{'PKO': 0.1646247707600067, 'PKN': 0.14636020119341983, 'PZU': 0.12008279528470756, 'CDR': 0.09125151043227173, 'PEO': 0.08791401757973052, 'KGH': 0.058154249020208236, 'SPL': 0.05742112004109034, 'LPP': 0.05285113640479255, 'CPS': 0.042839755345640676, 'DNP': 0.03974371215688082, 'PGE': 0.0335911357243435, 'MBK': 0.02382778931980337, 'OPL': 0.02180070964251182, 'ALR': 0.020883200920142717, 'CCC': 0.020579193843472572, 'JSW': 0.009451656838567852, 'TPE': 0.008623045492409151}"
235,2019-11-26,108373.41122816771,0.0,"{'PKO': 0.1646247707600067, 'PKN': 0.14636020119341983, 'PZU': 0.12008279528470756, 'CDR': 0.09125151043227173, 'PEO': 0.08791401757973052, 'KGH': 0.058154249020208236, 'SPL': 0.05742112004109034, 'LPP': 0.05285113640479255, 'CPS': 0.042839755345640676, 'DNP': 0.03974371215688082, 'PGE': 0.0335911357243435, 'MBK': 0.02382778931980337, 'OPL': 0.02180070964251182, 'ALR': 0.020883200920142717, 'CCC': 0.020579193843472572, 'JSW': 0.009451656838567852, 'TPE': 0.008623045492409151}"
236,2019-11-27,107901.82267080243,0.0,"{'PKO': 0.1646247707600067, 'PKN': 0.14636020119341983, 'PZU': 0.12008279528470756, 'CDR': 0.09125151043227173, 'PEO': 0.08791401757973052, 'KGH': 0.058154249020208236, 'SPL': 0.05742112004109034, 'LPP': 0.05285113640479255, 'CPS': 0.042839755345640676, 'DNP': 0.03974371215688082, 'PGE': 0.0335911357243435, 'MBK': 0.02382778931980337, 'OPL': 0.02180070964251182, 'ALR': 0.020883200920142717, 'CCC': 0.020579193843472572, 'JSW': 0.009451656838567852, 'TPE': 0.008623045492409151}"
237,2019-11-28,107204.65813893625,0.0,"{'PKO': 0.1646247707600067, 'PKN': 0.14636020119341983, 'PZU': 0.12008279528470756, 'CDR': 0.09125151043227173, 'PEO': 0.08791401757973052, 'KGH': 0.058154249020208236, 'SPL': 0.05742112004109034, 'LPP': 0.05285113640479255, 'CPS': 0.042839755345640676, 'DNP': 0.03974371215688082, 'PGE': 0.0335911357243435, 'MBK': 0.02382778931980337, 'OPL': 0.02180070964251182, 'ALR': 0.020883200920142717, 'CCC': 0.020579193843472572, 'JSW': 0.009451656838567852, 'TPE': 0.008623045492409151}"
238,2019-11-29,106610.54718309881,0.0,"{'PKO': 0.1646247707600067, 'PKN': 0.14636020119341983, 'PZU': 0.12008279528470756, 'CDR': 0.09125151043227173, 'PEO': 0.08791401757973052, 'KGH': 0.058154249020208236, 'SPL': 0.05742112004109034, 'LPP': 0.05285113640479255, 'CPS': 0.042839755345640676, 'DNP': 0.03974371215688082, 'PGE': 0.0335911357243435, 'MBK': 0.02382778931980337, 'OPL': 0.02180070964251182, 'ALR': 0.020883200920142717, 'CCC': 0.020579193843472572, 'JSW': 0.009451656838567852, 'TPE': 0.008623045492409151}"
239,2019-12-02,104801.89496421748,0.0,"{'PKO': 0.1646247707600067, 'PKN': 0.14636020119341983, 'PZU': 0.12008279528470756, 'CDR': 0.09125151043227173, 'PEO': 0.08791401757973052, 'KGH': 0.058154249020208236, 'SPL': 0.05742112004109034, 'LPP': 0.05285113640479255, 'CPS': 0.042839755345640676, 'DNP': 0.03974371215688082, 'PGE': 0.0335911357243435, 'MBK': 0.02382778931980337, 'OPL': 0.02180070964251182, 'ALR': 0.020883200920142717, 'CCC': 0.020579193843472572, 'JSW': 0.009451656838567852, 'TPE': 0.008623045492409151}"
240,2019-12-03,103277.34570291197,0.0,"{'PKO': 0.1646247707600067, 'PKN': 0.14636020119341983, 'PZU': 0.12008279528470756, 'CDR': 0.09125151043227173, 'PEO': 0.08791401757973052, 'KGH': 0.058154249020208236, 'SPL': 0.05742112004109034, 'LPP': 0.05285113640479255, 'CPS': 0.042839755345640676, 'DNP': 0.03974371215688082, 'PGE': 0.0335911357243435, 'MBK': 0.02382778931980337, 'OPL': 0.02180070964251182, 'ALR': 0.020883200920142717, 'CCC': 0.020579193843472572, 'JSW': 0.009451656838567852, 'TPE': 0.008623045492409151}"
241,2019-12-04,102935.55224942125,0.0,"{'PKO': 0.1646247707600067, 'PKN': 0.14636020119341983, 'PZU': 0.12008279528470756, 'CDR': 0.09125151043227173, 'PEO': 0.08791401757973052, 'KGH': 0.058154249020208236, 'SPL': 0.05742112004109034, 'LPP': 0.05285113640479255, 'CPS': 0.042839755345640676, 'DNP': 0.03974371215688082, 'PGE': 0.0335911357243435, 'MBK': 0.02382778931980337, 'OPL': 0.02180070964251182, 'ALR': 0.020883200920142717, 'CCC': 0.020579193843472572, 'JSW': 0.009451656838567852, 'TPE': 0.008623045492409151}"
242,2019-12-05,103495.72118853297,0.0,"{'PKO': 0.1646247707600067, 'PKN': 0.14636020119341983, 'PZU': 0.12008279528470756, 'CDR': 0.09125151043227173, 'PEO': 0.08791401757973052, 'KGH': 0.058154249020208236, 'SPL': 0.05742112004109034, 'LPP': 0.05285113640479255, 'CPS': 0.042839755345640676, 'DNP': 0.03974371215688082, 'PGE': 0.0335911357243435, 'MBK': 0.02382778931980337, 'OPL': 0.02180070964251182, 'ALR': 0.020883200920142717, 'CCC': 0.020579193843472572, 'JSW': 0.009451656838567852, 'TPE': 0.008623045492409151}"
243,2019-12-06,102667.88107165243,0.0,"{'PKO': 0.1646247707600067, 'PKN': 0.14636020119341983, 'PZU': 0.12008279528470756, 'CDR': 0.09125151043227173, 'PEO': 0.08791401757973052, 'KGH': 0.058154249020208236, 'SPL': 0.05742112004109034, 'LPP': 0.05285113640479255, 'CPS': 0.042839755345640676, 'DNP': 0.03974371215688082, 'PGE': 0.0335911357243435, 'MBK': 0.02382778931980337, 'OPL': 0.02180070964251182, 'ALR': 0.020883200920142717, 'CCC': 0.020579193843472572, 'JSW': 0.009451656838567852, 'TPE': 0.008623045492409151}"
244,2019-12-09,102454.37527648777,0.0,"{'PKO': 0.1646247707600067, 'PKN': 0.14636020119341983, 'PZU': 0.12008279528470756, 'CDR': 0.09125151043227173, 'PEO': 0.08791401757973052, 'KGH': 0.058154249020208236, 'SPL': 0.05742112004109034, 'LPP': 0.05285113640479255, 'CPS': 0.042839755345640676, 'DNP': 0.03974371215688082, 'PGE': 0.0335911357243435, 'MBK': 0.02382778931980337, 'OPL': 0.02180070964251182, 'ALR': 0.020883200920142717, 'CCC': 0.020579193843472572, 'JSW': 0.009451656838567852, 'TPE': 0.008623045492409151}"
245,2019-12-10,101829.50813447902,0.0,"{'PKO': 0.1646247707600067, 'PKN': 0.14636020119341983, 'PZU': 0.12008279528470756, 'CDR': 0.09125151043227173, 'PEO': 0.08791401757973052, 'KGH': 0.058154249020208236, 'SPL': 0.05742112004109034, 'LPP': 0.05285113640479255, 'CPS': 0.042839755345640676, 'DNP': 0.03974371215688082, 'PGE': 0.0335911357243435, 'MBK': 0.02382778931980337, 'OPL': 0.02180070964251182, 'ALR': 0.020883200920142717, 'CCC': 0.020579193843472572, 'JSW': 0.009451656838567852, 'TPE': 0.008623045492409151}"
246,2019-12-11,101506.75400298818,0.0,"{'PKO': 0.1646247707600067, 'PKN': 0.14636020119341983, 'PZU': 0.12008279528470756, 'CDR': 0.09125151043227173, 'PEO': 0.08791401757973052, 'KGH': 0.058154249020208236, 'SPL': 0.05742112004109034, 'LPP': 0.05285113640479255, 'CPS': 0.042839755345640676, 'DNP': 0.03974371215688082, 'PGE': 0.0335911357243435, 'MBK': 0.02382778931980337, 'OPL': 0.02180070964251182, 'ALR': 0.020883200920142717, 'CCC': 0.020579193843472572, 'JSW': 0.009451656838567852, 'TPE': 0.008623045492409151}"
247,2019-12-12,104329.19894487734,0.0,"{'PKO': 0.1646247707600067, 'PKN': 0.14636020119341983, 'PZU': 0.12008279528470756, 'CDR': 0.09125151043227173, 'PEO': 0.08791401757973052, 'KGH': 0.058154249020208236, 'SPL': 0.05742112004109034, 'LPP': 0.05285113640479255, 'CPS': 0.042839755345640676, 'DNP': 0.03974371215688082, 'PGE': 0.0335911357243435, 'MBK': 0.02382778931980337, 'OPL': 0.02180070964251182, 'ALR': 0.020883200920142717, 'CCC': 0.020579193843472572, 'JSW': 0.009451656838567852, 'TPE': 0.008623045492409151}"
248,2019-12-13,104533.08252416019,0.0,"{'PKO': 0.1646247707600067, 'PKN': 0.14636020119341983, 'PZU': 0.12008279528470756, 'CDR': 0.09125151043227173, 'PEO': 0.08791401757973052, 'KGH': 0.058154249020208236, 'SPL': 0.05742112004109034, 'LPP': 0.05285113640479255, 'CPS': 0.042839755345640676, 'DNP': 0.03974371215688082, 'PGE': 0.0335911357243435, 'MBK': 0.02382778931980337, 'OPL': 0.02180070964251182, 'ALR': 0.020883200920142717, 'CCC': 0.020579193843472572, 'JSW': 0.009451656838567852, 'TPE': 0.008623045492409151}"
249,2019-12-16,104913.29462531388,0.0,"{'PKO': 0.1646247707600067, 'PKN': 0.14636020119341983, 'PZU': 0.12008279528470756, 'CDR': 0.09125151043227173, 'PEO': 0.08791401757973052, 'KGH': 0.058154249020208236, 'SPL': 0.05742112004109034, 'LPP': 0.05285113640479255, 'CPS': 0.042839755345640676, 'DNP': 0.03974371215688082, 'PGE': 0.0335911357243435, 'MBK': 0.02382778931980337, 'OPL': 0.02180070964251182, 'ALR': 0.020883200920142717, 'CCC': 0.020579193843472572, 'JSW': 0.009451656838567852, 'TPE': 0.008623045492409151}"
250,2019-12-17,106097.72667096669,0.0,"{'PKO': 0.1646247707600067, 'PKN': 0.14636020119341983, 'PZU': 0.12008279528470756, 'CDR': 0.09125151043227173, 'PEO': 0.08791401757973052, 'KGH': 0.058154249020208236, 'SPL': 0.05742112004109034, 'LPP': 0.05285113640479255, 'CPS': 0.042839755345640676, 'DNP': 0.03974371215688082, 'PGE': 0.0335911357243435, 'MBK': 0.02382778931980337, 'OPL': 0.02180070964251182, 'ALR': 0.020883200920142717, 'CCC': 0.020579193843472572, 'JSW': 0.009451656838567852, 'TPE': 0.008623045492409151}"
251,2019-12-18,106141.27286741696,0.0,"{'PKN': 0.129357829213998, 'PZU': 0.1295249532201704, 'CDR': 0.10171214331037554, 'PEO': 0.08596170320922726, 'KGH': 0.06909049761096056, 'SPL': 0.05724685106850099, 'LPP': 0.05679521394016528, 'CPS': 0.04690340546602337, 'DNP': 0.03642348170619501, 'PGE': 0.03291962564661885, 'MBK': 0.028380909494909377, 'OPL': 0.02835046556007115, 'ALR': 0.015416821521993968, 'CCC': 0.017608768170334767, 'JSW': 0.007452539928171764, 'TPE': 0.008943886588588395, 'MEG': 0.14791090434369536}"
252,2019-12-19,106347.250585731,0.0,"{'PKN': 0.129357829213998, 'PZU': 0.1295249532201704, 'CDR': 0.10171214331037554, 'PEO': 0.08596170320922726, 'KGH': 0.06909049761096056, 'SPL': 0.05724685106850099, 'LPP': 0.05679521394016528, 'CPS': 0.04690340546602337, 'DNP': 0.03642348170619501, 'PGE': 0.03291962564661885, 'MBK': 0.028380909494909377, 'OPL': 0.02835046556007115, 'ALR': 0.015416821521993968, 'CCC': 0.017608768170334767, 'JSW': 0.007452539928171764, 'TPE': 0.008943886588588395, 'MEG': 0.14791090434369536}"
253,2019-12-20,106038.36006459984,0.0,"{'PKO': 0.1650506375355959, 'PKN': 0.1456109734466534, 'PZU': 0.11527576660519447, 'CDR': 0.09580309238874486, 'PEO': 0.08930119760742596, 'KGH': 0.06596083678472556, 'LPP': 0.06093669537814201, 'SPL': 0.052351861551123875, 'CPS': 0.04210661831049766, 'PGE': 0.03631224059541467, 'DNP': 0.03435143902149179, 'MBK': 0.027047398141749886, 'OPL': 0.022953041993283536, 'CCC': 0.016840666716548637, 'ALR': 0.014465037873619625, 'TPE': 0.009761094703855142, 'JSW': 0.005871401345932932}"
254,2019-12-23,106768.01657137761,0.0,"{'PKO': 0.1650506375355959, 'PKN': 0.1456109734466534, 'PZU': 0.11527576660519447, 'CDR': 0.09580309238874486, 'PEO': 0.08930119760742596, 'KGH': 0.06596083678472556, 'LPP': 0.06093669537814201, 'SPL': 0.052351861551123875, 'CPS': 0.04210661831049766, 'PGE': 0.03631224059541467, 'DNP': 0.03435143902149179, 'MBK': 0.027047398141749886, 'OPL': 0.022953041993283536, 'CCC': 0.016840666716548637, 'ALR': 0.014465037873619625, 'TPE': 0.009761094703855142, 'JSW': 0.005871401345932932}"
255,2019-12-24,106768.01657137761,0.0,"{'PKO': 0.1650506375355959, 'PKN': 0.1456109734466534, 'PZU': 0.11527576660519447, 'CDR': 0.09580309238874486, 'PEO': 0.08930119760742596, 'KGH': 0.06596083678472556, 'LPP': 0.06093669537814201, 'SPL': 0.052351861551123875, 'CPS': 0.04210661831049766, 'PGE': 0.03631224059541467, 'DNP': 0.03435143902149179, 'MBK': 0.027047398141749886, 'OPL': 0.022953041993283536, 'CCC': 0.016840666716548637, 'ALR': 0.014465037873619625, 'TPE': 0.009761094703855142, 'JSW': 0.005871401345932932}"
256,2019-12-25,106768.01657137761,0.0,"{'PKO': 0.1650506375355959, 'PKN': 0.1456109734466534, 'PZU': 0.11527576660519447, 'CDR': 0.09580309238874486, 'PEO': 0.08930119760742596, 'KGH': 0.06596083678472556, 'LPP': 0.06093669537814201, 'SPL': 0.052351861551123875, 'CPS': 0.04210661831049766, 'PGE': 0.03631224059541467, 'DNP': 0.03435143902149179, 'MBK': 0.027047398141749886, 'OPL': 0.022953041993283536, 'CCC': 0.016840666716548637, 'ALR': 0.014465037873619625, 'TPE': 0.009761094703855142, 'JSW': 0.005871401345932932}"
257,2019-12-26,106768.01657137761,0.0,"{'PKO': 0.1650506375355959, 'PKN': 0.1456109734466534, 'PZU': 0.11527576660519447, 'CDR': 0.09580309238874486, 'PEO': 0.08930119760742596, 'KGH': 0.06596083678472556, 'LPP': 0.06093669537814201, 'SPL': 0.052351861551123875, 'CPS': 0.04210661831049766, 'PGE': 0.03631224059541467, 'DNP': 0.03435143902149179, 'MBK': 0.027047398141749886, 'OPL': 0.022953041993283536, 'CCC': 0.016840666716548637, 'ALR': 0.014465037873619625, 'TPE': 0.009761094703855142, 'JSW': 0.005871401345932932}"
258,2019-12-27,107231.35166779095,0.0,"{'PKO': 0.1650506375355959, 'PKN': 0.1456109734466534, 'PZU': 0.11527576660519447, 'CDR': 0.09580309238874486, 'PEO': 0.08930119760742596, 'KGH': 0.06596083678472556, 'LPP': 0.06093669537814201, 'SPL': 0.052351861551123875, 'CPS': 0.04210661831049766, 'PGE': 0.03631224059541467, 'DNP': 0.03435143902149179, 'MBK': 0.027047398141749886, 'OPL': 0.022953041993283536, 'CCC': 0.016840666716548637, 'ALR': 0.014465037873619625, 'TPE': 0.009761094703855142, 'JSW': 0.005871401345932932}"
259,2019-12-30,107047.56394897637,0.0,"{'PKO': 0.1650506375355959, 'PKN': 0.1456109734466534, 'PZU': 0.11527576660519447, 'CDR': 0.09580309238874486, 'PEO': 0.08930119760742596, 'KGH': 0.06596083678472556, 'LPP': 0.06093669537814201, 'SPL': 0.052351861551123875, 'CPS': 0.04210661831049766, 'PGE': 0.03631224059541467, 'DNP': 0.03435143902149179, 'MBK': 0.027047398141749886, 'OPL': 0.022953041993283536, 'CCC': 0.016840666716548637, 'ALR': 0.014465037873619625, 'TPE': 0.009761094703855142, 'JSW': 0.005871401345932932}"
260,2019-12-31,107047.56394897637,0.0,"{'PKO': 0.1650506375355959, 'PKN': 0.1456109734466534, 'PZU': 0.11527576660519447, 'CDR': 0.09580309238874486, 'PEO': 0.08930119760742596, 'KGH': 0.06596083678472556, 'LPP': 0.06093669537814201, 'SPL': 0.052351861551123875, 'CPS': 0.04210661831049766, 'PGE': 0.03631224059541467, 'DNP': 0.03435143902149179, 'MBK': 0.027047398141749886, 'OPL': 0.022953041993283536, 'CCC': 0.016840666716548637, 'ALR': 0.014465037873619625, 'TPE': 0.009761094703855142, 'JSW': 0.005871401345932932}"
261,2020-01-01,107047.56394897637,0.0,"{'PKO': 0.1650506375355959, 'PKN': 0.1456109734466534, 'PZU': 0.11527576660519447, 'CDR': 0.09580309238874486, 'PEO': 0.08930119760742596, 'KGH': 0.06596083678472556, 'LPP': 0.06093669537814201, 'SPL': 0.052351861551123875, 'CPS': 0.04210661831049766, 'PGE': 0.03631224059541467, 'DNP': 0.03435143902149179, 'MBK': 0.027047398141749886, 'OPL': 0.022953041993283536, 'CCC': 0.016840666716548637, 'ALR': 0.014465037873619625, 'TPE': 0.009761094703855142, 'JSW': 0.005871401345932932}"
262,2020-01-02,109442.71742528895,0.0,"{'PKO': 0.1650506375355959, 'PKN': 0.1456109734466534, 'PZU': 0.11527576660519447, 'CDR': 0.09580309238874486, 'PEO': 0.08930119760742596, 'KGH': 0.06596083678472556, 'LPP': 0.06093669537814201, 'SPL': 0.052351861551123875, 'CPS': 0.04210661831049766, 'PGE': 0.03631224059541467, 'DNP': 0.03435143902149179, 'MBK': 0.027047398141749886, 'OPL': 0.022953041993283536, 'CCC': 0.016840666716548637, 'ALR': 0.014465037873619625, 'TPE': 0.009761094703855142, 'JSW': 0.005871401345932932}"
263,2020-01-03,108140.18353865741,0.0,"{'PKO': 0.1650506375355959, 'PKN': 0.1456109734466534, 'PZU': 0.11527576660519447, 'CDR': 0.09580309238874486, 'PEO': 0.08930119760742596, 'KGH': 0.06596083678472556, 'LPP': 0.06093669537814201, 'SPL': 0.052351861551123875, 'CPS': 0.04210661831049766, 'PGE': 0.03631224059541467, 'DNP': 0.03435143902149179, 'MBK': 0.027047398141749886, 'OPL': 0.022953041993283536, 'CCC': 0.016840666716548637, 'ALR': 0.014465037873619625, 'TPE': 0.009761094703855142, 'JSW': 0.005871401345932932}"
264,2020-01-06,108140.18353865741,0.0,"{'PKO': 0.1650506375355959, 'PKN': 0.1456109734466534, 'PZU': 0.11527576660519447, 'CDR': 0.09580309238874486, 'PEO': 0.08930119760742596, 'KGH': 0.06596083678472556, 'LPP': 0.06093669537814201, 'SPL': 0.052351861551123875, 'CPS': 0.04210661831049766, 'PGE': 0.03631224059541467, 'DNP': 0.03435143902149179, 'MBK': 0.027047398141749886, 'OPL': 0.022953041993283536, 'CCC': 0.016840666716548637, 'ALR': 0.014465037873619625, 'TPE': 0.009761094703855142, 'JSW': 0.005871401345932932}"
265,2020-01-07,106710.89796054197,0.0,"{'PKO': 0.1650506375355959, 'PKN': 0.1456109734466534, 'PZU': 0.11527576660519447, 'CDR': 0.09580309238874486, 'PEO': 0.08930119760742596, 'KGH': 0.06596083678472556, 'LPP': 0.06093669537814201, 'SPL': 0.052351861551123875, 'CPS': 0.04210661831049766, 'PGE': 0.03631224059541467, 'DNP': 0.03435143902149179, 'MBK': 0.027047398141749886, 'OPL': 0.022953041993283536, 'CCC': 0.016840666716548637, 'ALR': 0.014465037873619625, 'TPE': 0.009761094703855142, 'JSW': 0.005871401345932932}"
266,2020-01-08,105318.58487456513,0.0,"{'PKO': 0.1650506375355959, 'PKN': 0.1456109734466534, 'PZU': 0.11527576660519447, 'CDR': 0.09580309238874486, 'PEO': 0.08930119760742596, 'KGH': 0.06596083678472556, 'LPP': 0.06093669537814201, 'SPL': 0.052351861551123875, 'CPS': 0.04210661831049766, 'PGE': 0.03631224059541467, 'DNP': 0.03435143902149179, 'MBK': 0.027047398141749886, 'OPL': 0.022953041993283536, 'CCC': 0.016840666716548637, 'ALR': 0.014465037873619625, 'TPE': 0.009761094703855142, 'JSW': 0.005871401345932932}"
267,2020-01-09,107388.79834874606,0.0,"{'PKO': 0.1650506375355959, 'PKN': 0.1456109734466534, 'PZU': 0.11527576660519447, 'CDR': 0.09580309238874486, 'PEO': 0.08930119760742596, 'KGH': 0.06596083678472556, 'LPP': 0.06093669537814201, 'SPL': 0.052351861551123875, 'CPS': 0.04210661831049766, 'PGE': 0.03631224059541467, 'DNP': 0.03435143902149179, 'MBK': 0.027047398141749886, 'OPL': 0.022953041993283536, 'CCC': 0.016840666716548637, 'ALR': 0.014465037873619625, 'TPE': 0.009761094703855142, 'JSW': 0.005871401345932932}"
268,2020-01-10,107901.05357370143,0.0,"{'PKO': 0.1650506375355959, 'PKN': 0.1456109734466534, 'PZU': 0.11527576660519447, 'CDR': 0.09580309238874486, 'PEO': 0.08930119760742596, 'KGH': 0.06596083678472556, 'LPP': 0.06093669537814201, 'SPL': 0.052351861551123875, 'CPS': 0.04210661831049766, 'PGE': 0.03631224059541467, 'DNP': 0.03435143902149179, 'MBK': 0.027047398141749886, 'OPL': 0.022953041993283536, 'CCC': 0.016840666716548637, 'ALR': 0.014465037873619625, 'TPE': 0.009761094703855142, 'JSW': 0.005871401345932932}"
269,2020-01-13,109237.92515830144,0.0,"{'PKO': 0.1650506375355959, 'PKN': 0.1456109734466534, 'PZU': 0.11527576660519447, 'CDR': 0.09580309238874486, 'PEO': 0.08930119760742596, 'KGH': 0.06596083678472556, 'LPP': 0.06093669537814201, 'SPL': 0.052351861551123875, 'CPS': 0.04210661831049766, 'PGE': 0.03631224059541467, 'DNP': 0.03435143902149179, 'MBK': 0.027047398141749886, 'OPL': 0.022953041993283536, 'CCC': 0.016840666716548637, 'ALR': 0.014465037873619625, 'TPE': 0.009761094703855142, 'JSW': 0.005871401345932932}"
270,2020-01-14,108667.81011199932,0.0,"{'PKO': 0.1650506375355959, 'PKN': 0.1456109734466534, 'PZU': 0.11527576660519447, 'CDR': 0.09580309238874486, 'PEO': 0.08930119760742596, 'KGH': 0.06596083678472556, 'LPP': 0.06093669537814201, 'SPL': 0.052351861551123875, 'CPS': 0.04210661831049766, 'PGE': 0.03631224059541467, 'DNP': 0.03435143902149179, 'MBK': 0.027047398141749886, 'OPL': 0.022953041993283536, 'CCC': 0.016840666716548637, 'ALR': 0.014465037873619625, 'TPE': 0.009761094703855142, 'JSW': 0.005871401345932932}"
271,2020-01-15,107716.27073289298,0.0,"{'PKO': 0.1650506375355959, 'PKN': 0.1456109734466534, 'PZU': 0.11527576660519447, 'CDR': 0.09580309238874486, 'PEO': 0.08930119760742596, 'KGH': 0.06596083678472556, 'LPP': 0.06093669537814201, 'SPL': 0.052351861551123875, 'CPS': 0.04210661831049766, 'PGE': 0.03631224059541467, 'DNP': 0.03435143902149179, 'MBK': 0.027047398141749886, 'OPL': 0.022953041993283536, 'CCC': 0.016840666716548637, 'ALR': 0.014465037873619625, 'TPE': 0.009761094703855142, 'JSW': 0.005871401345932932}"
272,2020-01-16,108139.79703506888,0.0,"{'PKO': 0.1650506375355959, 'PKN': 0.1456109734466534, 'PZU': 0.11527576660519447, 'CDR': 0.09580309238874486, 'PEO': 0.08930119760742596, 'KGH': 0.06596083678472556, 'LPP': 0.06093669537814201, 'SPL': 0.052351861551123875, 'CPS': 0.04210661831049766, 'PGE': 0.03631224059541467, 'DNP': 0.03435143902149179, 'MBK': 0.027047398141749886, 'OPL': 0.022953041993283536, 'CCC': 0.016840666716548637, 'ALR': 0.014465037873619625, 'TPE': 0.009761094703855142, 'JSW': 0.005871401345932932}"
273,2020-01-17,108266.5622768887,1.4551915228366852e-11,"{'PKO': 0.1627691829674703, 'PKN': 0.1462422703684658, 'PZU': 0.11585215829905961, 'CDR': 0.0925809544548609, 'PEO': 0.09043195668491932, 'KGH': 0.06866633828555893, 'LPP': 0.05981944961530282, 'CPS': 0.0422747239174022, 'PGE': 0.034545447258855444, 'DNP': 0.036866748696772395, 'MBK': 0.027241149496711182, 'OPL': 0.024711451198162773, 'CCC': 0.0150009424608566, 'ALR': 0.013957076594213629, 'TPE': 0.009524376116224581, 'JSW': 0.006583684310599162, 'MEG': 0.05293208927456436}"
274,2020-01-20,108523.91710312295,1.4551915228366852e-11,"{'PKO': 0.1627691829674703, 'PKN': 0.1462422703684658, 'PZU': 0.11585215829905961, 'CDR': 0.0925809544548609, 'PEO': 0.09043195668491932, 'KGH': 0.06866633828555893, 'LPP': 0.05981944961530282, 'CPS': 0.0422747239174022, 'PGE': 0.034545447258855444, 'DNP': 0.036866748696772395, 'MBK': 0.027241149496711182, 'OPL': 0.024711451198162773, 'CCC': 0.0150009424608566, 'ALR': 0.013957076594213629, 'TPE': 0.009524376116224581, 'JSW': 0.006583684310599162, 'MEG': 0.05293208927456436}"
275,2020-01-21,107685.45595243048,1.4551915228366852e-11,"{'PKO': 0.1627691829674703, 'PKN': 0.1462422703684658, 'PZU': 0.11585215829905961, 'CDR': 0.0925809544548609, 'PEO': 0.09043195668491932, 'KGH': 0.06866633828555893, 'LPP': 0.05981944961530282, 'CPS': 0.0422747239174022, 'PGE': 0.034545447258855444, 'DNP': 0.036866748696772395, 'MBK': 0.027241149496711182, 'OPL': 0.024711451198162773, 'CCC': 0.0150009424608566, 'ALR': 0.013957076594213629, 'TPE': 0.009524376116224581, 'JSW': 0.006583684310599162, 'MEG': 0.05293208927456436}"
276,2020-01-22,107172.93709736563,1.4551915228366852e-11,"{'PKO': 0.1627691829674703, 'PKN': 0.1462422703684658, 'PZU': 0.11585215829905961, 'CDR': 0.0925809544548609, 'PEO': 0.09043195668491932, 'KGH': 0.06866633828555893, 'LPP': 0.05981944961530282, 'CPS': 0.0422747239174022, 'PGE': 0.034545447258855444, 'DNP': 0.036866748696772395, 'MBK': 0.027241149496711182, 'OPL': 0.024711451198162773, 'CCC': 0.0150009424608566, 'ALR': 0.013957076594213629, 'TPE': 0.009524376116224581, 'JSW': 0.006583684310599162, 'MEG': 0.05293208927456436}"
277,2020-01-23,107327.49931763727,1.4551915228366852e-11,"{'PKO': 0.1627691829674703, 'PKN': 0.1462422703684658, 'PZU': 0.11585215829905961, 'CDR': 0.0925809544548609, 'PEO': 0.09043195668491932, 'KGH': 0.06866633828555893, 'LPP': 0.05981944961530282, 'CPS': 0.0422747239174022, 'PGE': 0.034545447258855444, 'DNP': 0.036866748696772395, 'MBK': 0.027241149496711182, 'OPL': 0.024711451198162773, 'CCC': 0.0150009424608566, 'ALR': 0.013957076594213629, 'TPE': 0.009524376116224581, 'JSW': 0.006583684310599162, 'MEG': 0.05293208927456436}"
278,2020-01-24,107552.225598274,1.4551915228366852e-11,"{'PKO': 0.1627691829674703, 'PKN': 0.1462422703684658, 'PZU': 0.11585215829905961, 'CDR': 0.0925809544548609, 'PEO': 0.09043195668491932, 'KGH': 0.06866633828555893, 'LPP': 0.05981944961530282, 'CPS': 0.0422747239174022, 'PGE': 0.034545447258855444, 'DNP': 0.036866748696772395, 'MBK': 0.027241149496711182, 'OPL': 0.024711451198162773, 'CCC': 0.0150009424608566, 'ALR': 0.013957076594213629, 'TPE': 0.009524376116224581, 'JSW': 0.006583684310599162, 'MEG': 0.05293208927456436}"
279,2020-01-27,104309.22196783734,1.4551915228366852e-11,"{'PKO': 0.1627691829674703, 'PKN': 0.1462422703684658, 'PZU': 0.11585215829905961, 'CDR': 0.0925809544548609, 'PEO': 0.09043195668491932, 'KGH': 0.06866633828555893, 'LPP': 0.05981944961530282, 'CPS': 0.0422747239174022, 'PGE': 0.034545447258855444, 'DNP': 0.036866748696772395, 'MBK': 0.027241149496711182, 'OPL': 0.024711451198162773, 'CCC': 0.0150009424608566, 'ALR': 0.013957076594213629, 'TPE': 0.009524376116224581, 'JSW': 0.006583684310599162, 'MEG': 0.05293208927456436}"
280,2020-01-28,105024.6048941608,1.4551915228366852e-11,"{'PKO': 0.1627691829674703, 'PKN': 0.1462422703684658, 'PZU': 0.11585215829905961, 'CDR': 0.0925809544548609, 'PEO': 0.09043195668491932, 'KGH': 0.06866633828555893, 'LPP': 0.05981944961530282, 'CPS': 0.0422747239174022, 'PGE': 0.034545447258855444, 'DNP': 0.036866748696772395, 'MBK': 0.027241149496711182, 'OPL': 0.024711451198162773, 'CCC': 0.0150009424608566, 'ALR': 0.013957076594213629, 'TPE': 0.009524376116224581, 'JSW': 0.006583684310599162, 'MEG': 0.05293208927456436}"
281,2020-01-29,105004.6900165077,1.4551915228366852e-11,"{'PKO': 0.1627691829674703, 'PKN': 0.1462422703684658, 'PZU': 0.11585215829905961, 'CDR': 0.0925809544548609, 'PEO': 0.09043195668491932, 'KGH': 0.06866633828555893, 'LPP': 0.05981944961530282, 'CPS': 0.0422747239174022, 'PGE': 0.034545447258855444, 'DNP': 0.036866748696772395, 'MBK': 0.027241149496711182, 'OPL': 0.024711451198162773, 'CCC': 0.0150009424608566, 'ALR': 0.013957076594213629, 'TPE': 0.009524376116224581, 'JSW': 0.006583684310599162, 'MEG': 0.05293208927456436}"
282,2020-01-30,104273.66069926071,1.4551915228366852e-11,"{'PKO': 0.1627691829674703, 'PKN': 0.1462422703684658, 'PZU': 0.11585215829905961, 'CDR': 0.0925809544548609, 'PEO': 0.09043195668491932, 'KGH': 0.06866633828555893, 'LPP': 0.05981944961530282, 'CPS': 0.0422747239174022, 'PGE': 0.034545447258855444, 'DNP': 0.036866748696772395, 'MBK': 0.027241149496711182, 'OPL': 0.024711451198162773, 'CCC': 0.0150009424608566, 'ALR': 0.013957076594213629, 'TPE': 0.009524376116224581, 'JSW': 0.006583684310599162, 'MEG': 0.05293208927456436}"
283,2020-01-31,104146.47842914352,1.4551915228366852e-11,"{'PKO': 0.1627691829674703, 'PKN': 0.1462422703684658, 'PZU': 0.11585215829905961, 'CDR': 0.0925809544548609, 'PEO': 0.09043195668491932, 'KGH': 0.06866633828555893, 'LPP': 0.05981944961530282, 'CPS': 0.0422747239174022, 'PGE': 0.034545447258855444, 'DNP': 0.036866748696772395, 'MBK': 0.027241149496711182, 'OPL': 0.024711451198162773, 'CCC': 0.0150009424608566, 'ALR': 0.013957076594213629, 'TPE': 0.009524376116224581, 'JSW': 0.006583684310599162, 'MEG': 0.05293208927456436}"
284,2020-02-03,104539.95757246617,1.4551915228366852e-11,"{'PKO': 0.1627691829674703, 'PKN': 0.1462422703684658, 'PZU': 0.11585215829905961, 'CDR': 0.0925809544548609, 'PEO': 0.09043195668491932, 'KGH': 0.06866633828555893, 'LPP': 0.05981944961530282, 'CPS': 0.0422747239174022, 'PGE': 0.034545447258855444, 'DNP': 0.036866748696772395, 'MBK': 0.027241149496711182, 'OPL': 0.024711451198162773, 'CCC': 0.0150009424608566, 'ALR': 0.013957076594213629, 'TPE': 0.009524376116224581, 'JSW': 0.006583684310599162, 'MEG': 0.05293208927456436}"
285,2020-02-04,106020.67212127979,1.4551915228366852e-11,"{'PKO': 0.1627691829674703, 'PKN': 0.1462422703684658, 'PZU': 0.11585215829905961, 'CDR': 0.0925809544548609, 'PEO': 0.09043195668491932, 'KGH': 0.06866633828555893, 'LPP': 0.05981944961530282, 'CPS': 0.0422747239174022, 'PGE': 0.034545447258855444, 'DNP': 0.036866748696772395, 'MBK': 0.027241149496711182, 'OPL': 0.024711451198162773, 'CCC': 0.0150009424608566, 'ALR': 0.013957076594213629, 'TPE': 0.009524376116224581, 'JSW': 0.006583684310599162, 'MEG': 0.05293208927456436}"
286,2020-02-05,106835.06250750198,1.4551915228366852e-11,"{'PKO': 0.1627691829674703, 'PKN': 0.1462422703684658, 'PZU': 0.11585215829905961, 'CDR': 0.0925809544548609, 'PEO': 0.09043195668491932, 'KGH': 0.06866633828555893, 'LPP': 0.05981944961530282, 'CPS': 0.0422747239174022, 'PGE': 0.034545447258855444, 'DNP': 0.036866748696772395, 'MBK': 0.027241149496711182, 'OPL': 0.024711451198162773, 'CCC': 0.0150009424608566, 'ALR': 0.013957076594213629, 'TPE': 0.009524376116224581, 'JSW': 0.006583684310599162, 'MEG': 0.05293208927456436}"
287,2020-02-06,106253.14664354277,1.4551915228366852e-11,"{'PKO': 0.1627691829674703, 'PKN': 0.1462422703684658, 'PZU': 0.11585215829905961, 'CDR': 0.0925809544548609, 'PEO': 0.09043195668491932, 'KGH': 0.06866633828555893, 'LPP': 0.05981944961530282, 'CPS': 0.0422747239174022, 'PGE': 0.034545447258855444, 'DNP': 0.036866748696772395, 'MBK': 0.027241149496711182, 'OPL': 0.024711451198162773, 'CCC': 0.0150009424608566, 'ALR': 0.013957076594213629, 'TPE': 0.009524376116224581, 'JSW': 0.006583684310599162, 'MEG': 0.05293208927456436}"
288,2020-02-07,106180.13870531226,1.4551915228366852e-11,"{'PKO': 0.1627691829674703, 'PKN': 0.1462422703684658, 'PZU': 0.11585215829905961, 'CDR': 0.0925809544548609, 'PEO': 0.09043195668491932, 'KGH': 0.06866633828555893, 'LPP': 0.05981944961530282, 'CPS': 0.0422747239174022, 'PGE': 0.034545447258855444, 'DNP': 0.036866748696772395, 'MBK': 0.027241149496711182, 'OPL': 0.024711451198162773, 'CCC': 0.0150009424608566, 'ALR': 0.013957076594213629, 'TPE': 0.009524376116224581, 'JSW': 0.006583684310599162, 'MEG': 0.05293208927456436}"
289,2020-02-10,105371.40118433133,1.4551915228366852e-11,"{'PKO': 0.1627691829674703, 'PKN': 0.1462422703684658, 'PZU': 0.11585215829905961, 'CDR': 0.0925809544548609, 'PEO': 0.09043195668491932, 'KGH': 0.06866633828555893, 'LPP': 0.05981944961530282, 'CPS': 0.0422747239174022, 'PGE': 0.034545447258855444, 'DNP': 0.036866748696772395, 'MBK': 0.027241149496711182, 'OPL': 0.024711451198162773, 'CCC': 0.0150009424608566, 'ALR': 0.013957076594213629, 'TPE': 0.009524376116224581, 'JSW': 0.006583684310599162, 'MEG': 0.05293208927456436}"
290,2020-02-11,106070.19016544866,1.4551915228366852e-11,"{'PKO': 0.1627691829674703, 'PKN': 0.1462422703684658, 'PZU': 0.11585215829905961, 'CDR': 0.0925809544548609, 'PEO': 0.09043195668491932, 'KGH': 0.06866633828555893, 'LPP': 0.05981944961530282, 'CPS': 0.0422747239174022, 'PGE': 0.034545447258855444, 'DNP': 0.036866748696772395, 'MBK': 0.027241149496711182, 'OPL': 0.024711451198162773, 'CCC': 0.0150009424608566, 'ALR': 0.013957076594213629, 'TPE': 0.009524376116224581, 'JSW': 0.006583684310599162, 'MEG': 0.05293208927456436}"
291,2020-02-12,107233.94117629349,1.4551915228366852e-11,"{'PKO': 0.1627691829674703, 'PKN': 0.1462422703684658, 'PZU': 0.11585215829905961, 'CDR': 0.0925809544548609, 'PEO': 0.09043195668491932, 'KGH': 0.06866633828555893, 'LPP': 0.05981944961530282, 'CPS': 0.0422747239174022, 'PGE': 0.034545447258855444, 'DNP': 0.036866748696772395, 'MBK': 0.027241149496711182, 'OPL': 0.024711451198162773, 'CCC': 0.0150009424608566, 'ALR': 0.013957076594213629, 'TPE': 0.009524376116224581, 'JSW': 0.006583684310599162, 'MEG': 0.05293208927456436}"
292,2020-02-13,106695.53358162988,1.4551915228366852e-11,"{'PKO': 0.1627691829674703, 'PKN': 0.1462422703684658, 'PZU': 0.11585215829905961, 'CDR': 0.0925809544548609, 'PEO': 0.09043195668491932, 'KGH': 0.06866633828555893, 'LPP': 0.05981944961530282, 'CPS': 0.0422747239174022, 'PGE': 0.034545447258855444, 'DNP': 0.036866748696772395, 'MBK': 0.027241149496711182, 'OPL': 0.024711451198162773, 'CCC': 0.0150009424608566, 'ALR': 0.013957076594213629, 'TPE': 0.009524376116224581, 'JSW': 0.006583684310599162, 'MEG': 0.05293208927456436}"
293,2020-02-14,106570.70607204904,1.4551915228366852e-11,"{'PKO': 0.1627691829674703, 'PKN': 0.1462422703684658, 'PZU': 0.11585215829905961, 'CDR': 0.0925809544548609, 'PEO': 0.09043195668491932, 'KGH': 0.06866633828555893, 'LPP': 0.05981944961530282, 'CPS': 0.0422747239174022, 'PGE': 0.034545447258855444, 'DNP': 0.036866748696772395, 'MBK': 0.027241149496711182, 'OPL': 0.024711451198162773, 'CCC': 0.0150009424608566, 'ALR': 0.013957076594213629, 'TPE': 0.009524376116224581, 'JSW': 0.006583684310599162, 'MEG': 0.05293208927456436}"
294,2020-02-17,106681.74425453834,1.4551915228366852e-11,"{'PKO': 0.1627691829674703, 'PKN': 0.1462422703684658, 'PZU': 0.11585215829905961, 'CDR': 0.0925809544548609, 'PEO': 0.09043195668491932, 'KGH': 0.06866633828555893, 'LPP': 0.05981944961530282, 'CPS': 0.0422747239174022, 'PGE': 0.034545447258855444, 'DNP': 0.036866748696772395, 'MBK': 0.027241149496711182, 'OPL': 0.024711451198162773, 'CCC': 0.0150009424608566, 'ALR': 0.013957076594213629, 'TPE': 0.009524376116224581, 'JSW': 0.006583684310599162, 'MEG': 0.05293208927456436}"
295,2020-02-18,106360.00541980607,1.4551915228366852e-11,"{'PKO': 0.1627691829674703, 'PKN': 0.1462422703684658, 'PZU': 0.11585215829905961, 'CDR': 0.0925809544548609, 'PEO': 0.09043195668491932, 'KGH': 0.06866633828555893, 'LPP': 0.05981944961530282, 'CPS': 0.0422747239174022, 'PGE': 0.034545447258855444, 'DNP': 0.036866748696772395, 'MBK': 0.027241149496711182, 'OPL': 0.024711451198162773, 'CCC': 0.0150009424608566, 'ALR': 0.013957076594213629, 'TPE': 0.009524376116224581, 'JSW': 0.006583684310599162, 'MEG': 0.05293208927456436}"
296,2020-02-19,105385.01518869036,1.4551915228366852e-11,"{'PKO': 0.1627691829674703, 'PKN': 0.1462422703684658, 'PZU': 0.11585215829905961, 'CDR': 0.0925809544548609, 'PEO': 0.09043195668491932, 'KGH': 0.06866633828555893, 'LPP': 0.05981944961530282, 'CPS': 0.0422747239174022, 'PGE': 0.034545447258855444, 'DNP': 0.036866748696772395, 'MBK': 0.027241149496711182, 'OPL': 0.024711451198162773, 'CCC': 0.0150009424608566, 'ALR': 0.013957076594213629, 'TPE': 0.009524376116224581, 'JSW': 0.006583684310599162, 'MEG': 0.05293208927456436}"
297,2020-02-20,105545.79991608125,1.4551915228366852e-11,"{'PKO': 0.1627691829674703, 'PKN': 0.1462422703684658, 'PZU': 0.11585215829905961, 'CDR': 0.0925809544548609, 'PEO': 0.09043195668491932, 'KGH': 0.06866633828555893, 'LPP': 0.05981944961530282, 'CPS': 0.0422747239174022, 'PGE': 0.034545447258855444, 'DNP': 0.036866748696772395, 'MBK': 0.027241149496711182, 'OPL': 0.024711451198162773, 'CCC': 0.0150009424608566, 'ALR': 0.013957076594213629, 'TPE': 0.009524376116224581, 'JSW': 0.006583684310599162, 'MEG': 0.05293208927456436}"
298,2020-02-21,105093.20253241067,1.4551915228366852e-11,"{'PKO': 0.1627691829674703, 'PKN': 0.1462422703684658, 'PZU': 0.11585215829905961, 'CDR': 0.0925809544548609, 'PEO': 0.09043195668491932, 'KGH': 0.06866633828555893, 'LPP': 0.05981944961530282, 'CPS': 0.0422747239174022, 'PGE': 0.034545447258855444, 'DNP': 0.036866748696772395, 'MBK': 0.027241149496711182, 'OPL': 0.024711451198162773, 'CCC': 0.0150009424608566, 'ALR': 0.013957076594213629, 'TPE': 0.009524376116224581, 'JSW': 0.006583684310599162, 'MEG': 0.05293208927456436}"
299,2020-02-24,100921.14745727948,1.4551915228366852e-11,"{'PKO': 0.1627691829674703, 'PKN': 0.1462422703684658, 'PZU': 0.11585215829905961, 'CDR': 0.0925809544548609, 'PEO': 0.09043195668491932, 'KGH': 0.06866633828555893, 'LPP': 0.05981944961530282, 'CPS': 0.0422747239174022, 'PGE': 0.034545447258855444, 'DNP': 0.036866748696772395, 'MBK': 0.027241149496711182, 'OPL': 0.024711451198162773, 'CCC': 0.0150009424608566, 'ALR': 0.013957076594213629, 'TPE': 0.009524376116224581, 'JSW': 0.006583684310599162, 'MEG': 0.05293208927456436}"
300,2020-02-25,98338.06116261908,1.4551915228366852e-11,"{'PKO': 0.1627691829674703, 'PKN': 0.1462422703684658, 'PZU': 0.11585215829905961, 'CDR': 0.0925809544548609, 'PEO': 0.09043195668491932, 'KGH': 0.06866633828555893, 'LPP': 0.05981944961530282, 'CPS': 0.0422747239174022, 'PGE': 0.034545447258855444, 'DNP': 0.036866748696772395, 'MBK': 0.027241149496711182, 'OPL': 0.024711451198162773, 'CCC': 0.0150009424608566, 'ALR': 0.013957076594213629, 'TPE': 0.009524376116224581, 'JSW': 0.006583684310599162, 'MEG': 0.05293208927456436}"
301,2020-02-26,97803.00374448702,1.4551915228366852e-11,"{'PKO': 0.1627691829674703, 'PKN': 0.1462422703684658, 'PZU': 0.11585215829905961, 'CDR': 0.0925809544548609, 'PEO': 0.09043195668491932, 'KGH': 0.06866633828555893, 'LPP': 0.05981944961530282, 'CPS': 0.0422747239174022, 'PGE': 0.034545447258855444, 'DNP': 0.036866748696772395, 'MBK': 0.027241149496711182, 'OPL': 0.024711451198162773, 'CCC': 0.0150009424608566, 'ALR': 0.013957076594213629, 'TPE': 0.009524376116224581, 'JSW': 0.006583684310599162, 'MEG': 0.05293208927456436}"
302,2020-02-27,94116.83887652932,1.4551915228366852e-11,"{'PKO': 0.1627691829674703, 'PKN': 0.1462422703684658, 'PZU': 0.11585215829905961, 'CDR': 0.0925809544548609, 'PEO': 0.09043195668491932, 'KGH': 0.06866633828555893, 'LPP': 0.05981944961530282, 'CPS': 0.0422747239174022, 'PGE': 0.034545447258855444, 'DNP': 0.036866748696772395, 'MBK': 0.027241149496711182, 'OPL': 0.024711451198162773, 'CCC': 0.0150009424608566, 'ALR': 0.013957076594213629, 'TPE': 0.009524376116224581, 'JSW': 0.006583684310599162, 'MEG': 0.05293208927456436}"
303,2020-02-28,90144.4372656798,1.4551915228366852e-11,"{'PKO': 0.1627691829674703, 'PKN': 0.1462422703684658, 'PZU': 0.11585215829905961, 'CDR': 0.0925809544548609, 'PEO': 0.09043195668491932, 'KGH': 0.06866633828555893, 'LPP': 0.05981944961530282, 'CPS': 0.0422747239174022, 'PGE': 0.034545447258855444, 'DNP': 0.036866748696772395, 'MBK': 0.027241149496711182, 'OPL': 0.024711451198162773, 'CCC': 0.0150009424608566, 'ALR': 0.013957076594213629, 'TPE': 0.009524376116224581, 'JSW': 0.006583684310599162, 'MEG': 0.05293208927456436}"
304,2020-03-02,92116.51695342528,1.4551915228366852e-11,"{'PKO': 0.1627691829674703, 'PKN': 0.1462422703684658, 'PZU': 0.11585215829905961, 'CDR': 0.0925809544548609, 'PEO': 0.09043195668491932, 'KGH': 0.06866633828555893, 'LPP': 0.05981944961530282, 'CPS': 0.0422747239174022, 'PGE': 0.034545447258855444, 'DNP': 0.036866748696772395, 'MBK': 0.027241149496711182, 'OPL': 0.024711451198162773, 'CCC': 0.0150009424608566, 'ALR': 0.013957076594213629, 'TPE': 0.009524376116224581, 'JSW': 0.006583684310599162, 'MEG': 0.05293208927456436}"
305,2020-03-03,96183.90810521669,1.4551915228366852e-11,"{'PKO': 0.1627691829674703, 'PKN': 0.1462422703684658, 'PZU': 0.11585215829905961, 'CDR': 0.0925809544548609, 'PEO': 0.09043195668491932, 'KGH': 0.06866633828555893, 'LPP': 0.05981944961530282, 'CPS': 0.0422747239174022, 'PGE': 0.034545447258855444, 'DNP': 0.036866748696772395, 'MBK': 0.027241149496711182, 'OPL': 0.024711451198162773, 'CCC': 0.0150009424608566, 'ALR': 0.013957076594213629, 'TPE': 0.009524376116224581, 'JSW': 0.006583684310599162, 'MEG': 0.05293208927456436}"
306,2020-03-04,94553.09996499667,1.4551915228366852e-11,"{'PKO': 0.1627691829674703, 'PKN': 0.1462422703684658, 'PZU': 0.11585215829905961, 'CDR': 0.0925809544548609, 'PEO': 0.09043195668491932, 'KGH': 0.06866633828555893, 'LPP': 0.05981944961530282, 'CPS': 0.0422747239174022, 'PGE': 0.034545447258855444, 'DNP': 0.036866748696772395, 'MBK': 0.027241149496711182, 'OPL': 0.024711451198162773, 'CCC': 0.0150009424608566, 'ALR': 0.013957076594213629, 'TPE': 0.009524376116224581, 'JSW': 0.006583684310599162, 'MEG': 0.05293208927456436}"
307,2020-03-05,92774.10224395624,1.4551915228366852e-11,"{'PKO': 0.1627691829674703, 'PKN': 0.1462422703684658, 'PZU': 0.11585215829905961, 'CDR': 0.0925809544548609, 'PEO': 0.09043195668491932, 'KGH': 0.06866633828555893, 'LPP': 0.05981944961530282, 'CPS': 0.0422747239174022, 'PGE': 0.034545447258855444, 'DNP': 0.036866748696772395, 'MBK': 0.027241149496711182, 'OPL': 0.024711451198162773, 'CCC': 0.0150009424608566, 'ALR': 0.013957076594213629, 'TPE': 0.009524376116224581, 'JSW': 0.006583684310599162, 'MEG': 0.05293208927456436}"
308,2020-03-06,90194.0165265227,1.4551915228366852e-11,"{'PKO': 0.1627691829674703, 'PKN': 0.1462422703684658, 'PZU': 0.11585215829905961, 'CDR': 0.0925809544548609, 'PEO': 0.09043195668491932, 'KGH': 0.06866633828555893, 'LPP': 0.05981944961530282, 'CPS': 0.0422747239174022, 'PGE': 0.034545447258855444, 'DNP': 0.036866748696772395, 'MBK': 0.027241149496711182, 'OPL': 0.024711451198162773, 'CCC': 0.0150009424608566, 'ALR': 0.013957076594213629, 'TPE': 0.009524376116224581, 'JSW': 0.006583684310599162, 'MEG': 0.05293208927456436}"
309,2020-03-09,83637.09478111811,1.4551915228366852e-11,"{'PKO': 0.1627691829674703, 'PKN': 0.1462422703684658, 'PZU': 0.11585215829905961, 'CDR': 0.0925809544548609, 'PEO': 0.09043195668491932, 'KGH': 0.06866633828555893, 'LPP': 0.05981944961530282, 'CPS': 0.0422747239174022, 'PGE': 0.034545447258855444, 'DNP': 0.036866748696772395, 'MBK': 0.027241149496711182, 'OPL': 0.024711451198162773, 'CCC': 0.0150009424608566, 'ALR': 0.013957076594213629, 'TPE': 0.009524376116224581, 'JSW': 0.006583684310599162, 'MEG': 0.05293208927456436}"
310,2020-03-10,82523.45214980401,1.4551915228366852e-11,"{'PKO': 0.1627691829674703, 'PKN': 0.1462422703684658, 'PZU': 0.11585215829905961, 'CDR': 0.0925809544548609, 'PEO': 0.09043195668491932, 'KGH': 0.06866633828555893, 'LPP': 0.05981944961530282, 'CPS': 0.0422747239174022, 'PGE': 0.034545447258855444, 'DNP': 0.036866748696772395, 'MBK': 0.027241149496711182, 'OPL': 0.024711451198162773, 'CCC': 0.0150009424608566, 'ALR': 0.013957076594213629, 'TPE': 0.009524376116224581, 'JSW': 0.006583684310599162, 'MEG': 0.05293208927456436}"
311,2020-03-11,76961.03086557623,1.4551915228366852e-11,"{'PKO': 0.1627691829674703, 'PKN': 0.1462422703684658, 'PZU': 0.11585215829905961, 'CDR': 0.0925809544548609, 'PEO': 0.09043195668491932, 'KGH': 0.06866633828555893, 'LPP': 0.05981944961530282, 'CPS': 0.0422747239174022, 'PGE': 0.034545447258855444, 'DNP': 0.036866748696772395, 'MBK': 0.027241149496711182, 'OPL': 0.024711451198162773, 'CCC': 0.0150009424608566, 'ALR': 0.013957076594213629, 'TPE': 0.009524376116224581, 'JSW': 0.006583684310599162, 'MEG': 0.05293208927456436}"
312,2020-03-12,67395.82765867517,1.4551915228366852e-11,"{'PKO': 0.1627691829674703, 'PKN': 0.1462422703684658, 'PZU': 0.11585215829905961, 'CDR': 0.0925809544548609, 'PEO': 0.09043195668491932, 'KGH': 0.06866633828555893, 'LPP': 0.05981944961530282, 'CPS': 0.0422747239174022, 'PGE': 0.034545447258855444, 'DNP': 0.036866748696772395, 'MBK': 0.027241149496711182, 'OPL': 0.024711451198162773, 'CCC': 0.0150009424608566, 'ALR': 0.013957076594213629, 'TPE': 0.009524376116224581, 'JSW': 0.006583684310599162, 'MEG': 0.05293208927456436}"
313,2020-03-13,69978.49257518034,1.4551915228366852e-11,"{'PKO': 0.1627691829674703, 'PKN': 0.1462422703684658, 'PZU': 0.11585215829905961, 'CDR': 0.0925809544548609, 'PEO': 0.09043195668491932, 'KGH': 0.06866633828555893, 'LPP': 0.05981944961530282, 'CPS': 0.0422747239174022, 'PGE': 0.034545447258855444, 'DNP': 0.036866748696772395, 'MBK': 0.027241149496711182, 'OPL': 0.024711451198162773, 'CCC': 0.0150009424608566, 'ALR': 0.013957076594213629, 'TPE': 0.009524376116224581, 'JSW': 0.006583684310599162, 'MEG': 0.05293208927456436}"
314,2020-03-16,68880.80842757356,1.4551915228366852e-11,"{'PKO': 0.1627691829674703, 'PKN': 0.1462422703684658, 'PZU': 0.11585215829905961, 'CDR': 0.0925809544548609, 'PEO': 0.09043195668491932, 'KGH': 0.06866633828555893, 'LPP': 0.05981944961530282, 'CPS': 0.0422747239174022, 'PGE': 0.034545447258855444, 'DNP': 0.036866748696772395, 'MBK': 0.027241149496711182, 'OPL': 0.024711451198162773, 'CCC': 0.0150009424608566, 'ALR': 0.013957076594213629, 'TPE': 0.009524376116224581, 'JSW': 0.006583684310599162, 'MEG': 0.05293208927456436}"
315,2020-03-17,72764.03061483144,1.4551915228366852e-11,"{'PKO': 0.1627691829674703, 'PKN': 0.1462422703684658, 'PZU': 0.11585215829905961, 'CDR': 0.0925809544548609, 'PEO': 0.09043195668491932, 'KGH': 0.06866633828555893, 'LPP': 0.05981944961530282, 'CPS': 0.0422747239174022, 'PGE': 0.034545447258855444, 'DNP': 0.036866748696772395, 'MBK': 0.027241149496711182, 'OPL': 0.024711451198162773, 'CCC': 0.0150009424608566, 'ALR': 0.013957076594213629, 'TPE': 0.009524376116224581, 'JSW': 0.006583684310599162, 'MEG': 0.05293208927456436}"
316,2020-03-18,71360.14042363885,1.4551915228366852e-11,"{'PKO': 0.1627691829674703, 'PKN': 0.1462422703684658, 'PZU': 0.11585215829905961, 'CDR': 0.0925809544548609, 'PEO': 0.09043195668491932, 'KGH': 0.06866633828555893, 'LPP': 0.05981944961530282, 'CPS': 0.0422747239174022, 'PGE': 0.034545447258855444, 'DNP': 0.036866748696772395, 'MBK': 0.027241149496711182, 'OPL': 0.024711451198162773, 'CCC': 0.0150009424608566, 'ALR': 0.013957076594213629, 'TPE': 0.009524376116224581, 'JSW': 0.006583684310599162, 'MEG': 0.05293208927456436}"
317,2020-03-19,74306.26602848626,1.4551915228366852e-11,"{'PKO': 0.1627691829674703, 'PKN': 0.1462422703684658, 'PZU': 0.11585215829905961, 'CDR': 0.0925809544548609, 'PEO': 0.09043195668491932, 'KGH': 0.06866633828555893, 'LPP': 0.05981944961530282, 'CPS': 0.0422747239174022, 'PGE': 0.034545447258855444, 'DNP': 0.036866748696772395, 'MBK': 0.027241149496711182, 'OPL': 0.024711451198162773, 'CCC': 0.0150009424608566, 'ALR': 0.013957076594213629, 'TPE': 0.009524376116224581, 'JSW': 0.006583684310599162, 'MEG': 0.05293208927456436}"
318,2020-03-20,75292.86969671801,2.9103830456733704e-11,"{'PKO': 0.16074868954280752, 'PZU': 0.12283827656772936, 'CDR': 0.12143225102402441, 'PKN': 0.11541389536599683, 'PEO': 0.09689596173345197, 'KGH': 0.06752952272457473, 'LPP': 0.0583364463385069, 'SPL': 0.05372411622418429, 'DNP': 0.04355629711029622, 'CPS': 0.04286036347557316, 'MBK': 0.026534784157108922, 'OPL': 0.026253796867971912, 'PGE': 0.02457440772126932, 'CCC': 0.014150650572702192, 'ALR': 0.012885118673565739, 'TPE': 0.007674873746312041, 'JSW': 0.004590548153924401}"
319,2020-03-23,70957.09331400016,2.9103830456733704e-11,"{'PKO': 0.16074868954280752, 'PZU': 0.12283827656772936, 'CDR': 0.12143225102402441, 'PKN': 0.11541389536599683, 'PEO': 0.09689596173345197, 'KGH': 0.06752952272457473, 'LPP': 0.0583364463385069, 'SPL': 0.05372411622418429, 'DNP': 0.04355629711029622, 'CPS': 0.04286036347557316, 'MBK': 0.026534784157108922, 'OPL': 0.026253796867971912, 'PGE': 0.02457440772126932, 'CCC': 0.014150650572702192, 'ALR': 0.012885118673565739, 'TPE': 0.007674873746312041, 'JSW': 0.004590548153924401}"
320,2020-03-24,73347.18957981918,2.9103830456733704e-11,"{'PKO': 0.16074868954280752, 'PZU': 0.12283827656772936, 'CDR': 0.12143225102402441, 'PKN': 0.11541389536599683, 'PEO': 0.09689596173345197, 'KGH': 0.06752952272457473, 'LPP': 0.0583364463385069, 'SPL': 0.05372411622418429, 'DNP': 0.04355629711029622, 'CPS': 0.04286036347557316, 'MBK': 0.026534784157108922, 'OPL': 0.026253796867971912, 'PGE': 0.02457440772126932, 'CCC': 0.014150650572702192, 'ALR': 0.012885118673565739, 'TPE': 0.007674873746312041, 'JSW': 0.004590548153924401}"
321,2020-03-25,72822.74637975784,2.9103830456733704e-11,"{'PKO': 0.16074868954280752, 'PZU': 0.12283827656772936, 'CDR': 0.12143225102402441, 'PKN': 0.11541389536599683, 'PEO': 0.09689596173345197, 'KGH': 0.06752952272457473, 'LPP': 0.0583364463385069, 'SPL': 0.05372411622418429, 'DNP': 0.04355629711029622, 'CPS': 0.04286036347557316, 'MBK': 0.026534784157108922, 'OPL': 0.026253796867971912, 'PGE': 0.02457440772126932, 'CCC': 0.014150650572702192, 'ALR': 0.012885118673565739, 'TPE': 0.007674873746312041, 'JSW': 0.004590548153924401}"
322,2020-03-26,75400.48090636822,2.9103830456733704e-11,"{'PKO': 0.16074868954280752, 'PZU': 0.12283827656772936, 'CDR': 0.12143225102402441, 'PKN': 0.11541389536599683, 'PEO': 0.09689596173345197, 'KGH': 0.06752952272457473, 'LPP': 0.0583364463385069, 'SPL': 0.05372411622418429, 'DNP': 0.04355629711029622, 'CPS': 0.04286036347557316, 'MBK': 0.026534784157108922, 'OPL': 0.026253796867971912, 'PGE': 0.02457440772126932, 'CCC': 0.014150650572702192, 'ALR': 0.012885118673565739, 'TPE': 0.007674873746312041, 'JSW': 0.004590548153924401}"
323,2020-03-27,74221.6652732249,2.9103830456733704e-11,"{'PKO': 0.16074868954280752, 'PZU': 0.12283827656772936, 'CDR': 0.12143225102402441, 'PKN': 0.11541389536599683, 'PEO': 0.09689596173345197, 'KGH': 0.06752952272457473, 'LPP': 0.0583364463385069, 'SPL': 0.05372411622418429, 'DNP': 0.04355629711029622, 'CPS': 0.04286036347557316, 'MBK': 0.026534784157108922, 'OPL': 0.026253796867971912, 'PGE': 0.02457440772126932, 'CCC': 0.014150650572702192, 'ALR': 0.012885118673565739, 'TPE': 0.007674873746312041, 'JSW': 0.004590548153924401}"
324,2020-03-30,74444.52690392133,2.9103830456733704e-11,"{'PKO': 0.16074868954280752, 'PZU': 0.12283827656772936, 'CDR': 0.12143225102402441, 'PKN': 0.11541389536599683, 'PEO': 0.09689596173345197, 'KGH': 0.06752952272457473, 'LPP': 0.0583364463385069, 'SPL': 0.05372411622418429, 'DNP': 0.04355629711029622, 'CPS': 0.04286036347557316, 'MBK': 0.026534784157108922, 'OPL': 0.026253796867971912, 'PGE': 0.02457440772126932, 'CCC': 0.014150650572702192, 'ALR': 0.012885118673565739, 'TPE': 0.007674873746312041, 'JSW': 0.004590548153924401}"
325,2020-03-31,75895.98932536489,2.9103830456733704e-11,"{'PKO': 0.16074868954280752, 'PZU': 0.12283827656772936, 'CDR': 0.12143225102402441, 'PKN': 0.11541389536599683, 'PEO': 0.09689596173345197, 'KGH': 0.06752952272457473, 'LPP': 0.0583364463385069, 'SPL': 0.05372411622418429, 'DNP': 0.04355629711029622, 'CPS': 0.04286036347557316, 'MBK': 0.026534784157108922, 'OPL': 0.026253796867971912, 'PGE': 0.02457440772126932, 'CCC': 0.014150650572702192, 'ALR': 0.012885118673565739, 'TPE': 0.007674873746312041, 'JSW': 0.004590548153924401}"
326,2020-04-01,74365.34739052624,2.9103830456733704e-11,"{'PKO': 0.16074868954280752, 'PZU': 0.12283827656772936, 'CDR': 0.12143225102402441, 'PKN': 0.11541389536599683, 'PEO': 0.09689596173345197, 'KGH': 0.06752952272457473, 'LPP': 0.0583364463385069, 'SPL': 0.05372411622418429, 'DNP': 0.04355629711029622, 'CPS': 0.04286036347557316, 'MBK': 0.026534784157108922, 'OPL': 0.026253796867971912, 'PGE': 0.02457440772126932, 'CCC': 0.014150650572702192, 'ALR': 0.012885118673565739, 'TPE': 0.007674873746312041, 'JSW': 0.004590548153924401}"
327,2020-04-02,74546.21584639106,2.9103830456733704e-11,"{'PKO': 0.16074868954280752, 'PZU': 0.12283827656772936, 'CDR': 0.12143225102402441, 'PKN': 0.11541389536599683, 'PEO': 0.09689596173345197, 'KGH': 0.06752952272457473, 'LPP': 0.0583364463385069, 'SPL': 0.05372411622418429, 'DNP': 0.04355629711029622, 'CPS': 0.04286036347557316, 'MBK': 0.026534784157108922, 'OPL': 0.026253796867971912, 'PGE': 0.02457440772126932, 'CCC': 0.014150650572702192, 'ALR': 0.012885118673565739, 'TPE': 0.007674873746312041, 'JSW': 0.004590548153924401}"
328,2020-04-03,74930.2199476326,2.9103830456733704e-11,"{'PKO': 0.16074868954280752, 'PZU': 0.12283827656772936, 'CDR': 0.12143225102402441, 'PKN': 0.11541389536599683, 'PEO': 0.09689596173345197, 'KGH': 0.06752952272457473, 'LPP': 0.0583364463385069, 'SPL': 0.05372411622418429, 'DNP': 0.04355629711029622, 'CPS': 0.04286036347557316, 'MBK': 0.026534784157108922, 'OPL': 0.026253796867971912, 'PGE': 0.02457440772126932, 'CCC': 0.014150650572702192, 'ALR': 0.012885118673565739, 'TPE': 0.007674873746312041, 'JSW': 0.004590548153924401}"
329,2020-04-06,78892.21002950353,2.9103830456733704e-11,"{'PKO': 0.16074868954280752, 'PZU': 0.12283827656772936, 'CDR': 0.12143225102402441, 'PKN': 0.11541389536599683, 'PEO': 0.09689596173345197, 'KGH': 0.06752952272457473, 'LPP': 0.0583364463385069, 'SPL': 0.05372411622418429, 'DNP': 0.04355629711029622, 'CPS': 0.04286036347557316, 'MBK': 0.026534784157108922, 'OPL': 0.026253796867971912, 'PGE': 0.02457440772126932, 'CCC': 0.014150650572702192, 'ALR': 0.012885118673565739, 'TPE': 0.007674873746312041, 'JSW': 0.004590548153924401}"
330,2020-04-07,80483.63316675139,2.9103830456733704e-11,"{'PKO': 0.16074868954280752, 'PZU': 0.12283827656772936, 'CDR': 0.12143225102402441, 'PKN': 0.11541389536599683, 'PEO': 0.09689596173345197, 'KGH': 0.06752952272457473, 'LPP': 0.0583364463385069, 'SPL': 0.05372411622418429, 'DNP': 0.04355629711029622, 'CPS': 0.04286036347557316, 'MBK': 0.026534784157108922, 'OPL': 0.026253796867971912, 'PGE': 0.02457440772126932, 'CCC': 0.014150650572702192, 'ALR': 0.012885118673565739, 'TPE': 0.007674873746312041, 'JSW': 0.004590548153924401}"
331,2020-04-08,78540.32535844167,2.9103830456733704e-11,"{'PKO': 0.16074868954280752, 'PZU': 0.12283827656772936, 'CDR': 0.12143225102402441, 'PKN': 0.11541389536599683, 'PEO': 0.09689596173345197, 'KGH': 0.06752952272457473, 'LPP': 0.0583364463385069, 'SPL': 0.05372411622418429, 'DNP': 0.04355629711029622, 'CPS': 0.04286036347557316, 'MBK': 0.026534784157108922, 'OPL': 0.026253796867971912, 'PGE': 0.02457440772126932, 'CCC': 0.014150650572702192, 'ALR': 0.012885118673565739, 'TPE': 0.007674873746312041, 'JSW': 0.004590548153924401}"
332,2020-04-09,80497.0985892041,2.9103830456733704e-11,"{'PKO': 0.16074868954280752, 'PZU': 0.12283827656772936, 'CDR': 0.12143225102402441, 'PKN': 0.11541389536599683, 'PEO': 0.09689596173345197, 'KGH': 0.06752952272457473, 'LPP': 0.0583364463385069, 'SPL': 0.05372411622418429, 'DNP': 0.04355629711029622, 'CPS': 0.04286036347557316, 'MBK': 0.026534784157108922, 'OPL': 0.026253796867971912, 'PGE': 0.02457440772126932, 'CCC': 0.014150650572702192, 'ALR': 0.012885118673565739, 'TPE': 0.007674873746312041, 'JSW': 0.004590548153924401}"
333,2020-04-10,80497.0985892041,2.9103830456733704e-11,"{'PKO': 0.16074868954280752, 'PZU': 0.12283827656772936, 'CDR': 0.12143225102402441, 'PKN': 0.11541389536599683, 'PEO': 0.09689596173345197, 'KGH': 0.06752952272457473, 'LPP': 0.0583364463385069, 'SPL': 0.05372411622418429, 'DNP': 0.04355629711029622, 'CPS': 0.04286036347557316, 'MBK': 0.026534784157108922, 'OPL': 0.026253796867971912, 'PGE': 0.02457440772126932, 'CCC': 0.014150650572702192, 'ALR': 0.012885118673565739, 'TPE': 0.007674873746312041, 'JSW': 0.004590548153924401}"
334,2020-04-13,80497.0985892041,2.9103830456733704e-11,"{'PKO': 0.16074868954280752, 'PZU': 0.12283827656772936, 'CDR': 0.12143225102402441, 'PKN': 0.11541389536599683, 'PEO': 0.09689596173345197, 'KGH': 0.06752952272457473, 'LPP': 0.0583364463385069, 'SPL': 0.05372411622418429, 'DNP': 0.04355629711029622, 'CPS': 0.04286036347557316, 'MBK': 0.026534784157108922, 'OPL': 0.026253796867971912, 'PGE': 0.02457440772126932, 'CCC': 0.014150650572702192, 'ALR': 0.012885118673565739, 'TPE': 0.007674873746312041, 'JSW': 0.004590548153924401}"
335,2020-04-14,83278.67203374024,2.9103830456733704e-11,"{'PKO': 0.16074868954280752, 'PZU': 0.12283827656772936, 'CDR': 0.12143225102402441, 'PKN': 0.11541389536599683, 'PEO': 0.09689596173345197, 'KGH': 0.06752952272457473, 'LPP': 0.0583364463385069, 'SPL': 0.05372411622418429, 'DNP': 0.04355629711029622, 'CPS': 0.04286036347557316, 'MBK': 0.026534784157108922, 'OPL': 0.026253796867971912, 'PGE': 0.02457440772126932, 'CCC': 0.014150650572702192, 'ALR': 0.012885118673565739, 'TPE': 0.007674873746312041, 'JSW': 0.004590548153924401}"
336,2020-04-15,80254.19880051939,2.9103830456733704e-11,"{'PKO': 0.16074868954280752, 'PZU': 0.12283827656772936, 'CDR': 0.12143225102402441, 'PKN': 0.11541389536599683, 'PEO': 0.09689596173345197, 'KGH': 0.06752952272457473, 'LPP': 0.0583364463385069, 'SPL': 0.05372411622418429, 'DNP': 0.04355629711029622, 'CPS': 0.04286036347557316, 'MBK': 0.026534784157108922, 'OPL': 0.026253796867971912, 'PGE': 0.02457440772126932, 'CCC': 0.014150650572702192, 'ALR': 0.012885118673565739, 'TPE': 0.007674873746312041, 'JSW': 0.004590548153924401}"
337,2020-04-16,79594.44709414219,2.9103830456733704e-11,"{'PKO': 0.16074868954280752, 'PZU': 0.12283827656772936, 'CDR': 0.12143225102402441, 'PKN': 0.11541389536599683, 'PEO': 0.09689596173345197, 'KGH': 0.06752952272457473, 'LPP': 0.0583364463385069, 'SPL': 0.05372411622418429, 'DNP': 0.04355629711029622, 'CPS': 0.04286036347557316, 'MBK': 0.026534784157108922, 'OPL': 0.026253796867971912, 'PGE': 0.02457440772126932, 'CCC': 0.014150650572702192, 'ALR': 0.012885118673565739, 'TPE': 0.007674873746312041, 'JSW': 0.004590548153924401}"
338,2020-04-17,80954.33948684478,2.9103830456733704e-11,"{'PKO': 0.16074868954280752, 'PZU': 0.12283827656772936, 'CDR': 0.12143225102402441, 'PKN': 0.11541389536599683, 'PEO': 0.09689596173345197, 'KGH': 0.06752952272457473, 'LPP': 0.0583364463385069, 'SPL': 0.05372411622418429, 'DNP': 0.04355629711029622, 'CPS': 0.04286036347557316, 'MBK': 0.026534784157108922, 'OPL': 0.026253796867971912, 'PGE': 0.02457440772126932, 'CCC': 0.014150650572702192, 'ALR': 0.012885118673565739, 'TPE': 0.007674873746312041, 'JSW': 0.004590548153924401}"
339,2020-04-20,81630.76791758946,2.9103830456733704e-11,"{'PKO': 0.16074868954280752, 'PZU': 0.12283827656772936, 'CDR': 0.12143225102402441, 'PKN': 0.11541389536599683, 'PEO': 0.09689596173345197, 'KGH': 0.06752952272457473, 'LPP': 0.0583364463385069, 'SPL': 0.05372411622418429, 'DNP': 0.04355629711029622, 'CPS': 0.04286036347557316, 'MBK': 0.026534784157108922, 'OPL': 0.026253796867971912, 'PGE': 0.02457440772126932, 'CCC': 0.014150650572702192, 'ALR': 0.012885118673565739, 'TPE': 0.007674873746312041, 'JSW': 0.004590548153924401}"
340,2020-04-21,78237.74628335302,2.9103830456733704e-11,"{'PKO': 0.16074868954280752, 'PZU': 0.12283827656772936, 'CDR': 0.12143225102402441, 'PKN': 0.11541389536599683, 'PEO': 0.09689596173345197, 'KGH': 0.06752952272457473, 'LPP': 0.0583364463385069, 'SPL': 0.05372411622418429, 'DNP': 0.04355629711029622, 'CPS': 0.04286036347557316, 'MBK': 0.026534784157108922, 'OPL': 0.026253796867971912, 'PGE': 0.02457440772126932, 'CCC': 0.014150650572702192, 'ALR': 0.012885118673565739, 'TPE': 0.007674873746312041, 'JSW': 0.004590548153924401}"
341,2020-04-22,79768.18847896298,2.9103830456733704e-11,"{'PKO': 0.16074868954280752, 'PZU': 0.12283827656772936, 'CDR': 0.12143225102402441, 'PKN': 0.11541389536599683, 'PEO': 0.09689596173345197, 'KGH': 0.06752952272457473, 'LPP': 0.0583364463385069, 'SPL': 0.05372411622418429, 'DNP': 0.04355629711029622, 'CPS': 0.04286036347557316, 'MBK': 0.026534784157108922, 'OPL': 0.026253796867971912, 'PGE': 0.02457440772126932, 'CCC': 0.014150650572702192, 'ALR': 0.012885118673565739, 'TPE': 0.007674873746312041, 'JSW': 0.004590548153924401}"
342,2020-04-23,80719.62949989107,2.9103830456733704e-11,"{'PKO': 0.16074868954280752, 'PZU': 0.12283827656772936, 'CDR': 0.12143225102402441, 'PKN': 0.11541389536599683, 'PEO': 0.09689596173345197, 'KGH': 0.06752952272457473, 'LPP': 0.0583364463385069, 'SPL': 0.05372411622418429, 'DNP': 0.04355629711029622, 'CPS': 0.04286036347557316, 'MBK': 0.026534784157108922, 'OPL': 0.026253796867971912, 'PGE': 0.02457440772126932, 'CCC': 0.014150650572702192, 'ALR': 0.012885118673565739, 'TPE': 0.007674873746312041, 'JSW': 0.004590548153924401}"
343,2020-04-24,79598.73358774601,2.9103830456733704e-11,"{'PKO': 0.16074868954280752, 'PZU': 0.12283827656772936, 'CDR': 0.12143225102402441, 'PKN': 0.11541389536599683, 'PEO': 0.09689596173345197, 'KGH': 0.06752952272457473, 'LPP': 0.0583364463385069, 'SPL': 0.05372411622418429, 'DNP': 0.04355629711029622, 'CPS': 0.04286036347557316, 'MBK': 0.026534784157108922, 'OPL': 0.026253796867971912, 'PGE': 0.02457440772126932, 'CCC': 0.014150650572702192, 'ALR': 0.012885118673565739, 'TPE': 0.007674873746312041, 'JSW': 0.004590548153924401}"
344,2020-04-27,78826.1254347083,2.9103830456733704e-11,"{'PKO': 0.16074868954280752, 'PZU': 0.12283827656772936, 'CDR': 0.12143225102402441, 'PKN': 0.11541389536599683, 'PEO': 0.09689596173345197, 'KGH': 0.06752952272457473, 'LPP': 0.0583364463385069, 'SPL': 0.05372411622418429, 'DNP': 0.04355629711029622, 'CPS': 0.04286036347557316, 'MBK': 0.026534784157108922, 'OPL': 0.026253796867971912, 'PGE': 0.02457440772126932, 'CCC': 0.014150650572702192, 'ALR': 0.012885118673565739, 'TPE': 0.007674873746312041, 'JSW': 0.004590548153924401}"
345,2020-04-28,79095.61018360355,2.9103830456733704e-11,"{'PKO': 0.16074868954280752, 'PZU': 0.12283827656772936, 'CDR': 0.12143225102402441, 'PKN': 0.11541389536599683, 'PEO': 0.09689596173345197, 'KGH': 0.06752952272457473, 'LPP': 0.0583364463385069, 'SPL': 0.05372411622418429, 'DNP': 0.04355629711029622, 'CPS': 0.04286036347557316, 'MBK': 0.026534784157108922, 'OPL': 0.026253796867971912, 'PGE': 0.02457440772126932, 'CCC': 0.014150650572702192, 'ALR': 0.012885118673565739, 'TPE': 0.007674873746312041, 'JSW': 0.004590548153924401}"
346,2020-04-29,82522.99619547582,2.9103830456733704e-11,"{'PKO': 0.16074868954280752, 'PZU': 0.12283827656772936, 'CDR': 0.12143225102402441, 'PKN': 0.11541389536599683, 'PEO': 0.09689596173345197, 'KGH': 0.06752952272457473, 'LPP': 0.0583364463385069, 'SPL': 0.05372411622418429, 'DNP': 0.04355629711029622, 'CPS': 0.04286036347557316, 'MBK': 0.026534784157108922, 'OPL': 0.026253796867971912, 'PGE': 0.02457440772126932, 'CCC': 0.014150650572702192, 'ALR': 0.012885118673565739, 'TPE': 0.007674873746312041, 'JSW': 0.004590548153924401}"
347,2020-04-30,82435.99889774344,2.9103830456733704e-11,"{'PKO': 0.16074868954280752, 'PZU': 0.12283827656772936, 'CDR': 0.12143225102402441, 'PKN': 0.11541389536599683, 'PEO': 0.09689596173345197, 'KGH': 0.06752952272457473, 'LPP': 0.0583364463385069, 'SPL': 0.05372411622418429, 'DNP': 0.04355629711029622, 'CPS': 0.04286036347557316, 'MBK': 0.026534784157108922, 'OPL': 0.026253796867971912, 'PGE': 0.02457440772126932, 'CCC': 0.014150650572702192, 'ALR': 0.012885118673565739, 'TPE': 0.007674873746312041, 'JSW': 0.004590548153924401}"
348,2020-05-01,82435.99889774344,2.9103830456733704e-11,"{'PKO': 0.16074868954280752, 'PZU': 0.12283827656772936, 'CDR': 0.12143225102402441, 'PKN': 0.11541389536599683, 'PEO': 0.09689596173345197, 'KGH': 0.06752952272457473, 'LPP': 0.0583364463385069, 'SPL': 0.05372411622418429, 'DNP': 0.04355629711029622, 'CPS': 0.04286036347557316, 'MBK': 0.026534784157108922, 'OPL': 0.026253796867971912, 'PGE': 0.02457440772126932, 'CCC': 0.014150650572702192, 'ALR': 0.012885118673565739, 'TPE': 0.007674873746312041, 'JSW': 0.004590548153924401}"
349,2020-05-04,79890.78922276924,2.9103830456733704e-11,"{'PKO': 0.16074868954280752, 'PZU': 0.12283827656772936, 'CDR': 0.12143225102402441, 'PKN': 0.11541389536599683, 'PEO': 0.09689596173345197, 'KGH': 0.06752952272457473, 'LPP': 0.0583364463385069, 'SPL': 0.05372411622418429, 'DNP': 0.04355629711029622, 'CPS': 0.04286036347557316, 'MBK': 0.026534784157108922, 'OPL': 0.026253796867971912, 'PGE': 0.02457440772126932, 'CCC': 0.014150650572702192, 'ALR': 0.012885118673565739, 'TPE': 0.007674873746312041, 'JSW': 0.004590548153924401}"
350,2020-05-05,79642.64221821465,2.9103830456733704e-11,"{'PKO': 0.16074868954280752, 'PZU': 0.12283827656772936, 'CDR': 0.12143225102402441, 'PKN': 0.11541389536599683, 'PEO': 0.09689596173345197, 'KGH': 0.06752952272457473, 'LPP': 0.0583364463385069, 'SPL': 0.05372411622418429, 'DNP': 0.04355629711029622, 'CPS': 0.04286036347557316, 'MBK': 0.026534784157108922, 'OPL': 0.026253796867971912, 'PGE': 0.02457440772126932, 'CCC': 0.014150650572702192, 'ALR': 0.012885118673565739, 'TPE': 0.007674873746312041, 'JSW': 0.004590548153924401}"
351,2020-05-06,78141.90971319003,2.9103830456733704e-11,"{'PKO': 0.16074868954280752, 'PZU': 0.12283827656772936, 'CDR': 0.12143225102402441, 'PKN': 0.11541389536599683, 'PEO': 0.09689596173345197, 'KGH': 0.06752952272457473, 'LPP': 0.0583364463385069, 'SPL': 0.05372411622418429, 'DNP': 0.04355629711029622, 'CPS': 0.04286036347557316, 'MBK': 0.026534784157108922, 'OPL': 0.026253796867971912, 'PGE': 0.02457440772126932, 'CCC': 0.014150650572702192, 'ALR': 0.012885118673565739, 'TPE': 0.007674873746312041, 'JSW': 0.004590548153924401}"
352,2020-05-07,79159.3298439813,2.9103830456733704e-11,"{'PKO': 0.16074868954280752, 'PZU': 0.12283827656772936, 'CDR': 0.12143225102402441, 'PKN': 0.11541389536599683, 'PEO': 0.09689596173345197, 'KGH': 0.06752952272457473, 'LPP': 0.0583364463385069, 'SPL': 0.05372411622418429, 'DNP': 0.04355629711029622, 'CPS': 0.04286036347557316, 'MBK': 0.026534784157108922, 'OPL': 0.026253796867971912, 'PGE': 0.02457440772126932, 'CCC': 0.014150650572702192, 'ALR': 0.012885118673565739, 'TPE': 0.007674873746312041, 'JSW': 0.004590548153924401}"
353,2020-05-08,80104.79179294342,2.9103830456733704e-11,"{'PKO': 0.16074868954280752, 'PZU': 0.12283827656772936, 'CDR': 0.12143225102402441, 'PKN': 0.11541389536599683, 'PEO': 0.09689596173345197, 'KGH': 0.06752952272457473, 'LPP': 0.0583364463385069, 'SPL': 0.05372411622418429, 'DNP': 0.04355629711029622, 'CPS': 0.04286036347557316, 'MBK': 0.026534784157108922, 'OPL': 0.026253796867971912, 'PGE': 0.02457440772126932, 'CCC': 0.014150650572702192, 'ALR': 0.012885118673565739, 'TPE': 0.007674873746312041, 'JSW': 0.004590548153924401}"
354,2020-05-11,79074.88586440145,2.9103830456733704e-11,"{'PKO': 0.16074868954280752, 'PZU': 0.12283827656772936, 'CDR': 0.12143225102402441, 'PKN': 0.11541389536599683, 'PEO': 0.09689596173345197, 'KGH': 0.06752952272457473, 'LPP': 0.0583364463385069, 'SPL': 0.05372411622418429, 'DNP': 0.04355629711029622, 'CPS': 0.04286036347557316, 'MBK': 0.026534784157108922, 'OPL': 0.026253796867971912, 'PGE': 0.02457440772126932, 'CCC': 0.014150650572702192, 'ALR': 0.012885118673565739, 'TPE': 0.007674873746312041, 'JSW': 0.004590548153924401}"
355,2020-05-12,80882.42052302197,2.9103830456733704e-11,"{'PKO': 0.16074868954280752, 'PZU': 0.12283827656772936, 'CDR': 0.12143225102402441, 'PKN': 0.11541389536599683, 'PEO': 0.09689596173345197, 'KGH': 0.06752952272457473, 'LPP': 0.0583364463385069, 'SPL': 0.05372411622418429, 'DNP': 0.04355629711029622, 'CPS': 0.04286036347557316, 'MBK': 0.026534784157108922, 'OPL': 0.026253796867971912, 'PGE': 0.02457440772126932, 'CCC': 0.014150650572702192, 'ALR': 0.012885118673565739, 'TPE': 0.007674873746312041, 'JSW': 0.004590548153924401}"
356,2020-05-13,80575.50934123585,2.9103830456733704e-11,"{'PKO': 0.16074868954280752, 'PZU': 0.12283827656772936, 'CDR': 0.12143225102402441, 'PKN': 0.11541389536599683, 'PEO': 0.09689596173345197, 'KGH': 0.06752952272457473, 'LPP': 0.0583364463385069, 'SPL': 0.05372411622418429, 'DNP': 0.04355629711029622, 'CPS': 0.04286036347557316, 'MBK': 0.026534784157108922, 'OPL': 0.026253796867971912, 'PGE': 0.02457440772126932, 'CCC': 0.014150650572702192, 'ALR': 0.012885118673565739, 'TPE': 0.007674873746312041, 'JSW': 0.004590548153924401}"
357,2020-05-14,78619.95337541196,2.9103830456733704e-11,"{'PKO': 0.16074868954280752, 'PZU': 0.12283827656772936, 'CDR': 0.12143225102402441, 'PKN': 0.11541389536599683, 'PEO': 0.09689596173345197, 'KGH': 0.06752952272457473, 'LPP': 0.0583364463385069, 'SPL': 0.05372411622418429, 'DNP': 0.04355629711029622, 'CPS': 0.04286036347557316, 'MBK': 0.026534784157108922, 'OPL': 0.026253796867971912, 'PGE': 0.02457440772126932, 'CCC': 0.014150650572702192, 'ALR': 0.012885118673565739, 'TPE': 0.007674873746312041, 'JSW': 0.004590548153924401}"
358,2020-05-15,78385.98923477602,2.9103830456733704e-11,"{'PKO': 0.16074868954280752, 'PZU': 0.12283827656772936, 'CDR': 0.12143225102402441, 'PKN': 0.11541389536599683, 'PEO': 0.09689596173345197, 'KGH': 0.06752952272457473, 'LPP': 0.0583364463385069, 'SPL': 0.05372411622418429, 'DNP': 0.04355629711029622, 'CPS': 0.04286036347557316, 'MBK': 0.026534784157108922, 'OPL': 0.026253796867971912, 'PGE': 0.02457440772126932, 'CCC': 0.014150650572702192, 'ALR': 0.012885118673565739, 'TPE': 0.007674873746312041, 'JSW': 0.004590548153924401}"
359,2020-05-18,81990.6497687673,2.9103830456733704e-11,"{'PKO': 0.16074868954280752, 'PZU': 0.12283827656772936, 'CDR': 0.12143225102402441, 'PKN': 0.11541389536599683, 'PEO': 0.09689596173345197, 'KGH': 0.06752952272457473, 'LPP': 0.0583364463385069, 'SPL': 0.05372411622418429, 'DNP': 0.04355629711029622, 'CPS': 0.04286036347557316, 'MBK': 0.026534784157108922, 'OPL': 0.026253796867971912, 'PGE': 0.02457440772126932, 'CCC': 0.014150650572702192, 'ALR': 0.012885118673565739, 'TPE': 0.007674873746312041, 'JSW': 0.004590548153924401}"
360,2020-05-19,82045.79218647932,2.9103830456733704e-11,"{'PKO': 0.16074868954280752, 'PZU': 0.12283827656772936, 'CDR': 0.12143225102402441, 'PKN': 0.11541389536599683, 'PEO': 0.09689596173345197, 'KGH': 0.06752952272457473, 'LPP': 0.0583364463385069, 'SPL': 0.05372411622418429, 'DNP': 0.04355629711029622, 'CPS': 0.04286036347557316, 'MBK': 0.026534784157108922, 'OPL': 0.026253796867971912, 'PGE': 0.02457440772126932, 'CCC': 0.014150650572702192, 'ALR': 0.012885118673565739, 'TPE': 0.007674873746312041, 'JSW': 0.004590548153924401}"
361,2020-05-20,82619.0720788043,2.9103830456733704e-11,"{'PKO': 0.16074868954280752, 'PZU': 0.12283827656772936, 'CDR': 0.12143225102402441, 'PKN': 0.11541389536599683, 'PEO': 0.09689596173345197, 'KGH': 0.06752952272457473, 'LPP': 0.0583364463385069, 'SPL': 0.05372411622418429, 'DNP': 0.04355629711029622, 'CPS': 0.04286036347557316, 'MBK': 0.026534784157108922, 'OPL': 0.026253796867971912, 'PGE': 0.02457440772126932, 'CCC': 0.014150650572702192, 'ALR': 0.012885118673565739, 'TPE': 0.007674873746312041, 'JSW': 0.004590548153924401}"
362,2020-05-21,81970.8948001894,2.9103830456733704e-11,"{'PKO': 0.16074868954280752, 'PZU': 0.12283827656772936, 'CDR': 0.12143225102402441, 'PKN': 0.11541389536599683, 'PEO': 0.09689596173345197, 'KGH': 0.06752952272457473, 'LPP': 0.0583364463385069, 'SPL': 0.05372411622418429, 'DNP': 0.04355629711029622, 'CPS': 0.04286036347557316, 'MBK': 0.026534784157108922, 'OPL': 0.026253796867971912, 'PGE': 0.02457440772126932, 'CCC': 0.014150650572702192, 'ALR': 0.012885118673565739, 'TPE': 0.007674873746312041, 'JSW': 0.004590548153924401}"
363,2020-05-22,81493.5722240138,2.9103830456733704e-11,"{'PKO': 0.16074868954280752, 'PZU': 0.12283827656772936, 'CDR': 0.12143225102402441, 'PKN': 0.11541389536599683, 'PEO': 0.09689596173345197, 'KGH': 0.06752952272457473, 'LPP': 0.0583364463385069, 'SPL': 0.05372411622418429, 'DNP': 0.04355629711029622, 'CPS': 0.04286036347557316, 'MBK': 0.026534784157108922, 'OPL': 0.026253796867971912, 'PGE': 0.02457440772126932, 'CCC': 0.014150650572702192, 'ALR': 0.012885118673565739, 'TPE': 0.007674873746312041, 'JSW': 0.004590548153924401}"
364,2020-05-25,82158.72980116666,2.9103830456733704e-11,"{'PKO': 0.16074868954280752, 'PZU': 0.12283827656772936, 'CDR': 0.12143225102402441, 'PKN': 0.11541389536599683, 'PEO': 0.09689596173345197, 'KGH': 0.06752952272457473, 'LPP': 0.0583364463385069, 'SPL': 0.05372411622418429, 'DNP': 0.04355629711029622, 'CPS': 0.04286036347557316, 'MBK': 0.026534784157108922, 'OPL': 0.026253796867971912, 'PGE': 0.02457440772126932, 'CCC': 0.014150650572702192, 'ALR': 0.012885118673565739, 'TPE': 0.007674873746312041, 'JSW': 0.004590548153924401}"
365,2020-05-26,85726.71886286698,2.9103830456733704e-11,"{'PKO': 0.16074868954280752, 'PZU': 0.12283827656772936, 'CDR': 0.12143225102402441, 'PKN': 0.11541389536599683, 'PEO': 0.09689596173345197, 'KGH': 0.06752952272457473, 'LPP': 0.0583364463385069, 'SPL': 0.05372411622418429, 'DNP': 0.04355629711029622, 'CPS': 0.04286036347557316, 'MBK': 0.026534784157108922, 'OPL': 0.026253796867971912, 'PGE': 0.02457440772126932, 'CCC': 0.014150650572702192, 'ALR': 0.012885118673565739, 'TPE': 0.007674873746312041, 'JSW': 0.004590548153924401}"
366,2020-05-27,85832.74982425914,2.9103830456733704e-11,"{'PKO': 0.16074868954280752, 'PZU': 0.12283827656772936, 'CDR': 0.12143225102402441, 'PKN': 0.11541389536599683, 'PEO': 0.09689596173345197, 'KGH': 0.06752952272457473, 'LPP': 0.0583364463385069, 'SPL': 0.05372411622418429, 'DNP': 0.04355629711029622, 'CPS': 0.04286036347557316, 'MBK': 0.026534784157108922, 'OPL': 0.026253796867971912, 'PGE': 0.02457440772126932, 'CCC': 0.014150650572702192, 'ALR': 0.012885118673565739, 'TPE': 0.007674873746312041, 'JSW': 0.004590548153924401}"
367,2020-05-28,86198.94758936508,2.9103830456733704e-11,"{'PKO': 0.16074868954280752, 'PZU': 0.12283827656772936, 'CDR': 0.12143225102402441, 'PKN': 0.11541389536599683, 'PEO': 0.09689596173345197, 'KGH': 0.06752952272457473, 'LPP': 0.0583364463385069, 'SPL': 0.05372411622418429, 'DNP': 0.04355629711029622, 'CPS': 0.04286036347557316, 'MBK': 0.026534784157108922, 'OPL': 0.026253796867971912, 'PGE': 0.02457440772126932, 'CCC': 0.014150650572702192, 'ALR': 0.012885118673565739, 'TPE': 0.007674873746312041, 'JSW': 0.004590548153924401}"
368,2020-05-29,86346.24938238764,2.9103830456733704e-11,"{'PKO': 0.16074868954280752, 'PZU': 0.12283827656772936, 'CDR': 0.12143225102402441, 'PKN': 0.11541389536599683, 'PEO': 0.09689596173345197, 'KGH': 0.06752952272457473, 'LPP': 0.0583364463385069, 'SPL': 0.05372411622418429, 'DNP': 0.04355629711029622, 'CPS': 0.04286036347557316, 'MBK': 0.026534784157108922, 'OPL': 0.026253796867971912, 'PGE': 0.02457440772126932, 'CCC': 0.014150650572702192, 'ALR': 0.012885118673565739, 'TPE': 0.007674873746312041, 'JSW': 0.004590548153924401}"
369,2020-06-01,86855.98966130347,2.9103830456733704e-11,"{'PKO': 0.16074868954280752, 'PZU': 0.12283827656772936, 'CDR': 0.12143225102402441, 'PKN': 0.11541389536599683, 'PEO': 0.09689596173345197, 'KGH': 0.06752952272457473, 'LPP': 0.0583364463385069, 'SPL': 0.05372411622418429, 'DNP': 0.04355629711029622, 'CPS': 0.04286036347557316, 'MBK': 0.026534784157108922, 'OPL': 0.026253796867971912, 'PGE': 0.02457440772126932, 'CCC': 0.014150650572702192, 'ALR': 0.012885118673565739, 'TPE': 0.007674873746312041, 'JSW': 0.004590548153924401}"
370,2020-06-02,87089.67300420292,2.9103830456733704e-11,"{'PKO': 0.16074868954280752, 'PZU': 0.12283827656772936, 'CDR': 0.12143225102402441, 'PKN': 0.11541389536599683, 'PEO': 0.09689596173345197, 'KGH': 0.06752952272457473, 'LPP': 0.0583364463385069, 'SPL': 0.05372411622418429, 'DNP': 0.04355629711029622, 'CPS': 0.04286036347557316, 'MBK': 0.026534784157108922, 'OPL': 0.026253796867971912, 'PGE': 0.02457440772126932, 'CCC': 0.014150650572702192, 'ALR': 0.012885118673565739, 'TPE': 0.007674873746312041, 'JSW': 0.004590548153924401}"
371,2020-06-03,88799.91287818053,2.9103830456733704e-11,"{'PKO': 0.16074868954280752, 'PZU': 0.12283827656772936, 'CDR': 0.12143225102402441, 'PKN': 0.11541389536599683, 'PEO': 0.09689596173345197, 'KGH': 0.06752952272457473, 'LPP': 0.0583364463385069, 'SPL': 0.05372411622418429, 'DNP': 0.04355629711029622, 'CPS': 0.04286036347557316, 'MBK': 0.026534784157108922, 'OPL': 0.026253796867971912, 'PGE': 0.02457440772126932, 'CCC': 0.014150650572702192, 'ALR': 0.012885118673565739, 'TPE': 0.007674873746312041, 'JSW': 0.004590548153924401}"
372,2020-06-04,90101.09974395015,2.9103830456733704e-11,"{'PKO': 0.16074868954280752, 'PZU': 0.12283827656772936, 'CDR': 0.12143225102402441, 'PKN': 0.11541389536599683, 'PEO': 0.09689596173345197, 'KGH': 0.06752952272457473, 'LPP': 0.0583364463385069, 'SPL': 0.05372411622418429, 'DNP': 0.04355629711029622, 'CPS': 0.04286036347557316, 'MBK': 0.026534784157108922, 'OPL': 0.026253796867971912, 'PGE': 0.02457440772126932, 'CCC': 0.014150650572702192, 'ALR': 0.012885118673565739, 'TPE': 0.007674873746312041, 'JSW': 0.004590548153924401}"
373,2020-06-05,93117.86211871031,2.9103830456733704e-11,"{'PKO': 0.16074868954280752, 'PZU': 0.12283827656772936, 'CDR': 0.12143225102402441, 'PKN': 0.11541389536599683, 'PEO': 0.09689596173345197, 'KGH': 0.06752952272457473, 'LPP': 0.0583364463385069, 'SPL': 0.05372411622418429, 'DNP': 0.04355629711029622, 'CPS': 0.04286036347557316, 'MBK': 0.026534784157108922, 'OPL': 0.026253796867971912, 'PGE': 0.02457440772126932, 'CCC': 0.014150650572702192, 'ALR': 0.012885118673565739, 'TPE': 0.007674873746312041, 'JSW': 0.004590548153924401}"
374,2020-06-08,93157.4841968129,2.9103830456733704e-11,"{'PKO': 0.16074868954280752, 'PZU': 0.12283827656772936, 'CDR': 0.12143225102402441, 'PKN': 0.11541389536599683, 'PEO': 0.09689596173345197, 'KGH': 0.06752952272457473, 'LPP': 0.0583364463385069, 'SPL': 0.05372411622418429, 'DNP': 0.04355629711029622, 'CPS': 0.04286036347557316, 'MBK': 0.026534784157108922, 'OPL': 0.026253796867971912, 'PGE': 0.02457440772126932, 'CCC': 0.014150650572702192, 'ALR': 0.012885118673565739, 'TPE': 0.007674873746312041, 'JSW': 0.004590548153924401}"
375,2020-06-09,92645.99370037508,2.9103830456733704e-11,"{'PKO': 0.16074868954280752, 'PZU': 0.12283827656772936, 'CDR': 0.12143225102402441, 'PKN': 0.11541389536599683, 'PEO': 0.09689596173345197, 'KGH': 0.06752952272457473, 'LPP': 0.0583364463385069, 'SPL': 0.05372411622418429, 'DNP': 0.04355629711029622, 'CPS': 0.04286036347557316, 'MBK': 0.026534784157108922, 'OPL': 0.026253796867971912, 'PGE': 0.02457440772126932, 'CCC': 0.014150650572702192, 'ALR': 0.012885118673565739, 'TPE': 0.007674873746312041, 'JSW': 0.004590548153924401}"
376,2020-06-10,92866.53237080284,2.9103830456733704e-11,"{'PKO': 0.16074868954280752, 'PZU': 0.12283827656772936, 'CDR': 0.12143225102402441, 'PKN': 0.11541389536599683, 'PEO': 0.09689596173345197, 'KGH': 0.06752952272457473, 'LPP': 0.0583364463385069, 'SPL': 0.05372411622418429, 'DNP': 0.04355629711029622, 'CPS': 0.04286036347557316, 'MBK': 0.026534784157108922, 'OPL': 0.026253796867971912, 'PGE': 0.02457440772126932, 'CCC': 0.014150650572702192, 'ALR': 0.012885118673565739, 'TPE': 0.007674873746312041, 'JSW': 0.004590548153924401}"
377,2020-06-11,92866.53237080284,2.9103830456733704e-11,"{'PKO': 0.16074868954280752, 'PZU': 0.12283827656772936, 'CDR': 0.12143225102402441, 'PKN': 0.11541389536599683, 'PEO': 0.09689596173345197, 'KGH': 0.06752952272457473, 'LPP': 0.0583364463385069, 'SPL': 0.05372411622418429, 'DNP': 0.04355629711029622, 'CPS': 0.04286036347557316, 'MBK': 0.026534784157108922, 'OPL': 0.026253796867971912, 'PGE': 0.02457440772126932, 'CCC': 0.014150650572702192, 'ALR': 0.012885118673565739, 'TPE': 0.007674873746312041, 'JSW': 0.004590548153924401}"
378,2020-06-12,90153.44752146903,2.9103830456733704e-11,"{'PKO': 0.16074868954280752, 'PZU': 0.12283827656772936, 'CDR': 0.12143225102402441, 'PKN': 0.11541389536599683, 'PEO': 0.09689596173345197, 'KGH': 0.06752952272457473, 'LPP': 0.0583364463385069, 'SPL': 0.05372411622418429, 'DNP': 0.04355629711029622, 'CPS': 0.04286036347557316, 'MBK': 0.026534784157108922, 'OPL': 0.026253796867971912, 'PGE': 0.02457440772126932, 'CCC': 0.014150650572702192, 'ALR': 0.012885118673565739, 'TPE': 0.007674873746312041, 'JSW': 0.004590548153924401}"
379,2020-06-15,87170.9871533177,2.9103830456733704e-11,"{'PKO': 0.16074868954280752, 'PZU': 0.12283827656772936, 'CDR': 0.12143225102402441, 'PKN': 0.11541389536599683, 'PEO': 0.09689596173345197, 'KGH': 0.06752952272457473, 'LPP': 0.0583364463385069, 'SPL': 0.05372411622418429, 'DNP': 0.04355629711029622, 'CPS': 0.04286036347557316, 'MBK': 0.026534784157108922, 'OPL': 0.026253796867971912, 'PGE': 0.02457440772126932, 'CCC': 0.014150650572702192, 'ALR': 0.012885118673565739, 'TPE': 0.007674873746312041, 'JSW': 0.004590548153924401}"
380,2020-06-16,90392.88591397543,2.9103830456733704e-11,"{'PKO': 0.16074868954280752, 'PZU': 0.12283827656772936, 'CDR': 0.12143225102402441, 'PKN': 0.11541389536599683, 'PEO': 0.09689596173345197, 'KGH': 0.06752952272457473, 'LPP': 0.0583364463385069, 'SPL': 0.05372411622418429, 'DNP': 0.04355629711029622, 'CPS': 0.04286036347557316, 'MBK': 0.026534784157108922, 'OPL': 0.026253796867971912, 'PGE': 0.02457440772126932, 'CCC': 0.014150650572702192, 'ALR': 0.012885118673565739, 'TPE': 0.007674873746312041, 'JSW': 0.004590548153924401}"
381,2020-06-17,89770.60273876008,2.9103830456733704e-11,"{'PKO': 0.16074868954280752, 'PZU': 0.12283827656772936, 'CDR': 0.12143225102402441, 'PKN': 0.11541389536599683, 'PEO': 0.09689596173345197, 'KGH': 0.06752952272457473, 'LPP': 0.0583364463385069, 'SPL': 0.05372411622418429, 'DNP': 0.04355629711029622, 'CPS': 0.04286036347557316, 'MBK': 0.026534784157108922, 'OPL': 0.026253796867971912, 'PGE': 0.02457440772126932, 'CCC': 0.014150650572702192, 'ALR': 0.012885118673565739, 'TPE': 0.007674873746312041, 'JSW': 0.004590548153924401}"
382,2020-06-18,90229.85317634269,2.9103830456733704e-11,"{'PKO': 0.16074868954280752, 'PZU': 0.12283827656772936, 'CDR': 0.12143225102402441, 'PKN': 0.11541389536599683, 'PEO': 0.09689596173345197, 'KGH': 0.06752952272457473, 'LPP': 0.0583364463385069, 'SPL': 0.05372411622418429, 'DNP': 0.04355629711029622, 'CPS': 0.04286036347557316, 'MBK': 0.026534784157108922, 'OPL': 0.026253796867971912, 'PGE': 0.02457440772126932, 'CCC': 0.014150650572702192, 'ALR': 0.012885118673565739, 'TPE': 0.007674873746312041, 'JSW': 0.004590548153924401}"
383,2020-06-19,90865.28407412925,2.9103830456733704e-11,"{'CDR': 0.16699416514607174, 'PKO': 0.13129812975174315, 'PKN': 0.13077264777232378, 'PZU': 0.11921983739004678, 'KGH': 0.07891692820157131, 'PEO': 0.06468104245827594, 'DNP': 0.06079225314871695, 'LPP': 0.058802769468161015, 'CPS': 0.049103619034471385, 'SPL': 0.035840765600524585, 'OPL': 0.03003819764134296, 'PGE': 0.02417217105329077, 'MBK': 0.017301939496093953, 'CCC': 0.009787101866685665, 'TPE': 0.008672679278976378, 'ALR': 0.008642619928458745, 'JSW': 0.004963132763244761}"
384,2020-06-22,90343.65262748777,2.9103830456733704e-11,"{'CDR': 0.16699416514607174, 'PKO': 0.13129812975174315, 'PKN': 0.13077264777232378, 'PZU': 0.11921983739004678, 'KGH': 0.07891692820157131, 'PEO': 0.06468104245827594, 'DNP': 0.06079225314871695, 'LPP': 0.058802769468161015, 'CPS': 0.049103619034471385, 'SPL': 0.035840765600524585, 'OPL': 0.03003819764134296, 'PGE': 0.02417217105329077, 'MBK': 0.017301939496093953, 'CCC': 0.009787101866685665, 'TPE': 0.008672679278976378, 'ALR': 0.008642619928458745, 'JSW': 0.004963132763244761}"
385,2020-06-23,92072.09238534096,2.9103830456733704e-11,"{'CDR': 0.16699416514607174, 'PKO': 0.13129812975174315, 'PKN': 0.13077264777232378, 'PZU': 0.11921983739004678, 'KGH': 0.07891692820157131, 'PEO': 0.06468104245827594, 'DNP': 0.06079225314871695, 'LPP': 0.058802769468161015, 'CPS': 0.049103619034471385, 'SPL': 0.035840765600524585, 'OPL': 0.03003819764134296, 'PGE': 0.02417217105329077, 'MBK': 0.017301939496093953, 'CCC': 0.009787101866685665, 'TPE': 0.008672679278976378, 'ALR': 0.008642619928458745, 'JSW': 0.004963132763244761}"
386,2020-06-24,89961.06320118725,2.9103830456733704e-11,"{'CDR': 0.16699416514607174, 'PKO': 0.13129812975174315, 'PKN': 0.13077264777232378, 'PZU': 0.11921983739004678, 'KGH': 0.07891692820157131, 'PEO': 0.06468104245827594, 'DNP': 0.06079225314871695, 'LPP': 0.058802769468161015, 'CPS': 0.049103619034471385, 'SPL': 0.035840765600524585, 'OPL': 0.03003819764134296, 'PGE': 0.02417217105329077, 'MBK': 0.017301939496093953, 'CCC': 0.009787101866685665, 'TPE': 0.008672679278976378, 'ALR': 0.008642619928458745, 'JSW': 0.004963132763244761}"
387,2020-06-25,90435.56832686199,2.9103830456733704e-11,"{'CDR': 0.16699416514607174, 'PKO': 0.13129812975174315, 'PKN': 0.13077264777232378, 'PZU': 0.11921983739004678, 'KGH': 0.07891692820157131, 'PEO': 0.06468104245827594, 'DNP': 0.06079225314871695, 'LPP': 0.058802769468161015, 'CPS': 0.049103619034471385, 'SPL': 0.035840765600524585, 'OPL': 0.03003819764134296, 'PGE': 0.02417217105329077, 'MBK': 0.017301939496093953, 'CCC': 0.009787101866685665, 'TPE': 0.008672679278976378, 'ALR': 0.008642619928458745, 'JSW': 0.004963132763244761}"
388,2020-06-26,88590.84416863602,2.9103830456733704e-11,"{'CDR': 0.16699416514607174, 'PKO': 0.13129812975174315, 'PKN': 0.13077264777232378, 'PZU': 0.11921983739004678, 'KGH': 0.07891692820157131, 'PEO': 0.06468104245827594, 'DNP': 0.06079225314871695, 'LPP': 0.058802769468161015, 'CPS': 0.049103619034471385, 'SPL': 0.035840765600524585, 'OPL': 0.03003819764134296, 'PGE': 0.02417217105329077, 'MBK': 0.017301939496093953, 'CCC': 0.009787101866685665, 'TPE': 0.008672679278976378, 'ALR': 0.008642619928458745, 'JSW': 0.004963132763244761}"
389,2020-06-29,89040.6119328498,2.9103830456733704e-11,"{'CDR': 0.16699416514607174, 'PKO': 0.13129812975174315, 'PKN': 0.13077264777232378, 'PZU': 0.11921983739004678, 'KGH': 0.07891692820157131, 'PEO': 0.06468104245827594, 'DNP': 0.06079225314871695, 'LPP': 0.058802769468161015, 'CPS': 0.049103619034471385, 'SPL': 0.035840765600524585, 'OPL': 0.03003819764134296, 'PGE': 0.02417217105329077, 'MBK': 0.017301939496093953, 'CCC': 0.009787101866685665, 'TPE': 0.008672679278976378, 'ALR': 0.008642619928458745, 'JSW': 0.004963132763244761}"
390,2020-06-30,88361.23051397725,2.9103830456733704e-11,"{'CDR': 0.16699416514607174, 'PKO': 0.13129812975174315, 'PKN': 0.13077264777232378, 'PZU': 0.11921983739004678, 'KGH': 0.07891692820157131, 'PEO': 0.06468104245827594, 'DNP': 0.06079225314871695, 'LPP': 0.058802769468161015, 'CPS': 0.049103619034471385, 'SPL': 0.035840765600524585, 'OPL': 0.03003819764134296, 'PGE': 0.02417217105329077, 'MBK': 0.017301939496093953, 'CCC': 0.009787101866685665, 'TPE': 0.008672679278976378, 'ALR': 0.008642619928458745, 'JSW': 0.004963132763244761}"
391,2020-07-01,89025.99970069648,2.9103830456733704e-11,"{'CDR': 0.16699416514607174, 'PKO': 0.13129812975174315, 'PKN': 0.13077264777232378, 'PZU': 0.11921983739004678, 'KGH': 0.07891692820157131, 'PEO': 0.06468104245827594, 'DNP': 0.06079225314871695, 'LPP': 0.058802769468161015, 'CPS': 0.049103619034471385, 'SPL': 0.035840765600524585, 'OPL': 0.03003819764134296, 'PGE': 0.02417217105329077, 'MBK': 0.017301939496093953, 'CCC': 0.009787101866685665, 'TPE': 0.008672679278976378, 'ALR': 0.008642619928458745, 'JSW': 0.004963132763244761}"
392,2020-07-02,90525.88399465005,2.9103830456733704e-11,"{'CDR': 0.16699416514607174, 'PKO': 0.13129812975174315, 'PKN': 0.13077264777232378, 'PZU': 0.11921983739004678, 'KGH': 0.07891692820157131, 'PEO': 0.06468104245827594, 'DNP': 0.06079225314871695, 'LPP': 0.058802769468161015, 'CPS': 0.049103619034471385, 'SPL': 0.035840765600524585, 'OPL': 0.03003819764134296, 'PGE': 0.02417217105329077, 'MBK': 0.017301939496093953, 'CCC': 0.009787101866685665, 'TPE': 0.008672679278976378, 'ALR': 0.008642619928458745, 'JSW': 0.004963132763244761}"
393,2020-07-03,90433.89310013011,2.9103830456733704e-11,"{'CDR': 0.16699416514607174, 'PKO': 0.13129812975174315, 'PKN': 0.13077264777232378, 'PZU': 0.11921983739004678, 'KGH': 0.07891692820157131, 'PEO': 0.06468104245827594, 'DNP': 0.06079225314871695, 'LPP': 0.058802769468161015, 'CPS': 0.049103619034471385, 'SPL': 0.035840765600524585, 'OPL': 0.03003819764134296, 'PGE': 0.02417217105329077, 'MBK': 0.017301939496093953, 'CCC': 0.009787101866685665, 'TPE': 0.008672679278976378, 'ALR': 0.008642619928458745, 'JSW': 0.004963132763244761}"
394,2020-07-06,91304.6334236244,2.9103830456733704e-11,"{'CDR': 0.16699416514607174, 'PKO': 0.13129812975174315, 'PKN': 0.13077264777232378, 'PZU': 0.11921983739004678, 'KGH': 0.07891692820157131, 'PEO': 0.06468104245827594, 'DNP': 0.06079225314871695, 'LPP': 0.058802769468161015, 'CPS': 0.049103619034471385, 'SPL': 0.035840765600524585, 'OPL': 0.03003819764134296, 'PGE': 0.02417217105329077, 'MBK': 0.017301939496093953, 'CCC': 0.009787101866685665, 'TPE': 0.008672679278976378, 'ALR': 0.008642619928458745, 'JSW': 0.004963132763244761}"
395,2020-07-07,90468.48857075865,2.9103830456733704e-11,"{'CDR': 0.16699416514607174, 'PKO': 0.13129812975174315, 'PKN': 0.13077264777232378, 'PZU': 0.11921983739004678, 'KGH': 0.07891692820157131, 'PEO': 0.06468104245827594, 'DNP': 0.06079225314871695, 'LPP': 0.058802769468161015, 'CPS': 0.049103619034471385, 'SPL': 0.035840765600524585, 'OPL': 0.03003819764134296, 'PGE': 0.02417217105329077, 'MBK': 0.017301939496093953, 'CCC': 0.009787101866685665, 'TPE': 0.008672679278976378, 'ALR': 0.008642619928458745, 'JSW': 0.004963132763244761}"
396,2020-07-08,89757.39329071576,2.9103830456733704e-11,"{'CDR': 0.16699416514607174, 'PKO': 0.13129812975174315, 'PKN': 0.13077264777232378, 'PZU': 0.11921983739004678, 'KGH': 0.07891692820157131, 'PEO': 0.06468104245827594, 'DNP': 0.06079225314871695, 'LPP': 0.058802769468161015, 'CPS': 0.049103619034471385, 'SPL': 0.035840765600524585, 'OPL': 0.03003819764134296, 'PGE': 0.02417217105329077, 'MBK': 0.017301939496093953, 'CCC': 0.009787101866685665, 'TPE': 0.008672679278976378, 'ALR': 0.008642619928458745, 'JSW': 0.004963132763244761}"
397,2020-07-09,89719.33090053809,2.9103830456733704e-11,"{'CDR': 0.16699416514607174, 'PKO': 0.13129812975174315, 'PKN': 0.13077264777232378, 'PZU': 0.11921983739004678, 'KGH': 0.07891692820157131, 'PEO': 0.06468104245827594, 'DNP': 0.06079225314871695, 'LPP': 0.058802769468161015, 'CPS': 0.049103619034471385, 'SPL': 0.035840765600524585, 'OPL': 0.03003819764134296, 'PGE': 0.02417217105329077, 'MBK': 0.017301939496093953, 'CCC': 0.009787101866685665, 'TPE': 0.008672679278976378, 'ALR': 0.008642619928458745, 'JSW': 0.004963132763244761}"
398,2020-07-10,89964.0533728762,2.9103830456733704e-11,"{'CDR': 0.16699416514607174, 'PKO': 0.13129812975174315, 'PKN': 0.13077264777232378, 'PZU': 0.11921983739004678, 'KGH': 0.07891692820157131, 'PEO': 0.06468104245827594, 'DNP': 0.06079225314871695, 'LPP': 0.058802769468161015, 'CPS': 0.049103619034471385, 'SPL': 0.035840765600524585, 'OPL': 0.03003819764134296, 'PGE': 0.02417217105329077, 'MBK': 0.017301939496093953, 'CCC': 0.009787101866685665, 'TPE': 0.008672679278976378, 'ALR': 0.008642619928458745, 'JSW': 0.004963132763244761}"
399,2020-07-13,90320.8561214196,2.9103830456733704e-11,"{'CDR': 0.16699416514607174, 'PKO': 0.13129812975174315, 'PKN': 0.13077264777232378, 'PZU': 0.11921983739004678, 'KGH': 0.07891692820157131, 'PEO': 0.06468104245827594, 'DNP': 0.06079225314871695, 'LPP': 0.058802769468161015, 'CPS': 0.049103619034471385, 'SPL': 0.035840765600524585, 'OPL': 0.03003819764134296, 'PGE': 0.02417217105329077, 'MBK': 0.017301939496093953, 'CCC': 0.009787101866685665, 'TPE': 0.008672679278976378, 'ALR': 0.008642619928458745, 'JSW': 0.004963132763244761}"
400,2020-07-14,88233.79565370464,2.9103830456733704e-11,"{'CDR': 0.16699416514607174, 'PKO': 0.13129812975174315, 'PKN': 0.13077264777232378, 'PZU': 0.11921983739004678, 'KGH': 0.07891692820157131, 'PEO': 0.06468104245827594, 'DNP': 0.06079225314871695, 'LPP': 0.058802769468161015, 'CPS': 0.049103619034471385, 'SPL': 0.035840765600524585, 'OPL': 0.03003819764134296, 'PGE': 0.02417217105329077, 'MBK': 0.017301939496093953, 'CCC': 0.009787101866685665, 'TPE': 0.008672679278976378, 'ALR': 0.008642619928458745, 'JSW': 0.004963132763244761}"
401,2020-07-15,89486.05024326991,2.9103830456733704e-11,"{'CDR': 0.16699416514607174, 'PKO': 0.13129812975174315, 'PKN': 0.13077264777232378, 'PZU': 0.11921983739004678, 'KGH': 0.07891692820157131, 'PEO': 0.06468104245827594, 'DNP': 0.06079225314871695, 'LPP': 0.058802769468161015, 'CPS': 0.049103619034471385, 'SPL': 0.035840765600524585, 'OPL': 0.03003819764134296, 'PGE': 0.02417217105329077, 'MBK': 0.017301939496093953, 'CCC': 0.009787101866685665, 'TPE': 0.008672679278976378, 'ALR': 0.008642619928458745, 'JSW': 0.004963132763244761}"
402,2020-07-16,89955.75468045827,2.9103830456733704e-11,"{'CDR': 0.16699416514607174, 'PKO': 0.13129812975174315, 'PKN': 0.13077264777232378, 'PZU': 0.11921983739004678, 'KGH': 0.07891692820157131, 'PEO': 0.06468104245827594, 'DNP': 0.06079225314871695, 'LPP': 0.058802769468161015, 'CPS': 0.049103619034471385, 'SPL': 0.035840765600524585, 'OPL': 0.03003819764134296, 'PGE': 0.02417217105329077, 'MBK': 0.017301939496093953, 'CCC': 0.009787101866685665, 'TPE': 0.008672679278976378, 'ALR': 0.008642619928458745, 'JSW': 0.004963132763244761}"
403,2020-07-17,89788.15211183636,2.9103830456733704e-11,"{'CDR': 0.16699416514607174, 'PKO': 0.13129812975174315, 'PKN': 0.13077264777232378, 'PZU': 0.11921983739004678, 'KGH': 0.07891692820157131, 'PEO': 0.06468104245827594, 'DNP': 0.06079225314871695, 'LPP': 0.058802769468161015, 'CPS': 0.049103619034471385, 'SPL': 0.035840765600524585, 'OPL': 0.03003819764134296, 'PGE': 0.02417217105329077, 'MBK': 0.017301939496093953, 'CCC': 0.009787101866685665, 'TPE': 0.008672679278976378, 'ALR': 0.008642619928458745, 'JSW': 0.004963132763244761}"
404,2020-07-20,91932.8491878323,2.9103830456733704e-11,"{'CDR': 0.16699416514607174, 'PKO': 0.13129812975174315, 'PKN': 0.13077264777232378, 'PZU': 0.11921983739004678, 'KGH': 0.07891692820157131, 'PEO': 0.06468104245827594, 'DNP': 0.06079225314871695, 'LPP': 0.058802769468161015, 'CPS': 0.049103619034471385, 'SPL': 0.035840765600524585, 'OPL': 0.03003819764134296, 'PGE': 0.02417217105329077, 'MBK': 0.017301939496093953, 'CCC': 0.009787101866685665, 'TPE': 0.008672679278976378, 'ALR': 0.008642619928458745, 'JSW': 0.004963132763244761}"
405,2020-07-21,92284.60655505423,2.9103830456733704e-11,"{'CDR': 0.16699416514607174, 'PKO': 0.13129812975174315, 'PKN': 0.13077264777232378, 'PZU': 0.11921983739004678, 'KGH': 0.07891692820157131, 'PEO': 0.06468104245827594, 'DNP': 0.06079225314871695, 'LPP': 0.058802769468161015, 'CPS': 0.049103619034471385, 'SPL': 0.035840765600524585, 'OPL': 0.03003819764134296, 'PGE': 0.02417217105329077, 'MBK': 0.017301939496093953, 'CCC': 0.009787101866685665, 'TPE': 0.008672679278976378, 'ALR': 0.008642619928458745, 'JSW': 0.004963132763244761}"
406,2020-07-22,91458.01206487457,2.9103830456733704e-11,"{'CDR': 0.16699416514607174, 'PKO': 0.13129812975174315, 'PKN': 0.13077264777232378, 'PZU': 0.11921983739004678, 'KGH': 0.07891692820157131, 'PEO': 0.06468104245827594, 'DNP': 0.06079225314871695, 'LPP': 0.058802769468161015, 'CPS': 0.049103619034471385, 'SPL': 0.035840765600524585, 'OPL': 0.03003819764134296, 'PGE': 0.02417217105329077, 'MBK': 0.017301939496093953, 'CCC': 0.009787101866685665, 'TPE': 0.008672679278976378, 'ALR': 0.008642619928458745, 'JSW': 0.004963132763244761}"
407,2020-07-23,90991.24092100654,2.9103830456733704e-11,"{'CDR': 0.16699416514607174, 'PKO': 0.13129812975174315, 'PKN': 0.13077264777232378, 'PZU': 0.11921983739004678, 'KGH': 0.07891692820157131, 'PEO': 0.06468104245827594, 'DNP': 0.06079225314871695, 'LPP': 0.058802769468161015, 'CPS': 0.049103619034471385, 'SPL': 0.035840765600524585, 'OPL': 0.03003819764134296, 'PGE': 0.02417217105329077, 'MBK': 0.017301939496093953, 'CCC': 0.009787101866685665, 'TPE': 0.008672679278976378, 'ALR': 0.008642619928458745, 'JSW': 0.004963132763244761}"
408,2020-07-24,90554.14918422839,2.9103830456733704e-11,"{'CDR': 0.16699416514607174, 'PKO': 0.13129812975174315, 'PKN': 0.13077264777232378, 'PZU': 0.11921983739004678, 'KGH': 0.07891692820157131, 'PEO': 0.06468104245827594, 'DNP': 0.06079225314871695, 'LPP': 0.058802769468161015, 'CPS': 0.049103619034471385, 'SPL': 0.035840765600524585, 'OPL': 0.03003819764134296, 'PGE': 0.02417217105329077, 'MBK': 0.017301939496093953, 'CCC': 0.009787101866685665, 'TPE': 0.008672679278976378, 'ALR': 0.008642619928458745, 'JSW': 0.004963132763244761}"
409,2020-07-27,91579.72325872788,2.9103830456733704e-11,"{'CDR': 0.16699416514607174, 'PKO': 0.13129812975174315, 'PKN': 0.13077264777232378, 'PZU': 0.11921983739004678, 'KGH': 0.07891692820157131, 'PEO': 0.06468104245827594, 'DNP': 0.06079225314871695, 'LPP': 0.058802769468161015, 'CPS': 0.049103619034471385, 'SPL': 0.035840765600524585, 'OPL': 0.03003819764134296, 'PGE': 0.02417217105329077, 'MBK': 0.017301939496093953, 'CCC': 0.009787101866685665, 'TPE': 0.008672679278976378, 'ALR': 0.008642619928458745, 'JSW': 0.004963132763244761}"
410,2020-07-28,91255.39242890784,2.9103830456733704e-11,"{'CDR': 0.16699416514607174, 'PKO': 0.13129812975174315, 'PKN': 0.13077264777232378, 'PZU': 0.11921983739004678, 'KGH': 0.07891692820157131, 'PEO': 0.06468104245827594, 'DNP': 0.06079225314871695, 'LPP': 0.058802769468161015, 'CPS': 0.049103619034471385, 'SPL': 0.035840765600524585, 'OPL': 0.03003819764134296, 'PGE': 0.02417217105329077, 'MBK': 0.017301939496093953, 'CCC': 0.009787101866685665, 'TPE': 0.008672679278976378, 'ALR': 0.008642619928458745, 'JSW': 0.004963132763244761}"
411,2020-07-29,91540.67423018663,2.9103830456733704e-11,"{'CDR': 0.16699416514607174, 'PKO': 0.13129812975174315, 'PKN': 0.13077264777232378, 'PZU': 0.11921983739004678, 'KGH': 0.07891692820157131, 'PEO': 0.06468104245827594, 'DNP': 0.06079225314871695, 'LPP': 0.058802769468161015, 'CPS': 0.049103619034471385, 'SPL': 0.035840765600524585, 'OPL': 0.03003819764134296, 'PGE': 0.02417217105329077, 'MBK': 0.017301939496093953, 'CCC': 0.009787101866685665, 'TPE': 0.008672679278976378, 'ALR': 0.008642619928458745, 'JSW': 0.004963132763244761}"
412,2020-07-30,88573.58102543221,2.9103830456733704e-11,"{'CDR': 0.16699416514607174, 'PKO': 0.13129812975174315, 'PKN': 0.13077264777232378, 'PZU': 0.11921983739004678, 'KGH': 0.07891692820157131, 'PEO': 0.06468104245827594, 'DNP': 0.06079225314871695, 'LPP': 0.058802769468161015, 'CPS': 0.049103619034471385, 'SPL': 0.035840765600524585, 'OPL': 0.03003819764134296, 'PGE': 0.02417217105329077, 'MBK': 0.017301939496093953, 'CCC': 0.009787101866685665, 'TPE': 0.008672679278976378, 'ALR': 0.008642619928458745, 'JSW': 0.004963132763244761}"
413,2020-07-31,88916.56372709315,2.9103830456733704e-11,"{'CDR': 0.16699416514607174, 'PKO': 0.13129812975174315, 'PKN': 0.13077264777232378, 'PZU': 0.11921983739004678, 'KGH': 0.07891692820157131, 'PEO': 0.06468104245827594, 'DNP': 0.06079225314871695, 'LPP': 0.058802769468161015, 'CPS': 0.049103619034471385, 'SPL': 0.035840765600524585, 'OPL': 0.03003819764134296, 'PGE': 0.02417217105329077, 'MBK': 0.017301939496093953, 'CCC': 0.009787101866685665, 'TPE': 0.008672679278976378, 'ALR': 0.008642619928458745, 'JSW': 0.004963132763244761}"
414,2020-08-03,90982.35292654298,2.9103830456733704e-11,"{'CDR': 0.16699416514607174, 'PKO': 0.13129812975174315, 'PKN': 0.13077264777232378, 'PZU': 0.11921983739004678, 'KGH': 0.07891692820157131, 'PEO': 0.06468104245827594, 'DNP': 0.06079225314871695, 'LPP': 0.058802769468161015, 'CPS': 0.049103619034471385, 'SPL': 0.035840765600524585, 'OPL': 0.03003819764134296, 'PGE': 0.02417217105329077, 'MBK': 0.017301939496093953, 'CCC': 0.009787101866685665, 'TPE': 0.008672679278976378, 'ALR': 0.008642619928458745, 'JSW': 0.004963132763244761}"
415,2020-08-04,91453.16224377081,2.9103830456733704e-11,"{'CDR': 0.16699416514607174, 'PKO': 0.13129812975174315, 'PKN': 0.13077264777232378, 'PZU': 0.11921983739004678, 'KGH': 0.07891692820157131, 'PEO': 0.06468104245827594, 'DNP': 0.06079225314871695, 'LPP': 0.058802769468161015, 'CPS': 0.049103619034471385, 'SPL': 0.035840765600524585, 'OPL': 0.03003819764134296, 'PGE': 0.02417217105329077, 'MBK': 0.017301939496093953, 'CCC': 0.009787101866685665, 'TPE': 0.008672679278976378, 'ALR': 0.008642619928458745, 'JSW': 0.004963132763244761}"
416,2020-08-05,92350.68205408003,2.9103830456733704e-11,"{'CDR': 0.16699416514607174, 'PKO': 0.13129812975174315, 'PKN': 0.13077264777232378, 'PZU': 0.11921983739004678, 'KGH': 0.07891692820157131, 'PEO': 0.06468104245827594, 'DNP': 0.06079225314871695, 'LPP': 0.058802769468161015, 'CPS': 0.049103619034471385, 'SPL': 0.035840765600524585, 'OPL': 0.03003819764134296, 'PGE': 0.02417217105329077, 'MBK': 0.017301939496093953, 'CCC': 0.009787101866685665, 'TPE': 0.008672679278976378, 'ALR': 0.008642619928458745, 'JSW': 0.004963132763244761}"
417,2020-08-06,91698.10697191792,2.9103830456733704e-11,"{'CDR': 0.16699416514607174, 'PKO': 0.13129812975174315, 'PKN': 0.13077264777232378, 'PZU': 0.11921983739004678, 'KGH': 0.07891692820157131, 'PEO': 0.06468104245827594, 'DNP': 0.06079225314871695, 'LPP': 0.058802769468161015, 'CPS': 0.049103619034471385, 'SPL': 0.035840765600524585, 'OPL': 0.03003819764134296, 'PGE': 0.02417217105329077, 'MBK': 0.017301939496093953, 'CCC': 0.009787101866685665, 'TPE': 0.008672679278976378, 'ALR': 0.008642619928458745, 'JSW': 0.004963132763244761}"
418,2020-08-07,91769.86867507061,2.9103830456733704e-11,"{'CDR': 0.16699416514607174, 'PKO': 0.13129812975174315, 'PKN': 0.13077264777232378, 'PZU': 0.11921983739004678, 'KGH': 0.07891692820157131, 'PEO': 0.06468104245827594, 'DNP': 0.06079225314871695, 'LPP': 0.058802769468161015, 'CPS': 0.049103619034471385, 'SPL': 0.035840765600524585, 'OPL': 0.03003819764134296, 'PGE': 0.02417217105329077, 'MBK': 0.017301939496093953, 'CCC': 0.009787101866685665, 'TPE': 0.008672679278976378, 'ALR': 0.008642619928458745, 'JSW': 0.004963132763244761}"
419,2020-08-10,92128.84104009483,2.9103830456733704e-11,"{'CDR': 0.16699416514607174, 'PKO': 0.13129812975174315, 'PKN': 0.13077264777232378, 'PZU': 0.11921983739004678, 'KGH': 0.07891692820157131, 'PEO': 0.06468104245827594, 'DNP': 0.06079225314871695, 'LPP': 0.058802769468161015, 'CPS': 0.049103619034471385, 'SPL': 0.035840765600524585, 'OPL': 0.03003819764134296, 'PGE': 0.02417217105329077, 'MBK': 0.017301939496093953, 'CCC': 0.009787101866685665, 'TPE': 0.008672679278976378, 'ALR': 0.008642619928458745, 'JSW': 0.004963132763244761}"
420,2020-08-11,93364.86768397875,2.9103830456733704e-11,"{'CDR': 0.16699416514607174, 'PKO': 0.13129812975174315, 'PKN': 0.13077264777232378, 'PZU': 0.11921983739004678, 'KGH': 0.07891692820157131, 'PEO': 0.06468104245827594, 'DNP': 0.06079225314871695, 'LPP': 0.058802769468161015, 'CPS': 0.049103619034471385, 'SPL': 0.035840765600524585, 'OPL': 0.03003819764134296, 'PGE': 0.02417217105329077, 'MBK': 0.017301939496093953, 'CCC': 0.009787101866685665, 'TPE': 0.008672679278976378, 'ALR': 0.008642619928458745, 'JSW': 0.004963132763244761}"
421,2020-08-12,93913.48283314978,2.9103830456733704e-11,"{'CDR': 0.16699416514607174, 'PKO': 0.13129812975174315, 'PKN': 0.13077264777232378, 'PZU': 0.11921983739004678, 'KGH': 0.07891692820157131, 'PEO': 0.06468104245827594, 'DNP': 0.06079225314871695, 'LPP': 0.058802769468161015, 'CPS': 0.049103619034471385, 'SPL': 0.035840765600524585, 'OPL': 0.03003819764134296, 'PGE': 0.02417217105329077, 'MBK': 0.017301939496093953, 'CCC': 0.009787101866685665, 'TPE': 0.008672679278976378, 'ALR': 0.008642619928458745, 'JSW': 0.004963132763244761}"
422,2020-08-13,93965.47579429895,2.9103830456733704e-11,"{'CDR': 0.16699416514607174, 'PKO': 0.13129812975174315, 'PKN': 0.13077264777232378, 'PZU': 0.11921983739004678, 'KGH': 0.07891692820157131, 'PEO': 0.06468104245827594, 'DNP': 0.06079225314871695, 'LPP': 0.058802769468161015, 'CPS': 0.049103619034471385, 'SPL': 0.035840765600524585, 'OPL': 0.03003819764134296, 'PGE': 0.02417217105329077, 'MBK': 0.017301939496093953, 'CCC': 0.009787101866685665, 'TPE': 0.008672679278976378, 'ALR': 0.008642619928458745, 'JSW': 0.004963132763244761}"
423,2020-08-14,93844.4979324135,2.9103830456733704e-11,"{'CDR': 0.16699416514607174, 'PKO': 0.13129812975174315, 'PKN': 0.13077264777232378, 'PZU': 0.11921983739004678, 'KGH': 0.07891692820157131, 'PEO': 0.06468104245827594, 'DNP': 0.06079225314871695, 'LPP': 0.058802769468161015, 'CPS': 0.049103619034471385, 'SPL': 0.035840765600524585, 'OPL': 0.03003819764134296, 'PGE': 0.02417217105329077, 'MBK': 0.017301939496093953, 'CCC': 0.009787101866685665, 'TPE': 0.008672679278976378, 'ALR': 0.008642619928458745, 'JSW': 0.004963132763244761}"
424,2020-08-17,94246.16192358984,2.9103830456733704e-11,"{'CDR': 0.16699416514607174, 'PKO': 0.13129812975174315, 'PKN': 0.13077264777232378, 'PZU': 0.11921983739004678, 'KGH': 0.07891692820157131, 'PEO': 0.06468104245827594, 'DNP': 0.06079225314871695, 'LPP': 0.058802769468161015, 'CPS': 0.049103619034471385, 'SPL': 0.035840765600524585, 'OPL': 0.03003819764134296, 'PGE': 0.02417217105329077, 'MBK': 0.017301939496093953, 'CCC': 0.009787101866685665, 'TPE': 0.008672679278976378, 'ALR': 0.008642619928458745, 'JSW': 0.004963132763244761}"
425,2020-08-18,93070.84408713416,2.9103830456733704e-11,"{'CDR': 0.16699416514607174, 'PKO': 0.13129812975174315, 'PKN': 0.13077264777232378, 'PZU': 0.11921983739004678, 'KGH': 0.07891692820157131, 'PEO': 0.06468104245827594, 'DNP': 0.06079225314871695, 'LPP': 0.058802769468161015, 'CPS': 0.049103619034471385, 'SPL': 0.035840765600524585, 'OPL': 0.03003819764134296, 'PGE': 0.02417217105329077, 'MBK': 0.017301939496093953, 'CCC': 0.009787101866685665, 'TPE': 0.008672679278976378, 'ALR': 0.008642619928458745, 'JSW': 0.004963132763244761}"
426,2020-08-19,92824.95688150682,2.9103830456733704e-11,"{'CDR': 0.16699416514607174, 'PKO': 0.13129812975174315, 'PKN': 0.13077264777232378, 'PZU': 0.11921983739004678, 'KGH': 0.07891692820157131, 'PEO': 0.06468104245827594, 'DNP': 0.06079225314871695, 'LPP': 0.058802769468161015, 'CPS': 0.049103619034471385, 'SPL': 0.035840765600524585, 'OPL': 0.03003819764134296, 'PGE': 0.02417217105329077, 'MBK': 0.017301939496093953, 'CCC': 0.009787101866685665, 'TPE': 0.008672679278976378, 'ALR': 0.008642619928458745, 'JSW': 0.004963132763244761}"
427,2020-08-20,91845.98084850026,2.9103830456733704e-11,"{'CDR': 0.16699416514607174, 'PKO': 0.13129812975174315, 'PKN': 0.13077264777232378, 'PZU': 0.11921983739004678, 'KGH': 0.07891692820157131, 'PEO': 0.06468104245827594, 'DNP': 0.06079225314871695, 'LPP': 0.058802769468161015, 'CPS': 0.049103619034471385, 'SPL': 0.035840765600524585, 'OPL': 0.03003819764134296, 'PGE': 0.02417217105329077, 'MBK': 0.017301939496093953, 'CCC': 0.009787101866685665, 'TPE': 0.008672679278976378, 'ALR': 0.008642619928458745, 'JSW': 0.004963132763244761}"
428,2020-08-21,92235.54528952537,2.9103830456733704e-11,"{'CDR': 0.16699416514607174, 'PKO': 0.13129812975174315, 'PKN': 0.13077264777232378, 'PZU': 0.11921983739004678, 'KGH': 0.07891692820157131, 'PEO': 0.06468104245827594, 'DNP': 0.06079225314871695, 'LPP': 0.058802769468161015, 'CPS': 0.049103619034471385, 'SPL': 0.035840765600524585, 'OPL': 0.03003819764134296, 'PGE': 0.02417217105329077, 'MBK': 0.017301939496093953, 'CCC': 0.009787101866685665, 'TPE': 0.008672679278976378, 'ALR': 0.008642619928458745, 'JSW': 0.004963132763244761}"
429,2020-08-24,93282.43922941548,2.9103830456733704e-11,"{'CDR': 0.16699416514607174, 'PKO': 0.13129812975174315, 'PKN': 0.13077264777232378, 'PZU': 0.11921983739004678, 'KGH': 0.07891692820157131, 'PEO': 0.06468104245827594, 'DNP': 0.06079225314871695, 'LPP': 0.058802769468161015, 'CPS': 0.049103619034471385, 'SPL': 0.035840765600524585, 'OPL': 0.03003819764134296, 'PGE': 0.02417217105329077, 'MBK': 0.017301939496093953, 'CCC': 0.009787101866685665, 'TPE': 0.008672679278976378, 'ALR': 0.008642619928458745, 'JSW': 0.004963132763244761}"
430,2020-08-25,92128.44769568297,2.9103830456733704e-11,"{'CDR': 0.16699416514607174, 'PKO': 0.13129812975174315, 'PKN': 0.13077264777232378, 'PZU': 0.11921983739004678, 'KGH': 0.07891692820157131, 'PEO': 0.06468104245827594, 'DNP': 0.06079225314871695, 'LPP': 0.058802769468161015, 'CPS': 0.049103619034471385, 'SPL': 0.035840765600524585, 'OPL': 0.03003819764134296, 'PGE': 0.02417217105329077, 'MBK': 0.017301939496093953, 'CCC': 0.009787101866685665, 'TPE': 0.008672679278976378, 'ALR': 0.008642619928458745, 'JSW': 0.004963132763244761}"
431,2020-08-26,93751.27646123752,2.9103830456733704e-11,"{'CDR': 0.16699416514607174, 'PKO': 0.13129812975174315, 'PKN': 0.13077264777232378, 'PZU': 0.11921983739004678, 'KGH': 0.07891692820157131, 'PEO': 0.06468104245827594, 'DNP': 0.06079225314871695, 'LPP': 0.058802769468161015, 'CPS': 0.049103619034471385, 'SPL': 0.035840765600524585, 'OPL': 0.03003819764134296, 'PGE': 0.02417217105329077, 'MBK': 0.017301939496093953, 'CCC': 0.009787101866685665, 'TPE': 0.008672679278976378, 'ALR': 0.008642619928458745, 'JSW': 0.004963132763244761}"
432,2020-08-27,93874.77101137047,2.9103830456733704e-11,"{'CDR': 0.16699416514607174, 'PKO': 0.13129812975174315, 'PKN': 0.13077264777232378, 'PZU': 0.11921983739004678, 'KGH': 0.07891692820157131, 'PEO': 0.06468104245827594, 'DNP': 0.06079225314871695, 'LPP': 0.058802769468161015, 'CPS': 0.049103619034471385, 'SPL': 0.035840765600524585, 'OPL': 0.03003819764134296, 'PGE': 0.02417217105329077, 'MBK': 0.017301939496093953, 'CCC': 0.009787101866685665, 'TPE': 0.008672679278976378, 'ALR': 0.008642619928458745, 'JSW': 0.004963132763244761}"
433,2020-08-28,92955.21834786716,2.9103830456733704e-11,"{'CDR': 0.16699416514607174, 'PKO': 0.13129812975174315, 'PKN': 0.13077264777232378, 'PZU': 0.11921983739004678, 'KGH': 0.07891692820157131, 'PEO': 0.06468104245827594, 'DNP': 0.06079225314871695, 'LPP': 0.058802769468161015, 'CPS': 0.049103619034471385, 'SPL': 0.035840765600524585, 'OPL': 0.03003819764134296, 'PGE': 0.02417217105329077, 'MBK': 0.017301939496093953, 'CCC': 0.009787101866685665, 'TPE': 0.008672679278976378, 'ALR': 0.008642619928458745, 'JSW': 0.004963132763244761}"
434,2020-08-31,91570.92813552186,2.9103830456733704e-11,"{'CDR': 0.16699416514607174, 'PKO': 0.13129812975174315, 'PKN': 0.13077264777232378, 'PZU': 0.11921983739004678, 'KGH': 0.07891692820157131, 'PEO': 0.06468104245827594, 'DNP': 0.06079225314871695, 'LPP': 0.058802769468161015, 'CPS': 0.049103619034471385, 'SPL': 0.035840765600524585, 'OPL': 0.03003819764134296, 'PGE': 0.02417217105329077, 'MBK': 0.017301939496093953, 'CCC': 0.009787101866685665, 'TPE': 0.008672679278976378, 'ALR': 0.008642619928458745, 'JSW': 0.004963132763244761}"
435,2020-09-01,90275.07288138798,2.9103830456733704e-11,"{'CDR': 0.16699416514607174, 'PKO': 0.13129812975174315, 'PKN': 0.13077264777232378, 'PZU': 0.11921983739004678, 'KGH': 0.07891692820157131, 'PEO': 0.06468104245827594, 'DNP': 0.06079225314871695, 'LPP': 0.058802769468161015, 'CPS': 0.049103619034471385, 'SPL': 0.035840765600524585, 'OPL': 0.03003819764134296, 'PGE': 0.02417217105329077, 'MBK': 0.017301939496093953, 'CCC': 0.009787101866685665, 'TPE': 0.008672679278976378, 'ALR': 0.008642619928458745, 'JSW': 0.004963132763244761}"
436,2020-09-02,90858.26239888459,2.9103830456733704e-11,"{'CDR': 0.16699416514607174, 'PKO': 0.13129812975174315, 'PKN': 0.13077264777232378, 'PZU': 0.11921983739004678, 'KGH': 0.07891692820157131, 'PEO': 0.06468104245827594, 'DNP': 0.06079225314871695, 'LPP': 0.058802769468161015, 'CPS': 0.049103619034471385, 'SPL': 0.035840765600524585, 'OPL': 0.03003819764134296, 'PGE': 0.02417217105329077, 'MBK': 0.017301939496093953, 'CCC': 0.009787101866685665, 'TPE': 0.008672679278976378, 'ALR': 0.008642619928458745, 'JSW': 0.004963132763244761}"
437,2020-09-03,90037.98376198746,2.9103830456733704e-11,"{'CDR': 0.16699416514607174, 'PKO': 0.13129812975174315, 'PKN': 0.13077264777232378, 'PZU': 0.11921983739004678, 'KGH': 0.07891692820157131, 'PEO': 0.06468104245827594, 'DNP': 0.06079225314871695, 'LPP': 0.058802769468161015, 'CPS': 0.049103619034471385, 'SPL': 0.035840765600524585, 'OPL': 0.03003819764134296, 'PGE': 0.02417217105329077, 'MBK': 0.017301939496093953, 'CCC': 0.009787101866685665, 'TPE': 0.008672679278976378, 'ALR': 0.008642619928458745, 'JSW': 0.004963132763244761}"
438,2020-09-04,89512.47798073447,2.9103830456733704e-11,"{'CDR': 0.16699416514607174, 'PKO': 0.13129812975174315, 'PKN': 0.13077264777232378, 'PZU': 0.11921983739004678, 'KGH': 0.07891692820157131, 'PEO': 0.06468104245827594, 'DNP': 0.06079225314871695, 'LPP': 0.058802769468161015, 'CPS': 0.049103619034471385, 'SPL': 0.035840765600524585, 'OPL': 0.03003819764134296, 'PGE': 0.02417217105329077, 'MBK': 0.017301939496093953, 'CCC': 0.009787101866685665, 'TPE': 0.008672679278976378, 'ALR': 0.008642619928458745, 'JSW': 0.004963132763244761}"
439,2020-09-07,90240.0333575855,2.9103830456733704e-11,"{'CDR': 0.16699416514607174, 'PKO': 0.13129812975174315, 'PKN': 0.13077264777232378, 'PZU': 0.11921983739004678, 'KGH': 0.07891692820157131, 'PEO': 0.06468104245827594, 'DNP': 0.06079225314871695, 'LPP': 0.058802769468161015, 'CPS': 0.049103619034471385, 'SPL': 0.035840765600524585, 'OPL': 0.03003819764134296, 'PGE': 0.02417217105329077, 'MBK': 0.017301939496093953, 'CCC': 0.009787101866685665, 'TPE': 0.008672679278976378, 'ALR': 0.008642619928458745, 'JSW': 0.004963132763244761}"
440,2020-09-08,88362.51045223513,2.9103830456733704e-11,"{'CDR': 0.16699416514607174, 'PKO': 0.13129812975174315, 'PKN': 0.13077264777232378, 'PZU': 0.11921983739004678, 'KGH': 0.07891692820157131, 'PEO': 0.06468104245827594, 'DNP': 0.06079225314871695, 'LPP': 0.058802769468161015, 'CPS': 0.049103619034471385, 'SPL': 0.035840765600524585, 'OPL': 0.03003819764134296, 'PGE': 0.02417217105329077, 'MBK': 0.017301939496093953, 'CCC': 0.009787101866685665, 'TPE': 0.008672679278976378, 'ALR': 0.008642619928458745, 'JSW': 0.004963132763244761}"
441,2020-09-09,90343.70744438458,2.9103830456733704e-11,"{'CDR': 0.16699416514607174, 'PKO': 0.13129812975174315, 'PKN': 0.13077264777232378, 'PZU': 0.11921983739004678, 'KGH': 0.07891692820157131, 'PEO': 0.06468104245827594, 'DNP': 0.06079225314871695, 'LPP': 0.058802769468161015, 'CPS': 0.049103619034471385, 'SPL': 0.035840765600524585, 'OPL': 0.03003819764134296, 'PGE': 0.02417217105329077, 'MBK': 0.017301939496093953, 'CCC': 0.009787101866685665, 'TPE': 0.008672679278976378, 'ALR': 0.008642619928458745, 'JSW': 0.004963132763244761}"
442,2020-09-10,89945.4531402131,2.9103830456733704e-11,"{'CDR': 0.16699416514607174, 'PKO': 0.13129812975174315, 'PKN': 0.13077264777232378, 'PZU': 0.11921983739004678, 'KGH': 0.07891692820157131, 'PEO': 0.06468104245827594, 'DNP': 0.06079225314871695, 'LPP': 0.058802769468161015, 'CPS': 0.049103619034471385, 'SPL': 0.035840765600524585, 'OPL': 0.03003819764134296, 'PGE': 0.02417217105329077, 'MBK': 0.017301939496093953, 'CCC': 0.009787101866685665, 'TPE': 0.008672679278976378, 'ALR': 0.008642619928458745, 'JSW': 0.004963132763244761}"
443,2020-09-11,90430.43386479311,2.9103830456733704e-11,"{'CDR': 0.16699416514607174, 'PKO': 0.13129812975174315, 'PKN': 0.13077264777232378, 'PZU': 0.11921983739004678, 'KGH': 0.07891692820157131, 'PEO': 0.06468104245827594, 'DNP': 0.06079225314871695, 'LPP': 0.058802769468161015, 'CPS': 0.049103619034471385, 'SPL': 0.035840765600524585, 'OPL': 0.03003819764134296, 'PGE': 0.02417217105329077, 'MBK': 0.017301939496093953, 'CCC': 0.009787101866685665, 'TPE': 0.008672679278976378, 'ALR': 0.008642619928458745, 'JSW': 0.004963132763244761}"
444,2020-09-14,89722.37908923565,2.9103830456733704e-11,"{'CDR': 0.16699416514607174, 'PKO': 0.13129812975174315, 'PKN': 0.13077264777232378, 'PZU': 0.11921983739004678, 'KGH': 0.07891692820157131, 'PEO': 0.06468104245827594, 'DNP': 0.06079225314871695, 'LPP': 0.058802769468161015, 'CPS': 0.049103619034471385, 'SPL': 0.035840765600524585, 'OPL': 0.03003819764134296, 'PGE': 0.02417217105329077, 'MBK': 0.017301939496093953, 'CCC': 0.009787101866685665, 'TPE': 0.008672679278976378, 'ALR': 0.008642619928458745, 'JSW': 0.004963132763244761}"
445,2020-09-15,89047.63702377018,2.9103830456733704e-11,"{'CDR': 0.16699416514607174, 'PKO': 0.13129812975174315, 'PKN': 0.13077264777232378, 'PZU': 0.11921983739004678, 'KGH': 0.07891692820157131, 'PEO': 0.06468104245827594, 'DNP': 0.06079225314871695, 'LPP': 0.058802769468161015, 'CPS': 0.049103619034471385, 'SPL': 0.035840765600524585, 'OPL': 0.03003819764134296, 'PGE': 0.02417217105329077, 'MBK': 0.017301939496093953, 'CCC': 0.009787101866685665, 'TPE': 0.008672679278976378, 'ALR': 0.008642619928458745, 'JSW': 0.004963132763244761}"
446,2020-09-16,88711.15948644676,2.9103830456733704e-11,"{'CDR': 0.16699416514607174, 'PKO': 0.13129812975174315, 'PKN': 0.13077264777232378, 'PZU': 0.11921983739004678, 'KGH': 0.07891692820157131, 'PEO': 0.06468104245827594, 'DNP': 0.06079225314871695, 'LPP': 0.058802769468161015, 'CPS': 0.049103619034471385, 'SPL': 0.035840765600524585, 'OPL': 0.03003819764134296, 'PGE': 0.02417217105329077, 'MBK': 0.017301939496093953, 'CCC': 0.009787101866685665, 'TPE': 0.008672679278976378, 'ALR': 0.008642619928458745, 'JSW': 0.004963132763244761}"
447,2020-09-17,89268.75784883846,2.9103830456733704e-11,"{'CDR': 0.16699416514607174, 'PKO': 0.13129812975174315, 'PKN': 0.13077264777232378, 'PZU': 0.11921983739004678, 'KGH': 0.07891692820157131, 'PEO': 0.06468104245827594, 'DNP': 0.06079225314871695, 'LPP': 0.058802769468161015, 'CPS': 0.049103619034471385, 'SPL': 0.035840765600524585, 'OPL': 0.03003819764134296, 'PGE': 0.02417217105329077, 'MBK': 0.017301939496093953, 'CCC': 0.009787101866685665, 'TPE': 0.008672679278976378, 'ALR': 0.008642619928458745, 'JSW': 0.004963132763244761}"
448,2020-09-18,88566.4095801328,-1.4551915228366852e-11,"{'CDR': 0.1661157125470249, 'PKO': 0.12020323839203349, 'KGH': 0.11579892777129923, 'PZU': 0.10160590667114074, 'PKN': 0.09719716626854003, 'DNP': 0.07245461965339173, 'LPP': 0.06001025494502087, 'PEO': 0.05940005249291511, 'CPS': 0.05011079991893499, 'PGE': 0.034059485325793844, 'SPL': 0.03281250173038354, 'OPL': 0.030956423128334104, 'TPE': 0.016692525518312167, 'MBK': 0.01586083397288309, 'CCC': 0.0137146046585801, 'ALR': 0.007892763840576581, 'JSW': 0.005114183164835506}"
449,2020-09-21,85076.84784741841,-1.4551915228366852e-11,"{'CDR': 0.1661157125470249, 'PKO': 0.12020323839203349, 'KGH': 0.11579892777129923, 'PZU': 0.10160590667114074, 'PKN': 0.09719716626854003, 'DNP': 0.07245461965339173, 'LPP': 0.06001025494502087, 'PEO': 0.05940005249291511, 'CPS': 0.05011079991893499, 'PGE': 0.034059485325793844, 'SPL': 0.03281250173038354, 'OPL': 0.030956423128334104, 'TPE': 0.016692525518312167, 'MBK': 0.01586083397288309, 'CCC': 0.0137146046585801, 'ALR': 0.007892763840576581, 'JSW': 0.005114183164835506}"
450,2020-09-22,85583.2568854998,-1.4551915228366852e-11,"{'CDR': 0.1661157125470249, 'PKO': 0.12020323839203349, 'KGH': 0.11579892777129923, 'PZU': 0.10160590667114074, 'PKN': 0.09719716626854003, 'DNP': 0.07245461965339173, 'LPP': 0.06001025494502087, 'PEO': 0.05940005249291511, 'CPS': 0.05011079991893499, 'PGE': 0.034059485325793844, 'SPL': 0.03281250173038354, 'OPL': 0.030956423128334104, 'TPE': 0.016692525518312167, 'MBK': 0.01586083397288309, 'CCC': 0.0137146046585801, 'ALR': 0.007892763840576581, 'JSW': 0.005114183164835506}"
451,2020-09-23,84994.53213312627,-1.4551915228366852e-11,"{'CDR': 0.1661157125470249, 'PKO': 0.12020323839203349, 'KGH': 0.11579892777129923, 'PZU': 0.10160590667114074, 'PKN': 0.09719716626854003, 'DNP': 0.07245461965339173, 'LPP': 0.06001025494502087, 'PEO': 0.05940005249291511, 'CPS': 0.05011079991893499, 'PGE': 0.034059485325793844, 'SPL': 0.03281250173038354, 'OPL': 0.030956423128334104, 'TPE': 0.016692525518312167, 'MBK': 0.01586083397288309, 'CCC': 0.0137146046585801, 'ALR': 0.007892763840576581, 'JSW': 0.005114183164835506}"
452,2020-09-24,83836.94633035352,-1.4551915228366852e-11,"{'CDR': 0.1661157125470249, 'PKO': 0.12020323839203349, 'KGH': 0.11579892777129923, 'PZU': 0.10160590667114074, 'PKN': 0.09719716626854003, 'DNP': 0.07245461965339173, 'LPP': 0.06001025494502087, 'PEO': 0.05940005249291511, 'CPS': 0.05011079991893499, 'PGE': 0.034059485325793844, 'SPL': 0.03281250173038354, 'OPL': 0.030956423128334104, 'TPE': 0.016692525518312167, 'MBK': 0.01586083397288309, 'CCC': 0.0137146046585801, 'ALR': 0.007892763840576581, 'JSW': 0.005114183164835506}"
453,2020-09-25,84532.28435860723,-1.4551915228366852e-11,"{'CDR': 0.1661157125470249, 'PKO': 0.12020323839203349, 'KGH': 0.11579892777129923, 'PZU': 0.10160590667114074, 'PKN': 0.09719716626854003, 'DNP': 0.07245461965339173, 'LPP': 0.06001025494502087, 'PEO': 0.05940005249291511, 'CPS': 0.05011079991893499, 'PGE': 0.034059485325793844, 'SPL': 0.03281250173038354, 'OPL': 0.030956423128334104, 'TPE': 0.016692525518312167, 'MBK': 0.01586083397288309, 'CCC': 0.0137146046585801, 'ALR': 0.007892763840576581, 'JSW': 0.005114183164835506}"
454,2020-09-28,87955.95785016983,-1.4551915228366852e-11,"{'CDR': 0.1661157125470249, 'PKO': 0.12020323839203349, 'KGH': 0.11579892777129923, 'PZU': 0.10160590667114074, 'PKN': 0.09719716626854003, 'DNP': 0.07245461965339173, 'LPP': 0.06001025494502087, 'PEO': 0.05940005249291511, 'CPS': 0.05011079991893499, 'PGE': 0.034059485325793844, 'SPL': 0.03281250173038354, 'OPL': 0.030956423128334104, 'TPE': 0.016692525518312167, 'MBK': 0.01586083397288309, 'CCC': 0.0137146046585801, 'ALR': 0.007892763840576581, 'JSW': 0.005114183164835506}"
455,2020-09-29,86821.76282562253,-1.4551915228366852e-11,"{'CDR': 0.1661157125470249, 'PKO': 0.12020323839203349, 'KGH': 0.11579892777129923, 'PZU': 0.10160590667114074, 'PKN': 0.09719716626854003, 'DNP': 0.07245461965339173, 'LPP': 0.06001025494502087, 'PEO': 0.05940005249291511, 'CPS': 0.05011079991893499, 'PGE': 0.034059485325793844, 'SPL': 0.03281250173038354, 'OPL': 0.030956423128334104, 'TPE': 0.016692525518312167, 'MBK': 0.01586083397288309, 'CCC': 0.0137146046585801, 'ALR': 0.007892763840576581, 'JSW': 0.005114183164835506}"
456,2020-09-30,86510.94544413366,-1.4551915228366852e-11,"{'CDR': 0.1661157125470249, 'PKO': 0.12020323839203349, 'KGH': 0.11579892777129923, 'PZU': 0.10160590667114074, 'PKN': 0.09719716626854003, 'DNP': 0.07245461965339173, 'LPP': 0.06001025494502087, 'PEO': 0.05940005249291511, 'CPS': 0.05011079991893499, 'PGE': 0.034059485325793844, 'SPL': 0.03281250173038354, 'OPL': 0.030956423128334104, 'TPE': 0.016692525518312167, 'MBK': 0.01586083397288309, 'CCC': 0.0137146046585801, 'ALR': 0.007892763840576581, 'JSW': 0.005114183164835506}"
457,2020-10-01,85600.08595570728,-1.4551915228366852e-11,"{'CDR': 0.1661157125470249, 'PKO': 0.12020323839203349, 'KGH': 0.11579892777129923, 'PZU': 0.10160590667114074, 'PKN': 0.09719716626854003, 'DNP': 0.07245461965339173, 'LPP': 0.06001025494502087, 'PEO': 0.05940005249291511, 'CPS': 0.05011079991893499, 'PGE': 0.034059485325793844, 'SPL': 0.03281250173038354, 'OPL': 0.030956423128334104, 'TPE': 0.016692525518312167, 'MBK': 0.01586083397288309, 'CCC': 0.0137146046585801, 'ALR': 0.007892763840576581, 'JSW': 0.005114183164835506}"
458,2020-10-02,85878.37059033112,-1.4551915228366852e-11,"{'CDR': 0.1661157125470249, 'PKO': 0.12020323839203349, 'KGH': 0.11579892777129923, 'PZU': 0.10160590667114074, 'PKN': 0.09719716626854003, 'DNP': 0.07245461965339173, 'LPP': 0.06001025494502087, 'PEO': 0.05940005249291511, 'CPS': 0.05011079991893499, 'PGE': 0.034059485325793844, 'SPL': 0.03281250173038354, 'OPL': 0.030956423128334104, 'TPE': 0.016692525518312167, 'MBK': 0.01586083397288309, 'CCC': 0.0137146046585801, 'ALR': 0.007892763840576581, 'JSW': 0.005114183164835506}"
459,2020-10-05,87533.97791336819,-1.4551915228366852e-11,"{'CDR': 0.1661157125470249, 'PKO': 0.12020323839203349, 'KGH': 0.11579892777129923, 'PZU': 0.10160590667114074, 'PKN': 0.09719716626854003, 'DNP': 0.07245461965339173, 'LPP': 0.06001025494502087, 'PEO': 0.05940005249291511, 'CPS': 0.05011079991893499, 'PGE': 0.034059485325793844, 'SPL': 0.03281250173038354, 'OPL': 0.030956423128334104, 'TPE': 0.016692525518312167, 'MBK': 0.01586083397288309, 'CCC': 0.0137146046585801, 'ALR': 0.007892763840576581, 'JSW': 0.005114183164835506}"
460,2020-10-06,87707.38675617901,-1.4551915228366852e-11,"{'CDR': 0.1661157125470249, 'PKO': 0.12020323839203349, 'KGH': 0.11579892777129923, 'PZU': 0.10160590667114074, 'PKN': 0.09719716626854003, 'DNP': 0.07245461965339173, 'LPP': 0.06001025494502087, 'PEO': 0.05940005249291511, 'CPS': 0.05011079991893499, 'PGE': 0.034059485325793844, 'SPL': 0.03281250173038354, 'OPL': 0.030956423128334104, 'TPE': 0.016692525518312167, 'MBK': 0.01586083397288309, 'CCC': 0.0137146046585801, 'ALR': 0.007892763840576581, 'JSW': 0.005114183164835506}"
461,2020-10-07,87670.99009560749,-1.4551915228366852e-11,"{'CDR': 0.1661157125470249, 'PKO': 0.12020323839203349, 'KGH': 0.11579892777129923, 'PZU': 0.10160590667114074, 'PKN': 0.09719716626854003, 'DNP': 0.07245461965339173, 'LPP': 0.06001025494502087, 'PEO': 0.05940005249291511, 'CPS': 0.05011079991893499, 'PGE': 0.034059485325793844, 'SPL': 0.03281250173038354, 'OPL': 0.030956423128334104, 'TPE': 0.016692525518312167, 'MBK': 0.01586083397288309, 'CCC': 0.0137146046585801, 'ALR': 0.007892763840576581, 'JSW': 0.005114183164835506}"
462,2020-10-08,86753.53530778435,-1.4551915228366852e-11,"{'CDR': 0.1661157125470249, 'PKO': 0.12020323839203349, 'KGH': 0.11579892777129923, 'PZU': 0.10160590667114074, 'PKN': 0.09719716626854003, 'DNP': 0.07245461965339173, 'LPP': 0.06001025494502087, 'PEO': 0.05940005249291511, 'CPS': 0.05011079991893499, 'PGE': 0.034059485325793844, 'SPL': 0.03281250173038354, 'OPL': 0.030956423128334104, 'TPE': 0.016692525518312167, 'MBK': 0.01586083397288309, 'CCC': 0.0137146046585801, 'ALR': 0.007892763840576581, 'JSW': 0.005114183164835506}"
463,2020-10-09,85642.98411985554,-1.4551915228366852e-11,"{'CDR': 0.1661157125470249, 'PKO': 0.12020323839203349, 'KGH': 0.11579892777129923, 'PZU': 0.10160590667114074, 'PKN': 0.09719716626854003, 'DNP': 0.07245461965339173, 'LPP': 0.06001025494502087, 'PEO': 0.05940005249291511, 'CPS': 0.05011079991893499, 'PGE': 0.034059485325793844, 'SPL': 0.03281250173038354, 'OPL': 0.030956423128334104, 'TPE': 0.016692525518312167, 'MBK': 0.01586083397288309, 'CCC': 0.0137146046585801, 'ALR': 0.007892763840576581, 'JSW': 0.005114183164835506}"
464,2020-10-12,84966.48950088702,-1.4551915228366852e-11,"{'CDR': 0.1661157125470249, 'PKO': 0.12020323839203349, 'KGH': 0.11579892777129923, 'PZU': 0.10160590667114074, 'PKN': 0.09719716626854003, 'DNP': 0.07245461965339173, 'LPP': 0.06001025494502087, 'PEO': 0.05940005249291511, 'CPS': 0.05011079991893499, 'PGE': 0.034059485325793844, 'SPL': 0.03281250173038354, 'OPL': 0.030956423128334104, 'TPE': 0.016692525518312167, 'MBK': 0.01586083397288309, 'CCC': 0.0137146046585801, 'ALR': 0.007892763840576581, 'JSW': 0.005114183164835506}"
465,2020-10-13,83843.41022343813,-1.4551915228366852e-11,"{'CDR': 0.1661157125470249, 'PKO': 0.12020323839203349, 'KGH': 0.11579892777129923, 'PZU': 0.10160590667114074, 'PKN': 0.09719716626854003, 'DNP': 0.07245461965339173, 'LPP': 0.06001025494502087, 'PEO': 0.05940005249291511, 'CPS': 0.05011079991893499, 'PGE': 0.034059485325793844, 'SPL': 0.03281250173038354, 'OPL': 0.030956423128334104, 'TPE': 0.016692525518312167, 'MBK': 0.01586083397288309, 'CCC': 0.0137146046585801, 'ALR': 0.007892763840576581, 'JSW': 0.005114183164835506}"
466,2020-10-14,84558.37357006734,-1.4551915228366852e-11,"{'CDR': 0.1661157125470249, 'PKO': 0.12020323839203349, 'KGH': 0.11579892777129923, 'PZU': 0.10160590667114074, 'PKN': 0.09719716626854003, 'DNP': 0.07245461965339173, 'LPP': 0.06001025494502087, 'PEO': 0.05940005249291511, 'CPS': 0.05011079991893499, 'PGE': 0.034059485325793844, 'SPL': 0.03281250173038354, 'OPL': 0.030956423128334104, 'TPE': 0.016692525518312167, 'MBK': 0.01586083397288309, 'CCC': 0.0137146046585801, 'ALR': 0.007892763840576581, 'JSW': 0.005114183164835506}"
467,2020-10-15,81526.9655352782,-1.4551915228366852e-11,"{'CDR': 0.1661157125470249, 'PKO': 0.12020323839203349, 'KGH': 0.11579892777129923, 'PZU': 0.10160590667114074, 'PKN': 0.09719716626854003, 'DNP': 0.07245461965339173, 'LPP': 0.06001025494502087, 'PEO': 0.05940005249291511, 'CPS': 0.05011079991893499, 'PGE': 0.034059485325793844, 'SPL': 0.03281250173038354, 'OPL': 0.030956423128334104, 'TPE': 0.016692525518312167, 'MBK': 0.01586083397288309, 'CCC': 0.0137146046585801, 'ALR': 0.007892763840576581, 'JSW': 0.005114183164835506}"
468,2020-10-16,82768.05122863773,-1.4551915228366852e-11,"{'CDR': 0.1661157125470249, 'PKO': 0.12020323839203349, 'KGH': 0.11579892777129923, 'PZU': 0.10160590667114074, 'PKN': 0.09719716626854003, 'DNP': 0.07245461965339173, 'LPP': 0.06001025494502087, 'PEO': 0.05940005249291511, 'CPS': 0.05011079991893499, 'PGE': 0.034059485325793844, 'SPL': 0.03281250173038354, 'OPL': 0.030956423128334104, 'TPE': 0.016692525518312167, 'MBK': 0.01586083397288309, 'CCC': 0.0137146046585801, 'ALR': 0.007892763840576581, 'JSW': 0.005114183164835506}"
469,2020-10-19,82131.24049421526,-1.4551915228366852e-11,"{'CDR': 0.1661157125470249, 'PKO': 0.12020323839203349, 'KGH': 0.11579892777129923, 'PZU': 0.10160590667114074, 'PKN': 0.09719716626854003, 'DNP': 0.07245461965339173, 'LPP': 0.06001025494502087, 'PEO': 0.05940005249291511, 'CPS': 0.05011079991893499, 'PGE': 0.034059485325793844, 'SPL': 0.03281250173038354, 'OPL': 0.030956423128334104, 'TPE': 0.016692525518312167, 'MBK': 0.01586083397288309, 'CCC': 0.0137146046585801, 'ALR': 0.007892763840576581, 'JSW': 0.005114183164835506}"
470,2020-10-20,82049.42467319277,-1.4551915228366852e-11,"{'CDR': 0.1661157125470249, 'PKO': 0.12020323839203349, 'KGH': 0.11579892777129923, 'PZU': 0.10160590667114074, 'PKN': 0.09719716626854003, 'DNP': 0.07245461965339173, 'LPP': 0.06001025494502087, 'PEO': 0.05940005249291511, 'CPS': 0.05011079991893499, 'PGE': 0.034059485325793844, 'SPL': 0.03281250173038354, 'OPL': 0.030956423128334104, 'TPE': 0.016692525518312167, 'MBK': 0.01586083397288309, 'CCC': 0.0137146046585801, 'ALR': 0.007892763840576581, 'JSW': 0.005114183164835506}"
471,2020-10-21,81373.09364011737,-1.4551915228366852e-11,"{'CDR': 0.1661157125470249, 'PKO': 0.12020323839203349, 'KGH': 0.11579892777129923, 'PZU': 0.10160590667114074, 'PKN': 0.09719716626854003, 'DNP': 0.07245461965339173, 'LPP': 0.06001025494502087, 'PEO': 0.05940005249291511, 'CPS': 0.05011079991893499, 'PGE': 0.034059485325793844, 'SPL': 0.03281250173038354, 'OPL': 0.030956423128334104, 'TPE': 0.016692525518312167, 'MBK': 0.01586083397288309, 'CCC': 0.0137146046585801, 'ALR': 0.007892763840576581, 'JSW': 0.005114183164835506}"
472,2020-10-22,81307.18922599338,-1.4551915228366852e-11,"{'CDR': 0.1661157125470249, 'PKO': 0.12020323839203349, 'KGH': 0.11579892777129923, 'PZU': 0.10160590667114074, 'PKN': 0.09719716626854003, 'DNP': 0.07245461965339173, 'LPP': 0.06001025494502087, 'PEO': 0.05940005249291511, 'CPS': 0.05011079991893499, 'PGE': 0.034059485325793844, 'SPL': 0.03281250173038354, 'OPL': 0.030956423128334104, 'TPE': 0.016692525518312167, 'MBK': 0.01586083397288309, 'CCC': 0.0137146046585801, 'ALR': 0.007892763840576581, 'JSW': 0.005114183164835506}"
473,2020-10-23,81138.73581758607,-1.4551915228366852e-11,"{'CDR': 0.1661157125470249, 'PKO': 0.12020323839203349, 'KGH': 0.11579892777129923, 'PZU': 0.10160590667114074, 'PKN': 0.09719716626854003, 'DNP': 0.07245461965339173, 'LPP': 0.06001025494502087, 'PEO': 0.05940005249291511, 'CPS': 0.05011079991893499, 'PGE': 0.034059485325793844, 'SPL': 0.03281250173038354, 'OPL': 0.030956423128334104, 'TPE': 0.016692525518312167, 'MBK': 0.01586083397288309, 'CCC': 0.0137146046585801, 'ALR': 0.007892763840576581, 'JSW': 0.005114183164835506}"
474,2020-10-26,79969.79978253113,-1.4551915228366852e-11,"{'CDR': 0.1661157125470249, 'PKO': 0.12020323839203349, 'KGH': 0.11579892777129923, 'PZU': 0.10160590667114074, 'PKN': 0.09719716626854003, 'DNP': 0.07245461965339173, 'LPP': 0.06001025494502087, 'PEO': 0.05940005249291511, 'CPS': 0.05011079991893499, 'PGE': 0.034059485325793844, 'SPL': 0.03281250173038354, 'OPL': 0.030956423128334104, 'TPE': 0.016692525518312167, 'MBK': 0.01586083397288309, 'CCC': 0.0137146046585801, 'ALR': 0.007892763840576581, 'JSW': 0.005114183164835506}"
475,2020-10-27,79185.64168958111,-1.4551915228366852e-11,"{'CDR': 0.1661157125470249, 'PKO': 0.12020323839203349, 'KGH': 0.11579892777129923, 'PZU': 0.10160590667114074, 'PKN': 0.09719716626854003, 'DNP': 0.07245461965339173, 'LPP': 0.06001025494502087, 'PEO': 0.05940005249291511, 'CPS': 0.05011079991893499, 'PGE': 0.034059485325793844, 'SPL': 0.03281250173038354, 'OPL': 0.030956423128334104, 'TPE': 0.016692525518312167, 'MBK': 0.01586083397288309, 'CCC': 0.0137146046585801, 'ALR': 0.007892763840576581, 'JSW': 0.005114183164835506}"
476,2020-10-28,75517.03525178906,-1.4551915228366852e-11,"{'CDR': 0.1661157125470249, 'PKO': 0.12020323839203349, 'KGH': 0.11579892777129923, 'PZU': 0.10160590667114074, 'PKN': 0.09719716626854003, 'DNP': 0.07245461965339173, 'LPP': 0.06001025494502087, 'PEO': 0.05940005249291511, 'CPS': 0.05011079991893499, 'PGE': 0.034059485325793844, 'SPL': 0.03281250173038354, 'OPL': 0.030956423128334104, 'TPE': 0.016692525518312167, 'MBK': 0.01586083397288309, 'CCC': 0.0137146046585801, 'ALR': 0.007892763840576581, 'JSW': 0.005114183164835506}"
477,2020-10-29,75453.74404343052,-1.4551915228366852e-11,"{'CDR': 0.1661157125470249, 'PKO': 0.12020323839203349, 'KGH': 0.11579892777129923, 'PZU': 0.10160590667114074, 'PKN': 0.09719716626854003, 'DNP': 0.07245461965339173, 'LPP': 0.06001025494502087, 'PEO': 0.05940005249291511, 'CPS': 0.05011079991893499, 'PGE': 0.034059485325793844, 'SPL': 0.03281250173038354, 'OPL': 0.030956423128334104, 'TPE': 0.016692525518312167, 'MBK': 0.01586083397288309, 'CCC': 0.0137146046585801, 'ALR': 0.007892763840576581, 'JSW': 0.005114183164835506}"
478,2020-10-30,74605.39701878086,-1.4551915228366852e-11,"{'CDR': 0.1661157125470249, 'PKO': 0.12020323839203349, 'KGH': 0.11579892777129923, 'PZU': 0.10160590667114074, 'PKN': 0.09719716626854003, 'DNP': 0.07245461965339173, 'LPP': 0.06001025494502087, 'PEO': 0.05940005249291511, 'CPS': 0.05011079991893499, 'PGE': 0.034059485325793844, 'SPL': 0.03281250173038354, 'OPL': 0.030956423128334104, 'TPE': 0.016692525518312167, 'MBK': 0.01586083397288309, 'CCC': 0.0137146046585801, 'ALR': 0.007892763840576581, 'JSW': 0.005114183164835506}"
479,2020-11-02,76506.347031528,-1.4551915228366852e-11,"{'CDR': 0.1661157125470249, 'PKO': 0.12020323839203349, 'KGH': 0.11579892777129923, 'PZU': 0.10160590667114074, 'PKN': 0.09719716626854003, 'DNP': 0.07245461965339173, 'LPP': 0.06001025494502087, 'PEO': 0.05940005249291511, 'CPS': 0.05011079991893499, 'PGE': 0.034059485325793844, 'SPL': 0.03281250173038354, 'OPL': 0.030956423128334104, 'TPE': 0.016692525518312167, 'MBK': 0.01586083397288309, 'CCC': 0.0137146046585801, 'ALR': 0.007892763840576581, 'JSW': 0.005114183164835506}"
480,2020-11-03,81410.41999205442,-1.4551915228366852e-11,"{'CDR': 0.1661157125470249, 'PKO': 0.12020323839203349, 'KGH': 0.11579892777129923, 'PZU': 0.10160590667114074, 'PKN': 0.09719716626854003, 'DNP': 0.07245461965339173, 'LPP': 0.06001025494502087, 'PEO': 0.05940005249291511, 'CPS': 0.05011079991893499, 'PGE': 0.034059485325793844, 'SPL': 0.03281250173038354, 'OPL': 0.030956423128334104, 'TPE': 0.016692525518312167, 'MBK': 0.01586083397288309, 'CCC': 0.0137146046585801, 'ALR': 0.007892763840576581, 'JSW': 0.005114183164835506}"
481,2020-11-04,81173.66538961609,-1.4551915228366852e-11,"{'CDR': 0.1661157125470249, 'PKO': 0.12020323839203349, 'KGH': 0.11579892777129923, 'PZU': 0.10160590667114074, 'PKN': 0.09719716626854003, 'DNP': 0.07245461965339173, 'LPP': 0.06001025494502087, 'PEO': 0.05940005249291511, 'CPS': 0.05011079991893499, 'PGE': 0.034059485325793844, 'SPL': 0.03281250173038354, 'OPL': 0.030956423128334104, 'TPE': 0.016692525518312167, 'MBK': 0.01586083397288309, 'CCC': 0.0137146046585801, 'ALR': 0.007892763840576581, 'JSW': 0.005114183164835506}"
482,2020-11-05,82819.35907644792,-1.4551915228366852e-11,"{'CDR': 0.1661157125470249, 'PKO': 0.12020323839203349, 'KGH': 0.11579892777129923, 'PZU': 0.10160590667114074, 'PKN': 0.09719716626854003, 'DNP': 0.07245461965339173, 'LPP': 0.06001025494502087, 'PEO': 0.05940005249291511, 'CPS': 0.05011079991893499, 'PGE': 0.034059485325793844, 'SPL': 0.03281250173038354, 'OPL': 0.030956423128334104, 'TPE': 0.016692525518312167, 'MBK': 0.01586083397288309, 'CCC': 0.0137146046585801, 'ALR': 0.007892763840576581, 'JSW': 0.005114183164835506}"
483,2020-11-06,83843.9037018538,-1.4551915228366852e-11,"{'CDR': 0.1661157125470249, 'PKO': 0.12020323839203349, 'KGH': 0.11579892777129923, 'PZU': 0.10160590667114074, 'PKN': 0.09719716626854003, 'DNP': 0.07245461965339173, 'LPP': 0.06001025494502087, 'PEO': 0.05940005249291511, 'CPS': 0.05011079991893499, 'PGE': 0.034059485325793844, 'SPL': 0.03281250173038354, 'OPL': 0.030956423128334104, 'TPE': 0.016692525518312167, 'MBK': 0.01586083397288309, 'CCC': 0.0137146046585801, 'ALR': 0.007892763840576581, 'JSW': 0.005114183164835506}"
484,2020-11-09,88188.86363766048,-1.4551915228366852e-11,"{'CDR': 0.1661157125470249, 'PKO': 0.12020323839203349, 'KGH': 0.11579892777129923, 'PZU': 0.10160590667114074, 'PKN': 0.09719716626854003, 'DNP': 0.07245461965339173, 'LPP': 0.06001025494502087, 'PEO': 0.05940005249291511, 'CPS': 0.05011079991893499, 'PGE': 0.034059485325793844, 'SPL': 0.03281250173038354, 'OPL': 0.030956423128334104, 'TPE': 0.016692525518312167, 'MBK': 0.01586083397288309, 'CCC': 0.0137146046585801, 'ALR': 0.007892763840576581, 'JSW': 0.005114183164835506}"
485,2020-11-10,90357.85849575371,-1.4551915228366852e-11,"{'CDR': 0.1661157125470249, 'PKO': 0.12020323839203349, 'KGH': 0.11579892777129923, 'PZU': 0.10160590667114074, 'PKN': 0.09719716626854003, 'DNP': 0.07245461965339173, 'LPP': 0.06001025494502087, 'PEO': 0.05940005249291511, 'CPS': 0.05011079991893499, 'PGE': 0.034059485325793844, 'SPL': 0.03281250173038354, 'OPL': 0.030956423128334104, 'TPE': 0.016692525518312167, 'MBK': 0.01586083397288309, 'CCC': 0.0137146046585801, 'ALR': 0.007892763840576581, 'JSW': 0.005114183164835506}"
486,2020-11-11,90357.85849575371,-1.4551915228366852e-11,"{'CDR': 0.1661157125470249, 'PKO': 0.12020323839203349, 'KGH': 0.11579892777129923, 'PZU': 0.10160590667114074, 'PKN': 0.09719716626854003, 'DNP': 0.07245461965339173, 'LPP': 0.06001025494502087, 'PEO': 0.05940005249291511, 'CPS': 0.05011079991893499, 'PGE': 0.034059485325793844, 'SPL': 0.03281250173038354, 'OPL': 0.030956423128334104, 'TPE': 0.016692525518312167, 'MBK': 0.01586083397288309, 'CCC': 0.0137146046585801, 'ALR': 0.007892763840576581, 'JSW': 0.005114183164835506}"
487,2020-11-12,90567.3509870334,-1.4551915228366852e-11,"{'CDR': 0.1661157125470249, 'PKO': 0.12020323839203349, 'KGH': 0.11579892777129923, 'PZU': 0.10160590667114074, 'PKN': 0.09719716626854003, 'DNP': 0.07245461965339173, 'LPP': 0.06001025494502087, 'PEO': 0.05940005249291511, 'CPS': 0.05011079991893499, 'PGE': 0.034059485325793844, 'SPL': 0.03281250173038354, 'OPL': 0.030956423128334104, 'TPE': 0.016692525518312167, 'MBK': 0.01586083397288309, 'CCC': 0.0137146046585801, 'ALR': 0.007892763840576581, 'JSW': 0.005114183164835506}"
488,2020-11-13,89802.19602896503,-1.4551915228366852e-11,"{'CDR': 0.1661157125470249, 'PKO': 0.12020323839203349, 'KGH': 0.11579892777129923, 'PZU': 0.10160590667114074, 'PKN': 0.09719716626854003, 'DNP': 0.07245461965339173, 'LPP': 0.06001025494502087, 'PEO': 0.05940005249291511, 'CPS': 0.05011079991893499, 'PGE': 0.034059485325793844, 'SPL': 0.03281250173038354, 'OPL': 0.030956423128334104, 'TPE': 0.016692525518312167, 'MBK': 0.01586083397288309, 'CCC': 0.0137146046585801, 'ALR': 0.007892763840576581, 'JSW': 0.005114183164835506}"
489,2020-11-16,93386.05973651436,-1.4551915228366852e-11,"{'CDR': 0.1661157125470249, 'PKO': 0.12020323839203349, 'KGH': 0.11579892777129923, 'PZU': 0.10160590667114074, 'PKN': 0.09719716626854003, 'DNP': 0.07245461965339173, 'LPP': 0.06001025494502087, 'PEO': 0.05940005249291511, 'CPS': 0.05011079991893499, 'PGE': 0.034059485325793844, 'SPL': 0.03281250173038354, 'OPL': 0.030956423128334104, 'TPE': 0.016692525518312167, 'MBK': 0.01586083397288309, 'CCC': 0.0137146046585801, 'ALR': 0.007892763840576581, 'JSW': 0.005114183164835506}"
490,2020-11-17,93513.79802358798,-1.4551915228366852e-11,"{'CDR': 0.1661157125470249, 'PKO': 0.12020323839203349, 'KGH': 0.11579892777129923, 'PZU': 0.10160590667114074, 'PKN': 0.09719716626854003, 'DNP': 0.07245461965339173, 'LPP': 0.06001025494502087, 'PEO': 0.05940005249291511, 'CPS': 0.05011079991893499, 'PGE': 0.034059485325793844, 'SPL': 0.03281250173038354, 'OPL': 0.030956423128334104, 'TPE': 0.016692525518312167, 'MBK': 0.01586083397288309, 'CCC': 0.0137146046585801, 'ALR': 0.007892763840576581, 'JSW': 0.005114183164835506}"
491,2020-11-18,94485.53197192677,-1.4551915228366852e-11,"{'CDR': 0.1661157125470249, 'PKO': 0.12020323839203349, 'KGH': 0.11579892777129923, 'PZU': 0.10160590667114074, 'PKN': 0.09719716626854003, 'DNP': 0.07245461965339173, 'LPP': 0.06001025494502087, 'PEO': 0.05940005249291511, 'CPS': 0.05011079991893499, 'PGE': 0.034059485325793844, 'SPL': 0.03281250173038354, 'OPL': 0.030956423128334104, 'TPE': 0.016692525518312167, 'MBK': 0.01586083397288309, 'CCC': 0.0137146046585801, 'ALR': 0.007892763840576581, 'JSW': 0.005114183164835506}"
492,2020-11-19,92704.76160631332,-1.4551915228366852e-11,"{'CDR': 0.1661157125470249, 'PKO': 0.12020323839203349, 'KGH': 0.11579892777129923, 'PZU': 0.10160590667114074, 'PKN': 0.09719716626854003, 'DNP': 0.07245461965339173, 'LPP': 0.06001025494502087, 'PEO': 0.05940005249291511, 'CPS': 0.05011079991893499, 'PGE': 0.034059485325793844, 'SPL': 0.03281250173038354, 'OPL': 0.030956423128334104, 'TPE': 0.016692525518312167, 'MBK': 0.01586083397288309, 'CCC': 0.0137146046585801, 'ALR': 0.007892763840576581, 'JSW': 0.005114183164835506}"
493,2020-11-20,93680.08826087893,-1.4551915228366852e-11,"{'CDR': 0.1661157125470249, 'PKO': 0.12020323839203349, 'KGH': 0.11579892777129923, 'PZU': 0.10160590667114074, 'PKN': 0.09719716626854003, 'DNP': 0.07245461965339173, 'LPP': 0.06001025494502087, 'PEO': 0.05940005249291511, 'CPS': 0.05011079991893499, 'PGE': 0.034059485325793844, 'SPL': 0.03281250173038354, 'OPL': 0.030956423128334104, 'TPE': 0.016692525518312167, 'MBK': 0.01586083397288309, 'CCC': 0.0137146046585801, 'ALR': 0.007892763840576581, 'JSW': 0.005114183164835506}"
494,2020-11-23,94579.72979164874,-1.4551915228366852e-11,"{'CDR': 0.1661157125470249, 'PKO': 0.12020323839203349, 'KGH': 0.11579892777129923, 'PZU': 0.10160590667114074, 'PKN': 0.09719716626854003, 'DNP': 0.07245461965339173, 'LPP': 0.06001025494502087, 'PEO': 0.05940005249291511, 'CPS': 0.05011079991893499, 'PGE': 0.034059485325793844, 'SPL': 0.03281250173038354, 'OPL': 0.030956423128334104, 'TPE': 0.016692525518312167, 'MBK': 0.01586083397288309, 'CCC': 0.0137146046585801, 'ALR': 0.007892763840576581, 'JSW': 0.005114183164835506}"
495,2020-11-24,95982.83031065762,-1.4551915228366852e-11,"{'CDR': 0.1661157125470249, 'PKO': 0.12020323839203349, 'KGH': 0.11579892777129923, 'PZU': 0.10160590667114074, 'PKN': 0.09719716626854003, 'DNP': 0.07245461965339173, 'LPP': 0.06001025494502087, 'PEO': 0.05940005249291511, 'CPS': 0.05011079991893499, 'PGE': 0.034059485325793844, 'SPL': 0.03281250173038354, 'OPL': 0.030956423128334104, 'TPE': 0.016692525518312167, 'MBK': 0.01586083397288309, 'CCC': 0.0137146046585801, 'ALR': 0.007892763840576581, 'JSW': 0.005114183164835506}"
496,2020-11-25,95697.93797770527,-1.4551915228366852e-11,"{'CDR': 0.1661157125470249, 'PKO': 0.12020323839203349, 'KGH': 0.11579892777129923, 'PZU': 0.10160590667114074, 'PKN': 0.09719716626854003, 'DNP': 0.07245461965339173, 'LPP': 0.06001025494502087, 'PEO': 0.05940005249291511, 'CPS': 0.05011079991893499, 'PGE': 0.034059485325793844, 'SPL': 0.03281250173038354, 'OPL': 0.030956423128334104, 'TPE': 0.016692525518312167, 'MBK': 0.01586083397288309, 'CCC': 0.0137146046585801, 'ALR': 0.007892763840576581, 'JSW': 0.005114183164835506}"
497,2020-11-26,95845.5676644547,-1.4551915228366852e-11,"{'CDR': 0.1661157125470249, 'PKO': 0.12020323839203349, 'KGH': 0.11579892777129923, 'PZU': 0.10160590667114074, 'PKN': 0.09719716626854003, 'DNP': 0.07245461965339173, 'LPP': 0.06001025494502087, 'PEO': 0.05940005249291511, 'CPS': 0.05011079991893499, 'PGE': 0.034059485325793844, 'SPL': 0.03281250173038354, 'OPL': 0.030956423128334104, 'TPE': 0.016692525518312167, 'MBK': 0.01586083397288309, 'CCC': 0.0137146046585801, 'ALR': 0.007892763840576581, 'JSW': 0.005114183164835506}"
498,2020-11-27,95913.2099225894,-1.4551915228366852e-11,"{'CDR': 0.1661157125470249, 'PKO': 0.12020323839203349, 'KGH': 0.11579892777129923, 'PZU': 0.10160590667114074, 'PKN': 0.09719716626854003, 'DNP': 0.07245461965339173, 'LPP': 0.06001025494502087, 'PEO': 0.05940005249291511, 'CPS': 0.05011079991893499, 'PGE': 0.034059485325793844, 'SPL': 0.03281250173038354, 'OPL': 0.030956423128334104, 'TPE': 0.016692525518312167, 'MBK': 0.01586083397288309, 'CCC': 0.0137146046585801, 'ALR': 0.007892763840576581, 'JSW': 0.005114183164835506}"
499,2020-11-30,94269.8144170585,-1.4551915228366852e-11,"{'CDR': 0.1661157125470249, 'PKO': 0.12020323839203349, 'KGH': 0.11579892777129923, 'PZU': 0.10160590667114074, 'PKN': 0.09719716626854003, 'DNP': 0.07245461965339173, 'LPP': 0.06001025494502087, 'PEO': 0.05940005249291511, 'CPS': 0.05011079991893499, 'PGE': 0.034059485325793844, 'SPL': 0.03281250173038354, 'OPL': 0.030956423128334104, 'TPE': 0.016692525518312167, 'MBK': 0.01586083397288309, 'CCC': 0.0137146046585801, 'ALR': 0.007892763840576581, 'JSW': 0.005114183164835506}"
500,2020-12-01,96068.93181019124,-1.4551915228366852e-11,"{'CDR': 0.1661157125470249, 'PKO': 0.12020323839203349, 'KGH': 0.11579892777129923, 'PZU': 0.10160590667114074, 'PKN': 0.09719716626854003, 'DNP': 0.07245461965339173, 'LPP': 0.06001025494502087, 'PEO': 0.05940005249291511, 'CPS': 0.05011079991893499, 'PGE': 0.034059485325793844, 'SPL': 0.03281250173038354, 'OPL': 0.030956423128334104, 'TPE': 0.016692525518312167, 'MBK': 0.01586083397288309, 'CCC': 0.0137146046585801, 'ALR': 0.007892763840576581, 'JSW': 0.005114183164835506}"
501,2020-12-02,98502.2994368167,-1.4551915228366852e-11,"{'CDR': 0.1661157125470249, 'PKO': 0.12020323839203349, 'KGH': 0.11579892777129923, 'PZU': 0.10160590667114074, 'PKN': 0.09719716626854003, 'DNP': 0.07245461965339173, 'LPP': 0.06001025494502087, 'PEO': 0.05940005249291511, 'CPS': 0.05011079991893499, 'PGE': 0.034059485325793844, 'SPL': 0.03281250173038354, 'OPL': 0.030956423128334104, 'TPE': 0.016692525518312167, 'MBK': 0.01586083397288309, 'CCC': 0.0137146046585801, 'ALR': 0.007892763840576581, 'JSW': 0.005114183164835506}"
502,2020-12-03,98171.47697617717,-1.4551915228366852e-11,"{'CDR': 0.1661157125470249, 'PKO': 0.12020323839203349, 'KGH': 0.11579892777129923, 'PZU': 0.10160590667114074, 'PKN': 0.09719716626854003, 'DNP': 0.07245461965339173, 'LPP': 0.06001025494502087, 'PEO': 0.05940005249291511, 'CPS': 0.05011079991893499, 'PGE': 0.034059485325793844, 'SPL': 0.03281250173038354, 'OPL': 0.030956423128334104, 'TPE': 0.016692525518312167, 'MBK': 0.01586083397288309, 'CCC': 0.0137146046585801, 'ALR': 0.007892763840576581, 'JSW': 0.005114183164835506}"
503,2020-12-04,101524.28931568697,-1.4551915228366852e-11,"{'CDR': 0.1661157125470249, 'PKO': 0.12020323839203349, 'KGH': 0.11579892777129923, 'PZU': 0.10160590667114074, 'PKN': 0.09719716626854003, 'DNP': 0.07245461965339173, 'LPP': 0.06001025494502087, 'PEO': 0.05940005249291511, 'CPS': 0.05011079991893499, 'PGE': 0.034059485325793844, 'SPL': 0.03281250173038354, 'OPL': 0.030956423128334104, 'TPE': 0.016692525518312167, 'MBK': 0.01586083397288309, 'CCC': 0.0137146046585801, 'ALR': 0.007892763840576581, 'JSW': 0.005114183164835506}"
504,2020-12-07,102282.08069767184,-1.4551915228366852e-11,"{'CDR': 0.1661157125470249, 'PKO': 0.12020323839203349, 'KGH': 0.11579892777129923, 'PZU': 0.10160590667114074, 'PKN': 0.09719716626854003, 'DNP': 0.07245461965339173, 'LPP': 0.06001025494502087, 'PEO': 0.05940005249291511, 'CPS': 0.05011079991893499, 'PGE': 0.034059485325793844, 'SPL': 0.03281250173038354, 'OPL': 0.030956423128334104, 'TPE': 0.016692525518312167, 'MBK': 0.01586083397288309, 'CCC': 0.0137146046585801, 'ALR': 0.007892763840576581, 'JSW': 0.005114183164835506}"
505,2020-12-08,102221.46753472342,-1.4551915228366852e-11,"{'CDR': 0.1661157125470249, 'PKO': 0.12020323839203349, 'KGH': 0.11579892777129923, 'PZU': 0.10160590667114074, 'PKN': 0.09719716626854003, 'DNP': 0.07245461965339173, 'LPP': 0.06001025494502087, 'PEO': 0.05940005249291511, 'CPS': 0.05011079991893499, 'PGE': 0.034059485325793844, 'SPL': 0.03281250173038354, 'OPL': 0.030956423128334104, 'TPE': 0.016692525518312167, 'MBK': 0.01586083397288309, 'CCC': 0.0137146046585801, 'ALR': 0.007892763840576581, 'JSW': 0.005114183164835506}"
506,2020-12-09,104175.76819887725,-1.4551915228366852e-11,"{'CDR': 0.1661157125470249, 'PKO': 0.12020323839203349, 'KGH': 0.11579892777129923, 'PZU': 0.10160590667114074, 'PKN': 0.09719716626854003, 'DNP': 0.07245461965339173, 'LPP': 0.06001025494502087, 'PEO': 0.05940005249291511, 'CPS': 0.05011079991893499, 'PGE': 0.034059485325793844, 'SPL': 0.03281250173038354, 'OPL': 0.030956423128334104, 'TPE': 0.016692525518312167, 'MBK': 0.01586083397288309, 'CCC': 0.0137146046585801, 'ALR': 0.007892763840576581, 'JSW': 0.005114183164835506}"
507,2020-12-10,102717.41537130598,-1.4551915228366852e-11,"{'CDR': 0.1661157125470249, 'PKO': 0.12020323839203349, 'KGH': 0.11579892777129923, 'PZU': 0.10160590667114074, 'PKN': 0.09719716626854003, 'DNP': 0.07245461965339173, 'LPP': 0.06001025494502087, 'PEO': 0.05940005249291511, 'CPS': 0.05011079991893499, 'PGE': 0.034059485325793844, 'SPL': 0.03281250173038354, 'OPL': 0.030956423128334104, 'TPE': 0.016692525518312167, 'MBK': 0.01586083397288309, 'CCC': 0.0137146046585801, 'ALR': 0.007892763840576581, 'JSW': 0.005114183164835506}"
508,2020-12-11,100390.9175165138,-1.4551915228366852e-11,"{'CDR': 0.1661157125470249, 'PKO': 0.12020323839203349, 'KGH': 0.11579892777129923, 'PZU': 0.10160590667114074, 'PKN': 0.09719716626854003, 'DNP': 0.07245461965339173, 'LPP': 0.06001025494502087, 'PEO': 0.05940005249291511, 'CPS': 0.05011079991893499, 'PGE': 0.034059485325793844, 'SPL': 0.03281250173038354, 'OPL': 0.030956423128334104, 'TPE': 0.016692525518312167, 'MBK': 0.01586083397288309, 'CCC': 0.0137146046585801, 'ALR': 0.007892763840576581, 'JSW': 0.005114183164835506}"
509,2020-12-14,99278.51721631392,-1.4551915228366852e-11,"{'CDR': 0.1661157125470249, 'PKO': 0.12020323839203349, 'KGH': 0.11579892777129923, 'PZU': 0.10160590667114074, 'PKN': 0.09719716626854003, 'DNP': 0.07245461965339173, 'LPP': 0.06001025494502087, 'PEO': 0.05940005249291511, 'CPS': 0.05011079991893499, 'PGE': 0.034059485325793844, 'SPL': 0.03281250173038354, 'OPL': 0.030956423128334104, 'TPE': 0.016692525518312167, 'MBK': 0.01586083397288309, 'CCC': 0.0137146046585801, 'ALR': 0.007892763840576581, 'JSW': 0.005114183164835506}"
510,2020-12-15,99950.91015216637,-1.4551915228366852e-11,"{'CDR': 0.1661157125470249, 'PKO': 0.12020323839203349, 'KGH': 0.11579892777129923, 'PZU': 0.10160590667114074, 'PKN': 0.09719716626854003, 'DNP': 0.07245461965339173, 'LPP': 0.06001025494502087, 'PEO': 0.05940005249291511, 'CPS': 0.05011079991893499, 'PGE': 0.034059485325793844, 'SPL': 0.03281250173038354, 'OPL': 0.030956423128334104, 'TPE': 0.016692525518312167, 'MBK': 0.01586083397288309, 'CCC': 0.0137146046585801, 'ALR': 0.007892763840576581, 'JSW': 0.005114183164835506}"
511,2020-12-16,101790.84749251918,-1.4551915228366852e-11,"{'CDR': 0.1661157125470249, 'PKO': 0.12020323839203349, 'KGH': 0.11579892777129923, 'PZU': 0.10160590667114074, 'PKN': 0.09719716626854003, 'DNP': 0.07245461965339173, 'LPP': 0.06001025494502087, 'PEO': 0.05940005249291511, 'CPS': 0.05011079991893499, 'PGE': 0.034059485325793844, 'SPL': 0.03281250173038354, 'OPL': 0.030956423128334104, 'TPE': 0.016692525518312167, 'MBK': 0.01586083397288309, 'CCC': 0.0137146046585801, 'ALR': 0.007892763840576581, 'JSW': 0.005114183164835506}"
512,2020-12-17,101079.76214723071,-1.4551915228366852e-11,"{'CDR': 0.1661157125470249, 'PKO': 0.12020323839203349, 'KGH': 0.11579892777129923, 'PZU': 0.10160590667114074, 'PKN': 0.09719716626854003, 'DNP': 0.07245461965339173, 'LPP': 0.06001025494502087, 'PEO': 0.05940005249291511, 'CPS': 0.05011079991893499, 'PGE': 0.034059485325793844, 'SPL': 0.03281250173038354, 'OPL': 0.030956423128334104, 'TPE': 0.016692525518312167, 'MBK': 0.01586083397288309, 'CCC': 0.0137146046585801, 'ALR': 0.007892763840576581, 'JSW': 0.005114183164835506}"
513,2020-12-18,99636.88866621602,0.0,"{'CDR': 0.1354010349083272, 'ALE': 0.1308811103320569, 'PKO': 0.1242862929109943, 'KGH': 0.10499782675596533, 'PZU': 0.08144007292793608, 'PKN': 0.07812891620161361, 'DNP': 0.07039830116826408, 'PEO': 0.054305719914846916, 'LPP': 0.04100504340671602, 'CPS': 0.03958582516119549, 'SPL': 0.03206143036471371, 'PGE': 0.02610748198745547, 'OPL': 0.022361676454196375, 'ACP': 0.020822956225260186, 'TPE': 0.012153245959405284, 'CCC': 0.011986154690558604, 'ALR': 0.00816314876093364, 'JSW': 0.005913761869560942}"
514,2020-12-21,96438.42164392963,0.0,"{'CDR': 0.1354010349083272, 'ALE': 0.1308811103320569, 'PKO': 0.1242862929109943, 'KGH': 0.10499782675596533, 'PZU': 0.08144007292793608, 'PKN': 0.07812891620161361, 'DNP': 0.07039830116826408, 'PEO': 0.054305719914846916, 'LPP': 0.04100504340671602, 'CPS': 0.03958582516119549, 'SPL': 0.03206143036471371, 'PGE': 0.02610748198745547, 'OPL': 0.022361676454196375, 'ACP': 0.020822956225260186, 'TPE': 0.012153245959405284, 'CCC': 0.011986154690558604, 'ALR': 0.00816314876093364, 'JSW': 0.005913761869560942}"
515,2020-12-22,98515.91246320467,0.0,"{'CDR': 0.1354010349083272, 'ALE': 0.1308811103320569, 'PKO': 0.1242862929109943, 'KGH': 0.10499782675596533, 'PZU': 0.08144007292793608, 'PKN': 0.07812891620161361, 'DNP': 0.07039830116826408, 'PEO': 0.054305719914846916, 'LPP': 0.04100504340671602, 'CPS': 0.03958582516119549, 'SPL': 0.03206143036471371, 'PGE': 0.02610748198745547, 'OPL': 0.022361676454196375, 'ACP': 0.020822956225260186, 'TPE': 0.012153245959405284, 'CCC': 0.011986154690558604, 'ALR': 0.00816314876093364, 'JSW': 0.005913761869560942}"
516,2020-12-23,99885.78563707195,0.0,"{'CDR': 0.1354010349083272, 'ALE': 0.1308811103320569, 'PKO': 0.1242862929109943, 'KGH': 0.10499782675596533, 'PZU': 0.08144007292793608, 'PKN': 0.07812891620161361, 'DNP': 0.07039830116826408, 'PEO': 0.054305719914846916, 'LPP': 0.04100504340671602, 'CPS': 0.03958582516119549, 'SPL': 0.03206143036471371, 'PGE': 0.02610748198745547, 'OPL': 0.022361676454196375, 'ACP': 0.020822956225260186, 'TPE': 0.012153245959405284, 'CCC': 0.011986154690558604, 'ALR': 0.00816314876093364, 'JSW': 0.005913761869560942}"
517,2020-12-24,99885.78563707195,0.0,"{'CDR': 0.1354010349083272, 'ALE': 0.1308811103320569, 'PKO': 0.1242862929109943, 'KGH': 0.10499782675596533, 'PZU': 0.08144007292793608, 'PKN': 0.07812891620161361, 'DNP': 0.07039830116826408, 'PEO': 0.054305719914846916, 'LPP': 0.04100504340671602, 'CPS': 0.03958582516119549, 'SPL': 0.03206143036471371, 'PGE': 0.02610748198745547, 'OPL': 0.022361676454196375, 'ACP': 0.020822956225260186, 'TPE': 0.012153245959405284, 'CCC': 0.011986154690558604, 'ALR': 0.00816314876093364, 'JSW': 0.005913761869560942}"
518,2020-12-25,99885.78563707195,0.0,"{'CDR': 0.1354010349083272, 'ALE': 0.1308811103320569, 'PKO': 0.1242862929109943, 'KGH': 0.10499782675596533, 'PZU': 0.08144007292793608, 'PKN': 0.07812891620161361, 'DNP': 0.07039830116826408, 'PEO': 0.054305719914846916, 'LPP': 0.04100504340671602, 'CPS': 0.03958582516119549, 'SPL': 0.03206143036471371, 'PGE': 0.02610748198745547, 'OPL': 0.022361676454196375, 'ACP': 0.020822956225260186, 'TPE': 0.012153245959405284, 'CCC': 0.011986154690558604, 'ALR': 0.00816314876093364, 'JSW': 0.005913761869560942}"
519,2020-12-28,102255.32690248448,0.0,"{'CDR': 0.1354010349083272, 'ALE': 0.1308811103320569, 'PKO': 0.1242862929109943, 'KGH': 0.10499782675596533, 'PZU': 0.08144007292793608, 'PKN': 0.07812891620161361, 'DNP': 0.07039830116826408, 'PEO': 0.054305719914846916, 'LPP': 0.04100504340671602, 'CPS': 0.03958582516119549, 'SPL': 0.03206143036471371, 'PGE': 0.02610748198745547, 'OPL': 0.022361676454196375, 'ACP': 0.020822956225260186, 'TPE': 0.012153245959405284, 'CCC': 0.011986154690558604, 'ALR': 0.00816314876093364, 'JSW': 0.005913761869560942}"
520,2020-12-29,103059.71677215214,0.0,"{'CDR': 0.1354010349083272, 'ALE': 0.1308811103320569, 'PKO': 0.1242862929109943, 'KGH': 0.10499782675596533, 'PZU': 0.08144007292793608, 'PKN': 0.07812891620161361, 'DNP': 0.07039830116826408, 'PEO': 0.054305719914846916, 'LPP': 0.04100504340671602, 'CPS': 0.03958582516119549, 'SPL': 0.03206143036471371, 'PGE': 0.02610748198745547, 'OPL': 0.022361676454196375, 'ACP': 0.020822956225260186, 'TPE': 0.012153245959405284, 'CCC': 0.011986154690558604, 'ALR': 0.00816314876093364, 'JSW': 0.005913761869560942}"
521,2020-12-30,101311.3736531907,0.0,"{'CDR': 0.1354010349083272, 'ALE': 0.1308811103320569, 'PKO': 0.1242862929109943, 'KGH': 0.10499782675596533, 'PZU': 0.08144007292793608, 'PKN': 0.07812891620161361, 'DNP': 0.07039830116826408, 'PEO': 0.054305719914846916, 'LPP': 0.04100504340671602, 'CPS': 0.03958582516119549, 'SPL': 0.03206143036471371, 'PGE': 0.02610748198745547, 'OPL': 0.022361676454196375, 'ACP': 0.020822956225260186, 'TPE': 0.012153245959405284, 'CCC': 0.011986154690558604, 'ALR': 0.00816314876093364, 'JSW': 0.005913761869560942}"
522,2020-12-31,101311.3736531907,0.0,"{'CDR': 0.1354010349083272, 'ALE': 0.1308811103320569, 'PKO': 0.1242862929109943, 'KGH': 0.10499782675596533, 'PZU': 0.08144007292793608, 'PKN': 0.07812891620161361, 'DNP': 0.07039830116826408, 'PEO': 0.054305719914846916, 'LPP': 0.04100504340671602, 'CPS': 0.03958582516119549, 'SPL': 0.03206143036471371, 'PGE': 0.02610748198745547, 'OPL': 0.022361676454196375, 'ACP': 0.020822956225260186, 'TPE': 0.012153245959405284, 'CCC': 0.011986154690558604, 'ALR': 0.00816314876093364, 'JSW': 0.005913761869560942}"
523,2021-01-01,101311.3736531907,0.0,"{'CDR': 0.1354010349083272, 'ALE': 0.1308811103320569, 'PKO': 0.1242862929109943, 'KGH': 0.10499782675596533, 'PZU': 0.08144007292793608, 'PKN': 0.07812891620161361, 'DNP': 0.07039830116826408, 'PEO': 0.054305719914846916, 'LPP': 0.04100504340671602, 'CPS': 0.03958582516119549, 'SPL': 0.03206143036471371, 'PGE': 0.02610748198745547, 'OPL': 0.022361676454196375, 'ACP': 0.020822956225260186, 'TPE': 0.012153245959405284, 'CCC': 0.011986154690558604, 'ALR': 0.00816314876093364, 'JSW': 0.005913761869560942}"
524,2021-01-04,102452.47784287369,0.0,"{'CDR': 0.1354010349083272, 'ALE': 0.1308811103320569, 'PKO': 0.1242862929109943, 'KGH': 0.10499782675596533, 'PZU': 0.08144007292793608, 'PKN': 0.07812891620161361, 'DNP': 0.07039830116826408, 'PEO': 0.054305719914846916, 'LPP': 0.04100504340671602, 'CPS': 0.03958582516119549, 'SPL': 0.03206143036471371, 'PGE': 0.02610748198745547, 'OPL': 0.022361676454196375, 'ACP': 0.020822956225260186, 'TPE': 0.012153245959405284, 'CCC': 0.011986154690558604, 'ALR': 0.00816314876093364, 'JSW': 0.005913761869560942}"
525,2021-01-05,102291.14800622208,0.0,"{'CDR': 0.1354010349083272, 'ALE': 0.1308811103320569, 'PKO': 0.1242862929109943, 'KGH': 0.10499782675596533, 'PZU': 0.08144007292793608, 'PKN': 0.07812891620161361, 'DNP': 0.07039830116826408, 'PEO': 0.054305719914846916, 'LPP': 0.04100504340671602, 'CPS': 0.03958582516119549, 'SPL': 0.03206143036471371, 'PGE': 0.02610748198745547, 'OPL': 0.022361676454196375, 'ACP': 0.020822956225260186, 'TPE': 0.012153245959405284, 'CCC': 0.011986154690558604, 'ALR': 0.00816314876093364, 'JSW': 0.005913761869560942}"
526,2021-01-06,102291.14800622208,0.0,"{'CDR': 0.1354010349083272, 'ALE': 0.1308811103320569, 'PKO': 0.1242862929109943, 'KGH': 0.10499782675596533, 'PZU': 0.08144007292793608, 'PKN': 0.07812891620161361, 'DNP': 0.07039830116826408, 'PEO': 0.054305719914846916, 'LPP': 0.04100504340671602, 'CPS': 0.03958582516119549, 'SPL': 0.03206143036471371, 'PGE': 0.02610748198745547, 'OPL': 0.022361676454196375, 'ACP': 0.020822956225260186, 'TPE': 0.012153245959405284, 'CCC': 0.011986154690558604, 'ALR': 0.00816314876093364, 'JSW': 0.005913761869560942}"
527,2021-01-07,104860.29267900453,0.0,"{'CDR': 0.1354010349083272, 'ALE': 0.1308811103320569, 'PKO': 0.1242862929109943, 'KGH': 0.10499782675596533, 'PZU': 0.08144007292793608, 'PKN': 0.07812891620161361, 'DNP': 0.07039830116826408, 'PEO': 0.054305719914846916, 'LPP': 0.04100504340671602, 'CPS': 0.03958582516119549, 'SPL': 0.03206143036471371, 'PGE': 0.02610748198745547, 'OPL': 0.022361676454196375, 'ACP': 0.020822956225260186, 'TPE': 0.012153245959405284, 'CCC': 0.011986154690558604, 'ALR': 0.00816314876093364, 'JSW': 0.005913761869560942}"
528,2021-01-08,104837.96057709638,0.0,"{'CDR': 0.1354010349083272, 'ALE': 0.1308811103320569, 'PKO': 0.1242862929109943, 'KGH': 0.10499782675596533, 'PZU': 0.08144007292793608, 'PKN': 0.07812891620161361, 'DNP': 0.07039830116826408, 'PEO': 0.054305719914846916, 'LPP': 0.04100504340671602, 'CPS': 0.03958582516119549, 'SPL': 0.03206143036471371, 'PGE': 0.02610748198745547, 'OPL': 0.022361676454196375, 'ACP': 0.020822956225260186, 'TPE': 0.012153245959405284, 'CCC': 0.011986154690558604, 'ALR': 0.00816314876093364, 'JSW': 0.005913761869560942}"
529,2021-01-11,104643.35930025336,0.0,"{'CDR': 0.1354010349083272, 'ALE': 0.1308811103320569, 'PKO': 0.1242862929109943, 'KGH': 0.10499782675596533, 'PZU': 0.08144007292793608, 'PKN': 0.07812891620161361, 'DNP': 0.07039830116826408, 'PEO': 0.054305719914846916, 'LPP': 0.04100504340671602, 'CPS': 0.03958582516119549, 'SPL': 0.03206143036471371, 'PGE': 0.02610748198745547, 'OPL': 0.022361676454196375, 'ACP': 0.020822956225260186, 'TPE': 0.012153245959405284, 'CCC': 0.011986154690558604, 'ALR': 0.00816314876093364, 'JSW': 0.005913761869560942}"
530,2021-01-12,103399.12141266653,0.0,"{'CDR': 0.1354010349083272, 'ALE': 0.1308811103320569, 'PKO': 0.1242862929109943, 'KGH': 0.10499782675596533, 'PZU': 0.08144007292793608, 'PKN': 0.07812891620161361, 'DNP': 0.07039830116826408, 'PEO': 0.054305719914846916, 'LPP': 0.04100504340671602, 'CPS': 0.03958582516119549, 'SPL': 0.03206143036471371, 'PGE': 0.02610748198745547, 'OPL': 0.022361676454196375, 'ACP': 0.020822956225260186, 'TPE': 0.012153245959405284, 'CCC': 0.011986154690558604, 'ALR': 0.00816314876093364, 'JSW': 0.005913761869560942}"
531,2021-01-13,102288.5060369238,0.0,"{'CDR': 0.1354010349083272, 'ALE': 0.1308811103320569, 'PKO': 0.1242862929109943, 'KGH': 0.10499782675596533, 'PZU': 0.08144007292793608, 'PKN': 0.07812891620161361, 'DNP': 0.07039830116826408, 'PEO': 0.054305719914846916, 'LPP': 0.04100504340671602, 'CPS': 0.03958582516119549, 'SPL': 0.03206143036471371, 'PGE': 0.02610748198745547, 'OPL': 0.022361676454196375, 'ACP': 0.020822956225260186, 'TPE': 0.012153245959405284, 'CCC': 0.011986154690558604, 'ALR': 0.00816314876093364, 'JSW': 0.005913761869560942}"
532,2021-01-14,103053.06640304602,0.0,"{'CDR': 0.1354010349083272, 'ALE': 0.1308811103320569, 'PKO': 0.1242862929109943, 'KGH': 0.10499782675596533, 'PZU': 0.08144007292793608, 'PKN': 0.07812891620161361, 'DNP': 0.07039830116826408, 'PEO': 0.054305719914846916, 'LPP': 0.04100504340671602, 'CPS': 0.03958582516119549, 'SPL': 0.03206143036471371, 'PGE': 0.02610748198745547, 'OPL': 0.022361676454196375, 'ACP': 0.020822956225260186, 'TPE': 0.012153245959405284, 'CCC': 0.011986154690558604, 'ALR': 0.00816314876093364, 'JSW': 0.005913761869560942}"
533,2021-01-15,100685.64531921665,0.0,"{'CDR': 0.1354010349083272, 'ALE': 0.1308811103320569, 'PKO': 0.1242862929109943, 'KGH': 0.10499782675596533, 'PZU': 0.08144007292793608, 'PKN': 0.07812891620161361, 'DNP': 0.07039830116826408, 'PEO': 0.054305719914846916, 'LPP': 0.04100504340671602, 'CPS': 0.03958582516119549, 'SPL': 0.03206143036471371, 'PGE': 0.02610748198745547, 'OPL': 0.022361676454196375, 'ACP': 0.020822956225260186, 'TPE': 0.012153245959405284, 'CCC': 0.011986154690558604, 'ALR': 0.00816314876093364, 'JSW': 0.005913761869560942}"
534,2021-01-18,102433.2570494361,0.0,"{'CDR': 0.1354010349083272, 'ALE': 0.1308811103320569, 'PKO': 0.1242862929109943, 'KGH': 0.10499782675596533, 'PZU': 0.08144007292793608, 'PKN': 0.07812891620161361, 'DNP': 0.07039830116826408, 'PEO': 0.054305719914846916, 'LPP': 0.04100504340671602, 'CPS': 0.03958582516119549, 'SPL': 0.03206143036471371, 'PGE': 0.02610748198745547, 'OPL': 0.022361676454196375, 'ACP': 0.020822956225260186, 'TPE': 0.012153245959405284, 'CCC': 0.011986154690558604, 'ALR': 0.00816314876093364, 'JSW': 0.005913761869560942}"
535,2021-01-19,100253.27164921332,0.0,"{'CDR': 0.1354010349083272, 'ALE': 0.1308811103320569, 'PKO': 0.1242862929109943, 'KGH': 0.10499782675596533, 'PZU': 0.08144007292793608, 'PKN': 0.07812891620161361, 'DNP': 0.07039830116826408, 'PEO': 0.054305719914846916, 'LPP': 0.04100504340671602, 'CPS': 0.03958582516119549, 'SPL': 0.03206143036471371, 'PGE': 0.02610748198745547, 'OPL': 0.022361676454196375, 'ACP': 0.020822956225260186, 'TPE': 0.012153245959405284, 'CCC': 0.011986154690558604, 'ALR': 0.00816314876093364, 'JSW': 0.005913761869560942}"
536,2021-01-20,100606.63419177027,0.0,"{'CDR': 0.1354010349083272, 'ALE': 0.1308811103320569, 'PKO': 0.1242862929109943, 'KGH': 0.10499782675596533, 'PZU': 0.08144007292793608, 'PKN': 0.07812891620161361, 'DNP': 0.07039830116826408, 'PEO': 0.054305719914846916, 'LPP': 0.04100504340671602, 'CPS': 0.03958582516119549, 'SPL': 0.03206143036471371, 'PGE': 0.02610748198745547, 'OPL': 0.022361676454196375, 'ACP': 0.020822956225260186, 'TPE': 0.012153245959405284, 'CCC': 0.011986154690558604, 'ALR': 0.00816314876093364, 'JSW': 0.005913761869560942}"
537,2021-01-21,98994.75963918908,0.0,"{'CDR': 0.1354010349083272, 'ALE': 0.1308811103320569, 'PKO': 0.1242862929109943, 'KGH': 0.10499782675596533, 'PZU': 0.08144007292793608, 'PKN': 0.07812891620161361, 'DNP': 0.07039830116826408, 'PEO': 0.054305719914846916, 'LPP': 0.04100504340671602, 'CPS': 0.03958582516119549, 'SPL': 0.03206143036471371, 'PGE': 0.02610748198745547, 'OPL': 0.022361676454196375, 'ACP': 0.020822956225260186, 'TPE': 0.012153245959405284, 'CCC': 0.011986154690558604, 'ALR': 0.00816314876093364, 'JSW': 0.005913761869560942}"
538,2021-01-22,99009.64137186782,0.0,"{'CDR': 0.1354010349083272, 'ALE': 0.1308811103320569, 'PKO': 0.1242862929109943, 'KGH': 0.10499782675596533, 'PZU': 0.08144007292793608, 'PKN': 0.07812891620161361, 'DNP': 0.07039830116826408, 'PEO': 0.054305719914846916, 'LPP': 0.04100504340671602, 'CPS': 0.03958582516119549, 'SPL': 0.03206143036471371, 'PGE': 0.02610748198745547, 'OPL': 0.022361676454196375, 'ACP': 0.020822956225260186, 'TPE': 0.012153245959405284, 'CCC': 0.011986154690558604, 'ALR': 0.00816314876093364, 'JSW': 0.005913761869560942}"
539,2021-01-25,99150.10286009825,0.0,"{'CDR': 0.1354010349083272, 'ALE': 0.1308811103320569, 'PKO': 0.1242862929109943, 'KGH': 0.10499782675596533, 'PZU': 0.08144007292793608, 'PKN': 0.07812891620161361, 'DNP': 0.07039830116826408, 'PEO': 0.054305719914846916, 'LPP': 0.04100504340671602, 'CPS': 0.03958582516119549, 'SPL': 0.03206143036471371, 'PGE': 0.02610748198745547, 'OPL': 0.022361676454196375, 'ACP': 0.020822956225260186, 'TPE': 0.012153245959405284, 'CCC': 0.011986154690558604, 'ALR': 0.00816314876093364, 'JSW': 0.005913761869560942}"
540,2021-01-26,101474.22970782261,0.0,"{'CDR': 0.1354010349083272, 'ALE': 0.1308811103320569, 'PKO': 0.1242862929109943, 'KGH': 0.10499782675596533, 'PZU': 0.08144007292793608, 'PKN': 0.07812891620161361, 'DNP': 0.07039830116826408, 'PEO': 0.054305719914846916, 'LPP': 0.04100504340671602, 'CPS': 0.03958582516119549, 'SPL': 0.03206143036471371, 'PGE': 0.02610748198745547, 'OPL': 0.022361676454196375, 'ACP': 0.020822956225260186, 'TPE': 0.012153245959405284, 'CCC': 0.011986154690558604, 'ALR': 0.00816314876093364, 'JSW': 0.005913761869560942}"
541,2021-01-27,99270.375903751,0.0,"{'CDR': 0.1354010349083272, 'ALE': 0.1308811103320569, 'PKO': 0.1242862929109943, 'KGH': 0.10499782675596533, 'PZU': 0.08144007292793608, 'PKN': 0.07812891620161361, 'DNP': 0.07039830116826408, 'PEO': 0.054305719914846916, 'LPP': 0.04100504340671602, 'CPS': 0.03958582516119549, 'SPL': 0.03206143036471371, 'PGE': 0.02610748198745547, 'OPL': 0.022361676454196375, 'ACP': 0.020822956225260186, 'TPE': 0.012153245959405284, 'CCC': 0.011986154690558604, 'ALR': 0.00816314876093364, 'JSW': 0.005913761869560942}"
542,2021-01-28,103001.41226221123,0.0,"{'CDR': 0.1354010349083272, 'ALE': 0.1308811103320569, 'PKO': 0.1242862929109943, 'KGH': 0.10499782675596533, 'PZU': 0.08144007292793608, 'PKN': 0.07812891620161361, 'DNP': 0.07039830116826408, 'PEO': 0.054305719914846916, 'LPP': 0.04100504340671602, 'CPS': 0.03958582516119549, 'SPL': 0.03206143036471371, 'PGE': 0.02610748198745547, 'OPL': 0.022361676454196375, 'ACP': 0.020822956225260186, 'TPE': 0.012153245959405284, 'CCC': 0.011986154690558604, 'ALR': 0.00816314876093364, 'JSW': 0.005913761869560942}"
543,2021-01-29,99937.84520464613,0.0,"{'CDR': 0.1354010349083272, 'ALE': 0.1308811103320569, 'PKO': 0.1242862929109943, 'KGH': 0.10499782675596533, 'PZU': 0.08144007292793608, 'PKN': 0.07812891620161361, 'DNP': 0.07039830116826408, 'PEO': 0.054305719914846916, 'LPP': 0.04100504340671602, 'CPS': 0.03958582516119549, 'SPL': 0.03206143036471371, 'PGE': 0.02610748198745547, 'OPL': 0.022361676454196375, 'ACP': 0.020822956225260186, 'TPE': 0.012153245959405284, 'CCC': 0.011986154690558604, 'ALR': 0.00816314876093364, 'JSW': 0.005913761869560942}"
544,2021-02-01,100773.55132655549,0.0,"{'CDR': 0.1354010349083272, 'ALE': 0.1308811103320569, 'PKO': 0.1242862929109943, 'KGH': 0.10499782675596533, 'PZU': 0.08144007292793608, 'PKN': 0.07812891620161361, 'DNP': 0.07039830116826408, 'PEO': 0.054305719914846916, 'LPP': 0.04100504340671602, 'CPS': 0.03958582516119549, 'SPL': 0.03206143036471371, 'PGE': 0.02610748198745547, 'OPL': 0.022361676454196375, 'ACP': 0.020822956225260186, 'TPE': 0.012153245959405284, 'CCC': 0.011986154690558604, 'ALR': 0.00816314876093364, 'JSW': 0.005913761869560942}"
545,2021-02-02,99654.21264120203,0.0,"{'CDR': 0.1354010349083272, 'ALE': 0.1308811103320569, 'PKO': 0.1242862929109943, 'KGH': 0.10499782675596533, 'PZU': 0.08144007292793608, 'PKN': 0.07812891620161361, 'DNP': 0.07039830116826408, 'PEO': 0.054305719914846916, 'LPP': 0.04100504340671602, 'CPS': 0.03958582516119549, 'SPL': 0.03206143036471371, 'PGE': 0.02610748198745547, 'OPL': 0.022361676454196375, 'ACP': 0.020822956225260186, 'TPE': 0.012153245959405284, 'CCC': 0.011986154690558604, 'ALR': 0.00816314876093364, 'JSW': 0.005913761869560942}"
546,2021-02-03,99076.34815260884,2.9103830456733704e-11,"{'CDR': 0.1444987415414912, 'ALE': 0.10870628766365861, 'PKO': 0.12822718315901677, 'PZU': 0.0803812110259073, 'DNP': 0.06487176988942073, 'PEO': 0.05854367326719418, 'LPP': 0.0432892087276147, 'SPL': 0.034510394589204886, 'PGE': 0.027787852637334166, 'OPL': 0.02255756038479569, 'ACP': 0.02141470172625201, 'TPE': 0.013417840532508008, 'CCC': 0.013325037019422796, 'ALR': 0.008426114268450725, 'JSW': 0.007745589601784624, 'CCE': 0.10351841249109275, 'PBG': 0.07916237430930245, 'BST': 0.03961604716554818}"
547,2021-02-04,98658.1486818381,2.9103830456733704e-11,"{'CDR': 0.1444987415414912, 'ALE': 0.10870628766365861, 'PKO': 0.12822718315901677, 'PZU': 0.0803812110259073, 'DNP': 0.06487176988942073, 'PEO': 0.05854367326719418, 'LPP': 0.0432892087276147, 'SPL': 0.034510394589204886, 'PGE': 0.027787852637334166, 'OPL': 0.02255756038479569, 'ACP': 0.02141470172625201, 'TPE': 0.013417840532508008, 'CCC': 0.013325037019422796, 'ALR': 0.008426114268450725, 'JSW': 0.007745589601784624, 'CCE': 0.10351841249109275, 'PBG': 0.07916237430930245, 'BST': 0.03961604716554818}"
548,2021-02-05,99563.20187519093,2.9103830456733704e-11,"{'CDR': 0.1444987415414912, 'ALE': 0.10870628766365861, 'PKO': 0.12822718315901677, 'PZU': 0.0803812110259073, 'DNP': 0.06487176988942073, 'PEO': 0.05854367326719418, 'LPP': 0.0432892087276147, 'SPL': 0.034510394589204886, 'PGE': 0.027787852637334166, 'OPL': 0.02255756038479569, 'ACP': 0.02141470172625201, 'TPE': 0.013417840532508008, 'CCC': 0.013325037019422796, 'ALR': 0.008426114268450725, 'JSW': 0.007745589601784624, 'CCE': 0.10351841249109275, 'PBG': 0.07916237430930245, 'BST': 0.03961604716554818}"
549,2021-02-08,98737.6657633629,2.9103830456733704e-11,"{'CDR': 0.1444987415414912, 'ALE': 0.10870628766365861, 'PKO': 0.12822718315901677, 'PZU': 0.0803812110259073, 'DNP': 0.06487176988942073, 'PEO': 0.05854367326719418, 'LPP': 0.0432892087276147, 'SPL': 0.034510394589204886, 'PGE': 0.027787852637334166, 'OPL': 0.02255756038479569, 'ACP': 0.02141470172625201, 'TPE': 0.013417840532508008, 'CCC': 0.013325037019422796, 'ALR': 0.008426114268450725, 'JSW': 0.007745589601784624, 'CCE': 0.10351841249109275, 'PBG': 0.07916237430930245, 'BST': 0.03961604716554818}"
550,2021-02-09,97890.45945327627,2.9103830456733704e-11,"{'CDR': 0.1444987415414912, 'ALE': 0.10870628766365861, 'PKO': 0.12822718315901677, 'PZU': 0.0803812110259073, 'DNP': 0.06487176988942073, 'PEO': 0.05854367326719418, 'LPP': 0.0432892087276147, 'SPL': 0.034510394589204886, 'PGE': 0.027787852637334166, 'OPL': 0.02255756038479569, 'ACP': 0.02141470172625201, 'TPE': 0.013417840532508008, 'CCC': 0.013325037019422796, 'ALR': 0.008426114268450725, 'JSW': 0.007745589601784624, 'CCE': 0.10351841249109275, 'PBG': 0.07916237430930245, 'BST': 0.03961604716554818}"
551,2021-02-10,97992.78283982426,2.9103830456733704e-11,"{'CDR': 0.1444987415414912, 'ALE': 0.10870628766365861, 'PKO': 0.12822718315901677, 'PZU': 0.0803812110259073, 'DNP': 0.06487176988942073, 'PEO': 0.05854367326719418, 'LPP': 0.0432892087276147, 'SPL': 0.034510394589204886, 'PGE': 0.027787852637334166, 'OPL': 0.02255756038479569, 'ACP': 0.02141470172625201, 'TPE': 0.013417840532508008, 'CCC': 0.013325037019422796, 'ALR': 0.008426114268450725, 'JSW': 0.007745589601784624, 'CCE': 0.10351841249109275, 'PBG': 0.07916237430930245, 'BST': 0.03961604716554818}"
552,2021-02-11,99668.52201547111,2.9103830456733704e-11,"{'CDR': 0.1444987415414912, 'ALE': 0.10870628766365861, 'PKO': 0.12822718315901677, 'PZU': 0.0803812110259073, 'DNP': 0.06487176988942073, 'PEO': 0.05854367326719418, 'LPP': 0.0432892087276147, 'SPL': 0.034510394589204886, 'PGE': 0.027787852637334166, 'OPL': 0.02255756038479569, 'ACP': 0.02141470172625201, 'TPE': 0.013417840532508008, 'CCC': 0.013325037019422796, 'ALR': 0.008426114268450725, 'JSW': 0.007745589601784624, 'CCE': 0.10351841249109275, 'PBG': 0.07916237430930245, 'BST': 0.03961604716554818}"
553,2021-02-12,98947.51014134283,2.9103830456733704e-11,"{'CDR': 0.1444987415414912, 'ALE': 0.10870628766365861, 'PKO': 0.12822718315901677, 'PZU': 0.0803812110259073, 'DNP': 0.06487176988942073, 'PEO': 0.05854367326719418, 'LPP': 0.0432892087276147, 'SPL': 0.034510394589204886, 'PGE': 0.027787852637334166, 'OPL': 0.02255756038479569, 'ACP': 0.02141470172625201, 'TPE': 0.013417840532508008, 'CCC': 0.013325037019422796, 'ALR': 0.008426114268450725, 'JSW': 0.007745589601784624, 'CCE': 0.10351841249109275, 'PBG': 0.07916237430930245, 'BST': 0.03961604716554818}"
554,2021-02-15,100497.9082004456,2.9103830456733704e-11,"{'CDR': 0.1444987415414912, 'ALE': 0.10870628766365861, 'PKO': 0.12822718315901677, 'PZU': 0.0803812110259073, 'DNP': 0.06487176988942073, 'PEO': 0.05854367326719418, 'LPP': 0.0432892087276147, 'SPL': 0.034510394589204886, 'PGE': 0.027787852637334166, 'OPL': 0.02255756038479569, 'ACP': 0.02141470172625201, 'TPE': 0.013417840532508008, 'CCC': 0.013325037019422796, 'ALR': 0.008426114268450725, 'JSW': 0.007745589601784624, 'CCE': 0.10351841249109275, 'PBG': 0.07916237430930245, 'BST': 0.03961604716554818}"
555,2021-02-16,102003.06697955137,2.9103830456733704e-11,"{'CDR': 0.1444987415414912, 'ALE': 0.10870628766365861, 'PKO': 0.12822718315901677, 'PZU': 0.0803812110259073, 'DNP': 0.06487176988942073, 'PEO': 0.05854367326719418, 'LPP': 0.0432892087276147, 'SPL': 0.034510394589204886, 'PGE': 0.027787852637334166, 'OPL': 0.02255756038479569, 'ACP': 0.02141470172625201, 'TPE': 0.013417840532508008, 'CCC': 0.013325037019422796, 'ALR': 0.008426114268450725, 'JSW': 0.007745589601784624, 'CCE': 0.10351841249109275, 'PBG': 0.07916237430930245, 'BST': 0.03961604716554818}"
556,2021-02-17,100855.02241345562,2.9103830456733704e-11,"{'CDR': 0.1444987415414912, 'ALE': 0.10870628766365861, 'PKO': 0.12822718315901677, 'PZU': 0.0803812110259073, 'DNP': 0.06487176988942073, 'PEO': 0.05854367326719418, 'LPP': 0.0432892087276147, 'SPL': 0.034510394589204886, 'PGE': 0.027787852637334166, 'OPL': 0.02255756038479569, 'ACP': 0.02141470172625201, 'TPE': 0.013417840532508008, 'CCC': 0.013325037019422796, 'ALR': 0.008426114268450725, 'JSW': 0.007745589601784624, 'CCE': 0.10351841249109275, 'PBG': 0.07916237430930245, 'BST': 0.03961604716554818}"
557,2021-02-18,100701.04346190812,2.9103830456733704e-11,"{'CDR': 0.1444987415414912, 'ALE': 0.10870628766365861, 'PKO': 0.12822718315901677, 'PZU': 0.0803812110259073, 'DNP': 0.06487176988942073, 'PEO': 0.05854367326719418, 'LPP': 0.0432892087276147, 'SPL': 0.034510394589204886, 'PGE': 0.027787852637334166, 'OPL': 0.02255756038479569, 'ACP': 0.02141470172625201, 'TPE': 0.013417840532508008, 'CCC': 0.013325037019422796, 'ALR': 0.008426114268450725, 'JSW': 0.007745589601784624, 'CCE': 0.10351841249109275, 'PBG': 0.07916237430930245, 'BST': 0.03961604716554818}"
558,2021-02-19,99809.09326961069,2.9103830456733704e-11,"{'CDR': 0.1444987415414912, 'ALE': 0.10870628766365861, 'PKO': 0.12822718315901677, 'PZU': 0.0803812110259073, 'DNP': 0.06487176988942073, 'PEO': 0.05854367326719418, 'LPP': 0.0432892087276147, 'SPL': 0.034510394589204886, 'PGE': 0.027787852637334166, 'OPL': 0.02255756038479569, 'ACP': 0.02141470172625201, 'TPE': 0.013417840532508008, 'CCC': 0.013325037019422796, 'ALR': 0.008426114268450725, 'JSW': 0.007745589601784624, 'CCE': 0.10351841249109275, 'PBG': 0.07916237430930245, 'BST': 0.03961604716554818}"
559,2021-02-22,98606.33089712248,2.9103830456733704e-11,"{'CDR': 0.1444987415414912, 'ALE': 0.10870628766365861, 'PKO': 0.12822718315901677, 'PZU': 0.0803812110259073, 'DNP': 0.06487176988942073, 'PEO': 0.05854367326719418, 'LPP': 0.0432892087276147, 'SPL': 0.034510394589204886, 'PGE': 0.027787852637334166, 'OPL': 0.02255756038479569, 'ACP': 0.02141470172625201, 'TPE': 0.013417840532508008, 'CCC': 0.013325037019422796, 'ALR': 0.008426114268450725, 'JSW': 0.007745589601784624, 'CCE': 0.10351841249109275, 'PBG': 0.07916237430930245, 'BST': 0.03961604716554818}"
560,2021-02-23,97148.96045550716,2.9103830456733704e-11,"{'CDR': 0.1444987415414912, 'ALE': 0.10870628766365861, 'PKO': 0.12822718315901677, 'PZU': 0.0803812110259073, 'DNP': 0.06487176988942073, 'PEO': 0.05854367326719418, 'LPP': 0.0432892087276147, 'SPL': 0.034510394589204886, 'PGE': 0.027787852637334166, 'OPL': 0.02255756038479569, 'ACP': 0.02141470172625201, 'TPE': 0.013417840532508008, 'CCC': 0.013325037019422796, 'ALR': 0.008426114268450725, 'JSW': 0.007745589601784624, 'CCE': 0.10351841249109275, 'PBG': 0.07916237430930245, 'BST': 0.03961604716554818}"
561,2021-02-24,97489.67252275666,2.9103830456733704e-11,"{'CDR': 0.1444987415414912, 'ALE': 0.10870628766365861, 'PKO': 0.12822718315901677, 'PZU': 0.0803812110259073, 'DNP': 0.06487176988942073, 'PEO': 0.05854367326719418, 'LPP': 0.0432892087276147, 'SPL': 0.034510394589204886, 'PGE': 0.027787852637334166, 'OPL': 0.02255756038479569, 'ACP': 0.02141470172625201, 'TPE': 0.013417840532508008, 'CCC': 0.013325037019422796, 'ALR': 0.008426114268450725, 'JSW': 0.007745589601784624, 'CCE': 0.10351841249109275, 'PBG': 0.07916237430930245, 'BST': 0.03961604716554818}"
562,2021-02-25,97691.79486045612,2.9103830456733704e-11,"{'CDR': 0.1444987415414912, 'ALE': 0.10870628766365861, 'PKO': 0.12822718315901677, 'PZU': 0.0803812110259073, 'DNP': 0.06487176988942073, 'PEO': 0.05854367326719418, 'LPP': 0.0432892087276147, 'SPL': 0.034510394589204886, 'PGE': 0.027787852637334166, 'OPL': 0.02255756038479569, 'ACP': 0.02141470172625201, 'TPE': 0.013417840532508008, 'CCC': 0.013325037019422796, 'ALR': 0.008426114268450725, 'JSW': 0.007745589601784624, 'CCE': 0.10351841249109275, 'PBG': 0.07916237430930245, 'BST': 0.03961604716554818}"
563,2021-02-26,96668.48763996515,2.9103830456733704e-11,"{'CDR': 0.1444987415414912, 'ALE': 0.10870628766365861, 'PKO': 0.12822718315901677, 'PZU': 0.0803812110259073, 'DNP': 0.06487176988942073, 'PEO': 0.05854367326719418, 'LPP': 0.0432892087276147, 'SPL': 0.034510394589204886, 'PGE': 0.027787852637334166, 'OPL': 0.02255756038479569, 'ACP': 0.02141470172625201, 'TPE': 0.013417840532508008, 'CCC': 0.013325037019422796, 'ALR': 0.008426114268450725, 'JSW': 0.007745589601784624, 'CCE': 0.10351841249109275, 'PBG': 0.07916237430930245, 'BST': 0.03961604716554818}"
564,2021-03-01,98283.44928140497,2.9103830456733704e-11,"{'CDR': 0.1444987415414912, 'ALE': 0.10870628766365861, 'PKO': 0.12822718315901677, 'PZU': 0.0803812110259073, 'DNP': 0.06487176988942073, 'PEO': 0.05854367326719418, 'LPP': 0.0432892087276147, 'SPL': 0.034510394589204886, 'PGE': 0.027787852637334166, 'OPL': 0.02255756038479569, 'ACP': 0.02141470172625201, 'TPE': 0.013417840532508008, 'CCC': 0.013325037019422796, 'ALR': 0.008426114268450725, 'JSW': 0.007745589601784624, 'CCE': 0.10351841249109275, 'PBG': 0.07916237430930245, 'BST': 0.03961604716554818}"
565,2021-03-02,98628.98606797923,2.9103830456733704e-11,"{'CDR': 0.1444987415414912, 'ALE': 0.10870628766365861, 'PKO': 0.12822718315901677, 'PZU': 0.0803812110259073, 'DNP': 0.06487176988942073, 'PEO': 0.05854367326719418, 'LPP': 0.0432892087276147, 'SPL': 0.034510394589204886, 'PGE': 0.027787852637334166, 'OPL': 0.02255756038479569, 'ACP': 0.02141470172625201, 'TPE': 0.013417840532508008, 'CCC': 0.013325037019422796, 'ALR': 0.008426114268450725, 'JSW': 0.007745589601784624, 'CCE': 0.10351841249109275, 'PBG': 0.07916237430930245, 'BST': 0.03961604716554818}"
566,2021-03-03,98010.93094456145,0.0,"{'CDR': 0.1157901060845472, 'ALE': 0.10270221243036576, 'DNP': 0.06146570293353469, 'LPP': 0.04435644975650215, 'OPL': 0.022592357025911655, 'ACP': 0.021232397596728153, 'TPE': 0.01212642167603747, 'CCC': 0.014369305401147562, 'ALR': 0.01173272914975258, 'CCE': 0.10781471933769893, 'PBG': 0.08296688662371972, 'BST': 0.040046689114953474, 'YAN': 0.13872234394673708, 'NTC': 0.08138794804828187, 'CPL': 0.0673858299011783, 'MEG': 0.03945215554542945, 'RAF': 0.027711006722013938, 'PMA': 0.008144738705459977}"
567,2021-03-04,97391.676402107,0.0,"{'CDR': 0.1157901060845472, 'ALE': 0.10270221243036576, 'DNP': 0.06146570293353469, 'LPP': 0.04435644975650215, 'OPL': 0.022592357025911655, 'ACP': 0.021232397596728153, 'TPE': 0.01212642167603747, 'CCC': 0.014369305401147562, 'ALR': 0.01173272914975258, 'CCE': 0.10781471933769893, 'PBG': 0.08296688662371972, 'BST': 0.040046689114953474, 'YAN': 0.13872234394673708, 'NTC': 0.08138794804828187, 'CPL': 0.0673858299011783, 'MEG': 0.03945215554542945, 'RAF': 0.027711006722013938, 'PMA': 0.008144738705459977}"
568,2021-03-05,98848.65856299107,0.0,"{'CDR': 0.1157901060845472, 'ALE': 0.10270221243036576, 'DNP': 0.06146570293353469, 'LPP': 0.04435644975650215, 'OPL': 0.022592357025911655, 'ACP': 0.021232397596728153, 'TPE': 0.01212642167603747, 'CCC': 0.014369305401147562, 'ALR': 0.01173272914975258, 'CCE': 0.10781471933769893, 'PBG': 0.08296688662371972, 'BST': 0.040046689114953474, 'YAN': 0.13872234394673708, 'NTC': 0.08138794804828187, 'CPL': 0.0673858299011783, 'MEG': 0.03945215554542945, 'RAF': 0.027711006722013938, 'PMA': 0.008144738705459977}"
569,2021-03-08,99262.02253554975,0.0,"{'CDR': 0.1157901060845472, 'ALE': 0.10270221243036576, 'DNP': 0.06146570293353469, 'LPP': 0.04435644975650215, 'OPL': 0.022592357025911655, 'ACP': 0.021232397596728153, 'TPE': 0.01212642167603747, 'CCC': 0.014369305401147562, 'ALR': 0.01173272914975258, 'CCE': 0.10781471933769893, 'PBG': 0.08296688662371972, 'BST': 0.040046689114953474, 'YAN': 0.13872234394673708, 'NTC': 0.08138794804828187, 'CPL': 0.0673858299011783, 'MEG': 0.03945215554542945, 'RAF': 0.027711006722013938, 'PMA': 0.008144738705459977}"
570,2021-03-09,100284.3674434743,0.0,"{'CDR': 0.1157901060845472, 'ALE': 0.10270221243036576, 'DNP': 0.06146570293353469, 'LPP': 0.04435644975650215, 'OPL': 0.022592357025911655, 'ACP': 0.021232397596728153, 'TPE': 0.01212642167603747, 'CCC': 0.014369305401147562, 'ALR': 0.01173272914975258, 'CCE': 0.10781471933769893, 'PBG': 0.08296688662371972, 'BST': 0.040046689114953474, 'YAN': 0.13872234394673708, 'NTC': 0.08138794804828187, 'CPL': 0.0673858299011783, 'MEG': 0.03945215554542945, 'RAF': 0.027711006722013938, 'PMA': 0.008144738705459977}"
571,2021-03-10,96380.96782138199,0.0,"{'CDR': 0.1157901060845472, 'ALE': 0.10270221243036576, 'DNP': 0.06146570293353469, 'LPP': 0.04435644975650215, 'OPL': 0.022592357025911655, 'ACP': 0.021232397596728153, 'TPE': 0.01212642167603747, 'CCC': 0.014369305401147562, 'ALR': 0.01173272914975258, 'CCE': 0.10781471933769893, 'PBG': 0.08296688662371972, 'BST': 0.040046689114953474, 'YAN': 0.13872234394673708, 'NTC': 0.08138794804828187, 'CPL': 0.0673858299011783, 'MEG': 0.03945215554542945, 'RAF': 0.027711006722013938, 'PMA': 0.008144738705459977}"
572,2021-03-11,97832.74675422635,0.0,"{'CDR': 0.1157901060845472, 'ALE': 0.10270221243036576, 'DNP': 0.06146570293353469, 'LPP': 0.04435644975650215, 'OPL': 0.022592357025911655, 'ACP': 0.021232397596728153, 'TPE': 0.01212642167603747, 'CCC': 0.014369305401147562, 'ALR': 0.01173272914975258, 'CCE': 0.10781471933769893, 'PBG': 0.08296688662371972, 'BST': 0.040046689114953474, 'YAN': 0.13872234394673708, 'NTC': 0.08138794804828187, 'CPL': 0.0673858299011783, 'MEG': 0.03945215554542945, 'RAF': 0.027711006722013938, 'PMA': 0.008144738705459977}"
573,2021-03-12,99046.99929465498,0.0,"{'CDR': 0.1157901060845472, 'ALE': 0.10270221243036576, 'DNP': 0.06146570293353469, 'LPP': 0.04435644975650215, 'OPL': 0.022592357025911655, 'ACP': 0.021232397596728153, 'TPE': 0.01212642167603747, 'CCC': 0.014369305401147562, 'ALR': 0.01173272914975258, 'CCE': 0.10781471933769893, 'PBG': 0.08296688662371972, 'BST': 0.040046689114953474, 'YAN': 0.13872234394673708, 'NTC': 0.08138794804828187, 'CPL': 0.0673858299011783, 'MEG': 0.03945215554542945, 'RAF': 0.027711006722013938, 'PMA': 0.008144738705459977}"
574,2021-03-15,103677.4146993781,0.0,"{'CDR': 0.1157901060845472, 'ALE': 0.10270221243036576, 'DNP': 0.06146570293353469, 'LPP': 0.04435644975650215, 'OPL': 0.022592357025911655, 'ACP': 0.021232397596728153, 'TPE': 0.01212642167603747, 'CCC': 0.014369305401147562, 'ALR': 0.01173272914975258, 'CCE': 0.10781471933769893, 'PBG': 0.08296688662371972, 'BST': 0.040046689114953474, 'YAN': 0.13872234394673708, 'NTC': 0.08138794804828187, 'CPL': 0.0673858299011783, 'MEG': 0.03945215554542945, 'RAF': 0.027711006722013938, 'PMA': 0.008144738705459977}"
575,2021-03-16,106750.24461320926,0.0,"{'CDR': 0.1157901060845472, 'ALE': 0.10270221243036576, 'DNP': 0.06146570293353469, 'LPP': 0.04435644975650215, 'OPL': 0.022592357025911655, 'ACP': 0.021232397596728153, 'TPE': 0.01212642167603747, 'CCC': 0.014369305401147562, 'ALR': 0.01173272914975258, 'CCE': 0.10781471933769893, 'PBG': 0.08296688662371972, 'BST': 0.040046689114953474, 'YAN': 0.13872234394673708, 'NTC': 0.08138794804828187, 'CPL': 0.0673858299011783, 'MEG': 0.03945215554542945, 'RAF': 0.027711006722013938, 'PMA': 0.008144738705459977}"
576,2021-03-17,103571.66381511625,0.0,"{'CDR': 0.1157901060845472, 'ALE': 0.10270221243036576, 'DNP': 0.06146570293353469, 'LPP': 0.04435644975650215, 'OPL': 0.022592357025911655, 'ACP': 0.021232397596728153, 'TPE': 0.01212642167603747, 'CCC': 0.014369305401147562, 'ALR': 0.01173272914975258, 'CCE': 0.10781471933769893, 'PBG': 0.08296688662371972, 'BST': 0.040046689114953474, 'YAN': 0.13872234394673708, 'NTC': 0.08138794804828187, 'CPL': 0.0673858299011783, 'MEG': 0.03945215554542945, 'RAF': 0.027711006722013938, 'PMA': 0.008144738705459977}"
577,2021-03-18,102898.1265053534,0.0,"{'CDR': 0.1157901060845472, 'ALE': 0.10270221243036576, 'DNP': 0.06146570293353469, 'LPP': 0.04435644975650215, 'OPL': 0.022592357025911655, 'ACP': 0.021232397596728153, 'TPE': 0.01212642167603747, 'CCC': 0.014369305401147562, 'ALR': 0.01173272914975258, 'CCE': 0.10781471933769893, 'PBG': 0.08296688662371972, 'BST': 0.040046689114953474, 'YAN': 0.13872234394673708, 'NTC': 0.08138794804828187, 'CPL': 0.0673858299011783, 'MEG': 0.03945215554542945, 'RAF': 0.027711006722013938, 'PMA': 0.008144738705459977}"
578,2021-03-19,101456.02819906341,2.9103830456733704e-11,"{'KGH': 0.14174586139386267, 'PKO': 0.13167337916804767, 'ALE': 0.10457647295798031, 'CDR': 0.0942546032767806, 'PKN': 0.087833409179803, 'PZU': 0.08699998614514133, 'DNP': 0.06018337438279267, 'PEO': 0.05933822800621122, 'LPP': 0.04277954042368156, 'CPS': 0.039126120778131476, 'SPL': 0.036162246789136494, 'PGE': 0.026454253921191422, 'OPL': 0.01966111015784946, 'CCC': 0.01934031689258967, 'ACP': 0.01846532928203056, 'TPE': 0.014110640638005578, 'JSW': 0.010504114360134665, 'MRC': 0.00679101224662927}"
579,2021-03-22,101461.2868492897,2.9103830456733704e-11,"{'KGH': 0.14174586139386267, 'PKO': 0.13167337916804767, 'ALE': 0.10457647295798031, 'CDR': 0.0942546032767806, 'PKN': 0.087833409179803, 'PZU': 0.08699998614514133, 'DNP': 0.06018337438279267, 'PEO': 0.05933822800621122, 'LPP': 0.04277954042368156, 'CPS': 0.039126120778131476, 'SPL': 0.036162246789136494, 'PGE': 0.026454253921191422, 'OPL': 0.01966111015784946, 'CCC': 0.01934031689258967, 'ACP': 0.01846532928203056, 'TPE': 0.014110640638005578, 'JSW': 0.010504114360134665, 'MRC': 0.00679101224662927}"
580,2021-03-23,101197.92749845133,2.9103830456733704e-11,"{'KGH': 0.14174586139386267, 'PKO': 0.13167337916804767, 'ALE': 0.10457647295798031, 'CDR': 0.0942546032767806, 'PKN': 0.087833409179803, 'PZU': 0.08699998614514133, 'DNP': 0.06018337438279267, 'PEO': 0.05933822800621122, 'LPP': 0.04277954042368156, 'CPS': 0.039126120778131476, 'SPL': 0.036162246789136494, 'PGE': 0.026454253921191422, 'OPL': 0.01966111015784946, 'CCC': 0.01934031689258967, 'ACP': 0.01846532928203056, 'TPE': 0.014110640638005578, 'JSW': 0.010504114360134665, 'MRC': 0.00679101224662927}"
581,2021-03-24,99622.62582278426,2.9103830456733704e-11,"{'KGH': 0.14174586139386267, 'PKO': 0.13167337916804767, 'ALE': 0.10457647295798031, 'CDR': 0.0942546032767806, 'PKN': 0.087833409179803, 'PZU': 0.08699998614514133, 'DNP': 0.06018337438279267, 'PEO': 0.05933822800621122, 'LPP': 0.04277954042368156, 'CPS': 0.039126120778131476, 'SPL': 0.036162246789136494, 'PGE': 0.026454253921191422, 'OPL': 0.01966111015784946, 'CCC': 0.01934031689258967, 'ACP': 0.01846532928203056, 'TPE': 0.014110640638005578, 'JSW': 0.010504114360134665, 'MRC': 0.00679101224662927}"
582,2021-03-25,98307.66421654473,2.9103830456733704e-11,"{'KGH': 0.14174586139386267, 'PKO': 0.13167337916804767, 'ALE': 0.10457647295798031, 'CDR': 0.0942546032767806, 'PKN': 0.087833409179803, 'PZU': 0.08699998614514133, 'DNP': 0.06018337438279267, 'PEO': 0.05933822800621122, 'LPP': 0.04277954042368156, 'CPS': 0.039126120778131476, 'SPL': 0.036162246789136494, 'PGE': 0.026454253921191422, 'OPL': 0.01966111015784946, 'CCC': 0.01934031689258967, 'ACP': 0.01846532928203056, 'TPE': 0.014110640638005578, 'JSW': 0.010504114360134665, 'MRC': 0.00679101224662927}"
583,2021-03-26,100556.2233619107,2.9103830456733704e-11,"{'KGH': 0.14174586139386267, 'PKO': 0.13167337916804767, 'ALE': 0.10457647295798031, 'CDR': 0.0942546032767806, 'PKN': 0.087833409179803, 'PZU': 0.08699998614514133, 'DNP': 0.06018337438279267, 'PEO': 0.05933822800621122, 'LPP': 0.04277954042368156, 'CPS': 0.039126120778131476, 'SPL': 0.036162246789136494, 'PGE': 0.026454253921191422, 'OPL': 0.01966111015784946, 'CCC': 0.01934031689258967, 'ACP': 0.01846532928203056, 'TPE': 0.014110640638005578, 'JSW': 0.010504114360134665, 'MRC': 0.00679101224662927}"
584,2021-03-29,102488.34786346061,2.9103830456733704e-11,"{'KGH': 0.14174586139386267, 'PKO': 0.13167337916804767, 'ALE': 0.10457647295798031, 'CDR': 0.0942546032767806, 'PKN': 0.087833409179803, 'PZU': 0.08699998614514133, 'DNP': 0.06018337438279267, 'PEO': 0.05933822800621122, 'LPP': 0.04277954042368156, 'CPS': 0.039126120778131476, 'SPL': 0.036162246789136494, 'PGE': 0.026454253921191422, 'OPL': 0.01966111015784946, 'CCC': 0.01934031689258967, 'ACP': 0.01846532928203056, 'TPE': 0.014110640638005578, 'JSW': 0.010504114360134665, 'MRC': 0.00679101224662927}"
585,2021-03-30,101764.79483599668,2.9103830456733704e-11,"{'KGH': 0.14174586139386267, 'PKO': 0.13167337916804767, 'ALE': 0.10457647295798031, 'CDR': 0.0942546032767806, 'PKN': 0.087833409179803, 'PZU': 0.08699998614514133, 'DNP': 0.06018337438279267, 'PEO': 0.05933822800621122, 'LPP': 0.04277954042368156, 'CPS': 0.039126120778131476, 'SPL': 0.036162246789136494, 'PGE': 0.026454253921191422, 'OPL': 0.01966111015784946, 'CCC': 0.01934031689258967, 'ACP': 0.01846532928203056, 'TPE': 0.014110640638005578, 'JSW': 0.010504114360134665, 'MRC': 0.00679101224662927}"
586,2021-03-31,101458.40132212016,2.9103830456733704e-11,"{'KGH': 0.14174586139386267, 'PKO': 0.13167337916804767, 'ALE': 0.10457647295798031, 'CDR': 0.0942546032767806, 'PKN': 0.087833409179803, 'PZU': 0.08699998614514133, 'DNP': 0.06018337438279267, 'PEO': 0.05933822800621122, 'LPP': 0.04277954042368156, 'CPS': 0.039126120778131476, 'SPL': 0.036162246789136494, 'PGE': 0.026454253921191422, 'OPL': 0.01966111015784946, 'CCC': 0.01934031689258967, 'ACP': 0.01846532928203056, 'TPE': 0.014110640638005578, 'JSW': 0.010504114360134665, 'MRC': 0.00679101224662927}"
587,2021-04-01,102148.97009208487,2.9103830456733704e-11,"{'KGH': 0.14174586139386267, 'PKO': 0.13167337916804767, 'ALE': 0.10457647295798031, 'CDR': 0.0942546032767806, 'PKN': 0.087833409179803, 'PZU': 0.08699998614514133, 'DNP': 0.06018337438279267, 'PEO': 0.05933822800621122, 'LPP': 0.04277954042368156, 'CPS': 0.039126120778131476, 'SPL': 0.036162246789136494, 'PGE': 0.026454253921191422, 'OPL': 0.01966111015784946, 'CCC': 0.01934031689258967, 'ACP': 0.01846532928203056, 'TPE': 0.014110640638005578, 'JSW': 0.010504114360134665, 'MRC': 0.00679101224662927}"
588,2021-04-02,102148.97009208487,2.9103830456733704e-11,"{'KGH': 0.14174586139386267, 'PKO': 0.13167337916804767, 'ALE': 0.10457647295798031, 'CDR': 0.0942546032767806, 'PKN': 0.087833409179803, 'PZU': 0.08699998614514133, 'DNP': 0.06018337438279267, 'PEO': 0.05933822800621122, 'LPP': 0.04277954042368156, 'CPS': 0.039126120778131476, 'SPL': 0.036162246789136494, 'PGE': 0.026454253921191422, 'OPL': 0.01966111015784946, 'CCC': 0.01934031689258967, 'ACP': 0.01846532928203056, 'TPE': 0.014110640638005578, 'JSW': 0.010504114360134665, 'MRC': 0.00679101224662927}"
589,2021-04-05,102148.97009208487,2.9103830456733704e-11,"{'KGH': 0.14174586139386267, 'PKO': 0.13167337916804767, 'ALE': 0.10457647295798031, 'CDR': 0.0942546032767806, 'PKN': 0.087833409179803, 'PZU': 0.08699998614514133, 'DNP': 0.06018337438279267, 'PEO': 0.05933822800621122, 'LPP': 0.04277954042368156, 'CPS': 0.039126120778131476, 'SPL': 0.036162246789136494, 'PGE': 0.026454253921191422, 'OPL': 0.01966111015784946, 'CCC': 0.01934031689258967, 'ACP': 0.01846532928203056, 'TPE': 0.014110640638005578, 'JSW': 0.010504114360134665, 'MRC': 0.00679101224662927}"
590,2021-04-06,105249.06192266592,2.9103830456733704e-11,"{'KGH': 0.14174586139386267, 'PKO': 0.13167337916804767, 'ALE': 0.10457647295798031, 'CDR': 0.0942546032767806, 'PKN': 0.087833409179803, 'PZU': 0.08699998614514133, 'DNP': 0.06018337438279267, 'PEO': 0.05933822800621122, 'LPP': 0.04277954042368156, 'CPS': 0.039126120778131476, 'SPL': 0.036162246789136494, 'PGE': 0.026454253921191422, 'OPL': 0.01966111015784946, 'CCC': 0.01934031689258967, 'ACP': 0.01846532928203056, 'TPE': 0.014110640638005578, 'JSW': 0.010504114360134665, 'MRC': 0.00679101224662927}"
591,2021-04-07,104312.47640583933,2.9103830456733704e-11,"{'KGH': 0.14174586139386267, 'PKO': 0.13167337916804767, 'ALE': 0.10457647295798031, 'CDR': 0.0942546032767806, 'PKN': 0.087833409179803, 'PZU': 0.08699998614514133, 'DNP': 0.06018337438279267, 'PEO': 0.05933822800621122, 'LPP': 0.04277954042368156, 'CPS': 0.039126120778131476, 'SPL': 0.036162246789136494, 'PGE': 0.026454253921191422, 'OPL': 0.01966111015784946, 'CCC': 0.01934031689258967, 'ACP': 0.01846532928203056, 'TPE': 0.014110640638005578, 'JSW': 0.010504114360134665, 'MRC': 0.00679101224662927}"
592,2021-04-08,103348.93888855795,2.9103830456733704e-11,"{'KGH': 0.14174586139386267, 'PKO': 0.13167337916804767, 'ALE': 0.10457647295798031, 'CDR': 0.0942546032767806, 'PKN': 0.087833409179803, 'PZU': 0.08699998614514133, 'DNP': 0.06018337438279267, 'PEO': 0.05933822800621122, 'LPP': 0.04277954042368156, 'CPS': 0.039126120778131476, 'SPL': 0.036162246789136494, 'PGE': 0.026454253921191422, 'OPL': 0.01966111015784946, 'CCC': 0.01934031689258967, 'ACP': 0.01846532928203056, 'TPE': 0.014110640638005578, 'JSW': 0.010504114360134665, 'MRC': 0.00679101224662927}"
593,2021-04-09,103103.14606207161,2.9103830456733704e-11,"{'KGH': 0.14174586139386267, 'PKO': 0.13167337916804767, 'ALE': 0.10457647295798031, 'CDR': 0.0942546032767806, 'PKN': 0.087833409179803, 'PZU': 0.08699998614514133, 'DNP': 0.06018337438279267, 'PEO': 0.05933822800621122, 'LPP': 0.04277954042368156, 'CPS': 0.039126120778131476, 'SPL': 0.036162246789136494, 'PGE': 0.026454253921191422, 'OPL': 0.01966111015784946, 'CCC': 0.01934031689258967, 'ACP': 0.01846532928203056, 'TPE': 0.014110640638005578, 'JSW': 0.010504114360134665, 'MRC': 0.00679101224662927}"
594,2021-04-12,103267.77161463581,2.9103830456733704e-11,"{'KGH': 0.14174586139386267, 'PKO': 0.13167337916804767, 'ALE': 0.10457647295798031, 'CDR': 0.0942546032767806, 'PKN': 0.087833409179803, 'PZU': 0.08699998614514133, 'DNP': 0.06018337438279267, 'PEO': 0.05933822800621122, 'LPP': 0.04277954042368156, 'CPS': 0.039126120778131476, 'SPL': 0.036162246789136494, 'PGE': 0.026454253921191422, 'OPL': 0.01966111015784946, 'CCC': 0.01934031689258967, 'ACP': 0.01846532928203056, 'TPE': 0.014110640638005578, 'JSW': 0.010504114360134665, 'MRC': 0.00679101224662927}"
595,2021-04-13,102891.40203901078,2.9103830456733704e-11,"{'KGH': 0.14174586139386267, 'PKO': 0.13167337916804767, 'ALE': 0.10457647295798031, 'CDR': 0.0942546032767806, 'PKN': 0.087833409179803, 'PZU': 0.08699998614514133, 'DNP': 0.06018337438279267, 'PEO': 0.05933822800621122, 'LPP': 0.04277954042368156, 'CPS': 0.039126120778131476, 'SPL': 0.036162246789136494, 'PGE': 0.026454253921191422, 'OPL': 0.01966111015784946, 'CCC': 0.01934031689258967, 'ACP': 0.01846532928203056, 'TPE': 0.014110640638005578, 'JSW': 0.010504114360134665, 'MRC': 0.00679101224662927}"
596,2021-04-14,104839.08697759552,2.9103830456733704e-11,"{'KGH': 0.14174586139386267, 'PKO': 0.13167337916804767, 'ALE': 0.10457647295798031, 'CDR': 0.0942546032767806, 'PKN': 0.087833409179803, 'PZU': 0.08699998614514133, 'DNP': 0.06018337438279267, 'PEO': 0.05933822800621122, 'LPP': 0.04277954042368156, 'CPS': 0.039126120778131476, 'SPL': 0.036162246789136494, 'PGE': 0.026454253921191422, 'OPL': 0.01966111015784946, 'CCC': 0.01934031689258967, 'ACP': 0.01846532928203056, 'TPE': 0.014110640638005578, 'JSW': 0.010504114360134665, 'MRC': 0.00679101224662927}"
597,2021-04-15,105131.47308458942,2.9103830456733704e-11,"{'KGH': 0.14174586139386267, 'PKO': 0.13167337916804767, 'ALE': 0.10457647295798031, 'CDR': 0.0942546032767806, 'PKN': 0.087833409179803, 'PZU': 0.08699998614514133, 'DNP': 0.06018337438279267, 'PEO': 0.05933822800621122, 'LPP': 0.04277954042368156, 'CPS': 0.039126120778131476, 'SPL': 0.036162246789136494, 'PGE': 0.026454253921191422, 'OPL': 0.01966111015784946, 'CCC': 0.01934031689258967, 'ACP': 0.01846532928203056, 'TPE': 0.014110640638005578, 'JSW': 0.010504114360134665, 'MRC': 0.00679101224662927}"
598,2021-04-16,104581.438290308,0.0,"{'ALE': 0.09723258275249115, 'CDR': 0.07241272388272911, 'PKN': 0.08986507212610993, 'PZU': 0.08185254338350406, 'DNP': 0.06160489333368856, 'LPP': 0.044222106583124796, 'CPS': 0.04019645989994054, 'SPL': 0.03541667435617319, 'PGE': 0.034625586655082266, 'CCC': 0.021236486425689517, 'ACP': 0.01818979031890213, 'TPE': 0.017267861918033933, 'JSW': 0.010980818453028013, 'MRC': 0.006126721242506471, 'CCE': 0.14888934400885073, 'PBG': 0.13637776373307625, 'BST': 0.06262498063160694, 'YAN': 0.020877590295462402}"
599,2021-04-19,104099.46685314989,0.0,"{'ALE': 0.09723258275249115, 'CDR': 0.07241272388272911, 'PKN': 0.08986507212610993, 'PZU': 0.08185254338350406, 'DNP': 0.06160489333368856, 'LPP': 0.044222106583124796, 'CPS': 0.04019645989994054, 'SPL': 0.03541667435617319, 'PGE': 0.034625586655082266, 'CCC': 0.021236486425689517, 'ACP': 0.01818979031890213, 'TPE': 0.017267861918033933, 'JSW': 0.010980818453028013, 'MRC': 0.006126721242506471, 'CCE': 0.14888934400885073, 'PBG': 0.13637776373307625, 'BST': 0.06262498063160694, 'YAN': 0.020877590295462402}"
600,2021-04-20,103507.20666192292,0.0,"{'ALE': 0.09723258275249115, 'CDR': 0.07241272388272911, 'PKN': 0.08986507212610993, 'PZU': 0.08185254338350406, 'DNP': 0.06160489333368856, 'LPP': 0.044222106583124796, 'CPS': 0.04019645989994054, 'SPL': 0.03541667435617319, 'PGE': 0.034625586655082266, 'CCC': 0.021236486425689517, 'ACP': 0.01818979031890213, 'TPE': 0.017267861918033933, 'JSW': 0.010980818453028013, 'MRC': 0.006126721242506471, 'CCE': 0.14888934400885073, 'PBG': 0.13637776373307625, 'BST': 0.06262498063160694, 'YAN': 0.020877590295462402}"
601,2021-04-21,102264.44211850721,0.0,"{'ALE': 0.09723258275249115, 'CDR': 0.07241272388272911, 'PKN': 0.08986507212610993, 'PZU': 0.08185254338350406, 'DNP': 0.06160489333368856, 'LPP': 0.044222106583124796, 'CPS': 0.04019645989994054, 'SPL': 0.03541667435617319, 'PGE': 0.034625586655082266, 'CCC': 0.021236486425689517, 'ACP': 0.01818979031890213, 'TPE': 0.017267861918033933, 'JSW': 0.010980818453028013, 'MRC': 0.006126721242506471, 'CCE': 0.14888934400885073, 'PBG': 0.13637776373307625, 'BST': 0.06262498063160694, 'YAN': 0.020877590295462402}"
602,2021-04-22,102980.84515607056,0.0,"{'ALE': 0.09723258275249115, 'CDR': 0.07241272388272911, 'PKN': 0.08986507212610993, 'PZU': 0.08185254338350406, 'DNP': 0.06160489333368856, 'LPP': 0.044222106583124796, 'CPS': 0.04019645989994054, 'SPL': 0.03541667435617319, 'PGE': 0.034625586655082266, 'CCC': 0.021236486425689517, 'ACP': 0.01818979031890213, 'TPE': 0.017267861918033933, 'JSW': 0.010980818453028013, 'MRC': 0.006126721242506471, 'CCE': 0.14888934400885073, 'PBG': 0.13637776373307625, 'BST': 0.06262498063160694, 'YAN': 0.020877590295462402}"
603,2021-04-23,102880.19405449867,0.0,"{'ALE': 0.09723258275249115, 'CDR': 0.07241272388272911, 'PKN': 0.08986507212610993, 'PZU': 0.08185254338350406, 'DNP': 0.06160489333368856, 'LPP': 0.044222106583124796, 'CPS': 0.04019645989994054, 'SPL': 0.03541667435617319, 'PGE': 0.034625586655082266, 'CCC': 0.021236486425689517, 'ACP': 0.01818979031890213, 'TPE': 0.017267861918033933, 'JSW': 0.010980818453028013, 'MRC': 0.006126721242506471, 'CCE': 0.14888934400885073, 'PBG': 0.13637776373307625, 'BST': 0.06262498063160694, 'YAN': 0.020877590295462402}"
604,2021-04-26,103564.40426215125,0.0,"{'ALE': 0.09723258275249115, 'CDR': 0.07241272388272911, 'PKN': 0.08986507212610993, 'PZU': 0.08185254338350406, 'DNP': 0.06160489333368856, 'LPP': 0.044222106583124796, 'CPS': 0.04019645989994054, 'SPL': 0.03541667435617319, 'PGE': 0.034625586655082266, 'CCC': 0.021236486425689517, 'ACP': 0.01818979031890213, 'TPE': 0.017267861918033933, 'JSW': 0.010980818453028013, 'MRC': 0.006126721242506471, 'CCE': 0.14888934400885073, 'PBG': 0.13637776373307625, 'BST': 0.06262498063160694, 'YAN': 0.020877590295462402}"
605,2021-04-27,102901.94692462857,0.0,"{'ALE': 0.09723258275249115, 'CDR': 0.07241272388272911, 'PKN': 0.08986507212610993, 'PZU': 0.08185254338350406, 'DNP': 0.06160489333368856, 'LPP': 0.044222106583124796, 'CPS': 0.04019645989994054, 'SPL': 0.03541667435617319, 'PGE': 0.034625586655082266, 'CCC': 0.021236486425689517, 'ACP': 0.01818979031890213, 'TPE': 0.017267861918033933, 'JSW': 0.010980818453028013, 'MRC': 0.006126721242506471, 'CCE': 0.14888934400885073, 'PBG': 0.13637776373307625, 'BST': 0.06262498063160694, 'YAN': 0.020877590295462402}"
606,2021-04-28,103103.7536280456,0.0,"{'ALE': 0.09723258275249115, 'CDR': 0.07241272388272911, 'PKN': 0.08986507212610993, 'PZU': 0.08185254338350406, 'DNP': 0.06160489333368856, 'LPP': 0.044222106583124796, 'CPS': 0.04019645989994054, 'SPL': 0.03541667435617319, 'PGE': 0.034625586655082266, 'CCC': 0.021236486425689517, 'ACP': 0.01818979031890213, 'TPE': 0.017267861918033933, 'JSW': 0.010980818453028013, 'MRC': 0.006126721242506471, 'CCE': 0.14888934400885073, 'PBG': 0.13637776373307625, 'BST': 0.06262498063160694, 'YAN': 0.020877590295462402}"
607,2021-04-29,103963.0452058177,0.0,"{'ALE': 0.09723258275249115, 'CDR': 0.07241272388272911, 'PKN': 0.08986507212610993, 'PZU': 0.08185254338350406, 'DNP': 0.06160489333368856, 'LPP': 0.044222106583124796, 'CPS': 0.04019645989994054, 'SPL': 0.03541667435617319, 'PGE': 0.034625586655082266, 'CCC': 0.021236486425689517, 'ACP': 0.01818979031890213, 'TPE': 0.017267861918033933, 'JSW': 0.010980818453028013, 'MRC': 0.006126721242506471, 'CCE': 0.14888934400885073, 'PBG': 0.13637776373307625, 'BST': 0.06262498063160694, 'YAN': 0.020877590295462402}"
608,2021-04-30,103913.02734819522,0.0,"{'ALE': 0.09723258275249115, 'CDR': 0.07241272388272911, 'PKN': 0.08986507212610993, 'PZU': 0.08185254338350406, 'DNP': 0.06160489333368856, 'LPP': 0.044222106583124796, 'CPS': 0.04019645989994054, 'SPL': 0.03541667435617319, 'PGE': 0.034625586655082266, 'CCC': 0.021236486425689517, 'ACP': 0.01818979031890213, 'TPE': 0.017267861918033933, 'JSW': 0.010980818453028013, 'MRC': 0.006126721242506471, 'CCE': 0.14888934400885073, 'PBG': 0.13637776373307625, 'BST': 0.06262498063160694, 'YAN': 0.020877590295462402}"
609,2021-05-03,103913.02734819522,0.0,"{'ALE': 0.09723258275249115, 'CDR': 0.07241272388272911, 'PKN': 0.08986507212610993, 'PZU': 0.08185254338350406, 'DNP': 0.06160489333368856, 'LPP': 0.044222106583124796, 'CPS': 0.04019645989994054, 'SPL': 0.03541667435617319, 'PGE': 0.034625586655082266, 'CCC': 0.021236486425689517, 'ACP': 0.01818979031890213, 'TPE': 0.017267861918033933, 'JSW': 0.010980818453028013, 'MRC': 0.006126721242506471, 'CCE': 0.14888934400885073, 'PBG': 0.13637776373307625, 'BST': 0.06262498063160694, 'YAN': 0.020877590295462402}"
610,2021-05-04,102301.86388210462,0.0,"{'ALE': 0.09723258275249115, 'CDR': 0.07241272388272911, 'PKN': 0.08986507212610993, 'PZU': 0.08185254338350406, 'DNP': 0.06160489333368856, 'LPP': 0.044222106583124796, 'CPS': 0.04019645989994054, 'SPL': 0.03541667435617319, 'PGE': 0.034625586655082266, 'CCC': 0.021236486425689517, 'ACP': 0.01818979031890213, 'TPE': 0.017267861918033933, 'JSW': 0.010980818453028013, 'MRC': 0.006126721242506471, 'CCE': 0.14888934400885073, 'PBG': 0.13637776373307625, 'BST': 0.06262498063160694, 'YAN': 0.020877590295462402}"
611,2021-05-05,105156.65362156268,0.0,"{'ALE': 0.09723258275249115, 'CDR': 0.07241272388272911, 'PKN': 0.08986507212610993, 'PZU': 0.08185254338350406, 'DNP': 0.06160489333368856, 'LPP': 0.044222106583124796, 'CPS': 0.04019645989994054, 'SPL': 0.03541667435617319, 'PGE': 0.034625586655082266, 'CCC': 0.021236486425689517, 'ACP': 0.01818979031890213, 'TPE': 0.017267861918033933, 'JSW': 0.010980818453028013, 'MRC': 0.006126721242506471, 'CCE': 0.14888934400885073, 'PBG': 0.13637776373307625, 'BST': 0.06262498063160694, 'YAN': 0.020877590295462402}"
612,2021-05-06,104646.50473437044,0.0,"{'ALE': 0.09723258275249115, 'CDR': 0.07241272388272911, 'PKN': 0.08986507212610993, 'PZU': 0.08185254338350406, 'DNP': 0.06160489333368856, 'LPP': 0.044222106583124796, 'CPS': 0.04019645989994054, 'SPL': 0.03541667435617319, 'PGE': 0.034625586655082266, 'CCC': 0.021236486425689517, 'ACP': 0.01818979031890213, 'TPE': 0.017267861918033933, 'JSW': 0.010980818453028013, 'MRC': 0.006126721242506471, 'CCE': 0.14888934400885073, 'PBG': 0.13637776373307625, 'BST': 0.06262498063160694, 'YAN': 0.020877590295462402}"
613,2021-05-07,106596.0121082852,0.0,"{'ALE': 0.09723258275249115, 'CDR': 0.07241272388272911, 'PKN': 0.08986507212610993, 'PZU': 0.08185254338350406, 'DNP': 0.06160489333368856, 'LPP': 0.044222106583124796, 'CPS': 0.04019645989994054, 'SPL': 0.03541667435617319, 'PGE': 0.034625586655082266, 'CCC': 0.021236486425689517, 'ACP': 0.01818979031890213, 'TPE': 0.017267861918033933, 'JSW': 0.010980818453028013, 'MRC': 0.006126721242506471, 'CCE': 0.14888934400885073, 'PBG': 0.13637776373307625, 'BST': 0.06262498063160694, 'YAN': 0.020877590295462402}"
614,2021-05-10,106795.03092019816,0.0,"{'ALE': 0.09723258275249115, 'CDR': 0.07241272388272911, 'PKN': 0.08986507212610993, 'PZU': 0.08185254338350406, 'DNP': 0.06160489333368856, 'LPP': 0.044222106583124796, 'CPS': 0.04019645989994054, 'SPL': 0.03541667435617319, 'PGE': 0.034625586655082266, 'CCC': 0.021236486425689517, 'ACP': 0.01818979031890213, 'TPE': 0.017267861918033933, 'JSW': 0.010980818453028013, 'MRC': 0.006126721242506471, 'CCE': 0.14888934400885073, 'PBG': 0.13637776373307625, 'BST': 0.06262498063160694, 'YAN': 0.020877590295462402}"
615,2021-05-11,107416.17774138344,0.0,"{'ALE': 0.09723258275249115, 'CDR': 0.07241272388272911, 'PKN': 0.08986507212610993, 'PZU': 0.08185254338350406, 'DNP': 0.06160489333368856, 'LPP': 0.044222106583124796, 'CPS': 0.04019645989994054, 'SPL': 0.03541667435617319, 'PGE': 0.034625586655082266, 'CCC': 0.021236486425689517, 'ACP': 0.01818979031890213, 'TPE': 0.017267861918033933, 'JSW': 0.010980818453028013, 'MRC': 0.006126721242506471, 'CCE': 0.14888934400885073, 'PBG': 0.13637776373307625, 'BST': 0.06262498063160694, 'YAN': 0.020877590295462402}"
616,2021-05-12,107099.31435699215,0.0,"{'ALE': 0.09723258275249115, 'CDR': 0.07241272388272911, 'PKN': 0.08986507212610993, 'PZU': 0.08185254338350406, 'DNP': 0.06160489333368856, 'LPP': 0.044222106583124796, 'CPS': 0.04019645989994054, 'SPL': 0.03541667435617319, 'PGE': 0.034625586655082266, 'CCC': 0.021236486425689517, 'ACP': 0.01818979031890213, 'TPE': 0.017267861918033933, 'JSW': 0.010980818453028013, 'MRC': 0.006126721242506471, 'CCE': 0.14888934400885073, 'PBG': 0.13637776373307625, 'BST': 0.06262498063160694, 'YAN': 0.020877590295462402}"
617,2021-05-13,106830.26551869848,0.0,"{'ALE': 0.09723258275249115, 'CDR': 0.07241272388272911, 'PKN': 0.08986507212610993, 'PZU': 0.08185254338350406, 'DNP': 0.06160489333368856, 'LPP': 0.044222106583124796, 'CPS': 0.04019645989994054, 'SPL': 0.03541667435617319, 'PGE': 0.034625586655082266, 'CCC': 0.021236486425689517, 'ACP': 0.01818979031890213, 'TPE': 0.017267861918033933, 'JSW': 0.010980818453028013, 'MRC': 0.006126721242506471, 'CCE': 0.14888934400885073, 'PBG': 0.13637776373307625, 'BST': 0.06262498063160694, 'YAN': 0.020877590295462402}"
618,2021-05-14,107695.34280612844,0.0,"{'ALE': 0.09723258275249115, 'CDR': 0.07241272388272911, 'PKN': 0.08986507212610993, 'PZU': 0.08185254338350406, 'DNP': 0.06160489333368856, 'LPP': 0.044222106583124796, 'CPS': 0.04019645989994054, 'SPL': 0.03541667435617319, 'PGE': 0.034625586655082266, 'CCC': 0.021236486425689517, 'ACP': 0.01818979031890213, 'TPE': 0.017267861918033933, 'JSW': 0.010980818453028013, 'MRC': 0.006126721242506471, 'CCE': 0.14888934400885073, 'PBG': 0.13637776373307625, 'BST': 0.06262498063160694, 'YAN': 0.020877590295462402}"
619,2021-05-17,108680.16589961143,0.0,"{'ALE': 0.09723258275249115, 'CDR': 0.07241272388272911, 'PKN': 0.08986507212610993, 'PZU': 0.08185254338350406, 'DNP': 0.06160489333368856, 'LPP': 0.044222106583124796, 'CPS': 0.04019645989994054, 'SPL': 0.03541667435617319, 'PGE': 0.034625586655082266, 'CCC': 0.021236486425689517, 'ACP': 0.01818979031890213, 'TPE': 0.017267861918033933, 'JSW': 0.010980818453028013, 'MRC': 0.006126721242506471, 'CCE': 0.14888934400885073, 'PBG': 0.13637776373307625, 'BST': 0.06262498063160694, 'YAN': 0.020877590295462402}"
620,2021-05-18,109026.56662415041,0.0,"{'ALE': 0.09723258275249115, 'CDR': 0.07241272388272911, 'PKN': 0.08986507212610993, 'PZU': 0.08185254338350406, 'DNP': 0.06160489333368856, 'LPP': 0.044222106583124796, 'CPS': 0.04019645989994054, 'SPL': 0.03541667435617319, 'PGE': 0.034625586655082266, 'CCC': 0.021236486425689517, 'ACP': 0.01818979031890213, 'TPE': 0.017267861918033933, 'JSW': 0.010980818453028013, 'MRC': 0.006126721242506471, 'CCE': 0.14888934400885073, 'PBG': 0.13637776373307625, 'BST': 0.06262498063160694, 'YAN': 0.020877590295462402}"
621,2021-05-19,107924.84510113996,0.0,"{'ALE': 0.09723258275249115, 'CDR': 0.07241272388272911, 'PKN': 0.08986507212610993, 'PZU': 0.08185254338350406, 'DNP': 0.06160489333368856, 'LPP': 0.044222106583124796, 'CPS': 0.04019645989994054, 'SPL': 0.03541667435617319, 'PGE': 0.034625586655082266, 'CCC': 0.021236486425689517, 'ACP': 0.01818979031890213, 'TPE': 0.017267861918033933, 'JSW': 0.010980818453028013, 'MRC': 0.006126721242506471, 'CCE': 0.14888934400885073, 'PBG': 0.13637776373307625, 'BST': 0.06262498063160694, 'YAN': 0.020877590295462402}"
622,2021-05-20,110966.92494567811,0.0,"{'ALE': 0.09723258275249115, 'CDR': 0.07241272388272911, 'PKN': 0.08986507212610993, 'PZU': 0.08185254338350406, 'DNP': 0.06160489333368856, 'LPP': 0.044222106583124796, 'CPS': 0.04019645989994054, 'SPL': 0.03541667435617319, 'PGE': 0.034625586655082266, 'CCC': 0.021236486425689517, 'ACP': 0.01818979031890213, 'TPE': 0.017267861918033933, 'JSW': 0.010980818453028013, 'MRC': 0.006126721242506471, 'CCE': 0.14888934400885073, 'PBG': 0.13637776373307625, 'BST': 0.06262498063160694, 'YAN': 0.020877590295462402}"
623,2021-05-21,115200.88142430095,0.0,"{'ALE': 0.09723258275249115, 'CDR': 0.07241272388272911, 'PKN': 0.08986507212610993, 'PZU': 0.08185254338350406, 'DNP': 0.06160489333368856, 'LPP': 0.044222106583124796, 'CPS': 0.04019645989994054, 'SPL': 0.03541667435617319, 'PGE': 0.034625586655082266, 'CCC': 0.021236486425689517, 'ACP': 0.01818979031890213, 'TPE': 0.017267861918033933, 'JSW': 0.010980818453028013, 'MRC': 0.006126721242506471, 'CCE': 0.14888934400885073, 'PBG': 0.13637776373307625, 'BST': 0.06262498063160694, 'YAN': 0.020877590295462402}"
624,2021-05-24,121302.7868308605,0.0,"{'ALE': 0.09723258275249115, 'CDR': 0.07241272388272911, 'PKN': 0.08986507212610993, 'PZU': 0.08185254338350406, 'DNP': 0.06160489333368856, 'LPP': 0.044222106583124796, 'CPS': 0.04019645989994054, 'SPL': 0.03541667435617319, 'PGE': 0.034625586655082266, 'CCC': 0.021236486425689517, 'ACP': 0.01818979031890213, 'TPE': 0.017267861918033933, 'JSW': 0.010980818453028013, 'MRC': 0.006126721242506471, 'CCE': 0.14888934400885073, 'PBG': 0.13637776373307625, 'BST': 0.06262498063160694, 'YAN': 0.020877590295462402}"
625,2021-05-25,129171.97083324884,0.0,"{'ALE': 0.09723258275249115, 'CDR': 0.07241272388272911, 'PKN': 0.08986507212610993, 'PZU': 0.08185254338350406, 'DNP': 0.06160489333368856, 'LPP': 0.044222106583124796, 'CPS': 0.04019645989994054, 'SPL': 0.03541667435617319, 'PGE': 0.034625586655082266, 'CCC': 0.021236486425689517, 'ACP': 0.01818979031890213, 'TPE': 0.017267861918033933, 'JSW': 0.010980818453028013, 'MRC': 0.006126721242506471, 'CCE': 0.14888934400885073, 'PBG': 0.13637776373307625, 'BST': 0.06262498063160694, 'YAN': 0.020877590295462402}"
626,2021-05-26,140306.0400553979,0.0,"{'ALE': 0.09723258275249115, 'CDR': 0.07241272388272911, 'PKN': 0.08986507212610993, 'PZU': 0.08185254338350406, 'DNP': 0.06160489333368856, 'LPP': 0.044222106583124796, 'CPS': 0.04019645989994054, 'SPL': 0.03541667435617319, 'PGE': 0.034625586655082266, 'CCC': 0.021236486425689517, 'ACP': 0.01818979031890213, 'TPE': 0.017267861918033933, 'JSW': 0.010980818453028013, 'MRC': 0.006126721242506471, 'CCE': 0.14888934400885073, 'PBG': 0.13637776373307625, 'BST': 0.06262498063160694, 'YAN': 0.020877590295462402}"
627,2021-05-27,155361.3057243006,0.0,"{'ALE': 0.09723258275249115, 'CDR': 0.07241272388272911, 'PKN': 0.08986507212610993, 'PZU': 0.08185254338350406, 'DNP': 0.06160489333368856, 'LPP': 0.044222106583124796, 'CPS': 0.04019645989994054, 'SPL': 0.03541667435617319, 'PGE': 0.034625586655082266, 'CCC': 0.021236486425689517, 'ACP': 0.01818979031890213, 'TPE': 0.017267861918033933, 'JSW': 0.010980818453028013, 'MRC': 0.006126721242506471, 'CCE': 0.14888934400885073, 'PBG': 0.13637776373307625, 'BST': 0.06262498063160694, 'YAN': 0.020877590295462402}"
628,2021-05-28,172237.93098294796,0.0,"{'ALE': 0.09723258275249115, 'CDR': 0.07241272388272911, 'PKN': 0.08986507212610993, 'PZU': 0.08185254338350406, 'DNP': 0.06160489333368856, 'LPP': 0.044222106583124796, 'CPS': 0.04019645989994054, 'SPL': 0.03541667435617319, 'PGE': 0.034625586655082266, 'CCC': 0.021236486425689517, 'ACP': 0.01818979031890213, 'TPE': 0.017267861918033933, 'JSW': 0.010980818453028013, 'MRC': 0.006126721242506471, 'CCE': 0.14888934400885073, 'PBG': 0.13637776373307625, 'BST': 0.06262498063160694, 'YAN': 0.020877590295462402}"
629,2021-05-31,173437.2749732082,0.0,"{'ALE': 0.09723258275249115, 'CDR': 0.07241272388272911, 'PKN': 0.08986507212610993, 'PZU': 0.08185254338350406, 'DNP': 0.06160489333368856, 'LPP': 0.044222106583124796, 'CPS': 0.04019645989994054, 'SPL': 0.03541667435617319, 'PGE': 0.034625586655082266, 'CCC': 0.021236486425689517, 'ACP': 0.01818979031890213, 'TPE': 0.017267861918033933, 'JSW': 0.010980818453028013, 'MRC': 0.006126721242506471, 'CCE': 0.14888934400885073, 'PBG': 0.13637776373307625, 'BST': 0.06262498063160694, 'YAN': 0.020877590295462402}"
630,2021-06-01,195774.0146886031,0.0,"{'ALE': 0.09723258275249115, 'CDR': 0.07241272388272911, 'PKN': 0.08986507212610993, 'PZU': 0.08185254338350406, 'DNP': 0.06160489333368856, 'LPP': 0.044222106583124796, 'CPS': 0.04019645989994054, 'SPL': 0.03541667435617319, 'PGE': 0.034625586655082266, 'CCC': 0.021236486425689517, 'ACP': 0.01818979031890213, 'TPE': 0.017267861918033933, 'JSW': 0.010980818453028013, 'MRC': 0.006126721242506471, 'CCE': 0.14888934400885073, 'PBG': 0.13637776373307625, 'BST': 0.06262498063160694, 'YAN': 0.020877590295462402}"
631,2021-06-02,163839.56726257966,0.0,"{'ALE': 0.09723258275249115, 'CDR': 0.07241272388272911, 'PKN': 0.08986507212610993, 'PZU': 0.08185254338350406, 'DNP': 0.06160489333368856, 'LPP': 0.044222106583124796, 'CPS': 0.04019645989994054, 'SPL': 0.03541667435617319, 'PGE': 0.034625586655082266, 'CCC': 0.021236486425689517, 'ACP': 0.01818979031890213, 'TPE': 0.017267861918033933, 'JSW': 0.010980818453028013, 'MRC': 0.006126721242506471, 'CCE': 0.14888934400885073, 'PBG': 0.13637776373307625, 'BST': 0.06262498063160694, 'YAN': 0.020877590295462402}"
632,2021-06-03,163839.56726257966,0.0,"{'ALE': 0.09723258275249115, 'CDR': 0.07241272388272911, 'PKN': 0.08986507212610993, 'PZU': 0.08185254338350406, 'DNP': 0.06160489333368856, 'LPP': 0.044222106583124796, 'CPS': 0.04019645989994054, 'SPL': 0.03541667435617319, 'PGE': 0.034625586655082266, 'CCC': 0.021236486425689517, 'ACP': 0.01818979031890213, 'TPE': 0.017267861918033933, 'JSW': 0.010980818453028013, 'MRC': 0.006126721242506471, 'CCE': 0.14888934400885073, 'PBG': 0.13637776373307625, 'BST': 0.06262498063160694, 'YAN': 0.020877590295462402}"
633,2021-06-04,162078.2055321441,0.0,"{'ALE': 0.09723258275249115, 'CDR': 0.07241272388272911, 'PKN': 0.08986507212610993, 'PZU': 0.08185254338350406, 'DNP': 0.06160489333368856, 'LPP': 0.044222106583124796, 'CPS': 0.04019645989994054, 'SPL': 0.03541667435617319, 'PGE': 0.034625586655082266, 'CCC': 0.021236486425689517, 'ACP': 0.01818979031890213, 'TPE': 0.017267861918033933, 'JSW': 0.010980818453028013, 'MRC': 0.006126721242506471, 'CCE': 0.14888934400885073, 'PBG': 0.13637776373307625, 'BST': 0.06262498063160694, 'YAN': 0.020877590295462402}"
634,2021-06-07,178797.50796773593,0.0,"{'ALE': 0.09723258275249115, 'CDR': 0.07241272388272911, 'PKN': 0.08986507212610993, 'PZU': 0.08185254338350406, 'DNP': 0.06160489333368856, 'LPP': 0.044222106583124796, 'CPS': 0.04019645989994054, 'SPL': 0.03541667435617319, 'PGE': 0.034625586655082266, 'CCC': 0.021236486425689517, 'ACP': 0.01818979031890213, 'TPE': 0.017267861918033933, 'JSW': 0.010980818453028013, 'MRC': 0.006126721242506471, 'CCE': 0.14888934400885073, 'PBG': 0.13637776373307625, 'BST': 0.06262498063160694, 'YAN': 0.020877590295462402}"
635,2021-06-08,174708.21034684812,0.0,"{'ALE': 0.09723258275249115, 'CDR': 0.07241272388272911, 'PKN': 0.08986507212610993, 'PZU': 0.08185254338350406, 'DNP': 0.06160489333368856, 'LPP': 0.044222106583124796, 'CPS': 0.04019645989994054, 'SPL': 0.03541667435617319, 'PGE': 0.034625586655082266, 'CCC': 0.021236486425689517, 'ACP': 0.01818979031890213, 'TPE': 0.017267861918033933, 'JSW': 0.010980818453028013, 'MRC': 0.006126721242506471, 'CCE': 0.14888934400885073, 'PBG': 0.13637776373307625, 'BST': 0.06262498063160694, 'YAN': 0.020877590295462402}"
636,2021-06-09,167731.16635691613,0.0,"{'ALE': 0.09723258275249115, 'CDR': 0.07241272388272911, 'PKN': 0.08986507212610993, 'PZU': 0.08185254338350406, 'DNP': 0.06160489333368856, 'LPP': 0.044222106583124796, 'CPS': 0.04019645989994054, 'SPL': 0.03541667435617319, 'PGE': 0.034625586655082266, 'CCC': 0.021236486425689517, 'ACP': 0.01818979031890213, 'TPE': 0.017267861918033933, 'JSW': 0.010980818453028013, 'MRC': 0.006126721242506471, 'CCE': 0.14888934400885073, 'PBG': 0.13637776373307625, 'BST': 0.06262498063160694, 'YAN': 0.020877590295462402}"
637,2021-06-10,164624.98928158783,0.0,"{'ALE': 0.09723258275249115, 'CDR': 0.07241272388272911, 'PKN': 0.08986507212610993, 'PZU': 0.08185254338350406, 'DNP': 0.06160489333368856, 'LPP': 0.044222106583124796, 'CPS': 0.04019645989994054, 'SPL': 0.03541667435617319, 'PGE': 0.034625586655082266, 'CCC': 0.021236486425689517, 'ACP': 0.01818979031890213, 'TPE': 0.017267861918033933, 'JSW': 0.010980818453028013, 'MRC': 0.006126721242506471, 'CCE': 0.14888934400885073, 'PBG': 0.13637776373307625, 'BST': 0.06262498063160694, 'YAN': 0.020877590295462402}"
638,2021-06-11,160310.39777156702,0.0,"{'ALE': 0.09723258275249115, 'CDR': 0.07241272388272911, 'PKN': 0.08986507212610993, 'PZU': 0.08185254338350406, 'DNP': 0.06160489333368856, 'LPP': 0.044222106583124796, 'CPS': 0.04019645989994054, 'SPL': 0.03541667435617319, 'PGE': 0.034625586655082266, 'CCC': 0.021236486425689517, 'ACP': 0.01818979031890213, 'TPE': 0.017267861918033933, 'JSW': 0.010980818453028013, 'MRC': 0.006126721242506471, 'CCE': 0.14888934400885073, 'PBG': 0.13637776373307625, 'BST': 0.06262498063160694, 'YAN': 0.020877590295462402}"
639,2021-06-14,161583.75362063275,0.0,"{'ALE': 0.09723258275249115, 'CDR': 0.07241272388272911, 'PKN': 0.08986507212610993, 'PZU': 0.08185254338350406, 'DNP': 0.06160489333368856, 'LPP': 0.044222106583124796, 'CPS': 0.04019645989994054, 'SPL': 0.03541667435617319, 'PGE': 0.034625586655082266, 'CCC': 0.021236486425689517, 'ACP': 0.01818979031890213, 'TPE': 0.017267861918033933, 'JSW': 0.010980818453028013, 'MRC': 0.006126721242506471, 'CCE': 0.14888934400885073, 'PBG': 0.13637776373307625, 'BST': 0.06262498063160694, 'YAN': 0.020877590295462402}"
640,2021-06-15,160598.14931772978,0.0,"{'ALE': 0.09723258275249115, 'CDR': 0.07241272388272911, 'PKN': 0.08986507212610993, 'PZU': 0.08185254338350406, 'DNP': 0.06160489333368856, 'LPP': 0.044222106583124796, 'CPS': 0.04019645989994054, 'SPL': 0.03541667435617319, 'PGE': 0.034625586655082266, 'CCC': 0.021236486425689517, 'ACP': 0.01818979031890213, 'TPE': 0.017267861918033933, 'JSW': 0.010980818453028013, 'MRC': 0.006126721242506471, 'CCE': 0.14888934400885073, 'PBG': 0.13637776373307625, 'BST': 0.06262498063160694, 'YAN': 0.020877590295462402}"
641,2021-06-16,163547.31597261693,0.0,"{'ALE': 0.09723258275249115, 'CDR': 0.07241272388272911, 'PKN': 0.08986507212610993, 'PZU': 0.08185254338350406, 'DNP': 0.06160489333368856, 'LPP': 0.044222106583124796, 'CPS': 0.04019645989994054, 'SPL': 0.03541667435617319, 'PGE': 0.034625586655082266, 'CCC': 0.021236486425689517, 'ACP': 0.01818979031890213, 'TPE': 0.017267861918033933, 'JSW': 0.010980818453028013, 'MRC': 0.006126721242506471, 'CCE': 0.14888934400885073, 'PBG': 0.13637776373307625, 'BST': 0.06262498063160694, 'YAN': 0.020877590295462402}"
642,2021-06-17,159246.89139610613,0.0,"{'ALE': 0.09723258275249115, 'CDR': 0.07241272388272911, 'PKN': 0.08986507212610993, 'PZU': 0.08185254338350406, 'DNP': 0.06160489333368856, 'LPP': 0.044222106583124796, 'CPS': 0.04019645989994054, 'SPL': 0.03541667435617319, 'PGE': 0.034625586655082266, 'CCC': 0.021236486425689517, 'ACP': 0.01818979031890213, 'TPE': 0.017267861918033933, 'JSW': 0.010980818453028013, 'MRC': 0.006126721242506471, 'CCE': 0.14888934400885073, 'PBG': 0.13637776373307625, 'BST': 0.06262498063160694, 'YAN': 0.020877590295462402}"
643,2021-06-18,157622.43668922863,0.0,"{'PKO': 0.14552084090297043, 'KGH': 0.1238666917444291, 'ALE': 0.1017092062460727, 'PKN': 0.10074527975241411, 'PZU': 0.09236702730198898, 'PEO': 0.07417531920714375, 'DNP': 0.06088980460718393, 'CDR': 0.056331992527966696, 'LPP': 0.04949687739111479, 'SPL': 0.03915016307669948, 'CPS': 0.03587046195803179, 'PGE': 0.033434998012302354, 'CCC': 0.020839834315783175, 'OPL': 0.019890868987214618, 'ACP': 0.018191708094845237, 'TPE': 0.015195200458239114, 'JSW': 0.0077103432946195385, 'MRC': 0.004613382120980255}"
644,2021-06-21,157753.62503800122,0.0,"{'PKO': 0.14552084090297043, 'KGH': 0.1238666917444291, 'ALE': 0.1017092062460727, 'PKN': 0.10074527975241411, 'PZU': 0.09236702730198898, 'PEO': 0.07417531920714375, 'DNP': 0.06088980460718393, 'CDR': 0.056331992527966696, 'LPP': 0.04949687739111479, 'SPL': 0.03915016307669948, 'CPS': 0.03587046195803179, 'PGE': 0.033434998012302354, 'CCC': 0.020839834315783175, 'OPL': 0.019890868987214618, 'ACP': 0.018191708094845237, 'TPE': 0.015195200458239114, 'JSW': 0.0077103432946195385, 'MRC': 0.004613382120980255}"
645,2021-06-22,157702.1945909372,0.0,"{'PKO': 0.14552084090297043, 'KGH': 0.1238666917444291, 'ALE': 0.1017092062460727, 'PKN': 0.10074527975241411, 'PZU': 0.09236702730198898, 'PEO': 0.07417531920714375, 'DNP': 0.06088980460718393, 'CDR': 0.056331992527966696, 'LPP': 0.04949687739111479, 'SPL': 0.03915016307669948, 'CPS': 0.03587046195803179, 'PGE': 0.033434998012302354, 'CCC': 0.020839834315783175, 'OPL': 0.019890868987214618, 'ACP': 0.018191708094845237, 'TPE': 0.015195200458239114, 'JSW': 0.0077103432946195385, 'MRC': 0.004613382120980255}"
646,2021-06-23,158806.74492048277,0.0,"{'PKO': 0.14552084090297043, 'KGH': 0.1238666917444291, 'ALE': 0.1017092062460727, 'PKN': 0.10074527975241411, 'PZU': 0.09236702730198898, 'PEO': 0.07417531920714375, 'DNP': 0.06088980460718393, 'CDR': 0.056331992527966696, 'LPP': 0.04949687739111479, 'SPL': 0.03915016307669948, 'CPS': 0.03587046195803179, 'PGE': 0.033434998012302354, 'CCC': 0.020839834315783175, 'OPL': 0.019890868987214618, 'ACP': 0.018191708094845237, 'TPE': 0.015195200458239114, 'JSW': 0.0077103432946195385, 'MRC': 0.004613382120980255}"
647,2021-06-24,161552.53936701198,0.0,"{'PKO': 0.14552084090297043, 'KGH': 0.1238666917444291, 'ALE': 0.1017092062460727, 'PKN': 0.10074527975241411, 'PZU': 0.09236702730198898, 'PEO': 0.07417531920714375, 'DNP': 0.06088980460718393, 'CDR': 0.056331992527966696, 'LPP': 0.04949687739111479, 'SPL': 0.03915016307669948, 'CPS': 0.03587046195803179, 'PGE': 0.033434998012302354, 'CCC': 0.020839834315783175, 'OPL': 0.019890868987214618, 'ACP': 0.018191708094845237, 'TPE': 0.015195200458239114, 'JSW': 0.0077103432946195385, 'MRC': 0.004613382120980255}"
648,2021-06-25,162122.88944942047,0.0,"{'PKO': 0.14552084090297043, 'KGH': 0.1238666917444291, 'ALE': 0.1017092062460727, 'PKN': 0.10074527975241411, 'PZU': 0.09236702730198898, 'PEO': 0.07417531920714375, 'DNP': 0.06088980460718393, 'CDR': 0.056331992527966696, 'LPP': 0.04949687739111479, 'SPL': 0.03915016307669948, 'CPS': 0.03587046195803179, 'PGE': 0.033434998012302354, 'CCC': 0.020839834315783175, 'OPL': 0.019890868987214618, 'ACP': 0.018191708094845237, 'TPE': 0.015195200458239114, 'JSW': 0.0077103432946195385, 'MRC': 0.004613382120980255}"
649,2021-06-28,162244.79777859515,0.0,"{'PKO': 0.14552084090297043, 'KGH': 0.1238666917444291, 'ALE': 0.1017092062460727, 'PKN': 0.10074527975241411, 'PZU': 0.09236702730198898, 'PEO': 0.07417531920714375, 'DNP': 0.06088980460718393, 'CDR': 0.056331992527966696, 'LPP': 0.04949687739111479, 'SPL': 0.03915016307669948, 'CPS': 0.03587046195803179, 'PGE': 0.033434998012302354, 'CCC': 0.020839834315783175, 'OPL': 0.019890868987214618, 'ACP': 0.018191708094845237, 'TPE': 0.015195200458239114, 'JSW': 0.0077103432946195385, 'MRC': 0.004613382120980255}"
650,2021-06-29,160461.72628641842,0.0,"{'PKO': 0.14552084090297043, 'KGH': 0.1238666917444291, 'ALE': 0.1017092062460727, 'PKN': 0.10074527975241411, 'PZU': 0.09236702730198898, 'PEO': 0.07417531920714375, 'DNP': 0.06088980460718393, 'CDR': 0.056331992527966696, 'LPP': 0.04949687739111479, 'SPL': 0.03915016307669948, 'CPS': 0.03587046195803179, 'PGE': 0.033434998012302354, 'CCC': 0.020839834315783175, 'OPL': 0.019890868987214618, 'ACP': 0.018191708094845237, 'TPE': 0.015195200458239114, 'JSW': 0.0077103432946195385, 'MRC': 0.004613382120980255}"
651,2021-06-30,157676.61375529467,0.0,"{'PKO': 0.14552084090297043, 'KGH': 0.1238666917444291, 'ALE': 0.1017092062460727, 'PKN': 0.10074527975241411, 'PZU': 0.09236702730198898, 'PEO': 0.07417531920714375, 'DNP': 0.06088980460718393, 'CDR': 0.056331992527966696, 'LPP': 0.04949687739111479, 'SPL': 0.03915016307669948, 'CPS': 0.03587046195803179, 'PGE': 0.033434998012302354, 'CCC': 0.020839834315783175, 'OPL': 0.019890868987214618, 'ACP': 0.018191708094845237, 'TPE': 0.015195200458239114, 'JSW': 0.0077103432946195385, 'MRC': 0.004613382120980255}"
652,2021-07-01,160221.2768915903,0.0,"{'PKO': 0.14552084090297043, 'KGH': 0.1238666917444291, 'ALE': 0.1017092062460727, 'PKN': 0.10074527975241411, 'PZU': 0.09236702730198898, 'PEO': 0.07417531920714375, 'DNP': 0.06088980460718393, 'CDR': 0.056331992527966696, 'LPP': 0.04949687739111479, 'SPL': 0.03915016307669948, 'CPS': 0.03587046195803179, 'PGE': 0.033434998012302354, 'CCC': 0.020839834315783175, 'OPL': 0.019890868987214618, 'ACP': 0.018191708094845237, 'TPE': 0.015195200458239114, 'JSW': 0.0077103432946195385, 'MRC': 0.004613382120980255}"
653,2021-07-02,160287.31172369717,0.0,"{'PKO': 0.14552084090297043, 'KGH': 0.1238666917444291, 'ALE': 0.1017092062460727, 'PKN': 0.10074527975241411, 'PZU': 0.09236702730198898, 'PEO': 0.07417531920714375, 'DNP': 0.06088980460718393, 'CDR': 0.056331992527966696, 'LPP': 0.04949687739111479, 'SPL': 0.03915016307669948, 'CPS': 0.03587046195803179, 'PGE': 0.033434998012302354, 'CCC': 0.020839834315783175, 'OPL': 0.019890868987214618, 'ACP': 0.018191708094845237, 'TPE': 0.015195200458239114, 'JSW': 0.0077103432946195385, 'MRC': 0.004613382120980255}"
654,2021-07-05,161177.17531031315,0.0,"{'PKO': 0.14552084090297043, 'KGH': 0.1238666917444291, 'ALE': 0.1017092062460727, 'PKN': 0.10074527975241411, 'PZU': 0.09236702730198898, 'PEO': 0.07417531920714375, 'DNP': 0.06088980460718393, 'CDR': 0.056331992527966696, 'LPP': 0.04949687739111479, 'SPL': 0.03915016307669948, 'CPS': 0.03587046195803179, 'PGE': 0.033434998012302354, 'CCC': 0.020839834315783175, 'OPL': 0.019890868987214618, 'ACP': 0.018191708094845237, 'TPE': 0.015195200458239114, 'JSW': 0.0077103432946195385, 'MRC': 0.004613382120980255}"
655,2021-07-06,159078.925168486,0.0,"{'PKO': 0.14552084090297043, 'KGH': 0.1238666917444291, 'ALE': 0.1017092062460727, 'PKN': 0.10074527975241411, 'PZU': 0.09236702730198898, 'PEO': 0.07417531920714375, 'DNP': 0.06088980460718393, 'CDR': 0.056331992527966696, 'LPP': 0.04949687739111479, 'SPL': 0.03915016307669948, 'CPS': 0.03587046195803179, 'PGE': 0.033434998012302354, 'CCC': 0.020839834315783175, 'OPL': 0.019890868987214618, 'ACP': 0.018191708094845237, 'TPE': 0.015195200458239114, 'JSW': 0.0077103432946195385, 'MRC': 0.004613382120980255}"
656,2021-07-07,163221.46059696015,0.0,"{'PKO': 0.14552084090297043, 'KGH': 0.1238666917444291, 'ALE': 0.1017092062460727, 'PKN': 0.10074527975241411, 'PZU': 0.09236702730198898, 'PEO': 0.07417531920714375, 'DNP': 0.06088980460718393, 'CDR': 0.056331992527966696, 'LPP': 0.04949687739111479, 'SPL': 0.03915016307669948, 'CPS': 0.03587046195803179, 'PGE': 0.033434998012302354, 'CCC': 0.020839834315783175, 'OPL': 0.019890868987214618, 'ACP': 0.018191708094845237, 'TPE': 0.015195200458239114, 'JSW': 0.0077103432946195385, 'MRC': 0.004613382120980255}"
657,2021-07-08,159589.33688515524,0.0,"{'PKO': 0.14552084090297043, 'KGH': 0.1238666917444291, 'ALE': 0.1017092062460727, 'PKN': 0.10074527975241411, 'PZU': 0.09236702730198898, 'PEO': 0.07417531920714375, 'DNP': 0.06088980460718393, 'CDR': 0.056331992527966696, 'LPP': 0.04949687739111479, 'SPL': 0.03915016307669948, 'CPS': 0.03587046195803179, 'PGE': 0.033434998012302354, 'CCC': 0.020839834315783175, 'OPL': 0.019890868987214618, 'ACP': 0.018191708094845237, 'TPE': 0.015195200458239114, 'JSW': 0.0077103432946195385, 'MRC': 0.004613382120980255}"
658,2021-07-09,160751.36492424607,0.0,"{'PKO': 0.14552084090297043, 'KGH': 0.1238666917444291, 'ALE': 0.1017092062460727, 'PKN': 0.10074527975241411, 'PZU': 0.09236702730198898, 'PEO': 0.07417531920714375, 'DNP': 0.06088980460718393, 'CDR': 0.056331992527966696, 'LPP': 0.04949687739111479, 'SPL': 0.03915016307669948, 'CPS': 0.03587046195803179, 'PGE': 0.033434998012302354, 'CCC': 0.020839834315783175, 'OPL': 0.019890868987214618, 'ACP': 0.018191708094845237, 'TPE': 0.015195200458239114, 'JSW': 0.0077103432946195385, 'MRC': 0.004613382120980255}"
659,2021-07-12,161063.90236890718,0.0,"{'PKO': 0.14552084090297043, 'KGH': 0.1238666917444291, 'ALE': 0.1017092062460727, 'PKN': 0.10074527975241411, 'PZU': 0.09236702730198898, 'PEO': 0.07417531920714375, 'DNP': 0.06088980460718393, 'CDR': 0.056331992527966696, 'LPP': 0.04949687739111479, 'SPL': 0.03915016307669948, 'CPS': 0.03587046195803179, 'PGE': 0.033434998012302354, 'CCC': 0.020839834315783175, 'OPL': 0.019890868987214618, 'ACP': 0.018191708094845237, 'TPE': 0.015195200458239114, 'JSW': 0.0077103432946195385, 'MRC': 0.004613382120980255}"
660,2021-07-13,161794.87631780695,0.0,"{'PKO': 0.14552084090297043, 'KGH': 0.1238666917444291, 'ALE': 0.1017092062460727, 'PKN': 0.10074527975241411, 'PZU': 0.09236702730198898, 'PEO': 0.07417531920714375, 'DNP': 0.06088980460718393, 'CDR': 0.056331992527966696, 'LPP': 0.04949687739111479, 'SPL': 0.03915016307669948, 'CPS': 0.03587046195803179, 'PGE': 0.033434998012302354, 'CCC': 0.020839834315783175, 'OPL': 0.019890868987214618, 'ACP': 0.018191708094845237, 'TPE': 0.015195200458239114, 'JSW': 0.0077103432946195385, 'MRC': 0.004613382120980255}"
661,2021-07-14,162091.15894623916,0.0,"{'PKO': 0.14552084090297043, 'KGH': 0.1238666917444291, 'ALE': 0.1017092062460727, 'PKN': 0.10074527975241411, 'PZU': 0.09236702730198898, 'PEO': 0.07417531920714375, 'DNP': 0.06088980460718393, 'CDR': 0.056331992527966696, 'LPP': 0.04949687739111479, 'SPL': 0.03915016307669948, 'CPS': 0.03587046195803179, 'PGE': 0.033434998012302354, 'CCC': 0.020839834315783175, 'OPL': 0.019890868987214618, 'ACP': 0.018191708094845237, 'TPE': 0.015195200458239114, 'JSW': 0.0077103432946195385, 'MRC': 0.004613382120980255}"
662,2021-07-15,161567.61424506886,0.0,"{'PKO': 0.14552084090297043, 'KGH': 0.1238666917444291, 'ALE': 0.1017092062460727, 'PKN': 0.10074527975241411, 'PZU': 0.09236702730198898, 'PEO': 0.07417531920714375, 'DNP': 0.06088980460718393, 'CDR': 0.056331992527966696, 'LPP': 0.04949687739111479, 'SPL': 0.03915016307669948, 'CPS': 0.03587046195803179, 'PGE': 0.033434998012302354, 'CCC': 0.020839834315783175, 'OPL': 0.019890868987214618, 'ACP': 0.018191708094845237, 'TPE': 0.015195200458239114, 'JSW': 0.0077103432946195385, 'MRC': 0.004613382120980255}"
663,2021-07-16,161530.85737090907,0.0,"{'KGH': 0.1261725429406312, 'ALE': 0.12164313558678418, 'PKN': 0.09279954218460565, 'PZU': 0.08811923697809826, 'PEO': 0.06774750606298548, 'DNP': 0.06476680894274336, 'CDR': 0.05804211108338907, 'LPP': 0.056906349496032856, 'SPL': 0.03594188978642102, 'CPS': 0.03846448862705443, 'PGE': 0.028136942929181855, 'CCC': 0.022602096606338246, 'OPL': 0.022017329915037243, 'ACP': 0.019283557244481823, 'TPE': 0.014099455986748296, 'JSW': 0.00786577300139125, 'MRC': 0.004891580154934503, 'PBG': 0.1304996524731412}"
664,2021-07-19,158216.81930605846,0.0,"{'KGH': 0.1261725429406312, 'ALE': 0.12164313558678418, 'PKN': 0.09279954218460565, 'PZU': 0.08811923697809826, 'PEO': 0.06774750606298548, 'DNP': 0.06476680894274336, 'CDR': 0.05804211108338907, 'LPP': 0.056906349496032856, 'SPL': 0.03594188978642102, 'CPS': 0.03846448862705443, 'PGE': 0.028136942929181855, 'CCC': 0.022602096606338246, 'OPL': 0.022017329915037243, 'ACP': 0.019283557244481823, 'TPE': 0.014099455986748296, 'JSW': 0.00786577300139125, 'MRC': 0.004891580154934503, 'PBG': 0.1304996524731412}"
665,2021-07-20,159313.65260797675,0.0,"{'KGH': 0.1261725429406312, 'ALE': 0.12164313558678418, 'PKN': 0.09279954218460565, 'PZU': 0.08811923697809826, 'PEO': 0.06774750606298548, 'DNP': 0.06476680894274336, 'CDR': 0.05804211108338907, 'LPP': 0.056906349496032856, 'SPL': 0.03594188978642102, 'CPS': 0.03846448862705443, 'PGE': 0.028136942929181855, 'CCC': 0.022602096606338246, 'OPL': 0.022017329915037243, 'ACP': 0.019283557244481823, 'TPE': 0.014099455986748296, 'JSW': 0.00786577300139125, 'MRC': 0.004891580154934503, 'PBG': 0.1304996524731412}"
666,2021-07-21,160874.9879986255,0.0,"{'KGH': 0.1261725429406312, 'ALE': 0.12164313558678418, 'PKN': 0.09279954218460565, 'PZU': 0.08811923697809826, 'PEO': 0.06774750606298548, 'DNP': 0.06476680894274336, 'CDR': 0.05804211108338907, 'LPP': 0.056906349496032856, 'SPL': 0.03594188978642102, 'CPS': 0.03846448862705443, 'PGE': 0.028136942929181855, 'CCC': 0.022602096606338246, 'OPL': 0.022017329915037243, 'ACP': 0.019283557244481823, 'TPE': 0.014099455986748296, 'JSW': 0.00786577300139125, 'MRC': 0.004891580154934503, 'PBG': 0.1304996524731412}"
667,2021-07-22,160268.53900850948,0.0,"{'KGH': 0.1261725429406312, 'ALE': 0.12164313558678418, 'PKN': 0.09279954218460565, 'PZU': 0.08811923697809826, 'PEO': 0.06774750606298548, 'DNP': 0.06476680894274336, 'CDR': 0.05804211108338907, 'LPP': 0.056906349496032856, 'SPL': 0.03594188978642102, 'CPS': 0.03846448862705443, 'PGE': 0.028136942929181855, 'CCC': 0.022602096606338246, 'OPL': 0.022017329915037243, 'ACP': 0.019283557244481823, 'TPE': 0.014099455986748296, 'JSW': 0.00786577300139125, 'MRC': 0.004891580154934503, 'PBG': 0.1304996524731412}"
668,2021-07-23,161369.38413812686,0.0,"{'KGH': 0.1261725429406312, 'ALE': 0.12164313558678418, 'PKN': 0.09279954218460565, 'PZU': 0.08811923697809826, 'PEO': 0.06774750606298548, 'DNP': 0.06476680894274336, 'CDR': 0.05804211108338907, 'LPP': 0.056906349496032856, 'SPL': 0.03594188978642102, 'CPS': 0.03846448862705443, 'PGE': 0.028136942929181855, 'CCC': 0.022602096606338246, 'OPL': 0.022017329915037243, 'ACP': 0.019283557244481823, 'TPE': 0.014099455986748296, 'JSW': 0.00786577300139125, 'MRC': 0.004891580154934503, 'PBG': 0.1304996524731412}"
669,2021-07-26,161226.47923438798,0.0,"{'KGH': 0.1261725429406312, 'ALE': 0.12164313558678418, 'PKN': 0.09279954218460565, 'PZU': 0.08811923697809826, 'PEO': 0.06774750606298548, 'DNP': 0.06476680894274336, 'CDR': 0.05804211108338907, 'LPP': 0.056906349496032856, 'SPL': 0.03594188978642102, 'CPS': 0.03846448862705443, 'PGE': 0.028136942929181855, 'CCC': 0.022602096606338246, 'OPL': 0.022017329915037243, 'ACP': 0.019283557244481823, 'TPE': 0.014099455986748296, 'JSW': 0.00786577300139125, 'MRC': 0.004891580154934503, 'PBG': 0.1304996524731412}"
670,2021-07-27,160234.1788089602,0.0,"{'KGH': 0.1261725429406312, 'ALE': 0.12164313558678418, 'PKN': 0.09279954218460565, 'PZU': 0.08811923697809826, 'PEO': 0.06774750606298548, 'DNP': 0.06476680894274336, 'CDR': 0.05804211108338907, 'LPP': 0.056906349496032856, 'SPL': 0.03594188978642102, 'CPS': 0.03846448862705443, 'PGE': 0.028136942929181855, 'CCC': 0.022602096606338246, 'OPL': 0.022017329915037243, 'ACP': 0.019283557244481823, 'TPE': 0.014099455986748296, 'JSW': 0.00786577300139125, 'MRC': 0.004891580154934503, 'PBG': 0.1304996524731412}"
671,2021-07-28,160355.10683012565,0.0,"{'KGH': 0.1261725429406312, 'ALE': 0.12164313558678418, 'PKN': 0.09279954218460565, 'PZU': 0.08811923697809826, 'PEO': 0.06774750606298548, 'DNP': 0.06476680894274336, 'CDR': 0.05804211108338907, 'LPP': 0.056906349496032856, 'SPL': 0.03594188978642102, 'CPS': 0.03846448862705443, 'PGE': 0.028136942929181855, 'CCC': 0.022602096606338246, 'OPL': 0.022017329915037243, 'ACP': 0.019283557244481823, 'TPE': 0.014099455986748296, 'JSW': 0.00786577300139125, 'MRC': 0.004891580154934503, 'PBG': 0.1304996524731412}"
672,2021-07-29,161878.47182763158,0.0,"{'KGH': 0.1261725429406312, 'ALE': 0.12164313558678418, 'PKN': 0.09279954218460565, 'PZU': 0.08811923697809826, 'PEO': 0.06774750606298548, 'DNP': 0.06476680894274336, 'CDR': 0.05804211108338907, 'LPP': 0.056906349496032856, 'SPL': 0.03594188978642102, 'CPS': 0.03846448862705443, 'PGE': 0.028136942929181855, 'CCC': 0.022602096606338246, 'OPL': 0.022017329915037243, 'ACP': 0.019283557244481823, 'TPE': 0.014099455986748296, 'JSW': 0.00786577300139125, 'MRC': 0.004891580154934503, 'PBG': 0.1304996524731412}"
673,2021-07-30,160960.59650714416,0.0,"{'KGH': 0.1261725429406312, 'ALE': 0.12164313558678418, 'PKN': 0.09279954218460565, 'PZU': 0.08811923697809826, 'PEO': 0.06774750606298548, 'DNP': 0.06476680894274336, 'CDR': 0.05804211108338907, 'LPP': 0.056906349496032856, 'SPL': 0.03594188978642102, 'CPS': 0.03846448862705443, 'PGE': 0.028136942929181855, 'CCC': 0.022602096606338246, 'OPL': 0.022017329915037243, 'ACP': 0.019283557244481823, 'TPE': 0.014099455986748296, 'JSW': 0.00786577300139125, 'MRC': 0.004891580154934503, 'PBG': 0.1304996524731412}"
674,2021-08-02,160996.7291655748,0.0,"{'KGH': 0.1261725429406312, 'ALE': 0.12164313558678418, 'PKN': 0.09279954218460565, 'PZU': 0.08811923697809826, 'PEO': 0.06774750606298548, 'DNP': 0.06476680894274336, 'CDR': 0.05804211108338907, 'LPP': 0.056906349496032856, 'SPL': 0.03594188978642102, 'CPS': 0.03846448862705443, 'PGE': 0.028136942929181855, 'CCC': 0.022602096606338246, 'OPL': 0.022017329915037243, 'ACP': 0.019283557244481823, 'TPE': 0.014099455986748296, 'JSW': 0.00786577300139125, 'MRC': 0.004891580154934503, 'PBG': 0.1304996524731412}"
675,2021-08-03,161410.13797722885,0.0,"{'KGH': 0.1261725429406312, 'ALE': 0.12164313558678418, 'PKN': 0.09279954218460565, 'PZU': 0.08811923697809826, 'PEO': 0.06774750606298548, 'DNP': 0.06476680894274336, 'CDR': 0.05804211108338907, 'LPP': 0.056906349496032856, 'SPL': 0.03594188978642102, 'CPS': 0.03846448862705443, 'PGE': 0.028136942929181855, 'CCC': 0.022602096606338246, 'OPL': 0.022017329915037243, 'ACP': 0.019283557244481823, 'TPE': 0.014099455986748296, 'JSW': 0.00786577300139125, 'MRC': 0.004891580154934503, 'PBG': 0.1304996524731412}"
676,2021-08-04,159434.73173828772,0.0,"{'KGH': 0.1261725429406312, 'ALE': 0.12164313558678418, 'PKN': 0.09279954218460565, 'PZU': 0.08811923697809826, 'PEO': 0.06774750606298548, 'DNP': 0.06476680894274336, 'CDR': 0.05804211108338907, 'LPP': 0.056906349496032856, 'SPL': 0.03594188978642102, 'CPS': 0.03846448862705443, 'PGE': 0.028136942929181855, 'CCC': 0.022602096606338246, 'OPL': 0.022017329915037243, 'ACP': 0.019283557244481823, 'TPE': 0.014099455986748296, 'JSW': 0.00786577300139125, 'MRC': 0.004891580154934503, 'PBG': 0.1304996524731412}"
677,2021-08-05,159213.7263300085,0.0,"{'KGH': 0.1261725429406312, 'ALE': 0.12164313558678418, 'PKN': 0.09279954218460565, 'PZU': 0.08811923697809826, 'PEO': 0.06774750606298548, 'DNP': 0.06476680894274336, 'CDR': 0.05804211108338907, 'LPP': 0.056906349496032856, 'SPL': 0.03594188978642102, 'CPS': 0.03846448862705443, 'PGE': 0.028136942929181855, 'CCC': 0.022602096606338246, 'OPL': 0.022017329915037243, 'ACP': 0.019283557244481823, 'TPE': 0.014099455986748296, 'JSW': 0.00786577300139125, 'MRC': 0.004891580154934503, 'PBG': 0.1304996524731412}"
678,2021-08-06,158995.21429811776,0.0,"{'KGH': 0.1261725429406312, 'ALE': 0.12164313558678418, 'PKN': 0.09279954218460565, 'PZU': 0.08811923697809826, 'PEO': 0.06774750606298548, 'DNP': 0.06476680894274336, 'CDR': 0.05804211108338907, 'LPP': 0.056906349496032856, 'SPL': 0.03594188978642102, 'CPS': 0.03846448862705443, 'PGE': 0.028136942929181855, 'CCC': 0.022602096606338246, 'OPL': 0.022017329915037243, 'ACP': 0.019283557244481823, 'TPE': 0.014099455986748296, 'JSW': 0.00786577300139125, 'MRC': 0.004891580154934503, 'PBG': 0.1304996524731412}"
679,2021-08-09,158475.4244735483,0.0,"{'KGH': 0.1261725429406312, 'ALE': 0.12164313558678418, 'PKN': 0.09279954218460565, 'PZU': 0.08811923697809826, 'PEO': 0.06774750606298548, 'DNP': 0.06476680894274336, 'CDR': 0.05804211108338907, 'LPP': 0.056906349496032856, 'SPL': 0.03594188978642102, 'CPS': 0.03846448862705443, 'PGE': 0.028136942929181855, 'CCC': 0.022602096606338246, 'OPL': 0.022017329915037243, 'ACP': 0.019283557244481823, 'TPE': 0.014099455986748296, 'JSW': 0.00786577300139125, 'MRC': 0.004891580154934503, 'PBG': 0.1304996524731412}"
680,2021-08-10,159009.25582927553,0.0,"{'KGH': 0.1261725429406312, 'ALE': 0.12164313558678418, 'PKN': 0.09279954218460565, 'PZU': 0.08811923697809826, 'PEO': 0.06774750606298548, 'DNP': 0.06476680894274336, 'CDR': 0.05804211108338907, 'LPP': 0.056906349496032856, 'SPL': 0.03594188978642102, 'CPS': 0.03846448862705443, 'PGE': 0.028136942929181855, 'CCC': 0.022602096606338246, 'OPL': 0.022017329915037243, 'ACP': 0.019283557244481823, 'TPE': 0.014099455986748296, 'JSW': 0.00786577300139125, 'MRC': 0.004891580154934503, 'PBG': 0.1304996524731412}"
681,2021-08-11,156183.41010227773,0.0,"{'KGH': 0.1261725429406312, 'ALE': 0.12164313558678418, 'PKN': 0.09279954218460565, 'PZU': 0.08811923697809826, 'PEO': 0.06774750606298548, 'DNP': 0.06476680894274336, 'CDR': 0.05804211108338907, 'LPP': 0.056906349496032856, 'SPL': 0.03594188978642102, 'CPS': 0.03846448862705443, 'PGE': 0.028136942929181855, 'CCC': 0.022602096606338246, 'OPL': 0.022017329915037243, 'ACP': 0.019283557244481823, 'TPE': 0.014099455986748296, 'JSW': 0.00786577300139125, 'MRC': 0.004891580154934503, 'PBG': 0.1304996524731412}"
682,2021-08-12,157396.1510578789,0.0,"{'KGH': 0.1261725429406312, 'ALE': 0.12164313558678418, 'PKN': 0.09279954218460565, 'PZU': 0.08811923697809826, 'PEO': 0.06774750606298548, 'DNP': 0.06476680894274336, 'CDR': 0.05804211108338907, 'LPP': 0.056906349496032856, 'SPL': 0.03594188978642102, 'CPS': 0.03846448862705443, 'PGE': 0.028136942929181855, 'CCC': 0.022602096606338246, 'OPL': 0.022017329915037243, 'ACP': 0.019283557244481823, 'TPE': 0.014099455986748296, 'JSW': 0.00786577300139125, 'MRC': 0.004891580154934503, 'PBG': 0.1304996524731412}"
683,2021-08-13,157672.4430520441,0.0,"{'KGH': 0.1261725429406312, 'ALE': 0.12164313558678418, 'PKN': 0.09279954218460565, 'PZU': 0.08811923697809826, 'PEO': 0.06774750606298548, 'DNP': 0.06476680894274336, 'CDR': 0.05804211108338907, 'LPP': 0.056906349496032856, 'SPL': 0.03594188978642102, 'CPS': 0.03846448862705443, 'PGE': 0.028136942929181855, 'CCC': 0.022602096606338246, 'OPL': 0.022017329915037243, 'ACP': 0.019283557244481823, 'TPE': 0.014099455986748296, 'JSW': 0.00786577300139125, 'MRC': 0.004891580154934503, 'PBG': 0.1304996524731412}"
684,2021-08-16,156225.69998192505,0.0,"{'KGH': 0.1261725429406312, 'ALE': 0.12164313558678418, 'PKN': 0.09279954218460565, 'PZU': 0.08811923697809826, 'PEO': 0.06774750606298548, 'DNP': 0.06476680894274336, 'CDR': 0.05804211108338907, 'LPP': 0.056906349496032856, 'SPL': 0.03594188978642102, 'CPS': 0.03846448862705443, 'PGE': 0.028136942929181855, 'CCC': 0.022602096606338246, 'OPL': 0.022017329915037243, 'ACP': 0.019283557244481823, 'TPE': 0.014099455986748296, 'JSW': 0.00786577300139125, 'MRC': 0.004891580154934503, 'PBG': 0.1304996524731412}"
685,2021-08-17,157267.23765618875,0.0,"{'KGH': 0.1261725429406312, 'ALE': 0.12164313558678418, 'PKN': 0.09279954218460565, 'PZU': 0.08811923697809826, 'PEO': 0.06774750606298548, 'DNP': 0.06476680894274336, 'CDR': 0.05804211108338907, 'LPP': 0.056906349496032856, 'SPL': 0.03594188978642102, 'CPS': 0.03846448862705443, 'PGE': 0.028136942929181855, 'CCC': 0.022602096606338246, 'OPL': 0.022017329915037243, 'ACP': 0.019283557244481823, 'TPE': 0.014099455986748296, 'JSW': 0.00786577300139125, 'MRC': 0.004891580154934503, 'PBG': 0.1304996524731412}"
686,2021-08-18,155671.29669773497,0.0,"{'KGH': 0.1261725429406312, 'ALE': 0.12164313558678418, 'PKN': 0.09279954218460565, 'PZU': 0.08811923697809826, 'PEO': 0.06774750606298548, 'DNP': 0.06476680894274336, 'CDR': 0.05804211108338907, 'LPP': 0.056906349496032856, 'SPL': 0.03594188978642102, 'CPS': 0.03846448862705443, 'PGE': 0.028136942929181855, 'CCC': 0.022602096606338246, 'OPL': 0.022017329915037243, 'ACP': 0.019283557244481823, 'TPE': 0.014099455986748296, 'JSW': 0.00786577300139125, 'MRC': 0.004891580154934503, 'PBG': 0.1304996524731412}"
687,2021-08-19,154359.97795429168,0.0,"{'KGH': 0.1261725429406312, 'ALE': 0.12164313558678418, 'PKN': 0.09279954218460565, 'PZU': 0.08811923697809826, 'PEO': 0.06774750606298548, 'DNP': 0.06476680894274336, 'CDR': 0.05804211108338907, 'LPP': 0.056906349496032856, 'SPL': 0.03594188978642102, 'CPS': 0.03846448862705443, 'PGE': 0.028136942929181855, 'CCC': 0.022602096606338246, 'OPL': 0.022017329915037243, 'ACP': 0.019283557244481823, 'TPE': 0.014099455986748296, 'JSW': 0.00786577300139125, 'MRC': 0.004891580154934503, 'PBG': 0.1304996524731412}"
688,2021-08-20,153977.30904261908,0.0,"{'KGH': 0.1261725429406312, 'ALE': 0.12164313558678418, 'PKN': 0.09279954218460565, 'PZU': 0.08811923697809826, 'PEO': 0.06774750606298548, 'DNP': 0.06476680894274336, 'CDR': 0.05804211108338907, 'LPP': 0.056906349496032856, 'SPL': 0.03594188978642102, 'CPS': 0.03846448862705443, 'PGE': 0.028136942929181855, 'CCC': 0.022602096606338246, 'OPL': 0.022017329915037243, 'ACP': 0.019283557244481823, 'TPE': 0.014099455986748296, 'JSW': 0.00786577300139125, 'MRC': 0.004891580154934503, 'PBG': 0.1304996524731412}"
689,2021-08-23,155807.00834869914,0.0,"{'KGH': 0.1261725429406312, 'ALE': 0.12164313558678418, 'PKN': 0.09279954218460565, 'PZU': 0.08811923697809826, 'PEO': 0.06774750606298548, 'DNP': 0.06476680894274336, 'CDR': 0.05804211108338907, 'LPP': 0.056906349496032856, 'SPL': 0.03594188978642102, 'CPS': 0.03846448862705443, 'PGE': 0.028136942929181855, 'CCC': 0.022602096606338246, 'OPL': 0.022017329915037243, 'ACP': 0.019283557244481823, 'TPE': 0.014099455986748296, 'JSW': 0.00786577300139125, 'MRC': 0.004891580154934503, 'PBG': 0.1304996524731412}"
690,2021-08-24,156599.0526854769,0.0,"{'KGH': 0.1261725429406312, 'ALE': 0.12164313558678418, 'PKN': 0.09279954218460565, 'PZU': 0.08811923697809826, 'PEO': 0.06774750606298548, 'DNP': 0.06476680894274336, 'CDR': 0.05804211108338907, 'LPP': 0.056906349496032856, 'SPL': 0.03594188978642102, 'CPS': 0.03846448862705443, 'PGE': 0.028136942929181855, 'CCC': 0.022602096606338246, 'OPL': 0.022017329915037243, 'ACP': 0.019283557244481823, 'TPE': 0.014099455986748296, 'JSW': 0.00786577300139125, 'MRC': 0.004891580154934503, 'PBG': 0.1304996524731412}"
691,2021-08-25,159387.51503481204,0.0,"{'KGH': 0.1261725429406312, 'ALE': 0.12164313558678418, 'PKN': 0.09279954218460565, 'PZU': 0.08811923697809826, 'PEO': 0.06774750606298548, 'DNP': 0.06476680894274336, 'CDR': 0.05804211108338907, 'LPP': 0.056906349496032856, 'SPL': 0.03594188978642102, 'CPS': 0.03846448862705443, 'PGE': 0.028136942929181855, 'CCC': 0.022602096606338246, 'OPL': 0.022017329915037243, 'ACP': 0.019283557244481823, 'TPE': 0.014099455986748296, 'JSW': 0.00786577300139125, 'MRC': 0.004891580154934503, 'PBG': 0.1304996524731412}"
692,2021-08-26,158646.46238068838,0.0,"{'KGH': 0.1261725429406312, 'ALE': 0.12164313558678418, 'PKN': 0.09279954218460565, 'PZU': 0.08811923697809826, 'PEO': 0.06774750606298548, 'DNP': 0.06476680894274336, 'CDR': 0.05804211108338907, 'LPP': 0.056906349496032856, 'SPL': 0.03594188978642102, 'CPS': 0.03846448862705443, 'PGE': 0.028136942929181855, 'CCC': 0.022602096606338246, 'OPL': 0.022017329915037243, 'ACP': 0.019283557244481823, 'TPE': 0.014099455986748296, 'JSW': 0.00786577300139125, 'MRC': 0.004891580154934503, 'PBG': 0.1304996524731412}"
693,2021-08-27,159418.84855448766,0.0,"{'KGH': 0.1261725429406312, 'ALE': 0.12164313558678418, 'PKN': 0.09279954218460565, 'PZU': 0.08811923697809826, 'PEO': 0.06774750606298548, 'DNP': 0.06476680894274336, 'CDR': 0.05804211108338907, 'LPP': 0.056906349496032856, 'SPL': 0.03594188978642102, 'CPS': 0.03846448862705443, 'PGE': 0.028136942929181855, 'CCC': 0.022602096606338246, 'OPL': 0.022017329915037243, 'ACP': 0.019283557244481823, 'TPE': 0.014099455986748296, 'JSW': 0.00786577300139125, 'MRC': 0.004891580154934503, 'PBG': 0.1304996524731412}"
694,2021-08-30,161226.65438765968,0.0,"{'KGH': 0.1261725429406312, 'ALE': 0.12164313558678418, 'PKN': 0.09279954218460565, 'PZU': 0.08811923697809826, 'PEO': 0.06774750606298548, 'DNP': 0.06476680894274336, 'CDR': 0.05804211108338907, 'LPP': 0.056906349496032856, 'SPL': 0.03594188978642102, 'CPS': 0.03846448862705443, 'PGE': 0.028136942929181855, 'CCC': 0.022602096606338246, 'OPL': 0.022017329915037243, 'ACP': 0.019283557244481823, 'TPE': 0.014099455986748296, 'JSW': 0.00786577300139125, 'MRC': 0.004891580154934503, 'PBG': 0.1304996524731412}"
695,2021-08-31,161952.04475064512,0.0,"{'KGH': 0.1261725429406312, 'ALE': 0.12164313558678418, 'PKN': 0.09279954218460565, 'PZU': 0.08811923697809826, 'PEO': 0.06774750606298548, 'DNP': 0.06476680894274336, 'CDR': 0.05804211108338907, 'LPP': 0.056906349496032856, 'SPL': 0.03594188978642102, 'CPS': 0.03846448862705443, 'PGE': 0.028136942929181855, 'CCC': 0.022602096606338246, 'OPL': 0.022017329915037243, 'ACP': 0.019283557244481823, 'TPE': 0.014099455986748296, 'JSW': 0.00786577300139125, 'MRC': 0.004891580154934503, 'PBG': 0.1304996524731412}"
696,2021-09-01,165731.32004936918,0.0,"{'KGH': 0.1261725429406312, 'ALE': 0.12164313558678418, 'PKN': 0.09279954218460565, 'PZU': 0.08811923697809826, 'PEO': 0.06774750606298548, 'DNP': 0.06476680894274336, 'CDR': 0.05804211108338907, 'LPP': 0.056906349496032856, 'SPL': 0.03594188978642102, 'CPS': 0.03846448862705443, 'PGE': 0.028136942929181855, 'CCC': 0.022602096606338246, 'OPL': 0.022017329915037243, 'ACP': 0.019283557244481823, 'TPE': 0.014099455986748296, 'JSW': 0.00786577300139125, 'MRC': 0.004891580154934503, 'PBG': 0.1304996524731412}"
697,2021-09-02,167273.99032343135,0.0,"{'KGH': 0.1261725429406312, 'ALE': 0.12164313558678418, 'PKN': 0.09279954218460565, 'PZU': 0.08811923697809826, 'PEO': 0.06774750606298548, 'DNP': 0.06476680894274336, 'CDR': 0.05804211108338907, 'LPP': 0.056906349496032856, 'SPL': 0.03594188978642102, 'CPS': 0.03846448862705443, 'PGE': 0.028136942929181855, 'CCC': 0.022602096606338246, 'OPL': 0.022017329915037243, 'ACP': 0.019283557244481823, 'TPE': 0.014099455986748296, 'JSW': 0.00786577300139125, 'MRC': 0.004891580154934503, 'PBG': 0.1304996524731412}"
698,2021-09-03,166432.9602132668,0.0,"{'KGH': 0.1261725429406312, 'ALE': 0.12164313558678418, 'PKN': 0.09279954218460565, 'PZU': 0.08811923697809826, 'PEO': 0.06774750606298548, 'DNP': 0.06476680894274336, 'CDR': 0.05804211108338907, 'LPP': 0.056906349496032856, 'SPL': 0.03594188978642102, 'CPS': 0.03846448862705443, 'PGE': 0.028136942929181855, 'CCC': 0.022602096606338246, 'OPL': 0.022017329915037243, 'ACP': 0.019283557244481823, 'TPE': 0.014099455986748296, 'JSW': 0.00786577300139125, 'MRC': 0.004891580154934503, 'PBG': 0.1304996524731412}"
699,2021-09-06,168405.4366833296,0.0,"{'KGH': 0.1261725429406312, 'ALE': 0.12164313558678418, 'PKN': 0.09279954218460565, 'PZU': 0.08811923697809826, 'PEO': 0.06774750606298548, 'DNP': 0.06476680894274336, 'CDR': 0.05804211108338907, 'LPP': 0.056906349496032856, 'SPL': 0.03594188978642102, 'CPS': 0.03846448862705443, 'PGE': 0.028136942929181855, 'CCC': 0.022602096606338246, 'OPL': 0.022017329915037243, 'ACP': 0.019283557244481823, 'TPE': 0.014099455986748296, 'JSW': 0.00786577300139125, 'MRC': 0.004891580154934503, 'PBG': 0.1304996524731412}"
700,2021-09-07,167001.82294568018,0.0,"{'KGH': 0.1261725429406312, 'ALE': 0.12164313558678418, 'PKN': 0.09279954218460565, 'PZU': 0.08811923697809826, 'PEO': 0.06774750606298548, 'DNP': 0.06476680894274336, 'CDR': 0.05804211108338907, 'LPP': 0.056906349496032856, 'SPL': 0.03594188978642102, 'CPS': 0.03846448862705443, 'PGE': 0.028136942929181855, 'CCC': 0.022602096606338246, 'OPL': 0.022017329915037243, 'ACP': 0.019283557244481823, 'TPE': 0.014099455986748296, 'JSW': 0.00786577300139125, 'MRC': 0.004891580154934503, 'PBG': 0.1304996524731412}"
701,2021-09-08,165055.10731821033,0.0,"{'KGH': 0.1261725429406312, 'ALE': 0.12164313558678418, 'PKN': 0.09279954218460565, 'PZU': 0.08811923697809826, 'PEO': 0.06774750606298548, 'DNP': 0.06476680894274336, 'CDR': 0.05804211108338907, 'LPP': 0.056906349496032856, 'SPL': 0.03594188978642102, 'CPS': 0.03846448862705443, 'PGE': 0.028136942929181855, 'CCC': 0.022602096606338246, 'OPL': 0.022017329915037243, 'ACP': 0.019283557244481823, 'TPE': 0.014099455986748296, 'JSW': 0.00786577300139125, 'MRC': 0.004891580154934503, 'PBG': 0.1304996524731412}"
702,2021-09-09,164819.74583908706,0.0,"{'KGH': 0.1261725429406312, 'ALE': 0.12164313558678418, 'PKN': 0.09279954218460565, 'PZU': 0.08811923697809826, 'PEO': 0.06774750606298548, 'DNP': 0.06476680894274336, 'CDR': 0.05804211108338907, 'LPP': 0.056906349496032856, 'SPL': 0.03594188978642102, 'CPS': 0.03846448862705443, 'PGE': 0.028136942929181855, 'CCC': 0.022602096606338246, 'OPL': 0.022017329915037243, 'ACP': 0.019283557244481823, 'TPE': 0.014099455986748296, 'JSW': 0.00786577300139125, 'MRC': 0.004891580154934503, 'PBG': 0.1304996524731412}"
703,2021-09-10,165145.39289800022,0.0,"{'KGH': 0.1261725429406312, 'ALE': 0.12164313558678418, 'PKN': 0.09279954218460565, 'PZU': 0.08811923697809826, 'PEO': 0.06774750606298548, 'DNP': 0.06476680894274336, 'CDR': 0.05804211108338907, 'LPP': 0.056906349496032856, 'SPL': 0.03594188978642102, 'CPS': 0.03846448862705443, 'PGE': 0.028136942929181855, 'CCC': 0.022602096606338246, 'OPL': 0.022017329915037243, 'ACP': 0.019283557244481823, 'TPE': 0.014099455986748296, 'JSW': 0.00786577300139125, 'MRC': 0.004891580154934503, 'PBG': 0.1304996524731412}"
704,2021-09-13,166614.3482922147,0.0,"{'KGH': 0.1261725429406312, 'ALE': 0.12164313558678418, 'PKN': 0.09279954218460565, 'PZU': 0.08811923697809826, 'PEO': 0.06774750606298548, 'DNP': 0.06476680894274336, 'CDR': 0.05804211108338907, 'LPP': 0.056906349496032856, 'SPL': 0.03594188978642102, 'CPS': 0.03846448862705443, 'PGE': 0.028136942929181855, 'CCC': 0.022602096606338246, 'OPL': 0.022017329915037243, 'ACP': 0.019283557244481823, 'TPE': 0.014099455986748296, 'JSW': 0.00786577300139125, 'MRC': 0.004891580154934503, 'PBG': 0.1304996524731412}"
705,2021-09-14,167212.00129366995,0.0,"{'KGH': 0.1261725429406312, 'ALE': 0.12164313558678418, 'PKN': 0.09279954218460565, 'PZU': 0.08811923697809826, 'PEO': 0.06774750606298548, 'DNP': 0.06476680894274336, 'CDR': 0.05804211108338907, 'LPP': 0.056906349496032856, 'SPL': 0.03594188978642102, 'CPS': 0.03846448862705443, 'PGE': 0.028136942929181855, 'CCC': 0.022602096606338246, 'OPL': 0.022017329915037243, 'ACP': 0.019283557244481823, 'TPE': 0.014099455986748296, 'JSW': 0.00786577300139125, 'MRC': 0.004891580154934503, 'PBG': 0.1304996524731412}"
706,2021-09-15,164136.57270720982,0.0,"{'KGH': 0.1261725429406312, 'ALE': 0.12164313558678418, 'PKN': 0.09279954218460565, 'PZU': 0.08811923697809826, 'PEO': 0.06774750606298548, 'DNP': 0.06476680894274336, 'CDR': 0.05804211108338907, 'LPP': 0.056906349496032856, 'SPL': 0.03594188978642102, 'CPS': 0.03846448862705443, 'PGE': 0.028136942929181855, 'CCC': 0.022602096606338246, 'OPL': 0.022017329915037243, 'ACP': 0.019283557244481823, 'TPE': 0.014099455986748296, 'JSW': 0.00786577300139125, 'MRC': 0.004891580154934503, 'PBG': 0.1304996524731412}"
707,2021-09-16,163855.85590633118,0.0,"{'KGH': 0.1261725429406312, 'ALE': 0.12164313558678418, 'PKN': 0.09279954218460565, 'PZU': 0.08811923697809826, 'PEO': 0.06774750606298548, 'DNP': 0.06476680894274336, 'CDR': 0.05804211108338907, 'LPP': 0.056906349496032856, 'SPL': 0.03594188978642102, 'CPS': 0.03846448862705443, 'PGE': 0.028136942929181855, 'CCC': 0.022602096606338246, 'OPL': 0.022017329915037243, 'ACP': 0.019283557244481823, 'TPE': 0.014099455986748296, 'JSW': 0.00786577300139125, 'MRC': 0.004891580154934503, 'PBG': 0.1304996524731412}"
708,2021-09-17,162720.84262800723,-2.9103830456733704e-11,"{'PKO': 0.14480890042869232, 'ALE': 0.1091534658847455, 'KGH': 0.10225836227166431, 'PZU': 0.09860669663889014, 'PKN': 0.0898175446225866, 'PEO': 0.07838930209059457, 'DNP': 0.06680757448822322, 'LPP': 0.05908855449039759, 'CDR': 0.050889893647636644, 'CPS': 0.04077799876785596, 'SPL': 0.03924314806406296, 'PGE': 0.03206665515528639, 'OPL': 0.0230248922939836, 'ACP': 0.019580005158803752, 'CCC': 0.01884988520595778, 'TPE': 0.015709836474447934, 'JSW': 0.007834133800610103, 'MRC': 0.003093150515560615}"
709,2021-09-20,158687.88482551512,-2.9103830456733704e-11,"{'PKO': 0.14480890042869232, 'ALE': 0.1091534658847455, 'KGH': 0.10225836227166431, 'PZU': 0.09860669663889014, 'PKN': 0.0898175446225866, 'PEO': 0.07838930209059457, 'DNP': 0.06680757448822322, 'LPP': 0.05908855449039759, 'CDR': 0.050889893647636644, 'CPS': 0.04077799876785596, 'SPL': 0.03924314806406296, 'PGE': 0.03206665515528639, 'OPL': 0.0230248922939836, 'ACP': 0.019580005158803752, 'CCC': 0.01884988520595778, 'TPE': 0.015709836474447934, 'JSW': 0.007834133800610103, 'MRC': 0.003093150515560615}"
710,2021-09-21,158846.47193465964,-2.9103830456733704e-11,"{'PKO': 0.14480890042869232, 'ALE': 0.1091534658847455, 'KGH': 0.10225836227166431, 'PZU': 0.09860669663889014, 'PKN': 0.0898175446225866, 'PEO': 0.07838930209059457, 'DNP': 0.06680757448822322, 'LPP': 0.05908855449039759, 'CDR': 0.050889893647636644, 'CPS': 0.04077799876785596, 'SPL': 0.03924314806406296, 'PGE': 0.03206665515528639, 'OPL': 0.0230248922939836, 'ACP': 0.019580005158803752, 'CCC': 0.01884988520595778, 'TPE': 0.015709836474447934, 'JSW': 0.007834133800610103, 'MRC': 0.003093150515560615}"
711,2021-09-22,162743.409989161,-2.9103830456733704e-11,"{'PKO': 0.14480890042869232, 'ALE': 0.1091534658847455, 'KGH': 0.10225836227166431, 'PZU': 0.09860669663889014, 'PKN': 0.0898175446225866, 'PEO': 0.07838930209059457, 'DNP': 0.06680757448822322, 'LPP': 0.05908855449039759, 'CDR': 0.050889893647636644, 'CPS': 0.04077799876785596, 'SPL': 0.03924314806406296, 'PGE': 0.03206665515528639, 'OPL': 0.0230248922939836, 'ACP': 0.019580005158803752, 'CCC': 0.01884988520595778, 'TPE': 0.015709836474447934, 'JSW': 0.007834133800610103, 'MRC': 0.003093150515560615}"
712,2021-09-23,161830.08906502867,-2.9103830456733704e-11,"{'PKO': 0.14480890042869232, 'ALE': 0.1091534658847455, 'KGH': 0.10225836227166431, 'PZU': 0.09860669663889014, 'PKN': 0.0898175446225866, 'PEO': 0.07838930209059457, 'DNP': 0.06680757448822322, 'LPP': 0.05908855449039759, 'CDR': 0.050889893647636644, 'CPS': 0.04077799876785596, 'SPL': 0.03924314806406296, 'PGE': 0.03206665515528639, 'OPL': 0.0230248922939836, 'ACP': 0.019580005158803752, 'CCC': 0.01884988520595778, 'TPE': 0.015709836474447934, 'JSW': 0.007834133800610103, 'MRC': 0.003093150515560615}"
713,2021-09-24,160222.63648217803,-2.9103830456733704e-11,"{'PKO': 0.14480890042869232, 'ALE': 0.1091534658847455, 'KGH': 0.10225836227166431, 'PZU': 0.09860669663889014, 'PKN': 0.0898175446225866, 'PEO': 0.07838930209059457, 'DNP': 0.06680757448822322, 'LPP': 0.05908855449039759, 'CDR': 0.050889893647636644, 'CPS': 0.04077799876785596, 'SPL': 0.03924314806406296, 'PGE': 0.03206665515528639, 'OPL': 0.0230248922939836, 'ACP': 0.019580005158803752, 'CCC': 0.01884988520595778, 'TPE': 0.015709836474447934, 'JSW': 0.007834133800610103, 'MRC': 0.003093150515560615}"
714,2021-09-27,159811.25851889155,-2.9103830456733704e-11,"{'PKO': 0.14480890042869232, 'ALE': 0.1091534658847455, 'KGH': 0.10225836227166431, 'PZU': 0.09860669663889014, 'PKN': 0.0898175446225866, 'PEO': 0.07838930209059457, 'DNP': 0.06680757448822322, 'LPP': 0.05908855449039759, 'CDR': 0.050889893647636644, 'CPS': 0.04077799876785596, 'SPL': 0.03924314806406296, 'PGE': 0.03206665515528639, 'OPL': 0.0230248922939836, 'ACP': 0.019580005158803752, 'CCC': 0.01884988520595778, 'TPE': 0.015709836474447934, 'JSW': 0.007834133800610103, 'MRC': 0.003093150515560615}"
715,2021-09-28,158523.59829175172,-2.9103830456733704e-11,"{'PKO': 0.14480890042869232, 'ALE': 0.1091534658847455, 'KGH': 0.10225836227166431, 'PZU': 0.09860669663889014, 'PKN': 0.0898175446225866, 'PEO': 0.07838930209059457, 'DNP': 0.06680757448822322, 'LPP': 0.05908855449039759, 'CDR': 0.050889893647636644, 'CPS': 0.04077799876785596, 'SPL': 0.03924314806406296, 'PGE': 0.03206665515528639, 'OPL': 0.0230248922939836, 'ACP': 0.019580005158803752, 'CCC': 0.01884988520595778, 'TPE': 0.015709836474447934, 'JSW': 0.007834133800610103, 'MRC': 0.003093150515560615}"
716,2021-09-29,159566.86201600774,-2.9103830456733704e-11,"{'PKO': 0.14480890042869232, 'ALE': 0.1091534658847455, 'KGH': 0.10225836227166431, 'PZU': 0.09860669663889014, 'PKN': 0.0898175446225866, 'PEO': 0.07838930209059457, 'DNP': 0.06680757448822322, 'LPP': 0.05908855449039759, 'CDR': 0.050889893647636644, 'CPS': 0.04077799876785596, 'SPL': 0.03924314806406296, 'PGE': 0.03206665515528639, 'OPL': 0.0230248922939836, 'ACP': 0.019580005158803752, 'CCC': 0.01884988520595778, 'TPE': 0.015709836474447934, 'JSW': 0.007834133800610103, 'MRC': 0.003093150515560615}"
717,2021-09-30,160602.32258946958,-2.9103830456733704e-11,"{'PKO': 0.14480890042869232, 'ALE': 0.1091534658847455, 'KGH': 0.10225836227166431, 'PZU': 0.09860669663889014, 'PKN': 0.0898175446225866, 'PEO': 0.07838930209059457, 'DNP': 0.06680757448822322, 'LPP': 0.05908855449039759, 'CDR': 0.050889893647636644, 'CPS': 0.04077799876785596, 'SPL': 0.03924314806406296, 'PGE': 0.03206665515528639, 'OPL': 0.0230248922939836, 'ACP': 0.019580005158803752, 'CCC': 0.01884988520595778, 'TPE': 0.015709836474447934, 'JSW': 0.007834133800610103, 'MRC': 0.003093150515560615}"
718,2021-10-01,162032.389699848,-2.9103830456733704e-11,"{'PKO': 0.14480890042869232, 'ALE': 0.1091534658847455, 'KGH': 0.10225836227166431, 'PZU': 0.09860669663889014, 'PKN': 0.0898175446225866, 'PEO': 0.07838930209059457, 'DNP': 0.06680757448822322, 'LPP': 0.05908855449039759, 'CDR': 0.050889893647636644, 'CPS': 0.04077799876785596, 'SPL': 0.03924314806406296, 'PGE': 0.03206665515528639, 'OPL': 0.0230248922939836, 'ACP': 0.019580005158803752, 'CCC': 0.01884988520595778, 'TPE': 0.015709836474447934, 'JSW': 0.007834133800610103, 'MRC': 0.003093150515560615}"
719,2021-10-04,162593.9093243856,-2.9103830456733704e-11,"{'PKO': 0.14480890042869232, 'ALE': 0.1091534658847455, 'KGH': 0.10225836227166431, 'PZU': 0.09860669663889014, 'PKN': 0.0898175446225866, 'PEO': 0.07838930209059457, 'DNP': 0.06680757448822322, 'LPP': 0.05908855449039759, 'CDR': 0.050889893647636644, 'CPS': 0.04077799876785596, 'SPL': 0.03924314806406296, 'PGE': 0.03206665515528639, 'OPL': 0.0230248922939836, 'ACP': 0.019580005158803752, 'CCC': 0.01884988520595778, 'TPE': 0.015709836474447934, 'JSW': 0.007834133800610103, 'MRC': 0.003093150515560615}"
720,2021-10-05,164349.14067782837,-2.9103830456733704e-11,"{'PKO': 0.14480890042869232, 'ALE': 0.1091534658847455, 'KGH': 0.10225836227166431, 'PZU': 0.09860669663889014, 'PKN': 0.0898175446225866, 'PEO': 0.07838930209059457, 'DNP': 0.06680757448822322, 'LPP': 0.05908855449039759, 'CDR': 0.050889893647636644, 'CPS': 0.04077799876785596, 'SPL': 0.03924314806406296, 'PGE': 0.03206665515528639, 'OPL': 0.0230248922939836, 'ACP': 0.019580005158803752, 'CCC': 0.01884988520595778, 'TPE': 0.015709836474447934, 'JSW': 0.007834133800610103, 'MRC': 0.003093150515560615}"
721,2021-10-06,163367.16826547674,-2.9103830456733704e-11,"{'PKO': 0.14480890042869232, 'ALE': 0.1091534658847455, 'KGH': 0.10225836227166431, 'PZU': 0.09860669663889014, 'PKN': 0.0898175446225866, 'PEO': 0.07838930209059457, 'DNP': 0.06680757448822322, 'LPP': 0.05908855449039759, 'CDR': 0.050889893647636644, 'CPS': 0.04077799876785596, 'SPL': 0.03924314806406296, 'PGE': 0.03206665515528639, 'OPL': 0.0230248922939836, 'ACP': 0.019580005158803752, 'CCC': 0.01884988520595778, 'TPE': 0.015709836474447934, 'JSW': 0.007834133800610103, 'MRC': 0.003093150515560615}"
722,2021-10-07,164295.58927138412,-2.9103830456733704e-11,"{'PKO': 0.14480890042869232, 'ALE': 0.1091534658847455, 'KGH': 0.10225836227166431, 'PZU': 0.09860669663889014, 'PKN': 0.0898175446225866, 'PEO': 0.07838930209059457, 'DNP': 0.06680757448822322, 'LPP': 0.05908855449039759, 'CDR': 0.050889893647636644, 'CPS': 0.04077799876785596, 'SPL': 0.03924314806406296, 'PGE': 0.03206665515528639, 'OPL': 0.0230248922939836, 'ACP': 0.019580005158803752, 'CCC': 0.01884988520595778, 'TPE': 0.015709836474447934, 'JSW': 0.007834133800610103, 'MRC': 0.003093150515560615}"
723,2021-10-08,167934.5034813937,-2.9103830456733704e-11,"{'PKO': 0.14480890042869232, 'ALE': 0.1091534658847455, 'KGH': 0.10225836227166431, 'PZU': 0.09860669663889014, 'PKN': 0.0898175446225866, 'PEO': 0.07838930209059457, 'DNP': 0.06680757448822322, 'LPP': 0.05908855449039759, 'CDR': 0.050889893647636644, 'CPS': 0.04077799876785596, 'SPL': 0.03924314806406296, 'PGE': 0.03206665515528639, 'OPL': 0.0230248922939836, 'ACP': 0.019580005158803752, 'CCC': 0.01884988520595778, 'TPE': 0.015709836474447934, 'JSW': 0.007834133800610103, 'MRC': 0.003093150515560615}"
724,2021-10-11,171235.41464786103,-2.9103830456733704e-11,"{'PKO': 0.14480890042869232, 'ALE': 0.1091534658847455, 'KGH': 0.10225836227166431, 'PZU': 0.09860669663889014, 'PKN': 0.0898175446225866, 'PEO': 0.07838930209059457, 'DNP': 0.06680757448822322, 'LPP': 0.05908855449039759, 'CDR': 0.050889893647636644, 'CPS': 0.04077799876785596, 'SPL': 0.03924314806406296, 'PGE': 0.03206665515528639, 'OPL': 0.0230248922939836, 'ACP': 0.019580005158803752, 'CCC': 0.01884988520595778, 'TPE': 0.015709836474447934, 'JSW': 0.007834133800610103, 'MRC': 0.003093150515560615}"
725,2021-10-12,172010.62303286837,-2.9103830456733704e-11,"{'PKO': 0.14480890042869232, 'ALE': 0.1091534658847455, 'KGH': 0.10225836227166431, 'PZU': 0.09860669663889014, 'PKN': 0.0898175446225866, 'PEO': 0.07838930209059457, 'DNP': 0.06680757448822322, 'LPP': 0.05908855449039759, 'CDR': 0.050889893647636644, 'CPS': 0.04077799876785596, 'SPL': 0.03924314806406296, 'PGE': 0.03206665515528639, 'OPL': 0.0230248922939836, 'ACP': 0.019580005158803752, 'CCC': 0.01884988520595778, 'TPE': 0.015709836474447934, 'JSW': 0.007834133800610103, 'MRC': 0.003093150515560615}"
726,2021-10-13,170603.09896882306,-2.9103830456733704e-11,"{'PKO': 0.14480890042869232, 'ALE': 0.1091534658847455, 'KGH': 0.10225836227166431, 'PZU': 0.09860669663889014, 'PKN': 0.0898175446225866, 'PEO': 0.07838930209059457, 'DNP': 0.06680757448822322, 'LPP': 0.05908855449039759, 'CDR': 0.050889893647636644, 'CPS': 0.04077799876785596, 'SPL': 0.03924314806406296, 'PGE': 0.03206665515528639, 'OPL': 0.0230248922939836, 'ACP': 0.019580005158803752, 'CCC': 0.01884988520595778, 'TPE': 0.015709836474447934, 'JSW': 0.007834133800610103, 'MRC': 0.003093150515560615}"
727,2021-10-14,171190.94864234285,-2.9103830456733704e-11,"{'PKO': 0.14480890042869232, 'ALE': 0.1091534658847455, 'KGH': 0.10225836227166431, 'PZU': 0.09860669663889014, 'PKN': 0.0898175446225866, 'PEO': 0.07838930209059457, 'DNP': 0.06680757448822322, 'LPP': 0.05908855449039759, 'CDR': 0.050889893647636644, 'CPS': 0.04077799876785596, 'SPL': 0.03924314806406296, 'PGE': 0.03206665515528639, 'OPL': 0.0230248922939836, 'ACP': 0.019580005158803752, 'CCC': 0.01884988520595778, 'TPE': 0.015709836474447934, 'JSW': 0.007834133800610103, 'MRC': 0.003093150515560615}"
728,2021-10-15,170735.5422384365,-2.9103830456733704e-11,"{'PKO': 0.14480890042869232, 'ALE': 0.1091534658847455, 'KGH': 0.10225836227166431, 'PZU': 0.09860669663889014, 'PKN': 0.0898175446225866, 'PEO': 0.07838930209059457, 'DNP': 0.06680757448822322, 'LPP': 0.05908855449039759, 'CDR': 0.050889893647636644, 'CPS': 0.04077799876785596, 'SPL': 0.03924314806406296, 'PGE': 0.03206665515528639, 'OPL': 0.0230248922939836, 'ACP': 0.019580005158803752, 'CCC': 0.01884988520595778, 'TPE': 0.015709836474447934, 'JSW': 0.007834133800610103, 'MRC': 0.003093150515560615}"
729,2021-10-18,171276.20789030904,-2.9103830456733704e-11,"{'PKO': 0.14480890042869232, 'ALE': 0.1091534658847455, 'KGH': 0.10225836227166431, 'PZU': 0.09860669663889014, 'PKN': 0.0898175446225866, 'PEO': 0.07838930209059457, 'DNP': 0.06680757448822322, 'LPP': 0.05908855449039759, 'CDR': 0.050889893647636644, 'CPS': 0.04077799876785596, 'SPL': 0.03924314806406296, 'PGE': 0.03206665515528639, 'OPL': 0.0230248922939836, 'ACP': 0.019580005158803752, 'CCC': 0.01884988520595778, 'TPE': 0.015709836474447934, 'JSW': 0.007834133800610103, 'MRC': 0.003093150515560615}"
730,2021-10-19,170245.13726091958,-2.9103830456733704e-11,"{'PKO': 0.14480890042869232, 'ALE': 0.1091534658847455, 'KGH': 0.10225836227166431, 'PZU': 0.09860669663889014, 'PKN': 0.0898175446225866, 'PEO': 0.07838930209059457, 'DNP': 0.06680757448822322, 'LPP': 0.05908855449039759, 'CDR': 0.050889893647636644, 'CPS': 0.04077799876785596, 'SPL': 0.03924314806406296, 'PGE': 0.03206665515528639, 'OPL': 0.0230248922939836, 'ACP': 0.019580005158803752, 'CCC': 0.01884988520595778, 'TPE': 0.015709836474447934, 'JSW': 0.007834133800610103, 'MRC': 0.003093150515560615}"
731,2021-10-20,170145.91295962292,-2.9103830456733704e-11,"{'PKO': 0.14480890042869232, 'ALE': 0.1091534658847455, 'KGH': 0.10225836227166431, 'PZU': 0.09860669663889014, 'PKN': 0.0898175446225866, 'PEO': 0.07838930209059457, 'DNP': 0.06680757448822322, 'LPP': 0.05908855449039759, 'CDR': 0.050889893647636644, 'CPS': 0.04077799876785596, 'SPL': 0.03924314806406296, 'PGE': 0.03206665515528639, 'OPL': 0.0230248922939836, 'ACP': 0.019580005158803752, 'CCC': 0.01884988520595778, 'TPE': 0.015709836474447934, 'JSW': 0.007834133800610103, 'MRC': 0.003093150515560615}"
732,2021-10-21,169108.2802146577,-2.9103830456733704e-11,"{'PKO': 0.14480890042869232, 'ALE': 0.1091534658847455, 'KGH': 0.10225836227166431, 'PZU': 0.09860669663889014, 'PKN': 0.0898175446225866, 'PEO': 0.07838930209059457, 'DNP': 0.06680757448822322, 'LPP': 0.05908855449039759, 'CDR': 0.050889893647636644, 'CPS': 0.04077799876785596, 'SPL': 0.03924314806406296, 'PGE': 0.03206665515528639, 'OPL': 0.0230248922939836, 'ACP': 0.019580005158803752, 'CCC': 0.01884988520595778, 'TPE': 0.015709836474447934, 'JSW': 0.007834133800610103, 'MRC': 0.003093150515560615}"
733,2021-10-22,168434.23801133054,-2.9103830456733704e-11,"{'PKO': 0.14480890042869232, 'ALE': 0.1091534658847455, 'KGH': 0.10225836227166431, 'PZU': 0.09860669663889014, 'PKN': 0.0898175446225866, 'PEO': 0.07838930209059457, 'DNP': 0.06680757448822322, 'LPP': 0.05908855449039759, 'CDR': 0.050889893647636644, 'CPS': 0.04077799876785596, 'SPL': 0.03924314806406296, 'PGE': 0.03206665515528639, 'OPL': 0.0230248922939836, 'ACP': 0.019580005158803752, 'CCC': 0.01884988520595778, 'TPE': 0.015709836474447934, 'JSW': 0.007834133800610103, 'MRC': 0.003093150515560615}"
734,2021-10-25,168998.1944420104,-2.9103830456733704e-11,"{'PKO': 0.14480890042869232, 'ALE': 0.1091534658847455, 'KGH': 0.10225836227166431, 'PZU': 0.09860669663889014, 'PKN': 0.0898175446225866, 'PEO': 0.07838930209059457, 'DNP': 0.06680757448822322, 'LPP': 0.05908855449039759, 'CDR': 0.050889893647636644, 'CPS': 0.04077799876785596, 'SPL': 0.03924314806406296, 'PGE': 0.03206665515528639, 'OPL': 0.0230248922939836, 'ACP': 0.019580005158803752, 'CCC': 0.01884988520595778, 'TPE': 0.015709836474447934, 'JSW': 0.007834133800610103, 'MRC': 0.003093150515560615}"
735,2021-10-26,168960.87137584368,-2.9103830456733704e-11,"{'PKO': 0.14480890042869232, 'ALE': 0.1091534658847455, 'KGH': 0.10225836227166431, 'PZU': 0.09860669663889014, 'PKN': 0.0898175446225866, 'PEO': 0.07838930209059457, 'DNP': 0.06680757448822322, 'LPP': 0.05908855449039759, 'CDR': 0.050889893647636644, 'CPS': 0.04077799876785596, 'SPL': 0.03924314806406296, 'PGE': 0.03206665515528639, 'OPL': 0.0230248922939836, 'ACP': 0.019580005158803752, 'CCC': 0.01884988520595778, 'TPE': 0.015709836474447934, 'JSW': 0.007834133800610103, 'MRC': 0.003093150515560615}"
736,2021-10-27,167472.86982548874,-2.9103830456733704e-11,"{'PKO': 0.14480890042869232, 'ALE': 0.1091534658847455, 'KGH': 0.10225836227166431, 'PZU': 0.09860669663889014, 'PKN': 0.0898175446225866, 'PEO': 0.07838930209059457, 'DNP': 0.06680757448822322, 'LPP': 0.05908855449039759, 'CDR': 0.050889893647636644, 'CPS': 0.04077799876785596, 'SPL': 0.03924314806406296, 'PGE': 0.03206665515528639, 'OPL': 0.0230248922939836, 'ACP': 0.019580005158803752, 'CCC': 0.01884988520595778, 'TPE': 0.015709836474447934, 'JSW': 0.007834133800610103, 'MRC': 0.003093150515560615}"
737,2021-10-28,166789.57649877938,-2.9103830456733704e-11,"{'PKO': 0.14480890042869232, 'ALE': 0.1091534658847455, 'KGH': 0.10225836227166431, 'PZU': 0.09860669663889014, 'PKN': 0.0898175446225866, 'PEO': 0.07838930209059457, 'DNP': 0.06680757448822322, 'LPP': 0.05908855449039759, 'CDR': 0.050889893647636644, 'CPS': 0.04077799876785596, 'SPL': 0.03924314806406296, 'PGE': 0.03206665515528639, 'OPL': 0.0230248922939836, 'ACP': 0.019580005158803752, 'CCC': 0.01884988520595778, 'TPE': 0.015709836474447934, 'JSW': 0.007834133800610103, 'MRC': 0.003093150515560615}"
738,2021-10-29,167855.8101147842,-2.9103830456733704e-11,"{'PKO': 0.14480890042869232, 'ALE': 0.1091534658847455, 'KGH': 0.10225836227166431, 'PZU': 0.09860669663889014, 'PKN': 0.0898175446225866, 'PEO': 0.07838930209059457, 'DNP': 0.06680757448822322, 'LPP': 0.05908855449039759, 'CDR': 0.050889893647636644, 'CPS': 0.04077799876785596, 'SPL': 0.03924314806406296, 'PGE': 0.03206665515528639, 'OPL': 0.0230248922939836, 'ACP': 0.019580005158803752, 'CCC': 0.01884988520595778, 'TPE': 0.015709836474447934, 'JSW': 0.007834133800610103, 'MRC': 0.003093150515560615}"
739,2021-11-01,167855.8101147842,-2.9103830456733704e-11,"{'PKO': 0.14480890042869232, 'ALE': 0.1091534658847455, 'KGH': 0.10225836227166431, 'PZU': 0.09860669663889014, 'PKN': 0.0898175446225866, 'PEO': 0.07838930209059457, 'DNP': 0.06680757448822322, 'LPP': 0.05908855449039759, 'CDR': 0.050889893647636644, 'CPS': 0.04077799876785596, 'SPL': 0.03924314806406296, 'PGE': 0.03206665515528639, 'OPL': 0.0230248922939836, 'ACP': 0.019580005158803752, 'CCC': 0.01884988520595778, 'TPE': 0.015709836474447934, 'JSW': 0.007834133800610103, 'MRC': 0.003093150515560615}"
740,2021-11-02,167787.11240816154,-2.9103830456733704e-11,"{'PKO': 0.14480890042869232, 'ALE': 0.1091534658847455, 'KGH': 0.10225836227166431, 'PZU': 0.09860669663889014, 'PKN': 0.0898175446225866, 'PEO': 0.07838930209059457, 'DNP': 0.06680757448822322, 'LPP': 0.05908855449039759, 'CDR': 0.050889893647636644, 'CPS': 0.04077799876785596, 'SPL': 0.03924314806406296, 'PGE': 0.03206665515528639, 'OPL': 0.0230248922939836, 'ACP': 0.019580005158803752, 'CCC': 0.01884988520595778, 'TPE': 0.015709836474447934, 'JSW': 0.007834133800610103, 'MRC': 0.003093150515560615}"
741,2021-11-03,165765.4482969186,-2.9103830456733704e-11,"{'PKO': 0.14480890042869232, 'ALE': 0.1091534658847455, 'KGH': 0.10225836227166431, 'PZU': 0.09860669663889014, 'PKN': 0.0898175446225866, 'PEO': 0.07838930209059457, 'DNP': 0.06680757448822322, 'LPP': 0.05908855449039759, 'CDR': 0.050889893647636644, 'CPS': 0.04077799876785596, 'SPL': 0.03924314806406296, 'PGE': 0.03206665515528639, 'OPL': 0.0230248922939836, 'ACP': 0.019580005158803752, 'CCC': 0.01884988520595778, 'TPE': 0.015709836474447934, 'JSW': 0.007834133800610103, 'MRC': 0.003093150515560615}"
742,2021-11-04,169677.58911317855,-2.9103830456733704e-11,"{'PKO': 0.14480890042869232, 'ALE': 0.1091534658847455, 'KGH': 0.10225836227166431, 'PZU': 0.09860669663889014, 'PKN': 0.0898175446225866, 'PEO': 0.07838930209059457, 'DNP': 0.06680757448822322, 'LPP': 0.05908855449039759, 'CDR': 0.050889893647636644, 'CPS': 0.04077799876785596, 'SPL': 0.03924314806406296, 'PGE': 0.03206665515528639, 'OPL': 0.0230248922939836, 'ACP': 0.019580005158803752, 'CCC': 0.01884988520595778, 'TPE': 0.015709836474447934, 'JSW': 0.007834133800610103, 'MRC': 0.003093150515560615}"
743,2021-11-05,169847.9472314506,-2.9103830456733704e-11,"{'PKO': 0.14480890042869232, 'ALE': 0.1091534658847455, 'KGH': 0.10225836227166431, 'PZU': 0.09860669663889014, 'PKN': 0.0898175446225866, 'PEO': 0.07838930209059457, 'DNP': 0.06680757448822322, 'LPP': 0.05908855449039759, 'CDR': 0.050889893647636644, 'CPS': 0.04077799876785596, 'SPL': 0.03924314806406296, 'PGE': 0.03206665515528639, 'OPL': 0.0230248922939836, 'ACP': 0.019580005158803752, 'CCC': 0.01884988520595778, 'TPE': 0.015709836474447934, 'JSW': 0.007834133800610103, 'MRC': 0.003093150515560615}"
744,2021-11-08,168752.3829362143,-2.9103830456733704e-11,"{'PKO': 0.14480890042869232, 'ALE': 0.1091534658847455, 'KGH': 0.10225836227166431, 'PZU': 0.09860669663889014, 'PKN': 0.0898175446225866, 'PEO': 0.07838930209059457, 'DNP': 0.06680757448822322, 'LPP': 0.05908855449039759, 'CDR': 0.050889893647636644, 'CPS': 0.04077799876785596, 'SPL': 0.03924314806406296, 'PGE': 0.03206665515528639, 'OPL': 0.0230248922939836, 'ACP': 0.019580005158803752, 'CCC': 0.01884988520595778, 'TPE': 0.015709836474447934, 'JSW': 0.007834133800610103, 'MRC': 0.003093150515560615}"
745,2021-11-09,166495.20093029842,-2.9103830456733704e-11,"{'PKO': 0.14480890042869232, 'ALE': 0.1091534658847455, 'KGH': 0.10225836227166431, 'PZU': 0.09860669663889014, 'PKN': 0.0898175446225866, 'PEO': 0.07838930209059457, 'DNP': 0.06680757448822322, 'LPP': 0.05908855449039759, 'CDR': 0.050889893647636644, 'CPS': 0.04077799876785596, 'SPL': 0.03924314806406296, 'PGE': 0.03206665515528639, 'OPL': 0.0230248922939836, 'ACP': 0.019580005158803752, 'CCC': 0.01884988520595778, 'TPE': 0.015709836474447934, 'JSW': 0.007834133800610103, 'MRC': 0.003093150515560615}"
746,2021-11-10,164556.77149057185,-2.9103830456733704e-11,"{'PKO': 0.14480890042869232, 'ALE': 0.1091534658847455, 'KGH': 0.10225836227166431, 'PZU': 0.09860669663889014, 'PKN': 0.0898175446225866, 'PEO': 0.07838930209059457, 'DNP': 0.06680757448822322, 'LPP': 0.05908855449039759, 'CDR': 0.050889893647636644, 'CPS': 0.04077799876785596, 'SPL': 0.03924314806406296, 'PGE': 0.03206665515528639, 'OPL': 0.0230248922939836, 'ACP': 0.019580005158803752, 'CCC': 0.01884988520595778, 'TPE': 0.015709836474447934, 'JSW': 0.007834133800610103, 'MRC': 0.003093150515560615}"
747,2021-11-11,164556.77149057185,-2.9103830456733704e-11,"{'PKO': 0.14480890042869232, 'ALE': 0.1091534658847455, 'KGH': 0.10225836227166431, 'PZU': 0.09860669663889014, 'PKN': 0.0898175446225866, 'PEO': 0.07838930209059457, 'DNP': 0.06680757448822322, 'LPP': 0.05908855449039759, 'CDR': 0.050889893647636644, 'CPS': 0.04077799876785596, 'SPL': 0.03924314806406296, 'PGE': 0.03206665515528639, 'OPL': 0.0230248922939836, 'ACP': 0.019580005158803752, 'CCC': 0.01884988520595778, 'TPE': 0.015709836474447934, 'JSW': 0.007834133800610103, 'MRC': 0.003093150515560615}"
748,2021-11-12,163907.67513623813,-2.9103830456733704e-11,"{'PKO': 0.14480890042869232, 'ALE': 0.1091534658847455, 'KGH': 0.10225836227166431, 'PZU': 0.09860669663889014, 'PKN': 0.0898175446225866, 'PEO': 0.07838930209059457, 'DNP': 0.06680757448822322, 'LPP': 0.05908855449039759, 'CDR': 0.050889893647636644, 'CPS': 0.04077799876785596, 'SPL': 0.03924314806406296, 'PGE': 0.03206665515528639, 'OPL': 0.0230248922939836, 'ACP': 0.019580005158803752, 'CCC': 0.01884988520595778, 'TPE': 0.015709836474447934, 'JSW': 0.007834133800610103, 'MRC': 0.003093150515560615}"
749,2021-11-15,162489.44023102507,2.9103830456733704e-11,"{'ALE': 0.07094446125898174, 'KGH': 0.09330229507125748, 'PZU': 0.10445392377662649, 'PKN': 0.09793754450014684, 'PEO': 0.09600907185214587, 'DNP': 0.06758786393504887, 'LPP': 0.057165393142971435, 'CDR': 0.04790985935856057, 'CPS': 0.042626401628759435, 'SPL': 0.04867004874286936, 'PGE': 0.030920781907649908, 'OPL': 0.023978223866194158, 'ACP': 0.021157327209295484, 'CCC': 0.018465333852149313, 'TPE': 0.013581973399721874, 'JSW': 0.006162302588787187, 'MRC': 0.002013129227734412, 'PBG': 0.15711406468109945}"
750,2021-11-16,162742.9861039157,2.9103830456733704e-11,"{'ALE': 0.07094446125898174, 'KGH': 0.09330229507125748, 'PZU': 0.10445392377662649, 'PKN': 0.09793754450014684, 'PEO': 0.09600907185214587, 'DNP': 0.06758786393504887, 'LPP': 0.057165393142971435, 'CDR': 0.04790985935856057, 'CPS': 0.042626401628759435, 'SPL': 0.04867004874286936, 'PGE': 0.030920781907649908, 'OPL': 0.023978223866194158, 'ACP': 0.021157327209295484, 'CCC': 0.018465333852149313, 'TPE': 0.013581973399721874, 'JSW': 0.006162302588787187, 'MRC': 0.002013129227734412, 'PBG': 0.15711406468109945}"
751,2021-11-17,160909.37935939452,2.9103830456733704e-11,"{'ALE': 0.07094446125898174, 'KGH': 0.09330229507125748, 'PZU': 0.10445392377662649, 'PKN': 0.09793754450014684, 'PEO': 0.09600907185214587, 'DNP': 0.06758786393504887, 'LPP': 0.057165393142971435, 'CDR': 0.04790985935856057, 'CPS': 0.042626401628759435, 'SPL': 0.04867004874286936, 'PGE': 0.030920781907649908, 'OPL': 0.023978223866194158, 'ACP': 0.021157327209295484, 'CCC': 0.018465333852149313, 'TPE': 0.013581973399721874, 'JSW': 0.006162302588787187, 'MRC': 0.002013129227734412, 'PBG': 0.15711406468109945}"
752,2021-11-18,158481.56721138503,2.9103830456733704e-11,"{'ALE': 0.07094446125898174, 'KGH': 0.09330229507125748, 'PZU': 0.10445392377662649, 'PKN': 0.09793754450014684, 'PEO': 0.09600907185214587, 'DNP': 0.06758786393504887, 'LPP': 0.057165393142971435, 'CDR': 0.04790985935856057, 'CPS': 0.042626401628759435, 'SPL': 0.04867004874286936, 'PGE': 0.030920781907649908, 'OPL': 0.023978223866194158, 'ACP': 0.021157327209295484, 'CCC': 0.018465333852149313, 'TPE': 0.013581973399721874, 'JSW': 0.006162302588787187, 'MRC': 0.002013129227734412, 'PBG': 0.15711406468109945}"
753,2021-11-19,157149.57307432583,2.9103830456733704e-11,"{'ALE': 0.07094446125898174, 'KGH': 0.09330229507125748, 'PZU': 0.10445392377662649, 'PKN': 0.09793754450014684, 'PEO': 0.09600907185214587, 'DNP': 0.06758786393504887, 'LPP': 0.057165393142971435, 'CDR': 0.04790985935856057, 'CPS': 0.042626401628759435, 'SPL': 0.04867004874286936, 'PGE': 0.030920781907649908, 'OPL': 0.023978223866194158, 'ACP': 0.021157327209295484, 'CCC': 0.018465333852149313, 'TPE': 0.013581973399721874, 'JSW': 0.006162302588787187, 'MRC': 0.002013129227734412, 'PBG': 0.15711406468109945}"
754,2021-11-22,157159.6692224399,2.9103830456733704e-11,"{'ALE': 0.07094446125898174, 'KGH': 0.09330229507125748, 'PZU': 0.10445392377662649, 'PKN': 0.09793754450014684, 'PEO': 0.09600907185214587, 'DNP': 0.06758786393504887, 'LPP': 0.057165393142971435, 'CDR': 0.04790985935856057, 'CPS': 0.042626401628759435, 'SPL': 0.04867004874286936, 'PGE': 0.030920781907649908, 'OPL': 0.023978223866194158, 'ACP': 0.021157327209295484, 'CCC': 0.018465333852149313, 'TPE': 0.013581973399721874, 'JSW': 0.006162302588787187, 'MRC': 0.002013129227734412, 'PBG': 0.15711406468109945}"
755,2021-11-23,157775.59126052345,2.9103830456733704e-11,"{'ALE': 0.07094446125898174, 'KGH': 0.09330229507125748, 'PZU': 0.10445392377662649, 'PKN': 0.09793754450014684, 'PEO': 0.09600907185214587, 'DNP': 0.06758786393504887, 'LPP': 0.057165393142971435, 'CDR': 0.04790985935856057, 'CPS': 0.042626401628759435, 'SPL': 0.04867004874286936, 'PGE': 0.030920781907649908, 'OPL': 0.023978223866194158, 'ACP': 0.021157327209295484, 'CCC': 0.018465333852149313, 'TPE': 0.013581973399721874, 'JSW': 0.006162302588787187, 'MRC': 0.002013129227734412, 'PBG': 0.15711406468109945}"
756,2021-11-24,152430.40661856605,2.9103830456733704e-11,"{'ALE': 0.07094446125898174, 'KGH': 0.09330229507125748, 'PZU': 0.10445392377662649, 'PKN': 0.09793754450014684, 'PEO': 0.09600907185214587, 'DNP': 0.06758786393504887, 'LPP': 0.057165393142971435, 'CDR': 0.04790985935856057, 'CPS': 0.042626401628759435, 'SPL': 0.04867004874286936, 'PGE': 0.030920781907649908, 'OPL': 0.023978223866194158, 'ACP': 0.021157327209295484, 'CCC': 0.018465333852149313, 'TPE': 0.013581973399721874, 'JSW': 0.006162302588787187, 'MRC': 0.002013129227734412, 'PBG': 0.15711406468109945}"
757,2021-11-25,151542.55974272167,2.9103830456733704e-11,"{'ALE': 0.07094446125898174, 'KGH': 0.09330229507125748, 'PZU': 0.10445392377662649, 'PKN': 0.09793754450014684, 'PEO': 0.09600907185214587, 'DNP': 0.06758786393504887, 'LPP': 0.057165393142971435, 'CDR': 0.04790985935856057, 'CPS': 0.042626401628759435, 'SPL': 0.04867004874286936, 'PGE': 0.030920781907649908, 'OPL': 0.023978223866194158, 'ACP': 0.021157327209295484, 'CCC': 0.018465333852149313, 'TPE': 0.013581973399721874, 'JSW': 0.006162302588787187, 'MRC': 0.002013129227734412, 'PBG': 0.15711406468109945}"
758,2021-11-26,147305.15673086434,2.9103830456733704e-11,"{'ALE': 0.07094446125898174, 'KGH': 0.09330229507125748, 'PZU': 0.10445392377662649, 'PKN': 0.09793754450014684, 'PEO': 0.09600907185214587, 'DNP': 0.06758786393504887, 'LPP': 0.057165393142971435, 'CDR': 0.04790985935856057, 'CPS': 0.042626401628759435, 'SPL': 0.04867004874286936, 'PGE': 0.030920781907649908, 'OPL': 0.023978223866194158, 'ACP': 0.021157327209295484, 'CCC': 0.018465333852149313, 'TPE': 0.013581973399721874, 'JSW': 0.006162302588787187, 'MRC': 0.002013129227734412, 'PBG': 0.15711406468109945}"
759,2021-11-29,147957.694848458,2.9103830456733704e-11,"{'ALE': 0.07094446125898174, 'KGH': 0.09330229507125748, 'PZU': 0.10445392377662649, 'PKN': 0.09793754450014684, 'PEO': 0.09600907185214587, 'DNP': 0.06758786393504887, 'LPP': 0.057165393142971435, 'CDR': 0.04790985935856057, 'CPS': 0.042626401628759435, 'SPL': 0.04867004874286936, 'PGE': 0.030920781907649908, 'OPL': 0.023978223866194158, 'ACP': 0.021157327209295484, 'CCC': 0.018465333852149313, 'TPE': 0.013581973399721874, 'JSW': 0.006162302588787187, 'MRC': 0.002013129227734412, 'PBG': 0.15711406468109945}"
760,2021-11-30,150384.52525282674,2.9103830456733704e-11,"{'ALE': 0.07094446125898174, 'KGH': 0.09330229507125748, 'PZU': 0.10445392377662649, 'PKN': 0.09793754450014684, 'PEO': 0.09600907185214587, 'DNP': 0.06758786393504887, 'LPP': 0.057165393142971435, 'CDR': 0.04790985935856057, 'CPS': 0.042626401628759435, 'SPL': 0.04867004874286936, 'PGE': 0.030920781907649908, 'OPL': 0.023978223866194158, 'ACP': 0.021157327209295484, 'CCC': 0.018465333852149313, 'TPE': 0.013581973399721874, 'JSW': 0.006162302588787187, 'MRC': 0.002013129227734412, 'PBG': 0.15711406468109945}"
761,2021-12-01,150842.28038498454,2.9103830456733704e-11,"{'ALE': 0.07094446125898174, 'KGH': 0.09330229507125748, 'PZU': 0.10445392377662649, 'PKN': 0.09793754450014684, 'PEO': 0.09600907185214587, 'DNP': 0.06758786393504887, 'LPP': 0.057165393142971435, 'CDR': 0.04790985935856057, 'CPS': 0.042626401628759435, 'SPL': 0.04867004874286936, 'PGE': 0.030920781907649908, 'OPL': 0.023978223866194158, 'ACP': 0.021157327209295484, 'CCC': 0.018465333852149313, 'TPE': 0.013581973399721874, 'JSW': 0.006162302588787187, 'MRC': 0.002013129227734412, 'PBG': 0.15711406468109945}"
762,2021-12-02,149679.92192020547,2.9103830456733704e-11,"{'ALE': 0.07094446125898174, 'KGH': 0.09330229507125748, 'PZU': 0.10445392377662649, 'PKN': 0.09793754450014684, 'PEO': 0.09600907185214587, 'DNP': 0.06758786393504887, 'LPP': 0.057165393142971435, 'CDR': 0.04790985935856057, 'CPS': 0.042626401628759435, 'SPL': 0.04867004874286936, 'PGE': 0.030920781907649908, 'OPL': 0.023978223866194158, 'ACP': 0.021157327209295484, 'CCC': 0.018465333852149313, 'TPE': 0.013581973399721874, 'JSW': 0.006162302588787187, 'MRC': 0.002013129227734412, 'PBG': 0.15711406468109945}"
763,2021-12-03,147831.80877010358,2.9103830456733704e-11,"{'ALE': 0.07094446125898174, 'KGH': 0.09330229507125748, 'PZU': 0.10445392377662649, 'PKN': 0.09793754450014684, 'PEO': 0.09600907185214587, 'DNP': 0.06758786393504887, 'LPP': 0.057165393142971435, 'CDR': 0.04790985935856057, 'CPS': 0.042626401628759435, 'SPL': 0.04867004874286936, 'PGE': 0.030920781907649908, 'OPL': 0.023978223866194158, 'ACP': 0.021157327209295484, 'CCC': 0.018465333852149313, 'TPE': 0.013581973399721874, 'JSW': 0.006162302588787187, 'MRC': 0.002013129227734412, 'PBG': 0.15711406468109945}"
764,2021-12-06,148075.3766736391,2.9103830456733704e-11,"{'ALE': 0.07094446125898174, 'KGH': 0.09330229507125748, 'PZU': 0.10445392377662649, 'PKN': 0.09793754450014684, 'PEO': 0.09600907185214587, 'DNP': 0.06758786393504887, 'LPP': 0.057165393142971435, 'CDR': 0.04790985935856057, 'CPS': 0.042626401628759435, 'SPL': 0.04867004874286936, 'PGE': 0.030920781907649908, 'OPL': 0.023978223866194158, 'ACP': 0.021157327209295484, 'CCC': 0.018465333852149313, 'TPE': 0.013581973399721874, 'JSW': 0.006162302588787187, 'MRC': 0.002013129227734412, 'PBG': 0.15711406468109945}"
765,2021-12-07,151036.06539427413,2.9103830456733704e-11,"{'ALE': 0.07094446125898174, 'KGH': 0.09330229507125748, 'PZU': 0.10445392377662649, 'PKN': 0.09793754450014684, 'PEO': 0.09600907185214587, 'DNP': 0.06758786393504887, 'LPP': 0.057165393142971435, 'CDR': 0.04790985935856057, 'CPS': 0.042626401628759435, 'SPL': 0.04867004874286936, 'PGE': 0.030920781907649908, 'OPL': 0.023978223866194158, 'ACP': 0.021157327209295484, 'CCC': 0.018465333852149313, 'TPE': 0.013581973399721874, 'JSW': 0.006162302588787187, 'MRC': 0.002013129227734412, 'PBG': 0.15711406468109945}"
766,2021-12-08,150686.4020675898,2.9103830456733704e-11,"{'ALE': 0.07094446125898174, 'KGH': 0.09330229507125748, 'PZU': 0.10445392377662649, 'PKN': 0.09793754450014684, 'PEO': 0.09600907185214587, 'DNP': 0.06758786393504887, 'LPP': 0.057165393142971435, 'CDR': 0.04790985935856057, 'CPS': 0.042626401628759435, 'SPL': 0.04867004874286936, 'PGE': 0.030920781907649908, 'OPL': 0.023978223866194158, 'ACP': 0.021157327209295484, 'CCC': 0.018465333852149313, 'TPE': 0.013581973399721874, 'JSW': 0.006162302588787187, 'MRC': 0.002013129227734412, 'PBG': 0.15711406468109945}"
767,2021-12-09,150400.27782503288,2.9103830456733704e-11,"{'ALE': 0.07094446125898174, 'KGH': 0.09330229507125748, 'PZU': 0.10445392377662649, 'PKN': 0.09793754450014684, 'PEO': 0.09600907185214587, 'DNP': 0.06758786393504887, 'LPP': 0.057165393142971435, 'CDR': 0.04790985935856057, 'CPS': 0.042626401628759435, 'SPL': 0.04867004874286936, 'PGE': 0.030920781907649908, 'OPL': 0.023978223866194158, 'ACP': 0.021157327209295484, 'CCC': 0.018465333852149313, 'TPE': 0.013581973399721874, 'JSW': 0.006162302588787187, 'MRC': 0.002013129227734412, 'PBG': 0.15711406468109945}"
768,2021-12-10,150688.59546594767,2.9103830456733704e-11,"{'ALE': 0.07094446125898174, 'KGH': 0.09330229507125748, 'PZU': 0.10445392377662649, 'PKN': 0.09793754450014684, 'PEO': 0.09600907185214587, 'DNP': 0.06758786393504887, 'LPP': 0.057165393142971435, 'CDR': 0.04790985935856057, 'CPS': 0.042626401628759435, 'SPL': 0.04867004874286936, 'PGE': 0.030920781907649908, 'OPL': 0.023978223866194158, 'ACP': 0.021157327209295484, 'CCC': 0.018465333852149313, 'TPE': 0.013581973399721874, 'JSW': 0.006162302588787187, 'MRC': 0.002013129227734412, 'PBG': 0.15711406468109945}"
769,2021-12-13,151132.40475787883,2.9103830456733704e-11,"{'ALE': 0.07094446125898174, 'KGH': 0.09330229507125748, 'PZU': 0.10445392377662649, 'PKN': 0.09793754450014684, 'PEO': 0.09600907185214587, 'DNP': 0.06758786393504887, 'LPP': 0.057165393142971435, 'CDR': 0.04790985935856057, 'CPS': 0.042626401628759435, 'SPL': 0.04867004874286936, 'PGE': 0.030920781907649908, 'OPL': 0.023978223866194158, 'ACP': 0.021157327209295484, 'CCC': 0.018465333852149313, 'TPE': 0.013581973399721874, 'JSW': 0.006162302588787187, 'MRC': 0.002013129227734412, 'PBG': 0.15711406468109945}"
770,2021-12-14,150511.72031985363,2.9103830456733704e-11,"{'ALE': 0.07094446125898174, 'KGH': 0.09330229507125748, 'PZU': 0.10445392377662649, 'PKN': 0.09793754450014684, 'PEO': 0.09600907185214587, 'DNP': 0.06758786393504887, 'LPP': 0.057165393142971435, 'CDR': 0.04790985935856057, 'CPS': 0.042626401628759435, 'SPL': 0.04867004874286936, 'PGE': 0.030920781907649908, 'OPL': 0.023978223866194158, 'ACP': 0.021157327209295484, 'CCC': 0.018465333852149313, 'TPE': 0.013581973399721874, 'JSW': 0.006162302588787187, 'MRC': 0.002013129227734412, 'PBG': 0.15711406468109945}"
771,2021-12-15,146826.90502902342,2.9103830456733704e-11,"{'ALE': 0.07094446125898174, 'KGH': 0.09330229507125748, 'PZU': 0.10445392377662649, 'PKN': 0.09793754450014684, 'PEO': 0.09600907185214587, 'DNP': 0.06758786393504887, 'LPP': 0.057165393142971435, 'CDR': 0.04790985935856057, 'CPS': 0.042626401628759435, 'SPL': 0.04867004874286936, 'PGE': 0.030920781907649908, 'OPL': 0.023978223866194158, 'ACP': 0.021157327209295484, 'CCC': 0.018465333852149313, 'TPE': 0.013581973399721874, 'JSW': 0.006162302588787187, 'MRC': 0.002013129227734412, 'PBG': 0.15711406468109945}"
772,2021-12-16,149901.62414013702,2.9103830456733704e-11,"{'ALE': 0.07094446125898174, 'KGH': 0.09330229507125748, 'PZU': 0.10445392377662649, 'PKN': 0.09793754450014684, 'PEO': 0.09600907185214587, 'DNP': 0.06758786393504887, 'LPP': 0.057165393142971435, 'CDR': 0.04790985935856057, 'CPS': 0.042626401628759435, 'SPL': 0.04867004874286936, 'PGE': 0.030920781907649908, 'OPL': 0.023978223866194158, 'ACP': 0.021157327209295484, 'CCC': 0.018465333852149313, 'TPE': 0.013581973399721874, 'JSW': 0.006162302588787187, 'MRC': 0.002013129227734412, 'PBG': 0.15711406468109945}"
773,2021-12-17,149015.09407858597,-5.820766091346741e-11,"{'PKO': 0.15973556309980708, 'PKN': 0.09758565020893414, 'PEO': 0.09195763386905094, 'PZU': 0.08914948266975634, 'KGH': 0.0851944301274051, 'ALE': 0.07661130587017548, 'DNP': 0.07041995544442695, 'LPP': 0.059622896282633994, 'CDR': 0.05831412956896957, 'SPL': 0.050065385090495525, 'CPS': 0.04059839071744696, 'PGE': 0.03239650200414887, 'OPL': 0.023391675860335748, 'ACP': 0.022594062948590714, 'CCC': 0.017381359072767007, 'TPE': 0.013778789672989358, 'JSW': 0.009435047260428604, 'MRC': 0.001767740231637865}"
774,2021-12-20,149026.8931358792,-5.820766091346741e-11,"{'PKO': 0.15973556309980708, 'PKN': 0.09758565020893414, 'PEO': 0.09195763386905094, 'PZU': 0.08914948266975634, 'KGH': 0.0851944301274051, 'ALE': 0.07661130587017548, 'DNP': 0.07041995544442695, 'LPP': 0.059622896282633994, 'CDR': 0.05831412956896957, 'SPL': 0.050065385090495525, 'CPS': 0.04059839071744696, 'PGE': 0.03239650200414887, 'OPL': 0.023391675860335748, 'ACP': 0.022594062948590714, 'CCC': 0.017381359072767007, 'TPE': 0.013778789672989358, 'JSW': 0.009435047260428604, 'MRC': 0.001767740231637865}"
775,2021-12-21,148609.81967397238,-5.820766091346741e-11,"{'PKO': 0.15973556309980708, 'PKN': 0.09758565020893414, 'PEO': 0.09195763386905094, 'PZU': 0.08914948266975634, 'KGH': 0.0851944301274051, 'ALE': 0.07661130587017548, 'DNP': 0.07041995544442695, 'LPP': 0.059622896282633994, 'CDR': 0.05831412956896957, 'SPL': 0.050065385090495525, 'CPS': 0.04059839071744696, 'PGE': 0.03239650200414887, 'OPL': 0.023391675860335748, 'ACP': 0.022594062948590714, 'CCC': 0.017381359072767007, 'TPE': 0.013778789672989358, 'JSW': 0.009435047260428604, 'MRC': 0.001767740231637865}"
776,2021-12-22,150524.97452024452,-5.820766091346741e-11,"{'PKO': 0.15973556309980708, 'PKN': 0.09758565020893414, 'PEO': 0.09195763386905094, 'PZU': 0.08914948266975634, 'KGH': 0.0851944301274051, 'ALE': 0.07661130587017548, 'DNP': 0.07041995544442695, 'LPP': 0.059622896282633994, 'CDR': 0.05831412956896957, 'SPL': 0.050065385090495525, 'CPS': 0.04059839071744696, 'PGE': 0.03239650200414887, 'OPL': 0.023391675860335748, 'ACP': 0.022594062948590714, 'CCC': 0.017381359072767007, 'TPE': 0.013778789672989358, 'JSW': 0.009435047260428604, 'MRC': 0.001767740231637865}"
777,2021-12-23,151452.89998501536,-5.820766091346741e-11,"{'PKO': 0.15973556309980708, 'PKN': 0.09758565020893414, 'PEO': 0.09195763386905094, 'PZU': 0.08914948266975634, 'KGH': 0.0851944301274051, 'ALE': 0.07661130587017548, 'DNP': 0.07041995544442695, 'LPP': 0.059622896282633994, 'CDR': 0.05831412956896957, 'SPL': 0.050065385090495525, 'CPS': 0.04059839071744696, 'PGE': 0.03239650200414887, 'OPL': 0.023391675860335748, 'ACP': 0.022594062948590714, 'CCC': 0.017381359072767007, 'TPE': 0.013778789672989358, 'JSW': 0.009435047260428604, 'MRC': 0.001767740231637865}"
778,2021-12-24,151452.89998501536,-5.820766091346741e-11,"{'PKO': 0.15973556309980708, 'PKN': 0.09758565020893414, 'PEO': 0.09195763386905094, 'PZU': 0.08914948266975634, 'KGH': 0.0851944301274051, 'ALE': 0.07661130587017548, 'DNP': 0.07041995544442695, 'LPP': 0.059622896282633994, 'CDR': 0.05831412956896957, 'SPL': 0.050065385090495525, 'CPS': 0.04059839071744696, 'PGE': 0.03239650200414887, 'OPL': 0.023391675860335748, 'ACP': 0.022594062948590714, 'CCC': 0.017381359072767007, 'TPE': 0.013778789672989358, 'JSW': 0.009435047260428604, 'MRC': 0.001767740231637865}"
779,2021-12-27,151565.29753780528,-5.820766091346741e-11,"{'PKO': 0.15973556309980708, 'PKN': 0.09758565020893414, 'PEO': 0.09195763386905094, 'PZU': 0.08914948266975634, 'KGH': 0.0851944301274051, 'ALE': 0.07661130587017548, 'DNP': 0.07041995544442695, 'LPP': 0.059622896282633994, 'CDR': 0.05831412956896957, 'SPL': 0.050065385090495525, 'CPS': 0.04059839071744696, 'PGE': 0.03239650200414887, 'OPL': 0.023391675860335748, 'ACP': 0.022594062948590714, 'CCC': 0.017381359072767007, 'TPE': 0.013778789672989358, 'JSW': 0.009435047260428604, 'MRC': 0.001767740231637865}"
780,2021-12-28,153334.18413119047,-5.820766091346741e-11,"{'PKO': 0.15973556309980708, 'PKN': 0.09758565020893414, 'PEO': 0.09195763386905094, 'PZU': 0.08914948266975634, 'KGH': 0.0851944301274051, 'ALE': 0.07661130587017548, 'DNP': 0.07041995544442695, 'LPP': 0.059622896282633994, 'CDR': 0.05831412956896957, 'SPL': 0.050065385090495525, 'CPS': 0.04059839071744696, 'PGE': 0.03239650200414887, 'OPL': 0.023391675860335748, 'ACP': 0.022594062948590714, 'CCC': 0.017381359072767007, 'TPE': 0.013778789672989358, 'JSW': 0.009435047260428604, 'MRC': 0.001767740231637865}"
781,2021-12-29,153493.2995466909,-5.820766091346741e-11,"{'PKO': 0.15973556309980708, 'PKN': 0.09758565020893414, 'PEO': 0.09195763386905094, 'PZU': 0.08914948266975634, 'KGH': 0.0851944301274051, 'ALE': 0.07661130587017548, 'DNP': 0.07041995544442695, 'LPP': 0.059622896282633994, 'CDR': 0.05831412956896957, 'SPL': 0.050065385090495525, 'CPS': 0.04059839071744696, 'PGE': 0.03239650200414887, 'OPL': 0.023391675860335748, 'ACP': 0.022594062948590714, 'CCC': 0.017381359072767007, 'TPE': 0.013778789672989358, 'JSW': 0.009435047260428604, 'MRC': 0.001767740231637865}"
782,2021-12-30,153911.75185561806,-5.820766091346741e-11,"{'PKO': 0.15973556309980708, 'PKN': 0.09758565020893414, 'PEO': 0.09195763386905094, 'PZU': 0.08914948266975634, 'KGH': 0.0851944301274051, 'ALE': 0.07661130587017548, 'DNP': 0.07041995544442695, 'LPP': 0.059622896282633994, 'CDR': 0.05831412956896957, 'SPL': 0.050065385090495525, 'CPS': 0.04059839071744696, 'PGE': 0.03239650200414887, 'OPL': 0.023391675860335748, 'ACP': 0.022594062948590714, 'CCC': 0.017381359072767007, 'TPE': 0.013778789672989358, 'JSW': 0.009435047260428604, 'MRC': 0.001767740231637865}"
783,2021-12-31,153911.75185561806,-5.820766091346741e-11,"{'PKO': 0.15973556309980708, 'PKN': 0.09758565020893414, 'PEO': 0.09195763386905094, 'PZU': 0.08914948266975634, 'KGH': 0.0851944301274051, 'ALE': 0.07661130587017548, 'DNP': 0.07041995544442695, 'LPP': 0.059622896282633994, 'CDR': 0.05831412956896957, 'SPL': 0.050065385090495525, 'CPS': 0.04059839071744696, 'PGE': 0.03239650200414887, 'OPL': 0.023391675860335748, 'ACP': 0.022594062948590714, 'CCC': 0.017381359072767007, 'TPE': 0.013778789672989358, 'JSW': 0.009435047260428604, 'MRC': 0.001767740231637865}"
784,2022-01-03,155480.77960745734,-5.820766091346741e-11,"{'PKO': 0.15973556309980708, 'PKN': 0.09758565020893414, 'PEO': 0.09195763386905094, 'PZU': 0.08914948266975634, 'KGH': 0.0851944301274051, 'ALE': 0.07661130587017548, 'DNP': 0.07041995544442695, 'LPP': 0.059622896282633994, 'CDR': 0.05831412956896957, 'SPL': 0.050065385090495525, 'CPS': 0.04059839071744696, 'PGE': 0.03239650200414887, 'OPL': 0.023391675860335748, 'ACP': 0.022594062948590714, 'CCC': 0.017381359072767007, 'TPE': 0.013778789672989358, 'JSW': 0.009435047260428604, 'MRC': 0.001767740231637865}"
785,2022-01-04,156299.6047467895,-5.820766091346741e-11,"{'PKO': 0.15973556309980708, 'PKN': 0.09758565020893414, 'PEO': 0.09195763386905094, 'PZU': 0.08914948266975634, 'KGH': 0.0851944301274051, 'ALE': 0.07661130587017548, 'DNP': 0.07041995544442695, 'LPP': 0.059622896282633994, 'CDR': 0.05831412956896957, 'SPL': 0.050065385090495525, 'CPS': 0.04059839071744696, 'PGE': 0.03239650200414887, 'OPL': 0.023391675860335748, 'ACP': 0.022594062948590714, 'CCC': 0.017381359072767007, 'TPE': 0.013778789672989358, 'JSW': 0.009435047260428604, 'MRC': 0.001767740231637865}"
786,2022-01-05,156826.66508699014,-5.820766091346741e-11,"{'PKO': 0.15973556309980708, 'PKN': 0.09758565020893414, 'PEO': 0.09195763386905094, 'PZU': 0.08914948266975634, 'KGH': 0.0851944301274051, 'ALE': 0.07661130587017548, 'DNP': 0.07041995544442695, 'LPP': 0.059622896282633994, 'CDR': 0.05831412956896957, 'SPL': 0.050065385090495525, 'CPS': 0.04059839071744696, 'PGE': 0.03239650200414887, 'OPL': 0.023391675860335748, 'ACP': 0.022594062948590714, 'CCC': 0.017381359072767007, 'TPE': 0.013778789672989358, 'JSW': 0.009435047260428604, 'MRC': 0.001767740231637865}"
787,2022-01-06,156826.66508699014,-5.820766091346741e-11,"{'PKO': 0.15973556309980708, 'PKN': 0.09758565020893414, 'PEO': 0.09195763386905094, 'PZU': 0.08914948266975634, 'KGH': 0.0851944301274051, 'ALE': 0.07661130587017548, 'DNP': 0.07041995544442695, 'LPP': 0.059622896282633994, 'CDR': 0.05831412956896957, 'SPL': 0.050065385090495525, 'CPS': 0.04059839071744696, 'PGE': 0.03239650200414887, 'OPL': 0.023391675860335748, 'ACP': 0.022594062948590714, 'CCC': 0.017381359072767007, 'TPE': 0.013778789672989358, 'JSW': 0.009435047260428604, 'MRC': 0.001767740231637865}"
788,2022-01-07,156845.49617018693,-5.820766091346741e-11,"{'PKO': 0.15973556309980708, 'PKN': 0.09758565020893414, 'PEO': 0.09195763386905094, 'PZU': 0.08914948266975634, 'KGH': 0.0851944301274051, 'ALE': 0.07661130587017548, 'DNP': 0.07041995544442695, 'LPP': 0.059622896282633994, 'CDR': 0.05831412956896957, 'SPL': 0.050065385090495525, 'CPS': 0.04059839071744696, 'PGE': 0.03239650200414887, 'OPL': 0.023391675860335748, 'ACP': 0.022594062948590714, 'CCC': 0.017381359072767007, 'TPE': 0.013778789672989358, 'JSW': 0.009435047260428604, 'MRC': 0.001767740231637865}"
789,2022-01-10,155567.81339738387,-5.820766091346741e-11,"{'PKO': 0.15973556309980708, 'PKN': 0.09758565020893414, 'PEO': 0.09195763386905094, 'PZU': 0.08914948266975634, 'KGH': 0.0851944301274051, 'ALE': 0.07661130587017548, 'DNP': 0.07041995544442695, 'LPP': 0.059622896282633994, 'CDR': 0.05831412956896957, 'SPL': 0.050065385090495525, 'CPS': 0.04059839071744696, 'PGE': 0.03239650200414887, 'OPL': 0.023391675860335748, 'ACP': 0.022594062948590714, 'CCC': 0.017381359072767007, 'TPE': 0.013778789672989358, 'JSW': 0.009435047260428604, 'MRC': 0.001767740231637865}"
790,2022-01-11,159592.14623737146,-5.820766091346741e-11,"{'PKO': 0.15973556309980708, 'PKN': 0.09758565020893414, 'PEO': 0.09195763386905094, 'PZU': 0.08914948266975634, 'KGH': 0.0851944301274051, 'ALE': 0.07661130587017548, 'DNP': 0.07041995544442695, 'LPP': 0.059622896282633994, 'CDR': 0.05831412956896957, 'SPL': 0.050065385090495525, 'CPS': 0.04059839071744696, 'PGE': 0.03239650200414887, 'OPL': 0.023391675860335748, 'ACP': 0.022594062948590714, 'CCC': 0.017381359072767007, 'TPE': 0.013778789672989358, 'JSW': 0.009435047260428604, 'MRC': 0.001767740231637865}"
791,2022-01-12,164353.2616303996,-5.820766091346741e-11,"{'PKO': 0.15973556309980708, 'PKN': 0.09758565020893414, 'PEO': 0.09195763386905094, 'PZU': 0.08914948266975634, 'KGH': 0.0851944301274051, 'ALE': 0.07661130587017548, 'DNP': 0.07041995544442695, 'LPP': 0.059622896282633994, 'CDR': 0.05831412956896957, 'SPL': 0.050065385090495525, 'CPS': 0.04059839071744696, 'PGE': 0.03239650200414887, 'OPL': 0.023391675860335748, 'ACP': 0.022594062948590714, 'CCC': 0.017381359072767007, 'TPE': 0.013778789672989358, 'JSW': 0.009435047260428604, 'MRC': 0.001767740231637865}"
792,2022-01-13,164425.633139927,-5.820766091346741e-11,"{'PKO': 0.15973556309980708, 'PKN': 0.09758565020893414, 'PEO': 0.09195763386905094, 'PZU': 0.08914948266975634, 'KGH': 0.0851944301274051, 'ALE': 0.07661130587017548, 'DNP': 0.07041995544442695, 'LPP': 0.059622896282633994, 'CDR': 0.05831412956896957, 'SPL': 0.050065385090495525, 'CPS': 0.04059839071744696, 'PGE': 0.03239650200414887, 'OPL': 0.023391675860335748, 'ACP': 0.022594062948590714, 'CCC': 0.017381359072767007, 'TPE': 0.013778789672989358, 'JSW': 0.009435047260428604, 'MRC': 0.001767740231637865}"
793,2022-01-14,162744.68479082568,-2.9103830456733704e-11,"{'PKN': 0.10070295637984074, 'PEO': 0.10051416237198732, 'PZU': 0.08558305425247302, 'KGH': 0.08286189188665095, 'ALE': 0.0799909244502482, 'DNP': 0.06574088362916439, 'LPP': 0.056594474222792256, 'CDR': 0.05397107909129, 'SPL': 0.05445598852479858, 'CPS': 0.03423870727879813, 'PGE': 0.032369230788882215, 'OPL': 0.0231675653715266, 'ACP': 0.019800634825677895, 'CCC': 0.01589143020051913, 'TPE': 0.014025358371062195, 'JSW': 0.009413115911921996, 'MRC': 0.0016170512487377442, 'PBG': 0.16906149119362865}"
794,2022-01-17,161652.06272953536,-2.9103830456733704e-11,"{'PKN': 0.10070295637984074, 'PEO': 0.10051416237198732, 'PZU': 0.08558305425247302, 'KGH': 0.08286189188665095, 'ALE': 0.0799909244502482, 'DNP': 0.06574088362916439, 'LPP': 0.056594474222792256, 'CDR': 0.05397107909129, 'SPL': 0.05445598852479858, 'CPS': 0.03423870727879813, 'PGE': 0.032369230788882215, 'OPL': 0.0231675653715266, 'ACP': 0.019800634825677895, 'CCC': 0.01589143020051913, 'TPE': 0.014025358371062195, 'JSW': 0.009413115911921996, 'MRC': 0.0016170512487377442, 'PBG': 0.16906149119362865}"
795,2022-01-18,158769.0626211084,-2.9103830456733704e-11,"{'PKN': 0.10070295637984074, 'PEO': 0.10051416237198732, 'PZU': 0.08558305425247302, 'KGH': 0.08286189188665095, 'ALE': 0.0799909244502482, 'DNP': 0.06574088362916439, 'LPP': 0.056594474222792256, 'CDR': 0.05397107909129, 'SPL': 0.05445598852479858, 'CPS': 0.03423870727879813, 'PGE': 0.032369230788882215, 'OPL': 0.0231675653715266, 'ACP': 0.019800634825677895, 'CCC': 0.01589143020051913, 'TPE': 0.014025358371062195, 'JSW': 0.009413115911921996, 'MRC': 0.0016170512487377442, 'PBG': 0.16906149119362865}"
796,2022-01-19,156780.9030192515,-2.9103830456733704e-11,"{'PKN': 0.10070295637984074, 'PEO': 0.10051416237198732, 'PZU': 0.08558305425247302, 'KGH': 0.08286189188665095, 'ALE': 0.0799909244502482, 'DNP': 0.06574088362916439, 'LPP': 0.056594474222792256, 'CDR': 0.05397107909129, 'SPL': 0.05445598852479858, 'CPS': 0.03423870727879813, 'PGE': 0.032369230788882215, 'OPL': 0.0231675653715266, 'ACP': 0.019800634825677895, 'CCC': 0.01589143020051913, 'TPE': 0.014025358371062195, 'JSW': 0.009413115911921996, 'MRC': 0.0016170512487377442, 'PBG': 0.16906149119362865}"
797,2022-01-20,156468.38277617257,-2.9103830456733704e-11,"{'PKN': 0.10070295637984074, 'PEO': 0.10051416237198732, 'PZU': 0.08558305425247302, 'KGH': 0.08286189188665095, 'ALE': 0.0799909244502482, 'DNP': 0.06574088362916439, 'LPP': 0.056594474222792256, 'CDR': 0.05397107909129, 'SPL': 0.05445598852479858, 'CPS': 0.03423870727879813, 'PGE': 0.032369230788882215, 'OPL': 0.0231675653715266, 'ACP': 0.019800634825677895, 'CCC': 0.01589143020051913, 'TPE': 0.014025358371062195, 'JSW': 0.009413115911921996, 'MRC': 0.0016170512487377442, 'PBG': 0.16906149119362865}"
798,2022-01-21,154065.9426584989,-2.9103830456733704e-11,"{'PKN': 0.10070295637984074, 'PEO': 0.10051416237198732, 'PZU': 0.08558305425247302, 'KGH': 0.08286189188665095, 'ALE': 0.0799909244502482, 'DNP': 0.06574088362916439, 'LPP': 0.056594474222792256, 'CDR': 0.05397107909129, 'SPL': 0.05445598852479858, 'CPS': 0.03423870727879813, 'PGE': 0.032369230788882215, 'OPL': 0.0231675653715266, 'ACP': 0.019800634825677895, 'CCC': 0.01589143020051913, 'TPE': 0.014025358371062195, 'JSW': 0.009413115911921996, 'MRC': 0.0016170512487377442, 'PBG': 0.16906149119362865}"
799,2022-01-24,148284.68284255554,-2.9103830456733704e-11,"{'PKN': 0.10070295637984074, 'PEO': 0.10051416237198732, 'PZU': 0.08558305425247302, 'KGH': 0.08286189188665095, 'ALE': 0.0799909244502482, 'DNP': 0.06574088362916439, 'LPP': 0.056594474222792256, 'CDR': 0.05397107909129, 'SPL': 0.05445598852479858, 'CPS': 0.03423870727879813, 'PGE': 0.032369230788882215, 'OPL': 0.0231675653715266, 'ACP': 0.019800634825677895, 'CCC': 0.01589143020051913, 'TPE': 0.014025358371062195, 'JSW': 0.009413115911921996, 'MRC': 0.0016170512487377442, 'PBG': 0.16906149119362865}"
800,2022-01-25,149854.87261609852,-2.9103830456733704e-11,"{'PKN': 0.10070295637984074, 'PEO': 0.10051416237198732, 'PZU': 0.08558305425247302, 'KGH': 0.08286189188665095, 'ALE': 0.0799909244502482, 'DNP': 0.06574088362916439, 'LPP': 0.056594474222792256, 'CDR': 0.05397107909129, 'SPL': 0.05445598852479858, 'CPS': 0.03423870727879813, 'PGE': 0.032369230788882215, 'OPL': 0.0231675653715266, 'ACP': 0.019800634825677895, 'CCC': 0.01589143020051913, 'TPE': 0.014025358371062195, 'JSW': 0.009413115911921996, 'MRC': 0.0016170512487377442, 'PBG': 0.16906149119362865}"
801,2022-01-26,151176.39311098147,-2.9103830456733704e-11,"{'PKN': 0.10070295637984074, 'PEO': 0.10051416237198732, 'PZU': 0.08558305425247302, 'KGH': 0.08286189188665095, 'ALE': 0.0799909244502482, 'DNP': 0.06574088362916439, 'LPP': 0.056594474222792256, 'CDR': 0.05397107909129, 'SPL': 0.05445598852479858, 'CPS': 0.03423870727879813, 'PGE': 0.032369230788882215, 'OPL': 0.0231675653715266, 'ACP': 0.019800634825677895, 'CCC': 0.01589143020051913, 'TPE': 0.014025358371062195, 'JSW': 0.009413115911921996, 'MRC': 0.0016170512487377442, 'PBG': 0.16906149119362865}"
802,2022-01-27,151067.50813729985,-2.9103830456733704e-11,"{'PKN': 0.10070295637984074, 'PEO': 0.10051416237198732, 'PZU': 0.08558305425247302, 'KGH': 0.08286189188665095, 'ALE': 0.0799909244502482, 'DNP': 0.06574088362916439, 'LPP': 0.056594474222792256, 'CDR': 0.05397107909129, 'SPL': 0.05445598852479858, 'CPS': 0.03423870727879813, 'PGE': 0.032369230788882215, 'OPL': 0.0231675653715266, 'ACP': 0.019800634825677895, 'CCC': 0.01589143020051913, 'TPE': 0.014025358371062195, 'JSW': 0.009413115911921996, 'MRC': 0.0016170512487377442, 'PBG': 0.16906149119362865}"
803,2022-01-28,147960.6542878356,-2.9103830456733704e-11,"{'PKN': 0.10070295637984074, 'PEO': 0.10051416237198732, 'PZU': 0.08558305425247302, 'KGH': 0.08286189188665095, 'ALE': 0.0799909244502482, 'DNP': 0.06574088362916439, 'LPP': 0.056594474222792256, 'CDR': 0.05397107909129, 'SPL': 0.05445598852479858, 'CPS': 0.03423870727879813, 'PGE': 0.032369230788882215, 'OPL': 0.0231675653715266, 'ACP': 0.019800634825677895, 'CCC': 0.01589143020051913, 'TPE': 0.014025358371062195, 'JSW': 0.009413115911921996, 'MRC': 0.0016170512487377442, 'PBG': 0.16906149119362865}"
804,2022-01-31,149619.14308597244,-2.9103830456733704e-11,"{'PKN': 0.10070295637984074, 'PEO': 0.10051416237198732, 'PZU': 0.08558305425247302, 'KGH': 0.08286189188665095, 'ALE': 0.0799909244502482, 'DNP': 0.06574088362916439, 'LPP': 0.056594474222792256, 'CDR': 0.05397107909129, 'SPL': 0.05445598852479858, 'CPS': 0.03423870727879813, 'PGE': 0.032369230788882215, 'OPL': 0.0231675653715266, 'ACP': 0.019800634825677895, 'CCC': 0.01589143020051913, 'TPE': 0.014025358371062195, 'JSW': 0.009413115911921996, 'MRC': 0.0016170512487377442, 'PBG': 0.16906149119362865}"
805,2022-02-01,150575.28780562742,-2.9103830456733704e-11,"{'PKN': 0.10070295637984074, 'PEO': 0.10051416237198732, 'PZU': 0.08558305425247302, 'KGH': 0.08286189188665095, 'ALE': 0.0799909244502482, 'DNP': 0.06574088362916439, 'LPP': 0.056594474222792256, 'CDR': 0.05397107909129, 'SPL': 0.05445598852479858, 'CPS': 0.03423870727879813, 'PGE': 0.032369230788882215, 'OPL': 0.0231675653715266, 'ACP': 0.019800634825677895, 'CCC': 0.01589143020051913, 'TPE': 0.014025358371062195, 'JSW': 0.009413115911921996, 'MRC': 0.0016170512487377442, 'PBG': 0.16906149119362865}"
806,2022-02-02,151877.5010651131,-2.9103830456733704e-11,"{'PKN': 0.10070295637984074, 'PEO': 0.10051416237198732, 'PZU': 0.08558305425247302, 'KGH': 0.08286189188665095, 'ALE': 0.0799909244502482, 'DNP': 0.06574088362916439, 'LPP': 0.056594474222792256, 'CDR': 0.05397107909129, 'SPL': 0.05445598852479858, 'CPS': 0.03423870727879813, 'PGE': 0.032369230788882215, 'OPL': 0.0231675653715266, 'ACP': 0.019800634825677895, 'CCC': 0.01589143020051913, 'TPE': 0.014025358371062195, 'JSW': 0.009413115911921996, 'MRC': 0.0016170512487377442, 'PBG': 0.16906149119362865}"
807,2022-02-03,150472.69320011963,-2.9103830456733704e-11,"{'PKN': 0.10070295637984074, 'PEO': 0.10051416237198732, 'PZU': 0.08558305425247302, 'KGH': 0.08286189188665095, 'ALE': 0.0799909244502482, 'DNP': 0.06574088362916439, 'LPP': 0.056594474222792256, 'CDR': 0.05397107909129, 'SPL': 0.05445598852479858, 'CPS': 0.03423870727879813, 'PGE': 0.032369230788882215, 'OPL': 0.0231675653715266, 'ACP': 0.019800634825677895, 'CCC': 0.01589143020051913, 'TPE': 0.014025358371062195, 'JSW': 0.009413115911921996, 'MRC': 0.0016170512487377442, 'PBG': 0.16906149119362865}"
808,2022-02-04,146962.56106222185,-2.9103830456733704e-11,"{'PKN': 0.10070295637984074, 'PEO': 0.10051416237198732, 'PZU': 0.08558305425247302, 'KGH': 0.08286189188665095, 'ALE': 0.0799909244502482, 'DNP': 0.06574088362916439, 'LPP': 0.056594474222792256, 'CDR': 0.05397107909129, 'SPL': 0.05445598852479858, 'CPS': 0.03423870727879813, 'PGE': 0.032369230788882215, 'OPL': 0.0231675653715266, 'ACP': 0.019800634825677895, 'CCC': 0.01589143020051913, 'TPE': 0.014025358371062195, 'JSW': 0.009413115911921996, 'MRC': 0.0016170512487377442, 'PBG': 0.16906149119362865}"
809,2022-02-07,146953.07002991292,-2.9103830456733704e-11,"{'PKN': 0.10070295637984074, 'PEO': 0.10051416237198732, 'PZU': 0.08558305425247302, 'KGH': 0.08286189188665095, 'ALE': 0.0799909244502482, 'DNP': 0.06574088362916439, 'LPP': 0.056594474222792256, 'CDR': 0.05397107909129, 'SPL': 0.05445598852479858, 'CPS': 0.03423870727879813, 'PGE': 0.032369230788882215, 'OPL': 0.0231675653715266, 'ACP': 0.019800634825677895, 'CCC': 0.01589143020051913, 'TPE': 0.014025358371062195, 'JSW': 0.009413115911921996, 'MRC': 0.0016170512487377442, 'PBG': 0.16906149119362865}"
810,2022-02-08,149013.35340368003,-2.9103830456733704e-11,"{'PKN': 0.10070295637984074, 'PEO': 0.10051416237198732, 'PZU': 0.08558305425247302, 'KGH': 0.08286189188665095, 'ALE': 0.0799909244502482, 'DNP': 0.06574088362916439, 'LPP': 0.056594474222792256, 'CDR': 0.05397107909129, 'SPL': 0.05445598852479858, 'CPS': 0.03423870727879813, 'PGE': 0.032369230788882215, 'OPL': 0.0231675653715266, 'ACP': 0.019800634825677895, 'CCC': 0.01589143020051913, 'TPE': 0.014025358371062195, 'JSW': 0.009413115911921996, 'MRC': 0.0016170512487377442, 'PBG': 0.16906149119362865}"
811,2022-02-09,152487.43036419922,-2.9103830456733704e-11,"{'PKN': 0.10070295637984074, 'PEO': 0.10051416237198732, 'PZU': 0.08558305425247302, 'KGH': 0.08286189188665095, 'ALE': 0.0799909244502482, 'DNP': 0.06574088362916439, 'LPP': 0.056594474222792256, 'CDR': 0.05397107909129, 'SPL': 0.05445598852479858, 'CPS': 0.03423870727879813, 'PGE': 0.032369230788882215, 'OPL': 0.0231675653715266, 'ACP': 0.019800634825677895, 'CCC': 0.01589143020051913, 'TPE': 0.014025358371062195, 'JSW': 0.009413115911921996, 'MRC': 0.0016170512487377442, 'PBG': 0.16906149119362865}"
812,2022-02-10,151284.41021373786,-2.9103830456733704e-11,"{'PKN': 0.10070295637984074, 'PEO': 0.10051416237198732, 'PZU': 0.08558305425247302, 'KGH': 0.08286189188665095, 'ALE': 0.0799909244502482, 'DNP': 0.06574088362916439, 'LPP': 0.056594474222792256, 'CDR': 0.05397107909129, 'SPL': 0.05445598852479858, 'CPS': 0.03423870727879813, 'PGE': 0.032369230788882215, 'OPL': 0.0231675653715266, 'ACP': 0.019800634825677895, 'CCC': 0.01589143020051913, 'TPE': 0.014025358371062195, 'JSW': 0.009413115911921996, 'MRC': 0.0016170512487377442, 'PBG': 0.16906149119362865}"
813,2022-02-11,150739.5744103072,-2.9103830456733704e-11,"{'PKN': 0.10070295637984074, 'PEO': 0.10051416237198732, 'PZU': 0.08558305425247302, 'KGH': 0.08286189188665095, 'ALE': 0.0799909244502482, 'DNP': 0.06574088362916439, 'LPP': 0.056594474222792256, 'CDR': 0.05397107909129, 'SPL': 0.05445598852479858, 'CPS': 0.03423870727879813, 'PGE': 0.032369230788882215, 'OPL': 0.0231675653715266, 'ACP': 0.019800634825677895, 'CCC': 0.01589143020051913, 'TPE': 0.014025358371062195, 'JSW': 0.009413115911921996, 'MRC': 0.0016170512487377442, 'PBG': 0.16906149119362865}"
814,2022-02-14,148838.3636443282,-2.9103830456733704e-11,"{'PKN': 0.10070295637984074, 'PEO': 0.10051416237198732, 'PZU': 0.08558305425247302, 'KGH': 0.08286189188665095, 'ALE': 0.0799909244502482, 'DNP': 0.06574088362916439, 'LPP': 0.056594474222792256, 'CDR': 0.05397107909129, 'SPL': 0.05445598852479858, 'CPS': 0.03423870727879813, 'PGE': 0.032369230788882215, 'OPL': 0.0231675653715266, 'ACP': 0.019800634825677895, 'CCC': 0.01589143020051913, 'TPE': 0.014025358371062195, 'JSW': 0.009413115911921996, 'MRC': 0.0016170512487377442, 'PBG': 0.16906149119362865}"
815,2022-02-15,151563.0634546603,-2.9103830456733704e-11,"{'PKN': 0.10070295637984074, 'PEO': 0.10051416237198732, 'PZU': 0.08558305425247302, 'KGH': 0.08286189188665095, 'ALE': 0.0799909244502482, 'DNP': 0.06574088362916439, 'LPP': 0.056594474222792256, 'CDR': 0.05397107909129, 'SPL': 0.05445598852479858, 'CPS': 0.03423870727879813, 'PGE': 0.032369230788882215, 'OPL': 0.0231675653715266, 'ACP': 0.019800634825677895, 'CCC': 0.01589143020051913, 'TPE': 0.014025358371062195, 'JSW': 0.009413115911921996, 'MRC': 0.0016170512487377442, 'PBG': 0.16906149119362865}"
816,2022-02-16,144616.46942751374,-2.9103830456733704e-11,"{'PKN': 0.10070295637984074, 'PEO': 0.10051416237198732, 'PZU': 0.08558305425247302, 'KGH': 0.08286189188665095, 'ALE': 0.0799909244502482, 'DNP': 0.06574088362916439, 'LPP': 0.056594474222792256, 'CDR': 0.05397107909129, 'SPL': 0.05445598852479858, 'CPS': 0.03423870727879813, 'PGE': 0.032369230788882215, 'OPL': 0.0231675653715266, 'ACP': 0.019800634825677895, 'CCC': 0.01589143020051913, 'TPE': 0.014025358371062195, 'JSW': 0.009413115911921996, 'MRC': 0.0016170512487377442, 'PBG': 0.16906149119362865}"
817,2022-02-17,142357.77855159275,-2.9103830456733704e-11,"{'PKN': 0.10070295637984074, 'PEO': 0.10051416237198732, 'PZU': 0.08558305425247302, 'KGH': 0.08286189188665095, 'ALE': 0.0799909244502482, 'DNP': 0.06574088362916439, 'LPP': 0.056594474222792256, 'CDR': 0.05397107909129, 'SPL': 0.05445598852479858, 'CPS': 0.03423870727879813, 'PGE': 0.032369230788882215, 'OPL': 0.0231675653715266, 'ACP': 0.019800634825677895, 'CCC': 0.01589143020051913, 'TPE': 0.014025358371062195, 'JSW': 0.009413115911921996, 'MRC': 0.0016170512487377442, 'PBG': 0.16906149119362865}"
818,2022-02-18,140542.14493061553,-2.9103830456733704e-11,"{'PKN': 0.10070295637984074, 'PEO': 0.10051416237198732, 'PZU': 0.08558305425247302, 'KGH': 0.08286189188665095, 'ALE': 0.0799909244502482, 'DNP': 0.06574088362916439, 'LPP': 0.056594474222792256, 'CDR': 0.05397107909129, 'SPL': 0.05445598852479858, 'CPS': 0.03423870727879813, 'PGE': 0.032369230788882215, 'OPL': 0.0231675653715266, 'ACP': 0.019800634825677895, 'CCC': 0.01589143020051913, 'TPE': 0.014025358371062195, 'JSW': 0.009413115911921996, 'MRC': 0.0016170512487377442, 'PBG': 0.16906149119362865}"
819,2022-02-21,136479.54077247903,-2.9103830456733704e-11,"{'PKN': 0.10070295637984074, 'PEO': 0.10051416237198732, 'PZU': 0.08558305425247302, 'KGH': 0.08286189188665095, 'ALE': 0.0799909244502482, 'DNP': 0.06574088362916439, 'LPP': 0.056594474222792256, 'CDR': 0.05397107909129, 'SPL': 0.05445598852479858, 'CPS': 0.03423870727879813, 'PGE': 0.032369230788882215, 'OPL': 0.0231675653715266, 'ACP': 0.019800634825677895, 'CCC': 0.01589143020051913, 'TPE': 0.014025358371062195, 'JSW': 0.009413115911921996, 'MRC': 0.0016170512487377442, 'PBG': 0.16906149119362865}"
820,2022-02-22,138406.07232750184,-2.9103830456733704e-11,"{'PKN': 0.10070295637984074, 'PEO': 0.10051416237198732, 'PZU': 0.08558305425247302, 'KGH': 0.08286189188665095, 'ALE': 0.0799909244502482, 'DNP': 0.06574088362916439, 'LPP': 0.056594474222792256, 'CDR': 0.05397107909129, 'SPL': 0.05445598852479858, 'CPS': 0.03423870727879813, 'PGE': 0.032369230788882215, 'OPL': 0.0231675653715266, 'ACP': 0.019800634825677895, 'CCC': 0.01589143020051913, 'TPE': 0.014025358371062195, 'JSW': 0.009413115911921996, 'MRC': 0.0016170512487377442, 'PBG': 0.16906149119362865}"
821,2022-02-23,144679.9348602682,-2.9103830456733704e-11,"{'PKN': 0.10070295637984074, 'PEO': 0.10051416237198732, 'PZU': 0.08558305425247302, 'KGH': 0.08286189188665095, 'ALE': 0.0799909244502482, 'DNP': 0.06574088362916439, 'LPP': 0.056594474222792256, 'CDR': 0.05397107909129, 'SPL': 0.05445598852479858, 'CPS': 0.03423870727879813, 'PGE': 0.032369230788882215, 'OPL': 0.0231675653715266, 'ACP': 0.019800634825677895, 'CCC': 0.01589143020051913, 'TPE': 0.014025358371062195, 'JSW': 0.009413115911921996, 'MRC': 0.0016170512487377442, 'PBG': 0.16906149119362865}"
822,2022-02-24,133494.47178471152,-2.9103830456733704e-11,"{'PKN': 0.10070295637984074, 'PEO': 0.10051416237198732, 'PZU': 0.08558305425247302, 'KGH': 0.08286189188665095, 'ALE': 0.0799909244502482, 'DNP': 0.06574088362916439, 'LPP': 0.056594474222792256, 'CDR': 0.05397107909129, 'SPL': 0.05445598852479858, 'CPS': 0.03423870727879813, 'PGE': 0.032369230788882215, 'OPL': 0.0231675653715266, 'ACP': 0.019800634825677895, 'CCC': 0.01589143020051913, 'TPE': 0.014025358371062195, 'JSW': 0.009413115911921996, 'MRC': 0.0016170512487377442, 'PBG': 0.16906149119362865}"
823,2022-02-25,141757.38271168692,-2.9103830456733704e-11,"{'PKN': 0.10070295637984074, 'PEO': 0.10051416237198732, 'PZU': 0.08558305425247302, 'KGH': 0.08286189188665095, 'ALE': 0.0799909244502482, 'DNP': 0.06574088362916439, 'LPP': 0.056594474222792256, 'CDR': 0.05397107909129, 'SPL': 0.05445598852479858, 'CPS': 0.03423870727879813, 'PGE': 0.032369230788882215, 'OPL': 0.0231675653715266, 'ACP': 0.019800634825677895, 'CCC': 0.01589143020051913, 'TPE': 0.014025358371062195, 'JSW': 0.009413115911921996, 'MRC': 0.0016170512487377442, 'PBG': 0.16906149119362865}"
824,2022-02-28,144275.51227633853,-2.9103830456733704e-11,"{'PKN': 0.10070295637984074, 'PEO': 0.10051416237198732, 'PZU': 0.08558305425247302, 'KGH': 0.08286189188665095, 'ALE': 0.0799909244502482, 'DNP': 0.06574088362916439, 'LPP': 0.056594474222792256, 'CDR': 0.05397107909129, 'SPL': 0.05445598852479858, 'CPS': 0.03423870727879813, 'PGE': 0.032369230788882215, 'OPL': 0.0231675653715266, 'ACP': 0.019800634825677895, 'CCC': 0.01589143020051913, 'TPE': 0.014025358371062195, 'JSW': 0.009413115911921996, 'MRC': 0.0016170512487377442, 'PBG': 0.16906149119362865}"
825,2022-03-01,142960.2852539784,-2.9103830456733704e-11,"{'PKN': 0.10070295637984074, 'PEO': 0.10051416237198732, 'PZU': 0.08558305425247302, 'KGH': 0.08286189188665095, 'ALE': 0.0799909244502482, 'DNP': 0.06574088362916439, 'LPP': 0.056594474222792256, 'CDR': 0.05397107909129, 'SPL': 0.05445598852479858, 'CPS': 0.03423870727879813, 'PGE': 0.032369230788882215, 'OPL': 0.0231675653715266, 'ACP': 0.019800634825677895, 'CCC': 0.01589143020051913, 'TPE': 0.014025358371062195, 'JSW': 0.009413115911921996, 'MRC': 0.0016170512487377442, 'PBG': 0.16906149119362865}"
826,2022-03-02,138580.45502777444,-2.9103830456733704e-11,"{'PKN': 0.10070295637984074, 'PEO': 0.10051416237198732, 'PZU': 0.08558305425247302, 'KGH': 0.08286189188665095, 'ALE': 0.0799909244502482, 'DNP': 0.06574088362916439, 'LPP': 0.056594474222792256, 'CDR': 0.05397107909129, 'SPL': 0.05445598852479858, 'CPS': 0.03423870727879813, 'PGE': 0.032369230788882215, 'OPL': 0.0231675653715266, 'ACP': 0.019800634825677895, 'CCC': 0.01589143020051913, 'TPE': 0.014025358371062195, 'JSW': 0.009413115911921996, 'MRC': 0.0016170512487377442, 'PBG': 0.16906149119362865}"
827,2022-03-03,136739.75971409457,-2.9103830456733704e-11,"{'PKN': 0.10070295637984074, 'PEO': 0.10051416237198732, 'PZU': 0.08558305425247302, 'KGH': 0.08286189188665095, 'ALE': 0.0799909244502482, 'DNP': 0.06574088362916439, 'LPP': 0.056594474222792256, 'CDR': 0.05397107909129, 'SPL': 0.05445598852479858, 'CPS': 0.03423870727879813, 'PGE': 0.032369230788882215, 'OPL': 0.0231675653715266, 'ACP': 0.019800634825677895, 'CCC': 0.01589143020051913, 'TPE': 0.014025358371062195, 'JSW': 0.009413115911921996, 'MRC': 0.0016170512487377442, 'PBG': 0.16906149119362865}"
828,2022-03-04,131500.5654102781,-2.9103830456733704e-11,"{'PKN': 0.10070295637984074, 'PEO': 0.10051416237198732, 'PZU': 0.08558305425247302, 'KGH': 0.08286189188665095, 'ALE': 0.0799909244502482, 'DNP': 0.06574088362916439, 'LPP': 0.056594474222792256, 'CDR': 0.05397107909129, 'SPL': 0.05445598852479858, 'CPS': 0.03423870727879813, 'PGE': 0.032369230788882215, 'OPL': 0.0231675653715266, 'ACP': 0.019800634825677895, 'CCC': 0.01589143020051913, 'TPE': 0.014025358371062195, 'JSW': 0.009413115911921996, 'MRC': 0.0016170512487377442, 'PBG': 0.16906149119362865}"
829,2022-03-07,133096.0177426167,-2.9103830456733704e-11,"{'PKN': 0.10070295637984074, 'PEO': 0.10051416237198732, 'PZU': 0.08558305425247302, 'KGH': 0.08286189188665095, 'ALE': 0.0799909244502482, 'DNP': 0.06574088362916439, 'LPP': 0.056594474222792256, 'CDR': 0.05397107909129, 'SPL': 0.05445598852479858, 'CPS': 0.03423870727879813, 'PGE': 0.032369230788882215, 'OPL': 0.0231675653715266, 'ACP': 0.019800634825677895, 'CCC': 0.01589143020051913, 'TPE': 0.014025358371062195, 'JSW': 0.009413115911921996, 'MRC': 0.0016170512487377442, 'PBG': 0.16906149119362865}"
830,2022-03-08,131502.67944287288,-2.9103830456733704e-11,"{'PKN': 0.10070295637984074, 'PEO': 0.10051416237198732, 'PZU': 0.08558305425247302, 'KGH': 0.08286189188665095, 'ALE': 0.0799909244502482, 'DNP': 0.06574088362916439, 'LPP': 0.056594474222792256, 'CDR': 0.05397107909129, 'SPL': 0.05445598852479858, 'CPS': 0.03423870727879813, 'PGE': 0.032369230788882215, 'OPL': 0.0231675653715266, 'ACP': 0.019800634825677895, 'CCC': 0.01589143020051913, 'TPE': 0.014025358371062195, 'JSW': 0.009413115911921996, 'MRC': 0.0016170512487377442, 'PBG': 0.16906149119362865}"
831,2022-03-09,137395.53378751257,-2.9103830456733704e-11,"{'PKN': 0.10070295637984074, 'PEO': 0.10051416237198732, 'PZU': 0.08558305425247302, 'KGH': 0.08286189188665095, 'ALE': 0.0799909244502482, 'DNP': 0.06574088362916439, 'LPP': 0.056594474222792256, 'CDR': 0.05397107909129, 'SPL': 0.05445598852479858, 'CPS': 0.03423870727879813, 'PGE': 0.032369230788882215, 'OPL': 0.0231675653715266, 'ACP': 0.019800634825677895, 'CCC': 0.01589143020051913, 'TPE': 0.014025358371062195, 'JSW': 0.009413115911921996, 'MRC': 0.0016170512487377442, 'PBG': 0.16906149119362865}"
832,2022-03-10,137617.7291725828,-2.9103830456733704e-11,"{'PKN': 0.10070295637984074, 'PEO': 0.10051416237198732, 'PZU': 0.08558305425247302, 'KGH': 0.08286189188665095, 'ALE': 0.0799909244502482, 'DNP': 0.06574088362916439, 'LPP': 0.056594474222792256, 'CDR': 0.05397107909129, 'SPL': 0.05445598852479858, 'CPS': 0.03423870727879813, 'PGE': 0.032369230788882215, 'OPL': 0.0231675653715266, 'ACP': 0.019800634825677895, 'CCC': 0.01589143020051913, 'TPE': 0.014025358371062195, 'JSW': 0.009413115911921996, 'MRC': 0.0016170512487377442, 'PBG': 0.16906149119362865}"
833,2022-03-11,141096.55717972902,-2.9103830456733704e-11,"{'PKN': 0.10070295637984074, 'PEO': 0.10051416237198732, 'PZU': 0.08558305425247302, 'KGH': 0.08286189188665095, 'ALE': 0.0799909244502482, 'DNP': 0.06574088362916439, 'LPP': 0.056594474222792256, 'CDR': 0.05397107909129, 'SPL': 0.05445598852479858, 'CPS': 0.03423870727879813, 'PGE': 0.032369230788882215, 'OPL': 0.0231675653715266, 'ACP': 0.019800634825677895, 'CCC': 0.01589143020051913, 'TPE': 0.014025358371062195, 'JSW': 0.009413115911921996, 'MRC': 0.0016170512487377442, 'PBG': 0.16906149119362865}"
834,2022-03-14,137338.32622805587,-2.9103830456733704e-11,"{'PKN': 0.10070295637984074, 'PEO': 0.10051416237198732, 'PZU': 0.08558305425247302, 'KGH': 0.08286189188665095, 'ALE': 0.0799909244502482, 'DNP': 0.06574088362916439, 'LPP': 0.056594474222792256, 'CDR': 0.05397107909129, 'SPL': 0.05445598852479858, 'CPS': 0.03423870727879813, 'PGE': 0.032369230788882215, 'OPL': 0.0231675653715266, 'ACP': 0.019800634825677895, 'CCC': 0.01589143020051913, 'TPE': 0.014025358371062195, 'JSW': 0.009413115911921996, 'MRC': 0.0016170512487377442, 'PBG': 0.16906149119362865}"
835,2022-03-15,138853.00340885442,-2.9103830456733704e-11,"{'PKN': 0.10070295637984074, 'PEO': 0.10051416237198732, 'PZU': 0.08558305425247302, 'KGH': 0.08286189188665095, 'ALE': 0.0799909244502482, 'DNP': 0.06574088362916439, 'LPP': 0.056594474222792256, 'CDR': 0.05397107909129, 'SPL': 0.05445598852479858, 'CPS': 0.03423870727879813, 'PGE': 0.032369230788882215, 'OPL': 0.0231675653715266, 'ACP': 0.019800634825677895, 'CCC': 0.01589143020051913, 'TPE': 0.014025358371062195, 'JSW': 0.009413115911921996, 'MRC': 0.0016170512487377442, 'PBG': 0.16906149119362865}"
836,2022-03-16,142413.45175439943,-2.9103830456733704e-11,"{'PKN': 0.10070295637984074, 'PEO': 0.10051416237198732, 'PZU': 0.08558305425247302, 'KGH': 0.08286189188665095, 'ALE': 0.0799909244502482, 'DNP': 0.06574088362916439, 'LPP': 0.056594474222792256, 'CDR': 0.05397107909129, 'SPL': 0.05445598852479858, 'CPS': 0.03423870727879813, 'PGE': 0.032369230788882215, 'OPL': 0.0231675653715266, 'ACP': 0.019800634825677895, 'CCC': 0.01589143020051913, 'TPE': 0.014025358371062195, 'JSW': 0.009413115911921996, 'MRC': 0.0016170512487377442, 'PBG': 0.16906149119362865}"
837,2022-03-17,146328.41729866952,-2.9103830456733704e-11,"{'PKN': 0.10070295637984074, 'PEO': 0.10051416237198732, 'PZU': 0.08558305425247302, 'KGH': 0.08286189188665095, 'ALE': 0.0799909244502482, 'DNP': 0.06574088362916439, 'LPP': 0.056594474222792256, 'CDR': 0.05397107909129, 'SPL': 0.05445598852479858, 'CPS': 0.03423870727879813, 'PGE': 0.032369230788882215, 'OPL': 0.0231675653715266, 'ACP': 0.019800634825677895, 'CCC': 0.01589143020051913, 'TPE': 0.014025358371062195, 'JSW': 0.009413115911921996, 'MRC': 0.0016170512487377442, 'PBG': 0.16906149119362865}"
838,2022-03-18,144931.3075765149,-2.9103830456733704e-11,"{'PKO': 0.15894629204791702, 'PEO': 0.10084930302050937, 'KGH': 0.09315100427565527, 'PKN': 0.0915149171095087, 'PZU': 0.08750523198211324, 'LPP': 0.06993848778497747, 'DNP': 0.06197421891142983, 'ALE': 0.05622672099097715, 'CDR': 0.05504098165229969, 'SPL': 0.05155370000476839, 'CPS': 0.03393927192001823, 'PGE': 0.026848148010787158, 'MBK': 0.02636177235712053, 'OPL': 0.023958504421356025, 'PCO': 0.021860413366323522, 'ACP': 0.019917030035550988, 'JSW': 0.01045548709091198, 'CCC': 0.009958515017775494}"
839,2022-03-21,143821.7236417469,-2.9103830456733704e-11,"{'PKO': 0.15894629204791702, 'PEO': 0.10084930302050937, 'KGH': 0.09315100427565527, 'PKN': 0.0915149171095087, 'PZU': 0.08750523198211324, 'LPP': 0.06993848778497747, 'DNP': 0.06197421891142983, 'ALE': 0.05622672099097715, 'CDR': 0.05504098165229969, 'SPL': 0.05155370000476839, 'CPS': 0.03393927192001823, 'PGE': 0.026848148010787158, 'MBK': 0.02636177235712053, 'OPL': 0.023958504421356025, 'PCO': 0.021860413366323522, 'ACP': 0.019917030035550988, 'JSW': 0.01045548709091198, 'CCC': 0.009958515017775494}"
840,2022-03-22,146053.63288450774,-2.9103830456733704e-11,"{'PKO': 0.15894629204791702, 'PEO': 0.10084930302050937, 'KGH': 0.09315100427565527, 'PKN': 0.0915149171095087, 'PZU': 0.08750523198211324, 'LPP': 0.06993848778497747, 'DNP': 0.06197421891142983, 'ALE': 0.05622672099097715, 'CDR': 0.05504098165229969, 'SPL': 0.05155370000476839, 'CPS': 0.03393927192001823, 'PGE': 0.026848148010787158, 'MBK': 0.02636177235712053, 'OPL': 0.023958504421356025, 'PCO': 0.021860413366323522, 'ACP': 0.019917030035550988, 'JSW': 0.01045548709091198, 'CCC': 0.009958515017775494}"
841,2022-03-23,145990.95835343894,-2.9103830456733704e-11,"{'PKO': 0.15894629204791702, 'PEO': 0.10084930302050937, 'KGH': 0.09315100427565527, 'PKN': 0.0915149171095087, 'PZU': 0.08750523198211324, 'LPP': 0.06993848778497747, 'DNP': 0.06197421891142983, 'ALE': 0.05622672099097715, 'CDR': 0.05504098165229969, 'SPL': 0.05155370000476839, 'CPS': 0.03393927192001823, 'PGE': 0.026848148010787158, 'MBK': 0.02636177235712053, 'OPL': 0.023958504421356025, 'PCO': 0.021860413366323522, 'ACP': 0.019917030035550988, 'JSW': 0.01045548709091198, 'CCC': 0.009958515017775494}"
842,2022-03-24,147212.86915571976,-2.9103830456733704e-11,"{'PKO': 0.15894629204791702, 'PEO': 0.10084930302050937, 'KGH': 0.09315100427565527, 'PKN': 0.0915149171095087, 'PZU': 0.08750523198211324, 'LPP': 0.06993848778497747, 'DNP': 0.06197421891142983, 'ALE': 0.05622672099097715, 'CDR': 0.05504098165229969, 'SPL': 0.05155370000476839, 'CPS': 0.03393927192001823, 'PGE': 0.026848148010787158, 'MBK': 0.02636177235712053, 'OPL': 0.023958504421356025, 'PCO': 0.021860413366323522, 'ACP': 0.019917030035550988, 'JSW': 0.01045548709091198, 'CCC': 0.009958515017775494}"
843,2022-03-25,145548.16040066147,-2.9103830456733704e-11,"{'PKO': 0.15894629204791702, 'PEO': 0.10084930302050937, 'KGH': 0.09315100427565527, 'PKN': 0.0915149171095087, 'PZU': 0.08750523198211324, 'LPP': 0.06993848778497747, 'DNP': 0.06197421891142983, 'ALE': 0.05622672099097715, 'CDR': 0.05504098165229969, 'SPL': 0.05155370000476839, 'CPS': 0.03393927192001823, 'PGE': 0.026848148010787158, 'MBK': 0.02636177235712053, 'OPL': 0.023958504421356025, 'PCO': 0.021860413366323522, 'ACP': 0.019917030035550988, 'JSW': 0.01045548709091198, 'CCC': 0.009958515017775494}"
844,2022-03-28,146152.99467032973,-2.9103830456733704e-11,"{'PKO': 0.15894629204791702, 'PEO': 0.10084930302050937, 'KGH': 0.09315100427565527, 'PKN': 0.0915149171095087, 'PZU': 0.08750523198211324, 'LPP': 0.06993848778497747, 'DNP': 0.06197421891142983, 'ALE': 0.05622672099097715, 'CDR': 0.05504098165229969, 'SPL': 0.05155370000476839, 'CPS': 0.03393927192001823, 'PGE': 0.026848148010787158, 'MBK': 0.02636177235712053, 'OPL': 0.023958504421356025, 'PCO': 0.021860413366323522, 'ACP': 0.019917030035550988, 'JSW': 0.01045548709091198, 'CCC': 0.009958515017775494}"
845,2022-03-29,150722.19726445642,-2.9103830456733704e-11,"{'PKO': 0.15894629204791702, 'PEO': 0.10084930302050937, 'KGH': 0.09315100427565527, 'PKN': 0.0915149171095087, 'PZU': 0.08750523198211324, 'LPP': 0.06993848778497747, 'DNP': 0.06197421891142983, 'ALE': 0.05622672099097715, 'CDR': 0.05504098165229969, 'SPL': 0.05155370000476839, 'CPS': 0.03393927192001823, 'PGE': 0.026848148010787158, 'MBK': 0.02636177235712053, 'OPL': 0.023958504421356025, 'PCO': 0.021860413366323522, 'ACP': 0.019917030035550988, 'JSW': 0.01045548709091198, 'CCC': 0.009958515017775494}"
846,2022-03-30,151348.9975799729,-2.9103830456733704e-11,"{'PKO': 0.15894629204791702, 'PEO': 0.10084930302050937, 'KGH': 0.09315100427565527, 'PKN': 0.0915149171095087, 'PZU': 0.08750523198211324, 'LPP': 0.06993848778497747, 'DNP': 0.06197421891142983, 'ALE': 0.05622672099097715, 'CDR': 0.05504098165229969, 'SPL': 0.05155370000476839, 'CPS': 0.03393927192001823, 'PGE': 0.026848148010787158, 'MBK': 0.02636177235712053, 'OPL': 0.023958504421356025, 'PCO': 0.021860413366323522, 'ACP': 0.019917030035550988, 'JSW': 0.01045548709091198, 'CCC': 0.009958515017775494}"
847,2022-03-31,147837.4667620973,-2.9103830456733704e-11,"{'PKO': 0.15894629204791702, 'PEO': 0.10084930302050937, 'KGH': 0.09315100427565527, 'PKN': 0.0915149171095087, 'PZU': 0.08750523198211324, 'LPP': 0.06993848778497747, 'DNP': 0.06197421891142983, 'ALE': 0.05622672099097715, 'CDR': 0.05504098165229969, 'SPL': 0.05155370000476839, 'CPS': 0.03393927192001823, 'PGE': 0.026848148010787158, 'MBK': 0.02636177235712053, 'OPL': 0.023958504421356025, 'PCO': 0.021860413366323522, 'ACP': 0.019917030035550988, 'JSW': 0.01045548709091198, 'CCC': 0.009958515017775494}"
848,2022-04-01,150230.75626956212,-2.9103830456733704e-11,"{'PKO': 0.15894629204791702, 'PEO': 0.10084930302050937, 'KGH': 0.09315100427565527, 'PKN': 0.0915149171095087, 'PZU': 0.08750523198211324, 'LPP': 0.06993848778497747, 'DNP': 0.06197421891142983, 'ALE': 0.05622672099097715, 'CDR': 0.05504098165229969, 'SPL': 0.05155370000476839, 'CPS': 0.03393927192001823, 'PGE': 0.026848148010787158, 'MBK': 0.02636177235712053, 'OPL': 0.023958504421356025, 'PCO': 0.021860413366323522, 'ACP': 0.019917030035550988, 'JSW': 0.01045548709091198, 'CCC': 0.009958515017775494}"
849,2022-04-04,149775.55109382028,-2.9103830456733704e-11,"{'PKO': 0.15894629204791702, 'PEO': 0.10084930302050937, 'KGH': 0.09315100427565527, 'PKN': 0.0915149171095087, 'PZU': 0.08750523198211324, 'LPP': 0.06993848778497747, 'DNP': 0.06197421891142983, 'ALE': 0.05622672099097715, 'CDR': 0.05504098165229969, 'SPL': 0.05155370000476839, 'CPS': 0.03393927192001823, 'PGE': 0.026848148010787158, 'MBK': 0.02636177235712053, 'OPL': 0.023958504421356025, 'PCO': 0.021860413366323522, 'ACP': 0.019917030035550988, 'JSW': 0.01045548709091198, 'CCC': 0.009958515017775494}"
850,2022-04-05,147172.7051546486,-2.9103830456733704e-11,"{'PKO': 0.15894629204791702, 'PEO': 0.10084930302050937, 'KGH': 0.09315100427565527, 'PKN': 0.0915149171095087, 'PZU': 0.08750523198211324, 'LPP': 0.06993848778497747, 'DNP': 0.06197421891142983, 'ALE': 0.05622672099097715, 'CDR': 0.05504098165229969, 'SPL': 0.05155370000476839, 'CPS': 0.03393927192001823, 'PGE': 0.026848148010787158, 'MBK': 0.02636177235712053, 'OPL': 0.023958504421356025, 'PCO': 0.021860413366323522, 'ACP': 0.019917030035550988, 'JSW': 0.01045548709091198, 'CCC': 0.009958515017775494}"
851,2022-04-06,145522.28679993658,-2.9103830456733704e-11,"{'PKO': 0.15894629204791702, 'PEO': 0.10084930302050937, 'KGH': 0.09315100427565527, 'PKN': 0.0915149171095087, 'PZU': 0.08750523198211324, 'LPP': 0.06993848778497747, 'DNP': 0.06197421891142983, 'ALE': 0.05622672099097715, 'CDR': 0.05504098165229969, 'SPL': 0.05155370000476839, 'CPS': 0.03393927192001823, 'PGE': 0.026848148010787158, 'MBK': 0.02636177235712053, 'OPL': 0.023958504421356025, 'PCO': 0.021860413366323522, 'ACP': 0.019917030035550988, 'JSW': 0.01045548709091198, 'CCC': 0.009958515017775494}"
852,2022-04-07,143653.99597429138,-2.9103830456733704e-11,"{'PKO': 0.15894629204791702, 'PEO': 0.10084930302050937, 'KGH': 0.09315100427565527, 'PKN': 0.0915149171095087, 'PZU': 0.08750523198211324, 'LPP': 0.06993848778497747, 'DNP': 0.06197421891142983, 'ALE': 0.05622672099097715, 'CDR': 0.05504098165229969, 'SPL': 0.05155370000476839, 'CPS': 0.03393927192001823, 'PGE': 0.026848148010787158, 'MBK': 0.02636177235712053, 'OPL': 0.023958504421356025, 'PCO': 0.021860413366323522, 'ACP': 0.019917030035550988, 'JSW': 0.01045548709091198, 'CCC': 0.009958515017775494}"
853,2022-04-08,143808.34417151505,-2.9103830456733704e-11,"{'PKO': 0.15894629204791702, 'PEO': 0.10084930302050937, 'KGH': 0.09315100427565527, 'PKN': 0.0915149171095087, 'PZU': 0.08750523198211324, 'LPP': 0.06993848778497747, 'DNP': 0.06197421891142983, 'ALE': 0.05622672099097715, 'CDR': 0.05504098165229969, 'SPL': 0.05155370000476839, 'CPS': 0.03393927192001823, 'PGE': 0.026848148010787158, 'MBK': 0.02636177235712053, 'OPL': 0.023958504421356025, 'PCO': 0.021860413366323522, 'ACP': 0.019917030035550988, 'JSW': 0.01045548709091198, 'CCC': 0.009958515017775494}"
854,2022-04-11,146088.2870632914,-2.9103830456733704e-11,"{'PKO': 0.15894629204791702, 'PEO': 0.10084930302050937, 'KGH': 0.09315100427565527, 'PKN': 0.0915149171095087, 'PZU': 0.08750523198211324, 'LPP': 0.06993848778497747, 'DNP': 0.06197421891142983, 'ALE': 0.05622672099097715, 'CDR': 0.05504098165229969, 'SPL': 0.05155370000476839, 'CPS': 0.03393927192001823, 'PGE': 0.026848148010787158, 'MBK': 0.02636177235712053, 'OPL': 0.023958504421356025, 'PCO': 0.021860413366323522, 'ACP': 0.019917030035550988, 'JSW': 0.01045548709091198, 'CCC': 0.009958515017775494}"
855,2022-04-12,143643.80038919786,-2.9103830456733704e-11,"{'PKO': 0.15894629204791702, 'PEO': 0.10084930302050937, 'KGH': 0.09315100427565527, 'PKN': 0.0915149171095087, 'PZU': 0.08750523198211324, 'LPP': 0.06993848778497747, 'DNP': 0.06197421891142983, 'ALE': 0.05622672099097715, 'CDR': 0.05504098165229969, 'SPL': 0.05155370000476839, 'CPS': 0.03393927192001823, 'PGE': 0.026848148010787158, 'MBK': 0.02636177235712053, 'OPL': 0.023958504421356025, 'PCO': 0.021860413366323522, 'ACP': 0.019917030035550988, 'JSW': 0.01045548709091198, 'CCC': 0.009958515017775494}"
856,2022-04-13,144015.50284322846,-2.9103830456733704e-11,"{'PKO': 0.15894629204791702, 'PEO': 0.10084930302050937, 'KGH': 0.09315100427565527, 'PKN': 0.0915149171095087, 'PZU': 0.08750523198211324, 'LPP': 0.06993848778497747, 'DNP': 0.06197421891142983, 'ALE': 0.05622672099097715, 'CDR': 0.05504098165229969, 'SPL': 0.05155370000476839, 'CPS': 0.03393927192001823, 'PGE': 0.026848148010787158, 'MBK': 0.02636177235712053, 'OPL': 0.023958504421356025, 'PCO': 0.021860413366323522, 'ACP': 0.019917030035550988, 'JSW': 0.01045548709091198, 'CCC': 0.009958515017775494}"
857,2022-04-14,143281.3642664764,-2.9103830456733704e-11,"{'PKO': 0.15894629204791702, 'PEO': 0.10084930302050937, 'KGH': 0.09315100427565527, 'PKN': 0.0915149171095087, 'PZU': 0.08750523198211324, 'LPP': 0.06993848778497747, 'DNP': 0.06197421891142983, 'ALE': 0.05622672099097715, 'CDR': 0.05504098165229969, 'SPL': 0.05155370000476839, 'CPS': 0.03393927192001823, 'PGE': 0.026848148010787158, 'MBK': 0.02636177235712053, 'OPL': 0.023958504421356025, 'PCO': 0.021860413366323522, 'ACP': 0.019917030035550988, 'JSW': 0.01045548709091198, 'CCC': 0.009958515017775494}"
858,2022-04-15,143281.3642664764,-2.9103830456733704e-11,"{'PKO': 0.15894629204791702, 'PEO': 0.10084930302050937, 'KGH': 0.09315100427565527, 'PKN': 0.0915149171095087, 'PZU': 0.08750523198211324, 'LPP': 0.06993848778497747, 'DNP': 0.06197421891142983, 'ALE': 0.05622672099097715, 'CDR': 0.05504098165229969, 'SPL': 0.05155370000476839, 'CPS': 0.03393927192001823, 'PGE': 0.026848148010787158, 'MBK': 0.02636177235712053, 'OPL': 0.023958504421356025, 'PCO': 0.021860413366323522, 'ACP': 0.019917030035550988, 'JSW': 0.01045548709091198, 'CCC': 0.009958515017775494}"
859,2022-04-18,143281.3642664764,-2.9103830456733704e-11,"{'PKO': 0.15894629204791702, 'PEO': 0.10084930302050937, 'KGH': 0.09315100427565527, 'PKN': 0.0915149171095087, 'PZU': 0.08750523198211324, 'LPP': 0.06993848778497747, 'DNP': 0.06197421891142983, 'ALE': 0.05622672099097715, 'CDR': 0.05504098165229969, 'SPL': 0.05155370000476839, 'CPS': 0.03393927192001823, 'PGE': 0.026848148010787158, 'MBK': 0.02636177235712053, 'OPL': 0.023958504421356025, 'PCO': 0.021860413366323522, 'ACP': 0.019917030035550988, 'JSW': 0.01045548709091198, 'CCC': 0.009958515017775494}"
860,2022-04-19,141116.44178294783,-2.9103830456733704e-11,"{'PKO': 0.15894629204791702, 'PEO': 0.10084930302050937, 'KGH': 0.09315100427565527, 'PKN': 0.0915149171095087, 'PZU': 0.08750523198211324, 'LPP': 0.06993848778497747, 'DNP': 0.06197421891142983, 'ALE': 0.05622672099097715, 'CDR': 0.05504098165229969, 'SPL': 0.05155370000476839, 'CPS': 0.03393927192001823, 'PGE': 0.026848148010787158, 'MBK': 0.02636177235712053, 'OPL': 0.023958504421356025, 'PCO': 0.021860413366323522, 'ACP': 0.019917030035550988, 'JSW': 0.01045548709091198, 'CCC': 0.009958515017775494}"
861,2022-04-20,140144.70010355965,-2.9103830456733704e-11,"{'PKO': 0.15894629204791702, 'PEO': 0.10084930302050937, 'KGH': 0.09315100427565527, 'PKN': 0.0915149171095087, 'PZU': 0.08750523198211324, 'LPP': 0.06993848778497747, 'DNP': 0.06197421891142983, 'ALE': 0.05622672099097715, 'CDR': 0.05504098165229969, 'SPL': 0.05155370000476839, 'CPS': 0.03393927192001823, 'PGE': 0.026848148010787158, 'MBK': 0.02636177235712053, 'OPL': 0.023958504421356025, 'PCO': 0.021860413366323522, 'ACP': 0.019917030035550988, 'JSW': 0.01045548709091198, 'CCC': 0.009958515017775494}"
862,2022-04-21,139260.98595190668,-2.9103830456733704e-11,"{'PKO': 0.15894629204791702, 'PEO': 0.10084930302050937, 'KGH': 0.09315100427565527, 'PKN': 0.0915149171095087, 'PZU': 0.08750523198211324, 'LPP': 0.06993848778497747, 'DNP': 0.06197421891142983, 'ALE': 0.05622672099097715, 'CDR': 0.05504098165229969, 'SPL': 0.05155370000476839, 'CPS': 0.03393927192001823, 'PGE': 0.026848148010787158, 'MBK': 0.02636177235712053, 'OPL': 0.023958504421356025, 'PCO': 0.021860413366323522, 'ACP': 0.019917030035550988, 'JSW': 0.01045548709091198, 'CCC': 0.009958515017775494}"
863,2022-04-22,135262.95555917022,-2.9103830456733704e-11,"{'PKO': 0.15894629204791702, 'PEO': 0.10084930302050937, 'KGH': 0.09315100427565527, 'PKN': 0.0915149171095087, 'PZU': 0.08750523198211324, 'LPP': 0.06993848778497747, 'DNP': 0.06197421891142983, 'ALE': 0.05622672099097715, 'CDR': 0.05504098165229969, 'SPL': 0.05155370000476839, 'CPS': 0.03393927192001823, 'PGE': 0.026848148010787158, 'MBK': 0.02636177235712053, 'OPL': 0.023958504421356025, 'PCO': 0.021860413366323522, 'ACP': 0.019917030035550988, 'JSW': 0.01045548709091198, 'CCC': 0.009958515017775494}"
864,2022-04-25,131236.41545506936,-2.9103830456733704e-11,"{'PKO': 0.15894629204791702, 'PEO': 0.10084930302050937, 'KGH': 0.09315100427565527, 'PKN': 0.0915149171095087, 'PZU': 0.08750523198211324, 'LPP': 0.06993848778497747, 'DNP': 0.06197421891142983, 'ALE': 0.05622672099097715, 'CDR': 0.05504098165229969, 'SPL': 0.05155370000476839, 'CPS': 0.03393927192001823, 'PGE': 0.026848148010787158, 'MBK': 0.02636177235712053, 'OPL': 0.023958504421356025, 'PCO': 0.021860413366323522, 'ACP': 0.019917030035550988, 'JSW': 0.01045548709091198, 'CCC': 0.009958515017775494}"
865,2022-04-26,129716.00343875741,-2.9103830456733704e-11,"{'PKO': 0.15894629204791702, 'PEO': 0.10084930302050937, 'KGH': 0.09315100427565527, 'PKN': 0.0915149171095087, 'PZU': 0.08750523198211324, 'LPP': 0.06993848778497747, 'DNP': 0.06197421891142983, 'ALE': 0.05622672099097715, 'CDR': 0.05504098165229969, 'SPL': 0.05155370000476839, 'CPS': 0.03393927192001823, 'PGE': 0.026848148010787158, 'MBK': 0.02636177235712053, 'OPL': 0.023958504421356025, 'PCO': 0.021860413366323522, 'ACP': 0.019917030035550988, 'JSW': 0.01045548709091198, 'CCC': 0.009958515017775494}"
866,2022-04-27,128355.0383508623,-2.9103830456733704e-11,"{'PKO': 0.15894629204791702, 'PEO': 0.10084930302050937, 'KGH': 0.09315100427565527, 'PKN': 0.0915149171095087, 'PZU': 0.08750523198211324, 'LPP': 0.06993848778497747, 'DNP': 0.06197421891142983, 'ALE': 0.05622672099097715, 'CDR': 0.05504098165229969, 'SPL': 0.05155370000476839, 'CPS': 0.03393927192001823, 'PGE': 0.026848148010787158, 'MBK': 0.02636177235712053, 'OPL': 0.023958504421356025, 'PCO': 0.021860413366323522, 'ACP': 0.019917030035550988, 'JSW': 0.01045548709091198, 'CCC': 0.009958515017775494}"
867,2022-04-28,128256.03781815253,-2.9103830456733704e-11,"{'PKO': 0.15894629204791702, 'PEO': 0.10084930302050937, 'KGH': 0.09315100427565527, 'PKN': 0.0915149171095087, 'PZU': 0.08750523198211324, 'LPP': 0.06993848778497747, 'DNP': 0.06197421891142983, 'ALE': 0.05622672099097715, 'CDR': 0.05504098165229969, 'SPL': 0.05155370000476839, 'CPS': 0.03393927192001823, 'PGE': 0.026848148010787158, 'MBK': 0.02636177235712053, 'OPL': 0.023958504421356025, 'PCO': 0.021860413366323522, 'ACP': 0.019917030035550988, 'JSW': 0.01045548709091198, 'CCC': 0.009958515017775494}"
868,2022-04-29,126285.3425930806,-2.9103830456733704e-11,"{'PKO': 0.15894629204791702, 'PEO': 0.10084930302050937, 'KGH': 0.09315100427565527, 'PKN': 0.0915149171095087, 'PZU': 0.08750523198211324, 'LPP': 0.06993848778497747, 'DNP': 0.06197421891142983, 'ALE': 0.05622672099097715, 'CDR': 0.05504098165229969, 'SPL': 0.05155370000476839, 'CPS': 0.03393927192001823, 'PGE': 0.026848148010787158, 'MBK': 0.02636177235712053, 'OPL': 0.023958504421356025, 'PCO': 0.021860413366323522, 'ACP': 0.019917030035550988, 'JSW': 0.01045548709091198, 'CCC': 0.009958515017775494}"
869,2022-05-02,124125.37281699527,-2.9103830456733704e-11,"{'PKO': 0.15894629204791702, 'PEO': 0.10084930302050937, 'KGH': 0.09315100427565527, 'PKN': 0.0915149171095087, 'PZU': 0.08750523198211324, 'LPP': 0.06993848778497747, 'DNP': 0.06197421891142983, 'ALE': 0.05622672099097715, 'CDR': 0.05504098165229969, 'SPL': 0.05155370000476839, 'CPS': 0.03393927192001823, 'PGE': 0.026848148010787158, 'MBK': 0.02636177235712053, 'OPL': 0.023958504421356025, 'PCO': 0.021860413366323522, 'ACP': 0.019917030035550988, 'JSW': 0.01045548709091198, 'CCC': 0.009958515017775494}"
870,2022-05-03,124125.37281699527,-2.9103830456733704e-11,"{'PKO': 0.15894629204791702, 'PEO': 0.10084930302050937, 'KGH': 0.09315100427565527, 'PKN': 0.0915149171095087, 'PZU': 0.08750523198211324, 'LPP': 0.06993848778497747, 'DNP': 0.06197421891142983, 'ALE': 0.05622672099097715, 'CDR': 0.05504098165229969, 'SPL': 0.05155370000476839, 'CPS': 0.03393927192001823, 'PGE': 0.026848148010787158, 'MBK': 0.02636177235712053, 'OPL': 0.023958504421356025, 'PCO': 0.021860413366323522, 'ACP': 0.019917030035550988, 'JSW': 0.01045548709091198, 'CCC': 0.009958515017775494}"
871,2022-05-04,122911.15739717927,-2.9103830456733704e-11,"{'PKO': 0.15894629204791702, 'PEO': 0.10084930302050937, 'KGH': 0.09315100427565527, 'PKN': 0.0915149171095087, 'PZU': 0.08750523198211324, 'LPP': 0.06993848778497747, 'DNP': 0.06197421891142983, 'ALE': 0.05622672099097715, 'CDR': 0.05504098165229969, 'SPL': 0.05155370000476839, 'CPS': 0.03393927192001823, 'PGE': 0.026848148010787158, 'MBK': 0.02636177235712053, 'OPL': 0.023958504421356025, 'PCO': 0.021860413366323522, 'ACP': 0.019917030035550988, 'JSW': 0.01045548709091198, 'CCC': 0.009958515017775494}"
872,2022-05-05,119616.92680701359,-2.9103830456733704e-11,"{'PKO': 0.15894629204791702, 'PEO': 0.10084930302050937, 'KGH': 0.09315100427565527, 'PKN': 0.0915149171095087, 'PZU': 0.08750523198211324, 'LPP': 0.06993848778497747, 'DNP': 0.06197421891142983, 'ALE': 0.05622672099097715, 'CDR': 0.05504098165229969, 'SPL': 0.05155370000476839, 'CPS': 0.03393927192001823, 'PGE': 0.026848148010787158, 'MBK': 0.02636177235712053, 'OPL': 0.023958504421356025, 'PCO': 0.021860413366323522, 'ACP': 0.019917030035550988, 'JSW': 0.01045548709091198, 'CCC': 0.009958515017775494}"
873,2022-05-06,119114.93969599744,-2.9103830456733704e-11,"{'PKO': 0.15894629204791702, 'PEO': 0.10084930302050937, 'KGH': 0.09315100427565527, 'PKN': 0.0915149171095087, 'PZU': 0.08750523198211324, 'LPP': 0.06993848778497747, 'DNP': 0.06197421891142983, 'ALE': 0.05622672099097715, 'CDR': 0.05504098165229969, 'SPL': 0.05155370000476839, 'CPS': 0.03393927192001823, 'PGE': 0.026848148010787158, 'MBK': 0.02636177235712053, 'OPL': 0.023958504421356025, 'PCO': 0.021860413366323522, 'ACP': 0.019917030035550988, 'JSW': 0.01045548709091198, 'CCC': 0.009958515017775494}"
874,2022-05-09,116593.20437995253,-2.9103830456733704e-11,"{'PKO': 0.15894629204791702, 'PEO': 0.10084930302050937, 'KGH': 0.09315100427565527, 'PKN': 0.0915149171095087, 'PZU': 0.08750523198211324, 'LPP': 0.06993848778497747, 'DNP': 0.06197421891142983, 'ALE': 0.05622672099097715, 'CDR': 0.05504098165229969, 'SPL': 0.05155370000476839, 'CPS': 0.03393927192001823, 'PGE': 0.026848148010787158, 'MBK': 0.02636177235712053, 'OPL': 0.023958504421356025, 'PCO': 0.021860413366323522, 'ACP': 0.019917030035550988, 'JSW': 0.01045548709091198, 'CCC': 0.009958515017775494}"
875,2022-05-10,116391.50237941093,-2.9103830456733704e-11,"{'PKO': 0.15894629204791702, 'PEO': 0.10084930302050937, 'KGH': 0.09315100427565527, 'PKN': 0.0915149171095087, 'PZU': 0.08750523198211324, 'LPP': 0.06993848778497747, 'DNP': 0.06197421891142983, 'ALE': 0.05622672099097715, 'CDR': 0.05504098165229969, 'SPL': 0.05155370000476839, 'CPS': 0.03393927192001823, 'PGE': 0.026848148010787158, 'MBK': 0.02636177235712053, 'OPL': 0.023958504421356025, 'PCO': 0.021860413366323522, 'ACP': 0.019917030035550988, 'JSW': 0.01045548709091198, 'CCC': 0.009958515017775494}"
876,2022-05-11,116463.66246768871,-2.9103830456733704e-11,"{'PKO': 0.15894629204791702, 'PEO': 0.10084930302050937, 'KGH': 0.09315100427565527, 'PKN': 0.0915149171095087, 'PZU': 0.08750523198211324, 'LPP': 0.06993848778497747, 'DNP': 0.06197421891142983, 'ALE': 0.05622672099097715, 'CDR': 0.05504098165229969, 'SPL': 0.05155370000476839, 'CPS': 0.03393927192001823, 'PGE': 0.026848148010787158, 'MBK': 0.02636177235712053, 'OPL': 0.023958504421356025, 'PCO': 0.021860413366323522, 'ACP': 0.019917030035550988, 'JSW': 0.01045548709091198, 'CCC': 0.009958515017775494}"
877,2022-05-12,114812.80133230105,-2.9103830456733704e-11,"{'PKO': 0.15894629204791702, 'PEO': 0.10084930302050937, 'KGH': 0.09315100427565527, 'PKN': 0.0915149171095087, 'PZU': 0.08750523198211324, 'LPP': 0.06993848778497747, 'DNP': 0.06197421891142983, 'ALE': 0.05622672099097715, 'CDR': 0.05504098165229969, 'SPL': 0.05155370000476839, 'CPS': 0.03393927192001823, 'PGE': 0.026848148010787158, 'MBK': 0.02636177235712053, 'OPL': 0.023958504421356025, 'PCO': 0.021860413366323522, 'ACP': 0.019917030035550988, 'JSW': 0.01045548709091198, 'CCC': 0.009958515017775494}"
878,2022-05-13,119947.58570382562,-2.9103830456733704e-11,"{'PKO': 0.15894629204791702, 'PEO': 0.10084930302050937, 'KGH': 0.09315100427565527, 'PKN': 0.0915149171095087, 'PZU': 0.08750523198211324, 'LPP': 0.06993848778497747, 'DNP': 0.06197421891142983, 'ALE': 0.05622672099097715, 'CDR': 0.05504098165229969, 'SPL': 0.05155370000476839, 'CPS': 0.03393927192001823, 'PGE': 0.026848148010787158, 'MBK': 0.02636177235712053, 'OPL': 0.023958504421356025, 'PCO': 0.021860413366323522, 'ACP': 0.019917030035550988, 'JSW': 0.01045548709091198, 'CCC': 0.009958515017775494}"
879,2022-05-16,119620.06429008285,-2.9103830456733704e-11,"{'PKO': 0.15894629204791702, 'PEO': 0.10084930302050937, 'KGH': 0.09315100427565527, 'PKN': 0.0915149171095087, 'PZU': 0.08750523198211324, 'LPP': 0.06993848778497747, 'DNP': 0.06197421891142983, 'ALE': 0.05622672099097715, 'CDR': 0.05504098165229969, 'SPL': 0.05155370000476839, 'CPS': 0.03393927192001823, 'PGE': 0.026848148010787158, 'MBK': 0.02636177235712053, 'OPL': 0.023958504421356025, 'PCO': 0.021860413366323522, 'ACP': 0.019917030035550988, 'JSW': 0.01045548709091198, 'CCC': 0.009958515017775494}"
880,2022-05-17,122787.97298086996,-2.9103830456733704e-11,"{'PKO': 0.15894629204791702, 'PEO': 0.10084930302050937, 'KGH': 0.09315100427565527, 'PKN': 0.0915149171095087, 'PZU': 0.08750523198211324, 'LPP': 0.06993848778497747, 'DNP': 0.06197421891142983, 'ALE': 0.05622672099097715, 'CDR': 0.05504098165229969, 'SPL': 0.05155370000476839, 'CPS': 0.03393927192001823, 'PGE': 0.026848148010787158, 'MBK': 0.02636177235712053, 'OPL': 0.023958504421356025, 'PCO': 0.021860413366323522, 'ACP': 0.019917030035550988, 'JSW': 0.01045548709091198, 'CCC': 0.009958515017775494}"
881,2022-05-18,122853.7346419037,-2.9103830456733704e-11,"{'PKO': 0.15894629204791702, 'PEO': 0.10084930302050937, 'KGH': 0.09315100427565527, 'PKN': 0.0915149171095087, 'PZU': 0.08750523198211324, 'LPP': 0.06993848778497747, 'DNP': 0.06197421891142983, 'ALE': 0.05622672099097715, 'CDR': 0.05504098165229969, 'SPL': 0.05155370000476839, 'CPS': 0.03393927192001823, 'PGE': 0.026848148010787158, 'MBK': 0.02636177235712053, 'OPL': 0.023958504421356025, 'PCO': 0.021860413366323522, 'ACP': 0.019917030035550988, 'JSW': 0.01045548709091198, 'CCC': 0.009958515017775494}"
882,2022-05-19,120489.76012607585,-2.9103830456733704e-11,"{'PKO': 0.15894629204791702, 'PEO': 0.10084930302050937, 'KGH': 0.09315100427565527, 'PKN': 0.0915149171095087, 'PZU': 0.08750523198211324, 'LPP': 0.06993848778497747, 'DNP': 0.06197421891142983, 'ALE': 0.05622672099097715, 'CDR': 0.05504098165229969, 'SPL': 0.05155370000476839, 'CPS': 0.03393927192001823, 'PGE': 0.026848148010787158, 'MBK': 0.02636177235712053, 'OPL': 0.023958504421356025, 'PCO': 0.021860413366323522, 'ACP': 0.019917030035550988, 'JSW': 0.01045548709091198, 'CCC': 0.009958515017775494}"
883,2022-05-20,121100.14010465598,-2.9103830456733704e-11,"{'PKO': 0.15894629204791702, 'PEO': 0.10084930302050937, 'KGH': 0.09315100427565527, 'PKN': 0.0915149171095087, 'PZU': 0.08750523198211324, 'LPP': 0.06993848778497747, 'DNP': 0.06197421891142983, 'ALE': 0.05622672099097715, 'CDR': 0.05504098165229969, 'SPL': 0.05155370000476839, 'CPS': 0.03393927192001823, 'PGE': 0.026848148010787158, 'MBK': 0.02636177235712053, 'OPL': 0.023958504421356025, 'PCO': 0.021860413366323522, 'ACP': 0.019917030035550988, 'JSW': 0.01045548709091198, 'CCC': 0.009958515017775494}"
884,2022-05-23,124870.50789035963,-2.9103830456733704e-11,"{'PKO': 0.15894629204791702, 'PEO': 0.10084930302050937, 'KGH': 0.09315100427565527, 'PKN': 0.0915149171095087, 'PZU': 0.08750523198211324, 'LPP': 0.06993848778497747, 'DNP': 0.06197421891142983, 'ALE': 0.05622672099097715, 'CDR': 0.05504098165229969, 'SPL': 0.05155370000476839, 'CPS': 0.03393927192001823, 'PGE': 0.026848148010787158, 'MBK': 0.02636177235712053, 'OPL': 0.023958504421356025, 'PCO': 0.021860413366323522, 'ACP': 0.019917030035550988, 'JSW': 0.01045548709091198, 'CCC': 0.009958515017775494}"
885,2022-05-24,123233.38420661053,-2.9103830456733704e-11,"{'PKO': 0.15894629204791702, 'PEO': 0.10084930302050937, 'KGH': 0.09315100427565527, 'PKN': 0.0915149171095087, 'PZU': 0.08750523198211324, 'LPP': 0.06993848778497747, 'DNP': 0.06197421891142983, 'ALE': 0.05622672099097715, 'CDR': 0.05504098165229969, 'SPL': 0.05155370000476839, 'CPS': 0.03393927192001823, 'PGE': 0.026848148010787158, 'MBK': 0.02636177235712053, 'OPL': 0.023958504421356025, 'PCO': 0.021860413366323522, 'ACP': 0.019917030035550988, 'JSW': 0.01045548709091198, 'CCC': 0.009958515017775494}"
886,2022-05-25,121945.75302666341,-2.9103830456733704e-11,"{'PKO': 0.15894629204791702, 'PEO': 0.10084930302050937, 'KGH': 0.09315100427565527, 'PKN': 0.0915149171095087, 'PZU': 0.08750523198211324, 'LPP': 0.06993848778497747, 'DNP': 0.06197421891142983, 'ALE': 0.05622672099097715, 'CDR': 0.05504098165229969, 'SPL': 0.05155370000476839, 'CPS': 0.03393927192001823, 'PGE': 0.026848148010787158, 'MBK': 0.02636177235712053, 'OPL': 0.023958504421356025, 'PCO': 0.021860413366323522, 'ACP': 0.019917030035550988, 'JSW': 0.01045548709091198, 'CCC': 0.009958515017775494}"
887,2022-05-26,124102.76496858711,-2.9103830456733704e-11,"{'PKO': 0.15894629204791702, 'PEO': 0.10084930302050937, 'KGH': 0.09315100427565527, 'PKN': 0.0915149171095087, 'PZU': 0.08750523198211324, 'LPP': 0.06993848778497747, 'DNP': 0.06197421891142983, 'ALE': 0.05622672099097715, 'CDR': 0.05504098165229969, 'SPL': 0.05155370000476839, 'CPS': 0.03393927192001823, 'PGE': 0.026848148010787158, 'MBK': 0.02636177235712053, 'OPL': 0.023958504421356025, 'PCO': 0.021860413366323522, 'ACP': 0.019917030035550988, 'JSW': 0.01045548709091198, 'CCC': 0.009958515017775494}"
888,2022-05-27,123122.36905895961,-2.9103830456733704e-11,"{'PKO': 0.15894629204791702, 'PEO': 0.10084930302050937, 'KGH': 0.09315100427565527, 'PKN': 0.0915149171095087, 'PZU': 0.08750523198211324, 'LPP': 0.06993848778497747, 'DNP': 0.06197421891142983, 'ALE': 0.05622672099097715, 'CDR': 0.05504098165229969, 'SPL': 0.05155370000476839, 'CPS': 0.03393927192001823, 'PGE': 0.026848148010787158, 'MBK': 0.02636177235712053, 'OPL': 0.023958504421356025, 'PCO': 0.021860413366323522, 'ACP': 0.019917030035550988, 'JSW': 0.01045548709091198, 'CCC': 0.009958515017775494}"
889,2022-05-30,126608.92792820474,-2.9103830456733704e-11,"{'PKO': 0.15894629204791702, 'PEO': 0.10084930302050937, 'KGH': 0.09315100427565527, 'PKN': 0.0915149171095087, 'PZU': 0.08750523198211324, 'LPP': 0.06993848778497747, 'DNP': 0.06197421891142983, 'ALE': 0.05622672099097715, 'CDR': 0.05504098165229969, 'SPL': 0.05155370000476839, 'CPS': 0.03393927192001823, 'PGE': 0.026848148010787158, 'MBK': 0.02636177235712053, 'OPL': 0.023958504421356025, 'PCO': 0.021860413366323522, 'ACP': 0.019917030035550988, 'JSW': 0.01045548709091198, 'CCC': 0.009958515017775494}"
890,2022-05-31,125736.00420721184,-2.9103830456733704e-11,"{'PKO': 0.15894629204791702, 'PEO': 0.10084930302050937, 'KGH': 0.09315100427565527, 'PKN': 0.0915149171095087, 'PZU': 0.08750523198211324, 'LPP': 0.06993848778497747, 'DNP': 0.06197421891142983, 'ALE': 0.05622672099097715, 'CDR': 0.05504098165229969, 'SPL': 0.05155370000476839, 'CPS': 0.03393927192001823, 'PGE': 0.026848148010787158, 'MBK': 0.02636177235712053, 'OPL': 0.023958504421356025, 'PCO': 0.021860413366323522, 'ACP': 0.019917030035550988, 'JSW': 0.01045548709091198, 'CCC': 0.009958515017775494}"
891,2022-06-01,124410.11662069701,-2.9103830456733704e-11,"{'PKO': 0.15894629204791702, 'PEO': 0.10084930302050937, 'KGH': 0.09315100427565527, 'PKN': 0.0915149171095087, 'PZU': 0.08750523198211324, 'LPP': 0.06993848778497747, 'DNP': 0.06197421891142983, 'ALE': 0.05622672099097715, 'CDR': 0.05504098165229969, 'SPL': 0.05155370000476839, 'CPS': 0.03393927192001823, 'PGE': 0.026848148010787158, 'MBK': 0.02636177235712053, 'OPL': 0.023958504421356025, 'PCO': 0.021860413366323522, 'ACP': 0.019917030035550988, 'JSW': 0.01045548709091198, 'CCC': 0.009958515017775494}"
892,2022-06-02,125147.65103807345,-2.9103830456733704e-11,"{'PKO': 0.15894629204791702, 'PEO': 0.10084930302050937, 'KGH': 0.09315100427565527, 'PKN': 0.0915149171095087, 'PZU': 0.08750523198211324, 'LPP': 0.06993848778497747, 'DNP': 0.06197421891142983, 'ALE': 0.05622672099097715, 'CDR': 0.05504098165229969, 'SPL': 0.05155370000476839, 'CPS': 0.03393927192001823, 'PGE': 0.026848148010787158, 'MBK': 0.02636177235712053, 'OPL': 0.023958504421356025, 'PCO': 0.021860413366323522, 'ACP': 0.019917030035550988, 'JSW': 0.01045548709091198, 'CCC': 0.009958515017775494}"
893,2022-06-03,123579.24862730336,-2.9103830456733704e-11,"{'PKO': 0.15894629204791702, 'PEO': 0.10084930302050937, 'KGH': 0.09315100427565527, 'PKN': 0.0915149171095087, 'PZU': 0.08750523198211324, 'LPP': 0.06993848778497747, 'DNP': 0.06197421891142983, 'ALE': 0.05622672099097715, 'CDR': 0.05504098165229969, 'SPL': 0.05155370000476839, 'CPS': 0.03393927192001823, 'PGE': 0.026848148010787158, 'MBK': 0.02636177235712053, 'OPL': 0.023958504421356025, 'PCO': 0.021860413366323522, 'ACP': 0.019917030035550988, 'JSW': 0.01045548709091198, 'CCC': 0.009958515017775494}"
894,2022-06-06,125890.43855804589,-2.9103830456733704e-11,"{'PKO': 0.15894629204791702, 'PEO': 0.10084930302050937, 'KGH': 0.09315100427565527, 'PKN': 0.0915149171095087, 'PZU': 0.08750523198211324, 'LPP': 0.06993848778497747, 'DNP': 0.06197421891142983, 'ALE': 0.05622672099097715, 'CDR': 0.05504098165229969, 'SPL': 0.05155370000476839, 'CPS': 0.03393927192001823, 'PGE': 0.026848148010787158, 'MBK': 0.02636177235712053, 'OPL': 0.023958504421356025, 'PCO': 0.021860413366323522, 'ACP': 0.019917030035550988, 'JSW': 0.01045548709091198, 'CCC': 0.009958515017775494}"
895,2022-06-07,124175.29684710602,-2.9103830456733704e-11,"{'PKO': 0.15894629204791702, 'PEO': 0.10084930302050937, 'KGH': 0.09315100427565527, 'PKN': 0.0915149171095087, 'PZU': 0.08750523198211324, 'LPP': 0.06993848778497747, 'DNP': 0.06197421891142983, 'ALE': 0.05622672099097715, 'CDR': 0.05504098165229969, 'SPL': 0.05155370000476839, 'CPS': 0.03393927192001823, 'PGE': 0.026848148010787158, 'MBK': 0.02636177235712053, 'OPL': 0.023958504421356025, 'PCO': 0.021860413366323522, 'ACP': 0.019917030035550988, 'JSW': 0.01045548709091198, 'CCC': 0.009958515017775494}"
896,2022-06-08,121593.28204683086,-2.9103830456733704e-11,"{'PKO': 0.15894629204791702, 'PEO': 0.10084930302050937, 'KGH': 0.09315100427565527, 'PKN': 0.0915149171095087, 'PZU': 0.08750523198211324, 'LPP': 0.06993848778497747, 'DNP': 0.06197421891142983, 'ALE': 0.05622672099097715, 'CDR': 0.05504098165229969, 'SPL': 0.05155370000476839, 'CPS': 0.03393927192001823, 'PGE': 0.026848148010787158, 'MBK': 0.02636177235712053, 'OPL': 0.023958504421356025, 'PCO': 0.021860413366323522, 'ACP': 0.019917030035550988, 'JSW': 0.01045548709091198, 'CCC': 0.009958515017775494}"
897,2022-06-09,119845.08533939796,-2.9103830456733704e-11,"{'PKO': 0.15894629204791702, 'PEO': 0.10084930302050937, 'KGH': 0.09315100427565527, 'PKN': 0.0915149171095087, 'PZU': 0.08750523198211324, 'LPP': 0.06993848778497747, 'DNP': 0.06197421891142983, 'ALE': 0.05622672099097715, 'CDR': 0.05504098165229969, 'SPL': 0.05155370000476839, 'CPS': 0.03393927192001823, 'PGE': 0.026848148010787158, 'MBK': 0.02636177235712053, 'OPL': 0.023958504421356025, 'PCO': 0.021860413366323522, 'ACP': 0.019917030035550988, 'JSW': 0.01045548709091198, 'CCC': 0.009958515017775494}"
898,2022-06-10,116702.1493798303,-2.9103830456733704e-11,"{'PKO': 0.15894629204791702, 'PEO': 0.10084930302050937, 'KGH': 0.09315100427565527, 'PKN': 0.0915149171095087, 'PZU': 0.08750523198211324, 'LPP': 0.06993848778497747, 'DNP': 0.06197421891142983, 'ALE': 0.05622672099097715, 'CDR': 0.05504098165229969, 'SPL': 0.05155370000476839, 'CPS': 0.03393927192001823, 'PGE': 0.026848148010787158, 'MBK': 0.02636177235712053, 'OPL': 0.023958504421356025, 'PCO': 0.021860413366323522, 'ACP': 0.019917030035550988, 'JSW': 0.01045548709091198, 'CCC': 0.009958515017775494}"
899,2022-06-13,113417.44786242621,-2.9103830456733704e-11,"{'PKO': 0.15894629204791702, 'PEO': 0.10084930302050937, 'KGH': 0.09315100427565527, 'PKN': 0.0915149171095087, 'PZU': 0.08750523198211324, 'LPP': 0.06993848778497747, 'DNP': 0.06197421891142983, 'ALE': 0.05622672099097715, 'CDR': 0.05504098165229969, 'SPL': 0.05155370000476839, 'CPS': 0.03393927192001823, 'PGE': 0.026848148010787158, 'MBK': 0.02636177235712053, 'OPL': 0.023958504421356025, 'PCO': 0.021860413366323522, 'ACP': 0.019917030035550988, 'JSW': 0.01045548709091198, 'CCC': 0.009958515017775494}"
900,2022-06-14,114908.77679276932,-2.9103830456733704e-11,"{'PKO': 0.15894629204791702, 'PEO': 0.10084930302050937, 'KGH': 0.09315100427565527, 'PKN': 0.0915149171095087, 'PZU': 0.08750523198211324, 'LPP': 0.06993848778497747, 'DNP': 0.06197421891142983, 'ALE': 0.05622672099097715, 'CDR': 0.05504098165229969, 'SPL': 0.05155370000476839, 'CPS': 0.03393927192001823, 'PGE': 0.026848148010787158, 'MBK': 0.02636177235712053, 'OPL': 0.023958504421356025, 'PCO': 0.021860413366323522, 'ACP': 0.019917030035550988, 'JSW': 0.01045548709091198, 'CCC': 0.009958515017775494}"
901,2022-06-15,115026.79972239025,-2.9103830456733704e-11,"{'PKO': 0.15894629204791702, 'PEO': 0.10084930302050937, 'KGH': 0.09315100427565527, 'PKN': 0.0915149171095087, 'PZU': 0.08750523198211324, 'LPP': 0.06993848778497747, 'DNP': 0.06197421891142983, 'ALE': 0.05622672099097715, 'CDR': 0.05504098165229969, 'SPL': 0.05155370000476839, 'CPS': 0.03393927192001823, 'PGE': 0.026848148010787158, 'MBK': 0.02636177235712053, 'OPL': 0.023958504421356025, 'PCO': 0.021860413366323522, 'ACP': 0.019917030035550988, 'JSW': 0.01045548709091198, 'CCC': 0.009958515017775494}"
902,2022-06-16,115026.79972239025,-2.9103830456733704e-11,"{'PKO': 0.15894629204791702, 'PEO': 0.10084930302050937, 'KGH': 0.09315100427565527, 'PKN': 0.0915149171095087, 'PZU': 0.08750523198211324, 'LPP': 0.06993848778497747, 'DNP': 0.06197421891142983, 'ALE': 0.05622672099097715, 'CDR': 0.05504098165229969, 'SPL': 0.05155370000476839, 'CPS': 0.03393927192001823, 'PGE': 0.026848148010787158, 'MBK': 0.02636177235712053, 'OPL': 0.023958504421356025, 'PCO': 0.021860413366323522, 'ACP': 0.019917030035550988, 'JSW': 0.01045548709091198, 'CCC': 0.009958515017775494}"
903,2022-06-17,113117.80451637114,0.0,"{'PKO': 0.14095609701081416, 'PKN': 0.10974120617183807, 'KGH': 0.09872316521422282, 'PZU': 0.09340826179559365, 'PEO': 0.08703710130090964, 'DNP': 0.07807409849434566, 'LPP': 0.057762296610867944, 'ALE': 0.05523443701714737, 'CDR': 0.04526506196563586, 'SPL': 0.04465559946384651, 'PGE': 0.04176227925962235, 'CPS': 0.029802933228069112, 'PCO': 0.02632075512620862, 'ACP': 0.023403576959280966, 'OPL': 0.02105573653868677, 'JSW': 0.018997445029085024, 'MBK': 0.01845955641540617, 'CCC': 0.0093403923984193}"
904,2022-06-20,113692.32907331055,0.0,"{'PKO': 0.14095609701081416, 'PKN': 0.10974120617183807, 'KGH': 0.09872316521422282, 'PZU': 0.09340826179559365, 'PEO': 0.08703710130090964, 'DNP': 0.07807409849434566, 'LPP': 0.057762296610867944, 'ALE': 0.05523443701714737, 'CDR': 0.04526506196563586, 'SPL': 0.04465559946384651, 'PGE': 0.04176227925962235, 'CPS': 0.029802933228069112, 'PCO': 0.02632075512620862, 'ACP': 0.023403576959280966, 'OPL': 0.02105573653868677, 'JSW': 0.018997445029085024, 'MBK': 0.01845955641540617, 'CCC': 0.0093403923984193}"
905,2022-06-21,116301.61343143893,0.0,"{'PKO': 0.14095609701081416, 'PKN': 0.10974120617183807, 'KGH': 0.09872316521422282, 'PZU': 0.09340826179559365, 'PEO': 0.08703710130090964, 'DNP': 0.07807409849434566, 'LPP': 0.057762296610867944, 'ALE': 0.05523443701714737, 'CDR': 0.04526506196563586, 'SPL': 0.04465559946384651, 'PGE': 0.04176227925962235, 'CPS': 0.029802933228069112, 'PCO': 0.02632075512620862, 'ACP': 0.023403576959280966, 'OPL': 0.02105573653868677, 'JSW': 0.018997445029085024, 'MBK': 0.01845955641540617, 'CCC': 0.0093403923984193}"
906,2022-06-22,113903.31705682335,0.0,"{'PKO': 0.14095609701081416, 'PKN': 0.10974120617183807, 'KGH': 0.09872316521422282, 'PZU': 0.09340826179559365, 'PEO': 0.08703710130090964, 'DNP': 0.07807409849434566, 'LPP': 0.057762296610867944, 'ALE': 0.05523443701714737, 'CDR': 0.04526506196563586, 'SPL': 0.04465559946384651, 'PGE': 0.04176227925962235, 'CPS': 0.029802933228069112, 'PCO': 0.02632075512620862, 'ACP': 0.023403576959280966, 'OPL': 0.02105573653868677, 'JSW': 0.018997445029085024, 'MBK': 0.01845955641540617, 'CCC': 0.0093403923984193}"
907,2022-06-23,112417.58304494026,0.0,"{'PKO': 0.14095609701081416, 'PKN': 0.10974120617183807, 'KGH': 0.09872316521422282, 'PZU': 0.09340826179559365, 'PEO': 0.08703710130090964, 'DNP': 0.07807409849434566, 'LPP': 0.057762296610867944, 'ALE': 0.05523443701714737, 'CDR': 0.04526506196563586, 'SPL': 0.04465559946384651, 'PGE': 0.04176227925962235, 'CPS': 0.029802933228069112, 'PCO': 0.02632075512620862, 'ACP': 0.023403576959280966, 'OPL': 0.02105573653868677, 'JSW': 0.018997445029085024, 'MBK': 0.01845955641540617, 'CCC': 0.0093403923984193}"
908,2022-06-24,114532.3988388718,0.0,"{'PKO': 0.14095609701081416, 'PKN': 0.10974120617183807, 'KGH': 0.09872316521422282, 'PZU': 0.09340826179559365, 'PEO': 0.08703710130090964, 'DNP': 0.07807409849434566, 'LPP': 0.057762296610867944, 'ALE': 0.05523443701714737, 'CDR': 0.04526506196563586, 'SPL': 0.04465559946384651, 'PGE': 0.04176227925962235, 'CPS': 0.029802933228069112, 'PCO': 0.02632075512620862, 'ACP': 0.023403576959280966, 'OPL': 0.02105573653868677, 'JSW': 0.018997445029085024, 'MBK': 0.01845955641540617, 'CCC': 0.0093403923984193}"
909,2022-06-27,116404.64385333446,0.0,"{'PKO': 0.14095609701081416, 'PKN': 0.10974120617183807, 'KGH': 0.09872316521422282, 'PZU': 0.09340826179559365, 'PEO': 0.08703710130090964, 'DNP': 0.07807409849434566, 'LPP': 0.057762296610867944, 'ALE': 0.05523443701714737, 'CDR': 0.04526506196563586, 'SPL': 0.04465559946384651, 'PGE': 0.04176227925962235, 'CPS': 0.029802933228069112, 'PCO': 0.02632075512620862, 'ACP': 0.023403576959280966, 'OPL': 0.02105573653868677, 'JSW': 0.018997445029085024, 'MBK': 0.01845955641540617, 'CCC': 0.0093403923984193}"
910,2022-06-28,118101.67263656948,0.0,"{'PKO': 0.14095609701081416, 'PKN': 0.10974120617183807, 'KGH': 0.09872316521422282, 'PZU': 0.09340826179559365, 'PEO': 0.08703710130090964, 'DNP': 0.07807409849434566, 'LPP': 0.057762296610867944, 'ALE': 0.05523443701714737, 'CDR': 0.04526506196563586, 'SPL': 0.04465559946384651, 'PGE': 0.04176227925962235, 'CPS': 0.029802933228069112, 'PCO': 0.02632075512620862, 'ACP': 0.023403576959280966, 'OPL': 0.02105573653868677, 'JSW': 0.018997445029085024, 'MBK': 0.01845955641540617, 'CCC': 0.0093403923984193}"
911,2022-06-29,117552.39543200957,0.0,"{'PKO': 0.14095609701081416, 'PKN': 0.10974120617183807, 'KGH': 0.09872316521422282, 'PZU': 0.09340826179559365, 'PEO': 0.08703710130090964, 'DNP': 0.07807409849434566, 'LPP': 0.057762296610867944, 'ALE': 0.05523443701714737, 'CDR': 0.04526506196563586, 'SPL': 0.04465559946384651, 'PGE': 0.04176227925962235, 'CPS': 0.029802933228069112, 'PCO': 0.02632075512620862, 'ACP': 0.023403576959280966, 'OPL': 0.02105573653868677, 'JSW': 0.018997445029085024, 'MBK': 0.01845955641540617, 'CCC': 0.0093403923984193}"
912,2022-06-30,115164.61395904397,0.0,"{'PKO': 0.14095609701081416, 'PKN': 0.10974120617183807, 'KGH': 0.09872316521422282, 'PZU': 0.09340826179559365, 'PEO': 0.08703710130090964, 'DNP': 0.07807409849434566, 'LPP': 0.057762296610867944, 'ALE': 0.05523443701714737, 'CDR': 0.04526506196563586, 'SPL': 0.04465559946384651, 'PGE': 0.04176227925962235, 'CPS': 0.029802933228069112, 'PCO': 0.02632075512620862, 'ACP': 0.023403576959280966, 'OPL': 0.02105573653868677, 'JSW': 0.018997445029085024, 'MBK': 0.01845955641540617, 'CCC': 0.0093403923984193}"
913,2022-07-01,114651.25735277071,0.0,"{'PKO': 0.14095609701081416, 'PKN': 0.10974120617183807, 'KGH': 0.09872316521422282, 'PZU': 0.09340826179559365, 'PEO': 0.08703710130090964, 'DNP': 0.07807409849434566, 'LPP': 0.057762296610867944, 'ALE': 0.05523443701714737, 'CDR': 0.04526506196563586, 'SPL': 0.04465559946384651, 'PGE': 0.04176227925962235, 'CPS': 0.029802933228069112, 'PCO': 0.02632075512620862, 'ACP': 0.023403576959280966, 'OPL': 0.02105573653868677, 'JSW': 0.018997445029085024, 'MBK': 0.01845955641540617, 'CCC': 0.0093403923984193}"
914,2022-07-04,114641.50696236736,0.0,"{'PKO': 0.14095609701081416, 'PKN': 0.10974120617183807, 'KGH': 0.09872316521422282, 'PZU': 0.09340826179559365, 'PEO': 0.08703710130090964, 'DNP': 0.07807409849434566, 'LPP': 0.057762296610867944, 'ALE': 0.05523443701714737, 'CDR': 0.04526506196563586, 'SPL': 0.04465559946384651, 'PGE': 0.04176227925962235, 'CPS': 0.029802933228069112, 'PCO': 0.02632075512620862, 'ACP': 0.023403576959280966, 'OPL': 0.02105573653868677, 'JSW': 0.018997445029085024, 'MBK': 0.01845955641540617, 'CCC': 0.0093403923984193}"
915,2022-07-05,111457.41355864127,0.0,"{'PKO': 0.14095609701081416, 'PKN': 0.10974120617183807, 'KGH': 0.09872316521422282, 'PZU': 0.09340826179559365, 'PEO': 0.08703710130090964, 'DNP': 0.07807409849434566, 'LPP': 0.057762296610867944, 'ALE': 0.05523443701714737, 'CDR': 0.04526506196563586, 'SPL': 0.04465559946384651, 'PGE': 0.04176227925962235, 'CPS': 0.029802933228069112, 'PCO': 0.02632075512620862, 'ACP': 0.023403576959280966, 'OPL': 0.02105573653868677, 'JSW': 0.018997445029085024, 'MBK': 0.01845955641540617, 'CCC': 0.0093403923984193}"
916,2022-07-06,112963.28744985878,0.0,"{'PKO': 0.14095609701081416, 'PKN': 0.10974120617183807, 'KGH': 0.09872316521422282, 'PZU': 0.09340826179559365, 'PEO': 0.08703710130090964, 'DNP': 0.07807409849434566, 'LPP': 0.057762296610867944, 'ALE': 0.05523443701714737, 'CDR': 0.04526506196563586, 'SPL': 0.04465559946384651, 'PGE': 0.04176227925962235, 'CPS': 0.029802933228069112, 'PCO': 0.02632075512620862, 'ACP': 0.023403576959280966, 'OPL': 0.02105573653868677, 'JSW': 0.018997445029085024, 'MBK': 0.01845955641540617, 'CCC': 0.0093403923984193}"
917,2022-07-07,116618.09380743075,0.0,"{'PKO': 0.14095609701081416, 'PKN': 0.10974120617183807, 'KGH': 0.09872316521422282, 'PZU': 0.09340826179559365, 'PEO': 0.08703710130090964, 'DNP': 0.07807409849434566, 'LPP': 0.057762296610867944, 'ALE': 0.05523443701714737, 'CDR': 0.04526506196563586, 'SPL': 0.04465559946384651, 'PGE': 0.04176227925962235, 'CPS': 0.029802933228069112, 'PCO': 0.02632075512620862, 'ACP': 0.023403576959280966, 'OPL': 0.02105573653868677, 'JSW': 0.018997445029085024, 'MBK': 0.01845955641540617, 'CCC': 0.0093403923984193}"
918,2022-07-08,118596.29599966021,0.0,"{'PKO': 0.14095609701081416, 'PKN': 0.10974120617183807, 'KGH': 0.09872316521422282, 'PZU': 0.09340826179559365, 'PEO': 0.08703710130090964, 'DNP': 0.07807409849434566, 'LPP': 0.057762296610867944, 'ALE': 0.05523443701714737, 'CDR': 0.04526506196563586, 'SPL': 0.04465559946384651, 'PGE': 0.04176227925962235, 'CPS': 0.029802933228069112, 'PCO': 0.02632075512620862, 'ACP': 0.023403576959280966, 'OPL': 0.02105573653868677, 'JSW': 0.018997445029085024, 'MBK': 0.01845955641540617, 'CCC': 0.0093403923984193}"
919,2022-07-11,117168.45087681913,0.0,"{'PKO': 0.14095609701081416, 'PKN': 0.10974120617183807, 'KGH': 0.09872316521422282, 'PZU': 0.09340826179559365, 'PEO': 0.08703710130090964, 'DNP': 0.07807409849434566, 'LPP': 0.057762296610867944, 'ALE': 0.05523443701714737, 'CDR': 0.04526506196563586, 'SPL': 0.04465559946384651, 'PGE': 0.04176227925962235, 'CPS': 0.029802933228069112, 'PCO': 0.02632075512620862, 'ACP': 0.023403576959280966, 'OPL': 0.02105573653868677, 'JSW': 0.018997445029085024, 'MBK': 0.01845955641540617, 'CCC': 0.0093403923984193}"
920,2022-07-12,113672.07025242201,0.0,"{'PKO': 0.14095609701081416, 'PKN': 0.10974120617183807, 'KGH': 0.09872316521422282, 'PZU': 0.09340826179559365, 'PEO': 0.08703710130090964, 'DNP': 0.07807409849434566, 'LPP': 0.057762296610867944, 'ALE': 0.05523443701714737, 'CDR': 0.04526506196563586, 'SPL': 0.04465559946384651, 'PGE': 0.04176227925962235, 'CPS': 0.029802933228069112, 'PCO': 0.02632075512620862, 'ACP': 0.023403576959280966, 'OPL': 0.02105573653868677, 'JSW': 0.018997445029085024, 'MBK': 0.01845955641540617, 'CCC': 0.0093403923984193}"
921,2022-07-13,112764.66904161253,0.0,"{'PKO': 0.14095609701081416, 'PKN': 0.10974120617183807, 'KGH': 0.09872316521422282, 'PZU': 0.09340826179559365, 'PEO': 0.08703710130090964, 'DNP': 0.07807409849434566, 'LPP': 0.057762296610867944, 'ALE': 0.05523443701714737, 'CDR': 0.04526506196563586, 'SPL': 0.04465559946384651, 'PGE': 0.04176227925962235, 'CPS': 0.029802933228069112, 'PCO': 0.02632075512620862, 'ACP': 0.023403576959280966, 'OPL': 0.02105573653868677, 'JSW': 0.018997445029085024, 'MBK': 0.01845955641540617, 'CCC': 0.0093403923984193}"
922,2022-07-14,109977.68789764626,0.0,"{'PKO': 0.14095609701081416, 'PKN': 0.10974120617183807, 'KGH': 0.09872316521422282, 'PZU': 0.09340826179559365, 'PEO': 0.08703710130090964, 'DNP': 0.07807409849434566, 'LPP': 0.057762296610867944, 'ALE': 0.05523443701714737, 'CDR': 0.04526506196563586, 'SPL': 0.04465559946384651, 'PGE': 0.04176227925962235, 'CPS': 0.029802933228069112, 'PCO': 0.02632075512620862, 'ACP': 0.023403576959280966, 'OPL': 0.02105573653868677, 'JSW': 0.018997445029085024, 'MBK': 0.01845955641540617, 'CCC': 0.0093403923984193}"
923,2022-07-15,110414.38634818966,0.0,"{'PKO': 0.14095609701081416, 'PKN': 0.10974120617183807, 'KGH': 0.09872316521422282, 'PZU': 0.09340826179559365, 'PEO': 0.08703710130090964, 'DNP': 0.07807409849434566, 'LPP': 0.057762296610867944, 'ALE': 0.05523443701714737, 'CDR': 0.04526506196563586, 'SPL': 0.04465559946384651, 'PGE': 0.04176227925962235, 'CPS': 0.029802933228069112, 'PCO': 0.02632075512620862, 'ACP': 0.023403576959280966, 'OPL': 0.02105573653868677, 'JSW': 0.018997445029085024, 'MBK': 0.01845955641540617, 'CCC': 0.0093403923984193}"
924,2022-07-18,113583.82248903741,0.0,"{'PKO': 0.14095609701081416, 'PKN': 0.10974120617183807, 'KGH': 0.09872316521422282, 'PZU': 0.09340826179559365, 'PEO': 0.08703710130090964, 'DNP': 0.07807409849434566, 'LPP': 0.057762296610867944, 'ALE': 0.05523443701714737, 'CDR': 0.04526506196563586, 'SPL': 0.04465559946384651, 'PGE': 0.04176227925962235, 'CPS': 0.029802933228069112, 'PCO': 0.02632075512620862, 'ACP': 0.023403576959280966, 'OPL': 0.02105573653868677, 'JSW': 0.018997445029085024, 'MBK': 0.01845955641540617, 'CCC': 0.0093403923984193}"
925,2022-07-19,114187.86638186089,0.0,"{'PKO': 0.14095609701081416, 'PKN': 0.10974120617183807, 'KGH': 0.09872316521422282, 'PZU': 0.09340826179559365, 'PEO': 0.08703710130090964, 'DNP': 0.07807409849434566, 'LPP': 0.057762296610867944, 'ALE': 0.05523443701714737, 'CDR': 0.04526506196563586, 'SPL': 0.04465559946384651, 'PGE': 0.04176227925962235, 'CPS': 0.029802933228069112, 'PCO': 0.02632075512620862, 'ACP': 0.023403576959280966, 'OPL': 0.02105573653868677, 'JSW': 0.018997445029085024, 'MBK': 0.01845955641540617, 'CCC': 0.0093403923984193}"
926,2022-07-20,115368.30855104131,0.0,"{'PKO': 0.14095609701081416, 'PKN': 0.10974120617183807, 'KGH': 0.09872316521422282, 'PZU': 0.09340826179559365, 'PEO': 0.08703710130090964, 'DNP': 0.07807409849434566, 'LPP': 0.057762296610867944, 'ALE': 0.05523443701714737, 'CDR': 0.04526506196563586, 'SPL': 0.04465559946384651, 'PGE': 0.04176227925962235, 'CPS': 0.029802933228069112, 'PCO': 0.02632075512620862, 'ACP': 0.023403576959280966, 'OPL': 0.02105573653868677, 'JSW': 0.018997445029085024, 'MBK': 0.01845955641540617, 'CCC': 0.0093403923984193}"
927,2022-07-21,114570.91997385,0.0,"{'PKO': 0.14095609701081416, 'PKN': 0.10974120617183807, 'KGH': 0.09872316521422282, 'PZU': 0.09340826179559365, 'PEO': 0.08703710130090964, 'DNP': 0.07807409849434566, 'LPP': 0.057762296610867944, 'ALE': 0.05523443701714737, 'CDR': 0.04526506196563586, 'SPL': 0.04465559946384651, 'PGE': 0.04176227925962235, 'CPS': 0.029802933228069112, 'PCO': 0.02632075512620862, 'ACP': 0.023403576959280966, 'OPL': 0.02105573653868677, 'JSW': 0.018997445029085024, 'MBK': 0.01845955641540617, 'CCC': 0.0093403923984193}"
928,2022-07-22,115705.99102860905,0.0,"{'PKO': 0.14095609701081416, 'PKN': 0.10974120617183807, 'KGH': 0.09872316521422282, 'PZU': 0.09340826179559365, 'PEO': 0.08703710130090964, 'DNP': 0.07807409849434566, 'LPP': 0.057762296610867944, 'ALE': 0.05523443701714737, 'CDR': 0.04526506196563586, 'SPL': 0.04465559946384651, 'PGE': 0.04176227925962235, 'CPS': 0.029802933228069112, 'PCO': 0.02632075512620862, 'ACP': 0.023403576959280966, 'OPL': 0.02105573653868677, 'JSW': 0.018997445029085024, 'MBK': 0.01845955641540617, 'CCC': 0.0093403923984193}"
929,2022-07-25,114366.84456357146,0.0,"{'PKO': 0.14095609701081416, 'PKN': 0.10974120617183807, 'KGH': 0.09872316521422282, 'PZU': 0.09340826179559365, 'PEO': 0.08703710130090964, 'DNP': 0.07807409849434566, 'LPP': 0.057762296610867944, 'ALE': 0.05523443701714737, 'CDR': 0.04526506196563586, 'SPL': 0.04465559946384651, 'PGE': 0.04176227925962235, 'CPS': 0.029802933228069112, 'PCO': 0.02632075512620862, 'ACP': 0.023403576959280966, 'OPL': 0.02105573653868677, 'JSW': 0.018997445029085024, 'MBK': 0.01845955641540617, 'CCC': 0.0093403923984193}"
930,2022-07-26,112563.68565956567,0.0,"{'PKO': 0.14095609701081416, 'PKN': 0.10974120617183807, 'KGH': 0.09872316521422282, 'PZU': 0.09340826179559365, 'PEO': 0.08703710130090964, 'DNP': 0.07807409849434566, 'LPP': 0.057762296610867944, 'ALE': 0.05523443701714737, 'CDR': 0.04526506196563586, 'SPL': 0.04465559946384651, 'PGE': 0.04176227925962235, 'CPS': 0.029802933228069112, 'PCO': 0.02632075512620862, 'ACP': 0.023403576959280966, 'OPL': 0.02105573653868677, 'JSW': 0.018997445029085024, 'MBK': 0.01845955641540617, 'CCC': 0.0093403923984193}"
931,2022-07-27,112259.07051767307,0.0,"{'PKO': 0.14095609701081416, 'PKN': 0.10974120617183807, 'KGH': 0.09872316521422282, 'PZU': 0.09340826179559365, 'PEO': 0.08703710130090964, 'DNP': 0.07807409849434566, 'LPP': 0.057762296610867944, 'ALE': 0.05523443701714737, 'CDR': 0.04526506196563586, 'SPL': 0.04465559946384651, 'PGE': 0.04176227925962235, 'CPS': 0.029802933228069112, 'PCO': 0.02632075512620862, 'ACP': 0.023403576959280966, 'OPL': 0.02105573653868677, 'JSW': 0.018997445029085024, 'MBK': 0.01845955641540617, 'CCC': 0.0093403923984193}"
932,2022-07-28,113519.16840687359,0.0,"{'PKO': 0.14095609701081416, 'PKN': 0.10974120617183807, 'KGH': 0.09872316521422282, 'PZU': 0.09340826179559365, 'PEO': 0.08703710130090964, 'DNP': 0.07807409849434566, 'LPP': 0.057762296610867944, 'ALE': 0.05523443701714737, 'CDR': 0.04526506196563586, 'SPL': 0.04465559946384651, 'PGE': 0.04176227925962235, 'CPS': 0.029802933228069112, 'PCO': 0.02632075512620862, 'ACP': 0.023403576959280966, 'OPL': 0.02105573653868677, 'JSW': 0.018997445029085024, 'MBK': 0.01845955641540617, 'CCC': 0.0093403923984193}"
933,2022-07-29,116599.42978029093,0.0,"{'PKO': 0.14095609701081416, 'PKN': 0.10974120617183807, 'KGH': 0.09872316521422282, 'PZU': 0.09340826179559365, 'PEO': 0.08703710130090964, 'DNP': 0.07807409849434566, 'LPP': 0.057762296610867944, 'ALE': 0.05523443701714737, 'CDR': 0.04526506196563586, 'SPL': 0.04465559946384651, 'PGE': 0.04176227925962235, 'CPS': 0.029802933228069112, 'PCO': 0.02632075512620862, 'ACP': 0.023403576959280966, 'OPL': 0.02105573653868677, 'JSW': 0.018997445029085024, 'MBK': 0.01845955641540617, 'CCC': 0.0093403923984193}"
934,2022-08-01,117754.64202290833,0.0,"{'PKO': 0.14095609701081416, 'PKN': 0.10974120617183807, 'KGH': 0.09872316521422282, 'PZU': 0.09340826179559365, 'PEO': 0.08703710130090964, 'DNP': 0.07807409849434566, 'LPP': 0.057762296610867944, 'ALE': 0.05523443701714737, 'CDR': 0.04526506196563586, 'SPL': 0.04465559946384651, 'PGE': 0.04176227925962235, 'CPS': 0.029802933228069112, 'PCO': 0.02632075512620862, 'ACP': 0.023403576959280966, 'OPL': 0.02105573653868677, 'JSW': 0.018997445029085024, 'MBK': 0.01845955641540617, 'CCC': 0.0093403923984193}"
935,2022-08-02,116105.02998894516,0.0,"{'PKO': 0.14095609701081416, 'PKN': 0.10974120617183807, 'KGH': 0.09872316521422282, 'PZU': 0.09340826179559365, 'PEO': 0.08703710130090964, 'DNP': 0.07807409849434566, 'LPP': 0.057762296610867944, 'ALE': 0.05523443701714737, 'CDR': 0.04526506196563586, 'SPL': 0.04465559946384651, 'PGE': 0.04176227925962235, 'CPS': 0.029802933228069112, 'PCO': 0.02632075512620862, 'ACP': 0.023403576959280966, 'OPL': 0.02105573653868677, 'JSW': 0.018997445029085024, 'MBK': 0.01845955641540617, 'CCC': 0.0093403923984193}"
936,2022-08-03,115372.78859064054,0.0,"{'PKO': 0.14095609701081416, 'PKN': 0.10974120617183807, 'KGH': 0.09872316521422282, 'PZU': 0.09340826179559365, 'PEO': 0.08703710130090964, 'DNP': 0.07807409849434566, 'LPP': 0.057762296610867944, 'ALE': 0.05523443701714737, 'CDR': 0.04526506196563586, 'SPL': 0.04465559946384651, 'PGE': 0.04176227925962235, 'CPS': 0.029802933228069112, 'PCO': 0.02632075512620862, 'ACP': 0.023403576959280966, 'OPL': 0.02105573653868677, 'JSW': 0.018997445029085024, 'MBK': 0.01845955641540617, 'CCC': 0.0093403923984193}"
937,2022-08-04,114481.2025676642,0.0,"{'PKO': 0.14095609701081416, 'PKN': 0.10974120617183807, 'KGH': 0.09872316521422282, 'PZU': 0.09340826179559365, 'PEO': 0.08703710130090964, 'DNP': 0.07807409849434566, 'LPP': 0.057762296610867944, 'ALE': 0.05523443701714737, 'CDR': 0.04526506196563586, 'SPL': 0.04465559946384651, 'PGE': 0.04176227925962235, 'CPS': 0.029802933228069112, 'PCO': 0.02632075512620862, 'ACP': 0.023403576959280966, 'OPL': 0.02105573653868677, 'JSW': 0.018997445029085024, 'MBK': 0.01845955641540617, 'CCC': 0.0093403923984193}"
938,2022-08-05,113139.0434473156,0.0,"{'PKO': 0.14095609701081416, 'PKN': 0.10974120617183807, 'KGH': 0.09872316521422282, 'PZU': 0.09340826179559365, 'PEO': 0.08703710130090964, 'DNP': 0.07807409849434566, 'LPP': 0.057762296610867944, 'ALE': 0.05523443701714737, 'CDR': 0.04526506196563586, 'SPL': 0.04465559946384651, 'PGE': 0.04176227925962235, 'CPS': 0.029802933228069112, 'PCO': 0.02632075512620862, 'ACP': 0.023403576959280966, 'OPL': 0.02105573653868677, 'JSW': 0.018997445029085024, 'MBK': 0.01845955641540617, 'CCC': 0.0093403923984193}"
939,2022-08-08,116223.79661218735,0.0,"{'PKO': 0.14095609701081416, 'PKN': 0.10974120617183807, 'KGH': 0.09872316521422282, 'PZU': 0.09340826179559365, 'PEO': 0.08703710130090964, 'DNP': 0.07807409849434566, 'LPP': 0.057762296610867944, 'ALE': 0.05523443701714737, 'CDR': 0.04526506196563586, 'SPL': 0.04465559946384651, 'PGE': 0.04176227925962235, 'CPS': 0.029802933228069112, 'PCO': 0.02632075512620862, 'ACP': 0.023403576959280966, 'OPL': 0.02105573653868677, 'JSW': 0.018997445029085024, 'MBK': 0.01845955641540617, 'CCC': 0.0093403923984193}"
940,2022-08-09,115380.75031769741,0.0,"{'PKO': 0.14095609701081416, 'PKN': 0.10974120617183807, 'KGH': 0.09872316521422282, 'PZU': 0.09340826179559365, 'PEO': 0.08703710130090964, 'DNP': 0.07807409849434566, 'LPP': 0.057762296610867944, 'ALE': 0.05523443701714737, 'CDR': 0.04526506196563586, 'SPL': 0.04465559946384651, 'PGE': 0.04176227925962235, 'CPS': 0.029802933228069112, 'PCO': 0.02632075512620862, 'ACP': 0.023403576959280966, 'OPL': 0.02105573653868677, 'JSW': 0.018997445029085024, 'MBK': 0.01845955641540617, 'CCC': 0.0093403923984193}"
941,2022-08-10,116106.69156949373,0.0,"{'PKO': 0.14095609701081416, 'PKN': 0.10974120617183807, 'KGH': 0.09872316521422282, 'PZU': 0.09340826179559365, 'PEO': 0.08703710130090964, 'DNP': 0.07807409849434566, 'LPP': 0.057762296610867944, 'ALE': 0.05523443701714737, 'CDR': 0.04526506196563586, 'SPL': 0.04465559946384651, 'PGE': 0.04176227925962235, 'CPS': 0.029802933228069112, 'PCO': 0.02632075512620862, 'ACP': 0.023403576959280966, 'OPL': 0.02105573653868677, 'JSW': 0.018997445029085024, 'MBK': 0.01845955641540617, 'CCC': 0.0093403923984193}"
942,2022-08-11,118282.05730018654,0.0,"{'PKO': 0.14095609701081416, 'PKN': 0.10974120617183807, 'KGH': 0.09872316521422282, 'PZU': 0.09340826179559365, 'PEO': 0.08703710130090964, 'DNP': 0.07807409849434566, 'LPP': 0.057762296610867944, 'ALE': 0.05523443701714737, 'CDR': 0.04526506196563586, 'SPL': 0.04465559946384651, 'PGE': 0.04176227925962235, 'CPS': 0.029802933228069112, 'PCO': 0.02632075512620862, 'ACP': 0.023403576959280966, 'OPL': 0.02105573653868677, 'JSW': 0.018997445029085024, 'MBK': 0.01845955641540617, 'CCC': 0.0093403923984193}"
943,2022-08-12,118927.92342675239,0.0,"{'PKO': 0.14095609701081416, 'PKN': 0.10974120617183807, 'KGH': 0.09872316521422282, 'PZU': 0.09340826179559365, 'PEO': 0.08703710130090964, 'DNP': 0.07807409849434566, 'LPP': 0.057762296610867944, 'ALE': 0.05523443701714737, 'CDR': 0.04526506196563586, 'SPL': 0.04465559946384651, 'PGE': 0.04176227925962235, 'CPS': 0.029802933228069112, 'PCO': 0.02632075512620862, 'ACP': 0.023403576959280966, 'OPL': 0.02105573653868677, 'JSW': 0.018997445029085024, 'MBK': 0.01845955641540617, 'CCC': 0.0093403923984193}"
944,2022-08-15,118927.92342675239,0.0,"{'PKO': 0.14095609701081416, 'PKN': 0.10974120617183807, 'KGH': 0.09872316521422282, 'PZU': 0.09340826179559365, 'PEO': 0.08703710130090964, 'DNP': 0.07807409849434566, 'LPP': 0.057762296610867944, 'ALE': 0.05523443701714737, 'CDR': 0.04526506196563586, 'SPL': 0.04465559946384651, 'PGE': 0.04176227925962235, 'CPS': 0.029802933228069112, 'PCO': 0.02632075512620862, 'ACP': 0.023403576959280966, 'OPL': 0.02105573653868677, 'JSW': 0.018997445029085024, 'MBK': 0.01845955641540617, 'CCC': 0.0093403923984193}"
945,2022-08-16,119115.89818052853,0.0,"{'PKO': 0.14095609701081416, 'PKN': 0.10974120617183807, 'KGH': 0.09872316521422282, 'PZU': 0.09340826179559365, 'PEO': 0.08703710130090964, 'DNP': 0.07807409849434566, 'LPP': 0.057762296610867944, 'ALE': 0.05523443701714737, 'CDR': 0.04526506196563586, 'SPL': 0.04465559946384651, 'PGE': 0.04176227925962235, 'CPS': 0.029802933228069112, 'PCO': 0.02632075512620862, 'ACP': 0.023403576959280966, 'OPL': 0.02105573653868677, 'JSW': 0.018997445029085024, 'MBK': 0.01845955641540617, 'CCC': 0.0093403923984193}"
946,2022-08-17,115439.18159391878,0.0,"{'PKO': 0.14095609701081416, 'PKN': 0.10974120617183807, 'KGH': 0.09872316521422282, 'PZU': 0.09340826179559365, 'PEO': 0.08703710130090964, 'DNP': 0.07807409849434566, 'LPP': 0.057762296610867944, 'ALE': 0.05523443701714737, 'CDR': 0.04526506196563586, 'SPL': 0.04465559946384651, 'PGE': 0.04176227925962235, 'CPS': 0.029802933228069112, 'PCO': 0.02632075512620862, 'ACP': 0.023403576959280966, 'OPL': 0.02105573653868677, 'JSW': 0.018997445029085024, 'MBK': 0.01845955641540617, 'CCC': 0.0093403923984193}"
947,2022-08-18,116607.76862128855,0.0,"{'PKO': 0.14095609701081416, 'PKN': 0.10974120617183807, 'KGH': 0.09872316521422282, 'PZU': 0.09340826179559365, 'PEO': 0.08703710130090964, 'DNP': 0.07807409849434566, 'LPP': 0.057762296610867944, 'ALE': 0.05523443701714737, 'CDR': 0.04526506196563586, 'SPL': 0.04465559946384651, 'PGE': 0.04176227925962235, 'CPS': 0.029802933228069112, 'PCO': 0.02632075512620862, 'ACP': 0.023403576959280966, 'OPL': 0.02105573653868677, 'JSW': 0.018997445029085024, 'MBK': 0.01845955641540617, 'CCC': 0.0093403923984193}"
948,2022-08-19,114709.59152443493,0.0,"{'PKO': 0.14095609701081416, 'PKN': 0.10974120617183807, 'KGH': 0.09872316521422282, 'PZU': 0.09340826179559365, 'PEO': 0.08703710130090964, 'DNP': 0.07807409849434566, 'LPP': 0.057762296610867944, 'ALE': 0.05523443701714737, 'CDR': 0.04526506196563586, 'SPL': 0.04465559946384651, 'PGE': 0.04176227925962235, 'CPS': 0.029802933228069112, 'PCO': 0.02632075512620862, 'ACP': 0.023403576959280966, 'OPL': 0.02105573653868677, 'JSW': 0.018997445029085024, 'MBK': 0.01845955641540617, 'CCC': 0.0093403923984193}"
949,2022-08-22,112513.78582397272,0.0,"{'PKO': 0.14095609701081416, 'PKN': 0.10974120617183807, 'KGH': 0.09872316521422282, 'PZU': 0.09340826179559365, 'PEO': 0.08703710130090964, 'DNP': 0.07807409849434566, 'LPP': 0.057762296610867944, 'ALE': 0.05523443701714737, 'CDR': 0.04526506196563586, 'SPL': 0.04465559946384651, 'PGE': 0.04176227925962235, 'CPS': 0.029802933228069112, 'PCO': 0.02632075512620862, 'ACP': 0.023403576959280966, 'OPL': 0.02105573653868677, 'JSW': 0.018997445029085024, 'MBK': 0.01845955641540617, 'CCC': 0.0093403923984193}"
950,2022-08-23,113309.67035059327,0.0,"{'PKO': 0.14095609701081416, 'PKN': 0.10974120617183807, 'KGH': 0.09872316521422282, 'PZU': 0.09340826179559365, 'PEO': 0.08703710130090964, 'DNP': 0.07807409849434566, 'LPP': 0.057762296610867944, 'ALE': 0.05523443701714737, 'CDR': 0.04526506196563586, 'SPL': 0.04465559946384651, 'PGE': 0.04176227925962235, 'CPS': 0.029802933228069112, 'PCO': 0.02632075512620862, 'ACP': 0.023403576959280966, 'OPL': 0.02105573653868677, 'JSW': 0.018997445029085024, 'MBK': 0.01845955641540617, 'CCC': 0.0093403923984193}"
951,2022-08-24,110918.28102301843,0.0,"{'PKO': 0.14095609701081416, 'PKN': 0.10974120617183807, 'KGH': 0.09872316521422282, 'PZU': 0.09340826179559365, 'PEO': 0.08703710130090964, 'DNP': 0.07807409849434566, 'LPP': 0.057762296610867944, 'ALE': 0.05523443701714737, 'CDR': 0.04526506196563586, 'SPL': 0.04465559946384651, 'PGE': 0.04176227925962235, 'CPS': 0.029802933228069112, 'PCO': 0.02632075512620862, 'ACP': 0.023403576959280966, 'OPL': 0.02105573653868677, 'JSW': 0.018997445029085024, 'MBK': 0.01845955641540617, 'CCC': 0.0093403923984193}"
952,2022-08-25,112150.48765246526,0.0,"{'PKO': 0.14095609701081416, 'PKN': 0.10974120617183807, 'KGH': 0.09872316521422282, 'PZU': 0.09340826179559365, 'PEO': 0.08703710130090964, 'DNP': 0.07807409849434566, 'LPP': 0.057762296610867944, 'ALE': 0.05523443701714737, 'CDR': 0.04526506196563586, 'SPL': 0.04465559946384651, 'PGE': 0.04176227925962235, 'CPS': 0.029802933228069112, 'PCO': 0.02632075512620862, 'ACP': 0.023403576959280966, 'OPL': 0.02105573653868677, 'JSW': 0.018997445029085024, 'MBK': 0.01845955641540617, 'CCC': 0.0093403923984193}"
953,2022-08-26,110297.9324127008,0.0,"{'PKO': 0.14095609701081416, 'PKN': 0.10974120617183807, 'KGH': 0.09872316521422282, 'PZU': 0.09340826179559365, 'PEO': 0.08703710130090964, 'DNP': 0.07807409849434566, 'LPP': 0.057762296610867944, 'ALE': 0.05523443701714737, 'CDR': 0.04526506196563586, 'SPL': 0.04465559946384651, 'PGE': 0.04176227925962235, 'CPS': 0.029802933228069112, 'PCO': 0.02632075512620862, 'ACP': 0.023403576959280966, 'OPL': 0.02105573653868677, 'JSW': 0.018997445029085024, 'MBK': 0.01845955641540617, 'CCC': 0.0093403923984193}"
954,2022-08-29,107823.01549649522,0.0,"{'PKO': 0.14095609701081416, 'PKN': 0.10974120617183807, 'KGH': 0.09872316521422282, 'PZU': 0.09340826179559365, 'PEO': 0.08703710130090964, 'DNP': 0.07807409849434566, 'LPP': 0.057762296610867944, 'ALE': 0.05523443701714737, 'CDR': 0.04526506196563586, 'SPL': 0.04465559946384651, 'PGE': 0.04176227925962235, 'CPS': 0.029802933228069112, 'PCO': 0.02632075512620862, 'ACP': 0.023403576959280966, 'OPL': 0.02105573653868677, 'JSW': 0.018997445029085024, 'MBK': 0.01845955641540617, 'CCC': 0.0093403923984193}"
955,2022-08-30,105488.02049984848,0.0,"{'PKO': 0.14095609701081416, 'PKN': 0.10974120617183807, 'KGH': 0.09872316521422282, 'PZU': 0.09340826179559365, 'PEO': 0.08703710130090964, 'DNP': 0.07807409849434566, 'LPP': 0.057762296610867944, 'ALE': 0.05523443701714737, 'CDR': 0.04526506196563586, 'SPL': 0.04465559946384651, 'PGE': 0.04176227925962235, 'CPS': 0.029802933228069112, 'PCO': 0.02632075512620862, 'ACP': 0.023403576959280966, 'OPL': 0.02105573653868677, 'JSW': 0.018997445029085024, 'MBK': 0.01845955641540617, 'CCC': 0.0093403923984193}"
956,2022-08-31,105039.5636165041,0.0,"{'PKO': 0.14095609701081416, 'PKN': 0.10974120617183807, 'KGH': 0.09872316521422282, 'PZU': 0.09340826179559365, 'PEO': 0.08703710130090964, 'DNP': 0.07807409849434566, 'LPP': 0.057762296610867944, 'ALE': 0.05523443701714737, 'CDR': 0.04526506196563586, 'SPL': 0.04465559946384651, 'PGE': 0.04176227925962235, 'CPS': 0.029802933228069112, 'PCO': 0.02632075512620862, 'ACP': 0.023403576959280966, 'OPL': 0.02105573653868677, 'JSW': 0.018997445029085024, 'MBK': 0.01845955641540617, 'CCC': 0.0093403923984193}"
957,2022-09-01,100643.76236723868,0.0,"{'PKO': 0.14095609701081416, 'PKN': 0.10974120617183807, 'KGH': 0.09872316521422282, 'PZU': 0.09340826179559365, 'PEO': 0.08703710130090964, 'DNP': 0.07807409849434566, 'LPP': 0.057762296610867944, 'ALE': 0.05523443701714737, 'CDR': 0.04526506196563586, 'SPL': 0.04465559946384651, 'PGE': 0.04176227925962235, 'CPS': 0.029802933228069112, 'PCO': 0.02632075512620862, 'ACP': 0.023403576959280966, 'OPL': 0.02105573653868677, 'JSW': 0.018997445029085024, 'MBK': 0.01845955641540617, 'CCC': 0.0093403923984193}"
958,2022-09-02,103557.84818270279,0.0,"{'PKO': 0.14095609701081416, 'PKN': 0.10974120617183807, 'KGH': 0.09872316521422282, 'PZU': 0.09340826179559365, 'PEO': 0.08703710130090964, 'DNP': 0.07807409849434566, 'LPP': 0.057762296610867944, 'ALE': 0.05523443701714737, 'CDR': 0.04526506196563586, 'SPL': 0.04465559946384651, 'PGE': 0.04176227925962235, 'CPS': 0.029802933228069112, 'PCO': 0.02632075512620862, 'ACP': 0.023403576959280966, 'OPL': 0.02105573653868677, 'JSW': 0.018997445029085024, 'MBK': 0.01845955641540617, 'CCC': 0.0093403923984193}"
959,2022-09-05,102480.79901611294,0.0,"{'PKO': 0.14095609701081416, 'PKN': 0.10974120617183807, 'KGH': 0.09872316521422282, 'PZU': 0.09340826179559365, 'PEO': 0.08703710130090964, 'DNP': 0.07807409849434566, 'LPP': 0.057762296610867944, 'ALE': 0.05523443701714737, 'CDR': 0.04526506196563586, 'SPL': 0.04465559946384651, 'PGE': 0.04176227925962235, 'CPS': 0.029802933228069112, 'PCO': 0.02632075512620862, 'ACP': 0.023403576959280966, 'OPL': 0.02105573653868677, 'JSW': 0.018997445029085024, 'MBK': 0.01845955641540617, 'CCC': 0.0093403923984193}"
960,2022-09-06,100119.0425774487,0.0,"{'PKO': 0.14095609701081416, 'PKN': 0.10974120617183807, 'KGH': 0.09872316521422282, 'PZU': 0.09340826179559365, 'PEO': 0.08703710130090964, 'DNP': 0.07807409849434566, 'LPP': 0.057762296610867944, 'ALE': 0.05523443701714737, 'CDR': 0.04526506196563586, 'SPL': 0.04465559946384651, 'PGE': 0.04176227925962235, 'CPS': 0.029802933228069112, 'PCO': 0.02632075512620862, 'ACP': 0.023403576959280966, 'OPL': 0.02105573653868677, 'JSW': 0.018997445029085024, 'MBK': 0.01845955641540617, 'CCC': 0.0093403923984193}"
961,2022-09-07,101183.3800131413,0.0,"{'PKO': 0.14095609701081416, 'PKN': 0.10974120617183807, 'KGH': 0.09872316521422282, 'PZU': 0.09340826179559365, 'PEO': 0.08703710130090964, 'DNP': 0.07807409849434566, 'LPP': 0.057762296610867944, 'ALE': 0.05523443701714737, 'CDR': 0.04526506196563586, 'SPL': 0.04465559946384651, 'PGE': 0.04176227925962235, 'CPS': 0.029802933228069112, 'PCO': 0.02632075512620862, 'ACP': 0.023403576959280966, 'OPL': 0.02105573653868677, 'JSW': 0.018997445029085024, 'MBK': 0.01845955641540617, 'CCC': 0.0093403923984193}"
962,2022-09-08,102108.67186097188,0.0,"{'PKO': 0.14095609701081416, 'PKN': 0.10974120617183807, 'KGH': 0.09872316521422282, 'PZU': 0.09340826179559365, 'PEO': 0.08703710130090964, 'DNP': 0.07807409849434566, 'LPP': 0.057762296610867944, 'ALE': 0.05523443701714737, 'CDR': 0.04526506196563586, 'SPL': 0.04465559946384651, 'PGE': 0.04176227925962235, 'CPS': 0.029802933228069112, 'PCO': 0.02632075512620862, 'ACP': 0.023403576959280966, 'OPL': 0.02105573653868677, 'JSW': 0.018997445029085024, 'MBK': 0.01845955641540617, 'CCC': 0.0093403923984193}"
963,2022-09-09,106479.99067965061,0.0,"{'PKO': 0.14095609701081416, 'PKN': 0.10974120617183807, 'KGH': 0.09872316521422282, 'PZU': 0.09340826179559365, 'PEO': 0.08703710130090964, 'DNP': 0.07807409849434566, 'LPP': 0.057762296610867944, 'ALE': 0.05523443701714737, 'CDR': 0.04526506196563586, 'SPL': 0.04465559946384651, 'PGE': 0.04176227925962235, 'CPS': 0.029802933228069112, 'PCO': 0.02632075512620862, 'ACP': 0.023403576959280966, 'OPL': 0.02105573653868677, 'JSW': 0.018997445029085024, 'MBK': 0.01845955641540617, 'CCC': 0.0093403923984193}"
964,2022-09-12,108422.38789167357,0.0,"{'PKO': 0.14095609701081416, 'PKN': 0.10974120617183807, 'KGH': 0.09872316521422282, 'PZU': 0.09340826179559365, 'PEO': 0.08703710130090964, 'DNP': 0.07807409849434566, 'LPP': 0.057762296610867944, 'ALE': 0.05523443701714737, 'CDR': 0.04526506196563586, 'SPL': 0.04465559946384651, 'PGE': 0.04176227925962235, 'CPS': 0.029802933228069112, 'PCO': 0.02632075512620862, 'ACP': 0.023403576959280966, 'OPL': 0.02105573653868677, 'JSW': 0.018997445029085024, 'MBK': 0.01845955641540617, 'CCC': 0.0093403923984193}"
965,2022-09-13,105539.73173731736,0.0,"{'PKO': 0.14095609701081416, 'PKN': 0.10974120617183807, 'KGH': 0.09872316521422282, 'PZU': 0.09340826179559365, 'PEO': 0.08703710130090964, 'DNP': 0.07807409849434566, 'LPP': 0.057762296610867944, 'ALE': 0.05523443701714737, 'CDR': 0.04526506196563586, 'SPL': 0.04465559946384651, 'PGE': 0.04176227925962235, 'CPS': 0.029802933228069112, 'PCO': 0.02632075512620862, 'ACP': 0.023403576959280966, 'OPL': 0.02105573653868677, 'JSW': 0.018997445029085024, 'MBK': 0.01845955641540617, 'CCC': 0.0093403923984193}"
966,2022-09-14,106128.13552858884,0.0,"{'PKO': 0.14095609701081416, 'PKN': 0.10974120617183807, 'KGH': 0.09872316521422282, 'PZU': 0.09340826179559365, 'PEO': 0.08703710130090964, 'DNP': 0.07807409849434566, 'LPP': 0.057762296610867944, 'ALE': 0.05523443701714737, 'CDR': 0.04526506196563586, 'SPL': 0.04465559946384651, 'PGE': 0.04176227925962235, 'CPS': 0.029802933228069112, 'PCO': 0.02632075512620862, 'ACP': 0.023403576959280966, 'OPL': 0.02105573653868677, 'JSW': 0.018997445029085024, 'MBK': 0.01845955641540617, 'CCC': 0.0093403923984193}"
967,2022-09-15,107053.3981765972,0.0,"{'PKO': 0.14095609701081416, 'PKN': 0.10974120617183807, 'KGH': 0.09872316521422282, 'PZU': 0.09340826179559365, 'PEO': 0.08703710130090964, 'DNP': 0.07807409849434566, 'LPP': 0.057762296610867944, 'ALE': 0.05523443701714737, 'CDR': 0.04526506196563586, 'SPL': 0.04465559946384651, 'PGE': 0.04176227925962235, 'CPS': 0.029802933228069112, 'PCO': 0.02632075512620862, 'ACP': 0.023403576959280966, 'OPL': 0.02105573653868677, 'JSW': 0.018997445029085024, 'MBK': 0.01845955641540617, 'CCC': 0.0093403923984193}"
968,2022-09-16,104270.40432469534,2.9103830456733704e-11,"{'PKN': 0.14959143533662267, 'PKO': 0.11525279938546472, 'PZU': 0.09342329071823811, 'DNP': 0.09210959493852537, 'KGH': 0.07539031009551465, 'PEO': 0.06901176311690943, 'ALE': 0.06202543399443711, 'LPP': 0.05507709125595647, 'SPL': 0.04362314130512774, 'PGE': 0.04186521586817881, 'CDR': 0.03409700034187746, 'KTY': 0.030049340092095877, 'CPS': 0.026778290359477815, 'PCO': 0.025141710315835678, 'ACP': 0.023559999493514883, 'OPL': 0.022028937183183005, 'MBK': 0.01730490826288266, 'JSW': 0.015085870331367891, 'CCC': 0.008583867604789661}"
969,2022-09-19,106237.25957483427,2.9103830456733704e-11,"{'PKN': 0.14959143533662267, 'PKO': 0.11525279938546472, 'PZU': 0.09342329071823811, 'DNP': 0.09210959493852537, 'KGH': 0.07539031009551465, 'PEO': 0.06901176311690943, 'ALE': 0.06202543399443711, 'LPP': 0.05507709125595647, 'SPL': 0.04362314130512774, 'PGE': 0.04186521586817881, 'CDR': 0.03409700034187746, 'KTY': 0.030049340092095877, 'CPS': 0.026778290359477815, 'PCO': 0.025141710315835678, 'ACP': 0.023559999493514883, 'OPL': 0.022028937183183005, 'MBK': 0.01730490826288266, 'JSW': 0.015085870331367891, 'CCC': 0.008583867604789661}"
970,2022-09-20,104134.64479743433,2.9103830456733704e-11,"{'PKN': 0.14959143533662267, 'PKO': 0.11525279938546472, 'PZU': 0.09342329071823811, 'DNP': 0.09210959493852537, 'KGH': 0.07539031009551465, 'PEO': 0.06901176311690943, 'ALE': 0.06202543399443711, 'LPP': 0.05507709125595647, 'SPL': 0.04362314130512774, 'PGE': 0.04186521586817881, 'CDR': 0.03409700034187746, 'KTY': 0.030049340092095877, 'CPS': 0.026778290359477815, 'PCO': 0.025141710315835678, 'ACP': 0.023559999493514883, 'OPL': 0.022028937183183005, 'MBK': 0.01730490826288266, 'JSW': 0.015085870331367891, 'CCC': 0.008583867604789661}"
971,2022-09-21,104946.89292748057,2.9103830456733704e-11,"{'PKN': 0.14959143533662267, 'PKO': 0.11525279938546472, 'PZU': 0.09342329071823811, 'DNP': 0.09210959493852537, 'KGH': 0.07539031009551465, 'PEO': 0.06901176311690943, 'ALE': 0.06202543399443711, 'LPP': 0.05507709125595647, 'SPL': 0.04362314130512774, 'PGE': 0.04186521586817881, 'CDR': 0.03409700034187746, 'KTY': 0.030049340092095877, 'CPS': 0.026778290359477815, 'PCO': 0.025141710315835678, 'ACP': 0.023559999493514883, 'OPL': 0.022028937183183005, 'MBK': 0.01730490826288266, 'JSW': 0.015085870331367891, 'CCC': 0.008583867604789661}"
972,2022-09-22,105588.28906143305,2.9103830456733704e-11,"{'PKN': 0.14959143533662267, 'PKO': 0.11525279938546472, 'PZU': 0.09342329071823811, 'DNP': 0.09210959493852537, 'KGH': 0.07539031009551465, 'PEO': 0.06901176311690943, 'ALE': 0.06202543399443711, 'LPP': 0.05507709125595647, 'SPL': 0.04362314130512774, 'PGE': 0.04186521586817881, 'CDR': 0.03409700034187746, 'KTY': 0.030049340092095877, 'CPS': 0.026778290359477815, 'PCO': 0.025141710315835678, 'ACP': 0.023559999493514883, 'OPL': 0.022028937183183005, 'MBK': 0.01730490826288266, 'JSW': 0.015085870331367891, 'CCC': 0.008583867604789661}"
973,2022-09-23,101464.65946242401,2.9103830456733704e-11,"{'PKN': 0.14959143533662267, 'PKO': 0.11525279938546472, 'PZU': 0.09342329071823811, 'DNP': 0.09210959493852537, 'KGH': 0.07539031009551465, 'PEO': 0.06901176311690943, 'ALE': 0.06202543399443711, 'LPP': 0.05507709125595647, 'SPL': 0.04362314130512774, 'PGE': 0.04186521586817881, 'CDR': 0.03409700034187746, 'KTY': 0.030049340092095877, 'CPS': 0.026778290359477815, 'PCO': 0.025141710315835678, 'ACP': 0.023559999493514883, 'OPL': 0.022028937183183005, 'MBK': 0.01730490826288266, 'JSW': 0.015085870331367891, 'CCC': 0.008583867604789661}"
974,2022-09-26,99702.96208783555,2.9103830456733704e-11,"{'PKN': 0.14959143533662267, 'PKO': 0.11525279938546472, 'PZU': 0.09342329071823811, 'DNP': 0.09210959493852537, 'KGH': 0.07539031009551465, 'PEO': 0.06901176311690943, 'ALE': 0.06202543399443711, 'LPP': 0.05507709125595647, 'SPL': 0.04362314130512774, 'PGE': 0.04186521586817881, 'CDR': 0.03409700034187746, 'KTY': 0.030049340092095877, 'CPS': 0.026778290359477815, 'PCO': 0.025141710315835678, 'ACP': 0.023559999493514883, 'OPL': 0.022028937183183005, 'MBK': 0.01730490826288266, 'JSW': 0.015085870331367891, 'CCC': 0.008583867604789661}"
975,2022-09-27,101477.68353829512,2.9103830456733704e-11,"{'PKN': 0.14959143533662267, 'PKO': 0.11525279938546472, 'PZU': 0.09342329071823811, 'DNP': 0.09210959493852537, 'KGH': 0.07539031009551465, 'PEO': 0.06901176311690943, 'ALE': 0.06202543399443711, 'LPP': 0.05507709125595647, 'SPL': 0.04362314130512774, 'PGE': 0.04186521586817881, 'CDR': 0.03409700034187746, 'KTY': 0.030049340092095877, 'CPS': 0.026778290359477815, 'PCO': 0.025141710315835678, 'ACP': 0.023559999493514883, 'OPL': 0.022028937183183005, 'MBK': 0.01730490826288266, 'JSW': 0.015085870331367891, 'CCC': 0.008583867604789661}"
976,2022-09-28,100444.43321203742,2.9103830456733704e-11,"{'PKN': 0.14959143533662267, 'PKO': 0.11525279938546472, 'PZU': 0.09342329071823811, 'DNP': 0.09210959493852537, 'KGH': 0.07539031009551465, 'PEO': 0.06901176311690943, 'ALE': 0.06202543399443711, 'LPP': 0.05507709125595647, 'SPL': 0.04362314130512774, 'PGE': 0.04186521586817881, 'CDR': 0.03409700034187746, 'KTY': 0.030049340092095877, 'CPS': 0.026778290359477815, 'PCO': 0.025141710315835678, 'ACP': 0.023559999493514883, 'OPL': 0.022028937183183005, 'MBK': 0.01730490826288266, 'JSW': 0.015085870331367891, 'CCC': 0.008583867604789661}"
977,2022-09-29,96559.9008415005,2.9103830456733704e-11,"{'PKN': 0.14959143533662267, 'PKO': 0.11525279938546472, 'PZU': 0.09342329071823811, 'DNP': 0.09210959493852537, 'KGH': 0.07539031009551465, 'PEO': 0.06901176311690943, 'ALE': 0.06202543399443711, 'LPP': 0.05507709125595647, 'SPL': 0.04362314130512774, 'PGE': 0.04186521586817881, 'CDR': 0.03409700034187746, 'KTY': 0.030049340092095877, 'CPS': 0.026778290359477815, 'PCO': 0.025141710315835678, 'ACP': 0.023559999493514883, 'OPL': 0.022028937183183005, 'MBK': 0.01730490826288266, 'JSW': 0.015085870331367891, 'CCC': 0.008583867604789661}"
978,2022-09-30,96392.317784236,2.9103830456733704e-11,"{'PKN': 0.14959143533662267, 'PKO': 0.11525279938546472, 'PZU': 0.09342329071823811, 'DNP': 0.09210959493852537, 'KGH': 0.07539031009551465, 'PEO': 0.06901176311690943, 'ALE': 0.06202543399443711, 'LPP': 0.05507709125595647, 'SPL': 0.04362314130512774, 'PGE': 0.04186521586817881, 'CDR': 0.03409700034187746, 'KTY': 0.030049340092095877, 'CPS': 0.026778290359477815, 'PCO': 0.025141710315835678, 'ACP': 0.023559999493514883, 'OPL': 0.022028937183183005, 'MBK': 0.01730490826288266, 'JSW': 0.015085870331367891, 'CCC': 0.008583867604789661}"
979,2022-10-03,97093.75724292132,2.9103830456733704e-11,"{'PKN': 0.14959143533662267, 'PKO': 0.11525279938546472, 'PZU': 0.09342329071823811, 'DNP': 0.09210959493852537, 'KGH': 0.07539031009551465, 'PEO': 0.06901176311690943, 'ALE': 0.06202543399443711, 'LPP': 0.05507709125595647, 'SPL': 0.04362314130512774, 'PGE': 0.04186521586817881, 'CDR': 0.03409700034187746, 'KTY': 0.030049340092095877, 'CPS': 0.026778290359477815, 'PCO': 0.025141710315835678, 'ACP': 0.023559999493514883, 'OPL': 0.022028937183183005, 'MBK': 0.01730490826288266, 'JSW': 0.015085870331367891, 'CCC': 0.008583867604789661}"
980,2022-10-04,101483.36863482214,2.9103830456733704e-11,"{'PKN': 0.14959143533662267, 'PKO': 0.11525279938546472, 'PZU': 0.09342329071823811, 'DNP': 0.09210959493852537, 'KGH': 0.07539031009551465, 'PEO': 0.06901176311690943, 'ALE': 0.06202543399443711, 'LPP': 0.05507709125595647, 'SPL': 0.04362314130512774, 'PGE': 0.04186521586817881, 'CDR': 0.03409700034187746, 'KTY': 0.030049340092095877, 'CPS': 0.026778290359477815, 'PCO': 0.025141710315835678, 'ACP': 0.023559999493514883, 'OPL': 0.022028937183183005, 'MBK': 0.01730490826288266, 'JSW': 0.015085870331367891, 'CCC': 0.008583867604789661}"
981,2022-10-05,99324.71483700356,2.9103830456733704e-11,"{'PKN': 0.14959143533662267, 'PKO': 0.11525279938546472, 'PZU': 0.09342329071823811, 'DNP': 0.09210959493852537, 'KGH': 0.07539031009551465, 'PEO': 0.06901176311690943, 'ALE': 0.06202543399443711, 'LPP': 0.05507709125595647, 'SPL': 0.04362314130512774, 'PGE': 0.04186521586817881, 'CDR': 0.03409700034187746, 'KTY': 0.030049340092095877, 'CPS': 0.026778290359477815, 'PCO': 0.025141710315835678, 'ACP': 0.023559999493514883, 'OPL': 0.022028937183183005, 'MBK': 0.01730490826288266, 'JSW': 0.015085870331367891, 'CCC': 0.008583867604789661}"
982,2022-10-06,99209.03886189841,2.9103830456733704e-11,"{'PKN': 0.14959143533662267, 'PKO': 0.11525279938546472, 'PZU': 0.09342329071823811, 'DNP': 0.09210959493852537, 'KGH': 0.07539031009551465, 'PEO': 0.06901176311690943, 'ALE': 0.06202543399443711, 'LPP': 0.05507709125595647, 'SPL': 0.04362314130512774, 'PGE': 0.04186521586817881, 'CDR': 0.03409700034187746, 'KTY': 0.030049340092095877, 'CPS': 0.026778290359477815, 'PCO': 0.025141710315835678, 'ACP': 0.023559999493514883, 'OPL': 0.022028937183183005, 'MBK': 0.01730490826288266, 'JSW': 0.015085870331367891, 'CCC': 0.008583867604789661}"
983,2022-10-07,98324.3558181907,2.9103830456733704e-11,"{'PKN': 0.14959143533662267, 'PKO': 0.11525279938546472, 'PZU': 0.09342329071823811, 'DNP': 0.09210959493852537, 'KGH': 0.07539031009551465, 'PEO': 0.06901176311690943, 'ALE': 0.06202543399443711, 'LPP': 0.05507709125595647, 'SPL': 0.04362314130512774, 'PGE': 0.04186521586817881, 'CDR': 0.03409700034187746, 'KTY': 0.030049340092095877, 'CPS': 0.026778290359477815, 'PCO': 0.025141710315835678, 'ACP': 0.023559999493514883, 'OPL': 0.022028937183183005, 'MBK': 0.01730490826288266, 'JSW': 0.015085870331367891, 'CCC': 0.008583867604789661}"
984,2022-10-10,96495.84321549613,2.9103830456733704e-11,"{'PKN': 0.14959143533662267, 'PKO': 0.11525279938546472, 'PZU': 0.09342329071823811, 'DNP': 0.09210959493852537, 'KGH': 0.07539031009551465, 'PEO': 0.06901176311690943, 'ALE': 0.06202543399443711, 'LPP': 0.05507709125595647, 'SPL': 0.04362314130512774, 'PGE': 0.04186521586817881, 'CDR': 0.03409700034187746, 'KTY': 0.030049340092095877, 'CPS': 0.026778290359477815, 'PCO': 0.025141710315835678, 'ACP': 0.023559999493514883, 'OPL': 0.022028937183183005, 'MBK': 0.01730490826288266, 'JSW': 0.015085870331367891, 'CCC': 0.008583867604789661}"
985,2022-10-11,96656.51769882558,2.9103830456733704e-11,"{'PKN': 0.14959143533662267, 'PKO': 0.11525279938546472, 'PZU': 0.09342329071823811, 'DNP': 0.09210959493852537, 'KGH': 0.07539031009551465, 'PEO': 0.06901176311690943, 'ALE': 0.06202543399443711, 'LPP': 0.05507709125595647, 'SPL': 0.04362314130512774, 'PGE': 0.04186521586817881, 'CDR': 0.03409700034187746, 'KTY': 0.030049340092095877, 'CPS': 0.026778290359477815, 'PCO': 0.025141710315835678, 'ACP': 0.023559999493514883, 'OPL': 0.022028937183183005, 'MBK': 0.01730490826288266, 'JSW': 0.015085870331367891, 'CCC': 0.008583867604789661}"
986,2022-10-12,96383.76750624881,2.9103830456733704e-11,"{'PKN': 0.14959143533662267, 'PKO': 0.11525279938546472, 'PZU': 0.09342329071823811, 'DNP': 0.09210959493852537, 'KGH': 0.07539031009551465, 'PEO': 0.06901176311690943, 'ALE': 0.06202543399443711, 'LPP': 0.05507709125595647, 'SPL': 0.04362314130512774, 'PGE': 0.04186521586817881, 'CDR': 0.03409700034187746, 'KTY': 0.030049340092095877, 'CPS': 0.026778290359477815, 'PCO': 0.025141710315835678, 'ACP': 0.023559999493514883, 'OPL': 0.022028937183183005, 'MBK': 0.01730490826288266, 'JSW': 0.015085870331367891, 'CCC': 0.008583867604789661}"
987,2022-10-13,94999.27645780158,2.9103830456733704e-11,"{'PKN': 0.14959143533662267, 'PKO': 0.11525279938546472, 'PZU': 0.09342329071823811, 'DNP': 0.09210959493852537, 'KGH': 0.07539031009551465, 'PEO': 0.06901176311690943, 'ALE': 0.06202543399443711, 'LPP': 0.05507709125595647, 'SPL': 0.04362314130512774, 'PGE': 0.04186521586817881, 'CDR': 0.03409700034187746, 'KTY': 0.030049340092095877, 'CPS': 0.026778290359477815, 'PCO': 0.025141710315835678, 'ACP': 0.023559999493514883, 'OPL': 0.022028937183183005, 'MBK': 0.01730490826288266, 'JSW': 0.015085870331367891, 'CCC': 0.008583867604789661}"
988,2022-10-14,97717.23706184687,-1.4551915228366852e-11,"{'PKN': 0.15036990256087415, 'DNP': 0.08316351043557094, 'LPP': 0.056091217342529885, 'PGE': 0.03577848902698993, 'KTY': 0.030115510437084336, 'PCO': 0.024162125570919384, 'ACP': 0.0221123421134553, 'JSW': 0.0163392725050392, 'SFG': 0.11716035833467199, 'NTU': 0.09461428824192557, 'FFI': 0.08010243486271904, 'PBF': 0.07271118655840617, 'IZB': 0.05196962707426279, 'EQU': 0.046626120114635114, 'BST': 0.04536984402730836, 'PBG': 0.02681770562164879, 'SKL': 0.023010245433345934, 'FMG': 0.013819707888132126, 'CPI': 0.009666111850481007}"
989,2022-10-17,96772.9915005974,-1.4551915228366852e-11,"{'PKN': 0.15036990256087415, 'DNP': 0.08316351043557094, 'LPP': 0.056091217342529885, 'PGE': 0.03577848902698993, 'KTY': 0.030115510437084336, 'PCO': 0.024162125570919384, 'ACP': 0.0221123421134553, 'JSW': 0.0163392725050392, 'SFG': 0.11716035833467199, 'NTU': 0.09461428824192557, 'FFI': 0.08010243486271904, 'PBF': 0.07271118655840617, 'IZB': 0.05196962707426279, 'EQU': 0.046626120114635114, 'BST': 0.04536984402730836, 'PBG': 0.02681770562164879, 'SKL': 0.023010245433345934, 'FMG': 0.013819707888132126, 'CPI': 0.009666111850481007}"
990,2022-10-18,98703.3002762668,-1.4551915228366852e-11,"{'PKN': 0.15036990256087415, 'DNP': 0.08316351043557094, 'LPP': 0.056091217342529885, 'PGE': 0.03577848902698993, 'KTY': 0.030115510437084336, 'PCO': 0.024162125570919384, 'ACP': 0.0221123421134553, 'JSW': 0.0163392725050392, 'SFG': 0.11716035833467199, 'NTU': 0.09461428824192557, 'FFI': 0.08010243486271904, 'PBF': 0.07271118655840617, 'IZB': 0.05196962707426279, 'EQU': 0.046626120114635114, 'BST': 0.04536984402730836, 'PBG': 0.02681770562164879, 'SKL': 0.023010245433345934, 'FMG': 0.013819707888132126, 'CPI': 0.009666111850481007}"
991,2022-10-19,95435.31496348872,-1.4551915228366852e-11,"{'PKN': 0.15036990256087415, 'DNP': 0.08316351043557094, 'LPP': 0.056091217342529885, 'PGE': 0.03577848902698993, 'KTY': 0.030115510437084336, 'PCO': 0.024162125570919384, 'ACP': 0.0221123421134553, 'JSW': 0.0163392725050392, 'SFG': 0.11716035833467199, 'NTU': 0.09461428824192557, 'FFI': 0.08010243486271904, 'PBF': 0.07271118655840617, 'IZB': 0.05196962707426279, 'EQU': 0.046626120114635114, 'BST': 0.04536984402730836, 'PBG': 0.02681770562164879, 'SKL': 0.023010245433345934, 'FMG': 0.013819707888132126, 'CPI': 0.009666111850481007}"
992,2022-10-20,95909.99556259118,-1.4551915228366852e-11,"{'PKN': 0.15036990256087415, 'DNP': 0.08316351043557094, 'LPP': 0.056091217342529885, 'PGE': 0.03577848902698993, 'KTY': 0.030115510437084336, 'PCO': 0.024162125570919384, 'ACP': 0.0221123421134553, 'JSW': 0.0163392725050392, 'SFG': 0.11716035833467199, 'NTU': 0.09461428824192557, 'FFI': 0.08010243486271904, 'PBF': 0.07271118655840617, 'IZB': 0.05196962707426279, 'EQU': 0.046626120114635114, 'BST': 0.04536984402730836, 'PBG': 0.02681770562164879, 'SKL': 0.023010245433345934, 'FMG': 0.013819707888132126, 'CPI': 0.009666111850481007}"
993,2022-10-21,95450.61209578221,-1.4551915228366852e-11,"{'PKN': 0.15036990256087415, 'DNP': 0.08316351043557094, 'LPP': 0.056091217342529885, 'PGE': 0.03577848902698993, 'KTY': 0.030115510437084336, 'PCO': 0.024162125570919384, 'ACP': 0.0221123421134553, 'JSW': 0.0163392725050392, 'SFG': 0.11716035833467199, 'NTU': 0.09461428824192557, 'FFI': 0.08010243486271904, 'PBF': 0.07271118655840617, 'IZB': 0.05196962707426279, 'EQU': 0.046626120114635114, 'BST': 0.04536984402730836, 'PBG': 0.02681770562164879, 'SKL': 0.023010245433345934, 'FMG': 0.013819707888132126, 'CPI': 0.009666111850481007}"
994,2022-10-24,96514.68908503675,-1.4551915228366852e-11,"{'PKN': 0.15036990256087415, 'DNP': 0.08316351043557094, 'LPP': 0.056091217342529885, 'PGE': 0.03577848902698993, 'KTY': 0.030115510437084336, 'PCO': 0.024162125570919384, 'ACP': 0.0221123421134553, 'JSW': 0.0163392725050392, 'SFG': 0.11716035833467199, 'NTU': 0.09461428824192557, 'FFI': 0.08010243486271904, 'PBF': 0.07271118655840617, 'IZB': 0.05196962707426279, 'EQU': 0.046626120114635114, 'BST': 0.04536984402730836, 'PBG': 0.02681770562164879, 'SKL': 0.023010245433345934, 'FMG': 0.013819707888132126, 'CPI': 0.009666111850481007}"
995,2022-10-25,97823.63946745264,-1.4551915228366852e-11,"{'PKN': 0.15036990256087415, 'DNP': 0.08316351043557094, 'LPP': 0.056091217342529885, 'PGE': 0.03577848902698993, 'KTY': 0.030115510437084336, 'PCO': 0.024162125570919384, 'ACP': 0.0221123421134553, 'JSW': 0.0163392725050392, 'SFG': 0.11716035833467199, 'NTU': 0.09461428824192557, 'FFI': 0.08010243486271904, 'PBF': 0.07271118655840617, 'IZB': 0.05196962707426279, 'EQU': 0.046626120114635114, 'BST': 0.04536984402730836, 'PBG': 0.02681770562164879, 'SKL': 0.023010245433345934, 'FMG': 0.013819707888132126, 'CPI': 0.009666111850481007}"
996,2022-10-26,100039.05278780365,-1.4551915228366852e-11,"{'PKN': 0.15036990256087415, 'DNP': 0.08316351043557094, 'LPP': 0.056091217342529885, 'PGE': 0.03577848902698993, 'KTY': 0.030115510437084336, 'PCO': 0.024162125570919384, 'ACP': 0.0221123421134553, 'JSW': 0.0163392725050392, 'SFG': 0.11716035833467199, 'NTU': 0.09461428824192557, 'FFI': 0.08010243486271904, 'PBF': 0.07271118655840617, 'IZB': 0.05196962707426279, 'EQU': 0.046626120114635114, 'BST': 0.04536984402730836, 'PBG': 0.02681770562164879, 'SKL': 0.023010245433345934, 'FMG': 0.013819707888132126, 'CPI': 0.009666111850481007}"
997,2022-10-27,100262.69462141696,-1.4551915228366852e-11,"{'PKN': 0.15036990256087415, 'DNP': 0.08316351043557094, 'LPP': 0.056091217342529885, 'PGE': 0.03577848902698993, 'KTY': 0.030115510437084336, 'PCO': 0.024162125570919384, 'ACP': 0.0221123421134553, 'JSW': 0.0163392725050392, 'SFG': 0.11716035833467199, 'NTU': 0.09461428824192557, 'FFI': 0.08010243486271904, 'PBF': 0.07271118655840617, 'IZB': 0.05196962707426279, 'EQU': 0.046626120114635114, 'BST': 0.04536984402730836, 'PBG': 0.02681770562164879, 'SKL': 0.023010245433345934, 'FMG': 0.013819707888132126, 'CPI': 0.009666111850481007}"
998,2022-10-28,100402.16388946306,-1.4551915228366852e-11,"{'PKN': 0.15036990256087415, 'DNP': 0.08316351043557094, 'LPP': 0.056091217342529885, 'PGE': 0.03577848902698993, 'KTY': 0.030115510437084336, 'PCO': 0.024162125570919384, 'ACP': 0.0221123421134553, 'JSW': 0.0163392725050392, 'SFG': 0.11716035833467199, 'NTU': 0.09461428824192557, 'FFI': 0.08010243486271904, 'PBF': 0.07271118655840617, 'IZB': 0.05196962707426279, 'EQU': 0.046626120114635114, 'BST': 0.04536984402730836, 'PBG': 0.02681770562164879, 'SKL': 0.023010245433345934, 'FMG': 0.013819707888132126, 'CPI': 0.009666111850481007}"
999,2022-10-31,100270.15713550111,-1.4551915228366852e-11,"{'PKN': 0.15036990256087415, 'DNP': 0.08316351043557094, 'LPP': 0.056091217342529885, 'PGE': 0.03577848902698993, 'KTY': 0.030115510437084336, 'PCO': 0.024162125570919384, 'ACP': 0.0221123421134553, 'JSW': 0.0163392725050392, 'SFG': 0.11716035833467199, 'NTU': 0.09461428824192557, 'FFI': 0.08010243486271904, 'PBF': 0.07271118655840617, 'IZB': 0.05196962707426279, 'EQU': 0.046626120114635114, 'BST': 0.04536984402730836, 'PBG': 0.02681770562164879, 'SKL': 0.023010245433345934, 'FMG': 0.013819707888132126, 'CPI': 0.009666111850481007}"
1000,2022-11-01,100270.15713550111,-1.4551915228366852e-11,"{'PKN': 0.15036990256087415, 'DNP': 0.08316351043557094, 'LPP': 0.056091217342529885, 'PGE': 0.03577848902698993, 'KTY': 0.030115510437084336, 'PCO': 0.024162125570919384, 'ACP': 0.0221123421134553, 'JSW': 0.0163392725050392, 'SFG': 0.11716035833467199, 'NTU': 0.09461428824192557, 'FFI': 0.08010243486271904, 'PBF': 0.07271118655840617, 'IZB': 0.05196962707426279, 'EQU': 0.046626120114635114, 'BST': 0.04536984402730836, 'PBG': 0.02681770562164879, 'SKL': 0.023010245433345934, 'FMG': 0.013819707888132126, 'CPI': 0.009666111850481007}"
1001,2022-11-02,102207.86539721253,-1.4551915228366852e-11,"{'PKN': 0.15036990256087415, 'DNP': 0.08316351043557094, 'LPP': 0.056091217342529885, 'PGE': 0.03577848902698993, 'KTY': 0.030115510437084336, 'PCO': 0.024162125570919384, 'ACP': 0.0221123421134553, 'JSW': 0.0163392725050392, 'SFG': 0.11716035833467199, 'NTU': 0.09461428824192557, 'FFI': 0.08010243486271904, 'PBF': 0.07271118655840617, 'IZB': 0.05196962707426279, 'EQU': 0.046626120114635114, 'BST': 0.04536984402730836, 'PBG': 0.02681770562164879, 'SKL': 0.023010245433345934, 'FMG': 0.013819707888132126, 'CPI': 0.009666111850481007}"
1002,2022-11-03,101648.69292383821,-1.4551915228366852e-11,"{'PKN': 0.15036990256087415, 'DNP': 0.08316351043557094, 'LPP': 0.056091217342529885, 'PGE': 0.03577848902698993, 'KTY': 0.030115510437084336, 'PCO': 0.024162125570919384, 'ACP': 0.0221123421134553, 'JSW': 0.0163392725050392, 'SFG': 0.11716035833467199, 'NTU': 0.09461428824192557, 'FFI': 0.08010243486271904, 'PBF': 0.07271118655840617, 'IZB': 0.05196962707426279, 'EQU': 0.046626120114635114, 'BST': 0.04536984402730836, 'PBG': 0.02681770562164879, 'SKL': 0.023010245433345934, 'FMG': 0.013819707888132126, 'CPI': 0.009666111850481007}"
1003,2022-11-04,103168.64821711289,-1.4551915228366852e-11,"{'PKN': 0.15036990256087415, 'DNP': 0.08316351043557094, 'LPP': 0.056091217342529885, 'PGE': 0.03577848902698993, 'KTY': 0.030115510437084336, 'PCO': 0.024162125570919384, 'ACP': 0.0221123421134553, 'JSW': 0.0163392725050392, 'SFG': 0.11716035833467199, 'NTU': 0.09461428824192557, 'FFI': 0.08010243486271904, 'PBF': 0.07271118655840617, 'IZB': 0.05196962707426279, 'EQU': 0.046626120114635114, 'BST': 0.04536984402730836, 'PBG': 0.02681770562164879, 'SKL': 0.023010245433345934, 'FMG': 0.013819707888132126, 'CPI': 0.009666111850481007}"
1004,2022-11-07,104094.8429968286,-1.4551915228366852e-11,"{'PKN': 0.15036990256087415, 'DNP': 0.08316351043557094, 'LPP': 0.056091217342529885, 'PGE': 0.03577848902698993, 'KTY': 0.030115510437084336, 'PCO': 0.024162125570919384, 'ACP': 0.0221123421134553, 'JSW': 0.0163392725050392, 'SFG': 0.11716035833467199, 'NTU': 0.09461428824192557, 'FFI': 0.08010243486271904, 'PBF': 0.07271118655840617, 'IZB': 0.05196962707426279, 'EQU': 0.046626120114635114, 'BST': 0.04536984402730836, 'PBG': 0.02681770562164879, 'SKL': 0.023010245433345934, 'FMG': 0.013819707888132126, 'CPI': 0.009666111850481007}"
1005,2022-11-08,105862.75681471234,-1.4551915228366852e-11,"{'PKN': 0.15036990256087415, 'DNP': 0.08316351043557094, 'LPP': 0.056091217342529885, 'PGE': 0.03577848902698993, 'KTY': 0.030115510437084336, 'PCO': 0.024162125570919384, 'ACP': 0.0221123421134553, 'JSW': 0.0163392725050392, 'SFG': 0.11716035833467199, 'NTU': 0.09461428824192557, 'FFI': 0.08010243486271904, 'PBF': 0.07271118655840617, 'IZB': 0.05196962707426279, 'EQU': 0.046626120114635114, 'BST': 0.04536984402730836, 'PBG': 0.02681770562164879, 'SKL': 0.023010245433345934, 'FMG': 0.013819707888132126, 'CPI': 0.009666111850481007}"
1006,2022-11-09,104220.19577523143,-1.4551915228366852e-11,"{'PKN': 0.15036990256087415, 'DNP': 0.08316351043557094, 'LPP': 0.056091217342529885, 'PGE': 0.03577848902698993, 'KTY': 0.030115510437084336, 'PCO': 0.024162125570919384, 'ACP': 0.0221123421134553, 'JSW': 0.0163392725050392, 'SFG': 0.11716035833467199, 'NTU': 0.09461428824192557, 'FFI': 0.08010243486271904, 'PBF': 0.07271118655840617, 'IZB': 0.05196962707426279, 'EQU': 0.046626120114635114, 'BST': 0.04536984402730836, 'PBG': 0.02681770562164879, 'SKL': 0.023010245433345934, 'FMG': 0.013819707888132126, 'CPI': 0.009666111850481007}"
1007,2022-11-10,105486.36270368542,-1.4551915228366852e-11,"{'PKN': 0.15036990256087415, 'DNP': 0.08316351043557094, 'LPP': 0.056091217342529885, 'PGE': 0.03577848902698993, 'KTY': 0.030115510437084336, 'PCO': 0.024162125570919384, 'ACP': 0.0221123421134553, 'JSW': 0.0163392725050392, 'SFG': 0.11716035833467199, 'NTU': 0.09461428824192557, 'FFI': 0.08010243486271904, 'PBF': 0.07271118655840617, 'IZB': 0.05196962707426279, 'EQU': 0.046626120114635114, 'BST': 0.04536984402730836, 'PBG': 0.02681770562164879, 'SKL': 0.023010245433345934, 'FMG': 0.013819707888132126, 'CPI': 0.009666111850481007}"
1008,2022-11-11,105486.36270368542,-1.4551915228366852e-11,"{'PKN': 0.15036990256087415, 'DNP': 0.08316351043557094, 'LPP': 0.056091217342529885, 'PGE': 0.03577848902698993, 'KTY': 0.030115510437084336, 'PCO': 0.024162125570919384, 'ACP': 0.0221123421134553, 'JSW': 0.0163392725050392, 'SFG': 0.11716035833467199, 'NTU': 0.09461428824192557, 'FFI': 0.08010243486271904, 'PBF': 0.07271118655840617, 'IZB': 0.05196962707426279, 'EQU': 0.046626120114635114, 'BST': 0.04536984402730836, 'PBG': 0.02681770562164879, 'SKL': 0.023010245433345934, 'FMG': 0.013819707888132126, 'CPI': 0.009666111850481007}"
1009,2022-11-14,106248.15007553143,-1.4551915228366852e-11,"{'PKN': 0.15036990256087415, 'DNP': 0.08316351043557094, 'LPP': 0.056091217342529885, 'PGE': 0.03577848902698993, 'KTY': 0.030115510437084336, 'PCO': 0.024162125570919384, 'ACP': 0.0221123421134553, 'JSW': 0.0163392725050392, 'SFG': 0.11716035833467199, 'NTU': 0.09461428824192557, 'FFI': 0.08010243486271904, 'PBF': 0.07271118655840617, 'IZB': 0.05196962707426279, 'EQU': 0.046626120114635114, 'BST': 0.04536984402730836, 'PBG': 0.02681770562164879, 'SKL': 0.023010245433345934, 'FMG': 0.013819707888132126, 'CPI': 0.009666111850481007}"
1010,2022-11-15,107232.91893501925,-1.4551915228366852e-11,"{'PKN': 0.15036990256087415, 'DNP': 0.08316351043557094, 'LPP': 0.056091217342529885, 'PGE': 0.03577848902698993, 'KTY': 0.030115510437084336, 'PCO': 0.024162125570919384, 'ACP': 0.0221123421134553, 'JSW': 0.0163392725050392, 'SFG': 0.11716035833467199, 'NTU': 0.09461428824192557, 'FFI': 0.08010243486271904, 'PBF': 0.07271118655840617, 'IZB': 0.05196962707426279, 'EQU': 0.046626120114635114, 'BST': 0.04536984402730836, 'PBG': 0.02681770562164879, 'SKL': 0.023010245433345934, 'FMG': 0.013819707888132126, 'CPI': 0.009666111850481007}"
1011,2022-11-16,107427.61932112885,-1.4551915228366852e-11,"{'PKN': 0.15036990256087415, 'DNP': 0.08316351043557094, 'LPP': 0.056091217342529885, 'PGE': 0.03577848902698993, 'KTY': 0.030115510437084336, 'PCO': 0.024162125570919384, 'ACP': 0.0221123421134553, 'JSW': 0.0163392725050392, 'SFG': 0.11716035833467199, 'NTU': 0.09461428824192557, 'FFI': 0.08010243486271904, 'PBF': 0.07271118655840617, 'IZB': 0.05196962707426279, 'EQU': 0.046626120114635114, 'BST': 0.04536984402730836, 'PBG': 0.02681770562164879, 'SKL': 0.023010245433345934, 'FMG': 0.013819707888132126, 'CPI': 0.009666111850481007}"
1012,2022-11-17,107462.48256680144,-1.4551915228366852e-11,"{'PKN': 0.15036990256087415, 'DNP': 0.08316351043557094, 'LPP': 0.056091217342529885, 'PGE': 0.03577848902698993, 'KTY': 0.030115510437084336, 'PCO': 0.024162125570919384, 'ACP': 0.0221123421134553, 'JSW': 0.0163392725050392, 'SFG': 0.11716035833467199, 'NTU': 0.09461428824192557, 'FFI': 0.08010243486271904, 'PBF': 0.07271118655840617, 'IZB': 0.05196962707426279, 'EQU': 0.046626120114635114, 'BST': 0.04536984402730836, 'PBG': 0.02681770562164879, 'SKL': 0.023010245433345934, 'FMG': 0.013819707888132126, 'CPI': 0.009666111850481007}"
1013,2022-11-18,107449.98179561133,-1.4551915228366852e-11,"{'PKN': 0.15036990256087415, 'DNP': 0.08316351043557094, 'LPP': 0.056091217342529885, 'PGE': 0.03577848902698993, 'KTY': 0.030115510437084336, 'PCO': 0.024162125570919384, 'ACP': 0.0221123421134553, 'JSW': 0.0163392725050392, 'SFG': 0.11716035833467199, 'NTU': 0.09461428824192557, 'FFI': 0.08010243486271904, 'PBF': 0.07271118655840617, 'IZB': 0.05196962707426279, 'EQU': 0.046626120114635114, 'BST': 0.04536984402730836, 'PBG': 0.02681770562164879, 'SKL': 0.023010245433345934, 'FMG': 0.013819707888132126, 'CPI': 0.009666111850481007}"
1014,2022-11-21,107359.99973996126,-1.4551915228366852e-11,"{'PKN': 0.15036990256087415, 'DNP': 0.08316351043557094, 'LPP': 0.056091217342529885, 'PGE': 0.03577848902698993, 'KTY': 0.030115510437084336, 'PCO': 0.024162125570919384, 'ACP': 0.0221123421134553, 'JSW': 0.0163392725050392, 'SFG': 0.11716035833467199, 'NTU': 0.09461428824192557, 'FFI': 0.08010243486271904, 'PBF': 0.07271118655840617, 'IZB': 0.05196962707426279, 'EQU': 0.046626120114635114, 'BST': 0.04536984402730836, 'PBG': 0.02681770562164879, 'SKL': 0.023010245433345934, 'FMG': 0.013819707888132126, 'CPI': 0.009666111850481007}"
1015,2022-11-22,108263.71001284121,-1.4551915228366852e-11,"{'PKN': 0.15036990256087415, 'DNP': 0.08316351043557094, 'LPP': 0.056091217342529885, 'PGE': 0.03577848902698993, 'KTY': 0.030115510437084336, 'PCO': 0.024162125570919384, 'ACP': 0.0221123421134553, 'JSW': 0.0163392725050392, 'SFG': 0.11716035833467199, 'NTU': 0.09461428824192557, 'FFI': 0.08010243486271904, 'PBF': 0.07271118655840617, 'IZB': 0.05196962707426279, 'EQU': 0.046626120114635114, 'BST': 0.04536984402730836, 'PBG': 0.02681770562164879, 'SKL': 0.023010245433345934, 'FMG': 0.013819707888132126, 'CPI': 0.009666111850481007}"
1016,2022-11-23,108410.63644234814,-1.4551915228366852e-11,"{'PKN': 0.15036990256087415, 'DNP': 0.08316351043557094, 'LPP': 0.056091217342529885, 'PGE': 0.03577848902698993, 'KTY': 0.030115510437084336, 'PCO': 0.024162125570919384, 'ACP': 0.0221123421134553, 'JSW': 0.0163392725050392, 'SFG': 0.11716035833467199, 'NTU': 0.09461428824192557, 'FFI': 0.08010243486271904, 'PBF': 0.07271118655840617, 'IZB': 0.05196962707426279, 'EQU': 0.046626120114635114, 'BST': 0.04536984402730836, 'PBG': 0.02681770562164879, 'SKL': 0.023010245433345934, 'FMG': 0.013819707888132126, 'CPI': 0.009666111850481007}"
1017,2022-11-24,109194.06841398166,-1.4551915228366852e-11,"{'PKN': 0.15036990256087415, 'DNP': 0.08316351043557094, 'LPP': 0.056091217342529885, 'PGE': 0.03577848902698993, 'KTY': 0.030115510437084336, 'PCO': 0.024162125570919384, 'ACP': 0.0221123421134553, 'JSW': 0.0163392725050392, 'SFG': 0.11716035833467199, 'NTU': 0.09461428824192557, 'FFI': 0.08010243486271904, 'PBF': 0.07271118655840617, 'IZB': 0.05196962707426279, 'EQU': 0.046626120114635114, 'BST': 0.04536984402730836, 'PBG': 0.02681770562164879, 'SKL': 0.023010245433345934, 'FMG': 0.013819707888132126, 'CPI': 0.009666111850481007}"
1018,2022-11-25,105691.93214254483,-1.4551915228366852e-11,"{'PKN': 0.15036990256087415, 'DNP': 0.08316351043557094, 'LPP': 0.056091217342529885, 'PGE': 0.03577848902698993, 'KTY': 0.030115510437084336, 'PCO': 0.024162125570919384, 'ACP': 0.0221123421134553, 'JSW': 0.0163392725050392, 'SFG': 0.11716035833467199, 'NTU': 0.09461428824192557, 'FFI': 0.08010243486271904, 'PBF': 0.07271118655840617, 'IZB': 0.05196962707426279, 'EQU': 0.046626120114635114, 'BST': 0.04536984402730836, 'PBG': 0.02681770562164879, 'SKL': 0.023010245433345934, 'FMG': 0.013819707888132126, 'CPI': 0.009666111850481007}"
1019,2022-11-28,107621.77030491407,-1.4551915228366852e-11,"{'PKN': 0.15036990256087415, 'DNP': 0.08316351043557094, 'LPP': 0.056091217342529885, 'PGE': 0.03577848902698993, 'KTY': 0.030115510437084336, 'PCO': 0.024162125570919384, 'ACP': 0.0221123421134553, 'JSW': 0.0163392725050392, 'SFG': 0.11716035833467199, 'NTU': 0.09461428824192557, 'FFI': 0.08010243486271904, 'PBF': 0.07271118655840617, 'IZB': 0.05196962707426279, 'EQU': 0.046626120114635114, 'BST': 0.04536984402730836, 'PBG': 0.02681770562164879, 'SKL': 0.023010245433345934, 'FMG': 0.013819707888132126, 'CPI': 0.009666111850481007}"
1020,2022-11-29,108482.43609826792,-1.4551915228366852e-11,"{'PKN': 0.15036990256087415, 'DNP': 0.08316351043557094, 'LPP': 0.056091217342529885, 'PGE': 0.03577848902698993, 'KTY': 0.030115510437084336, 'PCO': 0.024162125570919384, 'ACP': 0.0221123421134553, 'JSW': 0.0163392725050392, 'SFG': 0.11716035833467199, 'NTU': 0.09461428824192557, 'FFI': 0.08010243486271904, 'PBF': 0.07271118655840617, 'IZB': 0.05196962707426279, 'EQU': 0.046626120114635114, 'BST': 0.04536984402730836, 'PBG': 0.02681770562164879, 'SKL': 0.023010245433345934, 'FMG': 0.013819707888132126, 'CPI': 0.009666111850481007}"
1021,2022-11-30,109713.77188854845,-1.4551915228366852e-11,"{'PKN': 0.15036990256087415, 'DNP': 0.08316351043557094, 'LPP': 0.056091217342529885, 'PGE': 0.03577848902698993, 'KTY': 0.030115510437084336, 'PCO': 0.024162125570919384, 'ACP': 0.0221123421134553, 'JSW': 0.0163392725050392, 'SFG': 0.11716035833467199, 'NTU': 0.09461428824192557, 'FFI': 0.08010243486271904, 'PBF': 0.07271118655840617, 'IZB': 0.05196962707426279, 'EQU': 0.046626120114635114, 'BST': 0.04536984402730836, 'PBG': 0.02681770562164879, 'SKL': 0.023010245433345934, 'FMG': 0.013819707888132126, 'CPI': 0.009666111850481007}"
1022,2022-12-01,112165.05179004089,-1.4551915228366852e-11,"{'PKN': 0.15036990256087415, 'DNP': 0.08316351043557094, 'LPP': 0.056091217342529885, 'PGE': 0.03577848902698993, 'KTY': 0.030115510437084336, 'PCO': 0.024162125570919384, 'ACP': 0.0221123421134553, 'JSW': 0.0163392725050392, 'SFG': 0.11716035833467199, 'NTU': 0.09461428824192557, 'FFI': 0.08010243486271904, 'PBF': 0.07271118655840617, 'IZB': 0.05196962707426279, 'EQU': 0.046626120114635114, 'BST': 0.04536984402730836, 'PBG': 0.02681770562164879, 'SKL': 0.023010245433345934, 'FMG': 0.013819707888132126, 'CPI': 0.009666111850481007}"
1023,2022-12-02,110260.36218301099,-1.4551915228366852e-11,"{'PKN': 0.15036990256087415, 'DNP': 0.08316351043557094, 'LPP': 0.056091217342529885, 'PGE': 0.03577848902698993, 'KTY': 0.030115510437084336, 'PCO': 0.024162125570919384, 'ACP': 0.0221123421134553, 'JSW': 0.0163392725050392, 'SFG': 0.11716035833467199, 'NTU': 0.09461428824192557, 'FFI': 0.08010243486271904, 'PBF': 0.07271118655840617, 'IZB': 0.05196962707426279, 'EQU': 0.046626120114635114, 'BST': 0.04536984402730836, 'PBG': 0.02681770562164879, 'SKL': 0.023010245433345934, 'FMG': 0.013819707888132126, 'CPI': 0.009666111850481007}"
1024,2022-12-05,111531.65829525178,-1.4551915228366852e-11,"{'PKN': 0.15036990256087415, 'DNP': 0.08316351043557094, 'LPP': 0.056091217342529885, 'PGE': 0.03577848902698993, 'KTY': 0.030115510437084336, 'PCO': 0.024162125570919384, 'ACP': 0.0221123421134553, 'JSW': 0.0163392725050392, 'SFG': 0.11716035833467199, 'NTU': 0.09461428824192557, 'FFI': 0.08010243486271904, 'PBF': 0.07271118655840617, 'IZB': 0.05196962707426279, 'EQU': 0.046626120114635114, 'BST': 0.04536984402730836, 'PBG': 0.02681770562164879, 'SKL': 0.023010245433345934, 'FMG': 0.013819707888132126, 'CPI': 0.009666111850481007}"
1025,2022-12-06,112341.26321839899,-1.4551915228366852e-11,"{'PKN': 0.15036990256087415, 'DNP': 0.08316351043557094, 'LPP': 0.056091217342529885, 'PGE': 0.03577848902698993, 'KTY': 0.030115510437084336, 'PCO': 0.024162125570919384, 'ACP': 0.0221123421134553, 'JSW': 0.0163392725050392, 'SFG': 0.11716035833467199, 'NTU': 0.09461428824192557, 'FFI': 0.08010243486271904, 'PBF': 0.07271118655840617, 'IZB': 0.05196962707426279, 'EQU': 0.046626120114635114, 'BST': 0.04536984402730836, 'PBG': 0.02681770562164879, 'SKL': 0.023010245433345934, 'FMG': 0.013819707888132126, 'CPI': 0.009666111850481007}"
1026,2022-12-07,111815.4910518254,-1.4551915228366852e-11,"{'PKN': 0.15036990256087415, 'DNP': 0.08316351043557094, 'LPP': 0.056091217342529885, 'PGE': 0.03577848902698993, 'KTY': 0.030115510437084336, 'PCO': 0.024162125570919384, 'ACP': 0.0221123421134553, 'JSW': 0.0163392725050392, 'SFG': 0.11716035833467199, 'NTU': 0.09461428824192557, 'FFI': 0.08010243486271904, 'PBF': 0.07271118655840617, 'IZB': 0.05196962707426279, 'EQU': 0.046626120114635114, 'BST': 0.04536984402730836, 'PBG': 0.02681770562164879, 'SKL': 0.023010245433345934, 'FMG': 0.013819707888132126, 'CPI': 0.009666111850481007}"
1027,2022-12-08,112398.86189584105,-1.4551915228366852e-11,"{'PKN': 0.15036990256087415, 'DNP': 0.08316351043557094, 'LPP': 0.056091217342529885, 'PGE': 0.03577848902698993, 'KTY': 0.030115510437084336, 'PCO': 0.024162125570919384, 'ACP': 0.0221123421134553, 'JSW': 0.0163392725050392, 'SFG': 0.11716035833467199, 'NTU': 0.09461428824192557, 'FFI': 0.08010243486271904, 'PBF': 0.07271118655840617, 'IZB': 0.05196962707426279, 'EQU': 0.046626120114635114, 'BST': 0.04536984402730836, 'PBG': 0.02681770562164879, 'SKL': 0.023010245433345934, 'FMG': 0.013819707888132126, 'CPI': 0.009666111850481007}"
1028,2022-12-09,114327.39755192683,-1.4551915228366852e-11,"{'PKN': 0.15036990256087415, 'DNP': 0.08316351043557094, 'LPP': 0.056091217342529885, 'PGE': 0.03577848902698993, 'KTY': 0.030115510437084336, 'PCO': 0.024162125570919384, 'ACP': 0.0221123421134553, 'JSW': 0.0163392725050392, 'SFG': 0.11716035833467199, 'NTU': 0.09461428824192557, 'FFI': 0.08010243486271904, 'PBF': 0.07271118655840617, 'IZB': 0.05196962707426279, 'EQU': 0.046626120114635114, 'BST': 0.04536984402730836, 'PBG': 0.02681770562164879, 'SKL': 0.023010245433345934, 'FMG': 0.013819707888132126, 'CPI': 0.009666111850481007}"
1029,2022-12-12,116629.28183862634,-1.4551915228366852e-11,"{'PKN': 0.15036990256087415, 'DNP': 0.08316351043557094, 'LPP': 0.056091217342529885, 'PGE': 0.03577848902698993, 'KTY': 0.030115510437084336, 'PCO': 0.024162125570919384, 'ACP': 0.0221123421134553, 'JSW': 0.0163392725050392, 'SFG': 0.11716035833467199, 'NTU': 0.09461428824192557, 'FFI': 0.08010243486271904, 'PBF': 0.07271118655840617, 'IZB': 0.05196962707426279, 'EQU': 0.046626120114635114, 'BST': 0.04536984402730836, 'PBG': 0.02681770562164879, 'SKL': 0.023010245433345934, 'FMG': 0.013819707888132126, 'CPI': 0.009666111850481007}"
1030,2022-12-13,115569.90874472131,-1.4551915228366852e-11,"{'PKN': 0.15036990256087415, 'DNP': 0.08316351043557094, 'LPP': 0.056091217342529885, 'PGE': 0.03577848902698993, 'KTY': 0.030115510437084336, 'PCO': 0.024162125570919384, 'ACP': 0.0221123421134553, 'JSW': 0.0163392725050392, 'SFG': 0.11716035833467199, 'NTU': 0.09461428824192557, 'FFI': 0.08010243486271904, 'PBF': 0.07271118655840617, 'IZB': 0.05196962707426279, 'EQU': 0.046626120114635114, 'BST': 0.04536984402730836, 'PBG': 0.02681770562164879, 'SKL': 0.023010245433345934, 'FMG': 0.013819707888132126, 'CPI': 0.009666111850481007}"
1031,2022-12-14,114107.83832445713,-1.4551915228366852e-11,"{'PKN': 0.15036990256087415, 'DNP': 0.08316351043557094, 'LPP': 0.056091217342529885, 'PGE': 0.03577848902698993, 'KTY': 0.030115510437084336, 'PCO': 0.024162125570919384, 'ACP': 0.0221123421134553, 'JSW': 0.0163392725050392, 'SFG': 0.11716035833467199, 'NTU': 0.09461428824192557, 'FFI': 0.08010243486271904, 'PBF': 0.07271118655840617, 'IZB': 0.05196962707426279, 'EQU': 0.046626120114635114, 'BST': 0.04536984402730836, 'PBG': 0.02681770562164879, 'SKL': 0.023010245433345934, 'FMG': 0.013819707888132126, 'CPI': 0.009666111850481007}"
1032,2022-12-15,114369.54154207188,-1.4551915228366852e-11,"{'PKN': 0.15036990256087415, 'DNP': 0.08316351043557094, 'LPP': 0.056091217342529885, 'PGE': 0.03577848902698993, 'KTY': 0.030115510437084336, 'PCO': 0.024162125570919384, 'ACP': 0.0221123421134553, 'JSW': 0.0163392725050392, 'SFG': 0.11716035833467199, 'NTU': 0.09461428824192557, 'FFI': 0.08010243486271904, 'PBF': 0.07271118655840617, 'IZB': 0.05196962707426279, 'EQU': 0.046626120114635114, 'BST': 0.04536984402730836, 'PBG': 0.02681770562164879, 'SKL': 0.023010245433345934, 'FMG': 0.013819707888132126, 'CPI': 0.009666111850481007}"
1033,2022-12-16,112269.43282778336,-1.4551915228366852e-11,"{'PKN': 0.15036990256087415, 'DNP': 0.08316351043557094, 'LPP': 0.056091217342529885, 'PGE': 0.03577848902698993, 'KTY': 0.030115510437084336, 'PCO': 0.024162125570919384, 'ACP': 0.0221123421134553, 'JSW': 0.0163392725050392, 'SFG': 0.11716035833467199, 'NTU': 0.09461428824192557, 'FFI': 0.08010243486271904, 'PBF': 0.07271118655840617, 'IZB': 0.05196962707426279, 'EQU': 0.046626120114635114, 'BST': 0.04536984402730836, 'PBG': 0.02681770562164879, 'SKL': 0.023010245433345934, 'FMG': 0.013819707888132126, 'CPI': 0.009666111850481007}"
1034,2022-12-19,113881.88442911163,-1.4551915228366852e-11,"{'PKN': 0.15036990256087415, 'DNP': 0.08316351043557094, 'LPP': 0.056091217342529885, 'PGE': 0.03577848902698993, 'KTY': 0.030115510437084336, 'PCO': 0.024162125570919384, 'ACP': 0.0221123421134553, 'JSW': 0.0163392725050392, 'SFG': 0.11716035833467199, 'NTU': 0.09461428824192557, 'FFI': 0.08010243486271904, 'PBF': 0.07271118655840617, 'IZB': 0.05196962707426279, 'EQU': 0.046626120114635114, 'BST': 0.04536984402730836, 'PBG': 0.02681770562164879, 'SKL': 0.023010245433345934, 'FMG': 0.013819707888132126, 'CPI': 0.009666111850481007}"
1035,2022-12-20,115512.09100612624,-1.4551915228366852e-11,"{'PKN': 0.15036990256087415, 'DNP': 0.08316351043557094, 'LPP': 0.056091217342529885, 'PGE': 0.03577848902698993, 'KTY': 0.030115510437084336, 'PCO': 0.024162125570919384, 'ACP': 0.0221123421134553, 'JSW': 0.0163392725050392, 'SFG': 0.11716035833467199, 'NTU': 0.09461428824192557, 'FFI': 0.08010243486271904, 'PBF': 0.07271118655840617, 'IZB': 0.05196962707426279, 'EQU': 0.046626120114635114, 'BST': 0.04536984402730836, 'PBG': 0.02681770562164879, 'SKL': 0.023010245433345934, 'FMG': 0.013819707888132126, 'CPI': 0.009666111850481007}"
1036,2022-12-21,114015.27577311505,-1.4551915228366852e-11,"{'PKN': 0.15036990256087415, 'DNP': 0.08316351043557094, 'LPP': 0.056091217342529885, 'PGE': 0.03577848902698993, 'KTY': 0.030115510437084336, 'PCO': 0.024162125570919384, 'ACP': 0.0221123421134553, 'JSW': 0.0163392725050392, 'SFG': 0.11716035833467199, 'NTU': 0.09461428824192557, 'FFI': 0.08010243486271904, 'PBF': 0.07271118655840617, 'IZB': 0.05196962707426279, 'EQU': 0.046626120114635114, 'BST': 0.04536984402730836, 'PBG': 0.02681770562164879, 'SKL': 0.023010245433345934, 'FMG': 0.013819707888132126, 'CPI': 0.009666111850481007}"
1037,2022-12-22,113884.32163539817,-1.4551915228366852e-11,"{'PKN': 0.15036990256087415, 'DNP': 0.08316351043557094, 'LPP': 0.056091217342529885, 'PGE': 0.03577848902698993, 'KTY': 0.030115510437084336, 'PCO': 0.024162125570919384, 'ACP': 0.0221123421134553, 'JSW': 0.0163392725050392, 'SFG': 0.11716035833467199, 'NTU': 0.09461428824192557, 'FFI': 0.08010243486271904, 'PBF': 0.07271118655840617, 'IZB': 0.05196962707426279, 'EQU': 0.046626120114635114, 'BST': 0.04536984402730836, 'PBG': 0.02681770562164879, 'SKL': 0.023010245433345934, 'FMG': 0.013819707888132126, 'CPI': 0.009666111850481007}"
1038,2022-12-23,114131.35649808412,-1.4551915228366852e-11,"{'PKN': 0.15036990256087415, 'DNP': 0.08316351043557094, 'LPP': 0.056091217342529885, 'PGE': 0.03577848902698993, 'KTY': 0.030115510437084336, 'PCO': 0.024162125570919384, 'ACP': 0.0221123421134553, 'JSW': 0.0163392725050392, 'SFG': 0.11716035833467199, 'NTU': 0.09461428824192557, 'FFI': 0.08010243486271904, 'PBF': 0.07271118655840617, 'IZB': 0.05196962707426279, 'EQU': 0.046626120114635114, 'BST': 0.04536984402730836, 'PBG': 0.02681770562164879, 'SKL': 0.023010245433345934, 'FMG': 0.013819707888132126, 'CPI': 0.009666111850481007}"
1039,2022-12-26,114131.35649808412,-1.4551915228366852e-11,"{'PKN': 0.15036990256087415, 'DNP': 0.08316351043557094, 'LPP': 0.056091217342529885, 'PGE': 0.03577848902698993, 'KTY': 0.030115510437084336, 'PCO': 0.024162125570919384, 'ACP': 0.0221123421134553, 'JSW': 0.0163392725050392, 'SFG': 0.11716035833467199, 'NTU': 0.09461428824192557, 'FFI': 0.08010243486271904, 'PBF': 0.07271118655840617, 'IZB': 0.05196962707426279, 'EQU': 0.046626120114635114, 'BST': 0.04536984402730836, 'PBG': 0.02681770562164879, 'SKL': 0.023010245433345934, 'FMG': 0.013819707888132126, 'CPI': 0.009666111850481007}"
1040,2022-12-27,112244.02351188299,-1.4551915228366852e-11,"{'PKN': 0.15036990256087415, 'DNP': 0.08316351043557094, 'LPP': 0.056091217342529885, 'PGE': 0.03577848902698993, 'KTY': 0.030115510437084336, 'PCO': 0.024162125570919384, 'ACP': 0.0221123421134553, 'JSW': 0.0163392725050392, 'SFG': 0.11716035833467199, 'NTU': 0.09461428824192557, 'FFI': 0.08010243486271904, 'PBF': 0.07271118655840617, 'IZB': 0.05196962707426279, 'EQU': 0.046626120114635114, 'BST': 0.04536984402730836, 'PBG': 0.02681770562164879, 'SKL': 0.023010245433345934, 'FMG': 0.013819707888132126, 'CPI': 0.009666111850481007}"
1041,2022-12-28,110874.00906632008,-1.4551915228366852e-11,"{'PKN': 0.15036990256087415, 'DNP': 0.08316351043557094, 'LPP': 0.056091217342529885, 'PGE': 0.03577848902698993, 'KTY': 0.030115510437084336, 'PCO': 0.024162125570919384, 'ACP': 0.0221123421134553, 'JSW': 0.0163392725050392, 'SFG': 0.11716035833467199, 'NTU': 0.09461428824192557, 'FFI': 0.08010243486271904, 'PBF': 0.07271118655840617, 'IZB': 0.05196962707426279, 'EQU': 0.046626120114635114, 'BST': 0.04536984402730836, 'PBG': 0.02681770562164879, 'SKL': 0.023010245433345934, 'FMG': 0.013819707888132126, 'CPI': 0.009666111850481007}"
1042,2022-12-29,112464.40317915665,-1.4551915228366852e-11,"{'PKN': 0.15036990256087415, 'DNP': 0.08316351043557094, 'LPP': 0.056091217342529885, 'PGE': 0.03577848902698993, 'KTY': 0.030115510437084336, 'PCO': 0.024162125570919384, 'ACP': 0.0221123421134553, 'JSW': 0.0163392725050392, 'SFG': 0.11716035833467199, 'NTU': 0.09461428824192557, 'FFI': 0.08010243486271904, 'PBF': 0.07271118655840617, 'IZB': 0.05196962707426279, 'EQU': 0.046626120114635114, 'BST': 0.04536984402730836, 'PBG': 0.02681770562164879, 'SKL': 0.023010245433345934, 'FMG': 0.013819707888132126, 'CPI': 0.009666111850481007}"
1043,2022-12-30,112652.16773669375,-1.4551915228366852e-11,"{'PKN': 0.15036990256087415, 'DNP': 0.08316351043557094, 'LPP': 0.056091217342529885, 'PGE': 0.03577848902698993, 'KTY': 0.030115510437084336, 'PCO': 0.024162125570919384, 'ACP': 0.0221123421134553, 'JSW': 0.0163392725050392, 'SFG': 0.11716035833467199, 'NTU': 0.09461428824192557, 'FFI': 0.08010243486271904, 'PBF': 0.07271118655840617, 'IZB': 0.05196962707426279, 'EQU': 0.046626120114635114, 'BST': 0.04536984402730836, 'PBG': 0.02681770562164879, 'SKL': 0.023010245433345934, 'FMG': 0.013819707888132126, 'CPI': 0.009666111850481007}"
