,date,nav,cash,weights
0,2019-01-01,100000.0,-2.9103830456733704e-11,"{'PKO': 0.16458196181698487, 'PKN': 0.15832784726793944, 'PZU': 0.12585034013605442, 'PEO': 0.08953258722843976, 'KGH': 0.06583278472679395, 'SPL': 0.06495501426377003, 'LPP': 0.05584814570989686, 'PGE': 0.05102040816326531, 'CDR': 0.05069124423963134, 'CPS': 0.032916392363396975, 'CCC': 0.028198376124643404, 'MBK': 0.027978933508887423, 'ALR': 0.024577572964669742, 'JSW': 0.020517884573184115, 'OPL': 0.017006802721088437, 'TPE': 0.01217906517445688, 'ENG': 0.009984639016897081}"
1,2019-01-02,101194.93143319883,-2.9103830456733704e-11,"{'PKO': 0.16458196181698487, 'PKN': 0.15832784726793944, 'PZU': 0.12585034013605442, 'PEO': 0.08953258722843976, 'KGH': 0.06583278472679395, 'SPL': 0.06495501426377003, 'LPP': 0.05584814570989686, 'PGE': 0.05102040816326531, 'CDR': 0.05069124423963134, 'CPS': 0.032916392363396975, 'CCC': 0.028198376124643404, 'MBK': 0.027978933508887423, 'ALR': 0.024577572964669742, 'JSW': 0.020517884573184115, 'OPL': 0.017006802721088437, 'TPE': 0.01217906517445688, 'ENG': 0.009984639016897081}"
2,2019-01-03,98607.84164374163,-2.9103830456733704e-11,"{'PKO': 0.16458196181698487, 'PKN': 0.15832784726793944, 'PZU': 0.12585034013605442, 'PEO': 0.08953258722843976, 'KGH': 0.06583278472679395, 'SPL': 0.06495501426377003, 'LPP': 0.05584814570989686, 'PGE': 0.05102040816326531, 'CDR': 0.05069124423963134, 'CPS': 0.032916392363396975, 'CCC': 0.028198376124643404, 'MBK': 0.027978933508887423, 'ALR': 0.024577572964669742, 'JSW': 0.020517884573184115, 'OPL': 0.017006802721088437, 'TPE': 0.01217906517445688, 'ENG': 0.009984639016897081}"
3,2019-01-04,100410.7835581436,-2.9103830456733704e-11,"{'PKO': 0.16458196181698487, 'PKN': 0.15832784726793944, 'PZU': 0.12585034013605442, 'PEO': 0.08953258722843976, 'KGH': 0.06583278472679395, 'SPL': 0.06495501426377003, 'LPP': 0.05584814570989686, 'PGE': 0.05102040816326531, 'CDR': 0.05069124423963134, 'CPS': 0.032916392363396975, 'CCC': 0.028198376124643404, 'MBK': 0.027978933508887423, 'ALR': 0.024577572964669742, 'JSW': 0.020517884573184115, 'OPL': 0.017006802721088437, 'TPE': 0.01217906517445688, 'ENG': 0.009984639016897081}"
4,2019-01-07,102249.31906070784,-2.9103830456733704e-11,"{'PKO': 0.16458196181698487, 'PKN': 0.15832784726793944, 'PZU': 0.12585034013605442, 'PEO': 0.08953258722843976, 'KGH': 0.06583278472679395, 'SPL': 0.06495501426377003, 'LPP': 0.05584814570989686, 'PGE': 0.05102040816326531, 'CDR': 0.05069124423963134, 'CPS': 0.032916392363396975, 'CCC': 0.028198376124643404, 'MBK': 0.027978933508887423, 'ALR': 0.024577572964669742, 'JSW': 0.020517884573184115, 'OPL': 0.017006802721088437, 'TPE': 0.01217906517445688, 'ENG': 0.009984639016897081}"
5,2019-01-08,101980.46423233258,-2.9103830456733704e-11,"{'PKO': 0.16458196181698487, 'PKN': 0.15832784726793944, 'PZU': 0.12585034013605442, 'PEO': 0.08953258722843976, 'KGH': 0.06583278472679395, 'SPL': 0.06495501426377003, 'LPP': 0.05584814570989686, 'PGE': 0.05102040816326531, 'CDR': 0.05069124423963134, 'CPS': 0.032916392363396975, 'CCC': 0.028198376124643404, 'MBK': 0.027978933508887423, 'ALR': 0.024577572964669742, 'JSW': 0.020517884573184115, 'OPL': 0.017006802721088437, 'TPE': 0.01217906517445688, 'ENG': 0.009984639016897081}"
6,2019-01-09,102558.48861721907,-2.9103830456733704e-11,"{'PKO': 0.16458196181698487, 'PKN': 0.15832784726793944, 'PZU': 0.12585034013605442, 'PEO': 0.08953258722843976, 'KGH': 0.06583278472679395, 'SPL': 0.06495501426377003, 'LPP': 0.05584814570989686, 'PGE': 0.05102040816326531, 'CDR': 0.05069124423963134, 'CPS': 0.032916392363396975, 'CCC': 0.028198376124643404, 'MBK': 0.027978933508887423, 'ALR': 0.024577572964669742, 'JSW': 0.020517884573184115, 'OPL': 0.017006802721088437, 'TPE': 0.01217906517445688, 'ENG': 0.009984639016897081}"
7,2019-01-10,102223.89307663948,-2.9103830456733704e-11,"{'PKO': 0.16458196181698487, 'PKN': 0.15832784726793944, 'PZU': 0.12585034013605442, 'PEO': 0.08953258722843976, 'KGH': 0.06583278472679395, 'SPL': 0.06495501426377003, 'LPP': 0.05584814570989686, 'PGE': 0.05102040816326531, 'CDR': 0.05069124423963134, 'CPS': 0.032916392363396975, 'CCC': 0.028198376124643404, 'MBK': 0.027978933508887423, 'ALR': 0.024577572964669742, 'JSW': 0.020517884573184115, 'OPL': 0.017006802721088437, 'TPE': 0.01217906517445688, 'ENG': 0.009984639016897081}"
8,2019-01-11,102273.57953328367,-2.9103830456733704e-11,"{'PKO': 0.16458196181698487, 'PKN': 0.15832784726793944, 'PZU': 0.12585034013605442, 'PEO': 0.08953258722843976, 'KGH': 0.06583278472679395, 'SPL': 0.06495501426377003, 'LPP': 0.05584814570989686, 'PGE': 0.05102040816326531, 'CDR': 0.05069124423963134, 'CPS': 0.032916392363396975, 'CCC': 0.028198376124643404, 'MBK': 0.027978933508887423, 'ALR': 0.024577572964669742, 'JSW': 0.020517884573184115, 'OPL': 0.017006802721088437, 'TPE': 0.01217906517445688, 'ENG': 0.009984639016897081}"
9,2019-01-14,101869.86751651816,-2.9103830456733704e-11,"{'PKO': 0.16458196181698487, 'PKN': 0.15832784726793944, 'PZU': 0.12585034013605442, 'PEO': 0.08953258722843976, 'KGH': 0.06583278472679395, 'SPL': 0.06495501426377003, 'LPP': 0.05584814570989686, 'PGE': 0.05102040816326531, 'CDR': 0.05069124423963134, 'CPS': 0.032916392363396975, 'CCC': 0.028198376124643404, 'MBK': 0.027978933508887423, 'ALR': 0.024577572964669742, 'JSW': 0.020517884573184115, 'OPL': 0.017006802721088437, 'TPE': 0.01217906517445688, 'ENG': 0.009984639016897081}"
10,2019-01-15,102639.96150690141,-2.9103830456733704e-11,"{'PKO': 0.16458196181698487, 'PKN': 0.15832784726793944, 'PZU': 0.12585034013605442, 'PEO': 0.08953258722843976, 'KGH': 0.06583278472679395, 'SPL': 0.06495501426377003, 'LPP': 0.05584814570989686, 'PGE': 0.05102040816326531, 'CDR': 0.05069124423963134, 'CPS': 0.032916392363396975, 'CCC': 0.028198376124643404, 'MBK': 0.027978933508887423, 'ALR': 0.024577572964669742, 'JSW': 0.020517884573184115, 'OPL': 0.017006802721088437, 'TPE': 0.01217906517445688, 'ENG': 0.009984639016897081}"
11,2019-01-16,103275.88130406098,-2.9103830456733704e-11,"{'PKO': 0.16458196181698487, 'PKN': 0.15832784726793944, 'PZU': 0.12585034013605442, 'PEO': 0.08953258722843976, 'KGH': 0.06583278472679395, 'SPL': 0.06495501426377003, 'LPP': 0.05584814570989686, 'PGE': 0.05102040816326531, 'CDR': 0.05069124423963134, 'CPS': 0.032916392363396975, 'CCC': 0.028198376124643404, 'MBK': 0.027978933508887423, 'ALR': 0.024577572964669742, 'JSW': 0.020517884573184115, 'OPL': 0.017006802721088437, 'TPE': 0.01217906517445688, 'ENG': 0.009984639016897081}"
12,2019-01-17,103112.13832720953,-2.9103830456733704e-11,"{'PKO': 0.16458196181698487, 'PKN': 0.15832784726793944, 'PZU': 0.12585034013605442, 'PEO': 0.08953258722843976, 'KGH': 0.06583278472679395, 'SPL': 0.06495501426377003, 'LPP': 0.05584814570989686, 'PGE': 0.05102040816326531, 'CDR': 0.05069124423963134, 'CPS': 0.032916392363396975, 'CCC': 0.028198376124643404, 'MBK': 0.027978933508887423, 'ALR': 0.024577572964669742, 'JSW': 0.020517884573184115, 'OPL': 0.017006802721088437, 'TPE': 0.01217906517445688, 'ENG': 0.009984639016897081}"
13,2019-01-18,103981.9190171508,-2.9103830456733704e-11,"{'PKO': 0.16458196181698487, 'PKN': 0.15832784726793944, 'PZU': 0.12585034013605442, 'PEO': 0.08953258722843976, 'KGH': 0.06583278472679395, 'SPL': 0.06495501426377003, 'LPP': 0.05584814570989686, 'PGE': 0.05102040816326531, 'CDR': 0.05069124423963134, 'CPS': 0.032916392363396975, 'CCC': 0.028198376124643404, 'MBK': 0.027978933508887423, 'ALR': 0.024577572964669742, 'JSW': 0.020517884573184115, 'OPL': 0.017006802721088437, 'TPE': 0.01217906517445688, 'ENG': 0.009984639016897081}"
14,2019-01-21,103174.6750557872,-2.9103830456733704e-11,"{'PKO': 0.16458196181698487, 'PKN': 0.15832784726793944, 'PZU': 0.12585034013605442, 'PEO': 0.08953258722843976, 'KGH': 0.06583278472679395, 'SPL': 0.06495501426377003, 'LPP': 0.05584814570989686, 'PGE': 0.05102040816326531, 'CDR': 0.05069124423963134, 'CPS': 0.032916392363396975, 'CCC': 0.028198376124643404, 'MBK': 0.027978933508887423, 'ALR': 0.024577572964669742, 'JSW': 0.020517884573184115, 'OPL': 0.017006802721088437, 'TPE': 0.01217906517445688, 'ENG': 0.009984639016897081}"
15,2019-01-22,103182.54954656928,-2.9103830456733704e-11,"{'PKO': 0.16458196181698487, 'PKN': 0.15832784726793944, 'PZU': 0.12585034013605442, 'PEO': 0.08953258722843976, 'KGH': 0.06583278472679395, 'SPL': 0.06495501426377003, 'LPP': 0.05584814570989686, 'PGE': 0.05102040816326531, 'CDR': 0.05069124423963134, 'CPS': 0.032916392363396975, 'CCC': 0.028198376124643404, 'MBK': 0.027978933508887423, 'ALR': 0.024577572964669742, 'JSW': 0.020517884573184115, 'OPL': 0.017006802721088437, 'TPE': 0.01217906517445688, 'ENG': 0.009984639016897081}"
16,2019-01-23,105312.54558962771,-2.9103830456733704e-11,"{'PKO': 0.16458196181698487, 'PKN': 0.15832784726793944, 'PZU': 0.12585034013605442, 'PEO': 0.08953258722843976, 'KGH': 0.06583278472679395, 'SPL': 0.06495501426377003, 'LPP': 0.05584814570989686, 'PGE': 0.05102040816326531, 'CDR': 0.05069124423963134, 'CPS': 0.032916392363396975, 'CCC': 0.028198376124643404, 'MBK': 0.027978933508887423, 'ALR': 0.024577572964669742, 'JSW': 0.020517884573184115, 'OPL': 0.017006802721088437, 'TPE': 0.01217906517445688, 'ENG': 0.009984639016897081}"
17,2019-01-24,105347.1331149801,-2.9103830456733704e-11,"{'PKO': 0.16458196181698487, 'PKN': 0.15832784726793944, 'PZU': 0.12585034013605442, 'PEO': 0.08953258722843976, 'KGH': 0.06583278472679395, 'SPL': 0.06495501426377003, 'LPP': 0.05584814570989686, 'PGE': 0.05102040816326531, 'CDR': 0.05069124423963134, 'CPS': 0.032916392363396975, 'CCC': 0.028198376124643404, 'MBK': 0.027978933508887423, 'ALR': 0.024577572964669742, 'JSW': 0.020517884573184115, 'OPL': 0.017006802721088437, 'TPE': 0.01217906517445688, 'ENG': 0.009984639016897081}"
18,2019-01-25,105027.56785588745,-2.9103830456733704e-11,"{'PKO': 0.16458196181698487, 'PKN': 0.15832784726793944, 'PZU': 0.12585034013605442, 'PEO': 0.08953258722843976, 'KGH': 0.06583278472679395, 'SPL': 0.06495501426377003, 'LPP': 0.05584814570989686, 'PGE': 0.05102040816326531, 'CDR': 0.05069124423963134, 'CPS': 0.032916392363396975, 'CCC': 0.028198376124643404, 'MBK': 0.027978933508887423, 'ALR': 0.024577572964669742, 'JSW': 0.020517884573184115, 'OPL': 0.017006802721088437, 'TPE': 0.01217906517445688, 'ENG': 0.009984639016897081}"
19,2019-01-28,103897.26030100536,-2.9103830456733704e-11,"{'PKO': 0.16458196181698487, 'PKN': 0.15832784726793944, 'PZU': 0.12585034013605442, 'PEO': 0.08953258722843976, 'KGH': 0.06583278472679395, 'SPL': 0.06495501426377003, 'LPP': 0.05584814570989686, 'PGE': 0.05102040816326531, 'CDR': 0.05069124423963134, 'CPS': 0.032916392363396975, 'CCC': 0.028198376124643404, 'MBK': 0.027978933508887423, 'ALR': 0.024577572964669742, 'JSW': 0.020517884573184115, 'OPL': 0.017006802721088437, 'TPE': 0.01217906517445688, 'ENG': 0.009984639016897081}"
20,2019-01-29,104145.93337395857,-2.9103830456733704e-11,"{'PKO': 0.16458196181698487, 'PKN': 0.15832784726793944, 'PZU': 0.12585034013605442, 'PEO': 0.08953258722843976, 'KGH': 0.06583278472679395, 'SPL': 0.06495501426377003, 'LPP': 0.05584814570989686, 'PGE': 0.05102040816326531, 'CDR': 0.05069124423963134, 'CPS': 0.032916392363396975, 'CCC': 0.028198376124643404, 'MBK': 0.027978933508887423, 'ALR': 0.024577572964669742, 'JSW': 0.020517884573184115, 'OPL': 0.017006802721088437, 'TPE': 0.01217906517445688, 'ENG': 0.009984639016897081}"
21,2019-01-30,103346.07813669964,-2.9103830456733704e-11,"{'PKO': 0.16458196181698487, 'PKN': 0.15832784726793944, 'PZU': 0.12585034013605442, 'PEO': 0.08953258722843976, 'KGH': 0.06583278472679395, 'SPL': 0.06495501426377003, 'LPP': 0.05584814570989686, 'PGE': 0.05102040816326531, 'CDR': 0.05069124423963134, 'CPS': 0.032916392363396975, 'CCC': 0.028198376124643404, 'MBK': 0.027978933508887423, 'ALR': 0.024577572964669742, 'JSW': 0.020517884573184115, 'OPL': 0.017006802721088437, 'TPE': 0.01217906517445688, 'ENG': 0.009984639016897081}"
22,2019-01-31,104275.90916398076,-2.9103830456733704e-11,"{'PKO': 0.16458196181698487, 'PKN': 0.15832784726793944, 'PZU': 0.12585034013605442, 'PEO': 0.08953258722843976, 'KGH': 0.06583278472679395, 'SPL': 0.06495501426377003, 'LPP': 0.05584814570989686, 'PGE': 0.05102040816326531, 'CDR': 0.05069124423963134, 'CPS': 0.032916392363396975, 'CCC': 0.028198376124643404, 'MBK': 0.027978933508887423, 'ALR': 0.024577572964669742, 'JSW': 0.020517884573184115, 'OPL': 0.017006802721088437, 'TPE': 0.01217906517445688, 'ENG': 0.009984639016897081}"
23,2019-02-01,105000.6632709511,-2.9103830456733704e-11,"{'PKO': 0.16458196181698487, 'PKN': 0.15832784726793944, 'PZU': 0.12585034013605442, 'PEO': 0.08953258722843976, 'KGH': 0.06583278472679395, 'SPL': 0.06495501426377003, 'LPP': 0.05584814570989686, 'PGE': 0.05102040816326531, 'CDR': 0.05069124423963134, 'CPS': 0.032916392363396975, 'CCC': 0.028198376124643404, 'MBK': 0.027978933508887423, 'ALR': 0.024577572964669742, 'JSW': 0.020517884573184115, 'OPL': 0.017006802721088437, 'TPE': 0.01217906517445688, 'ENG': 0.009984639016897081}"
24,2019-02-04,104952.16924211872,-2.9103830456733704e-11,"{'PKO': 0.16458196181698487, 'PKN': 0.15832784726793944, 'PZU': 0.12585034013605442, 'PEO': 0.08953258722843976, 'KGH': 0.06583278472679395, 'SPL': 0.06495501426377003, 'LPP': 0.05584814570989686, 'PGE': 0.05102040816326531, 'CDR': 0.05069124423963134, 'CPS': 0.032916392363396975, 'CCC': 0.028198376124643404, 'MBK': 0.027978933508887423, 'ALR': 0.024577572964669742, 'JSW': 0.020517884573184115, 'OPL': 0.017006802721088437, 'TPE': 0.01217906517445688, 'ENG': 0.009984639016897081}"
25,2019-02-05,105764.7466970626,-2.9103830456733704e-11,"{'PKO': 0.16458196181698487, 'PKN': 0.15832784726793944, 'PZU': 0.12585034013605442, 'PEO': 0.08953258722843976, 'KGH': 0.06583278472679395, 'SPL': 0.06495501426377003, 'LPP': 0.05584814570989686, 'PGE': 0.05102040816326531, 'CDR': 0.05069124423963134, 'CPS': 0.032916392363396975, 'CCC': 0.028198376124643404, 'MBK': 0.027978933508887423, 'ALR': 0.024577572964669742, 'JSW': 0.020517884573184115, 'OPL': 0.017006802721088437, 'TPE': 0.01217906517445688, 'ENG': 0.009984639016897081}"
26,2019-02-06,105966.13609015434,-2.9103830456733704e-11,"{'PKO': 0.16458196181698487, 'PKN': 0.15832784726793944, 'PZU': 0.12585034013605442, 'PEO': 0.08953258722843976, 'KGH': 0.06583278472679395, 'SPL': 0.06495501426377003, 'LPP': 0.05584814570989686, 'PGE': 0.05102040816326531, 'CDR': 0.05069124423963134, 'CPS': 0.032916392363396975, 'CCC': 0.028198376124643404, 'MBK': 0.027978933508887423, 'ALR': 0.024577572964669742, 'JSW': 0.020517884573184115, 'OPL': 0.017006802721088437, 'TPE': 0.01217906517445688, 'ENG': 0.009984639016897081}"
27,2019-02-07,104172.29485700415,-2.9103830456733704e-11,"{'PKO': 0.16458196181698487, 'PKN': 0.15832784726793944, 'PZU': 0.12585034013605442, 'PEO': 0.08953258722843976, 'KGH': 0.06583278472679395, 'SPL': 0.06495501426377003, 'LPP': 0.05584814570989686, 'PGE': 0.05102040816326531, 'CDR': 0.05069124423963134, 'CPS': 0.032916392363396975, 'CCC': 0.028198376124643404, 'MBK': 0.027978933508887423, 'ALR': 0.024577572964669742, 'JSW': 0.020517884573184115, 'OPL': 0.017006802721088437, 'TPE': 0.01217906517445688, 'ENG': 0.009984639016897081}"
28,2019-02-08,103434.152506937,-2.9103830456733704e-11,"{'PKO': 0.16458196181698487, 'PKN': 0.15832784726793944, 'PZU': 0.12585034013605442, 'PEO': 0.08953258722843976, 'KGH': 0.06583278472679395, 'SPL': 0.06495501426377003, 'LPP': 0.05584814570989686, 'PGE': 0.05102040816326531, 'CDR': 0.05069124423963134, 'CPS': 0.032916392363396975, 'CCC': 0.028198376124643404, 'MBK': 0.027978933508887423, 'ALR': 0.024577572964669742, 'JSW': 0.020517884573184115, 'OPL': 0.017006802721088437, 'TPE': 0.01217906517445688, 'ENG': 0.009984639016897081}"
29,2019-02-11,103486.85326775804,-2.9103830456733704e-11,"{'PKO': 0.16458196181698487, 'PKN': 0.15832784726793944, 'PZU': 0.12585034013605442, 'PEO': 0.08953258722843976, 'KGH': 0.06583278472679395, 'SPL': 0.06495501426377003, 'LPP': 0.05584814570989686, 'PGE': 0.05102040816326531, 'CDR': 0.05069124423963134, 'CPS': 0.032916392363396975, 'CCC': 0.028198376124643404, 'MBK': 0.027978933508887423, 'ALR': 0.024577572964669742, 'JSW': 0.020517884573184115, 'OPL': 0.017006802721088437, 'TPE': 0.01217906517445688, 'ENG': 0.009984639016897081}"
30,2019-02-12,104183.56354333155,-2.9103830456733704e-11,"{'PKO': 0.16458196181698487, 'PKN': 0.15832784726793944, 'PZU': 0.12585034013605442, 'PEO': 0.08953258722843976, 'KGH': 0.06583278472679395, 'SPL': 0.06495501426377003, 'LPP': 0.05584814570989686, 'PGE': 0.05102040816326531, 'CDR': 0.05069124423963134, 'CPS': 0.032916392363396975, 'CCC': 0.028198376124643404, 'MBK': 0.027978933508887423, 'ALR': 0.024577572964669742, 'JSW': 0.020517884573184115, 'OPL': 0.017006802721088437, 'TPE': 0.01217906517445688, 'ENG': 0.009984639016897081}"
31,2019-02-13,102995.13720782015,-2.9103830456733704e-11,"{'PKO': 0.16458196181698487, 'PKN': 0.15832784726793944, 'PZU': 0.12585034013605442, 'PEO': 0.08953258722843976, 'KGH': 0.06583278472679395, 'SPL': 0.06495501426377003, 'LPP': 0.05584814570989686, 'PGE': 0.05102040816326531, 'CDR': 0.05069124423963134, 'CPS': 0.032916392363396975, 'CCC': 0.028198376124643404, 'MBK': 0.027978933508887423, 'ALR': 0.024577572964669742, 'JSW': 0.020517884573184115, 'OPL': 0.017006802721088437, 'TPE': 0.01217906517445688, 'ENG': 0.009984639016897081}"
32,2019-02-14,102023.93011917325,-2.9103830456733704e-11,"{'PKO': 0.16458196181698487, 'PKN': 0.15832784726793944, 'PZU': 0.12585034013605442, 'PEO': 0.08953258722843976, 'KGH': 0.06583278472679395, 'SPL': 0.06495501426377003, 'LPP': 0.05584814570989686, 'PGE': 0.05102040816326531, 'CDR': 0.05069124423963134, 'CPS': 0.032916392363396975, 'CCC': 0.028198376124643404, 'MBK': 0.027978933508887423, 'ALR': 0.024577572964669742, 'JSW': 0.020517884573184115, 'OPL': 0.017006802721088437, 'TPE': 0.01217906517445688, 'ENG': 0.009984639016897081}"
33,2019-02-15,102904.9781012602,-2.9103830456733704e-11,"{'PKO': 0.16458196181698487, 'PKN': 0.15832784726793944, 'PZU': 0.12585034013605442, 'PEO': 0.08953258722843976, 'KGH': 0.06583278472679395, 'SPL': 0.06495501426377003, 'LPP': 0.05584814570989686, 'PGE': 0.05102040816326531, 'CDR': 0.05069124423963134, 'CPS': 0.032916392363396975, 'CCC': 0.028198376124643404, 'MBK': 0.027978933508887423, 'ALR': 0.024577572964669742, 'JSW': 0.020517884573184115, 'OPL': 0.017006802721088437, 'TPE': 0.01217906517445688, 'ENG': 0.009984639016897081}"
34,2019-02-18,102279.08702711588,-2.9103830456733704e-11,"{'PKO': 0.16458196181698487, 'PKN': 0.15832784726793944, 'PZU': 0.12585034013605442, 'PEO': 0.08953258722843976, 'KGH': 0.06583278472679395, 'SPL': 0.06495501426377003, 'LPP': 0.05584814570989686, 'PGE': 0.05102040816326531, 'CDR': 0.05069124423963134, 'CPS': 0.032916392363396975, 'CCC': 0.028198376124643404, 'MBK': 0.027978933508887423, 'ALR': 0.024577572964669742, 'JSW': 0.020517884573184115, 'OPL': 0.017006802721088437, 'TPE': 0.01217906517445688, 'ENG': 0.009984639016897081}"
35,2019-02-19,102122.90150608776,-2.9103830456733704e-11,"{'PKO': 0.16458196181698487, 'PKN': 0.15832784726793944, 'PZU': 0.12585034013605442, 'PEO': 0.08953258722843976, 'KGH': 0.06583278472679395, 'SPL': 0.06495501426377003, 'LPP': 0.05584814570989686, 'PGE': 0.05102040816326531, 'CDR': 0.05069124423963134, 'CPS': 0.032916392363396975, 'CCC': 0.028198376124643404, 'MBK': 0.027978933508887423, 'ALR': 0.024577572964669742, 'JSW': 0.020517884573184115, 'OPL': 0.017006802721088437, 'TPE': 0.01217906517445688, 'ENG': 0.009984639016897081}"
36,2019-02-20,104118.7271629774,-2.9103830456733704e-11,"{'PKO': 0.16458196181698487, 'PKN': 0.15832784726793944, 'PZU': 0.12585034013605442, 'PEO': 0.08953258722843976, 'KGH': 0.06583278472679395, 'SPL': 0.06495501426377003, 'LPP': 0.05584814570989686, 'PGE': 0.05102040816326531, 'CDR': 0.05069124423963134, 'CPS': 0.032916392363396975, 'CCC': 0.028198376124643404, 'MBK': 0.027978933508887423, 'ALR': 0.024577572964669742, 'JSW': 0.020517884573184115, 'OPL': 0.017006802721088437, 'TPE': 0.01217906517445688, 'ENG': 0.009984639016897081}"
37,2019-02-21,102892.26062403551,-2.9103830456733704e-11,"{'PKO': 0.16458196181698487, 'PKN': 0.15832784726793944, 'PZU': 0.12585034013605442, 'PEO': 0.08953258722843976, 'KGH': 0.06583278472679395, 'SPL': 0.06495501426377003, 'LPP': 0.05584814570989686, 'PGE': 0.05102040816326531, 'CDR': 0.05069124423963134, 'CPS': 0.032916392363396975, 'CCC': 0.028198376124643404, 'MBK': 0.027978933508887423, 'ALR': 0.024577572964669742, 'JSW': 0.020517884573184115, 'OPL': 0.017006802721088437, 'TPE': 0.01217906517445688, 'ENG': 0.009984639016897081}"
38,2019-02-22,103537.84766434776,-2.9103830456733704e-11,"{'PKO': 0.16458196181698487, 'PKN': 0.15832784726793944, 'PZU': 0.12585034013605442, 'PEO': 0.08953258722843976, 'KGH': 0.06583278472679395, 'SPL': 0.06495501426377003, 'LPP': 0.05584814570989686, 'PGE': 0.05102040816326531, 'CDR': 0.05069124423963134, 'CPS': 0.032916392363396975, 'CCC': 0.028198376124643404, 'MBK': 0.027978933508887423, 'ALR': 0.024577572964669742, 'JSW': 0.020517884573184115, 'OPL': 0.017006802721088437, 'TPE': 0.01217906517445688, 'ENG': 0.009984639016897081}"
39,2019-02-25,104221.13095401246,-2.9103830456733704e-11,"{'PKO': 0.16458196181698487, 'PKN': 0.15832784726793944, 'PZU': 0.12585034013605442, 'PEO': 0.08953258722843976, 'KGH': 0.06583278472679395, 'SPL': 0.06495501426377003, 'LPP': 0.05584814570989686, 'PGE': 0.05102040816326531, 'CDR': 0.05069124423963134, 'CPS': 0.032916392363396975, 'CCC': 0.028198376124643404, 'MBK': 0.027978933508887423, 'ALR': 0.024577572964669742, 'JSW': 0.020517884573184115, 'OPL': 0.017006802721088437, 'TPE': 0.01217906517445688, 'ENG': 0.009984639016897081}"
40,2019-02-26,103839.32397775036,-2.9103830456733704e-11,"{'PKO': 0.16458196181698487, 'PKN': 0.15832784726793944, 'PZU': 0.12585034013605442, 'PEO': 0.08953258722843976, 'KGH': 0.06583278472679395, 'SPL': 0.06495501426377003, 'LPP': 0.05584814570989686, 'PGE': 0.05102040816326531, 'CDR': 0.05069124423963134, 'CPS': 0.032916392363396975, 'CCC': 0.028198376124643404, 'MBK': 0.027978933508887423, 'ALR': 0.024577572964669742, 'JSW': 0.020517884573184115, 'OPL': 0.017006802721088437, 'TPE': 0.01217906517445688, 'ENG': 0.009984639016897081}"
41,2019-02-27,102573.82935813275,-2.9103830456733704e-11,"{'PKO': 0.16458196181698487, 'PKN': 0.15832784726793944, 'PZU': 0.12585034013605442, 'PEO': 0.08953258722843976, 'KGH': 0.06583278472679395, 'SPL': 0.06495501426377003, 'LPP': 0.05584814570989686, 'PGE': 0.05102040816326531, 'CDR': 0.05069124423963134, 'CPS': 0.032916392363396975, 'CCC': 0.028198376124643404, 'MBK': 0.027978933508887423, 'ALR': 0.024577572964669742, 'JSW': 0.020517884573184115, 'OPL': 0.017006802721088437, 'TPE': 0.01217906517445688, 'ENG': 0.009984639016897081}"
42,2019-02-28,102459.14048374312,-2.9103830456733704e-11,"{'PKO': 0.16458196181698487, 'PKN': 0.15832784726793944, 'PZU': 0.12585034013605442, 'PEO': 0.08953258722843976, 'KGH': 0.06583278472679395, 'SPL': 0.06495501426377003, 'LPP': 0.05584814570989686, 'PGE': 0.05102040816326531, 'CDR': 0.05069124423963134, 'CPS': 0.032916392363396975, 'CCC': 0.028198376124643404, 'MBK': 0.027978933508887423, 'ALR': 0.024577572964669742, 'JSW': 0.020517884573184115, 'OPL': 0.017006802721088437, 'TPE': 0.01217906517445688, 'ENG': 0.009984639016897081}"
43,2019-03-01,102563.42668530442,-2.9103830456733704e-11,"{'PKO': 0.16458196181698487, 'PKN': 0.15832784726793944, 'PZU': 0.12585034013605442, 'PEO': 0.08953258722843976, 'KGH': 0.06583278472679395, 'SPL': 0.06495501426377003, 'LPP': 0.05584814570989686, 'PGE': 0.05102040816326531, 'CDR': 0.05069124423963134, 'CPS': 0.032916392363396975, 'CCC': 0.028198376124643404, 'MBK': 0.027978933508887423, 'ALR': 0.024577572964669742, 'JSW': 0.020517884573184115, 'OPL': 0.017006802721088437, 'TPE': 0.01217906517445688, 'ENG': 0.009984639016897081}"
44,2019-03-04,102495.71141814518,-2.9103830456733704e-11,"{'PKO': 0.16458196181698487, 'PKN': 0.15832784726793944, 'PZU': 0.12585034013605442, 'PEO': 0.08953258722843976, 'KGH': 0.06583278472679395, 'SPL': 0.06495501426377003, 'LPP': 0.05584814570989686, 'PGE': 0.05102040816326531, 'CDR': 0.05069124423963134, 'CPS': 0.032916392363396975, 'CCC': 0.028198376124643404, 'MBK': 0.027978933508887423, 'ALR': 0.024577572964669742, 'JSW': 0.020517884573184115, 'OPL': 0.017006802721088437, 'TPE': 0.01217906517445688, 'ENG': 0.009984639016897081}"
45,2019-03-05,102005.34844779047,-1.4551915228366852e-11,"{'CCC': 0.026870426822309047, 'PTW': 0.1558283941426414, 'BIP': 0.14552788429788086, 'EHG': 0.11606869216610764, 'IZO': 0.08982541838249503, 'BST': 0.07377608799573396, 'CSR': 0.0670915665341774, 'JWW': 0.06402946947076311, 'MBR': 0.055796371410995436, 'EKP': 0.054719019521982014, 'MOJ': 0.03550247677841802, 'PMA': 0.028310377273343474, 'PRT': 0.02801083119106774, 'NTU': 0.01896976143811074, 'MAN': 0.016860926882828697, 'IBS': 0.012375784921600701, 'ECB': 0.010436510769544579}"
46,2019-03-06,101841.28112737292,-1.4551915228366852e-11,"{'CCC': 0.026870426822309047, 'PTW': 0.1558283941426414, 'BIP': 0.14552788429788086, 'EHG': 0.11606869216610764, 'IZO': 0.08982541838249503, 'BST': 0.07377608799573396, 'CSR': 0.0670915665341774, 'JWW': 0.06402946947076311, 'MBR': 0.055796371410995436, 'EKP': 0.054719019521982014, 'MOJ': 0.03550247677841802, 'PMA': 0.028310377273343474, 'PRT': 0.02801083119106774, 'NTU': 0.01896976143811074, 'MAN': 0.016860926882828697, 'IBS': 0.012375784921600701, 'ECB': 0.010436510769544579}"
47,2019-03-07,101459.1230374276,-1.4551915228366852e-11,"{'CCC': 0.026870426822309047, 'PTW': 0.1558283941426414, 'BIP': 0.14552788429788086, 'EHG': 0.11606869216610764, 'IZO': 0.08982541838249503, 'BST': 0.07377608799573396, 'CSR': 0.0670915665341774, 'JWW': 0.06402946947076311, 'MBR': 0.055796371410995436, 'EKP': 0.054719019521982014, 'MOJ': 0.03550247677841802, 'PMA': 0.028310377273343474, 'PRT': 0.02801083119106774, 'NTU': 0.01896976143811074, 'MAN': 0.016860926882828697, 'IBS': 0.012375784921600701, 'ECB': 0.010436510769544579}"
48,2019-03-08,101958.53181191284,-1.4551915228366852e-11,"{'CCC': 0.026870426822309047, 'PTW': 0.1558283941426414, 'BIP': 0.14552788429788086, 'EHG': 0.11606869216610764, 'IZO': 0.08982541838249503, 'BST': 0.07377608799573396, 'CSR': 0.0670915665341774, 'JWW': 0.06402946947076311, 'MBR': 0.055796371410995436, 'EKP': 0.054719019521982014, 'MOJ': 0.03550247677841802, 'PMA': 0.028310377273343474, 'PRT': 0.02801083119106774, 'NTU': 0.01896976143811074, 'MAN': 0.016860926882828697, 'IBS': 0.012375784921600701, 'ECB': 0.010436510769544579}"
49,2019-03-11,100375.3754233996,-1.4551915228366852e-11,"{'CCC': 0.026870426822309047, 'PTW': 0.1558283941426414, 'BIP': 0.14552788429788086, 'EHG': 0.11606869216610764, 'IZO': 0.08982541838249503, 'BST': 0.07377608799573396, 'CSR': 0.0670915665341774, 'JWW': 0.06402946947076311, 'MBR': 0.055796371410995436, 'EKP': 0.054719019521982014, 'MOJ': 0.03550247677841802, 'PMA': 0.028310377273343474, 'PRT': 0.02801083119106774, 'NTU': 0.01896976143811074, 'MAN': 0.016860926882828697, 'IBS': 0.012375784921600701, 'ECB': 0.010436510769544579}"
50,2019-03-12,101238.83843958778,-1.4551915228366852e-11,"{'CCC': 0.026870426822309047, 'PTW': 0.1558283941426414, 'BIP': 0.14552788429788086, 'EHG': 0.11606869216610764, 'IZO': 0.08982541838249503, 'BST': 0.07377608799573396, 'CSR': 0.0670915665341774, 'JWW': 0.06402946947076311, 'MBR': 0.055796371410995436, 'EKP': 0.054719019521982014, 'MOJ': 0.03550247677841802, 'PMA': 0.028310377273343474, 'PRT': 0.02801083119106774, 'NTU': 0.01896976143811074, 'MAN': 0.016860926882828697, 'IBS': 0.012375784921600701, 'ECB': 0.010436510769544579}"
51,2019-03-13,104120.371727483,-1.4551915228366852e-11,"{'CCC': 0.026870426822309047, 'PTW': 0.1558283941426414, 'BIP': 0.14552788429788086, 'EHG': 0.11606869216610764, 'IZO': 0.08982541838249503, 'BST': 0.07377608799573396, 'CSR': 0.0670915665341774, 'JWW': 0.06402946947076311, 'MBR': 0.055796371410995436, 'EKP': 0.054719019521982014, 'MOJ': 0.03550247677841802, 'PMA': 0.028310377273343474, 'PRT': 0.02801083119106774, 'NTU': 0.01896976143811074, 'MAN': 0.016860926882828697, 'IBS': 0.012375784921600701, 'ECB': 0.010436510769544579}"
52,2019-03-14,108415.52094855506,-1.4551915228366852e-11,"{'CCC': 0.026870426822309047, 'PTW': 0.1558283941426414, 'BIP': 0.14552788429788086, 'EHG': 0.11606869216610764, 'IZO': 0.08982541838249503, 'BST': 0.07377608799573396, 'CSR': 0.0670915665341774, 'JWW': 0.06402946947076311, 'MBR': 0.055796371410995436, 'EKP': 0.054719019521982014, 'MOJ': 0.03550247677841802, 'PMA': 0.028310377273343474, 'PRT': 0.02801083119106774, 'NTU': 0.01896976143811074, 'MAN': 0.016860926882828697, 'IBS': 0.012375784921600701, 'ECB': 0.010436510769544579}"
53,2019-03-15,112008.57477433558,-1.4551915228366852e-11,"{'PKO': 0.16635244538094715, 'PKN': 0.15027170899412226, 'PZU': 0.12188089164910729, 'PEO': 0.08883220583342577, 'KGH': 0.06543196184983921, 'SPL': 0.06376843739602973, 'CDR': 0.06177220805145838, 'LPP': 0.050903848286569825, 'PGE': 0.04824220916047467, 'CPS': 0.034490407008983044, 'MBK': 0.02872352223577687, 'ALR': 0.025729178218919825, 'CCC': 0.024509260286126214, 'DNP': 0.022513030941554844, 'OPL': 0.017744260840634362, 'JSW': 0.016635244538094715, 'TPE': 0.012199179327936125}"
54,2019-03-18,112101.1159023999,-1.4551915228366852e-11,"{'PKO': 0.16635244538094715, 'PKN': 0.15027170899412226, 'PZU': 0.12188089164910729, 'PEO': 0.08883220583342577, 'KGH': 0.06543196184983921, 'SPL': 0.06376843739602973, 'CDR': 0.06177220805145838, 'LPP': 0.050903848286569825, 'PGE': 0.04824220916047467, 'CPS': 0.034490407008983044, 'MBK': 0.02872352223577687, 'ALR': 0.025729178218919825, 'CCC': 0.024509260286126214, 'DNP': 0.022513030941554844, 'OPL': 0.017744260840634362, 'JSW': 0.016635244538094715, 'TPE': 0.012199179327936125}"
55,2019-03-19,112634.60828978817,-1.4551915228366852e-11,"{'PKO': 0.16635244538094715, 'PKN': 0.15027170899412226, 'PZU': 0.12188089164910729, 'PEO': 0.08883220583342577, 'KGH': 0.06543196184983921, 'SPL': 0.06376843739602973, 'CDR': 0.06177220805145838, 'LPP': 0.050903848286569825, 'PGE': 0.04824220916047467, 'CPS': 0.034490407008983044, 'MBK': 0.02872352223577687, 'ALR': 0.025729178218919825, 'CCC': 0.024509260286126214, 'DNP': 0.022513030941554844, 'OPL': 0.017744260840634362, 'JSW': 0.016635244538094715, 'TPE': 0.012199179327936125}"
56,2019-03-20,112830.76709344868,-1.4551915228366852e-11,"{'PKO': 0.16635244538094715, 'PKN': 0.15027170899412226, 'PZU': 0.12188089164910729, 'PEO': 0.08883220583342577, 'KGH': 0.06543196184983921, 'SPL': 0.06376843739602973, 'CDR': 0.06177220805145838, 'LPP': 0.050903848286569825, 'PGE': 0.04824220916047467, 'CPS': 0.034490407008983044, 'MBK': 0.02872352223577687, 'ALR': 0.025729178218919825, 'CCC': 0.024509260286126214, 'DNP': 0.022513030941554844, 'OPL': 0.017744260840634362, 'JSW': 0.016635244538094715, 'TPE': 0.012199179327936125}"
57,2019-03-21,112954.47166775826,-1.4551915228366852e-11,"{'PKO': 0.16635244538094715, 'PKN': 0.15027170899412226, 'PZU': 0.12188089164910729, 'PEO': 0.08883220583342577, 'KGH': 0.06543196184983921, 'SPL': 0.06376843739602973, 'CDR': 0.06177220805145838, 'LPP': 0.050903848286569825, 'PGE': 0.04824220916047467, 'CPS': 0.034490407008983044, 'MBK': 0.02872352223577687, 'ALR': 0.025729178218919825, 'CCC': 0.024509260286126214, 'DNP': 0.022513030941554844, 'OPL': 0.017744260840634362, 'JSW': 0.016635244538094715, 'TPE': 0.012199179327936125}"
58,2019-03-22,111062.02503976932,-1.4551915228366852e-11,"{'PKO': 0.16635244538094715, 'PKN': 0.15027170899412226, 'PZU': 0.12188089164910729, 'PEO': 0.08883220583342577, 'KGH': 0.06543196184983921, 'SPL': 0.06376843739602973, 'CDR': 0.06177220805145838, 'LPP': 0.050903848286569825, 'PGE': 0.04824220916047467, 'CPS': 0.034490407008983044, 'MBK': 0.02872352223577687, 'ALR': 0.025729178218919825, 'CCC': 0.024509260286126214, 'DNP': 0.022513030941554844, 'OPL': 0.017744260840634362, 'JSW': 0.016635244538094715, 'TPE': 0.012199179327936125}"
59,2019-03-25,110798.58061886588,-1.4551915228366852e-11,"{'PKO': 0.16635244538094715, 'PKN': 0.15027170899412226, 'PZU': 0.12188089164910729, 'PEO': 0.08883220583342577, 'KGH': 0.06543196184983921, 'SPL': 0.06376843739602973, 'CDR': 0.06177220805145838, 'LPP': 0.050903848286569825, 'PGE': 0.04824220916047467, 'CPS': 0.034490407008983044, 'MBK': 0.02872352223577687, 'ALR': 0.025729178218919825, 'CCC': 0.024509260286126214, 'DNP': 0.022513030941554844, 'OPL': 0.017744260840634362, 'JSW': 0.016635244538094715, 'TPE': 0.012199179327936125}"
60,2019-03-26,111406.21236884383,-1.4551915228366852e-11,"{'PKO': 0.16635244538094715, 'PKN': 0.15027170899412226, 'PZU': 0.12188089164910729, 'PEO': 0.08883220583342577, 'KGH': 0.06543196184983921, 'SPL': 0.06376843739602973, 'CDR': 0.06177220805145838, 'LPP': 0.050903848286569825, 'PGE': 0.04824220916047467, 'CPS': 0.034490407008983044, 'MBK': 0.02872352223577687, 'ALR': 0.025729178218919825, 'CCC': 0.024509260286126214, 'DNP': 0.022513030941554844, 'OPL': 0.017744260840634362, 'JSW': 0.016635244538094715, 'TPE': 0.012199179327936125}"
61,2019-03-27,110924.6087460729,-1.4551915228366852e-11,"{'PKO': 0.16635244538094715, 'PKN': 0.15027170899412226, 'PZU': 0.12188089164910729, 'PEO': 0.08883220583342577, 'KGH': 0.06543196184983921, 'SPL': 0.06376843739602973, 'CDR': 0.06177220805145838, 'LPP': 0.050903848286569825, 'PGE': 0.04824220916047467, 'CPS': 0.034490407008983044, 'MBK': 0.02872352223577687, 'ALR': 0.025729178218919825, 'CCC': 0.024509260286126214, 'DNP': 0.022513030941554844, 'OPL': 0.017744260840634362, 'JSW': 0.016635244538094715, 'TPE': 0.012199179327936125}"
62,2019-03-28,110818.18475028376,-1.4551915228366852e-11,"{'PKO': 0.16635244538094715, 'PKN': 0.15027170899412226, 'PZU': 0.12188089164910729, 'PEO': 0.08883220583342577, 'KGH': 0.06543196184983921, 'SPL': 0.06376843739602973, 'CDR': 0.06177220805145838, 'LPP': 0.050903848286569825, 'PGE': 0.04824220916047467, 'CPS': 0.034490407008983044, 'MBK': 0.02872352223577687, 'ALR': 0.025729178218919825, 'CCC': 0.024509260286126214, 'DNP': 0.022513030941554844, 'OPL': 0.017744260840634362, 'JSW': 0.016635244538094715, 'TPE': 0.012199179327936125}"
63,2019-03-29,110741.76872782408,-1.4551915228366852e-11,"{'PKO': 0.16635244538094715, 'PKN': 0.15027170899412226, 'PZU': 0.12188089164910729, 'PEO': 0.08883220583342577, 'KGH': 0.06543196184983921, 'SPL': 0.06376843739602973, 'CDR': 0.06177220805145838, 'LPP': 0.050903848286569825, 'PGE': 0.04824220916047467, 'CPS': 0.034490407008983044, 'MBK': 0.02872352223577687, 'ALR': 0.025729178218919825, 'CCC': 0.024509260286126214, 'DNP': 0.022513030941554844, 'OPL': 0.017744260840634362, 'JSW': 0.016635244538094715, 'TPE': 0.012199179327936125}"
64,2019-04-01,112035.45269234503,-1.4551915228366852e-11,"{'PKO': 0.16635244538094715, 'PKN': 0.15027170899412226, 'PZU': 0.12188089164910729, 'PEO': 0.08883220583342577, 'KGH': 0.06543196184983921, 'SPL': 0.06376843739602973, 'CDR': 0.06177220805145838, 'LPP': 0.050903848286569825, 'PGE': 0.04824220916047467, 'CPS': 0.034490407008983044, 'MBK': 0.02872352223577687, 'ALR': 0.025729178218919825, 'CCC': 0.024509260286126214, 'DNP': 0.022513030941554844, 'OPL': 0.017744260840634362, 'JSW': 0.016635244538094715, 'TPE': 0.012199179327936125}"
65,2019-04-02,113470.48014083262,-1.4551915228366852e-11,"{'PKO': 0.16635244538094715, 'PKN': 0.15027170899412226, 'PZU': 0.12188089164910729, 'PEO': 0.08883220583342577, 'KGH': 0.06543196184983921, 'SPL': 0.06376843739602973, 'CDR': 0.06177220805145838, 'LPP': 0.050903848286569825, 'PGE': 0.04824220916047467, 'CPS': 0.034490407008983044, 'MBK': 0.02872352223577687, 'ALR': 0.025729178218919825, 'CCC': 0.024509260286126214, 'DNP': 0.022513030941554844, 'OPL': 0.017744260840634362, 'JSW': 0.016635244538094715, 'TPE': 0.012199179327936125}"
66,2019-04-03,115283.79789526245,-1.4551915228366852e-11,"{'PKO': 0.16635244538094715, 'PKN': 0.15027170899412226, 'PZU': 0.12188089164910729, 'PEO': 0.08883220583342577, 'KGH': 0.06543196184983921, 'SPL': 0.06376843739602973, 'CDR': 0.06177220805145838, 'LPP': 0.050903848286569825, 'PGE': 0.04824220916047467, 'CPS': 0.034490407008983044, 'MBK': 0.02872352223577687, 'ALR': 0.025729178218919825, 'CCC': 0.024509260286126214, 'DNP': 0.022513030941554844, 'OPL': 0.017744260840634362, 'JSW': 0.016635244538094715, 'TPE': 0.012199179327936125}"
67,2019-04-04,114473.88997319958,-1.4551915228366852e-11,"{'PKO': 0.16635244538094715, 'PKN': 0.15027170899412226, 'PZU': 0.12188089164910729, 'PEO': 0.08883220583342577, 'KGH': 0.06543196184983921, 'SPL': 0.06376843739602973, 'CDR': 0.06177220805145838, 'LPP': 0.050903848286569825, 'PGE': 0.04824220916047467, 'CPS': 0.034490407008983044, 'MBK': 0.02872352223577687, 'ALR': 0.025729178218919825, 'CCC': 0.024509260286126214, 'DNP': 0.022513030941554844, 'OPL': 0.017744260840634362, 'JSW': 0.016635244538094715, 'TPE': 0.012199179327936125}"
68,2019-04-05,112607.49695877696,-1.4551915228366852e-11,"{'PKO': 0.16635244538094715, 'PKN': 0.15027170899412226, 'PZU': 0.12188089164910729, 'PEO': 0.08883220583342577, 'KGH': 0.06543196184983921, 'SPL': 0.06376843739602973, 'CDR': 0.06177220805145838, 'LPP': 0.050903848286569825, 'PGE': 0.04824220916047467, 'CPS': 0.034490407008983044, 'MBK': 0.02872352223577687, 'ALR': 0.025729178218919825, 'CCC': 0.024509260286126214, 'DNP': 0.022513030941554844, 'OPL': 0.017744260840634362, 'JSW': 0.016635244538094715, 'TPE': 0.012199179327936125}"
69,2019-04-08,113089.08644529867,-1.4551915228366852e-11,"{'PKO': 0.16635244538094715, 'PKN': 0.15027170899412226, 'PZU': 0.12188089164910729, 'PEO': 0.08883220583342577, 'KGH': 0.06543196184983921, 'SPL': 0.06376843739602973, 'CDR': 0.06177220805145838, 'LPP': 0.050903848286569825, 'PGE': 0.04824220916047467, 'CPS': 0.034490407008983044, 'MBK': 0.02872352223577687, 'ALR': 0.025729178218919825, 'CCC': 0.024509260286126214, 'DNP': 0.022513030941554844, 'OPL': 0.017744260840634362, 'JSW': 0.016635244538094715, 'TPE': 0.012199179327936125}"
70,2019-04-09,113461.61199964209,-1.4551915228366852e-11,"{'PKO': 0.16635244538094715, 'PKN': 0.15027170899412226, 'PZU': 0.12188089164910729, 'PEO': 0.08883220583342577, 'KGH': 0.06543196184983921, 'SPL': 0.06376843739602973, 'CDR': 0.06177220805145838, 'LPP': 0.050903848286569825, 'PGE': 0.04824220916047467, 'CPS': 0.034490407008983044, 'MBK': 0.02872352223577687, 'ALR': 0.025729178218919825, 'CCC': 0.024509260286126214, 'DNP': 0.022513030941554844, 'OPL': 0.017744260840634362, 'JSW': 0.016635244538094715, 'TPE': 0.012199179327936125}"
71,2019-04-10,114606.76421941596,-1.4551915228366852e-11,"{'PKO': 0.16635244538094715, 'PKN': 0.15027170899412226, 'PZU': 0.12188089164910729, 'PEO': 0.08883220583342577, 'KGH': 0.06543196184983921, 'SPL': 0.06376843739602973, 'CDR': 0.06177220805145838, 'LPP': 0.050903848286569825, 'PGE': 0.04824220916047467, 'CPS': 0.034490407008983044, 'MBK': 0.02872352223577687, 'ALR': 0.025729178218919825, 'CCC': 0.024509260286126214, 'DNP': 0.022513030941554844, 'OPL': 0.017744260840634362, 'JSW': 0.016635244538094715, 'TPE': 0.012199179327936125}"
72,2019-04-11,113868.53118764026,-1.4551915228366852e-11,"{'PKO': 0.16635244538094715, 'PKN': 0.15027170899412226, 'PZU': 0.12188089164910729, 'PEO': 0.08883220583342577, 'KGH': 0.06543196184983921, 'SPL': 0.06376843739602973, 'CDR': 0.06177220805145838, 'LPP': 0.050903848286569825, 'PGE': 0.04824220916047467, 'CPS': 0.034490407008983044, 'MBK': 0.02872352223577687, 'ALR': 0.025729178218919825, 'CCC': 0.024509260286126214, 'DNP': 0.022513030941554844, 'OPL': 0.017744260840634362, 'JSW': 0.016635244538094715, 'TPE': 0.012199179327936125}"
73,2019-04-12,113492.78890962465,0.0,"{'PKN': 0.14779760972087458, 'PZU': 0.11980105384180144, 'PEO': 0.09003831867671955, 'CDR': 0.06830674670356644, 'CPS': 0.03234217122465041, 'CCC': 0.028021279456723922, 'DNP': 0.026057640835985565, 'CSR': 0.16568295173541095, 'PTW': 0.07070901827677133, 'BIP': 0.06273907300694884, 'EHG': 0.05182403682854777, 'IZO': 0.04256958148971989, 'BST': 0.027463988798953932, 'KDM': 0.023468715644839717, 'EKP': 0.016616443179753082, 'RAF': 0.016413671267875515, 'IBS': 0.01014769931085706}"
74,2019-04-15,113254.43659598981,0.0,"{'PKN': 0.14779760972087458, 'PZU': 0.11980105384180144, 'PEO': 0.09003831867671955, 'CDR': 0.06830674670356644, 'CPS': 0.03234217122465041, 'CCC': 0.028021279456723922, 'DNP': 0.026057640835985565, 'CSR': 0.16568295173541095, 'PTW': 0.07070901827677133, 'BIP': 0.06273907300694884, 'EHG': 0.05182403682854777, 'IZO': 0.04256958148971989, 'BST': 0.027463988798953932, 'KDM': 0.023468715644839717, 'EKP': 0.016616443179753082, 'RAF': 0.016413671267875515, 'IBS': 0.01014769931085706}"
75,2019-04-16,113042.81226259792,0.0,"{'PKN': 0.14779760972087458, 'PZU': 0.11980105384180144, 'PEO': 0.09003831867671955, 'CDR': 0.06830674670356644, 'CPS': 0.03234217122465041, 'CCC': 0.028021279456723922, 'DNP': 0.026057640835985565, 'CSR': 0.16568295173541095, 'PTW': 0.07070901827677133, 'BIP': 0.06273907300694884, 'EHG': 0.05182403682854777, 'IZO': 0.04256958148971989, 'BST': 0.027463988798953932, 'KDM': 0.023468715644839717, 'EKP': 0.016616443179753082, 'RAF': 0.016413671267875515, 'IBS': 0.01014769931085706}"
76,2019-04-17,113406.3421769183,0.0,"{'PKN': 0.14779760972087458, 'PZU': 0.11980105384180144, 'PEO': 0.09003831867671955, 'CDR': 0.06830674670356644, 'CPS': 0.03234217122465041, 'CCC': 0.028021279456723922, 'DNP': 0.026057640835985565, 'CSR': 0.16568295173541095, 'PTW': 0.07070901827677133, 'BIP': 0.06273907300694884, 'EHG': 0.05182403682854777, 'IZO': 0.04256958148971989, 'BST': 0.027463988798953932, 'KDM': 0.023468715644839717, 'EKP': 0.016616443179753082, 'RAF': 0.016413671267875515, 'IBS': 0.01014769931085706}"
77,2019-04-18,114520.45874228788,0.0,"{'PKN': 0.14779760972087458, 'PZU': 0.11980105384180144, 'PEO': 0.09003831867671955, 'CDR': 0.06830674670356644, 'CPS': 0.03234217122465041, 'CCC': 0.028021279456723922, 'DNP': 0.026057640835985565, 'CSR': 0.16568295173541095, 'PTW': 0.07070901827677133, 'BIP': 0.06273907300694884, 'EHG': 0.05182403682854777, 'IZO': 0.04256958148971989, 'BST': 0.027463988798953932, 'KDM': 0.023468715644839717, 'EKP': 0.016616443179753082, 'RAF': 0.016413671267875515, 'IBS': 0.01014769931085706}"
78,2019-04-19,114520.45874228788,0.0,"{'PKN': 0.14779760972087458, 'PZU': 0.11980105384180144, 'PEO': 0.09003831867671955, 'CDR': 0.06830674670356644, 'CPS': 0.03234217122465041, 'CCC': 0.028021279456723922, 'DNP': 0.026057640835985565, 'CSR': 0.16568295173541095, 'PTW': 0.07070901827677133, 'BIP': 0.06273907300694884, 'EHG': 0.05182403682854777, 'IZO': 0.04256958148971989, 'BST': 0.027463988798953932, 'KDM': 0.023468715644839717, 'EKP': 0.016616443179753082, 'RAF': 0.016413671267875515, 'IBS': 0.01014769931085706}"
79,2019-04-22,114520.45874228788,0.0,"{'PKN': 0.14779760972087458, 'PZU': 0.11980105384180144, 'PEO': 0.09003831867671955, 'CDR': 0.06830674670356644, 'CPS': 0.03234217122465041, 'CCC': 0.028021279456723922, 'DNP': 0.026057640835985565, 'CSR': 0.16568295173541095, 'PTW': 0.07070901827677133, 'BIP': 0.06273907300694884, 'EHG': 0.05182403682854777, 'IZO': 0.04256958148971989, 'BST': 0.027463988798953932, 'KDM': 0.023468715644839717, 'EKP': 0.016616443179753082, 'RAF': 0.016413671267875515, 'IBS': 0.01014769931085706}"
80,2019-04-23,113671.4650128253,0.0,"{'PKN': 0.14779760972087458, 'PZU': 0.11980105384180144, 'PEO': 0.09003831867671955, 'CDR': 0.06830674670356644, 'CPS': 0.03234217122465041, 'CCC': 0.028021279456723922, 'DNP': 0.026057640835985565, 'CSR': 0.16568295173541095, 'PTW': 0.07070901827677133, 'BIP': 0.06273907300694884, 'EHG': 0.05182403682854777, 'IZO': 0.04256958148971989, 'BST': 0.027463988798953932, 'KDM': 0.023468715644839717, 'EKP': 0.016616443179753082, 'RAF': 0.016413671267875515, 'IBS': 0.01014769931085706}"
81,2019-04-24,113789.18797766775,0.0,"{'PKN': 0.14779760972087458, 'PZU': 0.11980105384180144, 'PEO': 0.09003831867671955, 'CDR': 0.06830674670356644, 'CPS': 0.03234217122465041, 'CCC': 0.028021279456723922, 'DNP': 0.026057640835985565, 'CSR': 0.16568295173541095, 'PTW': 0.07070901827677133, 'BIP': 0.06273907300694884, 'EHG': 0.05182403682854777, 'IZO': 0.04256958148971989, 'BST': 0.027463988798953932, 'KDM': 0.023468715644839717, 'EKP': 0.016616443179753082, 'RAF': 0.016413671267875515, 'IBS': 0.01014769931085706}"
82,2019-04-25,113454.83428045516,0.0,"{'PKN': 0.14779760972087458, 'PZU': 0.11980105384180144, 'PEO': 0.09003831867671955, 'CDR': 0.06830674670356644, 'CPS': 0.03234217122465041, 'CCC': 0.028021279456723922, 'DNP': 0.026057640835985565, 'CSR': 0.16568295173541095, 'PTW': 0.07070901827677133, 'BIP': 0.06273907300694884, 'EHG': 0.05182403682854777, 'IZO': 0.04256958148971989, 'BST': 0.027463988798953932, 'KDM': 0.023468715644839717, 'EKP': 0.016616443179753082, 'RAF': 0.016413671267875515, 'IBS': 0.01014769931085706}"
83,2019-04-26,113973.42246612538,0.0,"{'PKN': 0.14779760972087458, 'PZU': 0.11980105384180144, 'PEO': 0.09003831867671955, 'CDR': 0.06830674670356644, 'CPS': 0.03234217122465041, 'CCC': 0.028021279456723922, 'DNP': 0.026057640835985565, 'CSR': 0.16568295173541095, 'PTW': 0.07070901827677133, 'BIP': 0.06273907300694884, 'EHG': 0.05182403682854777, 'IZO': 0.04256958148971989, 'BST': 0.027463988798953932, 'KDM': 0.023468715644839717, 'EKP': 0.016616443179753082, 'RAF': 0.016413671267875515, 'IBS': 0.01014769931085706}"
84,2019-04-29,113871.05183035722,0.0,"{'PKN': 0.14779760972087458, 'PZU': 0.11980105384180144, 'PEO': 0.09003831867671955, 'CDR': 0.06830674670356644, 'CPS': 0.03234217122465041, 'CCC': 0.028021279456723922, 'DNP': 0.026057640835985565, 'CSR': 0.16568295173541095, 'PTW': 0.07070901827677133, 'BIP': 0.06273907300694884, 'EHG': 0.05182403682854777, 'IZO': 0.04256958148971989, 'BST': 0.027463988798953932, 'KDM': 0.023468715644839717, 'EKP': 0.016616443179753082, 'RAF': 0.016413671267875515, 'IBS': 0.01014769931085706}"
85,2019-04-30,113159.01376437563,0.0,"{'PKN': 0.14779760972087458, 'PZU': 0.11980105384180144, 'PEO': 0.09003831867671955, 'CDR': 0.06830674670356644, 'CPS': 0.03234217122465041, 'CCC': 0.028021279456723922, 'DNP': 0.026057640835985565, 'CSR': 0.16568295173541095, 'PTW': 0.07070901827677133, 'BIP': 0.06273907300694884, 'EHG': 0.05182403682854777, 'IZO': 0.04256958148971989, 'BST': 0.027463988798953932, 'KDM': 0.023468715644839717, 'EKP': 0.016616443179753082, 'RAF': 0.016413671267875515, 'IBS': 0.01014769931085706}"
86,2019-05-01,113159.01376437563,0.0,"{'PKN': 0.14779760972087458, 'PZU': 0.11980105384180144, 'PEO': 0.09003831867671955, 'CDR': 0.06830674670356644, 'CPS': 0.03234217122465041, 'CCC': 0.028021279456723922, 'DNP': 0.026057640835985565, 'CSR': 0.16568295173541095, 'PTW': 0.07070901827677133, 'BIP': 0.06273907300694884, 'EHG': 0.05182403682854777, 'IZO': 0.04256958148971989, 'BST': 0.027463988798953932, 'KDM': 0.023468715644839717, 'EKP': 0.016616443179753082, 'RAF': 0.016413671267875515, 'IBS': 0.01014769931085706}"
87,2019-05-02,113473.3526215725,0.0,"{'PKN': 0.14779760972087458, 'PZU': 0.11980105384180144, 'PEO': 0.09003831867671955, 'CDR': 0.06830674670356644, 'CPS': 0.03234217122465041, 'CCC': 0.028021279456723922, 'DNP': 0.026057640835985565, 'CSR': 0.16568295173541095, 'PTW': 0.07070901827677133, 'BIP': 0.06273907300694884, 'EHG': 0.05182403682854777, 'IZO': 0.04256958148971989, 'BST': 0.027463988798953932, 'KDM': 0.023468715644839717, 'EKP': 0.016616443179753082, 'RAF': 0.016413671267875515, 'IBS': 0.01014769931085706}"
88,2019-05-03,113473.3526215725,0.0,"{'PKN': 0.14779760972087458, 'PZU': 0.11980105384180144, 'PEO': 0.09003831867671955, 'CDR': 0.06830674670356644, 'CPS': 0.03234217122465041, 'CCC': 0.028021279456723922, 'DNP': 0.026057640835985565, 'CSR': 0.16568295173541095, 'PTW': 0.07070901827677133, 'BIP': 0.06273907300694884, 'EHG': 0.05182403682854777, 'IZO': 0.04256958148971989, 'BST': 0.027463988798953932, 'KDM': 0.023468715644839717, 'EKP': 0.016616443179753082, 'RAF': 0.016413671267875515, 'IBS': 0.01014769931085706}"
89,2019-05-06,112896.34314657183,0.0,"{'PKN': 0.14779760972087458, 'PZU': 0.11980105384180144, 'PEO': 0.09003831867671955, 'CDR': 0.06830674670356644, 'CPS': 0.03234217122465041, 'CCC': 0.028021279456723922, 'DNP': 0.026057640835985565, 'CSR': 0.16568295173541095, 'PTW': 0.07070901827677133, 'BIP': 0.06273907300694884, 'EHG': 0.05182403682854777, 'IZO': 0.04256958148971989, 'BST': 0.027463988798953932, 'KDM': 0.023468715644839717, 'EKP': 0.016616443179753082, 'RAF': 0.016413671267875515, 'IBS': 0.01014769931085706}"
90,2019-05-07,111696.13873948857,0.0,"{'PKN': 0.14779760972087458, 'PZU': 0.11980105384180144, 'PEO': 0.09003831867671955, 'CDR': 0.06830674670356644, 'CPS': 0.03234217122465041, 'CCC': 0.028021279456723922, 'DNP': 0.026057640835985565, 'CSR': 0.16568295173541095, 'PTW': 0.07070901827677133, 'BIP': 0.06273907300694884, 'EHG': 0.05182403682854777, 'IZO': 0.04256958148971989, 'BST': 0.027463988798953932, 'KDM': 0.023468715644839717, 'EKP': 0.016616443179753082, 'RAF': 0.016413671267875515, 'IBS': 0.01014769931085706}"
91,2019-05-08,111434.41869195754,0.0,"{'PKN': 0.14779760972087458, 'PZU': 0.11980105384180144, 'PEO': 0.09003831867671955, 'CDR': 0.06830674670356644, 'CPS': 0.03234217122465041, 'CCC': 0.028021279456723922, 'DNP': 0.026057640835985565, 'CSR': 0.16568295173541095, 'PTW': 0.07070901827677133, 'BIP': 0.06273907300694884, 'EHG': 0.05182403682854777, 'IZO': 0.04256958148971989, 'BST': 0.027463988798953932, 'KDM': 0.023468715644839717, 'EKP': 0.016616443179753082, 'RAF': 0.016413671267875515, 'IBS': 0.01014769931085706}"
92,2019-05-09,110169.12800329551,0.0,"{'PKN': 0.14779760972087458, 'PZU': 0.11980105384180144, 'PEO': 0.09003831867671955, 'CDR': 0.06830674670356644, 'CPS': 0.03234217122465041, 'CCC': 0.028021279456723922, 'DNP': 0.026057640835985565, 'CSR': 0.16568295173541095, 'PTW': 0.07070901827677133, 'BIP': 0.06273907300694884, 'EHG': 0.05182403682854777, 'IZO': 0.04256958148971989, 'BST': 0.027463988798953932, 'KDM': 0.023468715644839717, 'EKP': 0.016616443179753082, 'RAF': 0.016413671267875515, 'IBS': 0.01014769931085706}"
93,2019-05-10,108589.57177305996,0.0,"{'PKN': 0.14779760972087458, 'PZU': 0.11980105384180144, 'PEO': 0.09003831867671955, 'CDR': 0.06830674670356644, 'CPS': 0.03234217122465041, 'CCC': 0.028021279456723922, 'DNP': 0.026057640835985565, 'CSR': 0.16568295173541095, 'PTW': 0.07070901827677133, 'BIP': 0.06273907300694884, 'EHG': 0.05182403682854777, 'IZO': 0.04256958148971989, 'BST': 0.027463988798953932, 'KDM': 0.023468715644839717, 'EKP': 0.016616443179753082, 'RAF': 0.016413671267875515, 'IBS': 0.01014769931085706}"
94,2019-05-13,108181.27699111408,0.0,"{'PKN': 0.14779760972087458, 'PZU': 0.11980105384180144, 'PEO': 0.09003831867671955, 'CDR': 0.06830674670356644, 'CPS': 0.03234217122465041, 'CCC': 0.028021279456723922, 'DNP': 0.026057640835985565, 'CSR': 0.16568295173541095, 'PTW': 0.07070901827677133, 'BIP': 0.06273907300694884, 'EHG': 0.05182403682854777, 'IZO': 0.04256958148971989, 'BST': 0.027463988798953932, 'KDM': 0.023468715644839717, 'EKP': 0.016616443179753082, 'RAF': 0.016413671267875515, 'IBS': 0.01014769931085706}"
95,2019-05-14,108086.24627109694,0.0,"{'PKN': 0.14779760972087458, 'PZU': 0.11980105384180144, 'PEO': 0.09003831867671955, 'CDR': 0.06830674670356644, 'CPS': 0.03234217122465041, 'CCC': 0.028021279456723922, 'DNP': 0.026057640835985565, 'CSR': 0.16568295173541095, 'PTW': 0.07070901827677133, 'BIP': 0.06273907300694884, 'EHG': 0.05182403682854777, 'IZO': 0.04256958148971989, 'BST': 0.027463988798953932, 'KDM': 0.023468715644839717, 'EKP': 0.016616443179753082, 'RAF': 0.016413671267875515, 'IBS': 0.01014769931085706}"
96,2019-05-15,108906.22967391346,0.0,"{'PKN': 0.14779760972087458, 'PZU': 0.11980105384180144, 'PEO': 0.09003831867671955, 'CDR': 0.06830674670356644, 'CPS': 0.03234217122465041, 'CCC': 0.028021279456723922, 'DNP': 0.026057640835985565, 'CSR': 0.16568295173541095, 'PTW': 0.07070901827677133, 'BIP': 0.06273907300694884, 'EHG': 0.05182403682854777, 'IZO': 0.04256958148971989, 'BST': 0.027463988798953932, 'KDM': 0.023468715644839717, 'EKP': 0.016616443179753082, 'RAF': 0.016413671267875515, 'IBS': 0.01014769931085706}"
97,2019-05-16,109128.2401266525,0.0,"{'PKN': 0.14779760972087458, 'PZU': 0.11980105384180144, 'PEO': 0.09003831867671955, 'CDR': 0.06830674670356644, 'CPS': 0.03234217122465041, 'CCC': 0.028021279456723922, 'DNP': 0.026057640835985565, 'CSR': 0.16568295173541095, 'PTW': 0.07070901827677133, 'BIP': 0.06273907300694884, 'EHG': 0.05182403682854777, 'IZO': 0.04256958148971989, 'BST': 0.027463988798953932, 'KDM': 0.023468715644839717, 'EKP': 0.016616443179753082, 'RAF': 0.016413671267875515, 'IBS': 0.01014769931085706}"
98,2019-05-17,108434.77564403859,0.0,"{'PKN': 0.14779760972087458, 'PZU': 0.11980105384180144, 'PEO': 0.09003831867671955, 'CDR': 0.06830674670356644, 'CPS': 0.03234217122465041, 'CCC': 0.028021279456723922, 'DNP': 0.026057640835985565, 'CSR': 0.16568295173541095, 'PTW': 0.07070901827677133, 'BIP': 0.06273907300694884, 'EHG': 0.05182403682854777, 'IZO': 0.04256958148971989, 'BST': 0.027463988798953932, 'KDM': 0.023468715644839717, 'EKP': 0.016616443179753082, 'RAF': 0.016413671267875515, 'IBS': 0.01014769931085706}"
99,2019-05-20,108235.00947905115,0.0,"{'PKN': 0.14779760972087458, 'PZU': 0.11980105384180144, 'PEO': 0.09003831867671955, 'CDR': 0.06830674670356644, 'CPS': 0.03234217122465041, 'CCC': 0.028021279456723922, 'DNP': 0.026057640835985565, 'CSR': 0.16568295173541095, 'PTW': 0.07070901827677133, 'BIP': 0.06273907300694884, 'EHG': 0.05182403682854777, 'IZO': 0.04256958148971989, 'BST': 0.027463988798953932, 'KDM': 0.023468715644839717, 'EKP': 0.016616443179753082, 'RAF': 0.016413671267875515, 'IBS': 0.01014769931085706}"
100,2019-05-21,109223.8490338643,0.0,"{'PKN': 0.14779760972087458, 'PZU': 0.11980105384180144, 'PEO': 0.09003831867671955, 'CDR': 0.06830674670356644, 'CPS': 0.03234217122465041, 'CCC': 0.028021279456723922, 'DNP': 0.026057640835985565, 'CSR': 0.16568295173541095, 'PTW': 0.07070901827677133, 'BIP': 0.06273907300694884, 'EHG': 0.05182403682854777, 'IZO': 0.04256958148971989, 'BST': 0.027463988798953932, 'KDM': 0.023468715644839717, 'EKP': 0.016616443179753082, 'RAF': 0.016413671267875515, 'IBS': 0.01014769931085706}"
101,2019-05-22,110230.07454537725,0.0,"{'PKN': 0.14779760972087458, 'PZU': 0.11980105384180144, 'PEO': 0.09003831867671955, 'CDR': 0.06830674670356644, 'CPS': 0.03234217122465041, 'CCC': 0.028021279456723922, 'DNP': 0.026057640835985565, 'CSR': 0.16568295173541095, 'PTW': 0.07070901827677133, 'BIP': 0.06273907300694884, 'EHG': 0.05182403682854777, 'IZO': 0.04256958148971989, 'BST': 0.027463988798953932, 'KDM': 0.023468715644839717, 'EKP': 0.016616443179753082, 'RAF': 0.016413671267875515, 'IBS': 0.01014769931085706}"
102,2019-05-23,109456.21326634513,0.0,"{'PKN': 0.14779760972087458, 'PZU': 0.11980105384180144, 'PEO': 0.09003831867671955, 'CDR': 0.06830674670356644, 'CPS': 0.03234217122465041, 'CCC': 0.028021279456723922, 'DNP': 0.026057640835985565, 'CSR': 0.16568295173541095, 'PTW': 0.07070901827677133, 'BIP': 0.06273907300694884, 'EHG': 0.05182403682854777, 'IZO': 0.04256958148971989, 'BST': 0.027463988798953932, 'KDM': 0.023468715644839717, 'EKP': 0.016616443179753082, 'RAF': 0.016413671267875515, 'IBS': 0.01014769931085706}"
103,2019-05-24,110194.39661562804,0.0,"{'PKN': 0.14779760972087458, 'PZU': 0.11980105384180144, 'PEO': 0.09003831867671955, 'CDR': 0.06830674670356644, 'CPS': 0.03234217122465041, 'CCC': 0.028021279456723922, 'DNP': 0.026057640835985565, 'CSR': 0.16568295173541095, 'PTW': 0.07070901827677133, 'BIP': 0.06273907300694884, 'EHG': 0.05182403682854777, 'IZO': 0.04256958148971989, 'BST': 0.027463988798953932, 'KDM': 0.023468715644839717, 'EKP': 0.016616443179753082, 'RAF': 0.016413671267875515, 'IBS': 0.01014769931085706}"
104,2019-05-27,110183.56135781798,0.0,"{'PKN': 0.14779760972087458, 'PZU': 0.11980105384180144, 'PEO': 0.09003831867671955, 'CDR': 0.06830674670356644, 'CPS': 0.03234217122465041, 'CCC': 0.028021279456723922, 'DNP': 0.026057640835985565, 'CSR': 0.16568295173541095, 'PTW': 0.07070901827677133, 'BIP': 0.06273907300694884, 'EHG': 0.05182403682854777, 'IZO': 0.04256958148971989, 'BST': 0.027463988798953932, 'KDM': 0.023468715644839717, 'EKP': 0.016616443179753082, 'RAF': 0.016413671267875515, 'IBS': 0.01014769931085706}"
105,2019-05-28,110045.74716516516,0.0,"{'PKN': 0.14779760972087458, 'PZU': 0.11980105384180144, 'PEO': 0.09003831867671955, 'CDR': 0.06830674670356644, 'CPS': 0.03234217122465041, 'CCC': 0.028021279456723922, 'DNP': 0.026057640835985565, 'CSR': 0.16568295173541095, 'PTW': 0.07070901827677133, 'BIP': 0.06273907300694884, 'EHG': 0.05182403682854777, 'IZO': 0.04256958148971989, 'BST': 0.027463988798953932, 'KDM': 0.023468715644839717, 'EKP': 0.016616443179753082, 'RAF': 0.016413671267875515, 'IBS': 0.01014769931085706}"
106,2019-05-29,109996.66175214425,0.0,"{'PKN': 0.14779760972087458, 'PZU': 0.11980105384180144, 'PEO': 0.09003831867671955, 'CDR': 0.06830674670356644, 'CPS': 0.03234217122465041, 'CCC': 0.028021279456723922, 'DNP': 0.026057640835985565, 'CSR': 0.16568295173541095, 'PTW': 0.07070901827677133, 'BIP': 0.06273907300694884, 'EHG': 0.05182403682854777, 'IZO': 0.04256958148971989, 'BST': 0.027463988798953932, 'KDM': 0.023468715644839717, 'EKP': 0.016616443179753082, 'RAF': 0.016413671267875515, 'IBS': 0.01014769931085706}"
107,2019-05-30,112603.38093146161,0.0,"{'PKN': 0.14779760972087458, 'PZU': 0.11980105384180144, 'PEO': 0.09003831867671955, 'CDR': 0.06830674670356644, 'CPS': 0.03234217122465041, 'CCC': 0.028021279456723922, 'DNP': 0.026057640835985565, 'CSR': 0.16568295173541095, 'PTW': 0.07070901827677133, 'BIP': 0.06273907300694884, 'EHG': 0.05182403682854777, 'IZO': 0.04256958148971989, 'BST': 0.027463988798953932, 'KDM': 0.023468715644839717, 'EKP': 0.016616443179753082, 'RAF': 0.016413671267875515, 'IBS': 0.01014769931085706}"
108,2019-05-31,112800.51317656021,0.0,"{'PKN': 0.14779760972087458, 'PZU': 0.11980105384180144, 'PEO': 0.09003831867671955, 'CDR': 0.06830674670356644, 'CPS': 0.03234217122465041, 'CCC': 0.028021279456723922, 'DNP': 0.026057640835985565, 'CSR': 0.16568295173541095, 'PTW': 0.07070901827677133, 'BIP': 0.06273907300694884, 'EHG': 0.05182403682854777, 'IZO': 0.04256958148971989, 'BST': 0.027463988798953932, 'KDM': 0.023468715644839717, 'EKP': 0.016616443179753082, 'RAF': 0.016413671267875515, 'IBS': 0.01014769931085706}"
109,2019-06-03,112041.14076706572,0.0,"{'PKN': 0.14779760972087458, 'PZU': 0.11980105384180144, 'PEO': 0.09003831867671955, 'CDR': 0.06830674670356644, 'CPS': 0.03234217122465041, 'CCC': 0.028021279456723922, 'DNP': 0.026057640835985565, 'CSR': 0.16568295173541095, 'PTW': 0.07070901827677133, 'BIP': 0.06273907300694884, 'EHG': 0.05182403682854777, 'IZO': 0.04256958148971989, 'BST': 0.027463988798953932, 'KDM': 0.023468715644839717, 'EKP': 0.016616443179753082, 'RAF': 0.016413671267875515, 'IBS': 0.01014769931085706}"
110,2019-06-04,112519.0433683485,0.0,"{'PKN': 0.14779760972087458, 'PZU': 0.11980105384180144, 'PEO': 0.09003831867671955, 'CDR': 0.06830674670356644, 'CPS': 0.03234217122465041, 'CCC': 0.028021279456723922, 'DNP': 0.026057640835985565, 'CSR': 0.16568295173541095, 'PTW': 0.07070901827677133, 'BIP': 0.06273907300694884, 'EHG': 0.05182403682854777, 'IZO': 0.04256958148971989, 'BST': 0.027463988798953932, 'KDM': 0.023468715644839717, 'EKP': 0.016616443179753082, 'RAF': 0.016413671267875515, 'IBS': 0.01014769931085706}"
111,2019-06-05,112543.71202805937,0.0,"{'PKN': 0.14779760972087458, 'PZU': 0.11980105384180144, 'PEO': 0.09003831867671955, 'CDR': 0.06830674670356644, 'CPS': 0.03234217122465041, 'CCC': 0.028021279456723922, 'DNP': 0.026057640835985565, 'CSR': 0.16568295173541095, 'PTW': 0.07070901827677133, 'BIP': 0.06273907300694884, 'EHG': 0.05182403682854777, 'IZO': 0.04256958148971989, 'BST': 0.027463988798953932, 'KDM': 0.023468715644839717, 'EKP': 0.016616443179753082, 'RAF': 0.016413671267875515, 'IBS': 0.01014769931085706}"
112,2019-06-06,112877.77940933533,0.0,"{'PKN': 0.14779760972087458, 'PZU': 0.11980105384180144, 'PEO': 0.09003831867671955, 'CDR': 0.06830674670356644, 'CPS': 0.03234217122465041, 'CCC': 0.028021279456723922, 'DNP': 0.026057640835985565, 'CSR': 0.16568295173541095, 'PTW': 0.07070901827677133, 'BIP': 0.06273907300694884, 'EHG': 0.05182403682854777, 'IZO': 0.04256958148971989, 'BST': 0.027463988798953932, 'KDM': 0.023468715644839717, 'EKP': 0.016616443179753082, 'RAF': 0.016413671267875515, 'IBS': 0.01014769931085706}"
113,2019-06-07,113038.7173341525,0.0,"{'PKN': 0.14779760972087458, 'PZU': 0.11980105384180144, 'PEO': 0.09003831867671955, 'CDR': 0.06830674670356644, 'CPS': 0.03234217122465041, 'CCC': 0.028021279456723922, 'DNP': 0.026057640835985565, 'CSR': 0.16568295173541095, 'PTW': 0.07070901827677133, 'BIP': 0.06273907300694884, 'EHG': 0.05182403682854777, 'IZO': 0.04256958148971989, 'BST': 0.027463988798953932, 'KDM': 0.023468715644839717, 'EKP': 0.016616443179753082, 'RAF': 0.016413671267875515, 'IBS': 0.01014769931085706}"
114,2019-06-10,113087.35422143736,0.0,"{'PKN': 0.14779760972087458, 'PZU': 0.11980105384180144, 'PEO': 0.09003831867671955, 'CDR': 0.06830674670356644, 'CPS': 0.03234217122465041, 'CCC': 0.028021279456723922, 'DNP': 0.026057640835985565, 'CSR': 0.16568295173541095, 'PTW': 0.07070901827677133, 'BIP': 0.06273907300694884, 'EHG': 0.05182403682854777, 'IZO': 0.04256958148971989, 'BST': 0.027463988798953932, 'KDM': 0.023468715644839717, 'EKP': 0.016616443179753082, 'RAF': 0.016413671267875515, 'IBS': 0.01014769931085706}"
115,2019-06-11,113773.86117448563,0.0,"{'PKN': 0.14779760972087458, 'PZU': 0.11980105384180144, 'PEO': 0.09003831867671955, 'CDR': 0.06830674670356644, 'CPS': 0.03234217122465041, 'CCC': 0.028021279456723922, 'DNP': 0.026057640835985565, 'CSR': 0.16568295173541095, 'PTW': 0.07070901827677133, 'BIP': 0.06273907300694884, 'EHG': 0.05182403682854777, 'IZO': 0.04256958148971989, 'BST': 0.027463988798953932, 'KDM': 0.023468715644839717, 'EKP': 0.016616443179753082, 'RAF': 0.016413671267875515, 'IBS': 0.01014769931085706}"
116,2019-06-12,113141.79510305556,0.0,"{'PKN': 0.14779760972087458, 'PZU': 0.11980105384180144, 'PEO': 0.09003831867671955, 'CDR': 0.06830674670356644, 'CPS': 0.03234217122465041, 'CCC': 0.028021279456723922, 'DNP': 0.026057640835985565, 'CSR': 0.16568295173541095, 'PTW': 0.07070901827677133, 'BIP': 0.06273907300694884, 'EHG': 0.05182403682854777, 'IZO': 0.04256958148971989, 'BST': 0.027463988798953932, 'KDM': 0.023468715644839717, 'EKP': 0.016616443179753082, 'RAF': 0.016413671267875515, 'IBS': 0.01014769931085706}"
117,2019-06-13,113454.16364327373,0.0,"{'PKN': 0.14779760972087458, 'PZU': 0.11980105384180144, 'PEO': 0.09003831867671955, 'CDR': 0.06830674670356644, 'CPS': 0.03234217122465041, 'CCC': 0.028021279456723922, 'DNP': 0.026057640835985565, 'CSR': 0.16568295173541095, 'PTW': 0.07070901827677133, 'BIP': 0.06273907300694884, 'EHG': 0.05182403682854777, 'IZO': 0.04256958148971989, 'BST': 0.027463988798953932, 'KDM': 0.023468715644839717, 'EKP': 0.016616443179753082, 'RAF': 0.016413671267875515, 'IBS': 0.01014769931085706}"
118,2019-06-14,113162.66764578377,0.0,"{'PKN': 0.14779760972087458, 'PZU': 0.11980105384180144, 'PEO': 0.09003831867671955, 'CDR': 0.06830674670356644, 'CPS': 0.03234217122465041, 'CCC': 0.028021279456723922, 'DNP': 0.026057640835985565, 'CSR': 0.16568295173541095, 'PTW': 0.07070901827677133, 'BIP': 0.06273907300694884, 'EHG': 0.05182403682854777, 'IZO': 0.04256958148971989, 'BST': 0.027463988798953932, 'KDM': 0.023468715644839717, 'EKP': 0.016616443179753082, 'RAF': 0.016413671267875515, 'IBS': 0.01014769931085706}"
119,2019-06-17,113017.77599468105,0.0,"{'PKN': 0.14779760972087458, 'PZU': 0.11980105384180144, 'PEO': 0.09003831867671955, 'CDR': 0.06830674670356644, 'CPS': 0.03234217122465041, 'CCC': 0.028021279456723922, 'DNP': 0.026057640835985565, 'CSR': 0.16568295173541095, 'PTW': 0.07070901827677133, 'BIP': 0.06273907300694884, 'EHG': 0.05182403682854777, 'IZO': 0.04256958148971989, 'BST': 0.027463988798953932, 'KDM': 0.023468715644839717, 'EKP': 0.016616443179753082, 'RAF': 0.016413671267875515, 'IBS': 0.01014769931085706}"
120,2019-06-18,113928.05042278976,0.0,"{'PKN': 0.14779760972087458, 'PZU': 0.11980105384180144, 'PEO': 0.09003831867671955, 'CDR': 0.06830674670356644, 'CPS': 0.03234217122465041, 'CCC': 0.028021279456723922, 'DNP': 0.026057640835985565, 'CSR': 0.16568295173541095, 'PTW': 0.07070901827677133, 'BIP': 0.06273907300694884, 'EHG': 0.05182403682854777, 'IZO': 0.04256958148971989, 'BST': 0.027463988798953932, 'KDM': 0.023468715644839717, 'EKP': 0.016616443179753082, 'RAF': 0.016413671267875515, 'IBS': 0.01014769931085706}"
121,2019-06-19,113800.22580874886,0.0,"{'PKN': 0.14779760972087458, 'PZU': 0.11980105384180144, 'PEO': 0.09003831867671955, 'CDR': 0.06830674670356644, 'CPS': 0.03234217122465041, 'CCC': 0.028021279456723922, 'DNP': 0.026057640835985565, 'CSR': 0.16568295173541095, 'PTW': 0.07070901827677133, 'BIP': 0.06273907300694884, 'EHG': 0.05182403682854777, 'IZO': 0.04256958148971989, 'BST': 0.027463988798953932, 'KDM': 0.023468715644839717, 'EKP': 0.016616443179753082, 'RAF': 0.016413671267875515, 'IBS': 0.01014769931085706}"
122,2019-06-20,113800.22580874886,0.0,"{'PKN': 0.14779760972087458, 'PZU': 0.11980105384180144, 'PEO': 0.09003831867671955, 'CDR': 0.06830674670356644, 'CPS': 0.03234217122465041, 'CCC': 0.028021279456723922, 'DNP': 0.026057640835985565, 'CSR': 0.16568295173541095, 'PTW': 0.07070901827677133, 'BIP': 0.06273907300694884, 'EHG': 0.05182403682854777, 'IZO': 0.04256958148971989, 'BST': 0.027463988798953932, 'KDM': 0.023468715644839717, 'EKP': 0.016616443179753082, 'RAF': 0.016413671267875515, 'IBS': 0.01014769931085706}"
123,2019-06-21,112757.15415865541,1.4551915228366852e-11,"{'PKO': 0.16476274165202107, 'PKN': 0.1389499121265378, 'PZU': 0.12137521968365554, 'PEO': 0.08864235500878734, 'CDR': 0.07842706502636203, 'KGH': 0.06854130052724076, 'SPL': 0.06601493848857644, 'LPP': 0.05030755711775044, 'PGE': 0.03844463971880492, 'CPS': 0.03646748681898066, 'DNP': 0.03229349736379613, 'MBK': 0.027021089630931458, 'ALR': 0.024165202108963092, 'CCC': 0.02383567662565905, 'OPL': 0.01680579964850615, 'JSW': 0.014718804920913884, 'TPE': 0.00922671353251318}"
124,2019-06-24,113894.71433735393,1.4551915228366852e-11,"{'PKO': 0.16476274165202107, 'PKN': 0.1389499121265378, 'PZU': 0.12137521968365554, 'PEO': 0.08864235500878734, 'CDR': 0.07842706502636203, 'KGH': 0.06854130052724076, 'SPL': 0.06601493848857644, 'LPP': 0.05030755711775044, 'PGE': 0.03844463971880492, 'CPS': 0.03646748681898066, 'DNP': 0.03229349736379613, 'MBK': 0.027021089630931458, 'ALR': 0.024165202108963092, 'CCC': 0.02383567662565905, 'OPL': 0.01680579964850615, 'JSW': 0.014718804920913884, 'TPE': 0.00922671353251318}"
125,2019-06-25,112846.93165710433,1.4551915228366852e-11,"{'PKO': 0.16476274165202107, 'PKN': 0.1389499121265378, 'PZU': 0.12137521968365554, 'PEO': 0.08864235500878734, 'CDR': 0.07842706502636203, 'KGH': 0.06854130052724076, 'SPL': 0.06601493848857644, 'LPP': 0.05030755711775044, 'PGE': 0.03844463971880492, 'CPS': 0.03646748681898066, 'DNP': 0.03229349736379613, 'MBK': 0.027021089630931458, 'ALR': 0.024165202108963092, 'CCC': 0.02383567662565905, 'OPL': 0.01680579964850615, 'JSW': 0.014718804920913884, 'TPE': 0.00922671353251318}"
126,2019-06-26,113653.39130721772,1.4551915228366852e-11,"{'PKO': 0.16476274165202107, 'PKN': 0.1389499121265378, 'PZU': 0.12137521968365554, 'PEO': 0.08864235500878734, 'CDR': 0.07842706502636203, 'KGH': 0.06854130052724076, 'SPL': 0.06601493848857644, 'LPP': 0.05030755711775044, 'PGE': 0.03844463971880492, 'CPS': 0.03646748681898066, 'DNP': 0.03229349736379613, 'MBK': 0.027021089630931458, 'ALR': 0.024165202108963092, 'CCC': 0.02383567662565905, 'OPL': 0.01680579964850615, 'JSW': 0.014718804920913884, 'TPE': 0.00922671353251318}"
127,2019-06-27,114622.23285147847,1.4551915228366852e-11,"{'PKO': 0.16476274165202107, 'PKN': 0.1389499121265378, 'PZU': 0.12137521968365554, 'PEO': 0.08864235500878734, 'CDR': 0.07842706502636203, 'KGH': 0.06854130052724076, 'SPL': 0.06601493848857644, 'LPP': 0.05030755711775044, 'PGE': 0.03844463971880492, 'CPS': 0.03646748681898066, 'DNP': 0.03229349736379613, 'MBK': 0.027021089630931458, 'ALR': 0.024165202108963092, 'CCC': 0.02383567662565905, 'OPL': 0.01680579964850615, 'JSW': 0.014718804920913884, 'TPE': 0.00922671353251318}"
128,2019-06-28,114320.76690741524,1.4551915228366852e-11,"{'PKO': 0.16476274165202107, 'PKN': 0.1389499121265378, 'PZU': 0.12137521968365554, 'PEO': 0.08864235500878734, 'CDR': 0.07842706502636203, 'KGH': 0.06854130052724076, 'SPL': 0.06601493848857644, 'LPP': 0.05030755711775044, 'PGE': 0.03844463971880492, 'CPS': 0.03646748681898066, 'DNP': 0.03229349736379613, 'MBK': 0.027021089630931458, 'ALR': 0.024165202108963092, 'CCC': 0.02383567662565905, 'OPL': 0.01680579964850615, 'JSW': 0.014718804920913884, 'TPE': 0.00922671353251318}"
129,2019-07-01,114507.04472764414,1.4551915228366852e-11,"{'PKO': 0.16476274165202107, 'PKN': 0.1389499121265378, 'PZU': 0.12137521968365554, 'PEO': 0.08864235500878734, 'CDR': 0.07842706502636203, 'KGH': 0.06854130052724076, 'SPL': 0.06601493848857644, 'LPP': 0.05030755711775044, 'PGE': 0.03844463971880492, 'CPS': 0.03646748681898066, 'DNP': 0.03229349736379613, 'MBK': 0.027021089630931458, 'ALR': 0.024165202108963092, 'CCC': 0.02383567662565905, 'OPL': 0.01680579964850615, 'JSW': 0.014718804920913884, 'TPE': 0.00922671353251318}"
130,2019-07-02,115102.2172363028,1.4551915228366852e-11,"{'PKO': 0.16476274165202107, 'PKN': 0.1389499121265378, 'PZU': 0.12137521968365554, 'PEO': 0.08864235500878734, 'CDR': 0.07842706502636203, 'KGH': 0.06854130052724076, 'SPL': 0.06601493848857644, 'LPP': 0.05030755711775044, 'PGE': 0.03844463971880492, 'CPS': 0.03646748681898066, 'DNP': 0.03229349736379613, 'MBK': 0.027021089630931458, 'ALR': 0.024165202108963092, 'CCC': 0.02383567662565905, 'OPL': 0.01680579964850615, 'JSW': 0.014718804920913884, 'TPE': 0.00922671353251318}"
131,2019-07-03,115302.82494120968,1.4551915228366852e-11,"{'PKO': 0.16476274165202107, 'PKN': 0.1389499121265378, 'PZU': 0.12137521968365554, 'PEO': 0.08864235500878734, 'CDR': 0.07842706502636203, 'KGH': 0.06854130052724076, 'SPL': 0.06601493848857644, 'LPP': 0.05030755711775044, 'PGE': 0.03844463971880492, 'CPS': 0.03646748681898066, 'DNP': 0.03229349736379613, 'MBK': 0.027021089630931458, 'ALR': 0.024165202108963092, 'CCC': 0.02383567662565905, 'OPL': 0.01680579964850615, 'JSW': 0.014718804920913884, 'TPE': 0.00922671353251318}"
132,2019-07-04,115556.9274490397,1.4551915228366852e-11,"{'PKO': 0.16476274165202107, 'PKN': 0.1389499121265378, 'PZU': 0.12137521968365554, 'PEO': 0.08864235500878734, 'CDR': 0.07842706502636203, 'KGH': 0.06854130052724076, 'SPL': 0.06601493848857644, 'LPP': 0.05030755711775044, 'PGE': 0.03844463971880492, 'CPS': 0.03646748681898066, 'DNP': 0.03229349736379613, 'MBK': 0.027021089630931458, 'ALR': 0.024165202108963092, 'CCC': 0.02383567662565905, 'OPL': 0.01680579964850615, 'JSW': 0.014718804920913884, 'TPE': 0.00922671353251318}"
133,2019-07-05,114791.57038221775,1.4551915228366852e-11,"{'PKO': 0.16476274165202107, 'PKN': 0.1389499121265378, 'PZU': 0.12137521968365554, 'PEO': 0.08864235500878734, 'CDR': 0.07842706502636203, 'KGH': 0.06854130052724076, 'SPL': 0.06601493848857644, 'LPP': 0.05030755711775044, 'PGE': 0.03844463971880492, 'CPS': 0.03646748681898066, 'DNP': 0.03229349736379613, 'MBK': 0.027021089630931458, 'ALR': 0.024165202108963092, 'CCC': 0.02383567662565905, 'OPL': 0.01680579964850615, 'JSW': 0.014718804920913884, 'TPE': 0.00922671353251318}"
134,2019-07-08,114862.215101243,1.4551915228366852e-11,"{'PKO': 0.16476274165202107, 'PKN': 0.1389499121265378, 'PZU': 0.12137521968365554, 'PEO': 0.08864235500878734, 'CDR': 0.07842706502636203, 'KGH': 0.06854130052724076, 'SPL': 0.06601493848857644, 'LPP': 0.05030755711775044, 'PGE': 0.03844463971880492, 'CPS': 0.03646748681898066, 'DNP': 0.03229349736379613, 'MBK': 0.027021089630931458, 'ALR': 0.024165202108963092, 'CCC': 0.02383567662565905, 'OPL': 0.01680579964850615, 'JSW': 0.014718804920913884, 'TPE': 0.00922671353251318}"
135,2019-07-09,114139.96112659188,1.4551915228366852e-11,"{'PKO': 0.16476274165202107, 'PKN': 0.1389499121265378, 'PZU': 0.12137521968365554, 'PEO': 0.08864235500878734, 'CDR': 0.07842706502636203, 'KGH': 0.06854130052724076, 'SPL': 0.06601493848857644, 'LPP': 0.05030755711775044, 'PGE': 0.03844463971880492, 'CPS': 0.03646748681898066, 'DNP': 0.03229349736379613, 'MBK': 0.027021089630931458, 'ALR': 0.024165202108963092, 'CCC': 0.02383567662565905, 'OPL': 0.01680579964850615, 'JSW': 0.014718804920913884, 'TPE': 0.00922671353251318}"
136,2019-07-10,114185.61972398993,1.4551915228366852e-11,"{'PKO': 0.16476274165202107, 'PKN': 0.1389499121265378, 'PZU': 0.12137521968365554, 'PEO': 0.08864235500878734, 'CDR': 0.07842706502636203, 'KGH': 0.06854130052724076, 'SPL': 0.06601493848857644, 'LPP': 0.05030755711775044, 'PGE': 0.03844463971880492, 'CPS': 0.03646748681898066, 'DNP': 0.03229349736379613, 'MBK': 0.027021089630931458, 'ALR': 0.024165202108963092, 'CCC': 0.02383567662565905, 'OPL': 0.01680579964850615, 'JSW': 0.014718804920913884, 'TPE': 0.00922671353251318}"
137,2019-07-11,114162.80058527563,1.4551915228366852e-11,"{'PKO': 0.16476274165202107, 'PKN': 0.1389499121265378, 'PZU': 0.12137521968365554, 'PEO': 0.08864235500878734, 'CDR': 0.07842706502636203, 'KGH': 0.06854130052724076, 'SPL': 0.06601493848857644, 'LPP': 0.05030755711775044, 'PGE': 0.03844463971880492, 'CPS': 0.03646748681898066, 'DNP': 0.03229349736379613, 'MBK': 0.027021089630931458, 'ALR': 0.024165202108963092, 'CCC': 0.02383567662565905, 'OPL': 0.01680579964850615, 'JSW': 0.014718804920913884, 'TPE': 0.00922671353251318}"
138,2019-07-12,113919.2571679636,1.4551915228366852e-11,"{'PKO': 0.16476274165202107, 'PKN': 0.1389499121265378, 'PZU': 0.12137521968365554, 'PEO': 0.08864235500878734, 'CDR': 0.07842706502636203, 'KGH': 0.06854130052724076, 'SPL': 0.06601493848857644, 'LPP': 0.05030755711775044, 'PGE': 0.03844463971880492, 'CPS': 0.03646748681898066, 'DNP': 0.03229349736379613, 'MBK': 0.027021089630931458, 'ALR': 0.024165202108963092, 'CCC': 0.02383567662565905, 'OPL': 0.01680579964850615, 'JSW': 0.014718804920913884, 'TPE': 0.00922671353251318}"
139,2019-07-15,114256.49873006772,1.4551915228366852e-11,"{'PKO': 0.16476274165202107, 'PKN': 0.1389499121265378, 'PZU': 0.12137521968365554, 'PEO': 0.08864235500878734, 'CDR': 0.07842706502636203, 'KGH': 0.06854130052724076, 'SPL': 0.06601493848857644, 'LPP': 0.05030755711775044, 'PGE': 0.03844463971880492, 'CPS': 0.03646748681898066, 'DNP': 0.03229349736379613, 'MBK': 0.027021089630931458, 'ALR': 0.024165202108963092, 'CCC': 0.02383567662565905, 'OPL': 0.01680579964850615, 'JSW': 0.014718804920913884, 'TPE': 0.00922671353251318}"
140,2019-07-16,114218.93559019484,1.4551915228366852e-11,"{'PKO': 0.16476274165202107, 'PKN': 0.1389499121265378, 'PZU': 0.12137521968365554, 'PEO': 0.08864235500878734, 'CDR': 0.07842706502636203, 'KGH': 0.06854130052724076, 'SPL': 0.06601493848857644, 'LPP': 0.05030755711775044, 'PGE': 0.03844463971880492, 'CPS': 0.03646748681898066, 'DNP': 0.03229349736379613, 'MBK': 0.027021089630931458, 'ALR': 0.024165202108963092, 'CCC': 0.02383567662565905, 'OPL': 0.01680579964850615, 'JSW': 0.014718804920913884, 'TPE': 0.00922671353251318}"
141,2019-07-17,113733.78801658224,1.4551915228366852e-11,"{'PKO': 0.16476274165202107, 'PKN': 0.1389499121265378, 'PZU': 0.12137521968365554, 'PEO': 0.08864235500878734, 'CDR': 0.07842706502636203, 'KGH': 0.06854130052724076, 'SPL': 0.06601493848857644, 'LPP': 0.05030755711775044, 'PGE': 0.03844463971880492, 'CPS': 0.03646748681898066, 'DNP': 0.03229349736379613, 'MBK': 0.027021089630931458, 'ALR': 0.024165202108963092, 'CCC': 0.02383567662565905, 'OPL': 0.01680579964850615, 'JSW': 0.014718804920913884, 'TPE': 0.00922671353251318}"
142,2019-07-18,114543.6836548366,1.4551915228366852e-11,"{'PKO': 0.16476274165202107, 'PKN': 0.1389499121265378, 'PZU': 0.12137521968365554, 'PEO': 0.08864235500878734, 'CDR': 0.07842706502636203, 'KGH': 0.06854130052724076, 'SPL': 0.06601493848857644, 'LPP': 0.05030755711775044, 'PGE': 0.03844463971880492, 'CPS': 0.03646748681898066, 'DNP': 0.03229349736379613, 'MBK': 0.027021089630931458, 'ALR': 0.024165202108963092, 'CCC': 0.02383567662565905, 'OPL': 0.01680579964850615, 'JSW': 0.014718804920913884, 'TPE': 0.00922671353251318}"
143,2019-07-19,116315.80773916225,0.0,"{'PKN': 0.155994707356383, 'CDR': 0.08368338125420104, 'KGH': 0.06190307539271954, 'PGE': 0.03953863674683684, 'DNP': 0.03494343209565178, 'CCC': 0.022022735241307958, 'TPE': 0.010160630072490318, 'FMG': 0.15779592031571205, 'EHG': 0.12095325921463183, 'IBS': 0.08563187176194648, 'KDM': 0.06161134220572414, 'MZA': 0.05217386595977468, 'CSR': 0.036593294689951206, 'CPL': 0.02494951976760766, 'NTU': 0.023398840363298107, 'FON': 0.014435571600829143, 'PTW': 0.014209915960934247}"
144,2019-07-22,116418.86928930221,0.0,"{'PKN': 0.155994707356383, 'CDR': 0.08368338125420104, 'KGH': 0.06190307539271954, 'PGE': 0.03953863674683684, 'DNP': 0.03494343209565178, 'CCC': 0.022022735241307958, 'TPE': 0.010160630072490318, 'FMG': 0.15779592031571205, 'EHG': 0.12095325921463183, 'IBS': 0.08563187176194648, 'KDM': 0.06161134220572414, 'MZA': 0.05217386595977468, 'CSR': 0.036593294689951206, 'CPL': 0.02494951976760766, 'NTU': 0.023398840363298107, 'FON': 0.014435571600829143, 'PTW': 0.014209915960934247}"
145,2019-07-23,114331.02978700388,0.0,"{'PKN': 0.155994707356383, 'CDR': 0.08368338125420104, 'KGH': 0.06190307539271954, 'PGE': 0.03953863674683684, 'DNP': 0.03494343209565178, 'CCC': 0.022022735241307958, 'TPE': 0.010160630072490318, 'FMG': 0.15779592031571205, 'EHG': 0.12095325921463183, 'IBS': 0.08563187176194648, 'KDM': 0.06161134220572414, 'MZA': 0.05217386595977468, 'CSR': 0.036593294689951206, 'CPL': 0.02494951976760766, 'NTU': 0.023398840363298107, 'FON': 0.014435571600829143, 'PTW': 0.014209915960934247}"
146,2019-07-24,114399.08330355654,0.0,"{'PKN': 0.155994707356383, 'CDR': 0.08368338125420104, 'KGH': 0.06190307539271954, 'PGE': 0.03953863674683684, 'DNP': 0.03494343209565178, 'CCC': 0.022022735241307958, 'TPE': 0.010160630072490318, 'FMG': 0.15779592031571205, 'EHG': 0.12095325921463183, 'IBS': 0.08563187176194648, 'KDM': 0.06161134220572414, 'MZA': 0.05217386595977468, 'CSR': 0.036593294689951206, 'CPL': 0.02494951976760766, 'NTU': 0.023398840363298107, 'FON': 0.014435571600829143, 'PTW': 0.014209915960934247}"
147,2019-07-25,113009.95840795411,0.0,"{'PKN': 0.155994707356383, 'CDR': 0.08368338125420104, 'KGH': 0.06190307539271954, 'PGE': 0.03953863674683684, 'DNP': 0.03494343209565178, 'CCC': 0.022022735241307958, 'TPE': 0.010160630072490318, 'FMG': 0.15779592031571205, 'EHG': 0.12095325921463183, 'IBS': 0.08563187176194648, 'KDM': 0.06161134220572414, 'MZA': 0.05217386595977468, 'CSR': 0.036593294689951206, 'CPL': 0.02494951976760766, 'NTU': 0.023398840363298107, 'FON': 0.014435571600829143, 'PTW': 0.014209915960934247}"
148,2019-07-26,113722.62360172006,0.0,"{'PKN': 0.155994707356383, 'CDR': 0.08368338125420104, 'KGH': 0.06190307539271954, 'PGE': 0.03953863674683684, 'DNP': 0.03494343209565178, 'CCC': 0.022022735241307958, 'TPE': 0.010160630072490318, 'FMG': 0.15779592031571205, 'EHG': 0.12095325921463183, 'IBS': 0.08563187176194648, 'KDM': 0.06161134220572414, 'MZA': 0.05217386595977468, 'CSR': 0.036593294689951206, 'CPL': 0.02494951976760766, 'NTU': 0.023398840363298107, 'FON': 0.014435571600829143, 'PTW': 0.014209915960934247}"
149,2019-07-29,112962.54443661611,0.0,"{'PKN': 0.155994707356383, 'CDR': 0.08368338125420104, 'KGH': 0.06190307539271954, 'PGE': 0.03953863674683684, 'DNP': 0.03494343209565178, 'CCC': 0.022022735241307958, 'TPE': 0.010160630072490318, 'FMG': 0.15779592031571205, 'EHG': 0.12095325921463183, 'IBS': 0.08563187176194648, 'KDM': 0.06161134220572414, 'MZA': 0.05217386595977468, 'CSR': 0.036593294689951206, 'CPL': 0.02494951976760766, 'NTU': 0.023398840363298107, 'FON': 0.014435571600829143, 'PTW': 0.014209915960934247}"
150,2019-07-30,113068.46078783405,0.0,"{'PKN': 0.155994707356383, 'CDR': 0.08368338125420104, 'KGH': 0.06190307539271954, 'PGE': 0.03953863674683684, 'DNP': 0.03494343209565178, 'CCC': 0.022022735241307958, 'TPE': 0.010160630072490318, 'FMG': 0.15779592031571205, 'EHG': 0.12095325921463183, 'IBS': 0.08563187176194648, 'KDM': 0.06161134220572414, 'MZA': 0.05217386595977468, 'CSR': 0.036593294689951206, 'CPL': 0.02494951976760766, 'NTU': 0.023398840363298107, 'FON': 0.014435571600829143, 'PTW': 0.014209915960934247}"
151,2019-07-31,113459.10832249439,0.0,"{'PKN': 0.155994707356383, 'CDR': 0.08368338125420104, 'KGH': 0.06190307539271954, 'PGE': 0.03953863674683684, 'DNP': 0.03494343209565178, 'CCC': 0.022022735241307958, 'TPE': 0.010160630072490318, 'FMG': 0.15779592031571205, 'EHG': 0.12095325921463183, 'IBS': 0.08563187176194648, 'KDM': 0.06161134220572414, 'MZA': 0.05217386595977468, 'CSR': 0.036593294689951206, 'CPL': 0.02494951976760766, 'NTU': 0.023398840363298107, 'FON': 0.014435571600829143, 'PTW': 0.014209915960934247}"
152,2019-08-01,113063.64530391803,0.0,"{'PKN': 0.155994707356383, 'CDR': 0.08368338125420104, 'KGH': 0.06190307539271954, 'PGE': 0.03953863674683684, 'DNP': 0.03494343209565178, 'CCC': 0.022022735241307958, 'TPE': 0.010160630072490318, 'FMG': 0.15779592031571205, 'EHG': 0.12095325921463183, 'IBS': 0.08563187176194648, 'KDM': 0.06161134220572414, 'MZA': 0.05217386595977468, 'CSR': 0.036593294689951206, 'CPL': 0.02494951976760766, 'NTU': 0.023398840363298107, 'FON': 0.014435571600829143, 'PTW': 0.014209915960934247}"
153,2019-08-02,112285.38034701202,0.0,"{'PKN': 0.155994707356383, 'CDR': 0.08368338125420104, 'KGH': 0.06190307539271954, 'PGE': 0.03953863674683684, 'DNP': 0.03494343209565178, 'CCC': 0.022022735241307958, 'TPE': 0.010160630072490318, 'FMG': 0.15779592031571205, 'EHG': 0.12095325921463183, 'IBS': 0.08563187176194648, 'KDM': 0.06161134220572414, 'MZA': 0.05217386595977468, 'CSR': 0.036593294689951206, 'CPL': 0.02494951976760766, 'NTU': 0.023398840363298107, 'FON': 0.014435571600829143, 'PTW': 0.014209915960934247}"
154,2019-08-05,110583.1540992526,0.0,"{'PKN': 0.155994707356383, 'CDR': 0.08368338125420104, 'KGH': 0.06190307539271954, 'PGE': 0.03953863674683684, 'DNP': 0.03494343209565178, 'CCC': 0.022022735241307958, 'TPE': 0.010160630072490318, 'FMG': 0.15779592031571205, 'EHG': 0.12095325921463183, 'IBS': 0.08563187176194648, 'KDM': 0.06161134220572414, 'MZA': 0.05217386595977468, 'CSR': 0.036593294689951206, 'CPL': 0.02494951976760766, 'NTU': 0.023398840363298107, 'FON': 0.014435571600829143, 'PTW': 0.014209915960934247}"
155,2019-08-06,110386.0407457841,0.0,"{'PKN': 0.155994707356383, 'CDR': 0.08368338125420104, 'KGH': 0.06190307539271954, 'PGE': 0.03953863674683684, 'DNP': 0.03494343209565178, 'CCC': 0.022022735241307958, 'TPE': 0.010160630072490318, 'FMG': 0.15779592031571205, 'EHG': 0.12095325921463183, 'IBS': 0.08563187176194648, 'KDM': 0.06161134220572414, 'MZA': 0.05217386595977468, 'CSR': 0.036593294689951206, 'CPL': 0.02494951976760766, 'NTU': 0.023398840363298107, 'FON': 0.014435571600829143, 'PTW': 0.014209915960934247}"
156,2019-08-07,109876.79758594815,0.0,"{'PKN': 0.155994707356383, 'CDR': 0.08368338125420104, 'KGH': 0.06190307539271954, 'PGE': 0.03953863674683684, 'DNP': 0.03494343209565178, 'CCC': 0.022022735241307958, 'TPE': 0.010160630072490318, 'FMG': 0.15779592031571205, 'EHG': 0.12095325921463183, 'IBS': 0.08563187176194648, 'KDM': 0.06161134220572414, 'MZA': 0.05217386595977468, 'CSR': 0.036593294689951206, 'CPL': 0.02494951976760766, 'NTU': 0.023398840363298107, 'FON': 0.014435571600829143, 'PTW': 0.014209915960934247}"
157,2019-08-08,109897.41389307957,0.0,"{'PKN': 0.155994707356383, 'CDR': 0.08368338125420104, 'KGH': 0.06190307539271954, 'PGE': 0.03953863674683684, 'DNP': 0.03494343209565178, 'CCC': 0.022022735241307958, 'TPE': 0.010160630072490318, 'FMG': 0.15779592031571205, 'EHG': 0.12095325921463183, 'IBS': 0.08563187176194648, 'KDM': 0.06161134220572414, 'MZA': 0.05217386595977468, 'CSR': 0.036593294689951206, 'CPL': 0.02494951976760766, 'NTU': 0.023398840363298107, 'FON': 0.014435571600829143, 'PTW': 0.014209915960934247}"
158,2019-08-09,109091.3159194084,0.0,"{'PKN': 0.155994707356383, 'CDR': 0.08368338125420104, 'KGH': 0.06190307539271954, 'PGE': 0.03953863674683684, 'DNP': 0.03494343209565178, 'CCC': 0.022022735241307958, 'TPE': 0.010160630072490318, 'FMG': 0.15779592031571205, 'EHG': 0.12095325921463183, 'IBS': 0.08563187176194648, 'KDM': 0.06161134220572414, 'MZA': 0.05217386595977468, 'CSR': 0.036593294689951206, 'CPL': 0.02494951976760766, 'NTU': 0.023398840363298107, 'FON': 0.014435571600829143, 'PTW': 0.014209915960934247}"
159,2019-08-12,108484.68495171104,0.0,"{'PKN': 0.155994707356383, 'CDR': 0.08368338125420104, 'KGH': 0.06190307539271954, 'PGE': 0.03953863674683684, 'DNP': 0.03494343209565178, 'CCC': 0.022022735241307958, 'TPE': 0.010160630072490318, 'FMG': 0.15779592031571205, 'EHG': 0.12095325921463183, 'IBS': 0.08563187176194648, 'KDM': 0.06161134220572414, 'MZA': 0.05217386595977468, 'CSR': 0.036593294689951206, 'CPL': 0.02494951976760766, 'NTU': 0.023398840363298107, 'FON': 0.014435571600829143, 'PTW': 0.014209915960934247}"
160,2019-08-13,109835.44848490442,0.0,"{'PKN': 0.155994707356383, 'CDR': 0.08368338125420104, 'KGH': 0.06190307539271954, 'PGE': 0.03953863674683684, 'DNP': 0.03494343209565178, 'CCC': 0.022022735241307958, 'TPE': 0.010160630072490318, 'FMG': 0.15779592031571205, 'EHG': 0.12095325921463183, 'IBS': 0.08563187176194648, 'KDM': 0.06161134220572414, 'MZA': 0.05217386595977468, 'CSR': 0.036593294689951206, 'CPL': 0.02494951976760766, 'NTU': 0.023398840363298107, 'FON': 0.014435571600829143, 'PTW': 0.014209915960934247}"
161,2019-08-14,108538.42083998071,0.0,"{'PKN': 0.155994707356383, 'CDR': 0.08368338125420104, 'KGH': 0.06190307539271954, 'PGE': 0.03953863674683684, 'DNP': 0.03494343209565178, 'CCC': 0.022022735241307958, 'TPE': 0.010160630072490318, 'FMG': 0.15779592031571205, 'EHG': 0.12095325921463183, 'IBS': 0.08563187176194648, 'KDM': 0.06161134220572414, 'MZA': 0.05217386595977468, 'CSR': 0.036593294689951206, 'CPL': 0.02494951976760766, 'NTU': 0.023398840363298107, 'FON': 0.014435571600829143, 'PTW': 0.014209915960934247}"
162,2019-08-15,108538.42083998071,0.0,"{'PKN': 0.155994707356383, 'CDR': 0.08368338125420104, 'KGH': 0.06190307539271954, 'PGE': 0.03953863674683684, 'DNP': 0.03494343209565178, 'CCC': 0.022022735241307958, 'TPE': 0.010160630072490318, 'FMG': 0.15779592031571205, 'EHG': 0.12095325921463183, 'IBS': 0.08563187176194648, 'KDM': 0.06161134220572414, 'MZA': 0.05217386595977468, 'CSR': 0.036593294689951206, 'CPL': 0.02494951976760766, 'NTU': 0.023398840363298107, 'FON': 0.014435571600829143, 'PTW': 0.014209915960934247}"
163,2019-08-16,108332.0069003652,0.0,"{'PKN': 0.155994707356383, 'CDR': 0.08368338125420104, 'KGH': 0.06190307539271954, 'PGE': 0.03953863674683684, 'DNP': 0.03494343209565178, 'CCC': 0.022022735241307958, 'TPE': 0.010160630072490318, 'FMG': 0.15779592031571205, 'EHG': 0.12095325921463183, 'IBS': 0.08563187176194648, 'KDM': 0.06161134220572414, 'MZA': 0.05217386595977468, 'CSR': 0.036593294689951206, 'CPL': 0.02494951976760766, 'NTU': 0.023398840363298107, 'FON': 0.014435571600829143, 'PTW': 0.014209915960934247}"
164,2019-08-19,110785.36178924698,0.0,"{'PKN': 0.155994707356383, 'CDR': 0.08368338125420104, 'KGH': 0.06190307539271954, 'PGE': 0.03953863674683684, 'DNP': 0.03494343209565178, 'CCC': 0.022022735241307958, 'TPE': 0.010160630072490318, 'FMG': 0.15779592031571205, 'EHG': 0.12095325921463183, 'IBS': 0.08563187176194648, 'KDM': 0.06161134220572414, 'MZA': 0.05217386595977468, 'CSR': 0.036593294689951206, 'CPL': 0.02494951976760766, 'NTU': 0.023398840363298107, 'FON': 0.014435571600829143, 'PTW': 0.014209915960934247}"
165,2019-08-20,112726.04956851123,0.0,"{'PKN': 0.155994707356383, 'CDR': 0.08368338125420104, 'KGH': 0.06190307539271954, 'PGE': 0.03953863674683684, 'DNP': 0.03494343209565178, 'CCC': 0.022022735241307958, 'TPE': 0.010160630072490318, 'FMG': 0.15779592031571205, 'EHG': 0.12095325921463183, 'IBS': 0.08563187176194648, 'KDM': 0.06161134220572414, 'MZA': 0.05217386595977468, 'CSR': 0.036593294689951206, 'CPL': 0.02494951976760766, 'NTU': 0.023398840363298107, 'FON': 0.014435571600829143, 'PTW': 0.014209915960934247}"
166,2019-08-21,113638.10650495347,0.0,"{'PKN': 0.155994707356383, 'CDR': 0.08368338125420104, 'KGH': 0.06190307539271954, 'PGE': 0.03953863674683684, 'DNP': 0.03494343209565178, 'CCC': 0.022022735241307958, 'TPE': 0.010160630072490318, 'FMG': 0.15779592031571205, 'EHG': 0.12095325921463183, 'IBS': 0.08563187176194648, 'KDM': 0.06161134220572414, 'MZA': 0.05217386595977468, 'CSR': 0.036593294689951206, 'CPL': 0.02494951976760766, 'NTU': 0.023398840363298107, 'FON': 0.014435571600829143, 'PTW': 0.014209915960934247}"
167,2019-08-22,115905.54579313131,0.0,"{'PKN': 0.155994707356383, 'CDR': 0.08368338125420104, 'KGH': 0.06190307539271954, 'PGE': 0.03953863674683684, 'DNP': 0.03494343209565178, 'CCC': 0.022022735241307958, 'TPE': 0.010160630072490318, 'FMG': 0.15779592031571205, 'EHG': 0.12095325921463183, 'IBS': 0.08563187176194648, 'KDM': 0.06161134220572414, 'MZA': 0.05217386595977468, 'CSR': 0.036593294689951206, 'CPL': 0.02494951976760766, 'NTU': 0.023398840363298107, 'FON': 0.014435571600829143, 'PTW': 0.014209915960934247}"
168,2019-08-23,117298.60693783523,0.0,"{'PKN': 0.155994707356383, 'CDR': 0.08368338125420104, 'KGH': 0.06190307539271954, 'PGE': 0.03953863674683684, 'DNP': 0.03494343209565178, 'CCC': 0.022022735241307958, 'TPE': 0.010160630072490318, 'FMG': 0.15779592031571205, 'EHG': 0.12095325921463183, 'IBS': 0.08563187176194648, 'KDM': 0.06161134220572414, 'MZA': 0.05217386595977468, 'CSR': 0.036593294689951206, 'CPL': 0.02494951976760766, 'NTU': 0.023398840363298107, 'FON': 0.014435571600829143, 'PTW': 0.014209915960934247}"
169,2019-08-26,118793.90899152872,0.0,"{'PKN': 0.155994707356383, 'CDR': 0.08368338125420104, 'KGH': 0.06190307539271954, 'PGE': 0.03953863674683684, 'DNP': 0.03494343209565178, 'CCC': 0.022022735241307958, 'TPE': 0.010160630072490318, 'FMG': 0.15779592031571205, 'EHG': 0.12095325921463183, 'IBS': 0.08563187176194648, 'KDM': 0.06161134220572414, 'MZA': 0.05217386595977468, 'CSR': 0.036593294689951206, 'CPL': 0.02494951976760766, 'NTU': 0.023398840363298107, 'FON': 0.014435571600829143, 'PTW': 0.014209915960934247}"
170,2019-08-27,118589.17290682887,0.0,"{'PKN': 0.155994707356383, 'CDR': 0.08368338125420104, 'KGH': 0.06190307539271954, 'PGE': 0.03953863674683684, 'DNP': 0.03494343209565178, 'CCC': 0.022022735241307958, 'TPE': 0.010160630072490318, 'FMG': 0.15779592031571205, 'EHG': 0.12095325921463183, 'IBS': 0.08563187176194648, 'KDM': 0.06161134220572414, 'MZA': 0.05217386595977468, 'CSR': 0.036593294689951206, 'CPL': 0.02494951976760766, 'NTU': 0.023398840363298107, 'FON': 0.014435571600829143, 'PTW': 0.014209915960934247}"
171,2019-08-28,118104.99550186681,0.0,"{'PKN': 0.155994707356383, 'CDR': 0.08368338125420104, 'KGH': 0.06190307539271954, 'PGE': 0.03953863674683684, 'DNP': 0.03494343209565178, 'CCC': 0.022022735241307958, 'TPE': 0.010160630072490318, 'FMG': 0.15779592031571205, 'EHG': 0.12095325921463183, 'IBS': 0.08563187176194648, 'KDM': 0.06161134220572414, 'MZA': 0.05217386595977468, 'CSR': 0.036593294689951206, 'CPL': 0.02494951976760766, 'NTU': 0.023398840363298107, 'FON': 0.014435571600829143, 'PTW': 0.014209915960934247}"
172,2019-08-29,118665.81806275582,0.0,"{'PKN': 0.155994707356383, 'CDR': 0.08368338125420104, 'KGH': 0.06190307539271954, 'PGE': 0.03953863674683684, 'DNP': 0.03494343209565178, 'CCC': 0.022022735241307958, 'TPE': 0.010160630072490318, 'FMG': 0.15779592031571205, 'EHG': 0.12095325921463183, 'IBS': 0.08563187176194648, 'KDM': 0.06161134220572414, 'MZA': 0.05217386595977468, 'CSR': 0.036593294689951206, 'CPL': 0.02494951976760766, 'NTU': 0.023398840363298107, 'FON': 0.014435571600829143, 'PTW': 0.014209915960934247}"
173,2019-08-30,119641.51285930899,0.0,"{'PKN': 0.155994707356383, 'CDR': 0.08368338125420104, 'KGH': 0.06190307539271954, 'PGE': 0.03953863674683684, 'DNP': 0.03494343209565178, 'CCC': 0.022022735241307958, 'TPE': 0.010160630072490318, 'FMG': 0.15779592031571205, 'EHG': 0.12095325921463183, 'IBS': 0.08563187176194648, 'KDM': 0.06161134220572414, 'MZA': 0.05217386595977468, 'CSR': 0.036593294689951206, 'CPL': 0.02494951976760766, 'NTU': 0.023398840363298107, 'FON': 0.014435571600829143, 'PTW': 0.014209915960934247}"
174,2019-09-02,119477.12940798454,0.0,"{'PKN': 0.155994707356383, 'CDR': 0.08368338125420104, 'KGH': 0.06190307539271954, 'PGE': 0.03953863674683684, 'DNP': 0.03494343209565178, 'CCC': 0.022022735241307958, 'TPE': 0.010160630072490318, 'FMG': 0.15779592031571205, 'EHG': 0.12095325921463183, 'IBS': 0.08563187176194648, 'KDM': 0.06161134220572414, 'MZA': 0.05217386595977468, 'CSR': 0.036593294689951206, 'CPL': 0.02494951976760766, 'NTU': 0.023398840363298107, 'FON': 0.014435571600829143, 'PTW': 0.014209915960934247}"
175,2019-09-03,118919.99114980853,0.0,"{'PKN': 0.155994707356383, 'CDR': 0.08368338125420104, 'KGH': 0.06190307539271954, 'PGE': 0.03953863674683684, 'DNP': 0.03494343209565178, 'CCC': 0.022022735241307958, 'TPE': 0.010160630072490318, 'FMG': 0.15779592031571205, 'EHG': 0.12095325921463183, 'IBS': 0.08563187176194648, 'KDM': 0.06161134220572414, 'MZA': 0.05217386595977468, 'CSR': 0.036593294689951206, 'CPL': 0.02494951976760766, 'NTU': 0.023398840363298107, 'FON': 0.014435571600829143, 'PTW': 0.014209915960934247}"
176,2019-09-04,119058.61419227027,0.0,"{'PKN': 0.155994707356383, 'CDR': 0.08368338125420104, 'KGH': 0.06190307539271954, 'PGE': 0.03953863674683684, 'DNP': 0.03494343209565178, 'CCC': 0.022022735241307958, 'TPE': 0.010160630072490318, 'FMG': 0.15779592031571205, 'EHG': 0.12095325921463183, 'IBS': 0.08563187176194648, 'KDM': 0.06161134220572414, 'MZA': 0.05217386595977468, 'CSR': 0.036593294689951206, 'CPL': 0.02494951976760766, 'NTU': 0.023398840363298107, 'FON': 0.014435571600829143, 'PTW': 0.014209915960934247}"
177,2019-09-05,119167.97896178672,0.0,"{'PKN': 0.155994707356383, 'CDR': 0.08368338125420104, 'KGH': 0.06190307539271954, 'PGE': 0.03953863674683684, 'DNP': 0.03494343209565178, 'CCC': 0.022022735241307958, 'TPE': 0.010160630072490318, 'FMG': 0.15779592031571205, 'EHG': 0.12095325921463183, 'IBS': 0.08563187176194648, 'KDM': 0.06161134220572414, 'MZA': 0.05217386595977468, 'CSR': 0.036593294689951206, 'CPL': 0.02494951976760766, 'NTU': 0.023398840363298107, 'FON': 0.014435571600829143, 'PTW': 0.014209915960934247}"
178,2019-09-06,118976.60033631512,0.0,"{'PKN': 0.155994707356383, 'CDR': 0.08368338125420104, 'KGH': 0.06190307539271954, 'PGE': 0.03953863674683684, 'DNP': 0.03494343209565178, 'CCC': 0.022022735241307958, 'TPE': 0.010160630072490318, 'FMG': 0.15779592031571205, 'EHG': 0.12095325921463183, 'IBS': 0.08563187176194648, 'KDM': 0.06161134220572414, 'MZA': 0.05217386595977468, 'CSR': 0.036593294689951206, 'CPL': 0.02494951976760766, 'NTU': 0.023398840363298107, 'FON': 0.014435571600829143, 'PTW': 0.014209915960934247}"
179,2019-09-09,117975.66374778404,0.0,"{'PKN': 0.155994707356383, 'CDR': 0.08368338125420104, 'KGH': 0.06190307539271954, 'PGE': 0.03953863674683684, 'DNP': 0.03494343209565178, 'CCC': 0.022022735241307958, 'TPE': 0.010160630072490318, 'FMG': 0.15779592031571205, 'EHG': 0.12095325921463183, 'IBS': 0.08563187176194648, 'KDM': 0.06161134220572414, 'MZA': 0.05217386595977468, 'CSR': 0.036593294689951206, 'CPL': 0.02494951976760766, 'NTU': 0.023398840363298107, 'FON': 0.014435571600829143, 'PTW': 0.014209915960934247}"
180,2019-09-10,118216.0716739674,0.0,"{'PKN': 0.155994707356383, 'CDR': 0.08368338125420104, 'KGH': 0.06190307539271954, 'PGE': 0.03953863674683684, 'DNP': 0.03494343209565178, 'CCC': 0.022022735241307958, 'TPE': 0.010160630072490318, 'FMG': 0.15779592031571205, 'EHG': 0.12095325921463183, 'IBS': 0.08563187176194648, 'KDM': 0.06161134220572414, 'MZA': 0.05217386595977468, 'CSR': 0.036593294689951206, 'CPL': 0.02494951976760766, 'NTU': 0.023398840363298107, 'FON': 0.014435571600829143, 'PTW': 0.014209915960934247}"
181,2019-09-11,118331.16755095495,0.0,"{'PKN': 0.155994707356383, 'CDR': 0.08368338125420104, 'KGH': 0.06190307539271954, 'PGE': 0.03953863674683684, 'DNP': 0.03494343209565178, 'CCC': 0.022022735241307958, 'TPE': 0.010160630072490318, 'FMG': 0.15779592031571205, 'EHG': 0.12095325921463183, 'IBS': 0.08563187176194648, 'KDM': 0.06161134220572414, 'MZA': 0.05217386595977468, 'CSR': 0.036593294689951206, 'CPL': 0.02494951976760766, 'NTU': 0.023398840363298107, 'FON': 0.014435571600829143, 'PTW': 0.014209915960934247}"
182,2019-09-12,117940.39684148518,0.0,"{'PKN': 0.155994707356383, 'CDR': 0.08368338125420104, 'KGH': 0.06190307539271954, 'PGE': 0.03953863674683684, 'DNP': 0.03494343209565178, 'CCC': 0.022022735241307958, 'TPE': 0.010160630072490318, 'FMG': 0.15779592031571205, 'EHG': 0.12095325921463183, 'IBS': 0.08563187176194648, 'KDM': 0.06161134220572414, 'MZA': 0.05217386595977468, 'CSR': 0.036593294689951206, 'CPL': 0.02494951976760766, 'NTU': 0.023398840363298107, 'FON': 0.014435571600829143, 'PTW': 0.014209915960934247}"
183,2019-09-13,118199.64622548089,0.0,"{'PKN': 0.155994707356383, 'CDR': 0.08368338125420104, 'KGH': 0.06190307539271954, 'PGE': 0.03953863674683684, 'DNP': 0.03494343209565178, 'CCC': 0.022022735241307958, 'TPE': 0.010160630072490318, 'FMG': 0.15779592031571205, 'EHG': 0.12095325921463183, 'IBS': 0.08563187176194648, 'KDM': 0.06161134220572414, 'MZA': 0.05217386595977468, 'CSR': 0.036593294689951206, 'CPL': 0.02494951976760766, 'NTU': 0.023398840363298107, 'FON': 0.014435571600829143, 'PTW': 0.014209915960934247}"
184,2019-09-16,118184.57707445632,0.0,"{'PKN': 0.155994707356383, 'CDR': 0.08368338125420104, 'KGH': 0.06190307539271954, 'PGE': 0.03953863674683684, 'DNP': 0.03494343209565178, 'CCC': 0.022022735241307958, 'TPE': 0.010160630072490318, 'FMG': 0.15779592031571205, 'EHG': 0.12095325921463183, 'IBS': 0.08563187176194648, 'KDM': 0.06161134220572414, 'MZA': 0.05217386595977468, 'CSR': 0.036593294689951206, 'CPL': 0.02494951976760766, 'NTU': 0.023398840363298107, 'FON': 0.014435571600829143, 'PTW': 0.014209915960934247}"
185,2019-09-17,116925.86084632638,0.0,"{'PKN': 0.155994707356383, 'CDR': 0.08368338125420104, 'KGH': 0.06190307539271954, 'PGE': 0.03953863674683684, 'DNP': 0.03494343209565178, 'CCC': 0.022022735241307958, 'TPE': 0.010160630072490318, 'FMG': 0.15779592031571205, 'EHG': 0.12095325921463183, 'IBS': 0.08563187176194648, 'KDM': 0.06161134220572414, 'MZA': 0.05217386595977468, 'CSR': 0.036593294689951206, 'CPL': 0.02494951976760766, 'NTU': 0.023398840363298107, 'FON': 0.014435571600829143, 'PTW': 0.014209915960934247}"
186,2019-09-18,117252.73506890498,0.0,"{'PKN': 0.155994707356383, 'CDR': 0.08368338125420104, 'KGH': 0.06190307539271954, 'PGE': 0.03953863674683684, 'DNP': 0.03494343209565178, 'CCC': 0.022022735241307958, 'TPE': 0.010160630072490318, 'FMG': 0.15779592031571205, 'EHG': 0.12095325921463183, 'IBS': 0.08563187176194648, 'KDM': 0.06161134220572414, 'MZA': 0.05217386595977468, 'CSR': 0.036593294689951206, 'CPL': 0.02494951976760766, 'NTU': 0.023398840363298107, 'FON': 0.014435571600829143, 'PTW': 0.014209915960934247}"
187,2019-09-19,117875.54647009718,0.0,"{'PKN': 0.155994707356383, 'CDR': 0.08368338125420104, 'KGH': 0.06190307539271954, 'PGE': 0.03953863674683684, 'DNP': 0.03494343209565178, 'CCC': 0.022022735241307958, 'TPE': 0.010160630072490318, 'FMG': 0.15779592031571205, 'EHG': 0.12095325921463183, 'IBS': 0.08563187176194648, 'KDM': 0.06161134220572414, 'MZA': 0.05217386595977468, 'CSR': 0.036593294689951206, 'CPL': 0.02494951976760766, 'NTU': 0.023398840363298107, 'FON': 0.014435571600829143, 'PTW': 0.014209915960934247}"
188,2019-09-20,118074.61100495786,1.4551915228366852e-11,"{'PKO': 0.1646247707600067, 'PKN': 0.14636020119341983, 'PZU': 0.12008279528470756, 'CDR': 0.09125151043227173, 'PEO': 0.08791401757973052, 'KGH': 0.058154249020208236, 'SPL': 0.05742112004109034, 'LPP': 0.05285113640479255, 'CPS': 0.042839755345640676, 'DNP': 0.03974371215688082, 'PGE': 0.0335911357243435, 'MBK': 0.02382778931980337, 'OPL': 0.02180070964251182, 'ALR': 0.020883200920142717, 'CCC': 0.020579193843472572, 'JSW': 0.009451656838567852, 'TPE': 0.008623045492409151}"
189,2019-09-23,116635.5565284368,1.4551915228366852e-11,"{'PKO': 0.1646247707600067, 'PKN': 0.14636020119341983, 'PZU': 0.12008279528470756, 'CDR': 0.09125151043227173, 'PEO': 0.08791401757973052, 'KGH': 0.058154249020208236, 'SPL': 0.05742112004109034, 'LPP': 0.05285113640479255, 'CPS': 0.042839755345640676, 'DNP': 0.03974371215688082, 'PGE': 0.0335911357243435, 'MBK': 0.02382778931980337, 'OPL': 0.02180070964251182, 'ALR': 0.020883200920142717, 'CCC': 0.020579193843472572, 'JSW': 0.009451656838567852, 'TPE': 0.008623045492409151}"
190,2019-09-24,118199.56885403077,1.4551915228366852e-11,"{'PKO': 0.1646247707600067, 'PKN': 0.14636020119341983, 'PZU': 0.12008279528470756, 'CDR': 0.09125151043227173, 'PEO': 0.08791401757973052, 'KGH': 0.058154249020208236, 'SPL': 0.05742112004109034, 'LPP': 0.05285113640479255, 'CPS': 0.042839755345640676, 'DNP': 0.03974371215688082, 'PGE': 0.0335911357243435, 'MBK': 0.02382778931980337, 'OPL': 0.02180070964251182, 'ALR': 0.020883200920142717, 'CCC': 0.020579193843472572, 'JSW': 0.009451656838567852, 'TPE': 0.008623045492409151}"
191,2019-09-25,117442.576652087,1.4551915228366852e-11,"{'PKO': 0.1646247707600067, 'PKN': 0.14636020119341983, 'PZU': 0.12008279528470756, 'CDR': 0.09125151043227173, 'PEO': 0.08791401757973052, 'KGH': 0.058154249020208236, 'SPL': 0.05742112004109034, 'LPP': 0.05285113640479255, 'CPS': 0.042839755345640676, 'DNP': 0.03974371215688082, 'PGE': 0.0335911357243435, 'MBK': 0.02382778931980337, 'OPL': 0.02180070964251182, 'ALR': 0.020883200920142717, 'CCC': 0.020579193843472572, 'JSW': 0.009451656838567852, 'TPE': 0.008623045492409151}"
192,2019-09-26,118221.57919798988,1.4551915228366852e-11,"{'PKO': 0.1646247707600067, 'PKN': 0.14636020119341983, 'PZU': 0.12008279528470756, 'CDR': 0.09125151043227173, 'PEO': 0.08791401757973052, 'KGH': 0.058154249020208236, 'SPL': 0.05742112004109034, 'LPP': 0.05285113640479255, 'CPS': 0.042839755345640676, 'DNP': 0.03974371215688082, 'PGE': 0.0335911357243435, 'MBK': 0.02382778931980337, 'OPL': 0.02180070964251182, 'ALR': 0.020883200920142717, 'CCC': 0.020579193843472572, 'JSW': 0.009451656838567852, 'TPE': 0.008623045492409151}"
193,2019-09-27,118966.89685244873,1.4551915228366852e-11,"{'PKO': 0.1646247707600067, 'PKN': 0.14636020119341983, 'PZU': 0.12008279528470756, 'CDR': 0.09125151043227173, 'PEO': 0.08791401757973052, 'KGH': 0.058154249020208236, 'SPL': 0.05742112004109034, 'LPP': 0.05285113640479255, 'CPS': 0.042839755345640676, 'DNP': 0.03974371215688082, 'PGE': 0.0335911357243435, 'MBK': 0.02382778931980337, 'OPL': 0.02180070964251182, 'ALR': 0.020883200920142717, 'CCC': 0.020579193843472572, 'JSW': 0.009451656838567852, 'TPE': 0.008623045492409151}"
194,2019-09-30,118211.05158513636,1.4551915228366852e-11,"{'PKO': 0.1646247707600067, 'PKN': 0.14636020119341983, 'PZU': 0.12008279528470756, 'CDR': 0.09125151043227173, 'PEO': 0.08791401757973052, 'KGH': 0.058154249020208236, 'SPL': 0.05742112004109034, 'LPP': 0.05285113640479255, 'CPS': 0.042839755345640676, 'DNP': 0.03974371215688082, 'PGE': 0.0335911357243435, 'MBK': 0.02382778931980337, 'OPL': 0.02180070964251182, 'ALR': 0.020883200920142717, 'CCC': 0.020579193843472572, 'JSW': 0.009451656838567852, 'TPE': 0.008623045492409151}"
195,2019-10-01,116951.3726863316,1.4551915228366852e-11,"{'PKO': 0.1646247707600067, 'PKN': 0.14636020119341983, 'PZU': 0.12008279528470756, 'CDR': 0.09125151043227173, 'PEO': 0.08791401757973052, 'KGH': 0.058154249020208236, 'SPL': 0.05742112004109034, 'LPP': 0.05285113640479255, 'CPS': 0.042839755345640676, 'DNP': 0.03974371215688082, 'PGE': 0.0335911357243435, 'MBK': 0.02382778931980337, 'OPL': 0.02180070964251182, 'ALR': 0.020883200920142717, 'CCC': 0.020579193843472572, 'JSW': 0.009451656838567852, 'TPE': 0.008623045492409151}"
196,2019-10-02,114006.16840848116,1.4551915228366852e-11,"{'PKO': 0.1646247707600067, 'PKN': 0.14636020119341983, 'PZU': 0.12008279528470756, 'CDR': 0.09125151043227173, 'PEO': 0.08791401757973052, 'KGH': 0.058154249020208236, 'SPL': 0.05742112004109034, 'LPP': 0.05285113640479255, 'CPS': 0.042839755345640676, 'DNP': 0.03974371215688082, 'PGE': 0.0335911357243435, 'MBK': 0.02382778931980337, 'OPL': 0.02180070964251182, 'ALR': 0.020883200920142717, 'CCC': 0.020579193843472572, 'JSW': 0.009451656838567852, 'TPE': 0.008623045492409151}"
197,2019-10-03,114125.49710791784,1.4551915228366852e-11,"{'PKO': 0.1646247707600067, 'PKN': 0.14636020119341983, 'PZU': 0.12008279528470756, 'CDR': 0.09125151043227173, 'PEO': 0.08791401757973052, 'KGH': 0.058154249020208236, 'SPL': 0.05742112004109034, 'LPP': 0.05285113640479255, 'CPS': 0.042839755345640676, 'DNP': 0.03974371215688082, 'PGE': 0.0335911357243435, 'MBK': 0.02382778931980337, 'OPL': 0.02180070964251182, 'ALR': 0.020883200920142717, 'CCC': 0.020579193843472572, 'JSW': 0.009451656838567852, 'TPE': 0.008623045492409151}"
198,2019-10-04,115122.66625833453,1.4551915228366852e-11,"{'PKO': 0.1646247707600067, 'PKN': 0.14636020119341983, 'PZU': 0.12008279528470756, 'CDR': 0.09125151043227173, 'PEO': 0.08791401757973052, 'KGH': 0.058154249020208236, 'SPL': 0.05742112004109034, 'LPP': 0.05285113640479255, 'CPS': 0.042839755345640676, 'DNP': 0.03974371215688082, 'PGE': 0.0335911357243435, 'MBK': 0.02382778931980337, 'OPL': 0.02180070964251182, 'ALR': 0.020883200920142717, 'CCC': 0.020579193843472572, 'JSW': 0.009451656838567852, 'TPE': 0.008623045492409151}"
199,2019-10-07,115099.41845131753,1.4551915228366852e-11,"{'PKO': 0.1646247707600067, 'PKN': 0.14636020119341983, 'PZU': 0.12008279528470756, 'CDR': 0.09125151043227173, 'PEO': 0.08791401757973052, 'KGH': 0.058154249020208236, 'SPL': 0.05742112004109034, 'LPP': 0.05285113640479255, 'CPS': 0.042839755345640676, 'DNP': 0.03974371215688082, 'PGE': 0.0335911357243435, 'MBK': 0.02382778931980337, 'OPL': 0.02180070964251182, 'ALR': 0.020883200920142717, 'CCC': 0.020579193843472572, 'JSW': 0.009451656838567852, 'TPE': 0.008623045492409151}"
200,2019-10-08,115461.93174045438,1.4551915228366852e-11,"{'PKO': 0.1646247707600067, 'PKN': 0.14636020119341983, 'PZU': 0.12008279528470756, 'CDR': 0.09125151043227173, 'PEO': 0.08791401757973052, 'KGH': 0.058154249020208236, 'SPL': 0.05742112004109034, 'LPP': 0.05285113640479255, 'CPS': 0.042839755345640676, 'DNP': 0.03974371215688082, 'PGE': 0.0335911357243435, 'MBK': 0.02382778931980337, 'OPL': 0.02180070964251182, 'ALR': 0.020883200920142717, 'CCC': 0.020579193843472572, 'JSW': 0.009451656838567852, 'TPE': 0.008623045492409151}"
201,2019-10-09,115693.03633815862,1.4551915228366852e-11,"{'PKO': 0.1646247707600067, 'PKN': 0.14636020119341983, 'PZU': 0.12008279528470756, 'CDR': 0.09125151043227173, 'PEO': 0.08791401757973052, 'KGH': 0.058154249020208236, 'SPL': 0.05742112004109034, 'LPP': 0.05285113640479255, 'CPS': 0.042839755345640676, 'DNP': 0.03974371215688082, 'PGE': 0.0335911357243435, 'MBK': 0.02382778931980337, 'OPL': 0.02180070964251182, 'ALR': 0.020883200920142717, 'CCC': 0.020579193843472572, 'JSW': 0.009451656838567852, 'TPE': 0.008623045492409151}"
202,2019-10-10,115065.65872456416,1.4551915228366852e-11,"{'PKO': 0.1646247707600067, 'PKN': 0.14636020119341983, 'PZU': 0.12008279528470756, 'CDR': 0.09125151043227173, 'PEO': 0.08791401757973052, 'KGH': 0.058154249020208236, 'SPL': 0.05742112004109034, 'LPP': 0.05285113640479255, 'CPS': 0.042839755345640676, 'DNP': 0.03974371215688082, 'PGE': 0.0335911357243435, 'MBK': 0.02382778931980337, 'OPL': 0.02180070964251182, 'ALR': 0.020883200920142717, 'CCC': 0.020579193843472572, 'JSW': 0.009451656838567852, 'TPE': 0.008623045492409151}"
203,2019-10-11,117134.4463059338,1.4551915228366852e-11,"{'PKO': 0.1646247707600067, 'PKN': 0.14636020119341983, 'PZU': 0.12008279528470756, 'CDR': 0.09125151043227173, 'PEO': 0.08791401757973052, 'KGH': 0.058154249020208236, 'SPL': 0.05742112004109034, 'LPP': 0.05285113640479255, 'CPS': 0.042839755345640676, 'DNP': 0.03974371215688082, 'PGE': 0.0335911357243435, 'MBK': 0.02382778931980337, 'OPL': 0.02180070964251182, 'ALR': 0.020883200920142717, 'CCC': 0.020579193843472572, 'JSW': 0.009451656838567852, 'TPE': 0.008623045492409151}"
204,2019-10-14,116467.07187966081,1.4551915228366852e-11,"{'PKO': 0.1646247707600067, 'PKN': 0.14636020119341983, 'PZU': 0.12008279528470756, 'CDR': 0.09125151043227173, 'PEO': 0.08791401757973052, 'KGH': 0.058154249020208236, 'SPL': 0.05742112004109034, 'LPP': 0.05285113640479255, 'CPS': 0.042839755345640676, 'DNP': 0.03974371215688082, 'PGE': 0.0335911357243435, 'MBK': 0.02382778931980337, 'OPL': 0.02180070964251182, 'ALR': 0.020883200920142717, 'CCC': 0.020579193843472572, 'JSW': 0.009451656838567852, 'TPE': 0.008623045492409151}"
205,2019-10-15,116867.8438094588,1.4551915228366852e-11,"{'PKO': 0.1646247707600067, 'PKN': 0.14636020119341983, 'PZU': 0.12008279528470756, 'CDR': 0.09125151043227173, 'PEO': 0.08791401757973052, 'KGH': 0.058154249020208236, 'SPL': 0.05742112004109034, 'LPP': 0.05285113640479255, 'CPS': 0.042839755345640676, 'DNP': 0.03974371215688082, 'PGE': 0.0335911357243435, 'MBK': 0.02382778931980337, 'OPL': 0.02180070964251182, 'ALR': 0.020883200920142717, 'CCC': 0.020579193843472572, 'JSW': 0.009451656838567852, 'TPE': 0.008623045492409151}"
206,2019-10-16,117007.45468371698,1.4551915228366852e-11,"{'PKO': 0.1646247707600067, 'PKN': 0.14636020119341983, 'PZU': 0.12008279528470756, 'CDR': 0.09125151043227173, 'PEO': 0.08791401757973052, 'KGH': 0.058154249020208236, 'SPL': 0.05742112004109034, 'LPP': 0.05285113640479255, 'CPS': 0.042839755345640676, 'DNP': 0.03974371215688082, 'PGE': 0.0335911357243435, 'MBK': 0.02382778931980337, 'OPL': 0.02180070964251182, 'ALR': 0.020883200920142717, 'CCC': 0.020579193843472572, 'JSW': 0.009451656838567852, 'TPE': 0.008623045492409151}"
207,2019-10-17,118027.92034165564,1.4551915228366852e-11,"{'PKO': 0.1646247707600067, 'PKN': 0.14636020119341983, 'PZU': 0.12008279528470756, 'CDR': 0.09125151043227173, 'PEO': 0.08791401757973052, 'KGH': 0.058154249020208236, 'SPL': 0.05742112004109034, 'LPP': 0.05285113640479255, 'CPS': 0.042839755345640676, 'DNP': 0.03974371215688082, 'PGE': 0.0335911357243435, 'MBK': 0.02382778931980337, 'OPL': 0.02180070964251182, 'ALR': 0.020883200920142717, 'CCC': 0.020579193843472572, 'JSW': 0.009451656838567852, 'TPE': 0.008623045492409151}"
208,2019-10-18,117543.5557112833,1.4551915228366852e-11,"{'PKO': 0.1646247707600067, 'PKN': 0.14636020119341983, 'PZU': 0.12008279528470756, 'CDR': 0.09125151043227173, 'PEO': 0.08791401757973052, 'KGH': 0.058154249020208236, 'SPL': 0.05742112004109034, 'LPP': 0.05285113640479255, 'CPS': 0.042839755345640676, 'DNP': 0.03974371215688082, 'PGE': 0.0335911357243435, 'MBK': 0.02382778931980337, 'OPL': 0.02180070964251182, 'ALR': 0.020883200920142717, 'CCC': 0.020579193843472572, 'JSW': 0.009451656838567852, 'TPE': 0.008623045492409151}"
209,2019-10-21,118652.75680294946,1.4551915228366852e-11,"{'PKO': 0.1646247707600067, 'PKN': 0.14636020119341983, 'PZU': 0.12008279528470756, 'CDR': 0.09125151043227173, 'PEO': 0.08791401757973052, 'KGH': 0.058154249020208236, 'SPL': 0.05742112004109034, 'LPP': 0.05285113640479255, 'CPS': 0.042839755345640676, 'DNP': 0.03974371215688082, 'PGE': 0.0335911357243435, 'MBK': 0.02382778931980337, 'OPL': 0.02180070964251182, 'ALR': 0.020883200920142717, 'CCC': 0.020579193843472572, 'JSW': 0.009451656838567852, 'TPE': 0.008623045492409151}"
210,2019-10-22,120146.74232559389,1.4551915228366852e-11,"{'PKO': 0.1646247707600067, 'PKN': 0.14636020119341983, 'PZU': 0.12008279528470756, 'CDR': 0.09125151043227173, 'PEO': 0.08791401757973052, 'KGH': 0.058154249020208236, 'SPL': 0.05742112004109034, 'LPP': 0.05285113640479255, 'CPS': 0.042839755345640676, 'DNP': 0.03974371215688082, 'PGE': 0.0335911357243435, 'MBK': 0.02382778931980337, 'OPL': 0.02180070964251182, 'ALR': 0.020883200920142717, 'CCC': 0.020579193843472572, 'JSW': 0.009451656838567852, 'TPE': 0.008623045492409151}"
211,2019-10-23,119997.85386026214,1.4551915228366852e-11,"{'PKO': 0.1646247707600067, 'PKN': 0.14636020119341983, 'PZU': 0.12008279528470756, 'CDR': 0.09125151043227173, 'PEO': 0.08791401757973052, 'KGH': 0.058154249020208236, 'SPL': 0.05742112004109034, 'LPP': 0.05285113640479255, 'CPS': 0.042839755345640676, 'DNP': 0.03974371215688082, 'PGE': 0.0335911357243435, 'MBK': 0.02382778931980337, 'OPL': 0.02180070964251182, 'ALR': 0.020883200920142717, 'CCC': 0.020579193843472572, 'JSW': 0.009451656838567852, 'TPE': 0.008623045492409151}"
212,2019-10-24,120050.8616769492,1.4551915228366852e-11,"{'PKO': 0.1646247707600067, 'PKN': 0.14636020119341983, 'PZU': 0.12008279528470756, 'CDR': 0.09125151043227173, 'PEO': 0.08791401757973052, 'KGH': 0.058154249020208236, 'SPL': 0.05742112004109034, 'LPP': 0.05285113640479255, 'CPS': 0.042839755345640676, 'DNP': 0.03974371215688082, 'PGE': 0.0335911357243435, 'MBK': 0.02382778931980337, 'OPL': 0.02180070964251182, 'ALR': 0.020883200920142717, 'CCC': 0.020579193843472572, 'JSW': 0.009451656838567852, 'TPE': 0.008623045492409151}"
213,2019-10-25,118058.08245120107,1.4551915228366852e-11,"{'PKO': 0.1646247707600067, 'PKN': 0.14636020119341983, 'PZU': 0.12008279528470756, 'CDR': 0.09125151043227173, 'PEO': 0.08791401757973052, 'KGH': 0.058154249020208236, 'SPL': 0.05742112004109034, 'LPP': 0.05285113640479255, 'CPS': 0.042839755345640676, 'DNP': 0.03974371215688082, 'PGE': 0.0335911357243435, 'MBK': 0.02382778931980337, 'OPL': 0.02180070964251182, 'ALR': 0.020883200920142717, 'CCC': 0.020579193843472572, 'JSW': 0.009451656838567852, 'TPE': 0.008623045492409151}"
214,2019-10-28,119899.49597175381,1.4551915228366852e-11,"{'PKO': 0.1646247707600067, 'PKN': 0.14636020119341983, 'PZU': 0.12008279528470756, 'CDR': 0.09125151043227173, 'PEO': 0.08791401757973052, 'KGH': 0.058154249020208236, 'SPL': 0.05742112004109034, 'LPP': 0.05285113640479255, 'CPS': 0.042839755345640676, 'DNP': 0.03974371215688082, 'PGE': 0.0335911357243435, 'MBK': 0.02382778931980337, 'OPL': 0.02180070964251182, 'ALR': 0.020883200920142717, 'CCC': 0.020579193843472572, 'JSW': 0.009451656838567852, 'TPE': 0.008623045492409151}"
215,2019-10-29,120743.23529312218,1.4551915228366852e-11,"{'PKO': 0.1646247707600067, 'PKN': 0.14636020119341983, 'PZU': 0.12008279528470756, 'CDR': 0.09125151043227173, 'PEO': 0.08791401757973052, 'KGH': 0.058154249020208236, 'SPL': 0.05742112004109034, 'LPP': 0.05285113640479255, 'CPS': 0.042839755345640676, 'DNP': 0.03974371215688082, 'PGE': 0.0335911357243435, 'MBK': 0.02382778931980337, 'OPL': 0.02180070964251182, 'ALR': 0.020883200920142717, 'CCC': 0.020579193843472572, 'JSW': 0.009451656838567852, 'TPE': 0.008623045492409151}"
216,2019-10-30,120670.88505473525,1.4551915228366852e-11,"{'PKO': 0.1646247707600067, 'PKN': 0.14636020119341983, 'PZU': 0.12008279528470756, 'CDR': 0.09125151043227173, 'PEO': 0.08791401757973052, 'KGH': 0.058154249020208236, 'SPL': 0.05742112004109034, 'LPP': 0.05285113640479255, 'CPS': 0.042839755345640676, 'DNP': 0.03974371215688082, 'PGE': 0.0335911357243435, 'MBK': 0.02382778931980337, 'OPL': 0.02180070964251182, 'ALR': 0.020883200920142717, 'CCC': 0.020579193843472572, 'JSW': 0.009451656838567852, 'TPE': 0.008623045492409151}"
217,2019-10-31,118800.13409142134,1.4551915228366852e-11,"{'PKO': 0.1646247707600067, 'PKN': 0.14636020119341983, 'PZU': 0.12008279528470756, 'CDR': 0.09125151043227173, 'PEO': 0.08791401757973052, 'KGH': 0.058154249020208236, 'SPL': 0.05742112004109034, 'LPP': 0.05285113640479255, 'CPS': 0.042839755345640676, 'DNP': 0.03974371215688082, 'PGE': 0.0335911357243435, 'MBK': 0.02382778931980337, 'OPL': 0.02180070964251182, 'ALR': 0.020883200920142717, 'CCC': 0.020579193843472572, 'JSW': 0.009451656838567852, 'TPE': 0.008623045492409151}"
218,2019-11-01,118800.13409142134,1.4551915228366852e-11,"{'PKO': 0.1646247707600067, 'PKN': 0.14636020119341983, 'PZU': 0.12008279528470756, 'CDR': 0.09125151043227173, 'PEO': 0.08791401757973052, 'KGH': 0.058154249020208236, 'SPL': 0.05742112004109034, 'LPP': 0.05285113640479255, 'CPS': 0.042839755345640676, 'DNP': 0.03974371215688082, 'PGE': 0.0335911357243435, 'MBK': 0.02382778931980337, 'OPL': 0.02180070964251182, 'ALR': 0.020883200920142717, 'CCC': 0.020579193843472572, 'JSW': 0.009451656838567852, 'TPE': 0.008623045492409151}"
219,2019-11-04,122480.69486336177,1.4551915228366852e-11,"{'PKO': 0.1646247707600067, 'PKN': 0.14636020119341983, 'PZU': 0.12008279528470756, 'CDR': 0.09125151043227173, 'PEO': 0.08791401757973052, 'KGH': 0.058154249020208236, 'SPL': 0.05742112004109034, 'LPP': 0.05285113640479255, 'CPS': 0.042839755345640676, 'DNP': 0.03974371215688082, 'PGE': 0.0335911357243435, 'MBK': 0.02382778931980337, 'OPL': 0.02180070964251182, 'ALR': 0.020883200920142717, 'CCC': 0.020579193843472572, 'JSW': 0.009451656838567852, 'TPE': 0.008623045492409151}"
220,2019-11-05,122931.05085773418,1.4551915228366852e-11,"{'PKO': 0.1646247707600067, 'PKN': 0.14636020119341983, 'PZU': 0.12008279528470756, 'CDR': 0.09125151043227173, 'PEO': 0.08791401757973052, 'KGH': 0.058154249020208236, 'SPL': 0.05742112004109034, 'LPP': 0.05285113640479255, 'CPS': 0.042839755345640676, 'DNP': 0.03974371215688082, 'PGE': 0.0335911357243435, 'MBK': 0.02382778931980337, 'OPL': 0.02180070964251182, 'ALR': 0.020883200920142717, 'CCC': 0.020579193843472572, 'JSW': 0.009451656838567852, 'TPE': 0.008623045492409151}"
221,2019-11-06,122071.98336201897,1.4551915228366852e-11,"{'PKO': 0.1646247707600067, 'PKN': 0.14636020119341983, 'PZU': 0.12008279528470756, 'CDR': 0.09125151043227173, 'PEO': 0.08791401757973052, 'KGH': 0.058154249020208236, 'SPL': 0.05742112004109034, 'LPP': 0.05285113640479255, 'CPS': 0.042839755345640676, 'DNP': 0.03974371215688082, 'PGE': 0.0335911357243435, 'MBK': 0.02382778931980337, 'OPL': 0.02180070964251182, 'ALR': 0.020883200920142717, 'CCC': 0.020579193843472572, 'JSW': 0.009451656838567852, 'TPE': 0.008623045492409151}"
222,2019-11-07,123127.01185945864,1.4551915228366852e-11,"{'PKO': 0.1646247707600067, 'PKN': 0.14636020119341983, 'PZU': 0.12008279528470756, 'CDR': 0.09125151043227173, 'PEO': 0.08791401757973052, 'KGH': 0.058154249020208236, 'SPL': 0.05742112004109034, 'LPP': 0.05285113640479255, 'CPS': 0.042839755345640676, 'DNP': 0.03974371215688082, 'PGE': 0.0335911357243435, 'MBK': 0.02382778931980337, 'OPL': 0.02180070964251182, 'ALR': 0.020883200920142717, 'CCC': 0.020579193843472572, 'JSW': 0.009451656838567852, 'TPE': 0.008623045492409151}"
223,2019-11-08,122103.86875505697,1.4551915228366852e-11,"{'PKO': 0.1646247707600067, 'PKN': 0.14636020119341983, 'PZU': 0.12008279528470756, 'CDR': 0.09125151043227173, 'PEO': 0.08791401757973052, 'KGH': 0.058154249020208236, 'SPL': 0.05742112004109034, 'LPP': 0.05285113640479255, 'CPS': 0.042839755345640676, 'DNP': 0.03974371215688082, 'PGE': 0.0335911357243435, 'MBK': 0.02382778931980337, 'OPL': 0.02180070964251182, 'ALR': 0.020883200920142717, 'CCC': 0.020579193843472572, 'JSW': 0.009451656838567852, 'TPE': 0.008623045492409151}"
224,2019-11-11,122103.86875505697,1.4551915228366852e-11,"{'PKO': 0.1646247707600067, 'PKN': 0.14636020119341983, 'PZU': 0.12008279528470756, 'CDR': 0.09125151043227173, 'PEO': 0.08791401757973052, 'KGH': 0.058154249020208236, 'SPL': 0.05742112004109034, 'LPP': 0.05285113640479255, 'CPS': 0.042839755345640676, 'DNP': 0.03974371215688082, 'PGE': 0.0335911357243435, 'MBK': 0.02382778931980337, 'OPL': 0.02180070964251182, 'ALR': 0.020883200920142717, 'CCC': 0.020579193843472572, 'JSW': 0.009451656838567852, 'TPE': 0.008623045492409151}"
225,2019-11-12,121792.87610280418,1.4551915228366852e-11,"{'PKO': 0.1646247707600067, 'PKN': 0.14636020119341983, 'PZU': 0.12008279528470756, 'CDR': 0.09125151043227173, 'PEO': 0.08791401757973052, 'KGH': 0.058154249020208236, 'SPL': 0.05742112004109034, 'LPP': 0.05285113640479255, 'CPS': 0.042839755345640676, 'DNP': 0.03974371215688082, 'PGE': 0.0335911357243435, 'MBK': 0.02382778931980337, 'OPL': 0.02180070964251182, 'ALR': 0.020883200920142717, 'CCC': 0.020579193843472572, 'JSW': 0.009451656838567852, 'TPE': 0.008623045492409151}"
226,2019-11-13,121087.76704078312,1.4551915228366852e-11,"{'PKO': 0.1646247707600067, 'PKN': 0.14636020119341983, 'PZU': 0.12008279528470756, 'CDR': 0.09125151043227173, 'PEO': 0.08791401757973052, 'KGH': 0.058154249020208236, 'SPL': 0.05742112004109034, 'LPP': 0.05285113640479255, 'CPS': 0.042839755345640676, 'DNP': 0.03974371215688082, 'PGE': 0.0335911357243435, 'MBK': 0.02382778931980337, 'OPL': 0.02180070964251182, 'ALR': 0.020883200920142717, 'CCC': 0.020579193843472572, 'JSW': 0.009451656838567852, 'TPE': 0.008623045492409151}"
227,2019-11-14,120624.82067331404,1.4551915228366852e-11,"{'PKO': 0.1646247707600067, 'PKN': 0.14636020119341983, 'PZU': 0.12008279528470756, 'CDR': 0.09125151043227173, 'PEO': 0.08791401757973052, 'KGH': 0.058154249020208236, 'SPL': 0.05742112004109034, 'LPP': 0.05285113640479255, 'CPS': 0.042839755345640676, 'DNP': 0.03974371215688082, 'PGE': 0.0335911357243435, 'MBK': 0.02382778931980337, 'OPL': 0.02180070964251182, 'ALR': 0.020883200920142717, 'CCC': 0.020579193843472572, 'JSW': 0.009451656838567852, 'TPE': 0.008623045492409151}"
228,2019-11-15,121093.73433433844,1.4551915228366852e-11,"{'PKO': 0.1646247707600067, 'PKN': 0.14636020119341983, 'PZU': 0.12008279528470756, 'CDR': 0.09125151043227173, 'PEO': 0.08791401757973052, 'KGH': 0.058154249020208236, 'SPL': 0.05742112004109034, 'LPP': 0.05285113640479255, 'CPS': 0.042839755345640676, 'DNP': 0.03974371215688082, 'PGE': 0.0335911357243435, 'MBK': 0.02382778931980337, 'OPL': 0.02180070964251182, 'ALR': 0.020883200920142717, 'CCC': 0.020579193843472572, 'JSW': 0.009451656838567852, 'TPE': 0.008623045492409151}"
229,2019-11-18,121038.42234941942,1.4551915228366852e-11,"{'PKO': 0.1646247707600067, 'PKN': 0.14636020119341983, 'PZU': 0.12008279528470756, 'CDR': 0.09125151043227173, 'PEO': 0.08791401757973052, 'KGH': 0.058154249020208236, 'SPL': 0.05742112004109034, 'LPP': 0.05285113640479255, 'CPS': 0.042839755345640676, 'DNP': 0.03974371215688082, 'PGE': 0.0335911357243435, 'MBK': 0.02382778931980337, 'OPL': 0.02180070964251182, 'ALR': 0.020883200920142717, 'CCC': 0.020579193843472572, 'JSW': 0.009451656838567852, 'TPE': 0.008623045492409151}"
230,2019-11-19,119855.22215902351,1.4551915228366852e-11,"{'PKO': 0.1646247707600067, 'PKN': 0.14636020119341983, 'PZU': 0.12008279528470756, 'CDR': 0.09125151043227173, 'PEO': 0.08791401757973052, 'KGH': 0.058154249020208236, 'SPL': 0.05742112004109034, 'LPP': 0.05285113640479255, 'CPS': 0.042839755345640676, 'DNP': 0.03974371215688082, 'PGE': 0.0335911357243435, 'MBK': 0.02382778931980337, 'OPL': 0.02180070964251182, 'ALR': 0.020883200920142717, 'CCC': 0.020579193843472572, 'JSW': 0.009451656838567852, 'TPE': 0.008623045492409151}"
231,2019-11-20,119263.446472173,1.4551915228366852e-11,"{'PKO': 0.1646247707600067, 'PKN': 0.14636020119341983, 'PZU': 0.12008279528470756, 'CDR': 0.09125151043227173, 'PEO': 0.08791401757973052, 'KGH': 0.058154249020208236, 'SPL': 0.05742112004109034, 'LPP': 0.05285113640479255, 'CPS': 0.042839755345640676, 'DNP': 0.03974371215688082, 'PGE': 0.0335911357243435, 'MBK': 0.02382778931980337, 'OPL': 0.02180070964251182, 'ALR': 0.020883200920142717, 'CCC': 0.020579193843472572, 'JSW': 0.009451656838567852, 'TPE': 0.008623045492409151}"
232,2019-11-21,118442.18385174684,1.4551915228366852e-11,"{'PKO': 0.1646247707600067, 'PKN': 0.14636020119341983, 'PZU': 0.12008279528470756, 'CDR': 0.09125151043227173, 'PEO': 0.08791401757973052, 'KGH': 0.058154249020208236, 'SPL': 0.05742112004109034, 'LPP': 0.05285113640479255, 'CPS': 0.042839755345640676, 'DNP': 0.03974371215688082, 'PGE': 0.0335911357243435, 'MBK': 0.02382778931980337, 'OPL': 0.02180070964251182, 'ALR': 0.020883200920142717, 'CCC': 0.020579193843472572, 'JSW': 0.009451656838567852, 'TPE': 0.008623045492409151}"
233,2019-11-22,118926.57473873482,1.4551915228366852e-11,"{'PKO': 0.1646247707600067, 'PKN': 0.14636020119341983, 'PZU': 0.12008279528470756, 'CDR': 0.09125151043227173, 'PEO': 0.08791401757973052, 'KGH': 0.058154249020208236, 'SPL': 0.05742112004109034, 'LPP': 0.05285113640479255, 'CPS': 0.042839755345640676, 'DNP': 0.03974371215688082, 'PGE': 0.0335911357243435, 'MBK': 0.02382778931980337, 'OPL': 0.02180070964251182, 'ALR': 0.020883200920142717, 'CCC': 0.020579193843472572, 'JSW': 0.009451656838567852, 'TPE': 0.008623045492409151}"
234,2019-11-25,119354.3217501182,1.4551915228366852e-11,"{'PKO': 0.1646247707600067, 'PKN': 0.14636020119341983, 'PZU': 0.12008279528470756, 'CDR': 0.09125151043227173, 'PEO': 0.08791401757973052, 'KGH': 0.058154249020208236, 'SPL': 0.05742112004109034, 'LPP': 0.05285113640479255, 'CPS': 0.042839755345640676, 'DNP': 0.03974371215688082, 'PGE': 0.0335911357243435, 'MBK': 0.02382778931980337, 'OPL': 0.02180070964251182, 'ALR': 0.020883200920142717, 'CCC': 0.020579193843472572, 'JSW': 0.009451656838567852, 'TPE': 0.008623045492409151}"
235,2019-11-26,118789.11068039294,1.4551915228366852e-11,"{'PKO': 0.1646247707600067, 'PKN': 0.14636020119341983, 'PZU': 0.12008279528470756, 'CDR': 0.09125151043227173, 'PEO': 0.08791401757973052, 'KGH': 0.058154249020208236, 'SPL': 0.05742112004109034, 'LPP': 0.05285113640479255, 'CPS': 0.042839755345640676, 'DNP': 0.03974371215688082, 'PGE': 0.0335911357243435, 'MBK': 0.02382778931980337, 'OPL': 0.02180070964251182, 'ALR': 0.020883200920142717, 'CCC': 0.020579193843472572, 'JSW': 0.009451656838567852, 'TPE': 0.008623045492409151}"
236,2019-11-27,118272.19804747301,1.4551915228366852e-11,"{'PKO': 0.1646247707600067, 'PKN': 0.14636020119341983, 'PZU': 0.12008279528470756, 'CDR': 0.09125151043227173, 'PEO': 0.08791401757973052, 'KGH': 0.058154249020208236, 'SPL': 0.05742112004109034, 'LPP': 0.05285113640479255, 'CPS': 0.042839755345640676, 'DNP': 0.03974371215688082, 'PGE': 0.0335911357243435, 'MBK': 0.02382778931980337, 'OPL': 0.02180070964251182, 'ALR': 0.020883200920142717, 'CCC': 0.020579193843472572, 'JSW': 0.009451656838567852, 'TPE': 0.008623045492409151}"
237,2019-11-28,117508.02947697426,1.4551915228366852e-11,"{'PKO': 0.1646247707600067, 'PKN': 0.14636020119341983, 'PZU': 0.12008279528470756, 'CDR': 0.09125151043227173, 'PEO': 0.08791401757973052, 'KGH': 0.058154249020208236, 'SPL': 0.05742112004109034, 'LPP': 0.05285113640479255, 'CPS': 0.042839755345640676, 'DNP': 0.03974371215688082, 'PGE': 0.0335911357243435, 'MBK': 0.02382778931980337, 'OPL': 0.02180070964251182, 'ALR': 0.020883200920142717, 'CCC': 0.020579193843472572, 'JSW': 0.009451656838567852, 'TPE': 0.008623045492409151}"
238,2019-11-29,116856.81889598756,1.4551915228366852e-11,"{'PKO': 0.1646247707600067, 'PKN': 0.14636020119341983, 'PZU': 0.12008279528470756, 'CDR': 0.09125151043227173, 'PEO': 0.08791401757973052, 'KGH': 0.058154249020208236, 'SPL': 0.05742112004109034, 'LPP': 0.05285113640479255, 'CPS': 0.042839755345640676, 'DNP': 0.03974371215688082, 'PGE': 0.0335911357243435, 'MBK': 0.02382778931980337, 'OPL': 0.02180070964251182, 'ALR': 0.020883200920142717, 'CCC': 0.020579193843472572, 'JSW': 0.009451656838567852, 'TPE': 0.008623045492409151}"
239,2019-12-02,114874.33826558004,1.4551915228366852e-11,"{'PKO': 0.1646247707600067, 'PKN': 0.14636020119341983, 'PZU': 0.12008279528470756, 'CDR': 0.09125151043227173, 'PEO': 0.08791401757973052, 'KGH': 0.058154249020208236, 'SPL': 0.05742112004109034, 'LPP': 0.05285113640479255, 'CPS': 0.042839755345640676, 'DNP': 0.03974371215688082, 'PGE': 0.0335911357243435, 'MBK': 0.02382778931980337, 'OPL': 0.02180070964251182, 'ALR': 0.020883200920142717, 'CCC': 0.020579193843472572, 'JSW': 0.009451656838567852, 'TPE': 0.008623045492409151}"
240,2019-12-03,113203.26554685157,1.4551915228366852e-11,"{'PKO': 0.1646247707600067, 'PKN': 0.14636020119341983, 'PZU': 0.12008279528470756, 'CDR': 0.09125151043227173, 'PEO': 0.08791401757973052, 'KGH': 0.058154249020208236, 'SPL': 0.05742112004109034, 'LPP': 0.05285113640479255, 'CPS': 0.042839755345640676, 'DNP': 0.03974371215688082, 'PGE': 0.0335911357243435, 'MBK': 0.02382778931980337, 'OPL': 0.02180070964251182, 'ALR': 0.020883200920142717, 'CCC': 0.020579193843472572, 'JSW': 0.009451656838567852, 'TPE': 0.008623045492409151}"
241,2019-12-04,112828.62254247977,1.4551915228366852e-11,"{'PKO': 0.1646247707600067, 'PKN': 0.14636020119341983, 'PZU': 0.12008279528470756, 'CDR': 0.09125151043227173, 'PEO': 0.08791401757973052, 'KGH': 0.058154249020208236, 'SPL': 0.05742112004109034, 'LPP': 0.05285113640479255, 'CPS': 0.042839755345640676, 'DNP': 0.03974371215688082, 'PGE': 0.0335911357243435, 'MBK': 0.02382778931980337, 'OPL': 0.02180070964251182, 'ALR': 0.020883200920142717, 'CCC': 0.020579193843472572, 'JSW': 0.009451656838567852, 'TPE': 0.008623045492409151}"
242,2019-12-05,113442.6289611553,1.4551915228366852e-11,"{'PKO': 0.1646247707600067, 'PKN': 0.14636020119341983, 'PZU': 0.12008279528470756, 'CDR': 0.09125151043227173, 'PEO': 0.08791401757973052, 'KGH': 0.058154249020208236, 'SPL': 0.05742112004109034, 'LPP': 0.05285113640479255, 'CPS': 0.042839755345640676, 'DNP': 0.03974371215688082, 'PGE': 0.0335911357243435, 'MBK': 0.02382778931980337, 'OPL': 0.02180070964251182, 'ALR': 0.020883200920142717, 'CCC': 0.020579193843472572, 'JSW': 0.009451656838567852, 'TPE': 0.008623045492409151}"
243,2019-12-06,112535.22565848776,1.4551915228366852e-11,"{'PKO': 0.1646247707600067, 'PKN': 0.14636020119341983, 'PZU': 0.12008279528470756, 'CDR': 0.09125151043227173, 'PEO': 0.08791401757973052, 'KGH': 0.058154249020208236, 'SPL': 0.05742112004109034, 'LPP': 0.05285113640479255, 'CPS': 0.042839755345640676, 'DNP': 0.03974371215688082, 'PGE': 0.0335911357243435, 'MBK': 0.02382778931980337, 'OPL': 0.02180070964251182, 'ALR': 0.020883200920142717, 'CCC': 0.020579193843472572, 'JSW': 0.009451656838567852, 'TPE': 0.008623045492409151}"
244,2019-12-09,112301.19995748512,1.4551915228366852e-11,"{'PKO': 0.1646247707600067, 'PKN': 0.14636020119341983, 'PZU': 0.12008279528470756, 'CDR': 0.09125151043227173, 'PEO': 0.08791401757973052, 'KGH': 0.058154249020208236, 'SPL': 0.05742112004109034, 'LPP': 0.05285113640479255, 'CPS': 0.042839755345640676, 'DNP': 0.03974371215688082, 'PGE': 0.0335911357243435, 'MBK': 0.02382778931980337, 'OPL': 0.02180070964251182, 'ALR': 0.020883200920142717, 'CCC': 0.020579193843472572, 'JSW': 0.009451656838567852, 'TPE': 0.008623045492409151}"
245,2019-12-10,111616.27723288482,1.4551915228366852e-11,"{'PKO': 0.1646247707600067, 'PKN': 0.14636020119341983, 'PZU': 0.12008279528470756, 'CDR': 0.09125151043227173, 'PEO': 0.08791401757973052, 'KGH': 0.058154249020208236, 'SPL': 0.05742112004109034, 'LPP': 0.05285113640479255, 'CPS': 0.042839755345640676, 'DNP': 0.03974371215688082, 'PGE': 0.0335911357243435, 'MBK': 0.02382778931980337, 'OPL': 0.02180070964251182, 'ALR': 0.020883200920142717, 'CCC': 0.020579193843472572, 'JSW': 0.009451656838567852, 'TPE': 0.008623045492409151}"
246,2019-12-11,111262.5034076105,1.4551915228366852e-11,"{'PKO': 0.1646247707600067, 'PKN': 0.14636020119341983, 'PZU': 0.12008279528470756, 'CDR': 0.09125151043227173, 'PEO': 0.08791401757973052, 'KGH': 0.058154249020208236, 'SPL': 0.05742112004109034, 'LPP': 0.05285113640479255, 'CPS': 0.042839755345640676, 'DNP': 0.03974371215688082, 'PGE': 0.0335911357243435, 'MBK': 0.02382778931980337, 'OPL': 0.02180070964251182, 'ALR': 0.020883200920142717, 'CCC': 0.020579193843472572, 'JSW': 0.009451656838567852, 'TPE': 0.008623045492409151}"
247,2019-12-12,114356.21173322097,1.4551915228366852e-11,"{'PKO': 0.1646247707600067, 'PKN': 0.14636020119341983, 'PZU': 0.12008279528470756, 'CDR': 0.09125151043227173, 'PEO': 0.08791401757973052, 'KGH': 0.058154249020208236, 'SPL': 0.05742112004109034, 'LPP': 0.05285113640479255, 'CPS': 0.042839755345640676, 'DNP': 0.03974371215688082, 'PGE': 0.0335911357243435, 'MBK': 0.02382778931980337, 'OPL': 0.02180070964251182, 'ALR': 0.020883200920142717, 'CCC': 0.020579193843472572, 'JSW': 0.009451656838567852, 'TPE': 0.008623045492409151}"
248,2019-12-13,114579.69043330866,1.4551915228366852e-11,"{'PKO': 0.1646247707600067, 'PKN': 0.14636020119341983, 'PZU': 0.12008279528470756, 'CDR': 0.09125151043227173, 'PEO': 0.08791401757973052, 'KGH': 0.058154249020208236, 'SPL': 0.05742112004109034, 'LPP': 0.05285113640479255, 'CPS': 0.042839755345640676, 'DNP': 0.03974371215688082, 'PGE': 0.0335911357243435, 'MBK': 0.02382778931980337, 'OPL': 0.02180070964251182, 'ALR': 0.020883200920142717, 'CCC': 0.020579193843472572, 'JSW': 0.009451656838567852, 'TPE': 0.008623045492409151}"
249,2019-12-16,114996.44447707392,1.4551915228366852e-11,"{'PKO': 0.1646247707600067, 'PKN': 0.14636020119341983, 'PZU': 0.12008279528470756, 'CDR': 0.09125151043227173, 'PEO': 0.08791401757973052, 'KGH': 0.058154249020208236, 'SPL': 0.05742112004109034, 'LPP': 0.05285113640479255, 'CPS': 0.042839755345640676, 'DNP': 0.03974371215688082, 'PGE': 0.0335911357243435, 'MBK': 0.02382778931980337, 'OPL': 0.02180070964251182, 'ALR': 0.020883200920142717, 'CCC': 0.020579193843472572, 'JSW': 0.009451656838567852, 'TPE': 0.008623045492409151}"
250,2019-12-17,116294.71153141839,0.0,"{'PKN': 0.12978035377119676, 'PZU': 0.12786786922692162, 'CDR': 0.09966866669396927, 'PEO': 0.08531141147846281, 'KGH': 0.0707552017169505, 'SPL': 0.057766057265114794, 'LPP': 0.057860374466014074, 'DNP': 0.03659708907026488, 'PGE': 0.0334703557507524, 'MBK': 0.02811764351319663, 'ALR': 0.015274131413515307, 'CCC': 0.017963679541269813, 'JSW': 0.007588470765924334, 'TPE': 0.009113352020323059, 'MEG': 0.14763567814942985, 'REG': 0.046327717125101336, 'WIS': 0.028901948031592545}"
251,2019-12-18,116925.52991872,0.0,"{'PKN': 0.12978035377119676, 'PZU': 0.12786786922692162, 'CDR': 0.09966866669396927, 'PEO': 0.08531141147846281, 'KGH': 0.0707552017169505, 'SPL': 0.057766057265114794, 'LPP': 0.057860374466014074, 'DNP': 0.03659708907026488, 'PGE': 0.0334703557507524, 'MBK': 0.02811764351319663, 'ALR': 0.015274131413515307, 'CCC': 0.017963679541269813, 'JSW': 0.007588470765924334, 'TPE': 0.009113352020323059, 'MEG': 0.14763567814942985, 'REG': 0.046327717125101336, 'WIS': 0.028901948031592545}"
252,2019-12-19,117360.90739275794,0.0,"{'PKN': 0.12978035377119676, 'PZU': 0.12786786922692162, 'CDR': 0.09966866669396927, 'PEO': 0.08531141147846281, 'KGH': 0.0707552017169505, 'SPL': 0.057766057265114794, 'LPP': 0.057860374466014074, 'DNP': 0.03659708907026488, 'PGE': 0.0334703557507524, 'MBK': 0.02811764351319663, 'ALR': 0.015274131413515307, 'CCC': 0.017963679541269813, 'JSW': 0.007588470765924334, 'TPE': 0.009113352020323059, 'MEG': 0.14763567814942985, 'REG': 0.046327717125101336, 'WIS': 0.028901948031592545}"
253,2019-12-20,117017.50823090869,0.0,"{'PKO': 0.1650506375355959, 'PKN': 0.1456109734466534, 'PZU': 0.11527576660519447, 'CDR': 0.09580309238874486, 'PEO': 0.08930119760742596, 'KGH': 0.06596083678472556, 'LPP': 0.06093669537814201, 'SPL': 0.052351861551123875, 'CPS': 0.04210661831049766, 'PGE': 0.03631224059541467, 'DNP': 0.03435143902149179, 'MBK': 0.027047398141749886, 'OPL': 0.022953041993283536, 'CCC': 0.016840666716548637, 'ALR': 0.014465037873619625, 'TPE': 0.009761094703855142, 'JSW': 0.005871401345932932}"
254,2019-12-23,117822.7129345234,0.0,"{'PKO': 0.1650506375355959, 'PKN': 0.1456109734466534, 'PZU': 0.11527576660519447, 'CDR': 0.09580309238874486, 'PEO': 0.08930119760742596, 'KGH': 0.06596083678472556, 'LPP': 0.06093669537814201, 'SPL': 0.052351861551123875, 'CPS': 0.04210661831049766, 'PGE': 0.03631224059541467, 'DNP': 0.03435143902149179, 'MBK': 0.027047398141749886, 'OPL': 0.022953041993283536, 'CCC': 0.016840666716548637, 'ALR': 0.014465037873619625, 'TPE': 0.009761094703855142, 'JSW': 0.005871401345932932}"
255,2019-12-24,117822.7129345234,0.0,"{'PKO': 0.1650506375355959, 'PKN': 0.1456109734466534, 'PZU': 0.11527576660519447, 'CDR': 0.09580309238874486, 'PEO': 0.08930119760742596, 'KGH': 0.06596083678472556, 'LPP': 0.06093669537814201, 'SPL': 0.052351861551123875, 'CPS': 0.04210661831049766, 'PGE': 0.03631224059541467, 'DNP': 0.03435143902149179, 'MBK': 0.027047398141749886, 'OPL': 0.022953041993283536, 'CCC': 0.016840666716548637, 'ALR': 0.014465037873619625, 'TPE': 0.009761094703855142, 'JSW': 0.005871401345932932}"
256,2019-12-25,117822.7129345234,0.0,"{'PKO': 0.1650506375355959, 'PKN': 0.1456109734466534, 'PZU': 0.11527576660519447, 'CDR': 0.09580309238874486, 'PEO': 0.08930119760742596, 'KGH': 0.06596083678472556, 'LPP': 0.06093669537814201, 'SPL': 0.052351861551123875, 'CPS': 0.04210661831049766, 'PGE': 0.03631224059541467, 'DNP': 0.03435143902149179, 'MBK': 0.027047398141749886, 'OPL': 0.022953041993283536, 'CCC': 0.016840666716548637, 'ALR': 0.014465037873619625, 'TPE': 0.009761094703855142, 'JSW': 0.005871401345932932}"
257,2019-12-26,117822.7129345234,0.0,"{'PKO': 0.1650506375355959, 'PKN': 0.1456109734466534, 'PZU': 0.11527576660519447, 'CDR': 0.09580309238874486, 'PEO': 0.08930119760742596, 'KGH': 0.06596083678472556, 'LPP': 0.06093669537814201, 'SPL': 0.052351861551123875, 'CPS': 0.04210661831049766, 'PGE': 0.03631224059541467, 'DNP': 0.03435143902149179, 'MBK': 0.027047398141749886, 'OPL': 0.022953041993283536, 'CCC': 0.016840666716548637, 'ALR': 0.014465037873619625, 'TPE': 0.009761094703855142, 'JSW': 0.005871401345932932}"
258,2019-12-27,118334.02146876692,0.0,"{'PKO': 0.1650506375355959, 'PKN': 0.1456109734466534, 'PZU': 0.11527576660519447, 'CDR': 0.09580309238874486, 'PEO': 0.08930119760742596, 'KGH': 0.06596083678472556, 'LPP': 0.06093669537814201, 'SPL': 0.052351861551123875, 'CPS': 0.04210661831049766, 'PGE': 0.03631224059541467, 'DNP': 0.03435143902149179, 'MBK': 0.027047398141749886, 'OPL': 0.022953041993283536, 'CCC': 0.016840666716548637, 'ALR': 0.014465037873619625, 'TPE': 0.009761094703855142, 'JSW': 0.005871401345932932}"
259,2019-12-30,118131.2044798393,0.0,"{'PKO': 0.1650506375355959, 'PKN': 0.1456109734466534, 'PZU': 0.11527576660519447, 'CDR': 0.09580309238874486, 'PEO': 0.08930119760742596, 'KGH': 0.06596083678472556, 'LPP': 0.06093669537814201, 'SPL': 0.052351861551123875, 'CPS': 0.04210661831049766, 'PGE': 0.03631224059541467, 'DNP': 0.03435143902149179, 'MBK': 0.027047398141749886, 'OPL': 0.022953041993283536, 'CCC': 0.016840666716548637, 'ALR': 0.014465037873619625, 'TPE': 0.009761094703855142, 'JSW': 0.005871401345932932}"
260,2019-12-31,118131.2044798393,0.0,"{'PKO': 0.1650506375355959, 'PKN': 0.1456109734466534, 'PZU': 0.11527576660519447, 'CDR': 0.09580309238874486, 'PEO': 0.08930119760742596, 'KGH': 0.06596083678472556, 'LPP': 0.06093669537814201, 'SPL': 0.052351861551123875, 'CPS': 0.04210661831049766, 'PGE': 0.03631224059541467, 'DNP': 0.03435143902149179, 'MBK': 0.027047398141749886, 'OPL': 0.022953041993283536, 'CCC': 0.016840666716548637, 'ALR': 0.014465037873619625, 'TPE': 0.009761094703855142, 'JSW': 0.005871401345932932}"
261,2020-01-01,118131.2044798393,0.0,"{'PKO': 0.1650506375355959, 'PKN': 0.1456109734466534, 'PZU': 0.11527576660519447, 'CDR': 0.09580309238874486, 'PEO': 0.08930119760742596, 'KGH': 0.06596083678472556, 'LPP': 0.06093669537814201, 'SPL': 0.052351861551123875, 'CPS': 0.04210661831049766, 'PGE': 0.03631224059541467, 'DNP': 0.03435143902149179, 'MBK': 0.027047398141749886, 'OPL': 0.022953041993283536, 'CCC': 0.016840666716548637, 'ALR': 0.014465037873619625, 'TPE': 0.009761094703855142, 'JSW': 0.005871401345932932}"
262,2020-01-02,120774.35070973144,0.0,"{'PKO': 0.1650506375355959, 'PKN': 0.1456109734466534, 'PZU': 0.11527576660519447, 'CDR': 0.09580309238874486, 'PEO': 0.08930119760742596, 'KGH': 0.06596083678472556, 'LPP': 0.06093669537814201, 'SPL': 0.052351861551123875, 'CPS': 0.04210661831049766, 'PGE': 0.03631224059541467, 'DNP': 0.03435143902149179, 'MBK': 0.027047398141749886, 'OPL': 0.022953041993283536, 'CCC': 0.016840666716548637, 'ALR': 0.014465037873619625, 'TPE': 0.009761094703855142, 'JSW': 0.005871401345932932}"
263,2020-01-03,119336.95324614292,0.0,"{'PKO': 0.1650506375355959, 'PKN': 0.1456109734466534, 'PZU': 0.11527576660519447, 'CDR': 0.09580309238874486, 'PEO': 0.08930119760742596, 'KGH': 0.06596083678472556, 'LPP': 0.06093669537814201, 'SPL': 0.052351861551123875, 'CPS': 0.04210661831049766, 'PGE': 0.03631224059541467, 'DNP': 0.03435143902149179, 'MBK': 0.027047398141749886, 'OPL': 0.022953041993283536, 'CCC': 0.016840666716548637, 'ALR': 0.014465037873619625, 'TPE': 0.009761094703855142, 'JSW': 0.005871401345932932}"
264,2020-01-06,119336.95324614292,0.0,"{'PKO': 0.1650506375355959, 'PKN': 0.1456109734466534, 'PZU': 0.11527576660519447, 'CDR': 0.09580309238874486, 'PEO': 0.08930119760742596, 'KGH': 0.06596083678472556, 'LPP': 0.06093669537814201, 'SPL': 0.052351861551123875, 'CPS': 0.04210661831049766, 'PGE': 0.03631224059541467, 'DNP': 0.03435143902149179, 'MBK': 0.027047398141749886, 'OPL': 0.022953041993283536, 'CCC': 0.016840666716548637, 'ALR': 0.014465037873619625, 'TPE': 0.009761094703855142, 'JSW': 0.005871401345932932}"
265,2020-01-07,117759.68029699933,0.0,"{'PKO': 0.1650506375355959, 'PKN': 0.1456109734466534, 'PZU': 0.11527576660519447, 'CDR': 0.09580309238874486, 'PEO': 0.08930119760742596, 'KGH': 0.06596083678472556, 'LPP': 0.06093669537814201, 'SPL': 0.052351861551123875, 'CPS': 0.04210661831049766, 'PGE': 0.03631224059541467, 'DNP': 0.03435143902149179, 'MBK': 0.027047398141749886, 'OPL': 0.022953041993283536, 'CCC': 0.016840666716548637, 'ALR': 0.014465037873619625, 'TPE': 0.009761094703855142, 'JSW': 0.005871401345932932}"
266,2020-01-08,116223.20794964273,0.0,"{'PKO': 0.1650506375355959, 'PKN': 0.1456109734466534, 'PZU': 0.11527576660519447, 'CDR': 0.09580309238874486, 'PEO': 0.08930119760742596, 'KGH': 0.06596083678472556, 'LPP': 0.06093669537814201, 'SPL': 0.052351861551123875, 'CPS': 0.04210661831049766, 'PGE': 0.03631224059541467, 'DNP': 0.03435143902149179, 'MBK': 0.027047398141749886, 'OPL': 0.022953041993283536, 'CCC': 0.016840666716548637, 'ALR': 0.014465037873619625, 'TPE': 0.009761094703855142, 'JSW': 0.005871401345932932}"
267,2020-01-09,118507.77008458262,0.0,"{'PKO': 0.1650506375355959, 'PKN': 0.1456109734466534, 'PZU': 0.11527576660519447, 'CDR': 0.09580309238874486, 'PEO': 0.08930119760742596, 'KGH': 0.06596083678472556, 'LPP': 0.06093669537814201, 'SPL': 0.052351861551123875, 'CPS': 0.04210661831049766, 'PGE': 0.03631224059541467, 'DNP': 0.03435143902149179, 'MBK': 0.027047398141749886, 'OPL': 0.022953041993283536, 'CCC': 0.016840666716548637, 'ALR': 0.014465037873619625, 'TPE': 0.009761094703855142, 'JSW': 0.005871401345932932}"
268,2020-01-10,119073.06390811988,0.0,"{'PKO': 0.1650506375355959, 'PKN': 0.1456109734466534, 'PZU': 0.11527576660519447, 'CDR': 0.09580309238874486, 'PEO': 0.08930119760742596, 'KGH': 0.06596083678472556, 'LPP': 0.06093669537814201, 'SPL': 0.052351861551123875, 'CPS': 0.04210661831049766, 'PGE': 0.03631224059541467, 'DNP': 0.03435143902149179, 'MBK': 0.027047398141749886, 'OPL': 0.022953041993283536, 'CCC': 0.016840666716548637, 'ALR': 0.014465037873619625, 'TPE': 0.009761094703855142, 'JSW': 0.005871401345932932}"
269,2020-01-13,120548.35437431815,0.0,"{'PKO': 0.1650506375355959, 'PKN': 0.1456109734466534, 'PZU': 0.11527576660519447, 'CDR': 0.09580309238874486, 'PEO': 0.08930119760742596, 'KGH': 0.06596083678472556, 'LPP': 0.06093669537814201, 'SPL': 0.052351861551123875, 'CPS': 0.04210661831049766, 'PGE': 0.03631224059541467, 'DNP': 0.03435143902149179, 'MBK': 0.027047398141749886, 'OPL': 0.022953041993283536, 'CCC': 0.016840666716548637, 'ALR': 0.014465037873619625, 'TPE': 0.009761094703855142, 'JSW': 0.005871401345932932}"
270,2020-01-14,119919.2099582542,0.0,"{'PKO': 0.1650506375355959, 'PKN': 0.1456109734466534, 'PZU': 0.11527576660519447, 'CDR': 0.09580309238874486, 'PEO': 0.08930119760742596, 'KGH': 0.06596083678472556, 'LPP': 0.06093669537814201, 'SPL': 0.052351861551123875, 'CPS': 0.04210661831049766, 'PGE': 0.03631224059541467, 'DNP': 0.03435143902149179, 'MBK': 0.027047398141749886, 'OPL': 0.022953041993283536, 'CCC': 0.016840666716548637, 'ALR': 0.014465037873619625, 'TPE': 0.009761094703855142, 'JSW': 0.005871401345932932}"
271,2020-01-15,118869.14876286438,0.0,"{'PKO': 0.1650506375355959, 'PKN': 0.1456109734466534, 'PZU': 0.11527576660519447, 'CDR': 0.09580309238874486, 'PEO': 0.08930119760742596, 'KGH': 0.06596083678472556, 'LPP': 0.06093669537814201, 'SPL': 0.052351861551123875, 'CPS': 0.04210661831049766, 'PGE': 0.03631224059541467, 'DNP': 0.03435143902149179, 'MBK': 0.027047398141749886, 'OPL': 0.022953041993283536, 'CCC': 0.016840666716548637, 'ALR': 0.014465037873619625, 'TPE': 0.009761094703855142, 'JSW': 0.005871401345932932}"
272,2020-01-16,119336.52672420478,0.0,"{'PKO': 0.1650506375355959, 'PKN': 0.1456109734466534, 'PZU': 0.11527576660519447, 'CDR': 0.09580309238874486, 'PEO': 0.08930119760742596, 'KGH': 0.06596083678472556, 'LPP': 0.06093669537814201, 'SPL': 0.052351861551123875, 'CPS': 0.04210661831049766, 'PGE': 0.03631224059541467, 'DNP': 0.03435143902149179, 'MBK': 0.027047398141749886, 'OPL': 0.022953041993283536, 'CCC': 0.016840666716548637, 'ALR': 0.014465037873619625, 'TPE': 0.009761094703855142, 'JSW': 0.005871401345932932}"
273,2020-01-17,119476.41716308944,1.4551915228366852e-11,"{'PKN': 0.14624227036846577, 'PZU': 0.1158521582990596, 'CDR': 0.09258095445486089, 'PEO': 0.09043195668491931, 'KGH': 0.06866633828555894, 'LPP': 0.05981944961530281, 'PGE': 0.034545447258855444, 'DNP': 0.036866748696772395, 'MBK': 0.027241149496711185, 'OPL': 0.024711451198162777, 'CCC': 0.015000942460856601, 'ALR': 0.01395707659421363, 'TPE': 0.009524376116224581, 'JSW': 0.006583684310599161, 'MEG': 0.1627691829674703, 'REG': 0.05293208927456437, 'CSR': 0.042274723917402196}"
274,2020-01-20,119690.03811003058,1.4551915228366852e-11,"{'PKN': 0.14624227036846577, 'PZU': 0.1158521582990596, 'CDR': 0.09258095445486089, 'PEO': 0.09043195668491931, 'KGH': 0.06866633828555894, 'LPP': 0.05981944961530281, 'PGE': 0.034545447258855444, 'DNP': 0.036866748696772395, 'MBK': 0.027241149496711185, 'OPL': 0.024711451198162777, 'CCC': 0.015000942460856601, 'ALR': 0.01395707659421363, 'TPE': 0.009524376116224581, 'JSW': 0.006583684310599161, 'MEG': 0.1627691829674703, 'REG': 0.05293208927456437, 'CSR': 0.042274723917402196}"
275,2020-01-21,118821.39582607648,1.4551915228366852e-11,"{'PKN': 0.14624227036846577, 'PZU': 0.1158521582990596, 'CDR': 0.09258095445486089, 'PEO': 0.09043195668491931, 'KGH': 0.06866633828555894, 'LPP': 0.05981944961530281, 'PGE': 0.034545447258855444, 'DNP': 0.036866748696772395, 'MBK': 0.027241149496711185, 'OPL': 0.024711451198162777, 'CCC': 0.015000942460856601, 'ALR': 0.01395707659421363, 'TPE': 0.009524376116224581, 'JSW': 0.006583684310599161, 'MEG': 0.1627691829674703, 'REG': 0.05293208927456437, 'CSR': 0.042274723917402196}"
276,2020-01-22,118699.76091541722,1.4551915228366852e-11,"{'PKN': 0.14624227036846577, 'PZU': 0.1158521582990596, 'CDR': 0.09258095445486089, 'PEO': 0.09043195668491931, 'KGH': 0.06866633828555894, 'LPP': 0.05981944961530281, 'PGE': 0.034545447258855444, 'DNP': 0.036866748696772395, 'MBK': 0.027241149496711185, 'OPL': 0.024711451198162777, 'CCC': 0.015000942460856601, 'ALR': 0.01395707659421363, 'TPE': 0.009524376116224581, 'JSW': 0.006583684310599161, 'MEG': 0.1627691829674703, 'REG': 0.05293208927456437, 'CSR': 0.042274723917402196}"
277,2020-01-23,118507.59259554287,1.4551915228366852e-11,"{'PKN': 0.14624227036846577, 'PZU': 0.1158521582990596, 'CDR': 0.09258095445486089, 'PEO': 0.09043195668491931, 'KGH': 0.06866633828555894, 'LPP': 0.05981944961530281, 'PGE': 0.034545447258855444, 'DNP': 0.036866748696772395, 'MBK': 0.027241149496711185, 'OPL': 0.024711451198162777, 'CCC': 0.015000942460856601, 'ALR': 0.01395707659421363, 'TPE': 0.009524376116224581, 'JSW': 0.006583684310599161, 'MEG': 0.1627691829674703, 'REG': 0.05293208927456437, 'CSR': 0.042274723917402196}"
278,2020-01-24,118499.97335144761,1.4551915228366852e-11,"{'PKN': 0.14624227036846577, 'PZU': 0.1158521582990596, 'CDR': 0.09258095445486089, 'PEO': 0.09043195668491931, 'KGH': 0.06866633828555894, 'LPP': 0.05981944961530281, 'PGE': 0.034545447258855444, 'DNP': 0.036866748696772395, 'MBK': 0.027241149496711185, 'OPL': 0.024711451198162777, 'CCC': 0.015000942460856601, 'ALR': 0.01395707659421363, 'TPE': 0.009524376116224581, 'JSW': 0.006583684310599161, 'MEG': 0.1627691829674703, 'REG': 0.05293208927456437, 'CSR': 0.042274723917402196}"
279,2020-01-27,115762.565402354,1.4551915228366852e-11,"{'PKN': 0.14624227036846577, 'PZU': 0.1158521582990596, 'CDR': 0.09258095445486089, 'PEO': 0.09043195668491931, 'KGH': 0.06866633828555894, 'LPP': 0.05981944961530281, 'PGE': 0.034545447258855444, 'DNP': 0.036866748696772395, 'MBK': 0.027241149496711185, 'OPL': 0.024711451198162777, 'CCC': 0.015000942460856601, 'ALR': 0.01395707659421363, 'TPE': 0.009524376116224581, 'JSW': 0.006583684310599161, 'MEG': 0.1627691829674703, 'REG': 0.05293208927456437, 'CSR': 0.042274723917402196}"
280,2020-01-28,116229.87412049575,1.4551915228366852e-11,"{'PKN': 0.14624227036846577, 'PZU': 0.1158521582990596, 'CDR': 0.09258095445486089, 'PEO': 0.09043195668491931, 'KGH': 0.06866633828555894, 'LPP': 0.05981944961530281, 'PGE': 0.034545447258855444, 'DNP': 0.036866748696772395, 'MBK': 0.027241149496711185, 'OPL': 0.024711451198162777, 'CCC': 0.015000942460856601, 'ALR': 0.01395707659421363, 'TPE': 0.009524376116224581, 'JSW': 0.006583684310599161, 'MEG': 0.1627691829674703, 'REG': 0.05293208927456437, 'CSR': 0.042274723917402196}"
281,2020-01-29,116070.03571842393,1.4551915228366852e-11,"{'PKN': 0.14624227036846577, 'PZU': 0.1158521582990596, 'CDR': 0.09258095445486089, 'PEO': 0.09043195668491931, 'KGH': 0.06866633828555894, 'LPP': 0.05981944961530281, 'PGE': 0.034545447258855444, 'DNP': 0.036866748696772395, 'MBK': 0.027241149496711185, 'OPL': 0.024711451198162777, 'CCC': 0.015000942460856601, 'ALR': 0.01395707659421363, 'TPE': 0.009524376116224581, 'JSW': 0.006583684310599161, 'MEG': 0.1627691829674703, 'REG': 0.05293208927456437, 'CSR': 0.042274723917402196}"
282,2020-01-30,115360.4154325565,1.4551915228366852e-11,"{'PKN': 0.14624227036846577, 'PZU': 0.1158521582990596, 'CDR': 0.09258095445486089, 'PEO': 0.09043195668491931, 'KGH': 0.06866633828555894, 'LPP': 0.05981944961530281, 'PGE': 0.034545447258855444, 'DNP': 0.036866748696772395, 'MBK': 0.027241149496711185, 'OPL': 0.024711451198162777, 'CCC': 0.015000942460856601, 'ALR': 0.01395707659421363, 'TPE': 0.009524376116224581, 'JSW': 0.006583684310599161, 'MEG': 0.1627691829674703, 'REG': 0.05293208927456437, 'CSR': 0.042274723917402196}"
283,2020-01-31,116900.36854063539,1.4551915228366852e-11,"{'PKN': 0.14624227036846577, 'PZU': 0.1158521582990596, 'CDR': 0.09258095445486089, 'PEO': 0.09043195668491931, 'KGH': 0.06866633828555894, 'LPP': 0.05981944961530281, 'PGE': 0.034545447258855444, 'DNP': 0.036866748696772395, 'MBK': 0.027241149496711185, 'OPL': 0.024711451198162777, 'CCC': 0.015000942460856601, 'ALR': 0.01395707659421363, 'TPE': 0.009524376116224581, 'JSW': 0.006583684310599161, 'MEG': 0.1627691829674703, 'REG': 0.05293208927456437, 'CSR': 0.042274723917402196}"
284,2020-02-03,117017.34381653798,1.4551915228366852e-11,"{'PKN': 0.14624227036846577, 'PZU': 0.1158521582990596, 'CDR': 0.09258095445486089, 'PEO': 0.09043195668491931, 'KGH': 0.06866633828555894, 'LPP': 0.05981944961530281, 'PGE': 0.034545447258855444, 'DNP': 0.036866748696772395, 'MBK': 0.027241149496711185, 'OPL': 0.024711451198162777, 'CCC': 0.015000942460856601, 'ALR': 0.01395707659421363, 'TPE': 0.009524376116224581, 'JSW': 0.006583684310599161, 'MEG': 0.1627691829674703, 'REG': 0.05293208927456437, 'CSR': 0.042274723917402196}"
285,2020-02-04,117913.86323499058,1.4551915228366852e-11,"{'PKN': 0.14624227036846577, 'PZU': 0.1158521582990596, 'CDR': 0.09258095445486089, 'PEO': 0.09043195668491931, 'KGH': 0.06866633828555894, 'LPP': 0.05981944961530281, 'PGE': 0.034545447258855444, 'DNP': 0.036866748696772395, 'MBK': 0.027241149496711185, 'OPL': 0.024711451198162777, 'CCC': 0.015000942460856601, 'ALR': 0.01395707659421363, 'TPE': 0.009524376116224581, 'JSW': 0.006583684310599161, 'MEG': 0.1627691829674703, 'REG': 0.05293208927456437, 'CSR': 0.042274723917402196}"
286,2020-02-05,118991.09504037257,1.4551915228366852e-11,"{'PKN': 0.14624227036846577, 'PZU': 0.1158521582990596, 'CDR': 0.09258095445486089, 'PEO': 0.09043195668491931, 'KGH': 0.06866633828555894, 'LPP': 0.05981944961530281, 'PGE': 0.034545447258855444, 'DNP': 0.036866748696772395, 'MBK': 0.027241149496711185, 'OPL': 0.024711451198162777, 'CCC': 0.015000942460856601, 'ALR': 0.01395707659421363, 'TPE': 0.009524376116224581, 'JSW': 0.006583684310599161, 'MEG': 0.1627691829674703, 'REG': 0.05293208927456437, 'CSR': 0.042274723917402196}"
287,2020-02-06,118319.56357792302,1.4551915228366852e-11,"{'PKN': 0.14624227036846577, 'PZU': 0.1158521582990596, 'CDR': 0.09258095445486089, 'PEO': 0.09043195668491931, 'KGH': 0.06866633828555894, 'LPP': 0.05981944961530281, 'PGE': 0.034545447258855444, 'DNP': 0.036866748696772395, 'MBK': 0.027241149496711185, 'OPL': 0.024711451198162777, 'CCC': 0.015000942460856601, 'ALR': 0.01395707659421363, 'TPE': 0.009524376116224581, 'JSW': 0.006583684310599161, 'MEG': 0.1627691829674703, 'REG': 0.05293208927456437, 'CSR': 0.042274723917402196}"
288,2020-02-07,118110.59411133229,1.4551915228366852e-11,"{'PKN': 0.14624227036846577, 'PZU': 0.1158521582990596, 'CDR': 0.09258095445486089, 'PEO': 0.09043195668491931, 'KGH': 0.06866633828555894, 'LPP': 0.05981944961530281, 'PGE': 0.034545447258855444, 'DNP': 0.036866748696772395, 'MBK': 0.027241149496711185, 'OPL': 0.024711451198162777, 'CCC': 0.015000942460856601, 'ALR': 0.01395707659421363, 'TPE': 0.009524376116224581, 'JSW': 0.006583684310599161, 'MEG': 0.1627691829674703, 'REG': 0.05293208927456437, 'CSR': 0.042274723917402196}"
289,2020-02-10,117581.4832972222,1.4551915228366852e-11,"{'PKN': 0.14624227036846577, 'PZU': 0.1158521582990596, 'CDR': 0.09258095445486089, 'PEO': 0.09043195668491931, 'KGH': 0.06866633828555894, 'LPP': 0.05981944961530281, 'PGE': 0.034545447258855444, 'DNP': 0.036866748696772395, 'MBK': 0.027241149496711185, 'OPL': 0.024711451198162777, 'CCC': 0.015000942460856601, 'ALR': 0.01395707659421363, 'TPE': 0.009524376116224581, 'JSW': 0.006583684310599161, 'MEG': 0.1627691829674703, 'REG': 0.05293208927456437, 'CSR': 0.042274723917402196}"
290,2020-02-11,118412.00045663466,1.4551915228366852e-11,"{'PKN': 0.14624227036846577, 'PZU': 0.1158521582990596, 'CDR': 0.09258095445486089, 'PEO': 0.09043195668491931, 'KGH': 0.06866633828555894, 'LPP': 0.05981944961530281, 'PGE': 0.034545447258855444, 'DNP': 0.036866748696772395, 'MBK': 0.027241149496711185, 'OPL': 0.024711451198162777, 'CCC': 0.015000942460856601, 'ALR': 0.01395707659421363, 'TPE': 0.009524376116224581, 'JSW': 0.006583684310599161, 'MEG': 0.1627691829674703, 'REG': 0.05293208927456437, 'CSR': 0.042274723917402196}"
291,2020-02-12,118982.18539408094,1.4551915228366852e-11,"{'PKN': 0.14624227036846577, 'PZU': 0.1158521582990596, 'CDR': 0.09258095445486089, 'PEO': 0.09043195668491931, 'KGH': 0.06866633828555894, 'LPP': 0.05981944961530281, 'PGE': 0.034545447258855444, 'DNP': 0.036866748696772395, 'MBK': 0.027241149496711185, 'OPL': 0.024711451198162777, 'CCC': 0.015000942460856601, 'ALR': 0.01395707659421363, 'TPE': 0.009524376116224581, 'JSW': 0.006583684310599161, 'MEG': 0.1627691829674703, 'REG': 0.05293208927456437, 'CSR': 0.042274723917402196}"
292,2020-02-13,118701.34342170683,1.4551915228366852e-11,"{'PKN': 0.14624227036846577, 'PZU': 0.1158521582990596, 'CDR': 0.09258095445486089, 'PEO': 0.09043195668491931, 'KGH': 0.06866633828555894, 'LPP': 0.05981944961530281, 'PGE': 0.034545447258855444, 'DNP': 0.036866748696772395, 'MBK': 0.027241149496711185, 'OPL': 0.024711451198162777, 'CCC': 0.015000942460856601, 'ALR': 0.01395707659421363, 'TPE': 0.009524376116224581, 'JSW': 0.006583684310599161, 'MEG': 0.1627691829674703, 'REG': 0.05293208927456437, 'CSR': 0.042274723917402196}"
293,2020-02-14,118727.51339241523,0.0,"{'PKN': 0.12969247457469044, 'PZU': 0.11056523990916428, 'CDR': 0.11396310547490919, 'PEO': 0.08885018789052386, 'LPP': 0.05740725561412694, 'PGE': 0.027474116436782676, 'DNP': 0.03864907277182855, 'MBK': 0.02655810529197782, 'OPL': 0.02289125972847139, 'CCC': 0.015523752448937545, 'ALR': 0.013924224154572286, 'TPE': 0.00870112144335334, 'JSW': 0.00522305117308931, 'MEG': 0.17982842302415372, 'REG': 0.053265971793575506, 'CSR': 0.043238442282314195, 'FMG': 0.06424419598752912}"
294,2020-02-17,118774.30464281581,0.0,"{'PKN': 0.12969247457469044, 'PZU': 0.11056523990916428, 'CDR': 0.11396310547490919, 'PEO': 0.08885018789052386, 'LPP': 0.05740725561412694, 'PGE': 0.027474116436782676, 'DNP': 0.03864907277182855, 'MBK': 0.02655810529197782, 'OPL': 0.02289125972847139, 'CCC': 0.015523752448937545, 'ALR': 0.013924224154572286, 'TPE': 0.00870112144335334, 'JSW': 0.00522305117308931, 'MEG': 0.17982842302415372, 'REG': 0.053265971793575506, 'CSR': 0.043238442282314195, 'FMG': 0.06424419598752912}"
295,2020-02-18,118771.08584712357,0.0,"{'PKN': 0.12969247457469044, 'PZU': 0.11056523990916428, 'CDR': 0.11396310547490919, 'PEO': 0.08885018789052386, 'LPP': 0.05740725561412694, 'PGE': 0.027474116436782676, 'DNP': 0.03864907277182855, 'MBK': 0.02655810529197782, 'OPL': 0.02289125972847139, 'CCC': 0.015523752448937545, 'ALR': 0.013924224154572286, 'TPE': 0.00870112144335334, 'JSW': 0.00522305117308931, 'MEG': 0.17982842302415372, 'REG': 0.053265971793575506, 'CSR': 0.043238442282314195, 'FMG': 0.06424419598752912}"
296,2020-02-19,115373.38927810338,0.0,"{'PKN': 0.12969247457469044, 'PZU': 0.11056523990916428, 'CDR': 0.11396310547490919, 'PEO': 0.08885018789052386, 'LPP': 0.05740725561412694, 'PGE': 0.027474116436782676, 'DNP': 0.03864907277182855, 'MBK': 0.02655810529197782, 'OPL': 0.02289125972847139, 'CCC': 0.015523752448937545, 'ALR': 0.013924224154572286, 'TPE': 0.00870112144335334, 'JSW': 0.00522305117308931, 'MEG': 0.17982842302415372, 'REG': 0.053265971793575506, 'CSR': 0.043238442282314195, 'FMG': 0.06424419598752912}"
297,2020-02-20,117970.28785250075,0.0,"{'PKN': 0.12969247457469044, 'PZU': 0.11056523990916428, 'CDR': 0.11396310547490919, 'PEO': 0.08885018789052386, 'LPP': 0.05740725561412694, 'PGE': 0.027474116436782676, 'DNP': 0.03864907277182855, 'MBK': 0.02655810529197782, 'OPL': 0.02289125972847139, 'CCC': 0.015523752448937545, 'ALR': 0.013924224154572286, 'TPE': 0.00870112144335334, 'JSW': 0.00522305117308931, 'MEG': 0.17982842302415372, 'REG': 0.053265971793575506, 'CSR': 0.043238442282314195, 'FMG': 0.06424419598752912}"
298,2020-02-21,117774.93867012576,0.0,"{'PKN': 0.12969247457469044, 'PZU': 0.11056523990916428, 'CDR': 0.11396310547490919, 'PEO': 0.08885018789052386, 'LPP': 0.05740725561412694, 'PGE': 0.027474116436782676, 'DNP': 0.03864907277182855, 'MBK': 0.02655810529197782, 'OPL': 0.02289125972847139, 'CCC': 0.015523752448937545, 'ALR': 0.013924224154572286, 'TPE': 0.00870112144335334, 'JSW': 0.00522305117308931, 'MEG': 0.17982842302415372, 'REG': 0.053265971793575506, 'CSR': 0.043238442282314195, 'FMG': 0.06424419598752912}"
299,2020-02-24,114452.5771504572,0.0,"{'PKN': 0.12969247457469044, 'PZU': 0.11056523990916428, 'CDR': 0.11396310547490919, 'PEO': 0.08885018789052386, 'LPP': 0.05740725561412694, 'PGE': 0.027474116436782676, 'DNP': 0.03864907277182855, 'MBK': 0.02655810529197782, 'OPL': 0.02289125972847139, 'CCC': 0.015523752448937545, 'ALR': 0.013924224154572286, 'TPE': 0.00870112144335334, 'JSW': 0.00522305117308931, 'MEG': 0.17982842302415372, 'REG': 0.053265971793575506, 'CSR': 0.043238442282314195, 'FMG': 0.06424419598752912}"
300,2020-02-25,112369.13729928956,0.0,"{'PKN': 0.12969247457469044, 'PZU': 0.11056523990916428, 'CDR': 0.11396310547490919, 'PEO': 0.08885018789052386, 'LPP': 0.05740725561412694, 'PGE': 0.027474116436782676, 'DNP': 0.03864907277182855, 'MBK': 0.02655810529197782, 'OPL': 0.02289125972847139, 'CCC': 0.015523752448937545, 'ALR': 0.013924224154572286, 'TPE': 0.00870112144335334, 'JSW': 0.00522305117308931, 'MEG': 0.17982842302415372, 'REG': 0.053265971793575506, 'CSR': 0.043238442282314195, 'FMG': 0.06424419598752912}"
301,2020-02-26,112144.64629010104,0.0,"{'PKN': 0.12969247457469044, 'PZU': 0.11056523990916428, 'CDR': 0.11396310547490919, 'PEO': 0.08885018789052386, 'LPP': 0.05740725561412694, 'PGE': 0.027474116436782676, 'DNP': 0.03864907277182855, 'MBK': 0.02655810529197782, 'OPL': 0.02289125972847139, 'CCC': 0.015523752448937545, 'ALR': 0.013924224154572286, 'TPE': 0.00870112144335334, 'JSW': 0.00522305117308931, 'MEG': 0.17982842302415372, 'REG': 0.053265971793575506, 'CSR': 0.043238442282314195, 'FMG': 0.06424419598752912}"
302,2020-02-27,109142.24443288472,0.0,"{'PKN': 0.12969247457469044, 'PZU': 0.11056523990916428, 'CDR': 0.11396310547490919, 'PEO': 0.08885018789052386, 'LPP': 0.05740725561412694, 'PGE': 0.027474116436782676, 'DNP': 0.03864907277182855, 'MBK': 0.02655810529197782, 'OPL': 0.02289125972847139, 'CCC': 0.015523752448937545, 'ALR': 0.013924224154572286, 'TPE': 0.00870112144335334, 'JSW': 0.00522305117308931, 'MEG': 0.17982842302415372, 'REG': 0.053265971793575506, 'CSR': 0.043238442282314195, 'FMG': 0.06424419598752912}"
303,2020-02-28,105995.16738110197,0.0,"{'PKN': 0.12969247457469044, 'PZU': 0.11056523990916428, 'CDR': 0.11396310547490919, 'PEO': 0.08885018789052386, 'LPP': 0.05740725561412694, 'PGE': 0.027474116436782676, 'DNP': 0.03864907277182855, 'MBK': 0.02655810529197782, 'OPL': 0.02289125972847139, 'CCC': 0.015523752448937545, 'ALR': 0.013924224154572286, 'TPE': 0.00870112144335334, 'JSW': 0.00522305117308931, 'MEG': 0.17982842302415372, 'REG': 0.053265971793575506, 'CSR': 0.043238442282314195, 'FMG': 0.06424419598752912}"
304,2020-03-02,107738.21289278635,0.0,"{'PKN': 0.12969247457469044, 'PZU': 0.11056523990916428, 'CDR': 0.11396310547490919, 'PEO': 0.08885018789052386, 'LPP': 0.05740725561412694, 'PGE': 0.027474116436782676, 'DNP': 0.03864907277182855, 'MBK': 0.02655810529197782, 'OPL': 0.02289125972847139, 'CCC': 0.015523752448937545, 'ALR': 0.013924224154572286, 'TPE': 0.00870112144335334, 'JSW': 0.00522305117308931, 'MEG': 0.17982842302415372, 'REG': 0.053265971793575506, 'CSR': 0.043238442282314195, 'FMG': 0.06424419598752912}"
305,2020-03-03,111238.25021303866,0.0,"{'PKN': 0.12969247457469044, 'PZU': 0.11056523990916428, 'CDR': 0.11396310547490919, 'PEO': 0.08885018789052386, 'LPP': 0.05740725561412694, 'PGE': 0.027474116436782676, 'DNP': 0.03864907277182855, 'MBK': 0.02655810529197782, 'OPL': 0.02289125972847139, 'CCC': 0.015523752448937545, 'ALR': 0.013924224154572286, 'TPE': 0.00870112144335334, 'JSW': 0.00522305117308931, 'MEG': 0.17982842302415372, 'REG': 0.053265971793575506, 'CSR': 0.043238442282314195, 'FMG': 0.06424419598752912}"
306,2020-03-04,109945.00911885813,0.0,"{'PKN': 0.12969247457469044, 'PZU': 0.11056523990916428, 'CDR': 0.11396310547490919, 'PEO': 0.08885018789052386, 'LPP': 0.05740725561412694, 'PGE': 0.027474116436782676, 'DNP': 0.03864907277182855, 'MBK': 0.02655810529197782, 'OPL': 0.02289125972847139, 'CCC': 0.015523752448937545, 'ALR': 0.013924224154572286, 'TPE': 0.00870112144335334, 'JSW': 0.00522305117308931, 'MEG': 0.17982842302415372, 'REG': 0.053265971793575506, 'CSR': 0.043238442282314195, 'FMG': 0.06424419598752912}"
307,2020-03-05,109822.78931706928,0.0,"{'PKN': 0.12969247457469044, 'PZU': 0.11056523990916428, 'CDR': 0.11396310547490919, 'PEO': 0.08885018789052386, 'LPP': 0.05740725561412694, 'PGE': 0.027474116436782676, 'DNP': 0.03864907277182855, 'MBK': 0.02655810529197782, 'OPL': 0.02289125972847139, 'CCC': 0.015523752448937545, 'ALR': 0.013924224154572286, 'TPE': 0.00870112144335334, 'JSW': 0.00522305117308931, 'MEG': 0.17982842302415372, 'REG': 0.053265971793575506, 'CSR': 0.043238442282314195, 'FMG': 0.06424419598752912}"
308,2020-03-06,108713.73636274133,0.0,"{'PKN': 0.12969247457469044, 'PZU': 0.11056523990916428, 'CDR': 0.11396310547490919, 'PEO': 0.08885018789052386, 'LPP': 0.05740725561412694, 'PGE': 0.027474116436782676, 'DNP': 0.03864907277182855, 'MBK': 0.02655810529197782, 'OPL': 0.02289125972847139, 'CCC': 0.015523752448937545, 'ALR': 0.013924224154572286, 'TPE': 0.00870112144335334, 'JSW': 0.00522305117308931, 'MEG': 0.17982842302415372, 'REG': 0.053265971793575506, 'CSR': 0.043238442282314195, 'FMG': 0.06424419598752912}"
309,2020-03-09,103926.73497338497,0.0,"{'PKN': 0.12969247457469044, 'PZU': 0.11056523990916428, 'CDR': 0.11396310547490919, 'PEO': 0.08885018789052386, 'LPP': 0.05740725561412694, 'PGE': 0.027474116436782676, 'DNP': 0.03864907277182855, 'MBK': 0.02655810529197782, 'OPL': 0.02289125972847139, 'CCC': 0.015523752448937545, 'ALR': 0.013924224154572286, 'TPE': 0.00870112144335334, 'JSW': 0.00522305117308931, 'MEG': 0.17982842302415372, 'REG': 0.053265971793575506, 'CSR': 0.043238442282314195, 'FMG': 0.06424419598752912}"
310,2020-03-10,102696.26119789136,0.0,"{'PKN': 0.12969247457469044, 'PZU': 0.11056523990916428, 'CDR': 0.11396310547490919, 'PEO': 0.08885018789052386, 'LPP': 0.05740725561412694, 'PGE': 0.027474116436782676, 'DNP': 0.03864907277182855, 'MBK': 0.02655810529197782, 'OPL': 0.02289125972847139, 'CCC': 0.015523752448937545, 'ALR': 0.013924224154572286, 'TPE': 0.00870112144335334, 'JSW': 0.00522305117308931, 'MEG': 0.17982842302415372, 'REG': 0.053265971793575506, 'CSR': 0.043238442282314195, 'FMG': 0.06424419598752912}"
311,2020-03-11,96659.6893814856,0.0,"{'PKN': 0.12969247457469044, 'PZU': 0.11056523990916428, 'CDR': 0.11396310547490919, 'PEO': 0.08885018789052386, 'LPP': 0.05740725561412694, 'PGE': 0.027474116436782676, 'DNP': 0.03864907277182855, 'MBK': 0.02655810529197782, 'OPL': 0.02289125972847139, 'CCC': 0.015523752448937545, 'ALR': 0.013924224154572286, 'TPE': 0.00870112144335334, 'JSW': 0.00522305117308931, 'MEG': 0.17982842302415372, 'REG': 0.053265971793575506, 'CSR': 0.043238442282314195, 'FMG': 0.06424419598752912}"
312,2020-03-12,89151.99343899563,0.0,"{'PKN': 0.12969247457469044, 'PZU': 0.11056523990916428, 'CDR': 0.11396310547490919, 'PEO': 0.08885018789052386, 'LPP': 0.05740725561412694, 'PGE': 0.027474116436782676, 'DNP': 0.03864907277182855, 'MBK': 0.02655810529197782, 'OPL': 0.02289125972847139, 'CCC': 0.015523752448937545, 'ALR': 0.013924224154572286, 'TPE': 0.00870112144335334, 'JSW': 0.00522305117308931, 'MEG': 0.17982842302415372, 'REG': 0.053265971793575506, 'CSR': 0.043238442282314195, 'FMG': 0.06424419598752912}"
313,2020-03-13,91729.38489190367,0.0,"{'PKN': 0.12969247457469044, 'PZU': 0.11056523990916428, 'CDR': 0.11396310547490919, 'PEO': 0.08885018789052386, 'LPP': 0.05740725561412694, 'PGE': 0.027474116436782676, 'DNP': 0.03864907277182855, 'MBK': 0.02655810529197782, 'OPL': 0.02289125972847139, 'CCC': 0.015523752448937545, 'ALR': 0.013924224154572286, 'TPE': 0.00870112144335334, 'JSW': 0.00522305117308931, 'MEG': 0.17982842302415372, 'REG': 0.053265971793575506, 'CSR': 0.043238442282314195, 'FMG': 0.06424419598752912}"
314,2020-03-16,91433.7666085729,0.0,"{'PKN': 0.12969247457469044, 'PZU': 0.11056523990916428, 'CDR': 0.11396310547490919, 'PEO': 0.08885018789052386, 'LPP': 0.05740725561412694, 'PGE': 0.027474116436782676, 'DNP': 0.03864907277182855, 'MBK': 0.02655810529197782, 'OPL': 0.02289125972847139, 'CCC': 0.015523752448937545, 'ALR': 0.013924224154572286, 'TPE': 0.00870112144335334, 'JSW': 0.00522305117308931, 'MEG': 0.17982842302415372, 'REG': 0.053265971793575506, 'CSR': 0.043238442282314195, 'FMG': 0.06424419598752912}"
315,2020-03-17,94977.45296831541,0.0,"{'PKN': 0.12969247457469044, 'PZU': 0.11056523990916428, 'CDR': 0.11396310547490919, 'PEO': 0.08885018789052386, 'LPP': 0.05740725561412694, 'PGE': 0.027474116436782676, 'DNP': 0.03864907277182855, 'MBK': 0.02655810529197782, 'OPL': 0.02289125972847139, 'CCC': 0.015523752448937545, 'ALR': 0.013924224154572286, 'TPE': 0.00870112144335334, 'JSW': 0.00522305117308931, 'MEG': 0.17982842302415372, 'REG': 0.053265971793575506, 'CSR': 0.043238442282314195, 'FMG': 0.06424419598752912}"
316,2020-03-18,92596.82166132162,0.0,"{'PKN': 0.12969247457469044, 'PZU': 0.11056523990916428, 'CDR': 0.11396310547490919, 'PEO': 0.08885018789052386, 'LPP': 0.05740725561412694, 'PGE': 0.027474116436782676, 'DNP': 0.03864907277182855, 'MBK': 0.02655810529197782, 'OPL': 0.02289125972847139, 'CCC': 0.015523752448937545, 'ALR': 0.013924224154572286, 'TPE': 0.00870112144335334, 'JSW': 0.00522305117308931, 'MEG': 0.17982842302415372, 'REG': 0.053265971793575506, 'CSR': 0.043238442282314195, 'FMG': 0.06424419598752912}"
317,2020-03-19,94836.24914131612,0.0,"{'PKN': 0.12969247457469044, 'PZU': 0.11056523990916428, 'CDR': 0.11396310547490919, 'PEO': 0.08885018789052386, 'LPP': 0.05740725561412694, 'PGE': 0.027474116436782676, 'DNP': 0.03864907277182855, 'MBK': 0.02655810529197782, 'OPL': 0.02289125972847139, 'CCC': 0.015523752448937545, 'ALR': 0.013924224154572286, 'TPE': 0.00870112144335334, 'JSW': 0.00522305117308931, 'MEG': 0.17982842302415372, 'REG': 0.053265971793575506, 'CSR': 0.043238442282314195, 'FMG': 0.06424419598752912}"
318,2020-03-20,95152.94926675662,2.9103830456733704e-11,"{'PKO': 0.16074868954280752, 'PZU': 0.12283827656772936, 'CDR': 0.12143225102402441, 'PKN': 0.11541389536599683, 'PEO': 0.09689596173345197, 'KGH': 0.06752952272457473, 'LPP': 0.0583364463385069, 'SPL': 0.05372411622418429, 'DNP': 0.04355629711029622, 'CPS': 0.04286036347557316, 'MBK': 0.026534784157108922, 'OPL': 0.026253796867971912, 'PGE': 0.02457440772126932, 'CCC': 0.014150650572702192, 'ALR': 0.012885118673565739, 'TPE': 0.007674873746312041, 'JSW': 0.004590548153924401}"
319,2020-03-23,89673.520579305,2.9103830456733704e-11,"{'PKO': 0.16074868954280752, 'PZU': 0.12283827656772936, 'CDR': 0.12143225102402441, 'PKN': 0.11541389536599683, 'PEO': 0.09689596173345197, 'KGH': 0.06752952272457473, 'LPP': 0.0583364463385069, 'SPL': 0.05372411622418429, 'DNP': 0.04355629711029622, 'CPS': 0.04286036347557316, 'MBK': 0.026534784157108922, 'OPL': 0.026253796867971912, 'PGE': 0.02457440772126932, 'CCC': 0.014150650572702192, 'ALR': 0.012885118673565739, 'TPE': 0.007674873746312041, 'JSW': 0.004590548153924401}"
320,2020-03-24,92694.05505541431,2.9103830456733704e-11,"{'PKO': 0.16074868954280752, 'PZU': 0.12283827656772936, 'CDR': 0.12143225102402441, 'PKN': 0.11541389536599683, 'PEO': 0.09689596173345197, 'KGH': 0.06752952272457473, 'LPP': 0.0583364463385069, 'SPL': 0.05372411622418429, 'DNP': 0.04355629711029622, 'CPS': 0.04286036347557316, 'MBK': 0.026534784157108922, 'OPL': 0.026253796867971912, 'PGE': 0.02457440772126932, 'CCC': 0.014150650572702192, 'ALR': 0.012885118673565739, 'TPE': 0.007674873746312041, 'JSW': 0.004590548153924401}"
321,2020-03-25,92031.27891990847,2.9103830456733704e-11,"{'PKO': 0.16074868954280752, 'PZU': 0.12283827656772936, 'CDR': 0.12143225102402441, 'PKN': 0.11541389536599683, 'PEO': 0.09689596173345197, 'KGH': 0.06752952272457473, 'LPP': 0.0583364463385069, 'SPL': 0.05372411622418429, 'DNP': 0.04355629711029622, 'CPS': 0.04286036347557316, 'MBK': 0.026534784157108922, 'OPL': 0.026253796867971912, 'PGE': 0.02457440772126932, 'CCC': 0.014150650572702192, 'ALR': 0.012885118673565739, 'TPE': 0.007674873746312041, 'JSW': 0.004590548153924401}"
322,2020-03-26,95288.9451985577,2.9103830456733704e-11,"{'PKO': 0.16074868954280752, 'PZU': 0.12283827656772936, 'CDR': 0.12143225102402441, 'PKN': 0.11541389536599683, 'PEO': 0.09689596173345197, 'KGH': 0.06752952272457473, 'LPP': 0.0583364463385069, 'SPL': 0.05372411622418429, 'DNP': 0.04355629711029622, 'CPS': 0.04286036347557316, 'MBK': 0.026534784157108922, 'OPL': 0.026253796867971912, 'PGE': 0.02457440772126932, 'CCC': 0.014150650572702192, 'ALR': 0.012885118673565739, 'TPE': 0.007674873746312041, 'JSW': 0.004590548153924401}"
323,2020-03-27,93799.19212383546,2.9103830456733704e-11,"{'PKO': 0.16074868954280752, 'PZU': 0.12283827656772936, 'CDR': 0.12143225102402441, 'PKN': 0.11541389536599683, 'PEO': 0.09689596173345197, 'KGH': 0.06752952272457473, 'LPP': 0.0583364463385069, 'SPL': 0.05372411622418429, 'DNP': 0.04355629711029622, 'CPS': 0.04286036347557316, 'MBK': 0.026534784157108922, 'OPL': 0.026253796867971912, 'PGE': 0.02457440772126932, 'CCC': 0.014150650572702192, 'ALR': 0.012885118673565739, 'TPE': 0.007674873746312041, 'JSW': 0.004590548153924401}"
324,2020-03-30,94080.83820167233,2.9103830456733704e-11,"{'PKO': 0.16074868954280752, 'PZU': 0.12283827656772936, 'CDR': 0.12143225102402441, 'PKN': 0.11541389536599683, 'PEO': 0.09689596173345197, 'KGH': 0.06752952272457473, 'LPP': 0.0583364463385069, 'SPL': 0.05372411622418429, 'DNP': 0.04355629711029622, 'CPS': 0.04286036347557316, 'MBK': 0.026534784157108922, 'OPL': 0.026253796867971912, 'PGE': 0.02457440772126932, 'CCC': 0.014150650572702192, 'ALR': 0.012885118673565739, 'TPE': 0.007674873746312041, 'JSW': 0.004590548153924401}"
325,2020-03-31,95915.15439531107,2.9103830456733704e-11,"{'PKO': 0.16074868954280752, 'PZU': 0.12283827656772936, 'CDR': 0.12143225102402441, 'PKN': 0.11541389536599683, 'PEO': 0.09689596173345197, 'KGH': 0.06752952272457473, 'LPP': 0.0583364463385069, 'SPL': 0.05372411622418429, 'DNP': 0.04355629711029622, 'CPS': 0.04286036347557316, 'MBK': 0.026534784157108922, 'OPL': 0.026253796867971912, 'PGE': 0.02457440772126932, 'CCC': 0.014150650572702192, 'ALR': 0.012885118673565739, 'TPE': 0.007674873746312041, 'JSW': 0.004590548153924401}"
326,2020-04-01,93980.77342460383,2.9103830456733704e-11,"{'PKO': 0.16074868954280752, 'PZU': 0.12283827656772936, 'CDR': 0.12143225102402441, 'PKN': 0.11541389536599683, 'PEO': 0.09689596173345197, 'KGH': 0.06752952272457473, 'LPP': 0.0583364463385069, 'SPL': 0.05372411622418429, 'DNP': 0.04355629711029622, 'CPS': 0.04286036347557316, 'MBK': 0.026534784157108922, 'OPL': 0.026253796867971912, 'PGE': 0.02457440772126932, 'CCC': 0.014150650572702192, 'ALR': 0.012885118673565739, 'TPE': 0.007674873746312041, 'JSW': 0.004590548153924401}"
327,2020-04-02,94209.34974363889,2.9103830456733704e-11,"{'PKO': 0.16074868954280752, 'PZU': 0.12283827656772936, 'CDR': 0.12143225102402441, 'PKN': 0.11541389536599683, 'PEO': 0.09689596173345197, 'KGH': 0.06752952272457473, 'LPP': 0.0583364463385069, 'SPL': 0.05372411622418429, 'DNP': 0.04355629711029622, 'CPS': 0.04286036347557316, 'MBK': 0.026534784157108922, 'OPL': 0.026253796867971912, 'PGE': 0.02457440772126932, 'CCC': 0.014150650572702192, 'ALR': 0.012885118673565739, 'TPE': 0.007674873746312041, 'JSW': 0.004590548153924401}"
328,2020-04-03,94694.64301125961,2.9103830456733704e-11,"{'PKO': 0.16074868954280752, 'PZU': 0.12283827656772936, 'CDR': 0.12143225102402441, 'PKN': 0.11541389536599683, 'PEO': 0.09689596173345197, 'KGH': 0.06752952272457473, 'LPP': 0.0583364463385069, 'SPL': 0.05372411622418429, 'DNP': 0.04355629711029622, 'CPS': 0.04286036347557316, 'MBK': 0.026534784157108922, 'OPL': 0.026253796867971912, 'PGE': 0.02457440772126932, 'CCC': 0.014150650572702192, 'ALR': 0.012885118673565739, 'TPE': 0.007674873746312041, 'JSW': 0.004590548153924401}"
329,2020-04-06,99701.69139146087,2.9103830456733704e-11,"{'PKO': 0.16074868954280752, 'PZU': 0.12283827656772936, 'CDR': 0.12143225102402441, 'PKN': 0.11541389536599683, 'PEO': 0.09689596173345197, 'KGH': 0.06752952272457473, 'LPP': 0.0583364463385069, 'SPL': 0.05372411622418429, 'DNP': 0.04355629711029622, 'CPS': 0.04286036347557316, 'MBK': 0.026534784157108922, 'OPL': 0.026253796867971912, 'PGE': 0.02457440772126932, 'CCC': 0.014150650572702192, 'ALR': 0.012885118673565739, 'TPE': 0.007674873746312041, 'JSW': 0.004590548153924401}"
330,2020-04-07,101712.8858863772,2.9103830456733704e-11,"{'PKO': 0.16074868954280752, 'PZU': 0.12283827656772936, 'CDR': 0.12143225102402441, 'PKN': 0.11541389536599683, 'PEO': 0.09689596173345197, 'KGH': 0.06752952272457473, 'LPP': 0.0583364463385069, 'SPL': 0.05372411622418429, 'DNP': 0.04355629711029622, 'CPS': 0.04286036347557316, 'MBK': 0.026534784157108922, 'OPL': 0.026253796867971912, 'PGE': 0.02457440772126932, 'CCC': 0.014150650572702192, 'ALR': 0.012885118673565739, 'TPE': 0.007674873746312041, 'JSW': 0.004590548153924401}"
331,2020-04-08,99256.98972996,2.9103830456733704e-11,"{'PKO': 0.16074868954280752, 'PZU': 0.12283827656772936, 'CDR': 0.12143225102402441, 'PKN': 0.11541389536599683, 'PEO': 0.09689596173345197, 'KGH': 0.06752952272457473, 'LPP': 0.0583364463385069, 'SPL': 0.05372411622418429, 'DNP': 0.04355629711029622, 'CPS': 0.04286036347557316, 'MBK': 0.026534784157108922, 'OPL': 0.026253796867971912, 'PGE': 0.02457440772126932, 'CCC': 0.014150650572702192, 'ALR': 0.012885118673565739, 'TPE': 0.007674873746312041, 'JSW': 0.004590548153924401}"
332,2020-04-09,101729.90309749766,2.9103830456733704e-11,"{'PKO': 0.16074868954280752, 'PZU': 0.12283827656772936, 'CDR': 0.12143225102402441, 'PKN': 0.11541389536599683, 'PEO': 0.09689596173345197, 'KGH': 0.06752952272457473, 'LPP': 0.0583364463385069, 'SPL': 0.05372411622418429, 'DNP': 0.04355629711029622, 'CPS': 0.04286036347557316, 'MBK': 0.026534784157108922, 'OPL': 0.026253796867971912, 'PGE': 0.02457440772126932, 'CCC': 0.014150650572702192, 'ALR': 0.012885118673565739, 'TPE': 0.007674873746312041, 'JSW': 0.004590548153924401}"
333,2020-04-10,101729.90309749766,2.9103830456733704e-11,"{'PKO': 0.16074868954280752, 'PZU': 0.12283827656772936, 'CDR': 0.12143225102402441, 'PKN': 0.11541389536599683, 'PEO': 0.09689596173345197, 'KGH': 0.06752952272457473, 'LPP': 0.0583364463385069, 'SPL': 0.05372411622418429, 'DNP': 0.04355629711029622, 'CPS': 0.04286036347557316, 'MBK': 0.026534784157108922, 'OPL': 0.026253796867971912, 'PGE': 0.02457440772126932, 'CCC': 0.014150650572702192, 'ALR': 0.012885118673565739, 'TPE': 0.007674873746312041, 'JSW': 0.004590548153924401}"
334,2020-04-13,101729.90309749766,2.9103830456733704e-11,"{'PKO': 0.16074868954280752, 'PZU': 0.12283827656772936, 'CDR': 0.12143225102402441, 'PKN': 0.11541389536599683, 'PEO': 0.09689596173345197, 'KGH': 0.06752952272457473, 'LPP': 0.0583364463385069, 'SPL': 0.05372411622418429, 'DNP': 0.04355629711029622, 'CPS': 0.04286036347557316, 'MBK': 0.026534784157108922, 'OPL': 0.026253796867971912, 'PGE': 0.02457440772126932, 'CCC': 0.014150650572702192, 'ALR': 0.012885118673565739, 'TPE': 0.007674873746312041, 'JSW': 0.004590548153924401}"
335,2020-04-14,105245.17510022277,2.9103830456733704e-11,"{'PKO': 0.16074868954280752, 'PZU': 0.12283827656772936, 'CDR': 0.12143225102402441, 'PKN': 0.11541389536599683, 'PEO': 0.09689596173345197, 'KGH': 0.06752952272457473, 'LPP': 0.0583364463385069, 'SPL': 0.05372411622418429, 'DNP': 0.04355629711029622, 'CPS': 0.04286036347557316, 'MBK': 0.026534784157108922, 'OPL': 0.026253796867971912, 'PGE': 0.02457440772126932, 'CCC': 0.014150650572702192, 'ALR': 0.012885118673565739, 'TPE': 0.007674873746312041, 'JSW': 0.004590548153924401}"
336,2020-04-15,101422.93337562736,2.9103830456733704e-11,"{'PKO': 0.16074868954280752, 'PZU': 0.12283827656772936, 'CDR': 0.12143225102402441, 'PKN': 0.11541389536599683, 'PEO': 0.09689596173345197, 'KGH': 0.06752952272457473, 'LPP': 0.0583364463385069, 'SPL': 0.05372411622418429, 'DNP': 0.04355629711029622, 'CPS': 0.04286036347557316, 'MBK': 0.026534784157108922, 'OPL': 0.026253796867971912, 'PGE': 0.02457440772126932, 'CCC': 0.014150650572702192, 'ALR': 0.012885118673565739, 'TPE': 0.007674873746312041, 'JSW': 0.004590548153924401}"
337,2020-04-16,100589.15826653091,2.9103830456733704e-11,"{'PKO': 0.16074868954280752, 'PZU': 0.12283827656772936, 'CDR': 0.12143225102402441, 'PKN': 0.11541389536599683, 'PEO': 0.09689596173345197, 'KGH': 0.06752952272457473, 'LPP': 0.0583364463385069, 'SPL': 0.05372411622418429, 'DNP': 0.04355629711029622, 'CPS': 0.04286036347557316, 'MBK': 0.026534784157108922, 'OPL': 0.026253796867971912, 'PGE': 0.02457440772126932, 'CCC': 0.014150650572702192, 'ALR': 0.012885118673565739, 'TPE': 0.007674873746312041, 'JSW': 0.004590548153924401}"
338,2020-04-17,102307.7509084676,2.9103830456733704e-11,"{'PKO': 0.16074868954280752, 'PZU': 0.12283827656772936, 'CDR': 0.12143225102402441, 'PKN': 0.11541389536599683, 'PEO': 0.09689596173345197, 'KGH': 0.06752952272457473, 'LPP': 0.0583364463385069, 'SPL': 0.05372411622418429, 'DNP': 0.04355629711029622, 'CPS': 0.04286036347557316, 'MBK': 0.026534784157108922, 'OPL': 0.026253796867971912, 'PGE': 0.02457440772126932, 'CCC': 0.014150650572702192, 'ALR': 0.012885118673565739, 'TPE': 0.007674873746312041, 'JSW': 0.004590548153924401}"
339,2020-04-20,103162.60157908889,2.9103830456733704e-11,"{'PKO': 0.16074868954280752, 'PZU': 0.12283827656772936, 'CDR': 0.12143225102402441, 'PKN': 0.11541389536599683, 'PEO': 0.09689596173345197, 'KGH': 0.06752952272457473, 'LPP': 0.0583364463385069, 'SPL': 0.05372411622418429, 'DNP': 0.04355629711029622, 'CPS': 0.04286036347557316, 'MBK': 0.026534784157108922, 'OPL': 0.026253796867971912, 'PGE': 0.02457440772126932, 'CCC': 0.014150650572702192, 'ALR': 0.012885118673565739, 'TPE': 0.007674873746312041, 'JSW': 0.004590548153924401}"
340,2020-04-21,98874.59905343164,2.9103830456733704e-11,"{'PKO': 0.16074868954280752, 'PZU': 0.12283827656772936, 'CDR': 0.12143225102402441, 'PKN': 0.11541389536599683, 'PEO': 0.09689596173345197, 'KGH': 0.06752952272457473, 'LPP': 0.0583364463385069, 'SPL': 0.05372411622418429, 'DNP': 0.04355629711029622, 'CPS': 0.04286036347557316, 'MBK': 0.026534784157108922, 'OPL': 0.026253796867971912, 'PGE': 0.02457440772126932, 'CCC': 0.014150650572702192, 'ALR': 0.012885118673565739, 'TPE': 0.007674873746312041, 'JSW': 0.004590548153924401}"
341,2020-04-22,100808.72759948342,2.9103830456733704e-11,"{'PKO': 0.16074868954280752, 'PZU': 0.12283827656772936, 'CDR': 0.12143225102402441, 'PKN': 0.11541389536599683, 'PEO': 0.09689596173345197, 'KGH': 0.06752952272457473, 'LPP': 0.0583364463385069, 'SPL': 0.05372411622418429, 'DNP': 0.04355629711029622, 'CPS': 0.04286036347557316, 'MBK': 0.026534784157108922, 'OPL': 0.026253796867971912, 'PGE': 0.02457440772126932, 'CCC': 0.014150650572702192, 'ALR': 0.012885118673565739, 'TPE': 0.007674873746312041, 'JSW': 0.004590548153924401}"
342,2020-04-23,102011.13122095978,2.9103830456733704e-11,"{'PKO': 0.16074868954280752, 'PZU': 0.12283827656772936, 'CDR': 0.12143225102402441, 'PKN': 0.11541389536599683, 'PEO': 0.09689596173345197, 'KGH': 0.06752952272457473, 'LPP': 0.0583364463385069, 'SPL': 0.05372411622418429, 'DNP': 0.04355629711029622, 'CPS': 0.04286036347557316, 'MBK': 0.026534784157108922, 'OPL': 0.026253796867971912, 'PGE': 0.02457440772126932, 'CCC': 0.014150650572702192, 'ALR': 0.012885118673565739, 'TPE': 0.007674873746312041, 'JSW': 0.004590548153924401}"
343,2020-04-24,100594.57541306893,2.9103830456733704e-11,"{'PKO': 0.16074868954280752, 'PZU': 0.12283827656772936, 'CDR': 0.12143225102402441, 'PKN': 0.11541389536599683, 'PEO': 0.09689596173345197, 'KGH': 0.06752952272457473, 'LPP': 0.0583364463385069, 'SPL': 0.05372411622418429, 'DNP': 0.04355629711029622, 'CPS': 0.04286036347557316, 'MBK': 0.026534784157108922, 'OPL': 0.026253796867971912, 'PGE': 0.02457440772126932, 'CCC': 0.014150650572702192, 'ALR': 0.012885118673565739, 'TPE': 0.007674873746312041, 'JSW': 0.004590548153924401}"
344,2020-04-27,99618.17559346843,2.9103830456733704e-11,"{'PKO': 0.16074868954280752, 'PZU': 0.12283827656772936, 'CDR': 0.12143225102402441, 'PKN': 0.11541389536599683, 'PEO': 0.09689596173345197, 'KGH': 0.06752952272457473, 'LPP': 0.0583364463385069, 'SPL': 0.05372411622418429, 'DNP': 0.04355629711029622, 'CPS': 0.04286036347557316, 'MBK': 0.026534784157108922, 'OPL': 0.026253796867971912, 'PGE': 0.02457440772126932, 'CCC': 0.014150650572702192, 'ALR': 0.012885118673565739, 'TPE': 0.007674873746312041, 'JSW': 0.004590548153924401}"
345,2020-04-28,99958.7426185145,2.9103830456733704e-11,"{'PKO': 0.16074868954280752, 'PZU': 0.12283827656772936, 'CDR': 0.12143225102402441, 'PKN': 0.11541389536599683, 'PEO': 0.09689596173345197, 'KGH': 0.06752952272457473, 'LPP': 0.0583364463385069, 'SPL': 0.05372411622418429, 'DNP': 0.04355629711029622, 'CPS': 0.04286036347557316, 'MBK': 0.026534784157108922, 'OPL': 0.026253796867971912, 'PGE': 0.02457440772126932, 'CCC': 0.014150650572702192, 'ALR': 0.012885118673565739, 'TPE': 0.007674873746312041, 'JSW': 0.004590548153924401}"
346,2020-04-29,104290.17384990361,2.9103830456733704e-11,"{'PKO': 0.16074868954280752, 'PZU': 0.12283827656772936, 'CDR': 0.12143225102402441, 'PKN': 0.11541389536599683, 'PEO': 0.09689596173345197, 'KGH': 0.06752952272457473, 'LPP': 0.0583364463385069, 'SPL': 0.05372411622418429, 'DNP': 0.04355629711029622, 'CPS': 0.04286036347557316, 'MBK': 0.026534784157108922, 'OPL': 0.026253796867971912, 'PGE': 0.02457440772126932, 'CCC': 0.014150650572702192, 'ALR': 0.012885118673565739, 'TPE': 0.007674873746312041, 'JSW': 0.004590548153924401}"
347,2020-04-30,104180.2291832862,2.9103830456733704e-11,"{'PKO': 0.16074868954280752, 'PZU': 0.12283827656772936, 'CDR': 0.12143225102402441, 'PKN': 0.11541389536599683, 'PEO': 0.09689596173345197, 'KGH': 0.06752952272457473, 'LPP': 0.0583364463385069, 'SPL': 0.05372411622418429, 'DNP': 0.04355629711029622, 'CPS': 0.04286036347557316, 'MBK': 0.026534784157108922, 'OPL': 0.026253796867971912, 'PGE': 0.02457440772126932, 'CCC': 0.014150650572702192, 'ALR': 0.012885118673565739, 'TPE': 0.007674873746312041, 'JSW': 0.004590548153924401}"
348,2020-05-01,104180.2291832862,2.9103830456733704e-11,"{'PKO': 0.16074868954280752, 'PZU': 0.12283827656772936, 'CDR': 0.12143225102402441, 'PKN': 0.11541389536599683, 'PEO': 0.09689596173345197, 'KGH': 0.06752952272457473, 'LPP': 0.0583364463385069, 'SPL': 0.05372411622418429, 'DNP': 0.04355629711029622, 'CPS': 0.04286036347557316, 'MBK': 0.026534784157108922, 'OPL': 0.026253796867971912, 'PGE': 0.02457440772126932, 'CCC': 0.014150650572702192, 'ALR': 0.012885118673565739, 'TPE': 0.007674873746312041, 'JSW': 0.004590548153924401}"
349,2020-05-04,100963.6668706581,2.9103830456733704e-11,"{'PKO': 0.16074868954280752, 'PZU': 0.12283827656772936, 'CDR': 0.12143225102402441, 'PKN': 0.11541389536599683, 'PEO': 0.09689596173345197, 'KGH': 0.06752952272457473, 'LPP': 0.0583364463385069, 'SPL': 0.05372411622418429, 'DNP': 0.04355629711029622, 'CPS': 0.04286036347557316, 'MBK': 0.026534784157108922, 'OPL': 0.026253796867971912, 'PGE': 0.02457440772126932, 'CCC': 0.014150650572702192, 'ALR': 0.012885118673565739, 'TPE': 0.007674873746312041, 'JSW': 0.004590548153924401}"
350,2020-05-05,100650.06586925931,2.9103830456733704e-11,"{'PKO': 0.16074868954280752, 'PZU': 0.12283827656772936, 'CDR': 0.12143225102402441, 'PKN': 0.11541389536599683, 'PEO': 0.09689596173345197, 'KGH': 0.06752952272457473, 'LPP': 0.0583364463385069, 'SPL': 0.05372411622418429, 'DNP': 0.04355629711029622, 'CPS': 0.04286036347557316, 'MBK': 0.026534784157108922, 'OPL': 0.026253796867971912, 'PGE': 0.02457440772126932, 'CCC': 0.014150650572702192, 'ALR': 0.012885118673565739, 'TPE': 0.007674873746312041, 'JSW': 0.004590548153924401}"
351,2020-05-06,98753.48357018136,2.9103830456733704e-11,"{'PKO': 0.16074868954280752, 'PZU': 0.12283827656772936, 'CDR': 0.12143225102402441, 'PKN': 0.11541389536599683, 'PEO': 0.09689596173345197, 'KGH': 0.06752952272457473, 'LPP': 0.0583364463385069, 'SPL': 0.05372411622418429, 'DNP': 0.04355629711029622, 'CPS': 0.04286036347557316, 'MBK': 0.026534784157108922, 'OPL': 0.026253796867971912, 'PGE': 0.02457440772126932, 'CCC': 0.014150650572702192, 'ALR': 0.012885118673565739, 'TPE': 0.007674873746312041, 'JSW': 0.004590548153924401}"
352,2020-05-07,100039.26968084645,2.9103830456733704e-11,"{'PKO': 0.16074868954280752, 'PZU': 0.12283827656772936, 'CDR': 0.12143225102402441, 'PKN': 0.11541389536599683, 'PEO': 0.09689596173345197, 'KGH': 0.06752952272457473, 'LPP': 0.0583364463385069, 'SPL': 0.05372411622418429, 'DNP': 0.04355629711029622, 'CPS': 0.04286036347557316, 'MBK': 0.026534784157108922, 'OPL': 0.026253796867971912, 'PGE': 0.02457440772126932, 'CCC': 0.014150650572702192, 'ALR': 0.012885118673565739, 'TPE': 0.007674873746312041, 'JSW': 0.004590548153924401}"
353,2020-05-08,101234.11712424475,2.9103830456733704e-11,"{'PKO': 0.16074868954280752, 'PZU': 0.12283827656772936, 'CDR': 0.12143225102402441, 'PKN': 0.11541389536599683, 'PEO': 0.09689596173345197, 'KGH': 0.06752952272457473, 'LPP': 0.0583364463385069, 'SPL': 0.05372411622418429, 'DNP': 0.04355629711029622, 'CPS': 0.04286036347557316, 'MBK': 0.026534784157108922, 'OPL': 0.026253796867971912, 'PGE': 0.02457440772126932, 'CCC': 0.014150650572702192, 'ALR': 0.012885118673565739, 'TPE': 0.007674873746312041, 'JSW': 0.004590548153924401}"
354,2020-05-11,99932.5518238009,2.9103830456733704e-11,"{'PKO': 0.16074868954280752, 'PZU': 0.12283827656772936, 'CDR': 0.12143225102402441, 'PKN': 0.11541389536599683, 'PEO': 0.09689596173345197, 'KGH': 0.06752952272457473, 'LPP': 0.0583364463385069, 'SPL': 0.05372411622418429, 'DNP': 0.04355629711029622, 'CPS': 0.04286036347557316, 'MBK': 0.026534784157108922, 'OPL': 0.026253796867971912, 'PGE': 0.02457440772126932, 'CCC': 0.014150650572702192, 'ALR': 0.012885118673565739, 'TPE': 0.007674873746312041, 'JSW': 0.004590548153924401}"
355,2020-05-12,102216.86180378187,2.9103830456733704e-11,"{'PKO': 0.16074868954280752, 'PZU': 0.12283827656772936, 'CDR': 0.12143225102402441, 'PKN': 0.11541389536599683, 'PEO': 0.09689596173345197, 'KGH': 0.06752952272457473, 'LPP': 0.0583364463385069, 'SPL': 0.05372411622418429, 'DNP': 0.04355629711029622, 'CPS': 0.04286036347557316, 'MBK': 0.026534784157108922, 'OPL': 0.026253796867971912, 'PGE': 0.02457440772126932, 'CCC': 0.014150650572702192, 'ALR': 0.012885118673565739, 'TPE': 0.007674873746312041, 'JSW': 0.004590548153924401}"
356,2020-05-13,101828.99633620806,2.9103830456733704e-11,"{'PKO': 0.16074868954280752, 'PZU': 0.12283827656772936, 'CDR': 0.12143225102402441, 'PKN': 0.11541389536599683, 'PEO': 0.09689596173345197, 'KGH': 0.06752952272457473, 'LPP': 0.0583364463385069, 'SPL': 0.05372411622418429, 'DNP': 0.04355629711029622, 'CPS': 0.04286036347557316, 'MBK': 0.026534784157108922, 'OPL': 0.026253796867971912, 'PGE': 0.02457440772126932, 'CCC': 0.014150650572702192, 'ALR': 0.012885118673565739, 'TPE': 0.007674873746312041, 'JSW': 0.004590548153924401}"
357,2020-05-14,99357.6213128643,2.9103830456733704e-11,"{'PKO': 0.16074868954280752, 'PZU': 0.12283827656772936, 'CDR': 0.12143225102402441, 'PKN': 0.11541389536599683, 'PEO': 0.09689596173345197, 'KGH': 0.06752952272457473, 'LPP': 0.0583364463385069, 'SPL': 0.05372411622418429, 'DNP': 0.04355629711029622, 'CPS': 0.04286036347557316, 'MBK': 0.026534784157108922, 'OPL': 0.026253796867971912, 'PGE': 0.02457440772126932, 'CCC': 0.014150650572702192, 'ALR': 0.012885118673565739, 'TPE': 0.007674873746312041, 'JSW': 0.004590548153924401}"
358,2020-05-15,99061.9442043434,2.9103830456733704e-11,"{'PKO': 0.16074868954280752, 'PZU': 0.12283827656772936, 'CDR': 0.12143225102402441, 'PKN': 0.11541389536599683, 'PEO': 0.09689596173345197, 'KGH': 0.06752952272457473, 'LPP': 0.0583364463385069, 'SPL': 0.05372411622418429, 'DNP': 0.04355629711029622, 'CPS': 0.04286036347557316, 'MBK': 0.026534784157108922, 'OPL': 0.026253796867971912, 'PGE': 0.02457440772126932, 'CCC': 0.014150650572702192, 'ALR': 0.012885118673565739, 'TPE': 0.007674873746312041, 'JSW': 0.004590548153924401}"
359,2020-05-18,103617.4098453309,2.9103830456733704e-11,"{'PKO': 0.16074868954280752, 'PZU': 0.12283827656772936, 'CDR': 0.12143225102402441, 'PKN': 0.11541389536599683, 'PEO': 0.09689596173345197, 'KGH': 0.06752952272457473, 'LPP': 0.0583364463385069, 'SPL': 0.05372411622418429, 'DNP': 0.04355629711029622, 'CPS': 0.04286036347557316, 'MBK': 0.026534784157108922, 'OPL': 0.026253796867971912, 'PGE': 0.02457440772126932, 'CCC': 0.014150650572702192, 'ALR': 0.012885118673565739, 'TPE': 0.007674873746312041, 'JSW': 0.004590548153924401}"
360,2020-05-19,103687.097236662,2.9103830456733704e-11,"{'PKO': 0.16074868954280752, 'PZU': 0.12283827656772936, 'CDR': 0.12143225102402441, 'PKN': 0.11541389536599683, 'PEO': 0.09689596173345197, 'KGH': 0.06752952272457473, 'LPP': 0.0583364463385069, 'SPL': 0.05372411622418429, 'DNP': 0.04355629711029622, 'CPS': 0.04286036347557316, 'MBK': 0.026534784157108922, 'OPL': 0.026253796867971912, 'PGE': 0.02457440772126932, 'CCC': 0.014150650572702192, 'ALR': 0.012885118673565739, 'TPE': 0.007674873746312041, 'JSW': 0.004590548153924401}"
361,2020-05-20,104411.5917702052,2.9103830456733704e-11,"{'PKO': 0.16074868954280752, 'PZU': 0.12283827656772936, 'CDR': 0.12143225102402441, 'PKN': 0.11541389536599683, 'PEO': 0.09689596173345197, 'KGH': 0.06752952272457473, 'LPP': 0.0583364463385069, 'SPL': 0.05372411622418429, 'DNP': 0.04355629711029622, 'CPS': 0.04286036347557316, 'MBK': 0.026534784157108922, 'OPL': 0.026253796867971912, 'PGE': 0.02457440772126932, 'CCC': 0.014150650572702192, 'ALR': 0.012885118673565739, 'TPE': 0.007674873746312041, 'JSW': 0.004590548153924401}"
362,2020-05-21,103592.44408787692,2.9103830456733704e-11,"{'PKO': 0.16074868954280752, 'PZU': 0.12283827656772936, 'CDR': 0.12143225102402441, 'PKN': 0.11541389536599683, 'PEO': 0.09689596173345197, 'KGH': 0.06752952272457473, 'LPP': 0.0583364463385069, 'SPL': 0.05372411622418429, 'DNP': 0.04355629711029622, 'CPS': 0.04286036347557316, 'MBK': 0.026534784157108922, 'OPL': 0.026253796867971912, 'PGE': 0.02457440772126932, 'CCC': 0.014150650572702192, 'ALR': 0.012885118673565739, 'TPE': 0.007674873746312041, 'JSW': 0.004590548153924401}"
363,2020-05-22,102989.2176328665,2.9103830456733704e-11,"{'PKO': 0.16074868954280752, 'PZU': 0.12283827656772936, 'CDR': 0.12143225102402441, 'PKN': 0.11541389536599683, 'PEO': 0.09689596173345197, 'KGH': 0.06752952272457473, 'LPP': 0.0583364463385069, 'SPL': 0.05372411622418429, 'DNP': 0.04355629711029622, 'CPS': 0.04286036347557316, 'MBK': 0.026534784157108922, 'OPL': 0.026253796867971912, 'PGE': 0.02457440772126932, 'CCC': 0.014150650572702192, 'ALR': 0.012885118673565739, 'TPE': 0.007674873746312041, 'JSW': 0.004590548153924401}"
364,2020-05-25,103829.82452496886,2.9103830456733704e-11,"{'PKO': 0.16074868954280752, 'PZU': 0.12283827656772936, 'CDR': 0.12143225102402441, 'PKN': 0.11541389536599683, 'PEO': 0.09689596173345197, 'KGH': 0.06752952272457473, 'LPP': 0.0583364463385069, 'SPL': 0.05372411622418429, 'DNP': 0.04355629711029622, 'CPS': 0.04286036347557316, 'MBK': 0.026534784157108922, 'OPL': 0.026253796867971912, 'PGE': 0.02457440772126932, 'CCC': 0.014150650572702192, 'ALR': 0.012885118673565739, 'TPE': 0.007674873746312041, 'JSW': 0.004590548153924401}"
365,2020-05-26,108338.94582078143,2.9103830456733704e-11,"{'PKO': 0.16074868954280752, 'PZU': 0.12283827656772936, 'CDR': 0.12143225102402441, 'PKN': 0.11541389536599683, 'PEO': 0.09689596173345197, 'KGH': 0.06752952272457473, 'LPP': 0.0583364463385069, 'SPL': 0.05372411622418429, 'DNP': 0.04355629711029622, 'CPS': 0.04286036347557316, 'MBK': 0.026534784157108922, 'OPL': 0.026253796867971912, 'PGE': 0.02457440772126932, 'CCC': 0.014150650572702192, 'ALR': 0.012885118673565739, 'TPE': 0.007674873746312041, 'JSW': 0.004590548153924401}"
366,2020-05-27,108472.9446805764,2.9103830456733704e-11,"{'PKO': 0.16074868954280752, 'PZU': 0.12283827656772936, 'CDR': 0.12143225102402441, 'PKN': 0.11541389536599683, 'PEO': 0.09689596173345197, 'KGH': 0.06752952272457473, 'LPP': 0.0583364463385069, 'SPL': 0.05372411622418429, 'DNP': 0.04355629711029622, 'CPS': 0.04286036347557316, 'MBK': 0.026534784157108922, 'OPL': 0.026253796867971912, 'PGE': 0.02457440772126932, 'CCC': 0.014150650572702192, 'ALR': 0.012885118673565739, 'TPE': 0.007674873746312041, 'JSW': 0.004590548153924401}"
367,2020-05-28,108935.73481601792,2.9103830456733704e-11,"{'PKO': 0.16074868954280752, 'PZU': 0.12283827656772936, 'CDR': 0.12143225102402441, 'PKN': 0.11541389536599683, 'PEO': 0.09689596173345197, 'KGH': 0.06752952272457473, 'LPP': 0.0583364463385069, 'SPL': 0.05372411622418429, 'DNP': 0.04355629711029622, 'CPS': 0.04286036347557316, 'MBK': 0.026534784157108922, 'OPL': 0.026253796867971912, 'PGE': 0.02457440772126932, 'CCC': 0.014150650572702192, 'ALR': 0.012885118673565739, 'TPE': 0.007674873746312041, 'JSW': 0.004590548153924401}"
368,2020-05-29,109121.89055818634,2.9103830456733704e-11,"{'PKO': 0.16074868954280752, 'PZU': 0.12283827656772936, 'CDR': 0.12143225102402441, 'PKN': 0.11541389536599683, 'PEO': 0.09689596173345197, 'KGH': 0.06752952272457473, 'LPP': 0.0583364463385069, 'SPL': 0.05372411622418429, 'DNP': 0.04355629711029622, 'CPS': 0.04286036347557316, 'MBK': 0.026534784157108922, 'OPL': 0.026253796867971912, 'PGE': 0.02457440772126932, 'CCC': 0.014150650572702192, 'ALR': 0.012885118673565739, 'TPE': 0.007674873746312041, 'JSW': 0.004590548153924401}"
369,2020-06-01,109766.0855675447,2.9103830456733704e-11,"{'PKO': 0.16074868954280752, 'PZU': 0.12283827656772936, 'CDR': 0.12143225102402441, 'PKN': 0.11541389536599683, 'PEO': 0.09689596173345197, 'KGH': 0.06752952272457473, 'LPP': 0.0583364463385069, 'SPL': 0.05372411622418429, 'DNP': 0.04355629711029622, 'CPS': 0.04286036347557316, 'MBK': 0.026534784157108922, 'OPL': 0.026253796867971912, 'PGE': 0.02457440772126932, 'CCC': 0.014150650572702192, 'ALR': 0.012885118673565739, 'TPE': 0.007674873746312041, 'JSW': 0.004590548153924401}"
370,2020-06-02,110061.40781201444,2.9103830456733704e-11,"{'PKO': 0.16074868954280752, 'PZU': 0.12283827656772936, 'CDR': 0.12143225102402441, 'PKN': 0.11541389536599683, 'PEO': 0.09689596173345197, 'KGH': 0.06752952272457473, 'LPP': 0.0583364463385069, 'SPL': 0.05372411622418429, 'DNP': 0.04355629711029622, 'CPS': 0.04286036347557316, 'MBK': 0.026534784157108922, 'OPL': 0.026253796867971912, 'PGE': 0.02457440772126932, 'CCC': 0.014150650572702192, 'ALR': 0.012885118673565739, 'TPE': 0.007674873746312041, 'JSW': 0.004590548153924401}"
371,2020-06-03,112222.75945949544,2.9103830456733704e-11,"{'PKO': 0.16074868954280752, 'PZU': 0.12283827656772936, 'CDR': 0.12143225102402441, 'PKN': 0.11541389536599683, 'PEO': 0.09689596173345197, 'KGH': 0.06752952272457473, 'LPP': 0.0583364463385069, 'SPL': 0.05372411622418429, 'DNP': 0.04355629711029622, 'CPS': 0.04286036347557316, 'MBK': 0.026534784157108922, 'OPL': 0.026253796867971912, 'PGE': 0.02457440772126932, 'CCC': 0.014150650572702192, 'ALR': 0.012885118673565739, 'TPE': 0.007674873746312041, 'JSW': 0.004590548153924401}"
372,2020-06-04,113867.16175580672,2.9103830456733704e-11,"{'PKO': 0.16074868954280752, 'PZU': 0.12283827656772936, 'CDR': 0.12143225102402441, 'PKN': 0.11541389536599683, 'PEO': 0.09689596173345197, 'KGH': 0.06752952272457473, 'LPP': 0.0583364463385069, 'SPL': 0.05372411622418429, 'DNP': 0.04355629711029622, 'CPS': 0.04286036347557316, 'MBK': 0.026534784157108922, 'OPL': 0.026253796867971912, 'PGE': 0.02457440772126932, 'CCC': 0.014150650572702192, 'ALR': 0.012885118673565739, 'TPE': 0.007674873746312041, 'JSW': 0.004590548153924401}"
373,2020-06-05,117679.658720681,2.9103830456733704e-11,"{'PKO': 0.16074868954280752, 'PZU': 0.12283827656772936, 'CDR': 0.12143225102402441, 'PKN': 0.11541389536599683, 'PEO': 0.09689596173345197, 'KGH': 0.06752952272457473, 'LPP': 0.0583364463385069, 'SPL': 0.05372411622418429, 'DNP': 0.04355629711029622, 'CPS': 0.04286036347557316, 'MBK': 0.026534784157108922, 'OPL': 0.026253796867971912, 'PGE': 0.02457440772126932, 'CCC': 0.014150650572702192, 'ALR': 0.012885118673565739, 'TPE': 0.007674873746312041, 'JSW': 0.004590548153924401}"
374,2020-06-08,117729.73195607131,2.9103830456733704e-11,"{'PKO': 0.16074868954280752, 'PZU': 0.12283827656772936, 'CDR': 0.12143225102402441, 'PKN': 0.11541389536599683, 'PEO': 0.09689596173345197, 'KGH': 0.06752952272457473, 'LPP': 0.0583364463385069, 'SPL': 0.05372411622418429, 'DNP': 0.04355629711029622, 'CPS': 0.04286036347557316, 'MBK': 0.026534784157108922, 'OPL': 0.026253796867971912, 'PGE': 0.02457440772126932, 'CCC': 0.014150650572702192, 'ALR': 0.012885118673565739, 'TPE': 0.007674873746312041, 'JSW': 0.004590548153924401}"
375,2020-06-09,117083.3250724711,2.9103830456733704e-11,"{'PKO': 0.16074868954280752, 'PZU': 0.12283827656772936, 'CDR': 0.12143225102402441, 'PKN': 0.11541389536599683, 'PEO': 0.09689596173345197, 'KGH': 0.06752952272457473, 'LPP': 0.0583364463385069, 'SPL': 0.05372411622418429, 'DNP': 0.04355629711029622, 'CPS': 0.04286036347557316, 'MBK': 0.026534784157108922, 'OPL': 0.026253796867971912, 'PGE': 0.02457440772126932, 'CCC': 0.014150650572702192, 'ALR': 0.012885118673565739, 'TPE': 0.007674873746312041, 'JSW': 0.004590548153924401}"
376,2020-06-10,117362.03546036173,2.9103830456733704e-11,"{'PKO': 0.16074868954280752, 'PZU': 0.12283827656772936, 'CDR': 0.12143225102402441, 'PKN': 0.11541389536599683, 'PEO': 0.09689596173345197, 'KGH': 0.06752952272457473, 'LPP': 0.0583364463385069, 'SPL': 0.05372411622418429, 'DNP': 0.04355629711029622, 'CPS': 0.04286036347557316, 'MBK': 0.026534784157108922, 'OPL': 0.026253796867971912, 'PGE': 0.02457440772126932, 'CCC': 0.014150650572702192, 'ALR': 0.012885118673565739, 'TPE': 0.007674873746312041, 'JSW': 0.004590548153924401}"
377,2020-06-11,117362.03546036173,2.9103830456733704e-11,"{'PKO': 0.16074868954280752, 'PZU': 0.12283827656772936, 'CDR': 0.12143225102402441, 'PKN': 0.11541389536599683, 'PEO': 0.09689596173345197, 'KGH': 0.06752952272457473, 'LPP': 0.0583364463385069, 'SPL': 0.05372411622418429, 'DNP': 0.04355629711029622, 'CPS': 0.04286036347557316, 'MBK': 0.026534784157108922, 'OPL': 0.026253796867971912, 'PGE': 0.02457440772126932, 'CCC': 0.014150650572702192, 'ALR': 0.012885118673565739, 'TPE': 0.007674873746312041, 'JSW': 0.004590548153924401}"
378,2020-06-12,113933.31736175645,2.9103830456733704e-11,"{'PKO': 0.16074868954280752, 'PZU': 0.12283827656772936, 'CDR': 0.12143225102402441, 'PKN': 0.11541389536599683, 'PEO': 0.09689596173345197, 'KGH': 0.06752952272457473, 'LPP': 0.0583364463385069, 'SPL': 0.05372411622418429, 'DNP': 0.04355629711029622, 'CPS': 0.04286036347557316, 'MBK': 0.026534784157108922, 'OPL': 0.026253796867971912, 'PGE': 0.02457440772126932, 'CCC': 0.014150650572702192, 'ALR': 0.012885118673565739, 'TPE': 0.007674873746312041, 'JSW': 0.004590548153924401}"
379,2020-06-15,110164.17027991544,2.9103830456733704e-11,"{'PKO': 0.16074868954280752, 'PZU': 0.12283827656772936, 'CDR': 0.12143225102402441, 'PKN': 0.11541389536599683, 'PEO': 0.09689596173345197, 'KGH': 0.06752952272457473, 'LPP': 0.0583364463385069, 'SPL': 0.05372411622418429, 'DNP': 0.04355629711029622, 'CPS': 0.04286036347557316, 'MBK': 0.026534784157108922, 'OPL': 0.026253796867971912, 'PGE': 0.02457440772126932, 'CCC': 0.014150650572702192, 'ALR': 0.012885118673565739, 'TPE': 0.007674873746312041, 'JSW': 0.004590548153924401}"
380,2020-06-16,114235.91267133152,2.9103830456733704e-11,"{'PKO': 0.16074868954280752, 'PZU': 0.12283827656772936, 'CDR': 0.12143225102402441, 'PKN': 0.11541389536599683, 'PEO': 0.09689596173345197, 'KGH': 0.06752952272457473, 'LPP': 0.0583364463385069, 'SPL': 0.05372411622418429, 'DNP': 0.04355629711029622, 'CPS': 0.04286036347557316, 'MBK': 0.026534784157108922, 'OPL': 0.026253796867971912, 'PGE': 0.02457440772126932, 'CCC': 0.014150650572702192, 'ALR': 0.012885118673565739, 'TPE': 0.007674873746312041, 'JSW': 0.004590548153924401}"
381,2020-06-17,113449.48920733911,2.9103830456733704e-11,"{'PKO': 0.16074868954280752, 'PZU': 0.12283827656772936, 'CDR': 0.12143225102402441, 'PKN': 0.11541389536599683, 'PEO': 0.09689596173345197, 'KGH': 0.06752952272457473, 'LPP': 0.0583364463385069, 'SPL': 0.05372411622418429, 'DNP': 0.04355629711029622, 'CPS': 0.04286036347557316, 'MBK': 0.026534784157108922, 'OPL': 0.026253796867971912, 'PGE': 0.02457440772126932, 'CCC': 0.014150650572702192, 'ALR': 0.012885118673565739, 'TPE': 0.007674873746312041, 'JSW': 0.004590548153924401}"
382,2020-06-18,114029.87661671871,2.9103830456733704e-11,"{'PKO': 0.16074868954280752, 'PZU': 0.12283827656772936, 'CDR': 0.12143225102402441, 'PKN': 0.11541389536599683, 'PEO': 0.09689596173345197, 'KGH': 0.06752952272457473, 'LPP': 0.0583364463385069, 'SPL': 0.05372411622418429, 'DNP': 0.04355629711029622, 'CPS': 0.04286036347557316, 'MBK': 0.026534784157108922, 'OPL': 0.026253796867971912, 'PGE': 0.02457440772126932, 'CCC': 0.014150650572702192, 'ALR': 0.012885118673565739, 'TPE': 0.007674873746312041, 'JSW': 0.004590548153924401}"
383,2020-06-19,114832.91579191762,1.4551915228366852e-11,"{'CDR': 0.16699416514607174, 'PKO': 0.13129812975174315, 'PKN': 0.13077264777232378, 'PZU': 0.11921983739004678, 'KGH': 0.07891692820157131, 'PEO': 0.06468104245827594, 'DNP': 0.06079225314871695, 'LPP': 0.058802769468161015, 'CPS': 0.049103619034471385, 'SPL': 0.035840765600524585, 'OPL': 0.03003819764134296, 'PGE': 0.02417217105329077, 'MBK': 0.017301939496093953, 'CCC': 0.009787101866685665, 'TPE': 0.008672679278976378, 'ALR': 0.008642619928458745, 'JSW': 0.004963132763244761}"
384,2020-06-22,114173.69306899374,1.4551915228366852e-11,"{'CDR': 0.16699416514607174, 'PKO': 0.13129812975174315, 'PKN': 0.13077264777232378, 'PZU': 0.11921983739004678, 'KGH': 0.07891692820157131, 'PEO': 0.06468104245827594, 'DNP': 0.06079225314871695, 'LPP': 0.058802769468161015, 'CPS': 0.049103619034471385, 'SPL': 0.035840765600524585, 'OPL': 0.03003819764134296, 'PGE': 0.02417217105329077, 'MBK': 0.017301939496093953, 'CCC': 0.009787101866685665, 'TPE': 0.008672679278976378, 'ALR': 0.008642619928458745, 'JSW': 0.004963132763244761}"
385,2020-06-23,116358.04520289596,1.4551915228366852e-11,"{'CDR': 0.16699416514607174, 'PKO': 0.13129812975174315, 'PKN': 0.13077264777232378, 'PZU': 0.11921983739004678, 'KGH': 0.07891692820157131, 'PEO': 0.06468104245827594, 'DNP': 0.06079225314871695, 'LPP': 0.058802769468161015, 'CPS': 0.049103619034471385, 'SPL': 0.035840765600524585, 'OPL': 0.03003819764134296, 'PGE': 0.02417217105329077, 'MBK': 0.017301939496093953, 'CCC': 0.009787101866685665, 'TPE': 0.008672679278976378, 'ALR': 0.008642619928458745, 'JSW': 0.004963132763244761}"
386,2020-06-24,113690.18762661373,1.4551915228366852e-11,"{'CDR': 0.16699416514607174, 'PKO': 0.13129812975174315, 'PKN': 0.13077264777232378, 'PZU': 0.11921983739004678, 'KGH': 0.07891692820157131, 'PEO': 0.06468104245827594, 'DNP': 0.06079225314871695, 'LPP': 0.058802769468161015, 'CPS': 0.049103619034471385, 'SPL': 0.035840765600524585, 'OPL': 0.03003819764134296, 'PGE': 0.02417217105329077, 'MBK': 0.017301939496093953, 'CCC': 0.009787101866685665, 'TPE': 0.008672679278976378, 'ALR': 0.008642619928458745, 'JSW': 0.004963132763244761}"
387,2020-06-25,114289.85346923622,1.4551915228366852e-11,"{'CDR': 0.16699416514607174, 'PKO': 0.13129812975174315, 'PKN': 0.13077264777232378, 'PZU': 0.11921983739004678, 'KGH': 0.07891692820157131, 'PEO': 0.06468104245827594, 'DNP': 0.06079225314871695, 'LPP': 0.058802769468161015, 'CPS': 0.049103619034471385, 'SPL': 0.035840765600524585, 'OPL': 0.03003819764134296, 'PGE': 0.02417217105329077, 'MBK': 0.017301939496093953, 'CCC': 0.009787101866685665, 'TPE': 0.008672679278976378, 'ALR': 0.008642619928458745, 'JSW': 0.004963132763244761}"
388,2020-06-26,111958.54447615516,1.4551915228366852e-11,"{'CDR': 0.16699416514607174, 'PKO': 0.13129812975174315, 'PKN': 0.13077264777232378, 'PZU': 0.11921983739004678, 'KGH': 0.07891692820157131, 'PEO': 0.06468104245827594, 'DNP': 0.06079225314871695, 'LPP': 0.058802769468161015, 'CPS': 0.049103619034471385, 'SPL': 0.035840765600524585, 'OPL': 0.03003819764134296, 'PGE': 0.02417217105329077, 'MBK': 0.017301939496093953, 'CCC': 0.009787101866685665, 'TPE': 0.008672679278976378, 'ALR': 0.008642619928458745, 'JSW': 0.004963132763244761}"
389,2020-06-29,112526.94795742031,1.4551915228366852e-11,"{'CDR': 0.16699416514607174, 'PKO': 0.13129812975174315, 'PKN': 0.13077264777232378, 'PZU': 0.11921983739004678, 'KGH': 0.07891692820157131, 'PEO': 0.06468104245827594, 'DNP': 0.06079225314871695, 'LPP': 0.058802769468161015, 'CPS': 0.049103619034471385, 'SPL': 0.035840765600524585, 'OPL': 0.03003819764134296, 'PGE': 0.02417217105329077, 'MBK': 0.017301939496093953, 'CCC': 0.009787101866685665, 'TPE': 0.008672679278976378, 'ALR': 0.008642619928458745, 'JSW': 0.004963132763244761}"
390,2020-06-30,111668.36538588135,1.4551915228366852e-11,"{'CDR': 0.16699416514607174, 'PKO': 0.13129812975174315, 'PKN': 0.13077264777232378, 'PZU': 0.11921983739004678, 'KGH': 0.07891692820157131, 'PEO': 0.06468104245827594, 'DNP': 0.06079225314871695, 'LPP': 0.058802769468161015, 'CPS': 0.049103619034471385, 'SPL': 0.035840765600524585, 'OPL': 0.03003819764134296, 'PGE': 0.02417217105329077, 'MBK': 0.017301939496093953, 'CCC': 0.009787101866685665, 'TPE': 0.008672679278976378, 'ALR': 0.008642619928458745, 'JSW': 0.004963132763244761}"
391,2020-07-01,112508.48144139617,1.4551915228366852e-11,"{'CDR': 0.16699416514607174, 'PKO': 0.13129812975174315, 'PKN': 0.13077264777232378, 'PZU': 0.11921983739004678, 'KGH': 0.07891692820157131, 'PEO': 0.06468104245827594, 'DNP': 0.06079225314871695, 'LPP': 0.058802769468161015, 'CPS': 0.049103619034471385, 'SPL': 0.035840765600524585, 'OPL': 0.03003819764134296, 'PGE': 0.02417217105329077, 'MBK': 0.017301939496093953, 'CCC': 0.009787101866685665, 'TPE': 0.008672679278976378, 'ALR': 0.008642619928458745, 'JSW': 0.004963132763244761}"
392,2020-07-02,114403.99179587516,1.4551915228366852e-11,"{'CDR': 0.16699416514607174, 'PKO': 0.13129812975174315, 'PKN': 0.13077264777232378, 'PZU': 0.11921983739004678, 'KGH': 0.07891692820157131, 'PEO': 0.06468104245827594, 'DNP': 0.06079225314871695, 'LPP': 0.058802769468161015, 'CPS': 0.049103619034471385, 'SPL': 0.035840765600524585, 'OPL': 0.03003819764134296, 'PGE': 0.02417217105329077, 'MBK': 0.017301939496093953, 'CCC': 0.009787101866685665, 'TPE': 0.008672679278976378, 'ALR': 0.008642619928458745, 'JSW': 0.004963132763244761}"
393,2020-07-03,114287.73636618421,1.4551915228366852e-11,"{'CDR': 0.16699416514607174, 'PKO': 0.13129812975174315, 'PKN': 0.13077264777232378, 'PZU': 0.11921983739004678, 'KGH': 0.07891692820157131, 'PEO': 0.06468104245827594, 'DNP': 0.06079225314871695, 'LPP': 0.058802769468161015, 'CPS': 0.049103619034471385, 'SPL': 0.035840765600524585, 'OPL': 0.03003819764134296, 'PGE': 0.02417217105329077, 'MBK': 0.017301939496093953, 'CCC': 0.009787101866685665, 'TPE': 0.008672679278976378, 'ALR': 0.008642619928458745, 'JSW': 0.004963132763244761}"
394,2020-07-06,115388.1527822367,1.4551915228366852e-11,"{'CDR': 0.16699416514607174, 'PKO': 0.13129812975174315, 'PKN': 0.13077264777232378, 'PZU': 0.11921983739004678, 'KGH': 0.07891692820157131, 'PEO': 0.06468104245827594, 'DNP': 0.06079225314871695, 'LPP': 0.058802769468161015, 'CPS': 0.049103619034471385, 'SPL': 0.035840765600524585, 'OPL': 0.03003819764134296, 'PGE': 0.02417217105329077, 'MBK': 0.017301939496093953, 'CCC': 0.009787101866685665, 'TPE': 0.008672679278976378, 'ALR': 0.008642619928458745, 'JSW': 0.004963132763244761}"
395,2020-07-07,114331.45712055091,1.4551915228366852e-11,"{'CDR': 0.16699416514607174, 'PKO': 0.13129812975174315, 'PKN': 0.13077264777232378, 'PZU': 0.11921983739004678, 'KGH': 0.07891692820157131, 'PEO': 0.06468104245827594, 'DNP': 0.06079225314871695, 'LPP': 0.058802769468161015, 'CPS': 0.049103619034471385, 'SPL': 0.035840765600524585, 'OPL': 0.03003819764134296, 'PGE': 0.02417217105329077, 'MBK': 0.017301939496093953, 'CCC': 0.009787101866685665, 'TPE': 0.008672679278976378, 'ALR': 0.008642619928458745, 'JSW': 0.004963132763244761}"
396,2020-07-08,113432.79548926635,1.4551915228366852e-11,"{'CDR': 0.16699416514607174, 'PKO': 0.13129812975174315, 'PKN': 0.13077264777232378, 'PZU': 0.11921983739004678, 'KGH': 0.07891692820157131, 'PEO': 0.06468104245827594, 'DNP': 0.06079225314871695, 'LPP': 0.058802769468161015, 'CPS': 0.049103619034471385, 'SPL': 0.035840765600524585, 'OPL': 0.03003819764134296, 'PGE': 0.02417217105329077, 'MBK': 0.017301939496093953, 'CCC': 0.009787101866685665, 'TPE': 0.008672679278976378, 'ALR': 0.008642619928458745, 'JSW': 0.004963132763244761}"
397,2020-07-09,113384.69334232823,1.4551915228366852e-11,"{'CDR': 0.16699416514607174, 'PKO': 0.13129812975174315, 'PKN': 0.13077264777232378, 'PZU': 0.11921983739004678, 'KGH': 0.07891692820157131, 'PEO': 0.06468104245827594, 'DNP': 0.06079225314871695, 'LPP': 0.058802769468161015, 'CPS': 0.049103619034471385, 'SPL': 0.035840765600524585, 'OPL': 0.03003819764134296, 'PGE': 0.02417217105329077, 'MBK': 0.017301939496093953, 'CCC': 0.009787101866685665, 'TPE': 0.008672679278976378, 'ALR': 0.008642619928458745, 'JSW': 0.004963132763244761}"
398,2020-07-10,113693.9665190396,1.4551915228366852e-11,"{'CDR': 0.16699416514607174, 'PKO': 0.13129812975174315, 'PKN': 0.13077264777232378, 'PZU': 0.11921983739004678, 'KGH': 0.07891692820157131, 'PEO': 0.06468104245827594, 'DNP': 0.06079225314871695, 'LPP': 0.058802769468161015, 'CPS': 0.049103619034471385, 'SPL': 0.035840765600524585, 'OPL': 0.03003819764134296, 'PGE': 0.02417217105329077, 'MBK': 0.017301939496093953, 'CCC': 0.009787101866685665, 'TPE': 0.008672679278976378, 'ALR': 0.008642619928458745, 'JSW': 0.004963132763244761}"
399,2020-07-13,114144.8835045011,1.4551915228366852e-11,"{'CDR': 0.16699416514607174, 'PKO': 0.13129812975174315, 'PKN': 0.13077264777232378, 'PZU': 0.11921983739004678, 'KGH': 0.07891692820157131, 'PEO': 0.06468104245827594, 'DNP': 0.06079225314871695, 'LPP': 0.058802769468161015, 'CPS': 0.049103619034471385, 'SPL': 0.035840765600524585, 'OPL': 0.03003819764134296, 'PGE': 0.02417217105329077, 'MBK': 0.017301939496093953, 'CCC': 0.009787101866685665, 'TPE': 0.008672679278976378, 'ALR': 0.008642619928458745, 'JSW': 0.004963132763244761}"
400,2020-07-14,111507.3168982466,1.4551915228366852e-11,"{'CDR': 0.16699416514607174, 'PKO': 0.13129812975174315, 'PKN': 0.13077264777232378, 'PZU': 0.11921983739004678, 'KGH': 0.07891692820157131, 'PEO': 0.06468104245827594, 'DNP': 0.06079225314871695, 'LPP': 0.058802769468161015, 'CPS': 0.049103619034471385, 'SPL': 0.035840765600524585, 'OPL': 0.03003819764134296, 'PGE': 0.02417217105329077, 'MBK': 0.017301939496093953, 'CCC': 0.009787101866685665, 'TPE': 0.008672679278976378, 'ALR': 0.008642619928458745, 'JSW': 0.004963132763244761}"
401,2020-07-15,113089.880000303,1.4551915228366852e-11,"{'CDR': 0.16699416514607174, 'PKO': 0.13129812975174315, 'PKN': 0.13077264777232378, 'PZU': 0.11921983739004678, 'KGH': 0.07891692820157131, 'PEO': 0.06468104245827594, 'DNP': 0.06079225314871695, 'LPP': 0.058802769468161015, 'CPS': 0.049103619034471385, 'SPL': 0.035840765600524585, 'OPL': 0.03003819764134296, 'PGE': 0.02417217105329077, 'MBK': 0.017301939496093953, 'CCC': 0.009787101866685665, 'TPE': 0.008672679278976378, 'ALR': 0.008642619928458745, 'JSW': 0.004963132763244761}"
402,2020-07-16,113683.47887177889,1.4551915228366852e-11,"{'CDR': 0.16699416514607174, 'PKO': 0.13129812975174315, 'PKN': 0.13077264777232378, 'PZU': 0.11921983739004678, 'KGH': 0.07891692820157131, 'PEO': 0.06468104245827594, 'DNP': 0.06079225314871695, 'LPP': 0.058802769468161015, 'CPS': 0.049103619034471385, 'SPL': 0.035840765600524585, 'OPL': 0.03003819764134296, 'PGE': 0.02417217105329077, 'MBK': 0.017301939496093953, 'CCC': 0.009787101866685665, 'TPE': 0.008672679278976378, 'ALR': 0.008642619928458745, 'JSW': 0.004963132763244761}"
403,2020-07-17,113471.66759704199,1.4551915228366852e-11,"{'CDR': 0.16699416514607174, 'PKO': 0.13129812975174315, 'PKN': 0.13077264777232378, 'PZU': 0.11921983739004678, 'KGH': 0.07891692820157131, 'PEO': 0.06468104245827594, 'DNP': 0.06079225314871695, 'LPP': 0.058802769468161015, 'CPS': 0.049103619034471385, 'SPL': 0.035840765600524585, 'OPL': 0.03003819764134296, 'PGE': 0.02417217105329077, 'MBK': 0.017301939496093953, 'CCC': 0.009787101866685665, 'TPE': 0.008672679278976378, 'ALR': 0.008642619928458745, 'JSW': 0.004963132763244761}"
404,2020-07-20,116182.07368047092,1.4551915228366852e-11,"{'CDR': 0.16699416514607174, 'PKO': 0.13129812975174315, 'PKN': 0.13077264777232378, 'PZU': 0.11921983739004678, 'KGH': 0.07891692820157131, 'PEO': 0.06468104245827594, 'DNP': 0.06079225314871695, 'LPP': 0.058802769468161015, 'CPS': 0.049103619034471385, 'SPL': 0.035840765600524585, 'OPL': 0.03003819764134296, 'PGE': 0.02417217105329077, 'MBK': 0.017301939496093953, 'CCC': 0.009787101866685665, 'TPE': 0.008672679278976378, 'ALR': 0.008642619928458745, 'JSW': 0.004963132763244761}"
405,2020-07-21,116626.61445906386,1.4551915228366852e-11,"{'CDR': 0.16699416514607174, 'PKO': 0.13129812975174315, 'PKN': 0.13077264777232378, 'PZU': 0.11921983739004678, 'KGH': 0.07891692820157131, 'PEO': 0.06468104245827594, 'DNP': 0.06079225314871695, 'LPP': 0.058802769468161015, 'CPS': 0.049103619034471385, 'SPL': 0.035840765600524585, 'OPL': 0.03003819764134296, 'PGE': 0.02417217105329077, 'MBK': 0.017301939496093953, 'CCC': 0.009787101866685665, 'TPE': 0.008672679278976378, 'ALR': 0.008642619928458745, 'JSW': 0.004963132763244761}"
406,2020-07-22,115581.98826929234,1.4551915228366852e-11,"{'CDR': 0.16699416514607174, 'PKO': 0.13129812975174315, 'PKN': 0.13077264777232378, 'PZU': 0.11921983739004678, 'KGH': 0.07891692820157131, 'PEO': 0.06468104245827594, 'DNP': 0.06079225314871695, 'LPP': 0.058802769468161015, 'CPS': 0.049103619034471385, 'SPL': 0.035840765600524585, 'OPL': 0.03003819764134296, 'PGE': 0.02417217105329077, 'MBK': 0.017301939496093953, 'CCC': 0.009787101866685665, 'TPE': 0.008672679278976378, 'ALR': 0.008642619928458745, 'JSW': 0.004963132763244761}"
407,2020-07-23,114992.09640900648,1.4551915228366852e-11,"{'CDR': 0.16699416514607174, 'PKO': 0.13129812975174315, 'PKN': 0.13077264777232378, 'PZU': 0.11921983739004678, 'KGH': 0.07891692820157131, 'PEO': 0.06468104245827594, 'DNP': 0.06079225314871695, 'LPP': 0.058802769468161015, 'CPS': 0.049103619034471385, 'SPL': 0.035840765600524585, 'OPL': 0.03003819764134296, 'PGE': 0.02417217105329077, 'MBK': 0.017301939496093953, 'CCC': 0.009787101866685665, 'TPE': 0.008672679278976378, 'ALR': 0.008642619928458745, 'JSW': 0.004963132763244761}"
408,2020-07-24,114439.7125242894,1.4551915228366852e-11,"{'CDR': 0.16699416514607174, 'PKO': 0.13129812975174315, 'PKN': 0.13077264777232378, 'PZU': 0.11921983739004678, 'KGH': 0.07891692820157131, 'PEO': 0.06468104245827594, 'DNP': 0.06079225314871695, 'LPP': 0.058802769468161015, 'CPS': 0.049103619034471385, 'SPL': 0.035840765600524585, 'OPL': 0.03003819764134296, 'PGE': 0.02417217105329077, 'MBK': 0.017301939496093953, 'CCC': 0.009787101866685665, 'TPE': 0.008672679278976378, 'ALR': 0.008642619928458745, 'JSW': 0.004963132763244761}"
409,2020-07-27,115735.80335298581,1.4551915228366852e-11,"{'CDR': 0.16699416514607174, 'PKO': 0.13129812975174315, 'PKN': 0.13077264777232378, 'PZU': 0.11921983739004678, 'KGH': 0.07891692820157131, 'PEO': 0.06468104245827594, 'DNP': 0.06079225314871695, 'LPP': 0.058802769468161015, 'CPS': 0.049103619034471385, 'SPL': 0.035840765600524585, 'OPL': 0.03003819764134296, 'PGE': 0.02417217105329077, 'MBK': 0.017301939496093953, 'CCC': 0.009787101866685665, 'TPE': 0.008672679278976378, 'ALR': 0.008642619928458745, 'JSW': 0.004963132763244761}"
410,2020-07-28,115325.92343846244,1.4551915228366852e-11,"{'CDR': 0.16699416514607174, 'PKO': 0.13129812975174315, 'PKN': 0.13077264777232378, 'PZU': 0.11921983739004678, 'KGH': 0.07891692820157131, 'PEO': 0.06468104245827594, 'DNP': 0.06079225314871695, 'LPP': 0.058802769468161015, 'CPS': 0.049103619034471385, 'SPL': 0.035840765600524585, 'OPL': 0.03003819764134296, 'PGE': 0.02417217105329077, 'MBK': 0.017301939496093953, 'CCC': 0.009787101866685665, 'TPE': 0.008672679278976378, 'ALR': 0.008642619928458745, 'JSW': 0.004963132763244761}"
411,2020-07-29,115686.45432104333,1.4551915228366852e-11,"{'CDR': 0.16699416514607174, 'PKO': 0.13129812975174315, 'PKN': 0.13077264777232378, 'PZU': 0.11921983739004678, 'KGH': 0.07891692820157131, 'PEO': 0.06468104245827594, 'DNP': 0.06079225314871695, 'LPP': 0.058802769468161015, 'CPS': 0.049103619034471385, 'SPL': 0.035840765600524585, 'OPL': 0.03003819764134296, 'PGE': 0.02417217105329077, 'MBK': 0.017301939496093953, 'CCC': 0.009787101866685665, 'TPE': 0.008672679278976378, 'ALR': 0.008642619928458745, 'JSW': 0.004963132763244761}"
412,2020-07-30,111936.72781547972,1.4551915228366852e-11,"{'CDR': 0.16699416514607174, 'PKO': 0.13129812975174315, 'PKN': 0.13077264777232378, 'PZU': 0.11921983739004678, 'KGH': 0.07891692820157131, 'PEO': 0.06468104245827594, 'DNP': 0.06079225314871695, 'LPP': 0.058802769468161015, 'CPS': 0.049103619034471385, 'SPL': 0.035840765600524585, 'OPL': 0.03003819764134296, 'PGE': 0.02417217105329077, 'MBK': 0.017301939496093953, 'CCC': 0.009787101866685665, 'TPE': 0.008672679278976378, 'ALR': 0.008642619928458745, 'JSW': 0.004963132763244761}"
413,2020-07-31,112370.17942573145,1.4551915228366852e-11,"{'CDR': 0.16699416514607174, 'PKO': 0.13129812975174315, 'PKN': 0.13077264777232378, 'PZU': 0.11921983739004678, 'KGH': 0.07891692820157131, 'PEO': 0.06468104245827594, 'DNP': 0.06079225314871695, 'LPP': 0.058802769468161015, 'CPS': 0.049103619034471385, 'SPL': 0.035840765600524585, 'OPL': 0.03003819764134296, 'PGE': 0.02417217105329077, 'MBK': 0.017301939496093953, 'CCC': 0.009787101866685665, 'TPE': 0.008672679278976378, 'ALR': 0.008642619928458745, 'JSW': 0.004963132763244761}"
414,2020-08-03,114980.86401887871,1.4551915228366852e-11,"{'CDR': 0.16699416514607174, 'PKO': 0.13129812975174315, 'PKN': 0.13077264777232378, 'PZU': 0.11921983739004678, 'KGH': 0.07891692820157131, 'PEO': 0.06468104245827594, 'DNP': 0.06079225314871695, 'LPP': 0.058802769468161015, 'CPS': 0.049103619034471385, 'SPL': 0.035840765600524585, 'OPL': 0.03003819764134296, 'PGE': 0.02417217105329077, 'MBK': 0.017301939496093953, 'CCC': 0.009787101866685665, 'TPE': 0.008672679278976378, 'ALR': 0.008642619928458745, 'JSW': 0.004963132763244761}"
415,2020-08-04,115575.85920576619,1.4551915228366852e-11,"{'CDR': 0.16699416514607174, 'PKO': 0.13129812975174315, 'PKN': 0.13077264777232378, 'PZU': 0.11921983739004678, 'KGH': 0.07891692820157131, 'PEO': 0.06468104245827594, 'DNP': 0.06079225314871695, 'LPP': 0.058802769468161015, 'CPS': 0.049103619034471385, 'SPL': 0.035840765600524585, 'OPL': 0.03003819764134296, 'PGE': 0.02417217105329077, 'MBK': 0.017301939496093953, 'CCC': 0.009787101866685665, 'TPE': 0.008672679278976378, 'ALR': 0.008642619928458745, 'JSW': 0.004963132763244761}"
416,2020-08-05,116710.11876208625,1.4551915228366852e-11,"{'CDR': 0.16699416514607174, 'PKO': 0.13129812975174315, 'PKN': 0.13077264777232378, 'PZU': 0.11921983739004678, 'KGH': 0.07891692820157131, 'PEO': 0.06468104245827594, 'DNP': 0.06079225314871695, 'LPP': 0.058802769468161015, 'CPS': 0.049103619034471385, 'SPL': 0.035840765600524585, 'OPL': 0.03003819764134296, 'PGE': 0.02417217105329077, 'MBK': 0.017301939496093953, 'CCC': 0.009787101866685665, 'TPE': 0.008672679278976378, 'ALR': 0.008642619928458745, 'JSW': 0.004963132763244761}"
417,2020-08-06,115885.41326293553,1.4551915228366852e-11,"{'CDR': 0.16699416514607174, 'PKO': 0.13129812975174315, 'PKN': 0.13077264777232378, 'PZU': 0.11921983739004678, 'KGH': 0.07891692820157131, 'PEO': 0.06468104245827594, 'DNP': 0.06079225314871695, 'LPP': 0.058802769468161015, 'CPS': 0.049103619034471385, 'SPL': 0.035840765600524585, 'OPL': 0.03003819764134296, 'PGE': 0.02417217105329077, 'MBK': 0.017301939496093953, 'CCC': 0.009787101866685665, 'TPE': 0.008672679278976378, 'ALR': 0.008642619928458745, 'JSW': 0.004963132763244761}"
418,2020-08-07,115976.10362613847,1.4551915228366852e-11,"{'CDR': 0.16699416514607174, 'PKO': 0.13129812975174315, 'PKN': 0.13077264777232378, 'PZU': 0.11921983739004678, 'KGH': 0.07891692820157131, 'PEO': 0.06468104245827594, 'DNP': 0.06079225314871695, 'LPP': 0.058802769468161015, 'CPS': 0.049103619034471385, 'SPL': 0.035840765600524585, 'OPL': 0.03003819764134296, 'PGE': 0.02417217105329077, 'MBK': 0.017301939496093953, 'CCC': 0.009787101866685665, 'TPE': 0.008672679278976378, 'ALR': 0.008642619928458745, 'JSW': 0.004963132763244761}"
419,2020-08-10,116429.76251010584,1.4551915228366852e-11,"{'CDR': 0.16699416514607174, 'PKO': 0.13129812975174315, 'PKN': 0.13077264777232378, 'PZU': 0.11921983739004678, 'KGH': 0.07891692820157131, 'PEO': 0.06468104245827594, 'DNP': 0.06079225314871695, 'LPP': 0.058802769468161015, 'CPS': 0.049103619034471385, 'SPL': 0.035840765600524585, 'OPL': 0.03003819764134296, 'PGE': 0.02417217105329077, 'MBK': 0.017301939496093953, 'CCC': 0.009787101866685665, 'TPE': 0.008672679278976378, 'ALR': 0.008642619928458745, 'JSW': 0.004963132763244761}"
420,2020-08-11,117991.81720415041,1.4551915228366852e-11,"{'CDR': 0.16699416514607174, 'PKO': 0.13129812975174315, 'PKN': 0.13077264777232378, 'PZU': 0.11921983739004678, 'KGH': 0.07891692820157131, 'PEO': 0.06468104245827594, 'DNP': 0.06079225314871695, 'LPP': 0.058802769468161015, 'CPS': 0.049103619034471385, 'SPL': 0.035840765600524585, 'OPL': 0.03003819764134296, 'PGE': 0.02417217105329077, 'MBK': 0.017301939496093953, 'CCC': 0.009787101866685665, 'TPE': 0.008672679278976378, 'ALR': 0.008642619928458745, 'JSW': 0.004963132763244761}"
421,2020-08-12,118685.14114925063,1.4551915228366852e-11,"{'CDR': 0.16699416514607174, 'PKO': 0.13129812975174315, 'PKN': 0.13077264777232378, 'PZU': 0.11921983739004678, 'KGH': 0.07891692820157131, 'PEO': 0.06468104245827594, 'DNP': 0.06079225314871695, 'LPP': 0.058802769468161015, 'CPS': 0.049103619034471385, 'SPL': 0.035840765600524585, 'OPL': 0.03003819764134296, 'PGE': 0.02417217105329077, 'MBK': 0.017301939496093953, 'CCC': 0.009787101866685665, 'TPE': 0.008672679278976378, 'ALR': 0.008642619928458745, 'JSW': 0.004963132763244761}"
422,2020-08-13,118750.84834854298,1.4551915228366852e-11,"{'CDR': 0.16699416514607174, 'PKO': 0.13129812975174315, 'PKN': 0.13077264777232378, 'PZU': 0.11921983739004678, 'KGH': 0.07891692820157131, 'PEO': 0.06468104245827594, 'DNP': 0.06079225314871695, 'LPP': 0.058802769468161015, 'CPS': 0.049103619034471385, 'SPL': 0.035840765600524585, 'OPL': 0.03003819764134296, 'PGE': 0.02417217105329077, 'MBK': 0.017301939496093953, 'CCC': 0.009787101866685665, 'TPE': 0.008672679278976378, 'ALR': 0.008642619928458745, 'JSW': 0.004963132763244761}"
423,2020-08-14,118597.96002856329,1.4551915228366852e-11,"{'CDR': 0.16699416514607174, 'PKO': 0.13129812975174315, 'PKN': 0.13077264777232378, 'PZU': 0.11921983739004678, 'KGH': 0.07891692820157131, 'PEO': 0.06468104245827594, 'DNP': 0.06079225314871695, 'LPP': 0.058802769468161015, 'CPS': 0.049103619034471385, 'SPL': 0.035840765600524585, 'OPL': 0.03003819764134296, 'PGE': 0.02417217105329077, 'MBK': 0.017301939496093953, 'CCC': 0.009787101866685665, 'TPE': 0.008672679278976378, 'ALR': 0.008642619928458745, 'JSW': 0.004963132763244761}"
424,2020-08-17,119105.57135389373,1.4551915228366852e-11,"{'CDR': 0.16699416514607174, 'PKO': 0.13129812975174315, 'PKN': 0.13077264777232378, 'PZU': 0.11921983739004678, 'KGH': 0.07891692820157131, 'PEO': 0.06468104245827594, 'DNP': 0.06079225314871695, 'LPP': 0.058802769468161015, 'CPS': 0.049103619034471385, 'SPL': 0.035840765600524585, 'OPL': 0.03003819764134296, 'PGE': 0.02417217105329077, 'MBK': 0.017301939496093953, 'CCC': 0.009787101866685665, 'TPE': 0.008672679278976378, 'ALR': 0.008642619928458745, 'JSW': 0.004963132763244761}"
425,2020-08-18,117620.23869337677,1.4551915228366852e-11,"{'CDR': 0.16699416514607174, 'PKO': 0.13129812975174315, 'PKN': 0.13077264777232378, 'PZU': 0.11921983739004678, 'KGH': 0.07891692820157131, 'PEO': 0.06468104245827594, 'DNP': 0.06079225314871695, 'LPP': 0.058802769468161015, 'CPS': 0.049103619034471385, 'SPL': 0.035840765600524585, 'OPL': 0.03003819764134296, 'PGE': 0.02417217105329077, 'MBK': 0.017301939496093953, 'CCC': 0.009787101866685665, 'TPE': 0.008672679278976378, 'ALR': 0.008642619928458745, 'JSW': 0.004963132763244761}"
426,2020-08-19,117309.49356044923,1.4551915228366852e-11,"{'CDR': 0.16699416514607174, 'PKO': 0.13129812975174315, 'PKN': 0.13077264777232378, 'PZU': 0.11921983739004678, 'KGH': 0.07891692820157131, 'PEO': 0.06468104245827594, 'DNP': 0.06079225314871695, 'LPP': 0.058802769468161015, 'CPS': 0.049103619034471385, 'SPL': 0.035840765600524585, 'OPL': 0.03003819764134296, 'PGE': 0.02417217105329077, 'MBK': 0.017301939496093953, 'CCC': 0.009787101866685665, 'TPE': 0.008672679278976378, 'ALR': 0.008642619928458745, 'JSW': 0.004963132763244761}"
427,2020-08-20,116072.29198774698,1.4551915228366852e-11,"{'CDR': 0.16699416514607174, 'PKO': 0.13129812975174315, 'PKN': 0.13077264777232378, 'PZU': 0.11921983739004678, 'KGH': 0.07891692820157131, 'PEO': 0.06468104245827594, 'DNP': 0.06079225314871695, 'LPP': 0.058802769468161015, 'CPS': 0.049103619034471385, 'SPL': 0.035840765600524585, 'OPL': 0.03003819764134296, 'PGE': 0.02417217105329077, 'MBK': 0.017301939496093953, 'CCC': 0.009787101866685665, 'TPE': 0.008672679278976378, 'ALR': 0.008642619928458745, 'JSW': 0.004963132763244761}"
428,2020-08-21,116564.61225183451,1.4551915228366852e-11,"{'CDR': 0.16699416514607174, 'PKO': 0.13129812975174315, 'PKN': 0.13077264777232378, 'PZU': 0.11921983739004678, 'KGH': 0.07891692820157131, 'PEO': 0.06468104245827594, 'DNP': 0.06079225314871695, 'LPP': 0.058802769468161015, 'CPS': 0.049103619034471385, 'SPL': 0.035840765600524585, 'OPL': 0.03003819764134296, 'PGE': 0.02417217105329077, 'MBK': 0.017301939496093953, 'CCC': 0.009787101866685665, 'TPE': 0.008672679278976378, 'ALR': 0.008642619928458745, 'JSW': 0.004963132763244761}"
429,2020-08-24,117887.64650927865,1.4551915228366852e-11,"{'CDR': 0.16699416514607174, 'PKO': 0.13129812975174315, 'PKN': 0.13077264777232378, 'PZU': 0.11921983739004678, 'KGH': 0.07891692820157131, 'PEO': 0.06468104245827594, 'DNP': 0.06079225314871695, 'LPP': 0.058802769468161015, 'CPS': 0.049103619034471385, 'SPL': 0.035840765600524585, 'OPL': 0.03003819764134296, 'PGE': 0.02417217105329077, 'MBK': 0.017301939496093953, 'CCC': 0.009787101866685665, 'TPE': 0.008672679278976378, 'ALR': 0.008642619928458745, 'JSW': 0.004963132763244761}"
430,2020-08-25,116429.26541282407,1.4551915228366852e-11,"{'CDR': 0.16699416514607174, 'PKO': 0.13129812975174315, 'PKN': 0.13077264777232378, 'PZU': 0.11921983739004678, 'KGH': 0.07891692820157131, 'PEO': 0.06468104245827594, 'DNP': 0.06079225314871695, 'LPP': 0.058802769468161015, 'CPS': 0.049103619034471385, 'SPL': 0.035840765600524585, 'OPL': 0.03003819764134296, 'PGE': 0.02417217105329077, 'MBK': 0.017301939496093953, 'CCC': 0.009787101866685665, 'TPE': 0.008672679278976378, 'ALR': 0.008642619928458745, 'JSW': 0.004963132763244761}"
431,2020-08-26,118480.14943171512,1.4551915228366852e-11,"{'CDR': 0.16699416514607174, 'PKO': 0.13129812975174315, 'PKN': 0.13077264777232378, 'PZU': 0.11921983739004678, 'KGH': 0.07891692820157131, 'PEO': 0.06468104245827594, 'DNP': 0.06079225314871695, 'LPP': 0.058802769468161015, 'CPS': 0.049103619034471385, 'SPL': 0.035840765600524585, 'OPL': 0.03003819764134296, 'PGE': 0.02417217105329077, 'MBK': 0.017301939496093953, 'CCC': 0.009787101866685665, 'TPE': 0.008672679278976378, 'ALR': 0.008642619928458745, 'JSW': 0.004963132763244761}"
432,2020-08-27,118636.21826945302,1.4551915228366852e-11,"{'CDR': 0.16699416514607174, 'PKO': 0.13129812975174315, 'PKN': 0.13077264777232378, 'PZU': 0.11921983739004678, 'KGH': 0.07891692820157131, 'PEO': 0.06468104245827594, 'DNP': 0.06079225314871695, 'LPP': 0.058802769468161015, 'CPS': 0.049103619034471385, 'SPL': 0.035840765600524585, 'OPL': 0.03003819764134296, 'PGE': 0.02417217105329077, 'MBK': 0.017301939496093953, 'CCC': 0.009787101866685665, 'TPE': 0.008672679278976378, 'ALR': 0.008642619928458745, 'JSW': 0.004963132763244761}"
433,2020-08-28,117474.11423103765,1.4551915228366852e-11,"{'CDR': 0.16699416514607174, 'PKO': 0.13129812975174315, 'PKN': 0.13077264777232378, 'PZU': 0.11921983739004678, 'KGH': 0.07891692820157131, 'PEO': 0.06468104245827594, 'DNP': 0.06079225314871695, 'LPP': 0.058802769468161015, 'CPS': 0.049103619034471385, 'SPL': 0.035840765600524585, 'OPL': 0.03003819764134296, 'PGE': 0.02417217105329077, 'MBK': 0.017301939496093953, 'CCC': 0.009787101866685665, 'TPE': 0.008672679278976378, 'ALR': 0.008642619928458745, 'JSW': 0.004963132763244761}"
434,2020-08-31,115724.68833086501,1.4551915228366852e-11,"{'CDR': 0.16699416514607174, 'PKO': 0.13129812975174315, 'PKN': 0.13077264777232378, 'PZU': 0.11921983739004678, 'KGH': 0.07891692820157131, 'PEO': 0.06468104245827594, 'DNP': 0.06079225314871695, 'LPP': 0.058802769468161015, 'CPS': 0.049103619034471385, 'SPL': 0.035840765600524585, 'OPL': 0.03003819764134296, 'PGE': 0.02417217105329077, 'MBK': 0.017301939496093953, 'CCC': 0.009787101866685665, 'TPE': 0.008672679278976378, 'ALR': 0.008642619928458745, 'JSW': 0.004963132763244761}"
435,2020-09-01,114087.02397100818,1.4551915228366852e-11,"{'CDR': 0.16699416514607174, 'PKO': 0.13129812975174315, 'PKN': 0.13077264777232378, 'PZU': 0.11921983739004678, 'KGH': 0.07891692820157131, 'PEO': 0.06468104245827594, 'DNP': 0.06079225314871695, 'LPP': 0.058802769468161015, 'CPS': 0.049103619034471385, 'SPL': 0.035840765600524585, 'OPL': 0.03003819764134296, 'PGE': 0.02417217105329077, 'MBK': 0.017301939496093953, 'CCC': 0.009787101866685665, 'TPE': 0.008672679278976378, 'ALR': 0.008642619928458745, 'JSW': 0.004963132763244761}"
436,2020-09-02,114824.0420019955,1.4551915228366852e-11,"{'CDR': 0.16699416514607174, 'PKO': 0.13129812975174315, 'PKN': 0.13077264777232378, 'PZU': 0.11921983739004678, 'KGH': 0.07891692820157131, 'PEO': 0.06468104245827594, 'DNP': 0.06079225314871695, 'LPP': 0.058802769468161015, 'CPS': 0.049103619034471385, 'SPL': 0.035840765600524585, 'OPL': 0.03003819764134296, 'PGE': 0.02417217105329077, 'MBK': 0.017301939496093953, 'CCC': 0.009787101866685665, 'TPE': 0.008672679278976378, 'ALR': 0.008642619928458745, 'JSW': 0.004963132763244761}"
437,2020-09-03,113787.39760478129,1.4551915228366852e-11,"{'CDR': 0.16699416514607174, 'PKO': 0.13129812975174315, 'PKN': 0.13077264777232378, 'PZU': 0.11921983739004678, 'KGH': 0.07891692820157131, 'PEO': 0.06468104245827594, 'DNP': 0.06079225314871695, 'LPP': 0.058802769468161015, 'CPS': 0.049103619034471385, 'SPL': 0.035840765600524585, 'OPL': 0.03003819764134296, 'PGE': 0.02417217105329077, 'MBK': 0.017301939496093953, 'CCC': 0.009787101866685665, 'TPE': 0.008672679278976378, 'ALR': 0.008642619928458745, 'JSW': 0.004963132763244761}"
438,2020-09-04,113123.27860992342,1.4551915228366852e-11,"{'CDR': 0.16699416514607174, 'PKO': 0.13129812975174315, 'PKN': 0.13077264777232378, 'PZU': 0.11921983739004678, 'KGH': 0.07891692820157131, 'PEO': 0.06468104245827594, 'DNP': 0.06079225314871695, 'LPP': 0.058802769468161015, 'CPS': 0.049103619034471385, 'SPL': 0.035840765600524585, 'OPL': 0.03003819764134296, 'PGE': 0.02417217105329077, 'MBK': 0.017301939496093953, 'CCC': 0.009787101866685665, 'TPE': 0.008672679278976378, 'ALR': 0.008642619928458745, 'JSW': 0.004963132763244761}"
439,2020-09-07,114042.74203509396,1.4551915228366852e-11,"{'CDR': 0.16699416514607174, 'PKO': 0.13129812975174315, 'PKN': 0.13077264777232378, 'PZU': 0.11921983739004678, 'KGH': 0.07891692820157131, 'PEO': 0.06468104245827594, 'DNP': 0.06079225314871695, 'LPP': 0.058802769468161015, 'CPS': 0.049103619034471385, 'SPL': 0.035840765600524585, 'OPL': 0.03003819764134296, 'PGE': 0.02417217105329077, 'MBK': 0.017301939496093953, 'CCC': 0.009787101866685665, 'TPE': 0.008672679278976378, 'ALR': 0.008642619928458745, 'JSW': 0.004963132763244761}"
440,2020-09-08,111669.98293480207,1.4551915228366852e-11,"{'CDR': 0.16699416514607174, 'PKO': 0.13129812975174315, 'PKN': 0.13077264777232378, 'PZU': 0.11921983739004678, 'KGH': 0.07891692820157131, 'PEO': 0.06468104245827594, 'DNP': 0.06079225314871695, 'LPP': 0.058802769468161015, 'CPS': 0.049103619034471385, 'SPL': 0.035840765600524585, 'OPL': 0.03003819764134296, 'PGE': 0.02417217105329077, 'MBK': 0.017301939496093953, 'CCC': 0.009787101866685665, 'TPE': 0.008672679278976378, 'ALR': 0.008642619928458745, 'JSW': 0.004963132763244761}"
441,2020-09-09,114173.76234500117,1.4551915228366852e-11,"{'CDR': 0.16699416514607174, 'PKO': 0.13129812975174315, 'PKN': 0.13077264777232378, 'PZU': 0.11921983739004678, 'KGH': 0.07891692820157131, 'PEO': 0.06468104245827594, 'DNP': 0.06079225314871695, 'LPP': 0.058802769468161015, 'CPS': 0.049103619034471385, 'SPL': 0.035840765600524585, 'OPL': 0.03003819764134296, 'PGE': 0.02417217105329077, 'MBK': 0.017301939496093953, 'CCC': 0.009787101866685665, 'TPE': 0.008672679278976378, 'ALR': 0.008642619928458745, 'JSW': 0.004963132763244761}"
442,2020-09-10,113670.46008340937,1.4551915228366852e-11,"{'CDR': 0.16699416514607174, 'PKO': 0.13129812975174315, 'PKN': 0.13077264777232378, 'PZU': 0.11921983739004678, 'KGH': 0.07891692820157131, 'PEO': 0.06468104245827594, 'DNP': 0.06079225314871695, 'LPP': 0.058802769468161015, 'CPS': 0.049103619034471385, 'SPL': 0.035840765600524585, 'OPL': 0.03003819764134296, 'PGE': 0.02417217105329077, 'MBK': 0.017301939496093953, 'CCC': 0.009787101866685665, 'TPE': 0.008672679278976378, 'ALR': 0.008642619928458745, 'JSW': 0.004963132763244761}"
443,2020-09-11,114283.36468469765,1.4551915228366852e-11,"{'CDR': 0.16699416514607174, 'PKO': 0.13129812975174315, 'PKN': 0.13077264777232378, 'PZU': 0.11921983739004678, 'KGH': 0.07891692820157131, 'PEO': 0.06468104245827594, 'DNP': 0.06079225314871695, 'LPP': 0.058802769468161015, 'CPS': 0.049103619034471385, 'SPL': 0.035840765600524585, 'OPL': 0.03003819764134296, 'PGE': 0.02417217105329077, 'MBK': 0.017301939496093953, 'CCC': 0.009787101866685665, 'TPE': 0.008672679278976378, 'ALR': 0.008642619928458745, 'JSW': 0.004963132763244761}"
444,2020-09-14,113388.54555497011,1.4551915228366852e-11,"{'CDR': 0.16699416514607174, 'PKO': 0.13129812975174315, 'PKN': 0.13077264777232378, 'PZU': 0.11921983739004678, 'KGH': 0.07891692820157131, 'PEO': 0.06468104245827594, 'DNP': 0.06079225314871695, 'LPP': 0.058802769468161015, 'CPS': 0.049103619034471385, 'SPL': 0.035840765600524585, 'OPL': 0.03003819764134296, 'PGE': 0.02417217105329077, 'MBK': 0.017301939496093953, 'CCC': 0.009787101866685665, 'TPE': 0.008672679278976378, 'ALR': 0.008642619928458745, 'JSW': 0.004963132763244761}"
445,2020-09-15,112535.82606397454,1.4551915228366852e-11,"{'CDR': 0.16699416514607174, 'PKO': 0.13129812975174315, 'PKN': 0.13077264777232378, 'PZU': 0.11921983739004678, 'KGH': 0.07891692820157131, 'PEO': 0.06468104245827594, 'DNP': 0.06079225314871695, 'LPP': 0.058802769468161015, 'CPS': 0.049103619034471385, 'SPL': 0.035840765600524585, 'OPL': 0.03003819764134296, 'PGE': 0.02417217105329077, 'MBK': 0.017301939496093953, 'CCC': 0.009787101866685665, 'TPE': 0.008672679278976378, 'ALR': 0.008642619928458745, 'JSW': 0.004963132763244761}"
446,2020-09-16,112110.59549211153,1.4551915228366852e-11,"{'CDR': 0.16699416514607174, 'PKO': 0.13129812975174315, 'PKN': 0.13077264777232378, 'PZU': 0.11921983739004678, 'KGH': 0.07891692820157131, 'PEO': 0.06468104245827594, 'DNP': 0.06079225314871695, 'LPP': 0.058802769468161015, 'CPS': 0.049103619034471385, 'SPL': 0.035840765600524585, 'OPL': 0.03003819764134296, 'PGE': 0.02417217105329077, 'MBK': 0.017301939496093953, 'CCC': 0.009787101866685665, 'TPE': 0.008672679278976378, 'ALR': 0.008642619928458745, 'JSW': 0.004963132763244761}"
447,2020-09-17,112815.27216204858,1.4551915228366852e-11,"{'CDR': 0.16699416514607174, 'PKO': 0.13129812975174315, 'PKN': 0.13077264777232378, 'PZU': 0.11921983739004678, 'KGH': 0.07891692820157131, 'PEO': 0.06468104245827594, 'DNP': 0.06079225314871695, 'LPP': 0.058802769468161015, 'CPS': 0.049103619034471385, 'SPL': 0.035840765600524585, 'OPL': 0.03003819764134296, 'PGE': 0.02417217105329077, 'MBK': 0.017301939496093953, 'CCC': 0.009787101866685665, 'TPE': 0.008672679278976378, 'ALR': 0.008642619928458745, 'JSW': 0.004963132763244761}"
448,2020-09-18,111927.66475049763,0.0,"{'CDR': 0.1661157125470249, 'PKO': 0.12020323839203349, 'KGH': 0.11579892777129923, 'PZU': 0.10160590667114074, 'PKN': 0.09719716626854003, 'DNP': 0.07245461965339173, 'LPP': 0.06001025494502087, 'PEO': 0.05940005249291511, 'CPS': 0.05011079991893499, 'PGE': 0.034059485325793844, 'SPL': 0.03281250173038354, 'OPL': 0.030956423128334104, 'TPE': 0.016692525518312167, 'MBK': 0.01586083397288309, 'CCC': 0.0137146046585801, 'ALR': 0.007892763840576581, 'JSW': 0.005114183164835506}"
449,2020-09-21,107517.65764287031,0.0,"{'CDR': 0.1661157125470249, 'PKO': 0.12020323839203349, 'KGH': 0.11579892777129923, 'PZU': 0.10160590667114074, 'PKN': 0.09719716626854003, 'DNP': 0.07245461965339173, 'LPP': 0.06001025494502087, 'PEO': 0.05940005249291511, 'CPS': 0.05011079991893499, 'PGE': 0.034059485325793844, 'SPL': 0.03281250173038354, 'OPL': 0.030956423128334104, 'TPE': 0.016692525518312167, 'MBK': 0.01586083397288309, 'CCC': 0.0137146046585801, 'ALR': 0.007892763840576581, 'JSW': 0.005114183164835506}"
450,2020-09-22,108157.6427264895,0.0,"{'CDR': 0.1661157125470249, 'PKO': 0.12020323839203349, 'KGH': 0.11579892777129923, 'PZU': 0.10160590667114074, 'PKN': 0.09719716626854003, 'DNP': 0.07245461965339173, 'LPP': 0.06001025494502087, 'PEO': 0.05940005249291511, 'CPS': 0.05011079991893499, 'PGE': 0.034059485325793844, 'SPL': 0.03281250173038354, 'OPL': 0.030956423128334104, 'TPE': 0.016692525518312167, 'MBK': 0.01586083397288309, 'CCC': 0.0137146046585801, 'ALR': 0.007892763840576581, 'JSW': 0.005114183164835506}"
451,2020-09-23,107413.62942588975,0.0,"{'CDR': 0.1661157125470249, 'PKO': 0.12020323839203349, 'KGH': 0.11579892777129923, 'PZU': 0.10160590667114074, 'PKN': 0.09719716626854003, 'DNP': 0.07245461965339173, 'LPP': 0.06001025494502087, 'PEO': 0.05940005249291511, 'CPS': 0.05011079991893499, 'PGE': 0.034059485325793844, 'SPL': 0.03281250173038354, 'OPL': 0.030956423128334104, 'TPE': 0.016692525518312167, 'MBK': 0.01586083397288309, 'CCC': 0.0137146046585801, 'ALR': 0.007892763840576581, 'JSW': 0.005114183164835506}"
452,2020-09-24,105950.70599626319,0.0,"{'CDR': 0.1661157125470249, 'PKO': 0.12020323839203349, 'KGH': 0.11579892777129923, 'PZU': 0.10160590667114074, 'PKN': 0.09719716626854003, 'DNP': 0.07245461965339173, 'LPP': 0.06001025494502087, 'PEO': 0.05940005249291511, 'CPS': 0.05011079991893499, 'PGE': 0.034059485325793844, 'SPL': 0.03281250173038354, 'OPL': 0.030956423128334104, 'TPE': 0.016692525518312167, 'MBK': 0.01586083397288309, 'CCC': 0.0137146046585801, 'ALR': 0.007892763840576581, 'JSW': 0.005114183164835506}"
453,2020-09-25,106829.45406885196,0.0,"{'CDR': 0.1661157125470249, 'PKO': 0.12020323839203349, 'KGH': 0.11579892777129923, 'PZU': 0.10160590667114074, 'PKN': 0.09719716626854003, 'DNP': 0.07245461965339173, 'LPP': 0.06001025494502087, 'PEO': 0.05940005249291511, 'CPS': 0.05011079991893499, 'PGE': 0.034059485325793844, 'SPL': 0.03281250173038354, 'OPL': 0.030956423128334104, 'TPE': 0.016692525518312167, 'MBK': 0.01586083397288309, 'CCC': 0.0137146046585801, 'ALR': 0.007892763840576581, 'JSW': 0.005114183164835506}"
454,2020-09-28,111156.1935245377,0.0,"{'CDR': 0.1661157125470249, 'PKO': 0.12020323839203349, 'KGH': 0.11579892777129923, 'PZU': 0.10160590667114074, 'PKN': 0.09719716626854003, 'DNP': 0.07245461965339173, 'LPP': 0.06001025494502087, 'PEO': 0.05940005249291511, 'CPS': 0.05011079991893499, 'PGE': 0.034059485325793844, 'SPL': 0.03281250173038354, 'OPL': 0.030956423128334104, 'TPE': 0.016692525518312167, 'MBK': 0.01586083397288309, 'CCC': 0.0137146046585801, 'ALR': 0.007892763840576581, 'JSW': 0.005114183164835506}"
455,2020-09-29,109722.83068335404,0.0,"{'CDR': 0.1661157125470249, 'PKO': 0.12020323839203349, 'KGH': 0.11579892777129923, 'PZU': 0.10160590667114074, 'PKN': 0.09719716626854003, 'DNP': 0.07245461965339173, 'LPP': 0.06001025494502087, 'PEO': 0.05940005249291511, 'CPS': 0.05011079991893499, 'PGE': 0.034059485325793844, 'SPL': 0.03281250173038354, 'OPL': 0.030956423128334104, 'TPE': 0.016692525518312167, 'MBK': 0.01586083397288309, 'CCC': 0.0137146046585801, 'ALR': 0.007892763840576581, 'JSW': 0.005114183164835506}"
456,2020-09-30,109330.02867366622,0.0,"{'CDR': 0.1661157125470249, 'PKO': 0.12020323839203349, 'KGH': 0.11579892777129923, 'PZU': 0.10160590667114074, 'PKN': 0.09719716626854003, 'DNP': 0.07245461965339173, 'LPP': 0.06001025494502087, 'PEO': 0.05940005249291511, 'CPS': 0.05011079991893499, 'PGE': 0.034059485325793844, 'SPL': 0.03281250173038354, 'OPL': 0.030956423128334104, 'TPE': 0.016692525518312167, 'MBK': 0.01586083397288309, 'CCC': 0.0137146046585801, 'ALR': 0.007892763840576581, 'JSW': 0.005114183164835506}"
457,2020-10-01,108178.91081827707,0.0,"{'CDR': 0.1661157125470249, 'PKO': 0.12020323839203349, 'KGH': 0.11579892777129923, 'PZU': 0.10160590667114074, 'PKN': 0.09719716626854003, 'DNP': 0.07245461965339173, 'LPP': 0.06001025494502087, 'PEO': 0.05940005249291511, 'CPS': 0.05011079991893499, 'PGE': 0.034059485325793844, 'SPL': 0.03281250173038354, 'OPL': 0.030956423128334104, 'TPE': 0.016692525518312167, 'MBK': 0.01586083397288309, 'CCC': 0.0137146046585801, 'ALR': 0.007892763840576581, 'JSW': 0.005114183164835506}"
458,2020-10-02,108530.59888418215,0.0,"{'CDR': 0.1661157125470249, 'PKO': 0.12020323839203349, 'KGH': 0.11579892777129923, 'PZU': 0.10160590667114074, 'PKN': 0.09719716626854003, 'DNP': 0.07245461965339173, 'LPP': 0.06001025494502087, 'PEO': 0.05940005249291511, 'CPS': 0.05011079991893499, 'PGE': 0.034059485325793844, 'SPL': 0.03281250173038354, 'OPL': 0.030956423128334104, 'TPE': 0.016692525518312167, 'MBK': 0.01586083397288309, 'CCC': 0.0137146046585801, 'ALR': 0.007892763840576581, 'JSW': 0.005114183164835506}"
459,2020-10-05,110622.90749519908,0.0,"{'CDR': 0.1661157125470249, 'PKO': 0.12020323839203349, 'KGH': 0.11579892777129923, 'PZU': 0.10160590667114074, 'PKN': 0.09719716626854003, 'DNP': 0.07245461965339173, 'LPP': 0.06001025494502087, 'PEO': 0.05940005249291511, 'CPS': 0.05011079991893499, 'PGE': 0.034059485325793844, 'SPL': 0.03281250173038354, 'OPL': 0.030956423128334104, 'TPE': 0.016692525518312167, 'MBK': 0.01586083397288309, 'CCC': 0.0137146046585801, 'ALR': 0.007892763840576581, 'JSW': 0.005114183164835506}"
460,2020-10-06,110842.05657118521,0.0,"{'CDR': 0.1661157125470249, 'PKO': 0.12020323839203349, 'KGH': 0.11579892777129923, 'PZU': 0.10160590667114074, 'PKN': 0.09719716626854003, 'DNP': 0.07245461965339173, 'LPP': 0.06001025494502087, 'PEO': 0.05940005249291511, 'CPS': 0.05011079991893499, 'PGE': 0.034059485325793844, 'SPL': 0.03281250173038354, 'OPL': 0.030956423128334104, 'TPE': 0.016692525518312167, 'MBK': 0.01586083397288309, 'CCC': 0.0137146046585801, 'ALR': 0.007892763840576581, 'JSW': 0.005114183164835506}"
461,2020-10-07,110796.05952510645,0.0,"{'CDR': 0.1661157125470249, 'PKO': 0.12020323839203349, 'KGH': 0.11579892777129923, 'PZU': 0.10160590667114074, 'PKN': 0.09719716626854003, 'DNP': 0.07245461965339173, 'LPP': 0.06001025494502087, 'PEO': 0.05940005249291511, 'CPS': 0.05011079991893499, 'PGE': 0.034059485325793844, 'SPL': 0.03281250173038354, 'OPL': 0.030956423128334104, 'TPE': 0.016692525518312167, 'MBK': 0.01586083397288309, 'CCC': 0.0137146046585801, 'ALR': 0.007892763840576581, 'JSW': 0.005114183164835506}"
462,2020-10-08,109636.60672124976,0.0,"{'CDR': 0.1661157125470249, 'PKO': 0.12020323839203349, 'KGH': 0.11579892777129923, 'PZU': 0.10160590667114074, 'PKN': 0.09719716626854003, 'DNP': 0.07245461965339173, 'LPP': 0.06001025494502087, 'PEO': 0.05940005249291511, 'CPS': 0.05011079991893499, 'PGE': 0.034059485325793844, 'SPL': 0.03281250173038354, 'OPL': 0.030956423128334104, 'TPE': 0.016692525518312167, 'MBK': 0.01586083397288309, 'CCC': 0.0137146046585801, 'ALR': 0.007892763840576581, 'JSW': 0.005114183164835506}"
463,2020-10-09,108233.12427638112,0.0,"{'CDR': 0.1661157125470249, 'PKO': 0.12020323839203349, 'KGH': 0.11579892777129923, 'PZU': 0.10160590667114074, 'PKN': 0.09719716626854003, 'DNP': 0.07245461965339173, 'LPP': 0.06001025494502087, 'PEO': 0.05940005249291511, 'CPS': 0.05011079991893499, 'PGE': 0.034059485325793844, 'SPL': 0.03281250173038354, 'OPL': 0.030956423128334104, 'TPE': 0.016692525518312167, 'MBK': 0.01586083397288309, 'CCC': 0.0137146046585801, 'ALR': 0.007892763840576581, 'JSW': 0.005114183164835506}"
464,2020-10-12,107378.18995899848,0.0,"{'CDR': 0.1661157125470249, 'PKO': 0.12020323839203349, 'KGH': 0.11579892777129923, 'PZU': 0.10160590667114074, 'PKN': 0.09719716626854003, 'DNP': 0.07245461965339173, 'LPP': 0.06001025494502087, 'PEO': 0.05940005249291511, 'CPS': 0.05011079991893499, 'PGE': 0.034059485325793844, 'SPL': 0.03281250173038354, 'OPL': 0.030956423128334104, 'TPE': 0.016692525518312167, 'MBK': 0.01586083397288309, 'CCC': 0.0137146046585801, 'ALR': 0.007892763840576581, 'JSW': 0.005114183164835506}"
465,2020-10-13,105958.87487723716,0.0,"{'CDR': 0.1661157125470249, 'PKO': 0.12020323839203349, 'KGH': 0.11579892777129923, 'PZU': 0.10160590667114074, 'PKN': 0.09719716626854003, 'DNP': 0.07245461965339173, 'LPP': 0.06001025494502087, 'PEO': 0.05940005249291511, 'CPS': 0.05011079991893499, 'PGE': 0.034059485325793844, 'SPL': 0.03281250173038354, 'OPL': 0.030956423128334104, 'TPE': 0.016692525518312167, 'MBK': 0.01586083397288309, 'CCC': 0.0137146046585801, 'ALR': 0.007892763840576581, 'JSW': 0.005114183164835506}"
466,2020-10-14,106862.42485910702,0.0,"{'CDR': 0.1661157125470249, 'PKO': 0.12020323839203349, 'KGH': 0.11579892777129923, 'PZU': 0.10160590667114074, 'PKN': 0.09719716626854003, 'DNP': 0.07245461965339173, 'LPP': 0.06001025494502087, 'PEO': 0.05940005249291511, 'CPS': 0.05011079991893499, 'PGE': 0.034059485325793844, 'SPL': 0.03281250173038354, 'OPL': 0.030956423128334104, 'TPE': 0.016692525518312167, 'MBK': 0.01586083397288309, 'CCC': 0.0137146046585801, 'ALR': 0.007892763840576581, 'JSW': 0.005114183164835506}"
467,2020-10-15,103031.41913302694,0.0,"{'CDR': 0.1661157125470249, 'PKO': 0.12020323839203349, 'KGH': 0.11579892777129923, 'PZU': 0.10160590667114074, 'PKN': 0.09719716626854003, 'DNP': 0.07245461965339173, 'LPP': 0.06001025494502087, 'PEO': 0.05940005249291511, 'CPS': 0.05011079991893499, 'PGE': 0.034059485325793844, 'SPL': 0.03281250173038354, 'OPL': 0.030956423128334104, 'TPE': 0.016692525518312167, 'MBK': 0.01586083397288309, 'CCC': 0.0137146046585801, 'ALR': 0.007892763840576581, 'JSW': 0.005114183164835506}"
468,2020-10-16,104599.86730735762,0.0,"{'CDR': 0.1661157125470249, 'PKO': 0.12020323839203349, 'KGH': 0.11579892777129923, 'PZU': 0.10160590667114074, 'PKN': 0.09719716626854003, 'DNP': 0.07245461965339173, 'LPP': 0.06001025494502087, 'PEO': 0.05940005249291511, 'CPS': 0.05011079991893499, 'PGE': 0.034059485325793844, 'SPL': 0.03281250173038354, 'OPL': 0.030956423128334104, 'TPE': 0.016692525518312167, 'MBK': 0.01586083397288309, 'CCC': 0.0137146046585801, 'ALR': 0.007892763840576581, 'JSW': 0.005114183164835506}"
469,2020-10-19,103795.08433455958,0.0,"{'CDR': 0.1661157125470249, 'PKO': 0.12020323839203349, 'KGH': 0.11579892777129923, 'PZU': 0.10160590667114074, 'PKN': 0.09719716626854003, 'DNP': 0.07245461965339173, 'LPP': 0.06001025494502087, 'PEO': 0.05940005249291511, 'CPS': 0.05011079991893499, 'PGE': 0.034059485325793844, 'SPL': 0.03281250173038354, 'OPL': 0.030956423128334104, 'TPE': 0.016692525518312167, 'MBK': 0.01586083397288309, 'CCC': 0.0137146046585801, 'ALR': 0.007892763840576581, 'JSW': 0.005114183164835506}"
470,2020-10-20,103691.68786822305,0.0,"{'CDR': 0.1661157125470249, 'PKO': 0.12020323839203349, 'KGH': 0.11579892777129923, 'PZU': 0.10160590667114074, 'PKN': 0.09719716626854003, 'DNP': 0.07245461965339173, 'LPP': 0.06001025494502087, 'PEO': 0.05940005249291511, 'CPS': 0.05011079991893499, 'PGE': 0.034059485325793844, 'SPL': 0.03281250173038354, 'OPL': 0.030956423128334104, 'TPE': 0.016692525518312167, 'MBK': 0.01586083397288309, 'CCC': 0.0137146046585801, 'ALR': 0.007892763840576581, 'JSW': 0.005114183164835506}"
471,2020-10-21,102836.96028595693,0.0,"{'CDR': 0.1661157125470249, 'PKO': 0.12020323839203349, 'KGH': 0.11579892777129923, 'PZU': 0.10160590667114074, 'PKN': 0.09719716626854003, 'DNP': 0.07245461965339173, 'LPP': 0.06001025494502087, 'PEO': 0.05940005249291511, 'CPS': 0.05011079991893499, 'PGE': 0.034059485325793844, 'SPL': 0.03281250173038354, 'OPL': 0.030956423128334104, 'TPE': 0.016692525518312167, 'MBK': 0.01586083397288309, 'CCC': 0.0137146046585801, 'ALR': 0.007892763840576581, 'JSW': 0.005114183164835506}"
472,2020-10-22,102753.67219508116,0.0,"{'CDR': 0.1661157125470249, 'PKO': 0.12020323839203349, 'KGH': 0.11579892777129923, 'PZU': 0.10160590667114074, 'PKN': 0.09719716626854003, 'DNP': 0.07245461965339173, 'LPP': 0.06001025494502087, 'PEO': 0.05940005249291511, 'CPS': 0.05011079991893499, 'PGE': 0.034059485325793844, 'SPL': 0.03281250173038354, 'OPL': 0.030956423128334104, 'TPE': 0.016692525518312167, 'MBK': 0.01586083397288309, 'CCC': 0.0137146046585801, 'ALR': 0.007892763840576581, 'JSW': 0.005114183164835506}"
473,2020-10-23,102540.78565365224,0.0,"{'CDR': 0.1661157125470249, 'PKO': 0.12020323839203349, 'KGH': 0.11579892777129923, 'PZU': 0.10160590667114074, 'PKN': 0.09719716626854003, 'DNP': 0.07245461965339173, 'LPP': 0.06001025494502087, 'PEO': 0.05940005249291511, 'CPS': 0.05011079991893499, 'PGE': 0.034059485325793844, 'SPL': 0.03281250173038354, 'OPL': 0.030956423128334104, 'TPE': 0.016692525518312167, 'MBK': 0.01586083397288309, 'CCC': 0.0137146046585801, 'ALR': 0.007892763840576581, 'JSW': 0.005114183164835506}"
474,2020-10-26,101063.51812901553,0.0,"{'CDR': 0.1661157125470249, 'PKO': 0.12020323839203349, 'KGH': 0.11579892777129923, 'PZU': 0.10160590667114074, 'PKN': 0.09719716626854003, 'DNP': 0.07245461965339173, 'LPP': 0.06001025494502087, 'PEO': 0.05940005249291511, 'CPS': 0.05011079991893499, 'PGE': 0.034059485325793844, 'SPL': 0.03281250173038354, 'OPL': 0.030956423128334104, 'TPE': 0.016692525518312167, 'MBK': 0.01586083397288309, 'CCC': 0.0137146046585801, 'ALR': 0.007892763840576581, 'JSW': 0.005114183164835506}"
475,2020-10-27,100072.52182968278,0.0,"{'CDR': 0.1661157125470249, 'PKO': 0.12020323839203349, 'KGH': 0.11579892777129923, 'PZU': 0.10160590667114074, 'PKN': 0.09719716626854003, 'DNP': 0.07245461965339173, 'LPP': 0.06001025494502087, 'PEO': 0.05940005249291511, 'CPS': 0.05011079991893499, 'PGE': 0.034059485325793844, 'SPL': 0.03281250173038354, 'OPL': 0.030956423128334104, 'TPE': 0.016692525518312167, 'MBK': 0.01586083397288309, 'CCC': 0.0137146046585801, 'ALR': 0.007892763840576581, 'JSW': 0.005114183164835506}"
476,2020-10-28,95436.2432064742,0.0,"{'CDR': 0.1661157125470249, 'PKO': 0.12020323839203349, 'KGH': 0.11579892777129923, 'PZU': 0.10160590667114074, 'PKN': 0.09719716626854003, 'DNP': 0.07245461965339173, 'LPP': 0.06001025494502087, 'PEO': 0.05940005249291511, 'CPS': 0.05011079991893499, 'PGE': 0.034059485325793844, 'SPL': 0.03281250173038354, 'OPL': 0.030956423128334104, 'TPE': 0.016692525518312167, 'MBK': 0.01586083397288309, 'CCC': 0.0137146046585801, 'ALR': 0.007892763840576581, 'JSW': 0.005114183164835506}"
477,2020-10-29,95356.25760940198,0.0,"{'CDR': 0.1661157125470249, 'PKO': 0.12020323839203349, 'KGH': 0.11579892777129923, 'PZU': 0.10160590667114074, 'PKN': 0.09719716626854003, 'DNP': 0.07245461965339173, 'LPP': 0.06001025494502087, 'PEO': 0.05940005249291511, 'CPS': 0.05011079991893499, 'PGE': 0.034059485325793844, 'SPL': 0.03281250173038354, 'OPL': 0.030956423128334104, 'TPE': 0.016692525518312167, 'MBK': 0.01586083397288309, 'CCC': 0.0137146046585801, 'ALR': 0.007892763840576581, 'JSW': 0.005114183164835506}"
478,2020-10-30,94284.1411962244,0.0,"{'CDR': 0.1661157125470249, 'PKO': 0.12020323839203349, 'KGH': 0.11579892777129923, 'PZU': 0.10160590667114074, 'PKN': 0.09719716626854003, 'DNP': 0.07245461965339173, 'LPP': 0.06001025494502087, 'PEO': 0.05940005249291511, 'CPS': 0.05011079991893499, 'PGE': 0.034059485325793844, 'SPL': 0.03281250173038354, 'OPL': 0.030956423128334104, 'TPE': 0.016692525518312167, 'MBK': 0.01586083397288309, 'CCC': 0.0137146046585801, 'ALR': 0.007892763840576581, 'JSW': 0.005114183164835506}"
479,2020-11-02,96686.50679671437,0.0,"{'CDR': 0.1661157125470249, 'PKO': 0.12020323839203349, 'KGH': 0.11579892777129923, 'PZU': 0.10160590667114074, 'PKN': 0.09719716626854003, 'DNP': 0.07245461965339173, 'LPP': 0.06001025494502087, 'PEO': 0.05940005249291511, 'CPS': 0.05011079991893499, 'PGE': 0.034059485325793844, 'SPL': 0.03281250173038354, 'OPL': 0.030956423128334104, 'TPE': 0.016692525518312167, 'MBK': 0.01586083397288309, 'CCC': 0.0137146046585801, 'ALR': 0.007892763840576581, 'JSW': 0.005114183164835506}"
480,2020-11-03,102884.13224907216,0.0,"{'CDR': 0.1661157125470249, 'PKO': 0.12020323839203349, 'KGH': 0.11579892777129923, 'PZU': 0.10160590667114074, 'PKN': 0.09719716626854003, 'DNP': 0.07245461965339173, 'LPP': 0.06001025494502087, 'PEO': 0.05940005249291511, 'CPS': 0.05011079991893499, 'PGE': 0.034059485325793844, 'SPL': 0.03281250173038354, 'OPL': 0.030956423128334104, 'TPE': 0.016692525518312167, 'MBK': 0.01586083397288309, 'CCC': 0.0137146046585801, 'ALR': 0.007892763840576581, 'JSW': 0.005114183164835506}"
481,2020-11-04,102584.92863569914,0.0,"{'CDR': 0.1661157125470249, 'PKO': 0.12020323839203349, 'KGH': 0.11579892777129923, 'PZU': 0.10160590667114074, 'PKN': 0.09719716626854003, 'DNP': 0.07245461965339173, 'LPP': 0.06001025494502087, 'PEO': 0.05940005249291511, 'CPS': 0.05011079991893499, 'PGE': 0.034059485325793844, 'SPL': 0.03281250173038354, 'OPL': 0.030956423128334104, 'TPE': 0.016692525518312167, 'MBK': 0.01586083397288309, 'CCC': 0.0137146046585801, 'ALR': 0.007892763840576581, 'JSW': 0.005114183164835506}"
482,2020-11-05,104664.70868024377,0.0,"{'CDR': 0.1661157125470249, 'PKO': 0.12020323839203349, 'KGH': 0.11579892777129923, 'PZU': 0.10160590667114074, 'PKN': 0.09719716626854003, 'DNP': 0.07245461965339173, 'LPP': 0.06001025494502087, 'PEO': 0.05940005249291511, 'CPS': 0.05011079991893499, 'PGE': 0.034059485325793844, 'SPL': 0.03281250173038354, 'OPL': 0.030956423128334104, 'TPE': 0.016692525518312167, 'MBK': 0.01586083397288309, 'CCC': 0.0137146046585801, 'ALR': 0.007892763840576581, 'JSW': 0.005114183164835506}"
483,2020-11-06,105959.49852097445,0.0,"{'CDR': 0.1661157125470249, 'PKO': 0.12020323839203349, 'KGH': 0.11579892777129923, 'PZU': 0.10160590667114074, 'PKN': 0.09719716626854003, 'DNP': 0.07245461965339173, 'LPP': 0.06001025494502087, 'PEO': 0.05940005249291511, 'CPS': 0.05011079991893499, 'PGE': 0.034059485325793844, 'SPL': 0.03281250173038354, 'OPL': 0.030956423128334104, 'TPE': 0.016692525518312167, 'MBK': 0.01586083397288309, 'CCC': 0.0137146046585801, 'ALR': 0.007892763840576581, 'JSW': 0.005114183164835506}"
484,2020-11-09,111450.5331169892,0.0,"{'CDR': 0.1661157125470249, 'PKO': 0.12020323839203349, 'KGH': 0.11579892777129923, 'PZU': 0.10160590667114074, 'PKN': 0.09719716626854003, 'DNP': 0.07245461965339173, 'LPP': 0.06001025494502087, 'PEO': 0.05940005249291511, 'CPS': 0.05011079991893499, 'PGE': 0.034059485325793844, 'SPL': 0.03281250173038354, 'OPL': 0.030956423128334104, 'TPE': 0.016692525518312167, 'MBK': 0.01586083397288309, 'CCC': 0.0137146046585801, 'ALR': 0.007892763840576581, 'JSW': 0.005114183164835506}"
485,2020-11-10,114191.6460340998,0.0,"{'CDR': 0.1661157125470249, 'PKO': 0.12020323839203349, 'KGH': 0.11579892777129923, 'PZU': 0.10160590667114074, 'PKN': 0.09719716626854003, 'DNP': 0.07245461965339173, 'LPP': 0.06001025494502087, 'PEO': 0.05940005249291511, 'CPS': 0.05011079991893499, 'PGE': 0.034059485325793844, 'SPL': 0.03281250173038354, 'OPL': 0.030956423128334104, 'TPE': 0.016692525518312167, 'MBK': 0.01586083397288309, 'CCC': 0.0137146046585801, 'ALR': 0.007892763840576581, 'JSW': 0.005114183164835506}"
486,2020-11-11,114191.6460340998,0.0,"{'CDR': 0.1661157125470249, 'PKO': 0.12020323839203349, 'KGH': 0.11579892777129923, 'PZU': 0.10160590667114074, 'PKN': 0.09719716626854003, 'DNP': 0.07245461965339173, 'LPP': 0.06001025494502087, 'PEO': 0.05940005249291511, 'CPS': 0.05011079991893499, 'PGE': 0.034059485325793844, 'SPL': 0.03281250173038354, 'OPL': 0.030956423128334104, 'TPE': 0.016692525518312167, 'MBK': 0.01586083397288309, 'CCC': 0.0137146046585801, 'ALR': 0.007892763840576581, 'JSW': 0.005114183164835506}"
487,2020-11-12,114456.39658052995,0.0,"{'CDR': 0.1661157125470249, 'PKO': 0.12020323839203349, 'KGH': 0.11579892777129923, 'PZU': 0.10160590667114074, 'PKN': 0.09719716626854003, 'DNP': 0.07245461965339173, 'LPP': 0.06001025494502087, 'PEO': 0.05940005249291511, 'CPS': 0.05011079991893499, 'PGE': 0.034059485325793844, 'SPL': 0.03281250173038354, 'OPL': 0.030956423128334104, 'TPE': 0.016692525518312167, 'MBK': 0.01586083397288309, 'CCC': 0.0137146046585801, 'ALR': 0.007892763840576581, 'JSW': 0.005114183164835506}"
488,2020-11-13,113489.41589298869,0.0,"{'CDR': 0.1661157125470249, 'PKO': 0.12020323839203349, 'KGH': 0.11579892777129923, 'PZU': 0.10160590667114074, 'PKN': 0.09719716626854003, 'DNP': 0.07245461965339173, 'LPP': 0.06001025494502087, 'PEO': 0.05940005249291511, 'CPS': 0.05011079991893499, 'PGE': 0.034059485325793844, 'SPL': 0.03281250173038354, 'OPL': 0.030956423128334104, 'TPE': 0.016692525518312167, 'MBK': 0.01586083397288309, 'CCC': 0.0137146046585801, 'ALR': 0.007892763840576581, 'JSW': 0.005114183164835506}"
489,2020-11-16,118018.59910671168,0.0,"{'CDR': 0.1661157125470249, 'PKO': 0.12020323839203349, 'KGH': 0.11579892777129923, 'PZU': 0.10160590667114074, 'PKN': 0.09719716626854003, 'DNP': 0.07245461965339173, 'LPP': 0.06001025494502087, 'PEO': 0.05940005249291511, 'CPS': 0.05011079991893499, 'PGE': 0.034059485325793844, 'SPL': 0.03281250173038354, 'OPL': 0.030956423128334104, 'TPE': 0.016692525518312167, 'MBK': 0.01586083397288309, 'CCC': 0.0137146046585801, 'ALR': 0.007892763840576581, 'JSW': 0.005114183164835506}"
490,2020-11-17,118180.03105635442,0.0,"{'CDR': 0.1661157125470249, 'PKO': 0.12020323839203349, 'KGH': 0.11579892777129923, 'PZU': 0.10160590667114074, 'PKN': 0.09719716626854003, 'DNP': 0.07245461965339173, 'LPP': 0.06001025494502087, 'PEO': 0.05940005249291511, 'CPS': 0.05011079991893499, 'PGE': 0.034059485325793844, 'SPL': 0.03281250173038354, 'OPL': 0.030956423128334104, 'TPE': 0.016692525518312167, 'MBK': 0.01586083397288309, 'CCC': 0.0137146046585801, 'ALR': 0.007892763840576581, 'JSW': 0.005114183164835506}"
491,2020-11-18,119408.08029208567,0.0,"{'CDR': 0.1661157125470249, 'PKO': 0.12020323839203349, 'KGH': 0.11579892777129923, 'PZU': 0.10160590667114074, 'PKN': 0.09719716626854003, 'DNP': 0.07245461965339173, 'LPP': 0.06001025494502087, 'PEO': 0.05940005249291511, 'CPS': 0.05011079991893499, 'PGE': 0.034059485325793844, 'SPL': 0.03281250173038354, 'OPL': 0.030956423128334104, 'TPE': 0.016692525518312167, 'MBK': 0.01586083397288309, 'CCC': 0.0137146046585801, 'ALR': 0.007892763840576581, 'JSW': 0.005114183164835506}"
492,2020-11-19,117157.59425087771,0.0,"{'CDR': 0.1661157125470249, 'PKO': 0.12020323839203349, 'KGH': 0.11579892777129923, 'PZU': 0.10160590667114074, 'PKN': 0.09719716626854003, 'DNP': 0.07245461965339173, 'LPP': 0.06001025494502087, 'PEO': 0.05940005249291511, 'CPS': 0.05011079991893499, 'PGE': 0.034059485325793844, 'SPL': 0.03281250173038354, 'OPL': 0.030956423128334104, 'TPE': 0.016692525518312167, 'MBK': 0.01586083397288309, 'CCC': 0.0137146046585801, 'ALR': 0.007892763840576581, 'JSW': 0.005114183164835506}"
493,2020-11-20,118390.1838447425,0.0,"{'CDR': 0.1661157125470249, 'PKO': 0.12020323839203349, 'KGH': 0.11579892777129923, 'PZU': 0.10160590667114074, 'PKN': 0.09719716626854003, 'DNP': 0.07245461965339173, 'LPP': 0.06001025494502087, 'PEO': 0.05940005249291511, 'CPS': 0.05011079991893499, 'PGE': 0.034059485325793844, 'SPL': 0.03281250173038354, 'OPL': 0.030956423128334104, 'TPE': 0.016692525518312167, 'MBK': 0.01586083397288309, 'CCC': 0.0137146046585801, 'ALR': 0.007892763840576581, 'JSW': 0.005114183164835506}"
494,2020-11-23,119527.12476996452,0.0,"{'CDR': 0.1661157125470249, 'PKO': 0.12020323839203349, 'KGH': 0.11579892777129923, 'PZU': 0.10160590667114074, 'PKN': 0.09719716626854003, 'DNP': 0.07245461965339173, 'LPP': 0.06001025494502087, 'PEO': 0.05940005249291511, 'CPS': 0.05011079991893499, 'PGE': 0.034059485325793844, 'SPL': 0.03281250173038354, 'OPL': 0.030956423128334104, 'TPE': 0.016692525518312167, 'MBK': 0.01586083397288309, 'CCC': 0.0137146046585801, 'ALR': 0.007892763840576581, 'JSW': 0.005114183164835506}"
495,2020-11-24,121300.3225912083,0.0,"{'CDR': 0.1661157125470249, 'PKO': 0.12020323839203349, 'KGH': 0.11579892777129923, 'PZU': 0.10160590667114074, 'PKN': 0.09719716626854003, 'DNP': 0.07245461965339173, 'LPP': 0.06001025494502087, 'PEO': 0.05940005249291511, 'CPS': 0.05011079991893499, 'PGE': 0.034059485325793844, 'SPL': 0.03281250173038354, 'OPL': 0.030956423128334104, 'TPE': 0.016692525518312167, 'MBK': 0.01586083397288309, 'CCC': 0.0137146046585801, 'ALR': 0.007892763840576581, 'JSW': 0.005114183164835506}"
496,2020-11-25,120940.28390742464,0.0,"{'CDR': 0.1661157125470249, 'PKO': 0.12020323839203349, 'KGH': 0.11579892777129923, 'PZU': 0.10160590667114074, 'PKN': 0.09719716626854003, 'DNP': 0.07245461965339173, 'LPP': 0.06001025494502087, 'PEO': 0.05940005249291511, 'CPS': 0.05011079991893499, 'PGE': 0.034059485325793844, 'SPL': 0.03281250173038354, 'OPL': 0.030956423128334104, 'TPE': 0.016692525518312167, 'MBK': 0.01586083397288309, 'CCC': 0.0137146046585801, 'ALR': 0.007892763840576581, 'JSW': 0.005114183164835506}"
497,2020-11-26,121126.85403219366,0.0,"{'CDR': 0.1661157125470249, 'PKO': 0.12020323839203349, 'KGH': 0.11579892777129923, 'PZU': 0.10160590667114074, 'PKN': 0.09719716626854003, 'DNP': 0.07245461965339173, 'LPP': 0.06001025494502087, 'PEO': 0.05940005249291511, 'CPS': 0.05011079991893499, 'PGE': 0.034059485325793844, 'SPL': 0.03281250173038354, 'OPL': 0.030956423128334104, 'TPE': 0.016692525518312167, 'MBK': 0.01586083397288309, 'CCC': 0.0137146046585801, 'ALR': 0.007892763840576581, 'JSW': 0.005114183164835506}"
498,2020-11-27,121212.33836002585,0.0,"{'CDR': 0.1661157125470249, 'PKO': 0.12020323839203349, 'KGH': 0.11579892777129923, 'PZU': 0.10160590667114074, 'PKN': 0.09719716626854003, 'DNP': 0.07245461965339173, 'LPP': 0.06001025494502087, 'PEO': 0.05940005249291511, 'CPS': 0.05011079991893499, 'PGE': 0.034059485325793844, 'SPL': 0.03281250173038354, 'OPL': 0.030956423128334104, 'TPE': 0.016692525518312167, 'MBK': 0.01586083397288309, 'CCC': 0.0137146046585801, 'ALR': 0.007892763840576581, 'JSW': 0.005114183164835506}"
499,2020-11-30,119135.46269048536,0.0,"{'CDR': 0.1661157125470249, 'PKO': 0.12020323839203349, 'KGH': 0.11579892777129923, 'PZU': 0.10160590667114074, 'PKN': 0.09719716626854003, 'DNP': 0.07245461965339173, 'LPP': 0.06001025494502087, 'PEO': 0.05940005249291511, 'CPS': 0.05011079991893499, 'PGE': 0.034059485325793844, 'SPL': 0.03281250173038354, 'OPL': 0.030956423128334104, 'TPE': 0.016692525518312167, 'MBK': 0.01586083397288309, 'CCC': 0.0137146046585801, 'ALR': 0.007892763840576581, 'JSW': 0.005114183164835506}"
500,2020-12-01,121409.13517399227,0.0,"{'CDR': 0.1661157125470249, 'PKO': 0.12020323839203349, 'KGH': 0.11579892777129923, 'PZU': 0.10160590667114074, 'PKN': 0.09719716626854003, 'DNP': 0.07245461965339173, 'LPP': 0.06001025494502087, 'PEO': 0.05940005249291511, 'CPS': 0.05011079991893499, 'PGE': 0.034059485325793844, 'SPL': 0.03281250173038354, 'OPL': 0.030956423128334104, 'TPE': 0.016692525518312167, 'MBK': 0.01586083397288309, 'CCC': 0.0137146046585801, 'ALR': 0.007892763840576581, 'JSW': 0.005114183164835506}"
501,2020-12-02,124484.35474333947,0.0,"{'CDR': 0.1661157125470249, 'PKO': 0.12020323839203349, 'KGH': 0.11579892777129923, 'PZU': 0.10160590667114074, 'PKN': 0.09719716626854003, 'DNP': 0.07245461965339173, 'LPP': 0.06001025494502087, 'PEO': 0.05940005249291511, 'CPS': 0.05011079991893499, 'PGE': 0.034059485325793844, 'SPL': 0.03281250173038354, 'OPL': 0.030956423128334104, 'TPE': 0.016692525518312167, 'MBK': 0.01586083397288309, 'CCC': 0.0137146046585801, 'ALR': 0.007892763840576581, 'JSW': 0.005114183164835506}"
502,2020-12-03,124066.27089369563,0.0,"{'CDR': 0.1661157125470249, 'PKO': 0.12020323839203349, 'KGH': 0.11579892777129923, 'PZU': 0.10160590667114074, 'PKN': 0.09719716626854003, 'DNP': 0.07245461965339173, 'LPP': 0.06001025494502087, 'PEO': 0.05940005249291511, 'CPS': 0.05011079991893499, 'PGE': 0.034059485325793844, 'SPL': 0.03281250173038354, 'OPL': 0.030956423128334104, 'TPE': 0.016692525518312167, 'MBK': 0.01586083397288309, 'CCC': 0.0137146046585801, 'ALR': 0.007892763840576581, 'JSW': 0.005114183164835506}"
503,2020-12-04,128303.45807659082,0.0,"{'CDR': 0.1661157125470249, 'PKO': 0.12020323839203349, 'KGH': 0.11579892777129923, 'PZU': 0.10160590667114074, 'PKN': 0.09719716626854003, 'DNP': 0.07245461965339173, 'LPP': 0.06001025494502087, 'PEO': 0.05940005249291511, 'CPS': 0.05011079991893499, 'PGE': 0.034059485325793844, 'SPL': 0.03281250173038354, 'OPL': 0.030956423128334104, 'TPE': 0.016692525518312167, 'MBK': 0.01586083397288309, 'CCC': 0.0137146046585801, 'ALR': 0.007892763840576581, 'JSW': 0.005114183164835506}"
504,2020-12-07,129261.13288982665,0.0,"{'CDR': 0.1661157125470249, 'PKO': 0.12020323839203349, 'KGH': 0.11579892777129923, 'PZU': 0.10160590667114074, 'PKN': 0.09719716626854003, 'DNP': 0.07245461965339173, 'LPP': 0.06001025494502087, 'PEO': 0.05940005249291511, 'CPS': 0.05011079991893499, 'PGE': 0.034059485325793844, 'SPL': 0.03281250173038354, 'OPL': 0.030956423128334104, 'TPE': 0.016692525518312167, 'MBK': 0.01586083397288309, 'CCC': 0.0137146046585801, 'ALR': 0.007892763840576581, 'JSW': 0.005114183164835506}"
505,2020-12-08,129184.531729024,0.0,"{'CDR': 0.1661157125470249, 'PKO': 0.12020323839203349, 'KGH': 0.11579892777129923, 'PZU': 0.10160590667114074, 'PKN': 0.09719716626854003, 'DNP': 0.07245461965339173, 'LPP': 0.06001025494502087, 'PEO': 0.05940005249291511, 'CPS': 0.05011079991893499, 'PGE': 0.034059485325793844, 'SPL': 0.03281250173038354, 'OPL': 0.030956423128334104, 'TPE': 0.016692525518312167, 'MBK': 0.01586083397288309, 'CCC': 0.0137146046585801, 'ALR': 0.007892763840576581, 'JSW': 0.005114183164835506}"
506,2020-12-09,131654.32033845354,0.0,"{'CDR': 0.1661157125470249, 'PKO': 0.12020323839203349, 'KGH': 0.11579892777129923, 'PZU': 0.10160590667114074, 'PKN': 0.09719716626854003, 'DNP': 0.07245461965339173, 'LPP': 0.06001025494502087, 'PEO': 0.05940005249291511, 'CPS': 0.05011079991893499, 'PGE': 0.034059485325793844, 'SPL': 0.03281250173038354, 'OPL': 0.030956423128334104, 'TPE': 0.016692525518312167, 'MBK': 0.01586083397288309, 'CCC': 0.0137146046585801, 'ALR': 0.007892763840576581, 'JSW': 0.005114183164835506}"
507,2020-12-10,129811.29624900293,0.0,"{'CDR': 0.1661157125470249, 'PKO': 0.12020323839203349, 'KGH': 0.11579892777129923, 'PZU': 0.10160590667114074, 'PKN': 0.09719716626854003, 'DNP': 0.07245461965339173, 'LPP': 0.06001025494502087, 'PEO': 0.05940005249291511, 'CPS': 0.05011079991893499, 'PGE': 0.034059485325793844, 'SPL': 0.03281250173038354, 'OPL': 0.030956423128334104, 'TPE': 0.016692525518312167, 'MBK': 0.01586083397288309, 'CCC': 0.0137146046585801, 'ALR': 0.007892763840576581, 'JSW': 0.005114183164835506}"
508,2020-12-11,126871.13560380563,0.0,"{'CDR': 0.1661157125470249, 'PKO': 0.12020323839203349, 'KGH': 0.11579892777129923, 'PZU': 0.10160590667114074, 'PKN': 0.09719716626854003, 'DNP': 0.07245461965339173, 'LPP': 0.06001025494502087, 'PEO': 0.05940005249291511, 'CPS': 0.05011079991893499, 'PGE': 0.034059485325793844, 'SPL': 0.03281250173038354, 'OPL': 0.030956423128334104, 'TPE': 0.016692525518312167, 'MBK': 0.01586083397288309, 'CCC': 0.0137146046585801, 'ALR': 0.007892763840576581, 'JSW': 0.005114183164835506}"
509,2020-12-14,125465.3163043739,0.0,"{'CDR': 0.1661157125470249, 'PKO': 0.12020323839203349, 'KGH': 0.11579892777129923, 'PZU': 0.10160590667114074, 'PKN': 0.09719716626854003, 'DNP': 0.07245461965339173, 'LPP': 0.06001025494502087, 'PEO': 0.05940005249291511, 'CPS': 0.05011079991893499, 'PGE': 0.034059485325793844, 'SPL': 0.03281250173038354, 'OPL': 0.030956423128334104, 'TPE': 0.016692525518312167, 'MBK': 0.01586083397288309, 'CCC': 0.0137146046585801, 'ALR': 0.007892763840576581, 'JSW': 0.005114183164835506}"
510,2020-12-15,126315.06703336338,0.0,"{'CDR': 0.1661157125470249, 'PKO': 0.12020323839203349, 'KGH': 0.11579892777129923, 'PZU': 0.10160590667114074, 'PKN': 0.09719716626854003, 'DNP': 0.07245461965339173, 'LPP': 0.06001025494502087, 'PEO': 0.05940005249291511, 'CPS': 0.05011079991893499, 'PGE': 0.034059485325793844, 'SPL': 0.03281250173038354, 'OPL': 0.030956423128334104, 'TPE': 0.016692525518312167, 'MBK': 0.01586083397288309, 'CCC': 0.0137146046585801, 'ALR': 0.007892763840576581, 'JSW': 0.005114183164835506}"
511,2020-12-16,128640.32658457736,0.0,"{'CDR': 0.1661157125470249, 'PKO': 0.12020323839203349, 'KGH': 0.11579892777129923, 'PZU': 0.10160590667114074, 'PKN': 0.09719716626854003, 'DNP': 0.07245461965339173, 'LPP': 0.06001025494502087, 'PEO': 0.05940005249291511, 'CPS': 0.05011079991893499, 'PGE': 0.034059485325793844, 'SPL': 0.03281250173038354, 'OPL': 0.030956423128334104, 'TPE': 0.016692525518312167, 'MBK': 0.01586083397288309, 'CCC': 0.0137146046585801, 'ALR': 0.007892763840576581, 'JSW': 0.005114183164835506}"
512,2020-12-17,127741.67750854783,0.0,"{'CDR': 0.1661157125470249, 'PKO': 0.12020323839203349, 'KGH': 0.11579892777129923, 'PZU': 0.10160590667114074, 'PKN': 0.09719716626854003, 'DNP': 0.07245461965339173, 'LPP': 0.06001025494502087, 'PEO': 0.05940005249291511, 'CPS': 0.05011079991893499, 'PGE': 0.034059485325793844, 'SPL': 0.03281250173038354, 'OPL': 0.030956423128334104, 'TPE': 0.016692525518312167, 'MBK': 0.01586083397288309, 'CCC': 0.0137146046585801, 'ALR': 0.007892763840576581, 'JSW': 0.005114183164835506}"
513,2020-12-18,125918.21576920425,2.9103830456733704e-11,"{'CDR': 0.1354010349083272, 'ALE': 0.1308811103320569, 'PKO': 0.1242862929109943, 'KGH': 0.10499782675596533, 'PZU': 0.08144007292793608, 'PKN': 0.07812891620161361, 'DNP': 0.07039830116826408, 'PEO': 0.054305719914846916, 'LPP': 0.04100504340671602, 'CPS': 0.03958582516119549, 'SPL': 0.03206143036471371, 'PGE': 0.02610748198745547, 'OPL': 0.022361676454196375, 'ACP': 0.020822956225260186, 'TPE': 0.012153245959405284, 'CCC': 0.011986154690558604, 'ALR': 0.00816314876093364, 'JSW': 0.005913761869560942}"
514,2020-12-21,121876.08573047801,2.9103830456733704e-11,"{'CDR': 0.1354010349083272, 'ALE': 0.1308811103320569, 'PKO': 0.1242862929109943, 'KGH': 0.10499782675596533, 'PZU': 0.08144007292793608, 'PKN': 0.07812891620161361, 'DNP': 0.07039830116826408, 'PEO': 0.054305719914846916, 'LPP': 0.04100504340671602, 'CPS': 0.03958582516119549, 'SPL': 0.03206143036471371, 'PGE': 0.02610748198745547, 'OPL': 0.022361676454196375, 'ACP': 0.020822956225260186, 'TPE': 0.012153245959405284, 'CCC': 0.011986154690558604, 'ALR': 0.00816314876093364, 'JSW': 0.005913761869560942}"
515,2020-12-22,124501.55849204077,2.9103830456733704e-11,"{'CDR': 0.1354010349083272, 'ALE': 0.1308811103320569, 'PKO': 0.1242862929109943, 'KGH': 0.10499782675596533, 'PZU': 0.08144007292793608, 'PKN': 0.07812891620161361, 'DNP': 0.07039830116826408, 'PEO': 0.054305719914846916, 'LPP': 0.04100504340671602, 'CPS': 0.03958582516119549, 'SPL': 0.03206143036471371, 'PGE': 0.02610748198745547, 'OPL': 0.022361676454196375, 'ACP': 0.020822956225260186, 'TPE': 0.012153245959405284, 'CCC': 0.011986154690558604, 'ALR': 0.00816314876093364, 'JSW': 0.005913761869560942}"
516,2020-12-23,126232.76455630598,2.9103830456733704e-11,"{'CDR': 0.1354010349083272, 'ALE': 0.1308811103320569, 'PKO': 0.1242862929109943, 'KGH': 0.10499782675596533, 'PZU': 0.08144007292793608, 'PKN': 0.07812891620161361, 'DNP': 0.07039830116826408, 'PEO': 0.054305719914846916, 'LPP': 0.04100504340671602, 'CPS': 0.03958582516119549, 'SPL': 0.03206143036471371, 'PGE': 0.02610748198745547, 'OPL': 0.022361676454196375, 'ACP': 0.020822956225260186, 'TPE': 0.012153245959405284, 'CCC': 0.011986154690558604, 'ALR': 0.00816314876093364, 'JSW': 0.005913761869560942}"
517,2020-12-24,126232.76455630598,2.9103830456733704e-11,"{'CDR': 0.1354010349083272, 'ALE': 0.1308811103320569, 'PKO': 0.1242862929109943, 'KGH': 0.10499782675596533, 'PZU': 0.08144007292793608, 'PKN': 0.07812891620161361, 'DNP': 0.07039830116826408, 'PEO': 0.054305719914846916, 'LPP': 0.04100504340671602, 'CPS': 0.03958582516119549, 'SPL': 0.03206143036471371, 'PGE': 0.02610748198745547, 'OPL': 0.022361676454196375, 'ACP': 0.020822956225260186, 'TPE': 0.012153245959405284, 'CCC': 0.011986154690558604, 'ALR': 0.00816314876093364, 'JSW': 0.005913761869560942}"
518,2020-12-25,126232.76455630598,2.9103830456733704e-11,"{'CDR': 0.1354010349083272, 'ALE': 0.1308811103320569, 'PKO': 0.1242862929109943, 'KGH': 0.10499782675596533, 'PZU': 0.08144007292793608, 'PKN': 0.07812891620161361, 'DNP': 0.07039830116826408, 'PEO': 0.054305719914846916, 'LPP': 0.04100504340671602, 'CPS': 0.03958582516119549, 'SPL': 0.03206143036471371, 'PGE': 0.02610748198745547, 'OPL': 0.022361676454196375, 'ACP': 0.020822956225260186, 'TPE': 0.012153245959405284, 'CCC': 0.011986154690558604, 'ALR': 0.00816314876093364, 'JSW': 0.005913761869560942}"
519,2020-12-28,129227.32221789433,2.9103830456733704e-11,"{'CDR': 0.1354010349083272, 'ALE': 0.1308811103320569, 'PKO': 0.1242862929109943, 'KGH': 0.10499782675596533, 'PZU': 0.08144007292793608, 'PKN': 0.07812891620161361, 'DNP': 0.07039830116826408, 'PEO': 0.054305719914846916, 'LPP': 0.04100504340671602, 'CPS': 0.03958582516119549, 'SPL': 0.03206143036471371, 'PGE': 0.02610748198745547, 'OPL': 0.022361676454196375, 'ACP': 0.020822956225260186, 'TPE': 0.012153245959405284, 'CCC': 0.011986154690558604, 'ALR': 0.00816314876093364, 'JSW': 0.005913761869560942}"
520,2020-12-29,130243.88685100616,2.9103830456733704e-11,"{'CDR': 0.1354010349083272, 'ALE': 0.1308811103320569, 'PKO': 0.1242862929109943, 'KGH': 0.10499782675596533, 'PZU': 0.08144007292793608, 'PKN': 0.07812891620161361, 'DNP': 0.07039830116826408, 'PEO': 0.054305719914846916, 'LPP': 0.04100504340671602, 'CPS': 0.03958582516119549, 'SPL': 0.03206143036471371, 'PGE': 0.02610748198745547, 'OPL': 0.022361676454196375, 'ACP': 0.020822956225260186, 'TPE': 0.012153245959405284, 'CCC': 0.011986154690558604, 'ALR': 0.00816314876093364, 'JSW': 0.005913761869560942}"
521,2020-12-30,128034.38142546552,2.9103830456733704e-11,"{'CDR': 0.1354010349083272, 'ALE': 0.1308811103320569, 'PKO': 0.1242862929109943, 'KGH': 0.10499782675596533, 'PZU': 0.08144007292793608, 'PKN': 0.07812891620161361, 'DNP': 0.07039830116826408, 'PEO': 0.054305719914846916, 'LPP': 0.04100504340671602, 'CPS': 0.03958582516119549, 'SPL': 0.03206143036471371, 'PGE': 0.02610748198745547, 'OPL': 0.022361676454196375, 'ACP': 0.020822956225260186, 'TPE': 0.012153245959405284, 'CCC': 0.011986154690558604, 'ALR': 0.00816314876093364, 'JSW': 0.005913761869560942}"
522,2020-12-31,128034.38142546552,2.9103830456733704e-11,"{'CDR': 0.1354010349083272, 'ALE': 0.1308811103320569, 'PKO': 0.1242862929109943, 'KGH': 0.10499782675596533, 'PZU': 0.08144007292793608, 'PKN': 0.07812891620161361, 'DNP': 0.07039830116826408, 'PEO': 0.054305719914846916, 'LPP': 0.04100504340671602, 'CPS': 0.03958582516119549, 'SPL': 0.03206143036471371, 'PGE': 0.02610748198745547, 'OPL': 0.022361676454196375, 'ACP': 0.020822956225260186, 'TPE': 0.012153245959405284, 'CCC': 0.011986154690558604, 'ALR': 0.00816314876093364, 'JSW': 0.005913761869560942}"
523,2021-01-01,128034.38142546552,2.9103830456733704e-11,"{'CDR': 0.1354010349083272, 'ALE': 0.1308811103320569, 'PKO': 0.1242862929109943, 'KGH': 0.10499782675596533, 'PZU': 0.08144007292793608, 'PKN': 0.07812891620161361, 'DNP': 0.07039830116826408, 'PEO': 0.054305719914846916, 'LPP': 0.04100504340671602, 'CPS': 0.03958582516119549, 'SPL': 0.03206143036471371, 'PGE': 0.02610748198745547, 'OPL': 0.022361676454196375, 'ACP': 0.020822956225260186, 'TPE': 0.012153245959405284, 'CCC': 0.011986154690558604, 'ALR': 0.00816314876093364, 'JSW': 0.005913761869560942}"
524,2021-01-04,129476.47586955233,2.9103830456733704e-11,"{'CDR': 0.1354010349083272, 'ALE': 0.1308811103320569, 'PKO': 0.1242862929109943, 'KGH': 0.10499782675596533, 'PZU': 0.08144007292793608, 'PKN': 0.07812891620161361, 'DNP': 0.07039830116826408, 'PEO': 0.054305719914846916, 'LPP': 0.04100504340671602, 'CPS': 0.03958582516119549, 'SPL': 0.03206143036471371, 'PGE': 0.02610748198745547, 'OPL': 0.022361676454196375, 'ACP': 0.020822956225260186, 'TPE': 0.012153245959405284, 'CCC': 0.011986154690558604, 'ALR': 0.00816314876093364, 'JSW': 0.005913761869560942}"
525,2021-01-05,129272.59189190666,2.9103830456733704e-11,"{'CDR': 0.1354010349083272, 'ALE': 0.1308811103320569, 'PKO': 0.1242862929109943, 'KGH': 0.10499782675596533, 'PZU': 0.08144007292793608, 'PKN': 0.07812891620161361, 'DNP': 0.07039830116826408, 'PEO': 0.054305719914846916, 'LPP': 0.04100504340671602, 'CPS': 0.03958582516119549, 'SPL': 0.03206143036471371, 'PGE': 0.02610748198745547, 'OPL': 0.022361676454196375, 'ACP': 0.020822956225260186, 'TPE': 0.012153245959405284, 'CCC': 0.011986154690558604, 'ALR': 0.00816314876093364, 'JSW': 0.005913761869560942}"
526,2021-01-06,129272.59189190666,2.9103830456733704e-11,"{'CDR': 0.1354010349083272, 'ALE': 0.1308811103320569, 'PKO': 0.1242862929109943, 'KGH': 0.10499782675596533, 'PZU': 0.08144007292793608, 'PKN': 0.07812891620161361, 'DNP': 0.07039830116826408, 'PEO': 0.054305719914846916, 'LPP': 0.04100504340671602, 'CPS': 0.03958582516119549, 'SPL': 0.03206143036471371, 'PGE': 0.02610748198745547, 'OPL': 0.022361676454196375, 'ACP': 0.020822956225260186, 'TPE': 0.012153245959405284, 'CCC': 0.011986154690558604, 'ALR': 0.00816314876093364, 'JSW': 0.005913761869560942}"
527,2021-01-07,132519.4025619333,2.9103830456733704e-11,"{'CDR': 0.1354010349083272, 'ALE': 0.1308811103320569, 'PKO': 0.1242862929109943, 'KGH': 0.10499782675596533, 'PZU': 0.08144007292793608, 'PKN': 0.07812891620161361, 'DNP': 0.07039830116826408, 'PEO': 0.054305719914846916, 'LPP': 0.04100504340671602, 'CPS': 0.03958582516119549, 'SPL': 0.03206143036471371, 'PGE': 0.02610748198745547, 'OPL': 0.022361676454196375, 'ACP': 0.020822956225260186, 'TPE': 0.012153245959405284, 'CCC': 0.011986154690558604, 'ALR': 0.00816314876093364, 'JSW': 0.005913761869560942}"
528,2021-01-08,132491.17989797518,2.9103830456733704e-11,"{'CDR': 0.1354010349083272, 'ALE': 0.1308811103320569, 'PKO': 0.1242862929109943, 'KGH': 0.10499782675596533, 'PZU': 0.08144007292793608, 'PKN': 0.07812891620161361, 'DNP': 0.07039830116826408, 'PEO': 0.054305719914846916, 'LPP': 0.04100504340671602, 'CPS': 0.03958582516119549, 'SPL': 0.03206143036471371, 'PGE': 0.02610748198745547, 'OPL': 0.022361676454196375, 'ACP': 0.020822956225260186, 'TPE': 0.012153245959405284, 'CCC': 0.011986154690558604, 'ALR': 0.00816314876093364, 'JSW': 0.005913761869560942}"
529,2021-01-11,132245.24843730332,2.9103830456733704e-11,"{'CDR': 0.1354010349083272, 'ALE': 0.1308811103320569, 'PKO': 0.1242862929109943, 'KGH': 0.10499782675596533, 'PZU': 0.08144007292793608, 'PKN': 0.07812891620161361, 'DNP': 0.07039830116826408, 'PEO': 0.054305719914846916, 'LPP': 0.04100504340671602, 'CPS': 0.03958582516119549, 'SPL': 0.03206143036471371, 'PGE': 0.02610748198745547, 'OPL': 0.022361676454196375, 'ACP': 0.020822956225260186, 'TPE': 0.012153245959405284, 'CCC': 0.011986154690558604, 'ALR': 0.00816314876093364, 'JSW': 0.005913761869560942}"
530,2021-01-12,130672.81661115283,2.9103830456733704e-11,"{'CDR': 0.1354010349083272, 'ALE': 0.1308811103320569, 'PKO': 0.1242862929109943, 'KGH': 0.10499782675596533, 'PZU': 0.08144007292793608, 'PKN': 0.07812891620161361, 'DNP': 0.07039830116826408, 'PEO': 0.054305719914846916, 'LPP': 0.04100504340671602, 'CPS': 0.03958582516119549, 'SPL': 0.03206143036471371, 'PGE': 0.02610748198745547, 'OPL': 0.022361676454196375, 'ACP': 0.020822956225260186, 'TPE': 0.012153245959405284, 'CCC': 0.011986154690558604, 'ALR': 0.00816314876093364, 'JSW': 0.005913761869560942}"
531,2021-01-13,129269.25304758297,2.9103830456733704e-11,"{'CDR': 0.1354010349083272, 'ALE': 0.1308811103320569, 'PKO': 0.1242862929109943, 'KGH': 0.10499782675596533, 'PZU': 0.08144007292793608, 'PKN': 0.07812891620161361, 'DNP': 0.07039830116826408, 'PEO': 0.054305719914846916, 'LPP': 0.04100504340671602, 'CPS': 0.03958582516119549, 'SPL': 0.03206143036471371, 'PGE': 0.02610748198745547, 'OPL': 0.022361676454196375, 'ACP': 0.020822956225260186, 'TPE': 0.012153245959405284, 'CCC': 0.011986154690558604, 'ALR': 0.00816314876093364, 'JSW': 0.005913761869560942}"
532,2021-01-14,130235.48230703396,2.9103830456733704e-11,"{'CDR': 0.1354010349083272, 'ALE': 0.1308811103320569, 'PKO': 0.1242862929109943, 'KGH': 0.10499782675596533, 'PZU': 0.08144007292793608, 'PKN': 0.07812891620161361, 'DNP': 0.07039830116826408, 'PEO': 0.054305719914846916, 'LPP': 0.04100504340671602, 'CPS': 0.03958582516119549, 'SPL': 0.03206143036471371, 'PGE': 0.02610748198745547, 'OPL': 0.022361676454196375, 'ACP': 0.020822956225260186, 'TPE': 0.012153245959405284, 'CCC': 0.011986154690558604, 'ALR': 0.00816314876093364, 'JSW': 0.005913761869560942}"
533,2021-01-15,127243.60406955874,2.9103830456733704e-11,"{'CDR': 0.1354010349083272, 'ALE': 0.1308811103320569, 'PKO': 0.1242862929109943, 'KGH': 0.10499782675596533, 'PZU': 0.08144007292793608, 'PKN': 0.07812891620161361, 'DNP': 0.07039830116826408, 'PEO': 0.054305719914846916, 'LPP': 0.04100504340671602, 'CPS': 0.03958582516119549, 'SPL': 0.03206143036471371, 'PGE': 0.02610748198745547, 'OPL': 0.022361676454196375, 'ACP': 0.020822956225260186, 'TPE': 0.012153245959405284, 'CCC': 0.011986154690558604, 'ALR': 0.00816314876093364, 'JSW': 0.005913761869560942}"
534,2021-01-18,129452.18518717826,2.9103830456733704e-11,"{'CDR': 0.1354010349083272, 'ALE': 0.1308811103320569, 'PKO': 0.1242862929109943, 'KGH': 0.10499782675596533, 'PZU': 0.08144007292793608, 'PKN': 0.07812891620161361, 'DNP': 0.07039830116826408, 'PEO': 0.054305719914846916, 'LPP': 0.04100504340671602, 'CPS': 0.03958582516119549, 'SPL': 0.03206143036471371, 'PGE': 0.02610748198745547, 'OPL': 0.022361676454196375, 'ACP': 0.020822956225260186, 'TPE': 0.012153245959405284, 'CCC': 0.011986154690558604, 'ALR': 0.00816314876093364, 'JSW': 0.005913761869560942}"
535,2021-01-19,126697.18274106074,2.9103830456733704e-11,"{'CDR': 0.1354010349083272, 'ALE': 0.1308811103320569, 'PKO': 0.1242862929109943, 'KGH': 0.10499782675596533, 'PZU': 0.08144007292793608, 'PKN': 0.07812891620161361, 'DNP': 0.07039830116826408, 'PEO': 0.054305719914846916, 'LPP': 0.04100504340671602, 'CPS': 0.03958582516119549, 'SPL': 0.03206143036471371, 'PGE': 0.02610748198745547, 'OPL': 0.022361676454196375, 'ACP': 0.020822956225260186, 'TPE': 0.012153245959405284, 'CCC': 0.011986154690558604, 'ALR': 0.00816314876093364, 'JSW': 0.005913761869560942}"
536,2021-01-20,127143.75209377804,2.9103830456733704e-11,"{'CDR': 0.1354010349083272, 'ALE': 0.1308811103320569, 'PKO': 0.1242862929109943, 'KGH': 0.10499782675596533, 'PZU': 0.08144007292793608, 'PKN': 0.07812891620161361, 'DNP': 0.07039830116826408, 'PEO': 0.054305719914846916, 'LPP': 0.04100504340671602, 'CPS': 0.03958582516119549, 'SPL': 0.03206143036471371, 'PGE': 0.02610748198745547, 'OPL': 0.022361676454196375, 'ACP': 0.020822956225260186, 'TPE': 0.012153245959405284, 'CCC': 0.011986154690558604, 'ALR': 0.00816314876093364, 'JSW': 0.005913761869560942}"
537,2021-01-21,125106.71169215793,2.9103830456733704e-11,"{'CDR': 0.1354010349083272, 'ALE': 0.1308811103320569, 'PKO': 0.1242862929109943, 'KGH': 0.10499782675596533, 'PZU': 0.08144007292793608, 'PKN': 0.07812891620161361, 'DNP': 0.07039830116826408, 'PEO': 0.054305719914846916, 'LPP': 0.04100504340671602, 'CPS': 0.03958582516119549, 'SPL': 0.03206143036471371, 'PGE': 0.02610748198745547, 'OPL': 0.022361676454196375, 'ACP': 0.020822956225260186, 'TPE': 0.012153245959405284, 'CCC': 0.011986154690558604, 'ALR': 0.00816314876093364, 'JSW': 0.005913761869560942}"
538,2021-01-22,125125.51879514508,2.9103830456733704e-11,"{'CDR': 0.1354010349083272, 'ALE': 0.1308811103320569, 'PKO': 0.1242862929109943, 'KGH': 0.10499782675596533, 'PZU': 0.08144007292793608, 'PKN': 0.07812891620161361, 'DNP': 0.07039830116826408, 'PEO': 0.054305719914846916, 'LPP': 0.04100504340671602, 'CPS': 0.03958582516119549, 'SPL': 0.03206143036471371, 'PGE': 0.02610748198745547, 'OPL': 0.022361676454196375, 'ACP': 0.020822956225260186, 'TPE': 0.012153245959405284, 'CCC': 0.011986154690558604, 'ALR': 0.00816314876093364, 'JSW': 0.005913761869560942}"
539,2021-01-25,125303.02995811916,2.9103830456733704e-11,"{'CDR': 0.1354010349083272, 'ALE': 0.1308811103320569, 'PKO': 0.1242862929109943, 'KGH': 0.10499782675596533, 'PZU': 0.08144007292793608, 'PKN': 0.07812891620161361, 'DNP': 0.07039830116826408, 'PEO': 0.054305719914846916, 'LPP': 0.04100504340671602, 'CPS': 0.03958582516119549, 'SPL': 0.03206143036471371, 'PGE': 0.02610748198745547, 'OPL': 0.022361676454196375, 'ACP': 0.020822956225260186, 'TPE': 0.012153245959405284, 'CCC': 0.011986154690558604, 'ALR': 0.00816314876093364, 'JSW': 0.005913761869560942}"
540,2021-01-26,128240.19419321624,2.9103830456733704e-11,"{'CDR': 0.1354010349083272, 'ALE': 0.1308811103320569, 'PKO': 0.1242862929109943, 'KGH': 0.10499782675596533, 'PZU': 0.08144007292793608, 'PKN': 0.07812891620161361, 'DNP': 0.07039830116826408, 'PEO': 0.054305719914846916, 'LPP': 0.04100504340671602, 'CPS': 0.03958582516119549, 'SPL': 0.03206143036471371, 'PGE': 0.02610748198745547, 'OPL': 0.022361676454196375, 'ACP': 0.020822956225260186, 'TPE': 0.012153245959405284, 'CCC': 0.011986154690558604, 'ALR': 0.00816314876093364, 'JSW': 0.005913761869560942}"
541,2021-01-27,125455.02754921843,2.9103830456733704e-11,"{'CDR': 0.1354010349083272, 'ALE': 0.1308811103320569, 'PKO': 0.1242862929109943, 'KGH': 0.10499782675596533, 'PZU': 0.08144007292793608, 'PKN': 0.07812891620161361, 'DNP': 0.07039830116826408, 'PEO': 0.054305719914846916, 'LPP': 0.04100504340671602, 'CPS': 0.03958582516119549, 'SPL': 0.03206143036471371, 'PGE': 0.02610748198745547, 'OPL': 0.022361676454196375, 'ACP': 0.020822956225260186, 'TPE': 0.012153245959405284, 'CCC': 0.011986154690558604, 'ALR': 0.00816314876093364, 'JSW': 0.005913761869560942}"
542,2021-01-28,130170.20329904728,2.9103830456733704e-11,"{'CDR': 0.1354010349083272, 'ALE': 0.1308811103320569, 'PKO': 0.1242862929109943, 'KGH': 0.10499782675596533, 'PZU': 0.08144007292793608, 'PKN': 0.07812891620161361, 'DNP': 0.07039830116826408, 'PEO': 0.054305719914846916, 'LPP': 0.04100504340671602, 'CPS': 0.03958582516119549, 'SPL': 0.03206143036471371, 'PGE': 0.02610748198745547, 'OPL': 0.022361676454196375, 'ACP': 0.020822956225260186, 'TPE': 0.012153245959405284, 'CCC': 0.011986154690558604, 'ALR': 0.00816314876093364, 'JSW': 0.005913761869560942}"
543,2021-01-29,126298.55593087012,2.9103830456733704e-11,"{'CDR': 0.1354010349083272, 'ALE': 0.1308811103320569, 'PKO': 0.1242862929109943, 'KGH': 0.10499782675596533, 'PZU': 0.08144007292793608, 'PKN': 0.07812891620161361, 'DNP': 0.07039830116826408, 'PEO': 0.054305719914846916, 'LPP': 0.04100504340671602, 'CPS': 0.03958582516119549, 'SPL': 0.03206143036471371, 'PGE': 0.02610748198745547, 'OPL': 0.022361676454196375, 'ACP': 0.020822956225260186, 'TPE': 0.012153245959405284, 'CCC': 0.011986154690558604, 'ALR': 0.00816314876093364, 'JSW': 0.005913761869560942}"
544,2021-02-01,127354.69713707294,2.9103830456733704e-11,"{'CDR': 0.1354010349083272, 'ALE': 0.1308811103320569, 'PKO': 0.1242862929109943, 'KGH': 0.10499782675596533, 'PZU': 0.08144007292793608, 'PKN': 0.07812891620161361, 'DNP': 0.07039830116826408, 'PEO': 0.054305719914846916, 'LPP': 0.04100504340671602, 'CPS': 0.03958582516119549, 'SPL': 0.03206143036471371, 'PGE': 0.02610748198745547, 'OPL': 0.022361676454196375, 'ACP': 0.020822956225260186, 'TPE': 0.012153245959405284, 'CCC': 0.011986154690558604, 'ALR': 0.00816314876093364, 'JSW': 0.005913761869560942}"
545,2021-02-02,125940.10930732527,2.9103830456733704e-11,"{'CDR': 0.1354010349083272, 'ALE': 0.1308811103320569, 'PKO': 0.1242862929109943, 'KGH': 0.10499782675596533, 'PZU': 0.08144007292793608, 'PKN': 0.07812891620161361, 'DNP': 0.07039830116826408, 'PEO': 0.054305719914846916, 'LPP': 0.04100504340671602, 'CPS': 0.03958582516119549, 'SPL': 0.03206143036471371, 'PGE': 0.02610748198745547, 'OPL': 0.022361676454196375, 'ACP': 0.020822956225260186, 'TPE': 0.012153245959405284, 'CCC': 0.011986154690558604, 'ALR': 0.00816314876093364, 'JSW': 0.005913761869560942}"
546,2021-02-03,125209.8208937258,4.3655745685100555e-11,"{'CDR': 0.14449874154149117, 'ALE': 0.1087062876636586, 'PKO': 0.12822718315901677, 'PZU': 0.0803812110259073, 'DNP': 0.06487176988942071, 'PEO': 0.05854367326719417, 'LPP': 0.04328920872761469, 'PGE': 0.027787852637334166, 'OPL': 0.022557560384795686, 'ACP': 0.02141470172625201, 'TPE': 0.013417840532508007, 'CCC': 0.013325037019422796, 'ALR': 0.008426114268450725, 'CCE': 0.10351841249109275, 'PBG': 0.07916237430930247, 'BST': 0.039616047165548174, 'CPL': 0.034510394589204886, 'MEG': 0.007745589601784623}"
547,2021-02-04,124718.94141315235,4.3655745685100555e-11,"{'CDR': 0.14449874154149117, 'ALE': 0.1087062876636586, 'PKO': 0.12822718315901677, 'PZU': 0.0803812110259073, 'DNP': 0.06487176988942071, 'PEO': 0.05854367326719417, 'LPP': 0.04328920872761469, 'PGE': 0.027787852637334166, 'OPL': 0.022557560384795686, 'ACP': 0.02141470172625201, 'TPE': 0.013417840532508007, 'CCC': 0.013325037019422796, 'ALR': 0.008426114268450725, 'CCE': 0.10351841249109275, 'PBG': 0.07916237430930247, 'BST': 0.039616047165548174, 'CPL': 0.034510394589204886, 'MEG': 0.007745589601784623}"
548,2021-02-05,125703.18209018877,4.3655745685100555e-11,"{'CDR': 0.14449874154149117, 'ALE': 0.1087062876636586, 'PKO': 0.12822718315901677, 'PZU': 0.0803812110259073, 'DNP': 0.06487176988942071, 'PEO': 0.05854367326719417, 'LPP': 0.04328920872761469, 'PGE': 0.027787852637334166, 'OPL': 0.022557560384795686, 'ACP': 0.02141470172625201, 'TPE': 0.013417840532508007, 'CCC': 0.013325037019422796, 'ALR': 0.008426114268450725, 'CCE': 0.10351841249109275, 'PBG': 0.07916237430930247, 'BST': 0.039616047165548174, 'CPL': 0.034510394589204886, 'MEG': 0.007745589601784623}"
549,2021-02-08,124562.18959280194,4.3655745685100555e-11,"{'CDR': 0.14449874154149117, 'ALE': 0.1087062876636586, 'PKO': 0.12822718315901677, 'PZU': 0.0803812110259073, 'DNP': 0.06487176988942071, 'PEO': 0.05854367326719417, 'LPP': 0.04328920872761469, 'PGE': 0.027787852637334166, 'OPL': 0.022557560384795686, 'ACP': 0.02141470172625201, 'TPE': 0.013417840532508007, 'CCC': 0.013325037019422796, 'ALR': 0.008426114268450725, 'CCE': 0.10351841249109275, 'PBG': 0.07916237430930247, 'BST': 0.039616047165548174, 'CPL': 0.034510394589204886, 'MEG': 0.007745589601784623}"
550,2021-02-09,123496.67799668333,4.3655745685100555e-11,"{'CDR': 0.14449874154149117, 'ALE': 0.1087062876636586, 'PKO': 0.12822718315901677, 'PZU': 0.0803812110259073, 'DNP': 0.06487176988942071, 'PEO': 0.05854367326719417, 'LPP': 0.04328920872761469, 'PGE': 0.027787852637334166, 'OPL': 0.022557560384795686, 'ACP': 0.02141470172625201, 'TPE': 0.013417840532508007, 'CCC': 0.013325037019422796, 'ALR': 0.008426114268450725, 'CCE': 0.10351841249109275, 'PBG': 0.07916237430930247, 'BST': 0.039616047165548174, 'CPL': 0.034510394589204886, 'MEG': 0.007745589601784623}"
551,2021-02-10,123635.17757479982,4.3655745685100555e-11,"{'CDR': 0.14449874154149117, 'ALE': 0.1087062876636586, 'PKO': 0.12822718315901677, 'PZU': 0.0803812110259073, 'DNP': 0.06487176988942071, 'PEO': 0.05854367326719417, 'LPP': 0.04328920872761469, 'PGE': 0.027787852637334166, 'OPL': 0.022557560384795686, 'ACP': 0.02141470172625201, 'TPE': 0.013417840532508007, 'CCC': 0.013325037019422796, 'ALR': 0.008426114268450725, 'CCE': 0.10351841249109275, 'PBG': 0.07916237430930247, 'BST': 0.039616047165548174, 'CPL': 0.034510394589204886, 'MEG': 0.007745589601784623}"
552,2021-02-11,125582.98180259764,4.3655745685100555e-11,"{'CDR': 0.14449874154149117, 'ALE': 0.1087062876636586, 'PKO': 0.12822718315901677, 'PZU': 0.0803812110259073, 'DNP': 0.06487176988942071, 'PEO': 0.05854367326719417, 'LPP': 0.04328920872761469, 'PGE': 0.027787852637334166, 'OPL': 0.022557560384795686, 'ACP': 0.02141470172625201, 'TPE': 0.013417840532508007, 'CCC': 0.013325037019422796, 'ALR': 0.008426114268450725, 'CCE': 0.10351841249109275, 'PBG': 0.07916237430930247, 'BST': 0.039616047165548174, 'CPL': 0.034510394589204886, 'MEG': 0.007745589601784623}"
553,2021-02-12,124699.21729033548,4.3655745685100555e-11,"{'CDR': 0.14449874154149117, 'ALE': 0.1087062876636586, 'PKO': 0.12822718315901677, 'PZU': 0.0803812110259073, 'DNP': 0.06487176988942071, 'PEO': 0.05854367326719417, 'LPP': 0.04328920872761469, 'PGE': 0.027787852637334166, 'OPL': 0.022557560384795686, 'ACP': 0.02141470172625201, 'TPE': 0.013417840532508007, 'CCC': 0.013325037019422796, 'ALR': 0.008426114268450725, 'CCE': 0.10351841249109275, 'PBG': 0.07916237430930247, 'BST': 0.039616047165548174, 'CPL': 0.034510394589204886, 'MEG': 0.007745589601784623}"
554,2021-02-15,127350.72394393044,4.3655745685100555e-11,"{'CDR': 0.14449874154149117, 'ALE': 0.1087062876636586, 'PKO': 0.12822718315901677, 'PZU': 0.0803812110259073, 'DNP': 0.06487176988942071, 'PEO': 0.05854367326719417, 'LPP': 0.04328920872761469, 'PGE': 0.027787852637334166, 'OPL': 0.022557560384795686, 'ACP': 0.02141470172625201, 'TPE': 0.013417840532508007, 'CCC': 0.013325037019422796, 'ALR': 0.008426114268450725, 'CCE': 0.10351841249109275, 'PBG': 0.07916237430930247, 'BST': 0.039616047165548174, 'CPL': 0.034510394589204886, 'MEG': 0.007745589601784623}"
555,2021-02-16,129076.17261712313,4.3655745685100555e-11,"{'CDR': 0.14449874154149117, 'ALE': 0.1087062876636586, 'PKO': 0.12822718315901677, 'PZU': 0.0803812110259073, 'DNP': 0.06487176988942071, 'PEO': 0.05854367326719417, 'LPP': 0.04328920872761469, 'PGE': 0.027787852637334166, 'OPL': 0.022557560384795686, 'ACP': 0.02141470172625201, 'TPE': 0.013417840532508007, 'CCC': 0.013325037019422796, 'ALR': 0.008426114268450725, 'CCE': 0.10351841249109275, 'PBG': 0.07916237430930247, 'BST': 0.039616047165548174, 'CPL': 0.034510394589204886, 'MEG': 0.007745589601784623}"
556,2021-02-17,127425.06964296119,4.3655745685100555e-11,"{'CDR': 0.14449874154149117, 'ALE': 0.1087062876636586, 'PKO': 0.12822718315901677, 'PZU': 0.0803812110259073, 'DNP': 0.06487176988942071, 'PEO': 0.05854367326719417, 'LPP': 0.04328920872761469, 'PGE': 0.027787852637334166, 'OPL': 0.022557560384795686, 'ACP': 0.02141470172625201, 'TPE': 0.013417840532508007, 'CCC': 0.013325037019422796, 'ALR': 0.008426114268450725, 'CCE': 0.10351841249109275, 'PBG': 0.07916237430930247, 'BST': 0.039616047165548174, 'CPL': 0.034510394589204886, 'MEG': 0.007745589601784623}"
557,2021-02-18,127358.22879513165,4.3655745685100555e-11,"{'CDR': 0.14449874154149117, 'ALE': 0.1087062876636586, 'PKO': 0.12822718315901677, 'PZU': 0.0803812110259073, 'DNP': 0.06487176988942071, 'PEO': 0.05854367326719417, 'LPP': 0.04328920872761469, 'PGE': 0.027787852637334166, 'OPL': 0.022557560384795686, 'ACP': 0.02141470172625201, 'TPE': 0.013417840532508007, 'CCC': 0.013325037019422796, 'ALR': 0.008426114268450725, 'CCE': 0.10351841249109275, 'PBG': 0.07916237430930247, 'BST': 0.039616047165548174, 'CPL': 0.034510394589204886, 'MEG': 0.007745589601784623}"
558,2021-02-19,126325.31208194321,4.3655745685100555e-11,"{'CDR': 0.14449874154149117, 'ALE': 0.1087062876636586, 'PKO': 0.12822718315901677, 'PZU': 0.0803812110259073, 'DNP': 0.06487176988942071, 'PEO': 0.05854367326719417, 'LPP': 0.04328920872761469, 'PGE': 0.027787852637334166, 'OPL': 0.022557560384795686, 'ACP': 0.02141470172625201, 'TPE': 0.013417840532508007, 'CCC': 0.013325037019422796, 'ALR': 0.008426114268450725, 'CCE': 0.10351841249109275, 'PBG': 0.07916237430930247, 'BST': 0.039616047165548174, 'CPL': 0.034510394589204886, 'MEG': 0.007745589601784623}"
559,2021-02-22,125754.52689355322,4.3655745685100555e-11,"{'CDR': 0.14449874154149117, 'ALE': 0.1087062876636586, 'PKO': 0.12822718315901677, 'PZU': 0.0803812110259073, 'DNP': 0.06487176988942071, 'PEO': 0.05854367326719417, 'LPP': 0.04328920872761469, 'PGE': 0.027787852637334166, 'OPL': 0.022557560384795686, 'ACP': 0.02141470172625201, 'TPE': 0.013417840532508007, 'CCC': 0.013325037019422796, 'ALR': 0.008426114268450725, 'CCE': 0.10351841249109275, 'PBG': 0.07916237430930247, 'BST': 0.039616047165548174, 'CPL': 0.034510394589204886, 'MEG': 0.007745589601784623}"
560,2021-02-23,123971.156683444,4.3655745685100555e-11,"{'CDR': 0.14449874154149117, 'ALE': 0.1087062876636586, 'PKO': 0.12822718315901677, 'PZU': 0.0803812110259073, 'DNP': 0.06487176988942071, 'PEO': 0.05854367326719417, 'LPP': 0.04328920872761469, 'PGE': 0.027787852637334166, 'OPL': 0.022557560384795686, 'ACP': 0.02141470172625201, 'TPE': 0.013417840532508007, 'CCC': 0.013325037019422796, 'ALR': 0.008426114268450725, 'CCE': 0.10351841249109275, 'PBG': 0.07916237430930247, 'BST': 0.039616047165548174, 'CPL': 0.034510394589204886, 'MEG': 0.007745589601784623}"
561,2021-02-24,124240.3871586972,4.3655745685100555e-11,"{'CDR': 0.14449874154149117, 'ALE': 0.1087062876636586, 'PKO': 0.12822718315901677, 'PZU': 0.0803812110259073, 'DNP': 0.06487176988942071, 'PEO': 0.05854367326719417, 'LPP': 0.04328920872761469, 'PGE': 0.027787852637334166, 'OPL': 0.022557560384795686, 'ACP': 0.02141470172625201, 'TPE': 0.013417840532508007, 'CCC': 0.013325037019422796, 'ALR': 0.008426114268450725, 'CCE': 0.10351841249109275, 'PBG': 0.07916237430930247, 'BST': 0.039616047165548174, 'CPL': 0.034510394589204886, 'MEG': 0.007745589601784623}"
562,2021-02-25,124516.86375169244,4.3655745685100555e-11,"{'CDR': 0.14449874154149117, 'ALE': 0.1087062876636586, 'PKO': 0.12822718315901677, 'PZU': 0.0803812110259073, 'DNP': 0.06487176988942071, 'PEO': 0.05854367326719417, 'LPP': 0.04328920872761469, 'PGE': 0.027787852637334166, 'OPL': 0.022557560384795686, 'ACP': 0.02141470172625201, 'TPE': 0.013417840532508007, 'CCC': 0.013325037019422796, 'ALR': 0.008426114268450725, 'CCE': 0.10351841249109275, 'PBG': 0.07916237430930247, 'BST': 0.039616047165548174, 'CPL': 0.034510394589204886, 'MEG': 0.007745589601784623}"
563,2021-02-26,123278.43886819288,4.3655745685100555e-11,"{'CDR': 0.14449874154149117, 'ALE': 0.1087062876636586, 'PKO': 0.12822718315901677, 'PZU': 0.0803812110259073, 'DNP': 0.06487176988942071, 'PEO': 0.05854367326719417, 'LPP': 0.04328920872761469, 'PGE': 0.027787852637334166, 'OPL': 0.022557560384795686, 'ACP': 0.02141470172625201, 'TPE': 0.013417840532508007, 'CCC': 0.013325037019422796, 'ALR': 0.008426114268450725, 'CCE': 0.10351841249109275, 'PBG': 0.07916237430930247, 'BST': 0.039616047165548174, 'CPL': 0.034510394589204886, 'MEG': 0.007745589601784623}"
564,2021-03-01,125216.66125293265,4.3655745685100555e-11,"{'CDR': 0.14449874154149117, 'ALE': 0.1087062876636586, 'PKO': 0.12822718315901677, 'PZU': 0.0803812110259073, 'DNP': 0.06487176988942071, 'PEO': 0.05854367326719417, 'LPP': 0.04328920872761469, 'PGE': 0.027787852637334166, 'OPL': 0.022557560384795686, 'ACP': 0.02141470172625201, 'TPE': 0.013417840532508007, 'CCC': 0.013325037019422796, 'ALR': 0.008426114268450725, 'CCE': 0.10351841249109275, 'PBG': 0.07916237430930247, 'BST': 0.039616047165548174, 'CPL': 0.034510394589204886, 'MEG': 0.007745589601784623}"
565,2021-03-02,125370.36335243307,4.3655745685100555e-11,"{'CDR': 0.14449874154149117, 'ALE': 0.1087062876636586, 'PKO': 0.12822718315901677, 'PZU': 0.0803812110259073, 'DNP': 0.06487176988942071, 'PEO': 0.05854367326719417, 'LPP': 0.04328920872761469, 'PGE': 0.027787852637334166, 'OPL': 0.022557560384795686, 'ACP': 0.02141470172625201, 'TPE': 0.013417840532508007, 'CCC': 0.013325037019422796, 'ALR': 0.008426114268450725, 'CCE': 0.10351841249109275, 'PBG': 0.07916237430930247, 'BST': 0.039616047165548174, 'CPL': 0.034510394589204886, 'MEG': 0.007745589601784623}"
566,2021-03-03,124620.05207835215,0.0,"{'CDR': 0.1150870456046701, 'ALE': 0.10207861971422287, 'DNP': 0.061092492233054956, 'LPP': 0.044087123922836514, 'ACP': 0.021103477603923265, 'TPE': 0.012052791828626133, 'CCC': 0.014282057093909159, 'ALR': 0.011661489745409426, 'CCE': 0.10716008423217417, 'PBG': 0.08246312390084087, 'BST': 0.03980353151350788, 'CPL': 0.04586586517315698, 'MEG': 0.007513880542394855, 'YAN': 0.13788004229417916, 'NTC': 0.08089377240801378, 'RAF': 0.06697667306119193, 'PMA': 0.027542749568249595, 'EHG': 0.02245517955963837}"
567,2021-03-04,122992.00639769652,0.0,"{'CDR': 0.1150870456046701, 'ALE': 0.10207861971422287, 'DNP': 0.061092492233054956, 'LPP': 0.044087123922836514, 'ACP': 0.021103477603923265, 'TPE': 0.012052791828626133, 'CCC': 0.014282057093909159, 'ALR': 0.011661489745409426, 'CCE': 0.10716008423217417, 'PBG': 0.08246312390084087, 'BST': 0.03980353151350788, 'CPL': 0.04586586517315698, 'MEG': 0.007513880542394855, 'YAN': 0.13788004229417916, 'NTC': 0.08089377240801378, 'RAF': 0.06697667306119193, 'PMA': 0.027542749568249595, 'EHG': 0.02245517955963837}"
568,2021-03-05,124824.2192692021,0.0,"{'CDR': 0.1150870456046701, 'ALE': 0.10207861971422287, 'DNP': 0.061092492233054956, 'LPP': 0.044087123922836514, 'ACP': 0.021103477603923265, 'TPE': 0.012052791828626133, 'CCC': 0.014282057093909159, 'ALR': 0.011661489745409426, 'CCE': 0.10716008423217417, 'PBG': 0.08246312390084087, 'BST': 0.03980353151350788, 'CPL': 0.04586586517315698, 'MEG': 0.007513880542394855, 'YAN': 0.13788004229417916, 'NTC': 0.08089377240801378, 'RAF': 0.06697667306119193, 'PMA': 0.027542749568249595, 'EHG': 0.02245517955963837}"
569,2021-03-08,126255.11435942478,0.0,"{'CDR': 0.1150870456046701, 'ALE': 0.10207861971422287, 'DNP': 0.061092492233054956, 'LPP': 0.044087123922836514, 'ACP': 0.021103477603923265, 'TPE': 0.012052791828626133, 'CCC': 0.014282057093909159, 'ALR': 0.011661489745409426, 'CCE': 0.10716008423217417, 'PBG': 0.08246312390084087, 'BST': 0.03980353151350788, 'CPL': 0.04586586517315698, 'MEG': 0.007513880542394855, 'YAN': 0.13788004229417916, 'NTC': 0.08089377240801378, 'RAF': 0.06697667306119193, 'PMA': 0.027542749568249595, 'EHG': 0.02245517955963837}"
570,2021-03-09,127757.64162644267,0.0,"{'CDR': 0.1150870456046701, 'ALE': 0.10207861971422287, 'DNP': 0.061092492233054956, 'LPP': 0.044087123922836514, 'ACP': 0.021103477603923265, 'TPE': 0.012052791828626133, 'CCC': 0.014282057093909159, 'ALR': 0.011661489745409426, 'CCE': 0.10716008423217417, 'PBG': 0.08246312390084087, 'BST': 0.03980353151350788, 'CPL': 0.04586586517315698, 'MEG': 0.007513880542394855, 'YAN': 0.13788004229417916, 'NTC': 0.08089377240801378, 'RAF': 0.06697667306119193, 'PMA': 0.027542749568249595, 'EHG': 0.02245517955963837}"
571,2021-03-10,123239.63292320249,0.0,"{'CDR': 0.1150870456046701, 'ALE': 0.10207861971422287, 'DNP': 0.061092492233054956, 'LPP': 0.044087123922836514, 'ACP': 0.021103477603923265, 'TPE': 0.012052791828626133, 'CCC': 0.014282057093909159, 'ALR': 0.011661489745409426, 'CCE': 0.10716008423217417, 'PBG': 0.08246312390084087, 'BST': 0.03980353151350788, 'CPL': 0.04586586517315698, 'MEG': 0.007513880542394855, 'YAN': 0.13788004229417916, 'NTC': 0.08089377240801378, 'RAF': 0.06697667306119193, 'PMA': 0.027542749568249595, 'EHG': 0.02245517955963837}"
572,2021-03-11,125126.75306370716,0.0,"{'CDR': 0.1150870456046701, 'ALE': 0.10207861971422287, 'DNP': 0.061092492233054956, 'LPP': 0.044087123922836514, 'ACP': 0.021103477603923265, 'TPE': 0.012052791828626133, 'CCC': 0.014282057093909159, 'ALR': 0.011661489745409426, 'CCE': 0.10716008423217417, 'PBG': 0.08246312390084087, 'BST': 0.03980353151350788, 'CPL': 0.04586586517315698, 'MEG': 0.007513880542394855, 'YAN': 0.13788004229417916, 'NTC': 0.08089377240801378, 'RAF': 0.06697667306119193, 'PMA': 0.027542749568249595, 'EHG': 0.02245517955963837}"
573,2021-03-12,126431.95044755391,0.0,"{'CDR': 0.1150870456046701, 'ALE': 0.10207861971422287, 'DNP': 0.061092492233054956, 'LPP': 0.044087123922836514, 'ACP': 0.021103477603923265, 'TPE': 0.012052791828626133, 'CCC': 0.014282057093909159, 'ALR': 0.011661489745409426, 'CCE': 0.10716008423217417, 'PBG': 0.08246312390084087, 'BST': 0.03980353151350788, 'CPL': 0.04586586517315698, 'MEG': 0.007513880542394855, 'YAN': 0.13788004229417916, 'NTC': 0.08089377240801378, 'RAF': 0.06697667306119193, 'PMA': 0.027542749568249595, 'EHG': 0.02245517955963837}"
574,2021-03-15,131987.06132496276,0.0,"{'CDR': 0.1150870456046701, 'ALE': 0.10207861971422287, 'DNP': 0.061092492233054956, 'LPP': 0.044087123922836514, 'ACP': 0.021103477603923265, 'TPE': 0.012052791828626133, 'CCC': 0.014282057093909159, 'ALR': 0.011661489745409426, 'CCE': 0.10716008423217417, 'PBG': 0.08246312390084087, 'BST': 0.03980353151350788, 'CPL': 0.04586586517315698, 'MEG': 0.007513880542394855, 'YAN': 0.13788004229417916, 'NTC': 0.08089377240801378, 'RAF': 0.06697667306119193, 'PMA': 0.027542749568249595, 'EHG': 0.02245517955963837}"
575,2021-03-16,136309.12179521134,0.0,"{'CDR': 0.1150870456046701, 'ALE': 0.10207861971422287, 'DNP': 0.061092492233054956, 'LPP': 0.044087123922836514, 'ACP': 0.021103477603923265, 'TPE': 0.012052791828626133, 'CCC': 0.014282057093909159, 'ALR': 0.011661489745409426, 'CCE': 0.10716008423217417, 'PBG': 0.08246312390084087, 'BST': 0.03980353151350788, 'CPL': 0.04586586517315698, 'MEG': 0.007513880542394855, 'YAN': 0.13788004229417916, 'NTC': 0.08089377240801378, 'RAF': 0.06697667306119193, 'PMA': 0.027542749568249595, 'EHG': 0.02245517955963837}"
576,2021-03-17,132514.5121408419,0.0,"{'CDR': 0.1150870456046701, 'ALE': 0.10207861971422287, 'DNP': 0.061092492233054956, 'LPP': 0.044087123922836514, 'ACP': 0.021103477603923265, 'TPE': 0.012052791828626133, 'CCC': 0.014282057093909159, 'ALR': 0.011661489745409426, 'CCE': 0.10716008423217417, 'PBG': 0.08246312390084087, 'BST': 0.03980353151350788, 'CPL': 0.04586586517315698, 'MEG': 0.007513880542394855, 'YAN': 0.13788004229417916, 'NTC': 0.08089377240801378, 'RAF': 0.06697667306119193, 'PMA': 0.027542749568249595, 'EHG': 0.02245517955963837}"
577,2021-03-18,131369.61809561108,0.0,"{'CDR': 0.1150870456046701, 'ALE': 0.10207861971422287, 'DNP': 0.061092492233054956, 'LPP': 0.044087123922836514, 'ACP': 0.021103477603923265, 'TPE': 0.012052791828626133, 'CCC': 0.014282057093909159, 'ALR': 0.011661489745409426, 'CCE': 0.10716008423217417, 'PBG': 0.08246312390084087, 'BST': 0.03980353151350788, 'CPL': 0.04586586517315698, 'MEG': 0.007513880542394855, 'YAN': 0.13788004229417916, 'NTC': 0.08089377240801378, 'RAF': 0.06697667306119193, 'PMA': 0.027542749568249595, 'EHG': 0.02245517955963837}"
578,2021-03-19,129543.74270740476,7.275957614183426e-11,"{'KGH': 0.14174586139386267, 'PKO': 0.13167337916804767, 'ALE': 0.10457647295798031, 'CDR': 0.0942546032767806, 'PKN': 0.087833409179803, 'PZU': 0.08699998614514133, 'DNP': 0.06018337438279267, 'PEO': 0.05933822800621122, 'LPP': 0.04277954042368156, 'CPS': 0.039126120778131476, 'SPL': 0.036162246789136494, 'PGE': 0.026454253921191422, 'OPL': 0.01966111015784946, 'CCC': 0.01934031689258967, 'ACP': 0.01846532928203056, 'TPE': 0.014110640638005578, 'JSW': 0.010504114360134665, 'MRC': 0.00679101224662927}"
579,2021-03-22,129550.45719489257,7.275957614183426e-11,"{'KGH': 0.14174586139386267, 'PKO': 0.13167337916804767, 'ALE': 0.10457647295798031, 'CDR': 0.0942546032767806, 'PKN': 0.087833409179803, 'PZU': 0.08699998614514133, 'DNP': 0.06018337438279267, 'PEO': 0.05933822800621122, 'LPP': 0.04277954042368156, 'CPS': 0.039126120778131476, 'SPL': 0.036162246789136494, 'PGE': 0.026454253921191422, 'OPL': 0.01966111015784946, 'CCC': 0.01934031689258967, 'ACP': 0.01846532928203056, 'TPE': 0.014110640638005578, 'JSW': 0.010504114360134665, 'MRC': 0.00679101224662927}"
580,2021-03-23,129214.1878120851,7.275957614183426e-11,"{'KGH': 0.14174586139386267, 'PKO': 0.13167337916804767, 'ALE': 0.10457647295798031, 'CDR': 0.0942546032767806, 'PKN': 0.087833409179803, 'PZU': 0.08699998614514133, 'DNP': 0.06018337438279267, 'PEO': 0.05933822800621122, 'LPP': 0.04277954042368156, 'CPS': 0.039126120778131476, 'SPL': 0.036162246789136494, 'PGE': 0.026454253921191422, 'OPL': 0.01966111015784946, 'CCC': 0.01934031689258967, 'ACP': 0.01846532928203056, 'TPE': 0.014110640638005578, 'JSW': 0.010504114360134665, 'MRC': 0.00679101224662927}"
581,2021-03-24,127202.76987486058,7.275957614183426e-11,"{'KGH': 0.14174586139386267, 'PKO': 0.13167337916804767, 'ALE': 0.10457647295798031, 'CDR': 0.0942546032767806, 'PKN': 0.087833409179803, 'PZU': 0.08699998614514133, 'DNP': 0.06018337438279267, 'PEO': 0.05933822800621122, 'LPP': 0.04277954042368156, 'CPS': 0.039126120778131476, 'SPL': 0.036162246789136494, 'PGE': 0.026454253921191422, 'OPL': 0.01966111015784946, 'CCC': 0.01934031689258967, 'ACP': 0.01846532928203056, 'TPE': 0.014110640638005578, 'JSW': 0.010504114360134665, 'MRC': 0.00679101224662927}"
582,2021-03-25,125523.7661624879,7.275957614183426e-11,"{'KGH': 0.14174586139386267, 'PKO': 0.13167337916804767, 'ALE': 0.10457647295798031, 'CDR': 0.0942546032767806, 'PKN': 0.087833409179803, 'PZU': 0.08699998614514133, 'DNP': 0.06018337438279267, 'PEO': 0.05933822800621122, 'LPP': 0.04277954042368156, 'CPS': 0.039126120778131476, 'SPL': 0.036162246789136494, 'PGE': 0.026454253921191422, 'OPL': 0.01966111015784946, 'CCC': 0.01934031689258967, 'ACP': 0.01846532928203056, 'TPE': 0.014110640638005578, 'JSW': 0.010504114360134665, 'MRC': 0.00679101224662927}"
583,2021-03-26,128394.83033245667,7.275957614183426e-11,"{'KGH': 0.14174586139386267, 'PKO': 0.13167337916804767, 'ALE': 0.10457647295798031, 'CDR': 0.0942546032767806, 'PKN': 0.087833409179803, 'PZU': 0.08699998614514133, 'DNP': 0.06018337438279267, 'PEO': 0.05933822800621122, 'LPP': 0.04277954042368156, 'CPS': 0.039126120778131476, 'SPL': 0.036162246789136494, 'PGE': 0.026454253921191422, 'OPL': 0.01966111015784946, 'CCC': 0.01934031689258967, 'ACP': 0.01846532928203056, 'TPE': 0.014110640638005578, 'JSW': 0.010504114360134665, 'MRC': 0.00679101224662927}"
584,2021-03-29,130861.85613417997,7.275957614183426e-11,"{'KGH': 0.14174586139386267, 'PKO': 0.13167337916804767, 'ALE': 0.10457647295798031, 'CDR': 0.0942546032767806, 'PKN': 0.087833409179803, 'PZU': 0.08699998614514133, 'DNP': 0.06018337438279267, 'PEO': 0.05933822800621122, 'LPP': 0.04277954042368156, 'CPS': 0.039126120778131476, 'SPL': 0.036162246789136494, 'PGE': 0.026454253921191422, 'OPL': 0.01966111015784946, 'CCC': 0.01934031689258967, 'ACP': 0.01846532928203056, 'TPE': 0.014110640638005578, 'JSW': 0.010504114360134665, 'MRC': 0.00679101224662927}"
585,2021-03-30,129937.9902103036,7.275957614183426e-11,"{'KGH': 0.14174586139386267, 'PKO': 0.13167337916804767, 'ALE': 0.10457647295798031, 'CDR': 0.0942546032767806, 'PKN': 0.087833409179803, 'PZU': 0.08699998614514133, 'DNP': 0.06018337438279267, 'PEO': 0.05933822800621122, 'LPP': 0.04277954042368156, 'CPS': 0.039126120778131476, 'SPL': 0.036162246789136494, 'PGE': 0.026454253921191422, 'OPL': 0.01966111015784946, 'CCC': 0.01934031689258967, 'ACP': 0.01846532928203056, 'TPE': 0.014110640638005578, 'JSW': 0.010504114360134665, 'MRC': 0.00679101224662927}"
586,2021-03-31,129546.77282053,7.275957614183426e-11,"{'KGH': 0.14174586139386267, 'PKO': 0.13167337916804767, 'ALE': 0.10457647295798031, 'CDR': 0.0942546032767806, 'PKN': 0.087833409179803, 'PZU': 0.08699998614514133, 'DNP': 0.06018337438279267, 'PEO': 0.05933822800621122, 'LPP': 0.04277954042368156, 'CPS': 0.039126120778131476, 'SPL': 0.036162246789136494, 'PGE': 0.026454253921191422, 'OPL': 0.01966111015784946, 'CCC': 0.01934031689258967, 'ACP': 0.01846532928203056, 'TPE': 0.014110640638005578, 'JSW': 0.010504114360134665, 'MRC': 0.00679101224662927}"
587,2021-04-01,130428.52292100264,7.275957614183426e-11,"{'KGH': 0.14174586139386267, 'PKO': 0.13167337916804767, 'ALE': 0.10457647295798031, 'CDR': 0.0942546032767806, 'PKN': 0.087833409179803, 'PZU': 0.08699998614514133, 'DNP': 0.06018337438279267, 'PEO': 0.05933822800621122, 'LPP': 0.04277954042368156, 'CPS': 0.039126120778131476, 'SPL': 0.036162246789136494, 'PGE': 0.026454253921191422, 'OPL': 0.01966111015784946, 'CCC': 0.01934031689258967, 'ACP': 0.01846532928203056, 'TPE': 0.014110640638005578, 'JSW': 0.010504114360134665, 'MRC': 0.00679101224662927}"
588,2021-04-02,130428.52292100264,7.275957614183426e-11,"{'KGH': 0.14174586139386267, 'PKO': 0.13167337916804767, 'ALE': 0.10457647295798031, 'CDR': 0.0942546032767806, 'PKN': 0.087833409179803, 'PZU': 0.08699998614514133, 'DNP': 0.06018337438279267, 'PEO': 0.05933822800621122, 'LPP': 0.04277954042368156, 'CPS': 0.039126120778131476, 'SPL': 0.036162246789136494, 'PGE': 0.026454253921191422, 'OPL': 0.01966111015784946, 'CCC': 0.01934031689258967, 'ACP': 0.01846532928203056, 'TPE': 0.014110640638005578, 'JSW': 0.010504114360134665, 'MRC': 0.00679101224662927}"
589,2021-04-05,130428.52292100264,7.275957614183426e-11,"{'KGH': 0.14174586139386267, 'PKO': 0.13167337916804767, 'ALE': 0.10457647295798031, 'CDR': 0.0942546032767806, 'PKN': 0.087833409179803, 'PZU': 0.08699998614514133, 'DNP': 0.06018337438279267, 'PEO': 0.05933822800621122, 'LPP': 0.04277954042368156, 'CPS': 0.039126120778131476, 'SPL': 0.036162246789136494, 'PGE': 0.026454253921191422, 'OPL': 0.01966111015784946, 'CCC': 0.01934031689258967, 'ACP': 0.01846532928203056, 'TPE': 0.014110640638005578, 'JSW': 0.010504114360134665, 'MRC': 0.00679101224662927}"
590,2021-04-06,134386.86335280188,7.275957614183426e-11,"{'KGH': 0.14174586139386267, 'PKO': 0.13167337916804767, 'ALE': 0.10457647295798031, 'CDR': 0.0942546032767806, 'PKN': 0.087833409179803, 'PZU': 0.08699998614514133, 'DNP': 0.06018337438279267, 'PEO': 0.05933822800621122, 'LPP': 0.04277954042368156, 'CPS': 0.039126120778131476, 'SPL': 0.036162246789136494, 'PGE': 0.026454253921191422, 'OPL': 0.01966111015784946, 'CCC': 0.01934031689258967, 'ACP': 0.01846532928203056, 'TPE': 0.014110640638005578, 'JSW': 0.010504114360134665, 'MRC': 0.00679101224662927}"
591,2021-04-07,133190.9877072738,7.275957614183426e-11,"{'KGH': 0.14174586139386267, 'PKO': 0.13167337916804767, 'ALE': 0.10457647295798031, 'CDR': 0.0942546032767806, 'PKN': 0.087833409179803, 'PZU': 0.08699998614514133, 'DNP': 0.06018337438279267, 'PEO': 0.05933822800621122, 'LPP': 0.04277954042368156, 'CPS': 0.039126120778131476, 'SPL': 0.036162246789136494, 'PGE': 0.026454253921191422, 'OPL': 0.01966111015784946, 'CCC': 0.01934031689258967, 'ACP': 0.01846532928203056, 'TPE': 0.014110640638005578, 'JSW': 0.010504114360134665, 'MRC': 0.00679101224662927}"
592,2021-04-08,131960.69850274548,7.275957614183426e-11,"{'KGH': 0.14174586139386267, 'PKO': 0.13167337916804767, 'ALE': 0.10457647295798031, 'CDR': 0.0942546032767806, 'PKN': 0.087833409179803, 'PZU': 0.08699998614514133, 'DNP': 0.06018337438279267, 'PEO': 0.05933822800621122, 'LPP': 0.04277954042368156, 'CPS': 0.039126120778131476, 'SPL': 0.036162246789136494, 'PGE': 0.026454253921191422, 'OPL': 0.01966111015784946, 'CCC': 0.01934031689258967, 'ACP': 0.01846532928203056, 'TPE': 0.014110640638005578, 'JSW': 0.010504114360134665, 'MRC': 0.00679101224662927}"
593,2021-04-09,131646.85886956763,7.275957614183426e-11,"{'KGH': 0.14174586139386267, 'PKO': 0.13167337916804767, 'ALE': 0.10457647295798031, 'CDR': 0.0942546032767806, 'PKN': 0.087833409179803, 'PZU': 0.08699998614514133, 'DNP': 0.06018337438279267, 'PEO': 0.05933822800621122, 'LPP': 0.04277954042368156, 'CPS': 0.039126120778131476, 'SPL': 0.036162246789136494, 'PGE': 0.026454253921191422, 'OPL': 0.01966111015784946, 'CCC': 0.01934031689258967, 'ACP': 0.01846532928203056, 'TPE': 0.014110640638005578, 'JSW': 0.010504114360134665, 'MRC': 0.00679101224662927}"
594,2021-04-12,131857.0603785662,7.275957614183426e-11,"{'KGH': 0.14174586139386267, 'PKO': 0.13167337916804767, 'ALE': 0.10457647295798031, 'CDR': 0.0942546032767806, 'PKN': 0.087833409179803, 'PZU': 0.08699998614514133, 'DNP': 0.06018337438279267, 'PEO': 0.05933822800621122, 'LPP': 0.04277954042368156, 'CPS': 0.039126120778131476, 'SPL': 0.036162246789136494, 'PGE': 0.026454253921191422, 'OPL': 0.01966111015784946, 'CCC': 0.01934031689258967, 'ACP': 0.01846532928203056, 'TPE': 0.014110640638005578, 'JSW': 0.010504114360134665, 'MRC': 0.00679101224662927}"
595,2021-04-13,131376.49432119995,7.275957614183426e-11,"{'KGH': 0.14174586139386267, 'PKO': 0.13167337916804767, 'ALE': 0.10457647295798031, 'CDR': 0.0942546032767806, 'PKN': 0.087833409179803, 'PZU': 0.08699998614514133, 'DNP': 0.06018337438279267, 'PEO': 0.05933822800621122, 'LPP': 0.04277954042368156, 'CPS': 0.039126120778131476, 'SPL': 0.036162246789136494, 'PGE': 0.026454253921191422, 'OPL': 0.01966111015784946, 'CCC': 0.01934031689258967, 'ACP': 0.01846532928203056, 'TPE': 0.014110640638005578, 'JSW': 0.010504114360134665, 'MRC': 0.00679101224662927}"
596,2021-04-14,133863.388407612,7.275957614183426e-11,"{'KGH': 0.14174586139386267, 'PKO': 0.13167337916804767, 'ALE': 0.10457647295798031, 'CDR': 0.0942546032767806, 'PKN': 0.087833409179803, 'PZU': 0.08699998614514133, 'DNP': 0.06018337438279267, 'PEO': 0.05933822800621122, 'LPP': 0.04277954042368156, 'CPS': 0.039126120778131476, 'SPL': 0.036162246789136494, 'PGE': 0.026454253921191422, 'OPL': 0.01966111015784946, 'CCC': 0.01934031689258967, 'ACP': 0.01846532928203056, 'TPE': 0.014110640638005578, 'JSW': 0.010504114360134665, 'MRC': 0.00679101224662927}"
597,2021-04-15,134236.72049332433,7.275957614183426e-11,"{'KGH': 0.14174586139386267, 'PKO': 0.13167337916804767, 'ALE': 0.10457647295798031, 'CDR': 0.0942546032767806, 'PKN': 0.087833409179803, 'PZU': 0.08699998614514133, 'DNP': 0.06018337438279267, 'PEO': 0.05933822800621122, 'LPP': 0.04277954042368156, 'CPS': 0.039126120778131476, 'SPL': 0.036162246789136494, 'PGE': 0.026454253921191422, 'OPL': 0.01966111015784946, 'CCC': 0.01934031689258967, 'ACP': 0.01846532928203056, 'TPE': 0.014110640638005578, 'JSW': 0.010504114360134665, 'MRC': 0.00679101224662927}"
598,2021-04-16,133534.4106637821,0.0,"{'ALE': 0.09723258275249115, 'CDR': 0.0724127238827291, 'PZU': 0.08185254338350408, 'DNP': 0.06160489333368856, 'LPP': 0.0442221065831248, 'CPS': 0.040196459899940536, 'PGE': 0.034625586655082266, 'CCC': 0.021236486425689517, 'ACP': 0.018189790318902135, 'TPE': 0.017267861918033933, 'JSW': 0.010980818453028014, 'MRC': 0.006126721242506471, 'CCE': 0.14888934400885068, 'PBG': 0.13637776373307625, 'BST': 0.08986507212610995, 'YAN': 0.06262498063160693, 'MEG': 0.03541667435617319, 'FON': 0.020877590295462406}"
599,2021-04-19,133024.04564235572,0.0,"{'ALE': 0.09723258275249115, 'CDR': 0.0724127238827291, 'PZU': 0.08185254338350408, 'DNP': 0.06160489333368856, 'LPP': 0.0442221065831248, 'CPS': 0.040196459899940536, 'PGE': 0.034625586655082266, 'CCC': 0.021236486425689517, 'ACP': 0.018189790318902135, 'TPE': 0.017267861918033933, 'JSW': 0.010980818453028014, 'MRC': 0.006126721242506471, 'CCE': 0.14888934400885068, 'PBG': 0.13637776373307625, 'BST': 0.08986507212610995, 'YAN': 0.06262498063160693, 'MEG': 0.03541667435617319, 'FON': 0.020877590295462406}"
600,2021-04-20,132165.87901739596,0.0,"{'ALE': 0.09723258275249115, 'CDR': 0.0724127238827291, 'PZU': 0.08185254338350408, 'DNP': 0.06160489333368856, 'LPP': 0.0442221065831248, 'CPS': 0.040196459899940536, 'PGE': 0.034625586655082266, 'CCC': 0.021236486425689517, 'ACP': 0.018189790318902135, 'TPE': 0.017267861918033933, 'JSW': 0.010980818453028014, 'MRC': 0.006126721242506471, 'CCE': 0.14888934400885068, 'PBG': 0.13637776373307625, 'BST': 0.08986507212610995, 'YAN': 0.06262498063160693, 'MEG': 0.03541667435617319, 'FON': 0.020877590295462406}"
601,2021-04-21,130533.42238950393,0.0,"{'ALE': 0.09723258275249115, 'CDR': 0.0724127238827291, 'PZU': 0.08185254338350408, 'DNP': 0.06160489333368856, 'LPP': 0.0442221065831248, 'CPS': 0.040196459899940536, 'PGE': 0.034625586655082266, 'CCC': 0.021236486425689517, 'ACP': 0.018189790318902135, 'TPE': 0.017267861918033933, 'JSW': 0.010980818453028014, 'MRC': 0.006126721242506471, 'CCE': 0.14888934400885068, 'PBG': 0.13637776373307625, 'BST': 0.08986507212610995, 'YAN': 0.06262498063160693, 'MEG': 0.03541667435617319, 'FON': 0.020877590295462406}"
602,2021-04-22,131534.5480281028,0.0,"{'ALE': 0.09723258275249115, 'CDR': 0.0724127238827291, 'PZU': 0.08185254338350408, 'DNP': 0.06160489333368856, 'LPP': 0.0442221065831248, 'CPS': 0.040196459899940536, 'PGE': 0.034625586655082266, 'CCC': 0.021236486425689517, 'ACP': 0.018189790318902135, 'TPE': 0.017267861918033933, 'JSW': 0.010980818453028014, 'MRC': 0.006126721242506471, 'CCE': 0.14888934400885068, 'PBG': 0.13637776373307625, 'BST': 0.08986507212610995, 'YAN': 0.06262498063160693, 'MEG': 0.03541667435617319, 'FON': 0.020877590295462406}"
603,2021-04-23,131604.993366827,0.0,"{'ALE': 0.09723258275249115, 'CDR': 0.0724127238827291, 'PZU': 0.08185254338350408, 'DNP': 0.06160489333368856, 'LPP': 0.0442221065831248, 'CPS': 0.040196459899940536, 'PGE': 0.034625586655082266, 'CCC': 0.021236486425689517, 'ACP': 0.018189790318902135, 'TPE': 0.017267861918033933, 'JSW': 0.010980818453028014, 'MRC': 0.006126721242506471, 'CCE': 0.14888934400885068, 'PBG': 0.13637776373307625, 'BST': 0.08986507212610995, 'YAN': 0.06262498063160693, 'MEG': 0.03541667435617319, 'FON': 0.020877590295462406}"
604,2021-04-26,132213.27065756015,0.0,"{'ALE': 0.09723258275249115, 'CDR': 0.0724127238827291, 'PZU': 0.08185254338350408, 'DNP': 0.06160489333368856, 'LPP': 0.0442221065831248, 'CPS': 0.040196459899940536, 'PGE': 0.034625586655082266, 'CCC': 0.021236486425689517, 'ACP': 0.018189790318902135, 'TPE': 0.017267861918033933, 'JSW': 0.010980818453028014, 'MRC': 0.006126721242506471, 'CCE': 0.14888934400885068, 'PBG': 0.13637776373307625, 'BST': 0.08986507212610995, 'YAN': 0.06262498063160693, 'MEG': 0.03541667435617319, 'FON': 0.020877590295462406}"
605,2021-04-27,131173.35168038274,0.0,"{'ALE': 0.09723258275249115, 'CDR': 0.0724127238827291, 'PZU': 0.08185254338350408, 'DNP': 0.06160489333368856, 'LPP': 0.0442221065831248, 'CPS': 0.040196459899940536, 'PGE': 0.034625586655082266, 'CCC': 0.021236486425689517, 'ACP': 0.018189790318902135, 'TPE': 0.017267861918033933, 'JSW': 0.010980818453028014, 'MRC': 0.006126721242506471, 'CCE': 0.14888934400885068, 'PBG': 0.13637776373307625, 'BST': 0.08986507212610995, 'YAN': 0.06262498063160693, 'MEG': 0.03541667435617319, 'FON': 0.020877590295462406}"
606,2021-04-28,131293.89888340092,0.0,"{'ALE': 0.09723258275249115, 'CDR': 0.0724127238827291, 'PZU': 0.08185254338350408, 'DNP': 0.06160489333368856, 'LPP': 0.0442221065831248, 'CPS': 0.040196459899940536, 'PGE': 0.034625586655082266, 'CCC': 0.021236486425689517, 'ACP': 0.018189790318902135, 'TPE': 0.017267861918033933, 'JSW': 0.010980818453028014, 'MRC': 0.006126721242506471, 'CCE': 0.14888934400885068, 'PBG': 0.13637776373307625, 'BST': 0.08986507212610995, 'YAN': 0.06262498063160693, 'MEG': 0.03541667435617319, 'FON': 0.020877590295462406}"
607,2021-04-29,132256.00516293518,0.0,"{'ALE': 0.09723258275249115, 'CDR': 0.0724127238827291, 'PZU': 0.08185254338350408, 'DNP': 0.06160489333368856, 'LPP': 0.0442221065831248, 'CPS': 0.040196459899940536, 'PGE': 0.034625586655082266, 'CCC': 0.021236486425689517, 'ACP': 0.018189790318902135, 'TPE': 0.017267861918033933, 'JSW': 0.010980818453028014, 'MRC': 0.006126721242506471, 'CCE': 0.14888934400885068, 'PBG': 0.13637776373307625, 'BST': 0.08986507212610995, 'YAN': 0.06262498063160693, 'MEG': 0.03541667435617319, 'FON': 0.020877590295462406}"
608,2021-04-30,132371.72546815034,0.0,"{'ALE': 0.09723258275249115, 'CDR': 0.0724127238827291, 'PZU': 0.08185254338350408, 'DNP': 0.06160489333368856, 'LPP': 0.0442221065831248, 'CPS': 0.040196459899940536, 'PGE': 0.034625586655082266, 'CCC': 0.021236486425689517, 'ACP': 0.018189790318902135, 'TPE': 0.017267861918033933, 'JSW': 0.010980818453028014, 'MRC': 0.006126721242506471, 'CCE': 0.14888934400885068, 'PBG': 0.13637776373307625, 'BST': 0.08986507212610995, 'YAN': 0.06262498063160693, 'MEG': 0.03541667435617319, 'FON': 0.020877590295462406}"
609,2021-05-03,132371.72546815034,0.0,"{'ALE': 0.09723258275249115, 'CDR': 0.0724127238827291, 'PZU': 0.08185254338350408, 'DNP': 0.06160489333368856, 'LPP': 0.0442221065831248, 'CPS': 0.040196459899940536, 'PGE': 0.034625586655082266, 'CCC': 0.021236486425689517, 'ACP': 0.018189790318902135, 'TPE': 0.017267861918033933, 'JSW': 0.010980818453028014, 'MRC': 0.006126721242506471, 'CCE': 0.14888934400885068, 'PBG': 0.13637776373307625, 'BST': 0.08986507212610995, 'YAN': 0.06262498063160693, 'MEG': 0.03541667435617319, 'FON': 0.020877590295462406}"
610,2021-05-04,130537.90251562721,0.0,"{'ALE': 0.09723258275249115, 'CDR': 0.0724127238827291, 'PZU': 0.08185254338350408, 'DNP': 0.06160489333368856, 'LPP': 0.0442221065831248, 'CPS': 0.040196459899940536, 'PGE': 0.034625586655082266, 'CCC': 0.021236486425689517, 'ACP': 0.018189790318902135, 'TPE': 0.017267861918033933, 'JSW': 0.010980818453028014, 'MRC': 0.006126721242506471, 'CCE': 0.14888934400885068, 'PBG': 0.13637776373307625, 'BST': 0.08986507212610995, 'YAN': 0.06262498063160693, 'MEG': 0.03541667435617319, 'FON': 0.020877590295462406}"
611,2021-05-05,133961.741173748,0.0,"{'ALE': 0.09723258275249115, 'CDR': 0.0724127238827291, 'PZU': 0.08185254338350408, 'DNP': 0.06160489333368856, 'LPP': 0.0442221065831248, 'CPS': 0.040196459899940536, 'PGE': 0.034625586655082266, 'CCC': 0.021236486425689517, 'ACP': 0.018189790318902135, 'TPE': 0.017267861918033933, 'JSW': 0.010980818453028014, 'MRC': 0.006126721242506471, 'CCE': 0.14888934400885068, 'PBG': 0.13637776373307625, 'BST': 0.08986507212610995, 'YAN': 0.06262498063160693, 'MEG': 0.03541667435617319, 'FON': 0.020877590295462406}"
612,2021-05-06,133356.87441471068,0.0,"{'ALE': 0.09723258275249115, 'CDR': 0.0724127238827291, 'PZU': 0.08185254338350408, 'DNP': 0.06160489333368856, 'LPP': 0.0442221065831248, 'CPS': 0.040196459899940536, 'PGE': 0.034625586655082266, 'CCC': 0.021236486425689517, 'ACP': 0.018189790318902135, 'TPE': 0.017267861918033933, 'JSW': 0.010980818453028014, 'MRC': 0.006126721242506471, 'CCE': 0.14888934400885068, 'PBG': 0.13637776373307625, 'BST': 0.08986507212610995, 'YAN': 0.06262498063160693, 'MEG': 0.03541667435617319, 'FON': 0.020877590295462406}"
613,2021-05-07,135805.25815432228,0.0,"{'ALE': 0.09723258275249115, 'CDR': 0.0724127238827291, 'PZU': 0.08185254338350408, 'DNP': 0.06160489333368856, 'LPP': 0.0442221065831248, 'CPS': 0.040196459899940536, 'PGE': 0.034625586655082266, 'CCC': 0.021236486425689517, 'ACP': 0.018189790318902135, 'TPE': 0.017267861918033933, 'JSW': 0.010980818453028014, 'MRC': 0.006126721242506471, 'CCE': 0.14888934400885068, 'PBG': 0.13637776373307625, 'BST': 0.08986507212610995, 'YAN': 0.06262498063160693, 'MEG': 0.03541667435617319, 'FON': 0.020877590295462406}"
614,2021-05-10,135546.51683886256,0.0,"{'ALE': 0.09723258275249115, 'CDR': 0.0724127238827291, 'PZU': 0.08185254338350408, 'DNP': 0.06160489333368856, 'LPP': 0.0442221065831248, 'CPS': 0.040196459899940536, 'PGE': 0.034625586655082266, 'CCC': 0.021236486425689517, 'ACP': 0.018189790318902135, 'TPE': 0.017267861918033933, 'JSW': 0.010980818453028014, 'MRC': 0.006126721242506471, 'CCE': 0.14888934400885068, 'PBG': 0.13637776373307625, 'BST': 0.08986507212610995, 'YAN': 0.06262498063160693, 'MEG': 0.03541667435617319, 'FON': 0.020877590295462406}"
615,2021-05-11,136315.3055613357,0.0,"{'ALE': 0.09723258275249115, 'CDR': 0.0724127238827291, 'PZU': 0.08185254338350408, 'DNP': 0.06160489333368856, 'LPP': 0.0442221065831248, 'CPS': 0.040196459899940536, 'PGE': 0.034625586655082266, 'CCC': 0.021236486425689517, 'ACP': 0.018189790318902135, 'TPE': 0.017267861918033933, 'JSW': 0.010980818453028014, 'MRC': 0.006126721242506471, 'CCE': 0.14888934400885068, 'PBG': 0.13637776373307625, 'BST': 0.08986507212610995, 'YAN': 0.06262498063160693, 'MEG': 0.03541667435617319, 'FON': 0.020877590295462406}"
616,2021-05-12,135842.41878468974,0.0,"{'ALE': 0.09723258275249115, 'CDR': 0.0724127238827291, 'PZU': 0.08185254338350408, 'DNP': 0.06160489333368856, 'LPP': 0.0442221065831248, 'CPS': 0.040196459899940536, 'PGE': 0.034625586655082266, 'CCC': 0.021236486425689517, 'ACP': 0.018189790318902135, 'TPE': 0.017267861918033933, 'JSW': 0.010980818453028014, 'MRC': 0.006126721242506471, 'CCE': 0.14888934400885068, 'PBG': 0.13637776373307625, 'BST': 0.08986507212610995, 'YAN': 0.06262498063160693, 'MEG': 0.03541667435617319, 'FON': 0.020877590295462406}"
617,2021-05-13,135420.56750782952,0.0,"{'ALE': 0.09723258275249115, 'CDR': 0.0724127238827291, 'PZU': 0.08185254338350408, 'DNP': 0.06160489333368856, 'LPP': 0.0442221065831248, 'CPS': 0.040196459899940536, 'PGE': 0.034625586655082266, 'CCC': 0.021236486425689517, 'ACP': 0.018189790318902135, 'TPE': 0.017267861918033933, 'JSW': 0.010980818453028014, 'MRC': 0.006126721242506471, 'CCE': 0.14888934400885068, 'PBG': 0.13637776373307625, 'BST': 0.08986507212610995, 'YAN': 0.06262498063160693, 'MEG': 0.03541667435617319, 'FON': 0.020877590295462406}"
618,2021-05-14,136007.4251166447,0.0,"{'ALE': 0.09723258275249115, 'CDR': 0.0724127238827291, 'PZU': 0.08185254338350408, 'DNP': 0.06160489333368856, 'LPP': 0.0442221065831248, 'CPS': 0.040196459899940536, 'PGE': 0.034625586655082266, 'CCC': 0.021236486425689517, 'ACP': 0.018189790318902135, 'TPE': 0.017267861918033933, 'JSW': 0.010980818453028014, 'MRC': 0.006126721242506471, 'CCE': 0.14888934400885068, 'PBG': 0.13637776373307625, 'BST': 0.08986507212610995, 'YAN': 0.06262498063160693, 'MEG': 0.03541667435617319, 'FON': 0.020877590295462406}"
619,2021-05-17,137017.86222689855,0.0,"{'ALE': 0.09723258275249115, 'CDR': 0.0724127238827291, 'PZU': 0.08185254338350408, 'DNP': 0.06160489333368856, 'LPP': 0.0442221065831248, 'CPS': 0.040196459899940536, 'PGE': 0.034625586655082266, 'CCC': 0.021236486425689517, 'ACP': 0.018189790318902135, 'TPE': 0.017267861918033933, 'JSW': 0.010980818453028014, 'MRC': 0.006126721242506471, 'CCE': 0.14888934400885068, 'PBG': 0.13637776373307625, 'BST': 0.08986507212610995, 'YAN': 0.06262498063160693, 'MEG': 0.03541667435617319, 'FON': 0.020877590295462406}"
620,2021-05-18,137081.22966143608,0.0,"{'ALE': 0.09723258275249115, 'CDR': 0.0724127238827291, 'PZU': 0.08185254338350408, 'DNP': 0.06160489333368856, 'LPP': 0.0442221065831248, 'CPS': 0.040196459899940536, 'PGE': 0.034625586655082266, 'CCC': 0.021236486425689517, 'ACP': 0.018189790318902135, 'TPE': 0.017267861918033933, 'JSW': 0.010980818453028014, 'MRC': 0.006126721242506471, 'CCE': 0.14888934400885068, 'PBG': 0.13637776373307625, 'BST': 0.08986507212610995, 'YAN': 0.06262498063160693, 'MEG': 0.03541667435617319, 'FON': 0.020877590295462406}"
621,2021-05-19,136182.44618477323,0.0,"{'ALE': 0.09723258275249115, 'CDR': 0.0724127238827291, 'PZU': 0.08185254338350408, 'DNP': 0.06160489333368856, 'LPP': 0.0442221065831248, 'CPS': 0.040196459899940536, 'PGE': 0.034625586655082266, 'CCC': 0.021236486425689517, 'ACP': 0.018189790318902135, 'TPE': 0.017267861918033933, 'JSW': 0.010980818453028014, 'MRC': 0.006126721242506471, 'CCE': 0.14888934400885068, 'PBG': 0.13637776373307625, 'BST': 0.08986507212610995, 'YAN': 0.06262498063160693, 'MEG': 0.03541667435617319, 'FON': 0.020877590295462406}"
622,2021-05-20,139453.57974912305,0.0,"{'ALE': 0.09723258275249115, 'CDR': 0.0724127238827291, 'PZU': 0.08185254338350408, 'DNP': 0.06160489333368856, 'LPP': 0.0442221065831248, 'CPS': 0.040196459899940536, 'PGE': 0.034625586655082266, 'CCC': 0.021236486425689517, 'ACP': 0.018189790318902135, 'TPE': 0.017267861918033933, 'JSW': 0.010980818453028014, 'MRC': 0.006126721242506471, 'CCE': 0.14888934400885068, 'PBG': 0.13637776373307625, 'BST': 0.08986507212610995, 'YAN': 0.06262498063160693, 'MEG': 0.03541667435617319, 'FON': 0.020877590295462406}"
623,2021-05-21,144875.40417106348,0.0,"{'ALE': 0.09723258275249115, 'CDR': 0.0724127238827291, 'PZU': 0.08185254338350408, 'DNP': 0.06160489333368856, 'LPP': 0.0442221065831248, 'CPS': 0.040196459899940536, 'PGE': 0.034625586655082266, 'CCC': 0.021236486425689517, 'ACP': 0.018189790318902135, 'TPE': 0.017267861918033933, 'JSW': 0.010980818453028014, 'MRC': 0.006126721242506471, 'CCE': 0.14888934400885068, 'PBG': 0.13637776373307625, 'BST': 0.08986507212610995, 'YAN': 0.06262498063160693, 'MEG': 0.03541667435617319, 'FON': 0.020877590295462406}"
624,2021-05-24,152570.5622325184,0.0,"{'ALE': 0.09723258275249115, 'CDR': 0.0724127238827291, 'PZU': 0.08185254338350408, 'DNP': 0.06160489333368856, 'LPP': 0.0442221065831248, 'CPS': 0.040196459899940536, 'PGE': 0.034625586655082266, 'CCC': 0.021236486425689517, 'ACP': 0.018189790318902135, 'TPE': 0.017267861918033933, 'JSW': 0.010980818453028014, 'MRC': 0.006126721242506471, 'CCE': 0.14888934400885068, 'PBG': 0.13637776373307625, 'BST': 0.08986507212610995, 'YAN': 0.06262498063160693, 'MEG': 0.03541667435617319, 'FON': 0.020877590295462406}"
625,2021-05-25,162471.35625334395,0.0,"{'ALE': 0.09723258275249115, 'CDR': 0.0724127238827291, 'PZU': 0.08185254338350408, 'DNP': 0.06160489333368856, 'LPP': 0.0442221065831248, 'CPS': 0.040196459899940536, 'PGE': 0.034625586655082266, 'CCC': 0.021236486425689517, 'ACP': 0.018189790318902135, 'TPE': 0.017267861918033933, 'JSW': 0.010980818453028014, 'MRC': 0.006126721242506471, 'CCE': 0.14888934400885068, 'PBG': 0.13637776373307625, 'BST': 0.08986507212610995, 'YAN': 0.06262498063160693, 'MEG': 0.03541667435617319, 'FON': 0.020877590295462406}"
626,2021-05-26,176419.0795295308,0.0,"{'ALE': 0.09723258275249115, 'CDR': 0.0724127238827291, 'PZU': 0.08185254338350408, 'DNP': 0.06160489333368856, 'LPP': 0.0442221065831248, 'CPS': 0.040196459899940536, 'PGE': 0.034625586655082266, 'CCC': 0.021236486425689517, 'ACP': 0.018189790318902135, 'TPE': 0.017267861918033933, 'JSW': 0.010980818453028014, 'MRC': 0.006126721242506471, 'CCE': 0.14888934400885068, 'PBG': 0.13637776373307625, 'BST': 0.08986507212610995, 'YAN': 0.06262498063160693, 'MEG': 0.03541667435617319, 'FON': 0.020877590295462406}"
627,2021-05-27,195335.7938596099,0.0,"{'ALE': 0.09723258275249115, 'CDR': 0.0724127238827291, 'PZU': 0.08185254338350408, 'DNP': 0.06160489333368856, 'LPP': 0.0442221065831248, 'CPS': 0.040196459899940536, 'PGE': 0.034625586655082266, 'CCC': 0.021236486425689517, 'ACP': 0.018189790318902135, 'TPE': 0.017267861918033933, 'JSW': 0.010980818453028014, 'MRC': 0.006126721242506471, 'CCE': 0.14888934400885068, 'PBG': 0.13637776373307625, 'BST': 0.08986507212610995, 'YAN': 0.06262498063160693, 'MEG': 0.03541667435617319, 'FON': 0.020877590295462406}"
628,2021-05-28,216732.7637314138,0.0,"{'ALE': 0.09723258275249115, 'CDR': 0.0724127238827291, 'PZU': 0.08185254338350408, 'DNP': 0.06160489333368856, 'LPP': 0.0442221065831248, 'CPS': 0.040196459899940536, 'PGE': 0.034625586655082266, 'CCC': 0.021236486425689517, 'ACP': 0.018189790318902135, 'TPE': 0.017267861918033933, 'JSW': 0.010980818453028014, 'MRC': 0.006126721242506471, 'CCE': 0.14888934400885068, 'PBG': 0.13637776373307625, 'BST': 0.08986507212610995, 'YAN': 0.06262498063160693, 'MEG': 0.03541667435617319, 'FON': 0.020877590295462406}"
629,2021-05-31,218882.94339789523,0.0,"{'ALE': 0.09723258275249115, 'CDR': 0.0724127238827291, 'PZU': 0.08185254338350408, 'DNP': 0.06160489333368856, 'LPP': 0.0442221065831248, 'CPS': 0.040196459899940536, 'PGE': 0.034625586655082266, 'CCC': 0.021236486425689517, 'ACP': 0.018189790318902135, 'TPE': 0.017267861918033933, 'JSW': 0.010980818453028014, 'MRC': 0.006126721242506471, 'CCE': 0.14888934400885068, 'PBG': 0.13637776373307625, 'BST': 0.08986507212610995, 'YAN': 0.06262498063160693, 'MEG': 0.03541667435617319, 'FON': 0.020877590295462406}"
630,2021-06-01,247586.60317775296,0.0,"{'ALE': 0.09723258275249115, 'CDR': 0.0724127238827291, 'PZU': 0.08185254338350408, 'DNP': 0.06160489333368856, 'LPP': 0.0442221065831248, 'CPS': 0.040196459899940536, 'PGE': 0.034625586655082266, 'CCC': 0.021236486425689517, 'ACP': 0.018189790318902135, 'TPE': 0.017267861918033933, 'JSW': 0.010980818453028014, 'MRC': 0.006126721242506471, 'CCE': 0.14888934400885068, 'PBG': 0.13637776373307625, 'BST': 0.08986507212610995, 'YAN': 0.06262498063160693, 'MEG': 0.03541667435617319, 'FON': 0.020877590295462406}"
631,2021-06-02,206814.35803240535,0.0,"{'ALE': 0.09723258275249115, 'CDR': 0.0724127238827291, 'PZU': 0.08185254338350408, 'DNP': 0.06160489333368856, 'LPP': 0.0442221065831248, 'CPS': 0.040196459899940536, 'PGE': 0.034625586655082266, 'CCC': 0.021236486425689517, 'ACP': 0.018189790318902135, 'TPE': 0.017267861918033933, 'JSW': 0.010980818453028014, 'MRC': 0.006126721242506471, 'CCE': 0.14888934400885068, 'PBG': 0.13637776373307625, 'BST': 0.08986507212610995, 'YAN': 0.06262498063160693, 'MEG': 0.03541667435617319, 'FON': 0.020877590295462406}"
632,2021-06-03,206814.35803240535,0.0,"{'ALE': 0.09723258275249115, 'CDR': 0.0724127238827291, 'PZU': 0.08185254338350408, 'DNP': 0.06160489333368856, 'LPP': 0.0442221065831248, 'CPS': 0.040196459899940536, 'PGE': 0.034625586655082266, 'CCC': 0.021236486425689517, 'ACP': 0.018189790318902135, 'TPE': 0.017267861918033933, 'JSW': 0.010980818453028014, 'MRC': 0.006126721242506471, 'CCE': 0.14888934400885068, 'PBG': 0.13637776373307625, 'BST': 0.08986507212610995, 'YAN': 0.06262498063160693, 'MEG': 0.03541667435617319, 'FON': 0.020877590295462406}"
633,2021-06-04,204534.15915266497,0.0,"{'ALE': 0.09723258275249115, 'CDR': 0.0724127238827291, 'PZU': 0.08185254338350408, 'DNP': 0.06160489333368856, 'LPP': 0.0442221065831248, 'CPS': 0.040196459899940536, 'PGE': 0.034625586655082266, 'CCC': 0.021236486425689517, 'ACP': 0.018189790318902135, 'TPE': 0.017267861918033933, 'JSW': 0.010980818453028014, 'MRC': 0.006126721242506471, 'CCE': 0.14888934400885068, 'PBG': 0.13637776373307625, 'BST': 0.08986507212610995, 'YAN': 0.06262498063160693, 'MEG': 0.03541667435617319, 'FON': 0.020877590295462406}"
634,2021-06-07,226109.04148236863,0.0,"{'ALE': 0.09723258275249115, 'CDR': 0.0724127238827291, 'PZU': 0.08185254338350408, 'DNP': 0.06160489333368856, 'LPP': 0.0442221065831248, 'CPS': 0.040196459899940536, 'PGE': 0.034625586655082266, 'CCC': 0.021236486425689517, 'ACP': 0.018189790318902135, 'TPE': 0.017267861918033933, 'JSW': 0.010980818453028014, 'MRC': 0.006126721242506471, 'CCE': 0.14888934400885068, 'PBG': 0.13637776373307625, 'BST': 0.08986507212610995, 'YAN': 0.06262498063160693, 'MEG': 0.03541667435617319, 'FON': 0.020877590295462406}"
635,2021-06-08,220976.81359820865,0.0,"{'ALE': 0.09723258275249115, 'CDR': 0.0724127238827291, 'PZU': 0.08185254338350408, 'DNP': 0.06160489333368856, 'LPP': 0.0442221065831248, 'CPS': 0.040196459899940536, 'PGE': 0.034625586655082266, 'CCC': 0.021236486425689517, 'ACP': 0.018189790318902135, 'TPE': 0.017267861918033933, 'JSW': 0.010980818453028014, 'MRC': 0.006126721242506471, 'CCE': 0.14888934400885068, 'PBG': 0.13637776373307625, 'BST': 0.08986507212610995, 'YAN': 0.06262498063160693, 'MEG': 0.03541667435617319, 'FON': 0.020877590295462406}"
636,2021-06-09,212261.17921983343,0.0,"{'ALE': 0.09723258275249115, 'CDR': 0.0724127238827291, 'PZU': 0.08185254338350408, 'DNP': 0.06160489333368856, 'LPP': 0.0442221065831248, 'CPS': 0.040196459899940536, 'PGE': 0.034625586655082266, 'CCC': 0.021236486425689517, 'ACP': 0.018189790318902135, 'TPE': 0.017267861918033933, 'JSW': 0.010980818453028014, 'MRC': 0.006126721242506471, 'CCE': 0.14888934400885068, 'PBG': 0.13637776373307625, 'BST': 0.08986507212610995, 'YAN': 0.06262498063160693, 'MEG': 0.03541667435617319, 'FON': 0.020877590295462406}"
637,2021-06-10,207834.64493048977,0.0,"{'ALE': 0.09723258275249115, 'CDR': 0.0724127238827291, 'PZU': 0.08185254338350408, 'DNP': 0.06160489333368856, 'LPP': 0.0442221065831248, 'CPS': 0.040196459899940536, 'PGE': 0.034625586655082266, 'CCC': 0.021236486425689517, 'ACP': 0.018189790318902135, 'TPE': 0.017267861918033933, 'JSW': 0.010980818453028014, 'MRC': 0.006126721242506471, 'CCE': 0.14888934400885068, 'PBG': 0.13637776373307625, 'BST': 0.08986507212610995, 'YAN': 0.06262498063160693, 'MEG': 0.03541667435617319, 'FON': 0.020877590295462406}"
638,2021-06-11,202611.29303984114,0.0,"{'ALE': 0.09723258275249115, 'CDR': 0.0724127238827291, 'PZU': 0.08185254338350408, 'DNP': 0.06160489333368856, 'LPP': 0.0442221065831248, 'CPS': 0.040196459899940536, 'PGE': 0.034625586655082266, 'CCC': 0.021236486425689517, 'ACP': 0.018189790318902135, 'TPE': 0.017267861918033933, 'JSW': 0.010980818453028014, 'MRC': 0.006126721242506471, 'CCE': 0.14888934400885068, 'PBG': 0.13637776373307625, 'BST': 0.08986507212610995, 'YAN': 0.06262498063160693, 'MEG': 0.03541667435617319, 'FON': 0.020877590295462406}"
639,2021-06-14,203685.9864858593,0.0,"{'ALE': 0.09723258275249115, 'CDR': 0.0724127238827291, 'PZU': 0.08185254338350408, 'DNP': 0.06160489333368856, 'LPP': 0.0442221065831248, 'CPS': 0.040196459899940536, 'PGE': 0.034625586655082266, 'CCC': 0.021236486425689517, 'ACP': 0.018189790318902135, 'TPE': 0.017267861918033933, 'JSW': 0.010980818453028014, 'MRC': 0.006126721242506471, 'CCE': 0.14888934400885068, 'PBG': 0.13637776373307625, 'BST': 0.08986507212610995, 'YAN': 0.06262498063160693, 'MEG': 0.03541667435617319, 'FON': 0.020877590295462406}"
640,2021-06-15,202793.51251764258,0.0,"{'ALE': 0.09723258275249115, 'CDR': 0.0724127238827291, 'PZU': 0.08185254338350408, 'DNP': 0.06160489333368856, 'LPP': 0.0442221065831248, 'CPS': 0.040196459899940536, 'PGE': 0.034625586655082266, 'CCC': 0.021236486425689517, 'ACP': 0.018189790318902135, 'TPE': 0.017267861918033933, 'JSW': 0.010980818453028014, 'MRC': 0.006126721242506471, 'CCE': 0.14888934400885068, 'PBG': 0.13637776373307625, 'BST': 0.08986507212610995, 'YAN': 0.06262498063160693, 'MEG': 0.03541667435617319, 'FON': 0.020877590295462406}"
641,2021-06-16,207772.1436327543,0.0,"{'ALE': 0.09723258275249115, 'CDR': 0.0724127238827291, 'PZU': 0.08185254338350408, 'DNP': 0.06160489333368856, 'LPP': 0.0442221065831248, 'CPS': 0.040196459899940536, 'PGE': 0.034625586655082266, 'CCC': 0.021236486425689517, 'ACP': 0.018189790318902135, 'TPE': 0.017267861918033933, 'JSW': 0.010980818453028014, 'MRC': 0.006126721242506471, 'CCE': 0.14888934400885068, 'PBG': 0.13637776373307625, 'BST': 0.08986507212610995, 'YAN': 0.06262498063160693, 'MEG': 0.03541667435617319, 'FON': 0.020877590295462406}"
642,2021-06-17,200859.06593158143,0.0,"{'ALE': 0.09723258275249115, 'CDR': 0.0724127238827291, 'PZU': 0.08185254338350408, 'DNP': 0.06160489333368856, 'LPP': 0.0442221065831248, 'CPS': 0.040196459899940536, 'PGE': 0.034625586655082266, 'CCC': 0.021236486425689517, 'ACP': 0.018189790318902135, 'TPE': 0.017267861918033933, 'JSW': 0.010980818453028014, 'MRC': 0.006126721242506471, 'CCE': 0.14888934400885068, 'PBG': 0.13637776373307625, 'BST': 0.08986507212610995, 'YAN': 0.06262498063160693, 'MEG': 0.03541667435617319, 'FON': 0.020877590295462406}"
643,2021-06-18,199699.73713740546,-2.9103830456733704e-11,"{'PKO': 0.14552084090297043, 'KGH': 0.1238666917444291, 'ALE': 0.1017092062460727, 'PKN': 0.10074527975241411, 'PZU': 0.09236702730198898, 'PEO': 0.07417531920714375, 'DNP': 0.06088980460718393, 'CDR': 0.056331992527966696, 'LPP': 0.04949687739111479, 'SPL': 0.03915016307669948, 'CPS': 0.03587046195803179, 'PGE': 0.033434998012302354, 'CCC': 0.020839834315783175, 'OPL': 0.019890868987214618, 'ACP': 0.018191708094845237, 'TPE': 0.015195200458239114, 'JSW': 0.0077103432946195385, 'MRC': 0.004613382120980255}"
644,2021-06-21,199865.9462083705,-2.9103830456733704e-11,"{'PKO': 0.14552084090297043, 'KGH': 0.1238666917444291, 'ALE': 0.1017092062460727, 'PKN': 0.10074527975241411, 'PZU': 0.09236702730198898, 'PEO': 0.07417531920714375, 'DNP': 0.06088980460718393, 'CDR': 0.056331992527966696, 'LPP': 0.04949687739111479, 'SPL': 0.03915016307669948, 'CPS': 0.03587046195803179, 'PGE': 0.033434998012302354, 'CCC': 0.020839834315783175, 'OPL': 0.019890868987214618, 'ACP': 0.018191708094845237, 'TPE': 0.015195200458239114, 'JSW': 0.0077103432946195385, 'MRC': 0.004613382120980255}"
645,2021-06-22,199800.78640640783,-2.9103830456733704e-11,"{'PKO': 0.14552084090297043, 'KGH': 0.1238666917444291, 'ALE': 0.1017092062460727, 'PKN': 0.10074527975241411, 'PZU': 0.09236702730198898, 'PEO': 0.07417531920714375, 'DNP': 0.06088980460718393, 'CDR': 0.056331992527966696, 'LPP': 0.04949687739111479, 'SPL': 0.03915016307669948, 'CPS': 0.03587046195803179, 'PGE': 0.033434998012302354, 'CCC': 0.020839834315783175, 'OPL': 0.019890868987214618, 'ACP': 0.018191708094845237, 'TPE': 0.015195200458239114, 'JSW': 0.0077103432946195385, 'MRC': 0.004613382120980255}"
646,2021-06-23,201200.19638317515,-2.9103830456733704e-11,"{'PKO': 0.14552084090297043, 'KGH': 0.1238666917444291, 'ALE': 0.1017092062460727, 'PKN': 0.10074527975241411, 'PZU': 0.09236702730198898, 'PEO': 0.07417531920714375, 'DNP': 0.06088980460718393, 'CDR': 0.056331992527966696, 'LPP': 0.04949687739111479, 'SPL': 0.03915016307669948, 'CPS': 0.03587046195803179, 'PGE': 0.033434998012302354, 'CCC': 0.020839834315783175, 'OPL': 0.019890868987214618, 'ACP': 0.018191708094845237, 'TPE': 0.015195200458239114, 'JSW': 0.0077103432946195385, 'MRC': 0.004613382120980255}"
647,2021-06-24,204678.9804999715,-2.9103830456733704e-11,"{'PKO': 0.14552084090297043, 'KGH': 0.1238666917444291, 'ALE': 0.1017092062460727, 'PKN': 0.10074527975241411, 'PZU': 0.09236702730198898, 'PEO': 0.07417531920714375, 'DNP': 0.06088980460718393, 'CDR': 0.056331992527966696, 'LPP': 0.04949687739111479, 'SPL': 0.03915016307669948, 'CPS': 0.03587046195803179, 'PGE': 0.033434998012302354, 'CCC': 0.020839834315783175, 'OPL': 0.019890868987214618, 'ACP': 0.018191708094845237, 'TPE': 0.015195200458239114, 'JSW': 0.0077103432946195385, 'MRC': 0.004613382120980255}"
648,2021-06-25,205401.5855042188,-2.9103830456733704e-11,"{'PKO': 0.14552084090297043, 'KGH': 0.1238666917444291, 'ALE': 0.1017092062460727, 'PKN': 0.10074527975241411, 'PZU': 0.09236702730198898, 'PEO': 0.07417531920714375, 'DNP': 0.06088980460718393, 'CDR': 0.056331992527966696, 'LPP': 0.04949687739111479, 'SPL': 0.03915016307669948, 'CPS': 0.03587046195803179, 'PGE': 0.033434998012302354, 'CCC': 0.020839834315783175, 'OPL': 0.019890868987214618, 'ACP': 0.018191708094845237, 'TPE': 0.015195200458239114, 'JSW': 0.0077103432946195385, 'MRC': 0.004613382120980255}"
649,2021-06-28,205556.0372548857,-2.9103830456733704e-11,"{'PKO': 0.14552084090297043, 'KGH': 0.1238666917444291, 'ALE': 0.1017092062460727, 'PKN': 0.10074527975241411, 'PZU': 0.09236702730198898, 'PEO': 0.07417531920714375, 'DNP': 0.06088980460718393, 'CDR': 0.056331992527966696, 'LPP': 0.04949687739111479, 'SPL': 0.03915016307669948, 'CPS': 0.03587046195803179, 'PGE': 0.033434998012302354, 'CCC': 0.020839834315783175, 'OPL': 0.019890868987214618, 'ACP': 0.018191708094845237, 'TPE': 0.015195200458239114, 'JSW': 0.0077103432946195385, 'MRC': 0.004613382120980255}"
650,2021-06-29,203296.97492997744,-2.9103830456733704e-11,"{'PKO': 0.14552084090297043, 'KGH': 0.1238666917444291, 'ALE': 0.1017092062460727, 'PKN': 0.10074527975241411, 'PZU': 0.09236702730198898, 'PEO': 0.07417531920714375, 'DNP': 0.06088980460718393, 'CDR': 0.056331992527966696, 'LPP': 0.04949687739111479, 'SPL': 0.03915016307669948, 'CPS': 0.03587046195803179, 'PGE': 0.033434998012302354, 'CCC': 0.020839834315783175, 'OPL': 0.019890868987214618, 'ACP': 0.018191708094845237, 'TPE': 0.015195200458239114, 'JSW': 0.0077103432946195385, 'MRC': 0.004613382120980255}"
651,2021-06-30,199768.37676815546,-2.9103830456733704e-11,"{'PKO': 0.14552084090297043, 'KGH': 0.1238666917444291, 'ALE': 0.1017092062460727, 'PKN': 0.10074527975241411, 'PZU': 0.09236702730198898, 'PEO': 0.07417531920714375, 'DNP': 0.06088980460718393, 'CDR': 0.056331992527966696, 'LPP': 0.04949687739111479, 'SPL': 0.03915016307669948, 'CPS': 0.03587046195803179, 'PGE': 0.033434998012302354, 'CCC': 0.020839834315783175, 'OPL': 0.019890868987214618, 'ACP': 0.018191708094845237, 'TPE': 0.015195200458239114, 'JSW': 0.0077103432946195385, 'MRC': 0.004613382120980255}"
652,2021-07-01,202992.33758296887,-2.9103830456733704e-11,"{'PKO': 0.14552084090297043, 'KGH': 0.1238666917444291, 'ALE': 0.1017092062460727, 'PKN': 0.10074527975241411, 'PZU': 0.09236702730198898, 'PEO': 0.07417531920714375, 'DNP': 0.06088980460718393, 'CDR': 0.056331992527966696, 'LPP': 0.04949687739111479, 'SPL': 0.03915016307669948, 'CPS': 0.03587046195803179, 'PGE': 0.033434998012302354, 'CCC': 0.020839834315783175, 'OPL': 0.019890868987214618, 'ACP': 0.018191708094845237, 'TPE': 0.015195200458239114, 'JSW': 0.0077103432946195385, 'MRC': 0.004613382120980255}"
653,2021-07-02,203076.00040972524,-2.9103830456733704e-11,"{'PKO': 0.14552084090297043, 'KGH': 0.1238666917444291, 'ALE': 0.1017092062460727, 'PKN': 0.10074527975241411, 'PZU': 0.09236702730198898, 'PEO': 0.07417531920714375, 'DNP': 0.06088980460718393, 'CDR': 0.056331992527966696, 'LPP': 0.04949687739111479, 'SPL': 0.03915016307669948, 'CPS': 0.03587046195803179, 'PGE': 0.033434998012302354, 'CCC': 0.020839834315783175, 'OPL': 0.019890868987214618, 'ACP': 0.018191708094845237, 'TPE': 0.015195200458239114, 'JSW': 0.0077103432946195385, 'MRC': 0.004613382120980255}"
654,2021-07-05,204203.41302983172,-2.9103830456733704e-11,"{'PKO': 0.14552084090297043, 'KGH': 0.1238666917444291, 'ALE': 0.1017092062460727, 'PKN': 0.10074527975241411, 'PZU': 0.09236702730198898, 'PEO': 0.07417531920714375, 'DNP': 0.06088980460718393, 'CDR': 0.056331992527966696, 'LPP': 0.04949687739111479, 'SPL': 0.03915016307669948, 'CPS': 0.03587046195803179, 'PGE': 0.033434998012302354, 'CCC': 0.020839834315783175, 'OPL': 0.019890868987214618, 'ACP': 0.018191708094845237, 'TPE': 0.015195200458239114, 'JSW': 0.0077103432946195385, 'MRC': 0.004613382120980255}"
655,2021-07-06,201545.0351327969,-2.9103830456733704e-11,"{'PKO': 0.14552084090297043, 'KGH': 0.1238666917444291, 'ALE': 0.1017092062460727, 'PKN': 0.10074527975241411, 'PZU': 0.09236702730198898, 'PEO': 0.07417531920714375, 'DNP': 0.06088980460718393, 'CDR': 0.056331992527966696, 'LPP': 0.04949687739111479, 'SPL': 0.03915016307669948, 'CPS': 0.03587046195803179, 'PGE': 0.033434998012302354, 'CCC': 0.020839834315783175, 'OPL': 0.019890868987214618, 'ACP': 0.018191708094845237, 'TPE': 0.015195200458239114, 'JSW': 0.0077103432946195385, 'MRC': 0.004613382120980255}"
656,2021-07-07,206793.42015668613,-2.9103830456733704e-11,"{'PKO': 0.14552084090297043, 'KGH': 0.1238666917444291, 'ALE': 0.1017092062460727, 'PKN': 0.10074527975241411, 'PZU': 0.09236702730198898, 'PEO': 0.07417531920714375, 'DNP': 0.06088980460718393, 'CDR': 0.056331992527966696, 'LPP': 0.04949687739111479, 'SPL': 0.03915016307669948, 'CPS': 0.03587046195803179, 'PGE': 0.033434998012302354, 'CCC': 0.020839834315783175, 'OPL': 0.019890868987214618, 'ACP': 0.018191708094845237, 'TPE': 0.015195200458239114, 'JSW': 0.0077103432946195385, 'MRC': 0.004613382120980255}"
657,2021-07-08,202191.70122800296,-2.9103830456733704e-11,"{'PKO': 0.14552084090297043, 'KGH': 0.1238666917444291, 'ALE': 0.1017092062460727, 'PKN': 0.10074527975241411, 'PZU': 0.09236702730198898, 'PEO': 0.07417531920714375, 'DNP': 0.06088980460718393, 'CDR': 0.056331992527966696, 'LPP': 0.04949687739111479, 'SPL': 0.03915016307669948, 'CPS': 0.03587046195803179, 'PGE': 0.033434998012302354, 'CCC': 0.020839834315783175, 'OPL': 0.019890868987214618, 'ACP': 0.018191708094845237, 'TPE': 0.015195200458239114, 'JSW': 0.0077103432946195385, 'MRC': 0.004613382120980255}"
658,2021-07-09,203663.93258558735,-2.9103830456733704e-11,"{'PKO': 0.14552084090297043, 'KGH': 0.1238666917444291, 'ALE': 0.1017092062460727, 'PKN': 0.10074527975241411, 'PZU': 0.09236702730198898, 'PEO': 0.07417531920714375, 'DNP': 0.06088980460718393, 'CDR': 0.056331992527966696, 'LPP': 0.04949687739111479, 'SPL': 0.03915016307669948, 'CPS': 0.03587046195803179, 'PGE': 0.033434998012302354, 'CCC': 0.020839834315783175, 'OPL': 0.019890868987214618, 'ACP': 0.018191708094845237, 'TPE': 0.015195200458239114, 'JSW': 0.0077103432946195385, 'MRC': 0.004613382120980255}"
659,2021-07-12,204059.9018832038,-2.9103830456733704e-11,"{'PKO': 0.14552084090297043, 'KGH': 0.1238666917444291, 'ALE': 0.1017092062460727, 'PKN': 0.10074527975241411, 'PZU': 0.09236702730198898, 'PEO': 0.07417531920714375, 'DNP': 0.06088980460718393, 'CDR': 0.056331992527966696, 'LPP': 0.04949687739111479, 'SPL': 0.03915016307669948, 'CPS': 0.03587046195803179, 'PGE': 0.033434998012302354, 'CCC': 0.020839834315783175, 'OPL': 0.019890868987214618, 'ACP': 0.018191708094845237, 'TPE': 0.015195200458239114, 'JSW': 0.0077103432946195385, 'MRC': 0.004613382120980255}"
660,2021-07-13,204986.0092859042,-2.9103830456733704e-11,"{'PKO': 0.14552084090297043, 'KGH': 0.1238666917444291, 'ALE': 0.1017092062460727, 'PKN': 0.10074527975241411, 'PZU': 0.09236702730198898, 'PEO': 0.07417531920714375, 'DNP': 0.06088980460718393, 'CDR': 0.056331992527966696, 'LPP': 0.04949687739111479, 'SPL': 0.03915016307669948, 'CPS': 0.03587046195803179, 'PGE': 0.033434998012302354, 'CCC': 0.020839834315783175, 'OPL': 0.019890868987214618, 'ACP': 0.018191708094845237, 'TPE': 0.015195200458239114, 'JSW': 0.0077103432946195385, 'MRC': 0.004613382120980255}"
661,2021-07-14,205361.38454503016,-2.9103830456733704e-11,"{'PKO': 0.14552084090297043, 'KGH': 0.1238666917444291, 'ALE': 0.1017092062460727, 'PKN': 0.10074527975241411, 'PZU': 0.09236702730198898, 'PEO': 0.07417531920714375, 'DNP': 0.06088980460718393, 'CDR': 0.056331992527966696, 'LPP': 0.04949687739111479, 'SPL': 0.03915016307669948, 'CPS': 0.03587046195803179, 'PGE': 0.033434998012302354, 'CCC': 0.020839834315783175, 'OPL': 0.019890868987214618, 'ACP': 0.018191708094845237, 'TPE': 0.015195200458239114, 'JSW': 0.0077103432946195385, 'MRC': 0.004613382120980255}"
662,2021-07-15,204698.07961586252,-2.9103830456733704e-11,"{'PKO': 0.14552084090297043, 'KGH': 0.1238666917444291, 'ALE': 0.1017092062460727, 'PKN': 0.10074527975241411, 'PZU': 0.09236702730198898, 'PEO': 0.07417531920714375, 'DNP': 0.06088980460718393, 'CDR': 0.056331992527966696, 'LPP': 0.04949687739111479, 'SPL': 0.03915016307669948, 'CPS': 0.03587046195803179, 'PGE': 0.033434998012302354, 'CCC': 0.020839834315783175, 'OPL': 0.019890868987214618, 'ACP': 0.018191708094845237, 'TPE': 0.015195200458239114, 'JSW': 0.0077103432946195385, 'MRC': 0.004613382120980255}"
663,2021-07-16,204651.5104962506,2.9103830456733704e-11,"{'KGH': 0.12617254294063118, 'ALE': 0.12164313558678416, 'PKN': 0.09279954218460564, 'PZU': 0.08811923697809826, 'PEO': 0.06774750606298548, 'DNP': 0.06476680894274335, 'CDR': 0.05804211108338905, 'LPP': 0.056906349496032856, 'CPS': 0.03846448862705443, 'PGE': 0.028136942929181844, 'CCC': 0.022602096606338246, 'ACP': 0.019283557244481823, 'TPE': 0.014099455986748293, 'JSW': 0.007865773001391248, 'MRC': 0.004891580154934503, 'PBG': 0.1304996524731412, 'IBS': 0.03594188978642102, 'BST': 0.022017329915037243}"
664,2021-07-19,201329.65550147154,2.9103830456733704e-11,"{'KGH': 0.12617254294063118, 'ALE': 0.12164313558678416, 'PKN': 0.09279954218460564, 'PZU': 0.08811923697809826, 'PEO': 0.06774750606298548, 'DNP': 0.06476680894274335, 'CDR': 0.05804211108338905, 'LPP': 0.056906349496032856, 'CPS': 0.03846448862705443, 'PGE': 0.028136942929181844, 'CCC': 0.022602096606338246, 'ACP': 0.019283557244481823, 'TPE': 0.014099455986748293, 'JSW': 0.007865773001391248, 'MRC': 0.004891580154934503, 'PBG': 0.1304996524731412, 'IBS': 0.03594188978642102, 'BST': 0.022017329915037243}"
665,2021-07-20,202688.0469900295,2.9103830456733704e-11,"{'KGH': 0.12617254294063118, 'ALE': 0.12164313558678416, 'PKN': 0.09279954218460564, 'PZU': 0.08811923697809826, 'PEO': 0.06774750606298548, 'DNP': 0.06476680894274335, 'CDR': 0.05804211108338905, 'LPP': 0.056906349496032856, 'CPS': 0.03846448862705443, 'PGE': 0.028136942929181844, 'CCC': 0.022602096606338246, 'ACP': 0.019283557244481823, 'TPE': 0.014099455986748293, 'JSW': 0.007865773001391248, 'MRC': 0.004891580154934503, 'PBG': 0.1304996524731412, 'IBS': 0.03594188978642102, 'BST': 0.022017329915037243}"
666,2021-07-21,204714.6549952132,2.9103830456733704e-11,"{'KGH': 0.12617254294063118, 'ALE': 0.12164313558678416, 'PKN': 0.09279954218460564, 'PZU': 0.08811923697809826, 'PEO': 0.06774750606298548, 'DNP': 0.06476680894274335, 'CDR': 0.05804211108338905, 'LPP': 0.056906349496032856, 'CPS': 0.03846448862705443, 'PGE': 0.028136942929181844, 'CCC': 0.022602096606338246, 'ACP': 0.019283557244481823, 'TPE': 0.014099455986748293, 'JSW': 0.007865773001391248, 'MRC': 0.004891580154934503, 'PBG': 0.1304996524731412, 'IBS': 0.03594188978642102, 'BST': 0.022017329915037243}"
667,2021-07-22,204545.0028579971,2.9103830456733704e-11,"{'KGH': 0.12617254294063118, 'ALE': 0.12164313558678416, 'PKN': 0.09279954218460564, 'PZU': 0.08811923697809826, 'PEO': 0.06774750606298548, 'DNP': 0.06476680894274335, 'CDR': 0.05804211108338905, 'LPP': 0.056906349496032856, 'CPS': 0.03846448862705443, 'PGE': 0.028136942929181844, 'CCC': 0.022602096606338246, 'ACP': 0.019283557244481823, 'TPE': 0.014099455986748293, 'JSW': 0.007865773001391248, 'MRC': 0.004891580154934503, 'PBG': 0.1304996524731412, 'IBS': 0.03594188978642102, 'BST': 0.022017329915037243}"
668,2021-07-23,205819.6715534082,2.9103830456733704e-11,"{'KGH': 0.12617254294063118, 'ALE': 0.12164313558678416, 'PKN': 0.09279954218460564, 'PZU': 0.08811923697809826, 'PEO': 0.06774750606298548, 'DNP': 0.06476680894274335, 'CDR': 0.05804211108338905, 'LPP': 0.056906349496032856, 'CPS': 0.03846448862705443, 'PGE': 0.028136942929181844, 'CCC': 0.022602096606338246, 'ACP': 0.019283557244481823, 'TPE': 0.014099455986748293, 'JSW': 0.007865773001391248, 'MRC': 0.004891580154934503, 'PBG': 0.1304996524731412, 'IBS': 0.03594188978642102, 'BST': 0.022017329915037243}"
669,2021-07-26,204873.05873035322,2.9103830456733704e-11,"{'KGH': 0.12617254294063118, 'ALE': 0.12164313558678416, 'PKN': 0.09279954218460564, 'PZU': 0.08811923697809826, 'PEO': 0.06774750606298548, 'DNP': 0.06476680894274335, 'CDR': 0.05804211108338905, 'LPP': 0.056906349496032856, 'CPS': 0.03846448862705443, 'PGE': 0.028136942929181844, 'CCC': 0.022602096606338246, 'ACP': 0.019283557244481823, 'TPE': 0.014099455986748293, 'JSW': 0.007865773001391248, 'MRC': 0.004891580154934503, 'PBG': 0.1304996524731412, 'IBS': 0.03594188978642102, 'BST': 0.022017329915037243}"
670,2021-07-27,204494.5004068897,2.9103830456733704e-11,"{'KGH': 0.12617254294063118, 'ALE': 0.12164313558678416, 'PKN': 0.09279954218460564, 'PZU': 0.08811923697809826, 'PEO': 0.06774750606298548, 'DNP': 0.06476680894274335, 'CDR': 0.05804211108338905, 'LPP': 0.056906349496032856, 'CPS': 0.03846448862705443, 'PGE': 0.028136942929181844, 'CCC': 0.022602096606338246, 'ACP': 0.019283557244481823, 'TPE': 0.014099455986748293, 'JSW': 0.007865773001391248, 'MRC': 0.004891580154934503, 'PBG': 0.1304996524731412, 'IBS': 0.03594188978642102, 'BST': 0.022017329915037243}"
671,2021-07-28,203383.51038918065,2.9103830456733704e-11,"{'KGH': 0.12617254294063118, 'ALE': 0.12164313558678416, 'PKN': 0.09279954218460564, 'PZU': 0.08811923697809826, 'PEO': 0.06774750606298548, 'DNP': 0.06476680894274335, 'CDR': 0.05804211108338905, 'LPP': 0.056906349496032856, 'CPS': 0.03846448862705443, 'PGE': 0.028136942929181844, 'CCC': 0.022602096606338246, 'ACP': 0.019283557244481823, 'TPE': 0.014099455986748293, 'JSW': 0.007865773001391248, 'MRC': 0.004891580154934503, 'PBG': 0.1304996524731412, 'IBS': 0.03594188978642102, 'BST': 0.022017329915037243}"
672,2021-07-29,206462.0974673113,2.9103830456733704e-11,"{'KGH': 0.12617254294063118, 'ALE': 0.12164313558678416, 'PKN': 0.09279954218460564, 'PZU': 0.08811923697809826, 'PEO': 0.06774750606298548, 'DNP': 0.06476680894274335, 'CDR': 0.05804211108338905, 'LPP': 0.056906349496032856, 'CPS': 0.03846448862705443, 'PGE': 0.028136942929181844, 'CCC': 0.022602096606338246, 'ACP': 0.019283557244481823, 'TPE': 0.014099455986748293, 'JSW': 0.007865773001391248, 'MRC': 0.004891580154934503, 'PBG': 0.1304996524731412, 'IBS': 0.03594188978642102, 'BST': 0.022017329915037243}"
673,2021-07-30,205176.87894701312,2.9103830456733704e-11,"{'KGH': 0.12617254294063118, 'ALE': 0.12164313558678416, 'PKN': 0.09279954218460564, 'PZU': 0.08811923697809826, 'PEO': 0.06774750606298548, 'DNP': 0.06476680894274335, 'CDR': 0.05804211108338905, 'LPP': 0.056906349496032856, 'CPS': 0.03846448862705443, 'PGE': 0.028136942929181844, 'CCC': 0.022602096606338246, 'ACP': 0.019283557244481823, 'TPE': 0.014099455986748293, 'JSW': 0.007865773001391248, 'MRC': 0.004891580154934503, 'PBG': 0.1304996524731412, 'IBS': 0.03594188978642102, 'BST': 0.022017329915037243}"
674,2021-08-02,205176.64373308537,2.9103830456733704e-11,"{'KGH': 0.12617254294063118, 'ALE': 0.12164313558678416, 'PKN': 0.09279954218460564, 'PZU': 0.08811923697809826, 'PEO': 0.06774750606298548, 'DNP': 0.06476680894274335, 'CDR': 0.05804211108338905, 'LPP': 0.056906349496032856, 'CPS': 0.03846448862705443, 'PGE': 0.028136942929181844, 'CCC': 0.022602096606338246, 'ACP': 0.019283557244481823, 'TPE': 0.014099455986748293, 'JSW': 0.007865773001391248, 'MRC': 0.004891580154934503, 'PBG': 0.1304996524731412, 'IBS': 0.03594188978642102, 'BST': 0.022017329915037243}"
675,2021-08-03,205908.13151732518,2.9103830456733704e-11,"{'KGH': 0.12617254294063118, 'ALE': 0.12164313558678416, 'PKN': 0.09279954218460564, 'PZU': 0.08811923697809826, 'PEO': 0.06774750606298548, 'DNP': 0.06476680894274335, 'CDR': 0.05804211108338905, 'LPP': 0.056906349496032856, 'CPS': 0.03846448862705443, 'PGE': 0.028136942929181844, 'CCC': 0.022602096606338246, 'ACP': 0.019283557244481823, 'TPE': 0.014099455986748293, 'JSW': 0.007865773001391248, 'MRC': 0.004891580154934503, 'PBG': 0.1304996524731412, 'IBS': 0.03594188978642102, 'BST': 0.022017329915037243}"
676,2021-08-04,203206.3917953593,2.9103830456733704e-11,"{'KGH': 0.12617254294063118, 'ALE': 0.12164313558678416, 'PKN': 0.09279954218460564, 'PZU': 0.08811923697809826, 'PEO': 0.06774750606298548, 'DNP': 0.06476680894274335, 'CDR': 0.05804211108338905, 'LPP': 0.056906349496032856, 'CPS': 0.03846448862705443, 'PGE': 0.028136942929181844, 'CCC': 0.022602096606338246, 'ACP': 0.019283557244481823, 'TPE': 0.014099455986748293, 'JSW': 0.007865773001391248, 'MRC': 0.004891580154934503, 'PBG': 0.1304996524731412, 'IBS': 0.03594188978642102, 'BST': 0.022017329915037243}"
677,2021-08-05,202895.73002709067,2.9103830456733704e-11,"{'KGH': 0.12617254294063118, 'ALE': 0.12164313558678416, 'PKN': 0.09279954218460564, 'PZU': 0.08811923697809826, 'PEO': 0.06774750606298548, 'DNP': 0.06476680894274335, 'CDR': 0.05804211108338905, 'LPP': 0.056906349496032856, 'CPS': 0.03846448862705443, 'PGE': 0.028136942929181844, 'CCC': 0.022602096606338246, 'ACP': 0.019283557244481823, 'TPE': 0.014099455986748293, 'JSW': 0.007865773001391248, 'MRC': 0.004891580154934503, 'PBG': 0.1304996524731412, 'IBS': 0.03594188978642102, 'BST': 0.022017329915037243}"
678,2021-08-06,202392.7063723705,2.9103830456733704e-11,"{'KGH': 0.12617254294063118, 'ALE': 0.12164313558678416, 'PKN': 0.09279954218460564, 'PZU': 0.08811923697809826, 'PEO': 0.06774750606298548, 'DNP': 0.06476680894274335, 'CDR': 0.05804211108338905, 'LPP': 0.056906349496032856, 'CPS': 0.03846448862705443, 'PGE': 0.028136942929181844, 'CCC': 0.022602096606338246, 'ACP': 0.019283557244481823, 'TPE': 0.014099455986748293, 'JSW': 0.007865773001391248, 'MRC': 0.004891580154934503, 'PBG': 0.1304996524731412, 'IBS': 0.03594188978642102, 'BST': 0.022017329915037243}"
679,2021-08-09,200004.45820656992,2.9103830456733704e-11,"{'KGH': 0.12617254294063118, 'ALE': 0.12164313558678416, 'PKN': 0.09279954218460564, 'PZU': 0.08811923697809826, 'PEO': 0.06774750606298548, 'DNP': 0.06476680894274335, 'CDR': 0.05804211108338905, 'LPP': 0.056906349496032856, 'CPS': 0.03846448862705443, 'PGE': 0.028136942929181844, 'CCC': 0.022602096606338246, 'ACP': 0.019283557244481823, 'TPE': 0.014099455986748293, 'JSW': 0.007865773001391248, 'MRC': 0.004891580154934503, 'PBG': 0.1304996524731412, 'IBS': 0.03594188978642102, 'BST': 0.022017329915037243}"
680,2021-08-10,200582.72954928371,2.9103830456733704e-11,"{'KGH': 0.12617254294063118, 'ALE': 0.12164313558678416, 'PKN': 0.09279954218460564, 'PZU': 0.08811923697809826, 'PEO': 0.06774750606298548, 'DNP': 0.06476680894274335, 'CDR': 0.05804211108338905, 'LPP': 0.056906349496032856, 'CPS': 0.03846448862705443, 'PGE': 0.028136942929181844, 'CCC': 0.022602096606338246, 'ACP': 0.019283557244481823, 'TPE': 0.014099455986748293, 'JSW': 0.007865773001391248, 'MRC': 0.004891580154934503, 'PBG': 0.1304996524731412, 'IBS': 0.03594188978642102, 'BST': 0.022017329915037243}"
681,2021-08-11,195594.62651090385,2.9103830456733704e-11,"{'KGH': 0.12617254294063118, 'ALE': 0.12164313558678416, 'PKN': 0.09279954218460564, 'PZU': 0.08811923697809826, 'PEO': 0.06774750606298548, 'DNP': 0.06476680894274335, 'CDR': 0.05804211108338905, 'LPP': 0.056906349496032856, 'CPS': 0.03846448862705443, 'PGE': 0.028136942929181844, 'CCC': 0.022602096606338246, 'ACP': 0.019283557244481823, 'TPE': 0.014099455986748293, 'JSW': 0.007865773001391248, 'MRC': 0.004891580154934503, 'PBG': 0.1304996524731412, 'IBS': 0.03594188978642102, 'BST': 0.022017329915037243}"
682,2021-08-12,198498.5710916498,2.9103830456733704e-11,"{'KGH': 0.12617254294063118, 'ALE': 0.12164313558678416, 'PKN': 0.09279954218460564, 'PZU': 0.08811923697809826, 'PEO': 0.06774750606298548, 'DNP': 0.06476680894274335, 'CDR': 0.05804211108338905, 'LPP': 0.056906349496032856, 'CPS': 0.03846448862705443, 'PGE': 0.028136942929181844, 'CCC': 0.022602096606338246, 'ACP': 0.019283557244481823, 'TPE': 0.014099455986748293, 'JSW': 0.007865773001391248, 'MRC': 0.004891580154934503, 'PBG': 0.1304996524731412, 'IBS': 0.03594188978642102, 'BST': 0.022017329915037243}"
683,2021-08-13,199236.210058618,2.9103830456733704e-11,"{'KGH': 0.12617254294063118, 'ALE': 0.12164313558678416, 'PKN': 0.09279954218460564, 'PZU': 0.08811923697809826, 'PEO': 0.06774750606298548, 'DNP': 0.06476680894274335, 'CDR': 0.05804211108338905, 'LPP': 0.056906349496032856, 'CPS': 0.03846448862705443, 'PGE': 0.028136942929181844, 'CCC': 0.022602096606338246, 'ACP': 0.019283557244481823, 'TPE': 0.014099455986748293, 'JSW': 0.007865773001391248, 'MRC': 0.004891580154934503, 'PBG': 0.1304996524731412, 'IBS': 0.03594188978642102, 'BST': 0.022017329915037243}"
684,2021-08-16,197433.86805194453,2.9103830456733704e-11,"{'KGH': 0.12617254294063118, 'ALE': 0.12164313558678416, 'PKN': 0.09279954218460564, 'PZU': 0.08811923697809826, 'PEO': 0.06774750606298548, 'DNP': 0.06476680894274335, 'CDR': 0.05804211108338905, 'LPP': 0.056906349496032856, 'CPS': 0.03846448862705443, 'PGE': 0.028136942929181844, 'CCC': 0.022602096606338246, 'ACP': 0.019283557244481823, 'TPE': 0.014099455986748293, 'JSW': 0.007865773001391248, 'MRC': 0.004891580154934503, 'PBG': 0.1304996524731412, 'IBS': 0.03594188978642102, 'BST': 0.022017329915037243}"
685,2021-08-17,198656.47938462853,2.9103830456733704e-11,"{'KGH': 0.12617254294063118, 'ALE': 0.12164313558678416, 'PKN': 0.09279954218460564, 'PZU': 0.08811923697809826, 'PEO': 0.06774750606298548, 'DNP': 0.06476680894274335, 'CDR': 0.05804211108338905, 'LPP': 0.056906349496032856, 'CPS': 0.03846448862705443, 'PGE': 0.028136942929181844, 'CCC': 0.022602096606338246, 'ACP': 0.019283557244481823, 'TPE': 0.014099455986748293, 'JSW': 0.007865773001391248, 'MRC': 0.004891580154934503, 'PBG': 0.1304996524731412, 'IBS': 0.03594188978642102, 'BST': 0.022017329915037243}"
686,2021-08-18,196448.85591149842,2.9103830456733704e-11,"{'KGH': 0.12617254294063118, 'ALE': 0.12164313558678416, 'PKN': 0.09279954218460564, 'PZU': 0.08811923697809826, 'PEO': 0.06774750606298548, 'DNP': 0.06476680894274335, 'CDR': 0.05804211108338905, 'LPP': 0.056906349496032856, 'CPS': 0.03846448862705443, 'PGE': 0.028136942929181844, 'CCC': 0.022602096606338246, 'ACP': 0.019283557244481823, 'TPE': 0.014099455986748293, 'JSW': 0.007865773001391248, 'MRC': 0.004891580154934503, 'PBG': 0.1304996524731412, 'IBS': 0.03594188978642102, 'BST': 0.022017329915037243}"
687,2021-08-19,195023.78334593913,2.9103830456733704e-11,"{'KGH': 0.12617254294063118, 'ALE': 0.12164313558678416, 'PKN': 0.09279954218460564, 'PZU': 0.08811923697809826, 'PEO': 0.06774750606298548, 'DNP': 0.06476680894274335, 'CDR': 0.05804211108338905, 'LPP': 0.056906349496032856, 'CPS': 0.03846448862705443, 'PGE': 0.028136942929181844, 'CCC': 0.022602096606338246, 'ACP': 0.019283557244481823, 'TPE': 0.014099455986748293, 'JSW': 0.007865773001391248, 'MRC': 0.004891580154934503, 'PBG': 0.1304996524731412, 'IBS': 0.03594188978642102, 'BST': 0.022017329915037243}"
688,2021-08-20,195981.2534776156,2.9103830456733704e-11,"{'KGH': 0.12617254294063118, 'ALE': 0.12164313558678416, 'PKN': 0.09279954218460564, 'PZU': 0.08811923697809826, 'PEO': 0.06774750606298548, 'DNP': 0.06476680894274335, 'CDR': 0.05804211108338905, 'LPP': 0.056906349496032856, 'CPS': 0.03846448862705443, 'PGE': 0.028136942929181844, 'CCC': 0.022602096606338246, 'ACP': 0.019283557244481823, 'TPE': 0.014099455986748293, 'JSW': 0.007865773001391248, 'MRC': 0.004891580154934503, 'PBG': 0.1304996524731412, 'IBS': 0.03594188978642102, 'BST': 0.022017329915037243}"
689,2021-08-23,199045.82522509765,2.9103830456733704e-11,"{'KGH': 0.12617254294063118, 'ALE': 0.12164313558678416, 'PKN': 0.09279954218460564, 'PZU': 0.08811923697809826, 'PEO': 0.06774750606298548, 'DNP': 0.06476680894274335, 'CDR': 0.05804211108338905, 'LPP': 0.056906349496032856, 'CPS': 0.03846448862705443, 'PGE': 0.028136942929181844, 'CCC': 0.022602096606338246, 'ACP': 0.019283557244481823, 'TPE': 0.014099455986748293, 'JSW': 0.007865773001391248, 'MRC': 0.004891580154934503, 'PBG': 0.1304996524731412, 'IBS': 0.03594188978642102, 'BST': 0.022017329915037243}"
690,2021-08-24,200150.40824815526,2.9103830456733704e-11,"{'KGH': 0.12617254294063118, 'ALE': 0.12164313558678416, 'PKN': 0.09279954218460564, 'PZU': 0.08811923697809826, 'PEO': 0.06774750606298548, 'DNP': 0.06476680894274335, 'CDR': 0.05804211108338905, 'LPP': 0.056906349496032856, 'CPS': 0.03846448862705443, 'PGE': 0.028136942929181844, 'CCC': 0.022602096606338246, 'ACP': 0.019283557244481823, 'TPE': 0.014099455986748293, 'JSW': 0.007865773001391248, 'MRC': 0.004891580154934503, 'PBG': 0.1304996524731412, 'IBS': 0.03594188978642102, 'BST': 0.022017329915037243}"
691,2021-08-25,203337.65954032267,2.9103830456733704e-11,"{'KGH': 0.12617254294063118, 'ALE': 0.12164313558678416, 'PKN': 0.09279954218460564, 'PZU': 0.08811923697809826, 'PEO': 0.06774750606298548, 'DNP': 0.06476680894274335, 'CDR': 0.05804211108338905, 'LPP': 0.056906349496032856, 'CPS': 0.03846448862705443, 'PGE': 0.028136942929181844, 'CCC': 0.022602096606338246, 'ACP': 0.019283557244481823, 'TPE': 0.014099455986748293, 'JSW': 0.007865773001391248, 'MRC': 0.004891580154934503, 'PBG': 0.1304996524731412, 'IBS': 0.03594188978642102, 'BST': 0.022017329915037243}"
692,2021-08-26,202502.62135797416,2.9103830456733704e-11,"{'KGH': 0.12617254294063118, 'ALE': 0.12164313558678416, 'PKN': 0.09279954218460564, 'PZU': 0.08811923697809826, 'PEO': 0.06774750606298548, 'DNP': 0.06476680894274335, 'CDR': 0.05804211108338905, 'LPP': 0.056906349496032856, 'CPS': 0.03846448862705443, 'PGE': 0.028136942929181844, 'CCC': 0.022602096606338246, 'ACP': 0.019283557244481823, 'TPE': 0.014099455986748293, 'JSW': 0.007865773001391248, 'MRC': 0.004891580154934503, 'PBG': 0.1304996524731412, 'IBS': 0.03594188978642102, 'BST': 0.022017329915037243}"
693,2021-08-27,201868.9438773365,2.9103830456733704e-11,"{'KGH': 0.12617254294063118, 'ALE': 0.12164313558678416, 'PKN': 0.09279954218460564, 'PZU': 0.08811923697809826, 'PEO': 0.06774750606298548, 'DNP': 0.06476680894274335, 'CDR': 0.05804211108338905, 'LPP': 0.056906349496032856, 'CPS': 0.03846448862705443, 'PGE': 0.028136942929181844, 'CCC': 0.022602096606338246, 'ACP': 0.019283557244481823, 'TPE': 0.014099455986748293, 'JSW': 0.007865773001391248, 'MRC': 0.004891580154934503, 'PBG': 0.1304996524731412, 'IBS': 0.03594188978642102, 'BST': 0.022017329915037243}"
694,2021-08-30,205313.50510684037,2.9103830456733704e-11,"{'KGH': 0.12617254294063118, 'ALE': 0.12164313558678416, 'PKN': 0.09279954218460564, 'PZU': 0.08811923697809826, 'PEO': 0.06774750606298548, 'DNP': 0.06476680894274335, 'CDR': 0.05804211108338905, 'LPP': 0.056906349496032856, 'CPS': 0.03846448862705443, 'PGE': 0.028136942929181844, 'CCC': 0.022602096606338246, 'ACP': 0.019283557244481823, 'TPE': 0.014099455986748293, 'JSW': 0.007865773001391248, 'MRC': 0.004891580154934503, 'PBG': 0.1304996524731412, 'IBS': 0.03594188978642102, 'BST': 0.022017329915037243}"
695,2021-08-31,206038.65617818,2.9103830456733704e-11,"{'KGH': 0.12617254294063118, 'ALE': 0.12164313558678416, 'PKN': 0.09279954218460564, 'PZU': 0.08811923697809826, 'PEO': 0.06774750606298548, 'DNP': 0.06476680894274335, 'CDR': 0.05804211108338905, 'LPP': 0.056906349496032856, 'CPS': 0.03846448862705443, 'PGE': 0.028136942929181844, 'CCC': 0.022602096606338246, 'ACP': 0.019283557244481823, 'TPE': 0.014099455986748293, 'JSW': 0.007865773001391248, 'MRC': 0.004891580154934503, 'PBG': 0.1304996524731412, 'IBS': 0.03594188978642102, 'BST': 0.022017329915037243}"
696,2021-09-01,208430.4531451336,2.9103830456733704e-11,"{'KGH': 0.12617254294063118, 'ALE': 0.12164313558678416, 'PKN': 0.09279954218460564, 'PZU': 0.08811923697809826, 'PEO': 0.06774750606298548, 'DNP': 0.06476680894274335, 'CDR': 0.05804211108338905, 'LPP': 0.056906349496032856, 'CPS': 0.03846448862705443, 'PGE': 0.028136942929181844, 'CCC': 0.022602096606338246, 'ACP': 0.019283557244481823, 'TPE': 0.014099455986748293, 'JSW': 0.007865773001391248, 'MRC': 0.004891580154934503, 'PBG': 0.1304996524731412, 'IBS': 0.03594188978642102, 'BST': 0.022017329915037243}"
697,2021-09-02,210921.78933773856,2.9103830456733704e-11,"{'KGH': 0.12617254294063118, 'ALE': 0.12164313558678416, 'PKN': 0.09279954218460564, 'PZU': 0.08811923697809826, 'PEO': 0.06774750606298548, 'DNP': 0.06476680894274335, 'CDR': 0.05804211108338905, 'LPP': 0.056906349496032856, 'CPS': 0.03846448862705443, 'PGE': 0.028136942929181844, 'CCC': 0.022602096606338246, 'ACP': 0.019283557244481823, 'TPE': 0.014099455986748293, 'JSW': 0.007865773001391248, 'MRC': 0.004891580154934503, 'PBG': 0.1304996524731412, 'IBS': 0.03594188978642102, 'BST': 0.022017329915037243}"
698,2021-09-03,208184.30955242884,2.9103830456733704e-11,"{'KGH': 0.12617254294063118, 'ALE': 0.12164313558678416, 'PKN': 0.09279954218460564, 'PZU': 0.08811923697809826, 'PEO': 0.06774750606298548, 'DNP': 0.06476680894274335, 'CDR': 0.05804211108338905, 'LPP': 0.056906349496032856, 'CPS': 0.03846448862705443, 'PGE': 0.028136942929181844, 'CCC': 0.022602096606338246, 'ACP': 0.019283557244481823, 'TPE': 0.014099455986748293, 'JSW': 0.007865773001391248, 'MRC': 0.004891580154934503, 'PBG': 0.1304996524731412, 'IBS': 0.03594188978642102, 'BST': 0.022017329915037243}"
699,2021-09-06,210533.03142341023,2.9103830456733704e-11,"{'KGH': 0.12617254294063118, 'ALE': 0.12164313558678416, 'PKN': 0.09279954218460564, 'PZU': 0.08811923697809826, 'PEO': 0.06774750606298548, 'DNP': 0.06476680894274335, 'CDR': 0.05804211108338905, 'LPP': 0.056906349496032856, 'CPS': 0.03846448862705443, 'PGE': 0.028136942929181844, 'CCC': 0.022602096606338246, 'ACP': 0.019283557244481823, 'TPE': 0.014099455986748293, 'JSW': 0.007865773001391248, 'MRC': 0.004891580154934503, 'PBG': 0.1304996524731412, 'IBS': 0.03594188978642102, 'BST': 0.022017329915037243}"
700,2021-09-07,208298.2821795836,2.9103830456733704e-11,"{'KGH': 0.12617254294063118, 'ALE': 0.12164313558678416, 'PKN': 0.09279954218460564, 'PZU': 0.08811923697809826, 'PEO': 0.06774750606298548, 'DNP': 0.06476680894274335, 'CDR': 0.05804211108338905, 'LPP': 0.056906349496032856, 'CPS': 0.03846448862705443, 'PGE': 0.028136942929181844, 'CCC': 0.022602096606338246, 'ACP': 0.019283557244481823, 'TPE': 0.014099455986748293, 'JSW': 0.007865773001391248, 'MRC': 0.004891580154934503, 'PBG': 0.1304996524731412, 'IBS': 0.03594188978642102, 'BST': 0.022017329915037243}"
701,2021-09-08,206769.27236185942,2.9103830456733704e-11,"{'KGH': 0.12617254294063118, 'ALE': 0.12164313558678416, 'PKN': 0.09279954218460564, 'PZU': 0.08811923697809826, 'PEO': 0.06774750606298548, 'DNP': 0.06476680894274335, 'CDR': 0.05804211108338905, 'LPP': 0.056906349496032856, 'CPS': 0.03846448862705443, 'PGE': 0.028136942929181844, 'CCC': 0.022602096606338246, 'ACP': 0.019283557244481823, 'TPE': 0.014099455986748293, 'JSW': 0.007865773001391248, 'MRC': 0.004891580154934503, 'PBG': 0.1304996524731412, 'IBS': 0.03594188978642102, 'BST': 0.022017329915037243}"
702,2021-09-09,206574.80734463665,2.9103830456733704e-11,"{'KGH': 0.12617254294063118, 'ALE': 0.12164313558678416, 'PKN': 0.09279954218460564, 'PZU': 0.08811923697809826, 'PEO': 0.06774750606298548, 'DNP': 0.06476680894274335, 'CDR': 0.05804211108338905, 'LPP': 0.056906349496032856, 'CPS': 0.03846448862705443, 'PGE': 0.028136942929181844, 'CCC': 0.022602096606338246, 'ACP': 0.019283557244481823, 'TPE': 0.014099455986748293, 'JSW': 0.007865773001391248, 'MRC': 0.004891580154934503, 'PBG': 0.1304996524731412, 'IBS': 0.03594188978642102, 'BST': 0.022017329915037243}"
703,2021-09-10,207470.91559340822,2.9103830456733704e-11,"{'KGH': 0.12617254294063118, 'ALE': 0.12164313558678416, 'PKN': 0.09279954218460564, 'PZU': 0.08811923697809826, 'PEO': 0.06774750606298548, 'DNP': 0.06476680894274335, 'CDR': 0.05804211108338905, 'LPP': 0.056906349496032856, 'CPS': 0.03846448862705443, 'PGE': 0.028136942929181844, 'CCC': 0.022602096606338246, 'ACP': 0.019283557244481823, 'TPE': 0.014099455986748293, 'JSW': 0.007865773001391248, 'MRC': 0.004891580154934503, 'PBG': 0.1304996524731412, 'IBS': 0.03594188978642102, 'BST': 0.022017329915037243}"
704,2021-09-13,207736.4633175363,2.9103830456733704e-11,"{'KGH': 0.12617254294063118, 'ALE': 0.12164313558678416, 'PKN': 0.09279954218460564, 'PZU': 0.08811923697809826, 'PEO': 0.06774750606298548, 'DNP': 0.06476680894274335, 'CDR': 0.05804211108338905, 'LPP': 0.056906349496032856, 'CPS': 0.03846448862705443, 'PGE': 0.028136942929181844, 'CCC': 0.022602096606338246, 'ACP': 0.019283557244481823, 'TPE': 0.014099455986748293, 'JSW': 0.007865773001391248, 'MRC': 0.004891580154934503, 'PBG': 0.1304996524731412, 'IBS': 0.03594188978642102, 'BST': 0.022017329915037243}"
705,2021-09-14,207603.006202182,2.9103830456733704e-11,"{'KGH': 0.12617254294063118, 'ALE': 0.12164313558678416, 'PKN': 0.09279954218460564, 'PZU': 0.08811923697809826, 'PEO': 0.06774750606298548, 'DNP': 0.06476680894274335, 'CDR': 0.05804211108338905, 'LPP': 0.056906349496032856, 'CPS': 0.03846448862705443, 'PGE': 0.028136942929181844, 'CCC': 0.022602096606338246, 'ACP': 0.019283557244481823, 'TPE': 0.014099455986748293, 'JSW': 0.007865773001391248, 'MRC': 0.004891580154934503, 'PBG': 0.1304996524731412, 'IBS': 0.03594188978642102, 'BST': 0.022017329915037243}"
706,2021-09-15,203450.01475131966,2.9103830456733704e-11,"{'KGH': 0.12617254294063118, 'ALE': 0.12164313558678416, 'PKN': 0.09279954218460564, 'PZU': 0.08811923697809826, 'PEO': 0.06774750606298548, 'DNP': 0.06476680894274335, 'CDR': 0.05804211108338905, 'LPP': 0.056906349496032856, 'CPS': 0.03846448862705443, 'PGE': 0.028136942929181844, 'CCC': 0.022602096606338246, 'ACP': 0.019283557244481823, 'TPE': 0.014099455986748293, 'JSW': 0.007865773001391248, 'MRC': 0.004891580154934503, 'PBG': 0.1304996524731412, 'IBS': 0.03594188978642102, 'BST': 0.022017329915037243}"
707,2021-09-16,203781.4907082854,2.9103830456733704e-11,"{'KGH': 0.12617254294063118, 'ALE': 0.12164313558678416, 'PKN': 0.09279954218460564, 'PZU': 0.08811923697809826, 'PEO': 0.06774750606298548, 'DNP': 0.06476680894274335, 'CDR': 0.05804211108338905, 'LPP': 0.056906349496032856, 'CPS': 0.03846448862705443, 'PGE': 0.028136942929181844, 'CCC': 0.022602096606338246, 'ACP': 0.019283557244481823, 'TPE': 0.014099455986748293, 'JSW': 0.007865773001391248, 'MRC': 0.004891580154934503, 'PBG': 0.1304996524731412, 'IBS': 0.03594188978642102, 'BST': 0.022017329915037243}"
708,2021-09-17,202422.13638539004,-2.9103830456733704e-11,"{'PKO': 0.14480890042869232, 'ALE': 0.1091534658847455, 'KGH': 0.10225836227166431, 'PZU': 0.09860669663889014, 'PKN': 0.0898175446225866, 'PEO': 0.07838930209059457, 'DNP': 0.06680757448822322, 'LPP': 0.05908855449039759, 'CDR': 0.050889893647636644, 'CPS': 0.04077799876785596, 'SPL': 0.03924314806406296, 'PGE': 0.03206665515528639, 'OPL': 0.0230248922939836, 'ACP': 0.019580005158803752, 'CCC': 0.01884988520595778, 'TPE': 0.015709836474447934, 'JSW': 0.007834133800610103, 'MRC': 0.003093150515560615}"
709,2021-09-20,197405.2011166929,-2.9103830456733704e-11,"{'PKO': 0.14480890042869232, 'ALE': 0.1091534658847455, 'KGH': 0.10225836227166431, 'PZU': 0.09860669663889014, 'PKN': 0.0898175446225866, 'PEO': 0.07838930209059457, 'DNP': 0.06680757448822322, 'LPP': 0.05908855449039759, 'CDR': 0.050889893647636644, 'CPS': 0.04077799876785596, 'SPL': 0.03924314806406296, 'PGE': 0.03206665515528639, 'OPL': 0.0230248922939836, 'ACP': 0.019580005158803752, 'CCC': 0.01884988520595778, 'TPE': 0.015709836474447934, 'JSW': 0.007834133800610103, 'MRC': 0.003093150515560615}"
710,2021-09-21,197602.4809544676,-2.9103830456733704e-11,"{'PKO': 0.14480890042869232, 'ALE': 0.1091534658847455, 'KGH': 0.10225836227166431, 'PZU': 0.09860669663889014, 'PKN': 0.0898175446225866, 'PEO': 0.07838930209059457, 'DNP': 0.06680757448822322, 'LPP': 0.05908855449039759, 'CDR': 0.050889893647636644, 'CPS': 0.04077799876785596, 'SPL': 0.03924314806406296, 'PGE': 0.03206665515528639, 'OPL': 0.0230248922939836, 'ACP': 0.019580005158803752, 'CCC': 0.01884988520595778, 'TPE': 0.015709836474447934, 'JSW': 0.007834133800610103, 'MRC': 0.003093150515560615}"
711,2021-09-22,202450.2098232087,-2.9103830456733704e-11,"{'PKO': 0.14480890042869232, 'ALE': 0.1091534658847455, 'KGH': 0.10225836227166431, 'PZU': 0.09860669663889014, 'PKN': 0.0898175446225866, 'PEO': 0.07838930209059457, 'DNP': 0.06680757448822322, 'LPP': 0.05908855449039759, 'CDR': 0.050889893647636644, 'CPS': 0.04077799876785596, 'SPL': 0.03924314806406296, 'PGE': 0.03206665515528639, 'OPL': 0.0230248922939836, 'ACP': 0.019580005158803752, 'CCC': 0.01884988520595778, 'TPE': 0.015709836474447934, 'JSW': 0.007834133800610103, 'MRC': 0.003093150515560615}"
712,2021-09-23,201314.05314111133,-2.9103830456733704e-11,"{'PKO': 0.14480890042869232, 'ALE': 0.1091534658847455, 'KGH': 0.10225836227166431, 'PZU': 0.09860669663889014, 'PKN': 0.0898175446225866, 'PEO': 0.07838930209059457, 'DNP': 0.06680757448822322, 'LPP': 0.05908855449039759, 'CDR': 0.050889893647636644, 'CPS': 0.04077799876785596, 'SPL': 0.03924314806406296, 'PGE': 0.03206665515528639, 'OPL': 0.0230248922939836, 'ACP': 0.019580005158803752, 'CCC': 0.01884988520595778, 'TPE': 0.015709836474447934, 'JSW': 0.007834133800610103, 'MRC': 0.003093150515560615}"
713,2021-09-24,199314.40773180922,-2.9103830456733704e-11,"{'PKO': 0.14480890042869232, 'ALE': 0.1091534658847455, 'KGH': 0.10225836227166431, 'PZU': 0.09860669663889014, 'PKN': 0.0898175446225866, 'PEO': 0.07838930209059457, 'DNP': 0.06680757448822322, 'LPP': 0.05908855449039759, 'CDR': 0.050889893647636644, 'CPS': 0.04077799876785596, 'SPL': 0.03924314806406296, 'PGE': 0.03206665515528639, 'OPL': 0.0230248922939836, 'ACP': 0.019580005158803752, 'CCC': 0.01884988520595778, 'TPE': 0.015709836474447934, 'JSW': 0.007834133800610103, 'MRC': 0.003093150515560615}"
714,2021-09-27,198802.66009797552,-2.9103830456733704e-11,"{'PKO': 0.14480890042869232, 'ALE': 0.1091534658847455, 'KGH': 0.10225836227166431, 'PZU': 0.09860669663889014, 'PKN': 0.0898175446225866, 'PEO': 0.07838930209059457, 'DNP': 0.06680757448822322, 'LPP': 0.05908855449039759, 'CDR': 0.050889893647636644, 'CPS': 0.04077799876785596, 'SPL': 0.03924314806406296, 'PGE': 0.03206665515528639, 'OPL': 0.0230248922939836, 'ACP': 0.019580005158803752, 'CCC': 0.01884988520595778, 'TPE': 0.015709836474447934, 'JSW': 0.007834133800610103, 'MRC': 0.003093150515560615}"
715,2021-09-28,197200.83128547357,-2.9103830456733704e-11,"{'PKO': 0.14480890042869232, 'ALE': 0.1091534658847455, 'KGH': 0.10225836227166431, 'PZU': 0.09860669663889014, 'PKN': 0.0898175446225866, 'PEO': 0.07838930209059457, 'DNP': 0.06680757448822322, 'LPP': 0.05908855449039759, 'CDR': 0.050889893647636644, 'CPS': 0.04077799876785596, 'SPL': 0.03924314806406296, 'PGE': 0.03206665515528639, 'OPL': 0.0230248922939836, 'ACP': 0.019580005158803752, 'CCC': 0.01884988520595778, 'TPE': 0.015709836474447934, 'JSW': 0.007834133800610103, 'MRC': 0.003093150515560615}"
716,2021-09-29,198498.63474117505,-2.9103830456733704e-11,"{'PKO': 0.14480890042869232, 'ALE': 0.1091534658847455, 'KGH': 0.10225836227166431, 'PZU': 0.09860669663889014, 'PKN': 0.0898175446225866, 'PEO': 0.07838930209059457, 'DNP': 0.06680757448822322, 'LPP': 0.05908855449039759, 'CDR': 0.050889893647636644, 'CPS': 0.04077799876785596, 'SPL': 0.03924314806406296, 'PGE': 0.03206665515528639, 'OPL': 0.0230248922939836, 'ACP': 0.019580005158803752, 'CCC': 0.01884988520595778, 'TPE': 0.015709836474447934, 'JSW': 0.007834133800610103, 'MRC': 0.003093150515560615}"
717,2021-09-30,199786.73120157848,-2.9103830456733704e-11,"{'PKO': 0.14480890042869232, 'ALE': 0.1091534658847455, 'KGH': 0.10225836227166431, 'PZU': 0.09860669663889014, 'PKN': 0.0898175446225866, 'PEO': 0.07838930209059457, 'DNP': 0.06680757448822322, 'LPP': 0.05908855449039759, 'CDR': 0.050889893647636644, 'CPS': 0.04077799876785596, 'SPL': 0.03924314806406296, 'PGE': 0.03206665515528639, 'OPL': 0.0230248922939836, 'ACP': 0.019580005158803752, 'CCC': 0.01884988520595778, 'TPE': 0.015709836474447934, 'JSW': 0.007834133800610103, 'MRC': 0.003093150515560615}"
718,2021-10-01,201565.7119085494,-2.9103830456733704e-11,"{'PKO': 0.14480890042869232, 'ALE': 0.1091534658847455, 'KGH': 0.10225836227166431, 'PZU': 0.09860669663889014, 'PKN': 0.0898175446225866, 'PEO': 0.07838930209059457, 'DNP': 0.06680757448822322, 'LPP': 0.05908855449039759, 'CDR': 0.050889893647636644, 'CPS': 0.04077799876785596, 'SPL': 0.03924314806406296, 'PGE': 0.03206665515528639, 'OPL': 0.0230248922939836, 'ACP': 0.019580005158803752, 'CCC': 0.01884988520595778, 'TPE': 0.015709836474447934, 'JSW': 0.007834133800610103, 'MRC': 0.003093150515560615}"
719,2021-10-04,202264.23337749887,-2.9103830456733704e-11,"{'PKO': 0.14480890042869232, 'ALE': 0.1091534658847455, 'KGH': 0.10225836227166431, 'PZU': 0.09860669663889014, 'PKN': 0.0898175446225866, 'PEO': 0.07838930209059457, 'DNP': 0.06680757448822322, 'LPP': 0.05908855449039759, 'CDR': 0.050889893647636644, 'CPS': 0.04077799876785596, 'SPL': 0.03924314806406296, 'PGE': 0.03206665515528639, 'OPL': 0.0230248922939836, 'ACP': 0.019580005158803752, 'CCC': 0.01884988520595778, 'TPE': 0.015709836474447934, 'JSW': 0.007834133800610103, 'MRC': 0.003093150515560615}"
720,2021-10-05,204447.7132235733,-2.9103830456733704e-11,"{'PKO': 0.14480890042869232, 'ALE': 0.1091534658847455, 'KGH': 0.10225836227166431, 'PZU': 0.09860669663889014, 'PKN': 0.0898175446225866, 'PEO': 0.07838930209059457, 'DNP': 0.06680757448822322, 'LPP': 0.05908855449039759, 'CDR': 0.050889893647636644, 'CPS': 0.04077799876785596, 'SPL': 0.03924314806406296, 'PGE': 0.03206665515528639, 'OPL': 0.0230248922939836, 'ACP': 0.019580005158803752, 'CCC': 0.01884988520595778, 'TPE': 0.015709836474447934, 'JSW': 0.007834133800610103, 'MRC': 0.003093150515560615}"
721,2021-10-06,203226.15518362305,-2.9103830456733704e-11,"{'PKO': 0.14480890042869232, 'ALE': 0.1091534658847455, 'KGH': 0.10225836227166431, 'PZU': 0.09860669663889014, 'PKN': 0.0898175446225866, 'PEO': 0.07838930209059457, 'DNP': 0.06680757448822322, 'LPP': 0.05908855449039759, 'CDR': 0.050889893647636644, 'CPS': 0.04077799876785596, 'SPL': 0.03924314806406296, 'PGE': 0.03206665515528639, 'OPL': 0.0230248922939836, 'ACP': 0.019580005158803752, 'CCC': 0.01884988520595778, 'TPE': 0.015709836474447934, 'JSW': 0.007834133800610103, 'MRC': 0.003093150515560615}"
722,2021-10-07,204381.09612693216,-2.9103830456733704e-11,"{'PKO': 0.14480890042869232, 'ALE': 0.1091534658847455, 'KGH': 0.10225836227166431, 'PZU': 0.09860669663889014, 'PKN': 0.0898175446225866, 'PEO': 0.07838930209059457, 'DNP': 0.06680757448822322, 'LPP': 0.05908855449039759, 'CDR': 0.050889893647636644, 'CPS': 0.04077799876785596, 'SPL': 0.03924314806406296, 'PGE': 0.03206665515528639, 'OPL': 0.0230248922939836, 'ACP': 0.019580005158803752, 'CCC': 0.01884988520595778, 'TPE': 0.015709836474447934, 'JSW': 0.007834133800610103, 'MRC': 0.003093150515560615}"
723,2021-10-08,208907.84744297102,-2.9103830456733704e-11,"{'PKO': 0.14480890042869232, 'ALE': 0.1091534658847455, 'KGH': 0.10225836227166431, 'PZU': 0.09860669663889014, 'PKN': 0.0898175446225866, 'PEO': 0.07838930209059457, 'DNP': 0.06680757448822322, 'LPP': 0.05908855449039759, 'CDR': 0.050889893647636644, 'CPS': 0.04077799876785596, 'SPL': 0.03924314806406296, 'PGE': 0.03206665515528639, 'OPL': 0.0230248922939836, 'ACP': 0.019580005158803752, 'CCC': 0.01884988520595778, 'TPE': 0.015709836474447934, 'JSW': 0.007834133800610103, 'MRC': 0.003093150515560615}"
724,2021-10-11,213014.12835661045,-2.9103830456733704e-11,"{'PKO': 0.14480890042869232, 'ALE': 0.1091534658847455, 'KGH': 0.10225836227166431, 'PZU': 0.09860669663889014, 'PKN': 0.0898175446225866, 'PEO': 0.07838930209059457, 'DNP': 0.06680757448822322, 'LPP': 0.05908855449039759, 'CDR': 0.050889893647636644, 'CPS': 0.04077799876785596, 'SPL': 0.03924314806406296, 'PGE': 0.03206665515528639, 'OPL': 0.0230248922939836, 'ACP': 0.019580005158803752, 'CCC': 0.01884988520595778, 'TPE': 0.015709836474447934, 'JSW': 0.007834133800610103, 'MRC': 0.003093150515560615}"
725,2021-10-12,213978.47523991522,-2.9103830456733704e-11,"{'PKO': 0.14480890042869232, 'ALE': 0.1091534658847455, 'KGH': 0.10225836227166431, 'PZU': 0.09860669663889014, 'PKN': 0.0898175446225866, 'PEO': 0.07838930209059457, 'DNP': 0.06680757448822322, 'LPP': 0.05908855449039759, 'CDR': 0.050889893647636644, 'CPS': 0.04077799876785596, 'SPL': 0.03924314806406296, 'PGE': 0.03206665515528639, 'OPL': 0.0230248922939836, 'ACP': 0.019580005158803752, 'CCC': 0.01884988520595778, 'TPE': 0.015709836474447934, 'JSW': 0.007834133800610103, 'MRC': 0.003093150515560615}"
726,2021-10-13,212227.53772351352,-2.9103830456733704e-11,"{'PKO': 0.14480890042869232, 'ALE': 0.1091534658847455, 'KGH': 0.10225836227166431, 'PZU': 0.09860669663889014, 'PKN': 0.0898175446225866, 'PEO': 0.07838930209059457, 'DNP': 0.06680757448822322, 'LPP': 0.05908855449039759, 'CDR': 0.050889893647636644, 'CPS': 0.04077799876785596, 'SPL': 0.03924314806406296, 'PGE': 0.03206665515528639, 'OPL': 0.0230248922939836, 'ACP': 0.019580005158803752, 'CCC': 0.01884988520595778, 'TPE': 0.015709836474447934, 'JSW': 0.007834133800610103, 'MRC': 0.003093150515560615}"
727,2021-10-14,212958.81335400758,-2.9103830456733704e-11,"{'PKO': 0.14480890042869232, 'ALE': 0.1091534658847455, 'KGH': 0.10225836227166431, 'PZU': 0.09860669663889014, 'PKN': 0.0898175446225866, 'PEO': 0.07838930209059457, 'DNP': 0.06680757448822322, 'LPP': 0.05908855449039759, 'CDR': 0.050889893647636644, 'CPS': 0.04077799876785596, 'SPL': 0.03924314806406296, 'PGE': 0.03206665515528639, 'OPL': 0.0230248922939836, 'ACP': 0.019580005158803752, 'CCC': 0.01884988520595778, 'TPE': 0.015709836474447934, 'JSW': 0.007834133800610103, 'MRC': 0.003093150515560615}"
728,2021-10-15,212392.29504133476,0.0,"{'ALE': 0.08207406345897299, 'KGH': 0.09777764005900108, 'PZU': 0.09878602038003392, 'PKN': 0.10193836522590463, 'PEO': 0.08927524528264716, 'DNP': 0.06904136481907609, 'LPP': 0.05615993877751193, 'CDR': 0.04678976160464436, 'CPS': 0.042855136575108005, 'SPL': 0.0455386365022597, 'PGE': 0.032578752879602116, 'ACP': 0.020527995187740414, 'CCC': 0.01862008388210768, 'TPE': 0.014916752534952329, 'JSW': 0.007721666832594002, 'MRC': 0.002759833254494851, 'PBG': 0.15034145126877727, 'MEG': 0.02229729147457164}"
729,2021-10-18,212840.62420543822,0.0,"{'ALE': 0.08207406345897299, 'KGH': 0.09777764005900108, 'PZU': 0.09878602038003392, 'PKN': 0.10193836522590463, 'PEO': 0.08927524528264716, 'DNP': 0.06904136481907609, 'LPP': 0.05615993877751193, 'CDR': 0.04678976160464436, 'CPS': 0.042855136575108005, 'SPL': 0.0455386365022597, 'PGE': 0.032578752879602116, 'ACP': 0.020527995187740414, 'CCC': 0.01862008388210768, 'TPE': 0.014916752534952329, 'JSW': 0.007721666832594002, 'MRC': 0.002759833254494851, 'PBG': 0.15034145126877727, 'MEG': 0.02229729147457164}"
730,2021-10-19,211750.36268074796,0.0,"{'ALE': 0.08207406345897299, 'KGH': 0.09777764005900108, 'PZU': 0.09878602038003392, 'PKN': 0.10193836522590463, 'PEO': 0.08927524528264716, 'DNP': 0.06904136481907609, 'LPP': 0.05615993877751193, 'CDR': 0.04678976160464436, 'CPS': 0.042855136575108005, 'SPL': 0.0455386365022597, 'PGE': 0.032578752879602116, 'ACP': 0.020527995187740414, 'CCC': 0.01862008388210768, 'TPE': 0.014916752534952329, 'JSW': 0.007721666832594002, 'MRC': 0.002759833254494851, 'PBG': 0.15034145126877727, 'MEG': 0.02229729147457164}"
731,2021-10-20,209455.3266627683,0.0,"{'ALE': 0.08207406345897299, 'KGH': 0.09777764005900108, 'PZU': 0.09878602038003392, 'PKN': 0.10193836522590463, 'PEO': 0.08927524528264716, 'DNP': 0.06904136481907609, 'LPP': 0.05615993877751193, 'CDR': 0.04678976160464436, 'CPS': 0.042855136575108005, 'SPL': 0.0455386365022597, 'PGE': 0.032578752879602116, 'ACP': 0.020527995187740414, 'CCC': 0.01862008388210768, 'TPE': 0.014916752534952329, 'JSW': 0.007721666832594002, 'MRC': 0.002759833254494851, 'PBG': 0.15034145126877727, 'MEG': 0.02229729147457164}"
732,2021-10-21,207421.486030617,0.0,"{'ALE': 0.08207406345897299, 'KGH': 0.09777764005900108, 'PZU': 0.09878602038003392, 'PKN': 0.10193836522590463, 'PEO': 0.08927524528264716, 'DNP': 0.06904136481907609, 'LPP': 0.05615993877751193, 'CDR': 0.04678976160464436, 'CPS': 0.042855136575108005, 'SPL': 0.0455386365022597, 'PGE': 0.032578752879602116, 'ACP': 0.020527995187740414, 'CCC': 0.01862008388210768, 'TPE': 0.014916752534952329, 'JSW': 0.007721666832594002, 'MRC': 0.002759833254494851, 'PBG': 0.15034145126877727, 'MEG': 0.02229729147457164}"
733,2021-10-22,206975.75780387575,0.0,"{'ALE': 0.08207406345897299, 'KGH': 0.09777764005900108, 'PZU': 0.09878602038003392, 'PKN': 0.10193836522590463, 'PEO': 0.08927524528264716, 'DNP': 0.06904136481907609, 'LPP': 0.05615993877751193, 'CDR': 0.04678976160464436, 'CPS': 0.042855136575108005, 'SPL': 0.0455386365022597, 'PGE': 0.032578752879602116, 'ACP': 0.020527995187740414, 'CCC': 0.01862008388210768, 'TPE': 0.014916752534952329, 'JSW': 0.007721666832594002, 'MRC': 0.002759833254494851, 'PBG': 0.15034145126877727, 'MEG': 0.02229729147457164}"
734,2021-10-25,207208.28358301384,0.0,"{'ALE': 0.08207406345897299, 'KGH': 0.09777764005900108, 'PZU': 0.09878602038003392, 'PKN': 0.10193836522590463, 'PEO': 0.08927524528264716, 'DNP': 0.06904136481907609, 'LPP': 0.05615993877751193, 'CDR': 0.04678976160464436, 'CPS': 0.042855136575108005, 'SPL': 0.0455386365022597, 'PGE': 0.032578752879602116, 'ACP': 0.020527995187740414, 'CCC': 0.01862008388210768, 'TPE': 0.014916752534952329, 'JSW': 0.007721666832594002, 'MRC': 0.002759833254494851, 'PBG': 0.15034145126877727, 'MEG': 0.02229729147457164}"
735,2021-10-26,206476.73034332143,0.0,"{'ALE': 0.08207406345897299, 'KGH': 0.09777764005900108, 'PZU': 0.09878602038003392, 'PKN': 0.10193836522590463, 'PEO': 0.08927524528264716, 'DNP': 0.06904136481907609, 'LPP': 0.05615993877751193, 'CDR': 0.04678976160464436, 'CPS': 0.042855136575108005, 'SPL': 0.0455386365022597, 'PGE': 0.032578752879602116, 'ACP': 0.020527995187740414, 'CCC': 0.01862008388210768, 'TPE': 0.014916752534952329, 'JSW': 0.007721666832594002, 'MRC': 0.002759833254494851, 'PBG': 0.15034145126877727, 'MEG': 0.02229729147457164}"
736,2021-10-27,204788.53957203185,0.0,"{'ALE': 0.08207406345897299, 'KGH': 0.09777764005900108, 'PZU': 0.09878602038003392, 'PKN': 0.10193836522590463, 'PEO': 0.08927524528264716, 'DNP': 0.06904136481907609, 'LPP': 0.05615993877751193, 'CDR': 0.04678976160464436, 'CPS': 0.042855136575108005, 'SPL': 0.0455386365022597, 'PGE': 0.032578752879602116, 'ACP': 0.020527995187740414, 'CCC': 0.01862008388210768, 'TPE': 0.014916752534952329, 'JSW': 0.007721666832594002, 'MRC': 0.002759833254494851, 'PBG': 0.15034145126877727, 'MEG': 0.02229729147457164}"
737,2021-10-28,203751.88693500464,0.0,"{'ALE': 0.08207406345897299, 'KGH': 0.09777764005900108, 'PZU': 0.09878602038003392, 'PKN': 0.10193836522590463, 'PEO': 0.08927524528264716, 'DNP': 0.06904136481907609, 'LPP': 0.05615993877751193, 'CDR': 0.04678976160464436, 'CPS': 0.042855136575108005, 'SPL': 0.0455386365022597, 'PGE': 0.032578752879602116, 'ACP': 0.020527995187740414, 'CCC': 0.01862008388210768, 'TPE': 0.014916752534952329, 'JSW': 0.007721666832594002, 'MRC': 0.002759833254494851, 'PBG': 0.15034145126877727, 'MEG': 0.02229729147457164}"
738,2021-10-29,204219.7220641471,0.0,"{'ALE': 0.08207406345897299, 'KGH': 0.09777764005900108, 'PZU': 0.09878602038003392, 'PKN': 0.10193836522590463, 'PEO': 0.08927524528264716, 'DNP': 0.06904136481907609, 'LPP': 0.05615993877751193, 'CDR': 0.04678976160464436, 'CPS': 0.042855136575108005, 'SPL': 0.0455386365022597, 'PGE': 0.032578752879602116, 'ACP': 0.020527995187740414, 'CCC': 0.01862008388210768, 'TPE': 0.014916752534952329, 'JSW': 0.007721666832594002, 'MRC': 0.002759833254494851, 'PBG': 0.15034145126877727, 'MEG': 0.02229729147457164}"
739,2021-11-01,204219.7220641471,0.0,"{'ALE': 0.08207406345897299, 'KGH': 0.09777764005900108, 'PZU': 0.09878602038003392, 'PKN': 0.10193836522590463, 'PEO': 0.08927524528264716, 'DNP': 0.06904136481907609, 'LPP': 0.05615993877751193, 'CDR': 0.04678976160464436, 'CPS': 0.042855136575108005, 'SPL': 0.0455386365022597, 'PGE': 0.032578752879602116, 'ACP': 0.020527995187740414, 'CCC': 0.01862008388210768, 'TPE': 0.014916752534952329, 'JSW': 0.007721666832594002, 'MRC': 0.002759833254494851, 'PBG': 0.15034145126877727, 'MEG': 0.02229729147457164}"
740,2021-11-02,203623.41926267187,0.0,"{'ALE': 0.08207406345897299, 'KGH': 0.09777764005900108, 'PZU': 0.09878602038003392, 'PKN': 0.10193836522590463, 'PEO': 0.08927524528264716, 'DNP': 0.06904136481907609, 'LPP': 0.05615993877751193, 'CDR': 0.04678976160464436, 'CPS': 0.042855136575108005, 'SPL': 0.0455386365022597, 'PGE': 0.032578752879602116, 'ACP': 0.020527995187740414, 'CCC': 0.01862008388210768, 'TPE': 0.014916752534952329, 'JSW': 0.007721666832594002, 'MRC': 0.002759833254494851, 'PBG': 0.15034145126877727, 'MEG': 0.02229729147457164}"
741,2021-11-03,201812.6666779762,0.0,"{'ALE': 0.08207406345897299, 'KGH': 0.09777764005900108, 'PZU': 0.09878602038003392, 'PKN': 0.10193836522590463, 'PEO': 0.08927524528264716, 'DNP': 0.06904136481907609, 'LPP': 0.05615993877751193, 'CDR': 0.04678976160464436, 'CPS': 0.042855136575108005, 'SPL': 0.0455386365022597, 'PGE': 0.032578752879602116, 'ACP': 0.020527995187740414, 'CCC': 0.01862008388210768, 'TPE': 0.014916752534952329, 'JSW': 0.007721666832594002, 'MRC': 0.002759833254494851, 'PBG': 0.15034145126877727, 'MEG': 0.02229729147457164}"
742,2021-11-04,205204.84641324787,0.0,"{'ALE': 0.08207406345897299, 'KGH': 0.09777764005900108, 'PZU': 0.09878602038003392, 'PKN': 0.10193836522590463, 'PEO': 0.08927524528264716, 'DNP': 0.06904136481907609, 'LPP': 0.05615993877751193, 'CDR': 0.04678976160464436, 'CPS': 0.042855136575108005, 'SPL': 0.0455386365022597, 'PGE': 0.032578752879602116, 'ACP': 0.020527995187740414, 'CCC': 0.01862008388210768, 'TPE': 0.014916752534952329, 'JSW': 0.007721666832594002, 'MRC': 0.002759833254494851, 'PBG': 0.15034145126877727, 'MEG': 0.02229729147457164}"
743,2021-11-05,205756.7245731947,0.0,"{'ALE': 0.08207406345897299, 'KGH': 0.09777764005900108, 'PZU': 0.09878602038003392, 'PKN': 0.10193836522590463, 'PEO': 0.08927524528264716, 'DNP': 0.06904136481907609, 'LPP': 0.05615993877751193, 'CDR': 0.04678976160464436, 'CPS': 0.042855136575108005, 'SPL': 0.0455386365022597, 'PGE': 0.032578752879602116, 'ACP': 0.020527995187740414, 'CCC': 0.01862008388210768, 'TPE': 0.014916752534952329, 'JSW': 0.007721666832594002, 'MRC': 0.002759833254494851, 'PBG': 0.15034145126877727, 'MEG': 0.02229729147457164}"
744,2021-11-08,204766.1190110318,0.0,"{'ALE': 0.08207406345897299, 'KGH': 0.09777764005900108, 'PZU': 0.09878602038003392, 'PKN': 0.10193836522590463, 'PEO': 0.08927524528264716, 'DNP': 0.06904136481907609, 'LPP': 0.05615993877751193, 'CDR': 0.04678976160464436, 'CPS': 0.042855136575108005, 'SPL': 0.0455386365022597, 'PGE': 0.032578752879602116, 'ACP': 0.020527995187740414, 'CCC': 0.01862008388210768, 'TPE': 0.014916752534952329, 'JSW': 0.007721666832594002, 'MRC': 0.002759833254494851, 'PBG': 0.15034145126877727, 'MEG': 0.02229729147457164}"
745,2021-11-09,202765.38755938175,0.0,"{'ALE': 0.08207406345897299, 'KGH': 0.09777764005900108, 'PZU': 0.09878602038003392, 'PKN': 0.10193836522590463, 'PEO': 0.08927524528264716, 'DNP': 0.06904136481907609, 'LPP': 0.05615993877751193, 'CDR': 0.04678976160464436, 'CPS': 0.042855136575108005, 'SPL': 0.0455386365022597, 'PGE': 0.032578752879602116, 'ACP': 0.020527995187740414, 'CCC': 0.01862008388210768, 'TPE': 0.014916752534952329, 'JSW': 0.007721666832594002, 'MRC': 0.002759833254494851, 'PBG': 0.15034145126877727, 'MEG': 0.02229729147457164}"
746,2021-11-10,200693.65444290658,0.0,"{'ALE': 0.08207406345897299, 'KGH': 0.09777764005900108, 'PZU': 0.09878602038003392, 'PKN': 0.10193836522590463, 'PEO': 0.08927524528264716, 'DNP': 0.06904136481907609, 'LPP': 0.05615993877751193, 'CDR': 0.04678976160464436, 'CPS': 0.042855136575108005, 'SPL': 0.0455386365022597, 'PGE': 0.032578752879602116, 'ACP': 0.020527995187740414, 'CCC': 0.01862008388210768, 'TPE': 0.014916752534952329, 'JSW': 0.007721666832594002, 'MRC': 0.002759833254494851, 'PBG': 0.15034145126877727, 'MEG': 0.02229729147457164}"
747,2021-11-11,200693.65444290658,0.0,"{'ALE': 0.08207406345897299, 'KGH': 0.09777764005900108, 'PZU': 0.09878602038003392, 'PKN': 0.10193836522590463, 'PEO': 0.08927524528264716, 'DNP': 0.06904136481907609, 'LPP': 0.05615993877751193, 'CDR': 0.04678976160464436, 'CPS': 0.042855136575108005, 'SPL': 0.0455386365022597, 'PGE': 0.032578752879602116, 'ACP': 0.020527995187740414, 'CCC': 0.01862008388210768, 'TPE': 0.014916752534952329, 'JSW': 0.007721666832594002, 'MRC': 0.002759833254494851, 'PBG': 0.15034145126877727, 'MEG': 0.02229729147457164}"
748,2021-11-12,200381.37215960576,0.0,"{'ALE': 0.08207406345897299, 'KGH': 0.09777764005900108, 'PZU': 0.09878602038003392, 'PKN': 0.10193836522590463, 'PEO': 0.08927524528264716, 'DNP': 0.06904136481907609, 'LPP': 0.05615993877751193, 'CDR': 0.04678976160464436, 'CPS': 0.042855136575108005, 'SPL': 0.0455386365022597, 'PGE': 0.032578752879602116, 'ACP': 0.020527995187740414, 'CCC': 0.01862008388210768, 'TPE': 0.014916752534952329, 'JSW': 0.007721666832594002, 'MRC': 0.002759833254494851, 'PBG': 0.15034145126877727, 'MEG': 0.02229729147457164}"
749,2021-11-15,198829.39726594265,0.0,"{'ALE': 0.08207406345897299, 'KGH': 0.09777764005900108, 'PZU': 0.09878602038003392, 'PKN': 0.10193836522590463, 'PEO': 0.08927524528264716, 'DNP': 0.06904136481907609, 'LPP': 0.05615993877751193, 'CDR': 0.04678976160464436, 'CPS': 0.042855136575108005, 'SPL': 0.0455386365022597, 'PGE': 0.032578752879602116, 'ACP': 0.020527995187740414, 'CCC': 0.01862008388210768, 'TPE': 0.014916752534952329, 'JSW': 0.007721666832594002, 'MRC': 0.002759833254494851, 'PBG': 0.15034145126877727, 'MEG': 0.02229729147457164}"
750,2021-11-16,199135.80040146993,0.0,"{'ALE': 0.08207406345897299, 'KGH': 0.09777764005900108, 'PZU': 0.09878602038003392, 'PKN': 0.10193836522590463, 'PEO': 0.08927524528264716, 'DNP': 0.06904136481907609, 'LPP': 0.05615993877751193, 'CDR': 0.04678976160464436, 'CPS': 0.042855136575108005, 'SPL': 0.0455386365022597, 'PGE': 0.032578752879602116, 'ACP': 0.020527995187740414, 'CCC': 0.01862008388210768, 'TPE': 0.014916752534952329, 'JSW': 0.007721666832594002, 'MRC': 0.002759833254494851, 'PBG': 0.15034145126877727, 'MEG': 0.02229729147457164}"
751,2021-11-17,196827.59757169464,0.0,"{'ALE': 0.08207406345897299, 'KGH': 0.09777764005900108, 'PZU': 0.09878602038003392, 'PKN': 0.10193836522590463, 'PEO': 0.08927524528264716, 'DNP': 0.06904136481907609, 'LPP': 0.05615993877751193, 'CDR': 0.04678976160464436, 'CPS': 0.042855136575108005, 'SPL': 0.0455386365022597, 'PGE': 0.032578752879602116, 'ACP': 0.020527995187740414, 'CCC': 0.01862008388210768, 'TPE': 0.014916752534952329, 'JSW': 0.007721666832594002, 'MRC': 0.002759833254494851, 'PBG': 0.15034145126877727, 'MEG': 0.02229729147457164}"
752,2021-11-18,193765.41976828582,0.0,"{'ALE': 0.08207406345897299, 'KGH': 0.09777764005900108, 'PZU': 0.09878602038003392, 'PKN': 0.10193836522590463, 'PEO': 0.08927524528264716, 'DNP': 0.06904136481907609, 'LPP': 0.05615993877751193, 'CDR': 0.04678976160464436, 'CPS': 0.042855136575108005, 'SPL': 0.0455386365022597, 'PGE': 0.032578752879602116, 'ACP': 0.020527995187740414, 'CCC': 0.01862008388210768, 'TPE': 0.014916752534952329, 'JSW': 0.007721666832594002, 'MRC': 0.002759833254494851, 'PBG': 0.15034145126877727, 'MEG': 0.02229729147457164}"
753,2021-11-19,192129.45676954687,0.0,"{'ALE': 0.08207406345897299, 'KGH': 0.09777764005900108, 'PZU': 0.09878602038003392, 'PKN': 0.10193836522590463, 'PEO': 0.08927524528264716, 'DNP': 0.06904136481907609, 'LPP': 0.05615993877751193, 'CDR': 0.04678976160464436, 'CPS': 0.042855136575108005, 'SPL': 0.0455386365022597, 'PGE': 0.032578752879602116, 'ACP': 0.020527995187740414, 'CCC': 0.01862008388210768, 'TPE': 0.014916752534952329, 'JSW': 0.007721666832594002, 'MRC': 0.002759833254494851, 'PBG': 0.15034145126877727, 'MEG': 0.02229729147457164}"
754,2021-11-22,191862.91039150822,0.0,"{'ALE': 0.08207406345897299, 'KGH': 0.09777764005900108, 'PZU': 0.09878602038003392, 'PKN': 0.10193836522590463, 'PEO': 0.08927524528264716, 'DNP': 0.06904136481907609, 'LPP': 0.05615993877751193, 'CDR': 0.04678976160464436, 'CPS': 0.042855136575108005, 'SPL': 0.0455386365022597, 'PGE': 0.032578752879602116, 'ACP': 0.020527995187740414, 'CCC': 0.01862008388210768, 'TPE': 0.014916752534952329, 'JSW': 0.007721666832594002, 'MRC': 0.002759833254494851, 'PBG': 0.15034145126877727, 'MEG': 0.02229729147457164}"
755,2021-11-23,192599.10203422554,0.0,"{'ALE': 0.08207406345897299, 'KGH': 0.09777764005900108, 'PZU': 0.09878602038003392, 'PKN': 0.10193836522590463, 'PEO': 0.08927524528264716, 'DNP': 0.06904136481907609, 'LPP': 0.05615993877751193, 'CDR': 0.04678976160464436, 'CPS': 0.042855136575108005, 'SPL': 0.0455386365022597, 'PGE': 0.032578752879602116, 'ACP': 0.020527995187740414, 'CCC': 0.01862008388210768, 'TPE': 0.014916752534952329, 'JSW': 0.007721666832594002, 'MRC': 0.002759833254494851, 'PBG': 0.15034145126877727, 'MEG': 0.02229729147457164}"
756,2021-11-24,186353.3909247909,0.0,"{'ALE': 0.08207406345897299, 'KGH': 0.09777764005900108, 'PZU': 0.09878602038003392, 'PKN': 0.10193836522590463, 'PEO': 0.08927524528264716, 'DNP': 0.06904136481907609, 'LPP': 0.05615993877751193, 'CDR': 0.04678976160464436, 'CPS': 0.042855136575108005, 'SPL': 0.0455386365022597, 'PGE': 0.032578752879602116, 'ACP': 0.020527995187740414, 'CCC': 0.01862008388210768, 'TPE': 0.014916752534952329, 'JSW': 0.007721666832594002, 'MRC': 0.002759833254494851, 'PBG': 0.15034145126877727, 'MEG': 0.02229729147457164}"
757,2021-11-25,185389.98452499733,0.0,"{'ALE': 0.08207406345897299, 'KGH': 0.09777764005900108, 'PZU': 0.09878602038003392, 'PKN': 0.10193836522590463, 'PEO': 0.08927524528264716, 'DNP': 0.06904136481907609, 'LPP': 0.05615993877751193, 'CDR': 0.04678976160464436, 'CPS': 0.042855136575108005, 'SPL': 0.0455386365022597, 'PGE': 0.032578752879602116, 'ACP': 0.020527995187740414, 'CCC': 0.01862008388210768, 'TPE': 0.014916752534952329, 'JSW': 0.007721666832594002, 'MRC': 0.002759833254494851, 'PBG': 0.15034145126877727, 'MEG': 0.02229729147457164}"
758,2021-11-26,180175.7473205367,0.0,"{'ALE': 0.08207406345897299, 'KGH': 0.09777764005900108, 'PZU': 0.09878602038003392, 'PKN': 0.10193836522590463, 'PEO': 0.08927524528264716, 'DNP': 0.06904136481907609, 'LPP': 0.05615993877751193, 'CDR': 0.04678976160464436, 'CPS': 0.042855136575108005, 'SPL': 0.0455386365022597, 'PGE': 0.032578752879602116, 'ACP': 0.020527995187740414, 'CCC': 0.01862008388210768, 'TPE': 0.014916752534952329, 'JSW': 0.007721666832594002, 'MRC': 0.002759833254494851, 'PBG': 0.15034145126877727, 'MEG': 0.02229729147457164}"
759,2021-11-29,181038.50898817804,0.0,"{'ALE': 0.08207406345897299, 'KGH': 0.09777764005900108, 'PZU': 0.09878602038003392, 'PKN': 0.10193836522590463, 'PEO': 0.08927524528264716, 'DNP': 0.06904136481907609, 'LPP': 0.05615993877751193, 'CDR': 0.04678976160464436, 'CPS': 0.042855136575108005, 'SPL': 0.0455386365022597, 'PGE': 0.032578752879602116, 'ACP': 0.020527995187740414, 'CCC': 0.01862008388210768, 'TPE': 0.014916752534952329, 'JSW': 0.007721666832594002, 'MRC': 0.002759833254494851, 'PBG': 0.15034145126877727, 'MEG': 0.02229729147457164}"
760,2021-11-30,183973.41844313915,0.0,"{'ALE': 0.08207406345897299, 'KGH': 0.09777764005900108, 'PZU': 0.09878602038003392, 'PKN': 0.10193836522590463, 'PEO': 0.08927524528264716, 'DNP': 0.06904136481907609, 'LPP': 0.05615993877751193, 'CDR': 0.04678976160464436, 'CPS': 0.042855136575108005, 'SPL': 0.0455386365022597, 'PGE': 0.032578752879602116, 'ACP': 0.020527995187740414, 'CCC': 0.01862008388210768, 'TPE': 0.014916752534952329, 'JSW': 0.007721666832594002, 'MRC': 0.002759833254494851, 'PBG': 0.15034145126877727, 'MEG': 0.02229729147457164}"
761,2021-12-01,184563.63922597113,0.0,"{'ALE': 0.08207406345897299, 'KGH': 0.09777764005900108, 'PZU': 0.09878602038003392, 'PKN': 0.10193836522590463, 'PEO': 0.08927524528264716, 'DNP': 0.06904136481907609, 'LPP': 0.05615993877751193, 'CDR': 0.04678976160464436, 'CPS': 0.042855136575108005, 'SPL': 0.0455386365022597, 'PGE': 0.032578752879602116, 'ACP': 0.020527995187740414, 'CCC': 0.01862008388210768, 'TPE': 0.014916752534952329, 'JSW': 0.007721666832594002, 'MRC': 0.002759833254494851, 'PBG': 0.15034145126877727, 'MEG': 0.02229729147457164}"
762,2021-12-02,183138.70030156427,0.0,"{'ALE': 0.08207406345897299, 'KGH': 0.09777764005900108, 'PZU': 0.09878602038003392, 'PKN': 0.10193836522590463, 'PEO': 0.08927524528264716, 'DNP': 0.06904136481907609, 'LPP': 0.05615993877751193, 'CDR': 0.04678976160464436, 'CPS': 0.042855136575108005, 'SPL': 0.0455386365022597, 'PGE': 0.032578752879602116, 'ACP': 0.020527995187740414, 'CCC': 0.01862008388210768, 'TPE': 0.014916752534952329, 'JSW': 0.007721666832594002, 'MRC': 0.002759833254494851, 'PBG': 0.15034145126877727, 'MEG': 0.02229729147457164}"
763,2021-12-03,181085.76853532175,0.0,"{'ALE': 0.08207406345897299, 'KGH': 0.09777764005900108, 'PZU': 0.09878602038003392, 'PKN': 0.10193836522590463, 'PEO': 0.08927524528264716, 'DNP': 0.06904136481907609, 'LPP': 0.05615993877751193, 'CDR': 0.04678976160464436, 'CPS': 0.042855136575108005, 'SPL': 0.0455386365022597, 'PGE': 0.032578752879602116, 'ACP': 0.020527995187740414, 'CCC': 0.01862008388210768, 'TPE': 0.014916752534952329, 'JSW': 0.007721666832594002, 'MRC': 0.002759833254494851, 'PBG': 0.15034145126877727, 'MEG': 0.02229729147457164}"
764,2021-12-06,181385.7618304547,0.0,"{'ALE': 0.08207406345897299, 'KGH': 0.09777764005900108, 'PZU': 0.09878602038003392, 'PKN': 0.10193836522590463, 'PEO': 0.08927524528264716, 'DNP': 0.06904136481907609, 'LPP': 0.05615993877751193, 'CDR': 0.04678976160464436, 'CPS': 0.042855136575108005, 'SPL': 0.0455386365022597, 'PGE': 0.032578752879602116, 'ACP': 0.020527995187740414, 'CCC': 0.01862008388210768, 'TPE': 0.014916752534952329, 'JSW': 0.007721666832594002, 'MRC': 0.002759833254494851, 'PBG': 0.15034145126877727, 'MEG': 0.02229729147457164}"
765,2021-12-07,185158.85035888726,0.0,"{'ALE': 0.08207406345897299, 'KGH': 0.09777764005900108, 'PZU': 0.09878602038003392, 'PKN': 0.10193836522590463, 'PEO': 0.08927524528264716, 'DNP': 0.06904136481907609, 'LPP': 0.05615993877751193, 'CDR': 0.04678976160464436, 'CPS': 0.042855136575108005, 'SPL': 0.0455386365022597, 'PGE': 0.032578752879602116, 'ACP': 0.020527995187740414, 'CCC': 0.01862008388210768, 'TPE': 0.014916752534952329, 'JSW': 0.007721666832594002, 'MRC': 0.002759833254494851, 'PBG': 0.15034145126877727, 'MEG': 0.02229729147457164}"
766,2021-12-08,184783.89328490233,0.0,"{'ALE': 0.08207406345897299, 'KGH': 0.09777764005900108, 'PZU': 0.09878602038003392, 'PKN': 0.10193836522590463, 'PEO': 0.08927524528264716, 'DNP': 0.06904136481907609, 'LPP': 0.05615993877751193, 'CDR': 0.04678976160464436, 'CPS': 0.042855136575108005, 'SPL': 0.0455386365022597, 'PGE': 0.032578752879602116, 'ACP': 0.020527995187740414, 'CCC': 0.01862008388210768, 'TPE': 0.014916752534952329, 'JSW': 0.007721666832594002, 'MRC': 0.002759833254494851, 'PBG': 0.15034145126877727, 'MEG': 0.02229729147457164}"
767,2021-12-09,184454.96354947123,0.0,"{'ALE': 0.08207406345897299, 'KGH': 0.09777764005900108, 'PZU': 0.09878602038003392, 'PKN': 0.10193836522590463, 'PEO': 0.08927524528264716, 'DNP': 0.06904136481907609, 'LPP': 0.05615993877751193, 'CDR': 0.04678976160464436, 'CPS': 0.042855136575108005, 'SPL': 0.0455386365022597, 'PGE': 0.032578752879602116, 'ACP': 0.020527995187740414, 'CCC': 0.01862008388210768, 'TPE': 0.014916752534952329, 'JSW': 0.007721666832594002, 'MRC': 0.002759833254494851, 'PBG': 0.15034145126877727, 'MEG': 0.02229729147457164}"
768,2021-12-10,184825.63129150466,0.0,"{'ALE': 0.08207406345897299, 'KGH': 0.09777764005900108, 'PZU': 0.09878602038003392, 'PKN': 0.10193836522590463, 'PEO': 0.08927524528264716, 'DNP': 0.06904136481907609, 'LPP': 0.05615993877751193, 'CDR': 0.04678976160464436, 'CPS': 0.042855136575108005, 'SPL': 0.0455386365022597, 'PGE': 0.032578752879602116, 'ACP': 0.020527995187740414, 'CCC': 0.01862008388210768, 'TPE': 0.014916752534952329, 'JSW': 0.007721666832594002, 'MRC': 0.002759833254494851, 'PBG': 0.15034145126877727, 'MEG': 0.02229729147457164}"
769,2021-12-13,185413.73854891717,0.0,"{'ALE': 0.08207406345897299, 'KGH': 0.09777764005900108, 'PZU': 0.09878602038003392, 'PKN': 0.10193836522590463, 'PEO': 0.08927524528264716, 'DNP': 0.06904136481907609, 'LPP': 0.05615993877751193, 'CDR': 0.04678976160464436, 'CPS': 0.042855136575108005, 'SPL': 0.0455386365022597, 'PGE': 0.032578752879602116, 'ACP': 0.020527995187740414, 'CCC': 0.01862008388210768, 'TPE': 0.014916752534952329, 'JSW': 0.007721666832594002, 'MRC': 0.002759833254494851, 'PBG': 0.15034145126877727, 'MEG': 0.02229729147457164}"
770,2021-12-14,184704.64423717913,0.0,"{'ALE': 0.08207406345897299, 'KGH': 0.09777764005900108, 'PZU': 0.09878602038003392, 'PKN': 0.10193836522590463, 'PEO': 0.08927524528264716, 'DNP': 0.06904136481907609, 'LPP': 0.05615993877751193, 'CDR': 0.04678976160464436, 'CPS': 0.042855136575108005, 'SPL': 0.0455386365022597, 'PGE': 0.032578752879602116, 'ACP': 0.020527995187740414, 'CCC': 0.01862008388210768, 'TPE': 0.014916752534952329, 'JSW': 0.007721666832594002, 'MRC': 0.002759833254494851, 'PBG': 0.15034145126877727, 'MEG': 0.02229729147457164}"
771,2021-12-15,180135.35723270386,0.0,"{'ALE': 0.08207406345897299, 'KGH': 0.09777764005900108, 'PZU': 0.09878602038003392, 'PKN': 0.10193836522590463, 'PEO': 0.08927524528264716, 'DNP': 0.06904136481907609, 'LPP': 0.05615993877751193, 'CDR': 0.04678976160464436, 'CPS': 0.042855136575108005, 'SPL': 0.0455386365022597, 'PGE': 0.032578752879602116, 'ACP': 0.020527995187740414, 'CCC': 0.01862008388210768, 'TPE': 0.014916752534952329, 'JSW': 0.007721666832594002, 'MRC': 0.002759833254494851, 'PBG': 0.15034145126877727, 'MEG': 0.02229729147457164}"
772,2021-12-16,183858.22213552144,0.0,"{'ALE': 0.08207406345897299, 'KGH': 0.09777764005900108, 'PZU': 0.09878602038003392, 'PKN': 0.10193836522590463, 'PEO': 0.08927524528264716, 'DNP': 0.06904136481907609, 'LPP': 0.05615993877751193, 'CDR': 0.04678976160464436, 'CPS': 0.042855136575108005, 'SPL': 0.0455386365022597, 'PGE': 0.032578752879602116, 'ACP': 0.020527995187740414, 'CCC': 0.01862008388210768, 'TPE': 0.014916752534952329, 'JSW': 0.007721666832594002, 'MRC': 0.002759833254494851, 'PBG': 0.15034145126877727, 'MEG': 0.02229729147457164}"
773,2021-12-17,182872.44345352356,-5.820766091346741e-11,"{'PKO': 0.15973556309980708, 'PKN': 0.09758565020893414, 'PEO': 0.09195763386905094, 'PZU': 0.08914948266975634, 'KGH': 0.0851944301274051, 'ALE': 0.07661130587017548, 'DNP': 0.07041995544442695, 'LPP': 0.059622896282633994, 'CDR': 0.05831412956896957, 'SPL': 0.050065385090495525, 'CPS': 0.04059839071744696, 'PGE': 0.03239650200414887, 'OPL': 0.023391675860335748, 'ACP': 0.022594062948590714, 'CCC': 0.017381359072767007, 'TPE': 0.013778789672989358, 'JSW': 0.009435047260428604, 'MRC': 0.001767740231637865}"
774,2021-12-20,182886.92334531576,-5.820766091346741e-11,"{'PKO': 0.15973556309980708, 'PKN': 0.09758565020893414, 'PEO': 0.09195763386905094, 'PZU': 0.08914948266975634, 'KGH': 0.0851944301274051, 'ALE': 0.07661130587017548, 'DNP': 0.07041995544442695, 'LPP': 0.059622896282633994, 'CDR': 0.05831412956896957, 'SPL': 0.050065385090495525, 'CPS': 0.04059839071744696, 'PGE': 0.03239650200414887, 'OPL': 0.023391675860335748, 'ACP': 0.022594062948590714, 'CCC': 0.017381359072767007, 'TPE': 0.013778789672989358, 'JSW': 0.009435047260428604, 'MRC': 0.001767740231637865}"
775,2021-12-21,182375.0876581317,-5.820766091346741e-11,"{'PKO': 0.15973556309980708, 'PKN': 0.09758565020893414, 'PEO': 0.09195763386905094, 'PZU': 0.08914948266975634, 'KGH': 0.0851944301274051, 'ALE': 0.07661130587017548, 'DNP': 0.07041995544442695, 'LPP': 0.059622896282633994, 'CDR': 0.05831412956896957, 'SPL': 0.050065385090495525, 'CPS': 0.04059839071744696, 'PGE': 0.03239650200414887, 'OPL': 0.023391675860335748, 'ACP': 0.022594062948590714, 'CCC': 0.017381359072767007, 'TPE': 0.013778789672989358, 'JSW': 0.009435047260428604, 'MRC': 0.001767740231637865}"
776,2021-12-22,184725.38007981717,-5.820766091346741e-11,"{'PKO': 0.15973556309980708, 'PKN': 0.09758565020893414, 'PEO': 0.09195763386905094, 'PZU': 0.08914948266975634, 'KGH': 0.0851944301274051, 'ALE': 0.07661130587017548, 'DNP': 0.07041995544442695, 'LPP': 0.059622896282633994, 'CDR': 0.05831412956896957, 'SPL': 0.050065385090495525, 'CPS': 0.04059839071744696, 'PGE': 0.03239650200414887, 'OPL': 0.023391675860335748, 'ACP': 0.022594062948590714, 'CCC': 0.017381359072767007, 'TPE': 0.013778789672989358, 'JSW': 0.009435047260428604, 'MRC': 0.001767740231637865}"
777,2021-12-23,185864.13718448931,-5.820766091346741e-11,"{'PKO': 0.15973556309980708, 'PKN': 0.09758565020893414, 'PEO': 0.09195763386905094, 'PZU': 0.08914948266975634, 'KGH': 0.0851944301274051, 'ALE': 0.07661130587017548, 'DNP': 0.07041995544442695, 'LPP': 0.059622896282633994, 'CDR': 0.05831412956896957, 'SPL': 0.050065385090495525, 'CPS': 0.04059839071744696, 'PGE': 0.03239650200414887, 'OPL': 0.023391675860335748, 'ACP': 0.022594062948590714, 'CCC': 0.017381359072767007, 'TPE': 0.013778789672989358, 'JSW': 0.009435047260428604, 'MRC': 0.001767740231637865}"
778,2021-12-24,185864.13718448931,-5.820766091346741e-11,"{'PKO': 0.15973556309980708, 'PKN': 0.09758565020893414, 'PEO': 0.09195763386905094, 'PZU': 0.08914948266975634, 'KGH': 0.0851944301274051, 'ALE': 0.07661130587017548, 'DNP': 0.07041995544442695, 'LPP': 0.059622896282633994, 'CDR': 0.05831412956896957, 'SPL': 0.050065385090495525, 'CPS': 0.04059839071744696, 'PGE': 0.03239650200414887, 'OPL': 0.023391675860335748, 'ACP': 0.022594062948590714, 'CCC': 0.017381359072767007, 'TPE': 0.013778789672989358, 'JSW': 0.009435047260428604, 'MRC': 0.001767740231637865}"
779,2021-12-27,186002.07230605523,-5.820766091346741e-11,"{'PKO': 0.15973556309980708, 'PKN': 0.09758565020893414, 'PEO': 0.09195763386905094, 'PZU': 0.08914948266975634, 'KGH': 0.0851944301274051, 'ALE': 0.07661130587017548, 'DNP': 0.07041995544442695, 'LPP': 0.059622896282633994, 'CDR': 0.05831412956896957, 'SPL': 0.050065385090495525, 'CPS': 0.04059839071744696, 'PGE': 0.03239650200414887, 'OPL': 0.023391675860335748, 'ACP': 0.022594062948590714, 'CCC': 0.017381359072767007, 'TPE': 0.013778789672989358, 'JSW': 0.009435047260428604, 'MRC': 0.001767740231637865}"
780,2021-12-28,188172.86322844276,-5.820766091346741e-11,"{'PKO': 0.15973556309980708, 'PKN': 0.09758565020893414, 'PEO': 0.09195763386905094, 'PZU': 0.08914948266975634, 'KGH': 0.0851944301274051, 'ALE': 0.07661130587017548, 'DNP': 0.07041995544442695, 'LPP': 0.059622896282633994, 'CDR': 0.05831412956896957, 'SPL': 0.050065385090495525, 'CPS': 0.04059839071744696, 'PGE': 0.03239650200414887, 'OPL': 0.023391675860335748, 'ACP': 0.022594062948590714, 'CCC': 0.017381359072767007, 'TPE': 0.013778789672989358, 'JSW': 0.009435047260428604, 'MRC': 0.001767740231637865}"
781,2021-12-29,188368.13086225945,-5.820766091346741e-11,"{'PKO': 0.15973556309980708, 'PKN': 0.09758565020893414, 'PEO': 0.09195763386905094, 'PZU': 0.08914948266975634, 'KGH': 0.0851944301274051, 'ALE': 0.07661130587017548, 'DNP': 0.07041995544442695, 'LPP': 0.059622896282633994, 'CDR': 0.05831412956896957, 'SPL': 0.050065385090495525, 'CPS': 0.04059839071744696, 'PGE': 0.03239650200414887, 'OPL': 0.023391675860335748, 'ACP': 0.022594062948590714, 'CCC': 0.017381359072767007, 'TPE': 0.013778789672989358, 'JSW': 0.009435047260428604, 'MRC': 0.001767740231637865}"
782,2021-12-30,188881.65868087043,-5.820766091346741e-11,"{'PKO': 0.15973556309980708, 'PKN': 0.09758565020893414, 'PEO': 0.09195763386905094, 'PZU': 0.08914948266975634, 'KGH': 0.0851944301274051, 'ALE': 0.07661130587017548, 'DNP': 0.07041995544442695, 'LPP': 0.059622896282633994, 'CDR': 0.05831412956896957, 'SPL': 0.050065385090495525, 'CPS': 0.04059839071744696, 'PGE': 0.03239650200414887, 'OPL': 0.023391675860335748, 'ACP': 0.022594062948590714, 'CCC': 0.017381359072767007, 'TPE': 0.013778789672989358, 'JSW': 0.009435047260428604, 'MRC': 0.001767740231637865}"
783,2021-12-31,188881.65868087043,-5.820766091346741e-11,"{'PKO': 0.15973556309980708, 'PKN': 0.09758565020893414, 'PEO': 0.09195763386905094, 'PZU': 0.08914948266975634, 'KGH': 0.0851944301274051, 'ALE': 0.07661130587017548, 'DNP': 0.07041995544442695, 'LPP': 0.059622896282633994, 'CDR': 0.05831412956896957, 'SPL': 0.050065385090495525, 'CPS': 0.04059839071744696, 'PGE': 0.03239650200414887, 'OPL': 0.023391675860335748, 'ACP': 0.022594062948590714, 'CCC': 0.017381359072767007, 'TPE': 0.013778789672989358, 'JSW': 0.009435047260428604, 'MRC': 0.001767740231637865}"
784,2022-01-03,190807.18133077,-5.820766091346741e-11,"{'PKO': 0.15973556309980708, 'PKN': 0.09758565020893414, 'PEO': 0.09195763386905094, 'PZU': 0.08914948266975634, 'KGH': 0.0851944301274051, 'ALE': 0.07661130587017548, 'DNP': 0.07041995544442695, 'LPP': 0.059622896282633994, 'CDR': 0.05831412956896957, 'SPL': 0.050065385090495525, 'CPS': 0.04059839071744696, 'PGE': 0.03239650200414887, 'OPL': 0.023391675860335748, 'ACP': 0.022594062948590714, 'CCC': 0.017381359072767007, 'TPE': 0.013778789672989358, 'JSW': 0.009435047260428604, 'MRC': 0.001767740231637865}"
785,2022-01-04,191812.0496960638,-5.820766091346741e-11,"{'PKO': 0.15973556309980708, 'PKN': 0.09758565020893414, 'PEO': 0.09195763386905094, 'PZU': 0.08914948266975634, 'KGH': 0.0851944301274051, 'ALE': 0.07661130587017548, 'DNP': 0.07041995544442695, 'LPP': 0.059622896282633994, 'CDR': 0.05831412956896957, 'SPL': 0.050065385090495525, 'CPS': 0.04059839071744696, 'PGE': 0.03239650200414887, 'OPL': 0.023391675860335748, 'ACP': 0.022594062948590714, 'CCC': 0.017381359072767007, 'TPE': 0.013778789672989358, 'JSW': 0.009435047260428604, 'MRC': 0.001767740231637865}"
786,2022-01-05,192458.86210695357,-5.820766091346741e-11,"{'PKO': 0.15973556309980708, 'PKN': 0.09758565020893414, 'PEO': 0.09195763386905094, 'PZU': 0.08914948266975634, 'KGH': 0.0851944301274051, 'ALE': 0.07661130587017548, 'DNP': 0.07041995544442695, 'LPP': 0.059622896282633994, 'CDR': 0.05831412956896957, 'SPL': 0.050065385090495525, 'CPS': 0.04059839071744696, 'PGE': 0.03239650200414887, 'OPL': 0.023391675860335748, 'ACP': 0.022594062948590714, 'CCC': 0.017381359072767007, 'TPE': 0.013778789672989358, 'JSW': 0.009435047260428604, 'MRC': 0.001767740231637865}"
787,2022-01-06,192458.86210695357,-5.820766091346741e-11,"{'PKO': 0.15973556309980708, 'PKN': 0.09758565020893414, 'PEO': 0.09195763386905094, 'PZU': 0.08914948266975634, 'KGH': 0.0851944301274051, 'ALE': 0.07661130587017548, 'DNP': 0.07041995544442695, 'LPP': 0.059622896282633994, 'CDR': 0.05831412956896957, 'SPL': 0.050065385090495525, 'CPS': 0.04059839071744696, 'PGE': 0.03239650200414887, 'OPL': 0.023391675860335748, 'ACP': 0.022594062948590714, 'CCC': 0.017381359072767007, 'TPE': 0.013778789672989358, 'JSW': 0.009435047260428604, 'MRC': 0.001767740231637865}"
788,2022-01-07,192481.9717537873,-5.820766091346741e-11,"{'PKO': 0.15973556309980708, 'PKN': 0.09758565020893414, 'PEO': 0.09195763386905094, 'PZU': 0.08914948266975634, 'KGH': 0.0851944301274051, 'ALE': 0.07661130587017548, 'DNP': 0.07041995544442695, 'LPP': 0.059622896282633994, 'CDR': 0.05831412956896957, 'SPL': 0.050065385090495525, 'CPS': 0.04059839071744696, 'PGE': 0.03239650200414887, 'OPL': 0.023391675860335748, 'ACP': 0.022594062948590714, 'CCC': 0.017381359072767007, 'TPE': 0.013778789672989358, 'JSW': 0.009435047260428604, 'MRC': 0.001767740231637865}"
789,2022-01-10,190913.9898519155,-5.820766091346741e-11,"{'PKO': 0.15973556309980708, 'PKN': 0.09758565020893414, 'PEO': 0.09195763386905094, 'PZU': 0.08914948266975634, 'KGH': 0.0851944301274051, 'ALE': 0.07661130587017548, 'DNP': 0.07041995544442695, 'LPP': 0.059622896282633994, 'CDR': 0.05831412956896957, 'SPL': 0.050065385090495525, 'CPS': 0.04059839071744696, 'PGE': 0.03239650200414887, 'OPL': 0.023391675860335748, 'ACP': 0.022594062948590714, 'CCC': 0.017381359072767007, 'TPE': 0.013778789672989358, 'JSW': 0.009435047260428604, 'MRC': 0.001767740231637865}"
790,2022-01-11,195852.6813601105,-5.820766091346741e-11,"{'PKO': 0.15973556309980708, 'PKN': 0.09758565020893414, 'PEO': 0.09195763386905094, 'PZU': 0.08914948266975634, 'KGH': 0.0851944301274051, 'ALE': 0.07661130587017548, 'DNP': 0.07041995544442695, 'LPP': 0.059622896282633994, 'CDR': 0.05831412956896957, 'SPL': 0.050065385090495525, 'CPS': 0.04059839071744696, 'PGE': 0.03239650200414887, 'OPL': 0.023391675860335748, 'ACP': 0.022594062948590714, 'CCC': 0.017381359072767007, 'TPE': 0.013778789672989358, 'JSW': 0.009435047260428604, 'MRC': 0.001767740231637865}"
791,2022-01-12,201695.5579550685,-5.820766091346741e-11,"{'PKO': 0.15973556309980708, 'PKN': 0.09758565020893414, 'PEO': 0.09195763386905094, 'PZU': 0.08914948266975634, 'KGH': 0.0851944301274051, 'ALE': 0.07661130587017548, 'DNP': 0.07041995544442695, 'LPP': 0.059622896282633994, 'CDR': 0.05831412956896957, 'SPL': 0.050065385090495525, 'CPS': 0.04059839071744696, 'PGE': 0.03239650200414887, 'OPL': 0.023391675860335748, 'ACP': 0.022594062948590714, 'CCC': 0.017381359072767007, 'TPE': 0.013778789672989358, 'JSW': 0.009435047260428604, 'MRC': 0.001767740231637865}"
792,2022-01-13,201784.37281550615,-5.820766091346741e-11,"{'PKO': 0.15973556309980708, 'PKN': 0.09758565020893414, 'PEO': 0.09195763386905094, 'PZU': 0.08914948266975634, 'KGH': 0.0851944301274051, 'ALE': 0.07661130587017548, 'DNP': 0.07041995544442695, 'LPP': 0.059622896282633994, 'CDR': 0.05831412956896957, 'SPL': 0.050065385090495525, 'CPS': 0.04059839071744696, 'PGE': 0.03239650200414887, 'OPL': 0.023391675860335748, 'ACP': 0.022594062948590714, 'CCC': 0.017381359072767007, 'TPE': 0.013778789672989358, 'JSW': 0.009435047260428604, 'MRC': 0.001767740231637865}"
793,2022-01-14,199721.5003674492,2.9103830456733704e-11,"{'KGH': 0.08286189188665094, 'ALE': 0.07999092445024819, 'DNP': 0.06574088362916439, 'LPP': 0.05659447422279225, 'CDR': 0.05397107909128999, 'SPL': 0.05445598852479858, 'CPS': 0.03423870727879813, 'PGE': 0.032369230788882215, 'ACP': 0.0198006348256779, 'CCC': 0.01589143020051913, 'TPE': 0.014025358371062193, 'JSW': 0.009413115911921994, 'MRC': 0.0016170512487377442, 'PBG': 0.16906149119362868, 'MEG': 0.10070295637984074, 'PMA': 0.1005141623719873, 'CPI': 0.085583054252473, 'FMG': 0.0231675653715266}"
794,2022-01-17,198954.49133852238,2.9103830456733704e-11,"{'KGH': 0.08286189188665094, 'ALE': 0.07999092445024819, 'DNP': 0.06574088362916439, 'LPP': 0.05659447422279225, 'CDR': 0.05397107909128999, 'SPL': 0.05445598852479858, 'CPS': 0.03423870727879813, 'PGE': 0.032369230788882215, 'ACP': 0.0198006348256779, 'CCC': 0.01589143020051913, 'TPE': 0.014025358371062193, 'JSW': 0.009413115911921994, 'MRC': 0.0016170512487377442, 'PBG': 0.16906149119362868, 'MEG': 0.10070295637984074, 'PMA': 0.1005141623719873, 'CPI': 0.085583054252473, 'FMG': 0.0231675653715266}"
795,2022-01-18,196460.73520990275,2.9103830456733704e-11,"{'KGH': 0.08286189188665094, 'ALE': 0.07999092445024819, 'DNP': 0.06574088362916439, 'LPP': 0.05659447422279225, 'CDR': 0.05397107909128999, 'SPL': 0.05445598852479858, 'CPS': 0.03423870727879813, 'PGE': 0.032369230788882215, 'ACP': 0.0198006348256779, 'CCC': 0.01589143020051913, 'TPE': 0.014025358371062193, 'JSW': 0.009413115911921994, 'MRC': 0.0016170512487377442, 'PBG': 0.16906149119362868, 'MEG': 0.10070295637984074, 'PMA': 0.1005141623719873, 'CPI': 0.085583054252473, 'FMG': 0.0231675653715266}"
796,2022-01-19,193536.3875630647,2.9103830456733704e-11,"{'KGH': 0.08286189188665094, 'ALE': 0.07999092445024819, 'DNP': 0.06574088362916439, 'LPP': 0.05659447422279225, 'CDR': 0.05397107909128999, 'SPL': 0.05445598852479858, 'CPS': 0.03423870727879813, 'PGE': 0.032369230788882215, 'ACP': 0.0198006348256779, 'CCC': 0.01589143020051913, 'TPE': 0.014025358371062193, 'JSW': 0.009413115911921994, 'MRC': 0.0016170512487377442, 'PBG': 0.16906149119362868, 'MEG': 0.10070295637984074, 'PMA': 0.1005141623719873, 'CPI': 0.085583054252473, 'FMG': 0.0231675653715266}"
797,2022-01-20,192954.87632109737,2.9103830456733704e-11,"{'KGH': 0.08286189188665094, 'ALE': 0.07999092445024819, 'DNP': 0.06574088362916439, 'LPP': 0.05659447422279225, 'CDR': 0.05397107909128999, 'SPL': 0.05445598852479858, 'CPS': 0.03423870727879813, 'PGE': 0.032369230788882215, 'ACP': 0.0198006348256779, 'CCC': 0.01589143020051913, 'TPE': 0.014025358371062193, 'JSW': 0.009413115911921994, 'MRC': 0.0016170512487377442, 'PBG': 0.16906149119362868, 'MEG': 0.10070295637984074, 'PMA': 0.1005141623719873, 'CPI': 0.085583054252473, 'FMG': 0.0231675653715266}"
798,2022-01-21,192816.95400437294,2.9103830456733704e-11,"{'KGH': 0.08286189188665094, 'ALE': 0.07999092445024819, 'DNP': 0.06574088362916439, 'LPP': 0.05659447422279225, 'CDR': 0.05397107909128999, 'SPL': 0.05445598852479858, 'CPS': 0.03423870727879813, 'PGE': 0.032369230788882215, 'ACP': 0.0198006348256779, 'CCC': 0.01589143020051913, 'TPE': 0.014025358371062193, 'JSW': 0.009413115911921994, 'MRC': 0.0016170512487377442, 'PBG': 0.16906149119362868, 'MEG': 0.10070295637984074, 'PMA': 0.1005141623719873, 'CPI': 0.085583054252473, 'FMG': 0.0231675653715266}"
799,2022-01-24,186946.4614329927,2.9103830456733704e-11,"{'KGH': 0.08286189188665094, 'ALE': 0.07999092445024819, 'DNP': 0.06574088362916439, 'LPP': 0.05659447422279225, 'CDR': 0.05397107909128999, 'SPL': 0.05445598852479858, 'CPS': 0.03423870727879813, 'PGE': 0.032369230788882215, 'ACP': 0.0198006348256779, 'CCC': 0.01589143020051913, 'TPE': 0.014025358371062193, 'JSW': 0.009413115911921994, 'MRC': 0.0016170512487377442, 'PBG': 0.16906149119362868, 'MEG': 0.10070295637984074, 'PMA': 0.1005141623719873, 'CPI': 0.085583054252473, 'FMG': 0.0231675653715266}"
800,2022-01-25,187963.47457374685,2.9103830456733704e-11,"{'KGH': 0.08286189188665094, 'ALE': 0.07999092445024819, 'DNP': 0.06574088362916439, 'LPP': 0.05659447422279225, 'CDR': 0.05397107909128999, 'SPL': 0.05445598852479858, 'CPS': 0.03423870727879813, 'PGE': 0.032369230788882215, 'ACP': 0.0198006348256779, 'CCC': 0.01589143020051913, 'TPE': 0.014025358371062193, 'JSW': 0.009413115911921994, 'MRC': 0.0016170512487377442, 'PBG': 0.16906149119362868, 'MEG': 0.10070295637984074, 'PMA': 0.1005141623719873, 'CPI': 0.085583054252473, 'FMG': 0.0231675653715266}"
801,2022-01-26,189068.00429273094,2.9103830456733704e-11,"{'KGH': 0.08286189188665094, 'ALE': 0.07999092445024819, 'DNP': 0.06574088362916439, 'LPP': 0.05659447422279225, 'CDR': 0.05397107909128999, 'SPL': 0.05445598852479858, 'CPS': 0.03423870727879813, 'PGE': 0.032369230788882215, 'ACP': 0.0198006348256779, 'CCC': 0.01589143020051913, 'TPE': 0.014025358371062193, 'JSW': 0.009413115911921994, 'MRC': 0.0016170512487377442, 'PBG': 0.16906149119362868, 'MEG': 0.10070295637984074, 'PMA': 0.1005141623719873, 'CPI': 0.085583054252473, 'FMG': 0.0231675653715266}"
802,2022-01-27,188354.810071456,2.9103830456733704e-11,"{'KGH': 0.08286189188665094, 'ALE': 0.07999092445024819, 'DNP': 0.06574088362916439, 'LPP': 0.05659447422279225, 'CDR': 0.05397107909128999, 'SPL': 0.05445598852479858, 'CPS': 0.03423870727879813, 'PGE': 0.032369230788882215, 'ACP': 0.0198006348256779, 'CCC': 0.01589143020051913, 'TPE': 0.014025358371062193, 'JSW': 0.009413115911921994, 'MRC': 0.0016170512487377442, 'PBG': 0.16906149119362868, 'MEG': 0.10070295637984074, 'PMA': 0.1005141623719873, 'CPI': 0.085583054252473, 'FMG': 0.0231675653715266}"
803,2022-01-28,185881.17661491886,2.9103830456733704e-11,"{'KGH': 0.08286189188665094, 'ALE': 0.07999092445024819, 'DNP': 0.06574088362916439, 'LPP': 0.05659447422279225, 'CDR': 0.05397107909128999, 'SPL': 0.05445598852479858, 'CPS': 0.03423870727879813, 'PGE': 0.032369230788882215, 'ACP': 0.0198006348256779, 'CCC': 0.01589143020051913, 'TPE': 0.014025358371062193, 'JSW': 0.009413115911921994, 'MRC': 0.0016170512487377442, 'PBG': 0.16906149119362868, 'MEG': 0.10070295637984074, 'PMA': 0.1005141623719873, 'CPI': 0.085583054252473, 'FMG': 0.0231675653715266}"
804,2022-01-31,185730.40524766405,2.9103830456733704e-11,"{'KGH': 0.08286189188665094, 'ALE': 0.07999092445024819, 'DNP': 0.06574088362916439, 'LPP': 0.05659447422279225, 'CDR': 0.05397107909128999, 'SPL': 0.05445598852479858, 'CPS': 0.03423870727879813, 'PGE': 0.032369230788882215, 'ACP': 0.0198006348256779, 'CCC': 0.01589143020051913, 'TPE': 0.014025358371062193, 'JSW': 0.009413115911921994, 'MRC': 0.0016170512487377442, 'PBG': 0.16906149119362868, 'MEG': 0.10070295637984074, 'PMA': 0.1005141623719873, 'CPI': 0.085583054252473, 'FMG': 0.0231675653715266}"
805,2022-02-01,186288.80261898474,2.9103830456733704e-11,"{'KGH': 0.08286189188665094, 'ALE': 0.07999092445024819, 'DNP': 0.06574088362916439, 'LPP': 0.05659447422279225, 'CDR': 0.05397107909128999, 'SPL': 0.05445598852479858, 'CPS': 0.03423870727879813, 'PGE': 0.032369230788882215, 'ACP': 0.0198006348256779, 'CCC': 0.01589143020051913, 'TPE': 0.014025358371062193, 'JSW': 0.009413115911921994, 'MRC': 0.0016170512487377442, 'PBG': 0.16906149119362868, 'MEG': 0.10070295637984074, 'PMA': 0.1005141623719873, 'CPI': 0.085583054252473, 'FMG': 0.0231675653715266}"
806,2022-02-02,187657.14620092468,2.9103830456733704e-11,"{'KGH': 0.08286189188665094, 'ALE': 0.07999092445024819, 'DNP': 0.06574088362916439, 'LPP': 0.05659447422279225, 'CDR': 0.05397107909128999, 'SPL': 0.05445598852479858, 'CPS': 0.03423870727879813, 'PGE': 0.032369230788882215, 'ACP': 0.0198006348256779, 'CCC': 0.01589143020051913, 'TPE': 0.014025358371062193, 'JSW': 0.009413115911921994, 'MRC': 0.0016170512487377442, 'PBG': 0.16906149119362868, 'MEG': 0.10070295637984074, 'PMA': 0.1005141623719873, 'CPI': 0.085583054252473, 'FMG': 0.0231675653715266}"
807,2022-02-03,187228.6657811669,2.9103830456733704e-11,"{'KGH': 0.08286189188665094, 'ALE': 0.07999092445024819, 'DNP': 0.06574088362916439, 'LPP': 0.05659447422279225, 'CDR': 0.05397107909128999, 'SPL': 0.05445598852479858, 'CPS': 0.03423870727879813, 'PGE': 0.032369230788882215, 'ACP': 0.0198006348256779, 'CCC': 0.01589143020051913, 'TPE': 0.014025358371062193, 'JSW': 0.009413115911921994, 'MRC': 0.0016170512487377442, 'PBG': 0.16906149119362868, 'MEG': 0.10070295637984074, 'PMA': 0.1005141623719873, 'CPI': 0.085583054252473, 'FMG': 0.0231675653715266}"
808,2022-02-04,184749.46551649956,2.9103830456733704e-11,"{'KGH': 0.08286189188665094, 'ALE': 0.07999092445024819, 'DNP': 0.06574088362916439, 'LPP': 0.05659447422279225, 'CDR': 0.05397107909128999, 'SPL': 0.05445598852479858, 'CPS': 0.03423870727879813, 'PGE': 0.032369230788882215, 'ACP': 0.0198006348256779, 'CCC': 0.01589143020051913, 'TPE': 0.014025358371062193, 'JSW': 0.009413115911921994, 'MRC': 0.0016170512487377442, 'PBG': 0.16906149119362868, 'MEG': 0.10070295637984074, 'PMA': 0.1005141623719873, 'CPI': 0.085583054252473, 'FMG': 0.0231675653715266}"
809,2022-02-07,184964.49538401174,2.9103830456733704e-11,"{'KGH': 0.08286189188665094, 'ALE': 0.07999092445024819, 'DNP': 0.06574088362916439, 'LPP': 0.05659447422279225, 'CDR': 0.05397107909128999, 'SPL': 0.05445598852479858, 'CPS': 0.03423870727879813, 'PGE': 0.032369230788882215, 'ACP': 0.0198006348256779, 'CCC': 0.01589143020051913, 'TPE': 0.014025358371062193, 'JSW': 0.009413115911921994, 'MRC': 0.0016170512487377442, 'PBG': 0.16906149119362868, 'MEG': 0.10070295637984074, 'PMA': 0.1005141623719873, 'CPI': 0.085583054252473, 'FMG': 0.0231675653715266}"
810,2022-02-08,185302.8410261285,2.9103830456733704e-11,"{'KGH': 0.08286189188665094, 'ALE': 0.07999092445024819, 'DNP': 0.06574088362916439, 'LPP': 0.05659447422279225, 'CDR': 0.05397107909128999, 'SPL': 0.05445598852479858, 'CPS': 0.03423870727879813, 'PGE': 0.032369230788882215, 'ACP': 0.0198006348256779, 'CCC': 0.01589143020051913, 'TPE': 0.014025358371062193, 'JSW': 0.009413115911921994, 'MRC': 0.0016170512487377442, 'PBG': 0.16906149119362868, 'MEG': 0.10070295637984074, 'PMA': 0.1005141623719873, 'CPI': 0.085583054252473, 'FMG': 0.0231675653715266}"
811,2022-02-09,188452.7782014215,2.9103830456733704e-11,"{'KGH': 0.08286189188665094, 'ALE': 0.07999092445024819, 'DNP': 0.06574088362916439, 'LPP': 0.05659447422279225, 'CDR': 0.05397107909128999, 'SPL': 0.05445598852479858, 'CPS': 0.03423870727879813, 'PGE': 0.032369230788882215, 'ACP': 0.0198006348256779, 'CCC': 0.01589143020051913, 'TPE': 0.014025358371062193, 'JSW': 0.009413115911921994, 'MRC': 0.0016170512487377442, 'PBG': 0.16906149119362868, 'MEG': 0.10070295637984074, 'PMA': 0.1005141623719873, 'CPI': 0.085583054252473, 'FMG': 0.0231675653715266}"
812,2022-02-10,190587.3719338913,2.9103830456733704e-11,"{'KGH': 0.08286189188665094, 'ALE': 0.07999092445024819, 'DNP': 0.06574088362916439, 'LPP': 0.05659447422279225, 'CDR': 0.05397107909128999, 'SPL': 0.05445598852479858, 'CPS': 0.03423870727879813, 'PGE': 0.032369230788882215, 'ACP': 0.0198006348256779, 'CCC': 0.01589143020051913, 'TPE': 0.014025358371062193, 'JSW': 0.009413115911921994, 'MRC': 0.0016170512487377442, 'PBG': 0.16906149119362868, 'MEG': 0.10070295637984074, 'PMA': 0.1005141623719873, 'CPI': 0.085583054252473, 'FMG': 0.0231675653715266}"
813,2022-02-11,192464.80458213607,2.9103830456733704e-11,"{'KGH': 0.08286189188665094, 'ALE': 0.07999092445024819, 'DNP': 0.06574088362916439, 'LPP': 0.05659447422279225, 'CDR': 0.05397107909128999, 'SPL': 0.05445598852479858, 'CPS': 0.03423870727879813, 'PGE': 0.032369230788882215, 'ACP': 0.0198006348256779, 'CCC': 0.01589143020051913, 'TPE': 0.014025358371062193, 'JSW': 0.009413115911921994, 'MRC': 0.0016170512487377442, 'PBG': 0.16906149119362868, 'MEG': 0.10070295637984074, 'PMA': 0.1005141623719873, 'CPI': 0.085583054252473, 'FMG': 0.0231675653715266}"
814,2022-02-14,189736.2126701346,2.9103830456733704e-11,"{'KGH': 0.08286189188665094, 'ALE': 0.07999092445024819, 'DNP': 0.06574088362916439, 'LPP': 0.05659447422279225, 'CDR': 0.05397107909128999, 'SPL': 0.05445598852479858, 'CPS': 0.03423870727879813, 'PGE': 0.032369230788882215, 'ACP': 0.0198006348256779, 'CCC': 0.01589143020051913, 'TPE': 0.014025358371062193, 'JSW': 0.009413115911921994, 'MRC': 0.0016170512487377442, 'PBG': 0.16906149119362868, 'MEG': 0.10070295637984074, 'PMA': 0.1005141623719873, 'CPI': 0.085583054252473, 'FMG': 0.0231675653715266}"
815,2022-02-15,191993.11024027332,2.9103830456733704e-11,"{'KGH': 0.08286189188665094, 'ALE': 0.07999092445024819, 'DNP': 0.06574088362916439, 'LPP': 0.05659447422279225, 'CDR': 0.05397107909128999, 'SPL': 0.05445598852479858, 'CPS': 0.03423870727879813, 'PGE': 0.032369230788882215, 'ACP': 0.0198006348256779, 'CCC': 0.01589143020051913, 'TPE': 0.014025358371062193, 'JSW': 0.009413115911921994, 'MRC': 0.0016170512487377442, 'PBG': 0.16906149119362868, 'MEG': 0.10070295637984074, 'PMA': 0.1005141623719873, 'CPI': 0.085583054252473, 'FMG': 0.0231675653715266}"
816,2022-02-16,182702.01210859016,2.9103830456733704e-11,"{'KGH': 0.08286189188665094, 'ALE': 0.07999092445024819, 'DNP': 0.06574088362916439, 'LPP': 0.05659447422279225, 'CDR': 0.05397107909128999, 'SPL': 0.05445598852479858, 'CPS': 0.03423870727879813, 'PGE': 0.032369230788882215, 'ACP': 0.0198006348256779, 'CCC': 0.01589143020051913, 'TPE': 0.014025358371062193, 'JSW': 0.009413115911921994, 'MRC': 0.0016170512487377442, 'PBG': 0.16906149119362868, 'MEG': 0.10070295637984074, 'PMA': 0.1005141623719873, 'CPI': 0.085583054252473, 'FMG': 0.0231675653715266}"
817,2022-02-17,181491.9957906372,2.9103830456733704e-11,"{'KGH': 0.08286189188665094, 'ALE': 0.07999092445024819, 'DNP': 0.06574088362916439, 'LPP': 0.05659447422279225, 'CDR': 0.05397107909128999, 'SPL': 0.05445598852479858, 'CPS': 0.03423870727879813, 'PGE': 0.032369230788882215, 'ACP': 0.0198006348256779, 'CCC': 0.01589143020051913, 'TPE': 0.014025358371062193, 'JSW': 0.009413115911921994, 'MRC': 0.0016170512487377442, 'PBG': 0.16906149119362868, 'MEG': 0.10070295637984074, 'PMA': 0.1005141623719873, 'CPI': 0.085583054252473, 'FMG': 0.0231675653715266}"
818,2022-02-18,179944.27465904725,2.9103830456733704e-11,"{'KGH': 0.08286189188665094, 'ALE': 0.07999092445024819, 'DNP': 0.06574088362916439, 'LPP': 0.05659447422279225, 'CDR': 0.05397107909128999, 'SPL': 0.05445598852479858, 'CPS': 0.03423870727879813, 'PGE': 0.032369230788882215, 'ACP': 0.0198006348256779, 'CCC': 0.01589143020051913, 'TPE': 0.014025358371062193, 'JSW': 0.009413115911921994, 'MRC': 0.0016170512487377442, 'PBG': 0.16906149119362868, 'MEG': 0.10070295637984074, 'PMA': 0.1005141623719873, 'CPI': 0.085583054252473, 'FMG': 0.0231675653715266}"
819,2022-02-21,173428.71377931602,2.9103830456733704e-11,"{'KGH': 0.08286189188665094, 'ALE': 0.07999092445024819, 'DNP': 0.06574088362916439, 'LPP': 0.05659447422279225, 'CDR': 0.05397107909128999, 'SPL': 0.05445598852479858, 'CPS': 0.03423870727879813, 'PGE': 0.032369230788882215, 'ACP': 0.0198006348256779, 'CCC': 0.01589143020051913, 'TPE': 0.014025358371062193, 'JSW': 0.009413115911921994, 'MRC': 0.0016170512487377442, 'PBG': 0.16906149119362868, 'MEG': 0.10070295637984074, 'PMA': 0.1005141623719873, 'CPI': 0.085583054252473, 'FMG': 0.0231675653715266}"
820,2022-02-22,174958.9919645249,2.9103830456733704e-11,"{'KGH': 0.08286189188665094, 'ALE': 0.07999092445024819, 'DNP': 0.06574088362916439, 'LPP': 0.05659447422279225, 'CDR': 0.05397107909128999, 'SPL': 0.05445598852479858, 'CPS': 0.03423870727879813, 'PGE': 0.032369230788882215, 'ACP': 0.0198006348256779, 'CCC': 0.01589143020051913, 'TPE': 0.014025358371062193, 'JSW': 0.009413115911921994, 'MRC': 0.0016170512487377442, 'PBG': 0.16906149119362868, 'MEG': 0.10070295637984074, 'PMA': 0.1005141623719873, 'CPI': 0.085583054252473, 'FMG': 0.0231675653715266}"
821,2022-02-23,183966.75729174592,2.9103830456733704e-11,"{'KGH': 0.08286189188665094, 'ALE': 0.07999092445024819, 'DNP': 0.06574088362916439, 'LPP': 0.05659447422279225, 'CDR': 0.05397107909128999, 'SPL': 0.05445598852479858, 'CPS': 0.03423870727879813, 'PGE': 0.032369230788882215, 'ACP': 0.0198006348256779, 'CCC': 0.01589143020051913, 'TPE': 0.014025358371062193, 'JSW': 0.009413115911921994, 'MRC': 0.0016170512487377442, 'PBG': 0.16906149119362868, 'MEG': 0.10070295637984074, 'PMA': 0.1005141623719873, 'CPI': 0.085583054252473, 'FMG': 0.0231675653715266}"
822,2022-02-24,175644.70790795807,2.9103830456733704e-11,"{'KGH': 0.08286189188665094, 'ALE': 0.07999092445024819, 'DNP': 0.06574088362916439, 'LPP': 0.05659447422279225, 'CDR': 0.05397107909128999, 'SPL': 0.05445598852479858, 'CPS': 0.03423870727879813, 'PGE': 0.032369230788882215, 'ACP': 0.0198006348256779, 'CCC': 0.01589143020051913, 'TPE': 0.014025358371062193, 'JSW': 0.009413115911921994, 'MRC': 0.0016170512487377442, 'PBG': 0.16906149119362868, 'MEG': 0.10070295637984074, 'PMA': 0.1005141623719873, 'CPI': 0.085583054252473, 'FMG': 0.0231675653715266}"
823,2022-02-25,180123.42995268805,2.9103830456733704e-11,"{'KGH': 0.08286189188665094, 'ALE': 0.07999092445024819, 'DNP': 0.06574088362916439, 'LPP': 0.05659447422279225, 'CDR': 0.05397107909128999, 'SPL': 0.05445598852479858, 'CPS': 0.03423870727879813, 'PGE': 0.032369230788882215, 'ACP': 0.0198006348256779, 'CCC': 0.01589143020051913, 'TPE': 0.014025358371062193, 'JSW': 0.009413115911921994, 'MRC': 0.0016170512487377442, 'PBG': 0.16906149119362868, 'MEG': 0.10070295637984074, 'PMA': 0.1005141623719873, 'CPI': 0.085583054252473, 'FMG': 0.0231675653715266}"
824,2022-02-28,184172.38085127267,2.9103830456733704e-11,"{'KGH': 0.08286189188665094, 'ALE': 0.07999092445024819, 'DNP': 0.06574088362916439, 'LPP': 0.05659447422279225, 'CDR': 0.05397107909128999, 'SPL': 0.05445598852479858, 'CPS': 0.03423870727879813, 'PGE': 0.032369230788882215, 'ACP': 0.0198006348256779, 'CCC': 0.01589143020051913, 'TPE': 0.014025358371062193, 'JSW': 0.009413115911921994, 'MRC': 0.0016170512487377442, 'PBG': 0.16906149119362868, 'MEG': 0.10070295637984074, 'PMA': 0.1005141623719873, 'CPI': 0.085583054252473, 'FMG': 0.0231675653715266}"
825,2022-03-01,184641.71849019898,2.9103830456733704e-11,"{'KGH': 0.08286189188665094, 'ALE': 0.07999092445024819, 'DNP': 0.06574088362916439, 'LPP': 0.05659447422279225, 'CDR': 0.05397107909128999, 'SPL': 0.05445598852479858, 'CPS': 0.03423870727879813, 'PGE': 0.032369230788882215, 'ACP': 0.0198006348256779, 'CCC': 0.01589143020051913, 'TPE': 0.014025358371062193, 'JSW': 0.009413115911921994, 'MRC': 0.0016170512487377442, 'PBG': 0.16906149119362868, 'MEG': 0.10070295637984074, 'PMA': 0.1005141623719873, 'CPI': 0.085583054252473, 'FMG': 0.0231675653715266}"
826,2022-03-02,177158.07291486883,2.9103830456733704e-11,"{'KGH': 0.08286189188665094, 'ALE': 0.07999092445024819, 'DNP': 0.06574088362916439, 'LPP': 0.05659447422279225, 'CDR': 0.05397107909128999, 'SPL': 0.05445598852479858, 'CPS': 0.03423870727879813, 'PGE': 0.032369230788882215, 'ACP': 0.0198006348256779, 'CCC': 0.01589143020051913, 'TPE': 0.014025358371062193, 'JSW': 0.009413115911921994, 'MRC': 0.0016170512487377442, 'PBG': 0.16906149119362868, 'MEG': 0.10070295637984074, 'PMA': 0.1005141623719873, 'CPI': 0.085583054252473, 'FMG': 0.0231675653715266}"
827,2022-03-03,174760.2562170494,2.9103830456733704e-11,"{'KGH': 0.08286189188665094, 'ALE': 0.07999092445024819, 'DNP': 0.06574088362916439, 'LPP': 0.05659447422279225, 'CDR': 0.05397107909128999, 'SPL': 0.05445598852479858, 'CPS': 0.03423870727879813, 'PGE': 0.032369230788882215, 'ACP': 0.0198006348256779, 'CCC': 0.01589143020051913, 'TPE': 0.014025358371062193, 'JSW': 0.009413115911921994, 'MRC': 0.0016170512487377442, 'PBG': 0.16906149119362868, 'MEG': 0.10070295637984074, 'PMA': 0.1005141623719873, 'CPI': 0.085583054252473, 'FMG': 0.0231675653715266}"
828,2022-03-04,172912.50020997485,2.9103830456733704e-11,"{'KGH': 0.08286189188665094, 'ALE': 0.07999092445024819, 'DNP': 0.06574088362916439, 'LPP': 0.05659447422279225, 'CDR': 0.05397107909128999, 'SPL': 0.05445598852479858, 'CPS': 0.03423870727879813, 'PGE': 0.032369230788882215, 'ACP': 0.0198006348256779, 'CCC': 0.01589143020051913, 'TPE': 0.014025358371062193, 'JSW': 0.009413115911921994, 'MRC': 0.0016170512487377442, 'PBG': 0.16906149119362868, 'MEG': 0.10070295637984074, 'PMA': 0.1005141623719873, 'CPI': 0.085583054252473, 'FMG': 0.0231675653715266}"
829,2022-03-07,173281.73302274247,2.9103830456733704e-11,"{'KGH': 0.08286189188665094, 'ALE': 0.07999092445024819, 'DNP': 0.06574088362916439, 'LPP': 0.05659447422279225, 'CDR': 0.05397107909128999, 'SPL': 0.05445598852479858, 'CPS': 0.03423870727879813, 'PGE': 0.032369230788882215, 'ACP': 0.0198006348256779, 'CCC': 0.01589143020051913, 'TPE': 0.014025358371062193, 'JSW': 0.009413115911921994, 'MRC': 0.0016170512487377442, 'PBG': 0.16906149119362868, 'MEG': 0.10070295637984074, 'PMA': 0.1005141623719873, 'CPI': 0.085583054252473, 'FMG': 0.0231675653715266}"
830,2022-03-08,171656.13464516247,2.9103830456733704e-11,"{'KGH': 0.08286189188665094, 'ALE': 0.07999092445024819, 'DNP': 0.06574088362916439, 'LPP': 0.05659447422279225, 'CDR': 0.05397107909128999, 'SPL': 0.05445598852479858, 'CPS': 0.03423870727879813, 'PGE': 0.032369230788882215, 'ACP': 0.0198006348256779, 'CCC': 0.01589143020051913, 'TPE': 0.014025358371062193, 'JSW': 0.009413115911921994, 'MRC': 0.0016170512487377442, 'PBG': 0.16906149119362868, 'MEG': 0.10070295637984074, 'PMA': 0.1005141623719873, 'CPI': 0.085583054252473, 'FMG': 0.0231675653715266}"
831,2022-03-09,176933.00063777633,2.9103830456733704e-11,"{'KGH': 0.08286189188665094, 'ALE': 0.07999092445024819, 'DNP': 0.06574088362916439, 'LPP': 0.05659447422279225, 'CDR': 0.05397107909128999, 'SPL': 0.05445598852479858, 'CPS': 0.03423870727879813, 'PGE': 0.032369230788882215, 'ACP': 0.0198006348256779, 'CCC': 0.01589143020051913, 'TPE': 0.014025358371062193, 'JSW': 0.009413115911921994, 'MRC': 0.0016170512487377442, 'PBG': 0.16906149119362868, 'MEG': 0.10070295637984074, 'PMA': 0.1005141623719873, 'CPI': 0.085583054252473, 'FMG': 0.0231675653715266}"
832,2022-03-10,180192.92561494472,2.9103830456733704e-11,"{'KGH': 0.08286189188665094, 'ALE': 0.07999092445024819, 'DNP': 0.06574088362916439, 'LPP': 0.05659447422279225, 'CDR': 0.05397107909128999, 'SPL': 0.05445598852479858, 'CPS': 0.03423870727879813, 'PGE': 0.032369230788882215, 'ACP': 0.0198006348256779, 'CCC': 0.01589143020051913, 'TPE': 0.014025358371062193, 'JSW': 0.009413115911921994, 'MRC': 0.0016170512487377442, 'PBG': 0.16906149119362868, 'MEG': 0.10070295637984074, 'PMA': 0.1005141623719873, 'CPI': 0.085583054252473, 'FMG': 0.0231675653715266}"
833,2022-03-11,182563.47035643927,2.9103830456733704e-11,"{'KGH': 0.08286189188665094, 'ALE': 0.07999092445024819, 'DNP': 0.06574088362916439, 'LPP': 0.05659447422279225, 'CDR': 0.05397107909128999, 'SPL': 0.05445598852479858, 'CPS': 0.03423870727879813, 'PGE': 0.032369230788882215, 'ACP': 0.0198006348256779, 'CCC': 0.01589143020051913, 'TPE': 0.014025358371062193, 'JSW': 0.009413115911921994, 'MRC': 0.0016170512487377442, 'PBG': 0.16906149119362868, 'MEG': 0.10070295637984074, 'PMA': 0.1005141623719873, 'CPI': 0.085583054252473, 'FMG': 0.0231675653715266}"
834,2022-03-14,180815.46007852064,2.9103830456733704e-11,"{'KGH': 0.08286189188665094, 'ALE': 0.07999092445024819, 'DNP': 0.06574088362916439, 'LPP': 0.05659447422279225, 'CDR': 0.05397107909128999, 'SPL': 0.05445598852479858, 'CPS': 0.03423870727879813, 'PGE': 0.032369230788882215, 'ACP': 0.0198006348256779, 'CCC': 0.01589143020051913, 'TPE': 0.014025358371062193, 'JSW': 0.009413115911921994, 'MRC': 0.0016170512487377442, 'PBG': 0.16906149119362868, 'MEG': 0.10070295637984074, 'PMA': 0.1005141623719873, 'CPI': 0.085583054252473, 'FMG': 0.0231675653715266}"
835,2022-03-15,177503.51458384044,2.9103830456733704e-11,"{'KGH': 0.08286189188665094, 'ALE': 0.07999092445024819, 'DNP': 0.06574088362916439, 'LPP': 0.05659447422279225, 'CDR': 0.05397107909128999, 'SPL': 0.05445598852479858, 'CPS': 0.03423870727879813, 'PGE': 0.032369230788882215, 'ACP': 0.0198006348256779, 'CCC': 0.01589143020051913, 'TPE': 0.014025358371062193, 'JSW': 0.009413115911921994, 'MRC': 0.0016170512487377442, 'PBG': 0.16906149119362868, 'MEG': 0.10070295637984074, 'PMA': 0.1005141623719873, 'CPI': 0.085583054252473, 'FMG': 0.0231675653715266}"
836,2022-03-16,181822.90483549144,2.9103830456733704e-11,"{'KGH': 0.08286189188665094, 'ALE': 0.07999092445024819, 'DNP': 0.06574088362916439, 'LPP': 0.05659447422279225, 'CDR': 0.05397107909128999, 'SPL': 0.05445598852479858, 'CPS': 0.03423870727879813, 'PGE': 0.032369230788882215, 'ACP': 0.0198006348256779, 'CCC': 0.01589143020051913, 'TPE': 0.014025358371062193, 'JSW': 0.009413115911921994, 'MRC': 0.0016170512487377442, 'PBG': 0.16906149119362868, 'MEG': 0.10070295637984074, 'PMA': 0.1005141623719873, 'CPI': 0.085583054252473, 'FMG': 0.0231675653715266}"
837,2022-03-17,183779.53424500633,2.9103830456733704e-11,"{'KGH': 0.08286189188665094, 'ALE': 0.07999092445024819, 'DNP': 0.06574088362916439, 'LPP': 0.05659447422279225, 'CDR': 0.05397107909128999, 'SPL': 0.05445598852479858, 'CPS': 0.03423870727879813, 'PGE': 0.032369230788882215, 'ACP': 0.0198006348256779, 'CCC': 0.01589143020051913, 'TPE': 0.014025358371062193, 'JSW': 0.009413115911921994, 'MRC': 0.0016170512487377442, 'PBG': 0.16906149119362868, 'MEG': 0.10070295637984074, 'PMA': 0.1005141623719873, 'CPI': 0.085583054252473, 'FMG': 0.0231675653715266}"
838,2022-03-18,182867.1595413678,2.9103830456733704e-11,"{'PKO': 0.15894629204791702, 'PEO': 0.10084930302050937, 'KGH': 0.09315100427565527, 'PKN': 0.0915149171095087, 'PZU': 0.08750523198211324, 'LPP': 0.06993848778497747, 'DNP': 0.06197421891142983, 'ALE': 0.05622672099097715, 'CDR': 0.05504098165229969, 'SPL': 0.05155370000476839, 'CPS': 0.03393927192001823, 'PGE': 0.026848148010787158, 'MBK': 0.02636177235712053, 'OPL': 0.023958504421356025, 'PCO': 0.021860413366323522, 'ACP': 0.019917030035550988, 'JSW': 0.01045548709091198, 'CCC': 0.009958515017775494}"
839,2022-03-21,181467.1413823056,2.9103830456733704e-11,"{'PKO': 0.15894629204791702, 'PEO': 0.10084930302050937, 'KGH': 0.09315100427565527, 'PKN': 0.0915149171095087, 'PZU': 0.08750523198211324, 'LPP': 0.06993848778497747, 'DNP': 0.06197421891142983, 'ALE': 0.05622672099097715, 'CDR': 0.05504098165229969, 'SPL': 0.05155370000476839, 'CPS': 0.03393927192001823, 'PGE': 0.026848148010787158, 'MBK': 0.02636177235712053, 'OPL': 0.023958504421356025, 'PCO': 0.021860413366323522, 'ACP': 0.019917030035550988, 'JSW': 0.01045548709091198, 'CCC': 0.009958515017775494}"
840,2022-03-22,184283.2541353236,2.9103830456733704e-11,"{'PKO': 0.15894629204791702, 'PEO': 0.10084930302050937, 'KGH': 0.09315100427565527, 'PKN': 0.0915149171095087, 'PZU': 0.08750523198211324, 'LPP': 0.06993848778497747, 'DNP': 0.06197421891142983, 'ALE': 0.05622672099097715, 'CDR': 0.05504098165229969, 'SPL': 0.05155370000476839, 'CPS': 0.03393927192001823, 'PGE': 0.026848148010787158, 'MBK': 0.02636177235712053, 'OPL': 0.023958504421356025, 'PCO': 0.021860413366323522, 'ACP': 0.019917030035550988, 'JSW': 0.01045548709091198, 'CCC': 0.009958515017775494}"
841,2022-03-23,184204.17451019777,2.9103830456733704e-11,"{'PKO': 0.15894629204791702, 'PEO': 0.10084930302050937, 'KGH': 0.09315100427565527, 'PKN': 0.0915149171095087, 'PZU': 0.08750523198211324, 'LPP': 0.06993848778497747, 'DNP': 0.06197421891142983, 'ALE': 0.05622672099097715, 'CDR': 0.05504098165229969, 'SPL': 0.05155370000476839, 'CPS': 0.03393927192001823, 'PGE': 0.026848148010787158, 'MBK': 0.02636177235712053, 'OPL': 0.023958504421356025, 'PCO': 0.021860413366323522, 'ACP': 0.019917030035550988, 'JSW': 0.01045548709091198, 'CCC': 0.009958515017775494}"
842,2022-03-24,185745.9211580574,2.9103830456733704e-11,"{'PKO': 0.15894629204791702, 'PEO': 0.10084930302050937, 'KGH': 0.09315100427565527, 'PKN': 0.0915149171095087, 'PZU': 0.08750523198211324, 'LPP': 0.06993848778497747, 'DNP': 0.06197421891142983, 'ALE': 0.05622672099097715, 'CDR': 0.05504098165229969, 'SPL': 0.05155370000476839, 'CPS': 0.03393927192001823, 'PGE': 0.026848148010787158, 'MBK': 0.02636177235712053, 'OPL': 0.023958504421356025, 'PCO': 0.021860413366323522, 'ACP': 0.019917030035550988, 'JSW': 0.01045548709091198, 'CCC': 0.009958515017775494}"
843,2022-03-25,183645.4739421208,2.9103830456733704e-11,"{'PKO': 0.15894629204791702, 'PEO': 0.10084930302050937, 'KGH': 0.09315100427565527, 'PKN': 0.0915149171095087, 'PZU': 0.08750523198211324, 'LPP': 0.06993848778497747, 'DNP': 0.06197421891142983, 'ALE': 0.05622672099097715, 'CDR': 0.05504098165229969, 'SPL': 0.05155370000476839, 'CPS': 0.03393927192001823, 'PGE': 0.026848148010787158, 'MBK': 0.02636177235712053, 'OPL': 0.023958504421356025, 'PCO': 0.021860413366323522, 'ACP': 0.019917030035550988, 'JSW': 0.01045548709091198, 'CCC': 0.009958515017775494}"
844,2022-03-28,184408.62392494362,2.9103830456733704e-11,"{'PKO': 0.15894629204791702, 'PEO': 0.10084930302050937, 'KGH': 0.09315100427565527, 'PKN': 0.0915149171095087, 'PZU': 0.08750523198211324, 'LPP': 0.06993848778497747, 'DNP': 0.06197421891142983, 'ALE': 0.05622672099097715, 'CDR': 0.05504098165229969, 'SPL': 0.05155370000476839, 'CPS': 0.03393927192001823, 'PGE': 0.026848148010787158, 'MBK': 0.02636177235712053, 'OPL': 0.023958504421356025, 'PCO': 0.021860413366323522, 'ACP': 0.019917030035550988, 'JSW': 0.01045548709091198, 'CCC': 0.009958515017775494}"
845,2022-03-29,190173.8178897871,2.9103830456733704e-11,"{'PKO': 0.15894629204791702, 'PEO': 0.10084930302050937, 'KGH': 0.09315100427565527, 'PKN': 0.0915149171095087, 'PZU': 0.08750523198211324, 'LPP': 0.06993848778497747, 'DNP': 0.06197421891142983, 'ALE': 0.05622672099097715, 'CDR': 0.05504098165229969, 'SPL': 0.05155370000476839, 'CPS': 0.03393927192001823, 'PGE': 0.026848148010787158, 'MBK': 0.02636177235712053, 'OPL': 0.023958504421356025, 'PCO': 0.021860413366323522, 'ACP': 0.019917030035550988, 'JSW': 0.01045548709091198, 'CCC': 0.009958515017775494}"
846,2022-03-30,190964.68354341848,2.9103830456733704e-11,"{'PKO': 0.15894629204791702, 'PEO': 0.10084930302050937, 'KGH': 0.09315100427565527, 'PKN': 0.0915149171095087, 'PZU': 0.08750523198211324, 'LPP': 0.06993848778497747, 'DNP': 0.06197421891142983, 'ALE': 0.05622672099097715, 'CDR': 0.05504098165229969, 'SPL': 0.05155370000476839, 'CPS': 0.03393927192001823, 'PGE': 0.026848148010787158, 'MBK': 0.02636177235712053, 'OPL': 0.023958504421356025, 'PCO': 0.021860413366323522, 'ACP': 0.019917030035550988, 'JSW': 0.01045548709091198, 'CCC': 0.009958515017775494}"
847,2022-03-31,186534.0075421832,2.9103830456733704e-11,"{'PKO': 0.15894629204791702, 'PEO': 0.10084930302050937, 'KGH': 0.09315100427565527, 'PKN': 0.0915149171095087, 'PZU': 0.08750523198211324, 'LPP': 0.06993848778497747, 'DNP': 0.06197421891142983, 'ALE': 0.05622672099097715, 'CDR': 0.05504098165229969, 'SPL': 0.05155370000476839, 'CPS': 0.03393927192001823, 'PGE': 0.026848148010787158, 'MBK': 0.02636177235712053, 'OPL': 0.023958504421356025, 'PCO': 0.021860413366323522, 'ACP': 0.019917030035550988, 'JSW': 0.01045548709091198, 'CCC': 0.009958515017775494}"
848,2022-04-01,189553.74193572818,2.9103830456733704e-11,"{'PKO': 0.15894629204791702, 'PEO': 0.10084930302050937, 'KGH': 0.09315100427565527, 'PKN': 0.0915149171095087, 'PZU': 0.08750523198211324, 'LPP': 0.06993848778497747, 'DNP': 0.06197421891142983, 'ALE': 0.05622672099097715, 'CDR': 0.05504098165229969, 'SPL': 0.05155370000476839, 'CPS': 0.03393927192001823, 'PGE': 0.026848148010787158, 'MBK': 0.02636177235712053, 'OPL': 0.023958504421356025, 'PCO': 0.021860413366323522, 'ACP': 0.019917030035550988, 'JSW': 0.01045548709091198, 'CCC': 0.009958515017775494}"
849,2022-04-04,188979.38654703836,2.9103830456733704e-11,"{'PKO': 0.15894629204791702, 'PEO': 0.10084930302050937, 'KGH': 0.09315100427565527, 'PKN': 0.0915149171095087, 'PZU': 0.08750523198211324, 'LPP': 0.06993848778497747, 'DNP': 0.06197421891142983, 'ALE': 0.05622672099097715, 'CDR': 0.05504098165229969, 'SPL': 0.05155370000476839, 'CPS': 0.03393927192001823, 'PGE': 0.026848148010787158, 'MBK': 0.02636177235712053, 'OPL': 0.023958504421356025, 'PCO': 0.021860413366323522, 'ACP': 0.019917030035550988, 'JSW': 0.01045548709091198, 'CCC': 0.009958515017775494}"
850,2022-04-05,185695.2442069245,2.9103830456733704e-11,"{'PKO': 0.15894629204791702, 'PEO': 0.10084930302050937, 'KGH': 0.09315100427565527, 'PKN': 0.0915149171095087, 'PZU': 0.08750523198211324, 'LPP': 0.06993848778497747, 'DNP': 0.06197421891142983, 'ALE': 0.05622672099097715, 'CDR': 0.05504098165229969, 'SPL': 0.05155370000476839, 'CPS': 0.03393927192001823, 'PGE': 0.026848148010787158, 'MBK': 0.02636177235712053, 'OPL': 0.023958504421356025, 'PCO': 0.021860413366323522, 'ACP': 0.019917030035550988, 'JSW': 0.01045548709091198, 'CCC': 0.009958515017775494}"
851,2022-04-06,183612.82791173036,2.9103830456733704e-11,"{'PKO': 0.15894629204791702, 'PEO': 0.10084930302050937, 'KGH': 0.09315100427565527, 'PKN': 0.0915149171095087, 'PZU': 0.08750523198211324, 'LPP': 0.06993848778497747, 'DNP': 0.06197421891142983, 'ALE': 0.05622672099097715, 'CDR': 0.05504098165229969, 'SPL': 0.05155370000476839, 'CPS': 0.03393927192001823, 'PGE': 0.026848148010787158, 'MBK': 0.02636177235712053, 'OPL': 0.023958504421356025, 'PCO': 0.021860413366323522, 'ACP': 0.019917030035550988, 'JSW': 0.01045548709091198, 'CCC': 0.009958515017775494}"
852,2022-04-07,181255.51090275653,2.9103830456733704e-11,"{'PKO': 0.15894629204791702, 'PEO': 0.10084930302050937, 'KGH': 0.09315100427565527, 'PKN': 0.0915149171095087, 'PZU': 0.08750523198211324, 'LPP': 0.06993848778497747, 'DNP': 0.06197421891142983, 'ALE': 0.05622672099097715, 'CDR': 0.05504098165229969, 'SPL': 0.05155370000476839, 'CPS': 0.03393927192001823, 'PGE': 0.026848148010787158, 'MBK': 0.02636177235712053, 'OPL': 0.023958504421356025, 'PCO': 0.021860413366323522, 'ACP': 0.019917030035550988, 'JSW': 0.01045548709091198, 'CCC': 0.009958515017775494}"
853,2022-04-08,181450.25982815152,2.9103830456733704e-11,"{'PKO': 0.15894629204791702, 'PEO': 0.10084930302050937, 'KGH': 0.09315100427565527, 'PKN': 0.0915149171095087, 'PZU': 0.08750523198211324, 'LPP': 0.06993848778497747, 'DNP': 0.06197421891142983, 'ALE': 0.05622672099097715, 'CDR': 0.05504098165229969, 'SPL': 0.05155370000476839, 'CPS': 0.03393927192001823, 'PGE': 0.026848148010787158, 'MBK': 0.02636177235712053, 'OPL': 0.023958504421356025, 'PCO': 0.021860413366323522, 'ACP': 0.019917030035550988, 'JSW': 0.01045548709091198, 'CCC': 0.009958515017775494}"
854,2022-04-11,184326.97906506018,2.9103830456733704e-11,"{'PKO': 0.15894629204791702, 'PEO': 0.10084930302050937, 'KGH': 0.09315100427565527, 'PKN': 0.0915149171095087, 'PZU': 0.08750523198211324, 'LPP': 0.06993848778497747, 'DNP': 0.06197421891142983, 'ALE': 0.05622672099097715, 'CDR': 0.05504098165229969, 'SPL': 0.05155370000476839, 'CPS': 0.03393927192001823, 'PGE': 0.026848148010787158, 'MBK': 0.02636177235712053, 'OPL': 0.023958504421356025, 'PCO': 0.021860413366323522, 'ACP': 0.019917030035550988, 'JSW': 0.01045548709091198, 'CCC': 0.009958515017775494}"
855,2022-04-12,181242.64661748178,2.9103830456733704e-11,"{'PKO': 0.15894629204791702, 'PEO': 0.10084930302050937, 'KGH': 0.09315100427565527, 'PKN': 0.0915149171095087, 'PZU': 0.08750523198211324, 'LPP': 0.06993848778497747, 'DNP': 0.06197421891142983, 'ALE': 0.05622672099097715, 'CDR': 0.05504098165229969, 'SPL': 0.05155370000476839, 'CPS': 0.03393927192001823, 'PGE': 0.026848148010787158, 'MBK': 0.02636177235712053, 'OPL': 0.023958504421356025, 'PCO': 0.021860413366323522, 'ACP': 0.019917030035550988, 'JSW': 0.01045548709091198, 'CCC': 0.009958515017775494}"
856,2022-04-13,181711.64239968878,2.9103830456733704e-11,"{'PKO': 0.15894629204791702, 'PEO': 0.10084930302050937, 'KGH': 0.09315100427565527, 'PKN': 0.0915149171095087, 'PZU': 0.08750523198211324, 'LPP': 0.06993848778497747, 'DNP': 0.06197421891142983, 'ALE': 0.05622672099097715, 'CDR': 0.05504098165229969, 'SPL': 0.05155370000476839, 'CPS': 0.03393927192001823, 'PGE': 0.026848148010787158, 'MBK': 0.02636177235712053, 'OPL': 0.023958504421356025, 'PCO': 0.021860413366323522, 'ACP': 0.019917030035550988, 'JSW': 0.01045548709091198, 'CCC': 0.009958515017775494}"
857,2022-04-14,180785.34263406,2.9103830456733704e-11,"{'PKO': 0.15894629204791702, 'PEO': 0.10084930302050937, 'KGH': 0.09315100427565527, 'PKN': 0.0915149171095087, 'PZU': 0.08750523198211324, 'LPP': 0.06993848778497747, 'DNP': 0.06197421891142983, 'ALE': 0.05622672099097715, 'CDR': 0.05504098165229969, 'SPL': 0.05155370000476839, 'CPS': 0.03393927192001823, 'PGE': 0.026848148010787158, 'MBK': 0.02636177235712053, 'OPL': 0.023958504421356025, 'PCO': 0.021860413366323522, 'ACP': 0.019917030035550988, 'JSW': 0.01045548709091198, 'CCC': 0.009958515017775494}"
858,2022-04-15,180785.34263406,2.9103830456733704e-11,"{'PKO': 0.15894629204791702, 'PEO': 0.10084930302050937, 'KGH': 0.09315100427565527, 'PKN': 0.0915149171095087, 'PZU': 0.08750523198211324, 'LPP': 0.06993848778497747, 'DNP': 0.06197421891142983, 'ALE': 0.05622672099097715, 'CDR': 0.05504098165229969, 'SPL': 0.05155370000476839, 'CPS': 0.03393927192001823, 'PGE': 0.026848148010787158, 'MBK': 0.02636177235712053, 'OPL': 0.023958504421356025, 'PCO': 0.021860413366323522, 'ACP': 0.019917030035550988, 'JSW': 0.01045548709091198, 'CCC': 0.009958515017775494}"
859,2022-04-18,180785.34263406,2.9103830456733704e-11,"{'PKO': 0.15894629204791702, 'PEO': 0.10084930302050937, 'KGH': 0.09315100427565527, 'PKN': 0.0915149171095087, 'PZU': 0.08750523198211324, 'LPP': 0.06993848778497747, 'DNP': 0.06197421891142983, 'ALE': 0.05622672099097715, 'CDR': 0.05504098165229969, 'SPL': 0.05155370000476839, 'CPS': 0.03393927192001823, 'PGE': 0.026848148010787158, 'MBK': 0.02636177235712053, 'OPL': 0.023958504421356025, 'PCO': 0.021860413366323522, 'ACP': 0.019917030035550988, 'JSW': 0.01045548709091198, 'CCC': 0.009958515017775494}"
860,2022-04-19,178053.75046249898,2.9103830456733704e-11,"{'PKO': 0.15894629204791702, 'PEO': 0.10084930302050937, 'KGH': 0.09315100427565527, 'PKN': 0.0915149171095087, 'PZU': 0.08750523198211324, 'LPP': 0.06993848778497747, 'DNP': 0.06197421891142983, 'ALE': 0.05622672099097715, 'CDR': 0.05504098165229969, 'SPL': 0.05155370000476839, 'CPS': 0.03393927192001823, 'PGE': 0.026848148010787158, 'MBK': 0.02636177235712053, 'OPL': 0.023958504421356025, 'PCO': 0.021860413366323522, 'ACP': 0.019917030035550988, 'JSW': 0.01045548709091198, 'CCC': 0.009958515017775494}"
861,2022-04-20,176827.6548473479,2.9103830456733704e-11,"{'PKO': 0.15894629204791702, 'PEO': 0.10084930302050937, 'KGH': 0.09315100427565527, 'PKN': 0.0915149171095087, 'PZU': 0.08750523198211324, 'LPP': 0.06993848778497747, 'DNP': 0.06197421891142983, 'ALE': 0.05622672099097715, 'CDR': 0.05504098165229969, 'SPL': 0.05155370000476839, 'CPS': 0.03393927192001823, 'PGE': 0.026848148010787158, 'MBK': 0.02636177235712053, 'OPL': 0.023958504421356025, 'PCO': 0.021860413366323522, 'ACP': 0.019917030035550988, 'JSW': 0.01045548709091198, 'CCC': 0.009958515017775494}"
862,2022-04-21,175712.62801524706,2.9103830456733704e-11,"{'PKO': 0.15894629204791702, 'PEO': 0.10084930302050937, 'KGH': 0.09315100427565527, 'PKN': 0.0915149171095087, 'PZU': 0.08750523198211324, 'LPP': 0.06993848778497747, 'DNP': 0.06197421891142983, 'ALE': 0.05622672099097715, 'CDR': 0.05504098165229969, 'SPL': 0.05155370000476839, 'CPS': 0.03393927192001823, 'PGE': 0.026848148010787158, 'MBK': 0.02636177235712053, 'OPL': 0.023958504421356025, 'PCO': 0.021860413366323522, 'ACP': 0.019917030035550988, 'JSW': 0.01045548709091198, 'CCC': 0.009958515017775494}"
863,2022-04-22,170668.11089948303,2.9103830456733704e-11,"{'PKO': 0.15894629204791702, 'PEO': 0.10084930302050937, 'KGH': 0.09315100427565527, 'PKN': 0.0915149171095087, 'PZU': 0.08750523198211324, 'LPP': 0.06993848778497747, 'DNP': 0.06197421891142983, 'ALE': 0.05622672099097715, 'CDR': 0.05504098165229969, 'SPL': 0.05155370000476839, 'CPS': 0.03393927192001823, 'PGE': 0.026848148010787158, 'MBK': 0.02636177235712053, 'OPL': 0.023958504421356025, 'PCO': 0.021860413366323522, 'ACP': 0.019917030035550988, 'JSW': 0.01045548709091198, 'CCC': 0.009958515017775494}"
864,2022-04-25,165587.62163923407,2.9103830456733704e-11,"{'PKO': 0.15894629204791702, 'PEO': 0.10084930302050937, 'KGH': 0.09315100427565527, 'PKN': 0.0915149171095087, 'PZU': 0.08750523198211324, 'LPP': 0.06993848778497747, 'DNP': 0.06197421891142983, 'ALE': 0.05622672099097715, 'CDR': 0.05504098165229969, 'SPL': 0.05155370000476839, 'CPS': 0.03393927192001823, 'PGE': 0.026848148010787158, 'MBK': 0.02636177235712053, 'OPL': 0.023958504421356025, 'PCO': 0.021860413366323522, 'ACP': 0.019917030035550988, 'JSW': 0.01045548709091198, 'CCC': 0.009958515017775494}"
865,2022-04-26,163669.24091525737,2.9103830456733704e-11,"{'PKO': 0.15894629204791702, 'PEO': 0.10084930302050937, 'KGH': 0.09315100427565527, 'PKN': 0.0915149171095087, 'PZU': 0.08750523198211324, 'LPP': 0.06993848778497747, 'DNP': 0.06197421891142983, 'ALE': 0.05622672099097715, 'CDR': 0.05504098165229969, 'SPL': 0.05155370000476839, 'CPS': 0.03393927192001823, 'PGE': 0.026848148010787158, 'MBK': 0.02636177235712053, 'OPL': 0.023958504421356025, 'PCO': 0.021860413366323522, 'ACP': 0.019917030035550988, 'JSW': 0.01045548709091198, 'CCC': 0.009958515017775494}"
866,2022-04-27,161952.04244365063,2.9103830456733704e-11,"{'PKO': 0.15894629204791702, 'PEO': 0.10084930302050937, 'KGH': 0.09315100427565527, 'PKN': 0.0915149171095087, 'PZU': 0.08750523198211324, 'LPP': 0.06993848778497747, 'DNP': 0.06197421891142983, 'ALE': 0.05622672099097715, 'CDR': 0.05504098165229969, 'SPL': 0.05155370000476839, 'CPS': 0.03393927192001823, 'PGE': 0.026848148010787158, 'MBK': 0.02636177235712053, 'OPL': 0.023958504421356025, 'PCO': 0.021860413366323522, 'ACP': 0.019917030035550988, 'JSW': 0.01045548709091198, 'CCC': 0.009958515017775494}"
867,2022-04-28,161827.12846534984,2.9103830456733704e-11,"{'PKO': 0.15894629204791702, 'PEO': 0.10084930302050937, 'KGH': 0.09315100427565527, 'PKN': 0.0915149171095087, 'PZU': 0.08750523198211324, 'LPP': 0.06993848778497747, 'DNP': 0.06197421891142983, 'ALE': 0.05622672099097715, 'CDR': 0.05504098165229969, 'SPL': 0.05155370000476839, 'CPS': 0.03393927192001823, 'PGE': 0.026848148010787158, 'MBK': 0.02636177235712053, 'OPL': 0.023958504421356025, 'PCO': 0.021860413366323522, 'ACP': 0.019917030035550988, 'JSW': 0.01045548709091198, 'CCC': 0.009958515017775494}"
868,2022-04-29,159340.60264731437,2.9103830456733704e-11,"{'PKO': 0.15894629204791702, 'PEO': 0.10084930302050937, 'KGH': 0.09315100427565527, 'PKN': 0.0915149171095087, 'PZU': 0.08750523198211324, 'LPP': 0.06993848778497747, 'DNP': 0.06197421891142983, 'ALE': 0.05622672099097715, 'CDR': 0.05504098165229969, 'SPL': 0.05155370000476839, 'CPS': 0.03393927192001823, 'PGE': 0.026848148010787158, 'MBK': 0.02636177235712053, 'OPL': 0.023958504421356025, 'PCO': 0.021860413366323522, 'ACP': 0.019917030035550988, 'JSW': 0.01045548709091198, 'CCC': 0.009958515017775494}"
869,2022-05-02,156615.25955717912,2.9103830456733704e-11,"{'PKO': 0.15894629204791702, 'PEO': 0.10084930302050937, 'KGH': 0.09315100427565527, 'PKN': 0.0915149171095087, 'PZU': 0.08750523198211324, 'LPP': 0.06993848778497747, 'DNP': 0.06197421891142983, 'ALE': 0.05622672099097715, 'CDR': 0.05504098165229969, 'SPL': 0.05155370000476839, 'CPS': 0.03393927192001823, 'PGE': 0.026848148010787158, 'MBK': 0.02636177235712053, 'OPL': 0.023958504421356025, 'PCO': 0.021860413366323522, 'ACP': 0.019917030035550988, 'JSW': 0.01045548709091198, 'CCC': 0.009958515017775494}"
870,2022-05-03,156615.25955717912,2.9103830456733704e-11,"{'PKO': 0.15894629204791702, 'PEO': 0.10084930302050937, 'KGH': 0.09315100427565527, 'PKN': 0.0915149171095087, 'PZU': 0.08750523198211324, 'LPP': 0.06993848778497747, 'DNP': 0.06197421891142983, 'ALE': 0.05622672099097715, 'CDR': 0.05504098165229969, 'SPL': 0.05155370000476839, 'CPS': 0.03393927192001823, 'PGE': 0.026848148010787158, 'MBK': 0.02636177235712053, 'OPL': 0.023958504421356025, 'PCO': 0.021860413366323522, 'ACP': 0.019917030035550988, 'JSW': 0.01045548709091198, 'CCC': 0.009958515017775494}"
871,2022-05-04,155083.22256250936,2.9103830456733704e-11,"{'PKO': 0.15894629204791702, 'PEO': 0.10084930302050937, 'KGH': 0.09315100427565527, 'PKN': 0.0915149171095087, 'PZU': 0.08750523198211324, 'LPP': 0.06993848778497747, 'DNP': 0.06197421891142983, 'ALE': 0.05622672099097715, 'CDR': 0.05504098165229969, 'SPL': 0.05155370000476839, 'CPS': 0.03393927192001823, 'PGE': 0.026848148010787158, 'MBK': 0.02636177235712053, 'OPL': 0.023958504421356025, 'PCO': 0.021860413366323522, 'ACP': 0.019917030035550988, 'JSW': 0.01045548709091198, 'CCC': 0.009958515017775494}"
872,2022-05-05,150926.72524684243,2.9103830456733704e-11,"{'PKO': 0.15894629204791702, 'PEO': 0.10084930302050937, 'KGH': 0.09315100427565527, 'PKN': 0.0915149171095087, 'PZU': 0.08750523198211324, 'LPP': 0.06993848778497747, 'DNP': 0.06197421891142983, 'ALE': 0.05622672099097715, 'CDR': 0.05504098165229969, 'SPL': 0.05155370000476839, 'CPS': 0.03393927192001823, 'PGE': 0.026848148010787158, 'MBK': 0.02636177235712053, 'OPL': 0.023958504421356025, 'PCO': 0.021860413366323522, 'ACP': 0.019917030035550988, 'JSW': 0.01045548709091198, 'CCC': 0.009958515017775494}"
873,2022-05-06,150293.34272478495,2.9103830456733704e-11,"{'PKO': 0.15894629204791702, 'PEO': 0.10084930302050937, 'KGH': 0.09315100427565527, 'PKN': 0.0915149171095087, 'PZU': 0.08750523198211324, 'LPP': 0.06993848778497747, 'DNP': 0.06197421891142983, 'ALE': 0.05622672099097715, 'CDR': 0.05504098165229969, 'SPL': 0.05155370000476839, 'CPS': 0.03393927192001823, 'PGE': 0.026848148010787158, 'MBK': 0.02636177235712053, 'OPL': 0.023958504421356025, 'PCO': 0.021860413366323522, 'ACP': 0.019917030035550988, 'JSW': 0.01045548709091198, 'CCC': 0.009958515017775494}"
874,2022-05-09,147111.5417594081,2.9103830456733704e-11,"{'PKO': 0.15894629204791702, 'PEO': 0.10084930302050937, 'KGH': 0.09315100427565527, 'PKN': 0.0915149171095087, 'PZU': 0.08750523198211324, 'LPP': 0.06993848778497747, 'DNP': 0.06197421891142983, 'ALE': 0.05622672099097715, 'CDR': 0.05504098165229969, 'SPL': 0.05155370000476839, 'CPS': 0.03393927192001823, 'PGE': 0.026848148010787158, 'MBK': 0.02636177235712053, 'OPL': 0.023958504421356025, 'PCO': 0.021860413366323522, 'ACP': 0.019917030035550988, 'JSW': 0.01045548709091198, 'CCC': 0.009958515017775494}"
875,2022-05-10,146857.04414581702,2.9103830456733704e-11,"{'PKO': 0.15894629204791702, 'PEO': 0.10084930302050937, 'KGH': 0.09315100427565527, 'PKN': 0.0915149171095087, 'PZU': 0.08750523198211324, 'LPP': 0.06993848778497747, 'DNP': 0.06197421891142983, 'ALE': 0.05622672099097715, 'CDR': 0.05504098165229969, 'SPL': 0.05155370000476839, 'CPS': 0.03393927192001823, 'PGE': 0.026848148010787158, 'MBK': 0.02636177235712053, 'OPL': 0.023958504421356025, 'PCO': 0.021860413366323522, 'ACP': 0.019917030035550988, 'JSW': 0.01045548709091198, 'CCC': 0.009958515017775494}"
876,2022-05-11,146948.09217813157,2.9103830456733704e-11,"{'PKO': 0.15894629204791702, 'PEO': 0.10084930302050937, 'KGH': 0.09315100427565527, 'PKN': 0.0915149171095087, 'PZU': 0.08750523198211324, 'LPP': 0.06993848778497747, 'DNP': 0.06197421891142983, 'ALE': 0.05622672099097715, 'CDR': 0.05504098165229969, 'SPL': 0.05155370000476839, 'CPS': 0.03393927192001823, 'PGE': 0.026848148010787158, 'MBK': 0.02636177235712053, 'OPL': 0.023958504421356025, 'PCO': 0.021860413366323522, 'ACP': 0.019917030035550988, 'JSW': 0.01045548709091198, 'CCC': 0.009958515017775494}"
877,2022-05-12,144865.11720416884,2.9103830456733704e-11,"{'PKO': 0.15894629204791702, 'PEO': 0.10084930302050937, 'KGH': 0.09315100427565527, 'PKN': 0.0915149171095087, 'PZU': 0.08750523198211324, 'LPP': 0.06993848778497747, 'DNP': 0.06197421891142983, 'ALE': 0.05622672099097715, 'CDR': 0.05504098165229969, 'SPL': 0.05155370000476839, 'CPS': 0.03393927192001823, 'PGE': 0.026848148010787158, 'MBK': 0.02636177235712053, 'OPL': 0.023958504421356025, 'PCO': 0.021860413366323522, 'ACP': 0.019917030035550988, 'JSW': 0.01045548709091198, 'CCC': 0.009958515017775494}"
878,2022-05-13,151343.9342974485,2.9103830456733704e-11,"{'PKO': 0.15894629204791702, 'PEO': 0.10084930302050937, 'KGH': 0.09315100427565527, 'PKN': 0.0915149171095087, 'PZU': 0.08750523198211324, 'LPP': 0.06993848778497747, 'DNP': 0.06197421891142983, 'ALE': 0.05622672099097715, 'CDR': 0.05504098165229969, 'SPL': 0.05155370000476839, 'CPS': 0.03393927192001823, 'PGE': 0.026848148010787158, 'MBK': 0.02636177235712053, 'OPL': 0.023958504421356025, 'PCO': 0.021860413366323522, 'ACP': 0.019917030035550988, 'JSW': 0.01045548709091198, 'CCC': 0.009958515017775494}"
879,2022-05-16,150930.6839678847,2.9103830456733704e-11,"{'PKO': 0.15894629204791702, 'PEO': 0.10084930302050937, 'KGH': 0.09315100427565527, 'PKN': 0.0915149171095087, 'PZU': 0.08750523198211324, 'LPP': 0.06993848778497747, 'DNP': 0.06197421891142983, 'ALE': 0.05622672099097715, 'CDR': 0.05504098165229969, 'SPL': 0.05155370000476839, 'CPS': 0.03393927192001823, 'PGE': 0.026848148010787158, 'MBK': 0.02636177235712053, 'OPL': 0.023958504421356025, 'PCO': 0.021860413366323522, 'ACP': 0.019917030035550988, 'JSW': 0.01045548709091198, 'CCC': 0.009958515017775494}"
880,2022-05-17,154927.7945553595,2.9103830456733704e-11,"{'PKO': 0.15894629204791702, 'PEO': 0.10084930302050937, 'KGH': 0.09315100427565527, 'PKN': 0.0915149171095087, 'PZU': 0.08750523198211324, 'LPP': 0.06993848778497747, 'DNP': 0.06197421891142983, 'ALE': 0.05622672099097715, 'CDR': 0.05504098165229969, 'SPL': 0.05155370000476839, 'CPS': 0.03393927192001823, 'PGE': 0.026848148010787158, 'MBK': 0.02636177235712053, 'OPL': 0.023958504421356025, 'PCO': 0.021860413366323522, 'ACP': 0.019917030035550988, 'JSW': 0.01045548709091198, 'CCC': 0.009958515017775494}"
881,2022-05-18,155010.76936846957,2.9103830456733704e-11,"{'PKO': 0.15894629204791702, 'PEO': 0.10084930302050937, 'KGH': 0.09315100427565527, 'PKN': 0.0915149171095087, 'PZU': 0.08750523198211324, 'LPP': 0.06993848778497747, 'DNP': 0.06197421891142983, 'ALE': 0.05622672099097715, 'CDR': 0.05504098165229969, 'SPL': 0.05155370000476839, 'CPS': 0.03393927192001823, 'PGE': 0.026848148010787158, 'MBK': 0.02636177235712053, 'OPL': 0.023958504421356025, 'PCO': 0.021860413366323522, 'ACP': 0.019917030035550988, 'JSW': 0.01045548709091198, 'CCC': 0.009958515017775494}"
882,2022-05-19,152028.02318225027,2.9103830456733704e-11,"{'PKO': 0.15894629204791702, 'PEO': 0.10084930302050937, 'KGH': 0.09315100427565527, 'PKN': 0.0915149171095087, 'PZU': 0.08750523198211324, 'LPP': 0.06993848778497747, 'DNP': 0.06197421891142983, 'ALE': 0.05622672099097715, 'CDR': 0.05504098165229969, 'SPL': 0.05155370000476839, 'CPS': 0.03393927192001823, 'PGE': 0.026848148010787158, 'MBK': 0.02636177235712053, 'OPL': 0.023958504421356025, 'PCO': 0.021860413366323522, 'ACP': 0.019917030035550988, 'JSW': 0.01045548709091198, 'CCC': 0.009958515017775494}"
883,2022-05-20,152798.1704664383,2.9103830456733704e-11,"{'PKO': 0.15894629204791702, 'PEO': 0.10084930302050937, 'KGH': 0.09315100427565527, 'PKN': 0.0915149171095087, 'PZU': 0.08750523198211324, 'LPP': 0.06993848778497747, 'DNP': 0.06197421891142983, 'ALE': 0.05622672099097715, 'CDR': 0.05504098165229969, 'SPL': 0.05155370000476839, 'CPS': 0.03393927192001823, 'PGE': 0.026848148010787158, 'MBK': 0.02636177235712053, 'OPL': 0.023958504421356025, 'PCO': 0.021860413366323522, 'ACP': 0.019917030035550988, 'JSW': 0.01045548709091198, 'CCC': 0.009958515017775494}"
884,2022-05-23,157555.43415864577,2.9103830456733704e-11,"{'PKO': 0.15894629204791702, 'PEO': 0.10084930302050937, 'KGH': 0.09315100427565527, 'PKN': 0.0915149171095087, 'PZU': 0.08750523198211324, 'LPP': 0.06993848778497747, 'DNP': 0.06197421891142983, 'ALE': 0.05622672099097715, 'CDR': 0.05504098165229969, 'SPL': 0.05155370000476839, 'CPS': 0.03393927192001823, 'PGE': 0.026848148010787158, 'MBK': 0.02636177235712053, 'OPL': 0.023958504421356025, 'PCO': 0.021860413366323522, 'ACP': 0.019917030035550988, 'JSW': 0.01045548709091198, 'CCC': 0.009958515017775494}"
885,2022-05-24,155489.79242207998,2.9103830456733704e-11,"{'PKO': 0.15894629204791702, 'PEO': 0.10084930302050937, 'KGH': 0.09315100427565527, 'PKN': 0.0915149171095087, 'PZU': 0.08750523198211324, 'LPP': 0.06993848778497747, 'DNP': 0.06197421891142983, 'ALE': 0.05622672099097715, 'CDR': 0.05504098165229969, 'SPL': 0.05155370000476839, 'CPS': 0.03393927192001823, 'PGE': 0.026848148010787158, 'MBK': 0.02636177235712053, 'OPL': 0.023958504421356025, 'PCO': 0.021860413366323522, 'ACP': 0.019917030035550988, 'JSW': 0.01045548709091198, 'CCC': 0.009958515017775494}"
886,2022-05-25,153865.12305042255,2.9103830456733704e-11,"{'PKO': 0.15894629204791702, 'PEO': 0.10084930302050937, 'KGH': 0.09315100427565527, 'PKN': 0.0915149171095087, 'PZU': 0.08750523198211324, 'LPP': 0.06993848778497747, 'DNP': 0.06197421891142983, 'ALE': 0.05622672099097715, 'CDR': 0.05504098165229969, 'SPL': 0.05155370000476839, 'CPS': 0.03393927192001823, 'PGE': 0.026848148010787158, 'MBK': 0.02636177235712053, 'OPL': 0.023958504421356025, 'PCO': 0.021860413366323522, 'ACP': 0.019917030035550988, 'JSW': 0.01045548709091198, 'CCC': 0.009958515017775494}"
887,2022-05-26,156586.73409162663,2.9103830456733704e-11,"{'PKO': 0.15894629204791702, 'PEO': 0.10084930302050937, 'KGH': 0.09315100427565527, 'PKN': 0.0915149171095087, 'PZU': 0.08750523198211324, 'LPP': 0.06993848778497747, 'DNP': 0.06197421891142983, 'ALE': 0.05622672099097715, 'CDR': 0.05504098165229969, 'SPL': 0.05155370000476839, 'CPS': 0.03393927192001823, 'PGE': 0.026848148010787158, 'MBK': 0.02636177235712053, 'OPL': 0.023958504421356025, 'PCO': 0.021860413366323522, 'ACP': 0.019917030035550988, 'JSW': 0.01045548709091198, 'CCC': 0.009958515017775494}"
888,2022-05-27,155349.71899656238,2.9103830456733704e-11,"{'PKO': 0.15894629204791702, 'PEO': 0.10084930302050937, 'KGH': 0.09315100427565527, 'PKN': 0.0915149171095087, 'PZU': 0.08750523198211324, 'LPP': 0.06993848778497747, 'DNP': 0.06197421891142983, 'ALE': 0.05622672099097715, 'CDR': 0.05504098165229969, 'SPL': 0.05155370000476839, 'CPS': 0.03393927192001823, 'PGE': 0.026848148010787158, 'MBK': 0.02636177235712053, 'OPL': 0.023958504421356025, 'PCO': 0.021860413366323522, 'ACP': 0.019917030035550988, 'JSW': 0.01045548709091198, 'CCC': 0.009958515017775494}"
889,2022-05-30,159748.8866274486,2.9103830456733704e-11,"{'PKO': 0.15894629204791702, 'PEO': 0.10084930302050937, 'KGH': 0.09315100427565527, 'PKN': 0.0915149171095087, 'PZU': 0.08750523198211324, 'LPP': 0.06993848778497747, 'DNP': 0.06197421891142983, 'ALE': 0.05622672099097715, 'CDR': 0.05504098165229969, 'SPL': 0.05155370000476839, 'CPS': 0.03393927192001823, 'PGE': 0.026848148010787158, 'MBK': 0.02636177235712053, 'OPL': 0.023958504421356025, 'PCO': 0.021860413366323522, 'ACP': 0.019917030035550988, 'JSW': 0.01045548709091198, 'CCC': 0.009958515017775494}"
890,2022-05-31,158647.47462735345,-8.731149137020111e-11,"{'PKO': 0.14712275904519312, 'KGH': 0.0913116363942533, 'PKN': 0.1042446511692401, 'PZU': 0.09494122817903736, 'LPP': 0.07932271777641935, 'DNP': 0.06819768549966394, 'ALE': 0.05018166617285152, 'CDR': 0.040523834926492815, 'SPL': 0.05149550103034083, 'CPS': 0.031577931494027274, 'PGE': 0.03205393968085263, 'MBK': 0.024663361698542476, 'OPL': 0.021870009606183103, 'PCO': 0.021295094929262626, 'ACP': 0.022794936716507827, 'JSW': 0.011464615201642592, 'CCC': 0.010207738601125895, 'MEG': 0.0967306918783634}"
891,2022-06-01,157116.0647999443,-8.731149137020111e-11,"{'PKO': 0.14712275904519312, 'KGH': 0.0913116363942533, 'PKN': 0.1042446511692401, 'PZU': 0.09494122817903736, 'LPP': 0.07932271777641935, 'DNP': 0.06819768549966394, 'ALE': 0.05018166617285152, 'CDR': 0.040523834926492815, 'SPL': 0.05149550103034083, 'CPS': 0.031577931494027274, 'PGE': 0.03205393968085263, 'MBK': 0.024663361698542476, 'OPL': 0.021870009606183103, 'PCO': 0.021295094929262626, 'ACP': 0.022794936716507827, 'JSW': 0.011464615201642592, 'CCC': 0.010207738601125895, 'MEG': 0.0967306918783634}"
892,2022-06-02,157661.5361297874,-8.731149137020111e-11,"{'PKO': 0.14712275904519312, 'KGH': 0.0913116363942533, 'PKN': 0.1042446511692401, 'PZU': 0.09494122817903736, 'LPP': 0.07932271777641935, 'DNP': 0.06819768549966394, 'ALE': 0.05018166617285152, 'CDR': 0.040523834926492815, 'SPL': 0.05149550103034083, 'CPS': 0.031577931494027274, 'PGE': 0.03205393968085263, 'MBK': 0.024663361698542476, 'OPL': 0.021870009606183103, 'PCO': 0.021295094929262626, 'ACP': 0.022794936716507827, 'JSW': 0.011464615201642592, 'CCC': 0.010207738601125895, 'MEG': 0.0967306918783634}"
893,2022-06-03,156337.6549103221,-8.731149137020111e-11,"{'PKO': 0.14712275904519312, 'KGH': 0.0913116363942533, 'PKN': 0.1042446511692401, 'PZU': 0.09494122817903736, 'LPP': 0.07932271777641935, 'DNP': 0.06819768549966394, 'ALE': 0.05018166617285152, 'CDR': 0.040523834926492815, 'SPL': 0.05149550103034083, 'CPS': 0.031577931494027274, 'PGE': 0.03205393968085263, 'MBK': 0.024663361698542476, 'OPL': 0.021870009606183103, 'PCO': 0.021295094929262626, 'ACP': 0.022794936716507827, 'JSW': 0.011464615201642592, 'CCC': 0.010207738601125895, 'MEG': 0.0967306918783634}"
894,2022-06-06,156527.6681061058,-8.731149137020111e-11,"{'PKO': 0.14712275904519312, 'KGH': 0.0913116363942533, 'PKN': 0.1042446511692401, 'PZU': 0.09494122817903736, 'LPP': 0.07932271777641935, 'DNP': 0.06819768549966394, 'ALE': 0.05018166617285152, 'CDR': 0.040523834926492815, 'SPL': 0.05149550103034083, 'CPS': 0.031577931494027274, 'PGE': 0.03205393968085263, 'MBK': 0.024663361698542476, 'OPL': 0.021870009606183103, 'PCO': 0.021295094929262626, 'ACP': 0.022794936716507827, 'JSW': 0.011464615201642592, 'CCC': 0.010207738601125895, 'MEG': 0.0967306918783634}"
895,2022-06-07,154656.537741952,-8.731149137020111e-11,"{'PKO': 0.14712275904519312, 'KGH': 0.0913116363942533, 'PKN': 0.1042446511692401, 'PZU': 0.09494122817903736, 'LPP': 0.07932271777641935, 'DNP': 0.06819768549966394, 'ALE': 0.05018166617285152, 'CDR': 0.040523834926492815, 'SPL': 0.05149550103034083, 'CPS': 0.031577931494027274, 'PGE': 0.03205393968085263, 'MBK': 0.024663361698542476, 'OPL': 0.021870009606183103, 'PCO': 0.021295094929262626, 'ACP': 0.022794936716507827, 'JSW': 0.011464615201642592, 'CCC': 0.010207738601125895, 'MEG': 0.0967306918783634}"
896,2022-06-08,151648.8569815771,-8.731149137020111e-11,"{'PKO': 0.14712275904519312, 'KGH': 0.0913116363942533, 'PKN': 0.1042446511692401, 'PZU': 0.09494122817903736, 'LPP': 0.07932271777641935, 'DNP': 0.06819768549966394, 'ALE': 0.05018166617285152, 'CDR': 0.040523834926492815, 'SPL': 0.05149550103034083, 'CPS': 0.031577931494027274, 'PGE': 0.03205393968085263, 'MBK': 0.024663361698542476, 'OPL': 0.021870009606183103, 'PCO': 0.021295094929262626, 'ACP': 0.022794936716507827, 'JSW': 0.011464615201642592, 'CCC': 0.010207738601125895, 'MEG': 0.0967306918783634}"
897,2022-06-09,149940.10480504244,-8.731149137020111e-11,"{'PKO': 0.14712275904519312, 'KGH': 0.0913116363942533, 'PKN': 0.1042446511692401, 'PZU': 0.09494122817903736, 'LPP': 0.07932271777641935, 'DNP': 0.06819768549966394, 'ALE': 0.05018166617285152, 'CDR': 0.040523834926492815, 'SPL': 0.05149550103034083, 'CPS': 0.031577931494027274, 'PGE': 0.03205393968085263, 'MBK': 0.024663361698542476, 'OPL': 0.021870009606183103, 'PCO': 0.021295094929262626, 'ACP': 0.022794936716507827, 'JSW': 0.011464615201642592, 'CCC': 0.010207738601125895, 'MEG': 0.0967306918783634}"
898,2022-06-10,146639.44647589172,-8.731149137020111e-11,"{'PKO': 0.14712275904519312, 'KGH': 0.0913116363942533, 'PKN': 0.1042446511692401, 'PZU': 0.09494122817903736, 'LPP': 0.07932271777641935, 'DNP': 0.06819768549966394, 'ALE': 0.05018166617285152, 'CDR': 0.040523834926492815, 'SPL': 0.05149550103034083, 'CPS': 0.031577931494027274, 'PGE': 0.03205393968085263, 'MBK': 0.024663361698542476, 'OPL': 0.021870009606183103, 'PCO': 0.021295094929262626, 'ACP': 0.022794936716507827, 'JSW': 0.011464615201642592, 'CCC': 0.010207738601125895, 'MEG': 0.0967306918783634}"
899,2022-06-13,143051.26708224392,-8.731149137020111e-11,"{'PKO': 0.14712275904519312, 'KGH': 0.0913116363942533, 'PKN': 0.1042446511692401, 'PZU': 0.09494122817903736, 'LPP': 0.07932271777641935, 'DNP': 0.06819768549966394, 'ALE': 0.05018166617285152, 'CDR': 0.040523834926492815, 'SPL': 0.05149550103034083, 'CPS': 0.031577931494027274, 'PGE': 0.03205393968085263, 'MBK': 0.024663361698542476, 'OPL': 0.021870009606183103, 'PCO': 0.021295094929262626, 'ACP': 0.022794936716507827, 'JSW': 0.011464615201642592, 'CCC': 0.010207738601125895, 'MEG': 0.0967306918783634}"
900,2022-06-14,144370.0858545178,-8.731149137020111e-11,"{'PKO': 0.14712275904519312, 'KGH': 0.0913116363942533, 'PKN': 0.1042446511692401, 'PZU': 0.09494122817903736, 'LPP': 0.07932271777641935, 'DNP': 0.06819768549966394, 'ALE': 0.05018166617285152, 'CDR': 0.040523834926492815, 'SPL': 0.05149550103034083, 'CPS': 0.031577931494027274, 'PGE': 0.03205393968085263, 'MBK': 0.024663361698542476, 'OPL': 0.021870009606183103, 'PCO': 0.021295094929262626, 'ACP': 0.022794936716507827, 'JSW': 0.011464615201642592, 'CCC': 0.010207738601125895, 'MEG': 0.0967306918783634}"
901,2022-06-15,144370.85485693344,-8.731149137020111e-11,"{'PKO': 0.14712275904519312, 'KGH': 0.0913116363942533, 'PKN': 0.1042446511692401, 'PZU': 0.09494122817903736, 'LPP': 0.07932271777641935, 'DNP': 0.06819768549966394, 'ALE': 0.05018166617285152, 'CDR': 0.040523834926492815, 'SPL': 0.05149550103034083, 'CPS': 0.031577931494027274, 'PGE': 0.03205393968085263, 'MBK': 0.024663361698542476, 'OPL': 0.021870009606183103, 'PCO': 0.021295094929262626, 'ACP': 0.022794936716507827, 'JSW': 0.011464615201642592, 'CCC': 0.010207738601125895, 'MEG': 0.0967306918783634}"
902,2022-06-16,144370.85485693344,-8.731149137020111e-11,"{'PKO': 0.14712275904519312, 'KGH': 0.0913116363942533, 'PKN': 0.1042446511692401, 'PZU': 0.09494122817903736, 'LPP': 0.07932271777641935, 'DNP': 0.06819768549966394, 'ALE': 0.05018166617285152, 'CDR': 0.040523834926492815, 'SPL': 0.05149550103034083, 'CPS': 0.031577931494027274, 'PGE': 0.03205393968085263, 'MBK': 0.024663361698542476, 'OPL': 0.021870009606183103, 'PCO': 0.021295094929262626, 'ACP': 0.022794936716507827, 'JSW': 0.011464615201642592, 'CCC': 0.010207738601125895, 'MEG': 0.0967306918783634}"
903,2022-06-17,142436.18011014105,2.9103830456733704e-11,"{'PKO': 0.14095609701081416, 'PKN': 0.10974120617183807, 'KGH': 0.09872316521422282, 'PZU': 0.09340826179559365, 'PEO': 0.08703710130090964, 'DNP': 0.07807409849434566, 'LPP': 0.057762296610867944, 'ALE': 0.05523443701714737, 'CDR': 0.04526506196563586, 'SPL': 0.04465559946384651, 'PGE': 0.04176227925962235, 'CPS': 0.029802933228069112, 'PCO': 0.02632075512620862, 'ACP': 0.023403576959280966, 'OPL': 0.02105573653868677, 'JSW': 0.018997445029085024, 'MBK': 0.01845955641540617, 'CCC': 0.0093403923984193}"
904,2022-06-20,143159.6124965792,2.9103830456733704e-11,"{'PKO': 0.14095609701081416, 'PKN': 0.10974120617183807, 'KGH': 0.09872316521422282, 'PZU': 0.09340826179559365, 'PEO': 0.08703710130090964, 'DNP': 0.07807409849434566, 'LPP': 0.057762296610867944, 'ALE': 0.05523443701714737, 'CDR': 0.04526506196563586, 'SPL': 0.04465559946384651, 'PGE': 0.04176227925962235, 'CPS': 0.029802933228069112, 'PCO': 0.02632075512620862, 'ACP': 0.023403576959280966, 'OPL': 0.02105573653868677, 'JSW': 0.018997445029085024, 'MBK': 0.01845955641540617, 'CCC': 0.0093403923984193}"
905,2022-06-21,146445.18277777365,2.9103830456733704e-11,"{'PKO': 0.14095609701081416, 'PKN': 0.10974120617183807, 'KGH': 0.09872316521422282, 'PZU': 0.09340826179559365, 'PEO': 0.08703710130090964, 'DNP': 0.07807409849434566, 'LPP': 0.057762296610867944, 'ALE': 0.05523443701714737, 'CDR': 0.04526506196563586, 'SPL': 0.04465559946384651, 'PGE': 0.04176227925962235, 'CPS': 0.029802933228069112, 'PCO': 0.02632075512620862, 'ACP': 0.023403576959280966, 'OPL': 0.02105573653868677, 'JSW': 0.018997445029085024, 'MBK': 0.01845955641540617, 'CCC': 0.0093403923984193}"
906,2022-06-22,143425.2852838932,2.9103830456733704e-11,"{'PKO': 0.14095609701081416, 'PKN': 0.10974120617183807, 'KGH': 0.09872316521422282, 'PZU': 0.09340826179559365, 'PEO': 0.08703710130090964, 'DNP': 0.07807409849434566, 'LPP': 0.057762296610867944, 'ALE': 0.05523443701714737, 'CDR': 0.04526506196563586, 'SPL': 0.04465559946384651, 'PGE': 0.04176227925962235, 'CPS': 0.029802933228069112, 'PCO': 0.02632075512620862, 'ACP': 0.023403576959280966, 'OPL': 0.02105573653868677, 'JSW': 0.018997445029085024, 'MBK': 0.01845955641540617, 'CCC': 0.0093403923984193}"
907,2022-06-23,141554.47212395683,2.9103830456733704e-11,"{'PKO': 0.14095609701081416, 'PKN': 0.10974120617183807, 'KGH': 0.09872316521422282, 'PZU': 0.09340826179559365, 'PEO': 0.08703710130090964, 'DNP': 0.07807409849434566, 'LPP': 0.057762296610867944, 'ALE': 0.05523443701714737, 'CDR': 0.04526506196563586, 'SPL': 0.04465559946384651, 'PGE': 0.04176227925962235, 'CPS': 0.029802933228069112, 'PCO': 0.02632075512620862, 'ACP': 0.023403576959280966, 'OPL': 0.02105573653868677, 'JSW': 0.018997445029085024, 'MBK': 0.01845955641540617, 'CCC': 0.0093403923984193}"
908,2022-06-24,144217.4152796526,2.9103830456733704e-11,"{'PKO': 0.14095609701081416, 'PKN': 0.10974120617183807, 'KGH': 0.09872316521422282, 'PZU': 0.09340826179559365, 'PEO': 0.08703710130090964, 'DNP': 0.07807409849434566, 'LPP': 0.057762296610867944, 'ALE': 0.05523443701714737, 'CDR': 0.04526506196563586, 'SPL': 0.04465559946384651, 'PGE': 0.04176227925962235, 'CPS': 0.029802933228069112, 'PCO': 0.02632075512620862, 'ACP': 0.023403576959280966, 'OPL': 0.02105573653868677, 'JSW': 0.018997445029085024, 'MBK': 0.01845955641540617, 'CCC': 0.0093403923984193}"
909,2022-06-27,146574.91708257803,2.9103830456733704e-11,"{'PKO': 0.14095609701081416, 'PKN': 0.10974120617183807, 'KGH': 0.09872316521422282, 'PZU': 0.09340826179559365, 'PEO': 0.08703710130090964, 'DNP': 0.07807409849434566, 'LPP': 0.057762296610867944, 'ALE': 0.05523443701714737, 'CDR': 0.04526506196563586, 'SPL': 0.04465559946384651, 'PGE': 0.04176227925962235, 'CPS': 0.029802933228069112, 'PCO': 0.02632075512620862, 'ACP': 0.023403576959280966, 'OPL': 0.02105573653868677, 'JSW': 0.018997445029085024, 'MBK': 0.01845955641540617, 'CCC': 0.0093403923984193}"
910,2022-06-28,148711.78933230403,2.9103830456733704e-11,"{'PKO': 0.14095609701081416, 'PKN': 0.10974120617183807, 'KGH': 0.09872316521422282, 'PZU': 0.09340826179559365, 'PEO': 0.08703710130090964, 'DNP': 0.07807409849434566, 'LPP': 0.057762296610867944, 'ALE': 0.05523443701714737, 'CDR': 0.04526506196563586, 'SPL': 0.04465559946384651, 'PGE': 0.04176227925962235, 'CPS': 0.029802933228069112, 'PCO': 0.02632075512620862, 'ACP': 0.023403576959280966, 'OPL': 0.02105573653868677, 'JSW': 0.018997445029085024, 'MBK': 0.01845955641540617, 'CCC': 0.0093403923984193}"
911,2022-06-29,148020.1480193066,2.9103830456733704e-11,"{'PKO': 0.14095609701081416, 'PKN': 0.10974120617183807, 'KGH': 0.09872316521422282, 'PZU': 0.09340826179559365, 'PEO': 0.08703710130090964, 'DNP': 0.07807409849434566, 'LPP': 0.057762296610867944, 'ALE': 0.05523443701714737, 'CDR': 0.04526506196563586, 'SPL': 0.04465559946384651, 'PGE': 0.04176227925962235, 'CPS': 0.029802933228069112, 'PCO': 0.02632075512620862, 'ACP': 0.023403576959280966, 'OPL': 0.02105573653868677, 'JSW': 0.018997445029085024, 'MBK': 0.01845955641540617, 'CCC': 0.0093403923984193}"
912,2022-06-30,145013.49072604408,2.9103830456733704e-11,"{'PKO': 0.14095609701081416, 'PKN': 0.10974120617183807, 'KGH': 0.09872316521422282, 'PZU': 0.09340826179559365, 'PEO': 0.08703710130090964, 'DNP': 0.07807409849434566, 'LPP': 0.057762296610867944, 'ALE': 0.05523443701714737, 'CDR': 0.04526506196563586, 'SPL': 0.04465559946384651, 'PGE': 0.04176227925962235, 'CPS': 0.029802933228069112, 'PCO': 0.02632075512620862, 'ACP': 0.023403576959280966, 'OPL': 0.02105573653868677, 'JSW': 0.018997445029085024, 'MBK': 0.01845955641540617, 'CCC': 0.0093403923984193}"
913,2022-07-01,144367.08007173118,2.9103830456733704e-11,"{'PKO': 0.14095609701081416, 'PKN': 0.10974120617183807, 'KGH': 0.09872316521422282, 'PZU': 0.09340826179559365, 'PEO': 0.08703710130090964, 'DNP': 0.07807409849434566, 'LPP': 0.057762296610867944, 'ALE': 0.05523443701714737, 'CDR': 0.04526506196563586, 'SPL': 0.04465559946384651, 'PGE': 0.04176227925962235, 'CPS': 0.029802933228069112, 'PCO': 0.02632075512620862, 'ACP': 0.023403576959280966, 'OPL': 0.02105573653868677, 'JSW': 0.018997445029085024, 'MBK': 0.01845955641540617, 'CCC': 0.0093403923984193}"
914,2022-07-04,144354.8025317845,2.9103830456733704e-11,"{'PKO': 0.14095609701081416, 'PKN': 0.10974120617183807, 'KGH': 0.09872316521422282, 'PZU': 0.09340826179559365, 'PEO': 0.08703710130090964, 'DNP': 0.07807409849434566, 'LPP': 0.057762296610867944, 'ALE': 0.05523443701714737, 'CDR': 0.04526506196563586, 'SPL': 0.04465559946384651, 'PGE': 0.04176227925962235, 'CPS': 0.029802933228069112, 'PCO': 0.02632075512620862, 'ACP': 0.023403576959280966, 'OPL': 0.02105573653868677, 'JSW': 0.018997445029085024, 'MBK': 0.01845955641540617, 'CCC': 0.0093403923984193}"
915,2022-07-05,140345.44164045804,2.9103830456733704e-11,"{'PKO': 0.14095609701081416, 'PKN': 0.10974120617183807, 'KGH': 0.09872316521422282, 'PZU': 0.09340826179559365, 'PEO': 0.08703710130090964, 'DNP': 0.07807409849434566, 'LPP': 0.057762296610867944, 'ALE': 0.05523443701714737, 'CDR': 0.04526506196563586, 'SPL': 0.04465559946384651, 'PGE': 0.04176227925962235, 'CPS': 0.029802933228069112, 'PCO': 0.02632075512620862, 'ACP': 0.023403576959280966, 'OPL': 0.02105573653868677, 'JSW': 0.018997445029085024, 'MBK': 0.01845955641540617, 'CCC': 0.0093403923984193}"
916,2022-07-06,142241.6146232141,2.9103830456733704e-11,"{'PKO': 0.14095609701081416, 'PKN': 0.10974120617183807, 'KGH': 0.09872316521422282, 'PZU': 0.09340826179559365, 'PEO': 0.08703710130090964, 'DNP': 0.07807409849434566, 'LPP': 0.057762296610867944, 'ALE': 0.05523443701714737, 'CDR': 0.04526506196563586, 'SPL': 0.04465559946384651, 'PGE': 0.04176227925962235, 'CPS': 0.029802933228069112, 'PCO': 0.02632075512620862, 'ACP': 0.023403576959280966, 'OPL': 0.02105573653868677, 'JSW': 0.018997445029085024, 'MBK': 0.01845955641540617, 'CCC': 0.0093403923984193}"
917,2022-07-07,146843.6899449595,2.9103830456733704e-11,"{'PKO': 0.14095609701081416, 'PKN': 0.10974120617183807, 'KGH': 0.09872316521422282, 'PZU': 0.09340826179559365, 'PEO': 0.08703710130090964, 'DNP': 0.07807409849434566, 'LPP': 0.057762296610867944, 'ALE': 0.05523443701714737, 'CDR': 0.04526506196563586, 'SPL': 0.04465559946384651, 'PGE': 0.04176227925962235, 'CPS': 0.029802933228069112, 'PCO': 0.02632075512620862, 'ACP': 0.023403576959280966, 'OPL': 0.02105573653868677, 'JSW': 0.018997445029085024, 'MBK': 0.01845955641540617, 'CCC': 0.0093403923984193}"
918,2022-07-08,149334.6113781622,2.9103830456733704e-11,"{'PKO': 0.14095609701081416, 'PKN': 0.10974120617183807, 'KGH': 0.09872316521422282, 'PZU': 0.09340826179559365, 'PEO': 0.08703710130090964, 'DNP': 0.07807409849434566, 'LPP': 0.057762296610867944, 'ALE': 0.05523443701714737, 'CDR': 0.04526506196563586, 'SPL': 0.04465559946384651, 'PGE': 0.04176227925962235, 'CPS': 0.029802933228069112, 'PCO': 0.02632075512620862, 'ACP': 0.023403576959280966, 'OPL': 0.02105573653868677, 'JSW': 0.018997445029085024, 'MBK': 0.01845955641540617, 'CCC': 0.0093403923984193}"
919,2022-07-11,147536.69100695362,2.9103830456733704e-11,"{'PKO': 0.14095609701081416, 'PKN': 0.10974120617183807, 'KGH': 0.09872316521422282, 'PZU': 0.09340826179559365, 'PEO': 0.08703710130090964, 'DNP': 0.07807409849434566, 'LPP': 0.057762296610867944, 'ALE': 0.05523443701714737, 'CDR': 0.04526506196563586, 'SPL': 0.04465559946384651, 'PGE': 0.04176227925962235, 'CPS': 0.029802933228069112, 'PCO': 0.02632075512620862, 'ACP': 0.023403576959280966, 'OPL': 0.02105573653868677, 'JSW': 0.018997445029085024, 'MBK': 0.01845955641540617, 'CCC': 0.0093403923984193}"
920,2022-07-12,143134.10290440463,2.9103830456733704e-11,"{'PKO': 0.14095609701081416, 'PKN': 0.10974120617183807, 'KGH': 0.09872316521422282, 'PZU': 0.09340826179559365, 'PEO': 0.08703710130090964, 'DNP': 0.07807409849434566, 'LPP': 0.057762296610867944, 'ALE': 0.05523443701714737, 'CDR': 0.04526506196563586, 'SPL': 0.04465559946384651, 'PGE': 0.04176227925962235, 'CPS': 0.029802933228069112, 'PCO': 0.02632075512620862, 'ACP': 0.023403576959280966, 'OPL': 0.02105573653868677, 'JSW': 0.018997445029085024, 'MBK': 0.01845955641540617, 'CCC': 0.0093403923984193}"
921,2022-07-13,141991.51741268995,2.9103830456733704e-11,"{'PKO': 0.14095609701081416, 'PKN': 0.10974120617183807, 'KGH': 0.09872316521422282, 'PZU': 0.09340826179559365, 'PEO': 0.08703710130090964, 'DNP': 0.07807409849434566, 'LPP': 0.057762296610867944, 'ALE': 0.05523443701714737, 'CDR': 0.04526506196563586, 'SPL': 0.04465559946384651, 'PGE': 0.04176227925962235, 'CPS': 0.029802933228069112, 'PCO': 0.02632075512620862, 'ACP': 0.023403576959280966, 'OPL': 0.02105573653868677, 'JSW': 0.018997445029085024, 'MBK': 0.01845955641540617, 'CCC': 0.0093403923984193}"
922,2022-07-14,138482.1941025112,2.9103830456733704e-11,"{'PKO': 0.14095609701081416, 'PKN': 0.10974120617183807, 'KGH': 0.09872316521422282, 'PZU': 0.09340826179559365, 'PEO': 0.08703710130090964, 'DNP': 0.07807409849434566, 'LPP': 0.057762296610867944, 'ALE': 0.05523443701714737, 'CDR': 0.04526506196563586, 'SPL': 0.04465559946384651, 'PGE': 0.04176227925962235, 'CPS': 0.029802933228069112, 'PCO': 0.02632075512620862, 'ACP': 0.023403576959280966, 'OPL': 0.02105573653868677, 'JSW': 0.018997445029085024, 'MBK': 0.01845955641540617, 'CCC': 0.0093403923984193}"
923,2022-07-15,139032.07799940396,2.9103830456733704e-11,"{'PKO': 0.14095609701081416, 'PKN': 0.10974120617183807, 'KGH': 0.09872316521422282, 'PZU': 0.09340826179559365, 'PEO': 0.08703710130090964, 'DNP': 0.07807409849434566, 'LPP': 0.057762296610867944, 'ALE': 0.05523443701714737, 'CDR': 0.04526506196563586, 'SPL': 0.04465559946384651, 'PGE': 0.04176227925962235, 'CPS': 0.029802933228069112, 'PCO': 0.02632075512620862, 'ACP': 0.023403576959280966, 'OPL': 0.02105573653868677, 'JSW': 0.018997445029085024, 'MBK': 0.01845955641540617, 'CCC': 0.0093403923984193}"
924,2022-07-18,143022.9826932804,2.9103830456733704e-11,"{'PKO': 0.14095609701081416, 'PKN': 0.10974120617183807, 'KGH': 0.09872316521422282, 'PZU': 0.09340826179559365, 'PEO': 0.08703710130090964, 'DNP': 0.07807409849434566, 'LPP': 0.057762296610867944, 'ALE': 0.05523443701714737, 'CDR': 0.04526506196563586, 'SPL': 0.04465559946384651, 'PGE': 0.04176227925962235, 'CPS': 0.029802933228069112, 'PCO': 0.02632075512620862, 'ACP': 0.023403576959280966, 'OPL': 0.02105573653868677, 'JSW': 0.018997445029085024, 'MBK': 0.01845955641540617, 'CCC': 0.0093403923984193}"
925,2022-07-19,143783.5853683455,2.9103830456733704e-11,"{'PKO': 0.14095609701081416, 'PKN': 0.10974120617183807, 'KGH': 0.09872316521422282, 'PZU': 0.09340826179559365, 'PEO': 0.08703710130090964, 'DNP': 0.07807409849434566, 'LPP': 0.057762296610867944, 'ALE': 0.05523443701714737, 'CDR': 0.04526506196563586, 'SPL': 0.04465559946384651, 'PGE': 0.04176227925962235, 'CPS': 0.029802933228069112, 'PCO': 0.02632075512620862, 'ACP': 0.023403576959280966, 'OPL': 0.02105573653868677, 'JSW': 0.018997445029085024, 'MBK': 0.01845955641540617, 'CCC': 0.0093403923984193}"
926,2022-07-20,145269.97978819697,2.9103830456733704e-11,"{'PKO': 0.14095609701081416, 'PKN': 0.10974120617183807, 'KGH': 0.09872316521422282, 'PZU': 0.09340826179559365, 'PEO': 0.08703710130090964, 'DNP': 0.07807409849434566, 'LPP': 0.057762296610867944, 'ALE': 0.05523443701714737, 'CDR': 0.04526506196563586, 'SPL': 0.04465559946384651, 'PGE': 0.04176227925962235, 'CPS': 0.029802933228069112, 'PCO': 0.02632075512620862, 'ACP': 0.023403576959280966, 'OPL': 0.02105573653868677, 'JSW': 0.018997445029085024, 'MBK': 0.01845955641540617, 'CCC': 0.0093403923984193}"
927,2022-07-21,144265.92049369257,2.9103830456733704e-11,"{'PKO': 0.14095609701081416, 'PKN': 0.10974120617183807, 'KGH': 0.09872316521422282, 'PZU': 0.09340826179559365, 'PEO': 0.08703710130090964, 'DNP': 0.07807409849434566, 'LPP': 0.057762296610867944, 'ALE': 0.05523443701714737, 'CDR': 0.04526506196563586, 'SPL': 0.04465559946384651, 'PGE': 0.04176227925962235, 'CPS': 0.029802933228069112, 'PCO': 0.02632075512620862, 'ACP': 0.023403576959280966, 'OPL': 0.02105573653868677, 'JSW': 0.018997445029085024, 'MBK': 0.01845955641540617, 'CCC': 0.0093403923984193}"
928,2022-07-22,145695.1843119279,2.9103830456733704e-11,"{'PKO': 0.14095609701081416, 'PKN': 0.10974120617183807, 'KGH': 0.09872316521422282, 'PZU': 0.09340826179559365, 'PEO': 0.08703710130090964, 'DNP': 0.07807409849434566, 'LPP': 0.057762296610867944, 'ALE': 0.05523443701714737, 'CDR': 0.04526506196563586, 'SPL': 0.04465559946384651, 'PGE': 0.04176227925962235, 'CPS': 0.029802933228069112, 'PCO': 0.02632075512620862, 'ACP': 0.023403576959280966, 'OPL': 0.02105573653868677, 'JSW': 0.018997445029085024, 'MBK': 0.01845955641540617, 'CCC': 0.0093403923984193}"
929,2022-07-25,144008.95191108302,2.9103830456733704e-11,"{'PKO': 0.14095609701081416, 'PKN': 0.10974120617183807, 'KGH': 0.09872316521422282, 'PZU': 0.09340826179559365, 'PEO': 0.08703710130090964, 'DNP': 0.07807409849434566, 'LPP': 0.057762296610867944, 'ALE': 0.05523443701714737, 'CDR': 0.04526506196563586, 'SPL': 0.04465559946384651, 'PGE': 0.04176227925962235, 'CPS': 0.029802933228069112, 'PCO': 0.02632075512620862, 'ACP': 0.023403576959280966, 'OPL': 0.02105573653868677, 'JSW': 0.018997445029085024, 'MBK': 0.01845955641540617, 'CCC': 0.0093403923984193}"
930,2022-07-26,141738.44226393895,2.9103830456733704e-11,"{'PKO': 0.14095609701081416, 'PKN': 0.10974120617183807, 'KGH': 0.09872316521422282, 'PZU': 0.09340826179559365, 'PEO': 0.08703710130090964, 'DNP': 0.07807409849434566, 'LPP': 0.057762296610867944, 'ALE': 0.05523443701714737, 'CDR': 0.04526506196563586, 'SPL': 0.04465559946384651, 'PGE': 0.04176227925962235, 'CPS': 0.029802933228069112, 'PCO': 0.02632075512620862, 'ACP': 0.023403576959280966, 'OPL': 0.02105573653868677, 'JSW': 0.018997445029085024, 'MBK': 0.01845955641540617, 'CCC': 0.0093403923984193}"
931,2022-07-27,141354.87561498923,2.9103830456733704e-11,"{'PKO': 0.14095609701081416, 'PKN': 0.10974120617183807, 'KGH': 0.09872316521422282, 'PZU': 0.09340826179559365, 'PEO': 0.08703710130090964, 'DNP': 0.07807409849434566, 'LPP': 0.057762296610867944, 'ALE': 0.05523443701714737, 'CDR': 0.04526506196563586, 'SPL': 0.04465559946384651, 'PGE': 0.04176227925962235, 'CPS': 0.029802933228069112, 'PCO': 0.02632075512620862, 'ACP': 0.023403576959280966, 'OPL': 0.02105573653868677, 'JSW': 0.018997445029085024, 'MBK': 0.01845955641540617, 'CCC': 0.0093403923984193}"
932,2022-07-28,142941.57127859365,2.9103830456733704e-11,"{'PKO': 0.14095609701081416, 'PKN': 0.10974120617183807, 'KGH': 0.09872316521422282, 'PZU': 0.09340826179559365, 'PEO': 0.08703710130090964, 'DNP': 0.07807409849434566, 'LPP': 0.057762296610867944, 'ALE': 0.05523443701714737, 'CDR': 0.04526506196563586, 'SPL': 0.04465559946384651, 'PGE': 0.04176227925962235, 'CPS': 0.029802933228069112, 'PCO': 0.02632075512620862, 'ACP': 0.023403576959280966, 'OPL': 0.02105573653868677, 'JSW': 0.018997445029085024, 'MBK': 0.01845955641540617, 'CCC': 0.0093403923984193}"
933,2022-07-29,146820.1884922692,2.9103830456733704e-11,"{'PKO': 0.14095609701081416, 'PKN': 0.10974120617183807, 'KGH': 0.09872316521422282, 'PZU': 0.09340826179559365, 'PEO': 0.08703710130090964, 'DNP': 0.07807409849434566, 'LPP': 0.057762296610867944, 'ALE': 0.05523443701714737, 'CDR': 0.04526506196563586, 'SPL': 0.04465559946384651, 'PGE': 0.04176227925962235, 'CPS': 0.029802933228069112, 'PCO': 0.02632075512620862, 'ACP': 0.023403576959280966, 'OPL': 0.02105573653868677, 'JSW': 0.018997445029085024, 'MBK': 0.01845955641540617, 'CCC': 0.0093403923984193}"
934,2022-08-01,148274.813780997,2.9103830456733704e-11,"{'PKO': 0.14095609701081416, 'PKN': 0.10974120617183807, 'KGH': 0.09872316521422282, 'PZU': 0.09340826179559365, 'PEO': 0.08703710130090964, 'DNP': 0.07807409849434566, 'LPP': 0.057762296610867944, 'ALE': 0.05523443701714737, 'CDR': 0.04526506196563586, 'SPL': 0.04465559946384651, 'PGE': 0.04176227925962235, 'CPS': 0.029802933228069112, 'PCO': 0.02632075512620862, 'ACP': 0.023403576959280966, 'OPL': 0.02105573653868677, 'JSW': 0.018997445029085024, 'MBK': 0.01845955641540617, 'CCC': 0.0093403923984193}"
935,2022-08-02,146197.64796447498,2.9103830456733704e-11,"{'PKO': 0.14095609701081416, 'PKN': 0.10974120617183807, 'KGH': 0.09872316521422282, 'PZU': 0.09340826179559365, 'PEO': 0.08703710130090964, 'DNP': 0.07807409849434566, 'LPP': 0.057762296610867944, 'ALE': 0.05523443701714737, 'CDR': 0.04526506196563586, 'SPL': 0.04465559946384651, 'PGE': 0.04176227925962235, 'CPS': 0.029802933228069112, 'PCO': 0.02632075512620862, 'ACP': 0.023403576959280966, 'OPL': 0.02105573653868677, 'JSW': 0.018997445029085024, 'MBK': 0.01845955641540617, 'CCC': 0.0093403923984193}"
936,2022-08-03,145275.6209843817,2.9103830456733704e-11,"{'PKO': 0.14095609701081416, 'PKN': 0.10974120617183807, 'KGH': 0.09872316521422282, 'PZU': 0.09340826179559365, 'PEO': 0.08703710130090964, 'DNP': 0.07807409849434566, 'LPP': 0.057762296610867944, 'ALE': 0.05523443701714737, 'CDR': 0.04526506196563586, 'SPL': 0.04465559946384651, 'PGE': 0.04176227925962235, 'CPS': 0.029802933228069112, 'PCO': 0.02632075512620862, 'ACP': 0.023403576959280966, 'OPL': 0.02105573653868677, 'JSW': 0.018997445029085024, 'MBK': 0.01845955641540617, 'CCC': 0.0093403923984193}"
937,2022-08-04,144152.94973121065,2.9103830456733704e-11,"{'PKO': 0.14095609701081416, 'PKN': 0.10974120617183807, 'KGH': 0.09872316521422282, 'PZU': 0.09340826179559365, 'PEO': 0.08703710130090964, 'DNP': 0.07807409849434566, 'LPP': 0.057762296610867944, 'ALE': 0.05523443701714737, 'CDR': 0.04526506196563586, 'SPL': 0.04465559946384651, 'PGE': 0.04176227925962235, 'CPS': 0.029802933228069112, 'PCO': 0.02632075512620862, 'ACP': 0.023403576959280966, 'OPL': 0.02105573653868677, 'JSW': 0.018997445029085024, 'MBK': 0.01845955641540617, 'CCC': 0.0093403923984193}"
938,2022-08-05,142462.92384165435,2.9103830456733704e-11,"{'PKO': 0.14095609701081416, 'PKN': 0.10974120617183807, 'KGH': 0.09872316521422282, 'PZU': 0.09340826179559365, 'PEO': 0.08703710130090964, 'DNP': 0.07807409849434566, 'LPP': 0.057762296610867944, 'ALE': 0.05523443701714737, 'CDR': 0.04526506196563586, 'SPL': 0.04465559946384651, 'PGE': 0.04176227925962235, 'CPS': 0.029802933228069112, 'PCO': 0.02632075512620862, 'ACP': 0.023403576959280966, 'OPL': 0.02105573653868677, 'JSW': 0.018997445029085024, 'MBK': 0.01845955641540617, 'CCC': 0.0093403923984193}"
939,2022-08-08,146347.1970492678,2.9103830456733704e-11,"{'PKO': 0.14095609701081416, 'PKN': 0.10974120617183807, 'KGH': 0.09872316521422282, 'PZU': 0.09340826179559365, 'PEO': 0.08703710130090964, 'DNP': 0.07807409849434566, 'LPP': 0.057762296610867944, 'ALE': 0.05523443701714737, 'CDR': 0.04526506196563586, 'SPL': 0.04465559946384651, 'PGE': 0.04176227925962235, 'CPS': 0.029802933228069112, 'PCO': 0.02632075512620862, 'ACP': 0.023403576959280966, 'OPL': 0.02105573653868677, 'JSW': 0.018997445029085024, 'MBK': 0.01845955641540617, 'CCC': 0.0093403923984193}"
940,2022-08-09,145285.6462672618,2.9103830456733704e-11,"{'PKO': 0.14095609701081416, 'PKN': 0.10974120617183807, 'KGH': 0.09872316521422282, 'PZU': 0.09340826179559365, 'PEO': 0.08703710130090964, 'DNP': 0.07807409849434566, 'LPP': 0.057762296610867944, 'ALE': 0.05523443701714737, 'CDR': 0.04526506196563586, 'SPL': 0.04465559946384651, 'PGE': 0.04176227925962235, 'CPS': 0.029802933228069112, 'PCO': 0.02632075512620862, 'ACP': 0.023403576959280966, 'OPL': 0.02105573653868677, 'JSW': 0.018997445029085024, 'MBK': 0.01845955641540617, 'CCC': 0.0093403923984193}"
941,2022-08-10,146199.74020085894,2.9103830456733704e-11,"{'PKO': 0.14095609701081416, 'PKN': 0.10974120617183807, 'KGH': 0.09872316521422282, 'PZU': 0.09340826179559365, 'PEO': 0.08703710130090964, 'DNP': 0.07807409849434566, 'LPP': 0.057762296610867944, 'ALE': 0.05523443701714737, 'CDR': 0.04526506196563586, 'SPL': 0.04465559946384651, 'PGE': 0.04176227925962235, 'CPS': 0.029802933228069112, 'PCO': 0.02632075512620862, 'ACP': 0.023403576959280966, 'OPL': 0.02105573653868677, 'JSW': 0.018997445029085024, 'MBK': 0.01845955641540617, 'CCC': 0.0093403923984193}"
942,2022-08-11,148938.92689518296,2.9103830456733704e-11,"{'PKO': 0.14095609701081416, 'PKN': 0.10974120617183807, 'KGH': 0.09872316521422282, 'PZU': 0.09340826179559365, 'PEO': 0.08703710130090964, 'DNP': 0.07807409849434566, 'LPP': 0.057762296610867944, 'ALE': 0.05523443701714737, 'CDR': 0.04526506196563586, 'SPL': 0.04465559946384651, 'PGE': 0.04176227925962235, 'CPS': 0.029802933228069112, 'PCO': 0.02632075512620862, 'ACP': 0.023403576959280966, 'OPL': 0.02105573653868677, 'JSW': 0.018997445029085024, 'MBK': 0.01845955641540617, 'CCC': 0.0093403923984193}"
943,2022-08-12,149752.19147650944,2.9103830456733704e-11,"{'PKO': 0.14095609701081416, 'PKN': 0.10974120617183807, 'KGH': 0.09872316521422282, 'PZU': 0.09340826179559365, 'PEO': 0.08703710130090964, 'DNP': 0.07807409849434566, 'LPP': 0.057762296610867944, 'ALE': 0.05523443701714737, 'CDR': 0.04526506196563586, 'SPL': 0.04465559946384651, 'PGE': 0.04176227925962235, 'CPS': 0.029802933228069112, 'PCO': 0.02632075512620862, 'ACP': 0.023403576959280966, 'OPL': 0.02105573653868677, 'JSW': 0.018997445029085024, 'MBK': 0.01845955641540617, 'CCC': 0.0093403923984193}"
944,2022-08-15,149752.19147650944,2.9103830456733704e-11,"{'PKO': 0.14095609701081416, 'PKN': 0.10974120617183807, 'KGH': 0.09872316521422282, 'PZU': 0.09340826179559365, 'PEO': 0.08703710130090964, 'DNP': 0.07807409849434566, 'LPP': 0.057762296610867944, 'ALE': 0.05523443701714737, 'CDR': 0.04526506196563586, 'SPL': 0.04465559946384651, 'PGE': 0.04176227925962235, 'CPS': 0.029802933228069112, 'PCO': 0.02632075512620862, 'ACP': 0.023403576959280966, 'OPL': 0.02105573653868677, 'JSW': 0.018997445029085024, 'MBK': 0.01845955641540617, 'CCC': 0.0093403923984193}"
945,2022-08-16,149988.88636286694,2.9103830456733704e-11,"{'PKO': 0.14095609701081416, 'PKN': 0.10974120617183807, 'KGH': 0.09872316521422282, 'PZU': 0.09340826179559365, 'PEO': 0.08703710130090964, 'DNP': 0.07807409849434566, 'LPP': 0.057762296610867944, 'ALE': 0.05523443701714737, 'CDR': 0.04526506196563586, 'SPL': 0.04465559946384651, 'PGE': 0.04176227925962235, 'CPS': 0.029802933228069112, 'PCO': 0.02632075512620862, 'ACP': 0.023403576959280966, 'OPL': 0.02105573653868677, 'JSW': 0.018997445029085024, 'MBK': 0.01845955641540617, 'CCC': 0.0093403923984193}"
946,2022-08-17,145359.22202149,2.9103830456733704e-11,"{'PKO': 0.14095609701081416, 'PKN': 0.10974120617183807, 'KGH': 0.09872316521422282, 'PZU': 0.09340826179559365, 'PEO': 0.08703710130090964, 'DNP': 0.07807409849434566, 'LPP': 0.057762296610867944, 'ALE': 0.05523443701714737, 'CDR': 0.04526506196563586, 'SPL': 0.04465559946384651, 'PGE': 0.04176227925962235, 'CPS': 0.029802933228069112, 'PCO': 0.02632075512620862, 'ACP': 0.023403576959280966, 'OPL': 0.02105573653868677, 'JSW': 0.018997445029085024, 'MBK': 0.01845955641540617, 'CCC': 0.0093403923984193}"
947,2022-08-18,146830.6886311582,2.9103830456733704e-11,"{'PKO': 0.14095609701081416, 'PKN': 0.10974120617183807, 'KGH': 0.09872316521422282, 'PZU': 0.09340826179559365, 'PEO': 0.08703710130090964, 'DNP': 0.07807409849434566, 'LPP': 0.057762296610867944, 'ALE': 0.05523443701714737, 'CDR': 0.04526506196563586, 'SPL': 0.04465559946384651, 'PGE': 0.04176227925962235, 'CPS': 0.029802933228069112, 'PCO': 0.02632075512620862, 'ACP': 0.023403576959280966, 'OPL': 0.02105573653868677, 'JSW': 0.018997445029085024, 'MBK': 0.01845955641540617, 'CCC': 0.0093403923984193}"
948,2022-08-19,144440.5335534113,2.9103830456733704e-11,"{'PKO': 0.14095609701081416, 'PKN': 0.10974120617183807, 'KGH': 0.09872316521422282, 'PZU': 0.09340826179559365, 'PEO': 0.08703710130090964, 'DNP': 0.07807409849434566, 'LPP': 0.057762296610867944, 'ALE': 0.05523443701714737, 'CDR': 0.04526506196563586, 'SPL': 0.04465559946384651, 'PGE': 0.04176227925962235, 'CPS': 0.029802933228069112, 'PCO': 0.02632075512620862, 'ACP': 0.023403576959280966, 'OPL': 0.02105573653868677, 'JSW': 0.018997445029085024, 'MBK': 0.01845955641540617, 'CCC': 0.0093403923984193}"
949,2022-08-22,141675.6091670594,2.9103830456733704e-11,"{'PKO': 0.14095609701081416, 'PKN': 0.10974120617183807, 'KGH': 0.09872316521422282, 'PZU': 0.09340826179559365, 'PEO': 0.08703710130090964, 'DNP': 0.07807409849434566, 'LPP': 0.057762296610867944, 'ALE': 0.05523443701714737, 'CDR': 0.04526506196563586, 'SPL': 0.04465559946384651, 'PGE': 0.04176227925962235, 'CPS': 0.029802933228069112, 'PCO': 0.02632075512620862, 'ACP': 0.023403576959280966, 'OPL': 0.02105573653868677, 'JSW': 0.018997445029085024, 'MBK': 0.01845955641540617, 'CCC': 0.0093403923984193}"
950,2022-08-23,142677.77458447774,2.9103830456733704e-11,"{'PKO': 0.14095609701081416, 'PKN': 0.10974120617183807, 'KGH': 0.09872316521422282, 'PZU': 0.09340826179559365, 'PEO': 0.08703710130090964, 'DNP': 0.07807409849434566, 'LPP': 0.057762296610867944, 'ALE': 0.05523443701714737, 'CDR': 0.04526506196563586, 'SPL': 0.04465559946384651, 'PGE': 0.04176227925962235, 'CPS': 0.029802933228069112, 'PCO': 0.02632075512620862, 'ACP': 0.023403576959280966, 'OPL': 0.02105573653868677, 'JSW': 0.018997445029085024, 'MBK': 0.01845955641540617, 'CCC': 0.0093403923984193}"
951,2022-08-24,139666.57433680465,2.9103830456733704e-11,"{'PKO': 0.14095609701081416, 'PKN': 0.10974120617183807, 'KGH': 0.09872316521422282, 'PZU': 0.09340826179559365, 'PEO': 0.08703710130090964, 'DNP': 0.07807409849434566, 'LPP': 0.057762296610867944, 'ALE': 0.05523443701714737, 'CDR': 0.04526506196563586, 'SPL': 0.04465559946384651, 'PGE': 0.04176227925962235, 'CPS': 0.029802933228069112, 'PCO': 0.02632075512620862, 'ACP': 0.023403576959280966, 'OPL': 0.02105573653868677, 'JSW': 0.018997445029085024, 'MBK': 0.01845955641540617, 'CCC': 0.0093403923984193}"
952,2022-08-25,141218.1497599239,2.9103830456733704e-11,"{'PKO': 0.14095609701081416, 'PKN': 0.10974120617183807, 'KGH': 0.09872316521422282, 'PZU': 0.09340826179559365, 'PEO': 0.08703710130090964, 'DNP': 0.07807409849434566, 'LPP': 0.057762296610867944, 'ALE': 0.05523443701714737, 'CDR': 0.04526506196563586, 'SPL': 0.04465559946384651, 'PGE': 0.04176227925962235, 'CPS': 0.029802933228069112, 'PCO': 0.02632075512620862, 'ACP': 0.023403576959280966, 'OPL': 0.02105573653868677, 'JSW': 0.018997445029085024, 'MBK': 0.01845955641540617, 'CCC': 0.0093403923984193}"
953,2022-08-26,138885.4410150606,2.9103830456733704e-11,"{'PKO': 0.14095609701081416, 'PKN': 0.10974120617183807, 'KGH': 0.09872316521422282, 'PZU': 0.09340826179559365, 'PEO': 0.08703710130090964, 'DNP': 0.07807409849434566, 'LPP': 0.057762296610867944, 'ALE': 0.05523443701714737, 'CDR': 0.04526506196563586, 'SPL': 0.04465559946384651, 'PGE': 0.04176227925962235, 'CPS': 0.029802933228069112, 'PCO': 0.02632075512620862, 'ACP': 0.023403576959280966, 'OPL': 0.02105573653868677, 'JSW': 0.018997445029085024, 'MBK': 0.01845955641540617, 'CCC': 0.0093403923984193}"
954,2022-08-29,135769.06412689996,2.9103830456733704e-11,"{'PKO': 0.14095609701081416, 'PKN': 0.10974120617183807, 'KGH': 0.09872316521422282, 'PZU': 0.09340826179559365, 'PEO': 0.08703710130090964, 'DNP': 0.07807409849434566, 'LPP': 0.057762296610867944, 'ALE': 0.05523443701714737, 'CDR': 0.04526506196563586, 'SPL': 0.04465559946384651, 'PGE': 0.04176227925962235, 'CPS': 0.029802933228069112, 'PCO': 0.02632075512620862, 'ACP': 0.023403576959280966, 'OPL': 0.02105573653868677, 'JSW': 0.018997445029085024, 'MBK': 0.01845955641540617, 'CCC': 0.0093403923984193}"
955,2022-08-30,132828.87474362282,2.9103830456733704e-11,"{'PKO': 0.14095609701081416, 'PKN': 0.10974120617183807, 'KGH': 0.09872316521422282, 'PZU': 0.09340826179559365, 'PEO': 0.08703710130090964, 'DNP': 0.07807409849434566, 'LPP': 0.057762296610867944, 'ALE': 0.05523443701714737, 'CDR': 0.04526506196563586, 'SPL': 0.04465559946384651, 'PGE': 0.04176227925962235, 'CPS': 0.029802933228069112, 'PCO': 0.02632075512620862, 'ACP': 0.023403576959280966, 'OPL': 0.02105573653868677, 'JSW': 0.018997445029085024, 'MBK': 0.01845955641540617, 'CCC': 0.0093403923984193}"
956,2022-08-31,132264.18481102755,2.9103830456733704e-11,"{'PKO': 0.14095609701081416, 'PKN': 0.10974120617183807, 'KGH': 0.09872316521422282, 'PZU': 0.09340826179559365, 'PEO': 0.08703710130090964, 'DNP': 0.07807409849434566, 'LPP': 0.057762296610867944, 'ALE': 0.05523443701714737, 'CDR': 0.04526506196563586, 'SPL': 0.04465559946384651, 'PGE': 0.04176227925962235, 'CPS': 0.029802933228069112, 'PCO': 0.02632075512620862, 'ACP': 0.023403576959280966, 'OPL': 0.02105573653868677, 'JSW': 0.018997445029085024, 'MBK': 0.01845955641540617, 'CCC': 0.0093403923984193}"
957,2022-09-01,126729.06024645797,2.9103830456733704e-11,"{'PKO': 0.14095609701081416, 'PKN': 0.10974120617183807, 'KGH': 0.09872316521422282, 'PZU': 0.09340826179559365, 'PEO': 0.08703710130090964, 'DNP': 0.07807409849434566, 'LPP': 0.057762296610867944, 'ALE': 0.05523443701714737, 'CDR': 0.04526506196563586, 'SPL': 0.04465559946384651, 'PGE': 0.04176227925962235, 'CPS': 0.029802933228069112, 'PCO': 0.02632075512620862, 'ACP': 0.023403576959280966, 'OPL': 0.02105573653868677, 'JSW': 0.018997445029085024, 'MBK': 0.01845955641540617, 'CCC': 0.0093403923984193}"
958,2022-09-02,130398.4317821102,2.9103830456733704e-11,"{'PKO': 0.14095609701081416, 'PKN': 0.10974120617183807, 'KGH': 0.09872316521422282, 'PZU': 0.09340826179559365, 'PEO': 0.08703710130090964, 'DNP': 0.07807409849434566, 'LPP': 0.057762296610867944, 'ALE': 0.05523443701714737, 'CDR': 0.04526506196563586, 'SPL': 0.04465559946384651, 'PGE': 0.04176227925962235, 'CPS': 0.029802933228069112, 'PCO': 0.02632075512620862, 'ACP': 0.023403576959280966, 'OPL': 0.02105573653868677, 'JSW': 0.018997445029085024, 'MBK': 0.01845955641540617, 'CCC': 0.0093403923984193}"
959,2022-09-05,129042.22822303507,2.9103830456733704e-11,"{'PKO': 0.14095609701081416, 'PKN': 0.10974120617183807, 'KGH': 0.09872316521422282, 'PZU': 0.09340826179559365, 'PEO': 0.08703710130090964, 'DNP': 0.07807409849434566, 'LPP': 0.057762296610867944, 'ALE': 0.05523443701714737, 'CDR': 0.04526506196563586, 'SPL': 0.04465559946384651, 'PGE': 0.04176227925962235, 'CPS': 0.029802933228069112, 'PCO': 0.02632075512620862, 'ACP': 0.023403576959280966, 'OPL': 0.02105573653868677, 'JSW': 0.018997445029085024, 'MBK': 0.01845955641540617, 'CCC': 0.0093403923984193}"
960,2022-09-06,126068.34124819387,2.9103830456733704e-11,"{'PKO': 0.14095609701081416, 'PKN': 0.10974120617183807, 'KGH': 0.09872316521422282, 'PZU': 0.09340826179559365, 'PEO': 0.08703710130090964, 'DNP': 0.07807409849434566, 'LPP': 0.057762296610867944, 'ALE': 0.05523443701714737, 'CDR': 0.04526506196563586, 'SPL': 0.04465559946384651, 'PGE': 0.04176227925962235, 'CPS': 0.029802933228069112, 'PCO': 0.02632075512620862, 'ACP': 0.023403576959280966, 'OPL': 0.02105573653868677, 'JSW': 0.018997445029085024, 'MBK': 0.01845955641540617, 'CCC': 0.0093403923984193}"
961,2022-09-07,127408.5383934306,2.9103830456733704e-11,"{'PKO': 0.14095609701081416, 'PKN': 0.10974120617183807, 'KGH': 0.09872316521422282, 'PZU': 0.09340826179559365, 'PEO': 0.08703710130090964, 'DNP': 0.07807409849434566, 'LPP': 0.057762296610867944, 'ALE': 0.05523443701714737, 'CDR': 0.04526506196563586, 'SPL': 0.04465559946384651, 'PGE': 0.04176227925962235, 'CPS': 0.029802933228069112, 'PCO': 0.02632075512620862, 'ACP': 0.023403576959280966, 'OPL': 0.02105573653868677, 'JSW': 0.018997445029085024, 'MBK': 0.01845955641540617, 'CCC': 0.0093403923984193}"
962,2022-09-08,128573.65149702661,2.9103830456733704e-11,"{'PKO': 0.14095609701081416, 'PKN': 0.10974120617183807, 'KGH': 0.09872316521422282, 'PZU': 0.09340826179559365, 'PEO': 0.08703710130090964, 'DNP': 0.07807409849434566, 'LPP': 0.057762296610867944, 'ALE': 0.05523443701714737, 'CDR': 0.04526506196563586, 'SPL': 0.04465559946384651, 'PGE': 0.04176227925962235, 'CPS': 0.029802933228069112, 'PCO': 0.02632075512620862, 'ACP': 0.023403576959280966, 'OPL': 0.02105573653868677, 'JSW': 0.018997445029085024, 'MBK': 0.01845955641540617, 'CCC': 0.0093403923984193}"
963,2022-09-09,134077.94816578014,2.9103830456733704e-11,"{'PKO': 0.14095609701081416, 'PKN': 0.10974120617183807, 'KGH': 0.09872316521422282, 'PZU': 0.09340826179559365, 'PEO': 0.08703710130090964, 'DNP': 0.07807409849434566, 'LPP': 0.057762296610867944, 'ALE': 0.05523443701714737, 'CDR': 0.04526506196563586, 'SPL': 0.04465559946384651, 'PGE': 0.04176227925962235, 'CPS': 0.029802933228069112, 'PCO': 0.02632075512620862, 'ACP': 0.023403576959280966, 'OPL': 0.02105573653868677, 'JSW': 0.018997445029085024, 'MBK': 0.01845955641540617, 'CCC': 0.0093403923984193}"
964,2022-09-12,136523.78452478666,2.9103830456733704e-11,"{'PKO': 0.14095609701081416, 'PKN': 0.10974120617183807, 'KGH': 0.09872316521422282, 'PZU': 0.09340826179559365, 'PEO': 0.08703710130090964, 'DNP': 0.07807409849434566, 'LPP': 0.057762296610867944, 'ALE': 0.05523443701714737, 'CDR': 0.04526506196563586, 'SPL': 0.04465559946384651, 'PGE': 0.04176227925962235, 'CPS': 0.029802933228069112, 'PCO': 0.02632075512620862, 'ACP': 0.023403576959280966, 'OPL': 0.02105573653868677, 'JSW': 0.018997445029085024, 'MBK': 0.01845955641540617, 'CCC': 0.0093403923984193}"
965,2022-09-13,132893.98872957157,2.9103830456733704e-11,"{'PKO': 0.14095609701081416, 'PKN': 0.10974120617183807, 'KGH': 0.09872316521422282, 'PZU': 0.09340826179559365, 'PEO': 0.08703710130090964, 'DNP': 0.07807409849434566, 'LPP': 0.057762296610867944, 'ALE': 0.05523443701714737, 'CDR': 0.04526506196563586, 'SPL': 0.04465559946384651, 'PGE': 0.04176227925962235, 'CPS': 0.029802933228069112, 'PCO': 0.02632075512620862, 'ACP': 0.023403576959280966, 'OPL': 0.02105573653868677, 'JSW': 0.018997445029085024, 'MBK': 0.01845955641540617, 'CCC': 0.0093403923984193}"
966,2022-09-14,133634.89763201503,2.9103830456733704e-11,"{'PKO': 0.14095609701081416, 'PKN': 0.10974120617183807, 'KGH': 0.09872316521422282, 'PZU': 0.09340826179559365, 'PEO': 0.08703710130090964, 'DNP': 0.07807409849434566, 'LPP': 0.057762296610867944, 'ALE': 0.05523443701714737, 'CDR': 0.04526506196563586, 'SPL': 0.04465559946384651, 'PGE': 0.04176227925962235, 'CPS': 0.029802933228069112, 'PCO': 0.02632075512620862, 'ACP': 0.023403576959280966, 'OPL': 0.02105573653868677, 'JSW': 0.018997445029085024, 'MBK': 0.01845955641540617, 'CCC': 0.0093403923984193}"
967,2022-09-15,134799.9739676491,2.9103830456733704e-11,"{'PKO': 0.14095609701081416, 'PKN': 0.10974120617183807, 'KGH': 0.09872316521422282, 'PZU': 0.09340826179559365, 'PEO': 0.08703710130090964, 'DNP': 0.07807409849434566, 'LPP': 0.057762296610867944, 'ALE': 0.05523443701714737, 'CDR': 0.04526506196563586, 'SPL': 0.04465559946384651, 'PGE': 0.04176227925962235, 'CPS': 0.029802933228069112, 'PCO': 0.02632075512620862, 'ACP': 0.023403576959280966, 'OPL': 0.02105573653868677, 'JSW': 0.018997445029085024, 'MBK': 0.01845955641540617, 'CCC': 0.0093403923984193}"
968,2022-09-16,131295.67139362294,0.0,"{'PKN': 0.14959143533662267, 'PKO': 0.11525279938546472, 'PZU': 0.09342329071823811, 'DNP': 0.09210959493852537, 'KGH': 0.07539031009551465, 'PEO': 0.06901176311690943, 'ALE': 0.06202543399443711, 'LPP': 0.05507709125595647, 'SPL': 0.04362314130512774, 'PGE': 0.04186521586817881, 'CDR': 0.03409700034187746, 'KTY': 0.030049340092095877, 'CPS': 0.026778290359477815, 'PCO': 0.025141710315835678, 'ACP': 0.023559999493514883, 'OPL': 0.022028937183183005, 'MBK': 0.01730490826288266, 'JSW': 0.015085870331367891, 'CCC': 0.008583867604789661}"
969,2022-09-19,133772.30493382583,0.0,"{'PKN': 0.14959143533662267, 'PKO': 0.11525279938546472, 'PZU': 0.09342329071823811, 'DNP': 0.09210959493852537, 'KGH': 0.07539031009551465, 'PEO': 0.06901176311690943, 'ALE': 0.06202543399443711, 'LPP': 0.05507709125595647, 'SPL': 0.04362314130512774, 'PGE': 0.04186521586817881, 'CDR': 0.03409700034187746, 'KTY': 0.030049340092095877, 'CPS': 0.026778290359477815, 'PCO': 0.025141710315835678, 'ACP': 0.023559999493514883, 'OPL': 0.022028937183183005, 'MBK': 0.01730490826288266, 'JSW': 0.015085870331367891, 'CCC': 0.008583867604789661}"
970,2022-09-20,131124.7251083825,0.0,"{'PKN': 0.14959143533662267, 'PKO': 0.11525279938546472, 'PZU': 0.09342329071823811, 'DNP': 0.09210959493852537, 'KGH': 0.07539031009551465, 'PEO': 0.06901176311690943, 'ALE': 0.06202543399443711, 'LPP': 0.05507709125595647, 'SPL': 0.04362314130512774, 'PGE': 0.04186521586817881, 'CDR': 0.03409700034187746, 'KTY': 0.030049340092095877, 'CPS': 0.026778290359477815, 'PCO': 0.025141710315835678, 'ACP': 0.023559999493514883, 'OPL': 0.022028937183183005, 'MBK': 0.01730490826288266, 'JSW': 0.015085870331367891, 'CCC': 0.008583867604789661}"
971,2022-09-21,132147.49532072915,0.0,"{'PKN': 0.14959143533662267, 'PKO': 0.11525279938546472, 'PZU': 0.09342329071823811, 'DNP': 0.09210959493852537, 'KGH': 0.07539031009551465, 'PEO': 0.06901176311690943, 'ALE': 0.06202543399443711, 'LPP': 0.05507709125595647, 'SPL': 0.04362314130512774, 'PGE': 0.04186521586817881, 'CDR': 0.03409700034187746, 'KTY': 0.030049340092095877, 'CPS': 0.026778290359477815, 'PCO': 0.025141710315835678, 'ACP': 0.023559999493514883, 'OPL': 0.022028937183183005, 'MBK': 0.01730490826288266, 'JSW': 0.015085870331367891, 'CCC': 0.008583867604789661}"
972,2022-09-22,132955.13135687922,0.0,"{'PKN': 0.14959143533662267, 'PKO': 0.11525279938546472, 'PZU': 0.09342329071823811, 'DNP': 0.09210959493852537, 'KGH': 0.07539031009551465, 'PEO': 0.06901176311690943, 'ALE': 0.06202543399443711, 'LPP': 0.05507709125595647, 'SPL': 0.04362314130512774, 'PGE': 0.04186521586817881, 'CDR': 0.03409700034187746, 'KTY': 0.030049340092095877, 'CPS': 0.026778290359477815, 'PCO': 0.025141710315835678, 'ACP': 0.023559999493514883, 'OPL': 0.022028937183183005, 'MBK': 0.01730490826288266, 'JSW': 0.015085870331367891, 'CCC': 0.008583867604789661}"
973,2022-09-23,127762.72110118912,0.0,"{'PKN': 0.14959143533662267, 'PKO': 0.11525279938546472, 'PZU': 0.09342329071823811, 'DNP': 0.09210959493852537, 'KGH': 0.07539031009551465, 'PEO': 0.06901176311690943, 'ALE': 0.06202543399443711, 'LPP': 0.05507709125595647, 'SPL': 0.04362314130512774, 'PGE': 0.04186521586817881, 'CDR': 0.03409700034187746, 'KTY': 0.030049340092095877, 'CPS': 0.026778290359477815, 'PCO': 0.025141710315835678, 'ACP': 0.023559999493514883, 'OPL': 0.022028937183183005, 'MBK': 0.01730490826288266, 'JSW': 0.015085870331367891, 'CCC': 0.008583867604789661}"
974,2022-09-26,125544.41916703046,0.0,"{'PKN': 0.14959143533662267, 'PKO': 0.11525279938546472, 'PZU': 0.09342329071823811, 'DNP': 0.09210959493852537, 'KGH': 0.07539031009551465, 'PEO': 0.06901176311690943, 'ALE': 0.06202543399443711, 'LPP': 0.05507709125595647, 'SPL': 0.04362314130512774, 'PGE': 0.04186521586817881, 'CDR': 0.03409700034187746, 'KTY': 0.030049340092095877, 'CPS': 0.026778290359477815, 'PCO': 0.025141710315835678, 'ACP': 0.023559999493514883, 'OPL': 0.022028937183183005, 'MBK': 0.01730490826288266, 'JSW': 0.015085870331367891, 'CCC': 0.008583867604789661}"
975,2022-09-27,127779.12081496073,0.0,"{'PKN': 0.14959143533662267, 'PKO': 0.11525279938546472, 'PZU': 0.09342329071823811, 'DNP': 0.09210959493852537, 'KGH': 0.07539031009551465, 'PEO': 0.06901176311690943, 'ALE': 0.06202543399443711, 'LPP': 0.05507709125595647, 'SPL': 0.04362314130512774, 'PGE': 0.04186521586817881, 'CDR': 0.03409700034187746, 'KTY': 0.030049340092095877, 'CPS': 0.026778290359477815, 'PCO': 0.025141710315835678, 'ACP': 0.023559999493514883, 'OPL': 0.022028937183183005, 'MBK': 0.01730490826288266, 'JSW': 0.015085870331367891, 'CCC': 0.008583867604789661}"
976,2022-09-28,126478.06807442241,0.0,"{'PKN': 0.14959143533662267, 'PKO': 0.11525279938546472, 'PZU': 0.09342329071823811, 'DNP': 0.09210959493852537, 'KGH': 0.07539031009551465, 'PEO': 0.06901176311690943, 'ALE': 0.06202543399443711, 'LPP': 0.05507709125595647, 'SPL': 0.04362314130512774, 'PGE': 0.04186521586817881, 'CDR': 0.03409700034187746, 'KTY': 0.030049340092095877, 'CPS': 0.026778290359477815, 'PCO': 0.025141710315835678, 'ACP': 0.023559999493514883, 'OPL': 0.022028937183183005, 'MBK': 0.01730490826288266, 'JSW': 0.015085870331367891, 'CCC': 0.008583867604789661}"
977,2022-09-29,121586.72533011198,0.0,"{'PKN': 0.14959143533662267, 'PKO': 0.11525279938546472, 'PZU': 0.09342329071823811, 'DNP': 0.09210959493852537, 'KGH': 0.07539031009551465, 'PEO': 0.06901176311690943, 'ALE': 0.06202543399443711, 'LPP': 0.05507709125595647, 'SPL': 0.04362314130512774, 'PGE': 0.04186521586817881, 'CDR': 0.03409700034187746, 'KTY': 0.030049340092095877, 'CPS': 0.026778290359477815, 'PCO': 0.025141710315835678, 'ACP': 0.023559999493514883, 'OPL': 0.022028937183183005, 'MBK': 0.01730490826288266, 'JSW': 0.015085870331367891, 'CCC': 0.008583867604789661}"
978,2022-09-30,121375.70735084703,0.0,"{'PKN': 0.14959143533662267, 'PKO': 0.11525279938546472, 'PZU': 0.09342329071823811, 'DNP': 0.09210959493852537, 'KGH': 0.07539031009551465, 'PEO': 0.06901176311690943, 'ALE': 0.06202543399443711, 'LPP': 0.05507709125595647, 'SPL': 0.04362314130512774, 'PGE': 0.04186521586817881, 'CDR': 0.03409700034187746, 'KTY': 0.030049340092095877, 'CPS': 0.026778290359477815, 'PCO': 0.025141710315835678, 'ACP': 0.023559999493514883, 'OPL': 0.022028937183183005, 'MBK': 0.01730490826288266, 'JSW': 0.015085870331367891, 'CCC': 0.008583867604789661}"
979,2022-10-03,122258.94900763861,0.0,"{'PKN': 0.14959143533662267, 'PKO': 0.11525279938546472, 'PZU': 0.09342329071823811, 'DNP': 0.09210959493852537, 'KGH': 0.07539031009551465, 'PEO': 0.06901176311690943, 'ALE': 0.06202543399443711, 'LPP': 0.05507709125595647, 'SPL': 0.04362314130512774, 'PGE': 0.04186521586817881, 'CDR': 0.03409700034187746, 'KTY': 0.030049340092095877, 'CPS': 0.026778290359477815, 'PCO': 0.025141710315835678, 'ACP': 0.023559999493514883, 'OPL': 0.022028937183183005, 'MBK': 0.01730490826288266, 'JSW': 0.015085870331367891, 'CCC': 0.008583867604789661}"
980,2022-10-04,127786.27940008645,0.0,"{'PKN': 0.14959143533662267, 'PKO': 0.11525279938546472, 'PZU': 0.09342329071823811, 'DNP': 0.09210959493852537, 'KGH': 0.07539031009551465, 'PEO': 0.06901176311690943, 'ALE': 0.06202543399443711, 'LPP': 0.05507709125595647, 'SPL': 0.04362314130512774, 'PGE': 0.04186521586817881, 'CDR': 0.03409700034187746, 'KTY': 0.030049340092095877, 'CPS': 0.026778290359477815, 'PCO': 0.025141710315835678, 'ACP': 0.023559999493514883, 'OPL': 0.022028937183183005, 'MBK': 0.01730490826288266, 'JSW': 0.015085870331367891, 'CCC': 0.008583867604789661}"
981,2022-10-05,125068.13611171464,0.0,"{'PKN': 0.14959143533662267, 'PKO': 0.11525279938546472, 'PZU': 0.09342329071823811, 'DNP': 0.09210959493852537, 'KGH': 0.07539031009551465, 'PEO': 0.06901176311690943, 'ALE': 0.06202543399443711, 'LPP': 0.05507709125595647, 'SPL': 0.04362314130512774, 'PGE': 0.04186521586817881, 'CDR': 0.03409700034187746, 'KTY': 0.030049340092095877, 'CPS': 0.026778290359477815, 'PCO': 0.025141710315835678, 'ACP': 0.023559999493514883, 'OPL': 0.022028937183183005, 'MBK': 0.01730490826288266, 'JSW': 0.015085870331367891, 'CCC': 0.008583867604789661}"
982,2022-10-06,124922.47872298668,0.0,"{'PKN': 0.14959143533662267, 'PKO': 0.11525279938546472, 'PZU': 0.09342329071823811, 'DNP': 0.09210959493852537, 'KGH': 0.07539031009551465, 'PEO': 0.06901176311690943, 'ALE': 0.06202543399443711, 'LPP': 0.05507709125595647, 'SPL': 0.04362314130512774, 'PGE': 0.04186521586817881, 'CDR': 0.03409700034187746, 'KTY': 0.030049340092095877, 'CPS': 0.026778290359477815, 'PCO': 0.025141710315835678, 'ACP': 0.023559999493514883, 'OPL': 0.022028937183183005, 'MBK': 0.01730490826288266, 'JSW': 0.015085870331367891, 'CCC': 0.008583867604789661}"
983,2022-10-07,123808.49959394777,0.0,"{'PKN': 0.14959143533662267, 'PKO': 0.11525279938546472, 'PZU': 0.09342329071823811, 'DNP': 0.09210959493852537, 'KGH': 0.07539031009551465, 'PEO': 0.06901176311690943, 'ALE': 0.06202543399443711, 'LPP': 0.05507709125595647, 'SPL': 0.04362314130512774, 'PGE': 0.04186521586817881, 'CDR': 0.03409700034187746, 'KTY': 0.030049340092095877, 'CPS': 0.026778290359477815, 'PCO': 0.025141710315835678, 'ACP': 0.023559999493514883, 'OPL': 0.022028937183183005, 'MBK': 0.01730490826288266, 'JSW': 0.015085870331367891, 'CCC': 0.008583867604789661}"
984,2022-10-10,121506.06496374444,0.0,"{'PKN': 0.14959143533662267, 'PKO': 0.11525279938546472, 'PZU': 0.09342329071823811, 'DNP': 0.09210959493852537, 'KGH': 0.07539031009551465, 'PEO': 0.06901176311690943, 'ALE': 0.06202543399443711, 'LPP': 0.05507709125595647, 'SPL': 0.04362314130512774, 'PGE': 0.04186521586817881, 'CDR': 0.03409700034187746, 'KTY': 0.030049340092095877, 'CPS': 0.026778290359477815, 'PCO': 0.025141710315835678, 'ACP': 0.023559999493514883, 'OPL': 0.022028937183183005, 'MBK': 0.01730490826288266, 'JSW': 0.015085870331367891, 'CCC': 0.008583867604789661}"
985,2022-10-11,121708.38377416042,0.0,"{'PKN': 0.14959143533662267, 'PKO': 0.11525279938546472, 'PZU': 0.09342329071823811, 'DNP': 0.09210959493852537, 'KGH': 0.07539031009551465, 'PEO': 0.06901176311690943, 'ALE': 0.06202543399443711, 'LPP': 0.05507709125595647, 'SPL': 0.04362314130512774, 'PGE': 0.04186521586817881, 'CDR': 0.03409700034187746, 'KTY': 0.030049340092095877, 'CPS': 0.026778290359477815, 'PCO': 0.025141710315835678, 'ACP': 0.023559999493514883, 'OPL': 0.022028937183183005, 'MBK': 0.01730490826288266, 'JSW': 0.015085870331367891, 'CCC': 0.008583867604789661}"
986,2022-10-12,121364.94097378929,0.0,"{'PKN': 0.14959143533662267, 'PKO': 0.11525279938546472, 'PZU': 0.09342329071823811, 'DNP': 0.09210959493852537, 'KGH': 0.07539031009551465, 'PEO': 0.06901176311690943, 'ALE': 0.06202543399443711, 'LPP': 0.05507709125595647, 'SPL': 0.04362314130512774, 'PGE': 0.04186521586817881, 'CDR': 0.03409700034187746, 'KTY': 0.030049340092095877, 'CPS': 0.026778290359477815, 'PCO': 0.025141710315835678, 'ACP': 0.023559999493514883, 'OPL': 0.022028937183183005, 'MBK': 0.01730490826288266, 'JSW': 0.015085870331367891, 'CCC': 0.008583867604789661}"
987,2022-10-13,119621.6113787654,0.0,"{'PKN': 0.14959143533662267, 'PKO': 0.11525279938546472, 'PZU': 0.09342329071823811, 'DNP': 0.09210959493852537, 'KGH': 0.07539031009551465, 'PEO': 0.06901176311690943, 'ALE': 0.06202543399443711, 'LPP': 0.05507709125595647, 'SPL': 0.04362314130512774, 'PGE': 0.04186521586817881, 'CDR': 0.03409700034187746, 'KTY': 0.030049340092095877, 'CPS': 0.026778290359477815, 'PCO': 0.025141710315835678, 'ACP': 0.023559999493514883, 'OPL': 0.022028937183183005, 'MBK': 0.01730490826288266, 'JSW': 0.015085870331367891, 'CCC': 0.008583867604789661}"
988,2022-10-14,123044.02509856173,-4.3655745685100555e-11,"{'DNP': 0.08316351043557095, 'LPP': 0.0560912173425299, 'ACP': 0.022112342113455308, 'SFG': 0.15036990256087418, 'NTU': 0.11716035833467199, 'FFI': 0.0946142882419256, 'PBF': 0.08010243486271902, 'IZB': 0.07271118655840618, 'EQU': 0.0519696270742628, 'BST': 0.04662612011463512, 'PBG': 0.04536984402730836, 'SKL': 0.035778489026989935, 'FMG': 0.030115510437084346, 'CPI': 0.026817705621648796, 'YAN': 0.024162125570919388, 'TRI': 0.023010245433345945, 'SPH': 0.016339272505039203, 'RAF': 0.013819707888132129, 'EFK': 0.009666111850481008}"
989,2022-10-17,120991.36998103374,-4.3655745685100555e-11,"{'DNP': 0.08316351043557095, 'LPP': 0.0560912173425299, 'ACP': 0.022112342113455308, 'SFG': 0.15036990256087418, 'NTU': 0.11716035833467199, 'FFI': 0.0946142882419256, 'PBF': 0.08010243486271902, 'IZB': 0.07271118655840618, 'EQU': 0.0519696270742628, 'BST': 0.04662612011463512, 'PBG': 0.04536984402730836, 'SKL': 0.035778489026989935, 'FMG': 0.030115510437084346, 'CPI': 0.026817705621648796, 'YAN': 0.024162125570919388, 'TRI': 0.023010245433345945, 'SPH': 0.016339272505039203, 'RAF': 0.013819707888132129, 'EFK': 0.009666111850481008}"
990,2022-10-18,126242.33777577002,-4.3655745685100555e-11,"{'DNP': 0.08316351043557095, 'LPP': 0.0560912173425299, 'ACP': 0.022112342113455308, 'SFG': 0.15036990256087418, 'NTU': 0.11716035833467199, 'FFI': 0.0946142882419256, 'PBF': 0.08010243486271902, 'IZB': 0.07271118655840618, 'EQU': 0.0519696270742628, 'BST': 0.04662612011463512, 'PBG': 0.04536984402730836, 'SKL': 0.035778489026989935, 'FMG': 0.030115510437084346, 'CPI': 0.026817705621648796, 'YAN': 0.024162125570919388, 'TRI': 0.023010245433345945, 'SPH': 0.016339272505039203, 'RAF': 0.013819707888132129, 'EFK': 0.009666111850481008}"
991,2022-10-19,121841.20094849983,-4.3655745685100555e-11,"{'DNP': 0.08316351043557095, 'LPP': 0.0560912173425299, 'ACP': 0.022112342113455308, 'SFG': 0.15036990256087418, 'NTU': 0.11716035833467199, 'FFI': 0.0946142882419256, 'PBF': 0.08010243486271902, 'IZB': 0.07271118655840618, 'EQU': 0.0519696270742628, 'BST': 0.04662612011463512, 'PBG': 0.04536984402730836, 'SKL': 0.035778489026989935, 'FMG': 0.030115510437084346, 'CPI': 0.026817705621648796, 'YAN': 0.024162125570919388, 'TRI': 0.023010245433345945, 'SPH': 0.016339272505039203, 'RAF': 0.013819707888132129, 'EFK': 0.009666111850481008}"
992,2022-10-20,121677.98470886594,-4.3655745685100555e-11,"{'DNP': 0.08316351043557095, 'LPP': 0.0560912173425299, 'ACP': 0.022112342113455308, 'SFG': 0.15036990256087418, 'NTU': 0.11716035833467199, 'FFI': 0.0946142882419256, 'PBF': 0.08010243486271902, 'IZB': 0.07271118655840618, 'EQU': 0.0519696270742628, 'BST': 0.04662612011463512, 'PBG': 0.04536984402730836, 'SKL': 0.035778489026989935, 'FMG': 0.030115510437084346, 'CPI': 0.026817705621648796, 'YAN': 0.024162125570919388, 'TRI': 0.023010245433345945, 'SPH': 0.016339272505039203, 'RAF': 0.013819707888132129, 'EFK': 0.009666111850481008}"
993,2022-10-21,121939.13473541556,-4.3655745685100555e-11,"{'DNP': 0.08316351043557095, 'LPP': 0.0560912173425299, 'ACP': 0.022112342113455308, 'SFG': 0.15036990256087418, 'NTU': 0.11716035833467199, 'FFI': 0.0946142882419256, 'PBF': 0.08010243486271902, 'IZB': 0.07271118655840618, 'EQU': 0.0519696270742628, 'BST': 0.04662612011463512, 'PBG': 0.04536984402730836, 'SKL': 0.035778489026989935, 'FMG': 0.030115510437084346, 'CPI': 0.026817705621648796, 'YAN': 0.024162125570919388, 'TRI': 0.023010245433345945, 'SPH': 0.016339272505039203, 'RAF': 0.013819707888132129, 'EFK': 0.009666111850481008}"
994,2022-10-24,123130.97128762283,-4.3655745685100555e-11,"{'DNP': 0.08316351043557095, 'LPP': 0.0560912173425299, 'ACP': 0.022112342113455308, 'SFG': 0.15036990256087418, 'NTU': 0.11716035833467199, 'FFI': 0.0946142882419256, 'PBF': 0.08010243486271902, 'IZB': 0.07271118655840618, 'EQU': 0.0519696270742628, 'BST': 0.04662612011463512, 'PBG': 0.04536984402730836, 'SKL': 0.035778489026989935, 'FMG': 0.030115510437084346, 'CPI': 0.026817705621648796, 'YAN': 0.024162125570919388, 'TRI': 0.023010245433345945, 'SPH': 0.016339272505039203, 'RAF': 0.013819707888132129, 'EFK': 0.009666111850481008}"
995,2022-10-25,124805.15609250504,-4.3655745685100555e-11,"{'DNP': 0.08316351043557095, 'LPP': 0.0560912173425299, 'ACP': 0.022112342113455308, 'SFG': 0.15036990256087418, 'NTU': 0.11716035833467199, 'FFI': 0.0946142882419256, 'PBF': 0.08010243486271902, 'IZB': 0.07271118655840618, 'EQU': 0.0519696270742628, 'BST': 0.04662612011463512, 'PBG': 0.04536984402730836, 'SKL': 0.035778489026989935, 'FMG': 0.030115510437084346, 'CPI': 0.026817705621648796, 'YAN': 0.024162125570919388, 'TRI': 0.023010245433345945, 'SPH': 0.016339272505039203, 'RAF': 0.013819707888132129, 'EFK': 0.009666111850481008}"
996,2022-10-26,127243.96985836135,-4.3655745685100555e-11,"{'DNP': 0.08316351043557095, 'LPP': 0.0560912173425299, 'ACP': 0.022112342113455308, 'SFG': 0.15036990256087418, 'NTU': 0.11716035833467199, 'FFI': 0.0946142882419256, 'PBF': 0.08010243486271902, 'IZB': 0.07271118655840618, 'EQU': 0.0519696270742628, 'BST': 0.04662612011463512, 'PBG': 0.04536984402730836, 'SKL': 0.035778489026989935, 'FMG': 0.030115510437084346, 'CPI': 0.026817705621648796, 'YAN': 0.024162125570919388, 'TRI': 0.023010245433345945, 'SPH': 0.016339272505039203, 'RAF': 0.013819707888132129, 'EFK': 0.009666111850481008}"
997,2022-10-27,127303.56662804724,-4.3655745685100555e-11,"{'DNP': 0.08316351043557095, 'LPP': 0.0560912173425299, 'ACP': 0.022112342113455308, 'SFG': 0.15036990256087418, 'NTU': 0.11716035833467199, 'FFI': 0.0946142882419256, 'PBF': 0.08010243486271902, 'IZB': 0.07271118655840618, 'EQU': 0.0519696270742628, 'BST': 0.04662612011463512, 'PBG': 0.04536984402730836, 'SKL': 0.035778489026989935, 'FMG': 0.030115510437084346, 'CPI': 0.026817705621648796, 'YAN': 0.024162125570919388, 'TRI': 0.023010245433345945, 'SPH': 0.016339272505039203, 'RAF': 0.013819707888132129, 'EFK': 0.009666111850481008}"
998,2022-10-28,128143.50892146258,-4.3655745685100555e-11,"{'DNP': 0.08316351043557095, 'LPP': 0.0560912173425299, 'ACP': 0.022112342113455308, 'SFG': 0.15036990256087418, 'NTU': 0.11716035833467199, 'FFI': 0.0946142882419256, 'PBF': 0.08010243486271902, 'IZB': 0.07271118655840618, 'EQU': 0.0519696270742628, 'BST': 0.04662612011463512, 'PBG': 0.04536984402730836, 'SKL': 0.035778489026989935, 'FMG': 0.030115510437084346, 'CPI': 0.026817705621648796, 'YAN': 0.024162125570919388, 'TRI': 0.023010245433345945, 'SPH': 0.016339272505039203, 'RAF': 0.013819707888132129, 'EFK': 0.009666111850481008}"
999,2022-10-31,127602.13446190271,-4.3655745685100555e-11,"{'DNP': 0.08316351043557095, 'LPP': 0.0560912173425299, 'ACP': 0.022112342113455308, 'SFG': 0.15036990256087418, 'NTU': 0.11716035833467199, 'FFI': 0.0946142882419256, 'PBF': 0.08010243486271902, 'IZB': 0.07271118655840618, 'EQU': 0.0519696270742628, 'BST': 0.04662612011463512, 'PBG': 0.04536984402730836, 'SKL': 0.035778489026989935, 'FMG': 0.030115510437084346, 'CPI': 0.026817705621648796, 'YAN': 0.024162125570919388, 'TRI': 0.023010245433345945, 'SPH': 0.016339272505039203, 'RAF': 0.013819707888132129, 'EFK': 0.009666111850481008}"
1000,2022-11-01,127602.13446190271,-4.3655745685100555e-11,"{'DNP': 0.08316351043557095, 'LPP': 0.0560912173425299, 'ACP': 0.022112342113455308, 'SFG': 0.15036990256087418, 'NTU': 0.11716035833467199, 'FFI': 0.0946142882419256, 'PBF': 0.08010243486271902, 'IZB': 0.07271118655840618, 'EQU': 0.0519696270742628, 'BST': 0.04662612011463512, 'PBG': 0.04536984402730836, 'SKL': 0.035778489026989935, 'FMG': 0.030115510437084346, 'CPI': 0.026817705621648796, 'YAN': 0.024162125570919388, 'TRI': 0.023010245433345945, 'SPH': 0.016339272505039203, 'RAF': 0.013819707888132129, 'EFK': 0.009666111850481008}"
1001,2022-11-02,128427.45940236685,-4.3655745685100555e-11,"{'DNP': 0.08316351043557095, 'LPP': 0.0560912173425299, 'ACP': 0.022112342113455308, 'SFG': 0.15036990256087418, 'NTU': 0.11716035833467199, 'FFI': 0.0946142882419256, 'PBF': 0.08010243486271902, 'IZB': 0.07271118655840618, 'EQU': 0.0519696270742628, 'BST': 0.04662612011463512, 'PBG': 0.04536984402730836, 'SKL': 0.035778489026989935, 'FMG': 0.030115510437084346, 'CPI': 0.026817705621648796, 'YAN': 0.024162125570919388, 'TRI': 0.023010245433345945, 'SPH': 0.016339272505039203, 'RAF': 0.013819707888132129, 'EFK': 0.009666111850481008}"
1002,2022-11-03,126220.51234952183,-4.3655745685100555e-11,"{'DNP': 0.08316351043557095, 'LPP': 0.0560912173425299, 'ACP': 0.022112342113455308, 'SFG': 0.15036990256087418, 'NTU': 0.11716035833467199, 'FFI': 0.0946142882419256, 'PBF': 0.08010243486271902, 'IZB': 0.07271118655840618, 'EQU': 0.0519696270742628, 'BST': 0.04662612011463512, 'PBG': 0.04536984402730836, 'SKL': 0.035778489026989935, 'FMG': 0.030115510437084346, 'CPI': 0.026817705621648796, 'YAN': 0.024162125570919388, 'TRI': 0.023010245433345945, 'SPH': 0.016339272505039203, 'RAF': 0.013819707888132129, 'EFK': 0.009666111850481008}"
1003,2022-11-04,126000.81279059275,-4.3655745685100555e-11,"{'DNP': 0.08316351043557095, 'LPP': 0.0560912173425299, 'ACP': 0.022112342113455308, 'SFG': 0.15036990256087418, 'NTU': 0.11716035833467199, 'FFI': 0.0946142882419256, 'PBF': 0.08010243486271902, 'IZB': 0.07271118655840618, 'EQU': 0.0519696270742628, 'BST': 0.04662612011463512, 'PBG': 0.04536984402730836, 'SKL': 0.035778489026989935, 'FMG': 0.030115510437084346, 'CPI': 0.026817705621648796, 'YAN': 0.024162125570919388, 'TRI': 0.023010245433345945, 'SPH': 0.016339272505039203, 'RAF': 0.013819707888132129, 'EFK': 0.009666111850481008}"
1004,2022-11-07,129195.1819156603,-4.3655745685100555e-11,"{'DNP': 0.08316351043557095, 'LPP': 0.0560912173425299, 'ACP': 0.022112342113455308, 'SFG': 0.15036990256087418, 'NTU': 0.11716035833467199, 'FFI': 0.0946142882419256, 'PBF': 0.08010243486271902, 'IZB': 0.07271118655840618, 'EQU': 0.0519696270742628, 'BST': 0.04662612011463512, 'PBG': 0.04536984402730836, 'SKL': 0.035778489026989935, 'FMG': 0.030115510437084346, 'CPI': 0.026817705621648796, 'YAN': 0.024162125570919388, 'TRI': 0.023010245433345945, 'SPH': 0.016339272505039203, 'RAF': 0.013819707888132129, 'EFK': 0.009666111850481008}"
1005,2022-11-08,131279.74290057382,-4.3655745685100555e-11,"{'DNP': 0.08316351043557095, 'LPP': 0.0560912173425299, 'ACP': 0.022112342113455308, 'SFG': 0.15036990256087418, 'NTU': 0.11716035833467199, 'FFI': 0.0946142882419256, 'PBF': 0.08010243486271902, 'IZB': 0.07271118655840618, 'EQU': 0.0519696270742628, 'BST': 0.04662612011463512, 'PBG': 0.04536984402730836, 'SKL': 0.035778489026989935, 'FMG': 0.030115510437084346, 'CPI': 0.026817705621648796, 'YAN': 0.024162125570919388, 'TRI': 0.023010245433345945, 'SPH': 0.016339272505039203, 'RAF': 0.013819707888132129, 'EFK': 0.009666111850481008}"
1006,2022-11-09,128624.7907407924,-4.3655745685100555e-11,"{'DNP': 0.08316351043557095, 'LPP': 0.0560912173425299, 'ACP': 0.022112342113455308, 'SFG': 0.15036990256087418, 'NTU': 0.11716035833467199, 'FFI': 0.0946142882419256, 'PBF': 0.08010243486271902, 'IZB': 0.07271118655840618, 'EQU': 0.0519696270742628, 'BST': 0.04662612011463512, 'PBG': 0.04536984402730836, 'SKL': 0.035778489026989935, 'FMG': 0.030115510437084346, 'CPI': 0.026817705621648796, 'YAN': 0.024162125570919388, 'TRI': 0.023010245433345945, 'SPH': 0.016339272505039203, 'RAF': 0.013819707888132129, 'EFK': 0.009666111850481008}"
1007,2022-11-10,128599.98097423775,-4.3655745685100555e-11,"{'DNP': 0.08316351043557095, 'LPP': 0.0560912173425299, 'ACP': 0.022112342113455308, 'SFG': 0.15036990256087418, 'NTU': 0.11716035833467199, 'FFI': 0.0946142882419256, 'PBF': 0.08010243486271902, 'IZB': 0.07271118655840618, 'EQU': 0.0519696270742628, 'BST': 0.04662612011463512, 'PBG': 0.04536984402730836, 'SKL': 0.035778489026989935, 'FMG': 0.030115510437084346, 'CPI': 0.026817705621648796, 'YAN': 0.024162125570919388, 'TRI': 0.023010245433345945, 'SPH': 0.016339272505039203, 'RAF': 0.013819707888132129, 'EFK': 0.009666111850481008}"
1008,2022-11-11,128599.98097423775,-4.3655745685100555e-11,"{'DNP': 0.08316351043557095, 'LPP': 0.0560912173425299, 'ACP': 0.022112342113455308, 'SFG': 0.15036990256087418, 'NTU': 0.11716035833467199, 'FFI': 0.0946142882419256, 'PBF': 0.08010243486271902, 'IZB': 0.07271118655840618, 'EQU': 0.0519696270742628, 'BST': 0.04662612011463512, 'PBG': 0.04536984402730836, 'SKL': 0.035778489026989935, 'FMG': 0.030115510437084346, 'CPI': 0.026817705621648796, 'YAN': 0.024162125570919388, 'TRI': 0.023010245433345945, 'SPH': 0.016339272505039203, 'RAF': 0.013819707888132129, 'EFK': 0.009666111850481008}"
1009,2022-11-14,128541.8396503922,-4.3655745685100555e-11,"{'DNP': 0.08316351043557095, 'LPP': 0.0560912173425299, 'ACP': 0.022112342113455308, 'SFG': 0.15036990256087418, 'NTU': 0.11716035833467199, 'FFI': 0.0946142882419256, 'PBF': 0.08010243486271902, 'IZB': 0.07271118655840618, 'EQU': 0.0519696270742628, 'BST': 0.04662612011463512, 'PBG': 0.04536984402730836, 'SKL': 0.035778489026989935, 'FMG': 0.030115510437084346, 'CPI': 0.026817705621648796, 'YAN': 0.024162125570919388, 'TRI': 0.023010245433345945, 'SPH': 0.016339272505039203, 'RAF': 0.013819707888132129, 'EFK': 0.009666111850481008}"
1010,2022-11-15,129767.76617790075,-4.3655745685100555e-11,"{'DNP': 0.08316351043557095, 'LPP': 0.0560912173425299, 'ACP': 0.022112342113455308, 'SFG': 0.15036990256087418, 'NTU': 0.11716035833467199, 'FFI': 0.0946142882419256, 'PBF': 0.08010243486271902, 'IZB': 0.07271118655840618, 'EQU': 0.0519696270742628, 'BST': 0.04662612011463512, 'PBG': 0.04536984402730836, 'SKL': 0.035778489026989935, 'FMG': 0.030115510437084346, 'CPI': 0.026817705621648796, 'YAN': 0.024162125570919388, 'TRI': 0.023010245433345945, 'SPH': 0.016339272505039203, 'RAF': 0.013819707888132129, 'EFK': 0.009666111850481008}"
1011,2022-11-16,130804.33750779387,-4.3655745685100555e-11,"{'DNP': 0.08316351043557095, 'LPP': 0.0560912173425299, 'ACP': 0.022112342113455308, 'SFG': 0.15036990256087418, 'NTU': 0.11716035833467199, 'FFI': 0.0946142882419256, 'PBF': 0.08010243486271902, 'IZB': 0.07271118655840618, 'EQU': 0.0519696270742628, 'BST': 0.04662612011463512, 'PBG': 0.04536984402730836, 'SKL': 0.035778489026989935, 'FMG': 0.030115510437084346, 'CPI': 0.026817705621648796, 'YAN': 0.024162125570919388, 'TRI': 0.023010245433345945, 'SPH': 0.016339272505039203, 'RAF': 0.013819707888132129, 'EFK': 0.009666111850481008}"
1012,2022-11-17,130408.82973596851,-4.3655745685100555e-11,"{'DNP': 0.08316351043557095, 'LPP': 0.0560912173425299, 'ACP': 0.022112342113455308, 'SFG': 0.15036990256087418, 'NTU': 0.11716035833467199, 'FFI': 0.0946142882419256, 'PBF': 0.08010243486271902, 'IZB': 0.07271118655840618, 'EQU': 0.0519696270742628, 'BST': 0.04662612011463512, 'PBG': 0.04536984402730836, 'SKL': 0.035778489026989935, 'FMG': 0.030115510437084346, 'CPI': 0.026817705621648796, 'YAN': 0.024162125570919388, 'TRI': 0.023010245433345945, 'SPH': 0.016339272505039203, 'RAF': 0.013819707888132129, 'EFK': 0.009666111850481008}"
1013,2022-11-18,130765.82383811203,-4.3655745685100555e-11,"{'DNP': 0.08316351043557095, 'LPP': 0.0560912173425299, 'ACP': 0.022112342113455308, 'SFG': 0.15036990256087418, 'NTU': 0.11716035833467199, 'FFI': 0.0946142882419256, 'PBF': 0.08010243486271902, 'IZB': 0.07271118655840618, 'EQU': 0.0519696270742628, 'BST': 0.04662612011463512, 'PBG': 0.04536984402730836, 'SKL': 0.035778489026989935, 'FMG': 0.030115510437084346, 'CPI': 0.026817705621648796, 'YAN': 0.024162125570919388, 'TRI': 0.023010245433345945, 'SPH': 0.016339272505039203, 'RAF': 0.013819707888132129, 'EFK': 0.009666111850481008}"
1014,2022-11-21,131249.91802322137,-4.3655745685100555e-11,"{'DNP': 0.08316351043557095, 'LPP': 0.0560912173425299, 'ACP': 0.022112342113455308, 'SFG': 0.15036990256087418, 'NTU': 0.11716035833467199, 'FFI': 0.0946142882419256, 'PBF': 0.08010243486271902, 'IZB': 0.07271118655840618, 'EQU': 0.0519696270742628, 'BST': 0.04662612011463512, 'PBG': 0.04536984402730836, 'SKL': 0.035778489026989935, 'FMG': 0.030115510437084346, 'CPI': 0.026817705621648796, 'YAN': 0.024162125570919388, 'TRI': 0.023010245433345945, 'SPH': 0.016339272505039203, 'RAF': 0.013819707888132129, 'EFK': 0.009666111850481008}"
1015,2022-11-22,130517.70063020909,-4.3655745685100555e-11,"{'DNP': 0.08316351043557095, 'LPP': 0.0560912173425299, 'ACP': 0.022112342113455308, 'SFG': 0.15036990256087418, 'NTU': 0.11716035833467199, 'FFI': 0.0946142882419256, 'PBF': 0.08010243486271902, 'IZB': 0.07271118655840618, 'EQU': 0.0519696270742628, 'BST': 0.04662612011463512, 'PBG': 0.04536984402730836, 'SKL': 0.035778489026989935, 'FMG': 0.030115510437084346, 'CPI': 0.026817705621648796, 'YAN': 0.024162125570919388, 'TRI': 0.023010245433345945, 'SPH': 0.016339272505039203, 'RAF': 0.013819707888132129, 'EFK': 0.009666111850481008}"
1016,2022-11-23,131865.61903679091,-4.3655745685100555e-11,"{'DNP': 0.08316351043557095, 'LPP': 0.0560912173425299, 'ACP': 0.022112342113455308, 'SFG': 0.15036990256087418, 'NTU': 0.11716035833467199, 'FFI': 0.0946142882419256, 'PBF': 0.08010243486271902, 'IZB': 0.07271118655840618, 'EQU': 0.0519696270742628, 'BST': 0.04662612011463512, 'PBG': 0.04536984402730836, 'SKL': 0.035778489026989935, 'FMG': 0.030115510437084346, 'CPI': 0.026817705621648796, 'YAN': 0.024162125570919388, 'TRI': 0.023010245433345945, 'SPH': 0.016339272505039203, 'RAF': 0.013819707888132129, 'EFK': 0.009666111850481008}"
1017,2022-11-24,133060.53571926273,-4.3655745685100555e-11,"{'DNP': 0.08316351043557095, 'LPP': 0.0560912173425299, 'ACP': 0.022112342113455308, 'SFG': 0.15036990256087418, 'NTU': 0.11716035833467199, 'FFI': 0.0946142882419256, 'PBF': 0.08010243486271902, 'IZB': 0.07271118655840618, 'EQU': 0.0519696270742628, 'BST': 0.04662612011463512, 'PBG': 0.04536984402730836, 'SKL': 0.035778489026989935, 'FMG': 0.030115510437084346, 'CPI': 0.026817705621648796, 'YAN': 0.024162125570919388, 'TRI': 0.023010245433345945, 'SPH': 0.016339272505039203, 'RAF': 0.013819707888132129, 'EFK': 0.009666111850481008}"
1018,2022-11-25,126866.23924485926,-4.3655745685100555e-11,"{'DNP': 0.08316351043557095, 'LPP': 0.0560912173425299, 'ACP': 0.022112342113455308, 'SFG': 0.15036990256087418, 'NTU': 0.11716035833467199, 'FFI': 0.0946142882419256, 'PBF': 0.08010243486271902, 'IZB': 0.07271118655840618, 'EQU': 0.0519696270742628, 'BST': 0.04662612011463512, 'PBG': 0.04536984402730836, 'SKL': 0.035778489026989935, 'FMG': 0.030115510437084346, 'CPI': 0.026817705621648796, 'YAN': 0.024162125570919388, 'TRI': 0.023010245433345945, 'SPH': 0.016339272505039203, 'RAF': 0.013819707888132129, 'EFK': 0.009666111850481008}"
1019,2022-11-28,131131.0985818429,-4.3655745685100555e-11,"{'DNP': 0.08316351043557095, 'LPP': 0.0560912173425299, 'ACP': 0.022112342113455308, 'SFG': 0.15036990256087418, 'NTU': 0.11716035833467199, 'FFI': 0.0946142882419256, 'PBF': 0.08010243486271902, 'IZB': 0.07271118655840618, 'EQU': 0.0519696270742628, 'BST': 0.04662612011463512, 'PBG': 0.04536984402730836, 'SKL': 0.035778489026989935, 'FMG': 0.030115510437084346, 'CPI': 0.026817705621648796, 'YAN': 0.024162125570919388, 'TRI': 0.023010245433345945, 'SPH': 0.016339272505039203, 'RAF': 0.013819707888132129, 'EFK': 0.009666111850481008}"
1020,2022-11-29,131001.74907710859,-4.3655745685100555e-11,"{'DNP': 0.08316351043557095, 'LPP': 0.0560912173425299, 'ACP': 0.022112342113455308, 'SFG': 0.15036990256087418, 'NTU': 0.11716035833467199, 'FFI': 0.0946142882419256, 'PBF': 0.08010243486271902, 'IZB': 0.07271118655840618, 'EQU': 0.0519696270742628, 'BST': 0.04662612011463512, 'PBG': 0.04536984402730836, 'SKL': 0.035778489026989935, 'FMG': 0.030115510437084346, 'CPI': 0.026817705621648796, 'YAN': 0.024162125570919388, 'TRI': 0.023010245433345945, 'SPH': 0.016339272505039203, 'RAF': 0.013819707888132129, 'EFK': 0.009666111850481008}"
1021,2022-11-30,132745.6914325793,-4.3655745685100555e-11,"{'DNP': 0.08316351043557095, 'LPP': 0.0560912173425299, 'ACP': 0.022112342113455308, 'SFG': 0.15036990256087418, 'NTU': 0.11716035833467199, 'FFI': 0.0946142882419256, 'PBF': 0.08010243486271902, 'IZB': 0.07271118655840618, 'EQU': 0.0519696270742628, 'BST': 0.04662612011463512, 'PBG': 0.04536984402730836, 'SKL': 0.035778489026989935, 'FMG': 0.030115510437084346, 'CPI': 0.026817705621648796, 'YAN': 0.024162125570919388, 'TRI': 0.023010245433345945, 'SPH': 0.016339272505039203, 'RAF': 0.013819707888132129, 'EFK': 0.009666111850481008}"
1022,2022-12-01,135249.60588602733,-4.3655745685100555e-11,"{'DNP': 0.08316351043557095, 'LPP': 0.0560912173425299, 'ACP': 0.022112342113455308, 'SFG': 0.15036990256087418, 'NTU': 0.11716035833467199, 'FFI': 0.0946142882419256, 'PBF': 0.08010243486271902, 'IZB': 0.07271118655840618, 'EQU': 0.0519696270742628, 'BST': 0.04662612011463512, 'PBG': 0.04536984402730836, 'SKL': 0.035778489026989935, 'FMG': 0.030115510437084346, 'CPI': 0.026817705621648796, 'YAN': 0.024162125570919388, 'TRI': 0.023010245433345945, 'SPH': 0.016339272505039203, 'RAF': 0.013819707888132129, 'EFK': 0.009666111850481008}"
1023,2022-12-02,134420.29225145065,-4.3655745685100555e-11,"{'DNP': 0.08316351043557095, 'LPP': 0.0560912173425299, 'ACP': 0.022112342113455308, 'SFG': 0.15036990256087418, 'NTU': 0.11716035833467199, 'FFI': 0.0946142882419256, 'PBF': 0.08010243486271902, 'IZB': 0.07271118655840618, 'EQU': 0.0519696270742628, 'BST': 0.04662612011463512, 'PBG': 0.04536984402730836, 'SKL': 0.035778489026989935, 'FMG': 0.030115510437084346, 'CPI': 0.026817705621648796, 'YAN': 0.024162125570919388, 'TRI': 0.023010245433345945, 'SPH': 0.016339272505039203, 'RAF': 0.013819707888132129, 'EFK': 0.009666111850481008}"
1024,2022-12-05,136079.84170782234,-4.3655745685100555e-11,"{'DNP': 0.08316351043557095, 'LPP': 0.0560912173425299, 'ACP': 0.022112342113455308, 'SFG': 0.15036990256087418, 'NTU': 0.11716035833467199, 'FFI': 0.0946142882419256, 'PBF': 0.08010243486271902, 'IZB': 0.07271118655840618, 'EQU': 0.0519696270742628, 'BST': 0.04662612011463512, 'PBG': 0.04536984402730836, 'SKL': 0.035778489026989935, 'FMG': 0.030115510437084346, 'CPI': 0.026817705621648796, 'YAN': 0.024162125570919388, 'TRI': 0.023010245433345945, 'SPH': 0.016339272505039203, 'RAF': 0.013819707888132129, 'EFK': 0.009666111850481008}"
1025,2022-12-06,138145.01775765937,-4.3655745685100555e-11,"{'DNP': 0.08316351043557095, 'LPP': 0.0560912173425299, 'ACP': 0.022112342113455308, 'SFG': 0.15036990256087418, 'NTU': 0.11716035833467199, 'FFI': 0.0946142882419256, 'PBF': 0.08010243486271902, 'IZB': 0.07271118655840618, 'EQU': 0.0519696270742628, 'BST': 0.04662612011463512, 'PBG': 0.04536984402730836, 'SKL': 0.035778489026989935, 'FMG': 0.030115510437084346, 'CPI': 0.026817705621648796, 'YAN': 0.024162125570919388, 'TRI': 0.023010245433345945, 'SPH': 0.016339272505039203, 'RAF': 0.013819707888132129, 'EFK': 0.009666111850481008}"
1026,2022-12-07,136936.45047047973,-4.3655745685100555e-11,"{'DNP': 0.08316351043557095, 'LPP': 0.0560912173425299, 'ACP': 0.022112342113455308, 'SFG': 0.15036990256087418, 'NTU': 0.11716035833467199, 'FFI': 0.0946142882419256, 'PBF': 0.08010243486271902, 'IZB': 0.07271118655840618, 'EQU': 0.0519696270742628, 'BST': 0.04662612011463512, 'PBG': 0.04536984402730836, 'SKL': 0.035778489026989935, 'FMG': 0.030115510437084346, 'CPI': 0.026817705621648796, 'YAN': 0.024162125570919388, 'TRI': 0.023010245433345945, 'SPH': 0.016339272505039203, 'RAF': 0.013819707888132129, 'EFK': 0.009666111850481008}"
1027,2022-12-08,138973.19131848175,-4.3655745685100555e-11,"{'DNP': 0.08316351043557095, 'LPP': 0.0560912173425299, 'ACP': 0.022112342113455308, 'SFG': 0.15036990256087418, 'NTU': 0.11716035833467199, 'FFI': 0.0946142882419256, 'PBF': 0.08010243486271902, 'IZB': 0.07271118655840618, 'EQU': 0.0519696270742628, 'BST': 0.04662612011463512, 'PBG': 0.04536984402730836, 'SKL': 0.035778489026989935, 'FMG': 0.030115510437084346, 'CPI': 0.026817705621648796, 'YAN': 0.024162125570919388, 'TRI': 0.023010245433345945, 'SPH': 0.016339272505039203, 'RAF': 0.013819707888132129, 'EFK': 0.009666111850481008}"
1028,2022-12-09,142858.73004113714,-4.3655745685100555e-11,"{'DNP': 0.08316351043557095, 'LPP': 0.0560912173425299, 'ACP': 0.022112342113455308, 'SFG': 0.15036990256087418, 'NTU': 0.11716035833467199, 'FFI': 0.0946142882419256, 'PBF': 0.08010243486271902, 'IZB': 0.07271118655840618, 'EQU': 0.0519696270742628, 'BST': 0.04662612011463512, 'PBG': 0.04536984402730836, 'SKL': 0.035778489026989935, 'FMG': 0.030115510437084346, 'CPI': 0.026817705621648796, 'YAN': 0.024162125570919388, 'TRI': 0.023010245433345945, 'SPH': 0.016339272505039203, 'RAF': 0.013819707888132129, 'EFK': 0.009666111850481008}"
1029,2022-12-12,145533.66392175615,-4.3655745685100555e-11,"{'DNP': 0.08316351043557095, 'LPP': 0.0560912173425299, 'ACP': 0.022112342113455308, 'SFG': 0.15036990256087418, 'NTU': 0.11716035833467199, 'FFI': 0.0946142882419256, 'PBF': 0.08010243486271902, 'IZB': 0.07271118655840618, 'EQU': 0.0519696270742628, 'BST': 0.04662612011463512, 'PBG': 0.04536984402730836, 'SKL': 0.035778489026989935, 'FMG': 0.030115510437084346, 'CPI': 0.026817705621648796, 'YAN': 0.024162125570919388, 'TRI': 0.023010245433345945, 'SPH': 0.016339272505039203, 'RAF': 0.013819707888132129, 'EFK': 0.009666111850481008}"
1030,2022-12-13,143410.19667017338,-4.3655745685100555e-11,"{'DNP': 0.08316351043557095, 'LPP': 0.0560912173425299, 'ACP': 0.022112342113455308, 'SFG': 0.15036990256087418, 'NTU': 0.11716035833467199, 'FFI': 0.0946142882419256, 'PBF': 0.08010243486271902, 'IZB': 0.07271118655840618, 'EQU': 0.0519696270742628, 'BST': 0.04662612011463512, 'PBG': 0.04536984402730836, 'SKL': 0.035778489026989935, 'FMG': 0.030115510437084346, 'CPI': 0.026817705621648796, 'YAN': 0.024162125570919388, 'TRI': 0.023010245433345945, 'SPH': 0.016339272505039203, 'RAF': 0.013819707888132129, 'EFK': 0.009666111850481008}"
1031,2022-12-14,141951.6773126303,-4.3655745685100555e-11,"{'DNP': 0.08316351043557095, 'LPP': 0.0560912173425299, 'ACP': 0.022112342113455308, 'SFG': 0.15036990256087418, 'NTU': 0.11716035833467199, 'FFI': 0.0946142882419256, 'PBF': 0.08010243486271902, 'IZB': 0.07271118655840618, 'EQU': 0.0519696270742628, 'BST': 0.04662612011463512, 'PBG': 0.04536984402730836, 'SKL': 0.035778489026989935, 'FMG': 0.030115510437084346, 'CPI': 0.026817705621648796, 'YAN': 0.024162125570919388, 'TRI': 0.023010245433345945, 'SPH': 0.016339272505039203, 'RAF': 0.013819707888132129, 'EFK': 0.009666111850481008}"
1032,2022-12-15,142514.6953493504,-4.3655745685100555e-11,"{'DNP': 0.08316351043557095, 'LPP': 0.0560912173425299, 'ACP': 0.022112342113455308, 'SFG': 0.15036990256087418, 'NTU': 0.11716035833467199, 'FFI': 0.0946142882419256, 'PBF': 0.08010243486271902, 'IZB': 0.07271118655840618, 'EQU': 0.0519696270742628, 'BST': 0.04662612011463512, 'PBG': 0.04536984402730836, 'SKL': 0.035778489026989935, 'FMG': 0.030115510437084346, 'CPI': 0.026817705621648796, 'YAN': 0.024162125570919388, 'TRI': 0.023010245433345945, 'SPH': 0.016339272505039203, 'RAF': 0.013819707888132129, 'EFK': 0.009666111850481008}"
1033,2022-12-16,140075.79717058182,-4.3655745685100555e-11,"{'DNP': 0.08316351043557095, 'LPP': 0.0560912173425299, 'ACP': 0.022112342113455308, 'SFG': 0.15036990256087418, 'NTU': 0.11716035833467199, 'FFI': 0.0946142882419256, 'PBF': 0.08010243486271902, 'IZB': 0.07271118655840618, 'EQU': 0.0519696270742628, 'BST': 0.04662612011463512, 'PBG': 0.04536984402730836, 'SKL': 0.035778489026989935, 'FMG': 0.030115510437084346, 'CPI': 0.026817705621648796, 'YAN': 0.024162125570919388, 'TRI': 0.023010245433345945, 'SPH': 0.016339272505039203, 'RAF': 0.013819707888132129, 'EFK': 0.009666111850481008}"
1034,2022-12-19,142271.88665331947,-4.3655745685100555e-11,"{'DNP': 0.08316351043557095, 'LPP': 0.0560912173425299, 'ACP': 0.022112342113455308, 'SFG': 0.15036990256087418, 'NTU': 0.11716035833467199, 'FFI': 0.0946142882419256, 'PBF': 0.08010243486271902, 'IZB': 0.07271118655840618, 'EQU': 0.0519696270742628, 'BST': 0.04662612011463512, 'PBG': 0.04536984402730836, 'SKL': 0.035778489026989935, 'FMG': 0.030115510437084346, 'CPI': 0.026817705621648796, 'YAN': 0.024162125570919388, 'TRI': 0.023010245433345945, 'SPH': 0.016339272505039203, 'RAF': 0.013819707888132129, 'EFK': 0.009666111850481008}"
1035,2022-12-20,144196.0024558439,-4.3655745685100555e-11,"{'DNP': 0.08316351043557095, 'LPP': 0.0560912173425299, 'ACP': 0.022112342113455308, 'SFG': 0.15036990256087418, 'NTU': 0.11716035833467199, 'FFI': 0.0946142882419256, 'PBF': 0.08010243486271902, 'IZB': 0.07271118655840618, 'EQU': 0.0519696270742628, 'BST': 0.04662612011463512, 'PBG': 0.04536984402730836, 'SKL': 0.035778489026989935, 'FMG': 0.030115510437084346, 'CPI': 0.026817705621648796, 'YAN': 0.024162125570919388, 'TRI': 0.023010245433345945, 'SPH': 0.016339272505039203, 'RAF': 0.013819707888132129, 'EFK': 0.009666111850481008}"
1036,2022-12-21,142409.2869826071,-4.3655745685100555e-11,"{'DNP': 0.08316351043557095, 'LPP': 0.0560912173425299, 'ACP': 0.022112342113455308, 'SFG': 0.15036990256087418, 'NTU': 0.11716035833467199, 'FFI': 0.0946142882419256, 'PBF': 0.08010243486271902, 'IZB': 0.07271118655840618, 'EQU': 0.0519696270742628, 'BST': 0.04662612011463512, 'PBG': 0.04536984402730836, 'SKL': 0.035778489026989935, 'FMG': 0.030115510437084346, 'CPI': 0.026817705621648796, 'YAN': 0.024162125570919388, 'TRI': 0.023010245433345945, 'SPH': 0.016339272505039203, 'RAF': 0.013819707888132129, 'EFK': 0.009666111850481008}"
1037,2022-12-22,142025.0672466819,-4.3655745685100555e-11,"{'DNP': 0.08316351043557095, 'LPP': 0.0560912173425299, 'ACP': 0.022112342113455308, 'SFG': 0.15036990256087418, 'NTU': 0.11716035833467199, 'FFI': 0.0946142882419256, 'PBF': 0.08010243486271902, 'IZB': 0.07271118655840618, 'EQU': 0.0519696270742628, 'BST': 0.04662612011463512, 'PBG': 0.04536984402730836, 'SKL': 0.035778489026989935, 'FMG': 0.030115510437084346, 'CPI': 0.026817705621648796, 'YAN': 0.024162125570919388, 'TRI': 0.023010245433345945, 'SPH': 0.016339272505039203, 'RAF': 0.013819707888132129, 'EFK': 0.009666111850481008}"
1038,2022-12-23,142399.89457829407,-4.3655745685100555e-11,"{'DNP': 0.08316351043557095, 'LPP': 0.0560912173425299, 'ACP': 0.022112342113455308, 'SFG': 0.15036990256087418, 'NTU': 0.11716035833467199, 'FFI': 0.0946142882419256, 'PBF': 0.08010243486271902, 'IZB': 0.07271118655840618, 'EQU': 0.0519696270742628, 'BST': 0.04662612011463512, 'PBG': 0.04536984402730836, 'SKL': 0.035778489026989935, 'FMG': 0.030115510437084346, 'CPI': 0.026817705621648796, 'YAN': 0.024162125570919388, 'TRI': 0.023010245433345945, 'SPH': 0.016339272505039203, 'RAF': 0.013819707888132129, 'EFK': 0.009666111850481008}"
1039,2022-12-26,142399.89457829407,-4.3655745685100555e-11,"{'DNP': 0.08316351043557095, 'LPP': 0.0560912173425299, 'ACP': 0.022112342113455308, 'SFG': 0.15036990256087418, 'NTU': 0.11716035833467199, 'FFI': 0.0946142882419256, 'PBF': 0.08010243486271902, 'IZB': 0.07271118655840618, 'EQU': 0.0519696270742628, 'BST': 0.04662612011463512, 'PBG': 0.04536984402730836, 'SKL': 0.035778489026989935, 'FMG': 0.030115510437084346, 'CPI': 0.026817705621648796, 'YAN': 0.024162125570919388, 'TRI': 0.023010245433345945, 'SPH': 0.016339272505039203, 'RAF': 0.013819707888132129, 'EFK': 0.009666111850481008}"
1040,2022-12-27,138971.21452109434,-4.3655745685100555e-11,"{'DNP': 0.08316351043557095, 'LPP': 0.0560912173425299, 'ACP': 0.022112342113455308, 'SFG': 0.15036990256087418, 'NTU': 0.11716035833467199, 'FFI': 0.0946142882419256, 'PBF': 0.08010243486271902, 'IZB': 0.07271118655840618, 'EQU': 0.0519696270742628, 'BST': 0.04662612011463512, 'PBG': 0.04536984402730836, 'SKL': 0.035778489026989935, 'FMG': 0.030115510437084346, 'CPI': 0.026817705621648796, 'YAN': 0.024162125570919388, 'TRI': 0.023010245433345945, 'SPH': 0.016339272505039203, 'RAF': 0.013819707888132129, 'EFK': 0.009666111850481008}"
1041,2022-12-28,137368.99022337992,-4.3655745685100555e-11,"{'DNP': 0.08316351043557095, 'LPP': 0.0560912173425299, 'ACP': 0.022112342113455308, 'SFG': 0.15036990256087418, 'NTU': 0.11716035833467199, 'FFI': 0.0946142882419256, 'PBF': 0.08010243486271902, 'IZB': 0.07271118655840618, 'EQU': 0.0519696270742628, 'BST': 0.04662612011463512, 'PBG': 0.04536984402730836, 'SKL': 0.035778489026989935, 'FMG': 0.030115510437084346, 'CPI': 0.026817705621648796, 'YAN': 0.024162125570919388, 'TRI': 0.023010245433345945, 'SPH': 0.016339272505039203, 'RAF': 0.013819707888132129, 'EFK': 0.009666111850481008}"
1042,2022-12-29,139181.31440929527,-4.3655745685100555e-11,"{'DNP': 0.08316351043557095, 'LPP': 0.0560912173425299, 'ACP': 0.022112342113455308, 'SFG': 0.15036990256087418, 'NTU': 0.11716035833467199, 'FFI': 0.0946142882419256, 'PBF': 0.08010243486271902, 'IZB': 0.07271118655840618, 'EQU': 0.0519696270742628, 'BST': 0.04662612011463512, 'PBG': 0.04536984402730836, 'SKL': 0.035778489026989935, 'FMG': 0.030115510437084346, 'CPI': 0.026817705621648796, 'YAN': 0.024162125570919388, 'TRI': 0.023010245433345945, 'SPH': 0.016339272505039203, 'RAF': 0.013819707888132129, 'EFK': 0.009666111850481008}"
1043,2022-12-30,139670.72661548632,-4.3655745685100555e-11,"{'DNP': 0.08316351043557095, 'LPP': 0.0560912173425299, 'ACP': 0.022112342113455308, 'SFG': 0.15036990256087418, 'NTU': 0.11716035833467199, 'FFI': 0.0946142882419256, 'PBF': 0.08010243486271902, 'IZB': 0.07271118655840618, 'EQU': 0.0519696270742628, 'BST': 0.04662612011463512, 'PBG': 0.04536984402730836, 'SKL': 0.035778489026989935, 'FMG': 0.030115510437084346, 'CPI': 0.026817705621648796, 'YAN': 0.024162125570919388, 'TRI': 0.023010245433345945, 'SPH': 0.016339272505039203, 'RAF': 0.013819707888132129, 'EFK': 0.009666111850481008}"
