,date,nav,cash,weights
0,2019-01-01,100000.0,-2.9103830456733704e-11,"{'PKO': 0.16458196181698487, 'PKN': 0.15832784726793944, 'PZU': 0.12585034013605442, 'PEO': 0.08953258722843976, 'KGH': 0.06583278472679395, 'SPL': 0.06495501426377003, 'LPP': 0.05584814570989686, 'PGE': 0.05102040816326531, 'CDR': 0.05069124423963134, 'CPS': 0.032916392363396975, 'CCC': 0.028198376124643404, 'MBK': 0.027978933508887423, 'ALR': 0.024577572964669742, 'JSW': 0.020517884573184115, 'OPL': 0.017006802721088437, 'TPE': 0.01217906517445688, 'ENG': 0.009984639016897081}"
1,2019-01-02,101194.93143319883,-2.9103830456733704e-11,"{'PKO': 0.16458196181698487, 'PKN': 0.15832784726793944, 'PZU': 0.12585034013605442, 'PEO': 0.08953258722843976, 'KGH': 0.06583278472679395, 'SPL': 0.06495501426377003, 'LPP': 0.05584814570989686, 'PGE': 0.05102040816326531, 'CDR': 0.05069124423963134, 'CPS': 0.032916392363396975, 'CCC': 0.028198376124643404, 'MBK': 0.027978933508887423, 'ALR': 0.024577572964669742, 'JSW': 0.020517884573184115, 'OPL': 0.017006802721088437, 'TPE': 0.01217906517445688, 'ENG': 0.009984639016897081}"
2,2019-01-03,98607.84164374163,-2.9103830456733704e-11,"{'PKO': 0.16458196181698487, 'PKN': 0.15832784726793944, 'PZU': 0.12585034013605442, 'PEO': 0.08953258722843976, 'KGH': 0.06583278472679395, 'SPL': 0.06495501426377003, 'LPP': 0.05584814570989686, 'PGE': 0.05102040816326531, 'CDR': 0.05069124423963134, 'CPS': 0.032916392363396975, 'CCC': 0.028198376124643404, 'MBK': 0.027978933508887423, 'ALR': 0.024577572964669742, 'JSW': 0.020517884573184115, 'OPL': 0.017006802721088437, 'TPE': 0.01217906517445688, 'ENG': 0.009984639016897081}"
3,2019-01-04,100410.7835581436,-2.9103830456733704e-11,"{'PKO': 0.16458196181698487, 'PKN': 0.15832784726793944, 'PZU': 0.12585034013605442, 'PEO': 0.08953258722843976, 'KGH': 0.06583278472679395, 'SPL': 0.06495501426377003, 'LPP': 0.05584814570989686, 'PGE': 0.05102040816326531, 'CDR': 0.05069124423963134, 'CPS': 0.032916392363396975, 'CCC': 0.028198376124643404, 'MBK': 0.027978933508887423, 'ALR': 0.024577572964669742, 'JSW': 0.020517884573184115, 'OPL': 0.017006802721088437, 'TPE': 0.01217906517445688, 'ENG': 0.009984639016897081}"
4,2019-01-07,102249.31906070784,-2.9103830456733704e-11,"{'PKO': 0.16458196181698487, 'PKN': 0.15832784726793944, 'PZU': 0.12585034013605442, 'PEO': 0.08953258722843976, 'KGH': 0.06583278472679395, 'SPL': 0.06495501426377003, 'LPP': 0.05584814570989686, 'PGE': 0.05102040816326531, 'CDR': 0.05069124423963134, 'CPS': 0.032916392363396975, 'CCC': 0.028198376124643404, 'MBK': 0.027978933508887423, 'ALR': 0.024577572964669742, 'JSW': 0.020517884573184115, 'OPL': 0.017006802721088437, 'TPE': 0.01217906517445688, 'ENG': 0.009984639016897081}"
5,2019-01-08,101980.46423233258,-2.9103830456733704e-11,"{'PKO': 0.16458196181698487, 'PKN': 0.15832784726793944, 'PZU': 0.12585034013605442, 'PEO': 0.08953258722843976, 'KGH': 0.06583278472679395, 'SPL': 0.06495501426377003, 'LPP': 0.05584814570989686, 'PGE': 0.05102040816326531, 'CDR': 0.05069124423963134, 'CPS': 0.032916392363396975, 'CCC': 0.028198376124643404, 'MBK': 0.027978933508887423, 'ALR': 0.024577572964669742, 'JSW': 0.020517884573184115, 'OPL': 0.017006802721088437, 'TPE': 0.01217906517445688, 'ENG': 0.009984639016897081}"
6,2019-01-09,102558.48861721907,-2.9103830456733704e-11,"{'PKO': 0.16458196181698487, 'PKN': 0.15832784726793944, 'PZU': 0.12585034013605442, 'PEO': 0.08953258722843976, 'KGH': 0.06583278472679395, 'SPL': 0.06495501426377003, 'LPP': 0.05584814570989686, 'PGE': 0.05102040816326531, 'CDR': 0.05069124423963134, 'CPS': 0.032916392363396975, 'CCC': 0.028198376124643404, 'MBK': 0.027978933508887423, 'ALR': 0.024577572964669742, 'JSW': 0.020517884573184115, 'OPL': 0.017006802721088437, 'TPE': 0.01217906517445688, 'ENG': 0.009984639016897081}"
7,2019-01-10,102223.89307663948,-2.9103830456733704e-11,"{'PKO': 0.16458196181698487, 'PKN': 0.15832784726793944, 'PZU': 0.12585034013605442, 'PEO': 0.08953258722843976, 'KGH': 0.06583278472679395, 'SPL': 0.06495501426377003, 'LPP': 0.05584814570989686, 'PGE': 0.05102040816326531, 'CDR': 0.05069124423963134, 'CPS': 0.032916392363396975, 'CCC': 0.028198376124643404, 'MBK': 0.027978933508887423, 'ALR': 0.024577572964669742, 'JSW': 0.020517884573184115, 'OPL': 0.017006802721088437, 'TPE': 0.01217906517445688, 'ENG': 0.009984639016897081}"
8,2019-01-11,102273.57953328367,-2.9103830456733704e-11,"{'PKO': 0.16458196181698487, 'PKN': 0.15832784726793944, 'PZU': 0.12585034013605442, 'PEO': 0.08953258722843976, 'KGH': 0.06583278472679395, 'SPL': 0.06495501426377003, 'LPP': 0.05584814570989686, 'PGE': 0.05102040816326531, 'CDR': 0.05069124423963134, 'CPS': 0.032916392363396975, 'CCC': 0.028198376124643404, 'MBK': 0.027978933508887423, 'ALR': 0.024577572964669742, 'JSW': 0.020517884573184115, 'OPL': 0.017006802721088437, 'TPE': 0.01217906517445688, 'ENG': 0.009984639016897081}"
9,2019-01-14,101869.86751651816,-2.9103830456733704e-11,"{'PKO': 0.16458196181698487, 'PKN': 0.15832784726793944, 'PZU': 0.12585034013605442, 'PEO': 0.08953258722843976, 'KGH': 0.06583278472679395, 'SPL': 0.06495501426377003, 'LPP': 0.05584814570989686, 'PGE': 0.05102040816326531, 'CDR': 0.05069124423963134, 'CPS': 0.032916392363396975, 'CCC': 0.028198376124643404, 'MBK': 0.027978933508887423, 'ALR': 0.024577572964669742, 'JSW': 0.020517884573184115, 'OPL': 0.017006802721088437, 'TPE': 0.01217906517445688, 'ENG': 0.009984639016897081}"
10,2019-01-15,102639.96150690141,-2.9103830456733704e-11,"{'PKO': 0.16458196181698487, 'PKN': 0.15832784726793944, 'PZU': 0.12585034013605442, 'PEO': 0.08953258722843976, 'KGH': 0.06583278472679395, 'SPL': 0.06495501426377003, 'LPP': 0.05584814570989686, 'PGE': 0.05102040816326531, 'CDR': 0.05069124423963134, 'CPS': 0.032916392363396975, 'CCC': 0.028198376124643404, 'MBK': 0.027978933508887423, 'ALR': 0.024577572964669742, 'JSW': 0.020517884573184115, 'OPL': 0.017006802721088437, 'TPE': 0.01217906517445688, 'ENG': 0.009984639016897081}"
11,2019-01-16,103275.88130406098,-2.9103830456733704e-11,"{'PKO': 0.16458196181698487, 'PKN': 0.15832784726793944, 'PZU': 0.12585034013605442, 'PEO': 0.08953258722843976, 'KGH': 0.06583278472679395, 'SPL': 0.06495501426377003, 'LPP': 0.05584814570989686, 'PGE': 0.05102040816326531, 'CDR': 0.05069124423963134, 'CPS': 0.032916392363396975, 'CCC': 0.028198376124643404, 'MBK': 0.027978933508887423, 'ALR': 0.024577572964669742, 'JSW': 0.020517884573184115, 'OPL': 0.017006802721088437, 'TPE': 0.01217906517445688, 'ENG': 0.009984639016897081}"
12,2019-01-17,103112.13832720953,-2.9103830456733704e-11,"{'PKO': 0.16458196181698487, 'PKN': 0.15832784726793944, 'PZU': 0.12585034013605442, 'PEO': 0.08953258722843976, 'KGH': 0.06583278472679395, 'SPL': 0.06495501426377003, 'LPP': 0.05584814570989686, 'PGE': 0.05102040816326531, 'CDR': 0.05069124423963134, 'CPS': 0.032916392363396975, 'CCC': 0.028198376124643404, 'MBK': 0.027978933508887423, 'ALR': 0.024577572964669742, 'JSW': 0.020517884573184115, 'OPL': 0.017006802721088437, 'TPE': 0.01217906517445688, 'ENG': 0.009984639016897081}"
13,2019-01-18,103981.9190171508,-2.9103830456733704e-11,"{'PKO': 0.16458196181698487, 'PKN': 0.15832784726793944, 'PZU': 0.12585034013605442, 'PEO': 0.08953258722843976, 'KGH': 0.06583278472679395, 'SPL': 0.06495501426377003, 'LPP': 0.05584814570989686, 'PGE': 0.05102040816326531, 'CDR': 0.05069124423963134, 'CPS': 0.032916392363396975, 'CCC': 0.028198376124643404, 'MBK': 0.027978933508887423, 'ALR': 0.024577572964669742, 'JSW': 0.020517884573184115, 'OPL': 0.017006802721088437, 'TPE': 0.01217906517445688, 'ENG': 0.009984639016897081}"
14,2019-01-21,103174.6750557872,-2.9103830456733704e-11,"{'PKO': 0.16458196181698487, 'PKN': 0.15832784726793944, 'PZU': 0.12585034013605442, 'PEO': 0.08953258722843976, 'KGH': 0.06583278472679395, 'SPL': 0.06495501426377003, 'LPP': 0.05584814570989686, 'PGE': 0.05102040816326531, 'CDR': 0.05069124423963134, 'CPS': 0.032916392363396975, 'CCC': 0.028198376124643404, 'MBK': 0.027978933508887423, 'ALR': 0.024577572964669742, 'JSW': 0.020517884573184115, 'OPL': 0.017006802721088437, 'TPE': 0.01217906517445688, 'ENG': 0.009984639016897081}"
15,2019-01-22,103182.54954656928,-2.9103830456733704e-11,"{'PKO': 0.16458196181698487, 'PKN': 0.15832784726793944, 'PZU': 0.12585034013605442, 'PEO': 0.08953258722843976, 'KGH': 0.06583278472679395, 'SPL': 0.06495501426377003, 'LPP': 0.05584814570989686, 'PGE': 0.05102040816326531, 'CDR': 0.05069124423963134, 'CPS': 0.032916392363396975, 'CCC': 0.028198376124643404, 'MBK': 0.027978933508887423, 'ALR': 0.024577572964669742, 'JSW': 0.020517884573184115, 'OPL': 0.017006802721088437, 'TPE': 0.01217906517445688, 'ENG': 0.009984639016897081}"
16,2019-01-23,105312.54558962771,-2.9103830456733704e-11,"{'PKO': 0.16458196181698487, 'PKN': 0.15832784726793944, 'PZU': 0.12585034013605442, 'PEO': 0.08953258722843976, 'KGH': 0.06583278472679395, 'SPL': 0.06495501426377003, 'LPP': 0.05584814570989686, 'PGE': 0.05102040816326531, 'CDR': 0.05069124423963134, 'CPS': 0.032916392363396975, 'CCC': 0.028198376124643404, 'MBK': 0.027978933508887423, 'ALR': 0.024577572964669742, 'JSW': 0.020517884573184115, 'OPL': 0.017006802721088437, 'TPE': 0.01217906517445688, 'ENG': 0.009984639016897081}"
17,2019-01-24,105347.1331149801,-2.9103830456733704e-11,"{'PKO': 0.16458196181698487, 'PKN': 0.15832784726793944, 'PZU': 0.12585034013605442, 'PEO': 0.08953258722843976, 'KGH': 0.06583278472679395, 'SPL': 0.06495501426377003, 'LPP': 0.05584814570989686, 'PGE': 0.05102040816326531, 'CDR': 0.05069124423963134, 'CPS': 0.032916392363396975, 'CCC': 0.028198376124643404, 'MBK': 0.027978933508887423, 'ALR': 0.024577572964669742, 'JSW': 0.020517884573184115, 'OPL': 0.017006802721088437, 'TPE': 0.01217906517445688, 'ENG': 0.009984639016897081}"
18,2019-01-25,105027.56785588745,-2.9103830456733704e-11,"{'PKO': 0.16458196181698487, 'PKN': 0.15832784726793944, 'PZU': 0.12585034013605442, 'PEO': 0.08953258722843976, 'KGH': 0.06583278472679395, 'SPL': 0.06495501426377003, 'LPP': 0.05584814570989686, 'PGE': 0.05102040816326531, 'CDR': 0.05069124423963134, 'CPS': 0.032916392363396975, 'CCC': 0.028198376124643404, 'MBK': 0.027978933508887423, 'ALR': 0.024577572964669742, 'JSW': 0.020517884573184115, 'OPL': 0.017006802721088437, 'TPE': 0.01217906517445688, 'ENG': 0.009984639016897081}"
19,2019-01-28,103897.26030100536,-2.9103830456733704e-11,"{'PKO': 0.16458196181698487, 'PKN': 0.15832784726793944, 'PZU': 0.12585034013605442, 'PEO': 0.08953258722843976, 'KGH': 0.06583278472679395, 'SPL': 0.06495501426377003, 'LPP': 0.05584814570989686, 'PGE': 0.05102040816326531, 'CDR': 0.05069124423963134, 'CPS': 0.032916392363396975, 'CCC': 0.028198376124643404, 'MBK': 0.027978933508887423, 'ALR': 0.024577572964669742, 'JSW': 0.020517884573184115, 'OPL': 0.017006802721088437, 'TPE': 0.01217906517445688, 'ENG': 0.009984639016897081}"
20,2019-01-29,104145.93337395857,-2.9103830456733704e-11,"{'PKO': 0.16458196181698487, 'PKN': 0.15832784726793944, 'PZU': 0.12585034013605442, 'PEO': 0.08953258722843976, 'KGH': 0.06583278472679395, 'SPL': 0.06495501426377003, 'LPP': 0.05584814570989686, 'PGE': 0.05102040816326531, 'CDR': 0.05069124423963134, 'CPS': 0.032916392363396975, 'CCC': 0.028198376124643404, 'MBK': 0.027978933508887423, 'ALR': 0.024577572964669742, 'JSW': 0.020517884573184115, 'OPL': 0.017006802721088437, 'TPE': 0.01217906517445688, 'ENG': 0.009984639016897081}"
21,2019-01-30,103346.07813669964,-2.9103830456733704e-11,"{'PKO': 0.16458196181698487, 'PKN': 0.15832784726793944, 'PZU': 0.12585034013605442, 'PEO': 0.08953258722843976, 'KGH': 0.06583278472679395, 'SPL': 0.06495501426377003, 'LPP': 0.05584814570989686, 'PGE': 0.05102040816326531, 'CDR': 0.05069124423963134, 'CPS': 0.032916392363396975, 'CCC': 0.028198376124643404, 'MBK': 0.027978933508887423, 'ALR': 0.024577572964669742, 'JSW': 0.020517884573184115, 'OPL': 0.017006802721088437, 'TPE': 0.01217906517445688, 'ENG': 0.009984639016897081}"
22,2019-01-31,104275.90916398076,-2.9103830456733704e-11,"{'PKO': 0.16458196181698487, 'PKN': 0.15832784726793944, 'PZU': 0.12585034013605442, 'PEO': 0.08953258722843976, 'KGH': 0.06583278472679395, 'SPL': 0.06495501426377003, 'LPP': 0.05584814570989686, 'PGE': 0.05102040816326531, 'CDR': 0.05069124423963134, 'CPS': 0.032916392363396975, 'CCC': 0.028198376124643404, 'MBK': 0.027978933508887423, 'ALR': 0.024577572964669742, 'JSW': 0.020517884573184115, 'OPL': 0.017006802721088437, 'TPE': 0.01217906517445688, 'ENG': 0.009984639016897081}"
23,2019-02-01,105000.6632709511,-2.9103830456733704e-11,"{'PKO': 0.16458196181698487, 'PKN': 0.15832784726793944, 'PZU': 0.12585034013605442, 'PEO': 0.08953258722843976, 'KGH': 0.06583278472679395, 'SPL': 0.06495501426377003, 'LPP': 0.05584814570989686, 'PGE': 0.05102040816326531, 'CDR': 0.05069124423963134, 'CPS': 0.032916392363396975, 'CCC': 0.028198376124643404, 'MBK': 0.027978933508887423, 'ALR': 0.024577572964669742, 'JSW': 0.020517884573184115, 'OPL': 0.017006802721088437, 'TPE': 0.01217906517445688, 'ENG': 0.009984639016897081}"
24,2019-02-04,104952.16924211872,-2.9103830456733704e-11,"{'PKO': 0.16458196181698487, 'PKN': 0.15832784726793944, 'PZU': 0.12585034013605442, 'PEO': 0.08953258722843976, 'KGH': 0.06583278472679395, 'SPL': 0.06495501426377003, 'LPP': 0.05584814570989686, 'PGE': 0.05102040816326531, 'CDR': 0.05069124423963134, 'CPS': 0.032916392363396975, 'CCC': 0.028198376124643404, 'MBK': 0.027978933508887423, 'ALR': 0.024577572964669742, 'JSW': 0.020517884573184115, 'OPL': 0.017006802721088437, 'TPE': 0.01217906517445688, 'ENG': 0.009984639016897081}"
25,2019-02-05,105764.7466970626,-2.9103830456733704e-11,"{'PKO': 0.16458196181698487, 'PKN': 0.15832784726793944, 'PZU': 0.12585034013605442, 'PEO': 0.08953258722843976, 'KGH': 0.06583278472679395, 'SPL': 0.06495501426377003, 'LPP': 0.05584814570989686, 'PGE': 0.05102040816326531, 'CDR': 0.05069124423963134, 'CPS': 0.032916392363396975, 'CCC': 0.028198376124643404, 'MBK': 0.027978933508887423, 'ALR': 0.024577572964669742, 'JSW': 0.020517884573184115, 'OPL': 0.017006802721088437, 'TPE': 0.01217906517445688, 'ENG': 0.009984639016897081}"
26,2019-02-06,105966.13609015434,-2.9103830456733704e-11,"{'PKO': 0.16458196181698487, 'PKN': 0.15832784726793944, 'PZU': 0.12585034013605442, 'PEO': 0.08953258722843976, 'KGH': 0.06583278472679395, 'SPL': 0.06495501426377003, 'LPP': 0.05584814570989686, 'PGE': 0.05102040816326531, 'CDR': 0.05069124423963134, 'CPS': 0.032916392363396975, 'CCC': 0.028198376124643404, 'MBK': 0.027978933508887423, 'ALR': 0.024577572964669742, 'JSW': 0.020517884573184115, 'OPL': 0.017006802721088437, 'TPE': 0.01217906517445688, 'ENG': 0.009984639016897081}"
27,2019-02-07,104172.29485700415,-2.9103830456733704e-11,"{'PKO': 0.16458196181698487, 'PKN': 0.15832784726793944, 'PZU': 0.12585034013605442, 'PEO': 0.08953258722843976, 'KGH': 0.06583278472679395, 'SPL': 0.06495501426377003, 'LPP': 0.05584814570989686, 'PGE': 0.05102040816326531, 'CDR': 0.05069124423963134, 'CPS': 0.032916392363396975, 'CCC': 0.028198376124643404, 'MBK': 0.027978933508887423, 'ALR': 0.024577572964669742, 'JSW': 0.020517884573184115, 'OPL': 0.017006802721088437, 'TPE': 0.01217906517445688, 'ENG': 0.009984639016897081}"
28,2019-02-08,103434.152506937,-2.9103830456733704e-11,"{'PKO': 0.16458196181698487, 'PKN': 0.15832784726793944, 'PZU': 0.12585034013605442, 'PEO': 0.08953258722843976, 'KGH': 0.06583278472679395, 'SPL': 0.06495501426377003, 'LPP': 0.05584814570989686, 'PGE': 0.05102040816326531, 'CDR': 0.05069124423963134, 'CPS': 0.032916392363396975, 'CCC': 0.028198376124643404, 'MBK': 0.027978933508887423, 'ALR': 0.024577572964669742, 'JSW': 0.020517884573184115, 'OPL': 0.017006802721088437, 'TPE': 0.01217906517445688, 'ENG': 0.009984639016897081}"
29,2019-02-11,103486.85326775804,-2.9103830456733704e-11,"{'PKO': 0.16458196181698487, 'PKN': 0.15832784726793944, 'PZU': 0.12585034013605442, 'PEO': 0.08953258722843976, 'KGH': 0.06583278472679395, 'SPL': 0.06495501426377003, 'LPP': 0.05584814570989686, 'PGE': 0.05102040816326531, 'CDR': 0.05069124423963134, 'CPS': 0.032916392363396975, 'CCC': 0.028198376124643404, 'MBK': 0.027978933508887423, 'ALR': 0.024577572964669742, 'JSW': 0.020517884573184115, 'OPL': 0.017006802721088437, 'TPE': 0.01217906517445688, 'ENG': 0.009984639016897081}"
30,2019-02-12,104183.56354333155,-2.9103830456733704e-11,"{'PKO': 0.16458196181698487, 'PKN': 0.15832784726793944, 'PZU': 0.12585034013605442, 'PEO': 0.08953258722843976, 'KGH': 0.06583278472679395, 'SPL': 0.06495501426377003, 'LPP': 0.05584814570989686, 'PGE': 0.05102040816326531, 'CDR': 0.05069124423963134, 'CPS': 0.032916392363396975, 'CCC': 0.028198376124643404, 'MBK': 0.027978933508887423, 'ALR': 0.024577572964669742, 'JSW': 0.020517884573184115, 'OPL': 0.017006802721088437, 'TPE': 0.01217906517445688, 'ENG': 0.009984639016897081}"
31,2019-02-13,102995.13720782015,-2.9103830456733704e-11,"{'PKO': 0.16458196181698487, 'PKN': 0.15832784726793944, 'PZU': 0.12585034013605442, 'PEO': 0.08953258722843976, 'KGH': 0.06583278472679395, 'SPL': 0.06495501426377003, 'LPP': 0.05584814570989686, 'PGE': 0.05102040816326531, 'CDR': 0.05069124423963134, 'CPS': 0.032916392363396975, 'CCC': 0.028198376124643404, 'MBK': 0.027978933508887423, 'ALR': 0.024577572964669742, 'JSW': 0.020517884573184115, 'OPL': 0.017006802721088437, 'TPE': 0.01217906517445688, 'ENG': 0.009984639016897081}"
32,2019-02-14,102023.93011917325,-2.9103830456733704e-11,"{'PKO': 0.16458196181698487, 'PKN': 0.15832784726793944, 'PZU': 0.12585034013605442, 'PEO': 0.08953258722843976, 'KGH': 0.06583278472679395, 'SPL': 0.06495501426377003, 'LPP': 0.05584814570989686, 'PGE': 0.05102040816326531, 'CDR': 0.05069124423963134, 'CPS': 0.032916392363396975, 'CCC': 0.028198376124643404, 'MBK': 0.027978933508887423, 'ALR': 0.024577572964669742, 'JSW': 0.020517884573184115, 'OPL': 0.017006802721088437, 'TPE': 0.01217906517445688, 'ENG': 0.009984639016897081}"
33,2019-02-15,102904.9781012602,-2.9103830456733704e-11,"{'PKO': 0.16458196181698487, 'PKN': 0.15832784726793944, 'PZU': 0.12585034013605442, 'PEO': 0.08953258722843976, 'KGH': 0.06583278472679395, 'SPL': 0.06495501426377003, 'LPP': 0.05584814570989686, 'PGE': 0.05102040816326531, 'CDR': 0.05069124423963134, 'CPS': 0.032916392363396975, 'CCC': 0.028198376124643404, 'MBK': 0.027978933508887423, 'ALR': 0.024577572964669742, 'JSW': 0.020517884573184115, 'OPL': 0.017006802721088437, 'TPE': 0.01217906517445688, 'ENG': 0.009984639016897081}"
34,2019-02-18,102279.08702711588,-2.9103830456733704e-11,"{'PKO': 0.16458196181698487, 'PKN': 0.15832784726793944, 'PZU': 0.12585034013605442, 'PEO': 0.08953258722843976, 'KGH': 0.06583278472679395, 'SPL': 0.06495501426377003, 'LPP': 0.05584814570989686, 'PGE': 0.05102040816326531, 'CDR': 0.05069124423963134, 'CPS': 0.032916392363396975, 'CCC': 0.028198376124643404, 'MBK': 0.027978933508887423, 'ALR': 0.024577572964669742, 'JSW': 0.020517884573184115, 'OPL': 0.017006802721088437, 'TPE': 0.01217906517445688, 'ENG': 0.009984639016897081}"
35,2019-02-19,102122.90150608776,-2.9103830456733704e-11,"{'PKO': 0.16458196181698487, 'PKN': 0.15832784726793944, 'PZU': 0.12585034013605442, 'PEO': 0.08953258722843976, 'KGH': 0.06583278472679395, 'SPL': 0.06495501426377003, 'LPP': 0.05584814570989686, 'PGE': 0.05102040816326531, 'CDR': 0.05069124423963134, 'CPS': 0.032916392363396975, 'CCC': 0.028198376124643404, 'MBK': 0.027978933508887423, 'ALR': 0.024577572964669742, 'JSW': 0.020517884573184115, 'OPL': 0.017006802721088437, 'TPE': 0.01217906517445688, 'ENG': 0.009984639016897081}"
36,2019-02-20,104118.7271629774,-2.9103830456733704e-11,"{'PKO': 0.16458196181698487, 'PKN': 0.15832784726793944, 'PZU': 0.12585034013605442, 'PEO': 0.08953258722843976, 'KGH': 0.06583278472679395, 'SPL': 0.06495501426377003, 'LPP': 0.05584814570989686, 'PGE': 0.05102040816326531, 'CDR': 0.05069124423963134, 'CPS': 0.032916392363396975, 'CCC': 0.028198376124643404, 'MBK': 0.027978933508887423, 'ALR': 0.024577572964669742, 'JSW': 0.020517884573184115, 'OPL': 0.017006802721088437, 'TPE': 0.01217906517445688, 'ENG': 0.009984639016897081}"
37,2019-02-21,102892.26062403551,-2.9103830456733704e-11,"{'PKO': 0.16458196181698487, 'PKN': 0.15832784726793944, 'PZU': 0.12585034013605442, 'PEO': 0.08953258722843976, 'KGH': 0.06583278472679395, 'SPL': 0.06495501426377003, 'LPP': 0.05584814570989686, 'PGE': 0.05102040816326531, 'CDR': 0.05069124423963134, 'CPS': 0.032916392363396975, 'CCC': 0.028198376124643404, 'MBK': 0.027978933508887423, 'ALR': 0.024577572964669742, 'JSW': 0.020517884573184115, 'OPL': 0.017006802721088437, 'TPE': 0.01217906517445688, 'ENG': 0.009984639016897081}"
38,2019-02-22,103537.84766434776,-2.9103830456733704e-11,"{'PKO': 0.16458196181698487, 'PKN': 0.15832784726793944, 'PZU': 0.12585034013605442, 'PEO': 0.08953258722843976, 'KGH': 0.06583278472679395, 'SPL': 0.06495501426377003, 'LPP': 0.05584814570989686, 'PGE': 0.05102040816326531, 'CDR': 0.05069124423963134, 'CPS': 0.032916392363396975, 'CCC': 0.028198376124643404, 'MBK': 0.027978933508887423, 'ALR': 0.024577572964669742, 'JSW': 0.020517884573184115, 'OPL': 0.017006802721088437, 'TPE': 0.01217906517445688, 'ENG': 0.009984639016897081}"
39,2019-02-25,104221.13095401246,-2.9103830456733704e-11,"{'PKO': 0.16458196181698487, 'PKN': 0.15832784726793944, 'PZU': 0.12585034013605442, 'PEO': 0.08953258722843976, 'KGH': 0.06583278472679395, 'SPL': 0.06495501426377003, 'LPP': 0.05584814570989686, 'PGE': 0.05102040816326531, 'CDR': 0.05069124423963134, 'CPS': 0.032916392363396975, 'CCC': 0.028198376124643404, 'MBK': 0.027978933508887423, 'ALR': 0.024577572964669742, 'JSW': 0.020517884573184115, 'OPL': 0.017006802721088437, 'TPE': 0.01217906517445688, 'ENG': 0.009984639016897081}"
40,2019-02-26,103839.32397775036,-2.9103830456733704e-11,"{'PKO': 0.16458196181698487, 'PKN': 0.15832784726793944, 'PZU': 0.12585034013605442, 'PEO': 0.08953258722843976, 'KGH': 0.06583278472679395, 'SPL': 0.06495501426377003, 'LPP': 0.05584814570989686, 'PGE': 0.05102040816326531, 'CDR': 0.05069124423963134, 'CPS': 0.032916392363396975, 'CCC': 0.028198376124643404, 'MBK': 0.027978933508887423, 'ALR': 0.024577572964669742, 'JSW': 0.020517884573184115, 'OPL': 0.017006802721088437, 'TPE': 0.01217906517445688, 'ENG': 0.009984639016897081}"
41,2019-02-27,102573.82935813275,-2.9103830456733704e-11,"{'PKO': 0.16458196181698487, 'PKN': 0.15832784726793944, 'PZU': 0.12585034013605442, 'PEO': 0.08953258722843976, 'KGH': 0.06583278472679395, 'SPL': 0.06495501426377003, 'LPP': 0.05584814570989686, 'PGE': 0.05102040816326531, 'CDR': 0.05069124423963134, 'CPS': 0.032916392363396975, 'CCC': 0.028198376124643404, 'MBK': 0.027978933508887423, 'ALR': 0.024577572964669742, 'JSW': 0.020517884573184115, 'OPL': 0.017006802721088437, 'TPE': 0.01217906517445688, 'ENG': 0.009984639016897081}"
42,2019-02-28,102459.14048374312,-2.9103830456733704e-11,"{'PKO': 0.16458196181698487, 'PKN': 0.15832784726793944, 'PZU': 0.12585034013605442, 'PEO': 0.08953258722843976, 'KGH': 0.06583278472679395, 'SPL': 0.06495501426377003, 'LPP': 0.05584814570989686, 'PGE': 0.05102040816326531, 'CDR': 0.05069124423963134, 'CPS': 0.032916392363396975, 'CCC': 0.028198376124643404, 'MBK': 0.027978933508887423, 'ALR': 0.024577572964669742, 'JSW': 0.020517884573184115, 'OPL': 0.017006802721088437, 'TPE': 0.01217906517445688, 'ENG': 0.009984639016897081}"
43,2019-03-01,102563.42668530442,-2.9103830456733704e-11,"{'PKO': 0.16458196181698487, 'PKN': 0.15832784726793944, 'PZU': 0.12585034013605442, 'PEO': 0.08953258722843976, 'KGH': 0.06583278472679395, 'SPL': 0.06495501426377003, 'LPP': 0.05584814570989686, 'PGE': 0.05102040816326531, 'CDR': 0.05069124423963134, 'CPS': 0.032916392363396975, 'CCC': 0.028198376124643404, 'MBK': 0.027978933508887423, 'ALR': 0.024577572964669742, 'JSW': 0.020517884573184115, 'OPL': 0.017006802721088437, 'TPE': 0.01217906517445688, 'ENG': 0.009984639016897081}"
44,2019-03-04,102495.71141814518,-2.9103830456733704e-11,"{'PKO': 0.16458196181698487, 'PKN': 0.15832784726793944, 'PZU': 0.12585034013605442, 'PEO': 0.08953258722843976, 'KGH': 0.06583278472679395, 'SPL': 0.06495501426377003, 'LPP': 0.05584814570989686, 'PGE': 0.05102040816326531, 'CDR': 0.05069124423963134, 'CPS': 0.032916392363396975, 'CCC': 0.028198376124643404, 'MBK': 0.027978933508887423, 'ALR': 0.024577572964669742, 'JSW': 0.020517884573184115, 'OPL': 0.017006802721088437, 'TPE': 0.01217906517445688, 'ENG': 0.009984639016897081}"
45,2019-03-05,102005.34844779047,1.4551915228366852e-11,"{'PZU': 0.11606869216610764, 'PEO': 0.08982541838249503, 'PGE': 0.054719019521982014, 'CDR': 0.06402946947076311, 'CPS': 0.03550247677841802, 'CCC': 0.026870426822309047, 'JSW': 0.016860926882828697, 'PTW': 0.1558283941426414, 'BIP': 0.14552788429788086, 'EHG': 0.07377608799573396, 'IZO': 0.0670915665341774, 'BST': 0.055796371410995436, 'CSR': 0.028310377273343474, 'JWW': 0.02801083119106774, 'MBR': 0.01896976143811074, 'EKP': 0.012375784921600701, 'MOJ': 0.010436510769544579}"
46,2019-03-06,101472.83213514819,1.4551915228366852e-11,"{'PZU': 0.11606869216610764, 'PEO': 0.08982541838249503, 'PGE': 0.054719019521982014, 'CDR': 0.06402946947076311, 'CPS': 0.03550247677841802, 'CCC': 0.026870426822309047, 'JSW': 0.016860926882828697, 'PTW': 0.1558283941426414, 'BIP': 0.14552788429788086, 'EHG': 0.07377608799573396, 'IZO': 0.0670915665341774, 'BST': 0.055796371410995436, 'CSR': 0.028310377273343474, 'JWW': 0.02801083119106774, 'MBR': 0.01896976143811074, 'EKP': 0.012375784921600701, 'MOJ': 0.010436510769544579}"
47,2019-03-07,101110.039154633,1.4551915228366852e-11,"{'PZU': 0.11606869216610764, 'PEO': 0.08982541838249503, 'PGE': 0.054719019521982014, 'CDR': 0.06402946947076311, 'CPS': 0.03550247677841802, 'CCC': 0.026870426822309047, 'JSW': 0.016860926882828697, 'PTW': 0.1558283941426414, 'BIP': 0.14552788429788086, 'EHG': 0.07377608799573396, 'IZO': 0.0670915665341774, 'BST': 0.055796371410995436, 'CSR': 0.028310377273343474, 'JWW': 0.02801083119106774, 'MBR': 0.01896976143811074, 'EKP': 0.012375784921600701, 'MOJ': 0.010436510769544579}"
48,2019-03-08,101295.70622629578,1.4551915228366852e-11,"{'PZU': 0.11606869216610764, 'PEO': 0.08982541838249503, 'PGE': 0.054719019521982014, 'CDR': 0.06402946947076311, 'CPS': 0.03550247677841802, 'CCC': 0.026870426822309047, 'JSW': 0.016860926882828697, 'PTW': 0.1558283941426414, 'BIP': 0.14552788429788086, 'EHG': 0.07377608799573396, 'IZO': 0.0670915665341774, 'BST': 0.055796371410995436, 'CSR': 0.028310377273343474, 'JWW': 0.02801083119106774, 'MBR': 0.01896976143811074, 'EKP': 0.012375784921600701, 'MOJ': 0.010436510769544579}"
49,2019-03-11,100034.40039634825,1.4551915228366852e-11,"{'PZU': 0.11606869216610764, 'PEO': 0.08982541838249503, 'PGE': 0.054719019521982014, 'CDR': 0.06402946947076311, 'CPS': 0.03550247677841802, 'CCC': 0.026870426822309047, 'JSW': 0.016860926882828697, 'PTW': 0.1558283941426414, 'BIP': 0.14552788429788086, 'EHG': 0.07377608799573396, 'IZO': 0.0670915665341774, 'BST': 0.055796371410995436, 'CSR': 0.028310377273343474, 'JWW': 0.02801083119106774, 'MBR': 0.01896976143811074, 'EKP': 0.012375784921600701, 'MOJ': 0.010436510769544579}"
50,2019-03-12,100418.62134108931,1.4551915228366852e-11,"{'PZU': 0.11606869216610764, 'PEO': 0.08982541838249503, 'PGE': 0.054719019521982014, 'CDR': 0.06402946947076311, 'CPS': 0.03550247677841802, 'CCC': 0.026870426822309047, 'JSW': 0.016860926882828697, 'PTW': 0.1558283941426414, 'BIP': 0.14552788429788086, 'EHG': 0.07377608799573396, 'IZO': 0.0670915665341774, 'BST': 0.055796371410995436, 'CSR': 0.028310377273343474, 'JWW': 0.02801083119106774, 'MBR': 0.01896976143811074, 'EKP': 0.012375784921600701, 'MOJ': 0.010436510769544579}"
51,2019-03-13,102826.84438746326,1.4551915228366852e-11,"{'PZU': 0.11606869216610764, 'PEO': 0.08982541838249503, 'PGE': 0.054719019521982014, 'CDR': 0.06402946947076311, 'CPS': 0.03550247677841802, 'CCC': 0.026870426822309047, 'JSW': 0.016860926882828697, 'PTW': 0.1558283941426414, 'BIP': 0.14552788429788086, 'EHG': 0.07377608799573396, 'IZO': 0.0670915665341774, 'BST': 0.055796371410995436, 'CSR': 0.028310377273343474, 'JWW': 0.02801083119106774, 'MBR': 0.01896976143811074, 'EKP': 0.012375784921600701, 'MOJ': 0.010436510769544579}"
52,2019-03-14,105051.19240119836,1.4551915228366852e-11,"{'PZU': 0.11606869216610764, 'PEO': 0.08982541838249503, 'PGE': 0.054719019521982014, 'CDR': 0.06402946947076311, 'CPS': 0.03550247677841802, 'CCC': 0.026870426822309047, 'JSW': 0.016860926882828697, 'PTW': 0.1558283941426414, 'BIP': 0.14552788429788086, 'EHG': 0.07377608799573396, 'IZO': 0.0670915665341774, 'BST': 0.055796371410995436, 'CSR': 0.028310377273343474, 'JWW': 0.02801083119106774, 'MBR': 0.01896976143811074, 'EKP': 0.012375784921600701, 'MOJ': 0.010436510769544579}"
53,2019-03-15,107940.23620147906,-1.4551915228366852e-11,"{'PKO': 0.16635244538094715, 'PKN': 0.15027170899412226, 'PZU': 0.12188089164910729, 'PEO': 0.08883220583342577, 'KGH': 0.06543196184983921, 'SPL': 0.06376843739602973, 'CDR': 0.06177220805145838, 'LPP': 0.050903848286569825, 'PGE': 0.04824220916047467, 'CPS': 0.034490407008983044, 'MBK': 0.02872352223577687, 'ALR': 0.025729178218919825, 'CCC': 0.024509260286126214, 'DNP': 0.022513030941554844, 'OPL': 0.017744260840634362, 'JSW': 0.016635244538094715, 'TPE': 0.012199179327936125}"
54,2019-03-18,108029.41608116006,-1.4551915228366852e-11,"{'PKO': 0.16635244538094715, 'PKN': 0.15027170899412226, 'PZU': 0.12188089164910729, 'PEO': 0.08883220583342577, 'KGH': 0.06543196184983921, 'SPL': 0.06376843739602973, 'CDR': 0.06177220805145838, 'LPP': 0.050903848286569825, 'PGE': 0.04824220916047467, 'CPS': 0.034490407008983044, 'MBK': 0.02872352223577687, 'ALR': 0.025729178218919825, 'CCC': 0.024509260286126214, 'DNP': 0.022513030941554844, 'OPL': 0.017744260840634362, 'JSW': 0.016635244538094715, 'TPE': 0.012199179327936125}"
55,2019-03-19,108543.53113371202,-1.4551915228366852e-11,"{'PKO': 0.16635244538094715, 'PKN': 0.15027170899412226, 'PZU': 0.12188089164910729, 'PEO': 0.08883220583342577, 'KGH': 0.06543196184983921, 'SPL': 0.06376843739602973, 'CDR': 0.06177220805145838, 'LPP': 0.050903848286569825, 'PGE': 0.04824220916047467, 'CPS': 0.034490407008983044, 'MBK': 0.02872352223577687, 'ALR': 0.025729178218919825, 'CCC': 0.024509260286126214, 'DNP': 0.022513030941554844, 'OPL': 0.017744260840634362, 'JSW': 0.016635244538094715, 'TPE': 0.012199179327936125}"
56,2019-03-20,108732.5651218935,-1.4551915228366852e-11,"{'PKO': 0.16635244538094715, 'PKN': 0.15027170899412226, 'PZU': 0.12188089164910729, 'PEO': 0.08883220583342577, 'KGH': 0.06543196184983921, 'SPL': 0.06376843739602973, 'CDR': 0.06177220805145838, 'LPP': 0.050903848286569825, 'PGE': 0.04824220916047467, 'CPS': 0.034490407008983044, 'MBK': 0.02872352223577687, 'ALR': 0.025729178218919825, 'CCC': 0.024509260286126214, 'DNP': 0.022513030941554844, 'OPL': 0.017744260840634362, 'JSW': 0.016635244538094715, 'TPE': 0.012199179327936125}"
57,2019-03-21,108851.77653938615,-1.4551915228366852e-11,"{'PKO': 0.16635244538094715, 'PKN': 0.15027170899412226, 'PZU': 0.12188089164910729, 'PEO': 0.08883220583342577, 'KGH': 0.06543196184983921, 'SPL': 0.06376843739602973, 'CDR': 0.06177220805145838, 'LPP': 0.050903848286569825, 'PGE': 0.04824220916047467, 'CPS': 0.034490407008983044, 'MBK': 0.02872352223577687, 'ALR': 0.025729178218919825, 'CCC': 0.024509260286126214, 'DNP': 0.022513030941554844, 'OPL': 0.017744260840634362, 'JSW': 0.016635244538094715, 'TPE': 0.012199179327936125}"
58,2019-03-22,107028.06673470944,-1.4551915228366852e-11,"{'PKO': 0.16635244538094715, 'PKN': 0.15027170899412226, 'PZU': 0.12188089164910729, 'PEO': 0.08883220583342577, 'KGH': 0.06543196184983921, 'SPL': 0.06376843739602973, 'CDR': 0.06177220805145838, 'LPP': 0.050903848286569825, 'PGE': 0.04824220916047467, 'CPS': 0.034490407008983044, 'MBK': 0.02872352223577687, 'ALR': 0.025729178218919825, 'CCC': 0.024509260286126214, 'DNP': 0.022513030941554844, 'OPL': 0.017744260840634362, 'JSW': 0.016635244538094715, 'TPE': 0.012199179327936125}"
59,2019-03-25,106774.19105532,-1.4551915228366852e-11,"{'PKO': 0.16635244538094715, 'PKN': 0.15027170899412226, 'PZU': 0.12188089164910729, 'PEO': 0.08883220583342577, 'KGH': 0.06543196184983921, 'SPL': 0.06376843739602973, 'CDR': 0.06177220805145838, 'LPP': 0.050903848286569825, 'PGE': 0.04824220916047467, 'CPS': 0.034490407008983044, 'MBK': 0.02872352223577687, 'ALR': 0.025729178218919825, 'CCC': 0.024509260286126214, 'DNP': 0.022513030941554844, 'OPL': 0.017744260840634362, 'JSW': 0.016635244538094715, 'TPE': 0.012199179327936125}"
60,2019-03-26,107359.75260494491,-1.4551915228366852e-11,"{'PKO': 0.16635244538094715, 'PKN': 0.15027170899412226, 'PZU': 0.12188089164910729, 'PEO': 0.08883220583342577, 'KGH': 0.06543196184983921, 'SPL': 0.06376843739602973, 'CDR': 0.06177220805145838, 'LPP': 0.050903848286569825, 'PGE': 0.04824220916047467, 'CPS': 0.034490407008983044, 'MBK': 0.02872352223577687, 'ALR': 0.025729178218919825, 'CCC': 0.024509260286126214, 'DNP': 0.022513030941554844, 'OPL': 0.017744260840634362, 'JSW': 0.016635244538094715, 'TPE': 0.012199179327936125}"
61,2019-03-27,106895.64163038674,-1.4551915228366852e-11,"{'PKO': 0.16635244538094715, 'PKN': 0.15027170899412226, 'PZU': 0.12188089164910729, 'PEO': 0.08883220583342577, 'KGH': 0.06543196184983921, 'SPL': 0.06376843739602973, 'CDR': 0.06177220805145838, 'LPP': 0.050903848286569825, 'PGE': 0.04824220916047467, 'CPS': 0.034490407008983044, 'MBK': 0.02872352223577687, 'ALR': 0.025729178218919825, 'CCC': 0.024509260286126214, 'DNP': 0.022513030941554844, 'OPL': 0.017744260840634362, 'JSW': 0.016635244538094715, 'TPE': 0.012199179327936125}"
62,2019-03-28,106793.0831319314,-1.4551915228366852e-11,"{'PKO': 0.16635244538094715, 'PKN': 0.15027170899412226, 'PZU': 0.12188089164910729, 'PEO': 0.08883220583342577, 'KGH': 0.06543196184983921, 'SPL': 0.06376843739602973, 'CDR': 0.06177220805145838, 'LPP': 0.050903848286569825, 'PGE': 0.04824220916047467, 'CPS': 0.034490407008983044, 'MBK': 0.02872352223577687, 'ALR': 0.025729178218919825, 'CCC': 0.024509260286126214, 'DNP': 0.022513030941554844, 'OPL': 0.017744260840634362, 'JSW': 0.016635244538094715, 'TPE': 0.012199179327936125}"
63,2019-03-29,106719.44266707865,-1.4551915228366852e-11,"{'PKO': 0.16635244538094715, 'PKN': 0.15027170899412226, 'PZU': 0.12188089164910729, 'PEO': 0.08883220583342577, 'KGH': 0.06543196184983921, 'SPL': 0.06376843739602973, 'CDR': 0.06177220805145838, 'LPP': 0.050903848286569825, 'PGE': 0.04824220916047467, 'CPS': 0.034490407008983044, 'MBK': 0.02872352223577687, 'ALR': 0.025729178218919825, 'CCC': 0.024509260286126214, 'DNP': 0.022513030941554844, 'OPL': 0.017744260840634362, 'JSW': 0.016635244538094715, 'TPE': 0.012199179327936125}"
64,2019-04-01,107966.13786860048,-1.4551915228366852e-11,"{'PKO': 0.16635244538094715, 'PKN': 0.15027170899412226, 'PZU': 0.12188089164910729, 'PEO': 0.08883220583342577, 'KGH': 0.06543196184983921, 'SPL': 0.06376843739602973, 'CDR': 0.06177220805145838, 'LPP': 0.050903848286569825, 'PGE': 0.04824220916047467, 'CPS': 0.034490407008983044, 'MBK': 0.02872352223577687, 'ALR': 0.025729178218919825, 'CCC': 0.024509260286126214, 'DNP': 0.022513030941554844, 'OPL': 0.017744260840634362, 'JSW': 0.016635244538094715, 'TPE': 0.012199179327936125}"
65,2019-04-02,109349.04272260319,-1.4551915228366852e-11,"{'PKO': 0.16635244538094715, 'PKN': 0.15027170899412226, 'PZU': 0.12188089164910729, 'PEO': 0.08883220583342577, 'KGH': 0.06543196184983921, 'SPL': 0.06376843739602973, 'CDR': 0.06177220805145838, 'LPP': 0.050903848286569825, 'PGE': 0.04824220916047467, 'CPS': 0.034490407008983044, 'MBK': 0.02872352223577687, 'ALR': 0.025729178218919825, 'CCC': 0.024509260286126214, 'DNP': 0.022513030941554844, 'OPL': 0.017744260840634362, 'JSW': 0.016635244538094715, 'TPE': 0.012199179327936125}"
66,2019-04-03,111096.49774661208,-1.4551915228366852e-11,"{'PKO': 0.16635244538094715, 'PKN': 0.15027170899412226, 'PZU': 0.12188089164910729, 'PEO': 0.08883220583342577, 'KGH': 0.06543196184983921, 'SPL': 0.06376843739602973, 'CDR': 0.06177220805145838, 'LPP': 0.050903848286569825, 'PGE': 0.04824220916047467, 'CPS': 0.034490407008983044, 'MBK': 0.02872352223577687, 'ALR': 0.025729178218919825, 'CCC': 0.024509260286126214, 'DNP': 0.022513030941554844, 'OPL': 0.017744260840634362, 'JSW': 0.016635244538094715, 'TPE': 0.012199179327936125}"
67,2019-04-04,110316.00703342297,-1.4551915228366852e-11,"{'PKO': 0.16635244538094715, 'PKN': 0.15027170899412226, 'PZU': 0.12188089164910729, 'PEO': 0.08883220583342577, 'KGH': 0.06543196184983921, 'SPL': 0.06376843739602973, 'CDR': 0.06177220805145838, 'LPP': 0.050903848286569825, 'PGE': 0.04824220916047467, 'CPS': 0.034490407008983044, 'MBK': 0.02872352223577687, 'ALR': 0.025729178218919825, 'CCC': 0.024509260286126214, 'DNP': 0.022513030941554844, 'OPL': 0.017744260840634362, 'JSW': 0.016635244538094715, 'TPE': 0.012199179327936125}"
68,2019-04-05,108517.40453153913,-1.4551915228366852e-11,"{'PKO': 0.16635244538094715, 'PKN': 0.15027170899412226, 'PZU': 0.12188089164910729, 'PEO': 0.08883220583342577, 'KGH': 0.06543196184983921, 'SPL': 0.06376843739602973, 'CDR': 0.06177220805145838, 'LPP': 0.050903848286569825, 'PGE': 0.04824220916047467, 'CPS': 0.034490407008983044, 'MBK': 0.02872352223577687, 'ALR': 0.025729178218919825, 'CCC': 0.024509260286126214, 'DNP': 0.022513030941554844, 'OPL': 0.017744260840634362, 'JSW': 0.016635244538094715, 'TPE': 0.012199179327936125}"
69,2019-04-08,108981.50188330021,-1.4551915228366852e-11,"{'PKO': 0.16635244538094715, 'PKN': 0.15027170899412226, 'PZU': 0.12188089164910729, 'PEO': 0.08883220583342577, 'KGH': 0.06543196184983921, 'SPL': 0.06376843739602973, 'CDR': 0.06177220805145838, 'LPP': 0.050903848286569825, 'PGE': 0.04824220916047467, 'CPS': 0.034490407008983044, 'MBK': 0.02872352223577687, 'ALR': 0.025729178218919825, 'CCC': 0.024509260286126214, 'DNP': 0.022513030941554844, 'OPL': 0.017744260840634362, 'JSW': 0.016635244538094715, 'TPE': 0.012199179327936125}"
70,2019-04-09,109340.496687117,-1.4551915228366852e-11,"{'PKO': 0.16635244538094715, 'PKN': 0.15027170899412226, 'PZU': 0.12188089164910729, 'PEO': 0.08883220583342577, 'KGH': 0.06543196184983921, 'SPL': 0.06376843739602973, 'CDR': 0.06177220805145838, 'LPP': 0.050903848286569825, 'PGE': 0.04824220916047467, 'CPS': 0.034490407008983044, 'MBK': 0.02872352223577687, 'ALR': 0.025729178218919825, 'CCC': 0.024509260286126214, 'DNP': 0.022513030941554844, 'OPL': 0.017744260840634362, 'JSW': 0.016635244538094715, 'TPE': 0.012199179327936125}"
71,2019-04-10,110444.05506501862,-1.4551915228366852e-11,"{'PKO': 0.16635244538094715, 'PKN': 0.15027170899412226, 'PZU': 0.12188089164910729, 'PEO': 0.08883220583342577, 'KGH': 0.06543196184983921, 'SPL': 0.06376843739602973, 'CDR': 0.06177220805145838, 'LPP': 0.050903848286569825, 'PGE': 0.04824220916047467, 'CPS': 0.034490407008983044, 'MBK': 0.02872352223577687, 'ALR': 0.025729178218919825, 'CCC': 0.024509260286126214, 'DNP': 0.022513030941554844, 'OPL': 0.017744260840634362, 'JSW': 0.016635244538094715, 'TPE': 0.012199179327936125}"
72,2019-04-11,109732.6358903515,-1.4551915228366852e-11,"{'PKO': 0.16635244538094715, 'PKN': 0.15027170899412226, 'PZU': 0.12188089164910729, 'PEO': 0.08883220583342577, 'KGH': 0.06543196184983921, 'SPL': 0.06376843739602973, 'CDR': 0.06177220805145838, 'LPP': 0.050903848286569825, 'PGE': 0.04824220916047467, 'CPS': 0.034490407008983044, 'MBK': 0.02872352223577687, 'ALR': 0.025729178218919825, 'CCC': 0.024509260286126214, 'DNP': 0.022513030941554844, 'OPL': 0.017744260840634362, 'JSW': 0.016635244538094715, 'TPE': 0.012199179327936125}"
73,2019-04-12,109370.54119964053,-1.4551915228366852e-11,"{'PKN': 0.1477976097208746, 'PZU': 0.11980105384180145, 'PEO': 0.09003831867671953, 'KGH': 0.07070901827677131, 'SPL': 0.06273907300694882, 'CDR': 0.06830674670356644, 'LPP': 0.05182403682854776, 'PGE': 0.0425695814897199, 'CPS': 0.032342171224650405, 'CCC': 0.028021279456723922, 'DNP': 0.02605764083598556, 'OPL': 0.01641367126787551, 'JSW': 0.01661644317975308, 'TPE': 0.010147699310857062, 'CSR': 0.16568295173541095, 'PTW': 0.027463988798953932, 'BIP': 0.023468715644839717}"
74,2019-04-15,108959.81483530476,-1.4551915228366852e-11,"{'PKN': 0.1477976097208746, 'PZU': 0.11980105384180145, 'PEO': 0.09003831867671953, 'KGH': 0.07070901827677131, 'SPL': 0.06273907300694882, 'CDR': 0.06830674670356644, 'LPP': 0.05182403682854776, 'PGE': 0.0425695814897199, 'CPS': 0.032342171224650405, 'CCC': 0.028021279456723922, 'DNP': 0.02605764083598556, 'OPL': 0.01641367126787551, 'JSW': 0.01661644317975308, 'TPE': 0.010147699310857062, 'CSR': 0.16568295173541095, 'PTW': 0.027463988798953932, 'BIP': 0.023468715644839717}"
75,2019-04-16,109321.27588375213,-1.4551915228366852e-11,"{'PKN': 0.1477976097208746, 'PZU': 0.11980105384180145, 'PEO': 0.09003831867671953, 'KGH': 0.07070901827677131, 'SPL': 0.06273907300694882, 'CDR': 0.06830674670356644, 'LPP': 0.05182403682854776, 'PGE': 0.0425695814897199, 'CPS': 0.032342171224650405, 'CCC': 0.028021279456723922, 'DNP': 0.02605764083598556, 'OPL': 0.01641367126787551, 'JSW': 0.01661644317975308, 'TPE': 0.010147699310857062, 'CSR': 0.16568295173541095, 'PTW': 0.027463988798953932, 'BIP': 0.023468715644839717}"
76,2019-04-17,109678.3401693103,-1.4551915228366852e-11,"{'PKN': 0.1477976097208746, 'PZU': 0.11980105384180145, 'PEO': 0.09003831867671953, 'KGH': 0.07070901827677131, 'SPL': 0.06273907300694882, 'CDR': 0.06830674670356644, 'LPP': 0.05182403682854776, 'PGE': 0.0425695814897199, 'CPS': 0.032342171224650405, 'CCC': 0.028021279456723922, 'DNP': 0.02605764083598556, 'OPL': 0.01641367126787551, 'JSW': 0.01661644317975308, 'TPE': 0.010147699310857062, 'CSR': 0.16568295173541095, 'PTW': 0.027463988798953932, 'BIP': 0.023468715644839717}"
77,2019-04-18,109788.53469975782,-1.4551915228366852e-11,"{'PKN': 0.1477976097208746, 'PZU': 0.11980105384180145, 'PEO': 0.09003831867671953, 'KGH': 0.07070901827677131, 'SPL': 0.06273907300694882, 'CDR': 0.06830674670356644, 'LPP': 0.05182403682854776, 'PGE': 0.0425695814897199, 'CPS': 0.032342171224650405, 'CCC': 0.028021279456723922, 'DNP': 0.02605764083598556, 'OPL': 0.01641367126787551, 'JSW': 0.01661644317975308, 'TPE': 0.010147699310857062, 'CSR': 0.16568295173541095, 'PTW': 0.027463988798953932, 'BIP': 0.023468715644839717}"
78,2019-04-19,109788.53469975782,-1.4551915228366852e-11,"{'PKN': 0.1477976097208746, 'PZU': 0.11980105384180145, 'PEO': 0.09003831867671953, 'KGH': 0.07070901827677131, 'SPL': 0.06273907300694882, 'CDR': 0.06830674670356644, 'LPP': 0.05182403682854776, 'PGE': 0.0425695814897199, 'CPS': 0.032342171224650405, 'CCC': 0.028021279456723922, 'DNP': 0.02605764083598556, 'OPL': 0.01641367126787551, 'JSW': 0.01661644317975308, 'TPE': 0.010147699310857062, 'CSR': 0.16568295173541095, 'PTW': 0.027463988798953932, 'BIP': 0.023468715644839717}"
79,2019-04-22,109788.53469975782,-1.4551915228366852e-11,"{'PKN': 0.1477976097208746, 'PZU': 0.11980105384180145, 'PEO': 0.09003831867671953, 'KGH': 0.07070901827677131, 'SPL': 0.06273907300694882, 'CDR': 0.06830674670356644, 'LPP': 0.05182403682854776, 'PGE': 0.0425695814897199, 'CPS': 0.032342171224650405, 'CCC': 0.028021279456723922, 'DNP': 0.02605764083598556, 'OPL': 0.01641367126787551, 'JSW': 0.01661644317975308, 'TPE': 0.010147699310857062, 'CSR': 0.16568295173541095, 'PTW': 0.027463988798953932, 'BIP': 0.023468715644839717}"
80,2019-04-23,109526.74410367371,-1.4551915228366852e-11,"{'PKN': 0.1477976097208746, 'PZU': 0.11980105384180145, 'PEO': 0.09003831867671953, 'KGH': 0.07070901827677131, 'SPL': 0.06273907300694882, 'CDR': 0.06830674670356644, 'LPP': 0.05182403682854776, 'PGE': 0.0425695814897199, 'CPS': 0.032342171224650405, 'CCC': 0.028021279456723922, 'DNP': 0.02605764083598556, 'OPL': 0.01641367126787551, 'JSW': 0.01661644317975308, 'TPE': 0.010147699310857062, 'CSR': 0.16568295173541095, 'PTW': 0.027463988798953932, 'BIP': 0.023468715644839717}"
81,2019-04-24,109455.55952565759,-1.4551915228366852e-11,"{'PKN': 0.1477976097208746, 'PZU': 0.11980105384180145, 'PEO': 0.09003831867671953, 'KGH': 0.07070901827677131, 'SPL': 0.06273907300694882, 'CDR': 0.06830674670356644, 'LPP': 0.05182403682854776, 'PGE': 0.0425695814897199, 'CPS': 0.032342171224650405, 'CCC': 0.028021279456723922, 'DNP': 0.02605764083598556, 'OPL': 0.01641367126787551, 'JSW': 0.01661644317975308, 'TPE': 0.010147699310857062, 'CSR': 0.16568295173541095, 'PTW': 0.027463988798953932, 'BIP': 0.023468715644839717}"
82,2019-04-25,109052.90887924512,-1.4551915228366852e-11,"{'PKN': 0.1477976097208746, 'PZU': 0.11980105384180145, 'PEO': 0.09003831867671953, 'KGH': 0.07070901827677131, 'SPL': 0.06273907300694882, 'CDR': 0.06830674670356644, 'LPP': 0.05182403682854776, 'PGE': 0.0425695814897199, 'CPS': 0.032342171224650405, 'CCC': 0.028021279456723922, 'DNP': 0.02605764083598556, 'OPL': 0.01641367126787551, 'JSW': 0.01661644317975308, 'TPE': 0.010147699310857062, 'CSR': 0.16568295173541095, 'PTW': 0.027463988798953932, 'BIP': 0.023468715644839717}"
83,2019-04-26,109427.51756085841,-1.4551915228366852e-11,"{'PKN': 0.1477976097208746, 'PZU': 0.11980105384180145, 'PEO': 0.09003831867671953, 'KGH': 0.07070901827677131, 'SPL': 0.06273907300694882, 'CDR': 0.06830674670356644, 'LPP': 0.05182403682854776, 'PGE': 0.0425695814897199, 'CPS': 0.032342171224650405, 'CCC': 0.028021279456723922, 'DNP': 0.02605764083598556, 'OPL': 0.01641367126787551, 'JSW': 0.01661644317975308, 'TPE': 0.010147699310857062, 'CSR': 0.16568295173541095, 'PTW': 0.027463988798953932, 'BIP': 0.023468715644839717}"
84,2019-04-29,109378.11587026004,-1.4551915228366852e-11,"{'PKN': 0.1477976097208746, 'PZU': 0.11980105384180145, 'PEO': 0.09003831867671953, 'KGH': 0.07070901827677131, 'SPL': 0.06273907300694882, 'CDR': 0.06830674670356644, 'LPP': 0.05182403682854776, 'PGE': 0.0425695814897199, 'CPS': 0.032342171224650405, 'CCC': 0.028021279456723922, 'DNP': 0.02605764083598556, 'OPL': 0.01641367126787551, 'JSW': 0.01661644317975308, 'TPE': 0.010147699310857062, 'CSR': 0.16568295173541095, 'PTW': 0.027463988798953932, 'BIP': 0.023468715644839717}"
85,2019-04-30,108183.16064434304,-1.4551915228366852e-11,"{'PKN': 0.1477976097208746, 'PZU': 0.11980105384180145, 'PEO': 0.09003831867671953, 'KGH': 0.07070901827677131, 'SPL': 0.06273907300694882, 'CDR': 0.06830674670356644, 'LPP': 0.05182403682854776, 'PGE': 0.0425695814897199, 'CPS': 0.032342171224650405, 'CCC': 0.028021279456723922, 'DNP': 0.02605764083598556, 'OPL': 0.01641367126787551, 'JSW': 0.01661644317975308, 'TPE': 0.010147699310857062, 'CSR': 0.16568295173541095, 'PTW': 0.027463988798953932, 'BIP': 0.023468715644839717}"
86,2019-05-01,108183.16064434304,-1.4551915228366852e-11,"{'PKN': 0.1477976097208746, 'PZU': 0.11980105384180145, 'PEO': 0.09003831867671953, 'KGH': 0.07070901827677131, 'SPL': 0.06273907300694882, 'CDR': 0.06830674670356644, 'LPP': 0.05182403682854776, 'PGE': 0.0425695814897199, 'CPS': 0.032342171224650405, 'CCC': 0.028021279456723922, 'DNP': 0.02605764083598556, 'OPL': 0.01641367126787551, 'JSW': 0.01661644317975308, 'TPE': 0.010147699310857062, 'CSR': 0.16568295173541095, 'PTW': 0.027463988798953932, 'BIP': 0.023468715644839717}"
87,2019-05-02,107469.93203121547,-1.4551915228366852e-11,"{'PKN': 0.1477976097208746, 'PZU': 0.11980105384180145, 'PEO': 0.09003831867671953, 'KGH': 0.07070901827677131, 'SPL': 0.06273907300694882, 'CDR': 0.06830674670356644, 'LPP': 0.05182403682854776, 'PGE': 0.0425695814897199, 'CPS': 0.032342171224650405, 'CCC': 0.028021279456723922, 'DNP': 0.02605764083598556, 'OPL': 0.01641367126787551, 'JSW': 0.01661644317975308, 'TPE': 0.010147699310857062, 'CSR': 0.16568295173541095, 'PTW': 0.027463988798953932, 'BIP': 0.023468715644839717}"
88,2019-05-03,107469.93203121547,-1.4551915228366852e-11,"{'PKN': 0.1477976097208746, 'PZU': 0.11980105384180145, 'PEO': 0.09003831867671953, 'KGH': 0.07070901827677131, 'SPL': 0.06273907300694882, 'CDR': 0.06830674670356644, 'LPP': 0.05182403682854776, 'PGE': 0.0425695814897199, 'CPS': 0.032342171224650405, 'CCC': 0.028021279456723922, 'DNP': 0.02605764083598556, 'OPL': 0.01641367126787551, 'JSW': 0.01661644317975308, 'TPE': 0.010147699310857062, 'CSR': 0.16568295173541095, 'PTW': 0.027463988798953932, 'BIP': 0.023468715644839717}"
89,2019-05-06,106543.50776022252,-1.4551915228366852e-11,"{'PKN': 0.1477976097208746, 'PZU': 0.11980105384180145, 'PEO': 0.09003831867671953, 'KGH': 0.07070901827677131, 'SPL': 0.06273907300694882, 'CDR': 0.06830674670356644, 'LPP': 0.05182403682854776, 'PGE': 0.0425695814897199, 'CPS': 0.032342171224650405, 'CCC': 0.028021279456723922, 'DNP': 0.02605764083598556, 'OPL': 0.01641367126787551, 'JSW': 0.01661644317975308, 'TPE': 0.010147699310857062, 'CSR': 0.16568295173541095, 'PTW': 0.027463988798953932, 'BIP': 0.023468715644839717}"
90,2019-05-07,104489.21342143949,-1.4551915228366852e-11,"{'PKN': 0.1477976097208746, 'PZU': 0.11980105384180145, 'PEO': 0.09003831867671953, 'KGH': 0.07070901827677131, 'SPL': 0.06273907300694882, 'CDR': 0.06830674670356644, 'LPP': 0.05182403682854776, 'PGE': 0.0425695814897199, 'CPS': 0.032342171224650405, 'CCC': 0.028021279456723922, 'DNP': 0.02605764083598556, 'OPL': 0.01641367126787551, 'JSW': 0.01661644317975308, 'TPE': 0.010147699310857062, 'CSR': 0.16568295173541095, 'PTW': 0.027463988798953932, 'BIP': 0.023468715644839717}"
91,2019-05-08,103938.10573742696,-1.4551915228366852e-11,"{'PKN': 0.1477976097208746, 'PZU': 0.11980105384180145, 'PEO': 0.09003831867671953, 'KGH': 0.07070901827677131, 'SPL': 0.06273907300694882, 'CDR': 0.06830674670356644, 'LPP': 0.05182403682854776, 'PGE': 0.0425695814897199, 'CPS': 0.032342171224650405, 'CCC': 0.028021279456723922, 'DNP': 0.02605764083598556, 'OPL': 0.01641367126787551, 'JSW': 0.01661644317975308, 'TPE': 0.010147699310857062, 'CSR': 0.16568295173541095, 'PTW': 0.027463988798953932, 'BIP': 0.023468715644839717}"
92,2019-05-09,102348.84543776441,-1.4551915228366852e-11,"{'PKN': 0.1477976097208746, 'PZU': 0.11980105384180145, 'PEO': 0.09003831867671953, 'KGH': 0.07070901827677131, 'SPL': 0.06273907300694882, 'CDR': 0.06830674670356644, 'LPP': 0.05182403682854776, 'PGE': 0.0425695814897199, 'CPS': 0.032342171224650405, 'CCC': 0.028021279456723922, 'DNP': 0.02605764083598556, 'OPL': 0.01641367126787551, 'JSW': 0.01661644317975308, 'TPE': 0.010147699310857062, 'CSR': 0.16568295173541095, 'PTW': 0.027463988798953932, 'BIP': 0.023468715644839717}"
93,2019-05-10,101106.23735792135,-1.4551915228366852e-11,"{'PKN': 0.1477976097208746, 'PZU': 0.11980105384180145, 'PEO': 0.09003831867671953, 'KGH': 0.07070901827677131, 'SPL': 0.06273907300694882, 'CDR': 0.06830674670356644, 'LPP': 0.05182403682854776, 'PGE': 0.0425695814897199, 'CPS': 0.032342171224650405, 'CCC': 0.028021279456723922, 'DNP': 0.02605764083598556, 'OPL': 0.01641367126787551, 'JSW': 0.01661644317975308, 'TPE': 0.010147699310857062, 'CSR': 0.16568295173541095, 'PTW': 0.027463988798953932, 'BIP': 0.023468715644839717}"
94,2019-05-13,100404.61766596207,-1.4551915228366852e-11,"{'PKN': 0.1477976097208746, 'PZU': 0.11980105384180145, 'PEO': 0.09003831867671953, 'KGH': 0.07070901827677131, 'SPL': 0.06273907300694882, 'CDR': 0.06830674670356644, 'LPP': 0.05182403682854776, 'PGE': 0.0425695814897199, 'CPS': 0.032342171224650405, 'CCC': 0.028021279456723922, 'DNP': 0.02605764083598556, 'OPL': 0.01641367126787551, 'JSW': 0.01661644317975308, 'TPE': 0.010147699310857062, 'CSR': 0.16568295173541095, 'PTW': 0.027463988798953932, 'BIP': 0.023468715644839717}"
95,2019-05-14,100144.26385982486,-1.4551915228366852e-11,"{'PKN': 0.1477976097208746, 'PZU': 0.11980105384180145, 'PEO': 0.09003831867671953, 'KGH': 0.07070901827677131, 'SPL': 0.06273907300694882, 'CDR': 0.06830674670356644, 'LPP': 0.05182403682854776, 'PGE': 0.0425695814897199, 'CPS': 0.032342171224650405, 'CCC': 0.028021279456723922, 'DNP': 0.02605764083598556, 'OPL': 0.01641367126787551, 'JSW': 0.01661644317975308, 'TPE': 0.010147699310857062, 'CSR': 0.16568295173541095, 'PTW': 0.027463988798953932, 'BIP': 0.023468715644839717}"
96,2019-05-15,100644.14186109242,-1.4551915228366852e-11,"{'PKN': 0.1477976097208746, 'PZU': 0.11980105384180145, 'PEO': 0.09003831867671953, 'KGH': 0.07070901827677131, 'SPL': 0.06273907300694882, 'CDR': 0.06830674670356644, 'LPP': 0.05182403682854776, 'PGE': 0.0425695814897199, 'CPS': 0.032342171224650405, 'CCC': 0.028021279456723922, 'DNP': 0.02605764083598556, 'OPL': 0.01641367126787551, 'JSW': 0.01661644317975308, 'TPE': 0.010147699310857062, 'CSR': 0.16568295173541095, 'PTW': 0.027463988798953932, 'BIP': 0.023468715644839717}"
97,2019-05-16,101135.9983510783,-1.4551915228366852e-11,"{'PKN': 0.1477976097208746, 'PZU': 0.11980105384180145, 'PEO': 0.09003831867671953, 'KGH': 0.07070901827677131, 'SPL': 0.06273907300694882, 'CDR': 0.06830674670356644, 'LPP': 0.05182403682854776, 'PGE': 0.0425695814897199, 'CPS': 0.032342171224650405, 'CCC': 0.028021279456723922, 'DNP': 0.02605764083598556, 'OPL': 0.01641367126787551, 'JSW': 0.01661644317975308, 'TPE': 0.010147699310857062, 'CSR': 0.16568295173541095, 'PTW': 0.027463988798953932, 'BIP': 0.023468715644839717}"
98,2019-05-17,100581.10983153571,-1.4551915228366852e-11,"{'PKN': 0.1477976097208746, 'PZU': 0.11980105384180145, 'PEO': 0.09003831867671953, 'KGH': 0.07070901827677131, 'SPL': 0.06273907300694882, 'CDR': 0.06830674670356644, 'LPP': 0.05182403682854776, 'PGE': 0.0425695814897199, 'CPS': 0.032342171224650405, 'CCC': 0.028021279456723922, 'DNP': 0.02605764083598556, 'OPL': 0.01641367126787551, 'JSW': 0.01661644317975308, 'TPE': 0.010147699310857062, 'CSR': 0.16568295173541095, 'PTW': 0.027463988798953932, 'BIP': 0.023468715644839717}"
99,2019-05-20,100265.72118069151,-1.4551915228366852e-11,"{'PKN': 0.1477976097208746, 'PZU': 0.11980105384180145, 'PEO': 0.09003831867671953, 'KGH': 0.07070901827677131, 'SPL': 0.06273907300694882, 'CDR': 0.06830674670356644, 'LPP': 0.05182403682854776, 'PGE': 0.0425695814897199, 'CPS': 0.032342171224650405, 'CCC': 0.028021279456723922, 'DNP': 0.02605764083598556, 'OPL': 0.01641367126787551, 'JSW': 0.01661644317975308, 'TPE': 0.010147699310857062, 'CSR': 0.16568295173541095, 'PTW': 0.027463988798953932, 'BIP': 0.023468715644839717}"
100,2019-05-21,101407.40867188903,-1.4551915228366852e-11,"{'PKN': 0.1477976097208746, 'PZU': 0.11980105384180145, 'PEO': 0.09003831867671953, 'KGH': 0.07070901827677131, 'SPL': 0.06273907300694882, 'CDR': 0.06830674670356644, 'LPP': 0.05182403682854776, 'PGE': 0.0425695814897199, 'CPS': 0.032342171224650405, 'CCC': 0.028021279456723922, 'DNP': 0.02605764083598556, 'OPL': 0.01641367126787551, 'JSW': 0.01661644317975308, 'TPE': 0.010147699310857062, 'CSR': 0.16568295173541095, 'PTW': 0.027463988798953932, 'BIP': 0.023468715644839717}"
101,2019-05-22,102872.88463406717,-1.4551915228366852e-11,"{'PKN': 0.1477976097208746, 'PZU': 0.11980105384180145, 'PEO': 0.09003831867671953, 'KGH': 0.07070901827677131, 'SPL': 0.06273907300694882, 'CDR': 0.06830674670356644, 'LPP': 0.05182403682854776, 'PGE': 0.0425695814897199, 'CPS': 0.032342171224650405, 'CCC': 0.028021279456723922, 'DNP': 0.02605764083598556, 'OPL': 0.01641367126787551, 'JSW': 0.01661644317975308, 'TPE': 0.010147699310857062, 'CSR': 0.16568295173541095, 'PTW': 0.027463988798953932, 'BIP': 0.023468715644839717}"
102,2019-05-23,101420.2303065294,-1.4551915228366852e-11,"{'PKN': 0.1477976097208746, 'PZU': 0.11980105384180145, 'PEO': 0.09003831867671953, 'KGH': 0.07070901827677131, 'SPL': 0.06273907300694882, 'CDR': 0.06830674670356644, 'LPP': 0.05182403682854776, 'PGE': 0.0425695814897199, 'CPS': 0.032342171224650405, 'CCC': 0.028021279456723922, 'DNP': 0.02605764083598556, 'OPL': 0.01641367126787551, 'JSW': 0.01661644317975308, 'TPE': 0.010147699310857062, 'CSR': 0.16568295173541095, 'PTW': 0.027463988798953932, 'BIP': 0.023468715644839717}"
103,2019-05-24,102123.99978221691,-1.4551915228366852e-11,"{'PKN': 0.1477976097208746, 'PZU': 0.11980105384180145, 'PEO': 0.09003831867671953, 'KGH': 0.07070901827677131, 'SPL': 0.06273907300694882, 'CDR': 0.06830674670356644, 'LPP': 0.05182403682854776, 'PGE': 0.0425695814897199, 'CPS': 0.032342171224650405, 'CCC': 0.028021279456723922, 'DNP': 0.02605764083598556, 'OPL': 0.01641367126787551, 'JSW': 0.01661644317975308, 'TPE': 0.010147699310857062, 'CSR': 0.16568295173541095, 'PTW': 0.027463988798953932, 'BIP': 0.023468715644839717}"
104,2019-05-27,102217.91896285495,-1.4551915228366852e-11,"{'PKN': 0.1477976097208746, 'PZU': 0.11980105384180145, 'PEO': 0.09003831867671953, 'KGH': 0.07070901827677131, 'SPL': 0.06273907300694882, 'CDR': 0.06830674670356644, 'LPP': 0.05182403682854776, 'PGE': 0.0425695814897199, 'CPS': 0.032342171224650405, 'CCC': 0.028021279456723922, 'DNP': 0.02605764083598556, 'OPL': 0.01641367126787551, 'JSW': 0.01661644317975308, 'TPE': 0.010147699310857062, 'CSR': 0.16568295173541095, 'PTW': 0.027463988798953932, 'BIP': 0.023468715644839717}"
105,2019-05-28,101907.12388309983,-1.4551915228366852e-11,"{'PKN': 0.1477976097208746, 'PZU': 0.11980105384180145, 'PEO': 0.09003831867671953, 'KGH': 0.07070901827677131, 'SPL': 0.06273907300694882, 'CDR': 0.06830674670356644, 'LPP': 0.05182403682854776, 'PGE': 0.0425695814897199, 'CPS': 0.032342171224650405, 'CCC': 0.028021279456723922, 'DNP': 0.02605764083598556, 'OPL': 0.01641367126787551, 'JSW': 0.01661644317975308, 'TPE': 0.010147699310857062, 'CSR': 0.16568295173541095, 'PTW': 0.027463988798953932, 'BIP': 0.023468715644839717}"
106,2019-05-29,101923.53278194364,-1.4551915228366852e-11,"{'PKN': 0.1477976097208746, 'PZU': 0.11980105384180145, 'PEO': 0.09003831867671953, 'KGH': 0.07070901827677131, 'SPL': 0.06273907300694882, 'CDR': 0.06830674670356644, 'LPP': 0.05182403682854776, 'PGE': 0.0425695814897199, 'CPS': 0.032342171224650405, 'CCC': 0.028021279456723922, 'DNP': 0.02605764083598556, 'OPL': 0.01641367126787551, 'JSW': 0.01661644317975308, 'TPE': 0.010147699310857062, 'CSR': 0.16568295173541095, 'PTW': 0.027463988798953932, 'BIP': 0.023468715644839717}"
107,2019-05-30,104790.4066519343,-1.4551915228366852e-11,"{'PKN': 0.1477976097208746, 'PZU': 0.11980105384180145, 'PEO': 0.09003831867671953, 'KGH': 0.07070901827677131, 'SPL': 0.06273907300694882, 'CDR': 0.06830674670356644, 'LPP': 0.05182403682854776, 'PGE': 0.0425695814897199, 'CPS': 0.032342171224650405, 'CCC': 0.028021279456723922, 'DNP': 0.02605764083598556, 'OPL': 0.01641367126787551, 'JSW': 0.01661644317975308, 'TPE': 0.010147699310857062, 'CSR': 0.16568295173541095, 'PTW': 0.027463988798953932, 'BIP': 0.023468715644839717}"
108,2019-05-31,105156.90843887684,-1.4551915228366852e-11,"{'PKN': 0.1477976097208746, 'PZU': 0.11980105384180145, 'PEO': 0.09003831867671953, 'KGH': 0.07070901827677131, 'SPL': 0.06273907300694882, 'CDR': 0.06830674670356644, 'LPP': 0.05182403682854776, 'PGE': 0.0425695814897199, 'CPS': 0.032342171224650405, 'CCC': 0.028021279456723922, 'DNP': 0.02605764083598556, 'OPL': 0.01641367126787551, 'JSW': 0.01661644317975308, 'TPE': 0.010147699310857062, 'CSR': 0.16568295173541095, 'PTW': 0.027463988798953932, 'BIP': 0.023468715644839717}"
109,2019-06-03,105158.99625321529,-1.4551915228366852e-11,"{'PKN': 0.1477976097208746, 'PZU': 0.11980105384180145, 'PEO': 0.09003831867671953, 'KGH': 0.07070901827677131, 'SPL': 0.06273907300694882, 'CDR': 0.06830674670356644, 'LPP': 0.05182403682854776, 'PGE': 0.0425695814897199, 'CPS': 0.032342171224650405, 'CCC': 0.028021279456723922, 'DNP': 0.02605764083598556, 'OPL': 0.01641367126787551, 'JSW': 0.01661644317975308, 'TPE': 0.010147699310857062, 'CSR': 0.16568295173541095, 'PTW': 0.027463988798953932, 'BIP': 0.023468715644839717}"
110,2019-06-04,105241.09533533691,-1.4551915228366852e-11,"{'PKN': 0.1477976097208746, 'PZU': 0.11980105384180145, 'PEO': 0.09003831867671953, 'KGH': 0.07070901827677131, 'SPL': 0.06273907300694882, 'CDR': 0.06830674670356644, 'LPP': 0.05182403682854776, 'PGE': 0.0425695814897199, 'CPS': 0.032342171224650405, 'CCC': 0.028021279456723922, 'DNP': 0.02605764083598556, 'OPL': 0.01641367126787551, 'JSW': 0.01661644317975308, 'TPE': 0.010147699310857062, 'CSR': 0.16568295173541095, 'PTW': 0.027463988798953932, 'BIP': 0.023468715644839717}"
111,2019-06-05,104877.39799649741,-1.4551915228366852e-11,"{'PKN': 0.1477976097208746, 'PZU': 0.11980105384180145, 'PEO': 0.09003831867671953, 'KGH': 0.07070901827677131, 'SPL': 0.06273907300694882, 'CDR': 0.06830674670356644, 'LPP': 0.05182403682854776, 'PGE': 0.0425695814897199, 'CPS': 0.032342171224650405, 'CCC': 0.028021279456723922, 'DNP': 0.02605764083598556, 'OPL': 0.01641367126787551, 'JSW': 0.01661644317975308, 'TPE': 0.010147699310857062, 'CSR': 0.16568295173541095, 'PTW': 0.027463988798953932, 'BIP': 0.023468715644839717}"
112,2019-06-06,105692.310042576,-1.4551915228366852e-11,"{'PKN': 0.1477976097208746, 'PZU': 0.11980105384180145, 'PEO': 0.09003831867671953, 'KGH': 0.07070901827677131, 'SPL': 0.06273907300694882, 'CDR': 0.06830674670356644, 'LPP': 0.05182403682854776, 'PGE': 0.0425695814897199, 'CPS': 0.032342171224650405, 'CCC': 0.028021279456723922, 'DNP': 0.02605764083598556, 'OPL': 0.01641367126787551, 'JSW': 0.01661644317975308, 'TPE': 0.010147699310857062, 'CSR': 0.16568295173541095, 'PTW': 0.027463988798953932, 'BIP': 0.023468715644839717}"
113,2019-06-07,106125.49458541964,-1.4551915228366852e-11,"{'PKN': 0.1477976097208746, 'PZU': 0.11980105384180145, 'PEO': 0.09003831867671953, 'KGH': 0.07070901827677131, 'SPL': 0.06273907300694882, 'CDR': 0.06830674670356644, 'LPP': 0.05182403682854776, 'PGE': 0.0425695814897199, 'CPS': 0.032342171224650405, 'CCC': 0.028021279456723922, 'DNP': 0.02605764083598556, 'OPL': 0.01641367126787551, 'JSW': 0.01661644317975308, 'TPE': 0.010147699310857062, 'CSR': 0.16568295173541095, 'PTW': 0.027463988798953932, 'BIP': 0.023468715644839717}"
114,2019-06-10,106149.8737090983,-1.4551915228366852e-11,"{'PKN': 0.1477976097208746, 'PZU': 0.11980105384180145, 'PEO': 0.09003831867671953, 'KGH': 0.07070901827677131, 'SPL': 0.06273907300694882, 'CDR': 0.06830674670356644, 'LPP': 0.05182403682854776, 'PGE': 0.0425695814897199, 'CPS': 0.032342171224650405, 'CCC': 0.028021279456723922, 'DNP': 0.02605764083598556, 'OPL': 0.01641367126787551, 'JSW': 0.01661644317975308, 'TPE': 0.010147699310857062, 'CSR': 0.16568295173541095, 'PTW': 0.027463988798953932, 'BIP': 0.023468715644839717}"
115,2019-06-11,106531.77707676498,-1.4551915228366852e-11,"{'PKN': 0.1477976097208746, 'PZU': 0.11980105384180145, 'PEO': 0.09003831867671953, 'KGH': 0.07070901827677131, 'SPL': 0.06273907300694882, 'CDR': 0.06830674670356644, 'LPP': 0.05182403682854776, 'PGE': 0.0425695814897199, 'CPS': 0.032342171224650405, 'CCC': 0.028021279456723922, 'DNP': 0.02605764083598556, 'OPL': 0.01641367126787551, 'JSW': 0.01661644317975308, 'TPE': 0.010147699310857062, 'CSR': 0.16568295173541095, 'PTW': 0.027463988798953932, 'BIP': 0.023468715644839717}"
116,2019-06-12,106057.15221370915,-1.4551915228366852e-11,"{'PKN': 0.1477976097208746, 'PZU': 0.11980105384180145, 'PEO': 0.09003831867671953, 'KGH': 0.07070901827677131, 'SPL': 0.06273907300694882, 'CDR': 0.06830674670356644, 'LPP': 0.05182403682854776, 'PGE': 0.0425695814897199, 'CPS': 0.032342171224650405, 'CCC': 0.028021279456723922, 'DNP': 0.02605764083598556, 'OPL': 0.01641367126787551, 'JSW': 0.01661644317975308, 'TPE': 0.010147699310857062, 'CSR': 0.16568295173541095, 'PTW': 0.027463988798953932, 'BIP': 0.023468715644839717}"
117,2019-06-13,106579.71602211751,-1.4551915228366852e-11,"{'PKN': 0.1477976097208746, 'PZU': 0.11980105384180145, 'PEO': 0.09003831867671953, 'KGH': 0.07070901827677131, 'SPL': 0.06273907300694882, 'CDR': 0.06830674670356644, 'LPP': 0.05182403682854776, 'PGE': 0.0425695814897199, 'CPS': 0.032342171224650405, 'CCC': 0.028021279456723922, 'DNP': 0.02605764083598556, 'OPL': 0.01641367126787551, 'JSW': 0.01661644317975308, 'TPE': 0.010147699310857062, 'CSR': 0.16568295173541095, 'PTW': 0.027463988798953932, 'BIP': 0.023468715644839717}"
118,2019-06-14,106308.87880325569,-1.4551915228366852e-11,"{'PKN': 0.1477976097208746, 'PZU': 0.11980105384180145, 'PEO': 0.09003831867671953, 'KGH': 0.07070901827677131, 'SPL': 0.06273907300694882, 'CDR': 0.06830674670356644, 'LPP': 0.05182403682854776, 'PGE': 0.0425695814897199, 'CPS': 0.032342171224650405, 'CCC': 0.028021279456723922, 'DNP': 0.02605764083598556, 'OPL': 0.01641367126787551, 'JSW': 0.01661644317975308, 'TPE': 0.010147699310857062, 'CSR': 0.16568295173541095, 'PTW': 0.027463988798953932, 'BIP': 0.023468715644839717}"
119,2019-06-17,106059.80783019359,-1.4551915228366852e-11,"{'PKN': 0.1477976097208746, 'PZU': 0.11980105384180145, 'PEO': 0.09003831867671953, 'KGH': 0.07070901827677131, 'SPL': 0.06273907300694882, 'CDR': 0.06830674670356644, 'LPP': 0.05182403682854776, 'PGE': 0.0425695814897199, 'CPS': 0.032342171224650405, 'CCC': 0.028021279456723922, 'DNP': 0.02605764083598556, 'OPL': 0.01641367126787551, 'JSW': 0.01661644317975308, 'TPE': 0.010147699310857062, 'CSR': 0.16568295173541095, 'PTW': 0.027463988798953932, 'BIP': 0.023468715644839717}"
120,2019-06-18,107889.41949123962,-1.4551915228366852e-11,"{'PKN': 0.1477976097208746, 'PZU': 0.11980105384180145, 'PEO': 0.09003831867671953, 'KGH': 0.07070901827677131, 'SPL': 0.06273907300694882, 'CDR': 0.06830674670356644, 'LPP': 0.05182403682854776, 'PGE': 0.0425695814897199, 'CPS': 0.032342171224650405, 'CCC': 0.028021279456723922, 'DNP': 0.02605764083598556, 'OPL': 0.01641367126787551, 'JSW': 0.01661644317975308, 'TPE': 0.010147699310857062, 'CSR': 0.16568295173541095, 'PTW': 0.027463988798953932, 'BIP': 0.023468715644839717}"
121,2019-06-19,107713.82213402705,-1.4551915228366852e-11,"{'PKN': 0.1477976097208746, 'PZU': 0.11980105384180145, 'PEO': 0.09003831867671953, 'KGH': 0.07070901827677131, 'SPL': 0.06273907300694882, 'CDR': 0.06830674670356644, 'LPP': 0.05182403682854776, 'PGE': 0.0425695814897199, 'CPS': 0.032342171224650405, 'CCC': 0.028021279456723922, 'DNP': 0.02605764083598556, 'OPL': 0.01641367126787551, 'JSW': 0.01661644317975308, 'TPE': 0.010147699310857062, 'CSR': 0.16568295173541095, 'PTW': 0.027463988798953932, 'BIP': 0.023468715644839717}"
122,2019-06-20,107713.82213402705,-1.4551915228366852e-11,"{'PKN': 0.1477976097208746, 'PZU': 0.11980105384180145, 'PEO': 0.09003831867671953, 'KGH': 0.07070901827677131, 'SPL': 0.06273907300694882, 'CDR': 0.06830674670356644, 'LPP': 0.05182403682854776, 'PGE': 0.0425695814897199, 'CPS': 0.032342171224650405, 'CCC': 0.028021279456723922, 'DNP': 0.02605764083598556, 'OPL': 0.01641367126787551, 'JSW': 0.01661644317975308, 'TPE': 0.010147699310857062, 'CSR': 0.16568295173541095, 'PTW': 0.027463988798953932, 'BIP': 0.023468715644839717}"
123,2019-06-21,106876.42514598908,0.0,"{'PKO': 0.16476274165202107, 'PKN': 0.1389499121265378, 'PZU': 0.12137521968365554, 'PEO': 0.08864235500878734, 'CDR': 0.07842706502636203, 'KGH': 0.06854130052724076, 'SPL': 0.06601493848857644, 'LPP': 0.05030755711775044, 'PGE': 0.03844463971880492, 'CPS': 0.03646748681898066, 'DNP': 0.03229349736379613, 'MBK': 0.027021089630931458, 'ALR': 0.024165202108963092, 'CCC': 0.02383567662565905, 'OPL': 0.01680579964850615, 'JSW': 0.014718804920913884, 'TPE': 0.00922671353251318}"
124,2019-06-24,107954.6570878547,0.0,"{'PKO': 0.16476274165202107, 'PKN': 0.1389499121265378, 'PZU': 0.12137521968365554, 'PEO': 0.08864235500878734, 'CDR': 0.07842706502636203, 'KGH': 0.06854130052724076, 'SPL': 0.06601493848857644, 'LPP': 0.05030755711775044, 'PGE': 0.03844463971880492, 'CPS': 0.03646748681898066, 'DNP': 0.03229349736379613, 'MBK': 0.027021089630931458, 'ALR': 0.024165202108963092, 'CCC': 0.02383567662565905, 'OPL': 0.01680579964850615, 'JSW': 0.014718804920913884, 'TPE': 0.00922671353251318}"
125,2019-06-25,106961.52039483924,0.0,"{'PKO': 0.16476274165202107, 'PKN': 0.1389499121265378, 'PZU': 0.12137521968365554, 'PEO': 0.08864235500878734, 'CDR': 0.07842706502636203, 'KGH': 0.06854130052724076, 'SPL': 0.06601493848857644, 'LPP': 0.05030755711775044, 'PGE': 0.03844463971880492, 'CPS': 0.03646748681898066, 'DNP': 0.03229349736379613, 'MBK': 0.027021089630931458, 'ALR': 0.024165202108963092, 'CCC': 0.02383567662565905, 'OPL': 0.01680579964850615, 'JSW': 0.014718804920913884, 'TPE': 0.00922671353251318}"
126,2019-06-26,107725.92000275529,0.0,"{'PKO': 0.16476274165202107, 'PKN': 0.1389499121265378, 'PZU': 0.12137521968365554, 'PEO': 0.08864235500878734, 'CDR': 0.07842706502636203, 'KGH': 0.06854130052724076, 'SPL': 0.06601493848857644, 'LPP': 0.05030755711775044, 'PGE': 0.03844463971880492, 'CPS': 0.03646748681898066, 'DNP': 0.03229349736379613, 'MBK': 0.027021089630931458, 'ALR': 0.024165202108963092, 'CCC': 0.02383567662565905, 'OPL': 0.01680579964850615, 'JSW': 0.014718804920913884, 'TPE': 0.00922671353251318}"
127,2019-06-27,108644.23265046377,0.0,"{'PKO': 0.16476274165202107, 'PKN': 0.1389499121265378, 'PZU': 0.12137521968365554, 'PEO': 0.08864235500878734, 'CDR': 0.07842706502636203, 'KGH': 0.06854130052724076, 'SPL': 0.06601493848857644, 'LPP': 0.05030755711775044, 'PGE': 0.03844463971880492, 'CPS': 0.03646748681898066, 'DNP': 0.03229349736379613, 'MBK': 0.027021089630931458, 'ALR': 0.024165202108963092, 'CCC': 0.02383567662565905, 'OPL': 0.01680579964850615, 'JSW': 0.014718804920913884, 'TPE': 0.00922671353251318}"
128,2019-06-28,108358.4893409137,0.0,"{'PKO': 0.16476274165202107, 'PKN': 0.1389499121265378, 'PZU': 0.12137521968365554, 'PEO': 0.08864235500878734, 'CDR': 0.07842706502636203, 'KGH': 0.06854130052724076, 'SPL': 0.06601493848857644, 'LPP': 0.05030755711775044, 'PGE': 0.03844463971880492, 'CPS': 0.03646748681898066, 'DNP': 0.03229349736379613, 'MBK': 0.027021089630931458, 'ALR': 0.024165202108963092, 'CCC': 0.02383567662565905, 'OPL': 0.01680579964850615, 'JSW': 0.014718804920913884, 'TPE': 0.00922671353251318}"
129,2019-07-01,108535.05204027063,0.0,"{'PKO': 0.16476274165202107, 'PKN': 0.1389499121265378, 'PZU': 0.12137521968365554, 'PEO': 0.08864235500878734, 'CDR': 0.07842706502636203, 'KGH': 0.06854130052724076, 'SPL': 0.06601493848857644, 'LPP': 0.05030755711775044, 'PGE': 0.03844463971880492, 'CPS': 0.03646748681898066, 'DNP': 0.03229349736379613, 'MBK': 0.027021089630931458, 'ALR': 0.024165202108963092, 'CCC': 0.02383567662565905, 'OPL': 0.01680579964850615, 'JSW': 0.014718804920913884, 'TPE': 0.00922671353251318}"
130,2019-07-02,109099.1839620563,0.0,"{'PKO': 0.16476274165202107, 'PKN': 0.1389499121265378, 'PZU': 0.12137521968365554, 'PEO': 0.08864235500878734, 'CDR': 0.07842706502636203, 'KGH': 0.06854130052724076, 'SPL': 0.06601493848857644, 'LPP': 0.05030755711775044, 'PGE': 0.03844463971880492, 'CPS': 0.03646748681898066, 'DNP': 0.03229349736379613, 'MBK': 0.027021089630931458, 'ALR': 0.024165202108963092, 'CCC': 0.02383567662565905, 'OPL': 0.01680579964850615, 'JSW': 0.014718804920913884, 'TPE': 0.00922671353251318}"
131,2019-07-03,109289.32918625216,0.0,"{'PKO': 0.16476274165202107, 'PKN': 0.1389499121265378, 'PZU': 0.12137521968365554, 'PEO': 0.08864235500878734, 'CDR': 0.07842706502636203, 'KGH': 0.06854130052724076, 'SPL': 0.06601493848857644, 'LPP': 0.05030755711775044, 'PGE': 0.03844463971880492, 'CPS': 0.03646748681898066, 'DNP': 0.03229349736379613, 'MBK': 0.027021089630931458, 'ALR': 0.024165202108963092, 'CCC': 0.02383567662565905, 'OPL': 0.01680579964850615, 'JSW': 0.014718804920913884, 'TPE': 0.00922671353251318}"
132,2019-07-04,109530.17924902774,0.0,"{'PKO': 0.16476274165202107, 'PKN': 0.1389499121265378, 'PZU': 0.12137521968365554, 'PEO': 0.08864235500878734, 'CDR': 0.07842706502636203, 'KGH': 0.06854130052724076, 'SPL': 0.06601493848857644, 'LPP': 0.05030755711775044, 'PGE': 0.03844463971880492, 'CPS': 0.03646748681898066, 'DNP': 0.03229349736379613, 'MBK': 0.027021089630931458, 'ALR': 0.024165202108963092, 'CCC': 0.02383567662565905, 'OPL': 0.01680579964850615, 'JSW': 0.014718804920913884, 'TPE': 0.00922671353251318}"
133,2019-07-05,108804.73856304647,0.0,"{'PKO': 0.16476274165202107, 'PKN': 0.1389499121265378, 'PZU': 0.12137521968365554, 'PEO': 0.08864235500878734, 'CDR': 0.07842706502636203, 'KGH': 0.06854130052724076, 'SPL': 0.06601493848857644, 'LPP': 0.05030755711775044, 'PGE': 0.03844463971880492, 'CPS': 0.03646748681898066, 'DNP': 0.03229349736379613, 'MBK': 0.027021089630931458, 'ALR': 0.024165202108963092, 'CCC': 0.02383567662565905, 'OPL': 0.01680579964850615, 'JSW': 0.014718804920913884, 'TPE': 0.00922671353251318}"
134,2019-07-08,108871.69888216056,0.0,"{'PKO': 0.16476274165202107, 'PKN': 0.1389499121265378, 'PZU': 0.12137521968365554, 'PEO': 0.08864235500878734, 'CDR': 0.07842706502636203, 'KGH': 0.06854130052724076, 'SPL': 0.06601493848857644, 'LPP': 0.05030755711775044, 'PGE': 0.03844463971880492, 'CPS': 0.03646748681898066, 'DNP': 0.03229349736379613, 'MBK': 0.027021089630931458, 'ALR': 0.024165202108963092, 'CCC': 0.02383567662565905, 'OPL': 0.01680579964850615, 'JSW': 0.014718804920913884, 'TPE': 0.00922671353251318}"
135,2019-07-09,108187.11329258833,0.0,"{'PKO': 0.16476274165202107, 'PKN': 0.1389499121265378, 'PZU': 0.12137521968365554, 'PEO': 0.08864235500878734, 'CDR': 0.07842706502636203, 'KGH': 0.06854130052724076, 'SPL': 0.06601493848857644, 'LPP': 0.05030755711775044, 'PGE': 0.03844463971880492, 'CPS': 0.03646748681898066, 'DNP': 0.03229349736379613, 'MBK': 0.027021089630931458, 'ALR': 0.024165202108963092, 'CCC': 0.02383567662565905, 'OPL': 0.01680579964850615, 'JSW': 0.014718804920913884, 'TPE': 0.00922671353251318}"
136,2019-07-10,108230.39061457734,0.0,"{'PKO': 0.16476274165202107, 'PKN': 0.1389499121265378, 'PZU': 0.12137521968365554, 'PEO': 0.08864235500878734, 'CDR': 0.07842706502636203, 'KGH': 0.06854130052724076, 'SPL': 0.06601493848857644, 'LPP': 0.05030755711775044, 'PGE': 0.03844463971880492, 'CPS': 0.03646748681898066, 'DNP': 0.03229349736379613, 'MBK': 0.027021089630931458, 'ALR': 0.024165202108963092, 'CCC': 0.02383567662565905, 'OPL': 0.01680579964850615, 'JSW': 0.014718804920913884, 'TPE': 0.00922671353251318}"
137,2019-07-11,108208.7615836844,0.0,"{'PKO': 0.16476274165202107, 'PKN': 0.1389499121265378, 'PZU': 0.12137521968365554, 'PEO': 0.08864235500878734, 'CDR': 0.07842706502636203, 'KGH': 0.06854130052724076, 'SPL': 0.06601493848857644, 'LPP': 0.05030755711775044, 'PGE': 0.03844463971880492, 'CPS': 0.03646748681898066, 'DNP': 0.03229349736379613, 'MBK': 0.027021089630931458, 'ALR': 0.024165202108963092, 'CCC': 0.02383567662565905, 'OPL': 0.01680579964850615, 'JSW': 0.014718804920913884, 'TPE': 0.00922671353251318}"
138,2019-07-12,107977.91991333217,0.0,"{'PKO': 0.16476274165202107, 'PKN': 0.1389499121265378, 'PZU': 0.12137521968365554, 'PEO': 0.08864235500878734, 'CDR': 0.07842706502636203, 'KGH': 0.06854130052724076, 'SPL': 0.06601493848857644, 'LPP': 0.05030755711775044, 'PGE': 0.03844463971880492, 'CPS': 0.03646748681898066, 'DNP': 0.03229349736379613, 'MBK': 0.027021089630931458, 'ALR': 0.024165202108963092, 'CCC': 0.02383567662565905, 'OPL': 0.01680579964850615, 'JSW': 0.014718804920913884, 'TPE': 0.00922671353251318}"
139,2019-07-15,108297.57300175285,0.0,"{'PKO': 0.16476274165202107, 'PKN': 0.1389499121265378, 'PZU': 0.12137521968365554, 'PEO': 0.08864235500878734, 'CDR': 0.07842706502636203, 'KGH': 0.06854130052724076, 'SPL': 0.06601493848857644, 'LPP': 0.05030755711775044, 'PGE': 0.03844463971880492, 'CPS': 0.03646748681898066, 'DNP': 0.03229349736379613, 'MBK': 0.027021089630931458, 'ALR': 0.024165202108963092, 'CCC': 0.02383567662565905, 'OPL': 0.01680579964850615, 'JSW': 0.014718804920913884, 'TPE': 0.00922671353251318}"
140,2019-07-16,108261.96892734323,0.0,"{'PKO': 0.16476274165202107, 'PKN': 0.1389499121265378, 'PZU': 0.12137521968365554, 'PEO': 0.08864235500878734, 'CDR': 0.07842706502636203, 'KGH': 0.06854130052724076, 'SPL': 0.06601493848857644, 'LPP': 0.05030755711775044, 'PGE': 0.03844463971880492, 'CPS': 0.03646748681898066, 'DNP': 0.03229349736379613, 'MBK': 0.027021089630931458, 'ALR': 0.024165202108963092, 'CCC': 0.02383567662565905, 'OPL': 0.01680579964850615, 'JSW': 0.014718804920913884, 'TPE': 0.00922671353251318}"
141,2019-07-17,107802.12370756228,0.0,"{'PKO': 0.16476274165202107, 'PKN': 0.1389499121265378, 'PZU': 0.12137521968365554, 'PEO': 0.08864235500878734, 'CDR': 0.07842706502636203, 'KGH': 0.06854130052724076, 'SPL': 0.06601493848857644, 'LPP': 0.05030755711775044, 'PGE': 0.03844463971880492, 'CPS': 0.03646748681898066, 'DNP': 0.03229349736379613, 'MBK': 0.027021089630931458, 'ALR': 0.024165202108963092, 'CCC': 0.02383567662565905, 'OPL': 0.01680579964850615, 'JSW': 0.014718804920913884, 'TPE': 0.00922671353251318}"
142,2019-07-18,108569.78010332558,0.0,"{'PKO': 0.16476274165202107, 'PKN': 0.1389499121265378, 'PZU': 0.12137521968365554, 'PEO': 0.08864235500878734, 'CDR': 0.07842706502636203, 'KGH': 0.06854130052724076, 'SPL': 0.06601493848857644, 'LPP': 0.05030755711775044, 'PGE': 0.03844463971880492, 'CPS': 0.03646748681898066, 'DNP': 0.03229349736379613, 'MBK': 0.027021089630931458, 'ALR': 0.024165202108963092, 'CCC': 0.02383567662565905, 'OPL': 0.01680579964850615, 'JSW': 0.014718804920913884, 'TPE': 0.00922671353251318}"
143,2019-07-19,110249.48094768479,-2.9103830456733704e-11,"{'PKN': 0.15599470735638296, 'PZU': 0.12095325921463185, 'PEO': 0.08563187176194648, 'CDR': 0.08368338125420104, 'KGH': 0.06190307539271955, 'SPL': 0.06161134220572414, 'LPP': 0.0521738659597747, 'PGE': 0.03953863674683684, 'CPS': 0.03659329468995121, 'DNP': 0.03494343209565178, 'MBK': 0.0233988403632981, 'ALR': 0.024949519767607665, 'CCC': 0.022022735241307958, 'OPL': 0.014209915960934249, 'JSW': 0.014435571600829145, 'TPE': 0.010160630072490318, 'FMG': 0.15779592031571202}"
144,2019-07-22,110264.69664748338,-2.9103830456733704e-11,"{'PKN': 0.15599470735638296, 'PZU': 0.12095325921463185, 'PEO': 0.08563187176194648, 'CDR': 0.08368338125420104, 'KGH': 0.06190307539271955, 'SPL': 0.06161134220572414, 'LPP': 0.0521738659597747, 'PGE': 0.03953863674683684, 'CPS': 0.03659329468995121, 'DNP': 0.03494343209565178, 'MBK': 0.0233988403632981, 'ALR': 0.024949519767607665, 'CCC': 0.022022735241307958, 'OPL': 0.014209915960934249, 'JSW': 0.014435571600829145, 'TPE': 0.010160630072490318, 'FMG': 0.15779592031571202}"
145,2019-07-23,109896.21860161453,-2.9103830456733704e-11,"{'PKN': 0.15599470735638296, 'PZU': 0.12095325921463185, 'PEO': 0.08563187176194648, 'CDR': 0.08368338125420104, 'KGH': 0.06190307539271955, 'SPL': 0.06161134220572414, 'LPP': 0.0521738659597747, 'PGE': 0.03953863674683684, 'CPS': 0.03659329468995121, 'DNP': 0.03494343209565178, 'MBK': 0.0233988403632981, 'ALR': 0.024949519767607665, 'CCC': 0.022022735241307958, 'OPL': 0.014209915960934249, 'JSW': 0.014435571600829145, 'TPE': 0.010160630072490318, 'FMG': 0.15779592031571202}"
146,2019-07-24,109859.49507663582,-2.9103830456733704e-11,"{'PKN': 0.15599470735638296, 'PZU': 0.12095325921463185, 'PEO': 0.08563187176194648, 'CDR': 0.08368338125420104, 'KGH': 0.06190307539271955, 'SPL': 0.06161134220572414, 'LPP': 0.0521738659597747, 'PGE': 0.03953863674683684, 'CPS': 0.03659329468995121, 'DNP': 0.03494343209565178, 'MBK': 0.0233988403632981, 'ALR': 0.024949519767607665, 'CCC': 0.022022735241307958, 'OPL': 0.014209915960934249, 'JSW': 0.014435571600829145, 'TPE': 0.010160630072490318, 'FMG': 0.15779592031571202}"
147,2019-07-25,108770.96210551867,-2.9103830456733704e-11,"{'PKN': 0.15599470735638296, 'PZU': 0.12095325921463185, 'PEO': 0.08563187176194648, 'CDR': 0.08368338125420104, 'KGH': 0.06190307539271955, 'SPL': 0.06161134220572414, 'LPP': 0.0521738659597747, 'PGE': 0.03953863674683684, 'CPS': 0.03659329468995121, 'DNP': 0.03494343209565178, 'MBK': 0.0233988403632981, 'ALR': 0.024949519767607665, 'CCC': 0.022022735241307958, 'OPL': 0.014209915960934249, 'JSW': 0.014435571600829145, 'TPE': 0.010160630072490318, 'FMG': 0.15779592031571202}"
148,2019-07-26,108567.60643865688,-2.9103830456733704e-11,"{'PKN': 0.15599470735638296, 'PZU': 0.12095325921463185, 'PEO': 0.08563187176194648, 'CDR': 0.08368338125420104, 'KGH': 0.06190307539271955, 'SPL': 0.06161134220572414, 'LPP': 0.0521738659597747, 'PGE': 0.03953863674683684, 'CPS': 0.03659329468995121, 'DNP': 0.03494343209565178, 'MBK': 0.0233988403632981, 'ALR': 0.024949519767607665, 'CCC': 0.022022735241307958, 'OPL': 0.014209915960934249, 'JSW': 0.014435571600829145, 'TPE': 0.010160630072490318, 'FMG': 0.15779592031571202}"
149,2019-07-29,107797.79601466071,-2.9103830456733704e-11,"{'PKN': 0.15599470735638296, 'PZU': 0.12095325921463185, 'PEO': 0.08563187176194648, 'CDR': 0.08368338125420104, 'KGH': 0.06190307539271955, 'SPL': 0.06161134220572414, 'LPP': 0.0521738659597747, 'PGE': 0.03953863674683684, 'CPS': 0.03659329468995121, 'DNP': 0.03494343209565178, 'MBK': 0.0233988403632981, 'ALR': 0.024949519767607665, 'CCC': 0.022022735241307958, 'OPL': 0.014209915960934249, 'JSW': 0.014435571600829145, 'TPE': 0.010160630072490318, 'FMG': 0.15779592031571202}"
150,2019-07-30,107290.61587457336,-2.9103830456733704e-11,"{'PKN': 0.15599470735638296, 'PZU': 0.12095325921463185, 'PEO': 0.08563187176194648, 'CDR': 0.08368338125420104, 'KGH': 0.06190307539271955, 'SPL': 0.06161134220572414, 'LPP': 0.0521738659597747, 'PGE': 0.03953863674683684, 'CPS': 0.03659329468995121, 'DNP': 0.03494343209565178, 'MBK': 0.0233988403632981, 'ALR': 0.024949519767607665, 'CCC': 0.022022735241307958, 'OPL': 0.014209915960934249, 'JSW': 0.014435571600829145, 'TPE': 0.010160630072490318, 'FMG': 0.15779592031571202}"
151,2019-07-31,107470.15239943052,-2.9103830456733704e-11,"{'PKN': 0.15599470735638296, 'PZU': 0.12095325921463185, 'PEO': 0.08563187176194648, 'CDR': 0.08368338125420104, 'KGH': 0.06190307539271955, 'SPL': 0.06161134220572414, 'LPP': 0.0521738659597747, 'PGE': 0.03953863674683684, 'CPS': 0.03659329468995121, 'DNP': 0.03494343209565178, 'MBK': 0.0233988403632981, 'ALR': 0.024949519767607665, 'CCC': 0.022022735241307958, 'OPL': 0.014209915960934249, 'JSW': 0.014435571600829145, 'TPE': 0.010160630072490318, 'FMG': 0.15779592031571202}"
152,2019-08-01,106238.44709049672,-2.9103830456733704e-11,"{'PKN': 0.15599470735638296, 'PZU': 0.12095325921463185, 'PEO': 0.08563187176194648, 'CDR': 0.08368338125420104, 'KGH': 0.06190307539271955, 'SPL': 0.06161134220572414, 'LPP': 0.0521738659597747, 'PGE': 0.03953863674683684, 'CPS': 0.03659329468995121, 'DNP': 0.03494343209565178, 'MBK': 0.0233988403632981, 'ALR': 0.024949519767607665, 'CCC': 0.022022735241307958, 'OPL': 0.014209915960934249, 'JSW': 0.014435571600829145, 'TPE': 0.010160630072490318, 'FMG': 0.15779592031571202}"
153,2019-08-02,105212.71569943194,-2.9103830456733704e-11,"{'PKN': 0.15599470735638296, 'PZU': 0.12095325921463185, 'PEO': 0.08563187176194648, 'CDR': 0.08368338125420104, 'KGH': 0.06190307539271955, 'SPL': 0.06161134220572414, 'LPP': 0.0521738659597747, 'PGE': 0.03953863674683684, 'CPS': 0.03659329468995121, 'DNP': 0.03494343209565178, 'MBK': 0.0233988403632981, 'ALR': 0.024949519767607665, 'CCC': 0.022022735241307958, 'OPL': 0.014209915960934249, 'JSW': 0.014435571600829145, 'TPE': 0.010160630072490318, 'FMG': 0.15779592031571202}"
154,2019-08-05,103007.71550321196,-2.9103830456733704e-11,"{'PKN': 0.15599470735638296, 'PZU': 0.12095325921463185, 'PEO': 0.08563187176194648, 'CDR': 0.08368338125420104, 'KGH': 0.06190307539271955, 'SPL': 0.06161134220572414, 'LPP': 0.0521738659597747, 'PGE': 0.03953863674683684, 'CPS': 0.03659329468995121, 'DNP': 0.03494343209565178, 'MBK': 0.0233988403632981, 'ALR': 0.024949519767607665, 'CCC': 0.022022735241307958, 'OPL': 0.014209915960934249, 'JSW': 0.014435571600829145, 'TPE': 0.010160630072490318, 'FMG': 0.15779592031571202}"
155,2019-08-06,102917.22804716903,-2.9103830456733704e-11,"{'PKN': 0.15599470735638296, 'PZU': 0.12095325921463185, 'PEO': 0.08563187176194648, 'CDR': 0.08368338125420104, 'KGH': 0.06190307539271955, 'SPL': 0.06161134220572414, 'LPP': 0.0521738659597747, 'PGE': 0.03953863674683684, 'CPS': 0.03659329468995121, 'DNP': 0.03494343209565178, 'MBK': 0.0233988403632981, 'ALR': 0.024949519767607665, 'CCC': 0.022022735241307958, 'OPL': 0.014209915960934249, 'JSW': 0.014435571600829145, 'TPE': 0.010160630072490318, 'FMG': 0.15779592031571202}"
156,2019-08-07,102157.67061074098,-2.9103830456733704e-11,"{'PKN': 0.15599470735638296, 'PZU': 0.12095325921463185, 'PEO': 0.08563187176194648, 'CDR': 0.08368338125420104, 'KGH': 0.06190307539271955, 'SPL': 0.06161134220572414, 'LPP': 0.0521738659597747, 'PGE': 0.03953863674683684, 'CPS': 0.03659329468995121, 'DNP': 0.03494343209565178, 'MBK': 0.0233988403632981, 'ALR': 0.024949519767607665, 'CCC': 0.022022735241307958, 'OPL': 0.014209915960934249, 'JSW': 0.014435571600829145, 'TPE': 0.010160630072490318, 'FMG': 0.15779592031571202}"
157,2019-08-08,102726.24807947384,-2.9103830456733704e-11,"{'PKN': 0.15599470735638296, 'PZU': 0.12095325921463185, 'PEO': 0.08563187176194648, 'CDR': 0.08368338125420104, 'KGH': 0.06190307539271955, 'SPL': 0.06161134220572414, 'LPP': 0.0521738659597747, 'PGE': 0.03953863674683684, 'CPS': 0.03659329468995121, 'DNP': 0.03494343209565178, 'MBK': 0.0233988403632981, 'ALR': 0.024949519767607665, 'CCC': 0.022022735241307958, 'OPL': 0.014209915960934249, 'JSW': 0.014435571600829145, 'TPE': 0.010160630072490318, 'FMG': 0.15779592031571202}"
158,2019-08-09,101643.00875913387,-2.9103830456733704e-11,"{'PKN': 0.15599470735638296, 'PZU': 0.12095325921463185, 'PEO': 0.08563187176194648, 'CDR': 0.08368338125420104, 'KGH': 0.06190307539271955, 'SPL': 0.06161134220572414, 'LPP': 0.0521738659597747, 'PGE': 0.03953863674683684, 'CPS': 0.03659329468995121, 'DNP': 0.03494343209565178, 'MBK': 0.0233988403632981, 'ALR': 0.024949519767607665, 'CCC': 0.022022735241307958, 'OPL': 0.014209915960934249, 'JSW': 0.014435571600829145, 'TPE': 0.010160630072490318, 'FMG': 0.15779592031571202}"
159,2019-08-12,100694.1629101135,-2.9103830456733704e-11,"{'PKN': 0.15599470735638296, 'PZU': 0.12095325921463185, 'PEO': 0.08563187176194648, 'CDR': 0.08368338125420104, 'KGH': 0.06190307539271955, 'SPL': 0.06161134220572414, 'LPP': 0.0521738659597747, 'PGE': 0.03953863674683684, 'CPS': 0.03659329468995121, 'DNP': 0.03494343209565178, 'MBK': 0.0233988403632981, 'ALR': 0.024949519767607665, 'CCC': 0.022022735241307958, 'OPL': 0.014209915960934249, 'JSW': 0.014435571600829145, 'TPE': 0.010160630072490318, 'FMG': 0.15779592031571202}"
160,2019-08-13,102696.31689880608,-2.9103830456733704e-11,"{'PKN': 0.15599470735638296, 'PZU': 0.12095325921463185, 'PEO': 0.08563187176194648, 'CDR': 0.08368338125420104, 'KGH': 0.06190307539271955, 'SPL': 0.06161134220572414, 'LPP': 0.0521738659597747, 'PGE': 0.03953863674683684, 'CPS': 0.03659329468995121, 'DNP': 0.03494343209565178, 'MBK': 0.0233988403632981, 'ALR': 0.024949519767607665, 'CCC': 0.022022735241307958, 'OPL': 0.014209915960934249, 'JSW': 0.014435571600829145, 'TPE': 0.010160630072490318, 'FMG': 0.15779592031571202}"
161,2019-08-14,100239.51456937025,-2.9103830456733704e-11,"{'PKN': 0.15599470735638296, 'PZU': 0.12095325921463185, 'PEO': 0.08563187176194648, 'CDR': 0.08368338125420104, 'KGH': 0.06190307539271955, 'SPL': 0.06161134220572414, 'LPP': 0.0521738659597747, 'PGE': 0.03953863674683684, 'CPS': 0.03659329468995121, 'DNP': 0.03494343209565178, 'MBK': 0.0233988403632981, 'ALR': 0.024949519767607665, 'CCC': 0.022022735241307958, 'OPL': 0.014209915960934249, 'JSW': 0.014435571600829145, 'TPE': 0.010160630072490318, 'FMG': 0.15779592031571202}"
162,2019-08-15,100239.51456937025,-2.9103830456733704e-11,"{'PKN': 0.15599470735638296, 'PZU': 0.12095325921463185, 'PEO': 0.08563187176194648, 'CDR': 0.08368338125420104, 'KGH': 0.06190307539271955, 'SPL': 0.06161134220572414, 'LPP': 0.0521738659597747, 'PGE': 0.03953863674683684, 'CPS': 0.03659329468995121, 'DNP': 0.03494343209565178, 'MBK': 0.0233988403632981, 'ALR': 0.024949519767607665, 'CCC': 0.022022735241307958, 'OPL': 0.014209915960934249, 'JSW': 0.014435571600829145, 'TPE': 0.010160630072490318, 'FMG': 0.15779592031571202}"
163,2019-08-16,99498.91677973629,-2.9103830456733704e-11,"{'PKN': 0.15599470735638296, 'PZU': 0.12095325921463185, 'PEO': 0.08563187176194648, 'CDR': 0.08368338125420104, 'KGH': 0.06190307539271955, 'SPL': 0.06161134220572414, 'LPP': 0.0521738659597747, 'PGE': 0.03953863674683684, 'CPS': 0.03659329468995121, 'DNP': 0.03494343209565178, 'MBK': 0.0233988403632981, 'ALR': 0.024949519767607665, 'CCC': 0.022022735241307958, 'OPL': 0.014209915960934249, 'JSW': 0.014435571600829145, 'TPE': 0.010160630072490318, 'FMG': 0.15779592031571202}"
164,2019-08-19,101034.37771658022,-2.9103830456733704e-11,"{'PKN': 0.15599470735638296, 'PZU': 0.12095325921463185, 'PEO': 0.08563187176194648, 'CDR': 0.08368338125420104, 'KGH': 0.06190307539271955, 'SPL': 0.06161134220572414, 'LPP': 0.0521738659597747, 'PGE': 0.03953863674683684, 'CPS': 0.03659329468995121, 'DNP': 0.03494343209565178, 'MBK': 0.0233988403632981, 'ALR': 0.024949519767607665, 'CCC': 0.022022735241307958, 'OPL': 0.014209915960934249, 'JSW': 0.014435571600829145, 'TPE': 0.010160630072490318, 'FMG': 0.15779592031571202}"
165,2019-08-20,101368.75868612924,-2.9103830456733704e-11,"{'PKN': 0.15599470735638296, 'PZU': 0.12095325921463185, 'PEO': 0.08563187176194648, 'CDR': 0.08368338125420104, 'KGH': 0.06190307539271955, 'SPL': 0.06161134220572414, 'LPP': 0.0521738659597747, 'PGE': 0.03953863674683684, 'CPS': 0.03659329468995121, 'DNP': 0.03494343209565178, 'MBK': 0.0233988403632981, 'ALR': 0.024949519767607665, 'CCC': 0.022022735241307958, 'OPL': 0.014209915960934249, 'JSW': 0.014435571600829145, 'TPE': 0.010160630072490318, 'FMG': 0.15779592031571202}"
166,2019-08-21,101125.21513200174,-2.9103830456733704e-11,"{'PKN': 0.15599470735638296, 'PZU': 0.12095325921463185, 'PEO': 0.08563187176194648, 'CDR': 0.08368338125420104, 'KGH': 0.06190307539271955, 'SPL': 0.06161134220572414, 'LPP': 0.0521738659597747, 'PGE': 0.03953863674683684, 'CPS': 0.03659329468995121, 'DNP': 0.03494343209565178, 'MBK': 0.0233988403632981, 'ALR': 0.024949519767607665, 'CCC': 0.022022735241307958, 'OPL': 0.014209915960934249, 'JSW': 0.014435571600829145, 'TPE': 0.010160630072490318, 'FMG': 0.15779592031571202}"
167,2019-08-22,101156.03671479027,-2.9103830456733704e-11,"{'PKN': 0.15599470735638296, 'PZU': 0.12095325921463185, 'PEO': 0.08563187176194648, 'CDR': 0.08368338125420104, 'KGH': 0.06190307539271955, 'SPL': 0.06161134220572414, 'LPP': 0.0521738659597747, 'PGE': 0.03953863674683684, 'CPS': 0.03659329468995121, 'DNP': 0.03494343209565178, 'MBK': 0.0233988403632981, 'ALR': 0.024949519767607665, 'CCC': 0.022022735241307958, 'OPL': 0.014209915960934249, 'JSW': 0.014435571600829145, 'TPE': 0.010160630072490318, 'FMG': 0.15779592031571202}"
168,2019-08-23,101236.59614018902,-2.9103830456733704e-11,"{'PKN': 0.15599470735638296, 'PZU': 0.12095325921463185, 'PEO': 0.08563187176194648, 'CDR': 0.08368338125420104, 'KGH': 0.06190307539271955, 'SPL': 0.06161134220572414, 'LPP': 0.0521738659597747, 'PGE': 0.03953863674683684, 'CPS': 0.03659329468995121, 'DNP': 0.03494343209565178, 'MBK': 0.0233988403632981, 'ALR': 0.024949519767607665, 'CCC': 0.022022735241307958, 'OPL': 0.014209915960934249, 'JSW': 0.014435571600829145, 'TPE': 0.010160630072490318, 'FMG': 0.15779592031571202}"
169,2019-08-26,101116.01490231264,-2.9103830456733704e-11,"{'PKN': 0.15599470735638296, 'PZU': 0.12095325921463185, 'PEO': 0.08563187176194648, 'CDR': 0.08368338125420104, 'KGH': 0.06190307539271955, 'SPL': 0.06161134220572414, 'LPP': 0.0521738659597747, 'PGE': 0.03953863674683684, 'CPS': 0.03659329468995121, 'DNP': 0.03494343209565178, 'MBK': 0.0233988403632981, 'ALR': 0.024949519767607665, 'CCC': 0.022022735241307958, 'OPL': 0.014209915960934249, 'JSW': 0.014435571600829145, 'TPE': 0.010160630072490318, 'FMG': 0.15779592031571202}"
170,2019-08-27,100827.7096883229,-2.9103830456733704e-11,"{'PKN': 0.15599470735638296, 'PZU': 0.12095325921463185, 'PEO': 0.08563187176194648, 'CDR': 0.08368338125420104, 'KGH': 0.06190307539271955, 'SPL': 0.06161134220572414, 'LPP': 0.0521738659597747, 'PGE': 0.03953863674683684, 'CPS': 0.03659329468995121, 'DNP': 0.03494343209565178, 'MBK': 0.0233988403632981, 'ALR': 0.024949519767607665, 'CCC': 0.022022735241307958, 'OPL': 0.014209915960934249, 'JSW': 0.014435571600829145, 'TPE': 0.010160630072490318, 'FMG': 0.15779592031571202}"
171,2019-08-28,99582.14454570919,-2.9103830456733704e-11,"{'PKN': 0.15599470735638296, 'PZU': 0.12095325921463185, 'PEO': 0.08563187176194648, 'CDR': 0.08368338125420104, 'KGH': 0.06190307539271955, 'SPL': 0.06161134220572414, 'LPP': 0.0521738659597747, 'PGE': 0.03953863674683684, 'CPS': 0.03659329468995121, 'DNP': 0.03494343209565178, 'MBK': 0.0233988403632981, 'ALR': 0.024949519767607665, 'CCC': 0.022022735241307958, 'OPL': 0.014209915960934249, 'JSW': 0.014435571600829145, 'TPE': 0.010160630072490318, 'FMG': 0.15779592031571202}"
172,2019-08-29,100186.9255957439,-2.9103830456733704e-11,"{'PKN': 0.15599470735638296, 'PZU': 0.12095325921463185, 'PEO': 0.08563187176194648, 'CDR': 0.08368338125420104, 'KGH': 0.06190307539271955, 'SPL': 0.06161134220572414, 'LPP': 0.0521738659597747, 'PGE': 0.03953863674683684, 'CPS': 0.03659329468995121, 'DNP': 0.03494343209565178, 'MBK': 0.0233988403632981, 'ALR': 0.024949519767607665, 'CCC': 0.022022735241307958, 'OPL': 0.014209915960934249, 'JSW': 0.014435571600829145, 'TPE': 0.010160630072490318, 'FMG': 0.15779592031571202}"
173,2019-08-30,102543.64816667284,-2.9103830456733704e-11,"{'PKN': 0.15599470735638296, 'PZU': 0.12095325921463185, 'PEO': 0.08563187176194648, 'CDR': 0.08368338125420104, 'KGH': 0.06190307539271955, 'SPL': 0.06161134220572414, 'LPP': 0.0521738659597747, 'PGE': 0.03953863674683684, 'CPS': 0.03659329468995121, 'DNP': 0.03494343209565178, 'MBK': 0.0233988403632981, 'ALR': 0.024949519767607665, 'CCC': 0.022022735241307958, 'OPL': 0.014209915960934249, 'JSW': 0.014435571600829145, 'TPE': 0.010160630072490318, 'FMG': 0.15779592031571202}"
174,2019-09-02,102871.26717486588,-2.9103830456733704e-11,"{'PKN': 0.15599470735638296, 'PZU': 0.12095325921463185, 'PEO': 0.08563187176194648, 'CDR': 0.08368338125420104, 'KGH': 0.06190307539271955, 'SPL': 0.06161134220572414, 'LPP': 0.0521738659597747, 'PGE': 0.03953863674683684, 'CPS': 0.03659329468995121, 'DNP': 0.03494343209565178, 'MBK': 0.0233988403632981, 'ALR': 0.024949519767607665, 'CCC': 0.022022735241307958, 'OPL': 0.014209915960934249, 'JSW': 0.014435571600829145, 'TPE': 0.010160630072490318, 'FMG': 0.15779592031571202}"
175,2019-09-03,101411.81479483719,-2.9103830456733704e-11,"{'PKN': 0.15599470735638296, 'PZU': 0.12095325921463185, 'PEO': 0.08563187176194648, 'CDR': 0.08368338125420104, 'KGH': 0.06190307539271955, 'SPL': 0.06161134220572414, 'LPP': 0.0521738659597747, 'PGE': 0.03953863674683684, 'CPS': 0.03659329468995121, 'DNP': 0.03494343209565178, 'MBK': 0.0233988403632981, 'ALR': 0.024949519767607665, 'CCC': 0.022022735241307958, 'OPL': 0.014209915960934249, 'JSW': 0.014435571600829145, 'TPE': 0.010160630072490318, 'FMG': 0.15779592031571202}"
176,2019-09-04,101350.66357515211,-2.9103830456733704e-11,"{'PKN': 0.15599470735638296, 'PZU': 0.12095325921463185, 'PEO': 0.08563187176194648, 'CDR': 0.08368338125420104, 'KGH': 0.06190307539271955, 'SPL': 0.06161134220572414, 'LPP': 0.0521738659597747, 'PGE': 0.03953863674683684, 'CPS': 0.03659329468995121, 'DNP': 0.03494343209565178, 'MBK': 0.0233988403632981, 'ALR': 0.024949519767607665, 'CCC': 0.022022735241307958, 'OPL': 0.014209915960934249, 'JSW': 0.014435571600829145, 'TPE': 0.010160630072490318, 'FMG': 0.15779592031571202}"
177,2019-09-05,101553.33256558613,-2.9103830456733704e-11,"{'PKN': 0.15599470735638296, 'PZU': 0.12095325921463185, 'PEO': 0.08563187176194648, 'CDR': 0.08368338125420104, 'KGH': 0.06190307539271955, 'SPL': 0.06161134220572414, 'LPP': 0.0521738659597747, 'PGE': 0.03953863674683684, 'CPS': 0.03659329468995121, 'DNP': 0.03494343209565178, 'MBK': 0.0233988403632981, 'ALR': 0.024949519767607665, 'CCC': 0.022022735241307958, 'OPL': 0.014209915960934249, 'JSW': 0.014435571600829145, 'TPE': 0.010160630072490318, 'FMG': 0.15779592031571202}"
178,2019-09-06,102111.91208692035,-2.9103830456733704e-11,"{'PKN': 0.15599470735638296, 'PZU': 0.12095325921463185, 'PEO': 0.08563187176194648, 'CDR': 0.08368338125420104, 'KGH': 0.06190307539271955, 'SPL': 0.06161134220572414, 'LPP': 0.0521738659597747, 'PGE': 0.03953863674683684, 'CPS': 0.03659329468995121, 'DNP': 0.03494343209565178, 'MBK': 0.0233988403632981, 'ALR': 0.024949519767607665, 'CCC': 0.022022735241307958, 'OPL': 0.014209915960934249, 'JSW': 0.014435571600829145, 'TPE': 0.010160630072490318, 'FMG': 0.15779592031571202}"
179,2019-09-09,104058.0271604308,-2.9103830456733704e-11,"{'PKN': 0.15599470735638296, 'PZU': 0.12095325921463185, 'PEO': 0.08563187176194648, 'CDR': 0.08368338125420104, 'KGH': 0.06190307539271955, 'SPL': 0.06161134220572414, 'LPP': 0.0521738659597747, 'PGE': 0.03953863674683684, 'CPS': 0.03659329468995121, 'DNP': 0.03494343209565178, 'MBK': 0.0233988403632981, 'ALR': 0.024949519767607665, 'CCC': 0.022022735241307958, 'OPL': 0.014209915960934249, 'JSW': 0.014435571600829145, 'TPE': 0.010160630072490318, 'FMG': 0.15779592031571202}"
180,2019-09-10,104454.25736396918,-2.9103830456733704e-11,"{'PKN': 0.15599470735638296, 'PZU': 0.12095325921463185, 'PEO': 0.08563187176194648, 'CDR': 0.08368338125420104, 'KGH': 0.06190307539271955, 'SPL': 0.06161134220572414, 'LPP': 0.0521738659597747, 'PGE': 0.03953863674683684, 'CPS': 0.03659329468995121, 'DNP': 0.03494343209565178, 'MBK': 0.0233988403632981, 'ALR': 0.024949519767607665, 'CCC': 0.022022735241307958, 'OPL': 0.014209915960934249, 'JSW': 0.014435571600829145, 'TPE': 0.010160630072490318, 'FMG': 0.15779592031571202}"
181,2019-09-11,104715.20652935313,-2.9103830456733704e-11,"{'PKN': 0.15599470735638296, 'PZU': 0.12095325921463185, 'PEO': 0.08563187176194648, 'CDR': 0.08368338125420104, 'KGH': 0.06190307539271955, 'SPL': 0.06161134220572414, 'LPP': 0.0521738659597747, 'PGE': 0.03953863674683684, 'CPS': 0.03659329468995121, 'DNP': 0.03494343209565178, 'MBK': 0.0233988403632981, 'ALR': 0.024949519767607665, 'CCC': 0.022022735241307958, 'OPL': 0.014209915960934249, 'JSW': 0.014435571600829145, 'TPE': 0.010160630072490318, 'FMG': 0.15779592031571202}"
182,2019-09-12,104876.91941629972,-2.9103830456733704e-11,"{'PKN': 0.15599470735638296, 'PZU': 0.12095325921463185, 'PEO': 0.08563187176194648, 'CDR': 0.08368338125420104, 'KGH': 0.06190307539271955, 'SPL': 0.06161134220572414, 'LPP': 0.0521738659597747, 'PGE': 0.03953863674683684, 'CPS': 0.03659329468995121, 'DNP': 0.03494343209565178, 'MBK': 0.0233988403632981, 'ALR': 0.024949519767607665, 'CCC': 0.022022735241307958, 'OPL': 0.014209915960934249, 'JSW': 0.014435571600829145, 'TPE': 0.010160630072490318, 'FMG': 0.15779592031571202}"
183,2019-09-13,105366.65925035412,-2.9103830456733704e-11,"{'PKN': 0.15599470735638296, 'PZU': 0.12095325921463185, 'PEO': 0.08563187176194648, 'CDR': 0.08368338125420104, 'KGH': 0.06190307539271955, 'SPL': 0.06161134220572414, 'LPP': 0.0521738659597747, 'PGE': 0.03953863674683684, 'CPS': 0.03659329468995121, 'DNP': 0.03494343209565178, 'MBK': 0.0233988403632981, 'ALR': 0.024949519767607665, 'CCC': 0.022022735241307958, 'OPL': 0.014209915960934249, 'JSW': 0.014435571600829145, 'TPE': 0.010160630072490318, 'FMG': 0.15779592031571202}"
184,2019-09-16,105913.11083574826,-2.9103830456733704e-11,"{'PKN': 0.15599470735638296, 'PZU': 0.12095325921463185, 'PEO': 0.08563187176194648, 'CDR': 0.08368338125420104, 'KGH': 0.06190307539271955, 'SPL': 0.06161134220572414, 'LPP': 0.0521738659597747, 'PGE': 0.03953863674683684, 'CPS': 0.03659329468995121, 'DNP': 0.03494343209565178, 'MBK': 0.0233988403632981, 'ALR': 0.024949519767607665, 'CCC': 0.022022735241307958, 'OPL': 0.014209915960934249, 'JSW': 0.014435571600829145, 'TPE': 0.010160630072490318, 'FMG': 0.15779592031571202}"
185,2019-09-17,104857.7965855272,-2.9103830456733704e-11,"{'PKN': 0.15599470735638296, 'PZU': 0.12095325921463185, 'PEO': 0.08563187176194648, 'CDR': 0.08368338125420104, 'KGH': 0.06190307539271955, 'SPL': 0.06161134220572414, 'LPP': 0.0521738659597747, 'PGE': 0.03953863674683684, 'CPS': 0.03659329468995121, 'DNP': 0.03494343209565178, 'MBK': 0.0233988403632981, 'ALR': 0.024949519767607665, 'CCC': 0.022022735241307958, 'OPL': 0.014209915960934249, 'JSW': 0.014435571600829145, 'TPE': 0.010160630072490318, 'FMG': 0.15779592031571202}"
186,2019-09-18,105361.09109518504,-2.9103830456733704e-11,"{'PKN': 0.15599470735638296, 'PZU': 0.12095325921463185, 'PEO': 0.08563187176194648, 'CDR': 0.08368338125420104, 'KGH': 0.06190307539271955, 'SPL': 0.06161134220572414, 'LPP': 0.0521738659597747, 'PGE': 0.03953863674683684, 'CPS': 0.03659329468995121, 'DNP': 0.03494343209565178, 'MBK': 0.0233988403632981, 'ALR': 0.024949519767607665, 'CCC': 0.022022735241307958, 'OPL': 0.014209915960934249, 'JSW': 0.014435571600829145, 'TPE': 0.010160630072490318, 'FMG': 0.15779592031571202}"
187,2019-09-19,104830.00709562605,-2.9103830456733704e-11,"{'PKN': 0.15599470735638296, 'PZU': 0.12095325921463185, 'PEO': 0.08563187176194648, 'CDR': 0.08368338125420104, 'KGH': 0.06190307539271955, 'SPL': 0.06161134220572414, 'LPP': 0.0521738659597747, 'PGE': 0.03953863674683684, 'CPS': 0.03659329468995121, 'DNP': 0.03494343209565178, 'MBK': 0.0233988403632981, 'ALR': 0.024949519767607665, 'CCC': 0.022022735241307958, 'OPL': 0.014209915960934249, 'JSW': 0.014435571600829145, 'TPE': 0.010160630072490318, 'FMG': 0.15779592031571202}"
188,2019-09-20,104480.2827619212,0.0,"{'PKO': 0.1646247707600067, 'PKN': 0.14636020119341983, 'PZU': 0.12008279528470756, 'CDR': 0.09125151043227173, 'PEO': 0.08791401757973052, 'KGH': 0.058154249020208236, 'SPL': 0.05742112004109034, 'LPP': 0.05285113640479255, 'CPS': 0.042839755345640676, 'DNP': 0.03974371215688082, 'PGE': 0.0335911357243435, 'MBK': 0.02382778931980337, 'OPL': 0.02180070964251182, 'ALR': 0.020883200920142717, 'CCC': 0.020579193843472572, 'JSW': 0.009451656838567852, 'TPE': 0.008623045492409151}"
189,2019-09-23,103206.91148136351,0.0,"{'PKO': 0.1646247707600067, 'PKN': 0.14636020119341983, 'PZU': 0.12008279528470756, 'CDR': 0.09125151043227173, 'PEO': 0.08791401757973052, 'KGH': 0.058154249020208236, 'SPL': 0.05742112004109034, 'LPP': 0.05285113640479255, 'CPS': 0.042839755345640676, 'DNP': 0.03974371215688082, 'PGE': 0.0335911357243435, 'MBK': 0.02382778931980337, 'OPL': 0.02180070964251182, 'ALR': 0.020883200920142717, 'CCC': 0.020579193843472572, 'JSW': 0.009451656838567852, 'TPE': 0.008623045492409151}"
190,2019-09-24,104590.85379233446,0.0,"{'PKO': 0.1646247707600067, 'PKN': 0.14636020119341983, 'PZU': 0.12008279528470756, 'CDR': 0.09125151043227173, 'PEO': 0.08791401757973052, 'KGH': 0.058154249020208236, 'SPL': 0.05742112004109034, 'LPP': 0.05285113640479255, 'CPS': 0.042839755345640676, 'DNP': 0.03974371215688082, 'PGE': 0.0335911357243435, 'MBK': 0.02382778931980337, 'OPL': 0.02180070964251182, 'ALR': 0.020883200920142717, 'CCC': 0.020579193843472572, 'JSW': 0.009451656838567852, 'TPE': 0.008623045492409151}"
191,2019-09-25,103921.01665601447,0.0,"{'PKO': 0.1646247707600067, 'PKN': 0.14636020119341983, 'PZU': 0.12008279528470756, 'CDR': 0.09125151043227173, 'PEO': 0.08791401757973052, 'KGH': 0.058154249020208236, 'SPL': 0.05742112004109034, 'LPP': 0.05285113640479255, 'CPS': 0.042839755345640676, 'DNP': 0.03974371215688082, 'PGE': 0.0335911357243435, 'MBK': 0.02382778931980337, 'OPL': 0.02180070964251182, 'ALR': 0.020883200920142717, 'CCC': 0.020579193843472572, 'JSW': 0.009451656838567852, 'TPE': 0.008623045492409151}"
192,2019-09-26,104610.33001115033,0.0,"{'PKO': 0.1646247707600067, 'PKN': 0.14636020119341983, 'PZU': 0.12008279528470756, 'CDR': 0.09125151043227173, 'PEO': 0.08791401757973052, 'KGH': 0.058154249020208236, 'SPL': 0.05742112004109034, 'LPP': 0.05285113640479255, 'CPS': 0.042839755345640676, 'DNP': 0.03974371215688082, 'PGE': 0.0335911357243435, 'MBK': 0.02382778931980337, 'OPL': 0.02180070964251182, 'ALR': 0.020883200920142717, 'CCC': 0.020579193843472572, 'JSW': 0.009451656838567852, 'TPE': 0.008623045492409151}"
193,2019-09-27,105269.83673001677,0.0,"{'PKO': 0.1646247707600067, 'PKN': 0.14636020119341983, 'PZU': 0.12008279528470756, 'CDR': 0.09125151043227173, 'PEO': 0.08791401757973052, 'KGH': 0.058154249020208236, 'SPL': 0.05742112004109034, 'LPP': 0.05285113640479255, 'CPS': 0.042839755345640676, 'DNP': 0.03974371215688082, 'PGE': 0.0335911357243435, 'MBK': 0.02382778931980337, 'OPL': 0.02180070964251182, 'ALR': 0.020883200920142717, 'CCC': 0.020579193843472572, 'JSW': 0.009451656838567852, 'TPE': 0.008623045492409151}"
194,2019-09-30,104601.01447787536,0.0,"{'PKO': 0.1646247707600067, 'PKN': 0.14636020119341983, 'PZU': 0.12008279528470756, 'CDR': 0.09125151043227173, 'PEO': 0.08791401757973052, 'KGH': 0.058154249020208236, 'SPL': 0.05742112004109034, 'LPP': 0.05285113640479255, 'CPS': 0.042839755345640676, 'DNP': 0.03974371215688082, 'PGE': 0.0335911357243435, 'MBK': 0.02382778931980337, 'OPL': 0.02180070964251182, 'ALR': 0.020883200920142717, 'CCC': 0.020579193843472572, 'JSW': 0.009451656838567852, 'TPE': 0.008623045492409151}"
195,2019-10-01,103486.36665971893,0.0,"{'PKO': 0.1646247707600067, 'PKN': 0.14636020119341983, 'PZU': 0.12008279528470756, 'CDR': 0.09125151043227173, 'PEO': 0.08791401757973052, 'KGH': 0.058154249020208236, 'SPL': 0.05742112004109034, 'LPP': 0.05285113640479255, 'CPS': 0.042839755345640676, 'DNP': 0.03974371215688082, 'PGE': 0.0335911357243435, 'MBK': 0.02382778931980337, 'OPL': 0.02180070964251182, 'ALR': 0.020883200920142717, 'CCC': 0.020579193843472572, 'JSW': 0.009451656838567852, 'TPE': 0.008623045492409151}"
196,2019-10-02,100880.25368486006,0.0,"{'PKO': 0.1646247707600067, 'PKN': 0.14636020119341983, 'PZU': 0.12008279528470756, 'CDR': 0.09125151043227173, 'PEO': 0.08791401757973052, 'KGH': 0.058154249020208236, 'SPL': 0.05742112004109034, 'LPP': 0.05285113640479255, 'CPS': 0.042839755345640676, 'DNP': 0.03974371215688082, 'PGE': 0.0335911357243435, 'MBK': 0.02382778931980337, 'OPL': 0.02180070964251182, 'ALR': 0.020883200920142717, 'CCC': 0.020579193843472572, 'JSW': 0.009451656838567852, 'TPE': 0.008623045492409151}"
197,2019-10-03,100985.84366862237,0.0,"{'PKO': 0.1646247707600067, 'PKN': 0.14636020119341983, 'PZU': 0.12008279528470756, 'CDR': 0.09125151043227173, 'PEO': 0.08791401757973052, 'KGH': 0.058154249020208236, 'SPL': 0.05742112004109034, 'LPP': 0.05285113640479255, 'CPS': 0.042839755345640676, 'DNP': 0.03974371215688082, 'PGE': 0.0335911357243435, 'MBK': 0.02382778931980337, 'OPL': 0.02180070964251182, 'ALR': 0.020883200920142717, 'CCC': 0.020579193843472572, 'JSW': 0.009451656838567852, 'TPE': 0.008623045492409151}"
198,2019-10-04,101868.20537119557,0.0,"{'PKO': 0.1646247707600067, 'PKN': 0.14636020119341983, 'PZU': 0.12008279528470756, 'CDR': 0.09125151043227173, 'PEO': 0.08791401757973052, 'KGH': 0.058154249020208236, 'SPL': 0.05742112004109034, 'LPP': 0.05285113640479255, 'CPS': 0.042839755345640676, 'DNP': 0.03974371215688082, 'PGE': 0.0335911357243435, 'MBK': 0.02382778931980337, 'OPL': 0.02180070964251182, 'ALR': 0.020883200920142717, 'CCC': 0.020579193843472572, 'JSW': 0.009451656838567852, 'TPE': 0.008623045492409151}"
199,2019-10-07,101847.63416261772,0.0,"{'PKO': 0.1646247707600067, 'PKN': 0.14636020119341983, 'PZU': 0.12008279528470756, 'CDR': 0.09125151043227173, 'PEO': 0.08791401757973052, 'KGH': 0.058154249020208236, 'SPL': 0.05742112004109034, 'LPP': 0.05285113640479255, 'CPS': 0.042839755345640676, 'DNP': 0.03974371215688082, 'PGE': 0.0335911357243435, 'MBK': 0.02382778931980337, 'OPL': 0.02180070964251182, 'ALR': 0.020883200920142717, 'CCC': 0.020579193843472572, 'JSW': 0.009451656838567852, 'TPE': 0.008623045492409151}"
200,2019-10-08,102168.41007398095,0.0,"{'PKO': 0.1646247707600067, 'PKN': 0.14636020119341983, 'PZU': 0.12008279528470756, 'CDR': 0.09125151043227173, 'PEO': 0.08791401757973052, 'KGH': 0.058154249020208236, 'SPL': 0.05742112004109034, 'LPP': 0.05285113640479255, 'CPS': 0.042839755345640676, 'DNP': 0.03974371215688082, 'PGE': 0.0335911357243435, 'MBK': 0.02382778931980337, 'OPL': 0.02180070964251182, 'ALR': 0.020883200920142717, 'CCC': 0.020579193843472572, 'JSW': 0.009451656838567852, 'TPE': 0.008623045492409151}"
201,2019-10-09,102372.90681981148,0.0,"{'PKO': 0.1646247707600067, 'PKN': 0.14636020119341983, 'PZU': 0.12008279528470756, 'CDR': 0.09125151043227173, 'PEO': 0.08791401757973052, 'KGH': 0.058154249020208236, 'SPL': 0.05742112004109034, 'LPP': 0.05285113640479255, 'CPS': 0.042839755345640676, 'DNP': 0.03974371215688082, 'PGE': 0.0335911357243435, 'MBK': 0.02382778931980337, 'OPL': 0.02180070964251182, 'ALR': 0.020883200920142717, 'CCC': 0.020579193843472572, 'JSW': 0.009451656838567852, 'TPE': 0.008623045492409151}"
202,2019-10-10,101817.76130708057,0.0,"{'PKO': 0.1646247707600067, 'PKN': 0.14636020119341983, 'PZU': 0.12008279528470756, 'CDR': 0.09125151043227173, 'PEO': 0.08791401757973052, 'KGH': 0.058154249020208236, 'SPL': 0.05742112004109034, 'LPP': 0.05285113640479255, 'CPS': 0.042839755345640676, 'DNP': 0.03974371215688082, 'PGE': 0.0335911357243435, 'MBK': 0.02382778931980337, 'OPL': 0.02180070964251182, 'ALR': 0.020883200920142717, 'CCC': 0.020579193843472572, 'JSW': 0.009451656838567852, 'TPE': 0.008623045492409151}"
203,2019-10-11,103648.36239596982,0.0,"{'PKO': 0.1646247707600067, 'PKN': 0.14636020119341983, 'PZU': 0.12008279528470756, 'CDR': 0.09125151043227173, 'PEO': 0.08791401757973052, 'KGH': 0.058154249020208236, 'SPL': 0.05742112004109034, 'LPP': 0.05285113640479255, 'CPS': 0.042839755345640676, 'DNP': 0.03974371215688082, 'PGE': 0.0335911357243435, 'MBK': 0.02382778931980337, 'OPL': 0.02180070964251182, 'ALR': 0.020883200920142717, 'CCC': 0.020579193843472572, 'JSW': 0.009451656838567852, 'TPE': 0.008623045492409151}"
204,2019-10-14,103057.82503851752,0.0,"{'PKO': 0.1646247707600067, 'PKN': 0.14636020119341983, 'PZU': 0.12008279528470756, 'CDR': 0.09125151043227173, 'PEO': 0.08791401757973052, 'KGH': 0.058154249020208236, 'SPL': 0.05742112004109034, 'LPP': 0.05285113640479255, 'CPS': 0.042839755345640676, 'DNP': 0.03974371215688082, 'PGE': 0.0335911357243435, 'MBK': 0.02382778931980337, 'OPL': 0.02180070964251182, 'ALR': 0.020883200920142717, 'CCC': 0.020579193843472572, 'JSW': 0.009451656838567852, 'TPE': 0.008623045492409151}"
205,2019-10-15,103412.45474419213,0.0,"{'PKO': 0.1646247707600067, 'PKN': 0.14636020119341983, 'PZU': 0.12008279528470756, 'CDR': 0.09125151043227173, 'PEO': 0.08791401757973052, 'KGH': 0.058154249020208236, 'SPL': 0.05742112004109034, 'LPP': 0.05285113640479255, 'CPS': 0.042839755345640676, 'DNP': 0.03974371215688082, 'PGE': 0.0335911357243435, 'MBK': 0.02382778931980337, 'OPL': 0.02180070964251182, 'ALR': 0.020883200920142717, 'CCC': 0.020579193843472572, 'JSW': 0.009451656838567852, 'TPE': 0.008623045492409151}"
206,2019-10-16,103535.99174757488,0.0,"{'PKO': 0.1646247707600067, 'PKN': 0.14636020119341983, 'PZU': 0.12008279528470756, 'CDR': 0.09125151043227173, 'PEO': 0.08791401757973052, 'KGH': 0.058154249020208236, 'SPL': 0.05742112004109034, 'LPP': 0.05285113640479255, 'CPS': 0.042839755345640676, 'DNP': 0.03974371215688082, 'PGE': 0.0335911357243435, 'MBK': 0.02382778931980337, 'OPL': 0.02180070964251182, 'ALR': 0.020883200920142717, 'CCC': 0.020579193843472572, 'JSW': 0.009451656838567852, 'TPE': 0.008623045492409151}"
207,2019-10-17,104438.96775217747,0.0,"{'PKO': 0.1646247707600067, 'PKN': 0.14636020119341983, 'PZU': 0.12008279528470756, 'CDR': 0.09125151043227173, 'PEO': 0.08791401757973052, 'KGH': 0.058154249020208236, 'SPL': 0.05742112004109034, 'LPP': 0.05285113640479255, 'CPS': 0.042839755345640676, 'DNP': 0.03974371215688082, 'PGE': 0.0335911357243435, 'MBK': 0.02382778931980337, 'OPL': 0.02180070964251182, 'ALR': 0.020883200920142717, 'CCC': 0.020579193843472572, 'JSW': 0.009451656838567852, 'TPE': 0.008623045492409151}"
208,2019-10-18,104010.36965551254,0.0,"{'PKO': 0.1646247707600067, 'PKN': 0.14636020119341983, 'PZU': 0.12008279528470756, 'CDR': 0.09125151043227173, 'PEO': 0.08791401757973052, 'KGH': 0.058154249020208236, 'SPL': 0.05742112004109034, 'LPP': 0.05285113640479255, 'CPS': 0.042839755345640676, 'DNP': 0.03974371215688082, 'PGE': 0.0335911357243435, 'MBK': 0.02382778931980337, 'OPL': 0.02180070964251182, 'ALR': 0.020883200920142717, 'CCC': 0.020579193843472572, 'JSW': 0.009451656838567852, 'TPE': 0.008623045492409151}"
209,2019-10-21,104991.86468404367,0.0,"{'PKO': 0.1646247707600067, 'PKN': 0.14636020119341983, 'PZU': 0.12008279528470756, 'CDR': 0.09125151043227173, 'PEO': 0.08791401757973052, 'KGH': 0.058154249020208236, 'SPL': 0.05742112004109034, 'LPP': 0.05285113640479255, 'CPS': 0.042839755345640676, 'DNP': 0.03974371215688082, 'PGE': 0.0335911357243435, 'MBK': 0.02382778931980337, 'OPL': 0.02180070964251182, 'ALR': 0.020883200920142717, 'CCC': 0.020579193843472572, 'JSW': 0.009451656838567852, 'TPE': 0.008623045492409151}"
210,2019-10-22,106313.8426140963,0.0,"{'PKO': 0.1646247707600067, 'PKN': 0.14636020119341983, 'PZU': 0.12008279528470756, 'CDR': 0.09125151043227173, 'PEO': 0.08791401757973052, 'KGH': 0.058154249020208236, 'SPL': 0.05742112004109034, 'LPP': 0.05285113640479255, 'CPS': 0.042839755345640676, 'DNP': 0.03974371215688082, 'PGE': 0.0335911357243435, 'MBK': 0.02382778931980337, 'OPL': 0.02180070964251182, 'ALR': 0.020883200920142717, 'CCC': 0.020579193843472572, 'JSW': 0.009451656838567852, 'TPE': 0.008623045492409151}"
211,2019-10-23,106182.09617999465,0.0,"{'PKO': 0.1646247707600067, 'PKN': 0.14636020119341983, 'PZU': 0.12008279528470756, 'CDR': 0.09125151043227173, 'PEO': 0.08791401757973052, 'KGH': 0.058154249020208236, 'SPL': 0.05742112004109034, 'LPP': 0.05285113640479255, 'CPS': 0.042839755345640676, 'DNP': 0.03974371215688082, 'PGE': 0.0335911357243435, 'MBK': 0.02382778931980337, 'OPL': 0.02180070964251182, 'ALR': 0.020883200920142717, 'CCC': 0.020579193843472572, 'JSW': 0.009451656838567852, 'TPE': 0.008623045492409151}"
212,2019-10-24,106229.00102794556,0.0,"{'PKO': 0.1646247707600067, 'PKN': 0.14636020119341983, 'PZU': 0.12008279528470756, 'CDR': 0.09125151043227173, 'PEO': 0.08791401757973052, 'KGH': 0.058154249020208236, 'SPL': 0.05742112004109034, 'LPP': 0.05285113640479255, 'CPS': 0.042839755345640676, 'DNP': 0.03974371215688082, 'PGE': 0.0335911357243435, 'MBK': 0.02382778931980337, 'OPL': 0.02180070964251182, 'ALR': 0.020883200920142717, 'CCC': 0.020579193843472572, 'JSW': 0.009451656838567852, 'TPE': 0.008623045492409151}"
213,2019-10-25,104465.657196311,0.0,"{'PKO': 0.1646247707600067, 'PKN': 0.14636020119341983, 'PZU': 0.12008279528470756, 'CDR': 0.09125151043227173, 'PEO': 0.08791401757973052, 'KGH': 0.058154249020208236, 'SPL': 0.05742112004109034, 'LPP': 0.05285113640479255, 'CPS': 0.042839755345640676, 'DNP': 0.03974371215688082, 'PGE': 0.0335911357243435, 'MBK': 0.02382778931980337, 'OPL': 0.02180070964251182, 'ALR': 0.020883200920142717, 'CCC': 0.020579193843472572, 'JSW': 0.009451656838567852, 'TPE': 0.008623045492409151}"
214,2019-10-28,106095.06256696176,0.0,"{'PKO': 0.1646247707600067, 'PKN': 0.14636020119341983, 'PZU': 0.12008279528470756, 'CDR': 0.09125151043227173, 'PEO': 0.08791401757973052, 'KGH': 0.058154249020208236, 'SPL': 0.05742112004109034, 'LPP': 0.05285113640479255, 'CPS': 0.042839755345640676, 'DNP': 0.03974371215688082, 'PGE': 0.0335911357243435, 'MBK': 0.02382778931980337, 'OPL': 0.02180070964251182, 'ALR': 0.020883200920142717, 'CCC': 0.020579193843472572, 'JSW': 0.009451656838567852, 'TPE': 0.008623045492409151}"
215,2019-10-29,106841.65933423977,0.0,"{'PKO': 0.1646247707600067, 'PKN': 0.14636020119341983, 'PZU': 0.12008279528470756, 'CDR': 0.09125151043227173, 'PEO': 0.08791401757973052, 'KGH': 0.058154249020208236, 'SPL': 0.05742112004109034, 'LPP': 0.05285113640479255, 'CPS': 0.042839755345640676, 'DNP': 0.03974371215688082, 'PGE': 0.0335911357243435, 'MBK': 0.02382778931980337, 'OPL': 0.02180070964251182, 'ALR': 0.020883200920142717, 'CCC': 0.020579193843472572, 'JSW': 0.009451656838567852, 'TPE': 0.008623045492409151}"
216,2019-10-30,106777.63902284326,0.0,"{'PKO': 0.1646247707600067, 'PKN': 0.14636020119341983, 'PZU': 0.12008279528470756, 'CDR': 0.09125151043227173, 'PEO': 0.08791401757973052, 'KGH': 0.058154249020208236, 'SPL': 0.05742112004109034, 'LPP': 0.05285113640479255, 'CPS': 0.042839755345640676, 'DNP': 0.03974371215688082, 'PGE': 0.0335911357243435, 'MBK': 0.02382778931980337, 'OPL': 0.02180070964251182, 'ALR': 0.020883200920142717, 'CCC': 0.020579193843472572, 'JSW': 0.009451656838567852, 'TPE': 0.008623045492409151}"
217,2019-10-31,105122.27392817473,0.0,"{'PKO': 0.1646247707600067, 'PKN': 0.14636020119341983, 'PZU': 0.12008279528470756, 'CDR': 0.09125151043227173, 'PEO': 0.08791401757973052, 'KGH': 0.058154249020208236, 'SPL': 0.05742112004109034, 'LPP': 0.05285113640479255, 'CPS': 0.042839755345640676, 'DNP': 0.03974371215688082, 'PGE': 0.0335911357243435, 'MBK': 0.02382778931980337, 'OPL': 0.02180070964251182, 'ALR': 0.020883200920142717, 'CCC': 0.020579193843472572, 'JSW': 0.009451656838567852, 'TPE': 0.008623045492409151}"
218,2019-11-01,105122.27392817473,0.0,"{'PKO': 0.1646247707600067, 'PKN': 0.14636020119341983, 'PZU': 0.12008279528470756, 'CDR': 0.09125151043227173, 'PEO': 0.08791401757973052, 'KGH': 0.058154249020208236, 'SPL': 0.05742112004109034, 'LPP': 0.05285113640479255, 'CPS': 0.042839755345640676, 'DNP': 0.03974371215688082, 'PGE': 0.0335911357243435, 'MBK': 0.02382778931980337, 'OPL': 0.02180070964251182, 'ALR': 0.020883200920142717, 'CCC': 0.020579193843472572, 'JSW': 0.009451656838567852, 'TPE': 0.008623045492409151}"
219,2019-11-04,108379.07932352451,0.0,"{'PKO': 0.1646247707600067, 'PKN': 0.14636020119341983, 'PZU': 0.12008279528470756, 'CDR': 0.09125151043227173, 'PEO': 0.08791401757973052, 'KGH': 0.058154249020208236, 'SPL': 0.05742112004109034, 'LPP': 0.05285113640479255, 'CPS': 0.042839755345640676, 'DNP': 0.03974371215688082, 'PGE': 0.0335911357243435, 'MBK': 0.02382778931980337, 'OPL': 0.02180070964251182, 'ALR': 0.020883200920142717, 'CCC': 0.020579193843472572, 'JSW': 0.009451656838567852, 'TPE': 0.008623045492409151}"
220,2019-11-05,108777.58431316687,0.0,"{'PKO': 0.1646247707600067, 'PKN': 0.14636020119341983, 'PZU': 0.12008279528470756, 'CDR': 0.09125151043227173, 'PEO': 0.08791401757973052, 'KGH': 0.058154249020208236, 'SPL': 0.05742112004109034, 'LPP': 0.05285113640479255, 'CPS': 0.042839755345640676, 'DNP': 0.03974371215688082, 'PGE': 0.0335911357243435, 'MBK': 0.02382778931980337, 'OPL': 0.02180070964251182, 'ALR': 0.020883200920142717, 'CCC': 0.020579193843472572, 'JSW': 0.009451656838567852, 'TPE': 0.008623045492409151}"
221,2019-11-06,108017.424155958,0.0,"{'PKO': 0.1646247707600067, 'PKN': 0.14636020119341983, 'PZU': 0.12008279528470756, 'CDR': 0.09125151043227173, 'PEO': 0.08791401757973052, 'KGH': 0.058154249020208236, 'SPL': 0.05742112004109034, 'LPP': 0.05285113640479255, 'CPS': 0.042839755345640676, 'DNP': 0.03974371215688082, 'PGE': 0.0335911357243435, 'MBK': 0.02382778931980337, 'OPL': 0.02180070964251182, 'ALR': 0.020883200920142717, 'CCC': 0.020579193843472572, 'JSW': 0.009451656838567852, 'TPE': 0.008623045492409151}"
222,2019-11-07,108950.9836637658,0.0,"{'PKO': 0.1646247707600067, 'PKN': 0.14636020119341983, 'PZU': 0.12008279528470756, 'CDR': 0.09125151043227173, 'PEO': 0.08791401757973052, 'KGH': 0.058154249020208236, 'SPL': 0.05742112004109034, 'LPP': 0.05285113640479255, 'CPS': 0.042839755345640676, 'DNP': 0.03974371215688082, 'PGE': 0.0335911357243435, 'MBK': 0.02382778931980337, 'OPL': 0.02180070964251182, 'ALR': 0.020883200920142717, 'CCC': 0.020579193843472572, 'JSW': 0.009451656838567852, 'TPE': 0.008623045492409151}"
223,2019-11-08,108045.63847614278,0.0,"{'PKO': 0.1646247707600067, 'PKN': 0.14636020119341983, 'PZU': 0.12008279528470756, 'CDR': 0.09125151043227173, 'PEO': 0.08791401757973052, 'KGH': 0.058154249020208236, 'SPL': 0.05742112004109034, 'LPP': 0.05285113640479255, 'CPS': 0.042839755345640676, 'DNP': 0.03974371215688082, 'PGE': 0.0335911357243435, 'MBK': 0.02382778931980337, 'OPL': 0.02180070964251182, 'ALR': 0.020883200920142717, 'CCC': 0.020579193843472572, 'JSW': 0.009451656838567852, 'TPE': 0.008623045492409151}"
224,2019-11-11,108045.63847614278,0.0,"{'PKO': 0.1646247707600067, 'PKN': 0.14636020119341983, 'PZU': 0.12008279528470756, 'CDR': 0.09125151043227173, 'PEO': 0.08791401757973052, 'KGH': 0.058154249020208236, 'SPL': 0.05742112004109034, 'LPP': 0.05285113640479255, 'CPS': 0.042839755345640676, 'DNP': 0.03974371215688082, 'PGE': 0.0335911357243435, 'MBK': 0.02382778931980337, 'OPL': 0.02180070964251182, 'ALR': 0.020883200920142717, 'CCC': 0.020579193843472572, 'JSW': 0.009451656838567852, 'TPE': 0.008623045492409151}"
225,2019-11-12,107770.45145695466,0.0,"{'PKO': 0.1646247707600067, 'PKN': 0.14636020119341983, 'PZU': 0.12008279528470756, 'CDR': 0.09125151043227173, 'PEO': 0.08791401757973052, 'KGH': 0.058154249020208236, 'SPL': 0.05742112004109034, 'LPP': 0.05285113640479255, 'CPS': 0.042839755345640676, 'DNP': 0.03974371215688082, 'PGE': 0.0335911357243435, 'MBK': 0.02382778931980337, 'OPL': 0.02180070964251182, 'ALR': 0.020883200920142717, 'CCC': 0.020579193843472572, 'JSW': 0.009451656838567852, 'TPE': 0.008623045492409151}"
226,2019-11-13,107146.52397965084,0.0,"{'PKO': 0.1646247707600067, 'PKN': 0.14636020119341983, 'PZU': 0.12008279528470756, 'CDR': 0.09125151043227173, 'PEO': 0.08791401757973052, 'KGH': 0.058154249020208236, 'SPL': 0.05742112004109034, 'LPP': 0.05285113640479255, 'CPS': 0.042839755345640676, 'DNP': 0.03974371215688082, 'PGE': 0.0335911357243435, 'MBK': 0.02382778931980337, 'OPL': 0.02180070964251182, 'ALR': 0.020883200920142717, 'CCC': 0.020579193843472572, 'JSW': 0.009451656838567852, 'TPE': 0.008623045492409151}"
227,2019-11-14,106736.8781890351,0.0,"{'PKO': 0.1646247707600067, 'PKN': 0.14636020119341983, 'PZU': 0.12008279528470756, 'CDR': 0.09125151043227173, 'PEO': 0.08791401757973052, 'KGH': 0.058154249020208236, 'SPL': 0.05742112004109034, 'LPP': 0.05285113640479255, 'CPS': 0.042839755345640676, 'DNP': 0.03974371215688082, 'PGE': 0.0335911357243435, 'MBK': 0.02382778931980337, 'OPL': 0.02180070964251182, 'ALR': 0.020883200920142717, 'CCC': 0.020579193843472572, 'JSW': 0.009451656838567852, 'TPE': 0.008623045492409151}"
228,2019-11-15,107151.80423857085,0.0,"{'PKO': 0.1646247707600067, 'PKN': 0.14636020119341983, 'PZU': 0.12008279528470756, 'CDR': 0.09125151043227173, 'PEO': 0.08791401757973052, 'KGH': 0.058154249020208236, 'SPL': 0.05742112004109034, 'LPP': 0.05285113640479255, 'CPS': 0.042839755345640676, 'DNP': 0.03974371215688082, 'PGE': 0.0335911357243435, 'MBK': 0.02382778931980337, 'OPL': 0.02180070964251182, 'ALR': 0.020883200920142717, 'CCC': 0.020579193843472572, 'JSW': 0.009451656838567852, 'TPE': 0.008623045492409151}"
229,2019-11-18,107102.86050904864,0.0,"{'PKO': 0.1646247707600067, 'PKN': 0.14636020119341983, 'PZU': 0.12008279528470756, 'CDR': 0.09125151043227173, 'PEO': 0.08791401757973052, 'KGH': 0.058154249020208236, 'SPL': 0.05742112004109034, 'LPP': 0.05285113640479255, 'CPS': 0.042839755345640676, 'DNP': 0.03974371215688082, 'PGE': 0.0335911357243435, 'MBK': 0.02382778931980337, 'OPL': 0.02180070964251182, 'ALR': 0.020883200920142717, 'CCC': 0.020579193843472572, 'JSW': 0.009451656838567852, 'TPE': 0.008623045492409151}"
230,2019-11-19,106055.88614763129,0.0,"{'PKO': 0.1646247707600067, 'PKN': 0.14636020119341983, 'PZU': 0.12008279528470756, 'CDR': 0.09125151043227173, 'PEO': 0.08791401757973052, 'KGH': 0.058154249020208236, 'SPL': 0.05742112004109034, 'LPP': 0.05285113640479255, 'CPS': 0.042839755345640676, 'DNP': 0.03974371215688082, 'PGE': 0.0335911357243435, 'MBK': 0.02382778931980337, 'OPL': 0.02180070964251182, 'ALR': 0.020883200920142717, 'CCC': 0.020579193843472572, 'JSW': 0.009451656838567852, 'TPE': 0.008623045492409151}"
231,2019-11-20,105532.24359172925,0.0,"{'PKO': 0.1646247707600067, 'PKN': 0.14636020119341983, 'PZU': 0.12008279528470756, 'CDR': 0.09125151043227173, 'PEO': 0.08791401757973052, 'KGH': 0.058154249020208236, 'SPL': 0.05742112004109034, 'LPP': 0.05285113640479255, 'CPS': 0.042839755345640676, 'DNP': 0.03974371215688082, 'PGE': 0.0335911357243435, 'MBK': 0.02382778931980337, 'OPL': 0.02180070964251182, 'ALR': 0.020883200920142717, 'CCC': 0.020579193843472572, 'JSW': 0.009451656838567852, 'TPE': 0.008623045492409151}"
232,2019-11-21,104805.53570699763,0.0,"{'PKO': 0.1646247707600067, 'PKN': 0.14636020119341983, 'PZU': 0.12008279528470756, 'CDR': 0.09125151043227173, 'PEO': 0.08791401757973052, 'KGH': 0.058154249020208236, 'SPL': 0.05742112004109034, 'LPP': 0.05285113640479255, 'CPS': 0.042839755345640676, 'DNP': 0.03974371215688082, 'PGE': 0.0335911357243435, 'MBK': 0.02382778931980337, 'OPL': 0.02180070964251182, 'ALR': 0.020883200920142717, 'CCC': 0.020579193843472572, 'JSW': 0.009451656838567852, 'TPE': 0.008623045492409151}"
233,2019-11-22,105234.15703726547,0.0,"{'PKO': 0.1646247707600067, 'PKN': 0.14636020119341983, 'PZU': 0.12008279528470756, 'CDR': 0.09125151043227173, 'PEO': 0.08791401757973052, 'KGH': 0.058154249020208236, 'SPL': 0.05742112004109034, 'LPP': 0.05285113640479255, 'CPS': 0.042839755345640676, 'DNP': 0.03974371215688082, 'PGE': 0.0335911357243435, 'MBK': 0.02382778931980337, 'OPL': 0.02180070964251182, 'ALR': 0.020883200920142717, 'CCC': 0.020579193843472572, 'JSW': 0.009451656838567852, 'TPE': 0.008623045492409151}"
234,2019-11-25,105612.65609239282,0.0,"{'PKO': 0.1646247707600067, 'PKN': 0.14636020119341983, 'PZU': 0.12008279528470756, 'CDR': 0.09125151043227173, 'PEO': 0.08791401757973052, 'KGH': 0.058154249020208236, 'SPL': 0.05742112004109034, 'LPP': 0.05285113640479255, 'CPS': 0.042839755345640676, 'DNP': 0.03974371215688082, 'PGE': 0.0335911357243435, 'MBK': 0.02382778931980337, 'OPL': 0.02180070964251182, 'ALR': 0.020883200920142717, 'CCC': 0.020579193843472572, 'JSW': 0.009451656838567852, 'TPE': 0.008623045492409151}"
235,2019-11-26,105112.51967964116,0.0,"{'PKO': 0.1646247707600067, 'PKN': 0.14636020119341983, 'PZU': 0.12008279528470756, 'CDR': 0.09125151043227173, 'PEO': 0.08791401757973052, 'KGH': 0.058154249020208236, 'SPL': 0.05742112004109034, 'LPP': 0.05285113640479255, 'CPS': 0.042839755345640676, 'DNP': 0.03974371215688082, 'PGE': 0.0335911357243435, 'MBK': 0.02382778931980337, 'OPL': 0.02180070964251182, 'ALR': 0.020883200920142717, 'CCC': 0.020579193843472572, 'JSW': 0.009451656838567852, 'TPE': 0.008623045492409151}"
236,2019-11-27,104655.12094174976,0.0,"{'PKO': 0.1646247707600067, 'PKN': 0.14636020119341983, 'PZU': 0.12008279528470756, 'CDR': 0.09125151043227173, 'PEO': 0.08791401757973052, 'KGH': 0.058154249020208236, 'SPL': 0.05742112004109034, 'LPP': 0.05285113640479255, 'CPS': 0.042839755345640676, 'DNP': 0.03974371215688082, 'PGE': 0.0335911357243435, 'MBK': 0.02382778931980337, 'OPL': 0.02180070964251182, 'ALR': 0.020883200920142717, 'CCC': 0.020579193843472572, 'JSW': 0.009451656838567852, 'TPE': 0.008623045492409151}"
237,2019-11-28,103978.93367639322,0.0,"{'PKO': 0.1646247707600067, 'PKN': 0.14636020119341983, 'PZU': 0.12008279528470756, 'CDR': 0.09125151043227173, 'PEO': 0.08791401757973052, 'KGH': 0.058154249020208236, 'SPL': 0.05742112004109034, 'LPP': 0.05285113640479255, 'CPS': 0.042839755345640676, 'DNP': 0.03974371215688082, 'PGE': 0.0335911357243435, 'MBK': 0.02382778931980337, 'OPL': 0.02180070964251182, 'ALR': 0.020883200920142717, 'CCC': 0.020579193843472572, 'JSW': 0.009451656838567852, 'TPE': 0.008623045492409151}"
238,2019-11-29,103402.69916619702,0.0,"{'PKO': 0.1646247707600067, 'PKN': 0.14636020119341983, 'PZU': 0.12008279528470756, 'CDR': 0.09125151043227173, 'PEO': 0.08791401757973052, 'KGH': 0.058154249020208236, 'SPL': 0.05742112004109034, 'LPP': 0.05285113640479255, 'CPS': 0.042839755345640676, 'DNP': 0.03974371215688082, 'PGE': 0.0335911357243435, 'MBK': 0.02382778931980337, 'OPL': 0.02180070964251182, 'ALR': 0.020883200920142717, 'CCC': 0.020579193843472572, 'JSW': 0.009451656838567852, 'TPE': 0.008623045492409151}"
239,2019-12-02,101648.46821788327,0.0,"{'PKO': 0.1646247707600067, 'PKN': 0.14636020119341983, 'PZU': 0.12008279528470756, 'CDR': 0.09125151043227173, 'PEO': 0.08791401757973052, 'KGH': 0.058154249020208236, 'SPL': 0.05742112004109034, 'LPP': 0.05285113640479255, 'CPS': 0.042839755345640676, 'DNP': 0.03974371215688082, 'PGE': 0.0335911357243435, 'MBK': 0.02382778931980337, 'OPL': 0.02180070964251182, 'ALR': 0.020883200920142717, 'CCC': 0.020579193843472572, 'JSW': 0.009451656838567852, 'TPE': 0.008623045492409151}"
240,2019-12-03,100169.7917379654,0.0,"{'PKO': 0.1646247707600067, 'PKN': 0.14636020119341983, 'PZU': 0.12008279528470756, 'CDR': 0.09125151043227173, 'PEO': 0.08791401757973052, 'KGH': 0.058154249020208236, 'SPL': 0.05742112004109034, 'LPP': 0.05285113640479255, 'CPS': 0.042839755345640676, 'DNP': 0.03974371215688082, 'PGE': 0.0335911357243435, 'MBK': 0.02382778931980337, 'OPL': 0.02180070964251182, 'ALR': 0.020883200920142717, 'CCC': 0.020579193843472572, 'JSW': 0.009451656838567852, 'TPE': 0.008623045492409151}"
241,2019-12-04,99838.28264639704,0.0,"{'PKO': 0.1646247707600067, 'PKN': 0.14636020119341983, 'PZU': 0.12008279528470756, 'CDR': 0.09125151043227173, 'PEO': 0.08791401757973052, 'KGH': 0.058154249020208236, 'SPL': 0.05742112004109034, 'LPP': 0.05285113640479255, 'CPS': 0.042839755345640676, 'DNP': 0.03974371215688082, 'PGE': 0.0335911357243435, 'MBK': 0.02382778931980337, 'OPL': 0.02180070964251182, 'ALR': 0.020883200920142717, 'CCC': 0.020579193843472572, 'JSW': 0.009451656838567852, 'TPE': 0.008623045492409151}"
242,2019-12-05,100381.59643498244,0.0,"{'PKO': 0.1646247707600067, 'PKN': 0.14636020119341983, 'PZU': 0.12008279528470756, 'CDR': 0.09125151043227173, 'PEO': 0.08791401757973052, 'KGH': 0.058154249020208236, 'SPL': 0.05742112004109034, 'LPP': 0.05285113640479255, 'CPS': 0.042839755345640676, 'DNP': 0.03974371215688082, 'PGE': 0.0335911357243435, 'MBK': 0.02382778931980337, 'OPL': 0.02180070964251182, 'ALR': 0.020883200920142717, 'CCC': 0.020579193843472572, 'JSW': 0.009451656838567852, 'TPE': 0.008623045492409151}"
243,2019-12-06,99578.66553531741,0.0,"{'PKO': 0.1646247707600067, 'PKN': 0.14636020119341983, 'PZU': 0.12008279528470756, 'CDR': 0.09125151043227173, 'PEO': 0.08791401757973052, 'KGH': 0.058154249020208236, 'SPL': 0.05742112004109034, 'LPP': 0.05285113640479255, 'CPS': 0.042839755345640676, 'DNP': 0.03974371215688082, 'PGE': 0.0335911357243435, 'MBK': 0.02382778931980337, 'OPL': 0.02180070964251182, 'ALR': 0.020883200920142717, 'CCC': 0.020579193843472572, 'JSW': 0.009451656838567852, 'TPE': 0.008623045492409151}"
244,2019-12-09,99371.58400266443,0.0,"{'PKO': 0.1646247707600067, 'PKN': 0.14636020119341983, 'PZU': 0.12008279528470756, 'CDR': 0.09125151043227173, 'PEO': 0.08791401757973052, 'KGH': 0.058154249020208236, 'SPL': 0.05742112004109034, 'LPP': 0.05285113640479255, 'CPS': 0.042839755345640676, 'DNP': 0.03974371215688082, 'PGE': 0.0335911357243435, 'MBK': 0.02382778931980337, 'OPL': 0.02180070964251182, 'ALR': 0.020883200920142717, 'CCC': 0.020579193843472572, 'JSW': 0.009451656838567852, 'TPE': 0.008623045492409151}"
245,2019-12-10,98765.51874166355,0.0,"{'PKO': 0.1646247707600067, 'PKN': 0.14636020119341983, 'PZU': 0.12008279528470756, 'CDR': 0.09125151043227173, 'PEO': 0.08791401757973052, 'KGH': 0.058154249020208236, 'SPL': 0.05742112004109034, 'LPP': 0.05285113640479255, 'CPS': 0.042839755345640676, 'DNP': 0.03974371215688082, 'PGE': 0.0335911357243435, 'MBK': 0.02382778931980337, 'OPL': 0.02180070964251182, 'ALR': 0.020883200920142717, 'CCC': 0.020579193843472572, 'JSW': 0.009451656838567852, 'TPE': 0.008623045492409151}"
246,2019-12-11,98452.4760902092,0.0,"{'PKO': 0.1646247707600067, 'PKN': 0.14636020119341983, 'PZU': 0.12008279528470756, 'CDR': 0.09125151043227173, 'PEO': 0.08791401757973052, 'KGH': 0.058154249020208236, 'SPL': 0.05742112004109034, 'LPP': 0.05285113640479255, 'CPS': 0.042839755345640676, 'DNP': 0.03974371215688082, 'PGE': 0.0335911357243435, 'MBK': 0.02382778931980337, 'OPL': 0.02180070964251182, 'ALR': 0.020883200920142717, 'CCC': 0.020579193843472572, 'JSW': 0.009451656838567852, 'TPE': 0.008623045492409151}"
247,2019-12-12,101189.99534088976,0.0,"{'PKO': 0.1646247707600067, 'PKN': 0.14636020119341983, 'PZU': 0.12008279528470756, 'CDR': 0.09125151043227173, 'PEO': 0.08791401757973052, 'KGH': 0.058154249020208236, 'SPL': 0.05742112004109034, 'LPP': 0.05285113640479255, 'CPS': 0.042839755345640676, 'DNP': 0.03974371215688082, 'PGE': 0.0335911357243435, 'MBK': 0.02382778931980337, 'OPL': 0.02180070964251182, 'ALR': 0.020883200920142717, 'CCC': 0.020579193843472572, 'JSW': 0.009451656838567852, 'TPE': 0.008623045492409151}"
248,2019-12-13,101387.74418441932,0.0,"{'PKO': 0.1646247707600067, 'PKN': 0.14636020119341983, 'PZU': 0.12008279528470756, 'CDR': 0.09125151043227173, 'PEO': 0.08791401757973052, 'KGH': 0.058154249020208236, 'SPL': 0.05742112004109034, 'LPP': 0.05285113640479255, 'CPS': 0.042839755345640676, 'DNP': 0.03974371215688082, 'PGE': 0.0335911357243435, 'MBK': 0.02382778931980337, 'OPL': 0.02180070964251182, 'ALR': 0.020883200920142717, 'CCC': 0.020579193843472572, 'JSW': 0.009451656838567852, 'TPE': 0.008623045492409151}"
249,2019-12-16,101756.51592937075,0.0,"{'PKO': 0.1646247707600067, 'PKN': 0.14636020119341983, 'PZU': 0.12008279528470756, 'CDR': 0.09125151043227173, 'PEO': 0.08791401757973052, 'KGH': 0.058154249020208236, 'SPL': 0.05742112004109034, 'LPP': 0.05285113640479255, 'CPS': 0.042839755345640676, 'DNP': 0.03974371215688082, 'PGE': 0.0335911357243435, 'MBK': 0.02382778931980337, 'OPL': 0.02180070964251182, 'ALR': 0.020883200920142717, 'CCC': 0.020579193843472572, 'JSW': 0.009451656838567852, 'TPE': 0.008623045492409151}"
250,2019-12-17,102905.3091185578,0.0,"{'PKO': 0.1646247707600067, 'PKN': 0.14636020119341983, 'PZU': 0.12008279528470756, 'CDR': 0.09125151043227173, 'PEO': 0.08791401757973052, 'KGH': 0.058154249020208236, 'SPL': 0.05742112004109034, 'LPP': 0.05285113640479255, 'CPS': 0.042839755345640676, 'DNP': 0.03974371215688082, 'PGE': 0.0335911357243435, 'MBK': 0.02382778931980337, 'OPL': 0.02180070964251182, 'ALR': 0.020883200920142717, 'CCC': 0.020579193843472572, 'JSW': 0.009451656838567852, 'TPE': 0.008623045492409151}"
251,2019-12-18,102947.5450358319,0.0,"{'PKO': 0.1646247707600067, 'PKN': 0.14636020119341983, 'PZU': 0.12008279528470756, 'CDR': 0.09125151043227173, 'PEO': 0.08791401757973052, 'KGH': 0.058154249020208236, 'SPL': 0.05742112004109034, 'LPP': 0.05285113640479255, 'CPS': 0.042839755345640676, 'DNP': 0.03974371215688082, 'PGE': 0.0335911357243435, 'MBK': 0.02382778931980337, 'OPL': 0.02180070964251182, 'ALR': 0.020883200920142717, 'CCC': 0.020579193843472572, 'JSW': 0.009451656838567852, 'TPE': 0.008623045492409151}"
252,2019-12-19,103030.7338368085,0.0,"{'PKO': 0.1646247707600067, 'PKN': 0.14636020119341983, 'PZU': 0.12008279528470756, 'CDR': 0.09125151043227173, 'PEO': 0.08791401757973052, 'KGH': 0.058154249020208236, 'SPL': 0.05742112004109034, 'LPP': 0.05285113640479255, 'CPS': 0.042839755345640676, 'DNP': 0.03974371215688082, 'PGE': 0.0335911357243435, 'MBK': 0.02382778931980337, 'OPL': 0.02180070964251182, 'ALR': 0.020883200920142717, 'CCC': 0.020579193843472572, 'JSW': 0.009451656838567852, 'TPE': 0.008623045492409151}"
253,2019-12-20,102627.59051748906,0.0,"{'PKO': 0.1650506375355959, 'PKN': 0.1456109734466534, 'PZU': 0.11527576660519447, 'CDR': 0.09580309238874486, 'PEO': 0.08930119760742596, 'KGH': 0.06596083678472556, 'LPP': 0.06093669537814201, 'SPL': 0.052351861551123875, 'CPS': 0.04210661831049766, 'PGE': 0.03631224059541467, 'DNP': 0.03435143902149179, 'MBK': 0.027047398141749886, 'OPL': 0.022953041993283536, 'CCC': 0.016840666716548637, 'ALR': 0.014465037873619625, 'TPE': 0.009761094703855142, 'JSW': 0.005871401345932932}"
254,2019-12-23,103333.77730829187,0.0,"{'PKO': 0.1650506375355959, 'PKN': 0.1456109734466534, 'PZU': 0.11527576660519447, 'CDR': 0.09580309238874486, 'PEO': 0.08930119760742596, 'KGH': 0.06596083678472556, 'LPP': 0.06093669537814201, 'SPL': 0.052351861551123875, 'CPS': 0.04210661831049766, 'PGE': 0.03631224059541467, 'DNP': 0.03435143902149179, 'MBK': 0.027047398141749886, 'OPL': 0.022953041993283536, 'CCC': 0.016840666716548637, 'ALR': 0.014465037873619625, 'TPE': 0.009761094703855142, 'JSW': 0.005871401345932932}"
255,2019-12-24,103333.77730829187,0.0,"{'PKO': 0.1650506375355959, 'PKN': 0.1456109734466534, 'PZU': 0.11527576660519447, 'CDR': 0.09580309238874486, 'PEO': 0.08930119760742596, 'KGH': 0.06596083678472556, 'LPP': 0.06093669537814201, 'SPL': 0.052351861551123875, 'CPS': 0.04210661831049766, 'PGE': 0.03631224059541467, 'DNP': 0.03435143902149179, 'MBK': 0.027047398141749886, 'OPL': 0.022953041993283536, 'CCC': 0.016840666716548637, 'ALR': 0.014465037873619625, 'TPE': 0.009761094703855142, 'JSW': 0.005871401345932932}"
256,2019-12-25,103333.77730829187,0.0,"{'PKO': 0.1650506375355959, 'PKN': 0.1456109734466534, 'PZU': 0.11527576660519447, 'CDR': 0.09580309238874486, 'PEO': 0.08930119760742596, 'KGH': 0.06596083678472556, 'LPP': 0.06093669537814201, 'SPL': 0.052351861551123875, 'CPS': 0.04210661831049766, 'PGE': 0.03631224059541467, 'DNP': 0.03435143902149179, 'MBK': 0.027047398141749886, 'OPL': 0.022953041993283536, 'CCC': 0.016840666716548637, 'ALR': 0.014465037873619625, 'TPE': 0.009761094703855142, 'JSW': 0.005871401345932932}"
257,2019-12-26,103333.77730829187,0.0,"{'PKO': 0.1650506375355959, 'PKN': 0.1456109734466534, 'PZU': 0.11527576660519447, 'CDR': 0.09580309238874486, 'PEO': 0.08930119760742596, 'KGH': 0.06596083678472556, 'LPP': 0.06093669537814201, 'SPL': 0.052351861551123875, 'CPS': 0.04210661831049766, 'PGE': 0.03631224059541467, 'DNP': 0.03435143902149179, 'MBK': 0.027047398141749886, 'OPL': 0.022953041993283536, 'CCC': 0.016840666716548637, 'ALR': 0.014465037873619625, 'TPE': 0.009761094703855142, 'JSW': 0.005871401345932932}"
258,2019-12-27,103782.20903166178,0.0,"{'PKO': 0.1650506375355959, 'PKN': 0.1456109734466534, 'PZU': 0.11527576660519447, 'CDR': 0.09580309238874486, 'PEO': 0.08930119760742596, 'KGH': 0.06596083678472556, 'LPP': 0.06093669537814201, 'SPL': 0.052351861551123875, 'CPS': 0.04210661831049766, 'PGE': 0.03631224059541467, 'DNP': 0.03435143902149179, 'MBK': 0.027047398141749886, 'OPL': 0.022953041993283536, 'CCC': 0.016840666716548637, 'ALR': 0.014465037873619625, 'TPE': 0.009761094703855142, 'JSW': 0.005871401345932932}"
259,2019-12-30,103604.33292402345,0.0,"{'PKO': 0.1650506375355959, 'PKN': 0.1456109734466534, 'PZU': 0.11527576660519447, 'CDR': 0.09580309238874486, 'PEO': 0.08930119760742596, 'KGH': 0.06596083678472556, 'LPP': 0.06093669537814201, 'SPL': 0.052351861551123875, 'CPS': 0.04210661831049766, 'PGE': 0.03631224059541467, 'DNP': 0.03435143902149179, 'MBK': 0.027047398141749886, 'OPL': 0.022953041993283536, 'CCC': 0.016840666716548637, 'ALR': 0.014465037873619625, 'TPE': 0.009761094703855142, 'JSW': 0.005871401345932932}"
260,2019-12-31,103604.33292402345,0.0,"{'PKO': 0.1650506375355959, 'PKN': 0.1456109734466534, 'PZU': 0.11527576660519447, 'CDR': 0.09580309238874486, 'PEO': 0.08930119760742596, 'KGH': 0.06596083678472556, 'LPP': 0.06093669537814201, 'SPL': 0.052351861551123875, 'CPS': 0.04210661831049766, 'PGE': 0.03631224059541467, 'DNP': 0.03435143902149179, 'MBK': 0.027047398141749886, 'OPL': 0.022953041993283536, 'CCC': 0.016840666716548637, 'ALR': 0.014465037873619625, 'TPE': 0.009761094703855142, 'JSW': 0.005871401345932932}"
261,2020-01-01,103604.33292402345,0.0,"{'PKO': 0.1650506375355959, 'PKN': 0.1456109734466534, 'PZU': 0.11527576660519447, 'CDR': 0.09580309238874486, 'PEO': 0.08930119760742596, 'KGH': 0.06596083678472556, 'LPP': 0.06093669537814201, 'SPL': 0.052351861551123875, 'CPS': 0.04210661831049766, 'PGE': 0.03631224059541467, 'DNP': 0.03435143902149179, 'MBK': 0.027047398141749886, 'OPL': 0.022953041993283536, 'CCC': 0.016840666716548637, 'ALR': 0.014465037873619625, 'TPE': 0.009761094703855142, 'JSW': 0.005871401345932932}"
262,2020-01-02,105922.44525661513,0.0,"{'PKO': 0.1650506375355959, 'PKN': 0.1456109734466534, 'PZU': 0.11527576660519447, 'CDR': 0.09580309238874486, 'PEO': 0.08930119760742596, 'KGH': 0.06596083678472556, 'LPP': 0.06093669537814201, 'SPL': 0.052351861551123875, 'CPS': 0.04210661831049766, 'PGE': 0.03631224059541467, 'DNP': 0.03435143902149179, 'MBK': 0.027047398141749886, 'OPL': 0.022953041993283536, 'CCC': 0.016840666716548637, 'ALR': 0.014465037873619625, 'TPE': 0.009761094703855142, 'JSW': 0.005871401345932932}"
263,2020-01-03,104661.80793375445,0.0,"{'PKO': 0.1650506375355959, 'PKN': 0.1456109734466534, 'PZU': 0.11527576660519447, 'CDR': 0.09580309238874486, 'PEO': 0.08930119760742596, 'KGH': 0.06596083678472556, 'LPP': 0.06093669537814201, 'SPL': 0.052351861551123875, 'CPS': 0.04210661831049766, 'PGE': 0.03631224059541467, 'DNP': 0.03435143902149179, 'MBK': 0.027047398141749886, 'OPL': 0.022953041993283536, 'CCC': 0.016840666716548637, 'ALR': 0.014465037873619625, 'TPE': 0.009761094703855142, 'JSW': 0.005871401345932932}"
264,2020-01-06,104661.80793375445,0.0,"{'PKO': 0.1650506375355959, 'PKN': 0.1456109734466534, 'PZU': 0.11527576660519447, 'CDR': 0.09580309238874486, 'PEO': 0.08930119760742596, 'KGH': 0.06596083678472556, 'LPP': 0.06093669537814201, 'SPL': 0.052351861551123875, 'CPS': 0.04210661831049766, 'PGE': 0.03631224059541467, 'DNP': 0.03435143902149179, 'MBK': 0.027047398141749886, 'OPL': 0.022953041993283536, 'CCC': 0.016840666716548637, 'ALR': 0.014465037873619625, 'TPE': 0.009761094703855142, 'JSW': 0.005871401345932932}"
265,2020-01-07,103278.49594218814,0.0,"{'PKO': 0.1650506375355959, 'PKN': 0.1456109734466534, 'PZU': 0.11527576660519447, 'CDR': 0.09580309238874486, 'PEO': 0.08930119760742596, 'KGH': 0.06596083678472556, 'LPP': 0.06093669537814201, 'SPL': 0.052351861551123875, 'CPS': 0.04210661831049766, 'PGE': 0.03631224059541467, 'DNP': 0.03435143902149179, 'MBK': 0.027047398141749886, 'OPL': 0.022953041993283536, 'CCC': 0.016840666716548637, 'ALR': 0.014465037873619625, 'TPE': 0.009761094703855142, 'JSW': 0.005871401345932932}"
266,2020-01-08,101930.9672066181,0.0,"{'PKO': 0.1650506375355959, 'PKN': 0.1456109734466534, 'PZU': 0.11527576660519447, 'CDR': 0.09580309238874486, 'PEO': 0.08930119760742596, 'KGH': 0.06596083678472556, 'LPP': 0.06093669537814201, 'SPL': 0.052351861551123875, 'CPS': 0.04210661831049766, 'PGE': 0.03631224059541467, 'DNP': 0.03435143902149179, 'MBK': 0.027047398141749886, 'OPL': 0.022953041993283536, 'CCC': 0.016840666716548637, 'ALR': 0.014465037873619625, 'TPE': 0.009761094703855142, 'JSW': 0.005871401345932932}"
267,2020-01-09,103934.5913722747,0.0,"{'PKO': 0.1650506375355959, 'PKN': 0.1456109734466534, 'PZU': 0.11527576660519447, 'CDR': 0.09580309238874486, 'PEO': 0.08930119760742596, 'KGH': 0.06596083678472556, 'LPP': 0.06093669537814201, 'SPL': 0.052351861551123875, 'CPS': 0.04210661831049766, 'PGE': 0.03631224059541467, 'DNP': 0.03435143902149179, 'MBK': 0.027047398141749886, 'OPL': 0.022953041993283536, 'CCC': 0.016840666716548637, 'ALR': 0.014465037873619625, 'TPE': 0.009761094703855142, 'JSW': 0.005871401345932932}"
268,2020-01-10,104430.3696871707,0.0,"{'PKO': 0.1650506375355959, 'PKN': 0.1456109734466534, 'PZU': 0.11527576660519447, 'CDR': 0.09580309238874486, 'PEO': 0.08930119760742596, 'KGH': 0.06596083678472556, 'LPP': 0.06093669537814201, 'SPL': 0.052351861551123875, 'CPS': 0.04210661831049766, 'PGE': 0.03631224059541467, 'DNP': 0.03435143902149179, 'MBK': 0.027047398141749886, 'OPL': 0.022953041993283536, 'CCC': 0.016840666716548637, 'ALR': 0.014465037873619625, 'TPE': 0.009761094703855142, 'JSW': 0.005871401345932932}"
269,2020-01-13,105724.24022114741,0.0,"{'PKO': 0.1650506375355959, 'PKN': 0.1456109734466534, 'PZU': 0.11527576660519447, 'CDR': 0.09580309238874486, 'PEO': 0.08930119760742596, 'KGH': 0.06596083678472556, 'LPP': 0.06093669537814201, 'SPL': 0.052351861551123875, 'CPS': 0.04210661831049766, 'PGE': 0.03631224059541467, 'DNP': 0.03435143902149179, 'MBK': 0.027047398141749886, 'OPL': 0.022953041993283536, 'CCC': 0.016840666716548637, 'ALR': 0.014465037873619625, 'TPE': 0.009761094703855142, 'JSW': 0.005871401345932932}"
270,2020-01-14,105172.46317099206,0.0,"{'PKO': 0.1650506375355959, 'PKN': 0.1456109734466534, 'PZU': 0.11527576660519447, 'CDR': 0.09580309238874486, 'PEO': 0.08930119760742596, 'KGH': 0.06596083678472556, 'LPP': 0.06093669537814201, 'SPL': 0.052351861551123875, 'CPS': 0.04210661831049766, 'PGE': 0.03631224059541467, 'DNP': 0.03435143902149179, 'MBK': 0.027047398141749886, 'OPL': 0.022953041993283536, 'CCC': 0.016840666716548637, 'ALR': 0.014465037873619625, 'TPE': 0.009761094703855142, 'JSW': 0.005871401345932932}"
271,2020-01-15,104251.5304660663,0.0,"{'PKO': 0.1650506375355959, 'PKN': 0.1456109734466534, 'PZU': 0.11527576660519447, 'CDR': 0.09580309238874486, 'PEO': 0.08930119760742596, 'KGH': 0.06596083678472556, 'LPP': 0.06093669537814201, 'SPL': 0.052351861551123875, 'CPS': 0.04210661831049766, 'PGE': 0.03631224059541467, 'DNP': 0.03435143902149179, 'MBK': 0.027047398141749886, 'OPL': 0.022953041993283536, 'CCC': 0.016840666716548637, 'ALR': 0.014465037873619625, 'TPE': 0.009761094703855142, 'JSW': 0.005871401345932932}"
272,2020-01-16,104661.4338622204,0.0,"{'PKO': 0.1650506375355959, 'PKN': 0.1456109734466534, 'PZU': 0.11527576660519447, 'CDR': 0.09580309238874486, 'PEO': 0.08930119760742596, 'KGH': 0.06596083678472556, 'LPP': 0.06093669537814201, 'SPL': 0.052351861551123875, 'CPS': 0.04210661831049766, 'PGE': 0.03631224059541467, 'DNP': 0.03435143902149179, 'MBK': 0.027047398141749886, 'OPL': 0.022953041993283536, 'CCC': 0.016840666716548637, 'ALR': 0.014465037873619625, 'TPE': 0.009761094703855142, 'JSW': 0.005871401345932932}"
273,2020-01-17,104784.12164540953,0.0,"{'PKO': 0.1650506375355959, 'PKN': 0.1456109734466534, 'PZU': 0.11527576660519447, 'CDR': 0.09580309238874486, 'PEO': 0.08930119760742596, 'KGH': 0.06596083678472556, 'LPP': 0.06093669537814201, 'SPL': 0.052351861551123875, 'CPS': 0.04210661831049766, 'PGE': 0.03631224059541467, 'DNP': 0.03435143902149179, 'MBK': 0.027047398141749886, 'OPL': 0.022953041993283536, 'CCC': 0.016840666716548637, 'ALR': 0.014465037873619625, 'TPE': 0.009761094703855142, 'JSW': 0.005871401345932932}"
274,2020-01-20,104830.55195946102,2.9103830456733704e-11,"{'PKO': 0.16293001428108345, 'PKN': 0.14533028433251202, 'PZU': 0.11610498087928951, 'CDR': 0.09774800382891091, 'PEO': 0.0888220120796121, 'KGH': 0.06823157152377171, 'LPP': 0.05958773441282029, 'CPS': 0.04261188832935087, 'PGE': 0.034324557001470364, 'DNP': 0.0377266833135597, 'MBK': 0.027087560860964147, 'OPL': 0.024370728314693457, 'CCC': 0.014770041249207309, 'ALR': 0.013680687793000676, 'TPE': 0.009418688926306457, 'JSW': 0.006279004714939699, 'REG': 0.05097555815850721}"
275,2020-01-21,104019.0602730028,2.9103830456733704e-11,"{'PKO': 0.16293001428108345, 'PKN': 0.14533028433251202, 'PZU': 0.11610498087928951, 'CDR': 0.09774800382891091, 'PEO': 0.0888220120796121, 'KGH': 0.06823157152377171, 'LPP': 0.05958773441282029, 'CPS': 0.04261188832935087, 'PGE': 0.034324557001470364, 'DNP': 0.0377266833135597, 'MBK': 0.027087560860964147, 'OPL': 0.024370728314693457, 'CCC': 0.014770041249207309, 'ALR': 0.013680687793000676, 'TPE': 0.009418688926306457, 'JSW': 0.006279004714939699, 'REG': 0.05097555815850721}"
276,2020-01-22,103523.02680777339,2.9103830456733704e-11,"{'PKO': 0.16293001428108345, 'PKN': 0.14533028433251202, 'PZU': 0.11610498087928951, 'CDR': 0.09774800382891091, 'PEO': 0.0888220120796121, 'KGH': 0.06823157152377171, 'LPP': 0.05958773441282029, 'CPS': 0.04261188832935087, 'PGE': 0.034324557001470364, 'DNP': 0.0377266833135597, 'MBK': 0.027087560860964147, 'OPL': 0.024370728314693457, 'CCC': 0.014770041249207309, 'ALR': 0.013680687793000676, 'TPE': 0.009418688926306457, 'JSW': 0.006279004714939699, 'REG': 0.05097555815850721}"
277,2020-01-23,103672.61746762373,2.9103830456733704e-11,"{'PKO': 0.16293001428108345, 'PKN': 0.14533028433251202, 'PZU': 0.11610498087928951, 'CDR': 0.09774800382891091, 'PEO': 0.0888220120796121, 'KGH': 0.06823157152377171, 'LPP': 0.05958773441282029, 'CPS': 0.04261188832935087, 'PGE': 0.034324557001470364, 'DNP': 0.0377266833135597, 'MBK': 0.027087560860964147, 'OPL': 0.024370728314693457, 'CCC': 0.014770041249207309, 'ALR': 0.013680687793000676, 'TPE': 0.009418688926306457, 'JSW': 0.006279004714939699, 'REG': 0.05097555815850721}"
278,2020-01-24,103890.11533060139,2.9103830456733704e-11,"{'PKO': 0.16293001428108345, 'PKN': 0.14533028433251202, 'PZU': 0.11610498087928951, 'CDR': 0.09774800382891091, 'PEO': 0.0888220120796121, 'KGH': 0.06823157152377171, 'LPP': 0.05958773441282029, 'CPS': 0.04261188832935087, 'PGE': 0.034324557001470364, 'DNP': 0.0377266833135597, 'MBK': 0.027087560860964147, 'OPL': 0.024370728314693457, 'CCC': 0.014770041249207309, 'ALR': 0.013680687793000676, 'TPE': 0.009418688926306457, 'JSW': 0.006279004714939699, 'REG': 0.05097555815850721}"
279,2020-01-27,100751.42430946128,2.9103830456733704e-11,"{'PKO': 0.16293001428108345, 'PKN': 0.14533028433251202, 'PZU': 0.11610498087928951, 'CDR': 0.09774800382891091, 'PEO': 0.0888220120796121, 'KGH': 0.06823157152377171, 'LPP': 0.05958773441282029, 'CPS': 0.04261188832935087, 'PGE': 0.034324557001470364, 'DNP': 0.0377266833135597, 'MBK': 0.027087560860964147, 'OPL': 0.024370728314693457, 'CCC': 0.014770041249207309, 'ALR': 0.013680687793000676, 'TPE': 0.009418688926306457, 'JSW': 0.006279004714939699, 'REG': 0.05097555815850721}"
280,2020-01-28,101443.79663567599,2.9103830456733704e-11,"{'PKO': 0.16293001428108345, 'PKN': 0.14533028433251202, 'PZU': 0.11610498087928951, 'CDR': 0.09774800382891091, 'PEO': 0.0888220120796121, 'KGH': 0.06823157152377171, 'LPP': 0.05958773441282029, 'CPS': 0.04261188832935087, 'PGE': 0.034324557001470364, 'DNP': 0.0377266833135597, 'MBK': 0.027087560860964147, 'OPL': 0.024370728314693457, 'CCC': 0.014770041249207309, 'ALR': 0.013680687793000676, 'TPE': 0.009418688926306457, 'JSW': 0.006279004714939699, 'REG': 0.05097555815850721}"
281,2020-01-29,101424.52232864461,2.9103830456733704e-11,"{'PKO': 0.16293001428108345, 'PKN': 0.14533028433251202, 'PZU': 0.11610498087928951, 'CDR': 0.09774800382891091, 'PEO': 0.0888220120796121, 'KGH': 0.06823157152377171, 'LPP': 0.05958773441282029, 'CPS': 0.04261188832935087, 'PGE': 0.034324557001470364, 'DNP': 0.0377266833135597, 'MBK': 0.027087560860964147, 'OPL': 0.024370728314693457, 'CCC': 0.014770041249207309, 'ALR': 0.013680687793000676, 'TPE': 0.009418688926306457, 'JSW': 0.006279004714939699, 'REG': 0.05097555815850721}"
282,2020-01-30,100717.00688441297,2.9103830456733704e-11,"{'PKO': 0.16293001428108345, 'PKN': 0.14533028433251202, 'PZU': 0.11610498087928951, 'CDR': 0.09774800382891091, 'PEO': 0.0888220120796121, 'KGH': 0.06823157152377171, 'LPP': 0.05958773441282029, 'CPS': 0.04261188832935087, 'PGE': 0.034324557001470364, 'DNP': 0.0377266833135597, 'MBK': 0.027087560860964147, 'OPL': 0.024370728314693457, 'CCC': 0.014770041249207309, 'ALR': 0.013680687793000676, 'TPE': 0.009418688926306457, 'JSW': 0.006279004714939699, 'REG': 0.05097555815850721}"
283,2020-01-31,100051.02324422858,2.9103830456733704e-11,"{'PKO': 0.16293001428108345, 'PKN': 0.14533028433251202, 'PZU': 0.11610498087928951, 'CDR': 0.09774800382891091, 'PEO': 0.0888220120796121, 'KGH': 0.06823157152377171, 'LPP': 0.05958773441282029, 'CPS': 0.04261188832935087, 'PGE': 0.034324557001470364, 'DNP': 0.0377266833135597, 'MBK': 0.027087560860964147, 'OPL': 0.024370728314693457, 'CCC': 0.014770041249207309, 'ALR': 0.013680687793000676, 'TPE': 0.009418688926306457, 'JSW': 0.006279004714939699, 'REG': 0.05097555815850721}"
284,2020-02-03,100431.84596134233,2.9103830456733704e-11,"{'PKO': 0.16293001428108345, 'PKN': 0.14533028433251202, 'PZU': 0.11610498087928951, 'CDR': 0.09774800382891091, 'PEO': 0.0888220120796121, 'KGH': 0.06823157152377171, 'LPP': 0.05958773441282029, 'CPS': 0.04261188832935087, 'PGE': 0.034324557001470364, 'DNP': 0.0377266833135597, 'MBK': 0.027087560860964147, 'OPL': 0.024370728314693457, 'CCC': 0.014770041249207309, 'ALR': 0.013680687793000676, 'TPE': 0.009418688926306457, 'JSW': 0.006279004714939699, 'REG': 0.05097555815850721}"
285,2020-02-04,101864.93268860172,2.9103830456733704e-11,"{'PKO': 0.16293001428108345, 'PKN': 0.14533028433251202, 'PZU': 0.11610498087928951, 'CDR': 0.09774800382891091, 'PEO': 0.0888220120796121, 'KGH': 0.06823157152377171, 'LPP': 0.05958773441282029, 'CPS': 0.04261188832935087, 'PGE': 0.034324557001470364, 'DNP': 0.0377266833135597, 'MBK': 0.027087560860964147, 'OPL': 0.024370728314693457, 'CCC': 0.014770041249207309, 'ALR': 0.013680687793000676, 'TPE': 0.009418688926306457, 'JSW': 0.006279004714939699, 'REG': 0.05097555815850721}"
286,2020-02-05,102653.1278571018,2.9103830456733704e-11,"{'PKO': 0.16293001428108345, 'PKN': 0.14533028433251202, 'PZU': 0.11610498087928951, 'CDR': 0.09774800382891091, 'PEO': 0.0888220120796121, 'KGH': 0.06823157152377171, 'LPP': 0.05958773441282029, 'CPS': 0.04261188832935087, 'PGE': 0.034324557001470364, 'DNP': 0.0377266833135597, 'MBK': 0.027087560860964147, 'OPL': 0.024370728314693457, 'CCC': 0.014770041249207309, 'ALR': 0.013680687793000676, 'TPE': 0.009418688926306457, 'JSW': 0.006279004714939699, 'REG': 0.05097555815850721}"
287,2020-02-06,102089.92956767474,2.9103830456733704e-11,"{'PKO': 0.16293001428108345, 'PKN': 0.14533028433251202, 'PZU': 0.11610498087928951, 'CDR': 0.09774800382891091, 'PEO': 0.0888220120796121, 'KGH': 0.06823157152377171, 'LPP': 0.05958773441282029, 'CPS': 0.04261188832935087, 'PGE': 0.034324557001470364, 'DNP': 0.0377266833135597, 'MBK': 0.027087560860964147, 'OPL': 0.024370728314693457, 'CCC': 0.014770041249207309, 'ALR': 0.013680687793000676, 'TPE': 0.009418688926306457, 'JSW': 0.006279004714939699, 'REG': 0.05097555815850721}"
288,2020-02-07,102019.26996123907,2.9103830456733704e-11,"{'PKO': 0.16293001428108345, 'PKN': 0.14533028433251202, 'PZU': 0.11610498087928951, 'CDR': 0.09774800382891091, 'PEO': 0.0888220120796121, 'KGH': 0.06823157152377171, 'LPP': 0.05958773441282029, 'CPS': 0.04261188832935087, 'PGE': 0.034324557001470364, 'DNP': 0.0377266833135597, 'MBK': 0.027087560860964147, 'OPL': 0.024370728314693457, 'CCC': 0.014770041249207309, 'ALR': 0.013680687793000676, 'TPE': 0.009418688926306457, 'JSW': 0.006279004714939699, 'REG': 0.05097555815850721}"
289,2020-02-10,101236.5458311338,2.9103830456733704e-11,"{'PKO': 0.16293001428108345, 'PKN': 0.14533028433251202, 'PZU': 0.11610498087928951, 'CDR': 0.09774800382891091, 'PEO': 0.0888220120796121, 'KGH': 0.06823157152377171, 'LPP': 0.05958773441282029, 'CPS': 0.04261188832935087, 'PGE': 0.034324557001470364, 'DNP': 0.0377266833135597, 'MBK': 0.027087560860964147, 'OPL': 0.024370728314693457, 'CCC': 0.014770041249207309, 'ALR': 0.013680687793000676, 'TPE': 0.009418688926306457, 'JSW': 0.006279004714939699, 'REG': 0.05097555815850721}"
290,2020-02-11,101912.85796354085,2.9103830456733704e-11,"{'PKO': 0.16293001428108345, 'PKN': 0.14533028433251202, 'PZU': 0.11610498087928951, 'CDR': 0.09774800382891091, 'PEO': 0.0888220120796121, 'KGH': 0.06823157152377171, 'LPP': 0.05958773441282029, 'CPS': 0.04261188832935087, 'PGE': 0.034324557001470364, 'DNP': 0.0377266833135597, 'MBK': 0.027087560860964147, 'OPL': 0.024370728314693457, 'CCC': 0.014770041249207309, 'ALR': 0.013680687793000676, 'TPE': 0.009418688926306457, 'JSW': 0.006279004714939699, 'REG': 0.05097555815850721}"
291,2020-02-12,103039.17642162091,2.9103830456733704e-11,"{'PKO': 0.16293001428108345, 'PKN': 0.14533028433251202, 'PZU': 0.11610498087928951, 'CDR': 0.09774800382891091, 'PEO': 0.0888220120796121, 'KGH': 0.06823157152377171, 'LPP': 0.05958773441282029, 'CPS': 0.04261188832935087, 'PGE': 0.034324557001470364, 'DNP': 0.0377266833135597, 'MBK': 0.027087560860964147, 'OPL': 0.024370728314693457, 'CCC': 0.014770041249207309, 'ALR': 0.013680687793000676, 'TPE': 0.009418688926306457, 'JSW': 0.006279004714939699, 'REG': 0.05097555815850721}"
292,2020-02-13,102518.08693925831,2.9103830456733704e-11,"{'PKO': 0.16293001428108345, 'PKN': 0.14533028433251202, 'PZU': 0.11610498087928951, 'CDR': 0.09774800382891091, 'PEO': 0.0888220120796121, 'KGH': 0.06823157152377171, 'LPP': 0.05958773441282029, 'CPS': 0.04261188832935087, 'PGE': 0.034324557001470364, 'DNP': 0.0377266833135597, 'MBK': 0.027087560860964147, 'OPL': 0.024370728314693457, 'CCC': 0.014770041249207309, 'ALR': 0.013680687793000676, 'TPE': 0.009418688926306457, 'JSW': 0.006279004714939699, 'REG': 0.05097555815850721}"
293,2020-02-14,102397.27456031567,2.9103830456733704e-11,"{'PKO': 0.16293001428108345, 'PKN': 0.14533028433251202, 'PZU': 0.11610498087928951, 'CDR': 0.09774800382891091, 'PEO': 0.0888220120796121, 'KGH': 0.06823157152377171, 'LPP': 0.05958773441282029, 'CPS': 0.04261188832935087, 'PGE': 0.034324557001470364, 'DNP': 0.0377266833135597, 'MBK': 0.027087560860964147, 'OPL': 0.024370728314693457, 'CCC': 0.014770041249207309, 'ALR': 0.013680687793000676, 'TPE': 0.009418688926306457, 'JSW': 0.006279004714939699, 'REG': 0.05097555815850721}"
294,2020-02-17,102504.74115181496,2.9103830456733704e-11,"{'PKO': 0.16293001428108345, 'PKN': 0.14533028433251202, 'PZU': 0.11610498087928951, 'CDR': 0.09774800382891091, 'PEO': 0.0888220120796121, 'KGH': 0.06823157152377171, 'LPP': 0.05958773441282029, 'CPS': 0.04261188832935087, 'PGE': 0.034324557001470364, 'DNP': 0.0377266833135597, 'MBK': 0.027087560860964147, 'OPL': 0.024370728314693457, 'CCC': 0.014770041249207309, 'ALR': 0.013680687793000676, 'TPE': 0.009418688926306457, 'JSW': 0.006279004714939699, 'REG': 0.05097555815850721}"
295,2020-02-18,102193.35118535033,2.9103830456733704e-11,"{'PKO': 0.16293001428108345, 'PKN': 0.14533028433251202, 'PZU': 0.11610498087928951, 'CDR': 0.09774800382891091, 'PEO': 0.0888220120796121, 'KGH': 0.06823157152377171, 'LPP': 0.05958773441282029, 'CPS': 0.04261188832935087, 'PGE': 0.034324557001470364, 'DNP': 0.0377266833135597, 'MBK': 0.027087560860964147, 'OPL': 0.024370728314693457, 'CCC': 0.014770041249207309, 'ALR': 0.013680687793000676, 'TPE': 0.009418688926306457, 'JSW': 0.006279004714939699, 'REG': 0.05097555815850721}"
296,2020-02-19,102184.45220317434,2.9103830456733704e-11,"{'PKO': 0.16293001428108345, 'PKN': 0.14533028433251202, 'PZU': 0.11610498087928951, 'CDR': 0.09774800382891091, 'PEO': 0.0888220120796121, 'KGH': 0.06823157152377171, 'LPP': 0.05958773441282029, 'CPS': 0.04261188832935087, 'PGE': 0.034324557001470364, 'DNP': 0.0377266833135597, 'MBK': 0.027087560860964147, 'OPL': 0.024370728314693457, 'CCC': 0.014770041249207309, 'ALR': 0.013680687793000676, 'TPE': 0.009418688926306457, 'JSW': 0.006279004714939699, 'REG': 0.05097555815850721}"
297,2020-02-20,101465.93221092412,2.9103830456733704e-11,"{'PKO': 0.16293001428108345, 'PKN': 0.14533028433251202, 'PZU': 0.11610498087928951, 'CDR': 0.09774800382891091, 'PEO': 0.0888220120796121, 'KGH': 0.06823157152377171, 'LPP': 0.05958773441282029, 'CPS': 0.04261188832935087, 'PGE': 0.034324557001470364, 'DNP': 0.0377266833135597, 'MBK': 0.027087560860964147, 'OPL': 0.024370728314693457, 'CCC': 0.014770041249207309, 'ALR': 0.013680687793000676, 'TPE': 0.009418688926306457, 'JSW': 0.006279004714939699, 'REG': 0.05097555815850721}"
298,2020-02-21,101027.89281713932,2.9103830456733704e-11,"{'PKO': 0.16293001428108345, 'PKN': 0.14533028433251202, 'PZU': 0.11610498087928951, 'CDR': 0.09774800382891091, 'PEO': 0.0888220120796121, 'KGH': 0.06823157152377171, 'LPP': 0.05958773441282029, 'CPS': 0.04261188832935087, 'PGE': 0.034324557001470364, 'DNP': 0.0377266833135597, 'MBK': 0.027087560860964147, 'OPL': 0.024370728314693457, 'CCC': 0.014770041249207309, 'ALR': 0.013680687793000676, 'TPE': 0.009418688926306457, 'JSW': 0.006279004714939699, 'REG': 0.05097555815850721}"
299,2020-02-24,96990.03369138397,2.9103830456733704e-11,"{'PKO': 0.16293001428108345, 'PKN': 0.14533028433251202, 'PZU': 0.11610498087928951, 'CDR': 0.09774800382891091, 'PEO': 0.0888220120796121, 'KGH': 0.06823157152377171, 'LPP': 0.05958773441282029, 'CPS': 0.04261188832935087, 'PGE': 0.034324557001470364, 'DNP': 0.0377266833135597, 'MBK': 0.027087560860964147, 'OPL': 0.024370728314693457, 'CCC': 0.014770041249207309, 'ALR': 0.013680687793000676, 'TPE': 0.009418688926306457, 'JSW': 0.006279004714939699, 'REG': 0.05097555815850721}"
300,2020-02-25,94490.03348053349,2.9103830456733704e-11,"{'PKO': 0.16293001428108345, 'PKN': 0.14533028433251202, 'PZU': 0.11610498087928951, 'CDR': 0.09774800382891091, 'PEO': 0.0888220120796121, 'KGH': 0.06823157152377171, 'LPP': 0.05958773441282029, 'CPS': 0.04261188832935087, 'PGE': 0.034324557001470364, 'DNP': 0.0377266833135597, 'MBK': 0.027087560860964147, 'OPL': 0.024370728314693457, 'CCC': 0.014770041249207309, 'ALR': 0.013680687793000676, 'TPE': 0.009418688926306457, 'JSW': 0.006279004714939699, 'REG': 0.05097555815850721}"
301,2020-02-26,93972.18641483049,2.9103830456733704e-11,"{'PKO': 0.16293001428108345, 'PKN': 0.14533028433251202, 'PZU': 0.11610498087928951, 'CDR': 0.09774800382891091, 'PEO': 0.0888220120796121, 'KGH': 0.06823157152377171, 'LPP': 0.05958773441282029, 'CPS': 0.04261188832935087, 'PGE': 0.034324557001470364, 'DNP': 0.0377266833135597, 'MBK': 0.027087560860964147, 'OPL': 0.024370728314693457, 'CCC': 0.014770041249207309, 'ALR': 0.013680687793000676, 'TPE': 0.009418688926306457, 'JSW': 0.006279004714939699, 'REG': 0.05097555815850721}"
302,2020-02-27,90284.0086118884,2.9103830456733704e-11,"{'PKO': 0.16293001428108345, 'PKN': 0.14533028433251202, 'PZU': 0.11610498087928951, 'CDR': 0.09774800382891091, 'PEO': 0.0888220120796121, 'KGH': 0.06823157152377171, 'LPP': 0.05958773441282029, 'CPS': 0.04261188832935087, 'PGE': 0.034324557001470364, 'DNP': 0.0377266833135597, 'MBK': 0.027087560860964147, 'OPL': 0.024370728314693457, 'CCC': 0.014770041249207309, 'ALR': 0.013680687793000676, 'TPE': 0.009418688926306457, 'JSW': 0.006279004714939699, 'REG': 0.05097555815850721}"
303,2020-02-28,86439.38101069846,2.9103830456733704e-11,"{'PKO': 0.16293001428108345, 'PKN': 0.14533028433251202, 'PZU': 0.11610498087928951, 'CDR': 0.09774800382891091, 'PEO': 0.0888220120796121, 'KGH': 0.06823157152377171, 'LPP': 0.05958773441282029, 'CPS': 0.04261188832935087, 'PGE': 0.034324557001470364, 'DNP': 0.0377266833135597, 'MBK': 0.027087560860964147, 'OPL': 0.024370728314693457, 'CCC': 0.014770041249207309, 'ALR': 0.013680687793000676, 'TPE': 0.009418688926306457, 'JSW': 0.006279004714939699, 'REG': 0.05097555815850721}"
304,2020-03-02,88348.02790544955,2.9103830456733704e-11,"{'PKO': 0.16293001428108345, 'PKN': 0.14533028433251202, 'PZU': 0.11610498087928951, 'CDR': 0.09774800382891091, 'PEO': 0.0888220120796121, 'KGH': 0.06823157152377171, 'LPP': 0.05958773441282029, 'CPS': 0.04261188832935087, 'PGE': 0.034324557001470364, 'DNP': 0.0377266833135597, 'MBK': 0.027087560860964147, 'OPL': 0.024370728314693457, 'CCC': 0.014770041249207309, 'ALR': 0.013680687793000676, 'TPE': 0.009418688926306457, 'JSW': 0.006279004714939699, 'REG': 0.05097555815850721}"
305,2020-03-03,92284.5896680627,2.9103830456733704e-11,"{'PKO': 0.16293001428108345, 'PKN': 0.14533028433251202, 'PZU': 0.11610498087928951, 'CDR': 0.09774800382891091, 'PEO': 0.0888220120796121, 'KGH': 0.06823157152377171, 'LPP': 0.05958773441282029, 'CPS': 0.04261188832935087, 'PGE': 0.034324557001470364, 'DNP': 0.0377266833135597, 'MBK': 0.027087560860964147, 'OPL': 0.024370728314693457, 'CCC': 0.014770041249207309, 'ALR': 0.013680687793000676, 'TPE': 0.009418688926306457, 'JSW': 0.006279004714939699, 'REG': 0.05097555815850721}"
306,2020-03-04,90773.03462317253,2.9103830456733704e-11,"{'PKO': 0.16293001428108345, 'PKN': 0.14533028433251202, 'PZU': 0.11610498087928951, 'CDR': 0.09774800382891091, 'PEO': 0.0888220120796121, 'KGH': 0.06823157152377171, 'LPP': 0.05958773441282029, 'CPS': 0.04261188832935087, 'PGE': 0.034324557001470364, 'DNP': 0.0377266833135597, 'MBK': 0.027087560860964147, 'OPL': 0.024370728314693457, 'CCC': 0.014770041249207309, 'ALR': 0.013680687793000676, 'TPE': 0.009418688926306457, 'JSW': 0.006279004714939699, 'REG': 0.05097555815850721}"
307,2020-03-05,89051.25913046162,2.9103830456733704e-11,"{'PKO': 0.16293001428108345, 'PKN': 0.14533028433251202, 'PZU': 0.11610498087928951, 'CDR': 0.09774800382891091, 'PEO': 0.0888220120796121, 'KGH': 0.06823157152377171, 'LPP': 0.05958773441282029, 'CPS': 0.04261188832935087, 'PGE': 0.034324557001470364, 'DNP': 0.0377266833135597, 'MBK': 0.027087560860964147, 'OPL': 0.024370728314693457, 'CCC': 0.014770041249207309, 'ALR': 0.013680687793000676, 'TPE': 0.009418688926306457, 'JSW': 0.006279004714939699, 'REG': 0.05097555815850721}"
308,2020-03-06,86554.16298197834,2.9103830456733704e-11,"{'PKO': 0.16293001428108345, 'PKN': 0.14533028433251202, 'PZU': 0.11610498087928951, 'CDR': 0.09774800382891091, 'PEO': 0.0888220120796121, 'KGH': 0.06823157152377171, 'LPP': 0.05958773441282029, 'CPS': 0.04261188832935087, 'PGE': 0.034324557001470364, 'DNP': 0.0377266833135597, 'MBK': 0.027087560860964147, 'OPL': 0.024370728314693457, 'CCC': 0.014770041249207309, 'ALR': 0.013680687793000676, 'TPE': 0.009418688926306457, 'JSW': 0.006279004714939699, 'REG': 0.05097555815850721}"
309,2020-03-09,80208.14745012131,2.9103830456733704e-11,"{'PKO': 0.16293001428108345, 'PKN': 0.14533028433251202, 'PZU': 0.11610498087928951, 'CDR': 0.09774800382891091, 'PEO': 0.0888220120796121, 'KGH': 0.06823157152377171, 'LPP': 0.05958773441282029, 'CPS': 0.04261188832935087, 'PGE': 0.034324557001470364, 'DNP': 0.0377266833135597, 'MBK': 0.027087560860964147, 'OPL': 0.024370728314693457, 'CCC': 0.014770041249207309, 'ALR': 0.013680687793000676, 'TPE': 0.009418688926306457, 'JSW': 0.006279004714939699, 'REG': 0.05097555815850721}"
310,2020-03-10,79130.32561395093,2.9103830456733704e-11,"{'PKO': 0.16293001428108345, 'PKN': 0.14533028433251202, 'PZU': 0.11610498087928951, 'CDR': 0.09774800382891091, 'PEO': 0.0888220120796121, 'KGH': 0.06823157152377171, 'LPP': 0.05958773441282029, 'CPS': 0.04261188832935087, 'PGE': 0.034324557001470364, 'DNP': 0.0377266833135597, 'MBK': 0.027087560860964147, 'OPL': 0.024370728314693457, 'CCC': 0.014770041249207309, 'ALR': 0.013680687793000676, 'TPE': 0.009418688926306457, 'JSW': 0.006279004714939699, 'REG': 0.05097555815850721}"
311,2020-03-11,76040.85978021767,2.9103830456733704e-11,"{'PKO': 0.16293001428108345, 'PKN': 0.14533028433251202, 'PZU': 0.11610498087928951, 'CDR': 0.09774800382891091, 'PEO': 0.0888220120796121, 'KGH': 0.06823157152377171, 'LPP': 0.05958773441282029, 'CPS': 0.04261188832935087, 'PGE': 0.034324557001470364, 'DNP': 0.0377266833135597, 'MBK': 0.027087560860964147, 'OPL': 0.024370728314693457, 'CCC': 0.014770041249207309, 'ALR': 0.013680687793000676, 'TPE': 0.009418688926306457, 'JSW': 0.006279004714939699, 'REG': 0.05097555815850721}"
312,2020-03-12,66783.3254564467,2.9103830456733704e-11,"{'PKO': 0.16293001428108345, 'PKN': 0.14533028433251202, 'PZU': 0.11610498087928951, 'CDR': 0.09774800382891091, 'PEO': 0.0888220120796121, 'KGH': 0.06823157152377171, 'LPP': 0.05958773441282029, 'CPS': 0.04261188832935087, 'PGE': 0.034324557001470364, 'DNP': 0.0377266833135597, 'MBK': 0.027087560860964147, 'OPL': 0.024370728314693457, 'CCC': 0.014770041249207309, 'ALR': 0.013680687793000676, 'TPE': 0.009418688926306457, 'JSW': 0.006279004714939699, 'REG': 0.05097555815850721}"
313,2020-03-13,69282.91784295198,2.9103830456733704e-11,"{'PKO': 0.16293001428108345, 'PKN': 0.14533028433251202, 'PZU': 0.11610498087928951, 'CDR': 0.09774800382891091, 'PEO': 0.0888220120796121, 'KGH': 0.06823157152377171, 'LPP': 0.05958773441282029, 'CPS': 0.04261188832935087, 'PGE': 0.034324557001470364, 'DNP': 0.0377266833135597, 'MBK': 0.027087560860964147, 'OPL': 0.024370728314693457, 'CCC': 0.014770041249207309, 'ALR': 0.013680687793000676, 'TPE': 0.009418688926306457, 'JSW': 0.006279004714939699, 'REG': 0.05097555815850721}"
314,2020-03-16,68220.5411789834,2.9103830456733704e-11,"{'PKO': 0.16293001428108345, 'PKN': 0.14533028433251202, 'PZU': 0.11610498087928951, 'CDR': 0.09774800382891091, 'PEO': 0.0888220120796121, 'KGH': 0.06823157152377171, 'LPP': 0.05958773441282029, 'CPS': 0.04261188832935087, 'PGE': 0.034324557001470364, 'DNP': 0.0377266833135597, 'MBK': 0.027087560860964147, 'OPL': 0.024370728314693457, 'CCC': 0.014770041249207309, 'ALR': 0.013680687793000676, 'TPE': 0.009418688926306457, 'JSW': 0.006279004714939699, 'REG': 0.05097555815850721}"
315,2020-03-17,71978.85785117208,2.9103830456733704e-11,"{'PKO': 0.16293001428108345, 'PKN': 0.14533028433251202, 'PZU': 0.11610498087928951, 'CDR': 0.09774800382891091, 'PEO': 0.0888220120796121, 'KGH': 0.06823157152377171, 'LPP': 0.05958773441282029, 'CPS': 0.04261188832935087, 'PGE': 0.034324557001470364, 'DNP': 0.0377266833135597, 'MBK': 0.027087560860964147, 'OPL': 0.024370728314693457, 'CCC': 0.014770041249207309, 'ALR': 0.013680687793000676, 'TPE': 0.009418688926306457, 'JSW': 0.006279004714939699, 'REG': 0.05097555815850721}"
316,2020-03-18,69350.97286714251,2.9103830456733704e-11,"{'PKO': 0.16293001428108345, 'PKN': 0.14533028433251202, 'PZU': 0.11610498087928951, 'CDR': 0.09774800382891091, 'PEO': 0.0888220120796121, 'KGH': 0.06823157152377171, 'LPP': 0.05958773441282029, 'CPS': 0.04261188832935087, 'PGE': 0.034324557001470364, 'DNP': 0.0377266833135597, 'MBK': 0.027087560860964147, 'OPL': 0.024370728314693457, 'CCC': 0.014770041249207309, 'ALR': 0.013680687793000676, 'TPE': 0.009418688926306457, 'JSW': 0.006279004714939699, 'REG': 0.05097555815850721}"
317,2020-03-19,72202.33507232158,2.9103830456733704e-11,"{'PKO': 0.16293001428108345, 'PKN': 0.14533028433251202, 'PZU': 0.11610498087928951, 'CDR': 0.09774800382891091, 'PEO': 0.0888220120796121, 'KGH': 0.06823157152377171, 'LPP': 0.05958773441282029, 'CPS': 0.04261188832935087, 'PGE': 0.034324557001470364, 'DNP': 0.0377266833135597, 'MBK': 0.027087560860964147, 'OPL': 0.024370728314693457, 'CCC': 0.014770041249207309, 'ALR': 0.013680687793000676, 'TPE': 0.009418688926306457, 'JSW': 0.006279004714939699, 'REG': 0.05097555815850721}"
318,2020-03-20,73157.20420840269,0.0,"{'PKO': 0.16074868954280752, 'PZU': 0.12283827656772936, 'CDR': 0.12143225102402441, 'PKN': 0.11541389536599683, 'PEO': 0.09689596173345197, 'KGH': 0.06752952272457473, 'LPP': 0.0583364463385069, 'SPL': 0.05372411622418429, 'DNP': 0.04355629711029622, 'CPS': 0.04286036347557316, 'MBK': 0.026534784157108922, 'OPL': 0.026253796867971912, 'PGE': 0.02457440772126932, 'CCC': 0.014150650572702192, 'ALR': 0.012885118673565739, 'TPE': 0.007674873746312041, 'JSW': 0.004590548153924401}"
319,2020-03-23,68944.41115761147,0.0,"{'PKO': 0.16074868954280752, 'PZU': 0.12283827656772936, 'CDR': 0.12143225102402441, 'PKN': 0.11541389536599683, 'PEO': 0.09689596173345197, 'KGH': 0.06752952272457473, 'LPP': 0.0583364463385069, 'SPL': 0.05372411622418429, 'DNP': 0.04355629711029622, 'CPS': 0.04286036347557316, 'MBK': 0.026534784157108922, 'OPL': 0.026253796867971912, 'PGE': 0.02457440772126932, 'CCC': 0.014150650572702192, 'ALR': 0.012885118673565739, 'TPE': 0.007674873746312041, 'JSW': 0.004590548153924401}"
320,2020-03-24,71266.71287489992,0.0,"{'PKO': 0.16074868954280752, 'PZU': 0.12283827656772936, 'CDR': 0.12143225102402441, 'PKN': 0.11541389536599683, 'PEO': 0.09689596173345197, 'KGH': 0.06752952272457473, 'LPP': 0.0583364463385069, 'SPL': 0.05372411622418429, 'DNP': 0.04355629711029622, 'CPS': 0.04286036347557316, 'MBK': 0.026534784157108922, 'OPL': 0.026253796867971912, 'PGE': 0.02457440772126932, 'CCC': 0.014150650572702192, 'ALR': 0.012885118673565739, 'TPE': 0.007674873746312041, 'JSW': 0.004590548153924401}"
321,2020-03-25,70757.14538946417,0.0,"{'PKO': 0.16074868954280752, 'PZU': 0.12283827656772936, 'CDR': 0.12143225102402441, 'PKN': 0.11541389536599683, 'PEO': 0.09689596173345197, 'KGH': 0.06752952272457473, 'LPP': 0.0583364463385069, 'SPL': 0.05372411622418429, 'DNP': 0.04355629711029622, 'CPS': 0.04286036347557316, 'MBK': 0.026534784157108922, 'OPL': 0.026253796867971912, 'PGE': 0.02457440772126932, 'CCC': 0.014150650572702192, 'ALR': 0.012885118673565739, 'TPE': 0.007674873746312041, 'JSW': 0.004590548153924401}"
322,2020-03-26,73261.76305004607,0.0,"{'PKO': 0.16074868954280752, 'PZU': 0.12283827656772936, 'CDR': 0.12143225102402441, 'PKN': 0.11541389536599683, 'PEO': 0.09689596173345197, 'KGH': 0.06752952272457473, 'LPP': 0.0583364463385069, 'SPL': 0.05372411622418429, 'DNP': 0.04355629711029622, 'CPS': 0.04286036347557316, 'MBK': 0.026534784157108922, 'OPL': 0.026253796867971912, 'PGE': 0.02457440772126932, 'CCC': 0.014150650572702192, 'ALR': 0.012885118673565739, 'TPE': 0.007674873746312041, 'JSW': 0.004590548153924401}"
323,2020-03-27,72116.38425992562,0.0,"{'PKO': 0.16074868954280752, 'PZU': 0.12283827656772936, 'CDR': 0.12143225102402441, 'PKN': 0.11541389536599683, 'PEO': 0.09689596173345197, 'KGH': 0.06752952272457473, 'LPP': 0.0583364463385069, 'SPL': 0.05372411622418429, 'DNP': 0.04355629711029622, 'CPS': 0.04286036347557316, 'MBK': 0.026534784157108922, 'OPL': 0.026253796867971912, 'PGE': 0.02457440772126932, 'CCC': 0.014150650572702192, 'ALR': 0.012885118673565739, 'TPE': 0.007674873746312041, 'JSW': 0.004590548153924401}"
324,2020-03-30,72332.9244700776,0.0,"{'PKO': 0.16074868954280752, 'PZU': 0.12283827656772936, 'CDR': 0.12143225102402441, 'PKN': 0.11541389536599683, 'PEO': 0.09689596173345197, 'KGH': 0.06752952272457473, 'LPP': 0.0583364463385069, 'SPL': 0.05372411622418429, 'DNP': 0.04355629711029622, 'CPS': 0.04286036347557316, 'MBK': 0.026534784157108922, 'OPL': 0.026253796867971912, 'PGE': 0.02457440772126932, 'CCC': 0.014150650572702192, 'ALR': 0.012885118673565739, 'TPE': 0.007674873746312041, 'JSW': 0.004590548153924401}"
325,2020-03-31,73743.21648304092,0.0,"{'PKO': 0.16074868954280752, 'PZU': 0.12283827656772936, 'CDR': 0.12143225102402441, 'PKN': 0.11541389536599683, 'PEO': 0.09689596173345197, 'KGH': 0.06752952272457473, 'LPP': 0.0583364463385069, 'SPL': 0.05372411622418429, 'DNP': 0.04355629711029622, 'CPS': 0.04286036347557316, 'MBK': 0.026534784157108922, 'OPL': 0.026253796867971912, 'PGE': 0.02457440772126932, 'CCC': 0.014150650572702192, 'ALR': 0.012885118673565739, 'TPE': 0.007674873746312041, 'JSW': 0.004590548153924401}"
326,2020-04-01,72255.99086595415,0.0,"{'PKO': 0.16074868954280752, 'PZU': 0.12283827656772936, 'CDR': 0.12143225102402441, 'PKN': 0.11541389536599683, 'PEO': 0.09689596173345197, 'KGH': 0.06752952272457473, 'LPP': 0.0583364463385069, 'SPL': 0.05372411622418429, 'DNP': 0.04355629711029622, 'CPS': 0.04286036347557316, 'MBK': 0.026534784157108922, 'OPL': 0.026253796867971912, 'PGE': 0.02457440772126932, 'CCC': 0.014150650572702192, 'ALR': 0.012885118673565739, 'TPE': 0.007674873746312041, 'JSW': 0.004590548153924401}"
327,2020-04-02,72431.72902833077,0.0,"{'PKO': 0.16074868954280752, 'PZU': 0.12283827656772936, 'CDR': 0.12143225102402441, 'PKN': 0.11541389536599683, 'PEO': 0.09689596173345197, 'KGH': 0.06752952272457473, 'LPP': 0.0583364463385069, 'SPL': 0.05372411622418429, 'DNP': 0.04355629711029622, 'CPS': 0.04286036347557316, 'MBK': 0.026534784157108922, 'OPL': 0.026253796867971912, 'PGE': 0.02457440772126932, 'CCC': 0.014150650572702192, 'ALR': 0.012885118673565739, 'TPE': 0.007674873746312041, 'JSW': 0.004590548153924401}"
328,2020-04-03,72804.84093872212,0.0,"{'PKO': 0.16074868954280752, 'PZU': 0.12283827656772936, 'CDR': 0.12143225102402441, 'PKN': 0.11541389536599683, 'PEO': 0.09689596173345197, 'KGH': 0.06752952272457473, 'LPP': 0.0583364463385069, 'SPL': 0.05372411622418429, 'DNP': 0.04355629711029622, 'CPS': 0.04286036347557316, 'MBK': 0.026534784157108922, 'OPL': 0.026253796867971912, 'PGE': 0.02457440772126932, 'CCC': 0.014150650572702192, 'ALR': 0.012885118673565739, 'TPE': 0.007674873746312041, 'JSW': 0.004590548153924401}"
329,2020-04-06,76654.45005388287,0.0,"{'PKO': 0.16074868954280752, 'PZU': 0.12283827656772936, 'CDR': 0.12143225102402441, 'PKN': 0.11541389536599683, 'PEO': 0.09689596173345197, 'KGH': 0.06752952272457473, 'LPP': 0.0583364463385069, 'SPL': 0.05372411622418429, 'DNP': 0.04355629711029622, 'CPS': 0.04286036347557316, 'MBK': 0.026534784157108922, 'OPL': 0.026253796867971912, 'PGE': 0.02457440772126932, 'CCC': 0.014150650572702192, 'ALR': 0.012885118673565739, 'TPE': 0.007674873746312041, 'JSW': 0.004590548153924401}"
330,2020-04-07,78200.73282810279,0.0,"{'PKO': 0.16074868954280752, 'PZU': 0.12283827656772936, 'CDR': 0.12143225102402441, 'PKN': 0.11541389536599683, 'PEO': 0.09689596173345197, 'KGH': 0.06752952272457473, 'LPP': 0.0583364463385069, 'SPL': 0.05372411622418429, 'DNP': 0.04355629711029622, 'CPS': 0.04286036347557316, 'MBK': 0.026534784157108922, 'OPL': 0.026253796867971912, 'PGE': 0.02457440772126932, 'CCC': 0.014150650572702192, 'ALR': 0.012885118673565739, 'TPE': 0.007674873746312041, 'JSW': 0.004590548153924401}"
331,2020-04-08,76312.5465131841,0.0,"{'PKO': 0.16074868954280752, 'PZU': 0.12283827656772936, 'CDR': 0.12143225102402441, 'PKN': 0.11541389536599683, 'PEO': 0.09689596173345197, 'KGH': 0.06752952272457473, 'LPP': 0.0583364463385069, 'SPL': 0.05372411622418429, 'DNP': 0.04355629711029622, 'CPS': 0.04286036347557316, 'MBK': 0.026534784157108922, 'OPL': 0.026253796867971912, 'PGE': 0.02457440772126932, 'CCC': 0.014150650572702192, 'ALR': 0.012885118673565739, 'TPE': 0.007674873746312041, 'JSW': 0.004590548153924401}"
332,2020-04-09,78213.81630684508,0.0,"{'PKO': 0.16074868954280752, 'PZU': 0.12283827656772936, 'CDR': 0.12143225102402441, 'PKN': 0.11541389536599683, 'PEO': 0.09689596173345197, 'KGH': 0.06752952272457473, 'LPP': 0.0583364463385069, 'SPL': 0.05372411622418429, 'DNP': 0.04355629711029622, 'CPS': 0.04286036347557316, 'MBK': 0.026534784157108922, 'OPL': 0.026253796867971912, 'PGE': 0.02457440772126932, 'CCC': 0.014150650572702192, 'ALR': 0.012885118673565739, 'TPE': 0.007674873746312041, 'JSW': 0.004590548153924401}"
333,2020-04-10,78213.81630684508,0.0,"{'PKO': 0.16074868954280752, 'PZU': 0.12283827656772936, 'CDR': 0.12143225102402441, 'PKN': 0.11541389536599683, 'PEO': 0.09689596173345197, 'KGH': 0.06752952272457473, 'LPP': 0.0583364463385069, 'SPL': 0.05372411622418429, 'DNP': 0.04355629711029622, 'CPS': 0.04286036347557316, 'MBK': 0.026534784157108922, 'OPL': 0.026253796867971912, 'PGE': 0.02457440772126932, 'CCC': 0.014150650572702192, 'ALR': 0.012885118673565739, 'TPE': 0.007674873746312041, 'JSW': 0.004590548153924401}"
334,2020-04-13,78213.81630684508,0.0,"{'PKO': 0.16074868954280752, 'PZU': 0.12283827656772936, 'CDR': 0.12143225102402441, 'PKN': 0.11541389536599683, 'PEO': 0.09689596173345197, 'KGH': 0.06752952272457473, 'LPP': 0.0583364463385069, 'SPL': 0.05372411622418429, 'DNP': 0.04355629711029622, 'CPS': 0.04286036347557316, 'MBK': 0.026534784157108922, 'OPL': 0.026253796867971912, 'PGE': 0.02457440772126932, 'CCC': 0.014150650572702192, 'ALR': 0.012885118673565739, 'TPE': 0.007674873746312041, 'JSW': 0.004590548153924401}"
335,2020-04-14,80916.49103982141,0.0,"{'PKO': 0.16074868954280752, 'PZU': 0.12283827656772936, 'CDR': 0.12143225102402441, 'PKN': 0.11541389536599683, 'PEO': 0.09689596173345197, 'KGH': 0.06752952272457473, 'LPP': 0.0583364463385069, 'SPL': 0.05372411622418429, 'DNP': 0.04355629711029622, 'CPS': 0.04286036347557316, 'MBK': 0.026534784157108922, 'OPL': 0.026253796867971912, 'PGE': 0.02457440772126932, 'CCC': 0.014150650572702192, 'ALR': 0.012885118673565739, 'TPE': 0.007674873746312041, 'JSW': 0.004590548153924401}"
336,2020-04-15,77977.80631659555,0.0,"{'PKO': 0.16074868954280752, 'PZU': 0.12283827656772936, 'CDR': 0.12143225102402441, 'PKN': 0.11541389536599683, 'PEO': 0.09689596173345197, 'KGH': 0.06752952272457473, 'LPP': 0.0583364463385069, 'SPL': 0.05372411622418429, 'DNP': 0.04355629711029622, 'CPS': 0.04286036347557316, 'MBK': 0.026534784157108922, 'OPL': 0.026253796867971912, 'PGE': 0.02457440772126932, 'CCC': 0.014150650572702192, 'ALR': 0.012885118673565739, 'TPE': 0.007674873746312041, 'JSW': 0.004590548153924401}"
337,2020-04-16,77336.76832050513,0.0,"{'PKO': 0.16074868954280752, 'PZU': 0.12283827656772936, 'CDR': 0.12143225102402441, 'PKN': 0.11541389536599683, 'PEO': 0.09689596173345197, 'KGH': 0.06752952272457473, 'LPP': 0.0583364463385069, 'SPL': 0.05372411622418429, 'DNP': 0.04355629711029622, 'CPS': 0.04286036347557316, 'MBK': 0.026534784157108922, 'OPL': 0.026253796867971912, 'PGE': 0.02457440772126932, 'CCC': 0.014150650572702192, 'ALR': 0.012885118673565739, 'TPE': 0.007674873746312041, 'JSW': 0.004590548153924401}"
338,2020-04-17,78658.08766820871,0.0,"{'PKO': 0.16074868954280752, 'PZU': 0.12283827656772936, 'CDR': 0.12143225102402441, 'PKN': 0.11541389536599683, 'PEO': 0.09689596173345197, 'KGH': 0.06752952272457473, 'LPP': 0.0583364463385069, 'SPL': 0.05372411622418429, 'DNP': 0.04355629711029622, 'CPS': 0.04286036347557316, 'MBK': 0.026534784157108922, 'OPL': 0.026253796867971912, 'PGE': 0.02457440772126932, 'CCC': 0.014150650572702192, 'ALR': 0.012885118673565739, 'TPE': 0.007674873746312041, 'JSW': 0.004590548153924401}"
339,2020-04-20,79315.32935709221,0.0,"{'PKO': 0.16074868954280752, 'PZU': 0.12283827656772936, 'CDR': 0.12143225102402441, 'PKN': 0.11541389536599683, 'PEO': 0.09689596173345197, 'KGH': 0.06752952272457473, 'LPP': 0.0583364463385069, 'SPL': 0.05372411622418429, 'DNP': 0.04355629711029622, 'CPS': 0.04286036347557316, 'MBK': 0.026534784157108922, 'OPL': 0.026253796867971912, 'PGE': 0.02457440772126932, 'CCC': 0.014150650572702192, 'ALR': 0.012885118673565739, 'TPE': 0.007674873746312041, 'JSW': 0.004590548153924401}"
340,2020-04-21,76018.55002620448,0.0,"{'PKO': 0.16074868954280752, 'PZU': 0.12283827656772936, 'CDR': 0.12143225102402441, 'PKN': 0.11541389536599683, 'PEO': 0.09689596173345197, 'KGH': 0.06752952272457473, 'LPP': 0.0583364463385069, 'SPL': 0.05372411622418429, 'DNP': 0.04355629711029622, 'CPS': 0.04286036347557316, 'MBK': 0.026534784157108922, 'OPL': 0.026253796867971912, 'PGE': 0.02457440772126932, 'CCC': 0.014150650572702192, 'ALR': 0.012885118673565739, 'TPE': 0.007674873746312041, 'JSW': 0.004590548153924401}"
341,2020-04-22,77505.58156962132,0.0,"{'PKO': 0.16074868954280752, 'PZU': 0.12283827656772936, 'CDR': 0.12143225102402441, 'PKN': 0.11541389536599683, 'PEO': 0.09689596173345197, 'KGH': 0.06752952272457473, 'LPP': 0.0583364463385069, 'SPL': 0.05372411622418429, 'DNP': 0.04355629711029622, 'CPS': 0.04286036347557316, 'MBK': 0.026534784157108922, 'OPL': 0.026253796867971912, 'PGE': 0.02457440772126932, 'CCC': 0.014150650572702192, 'ALR': 0.012885118673565739, 'TPE': 0.007674873746312041, 'JSW': 0.004590548153924401}"
342,2020-04-23,78430.03517778714,0.0,"{'PKO': 0.16074868954280752, 'PZU': 0.12283827656772936, 'CDR': 0.12143225102402441, 'PKN': 0.11541389536599683, 'PEO': 0.09689596173345197, 'KGH': 0.06752952272457473, 'LPP': 0.0583364463385069, 'SPL': 0.05372411622418429, 'DNP': 0.04355629711029622, 'CPS': 0.04286036347557316, 'MBK': 0.026534784157108922, 'OPL': 0.026253796867971912, 'PGE': 0.02457440772126932, 'CCC': 0.014150650572702192, 'ALR': 0.012885118673565739, 'TPE': 0.007674873746312041, 'JSW': 0.004590548153924401}"
343,2020-04-24,77340.93322867205,0.0,"{'PKO': 0.16074868954280752, 'PZU': 0.12283827656772936, 'CDR': 0.12143225102402441, 'PKN': 0.11541389536599683, 'PEO': 0.09689596173345197, 'KGH': 0.06752952272457473, 'LPP': 0.0583364463385069, 'SPL': 0.05372411622418429, 'DNP': 0.04355629711029622, 'CPS': 0.04286036347557316, 'MBK': 0.026534784157108922, 'OPL': 0.026253796867971912, 'PGE': 0.02457440772126932, 'CCC': 0.014150650572702192, 'ALR': 0.012885118673565739, 'TPE': 0.007674873746312041, 'JSW': 0.004590548153924401}"
344,2020-04-27,76590.23993390819,0.0,"{'PKO': 0.16074868954280752, 'PZU': 0.12283827656772936, 'CDR': 0.12143225102402441, 'PKN': 0.11541389536599683, 'PEO': 0.09689596173345197, 'KGH': 0.06752952272457473, 'LPP': 0.0583364463385069, 'SPL': 0.05372411622418429, 'DNP': 0.04355629711029622, 'CPS': 0.04286036347557316, 'MBK': 0.026534784157108922, 'OPL': 0.026253796867971912, 'PGE': 0.02457440772126932, 'CCC': 0.014150650572702192, 'ALR': 0.012885118673565739, 'TPE': 0.007674873746312041, 'JSW': 0.004590548153924401}"
345,2020-04-28,76852.0808078899,0.0,"{'PKO': 0.16074868954280752, 'PZU': 0.12283827656772936, 'CDR': 0.12143225102402441, 'PKN': 0.11541389536599683, 'PEO': 0.09689596173345197, 'KGH': 0.06752952272457473, 'LPP': 0.0583364463385069, 'SPL': 0.05372411622418429, 'DNP': 0.04355629711029622, 'CPS': 0.04286036347557316, 'MBK': 0.026534784157108922, 'OPL': 0.026253796867971912, 'PGE': 0.02457440772126932, 'CCC': 0.014150650572702192, 'ALR': 0.012885118673565739, 'TPE': 0.007674873746312041, 'JSW': 0.004590548153924401}"
346,2020-04-29,80182.24977849155,0.0,"{'PKO': 0.16074868954280752, 'PZU': 0.12283827656772936, 'CDR': 0.12143225102402441, 'PKN': 0.11541389536599683, 'PEO': 0.09689596173345197, 'KGH': 0.06752952272457473, 'LPP': 0.0583364463385069, 'SPL': 0.05372411622418429, 'DNP': 0.04355629711029622, 'CPS': 0.04286036347557316, 'MBK': 0.026534784157108922, 'OPL': 0.026253796867971912, 'PGE': 0.02457440772126932, 'CCC': 0.014150650572702192, 'ALR': 0.012885118673565739, 'TPE': 0.007674873746312041, 'JSW': 0.004590548153924401}"
347,2020-04-30,80097.72013974325,0.0,"{'PKO': 0.16074868954280752, 'PZU': 0.12283827656772936, 'CDR': 0.12143225102402441, 'PKN': 0.11541389536599683, 'PEO': 0.09689596173345197, 'KGH': 0.06752952272457473, 'LPP': 0.0583364463385069, 'SPL': 0.05372411622418429, 'DNP': 0.04355629711029622, 'CPS': 0.04286036347557316, 'MBK': 0.026534784157108922, 'OPL': 0.026253796867971912, 'PGE': 0.02457440772126932, 'CCC': 0.014150650572702192, 'ALR': 0.012885118673565739, 'TPE': 0.007674873746312041, 'JSW': 0.004590548153924401}"
348,2020-05-01,80097.72013974325,0.0,"{'PKO': 0.16074868954280752, 'PZU': 0.12283827656772936, 'CDR': 0.12143225102402441, 'PKN': 0.11541389536599683, 'PEO': 0.09689596173345197, 'KGH': 0.06752952272457473, 'LPP': 0.0583364463385069, 'SPL': 0.05372411622418429, 'DNP': 0.04355629711029622, 'CPS': 0.04286036347557316, 'MBK': 0.026534784157108922, 'OPL': 0.026253796867971912, 'PGE': 0.02457440772126932, 'CCC': 0.014150650572702192, 'ALR': 0.012885118673565739, 'TPE': 0.007674873746312041, 'JSW': 0.004590548153924401}"
349,2020-05-04,77624.70477062116,0.0,"{'PKO': 0.16074868954280752, 'PZU': 0.12283827656772936, 'CDR': 0.12143225102402441, 'PKN': 0.11541389536599683, 'PEO': 0.09689596173345197, 'KGH': 0.06752952272457473, 'LPP': 0.0583364463385069, 'SPL': 0.05372411622418429, 'DNP': 0.04355629711029622, 'CPS': 0.04286036347557316, 'MBK': 0.026534784157108922, 'OPL': 0.026253796867971912, 'PGE': 0.02457440772126932, 'CCC': 0.014150650572702192, 'ALR': 0.012885118673565739, 'TPE': 0.007674873746312041, 'JSW': 0.004590548153924401}"
350,2020-05-05,77383.59640061179,0.0,"{'PKO': 0.16074868954280752, 'PZU': 0.12283827656772936, 'CDR': 0.12143225102402441, 'PKN': 0.11541389536599683, 'PEO': 0.09689596173345197, 'KGH': 0.06752952272457473, 'LPP': 0.0583364463385069, 'SPL': 0.05372411622418429, 'DNP': 0.04355629711029622, 'CPS': 0.04286036347557316, 'MBK': 0.026534784157108922, 'OPL': 0.026253796867971912, 'PGE': 0.02457440772126932, 'CCC': 0.014150650572702192, 'ALR': 0.012885118673565739, 'TPE': 0.007674873746312041, 'JSW': 0.004590548153924401}"
351,2020-05-06,75925.4318390204,0.0,"{'PKO': 0.16074868954280752, 'PZU': 0.12283827656772936, 'CDR': 0.12143225102402441, 'PKN': 0.11541389536599683, 'PEO': 0.09689596173345197, 'KGH': 0.06752952272457473, 'LPP': 0.0583364463385069, 'SPL': 0.05372411622418429, 'DNP': 0.04355629711029622, 'CPS': 0.04286036347557316, 'MBK': 0.026534784157108922, 'OPL': 0.026253796867971912, 'PGE': 0.02457440772126932, 'CCC': 0.014150650572702192, 'ALR': 0.012885118673565739, 'TPE': 0.007674873746312041, 'JSW': 0.004590548153924401}"
352,2020-05-07,76913.99307428539,0.0,"{'PKO': 0.16074868954280752, 'PZU': 0.12283827656772936, 'CDR': 0.12143225102402441, 'PKN': 0.11541389536599683, 'PEO': 0.09689596173345197, 'KGH': 0.06752952272457473, 'LPP': 0.0583364463385069, 'SPL': 0.05372411622418429, 'DNP': 0.04355629711029622, 'CPS': 0.04286036347557316, 'MBK': 0.026534784157108922, 'OPL': 0.026253796867971912, 'PGE': 0.02457440772126932, 'CCC': 0.014150650572702192, 'ALR': 0.012885118673565739, 'TPE': 0.007674873746312041, 'JSW': 0.004590548153924401}"
353,2020-05-08,77832.63720553058,0.0,"{'PKO': 0.16074868954280752, 'PZU': 0.12283827656772936, 'CDR': 0.12143225102402441, 'PKN': 0.11541389536599683, 'PEO': 0.09689596173345197, 'KGH': 0.06752952272457473, 'LPP': 0.0583364463385069, 'SPL': 0.05372411622418429, 'DNP': 0.04355629711029622, 'CPS': 0.04286036347557316, 'MBK': 0.026534784157108922, 'OPL': 0.026253796867971912, 'PGE': 0.02457440772126932, 'CCC': 0.014150650572702192, 'ALR': 0.012885118673565739, 'TPE': 0.007674873746312041, 'JSW': 0.004590548153924401}"
354,2020-05-11,76831.94432938863,0.0,"{'PKO': 0.16074868954280752, 'PZU': 0.12283827656772936, 'CDR': 0.12143225102402441, 'PKN': 0.11541389536599683, 'PEO': 0.09689596173345197, 'KGH': 0.06752952272457473, 'LPP': 0.0583364463385069, 'SPL': 0.05372411622418429, 'DNP': 0.04355629711029622, 'CPS': 0.04286036347557316, 'MBK': 0.026534784157108922, 'OPL': 0.026253796867971912, 'PGE': 0.02457440772126932, 'CCC': 0.014150650572702192, 'ALR': 0.012885118673565739, 'TPE': 0.007674873746312041, 'JSW': 0.004590548153924401}"
355,2020-05-12,78588.2086697851,0.0,"{'PKO': 0.16074868954280752, 'PZU': 0.12283827656772936, 'CDR': 0.12143225102402441, 'PKN': 0.11541389536599683, 'PEO': 0.09689596173345197, 'KGH': 0.06752952272457473, 'LPP': 0.0583364463385069, 'SPL': 0.05372411622418429, 'DNP': 0.04355629711029622, 'CPS': 0.04286036347557316, 'MBK': 0.026534784157108922, 'OPL': 0.026253796867971912, 'PGE': 0.02457440772126932, 'CCC': 0.014150650572702192, 'ALR': 0.012885118673565739, 'TPE': 0.007674873746312041, 'JSW': 0.004590548153924401}"
356,2020-05-13,78290.00295535015,0.0,"{'PKO': 0.16074868954280752, 'PZU': 0.12283827656772936, 'CDR': 0.12143225102402441, 'PKN': 0.11541389536599683, 'PEO': 0.09689596173345197, 'KGH': 0.06752952272457473, 'LPP': 0.0583364463385069, 'SPL': 0.05372411622418429, 'DNP': 0.04355629711029622, 'CPS': 0.04286036347557316, 'MBK': 0.026534784157108922, 'OPL': 0.026253796867971912, 'PGE': 0.02457440772126932, 'CCC': 0.014150650572702192, 'ALR': 0.012885118673565739, 'TPE': 0.007674873746312041, 'JSW': 0.004590548153924401}"
357,2020-05-14,76389.9158991787,0.0,"{'PKO': 0.16074868954280752, 'PZU': 0.12283827656772936, 'CDR': 0.12143225102402441, 'PKN': 0.11541389536599683, 'PEO': 0.09689596173345197, 'KGH': 0.06752952272457473, 'LPP': 0.0583364463385069, 'SPL': 0.05372411622418429, 'DNP': 0.04355629711029622, 'CPS': 0.04286036347557316, 'MBK': 0.026534784157108922, 'OPL': 0.026253796867971912, 'PGE': 0.02457440772126932, 'CCC': 0.014150650572702192, 'ALR': 0.012885118673565739, 'TPE': 0.007674873746312041, 'JSW': 0.004590548153924401}"
358,2020-05-15,76162.58809931015,0.0,"{'PKO': 0.16074868954280752, 'PZU': 0.12283827656772936, 'CDR': 0.12143225102402441, 'PKN': 0.11541389536599683, 'PEO': 0.09689596173345197, 'KGH': 0.06752952272457473, 'LPP': 0.0583364463385069, 'SPL': 0.05372411622418429, 'DNP': 0.04355629711029622, 'CPS': 0.04286036347557316, 'MBK': 0.026534784157108922, 'OPL': 0.026253796867971912, 'PGE': 0.02457440772126932, 'CCC': 0.014150650572702192, 'ALR': 0.012885118673565739, 'TPE': 0.007674873746312041, 'JSW': 0.004590548153924401}"
359,2020-05-18,79665.0032396732,0.0,"{'PKO': 0.16074868954280752, 'PZU': 0.12283827656772936, 'CDR': 0.12143225102402441, 'PKN': 0.11541389536599683, 'PEO': 0.09689596173345197, 'KGH': 0.06752952272457473, 'LPP': 0.0583364463385069, 'SPL': 0.05372411622418429, 'DNP': 0.04355629711029622, 'CPS': 0.04286036347557316, 'MBK': 0.026534784157108922, 'OPL': 0.026253796867971912, 'PGE': 0.02457440772126932, 'CCC': 0.014150650572702192, 'ALR': 0.012885118673565739, 'TPE': 0.007674873746312041, 'JSW': 0.004590548153924401}"
360,2020-05-19,79718.58155498184,0.0,"{'PKO': 0.16074868954280752, 'PZU': 0.12283827656772936, 'CDR': 0.12143225102402441, 'PKN': 0.11541389536599683, 'PEO': 0.09689596173345197, 'KGH': 0.06752952272457473, 'LPP': 0.0583364463385069, 'SPL': 0.05372411622418429, 'DNP': 0.04355629711029622, 'CPS': 0.04286036347557316, 'MBK': 0.026534784157108922, 'OPL': 0.026253796867971912, 'PGE': 0.02457440772126932, 'CCC': 0.014150650572702192, 'ALR': 0.012885118673565739, 'TPE': 0.007674873746312041, 'JSW': 0.004590548153924401}"
361,2020-05-20,80275.60049077647,0.0,"{'PKO': 0.16074868954280752, 'PZU': 0.12283827656772936, 'CDR': 0.12143225102402441, 'PKN': 0.11541389536599683, 'PEO': 0.09689596173345197, 'KGH': 0.06752952272457473, 'LPP': 0.0583364463385069, 'SPL': 0.05372411622418429, 'DNP': 0.04355629711029622, 'CPS': 0.04286036347557316, 'MBK': 0.026534784157108922, 'OPL': 0.026253796867971912, 'PGE': 0.02457440772126932, 'CCC': 0.014150650572702192, 'ALR': 0.012885118673565739, 'TPE': 0.007674873746312041, 'JSW': 0.004590548153924401}"
362,2020-05-21,79645.80861638144,0.0,"{'PKO': 0.16074868954280752, 'PZU': 0.12283827656772936, 'CDR': 0.12143225102402441, 'PKN': 0.11541389536599683, 'PEO': 0.09689596173345197, 'KGH': 0.06752952272457473, 'LPP': 0.0583364463385069, 'SPL': 0.05372411622418429, 'DNP': 0.04355629711029622, 'CPS': 0.04286036347557316, 'MBK': 0.026534784157108922, 'OPL': 0.026253796867971912, 'PGE': 0.02457440772126932, 'CCC': 0.014150650572702192, 'ALR': 0.012885118673565739, 'TPE': 0.007674873746312041, 'JSW': 0.004590548153924401}"
363,2020-05-22,79182.02518882426,0.0,"{'PKO': 0.16074868954280752, 'PZU': 0.12283827656772936, 'CDR': 0.12143225102402441, 'PKN': 0.11541389536599683, 'PEO': 0.09689596173345197, 'KGH': 0.06752952272457473, 'LPP': 0.0583364463385069, 'SPL': 0.05372411622418429, 'DNP': 0.04355629711029622, 'CPS': 0.04286036347557316, 'MBK': 0.026534784157108922, 'OPL': 0.026253796867971912, 'PGE': 0.02457440772126932, 'CCC': 0.014150650572702192, 'ALR': 0.012885118673565739, 'TPE': 0.007674873746312041, 'JSW': 0.004590548153924401}"
364,2020-05-25,79828.31571936916,0.0,"{'PKO': 0.16074868954280752, 'PZU': 0.12283827656772936, 'CDR': 0.12143225102402441, 'PKN': 0.11541389536599683, 'PEO': 0.09689596173345197, 'KGH': 0.06752952272457473, 'LPP': 0.0583364463385069, 'SPL': 0.05372411622418429, 'DNP': 0.04355629711029622, 'CPS': 0.04286036347557316, 'MBK': 0.026534784157108922, 'OPL': 0.026253796867971912, 'PGE': 0.02457440772126932, 'CCC': 0.014150650572702192, 'ALR': 0.012885118673565739, 'TPE': 0.007674873746312041, 'JSW': 0.004590548153924401}"
365,2020-05-26,83295.0995655895,0.0,"{'PKO': 0.16074868954280752, 'PZU': 0.12283827656772936, 'CDR': 0.12143225102402441, 'PKN': 0.11541389536599683, 'PEO': 0.09689596173345197, 'KGH': 0.06752952272457473, 'LPP': 0.0583364463385069, 'SPL': 0.05372411622418429, 'DNP': 0.04355629711029622, 'CPS': 0.04286036347557316, 'MBK': 0.026534784157108922, 'OPL': 0.026253796867971912, 'PGE': 0.02457440772126932, 'CCC': 0.014150650572702192, 'ALR': 0.012885118673565739, 'TPE': 0.007674873746312041, 'JSW': 0.004590548153924401}"
366,2020-05-27,83398.12298236489,0.0,"{'PKO': 0.16074868954280752, 'PZU': 0.12283827656772936, 'CDR': 0.12143225102402441, 'PKN': 0.11541389536599683, 'PEO': 0.09689596173345197, 'KGH': 0.06752952272457473, 'LPP': 0.0583364463385069, 'SPL': 0.05372411622418429, 'DNP': 0.04355629711029622, 'CPS': 0.04286036347557316, 'MBK': 0.026534784157108922, 'OPL': 0.026253796867971912, 'PGE': 0.02457440772126932, 'CCC': 0.014150650572702192, 'ALR': 0.012885118673565739, 'TPE': 0.007674873746312041, 'JSW': 0.004590548153924401}"
367,2020-05-28,83753.93362938134,0.0,"{'PKO': 0.16074868954280752, 'PZU': 0.12283827656772936, 'CDR': 0.12143225102402441, 'PKN': 0.11541389536599683, 'PEO': 0.09689596173345197, 'KGH': 0.06752952272457473, 'LPP': 0.0583364463385069, 'SPL': 0.05372411622418429, 'DNP': 0.04355629711029622, 'CPS': 0.04286036347557316, 'MBK': 0.026534784157108922, 'OPL': 0.026253796867971912, 'PGE': 0.02457440772126932, 'CCC': 0.014150650572702192, 'ALR': 0.012885118673565739, 'TPE': 0.007674873746312041, 'JSW': 0.004590548153924401}"
368,2020-05-29,83897.05723983509,0.0,"{'PKO': 0.16074868954280752, 'PZU': 0.12283827656772936, 'CDR': 0.12143225102402441, 'PKN': 0.11541389536599683, 'PEO': 0.09689596173345197, 'KGH': 0.06752952272457473, 'LPP': 0.0583364463385069, 'SPL': 0.05372411622418429, 'DNP': 0.04355629711029622, 'CPS': 0.04286036347557316, 'MBK': 0.026534784157108922, 'OPL': 0.026253796867971912, 'PGE': 0.02457440772126932, 'CCC': 0.014150650572702192, 'ALR': 0.012885118673565739, 'TPE': 0.007674873746312041, 'JSW': 0.004590548153924401}"
369,2020-06-01,84392.33884921062,0.0,"{'PKO': 0.16074868954280752, 'PZU': 0.12283827656772936, 'CDR': 0.12143225102402441, 'PKN': 0.11541389536599683, 'PEO': 0.09689596173345197, 'KGH': 0.06752952272457473, 'LPP': 0.0583364463385069, 'SPL': 0.05372411622418429, 'DNP': 0.04355629711029622, 'CPS': 0.04286036347557316, 'MBK': 0.026534784157108922, 'OPL': 0.026253796867971912, 'PGE': 0.02457440772126932, 'CCC': 0.014150650572702192, 'ALR': 0.012885118673565739, 'TPE': 0.007674873746312041, 'JSW': 0.004590548153924401}"
370,2020-06-02,84619.39381610802,0.0,"{'PKO': 0.16074868954280752, 'PZU': 0.12283827656772936, 'CDR': 0.12143225102402441, 'PKN': 0.11541389536599683, 'PEO': 0.09689596173345197, 'KGH': 0.06752952272457473, 'LPP': 0.0583364463385069, 'SPL': 0.05372411622418429, 'DNP': 0.04355629711029622, 'CPS': 0.04286036347557316, 'MBK': 0.026534784157108922, 'OPL': 0.026253796867971912, 'PGE': 0.02457440772126932, 'CCC': 0.014150650572702192, 'ALR': 0.012885118673565739, 'TPE': 0.007674873746312041, 'JSW': 0.004590548153924401}"
371,2020-06-03,86281.12311676962,0.0,"{'PKO': 0.16074868954280752, 'PZU': 0.12283827656772936, 'CDR': 0.12143225102402441, 'PKN': 0.11541389536599683, 'PEO': 0.09689596173345197, 'KGH': 0.06752952272457473, 'LPP': 0.0583364463385069, 'SPL': 0.05372411622418429, 'DNP': 0.04355629711029622, 'CPS': 0.04286036347557316, 'MBK': 0.026534784157108922, 'OPL': 0.026253796867971912, 'PGE': 0.02457440772126932, 'CCC': 0.014150650572702192, 'ALR': 0.012885118673565739, 'TPE': 0.007674873746312041, 'JSW': 0.004590548153924401}"
372,2020-06-04,87545.40210674348,0.0,"{'PKO': 0.16074868954280752, 'PZU': 0.12283827656772936, 'CDR': 0.12143225102402441, 'PKN': 0.11541389536599683, 'PEO': 0.09689596173345197, 'KGH': 0.06752952272457473, 'LPP': 0.0583364463385069, 'SPL': 0.05372411622418429, 'DNP': 0.04355629711029622, 'CPS': 0.04286036347557316, 'MBK': 0.026534784157108922, 'OPL': 0.026253796867971912, 'PGE': 0.02457440772126932, 'CCC': 0.014150650572702192, 'ALR': 0.012885118673565739, 'TPE': 0.007674873746312041, 'JSW': 0.004590548153924401}"
373,2020-06-05,90476.59468829248,0.0,"{'PKO': 0.16074868954280752, 'PZU': 0.12283827656772936, 'CDR': 0.12143225102402441, 'PKN': 0.11541389536599683, 'PEO': 0.09689596173345197, 'KGH': 0.06752952272457473, 'LPP': 0.0583364463385069, 'SPL': 0.05372411622418429, 'DNP': 0.04355629711029622, 'CPS': 0.04286036347557316, 'MBK': 0.026534784157108922, 'OPL': 0.026253796867971912, 'PGE': 0.02457440772126932, 'CCC': 0.014150650572702192, 'ALR': 0.012885118673565739, 'TPE': 0.007674873746312041, 'JSW': 0.004590548153924401}"
374,2020-06-08,90515.09289496976,0.0,"{'PKO': 0.16074868954280752, 'PZU': 0.12283827656772936, 'CDR': 0.12143225102402441, 'PKN': 0.11541389536599683, 'PEO': 0.09689596173345197, 'KGH': 0.06752952272457473, 'LPP': 0.0583364463385069, 'SPL': 0.05372411622418429, 'DNP': 0.04355629711029622, 'CPS': 0.04286036347557316, 'MBK': 0.026534784157108922, 'OPL': 0.026253796867971912, 'PGE': 0.02457440772126932, 'CCC': 0.014150650572702192, 'ALR': 0.012885118673565739, 'TPE': 0.007674873746312041, 'JSW': 0.004590548153924401}"
375,2020-06-09,90018.11071260262,0.0,"{'PKO': 0.16074868954280752, 'PZU': 0.12283827656772936, 'CDR': 0.12143225102402441, 'PKN': 0.11541389536599683, 'PEO': 0.09689596173345197, 'KGH': 0.06752952272457473, 'LPP': 0.0583364463385069, 'SPL': 0.05372411622418429, 'DNP': 0.04355629711029622, 'CPS': 0.04286036347557316, 'MBK': 0.026534784157108922, 'OPL': 0.026253796867971912, 'PGE': 0.02457440772126932, 'CCC': 0.014150650572702192, 'ALR': 0.012885118673565739, 'TPE': 0.007674873746312041, 'JSW': 0.004590548153924401}"
376,2020-06-10,90232.39385273692,0.0,"{'PKO': 0.16074868954280752, 'PZU': 0.12283827656772936, 'CDR': 0.12143225102402441, 'PKN': 0.11541389536599683, 'PEO': 0.09689596173345197, 'KGH': 0.06752952272457473, 'LPP': 0.0583364463385069, 'SPL': 0.05372411622418429, 'DNP': 0.04355629711029622, 'CPS': 0.04286036347557316, 'MBK': 0.026534784157108922, 'OPL': 0.026253796867971912, 'PGE': 0.02457440772126932, 'CCC': 0.014150650572702192, 'ALR': 0.012885118673565739, 'TPE': 0.007674873746312041, 'JSW': 0.004590548153924401}"
377,2020-06-11,90232.39385273692,0.0,"{'PKO': 0.16074868954280752, 'PZU': 0.12283827656772936, 'CDR': 0.12143225102402441, 'PKN': 0.11541389536599683, 'PEO': 0.09689596173345197, 'KGH': 0.06752952272457473, 'LPP': 0.0583364463385069, 'SPL': 0.05372411622418429, 'DNP': 0.04355629711029622, 'CPS': 0.04286036347557316, 'MBK': 0.026534784157108922, 'OPL': 0.026253796867971912, 'PGE': 0.02457440772126932, 'CCC': 0.014150650572702192, 'ALR': 0.012885118673565739, 'TPE': 0.007674873746312041, 'JSW': 0.004590548153924401}"
378,2020-06-12,87596.26505120595,0.0,"{'PKO': 0.16074868954280752, 'PZU': 0.12283827656772936, 'CDR': 0.12143225102402441, 'PKN': 0.11541389536599683, 'PEO': 0.09689596173345197, 'KGH': 0.06752952272457473, 'LPP': 0.0583364463385069, 'SPL': 0.05372411622418429, 'DNP': 0.04355629711029622, 'CPS': 0.04286036347557316, 'MBK': 0.026534784157108922, 'OPL': 0.026253796867971912, 'PGE': 0.02457440772126932, 'CCC': 0.014150650572702192, 'ALR': 0.012885118673565739, 'TPE': 0.007674873746312041, 'JSW': 0.004590548153924401}"
379,2020-06-15,84698.40150748413,0.0,"{'PKO': 0.16074868954280752, 'PZU': 0.12283827656772936, 'CDR': 0.12143225102402441, 'PKN': 0.11541389536599683, 'PEO': 0.09689596173345197, 'KGH': 0.06752952272457473, 'LPP': 0.0583364463385069, 'SPL': 0.05372411622418429, 'DNP': 0.04355629711029622, 'CPS': 0.04286036347557316, 'MBK': 0.026534784157108922, 'OPL': 0.026253796867971912, 'PGE': 0.02457440772126932, 'CCC': 0.014150650572702192, 'ALR': 0.012885118673565739, 'TPE': 0.007674873746312041, 'JSW': 0.004590548153924401}"
380,2020-06-16,87828.91182700927,0.0,"{'PKO': 0.16074868954280752, 'PZU': 0.12283827656772936, 'CDR': 0.12143225102402441, 'PKN': 0.11541389536599683, 'PEO': 0.09689596173345197, 'KGH': 0.06752952272457473, 'LPP': 0.0583364463385069, 'SPL': 0.05372411622418429, 'DNP': 0.04355629711029622, 'CPS': 0.04286036347557316, 'MBK': 0.026534784157108922, 'OPL': 0.026253796867971912, 'PGE': 0.02457440772126932, 'CCC': 0.014150650572702192, 'ALR': 0.012885118673565739, 'TPE': 0.007674873746312041, 'JSW': 0.004590548153924401}"
381,2020-06-17,87224.27957553505,0.0,"{'PKO': 0.16074868954280752, 'PZU': 0.12283827656772936, 'CDR': 0.12143225102402441, 'PKN': 0.11541389536599683, 'PEO': 0.09689596173345197, 'KGH': 0.06752952272457473, 'LPP': 0.0583364463385069, 'SPL': 0.05372411622418429, 'DNP': 0.04355629711029622, 'CPS': 0.04286036347557316, 'MBK': 0.026534784157108922, 'OPL': 0.026253796867971912, 'PGE': 0.02457440772126932, 'CCC': 0.014150650572702192, 'ALR': 0.012885118673565739, 'TPE': 0.007674873746312041, 'JSW': 0.004590548153924401}"
382,2020-06-18,87670.50347668745,0.0,"{'PKO': 0.16074868954280752, 'PZU': 0.12283827656772936, 'CDR': 0.12143225102402441, 'PKN': 0.11541389536599683, 'PEO': 0.09689596173345197, 'KGH': 0.06752952272457473, 'LPP': 0.0583364463385069, 'SPL': 0.05372411622418429, 'DNP': 0.04355629711029622, 'CPS': 0.04286036347557316, 'MBK': 0.026534784157108922, 'OPL': 0.026253796867971912, 'PGE': 0.02457440772126932, 'CCC': 0.014150650572702192, 'ALR': 0.012885118673565739, 'TPE': 0.007674873746312041, 'JSW': 0.004590548153924401}"
383,2020-06-19,88287.91051850891,-1.4551915228366852e-11,"{'CDR': 0.16699416514607174, 'PKO': 0.13129812975174315, 'PKN': 0.13077264777232378, 'PZU': 0.11921983739004678, 'KGH': 0.07891692820157131, 'PEO': 0.06468104245827594, 'DNP': 0.06079225314871695, 'LPP': 0.058802769468161015, 'CPS': 0.049103619034471385, 'SPL': 0.035840765600524585, 'OPL': 0.03003819764134296, 'PGE': 0.02417217105329077, 'MBK': 0.017301939496093953, 'CCC': 0.009787101866685665, 'TPE': 0.008672679278976378, 'ALR': 0.008642619928458745, 'JSW': 0.004963132763244761}"
384,2020-06-22,87781.07503173323,-1.4551915228366852e-11,"{'CDR': 0.16699416514607174, 'PKO': 0.13129812975174315, 'PKN': 0.13077264777232378, 'PZU': 0.11921983739004678, 'KGH': 0.07891692820157131, 'PEO': 0.06468104245827594, 'DNP': 0.06079225314871695, 'LPP': 0.058802769468161015, 'CPS': 0.049103619034471385, 'SPL': 0.035840765600524585, 'OPL': 0.03003819764134296, 'PGE': 0.02417217105329077, 'MBK': 0.017301939496093953, 'CCC': 0.009787101866685665, 'TPE': 0.008672679278976378, 'ALR': 0.008642619928458745, 'JSW': 0.004963132763244761}"
385,2020-06-23,89460.48798061562,-1.4551915228366852e-11,"{'CDR': 0.16699416514607174, 'PKO': 0.13129812975174315, 'PKN': 0.13077264777232378, 'PZU': 0.11921983739004678, 'KGH': 0.07891692820157131, 'PEO': 0.06468104245827594, 'DNP': 0.06079225314871695, 'LPP': 0.058802769468161015, 'CPS': 0.049103619034471385, 'SPL': 0.035840765600524585, 'OPL': 0.03003819764134296, 'PGE': 0.02417217105329077, 'MBK': 0.017301939496093953, 'CCC': 0.009787101866685665, 'TPE': 0.008672679278976378, 'ALR': 0.008642619928458745, 'JSW': 0.004963132763244761}"
386,2020-06-24,87409.33766934305,-1.4551915228366852e-11,"{'CDR': 0.16699416514607174, 'PKO': 0.13129812975174315, 'PKN': 0.13077264777232378, 'PZU': 0.11921983739004678, 'KGH': 0.07891692820157131, 'PEO': 0.06468104245827594, 'DNP': 0.06079225314871695, 'LPP': 0.058802769468161015, 'CPS': 0.049103619034471385, 'SPL': 0.035840765600524585, 'OPL': 0.03003819764134296, 'PGE': 0.02417217105329077, 'MBK': 0.017301939496093953, 'CCC': 0.009787101866685665, 'TPE': 0.008672679278976378, 'ALR': 0.008642619928458745, 'JSW': 0.004963132763244761}"
387,2020-06-25,87870.38356275564,-1.4551915228366852e-11,"{'CDR': 0.16699416514607174, 'PKO': 0.13129812975174315, 'PKN': 0.13077264777232378, 'PZU': 0.11921983739004678, 'KGH': 0.07891692820157131, 'PEO': 0.06468104245827594, 'DNP': 0.06079225314871695, 'LPP': 0.058802769468161015, 'CPS': 0.049103619034471385, 'SPL': 0.035840765600524585, 'OPL': 0.03003819764134296, 'PGE': 0.02417217105329077, 'MBK': 0.017301939496093953, 'CCC': 0.009787101866685665, 'TPE': 0.008672679278976378, 'ALR': 0.008642619928458745, 'JSW': 0.004963132763244761}"
388,2020-06-26,86077.9845946314,-1.4551915228366852e-11,"{'CDR': 0.16699416514607174, 'PKO': 0.13129812975174315, 'PKN': 0.13077264777232378, 'PZU': 0.11921983739004678, 'KGH': 0.07891692820157131, 'PEO': 0.06468104245827594, 'DNP': 0.06079225314871695, 'LPP': 0.058802769468161015, 'CPS': 0.049103619034471385, 'SPL': 0.035840765600524585, 'OPL': 0.03003819764134296, 'PGE': 0.02417217105329077, 'MBK': 0.017301939496093953, 'CCC': 0.009787101866685665, 'TPE': 0.008672679278976378, 'ALR': 0.008642619928458745, 'JSW': 0.004963132763244761}"
389,2020-06-29,86514.99479633417,-1.4551915228366852e-11,"{'CDR': 0.16699416514607174, 'PKO': 0.13129812975174315, 'PKN': 0.13077264777232378, 'PZU': 0.11921983739004678, 'KGH': 0.07891692820157131, 'PEO': 0.06468104245827594, 'DNP': 0.06079225314871695, 'LPP': 0.058802769468161015, 'CPS': 0.049103619034471385, 'SPL': 0.035840765600524585, 'OPL': 0.03003819764134296, 'PGE': 0.02417217105329077, 'MBK': 0.017301939496093953, 'CCC': 0.009787101866685665, 'TPE': 0.008672679278976378, 'ALR': 0.008642619928458745, 'JSW': 0.004963132763244761}"
390,2020-06-30,85854.88388017364,-1.4551915228366852e-11,"{'CDR': 0.16699416514607174, 'PKO': 0.13129812975174315, 'PKN': 0.13077264777232378, 'PZU': 0.11921983739004678, 'KGH': 0.07891692820157131, 'PEO': 0.06468104245827594, 'DNP': 0.06079225314871695, 'LPP': 0.058802769468161015, 'CPS': 0.049103619034471385, 'SPL': 0.035840765600524585, 'OPL': 0.03003819764134296, 'PGE': 0.02417217105329077, 'MBK': 0.017301939496093953, 'CCC': 0.009787101866685665, 'TPE': 0.008672679278976378, 'ALR': 0.008642619928458745, 'JSW': 0.004963132763244761}"
391,2020-07-01,86500.79703689311,-1.4551915228366852e-11,"{'CDR': 0.16699416514607174, 'PKO': 0.13129812975174315, 'PKN': 0.13077264777232378, 'PZU': 0.11921983739004678, 'KGH': 0.07891692820157131, 'PEO': 0.06468104245827594, 'DNP': 0.06079225314871695, 'LPP': 0.058802769468161015, 'CPS': 0.049103619034471385, 'SPL': 0.035840765600524585, 'OPL': 0.03003819764134296, 'PGE': 0.02417217105329077, 'MBK': 0.017301939496093953, 'CCC': 0.009787101866685665, 'TPE': 0.008672679278976378, 'ALR': 0.008642619928458745, 'JSW': 0.004963132763244761}"
392,2020-07-02,87958.13744673166,-1.4551915228366852e-11,"{'CDR': 0.16699416514607174, 'PKO': 0.13129812975174315, 'PKN': 0.13077264777232378, 'PZU': 0.11921983739004678, 'KGH': 0.07891692820157131, 'PEO': 0.06468104245827594, 'DNP': 0.06079225314871695, 'LPP': 0.058802769468161015, 'CPS': 0.049103619034471385, 'SPL': 0.035840765600524585, 'OPL': 0.03003819764134296, 'PGE': 0.02417217105329077, 'MBK': 0.017301939496093953, 'CCC': 0.009787101866685665, 'TPE': 0.008672679278976378, 'ALR': 0.008642619928458745, 'JSW': 0.004963132763244761}"
393,2020-07-03,87868.7558534571,-1.4551915228366852e-11,"{'CDR': 0.16699416514607174, 'PKO': 0.13129812975174315, 'PKN': 0.13077264777232378, 'PZU': 0.11921983739004678, 'KGH': 0.07891692820157131, 'PEO': 0.06468104245827594, 'DNP': 0.06079225314871695, 'LPP': 0.058802769468161015, 'CPS': 0.049103619034471385, 'SPL': 0.035840765600524585, 'OPL': 0.03003819764134296, 'PGE': 0.02417217105329077, 'MBK': 0.017301939496093953, 'CCC': 0.009787101866685665, 'TPE': 0.008672679278976378, 'ALR': 0.008642619928458745, 'JSW': 0.004963132763244761}"
394,2020-07-06,88714.79782150734,-1.4551915228366852e-11,"{'CDR': 0.16699416514607174, 'PKO': 0.13129812975174315, 'PKN': 0.13077264777232378, 'PZU': 0.11921983739004678, 'KGH': 0.07891692820157131, 'PEO': 0.06468104245827594, 'DNP': 0.06079225314871695, 'LPP': 0.058802769468161015, 'CPS': 0.049103619034471385, 'SPL': 0.035840765600524585, 'OPL': 0.03003819764134296, 'PGE': 0.02417217105329077, 'MBK': 0.017301939496093953, 'CCC': 0.009787101866685665, 'TPE': 0.008672679278976378, 'ALR': 0.008642619928458745, 'JSW': 0.004963132763244761}"
395,2020-07-07,87902.37003126238,-1.4551915228366852e-11,"{'CDR': 0.16699416514607174, 'PKO': 0.13129812975174315, 'PKN': 0.13077264777232378, 'PZU': 0.11921983739004678, 'KGH': 0.07891692820157131, 'PEO': 0.06468104245827594, 'DNP': 0.06079225314871695, 'LPP': 0.058802769468161015, 'CPS': 0.049103619034471385, 'SPL': 0.035840765600524585, 'OPL': 0.03003819764134296, 'PGE': 0.02417217105329077, 'MBK': 0.017301939496093953, 'CCC': 0.009787101866685665, 'TPE': 0.008672679278976378, 'ALR': 0.008642619928458745, 'JSW': 0.004963132763244761}"
396,2020-07-08,87211.44481054398,-1.4551915228366852e-11,"{'CDR': 0.16699416514607174, 'PKO': 0.13129812975174315, 'PKN': 0.13077264777232378, 'PZU': 0.11921983739004678, 'KGH': 0.07891692820157131, 'PEO': 0.06468104245827594, 'DNP': 0.06079225314871695, 'LPP': 0.058802769468161015, 'CPS': 0.049103619034471385, 'SPL': 0.035840765600524585, 'OPL': 0.03003819764134296, 'PGE': 0.02417217105329077, 'MBK': 0.017301939496093953, 'CCC': 0.009787101866685665, 'TPE': 0.008672679278976378, 'ALR': 0.008642619928458745, 'JSW': 0.004963132763244761}"
397,2020-07-09,87174.46205159083,-1.4551915228366852e-11,"{'CDR': 0.16699416514607174, 'PKO': 0.13129812975174315, 'PKN': 0.13077264777232378, 'PZU': 0.11921983739004678, 'KGH': 0.07891692820157131, 'PEO': 0.06468104245827594, 'DNP': 0.06079225314871695, 'LPP': 0.058802769468161015, 'CPS': 0.049103619034471385, 'SPL': 0.035840765600524585, 'OPL': 0.03003819764134296, 'PGE': 0.02417217105329077, 'MBK': 0.017301939496093953, 'CCC': 0.009787101866685665, 'TPE': 0.008672679278976378, 'ALR': 0.008642619928458745, 'JSW': 0.004963132763244761}"
398,2020-07-10,87412.24302547764,-1.4551915228366852e-11,"{'CDR': 0.16699416514607174, 'PKO': 0.13129812975174315, 'PKN': 0.13077264777232378, 'PZU': 0.11921983739004678, 'KGH': 0.07891692820157131, 'PEO': 0.06468104245827594, 'DNP': 0.06079225314871695, 'LPP': 0.058802769468161015, 'CPS': 0.049103619034471385, 'SPL': 0.035840765600524585, 'OPL': 0.03003819764134296, 'PGE': 0.02417217105329077, 'MBK': 0.017301939496093953, 'CCC': 0.009787101866685665, 'TPE': 0.008672679278976378, 'ALR': 0.008642619928458745, 'JSW': 0.004963132763244761}"
399,2020-07-13,87758.92514348499,-1.4551915228366852e-11,"{'CDR': 0.16699416514607174, 'PKO': 0.13129812975174315, 'PKN': 0.13077264777232378, 'PZU': 0.11921983739004678, 'KGH': 0.07891692820157131, 'PEO': 0.06468104245827594, 'DNP': 0.06079225314871695, 'LPP': 0.058802769468161015, 'CPS': 0.049103619034471385, 'SPL': 0.035840765600524585, 'OPL': 0.03003819764134296, 'PGE': 0.02417217105329077, 'MBK': 0.017301939496093953, 'CCC': 0.009787101866685665, 'TPE': 0.008672679278976378, 'ALR': 0.008642619928458745, 'JSW': 0.004963132763244761}"
400,2020-07-14,85731.06368134494,-1.4551915228366852e-11,"{'CDR': 0.16699416514607174, 'PKO': 0.13129812975174315, 'PKN': 0.13077264777232378, 'PZU': 0.11921983739004678, 'KGH': 0.07891692820157131, 'PEO': 0.06468104245827594, 'DNP': 0.06079225314871695, 'LPP': 0.058802769468161015, 'CPS': 0.049103619034471385, 'SPL': 0.035840765600524585, 'OPL': 0.03003819764134296, 'PGE': 0.02417217105329077, 'MBK': 0.017301939496093953, 'CCC': 0.009787101866685665, 'TPE': 0.008672679278976378, 'ALR': 0.008642619928458745, 'JSW': 0.004963132763244761}"
401,2020-07-15,86947.79834823636,-1.4551915228366852e-11,"{'CDR': 0.16699416514607174, 'PKO': 0.13129812975174315, 'PKN': 0.13077264777232378, 'PZU': 0.11921983739004678, 'KGH': 0.07891692820157131, 'PEO': 0.06468104245827594, 'DNP': 0.06079225314871695, 'LPP': 0.058802769468161015, 'CPS': 0.049103619034471385, 'SPL': 0.035840765600524585, 'OPL': 0.03003819764134296, 'PGE': 0.02417217105329077, 'MBK': 0.017301939496093953, 'CCC': 0.009787101866685665, 'TPE': 0.008672679278976378, 'ALR': 0.008642619928458745, 'JSW': 0.004963132763244761}"
402,2020-07-16,87404.17972362283,-1.4551915228366852e-11,"{'CDR': 0.16699416514607174, 'PKO': 0.13129812975174315, 'PKN': 0.13077264777232378, 'PZU': 0.11921983739004678, 'KGH': 0.07891692820157131, 'PEO': 0.06468104245827594, 'DNP': 0.06079225314871695, 'LPP': 0.058802769468161015, 'CPS': 0.049103619034471385, 'SPL': 0.035840765600524585, 'OPL': 0.03003819764134296, 'PGE': 0.02417217105329077, 'MBK': 0.017301939496093953, 'CCC': 0.009787101866685665, 'TPE': 0.008672679278976378, 'ALR': 0.008642619928458745, 'JSW': 0.004963132763244761}"
403,2020-07-17,87241.33116455057,-1.4551915228366852e-11,"{'CDR': 0.16699416514607174, 'PKO': 0.13129812975174315, 'PKN': 0.13077264777232378, 'PZU': 0.11921983739004678, 'KGH': 0.07891692820157131, 'PEO': 0.06468104245827594, 'DNP': 0.06079225314871695, 'LPP': 0.058802769468161015, 'CPS': 0.049103619034471385, 'SPL': 0.035840765600524585, 'OPL': 0.03003819764134296, 'PGE': 0.02417217105329077, 'MBK': 0.017301939496093953, 'CCC': 0.009787101866685665, 'TPE': 0.008672679278976378, 'ALR': 0.008642619928458745, 'JSW': 0.004963132763244761}"
404,2020-07-20,89325.19438540799,-1.4551915228366852e-11,"{'CDR': 0.16699416514607174, 'PKO': 0.13129812975174315, 'PKN': 0.13077264777232378, 'PZU': 0.11921983739004678, 'KGH': 0.07891692820157131, 'PEO': 0.06468104245827594, 'DNP': 0.06079225314871695, 'LPP': 0.058802769468161015, 'CPS': 0.049103619034471385, 'SPL': 0.035840765600524585, 'OPL': 0.03003819764134296, 'PGE': 0.02417217105329077, 'MBK': 0.017301939496093953, 'CCC': 0.009787101866685665, 'TPE': 0.008672679278976378, 'ALR': 0.008642619928458745, 'JSW': 0.004963132763244761}"
405,2020-07-21,89666.97423321188,-1.4551915228366852e-11,"{'CDR': 0.16699416514607174, 'PKO': 0.13129812975174315, 'PKN': 0.13077264777232378, 'PZU': 0.11921983739004678, 'KGH': 0.07891692820157131, 'PEO': 0.06468104245827594, 'DNP': 0.06079225314871695, 'LPP': 0.058802769468161015, 'CPS': 0.049103619034471385, 'SPL': 0.035840765600524585, 'OPL': 0.03003819764134296, 'PGE': 0.02417217105329077, 'MBK': 0.017301939496093953, 'CCC': 0.009787101866685665, 'TPE': 0.008672679278976378, 'ALR': 0.008642619928458745, 'JSW': 0.004963132763244761}"
406,2020-07-22,88863.82591174138,-1.4551915228366852e-11,"{'CDR': 0.16699416514607174, 'PKO': 0.13129812975174315, 'PKN': 0.13077264777232378, 'PZU': 0.11921983739004678, 'KGH': 0.07891692820157131, 'PEO': 0.06468104245827594, 'DNP': 0.06079225314871695, 'LPP': 0.058802769468161015, 'CPS': 0.049103619034471385, 'SPL': 0.035840765600524585, 'OPL': 0.03003819764134296, 'PGE': 0.02417217105329077, 'MBK': 0.017301939496093953, 'CCC': 0.009787101866685665, 'TPE': 0.008672679278976378, 'ALR': 0.008642619928458745, 'JSW': 0.004963132763244761}"
407,2020-07-23,88410.29462746326,-1.4551915228366852e-11,"{'CDR': 0.16699416514607174, 'PKO': 0.13129812975174315, 'PKN': 0.13077264777232378, 'PZU': 0.11921983739004678, 'KGH': 0.07891692820157131, 'PEO': 0.06468104245827594, 'DNP': 0.06079225314871695, 'LPP': 0.058802769468161015, 'CPS': 0.049103619034471385, 'SPL': 0.035840765600524585, 'OPL': 0.03003819764134296, 'PGE': 0.02417217105329077, 'MBK': 0.017301939496093953, 'CCC': 0.009787101866685665, 'TPE': 0.008672679278976378, 'ALR': 0.008642619928458745, 'JSW': 0.004963132763244761}"
408,2020-07-24,87985.60090049964,-1.4551915228366852e-11,"{'CDR': 0.16699416514607174, 'PKO': 0.13129812975174315, 'PKN': 0.13077264777232378, 'PZU': 0.11921983739004678, 'KGH': 0.07891692820157131, 'PEO': 0.06468104245827594, 'DNP': 0.06079225314871695, 'LPP': 0.058802769468161015, 'CPS': 0.049103619034471385, 'SPL': 0.035840765600524585, 'OPL': 0.03003819764134296, 'PGE': 0.02417217105329077, 'MBK': 0.017301939496093953, 'CCC': 0.009787101866685665, 'TPE': 0.008672679278976378, 'ALR': 0.008642619928458745, 'JSW': 0.004963132763244761}"
409,2020-07-27,88982.0847946747,-1.4551915228366852e-11,"{'CDR': 0.16699416514607174, 'PKO': 0.13129812975174315, 'PKN': 0.13077264777232378, 'PZU': 0.11921983739004678, 'KGH': 0.07891692820157131, 'PEO': 0.06468104245827594, 'DNP': 0.06079225314871695, 'LPP': 0.058802769468161015, 'CPS': 0.049103619034471385, 'SPL': 0.035840765600524585, 'OPL': 0.03003819764134296, 'PGE': 0.02417217105329077, 'MBK': 0.017301939496093953, 'CCC': 0.009787101866685665, 'TPE': 0.008672679278976378, 'ALR': 0.008642619928458745, 'JSW': 0.004963132763244761}"
410,2020-07-28,88666.95353664458,-1.4551915228366852e-11,"{'CDR': 0.16699416514607174, 'PKO': 0.13129812975174315, 'PKN': 0.13077264777232378, 'PZU': 0.11921983739004678, 'KGH': 0.07891692820157131, 'PEO': 0.06468104245827594, 'DNP': 0.06079225314871695, 'LPP': 0.058802769468161015, 'CPS': 0.049103619034471385, 'SPL': 0.035840765600524585, 'OPL': 0.03003819764134296, 'PGE': 0.02417217105329077, 'MBK': 0.017301939496093953, 'CCC': 0.009787101866685665, 'TPE': 0.008672679278976378, 'ALR': 0.008642619928458745, 'JSW': 0.004963132763244761}"
411,2020-07-29,88944.14338313548,-1.4551915228366852e-11,"{'CDR': 0.16699416514607174, 'PKO': 0.13129812975174315, 'PKN': 0.13077264777232378, 'PZU': 0.11921983739004678, 'KGH': 0.07891692820157131, 'PEO': 0.06468104245827594, 'DNP': 0.06079225314871695, 'LPP': 0.058802769468161015, 'CPS': 0.049103619034471385, 'SPL': 0.035840765600524585, 'OPL': 0.03003819764134296, 'PGE': 0.02417217105329077, 'MBK': 0.017301939496093953, 'CCC': 0.009787101866685665, 'TPE': 0.008672679278976378, 'ALR': 0.008642619928458745, 'JSW': 0.004963132763244761}"
412,2020-07-30,86061.21111664167,-1.4551915228366852e-11,"{'CDR': 0.16699416514607174, 'PKO': 0.13129812975174315, 'PKN': 0.13077264777232378, 'PZU': 0.11921983739004678, 'KGH': 0.07891692820157131, 'PEO': 0.06468104245827594, 'DNP': 0.06079225314871695, 'LPP': 0.058802769468161015, 'CPS': 0.049103619034471385, 'SPL': 0.035840765600524585, 'OPL': 0.03003819764134296, 'PGE': 0.02417217105329077, 'MBK': 0.017301939496093953, 'CCC': 0.009787101866685665, 'TPE': 0.008672679278976378, 'ALR': 0.008642619928458745, 'JSW': 0.004963132763244761}"
413,2020-07-31,86394.46519031993,-1.4551915228366852e-11,"{'CDR': 0.16699416514607174, 'PKO': 0.13129812975174315, 'PKN': 0.13077264777232378, 'PZU': 0.11921983739004678, 'KGH': 0.07891692820157131, 'PEO': 0.06468104245827594, 'DNP': 0.06079225314871695, 'LPP': 0.058802769468161015, 'CPS': 0.049103619034471385, 'SPL': 0.035840765600524585, 'OPL': 0.03003819764134296, 'PGE': 0.02417217105329077, 'MBK': 0.017301939496093953, 'CCC': 0.009787101866685665, 'TPE': 0.008672679278976378, 'ALR': 0.008642619928458745, 'JSW': 0.004963132763244761}"
414,2020-08-03,88401.65873898412,-1.4551915228366852e-11,"{'CDR': 0.16699416514607174, 'PKO': 0.13129812975174315, 'PKN': 0.13077264777232378, 'PZU': 0.11921983739004678, 'KGH': 0.07891692820157131, 'PEO': 0.06468104245827594, 'DNP': 0.06079225314871695, 'LPP': 0.058802769468161015, 'CPS': 0.049103619034471385, 'SPL': 0.035840765600524585, 'OPL': 0.03003819764134296, 'PGE': 0.02417217105329077, 'MBK': 0.017301939496093953, 'CCC': 0.009787101866685665, 'TPE': 0.008672679278976378, 'ALR': 0.008642619928458745, 'JSW': 0.004963132763244761}"
415,2020-08-04,88859.11365473366,-1.4551915228366852e-11,"{'CDR': 0.16699416514607174, 'PKO': 0.13129812975174315, 'PKN': 0.13077264777232378, 'PZU': 0.11921983739004678, 'KGH': 0.07891692820157131, 'PEO': 0.06468104245827594, 'DNP': 0.06079225314871695, 'LPP': 0.058802769468161015, 'CPS': 0.049103619034471385, 'SPL': 0.035840765600524585, 'OPL': 0.03003819764134296, 'PGE': 0.02417217105329077, 'MBK': 0.017301939496093953, 'CCC': 0.009787101866685665, 'TPE': 0.008672679278976378, 'ALR': 0.008642619928458745, 'JSW': 0.004963132763244761}"
416,2020-08-05,89731.1755154166,-1.4551915228366852e-11,"{'CDR': 0.16699416514607174, 'PKO': 0.13129812975174315, 'PKN': 0.13077264777232378, 'PZU': 0.11921983739004678, 'KGH': 0.07891692820157131, 'PEO': 0.06468104245827594, 'DNP': 0.06079225314871695, 'LPP': 0.058802769468161015, 'CPS': 0.049103619034471385, 'SPL': 0.035840765600524585, 'OPL': 0.03003819764134296, 'PGE': 0.02417217105329077, 'MBK': 0.017301939496093953, 'CCC': 0.009787101866685665, 'TPE': 0.008672679278976378, 'ALR': 0.008642619928458745, 'JSW': 0.004963132763244761}"
417,2020-08-06,89097.11058019301,-1.4551915228366852e-11,"{'CDR': 0.16699416514607174, 'PKO': 0.13129812975174315, 'PKN': 0.13077264777232378, 'PZU': 0.11921983739004678, 'KGH': 0.07891692820157131, 'PEO': 0.06468104245827594, 'DNP': 0.06079225314871695, 'LPP': 0.058802769468161015, 'CPS': 0.049103619034471385, 'SPL': 0.035840765600524585, 'OPL': 0.03003819764134296, 'PGE': 0.02417217105329077, 'MBK': 0.017301939496093953, 'CCC': 0.009787101866685665, 'TPE': 0.008672679278976378, 'ALR': 0.008642619928458745, 'JSW': 0.004963132763244761}"
418,2020-08-07,89166.83677861039,-1.4551915228366852e-11,"{'CDR': 0.16699416514607174, 'PKO': 0.13129812975174315, 'PKN': 0.13077264777232378, 'PZU': 0.11921983739004678, 'KGH': 0.07891692820157131, 'PEO': 0.06468104245827594, 'DNP': 0.06079225314871695, 'LPP': 0.058802769468161015, 'CPS': 0.049103619034471385, 'SPL': 0.035840765600524585, 'OPL': 0.03003819764134296, 'PGE': 0.02417217105329077, 'MBK': 0.017301939496093953, 'CCC': 0.009787101866685665, 'TPE': 0.008672679278976378, 'ALR': 0.008642619928458745, 'JSW': 0.004963132763244761}"
419,2020-08-10,89515.62697240995,-1.4551915228366852e-11,"{'CDR': 0.16699416514607174, 'PKO': 0.13129812975174315, 'PKN': 0.13077264777232378, 'PZU': 0.11921983739004678, 'KGH': 0.07891692820157131, 'PEO': 0.06468104245827594, 'DNP': 0.06079225314871695, 'LPP': 0.058802769468161015, 'CPS': 0.049103619034471385, 'SPL': 0.035840765600524585, 'OPL': 0.03003819764134296, 'PGE': 0.02417217105329077, 'MBK': 0.017301939496093953, 'CCC': 0.009787101866685665, 'TPE': 0.008672679278976378, 'ALR': 0.008642619928458745, 'JSW': 0.004963132763244761}"
420,2020-08-11,90716.5939956869,-1.4551915228366852e-11,"{'CDR': 0.16699416514607174, 'PKO': 0.13129812975174315, 'PKN': 0.13077264777232378, 'PZU': 0.11921983739004678, 'KGH': 0.07891692820157131, 'PEO': 0.06468104245827594, 'DNP': 0.06079225314871695, 'LPP': 0.058802769468161015, 'CPS': 0.049103619034471385, 'SPL': 0.035840765600524585, 'OPL': 0.03003819764134296, 'PGE': 0.02417217105329077, 'MBK': 0.017301939496093953, 'CCC': 0.009787101866685665, 'TPE': 0.008672679278976378, 'ALR': 0.008642619928458745, 'JSW': 0.004963132763244761}"
421,2020-08-12,91249.64779827661,-1.4551915228366852e-11,"{'CDR': 0.16699416514607174, 'PKO': 0.13129812975174315, 'PKN': 0.13077264777232378, 'PZU': 0.11921983739004678, 'KGH': 0.07891692820157131, 'PEO': 0.06468104245827594, 'DNP': 0.06079225314871695, 'LPP': 0.058802769468161015, 'CPS': 0.049103619034471385, 'SPL': 0.035840765600524585, 'OPL': 0.03003819764134296, 'PGE': 0.02417217105329077, 'MBK': 0.017301939496093953, 'CCC': 0.009787101866685665, 'TPE': 0.008672679278976378, 'ALR': 0.008642619928458745, 'JSW': 0.004963132763244761}"
422,2020-08-13,91300.16599065675,-1.4551915228366852e-11,"{'CDR': 0.16699416514607174, 'PKO': 0.13129812975174315, 'PKN': 0.13077264777232378, 'PZU': 0.11921983739004678, 'KGH': 0.07891692820157131, 'PEO': 0.06468104245827594, 'DNP': 0.06079225314871695, 'LPP': 0.058802769468161015, 'CPS': 0.049103619034471385, 'SPL': 0.035840765600524585, 'OPL': 0.03003819764134296, 'PGE': 0.02417217105329077, 'MBK': 0.017301939496093953, 'CCC': 0.009787101866685665, 'TPE': 0.008672679278976378, 'ALR': 0.008642619928458745, 'JSW': 0.004963132763244761}"
423,2020-08-14,91182.61963889329,-1.4551915228366852e-11,"{'CDR': 0.16699416514607174, 'PKO': 0.13129812975174315, 'PKN': 0.13077264777232378, 'PZU': 0.11921983739004678, 'KGH': 0.07891692820157131, 'PEO': 0.06468104245827594, 'DNP': 0.06079225314871695, 'LPP': 0.058802769468161015, 'CPS': 0.049103619034471385, 'SPL': 0.035840765600524585, 'OPL': 0.03003819764134296, 'PGE': 0.02417217105329077, 'MBK': 0.017301939496093953, 'CCC': 0.009787101866685665, 'TPE': 0.008672679278976378, 'ALR': 0.008642619928458745, 'JSW': 0.004963132763244761}"
424,2020-08-17,91572.89052037266,-1.4551915228366852e-11,"{'CDR': 0.16699416514607174, 'PKO': 0.13129812975174315, 'PKN': 0.13077264777232378, 'PZU': 0.11921983739004678, 'KGH': 0.07891692820157131, 'PEO': 0.06468104245827594, 'DNP': 0.06079225314871695, 'LPP': 0.058802769468161015, 'CPS': 0.049103619034471385, 'SPL': 0.035840765600524585, 'OPL': 0.03003819764134296, 'PGE': 0.02417217105329077, 'MBK': 0.017301939496093953, 'CCC': 0.009787101866685665, 'TPE': 0.008672679278976378, 'ALR': 0.008642619928458745, 'JSW': 0.004963132763244761}"
425,2020-08-18,90430.91031271542,-1.4551915228366852e-11,"{'CDR': 0.16699416514607174, 'PKO': 0.13129812975174315, 'PKN': 0.13077264777232378, 'PZU': 0.11921983739004678, 'KGH': 0.07891692820157131, 'PEO': 0.06468104245827594, 'DNP': 0.06079225314871695, 'LPP': 0.058802769468161015, 'CPS': 0.049103619034471385, 'SPL': 0.035840765600524585, 'OPL': 0.03003819764134296, 'PGE': 0.02417217105329077, 'MBK': 0.017301939496093953, 'CCC': 0.009787101866685665, 'TPE': 0.008672679278976378, 'ALR': 0.008642619928458745, 'JSW': 0.004963132763244761}"
426,2020-08-19,90191.99764293978,-1.4551915228366852e-11,"{'CDR': 0.16699416514607174, 'PKO': 0.13129812975174315, 'PKN': 0.13077264777232378, 'PZU': 0.11921983739004678, 'KGH': 0.07891692820157131, 'PEO': 0.06468104245827594, 'DNP': 0.06079225314871695, 'LPP': 0.058802769468161015, 'CPS': 0.049103619034471385, 'SPL': 0.035840765600524585, 'OPL': 0.03003819764134296, 'PGE': 0.02417217105329077, 'MBK': 0.017301939496093953, 'CCC': 0.009787101866685665, 'TPE': 0.008672679278976378, 'ALR': 0.008642619928458745, 'JSW': 0.004963132763244761}"
427,2020-08-20,89240.79004718365,-1.4551915228366852e-11,"{'CDR': 0.16699416514607174, 'PKO': 0.13129812975174315, 'PKN': 0.13077264777232378, 'PZU': 0.11921983739004678, 'KGH': 0.07891692820157131, 'PEO': 0.06468104245827594, 'DNP': 0.06079225314871695, 'LPP': 0.058802769468161015, 'CPS': 0.049103619034471385, 'SPL': 0.035840765600524585, 'OPL': 0.03003819764134296, 'PGE': 0.02417217105329077, 'MBK': 0.017301939496093953, 'CCC': 0.009787101866685665, 'TPE': 0.008672679278976378, 'ALR': 0.008642619928458745, 'JSW': 0.004963132763244761}"
428,2020-08-21,89619.30457955843,-1.4551915228366852e-11,"{'CDR': 0.16699416514607174, 'PKO': 0.13129812975174315, 'PKN': 0.13077264777232378, 'PZU': 0.11921983739004678, 'KGH': 0.07891692820157131, 'PEO': 0.06468104245827594, 'DNP': 0.06079225314871695, 'LPP': 0.058802769468161015, 'CPS': 0.049103619034471385, 'SPL': 0.035840765600524585, 'OPL': 0.03003819764134296, 'PGE': 0.02417217105329077, 'MBK': 0.017301939496093953, 'CCC': 0.009787101866685665, 'TPE': 0.008672679278976378, 'ALR': 0.008642619928458745, 'JSW': 0.004963132763244761}"
429,2020-08-24,90636.50360588825,-1.4551915228366852e-11,"{'CDR': 0.16699416514607174, 'PKO': 0.13129812975174315, 'PKN': 0.13077264777232378, 'PZU': 0.11921983739004678, 'KGH': 0.07891692820157131, 'PEO': 0.06468104245827594, 'DNP': 0.06079225314871695, 'LPP': 0.058802769468161015, 'CPS': 0.049103619034471385, 'SPL': 0.035840765600524585, 'OPL': 0.03003819764134296, 'PGE': 0.02417217105329077, 'MBK': 0.017301939496093953, 'CCC': 0.009787101866685665, 'TPE': 0.008672679278976378, 'ALR': 0.008642619928458745, 'JSW': 0.004963132763244761}"
430,2020-08-25,89515.24478512483,-1.4551915228366852e-11,"{'CDR': 0.16699416514607174, 'PKO': 0.13129812975174315, 'PKN': 0.13077264777232378, 'PZU': 0.11921983739004678, 'KGH': 0.07891692820157131, 'PEO': 0.06468104245827594, 'DNP': 0.06079225314871695, 'LPP': 0.058802769468161015, 'CPS': 0.049103619034471385, 'SPL': 0.035840765600524585, 'OPL': 0.03003819764134296, 'PGE': 0.02417217105329077, 'MBK': 0.017301939496093953, 'CCC': 0.009787101866685665, 'TPE': 0.008672679278976378, 'ALR': 0.008642619928458745, 'JSW': 0.004963132763244761}"
431,2020-08-26,91092.04237399562,-1.4551915228366852e-11,"{'CDR': 0.16699416514607174, 'PKO': 0.13129812975174315, 'PKN': 0.13077264777232378, 'PZU': 0.11921983739004678, 'KGH': 0.07891692820157131, 'PEO': 0.06468104245827594, 'DNP': 0.06079225314871695, 'LPP': 0.058802769468161015, 'CPS': 0.049103619034471385, 'SPL': 0.035840765600524585, 'OPL': 0.03003819764134296, 'PGE': 0.02417217105329077, 'MBK': 0.017301939496093953, 'CCC': 0.009787101866685665, 'TPE': 0.008672679278976378, 'ALR': 0.008642619928458745, 'JSW': 0.004963132763244761}"
432,2020-08-27,91212.03402870461,-1.4551915228366852e-11,"{'CDR': 0.16699416514607174, 'PKO': 0.13129812975174315, 'PKN': 0.13077264777232378, 'PZU': 0.11921983739004678, 'KGH': 0.07891692820157131, 'PEO': 0.06468104245827594, 'DNP': 0.06079225314871695, 'LPP': 0.058802769468161015, 'CPS': 0.049103619034471385, 'SPL': 0.035840765600524585, 'OPL': 0.03003819764134296, 'PGE': 0.02417217105329077, 'MBK': 0.017301939496093953, 'CCC': 0.009787101866685665, 'TPE': 0.008672679278976378, 'ALR': 0.008642619928458745, 'JSW': 0.004963132763244761}"
433,2020-08-28,90318.56427180381,-1.4551915228366852e-11,"{'CDR': 0.16699416514607174, 'PKO': 0.13129812975174315, 'PKN': 0.13077264777232378, 'PZU': 0.11921983739004678, 'KGH': 0.07891692820157131, 'PEO': 0.06468104245827594, 'DNP': 0.06079225314871695, 'LPP': 0.058802769468161015, 'CPS': 0.049103619034471385, 'SPL': 0.035840765600524585, 'OPL': 0.03003819764134296, 'PGE': 0.02417217105329077, 'MBK': 0.017301939496093953, 'CCC': 0.009787101866685665, 'TPE': 0.008672679278976378, 'ALR': 0.008642619928458745, 'JSW': 0.004963132763244761}"
434,2020-08-31,88973.53914318058,-1.4551915228366852e-11,"{'CDR': 0.16699416514607174, 'PKO': 0.13129812975174315, 'PKN': 0.13077264777232378, 'PZU': 0.11921983739004678, 'KGH': 0.07891692820157131, 'PEO': 0.06468104245827594, 'DNP': 0.06079225314871695, 'LPP': 0.058802769468161015, 'CPS': 0.049103619034471385, 'SPL': 0.035840765600524585, 'OPL': 0.03003819764134296, 'PGE': 0.02417217105329077, 'MBK': 0.017301939496093953, 'CCC': 0.009787101866685665, 'TPE': 0.008672679278976378, 'ALR': 0.008642619928458745, 'JSW': 0.004963132763244761}"
435,2020-09-01,87714.4405348653,-1.4551915228366852e-11,"{'CDR': 0.16699416514607174, 'PKO': 0.13129812975174315, 'PKN': 0.13077264777232378, 'PZU': 0.11921983739004678, 'KGH': 0.07891692820157131, 'PEO': 0.06468104245827594, 'DNP': 0.06079225314871695, 'LPP': 0.058802769468161015, 'CPS': 0.049103619034471385, 'SPL': 0.035840765600524585, 'OPL': 0.03003819764134296, 'PGE': 0.02417217105329077, 'MBK': 0.017301939496093953, 'CCC': 0.009787101866685665, 'TPE': 0.008672679278976378, 'ALR': 0.008642619928458745, 'JSW': 0.004963132763244761}"
436,2020-09-02,88281.08801151952,-1.4551915228366852e-11,"{'CDR': 0.16699416514607174, 'PKO': 0.13129812975174315, 'PKN': 0.13077264777232378, 'PZU': 0.11921983739004678, 'KGH': 0.07891692820157131, 'PEO': 0.06468104245827594, 'DNP': 0.06079225314871695, 'LPP': 0.058802769468161015, 'CPS': 0.049103619034471385, 'SPL': 0.035840765600524585, 'OPL': 0.03003819764134296, 'PGE': 0.02417217105329077, 'MBK': 0.017301939496093953, 'CCC': 0.009787101866685665, 'TPE': 0.008672679278976378, 'ALR': 0.008642619928458745, 'JSW': 0.004963132763244761}"
437,2020-09-03,87484.0763955591,-1.4551915228366852e-11,"{'CDR': 0.16699416514607174, 'PKO': 0.13129812975174315, 'PKN': 0.13077264777232378, 'PZU': 0.11921983739004678, 'KGH': 0.07891692820157131, 'PEO': 0.06468104245827594, 'DNP': 0.06079225314871695, 'LPP': 0.058802769468161015, 'CPS': 0.049103619034471385, 'SPL': 0.035840765600524585, 'OPL': 0.03003819764134296, 'PGE': 0.02417217105329077, 'MBK': 0.017301939496093953, 'CCC': 0.009787101866685665, 'TPE': 0.008672679278976378, 'ALR': 0.008642619928458745, 'JSW': 0.004963132763244761}"
438,2020-09-04,86973.47646881074,-1.4551915228366852e-11,"{'CDR': 0.16699416514607174, 'PKO': 0.13129812975174315, 'PKN': 0.13077264777232378, 'PZU': 0.11921983739004678, 'KGH': 0.07891692820157131, 'PEO': 0.06468104245827594, 'DNP': 0.06079225314871695, 'LPP': 0.058802769468161015, 'CPS': 0.049103619034471385, 'SPL': 0.035840765600524585, 'OPL': 0.03003819764134296, 'PGE': 0.02417217105329077, 'MBK': 0.017301939496093953, 'CCC': 0.009787101866685665, 'TPE': 0.008672679278976378, 'ALR': 0.008642619928458745, 'JSW': 0.004963132763244761}"
439,2020-09-07,87680.39489935548,-1.4551915228366852e-11,"{'CDR': 0.16699416514607174, 'PKO': 0.13129812975174315, 'PKN': 0.13077264777232378, 'PZU': 0.11921983739004678, 'KGH': 0.07891692820157131, 'PEO': 0.06468104245827594, 'DNP': 0.06079225314871695, 'LPP': 0.058802769468161015, 'CPS': 0.049103619034471385, 'SPL': 0.035840765600524585, 'OPL': 0.03003819764134296, 'PGE': 0.02417217105329077, 'MBK': 0.017301939496093953, 'CCC': 0.009787101866685665, 'TPE': 0.008672679278976378, 'ALR': 0.008642619928458745, 'JSW': 0.004963132763244761}"
440,2020-09-08,85856.1275132678,-1.4551915228366852e-11,"{'CDR': 0.16699416514607174, 'PKO': 0.13129812975174315, 'PKN': 0.13077264777232378, 'PZU': 0.11921983739004678, 'KGH': 0.07891692820157131, 'PEO': 0.06468104245827594, 'DNP': 0.06079225314871695, 'LPP': 0.058802769468161015, 'CPS': 0.049103619034471385, 'SPL': 0.035840765600524585, 'OPL': 0.03003819764134296, 'PGE': 0.02417217105329077, 'MBK': 0.017301939496093953, 'CCC': 0.009787101866685665, 'TPE': 0.008672679278976378, 'ALR': 0.008642619928458745, 'JSW': 0.004963132763244761}"
441,2020-09-09,87781.1282937609,-1.4551915228366852e-11,"{'CDR': 0.16699416514607174, 'PKO': 0.13129812975174315, 'PKN': 0.13077264777232378, 'PZU': 0.11921983739004678, 'KGH': 0.07891692820157131, 'PEO': 0.06468104245827594, 'DNP': 0.06079225314871695, 'LPP': 0.058802769468161015, 'CPS': 0.049103619034471385, 'SPL': 0.035840765600524585, 'OPL': 0.03003819764134296, 'PGE': 0.02417217105329077, 'MBK': 0.017301939496093953, 'CCC': 0.009787101866685665, 'TPE': 0.008672679278976378, 'ALR': 0.008642619928458745, 'JSW': 0.004963132763244761}"
442,2020-09-10,87394.17038427356,-1.4551915228366852e-11,"{'CDR': 0.16699416514607174, 'PKO': 0.13129812975174315, 'PKN': 0.13077264777232378, 'PZU': 0.11921983739004678, 'KGH': 0.07891692820157131, 'PEO': 0.06468104245827594, 'DNP': 0.06079225314871695, 'LPP': 0.058802769468161015, 'CPS': 0.049103619034471385, 'SPL': 0.035840765600524585, 'OPL': 0.03003819764134296, 'PGE': 0.02417217105329077, 'MBK': 0.017301939496093953, 'CCC': 0.009787101866685665, 'TPE': 0.008672679278976378, 'ALR': 0.008642619928458745, 'JSW': 0.004963132763244761}"
443,2020-09-11,87865.3947385604,-1.4551915228366852e-11,"{'CDR': 0.16699416514607174, 'PKO': 0.13129812975174315, 'PKN': 0.13077264777232378, 'PZU': 0.11921983739004678, 'KGH': 0.07891692820157131, 'PEO': 0.06468104245827594, 'DNP': 0.06079225314871695, 'LPP': 0.058802769468161015, 'CPS': 0.049103619034471385, 'SPL': 0.035840765600524585, 'OPL': 0.03003819764134296, 'PGE': 0.02417217105329077, 'MBK': 0.017301939496093953, 'CCC': 0.009787101866685665, 'TPE': 0.008672679278976378, 'ALR': 0.008642619928458745, 'JSW': 0.004963132763244761}"
444,2020-09-14,87177.42377909449,-1.4551915228366852e-11,"{'CDR': 0.16699416514607174, 'PKO': 0.13129812975174315, 'PKN': 0.13077264777232378, 'PZU': 0.11921983739004678, 'KGH': 0.07891692820157131, 'PEO': 0.06468104245827594, 'DNP': 0.06079225314871695, 'LPP': 0.058802769468161015, 'CPS': 0.049103619034471385, 'SPL': 0.035840765600524585, 'OPL': 0.03003819764134296, 'PGE': 0.02417217105329077, 'MBK': 0.017301939496093953, 'CCC': 0.009787101866685665, 'TPE': 0.008672679278976378, 'ALR': 0.008642619928458745, 'JSW': 0.004963132763244761}"
445,2020-09-15,86521.82062211442,-1.4551915228366852e-11,"{'CDR': 0.16699416514607174, 'PKO': 0.13129812975174315, 'PKN': 0.13077264777232378, 'PZU': 0.11921983739004678, 'KGH': 0.07891692820157131, 'PEO': 0.06468104245827594, 'DNP': 0.06079225314871695, 'LPP': 0.058802769468161015, 'CPS': 0.049103619034471385, 'SPL': 0.035840765600524585, 'OPL': 0.03003819764134296, 'PGE': 0.02417217105329077, 'MBK': 0.017301939496093953, 'CCC': 0.009787101866685665, 'TPE': 0.008672679278976378, 'ALR': 0.008642619928458745, 'JSW': 0.004963132763244761}"
446,2020-09-16,86194.8871952353,-1.4551915228366852e-11,"{'CDR': 0.16699416514607174, 'PKO': 0.13129812975174315, 'PKN': 0.13077264777232378, 'PZU': 0.11921983739004678, 'KGH': 0.07891692820157131, 'PEO': 0.06468104245827594, 'DNP': 0.06079225314871695, 'LPP': 0.058802769468161015, 'CPS': 0.049103619034471385, 'SPL': 0.035840765600524585, 'OPL': 0.03003819764134296, 'PGE': 0.02417217105329077, 'MBK': 0.017301939496093953, 'CCC': 0.009787101866685665, 'TPE': 0.008672679278976378, 'ALR': 0.008642619928458745, 'JSW': 0.004963132763244761}"
447,2020-09-17,86736.66940420245,-1.4551915228366852e-11,"{'CDR': 0.16699416514607174, 'PKO': 0.13129812975174315, 'PKN': 0.13077264777232378, 'PZU': 0.11921983739004678, 'KGH': 0.07891692820157131, 'PEO': 0.06468104245827594, 'DNP': 0.06079225314871695, 'LPP': 0.058802769468161015, 'CPS': 0.049103619034471385, 'SPL': 0.035840765600524585, 'OPL': 0.03003819764134296, 'PGE': 0.02417217105329077, 'MBK': 0.017301939496093953, 'CCC': 0.009787101866685665, 'TPE': 0.008672679278976378, 'ALR': 0.008642619928458745, 'JSW': 0.004963132763244761}"
448,2020-09-18,86054.24308779174,-2.9103830456733704e-11,"{'CDR': 0.1661157125470249, 'PKO': 0.12020323839203349, 'KGH': 0.11579892777129923, 'PZU': 0.10160590667114074, 'PKN': 0.09719716626854003, 'DNP': 0.07245461965339173, 'LPP': 0.06001025494502087, 'PEO': 0.05940005249291511, 'CPS': 0.05011079991893499, 'PGE': 0.034059485325793844, 'SPL': 0.03281250173038354, 'OPL': 0.030956423128334104, 'TPE': 0.016692525518312167, 'MBK': 0.01586083397288309, 'CCC': 0.0137146046585801, 'ALR': 0.007892763840576581, 'JSW': 0.005114183164835506}"
449,2020-09-21,82663.66199682899,-2.9103830456733704e-11,"{'CDR': 0.1661157125470249, 'PKO': 0.12020323839203349, 'KGH': 0.11579892777129923, 'PZU': 0.10160590667114074, 'PKN': 0.09719716626854003, 'DNP': 0.07245461965339173, 'LPP': 0.06001025494502087, 'PEO': 0.05940005249291511, 'CPS': 0.05011079991893499, 'PGE': 0.034059485325793844, 'SPL': 0.03281250173038354, 'OPL': 0.030956423128334104, 'TPE': 0.016692525518312167, 'MBK': 0.01586083397288309, 'CCC': 0.0137146046585801, 'ALR': 0.007892763840576581, 'JSW': 0.005114183164835506}"
450,2020-09-22,83155.7068552748,-2.9103830456733704e-11,"{'CDR': 0.1661157125470249, 'PKO': 0.12020323839203349, 'KGH': 0.11579892777129923, 'PZU': 0.10160590667114074, 'PKN': 0.09719716626854003, 'DNP': 0.07245461965339173, 'LPP': 0.06001025494502087, 'PEO': 0.05940005249291511, 'CPS': 0.05011079991893499, 'PGE': 0.034059485325793844, 'SPL': 0.03281250173038354, 'OPL': 0.030956423128334104, 'TPE': 0.016692525518312167, 'MBK': 0.01586083397288309, 'CCC': 0.0137146046585801, 'ALR': 0.007892763840576581, 'JSW': 0.005114183164835506}"
451,2020-09-23,82583.68114944879,-2.9103830456733704e-11,"{'CDR': 0.1661157125470249, 'PKO': 0.12020323839203349, 'KGH': 0.11579892777129923, 'PZU': 0.10160590667114074, 'PKN': 0.09719716626854003, 'DNP': 0.07245461965339173, 'LPP': 0.06001025494502087, 'PEO': 0.05940005249291511, 'CPS': 0.05011079991893499, 'PGE': 0.034059485325793844, 'SPL': 0.03281250173038354, 'OPL': 0.030956423128334104, 'TPE': 0.016692525518312167, 'MBK': 0.01586083397288309, 'CCC': 0.0137146046585801, 'ALR': 0.007892763840576581, 'JSW': 0.005114183164835506}"
452,2020-09-24,81458.93001028635,-2.9103830456733704e-11,"{'CDR': 0.1661157125470249, 'PKO': 0.12020323839203349, 'KGH': 0.11579892777129923, 'PZU': 0.10160590667114074, 'PKN': 0.09719716626854003, 'DNP': 0.07245461965339173, 'LPP': 0.06001025494502087, 'PEO': 0.05940005249291511, 'CPS': 0.05011079991893499, 'PGE': 0.034059485325793844, 'SPL': 0.03281250173038354, 'OPL': 0.030956423128334104, 'TPE': 0.016692525518312167, 'MBK': 0.01586083397288309, 'CCC': 0.0137146046585801, 'ALR': 0.007892763840576581, 'JSW': 0.005114183164835506}"
453,2020-09-25,82134.54493015494,-2.9103830456733704e-11,"{'CDR': 0.1661157125470249, 'PKO': 0.12020323839203349, 'KGH': 0.11579892777129923, 'PZU': 0.10160590667114074, 'PKN': 0.09719716626854003, 'DNP': 0.07245461965339173, 'LPP': 0.06001025494502087, 'PEO': 0.05940005249291511, 'CPS': 0.05011079991893499, 'PGE': 0.034059485325793844, 'SPL': 0.03281250173038354, 'OPL': 0.030956423128334104, 'TPE': 0.016692525518312167, 'MBK': 0.01586083397288309, 'CCC': 0.0137146046585801, 'ALR': 0.007892763840576581, 'JSW': 0.005114183164835506}"
454,2020-09-28,85461.10668525906,-2.9103830456733704e-11,"{'CDR': 0.1661157125470249, 'PKO': 0.12020323839203349, 'KGH': 0.11579892777129923, 'PZU': 0.10160590667114074, 'PKN': 0.09719716626854003, 'DNP': 0.07245461965339173, 'LPP': 0.06001025494502087, 'PEO': 0.05940005249291511, 'CPS': 0.05011079991893499, 'PGE': 0.034059485325793844, 'SPL': 0.03281250173038354, 'OPL': 0.030956423128334104, 'TPE': 0.016692525518312167, 'MBK': 0.01586083397288309, 'CCC': 0.0137146046585801, 'ALR': 0.007892763840576581, 'JSW': 0.005114183164835506}"
455,2020-09-29,84359.08285010462,-2.9103830456733704e-11,"{'CDR': 0.1661157125470249, 'PKO': 0.12020323839203349, 'KGH': 0.11579892777129923, 'PZU': 0.10160590667114074, 'PKN': 0.09719716626854003, 'DNP': 0.07245461965339173, 'LPP': 0.06001025494502087, 'PEO': 0.05940005249291511, 'CPS': 0.05011079991893499, 'PGE': 0.034059485325793844, 'SPL': 0.03281250173038354, 'OPL': 0.030956423128334104, 'TPE': 0.016692525518312167, 'MBK': 0.01586083397288309, 'CCC': 0.0137146046585801, 'ALR': 0.007892763840576581, 'JSW': 0.005114183164835506}"
456,2020-09-30,84057.0817344519,-2.9103830456733704e-11,"{'CDR': 0.1661157125470249, 'PKO': 0.12020323839203349, 'KGH': 0.11579892777129923, 'PZU': 0.10160590667114074, 'PKN': 0.09719716626854003, 'DNP': 0.07245461965339173, 'LPP': 0.06001025494502087, 'PEO': 0.05940005249291511, 'CPS': 0.05011079991893499, 'PGE': 0.034059485325793844, 'SPL': 0.03281250173038354, 'OPL': 0.030956423128334104, 'TPE': 0.016692525518312167, 'MBK': 0.01586083397288309, 'CCC': 0.0137146046585801, 'ALR': 0.007892763840576581, 'JSW': 0.005114183164835506}"
457,2020-10-01,83172.05857265211,-2.9103830456733704e-11,"{'CDR': 0.1661157125470249, 'PKO': 0.12020323839203349, 'KGH': 0.11579892777129923, 'PZU': 0.10160590667114074, 'PKN': 0.09719716626854003, 'DNP': 0.07245461965339173, 'LPP': 0.06001025494502087, 'PEO': 0.05940005249291511, 'CPS': 0.05011079991893499, 'PGE': 0.034059485325793844, 'SPL': 0.03281250173038354, 'OPL': 0.030956423128334104, 'TPE': 0.016692525518312167, 'MBK': 0.01586083397288309, 'CCC': 0.0137146046585801, 'ALR': 0.007892763840576581, 'JSW': 0.005114183164835506}"
458,2020-10-02,83442.4497255626,-2.9103830456733704e-11,"{'CDR': 0.1661157125470249, 'PKO': 0.12020323839203349, 'KGH': 0.11579892777129923, 'PZU': 0.10160590667114074, 'PKN': 0.09719716626854003, 'DNP': 0.07245461965339173, 'LPP': 0.06001025494502087, 'PEO': 0.05940005249291511, 'CPS': 0.05011079991893499, 'PGE': 0.034059485325793844, 'SPL': 0.03281250173038354, 'OPL': 0.030956423128334104, 'TPE': 0.016692525518312167, 'MBK': 0.01586083397288309, 'CCC': 0.0137146046585801, 'ALR': 0.007892763840576581, 'JSW': 0.005114183164835506}"
459,2020-10-05,85051.09611542961,-2.9103830456733704e-11,"{'CDR': 0.1661157125470249, 'PKO': 0.12020323839203349, 'KGH': 0.11579892777129923, 'PZU': 0.10160590667114074, 'PKN': 0.09719716626854003, 'DNP': 0.07245461965339173, 'LPP': 0.06001025494502087, 'PEO': 0.05940005249291511, 'CPS': 0.05011079991893499, 'PGE': 0.034059485325793844, 'SPL': 0.03281250173038354, 'OPL': 0.030956423128334104, 'TPE': 0.016692525518312167, 'MBK': 0.01586083397288309, 'CCC': 0.0137146046585801, 'ALR': 0.007892763840576581, 'JSW': 0.005114183164835506}"
460,2020-10-06,85219.58625501588,-2.9103830456733704e-11,"{'CDR': 0.1661157125470249, 'PKO': 0.12020323839203349, 'KGH': 0.11579892777129923, 'PZU': 0.10160590667114074, 'PKN': 0.09719716626854003, 'DNP': 0.07245461965339173, 'LPP': 0.06001025494502087, 'PEO': 0.05940005249291511, 'CPS': 0.05011079991893499, 'PGE': 0.034059485325793844, 'SPL': 0.03281250173038354, 'OPL': 0.030956423128334104, 'TPE': 0.016692525518312167, 'MBK': 0.01586083397288309, 'CCC': 0.0137146046585801, 'ALR': 0.007892763840576581, 'JSW': 0.005114183164835506}"
461,2020-10-07,85184.22197761935,-2.9103830456733704e-11,"{'CDR': 0.1661157125470249, 'PKO': 0.12020323839203349, 'KGH': 0.11579892777129923, 'PZU': 0.10160590667114074, 'PKN': 0.09719716626854003, 'DNP': 0.07245461965339173, 'LPP': 0.06001025494502087, 'PEO': 0.05940005249291511, 'CPS': 0.05011079991893499, 'PGE': 0.034059485325793844, 'SPL': 0.03281250173038354, 'OPL': 0.030956423128334104, 'TPE': 0.016692525518312167, 'MBK': 0.01586083397288309, 'CCC': 0.0137146046585801, 'ALR': 0.007892763840576581, 'JSW': 0.005114183164835506}"
462,2020-10-08,84292.79059062204,-2.9103830456733704e-11,"{'CDR': 0.1661157125470249, 'PKO': 0.12020323839203349, 'KGH': 0.11579892777129923, 'PZU': 0.10160590667114074, 'PKN': 0.09719716626854003, 'DNP': 0.07245461965339173, 'LPP': 0.06001025494502087, 'PEO': 0.05940005249291511, 'CPS': 0.05011079991893499, 'PGE': 0.034059485325793844, 'SPL': 0.03281250173038354, 'OPL': 0.030956423128334104, 'TPE': 0.016692525518312167, 'MBK': 0.01586083397288309, 'CCC': 0.0137146046585801, 'ALR': 0.007892763840576581, 'JSW': 0.005114183164835506}"
463,2020-10-09,83213.73993992367,-2.9103830456733704e-11,"{'CDR': 0.1661157125470249, 'PKO': 0.12020323839203349, 'KGH': 0.11579892777129923, 'PZU': 0.10160590667114074, 'PKN': 0.09719716626854003, 'DNP': 0.07245461965339173, 'LPP': 0.06001025494502087, 'PEO': 0.05940005249291511, 'CPS': 0.05011079991893499, 'PGE': 0.034059485325793844, 'SPL': 0.03281250173038354, 'OPL': 0.030956423128334104, 'TPE': 0.016692525518312167, 'MBK': 0.01586083397288309, 'CCC': 0.0137146046585801, 'ALR': 0.007892763840576581, 'JSW': 0.005114183164835506}"
464,2020-10-12,82556.43394023055,-2.9103830456733704e-11,"{'CDR': 0.1661157125470249, 'PKO': 0.12020323839203349, 'KGH': 0.11579892777129923, 'PZU': 0.10160590667114074, 'PKN': 0.09719716626854003, 'DNP': 0.07245461965339173, 'LPP': 0.06001025494502087, 'PEO': 0.05940005249291511, 'CPS': 0.05011079991893499, 'PGE': 0.034059485325793844, 'SPL': 0.03281250173038354, 'OPL': 0.030956423128334104, 'TPE': 0.016692525518312167, 'MBK': 0.01586083397288309, 'CCC': 0.0137146046585801, 'ALR': 0.007892763840576581, 'JSW': 0.005114183164835506}"
465,2020-10-13,81465.21055648247,-2.9103830456733704e-11,"{'CDR': 0.1661157125470249, 'PKO': 0.12020323839203349, 'KGH': 0.11579892777129923, 'PZU': 0.10160590667114074, 'PKN': 0.09719716626854003, 'DNP': 0.07245461965339173, 'LPP': 0.06001025494502087, 'PEO': 0.05940005249291511, 'CPS': 0.05011079991893499, 'PGE': 0.034059485325793844, 'SPL': 0.03281250173038354, 'OPL': 0.030956423128334104, 'TPE': 0.016692525518312167, 'MBK': 0.01586083397288309, 'CCC': 0.0137146046585801, 'ALR': 0.007892763840576581, 'JSW': 0.005114183164835506}"
466,2020-10-14,82159.8941269396,-2.9103830456733704e-11,"{'CDR': 0.1661157125470249, 'PKO': 0.12020323839203349, 'KGH': 0.11579892777129923, 'PZU': 0.10160590667114074, 'PKN': 0.09719716626854003, 'DNP': 0.07245461965339173, 'LPP': 0.06001025494502087, 'PEO': 0.05940005249291511, 'CPS': 0.05011079991893499, 'PGE': 0.034059485325793844, 'SPL': 0.03281250173038354, 'OPL': 0.030956423128334104, 'TPE': 0.016692525518312167, 'MBK': 0.01586083397288309, 'CCC': 0.0137146046585801, 'ALR': 0.007892763840576581, 'JSW': 0.005114183164835506}"
467,2020-10-15,79214.47130624812,-2.9103830456733704e-11,"{'CDR': 0.1661157125470249, 'PKO': 0.12020323839203349, 'KGH': 0.11579892777129923, 'PZU': 0.10160590667114074, 'PKN': 0.09719716626854003, 'DNP': 0.07245461965339173, 'LPP': 0.06001025494502087, 'PEO': 0.05940005249291511, 'CPS': 0.05011079991893499, 'PGE': 0.034059485325793844, 'SPL': 0.03281250173038354, 'OPL': 0.030956423128334104, 'TPE': 0.016692525518312167, 'MBK': 0.01586083397288309, 'CCC': 0.0137146046585801, 'ALR': 0.007892763840576581, 'JSW': 0.005114183164835506}"
468,2020-10-16,80420.3538801884,-2.9103830456733704e-11,"{'CDR': 0.1661157125470249, 'PKO': 0.12020323839203349, 'KGH': 0.11579892777129923, 'PZU': 0.10160590667114074, 'PKN': 0.09719716626854003, 'DNP': 0.07245461965339173, 'LPP': 0.06001025494502087, 'PEO': 0.05940005249291511, 'CPS': 0.05011079991893499, 'PGE': 0.034059485325793844, 'SPL': 0.03281250173038354, 'OPL': 0.030956423128334104, 'TPE': 0.016692525518312167, 'MBK': 0.01586083397288309, 'CCC': 0.0137146046585801, 'ALR': 0.007892763840576581, 'JSW': 0.005114183164835506}"
469,2020-10-19,79801.6061404901,-2.9103830456733704e-11,"{'CDR': 0.1661157125470249, 'PKO': 0.12020323839203349, 'KGH': 0.11579892777129923, 'PZU': 0.10160590667114074, 'PKN': 0.09719716626854003, 'DNP': 0.07245461965339173, 'LPP': 0.06001025494502087, 'PEO': 0.05940005249291511, 'CPS': 0.05011079991893499, 'PGE': 0.034059485325793844, 'SPL': 0.03281250173038354, 'OPL': 0.030956423128334104, 'TPE': 0.016692525518312167, 'MBK': 0.01586083397288309, 'CCC': 0.0137146046585801, 'ALR': 0.007892763840576581, 'JSW': 0.005114183164835506}"
470,2020-10-20,79722.11100701819,-2.9103830456733704e-11,"{'CDR': 0.1661157125470249, 'PKO': 0.12020323839203349, 'KGH': 0.11579892777129923, 'PZU': 0.10160590667114074, 'PKN': 0.09719716626854003, 'DNP': 0.07245461965339173, 'LPP': 0.06001025494502087, 'PEO': 0.05940005249291511, 'CPS': 0.05011079991893499, 'PGE': 0.034059485325793844, 'SPL': 0.03281250173038354, 'OPL': 0.030956423128334104, 'TPE': 0.016692525518312167, 'MBK': 0.01586083397288309, 'CCC': 0.0137146046585801, 'ALR': 0.007892763840576581, 'JSW': 0.005114183164835506}"
471,2020-10-21,79064.96395314076,-2.9103830456733704e-11,"{'CDR': 0.1661157125470249, 'PKO': 0.12020323839203349, 'KGH': 0.11579892777129923, 'PZU': 0.10160590667114074, 'PKN': 0.09719716626854003, 'DNP': 0.07245461965339173, 'LPP': 0.06001025494502087, 'PEO': 0.05940005249291511, 'CPS': 0.05011079991893499, 'PGE': 0.034059485325793844, 'SPL': 0.03281250173038354, 'OPL': 0.030956423128334104, 'TPE': 0.016692525518312167, 'MBK': 0.01586083397288309, 'CCC': 0.0137146046585801, 'ALR': 0.007892763840576581, 'JSW': 0.005114183164835506}"
472,2020-10-22,79000.92890305269,-2.9103830456733704e-11,"{'CDR': 0.1661157125470249, 'PKO': 0.12020323839203349, 'KGH': 0.11579892777129923, 'PZU': 0.10160590667114074, 'PKN': 0.09719716626854003, 'DNP': 0.07245461965339173, 'LPP': 0.06001025494502087, 'PEO': 0.05940005249291511, 'CPS': 0.05011079991893499, 'PGE': 0.034059485325793844, 'SPL': 0.03281250173038354, 'OPL': 0.030956423128334104, 'TPE': 0.016692525518312167, 'MBK': 0.01586083397288309, 'CCC': 0.0137146046585801, 'ALR': 0.007892763840576581, 'JSW': 0.005114183164835506}"
473,2020-10-23,78837.25363807614,-2.9103830456733704e-11,"{'CDR': 0.1661157125470249, 'PKO': 0.12020323839203349, 'KGH': 0.11579892777129923, 'PZU': 0.10160590667114074, 'PKN': 0.09719716626854003, 'DNP': 0.07245461965339173, 'LPP': 0.06001025494502087, 'PEO': 0.05940005249291511, 'CPS': 0.05011079991893499, 'PGE': 0.034059485325793844, 'SPL': 0.03281250173038354, 'OPL': 0.030956423128334104, 'TPE': 0.016692525518312167, 'MBK': 0.01586083397288309, 'CCC': 0.0137146046585801, 'ALR': 0.007892763840576581, 'JSW': 0.005114183164835506}"
474,2020-10-26,77701.47421344357,-2.9103830456733704e-11,"{'CDR': 0.1661157125470249, 'PKO': 0.12020323839203349, 'KGH': 0.11579892777129923, 'PZU': 0.10160590667114074, 'PKN': 0.09719716626854003, 'DNP': 0.07245461965339173, 'LPP': 0.06001025494502087, 'PEO': 0.05940005249291511, 'CPS': 0.05011079991893499, 'PGE': 0.034059485325793844, 'SPL': 0.03281250173038354, 'OPL': 0.030956423128334104, 'TPE': 0.016692525518312167, 'MBK': 0.01586083397288309, 'CCC': 0.0137146046585801, 'ALR': 0.007892763840576581, 'JSW': 0.005114183164835506}"
475,2020-10-27,76939.55859024188,-2.9103830456733704e-11,"{'CDR': 0.1661157125470249, 'PKO': 0.12020323839203349, 'KGH': 0.11579892777129923, 'PZU': 0.10160590667114074, 'PKN': 0.09719716626854003, 'DNP': 0.07245461965339173, 'LPP': 0.06001025494502087, 'PEO': 0.05940005249291511, 'CPS': 0.05011079991893499, 'PGE': 0.034059485325793844, 'SPL': 0.03281250173038354, 'OPL': 0.030956423128334104, 'TPE': 0.016692525518312167, 'MBK': 0.01586083397288309, 'CCC': 0.0137146046585801, 'ALR': 0.007892763840576581, 'JSW': 0.005114183164835506}"
476,2020-10-28,73375.0113574046,-2.9103830456733704e-11,"{'CDR': 0.1661157125470249, 'PKO': 0.12020323839203349, 'KGH': 0.11579892777129923, 'PZU': 0.10160590667114074, 'PKN': 0.09719716626854003, 'DNP': 0.07245461965339173, 'LPP': 0.06001025494502087, 'PEO': 0.05940005249291511, 'CPS': 0.05011079991893499, 'PGE': 0.034059485325793844, 'SPL': 0.03281250173038354, 'OPL': 0.030956423128334104, 'TPE': 0.016692525518312167, 'MBK': 0.01586083397288309, 'CCC': 0.0137146046585801, 'ALR': 0.007892763840576581, 'JSW': 0.005114183164835506}"
477,2020-10-29,73313.51539008216,-2.9103830456733704e-11,"{'CDR': 0.1661157125470249, 'PKO': 0.12020323839203349, 'KGH': 0.11579892777129923, 'PZU': 0.10160590667114074, 'PKN': 0.09719716626854003, 'DNP': 0.07245461965339173, 'LPP': 0.06001025494502087, 'PEO': 0.05940005249291511, 'CPS': 0.05011079991893499, 'PGE': 0.034059485325793844, 'SPL': 0.03281250173038354, 'OPL': 0.030956423128334104, 'TPE': 0.016692525518312167, 'MBK': 0.01586083397288309, 'CCC': 0.0137146046585801, 'ALR': 0.007892763840576581, 'JSW': 0.005114183164835506}"
478,2020-10-30,72489.23153993969,-2.9103830456733704e-11,"{'CDR': 0.1661157125470249, 'PKO': 0.12020323839203349, 'KGH': 0.11579892777129923, 'PZU': 0.10160590667114074, 'PKN': 0.09719716626854003, 'DNP': 0.07245461965339173, 'LPP': 0.06001025494502087, 'PEO': 0.05940005249291511, 'CPS': 0.05011079991893499, 'PGE': 0.034059485325793844, 'SPL': 0.03281250173038354, 'OPL': 0.030956423128334104, 'TPE': 0.016692525518312167, 'MBK': 0.01586083397288309, 'CCC': 0.0137146046585801, 'ALR': 0.007892763840576581, 'JSW': 0.005114183164835506}"
479,2020-11-02,74336.26152873783,-2.9103830456733704e-11,"{'CDR': 0.1661157125470249, 'PKO': 0.12020323839203349, 'KGH': 0.11579892777129923, 'PZU': 0.10160590667114074, 'PKN': 0.09719716626854003, 'DNP': 0.07245461965339173, 'LPP': 0.06001025494502087, 'PEO': 0.05940005249291511, 'CPS': 0.05011079991893499, 'PGE': 0.034059485325793844, 'SPL': 0.03281250173038354, 'OPL': 0.030956423128334104, 'TPE': 0.016692525518312167, 'MBK': 0.01586083397288309, 'CCC': 0.0137146046585801, 'ALR': 0.007892763840576581, 'JSW': 0.005114183164835506}"
480,2020-11-03,79101.23155141417,-2.9103830456733704e-11,"{'CDR': 0.1661157125470249, 'PKO': 0.12020323839203349, 'KGH': 0.11579892777129923, 'PZU': 0.10160590667114074, 'PKN': 0.09719716626854003, 'DNP': 0.07245461965339173, 'LPP': 0.06001025494502087, 'PEO': 0.05940005249291511, 'CPS': 0.05011079991893499, 'PGE': 0.034059485325793844, 'SPL': 0.03281250173038354, 'OPL': 0.030956423128334104, 'TPE': 0.016692525518312167, 'MBK': 0.01586083397288309, 'CCC': 0.0137146046585801, 'ALR': 0.007892763840576581, 'JSW': 0.005114183164835506}"
481,2020-11-04,78871.19244057106,-2.9103830456733704e-11,"{'CDR': 0.1661157125470249, 'PKO': 0.12020323839203349, 'KGH': 0.11579892777129923, 'PZU': 0.10160590667114074, 'PKN': 0.09719716626854003, 'DNP': 0.07245461965339173, 'LPP': 0.06001025494502087, 'PEO': 0.05940005249291511, 'CPS': 0.05011079991893499, 'PGE': 0.034059485325793844, 'SPL': 0.03281250173038354, 'OPL': 0.030956423128334104, 'TPE': 0.016692525518312167, 'MBK': 0.01586083397288309, 'CCC': 0.0137146046585801, 'ALR': 0.007892763840576581, 'JSW': 0.005114183164835506}"
482,2020-11-05,80470.20639231692,-2.9103830456733704e-11,"{'CDR': 0.1661157125470249, 'PKO': 0.12020323839203349, 'KGH': 0.11579892777129923, 'PZU': 0.10160590667114074, 'PKN': 0.09719716626854003, 'DNP': 0.07245461965339173, 'LPP': 0.06001025494502087, 'PEO': 0.05940005249291511, 'CPS': 0.05011079991893499, 'PGE': 0.034059485325793844, 'SPL': 0.03281250173038354, 'OPL': 0.030956423128334104, 'TPE': 0.016692525518312167, 'MBK': 0.01586083397288309, 'CCC': 0.0137146046585801, 'ALR': 0.007892763840576581, 'JSW': 0.005114183164835506}"
483,2020-11-06,81465.69003749272,-2.9103830456733704e-11,"{'CDR': 0.1661157125470249, 'PKO': 0.12020323839203349, 'KGH': 0.11579892777129923, 'PZU': 0.10160590667114074, 'PKN': 0.09719716626854003, 'DNP': 0.07245461965339173, 'LPP': 0.06001025494502087, 'PEO': 0.05940005249291511, 'CPS': 0.05011079991893499, 'PGE': 0.034059485325793844, 'SPL': 0.03281250173038354, 'OPL': 0.030956423128334104, 'TPE': 0.016692525518312167, 'MBK': 0.01586083397288309, 'CCC': 0.0137146046585801, 'ALR': 0.007892763840576581, 'JSW': 0.005114183164835506}"
484,2020-11-09,85687.40615193373,-2.9103830456733704e-11,"{'CDR': 0.1661157125470249, 'PKO': 0.12020323839203349, 'KGH': 0.11579892777129923, 'PZU': 0.10160590667114074, 'PKN': 0.09719716626854003, 'DNP': 0.07245461965339173, 'LPP': 0.06001025494502087, 'PEO': 0.05940005249291511, 'CPS': 0.05011079991893499, 'PGE': 0.034059485325793844, 'SPL': 0.03281250173038354, 'OPL': 0.030956423128334104, 'TPE': 0.016692525518312167, 'MBK': 0.01586083397288309, 'CCC': 0.0137146046585801, 'ALR': 0.007892763840576581, 'JSW': 0.005114183164835506}"
485,2020-11-10,87794.87795370803,-2.9103830456733704e-11,"{'CDR': 0.1661157125470249, 'PKO': 0.12020323839203349, 'KGH': 0.11579892777129923, 'PZU': 0.10160590667114074, 'PKN': 0.09719716626854003, 'DNP': 0.07245461965339173, 'LPP': 0.06001025494502087, 'PEO': 0.05940005249291511, 'CPS': 0.05011079991893499, 'PGE': 0.034059485325793844, 'SPL': 0.03281250173038354, 'OPL': 0.030956423128334104, 'TPE': 0.016692525518312167, 'MBK': 0.01586083397288309, 'CCC': 0.0137146046585801, 'ALR': 0.007892763840576581, 'JSW': 0.005114183164835506}"
486,2020-11-11,87794.87795370803,-2.9103830456733704e-11,"{'CDR': 0.1661157125470249, 'PKO': 0.12020323839203349, 'KGH': 0.11579892777129923, 'PZU': 0.10160590667114074, 'PKN': 0.09719716626854003, 'DNP': 0.07245461965339173, 'LPP': 0.06001025494502087, 'PEO': 0.05940005249291511, 'CPS': 0.05011079991893499, 'PGE': 0.034059485325793844, 'SPL': 0.03281250173038354, 'OPL': 0.030956423128334104, 'TPE': 0.016692525518312167, 'MBK': 0.01586083397288309, 'CCC': 0.0137146046585801, 'ALR': 0.007892763840576581, 'JSW': 0.005114183164835506}"
487,2020-11-12,87998.42823710681,-2.9103830456733704e-11,"{'CDR': 0.1661157125470249, 'PKO': 0.12020323839203349, 'KGH': 0.11579892777129923, 'PZU': 0.10160590667114074, 'PKN': 0.09719716626854003, 'DNP': 0.07245461965339173, 'LPP': 0.06001025494502087, 'PEO': 0.05940005249291511, 'CPS': 0.05011079991893499, 'PGE': 0.034059485325793844, 'SPL': 0.03281250173038354, 'OPL': 0.030956423128334104, 'TPE': 0.016692525518312167, 'MBK': 0.01586083397288309, 'CCC': 0.0137146046585801, 'ALR': 0.007892763840576581, 'JSW': 0.005114183164835506}"
488,2020-11-13,87254.97672909613,-2.9103830456733704e-11,"{'CDR': 0.1661157125470249, 'PKO': 0.12020323839203349, 'KGH': 0.11579892777129923, 'PZU': 0.10160590667114074, 'PKN': 0.09719716626854003, 'DNP': 0.07245461965339173, 'LPP': 0.06001025494502087, 'PEO': 0.05940005249291511, 'CPS': 0.05011079991893499, 'PGE': 0.034059485325793844, 'SPL': 0.03281250173038354, 'OPL': 0.030956423128334104, 'TPE': 0.016692525518312167, 'MBK': 0.01586083397288309, 'CCC': 0.0137146046585801, 'ALR': 0.007892763840576581, 'JSW': 0.005114183164835506}"
489,2020-11-16,90737.18494036974,-2.9103830456733704e-11,"{'CDR': 0.1661157125470249, 'PKO': 0.12020323839203349, 'KGH': 0.11579892777129923, 'PZU': 0.10160590667114074, 'PKN': 0.09719716626854003, 'DNP': 0.07245461965339173, 'LPP': 0.06001025494502087, 'PEO': 0.05940005249291511, 'CPS': 0.05011079991893499, 'PGE': 0.034059485325793844, 'SPL': 0.03281250173038354, 'OPL': 0.030956423128334104, 'TPE': 0.016692525518312167, 'MBK': 0.01586083397288309, 'CCC': 0.0137146046585801, 'ALR': 0.007892763840576581, 'JSW': 0.005114183164835506}"
490,2020-11-17,90861.2999593658,-2.9103830456733704e-11,"{'CDR': 0.1661157125470249, 'PKO': 0.12020323839203349, 'KGH': 0.11579892777129923, 'PZU': 0.10160590667114074, 'PKN': 0.09719716626854003, 'DNP': 0.07245461965339173, 'LPP': 0.06001025494502087, 'PEO': 0.05940005249291511, 'CPS': 0.05011079991893499, 'PGE': 0.034059485325793844, 'SPL': 0.03281250173038354, 'OPL': 0.030956423128334104, 'TPE': 0.016692525518312167, 'MBK': 0.01586083397288309, 'CCC': 0.0137146046585801, 'ALR': 0.007892763840576581, 'JSW': 0.005114183164835506}"
491,2020-11-18,91805.47089057362,-2.9103830456733704e-11,"{'CDR': 0.1661157125470249, 'PKO': 0.12020323839203349, 'KGH': 0.11579892777129923, 'PZU': 0.10160590667114074, 'PKN': 0.09719716626854003, 'DNP': 0.07245461965339173, 'LPP': 0.06001025494502087, 'PEO': 0.05940005249291511, 'CPS': 0.05011079991893499, 'PGE': 0.034059485325793844, 'SPL': 0.03281250173038354, 'OPL': 0.030956423128334104, 'TPE': 0.016692525518312167, 'MBK': 0.01586083397288309, 'CCC': 0.0137146046585801, 'ALR': 0.007892763840576581, 'JSW': 0.005114183164835506}"
492,2020-11-19,90075.21167997095,-2.9103830456733704e-11,"{'CDR': 0.1661157125470249, 'PKO': 0.12020323839203349, 'KGH': 0.11579892777129923, 'PZU': 0.10160590667114074, 'PKN': 0.09719716626854003, 'DNP': 0.07245461965339173, 'LPP': 0.06001025494502087, 'PEO': 0.05940005249291511, 'CPS': 0.05011079991893499, 'PGE': 0.034059485325793844, 'SPL': 0.03281250173038354, 'OPL': 0.030956423128334104, 'TPE': 0.016692525518312167, 'MBK': 0.01586083397288309, 'CCC': 0.0137146046585801, 'ALR': 0.007892763840576581, 'JSW': 0.005114183164835506}"
493,2020-11-20,91022.8734110932,-2.9103830456733704e-11,"{'CDR': 0.1661157125470249, 'PKO': 0.12020323839203349, 'KGH': 0.11579892777129923, 'PZU': 0.10160590667114074, 'PKN': 0.09719716626854003, 'DNP': 0.07245461965339173, 'LPP': 0.06001025494502087, 'PEO': 0.05940005249291511, 'CPS': 0.05011079991893499, 'PGE': 0.034059485325793844, 'SPL': 0.03281250173038354, 'OPL': 0.030956423128334104, 'TPE': 0.016692525518312167, 'MBK': 0.01586083397288309, 'CCC': 0.0137146046585801, 'ALR': 0.007892763840576581, 'JSW': 0.005114183164835506}"
494,2020-11-23,91896.99681010819,-2.9103830456733704e-11,"{'CDR': 0.1661157125470249, 'PKO': 0.12020323839203349, 'KGH': 0.11579892777129923, 'PZU': 0.10160590667114074, 'PKN': 0.09719716626854003, 'DNP': 0.07245461965339173, 'LPP': 0.06001025494502087, 'PEO': 0.05940005249291511, 'CPS': 0.05011079991893499, 'PGE': 0.034059485325793844, 'SPL': 0.03281250173038354, 'OPL': 0.030956423128334104, 'TPE': 0.016692525518312167, 'MBK': 0.01586083397288309, 'CCC': 0.0137146046585801, 'ALR': 0.007892763840576581, 'JSW': 0.005114183164835506}"
495,2020-11-24,93260.29869523374,-2.9103830456733704e-11,"{'CDR': 0.1661157125470249, 'PKO': 0.12020323839203349, 'KGH': 0.11579892777129923, 'PZU': 0.10160590667114074, 'PKN': 0.09719716626854003, 'DNP': 0.07245461965339173, 'LPP': 0.06001025494502087, 'PEO': 0.05940005249291511, 'CPS': 0.05011079991893499, 'PGE': 0.034059485325793844, 'SPL': 0.03281250173038354, 'OPL': 0.030956423128334104, 'TPE': 0.016692525518312167, 'MBK': 0.01586083397288309, 'CCC': 0.0137146046585801, 'ALR': 0.007892763840576581, 'JSW': 0.005114183164835506}"
496,2020-11-25,92983.48726988686,-2.9103830456733704e-11,"{'CDR': 0.1661157125470249, 'PKO': 0.12020323839203349, 'KGH': 0.11579892777129923, 'PZU': 0.10160590667114074, 'PKN': 0.09719716626854003, 'DNP': 0.07245461965339173, 'LPP': 0.06001025494502087, 'PEO': 0.05940005249291511, 'CPS': 0.05011079991893499, 'PGE': 0.034059485325793844, 'SPL': 0.03281250173038354, 'OPL': 0.030956423128334104, 'TPE': 0.016692525518312167, 'MBK': 0.01586083397288309, 'CCC': 0.0137146046585801, 'ALR': 0.007892763840576581, 'JSW': 0.005114183164835506}"
497,2020-11-26,93126.9294734349,-2.9103830456733704e-11,"{'CDR': 0.1661157125470249, 'PKO': 0.12020323839203349, 'KGH': 0.11579892777129923, 'PZU': 0.10160590667114074, 'PKN': 0.09719716626854003, 'DNP': 0.07245461965339173, 'LPP': 0.06001025494502087, 'PEO': 0.05940005249291511, 'CPS': 0.05011079991893499, 'PGE': 0.034059485325793844, 'SPL': 0.03281250173038354, 'OPL': 0.030956423128334104, 'TPE': 0.016692525518312167, 'MBK': 0.01586083397288309, 'CCC': 0.0137146046585801, 'ALR': 0.007892763840576581, 'JSW': 0.005114183164835506}"
498,2020-11-27,93192.65307397518,-2.9103830456733704e-11,"{'CDR': 0.1661157125470249, 'PKO': 0.12020323839203349, 'KGH': 0.11579892777129923, 'PZU': 0.10160590667114074, 'PKN': 0.09719716626854003, 'DNP': 0.07245461965339173, 'LPP': 0.06001025494502087, 'PEO': 0.05940005249291511, 'CPS': 0.05011079991893499, 'PGE': 0.034059485325793844, 'SPL': 0.03281250173038354, 'OPL': 0.030956423128334104, 'TPE': 0.016692525518312167, 'MBK': 0.01586083397288309, 'CCC': 0.0137146046585801, 'ALR': 0.007892763840576581, 'JSW': 0.005114183164835506}"
499,2020-11-30,91595.87211612922,-2.9103830456733704e-11,"{'CDR': 0.1661157125470249, 'PKO': 0.12020323839203349, 'KGH': 0.11579892777129923, 'PZU': 0.10160590667114074, 'PKN': 0.09719716626854003, 'DNP': 0.07245461965339173, 'LPP': 0.06001025494502087, 'PEO': 0.05940005249291511, 'CPS': 0.05011079991893499, 'PGE': 0.034059485325793844, 'SPL': 0.03281250173038354, 'OPL': 0.030956423128334104, 'TPE': 0.016692525518312167, 'MBK': 0.01586083397288309, 'CCC': 0.0137146046585801, 'ALR': 0.007892763840576581, 'JSW': 0.005114183164835506}"
500,2020-12-01,93343.95794489975,-2.9103830456733704e-11,"{'CDR': 0.1661157125470249, 'PKO': 0.12020323839203349, 'KGH': 0.11579892777129923, 'PZU': 0.10160590667114074, 'PKN': 0.09719716626854003, 'DNP': 0.07245461965339173, 'LPP': 0.06001025494502087, 'PEO': 0.05940005249291511, 'CPS': 0.05011079991893499, 'PGE': 0.034059485325793844, 'SPL': 0.03281250173038354, 'OPL': 0.030956423128334104, 'TPE': 0.016692525518312167, 'MBK': 0.01586083397288309, 'CCC': 0.0137146046585801, 'ALR': 0.007892763840576581, 'JSW': 0.005114183164835506}"
501,2020-12-02,95708.30364047781,-2.9103830456733704e-11,"{'CDR': 0.1661157125470249, 'PKO': 0.12020323839203349, 'KGH': 0.11579892777129923, 'PZU': 0.10160590667114074, 'PKN': 0.09719716626854003, 'DNP': 0.07245461965339173, 'LPP': 0.06001025494502087, 'PEO': 0.05940005249291511, 'CPS': 0.05011079991893499, 'PGE': 0.034059485325793844, 'SPL': 0.03281250173038354, 'OPL': 0.030956423128334104, 'TPE': 0.016692525518312167, 'MBK': 0.01586083397288309, 'CCC': 0.0137146046585801, 'ALR': 0.007892763840576581, 'JSW': 0.005114183164835506}"
502,2020-12-03,95386.86488529133,-2.9103830456733704e-11,"{'CDR': 0.1661157125470249, 'PKO': 0.12020323839203349, 'KGH': 0.11579892777129923, 'PZU': 0.10160590667114074, 'PKN': 0.09719716626854003, 'DNP': 0.07245461965339173, 'LPP': 0.06001025494502087, 'PEO': 0.05940005249291511, 'CPS': 0.05011079991893499, 'PGE': 0.034059485325793844, 'SPL': 0.03281250173038354, 'OPL': 0.030956423128334104, 'TPE': 0.016692525518312167, 'MBK': 0.01586083397288309, 'CCC': 0.0137146046585801, 'ALR': 0.007892763840576581, 'JSW': 0.005114183164835506}"
503,2020-12-04,98644.57544914649,-2.9103830456733704e-11,"{'CDR': 0.1661157125470249, 'PKO': 0.12020323839203349, 'KGH': 0.11579892777129923, 'PZU': 0.10160590667114074, 'PKN': 0.09719716626854003, 'DNP': 0.07245461965339173, 'LPP': 0.06001025494502087, 'PEO': 0.05940005249291511, 'CPS': 0.05011079991893499, 'PGE': 0.034059485325793844, 'SPL': 0.03281250173038354, 'OPL': 0.030956423128334104, 'TPE': 0.016692525518312167, 'MBK': 0.01586083397288309, 'CCC': 0.0137146046585801, 'ALR': 0.007892763840576581, 'JSW': 0.005114183164835506}"
504,2020-12-07,99380.87224727019,-2.9103830456733704e-11,"{'CDR': 0.1661157125470249, 'PKO': 0.12020323839203349, 'KGH': 0.11579892777129923, 'PZU': 0.10160590667114074, 'PKN': 0.09719716626854003, 'DNP': 0.07245461965339173, 'LPP': 0.06001025494502087, 'PEO': 0.05940005249291511, 'CPS': 0.05011079991893499, 'PGE': 0.034059485325793844, 'SPL': 0.03281250173038354, 'OPL': 0.030956423128334104, 'TPE': 0.016692525518312167, 'MBK': 0.01586083397288309, 'CCC': 0.0137146046585801, 'ALR': 0.007892763840576581, 'JSW': 0.005114183164835506}"
505,2020-12-08,99321.97836319594,-2.9103830456733704e-11,"{'CDR': 0.1661157125470249, 'PKO': 0.12020323839203349, 'KGH': 0.11579892777129923, 'PZU': 0.10160590667114074, 'PKN': 0.09719716626854003, 'DNP': 0.07245461965339173, 'LPP': 0.06001025494502087, 'PEO': 0.05940005249291511, 'CPS': 0.05011079991893499, 'PGE': 0.034059485325793844, 'SPL': 0.03281250173038354, 'OPL': 0.030956423128334104, 'TPE': 0.016692525518312167, 'MBK': 0.01586083397288309, 'CCC': 0.0137146046585801, 'ALR': 0.007892763840576581, 'JSW': 0.005114183164835506}"
506,2020-12-09,101220.84572404977,-2.9103830456733704e-11,"{'CDR': 0.1661157125470249, 'PKO': 0.12020323839203349, 'KGH': 0.11579892777129923, 'PZU': 0.10160590667114074, 'PKN': 0.09719716626854003, 'DNP': 0.07245461965339173, 'LPP': 0.06001025494502087, 'PEO': 0.05940005249291511, 'CPS': 0.05011079991893499, 'PGE': 0.034059485325793844, 'SPL': 0.03281250173038354, 'OPL': 0.030956423128334104, 'TPE': 0.016692525518312167, 'MBK': 0.01586083397288309, 'CCC': 0.0137146046585801, 'ALR': 0.007892763840576581, 'JSW': 0.005114183164835506}"
507,2020-12-10,99803.85874979473,-2.9103830456733704e-11,"{'CDR': 0.1661157125470249, 'PKO': 0.12020323839203349, 'KGH': 0.11579892777129923, 'PZU': 0.10160590667114074, 'PKN': 0.09719716626854003, 'DNP': 0.07245461965339173, 'LPP': 0.06001025494502087, 'PEO': 0.05940005249291511, 'CPS': 0.05011079991893499, 'PGE': 0.034059485325793844, 'SPL': 0.03281250173038354, 'OPL': 0.030956423128334104, 'TPE': 0.016692525518312167, 'MBK': 0.01586083397288309, 'CCC': 0.0137146046585801, 'ALR': 0.007892763840576581, 'JSW': 0.005114183164835506}"
508,2020-12-11,97543.35148876176,-2.9103830456733704e-11,"{'CDR': 0.1661157125470249, 'PKO': 0.12020323839203349, 'KGH': 0.11579892777129923, 'PZU': 0.10160590667114074, 'PKN': 0.09719716626854003, 'DNP': 0.07245461965339173, 'LPP': 0.06001025494502087, 'PEO': 0.05940005249291511, 'CPS': 0.05011079991893499, 'PGE': 0.034059485325793844, 'SPL': 0.03281250173038354, 'OPL': 0.030956423128334104, 'TPE': 0.016692525518312167, 'MBK': 0.01586083397288309, 'CCC': 0.0137146046585801, 'ALR': 0.007892763840576581, 'JSW': 0.005114183164835506}"
509,2020-12-14,96462.5041754502,-2.9103830456733704e-11,"{'CDR': 0.1661157125470249, 'PKO': 0.12020323839203349, 'KGH': 0.11579892777129923, 'PZU': 0.10160590667114074, 'PKN': 0.09719716626854003, 'DNP': 0.07245461965339173, 'LPP': 0.06001025494502087, 'PEO': 0.05940005249291511, 'CPS': 0.05011079991893499, 'PGE': 0.034059485325793844, 'SPL': 0.03281250173038354, 'OPL': 0.030956423128334104, 'TPE': 0.016692525518312167, 'MBK': 0.01586083397288309, 'CCC': 0.0137146046585801, 'ALR': 0.007892763840576581, 'JSW': 0.005114183164835506}"
510,2020-12-15,97115.82483535579,-2.9103830456733704e-11,"{'CDR': 0.1661157125470249, 'PKO': 0.12020323839203349, 'KGH': 0.11579892777129923, 'PZU': 0.10160590667114074, 'PKN': 0.09719716626854003, 'DNP': 0.07245461965339173, 'LPP': 0.06001025494502087, 'PEO': 0.05940005249291511, 'CPS': 0.05011079991893499, 'PGE': 0.034059485325793844, 'SPL': 0.03281250173038354, 'OPL': 0.030956423128334104, 'TPE': 0.016692525518312167, 'MBK': 0.01586083397288309, 'CCC': 0.0137146046585801, 'ALR': 0.007892763840576581, 'JSW': 0.005114183164835506}"
511,2020-12-16,98903.57276263033,-2.9103830456733704e-11,"{'CDR': 0.1661157125470249, 'PKO': 0.12020323839203349, 'KGH': 0.11579892777129923, 'PZU': 0.10160590667114074, 'PKN': 0.09719716626854003, 'DNP': 0.07245461965339173, 'LPP': 0.06001025494502087, 'PEO': 0.05940005249291511, 'CPS': 0.05011079991893499, 'PGE': 0.034059485325793844, 'SPL': 0.03281250173038354, 'OPL': 0.030956423128334104, 'TPE': 0.016692525518312167, 'MBK': 0.01586083397288309, 'CCC': 0.0137146046585801, 'ALR': 0.007892763840576581, 'JSW': 0.005114183164835506}"
512,2020-12-17,98212.6571948692,-2.9103830456733704e-11,"{'CDR': 0.1661157125470249, 'PKO': 0.12020323839203349, 'KGH': 0.11579892777129923, 'PZU': 0.10160590667114074, 'PKN': 0.09719716626854003, 'DNP': 0.07245461965339173, 'LPP': 0.06001025494502087, 'PEO': 0.05940005249291511, 'CPS': 0.05011079991893499, 'PGE': 0.034059485325793844, 'SPL': 0.03281250173038354, 'OPL': 0.030956423128334104, 'TPE': 0.016692525518312167, 'MBK': 0.01586083397288309, 'CCC': 0.0137146046585801, 'ALR': 0.007892763840576581, 'JSW': 0.005114183164835506}"
513,2020-12-18,96810.71049895139,-2.9103830456733704e-11,"{'CDR': 0.1354010349083272, 'ALE': 0.1308811103320569, 'PKO': 0.1242862929109943, 'KGH': 0.10499782675596533, 'PZU': 0.08144007292793608, 'PKN': 0.07812891620161361, 'DNP': 0.07039830116826408, 'PEO': 0.054305719914846916, 'LPP': 0.04100504340671602, 'CPS': 0.03958582516119549, 'SPL': 0.03206143036471371, 'PGE': 0.02610748198745547, 'OPL': 0.022361676454196375, 'ACP': 0.020822956225260186, 'TPE': 0.012153245959405284, 'CCC': 0.011986154690558604, 'ALR': 0.00816314876093364, 'JSW': 0.005913761869560942}"
514,2020-12-21,93702.96728175473,-2.9103830456733704e-11,"{'CDR': 0.1354010349083272, 'ALE': 0.1308811103320569, 'PKO': 0.1242862929109943, 'KGH': 0.10499782675596533, 'PZU': 0.08144007292793608, 'PKN': 0.07812891620161361, 'DNP': 0.07039830116826408, 'PEO': 0.054305719914846916, 'LPP': 0.04100504340671602, 'CPS': 0.03958582516119549, 'SPL': 0.03206143036471371, 'PGE': 0.02610748198745547, 'OPL': 0.022361676454196375, 'ACP': 0.020822956225260186, 'TPE': 0.012153245959405284, 'CCC': 0.011986154690558604, 'ALR': 0.00816314876093364, 'JSW': 0.005913761869560942}"
515,2020-12-22,95721.5305364026,-2.9103830456733704e-11,"{'CDR': 0.1354010349083272, 'ALE': 0.1308811103320569, 'PKO': 0.1242862929109943, 'KGH': 0.10499782675596533, 'PZU': 0.08144007292793608, 'PKN': 0.07812891620161361, 'DNP': 0.07039830116826408, 'PEO': 0.054305719914846916, 'LPP': 0.04100504340671602, 'CPS': 0.03958582516119549, 'SPL': 0.03206143036471371, 'PGE': 0.02610748198745547, 'OPL': 0.022361676454196375, 'ACP': 0.020822956225260186, 'TPE': 0.012153245959405284, 'CCC': 0.011986154690558604, 'ALR': 0.00816314876093364, 'JSW': 0.005913761869560942}"
516,2020-12-23,97052.54756263489,-2.9103830456733704e-11,"{'CDR': 0.1354010349083272, 'ALE': 0.1308811103320569, 'PKO': 0.1242862929109943, 'KGH': 0.10499782675596533, 'PZU': 0.08144007292793608, 'PKN': 0.07812891620161361, 'DNP': 0.07039830116826408, 'PEO': 0.054305719914846916, 'LPP': 0.04100504340671602, 'CPS': 0.03958582516119549, 'SPL': 0.03206143036471371, 'PGE': 0.02610748198745547, 'OPL': 0.022361676454196375, 'ACP': 0.020822956225260186, 'TPE': 0.012153245959405284, 'CCC': 0.011986154690558604, 'ALR': 0.00816314876093364, 'JSW': 0.005913761869560942}"
517,2020-12-24,97052.54756263489,-2.9103830456733704e-11,"{'CDR': 0.1354010349083272, 'ALE': 0.1308811103320569, 'PKO': 0.1242862929109943, 'KGH': 0.10499782675596533, 'PZU': 0.08144007292793608, 'PKN': 0.07812891620161361, 'DNP': 0.07039830116826408, 'PEO': 0.054305719914846916, 'LPP': 0.04100504340671602, 'CPS': 0.03958582516119549, 'SPL': 0.03206143036471371, 'PGE': 0.02610748198745547, 'OPL': 0.022361676454196375, 'ACP': 0.020822956225260186, 'TPE': 0.012153245959405284, 'CCC': 0.011986154690558604, 'ALR': 0.00816314876093364, 'JSW': 0.005913761869560942}"
518,2020-12-25,97052.54756263489,-2.9103830456733704e-11,"{'CDR': 0.1354010349083272, 'ALE': 0.1308811103320569, 'PKO': 0.1242862929109943, 'KGH': 0.10499782675596533, 'PZU': 0.08144007292793608, 'PKN': 0.07812891620161361, 'DNP': 0.07039830116826408, 'PEO': 0.054305719914846916, 'LPP': 0.04100504340671602, 'CPS': 0.03958582516119549, 'SPL': 0.03206143036471371, 'PGE': 0.02610748198745547, 'OPL': 0.022361676454196375, 'ACP': 0.020822956225260186, 'TPE': 0.012153245959405284, 'CCC': 0.011986154690558604, 'ALR': 0.00816314876093364, 'JSW': 0.005913761869560942}"
519,2020-12-28,99354.87731752767,-2.9103830456733704e-11,"{'CDR': 0.1354010349083272, 'ALE': 0.1308811103320569, 'PKO': 0.1242862929109943, 'KGH': 0.10499782675596533, 'PZU': 0.08144007292793608, 'PKN': 0.07812891620161361, 'DNP': 0.07039830116826408, 'PEO': 0.054305719914846916, 'LPP': 0.04100504340671602, 'CPS': 0.03958582516119549, 'SPL': 0.03206143036471371, 'PGE': 0.02610748198745547, 'OPL': 0.022361676454196375, 'ACP': 0.020822956225260186, 'TPE': 0.012153245959405284, 'CCC': 0.011986154690558604, 'ALR': 0.00816314876093364, 'JSW': 0.005913761869560942}"
520,2020-12-29,100136.45084760411,-2.9103830456733704e-11,"{'CDR': 0.1354010349083272, 'ALE': 0.1308811103320569, 'PKO': 0.1242862929109943, 'KGH': 0.10499782675596533, 'PZU': 0.08144007292793608, 'PKN': 0.07812891620161361, 'DNP': 0.07039830116826408, 'PEO': 0.054305719914846916, 'LPP': 0.04100504340671602, 'CPS': 0.03958582516119549, 'SPL': 0.03206143036471371, 'PGE': 0.02610748198745547, 'OPL': 0.022361676454196375, 'ACP': 0.020822956225260186, 'TPE': 0.012153245959405284, 'CCC': 0.011986154690558604, 'ALR': 0.00816314876093364, 'JSW': 0.005913761869560942}"
521,2020-12-30,98437.69909202062,-2.9103830456733704e-11,"{'CDR': 0.1354010349083272, 'ALE': 0.1308811103320569, 'PKO': 0.1242862929109943, 'KGH': 0.10499782675596533, 'PZU': 0.08144007292793608, 'PKN': 0.07812891620161361, 'DNP': 0.07039830116826408, 'PEO': 0.054305719914846916, 'LPP': 0.04100504340671602, 'CPS': 0.03958582516119549, 'SPL': 0.03206143036471371, 'PGE': 0.02610748198745547, 'OPL': 0.022361676454196375, 'ACP': 0.020822956225260186, 'TPE': 0.012153245959405284, 'CCC': 0.011986154690558604, 'ALR': 0.00816314876093364, 'JSW': 0.005913761869560942}"
522,2020-12-31,98437.69909202062,-2.9103830456733704e-11,"{'CDR': 0.1354010349083272, 'ALE': 0.1308811103320569, 'PKO': 0.1242862929109943, 'KGH': 0.10499782675596533, 'PZU': 0.08144007292793608, 'PKN': 0.07812891620161361, 'DNP': 0.07039830116826408, 'PEO': 0.054305719914846916, 'LPP': 0.04100504340671602, 'CPS': 0.03958582516119549, 'SPL': 0.03206143036471371, 'PGE': 0.02610748198745547, 'OPL': 0.022361676454196375, 'ACP': 0.020822956225260186, 'TPE': 0.012153245959405284, 'CCC': 0.011986154690558604, 'ALR': 0.00816314876093364, 'JSW': 0.005913761869560942}"
523,2021-01-01,98437.69909202062,-2.9103830456733704e-11,"{'CDR': 0.1354010349083272, 'ALE': 0.1308811103320569, 'PKO': 0.1242862929109943, 'KGH': 0.10499782675596533, 'PZU': 0.08144007292793608, 'PKN': 0.07812891620161361, 'DNP': 0.07039830116826408, 'PEO': 0.054305719914846916, 'LPP': 0.04100504340671602, 'CPS': 0.03958582516119549, 'SPL': 0.03206143036471371, 'PGE': 0.02610748198745547, 'OPL': 0.022361676454196375, 'ACP': 0.020822956225260186, 'TPE': 0.012153245959405284, 'CCC': 0.011986154690558604, 'ALR': 0.00816314876093364, 'JSW': 0.005913761869560942}"
524,2021-01-04,99546.43611537969,-2.9103830456733704e-11,"{'CDR': 0.1354010349083272, 'ALE': 0.1308811103320569, 'PKO': 0.1242862929109943, 'KGH': 0.10499782675596533, 'PZU': 0.08144007292793608, 'PKN': 0.07812891620161361, 'DNP': 0.07039830116826408, 'PEO': 0.054305719914846916, 'LPP': 0.04100504340671602, 'CPS': 0.03958582516119549, 'SPL': 0.03206143036471371, 'PGE': 0.02610748198745547, 'OPL': 0.022361676454196375, 'ACP': 0.020822956225260186, 'TPE': 0.012153245959405284, 'CCC': 0.011986154690558604, 'ALR': 0.00816314876093364, 'JSW': 0.005913761869560942}"
525,2021-01-05,99389.68236363176,-2.9103830456733704e-11,"{'CDR': 0.1354010349083272, 'ALE': 0.1308811103320569, 'PKO': 0.1242862929109943, 'KGH': 0.10499782675596533, 'PZU': 0.08144007292793608, 'PKN': 0.07812891620161361, 'DNP': 0.07039830116826408, 'PEO': 0.054305719914846916, 'LPP': 0.04100504340671602, 'CPS': 0.03958582516119549, 'SPL': 0.03206143036471371, 'PGE': 0.02610748198745547, 'OPL': 0.022361676454196375, 'ACP': 0.020822956225260186, 'TPE': 0.012153245959405284, 'CCC': 0.011986154690558604, 'ALR': 0.00816314876093364, 'JSW': 0.005913761869560942}"
526,2021-01-06,99389.68236363176,-2.9103830456733704e-11,"{'CDR': 0.1354010349083272, 'ALE': 0.1308811103320569, 'PKO': 0.1242862929109943, 'KGH': 0.10499782675596533, 'PZU': 0.08144007292793608, 'PKN': 0.07812891620161361, 'DNP': 0.07039830116826408, 'PEO': 0.054305719914846916, 'LPP': 0.04100504340671602, 'CPS': 0.03958582516119549, 'SPL': 0.03206143036471371, 'PGE': 0.02610748198745547, 'OPL': 0.022361676454196375, 'ACP': 0.020822956225260186, 'TPE': 0.012153245959405284, 'CCC': 0.011986154690558604, 'ALR': 0.00816314876093364, 'JSW': 0.005913761869560942}"
527,2021-01-07,101885.95381967734,-2.9103830456733704e-11,"{'CDR': 0.1354010349083272, 'ALE': 0.1308811103320569, 'PKO': 0.1242862929109943, 'KGH': 0.10499782675596533, 'PZU': 0.08144007292793608, 'PKN': 0.07812891620161361, 'DNP': 0.07039830116826408, 'PEO': 0.054305719914846916, 'LPP': 0.04100504340671602, 'CPS': 0.03958582516119549, 'SPL': 0.03206143036471371, 'PGE': 0.02610748198745547, 'OPL': 0.022361676454196375, 'ACP': 0.020822956225260186, 'TPE': 0.012153245959405284, 'CCC': 0.011986154690558604, 'ALR': 0.00816314876093364, 'JSW': 0.005913761869560942}"
528,2021-01-08,101864.25516286853,-2.9103830456733704e-11,"{'CDR': 0.1354010349083272, 'ALE': 0.1308811103320569, 'PKO': 0.1242862929109943, 'KGH': 0.10499782675596533, 'PZU': 0.08144007292793608, 'PKN': 0.07812891620161361, 'DNP': 0.07039830116826408, 'PEO': 0.054305719914846916, 'LPP': 0.04100504340671602, 'CPS': 0.03958582516119549, 'SPL': 0.03206143036471371, 'PGE': 0.02610748198745547, 'OPL': 0.022361676454196375, 'ACP': 0.020822956225260186, 'TPE': 0.012153245959405284, 'CCC': 0.011986154690558604, 'ALR': 0.00816314876093364, 'JSW': 0.005913761869560942}"
529,2021-01-11,101675.17370792378,-2.9103830456733704e-11,"{'CDR': 0.1354010349083272, 'ALE': 0.1308811103320569, 'PKO': 0.1242862929109943, 'KGH': 0.10499782675596533, 'PZU': 0.08144007292793608, 'PKN': 0.07812891620161361, 'DNP': 0.07039830116826408, 'PEO': 0.054305719914846916, 'LPP': 0.04100504340671602, 'CPS': 0.03958582516119549, 'SPL': 0.03206143036471371, 'PGE': 0.02610748198745547, 'OPL': 0.022361676454196375, 'ACP': 0.020822956225260186, 'TPE': 0.012153245959405284, 'CCC': 0.011986154690558604, 'ALR': 0.00816314876093364, 'JSW': 0.005913761869560942}"
530,2021-01-12,100466.22835104377,-2.9103830456733704e-11,"{'CDR': 0.1354010349083272, 'ALE': 0.1308811103320569, 'PKO': 0.1242862929109943, 'KGH': 0.10499782675596533, 'PZU': 0.08144007292793608, 'PKN': 0.07812891620161361, 'DNP': 0.07039830116826408, 'PEO': 0.054305719914846916, 'LPP': 0.04100504340671602, 'CPS': 0.03958582516119549, 'SPL': 0.03206143036471371, 'PGE': 0.02610748198745547, 'OPL': 0.022361676454196375, 'ACP': 0.020822956225260186, 'TPE': 0.012153245959405284, 'CCC': 0.011986154690558604, 'ALR': 0.00816314876093364, 'JSW': 0.005913761869560942}"
531,2021-01-13,99387.1153332045,-2.9103830456733704e-11,"{'CDR': 0.1354010349083272, 'ALE': 0.1308811103320569, 'PKO': 0.1242862929109943, 'KGH': 0.10499782675596533, 'PZU': 0.08144007292793608, 'PKN': 0.07812891620161361, 'DNP': 0.07039830116826408, 'PEO': 0.054305719914846916, 'LPP': 0.04100504340671602, 'CPS': 0.03958582516119549, 'SPL': 0.03206143036471371, 'PGE': 0.02610748198745547, 'OPL': 0.022361676454196375, 'ACP': 0.020822956225260186, 'TPE': 0.012153245959405284, 'CCC': 0.011986154690558604, 'ALR': 0.00816314876093364, 'JSW': 0.005913761869560942}"
532,2021-01-14,100129.98911473731,-2.9103830456733704e-11,"{'CDR': 0.1354010349083272, 'ALE': 0.1308811103320569, 'PKO': 0.1242862929109943, 'KGH': 0.10499782675596533, 'PZU': 0.08144007292793608, 'PKN': 0.07812891620161361, 'DNP': 0.07039830116826408, 'PEO': 0.054305719914846916, 'LPP': 0.04100504340671602, 'CPS': 0.03958582516119549, 'SPL': 0.03206143036471371, 'PGE': 0.02610748198745547, 'OPL': 0.022361676454196375, 'ACP': 0.020822956225260186, 'TPE': 0.012153245959405284, 'CCC': 0.011986154690558604, 'ALR': 0.00816314876093364, 'JSW': 0.005913761869560942}"
533,2021-01-15,97829.71940294898,-2.9103830456733704e-11,"{'CDR': 0.1354010349083272, 'ALE': 0.1308811103320569, 'PKO': 0.1242862929109943, 'KGH': 0.10499782675596533, 'PZU': 0.08144007292793608, 'PKN': 0.07812891620161361, 'DNP': 0.07039830116826408, 'PEO': 0.054305719914846916, 'LPP': 0.04100504340671602, 'CPS': 0.03958582516119549, 'SPL': 0.03206143036471371, 'PGE': 0.02610748198745547, 'OPL': 0.022361676454196375, 'ACP': 0.020822956225260186, 'TPE': 0.012153245959405284, 'CCC': 0.011986154690558604, 'ALR': 0.00816314876093364, 'JSW': 0.005913761869560942}"
534,2021-01-18,99527.76051546929,-2.9103830456733704e-11,"{'CDR': 0.1354010349083272, 'ALE': 0.1308811103320569, 'PKO': 0.1242862929109943, 'KGH': 0.10499782675596533, 'PZU': 0.08144007292793608, 'PKN': 0.07812891620161361, 'DNP': 0.07039830116826408, 'PEO': 0.054305719914846916, 'LPP': 0.04100504340671602, 'CPS': 0.03958582516119549, 'SPL': 0.03206143036471371, 'PGE': 0.02610748198745547, 'OPL': 0.022361676454196375, 'ACP': 0.020822956225260186, 'TPE': 0.012153245959405284, 'CCC': 0.011986154690558604, 'ALR': 0.00816314876093364, 'JSW': 0.005913761869560942}"
535,2021-01-19,97409.60991584642,-2.9103830456733704e-11,"{'CDR': 0.1354010349083272, 'ALE': 0.1308811103320569, 'PKO': 0.1242862929109943, 'KGH': 0.10499782675596533, 'PZU': 0.08144007292793608, 'PKN': 0.07812891620161361, 'DNP': 0.07039830116826408, 'PEO': 0.054305719914846916, 'LPP': 0.04100504340671602, 'CPS': 0.03958582516119549, 'SPL': 0.03206143036471371, 'PGE': 0.02610748198745547, 'OPL': 0.022361676454196375, 'ACP': 0.020822956225260186, 'TPE': 0.012153245959405284, 'CCC': 0.011986154690558604, 'ALR': 0.00816314876093364, 'JSW': 0.005913761869560942}"
536,2021-01-20,97752.94940854429,-2.9103830456733704e-11,"{'CDR': 0.1354010349083272, 'ALE': 0.1308811103320569, 'PKO': 0.1242862929109943, 'KGH': 0.10499782675596533, 'PZU': 0.08144007292793608, 'PKN': 0.07812891620161361, 'DNP': 0.07039830116826408, 'PEO': 0.054305719914846916, 'LPP': 0.04100504340671602, 'CPS': 0.03958582516119549, 'SPL': 0.03206143036471371, 'PGE': 0.02610748198745547, 'OPL': 0.022361676454196375, 'ACP': 0.020822956225260186, 'TPE': 0.012153245959405284, 'CCC': 0.011986154690558604, 'ALR': 0.00816314876093364, 'JSW': 0.005913761869560942}"
537,2021-01-21,96186.79531883435,-2.9103830456733704e-11,"{'CDR': 0.1354010349083272, 'ALE': 0.1308811103320569, 'PKO': 0.1242862929109943, 'KGH': 0.10499782675596533, 'PZU': 0.08144007292793608, 'PKN': 0.07812891620161361, 'DNP': 0.07039830116826408, 'PEO': 0.054305719914846916, 'LPP': 0.04100504340671602, 'CPS': 0.03958582516119549, 'SPL': 0.03206143036471371, 'PGE': 0.02610748198745547, 'OPL': 0.022361676454196375, 'ACP': 0.020822956225260186, 'TPE': 0.012153245959405284, 'CCC': 0.011986154690558604, 'ALR': 0.00816314876093364, 'JSW': 0.005913761869560942}"
538,2021-01-22,96201.25493447842,-2.9103830456733704e-11,"{'CDR': 0.1354010349083272, 'ALE': 0.1308811103320569, 'PKO': 0.1242862929109943, 'KGH': 0.10499782675596533, 'PZU': 0.08144007292793608, 'PKN': 0.07812891620161361, 'DNP': 0.07039830116826408, 'PEO': 0.054305719914846916, 'LPP': 0.04100504340671602, 'CPS': 0.03958582516119549, 'SPL': 0.03206143036471371, 'PGE': 0.02610748198745547, 'OPL': 0.022361676454196375, 'ACP': 0.020822956225260186, 'TPE': 0.012153245959405284, 'CCC': 0.011986154690558604, 'ALR': 0.00816314876093364, 'JSW': 0.005913761869560942}"
539,2021-01-25,96337.7322638628,-2.9103830456733704e-11,"{'CDR': 0.1354010349083272, 'ALE': 0.1308811103320569, 'PKO': 0.1242862929109943, 'KGH': 0.10499782675596533, 'PZU': 0.08144007292793608, 'PKN': 0.07812891620161361, 'DNP': 0.07039830116826408, 'PEO': 0.054305719914846916, 'LPP': 0.04100504340671602, 'CPS': 0.03958582516119549, 'SPL': 0.03206143036471371, 'PGE': 0.02610748198745547, 'OPL': 0.022361676454196375, 'ACP': 0.020822956225260186, 'TPE': 0.012153245959405284, 'CCC': 0.011986154690558604, 'ALR': 0.00816314876093364, 'JSW': 0.005913761869560942}"
540,2021-01-26,98595.93577091562,-2.9103830456733704e-11,"{'CDR': 0.1354010349083272, 'ALE': 0.1308811103320569, 'PKO': 0.1242862929109943, 'KGH': 0.10499782675596533, 'PZU': 0.08144007292793608, 'PKN': 0.07812891620161361, 'DNP': 0.07039830116826408, 'PEO': 0.054305719914846916, 'LPP': 0.04100504340671602, 'CPS': 0.03958582516119549, 'SPL': 0.03206143036471371, 'PGE': 0.02610748198745547, 'OPL': 0.022361676454196375, 'ACP': 0.020822956225260186, 'TPE': 0.012153245959405284, 'CCC': 0.011986154690558604, 'ALR': 0.00816314876093364, 'JSW': 0.005913761869560942}"
541,2021-01-27,96454.59378940582,-2.9103830456733704e-11,"{'CDR': 0.1354010349083272, 'ALE': 0.1308811103320569, 'PKO': 0.1242862929109943, 'KGH': 0.10499782675596533, 'PZU': 0.08144007292793608, 'PKN': 0.07812891620161361, 'DNP': 0.07039830116826408, 'PEO': 0.054305719914846916, 'LPP': 0.04100504340671602, 'CPS': 0.03958582516119549, 'SPL': 0.03206143036471371, 'PGE': 0.02610748198745547, 'OPL': 0.022361676454196375, 'ACP': 0.020822956225260186, 'TPE': 0.012153245959405284, 'CCC': 0.011986154690558604, 'ALR': 0.00816314876093364, 'JSW': 0.005913761869560942}"
542,2021-01-28,100079.80013210878,-2.9103830456733704e-11,"{'CDR': 0.1354010349083272, 'ALE': 0.1308811103320569, 'PKO': 0.1242862929109943, 'KGH': 0.10499782675596533, 'PZU': 0.08144007292793608, 'PKN': 0.07812891620161361, 'DNP': 0.07039830116826408, 'PEO': 0.054305719914846916, 'LPP': 0.04100504340671602, 'CPS': 0.03958582516119549, 'SPL': 0.03206143036471371, 'PGE': 0.02610748198745547, 'OPL': 0.022361676454196375, 'ACP': 0.020822956225260186, 'TPE': 0.012153245959405284, 'CCC': 0.011986154690558604, 'ALR': 0.00816314876093364, 'JSW': 0.005913761869560942}"
543,2021-01-29,97103.13047216357,-2.9103830456733704e-11,"{'CDR': 0.1354010349083272, 'ALE': 0.1308811103320569, 'PKO': 0.1242862929109943, 'KGH': 0.10499782675596533, 'PZU': 0.08144007292793608, 'PKN': 0.07812891620161361, 'DNP': 0.07039830116826408, 'PEO': 0.054305719914846916, 'LPP': 0.04100504340671602, 'CPS': 0.03958582516119549, 'SPL': 0.03206143036471371, 'PGE': 0.02610748198745547, 'OPL': 0.022361676454196375, 'ACP': 0.020822956225260186, 'TPE': 0.012153245959405284, 'CCC': 0.011986154690558604, 'ALR': 0.00816314876093364, 'JSW': 0.005913761869560942}"
544,2021-02-01,97915.13197595805,-2.9103830456733704e-11,"{'CDR': 0.1354010349083272, 'ALE': 0.1308811103320569, 'PKO': 0.1242862929109943, 'KGH': 0.10499782675596533, 'PZU': 0.08144007292793608, 'PKN': 0.07812891620161361, 'DNP': 0.07039830116826408, 'PEO': 0.054305719914846916, 'LPP': 0.04100504340671602, 'CPS': 0.03958582516119549, 'SPL': 0.03206143036471371, 'PGE': 0.02610748198745547, 'OPL': 0.022361676454196375, 'ACP': 0.020822956225260186, 'TPE': 0.012153245959405284, 'CCC': 0.011986154690558604, 'ALR': 0.00816314876093364, 'JSW': 0.005913761869560942}"
545,2021-02-02,96827.54308324333,-2.9103830456733704e-11,"{'CDR': 0.1354010349083272, 'ALE': 0.1308811103320569, 'PKO': 0.1242862929109943, 'KGH': 0.10499782675596533, 'PZU': 0.08144007292793608, 'PKN': 0.07812891620161361, 'DNP': 0.07039830116826408, 'PEO': 0.054305719914846916, 'LPP': 0.04100504340671602, 'CPS': 0.03958582516119549, 'SPL': 0.03206143036471371, 'PGE': 0.02610748198745547, 'OPL': 0.022361676454196375, 'ACP': 0.020822956225260186, 'TPE': 0.012153245959405284, 'CCC': 0.011986154690558604, 'ALR': 0.00816314876093364, 'JSW': 0.005913761869560942}"
546,2021-02-03,96266.06959223305,2.9103830456733704e-11,"{'CDR': 0.1444987415414912, 'ALE': 0.10870628766365864, 'PKO': 0.1282271831590168, 'PZU': 0.08038121102590733, 'PKN': 0.07916237430930248, 'DNP': 0.06487176988942073, 'PEO': 0.05854367326719418, 'LPP': 0.0432892087276147, 'CPS': 0.03961604716554818, 'SPL': 0.03451039458920489, 'PGE': 0.02778785263733417, 'OPL': 0.02255756038479569, 'ACP': 0.02141470172625201, 'TPE': 0.01341784053250801, 'CCC': 0.0133250370194228, 'ALR': 0.008426114268450725, 'JSW': 0.0077455896017846245, 'CCE': 0.10351841249109277}"
547,2021-02-04,95810.75299580868,2.9103830456733704e-11,"{'CDR': 0.1444987415414912, 'ALE': 0.10870628766365864, 'PKO': 0.1282271831590168, 'PZU': 0.08038121102590733, 'PKN': 0.07916237430930248, 'DNP': 0.06487176988942073, 'PEO': 0.05854367326719418, 'LPP': 0.0432892087276147, 'CPS': 0.03961604716554818, 'SPL': 0.03451039458920489, 'PGE': 0.02778785263733417, 'OPL': 0.02255756038479569, 'ACP': 0.02141470172625201, 'TPE': 0.01341784053250801, 'CCC': 0.0133250370194228, 'ALR': 0.008426114268450725, 'JSW': 0.0077455896017846245, 'CCE': 0.10351841249109277}"
548,2021-02-05,96734.39431872587,2.9103830456733704e-11,"{'CDR': 0.1444987415414912, 'ALE': 0.10870628766365864, 'PKO': 0.1282271831590168, 'PZU': 0.08038121102590733, 'PKN': 0.07916237430930248, 'DNP': 0.06487176988942073, 'PEO': 0.05854367326719418, 'LPP': 0.0432892087276147, 'CPS': 0.03961604716554818, 'SPL': 0.03451039458920489, 'PGE': 0.02778785263733417, 'OPL': 0.02255756038479569, 'ACP': 0.02141470172625201, 'TPE': 0.01341784053250801, 'CCC': 0.0133250370194228, 'ALR': 0.008426114268450725, 'JSW': 0.0077455896017846245, 'CCE': 0.10351841249109277}"
549,2021-02-08,96055.50172964929,2.9103830456733704e-11,"{'CDR': 0.1444987415414912, 'ALE': 0.10870628766365864, 'PKO': 0.1282271831590168, 'PZU': 0.08038121102590733, 'PKN': 0.07916237430930248, 'DNP': 0.06487176988942073, 'PEO': 0.05854367326719418, 'LPP': 0.0432892087276147, 'CPS': 0.03961604716554818, 'SPL': 0.03451039458920489, 'PGE': 0.02778785263733417, 'OPL': 0.02255756038479569, 'ACP': 0.02141470172625201, 'TPE': 0.01341784053250801, 'CCC': 0.0133250370194228, 'ALR': 0.008426114268450725, 'JSW': 0.0077455896017846245, 'CCE': 0.10351841249109277}"
550,2021-02-09,95273.33089159356,2.9103830456733704e-11,"{'CDR': 0.1444987415414912, 'ALE': 0.10870628766365864, 'PKO': 0.1282271831590168, 'PZU': 0.08038121102590733, 'PKN': 0.07916237430930248, 'DNP': 0.06487176988942073, 'PEO': 0.05854367326719418, 'LPP': 0.0432892087276147, 'CPS': 0.03961604716554818, 'SPL': 0.03451039458920489, 'PGE': 0.02778785263733417, 'OPL': 0.02255756038479569, 'ACP': 0.02141470172625201, 'TPE': 0.01341784053250801, 'CCC': 0.0133250370194228, 'ALR': 0.008426114268450725, 'JSW': 0.0077455896017846245, 'CCE': 0.10351841249109277}"
551,2021-02-10,95238.97035404801,2.9103830456733704e-11,"{'CDR': 0.1444987415414912, 'ALE': 0.10870628766365864, 'PKO': 0.1282271831590168, 'PZU': 0.08038121102590733, 'PKN': 0.07916237430930248, 'DNP': 0.06487176988942073, 'PEO': 0.05854367326719418, 'LPP': 0.0432892087276147, 'CPS': 0.03961604716554818, 'SPL': 0.03451039458920489, 'PGE': 0.02778785263733417, 'OPL': 0.02255756038479569, 'ACP': 0.02141470172625201, 'TPE': 0.01341784053250801, 'CCC': 0.0133250370194228, 'ALR': 0.008426114268450725, 'JSW': 0.0077455896017846245, 'CCE': 0.10351841249109277}"
552,2021-02-11,96912.30260020185,2.9103830456733704e-11,"{'CDR': 0.1444987415414912, 'ALE': 0.10870628766365864, 'PKO': 0.1282271831590168, 'PZU': 0.08038121102590733, 'PKN': 0.07916237430930248, 'DNP': 0.06487176988942073, 'PEO': 0.05854367326719418, 'LPP': 0.0432892087276147, 'CPS': 0.03961604716554818, 'SPL': 0.03451039458920489, 'PGE': 0.02778785263733417, 'OPL': 0.02255756038479569, 'ACP': 0.02141470172625201, 'TPE': 0.01341784053250801, 'CCC': 0.0133250370194228, 'ALR': 0.008426114268450725, 'JSW': 0.0077455896017846245, 'CCE': 0.10351841249109277}"
553,2021-02-12,96266.3544330504,2.9103830456733704e-11,"{'CDR': 0.1444987415414912, 'ALE': 0.10870628766365864, 'PKO': 0.1282271831590168, 'PZU': 0.08038121102590733, 'PKN': 0.07916237430930248, 'DNP': 0.06487176988942073, 'PEO': 0.05854367326719418, 'LPP': 0.0432892087276147, 'CPS': 0.03961604716554818, 'SPL': 0.03451039458920489, 'PGE': 0.02778785263733417, 'OPL': 0.02255756038479569, 'ACP': 0.02141470172625201, 'TPE': 0.01341784053250801, 'CCC': 0.0133250370194228, 'ALR': 0.008426114268450725, 'JSW': 0.0077455896017846245, 'CCE': 0.10351841249109277}"
554,2021-02-15,97863.65099341993,2.9103830456733704e-11,"{'CDR': 0.1444987415414912, 'ALE': 0.10870628766365864, 'PKO': 0.1282271831590168, 'PZU': 0.08038121102590733, 'PKN': 0.07916237430930248, 'DNP': 0.06487176988942073, 'PEO': 0.05854367326719418, 'LPP': 0.0432892087276147, 'CPS': 0.03961604716554818, 'SPL': 0.03451039458920489, 'PGE': 0.02778785263733417, 'OPL': 0.02255756038479569, 'ACP': 0.02141470172625201, 'TPE': 0.01341784053250801, 'CCC': 0.0133250370194228, 'ALR': 0.008426114268450725, 'JSW': 0.0077455896017846245, 'CCE': 0.10351841249109277}"
555,2021-02-16,99428.2315816131,2.9103830456733704e-11,"{'CDR': 0.1444987415414912, 'ALE': 0.10870628766365864, 'PKO': 0.1282271831590168, 'PZU': 0.08038121102590733, 'PKN': 0.07916237430930248, 'DNP': 0.06487176988942073, 'PEO': 0.05854367326719418, 'LPP': 0.0432892087276147, 'CPS': 0.03961604716554818, 'SPL': 0.03451039458920489, 'PGE': 0.02778785263733417, 'OPL': 0.02255756038479569, 'ACP': 0.02141470172625201, 'TPE': 0.01341784053250801, 'CCC': 0.0133250370194228, 'ALR': 0.008426114268450725, 'JSW': 0.0077455896017846245, 'CCE': 0.10351841249109277}"
556,2021-02-17,98176.42707062911,2.9103830456733704e-11,"{'CDR': 0.1444987415414912, 'ALE': 0.10870628766365864, 'PKO': 0.1282271831590168, 'PZU': 0.08038121102590733, 'PKN': 0.07916237430930248, 'DNP': 0.06487176988942073, 'PEO': 0.05854367326719418, 'LPP': 0.0432892087276147, 'CPS': 0.03961604716554818, 'SPL': 0.03451039458920489, 'PGE': 0.02778785263733417, 'OPL': 0.02255756038479569, 'ACP': 0.02141470172625201, 'TPE': 0.01341784053250801, 'CCC': 0.0133250370194228, 'ALR': 0.008426114268450725, 'JSW': 0.0077455896017846245, 'CCE': 0.10351841249109277}"
557,2021-02-18,97781.77878361492,2.9103830456733704e-11,"{'CDR': 0.1444987415414912, 'ALE': 0.10870628766365864, 'PKO': 0.1282271831590168, 'PZU': 0.08038121102590733, 'PKN': 0.07916237430930248, 'DNP': 0.06487176988942073, 'PEO': 0.05854367326719418, 'LPP': 0.0432892087276147, 'CPS': 0.03961604716554818, 'SPL': 0.03451039458920489, 'PGE': 0.02778785263733417, 'OPL': 0.02255756038479569, 'ACP': 0.02141470172625201, 'TPE': 0.01341784053250801, 'CCC': 0.0133250370194228, 'ALR': 0.008426114268450725, 'JSW': 0.0077455896017846245, 'CCE': 0.10351841249109277}"
558,2021-02-19,97127.25913412368,2.9103830456733704e-11,"{'CDR': 0.1444987415414912, 'ALE': 0.10870628766365864, 'PKO': 0.1282271831590168, 'PZU': 0.08038121102590733, 'PKN': 0.07916237430930248, 'DNP': 0.06487176988942073, 'PEO': 0.05854367326719418, 'LPP': 0.0432892087276147, 'CPS': 0.03961604716554818, 'SPL': 0.03451039458920489, 'PGE': 0.02778785263733417, 'OPL': 0.02255756038479569, 'ACP': 0.02141470172625201, 'TPE': 0.01341784053250801, 'CCC': 0.0133250370194228, 'ALR': 0.008426114268450725, 'JSW': 0.0077455896017846245, 'CCE': 0.10351841249109277}"
559,2021-02-22,95723.66973804243,2.9103830456733704e-11,"{'CDR': 0.1444987415414912, 'ALE': 0.10870628766365864, 'PKO': 0.1282271831590168, 'PZU': 0.08038121102590733, 'PKN': 0.07916237430930248, 'DNP': 0.06487176988942073, 'PEO': 0.05854367326719418, 'LPP': 0.0432892087276147, 'CPS': 0.03961604716554818, 'SPL': 0.03451039458920489, 'PGE': 0.02778785263733417, 'OPL': 0.02255756038479569, 'ACP': 0.02141470172625201, 'TPE': 0.01341784053250801, 'CCC': 0.0133250370194228, 'ALR': 0.008426114268450725, 'JSW': 0.0077455896017846245, 'CCE': 0.10351841249109277}"
560,2021-02-23,94299.03824816574,2.9103830456733704e-11,"{'CDR': 0.1444987415414912, 'ALE': 0.10870628766365864, 'PKO': 0.1282271831590168, 'PZU': 0.08038121102590733, 'PKN': 0.07916237430930248, 'DNP': 0.06487176988942073, 'PEO': 0.05854367326719418, 'LPP': 0.0432892087276147, 'CPS': 0.03961604716554818, 'SPL': 0.03451039458920489, 'PGE': 0.02778785263733417, 'OPL': 0.02255756038479569, 'ACP': 0.02141470172625201, 'TPE': 0.01341784053250801, 'CCC': 0.0133250370194228, 'ALR': 0.008426114268450725, 'JSW': 0.0077455896017846245, 'CCE': 0.10351841249109277}"
561,2021-02-24,94905.38763123474,2.9103830456733704e-11,"{'CDR': 0.1444987415414912, 'ALE': 0.10870628766365864, 'PKO': 0.1282271831590168, 'PZU': 0.08038121102590733, 'PKN': 0.07916237430930248, 'DNP': 0.06487176988942073, 'PEO': 0.05854367326719418, 'LPP': 0.0432892087276147, 'CPS': 0.03961604716554818, 'SPL': 0.03451039458920489, 'PGE': 0.02778785263733417, 'OPL': 0.02255756038479569, 'ACP': 0.02141470172625201, 'TPE': 0.01341784053250801, 'CCC': 0.0133250370194228, 'ALR': 0.008426114268450725, 'JSW': 0.0077455896017846245, 'CCE': 0.10351841249109277}"
562,2021-02-25,95080.68833313094,2.9103830456733704e-11,"{'CDR': 0.1444987415414912, 'ALE': 0.10870628766365864, 'PKO': 0.1282271831590168, 'PZU': 0.08038121102590733, 'PKN': 0.07916237430930248, 'DNP': 0.06487176988942073, 'PEO': 0.05854367326719418, 'LPP': 0.0432892087276147, 'CPS': 0.03961604716554818, 'SPL': 0.03451039458920489, 'PGE': 0.02778785263733417, 'OPL': 0.02255756038479569, 'ACP': 0.02141470172625201, 'TPE': 0.01341784053250801, 'CCC': 0.0133250370194228, 'ALR': 0.008426114268450725, 'JSW': 0.0077455896017846245, 'CCE': 0.10351841249109277}"
563,2021-02-26,94121.54518990614,2.9103830456733704e-11,"{'CDR': 0.1444987415414912, 'ALE': 0.10870628766365864, 'PKO': 0.1282271831590168, 'PZU': 0.08038121102590733, 'PKN': 0.07916237430930248, 'DNP': 0.06487176988942073, 'PEO': 0.05854367326719418, 'LPP': 0.0432892087276147, 'CPS': 0.03961604716554818, 'SPL': 0.03451039458920489, 'PGE': 0.02778785263733417, 'OPL': 0.02255756038479569, 'ACP': 0.02141470172625201, 'TPE': 0.01341784053250801, 'CCC': 0.0133250370194228, 'ALR': 0.008426114268450725, 'JSW': 0.0077455896017846245, 'CCE': 0.10351841249109277}"
564,2021-03-01,95919.12072890691,2.9103830456733704e-11,"{'CDR': 0.1444987415414912, 'ALE': 0.10870628766365864, 'PKO': 0.1282271831590168, 'PZU': 0.08038121102590733, 'PKN': 0.07916237430930248, 'DNP': 0.06487176988942073, 'PEO': 0.05854367326719418, 'LPP': 0.0432892087276147, 'CPS': 0.03961604716554818, 'SPL': 0.03451039458920489, 'PGE': 0.02778785263733417, 'OPL': 0.02255756038479569, 'ACP': 0.02141470172625201, 'TPE': 0.01341784053250801, 'CCC': 0.0133250370194228, 'ALR': 0.008426114268450725, 'JSW': 0.0077455896017846245, 'CCE': 0.10351841249109277}"
565,2021-03-02,96372.5093200297,2.9103830456733704e-11,"{'CDR': 0.1444987415414912, 'ALE': 0.10870628766365864, 'PKO': 0.1282271831590168, 'PZU': 0.08038121102590733, 'PKN': 0.07916237430930248, 'DNP': 0.06487176988942073, 'PEO': 0.05854367326719418, 'LPP': 0.0432892087276147, 'CPS': 0.03961604716554818, 'SPL': 0.03451039458920489, 'PGE': 0.02778785263733417, 'OPL': 0.02255756038479569, 'ACP': 0.02141470172625201, 'TPE': 0.01341784053250801, 'CCC': 0.0133250370194228, 'ALR': 0.008426114268450725, 'JSW': 0.0077455896017846245, 'CCE': 0.10351841249109277}"
566,2021-03-03,95153.22133756118,1.4551915228366852e-11,"{'CDR': 0.11588459852607566, 'ALE': 0.10278602427864088, 'DNP': 0.06151586304251852, 'CPS': 0.04046999831078223, 'ACP': 0.021249724647857654, 'TPE': 0.012136317644094837, 'CCC': 0.014381031711765422, 'ALR': 0.011742303838477212, 'CCE': 0.10790270333225097, 'PBG': 0.1388355506223101, 'YAN': 0.08182789807308291, 'BST': 0.08145436603667595, 'NTC': 0.0674408212282191, 'CPL': 0.04439264757492339, 'MEG': 0.039484351133006905, 'RAF': 0.02773362074985205, 'PMA': 0.02261079389454792, 'EHG': 0.008151385354918335}"
567,2021-03-04,94601.22687850907,1.4551915228366852e-11,"{'CDR': 0.11588459852607566, 'ALE': 0.10278602427864088, 'DNP': 0.06151586304251852, 'CPS': 0.04046999831078223, 'ACP': 0.021249724647857654, 'TPE': 0.012136317644094837, 'CCC': 0.014381031711765422, 'ALR': 0.011742303838477212, 'CCE': 0.10790270333225097, 'PBG': 0.1388355506223101, 'YAN': 0.08182789807308291, 'BST': 0.08145436603667595, 'NTC': 0.0674408212282191, 'CPL': 0.04439264757492339, 'MEG': 0.039484351133006905, 'RAF': 0.02773362074985205, 'PMA': 0.02261079389454792, 'EHG': 0.008151385354918335}"
568,2021-03-05,95450.82688769586,1.4551915228366852e-11,"{'CDR': 0.11588459852607566, 'ALE': 0.10278602427864088, 'DNP': 0.06151586304251852, 'CPS': 0.04046999831078223, 'ACP': 0.021249724647857654, 'TPE': 0.012136317644094837, 'CCC': 0.014381031711765422, 'ALR': 0.011742303838477212, 'CCE': 0.10790270333225097, 'PBG': 0.1388355506223101, 'YAN': 0.08182789807308291, 'BST': 0.08145436603667595, 'NTC': 0.0674408212282191, 'CPL': 0.04439264757492339, 'MEG': 0.039484351133006905, 'RAF': 0.02773362074985205, 'PMA': 0.02261079389454792, 'EHG': 0.008151385354918335}"
569,2021-03-08,96382.11287124443,1.4551915228366852e-11,"{'CDR': 0.11588459852607566, 'ALE': 0.10278602427864088, 'DNP': 0.06151586304251852, 'CPS': 0.04046999831078223, 'ACP': 0.021249724647857654, 'TPE': 0.012136317644094837, 'CCC': 0.014381031711765422, 'ALR': 0.011742303838477212, 'CCE': 0.10790270333225097, 'PBG': 0.1388355506223101, 'YAN': 0.08182789807308291, 'BST': 0.08145436603667595, 'NTC': 0.0674408212282191, 'CPL': 0.04439264757492339, 'MEG': 0.039484351133006905, 'RAF': 0.02773362074985205, 'PMA': 0.02261079389454792, 'EHG': 0.008151385354918335}"
570,2021-03-09,97541.22272701807,1.4551915228366852e-11,"{'CDR': 0.11588459852607566, 'ALE': 0.10278602427864088, 'DNP': 0.06151586304251852, 'CPS': 0.04046999831078223, 'ACP': 0.021249724647857654, 'TPE': 0.012136317644094837, 'CCC': 0.014381031711765422, 'ALR': 0.011742303838477212, 'CCE': 0.10790270333225097, 'PBG': 0.1388355506223101, 'YAN': 0.08182789807308291, 'BST': 0.08145436603667595, 'NTC': 0.0674408212282191, 'CPL': 0.04439264757492339, 'MEG': 0.039484351133006905, 'RAF': 0.02773362074985205, 'PMA': 0.02261079389454792, 'EHG': 0.008151385354918335}"
571,2021-03-10,94575.03414030794,1.4551915228366852e-11,"{'CDR': 0.11588459852607566, 'ALE': 0.10278602427864088, 'DNP': 0.06151586304251852, 'CPS': 0.04046999831078223, 'ACP': 0.021249724647857654, 'TPE': 0.012136317644094837, 'CCC': 0.014381031711765422, 'ALR': 0.011742303838477212, 'CCE': 0.10790270333225097, 'PBG': 0.1388355506223101, 'YAN': 0.08182789807308291, 'BST': 0.08145436603667595, 'NTC': 0.0674408212282191, 'CPL': 0.04439264757492339, 'MEG': 0.039484351133006905, 'RAF': 0.02773362074985205, 'PMA': 0.02261079389454792, 'EHG': 0.008151385354918335}"
572,2021-03-11,95477.81109730275,1.4551915228366852e-11,"{'CDR': 0.11588459852607566, 'ALE': 0.10278602427864088, 'DNP': 0.06151586304251852, 'CPS': 0.04046999831078223, 'ACP': 0.021249724647857654, 'TPE': 0.012136317644094837, 'CCC': 0.014381031711765422, 'ALR': 0.011742303838477212, 'CCE': 0.10790270333225097, 'PBG': 0.1388355506223101, 'YAN': 0.08182789807308291, 'BST': 0.08145436603667595, 'NTC': 0.0674408212282191, 'CPL': 0.04439264757492339, 'MEG': 0.039484351133006905, 'RAF': 0.02773362074985205, 'PMA': 0.02261079389454792, 'EHG': 0.008151385354918335}"
573,2021-03-12,96082.93750374214,1.4551915228366852e-11,"{'CDR': 0.11588459852607566, 'ALE': 0.10278602427864088, 'DNP': 0.06151586304251852, 'CPS': 0.04046999831078223, 'ACP': 0.021249724647857654, 'TPE': 0.012136317644094837, 'CCC': 0.014381031711765422, 'ALR': 0.011742303838477212, 'CCE': 0.10790270333225097, 'PBG': 0.1388355506223101, 'YAN': 0.08182789807308291, 'BST': 0.08145436603667595, 'NTC': 0.0674408212282191, 'CPL': 0.04439264757492339, 'MEG': 0.039484351133006905, 'RAF': 0.02773362074985205, 'PMA': 0.02261079389454792, 'EHG': 0.008151385354918335}"
574,2021-03-15,100052.92915628538,1.4551915228366852e-11,"{'CDR': 0.11588459852607566, 'ALE': 0.10278602427864088, 'DNP': 0.06151586304251852, 'CPS': 0.04046999831078223, 'ACP': 0.021249724647857654, 'TPE': 0.012136317644094837, 'CCC': 0.014381031711765422, 'ALR': 0.011742303838477212, 'CCE': 0.10790270333225097, 'PBG': 0.1388355506223101, 'YAN': 0.08182789807308291, 'BST': 0.08145436603667595, 'NTC': 0.0674408212282191, 'CPL': 0.04439264757492339, 'MEG': 0.039484351133006905, 'RAF': 0.02773362074985205, 'PMA': 0.02261079389454792, 'EHG': 0.008151385354918335}"
575,2021-03-16,102632.977030903,1.4551915228366852e-11,"{'CDR': 0.11588459852607566, 'ALE': 0.10278602427864088, 'DNP': 0.06151586304251852, 'CPS': 0.04046999831078223, 'ACP': 0.021249724647857654, 'TPE': 0.012136317644094837, 'CCC': 0.014381031711765422, 'ALR': 0.011742303838477212, 'CCE': 0.10790270333225097, 'PBG': 0.1388355506223101, 'YAN': 0.08182789807308291, 'BST': 0.08145436603667595, 'NTC': 0.0674408212282191, 'CPL': 0.04439264757492339, 'MEG': 0.039484351133006905, 'RAF': 0.02773362074985205, 'PMA': 0.02261079389454792, 'EHG': 0.008151385354918335}"
576,2021-03-17,100034.9071426712,1.4551915228366852e-11,"{'CDR': 0.11588459852607566, 'ALE': 0.10278602427864088, 'DNP': 0.06151586304251852, 'CPS': 0.04046999831078223, 'ACP': 0.021249724647857654, 'TPE': 0.012136317644094837, 'CCC': 0.014381031711765422, 'ALR': 0.011742303838477212, 'CCE': 0.10790270333225097, 'PBG': 0.1388355506223101, 'YAN': 0.08182789807308291, 'BST': 0.08145436603667595, 'NTC': 0.0674408212282191, 'CPL': 0.04439264757492339, 'MEG': 0.039484351133006905, 'RAF': 0.02773362074985205, 'PMA': 0.02261079389454792, 'EHG': 0.008151385354918335}"
577,2021-03-18,99180.48698432476,1.4551915228366852e-11,"{'CDR': 0.11588459852607566, 'ALE': 0.10278602427864088, 'DNP': 0.06151586304251852, 'CPS': 0.04046999831078223, 'ACP': 0.021249724647857654, 'TPE': 0.012136317644094837, 'CCC': 0.014381031711765422, 'ALR': 0.011742303838477212, 'CCE': 0.10790270333225097, 'PBG': 0.1388355506223101, 'YAN': 0.08182789807308291, 'BST': 0.08145436603667595, 'NTC': 0.0674408212282191, 'CPL': 0.04439264757492339, 'MEG': 0.039484351133006905, 'RAF': 0.02773362074985205, 'PMA': 0.02261079389454792, 'EHG': 0.008151385354918335}"
578,2021-03-19,97906.21493186291,0.0,"{'KGH': 0.14174586139386267, 'PKO': 0.13167337916804767, 'ALE': 0.10457647295798031, 'CDR': 0.0942546032767806, 'PKN': 0.087833409179803, 'PZU': 0.08699998614514133, 'DNP': 0.06018337438279267, 'PEO': 0.05933822800621122, 'LPP': 0.04277954042368156, 'CPS': 0.039126120778131476, 'SPL': 0.036162246789136494, 'PGE': 0.026454253921191422, 'OPL': 0.01966111015784946, 'CCC': 0.01934031689258967, 'ACP': 0.01846532928203056, 'TPE': 0.014110640638005578, 'JSW': 0.010504114360134665, 'MRC': 0.00679101224662927}"
579,2021-03-22,97911.28958881965,0.0,"{'KGH': 0.14174586139386267, 'PKO': 0.13167337916804767, 'ALE': 0.10457647295798031, 'CDR': 0.0942546032767806, 'PKN': 0.087833409179803, 'PZU': 0.08699998614514133, 'DNP': 0.06018337438279267, 'PEO': 0.05933822800621122, 'LPP': 0.04277954042368156, 'CPS': 0.039126120778131476, 'SPL': 0.036162246789136494, 'PGE': 0.026454253921191422, 'OPL': 0.01966111015784946, 'CCC': 0.01934031689258967, 'ACP': 0.01846532928203056, 'TPE': 0.014110640638005578, 'JSW': 0.010504114360134665, 'MRC': 0.00679101224662927}"
580,2021-03-23,97657.144836012,0.0,"{'KGH': 0.14174586139386267, 'PKO': 0.13167337916804767, 'ALE': 0.10457647295798031, 'CDR': 0.0942546032767806, 'PKN': 0.087833409179803, 'PZU': 0.08699998614514133, 'DNP': 0.06018337438279267, 'PEO': 0.05933822800621122, 'LPP': 0.04277954042368156, 'CPS': 0.039126120778131476, 'SPL': 0.036162246789136494, 'PGE': 0.026454253921191422, 'OPL': 0.01966111015784946, 'CCC': 0.01934031689258967, 'ACP': 0.01846532928203056, 'TPE': 0.014110640638005578, 'JSW': 0.010504114360134665, 'MRC': 0.00679101224662927}"
581,2021-03-24,96136.9608984172,0.0,"{'KGH': 0.14174586139386267, 'PKO': 0.13167337916804767, 'ALE': 0.10457647295798031, 'CDR': 0.0942546032767806, 'PKN': 0.087833409179803, 'PZU': 0.08699998614514133, 'DNP': 0.06018337438279267, 'PEO': 0.05933822800621122, 'LPP': 0.04277954042368156, 'CPS': 0.039126120778131476, 'SPL': 0.036162246789136494, 'PGE': 0.026454253921191422, 'OPL': 0.01966111015784946, 'CCC': 0.01934031689258967, 'ACP': 0.01846532928203056, 'TPE': 0.014110640638005578, 'JSW': 0.010504114360134665, 'MRC': 0.00679101224662927}"
582,2021-03-25,94868.008072913,0.0,"{'KGH': 0.14174586139386267, 'PKO': 0.13167337916804767, 'ALE': 0.10457647295798031, 'CDR': 0.0942546032767806, 'PKN': 0.087833409179803, 'PZU': 0.08699998614514133, 'DNP': 0.06018337438279267, 'PEO': 0.05933822800621122, 'LPP': 0.04277954042368156, 'CPS': 0.039126120778131476, 'SPL': 0.036162246789136494, 'PGE': 0.026454253921191422, 'OPL': 0.01966111015784946, 'CCC': 0.01934031689258967, 'ACP': 0.01846532928203056, 'TPE': 0.014110640638005578, 'JSW': 0.010504114360134665, 'MRC': 0.00679101224662927}"
583,2021-03-26,97037.89308498208,0.0,"{'KGH': 0.14174586139386267, 'PKO': 0.13167337916804767, 'ALE': 0.10457647295798031, 'CDR': 0.0942546032767806, 'PKN': 0.087833409179803, 'PZU': 0.08699998614514133, 'DNP': 0.06018337438279267, 'PEO': 0.05933822800621122, 'LPP': 0.04277954042368156, 'CPS': 0.039126120778131476, 'SPL': 0.036162246789136494, 'PGE': 0.026454253921191422, 'OPL': 0.01966111015784946, 'CCC': 0.01934031689258967, 'ACP': 0.01846532928203056, 'TPE': 0.014110640638005578, 'JSW': 0.010504114360134665, 'MRC': 0.00679101224662927}"
584,2021-03-29,98902.4150861066,0.0,"{'KGH': 0.14174586139386267, 'PKO': 0.13167337916804767, 'ALE': 0.10457647295798031, 'CDR': 0.0942546032767806, 'PKN': 0.087833409179803, 'PZU': 0.08699998614514133, 'DNP': 0.06018337438279267, 'PEO': 0.05933822800621122, 'LPP': 0.04277954042368156, 'CPS': 0.039126120778131476, 'SPL': 0.036162246789136494, 'PGE': 0.026454253921191422, 'OPL': 0.01966111015784946, 'CCC': 0.01934031689258967, 'ACP': 0.01846532928203056, 'TPE': 0.014110640638005578, 'JSW': 0.010504114360134665, 'MRC': 0.00679101224662927}"
585,2021-03-30,98204.17822942135,0.0,"{'KGH': 0.14174586139386267, 'PKO': 0.13167337916804767, 'ALE': 0.10457647295798031, 'CDR': 0.0942546032767806, 'PKN': 0.087833409179803, 'PZU': 0.08699998614514133, 'DNP': 0.06018337438279267, 'PEO': 0.05933822800621122, 'LPP': 0.04277954042368156, 'CPS': 0.039126120778131476, 'SPL': 0.036162246789136494, 'PGE': 0.026454253921191422, 'OPL': 0.01966111015784946, 'CCC': 0.01934031689258967, 'ACP': 0.01846532928203056, 'TPE': 0.014110640638005578, 'JSW': 0.010504114360134665, 'MRC': 0.00679101224662927}"
586,2021-03-31,97908.50502245859,0.0,"{'KGH': 0.14174586139386267, 'PKO': 0.13167337916804767, 'ALE': 0.10457647295798031, 'CDR': 0.0942546032767806, 'PKN': 0.087833409179803, 'PZU': 0.08699998614514133, 'DNP': 0.06018337438279267, 'PEO': 0.05933822800621122, 'LPP': 0.04277954042368156, 'CPS': 0.039126120778131476, 'SPL': 0.036162246789136494, 'PGE': 0.026454253921191422, 'OPL': 0.01966111015784946, 'CCC': 0.01934031689258967, 'ACP': 0.01846532928203056, 'TPE': 0.014110640638005578, 'JSW': 0.010504114360134665, 'MRC': 0.00679101224662927}"
587,2021-04-01,98574.9116975232,0.0,"{'KGH': 0.14174586139386267, 'PKO': 0.13167337916804767, 'ALE': 0.10457647295798031, 'CDR': 0.0942546032767806, 'PKN': 0.087833409179803, 'PZU': 0.08699998614514133, 'DNP': 0.06018337438279267, 'PEO': 0.05933822800621122, 'LPP': 0.04277954042368156, 'CPS': 0.039126120778131476, 'SPL': 0.036162246789136494, 'PGE': 0.026454253921191422, 'OPL': 0.01966111015784946, 'CCC': 0.01934031689258967, 'ACP': 0.01846532928203056, 'TPE': 0.014110640638005578, 'JSW': 0.010504114360134665, 'MRC': 0.00679101224662927}"
588,2021-04-02,98574.9116975232,0.0,"{'KGH': 0.14174586139386267, 'PKO': 0.13167337916804767, 'ALE': 0.10457647295798031, 'CDR': 0.0942546032767806, 'PKN': 0.087833409179803, 'PZU': 0.08699998614514133, 'DNP': 0.06018337438279267, 'PEO': 0.05933822800621122, 'LPP': 0.04277954042368156, 'CPS': 0.039126120778131476, 'SPL': 0.036162246789136494, 'PGE': 0.026454253921191422, 'OPL': 0.01966111015784946, 'CCC': 0.01934031689258967, 'ACP': 0.01846532928203056, 'TPE': 0.014110640638005578, 'JSW': 0.010504114360134665, 'MRC': 0.00679101224662927}"
589,2021-04-05,98574.9116975232,0.0,"{'KGH': 0.14174586139386267, 'PKO': 0.13167337916804767, 'ALE': 0.10457647295798031, 'CDR': 0.0942546032767806, 'PKN': 0.087833409179803, 'PZU': 0.08699998614514133, 'DNP': 0.06018337438279267, 'PEO': 0.05933822800621122, 'LPP': 0.04277954042368156, 'CPS': 0.039126120778131476, 'SPL': 0.036162246789136494, 'PGE': 0.026454253921191422, 'OPL': 0.01966111015784946, 'CCC': 0.01934031689258967, 'ACP': 0.01846532928203056, 'TPE': 0.014110640638005578, 'JSW': 0.010504114360134665, 'MRC': 0.00679101224662927}"
590,2021-04-06,101566.53538377528,0.0,"{'KGH': 0.14174586139386267, 'PKO': 0.13167337916804767, 'ALE': 0.10457647295798031, 'CDR': 0.0942546032767806, 'PKN': 0.087833409179803, 'PZU': 0.08699998614514133, 'DNP': 0.06018337438279267, 'PEO': 0.05933822800621122, 'LPP': 0.04277954042368156, 'CPS': 0.039126120778131476, 'SPL': 0.036162246789136494, 'PGE': 0.026454253921191422, 'OPL': 0.01966111015784946, 'CCC': 0.01934031689258967, 'ACP': 0.01846532928203056, 'TPE': 0.014110640638005578, 'JSW': 0.010504114360134665, 'MRC': 0.00679101224662927}"
591,2021-04-07,100662.71976492832,0.0,"{'KGH': 0.14174586139386267, 'PKO': 0.13167337916804767, 'ALE': 0.10457647295798031, 'CDR': 0.0942546032767806, 'PKN': 0.087833409179803, 'PZU': 0.08699998614514133, 'DNP': 0.06018337438279267, 'PEO': 0.05933822800621122, 'LPP': 0.04277954042368156, 'CPS': 0.039126120778131476, 'SPL': 0.036162246789136494, 'PGE': 0.026454253921191422, 'OPL': 0.01966111015784946, 'CCC': 0.01934031689258967, 'ACP': 0.01846532928203056, 'TPE': 0.014110640638005578, 'JSW': 0.010504114360134665, 'MRC': 0.00679101224662927}"
592,2021-04-08,99732.89516074835,0.0,"{'KGH': 0.14174586139386267, 'PKO': 0.13167337916804767, 'ALE': 0.10457647295798031, 'CDR': 0.0942546032767806, 'PKN': 0.087833409179803, 'PZU': 0.08699998614514133, 'DNP': 0.06018337438279267, 'PEO': 0.05933822800621122, 'LPP': 0.04277954042368156, 'CPS': 0.039126120778131476, 'SPL': 0.036162246789136494, 'PGE': 0.026454253921191422, 'OPL': 0.01966111015784946, 'CCC': 0.01934031689258967, 'ACP': 0.01846532928203056, 'TPE': 0.014110640638005578, 'JSW': 0.010504114360134665, 'MRC': 0.00679101224662927}"
593,2021-04-09,99495.70230266142,0.0,"{'KGH': 0.14174586139386267, 'PKO': 0.13167337916804767, 'ALE': 0.10457647295798031, 'CDR': 0.0942546032767806, 'PKN': 0.087833409179803, 'PZU': 0.08699998614514133, 'DNP': 0.06018337438279267, 'PEO': 0.05933822800621122, 'LPP': 0.04277954042368156, 'CPS': 0.039126120778131476, 'SPL': 0.036162246789136494, 'PGE': 0.026454253921191422, 'OPL': 0.01966111015784946, 'CCC': 0.01934031689258967, 'ACP': 0.01846532928203056, 'TPE': 0.014110640638005578, 'JSW': 0.010504114360134665, 'MRC': 0.00679101224662927}"
594,2021-04-12,99654.56782320992,0.0,"{'KGH': 0.14174586139386267, 'PKO': 0.13167337916804767, 'ALE': 0.10457647295798031, 'CDR': 0.0942546032767806, 'PKN': 0.087833409179803, 'PZU': 0.08699998614514133, 'DNP': 0.06018337438279267, 'PEO': 0.05933822800621122, 'LPP': 0.04277954042368156, 'CPS': 0.039126120778131476, 'SPL': 0.036162246789136494, 'PGE': 0.026454253921191422, 'OPL': 0.01966111015784946, 'CCC': 0.01934031689258967, 'ACP': 0.01846532928203056, 'TPE': 0.014110640638005578, 'JSW': 0.010504114360134665, 'MRC': 0.00679101224662927}"
595,2021-04-13,99291.3669250567,0.0,"{'KGH': 0.14174586139386267, 'PKO': 0.13167337916804767, 'ALE': 0.10457647295798031, 'CDR': 0.0942546032767806, 'PKN': 0.087833409179803, 'PZU': 0.08699998614514133, 'DNP': 0.06018337438279267, 'PEO': 0.05933822800621122, 'LPP': 0.04277954042368156, 'CPS': 0.039126120778131476, 'SPL': 0.036162246789136494, 'PGE': 0.026454253921191422, 'OPL': 0.01966111015784946, 'CCC': 0.01934031689258967, 'ACP': 0.01846532928203056, 'TPE': 0.014110640638005578, 'JSW': 0.010504114360134665, 'MRC': 0.00679101224662927}"
596,2021-04-14,101170.90492394705,0.0,"{'KGH': 0.14174586139386267, 'PKO': 0.13167337916804767, 'ALE': 0.10457647295798031, 'CDR': 0.0942546032767806, 'PKN': 0.087833409179803, 'PZU': 0.08699998614514133, 'DNP': 0.06018337438279267, 'PEO': 0.05933822800621122, 'LPP': 0.04277954042368156, 'CPS': 0.039126120778131476, 'SPL': 0.036162246789136494, 'PGE': 0.026454253921191422, 'OPL': 0.01966111015784946, 'CCC': 0.01934031689258967, 'ACP': 0.01846532928203056, 'TPE': 0.014110640638005578, 'JSW': 0.010504114360134665, 'MRC': 0.00679101224662927}"
597,2021-04-15,101453.06082480954,0.0,"{'KGH': 0.14174586139386267, 'PKO': 0.13167337916804767, 'ALE': 0.10457647295798031, 'CDR': 0.0942546032767806, 'PKN': 0.087833409179803, 'PZU': 0.08699998614514133, 'DNP': 0.06018337438279267, 'PEO': 0.05933822800621122, 'LPP': 0.04277954042368156, 'CPS': 0.039126120778131476, 'SPL': 0.036162246789136494, 'PGE': 0.026454253921191422, 'OPL': 0.01966111015784946, 'CCC': 0.01934031689258967, 'ACP': 0.01846532928203056, 'TPE': 0.014110640638005578, 'JSW': 0.010504114360134665, 'MRC': 0.00679101224662927}"
598,2021-04-16,100922.27102606774,1.4551915228366852e-11,"{'KGH': 0.14888934400885068, 'PKO': 0.13637776373307622, 'ALE': 0.09723258275249112, 'CDR': 0.0724127238827291, 'PKN': 0.08986507212610992, 'PZU': 0.08185254338350406, 'DNP': 0.06160489333368855, 'LPP': 0.044222106583124796, 'CPS': 0.04019645989994053, 'SPL': 0.03541667435617318, 'PGE': 0.034625586655082266, 'OPL': 0.020877590295462402, 'CCC': 0.02123648642568952, 'ACP': 0.018189790318902135, 'TPE': 0.01726786191803393, 'JSW': 0.01098081845302801, 'MRC': 0.00612672124250647, 'CCE': 0.06262498063160692}"
599,2021-04-19,100321.17924926316,1.4551915228366852e-11,"{'KGH': 0.14888934400885068, 'PKO': 0.13637776373307622, 'ALE': 0.09723258275249112, 'CDR': 0.0724127238827291, 'PKN': 0.08986507212610992, 'PZU': 0.08185254338350406, 'DNP': 0.06160489333368855, 'LPP': 0.044222106583124796, 'CPS': 0.04019645989994053, 'SPL': 0.03541667435617318, 'PGE': 0.034625586655082266, 'OPL': 0.020877590295462402, 'CCC': 0.02123648642568952, 'ACP': 0.018189790318902135, 'TPE': 0.01726786191803393, 'JSW': 0.01098081845302801, 'MRC': 0.00612672124250647, 'CCE': 0.06262498063160692}"
600,2021-04-20,99619.57835011814,1.4551915228366852e-11,"{'KGH': 0.14888934400885068, 'PKO': 0.13637776373307622, 'ALE': 0.09723258275249112, 'CDR': 0.0724127238827291, 'PKN': 0.08986507212610992, 'PZU': 0.08185254338350406, 'DNP': 0.06160489333368855, 'LPP': 0.044222106583124796, 'CPS': 0.04019645989994053, 'SPL': 0.03541667435617318, 'PGE': 0.034625586655082266, 'OPL': 0.020877590295462402, 'CCC': 0.02123648642568952, 'ACP': 0.018189790318902135, 'TPE': 0.01726786191803393, 'JSW': 0.01098081845302801, 'MRC': 0.00612672124250647, 'CCE': 0.06262498063160692}"
601,2021-04-21,98724.88323278805,1.4551915228366852e-11,"{'KGH': 0.14888934400885068, 'PKO': 0.13637776373307622, 'ALE': 0.09723258275249112, 'CDR': 0.0724127238827291, 'PKN': 0.08986507212610992, 'PZU': 0.08185254338350406, 'DNP': 0.06160489333368855, 'LPP': 0.044222106583124796, 'CPS': 0.04019645989994053, 'SPL': 0.03541667435617318, 'PGE': 0.034625586655082266, 'OPL': 0.020877590295462402, 'CCC': 0.02123648642568952, 'ACP': 0.018189790318902135, 'TPE': 0.01726786191803393, 'JSW': 0.01098081845302801, 'MRC': 0.00612672124250647, 'CCE': 0.06262498063160692}"
602,2021-04-22,99142.47917028653,1.4551915228366852e-11,"{'KGH': 0.14888934400885068, 'PKO': 0.13637776373307622, 'ALE': 0.09723258275249112, 'CDR': 0.0724127238827291, 'PKN': 0.08986507212610992, 'PZU': 0.08185254338350406, 'DNP': 0.06160489333368855, 'LPP': 0.044222106583124796, 'CPS': 0.04019645989994053, 'SPL': 0.03541667435617318, 'PGE': 0.034625586655082266, 'OPL': 0.020877590295462402, 'CCC': 0.02123648642568952, 'ACP': 0.018189790318902135, 'TPE': 0.01726786191803393, 'JSW': 0.01098081845302801, 'MRC': 0.00612672124250647, 'CCE': 0.06262498063160692}"
603,2021-04-23,99158.83505763469,1.4551915228366852e-11,"{'KGH': 0.14888934400885068, 'PKO': 0.13637776373307622, 'ALE': 0.09723258275249112, 'CDR': 0.0724127238827291, 'PKN': 0.08986507212610992, 'PZU': 0.08185254338350406, 'DNP': 0.06160489333368855, 'LPP': 0.044222106583124796, 'CPS': 0.04019645989994053, 'SPL': 0.03541667435617318, 'PGE': 0.034625586655082266, 'OPL': 0.020877590295462402, 'CCC': 0.02123648642568952, 'ACP': 0.018189790318902135, 'TPE': 0.01726786191803393, 'JSW': 0.01098081845302801, 'MRC': 0.00612672124250647, 'CCE': 0.06262498063160692}"
604,2021-04-26,100111.81442676656,1.4551915228366852e-11,"{'KGH': 0.14888934400885068, 'PKO': 0.13637776373307622, 'ALE': 0.09723258275249112, 'CDR': 0.0724127238827291, 'PKN': 0.08986507212610992, 'PZU': 0.08185254338350406, 'DNP': 0.06160489333368855, 'LPP': 0.044222106583124796, 'CPS': 0.04019645989994053, 'SPL': 0.03541667435617318, 'PGE': 0.034625586655082266, 'OPL': 0.020877590295462402, 'CCC': 0.02123648642568952, 'ACP': 0.018189790318902135, 'TPE': 0.01726786191803393, 'JSW': 0.01098081845302801, 'MRC': 0.00612672124250647, 'CCE': 0.06262498063160692}"
605,2021-04-27,99734.30373672381,1.4551915228366852e-11,"{'KGH': 0.14888934400885068, 'PKO': 0.13637776373307622, 'ALE': 0.09723258275249112, 'CDR': 0.0724127238827291, 'PKN': 0.08986507212610992, 'PZU': 0.08185254338350406, 'DNP': 0.06160489333368855, 'LPP': 0.044222106583124796, 'CPS': 0.04019645989994053, 'SPL': 0.03541667435617318, 'PGE': 0.034625586655082266, 'OPL': 0.020877590295462402, 'CCC': 0.02123648642568952, 'ACP': 0.018189790318902135, 'TPE': 0.01726786191803393, 'JSW': 0.01098081845302801, 'MRC': 0.00612672124250647, 'CCE': 0.06262498063160692}"
606,2021-04-28,101319.90301630147,1.4551915228366852e-11,"{'KGH': 0.14888934400885068, 'PKO': 0.13637776373307622, 'ALE': 0.09723258275249112, 'CDR': 0.0724127238827291, 'PKN': 0.08986507212610992, 'PZU': 0.08185254338350406, 'DNP': 0.06160489333368855, 'LPP': 0.044222106583124796, 'CPS': 0.04019645989994053, 'SPL': 0.03541667435617318, 'PGE': 0.034625586655082266, 'OPL': 0.020877590295462402, 'CCC': 0.02123648642568952, 'ACP': 0.018189790318902135, 'TPE': 0.01726786191803393, 'JSW': 0.01098081845302801, 'MRC': 0.00612672124250647, 'CCE': 0.06262498063160692}"
607,2021-04-29,102446.96994447552,1.4551915228366852e-11,"{'KGH': 0.14888934400885068, 'PKO': 0.13637776373307622, 'ALE': 0.09723258275249112, 'CDR': 0.0724127238827291, 'PKN': 0.08986507212610992, 'PZU': 0.08185254338350406, 'DNP': 0.06160489333368855, 'LPP': 0.044222106583124796, 'CPS': 0.04019645989994053, 'SPL': 0.03541667435617318, 'PGE': 0.034625586655082266, 'OPL': 0.020877590295462402, 'CCC': 0.02123648642568952, 'ACP': 0.018189790318902135, 'TPE': 0.01726786191803393, 'JSW': 0.01098081845302801, 'MRC': 0.00612672124250647, 'CCE': 0.06262498063160692}"
608,2021-04-30,101858.03232308032,1.4551915228366852e-11,"{'KGH': 0.14888934400885068, 'PKO': 0.13637776373307622, 'ALE': 0.09723258275249112, 'CDR': 0.0724127238827291, 'PKN': 0.08986507212610992, 'PZU': 0.08185254338350406, 'DNP': 0.06160489333368855, 'LPP': 0.044222106583124796, 'CPS': 0.04019645989994053, 'SPL': 0.03541667435617318, 'PGE': 0.034625586655082266, 'OPL': 0.020877590295462402, 'CCC': 0.02123648642568952, 'ACP': 0.018189790318902135, 'TPE': 0.01726786191803393, 'JSW': 0.01098081845302801, 'MRC': 0.00612672124250647, 'CCE': 0.06262498063160692}"
609,2021-05-03,101858.03232308032,1.4551915228366852e-11,"{'KGH': 0.14888934400885068, 'PKO': 0.13637776373307622, 'ALE': 0.09723258275249112, 'CDR': 0.0724127238827291, 'PKN': 0.08986507212610992, 'PZU': 0.08185254338350406, 'DNP': 0.06160489333368855, 'LPP': 0.044222106583124796, 'CPS': 0.04019645989994053, 'SPL': 0.03541667435617318, 'PGE': 0.034625586655082266, 'OPL': 0.020877590295462402, 'CCC': 0.02123648642568952, 'ACP': 0.018189790318902135, 'TPE': 0.01726786191803393, 'JSW': 0.01098081845302801, 'MRC': 0.00612672124250647, 'CCE': 0.06262498063160692}"
610,2021-05-04,100047.04531936675,1.4551915228366852e-11,"{'KGH': 0.14888934400885068, 'PKO': 0.13637776373307622, 'ALE': 0.09723258275249112, 'CDR': 0.0724127238827291, 'PKN': 0.08986507212610992, 'PZU': 0.08185254338350406, 'DNP': 0.06160489333368855, 'LPP': 0.044222106583124796, 'CPS': 0.04019645989994053, 'SPL': 0.03541667435617318, 'PGE': 0.034625586655082266, 'OPL': 0.020877590295462402, 'CCC': 0.02123648642568952, 'ACP': 0.018189790318902135, 'TPE': 0.01726786191803393, 'JSW': 0.01098081845302801, 'MRC': 0.00612672124250647, 'CCE': 0.06262498063160692}"
611,2021-05-05,102550.19210378418,1.4551915228366852e-11,"{'KGH': 0.14888934400885068, 'PKO': 0.13637776373307622, 'ALE': 0.09723258275249112, 'CDR': 0.0724127238827291, 'PKN': 0.08986507212610992, 'PZU': 0.08185254338350406, 'DNP': 0.06160489333368855, 'LPP': 0.044222106583124796, 'CPS': 0.04019645989994053, 'SPL': 0.03541667435617318, 'PGE': 0.034625586655082266, 'OPL': 0.020877590295462402, 'CCC': 0.02123648642568952, 'ACP': 0.018189790318902135, 'TPE': 0.01726786191803393, 'JSW': 0.01098081845302801, 'MRC': 0.00612672124250647, 'CCE': 0.06262498063160692}"
612,2021-05-06,102194.52241088878,1.4551915228366852e-11,"{'KGH': 0.14888934400885068, 'PKO': 0.13637776373307622, 'ALE': 0.09723258275249112, 'CDR': 0.0724127238827291, 'PKN': 0.08986507212610992, 'PZU': 0.08185254338350406, 'DNP': 0.06160489333368855, 'LPP': 0.044222106583124796, 'CPS': 0.04019645989994053, 'SPL': 0.03541667435617318, 'PGE': 0.034625586655082266, 'OPL': 0.020877590295462402, 'CCC': 0.02123648642568952, 'ACP': 0.018189790318902135, 'TPE': 0.01726786191803393, 'JSW': 0.01098081845302801, 'MRC': 0.00612672124250647, 'CCE': 0.06262498063160692}"
613,2021-05-07,104856.74646423807,1.4551915228366852e-11,"{'KGH': 0.14888934400885068, 'PKO': 0.13637776373307622, 'ALE': 0.09723258275249112, 'CDR': 0.0724127238827291, 'PKN': 0.08986507212610992, 'PZU': 0.08185254338350406, 'DNP': 0.06160489333368855, 'LPP': 0.044222106583124796, 'CPS': 0.04019645989994053, 'SPL': 0.03541667435617318, 'PGE': 0.034625586655082266, 'OPL': 0.020877590295462402, 'CCC': 0.02123648642568952, 'ACP': 0.018189790318902135, 'TPE': 0.01726786191803393, 'JSW': 0.01098081845302801, 'MRC': 0.00612672124250647, 'CCE': 0.06262498063160692}"
614,2021-05-10,105481.72296862991,1.4551915228366852e-11,"{'KGH': 0.14888934400885068, 'PKO': 0.13637776373307622, 'ALE': 0.09723258275249112, 'CDR': 0.0724127238827291, 'PKN': 0.08986507212610992, 'PZU': 0.08185254338350406, 'DNP': 0.06160489333368855, 'LPP': 0.044222106583124796, 'CPS': 0.04019645989994053, 'SPL': 0.03541667435617318, 'PGE': 0.034625586655082266, 'OPL': 0.020877590295462402, 'CCC': 0.02123648642568952, 'ACP': 0.018189790318902135, 'TPE': 0.01726786191803393, 'JSW': 0.01098081845302801, 'MRC': 0.00612672124250647, 'CCE': 0.06262498063160692}"
615,2021-05-11,105211.55649443796,1.4551915228366852e-11,"{'KGH': 0.14888934400885068, 'PKO': 0.13637776373307622, 'ALE': 0.09723258275249112, 'CDR': 0.0724127238827291, 'PKN': 0.08986507212610992, 'PZU': 0.08185254338350406, 'DNP': 0.06160489333368855, 'LPP': 0.044222106583124796, 'CPS': 0.04019645989994053, 'SPL': 0.03541667435617318, 'PGE': 0.034625586655082266, 'OPL': 0.020877590295462402, 'CCC': 0.02123648642568952, 'ACP': 0.018189790318902135, 'TPE': 0.01726786191803393, 'JSW': 0.01098081845302801, 'MRC': 0.00612672124250647, 'CCE': 0.06262498063160692}"
616,2021-05-12,104533.99603188368,1.4551915228366852e-11,"{'KGH': 0.14888934400885068, 'PKO': 0.13637776373307622, 'ALE': 0.09723258275249112, 'CDR': 0.0724127238827291, 'PKN': 0.08986507212610992, 'PZU': 0.08185254338350406, 'DNP': 0.06160489333368855, 'LPP': 0.044222106583124796, 'CPS': 0.04019645989994053, 'SPL': 0.03541667435617318, 'PGE': 0.034625586655082266, 'OPL': 0.020877590295462402, 'CCC': 0.02123648642568952, 'ACP': 0.018189790318902135, 'TPE': 0.01726786191803393, 'JSW': 0.01098081845302801, 'MRC': 0.00612672124250647, 'CCE': 0.06262498063160692}"
617,2021-05-13,104586.66941442213,1.4551915228366852e-11,"{'KGH': 0.14888934400885068, 'PKO': 0.13637776373307622, 'ALE': 0.09723258275249112, 'CDR': 0.0724127238827291, 'PKN': 0.08986507212610992, 'PZU': 0.08185254338350406, 'DNP': 0.06160489333368855, 'LPP': 0.044222106583124796, 'CPS': 0.04019645989994053, 'SPL': 0.03541667435617318, 'PGE': 0.034625586655082266, 'OPL': 0.020877590295462402, 'CCC': 0.02123648642568952, 'ACP': 0.018189790318902135, 'TPE': 0.01726786191803393, 'JSW': 0.01098081845302801, 'MRC': 0.00612672124250647, 'CCE': 0.06262498063160692}"
618,2021-05-14,104703.69045896718,-2.9103830456733704e-11,"{'KGH': 0.15250081472502297, 'ALE': 0.08591636891377556, 'CDR': 0.06510564505052963, 'PKN': 0.09861416128410792, 'PZU': 0.08363710373385776, 'DNP': 0.0614869651304544, 'LPP': 0.05132641327556345, 'CPS': 0.03683980663313757, 'SPL': 0.03692609733943944, 'PGE': 0.03773345979359196, 'OPL': 0.018833395071597606, 'CCC': 0.0246528556990199, 'ACP': 0.017887649612383667, 'TPE': 0.017274809077422036, 'MRC': 0.0042703366277001865, 'CCE': 0.060363252150908195, 'PBG': 0.13656769482083275, 'MEG': 0.010063171060655112}"
619,2021-05-17,105805.7763202544,-2.9103830456733704e-11,"{'KGH': 0.15250081472502297, 'ALE': 0.08591636891377556, 'CDR': 0.06510564505052963, 'PKN': 0.09861416128410792, 'PZU': 0.08363710373385776, 'DNP': 0.0614869651304544, 'LPP': 0.05132641327556345, 'CPS': 0.03683980663313757, 'SPL': 0.03692609733943944, 'PGE': 0.03773345979359196, 'OPL': 0.018833395071597606, 'CCC': 0.0246528556990199, 'ACP': 0.017887649612383667, 'TPE': 0.017274809077422036, 'MRC': 0.0042703366277001865, 'CCE': 0.060363252150908195, 'PBG': 0.13656769482083275, 'MEG': 0.010063171060655112}"
620,2021-05-18,106046.0272335059,-2.9103830456733704e-11,"{'KGH': 0.15250081472502297, 'ALE': 0.08591636891377556, 'CDR': 0.06510564505052963, 'PKN': 0.09861416128410792, 'PZU': 0.08363710373385776, 'DNP': 0.0614869651304544, 'LPP': 0.05132641327556345, 'CPS': 0.03683980663313757, 'SPL': 0.03692609733943944, 'PGE': 0.03773345979359196, 'OPL': 0.018833395071597606, 'CCC': 0.0246528556990199, 'ACP': 0.017887649612383667, 'TPE': 0.017274809077422036, 'MRC': 0.0042703366277001865, 'CCE': 0.060363252150908195, 'PBG': 0.13656769482083275, 'MEG': 0.010063171060655112}"
621,2021-05-19,104062.56285414386,-2.9103830456733704e-11,"{'KGH': 0.15250081472502297, 'ALE': 0.08591636891377556, 'CDR': 0.06510564505052963, 'PKN': 0.09861416128410792, 'PZU': 0.08363710373385776, 'DNP': 0.0614869651304544, 'LPP': 0.05132641327556345, 'CPS': 0.03683980663313757, 'SPL': 0.03692609733943944, 'PGE': 0.03773345979359196, 'OPL': 0.018833395071597606, 'CCC': 0.0246528556990199, 'ACP': 0.017887649612383667, 'TPE': 0.017274809077422036, 'MRC': 0.0042703366277001865, 'CCE': 0.060363252150908195, 'PBG': 0.13656769482083275, 'MEG': 0.010063171060655112}"
622,2021-05-20,105596.14639584003,-2.9103830456733704e-11,"{'KGH': 0.15250081472502297, 'ALE': 0.08591636891377556, 'CDR': 0.06510564505052963, 'PKN': 0.09861416128410792, 'PZU': 0.08363710373385776, 'DNP': 0.0614869651304544, 'LPP': 0.05132641327556345, 'CPS': 0.03683980663313757, 'SPL': 0.03692609733943944, 'PGE': 0.03773345979359196, 'OPL': 0.018833395071597606, 'CCC': 0.0246528556990199, 'ACP': 0.017887649612383667, 'TPE': 0.017274809077422036, 'MRC': 0.0042703366277001865, 'CCE': 0.060363252150908195, 'PBG': 0.13656769482083275, 'MEG': 0.010063171060655112}"
623,2021-05-21,107034.20378062,-2.9103830456733704e-11,"{'KGH': 0.15250081472502297, 'ALE': 0.08591636891377556, 'CDR': 0.06510564505052963, 'PKN': 0.09861416128410792, 'PZU': 0.08363710373385776, 'DNP': 0.0614869651304544, 'LPP': 0.05132641327556345, 'CPS': 0.03683980663313757, 'SPL': 0.03692609733943944, 'PGE': 0.03773345979359196, 'OPL': 0.018833395071597606, 'CCC': 0.0246528556990199, 'ACP': 0.017887649612383667, 'TPE': 0.017274809077422036, 'MRC': 0.0042703366277001865, 'CCE': 0.060363252150908195, 'PBG': 0.13656769482083275, 'MEG': 0.010063171060655112}"
624,2021-05-24,109493.65149375764,-2.9103830456733704e-11,"{'KGH': 0.15250081472502297, 'ALE': 0.08591636891377556, 'CDR': 0.06510564505052963, 'PKN': 0.09861416128410792, 'PZU': 0.08363710373385776, 'DNP': 0.0614869651304544, 'LPP': 0.05132641327556345, 'CPS': 0.03683980663313757, 'SPL': 0.03692609733943944, 'PGE': 0.03773345979359196, 'OPL': 0.018833395071597606, 'CCC': 0.0246528556990199, 'ACP': 0.017887649612383667, 'TPE': 0.017274809077422036, 'MRC': 0.0042703366277001865, 'CCE': 0.060363252150908195, 'PBG': 0.13656769482083275, 'MEG': 0.010063171060655112}"
625,2021-05-25,112859.83188667314,-2.9103830456733704e-11,"{'KGH': 0.15250081472502297, 'ALE': 0.08591636891377556, 'CDR': 0.06510564505052963, 'PKN': 0.09861416128410792, 'PZU': 0.08363710373385776, 'DNP': 0.0614869651304544, 'LPP': 0.05132641327556345, 'CPS': 0.03683980663313757, 'SPL': 0.03692609733943944, 'PGE': 0.03773345979359196, 'OPL': 0.018833395071597606, 'CCC': 0.0246528556990199, 'ACP': 0.017887649612383667, 'TPE': 0.017274809077422036, 'MRC': 0.0042703366277001865, 'CCE': 0.060363252150908195, 'PBG': 0.13656769482083275, 'MEG': 0.010063171060655112}"
626,2021-05-26,117786.39134324792,-2.9103830456733704e-11,"{'KGH': 0.15250081472502297, 'ALE': 0.08591636891377556, 'CDR': 0.06510564505052963, 'PKN': 0.09861416128410792, 'PZU': 0.08363710373385776, 'DNP': 0.0614869651304544, 'LPP': 0.05132641327556345, 'CPS': 0.03683980663313757, 'SPL': 0.03692609733943944, 'PGE': 0.03773345979359196, 'OPL': 0.018833395071597606, 'CCC': 0.0246528556990199, 'ACP': 0.017887649612383667, 'TPE': 0.017274809077422036, 'MRC': 0.0042703366277001865, 'CCE': 0.060363252150908195, 'PBG': 0.13656769482083275, 'MEG': 0.010063171060655112}"
627,2021-05-27,124689.60674706112,-2.9103830456733704e-11,"{'KGH': 0.15250081472502297, 'ALE': 0.08591636891377556, 'CDR': 0.06510564505052963, 'PKN': 0.09861416128410792, 'PZU': 0.08363710373385776, 'DNP': 0.0614869651304544, 'LPP': 0.05132641327556345, 'CPS': 0.03683980663313757, 'SPL': 0.03692609733943944, 'PGE': 0.03773345979359196, 'OPL': 0.018833395071597606, 'CCC': 0.0246528556990199, 'ACP': 0.017887649612383667, 'TPE': 0.017274809077422036, 'MRC': 0.0042703366277001865, 'CCE': 0.060363252150908195, 'PBG': 0.13656769482083275, 'MEG': 0.010063171060655112}"
628,2021-05-28,132196.73298813667,-2.9103830456733704e-11,"{'KGH': 0.15250081472502297, 'ALE': 0.08591636891377556, 'CDR': 0.06510564505052963, 'PKN': 0.09861416128410792, 'PZU': 0.08363710373385776, 'DNP': 0.0614869651304544, 'LPP': 0.05132641327556345, 'CPS': 0.03683980663313757, 'SPL': 0.03692609733943944, 'PGE': 0.03773345979359196, 'OPL': 0.018833395071597606, 'CCC': 0.0246528556990199, 'ACP': 0.017887649612383667, 'TPE': 0.017274809077422036, 'MRC': 0.0042703366277001865, 'CCE': 0.060363252150908195, 'PBG': 0.13656769482083275, 'MEG': 0.010063171060655112}"
629,2021-05-31,131743.50240611806,-2.9103830456733704e-11,"{'KGH': 0.15250081472502297, 'ALE': 0.08591636891377556, 'CDR': 0.06510564505052963, 'PKN': 0.09861416128410792, 'PZU': 0.08363710373385776, 'DNP': 0.0614869651304544, 'LPP': 0.05132641327556345, 'CPS': 0.03683980663313757, 'SPL': 0.03692609733943944, 'PGE': 0.03773345979359196, 'OPL': 0.018833395071597606, 'CCC': 0.0246528556990199, 'ACP': 0.017887649612383667, 'TPE': 0.017274809077422036, 'MRC': 0.0042703366277001865, 'CCE': 0.060363252150908195, 'PBG': 0.13656769482083275, 'MEG': 0.010063171060655112}"
630,2021-06-01,141014.49076432246,-2.9103830456733704e-11,"{'KGH': 0.15250081472502297, 'ALE': 0.08591636891377556, 'CDR': 0.06510564505052963, 'PKN': 0.09861416128410792, 'PZU': 0.08363710373385776, 'DNP': 0.0614869651304544, 'LPP': 0.05132641327556345, 'CPS': 0.03683980663313757, 'SPL': 0.03692609733943944, 'PGE': 0.03773345979359196, 'OPL': 0.018833395071597606, 'CCC': 0.0246528556990199, 'ACP': 0.017887649612383667, 'TPE': 0.017274809077422036, 'MRC': 0.0042703366277001865, 'CCE': 0.060363252150908195, 'PBG': 0.13656769482083275, 'MEG': 0.010063171060655112}"
631,2021-06-02,128461.81222655429,-2.9103830456733704e-11,"{'KGH': 0.15250081472502297, 'ALE': 0.08591636891377556, 'CDR': 0.06510564505052963, 'PKN': 0.09861416128410792, 'PZU': 0.08363710373385776, 'DNP': 0.0614869651304544, 'LPP': 0.05132641327556345, 'CPS': 0.03683980663313757, 'SPL': 0.03692609733943944, 'PGE': 0.03773345979359196, 'OPL': 0.018833395071597606, 'CCC': 0.0246528556990199, 'ACP': 0.017887649612383667, 'TPE': 0.017274809077422036, 'MRC': 0.0042703366277001865, 'CCE': 0.060363252150908195, 'PBG': 0.13656769482083275, 'MEG': 0.010063171060655112}"
632,2021-06-03,128461.81222655429,-2.9103830456733704e-11,"{'KGH': 0.15250081472502297, 'ALE': 0.08591636891377556, 'CDR': 0.06510564505052963, 'PKN': 0.09861416128410792, 'PZU': 0.08363710373385776, 'DNP': 0.0614869651304544, 'LPP': 0.05132641327556345, 'CPS': 0.03683980663313757, 'SPL': 0.03692609733943944, 'PGE': 0.03773345979359196, 'OPL': 0.018833395071597606, 'CCC': 0.0246528556990199, 'ACP': 0.017887649612383667, 'TPE': 0.017274809077422036, 'MRC': 0.0042703366277001865, 'CCE': 0.060363252150908195, 'PBG': 0.13656769482083275, 'MEG': 0.010063171060655112}"
633,2021-06-04,127603.8016713864,-2.9103830456733704e-11,"{'KGH': 0.15250081472502297, 'ALE': 0.08591636891377556, 'CDR': 0.06510564505052963, 'PKN': 0.09861416128410792, 'PZU': 0.08363710373385776, 'DNP': 0.0614869651304544, 'LPP': 0.05132641327556345, 'CPS': 0.03683980663313757, 'SPL': 0.03692609733943944, 'PGE': 0.03773345979359196, 'OPL': 0.018833395071597606, 'CCC': 0.0246528556990199, 'ACP': 0.017887649612383667, 'TPE': 0.017274809077422036, 'MRC': 0.0042703366277001865, 'CCE': 0.060363252150908195, 'PBG': 0.13656769482083275, 'MEG': 0.010063171060655112}"
634,2021-06-07,134093.26240845775,-2.9103830456733704e-11,"{'KGH': 0.15250081472502297, 'ALE': 0.08591636891377556, 'CDR': 0.06510564505052963, 'PKN': 0.09861416128410792, 'PZU': 0.08363710373385776, 'DNP': 0.0614869651304544, 'LPP': 0.05132641327556345, 'CPS': 0.03683980663313757, 'SPL': 0.03692609733943944, 'PGE': 0.03773345979359196, 'OPL': 0.018833395071597606, 'CCC': 0.0246528556990199, 'ACP': 0.017887649612383667, 'TPE': 0.017274809077422036, 'MRC': 0.0042703366277001865, 'CCE': 0.060363252150908195, 'PBG': 0.13656769482083275, 'MEG': 0.010063171060655112}"
635,2021-06-08,132296.37515480042,-2.9103830456733704e-11,"{'KGH': 0.15250081472502297, 'ALE': 0.08591636891377556, 'CDR': 0.06510564505052963, 'PKN': 0.09861416128410792, 'PZU': 0.08363710373385776, 'DNP': 0.0614869651304544, 'LPP': 0.05132641327556345, 'CPS': 0.03683980663313757, 'SPL': 0.03692609733943944, 'PGE': 0.03773345979359196, 'OPL': 0.018833395071597606, 'CCC': 0.0246528556990199, 'ACP': 0.017887649612383667, 'TPE': 0.017274809077422036, 'MRC': 0.0042703366277001865, 'CCE': 0.060363252150908195, 'PBG': 0.13656769482083275, 'MEG': 0.010063171060655112}"
636,2021-06-09,129114.24874231355,-2.9103830456733704e-11,"{'KGH': 0.15250081472502297, 'ALE': 0.08591636891377556, 'CDR': 0.06510564505052963, 'PKN': 0.09861416128410792, 'PZU': 0.08363710373385776, 'DNP': 0.0614869651304544, 'LPP': 0.05132641327556345, 'CPS': 0.03683980663313757, 'SPL': 0.03692609733943944, 'PGE': 0.03773345979359196, 'OPL': 0.018833395071597606, 'CCC': 0.0246528556990199, 'ACP': 0.017887649612383667, 'TPE': 0.017274809077422036, 'MRC': 0.0042703366277001865, 'CCE': 0.060363252150908195, 'PBG': 0.13656769482083275, 'MEG': 0.010063171060655112}"
637,2021-06-10,128029.74440601292,-2.9103830456733704e-11,"{'KGH': 0.15250081472502297, 'ALE': 0.08591636891377556, 'CDR': 0.06510564505052963, 'PKN': 0.09861416128410792, 'PZU': 0.08363710373385776, 'DNP': 0.0614869651304544, 'LPP': 0.05132641327556345, 'CPS': 0.03683980663313757, 'SPL': 0.03692609733943944, 'PGE': 0.03773345979359196, 'OPL': 0.018833395071597606, 'CCC': 0.0246528556990199, 'ACP': 0.017887649612383667, 'TPE': 0.017274809077422036, 'MRC': 0.0042703366277001865, 'CCE': 0.060363252150908195, 'PBG': 0.13656769482083275, 'MEG': 0.010063171060655112}"
638,2021-06-11,126473.71070026195,-2.9103830456733704e-11,"{'KGH': 0.15250081472502297, 'ALE': 0.08591636891377556, 'CDR': 0.06510564505052963, 'PKN': 0.09861416128410792, 'PZU': 0.08363710373385776, 'DNP': 0.0614869651304544, 'LPP': 0.05132641327556345, 'CPS': 0.03683980663313757, 'SPL': 0.03692609733943944, 'PGE': 0.03773345979359196, 'OPL': 0.018833395071597606, 'CCC': 0.0246528556990199, 'ACP': 0.017887649612383667, 'TPE': 0.017274809077422036, 'MRC': 0.0042703366277001865, 'CCE': 0.060363252150908195, 'PBG': 0.13656769482083275, 'MEG': 0.010063171060655112}"
639,2021-06-14,127633.93759490646,-2.9103830456733704e-11,"{'KGH': 0.15250081472502297, 'ALE': 0.08591636891377556, 'CDR': 0.06510564505052963, 'PKN': 0.09861416128410792, 'PZU': 0.08363710373385776, 'DNP': 0.0614869651304544, 'LPP': 0.05132641327556345, 'CPS': 0.03683980663313757, 'SPL': 0.03692609733943944, 'PGE': 0.03773345979359196, 'OPL': 0.018833395071597606, 'CCC': 0.0246528556990199, 'ACP': 0.017887649612383667, 'TPE': 0.017274809077422036, 'MRC': 0.0042703366277001865, 'CCE': 0.060363252150908195, 'PBG': 0.13656769482083275, 'MEG': 0.010063171060655112}"
640,2021-06-15,126211.35449840363,-2.9103830456733704e-11,"{'KGH': 0.15250081472502297, 'ALE': 0.08591636891377556, 'CDR': 0.06510564505052963, 'PKN': 0.09861416128410792, 'PZU': 0.08363710373385776, 'DNP': 0.0614869651304544, 'LPP': 0.05132641327556345, 'CPS': 0.03683980663313757, 'SPL': 0.03692609733943944, 'PGE': 0.03773345979359196, 'OPL': 0.018833395071597606, 'CCC': 0.0246528556990199, 'ACP': 0.017887649612383667, 'TPE': 0.017274809077422036, 'MRC': 0.0042703366277001865, 'CCE': 0.060363252150908195, 'PBG': 0.13656769482083275, 'MEG': 0.010063171060655112}"
641,2021-06-16,127995.62458785775,-2.9103830456733704e-11,"{'KGH': 0.15250081472502297, 'ALE': 0.08591636891377556, 'CDR': 0.06510564505052963, 'PKN': 0.09861416128410792, 'PZU': 0.08363710373385776, 'DNP': 0.0614869651304544, 'LPP': 0.05132641327556345, 'CPS': 0.03683980663313757, 'SPL': 0.03692609733943944, 'PGE': 0.03773345979359196, 'OPL': 0.018833395071597606, 'CCC': 0.0246528556990199, 'ACP': 0.017887649612383667, 'TPE': 0.017274809077422036, 'MRC': 0.0042703366277001865, 'CCE': 0.060363252150908195, 'PBG': 0.13656769482083275, 'MEG': 0.010063171060655112}"
642,2021-06-17,125737.02272568831,-2.9103830456733704e-11,"{'KGH': 0.15250081472502297, 'ALE': 0.08591636891377556, 'CDR': 0.06510564505052963, 'PKN': 0.09861416128410792, 'PZU': 0.08363710373385776, 'DNP': 0.0614869651304544, 'LPP': 0.05132641327556345, 'CPS': 0.03683980663313757, 'SPL': 0.03692609733943944, 'PGE': 0.03773345979359196, 'OPL': 0.018833395071597606, 'CCC': 0.0246528556990199, 'ACP': 0.017887649612383667, 'TPE': 0.017274809077422036, 'MRC': 0.0042703366277001865, 'CCE': 0.060363252150908195, 'PBG': 0.13656769482083275, 'MEG': 0.010063171060655112}"
643,2021-06-18,125357.7405909052,1.4551915228366852e-11,"{'PKO': 0.14552084090297043, 'KGH': 0.1238666917444291, 'ALE': 0.1017092062460727, 'PKN': 0.10074527975241411, 'PZU': 0.09236702730198898, 'PEO': 0.07417531920714375, 'DNP': 0.06088980460718393, 'CDR': 0.056331992527966696, 'LPP': 0.04949687739111479, 'SPL': 0.03915016307669948, 'CPS': 0.03587046195803179, 'PGE': 0.033434998012302354, 'CCC': 0.020839834315783175, 'OPL': 0.019890868987214618, 'ACP': 0.018191708094845237, 'TPE': 0.015195200458239114, 'JSW': 0.0077103432946195385, 'MRC': 0.004613382120980255}"
644,2021-06-21,125462.07519795366,1.4551915228366852e-11,"{'PKO': 0.14552084090297043, 'KGH': 0.1238666917444291, 'ALE': 0.1017092062460727, 'PKN': 0.10074527975241411, 'PZU': 0.09236702730198898, 'PEO': 0.07417531920714375, 'DNP': 0.06088980460718393, 'CDR': 0.056331992527966696, 'LPP': 0.04949687739111479, 'SPL': 0.03915016307669948, 'CPS': 0.03587046195803179, 'PGE': 0.033434998012302354, 'CCC': 0.020839834315783175, 'OPL': 0.019890868987214618, 'ACP': 0.018191708094845237, 'TPE': 0.015195200458239114, 'JSW': 0.0077103432946195385, 'MRC': 0.004613382120980255}"
645,2021-06-22,125421.17236218389,1.4551915228366852e-11,"{'PKO': 0.14552084090297043, 'KGH': 0.1238666917444291, 'ALE': 0.1017092062460727, 'PKN': 0.10074527975241411, 'PZU': 0.09236702730198898, 'PEO': 0.07417531920714375, 'DNP': 0.06088980460718393, 'CDR': 0.056331992527966696, 'LPP': 0.04949687739111479, 'SPL': 0.03915016307669948, 'CPS': 0.03587046195803179, 'PGE': 0.033434998012302354, 'CCC': 0.020839834315783175, 'OPL': 0.019890868987214618, 'ACP': 0.018191708094845237, 'TPE': 0.015195200458239114, 'JSW': 0.0077103432946195385, 'MRC': 0.004613382120980255}"
646,2021-06-23,126299.62556078381,1.4551915228366852e-11,"{'PKO': 0.14552084090297043, 'KGH': 0.1238666917444291, 'ALE': 0.1017092062460727, 'PKN': 0.10074527975241411, 'PZU': 0.09236702730198898, 'PEO': 0.07417531920714375, 'DNP': 0.06088980460718393, 'CDR': 0.056331992527966696, 'LPP': 0.04949687739111479, 'SPL': 0.03915016307669948, 'CPS': 0.03587046195803179, 'PGE': 0.033434998012302354, 'CCC': 0.020839834315783175, 'OPL': 0.019890868987214618, 'ACP': 0.018191708094845237, 'TPE': 0.015195200458239114, 'JSW': 0.0077103432946195385, 'MRC': 0.004613382120980255}"
647,2021-06-24,128483.36662692783,1.4551915228366852e-11,"{'PKO': 0.14552084090297043, 'KGH': 0.1238666917444291, 'ALE': 0.1017092062460727, 'PKN': 0.10074527975241411, 'PZU': 0.09236702730198898, 'PEO': 0.07417531920714375, 'DNP': 0.06088980460718393, 'CDR': 0.056331992527966696, 'LPP': 0.04949687739111479, 'SPL': 0.03915016307669948, 'CPS': 0.03587046195803179, 'PGE': 0.033434998012302354, 'CCC': 0.020839834315783175, 'OPL': 0.019890868987214618, 'ACP': 0.018191708094845237, 'TPE': 0.015195200458239114, 'JSW': 0.0077103432946195385, 'MRC': 0.004613382120980255}"
648,2021-06-25,128936.96827894099,1.4551915228366852e-11,"{'PKO': 0.14552084090297043, 'KGH': 0.1238666917444291, 'ALE': 0.1017092062460727, 'PKN': 0.10074527975241411, 'PZU': 0.09236702730198898, 'PEO': 0.07417531920714375, 'DNP': 0.06088980460718393, 'CDR': 0.056331992527966696, 'LPP': 0.04949687739111479, 'SPL': 0.03915016307669948, 'CPS': 0.03587046195803179, 'PGE': 0.033434998012302354, 'CCC': 0.020839834315783175, 'OPL': 0.019890868987214618, 'ACP': 0.018191708094845237, 'TPE': 0.015195200458239114, 'JSW': 0.0077103432946195385, 'MRC': 0.004613382120980255}"
649,2021-06-28,129033.92245009544,1.4551915228366852e-11,"{'PKO': 0.14552084090297043, 'KGH': 0.1238666917444291, 'ALE': 0.1017092062460727, 'PKN': 0.10074527975241411, 'PZU': 0.09236702730198898, 'PEO': 0.07417531920714375, 'DNP': 0.06088980460718393, 'CDR': 0.056331992527966696, 'LPP': 0.04949687739111479, 'SPL': 0.03915016307669948, 'CPS': 0.03587046195803179, 'PGE': 0.033434998012302354, 'CCC': 0.020839834315783175, 'OPL': 0.019890868987214618, 'ACP': 0.018191708094845237, 'TPE': 0.015195200458239114, 'JSW': 0.0077103432946195385, 'MRC': 0.004613382120980255}"
650,2021-06-29,127615.83871616595,1.4551915228366852e-11,"{'PKO': 0.14552084090297043, 'KGH': 0.1238666917444291, 'ALE': 0.1017092062460727, 'PKN': 0.10074527975241411, 'PZU': 0.09236702730198898, 'PEO': 0.07417531920714375, 'DNP': 0.06088980460718393, 'CDR': 0.056331992527966696, 'LPP': 0.04949687739111479, 'SPL': 0.03915016307669948, 'CPS': 0.03587046195803179, 'PGE': 0.033434998012302354, 'CCC': 0.020839834315783175, 'OPL': 0.019890868987214618, 'ACP': 0.018191708094845237, 'TPE': 0.015195200458239114, 'JSW': 0.0077103432946195385, 'MRC': 0.004613382120980255}"
651,2021-06-30,125400.82782351335,1.4551915228366852e-11,"{'PKO': 0.14552084090297043, 'KGH': 0.1238666917444291, 'ALE': 0.1017092062460727, 'PKN': 0.10074527975241411, 'PZU': 0.09236702730198898, 'PEO': 0.07417531920714375, 'DNP': 0.06088980460718393, 'CDR': 0.056331992527966696, 'LPP': 0.04949687739111479, 'SPL': 0.03915016307669948, 'CPS': 0.03587046195803179, 'PGE': 0.033434998012302354, 'CCC': 0.020839834315783175, 'OPL': 0.019890868987214618, 'ACP': 0.018191708094845237, 'TPE': 0.015195200458239114, 'JSW': 0.0077103432946195385, 'MRC': 0.004613382120980255}"
652,2021-07-01,127424.60837170978,1.4551915228366852e-11,"{'PKO': 0.14552084090297043, 'KGH': 0.1238666917444291, 'ALE': 0.1017092062460727, 'PKN': 0.10074527975241411, 'PZU': 0.09236702730198898, 'PEO': 0.07417531920714375, 'DNP': 0.06088980460718393, 'CDR': 0.056331992527966696, 'LPP': 0.04949687739111479, 'SPL': 0.03915016307669948, 'CPS': 0.03587046195803179, 'PGE': 0.033434998012302354, 'CCC': 0.020839834315783175, 'OPL': 0.019890868987214618, 'ACP': 0.018191708094845237, 'TPE': 0.015195200458239114, 'JSW': 0.0077103432946195385, 'MRC': 0.004613382120980255}"
653,2021-07-02,127477.12613204322,1.4551915228366852e-11,"{'PKO': 0.14552084090297043, 'KGH': 0.1238666917444291, 'ALE': 0.1017092062460727, 'PKN': 0.10074527975241411, 'PZU': 0.09236702730198898, 'PEO': 0.07417531920714375, 'DNP': 0.06088980460718393, 'CDR': 0.056331992527966696, 'LPP': 0.04949687739111479, 'SPL': 0.03915016307669948, 'CPS': 0.03587046195803179, 'PGE': 0.033434998012302354, 'CCC': 0.020839834315783175, 'OPL': 0.019890868987214618, 'ACP': 0.018191708094845237, 'TPE': 0.015195200458239114, 'JSW': 0.0077103432946195385, 'MRC': 0.004613382120980255}"
654,2021-07-05,128184.83812403728,1.4551915228366852e-11,"{'PKO': 0.14552084090297043, 'KGH': 0.1238666917444291, 'ALE': 0.1017092062460727, 'PKN': 0.10074527975241411, 'PZU': 0.09236702730198898, 'PEO': 0.07417531920714375, 'DNP': 0.06088980460718393, 'CDR': 0.056331992527966696, 'LPP': 0.04949687739111479, 'SPL': 0.03915016307669948, 'CPS': 0.03587046195803179, 'PGE': 0.033434998012302354, 'CCC': 0.020839834315783175, 'OPL': 0.019890868987214618, 'ACP': 0.018191708094845237, 'TPE': 0.015195200458239114, 'JSW': 0.0077103432946195385, 'MRC': 0.004613382120980255}"
655,2021-07-06,126516.09157691599,1.4551915228366852e-11,"{'PKO': 0.14552084090297043, 'KGH': 0.1238666917444291, 'ALE': 0.1017092062460727, 'PKN': 0.10074527975241411, 'PZU': 0.09236702730198898, 'PEO': 0.07417531920714375, 'DNP': 0.06088980460718393, 'CDR': 0.056331992527966696, 'LPP': 0.04949687739111479, 'SPL': 0.03915016307669948, 'CPS': 0.03587046195803179, 'PGE': 0.033434998012302354, 'CCC': 0.020839834315783175, 'OPL': 0.019890868987214618, 'ACP': 0.018191708094845237, 'TPE': 0.015195200458239114, 'JSW': 0.0077103432946195385, 'MRC': 0.004613382120980255}"
656,2021-07-07,129810.66621069833,1.4551915228366852e-11,"{'PKO': 0.14552084090297043, 'KGH': 0.1238666917444291, 'ALE': 0.1017092062460727, 'PKN': 0.10074527975241411, 'PZU': 0.09236702730198898, 'PEO': 0.07417531920714375, 'DNP': 0.06088980460718393, 'CDR': 0.056331992527966696, 'LPP': 0.04949687739111479, 'SPL': 0.03915016307669948, 'CPS': 0.03587046195803179, 'PGE': 0.033434998012302354, 'CCC': 0.020839834315783175, 'OPL': 0.019890868987214618, 'ACP': 0.018191708094845237, 'TPE': 0.015195200458239114, 'JSW': 0.0077103432946195385, 'MRC': 0.004613382120980255}"
657,2021-07-08,126922.02401214997,1.4551915228366852e-11,"{'PKO': 0.14552084090297043, 'KGH': 0.1238666917444291, 'ALE': 0.1017092062460727, 'PKN': 0.10074527975241411, 'PZU': 0.09236702730198898, 'PEO': 0.07417531920714375, 'DNP': 0.06088980460718393, 'CDR': 0.056331992527966696, 'LPP': 0.04949687739111479, 'SPL': 0.03915016307669948, 'CPS': 0.03587046195803179, 'PGE': 0.033434998012302354, 'CCC': 0.020839834315783175, 'OPL': 0.019890868987214618, 'ACP': 0.018191708094845237, 'TPE': 0.015195200458239114, 'JSW': 0.0077103432946195385, 'MRC': 0.004613382120980255}"
658,2021-07-09,127846.18945803073,1.4551915228366852e-11,"{'PKO': 0.14552084090297043, 'KGH': 0.1238666917444291, 'ALE': 0.1017092062460727, 'PKN': 0.10074527975241411, 'PZU': 0.09236702730198898, 'PEO': 0.07417531920714375, 'DNP': 0.06088980460718393, 'CDR': 0.056331992527966696, 'LPP': 0.04949687739111479, 'SPL': 0.03915016307669948, 'CPS': 0.03587046195803179, 'PGE': 0.033434998012302354, 'CCC': 0.020839834315783175, 'OPL': 0.019890868987214618, 'ACP': 0.018191708094845237, 'TPE': 0.015195200458239114, 'JSW': 0.0077103432946195385, 'MRC': 0.004613382120980255}"
659,2021-07-12,128094.75171056093,1.4551915228366852e-11,"{'PKO': 0.14552084090297043, 'KGH': 0.1238666917444291, 'ALE': 0.1017092062460727, 'PKN': 0.10074527975241411, 'PZU': 0.09236702730198898, 'PEO': 0.07417531920714375, 'DNP': 0.06088980460718393, 'CDR': 0.056331992527966696, 'LPP': 0.04949687739111479, 'SPL': 0.03915016307669948, 'CPS': 0.03587046195803179, 'PGE': 0.033434998012302354, 'CCC': 0.020839834315783175, 'OPL': 0.019890868987214618, 'ACP': 0.018191708094845237, 'TPE': 0.015195200458239114, 'JSW': 0.0077103432946195385, 'MRC': 0.004613382120980255}"
660,2021-07-13,128676.09815202947,1.4551915228366852e-11,"{'PKO': 0.14552084090297043, 'KGH': 0.1238666917444291, 'ALE': 0.1017092062460727, 'PKN': 0.10074527975241411, 'PZU': 0.09236702730198898, 'PEO': 0.07417531920714375, 'DNP': 0.06088980460718393, 'CDR': 0.056331992527966696, 'LPP': 0.04949687739111479, 'SPL': 0.03915016307669948, 'CPS': 0.03587046195803179, 'PGE': 0.033434998012302354, 'CCC': 0.020839834315783175, 'OPL': 0.019890868987214618, 'ACP': 0.018191708094845237, 'TPE': 0.015195200458239114, 'JSW': 0.0077103432946195385, 'MRC': 0.004613382120980255}"
661,2021-07-14,128911.73288561644,1.4551915228366852e-11,"{'PKO': 0.14552084090297043, 'KGH': 0.1238666917444291, 'ALE': 0.1017092062460727, 'PKN': 0.10074527975241411, 'PZU': 0.09236702730198898, 'PEO': 0.07417531920714375, 'DNP': 0.06088980460718393, 'CDR': 0.056331992527966696, 'LPP': 0.04949687739111479, 'SPL': 0.03915016307669948, 'CPS': 0.03587046195803179, 'PGE': 0.033434998012302354, 'CCC': 0.020839834315783175, 'OPL': 0.019890868987214618, 'ACP': 0.018191708094845237, 'TPE': 0.015195200458239114, 'JSW': 0.0077103432946195385, 'MRC': 0.004613382120980255}"
662,2021-07-15,128495.35573642644,1.4551915228366852e-11,"{'PKO': 0.14552084090297043, 'KGH': 0.1238666917444291, 'ALE': 0.1017092062460727, 'PKN': 0.10074527975241411, 'PZU': 0.09236702730198898, 'PEO': 0.07417531920714375, 'DNP': 0.06088980460718393, 'CDR': 0.056331992527966696, 'LPP': 0.04949687739111479, 'SPL': 0.03915016307669948, 'CPS': 0.03587046195803179, 'PGE': 0.033434998012302354, 'CCC': 0.020839834315783175, 'OPL': 0.019890868987214618, 'ACP': 0.018191708094845237, 'TPE': 0.015195200458239114, 'JSW': 0.0077103432946195385, 'MRC': 0.004613382120980255}"
663,2021-07-16,128466.12285059722,1.4551915228366852e-11,"{'PKO': 0.14552084090297043, 'KGH': 0.1238666917444291, 'ALE': 0.1017092062460727, 'PKN': 0.10074527975241411, 'PZU': 0.09236702730198898, 'PEO': 0.07417531920714375, 'DNP': 0.06088980460718393, 'CDR': 0.056331992527966696, 'LPP': 0.04949687739111479, 'SPL': 0.03915016307669948, 'CPS': 0.03587046195803179, 'PGE': 0.033434998012302354, 'CCC': 0.020839834315783175, 'OPL': 0.019890868987214618, 'ACP': 0.018191708094845237, 'TPE': 0.015195200458239114, 'JSW': 0.0077103432946195385, 'MRC': 0.004613382120980255}"
664,2021-07-19,125596.24764775882,1.4551915228366852e-11,"{'PKO': 0.14552084090297043, 'KGH': 0.1238666917444291, 'ALE': 0.1017092062460727, 'PKN': 0.10074527975241411, 'PZU': 0.09236702730198898, 'PEO': 0.07417531920714375, 'DNP': 0.06088980460718393, 'CDR': 0.056331992527966696, 'LPP': 0.04949687739111479, 'SPL': 0.03915016307669948, 'CPS': 0.03587046195803179, 'PGE': 0.033434998012302354, 'CCC': 0.020839834315783175, 'OPL': 0.019890868987214618, 'ACP': 0.018191708094845237, 'TPE': 0.015195200458239114, 'JSW': 0.0077103432946195385, 'MRC': 0.004613382120980255}"
665,2021-07-20,126527.03139939281,1.4551915228366852e-11,"{'PKO': 0.14552084090297043, 'KGH': 0.1238666917444291, 'ALE': 0.1017092062460727, 'PKN': 0.10074527975241411, 'PZU': 0.09236702730198898, 'PEO': 0.07417531920714375, 'DNP': 0.06088980460718393, 'CDR': 0.056331992527966696, 'LPP': 0.04949687739111479, 'SPL': 0.03915016307669948, 'CPS': 0.03587046195803179, 'PGE': 0.033434998012302354, 'CCC': 0.020839834315783175, 'OPL': 0.019890868987214618, 'ACP': 0.018191708094845237, 'TPE': 0.015195200458239114, 'JSW': 0.0077103432946195385, 'MRC': 0.004613382120980255}"
666,2021-07-21,128291.33871691677,1.4551915228366852e-11,"{'PKO': 0.14552084090297043, 'KGH': 0.1238666917444291, 'ALE': 0.1017092062460727, 'PKN': 0.10074527975241411, 'PZU': 0.09236702730198898, 'PEO': 0.07417531920714375, 'DNP': 0.06088980460718393, 'CDR': 0.056331992527966696, 'LPP': 0.04949687739111479, 'SPL': 0.03915016307669948, 'CPS': 0.03587046195803179, 'PGE': 0.033434998012302354, 'CCC': 0.020839834315783175, 'OPL': 0.019890868987214618, 'ACP': 0.018191708094845237, 'TPE': 0.015195200458239114, 'JSW': 0.0077103432946195385, 'MRC': 0.004613382120980255}"
667,2021-07-22,127552.25017947145,1.4551915228366852e-11,"{'PKO': 0.14552084090297043, 'KGH': 0.1238666917444291, 'ALE': 0.1017092062460727, 'PKN': 0.10074527975241411, 'PZU': 0.09236702730198898, 'PEO': 0.07417531920714375, 'DNP': 0.06088980460718393, 'CDR': 0.056331992527966696, 'LPP': 0.04949687739111479, 'SPL': 0.03915016307669948, 'CPS': 0.03587046195803179, 'PGE': 0.033434998012302354, 'CCC': 0.020839834315783175, 'OPL': 0.019890868987214618, 'ACP': 0.018191708094845237, 'TPE': 0.015195200458239114, 'JSW': 0.0077103432946195385, 'MRC': 0.004613382120980255}"
668,2021-07-23,128315.18904149135,1.4551915228366852e-11,"{'PKO': 0.14552084090297043, 'KGH': 0.1238666917444291, 'ALE': 0.1017092062460727, 'PKN': 0.10074527975241411, 'PZU': 0.09236702730198898, 'PEO': 0.07417531920714375, 'DNP': 0.06088980460718393, 'CDR': 0.056331992527966696, 'LPP': 0.04949687739111479, 'SPL': 0.03915016307669948, 'CPS': 0.03587046195803179, 'PGE': 0.033434998012302354, 'CCC': 0.020839834315783175, 'OPL': 0.019890868987214618, 'ACP': 0.018191708094845237, 'TPE': 0.015195200458239114, 'JSW': 0.0077103432946195385, 'MRC': 0.004613382120980255}"
669,2021-07-26,128287.05396837732,1.4551915228366852e-11,"{'PKO': 0.14552084090297043, 'KGH': 0.1238666917444291, 'ALE': 0.1017092062460727, 'PKN': 0.10074527975241411, 'PZU': 0.09236702730198898, 'PEO': 0.07417531920714375, 'DNP': 0.06088980460718393, 'CDR': 0.056331992527966696, 'LPP': 0.04949687739111479, 'SPL': 0.03915016307669948, 'CPS': 0.03587046195803179, 'PGE': 0.033434998012302354, 'CCC': 0.020839834315783175, 'OPL': 0.019890868987214618, 'ACP': 0.018191708094845237, 'TPE': 0.015195200458239114, 'JSW': 0.0077103432946195385, 'MRC': 0.004613382120980255}"
670,2021-07-27,127290.71561452567,1.4551915228366852e-11,"{'PKO': 0.14552084090297043, 'KGH': 0.1238666917444291, 'ALE': 0.1017092062460727, 'PKN': 0.10074527975241411, 'PZU': 0.09236702730198898, 'PEO': 0.07417531920714375, 'DNP': 0.06088980460718393, 'CDR': 0.056331992527966696, 'LPP': 0.04949687739111479, 'SPL': 0.03915016307669948, 'CPS': 0.03587046195803179, 'PGE': 0.033434998012302354, 'CCC': 0.020839834315783175, 'OPL': 0.019890868987214618, 'ACP': 0.018191708094845237, 'TPE': 0.015195200458239114, 'JSW': 0.0077103432946195385, 'MRC': 0.004613382120980255}"
671,2021-07-28,128436.70133581216,1.4551915228366852e-11,"{'PKO': 0.14552084090297043, 'KGH': 0.1238666917444291, 'ALE': 0.1017092062460727, 'PKN': 0.10074527975241411, 'PZU': 0.09236702730198898, 'PEO': 0.07417531920714375, 'DNP': 0.06088980460718393, 'CDR': 0.056331992527966696, 'LPP': 0.04949687739111479, 'SPL': 0.03915016307669948, 'CPS': 0.03587046195803179, 'PGE': 0.033434998012302354, 'CCC': 0.020839834315783175, 'OPL': 0.019890868987214618, 'ACP': 0.018191708094845237, 'TPE': 0.015195200458239114, 'JSW': 0.0077103432946195385, 'MRC': 0.004613382120980255}"
672,2021-07-29,129598.67614248075,1.4551915228366852e-11,"{'PKO': 0.14552084090297043, 'KGH': 0.1238666917444291, 'ALE': 0.1017092062460727, 'PKN': 0.10074527975241411, 'PZU': 0.09236702730198898, 'PEO': 0.07417531920714375, 'DNP': 0.06088980460718393, 'CDR': 0.056331992527966696, 'LPP': 0.04949687739111479, 'SPL': 0.03915016307669948, 'CPS': 0.03587046195803179, 'PGE': 0.033434998012302354, 'CCC': 0.020839834315783175, 'OPL': 0.019890868987214618, 'ACP': 0.018191708094845237, 'TPE': 0.015195200458239114, 'JSW': 0.0077103432946195385, 'MRC': 0.004613382120980255}"
673,2021-07-30,128850.70909895259,1.4551915228366852e-11,"{'PKO': 0.14552084090297043, 'KGH': 0.1238666917444291, 'ALE': 0.1017092062460727, 'PKN': 0.10074527975241411, 'PZU': 0.09236702730198898, 'PEO': 0.07417531920714375, 'DNP': 0.06088980460718393, 'CDR': 0.056331992527966696, 'LPP': 0.04949687739111479, 'SPL': 0.03915016307669948, 'CPS': 0.03587046195803179, 'PGE': 0.033434998012302354, 'CCC': 0.020839834315783175, 'OPL': 0.019890868987214618, 'ACP': 0.018191708094845237, 'TPE': 0.015195200458239114, 'JSW': 0.0077103432946195385, 'MRC': 0.004613382120980255}"
674,2021-08-02,128847.91542137365,1.4551915228366852e-11,"{'PKO': 0.14552084090297043, 'KGH': 0.1238666917444291, 'ALE': 0.1017092062460727, 'PKN': 0.10074527975241411, 'PZU': 0.09236702730198898, 'PEO': 0.07417531920714375, 'DNP': 0.06088980460718393, 'CDR': 0.056331992527966696, 'LPP': 0.04949687739111479, 'SPL': 0.03915016307669948, 'CPS': 0.03587046195803179, 'PGE': 0.033434998012302354, 'CCC': 0.020839834315783175, 'OPL': 0.019890868987214618, 'ACP': 0.018191708094845237, 'TPE': 0.015195200458239114, 'JSW': 0.0077103432946195385, 'MRC': 0.004613382120980255}"
675,2021-08-03,129113.58481856639,1.4551915228366852e-11,"{'PKO': 0.14552084090297043, 'KGH': 0.1238666917444291, 'ALE': 0.1017092062460727, 'PKN': 0.10074527975241411, 'PZU': 0.09236702730198898, 'PEO': 0.07417531920714375, 'DNP': 0.06088980460718393, 'CDR': 0.056331992527966696, 'LPP': 0.04949687739111479, 'SPL': 0.03915016307669948, 'CPS': 0.03587046195803179, 'PGE': 0.033434998012302354, 'CCC': 0.020839834315783175, 'OPL': 0.019890868987214618, 'ACP': 0.018191708094845237, 'TPE': 0.015195200458239114, 'JSW': 0.0077103432946195385, 'MRC': 0.004613382120980255}"
676,2021-08-04,129994.12765049862,1.4551915228366852e-11,"{'PKO': 0.14552084090297043, 'KGH': 0.1238666917444291, 'ALE': 0.1017092062460727, 'PKN': 0.10074527975241411, 'PZU': 0.09236702730198898, 'PEO': 0.07417531920714375, 'DNP': 0.06088980460718393, 'CDR': 0.056331992527966696, 'LPP': 0.04949687739111479, 'SPL': 0.03915016307669948, 'CPS': 0.03587046195803179, 'PGE': 0.033434998012302354, 'CCC': 0.020839834315783175, 'OPL': 0.019890868987214618, 'ACP': 0.018191708094845237, 'TPE': 0.015195200458239114, 'JSW': 0.0077103432946195385, 'MRC': 0.004613382120980255}"
677,2021-08-05,129858.79590615668,1.4551915228366852e-11,"{'PKO': 0.14552084090297043, 'KGH': 0.1238666917444291, 'ALE': 0.1017092062460727, 'PKN': 0.10074527975241411, 'PZU': 0.09236702730198898, 'PEO': 0.07417531920714375, 'DNP': 0.06088980460718393, 'CDR': 0.056331992527966696, 'LPP': 0.04949687739111479, 'SPL': 0.03915016307669948, 'CPS': 0.03587046195803179, 'PGE': 0.033434998012302354, 'CCC': 0.020839834315783175, 'OPL': 0.019890868987214618, 'ACP': 0.018191708094845237, 'TPE': 0.015195200458239114, 'JSW': 0.0077103432946195385, 'MRC': 0.004613382120980255}"
678,2021-08-06,129977.85614269186,1.4551915228366852e-11,"{'PKO': 0.14552084090297043, 'KGH': 0.1238666917444291, 'ALE': 0.1017092062460727, 'PKN': 0.10074527975241411, 'PZU': 0.09236702730198898, 'PEO': 0.07417531920714375, 'DNP': 0.06088980460718393, 'CDR': 0.056331992527966696, 'LPP': 0.04949687739111479, 'SPL': 0.03915016307669948, 'CPS': 0.03587046195803179, 'PGE': 0.033434998012302354, 'CCC': 0.020839834315783175, 'OPL': 0.019890868987214618, 'ACP': 0.018191708094845237, 'TPE': 0.015195200458239114, 'JSW': 0.0077103432946195385, 'MRC': 0.004613382120980255}"
679,2021-08-09,129938.23441881682,1.4551915228366852e-11,"{'PKO': 0.14552084090297043, 'KGH': 0.1238666917444291, 'ALE': 0.1017092062460727, 'PKN': 0.10074527975241411, 'PZU': 0.09236702730198898, 'PEO': 0.07417531920714375, 'DNP': 0.06088980460718393, 'CDR': 0.056331992527966696, 'LPP': 0.04949687739111479, 'SPL': 0.03915016307669948, 'CPS': 0.03587046195803179, 'PGE': 0.033434998012302354, 'CCC': 0.020839834315783175, 'OPL': 0.019890868987214618, 'ACP': 0.018191708094845237, 'TPE': 0.015195200458239114, 'JSW': 0.0077103432946195385, 'MRC': 0.004613382120980255}"
680,2021-08-10,130151.15433989652,1.4551915228366852e-11,"{'PKO': 0.14552084090297043, 'KGH': 0.1238666917444291, 'ALE': 0.1017092062460727, 'PKN': 0.10074527975241411, 'PZU': 0.09236702730198898, 'PEO': 0.07417531920714375, 'DNP': 0.06088980460718393, 'CDR': 0.056331992527966696, 'LPP': 0.04949687739111479, 'SPL': 0.03915016307669948, 'CPS': 0.03587046195803179, 'PGE': 0.033434998012302354, 'CCC': 0.020839834315783175, 'OPL': 0.019890868987214618, 'ACP': 0.018191708094845237, 'TPE': 0.015195200458239114, 'JSW': 0.0077103432946195385, 'MRC': 0.004613382120980255}"
681,2021-08-11,130484.04512912688,1.4551915228366852e-11,"{'PKO': 0.14552084090297043, 'KGH': 0.1238666917444291, 'ALE': 0.1017092062460727, 'PKN': 0.10074527975241411, 'PZU': 0.09236702730198898, 'PEO': 0.07417531920714375, 'DNP': 0.06088980460718393, 'CDR': 0.056331992527966696, 'LPP': 0.04949687739111479, 'SPL': 0.03915016307669948, 'CPS': 0.03587046195803179, 'PGE': 0.033434998012302354, 'CCC': 0.020839834315783175, 'OPL': 0.019890868987214618, 'ACP': 0.018191708094845237, 'TPE': 0.015195200458239114, 'JSW': 0.0077103432946195385, 'MRC': 0.004613382120980255}"
682,2021-08-12,131259.3060189723,1.4551915228366852e-11,"{'PKO': 0.14552084090297043, 'KGH': 0.1238666917444291, 'ALE': 0.1017092062460727, 'PKN': 0.10074527975241411, 'PZU': 0.09236702730198898, 'PEO': 0.07417531920714375, 'DNP': 0.06088980460718393, 'CDR': 0.056331992527966696, 'LPP': 0.04949687739111479, 'SPL': 0.03915016307669948, 'CPS': 0.03587046195803179, 'PGE': 0.033434998012302354, 'CCC': 0.020839834315783175, 'OPL': 0.019890868987214618, 'ACP': 0.018191708094845237, 'TPE': 0.015195200458239114, 'JSW': 0.0077103432946195385, 'MRC': 0.004613382120980255}"
683,2021-08-13,131461.1209166923,1.4551915228366852e-11,"{'PKO': 0.14552084090297043, 'KGH': 0.1238666917444291, 'ALE': 0.1017092062460727, 'PKN': 0.10074527975241411, 'PZU': 0.09236702730198898, 'PEO': 0.07417531920714375, 'DNP': 0.06088980460718393, 'CDR': 0.056331992527966696, 'LPP': 0.04949687739111479, 'SPL': 0.03915016307669948, 'CPS': 0.03587046195803179, 'PGE': 0.033434998012302354, 'CCC': 0.020839834315783175, 'OPL': 0.019890868987214618, 'ACP': 0.018191708094845237, 'TPE': 0.015195200458239114, 'JSW': 0.0077103432946195385, 'MRC': 0.004613382120980255}"
684,2021-08-16,130269.91775985151,1.4551915228366852e-11,"{'PKO': 0.14552084090297043, 'KGH': 0.1238666917444291, 'ALE': 0.1017092062460727, 'PKN': 0.10074527975241411, 'PZU': 0.09236702730198898, 'PEO': 0.07417531920714375, 'DNP': 0.06088980460718393, 'CDR': 0.056331992527966696, 'LPP': 0.04949687739111479, 'SPL': 0.03915016307669948, 'CPS': 0.03587046195803179, 'PGE': 0.033434998012302354, 'CCC': 0.020839834315783175, 'OPL': 0.019890868987214618, 'ACP': 0.018191708094845237, 'TPE': 0.015195200458239114, 'JSW': 0.0077103432946195385, 'MRC': 0.004613382120980255}"
685,2021-08-17,131319.023606316,1.4551915228366852e-11,"{'PKO': 0.14552084090297043, 'KGH': 0.1238666917444291, 'ALE': 0.1017092062460727, 'PKN': 0.10074527975241411, 'PZU': 0.09236702730198898, 'PEO': 0.07417531920714375, 'DNP': 0.06088980460718393, 'CDR': 0.056331992527966696, 'LPP': 0.04949687739111479, 'SPL': 0.03915016307669948, 'CPS': 0.03587046195803179, 'PGE': 0.033434998012302354, 'CCC': 0.020839834315783175, 'OPL': 0.019890868987214618, 'ACP': 0.018191708094845237, 'TPE': 0.015195200458239114, 'JSW': 0.0077103432946195385, 'MRC': 0.004613382120980255}"
686,2021-08-18,130245.38780473794,1.4551915228366852e-11,"{'PKO': 0.14552084090297043, 'KGH': 0.1238666917444291, 'ALE': 0.1017092062460727, 'PKN': 0.10074527975241411, 'PZU': 0.09236702730198898, 'PEO': 0.07417531920714375, 'DNP': 0.06088980460718393, 'CDR': 0.056331992527966696, 'LPP': 0.04949687739111479, 'SPL': 0.03915016307669948, 'CPS': 0.03587046195803179, 'PGE': 0.033434998012302354, 'CCC': 0.020839834315783175, 'OPL': 0.019890868987214618, 'ACP': 0.018191708094845237, 'TPE': 0.015195200458239114, 'JSW': 0.0077103432946195385, 'MRC': 0.004613382120980255}"
687,2021-08-19,128855.71553719937,1.4551915228366852e-11,"{'PKO': 0.14552084090297043, 'KGH': 0.1238666917444291, 'ALE': 0.1017092062460727, 'PKN': 0.10074527975241411, 'PZU': 0.09236702730198898, 'PEO': 0.07417531920714375, 'DNP': 0.06088980460718393, 'CDR': 0.056331992527966696, 'LPP': 0.04949687739111479, 'SPL': 0.03915016307669948, 'CPS': 0.03587046195803179, 'PGE': 0.033434998012302354, 'CCC': 0.020839834315783175, 'OPL': 0.019890868987214618, 'ACP': 0.018191708094845237, 'TPE': 0.015195200458239114, 'JSW': 0.0077103432946195385, 'MRC': 0.004613382120980255}"
688,2021-08-20,128483.78090485037,1.4551915228366852e-11,"{'PKO': 0.14552084090297043, 'KGH': 0.1238666917444291, 'ALE': 0.1017092062460727, 'PKN': 0.10074527975241411, 'PZU': 0.09236702730198898, 'PEO': 0.07417531920714375, 'DNP': 0.06088980460718393, 'CDR': 0.056331992527966696, 'LPP': 0.04949687739111479, 'SPL': 0.03915016307669948, 'CPS': 0.03587046195803179, 'PGE': 0.033434998012302354, 'CCC': 0.020839834315783175, 'OPL': 0.019890868987214618, 'ACP': 0.018191708094845237, 'TPE': 0.015195200458239114, 'JSW': 0.0077103432946195385, 'MRC': 0.004613382120980255}"
689,2021-08-23,130425.39666298984,1.4551915228366852e-11,"{'PKO': 0.14552084090297043, 'KGH': 0.1238666917444291, 'ALE': 0.1017092062460727, 'PKN': 0.10074527975241411, 'PZU': 0.09236702730198898, 'PEO': 0.07417531920714375, 'DNP': 0.06088980460718393, 'CDR': 0.056331992527966696, 'LPP': 0.04949687739111479, 'SPL': 0.03915016307669948, 'CPS': 0.03587046195803179, 'PGE': 0.033434998012302354, 'CCC': 0.020839834315783175, 'OPL': 0.019890868987214618, 'ACP': 0.018191708094845237, 'TPE': 0.015195200458239114, 'JSW': 0.0077103432946195385, 'MRC': 0.004613382120980255}"
690,2021-08-24,131149.9029894629,1.4551915228366852e-11,"{'PKO': 0.14552084090297043, 'KGH': 0.1238666917444291, 'ALE': 0.1017092062460727, 'PKN': 0.10074527975241411, 'PZU': 0.09236702730198898, 'PEO': 0.07417531920714375, 'DNP': 0.06088980460718393, 'CDR': 0.056331992527966696, 'LPP': 0.04949687739111479, 'SPL': 0.03915016307669948, 'CPS': 0.03587046195803179, 'PGE': 0.033434998012302354, 'CCC': 0.020839834315783175, 'OPL': 0.019890868987214618, 'ACP': 0.018191708094845237, 'TPE': 0.015195200458239114, 'JSW': 0.0077103432946195385, 'MRC': 0.004613382120980255}"
691,2021-08-25,132646.32039332535,1.4551915228366852e-11,"{'PKO': 0.14552084090297043, 'KGH': 0.1238666917444291, 'ALE': 0.1017092062460727, 'PKN': 0.10074527975241411, 'PZU': 0.09236702730198898, 'PEO': 0.07417531920714375, 'DNP': 0.06088980460718393, 'CDR': 0.056331992527966696, 'LPP': 0.04949687739111479, 'SPL': 0.03915016307669948, 'CPS': 0.03587046195803179, 'PGE': 0.033434998012302354, 'CCC': 0.020839834315783175, 'OPL': 0.019890868987214618, 'ACP': 0.018191708094845237, 'TPE': 0.015195200458239114, 'JSW': 0.0077103432946195385, 'MRC': 0.004613382120980255}"
692,2021-08-26,131777.6675199467,1.4551915228366852e-11,"{'PKO': 0.14552084090297043, 'KGH': 0.1238666917444291, 'ALE': 0.1017092062460727, 'PKN': 0.10074527975241411, 'PZU': 0.09236702730198898, 'PEO': 0.07417531920714375, 'DNP': 0.06088980460718393, 'CDR': 0.056331992527966696, 'LPP': 0.04949687739111479, 'SPL': 0.03915016307669948, 'CPS': 0.03587046195803179, 'PGE': 0.033434998012302354, 'CCC': 0.020839834315783175, 'OPL': 0.019890868987214618, 'ACP': 0.018191708094845237, 'TPE': 0.015195200458239114, 'JSW': 0.0077103432946195385, 'MRC': 0.004613382120980255}"
693,2021-08-27,132581.18600285007,1.4551915228366852e-11,"{'PKO': 0.14552084090297043, 'KGH': 0.1238666917444291, 'ALE': 0.1017092062460727, 'PKN': 0.10074527975241411, 'PZU': 0.09236702730198898, 'PEO': 0.07417531920714375, 'DNP': 0.06088980460718393, 'CDR': 0.056331992527966696, 'LPP': 0.04949687739111479, 'SPL': 0.03915016307669948, 'CPS': 0.03587046195803179, 'PGE': 0.033434998012302354, 'CCC': 0.020839834315783175, 'OPL': 0.019890868987214618, 'ACP': 0.018191708094845237, 'TPE': 0.015195200458239114, 'JSW': 0.0077103432946195385, 'MRC': 0.004613382120980255}"
694,2021-08-30,134108.99511620984,1.4551915228366852e-11,"{'PKO': 0.14552084090297043, 'KGH': 0.1238666917444291, 'ALE': 0.1017092062460727, 'PKN': 0.10074527975241411, 'PZU': 0.09236702730198898, 'PEO': 0.07417531920714375, 'DNP': 0.06088980460718393, 'CDR': 0.056331992527966696, 'LPP': 0.04949687739111479, 'SPL': 0.03915016307669948, 'CPS': 0.03587046195803179, 'PGE': 0.033434998012302354, 'CCC': 0.020839834315783175, 'OPL': 0.019890868987214618, 'ACP': 0.018191708094845237, 'TPE': 0.015195200458239114, 'JSW': 0.0077103432946195385, 'MRC': 0.004613382120980255}"
695,2021-08-31,135167.86934978288,1.4551915228366852e-11,"{'PKO': 0.14552084090297043, 'KGH': 0.1238666917444291, 'ALE': 0.1017092062460727, 'PKN': 0.10074527975241411, 'PZU': 0.09236702730198898, 'PEO': 0.07417531920714375, 'DNP': 0.06088980460718393, 'CDR': 0.056331992527966696, 'LPP': 0.04949687739111479, 'SPL': 0.03915016307669948, 'CPS': 0.03587046195803179, 'PGE': 0.033434998012302354, 'CCC': 0.020839834315783175, 'OPL': 0.019890868987214618, 'ACP': 0.018191708094845237, 'TPE': 0.015195200458239114, 'JSW': 0.0077103432946195385, 'MRC': 0.004613382120980255}"
696,2021-09-01,135379.23277137132,1.4551915228366852e-11,"{'PKO': 0.14552084090297043, 'KGH': 0.1238666917444291, 'ALE': 0.1017092062460727, 'PKN': 0.10074527975241411, 'PZU': 0.09236702730198898, 'PEO': 0.07417531920714375, 'DNP': 0.06088980460718393, 'CDR': 0.056331992527966696, 'LPP': 0.04949687739111479, 'SPL': 0.03915016307669948, 'CPS': 0.03587046195803179, 'PGE': 0.033434998012302354, 'CCC': 0.020839834315783175, 'OPL': 0.019890868987214618, 'ACP': 0.018191708094845237, 'TPE': 0.015195200458239114, 'JSW': 0.0077103432946195385, 'MRC': 0.004613382120980255}"
697,2021-09-02,136619.67738817865,1.4551915228366852e-11,"{'PKO': 0.14552084090297043, 'KGH': 0.1238666917444291, 'ALE': 0.1017092062460727, 'PKN': 0.10074527975241411, 'PZU': 0.09236702730198898, 'PEO': 0.07417531920714375, 'DNP': 0.06088980460718393, 'CDR': 0.056331992527966696, 'LPP': 0.04949687739111479, 'SPL': 0.03915016307669948, 'CPS': 0.03587046195803179, 'PGE': 0.033434998012302354, 'CCC': 0.020839834315783175, 'OPL': 0.019890868987214618, 'ACP': 0.018191708094845237, 'TPE': 0.015195200458239114, 'JSW': 0.0077103432946195385, 'MRC': 0.004613382120980255}"
698,2021-09-03,136004.8464885782,1.4551915228366852e-11,"{'PKO': 0.14552084090297043, 'KGH': 0.1238666917444291, 'ALE': 0.1017092062460727, 'PKN': 0.10074527975241411, 'PZU': 0.09236702730198898, 'PEO': 0.07417531920714375, 'DNP': 0.06088980460718393, 'CDR': 0.056331992527966696, 'LPP': 0.04949687739111479, 'SPL': 0.03915016307669948, 'CPS': 0.03587046195803179, 'PGE': 0.033434998012302354, 'CCC': 0.020839834315783175, 'OPL': 0.019890868987214618, 'ACP': 0.018191708094845237, 'TPE': 0.015195200458239114, 'JSW': 0.0077103432946195385, 'MRC': 0.004613382120980255}"
699,2021-09-06,138060.01348384365,1.4551915228366852e-11,"{'PKO': 0.14552084090297043, 'KGH': 0.1238666917444291, 'ALE': 0.1017092062460727, 'PKN': 0.10074527975241411, 'PZU': 0.09236702730198898, 'PEO': 0.07417531920714375, 'DNP': 0.06088980460718393, 'CDR': 0.056331992527966696, 'LPP': 0.04949687739111479, 'SPL': 0.03915016307669948, 'CPS': 0.03587046195803179, 'PGE': 0.033434998012302354, 'CCC': 0.020839834315783175, 'OPL': 0.019890868987214618, 'ACP': 0.018191708094845237, 'TPE': 0.015195200458239114, 'JSW': 0.0077103432946195385, 'MRC': 0.004613382120980255}"
700,2021-09-07,136741.03634508944,1.4551915228366852e-11,"{'PKO': 0.14552084090297043, 'KGH': 0.1238666917444291, 'ALE': 0.1017092062460727, 'PKN': 0.10074527975241411, 'PZU': 0.09236702730198898, 'PEO': 0.07417531920714375, 'DNP': 0.06088980460718393, 'CDR': 0.056331992527966696, 'LPP': 0.04949687739111479, 'SPL': 0.03915016307669948, 'CPS': 0.03587046195803179, 'PGE': 0.033434998012302354, 'CCC': 0.020839834315783175, 'OPL': 0.019890868987214618, 'ACP': 0.018191708094845237, 'TPE': 0.015195200458239114, 'JSW': 0.0077103432946195385, 'MRC': 0.004613382120980255}"
701,2021-09-08,134994.5524462809,1.4551915228366852e-11,"{'PKO': 0.14552084090297043, 'KGH': 0.1238666917444291, 'ALE': 0.1017092062460727, 'PKN': 0.10074527975241411, 'PZU': 0.09236702730198898, 'PEO': 0.07417531920714375, 'DNP': 0.06088980460718393, 'CDR': 0.056331992527966696, 'LPP': 0.04949687739111479, 'SPL': 0.03915016307669948, 'CPS': 0.03587046195803179, 'PGE': 0.033434998012302354, 'CCC': 0.020839834315783175, 'OPL': 0.019890868987214618, 'ACP': 0.018191708094845237, 'TPE': 0.015195200458239114, 'JSW': 0.0077103432946195385, 'MRC': 0.004613382120980255}"
702,2021-09-09,134802.94424330507,1.4551915228366852e-11,"{'PKO': 0.14552084090297043, 'KGH': 0.1238666917444291, 'ALE': 0.1017092062460727, 'PKN': 0.10074527975241411, 'PZU': 0.09236702730198898, 'PEO': 0.07417531920714375, 'DNP': 0.06088980460718393, 'CDR': 0.056331992527966696, 'LPP': 0.04949687739111479, 'SPL': 0.03915016307669948, 'CPS': 0.03587046195803179, 'PGE': 0.033434998012302354, 'CCC': 0.020839834315783175, 'OPL': 0.019890868987214618, 'ACP': 0.018191708094845237, 'TPE': 0.015195200458239114, 'JSW': 0.0077103432946195385, 'MRC': 0.004613382120980255}"
703,2021-09-10,135084.44613865693,1.4551915228366852e-11,"{'PKO': 0.14552084090297043, 'KGH': 0.1238666917444291, 'ALE': 0.1017092062460727, 'PKN': 0.10074527975241411, 'PZU': 0.09236702730198898, 'PEO': 0.07417531920714375, 'DNP': 0.06088980460718393, 'CDR': 0.056331992527966696, 'LPP': 0.04949687739111479, 'SPL': 0.03915016307669948, 'CPS': 0.03587046195803179, 'PGE': 0.033434998012302354, 'CCC': 0.020839834315783175, 'OPL': 0.019890868987214618, 'ACP': 0.018191708094845237, 'TPE': 0.015195200458239114, 'JSW': 0.0077103432946195385, 'MRC': 0.004613382120980255}"
704,2021-09-13,136554.46042066911,1.4551915228366852e-11,"{'PKO': 0.14552084090297043, 'KGH': 0.1238666917444291, 'ALE': 0.1017092062460727, 'PKN': 0.10074527975241411, 'PZU': 0.09236702730198898, 'PEO': 0.07417531920714375, 'DNP': 0.06088980460718393, 'CDR': 0.056331992527966696, 'LPP': 0.04949687739111479, 'SPL': 0.03915016307669948, 'CPS': 0.03587046195803179, 'PGE': 0.033434998012302354, 'CCC': 0.020839834315783175, 'OPL': 0.019890868987214618, 'ACP': 0.018191708094845237, 'TPE': 0.015195200458239114, 'JSW': 0.0077103432946195385, 'MRC': 0.004613382120980255}"
705,2021-09-14,137025.18388192746,1.4551915228366852e-11,"{'PKO': 0.14552084090297043, 'KGH': 0.1238666917444291, 'ALE': 0.1017092062460727, 'PKN': 0.10074527975241411, 'PZU': 0.09236702730198898, 'PEO': 0.07417531920714375, 'DNP': 0.06088980460718393, 'CDR': 0.056331992527966696, 'LPP': 0.04949687739111479, 'SPL': 0.03915016307669948, 'CPS': 0.03587046195803179, 'PGE': 0.033434998012302354, 'CCC': 0.020839834315783175, 'OPL': 0.019890868987214618, 'ACP': 0.018191708094845237, 'TPE': 0.015195200458239114, 'JSW': 0.0077103432946195385, 'MRC': 0.004613382120980255}"
706,2021-09-15,135827.89313472674,1.4551915228366852e-11,"{'PKO': 0.14552084090297043, 'KGH': 0.1238666917444291, 'ALE': 0.1017092062460727, 'PKN': 0.10074527975241411, 'PZU': 0.09236702730198898, 'PEO': 0.07417531920714375, 'DNP': 0.06088980460718393, 'CDR': 0.056331992527966696, 'LPP': 0.04949687739111479, 'SPL': 0.03915016307669948, 'CPS': 0.03587046195803179, 'PGE': 0.033434998012302354, 'CCC': 0.020839834315783175, 'OPL': 0.019890868987214618, 'ACP': 0.018191708094845237, 'TPE': 0.015195200458239114, 'JSW': 0.0077103432946195385, 'MRC': 0.004613382120980255}"
707,2021-09-16,135856.93494603527,1.4551915228366852e-11,"{'PKO': 0.14552084090297043, 'KGH': 0.1238666917444291, 'ALE': 0.1017092062460727, 'PKN': 0.10074527975241411, 'PZU': 0.09236702730198898, 'PEO': 0.07417531920714375, 'DNP': 0.06088980460718393, 'CDR': 0.056331992527966696, 'LPP': 0.04949687739111479, 'SPL': 0.03915016307669948, 'CPS': 0.03587046195803179, 'PGE': 0.033434998012302354, 'CCC': 0.020839834315783175, 'OPL': 0.019890868987214618, 'ACP': 0.018191708094845237, 'TPE': 0.015195200458239114, 'JSW': 0.0077103432946195385, 'MRC': 0.004613382120980255}"
708,2021-09-17,134499.27982213057,0.0,"{'PKO': 0.14480890042869232, 'ALE': 0.1091534658847455, 'KGH': 0.10225836227166431, 'PZU': 0.09860669663889014, 'PKN': 0.0898175446225866, 'PEO': 0.07838930209059457, 'DNP': 0.06680757448822322, 'LPP': 0.05908855449039759, 'CDR': 0.050889893647636644, 'CPS': 0.04077799876785596, 'SPL': 0.03924314806406296, 'PGE': 0.03206665515528639, 'OPL': 0.0230248922939836, 'ACP': 0.019580005158803752, 'CCC': 0.01884988520595778, 'TPE': 0.015709836474447934, 'JSW': 0.007834133800610103, 'MRC': 0.003093150515560615}"
709,2021-09-20,131165.77987690066,0.0,"{'PKO': 0.14480890042869232, 'ALE': 0.1091534658847455, 'KGH': 0.10225836227166431, 'PZU': 0.09860669663889014, 'PKN': 0.0898175446225866, 'PEO': 0.07838930209059457, 'DNP': 0.06680757448822322, 'LPP': 0.05908855449039759, 'CDR': 0.050889893647636644, 'CPS': 0.04077799876785596, 'SPL': 0.03924314806406296, 'PGE': 0.03206665515528639, 'OPL': 0.0230248922939836, 'ACP': 0.019580005158803752, 'CCC': 0.01884988520595778, 'TPE': 0.015709836474447934, 'JSW': 0.007834133800610103, 'MRC': 0.003093150515560615}"
710,2021-09-21,131296.86235917237,0.0,"{'PKO': 0.14480890042869232, 'ALE': 0.1091534658847455, 'KGH': 0.10225836227166431, 'PZU': 0.09860669663889014, 'PKN': 0.0898175446225866, 'PEO': 0.07838930209059457, 'DNP': 0.06680757448822322, 'LPP': 0.05908855449039759, 'CDR': 0.050889893647636644, 'CPS': 0.04077799876785596, 'SPL': 0.03924314806406296, 'PGE': 0.03206665515528639, 'OPL': 0.0230248922939836, 'ACP': 0.019580005158803752, 'CCC': 0.01884988520595778, 'TPE': 0.015709836474447934, 'JSW': 0.007834133800610103, 'MRC': 0.003093150515560615}"
711,2021-09-22,134517.93320281402,0.0,"{'PKO': 0.14480890042869232, 'ALE': 0.1091534658847455, 'KGH': 0.10225836227166431, 'PZU': 0.09860669663889014, 'PKN': 0.0898175446225866, 'PEO': 0.07838930209059457, 'DNP': 0.06680757448822322, 'LPP': 0.05908855449039759, 'CDR': 0.050889893647636644, 'CPS': 0.04077799876785596, 'SPL': 0.03924314806406296, 'PGE': 0.03206665515528639, 'OPL': 0.0230248922939836, 'ACP': 0.019580005158803752, 'CCC': 0.01884988520595778, 'TPE': 0.015709836474447934, 'JSW': 0.007834133800610103, 'MRC': 0.003093150515560615}"
712,2021-09-23,133763.0145055018,0.0,"{'PKO': 0.14480890042869232, 'ALE': 0.1091534658847455, 'KGH': 0.10225836227166431, 'PZU': 0.09860669663889014, 'PKN': 0.0898175446225866, 'PEO': 0.07838930209059457, 'DNP': 0.06680757448822322, 'LPP': 0.05908855449039759, 'CDR': 0.050889893647636644, 'CPS': 0.04077799876785596, 'SPL': 0.03924314806406296, 'PGE': 0.03206665515528639, 'OPL': 0.0230248922939836, 'ACP': 0.019580005158803752, 'CCC': 0.01884988520595778, 'TPE': 0.015709836474447934, 'JSW': 0.007834133800610103, 'MRC': 0.003093150515560615}"
713,2021-09-24,132434.3511870854,0.0,"{'PKO': 0.14480890042869232, 'ALE': 0.1091534658847455, 'KGH': 0.10225836227166431, 'PZU': 0.09860669663889014, 'PKN': 0.0898175446225866, 'PEO': 0.07838930209059457, 'DNP': 0.06680757448822322, 'LPP': 0.05908855449039759, 'CDR': 0.050889893647636644, 'CPS': 0.04077799876785596, 'SPL': 0.03924314806406296, 'PGE': 0.03206665515528639, 'OPL': 0.0230248922939836, 'ACP': 0.019580005158803752, 'CCC': 0.01884988520595778, 'TPE': 0.015709836474447934, 'JSW': 0.007834133800610103, 'MRC': 0.003093150515560615}"
714,2021-09-27,132094.32074658916,0.0,"{'PKO': 0.14480890042869232, 'ALE': 0.1091534658847455, 'KGH': 0.10225836227166431, 'PZU': 0.09860669663889014, 'PKN': 0.0898175446225866, 'PEO': 0.07838930209059457, 'DNP': 0.06680757448822322, 'LPP': 0.05908855449039759, 'CDR': 0.050889893647636644, 'CPS': 0.04077799876785596, 'SPL': 0.03924314806406296, 'PGE': 0.03206665515528639, 'OPL': 0.0230248922939836, 'ACP': 0.019580005158803752, 'CCC': 0.01884988520595778, 'TPE': 0.015709836474447934, 'JSW': 0.007834133800610103, 'MRC': 0.003093150515560615}"
715,2021-09-28,131029.98645229207,0.0,"{'PKO': 0.14480890042869232, 'ALE': 0.1091534658847455, 'KGH': 0.10225836227166431, 'PZU': 0.09860669663889014, 'PKN': 0.0898175446225866, 'PEO': 0.07838930209059457, 'DNP': 0.06680757448822322, 'LPP': 0.05908855449039759, 'CDR': 0.050889893647636644, 'CPS': 0.04077799876785596, 'SPL': 0.03924314806406296, 'PGE': 0.03206665515528639, 'OPL': 0.0230248922939836, 'ACP': 0.019580005158803752, 'CCC': 0.01884988520595778, 'TPE': 0.015709836474447934, 'JSW': 0.007834133800610103, 'MRC': 0.003093150515560615}"
716,2021-09-29,131892.31126152238,0.0,"{'PKO': 0.14480890042869232, 'ALE': 0.1091534658847455, 'KGH': 0.10225836227166431, 'PZU': 0.09860669663889014, 'PKN': 0.0898175446225866, 'PEO': 0.07838930209059457, 'DNP': 0.06680757448822322, 'LPP': 0.05908855449039759, 'CDR': 0.050889893647636644, 'CPS': 0.04077799876785596, 'SPL': 0.03924314806406296, 'PGE': 0.03206665515528639, 'OPL': 0.0230248922939836, 'ACP': 0.019580005158803752, 'CCC': 0.01884988520595778, 'TPE': 0.015709836474447934, 'JSW': 0.007834133800610103, 'MRC': 0.003093150515560615}"
717,2021-09-30,132748.18626293945,0.0,"{'PKO': 0.14480890042869232, 'ALE': 0.1091534658847455, 'KGH': 0.10225836227166431, 'PZU': 0.09860669663889014, 'PKN': 0.0898175446225866, 'PEO': 0.07838930209059457, 'DNP': 0.06680757448822322, 'LPP': 0.05908855449039759, 'CDR': 0.050889893647636644, 'CPS': 0.04077799876785596, 'SPL': 0.03924314806406296, 'PGE': 0.03206665515528639, 'OPL': 0.0230248922939836, 'ACP': 0.019580005158803752, 'CCC': 0.01884988520595778, 'TPE': 0.015709836474447934, 'JSW': 0.007834133800610103, 'MRC': 0.003093150515560615}"
718,2021-10-01,133930.22903838725,0.0,"{'PKO': 0.14480890042869232, 'ALE': 0.1091534658847455, 'KGH': 0.10225836227166431, 'PZU': 0.09860669663889014, 'PKN': 0.0898175446225866, 'PEO': 0.07838930209059457, 'DNP': 0.06680757448822322, 'LPP': 0.05908855449039759, 'CDR': 0.050889893647636644, 'CPS': 0.04077799876785596, 'SPL': 0.03924314806406296, 'PGE': 0.03206665515528639, 'OPL': 0.0230248922939836, 'ACP': 0.019580005158803752, 'CCC': 0.01884988520595778, 'TPE': 0.015709836474447934, 'JSW': 0.007834133800610103, 'MRC': 0.003093150515560615}"
719,2021-10-04,134394.36125333005,0.0,"{'PKO': 0.14480890042869232, 'ALE': 0.1091534658847455, 'KGH': 0.10225836227166431, 'PZU': 0.09860669663889014, 'PKN': 0.0898175446225866, 'PEO': 0.07838930209059457, 'DNP': 0.06680757448822322, 'LPP': 0.05908855449039759, 'CDR': 0.050889893647636644, 'CPS': 0.04077799876785596, 'SPL': 0.03924314806406296, 'PGE': 0.03206665515528639, 'OPL': 0.0230248922939836, 'ACP': 0.019580005158803752, 'CCC': 0.01884988520595778, 'TPE': 0.015709836474447934, 'JSW': 0.007834133800610103, 'MRC': 0.003093150515560615}"
720,2021-10-05,135845.17326454216,0.0,"{'PKO': 0.14480890042869232, 'ALE': 0.1091534658847455, 'KGH': 0.10225836227166431, 'PZU': 0.09860669663889014, 'PKN': 0.0898175446225866, 'PEO': 0.07838930209059457, 'DNP': 0.06680757448822322, 'LPP': 0.05908855449039759, 'CDR': 0.050889893647636644, 'CPS': 0.04077799876785596, 'SPL': 0.03924314806406296, 'PGE': 0.03206665515528639, 'OPL': 0.0230248922939836, 'ACP': 0.019580005158803752, 'CCC': 0.01884988520595778, 'TPE': 0.015709836474447934, 'JSW': 0.007834133800610103, 'MRC': 0.003093150515560615}"
721,2021-10-06,135033.50968086455,0.0,"{'PKO': 0.14480890042869232, 'ALE': 0.1091534658847455, 'KGH': 0.10225836227166431, 'PZU': 0.09860669663889014, 'PKN': 0.0898175446225866, 'PEO': 0.07838930209059457, 'DNP': 0.06680757448822322, 'LPP': 0.05908855449039759, 'CDR': 0.050889893647636644, 'CPS': 0.04077799876785596, 'SPL': 0.03924314806406296, 'PGE': 0.03206665515528639, 'OPL': 0.0230248922939836, 'ACP': 0.019580005158803752, 'CCC': 0.01884988520595778, 'TPE': 0.015709836474447934, 'JSW': 0.007834133800610103, 'MRC': 0.003093150515560615}"
722,2021-10-07,135800.90957045177,0.0,"{'PKO': 0.14480890042869232, 'ALE': 0.1091534658847455, 'KGH': 0.10225836227166431, 'PZU': 0.09860669663889014, 'PKN': 0.0898175446225866, 'PEO': 0.07838930209059457, 'DNP': 0.06680757448822322, 'LPP': 0.05908855449039759, 'CDR': 0.050889893647636644, 'CPS': 0.04077799876785596, 'SPL': 0.03924314806406296, 'PGE': 0.03206665515528639, 'OPL': 0.0230248922939836, 'ACP': 0.019580005158803752, 'CCC': 0.01884988520595778, 'TPE': 0.015709836474447934, 'JSW': 0.007834133800610103, 'MRC': 0.003093150515560615}"
723,2021-10-08,138808.70705156293,0.0,"{'PKO': 0.14480890042869232, 'ALE': 0.1091534658847455, 'KGH': 0.10225836227166431, 'PZU': 0.09860669663889014, 'PKN': 0.0898175446225866, 'PEO': 0.07838930209059457, 'DNP': 0.06680757448822322, 'LPP': 0.05908855449039759, 'CDR': 0.050889893647636644, 'CPS': 0.04077799876785596, 'SPL': 0.03924314806406296, 'PGE': 0.03206665515528639, 'OPL': 0.0230248922939836, 'ACP': 0.019580005158803752, 'CCC': 0.01884988520595778, 'TPE': 0.015709836474447934, 'JSW': 0.007834133800610103, 'MRC': 0.003093150515560615}"
724,2021-10-11,141537.12319958917,0.0,"{'PKO': 0.14480890042869232, 'ALE': 0.1091534658847455, 'KGH': 0.10225836227166431, 'PZU': 0.09860669663889014, 'PKN': 0.0898175446225866, 'PEO': 0.07838930209059457, 'DNP': 0.06680757448822322, 'LPP': 0.05908855449039759, 'CDR': 0.050889893647636644, 'CPS': 0.04077799876785596, 'SPL': 0.03924314806406296, 'PGE': 0.03206665515528639, 'OPL': 0.0230248922939836, 'ACP': 0.019580005158803752, 'CCC': 0.01884988520595778, 'TPE': 0.015709836474447934, 'JSW': 0.007834133800610103, 'MRC': 0.003093150515560615}"
725,2021-10-12,142177.88296835413,0.0,"{'PKO': 0.14480890042869232, 'ALE': 0.1091534658847455, 'KGH': 0.10225836227166431, 'PZU': 0.09860669663889014, 'PKN': 0.0898175446225866, 'PEO': 0.07838930209059457, 'DNP': 0.06680757448822322, 'LPP': 0.05908855449039759, 'CDR': 0.050889893647636644, 'CPS': 0.04077799876785596, 'SPL': 0.03924314806406296, 'PGE': 0.03206665515528639, 'OPL': 0.0230248922939836, 'ACP': 0.019580005158803752, 'CCC': 0.01884988520595778, 'TPE': 0.015709836474447934, 'JSW': 0.007834133800610103, 'MRC': 0.003093150515560615}"
726,2021-10-13,141014.47347582103,0.0,"{'PKO': 0.14480890042869232, 'ALE': 0.1091534658847455, 'KGH': 0.10225836227166431, 'PZU': 0.09860669663889014, 'PKN': 0.0898175446225866, 'PEO': 0.07838930209059457, 'DNP': 0.06680757448822322, 'LPP': 0.05908855449039759, 'CDR': 0.050889893647636644, 'CPS': 0.04077799876785596, 'SPL': 0.03924314806406296, 'PGE': 0.03206665515528639, 'OPL': 0.0230248922939836, 'ACP': 0.019580005158803752, 'CCC': 0.01884988520595778, 'TPE': 0.015709836474447934, 'JSW': 0.007834133800610103, 'MRC': 0.003093150515560615}"
727,2021-10-14,141500.3691758134,0.0,"{'PKO': 0.14480890042869232, 'ALE': 0.1091534658847455, 'KGH': 0.10225836227166431, 'PZU': 0.09860669663889014, 'PKN': 0.0898175446225866, 'PEO': 0.07838930209059457, 'DNP': 0.06680757448822322, 'LPP': 0.05908855449039759, 'CDR': 0.050889893647636644, 'CPS': 0.04077799876785596, 'SPL': 0.03924314806406296, 'PGE': 0.03206665515528639, 'OPL': 0.0230248922939836, 'ACP': 0.019580005158803752, 'CCC': 0.01884988520595778, 'TPE': 0.015709836474447934, 'JSW': 0.007834133800610103, 'MRC': 0.003093150515560615}"
728,2021-10-15,141123.946387174,0.0,"{'PKO': 0.14480890042869232, 'ALE': 0.1091534658847455, 'KGH': 0.10225836227166431, 'PZU': 0.09860669663889014, 'PKN': 0.0898175446225866, 'PEO': 0.07838930209059457, 'DNP': 0.06680757448822322, 'LPP': 0.05908855449039759, 'CDR': 0.050889893647636644, 'CPS': 0.04077799876785596, 'SPL': 0.03924314806406296, 'PGE': 0.03206665515528639, 'OPL': 0.0230248922939836, 'ACP': 0.019580005158803752, 'CCC': 0.01884988520595778, 'TPE': 0.015709836474447934, 'JSW': 0.007834133800610103, 'MRC': 0.003093150515560615}"
729,2021-10-18,141570.84144761603,0.0,"{'PKO': 0.14480890042869232, 'ALE': 0.1091534658847455, 'KGH': 0.10225836227166431, 'PZU': 0.09860669663889014, 'PKN': 0.0898175446225866, 'PEO': 0.07838930209059457, 'DNP': 0.06680757448822322, 'LPP': 0.05908855449039759, 'CDR': 0.050889893647636644, 'CPS': 0.04077799876785596, 'SPL': 0.03924314806406296, 'PGE': 0.03206665515528639, 'OPL': 0.0230248922939836, 'ACP': 0.019580005158803752, 'CCC': 0.01884988520595778, 'TPE': 0.015709836474447934, 'JSW': 0.007834133800610103, 'MRC': 0.003093150515560615}"
730,2021-10-19,140718.5950183392,0.0,"{'PKO': 0.14480890042869232, 'ALE': 0.1091534658847455, 'KGH': 0.10225836227166431, 'PZU': 0.09860669663889014, 'PKN': 0.0898175446225866, 'PEO': 0.07838930209059457, 'DNP': 0.06680757448822322, 'LPP': 0.05908855449039759, 'CDR': 0.050889893647636644, 'CPS': 0.04077799876785596, 'SPL': 0.03924314806406296, 'PGE': 0.03206665515528639, 'OPL': 0.0230248922939836, 'ACP': 0.019580005158803752, 'CCC': 0.01884988520595778, 'TPE': 0.015709836474447934, 'JSW': 0.007834133800610103, 'MRC': 0.003093150515560615}"
731,2021-10-20,140636.5797285354,0.0,"{'PKO': 0.14480890042869232, 'ALE': 0.1091534658847455, 'KGH': 0.10225836227166431, 'PZU': 0.09860669663889014, 'PKN': 0.0898175446225866, 'PEO': 0.07838930209059457, 'DNP': 0.06680757448822322, 'LPP': 0.05908855449039759, 'CDR': 0.050889893647636644, 'CPS': 0.04077799876785596, 'SPL': 0.03924314806406296, 'PGE': 0.03206665515528639, 'OPL': 0.0230248922939836, 'ACP': 0.019580005158803752, 'CCC': 0.01884988520595778, 'TPE': 0.015709836474447934, 'JSW': 0.007834133800610103, 'MRC': 0.003093150515560615}"
732,2021-10-21,139778.90928716038,0.0,"{'PKO': 0.14480890042869232, 'ALE': 0.1091534658847455, 'KGH': 0.10225836227166431, 'PZU': 0.09860669663889014, 'PKN': 0.0898175446225866, 'PEO': 0.07838930209059457, 'DNP': 0.06680757448822322, 'LPP': 0.05908855449039759, 'CDR': 0.050889893647636644, 'CPS': 0.04077799876785596, 'SPL': 0.03924314806406296, 'PGE': 0.03206665515528639, 'OPL': 0.0230248922939836, 'ACP': 0.019580005158803752, 'CCC': 0.01884988520595778, 'TPE': 0.015709836474447934, 'JSW': 0.007834133800610103, 'MRC': 0.003093150515560615}"
733,2021-10-22,139221.7698976817,0.0,"{'PKO': 0.14480890042869232, 'ALE': 0.1091534658847455, 'KGH': 0.10225836227166431, 'PZU': 0.09860669663889014, 'PKN': 0.0898175446225866, 'PEO': 0.07838930209059457, 'DNP': 0.06680757448822322, 'LPP': 0.05908855449039759, 'CDR': 0.050889893647636644, 'CPS': 0.04077799876785596, 'SPL': 0.03924314806406296, 'PGE': 0.03206665515528639, 'OPL': 0.0230248922939836, 'ACP': 0.019580005158803752, 'CCC': 0.01884988520595778, 'TPE': 0.015709836474447934, 'JSW': 0.007834133800610103, 'MRC': 0.003093150515560615}"
734,2021-10-25,139687.9162901933,0.0,"{'PKO': 0.14480890042869232, 'ALE': 0.1091534658847455, 'KGH': 0.10225836227166431, 'PZU': 0.09860669663889014, 'PKN': 0.0898175446225866, 'PEO': 0.07838930209059457, 'DNP': 0.06680757448822322, 'LPP': 0.05908855449039759, 'CDR': 0.050889893647636644, 'CPS': 0.04077799876785596, 'SPL': 0.03924314806406296, 'PGE': 0.03206665515528639, 'OPL': 0.0230248922939836, 'ACP': 0.019580005158803752, 'CCC': 0.01884988520595778, 'TPE': 0.015709836474447934, 'JSW': 0.007834133800610103, 'MRC': 0.003093150515560615}"
735,2021-10-26,139657.06636685767,0.0,"{'PKO': 0.14480890042869232, 'ALE': 0.1091534658847455, 'KGH': 0.10225836227166431, 'PZU': 0.09860669663889014, 'PKN': 0.0898175446225866, 'PEO': 0.07838930209059457, 'DNP': 0.06680757448822322, 'LPP': 0.05908855449039759, 'CDR': 0.050889893647636644, 'CPS': 0.04077799876785596, 'SPL': 0.03924314806406296, 'PGE': 0.03206665515528639, 'OPL': 0.0230248922939836, 'ACP': 0.019580005158803752, 'CCC': 0.01884988520595778, 'TPE': 0.015709836474447934, 'JSW': 0.007834133800610103, 'MRC': 0.003093150515560615}"
736,2021-10-27,138427.13703718677,0.0,"{'PKO': 0.14480890042869232, 'ALE': 0.1091534658847455, 'KGH': 0.10225836227166431, 'PZU': 0.09860669663889014, 'PKN': 0.0898175446225866, 'PEO': 0.07838930209059457, 'DNP': 0.06680757448822322, 'LPP': 0.05908855449039759, 'CDR': 0.050889893647636644, 'CPS': 0.04077799876785596, 'SPL': 0.03924314806406296, 'PGE': 0.03206665515528639, 'OPL': 0.0230248922939836, 'ACP': 0.019580005158803752, 'CCC': 0.01884988520595778, 'TPE': 0.015709836474447934, 'JSW': 0.007834133800610103, 'MRC': 0.003093150515560615}"
737,2021-10-28,137862.3509970864,0.0,"{'PKO': 0.14480890042869232, 'ALE': 0.1091534658847455, 'KGH': 0.10225836227166431, 'PZU': 0.09860669663889014, 'PKN': 0.0898175446225866, 'PEO': 0.07838930209059457, 'DNP': 0.06680757448822322, 'LPP': 0.05908855449039759, 'CDR': 0.050889893647636644, 'CPS': 0.04077799876785596, 'SPL': 0.03924314806406296, 'PGE': 0.03206665515528639, 'OPL': 0.0230248922939836, 'ACP': 0.019580005158803752, 'CCC': 0.01884988520595778, 'TPE': 0.015709836474447934, 'JSW': 0.007834133800610103, 'MRC': 0.003093150515560615}"
738,2021-10-29,138743.66190451963,0.0,"{'PKO': 0.14480890042869232, 'ALE': 0.1091534658847455, 'KGH': 0.10225836227166431, 'PZU': 0.09860669663889014, 'PKN': 0.0898175446225866, 'PEO': 0.07838930209059457, 'DNP': 0.06680757448822322, 'LPP': 0.05908855449039759, 'CDR': 0.050889893647636644, 'CPS': 0.04077799876785596, 'SPL': 0.03924314806406296, 'PGE': 0.03206665515528639, 'OPL': 0.0230248922939836, 'ACP': 0.019580005158803752, 'CCC': 0.01884988520595778, 'TPE': 0.015709836474447934, 'JSW': 0.007834133800610103, 'MRC': 0.003093150515560615}"
739,2021-11-01,138743.66190451963,0.0,"{'PKO': 0.14480890042869232, 'ALE': 0.1091534658847455, 'KGH': 0.10225836227166431, 'PZU': 0.09860669663889014, 'PKN': 0.0898175446225866, 'PEO': 0.07838930209059457, 'DNP': 0.06680757448822322, 'LPP': 0.05908855449039759, 'CDR': 0.050889893647636644, 'CPS': 0.04077799876785596, 'SPL': 0.03924314806406296, 'PGE': 0.03206665515528639, 'OPL': 0.0230248922939836, 'ACP': 0.019580005158803752, 'CCC': 0.01884988520595778, 'TPE': 0.015709836474447934, 'JSW': 0.007834133800610103, 'MRC': 0.003093150515560615}"
740,2021-11-02,138686.87881566052,0.0,"{'PKO': 0.14480890042869232, 'ALE': 0.1091534658847455, 'KGH': 0.10225836227166431, 'PZU': 0.09860669663889014, 'PKN': 0.0898175446225866, 'PEO': 0.07838930209059457, 'DNP': 0.06680757448822322, 'LPP': 0.05908855449039759, 'CDR': 0.050889893647636644, 'CPS': 0.04077799876785596, 'SPL': 0.03924314806406296, 'PGE': 0.03206665515528639, 'OPL': 0.0230248922939836, 'ACP': 0.019580005158803752, 'CCC': 0.01884988520595778, 'TPE': 0.015709836474447934, 'JSW': 0.007834133800610103, 'MRC': 0.003093150515560615}"
741,2021-11-03,137015.84293228536,0.0,"{'PKO': 0.14480890042869232, 'ALE': 0.1091534658847455, 'KGH': 0.10225836227166431, 'PZU': 0.09860669663889014, 'PKN': 0.0898175446225866, 'PEO': 0.07838930209059457, 'DNP': 0.06680757448822322, 'LPP': 0.05908855449039759, 'CDR': 0.050889893647636644, 'CPS': 0.04077799876785596, 'SPL': 0.03924314806406296, 'PGE': 0.03206665515528639, 'OPL': 0.0230248922939836, 'ACP': 0.019580005158803752, 'CCC': 0.01884988520595778, 'TPE': 0.015709836474447934, 'JSW': 0.007834133800610103, 'MRC': 0.003093150515560615}"
742,2021-11-04,140249.47983983645,0.0,"{'PKO': 0.14480890042869232, 'ALE': 0.1091534658847455, 'KGH': 0.10225836227166431, 'PZU': 0.09860669663889014, 'PKN': 0.0898175446225866, 'PEO': 0.07838930209059457, 'DNP': 0.06680757448822322, 'LPP': 0.05908855449039759, 'CDR': 0.050889893647636644, 'CPS': 0.04077799876785596, 'SPL': 0.03924314806406296, 'PGE': 0.03206665515528639, 'OPL': 0.0230248922939836, 'ACP': 0.019580005158803752, 'CCC': 0.01884988520595778, 'TPE': 0.015709836474447934, 'JSW': 0.007834133800610103, 'MRC': 0.003093150515560615}"
743,2021-11-05,140390.29182095328,0.0,"{'PKO': 0.14480890042869232, 'ALE': 0.1091534658847455, 'KGH': 0.10225836227166431, 'PZU': 0.09860669663889014, 'PKN': 0.0898175446225866, 'PEO': 0.07838930209059457, 'DNP': 0.06680757448822322, 'LPP': 0.05908855449039759, 'CDR': 0.050889893647636644, 'CPS': 0.04077799876785596, 'SPL': 0.03924314806406296, 'PGE': 0.03206665515528639, 'OPL': 0.0230248922939836, 'ACP': 0.019580005158803752, 'CCC': 0.01884988520595778, 'TPE': 0.015709836474447934, 'JSW': 0.007834133800610103, 'MRC': 0.003093150515560615}"
744,2021-11-08,139484.73721388317,0.0,"{'PKO': 0.14480890042869232, 'ALE': 0.1091534658847455, 'KGH': 0.10225836227166431, 'PZU': 0.09860669663889014, 'PKN': 0.0898175446225866, 'PEO': 0.07838930209059457, 'DNP': 0.06680757448822322, 'LPP': 0.05908855449039759, 'CDR': 0.050889893647636644, 'CPS': 0.04077799876785596, 'SPL': 0.03924314806406296, 'PGE': 0.03206665515528639, 'OPL': 0.0230248922939836, 'ACP': 0.019580005158803752, 'CCC': 0.01884988520595778, 'TPE': 0.015709836474447934, 'JSW': 0.007834133800610103, 'MRC': 0.003093150515560615}"
745,2021-11-09,137619.03058822858,0.0,"{'PKO': 0.14480890042869232, 'ALE': 0.1091534658847455, 'KGH': 0.10225836227166431, 'PZU': 0.09860669663889014, 'PKN': 0.0898175446225866, 'PEO': 0.07838930209059457, 'DNP': 0.06680757448822322, 'LPP': 0.05908855449039759, 'CDR': 0.050889893647636644, 'CPS': 0.04077799876785596, 'SPL': 0.03924314806406296, 'PGE': 0.03206665515528639, 'OPL': 0.0230248922939836, 'ACP': 0.019580005158803752, 'CCC': 0.01884988520595778, 'TPE': 0.015709836474447934, 'JSW': 0.007834133800610103, 'MRC': 0.003093150515560615}"
746,2021-11-10,136016.79353353695,0.0,"{'PKO': 0.14480890042869232, 'ALE': 0.1091534658847455, 'KGH': 0.10225836227166431, 'PZU': 0.09860669663889014, 'PKN': 0.0898175446225866, 'PEO': 0.07838930209059457, 'DNP': 0.06680757448822322, 'LPP': 0.05908855449039759, 'CDR': 0.050889893647636644, 'CPS': 0.04077799876785596, 'SPL': 0.03924314806406296, 'PGE': 0.03206665515528639, 'OPL': 0.0230248922939836, 'ACP': 0.019580005158803752, 'CCC': 0.01884988520595778, 'TPE': 0.015709836474447934, 'JSW': 0.007834133800610103, 'MRC': 0.003093150515560615}"
747,2021-11-11,136016.79353353695,0.0,"{'PKO': 0.14480890042869232, 'ALE': 0.1091534658847455, 'KGH': 0.10225836227166431, 'PZU': 0.09860669663889014, 'PKN': 0.0898175446225866, 'PEO': 0.07838930209059457, 'DNP': 0.06680757448822322, 'LPP': 0.05908855449039759, 'CDR': 0.050889893647636644, 'CPS': 0.04077799876785596, 'SPL': 0.03924314806406296, 'PGE': 0.03206665515528639, 'OPL': 0.0230248922939836, 'ACP': 0.019580005158803752, 'CCC': 0.01884988520595778, 'TPE': 0.015709836474447934, 'JSW': 0.007834133800610103, 'MRC': 0.003093150515560615}"
748,2021-11-12,135480.27349846912,0.0,"{'PKO': 0.14480890042869232, 'ALE': 0.1091534658847455, 'KGH': 0.10225836227166431, 'PZU': 0.09860669663889014, 'PKN': 0.0898175446225866, 'PEO': 0.07838930209059457, 'DNP': 0.06680757448822322, 'LPP': 0.05908855449039759, 'CDR': 0.050889893647636644, 'CPS': 0.04077799876785596, 'SPL': 0.03924314806406296, 'PGE': 0.03206665515528639, 'OPL': 0.0230248922939836, 'ACP': 0.019580005158803752, 'CCC': 0.01884988520595778, 'TPE': 0.015709836474447934, 'JSW': 0.007834133800610103, 'MRC': 0.003093150515560615}"
749,2021-11-15,134308.01080434184,0.0,"{'PKO': 0.14480890042869232, 'ALE': 0.1091534658847455, 'KGH': 0.10225836227166431, 'PZU': 0.09860669663889014, 'PKN': 0.0898175446225866, 'PEO': 0.07838930209059457, 'DNP': 0.06680757448822322, 'LPP': 0.05908855449039759, 'CDR': 0.050889893647636644, 'CPS': 0.04077799876785596, 'SPL': 0.03924314806406296, 'PGE': 0.03206665515528639, 'OPL': 0.0230248922939836, 'ACP': 0.019580005158803752, 'CCC': 0.01884988520595778, 'TPE': 0.015709836474447934, 'JSW': 0.007834133800610103, 'MRC': 0.003093150515560615}"
750,2021-11-16,134706.2896245044,0.0,"{'PKO': 0.14480890042869232, 'ALE': 0.1091534658847455, 'KGH': 0.10225836227166431, 'PZU': 0.09860669663889014, 'PKN': 0.0898175446225866, 'PEO': 0.07838930209059457, 'DNP': 0.06680757448822322, 'LPP': 0.05908855449039759, 'CDR': 0.050889893647636644, 'CPS': 0.04077799876785596, 'SPL': 0.03924314806406296, 'PGE': 0.03206665515528639, 'OPL': 0.0230248922939836, 'ACP': 0.019580005158803752, 'CCC': 0.01884988520595778, 'TPE': 0.015709836474447934, 'JSW': 0.007834133800610103, 'MRC': 0.003093150515560615}"
751,2021-11-17,133487.92487044446,0.0,"{'PKO': 0.14480890042869232, 'ALE': 0.1091534658847455, 'KGH': 0.10225836227166431, 'PZU': 0.09860669663889014, 'PKN': 0.0898175446225866, 'PEO': 0.07838930209059457, 'DNP': 0.06680757448822322, 'LPP': 0.05908855449039759, 'CDR': 0.050889893647636644, 'CPS': 0.04077799876785596, 'SPL': 0.03924314806406296, 'PGE': 0.03206665515528639, 'OPL': 0.0230248922939836, 'ACP': 0.019580005158803752, 'CCC': 0.01884988520595778, 'TPE': 0.015709836474447934, 'JSW': 0.007834133800610103, 'MRC': 0.003093150515560615}"
752,2021-11-18,131002.46028003067,0.0,"{'PKO': 0.14480890042869232, 'ALE': 0.1091534658847455, 'KGH': 0.10225836227166431, 'PZU': 0.09860669663889014, 'PKN': 0.0898175446225866, 'PEO': 0.07838930209059457, 'DNP': 0.06680757448822322, 'LPP': 0.05908855449039759, 'CDR': 0.050889893647636644, 'CPS': 0.04077799876785596, 'SPL': 0.03924314806406296, 'PGE': 0.03206665515528639, 'OPL': 0.0230248922939836, 'ACP': 0.019580005158803752, 'CCC': 0.01884988520595778, 'TPE': 0.015709836474447934, 'JSW': 0.007834133800610103, 'MRC': 0.003093150515560615}"
753,2021-11-19,129362.89124884788,0.0,"{'PKO': 0.14480890042869232, 'ALE': 0.1091534658847455, 'KGH': 0.10225836227166431, 'PZU': 0.09860669663889014, 'PKN': 0.0898175446225866, 'PEO': 0.07838930209059457, 'DNP': 0.06680757448822322, 'LPP': 0.05908855449039759, 'CDR': 0.050889893647636644, 'CPS': 0.04077799876785596, 'SPL': 0.03924314806406296, 'PGE': 0.03206665515528639, 'OPL': 0.0230248922939836, 'ACP': 0.019580005158803752, 'CCC': 0.01884988520595778, 'TPE': 0.015709836474447934, 'JSW': 0.007834133800610103, 'MRC': 0.003093150515560615}"
754,2021-11-22,129306.73149811634,0.0,"{'PKO': 0.14480890042869232, 'ALE': 0.1091534658847455, 'KGH': 0.10225836227166431, 'PZU': 0.09860669663889014, 'PKN': 0.0898175446225866, 'PEO': 0.07838930209059457, 'DNP': 0.06680757448822322, 'LPP': 0.05908855449039759, 'CDR': 0.050889893647636644, 'CPS': 0.04077799876785596, 'SPL': 0.03924314806406296, 'PGE': 0.03206665515528639, 'OPL': 0.0230248922939836, 'ACP': 0.019580005158803752, 'CCC': 0.01884988520595778, 'TPE': 0.015709836474447934, 'JSW': 0.007834133800610103, 'MRC': 0.003093150515560615}"
755,2021-11-23,130041.39753470811,0.0,"{'PKO': 0.14480890042869232, 'ALE': 0.1091534658847455, 'KGH': 0.10225836227166431, 'PZU': 0.09860669663889014, 'PKN': 0.0898175446225866, 'PEO': 0.07838930209059457, 'DNP': 0.06680757448822322, 'LPP': 0.05908855449039759, 'CDR': 0.050889893647636644, 'CPS': 0.04077799876785596, 'SPL': 0.03924314806406296, 'PGE': 0.03206665515528639, 'OPL': 0.0230248922939836, 'ACP': 0.019580005158803752, 'CCC': 0.01884988520595778, 'TPE': 0.015709836474447934, 'JSW': 0.007834133800610103, 'MRC': 0.003093150515560615}"
756,2021-11-24,128637.7827610274,0.0,"{'PKO': 0.14480890042869232, 'ALE': 0.1091534658847455, 'KGH': 0.10225836227166431, 'PZU': 0.09860669663889014, 'PKN': 0.0898175446225866, 'PEO': 0.07838930209059457, 'DNP': 0.06680757448822322, 'LPP': 0.05908855449039759, 'CDR': 0.050889893647636644, 'CPS': 0.04077799876785596, 'SPL': 0.03924314806406296, 'PGE': 0.03206665515528639, 'OPL': 0.0230248922939836, 'ACP': 0.019580005158803752, 'CCC': 0.01884988520595778, 'TPE': 0.015709836474447934, 'JSW': 0.007834133800610103, 'MRC': 0.003093150515560615}"
757,2021-11-25,128074.31130843557,0.0,"{'PKO': 0.14480890042869232, 'ALE': 0.1091534658847455, 'KGH': 0.10225836227166431, 'PZU': 0.09860669663889014, 'PKN': 0.0898175446225866, 'PEO': 0.07838930209059457, 'DNP': 0.06680757448822322, 'LPP': 0.05908855449039759, 'CDR': 0.050889893647636644, 'CPS': 0.04077799876785596, 'SPL': 0.03924314806406296, 'PGE': 0.03206665515528639, 'OPL': 0.0230248922939836, 'ACP': 0.019580005158803752, 'CCC': 0.01884988520595778, 'TPE': 0.015709836474447934, 'JSW': 0.007834133800610103, 'MRC': 0.003093150515560615}"
758,2021-11-26,123388.64350125525,0.0,"{'PKO': 0.14480890042869232, 'ALE': 0.1091534658847455, 'KGH': 0.10225836227166431, 'PZU': 0.09860669663889014, 'PKN': 0.0898175446225866, 'PEO': 0.07838930209059457, 'DNP': 0.06680757448822322, 'LPP': 0.05908855449039759, 'CDR': 0.050889893647636644, 'CPS': 0.04077799876785596, 'SPL': 0.03924314806406296, 'PGE': 0.03206665515528639, 'OPL': 0.0230248922939836, 'ACP': 0.019580005158803752, 'CCC': 0.01884988520595778, 'TPE': 0.015709836474447934, 'JSW': 0.007834133800610103, 'MRC': 0.003093150515560615}"
759,2021-11-29,123964.92553677768,0.0,"{'PKO': 0.14480890042869232, 'ALE': 0.1091534658847455, 'KGH': 0.10225836227166431, 'PZU': 0.09860669663889014, 'PKN': 0.0898175446225866, 'PEO': 0.07838930209059457, 'DNP': 0.06680757448822322, 'LPP': 0.05908855449039759, 'CDR': 0.050889893647636644, 'CPS': 0.04077799876785596, 'SPL': 0.03924314806406296, 'PGE': 0.03206665515528639, 'OPL': 0.0230248922939836, 'ACP': 0.019580005158803752, 'CCC': 0.01884988520595778, 'TPE': 0.015709836474447934, 'JSW': 0.007834133800610103, 'MRC': 0.003093150515560615}"
760,2021-11-30,126785.66790720464,0.0,"{'PKO': 0.14480890042869232, 'ALE': 0.1091534658847455, 'KGH': 0.10225836227166431, 'PZU': 0.09860669663889014, 'PKN': 0.0898175446225866, 'PEO': 0.07838930209059457, 'DNP': 0.06680757448822322, 'LPP': 0.05908855449039759, 'CDR': 0.050889893647636644, 'CPS': 0.04077799876785596, 'SPL': 0.03924314806406296, 'PGE': 0.03206665515528639, 'OPL': 0.0230248922939836, 'ACP': 0.019580005158803752, 'CCC': 0.01884988520595778, 'TPE': 0.015709836474447934, 'JSW': 0.007834133800610103, 'MRC': 0.003093150515560615}"
761,2021-12-01,127829.40301148737,0.0,"{'PKO': 0.14480890042869232, 'ALE': 0.1091534658847455, 'KGH': 0.10225836227166431, 'PZU': 0.09860669663889014, 'PKN': 0.0898175446225866, 'PEO': 0.07838930209059457, 'DNP': 0.06680757448822322, 'LPP': 0.05908855449039759, 'CDR': 0.050889893647636644, 'CPS': 0.04077799876785596, 'SPL': 0.03924314806406296, 'PGE': 0.03206665515528639, 'OPL': 0.0230248922939836, 'ACP': 0.019580005158803752, 'CCC': 0.01884988520595778, 'TPE': 0.015709836474447934, 'JSW': 0.007834133800610103, 'MRC': 0.003093150515560615}"
762,2021-12-02,126896.22641970497,0.0,"{'PKO': 0.14480890042869232, 'ALE': 0.1091534658847455, 'KGH': 0.10225836227166431, 'PZU': 0.09860669663889014, 'PKN': 0.0898175446225866, 'PEO': 0.07838930209059457, 'DNP': 0.06680757448822322, 'LPP': 0.05908855449039759, 'CDR': 0.050889893647636644, 'CPS': 0.04077799876785596, 'SPL': 0.03924314806406296, 'PGE': 0.03206665515528639, 'OPL': 0.0230248922939836, 'ACP': 0.019580005158803752, 'CCC': 0.01884988520595778, 'TPE': 0.015709836474447934, 'JSW': 0.007834133800610103, 'MRC': 0.003093150515560615}"
763,2021-12-03,125400.86542463662,0.0,"{'PKO': 0.14480890042869232, 'ALE': 0.1091534658847455, 'KGH': 0.10225836227166431, 'PZU': 0.09860669663889014, 'PKN': 0.0898175446225866, 'PEO': 0.07838930209059457, 'DNP': 0.06680757448822322, 'LPP': 0.05908855449039759, 'CDR': 0.050889893647636644, 'CPS': 0.04077799876785596, 'SPL': 0.03924314806406296, 'PGE': 0.03206665515528639, 'OPL': 0.0230248922939836, 'ACP': 0.019580005158803752, 'CCC': 0.01884988520595778, 'TPE': 0.015709836474447934, 'JSW': 0.007834133800610103, 'MRC': 0.003093150515560615}"
764,2021-12-06,125896.84047563137,0.0,"{'PKO': 0.14480890042869232, 'ALE': 0.1091534658847455, 'KGH': 0.10225836227166431, 'PZU': 0.09860669663889014, 'PKN': 0.0898175446225866, 'PEO': 0.07838930209059457, 'DNP': 0.06680757448822322, 'LPP': 0.05908855449039759, 'CDR': 0.050889893647636644, 'CPS': 0.04077799876785596, 'SPL': 0.03924314806406296, 'PGE': 0.03206665515528639, 'OPL': 0.0230248922939836, 'ACP': 0.019580005158803752, 'CCC': 0.01884988520595778, 'TPE': 0.015709836474447934, 'JSW': 0.007834133800610103, 'MRC': 0.003093150515560615}"
765,2021-12-07,128288.75092374423,0.0,"{'PKO': 0.14480890042869232, 'ALE': 0.1091534658847455, 'KGH': 0.10225836227166431, 'PZU': 0.09860669663889014, 'PKN': 0.0898175446225866, 'PEO': 0.07838930209059457, 'DNP': 0.06680757448822322, 'LPP': 0.05908855449039759, 'CDR': 0.050889893647636644, 'CPS': 0.04077799876785596, 'SPL': 0.03924314806406296, 'PGE': 0.03206665515528639, 'OPL': 0.0230248922939836, 'ACP': 0.019580005158803752, 'CCC': 0.01884988520595778, 'TPE': 0.015709836474447934, 'JSW': 0.007834133800610103, 'MRC': 0.003093150515560615}"
766,2021-12-08,127709.71726579973,0.0,"{'PKO': 0.14480890042869232, 'ALE': 0.1091534658847455, 'KGH': 0.10225836227166431, 'PZU': 0.09860669663889014, 'PKN': 0.0898175446225866, 'PEO': 0.07838930209059457, 'DNP': 0.06680757448822322, 'LPP': 0.05908855449039759, 'CDR': 0.050889893647636644, 'CPS': 0.04077799876785596, 'SPL': 0.03924314806406296, 'PGE': 0.03206665515528639, 'OPL': 0.0230248922939836, 'ACP': 0.019580005158803752, 'CCC': 0.01884988520595778, 'TPE': 0.015709836474447934, 'JSW': 0.007834133800610103, 'MRC': 0.003093150515560615}"
767,2021-12-09,127344.37908047602,0.0,"{'PKO': 0.14480890042869232, 'ALE': 0.1091534658847455, 'KGH': 0.10225836227166431, 'PZU': 0.09860669663889014, 'PKN': 0.0898175446225866, 'PEO': 0.07838930209059457, 'DNP': 0.06680757448822322, 'LPP': 0.05908855449039759, 'CDR': 0.050889893647636644, 'CPS': 0.04077799876785596, 'SPL': 0.03924314806406296, 'PGE': 0.03206665515528639, 'OPL': 0.0230248922939836, 'ACP': 0.019580005158803752, 'CCC': 0.01884988520595778, 'TPE': 0.015709836474447934, 'JSW': 0.007834133800610103, 'MRC': 0.003093150515560615}"
768,2021-12-10,127352.54663323515,0.0,"{'PKO': 0.14480890042869232, 'ALE': 0.1091534658847455, 'KGH': 0.10225836227166431, 'PZU': 0.09860669663889014, 'PKN': 0.0898175446225866, 'PEO': 0.07838930209059457, 'DNP': 0.06680757448822322, 'LPP': 0.05908855449039759, 'CDR': 0.050889893647636644, 'CPS': 0.04077799876785596, 'SPL': 0.03924314806406296, 'PGE': 0.03206665515528639, 'OPL': 0.0230248922939836, 'ACP': 0.019580005158803752, 'CCC': 0.01884988520595778, 'TPE': 0.015709836474447934, 'JSW': 0.007834133800610103, 'MRC': 0.003093150515560615}"
769,2021-12-13,127479.96585514453,0.0,"{'PKO': 0.14480890042869232, 'ALE': 0.1091534658847455, 'KGH': 0.10225836227166431, 'PZU': 0.09860669663889014, 'PKN': 0.0898175446225866, 'PEO': 0.07838930209059457, 'DNP': 0.06680757448822322, 'LPP': 0.05908855449039759, 'CDR': 0.050889893647636644, 'CPS': 0.04077799876785596, 'SPL': 0.03924314806406296, 'PGE': 0.03206665515528639, 'OPL': 0.0230248922939836, 'ACP': 0.019580005158803752, 'CCC': 0.01884988520595778, 'TPE': 0.015709836474447934, 'JSW': 0.007834133800610103, 'MRC': 0.003093150515560615}"
770,2021-12-14,127164.9091102308,2.9103830456733704e-11,"{'PKO': 0.15714332104199963, 'ALE': 0.06555886444131283, 'KGH': 0.09309191188882669, 'PZU': 0.10177749664536785, 'PKN': 0.09352445664549264, 'DNP': 0.0737042932552134, 'LPP': 0.07760207022088558, 'CDR': 0.04773052977483495, 'CPS': 0.04507269689010553, 'SPL': 0.04593680060503662, 'PGE': 0.027255277375189405, 'OPL': 0.023945143226815027, 'ACP': 0.020285468738651082, 'CCC': 0.01729662180556516, 'TPE': 0.011156654016653814, 'JSW': 0.006056073458746032, 'MRC': 0.002050384718659524, 'PBG': 0.09081193525064432}"
771,2021-12-15,123756.12038989733,2.9103830456733704e-11,"{'PKO': 0.15714332104199963, 'ALE': 0.06555886444131283, 'KGH': 0.09309191188882669, 'PZU': 0.10177749664536785, 'PKN': 0.09352445664549264, 'DNP': 0.0737042932552134, 'LPP': 0.07760207022088558, 'CDR': 0.04773052977483495, 'CPS': 0.04507269689010553, 'SPL': 0.04593680060503662, 'PGE': 0.027255277375189405, 'OPL': 0.023945143226815027, 'ACP': 0.020285468738651082, 'CCC': 0.01729662180556516, 'TPE': 0.011156654016653814, 'JSW': 0.006056073458746032, 'MRC': 0.002050384718659524, 'PBG': 0.09081193525064432}"
772,2021-12-16,126511.52221858577,2.9103830456733704e-11,"{'PKO': 0.15714332104199963, 'ALE': 0.06555886444131283, 'KGH': 0.09309191188882669, 'PZU': 0.10177749664536785, 'PKN': 0.09352445664549264, 'DNP': 0.0737042932552134, 'LPP': 0.07760207022088558, 'CDR': 0.04773052977483495, 'CPS': 0.04507269689010553, 'SPL': 0.04593680060503662, 'PGE': 0.027255277375189405, 'OPL': 0.023945143226815027, 'ACP': 0.020285468738651082, 'CCC': 0.01729662180556516, 'TPE': 0.011156654016653814, 'JSW': 0.006056073458746032, 'MRC': 0.002050384718659524, 'PBG': 0.09081193525064432}"
773,2021-12-17,125478.27986781948,-2.9103830456733704e-11,"{'PKO': 0.15973556309980708, 'PKN': 0.09758565020893414, 'PEO': 0.09195763386905094, 'PZU': 0.08914948266975634, 'KGH': 0.0851944301274051, 'ALE': 0.07661130587017548, 'DNP': 0.07041995544442695, 'LPP': 0.059622896282633994, 'CDR': 0.05831412956896957, 'SPL': 0.050065385090495525, 'CPS': 0.04059839071744696, 'PGE': 0.03239650200414887, 'OPL': 0.023391675860335748, 'ACP': 0.022594062948590714, 'CCC': 0.017381359072767007, 'TPE': 0.013778789672989358, 'JSW': 0.009435047260428604, 'MRC': 0.001767740231637865}"
774,2021-12-20,125488.21527350687,-2.9103830456733704e-11,"{'PKO': 0.15973556309980708, 'PKN': 0.09758565020893414, 'PEO': 0.09195763386905094, 'PZU': 0.08914948266975634, 'KGH': 0.0851944301274051, 'ALE': 0.07661130587017548, 'DNP': 0.07041995544442695, 'LPP': 0.059622896282633994, 'CDR': 0.05831412956896957, 'SPL': 0.050065385090495525, 'CPS': 0.04059839071744696, 'PGE': 0.03239650200414887, 'OPL': 0.023391675860335748, 'ACP': 0.022594062948590714, 'CCC': 0.017381359072767007, 'TPE': 0.013778789672989358, 'JSW': 0.009435047260428604, 'MRC': 0.001767740231637865}"
775,2021-12-21,125137.01822932703,-2.9103830456733704e-11,"{'PKO': 0.15973556309980708, 'PKN': 0.09758565020893414, 'PEO': 0.09195763386905094, 'PZU': 0.08914948266975634, 'KGH': 0.0851944301274051, 'ALE': 0.07661130587017548, 'DNP': 0.07041995544442695, 'LPP': 0.059622896282633994, 'CDR': 0.05831412956896957, 'SPL': 0.050065385090495525, 'CPS': 0.04059839071744696, 'PGE': 0.03239650200414887, 'OPL': 0.023391675860335748, 'ACP': 0.022594062948590714, 'CCC': 0.017381359072767007, 'TPE': 0.013778789672989358, 'JSW': 0.009435047260428604, 'MRC': 0.001767740231637865}"
776,2021-12-22,126749.6759085821,-2.9103830456733704e-11,"{'PKO': 0.15973556309980708, 'PKN': 0.09758565020893414, 'PEO': 0.09195763386905094, 'PZU': 0.08914948266975634, 'KGH': 0.0851944301274051, 'ALE': 0.07661130587017548, 'DNP': 0.07041995544442695, 'LPP': 0.059622896282633994, 'CDR': 0.05831412956896957, 'SPL': 0.050065385090495525, 'CPS': 0.04059839071744696, 'PGE': 0.03239650200414887, 'OPL': 0.023391675860335748, 'ACP': 0.022594062948590714, 'CCC': 0.017381359072767007, 'TPE': 0.013778789672989358, 'JSW': 0.009435047260428604, 'MRC': 0.001767740231637865}"
777,2021-12-23,127531.03629280996,-2.9103830456733704e-11,"{'PKO': 0.15973556309980708, 'PKN': 0.09758565020893414, 'PEO': 0.09195763386905094, 'PZU': 0.08914948266975634, 'KGH': 0.0851944301274051, 'ALE': 0.07661130587017548, 'DNP': 0.07041995544442695, 'LPP': 0.059622896282633994, 'CDR': 0.05831412956896957, 'SPL': 0.050065385090495525, 'CPS': 0.04059839071744696, 'PGE': 0.03239650200414887, 'OPL': 0.023391675860335748, 'ACP': 0.022594062948590714, 'CCC': 0.017381359072767007, 'TPE': 0.013778789672989358, 'JSW': 0.009435047260428604, 'MRC': 0.001767740231637865}"
778,2021-12-24,127531.03629280996,-2.9103830456733704e-11,"{'PKO': 0.15973556309980708, 'PKN': 0.09758565020893414, 'PEO': 0.09195763386905094, 'PZU': 0.08914948266975634, 'KGH': 0.0851944301274051, 'ALE': 0.07661130587017548, 'DNP': 0.07041995544442695, 'LPP': 0.059622896282633994, 'CDR': 0.05831412956896957, 'SPL': 0.050065385090495525, 'CPS': 0.04059839071744696, 'PGE': 0.03239650200414887, 'OPL': 0.023391675860335748, 'ACP': 0.022594062948590714, 'CCC': 0.017381359072767007, 'TPE': 0.013778789672989358, 'JSW': 0.009435047260428604, 'MRC': 0.001767740231637865}"
779,2021-12-27,127625.68074257279,-2.9103830456733704e-11,"{'PKO': 0.15973556309980708, 'PKN': 0.09758565020893414, 'PEO': 0.09195763386905094, 'PZU': 0.08914948266975634, 'KGH': 0.0851944301274051, 'ALE': 0.07661130587017548, 'DNP': 0.07041995544442695, 'LPP': 0.059622896282633994, 'CDR': 0.05831412956896957, 'SPL': 0.050065385090495525, 'CPS': 0.04059839071744696, 'PGE': 0.03239650200414887, 'OPL': 0.023391675860335748, 'ACP': 0.022594062948590714, 'CCC': 0.017381359072767007, 'TPE': 0.013778789672989358, 'JSW': 0.009435047260428604, 'MRC': 0.001767740231637865}"
780,2021-12-28,129115.17312179555,-2.9103830456733704e-11,"{'PKO': 0.15973556309980708, 'PKN': 0.09758565020893414, 'PEO': 0.09195763386905094, 'PZU': 0.08914948266975634, 'KGH': 0.0851944301274051, 'ALE': 0.07661130587017548, 'DNP': 0.07041995544442695, 'LPP': 0.059622896282633994, 'CDR': 0.05831412956896957, 'SPL': 0.050065385090495525, 'CPS': 0.04059839071744696, 'PGE': 0.03239650200414887, 'OPL': 0.023391675860335748, 'ACP': 0.022594062948590714, 'CCC': 0.017381359072767007, 'TPE': 0.013778789672989358, 'JSW': 0.009435047260428604, 'MRC': 0.001767740231637865}"
781,2021-12-29,129249.15638544346,-2.9103830456733704e-11,"{'PKO': 0.15973556309980708, 'PKN': 0.09758565020893414, 'PEO': 0.09195763386905094, 'PZU': 0.08914948266975634, 'KGH': 0.0851944301274051, 'ALE': 0.07661130587017548, 'DNP': 0.07041995544442695, 'LPP': 0.059622896282633994, 'CDR': 0.05831412956896957, 'SPL': 0.050065385090495525, 'CPS': 0.04059839071744696, 'PGE': 0.03239650200414887, 'OPL': 0.023391675860335748, 'ACP': 0.022594062948590714, 'CCC': 0.017381359072767007, 'TPE': 0.013778789672989358, 'JSW': 0.009435047260428604, 'MRC': 0.001767740231637865}"
782,2021-12-30,129601.51448886625,-2.9103830456733704e-11,"{'PKO': 0.15973556309980708, 'PKN': 0.09758565020893414, 'PEO': 0.09195763386905094, 'PZU': 0.08914948266975634, 'KGH': 0.0851944301274051, 'ALE': 0.07661130587017548, 'DNP': 0.07041995544442695, 'LPP': 0.059622896282633994, 'CDR': 0.05831412956896957, 'SPL': 0.050065385090495525, 'CPS': 0.04059839071744696, 'PGE': 0.03239650200414887, 'OPL': 0.023391675860335748, 'ACP': 0.022594062948590714, 'CCC': 0.017381359072767007, 'TPE': 0.013778789672989358, 'JSW': 0.009435047260428604, 'MRC': 0.001767740231637865}"
783,2021-12-31,129601.51448886625,-2.9103830456733704e-11,"{'PKO': 0.15973556309980708, 'PKN': 0.09758565020893414, 'PEO': 0.09195763386905094, 'PZU': 0.08914948266975634, 'KGH': 0.0851944301274051, 'ALE': 0.07661130587017548, 'DNP': 0.07041995544442695, 'LPP': 0.059622896282633994, 'CDR': 0.05831412956896957, 'SPL': 0.050065385090495525, 'CPS': 0.04059839071744696, 'PGE': 0.03239650200414887, 'OPL': 0.023391675860335748, 'ACP': 0.022594062948590714, 'CCC': 0.017381359072767007, 'TPE': 0.013778789672989358, 'JSW': 0.009435047260428604, 'MRC': 0.001767740231637865}"
784,2022-01-03,130922.71556975704,-2.9103830456733704e-11,"{'PKO': 0.15973556309980708, 'PKN': 0.09758565020893414, 'PEO': 0.09195763386905094, 'PZU': 0.08914948266975634, 'KGH': 0.0851944301274051, 'ALE': 0.07661130587017548, 'DNP': 0.07041995544442695, 'LPP': 0.059622896282633994, 'CDR': 0.05831412956896957, 'SPL': 0.050065385090495525, 'CPS': 0.04059839071744696, 'PGE': 0.03239650200414887, 'OPL': 0.023391675860335748, 'ACP': 0.022594062948590714, 'CCC': 0.017381359072767007, 'TPE': 0.013778789672989358, 'JSW': 0.009435047260428604, 'MRC': 0.001767740231637865}"
785,2022-01-04,131612.20793716607,-2.9103830456733704e-11,"{'PKO': 0.15973556309980708, 'PKN': 0.09758565020893414, 'PEO': 0.09195763386905094, 'PZU': 0.08914948266975634, 'KGH': 0.0851944301274051, 'ALE': 0.07661130587017548, 'DNP': 0.07041995544442695, 'LPP': 0.059622896282633994, 'CDR': 0.05831412956896957, 'SPL': 0.050065385090495525, 'CPS': 0.04059839071744696, 'PGE': 0.03239650200414887, 'OPL': 0.023391675860335748, 'ACP': 0.022594062948590714, 'CCC': 0.017381359072767007, 'TPE': 0.013778789672989358, 'JSW': 0.009435047260428604, 'MRC': 0.001767740231637865}"
786,2022-01-05,132056.01952070973,-2.9103830456733704e-11,"{'PKO': 0.15973556309980708, 'PKN': 0.09758565020893414, 'PEO': 0.09195763386905094, 'PZU': 0.08914948266975634, 'KGH': 0.0851944301274051, 'ALE': 0.07661130587017548, 'DNP': 0.07041995544442695, 'LPP': 0.059622896282633994, 'CDR': 0.05831412956896957, 'SPL': 0.050065385090495525, 'CPS': 0.04059839071744696, 'PGE': 0.03239650200414887, 'OPL': 0.023391675860335748, 'ACP': 0.022594062948590714, 'CCC': 0.017381359072767007, 'TPE': 0.013778789672989358, 'JSW': 0.009435047260428604, 'MRC': 0.001767740231637865}"
787,2022-01-06,132056.01952070973,-2.9103830456733704e-11,"{'PKO': 0.15973556309980708, 'PKN': 0.09758565020893414, 'PEO': 0.09195763386905094, 'PZU': 0.08914948266975634, 'KGH': 0.0851944301274051, 'ALE': 0.07661130587017548, 'DNP': 0.07041995544442695, 'LPP': 0.059622896282633994, 'CDR': 0.05831412956896957, 'SPL': 0.050065385090495525, 'CPS': 0.04059839071744696, 'PGE': 0.03239650200414887, 'OPL': 0.023391675860335748, 'ACP': 0.022594062948590714, 'CCC': 0.017381359072767007, 'TPE': 0.013778789672989358, 'JSW': 0.009435047260428604, 'MRC': 0.001767740231637865}"
788,2022-01-07,132071.8762494672,-2.9103830456733704e-11,"{'PKO': 0.15973556309980708, 'PKN': 0.09758565020893414, 'PEO': 0.09195763386905094, 'PZU': 0.08914948266975634, 'KGH': 0.0851944301274051, 'ALE': 0.07661130587017548, 'DNP': 0.07041995544442695, 'LPP': 0.059622896282633994, 'CDR': 0.05831412956896957, 'SPL': 0.050065385090495525, 'CPS': 0.04059839071744696, 'PGE': 0.03239650200414887, 'OPL': 0.023391675860335748, 'ACP': 0.022594062948590714, 'CCC': 0.017381359072767007, 'TPE': 0.013778789672989358, 'JSW': 0.009435047260428604, 'MRC': 0.001767740231637865}"
789,2022-01-10,130996.0024425929,-2.9103830456733704e-11,"{'PKO': 0.15973556309980708, 'PKN': 0.09758565020893414, 'PEO': 0.09195763386905094, 'PZU': 0.08914948266975634, 'KGH': 0.0851944301274051, 'ALE': 0.07661130587017548, 'DNP': 0.07041995544442695, 'LPP': 0.059622896282633994, 'CDR': 0.05831412956896957, 'SPL': 0.050065385090495525, 'CPS': 0.04059839071744696, 'PGE': 0.03239650200414887, 'OPL': 0.023391675860335748, 'ACP': 0.022594062948590714, 'CCC': 0.017381359072767007, 'TPE': 0.013778789672989358, 'JSW': 0.009435047260428604, 'MRC': 0.001767740231637865}"
790,2022-01-11,134384.69514852043,-2.9103830456733704e-11,"{'PKO': 0.15973556309980708, 'PKN': 0.09758565020893414, 'PEO': 0.09195763386905094, 'PZU': 0.08914948266975634, 'KGH': 0.0851944301274051, 'ALE': 0.07661130587017548, 'DNP': 0.07041995544442695, 'LPP': 0.059622896282633994, 'CDR': 0.05831412956896957, 'SPL': 0.050065385090495525, 'CPS': 0.04059839071744696, 'PGE': 0.03239650200414887, 'OPL': 0.023391675860335748, 'ACP': 0.022594062948590714, 'CCC': 0.017381359072767007, 'TPE': 0.013778789672989358, 'JSW': 0.009435047260428604, 'MRC': 0.001767740231637865}"
791,2022-01-12,138393.796196058,-2.9103830456733704e-11,"{'PKO': 0.15973556309980708, 'PKN': 0.09758565020893414, 'PEO': 0.09195763386905094, 'PZU': 0.08914948266975634, 'KGH': 0.0851944301274051, 'ALE': 0.07661130587017548, 'DNP': 0.07041995544442695, 'LPP': 0.059622896282633994, 'CDR': 0.05831412956896957, 'SPL': 0.050065385090495525, 'CPS': 0.04059839071744696, 'PGE': 0.03239650200414887, 'OPL': 0.023391675860335748, 'ACP': 0.022594062948590714, 'CCC': 0.017381359072767007, 'TPE': 0.013778789672989358, 'JSW': 0.009435047260428604, 'MRC': 0.001767740231637865}"
792,2022-01-13,138454.73668388635,-2.9103830456733704e-11,"{'PKO': 0.15973556309980708, 'PKN': 0.09758565020893414, 'PEO': 0.09195763386905094, 'PZU': 0.08914948266975634, 'KGH': 0.0851944301274051, 'ALE': 0.07661130587017548, 'DNP': 0.07041995544442695, 'LPP': 0.059622896282633994, 'CDR': 0.05831412956896957, 'SPL': 0.050065385090495525, 'CPS': 0.04059839071744696, 'PGE': 0.03239650200414887, 'OPL': 0.023391675860335748, 'ACP': 0.022594062948590714, 'CCC': 0.017381359072767007, 'TPE': 0.013778789672989358, 'JSW': 0.009435047260428604, 'MRC': 0.001767740231637865}"
793,2022-01-14,137039.29277401874,-2.9103830456733704e-11,"{'PKO': 0.15973556309980708, 'PKN': 0.09758565020893414, 'PEO': 0.09195763386905094, 'PZU': 0.08914948266975634, 'KGH': 0.0851944301274051, 'ALE': 0.07661130587017548, 'DNP': 0.07041995544442695, 'LPP': 0.059622896282633994, 'CDR': 0.05831412956896957, 'SPL': 0.050065385090495525, 'CPS': 0.04059839071744696, 'PGE': 0.03239650200414887, 'OPL': 0.023391675860335748, 'ACP': 0.022594062948590714, 'CCC': 0.017381359072767007, 'TPE': 0.013778789672989358, 'JSW': 0.009435047260428604, 'MRC': 0.001767740231637865}"
794,2022-01-17,136205.27012780108,-2.9103830456733704e-11,"{'PKO': 0.15973556309980708, 'PKN': 0.09758565020893414, 'PEO': 0.09195763386905094, 'PZU': 0.08914948266975634, 'KGH': 0.0851944301274051, 'ALE': 0.07661130587017548, 'DNP': 0.07041995544442695, 'LPP': 0.059622896282633994, 'CDR': 0.05831412956896957, 'SPL': 0.050065385090495525, 'CPS': 0.04059839071744696, 'PGE': 0.03239650200414887, 'OPL': 0.023391675860335748, 'ACP': 0.022594062948590714, 'CCC': 0.017381359072767007, 'TPE': 0.013778789672989358, 'JSW': 0.009435047260428604, 'MRC': 0.001767740231637865}"
795,2022-01-18,133366.78208086366,-2.9103830456733704e-11,"{'PKO': 0.15973556309980708, 'PKN': 0.09758565020893414, 'PEO': 0.09195763386905094, 'PZU': 0.08914948266975634, 'KGH': 0.0851944301274051, 'ALE': 0.07661130587017548, 'DNP': 0.07041995544442695, 'LPP': 0.059622896282633994, 'CDR': 0.05831412956896957, 'SPL': 0.050065385090495525, 'CPS': 0.04059839071744696, 'PGE': 0.03239650200414887, 'OPL': 0.023391675860335748, 'ACP': 0.022594062948590714, 'CCC': 0.017381359072767007, 'TPE': 0.013778789672989358, 'JSW': 0.009435047260428604, 'MRC': 0.001767740231637865}"
796,2022-01-19,133353.63574525143,-2.9103830456733704e-11,"{'PKO': 0.15973556309980708, 'PKN': 0.09758565020893414, 'PEO': 0.09195763386905094, 'PZU': 0.08914948266975634, 'KGH': 0.0851944301274051, 'ALE': 0.07661130587017548, 'DNP': 0.07041995544442695, 'LPP': 0.059622896282633994, 'CDR': 0.05831412956896957, 'SPL': 0.050065385090495525, 'CPS': 0.04059839071744696, 'PGE': 0.03239650200414887, 'OPL': 0.023391675860335748, 'ACP': 0.022594062948590714, 'CCC': 0.017381359072767007, 'TPE': 0.013778789672989358, 'JSW': 0.009435047260428604, 'MRC': 0.001767740231637865}"
797,2022-01-20,133076.22025853125,-2.9103830456733704e-11,"{'PKO': 0.15973556309980708, 'PKN': 0.09758565020893414, 'PEO': 0.09195763386905094, 'PZU': 0.08914948266975634, 'KGH': 0.0851944301274051, 'ALE': 0.07661130587017548, 'DNP': 0.07041995544442695, 'LPP': 0.059622896282633994, 'CDR': 0.05831412956896957, 'SPL': 0.050065385090495525, 'CPS': 0.04059839071744696, 'PGE': 0.03239650200414887, 'OPL': 0.023391675860335748, 'ACP': 0.022594062948590714, 'CCC': 0.017381359072767007, 'TPE': 0.013778789672989358, 'JSW': 0.009435047260428604, 'MRC': 0.001767740231637865}"
798,2022-01-21,131014.98582613158,-2.9103830456733704e-11,"{'PKO': 0.15973556309980708, 'PKN': 0.09758565020893414, 'PEO': 0.09195763386905094, 'PZU': 0.08914948266975634, 'KGH': 0.0851944301274051, 'ALE': 0.07661130587017548, 'DNP': 0.07041995544442695, 'LPP': 0.059622896282633994, 'CDR': 0.05831412956896957, 'SPL': 0.050065385090495525, 'CPS': 0.04059839071744696, 'PGE': 0.03239650200414887, 'OPL': 0.023391675860335748, 'ACP': 0.022594062948590714, 'CCC': 0.017381359072767007, 'TPE': 0.013778789672989358, 'JSW': 0.009435047260428604, 'MRC': 0.001767740231637865}"
799,2022-01-24,125167.3766598927,-2.9103830456733704e-11,"{'PKO': 0.15973556309980708, 'PKN': 0.09758565020893414, 'PEO': 0.09195763386905094, 'PZU': 0.08914948266975634, 'KGH': 0.0851944301274051, 'ALE': 0.07661130587017548, 'DNP': 0.07041995544442695, 'LPP': 0.059622896282633994, 'CDR': 0.05831412956896957, 'SPL': 0.050065385090495525, 'CPS': 0.04059839071744696, 'PGE': 0.03239650200414887, 'OPL': 0.023391675860335748, 'ACP': 0.022594062948590714, 'CCC': 0.017381359072767007, 'TPE': 0.013778789672989358, 'JSW': 0.009435047260428604, 'MRC': 0.001767740231637865}"
800,2022-01-25,126881.34221541736,-2.9103830456733704e-11,"{'PKO': 0.15973556309980708, 'PKN': 0.09758565020893414, 'PEO': 0.09195763386905094, 'PZU': 0.08914948266975634, 'KGH': 0.0851944301274051, 'ALE': 0.07661130587017548, 'DNP': 0.07041995544442695, 'LPP': 0.059622896282633994, 'CDR': 0.05831412956896957, 'SPL': 0.050065385090495525, 'CPS': 0.04059839071744696, 'PGE': 0.03239650200414887, 'OPL': 0.023391675860335748, 'ACP': 0.022594062948590714, 'CCC': 0.017381359072767007, 'TPE': 0.013778789672989358, 'JSW': 0.009435047260428604, 'MRC': 0.001767740231637865}"
801,2022-01-26,128885.94239751047,-2.9103830456733704e-11,"{'PKO': 0.15973556309980708, 'PKN': 0.09758565020893414, 'PEO': 0.09195763386905094, 'PZU': 0.08914948266975634, 'KGH': 0.0851944301274051, 'ALE': 0.07661130587017548, 'DNP': 0.07041995544442695, 'LPP': 0.059622896282633994, 'CDR': 0.05831412956896957, 'SPL': 0.050065385090495525, 'CPS': 0.04059839071744696, 'PGE': 0.03239650200414887, 'OPL': 0.023391675860335748, 'ACP': 0.022594062948590714, 'CCC': 0.017381359072767007, 'TPE': 0.013778789672989358, 'JSW': 0.009435047260428604, 'MRC': 0.001767740231637865}"
802,2022-01-27,129004.43598231205,-2.9103830456733704e-11,"{'PKO': 0.15973556309980708, 'PKN': 0.09758565020893414, 'PEO': 0.09195763386905094, 'PZU': 0.08914948266975634, 'KGH': 0.0851944301274051, 'ALE': 0.07661130587017548, 'DNP': 0.07041995544442695, 'LPP': 0.059622896282633994, 'CDR': 0.05831412956896957, 'SPL': 0.050065385090495525, 'CPS': 0.04059839071744696, 'PGE': 0.03239650200414887, 'OPL': 0.023391675860335748, 'ACP': 0.022594062948590714, 'CCC': 0.017381359072767007, 'TPE': 0.013778789672989358, 'JSW': 0.009435047260428604, 'MRC': 0.001767740231637865}"
803,2022-01-28,125972.63978457396,-2.9103830456733704e-11,"{'PKO': 0.15973556309980708, 'PKN': 0.09758565020893414, 'PEO': 0.09195763386905094, 'PZU': 0.08914948266975634, 'KGH': 0.0851944301274051, 'ALE': 0.07661130587017548, 'DNP': 0.07041995544442695, 'LPP': 0.059622896282633994, 'CDR': 0.05831412956896957, 'SPL': 0.050065385090495525, 'CPS': 0.04059839071744696, 'PGE': 0.03239650200414887, 'OPL': 0.023391675860335748, 'ACP': 0.022594062948590714, 'CCC': 0.017381359072767007, 'TPE': 0.013778789672989358, 'JSW': 0.009435047260428604, 'MRC': 0.001767740231637865}"
804,2022-01-31,127545.96541225865,-2.9103830456733704e-11,"{'PKO': 0.15973556309980708, 'PKN': 0.09758565020893414, 'PEO': 0.09195763386905094, 'PZU': 0.08914948266975634, 'KGH': 0.0851944301274051, 'ALE': 0.07661130587017548, 'DNP': 0.07041995544442695, 'LPP': 0.059622896282633994, 'CDR': 0.05831412956896957, 'SPL': 0.050065385090495525, 'CPS': 0.04059839071744696, 'PGE': 0.03239650200414887, 'OPL': 0.023391675860335748, 'ACP': 0.022594062948590714, 'CCC': 0.017381359072767007, 'TPE': 0.013778789672989358, 'JSW': 0.009435047260428604, 'MRC': 0.001767740231637865}"
805,2022-02-01,128523.12912201873,-2.9103830456733704e-11,"{'PKO': 0.15973556309980708, 'PKN': 0.09758565020893414, 'PEO': 0.09195763386905094, 'PZU': 0.08914948266975634, 'KGH': 0.0851944301274051, 'ALE': 0.07661130587017548, 'DNP': 0.07041995544442695, 'LPP': 0.059622896282633994, 'CDR': 0.05831412956896957, 'SPL': 0.050065385090495525, 'CPS': 0.04059839071744696, 'PGE': 0.03239650200414887, 'OPL': 0.023391675860335748, 'ACP': 0.022594062948590714, 'CCC': 0.017381359072767007, 'TPE': 0.013778789672989358, 'JSW': 0.009435047260428604, 'MRC': 0.001767740231637865}"
806,2022-02-02,130197.74368209539,-2.9103830456733704e-11,"{'PKO': 0.15973556309980708, 'PKN': 0.09758565020893414, 'PEO': 0.09195763386905094, 'PZU': 0.08914948266975634, 'KGH': 0.0851944301274051, 'ALE': 0.07661130587017548, 'DNP': 0.07041995544442695, 'LPP': 0.059622896282633994, 'CDR': 0.05831412956896957, 'SPL': 0.050065385090495525, 'CPS': 0.04059839071744696, 'PGE': 0.03239650200414887, 'OPL': 0.023391675860335748, 'ACP': 0.022594062948590714, 'CCC': 0.017381359072767007, 'TPE': 0.013778789672989358, 'JSW': 0.009435047260428604, 'MRC': 0.001767740231637865}"
807,2022-02-03,128986.19014686017,-2.9103830456733704e-11,"{'PKO': 0.15973556309980708, 'PKN': 0.09758565020893414, 'PEO': 0.09195763386905094, 'PZU': 0.08914948266975634, 'KGH': 0.0851944301274051, 'ALE': 0.07661130587017548, 'DNP': 0.07041995544442695, 'LPP': 0.059622896282633994, 'CDR': 0.05831412956896957, 'SPL': 0.050065385090495525, 'CPS': 0.04059839071744696, 'PGE': 0.03239650200414887, 'OPL': 0.023391675860335748, 'ACP': 0.022594062948590714, 'CCC': 0.017381359072767007, 'TPE': 0.013778789672989358, 'JSW': 0.009435047260428604, 'MRC': 0.001767740231637865}"
808,2022-02-04,125485.78218242645,-2.9103830456733704e-11,"{'PKO': 0.15973556309980708, 'PKN': 0.09758565020893414, 'PEO': 0.09195763386905094, 'PZU': 0.08914948266975634, 'KGH': 0.0851944301274051, 'ALE': 0.07661130587017548, 'DNP': 0.07041995544442695, 'LPP': 0.059622896282633994, 'CDR': 0.05831412956896957, 'SPL': 0.050065385090495525, 'CPS': 0.04059839071744696, 'PGE': 0.03239650200414887, 'OPL': 0.023391675860335748, 'ACP': 0.022594062948590714, 'CCC': 0.017381359072767007, 'TPE': 0.013778789672989358, 'JSW': 0.009435047260428604, 'MRC': 0.001767740231637865}"
809,2022-02-07,125281.926957632,-2.9103830456733704e-11,"{'PKO': 0.15973556309980708, 'PKN': 0.09758565020893414, 'PEO': 0.09195763386905094, 'PZU': 0.08914948266975634, 'KGH': 0.0851944301274051, 'ALE': 0.07661130587017548, 'DNP': 0.07041995544442695, 'LPP': 0.059622896282633994, 'CDR': 0.05831412956896957, 'SPL': 0.050065385090495525, 'CPS': 0.04059839071744696, 'PGE': 0.03239650200414887, 'OPL': 0.023391675860335748, 'ACP': 0.022594062948590714, 'CCC': 0.017381359072767007, 'TPE': 0.013778789672989358, 'JSW': 0.009435047260428604, 'MRC': 0.001767740231637865}"
810,2022-02-08,127671.33125744389,-2.9103830456733704e-11,"{'PKO': 0.15973556309980708, 'PKN': 0.09758565020893414, 'PEO': 0.09195763386905094, 'PZU': 0.08914948266975634, 'KGH': 0.0851944301274051, 'ALE': 0.07661130587017548, 'DNP': 0.07041995544442695, 'LPP': 0.059622896282633994, 'CDR': 0.05831412956896957, 'SPL': 0.050065385090495525, 'CPS': 0.04059839071744696, 'PGE': 0.03239650200414887, 'OPL': 0.023391675860335748, 'ACP': 0.022594062948590714, 'CCC': 0.017381359072767007, 'TPE': 0.013778789672989358, 'JSW': 0.009435047260428604, 'MRC': 0.001767740231637865}"
811,2022-02-09,129059.62386428285,-2.9103830456733704e-11,"{'PKO': 0.15973556309980708, 'PKN': 0.09758565020893414, 'PEO': 0.09195763386905094, 'PZU': 0.08914948266975634, 'KGH': 0.0851944301274051, 'ALE': 0.07661130587017548, 'DNP': 0.07041995544442695, 'LPP': 0.059622896282633994, 'CDR': 0.05831412956896957, 'SPL': 0.050065385090495525, 'CPS': 0.04059839071744696, 'PGE': 0.03239650200414887, 'OPL': 0.023391675860335748, 'ACP': 0.022594062948590714, 'CCC': 0.017381359072767007, 'TPE': 0.013778789672989358, 'JSW': 0.009435047260428604, 'MRC': 0.001767740231637865}"
812,2022-02-10,127640.45740768527,-2.9103830456733704e-11,"{'PKO': 0.15973556309980708, 'PKN': 0.09758565020893414, 'PEO': 0.09195763386905094, 'PZU': 0.08914948266975634, 'KGH': 0.0851944301274051, 'ALE': 0.07661130587017548, 'DNP': 0.07041995544442695, 'LPP': 0.059622896282633994, 'CDR': 0.05831412956896957, 'SPL': 0.050065385090495525, 'CPS': 0.04059839071744696, 'PGE': 0.03239650200414887, 'OPL': 0.023391675860335748, 'ACP': 0.022594062948590714, 'CCC': 0.017381359072767007, 'TPE': 0.013778789672989358, 'JSW': 0.009435047260428604, 'MRC': 0.001767740231637865}"
813,2022-02-11,126942.80436781148,-2.9103830456733704e-11,"{'PKO': 0.15973556309980708, 'PKN': 0.09758565020893414, 'PEO': 0.09195763386905094, 'PZU': 0.08914948266975634, 'KGH': 0.0851944301274051, 'ALE': 0.07661130587017548, 'DNP': 0.07041995544442695, 'LPP': 0.059622896282633994, 'CDR': 0.05831412956896957, 'SPL': 0.050065385090495525, 'CPS': 0.04059839071744696, 'PGE': 0.03239650200414887, 'OPL': 0.023391675860335748, 'ACP': 0.022594062948590714, 'CCC': 0.017381359072767007, 'TPE': 0.013778789672989358, 'JSW': 0.009435047260428604, 'MRC': 0.001767740231637865}"
814,2022-02-14,124739.92205476348,-2.9103830456733704e-11,"{'PKO': 0.15973556309980708, 'PKN': 0.09758565020893414, 'PEO': 0.09195763386905094, 'PZU': 0.08914948266975634, 'KGH': 0.0851944301274051, 'ALE': 0.07661130587017548, 'DNP': 0.07041995544442695, 'LPP': 0.059622896282633994, 'CDR': 0.05831412956896957, 'SPL': 0.050065385090495525, 'CPS': 0.04059839071744696, 'PGE': 0.03239650200414887, 'OPL': 0.023391675860335748, 'ACP': 0.022594062948590714, 'CCC': 0.017381359072767007, 'TPE': 0.013778789672989358, 'JSW': 0.009435047260428604, 'MRC': 0.001767740231637865}"
815,2022-02-15,127454.6182513728,-2.9103830456733704e-11,"{'PKO': 0.15973556309980708, 'PKN': 0.09758565020893414, 'PEO': 0.09195763386905094, 'PZU': 0.08914948266975634, 'KGH': 0.0851944301274051, 'ALE': 0.07661130587017548, 'DNP': 0.07041995544442695, 'LPP': 0.059622896282633994, 'CDR': 0.05831412956896957, 'SPL': 0.050065385090495525, 'CPS': 0.04059839071744696, 'PGE': 0.03239650200414887, 'OPL': 0.023391675860335748, 'ACP': 0.022594062948590714, 'CCC': 0.017381359072767007, 'TPE': 0.013778789672989358, 'JSW': 0.009435047260428604, 'MRC': 0.001767740231637865}"
816,2022-02-16,127575.4737592017,1.4551915228366852e-11,"{'PKO': 0.17680934913615365, 'PKN': 0.09706112412117585, 'PEO': 0.1074929739405784, 'PZU': 0.08810133722240558, 'KGH': 0.0909242255713869, 'ALE': 0.06821717294513929, 'DNP': 0.05839960693936908, 'LPP': 0.053231950613356685, 'CDR': 0.055182493577237056, 'CPS': 0.03440287316931563, 'PGE': 0.03290730270163394, 'OPL': 0.024501549576876436, 'ACP': 0.0206558112731238, 'CCC': 0.010287784972285425, 'TPE': 0.013030015756192951, 'JSW': 0.011880453676232647, 'MRC': 0.0011462899256186464, 'PBG': 0.05576768488191798}"
817,2022-02-17,125429.22010262731,1.4551915228366852e-11,"{'PKO': 0.17680934913615365, 'PKN': 0.09706112412117585, 'PEO': 0.1074929739405784, 'PZU': 0.08810133722240558, 'KGH': 0.0909242255713869, 'ALE': 0.06821717294513929, 'DNP': 0.05839960693936908, 'LPP': 0.053231950613356685, 'CDR': 0.055182493577237056, 'CPS': 0.03440287316931563, 'PGE': 0.03290730270163394, 'OPL': 0.024501549576876436, 'ACP': 0.0206558112731238, 'CCC': 0.010287784972285425, 'TPE': 0.013030015756192951, 'JSW': 0.011880453676232647, 'MRC': 0.0011462899256186464, 'PBG': 0.05576768488191798}"
818,2022-02-18,123711.7106176987,1.4551915228366852e-11,"{'PKO': 0.17680934913615365, 'PKN': 0.09706112412117585, 'PEO': 0.1074929739405784, 'PZU': 0.08810133722240558, 'KGH': 0.0909242255713869, 'ALE': 0.06821717294513929, 'DNP': 0.05839960693936908, 'LPP': 0.053231950613356685, 'CDR': 0.055182493577237056, 'CPS': 0.03440287316931563, 'PGE': 0.03290730270163394, 'OPL': 0.024501549576876436, 'ACP': 0.0206558112731238, 'CCC': 0.010287784972285425, 'TPE': 0.013030015756192951, 'JSW': 0.011880453676232647, 'MRC': 0.0011462899256186464, 'PBG': 0.05576768488191798}"
819,2022-02-21,119603.67088844812,1.4551915228366852e-11,"{'PKO': 0.17680934913615365, 'PKN': 0.09706112412117585, 'PEO': 0.1074929739405784, 'PZU': 0.08810133722240558, 'KGH': 0.0909242255713869, 'ALE': 0.06821717294513929, 'DNP': 0.05839960693936908, 'LPP': 0.053231950613356685, 'CDR': 0.055182493577237056, 'CPS': 0.03440287316931563, 'PGE': 0.03290730270163394, 'OPL': 0.024501549576876436, 'ACP': 0.0206558112731238, 'CCC': 0.010287784972285425, 'TPE': 0.013030015756192951, 'JSW': 0.011880453676232647, 'MRC': 0.0011462899256186464, 'PBG': 0.05576768488191798}"
820,2022-02-22,121187.34045242738,1.4551915228366852e-11,"{'PKO': 0.17680934913615365, 'PKN': 0.09706112412117585, 'PEO': 0.1074929739405784, 'PZU': 0.08810133722240558, 'KGH': 0.0909242255713869, 'ALE': 0.06821717294513929, 'DNP': 0.05839960693936908, 'LPP': 0.053231950613356685, 'CDR': 0.055182493577237056, 'CPS': 0.03440287316931563, 'PGE': 0.03290730270163394, 'OPL': 0.024501549576876436, 'ACP': 0.0206558112731238, 'CCC': 0.010287784972285425, 'TPE': 0.013030015756192951, 'JSW': 0.011880453676232647, 'MRC': 0.0011462899256186464, 'PBG': 0.05576768488191798}"
821,2022-02-23,121498.90880636063,1.4551915228366852e-11,"{'PKO': 0.17680934913615365, 'PKN': 0.09706112412117585, 'PEO': 0.1074929739405784, 'PZU': 0.08810133722240558, 'KGH': 0.0909242255713869, 'ALE': 0.06821717294513929, 'DNP': 0.05839960693936908, 'LPP': 0.053231950613356685, 'CDR': 0.055182493577237056, 'CPS': 0.03440287316931563, 'PGE': 0.03290730270163394, 'OPL': 0.024501549576876436, 'ACP': 0.0206558112731238, 'CCC': 0.010287784972285425, 'TPE': 0.013030015756192951, 'JSW': 0.011880453676232647, 'MRC': 0.0011462899256186464, 'PBG': 0.05576768488191798}"
822,2022-02-24,109488.53974903483,1.4551915228366852e-11,"{'PKO': 0.17680934913615365, 'PKN': 0.09706112412117585, 'PEO': 0.1074929739405784, 'PZU': 0.08810133722240558, 'KGH': 0.0909242255713869, 'ALE': 0.06821717294513929, 'DNP': 0.05839960693936908, 'LPP': 0.053231950613356685, 'CDR': 0.055182493577237056, 'CPS': 0.03440287316931563, 'PGE': 0.03290730270163394, 'OPL': 0.024501549576876436, 'ACP': 0.0206558112731238, 'CCC': 0.010287784972285425, 'TPE': 0.013030015756192951, 'JSW': 0.011880453676232647, 'MRC': 0.0011462899256186464, 'PBG': 0.05576768488191798}"
823,2022-02-25,118094.60113443664,1.4551915228366852e-11,"{'PKO': 0.17680934913615365, 'PKN': 0.09706112412117585, 'PEO': 0.1074929739405784, 'PZU': 0.08810133722240558, 'KGH': 0.0909242255713869, 'ALE': 0.06821717294513929, 'DNP': 0.05839960693936908, 'LPP': 0.053231950613356685, 'CDR': 0.055182493577237056, 'CPS': 0.03440287316931563, 'PGE': 0.03290730270163394, 'OPL': 0.024501549576876436, 'ACP': 0.0206558112731238, 'CCC': 0.010287784972285425, 'TPE': 0.013030015756192951, 'JSW': 0.011880453676232647, 'MRC': 0.0011462899256186464, 'PBG': 0.05576768488191798}"
824,2022-02-28,119953.49493995143,1.4551915228366852e-11,"{'PKO': 0.17680934913615365, 'PKN': 0.09706112412117585, 'PEO': 0.1074929739405784, 'PZU': 0.08810133722240558, 'KGH': 0.0909242255713869, 'ALE': 0.06821717294513929, 'DNP': 0.05839960693936908, 'LPP': 0.053231950613356685, 'CDR': 0.055182493577237056, 'CPS': 0.03440287316931563, 'PGE': 0.03290730270163394, 'OPL': 0.024501549576876436, 'ACP': 0.0206558112731238, 'CCC': 0.010287784972285425, 'TPE': 0.013030015756192951, 'JSW': 0.011880453676232647, 'MRC': 0.0011462899256186464, 'PBG': 0.05576768488191798}"
825,2022-03-01,117912.56566015472,1.4551915228366852e-11,"{'PKO': 0.17680934913615365, 'PKN': 0.09706112412117585, 'PEO': 0.1074929739405784, 'PZU': 0.08810133722240558, 'KGH': 0.0909242255713869, 'ALE': 0.06821717294513929, 'DNP': 0.05839960693936908, 'LPP': 0.053231950613356685, 'CDR': 0.055182493577237056, 'CPS': 0.03440287316931563, 'PGE': 0.03290730270163394, 'OPL': 0.024501549576876436, 'ACP': 0.0206558112731238, 'CCC': 0.010287784972285425, 'TPE': 0.013030015756192951, 'JSW': 0.011880453676232647, 'MRC': 0.0011462899256186464, 'PBG': 0.05576768488191798}"
826,2022-03-02,118488.27875961388,1.4551915228366852e-11,"{'PKO': 0.17680934913615365, 'PKN': 0.09706112412117585, 'PEO': 0.1074929739405784, 'PZU': 0.08810133722240558, 'KGH': 0.0909242255713869, 'ALE': 0.06821717294513929, 'DNP': 0.05839960693936908, 'LPP': 0.053231950613356685, 'CDR': 0.055182493577237056, 'CPS': 0.03440287316931563, 'PGE': 0.03290730270163394, 'OPL': 0.024501549576876436, 'ACP': 0.0206558112731238, 'CCC': 0.010287784972285425, 'TPE': 0.013030015756192951, 'JSW': 0.011880453676232647, 'MRC': 0.0011462899256186464, 'PBG': 0.05576768488191798}"
827,2022-03-03,116358.70763287313,1.4551915228366852e-11,"{'PKO': 0.17680934913615365, 'PKN': 0.09706112412117585, 'PEO': 0.1074929739405784, 'PZU': 0.08810133722240558, 'KGH': 0.0909242255713869, 'ALE': 0.06821717294513929, 'DNP': 0.05839960693936908, 'LPP': 0.053231950613356685, 'CDR': 0.055182493577237056, 'CPS': 0.03440287316931563, 'PGE': 0.03290730270163394, 'OPL': 0.024501549576876436, 'ACP': 0.0206558112731238, 'CCC': 0.010287784972285425, 'TPE': 0.013030015756192951, 'JSW': 0.011880453676232647, 'MRC': 0.0011462899256186464, 'PBG': 0.05576768488191798}"
828,2022-03-04,111569.6780647085,1.4551915228366852e-11,"{'PKO': 0.17680934913615365, 'PKN': 0.09706112412117585, 'PEO': 0.1074929739405784, 'PZU': 0.08810133722240558, 'KGH': 0.0909242255713869, 'ALE': 0.06821717294513929, 'DNP': 0.05839960693936908, 'LPP': 0.053231950613356685, 'CDR': 0.055182493577237056, 'CPS': 0.03440287316931563, 'PGE': 0.03290730270163394, 'OPL': 0.024501549576876436, 'ACP': 0.0206558112731238, 'CCC': 0.010287784972285425, 'TPE': 0.013030015756192951, 'JSW': 0.011880453676232647, 'MRC': 0.0011462899256186464, 'PBG': 0.05576768488191798}"
829,2022-03-07,112199.12384035568,1.4551915228366852e-11,"{'PKO': 0.17680934913615365, 'PKN': 0.09706112412117585, 'PEO': 0.1074929739405784, 'PZU': 0.08810133722240558, 'KGH': 0.0909242255713869, 'ALE': 0.06821717294513929, 'DNP': 0.05839960693936908, 'LPP': 0.053231950613356685, 'CDR': 0.055182493577237056, 'CPS': 0.03440287316931563, 'PGE': 0.03290730270163394, 'OPL': 0.024501549576876436, 'ACP': 0.0206558112731238, 'CCC': 0.010287784972285425, 'TPE': 0.013030015756192951, 'JSW': 0.011880453676232647, 'MRC': 0.0011462899256186464, 'PBG': 0.05576768488191798}"
830,2022-03-08,110609.83685302503,1.4551915228366852e-11,"{'PKO': 0.17680934913615365, 'PKN': 0.09706112412117585, 'PEO': 0.1074929739405784, 'PZU': 0.08810133722240558, 'KGH': 0.0909242255713869, 'ALE': 0.06821717294513929, 'DNP': 0.05839960693936908, 'LPP': 0.053231950613356685, 'CDR': 0.055182493577237056, 'CPS': 0.03440287316931563, 'PGE': 0.03290730270163394, 'OPL': 0.024501549576876436, 'ACP': 0.0206558112731238, 'CCC': 0.010287784972285425, 'TPE': 0.013030015756192951, 'JSW': 0.011880453676232647, 'MRC': 0.0011462899256186464, 'PBG': 0.05576768488191798}"
831,2022-03-09,115814.7391697847,1.4551915228366852e-11,"{'PKO': 0.17680934913615365, 'PKN': 0.09706112412117585, 'PEO': 0.1074929739405784, 'PZU': 0.08810133722240558, 'KGH': 0.0909242255713869, 'ALE': 0.06821717294513929, 'DNP': 0.05839960693936908, 'LPP': 0.053231950613356685, 'CDR': 0.055182493577237056, 'CPS': 0.03440287316931563, 'PGE': 0.03290730270163394, 'OPL': 0.024501549576876436, 'ACP': 0.0206558112731238, 'CCC': 0.010287784972285425, 'TPE': 0.013030015756192951, 'JSW': 0.011880453676232647, 'MRC': 0.0011462899256186464, 'PBG': 0.05576768488191798}"
832,2022-03-10,115689.7642075518,1.4551915228366852e-11,"{'PKO': 0.17680934913615365, 'PKN': 0.09706112412117585, 'PEO': 0.1074929739405784, 'PZU': 0.08810133722240558, 'KGH': 0.0909242255713869, 'ALE': 0.06821717294513929, 'DNP': 0.05839960693936908, 'LPP': 0.053231950613356685, 'CDR': 0.055182493577237056, 'CPS': 0.03440287316931563, 'PGE': 0.03290730270163394, 'OPL': 0.024501549576876436, 'ACP': 0.0206558112731238, 'CCC': 0.010287784972285425, 'TPE': 0.013030015756192951, 'JSW': 0.011880453676232647, 'MRC': 0.0011462899256186464, 'PBG': 0.05576768488191798}"
833,2022-03-11,119161.8475459869,1.4551915228366852e-11,"{'PKO': 0.17680934913615365, 'PKN': 0.09706112412117585, 'PEO': 0.1074929739405784, 'PZU': 0.08810133722240558, 'KGH': 0.0909242255713869, 'ALE': 0.06821717294513929, 'DNP': 0.05839960693936908, 'LPP': 0.053231950613356685, 'CDR': 0.055182493577237056, 'CPS': 0.03440287316931563, 'PGE': 0.03290730270163394, 'OPL': 0.024501549576876436, 'ACP': 0.0206558112731238, 'CCC': 0.010287784972285425, 'TPE': 0.013030015756192951, 'JSW': 0.011880453676232647, 'MRC': 0.0011462899256186464, 'PBG': 0.05576768488191798}"
834,2022-03-14,116062.47241043177,1.4551915228366852e-11,"{'PKO': 0.17680934913615365, 'PKN': 0.09706112412117585, 'PEO': 0.1074929739405784, 'PZU': 0.08810133722240558, 'KGH': 0.0909242255713869, 'ALE': 0.06821717294513929, 'DNP': 0.05839960693936908, 'LPP': 0.053231950613356685, 'CDR': 0.055182493577237056, 'CPS': 0.03440287316931563, 'PGE': 0.03290730270163394, 'OPL': 0.024501549576876436, 'ACP': 0.0206558112731238, 'CCC': 0.010287784972285425, 'TPE': 0.013030015756192951, 'JSW': 0.011880453676232647, 'MRC': 0.0011462899256186464, 'PBG': 0.05576768488191798}"
835,2022-03-15,117596.91050050542,1.4551915228366852e-11,"{'PKO': 0.17680934913615365, 'PKN': 0.09706112412117585, 'PEO': 0.1074929739405784, 'PZU': 0.08810133722240558, 'KGH': 0.0909242255713869, 'ALE': 0.06821717294513929, 'DNP': 0.05839960693936908, 'LPP': 0.053231950613356685, 'CDR': 0.055182493577237056, 'CPS': 0.03440287316931563, 'PGE': 0.03290730270163394, 'OPL': 0.024501549576876436, 'ACP': 0.0206558112731238, 'CCC': 0.010287784972285425, 'TPE': 0.013030015756192951, 'JSW': 0.011880453676232647, 'MRC': 0.0011462899256186464, 'PBG': 0.05576768488191798}"
836,2022-03-16,121200.70366599683,1.4551915228366852e-11,"{'PKO': 0.17680934913615365, 'PKN': 0.09706112412117585, 'PEO': 0.1074929739405784, 'PZU': 0.08810133722240558, 'KGH': 0.0909242255713869, 'ALE': 0.06821717294513929, 'DNP': 0.05839960693936908, 'LPP': 0.053231950613356685, 'CDR': 0.055182493577237056, 'CPS': 0.03440287316931563, 'PGE': 0.03290730270163394, 'OPL': 0.024501549576876436, 'ACP': 0.0206558112731238, 'CCC': 0.010287784972285425, 'TPE': 0.013030015756192951, 'JSW': 0.011880453676232647, 'MRC': 0.0011462899256186464, 'PBG': 0.05576768488191798}"
837,2022-03-17,124566.88944944096,1.4551915228366852e-11,"{'PKO': 0.17680934913615365, 'PKN': 0.09706112412117585, 'PEO': 0.1074929739405784, 'PZU': 0.08810133722240558, 'KGH': 0.0909242255713869, 'ALE': 0.06821717294513929, 'DNP': 0.05839960693936908, 'LPP': 0.053231950613356685, 'CDR': 0.055182493577237056, 'CPS': 0.03440287316931563, 'PGE': 0.03290730270163394, 'OPL': 0.024501549576876436, 'ACP': 0.0206558112731238, 'CCC': 0.010287784972285425, 'TPE': 0.013030015756192951, 'JSW': 0.011880453676232647, 'MRC': 0.0011462899256186464, 'PBG': 0.05576768488191798}"
838,2022-03-18,123108.01208701736,-1.4551915228366852e-11,"{'PKO': 0.15894629204791702, 'PEO': 0.10084930302050937, 'KGH': 0.09315100427565527, 'PKN': 0.0915149171095087, 'PZU': 0.08750523198211324, 'LPP': 0.06993848778497747, 'DNP': 0.06197421891142983, 'ALE': 0.05622672099097715, 'CDR': 0.05504098165229969, 'SPL': 0.05155370000476839, 'CPS': 0.03393927192001823, 'PGE': 0.026848148010787158, 'MBK': 0.02636177235712053, 'OPL': 0.023958504421356025, 'PCO': 0.021860413366323522, 'ACP': 0.019917030035550988, 'JSW': 0.01045548709091198, 'CCC': 0.009958515017775494}"
839,2022-03-21,122165.50577325307,-1.4551915228366852e-11,"{'PKO': 0.15894629204791702, 'PEO': 0.10084930302050937, 'KGH': 0.09315100427565527, 'PKN': 0.0915149171095087, 'PZU': 0.08750523198211324, 'LPP': 0.06993848778497747, 'DNP': 0.06197421891142983, 'ALE': 0.05622672099097715, 'CDR': 0.05504098165229969, 'SPL': 0.05155370000476839, 'CPS': 0.03393927192001823, 'PGE': 0.026848148010787158, 'MBK': 0.02636177235712053, 'OPL': 0.023958504421356025, 'PCO': 0.021860413366323522, 'ACP': 0.019917030035550988, 'JSW': 0.01045548709091198, 'CCC': 0.009958515017775494}"
840,2022-03-22,124061.3412185372,-1.4551915228366852e-11,"{'PKO': 0.15894629204791702, 'PEO': 0.10084930302050937, 'KGH': 0.09315100427565527, 'PKN': 0.0915149171095087, 'PZU': 0.08750523198211324, 'LPP': 0.06993848778497747, 'DNP': 0.06197421891142983, 'ALE': 0.05622672099097715, 'CDR': 0.05504098165229969, 'SPL': 0.05155370000476839, 'CPS': 0.03393927192001823, 'PGE': 0.026848148010787158, 'MBK': 0.02636177235712053, 'OPL': 0.023958504421356025, 'PCO': 0.021860413366323522, 'ACP': 0.019917030035550988, 'JSW': 0.01045548709091198, 'CCC': 0.009958515017775494}"
841,2022-03-23,124008.10401908461,-1.4551915228366852e-11,"{'PKO': 0.15894629204791702, 'PEO': 0.10084930302050937, 'KGH': 0.09315100427565527, 'PKN': 0.0915149171095087, 'PZU': 0.08750523198211324, 'LPP': 0.06993848778497747, 'DNP': 0.06197421891142983, 'ALE': 0.05622672099097715, 'CDR': 0.05504098165229969, 'SPL': 0.05155370000476839, 'CPS': 0.03393927192001823, 'PGE': 0.026848148010787158, 'MBK': 0.02636177235712053, 'OPL': 0.023958504421356025, 'PCO': 0.021860413366323522, 'ACP': 0.019917030035550988, 'JSW': 0.01045548709091198, 'CCC': 0.009958515017775494}"
842,2022-03-24,125046.02337779205,-1.4551915228366852e-11,"{'PKO': 0.15894629204791702, 'PEO': 0.10084930302050937, 'KGH': 0.09315100427565527, 'PKN': 0.0915149171095087, 'PZU': 0.08750523198211324, 'LPP': 0.06993848778497747, 'DNP': 0.06197421891142983, 'ALE': 0.05622672099097715, 'CDR': 0.05504098165229969, 'SPL': 0.05155370000476839, 'CPS': 0.03393927192001823, 'PGE': 0.026848148010787158, 'MBK': 0.02636177235712053, 'OPL': 0.023958504421356025, 'PCO': 0.021860413366323522, 'ACP': 0.019917030035550988, 'JSW': 0.01045548709091198, 'CCC': 0.009958515017775494}"
843,2022-03-25,123631.98117417164,-1.4551915228366852e-11,"{'PKO': 0.15894629204791702, 'PEO': 0.10084930302050937, 'KGH': 0.09315100427565527, 'PKN': 0.0915149171095087, 'PZU': 0.08750523198211324, 'LPP': 0.06993848778497747, 'DNP': 0.06197421891142983, 'ALE': 0.05622672099097715, 'CDR': 0.05504098165229969, 'SPL': 0.05155370000476839, 'CPS': 0.03393927192001823, 'PGE': 0.026848148010787158, 'MBK': 0.02636177235712053, 'OPL': 0.023958504421356025, 'PCO': 0.021860413366323522, 'ACP': 0.019917030035550988, 'JSW': 0.01045548709091198, 'CCC': 0.009958515017775494}"
844,2022-03-28,124145.74142256829,-1.4551915228366852e-11,"{'PKO': 0.15894629204791702, 'PEO': 0.10084930302050937, 'KGH': 0.09315100427565527, 'PKN': 0.0915149171095087, 'PZU': 0.08750523198211324, 'LPP': 0.06993848778497747, 'DNP': 0.06197421891142983, 'ALE': 0.05622672099097715, 'CDR': 0.05504098165229969, 'SPL': 0.05155370000476839, 'CPS': 0.03393927192001823, 'PGE': 0.026848148010787158, 'MBK': 0.02636177235712053, 'OPL': 0.023958504421356025, 'PCO': 0.021860413366323522, 'ACP': 0.019917030035550988, 'JSW': 0.01045548709091198, 'CCC': 0.009958515017775494}"
845,2022-03-29,128026.92801773385,-1.4551915228366852e-11,"{'PKO': 0.15894629204791702, 'PEO': 0.10084930302050937, 'KGH': 0.09315100427565527, 'PKN': 0.0915149171095087, 'PZU': 0.08750523198211324, 'LPP': 0.06993848778497747, 'DNP': 0.06197421891142983, 'ALE': 0.05622672099097715, 'CDR': 0.05504098165229969, 'SPL': 0.05155370000476839, 'CPS': 0.03393927192001823, 'PGE': 0.026848148010787158, 'MBK': 0.02636177235712053, 'OPL': 0.023958504421356025, 'PCO': 0.021860413366323522, 'ACP': 0.019917030035550988, 'JSW': 0.01045548709091198, 'CCC': 0.009958515017775494}"
846,2022-03-30,128559.3467346354,-1.4551915228366852e-11,"{'PKO': 0.15894629204791702, 'PEO': 0.10084930302050937, 'KGH': 0.09315100427565527, 'PKN': 0.0915149171095087, 'PZU': 0.08750523198211324, 'LPP': 0.06993848778497747, 'DNP': 0.06197421891142983, 'ALE': 0.05622672099097715, 'CDR': 0.05504098165229969, 'SPL': 0.05155370000476839, 'CPS': 0.03393927192001823, 'PGE': 0.026848148010787158, 'MBK': 0.02636177235712053, 'OPL': 0.023958504421356025, 'PCO': 0.021860413366323522, 'ACP': 0.019917030035550988, 'JSW': 0.01045548709091198, 'CCC': 0.009958515017775494}"
847,2022-03-31,125576.57106249333,-1.4551915228366852e-11,"{'PKO': 0.15894629204791702, 'PEO': 0.10084930302050937, 'KGH': 0.09315100427565527, 'PKN': 0.0915149171095087, 'PZU': 0.08750523198211324, 'LPP': 0.06993848778497747, 'DNP': 0.06197421891142983, 'ALE': 0.05622672099097715, 'CDR': 0.05504098165229969, 'SPL': 0.05155370000476839, 'CPS': 0.03393927192001823, 'PGE': 0.026848148010787158, 'MBK': 0.02636177235712053, 'OPL': 0.023958504421356025, 'PCO': 0.021860413366323522, 'ACP': 0.019917030035550988, 'JSW': 0.01045548709091198, 'CCC': 0.009958515017775494}"
848,2022-04-01,127609.48664532666,-1.4551915228366852e-11,"{'PKO': 0.15894629204791702, 'PEO': 0.10084930302050937, 'KGH': 0.09315100427565527, 'PKN': 0.0915149171095087, 'PZU': 0.08750523198211324, 'LPP': 0.06993848778497747, 'DNP': 0.06197421891142983, 'ALE': 0.05622672099097715, 'CDR': 0.05504098165229969, 'SPL': 0.05155370000476839, 'CPS': 0.03393927192001823, 'PGE': 0.026848148010787158, 'MBK': 0.02636177235712053, 'OPL': 0.023958504421356025, 'PCO': 0.021860413366323522, 'ACP': 0.019917030035550988, 'JSW': 0.01045548709091198, 'CCC': 0.009958515017775494}"
849,2022-04-04,127222.82481763484,-1.4551915228366852e-11,"{'PKO': 0.15894629204791702, 'PEO': 0.10084930302050937, 'KGH': 0.09315100427565527, 'PKN': 0.0915149171095087, 'PZU': 0.08750523198211324, 'LPP': 0.06993848778497747, 'DNP': 0.06197421891142983, 'ALE': 0.05622672099097715, 'CDR': 0.05504098165229969, 'SPL': 0.05155370000476839, 'CPS': 0.03393927192001823, 'PGE': 0.026848148010787158, 'MBK': 0.02636177235712053, 'OPL': 0.023958504421356025, 'PCO': 0.021860413366323522, 'ACP': 0.019917030035550988, 'JSW': 0.01045548709091198, 'CCC': 0.009958515017775494}"
850,2022-04-05,125011.90714430182,-1.4551915228366852e-11,"{'PKO': 0.15894629204791702, 'PEO': 0.10084930302050937, 'KGH': 0.09315100427565527, 'PKN': 0.0915149171095087, 'PZU': 0.08750523198211324, 'LPP': 0.06993848778497747, 'DNP': 0.06197421891142983, 'ALE': 0.05622672099097715, 'CDR': 0.05504098165229969, 'SPL': 0.05155370000476839, 'CPS': 0.03393927192001823, 'PGE': 0.026848148010787158, 'MBK': 0.02636177235712053, 'OPL': 0.023958504421356025, 'PCO': 0.021860413366323522, 'ACP': 0.019917030035550988, 'JSW': 0.01045548709091198, 'CCC': 0.009958515017775494}"
851,2022-04-06,123610.00353797952,-1.4551915228366852e-11,"{'PKO': 0.15894629204791702, 'PEO': 0.10084930302050937, 'KGH': 0.09315100427565527, 'PKN': 0.0915149171095087, 'PZU': 0.08750523198211324, 'LPP': 0.06993848778497747, 'DNP': 0.06197421891142983, 'ALE': 0.05622672099097715, 'CDR': 0.05504098165229969, 'SPL': 0.05155370000476839, 'CPS': 0.03393927192001823, 'PGE': 0.026848148010787158, 'MBK': 0.02636177235712053, 'OPL': 0.023958504421356025, 'PCO': 0.021860413366323522, 'ACP': 0.019917030035550988, 'JSW': 0.01045548709091198, 'CCC': 0.009958515017775494}"
852,2022-04-07,122023.0340046772,-1.4551915228366852e-11,"{'PKO': 0.15894629204791702, 'PEO': 0.10084930302050937, 'KGH': 0.09315100427565527, 'PKN': 0.0915149171095087, 'PZU': 0.08750523198211324, 'LPP': 0.06993848778497747, 'DNP': 0.06197421891142983, 'ALE': 0.05622672099097715, 'CDR': 0.05504098165229969, 'SPL': 0.05155370000476839, 'CPS': 0.03393927192001823, 'PGE': 0.026848148010787158, 'MBK': 0.02636177235712053, 'OPL': 0.023958504421356025, 'PCO': 0.021860413366323522, 'ACP': 0.019917030035550988, 'JSW': 0.01045548709091198, 'CCC': 0.009958515017775494}"
853,2022-04-08,122154.14094110901,-1.4551915228366852e-11,"{'PKO': 0.15894629204791702, 'PEO': 0.10084930302050937, 'KGH': 0.09315100427565527, 'PKN': 0.0915149171095087, 'PZU': 0.08750523198211324, 'LPP': 0.06993848778497747, 'DNP': 0.06197421891142983, 'ALE': 0.05622672099097715, 'CDR': 0.05504098165229969, 'SPL': 0.05155370000476839, 'CPS': 0.03393927192001823, 'PGE': 0.026848148010787158, 'MBK': 0.02636177235712053, 'OPL': 0.023958504421356025, 'PCO': 0.021860413366323522, 'ACP': 0.019917030035550988, 'JSW': 0.01045548709091198, 'CCC': 0.009958515017775494}"
854,2022-04-11,124090.7772812617,-1.4551915228366852e-11,"{'PKO': 0.15894629204791702, 'PEO': 0.10084930302050937, 'KGH': 0.09315100427565527, 'PKN': 0.0915149171095087, 'PZU': 0.08750523198211324, 'LPP': 0.06993848778497747, 'DNP': 0.06197421891142983, 'ALE': 0.05622672099097715, 'CDR': 0.05504098165229969, 'SPL': 0.05155370000476839, 'CPS': 0.03393927192001823, 'PGE': 0.026848148010787158, 'MBK': 0.02636177235712053, 'OPL': 0.023958504421356025, 'PCO': 0.021860413366323522, 'ACP': 0.019917030035550988, 'JSW': 0.01045548709091198, 'CCC': 0.009958515017775494}"
855,2022-04-12,122014.37363837045,-1.4551915228366852e-11,"{'PKO': 0.15894629204791702, 'PEO': 0.10084930302050937, 'KGH': 0.09315100427565527, 'PKN': 0.0915149171095087, 'PZU': 0.08750523198211324, 'LPP': 0.06993848778497747, 'DNP': 0.06197421891142983, 'ALE': 0.05622672099097715, 'CDR': 0.05504098165229969, 'SPL': 0.05155370000476839, 'CPS': 0.03393927192001823, 'PGE': 0.026848148010787158, 'MBK': 0.02636177235712053, 'OPL': 0.023958504421356025, 'PCO': 0.021860413366323522, 'ACP': 0.019917030035550988, 'JSW': 0.01045548709091198, 'CCC': 0.009958515017775494}"
856,2022-04-13,122330.10631869157,-1.4551915228366852e-11,"{'PKO': 0.15894629204791702, 'PEO': 0.10084930302050937, 'KGH': 0.09315100427565527, 'PKN': 0.0915149171095087, 'PZU': 0.08750523198211324, 'LPP': 0.06993848778497747, 'DNP': 0.06197421891142983, 'ALE': 0.05622672099097715, 'CDR': 0.05504098165229969, 'SPL': 0.05155370000476839, 'CPS': 0.03393927192001823, 'PGE': 0.026848148010787158, 'MBK': 0.02636177235712053, 'OPL': 0.023958504421356025, 'PCO': 0.021860413366323522, 'ACP': 0.019917030035550988, 'JSW': 0.01045548709091198, 'CCC': 0.009958515017775494}"
857,2022-04-14,121706.5119946521,-1.4551915228366852e-11,"{'PKO': 0.15894629204791702, 'PEO': 0.10084930302050937, 'KGH': 0.09315100427565527, 'PKN': 0.0915149171095087, 'PZU': 0.08750523198211324, 'LPP': 0.06993848778497747, 'DNP': 0.06197421891142983, 'ALE': 0.05622672099097715, 'CDR': 0.05504098165229969, 'SPL': 0.05155370000476839, 'CPS': 0.03393927192001823, 'PGE': 0.026848148010787158, 'MBK': 0.02636177235712053, 'OPL': 0.023958504421356025, 'PCO': 0.021860413366323522, 'ACP': 0.019917030035550988, 'JSW': 0.01045548709091198, 'CCC': 0.009958515017775494}"
858,2022-04-15,121706.5119946521,-1.4551915228366852e-11,"{'PKO': 0.15894629204791702, 'PEO': 0.10084930302050937, 'KGH': 0.09315100427565527, 'PKN': 0.0915149171095087, 'PZU': 0.08750523198211324, 'LPP': 0.06993848778497747, 'DNP': 0.06197421891142983, 'ALE': 0.05622672099097715, 'CDR': 0.05504098165229969, 'SPL': 0.05155370000476839, 'CPS': 0.03393927192001823, 'PGE': 0.026848148010787158, 'MBK': 0.02636177235712053, 'OPL': 0.023958504421356025, 'PCO': 0.021860413366323522, 'ACP': 0.019917030035550988, 'JSW': 0.01045548709091198, 'CCC': 0.009958515017775494}"
859,2022-04-18,121706.5119946521,-1.4551915228366852e-11,"{'PKO': 0.15894629204791702, 'PEO': 0.10084930302050937, 'KGH': 0.09315100427565527, 'PKN': 0.0915149171095087, 'PZU': 0.08750523198211324, 'LPP': 0.06993848778497747, 'DNP': 0.06197421891142983, 'ALE': 0.05622672099097715, 'CDR': 0.05504098165229969, 'SPL': 0.05155370000476839, 'CPS': 0.03393927192001823, 'PGE': 0.026848148010787158, 'MBK': 0.02636177235712053, 'OPL': 0.023958504421356025, 'PCO': 0.021860413366323522, 'ACP': 0.019917030035550988, 'JSW': 0.01045548709091198, 'CCC': 0.009958515017775494}"
860,2022-04-19,119867.5766553777,-1.4551915228366852e-11,"{'PKO': 0.15894629204791702, 'PEO': 0.10084930302050937, 'KGH': 0.09315100427565527, 'PKN': 0.0915149171095087, 'PZU': 0.08750523198211324, 'LPP': 0.06993848778497747, 'DNP': 0.06197421891142983, 'ALE': 0.05622672099097715, 'CDR': 0.05504098165229969, 'SPL': 0.05155370000476839, 'CPS': 0.03393927192001823, 'PGE': 0.026848148010787158, 'MBK': 0.02636177235712053, 'OPL': 0.023958504421356025, 'PCO': 0.021860413366323522, 'ACP': 0.019917030035550988, 'JSW': 0.01045548709091198, 'CCC': 0.009958515017775494}"
861,2022-04-20,119042.15674844406,-1.4551915228366852e-11,"{'PKO': 0.15894629204791702, 'PEO': 0.10084930302050937, 'KGH': 0.09315100427565527, 'PKN': 0.0915149171095087, 'PZU': 0.08750523198211324, 'LPP': 0.06993848778497747, 'DNP': 0.06197421891142983, 'ALE': 0.05622672099097715, 'CDR': 0.05504098165229969, 'SPL': 0.05155370000476839, 'CPS': 0.03393927192001823, 'PGE': 0.026848148010787158, 'MBK': 0.02636177235712053, 'OPL': 0.023958504421356025, 'PCO': 0.021860413366323522, 'ACP': 0.019917030035550988, 'JSW': 0.01045548709091198, 'CCC': 0.009958515017775494}"
862,2022-04-21,118291.50946400056,-1.4551915228366852e-11,"{'PKO': 0.15894629204791702, 'PEO': 0.10084930302050937, 'KGH': 0.09315100427565527, 'PKN': 0.0915149171095087, 'PZU': 0.08750523198211324, 'LPP': 0.06993848778497747, 'DNP': 0.06197421891142983, 'ALE': 0.05622672099097715, 'CDR': 0.05504098165229969, 'SPL': 0.05155370000476839, 'CPS': 0.03393927192001823, 'PGE': 0.026848148010787158, 'MBK': 0.02636177235712053, 'OPL': 0.023958504421356025, 'PCO': 0.021860413366323522, 'ACP': 0.019917030035550988, 'JSW': 0.01045548709091198, 'CCC': 0.009958515017775494}"
863,2022-04-22,114895.48977616728,-1.4551915228366852e-11,"{'PKO': 0.15894629204791702, 'PEO': 0.10084930302050937, 'KGH': 0.09315100427565527, 'PKN': 0.0915149171095087, 'PZU': 0.08750523198211324, 'LPP': 0.06993848778497747, 'DNP': 0.06197421891142983, 'ALE': 0.05622672099097715, 'CDR': 0.05504098165229969, 'SPL': 0.05155370000476839, 'CPS': 0.03393927192001823, 'PGE': 0.026848148010787158, 'MBK': 0.02636177235712053, 'OPL': 0.023958504421356025, 'PCO': 0.021860413366323522, 'ACP': 0.019917030035550988, 'JSW': 0.01045548709091198, 'CCC': 0.009958515017775494}"
864,2022-04-25,111475.25327866097,-1.4551915228366852e-11,"{'PKO': 0.15894629204791702, 'PEO': 0.10084930302050937, 'KGH': 0.09315100427565527, 'PKN': 0.0915149171095087, 'PZU': 0.08750523198211324, 'LPP': 0.06993848778497747, 'DNP': 0.06197421891142983, 'ALE': 0.05622672099097715, 'CDR': 0.05504098165229969, 'SPL': 0.05155370000476839, 'CPS': 0.03393927192001823, 'PGE': 0.026848148010787158, 'MBK': 0.02636177235712053, 'OPL': 0.023958504421356025, 'PCO': 0.021860413366323522, 'ACP': 0.019917030035550988, 'JSW': 0.01045548709091198, 'CCC': 0.009958515017775494}"
865,2022-04-26,110183.78006965424,-1.4551915228366852e-11,"{'PKO': 0.15894629204791702, 'PEO': 0.10084930302050937, 'KGH': 0.09315100427565527, 'PKN': 0.0915149171095087, 'PZU': 0.08750523198211324, 'LPP': 0.06993848778497747, 'DNP': 0.06197421891142983, 'ALE': 0.05622672099097715, 'CDR': 0.05504098165229969, 'SPL': 0.05155370000476839, 'CPS': 0.03393927192001823, 'PGE': 0.026848148010787158, 'MBK': 0.02636177235712053, 'OPL': 0.023958504421356025, 'PCO': 0.021860413366323522, 'ACP': 0.019917030035550988, 'JSW': 0.01045548709091198, 'CCC': 0.009958515017775494}"
866,2022-04-27,109027.74477754082,-1.4551915228366852e-11,"{'PKO': 0.15894629204791702, 'PEO': 0.10084930302050937, 'KGH': 0.09315100427565527, 'PKN': 0.0915149171095087, 'PZU': 0.08750523198211324, 'LPP': 0.06993848778497747, 'DNP': 0.06197421891142983, 'ALE': 0.05622672099097715, 'CDR': 0.05504098165229969, 'SPL': 0.05155370000476839, 'CPS': 0.03393927192001823, 'PGE': 0.026848148010787158, 'MBK': 0.02636177235712053, 'OPL': 0.023958504421356025, 'PCO': 0.021860413366323522, 'ACP': 0.019917030035550988, 'JSW': 0.01045548709091198, 'CCC': 0.009958515017775494}"
867,2022-04-28,108943.65143027685,-1.4551915228366852e-11,"{'PKO': 0.15894629204791702, 'PEO': 0.10084930302050937, 'KGH': 0.09315100427565527, 'PKN': 0.0915149171095087, 'PZU': 0.08750523198211324, 'LPP': 0.06993848778497747, 'DNP': 0.06197421891142983, 'ALE': 0.05622672099097715, 'CDR': 0.05504098165229969, 'SPL': 0.05155370000476839, 'CPS': 0.03393927192001823, 'PGE': 0.026848148010787158, 'MBK': 0.02636177235712053, 'OPL': 0.023958504421356025, 'PCO': 0.021860413366323522, 'ACP': 0.019917030035550988, 'JSW': 0.01045548709091198, 'CCC': 0.009958515017775494}"
868,2022-04-29,107269.69722642131,-1.4551915228366852e-11,"{'PKO': 0.15894629204791702, 'PEO': 0.10084930302050937, 'KGH': 0.09315100427565527, 'PKN': 0.0915149171095087, 'PZU': 0.08750523198211324, 'LPP': 0.06993848778497747, 'DNP': 0.06197421891142983, 'ALE': 0.05622672099097715, 'CDR': 0.05504098165229969, 'SPL': 0.05155370000476839, 'CPS': 0.03393927192001823, 'PGE': 0.026848148010787158, 'MBK': 0.02636177235712053, 'OPL': 0.023958504421356025, 'PCO': 0.021860413366323522, 'ACP': 0.019917030035550988, 'JSW': 0.01045548709091198, 'CCC': 0.009958515017775494}"
869,2022-05-02,105434.96883165043,-1.4551915228366852e-11,"{'PKO': 0.15894629204791702, 'PEO': 0.10084930302050937, 'KGH': 0.09315100427565527, 'PKN': 0.0915149171095087, 'PZU': 0.08750523198211324, 'LPP': 0.06993848778497747, 'DNP': 0.06197421891142983, 'ALE': 0.05622672099097715, 'CDR': 0.05504098165229969, 'SPL': 0.05155370000476839, 'CPS': 0.03393927192001823, 'PGE': 0.026848148010787158, 'MBK': 0.02636177235712053, 'OPL': 0.023958504421356025, 'PCO': 0.021860413366323522, 'ACP': 0.019917030035550988, 'JSW': 0.01045548709091198, 'CCC': 0.009958515017775494}"
870,2022-05-03,105434.96883165043,-1.4551915228366852e-11,"{'PKO': 0.15894629204791702, 'PEO': 0.10084930302050937, 'KGH': 0.09315100427565527, 'PKN': 0.0915149171095087, 'PZU': 0.08750523198211324, 'LPP': 0.06993848778497747, 'DNP': 0.06197421891142983, 'ALE': 0.05622672099097715, 'CDR': 0.05504098165229969, 'SPL': 0.05155370000476839, 'CPS': 0.03393927192001823, 'PGE': 0.026848148010787158, 'MBK': 0.02636177235712053, 'OPL': 0.023958504421356025, 'PCO': 0.021860413366323522, 'ACP': 0.019917030035550988, 'JSW': 0.01045548709091198, 'CCC': 0.009958515017775494}"
871,2022-05-04,104403.58610918357,-1.4551915228366852e-11,"{'PKO': 0.15894629204791702, 'PEO': 0.10084930302050937, 'KGH': 0.09315100427565527, 'PKN': 0.0915149171095087, 'PZU': 0.08750523198211324, 'LPP': 0.06993848778497747, 'DNP': 0.06197421891142983, 'ALE': 0.05622672099097715, 'CDR': 0.05504098165229969, 'SPL': 0.05155370000476839, 'CPS': 0.03393927192001823, 'PGE': 0.026848148010787158, 'MBK': 0.02636177235712053, 'OPL': 0.023958504421356025, 'PCO': 0.021860413366323522, 'ACP': 0.019917030035550988, 'JSW': 0.01045548709091198, 'CCC': 0.009958515017775494}"
872,2022-05-05,101605.39028736335,-1.4551915228366852e-11,"{'PKO': 0.15894629204791702, 'PEO': 0.10084930302050937, 'KGH': 0.09315100427565527, 'PKN': 0.0915149171095087, 'PZU': 0.08750523198211324, 'LPP': 0.06993848778497747, 'DNP': 0.06197421891142983, 'ALE': 0.05622672099097715, 'CDR': 0.05504098165229969, 'SPL': 0.05155370000476839, 'CPS': 0.03393927192001823, 'PGE': 0.026848148010787158, 'MBK': 0.02636177235712053, 'OPL': 0.023958504421356025, 'PCO': 0.021860413366323522, 'ACP': 0.019917030035550988, 'JSW': 0.01045548709091198, 'CCC': 0.009958515017775494}"
873,2022-05-06,101178.99079946893,-1.4551915228366852e-11,"{'PKO': 0.15894629204791702, 'PEO': 0.10084930302050937, 'KGH': 0.09315100427565527, 'PKN': 0.0915149171095087, 'PZU': 0.08750523198211324, 'LPP': 0.06993848778497747, 'DNP': 0.06197421891142983, 'ALE': 0.05622672099097715, 'CDR': 0.05504098165229969, 'SPL': 0.05155370000476839, 'CPS': 0.03393927192001823, 'PGE': 0.026848148010787158, 'MBK': 0.02636177235712053, 'OPL': 0.023958504421356025, 'PCO': 0.021860413366323522, 'ACP': 0.019917030035550988, 'JSW': 0.01045548709091198, 'CCC': 0.009958515017775494}"
874,2022-05-09,99036.97036952131,-1.4551915228366852e-11,"{'PKO': 0.15894629204791702, 'PEO': 0.10084930302050937, 'KGH': 0.09315100427565527, 'PKN': 0.0915149171095087, 'PZU': 0.08750523198211324, 'LPP': 0.06993848778497747, 'DNP': 0.06197421891142983, 'ALE': 0.05622672099097715, 'CDR': 0.05504098165229969, 'SPL': 0.05155370000476839, 'CPS': 0.03393927192001823, 'PGE': 0.026848148010787158, 'MBK': 0.02636177235712053, 'OPL': 0.023958504421356025, 'PCO': 0.021860413366323522, 'ACP': 0.019917030035550988, 'JSW': 0.01045548709091198, 'CCC': 0.009958515017775494}"
875,2022-05-10,98865.64001491494,-1.4551915228366852e-11,"{'PKO': 0.15894629204791702, 'PEO': 0.10084930302050937, 'KGH': 0.09315100427565527, 'PKN': 0.0915149171095087, 'PZU': 0.08750523198211324, 'LPP': 0.06993848778497747, 'DNP': 0.06197421891142983, 'ALE': 0.05622672099097715, 'CDR': 0.05504098165229969, 'SPL': 0.05155370000476839, 'CPS': 0.03393927192001823, 'PGE': 0.026848148010787158, 'MBK': 0.02636177235712053, 'OPL': 0.023958504421356025, 'PCO': 0.021860413366323522, 'ACP': 0.019917030035550988, 'JSW': 0.01045548709091198, 'CCC': 0.009958515017775494}"
876,2022-05-11,98926.93446653098,-1.4551915228366852e-11,"{'PKO': 0.15894629204791702, 'PEO': 0.10084930302050937, 'KGH': 0.09315100427565527, 'PKN': 0.0915149171095087, 'PZU': 0.08750523198211324, 'LPP': 0.06993848778497747, 'DNP': 0.06197421891142983, 'ALE': 0.05622672099097715, 'CDR': 0.05504098165229969, 'SPL': 0.05155370000476839, 'CPS': 0.03393927192001823, 'PGE': 0.026848148010787158, 'MBK': 0.02636177235712053, 'OPL': 0.023958504421356025, 'PCO': 0.021860413366323522, 'ACP': 0.019917030035550988, 'JSW': 0.01045548709091198, 'CCC': 0.009958515017775494}"
877,2022-05-12,97524.65475203937,-1.4551915228366852e-11,"{'PKO': 0.15894629204791702, 'PEO': 0.10084930302050937, 'KGH': 0.09315100427565527, 'PKN': 0.0915149171095087, 'PZU': 0.08750523198211324, 'LPP': 0.06993848778497747, 'DNP': 0.06197421891142983, 'ALE': 0.05622672099097715, 'CDR': 0.05504098165229969, 'SPL': 0.05155370000476839, 'CPS': 0.03393927192001823, 'PGE': 0.026848148010787158, 'MBK': 0.02636177235712053, 'OPL': 0.023958504421356025, 'PCO': 0.021860413366323522, 'ACP': 0.019917030035550988, 'JSW': 0.01045548709091198, 'CCC': 0.009958515017775494}"
878,2022-05-13,101886.2596188149,-1.4551915228366852e-11,"{'PKO': 0.15894629204791702, 'PEO': 0.10084930302050937, 'KGH': 0.09315100427565527, 'PKN': 0.0915149171095087, 'PZU': 0.08750523198211324, 'LPP': 0.06993848778497747, 'DNP': 0.06197421891142983, 'ALE': 0.05622672099097715, 'CDR': 0.05504098165229969, 'SPL': 0.05155370000476839, 'CPS': 0.03393927192001823, 'PGE': 0.026848148010787158, 'MBK': 0.02636177235712053, 'OPL': 0.023958504421356025, 'PCO': 0.021860413366323522, 'ACP': 0.019917030035550988, 'JSW': 0.01045548709091198, 'CCC': 0.009958515017775494}"
879,2022-05-16,101608.05533820763,-1.4551915228366852e-11,"{'PKO': 0.15894629204791702, 'PEO': 0.10084930302050937, 'KGH': 0.09315100427565527, 'PKN': 0.0915149171095087, 'PZU': 0.08750523198211324, 'LPP': 0.06993848778497747, 'DNP': 0.06197421891142983, 'ALE': 0.05622672099097715, 'CDR': 0.05504098165229969, 'SPL': 0.05155370000476839, 'CPS': 0.03393927192001823, 'PGE': 0.026848148010787158, 'MBK': 0.02636177235712053, 'OPL': 0.023958504421356025, 'PCO': 0.021860413366323522, 'ACP': 0.019917030035550988, 'JSW': 0.01045548709091198, 'CCC': 0.009958515017775494}"
880,2022-05-17,104298.95041062044,-1.4551915228366852e-11,"{'PKO': 0.15894629204791702, 'PEO': 0.10084930302050937, 'KGH': 0.09315100427565527, 'PKN': 0.0915149171095087, 'PZU': 0.08750523198211324, 'LPP': 0.06993848778497747, 'DNP': 0.06197421891142983, 'ALE': 0.05622672099097715, 'CDR': 0.05504098165229969, 'SPL': 0.05155370000476839, 'CPS': 0.03393927192001823, 'PGE': 0.026848148010787158, 'MBK': 0.02636177235712053, 'OPL': 0.023958504421356025, 'PCO': 0.021860413366323522, 'ACP': 0.019917030035550988, 'JSW': 0.01045548709091198, 'CCC': 0.009958515017775494}"
881,2022-05-18,104354.80988982323,-1.4551915228366852e-11,"{'PKO': 0.15894629204791702, 'PEO': 0.10084930302050937, 'KGH': 0.09315100427565527, 'PKN': 0.0915149171095087, 'PZU': 0.08750523198211324, 'LPP': 0.06993848778497747, 'DNP': 0.06197421891142983, 'ALE': 0.05622672099097715, 'CDR': 0.05504098165229969, 'SPL': 0.05155370000476839, 'CPS': 0.03393927192001823, 'PGE': 0.026848148010787158, 'MBK': 0.02636177235712053, 'OPL': 0.023958504421356025, 'PCO': 0.021860413366323522, 'ACP': 0.019917030035550988, 'JSW': 0.01045548709091198, 'CCC': 0.009958515017775494}"
882,2022-05-19,102346.79514039238,-1.4551915228366852e-11,"{'PKO': 0.15894629204791702, 'PEO': 0.10084930302050937, 'KGH': 0.09315100427565527, 'PKN': 0.0915149171095087, 'PZU': 0.08750523198211324, 'LPP': 0.06993848778497747, 'DNP': 0.06197421891142983, 'ALE': 0.05622672099097715, 'CDR': 0.05504098165229969, 'SPL': 0.05155370000476839, 'CPS': 0.03393927192001823, 'PGE': 0.026848148010787158, 'MBK': 0.02636177235712053, 'OPL': 0.023958504421356025, 'PCO': 0.021860413366323522, 'ACP': 0.019917030035550988, 'JSW': 0.01045548709091198, 'CCC': 0.009958515017775494}"
883,2022-05-20,102865.26604248543,-1.4551915228366852e-11,"{'PKO': 0.15894629204791702, 'PEO': 0.10084930302050937, 'KGH': 0.09315100427565527, 'PKN': 0.0915149171095087, 'PZU': 0.08750523198211324, 'LPP': 0.06993848778497747, 'DNP': 0.06197421891142983, 'ALE': 0.05622672099097715, 'CDR': 0.05504098165229969, 'SPL': 0.05155370000476839, 'CPS': 0.03393927192001823, 'PGE': 0.026848148010787158, 'MBK': 0.02636177235712053, 'OPL': 0.023958504421356025, 'PCO': 0.021860413366323522, 'ACP': 0.019917030035550988, 'JSW': 0.01045548709091198, 'CCC': 0.009958515017775494}"
884,2022-05-23,106067.90383480547,-1.4551915228366852e-11,"{'PKO': 0.15894629204791702, 'PEO': 0.10084930302050937, 'KGH': 0.09315100427565527, 'PKN': 0.0915149171095087, 'PZU': 0.08750523198211324, 'LPP': 0.06993848778497747, 'DNP': 0.06197421891142983, 'ALE': 0.05622672099097715, 'CDR': 0.05504098165229969, 'SPL': 0.05155370000476839, 'CPS': 0.03393927192001823, 'PGE': 0.026848148010787158, 'MBK': 0.02636177235712053, 'OPL': 0.023958504421356025, 'PCO': 0.021860413366323522, 'ACP': 0.019917030035550988, 'JSW': 0.01045548709091198, 'CCC': 0.009958515017775494}"
885,2022-05-24,104677.29303016256,-1.4551915228366852e-11,"{'PKO': 0.15894629204791702, 'PEO': 0.10084930302050937, 'KGH': 0.09315100427565527, 'PKN': 0.0915149171095087, 'PZU': 0.08750523198211324, 'LPP': 0.06993848778497747, 'DNP': 0.06197421891142983, 'ALE': 0.05622672099097715, 'CDR': 0.05504098165229969, 'SPL': 0.05155370000476839, 'CPS': 0.03393927192001823, 'PGE': 0.026848148010787158, 'MBK': 0.02636177235712053, 'OPL': 0.023958504421356025, 'PCO': 0.021860413366323522, 'ACP': 0.019917030035550988, 'JSW': 0.01045548709091198, 'CCC': 0.009958515017775494}"
886,2022-05-25,103583.54925930157,-1.4551915228366852e-11,"{'PKO': 0.15894629204791702, 'PEO': 0.10084930302050937, 'KGH': 0.09315100427565527, 'PKN': 0.0915149171095087, 'PZU': 0.08750523198211324, 'LPP': 0.06993848778497747, 'DNP': 0.06197421891142983, 'ALE': 0.05622672099097715, 'CDR': 0.05504098165229969, 'SPL': 0.05155370000476839, 'CPS': 0.03393927192001823, 'PGE': 0.026848148010787158, 'MBK': 0.02636177235712053, 'OPL': 0.023958504421356025, 'PCO': 0.021860413366323522, 'ACP': 0.019917030035550988, 'JSW': 0.01045548709091198, 'CCC': 0.009958515017775494}"
887,2022-05-26,105415.76520117448,-1.4551915228366852e-11,"{'PKO': 0.15894629204791702, 'PEO': 0.10084930302050937, 'KGH': 0.09315100427565527, 'PKN': 0.0915149171095087, 'PZU': 0.08750523198211324, 'LPP': 0.06993848778497747, 'DNP': 0.06197421891142983, 'ALE': 0.05622672099097715, 'CDR': 0.05504098165229969, 'SPL': 0.05155370000476839, 'CPS': 0.03393927192001823, 'PGE': 0.026848148010787158, 'MBK': 0.02636177235712053, 'OPL': 0.023958504421356025, 'PCO': 0.021860413366323522, 'ACP': 0.019917030035550988, 'JSW': 0.01045548709091198, 'CCC': 0.009958515017775494}"
888,2022-05-27,104582.99419047507,-1.4551915228366852e-11,"{'PKO': 0.15894629204791702, 'PEO': 0.10084930302050937, 'KGH': 0.09315100427565527, 'PKN': 0.0915149171095087, 'PZU': 0.08750523198211324, 'LPP': 0.06993848778497747, 'DNP': 0.06197421891142983, 'ALE': 0.05622672099097715, 'CDR': 0.05504098165229969, 'SPL': 0.05155370000476839, 'CPS': 0.03393927192001823, 'PGE': 0.026848148010787158, 'MBK': 0.02636177235712053, 'OPL': 0.023958504421356025, 'PCO': 0.021860413366323522, 'ACP': 0.019917030035550988, 'JSW': 0.01045548709091198, 'CCC': 0.009958515017775494}"
889,2022-05-30,107544.55811061378,-1.4551915228366852e-11,"{'PKO': 0.15894629204791702, 'PEO': 0.10084930302050937, 'KGH': 0.09315100427565527, 'PKN': 0.0915149171095087, 'PZU': 0.08750523198211324, 'LPP': 0.06993848778497747, 'DNP': 0.06197421891142983, 'ALE': 0.05622672099097715, 'CDR': 0.05504098165229969, 'SPL': 0.05155370000476839, 'CPS': 0.03393927192001823, 'PGE': 0.026848148010787158, 'MBK': 0.02636177235712053, 'OPL': 0.023958504421356025, 'PCO': 0.021860413366323522, 'ACP': 0.019917030035550988, 'JSW': 0.01045548709091198, 'CCC': 0.009958515017775494}"
890,2022-05-31,106803.0764680894,-1.4551915228366852e-11,"{'PKO': 0.15894629204791702, 'PEO': 0.10084930302050937, 'KGH': 0.09315100427565527, 'PKN': 0.0915149171095087, 'PZU': 0.08750523198211324, 'LPP': 0.06993848778497747, 'DNP': 0.06197421891142983, 'ALE': 0.05622672099097715, 'CDR': 0.05504098165229969, 'SPL': 0.05155370000476839, 'CPS': 0.03393927192001823, 'PGE': 0.026848148010787158, 'MBK': 0.02636177235712053, 'OPL': 0.023958504421356025, 'PCO': 0.021860413366323522, 'ACP': 0.019917030035550988, 'JSW': 0.01045548709091198, 'CCC': 0.009958515017775494}"
891,2022-06-01,105676.8368187264,-1.4551915228366852e-11,"{'PKO': 0.15894629204791702, 'PEO': 0.10084930302050937, 'KGH': 0.09315100427565527, 'PKN': 0.0915149171095087, 'PZU': 0.08750523198211324, 'LPP': 0.06993848778497747, 'DNP': 0.06197421891142983, 'ALE': 0.05622672099097715, 'CDR': 0.05504098165229969, 'SPL': 0.05155370000476839, 'CPS': 0.03393927192001823, 'PGE': 0.026848148010787158, 'MBK': 0.02636177235712053, 'OPL': 0.023958504421356025, 'PCO': 0.021860413366323522, 'ACP': 0.019917030035550988, 'JSW': 0.01045548709091198, 'CCC': 0.009958515017775494}"
892,2022-06-02,106303.31564850605,-1.4551915228366852e-11,"{'PKO': 0.15894629204791702, 'PEO': 0.10084930302050937, 'KGH': 0.09315100427565527, 'PKN': 0.0915149171095087, 'PZU': 0.08750523198211324, 'LPP': 0.06993848778497747, 'DNP': 0.06197421891142983, 'ALE': 0.05622672099097715, 'CDR': 0.05504098165229969, 'SPL': 0.05155370000476839, 'CPS': 0.03393927192001823, 'PGE': 0.026848148010787158, 'MBK': 0.02636177235712053, 'OPL': 0.023958504421356025, 'PCO': 0.021860413366323522, 'ACP': 0.019917030035550988, 'JSW': 0.01045548709091198, 'CCC': 0.009958515017775494}"
893,2022-06-03,104971.07828605449,-1.4551915228366852e-11,"{'PKO': 0.15894629204791702, 'PEO': 0.10084930302050937, 'KGH': 0.09315100427565527, 'PKN': 0.0915149171095087, 'PZU': 0.08750523198211324, 'LPP': 0.06993848778497747, 'DNP': 0.06197421891142983, 'ALE': 0.05622672099097715, 'CDR': 0.05504098165229969, 'SPL': 0.05155370000476839, 'CPS': 0.03393927192001823, 'PGE': 0.026848148010787158, 'MBK': 0.02636177235712053, 'OPL': 0.023958504421356025, 'PCO': 0.021860413366323522, 'ACP': 0.019917030035550988, 'JSW': 0.01045548709091198, 'CCC': 0.009958515017775494}"
894,2022-06-06,106934.25658539489,-1.4551915228366852e-11,"{'PKO': 0.15894629204791702, 'PEO': 0.10084930302050937, 'KGH': 0.09315100427565527, 'PKN': 0.0915149171095087, 'PZU': 0.08750523198211324, 'LPP': 0.06993848778497747, 'DNP': 0.06197421891142983, 'ALE': 0.05622672099097715, 'CDR': 0.05504098165229969, 'SPL': 0.05155370000476839, 'CPS': 0.03393927192001823, 'PGE': 0.026848148010787158, 'MBK': 0.02636177235712053, 'OPL': 0.023958504421356025, 'PCO': 0.021860413366323522, 'ACP': 0.019917030035550988, 'JSW': 0.01045548709091198, 'CCC': 0.009958515017775494}"
895,2022-06-07,105477.37546003926,-1.4551915228366852e-11,"{'PKO': 0.15894629204791702, 'PEO': 0.10084930302050937, 'KGH': 0.09315100427565527, 'PKN': 0.0915149171095087, 'PZU': 0.08750523198211324, 'LPP': 0.06993848778497747, 'DNP': 0.06197421891142983, 'ALE': 0.05622672099097715, 'CDR': 0.05504098165229969, 'SPL': 0.05155370000476839, 'CPS': 0.03393927192001823, 'PGE': 0.026848148010787158, 'MBK': 0.02636177235712053, 'OPL': 0.023958504421356025, 'PCO': 0.021860413366323522, 'ACP': 0.019917030035550988, 'JSW': 0.01045548709091198, 'CCC': 0.009958515017775494}"
896,2022-06-08,103284.15223893974,-1.4551915228366852e-11,"{'PKO': 0.15894629204791702, 'PEO': 0.10084930302050937, 'KGH': 0.09315100427565527, 'PKN': 0.0915149171095087, 'PZU': 0.08750523198211324, 'LPP': 0.06993848778497747, 'DNP': 0.06197421891142983, 'ALE': 0.05622672099097715, 'CDR': 0.05504098165229969, 'SPL': 0.05155370000476839, 'CPS': 0.03393927192001823, 'PGE': 0.026848148010787158, 'MBK': 0.02636177235712053, 'OPL': 0.023958504421356025, 'PCO': 0.021860413366323522, 'ACP': 0.019917030035550988, 'JSW': 0.01045548709091198, 'CCC': 0.009958515017775494}"
897,2022-06-09,101799.19343336548,-1.4551915228366852e-11,"{'PKO': 0.15894629204791702, 'PEO': 0.10084930302050937, 'KGH': 0.09315100427565527, 'PKN': 0.0915149171095087, 'PZU': 0.08750523198211324, 'LPP': 0.06993848778497747, 'DNP': 0.06197421891142983, 'ALE': 0.05622672099097715, 'CDR': 0.05504098165229969, 'SPL': 0.05155370000476839, 'CPS': 0.03393927192001823, 'PGE': 0.026848148010787158, 'MBK': 0.02636177235712053, 'OPL': 0.023958504421356025, 'PCO': 0.021860413366323522, 'ACP': 0.019917030035550988, 'JSW': 0.01045548709091198, 'CCC': 0.009958515017775494}"
898,2022-06-10,99129.51077770526,-1.4551915228366852e-11,"{'PKO': 0.15894629204791702, 'PEO': 0.10084930302050937, 'KGH': 0.09315100427565527, 'PKN': 0.0915149171095087, 'PZU': 0.08750523198211324, 'LPP': 0.06993848778497747, 'DNP': 0.06197421891142983, 'ALE': 0.05622672099097715, 'CDR': 0.05504098165229969, 'SPL': 0.05155370000476839, 'CPS': 0.03393927192001823, 'PGE': 0.026848148010787158, 'MBK': 0.02636177235712053, 'OPL': 0.023958504421356025, 'PCO': 0.021860413366323522, 'ACP': 0.019917030035550988, 'JSW': 0.01045548709091198, 'CCC': 0.009958515017775494}"
899,2022-06-13,96339.4091711677,-1.4551915228366852e-11,"{'PKO': 0.15894629204791702, 'PEO': 0.10084930302050937, 'KGH': 0.09315100427565527, 'PKN': 0.0915149171095087, 'PZU': 0.08750523198211324, 'LPP': 0.06993848778497747, 'DNP': 0.06197421891142983, 'ALE': 0.05622672099097715, 'CDR': 0.05504098165229969, 'SPL': 0.05155370000476839, 'CPS': 0.03393927192001823, 'PGE': 0.026848148010787158, 'MBK': 0.02636177235712053, 'OPL': 0.023958504421356025, 'PCO': 0.021860413366323522, 'ACP': 0.019917030035550988, 'JSW': 0.01045548709091198, 'CCC': 0.009958515017775494}"
900,2022-06-14,97606.17853282182,-1.4551915228366852e-11,"{'PKO': 0.15894629204791702, 'PEO': 0.10084930302050937, 'KGH': 0.09315100427565527, 'PKN': 0.0915149171095087, 'PZU': 0.08750523198211324, 'LPP': 0.06993848778497747, 'DNP': 0.06197421891142983, 'ALE': 0.05622672099097715, 'CDR': 0.05504098165229969, 'SPL': 0.05155370000476839, 'CPS': 0.03393927192001823, 'PGE': 0.026848148010787158, 'MBK': 0.02636177235712053, 'OPL': 0.023958504421356025, 'PCO': 0.021860413366323522, 'ACP': 0.019917030035550988, 'JSW': 0.01045548709091198, 'CCC': 0.009958515017775494}"
901,2022-06-15,97706.4299449513,-1.4551915228366852e-11,"{'PKO': 0.15894629204791702, 'PEO': 0.10084930302050937, 'KGH': 0.09315100427565527, 'PKN': 0.0915149171095087, 'PZU': 0.08750523198211324, 'LPP': 0.06993848778497747, 'DNP': 0.06197421891142983, 'ALE': 0.05622672099097715, 'CDR': 0.05504098165229969, 'SPL': 0.05155370000476839, 'CPS': 0.03393927192001823, 'PGE': 0.026848148010787158, 'MBK': 0.02636177235712053, 'OPL': 0.023958504421356025, 'PCO': 0.021860413366323522, 'ACP': 0.019917030035550988, 'JSW': 0.01045548709091198, 'CCC': 0.009958515017775494}"
902,2022-06-16,97706.4299449513,-1.4551915228366852e-11,"{'PKO': 0.15894629204791702, 'PEO': 0.10084930302050937, 'KGH': 0.09315100427565527, 'PKN': 0.0915149171095087, 'PZU': 0.08750523198211324, 'LPP': 0.06993848778497747, 'DNP': 0.06197421891142983, 'ALE': 0.05622672099097715, 'CDR': 0.05504098165229969, 'SPL': 0.05155370000476839, 'CPS': 0.03393927192001823, 'PGE': 0.026848148010787158, 'MBK': 0.02636177235712053, 'OPL': 0.023958504421356025, 'PCO': 0.021860413366323522, 'ACP': 0.019917030035550988, 'JSW': 0.01045548709091198, 'CCC': 0.009958515017775494}"
903,2022-06-17,96084.88516745328,2.9103830456733704e-11,"{'PKO': 0.14095609701081416, 'PKN': 0.10974120617183807, 'KGH': 0.09872316521422282, 'PZU': 0.09340826179559365, 'PEO': 0.08703710130090964, 'DNP': 0.07807409849434566, 'LPP': 0.057762296610867944, 'ALE': 0.05523443701714737, 'CDR': 0.04526506196563586, 'SPL': 0.04465559946384651, 'PGE': 0.04176227925962235, 'CPS': 0.029802933228069112, 'PCO': 0.02632075512620862, 'ACP': 0.023403576959280966, 'OPL': 0.02105573653868677, 'JSW': 0.018997445029085024, 'MBK': 0.01845955641540617, 'CCC': 0.0093403923984193}"
904,2022-06-20,96572.89964329486,2.9103830456733704e-11,"{'PKO': 0.14095609701081416, 'PKN': 0.10974120617183807, 'KGH': 0.09872316521422282, 'PZU': 0.09340826179559365, 'PEO': 0.08703710130090964, 'DNP': 0.07807409849434566, 'LPP': 0.057762296610867944, 'ALE': 0.05523443701714737, 'CDR': 0.04526506196563586, 'SPL': 0.04465559946384651, 'PGE': 0.04176227925962235, 'CPS': 0.029802933228069112, 'PCO': 0.02632075512620862, 'ACP': 0.023403576959280966, 'OPL': 0.02105573653868677, 'JSW': 0.018997445029085024, 'MBK': 0.01845955641540617, 'CCC': 0.0093403923984193}"
905,2022-06-21,98789.28625892897,2.9103830456733704e-11,"{'PKO': 0.14095609701081416, 'PKN': 0.10974120617183807, 'KGH': 0.09872316521422282, 'PZU': 0.09340826179559365, 'PEO': 0.08703710130090964, 'DNP': 0.07807409849434566, 'LPP': 0.057762296610867944, 'ALE': 0.05523443701714737, 'CDR': 0.04526506196563586, 'SPL': 0.04465559946384651, 'PGE': 0.04176227925962235, 'CPS': 0.029802933228069112, 'PCO': 0.02632075512620862, 'ACP': 0.023403576959280966, 'OPL': 0.02105573653868677, 'JSW': 0.018997445029085024, 'MBK': 0.01845955641540617, 'CCC': 0.0093403923984193}"
906,2022-06-22,96752.1177270812,2.9103830456733704e-11,"{'PKO': 0.14095609701081416, 'PKN': 0.10974120617183807, 'KGH': 0.09872316521422282, 'PZU': 0.09340826179559365, 'PEO': 0.08703710130090964, 'DNP': 0.07807409849434566, 'LPP': 0.057762296610867944, 'ALE': 0.05523443701714737, 'CDR': 0.04526506196563586, 'SPL': 0.04465559946384651, 'PGE': 0.04176227925962235, 'CPS': 0.029802933228069112, 'PCO': 0.02632075512620862, 'ACP': 0.023403576959280966, 'OPL': 0.02105573653868677, 'JSW': 0.018997445029085024, 'MBK': 0.01845955641540617, 'CCC': 0.0093403923984193}"
907,2022-06-23,95490.10081885428,2.9103830456733704e-11,"{'PKO': 0.14095609701081416, 'PKN': 0.10974120617183807, 'KGH': 0.09872316521422282, 'PZU': 0.09340826179559365, 'PEO': 0.08703710130090964, 'DNP': 0.07807409849434566, 'LPP': 0.057762296610867944, 'ALE': 0.05523443701714737, 'CDR': 0.04526506196563586, 'SPL': 0.04465559946384651, 'PGE': 0.04176227925962235, 'CPS': 0.029802933228069112, 'PCO': 0.02632075512620862, 'ACP': 0.023403576959280966, 'OPL': 0.02105573653868677, 'JSW': 0.018997445029085024, 'MBK': 0.01845955641540617, 'CCC': 0.0093403923984193}"
908,2022-06-24,97286.4743745382,2.9103830456733704e-11,"{'PKO': 0.14095609701081416, 'PKN': 0.10974120617183807, 'KGH': 0.09872316521422282, 'PZU': 0.09340826179559365, 'PEO': 0.08703710130090964, 'DNP': 0.07807409849434566, 'LPP': 0.057762296610867944, 'ALE': 0.05523443701714737, 'CDR': 0.04526506196563586, 'SPL': 0.04465559946384651, 'PGE': 0.04176227925962235, 'CPS': 0.029802933228069112, 'PCO': 0.02632075512620862, 'ACP': 0.023403576959280966, 'OPL': 0.02105573653868677, 'JSW': 0.018997445029085024, 'MBK': 0.01845955641540617, 'CCC': 0.0093403923984193}"
909,2022-06-27,98876.80268747808,2.9103830456733704e-11,"{'PKO': 0.14095609701081416, 'PKN': 0.10974120617183807, 'KGH': 0.09872316521422282, 'PZU': 0.09340826179559365, 'PEO': 0.08703710130090964, 'DNP': 0.07807409849434566, 'LPP': 0.057762296610867944, 'ALE': 0.05523443701714737, 'CDR': 0.04526506196563586, 'SPL': 0.04465559946384651, 'PGE': 0.04176227925962235, 'CPS': 0.029802933228069112, 'PCO': 0.02632075512620862, 'ACP': 0.023403576959280966, 'OPL': 0.02105573653868677, 'JSW': 0.018997445029085024, 'MBK': 0.01845955641540617, 'CCC': 0.0093403923984193}"
910,2022-06-28,100318.29827219302,2.9103830456733704e-11,"{'PKO': 0.14095609701081416, 'PKN': 0.10974120617183807, 'KGH': 0.09872316521422282, 'PZU': 0.09340826179559365, 'PEO': 0.08703710130090964, 'DNP': 0.07807409849434566, 'LPP': 0.057762296610867944, 'ALE': 0.05523443701714737, 'CDR': 0.04526506196563586, 'SPL': 0.04465559946384651, 'PGE': 0.04176227925962235, 'CPS': 0.029802933228069112, 'PCO': 0.02632075512620862, 'ACP': 0.023403576959280966, 'OPL': 0.02105573653868677, 'JSW': 0.018997445029085024, 'MBK': 0.01845955641540617, 'CCC': 0.0093403923984193}"
911,2022-06-29,99851.72948268296,2.9103830456733704e-11,"{'PKO': 0.14095609701081416, 'PKN': 0.10974120617183807, 'KGH': 0.09872316521422282, 'PZU': 0.09340826179559365, 'PEO': 0.08703710130090964, 'DNP': 0.07807409849434566, 'LPP': 0.057762296610867944, 'ALE': 0.05523443701714737, 'CDR': 0.04526506196563586, 'SPL': 0.04465559946384651, 'PGE': 0.04176227925962235, 'CPS': 0.029802933228069112, 'PCO': 0.02632075512620862, 'ACP': 0.023403576959280966, 'OPL': 0.02105573653868677, 'JSW': 0.018997445029085024, 'MBK': 0.01845955641540617, 'CCC': 0.0093403923984193}"
912,2022-06-30,97823.49255202654,2.9103830456733704e-11,"{'PKO': 0.14095609701081416, 'PKN': 0.10974120617183807, 'KGH': 0.09872316521422282, 'PZU': 0.09340826179559365, 'PEO': 0.08703710130090964, 'DNP': 0.07807409849434566, 'LPP': 0.057762296610867944, 'ALE': 0.05523443701714737, 'CDR': 0.04526506196563586, 'SPL': 0.04465559946384651, 'PGE': 0.04176227925962235, 'CPS': 0.029802933228069112, 'PCO': 0.02632075512620862, 'ACP': 0.023403576959280966, 'OPL': 0.02105573653868677, 'JSW': 0.018997445029085024, 'MBK': 0.01845955641540617, 'CCC': 0.0093403923984193}"
913,2022-07-01,97387.43555132179,2.9103830456733704e-11,"{'PKO': 0.14095609701081416, 'PKN': 0.10974120617183807, 'KGH': 0.09872316521422282, 'PZU': 0.09340826179559365, 'PEO': 0.08703710130090964, 'DNP': 0.07807409849434566, 'LPP': 0.057762296610867944, 'ALE': 0.05523443701714737, 'CDR': 0.04526506196563586, 'SPL': 0.04465559946384651, 'PGE': 0.04176227925962235, 'CPS': 0.029802933228069112, 'PCO': 0.02632075512620862, 'ACP': 0.023403576959280966, 'OPL': 0.02105573653868677, 'JSW': 0.018997445029085024, 'MBK': 0.01845955641540617, 'CCC': 0.0093403923984193}"
914,2022-07-04,97379.15334370427,2.9103830456733704e-11,"{'PKO': 0.14095609701081416, 'PKN': 0.10974120617183807, 'KGH': 0.09872316521422282, 'PZU': 0.09340826179559365, 'PEO': 0.08703710130090964, 'DNP': 0.07807409849434566, 'LPP': 0.057762296610867944, 'ALE': 0.05523443701714737, 'CDR': 0.04526506196563586, 'SPL': 0.04465559946384651, 'PGE': 0.04176227925962235, 'CPS': 0.029802933228069112, 'PCO': 0.02632075512620862, 'ACP': 0.023403576959280966, 'OPL': 0.02105573653868677, 'JSW': 0.018997445029085024, 'MBK': 0.01845955641540617, 'CCC': 0.0093403923984193}"
915,2022-07-05,94674.51060096793,2.9103830456733704e-11,"{'PKO': 0.14095609701081416, 'PKN': 0.10974120617183807, 'KGH': 0.09872316521422282, 'PZU': 0.09340826179559365, 'PEO': 0.08703710130090964, 'DNP': 0.07807409849434566, 'LPP': 0.057762296610867944, 'ALE': 0.05523443701714737, 'CDR': 0.04526506196563586, 'SPL': 0.04465559946384651, 'PGE': 0.04176227925962235, 'CPS': 0.029802933228069112, 'PCO': 0.02632075512620862, 'ACP': 0.023403576959280966, 'OPL': 0.02105573653868677, 'JSW': 0.018997445029085024, 'MBK': 0.01845955641540617, 'CCC': 0.0093403923984193}"
916,2022-07-06,95953.63478953335,2.9103830456733704e-11,"{'PKO': 0.14095609701081416, 'PKN': 0.10974120617183807, 'KGH': 0.09872316521422282, 'PZU': 0.09340826179559365, 'PEO': 0.08703710130090964, 'DNP': 0.07807409849434566, 'LPP': 0.057762296610867944, 'ALE': 0.05523443701714737, 'CDR': 0.04526506196563586, 'SPL': 0.04465559946384651, 'PGE': 0.04176227925962235, 'CPS': 0.029802933228069112, 'PCO': 0.02632075512620862, 'ACP': 0.023403576959280966, 'OPL': 0.02105573653868677, 'JSW': 0.018997445029085024, 'MBK': 0.01845955641540617, 'CCC': 0.0093403923984193}"
917,2022-07-07,99058.11202614522,2.9103830456733704e-11,"{'PKO': 0.14095609701081416, 'PKN': 0.10974120617183807, 'KGH': 0.09872316521422282, 'PZU': 0.09340826179559365, 'PEO': 0.08703710130090964, 'DNP': 0.07807409849434566, 'LPP': 0.057762296610867944, 'ALE': 0.05523443701714737, 'CDR': 0.04526506196563586, 'SPL': 0.04465559946384651, 'PGE': 0.04176227925962235, 'CPS': 0.029802933228069112, 'PCO': 0.02632075512620862, 'ACP': 0.023403576959280966, 'OPL': 0.02105573653868677, 'JSW': 0.018997445029085024, 'MBK': 0.01845955641540617, 'CCC': 0.0093403923984193}"
918,2022-07-08,100738.4428219118,2.9103830456733704e-11,"{'PKO': 0.14095609701081416, 'PKN': 0.10974120617183807, 'KGH': 0.09872316521422282, 'PZU': 0.09340826179559365, 'PEO': 0.08703710130090964, 'DNP': 0.07807409849434566, 'LPP': 0.057762296610867944, 'ALE': 0.05523443701714737, 'CDR': 0.04526506196563586, 'SPL': 0.04465559946384651, 'PGE': 0.04176227925962235, 'CPS': 0.029802933228069112, 'PCO': 0.02632075512620862, 'ACP': 0.023403576959280966, 'OPL': 0.02105573653868677, 'JSW': 0.018997445029085024, 'MBK': 0.01845955641540617, 'CCC': 0.0093403923984193}"
919,2022-07-11,99525.59807787123,2.9103830456733704e-11,"{'PKO': 0.14095609701081416, 'PKN': 0.10974120617183807, 'KGH': 0.09872316521422282, 'PZU': 0.09340826179559365, 'PEO': 0.08703710130090964, 'DNP': 0.07807409849434566, 'LPP': 0.057762296610867944, 'ALE': 0.05523443701714737, 'CDR': 0.04526506196563586, 'SPL': 0.04465559946384651, 'PGE': 0.04176227925962235, 'CPS': 0.029802933228069112, 'PCO': 0.02632075512620862, 'ACP': 0.023403576959280966, 'OPL': 0.02105573653868677, 'JSW': 0.018997445029085024, 'MBK': 0.01845955641540617, 'CCC': 0.0093403923984193}"
920,2022-07-12,96555.69133124333,2.9103830456733704e-11,"{'PKO': 0.14095609701081416, 'PKN': 0.10974120617183807, 'KGH': 0.09872316521422282, 'PZU': 0.09340826179559365, 'PEO': 0.08703710130090964, 'DNP': 0.07807409849434566, 'LPP': 0.057762296610867944, 'ALE': 0.05523443701714737, 'CDR': 0.04526506196563586, 'SPL': 0.04465559946384651, 'PGE': 0.04176227925962235, 'CPS': 0.029802933228069112, 'PCO': 0.02632075512620862, 'ACP': 0.023403576959280966, 'OPL': 0.02105573653868677, 'JSW': 0.018997445029085024, 'MBK': 0.01845955641540617, 'CCC': 0.0093403923984193}"
921,2022-07-13,95784.92370969868,2.9103830456733704e-11,"{'PKO': 0.14095609701081416, 'PKN': 0.10974120617183807, 'KGH': 0.09872316521422282, 'PZU': 0.09340826179559365, 'PEO': 0.08703710130090964, 'DNP': 0.07807409849434566, 'LPP': 0.057762296610867944, 'ALE': 0.05523443701714737, 'CDR': 0.04526506196563586, 'SPL': 0.04465559946384651, 'PGE': 0.04176227925962235, 'CPS': 0.029802933228069112, 'PCO': 0.02632075512620862, 'ACP': 0.023403576959280966, 'OPL': 0.02105573653868677, 'JSW': 0.018997445029085024, 'MBK': 0.01845955641540617, 'CCC': 0.0093403923984193}"
922,2022-07-14,93417.59732525577,2.9103830456733704e-11,"{'PKO': 0.14095609701081416, 'PKN': 0.10974120617183807, 'KGH': 0.09872316521422282, 'PZU': 0.09340826179559365, 'PEO': 0.08703710130090964, 'DNP': 0.07807409849434566, 'LPP': 0.057762296610867944, 'ALE': 0.05523443701714737, 'CDR': 0.04526506196563586, 'SPL': 0.04465559946384651, 'PGE': 0.04176227925962235, 'CPS': 0.029802933228069112, 'PCO': 0.02632075512620862, 'ACP': 0.023403576959280966, 'OPL': 0.02105573653868677, 'JSW': 0.018997445029085024, 'MBK': 0.01845955641540617, 'CCC': 0.0093403923984193}"
923,2022-07-15,93788.53911158789,2.9103830456733704e-11,"{'PKO': 0.14095609701081416, 'PKN': 0.10974120617183807, 'KGH': 0.09872316521422282, 'PZU': 0.09340826179559365, 'PEO': 0.08703710130090964, 'DNP': 0.07807409849434566, 'LPP': 0.057762296610867944, 'ALE': 0.05523443701714737, 'CDR': 0.04526506196563586, 'SPL': 0.04465559946384651, 'PGE': 0.04176227925962235, 'CPS': 0.029802933228069112, 'PCO': 0.02632075512620862, 'ACP': 0.023403576959280966, 'OPL': 0.02105573653868677, 'JSW': 0.018997445029085024, 'MBK': 0.01845955641540617, 'CCC': 0.0093403923984193}"
924,2022-07-18,96480.73163548768,2.9103830456733704e-11,"{'PKO': 0.14095609701081416, 'PKN': 0.10974120617183807, 'KGH': 0.09872316521422282, 'PZU': 0.09340826179559365, 'PEO': 0.08703710130090964, 'DNP': 0.07807409849434566, 'LPP': 0.057762296610867944, 'ALE': 0.05523443701714737, 'CDR': 0.04526506196563586, 'SPL': 0.04465559946384651, 'PGE': 0.04176227925962235, 'CPS': 0.029802933228069112, 'PCO': 0.02632075512620862, 'ACP': 0.023403576959280966, 'OPL': 0.02105573653868677, 'JSW': 0.018997445029085024, 'MBK': 0.01845955641540617, 'CCC': 0.0093403923984193}"
925,2022-07-19,96993.82051947183,2.9103830456733704e-11,"{'PKO': 0.14095609701081416, 'PKN': 0.10974120617183807, 'KGH': 0.09872316521422282, 'PZU': 0.09340826179559365, 'PEO': 0.08703710130090964, 'DNP': 0.07807409849434566, 'LPP': 0.057762296610867944, 'ALE': 0.05523443701714737, 'CDR': 0.04526506196563586, 'SPL': 0.04465559946384651, 'PGE': 0.04176227925962235, 'CPS': 0.029802933228069112, 'PCO': 0.02632075512620862, 'ACP': 0.023403576959280966, 'OPL': 0.02105573653868677, 'JSW': 0.018997445029085024, 'MBK': 0.01845955641540617, 'CCC': 0.0093403923984193}"
926,2022-07-20,97996.51546000269,2.9103830456733704e-11,"{'PKO': 0.14095609701081416, 'PKN': 0.10974120617183807, 'KGH': 0.09872316521422282, 'PZU': 0.09340826179559365, 'PEO': 0.08703710130090964, 'DNP': 0.07807409849434566, 'LPP': 0.057762296610867944, 'ALE': 0.05523443701714737, 'CDR': 0.04526506196563586, 'SPL': 0.04465559946384651, 'PGE': 0.04176227925962235, 'CPS': 0.029802933228069112, 'PCO': 0.02632075512620862, 'ACP': 0.023403576959280966, 'OPL': 0.02105573653868677, 'JSW': 0.018997445029085024, 'MBK': 0.01845955641540617, 'CCC': 0.0093403923984193}"
927,2022-07-21,97319.19511948829,2.9103830456733704e-11,"{'PKO': 0.14095609701081416, 'PKN': 0.10974120617183807, 'KGH': 0.09872316521422282, 'PZU': 0.09340826179559365, 'PEO': 0.08703710130090964, 'DNP': 0.07807409849434566, 'LPP': 0.057762296610867944, 'ALE': 0.05523443701714737, 'CDR': 0.04526506196563586, 'SPL': 0.04465559946384651, 'PGE': 0.04176227925962235, 'CPS': 0.029802933228069112, 'PCO': 0.02632075512620862, 'ACP': 0.023403576959280966, 'OPL': 0.02105573653868677, 'JSW': 0.018997445029085024, 'MBK': 0.01845955641540617, 'CCC': 0.0093403923984193}"
928,2022-07-22,98283.35078375101,2.9103830456733704e-11,"{'PKO': 0.14095609701081416, 'PKN': 0.10974120617183807, 'KGH': 0.09872316521422282, 'PZU': 0.09340826179559365, 'PEO': 0.08703710130090964, 'DNP': 0.07807409849434566, 'LPP': 0.057762296610867944, 'ALE': 0.05523443701714737, 'CDR': 0.04526506196563586, 'SPL': 0.04465559946384651, 'PGE': 0.04176227925962235, 'CPS': 0.029802933228069112, 'PCO': 0.02632075512620862, 'ACP': 0.023403576959280966, 'OPL': 0.02105573653868677, 'JSW': 0.018997445029085024, 'MBK': 0.01845955641540617, 'CCC': 0.0093403923984193}"
929,2022-07-25,97145.84873563703,2.9103830456733704e-11,"{'PKO': 0.14095609701081416, 'PKN': 0.10974120617183807, 'KGH': 0.09872316521422282, 'PZU': 0.09340826179559365, 'PEO': 0.08703710130090964, 'DNP': 0.07807409849434566, 'LPP': 0.057762296610867944, 'ALE': 0.05523443701714737, 'CDR': 0.04526506196563586, 'SPL': 0.04465559946384651, 'PGE': 0.04176227925962235, 'CPS': 0.029802933228069112, 'PCO': 0.02632075512620862, 'ACP': 0.023403576959280966, 'OPL': 0.02105573653868677, 'JSW': 0.018997445029085024, 'MBK': 0.01845955641540617, 'CCC': 0.0093403923984193}"
930,2022-07-26,95614.2037662989,2.9103830456733704e-11,"{'PKO': 0.14095609701081416, 'PKN': 0.10974120617183807, 'KGH': 0.09872316521422282, 'PZU': 0.09340826179559365, 'PEO': 0.08703710130090964, 'DNP': 0.07807409849434566, 'LPP': 0.057762296610867944, 'ALE': 0.05523443701714737, 'CDR': 0.04526506196563586, 'SPL': 0.04465559946384651, 'PGE': 0.04176227925962235, 'CPS': 0.029802933228069112, 'PCO': 0.02632075512620862, 'ACP': 0.023403576959280966, 'OPL': 0.02105573653868677, 'JSW': 0.018997445029085024, 'MBK': 0.01845955641540617, 'CCC': 0.0093403923984193}"
931,2022-07-27,95355.45660395648,2.9103830456733704e-11,"{'PKO': 0.14095609701081416, 'PKN': 0.10974120617183807, 'KGH': 0.09872316521422282, 'PZU': 0.09340826179559365, 'PEO': 0.08703710130090964, 'DNP': 0.07807409849434566, 'LPP': 0.057762296610867944, 'ALE': 0.05523443701714737, 'CDR': 0.04526506196563586, 'SPL': 0.04465559946384651, 'PGE': 0.04176227925962235, 'CPS': 0.029802933228069112, 'PCO': 0.02632075512620862, 'ACP': 0.023403576959280966, 'OPL': 0.02105573653868677, 'JSW': 0.018997445029085024, 'MBK': 0.01845955641540617, 'CCC': 0.0093403923984193}"
932,2022-07-28,96425.8129594501,2.9103830456733704e-11,"{'PKO': 0.14095609701081416, 'PKN': 0.10974120617183807, 'KGH': 0.09872316521422282, 'PZU': 0.09340826179559365, 'PEO': 0.08703710130090964, 'DNP': 0.07807409849434566, 'LPP': 0.057762296610867944, 'ALE': 0.05523443701714737, 'CDR': 0.04526506196563586, 'SPL': 0.04465559946384651, 'PGE': 0.04176227925962235, 'CPS': 0.029802933228069112, 'PCO': 0.02632075512620862, 'ACP': 0.023403576959280966, 'OPL': 0.02105573653868677, 'JSW': 0.018997445029085024, 'MBK': 0.01845955641540617, 'CCC': 0.0093403923984193}"
933,2022-07-29,99042.25836887026,2.9103830456733704e-11,"{'PKO': 0.14095609701081416, 'PKN': 0.10974120617183807, 'KGH': 0.09872316521422282, 'PZU': 0.09340826179559365, 'PEO': 0.08703710130090964, 'DNP': 0.07807409849434566, 'LPP': 0.057762296610867944, 'ALE': 0.05523443701714737, 'CDR': 0.04526506196563586, 'SPL': 0.04465559946384651, 'PGE': 0.04176227925962235, 'CPS': 0.029802933228069112, 'PCO': 0.02632075512620862, 'ACP': 0.023403576959280966, 'OPL': 0.02105573653868677, 'JSW': 0.018997445029085024, 'MBK': 0.01845955641540617, 'CCC': 0.0093403923984193}"
934,2022-08-01,100023.52242496201,2.9103830456733704e-11,"{'PKO': 0.14095609701081416, 'PKN': 0.10974120617183807, 'KGH': 0.09872316521422282, 'PZU': 0.09340826179559365, 'PEO': 0.08703710130090964, 'DNP': 0.07807409849434566, 'LPP': 0.057762296610867944, 'ALE': 0.05523443701714737, 'CDR': 0.04526506196563586, 'SPL': 0.04465559946384651, 'PGE': 0.04176227925962235, 'CPS': 0.029802933228069112, 'PCO': 0.02632075512620862, 'ACP': 0.023403576959280966, 'OPL': 0.02105573653868677, 'JSW': 0.018997445029085024, 'MBK': 0.01845955641540617, 'CCC': 0.0093403923984193}"
935,2022-08-02,98622.30372617388,2.9103830456733704e-11,"{'PKO': 0.14095609701081416, 'PKN': 0.10974120617183807, 'KGH': 0.09872316521422282, 'PZU': 0.09340826179559365, 'PEO': 0.08703710130090964, 'DNP': 0.07807409849434566, 'LPP': 0.057762296610867944, 'ALE': 0.05523443701714737, 'CDR': 0.04526506196563586, 'SPL': 0.04465559946384651, 'PGE': 0.04176227925962235, 'CPS': 0.029802933228069112, 'PCO': 0.02632075512620862, 'ACP': 0.023403576959280966, 'OPL': 0.02105573653868677, 'JSW': 0.018997445029085024, 'MBK': 0.01845955641540617, 'CCC': 0.0093403923984193}"
936,2022-08-03,98000.32090948326,2.9103830456733704e-11,"{'PKO': 0.14095609701081416, 'PKN': 0.10974120617183807, 'KGH': 0.09872316521422282, 'PZU': 0.09340826179559365, 'PEO': 0.08703710130090964, 'DNP': 0.07807409849434566, 'LPP': 0.057762296610867944, 'ALE': 0.05523443701714737, 'CDR': 0.04526506196563586, 'SPL': 0.04465559946384651, 'PGE': 0.04176227925962235, 'CPS': 0.029802933228069112, 'PCO': 0.02632075512620862, 'ACP': 0.023403576959280966, 'OPL': 0.02105573653868677, 'JSW': 0.018997445029085024, 'MBK': 0.01845955641540617, 'CCC': 0.0093403923984193}"
937,2022-08-04,97242.98707507178,2.9103830456733704e-11,"{'PKO': 0.14095609701081416, 'PKN': 0.10974120617183807, 'KGH': 0.09872316521422282, 'PZU': 0.09340826179559365, 'PEO': 0.08703710130090964, 'DNP': 0.07807409849434566, 'LPP': 0.057762296610867944, 'ALE': 0.05523443701714737, 'CDR': 0.04526506196563586, 'SPL': 0.04465559946384651, 'PGE': 0.04176227925962235, 'CPS': 0.029802933228069112, 'PCO': 0.02632075512620862, 'ACP': 0.023403576959280966, 'OPL': 0.02105573653868677, 'JSW': 0.018997445029085024, 'MBK': 0.01845955641540617, 'CCC': 0.0093403923984193}"
938,2022-08-05,96102.92600770482,2.9103830456733704e-11,"{'PKO': 0.14095609701081416, 'PKN': 0.10974120617183807, 'KGH': 0.09872316521422282, 'PZU': 0.09340826179559365, 'PEO': 0.08703710130090964, 'DNP': 0.07807409849434566, 'LPP': 0.057762296610867944, 'ALE': 0.05523443701714737, 'CDR': 0.04526506196563586, 'SPL': 0.04465559946384651, 'PGE': 0.04176227925962235, 'CPS': 0.029802933228069112, 'PCO': 0.02632075512620862, 'ACP': 0.023403576959280966, 'OPL': 0.02105573653868677, 'JSW': 0.018997445029085024, 'MBK': 0.01845955641540617, 'CCC': 0.0093403923984193}"
939,2022-08-08,98723.18684890367,2.9103830456733704e-11,"{'PKO': 0.14095609701081416, 'PKN': 0.10974120617183807, 'KGH': 0.09872316521422282, 'PZU': 0.09340826179559365, 'PEO': 0.08703710130090964, 'DNP': 0.07807409849434566, 'LPP': 0.057762296610867944, 'ALE': 0.05523443701714737, 'CDR': 0.04526506196563586, 'SPL': 0.04465559946384651, 'PGE': 0.04176227925962235, 'CPS': 0.029802933228069112, 'PCO': 0.02632075512620862, 'ACP': 0.023403576959280966, 'OPL': 0.02105573653868677, 'JSW': 0.018997445029085024, 'MBK': 0.01845955641540617, 'CCC': 0.0093403923984193}"
940,2022-08-09,98007.08378499397,2.9103830456733704e-11,"{'PKO': 0.14095609701081416, 'PKN': 0.10974120617183807, 'KGH': 0.09872316521422282, 'PZU': 0.09340826179559365, 'PEO': 0.08703710130090964, 'DNP': 0.07807409849434566, 'LPP': 0.057762296610867944, 'ALE': 0.05523443701714737, 'CDR': 0.04526506196563586, 'SPL': 0.04465559946384651, 'PGE': 0.04176227925962235, 'CPS': 0.029802933228069112, 'PCO': 0.02632075512620862, 'ACP': 0.023403576959280966, 'OPL': 0.02105573653868677, 'JSW': 0.018997445029085024, 'MBK': 0.01845955641540617, 'CCC': 0.0093403923984193}"
941,2022-08-10,98623.71511120642,2.9103830456733704e-11,"{'PKO': 0.14095609701081416, 'PKN': 0.10974120617183807, 'KGH': 0.09872316521422282, 'PZU': 0.09340826179559365, 'PEO': 0.08703710130090964, 'DNP': 0.07807409849434566, 'LPP': 0.057762296610867944, 'ALE': 0.05523443701714737, 'CDR': 0.04526506196563586, 'SPL': 0.04465559946384651, 'PGE': 0.04176227925962235, 'CPS': 0.029802933228069112, 'PCO': 0.02632075512620862, 'ACP': 0.023403576959280966, 'OPL': 0.02105573653868677, 'JSW': 0.018997445029085024, 'MBK': 0.01845955641540617, 'CCC': 0.0093403923984193}"
942,2022-08-11,100471.521186691,2.9103830456733704e-11,"{'PKO': 0.14095609701081416, 'PKN': 0.10974120617183807, 'KGH': 0.09872316521422282, 'PZU': 0.09340826179559365, 'PEO': 0.08703710130090964, 'DNP': 0.07807409849434566, 'LPP': 0.057762296610867944, 'ALE': 0.05523443701714737, 'CDR': 0.04526506196563586, 'SPL': 0.04465559946384651, 'PGE': 0.04176227925962235, 'CPS': 0.029802933228069112, 'PCO': 0.02632075512620862, 'ACP': 0.023403576959280966, 'OPL': 0.02105573653868677, 'JSW': 0.018997445029085024, 'MBK': 0.01845955641540617, 'CCC': 0.0093403923984193}"
943,2022-08-12,101020.1348454334,2.9103830456733704e-11,"{'PKO': 0.14095609701081416, 'PKN': 0.10974120617183807, 'KGH': 0.09872316521422282, 'PZU': 0.09340826179559365, 'PEO': 0.08703710130090964, 'DNP': 0.07807409849434566, 'LPP': 0.057762296610867944, 'ALE': 0.05523443701714737, 'CDR': 0.04526506196563586, 'SPL': 0.04465559946384651, 'PGE': 0.04176227925962235, 'CPS': 0.029802933228069112, 'PCO': 0.02632075512620862, 'ACP': 0.023403576959280966, 'OPL': 0.02105573653868677, 'JSW': 0.018997445029085024, 'MBK': 0.01845955641540617, 'CCC': 0.0093403923984193}"
944,2022-08-15,101020.1348454334,2.9103830456733704e-11,"{'PKO': 0.14095609701081416, 'PKN': 0.10974120617183807, 'KGH': 0.09872316521422282, 'PZU': 0.09340826179559365, 'PEO': 0.08703710130090964, 'DNP': 0.07807409849434566, 'LPP': 0.057762296610867944, 'ALE': 0.05523443701714737, 'CDR': 0.04526506196563586, 'SPL': 0.04465559946384651, 'PGE': 0.04176227925962235, 'CPS': 0.029802933228069112, 'PCO': 0.02632075512620862, 'ACP': 0.023403576959280966, 'OPL': 0.02105573653868677, 'JSW': 0.018997445029085024, 'MBK': 0.01845955641540617, 'CCC': 0.0093403923984193}"
945,2022-08-16,101179.80495844677,2.9103830456733704e-11,"{'PKO': 0.14095609701081416, 'PKN': 0.10974120617183807, 'KGH': 0.09872316521422282, 'PZU': 0.09340826179559365, 'PEO': 0.08703710130090964, 'DNP': 0.07807409849434566, 'LPP': 0.057762296610867944, 'ALE': 0.05523443701714737, 'CDR': 0.04526506196563586, 'SPL': 0.04465559946384651, 'PGE': 0.04176227925962235, 'CPS': 0.029802933228069112, 'PCO': 0.02632075512620862, 'ACP': 0.023403576959280966, 'OPL': 0.02105573653868677, 'JSW': 0.018997445029085024, 'MBK': 0.01845955641540617, 'CCC': 0.0093403923984193}"
946,2022-08-17,98056.71666542265,2.9103830456733704e-11,"{'PKO': 0.14095609701081416, 'PKN': 0.10974120617183807, 'KGH': 0.09872316521422282, 'PZU': 0.09340826179559365, 'PEO': 0.08703710130090964, 'DNP': 0.07807409849434566, 'LPP': 0.057762296610867944, 'ALE': 0.05523443701714737, 'CDR': 0.04526506196563586, 'SPL': 0.04465559946384651, 'PGE': 0.04176227925962235, 'CPS': 0.029802933228069112, 'PCO': 0.02632075512620862, 'ACP': 0.023403576959280966, 'OPL': 0.02105573653868677, 'JSW': 0.018997445029085024, 'MBK': 0.01845955641540617, 'CCC': 0.0093403923984193}"
947,2022-08-18,99049.34157370358,2.9103830456733704e-11,"{'PKO': 0.14095609701081416, 'PKN': 0.10974120617183807, 'KGH': 0.09872316521422282, 'PZU': 0.09340826179559365, 'PEO': 0.08703710130090964, 'DNP': 0.07807409849434566, 'LPP': 0.057762296610867944, 'ALE': 0.05523443701714737, 'CDR': 0.04526506196563586, 'SPL': 0.04465559946384651, 'PGE': 0.04176227925962235, 'CPS': 0.029802933228069112, 'PCO': 0.02632075512620862, 'ACP': 0.023403576959280966, 'OPL': 0.02105573653868677, 'JSW': 0.018997445029085024, 'MBK': 0.01845955641540617, 'CCC': 0.0093403923984193}"
948,2022-08-19,97436.98594888877,2.9103830456733704e-11,"{'PKO': 0.14095609701081416, 'PKN': 0.10974120617183807, 'KGH': 0.09872316521422282, 'PZU': 0.09340826179559365, 'PEO': 0.08703710130090964, 'DNP': 0.07807409849434566, 'LPP': 0.057762296610867944, 'ALE': 0.05523443701714737, 'CDR': 0.04526506196563586, 'SPL': 0.04465559946384651, 'PGE': 0.04176227925962235, 'CPS': 0.029802933228069112, 'PCO': 0.02632075512620862, 'ACP': 0.023403576959280966, 'OPL': 0.02105573653868677, 'JSW': 0.018997445029085024, 'MBK': 0.01845955641540617, 'CCC': 0.0093403923984193}"
949,2022-08-22,95571.81768929434,2.9103830456733704e-11,"{'PKO': 0.14095609701081416, 'PKN': 0.10974120617183807, 'KGH': 0.09872316521422282, 'PZU': 0.09340826179559365, 'PEO': 0.08703710130090964, 'DNP': 0.07807409849434566, 'LPP': 0.057762296610867944, 'ALE': 0.05523443701714737, 'CDR': 0.04526506196563586, 'SPL': 0.04465559946384651, 'PGE': 0.04176227925962235, 'CPS': 0.029802933228069112, 'PCO': 0.02632075512620862, 'ACP': 0.023403576959280966, 'OPL': 0.02105573653868677, 'JSW': 0.018997445029085024, 'MBK': 0.01845955641540617, 'CCC': 0.0093403923984193}"
950,2022-08-23,96247.86045439074,2.9103830456733704e-11,"{'PKO': 0.14095609701081416, 'PKN': 0.10974120617183807, 'KGH': 0.09872316521422282, 'PZU': 0.09340826179559365, 'PEO': 0.08703710130090964, 'DNP': 0.07807409849434566, 'LPP': 0.057762296610867944, 'ALE': 0.05523443701714737, 'CDR': 0.04526506196563586, 'SPL': 0.04465559946384651, 'PGE': 0.04176227925962235, 'CPS': 0.029802933228069112, 'PCO': 0.02632075512620862, 'ACP': 0.023403576959280966, 'OPL': 0.02105573653868677, 'JSW': 0.018997445029085024, 'MBK': 0.01845955641540617, 'CCC': 0.0093403923984193}"
951,2022-08-24,94216.5589284011,2.9103830456733704e-11,"{'PKO': 0.14095609701081416, 'PKN': 0.10974120617183807, 'KGH': 0.09872316521422282, 'PZU': 0.09340826179559365, 'PEO': 0.08703710130090964, 'DNP': 0.07807409849434566, 'LPP': 0.057762296610867944, 'ALE': 0.05523443701714737, 'CDR': 0.04526506196563586, 'SPL': 0.04465559946384651, 'PGE': 0.04176227925962235, 'CPS': 0.029802933228069112, 'PCO': 0.02632075512620862, 'ACP': 0.023403576959280966, 'OPL': 0.02105573653868677, 'JSW': 0.018997445029085024, 'MBK': 0.01845955641540617, 'CCC': 0.0093403923984193}"
952,2022-08-25,95263.22380135521,2.9103830456733704e-11,"{'PKO': 0.14095609701081416, 'PKN': 0.10974120617183807, 'KGH': 0.09872316521422282, 'PZU': 0.09340826179559365, 'PEO': 0.08703710130090964, 'DNP': 0.07807409849434566, 'LPP': 0.057762296610867944, 'ALE': 0.05523443701714737, 'CDR': 0.04526506196563586, 'SPL': 0.04465559946384651, 'PGE': 0.04176227925962235, 'CPS': 0.029802933228069112, 'PCO': 0.02632075512620862, 'ACP': 0.023403576959280966, 'OPL': 0.02105573653868677, 'JSW': 0.018997445029085024, 'MBK': 0.01845955641540617, 'CCC': 0.0093403923984193}"
953,2022-08-26,93689.62043944265,2.9103830456733704e-11,"{'PKO': 0.14095609701081416, 'PKN': 0.10974120617183807, 'KGH': 0.09872316521422282, 'PZU': 0.09340826179559365, 'PEO': 0.08703710130090964, 'DNP': 0.07807409849434566, 'LPP': 0.057762296610867944, 'ALE': 0.05523443701714737, 'CDR': 0.04526506196563586, 'SPL': 0.04465559946384651, 'PGE': 0.04176227925962235, 'CPS': 0.029802933228069112, 'PCO': 0.02632075512620862, 'ACP': 0.023403576959280966, 'OPL': 0.02105573653868677, 'JSW': 0.018997445029085024, 'MBK': 0.01845955641540617, 'CCC': 0.0093403923984193}"
954,2022-08-29,91587.36864354445,2.9103830456733704e-11,"{'PKO': 0.14095609701081416, 'PKN': 0.10974120617183807, 'KGH': 0.09872316521422282, 'PZU': 0.09340826179559365, 'PEO': 0.08703710130090964, 'DNP': 0.07807409849434566, 'LPP': 0.057762296610867944, 'ALE': 0.05523443701714737, 'CDR': 0.04526506196563586, 'SPL': 0.04465559946384651, 'PGE': 0.04176227925962235, 'CPS': 0.029802933228069112, 'PCO': 0.02632075512620862, 'ACP': 0.023403576959280966, 'OPL': 0.02105573653868677, 'JSW': 0.018997445029085024, 'MBK': 0.01845955641540617, 'CCC': 0.0093403923984193}"
955,2022-08-30,89603.96976943608,2.9103830456733704e-11,"{'PKO': 0.14095609701081416, 'PKN': 0.10974120617183807, 'KGH': 0.09872316521422282, 'PZU': 0.09340826179559365, 'PEO': 0.08703710130090964, 'DNP': 0.07807409849434566, 'LPP': 0.057762296610867944, 'ALE': 0.05523443701714737, 'CDR': 0.04526506196563586, 'SPL': 0.04465559946384651, 'PGE': 0.04176227925962235, 'CPS': 0.029802933228069112, 'PCO': 0.02632075512620862, 'ACP': 0.023403576959280966, 'OPL': 0.02105573653868677, 'JSW': 0.018997445029085024, 'MBK': 0.01845955641540617, 'CCC': 0.0093403923984193}"
956,2022-08-31,89223.04009772859,2.9103830456733704e-11,"{'PKO': 0.14095609701081416, 'PKN': 0.10974120617183807, 'KGH': 0.09872316521422282, 'PZU': 0.09340826179559365, 'PEO': 0.08703710130090964, 'DNP': 0.07807409849434566, 'LPP': 0.057762296610867944, 'ALE': 0.05523443701714737, 'CDR': 0.04526506196563586, 'SPL': 0.04465559946384651, 'PGE': 0.04176227925962235, 'CPS': 0.029802933228069112, 'PCO': 0.02632075512620862, 'ACP': 0.023403576959280966, 'OPL': 0.02105573653868677, 'JSW': 0.018997445029085024, 'MBK': 0.01845955641540617, 'CCC': 0.0093403923984193}"
957,2022-09-01,85489.14462424025,2.9103830456733704e-11,"{'PKO': 0.14095609701081416, 'PKN': 0.10974120617183807, 'KGH': 0.09872316521422282, 'PZU': 0.09340826179559365, 'PEO': 0.08703710130090964, 'DNP': 0.07807409849434566, 'LPP': 0.057762296610867944, 'ALE': 0.05523443701714737, 'CDR': 0.04526506196563586, 'SPL': 0.04465559946384651, 'PGE': 0.04176227925962235, 'CPS': 0.029802933228069112, 'PCO': 0.02632075512620862, 'ACP': 0.023403576959280966, 'OPL': 0.02105573653868677, 'JSW': 0.018997445029085024, 'MBK': 0.01845955641540617, 'CCC': 0.0093403923984193}"
958,2022-09-02,87964.43666287283,2.9103830456733704e-11,"{'PKO': 0.14095609701081416, 'PKN': 0.10974120617183807, 'KGH': 0.09872316521422282, 'PZU': 0.09340826179559365, 'PEO': 0.08703710130090964, 'DNP': 0.07807409849434566, 'LPP': 0.057762296610867944, 'ALE': 0.05523443701714737, 'CDR': 0.04526506196563586, 'SPL': 0.04465559946384651, 'PGE': 0.04176227925962235, 'CPS': 0.029802933228069112, 'PCO': 0.02632075512620862, 'ACP': 0.023403576959280966, 'OPL': 0.02105573653868677, 'JSW': 0.018997445029085024, 'MBK': 0.01845955641540617, 'CCC': 0.0093403923984193}"
959,2022-09-05,87049.56613533793,2.9103830456733704e-11,"{'PKO': 0.14095609701081416, 'PKN': 0.10974120617183807, 'KGH': 0.09872316521422282, 'PZU': 0.09340826179559365, 'PEO': 0.08703710130090964, 'DNP': 0.07807409849434566, 'LPP': 0.057762296610867944, 'ALE': 0.05523443701714737, 'CDR': 0.04526506196563586, 'SPL': 0.04465559946384651, 'PGE': 0.04176227925962235, 'CPS': 0.029802933228069112, 'PCO': 0.02632075512620862, 'ACP': 0.023403576959280966, 'OPL': 0.02105573653868677, 'JSW': 0.018997445029085024, 'MBK': 0.01845955641540617, 'CCC': 0.0093403923984193}"
960,2022-09-06,85043.43547206369,2.9103830456733704e-11,"{'PKO': 0.14095609701081416, 'PKN': 0.10974120617183807, 'KGH': 0.09872316521422282, 'PZU': 0.09340826179559365, 'PEO': 0.08703710130090964, 'DNP': 0.07807409849434566, 'LPP': 0.057762296610867944, 'ALE': 0.05523443701714737, 'CDR': 0.04526506196563586, 'SPL': 0.04465559946384651, 'PGE': 0.04176227925962235, 'CPS': 0.029802933228069112, 'PCO': 0.02632075512620862, 'ACP': 0.023403576959280966, 'OPL': 0.02105573653868677, 'JSW': 0.018997445029085024, 'MBK': 0.01845955641540617, 'CCC': 0.0093403923984193}"
961,2022-09-07,85947.50836072332,2.9103830456733704e-11,"{'PKO': 0.14095609701081416, 'PKN': 0.10974120617183807, 'KGH': 0.09872316521422282, 'PZU': 0.09340826179559365, 'PEO': 0.08703710130090964, 'DNP': 0.07807409849434566, 'LPP': 0.057762296610867944, 'ALE': 0.05523443701714737, 'CDR': 0.04526506196563586, 'SPL': 0.04465559946384651, 'PGE': 0.04176227925962235, 'CPS': 0.029802933228069112, 'PCO': 0.02632075512620862, 'ACP': 0.023403576959280966, 'OPL': 0.02105573653868677, 'JSW': 0.018997445029085024, 'MBK': 0.01845955641540617, 'CCC': 0.0093403923984193}"
962,2022-09-08,86733.47270404926,2.9103830456733704e-11,"{'PKO': 0.14095609701081416, 'PKN': 0.10974120617183807, 'KGH': 0.09872316521422282, 'PZU': 0.09340826179559365, 'PEO': 0.08703710130090964, 'DNP': 0.07807409849434566, 'LPP': 0.057762296610867944, 'ALE': 0.05523443701714737, 'CDR': 0.04526506196563586, 'SPL': 0.04465559946384651, 'PGE': 0.04176227925962235, 'CPS': 0.029802933228069112, 'PCO': 0.02632075512620862, 'ACP': 0.023403576959280966, 'OPL': 0.02105573653868677, 'JSW': 0.018997445029085024, 'MBK': 0.01845955641540617, 'CCC': 0.0093403923984193}"
963,2022-09-09,90446.57223350734,2.9103830456733704e-11,"{'PKO': 0.14095609701081416, 'PKN': 0.10974120617183807, 'KGH': 0.09872316521422282, 'PZU': 0.09340826179559365, 'PEO': 0.08703710130090964, 'DNP': 0.07807409849434566, 'LPP': 0.057762296610867944, 'ALE': 0.05523443701714737, 'CDR': 0.04526506196563586, 'SPL': 0.04465559946384651, 'PGE': 0.04176227925962235, 'CPS': 0.029802933228069112, 'PCO': 0.02632075512620862, 'ACP': 0.023403576959280966, 'OPL': 0.02105573653868677, 'JSW': 0.018997445029085024, 'MBK': 0.01845955641540617, 'CCC': 0.0093403923984193}"
964,2022-09-12,92096.489449146,2.9103830456733704e-11,"{'PKO': 0.14095609701081416, 'PKN': 0.10974120617183807, 'KGH': 0.09872316521422282, 'PZU': 0.09340826179559365, 'PEO': 0.08703710130090964, 'DNP': 0.07807409849434566, 'LPP': 0.057762296610867944, 'ALE': 0.05523443701714737, 'CDR': 0.04526506196563586, 'SPL': 0.04465559946384651, 'PGE': 0.04176227925962235, 'CPS': 0.029802933228069112, 'PCO': 0.02632075512620862, 'ACP': 0.023403576959280966, 'OPL': 0.02105573653868677, 'JSW': 0.018997445029085024, 'MBK': 0.01845955641540617, 'CCC': 0.0093403923984193}"
965,2022-09-13,89647.89449318149,2.9103830456733704e-11,"{'PKO': 0.14095609701081416, 'PKN': 0.10974120617183807, 'KGH': 0.09872316521422282, 'PZU': 0.09340826179559365, 'PEO': 0.08703710130090964, 'DNP': 0.07807409849434566, 'LPP': 0.057762296610867944, 'ALE': 0.05523443701714737, 'CDR': 0.04526506196563586, 'SPL': 0.04465559946384651, 'PGE': 0.04176227925962235, 'CPS': 0.029802933228069112, 'PCO': 0.02632075512620862, 'ACP': 0.023403576959280966, 'OPL': 0.02105573653868677, 'JSW': 0.018997445029085024, 'MBK': 0.01845955641540617, 'CCC': 0.0093403923984193}"
966,2022-09-14,90147.69831237802,2.9103830456733704e-11,"{'PKO': 0.14095609701081416, 'PKN': 0.10974120617183807, 'KGH': 0.09872316521422282, 'PZU': 0.09340826179559365, 'PEO': 0.08703710130090964, 'DNP': 0.07807409849434566, 'LPP': 0.057762296610867944, 'ALE': 0.05523443701714737, 'CDR': 0.04526506196563586, 'SPL': 0.04465559946384651, 'PGE': 0.04176227925962235, 'CPS': 0.029802933228069112, 'PCO': 0.02632075512620862, 'ACP': 0.023403576959280966, 'OPL': 0.02105573653868677, 'JSW': 0.018997445029085024, 'MBK': 0.01845955641540617, 'CCC': 0.0093403923984193}"
967,2022-09-15,90933.63785269816,2.9103830456733704e-11,"{'PKO': 0.14095609701081416, 'PKN': 0.10974120617183807, 'KGH': 0.09872316521422282, 'PZU': 0.09340826179559365, 'PEO': 0.08703710130090964, 'DNP': 0.07807409849434566, 'LPP': 0.057762296610867944, 'ALE': 0.05523443701714737, 'CDR': 0.04526506196563586, 'SPL': 0.04465559946384651, 'PGE': 0.04176227925962235, 'CPS': 0.029802933228069112, 'PCO': 0.02632075512620862, 'ACP': 0.023403576959280966, 'OPL': 0.02105573653868677, 'JSW': 0.018997445029085024, 'MBK': 0.01845955641540617, 'CCC': 0.0093403923984193}"
968,2022-09-16,88569.69836655814,1.4551915228366852e-11,"{'PKN': 0.14959143533662267, 'PKO': 0.11525279938546472, 'PZU': 0.09342329071823811, 'DNP': 0.09210959493852537, 'KGH': 0.07539031009551465, 'PEO': 0.06901176311690943, 'ALE': 0.06202543399443711, 'LPP': 0.05507709125595647, 'SPL': 0.04362314130512774, 'PGE': 0.04186521586817881, 'CDR': 0.03409700034187746, 'KTY': 0.030049340092095877, 'CPS': 0.026778290359477815, 'PCO': 0.025141710315835678, 'ACP': 0.023559999493514883, 'OPL': 0.022028937183183005, 'MBK': 0.01730490826288266, 'JSW': 0.015085870331367891, 'CCC': 0.008583867604789661}"
969,2022-09-19,90240.39080669695,1.4551915228366852e-11,"{'PKN': 0.14959143533662267, 'PKO': 0.11525279938546472, 'PZU': 0.09342329071823811, 'DNP': 0.09210959493852537, 'KGH': 0.07539031009551465, 'PEO': 0.06901176311690943, 'ALE': 0.06202543399443711, 'LPP': 0.05507709125595647, 'SPL': 0.04362314130512774, 'PGE': 0.04186521586817881, 'CDR': 0.03409700034187746, 'KTY': 0.030049340092095877, 'CPS': 0.026778290359477815, 'PCO': 0.025141710315835678, 'ACP': 0.023559999493514883, 'OPL': 0.022028937183183005, 'MBK': 0.01730490826288266, 'JSW': 0.015085870331367891, 'CCC': 0.008583867604789661}"
970,2022-09-20,88454.3810772681,1.4551915228366852e-11,"{'PKN': 0.14959143533662267, 'PKO': 0.11525279938546472, 'PZU': 0.09342329071823811, 'DNP': 0.09210959493852537, 'KGH': 0.07539031009551465, 'PEO': 0.06901176311690943, 'ALE': 0.06202543399443711, 'LPP': 0.05507709125595647, 'SPL': 0.04362314130512774, 'PGE': 0.04186521586817881, 'CDR': 0.03409700034187746, 'KTY': 0.030049340092095877, 'CPS': 0.026778290359477815, 'PCO': 0.025141710315835678, 'ACP': 0.023559999493514883, 'OPL': 0.022028937183183005, 'MBK': 0.01730490826288266, 'JSW': 0.015085870331367891, 'CCC': 0.008583867604789661}"
971,2022-09-21,89144.32346641416,1.4551915228366852e-11,"{'PKN': 0.14959143533662267, 'PKO': 0.11525279938546472, 'PZU': 0.09342329071823811, 'DNP': 0.09210959493852537, 'KGH': 0.07539031009551465, 'PEO': 0.06901176311690943, 'ALE': 0.06202543399443711, 'LPP': 0.05507709125595647, 'SPL': 0.04362314130512774, 'PGE': 0.04186521586817881, 'CDR': 0.03409700034187746, 'KTY': 0.030049340092095877, 'CPS': 0.026778290359477815, 'PCO': 0.025141710315835678, 'ACP': 0.023559999493514883, 'OPL': 0.022028937183183005, 'MBK': 0.01730490826288266, 'JSW': 0.015085870331367891, 'CCC': 0.008583867604789661}"
972,2022-09-22,89689.1402098186,1.4551915228366852e-11,"{'PKN': 0.14959143533662267, 'PKO': 0.11525279938546472, 'PZU': 0.09342329071823811, 'DNP': 0.09210959493852537, 'KGH': 0.07539031009551465, 'PEO': 0.06901176311690943, 'ALE': 0.06202543399443711, 'LPP': 0.05507709125595647, 'SPL': 0.04362314130512774, 'PGE': 0.04186521586817881, 'CDR': 0.03409700034187746, 'KTY': 0.030049340092095877, 'CPS': 0.026778290359477815, 'PCO': 0.025141710315835678, 'ACP': 0.023559999493514883, 'OPL': 0.022028937183183005, 'MBK': 0.01730490826288266, 'JSW': 0.015085870331367891, 'CCC': 0.008583867604789661}"
973,2022-09-23,86186.4336448538,1.4551915228366852e-11,"{'PKN': 0.14959143533662267, 'PKO': 0.11525279938546472, 'PZU': 0.09342329071823811, 'DNP': 0.09210959493852537, 'KGH': 0.07539031009551465, 'PEO': 0.06901176311690943, 'ALE': 0.06202543399443711, 'LPP': 0.05507709125595647, 'SPL': 0.04362314130512774, 'PGE': 0.04186521586817881, 'CDR': 0.03409700034187746, 'KTY': 0.030049340092095877, 'CPS': 0.026778290359477815, 'PCO': 0.025141710315835678, 'ACP': 0.023559999493514883, 'OPL': 0.022028937183183005, 'MBK': 0.01730490826288266, 'JSW': 0.015085870331367891, 'CCC': 0.008583867604789661}"
974,2022-09-26,84690.00705965927,1.4551915228366852e-11,"{'PKN': 0.14959143533662267, 'PKO': 0.11525279938546472, 'PZU': 0.09342329071823811, 'DNP': 0.09210959493852537, 'KGH': 0.07539031009551465, 'PEO': 0.06901176311690943, 'ALE': 0.06202543399443711, 'LPP': 0.05507709125595647, 'SPL': 0.04362314130512774, 'PGE': 0.04186521586817881, 'CDR': 0.03409700034187746, 'KTY': 0.030049340092095877, 'CPS': 0.026778290359477815, 'PCO': 0.025141710315835678, 'ACP': 0.023559999493514883, 'OPL': 0.022028937183183005, 'MBK': 0.01730490826288266, 'JSW': 0.015085870331367891, 'CCC': 0.008583867604789661}"
975,2022-09-27,86197.49659678999,1.4551915228366852e-11,"{'PKN': 0.14959143533662267, 'PKO': 0.11525279938546472, 'PZU': 0.09342329071823811, 'DNP': 0.09210959493852537, 'KGH': 0.07539031009551465, 'PEO': 0.06901176311690943, 'ALE': 0.06202543399443711, 'LPP': 0.05507709125595647, 'SPL': 0.04362314130512774, 'PGE': 0.04186521586817881, 'CDR': 0.03409700034187746, 'KTY': 0.030049340092095877, 'CPS': 0.026778290359477815, 'PCO': 0.025141710315835678, 'ACP': 0.023559999493514883, 'OPL': 0.022028937183183005, 'MBK': 0.01730490826288266, 'JSW': 0.015085870331367891, 'CCC': 0.008583867604789661}"
976,2022-09-28,85319.82981946725,1.4551915228366852e-11,"{'PKN': 0.14959143533662267, 'PKO': 0.11525279938546472, 'PZU': 0.09342329071823811, 'DNP': 0.09210959493852537, 'KGH': 0.07539031009551465, 'PEO': 0.06901176311690943, 'ALE': 0.06202543399443711, 'LPP': 0.05507709125595647, 'SPL': 0.04362314130512774, 'PGE': 0.04186521586817881, 'CDR': 0.03409700034187746, 'KTY': 0.030049340092095877, 'CPS': 0.026778290359477815, 'PCO': 0.025141710315835678, 'ACP': 0.023559999493514883, 'OPL': 0.022028937183183005, 'MBK': 0.01730490826288266, 'JSW': 0.015085870331367891, 'CCC': 0.008583867604789661}"
977,2022-09-29,82020.21798251476,1.4551915228366852e-11,"{'PKN': 0.14959143533662267, 'PKO': 0.11525279938546472, 'PZU': 0.09342329071823811, 'DNP': 0.09210959493852537, 'KGH': 0.07539031009551465, 'PEO': 0.06901176311690943, 'ALE': 0.06202543399443711, 'LPP': 0.05507709125595647, 'SPL': 0.04362314130512774, 'PGE': 0.04186521586817881, 'CDR': 0.03409700034187746, 'KTY': 0.030049340092095877, 'CPS': 0.026778290359477815, 'PCO': 0.025141710315835678, 'ACP': 0.023559999493514883, 'OPL': 0.022028937183183005, 'MBK': 0.01730490826288266, 'JSW': 0.015085870331367891, 'CCC': 0.008583867604789661}"
978,2022-09-30,81877.86904918712,1.4551915228366852e-11,"{'PKN': 0.14959143533662267, 'PKO': 0.11525279938546472, 'PZU': 0.09342329071823811, 'DNP': 0.09210959493852537, 'KGH': 0.07539031009551465, 'PEO': 0.06901176311690943, 'ALE': 0.06202543399443711, 'LPP': 0.05507709125595647, 'SPL': 0.04362314130512774, 'PGE': 0.04186521586817881, 'CDR': 0.03409700034187746, 'KTY': 0.030049340092095877, 'CPS': 0.026778290359477815, 'PCO': 0.025141710315835678, 'ACP': 0.023559999493514883, 'OPL': 0.022028937183183005, 'MBK': 0.01730490826288266, 'JSW': 0.015085870331367891, 'CCC': 0.008583867604789661}"
979,2022-10-03,82473.68798439235,1.4551915228366852e-11,"{'PKN': 0.14959143533662267, 'PKO': 0.11525279938546472, 'PZU': 0.09342329071823811, 'DNP': 0.09210959493852537, 'KGH': 0.07539031009551465, 'PEO': 0.06901176311690943, 'ALE': 0.06202543399443711, 'LPP': 0.05507709125595647, 'SPL': 0.04362314130512774, 'PGE': 0.04186521586817881, 'CDR': 0.03409700034187746, 'KTY': 0.030049340092095877, 'CPS': 0.026778290359477815, 'PCO': 0.025141710315835678, 'ACP': 0.023559999493514883, 'OPL': 0.022028937183183005, 'MBK': 0.01730490826288266, 'JSW': 0.015085870331367891, 'CCC': 0.008583867604789661}"
980,2022-10-04,86202.32564955753,1.4551915228366852e-11,"{'PKN': 0.14959143533662267, 'PKO': 0.11525279938546472, 'PZU': 0.09342329071823811, 'DNP': 0.09210959493852537, 'KGH': 0.07539031009551465, 'PEO': 0.06901176311690943, 'ALE': 0.06202543399443711, 'LPP': 0.05507709125595647, 'SPL': 0.04362314130512774, 'PGE': 0.04186521586817881, 'CDR': 0.03409700034187746, 'KTY': 0.030049340092095877, 'CPS': 0.026778290359477815, 'PCO': 0.025141710315835678, 'ACP': 0.023559999493514883, 'OPL': 0.022028937183183005, 'MBK': 0.01730490826288266, 'JSW': 0.015085870331367891, 'CCC': 0.008583867604789661}"
981,2022-10-05,84368.71507723012,1.4551915228366852e-11,"{'PKN': 0.14959143533662267, 'PKO': 0.11525279938546472, 'PZU': 0.09342329071823811, 'DNP': 0.09210959493852537, 'KGH': 0.07539031009551465, 'PEO': 0.06901176311690943, 'ALE': 0.06202543399443711, 'LPP': 0.05507709125595647, 'SPL': 0.04362314130512774, 'PGE': 0.04186521586817881, 'CDR': 0.03409700034187746, 'KTY': 0.030049340092095877, 'CPS': 0.026778290359477815, 'PCO': 0.025141710315835678, 'ACP': 0.023559999493514883, 'OPL': 0.022028937183183005, 'MBK': 0.01730490826288266, 'JSW': 0.015085870331367891, 'CCC': 0.008583867604789661}"
982,2022-10-06,84270.45722266752,1.4551915228366852e-11,"{'PKN': 0.14959143533662267, 'PKO': 0.11525279938546472, 'PZU': 0.09342329071823811, 'DNP': 0.09210959493852537, 'KGH': 0.07539031009551465, 'PEO': 0.06901176311690943, 'ALE': 0.06202543399443711, 'LPP': 0.05507709125595647, 'SPL': 0.04362314130512774, 'PGE': 0.04186521586817881, 'CDR': 0.03409700034187746, 'KTY': 0.030049340092095877, 'CPS': 0.026778290359477815, 'PCO': 0.025141710315835678, 'ACP': 0.023559999493514883, 'OPL': 0.022028937183183005, 'MBK': 0.01730490826288266, 'JSW': 0.015085870331367891, 'CCC': 0.008583867604789661}"
983,2022-10-07,83518.98693885427,1.4551915228366852e-11,"{'PKN': 0.14959143533662267, 'PKO': 0.11525279938546472, 'PZU': 0.09342329071823811, 'DNP': 0.09210959493852537, 'KGH': 0.07539031009551465, 'PEO': 0.06901176311690943, 'ALE': 0.06202543399443711, 'LPP': 0.05507709125595647, 'SPL': 0.04362314130512774, 'PGE': 0.04186521586817881, 'CDR': 0.03409700034187746, 'KTY': 0.030049340092095877, 'CPS': 0.026778290359477815, 'PCO': 0.025141710315835678, 'ACP': 0.023559999493514883, 'OPL': 0.022028937183183005, 'MBK': 0.01730490826288266, 'JSW': 0.015085870331367891, 'CCC': 0.008583867604789661}"
984,2022-10-10,81965.80595016453,1.4551915228366852e-11,"{'PKN': 0.14959143533662267, 'PKO': 0.11525279938546472, 'PZU': 0.09342329071823811, 'DNP': 0.09210959493852537, 'KGH': 0.07539031009551465, 'PEO': 0.06901176311690943, 'ALE': 0.06202543399443711, 'LPP': 0.05507709125595647, 'SPL': 0.04362314130512774, 'PGE': 0.04186521586817881, 'CDR': 0.03409700034187746, 'KTY': 0.030049340092095877, 'CPS': 0.026778290359477815, 'PCO': 0.025141710315835678, 'ACP': 0.023559999493514883, 'OPL': 0.022028937183183005, 'MBK': 0.01730490826288266, 'JSW': 0.015085870331367891, 'CCC': 0.008583867604789661}"
985,2022-10-11,82102.28658065468,1.4551915228366852e-11,"{'PKN': 0.14959143533662267, 'PKO': 0.11525279938546472, 'PZU': 0.09342329071823811, 'DNP': 0.09210959493852537, 'KGH': 0.07539031009551465, 'PEO': 0.06901176311690943, 'ALE': 0.06202543399443711, 'LPP': 0.05507709125595647, 'SPL': 0.04362314130512774, 'PGE': 0.04186521586817881, 'CDR': 0.03409700034187746, 'KTY': 0.030049340092095877, 'CPS': 0.026778290359477815, 'PCO': 0.025141710315835678, 'ACP': 0.023559999493514883, 'OPL': 0.022028937183183005, 'MBK': 0.01730490826288266, 'JSW': 0.015085870331367891, 'CCC': 0.008583867604789661}"
986,2022-10-12,81870.6062448739,1.4551915228366852e-11,"{'PKN': 0.14959143533662267, 'PKO': 0.11525279938546472, 'PZU': 0.09342329071823811, 'DNP': 0.09210959493852537, 'KGH': 0.07539031009551465, 'PEO': 0.06901176311690943, 'ALE': 0.06202543399443711, 'LPP': 0.05507709125595647, 'SPL': 0.04362314130512774, 'PGE': 0.04186521586817881, 'CDR': 0.03409700034187746, 'KTY': 0.030049340092095877, 'CPS': 0.026778290359477815, 'PCO': 0.025141710315835678, 'ACP': 0.023559999493514883, 'OPL': 0.022028937183183005, 'MBK': 0.01730490826288266, 'JSW': 0.015085870331367891, 'CCC': 0.008583867604789661}"
987,2022-10-13,80694.58745654799,1.4551915228366852e-11,"{'PKN': 0.14959143533662267, 'PKO': 0.11525279938546472, 'PZU': 0.09342329071823811, 'DNP': 0.09210959493852537, 'KGH': 0.07539031009551465, 'PEO': 0.06901176311690943, 'ALE': 0.06202543399443711, 'LPP': 0.05507709125595647, 'SPL': 0.04362314130512774, 'PGE': 0.04186521586817881, 'CDR': 0.03409700034187746, 'KTY': 0.030049340092095877, 'CPS': 0.026778290359477815, 'PCO': 0.025141710315835678, 'ACP': 0.023559999493514883, 'OPL': 0.022028937183183005, 'MBK': 0.01730490826288266, 'JSW': 0.015085870331367891, 'CCC': 0.008583867604789661}"
988,2022-10-14,83003.28619452217,-1.4551915228366852e-11,"{'PKN': 0.15036990256087415, 'DNP': 0.08316351043557095, 'LPP': 0.05609121734252988, 'PGE': 0.035778489026989935, 'CDR': 0.046626120114635114, 'KTY': 0.03011551043708434, 'PCO': 0.02416212557091938, 'ACP': 0.022112342113455308, 'JSW': 0.0163392725050392, 'SFG': 0.11716035833467199, 'NTU': 0.09461428824192555, 'FFI': 0.08010243486271902, 'PBF': 0.07271118655840617, 'IZB': 0.051969627074262774, 'EQU': 0.04536984402730836, 'BST': 0.026817705621648782, 'PBG': 0.023010245433345938, 'SKL': 0.013819707888132129, 'FMG': 0.009666111850481007}"
989,2022-10-17,82337.69247260947,-1.4551915228366852e-11,"{'PKN': 0.15036990256087415, 'DNP': 0.08316351043557095, 'LPP': 0.05609121734252988, 'PGE': 0.035778489026989935, 'CDR': 0.046626120114635114, 'KTY': 0.03011551043708434, 'PCO': 0.02416212557091938, 'ACP': 0.022112342113455308, 'JSW': 0.0163392725050392, 'SFG': 0.11716035833467199, 'NTU': 0.09461428824192555, 'FFI': 0.08010243486271902, 'PBF': 0.07271118655840617, 'IZB': 0.051969627074262774, 'EQU': 0.04536984402730836, 'BST': 0.026817705621648782, 'PBG': 0.023010245433345938, 'SKL': 0.013819707888132129, 'FMG': 0.009666111850481007}"
990,2022-10-18,83848.5989579994,-1.4551915228366852e-11,"{'PKN': 0.15036990256087415, 'DNP': 0.08316351043557095, 'LPP': 0.05609121734252988, 'PGE': 0.035778489026989935, 'CDR': 0.046626120114635114, 'KTY': 0.03011551043708434, 'PCO': 0.02416212557091938, 'ACP': 0.022112342113455308, 'JSW': 0.0163392725050392, 'SFG': 0.11716035833467199, 'NTU': 0.09461428824192555, 'FFI': 0.08010243486271902, 'PBF': 0.07271118655840617, 'IZB': 0.051969627074262774, 'EQU': 0.04536984402730836, 'BST': 0.026817705621648782, 'PBG': 0.023010245433345938, 'SKL': 0.013819707888132129, 'FMG': 0.009666111850481007}"
991,2022-10-19,81089.9157697467,-1.4551915228366852e-11,"{'PKN': 0.15036990256087415, 'DNP': 0.08316351043557095, 'LPP': 0.05609121734252988, 'PGE': 0.035778489026989935, 'CDR': 0.046626120114635114, 'KTY': 0.03011551043708434, 'PCO': 0.02416212557091938, 'ACP': 0.022112342113455308, 'JSW': 0.0163392725050392, 'SFG': 0.11716035833467199, 'NTU': 0.09461428824192555, 'FFI': 0.08010243486271902, 'PBF': 0.07271118655840617, 'IZB': 0.051969627074262774, 'EQU': 0.04536984402730836, 'BST': 0.026817705621648782, 'PBG': 0.023010245433345938, 'SKL': 0.013819707888132129, 'FMG': 0.009666111850481007}"
992,2022-10-20,81710.28308271639,-1.4551915228366852e-11,"{'PKN': 0.15036990256087415, 'DNP': 0.08316351043557095, 'LPP': 0.05609121734252988, 'PGE': 0.035778489026989935, 'CDR': 0.046626120114635114, 'KTY': 0.03011551043708434, 'PCO': 0.02416212557091938, 'ACP': 0.022112342113455308, 'JSW': 0.0163392725050392, 'SFG': 0.11716035833467199, 'NTU': 0.09461428824192555, 'FFI': 0.08010243486271902, 'PBF': 0.07271118655840617, 'IZB': 0.051969627074262774, 'EQU': 0.04536984402730836, 'BST': 0.026817705621648782, 'PBG': 0.023010245433345938, 'SKL': 0.013819707888132129, 'FMG': 0.009666111850481007}"
993,2022-10-21,81262.63982230877,-1.4551915228366852e-11,"{'PKN': 0.15036990256087415, 'DNP': 0.08316351043557095, 'LPP': 0.05609121734252988, 'PGE': 0.035778489026989935, 'CDR': 0.046626120114635114, 'KTY': 0.03011551043708434, 'PCO': 0.02416212557091938, 'ACP': 0.022112342113455308, 'JSW': 0.0163392725050392, 'SFG': 0.11716035833467199, 'NTU': 0.09461428824192555, 'FFI': 0.08010243486271902, 'PBF': 0.07271118655840617, 'IZB': 0.051969627074262774, 'EQU': 0.04536984402730836, 'BST': 0.026817705621648782, 'PBG': 0.023010245433345938, 'SKL': 0.013819707888132129, 'FMG': 0.009666111850481007}"
994,2022-10-24,82189.08491470288,-1.4551915228366852e-11,"{'PKN': 0.15036990256087415, 'DNP': 0.08316351043557095, 'LPP': 0.05609121734252988, 'PGE': 0.035778489026989935, 'CDR': 0.046626120114635114, 'KTY': 0.03011551043708434, 'PCO': 0.02416212557091938, 'ACP': 0.022112342113455308, 'JSW': 0.0163392725050392, 'SFG': 0.11716035833467199, 'NTU': 0.09461428824192555, 'FFI': 0.08010243486271902, 'PBF': 0.07271118655840617, 'IZB': 0.051969627074262774, 'EQU': 0.04536984402730836, 'BST': 0.026817705621648782, 'PBG': 0.023010245433345938, 'SKL': 0.013819707888132129, 'FMG': 0.009666111850481007}"
995,2022-10-25,83111.23340793826,-1.4551915228366852e-11,"{'PKN': 0.15036990256087415, 'DNP': 0.08316351043557095, 'LPP': 0.05609121734252988, 'PGE': 0.035778489026989935, 'CDR': 0.046626120114635114, 'KTY': 0.03011551043708434, 'PCO': 0.02416212557091938, 'ACP': 0.022112342113455308, 'JSW': 0.0163392725050392, 'SFG': 0.11716035833467199, 'NTU': 0.09461428824192555, 'FFI': 0.08010243486271902, 'PBF': 0.07271118655840617, 'IZB': 0.051969627074262774, 'EQU': 0.04536984402730836, 'BST': 0.026817705621648782, 'PBG': 0.023010245433345938, 'SKL': 0.013819707888132129, 'FMG': 0.009666111850481007}"
996,2022-10-26,84971.75622265287,-1.4551915228366852e-11,"{'PKN': 0.15036990256087415, 'DNP': 0.08316351043557095, 'LPP': 0.05609121734252988, 'PGE': 0.035778489026989935, 'CDR': 0.046626120114635114, 'KTY': 0.03011551043708434, 'PCO': 0.02416212557091938, 'ACP': 0.022112342113455308, 'JSW': 0.0163392725050392, 'SFG': 0.11716035833467199, 'NTU': 0.09461428824192555, 'FFI': 0.08010243486271902, 'PBF': 0.07271118655840617, 'IZB': 0.051969627074262774, 'EQU': 0.04536984402730836, 'BST': 0.026817705621648782, 'PBG': 0.023010245433345938, 'SKL': 0.013819707888132129, 'FMG': 0.009666111850481007}"
997,2022-10-27,84982.97955987246,-1.4551915228366852e-11,"{'PKN': 0.15036990256087415, 'DNP': 0.08316351043557095, 'LPP': 0.05609121734252988, 'PGE': 0.035778489026989935, 'CDR': 0.046626120114635114, 'KTY': 0.03011551043708434, 'PCO': 0.02416212557091938, 'ACP': 0.022112342113455308, 'JSW': 0.0163392725050392, 'SFG': 0.11716035833467199, 'NTU': 0.09461428824192555, 'FFI': 0.08010243486271902, 'PBF': 0.07271118655840617, 'IZB': 0.051969627074262774, 'EQU': 0.04536984402730836, 'BST': 0.026817705621648782, 'PBG': 0.023010245433345938, 'SKL': 0.013819707888132129, 'FMG': 0.009666111850481007}"
998,2022-10-28,85083.05623568874,-1.4551915228366852e-11,"{'PKN': 0.15036990256087415, 'DNP': 0.08316351043557095, 'LPP': 0.05609121734252988, 'PGE': 0.035778489026989935, 'CDR': 0.046626120114635114, 'KTY': 0.03011551043708434, 'PCO': 0.02416212557091938, 'ACP': 0.022112342113455308, 'JSW': 0.0163392725050392, 'SFG': 0.11716035833467199, 'NTU': 0.09461428824192555, 'FFI': 0.08010243486271902, 'PBF': 0.07271118655840617, 'IZB': 0.051969627074262774, 'EQU': 0.04536984402730836, 'BST': 0.026817705621648782, 'PBG': 0.023010245433345938, 'SKL': 0.013819707888132129, 'FMG': 0.009666111850481007}"
999,2022-10-31,85089.10209310256,-1.4551915228366852e-11,"{'PKN': 0.15036990256087415, 'DNP': 0.08316351043557095, 'LPP': 0.05609121734252988, 'PGE': 0.035778489026989935, 'CDR': 0.046626120114635114, 'KTY': 0.03011551043708434, 'PCO': 0.02416212557091938, 'ACP': 0.022112342113455308, 'JSW': 0.0163392725050392, 'SFG': 0.11716035833467199, 'NTU': 0.09461428824192555, 'FFI': 0.08010243486271902, 'PBF': 0.07271118655840617, 'IZB': 0.051969627074262774, 'EQU': 0.04536984402730836, 'BST': 0.026817705621648782, 'PBG': 0.023010245433345938, 'SKL': 0.013819707888132129, 'FMG': 0.009666111850481007}"
1000,2022-11-01,85089.10209310256,-1.4551915228366852e-11,"{'PKN': 0.15036990256087415, 'DNP': 0.08316351043557095, 'LPP': 0.05609121734252988, 'PGE': 0.035778489026989935, 'CDR': 0.046626120114635114, 'KTY': 0.03011551043708434, 'PCO': 0.02416212557091938, 'ACP': 0.022112342113455308, 'JSW': 0.0163392725050392, 'SFG': 0.11716035833467199, 'NTU': 0.09461428824192555, 'FFI': 0.08010243486271902, 'PBF': 0.07271118655840617, 'IZB': 0.051969627074262774, 'EQU': 0.04536984402730836, 'BST': 0.026817705621648782, 'PBG': 0.023010245433345938, 'SKL': 0.013819707888132129, 'FMG': 0.009666111850481007}"
1001,2022-11-02,86998.50985266632,-1.4551915228366852e-11,"{'PKN': 0.15036990256087415, 'DNP': 0.08316351043557095, 'LPP': 0.05609121734252988, 'PGE': 0.035778489026989935, 'CDR': 0.046626120114635114, 'KTY': 0.03011551043708434, 'PCO': 0.02416212557091938, 'ACP': 0.022112342113455308, 'JSW': 0.0163392725050392, 'SFG': 0.11716035833467199, 'NTU': 0.09461428824192555, 'FFI': 0.08010243486271902, 'PBF': 0.07271118655840617, 'IZB': 0.051969627074262774, 'EQU': 0.04536984402730836, 'BST': 0.026817705621648782, 'PBG': 0.023010245433345938, 'SKL': 0.013819707888132129, 'FMG': 0.009666111850481007}"
1002,2022-11-03,86604.22517360953,-1.4551915228366852e-11,"{'PKN': 0.15036990256087415, 'DNP': 0.08316351043557095, 'LPP': 0.05609121734252988, 'PGE': 0.035778489026989935, 'CDR': 0.046626120114635114, 'KTY': 0.03011551043708434, 'PCO': 0.02416212557091938, 'ACP': 0.022112342113455308, 'JSW': 0.0163392725050392, 'SFG': 0.11716035833467199, 'NTU': 0.09461428824192555, 'FFI': 0.08010243486271902, 'PBF': 0.07271118655840617, 'IZB': 0.051969627074262774, 'EQU': 0.04536984402730836, 'BST': 0.026817705621648782, 'PBG': 0.023010245433345938, 'SKL': 0.013819707888132129, 'FMG': 0.009666111850481007}"
1003,2022-11-04,88114.14750675393,-1.4551915228366852e-11,"{'PKN': 0.15036990256087415, 'DNP': 0.08316351043557095, 'LPP': 0.05609121734252988, 'PGE': 0.035778489026989935, 'CDR': 0.046626120114635114, 'KTY': 0.03011551043708434, 'PCO': 0.02416212557091938, 'ACP': 0.022112342113455308, 'JSW': 0.0163392725050392, 'SFG': 0.11716035833467199, 'NTU': 0.09461428824192555, 'FFI': 0.08010243486271902, 'PBF': 0.07271118655840617, 'IZB': 0.051969627074262774, 'EQU': 0.04536984402730836, 'BST': 0.026817705621648782, 'PBG': 0.023010245433345938, 'SKL': 0.013819707888132129, 'FMG': 0.009666111850481007}"
1004,2022-11-07,88748.57451020577,-1.4551915228366852e-11,"{'PKN': 0.15036990256087415, 'DNP': 0.08316351043557095, 'LPP': 0.05609121734252988, 'PGE': 0.035778489026989935, 'CDR': 0.046626120114635114, 'KTY': 0.03011551043708434, 'PCO': 0.02416212557091938, 'ACP': 0.022112342113455308, 'JSW': 0.0163392725050392, 'SFG': 0.11716035833467199, 'NTU': 0.09461428824192555, 'FFI': 0.08010243486271902, 'PBF': 0.07271118655840617, 'IZB': 0.051969627074262774, 'EQU': 0.04536984402730836, 'BST': 0.026817705621648782, 'PBG': 0.023010245433345938, 'SKL': 0.013819707888132129, 'FMG': 0.009666111850481007}"
1005,2022-11-08,90115.90596656116,-1.4551915228366852e-11,"{'PKN': 0.15036990256087415, 'DNP': 0.08316351043557095, 'LPP': 0.05609121734252988, 'PGE': 0.035778489026989935, 'CDR': 0.046626120114635114, 'KTY': 0.03011551043708434, 'PCO': 0.02416212557091938, 'ACP': 0.022112342113455308, 'JSW': 0.0163392725050392, 'SFG': 0.11716035833467199, 'NTU': 0.09461428824192555, 'FFI': 0.08010243486271902, 'PBF': 0.07271118655840617, 'IZB': 0.051969627074262774, 'EQU': 0.04536984402730836, 'BST': 0.026817705621648782, 'PBG': 0.023010245433345938, 'SKL': 0.013819707888132129, 'FMG': 0.009666111850481007}"
1006,2022-11-09,88875.14632789572,-1.4551915228366852e-11,"{'PKN': 0.15036990256087415, 'DNP': 0.08316351043557095, 'LPP': 0.05609121734252988, 'PGE': 0.035778489026989935, 'CDR': 0.046626120114635114, 'KTY': 0.03011551043708434, 'PCO': 0.02416212557091938, 'ACP': 0.022112342113455308, 'JSW': 0.0163392725050392, 'SFG': 0.11716035833467199, 'NTU': 0.09461428824192555, 'FFI': 0.08010243486271902, 'PBF': 0.07271118655840617, 'IZB': 0.051969627074262774, 'EQU': 0.04536984402730836, 'BST': 0.026817705621648782, 'PBG': 0.023010245433345938, 'SKL': 0.013819707888132129, 'FMG': 0.009666111850481007}"
1007,2022-11-10,90247.12423736842,-1.4551915228366852e-11,"{'PKN': 0.15036990256087415, 'DNP': 0.08316351043557095, 'LPP': 0.05609121734252988, 'PGE': 0.035778489026989935, 'CDR': 0.046626120114635114, 'KTY': 0.03011551043708434, 'PCO': 0.02416212557091938, 'ACP': 0.022112342113455308, 'JSW': 0.0163392725050392, 'SFG': 0.11716035833467199, 'NTU': 0.09461428824192555, 'FFI': 0.08010243486271902, 'PBF': 0.07271118655840617, 'IZB': 0.051969627074262774, 'EQU': 0.04536984402730836, 'BST': 0.026817705621648782, 'PBG': 0.023010245433345938, 'SKL': 0.013819707888132129, 'FMG': 0.009666111850481007}"
1008,2022-11-11,90247.12423736842,-1.4551915228366852e-11,"{'PKN': 0.15036990256087415, 'DNP': 0.08316351043557095, 'LPP': 0.05609121734252988, 'PGE': 0.035778489026989935, 'CDR': 0.046626120114635114, 'KTY': 0.03011551043708434, 'PCO': 0.02416212557091938, 'ACP': 0.022112342113455308, 'JSW': 0.0163392725050392, 'SFG': 0.11716035833467199, 'NTU': 0.09461428824192555, 'FFI': 0.08010243486271902, 'PBF': 0.07271118655840617, 'IZB': 0.051969627074262774, 'EQU': 0.04536984402730836, 'BST': 0.026817705621648782, 'PBG': 0.023010245433345938, 'SKL': 0.013819707888132129, 'FMG': 0.009666111850481007}"
1009,2022-11-14,91168.66141969808,-1.4551915228366852e-11,"{'PKN': 0.15036990256087415, 'DNP': 0.08316351043557095, 'LPP': 0.05609121734252988, 'PGE': 0.035778489026989935, 'CDR': 0.046626120114635114, 'KTY': 0.03011551043708434, 'PCO': 0.02416212557091938, 'ACP': 0.022112342113455308, 'JSW': 0.0163392725050392, 'SFG': 0.11716035833467199, 'NTU': 0.09461428824192555, 'FFI': 0.08010243486271902, 'PBF': 0.07271118655840617, 'IZB': 0.051969627074262774, 'EQU': 0.04536984402730836, 'BST': 0.026817705621648782, 'PBG': 0.023010245433345938, 'SKL': 0.013819707888132129, 'FMG': 0.009666111850481007}"
1010,2022-11-15,91930.6150825706,-1.4551915228366852e-11,"{'PKN': 0.15036990256087415, 'DNP': 0.08316351043557095, 'LPP': 0.05609121734252988, 'PGE': 0.035778489026989935, 'CDR': 0.046626120114635114, 'KTY': 0.03011551043708434, 'PCO': 0.02416212557091938, 'ACP': 0.022112342113455308, 'JSW': 0.0163392725050392, 'SFG': 0.11716035833467199, 'NTU': 0.09461428824192555, 'FFI': 0.08010243486271902, 'PBF': 0.07271118655840617, 'IZB': 0.051969627074262774, 'EQU': 0.04536984402730836, 'BST': 0.026817705621648782, 'PBG': 0.023010245433345938, 'SKL': 0.013819707888132129, 'FMG': 0.009666111850481007}"
1011,2022-11-16,91972.19998246316,-1.4551915228366852e-11,"{'PKN': 0.15036990256087415, 'DNP': 0.08316351043557095, 'LPP': 0.05609121734252988, 'PGE': 0.035778489026989935, 'CDR': 0.046626120114635114, 'KTY': 0.03011551043708434, 'PCO': 0.02416212557091938, 'ACP': 0.022112342113455308, 'JSW': 0.0163392725050392, 'SFG': 0.11716035833467199, 'NTU': 0.09461428824192555, 'FFI': 0.08010243486271902, 'PBF': 0.07271118655840617, 'IZB': 0.051969627074262774, 'EQU': 0.04536984402730836, 'BST': 0.026817705621648782, 'PBG': 0.023010245433345938, 'SKL': 0.013819707888132129, 'FMG': 0.009666111850481007}"
1012,2022-11-17,92077.48159726066,-1.4551915228366852e-11,"{'PKN': 0.15036990256087415, 'DNP': 0.08316351043557095, 'LPP': 0.05609121734252988, 'PGE': 0.035778489026989935, 'CDR': 0.046626120114635114, 'KTY': 0.03011551043708434, 'PCO': 0.02416212557091938, 'ACP': 0.022112342113455308, 'JSW': 0.0163392725050392, 'SFG': 0.11716035833467199, 'NTU': 0.09461428824192555, 'FFI': 0.08010243486271902, 'PBF': 0.07271118655840617, 'IZB': 0.051969627074262774, 'EQU': 0.04536984402730836, 'BST': 0.026817705621648782, 'PBG': 0.023010245433345938, 'SKL': 0.013819707888132129, 'FMG': 0.009666111850481007}"
1013,2022-11-18,91992.34629338127,-1.4551915228366852e-11,"{'PKN': 0.15036990256087415, 'DNP': 0.08316351043557095, 'LPP': 0.05609121734252988, 'PGE': 0.035778489026989935, 'CDR': 0.046626120114635114, 'KTY': 0.03011551043708434, 'PCO': 0.02416212557091938, 'ACP': 0.022112342113455308, 'JSW': 0.0163392725050392, 'SFG': 0.11716035833467199, 'NTU': 0.09461428824192555, 'FFI': 0.08010243486271902, 'PBF': 0.07271118655840617, 'IZB': 0.051969627074262774, 'EQU': 0.04536984402730836, 'BST': 0.026817705621648782, 'PBG': 0.023010245433345938, 'SKL': 0.013819707888132129, 'FMG': 0.009666111850481007}"
1014,2022-11-21,91649.77634348237,-1.4551915228366852e-11,"{'PKN': 0.15036990256087415, 'DNP': 0.08316351043557095, 'LPP': 0.05609121734252988, 'PGE': 0.035778489026989935, 'CDR': 0.046626120114635114, 'KTY': 0.03011551043708434, 'PCO': 0.02416212557091938, 'ACP': 0.022112342113455308, 'JSW': 0.0163392725050392, 'SFG': 0.11716035833467199, 'NTU': 0.09461428824192555, 'FFI': 0.08010243486271902, 'PBF': 0.07271118655840617, 'IZB': 0.051969627074262774, 'EQU': 0.04536984402730836, 'BST': 0.026817705621648782, 'PBG': 0.023010245433345938, 'SKL': 0.013819707888132129, 'FMG': 0.009666111850481007}"
1015,2022-11-22,92514.78681338561,-1.4551915228366852e-11,"{'PKN': 0.15036990256087415, 'DNP': 0.08316351043557095, 'LPP': 0.05609121734252988, 'PGE': 0.035778489026989935, 'CDR': 0.046626120114635114, 'KTY': 0.03011551043708434, 'PCO': 0.02416212557091938, 'ACP': 0.022112342113455308, 'JSW': 0.0163392725050392, 'SFG': 0.11716035833467199, 'NTU': 0.09461428824192555, 'FFI': 0.08010243486271902, 'PBF': 0.07271118655840617, 'IZB': 0.051969627074262774, 'EQU': 0.04536984402730836, 'BST': 0.026817705621648782, 'PBG': 0.023010245433345938, 'SKL': 0.013819707888132129, 'FMG': 0.009666111850481007}"
1016,2022-11-23,92532.0746304884,-1.4551915228366852e-11,"{'PKN': 0.15036990256087415, 'DNP': 0.08316351043557095, 'LPP': 0.05609121734252988, 'PGE': 0.035778489026989935, 'CDR': 0.046626120114635114, 'KTY': 0.03011551043708434, 'PCO': 0.02416212557091938, 'ACP': 0.022112342113455308, 'JSW': 0.0163392725050392, 'SFG': 0.11716035833467199, 'NTU': 0.09461428824192555, 'FFI': 0.08010243486271902, 'PBF': 0.07271118655840617, 'IZB': 0.051969627074262774, 'EQU': 0.04536984402730836, 'BST': 0.026817705621648782, 'PBG': 0.023010245433345938, 'SKL': 0.013819707888132129, 'FMG': 0.009666111850481007}"
1017,2022-11-24,93226.46026059595,-1.4551915228366852e-11,"{'PKN': 0.15036990256087415, 'DNP': 0.08316351043557095, 'LPP': 0.05609121734252988, 'PGE': 0.035778489026989935, 'CDR': 0.046626120114635114, 'KTY': 0.03011551043708434, 'PCO': 0.02416212557091938, 'ACP': 0.022112342113455308, 'JSW': 0.0163392725050392, 'SFG': 0.11716035833467199, 'NTU': 0.09461428824192555, 'FFI': 0.08010243486271902, 'PBF': 0.07271118655840617, 'IZB': 0.051969627074262774, 'EQU': 0.04536984402730836, 'BST': 0.026817705621648782, 'PBG': 0.023010245433345938, 'SKL': 0.013819707888132129, 'FMG': 0.009666111850481007}"
1018,2022-11-25,90279.29700281784,-1.4551915228366852e-11,"{'PKN': 0.15036990256087415, 'DNP': 0.08316351043557095, 'LPP': 0.05609121734252988, 'PGE': 0.035778489026989935, 'CDR': 0.046626120114635114, 'KTY': 0.03011551043708434, 'PCO': 0.02416212557091938, 'ACP': 0.022112342113455308, 'JSW': 0.0163392725050392, 'SFG': 0.11716035833467199, 'NTU': 0.09461428824192555, 'FFI': 0.08010243486271902, 'PBF': 0.07271118655840617, 'IZB': 0.051969627074262774, 'EQU': 0.04536984402730836, 'BST': 0.026817705621648782, 'PBG': 0.023010245433345938, 'SKL': 0.013819707888132129, 'FMG': 0.009666111850481007}"
1019,2022-11-28,91786.33323151384,-1.4551915228366852e-11,"{'PKN': 0.15036990256087415, 'DNP': 0.08316351043557095, 'LPP': 0.05609121734252988, 'PGE': 0.035778489026989935, 'CDR': 0.046626120114635114, 'KTY': 0.03011551043708434, 'PCO': 0.02416212557091938, 'ACP': 0.022112342113455308, 'JSW': 0.0163392725050392, 'SFG': 0.11716035833467199, 'NTU': 0.09461428824192555, 'FFI': 0.08010243486271902, 'PBF': 0.07271118655840617, 'IZB': 0.051969627074262774, 'EQU': 0.04536984402730836, 'BST': 0.026817705621648782, 'PBG': 0.023010245433345938, 'SKL': 0.013819707888132129, 'FMG': 0.009666111850481007}"
1020,2022-11-29,92280.52403492246,-1.4551915228366852e-11,"{'PKN': 0.15036990256087415, 'DNP': 0.08316351043557095, 'LPP': 0.05609121734252988, 'PGE': 0.035778489026989935, 'CDR': 0.046626120114635114, 'KTY': 0.03011551043708434, 'PCO': 0.02416212557091938, 'ACP': 0.022112342113455308, 'JSW': 0.0163392725050392, 'SFG': 0.11716035833467199, 'NTU': 0.09461428824192555, 'FFI': 0.08010243486271902, 'PBF': 0.07271118655840617, 'IZB': 0.051969627074262774, 'EQU': 0.04536984402730836, 'BST': 0.026817705621648782, 'PBG': 0.023010245433345938, 'SKL': 0.013819707888132129, 'FMG': 0.009666111850481007}"
1021,2022-11-30,93193.67123600437,-1.4551915228366852e-11,"{'PKN': 0.15036990256087415, 'DNP': 0.08316351043557095, 'LPP': 0.05609121734252988, 'PGE': 0.035778489026989935, 'CDR': 0.046626120114635114, 'KTY': 0.03011551043708434, 'PCO': 0.02416212557091938, 'ACP': 0.022112342113455308, 'JSW': 0.0163392725050392, 'SFG': 0.11716035833467199, 'NTU': 0.09461428824192555, 'FFI': 0.08010243486271902, 'PBF': 0.07271118655840617, 'IZB': 0.051969627074262774, 'EQU': 0.04536984402730836, 'BST': 0.026817705621648782, 'PBG': 0.023010245433345938, 'SKL': 0.013819707888132129, 'FMG': 0.009666111850481007}"
1022,2022-12-01,95013.39869178824,-1.4551915228366852e-11,"{'PKN': 0.15036990256087415, 'DNP': 0.08316351043557095, 'LPP': 0.05609121734252988, 'PGE': 0.035778489026989935, 'CDR': 0.046626120114635114, 'KTY': 0.03011551043708434, 'PCO': 0.02416212557091938, 'ACP': 0.022112342113455308, 'JSW': 0.0163392725050392, 'SFG': 0.11716035833467199, 'NTU': 0.09461428824192555, 'FFI': 0.08010243486271902, 'PBF': 0.07271118655840617, 'IZB': 0.051969627074262774, 'EQU': 0.04536984402730836, 'BST': 0.026817705621648782, 'PBG': 0.023010245433345938, 'SKL': 0.013819707888132129, 'FMG': 0.009666111850481007}"
1023,2022-12-02,93486.22379100655,-1.4551915228366852e-11,"{'PKN': 0.15036990256087415, 'DNP': 0.08316351043557095, 'LPP': 0.05609121734252988, 'PGE': 0.035778489026989935, 'CDR': 0.046626120114635114, 'KTY': 0.03011551043708434, 'PCO': 0.02416212557091938, 'ACP': 0.022112342113455308, 'JSW': 0.0163392725050392, 'SFG': 0.11716035833467199, 'NTU': 0.09461428824192555, 'FFI': 0.08010243486271902, 'PBF': 0.07271118655840617, 'IZB': 0.051969627074262774, 'EQU': 0.04536984402730836, 'BST': 0.026817705621648782, 'PBG': 0.023010245433345938, 'SKL': 0.013819707888132129, 'FMG': 0.009666111850481007}"
1024,2022-12-05,94460.8830744866,-1.4551915228366852e-11,"{'PKN': 0.15036990256087415, 'DNP': 0.08316351043557095, 'LPP': 0.05609121734252988, 'PGE': 0.035778489026989935, 'CDR': 0.046626120114635114, 'KTY': 0.03011551043708434, 'PCO': 0.02416212557091938, 'ACP': 0.022112342113455308, 'JSW': 0.0163392725050392, 'SFG': 0.11716035833467199, 'NTU': 0.09461428824192555, 'FFI': 0.08010243486271902, 'PBF': 0.07271118655840617, 'IZB': 0.051969627074262774, 'EQU': 0.04536984402730836, 'BST': 0.026817705621648782, 'PBG': 0.023010245433345938, 'SKL': 0.013819707888132129, 'FMG': 0.009666111850481007}"
1025,2022-12-06,95184.04450001547,-1.4551915228366852e-11,"{'PKN': 0.15036990256087415, 'DNP': 0.08316351043557095, 'LPP': 0.05609121734252988, 'PGE': 0.035778489026989935, 'CDR': 0.046626120114635114, 'KTY': 0.03011551043708434, 'PCO': 0.02416212557091938, 'ACP': 0.022112342113455308, 'JSW': 0.0163392725050392, 'SFG': 0.11716035833467199, 'NTU': 0.09461428824192555, 'FFI': 0.08010243486271902, 'PBF': 0.07271118655840617, 'IZB': 0.051969627074262774, 'EQU': 0.04536984402730836, 'BST': 0.026817705621648782, 'PBG': 0.023010245433345938, 'SKL': 0.013819707888132129, 'FMG': 0.009666111850481007}"
1026,2022-12-07,94707.58273143026,-1.4551915228366852e-11,"{'PKN': 0.15036990256087415, 'DNP': 0.08316351043557095, 'LPP': 0.05609121734252988, 'PGE': 0.035778489026989935, 'CDR': 0.046626120114635114, 'KTY': 0.03011551043708434, 'PCO': 0.02416212557091938, 'ACP': 0.022112342113455308, 'JSW': 0.0163392725050392, 'SFG': 0.11716035833467199, 'NTU': 0.09461428824192555, 'FFI': 0.08010243486271902, 'PBF': 0.07271118655840617, 'IZB': 0.051969627074262774, 'EQU': 0.04536984402730836, 'BST': 0.026817705621648782, 'PBG': 0.023010245433345938, 'SKL': 0.013819707888132129, 'FMG': 0.009666111850481007}"
1027,2022-12-08,95061.7342831527,-1.4551915228366852e-11,"{'PKN': 0.15036990256087415, 'DNP': 0.08316351043557095, 'LPP': 0.05609121734252988, 'PGE': 0.035778489026989935, 'CDR': 0.046626120114635114, 'KTY': 0.03011551043708434, 'PCO': 0.02416212557091938, 'ACP': 0.022112342113455308, 'JSW': 0.0163392725050392, 'SFG': 0.11716035833467199, 'NTU': 0.09461428824192555, 'FFI': 0.08010243486271902, 'PBF': 0.07271118655840617, 'IZB': 0.051969627074262774, 'EQU': 0.04536984402730836, 'BST': 0.026817705621648782, 'PBG': 0.023010245433345938, 'SKL': 0.013819707888132129, 'FMG': 0.009666111850481007}"
1028,2022-12-09,96768.05750664495,-1.4551915228366852e-11,"{'PKN': 0.15036990256087415, 'DNP': 0.08316351043557095, 'LPP': 0.05609121734252988, 'PGE': 0.035778489026989935, 'CDR': 0.046626120114635114, 'KTY': 0.03011551043708434, 'PCO': 0.02416212557091938, 'ACP': 0.022112342113455308, 'JSW': 0.0163392725050392, 'SFG': 0.11716035833467199, 'NTU': 0.09461428824192555, 'FFI': 0.08010243486271902, 'PBF': 0.07271118655840617, 'IZB': 0.051969627074262774, 'EQU': 0.04536984402730836, 'BST': 0.026817705621648782, 'PBG': 0.023010245433345938, 'SKL': 0.013819707888132129, 'FMG': 0.009666111850481007}"
1029,2022-12-12,98843.28976370931,-1.4551915228366852e-11,"{'PKN': 0.15036990256087415, 'DNP': 0.08316351043557095, 'LPP': 0.05609121734252988, 'PGE': 0.035778489026989935, 'CDR': 0.046626120114635114, 'KTY': 0.03011551043708434, 'PCO': 0.02416212557091938, 'ACP': 0.022112342113455308, 'JSW': 0.0163392725050392, 'SFG': 0.11716035833467199, 'NTU': 0.09461428824192555, 'FFI': 0.08010243486271902, 'PBF': 0.07271118655840617, 'IZB': 0.051969627074262774, 'EQU': 0.04536984402730836, 'BST': 0.026817705621648782, 'PBG': 0.023010245433345938, 'SKL': 0.013819707888132129, 'FMG': 0.009666111850481007}"
1030,2022-12-13,98229.25236381537,-1.4551915228366852e-11,"{'PKN': 0.15036990256087415, 'DNP': 0.08316351043557095, 'LPP': 0.05609121734252988, 'PGE': 0.035778489026989935, 'CDR': 0.046626120114635114, 'KTY': 0.03011551043708434, 'PCO': 0.02416212557091938, 'ACP': 0.022112342113455308, 'JSW': 0.0163392725050392, 'SFG': 0.11716035833467199, 'NTU': 0.09461428824192555, 'FFI': 0.08010243486271902, 'PBF': 0.07271118655840617, 'IZB': 0.051969627074262774, 'EQU': 0.04536984402730836, 'BST': 0.026817705621648782, 'PBG': 0.023010245433345938, 'SKL': 0.013819707888132129, 'FMG': 0.009666111850481007}"
1031,2022-12-14,97126.15716423199,-1.4551915228366852e-11,"{'PKN': 0.15036990256087415, 'DNP': 0.08316351043557095, 'LPP': 0.05609121734252988, 'PGE': 0.035778489026989935, 'CDR': 0.046626120114635114, 'KTY': 0.03011551043708434, 'PCO': 0.02416212557091938, 'ACP': 0.022112342113455308, 'JSW': 0.0163392725050392, 'SFG': 0.11716035833467199, 'NTU': 0.09461428824192555, 'FFI': 0.08010243486271902, 'PBF': 0.07271118655840617, 'IZB': 0.051969627074262774, 'EQU': 0.04536984402730836, 'BST': 0.026817705621648782, 'PBG': 0.023010245433345938, 'SKL': 0.013819707888132129, 'FMG': 0.009666111850481007}"
1032,2022-12-15,96938.45659222163,-1.4551915228366852e-11,"{'PKN': 0.15036990256087415, 'DNP': 0.08316351043557095, 'LPP': 0.05609121734252988, 'PGE': 0.035778489026989935, 'CDR': 0.046626120114635114, 'KTY': 0.03011551043708434, 'PCO': 0.02416212557091938, 'ACP': 0.022112342113455308, 'JSW': 0.0163392725050392, 'SFG': 0.11716035833467199, 'NTU': 0.09461428824192555, 'FFI': 0.08010243486271902, 'PBF': 0.07271118655840617, 'IZB': 0.051969627074262774, 'EQU': 0.04536984402730836, 'BST': 0.026817705621648782, 'PBG': 0.023010245433345938, 'SKL': 0.013819707888132129, 'FMG': 0.009666111850481007}"
1033,2022-12-16,95260.81187864748,-1.4551915228366852e-11,"{'PKN': 0.15036990256087415, 'DNP': 0.08316351043557095, 'LPP': 0.05609121734252988, 'PGE': 0.035778489026989935, 'CDR': 0.046626120114635114, 'KTY': 0.03011551043708434, 'PCO': 0.02416212557091938, 'ACP': 0.022112342113455308, 'JSW': 0.0163392725050392, 'SFG': 0.11716035833467199, 'NTU': 0.09461428824192555, 'FFI': 0.08010243486271902, 'PBF': 0.07271118655840617, 'IZB': 0.051969627074262774, 'EQU': 0.04536984402730836, 'BST': 0.026817705621648782, 'PBG': 0.023010245433345938, 'SKL': 0.013819707888132129, 'FMG': 0.009666111850481007}"
1034,2022-12-19,96513.1687189306,-1.4551915228366852e-11,"{'PKN': 0.15036990256087415, 'DNP': 0.08316351043557095, 'LPP': 0.05609121734252988, 'PGE': 0.035778489026989935, 'CDR': 0.046626120114635114, 'KTY': 0.03011551043708434, 'PCO': 0.02416212557091938, 'ACP': 0.022112342113455308, 'JSW': 0.0163392725050392, 'SFG': 0.11716035833467199, 'NTU': 0.09461428824192555, 'FFI': 0.08010243486271902, 'PBF': 0.07271118655840617, 'IZB': 0.051969627074262774, 'EQU': 0.04536984402730836, 'BST': 0.026817705621648782, 'PBG': 0.023010245433345938, 'SKL': 0.013819707888132129, 'FMG': 0.009666111850481007}"
1035,2022-12-20,97879.23780630788,-1.4551915228366852e-11,"{'PKN': 0.15036990256087415, 'DNP': 0.08316351043557095, 'LPP': 0.05609121734252988, 'PGE': 0.035778489026989935, 'CDR': 0.046626120114635114, 'KTY': 0.03011551043708434, 'PCO': 0.02416212557091938, 'ACP': 0.022112342113455308, 'JSW': 0.0163392725050392, 'SFG': 0.11716035833467199, 'NTU': 0.09461428824192555, 'FFI': 0.08010243486271902, 'PBF': 0.07271118655840617, 'IZB': 0.051969627074262774, 'EQU': 0.04536984402730836, 'BST': 0.026817705621648782, 'PBG': 0.023010245433345938, 'SKL': 0.013819707888132129, 'FMG': 0.009666111850481007}"
1036,2022-12-21,96693.02577906856,-1.4551915228366852e-11,"{'PKN': 0.15036990256087415, 'DNP': 0.08316351043557095, 'LPP': 0.05609121734252988, 'PGE': 0.035778489026989935, 'CDR': 0.046626120114635114, 'KTY': 0.03011551043708434, 'PCO': 0.02416212557091938, 'ACP': 0.022112342113455308, 'JSW': 0.0163392725050392, 'SFG': 0.11716035833467199, 'NTU': 0.09461428824192555, 'FFI': 0.08010243486271902, 'PBF': 0.07271118655840617, 'IZB': 0.051969627074262774, 'EQU': 0.04536984402730836, 'BST': 0.026817705621648782, 'PBG': 0.023010245433345938, 'SKL': 0.013819707888132129, 'FMG': 0.009666111850481007}"
1037,2022-12-22,96512.63337125821,-1.4551915228366852e-11,"{'PKN': 0.15036990256087415, 'DNP': 0.08316351043557095, 'LPP': 0.05609121734252988, 'PGE': 0.035778489026989935, 'CDR': 0.046626120114635114, 'KTY': 0.03011551043708434, 'PCO': 0.02416212557091938, 'ACP': 0.022112342113455308, 'JSW': 0.0163392725050392, 'SFG': 0.11716035833467199, 'NTU': 0.09461428824192555, 'FFI': 0.08010243486271902, 'PBF': 0.07271118655840617, 'IZB': 0.051969627074262774, 'EQU': 0.04536984402730836, 'BST': 0.026817705621648782, 'PBG': 0.023010245433345938, 'SKL': 0.013819707888132129, 'FMG': 0.009666111850481007}"
1038,2022-12-23,96797.74676426848,-1.4551915228366852e-11,"{'PKN': 0.15036990256087415, 'DNP': 0.08316351043557095, 'LPP': 0.05609121734252988, 'PGE': 0.035778489026989935, 'CDR': 0.046626120114635114, 'KTY': 0.03011551043708434, 'PCO': 0.02416212557091938, 'ACP': 0.022112342113455308, 'JSW': 0.0163392725050392, 'SFG': 0.11716035833467199, 'NTU': 0.09461428824192555, 'FFI': 0.08010243486271902, 'PBF': 0.07271118655840617, 'IZB': 0.051969627074262774, 'EQU': 0.04536984402730836, 'BST': 0.026817705621648782, 'PBG': 0.023010245433345938, 'SKL': 0.013819707888132129, 'FMG': 0.009666111850481007}"
1039,2022-12-26,96797.74676426848,-1.4551915228366852e-11,"{'PKN': 0.15036990256087415, 'DNP': 0.08316351043557095, 'LPP': 0.05609121734252988, 'PGE': 0.035778489026989935, 'CDR': 0.046626120114635114, 'KTY': 0.03011551043708434, 'PCO': 0.02416212557091938, 'ACP': 0.022112342113455308, 'JSW': 0.0163392725050392, 'SFG': 0.11716035833467199, 'NTU': 0.09461428824192555, 'FFI': 0.08010243486271902, 'PBF': 0.07271118655840617, 'IZB': 0.051969627074262774, 'EQU': 0.04536984402730836, 'BST': 0.026817705621648782, 'PBG': 0.023010245433345938, 'SKL': 0.013819707888132129, 'FMG': 0.009666111850481007}"
1040,2022-12-27,95280.64624259192,-1.4551915228366852e-11,"{'PKN': 0.15036990256087415, 'DNP': 0.08316351043557095, 'LPP': 0.05609121734252988, 'PGE': 0.035778489026989935, 'CDR': 0.046626120114635114, 'KTY': 0.03011551043708434, 'PCO': 0.02416212557091938, 'ACP': 0.022112342113455308, 'JSW': 0.0163392725050392, 'SFG': 0.11716035833467199, 'NTU': 0.09461428824192555, 'FFI': 0.08010243486271902, 'PBF': 0.07271118655840617, 'IZB': 0.051969627074262774, 'EQU': 0.04536984402730836, 'BST': 0.026817705621648782, 'PBG': 0.023010245433345938, 'SKL': 0.013819707888132129, 'FMG': 0.009666111850481007}"
1041,2022-12-28,93919.1612865514,-1.4551915228366852e-11,"{'PKN': 0.15036990256087415, 'DNP': 0.08316351043557095, 'LPP': 0.05609121734252988, 'PGE': 0.035778489026989935, 'CDR': 0.046626120114635114, 'KTY': 0.03011551043708434, 'PCO': 0.02416212557091938, 'ACP': 0.022112342113455308, 'JSW': 0.0163392725050392, 'SFG': 0.11716035833467199, 'NTU': 0.09461428824192555, 'FFI': 0.08010243486271902, 'PBF': 0.07271118655840617, 'IZB': 0.051969627074262774, 'EQU': 0.04536984402730836, 'BST': 0.026817705621648782, 'PBG': 0.023010245433345938, 'SKL': 0.013819707888132129, 'FMG': 0.009666111850481007}"
1042,2022-12-29,95329.92939209942,-1.4551915228366852e-11,"{'PKN': 0.15036990256087415, 'DNP': 0.08316351043557095, 'LPP': 0.05609121734252988, 'PGE': 0.035778489026989935, 'CDR': 0.046626120114635114, 'KTY': 0.03011551043708434, 'PCO': 0.02416212557091938, 'ACP': 0.022112342113455308, 'JSW': 0.0163392725050392, 'SFG': 0.11716035833467199, 'NTU': 0.09461428824192555, 'FFI': 0.08010243486271902, 'PBF': 0.07271118655840617, 'IZB': 0.051969627074262774, 'EQU': 0.04536984402730836, 'BST': 0.026817705621648782, 'PBG': 0.023010245433345938, 'SKL': 0.013819707888132129, 'FMG': 0.009666111850481007}"
1043,2022-12-30,95513.9265253473,-1.4551915228366852e-11,"{'PKN': 0.15036990256087415, 'DNP': 0.08316351043557095, 'LPP': 0.05609121734252988, 'PGE': 0.035778489026989935, 'CDR': 0.046626120114635114, 'KTY': 0.03011551043708434, 'PCO': 0.02416212557091938, 'ACP': 0.022112342113455308, 'JSW': 0.0163392725050392, 'SFG': 0.11716035833467199, 'NTU': 0.09461428824192555, 'FFI': 0.08010243486271902, 'PBF': 0.07271118655840617, 'IZB': 0.051969627074262774, 'EQU': 0.04536984402730836, 'BST': 0.026817705621648782, 'PBG': 0.023010245433345938, 'SKL': 0.013819707888132129, 'FMG': 0.009666111850481007}"
